Date,Open,High,Low,Close,Volume,Change
2022-01-03,3672,3846,3654,3824,78329,0.033234261010537614
2022-01-04,3938,3938,3787,3865,56021,0.01072175732217584
2022-01-05,3865,3897,3791,3865,49442,0.0
2022-01-06,3829,3948,3815,3939,69909,0.019146183699870534
2022-01-07,3938,3943,3837,3879,43355,-0.015232292460015229
2022-01-10,3878,3878,3741,3746,70322,-0.03428718741943804
2022-01-11,3745,4350,3691,3833,3288402,0.023224773091297335
2022-01-12,3832,3842,3690,3778,336130,-0.014349073832507164
2022-01-13,3814,4075,3814,3911,365090,0.035203811540497565
2022-01-14,3938,5084,3920,5084,7279115,0.29992329327537703
2022-01-17,4946,4946,4515,4557,2353456,-0.10365853658536583
2022-01-18,4589,4763,4429,4681,1810280,0.027210884353741527
2022-01-19,4506,4671,4451,4598,546492,-0.01773125400555442
2022-01-20,4643,4689,4263,4488,475984,-0.02392344497607657
2022-01-21,4419,4479,4278,4278,419569,-0.046791443850267345
2022-01-24,4236,4369,4104,4356,571948,0.018232819074333717
2022-01-25,4277,4341,4067,4122,415926,-0.05371900826446285
2022-01-26,4121,4259,4021,4163,308839,0.009946627850557999
2022-01-27,4162,4194,3892,3920,322976,-0.05837136680278643
2022-01-28,3938,3952,3759,3911,218499,-0.002295918367346994
2022-02-03,3938,4057,3910,4030,159270,0.03042700076706728
2022-02-04,4030,4191,4012,4159,210039,0.03200992555831261
2022-02-07,4208,4277,4135,4241,251707,0.019716277951430605
2022-02-08,4240,4336,4149,4227,172889,-0.003301108229191274
2022-02-09,4305,4327,4149,4305,153681,0.018452803406671325
2022-02-10,4369,4369,4181,4287,135837,-0.004181184668989535
2022-02-11,4122,4195,4044,4072,300646,-0.05015162118031258
2022-02-14,3915,3993,3773,3778,235036,-0.0722003929273084
2022-02-15,3778,3874,3691,3696,124300,-0.021704605611434613
2022-02-16,3755,3985,3755,3985,114132,0.07819264069264076
2022-02-17,3993,4085,3801,3989,134943,0.0010037641154327925
2022-02-18,3869,4025,3846,3975,69778,-0.0035096515417397667
2022-02-21,3952,4002,3865,3966,43938,-0.0022641509433962703
2022-02-22,3892,3942,3828,3865,99143,-0.025466464952092815
2022-02-23,3865,3906,3810,3829,52312,-0.009314359637774938
2022-02-24,3828,3883,3563,3618,177862,-0.05510577174196918
2022-02-25,3673,3792,3673,3756,48030,0.03814262023217241
2022-02-28,3810,3810,3710,3756,40086,0.0
2022-03-02,3755,3884,3737,3820,79293,0.017039403620873195
2022-03-03,3875,3971,3815,3930,88145,0.028795811518324665
2022-03-04,3929,3934,3819,3870,49094,-0.01526717557251911
2022-03-07,3869,3869,3681,3691,101077,-0.04625322997416026
2022-03-08,3636,4025,3590,3746,434160,0.0149011108100785
2022-03-10,3783,3893,3664,3687,183354,-0.015750133475707417
2022-03-11,3723,3723,3654,3682,63941,-0.0013561160835366959
2022-03-14,3773,3792,3572,3577,137402,-0.028517110266159662
2022-03-15,3577,3604,3517,3577,113195,0.0
2022-03-16,3594,3682,3576,3682,73857,0.02935420743639927
2022-03-17,3719,3833,3696,3797,123124,0.031233025529603387
2022-03-18,3805,3819,3732,3815,33455,0.004740584672109582
2022-03-21,3778,3815,3723,3783,64307,-0.008387942332896414
2022-03-22,3787,3892,3745,3810,82813,0.007137192704202988
2022-03-23,3810,3851,3755,3778,41177,-0.008398950131233596
2022-03-24,3815,3888,3746,3843,82425,0.01720487030174689
2022-03-25,3851,3879,3778,3829,42518,-0.0036429872495445936
2022-03-28,3829,3907,3792,3820,58533,-0.0023504831548707417
2022-03-29,3819,3888,3778,3856,48679,0.009424083769633551
2022-03-30,3855,3906,3823,3888,66838,0.008298755186721962
2022-03-31,3907,3916,3861,3907,36243,0.004886831275720205
2022-04-01,3906,3933,3805,3810,46857,-0.024827233171231144
2022-04-04,3810,3865,3745,3833,58910,0.0060367454068241955
2022-04-05,3832,3865,3800,3865,21749,0.00834855204800422
2022-04-06,3865,3879,3742,3765,80343,-0.02587322121604141
2022-04-07,3764,3837,3672,3682,63658,-0.02204515272244356
2022-04-08,3682,3732,3641,3687,35429,0.0013579576317219733
2022-04-11,3691,3695,3572,3595,120948,-0.024952535937076248
2022-04-12,3595,3599,3475,3563,156754,-0.00890125173852574
2022-04-13,3563,3581,3535,3577,28831,0.003929273084479323
2022-04-14,3581,3627,3563,3563,52751,-0.003913894324853229
2022-04-15,3581,3581,3467,3490,106209,-0.020488352511928154
2022-04-18,3489,3805,3453,3499,114672,0.002578796561604646
2022-04-19,3498,3654,3480,3563,72749,0.018290940268648193
2022-04-20,3594,3594,3498,3549,54378,-0.003929273084479323
2022-04-21,3554,3746,3535,3664,80833,0.03240349394195552
2022-04-22,3664,3710,3577,3623,60801,-0.011189956331877693
2022-04-25,3563,3604,3490,3490,64908,-0.0367099089152636
2022-04-26,3531,3595,3508,3559,15558,0.01977077363896851
2022-04-27,3498,3549,3471,3476,39465,-0.023321157628547362
2022-04-28,3480,3618,3448,3513,37279,0.01064441887226697
2022-04-29,3494,3540,3453,3531,35080,0.005123825789923098
2022-05-02,3517,3563,3489,3563,20403,0.00906258850184094
2022-05-03,3563,3595,3526,3559,49248,-0.0011226494527083464
2022-05-04,3567,3595,3480,3508,27487,-0.014329867940432672
2022-05-06,3507,3507,3425,3430,37860,-0.022234891676168766
2022-05-09,3430,3430,3205,3270,103187,-0.04664723032069973
2022-05-10,3251,3279,3096,3261,46070,-0.0027522935779816793
2022-05-11,3315,3315,3169,3238,32376,-0.007053051211284855
2022-05-12,3237,3237,3018,3018,108393,-0.06794317479925882
2022-05-13,3018,3201,3018,3142,48283,0.04108681245858192
2022-05-16,3238,3238,3141,3174,24205,0.010184595798854224
2022-05-17,3178,3238,3114,3133,28581,-0.012917454316320076
2022-05-18,3160,3196,3031,3041,66269,-0.029364826045323977
2022-05-19,3009,3009,2821,3009,147385,-0.010522854324235498
2022-05-20,3009,3205,3009,3009,80752,0.0
2022-05-23,3068,3109,2949,3009,67518,0.0
2022-05-24,3017,3063,2880,2885,62810,-0.04120970422067127
2022-05-25,2884,2917,2747,2917,108321,0.01109185441941074
2022-05-26,2944,3013,2926,2931,41935,0.004799451491258155
2022-05-27,2958,2972,2894,2904,10325,-0.0092118730808598
2022-05-30,2931,2995,2894,2922,36107,0.006198347107438051
2022-05-31,2930,2944,2843,2908,49312,-0.00479123887748123
2022-06-02,2912,2912,2880,2885,15438,-0.007909215955983484
2022-06-03,2890,2908,2881,2881,14571,-0.001386481802426398
2022-06-07,2889,2912,2843,2853,27008,-0.00971884762235331
2022-06-08,2853,2866,2802,2821,19043,-0.011216263582194186
2022-06-09,2821,2834,2724,2757,45938,-0.02268699042892597
2022-06-10,2756,2784,2706,2784,25932,0.009793253536452662
2022-06-13,2734,2734,2610,2638,66491,-0.052442528735632155
2022-06-14,2519,2661,2514,2565,51061,-0.027672479150871898
2022-06-15,2569,2592,2473,2510,47547,-0.021442495126705707
2022-06-16,2514,2619,2510,2510,38993,0.0
2022-06-17,2463,2751,2381,2729,195356,0.08725099601593622
2022-06-20,2720,2990,2716,2858,384534,0.047270062293880644
2022-06-21,2867,2885,2716,2762,93732,-0.03358992302309305
2022-06-22,2757,2761,2633,2684,90678,-0.02824040550325846
2022-06-23,2692,2751,2513,2555,59936,-0.048062593144560406
2022-06-24,2555,2766,2542,2762,88345,0.08101761252446193
2022-06-27,2766,2954,2702,2794,71126,0.011585807385952274
2022-06-28,2811,2829,2724,2752,50339,-0.015032211882605617
2022-06-29,2761,2839,2683,2835,33068,0.03015988372093026
2022-06-30,2835,2835,2702,2739,45381,-0.033862433862433816
2022-07-01,2780,2835,2679,2748,43793,0.0032858707557503752
2022-07-04,2706,2729,2615,2615,16099,-0.0483988355167394
2022-07-05,2605,2674,2605,2656,15201,0.01567877629063097
2022-07-06,2656,2679,2541,2592,48209,-0.02409638554216864
2022-07-07,2614,2834,2555,2665,82759,0.028163580246913567
2022-07-08,2674,2825,2674,2716,50867,0.019136960600375286
2022-07-11,2715,2784,2701,2734,20916,0.006627393225331346
2022-07-12,2733,2733,2660,2665,30393,-0.025237746891002222
2022-07-13,2665,2848,2665,2734,40624,0.025891181988743073
2022-07-14,2711,2793,2711,2748,21368,0.00512070226773953
2022-07-15,2748,2780,2688,2716,13708,-0.011644832605531286
2022-07-18,2720,2747,2678,2720,10314,0.0014727540500736325
2022-07-19,2775,2775,2647,2702,14101,-0.006617647058823506
2022-07-20,2738,2770,2711,2725,25295,0.00851221317542561
2022-07-21,2739,2858,2739,2794,21631,0.025321100917431227
2022-07-22,2802,2866,2756,2775,40230,-0.006800286327845351
2022-07-25,2774,2962,2747,2839,27889,0.02306306306306305
2022-07-26,2806,2871,2806,2839,11574,0.0
2022-07-27,2834,2852,2793,2839,15416,0.0
2022-07-28,2844,2912,2844,2858,5920,0.006692497358224747
2022-07-29,2949,2949,2835,2849,32366,-0.0031490552834150254
2022-08-01,2848,2907,2839,2885,13626,0.01263601263601255
2022-08-02,2862,2880,2798,2798,12888,-0.03015597920277291
2022-08-03,2797,2852,2797,2830,9812,0.011436740528949274
2022-08-04,2839,2930,2839,2876,9206,0.016254416961130724
2022-08-05,2876,2908,2853,2876,6744,0.0
2022-08-08,2876,2917,2830,2835,10692,-0.014255910987482578
2022-08-09,2853,2885,2702,2771,35807,-0.022574955908289285
2022-08-10,2788,2838,2774,2784,11965,0.00469144713099956
2022-08-11,2784,2834,2779,2821,15295,0.013290229885057459
2022-08-12,2853,2922,2821,2835,65077,0.00496277915632759
2022-08-16,2834,2903,2834,2839,13973,0.001410934744268122
2022-08-17,2866,2930,2816,2885,25212,0.01620288834096506
2022-08-18,2885,3155,2867,2945,136312,0.020797227036395194
2022-08-19,3013,3105,2958,3023,62579,0.026485568760611145
2022-08-22,2990,3050,2963,3023,60544,0.0
2022-08-23,2995,3104,2990,3050,41697,0.00893152497519023
2022-08-24,3049,3109,3022,3027,39693,-0.0075409836065574165
2022-08-25,3027,3169,3027,3096,58120,0.02279484638255691
2022-08-26,3096,3146,3055,3055,46951,-0.013242894056847532
2022-08-29,3022,3045,2889,2899,22400,-0.051063829787234005
2022-08-30,2899,2963,2899,2954,19522,0.018972059330803814
2022-08-31,2953,2962,2926,2940,13473,-0.004739336492891044
2022-09-01,2903,2917,2853,2876,32360,-0.0217687074829932
2022-09-02,2876,2922,2693,2739,50559,-0.047635605006954074
2022-09-05,2711,2793,2711,2739,13706,0.0
2022-09-06,2710,2839,2674,2830,12029,0.03322380430814165
2022-09-07,2857,2880,2742,2775,9493,-0.019434628975265045
2022-09-08,2724,2930,2720,2885,19323,0.03963963963963968
2022-09-13,2885,2921,2866,2876,15309,-0.0031195840554593124
2022-09-14,2835,2835,2748,2794,3616,-0.028511821974965268
2022-09-15,2798,2843,2793,2821,4239,0.00966356478167496
2022-09-16,2839,2839,2720,2743,49539,-0.027649769585253448
2022-09-19,2720,2903,2692,2789,30820,0.01676995989792207
2022-09-20,2789,2816,2756,2789,11034,0.0
2022-09-21,2793,2830,2706,2821,19550,0.011473646468268095
2022-09-22,2820,2820,2729,2766,11004,-0.019496632399858216
2022-09-23,2766,2811,2697,2702,13090,-0.02313810556760665
2022-09-26,2610,3238,2500,2542,543201,-0.059215396002960774
2022-09-27,2587,2587,2500,2533,29469,-0.003540519276160503
2022-09-28,2532,2532,2404,2409,29717,-0.048953809711804186
2022-09-29,2441,2496,2427,2464,27294,0.022831050228310446
2022-09-30,2473,2473,2381,2455,6612,-0.0036525974025973795
2022-10-04,2463,2555,2463,2546,10208,0.03706720977596745
2022-10-05,2550,2601,2550,2569,6888,0.00903377847604081
2022-10-06,2574,2601,2564,2597,4829,0.01089918256130784
2022-10-07,2596,2601,2564,2601,9637,0.0015402387370042625
2022-10-11,2601,2601,2395,2473,24973,-0.049211841599384853
2022-10-12,2409,2523,2409,2519,8953,0.01860088960776385
2022-10-13,2441,2986,2441,2551,758515,0.012703453751488736
2022-10-14,2605,2651,2555,2555,59723,0.0015680125441004389
2022-10-17,2697,2761,2577,2610,114558,0.021526418786692814
2022-10-18,2720,2894,2665,2679,82203,0.026436781609195492
2022-10-19,2692,2857,2651,2665,62056,-0.005225830533781228
2022-10-20,2665,2701,2624,2647,11039,-0.006754221388367676
2022-10-21,2647,2697,2647,2675,14130,0.010578012844729923
2022-10-24,2739,2739,2647,2675,18644,0.0
2022-10-25,2684,2693,2619,2652,21539,-0.008598130841121487
2022-10-26,2647,2702,2638,2661,18648,0.0033936651583710287
2022-10-27,2660,2688,2656,2656,10955,-0.0018789928598271777
2022-10-28,2665,2697,2633,2638,23090,-0.006777108433734913
2022-10-31,2637,2724,2582,2601,8942,-0.014025777103866544
2022-11-01,2656,2702,2601,2638,11360,0.014225297962322081
2022-11-02,2637,2637,2564,2615,8163,-0.0087187263078089
2022-11-03,2555,2747,2555,2688,7111,0.02791586998087947
2022-11-04,2660,2683,2633,2656,4972,-0.011904761904761862
2022-11-07,2655,2710,2601,2601,19840,-0.020707831325301185
2022-11-08,2605,2665,2605,2665,6402,0.024605920799692482
2022-11-09,2637,2756,2637,2734,15299,0.025891181988743073
2022-11-10,2733,2852,2706,2839,40600,0.038405267008046806
2022-11-11,2848,2921,2843,2894,35632,0.01937301866854524
2022-11-14,2931,2954,2775,2936,123207,0.014512785072563927
2022-11-15,3261,3288,2775,2881,865768,-0.01873297002724794
2022-11-16,2857,2871,2757,2780,91604,-0.03505727178063167
2022-11-17,2811,2884,2765,2775,43200,-0.0017985611510791255
2022-11-18,2788,2820,2729,2729,44368,-0.01657657657657663
2022-11-21,2702,2729,2670,2675,51915,-0.01978746793697328
2022-11-22,2674,2720,2647,2652,21753,-0.008598130841121487
2022-11-23,2646,2774,2646,2665,15845,0.004901960784313708
2022-11-24,2724,2724,2665,2679,14681,0.00525328330206376
2022-11-25,2683,2683,2651,2679,22850,0.0
2022-11-28,2684,2707,2615,2620,20879,-0.022023142963792486
2022-11-29,2560,2615,2560,2583,22998,-0.014122137404580126
2022-11-30,2606,2652,2565,2565,27177,-0.006968641114982632
2022-12-01,2573,2601,2564,2569,22047,0.001559454191033094
2022-12-02,2569,2656,2569,2592,13610,0.008952899961074401
2022-12-05,2591,2628,2568,2587,23482,-0.0019290123456789932
2022-12-06,2564,2582,2550,2560,19046,-0.010436799381522976
2022-12-07,2528,2565,2523,2533,9447,-0.010546874999999956
2022-12-08,2532,2573,2532,2551,5784,0.007106198183971513
2022-12-09,2542,2652,2537,2652,7955,0.03959231673853392
2022-12-12,2642,2642,2574,2597,26789,-0.020739064856711953
2022-12-13,2573,2660,2573,2638,35680,0.015787447054293358
2022-12-14,2638,2674,2615,2629,10073,-0.0034116755117513664
2022-12-15,2628,2651,2601,2615,8501,-0.0053252187143401075
2022-12-16,2564,2615,2564,2606,6396,-0.0034416826003823564
2022-12-19,2605,2605,2569,2583,8529,-0.00882578664620104
2022-12-20,2560,2560,2528,2551,18964,-0.012388695315524556
2022-12-21,2536,2573,2509,2523,19067,-0.010976087808702517
2022-12-22,2523,2546,2495,2537,11619,0.005548949663099378
2022-12-23,2532,2532,2459,2478,17708,-0.023255813953488413
2022-12-26,2477,2477,2427,2450,13061,-0.011299435028248594
2022-12-27,2441,2555,2413,2519,22639,0.028163265306122343
2022-12-28,2518,2619,2500,2615,21977,0.038110361254465985
2022-12-29,2587,2701,2546,2647,34710,0.012237093690248502
2023-01-02,2623,2646,2600,2610,12331,-0.013978088401964461
2023-01-03,2591,2591,2491,2514,26052,-0.0367816091954023
2023-01-04,2486,2550,2427,2528,54892,0.005568814638027053
2023-01-05,2518,2550,2472,2491,9926,-0.014636075949367111
2023-01-06,2486,2592,2454,2505,18731,0.005620232838217554
2023-01-09,2504,2555,2504,2546,12235,0.016367265469061865
2023-01-10,2546,2642,2528,2629,10568,0.03260015710919095
2023-01-11,2605,2628,2587,2601,12651,-0.010650437428680104
2023-01-12,2601,2623,2573,2601,3735,0.0
2023-01-13,2596,2642,2596,2601,8259,0.0
2023-01-16,2601,2628,2587,2606,10952,0.0019223375624759509
2023-01-17,2606,2629,2578,2597,14445,-0.0034535686876439042
2023-01-18,2596,2596,2537,2537,8340,-0.023103581055063493
2023-01-19,2523,2532,2477,2487,5404,-0.019708316909735957
2023-01-20,2486,2504,2458,2491,6189,0.001608363490148701
2023-01-25,2656,3237,2651,2670,1678719,0.0718586912886392
2023-01-26,2678,2839,2605,2665,351635,-0.0018726591760299671
2023-01-27,2664,2747,2642,2697,142609,0.012007504690431547
2023-01-30,2720,2752,2678,2688,57080,-0.0033370411568409697
2023-01-31,2688,2688,2615,2661,67920,-0.010044642857142905
2023-02-01,2628,2665,2628,2638,49957,-0.008643367155204862
2023-02-02,2660,2697,2637,2688,38122,0.018953752843063
2023-02-03,2738,2738,2679,2684,49779,-0.0014880952380952328
2023-02-06,2655,2715,2651,2665,34870,-0.007078986587183311
2023-02-07,2679,2707,2679,2707,42927,0.01575984990619128
2023-02-08,2729,2738,2697,2725,67670,0.006649427410417408
2023-02-09,2720,2725,2665,2725,34644,0.0
2023-02-10,2711,2715,2619,2647,48345,-0.02862385321100913
2023-02-13,2665,2665,2610,2620,21236,-0.010200226671703838
2023-02-14,2619,2701,2619,2656,40615,0.013740458015267132
2023-02-15,2665,2697,2614,2624,27429,-0.012048192771084376
2023-02-16,2610,2665,2601,2652,23673,0.010670731707317138
2023-02-17,2652,2734,2629,2652,38633,0.0
2023-02-20,2651,2656,2596,2624,23808,-0.010558069381598756
2023-02-21,2623,2711,2623,2711,25655,0.03315548780487809
2023-02-22,2711,2711,2624,2652,45220,-0.02176318701586133
2023-02-23,2628,2661,2624,2661,21023,0.0033936651583710287
2023-02-24,2660,2660,2610,2615,27057,-0.017286734310409613
2023-02-27,2615,2615,2532,2574,81173,-0.01567877629063097
2023-02-28,2568,2591,2550,2578,14065,0.0015540015540016494
2023-03-02,2578,2587,2541,2546,40440,-0.01241272304111718
2023-03-03,2574,2574,2514,2542,77140,-0.0015710919088767206
2023-03-06,2564,2596,2509,2542,27472,0.0
2023-03-07,2560,2619,2541,2583,24236,0.016129032258064502
2023-03-08,2615,2615,2491,2528,49379,-0.02129307007355785
2023-03-09,2527,2541,2477,2491,24190,-0.014636075949367111
2023-03-10,2491,2505,2427,2464,40743,-0.01083902047370533
2023-03-13,2440,2440,2385,2413,19959,-0.020698051948051965
2023-03-14,2412,2412,2298,2326,33507,-0.03605470368835473
2023-03-15,2326,2399,2321,2326,14276,0.0
2023-03-16,2362,2596,2362,2459,96885,0.05717970765262259
2023-03-17,2486,2500,2445,2468,24859,0.0036600244001627757
2023-03-20,2472,2554,2468,2468,20307,0.0
2023-03-21,2468,2495,2436,2436,7266,-0.012965964343598091
2023-03-22,2441,2551,2441,2519,18496,0.034072249589490955
2023-03-23,2500,2528,2390,2455,22435,-0.02540690750297736
2023-03-24,2426,2518,2422,2491,14700,0.014663951120162944
2023-03-27,2482,2500,2441,2455,19811,-0.014452027298273773
2023-03-28,2477,2528,2413,2496,13881,0.016700610997963272
2023-03-29,2496,2528,2445,2487,28536,-0.0036057692307692735
2023-03-30,2491,2738,2459,2583,160128,0.0386007237635706
2023-03-31,2665,2669,2555,2569,59983,-0.005420054200542035
2023-04-03,2569,2711,2537,2620,73349,0.01985208252238224
2023-04-04,2596,2665,2592,2638,40020,0.006870229007633677
2023-04-05,2637,2655,2591,2633,30339,-0.0018953752843062777
2023-04-06,2633,2779,2610,2743,230552,0.04177744018230145
2023-04-07,2747,2830,2628,2656,133812,-0.03171709806780898
2023-04-10,2679,2684,2574,2620,63945,-0.013554216867469826
2023-04-11,2619,2738,2605,2679,49115,0.02251908396946556
2023-04-12,2683,2756,2646,2720,103898,0.015304217991787938
2023-04-13,2719,2719,2683,2697,17544,-0.008455882352941146
2023-04-14,2725,2747,2693,2693,19415,-0.0014831294030404063
2023-04-17,2711,2766,2683,2748,38151,0.02042331971778677
2023-04-18,2738,2738,2706,2716,17169,-0.011644832605531286
2023-04-19,2715,2830,2715,2757,78693,0.015095729013254733
2023-04-20,2756,2788,2647,2647,42823,-0.03989844033369605
2023-04-21,2619,2774,2582,2697,86768,0.018889308651303338
2023-04-24,2697,3077,2674,3000,555461,0.11234705228031139
2023-04-25,2899,3898,2803,3898,11747905,0.29933333333333323
2023-04-26,3938,5065,3897,4882,22151389,0.25243714725500266
2023-04-27,5239,6339,4882,6339,14866481,0.2984432609586236
2023-04-28,7328,8235,7053,7512,9260253,0.18504495977283475
2023-05-02,8015,9765,7685,9765,8294767,0.29992012779552724
2023-05-03,0,0,0,9765,0,0.0
2023-05-04,12110,12688,10122,12688,25714113,0.2993343573988736
2023-05-08,12092,12678,8886,8886,16559681,-0.29965321563682223
2023-05-09,9178,10378,8125,8446,16796247,-0.04951609273013724
2023-05-10,8354,8483,7695,8025,6241511,-0.0498460809850817
2023-05-11,7758,8601,7493,8116,7889106,0.011339563862928337
2023-05-12,7768,7905,7246,7466,3314337,-0.0800887136520454
2023-05-15,7649,8546,6797,7182,8043047,-0.03803911063487808
2023-05-16,7273,7988,6952,7759,5870724,0.08033973823447504
2023-05-17,7603,8519,7438,7970,6931429,0.02719422606005928
2023-05-18,7887,10361,7695,10361,15123107,0.30000000000000004
2023-05-19,10076,10992,7932,8116,12359741,-0.21667792684103848
2023-05-22,8042,8555,7630,8116,4412458,0.0
2023-05-23,7941,8812,7932,8235,4002429,0.014662395268605133
2023-05-24,8152,8363,7749,7759,1840178,-0.05780206435944146
2023-05-25,7868,7951,7438,7594,1397410,-0.021265627013790422
2023-05-26,7575,9765,7420,9005,20271803,0.18580458256518306
2023-05-30,9004,9242,8070,8455,6628859,-0.061077179344808386
2023-05-31,8289,9462,8253,8464,6066720,0.0010644589000592397
2023-06-01,8720,9068,8464,8556,3972418,0.010869565217391353
2023-06-02,8610,8620,8290,8327,1176218,-0.026764843384759263
2023-06-05,8354,9022,7987,8739,3516395,0.049477602978263535
2023-06-07,8748,9564,8693,8877,4297683,0.015791280466872726
2023-06-08,8784,8784,8262,8345,1457531,-0.05993015658443168
2023-06-09,8565,8592,8290,8446,901899,0.01210305572198922
2023-06-12,8482,8537,8171,8446,1011800,0.0
2023-06-13,8637,8656,8280,8299,1082144,-0.01740468860999289
2023-06-14,8299,9023,8171,8336,3639392,0.004458368478129859
2023-06-15,8335,8427,7969,8052,812224,-0.034069097888675626
2023-06-16,8052,8235,7969,7988,637185,-0.007948335817188235
2023-06-19,7997,8107,7603,8043,643648,0.006885327991988044
2023-06-20,7878,7924,7328,7466,778804,-0.07173940072112395
2023-06-21,7428,7465,7144,7264,571843,-0.027055987141709092
2023-06-22,7126,7474,7108,7273,706678,0.0012389867841409163
2023-06-23,7245,8793,7089,7557,8202730,0.039048535679911955
2023-06-26,7419,7437,7126,7154,861804,-0.05332804022760351
2023-06-27,7154,7172,6815,6907,454479,-0.034526139222812446
2023-06-28,6907,7007,6595,6733,437838,-0.02519183437092809
2023-06-29,6687,6769,6467,6550,395775,-0.027179563344720048
2023-06-30,6567,6595,6375,6522,282759,-0.004274809160305315
2023-07-03,6522,6732,6458,6623,359918,0.015486047224777755
2023-07-04,6751,8427,6732,7081,10278904,0.06915295183451597
2023-07-05,7181,7758,7181,7502,3162701,0.05945487925434256
2023-07-06,7420,8089,7136,7686,2703568,0.02452679285523862
2023-07-07,7988,8217,7328,7402,2760947,-0.03695029924538118
2023-07-10,7438,7502,7135,7145,720969,-0.0347203458524723
2023-07-11,7218,9289,7072,9289,11044759,0.30006997900629817
2023-07-12,9361,10680,9004,9838,18826529,0.05910216384971467
2023-07-13,9527,9746,9288,9582,2761307,-0.026021549095344598
2023-07-14,9572,9572,8482,8794,2669706,-0.08223752869964518
2023-07-17,8693,8867,8528,8831,1071427,0.00420741414600867
2023-07-18,8720,8812,8482,8794,976344,-0.004189785981202565
2023-07-19,8821,9151,8152,8153,2307187,-0.07289060723220375
2023-07-20,8244,8464,8116,8217,780387,0.007849871213050363
2023-07-21,8088,8784,7905,8464,2020192,0.030059632469271014
2023-07-24,8528,8656,7978,8638,1026658,0.020557655954631437
2023-07-25,8602,8602,7740,7860,1201081,-0.09006714517249359
2023-07-26,7603,7694,6687,7136,1249566,-0.0921119592875318
2023-07-27,7044,7420,6916,7017,456370,-0.01667600896860988
2023-07-28,7062,7712,7062,7383,749014,0.05215904232578028
2023-07-31,7511,7603,7163,7484,410072,0.013680075849925588
2023-08-01,7484,7502,7099,7356,459210,-0.017103153393907
2023-08-02,7401,8107,7145,7191,1672892,-0.022430668841761814
2023-08-03,7172,7172,6183,6504,1315712,-0.09553608677513559
2023-08-04,6586,6586,6320,6467,365836,-0.005688806888068831
2023-08-07,6586,6668,6320,6632,630839,0.025514148755218846
2023-08-08,6504,6779,6137,6266,779051,-0.05518697225572977
2023-08-09,6137,6274,6063,6238,398878,-0.00446856048515798
2023-08-10,6356,6356,5999,6018,398994,-0.0352677140109009
2023-08-11,6018,6275,6000,6156,363205,0.022931206380857327
2023-08-14,6091,6659,5889,6082,1021175,-0.01202079272254708
2023-08-16,6018,6018,5624,5634,506868,-0.07365998026964815
2023-08-17,5688,5807,5450,5707,323517,0.012957046503372371
2023-08-18,5559,6109,5477,5734,614461,0.004731032065883989
2023-08-21,5771,6027,5542,5817,444417,0.014475061039413983
2023-08-22,5862,5981,5523,5551,333579,-0.04572803850782192
2023-08-23,5514,5697,5514,5542,256499,-0.0016213294901818998
2023-08-24,5550,5715,5550,5688,220786,0.02634428004330558
2023-08-25,5541,5688,5523,5569,188109,-0.020921237693389605
2023-08-28,5597,5844,5578,5762,238532,0.03465613216017238
2023-08-29,5807,5872,5633,5753,172486,-0.0015619576535924606
2023-08-30,5752,5926,5707,5762,162635,0.00156440118199197
2023-08-31,5762,5817,5597,5698,153023,-0.01110725442554672
2023-09-01,5762,5762,5597,5634,141195,-0.01123201123201123
2023-09-04,5587,5614,5468,5514,198009,-0.021299254526091604
2023-09-05,5541,5614,5486,5560,119403,0.008342401160681856
2023-09-06,5560,5597,5386,5405,141922,-0.027877697841726667
2023-09-07,5431,5431,5156,5221,224617,-0.03404255319148941
2023-09-08,5340,5349,5111,5221,151758,0.0
2023-09-11,5239,5313,5111,5194,114041,-0.005171423099023187
2023-09-12,5303,5642,5047,5093,689471,-0.019445514054678426
2023-09-13,5166,5185,4946,5011,147212,-0.016100530139407043
2023-09-14,4965,5120,4965,5066,76428,0.010975853123129209
2023-09-15,5065,5230,5065,5093,145142,0.005329648637978579
2023-09-18,5093,5129,4964,5029,94424,-0.01256626742587863
2023-09-19,4982,5074,4882,4928,117722,-0.020083515609465086
2023-09-20,4882,5368,4818,5139,420350,0.04281655844155852
2023-09-21,5138,5166,4735,4855,202579,-0.05526366997470322
2023-09-22,4680,4836,4671,4717,98306,-0.02842430484037073
2023-09-25,4617,4846,4617,4672,76737,-0.0095399618401526
2023-09-26,4579,4817,4552,4598,99142,-0.015839041095890405
2023-09-27,3718,4121,3590,4062,900914,-0.11657242279251845
2023-10-04,4062,4318,4029,4062,210874,0.0
2023-10-05,4067,4213,3874,3916,152577,-0.03594288527818812
2023-10-06,3916,3998,3911,3985,141632,0.01762002042900912
2023-10-10,3962,4007,3751,3756,98402,-0.05746549560853198
2023-10-11,3764,3892,3764,3801,103378,0.01198083067092659
2023-10-12,3773,3980,3773,3980,113351,0.047092870297290146
2023-10-13,4058,4085,3755,3843,117081,-0.034422110552763785
2023-10-16,3842,3842,3663,3682,77968,-0.041894353369763215
2023-10-17,3691,3865,3691,3792,91034,0.029875067897881635
2023-10-18,3792,4928,3792,4539,4364894,0.196993670886076
2023-10-19,4236,5101,4062,4456,4487763,-0.01828596607182198
2023-10-20,4268,4442,4044,4374,1017542,-0.01840215439856374
2023-10-23,4405,5248,4030,4662,4723766,0.06584362139917688
2023-10-24,4735,4936,4391,4488,1055933,-0.03732303732303732
2023-10-25,4506,4547,4131,4177,597067,-0.06929590017825316
2023-10-26,4112,4149,3737,3742,446790,-0.10414172851328707
2023-10-27,3728,3819,3513,3655,414609,-0.02324959914484237
2023-10-30,3558,3728,3553,3641,174577,-0.0038303693570451713
2023-10-31,3737,3737,3343,3362,311666,-0.07662730019225483
2023-11-01,3352,3549,3311,3385,217109,0.006841165972635288
2023-11-02,3455,3595,3325,3590,190509,0.06056129985228953
2023-11-03,3630,3645,3450,3625,154143,0.009749303621169991
2023-11-06,3660,3925,3625,3820,251098,0.053793103448275925
2023-11-07,3870,3910,3600,3665,144815,-0.04057591623036649
2023-11-08,4360,4760,4050,4050,6228829,0.10504774897680758
2023-11-09,3935,3990,3750,3750,633874,-0.07407407407407407
2023-11-10,3640,3650,3555,3570,276661,-0.04800000000000004
2023-11-13,3645,3700,3500,3540,217554,-0.008403361344537785
2023-11-14,3535,3775,3470,3680,310481,0.039548022598870025
2023-11-15,3750,4350,3705,3975,1938674,0.08016304347826098
2023-11-16,3950,3975,3865,3915,272324,-0.015094339622641506
2023-11-17,3910,3910,3645,3705,272388,-0.05363984674329503
2023-11-20,3620,3740,3620,3710,124888,0.0013495276653170407
2023-11-21,3690,3740,3615,3690,112036,-0.005390835579514808
2023-11-22,3685,3690,3610,3620,122241,-0.01897018970189701
2023-11-23,3640,3680,3595,3600,104493,-0.0055248618784530246
2023-11-24,3600,3955,3570,3740,1183340,0.03888888888888897
2023-11-27,3740,3800,3600,3625,242599,-0.03074866310160429
2023-11-28,3650,3685,3550,3565,178111,-0.016551724137931045
2023-11-29,3565,3570,3500,3510,117034,-0.015427769985974726
2023-11-30,3475,3550,3450,3535,137600,0.007122507122507171
2023-12-01,3570,3580,3460,3475,114586,-0.016973125884017004
2023-12-04,3550,3560,3460,3475,118330,0.0
2023-12-05,3415,3665,3415,3445,268956,-0.008633093525179825
2023-12-06,3445,3530,3425,3520,116112,0.021770682148040565
2023-12-07,3490,3510,3420,3480,99828,-0.011363636363636354
2023-12-08,3550,3580,3480,3505,85174,0.007183908045977017
2023-12-11,3540,3600,3500,3560,107079,0.015691868758915817
2023-12-12,3560,3560,3480,3525,66951,-0.0098314606741573
2023-12-13,3540,3540,3385,3390,121467,-0.03829787234042559
2023-12-14,3385,3450,3320,3400,102618,0.002949852507374562
2023-12-15,3400,3550,3330,3470,115557,0.020588235294117574
2023-12-18,3500,3535,3435,3490,75763,0.0057636887608070175
2023-12-19,3495,3520,3425,3450,61995,-0.011461318051575908
2023-12-20,3455,4390,3435,3740,2882066,0.08405797101449286
2023-12-21,3800,3800,3620,3635,290122,-0.02807486631016043
2023-12-22,3850,4725,3820,4725,3747305,0.2998624484181569
2023-12-26,4560,5130,4360,4630,12440804,-0.02010582010582007
2023-12-27,4685,4745,4305,4575,2922042,-0.011879049676025932
2023-12-28,4450,4450,4115,4200,1691801,-0.08196721311475408
2024-01-02,4175,4240,4070,4230,833553,0.0071428571428571175
2024-01-03,4250,4530,4025,4095,2294372,-0.03191489361702127
2024-01-04,4095,4100,3935,4005,664571,-0.02197802197802201
2024-01-05,4265,4495,4080,4085,2161982,0.019975031210986316
2024-01-08,4100,4200,4035,4065,393783,-0.004895960832313362
2024-01-09,4065,4190,4010,4190,625744,0.03075030750307506
2024-01-10,4365,4370,4070,4095,763158,-0.022673031026252954
2024-01-11,4100,4140,4050,4105,275531,0.0024420024420024333
2024-01-12,4155,4270,4025,4255,585253,0.03654080389768577
2024-01-15,4385,4680,4140,4360,3366133,0.024676850763807323
2024-01-16,4270,4275,4150,4185,538727,-0.04013761467889909
2024-01-17,4180,4190,3890,4000,520706,-0.044205495818399054
2024-01-18,4000,4140,3880,4015,246305,0.00374999999999992
2024-01-19,4000,4055,3940,3975,260748,-0.00996264009962644
2024-01-22,4000,4000,3725,3770,420817,-0.051572327044025146
2024-01-23,3950,4900,3910,4200,15067503,0.11405835543766574
2024-01-24,4215,5100,4070,4640,15542205,0.10476190476190483
2024-01-25,4655,4980,4370,4600,3818820,-0.008620689655172376
2024-01-26,4610,4650,4420,4420,848211,-0.03913043478260869
2024-01-29,4410,4420,4230,4265,667089,-0.03506787330316741
2024-01-30,4270,4310,4050,4145,563260,-0.028135990621336426
2024-01-31,4145,4145,4000,4025,278907,-0.02895054282267795
2024-02-01,4020,4200,3950,4190,362121,0.0409937888198757
2024-02-02,4210,4285,4065,4155,334439,-0.00835322195704058
2024-02-05,4165,4360,4120,4215,530684,0.014440433212996373
2024-02-06,4215,4215,4065,4110,239197,-0.02491103202846978
2024-02-07,4180,4225,4040,4100,211064,-0.0024330900243308973
2024-02-08,4140,4155,4050,4115,152572,0.003658536585365857
2024-02-13,4115,4160,4050,4150,256653,0.008505467800729027
2024-02-14,4150,4195,4020,4160,287645,0.002409638554216942
2024-02-15,4185,4345,4070,4275,536709,0.027644230769230838
2024-02-16,4470,4910,4290,4910,3948488,0.14853801169590652
2024-02-19,4980,5460,4650,4825,5369191,-0.01731160896130346
2024-02-20,4995,5120,4590,4760,2069656,-0.013471502590673534
2024-02-21,4760,4760,4520,4520,742599,-0.050420168067226934
2024-02-22,4520,4590,4445,4450,411579,-0.015486725663716783
2024-02-23,4450,4550,4405,4430,336191,-0.004494382022471877
2024-02-26,4435,4450,4300,4370,290706,-0.013544018058690765
2024-02-27,4380,4380,4205,4310,274069,-0.013729977116704761
2024-02-28,4310,4380,4215,4270,227583,-0.009280742459396807
2024-02-29,4275,4365,4175,4365,220557,0.022248243559718883
2024-03-04,4420,4530,4355,4515,496545,0.03436426116838498
2024-03-05,4495,4495,4285,4370,326870,-0.032115171650055396
2024-03-06,4325,4485,4285,4325,190218,-0.010297482837528626
2024-03-07,4310,4370,4185,4235,238659,-0.020809248554913284
2024-03-08,4235,4655,4220,4470,1392135,0.05548996458087374
2024-03-11,4370,4390,4280,4300,260928,-0.03803131991051456
2024-03-12,4300,4535,4300,4455,415122,0.03604651162790695
2024-03-13,4480,4490,4355,4455,309064,0.0
2024-03-14,4495,4525,4320,4340,204994,-0.02581369248035914
2024-03-15,4330,4430,4290,4335,187730,-0.0011520737327188613
2024-03-18,4295,4460,4295,4445,200325,0.025374855824682907
2024-03-19,4460,4590,4410,4510,421620,0.01462317210348707
2024-03-20,4605,4645,4370,4370,354868,-0.03104212860310418
2024-03-21,4390,4430,4295,4390,177701,0.004576659038901587
2024-03-22,4385,4510,4355,4485,217934,0.021640091116173155
2024-03-25,4450,4480,4360,4470,208516,-0.0033444816053511683
2024-03-26,4470,4475,4295,4305,286092,-0.03691275167785235
2024-03-27,4305,4470,4210,4280,323446,-0.005807200929152101
2024-03-28,4280,4305,4200,4215,165628,-0.015186915887850483
2024-03-29,4200,4210,4085,4100,303882,-0.027283511269276417
2024-04-01,4110,4160,4090,4125,102192,0.0060975609756097615
2024-04-02,4140,4590,4140,4240,1211577,0.027878787878787836
2024-04-03,4180,4260,4150,4200,150143,-0.009433962264150941
2024-04-04,4210,4550,4210,4405,743058,0.04880952380952386
2024-04-05,4380,4380,4200,4200,270778,-0.04653802497162318
2024-04-08,4255,4315,4120,4170,225153,-0.0071428571428571175
2024-04-09,4180,4190,4110,4120,104679,-0.011990407673860948
2024-04-11,4045,4165,3960,4135,163699,0.00364077669902918
2024-04-12,4135,4310,4045,4105,364540,-0.00725513905683195
2024-04-15,3990,4050,3930,4030,137211,-0.018270401948842885
2024-04-16,4000,4020,3885,3900,186626,-0.032258064516129004
2024-04-17,3900,3990,3900,3915,58919,0.0038461538461538325
2024-04-18,4100,4120,3920,4035,121203,0.03065134099616862
2024-04-19,4040,4110,3890,4100,175798,0.01610904584882289
2024-04-22,4040,4040,3980,3995,78467,-0.025609756097561
2024-04-23,4000,4080,3980,4015,104877,0.005006257822277815
2024-04-24,4000,4230,4000,4090,224127,0.018679950186799577
2024-04-25,4090,4160,4065,4080,113260,-0.0024449877750610804
2024-04-26,4130,4150,4035,4100,133744,0.004901960784313708
2024-04-29,4215,4215,4020,4140,133694,0.009756097560975618
2024-04-30,4175,4850,4115,4470,5943257,0.07971014492753614
2024-05-02,4470,4545,4350,4510,700668,0.008948545861297452
2024-05-03,4555,4730,4395,4405,1076186,-0.02328159645232819
2024-05-07,4360,4400,4230,4315,461525,-0.020431328036322416
2024-05-08,4315,4355,4200,4260,240431,-0.01274623406720743
2024-05-09,4225,4330,4185,4205,196220,-0.012910798122065748
2024-05-10,4200,4255,4155,4215,212305,0.0023781212841855748
2024-05-13,4300,4420,4225,4240,595335,0.005931198102016699
2024-05-14,4270,4270,4170,4170,225009,-0.01650943396226412
2024-05-16,4220,4350,4175,4275,318086,0.02517985611510798
2024-05-17,4250,4295,4160,4200,244734,-0.01754385964912286
2024-05-20,4215,4275,4180,4195,180110,-0.0011904761904761862
2024-05-21,4225,4240,4190,4215,126382,0.004767580452920139
2024-05-22,4200,4310,4155,4215,248179,0.0
2024-05-23,4205,4210,4110,4115,195031,-0.023724792408066464
2024-05-24,4100,4100,4020,4035,118337,-0.019441069258809285
2024-05-27,4035,4070,3995,4040,160208,0.0012391573729864103
2024-05-28,4070,4070,4000,4010,84966,-0.007425742574257432
2024-05-29,4005,4130,3915,3930,176821,-0.01995012468827928
2024-05-30,3920,3935,3850,3865,119021,-0.01653944020356235
2024-05-31,3860,3940,3840,3880,94458,0.0038809831824062613
2024-06-03,3860,3905,3840,3885,72959,0.0012886597938144284
2024-06-04,3885,3910,3780,3800,184807,-0.02187902187902191
2024-06-05,3790,3815,3735,3755,82961,-0.011842105263157876
2024-06-07,3755,3885,3735,3810,50372,0.01464713715046595
2024-06-10,3810,3840,3750,3810,61357,0.0
2024-06-11,3830,3970,3790,3870,124239,0.015748031496062964
2024-06-12,3870,3890,3800,3850,66907,-0.0051679586563307955
2024-06-13,3850,3850,3755,3770,112054,-0.020779220779220786
2024-06-14,3770,3820,3750,3755,62249,-0.003978779840848823
2024-06-17,3735,3750,3650,3680,82221,-0.01997336884154466
2024-06-18,3680,3700,3600,3605,87022,-0.020380434782608647
2024-06-19,3600,3655,3585,3590,55030,-0.004160887656033285
2024-06-20,3575,3605,3560,3575,33740,-0.004178272980501441
2024-06-21,3555,3590,3455,3540,82570,-0.009790209790209836
2024-06-24,3540,3570,3350,3480,90580,-0.016949152542372836
2024-06-25,3475,3530,3430,3490,47550,0.002873563218390718
2024-06-26,3490,3595,3300,3425,83659,-0.01862464183381085
2024-06-27,3400,3440,3390,3395,49048,-0.008759124087591275
2024-06-28,3400,3515,3400,3445,44097,0.014727540500736325
2024-07-01,3580,3580,3465,3510,60405,0.018867924528301883
2024-07-02,3580,3580,3465,3480,73755,-0.008547008547008517
2024-07-03,3465,3530,3400,3410,43143,-0.02011494252873558
2024-07-04,3420,3650,3385,3530,83097,0.035190615835777095
2024-07-05,3515,3940,3505,3780,622136,0.07082152974504252
2024-07-08,3850,3895,3705,3790,162548,0.002645502645502562
2024-07-09,3790,3940,3790,3850,115324,0.0158311345646438
2024-07-10,3850,4050,3790,4000,288497,0.03896103896103886
2024-07-11,4065,4065,3920,3935,100452,-0.016249999999999987
2024-07-12,3930,3995,3810,3835,92776,-0.02541296060991105
2024-07-15,3850,3890,3800,3850,58988,0.003911342894393766
2024-07-16,3800,4040,3800,3970,169645,0.03116883116883118
2024-07-17,4130,4200,3905,3960,361371,-0.0025188916876573986
2024-07-18,4030,4140,3800,3960,224806,0.0
2024-07-19,3915,3995,3870,3965,67409,0.0012626262626262985
2024-07-22,3970,3990,3835,3845,70817,-0.030264817150063017
2024-07-23,3820,3880,3805,3815,46980,-0.007802340702210642
2024-07-24,3815,3860,3760,3815,60451,0.0
2024-07-25,3800,3800,3675,3675,68369,-0.03669724770642202
2024-07-26,3650,3770,3650,3700,46346,0.006802721088435382
2024-07-29,3750,3755,3700,3735,29156,0.009459459459459474
2024-07-30,3740,3750,3695,3695,30237,-0.010709504685408322
2024-07-31,3660,3710,3650,3680,23528,-0.004059539918809252
2024-08-01,3665,3750,3660,3710,29069,0.008152173913043459
2024-08-02,3600,3650,3550,3600,87375,-0.029649595687331498
2024-08-05,3600,3600,3180,3220,155915,-0.10555555555555551
2024-08-06,3150,3450,3150,3320,74729,0.03105590062111796
2024-08-07,3390,3520,3330,3460,54660,0.04216867469879526
2024-08-08,3470,3590,3360,3470,78785,0.0028901734104045396
2024-08-09,3470,3585,3470,3570,31727,0.028818443804034644
2024-08-12,3570,3665,3570,3590,16442,0.0056022408963585235
2024-08-13,3270,3585,3270,3470,28347,-0.03342618384401119
2024-08-14,3570,3570,3480,3510,24568,0.011527377521613813
2024-08-16,3510,3585,3450,3455,26012,-0.015669515669515688
2024-08-19,3455,3460,3355,3385,27696,-0.02026049204052094
2024-08-20,3385,3460,3360,3460,50539,0.02215657311669128
2024-08-21,3450,3460,3330,3370,39634,-0.026011560693641633
2024-08-22,3370,3400,3270,3270,51698,-0.029673590504451064
2024-08-23,3270,3290,3230,3290,24482,0.006116207951070374
2024-08-26,3300,3335,3250,3260,23621,-0.00911854103343468
2024-08-27,3320,3320,3220,3255,17321,-0.0015337423312883347
2024-08-28,3220,3325,3200,3210,19660,-0.01382488479262678
2024-08-29,3210,3220,3145,3170,28706,-0.012461059190031154
2024-08-30,3160,3210,3150,3195,16423,0.007886435331230235
2024-09-02,3165,3165,3080,3090,50745,-0.032863849765258246
2024-09-03,3090,3130,3090,3100,12425,0.003236245954692629
2024-09-04,3000,3055,2995,3030,38741,-0.022580645161290325
2024-09-05,3000,3055,2960,3000,26949,-0.00990099009900991
2024-09-06,2990,3050,2950,2955,31378,-0.015000000000000013
2024-09-09,2955,2955,2750,2890,45644,-0.021996615905245376
2024-09-10,2890,2950,2850,2860,16830,-0.01038062283737029
2024-09-11,2895,2920,2810,2820,24196,-0.013986013986013957
2024-09-12,2830,2970,2825,2965,29499,0.05141843971631199
2024-09-13,2970,2990,2930,2940,10069,-0.00843170320404718
2024-09-19,2940,3030,2885,2965,15370,0.008503401360544283
2024-09-20,2945,3070,2945,3000,19645,0.01180438448566612
2024-09-23,3030,3085,3010,3055,11523,0.018333333333333313
2024-09-24,3050,3135,3025,3070,12693,0.004909983633387904
2024-09-25,3055,3190,3050,3085,26869,0.004885993485342022
2024-09-26,3160,3360,3120,3290,130394,0.06645056726094012
2024-09-27,3290,3375,3220,3220,39423,-0.021276595744680882
2024-09-30,3190,3240,3115,3180,57888,-0.012422360248447228
2024-10-02,3175,3175,3005,3045,31073,-0.04245283018867929
2024-10-04,3045,3095,3040,3060,10515,0.0049261083743843415
2024-10-07,3060,3085,3010,3055,9485,-0.0016339869281045694
2024-10-08,3085,3100,3025,3055,12430,0.0
2024-10-10,3045,3320,3045,3270,117584,0.07037643207855981
2024-10-11,3270,3300,3175,3250,23160,-0.006116207951070374
2024-10-14,3200,3350,3160,3215,24136,-0.010769230769230753
2024-10-15,3180,3250,3130,3165,17430,-0.015552099533437058
2024-10-16,3165,3275,3100,3165,20364,0.0
2024-10-17,3195,3195,2970,2980,95795,-0.05845181674565558
2024-10-18,3000,3000,2950,2980,20949,0.0
2024-10-21,3080,3080,2975,3005,10442,0.008389261744966348
2024-10-22,2960,3055,2935,2960,12022,-0.014975041597337757
2024-10-23,2935,2975,2930,2960,18185,0.0
2024-10-24,2930,2970,2925,2925,20818,-0.011824324324324342
2024-10-25,2925,3050,2885,2895,32020,-0.01025641025641022
2024-10-28,2895,2980,2895,2940,17995,0.015544041450777257
2024-10-29,2940,3010,2915,2955,17970,0.005102040816326481
2024-10-30,2955,2985,2925,2925,14420,-0.010152284263959421
2024-10-31,2925,2965,2880,2900,23285,-0.008547008547008517
2024-11-01,2900,2985,2855,2880,24437,-0.006896551724137945
2024-11-04,2885,2935,2860,2895,13321,0.005208333333333259
2024-11-05,2900,2925,2865,2875,25336,-0.006908462867012077
2024-11-06,2895,2900,2835,2850,43401,-0.008695652173912993
2024-11-07,2810,2900,2810,2865,24441,0.0052631578947368585
2024-11-08,2835,2895,2835,2860,19574,-0.0017452006980802626
2024-11-11,2855,2855,2620,2700,60206,-0.05594405594405594
2024-11-12,2655,2670,2540,2595,74070,-0.03888888888888886
2024-11-13,2570,2570,2490,2490,54459,-0.040462427745664775
2024-11-14,2490,2575,2490,2495,35012,0.002008032128514081
2024-11-15,2900,3240,2660,3120,4707047,0.25050100200400793
2024-11-18,2820,3205,2720,3075,858733,-0.014423076923076872
2024-11-19,3075,3075,2900,2985,214379,-0.029268292682926855
2024-11-20,2975,2975,2860,2895,149952,-0.03015075376884424
2024-11-21,2895,2900,2780,2785,129385,-0.03799654576856648
2024-11-22,2785,2860,2680,2820,84196,0.012567324955116588
2024-11-25,2795,2890,2700,2865,63618,0.015957446808510634
2024-11-26,2910,3190,2820,3120,439755,0.08900523560209428
2024-11-27,3120,3125,3015,3020,136881,-0.03205128205128205
2024-11-28,3040,3070,2950,2980,166727,-0.013245033112582738
2024-11-29,3390,3725,3180,3190,3808977,0.07046979865771807
2024-12-02,3300,3550,3140,3230,536074,0.012539184952978122
2024-12-03,3435,3550,3320,3415,551809,0.05727554179566563
2024-12-04,3660,3980,3490,3635,2394452,0.0644216691068813
2024-12-05,3620,3620,3330,3415,438123,-0.06052269601100413
2024-12-06,3315,3385,3005,3105,469039,-0.0907759882869692
2024-12-09,2995,3050,2730,2740,357501,-0.11755233494363926
2024-12-10,2740,3040,2740,3040,198831,0.10948905109489049
2024-12-11,3050,3180,2970,3145,157545,0.03453947368421062
2024-12-12,3135,3175,3030,3095,118700,-0.015898251192368873
2024-12-13,3095,3180,3045,3180,114770,0.02746365105008075
2024-12-16,3150,3265,3150,3235,165466,0.01729559748427678
2024-12-17,3300,3300,3200,3235,91426,0.0
2024-12-18,3235,3275,3180,3215,40479,-0.0061823802163832875
2024-12-19,3140,3290,3090,3290,77761,0.023328149300155587
2024-12-20,3300,3310,3100,3105,102239,-0.05623100303951367
2024-12-23,3065,3190,3025,3155,51537,0.016103059581320522
2024-12-24,3230,3235,3070,3085,41959,-0.022187004754358197
2024-12-26,3060,3150,3030,3070,180840,-0.004862236628849326
2024-12-27,3375,3795,3130,3130,1895625,0.019543973941368087
2024-12-30,3105,3200,3030,3185,183751,0.01757188498402562
2025-01-02,3125,3240,3125,3240,93840,0.017268445839874413
2025-01-03,3240,3340,3215,3310,162769,0.021604938271605034
2025-01-06,3300,3465,3255,3465,253994,0.04682779456193353
2025-01-07,3435,3435,3325,3370,183022,-0.02741702741702745
2025-01-08,3370,3450,3260,3370,92842,0.0
2025-01-09,3370,3590,3330,3560,219424,0.05637982195845703
2025-01-10,3500,3545,3430,3525,145715,-0.0098314606741573
2025-01-13,3465,3515,3375,3395,85465,-0.03687943262411353
2025-01-14,3395,3485,3355,3410,63172,0.004418262150220897
2025-01-15,3430,3480,3355,3395,60778,-0.004398826979472137
2025-01-16,3450,3450,3380,3390,43347,-0.0014727540500736325
2025-01-17,3390,3465,3380,3455,93854,0.019174041297935096
2025-01-20,3400,3430,3255,3340,140610,-0.03328509406657021
2025-01-21,3310,3335,3235,3275,77207,-0.019461077844311392
2025-01-22,3245,3380,3245,3255,64714,-0.006106870229007688
2025-01-23,3225,3240,3145,3165,67808,-0.027649769585253448
2025-01-24,3165,3280,3165,3205,41798,0.012638230647709303
2025-01-31,3355,3355,3130,3180,55521,-0.007800312012480548
2025-02-03,3570,3745,3260,3360,2092712,0.05660377358490565
2025-02-04,3180,3495,3120,3365,531722,0.0014880952380953438
2025-02-05,3360,3360,3260,3300,143366,-0.019316493313521588
2025-02-06,3275,3295,3210,3220,107216,-0.024242424242424288
2025-02-07,3190,3245,3160,3240,81097,0.006211180124223503
2025-02-10,3305,3350,3150,3175,230550,-0.020061728395061706
2025-02-11,3175,3215,3145,3195,81860,0.006299212598425141
2025-02-12,3135,3195,3065,3070,144727,-0.03912363067292646
2025-02-13,3070,3120,2995,3030,140953,-0.013029315960912058
2025-02-14,3090,3090,2975,3030,118800,0.0
2025-02-17,3000,3075,3000,3030,51206,0.0
2025-02-18,3095,3095,3000,3020,52397,-0.0033003300330033403
2025-02-19,3020,3050,3010,3015,42178,-0.0016556291390728006
2025-02-20,3015,3070,3005,3050,116035,0.011608623548922115
2025-02-21,3070,3135,3035,3045,64527,-0.0016393442622950616
2025-02-24,3045,3060,2995,3005,49893,-0.013136288998357948
2025-02-25,3030,3050,2995,2995,43600,-0.0033277870216306127
2025-02-26,3030,3550,3005,3400,1067933,0.1352253756260433
2025-02-27,3535,3650,3420,3520,531450,0.03529411764705892
2025-02-28,3560,3615,3405,3405,213718,-0.032670454545454586
2025-03-04,3390,3505,3330,3410,96572,0.001468428781204123
2025-03-05,3410,3510,3350,3355,69258,-0.016129032258064502
2025-03-06,3370,3440,3305,3360,50582,0.0014903129657228842
2025-03-07,3300,3395,3280,3340,36744,-0.005952380952380931
2025-03-10,3340,3405,3295,3390,35874,0.014970059880239583
2025-03-11,3270,3665,3270,3630,380798,0.07079646017699126
2025-03-12,3590,3615,3515,3570,91285,-0.016528925619834656
2025-03-13,3570,3635,3475,3485,71266,-0.023809523809523836
2025-03-14,3465,3655,3465,3480,28798,-0.0014347202295552641
2025-03-17,3480,3645,3435,3480,31265,0.0
2025-03-18,3480,3580,3355,3430,63177,-0.014367816091954033
2025-03-19,3400,3890,3365,3795,593764,0.10641399416909625
2025-03-20,3730,4500,3725,4350,2054568,0.1462450592885376
2025-03-21,4350,4390,4105,4185,506845,-0.037931034482758585
2025-03-24,4160,4340,4070,4335,148797,0.03584229390680993
2025-03-25,4360,4465,4220,4295,199132,-0.009227220299884653
2025-03-26,4295,4500,4120,4410,221977,0.02677532013969741
2025-03-27,4500,4500,4350,4445,183455,0.007936507936507908
2025-03-28,4445,4560,4350,4400,189115,-0.010123734533183382
2025-03-31,4490,4490,4210,4285,139518,-0.026136363636363624
2025-04-01,4285,4400,4140,4350,100571,0.015169194865811031
2025-04-02,4350,4400,4160,4160,70238,-0.04367816091954024
2025-04-03,4140,4400,4055,4110,108214,-0.012019230769230727
2025-04-04,4130,4170,4000,4170,93415,0.014598540145985384
2025-04-07,4440,4550,3740,3820,471339,-0.08393285371702641
2025-04-08,3910,4120,3735,3820,416861,0.0
2025-04-09,3780,3795,3520,3765,211600,-0.014397905759162333
2025-04-10,3905,3950,3700,3865,158403,0.026560424966799445
2025-04-11,3840,3850,3670,3820,189485,-0.011642949547218673
2025-04-14,4100,4195,3850,3850,248194,0.007853403141361293
2025-04-15,3860,3985,3770,3865,152842,0.003896103896103842
2025-04-16,3850,4000,3850,3945,142820,0.02069857697283317
2025-04-17,3945,4500,3900,4390,454924,0.11280101394169839
2025-04-18,4385,4500,4190,4340,181757,-0.011389521640091105
2025-04-21,4340,4530,4250,4450,163095,0.025345622119815614
2025-04-22,4500,4575,4305,4425,155913,-0.005617977528089901
2025-04-23,4500,4545,4315,4435,214276,0.002259887005649608
2025-04-24,4435,4500,4295,4380,154947,-0.012401352874859106
2025-04-25,4390,4615,4390,4590,319086,0.047945205479452024
2025-04-28,4615,4660,4230,4465,183838,-0.027233115468409563
2025-04-29,4465,4570,4305,4535,113871,0.015677491601343796
2025-04-30,4480,4590,4360,4495,133525,-0.008820286659316445
2025-05-02,4495,4510,4380,4500,74558,0.0011123470522802492
2025-05-07,4500,4545,4390,4515,96790,0.0033333333333334103
2025-05-08,4460,4585,4455,4495,46063,-0.0044296788482834915
2025-05-09,4495,4750,4430,4710,153930,0.04783092324805338
2025-05-12,4620,4710,4255,4340,185110,-0.07855626326963905
2025-05-13,4340,4390,4005,4265,152309,-0.017281105990783363
2025-05-14,4250,4430,4215,4370,73392,0.024618991793669442
2025-05-15,4370,4400,4150,4325,36665,-0.010297482837528626
2025-05-16,4325,4345,4180,4280,89205,-0.010404624277456698
2025-05-19,4280,4300,4130,4240,28254,-0.009345794392523366
2025-05-20,4200,4310,4120,4200,54636,-0.009433962264150941
2025-05-21,4200,4240,4085,4200,55010,0.0
2025-05-22,4195,4195,3925,3985,184096,-0.05119047619047623
2025-05-23,4025,4105,3930,4060,56329,0.01882057716436636
2025-05-26,4055,4150,3980,4045,24136,-0.003694581280788145
2025-05-27,3985,4080,3945,4010,52364,-0.008652657601977753
2025-05-28,4010,4100,3960,4100,29890,0.02244389027431426
2025-05-29,4055,4065,3960,3965,50646,-0.03292682926829271
2025-05-30,3980,4165,3950,3975,52452,0.0025220680958386588
2025-06-02,3915,4140,3915,4135,87943,0.040251572327044016
2025-06-04,4150,4160,3910,4080,51692,-0.013301088270858519
2025-06-05,4080,4150,4025,4050,88977,-0.007352941176470562
2025-06-09,4050,4125,3695,4060,96257,0.0024691358024691024
2025-06-10,4060,4120,3980,4015,29920,-0.011083743842364546
2025-06-11,4030,4095,3990,3990,25649,-0.0062266500622665255
2025-06-12,4040,4130,3990,4005,64954,0.003759398496240518
2025-06-13,4090,4670,4010,4580,990303,0.1435705368289637
2025-06-16,4580,4670,4355,4590,206409,0.0021834061135370675
2025-06-17,4590,5270,4460,5030,1303120,0.0958605664488017
2025-06-18,5030,5440,4930,5050,780274,0.003976143141153132
2025-06-19,5090,5500,4995,5410,510102,0.07128712871287135
2025-06-20,5490,5490,5150,5280,240212,-0.02402957486136781
2025-06-23,5280,5350,4800,5140,283125,-0.02651515151515149
2025-06-24,5120,5370,5110,5270,266458,0.02529182879377423
2025-06-25,5380,5640,5270,5340,224797,0.013282732447817747
2025-06-26,5300,5450,5150,5360,171662,0.0037453183520599342
2025-06-27,5270,5550,5220,5500,191779,0.026119402985074647
2025-06-30,5580,6030,5400,5950,643435,0.08181818181818179
2025-07-01,5970,6300,5870,5950,426044,0.0
2025-07-02,5950,6400,5900,6220,350803,0.04537815126050426
2025-07-03,6240,6310,5740,5750,255485,-0.07556270096463025
2025-07-04,5800,5940,5330,5410,247015,-0.05913043478260871
2025-07-07,5360,5560,5200,5410,173559,0.0
2025-07-08,5320,5490,5260,5410,90971,0.0
2025-07-09,5380,5520,5160,5480,144843,0.012939001848428777
2025-07-10,5470,5700,5280,5610,130248,0.02372262773722622
2025-07-11,5610,5850,5500,5630,184897,0.0035650623885918886
2025-07-14,5700,5700,5320,5520,134234,-0.019538188277087087
2025-07-15,5460,5540,5250,5340,133070,-0.03260869565217395
2025-07-16,5500,5830,5400,5430,182550,0.016853932584269593
2025-07-17,5500,5500,5260,5430,92277,0.0
2025-07-18,5380,5410,5130,5190,154459,-0.04419889502762431
2025-07-21,5210,5320,5100,5160,72927,-0.005780346820809301
2025-07-22,5200,5200,4970,5040,125676,-0.023255813953488413
2025-07-23,5040,5310,4975,5290,69238,0.04960317460317465
2025-07-24,5290,5390,5080,5100,61363,-0.03591682419659736
2025-07-25,5190,5450,5040,5080,33652,-0.0039215686274509665
2025-07-28,5180,5180,4960,5000,40162,-0.015748031496062964
2025-07-29,5000,5110,4905,5080,82552,0.016000000000000014
2025-07-30,5080,5300,4985,5200,119637,0.023622047244094446
2025-07-31,5150,5360,5140,5290,82050,0.017307692307692246
2025-08-01,5290,5290,4970,5200,161397,-0.017013232514177745
2025-08-04,5200,5210,5020,5110,56106,-0.017307692307692357
2025-08-05,5110,5330,5080,5280,58717,0.03326810176125239
2025-08-06,5330,5350,5120,5190,74572,-0.017045454545454586
2025-08-07,5190,5560,5110,5370,165729,0.034682080924855585
2025-08-08,5370,5600,5280,5510,135701,0.026070763500931182
2025-08-11,5510,5580,5380,5390,55453,-0.02177858439201452
2025-08-12,5530,5660,5330,5350,53027,-0.007421150278293154
2025-08-13,5425,5470,5330,5360,50185,0.0018691588785046953
2025-08-14,5370,5830,4980,5080,491305,-0.052238805970149294
2025-08-18,5070,5070,4230,4360,792096,-0.1417322834645669
2025-08-19,4430,4430,4010,4125,251919,-0.05389908256880738
2025-08-20,4100,4125,3800,3995,110615,-0.031515151515151496
2025-08-21,4100,4100,3930,3960,80780,-0.008760951188986232
