Date,Open,High,Low,Close,Volume,Change
2022-01-03,4985,5090,4925,4980,109243,0.024691358024691468
2022-01-04,5080,5250,4970,5160,183457,0.03614457831325302
2022-01-05,5140,5180,4990,5030,88053,-0.025193798449612448
2022-01-06,5040,5300,4980,5260,116676,0.045725646123260466
2022-01-07,5290,5490,5180,5260,248945,0.0
2022-01-10,5260,5320,5100,5200,67763,-0.011406844106463865
2022-01-11,5210,5250,5000,5070,79732,-0.025000000000000022
2022-01-12,5080,5130,5000,5080,58280,0.0019723865877712132
2022-01-13,5080,5110,5010,5020,44443,-0.011811023622047223
2022-01-14,5020,5150,4960,5050,62649,0.005976095617529875
2022-01-17,5150,5640,5070,5100,1528733,0.00990099009900991
2022-01-18,5100,5140,4910,4950,172141,-0.02941176470588236
2022-01-19,4905,5010,4750,4800,132780,-0.030303030303030276
2022-01-20,4810,4955,4745,4955,69206,0.03229166666666661
2022-01-21,4950,5030,4875,5030,79780,0.015136226034308864
2022-01-24,5010,5020,4790,4825,85175,-0.040755467196819106
2022-01-25,4760,4830,4500,4515,119114,-0.06424870466321242
2022-01-26,4470,4595,4445,4535,42546,0.0044296788482836025
2022-01-27,4900,4900,4255,4300,99034,-0.05181918412348396
2022-01-28,4300,4505,3940,4505,139722,0.04767441860465116
2022-02-03,4510,4625,4485,4595,56442,0.019977802441731418
2022-02-04,4585,4640,4510,4635,46913,0.008705114254624613
2022-02-07,4675,4675,4585,4650,23219,0.003236245954692629
2022-02-08,4650,4660,4490,4550,41224,-0.021505376344086002
2022-02-09,4600,4635,4550,4630,26972,0.01758241758241752
2022-02-10,4630,4650,4565,4630,39042,0.0
2022-02-11,4540,4615,4485,4500,51853,-0.02807775377969768
2022-02-14,4480,4480,4230,4270,53626,-0.05111111111111111
2022-02-15,4270,4330,4175,4250,58107,-0.004683840749414525
2022-02-16,4255,4380,4255,4350,40145,0.0235294117647058
2022-02-17,4415,4435,4250,4305,47547,-0.010344827586206917
2022-02-18,4255,4455,4235,4375,42320,0.016260162601626105
2022-02-21,4375,4375,4245,4350,26831,-0.005714285714285672
2022-02-22,4245,4320,4160,4210,38896,-0.03218390804597704
2022-02-23,4185,4305,4165,4300,35611,0.0213776722090262
2022-02-24,4300,4300,4085,4105,59382,-0.04534883720930227
2022-02-25,4115,4275,4115,4170,29795,0.015834348355663774
2022-02-28,4195,4260,4140,4205,35684,0.008393285371702586
2022-03-02,4205,4285,4200,4275,23226,0.016646848989298357
2022-03-03,4350,4400,4300,4400,45243,0.029239766081871288
2022-03-04,4500,4500,4320,4390,28380,-0.002272727272727315
2022-03-07,4310,4345,4275,4320,23759,-0.015945330296127547
2022-03-08,4295,4320,4205,4270,35549,-0.01157407407407407
2022-03-10,4295,4500,4295,4445,93962,0.040983606557376984
2022-03-11,4440,5770,4440,5400,7738892,0.21484814398200225
2022-03-14,5460,5790,5340,5680,2652814,0.051851851851851816
2022-03-15,5900,6250,5570,5880,5046451,0.035211267605633756
2022-03-16,5800,6370,5700,5930,5529633,0.008503401360544283
2022-03-17,5880,5930,5790,5800,819049,-0.021922428330522714
2022-03-18,5770,5840,5610,5710,527732,-0.01551724137931032
2022-03-21,5690,5790,5610,5620,463834,-0.015761821366024553
2022-03-22,5470,5670,5260,5670,478666,0.008896797153024938
2022-03-23,5630,5730,5520,5670,673576,0.0
2022-03-24,5650,6660,5450,6000,8604646,0.05820105820105814
2022-03-25,5940,6330,5870,6120,3351615,0.020000000000000018
2022-03-28,6190,6440,6130,6330,2615672,0.03431372549019618
2022-03-29,6330,6390,6110,6110,685383,-0.034755134281200584
2022-03-30,6090,6150,5840,5910,410428,-0.032733224222585955
2022-03-31,5910,6010,5860,5920,154542,0.0016920473773265332
2022-04-01,5880,5920,5730,5750,267245,-0.028716216216216228
2022-04-04,5680,5920,5680,5790,214726,0.006956521739130528
2022-04-05,5790,5820,5460,5660,244737,-0.022452504317789335
2022-04-06,5660,5670,5530,5560,112463,-0.017667844522968212
2022-04-07,5510,5530,5300,5310,160301,-0.04496402877697847
2022-04-08,5320,5450,5240,5350,147298,0.007532956685499137
2022-04-11,5260,5480,5260,5340,125735,-0.0018691588785046953
2022-04-12,5260,5390,5150,5300,109633,-0.0074906367041198685
2022-04-13,5300,5410,5260,5380,90406,0.015094339622641506
2022-04-14,5470,5470,5310,5350,69387,-0.005576208178438624
2022-04-15,5330,5660,5320,5520,310655,0.031775700934579376
2022-04-18,5540,5780,5470,5720,446594,0.03623188405797095
2022-04-19,5700,5700,5510,5550,146384,-0.029720279720279685
2022-04-20,5580,5730,5510,5520,284746,-0.00540540540540535
2022-04-21,5500,5700,5450,5600,147601,0.01449275362318847
2022-04-22,5550,5580,5460,5550,113109,-0.008928571428571397
2022-04-25,5460,5530,5400,5440,105052,-0.01981981981981984
2022-04-26,5500,5650,5400,5560,134581,0.022058823529411686
2022-04-27,5360,5560,5330,5500,98210,-0.010791366906474864
2022-04-28,5560,5710,5550,5710,281010,0.038181818181818095
2022-04-29,5830,5900,5620,5850,553498,0.024518388791593626
2022-05-02,5790,5910,5710,5840,249585,-0.0017094017094017033
2022-05-03,5770,5810,5610,5690,226604,-0.025684931506849362
2022-05-04,5690,5690,5550,5600,105324,-0.01581722319859402
2022-05-06,5490,5570,5460,5510,69721,-0.016071428571428625
2022-05-09,5430,5490,5250,5270,111554,-0.04355716878402904
2022-05-10,5150,5290,4905,5230,155791,-0.007590132827324458
2022-05-11,5190,5280,5150,5200,45328,-0.005736137667303964
2022-05-12,5120,5150,4875,4890,133559,-0.059615384615384626
2022-05-13,4895,4970,4875,4940,57434,0.010224948875255713
2022-05-16,4905,5100,4905,5000,88814,0.012145748987854255
2022-05-17,5000,5080,4975,4990,51792,-0.0020000000000000018
2022-05-18,5040,5060,4870,4880,97965,-0.022044088176352727
2022-05-19,4800,4800,4675,4755,92491,-0.02561475409836067
2022-05-20,4725,4955,4720,4900,61098,0.030494216614090464
2022-05-23,4805,4905,4805,4815,56156,-0.01734693877551019
2022-05-24,4825,4850,4640,4650,97989,-0.034267912772585674
2022-05-25,4650,4700,4555,4625,52742,-0.005376344086021501
2022-05-26,4625,4900,4625,4645,52662,0.00432432432432428
2022-05-27,4840,4840,4665,4690,28349,0.009687836383207804
2022-05-30,4695,4770,4695,4750,33755,0.01279317697228155
2022-05-31,4800,4830,4695,4820,64965,0.01473684210526316
2022-06-02,4820,4820,4750,4790,22285,-0.006224066390041472
2022-06-03,4780,4905,4780,4850,49008,0.012526096033402823
2022-06-07,4805,4845,4650,4650,56100,-0.04123711340206182
2022-06-08,4660,4800,4650,4655,36713,0.0010752688172042113
2022-06-09,4605,4670,4560,4615,80948,-0.008592910848549962
2022-06-10,4575,4625,4560,4615,25533,0.0
2022-06-13,4480,4535,4280,4335,142607,-0.06067172264355358
2022-06-14,4200,4375,4160,4235,127156,-0.023068050749711633
2022-06-15,4215,4275,4005,4035,89582,-0.0472255017709563
2022-06-16,4015,4240,4015,4090,74847,0.013630731102850069
2022-06-17,4000,4100,3890,4095,75156,0.0012224938875304847
2022-06-20,4110,4110,3685,3770,154270,-0.07936507936507942
2022-06-21,3770,3930,3770,3855,84320,0.022546419098143256
2022-06-22,3835,3935,3620,3630,72536,-0.05836575875486383
2022-06-23,3600,3680,3355,3365,151269,-0.07300275482093666
2022-06-24,3300,3610,3300,3600,94562,0.06983655274888556
2022-06-27,3630,3785,3625,3770,66124,0.047222222222222276
2022-06-28,3740,4110,3735,3925,261226,0.04111405835543769
2022-06-29,3810,3990,3810,3880,81893,-0.01146496815286624
2022-06-30,3885,4270,3855,4000,1067339,0.030927835051546282
2022-07-01,4005,4135,3855,3900,275113,-0.025000000000000022
2022-07-04,3885,3970,3700,3845,95344,-0.014102564102564052
2022-07-05,3875,3980,3850,3965,78803,0.031209362808842567
2022-07-06,3970,3975,3780,3905,46238,-0.015132408575031508
2022-07-07,3925,3965,3875,3950,62568,0.011523687580025532
2022-07-08,4000,4935,3995,4305,6774352,0.08987341772151902
2022-07-11,4290,4315,4200,4210,420013,-0.022067363530778206
2022-07-12,4205,4210,4030,4070,324861,-0.0332541567695962
2022-07-13,4100,4145,4060,4060,146264,-0.002457002457002422
2022-07-14,4045,4095,4015,4065,94636,0.0012315270935960854
2022-07-15,4065,4090,3945,3990,103509,-0.01845018450184499
2022-07-18,4010,4095,4005,4060,70485,0.01754385964912286
2022-07-19,4005,4115,4005,4090,94485,0.00738916256157629
2022-07-20,4120,4155,4070,4085,94256,-0.0012224938875305957
2022-07-21,4090,4130,4080,4095,59945,0.00244798041615657
2022-07-22,4100,4160,4065,4105,63191,0.0024420024420024333
2022-07-25,4095,4265,4040,4160,154414,0.013398294762484664
2022-07-26,4200,4240,4125,4170,76666,0.0024038461538462563
2022-07-27,4140,4205,4045,4190,57138,0.004796163069544335
2022-07-28,4230,4240,4155,4165,61843,-0.005966587112171795
2022-07-29,4150,4270,4150,4255,136436,0.021608643457383003
2022-08-01,4260,4380,4250,4320,143626,0.01527614571092828
2022-08-02,4345,4345,4205,4300,71712,-0.00462962962962965
2022-08-03,4265,4345,4265,4305,48505,0.0011627906976743319
2022-08-04,4370,4410,4310,4335,96314,0.006968641114982521
2022-08-05,4395,4980,4380,4515,7714827,0.04152249134948094
2022-08-08,4515,4585,4435,4535,268775,0.0044296788482836025
2022-08-09,4565,4650,4510,4550,612534,0.00330760749724357
2022-08-10,4530,4705,4495,4585,970091,0.007692307692307665
2022-08-11,5280,5790,5070,5200,9255155,0.13413304252998914
2022-08-12,5350,5350,5170,5280,1309213,0.01538461538461533
2022-08-16,5210,5210,4805,4880,750542,-0.0757575757575758
2022-08-17,4820,4905,4670,4720,361804,-0.032786885245901676
2022-08-18,4645,4675,4560,4600,290942,-0.025423728813559365
2022-08-19,4580,4595,4485,4500,234459,-0.021739130434782594
2022-08-22,4385,4440,4285,4330,214000,-0.0377777777777778
2022-08-23,4230,4440,4215,4440,668883,0.025404157043879882
2022-08-24,4920,5060,4430,4435,2683326,-0.0011261261261261701
2022-08-25,4450,4495,4400,4405,309110,-0.006764374295377684
2022-08-26,4425,4615,4410,4545,615021,0.03178206583427934
2022-08-29,4380,4400,4300,4360,157665,-0.040704070407040716
2022-08-30,4355,4660,4330,4425,534532,0.014908256880733939
2022-08-31,4400,4485,4365,4485,171947,0.013559322033898313
2022-09-01,4425,4450,4320,4320,165890,-0.03678929765886285
2022-09-02,4430,5480,4430,5280,17978256,0.22222222222222232
2022-09-05,6080,6340,5550,5800,18363142,0.0984848484848484
2022-09-06,4920,5090,4640,4655,5510243,-0.1974137931034483
2022-09-07,4655,4725,4290,4315,1888460,-0.07303974221267451
2022-09-08,4315,4550,4315,4440,1243997,0.028968713789107703
2022-09-13,4520,4560,4415,4540,1024894,0.022522522522522515
2022-09-14,4385,4735,4365,4670,1658499,0.028634361233480066
2022-09-15,4625,4695,4565,4610,657922,-0.012847965738758016
2022-09-16,4525,4555,4380,4450,456550,-0.03470715835141003
2022-09-19,4525,4545,4220,4220,462294,-0.051685393258426915
2022-09-20,4195,4320,4120,4125,298207,-0.02251184834123221
2022-09-21,4125,4160,3970,4000,318791,-0.030303030303030276
2022-09-22,3935,4095,3830,3970,268113,-0.007499999999999951
2022-09-23,3975,4000,3740,3790,309256,-0.04534005037783373
2022-09-26,3700,3770,3490,3505,361851,-0.07519788918205805
2022-09-27,3490,3585,3330,3500,237187,-0.0014265335235378318
2022-09-28,3435,3540,3280,3285,215112,-0.06142857142857139
2022-09-29,3325,3515,3325,3325,243838,0.0121765601217656
2022-09-30,3260,3405,3235,3335,217690,0.003007518796992459
2022-10-04,3430,3480,3380,3480,99292,0.04347826086956519
2022-10-05,3495,3605,3375,3405,343118,-0.02155172413793105
2022-10-06,3385,3830,3385,3525,1340796,0.03524229074889873
2022-10-07,3515,3540,3465,3530,106175,0.0014184397163119478
2022-10-11,3410,3475,3255,3305,253103,-0.0637393767705382
2022-10-12,3280,3345,3250,3340,133214,0.010590015128593144
2022-10-13,3280,3300,3025,3025,295473,-0.09431137724550898
2022-10-14,3055,3250,3055,3155,216014,0.04297520661157028
2022-10-17,3085,3250,3080,3235,74548,0.02535657686212356
2022-10-18,3285,3435,3240,3345,96173,0.03400309119010814
2022-10-19,3350,3415,3295,3315,98753,-0.008968609865470878
2022-10-20,3315,3390,3240,3270,68637,-0.013574660633484115
2022-10-21,3285,3345,3170,3200,68537,-0.021406727828746197
2022-10-24,3300,3380,3280,3325,80516,0.0390625
2022-10-25,3325,3860,3255,3375,2907016,0.015037593984962516
2022-10-26,3335,3375,3205,3230,324937,-0.04296296296296298
2022-10-27,3230,3540,3230,3355,1353673,0.03869969040247678
2022-10-28,3425,3545,3310,3335,450977,-0.005961251862891204
2022-10-31,3355,3380,3295,3295,128390,-0.01199400299850073
2022-11-01,3310,3435,3295,3390,178482,0.028831562974203306
2022-11-02,3425,3455,3330,3355,128207,-0.010324483775811188
2022-11-03,3270,3480,3270,3395,179051,0.011922503725782407
2022-11-04,3420,3425,3320,3415,134071,0.00589101620029453
2022-11-07,3425,3580,3415,3540,307547,0.03660322108345526
2022-11-08,3550,3830,3510,3675,1843101,0.03813559322033888
2022-11-09,3675,3725,3625,3645,271168,-0.008163265306122436
2022-11-10,3580,3730,3555,3690,207799,0.012345679012345734
2022-11-11,3770,3775,3700,3735,361599,0.012195121951219523
2022-11-14,3735,3755,3685,3740,227364,0.0013386880856760541
2022-11-15,3740,3920,3740,3785,822804,0.012032085561497263
2022-11-16,3815,3815,3730,3735,186164,-0.013210039630118908
2022-11-17,3800,3950,3685,3805,795937,0.018741633199464536
2022-11-18,3850,3940,3720,3730,364955,-0.019710906701708275
2022-11-21,3705,3730,3595,3645,207863,-0.02278820375335122
2022-11-22,3665,4000,3665,3820,1212946,0.0480109739368999
2022-11-23,3840,3900,3785,3860,269898,0.010471204188481575
2022-11-24,3870,3965,3805,3875,335371,0.0038860103626943143
2022-11-25,3895,3910,3830,3880,162780,0.001290322580645098
2022-11-28,3920,3940,3700,3710,293156,-0.04381443298969068
2022-11-29,3665,3820,3605,3800,249603,0.0242587601078168
2022-11-30,3820,3870,3750,3795,128144,-0.001315789473684159
2022-12-01,3845,3990,3845,3930,742657,0.035573122529644285
2022-12-02,3905,3960,3830,3845,201239,-0.021628498727735423
2022-12-05,3850,3875,3795,3845,100758,0.0
2022-12-06,3770,3810,3685,3710,126379,-0.03511053315994794
2022-12-07,3635,3710,3575,3665,136609,-0.0121293800539084
2022-12-08,3645,3850,3540,3580,330911,-0.023192360163710735
2022-12-09,3585,3685,3540,3615,80657,0.009776536312849249
2022-12-12,3515,3615,3515,3585,64825,-0.008298755186721962
2022-12-13,3560,3620,3545,3575,76110,-0.002789400278940035
2022-12-14,3560,3625,3560,3605,51281,0.008391608391608463
2022-12-15,3595,3655,3570,3605,53793,0.0
2022-12-16,3520,3585,3515,3540,46137,-0.018030513176144236
2022-12-19,3535,3580,3475,3550,48477,0.0028248587570620654
2022-12-20,3510,3550,3400,3410,105842,-0.03943661971830981
2022-12-21,3430,3560,3350,3415,173788,0.0014662756598240456
2022-12-22,3460,3535,3400,3405,101907,-0.002928257686676372
2022-12-23,3385,3395,3250,3275,90560,-0.038179148311306865
2022-12-26,3220,3280,3220,3270,74622,-0.0015267175572518665
2022-12-27,3225,3375,3225,3330,66754,0.0183486238532109
2022-12-28,3350,3365,3305,3340,45844,0.0030030030030030463
2022-12-29,3290,3315,3180,3280,93984,-0.017964071856287456
2023-01-02,3260,3335,3200,3200,85045,-0.024390243902439046
2023-01-03,3175,3285,3055,3135,196384,-0.020312499999999956
2023-01-04,3135,3225,3065,3200,86040,0.020733652312599604
2023-01-05,3210,3415,3190,3360,127846,0.050000000000000044
2023-01-06,3295,3370,3250,3365,79573,0.0014880952380953438
2023-01-09,3370,3580,3335,3545,228499,0.05349182763744431
2023-01-10,3545,3630,3520,3590,142466,0.012693935119887145
2023-01-11,3630,3755,3610,3625,185259,0.009749303621169991
2023-01-12,3660,3735,3610,3700,167515,0.020689655172413834
2023-01-13,3700,3750,3665,3715,113379,0.004054054054054124
2023-01-16,3710,3750,3645,3645,72219,-0.018842530282637937
2023-01-17,3645,3680,3590,3595,72906,-0.013717421124828544
2023-01-18,3595,3640,3565,3640,43211,0.012517385257301727
2023-01-19,3565,3655,3550,3630,61054,-0.0027472527472527375
2023-01-20,3625,3660,3590,3630,42035,0.0
2023-01-25,3635,3735,3635,3700,63294,0.019283746556473913
2023-01-26,3670,3750,3665,3745,67450,0.012162162162162149
2023-01-27,3730,3920,3705,3890,247327,0.03871829105473967
2023-01-30,3885,3940,3820,3930,158843,0.010282776349614497
2023-01-31,3895,3960,3835,3925,159904,-0.0012722646310432406
2023-02-01,3935,3990,3850,3850,172332,-0.019108280254777066
2023-02-02,3855,3945,3825,3900,177149,0.01298701298701288
2023-02-03,3895,3940,3800,3845,109745,-0.014102564102564052
2023-02-06,3780,3825,3705,3785,90584,-0.015604681404421283
2023-02-07,3785,3855,3775,3815,64859,0.00792602377807139
2023-02-08,3885,3885,3805,3835,107397,0.005242463958060384
2023-02-09,3835,3850,3780,3810,44695,-0.006518904823989535
2023-02-10,3765,3840,3705,3795,99570,-0.003937007874015741
2023-02-13,3775,3805,3720,3755,53013,-0.010540184453227908
2023-02-14,3730,3815,3730,3750,44300,-0.0013315579227696217
2023-02-15,3750,3750,3520,3570,203756,-0.04800000000000004
2023-02-16,3540,3685,3540,3640,62267,0.019607843137254832
2023-02-17,3620,3680,3570,3620,45574,-0.005494505494505475
2023-02-20,3630,3650,3545,3600,57918,-0.0055248618784530246
2023-02-21,3655,3750,3625,3710,101483,0.030555555555555447
2023-02-22,3710,3720,3650,3680,56025,-0.008086253369272267
2023-02-23,3660,3735,3645,3710,55763,0.008152173913043459
2023-02-24,3745,3745,3530,3530,150368,-0.04851752021563338
2023-02-27,3505,3555,3480,3480,50681,-0.014164305949008527
2023-02-28,3500,3575,3470,3535,36684,0.015804597701149392
2023-03-02,3535,3600,3515,3565,104422,0.008486562942008558
2023-03-03,3580,3605,3375,3495,87706,-0.01963534361851338
2023-03-06,3515,3570,3495,3540,106207,0.012875536480686733
2023-03-07,3465,3575,3465,3530,81672,-0.0028248587570621764
2023-03-08,3520,3520,3410,3450,68891,-0.022662889518413554
2023-03-09,3450,3490,3380,3450,69617,0.0
2023-03-10,3420,3425,3350,3375,50389,-0.021739130434782594
2023-03-13,3350,3375,3250,3335,93871,-0.011851851851851891
2023-03-14,3300,3345,3200,3200,135867,-0.040479760119940034
2023-03-15,3210,3370,3210,3355,100606,0.04843749999999991
2023-03-16,3320,3320,3230,3290,62208,-0.019374068554396384
2023-03-17,3300,3375,3290,3375,52457,0.02583586626139822
2023-03-20,3375,3410,3355,3390,22792,0.004444444444444473
2023-03-21,3390,3425,3305,3335,40554,-0.016224188790560423
2023-03-22,3335,3365,3265,3280,60641,-0.016491754122938573
2023-03-23,3245,3280,3200,3225,69271,-0.01676829268292679
2023-03-24,3225,3245,3180,3230,55831,0.0015503875968991832
2023-03-27,3250,3365,3160,3220,52032,-0.003095975232198178
2023-03-28,3245,3280,3220,3280,56698,0.01863354037267073
2023-03-29,3265,3275,3230,3260,38583,-0.0060975609756097615
2023-03-30,3250,3300,3240,3300,27902,0.012269938650306678
2023-03-31,3275,3305,3240,3260,35351,-0.012121212121212088
2023-04-03,3265,3335,3265,3310,54698,0.015337423312883347
2023-04-04,3310,3395,3295,3390,60312,0.024169184290030232
2023-04-05,3380,3380,3340,3370,23789,-0.005899705014749235
2023-04-06,3345,3370,3265,3275,63815,-0.028189910979228516
2023-04-07,3275,3295,3235,3270,53950,-0.0015267175572518665
2023-04-10,3270,3270,3140,3180,142708,-0.02752293577981646
2023-04-11,3180,3225,3135,3225,56857,0.014150943396226356
2023-04-12,3225,3280,3205,3275,95515,0.015503875968992276
2023-04-13,3265,3315,3235,3305,85788,0.009160305343511421
2023-04-14,3285,3335,3280,3315,50448,0.00302571860816947
2023-04-17,3290,3580,3260,3580,435504,0.07993966817496223
2023-04-18,3400,3500,3340,3375,277986,-0.05726256983240219
2023-04-19,3350,3435,3335,3390,91470,0.004444444444444473
2023-04-20,3390,3390,3305,3305,88063,-0.02507374631268433
2023-04-21,3300,3330,3240,3265,92778,-0.012102874432677768
2023-04-24,3250,3265,3200,3215,66273,-0.015313935681470103
2023-04-25,3190,3230,3145,3190,91268,-0.007776049766718529
2023-04-26,3155,3235,3125,3205,51226,0.004702194357366851
2023-04-27,3205,3205,3145,3200,28553,-0.0015600624024960652
2023-04-28,3245,3245,3140,3185,60889,-0.004687499999999956
2023-05-02,3190,3250,3165,3185,57176,0.0
2023-05-03,3130,3225,3130,3225,44401,0.012558869701726927
2023-05-04,3225,3290,3190,3275,62614,0.015503875968992276
2023-05-08,3280,3330,3265,3320,61651,0.013740458015267132
2023-05-09,3310,3380,3275,3350,78509,0.009036144578313143
2023-05-10,3350,3385,3315,3350,84909,0.0
2023-05-11,3350,3375,3325,3340,72670,-0.0029850746268657025
2023-05-12,3340,3390,3300,3320,55003,-0.005988023952095856
2023-05-15,3300,3320,3265,3290,30593,-0.009036144578313254
2023-05-16,3290,3385,3285,3385,78103,0.028875379939209633
2023-05-17,3365,3450,3360,3400,72050,0.004431314623338345
2023-05-18,3405,3450,3370,3415,51527,0.004411764705882337
2023-05-19,3425,3465,3395,3445,102838,0.008784773060029227
2023-05-22,3460,3635,3440,3550,417892,0.030478955007256836
2023-05-23,3525,3540,3465,3490,142627,-0.016901408450704203
2023-05-24,3485,3600,3435,3555,283095,0.018624641833810962
2023-05-25,3635,3635,3480,3550,171670,-0.0014064697609000865
2023-05-26,3550,3550,3465,3490,69921,-0.016901408450704203
2023-05-30,3490,3510,3400,3440,81666,-0.014326647564469885
2023-05-31,3400,3495,3400,3460,65366,0.005813953488372103
2023-06-01,3470,3495,3425,3480,61011,0.005780346820809301
2023-06-02,3480,3565,3480,3525,58352,0.012931034482758674
2023-06-05,3505,3565,3505,3550,47819,0.007092198581560183
2023-06-07,3520,3580,3520,3550,99947,0.0
2023-06-08,3550,3560,3500,3560,63727,0.0028169014084507005
2023-06-09,3580,3580,3540,3555,58718,-0.001404494382022503
2023-06-12,3585,3585,3495,3525,63668,-0.008438818565400852
2023-06-13,3720,3720,3535,3535,548749,0.0028368794326241176
2023-06-14,3565,3565,3495,3545,100289,0.0028288543140029265
2023-06-15,3510,3550,3485,3530,73829,-0.004231311706629048
2023-06-16,3555,3665,3530,3650,180353,0.03399433427762033
2023-06-19,3670,3740,3640,3720,243219,0.019178082191780854
2023-06-20,3720,3765,3670,3685,111754,-0.009408602150537626
2023-06-21,3685,3750,3685,3710,96664,0.006784260515603879
2023-06-22,3730,3895,3665,3745,456391,0.009433962264151052
2023-06-23,3750,3800,3730,3795,192254,0.013351134846461887
2023-06-26,3900,3900,3765,3765,269905,-0.007905138339920903
2023-06-27,3760,3790,3650,3740,143857,-0.006640106241699861
2023-06-28,3740,3855,3700,3820,199693,0.021390374331550888
2023-06-29,3820,3820,3740,3810,140884,-0.002617801047120394
2023-06-30,3715,3770,3625,3695,144728,-0.030183727034120755
2023-07-03,3695,3750,3690,3740,93351,0.012178619756427533
2023-07-04,3720,3745,3630,3660,93346,-0.021390374331550777
2023-07-05,3635,3635,3495,3495,179123,-0.04508196721311475
2023-07-06,3530,3535,3350,3390,119606,-0.030042918454935674
2023-07-07,3310,3460,3310,3385,76928,-0.001474926253687281
2023-07-10,3340,3570,3340,3495,135149,0.03249630723781394
2023-07-11,3525,3570,3450,3530,78319,0.010014306151645114
2023-07-12,3600,3600,3480,3525,105558,-0.0014164305949008194
2023-07-13,3525,3650,3480,3630,164563,0.029787234042553123
2023-07-14,3660,3660,3480,3560,189319,-0.019283746556473802
2023-07-17,3800,3860,3650,3700,1558922,0.0393258426966292
2023-07-18,3665,3685,3540,3540,268378,-0.043243243243243246
2023-07-19,3545,3545,3430,3525,184722,-0.004237288135593209
2023-07-20,3490,3695,3440,3695,340795,0.04822695035461
2023-07-21,3585,3615,3485,3490,224528,-0.05548037889039237
2023-07-24,3490,3490,3365,3375,174595,-0.03295128939828085
2023-07-25,3325,3400,3265,3265,132385,-0.03259259259259262
2023-07-26,3265,3275,3005,3060,258036,-0.06278713629402755
2023-07-27,3000,3165,3000,3130,93258,0.02287581699346397
2023-07-28,3080,3190,3080,3185,53459,0.01757188498402562
2023-07-31,3190,3755,3150,3600,8809159,0.1302982731554161
2023-08-01,3630,3705,3350,3365,1770365,-0.06527777777777777
2023-08-02,3405,3410,3280,3295,261923,-0.0208023774145617
2023-08-03,3260,3315,3170,3210,198872,-0.025796661608497695
2023-08-04,3245,3245,3195,3195,88342,-0.004672897196261627
2023-08-07,3255,3395,3255,3395,254060,0.06259780907668233
2023-08-08,3400,3445,3340,3405,243388,0.002945508100147265
2023-08-09,3470,3560,3410,3555,542525,0.044052863436123246
2023-08-10,3495,3505,3300,3305,445555,-0.07032348804500699
2023-08-11,3280,3305,3210,3220,182431,-0.02571860816944027
2023-08-14,3225,3240,3190,3200,84646,-0.006211180124223614
2023-08-16,3210,3210,3135,3150,92420,-0.015625
2023-08-17,3105,3195,3095,3155,84949,0.0015873015873015817
2023-08-18,3120,3220,3120,3180,52129,0.007923930269413626
2023-08-21,3220,3220,3145,3170,49474,-0.0031446540880503138
2023-08-22,3190,3190,3110,3130,74507,-0.012618296529968487
2023-08-23,3135,3200,3135,3155,90759,0.007987220447284393
2023-08-24,3155,3180,3125,3150,63240,-0.0015847860538826808
2023-08-25,3155,3160,3120,3145,50954,-0.0015873015873015817
2023-08-28,3160,3260,3145,3235,86200,0.02861685214626397
2023-08-29,3235,3270,3200,3235,94733,0.0
2023-08-30,3250,3285,3230,3260,42347,0.007727975270479082
2023-08-31,3245,3255,3200,3215,42541,-0.013803680981595123
2023-09-01,3200,3450,3195,3235,416416,0.0062208398133747345
2023-09-04,3235,3260,3200,3235,79336,0.0
2023-09-05,3235,3255,3140,3190,67467,-0.01391035548686248
2023-09-06,3190,3230,3160,3190,52864,0.0
2023-09-07,3200,3205,3155,3165,30666,-0.00783699059561127
2023-09-08,3140,3190,3140,3190,30328,0.00789889415481837
2023-09-11,3220,3240,3110,3200,36991,0.0031347962382444194
2023-09-12,3200,3210,3140,3160,58722,-0.012499999999999956
2023-09-13,3130,3180,3130,3140,37710,-0.006329113924050667
2023-09-14,3125,3175,3120,3145,39222,0.0015923566878981443
2023-09-15,3160,3180,3130,3175,56601,0.009538950715421324
2023-09-18,3170,3185,3130,3165,57209,-0.0031496062992125706
2023-09-19,3160,3170,3140,3145,45932,-0.006319115323854652
2023-09-20,3150,3150,3120,3130,40854,-0.004769475357710662
2023-09-21,3130,3130,3100,3100,78687,-0.009584664536741228
2023-09-22,3210,3240,3090,3090,133062,-0.003225806451612856
2023-09-25,3115,3355,3070,3070,408725,-0.006472491909385147
2023-09-26,3070,3100,3040,3040,80195,-0.009771986970684043
2023-09-27,3020,3070,3020,3060,27211,0.006578947368421018
2023-10-04,3060,3060,2990,3005,62239,-0.017973856209150374
2023-10-05,2975,3040,2960,2960,74091,-0.014975041597337757
2023-10-06,2935,3010,2935,3000,37164,0.013513513513513598
2023-10-10,3040,3040,2955,2990,27697,-0.0033333333333332993
2023-10-11,2995,3155,2960,3000,150819,0.0033444816053511683
2023-10-12,2970,3040,2970,3010,32173,0.0033333333333334103
2023-10-13,3020,3030,2995,3005,26571,-0.0016611295681062677
2023-10-16,3005,3025,2950,2975,37341,-0.009983361064891838
2023-10-17,2975,3025,2975,2995,34186,0.006722689075630228
2023-10-18,3015,3015,2915,2950,50577,-0.015025041736227096
2023-10-19,2900,2930,2855,2860,80016,-0.03050847457627115
2023-10-20,2855,2860,2765,2860,54212,0.0
2023-10-23,2810,2855,2785,2805,41184,-0.019230769230769273
2023-10-24,2780,2890,2775,2870,48632,0.02317290552584672
2023-10-25,2895,2955,2890,2910,23216,0.013937282229965264
2023-10-26,2880,2910,2845,2845,18624,-0.022336769759450203
2023-10-27,2845,2885,2820,2840,23797,-0.0017574692442882123
2023-10-30,2840,2865,2830,2850,34624,0.0035211267605634866
2023-10-31,2865,2865,2765,2770,29735,-0.028070175438596467
2023-11-01,2770,2815,2760,2780,21328,0.0036101083032491488
2023-11-02,2780,2855,2780,2855,162432,0.026978417266187105
2023-11-03,3390,3645,3000,3300,9867095,0.15586690017513138
2023-11-06,3220,3300,3140,3260,1023438,-0.012121212121212088
2023-11-07,3225,3245,3140,3140,488896,-0.036809815950920255
2023-11-08,3125,3175,3085,3085,246845,-0.017515923566879033
2023-11-09,3050,3200,3020,3030,399392,-0.017828200972447306
2023-11-10,3005,3100,2980,3075,174920,0.014851485148514865
2023-11-13,3065,3075,2965,2975,197455,-0.03252032520325199
2023-11-14,2980,3235,2980,3135,482362,0.05378151260504205
2023-11-15,3100,3150,3045,3115,197018,-0.006379585326953707
2023-11-16,3085,3145,3075,3110,160673,-0.0016051364365970988
2023-11-17,3085,3125,3070,3070,141193,-0.012861736334405127
2023-11-20,3070,3160,3065,3115,114791,0.014657980456026065
2023-11-21,3120,3190,3120,3155,194875,0.01284109149277679
2023-11-22,3190,3225,3140,3215,199799,0.019017432646592614
2023-11-23,3300,3315,3155,3170,275578,-0.013996889580093264
2023-11-24,3155,3230,3145,3180,115492,0.003154574132492094
2023-11-27,3165,3225,3155,3155,128791,-0.00786163522012584
2023-11-28,3150,3185,3130,3130,118297,-0.007923930269413626
2023-11-29,3130,3135,3050,3060,128942,-0.022364217252396124
2023-11-30,3085,3150,3065,3110,87984,0.016339869281045694
2023-12-01,3100,3115,3070,3085,57681,-0.008038585209003246
2023-12-04,3100,3210,3075,3175,149682,0.029173419773095732
2023-12-05,3175,3210,3135,3190,124153,0.0047244094488188
2023-12-06,3190,3295,3160,3260,361988,0.021943573667711602
2023-12-07,3220,3240,3125,3125,183809,-0.04141104294478526
2023-12-08,3110,3280,3100,3185,243700,0.019200000000000106
2023-12-11,3170,3220,3130,3160,73387,-0.00784929356357933
2023-12-12,3160,3195,3125,3170,74223,0.0031645569620253333
2023-12-13,3170,3175,3075,3075,114995,-0.029968454258675115
2023-12-14,3105,3135,3055,3065,43566,-0.003252032520325243
2023-12-15,3050,3100,3050,3065,100127,0.0
2023-12-18,3085,3105,3060,3090,31818,0.00815660685154973
2023-12-19,3080,3200,3065,3185,233245,0.0307443365695792
2023-12-20,3500,3600,3200,3225,2360958,0.012558869701726927
2023-12-21,3215,3385,3150,3155,602063,-0.02170542635658912
2023-12-22,3165,3175,3115,3130,149808,-0.007923930269413626
2023-12-26,3130,3190,3085,3090,122196,-0.012779552715655007
2023-12-27,3080,3130,3080,3115,91103,0.008090614886731462
2023-12-28,3095,3135,3065,3130,78509,0.0048154093097914075
2024-01-02,3165,3185,3150,3185,78577,0.01757188498402562
2024-01-03,3180,3205,3140,3205,69083,0.006279434850863463
2024-01-04,3175,3205,3155,3175,47711,-0.009360374414976613
2024-01-05,3175,3225,3175,3195,89182,0.006299212598425141
2024-01-08,3195,3255,3175,3205,79015,0.003129890453834161
2024-01-09,3210,3255,3200,3220,108268,0.004680187207488196
2024-01-10,3240,3280,3205,3215,83837,-0.0015527950310558758
2024-01-11,3215,3275,3215,3255,79097,0.012441679626749691
2024-01-12,3255,3255,3165,3195,78501,-0.018433179723502335
2024-01-15,3205,3250,3195,3205,64031,0.003129890453834161
2024-01-16,3205,3220,3100,3210,86029,0.0015600624024960652
2024-01-17,3200,3210,3070,3090,121121,-0.03738317757009346
2024-01-18,3100,3180,3085,3150,100882,0.01941747572815533
2024-01-19,3150,3230,3110,3180,65353,0.00952380952380949
2024-01-22,3195,3195,3135,3155,37562,-0.00786163522012584
2024-01-23,3115,3425,3115,3310,1154965,0.04912836767036444
2024-01-24,3285,3330,3230,3315,177336,0.0015105740181269312
2024-01-25,3285,3380,3205,3295,379559,-0.006033182503770718
2024-01-26,3325,3380,3220,3245,332170,-0.015174506828528056
2024-01-29,3240,3275,3140,3270,180084,0.007704160246533087
2024-01-30,3360,3545,3240,3540,1466218,0.08256880733944949
2024-01-31,3315,3380,3250,3265,743399,-0.07768361581920902
2024-02-01,3200,3330,3170,3230,419579,-0.01071975497702915
2024-02-02,3260,3335,3240,3245,163728,0.004643962848297267
2024-02-05,3245,3245,3180,3200,110691,-0.013867488443759624
2024-02-06,3180,3320,3150,3265,159088,0.020312499999999956
2024-02-07,3265,3325,3225,3245,84245,-0.006125574272588086
2024-02-08,3275,3275,3215,3220,67225,-0.007704160246533087
2024-02-13,3220,3275,3205,3270,80981,0.01552795031055898
2024-02-14,3205,3270,3205,3260,76561,-0.003058103975535187
2024-02-15,3250,3250,3200,3230,91658,-0.009202453987730008
2024-02-16,3215,3285,3205,3240,92352,0.003095975232198178
2024-02-19,3240,3250,3170,3235,72720,-0.0015432098765432167
2024-02-20,3225,3235,3180,3205,57491,-0.009273570324574987
2024-02-21,3175,3220,3165,3170,86384,-0.010920436817472678
2024-02-22,3170,3200,3145,3145,57990,-0.007886435331230235
2024-02-23,3140,3160,3115,3130,46890,-0.004769475357710662
2024-02-26,3145,3195,3140,3180,44723,0.015974440894568787
2024-02-27,3165,3180,3125,3150,51064,-0.009433962264150941
2024-02-28,3150,3170,3120,3160,25145,0.0031746031746031633
2024-02-29,3160,3175,3105,3130,27724,-0.009493670886076
2024-03-04,3145,3150,3100,3120,34852,-0.0031948881789137795
2024-03-05,3095,3130,3080,3125,40033,0.0016025641025640969
2024-03-06,3130,3130,3065,3080,50308,-0.014399999999999968
2024-03-07,3065,3165,3050,3075,67790,-0.0016233766233766378
2024-03-08,3085,3100,3040,3045,54055,-0.009756097560975618
2024-03-11,3025,3060,3015,3030,35243,-0.0049261083743842304
2024-03-12,3070,3070,3000,3050,53742,0.0066006600660066805
2024-03-13,3055,3060,3015,3030,29115,-0.006557377049180357
2024-03-14,3020,3045,2965,3040,84802,0.0033003300330032292
2024-03-15,3040,3045,2995,3020,36284,-0.006578947368421018
2024-03-18,3005,3030,2985,3000,49289,-0.0066225165562914245
2024-03-19,2980,3015,2980,2995,22036,-0.0016666666666667052
2024-03-20,3000,3005,2900,2900,62422,-0.03171953255425708
2024-03-21,2920,2995,2915,2995,40727,0.03275862068965507
2024-03-22,3015,3020,2980,3015,28589,0.006677796327211993
2024-03-25,3020,3050,3005,3045,33574,0.00995024875621886
2024-03-26,3060,3060,3010,3055,23852,0.003284072249589487
2024-03-27,3030,3060,3015,3050,15218,-0.0016366612111292644
2024-03-28,3055,3055,3010,3030,14916,-0.006557377049180357
2024-03-29,3030,3040,2945,2955,56494,-0.024752475247524774
2024-04-01,2955,3005,2900,2965,79431,0.0033840947546530664
2024-04-02,2935,2980,2920,2925,48636,-0.013490725126475533
2024-04-03,2925,3010,2900,3010,39303,0.029059829059828957
2024-04-04,2980,3010,2935,2960,44319,-0.01661129568106312
2024-04-05,2925,3000,2925,2990,32086,0.010135135135135087
2024-04-08,3000,3000,2940,2940,33256,-0.01672240802675584
2024-04-09,2940,3005,2940,2980,30978,0.013605442176870763
2024-04-11,2975,2990,2945,2970,13479,-0.003355704697986628
2024-04-12,2940,2985,2900,2900,64954,-0.023569023569023573
2024-04-15,2890,2920,2825,2830,27041,-0.024137931034482807
2024-04-16,2825,2845,2785,2825,66951,-0.0017667844522968323
2024-04-17,2800,2825,2775,2815,44714,-0.0035398230088495852
2024-04-18,2815,2860,2815,2835,26763,0.007104795737122638
2024-04-19,2860,2860,2795,2810,29611,-0.00881834215167554
2024-04-22,2865,2865,2825,2830,12843,0.007117437722419906
2024-04-23,2850,2865,2805,2830,28625,0.0
2024-04-24,2830,2860,2825,2830,15164,0.0
2024-04-25,2845,2850,2815,2835,15636,0.0017667844522968323
2024-04-26,2815,2845,2805,2810,20979,-0.00881834215167554
2024-04-29,2835,2835,2805,2820,20606,0.003558718861210064
2024-04-30,2820,2855,2810,2835,17321,0.005319148936170137
2024-05-02,2815,2865,2815,2860,26719,0.008818342151675429
2024-05-03,2845,2875,2840,2855,10730,-0.0017482517482517723
2024-05-07,2855,2875,2835,2870,25058,0.005253940455341555
2024-05-08,2870,2905,2855,2900,14415,0.010452961672473782
2024-05-09,2910,2915,2890,2905,7839,0.0017241379310344307
2024-05-10,2905,2925,2890,2915,16964,0.0034423407917383297
2024-05-13,2910,3100,2880,2890,167414,-0.00857632933104635
2024-05-14,2900,2950,2895,2940,38864,0.01730103806228378
2024-05-16,2940,2975,2915,2955,27203,0.005102040816326481
2024-05-17,2920,2945,2915,2925,21515,-0.010152284263959421
2024-05-20,2925,2940,2925,2935,20568,0.0034188034188034067
2024-05-21,2945,2950,2920,2940,21608,0.0017035775127767216
2024-05-22,2955,2955,2920,2925,21027,-0.005102040816326481
2024-05-23,2940,2945,2900,2900,35868,-0.008547008547008517
2024-05-24,2915,2930,2890,2930,17190,0.010344827586206806
2024-05-27,2950,2950,2905,2920,28822,-0.0034129692832765013
2024-05-28,2935,2935,2895,2925,22545,0.001712328767123239
2024-05-29,2940,2960,2900,2940,19658,0.00512820512820511
2024-05-30,2950,2955,2915,2930,14431,-0.003401360544217691
2024-05-31,2945,2950,2900,2935,11270,0.0017064846416381396
2024-06-03,2935,3000,2890,2970,63655,0.011925042589437718
2024-06-04,2965,2965,2910,2930,26898,-0.013468013468013518
2024-06-05,2930,2930,2875,2875,46545,-0.018771331058020424
2024-06-07,2885,2890,2830,2830,34657,-0.01565217391304352
2024-06-10,2840,2865,2815,2860,33123,0.010600706713780994
2024-06-11,2850,2870,2845,2860,23716,0.0
2024-06-12,2860,2900,2840,2860,21519,0.0
2024-06-13,2870,2900,2850,2875,26805,0.005244755244755206
2024-06-14,2855,2875,2740,2855,26585,-0.006956521739130417
2024-06-17,2860,2905,2860,2895,34993,0.014010507880910739
2024-06-18,2885,2910,2850,2870,10071,-0.008635578583765069
2024-06-19,2885,2885,2825,2840,36903,-0.010452961672473893
2024-06-20,2855,2885,2825,2875,37016,0.012323943661971759
2024-06-21,2845,2865,2810,2845,20769,-0.01043478260869568
2024-06-24,2830,2845,2800,2800,34291,-0.01581722319859402
2024-06-25,2810,2830,2780,2795,39407,-0.0017857142857142794
2024-06-26,2810,2830,2795,2815,9824,0.007155635062611854
2024-06-27,2820,2820,2750,2790,26209,-0.008880994671403242
2024-06-28,2790,2830,2765,2800,37124,0.0035842293906809264
2024-07-01,2795,2850,2780,2825,15744,0.008928571428571397
2024-07-02,2815,2835,2780,2805,36746,-0.0070796460176991705
2024-07-03,2800,2810,2760,2790,37548,-0.005347593582887722
2024-07-04,2755,2790,2750,2765,28219,-0.008960573476702538
2024-07-05,2760,2780,2740,2765,19134,0.0
2024-07-08,2765,2805,2755,2795,14366,0.010849909584086825
2024-07-09,2720,2790,2720,2785,44018,-0.003577817531305927
2024-07-10,2785,2785,2750,2765,20446,-0.007181328545781018
2024-07-11,2780,2810,2740,2800,17884,0.012658227848101333
2024-07-12,2755,2815,2755,2765,12661,-0.012499999999999956
2024-07-15,2765,2800,2750,2780,22761,0.005424954792043302
2024-07-16,2780,2830,2735,2780,36987,0.0
2024-07-17,2780,2820,2770,2805,31288,0.008992805755395628
2024-07-18,2810,2930,2790,2885,235581,0.028520499108734443
2024-07-19,2820,2830,2740,2815,108681,-0.024263431542461023
2024-07-22,2815,2815,2765,2800,45094,-0.005328596802841923
2024-07-23,2780,2805,2740,2780,31793,-0.0071428571428571175
2024-07-24,2755,2815,2750,2800,32984,0.007194244604316502
2024-07-25,2775,2795,2725,2745,41573,-0.019642857142857184
2024-07-26,2750,2755,2685,2715,142111,-0.010928961748633892
2024-07-29,2725,2745,2695,2720,15796,0.0018416206261511192
2024-07-30,2700,3535,2675,3535,9848796,0.2996323529411764
2024-07-31,3510,4090,3305,3465,19375117,-0.01980198019801982
2024-08-01,3410,3415,3230,3385,2680836,-0.023088023088023046
2024-08-02,3390,3715,3060,3140,10943800,-0.07237813884785815
2024-08-05,3070,3080,2465,2550,1672706,-0.18789808917197448
2024-08-06,2550,2700,2550,2655,897862,0.04117647058823537
2024-08-07,2660,2780,2655,2755,527129,0.03766478342749524
2024-08-08,2735,2735,2615,2635,541488,-0.04355716878402904
2024-08-09,2700,3185,2685,2975,5365429,0.12903225806451624
2024-08-12,2975,3055,2925,2930,658075,-0.015126050420168013
2024-08-13,2890,2930,2765,2790,486455,-0.04778156996587035
2024-08-14,2815,3040,2785,2920,1089928,0.04659498207885315
2024-08-16,2920,2950,2865,2875,264469,-0.015410958904109595
2024-08-19,2880,2945,2800,2940,338975,0.022608695652173827
2024-08-20,2980,3060,2895,3015,930105,0.025510204081632626
2024-08-21,2970,2980,2905,2920,305819,-0.031509121061359835
2024-08-22,2910,3080,2855,2905,662468,-0.005136986301369828
2024-08-23,2880,2930,2825,2855,233004,-0.01721170395869187
2024-08-26,2895,2895,2760,2780,135196,-0.02626970227670755
2024-08-27,2780,2805,2735,2760,144873,-0.007194244604316502
2024-08-28,2760,2765,2670,2670,172552,-0.03260869565217395
2024-08-29,2645,2665,2615,2625,120482,-0.016853932584269704
2024-08-30,2625,2695,2625,2685,45274,0.02285714285714291
2024-09-02,2685,2745,2650,2710,60691,0.009310986964618184
2024-09-03,2685,2725,2650,2685,53867,-0.009225092250922495
2024-09-04,2560,2650,2560,2620,121213,-0.02420856610800748
2024-09-05,2610,2665,2560,2605,85179,-0.005725190839694694
2024-09-06,2580,2620,2500,2595,108180,-0.0038387715930902067
2024-09-09,2570,2625,2515,2595,41719,0.0
2024-09-10,2595,2625,2565,2610,31417,0.005780346820809301
2024-09-11,2590,2625,2555,2595,39790,-0.005747126436781658
2024-09-12,2580,2640,2580,2635,33167,0.015414258188824581
2024-09-13,2610,2675,2610,2665,37584,0.011385199240986799
2024-09-19,2660,2665,2620,2635,32270,-0.011257035647279534
2024-09-20,2655,2670,2620,2670,37195,0.013282732447817747
2024-09-23,2675,2740,2610,2670,47410,0.0
2024-09-24,2665,2695,2635,2670,32750,0.0
2024-09-25,2665,2700,2660,2690,23825,0.0074906367041198685
2024-09-26,2675,2700,2660,2690,53998,0.0
2024-09-27,2700,2700,2660,2685,43216,-0.0018587360594795044
2024-09-30,2685,2685,2605,2615,73694,-0.02607076350093107
2024-10-02,2590,2590,2545,2560,66059,-0.021032504780114758
2024-10-04,2560,2570,2505,2520,69271,-0.015625
2024-10-07,2535,2540,2515,2530,36519,0.003968253968253954
2024-10-08,2525,2545,2500,2515,38821,-0.005928853754940677
2024-10-10,2520,2575,2520,2560,30213,0.017892644135188762
2024-10-11,2540,2560,2515,2545,51358,-0.005859375
2024-10-14,2520,2545,2405,2475,126147,-0.027504911591355596
2024-10-15,2475,2495,2425,2495,137254,0.008080808080808133
2024-10-16,2455,2535,2440,2455,87586,-0.01603206412825653
2024-10-17,2465,2465,2435,2455,48181,0.0
2024-10-18,2445,2445,2380,2400,156967,-0.022403258655804503
2024-10-21,2420,2450,2335,2365,77891,-0.014583333333333282
2024-10-22,2350,2365,2270,2270,155366,-0.04016913319238902
2024-10-23,2300,2745,2300,2405,4766209,0.05947136563876643
2024-10-24,2385,2440,2300,2305,468998,-0.04158004158004158
2024-10-25,2320,2325,2220,2235,243230,-0.030368763557483747
2024-10-28,2230,2325,2220,2285,134226,0.02237136465324374
2024-10-29,2285,2350,2265,2330,114389,0.01969365426695835
2024-10-30,2315,2355,2300,2305,98786,-0.010729613733905574
2024-10-31,2305,2370,2290,2365,83341,0.026030368763557465
2024-11-01,2340,2365,2320,2340,57960,-0.010570824524312905
2024-11-04,2340,2555,2320,2355,505590,0.0064102564102563875
2024-11-05,2360,2410,2350,2390,129007,0.014861995753715496
2024-11-06,2390,2450,2365,2440,127160,0.02092050209205021
2024-11-07,2420,2435,2380,2410,76340,-0.012295081967213073
2024-11-08,2410,2470,2410,2440,59164,0.012448132780082943
2024-11-11,2440,2465,2310,2355,213302,-0.0348360655737705
2024-11-12,2350,2855,2350,2550,3218087,0.08280254777070062
2024-11-13,2500,2520,2375,2415,460456,-0.05294117647058827
2024-11-14,2395,2630,2390,2425,731647,0.0041407867494824835
2024-11-15,2425,2495,2370,2465,211674,0.016494845360824684
2024-11-18,2450,2485,2400,2415,115680,-0.020283975659229236
2024-11-19,2425,2455,2365,2420,112350,0.0020703933747412417
2024-11-20,2400,2430,2375,2395,67401,-0.010330578512396715
2024-11-21,2410,2545,2400,2435,298952,0.016701461377870652
2024-11-22,2435,2445,2400,2400,61470,-0.014373716632443578
2024-11-25,2410,2480,2395,2445,60442,0.018750000000000044
2024-11-26,2440,2490,2395,2445,200318,0.0
2024-11-27,2450,2565,2430,2440,347030,-0.002044989775051076
2024-11-28,2465,2465,2395,2420,144302,-0.008196721311475419
2024-11-29,2420,2420,2350,2365,134104,-0.022727272727272707
2024-12-02,2380,2405,2330,2355,79190,-0.0042283298097252064
2024-12-03,2335,2385,2335,2385,63628,0.01273885350318471
2024-12-04,2295,2370,2280,2280,199747,-0.04402515723270439
2024-12-05,2290,2305,2220,2220,177506,-0.02631578947368418
2024-12-06,2200,2275,2150,2225,115773,0.0022522522522523403
2024-12-09,2150,2170,2050,2060,200115,-0.07415730337078652
2024-12-10,2060,2250,2060,2240,96965,0.08737864077669899
2024-12-11,2255,2400,2240,2365,252345,0.0558035714285714
2024-12-12,2555,2735,2375,2425,1673377,0.025369978858351017
2024-12-13,2410,2625,2405,2625,427249,0.08247422680412364
2024-12-16,2580,2810,2560,2790,964232,0.06285714285714294
2024-12-17,2730,2730,2635,2670,233895,-0.043010752688172005
2024-12-18,2635,2710,2620,2665,129289,-0.0018726591760299671
2024-12-19,2635,2695,2560,2575,196266,-0.0337711069418386
2024-12-20,2565,2565,2370,2495,170389,-0.031067961165048508
2024-12-23,2495,2530,2480,2490,76016,-0.002004008016032066
2024-12-24,2495,2525,2455,2480,67301,-0.004016064257028162
2024-12-26,2470,2505,2420,2425,149404,-0.022177419354838745
2024-12-27,2465,2465,2370,2385,86637,-0.016494845360824795
2024-12-30,2595,2600,2355,2435,380486,0.020964360587002018
2025-01-02,2480,2525,2455,2515,82489,0.03285420944558526
2025-01-03,2570,2570,2490,2515,74246,0.0
2025-01-06,2785,2785,2535,2610,670360,0.0377733598409542
2025-01-07,2610,2850,2570,2715,541437,0.04022988505747116
2025-01-08,2740,2740,2620,2640,234517,-0.027624309392265234
2025-01-09,2715,2955,2665,2840,1432479,0.07575757575757569
2025-01-10,2775,3120,2705,3015,1688282,0.06161971830985924
2025-01-13,3030,3400,3020,3110,2409134,0.031509121061359835
2025-01-14,3070,3080,2835,2865,634772,-0.0787781350482315
2025-01-15,2880,3085,2795,2880,586774,0.005235602094240788
2025-01-16,2910,3495,2835,3495,5080600,0.21354166666666674
2025-01-17,3565,3635,3340,3510,3140243,0.0042918454935623185
2025-01-20,3600,3745,3345,3510,1673028,0.0
2025-01-21,3445,3445,3215,3230,812669,-0.07977207977207978
2025-01-22,3240,3395,3170,3170,580366,-0.018575851393188847
2025-01-23,3200,3625,3075,3625,6640246,0.14353312302839116
2025-01-24,3440,3445,3110,3155,1584766,-0.1296551724137931
2025-01-31,3175,3175,2860,2885,828113,-0.0855784469096672
2025-02-03,2775,2840,2650,2690,594120,-0.06759098786828421
2025-02-04,2680,2735,2665,2700,317652,0.0037174721189590088
2025-02-05,2680,2805,2680,2755,242934,0.020370370370370372
2025-02-06,2775,2875,2755,2785,264868,0.010889292196007316
2025-02-07,2790,2795,2705,2770,186658,-0.0053859964093356805
2025-02-10,2810,2820,2760,2760,172252,-0.0036101083032491488
2025-02-11,2755,2765,2670,2730,175580,-0.010869565217391353
2025-02-12,2725,2770,2685,2725,223163,-0.001831501831501825
2025-02-13,2780,2870,2770,2865,301199,0.05137614678899083
2025-02-14,2865,2880,2780,2860,170710,-0.0017452006980802626
2025-02-17,2860,2870,2795,2820,133515,-0.013986013986013957
2025-02-18,2800,2870,2800,2820,113559,0.0
2025-02-19,2820,2900,2795,2840,298562,0.007092198581560183
2025-02-20,2875,3050,2855,2980,606905,0.04929577464788726
2025-02-21,2980,2985,2865,2900,247066,-0.02684563758389258
2025-02-24,2875,2915,2795,2915,155202,0.005172413793103514
2025-02-25,2940,2950,2825,2825,126810,-0.030874785591766707
2025-02-26,2840,2895,2820,2820,162586,-0.001769911504424737
2025-02-27,2840,2940,2805,2930,220067,0.03900709219858145
2025-02-28,2850,2875,2700,2745,301675,-0.06313993174061439
2025-03-04,2700,2700,2620,2660,152764,-0.030965391621129323
2025-03-05,2660,2785,2650,2780,124215,0.04511278195488733
2025-03-06,2780,2820,2735,2735,79327,-0.01618705035971224
2025-03-07,2690,2775,2655,2690,168249,-0.01645338208409508
2025-03-10,2700,2850,2685,2810,189446,0.044609665427509215
2025-03-11,2785,2810,2670,2720,108823,-0.03202846975088969
2025-03-12,2720,2815,2720,2810,39801,0.03308823529411775
2025-03-13,2825,2850,2715,2715,94507,-0.03380782918149461
2025-03-14,2705,2765,2700,2720,68326,0.0018416206261511192
2025-03-17,2715,2760,2660,2730,105457,0.003676470588235281
2025-03-18,2730,2800,2690,2710,60678,-0.0073260073260073
2025-03-19,2690,2750,2615,2655,100663,-0.020295202952029467
2025-03-20,2690,2690,2565,2585,115214,-0.026365348399246757
2025-03-21,2615,2650,2545,2630,56960,0.01740812379110257
2025-03-24,2660,2660,2570,2615,49931,-0.005703422053231932
2025-03-25,2590,2630,2580,2580,62598,-0.013384321223709361
2025-03-26,2620,2660,2565,2655,144975,0.029069767441860517
2025-03-27,2625,2770,2600,2660,112188,0.0018832391713747842
2025-03-28,2670,2710,2590,2680,119352,0.007518796992481258
2025-03-31,2650,2765,2560,2630,80980,-0.018656716417910446
2025-04-01,2615,2790,2615,2760,192342,0.049429657794676896
2025-04-02,2760,2760,2640,2685,153322,-0.02717391304347827
2025-04-03,2685,2790,2590,2710,153735,0.009310986964618184
2025-04-04,2745,3035,2635,2990,886699,0.10332103321033204
2025-04-07,3015,3285,2865,3060,1741785,0.02341137123745818
2025-04-08,3110,3900,3065,3680,5552210,0.20261437908496727
2025-04-09,3690,3690,3080,3175,1863484,-0.1372282608695652
2025-04-10,3220,3450,3180,3365,865428,0.0598425196850394
2025-04-11,3440,3440,3135,3320,613137,-0.013372956909361022
2025-04-14,3250,3410,2985,3240,718257,-0.02409638554216864
2025-04-15,3235,3260,3145,3175,358459,-0.020061728395061706
2025-04-16,3185,3205,3080,3085,379484,-0.028346456692913358
2025-04-17,3080,3145,3010,3145,337485,0.01944894651539708
2025-04-18,3145,3265,3070,3260,382170,0.0365659777424483
2025-04-21,3265,3345,3220,3265,437740,0.0015337423312884457
2025-04-22,3375,3410,3090,3160,402841,-0.03215926493108734
2025-04-23,3180,3185,3065,3155,178460,-0.0015822784810126667
2025-04-24,3160,3180,3080,3115,156559,-0.01267828843106178
2025-04-25,3145,3225,3110,3140,413357,0.008025682182985605
2025-04-28,3100,3130,2800,2880,567182,-0.08280254777070062
2025-04-29,2880,3060,2825,2930,362747,0.01736111111111116
2025-04-30,2930,3015,2905,3015,163008,0.029010238907849928
2025-05-02,3015,3025,2860,2860,210266,-0.051409618573797666
2025-05-07,2955,3045,2875,2975,472443,0.04020979020979021
2025-05-08,3020,3050,2910,2930,245811,-0.015126050420168013
2025-05-09,2990,3000,2800,2945,311264,0.005119453924914641
2025-05-12,3230,3825,3200,3825,5448244,0.29881154499151097
2025-05-13,3695,3995,3160,3195,4603821,-0.16470588235294115
2025-05-14,3205,3430,3145,3335,1382525,0.04381846635367759
2025-05-15,3285,3285,3035,3080,877025,-0.07646176911544222
2025-05-16,3090,3150,2990,3020,469808,-0.01948051948051943
2025-05-19,3050,3075,2895,2910,426567,-0.03642384105960261
2025-05-20,2900,3395,2900,3140,2889585,0.07903780068728516
2025-05-21,3050,3220,3005,3010,658973,-0.04140127388535031
2025-05-22,3000,3065,2950,2980,366522,-0.009966777408637828
2025-05-23,2950,3055,2930,2975,286629,-0.001677852348993314
2025-05-26,2925,3000,2885,2900,323758,-0.025210084033613467
2025-05-27,2895,2920,2865,2870,184445,-0.010344827586206917
2025-05-28,2870,2930,2830,2840,310704,-0.010452961672473893
2025-05-29,2840,2900,2825,2870,179653,0.010563380281690238
2025-05-30,2850,2870,2780,2800,216670,-0.024390243902439046
2025-06-02,2815,2960,2800,2930,215550,0.046428571428571486
2025-06-04,2850,2920,2820,2920,293723,-0.0034129692832765013
2025-06-05,2925,3065,2910,3010,276784,0.03082191780821919
2025-06-09,3015,3085,3010,3060,172796,0.01661129568106312
2025-06-10,3090,3090,2985,3030,201214,-0.009803921568627416
2025-06-11,3030,3065,2980,3015,172799,-0.004950495049504955
2025-06-12,3060,3180,3015,3105,397536,0.029850746268656803
2025-06-13,3115,3130,3000,3035,302586,-0.02254428341384862
2025-06-16,3035,3100,2975,3060,173225,0.008237232289950658
2025-06-17,3050,3120,2985,3040,180702,-0.006535947712418277
2025-06-18,3045,3100,2990,3010,121960,-0.009868421052631526
2025-06-19,3015,3025,2970,3010,74041,0.0
2025-06-20,3050,3050,2950,3020,120395,0.0033222591362125353
2025-06-23,3000,3020,2890,2895,214360,-0.04139072847682124
2025-06-24,2940,3065,2915,3060,185230,0.05699481865284972
2025-06-25,3040,3095,3010,3070,112659,0.0032679738562091387
2025-06-26,3065,3090,2965,2985,122931,-0.027687296416938123
2025-06-27,2990,3050,2915,2955,107716,-0.01005025125628145
2025-06-30,2955,2980,2925,2980,53882,0.008460236886632888
2025-07-01,2980,3065,2975,3015,108996,0.011744966442952975
2025-07-02,3025,3040,2955,3040,85761,0.008291873963515828
2025-07-03,3065,3070,3015,3050,116322,0.00328947368421062
2025-07-04,3050,3060,2970,2970,127284,-0.02622950819672132
2025-07-07,3025,3035,2980,3010,87678,0.013468013468013407
2025-07-08,3010,3085,2985,3060,111447,0.01661129568106312
2025-07-09,3035,3120,3035,3100,120476,0.013071895424836555
2025-07-10,3100,3120,3060,3110,117537,0.003225806451612856
2025-07-11,3110,3140,3015,3115,163965,0.001607717041800738
2025-07-14,3115,3115,3010,3030,143853,-0.027287319422150902
2025-07-15,3030,3045,2990,3010,108092,-0.0066006600660065695
2025-07-16,3030,3030,2975,2990,63476,-0.006644518272425293
2025-07-17,3025,3540,2975,3080,4060488,0.030100334448160515
2025-07-18,3130,3175,3080,3080,527894,0.0
2025-07-21,3120,3140,3045,3065,282973,-0.004870129870129913
2025-07-22,3080,3100,2980,3000,206943,-0.021207177814029365
2025-07-23,2990,3050,2935,2990,143902,-0.0033333333333332993
2025-07-24,2990,3025,2950,2950,101149,-0.013377926421404673
2025-07-25,2950,2980,2900,2900,156064,-0.016949152542372836
2025-07-28,2895,2920,2845,2870,72031,-0.010344827586206917
2025-07-29,2870,2930,2835,2885,87147,0.005226480836237002
2025-07-30,2915,2970,2900,2960,54624,0.025996533795493937
2025-07-31,2940,3085,2935,3060,202355,0.03378378378378377
2025-08-01,3055,3055,2960,2970,106800,-0.02941176470588236
2025-08-04,2945,3055,2945,3015,66693,0.015151515151515138
2025-08-05,3020,3065,2995,3015,95772,0.0
2025-08-06,3015,3065,2990,3015,57568,0.0
2025-08-07,3020,3045,2985,3045,49465,0.00995024875621886
2025-08-08,3045,3120,3045,3095,165282,0.016420361247947435
2025-08-11,3095,3180,3095,3160,248415,0.02100161550888524
2025-08-12,3150,3175,3115,3150,103080,-0.0031645569620253333
2025-08-13,3150,3155,3065,3120,84170,-0.00952380952380949
2025-08-14,3050,3290,3040,3110,309404,-0.0032051282051281937
2025-08-18,3110,3220,3110,3220,330041,0.03536977491961424
2025-08-19,3220,3260,3095,3190,179720,-0.009316770186335366
2025-08-20,3170,3230,3115,3200,162856,0.0031347962382444194
2025-08-21,3200,3230,3150,3200,81588,0.0
