Date,Open,High,Low,Close,Volume,Change
2022-01-03,5960,7080,5790,6900,26931285,0.1480865224625625
2022-01-04,6770,8960,6700,8680,45592373,0.2579710144927536
2022-01-05,9070,10050,8150,8620,33169873,-0.00691244239631339
2022-01-06,8320,8670,7830,8600,13371958,-0.002320185614849146
2022-01-07,8380,10100,8290,9170,38607797,0.0662790697674418
2022-01-10,8800,9020,8100,8310,7232002,-0.09378407851690296
2022-01-11,8240,8240,7300,7300,4015972,-0.12154031287605294
2022-01-12,7280,7550,7020,7350,4843140,0.006849315068493178
2022-01-13,7410,7550,7120,7390,3095581,0.0054421768707482165
2022-01-14,7200,7380,7050,7100,1295247,-0.03924221921515558
2022-01-17,7180,7190,6700,6820,1460149,-0.03943661971830981
2022-01-18,6970,7080,6370,6460,2150226,-0.05278592375366564
2022-01-19,6380,6650,6210,6300,1410451,-0.024767801857585092
2022-01-20,6430,6940,6300,6850,3464537,0.08730158730158721
2022-01-21,6650,7060,6540,7020,2867326,0.02481751824817513
2022-01-24,6880,6890,6470,6490,1372760,-0.07549857549857553
2022-01-25,6630,7290,6350,6580,6782479,0.013867488443759735
2022-01-26,6750,7200,6680,6880,10791805,0.045592705167173175
2022-01-27,7070,7250,6680,6700,4028687,-0.026162790697674465
2022-01-28,6820,7170,6620,7000,4973601,0.04477611940298498
2022-02-03,7080,7180,6830,7000,3111822,0.0
2022-02-04,6910,8230,6840,7500,21168108,0.0714285714285714
2022-02-07,7470,8040,7190,7700,11381569,0.026666666666666616
2022-02-08,7800,9280,7790,8210,32593862,0.0662337662337662
2022-02-09,8300,8620,8140,8400,7121745,0.023142509135200884
2022-02-10,8210,8280,7880,7910,3125067,-0.05833333333333335
2022-02-11,7680,7950,7540,7630,2287836,-0.03539823008849563
2022-02-14,7700,8050,7480,7480,3433645,-0.019659239842726106
2022-02-15,7490,8390,7490,7870,11304271,0.05213903743315518
2022-02-16,8160,8790,8100,8230,9203908,0.04574332909783996
2022-02-17,8230,8480,7690,7910,4084011,-0.03888213851761846
2022-02-18,7880,8470,7750,8450,7476902,0.06826801517067005
2022-02-21,8160,8320,8100,8260,2851266,-0.022485207100591764
2022-02-22,7930,8140,7850,7850,2788166,-0.04963680387409197
2022-02-23,8000,9070,7880,8920,28103014,0.1363057324840764
2022-02-24,8670,8820,8210,8210,7766635,-0.07959641255605376
2022-02-25,8610,10650,8600,10650,38149185,0.29719853836784416
2022-02-28,10550,11150,10450,10800,15017902,0.014084507042253502
2022-03-02,10700,11050,10450,10900,8196256,0.0092592592592593
2022-03-03,10850,10850,10000,10150,6719616,-0.06880733944954132
2022-03-04,10050,10300,9920,10150,3537230,0.0
2022-03-07,9880,10300,9850,9900,2769404,-0.024630541871921152
2022-03-08,9710,10400,9620,9990,5561424,0.009090909090909038
2022-03-10,10350,10750,10100,10450,8401447,0.04604604604604612
2022-03-11,10450,10550,10100,10400,2521913,-0.004784688995215336
2022-03-14,10400,11850,10150,10600,13792055,0.019230769230769162
2022-03-15,11300,11550,10700,10800,7468348,0.018867924528301883
2022-03-16,10850,11000,10100,11000,6806529,0.0185185185185186
2022-03-17,12200,13250,11150,11350,19391848,0.031818181818181746
2022-03-18,11600,12150,11250,11650,9107521,0.026431718061673992
2022-03-21,12000,12100,11350,11400,3736965,-0.02145922746781115
2022-03-22,11100,11600,11100,11550,1996196,0.013157894736842035
2022-03-23,11400,11950,11150,11900,4438749,0.030303030303030276
2022-03-24,11600,11850,11450,11700,2312890,-0.01680672268907568
2022-03-25,12150,12800,11800,11950,10714207,0.02136752136752129
2022-03-28,12000,12750,11800,12000,5949274,0.004184100418409997
2022-03-29,12000,12100,11450,11500,1920172,-0.04166666666666663
2022-03-30,11450,11500,10150,10450,4522239,-0.09130434782608698
2022-03-31,10200,10550,10200,10350,1930558,-0.009569377990430672
2022-04-01,10300,10550,10100,10400,1283374,0.004830917874396157
2022-04-04,10450,10700,10350,10450,1167499,0.004807692307692291
2022-04-05,10550,10550,10200,10250,747273,-0.019138755980861233
2022-04-06,10150,11100,10100,10500,4133607,0.024390243902439046
2022-04-07,10300,10350,9960,10000,1349324,-0.04761904761904767
2022-04-08,10050,10100,9520,9690,1520145,-0.031000000000000028
2022-04-11,9750,10550,9740,9920,3017672,0.023735810113518996
2022-04-12,9840,9860,9430,9610,1017735,-0.03125
2022-04-13,10100,10200,9700,9830,1917319,0.02289281997918824
2022-04-14,9840,9950,9730,9830,636057,0.0
2022-04-15,9710,9940,9650,9920,602315,0.00915564598168861
2022-04-18,9790,10150,9750,9910,833022,-0.0010080645161290036
2022-04-19,9970,10100,9780,9870,823054,-0.004036326942482349
2022-04-20,9970,9980,9640,9650,647175,-0.02228976697061802
2022-04-21,9650,10050,9540,9950,1976483,0.031088082901554515
2022-04-22,10950,11400,9990,10000,10851603,0.005025125628140614
2022-04-25,9810,10300,9700,9900,1491928,-0.010000000000000009
2022-04-26,10050,11900,9980,10700,22022029,0.08080808080808088
2022-04-27,10200,10450,9990,10200,3490918,-0.04672897196261683
2022-04-28,10400,10450,9830,10000,2251930,-0.019607843137254943
2022-04-29,10000,10100,9860,9930,1125157,-0.007000000000000006
2022-05-02,9710,10100,9670,10000,1344916,0.007049345417925457
2022-05-03,10000,10900,9820,10150,9200025,0.014999999999999902
2022-05-04,10300,10550,9880,9900,2464327,-0.024630541871921152
2022-05-06,9660,9790,9430,9490,1096195,-0.04141414141414146
2022-05-09,9330,9330,8770,8770,1274957,-0.07586933614330871
2022-05-10,8600,8820,8270,8660,1022081,-0.012542759407069504
2022-05-11,8700,8990,8550,8790,1007203,0.01501154734411081
2022-05-12,8610,8800,8200,8250,597468,-0.061433447098976135
2022-05-13,8250,8530,8200,8360,448616,0.01333333333333342
2022-05-16,8460,8590,8380,8380,406958,0.0023923444976077235
2022-05-17,8430,9080,8190,8620,1957966,0.02863961813842475
2022-05-18,8700,9950,8600,9280,13995255,0.07656612529002316
2022-05-19,9010,9230,8960,9110,1410100,-0.018318965517241326
2022-05-20,9110,9980,9000,9400,5860261,0.0318331503841931
2022-05-23,9650,9800,9230,9260,2110037,-0.014893617021276562
2022-05-24,9350,9800,9260,9260,4983521,0.0
2022-05-25,9260,9340,8970,8970,767518,-0.03131749460043198
2022-05-26,9010,9120,8740,8790,566270,-0.02006688963210701
2022-05-27,8950,9000,8770,8820,433642,0.0034129692832765013
2022-05-30,8950,9220,8910,9120,786017,0.03401360544217691
2022-05-31,9240,9300,9060,9070,638204,-0.005482456140350922
2022-06-02,9130,9700,9050,9300,3257947,0.025358324145534628
2022-06-03,9300,9310,9030,9040,663178,-0.027956989247311825
2022-06-07,9080,9380,9020,9040,862745,0.0
2022-06-08,9140,9150,8910,8910,339148,-0.014380530973451378
2022-06-09,8980,9380,8890,8920,1778055,0.001122334455667895
2022-06-10,8820,8960,8780,8830,310113,-0.010089686098654682
2022-06-13,8510,8590,8130,8150,625375,-0.07701019252548136
2022-06-14,7950,8280,7830,8150,455691,0.0
2022-06-15,8000,8560,7650,7910,1269019,-0.02944785276073625
2022-06-16,8110,8150,7790,7800,351483,-0.013906447534766109
2022-06-17,7610,7670,7440,7590,326517,-0.02692307692307694
2022-06-20,7600,7740,7040,7120,458586,-0.06192358366271411
2022-06-21,7180,7370,7040,7300,311724,0.02528089887640439
2022-06-22,7270,7390,6800,6810,471790,-0.06712328767123288
2022-06-23,6810,6960,6460,6460,516382,-0.05139500734214386
2022-06-24,6500,7450,6500,7200,1449752,0.11455108359133126
2022-06-27,7200,7440,7160,7370,650554,0.023611111111111027
2022-06-28,7370,7940,7210,7310,1111632,-0.008141112618724522
2022-06-29,7220,7390,7120,7310,347919,0.0
2022-06-30,7310,7320,7000,7000,284232,-0.04240766073871405
2022-07-01,7040,7230,6860,7000,364436,0.0
2022-07-04,7010,7100,6630,6790,228747,-0.030000000000000027
2022-07-05,6870,7180,6870,7130,353659,0.050073637702503726
2022-07-06,7060,7250,6990,7050,279774,-0.011220196353436185
2022-07-07,7160,7870,7050,7460,2936736,0.0581560283687943
2022-07-08,7470,7600,7260,7300,693190,-0.02144772117962468
2022-07-11,7300,7360,7110,7110,353146,-0.02602739726027392
2022-07-12,6990,7270,6870,6970,371104,-0.019690576652601988
2022-07-13,7050,7250,6930,7090,422182,0.017216642754662947
2022-07-14,7000,7250,7000,7190,238776,0.014104372355430161
2022-07-15,7200,7230,6860,6960,316519,-0.03198887343532686
2022-07-18,7010,7340,7010,7300,599184,0.04885057471264376
2022-07-19,7250,7380,7180,7370,246511,0.009589041095890316
2022-07-20,7490,7540,7290,7400,428346,0.004070556309362372
2022-07-21,7370,7980,7370,7460,2336728,0.008108108108108025
2022-07-22,7460,7490,7200,7210,400194,-0.03351206434316356
2022-07-25,7230,7300,7150,7190,184961,-0.00277392510402219
2022-07-26,7200,7300,7180,7280,161676,0.012517385257301727
2022-07-27,7280,7370,7250,7360,184179,0.01098901098901095
2022-07-28,7450,7530,7300,7350,362642,-0.0013586956521739468
2022-07-29,7390,7540,7350,7410,327324,0.008163265306122547
2022-08-01,7500,7890,7470,7530,1571752,0.0161943319838056
2022-08-02,7660,8420,7640,7890,7065552,0.047808764940239
2022-08-03,7890,8050,7650,7860,1079035,-0.0038022813688213253
2022-08-04,7950,7990,7770,7890,626324,0.003816793893129722
2022-08-05,7780,7870,7540,7700,471246,-0.02408111533586821
2022-08-08,7750,8030,7750,7760,893321,0.007792207792207684
2022-08-09,7920,7920,7660,7830,381221,0.009020618556700999
2022-08-10,7800,7820,7670,7670,276929,-0.020434227330779042
2022-08-11,7750,7850,7680,7820,285565,0.019556714471968606
2022-08-12,7880,8140,7850,7860,790268,0.005115089514066584
2022-08-16,7970,8100,7910,7950,587178,0.011450381679389388
2022-08-17,7950,7990,7770,7780,378948,-0.021383647798742134
2022-08-18,7770,8660,7620,8000,4860327,0.028277634961439535
2022-08-19,8090,8140,7880,7880,1199636,-0.015000000000000013
2022-08-22,7780,8640,7650,7780,5899113,-0.012690355329949221
2022-08-23,7780,7980,7650,7710,787977,-0.00899742930591263
2022-08-24,7790,7900,7710,7850,514916,0.018158236057068677
2022-08-25,7800,8050,7800,7950,612503,0.01273885350318471
2022-08-26,8010,8100,7800,7860,493828,-0.01132075471698113
2022-08-29,7610,7680,7550,7550,314913,-0.039440203562341014
2022-08-30,7630,7640,7400,7610,239243,0.007947019867549754
2022-08-31,7540,7800,7520,7650,317871,0.005256241787122251
2022-09-01,7650,7650,7420,7420,254691,-0.030065359477124187
2022-09-02,7490,7500,7350,7420,182043,0.0
2022-09-05,7400,7500,6960,7030,357307,-0.052560646900269514
2022-09-06,7090,7170,7000,7080,143320,0.007112375533428139
2022-09-07,7020,7050,6750,6770,197644,-0.043785310734463234
2022-09-08,7040,7950,7010,7440,4800620,0.09896602658788778
2022-09-13,7520,7800,7470,7760,1092818,0.043010752688172005
2022-09-14,7520,7850,7430,7760,978068,0.0
2022-09-15,7910,7910,7580,7600,705560,-0.020618556701030966
2022-09-16,7600,7780,7430,7430,527609,-0.022368421052631593
2022-09-19,7600,7760,7300,7320,731450,-0.014804845222072704
2022-09-20,7420,7790,7400,7770,920146,0.061475409836065475
2022-09-21,7700,7950,7620,7900,932875,0.016731016731016624
2022-09-22,7750,7980,7700,7950,723113,0.006329113924050667
2022-09-23,7980,7980,7540,7650,611707,-0.037735849056603765
2022-09-26,7520,7600,6830,6900,718465,-0.0980392156862745
2022-09-27,6820,6980,6180,6780,520859,-0.017391304347826098
2022-09-28,6660,6710,6100,6100,591250,-0.10029498525073743
2022-09-29,6260,6380,5960,5960,354317,-0.022950819672131195
2022-09-30,5760,6010,5760,5890,298498,-0.011744966442952975
2022-10-04,6010,6150,5960,6140,223783,0.042444821731748794
2022-10-05,6280,6350,5940,6060,296275,-0.013029315960912058
2022-10-06,6110,6330,6110,6310,269304,0.041254125412541365
2022-10-07,6250,6400,6190,6290,268672,-0.0031695721077654726
2022-10-11,6140,6180,5820,5820,300058,-0.07472178060413359
2022-10-12,5820,6000,5700,5870,202746,0.00859106529209619
2022-10-13,5820,5850,5370,5410,308419,-0.07836456558773419
2022-10-14,5600,5770,5510,5740,211490,0.060998151571164616
2022-10-17,5600,5910,5550,5860,179985,0.020905923344947785
2022-10-18,5920,6080,5920,5990,218464,0.022184300341296925
2022-10-19,6090,6130,5960,5990,178645,0.0
2022-10-20,5960,6350,5590,6230,502023,0.04006677796327218
2022-10-21,6260,6600,6090,6360,813479,0.020866773675762396
2022-10-24,6440,6500,6270,6310,489226,-0.00786163522012584
2022-10-25,6400,6440,6250,6270,271442,-0.006339144215530945
2022-10-26,6270,6310,6070,6080,192401,-0.030303030303030276
2022-10-27,6110,6430,6070,6410,421329,0.05427631578947367
2022-10-28,6240,6240,6050,6100,249709,-0.04836193447737913
2022-10-31,6180,6190,6100,6160,122548,0.009836065573770592
2022-11-01,6110,6350,6100,6350,218358,0.030844155844155896
2022-11-02,6290,6300,6170,6210,123951,-0.022047244094488216
2022-11-03,6020,6240,5990,6190,125016,-0.0032206119162641045
2022-11-04,6210,6270,6100,6250,147421,0.009693053311793154
2022-11-07,6300,6340,6160,6330,163928,0.012799999999999923
2022-11-08,6320,6490,6310,6430,302847,0.01579778830963674
2022-11-09,6490,6740,6390,6390,1022470,-0.0062208398133748455
2022-11-10,6380,6390,6200,6250,204114,-0.021909233176838794
2022-11-11,6460,6570,6410,6510,405439,0.04160000000000008
2022-11-14,6550,7140,6520,6740,4175433,0.03533026113671278
2022-11-15,6730,6810,6650,6770,501404,0.004451038575667754
2022-11-16,6800,6800,6650,6750,264172,-0.002954209748892156
2022-11-17,6790,6920,6660,6760,585373,0.001481481481481417
2022-11-18,6720,7020,6670,6670,899194,-0.013313609467455634
2022-11-21,6690,6880,6490,6550,397652,-0.01799100449775115
2022-11-22,6550,6750,6490,6530,329854,-0.003053435114503844
2022-11-23,6550,6730,6550,6630,210510,0.015313935681470214
2022-11-24,6610,6740,6610,6710,173521,0.012066365007541435
2022-11-25,6720,6800,6600,6600,210431,-0.016393442622950838
2022-11-28,6600,6640,6290,6320,212788,-0.042424242424242475
2022-11-29,6250,6520,6250,6420,159729,0.015822784810126667
2022-11-30,6420,6500,6350,6450,131416,0.004672897196261738
2022-12-01,6550,6570,6470,6480,118110,0.0046511627906977715
2022-12-02,6500,6540,6410,6470,81941,-0.0015432098765432167
2022-12-05,6480,6610,6460,6510,142479,0.0061823802163833985
2022-12-06,6410,6460,6270,6270,124268,-0.03686635944700456
2022-12-07,6180,6240,6080,6160,114732,-0.01754385964912286
2022-12-08,6160,6290,6100,6160,110529,0.0
2022-12-09,6160,6190,6050,6110,100468,-0.008116883116883078
2022-12-12,6120,6150,5650,5960,97660,-0.02454991816693941
2022-12-13,5960,6350,5950,6020,148932,0.010067114093959662
2022-12-14,6080,6210,6050,6190,106158,0.028239202657807327
2022-12-15,6140,6210,6090,6120,66273,-0.011308562197092087
2022-12-16,6070,6080,5970,6010,77346,-0.017973856209150374
2022-12-19,6030,7170,6030,6530,10485479,0.08652246256239593
2022-12-20,6560,6690,6420,6640,1396960,0.016845329249617125
2022-12-21,6650,6730,6510,6580,816974,-0.009036144578313254
2022-12-22,6600,6760,6550,6690,859634,0.016717325227963542
2022-12-23,6620,6620,6390,6390,438221,-0.04484304932735428
2022-12-26,6400,6500,6210,6420,327396,0.0046948356807512415
2022-12-27,6390,6530,6380,6430,370035,0.0015576323987538387
2022-12-28,6400,6690,6400,6490,879701,0.009331259720062102
2022-12-29,6460,6730,6330,6650,837220,0.024653312788905923
2023-01-02,6710,6770,6350,6440,694684,-0.03157894736842104
2023-01-03,6630,6940,6400,6440,2827060,0.0
2023-01-04,6430,6540,6370,6500,519331,0.009316770186335477
2023-01-05,6530,6790,6430,6470,998781,-0.004615384615384577
2023-01-06,6670,7440,6590,7010,7009005,0.08346213292117466
2023-01-09,7130,7600,7030,7280,5124289,0.03851640513552068
2023-01-10,7280,7500,7040,7110,2314778,-0.02335164835164838
2023-01-11,7200,7210,7020,7150,685597,0.005625879043600568
2023-01-12,7150,7150,6890,6900,612254,-0.034965034965035
2023-01-13,6910,7070,6900,7030,546859,0.018840579710144967
2023-01-16,7030,7170,6970,7070,555120,0.005689900426742556
2023-01-17,7110,7280,6970,6980,687114,-0.012729844413012725
2023-01-18,7070,8100,7050,7650,12101379,0.09598853868194834
2023-01-19,7450,7800,7300,7590,2125786,-0.007843137254901933
2023-01-20,7590,7830,7440,7640,1757912,0.006587615283267567
2023-01-25,7610,7940,7570,7790,2400961,0.01963350785340312
2023-01-26,7920,8220,7100,7170,3568337,-0.07958921694480103
2023-01-27,7270,7380,7170,7370,767745,0.02789400278940035
2023-01-30,7540,7560,7260,7290,772632,-0.01085481682496603
2023-01-31,7290,7720,7270,7510,1899015,0.030178326474622708
2023-02-01,7700,7700,7260,7370,700133,-0.018641810918774926
2023-02-02,7380,7490,7280,7380,422092,0.0013568521031208647
2023-02-03,7460,7460,7070,7130,612460,-0.03387533875338755
2023-02-06,7130,7150,7000,7000,316471,-0.018232819074333828
2023-02-07,6970,7100,6960,7050,228851,0.0071428571428571175
2023-02-08,7090,7180,7080,7120,316339,0.0099290780141843
2023-02-09,7140,7150,6940,6980,292852,-0.0196629213483146
2023-02-10,6950,7080,6830,6940,278308,-0.005730659025787954
2023-02-13,7030,7190,6980,7150,352102,0.030259365994236287
2023-02-14,7200,7200,7000,7060,289202,-0.012587412587412583
2023-02-15,7060,7070,6740,6830,335978,-0.03257790368271951
2023-02-16,6840,6910,6830,6880,194766,0.007320644216691097
2023-02-17,6750,6870,6750,6830,123371,-0.007267441860465129
2023-02-20,6920,6920,6730,6920,166206,0.013177159590043841
2023-02-21,6970,7250,6910,7120,806695,0.028901734104046284
2023-02-22,7110,7320,7000,7190,838555,0.00983146067415741
2023-02-23,7270,7350,7160,7210,639007,0.0027816411682892728
2023-02-24,7220,7280,7010,7030,393973,-0.02496532593619971
2023-02-27,7050,7500,7050,7420,2204087,0.05547652916073975
2023-02-28,7490,7550,7220,7240,961147,-0.02425876010781669
2023-03-02,7250,7300,7040,7130,450527,-0.015193370165745845
2023-03-03,7340,7420,7180,7180,752163,0.007012622720897532
2023-03-06,7210,7390,7100,7350,711461,0.023676880222841312
2023-03-07,7380,7380,7130,7150,391995,-0.027210884353741527
2023-03-08,7220,7350,7080,7120,563255,-0.004195804195804231
2023-03-09,7140,7290,6990,7020,455912,-0.014044943820224698
2023-03-10,6930,7120,6900,6930,273864,-0.012820512820512775
2023-03-13,6760,6840,6510,6700,380703,-0.03318903318903321
2023-03-14,6770,6780,6290,6290,255418,-0.06119402985074629
2023-03-15,6400,6550,6350,6410,183180,0.019077901430842648
2023-03-16,6550,6700,6410,6560,422671,0.023400936037441422
2023-03-17,6800,7250,6740,6950,1616886,0.05945121951219523
2023-03-20,6980,7130,6650,7100,630960,0.021582733812949728
2023-03-21,7030,7130,6850,6900,368295,-0.028169014084507005
2023-03-22,6910,7120,6810,7030,628338,0.018840579710144967
2023-03-23,6940,7140,6890,6920,570412,-0.015647226173541973
2023-03-24,6980,6980,6780,6800,271756,-0.017341040462427793
2023-03-27,6850,6870,6640,6800,347756,0.0
2023-03-28,7040,7170,6800,6900,825557,0.014705882352941124
2023-03-29,6910,6920,6800,6830,218925,-0.010144927536231862
2023-03-30,6850,6900,6740,6900,289489,0.01024890190336758
2023-03-31,6900,6900,6650,6660,321885,-0.034782608695652195
2023-04-03,6610,6660,6540,6580,232939,-0.012012012012011963
2023-04-04,6570,6660,6530,6570,191704,-0.001519756838905817
2023-04-05,6530,6640,6510,6570,184156,0.0
2023-04-06,6510,6560,6350,6360,238613,-0.03196347031963476
2023-04-07,6400,6510,6360,6400,186335,0.0062893081761006275
2023-04-10,6400,6430,6130,6190,245847,-0.03281250000000002
2023-04-11,6180,6260,6040,6240,229675,0.008077544426494443
2023-04-12,6170,6340,6130,6230,224683,-0.0016025641025640969
2023-04-13,6200,6350,6070,6230,236484,0.0
2023-04-14,6250,6290,6190,6270,180493,0.006420545746388395
2023-04-17,6350,6430,6230,6350,223878,0.012759170653907415
2023-04-18,6370,6370,6200,6270,135532,-0.012598425196850394
2023-04-19,6260,6530,6160,6280,298631,0.0015948963317384823
2023-04-20,6250,6340,6090,6100,192948,-0.0286624203821656
2023-04-21,6180,6330,6120,6120,388577,0.003278688524590123
2023-04-24,6120,6140,6010,6030,139743,-0.014705882352941124
2023-04-25,6120,6120,5900,5940,123822,-0.014925373134328401
2023-04-26,5820,5970,5770,5860,114805,-0.013468013468013518
2023-04-27,5780,5810,5680,5780,155180,-0.013651877133105783
2023-04-28,5970,6000,5780,5780,122056,0.0
2023-05-02,5780,5870,5770,5840,84026,0.01038062283737018
2023-05-03,5760,5840,5720,5770,81052,-0.011986301369863006
2023-05-04,5740,5920,5700,5830,93638,0.010398613518197486
2023-05-08,5860,5920,5840,5890,94119,0.010291595197255532
2023-05-09,5890,5990,5850,5880,103139,-0.001697792869269965
2023-05-10,5880,5920,5780,5790,83313,-0.015306122448979553
2023-05-11,5820,5860,5760,5760,80676,-0.005181347150259086
2023-05-12,5760,5770,5670,5700,98796,-0.01041666666666663
2023-05-15,5710,5730,5530,5540,96524,-0.028070175438596467
2023-05-16,5540,5600,5430,5450,106788,-0.016245487364620947
2023-05-17,5430,5560,5410,5560,85648,0.020183486238532167
2023-05-18,5560,5670,5560,5630,106991,0.012589928057553879
2023-05-19,5660,5720,5630,5670,88038,0.007104795737122638
2023-05-22,5700,5710,5600,5690,115421,0.003527336860670305
2023-05-23,5730,5730,5640,5700,98507,0.0017574692442883233
2023-05-24,5690,5700,5560,5560,127333,-0.024561403508771895
2023-05-25,5650,5670,5540,5580,83438,0.003597122302158251
2023-05-26,5590,5590,5450,5470,104754,-0.01971326164874554
2023-05-30,5580,5670,5500,5650,113786,0.03290676416819016
2023-05-31,5660,5680,5570,5600,57483,-0.008849557522123908
2023-06-01,5600,5620,5550,5550,53773,-0.008928571428571397
2023-06-02,5560,5640,5550,5590,65963,0.007207207207207134
2023-06-05,5640,5690,5600,5690,88941,0.017889087656529412
2023-06-07,5690,5740,5660,5700,107556,0.0017574692442883233
2023-06-08,5700,5710,5610,5710,72225,0.0017543859649122862
2023-06-09,5750,5750,5670,5710,88420,0.0
2023-06-12,5740,5740,5610,5650,80426,-0.010507880910682998
2023-06-13,5660,5690,5570,5580,89462,-0.012389380530973493
2023-06-14,5620,5660,5410,5490,136514,-0.016129032258064502
2023-06-15,5500,5520,5370,5410,112802,-0.014571948998178486
2023-06-16,5500,5500,5400,5420,66191,0.001848428835489857
2023-06-19,5460,5640,5420,5640,163734,0.040590405904058935
2023-06-20,5670,5670,5490,5520,98510,-0.021276595744680882
2023-06-21,5530,5560,5400,5430,81506,-0.016304347826086918
2023-06-22,5390,5610,5340,5530,152325,0.018416206261510082
2023-06-23,5520,5540,5350,5370,118686,-0.02893309222423146
2023-06-26,5380,5380,5230,5250,91287,-0.022346368715083775
2023-06-27,5250,5350,5190,5200,91506,-0.00952380952380949
2023-06-28,5210,5240,5120,5150,79147,-0.009615384615384581
2023-06-29,5150,5160,4985,4985,152193,-0.03203883495145632
2023-06-30,4955,5050,4865,5030,95183,0.009027081243731194
2023-07-03,5040,5180,5030,5120,97079,0.017892644135188762
2023-07-04,5120,5120,4995,5020,71360,-0.01953125
2023-07-05,5000,5020,4885,4900,107763,-0.0239043824701195
2023-07-06,4890,4890,4735,4735,108093,-0.03367346938775506
2023-07-07,4665,4790,4650,4755,129377,0.004223864836325308
2023-07-10,4700,4800,4640,4735,92920,-0.004206098843322792
2023-07-11,4740,4845,4740,4785,77725,0.010559662090813049
2023-07-12,4790,4885,4790,4860,100047,0.01567398119122254
2023-07-13,4865,4985,4865,4945,94291,0.017489711934156382
2023-07-14,5000,5000,4815,4860,113328,-0.01718907987866536
2023-07-17,4845,4970,4770,4955,110027,0.019547325102880597
2023-07-18,4960,4995,4775,4785,123570,-0.034308779011099855
2023-07-19,4735,4825,4660,4710,114703,-0.01567398119122254
2023-07-20,4710,4800,4650,4800,79405,0.019108280254777066
2023-07-21,4755,4870,4720,4790,97059,-0.002083333333333326
2023-07-24,4835,4840,4550,4585,179734,-0.04279749478079331
2023-07-25,4490,4580,4300,4320,227095,-0.05779716466739371
2023-07-26,4300,4320,3900,4055,389349,-0.06134259259259256
2023-07-27,4015,4395,4015,4340,248797,0.07028360049321836
2023-07-28,4300,4490,4270,4485,129056,0.033410138248847865
2023-07-31,4500,4560,4380,4525,115411,0.008918617614269708
2023-08-01,4570,4715,4570,4680,197011,0.034254143646408775
2023-08-02,4680,4830,4600,4645,192774,-0.007478632478632452
2023-08-03,4595,4720,4510,4585,130190,-0.012917115177610294
2023-08-04,4585,4795,4510,4780,192341,0.04252998909487449
2023-08-07,4755,5950,4590,5570,6027486,0.16527196652719667
2023-08-08,5480,5640,5160,5330,2795301,-0.04308797127468578
2023-08-09,5510,6500,5390,5750,9115357,0.07879924953095685
2023-08-10,5900,5920,5540,5630,1117535,-0.02086956521739125
2023-08-11,5540,6300,5420,5840,3675528,0.03730017761989335
2023-08-14,5850,5860,5640,5760,581292,-0.013698630136986356
2023-08-16,5650,5700,5300,5330,647571,-0.07465277777777779
2023-08-17,5210,5510,5180,5470,519067,0.026266416510319024
2023-08-18,5300,5370,5190,5220,299693,-0.04570383912248632
2023-08-21,5170,5300,5110,5220,196393,0.0
2023-08-22,5230,5350,5130,5170,229807,-0.009578544061302652
2023-08-23,5170,5240,5030,5050,176804,-0.023210831721469982
2023-08-24,5060,5490,5060,5400,543012,0.06930693069306937
2023-08-25,5300,5360,5200,5250,197462,-0.02777777777777779
2023-08-28,5250,5440,5220,5380,260356,0.024761904761904763
2023-08-29,5490,5850,5320,5530,1262862,0.027881040892193232
2023-08-30,5560,5790,5410,5540,1001121,0.001808318264014508
2023-08-31,5610,5850,5430,5780,1243386,0.04332129963898912
2023-09-01,5800,5800,5500,5500,509409,-0.04844290657439443
2023-09-04,5580,5900,5510,5750,1184238,0.045454545454545414
2023-09-05,5830,6630,5820,6060,5027570,0.05391304347826087
2023-09-06,6010,6190,5810,6000,1034984,-0.00990099009900991
2023-09-07,6120,6590,6030,6170,4157360,0.02833333333333332
2023-09-08,6200,6520,6110,6130,1878724,-0.00648298217179899
2023-09-11,6180,6260,5760,5850,1056675,-0.04567699836867867
2023-09-12,5990,6780,5910,6150,5375484,0.05128205128205132
2023-09-13,6030,6030,5610,5610,1190729,-0.08780487804878045
2023-09-14,5620,5720,5430,5650,454514,0.007130124777183555
2023-09-15,5680,5750,5580,5620,338025,-0.005309734513274322
2023-09-18,5580,5660,5450,5480,280426,-0.02491103202846978
2023-09-19,5500,5510,5290,5340,271083,-0.025547445255474477
2023-09-20,5420,5500,5210,5440,274547,0.01872659176029967
2023-09-21,5350,5400,5230,5230,205145,-0.03860294117647056
2023-09-22,5130,5380,5070,5320,219449,0.017208413001912115
2023-09-25,5340,5450,5170,5170,154370,-0.02819548872180455
2023-09-26,5190,5330,4990,4990,178427,-0.03481624758220503
2023-09-27,4890,5280,4875,5240,177725,0.05010020040080154
2023-10-04,5180,5230,5020,5020,109501,-0.041984732824427495
2023-10-05,5030,5130,4570,4620,284300,-0.07968127490039845
2023-10-06,4505,4745,4505,4700,70357,0.017316017316017396
2023-10-10,4660,4745,4510,4540,140047,-0.03404255319148941
2023-10-11,4540,4770,4540,4630,131166,0.01982378854625555
2023-10-12,4635,4895,4635,4850,148343,0.04751619870410373
2023-10-13,4850,4850,4725,4805,87406,-0.009278350515463885
2023-10-16,4780,4780,4465,4545,166653,-0.054110301768990676
2023-10-17,4700,4775,4590,4700,119148,0.034103410341034035
2023-10-18,4730,4780,4550,4670,80405,-0.006382978723404209
2023-10-19,4675,4675,4380,4385,161072,-0.06102783725910066
2023-10-20,4380,4385,4110,4225,127535,-0.036488027366020526
2023-10-23,4220,4320,4200,4210,70925,-0.0035502958579881616
2023-10-24,4210,4400,4085,4345,105571,0.03206650831353919
2023-10-25,4370,4440,4300,4400,67219,0.012658227848101333
2023-10-26,4295,4310,4145,4180,112882,-0.050000000000000044
2023-10-27,4180,4300,4105,4185,82506,0.0011961722488038617
2023-10-30,4145,4385,4120,4355,113175,0.04062126642771813
2023-10-31,4405,4480,4210,4270,88909,-0.019517795637198576
2023-11-01,4285,4540,4285,4400,277068,0.030444964871194413
2023-11-02,4450,4565,4450,4540,118398,0.031818181818181746
2023-11-03,4590,4730,4505,4660,148973,0.026431718061673992
2023-11-06,4680,4825,4655,4825,211838,0.03540772532188852
2023-11-07,4850,4855,4655,4770,126444,-0.011398963730569922
2023-11-08,4760,4820,4680,4715,98297,-0.011530398322851187
2023-11-09,4715,4750,4540,4600,69778,-0.024390243902439046
2023-11-10,4545,4595,4480,4490,47361,-0.023913043478260843
2023-11-13,4540,4600,4430,4440,71623,-0.011135857461024523
2023-11-14,4440,4640,4410,4620,54367,0.04054054054054057
2023-11-15,4685,4785,4665,4770,110721,0.032467532467532534
2023-11-16,4950,4950,4770,4830,124465,0.012578616352201255
2023-11-17,4805,4810,4660,4700,62039,-0.026915113871635588
2023-11-20,4715,4835,4650,4795,81206,0.0202127659574467
2023-11-21,4810,4880,4790,4845,105864,0.010427528675703845
2023-11-22,4775,4900,4765,4790,116687,-0.011351909184726505
2023-11-23,4800,4910,4775,4800,125621,0.0020876826722338038
2023-11-24,4810,4880,4740,4785,78807,-0.0031250000000000444
2023-11-27,4800,4880,4725,4735,71732,-0.010449320794148398
2023-11-28,4775,4880,4740,4875,211843,0.029567053854276715
2023-11-29,4945,5430,4830,5000,2043688,0.02564102564102555
2023-11-30,5080,5170,4945,4970,340495,-0.006000000000000005
2023-12-01,5000,5000,4830,4870,138657,-0.02012072434607648
2023-12-04,4870,4880,4750,4850,114973,-0.004106776180698102
2023-12-05,4845,4845,4665,4665,144731,-0.03814432989690719
2023-12-06,4670,4740,4610,4730,78793,0.013933547695605508
2023-12-07,4730,4730,4590,4620,77061,-0.023255813953488413
2023-12-08,4660,4725,4585,4715,80848,0.02056277056277067
2023-12-11,4800,4875,4750,4830,139608,0.024390243902439046
2023-12-12,4835,4835,4740,4820,86444,-0.0020703933747412417
2023-12-13,4860,4860,4680,4695,78744,-0.025933609958506243
2023-12-14,4705,4810,4705,4755,109733,0.012779552715654896
2023-12-15,4755,4850,4755,4810,115510,0.011566771819137678
2023-12-18,4890,4890,4760,4820,81496,0.0020790020790020236
2023-12-19,4825,4840,4750,4760,93982,-0.012448132780082943
2023-12-20,4775,4850,4710,4725,159688,-0.007352941176470562
2023-12-21,4750,4765,4640,4645,140883,-0.016931216931216908
2023-12-22,4700,4700,4550,4560,161956,-0.01829924650161463
2023-12-26,4560,4580,4495,4515,73460,-0.009868421052631526
2023-12-27,4505,4620,4495,4615,96300,0.02214839424141757
2023-12-28,4620,4695,4595,4695,96745,0.01733477789815807
2024-01-02,4700,4780,4695,4780,118260,0.018104366347177825
2024-01-03,4735,4815,4730,4800,104327,0.004184100418409997
2024-01-04,4800,4805,4690,4700,76549,-0.02083333333333337
2024-01-05,4705,4930,4675,4900,291526,0.042553191489361764
2024-01-08,4900,5110,4835,4915,186759,0.003061224489795844
2024-01-09,4965,4990,4885,4945,177144,0.006103763987792554
2024-01-10,4950,5040,4880,5000,270432,0.011122345803842304
2024-01-11,5050,5060,4960,5000,158365,0.0
2024-01-12,5000,5830,4975,5190,3314130,0.038000000000000034
2024-01-15,5290,5550,5030,5370,1424953,0.034682080924855585
2024-01-16,5390,5590,5230,5440,994295,0.013035381750465591
2024-01-17,5350,5370,5080,5220,450852,-0.0404411764705882
2024-01-18,5140,5780,5110,5440,2318151,0.04214559386973171
2024-01-19,5470,5550,5330,5340,543549,-0.018382352941176516
2024-01-22,5420,5480,5310,5380,395099,0.0074906367041198685
2024-01-23,5500,5570,5350,5430,545072,0.009293680297397744
2024-01-24,5460,5460,5270,5330,234544,-0.018416206261510082
2024-01-25,5280,5310,5110,5190,267513,-0.026266416510318913
2024-01-26,5180,5300,5100,5280,175092,0.01734104046242768
2024-01-29,5270,5370,5120,5160,253505,-0.022727272727272707
2024-01-30,5160,5210,4930,4980,217111,-0.03488372093023251
2024-01-31,4980,5050,4860,4900,133072,-0.016064257028112428
2024-02-01,4860,5020,4850,4940,95070,0.008163265306122547
2024-02-02,5010,5080,4950,4965,102572,0.005060728744939347
2024-02-05,5030,5060,4910,4995,88779,0.0060422960725075026
2024-02-06,4995,5040,4850,4975,85043,-0.004004004004004025
2024-02-07,4970,5020,4920,4970,122943,-0.0010050251256281673
2024-02-08,5090,5210,5020,5050,207794,0.016096579476861272
2024-02-13,5050,5200,5040,5170,156614,0.023762376237623783
2024-02-14,5100,5290,5030,5200,231223,0.005802707930367523
2024-02-15,5280,5280,5110,5170,132637,-0.005769230769230749
2024-02-16,5170,5170,5050,5090,134832,-0.015473887814313358
2024-02-19,5070,5130,5040,5090,105470,0.0
2024-02-20,5090,5160,5080,5110,126531,0.003929273084479323
2024-02-21,5120,5330,5090,5150,355848,0.007827788649706457
2024-02-22,5180,5180,5050,5120,127864,-0.005825242718446644
2024-02-23,5140,5150,5000,5010,128010,-0.021484375
2024-02-26,5010,5050,4965,5000,71808,-0.001996007984031989
2024-02-27,5000,5420,4870,5030,916904,0.006000000000000005
2024-02-28,5070,5150,4995,5140,169389,0.021868787276341894
2024-02-29,5140,5150,4910,4950,166185,-0.03696498054474706
2024-03-04,4950,5020,4935,4955,109087,0.0010101010101009056
2024-03-05,4910,5010,4855,4875,185046,-0.016145307769929396
2024-03-06,4875,4880,4775,4775,111505,-0.02051282051282055
2024-03-07,4760,4770,4600,4610,190923,-0.034554973821989576
2024-03-08,4625,4670,4605,4665,83131,0.01193058568329719
2024-03-11,4665,4665,4565,4630,68342,-0.007502679528403
2024-03-12,4630,4680,4540,4630,94373,0.0
2024-03-13,4665,4755,4635,4745,109803,0.024838012958963374
2024-03-14,4815,4825,4700,4770,96351,0.005268703898840821
2024-03-15,4780,4855,4735,4775,156919,0.0010482180293500676
2024-03-18,4780,4785,4740,4765,65498,-0.0020942408376963817
2024-03-19,4780,4840,4750,4770,115453,0.0010493179433368471
2024-03-20,4785,4790,4710,4725,60853,-0.009433962264150941
2024-03-21,4790,4790,4745,4770,66321,0.00952380952380949
2024-03-22,4775,4980,4770,4890,364323,0.02515723270440251
2024-03-25,4905,4910,4790,4845,97505,-0.009202453987730008
2024-03-26,4880,4895,4780,4810,103260,-0.007223942208462342
2024-03-27,4810,4815,4740,4740,78631,-0.014553014553014498
2024-03-28,4730,4750,4690,4690,69099,-0.010548523206751037
2024-03-29,4695,4740,4695,4725,59261,0.00746268656716409
2024-04-01,4770,4780,4725,4765,59719,0.00846560846560851
2024-04-02,4765,4825,4670,4675,82410,-0.018887722980062915
2024-04-03,4605,4820,4605,4625,51546,-0.010695187165775444
2024-04-04,4625,4675,4625,4645,38891,0.00432432432432428
2024-04-05,4610,4660,4605,4640,45004,-0.0010764262648008671
2024-04-08,4715,4715,4570,4570,56879,-0.015086206896551713
2024-04-09,4570,4585,4500,4500,63745,-0.015317286652078765
2024-04-11,4500,4510,4445,4470,58823,-0.00666666666666671
2024-04-12,4470,4500,4430,4440,32957,-0.006711409395973145
2024-04-15,4410,4410,4280,4300,72541,-0.03153153153153154
2024-04-16,4280,4350,4200,4230,50063,-0.016279069767441867
2024-04-17,4230,4650,4230,4370,189572,0.03309692671394804
2024-04-18,4330,4415,4330,4390,34054,0.004576659038901587
2024-04-19,4425,4430,4245,4320,41431,-0.015945330296127547
2024-04-22,4315,4405,4300,4350,29099,0.00694444444444442
2024-04-23,4355,4395,4325,4325,36354,-0.005747126436781658
2024-04-24,4355,4390,4310,4370,26398,0.010404624277456698
2024-04-25,4355,4415,4310,4395,36145,0.005720823798627039
2024-04-26,4385,4410,4360,4380,27550,-0.0034129692832765013
2024-04-29,4380,4425,4370,4420,33437,0.009132420091324311
2024-04-30,4420,4460,4400,4440,34868,0.004524886877828038
2024-05-02,4440,4440,4385,4410,32555,-0.006756756756756799
2024-05-03,4440,4445,4390,4410,30466,0.0
2024-05-07,4415,4415,4365,4395,51428,-0.003401360544217691
2024-05-08,4385,4480,4385,4470,65297,0.017064846416382284
2024-05-09,4480,4490,4415,4415,37859,-0.01230425055928408
2024-05-10,4525,4570,4445,4470,82496,0.01245753114382775
2024-05-13,4490,4580,4420,4445,57103,-0.005592841163310935
2024-05-14,4445,4475,4425,4460,43295,0.003374578177727683
2024-05-16,4465,4475,4420,4420,51304,-0.008968609865470878
2024-05-17,4420,4445,4355,4370,34944,-0.011312217194570096
2024-05-20,4390,5680,4335,5680,10385543,0.29977116704805495
2024-05-21,5800,5810,5300,5400,4889124,-0.04929577464788737
2024-05-22,5320,6940,5310,6290,20498790,0.16481481481481475
2024-05-23,6230,6580,5880,6300,5742162,0.0015898251192367763
2024-05-24,6170,6220,5920,5980,1279050,-0.050793650793650835
2024-05-27,5900,6160,5540,5790,1577927,-0.0317725752508361
2024-05-28,5790,6740,5700,6030,8756115,0.041450777202072464
2024-05-29,6080,6110,5700,5720,1056647,-0.051409618573797666
2024-05-30,5630,5680,5160,5240,1648990,-0.08391608391608396
2024-05-31,5240,5420,5110,5230,1283292,-0.001908396946564861
2024-06-03,5230,5470,5220,5290,756562,0.011472275334607929
2024-06-04,5240,5570,5120,5290,1087538,0.0
2024-06-05,5360,5450,5050,5100,572168,-0.03591682419659736
2024-06-07,5100,5140,4985,5100,306030,0.0
2024-06-10,5170,5180,4985,5020,252070,-0.015686274509803977
2024-06-11,5030,5300,5020,5240,761478,0.043824701195219085
2024-06-12,5300,5520,5150,5190,1017792,-0.009541984732824416
2024-06-13,5190,5260,5100,5140,327517,-0.009633911368015391
2024-06-14,5140,5180,5010,5110,230989,-0.005836575875486361
2024-06-17,5120,5140,5010,5030,164797,-0.015655577299412915
2024-06-18,5030,5290,5000,5100,315933,0.013916500994035852
2024-06-19,5100,5100,4835,4930,529015,-0.033333333333333326
2024-06-20,4920,4955,4850,4890,201786,-0.008113590263691739
2024-06-21,4900,4900,4760,4780,159633,-0.02249488752556239
2024-06-24,4790,4835,4660,4730,171737,-0.010460251046025104
2024-06-25,4730,4820,4650,4730,124761,0.0
2024-06-26,4690,4780,4690,4725,111131,-0.0010570824524313016
2024-06-27,4715,4785,4630,4650,229093,-0.015873015873015928
2024-06-28,4650,4685,4615,4620,92917,-0.006451612903225823
2024-07-01,4620,4770,4605,4670,88895,0.010822510822510845
2024-07-02,4670,4670,4550,4565,144961,-0.0224839400428265
2024-07-03,4580,4610,4505,4580,121557,0.0032858707557503752
2024-07-04,4575,4645,4520,4600,105994,0.004366812227074135
2024-07-05,4640,4835,4640,4720,396055,0.026086956521739202
2024-07-08,4720,4820,4695,4820,136184,0.021186440677966045
2024-07-09,4825,4825,4750,4800,120503,-0.004149377593360981
2024-07-10,4870,4870,4730,4810,88108,0.002083333333333437
2024-07-11,4880,4880,4780,4825,135012,0.0031185031185030354
2024-07-12,4870,5000,4725,4725,532592,-0.020725388601036232
2024-07-15,4715,4740,4630,4685,141248,-0.00846560846560851
2024-07-16,4680,4710,4595,4635,138148,-0.01067235859124871
2024-07-17,4670,4675,4590,4595,73937,-0.008629989212513456
2024-07-18,4505,4540,4405,4480,135822,-0.02502720348204568
2024-07-19,4510,4510,4410,4460,72820,-0.004464285714285698
2024-07-22,4450,4450,4300,4345,142022,-0.02578475336322872
2024-07-23,4450,4455,4300,4380,91398,0.008055235903337232
2024-07-24,4370,4400,4300,4310,83138,-0.01598173515981738
2024-07-25,4270,4345,4100,4240,103966,-0.016241299303944357
2024-07-26,4260,4270,4125,4215,57130,-0.005896226415094352
2024-07-29,4215,4325,4215,4310,40171,0.022538552787663146
2024-07-30,4310,4335,4195,4210,75020,-0.023201856148491906
2024-07-31,4245,4300,4180,4300,56288,0.0213776722090262
2024-08-01,4310,4380,4310,4350,44280,0.011627906976744207
2024-08-02,4310,4345,4085,4130,105316,-0.05057471264367819
2024-08-05,3890,4020,3250,3300,353732,-0.2009685230024213
2024-08-06,3300,3685,3300,3595,220655,0.08939393939393936
2024-08-07,3595,3810,3595,3705,79731,0.030598052851182223
2024-08-08,3705,3940,3450,3620,88056,-0.022941970310391357
2024-08-09,3625,3900,3625,3755,76051,0.037292817679557944
2024-08-12,3755,3825,3755,3815,47136,0.015978695073235683
2024-08-13,3815,3830,3710,3745,46287,-0.01834862385321101
2024-08-14,3785,3895,3780,3880,62303,0.03604806408544725
2024-08-16,3965,3965,3845,3895,63028,0.0038659793814432852
2024-08-19,3865,3915,3845,3860,41086,-0.00898587933247752
2024-08-20,3860,3990,3860,3980,65280,0.031088082901554515
2024-08-21,3955,4030,3910,4020,52178,0.01005025125628145
2024-08-22,3985,4020,3865,3870,61163,-0.03731343283582089
2024-08-23,3865,3880,3750,3855,46803,-0.003875968992248069
2024-08-26,3820,3940,3795,3810,46586,-0.011673151750972721
2024-08-27,3800,3865,3735,3845,32168,0.009186351706036655
2024-08-28,3810,3850,3745,3795,47969,-0.013003901170351106
2024-08-29,3760,3760,3520,3670,49234,-0.03293807641633728
2024-08-30,3635,3740,3635,3675,40717,0.0013623978201635634
2024-09-02,3675,3795,3635,3790,44716,0.0312925170068028
2024-09-03,3750,3805,3705,3730,39436,-0.0158311345646438
2024-09-04,3600,3635,3490,3510,78993,-0.05898123324396787
2024-09-05,3510,3580,3410,3460,44765,-0.014245014245014231
2024-09-06,3400,3480,3335,3360,46989,-0.028901734104046284
2024-09-09,3255,3390,3245,3390,30275,0.008928571428571397
2024-09-10,3355,3425,3295,3300,45830,-0.026548672566371723
2024-09-11,3300,3410,3300,3315,38758,0.00454545454545463
2024-09-12,3330,3620,3330,3540,56349,0.0678733031674208
2024-09-13,3505,3580,3465,3525,26277,-0.004237288135593209
2024-09-19,3525,3545,3455,3510,21218,-0.004255319148936176
2024-09-20,3565,3730,3520,3555,66288,0.012820512820512775
2024-09-23,3610,3610,3505,3550,32131,-0.0014064697609000865
2024-09-24,3550,3600,3535,3575,19389,0.007042253521126751
2024-09-25,3575,3660,3575,3590,45643,0.00419580419580412
2024-09-26,3580,3710,3575,3700,45720,0.03064066852367686
2024-09-27,3715,3740,3655,3695,38816,-0.0013513513513513375
2024-09-30,3695,3740,3600,3600,48223,-0.025710419485791558
2024-10-02,3600,3620,3515,3595,20052,-0.001388888888888884
2024-10-04,3595,3620,3550,3550,28246,-0.012517385257301838
2024-10-07,3570,3650,3550,3640,29224,0.025352112676056304
2024-10-08,3640,3655,3595,3605,28965,-0.009615384615384581
2024-10-10,3605,3645,3540,3575,31521,-0.00832177531206657
2024-10-11,3550,3625,3535,3555,47924,-0.005594405594405605
2024-10-14,3520,3540,3470,3490,43934,-0.01828410689170179
2024-10-15,3540,3545,3295,3435,48762,-0.015759312320916874
2024-10-16,3400,3455,3300,3400,47434,-0.010189228529839833
2024-10-17,3400,3435,3335,3390,30023,-0.002941176470588225
2024-10-18,3405,3410,3305,3380,48092,-0.002949852507374673
2024-10-21,3360,3420,3305,3375,37204,-0.0014792899408283544
2024-10-22,3375,3375,3240,3260,59240,-0.034074074074074034
2024-10-23,3260,3320,3205,3295,38284,0.010736196319018454
2024-10-24,3295,3295,3215,3215,30637,-0.02427921092564489
2024-10-25,3215,3220,3110,3130,60693,-0.026438569206842955
2024-10-28,3130,4000,3130,3525,5187263,0.12619808306709257
2024-10-29,3620,3930,3415,3450,1128765,-0.021276595744680882
2024-10-30,3450,3480,3345,3385,168486,-0.018840579710144967
2024-10-31,3385,4330,3230,4070,9244090,0.20236336779911368
2024-11-01,4070,4230,3740,3765,1614169,-0.07493857493857492
2024-11-04,3690,4120,3690,3925,2309671,0.04249667994687911
2024-11-05,3880,3950,3785,3850,480865,-0.019108280254777066
2024-11-06,3845,3915,3620,3690,491254,-0.04155844155844157
2024-11-07,3655,4145,3655,3800,2351886,0.02981029810298108
2024-11-08,3765,3880,3735,3805,333215,0.001315789473684159
2024-11-11,3805,4040,3670,3995,1078190,0.04993429697766105
2024-11-12,4000,4230,3825,3825,1316016,-0.04255319148936165
2024-11-13,3750,4810,3730,4230,13748014,0.10588235294117654
2024-11-14,4150,4195,3980,4045,1498711,-0.043735224586288424
2024-11-15,4330,4885,4180,4200,10648218,0.03831891223732997
2024-11-18,4155,4330,4120,4120,751652,-0.01904761904761909
2024-11-19,4120,4645,4080,4385,4015039,0.06432038834951448
2024-11-20,4395,4445,4245,4245,910366,-0.03192702394526792
2024-11-21,4260,4320,3980,4030,581686,-0.050647820965842194
2024-11-22,4155,4570,4100,4110,2140636,0.01985111662531014
2024-11-25,4150,4190,4110,4190,286324,0.019464720194647178
2024-11-26,4180,4530,4100,4280,1374784,0.021479713603818507
2024-11-27,4265,4470,4180,4400,927316,0.028037383177569986
2024-11-28,4615,4615,4280,4290,694889,-0.025000000000000022
2024-11-29,4280,4500,4215,4230,324582,-0.013986013986013957
2024-12-02,4270,4295,4045,4045,259460,-0.043735224586288424
2024-12-03,4040,4120,4005,4030,184002,-0.003708281829419069
2024-12-04,3900,4000,3745,3815,323755,-0.053349875930521096
2024-12-05,3825,3850,3635,3670,240043,-0.038007863695937116
2024-12-06,3660,3685,3385,3515,338615,-0.04223433242506813
2024-12-09,3310,3450,3165,3185,325268,-0.09388335704125172
2024-12-10,3180,3450,3180,3450,169859,0.08320251177394034
2024-12-11,3395,3600,3395,3580,162608,0.037681159420289934
2024-12-12,3620,3630,3515,3595,118016,0.0041899441340782495
2024-12-13,3515,3775,3515,3665,147276,0.01947148817802513
2024-12-16,3730,3785,3680,3770,140778,0.028649386084584005
2024-12-17,3775,3775,3685,3720,114765,-0.01326259946949604
2024-12-18,3785,3820,3645,3720,144128,0.0
2024-12-19,3650,3665,3585,3600,115024,-0.032258064516129004
2024-12-20,3600,3600,3455,3495,116746,-0.029166666666666674
2024-12-23,3515,3625,3490,3620,74616,0.03576537911301858
2024-12-24,3615,3760,3575,3680,186120,0.016574585635359185
2024-12-26,3800,3800,3665,3710,234495,0.008152173913043459
2024-12-27,3710,3730,3530,3650,95592,-0.016172506738544423
2024-12-30,3610,3870,3575,3865,315854,0.05890410958904102
2025-01-02,4100,4505,4090,4275,2950277,0.10608020698576981
2025-01-03,4240,4240,3985,4005,795783,-0.06315789473684208
2025-01-06,4080,4165,4035,4085,512343,0.019975031210986316
2025-01-07,4135,4195,4010,4020,312663,-0.01591187270501837
2025-01-08,3960,4020,3955,4020,181086,0.0
2025-01-09,4025,4150,3875,4100,503918,0.01990049751243772
2025-01-10,4180,4340,4030,4055,532180,-0.01097560975609757
2025-01-13,4010,4090,3980,4050,167881,-0.0012330456226880004
2025-01-14,4035,4105,4020,4050,193719,0.0
2025-01-15,4070,4070,3930,3955,147466,-0.023456790123456805
2025-01-16,4000,4145,3990,4140,370720,0.04677623261694053
2025-01-17,4070,4145,4050,4065,203137,-0.018115942028985477
2025-01-20,4070,4130,4035,4065,144131,0.0
2025-01-21,4090,4610,4020,4205,4539259,0.03444034440344401
2025-01-22,4620,4985,4405,4495,13322692,0.06896551724137923
2025-01-23,4505,4520,4300,4305,746356,-0.0422691879866518
2025-01-24,4360,4440,4225,4225,724869,-0.018583042973286834
2025-01-31,4130,4375,4120,4350,625672,0.029585798816567976
2025-02-03,4350,4440,4130,4130,570618,-0.05057471264367819
2025-02-04,4235,4375,4200,4300,418952,0.041162227602905554
2025-02-05,4325,4580,4310,4450,1302860,0.03488372093023262
2025-02-06,4590,4595,4300,4305,727063,-0.032584269662921383
2025-02-07,4330,4550,4270,4360,811386,0.012775842044134622
2025-02-10,4410,5070,4380,4695,9941329,0.076834862385321
2025-02-11,4635,4690,4500,4505,1173988,-0.04046858359957406
2025-02-12,4500,4500,4325,4350,512411,-0.03440621531631516
2025-02-13,4300,4445,4300,4445,303140,0.02183908045977012
2025-02-14,4410,4535,4345,4425,505436,-0.004499437570303688
2025-02-17,4425,4435,4345,4435,221723,0.002259887005649608
2025-02-18,4460,4655,4435,4530,1123545,0.021420518602029315
2025-02-19,4530,4585,4455,4480,485202,-0.01103752759381893
2025-02-20,4495,4500,4345,4345,307721,-0.030133928571428603
2025-02-21,4300,4405,4300,4340,192132,-0.0011507479861909697
2025-02-24,4220,4275,4175,4250,216315,-0.020737327188940058
2025-02-25,4250,4295,4160,4215,147841,-0.008235294117647007
2025-02-26,4235,4260,4155,4200,149107,-0.003558718861209953
2025-02-27,4200,4275,4125,4125,136872,-0.017857142857142905
2025-02-28,4075,4080,3980,3980,200697,-0.035151515151515156
2025-03-04,3980,4000,3850,3925,104170,-0.013819095477386911
2025-03-05,3925,4065,3925,4020,124327,0.02420382165605095
2025-03-06,4005,4040,3950,3980,84138,-0.00995024875621886
2025-03-07,3970,4010,3885,3925,155976,-0.013819095477386911
2025-03-10,4010,4090,3900,3905,112846,-0.005095541401273884
2025-03-11,3790,3995,3760,3960,163739,0.014084507042253502
2025-03-12,3965,4045,3965,3990,134570,0.007575757575757569
2025-03-13,4015,4070,3940,3945,75666,-0.011278195488721776
2025-03-14,4020,4100,4000,4045,235836,0.025348542458808687
2025-03-17,4050,4090,3995,4060,111218,0.003708281829418958
2025-03-18,4070,4090,3980,4015,110327,-0.011083743842364546
2025-03-19,4015,4030,3900,3910,143166,-0.026151930261519296
2025-03-20,3935,3955,3805,3820,138740,-0.023017902813299185
2025-03-21,3800,3840,3730,3730,102208,-0.023560209424083767
2025-03-24,3695,3755,3685,3730,106891,0.0
2025-03-25,3715,3795,3635,3695,96203,-0.009383378016085797
2025-03-26,3695,3740,3650,3685,59803,-0.0027063599458727605
2025-03-27,3630,3730,3610,3630,62244,-0.014925373134328401
2025-03-28,3630,3650,3520,3530,70126,-0.02754820936639113
2025-03-31,3460,3570,3410,3455,82876,-0.021246458923512734
2025-04-01,3530,3555,3460,3535,59977,0.02315484804630974
2025-04-02,3590,3665,3510,3515,72114,-0.005657708628005631
2025-04-03,3490,3600,3480,3500,64731,-0.004267425320056861
2025-04-04,3550,3550,3405,3500,95455,0.0
2025-04-07,3485,3490,3270,3300,127593,-0.05714285714285716
2025-04-08,3335,3400,3275,3305,87527,0.0015151515151514694
2025-04-09,3280,3355,3170,3195,101213,-0.033282904689863835
2025-04-10,3410,3440,3315,3435,110681,0.07511737089201875
2025-04-11,3340,3560,3340,3540,102214,0.03056768558951961
2025-04-14,3590,4545,3525,4280,8032457,0.20903954802259883
2025-04-15,4280,5560,4155,5070,18254170,0.18457943925233655
2025-04-16,5070,5110,4725,4725,1934195,-0.06804733727810652
2025-04-17,4800,5240,4740,4900,6721587,0.03703703703703698
2025-04-18,4885,4885,4650,4790,1260430,-0.022448979591836782
2025-04-21,4770,4840,4555,4655,873634,-0.028183716075156573
2025-04-22,4530,4660,4465,4580,584605,-0.01611170784103111
2025-04-23,4680,4700,4415,4550,768703,-0.0065502183406113135
2025-04-24,4615,5280,4535,4705,11925528,0.03406593406593417
2025-04-25,4715,4765,4545,4565,726448,-0.029755579171094615
2025-04-28,4575,4650,4265,4400,602129,-0.03614457831325302
2025-04-29,4405,4605,4405,4550,356954,0.03409090909090917
2025-04-30,4535,4540,4395,4435,311485,-0.025274725274725296
2025-05-02,4435,4435,4205,4340,219546,-0.021420518602029315
2025-05-07,4360,4465,4250,4440,330646,0.02304147465437789
2025-05-08,4440,4625,4415,4560,517451,0.027027027027026973
2025-05-09,4610,4610,4310,4415,339554,-0.0317982456140351
2025-05-12,4425,4640,4350,4550,495589,0.0305775764439411
2025-05-13,4620,5610,4620,4835,13547466,0.06263736263736264
2025-05-14,4920,5340,4880,5050,5391412,0.04446742502585321
2025-05-15,5140,5150,4795,4795,1436393,-0.05049504950495054
2025-05-16,4815,5080,4705,4740,1071393,-0.01147028154327423
2025-05-19,4685,4700,4540,4635,373033,-0.022151898734177222
2025-05-20,4635,4900,4635,4690,448456,0.011866235167206085
2025-05-21,4690,5100,4600,4695,989838,0.0010660980810235365
2025-05-22,4695,4700,4550,4550,261853,-0.030883919062832832
2025-05-23,4570,4735,4430,4460,318775,-0.01978021978021982
2025-05-26,4460,4625,4365,4565,155264,0.023542600896860888
2025-05-27,4510,4565,4450,4515,114967,-0.010952902519167584
2025-05-28,4520,4645,4520,4530,168660,0.0033222591362125353
2025-05-29,4600,4760,4550,4550,343747,0.004415011037527616
2025-05-30,4555,4555,4450,4495,156486,-0.012087912087912045
2025-06-02,4495,4695,4460,4645,313683,0.03337041156840925
2025-06-04,4745,4830,4690,4790,574523,0.031216361679224924
2025-06-05,4850,4860,4680,4740,284813,-0.01043841336116913
2025-06-09,4790,4830,4705,4770,330598,0.006329113924050667
2025-06-10,4810,4855,4695,4775,304177,0.0010482180293500676
2025-06-11,4780,4930,4745,4785,227155,0.0020942408376962707
2025-06-12,4785,4825,4700,4770,267000,-0.0031347962382445305
2025-06-13,4770,4775,4545,4605,279329,-0.03459119496855345
2025-06-16,4605,4700,4475,4680,268570,0.016286644951140072
2025-06-17,4710,4875,4640,4755,525068,0.01602564102564097
2025-06-18,4755,4970,4660,4815,633856,0.012618296529968376
2025-06-19,4830,4930,4725,4790,380954,-0.005192107995846351
2025-06-20,4785,5130,4765,4905,2227217,0.024008350730688965
2025-06-23,4890,5290,4720,5050,2537654,0.029561671763506547
2025-06-24,5230,5230,4955,4985,1212698,-0.012871287128712883
2025-06-25,5080,6290,4850,5630,24187424,0.12938816449348045
2025-06-26,5630,5630,5020,5160,2704676,-0.08348134991119005
2025-06-27,5200,6100,5140,5520,22862866,0.06976744186046502
2025-06-30,5500,5780,5380,5380,2729841,-0.025362318840579712
2025-07-01,5450,5490,5210,5210,1149738,-0.03159851301115246
2025-07-02,5120,5190,5010,5160,738112,-0.009596928982725572
2025-07-03,5170,5220,5080,5200,423869,0.007751937984496138
2025-07-04,5240,5320,5020,5050,474425,-0.028846153846153855
2025-07-07,5040,5100,4910,5080,234130,0.005940594059405946
2025-07-08,5090,5110,5010,5060,223570,-0.003937007874015741
2025-07-09,5100,5180,5010,5150,384558,0.01778656126482203
2025-07-10,5150,5270,5070,5090,447541,-0.011650485436893177
2025-07-11,5100,5150,5040,5040,298721,-0.00982318271119842
2025-07-14,5000,5100,4915,5050,321214,0.001984126984126977
2025-07-15,5060,5400,4960,5200,1137273,0.02970297029702973
2025-07-16,5180,5210,5050,5140,377261,-0.011538461538461497
2025-07-17,5170,5220,5030,5050,294326,-0.017509727626459193
2025-07-18,5050,5080,4995,5000,201658,-0.00990099009900991
2025-07-21,5000,5150,4990,5120,300733,0.02400000000000002
2025-07-22,5140,5140,4945,4980,271080,-0.02734375
2025-07-23,5050,5140,4855,4930,257702,-0.010040160642570295
2025-07-24,4930,4955,4820,4820,243965,-0.022312373225152116
2025-07-25,4800,4920,4800,4835,133910,0.003112033195020736
2025-07-28,4790,4870,4790,4850,136459,0.0031023784901758056
2025-07-29,4855,4940,4775,4780,133223,-0.014432989690721598
2025-07-30,4770,4860,4740,4755,175244,-0.005230125523012608
2025-07-31,4770,4815,4695,4755,105606,0.0
2025-08-01,4715,4800,4590,4600,228870,-0.03259726603575186
2025-08-04,4670,4705,4565,4660,120650,0.01304347826086949
2025-08-05,4665,4820,4665,4755,122081,0.020386266094420513
2025-08-06,4715,4825,4700,4800,110642,0.009463722397476282
2025-08-07,4795,4860,4760,4835,137155,0.007291666666666696
2025-08-08,4835,4905,4800,4865,124112,0.006204756980351611
2025-08-11,4865,4890,4800,4805,106291,-0.012332990750256956
2025-08-12,4810,5050,4810,4840,431222,0.007284079084287187
2025-08-13,4850,4875,4800,4820,111720,-0.004132231404958664
2025-08-14,4820,4860,4795,4800,77947,-0.004149377593360981
2025-08-18,4800,4820,4740,4755,87764,-0.009375000000000022
2025-08-19,4755,4785,4680,4690,78564,-0.013669821240799185
2025-08-20,4560,4645,4510,4600,116552,-0.019189765458422214
2025-08-21,4600,4650,4570,4575,80771,-0.005434782608695676
2025-08-22,4555,5220,4555,4790,4800751,0.04699453551912569
2025-08-25,4895,5200,4850,4980,2080832,0.039665970772442494
2025-08-26,4970,5070,4800,4995,594809,0.003012048192771122
2025-08-27,5030,5040,4885,4900,295141,-0.019019019019019034
2025-08-28,5000,5060,4825,4830,290400,-0.014285714285714235
2025-08-29,4800,4890,4750,4840,175898,0.0020703933747412417
2025-09-01,4920,4945,4785,4800,142855,-0.008264462809917328
2025-09-02,4850,4990,4815,4960,405873,0.03333333333333344
2025-09-03,4950,4950,4855,4875,161555,-0.017137096774193505
2025-09-04,4875,4955,4840,4920,127042,0.009230769230769154
2025-09-05,4925,5150,4925,4995,545823,0.015243902439024293
2025-09-08,5010,5060,4960,5010,220316,0.0030030030030030463
2025-09-09,5010,5040,4945,5010,210250,0.0
2025-09-10,5080,5490,5040,5200,3474741,0.03792415169660668
2025-09-11,5130,6140,5130,5560,20764503,0.0692307692307692
2025-09-12,5600,6860,5530,6410,31078560,0.15287769784172656
2025-09-15,6670,7420,6670,7040,19057206,0.09828393135725433
2025-09-16,7040,7080,6420,6530,3465122,-0.07244318181818177
2025-09-17,6580,6720,6330,6420,2642494,-0.016845329249617125
2025-09-18,6650,7190,6640,6800,8408584,0.05919003115264787
2025-09-19,6800,7230,6500,6760,7850756,-0.00588235294117645
2025-09-22,6870,7630,6830,7030,10753110,0.03994082840236679
2025-09-23,7040,7230,6850,6950,3176315,-0.011379800853485111
2025-09-24,6950,7180,6660,6800,2487838,-0.021582733812949617
2025-09-25,6720,7020,6670,6710,1702471,-0.013235294117647012
2025-09-26,6710,6930,6450,6590,1353157,-0.01788375558867361
2025-09-29,6550,6840,6550,6710,1032282,0.018209408194233667
2025-09-30,6810,6810,6450,6460,777431,-0.037257824143069995
2025-10-01,6450,6520,6290,6370,599046,-0.01393188854489169
2025-10-02,6380,6440,6235,6310,421533,-0.009419152276295084
2025-10-10,6250,6900,6110,6690,2465358,0.060221870047543646
2025-10-13,6500,6740,6360,6560,937921,-0.019431988041853532
2025-10-14,6610,7440,6500,6710,8315833,0.02286585365853666
2025-10-15,6920,7270,6710,7160,3924060,0.06706408345752601
2025-10-16,7450,7500,6960,7100,3561003,-0.008379888268156388
2025-10-17,6940,8380,6930,7420,16828771,0.04507042253521121
2025-10-20,7450,9610,7430,9540,34201357,0.2857142857142858
2025-10-21,9540,10490,8900,9610,25897140,0.007337526205450695
2025-10-22,9630,9770,8930,9400,6208313,-0.02185223725286156
2025-10-23,9350,10640,9250,9520,9985296,0.012765957446808418
2025-10-24,9580,11200,9460,10190,28944164,0.07037815126050417
2025-10-27,10160,10420,9950,10120,3772650,-0.006869479882237517
2025-10-28,10120,11130,9800,10010,8988540,-0.010869565217391353
2025-10-29,10080,10500,9880,10020,2968710,0.0009990009990010762
2025-10-30,10000,10280,9620,9680,2584915,-0.03393213572854292
2025-10-31,10040,10560,9850,9980,3841049,0.030991735537190035
2025-11-03,10000,11580,9940,10570,16478217,0.059118236472945895
2025-11-04,10460,10460,9910,10110,3166463,-0.04351939451277198
2025-11-05,9800,9990,8970,9500,2252011,-0.060336300692383826
2025-11-06,9610,9930,8740,8760,1694751,-0.07789473684210524
2025-11-07,8250,9010,8250,8600,1113586,-0.0182648401826484
2025-11-10,8600,9350,8200,8800,2524876,0.023255813953488413
2025-11-11,8990,9140,8510,8600,1670681,-0.022727272727272707
2025-11-12,8630,8790,8450,8490,493833,-0.01279069767441865
2025-11-13,8500,8580,8240,8480,714013,-0.0011778563015312216
2025-11-14,8240,8390,8050,8100,595098,-0.04481132075471694
2025-11-17,8270,8360,7920,8030,470641,-0.00864197530864197
2025-11-18,7810,8050,7600,7630,569195,-0.04981320049813198
2025-11-19,7880,8050,7450,7640,782211,0.001310615989515096
2025-11-20,7660,7900,7550,7550,454493,-0.011780104712041939
2025-11-21,7370,7440,7130,7180,504255,-0.0490066225165563
2025-11-24,7240,7410,7080,7280,441998,0.013927576601671321
2025-11-25,7410,7530,7250,7270,306435,-0.0013736263736263687
2025-11-26,7330,7480,7210,7420,280549,0.02063273727647874
2025-11-27,7430,7720,7310,7660,750786,0.032345013477088846
2025-11-28,7750,8160,7690,8110,1161227,0.0587467362924281
2025-12-01,8190,8405,7800,7850,1060988,-0.03205918618988901
2025-12-02,7930,8010,7700,7930,462671,0.010191082802547768
2025-12-03,8070,8290,7810,8210,1036176,0.035308953341740335
2025-12-04,8480,8580,8200,8230,2053794,0.0024360535931791105
2025-12-05,8300,8330,7900,7900,767518,-0.04009720534629402
2025-12-08,7910,8290,7810,8190,641295,0.036708860759493644
2025-12-09,8160,8230,7960,8050,307640,-0.017094017094017144
2025-12-10,8060,8580,7960,8190,885509,0.017391304347825987
2025-12-11,8200,8420,7990,8090,852542,-0.012210012210012167
2025-12-12,8180,8490,8010,8440,1422678,0.043263288009888656
2025-12-15,8210,8710,8100,8390,1302876,-0.005924170616113722
2025-12-16,8400,8410,7740,7780,713929,-0.07270560190703224
2025-12-17,7920,7980,7410,7450,494193,-0.042416452442159414
2025-12-18,7250,7600,7250,7370,328166,-0.010738255033557076
2025-12-19,7390,7490,7210,7380,307167,0.0013568521031208647
2025-12-22,7530,8140,7450,7950,865188,0.0772357723577235
2025-12-23,7950,8250,7800,7940,765020,-0.0012578616352201255
2025-12-24,7940,8040,7780,7810,367210,-0.016372795969773257
2025-12-26,7800,7850,7500,7530,344042,-0.035851472471190804
