Date,Open,High,Low,Close,Volume,Change
2022-01-03,116162,117318,114775,115584,30967,-0.004975809645150764
2022-01-04,116740,125409,115584,124831,111684,0.08000242248062017
2022-01-05,127142,130032,123675,125987,111196,0.009260520223342006
2022-01-06,122519,125987,121941,121942,65124,-0.0321064871772484
2022-01-07,123675,129454,123097,129455,78868,0.06161125781109056
2022-01-10,129454,129454,125409,125987,60369,-0.02678923177938275
2022-01-11,125987,128298,120207,120786,66610,-0.04128203703556721
2022-01-12,121941,123675,121363,122519,32067,0.01434768930174024
2022-01-13,123097,124253,118474,118474,65195,-0.03301528742480753
2022-01-14,118474,120207,116162,116740,42507,-0.014636122693586828
2022-01-17,116740,117896,114775,115006,37159,-0.014853520644166562
2022-01-18,114890,116162,110614,110845,71899,-0.03618072100586056
2022-01-19,109227,113619,108302,111423,50694,0.005214488700437503
2022-01-20,112116,114544,111307,114544,33921,0.02801037487771829
2022-01-21,113157,113735,109574,110499,48498,-0.03531394049448244
2022-01-24,110267,110267,104372,105760,56115,-0.0428872659481081
2022-01-25,106337,106915,98940,99981,102150,-0.054642586989409936
2022-01-26,98709,100442,96628,97206,58262,-0.027755273501965383
2022-01-27,97206,98015,92929,93045,58855,-0.04280599962965248
2022-01-28,92583,95241,88537,95242,68989,0.02361223064108775
2022-02-03,95935,97090,94894,95010,49264,-0.0024359001280948034
2022-02-04,95010,98131,94548,97438,51452,0.025555204715293156
2022-02-07,97553,98131,96512,97669,21928,0.0023707383156468254
2022-02-08,97668,98246,94085,95357,40009,-0.023671789411174426
2022-02-09,95703,97322,95472,97091,30566,0.018184296905313646
2022-02-10,98246,100442,96050,100327,43977,0.033329556807531135
2022-02-11,99171,99402,96859,98016,36797,-0.023034676607493476
2022-02-14,95588,96512,94201,95357,32706,-0.027128223963434506
2022-02-15,94779,95935,92583,92699,24594,-0.02787419906247046
2022-02-16,94201,96281,94201,95935,23655,0.03490868294156346
2022-02-17,96050,98824,95125,95935,42476,0.0
2022-02-18,94548,102638,93970,101252,59864,0.05542294261739711
2022-02-21,99864,104372,98362,100327,39072,-0.009135622012404698
2022-02-22,99171,99171,96397,97322,35073,-0.02995205677434787
2022-02-23,97900,99980,97437,98940,30596,0.016625223484926233
2022-02-24,97090,97784,94548,94664,45688,-0.043218111987062824
2022-02-25,96281,100558,96281,98247,48057,0.03784965773683768
2022-02-28,98131,105297,97668,99981,88392,0.017649393874622055
2022-03-02,100442,103910,100327,103101,40222,0.031205929126534082
2022-03-03,103332,109689,103216,108418,88182,0.05157078980805241
2022-03-04,107493,111076,106453,110268,82034,0.01706358722721313
2022-03-07,110498,113735,105644,107147,101354,-0.028303768999165646
2022-03-08,113966,119051,110151,111655,364006,0.04207303984245936
2022-03-10,109227,112579,105875,111539,106543,-0.0010389145134566125
2022-03-11,113388,120785,112810,119052,145179,0.06735760585983375
2022-03-14,120207,123097,116740,117318,104051,-0.014565064005644612
2022-03-15,117318,118474,113272,113504,66973,-0.03250993027497917
2022-03-16,112810,115006,110383,113388,58530,-0.001021990414434737
2022-03-17,113388,114312,109920,111192,93937,-0.019367128796698108
2022-03-18,111885,115237,111307,112001,99372,0.007275703288006419
2022-03-21,113041,115006,112116,114544,46123,0.02270515441826415
2022-03-22,117896,125409,116162,121942,194976,0.0645865344321832
2022-03-23,125987,127142,121941,125987,133301,0.033171507765987096
2022-03-24,127142,132922,125409,131188,197201,0.0412820370355671
2022-03-25,130032,132922,125987,130032,86727,-0.008811781565387089
2022-03-28,130032,131188,124253,131188,113440,0.008890119355235537
2022-03-29,129454,130032,125987,128877,93245,-0.017615940482361148
2022-03-30,125987,128876,121363,123097,121929,-0.04484896451655451
2022-03-31,123097,124831,119629,121364,81184,-0.014078328472667878
2022-04-01,121363,128298,120785,125987,103560,0.038092020698065276
2022-04-04,127720,132922,127720,129455,84073,0.027526649574956208
2022-04-05,129454,130610,125409,130032,54647,0.00445714727125246
2022-04-06,127720,134655,127720,132922,90737,0.022225298388089065
2022-04-07,132922,135233,131188,135234,83732,0.017393659439370435
2022-04-08,135811,136389,128876,131766,78710,-0.025644438528772295
2022-04-11,131766,135811,130032,132922,47772,0.008773128121063012
2022-04-12,132922,134077,129454,132922,47492,0.0
2022-04-13,133500,133500,131188,132922,50432,0.0
2022-04-14,133500,141012,132922,139857,146098,0.05217345510901139
2022-04-15,138701,146792,138701,140435,122940,0.004132792781198047
2022-04-18,139279,141012,136389,139279,38905,-0.008231566205005869
2022-04-19,141012,150259,141012,149682,242211,0.07469180565627265
2022-04-20,151415,152571,144480,149682,167953,0.0
2022-04-21,149103,154883,147370,150838,111472,0.007723039510428853
2022-04-22,148525,158350,148525,157195,131799,0.04214455243373694
2022-04-25,153727,160084,144480,155461,321764,-0.01103088520627249
2022-04-26,157772,157772,143902,147948,216733,-0.04832723319675036
2022-04-27,143902,150259,142746,149104,77942,0.00781355611431045
2022-04-28,149103,150259,143902,145058,88027,-0.027135422255606834
2022-04-29,145636,148525,143902,147370,64293,0.01593845220532475
2022-05-02,146214,149103,143324,147370,54019,0.0
2022-05-03,147370,147948,138701,141013,110171,-0.043136323539390675
2022-05-04,142746,145058,139279,139857,43486,-0.00819782573237926
2022-05-06,142746,151993,142168,149682,170329,0.0702503271198438
2022-05-09,149681,149681,139279,139279,95976,-0.0695006747638327
2022-05-10,135233,137545,130610,134656,109514,-0.033192369273185474
2022-05-11,133500,137545,131188,136390,49181,0.01287725760456282
2022-05-12,132922,145058,132922,138701,103155,0.016944057482220165
2022-05-13,142168,142746,137545,138701,35873,0.0
2022-05-16,141590,142746,139857,141013,46241,0.016668949755228812
2022-05-17,142168,146214,141012,144481,46941,0.024593477197137892
2022-05-18,146792,146792,141590,142169,29268,-0.016002104082889823
2022-05-19,139279,142168,135233,136390,65890,-0.040648805295106505
2022-05-20,136967,138123,135233,135812,46197,-0.00423784734951238
2022-05-23,136389,142168,135233,139857,59072,0.02978381880835279
2022-05-24,141012,141012,136389,136390,30194,-0.024789606526666508
2022-05-25,138123,138123,129454,133500,91404,-0.021189236747562123
2022-05-26,134077,141590,132922,137545,88425,0.030299625468164892
2022-05-27,139857,143324,138123,142747,53635,0.03782034970373327
2022-05-30,143902,145058,136389,136968,67909,-0.04048421332847629
2022-05-31,139279,147370,136967,147370,169143,0.07594474621809466
2022-06-02,146214,151993,140435,147370,133028,0.0
2022-06-03,147948,149103,143324,143903,53764,-0.023525819366221112
2022-06-07,144480,146214,142168,143903,39587,0.0
2022-06-08,142746,143902,138123,141013,80979,-0.02008297255790359
2022-06-09,139857,140435,135811,136968,64248,-0.028685298518576263
2022-06-10,135811,136967,134077,134656,37710,-0.01687985514864787
2022-06-13,131766,134655,130610,130610,40892,-0.03004693441064643
2022-06-14,127720,134655,124831,134078,69363,0.02655233136819546
2022-06-15,131766,133500,129454,131188,28005,-0.021554617461477688
2022-06-16,133500,134655,130032,130610,25076,-0.004405890782693489
2022-06-17,126564,133500,125409,131188,29429,0.004425388561365873
2022-06-20,132344,133500,125409,127721,27478,-0.026427722047748237
2022-06-21,129454,129454,125987,125987,29509,-0.013576467456408836
2022-06-22,125987,127720,116740,116740,93114,-0.07339646153968271
2022-06-23,115584,117318,106337,109805,93580,-0.059405516532465286
2022-06-24,109805,115122,108649,114429,49720,0.04211101498110281
2022-06-27,115006,116740,113735,115353,26291,0.008074876124059438
2022-06-28,115353,119629,114775,115122,28868,-0.002002548698343376
2022-06-29,113850,116162,113272,114082,25425,-0.009033894477163407
2022-06-30,115006,115006,109342,111423,40088,-0.023307796146631365
2022-07-01,111423,113388,109574,110383,32206,-0.009333800023334504
2022-07-04,110383,111538,105644,109227,32136,-0.010472627125553746
2022-07-05,107146,109227,103679,104951,121409,-0.03914782974905473
2022-07-06,104488,105875,100558,100558,78216,-0.041857628798201096
2022-07-07,101483,103101,100442,100790,47423,0.0023071262356053612
2022-07-08,101829,104719,101829,102870,75386,0.020636967953169938
2022-07-11,102985,108187,101136,104142,91689,0.012365121026538306
2022-07-12,103332,105759,101483,101830,49572,-0.022200457068233703
2022-07-13,102407,105066,100442,105066,93324,0.03177845428655601
2022-07-14,104603,113041,104257,111077,130343,0.05721165743437462
2022-07-15,112116,114544,109920,110152,65509,-0.008327556559863836
2022-07-18,110729,112694,110729,111192,27262,0.009441499019536614
2022-07-19,112001,116740,109920,114313,69329,0.028068566083890856
2022-07-20,115468,116740,110151,110383,82686,-0.03437929194404832
2022-07-21,110036,111192,109342,110499,27063,0.0010508864589655609
2022-07-22,110498,111885,108533,108649,34512,-0.016742232961384218
2022-07-25,108764,110151,108302,109805,16754,0.01063976658781951
2022-07-26,109227,110383,108302,108649,14456,-0.010527753745275703
2022-07-27,108996,108996,105066,106222,30553,-0.022337987464219666
2022-07-28,107031,108996,106106,107494,47630,0.011974920449624449
2022-07-29,108302,112810,107493,111077,64406,0.03333209295402528
2022-08-01,112001,116162,109574,112810,124236,0.015601789749453143
2022-08-02,114197,114544,107493,108418,107433,-0.038932718730608995
2022-08-03,108418,113272,107724,112810,79511,0.040509878433470536
2022-08-04,114081,114197,111423,111655,43675,-0.010238454037762579
2022-08-05,112001,113388,111076,113157,30172,0.013452151717343597
2022-08-08,113041,113850,111076,111655,38254,-0.013273593326086797
2022-08-09,111885,112579,110498,112117,24145,0.004137745734628995
2022-08-10,111307,112579,110267,110499,29160,-0.014431352961638333
2022-08-11,110614,113735,110267,113157,64486,0.024054516330464626
2022-08-12,113850,115122,112463,113735,41289,0.0051079473651651774
2022-08-16,113966,117318,113850,115353,79037,0.014226051787048943
2022-08-17,115353,116162,113272,113388,38430,-0.017034667498894707
2022-08-18,113272,113503,111654,112926,20620,-0.004074505238649606
2022-08-19,113272,114197,111307,111308,26980,-0.0143279669872306
2022-08-22,111770,115237,111538,113851,79390,0.02284651597369458
2022-08-23,113272,121941,113041,119630,140637,0.05075932578545639
2022-08-24,119051,126564,119051,120208,114993,0.004831563988966003
2022-08-25,121941,128298,121363,124831,143425,0.038458338879275855
2022-08-26,124831,128876,124253,125987,77286,0.009260520223342006
2022-08-29,121363,126564,120785,124831,40285,-0.009175549858318699
2022-08-30,124831,129454,123675,124253,59126,-0.004630260111671003
2022-08-31,123675,124253,116740,120208,81620,-0.032554545966696935
2022-09-01,119051,120785,114775,115584,88682,-0.0384666577931585
2022-09-02,116162,117318,114544,115584,43380,0.0
2022-09-05,117318,119629,116162,116740,33960,0.010001384274640035
2022-09-06,116740,122519,116162,121364,37082,0.039609388384444166
2022-09-07,121363,125987,120207,120786,55788,-0.004762532546718989
2022-09-08,121941,121941,117896,120786,48709,0.0
2022-09-13,121941,122519,117318,120786,65562,0.0
2022-09-14,117318,126564,116740,122519,81336,0.01434768930174024
2022-09-15,125409,128876,124253,126565,92330,0.033023449424171014
2022-09-16,126564,130032,124253,130032,206478,0.027393039149844034
2022-09-19,130610,132344,128298,129455,78367,-0.004437369262950686
2022-09-20,130032,133500,128298,130032,50026,0.00445714727125246
2022-09-21,128876,129454,120785,122519,95618,-0.057778085394364465
2022-09-22,119629,123097,117318,121364,56303,-0.009427109264685485
2022-09-23,120207,123097,114081,114313,72605,-0.058097953264559465
2022-09-26,112232,112348,104372,104604,95575,-0.08493347213352809
2022-09-27,104025,105297,99864,104373,74634,-0.002208328553401362
2022-09-28,104141,104603,98940,101021,55153,-0.03211558544834392
2022-09-29,102292,104603,98940,99171,40040,-0.01831302402470769
2022-09-30,98246,98824,95935,96513,37148,-0.02680219015639651
2022-10-04,98593,99864,97090,97553,53299,0.010775750417042262
2022-10-05,98593,101251,94432,94779,47839,-0.028435824628663342
2022-10-06,95819,99402,94894,99171,48304,0.04633937897635554
2022-10-07,99055,101136,97437,100674,34580,0.015155640257736636
2022-10-11,99633,99864,96166,97322,25538,-0.03329558773864161
2022-10-12,97322,106222,96744,105760,64216,0.08670187624586423
2022-10-13,105759,105990,100558,100558,17911,-0.049186838124054444
2022-10-14,102870,104372,101136,101483,24935,0.009198671413512605
2022-10-17,100211,101598,99749,100096,20441,-0.013667313737276143
2022-10-18,101714,102754,99980,101830,21576,0.017323369565217295
2022-10-19,101829,104950,100789,102177,36763,0.0034076401846214743
2022-10-20,102523,102754,96512,96513,53894,-0.055433218826154596
2022-10-21,96512,96512,91311,91658,68694,-0.05030410411032715
2022-10-24,92467,93045,90733,91774,29447,0.0012655741997424919
2022-10-25,91774,92120,86803,89462,85583,-0.025192320264998846
2022-10-26,91080,91080,86919,87382,40871,-0.02325009501240749
2022-10-27,87035,89115,87035,89000,69268,0.018516399258428518
2022-10-28,0,0,0,89000,0,0.0
2022-10-31,0,0,0,89000,0,0.0
2022-11-01,0,0,0,89000,0,0.0
2022-11-02,0,0,0,89000,0,0.0
2022-11-03,0,0,0,89000,0,0.0
2022-11-04,0,0,0,89000,0,0.0
2022-11-07,0,0,0,89000,0,0.0
2022-11-08,0,0,0,89000,0,0.0
2022-11-09,0,0,0,89000,0,0.0
2022-11-10,0,0,0,89000,0,0.0
2022-11-11,0,0,0,89000,0,0.0
2022-11-14,0,0,0,89000,0,0.0
2022-11-15,0,0,0,89000,0,0.0
2022-11-16,0,0,0,89000,0,0.0
2022-11-17,0,0,0,89000,0,0.0
2022-11-18,0,0,0,89000,0,0.0
2022-11-21,0,0,0,89000,0,0.0
2022-11-22,0,0,0,89000,0,0.0
2022-11-23,0,0,0,89000,0,0.0
2022-11-24,0,0,0,89000,0,0.0
2022-11-25,0,0,0,89000,0,0.0
2022-11-28,89000,113000,88400,95400,591106,0.07191011235955047
2022-11-29,95400,96100,92700,95100,83601,-0.0031446540880503138
2022-11-30,94500,101500,94100,98500,107284,0.035751840168243953
2022-12-01,101000,101000,97200,97900,46026,-0.006091370558375608
2022-12-02,98400,98400,94900,97700,45483,-0.002042900919305368
2022-12-05,97600,99200,95300,97500,27564,-0.0020470829068577334
2022-12-06,97000,98000,95000,96600,24877,-0.009230769230769265
2022-12-07,96300,99600,95600,96800,49217,0.0020703933747412417
2022-12-08,96100,98700,94900,96800,54800,0.0
2022-12-09,97000,97500,95500,96200,28456,-0.006198347107438051
2022-12-12,96000,96700,94600,95000,30566,-0.012474012474012475
2022-12-13,95400,95400,93100,93500,20093,-0.015789473684210575
2022-12-14,94600,94800,93200,93500,14759,0.0
2022-12-15,93400,93400,89300,91300,54173,-0.02352941176470591
2022-12-16,90000,91300,89000,89100,30336,-0.02409638554216864
2022-12-19,88700,89900,86400,86700,36324,-0.026936026936026924
2022-12-20,86400,88800,85700,87100,23228,0.0046136101499423265
2022-12-21,87000,87400,85200,85200,16036,-0.021814006888633775
2022-12-22,85500,86500,85300,86100,15831,0.010563380281690238
2022-12-23,85100,85500,82800,82900,27690,-0.03716608594657378
2022-12-26,83400,83900,82900,82900,13555,0.0
2022-12-27,82500,84500,82500,83900,16305,0.012062726176115701
2022-12-28,83400,83400,82300,82500,10677,-0.016686531585220488
2022-12-29,82000,82800,80200,81400,25763,-0.013333333333333308
2023-01-02,81500,83400,80100,80300,20359,-0.013513513513513487
2023-01-03,79600,80500,77100,79500,21912,-0.00996264009962644
2023-01-04,78700,81100,78700,80800,10043,0.01635220125786163
2023-01-05,81400,81700,79300,79600,14069,-0.014851485148514865
2023-01-06,79600,80100,78500,79700,13382,0.0012562814070351536
2023-01-09,80000,81400,80000,81400,13296,0.02132998745294845
2023-01-10,81900,84400,81600,82400,39420,0.01228501228501222
2023-01-11,81800,83800,81800,83400,11373,0.012135922330097193
2023-01-12,84300,85000,83200,84800,15039,0.01678657074340517
2023-01-13,84800,84800,83100,83300,18109,-0.017688679245283057
2023-01-16,85000,90500,84900,89000,103694,0.06842737094837936
2023-01-17,90200,92000,86700,87100,41239,-0.02134831460674158
2023-01-18,87100,87700,84400,85100,21173,-0.02296211251435132
2023-01-19,84800,87700,84000,86500,19494,0.016451233842538215
2023-01-20,86500,87200,85300,86200,14076,-0.003468208092485603
2023-01-25,86200,87100,86200,86600,7243,0.004640371229698292
2023-01-26,87500,87500,85600,86500,15924,-0.0011547344110854896
2023-01-27,86500,87600,85800,87100,15896,0.006936416184971206
2023-01-30,87300,87600,85500,85500,10802,-0.018369690011481032
2023-01-31,85000,86700,83900,84800,32687,-0.008187134502923965
2023-02-01,85600,85600,82900,83100,36110,-0.02004716981132071
2023-02-02,83100,83800,81700,82300,41240,-0.009626955475330878
2023-02-03,82700,82900,80400,80500,49932,-0.021871202916160404
2023-02-06,80800,81100,79800,81000,37245,0.006211180124223503
2023-02-07,81500,81500,80200,81300,23773,0.0037037037037037646
2023-02-08,81400,83300,81400,82100,32601,0.009840098400984099
2023-02-09,82100,82100,80400,81000,31608,-0.013398294762484775
2023-02-10,80900,80900,80000,80500,23059,-0.006172839506172867
2023-02-13,80500,81100,80200,81000,16606,0.006211180124223503
2023-02-14,81000,81400,80000,80600,18014,-0.004938271604938316
2023-02-15,80900,81000,79900,80300,23652,-0.003722084367245637
2023-02-16,80300,82200,80100,81900,25196,0.01992528019925288
2023-02-17,81200,84300,81000,83100,30341,0.0146520146520146
2023-02-20,83800,83800,81700,82300,15497,-0.009626955475330878
2023-02-21,82300,84200,82100,83300,27262,0.012150668286755817
2023-02-22,82500,82700,80400,80500,35379,-0.03361344537815125
2023-02-23,80600,81300,79900,80800,30005,0.003726708074534235
2023-02-24,80900,80900,78900,79500,29033,-0.016089108910891103
2023-02-27,80000,83700,79500,82200,64439,0.03396226415094339
2023-02-28,82600,83100,81400,81900,23131,-0.0036496350364964014
2023-03-02,81900,84400,81800,82500,33240,0.0073260073260073
2023-03-03,83500,83500,82100,83100,12503,0.0072727272727273196
2023-03-06,83900,83900,81800,82300,18971,-0.009626955475330878
2023-03-07,82300,85200,82300,83600,46785,0.015795868772782606
2023-03-08,83200,83600,81900,82600,24701,-0.011961722488038284
2023-03-09,83000,84200,80000,80600,41015,-0.02421307506053272
2023-03-10,79800,80100,79200,79600,22788,-0.012406947890818865
2023-03-13,79500,79500,76000,77400,40470,-0.027638190954773822
2023-03-14,77400,77700,74300,74300,44337,-0.040051679586563305
2023-03-15,75200,76300,74000,74900,17923,0.008075370121130465
2023-03-16,73600,74700,70900,72400,45140,-0.03337783711615483
2023-03-17,73100,73200,71600,72500,30460,0.0013812154696133394
2023-03-20,72900,72900,71500,72100,14410,-0.0055172413793103114
2023-03-21,71900,73300,71700,73300,16521,0.01664355062413314
2023-03-22,73900,77100,73900,76300,33555,0.04092769440654842
2023-03-23,76100,78100,74900,75200,42604,-0.014416775884665833
2023-03-24,75400,76000,73500,74200,21309,-0.013297872340425565
2023-03-27,74900,75100,73000,74200,12283,0.0
2023-03-28,73800,75500,73800,74800,16831,0.008086253369272267
2023-03-29,74900,76000,74200,75800,65150,0.013368983957219305
2023-03-30,76200,77800,75500,76600,43562,0.01055408970976246
2023-03-31,77000,78300,76200,77500,28498,0.011749347258485532
2023-04-03,77600,77700,76000,76400,17552,-0.014193548387096744
2023-04-04,76100,77200,75000,75300,34931,-0.014397905759162333
2023-04-05,75300,75400,73700,74300,36702,-0.013280212483399723
2023-04-06,73700,74700,71600,72200,52370,-0.02826379542395696
2023-04-07,72700,72800,71400,72300,32207,0.0013850415512466352
2023-04-10,72300,73200,71300,71900,29537,-0.0055325034578146415
2023-04-11,71900,74200,71500,73700,38650,0.025034770514603677
2023-04-12,74200,74600,72900,73900,31658,0.0027137042062415073
2023-04-13,73900,73900,72300,72300,28596,-0.021650879566982417
2023-04-14,72600,73000,71100,71400,60830,-0.012448132780082943
2023-04-17,72000,73900,71300,73200,44273,0.025210084033613356
2023-04-18,73200,73200,71800,72300,23520,-0.012295081967213073
2023-04-19,72200,74000,72100,73500,29446,0.016597510373443924
2023-04-20,73100,73100,70700,70700,46707,-0.03809523809523807
2023-04-21,71000,71000,68700,69600,46396,-0.01555869872701554
2023-04-24,69600,70700,68700,69100,23279,-0.007183908045977017
2023-04-25,68900,69200,66200,66300,47315,-0.04052098408104199
2023-04-26,65500,66700,64800,65600,29802,-0.010558069381598756
2023-04-27,64500,67500,64500,66000,30133,0.0060975609756097615
2023-04-28,66800,66900,64700,64900,21811,-0.01666666666666672
2023-05-02,64500,66000,64400,66000,14698,0.016949152542372836
2023-05-03,64800,67400,64800,66000,16191,0.0
2023-05-04,66000,66400,64100,64400,39980,-0.024242424242424288
2023-05-08,64500,66000,64400,65200,16774,0.012422360248447228
2023-05-09,64500,65300,62500,63400,33979,-0.027607361963190136
2023-05-10,63300,63900,62000,62200,60946,-0.018927444794952675
2023-05-11,62600,62900,61900,62000,43329,-0.003215434083601254
2023-05-12,61600,62300,60800,61300,32486,-0.011290322580645107
2023-05-15,61400,61400,60000,60800,30206,-0.00815660685154973
2023-05-16,60800,61400,59900,60200,42930,-0.009868421052631526
2023-05-17,60500,63600,60100,62700,36191,0.04152823920265791
2023-05-18,62700,64400,62700,63900,29925,0.019138755980861344
2023-05-19,64300,64300,62800,63000,16828,-0.014084507042253502
2023-05-22,63100,63800,62900,63800,13172,0.012698412698412653
2023-05-23,63800,64200,62800,62900,13106,-0.014106583072100332
2023-05-24,63000,63300,62000,62600,14041,-0.004769475357710662
2023-05-25,62700,64000,62400,63600,18184,0.015974440894568787
2023-05-26,63600,64500,63100,63300,23294,-0.004716981132075526
2023-05-30,63300,63600,62200,62500,20988,-0.012638230647709303
2023-05-31,62100,62500,60700,60700,29639,-0.028800000000000048
2023-06-01,60700,61500,60000,60800,32231,0.0016474464579900872
2023-06-02,61000,63000,60500,62700,30130,0.03125
2023-06-05,63300,66700,63200,65500,55033,0.04465709728867617
2023-06-07,66400,66400,64300,64500,30307,-0.01526717557251911
2023-06-08,64700,65700,63600,65400,46322,0.013953488372093092
2023-06-09,66100,67000,65400,65900,38242,0.007645259938837912
2023-06-12,66000,66100,64000,64800,34673,-0.01669195751138086
2023-06-13,65000,66800,64100,65400,32457,0.0092592592592593
2023-06-14,65600,71600,65600,70300,128311,0.07492354740061158
2023-06-15,70700,70700,66400,67300,75732,-0.042674253200568946
2023-06-16,68300,69200,67000,68500,33772,0.017830609212481363
2023-06-19,67700,71500,67600,70400,71881,0.027737226277372296
2023-06-20,70400,72600,70100,72300,68669,0.026988636363636465
2023-06-21,72100,73000,70700,71200,57070,-0.015214384508990264
2023-06-22,71200,72000,70000,70700,32610,-0.0070224719101124045
2023-06-23,72000,72000,67700,68400,48754,-0.032531824611032545
2023-06-26,68000,68600,67000,67500,20468,-0.013157894736842146
2023-06-27,67600,73300,66600,69700,103698,0.032592592592592506
2023-06-28,69700,69900,67700,67900,35054,-0.02582496413199431
2023-06-29,67900,67900,66300,66700,27857,-0.0176730486008837
2023-06-30,66300,67900,65900,67300,27337,0.008995502248875464
2023-07-03,67300,67700,66500,67200,20697,-0.0014858841010401136
2023-07-04,67900,67900,64500,65200,29082,-0.029761904761904767
2023-07-05,65700,66500,64100,64500,25574,-0.010736196319018454
2023-07-06,64100,64100,61200,62000,46205,-0.03875968992248058
2023-07-07,61200,62400,61000,61700,17910,-0.004838709677419395
2023-07-10,60900,64900,60900,62500,20253,0.01296596434359798
2023-07-11,63000,63500,62000,63100,11995,0.009600000000000053
2023-07-12,62500,63000,61800,62400,13971,-0.011093502377179099
2023-07-13,62400,63500,62200,62400,25167,0.0
2023-07-14,63200,63200,61200,62400,33174,0.0
2023-07-17,62000,64000,61400,63000,21583,0.009615384615384581
2023-07-18,63000,63500,61500,61700,25205,-0.020634920634920673
2023-07-19,62300,62400,61100,61400,20034,-0.004862236628849326
2023-07-20,61400,62700,61000,62400,18646,0.016286644951140072
2023-07-21,61500,61800,60800,61100,18729,-0.02083333333333337
2023-07-24,60600,61800,59200,60800,37624,-0.004909983633387904
2023-07-25,61300,61300,59800,60600,27674,-0.003289473684210509
2023-07-26,60000,60000,52900,54100,119563,-0.10726072607260728
2023-07-27,53800,54700,52800,54200,25323,0.001848428835489857
2023-07-28,53900,55800,53300,55100,24334,0.016605166051660625
2023-07-31,57000,61000,56500,60200,94225,0.09255898366606163
2023-08-01,60600,60600,58900,59700,39611,-0.00830564784053156
2023-08-02,59500,61000,58400,59000,27961,-0.011725293132328285
2023-08-03,59000,59200,54900,58100,34464,-0.015254237288135575
2023-08-04,58400,59600,57400,57800,16338,-0.005163511187607606
2023-08-07,58300,58300,57000,57500,18182,-0.00519031141868509
2023-08-08,57300,58000,56200,56500,23406,-0.017391304347826098
2023-08-09,56200,58600,56200,57700,19152,0.02123893805309729
2023-08-10,57600,57600,56200,56600,21141,-0.01906412478336217
2023-08-11,56600,57600,56600,57000,17095,0.007067137809187329
2023-08-14,57000,57400,54900,55800,51424,-0.021052631578947323
2023-08-16,55000,55500,52800,53100,44428,-0.048387096774193505
2023-08-17,51900,54000,51000,54000,28810,0.016949152542372836
2023-08-18,52800,54100,52800,53700,15741,-0.005555555555555536
2023-08-21,53700,54900,52900,54400,21289,0.013035381750465591
2023-08-22,54000,55200,53600,54100,12345,-0.005514705882352922
2023-08-23,53800,56400,53400,55400,22651,0.02402957486136792
2023-08-24,55300,55600,53600,54300,21651,-0.019855595667869985
2023-08-25,54200,54200,53400,53700,12368,-0.011049723756906049
2023-08-28,54500,62600,54500,58200,246436,0.08379888268156432
2023-08-29,58600,58600,57100,57400,42000,-0.013745704467353903
2023-08-30,57500,58600,56700,57600,25576,0.0034843205574912606
2023-08-31,57700,58500,56500,58100,24930,0.00868055555555558
2023-09-01,57400,59100,57200,57300,20158,-0.013769363166953541
2023-09-04,58200,61000,56700,59900,71630,0.04537521815008727
2023-09-05,59600,60900,59400,59800,27098,-0.0016694490818029983
2023-09-06,60000,61700,59600,60100,41237,0.0050167224080268635
2023-09-07,60200,60800,58400,59000,35706,-0.01830282861896837
2023-09-08,60000,64200,59100,61300,98885,0.03898305084745757
2023-09-11,61900,62000,59700,60000,26705,-0.021207177814029365
2023-09-12,60700,60800,59300,60200,22037,0.0033333333333334103
2023-09-13,60500,65300,59900,62900,118585,0.04485049833887045
2023-09-14,63000,64200,62100,63600,34990,0.0111287758346581
2023-09-15,64200,66500,63800,65600,62606,0.03144654088050314
2023-09-18,64700,65300,63400,63900,22749,-0.02591463414634143
2023-09-19,63900,65100,63100,63500,21617,-0.006259780907668211
2023-09-20,63500,65000,62600,64200,24891,0.011023622047244164
2023-09-21,64400,65900,62900,63000,47427,-0.01869158878504673
2023-09-22,62400,63600,61000,63200,24744,0.0031746031746031633
2023-09-25,63600,64200,63200,63300,19338,0.0015822784810126667
2023-09-26,63300,63900,60600,61000,20113,-0.0363349131121643
2023-09-27,60600,62000,59700,61600,21521,0.009836065573770592
2023-10-04,60100,60700,57700,57800,24179,-0.06168831168831168
2023-10-05,57900,58900,56500,56900,15800,-0.01557093425605538
2023-10-06,55900,57600,55900,57200,9520,0.005272407732864748
2023-10-10,58000,59100,56000,57300,20988,0.0017482517482516613
2023-10-11,57400,61100,57400,60600,21286,0.05759162303664911
2023-10-12,61100,61900,60000,61500,15873,0.014851485148514865
2023-10-13,62900,66600,62600,65100,100826,0.05853658536585371
2023-10-16,69800,71100,67000,68000,254038,0.044546850998463894
2023-10-17,68000,69200,65800,67900,64808,-0.0014705882352941124
2023-10-18,66900,70800,66400,70800,86177,0.042709867452135564
2023-10-19,70800,73400,67800,70200,118905,-0.008474576271186418
2023-10-20,70600,70600,66800,69500,58399,-0.009971509971509973
2023-10-23,67900,69000,66700,68000,31185,-0.021582733812949617
2023-10-24,67800,69000,66100,67100,43729,-0.013235294117647012
2023-10-25,67000,69100,67000,68900,41348,0.02682563338301036
2023-10-26,67500,70600,66800,69100,47189,0.002902757619738683
2023-10-27,69500,70300,67400,67700,28246,-0.02026049204052094
2023-10-30,66800,71800,66800,71500,56498,0.056129985228951185
2023-10-31,73500,77700,72900,76200,262037,0.06573426573426566
2023-11-01,76000,77100,74700,77000,63451,0.01049868766404205
2023-11-02,75900,78500,75800,78100,53472,0.014285714285714235
2023-11-03,77500,79800,77500,79200,41651,0.014084507042253502
2023-11-06,79300,79400,75400,77400,56679,-0.022727272727272707
2023-11-07,77400,78500,75000,78500,53479,0.01421188630490966
2023-11-08,78500,79000,76700,78600,30547,0.001273885350318471
2023-11-09,77400,78000,75500,76000,24222,-0.0330788804071247
2023-11-10,74300,76300,74000,74500,19957,-0.019736842105263164
2023-11-13,74400,76600,73600,73800,23546,-0.00939597315436247
2023-11-14,74900,77100,73900,75600,25573,0.024390243902439046
2023-11-15,76700,77900,75500,77800,23190,0.02910052910052907
2023-11-16,78800,79400,77100,78700,26044,0.011568123393316254
2023-11-17,78700,80100,78000,78100,23014,-0.007623888182973326
2023-11-20,78200,78800,76800,77600,13110,-0.006402048655569814
2023-11-21,77100,78400,76500,77100,15842,-0.006443298969072142
2023-11-22,76000,78000,75800,76200,14102,-0.011673151750972721
2023-11-23,75600,76200,72500,73800,52321,-0.03149606299212604
2023-11-24,73200,77100,72900,76500,34160,0.03658536585365857
2023-11-27,75800,77300,75100,75600,16571,-0.0117647058823529
2023-11-28,76000,77500,75600,76700,20189,0.014550264550264647
2023-11-29,77500,79000,77000,77500,36614,0.010430247718383301
2023-11-30,77700,78600,75200,75400,32484,-0.02709677419354839
2023-12-01,75400,75500,72000,73000,46772,-0.03183023872679047
2023-12-04,74000,75600,72000,72100,25628,-0.012328767123287676
2023-12-05,71500,72100,70200,71200,35718,-0.012482662968099856
2023-12-06,71200,72000,70000,71100,20320,-0.001404494382022503
2023-12-07,71100,72100,70700,71300,9972,0.002812939521800173
2023-12-08,71400,71800,70000,71000,27766,-0.0042075736325385416
2023-12-11,71000,72000,70200,70800,10074,-0.0028169014084507005
2023-12-12,71100,71100,70200,70400,19458,-0.005649717514124242
2023-12-13,70300,70400,69000,69600,31288,-0.011363636363636354
2023-12-14,69800,70400,68300,68800,27076,-0.011494252873563204
2023-12-15,68800,70400,68300,70400,31121,0.023255813953488413
2023-12-18,69800,70800,69200,69700,18448,-0.009943181818181768
2023-12-19,69800,70000,68800,69000,20871,-0.010043041606886627
2023-12-20,69700,70200,68800,69600,27746,0.008695652173912993
2023-12-21,69700,69700,68500,68700,17594,-0.012931034482758674
2023-12-22,69200,69200,67600,68600,35327,-0.0014556040756914523
2023-12-26,68900,70500,67800,69000,38534,0.005830903790087438
2023-12-27,69100,70100,67700,68100,23641,-0.013043478260869601
2023-12-28,68000,68000,67200,67800,14159,-0.004405286343612369
2024-01-02,67600,68100,66000,66200,30861,-0.02359882005899705
2024-01-03,66000,67600,66000,66600,15354,0.0060422960725075026
2024-01-04,66600,66900,65600,66000,15950,-0.009009009009009028
2024-01-05,66300,66400,65400,65800,16922,-0.00303030303030305
2024-01-08,66000,66300,64900,65200,17389,-0.00911854103343468
2024-01-09,65300,65800,64200,65000,29489,-0.0030674846625766694
2024-01-10,65100,65600,64100,65600,18357,0.009230769230769154
2024-01-11,65700,65700,63400,63600,23212,-0.030487804878048808
2024-01-12,63600,64100,62900,63800,16727,0.003144654088050425
2024-01-15,63800,63800,62200,63400,18234,-0.006269592476489061
2024-01-16,62600,64500,61800,63200,29258,-0.003154574132492094
2024-01-17,63500,63500,61300,62100,27234,-0.017405063291139222
2024-01-18,61500,65400,61500,65000,45493,0.04669887278582929
2024-01-19,65900,68800,65800,68700,78464,0.056923076923076854
2024-01-22,69000,69300,66800,67700,28480,-0.01455604075691408
2024-01-23,67300,68900,66500,67800,25111,0.001477104874446189
2024-01-24,67500,70000,67200,68200,39184,0.005899705014749346
2024-01-25,68300,76000,68200,74900,175028,0.09824046920821106
2024-01-26,74800,74800,71500,74000,46199,-0.012016021361815787
2024-01-29,74000,77700,73100,76500,74952,0.03378378378378377
2024-01-30,76000,78700,73700,75700,87411,-0.010457516339869244
2024-01-31,77500,79500,73800,74900,138545,-0.010568031704095149
2024-02-01,74500,77000,73500,76500,60512,0.021361815754339153
2024-02-02,76900,78300,76000,76600,66855,0.0013071895424836555
2024-02-05,75400,77100,73600,75400,45440,-0.015665796344647487
2024-02-06,74700,76700,73800,75500,45360,0.0013262599469496816
2024-02-07,74800,77500,73600,74700,61888,-0.01059602649006619
2024-02-08,74700,76000,73600,75000,35169,0.004016064257028162
2024-02-13,75000,77500,74500,74700,36288,-0.0040000000000000036
2024-02-14,73500,76500,73500,75300,27679,0.008032128514056325
2024-02-15,75400,76400,73200,74100,38180,-0.015936254980079667
2024-02-16,73700,74600,71500,74200,46724,0.0013495276653170407
2024-02-19,74200,76000,74100,75500,33410,0.017520215633423097
2024-02-20,75900,79400,75300,79100,79502,0.04768211920529808
2024-02-21,80200,84000,79700,80200,125202,0.013906447534766109
2024-02-22,80400,82000,78200,81500,59929,0.016209476309226867
2024-02-23,81400,81400,78000,78500,49777,-0.036809815950920255
2024-02-26,78500,80400,76700,78500,32574,0.0
2024-02-27,79000,79300,77100,77100,20672,-0.017834394904458595
2024-02-28,77200,80000,77200,79000,34314,0.024643320363164634
2024-02-29,79500,80500,77600,77800,27354,-0.015189873417721489
2024-03-04,77900,78500,76200,77500,20992,-0.003856041131105381
2024-03-05,78100,82800,77500,82000,65241,0.058064516129032295
2024-03-06,82000,83600,81000,81900,49414,-0.0012195121951219523
2024-03-07,82000,82100,78100,78700,37879,-0.039072039072039044
2024-03-08,79200,79200,73600,74200,99315,-0.057179161372299836
2024-03-11,73700,75100,73000,74200,31073,0.0
2024-03-12,74300,74700,73500,74400,31709,0.0026954177897573484
2024-03-13,73800,74800,73500,73900,29791,-0.006720430107526876
2024-03-14,73900,77600,73500,76100,48170,0.02976995940460081
2024-03-15,76100,76400,75100,75600,22178,-0.006570302233902758
2024-03-18,75600,76400,72900,73500,40674,-0.02777777777777779
2024-03-19,73600,73600,70900,71800,33201,-0.023129251700680253
2024-03-20,72400,72400,70500,71500,27832,-0.004178272980501441
2024-03-21,72700,73100,70100,70800,54782,-0.009790209790209836
2024-03-22,70800,71500,69200,70900,42496,0.0014124293785311437
2024-03-25,71400,71600,69800,71000,24771,0.0014104372355430161
2024-03-26,71300,75500,71300,74500,57437,0.04929577464788726
2024-03-27,76700,78800,76200,77600,117126,0.041610738255033475
2024-03-28,78100,82200,76700,81400,123708,0.0489690721649485
2024-03-29,81400,82900,80700,81400,72676,0.0
2024-04-01,81400,83100,81100,82500,48805,0.013513513513513598
2024-04-02,82700,83700,81500,82000,39439,-0.0060606060606061
2024-04-03,81700,86500,80200,84700,85951,0.03292682926829271
2024-04-04,85400,88400,84900,86500,74550,0.02125147579693043
2024-04-05,85000,87400,84900,86500,36789,0.0
2024-04-08,87100,88800,86000,86600,52904,0.0011560693641619046
2024-04-09,87100,87600,84100,85300,42353,-0.01501154734411081
2024-04-11,84000,87200,83200,86300,43503,0.011723329425556761
2024-04-12,86300,88800,85700,87500,40809,0.013904982618771822
2024-04-15,87200,88500,85500,87300,33868,-0.0022857142857143353
2024-04-16,87000,87600,84800,84900,28388,-0.027491408934707917
2024-04-17,84900,85200,82400,83100,35408,-0.021201413427561877
2024-04-18,84000,84400,82200,83000,25448,-0.001203369434416346
2024-04-19,83200,83500,80800,81800,28102,-0.014457831325301207
2024-04-22,82100,83200,80400,81400,19026,-0.004889975550122272
2024-04-23,81600,83200,80400,81500,25257,0.0012285012285011554
2024-04-24,82400,89500,81700,87900,115432,0.07852760736196318
2024-04-25,91700,101700,91100,92000,581271,0.04664391353811159
2024-04-26,93700,94600,90600,92000,94011,0.0
2024-04-29,93200,98500,92100,97000,126859,0.05434782608695654
2024-04-30,97600,99400,95900,96200,59246,-0.008247422680412342
2024-05-02,96500,100000,95400,98900,68669,0.028066528066527985
2024-05-03,98700,99100,96500,97800,44274,-0.011122345803842304
2024-05-07,98400,108200,96500,106300,173295,0.08691206543967289
2024-05-08,104200,106100,102700,104200,77032,-0.019755409219190945
2024-05-09,106300,109500,102200,102900,89804,-0.0124760076775432
2024-05-10,102500,103200,97500,99000,83296,-0.03790087463556846
2024-05-13,98000,100900,97500,99000,41602,0.0
2024-05-14,101300,104400,100200,102100,69819,0.031313131313131404
2024-05-16,103100,104300,101300,103500,52824,0.013712047012732542
2024-05-17,102100,103900,99700,101800,38776,-0.01642512077294689
2024-05-20,103000,107500,103000,104000,67677,0.0216110019646365
2024-05-21,108000,114900,107000,110000,201895,0.05769230769230771
2024-05-22,112000,118200,111200,115400,169461,0.049090909090909074
2024-05-23,116900,117500,112900,113700,72037,-0.014731369150779883
2024-05-24,112000,113900,110300,112000,48163,-0.014951627088830244
2024-05-27,112400,114300,108600,111200,53971,-0.0071428571428571175
2024-05-28,111000,111500,108100,110000,59400,-0.010791366906474864
2024-05-29,109400,111300,107200,108300,49788,-0.015454545454545499
2024-05-30,110800,111300,107800,109100,40219,0.007386888273314796
2024-05-31,108200,111000,107400,110000,36587,0.008249312557286892
2024-06-03,109900,110800,106000,106900,43454,-0.028181818181818197
2024-06-04,107000,114000,106100,112100,81673,0.04864359214218905
2024-06-05,111700,113200,108600,112100,37414,0.0
2024-06-07,113200,113300,107800,109700,52084,-0.02140945584299736
2024-06-10,109700,116500,109000,116500,77401,0.06198723792160443
2024-06-11,117000,118700,112800,113200,59606,-0.02832618025751077
2024-06-12,115800,116500,110200,111500,41950,-0.015017667844522964
2024-06-13,112500,112500,101800,103200,175981,-0.07443946188340811
2024-06-14,103300,107300,102500,106300,58950,0.030038759689922534
2024-06-17,105800,106300,102000,102200,45793,-0.038570084666039506
2024-06-18,103000,103900,98500,100700,56856,-0.014677103718199636
2024-06-19,100700,102200,98900,100200,36265,-0.0049652432969214955
2024-06-20,101300,101800,99600,101800,43644,0.015968063872255467
2024-06-21,101100,104000,99700,100000,44202,-0.017681728880157177
2024-06-24,101900,103600,92100,95500,111256,-0.04500000000000004
2024-06-25,95500,96400,92200,93400,36968,-0.021989528795811508
2024-06-26,94400,97800,93400,95700,53090,0.024625267665952855
2024-06-27,95200,98600,95100,97200,30671,0.01567398119122254
2024-06-28,98200,102900,97200,101500,49009,0.044238683127572065
2024-07-01,101600,102300,99700,100300,17965,-0.011822660098522175
2024-07-02,101900,103600,98200,98800,35875,-0.014955134596211339
2024-07-03,99400,100600,98300,99600,24821,0.00809716599190291
2024-07-04,98500,99500,92500,98000,37200,-0.016064257028112428
2024-07-05,98000,98900,94800,96000,39716,-0.020408163265306145
2024-07-08,95700,96900,94200,96500,25579,0.005208333333333259
2024-07-09,96900,99400,96100,97100,28028,0.006217616580310947
2024-07-10,97400,97900,95600,97900,20992,0.008238928939237944
2024-07-11,98800,98800,96200,97300,26143,-0.006128702757916216
2024-07-12,96700,102500,96600,102000,55225,0.04830421377183969
2024-07-15,102400,105900,101100,103300,47598,0.012745098039215641
2024-07-16,102300,104500,98400,99100,26126,-0.04065827686350432
2024-07-17,99800,99800,96900,97800,24485,-0.013118062563067578
2024-07-18,96600,98000,94000,95800,39126,-0.020449897750511203
2024-07-19,95000,96400,94200,95000,11214,-0.008350730688935326
2024-07-22,94800,98700,92800,98400,28065,0.03578947368421059
2024-07-23,99800,103300,98500,99400,43304,0.010162601626016343
2024-07-24,100300,107000,90300,95000,233693,-0.044265593561368166
2024-07-25,93500,95800,91100,92500,47569,-0.02631578947368418
2024-07-26,92000,93400,90900,90900,25991,-0.017297297297297343
2024-07-29,91000,91200,88400,89500,20853,-0.015401540154015403
2024-07-30,89500,90200,85400,86400,52218,-0.03463687150837991
2024-07-31,84500,88500,84000,86200,24869,-0.0023148148148147696
2024-08-01,87100,90700,86300,89700,25140,0.040603248259860836
2024-08-02,87800,89500,83100,83900,35349,-0.064659977703456
2024-08-05,82400,82400,76400,78500,57599,-0.06436233611442188
2024-08-06,79200,82100,79000,79300,41075,0.010191082802547768
2024-08-07,78300,81200,78300,80200,29989,0.011349306431273742
2024-08-08,78300,80700,76200,77400,65296,-0.034912718204488824
2024-08-09,78900,81600,78000,79000,38721,0.02067183462532296
2024-08-12,79000,83200,79000,82800,28610,0.048101265822784844
2024-08-13,82800,84100,80900,81600,15625,-0.01449275362318836
2024-08-14,83000,83700,81400,83300,15055,0.02083333333333326
2024-08-16,83500,84800,81600,82500,31665,-0.009603841536614643
2024-08-19,82600,84100,81500,82800,17466,0.0036363636363636598
2024-08-20,83200,85000,82000,84900,25425,0.0253623188405796
2024-08-21,84800,87800,83500,85800,29016,0.010600706713780994
2024-08-22,85700,86000,82400,82700,24129,-0.036130536130536184
2024-08-23,81100,83200,80900,81700,25392,-0.01209189842805325
2024-08-26,81700,84000,80900,80900,14452,-0.009791921664626724
2024-08-27,80900,81500,79400,81000,17924,0.0012360939431397266
2024-08-28,81600,81600,79500,81000,7684,0.0
2024-08-29,80000,81000,78800,79700,10555,-0.016049382716049387
2024-08-30,79800,80500,78700,80300,18812,0.007528230865746499
2024-09-02,80200,80500,77500,78000,29030,-0.028642590286425906
2024-09-03,77400,80400,77400,79300,17541,0.016666666666666607
2024-09-04,76800,77900,74700,76200,34737,-0.0390920554854981
2024-09-05,76200,78900,76200,78400,24664,0.028871391076115582
2024-09-06,77900,79000,74600,74600,16836,-0.04846938775510201
2024-09-09,72200,73900,72000,73200,26822,-0.018766756032171594
2024-09-10,73300,73800,72000,72200,15907,-0.013661202185792365
2024-09-11,72300,72400,70800,70800,23962,-0.01939058171745156
2024-09-12,71300,72500,70700,71600,29099,0.011299435028248483
2024-09-13,71600,72500,70000,70900,21483,-0.009776536312849138
2024-09-19,70900,71400,68400,70000,26701,-0.012693935119887145
2024-09-20,69800,71500,69200,69200,22848,-0.011428571428571455
2024-09-23,69700,75500,69700,74200,37002,0.07225433526011571
2024-09-24,74100,74200,72000,74200,18481,0.0
2024-09-25,73900,77700,73900,76200,52616,0.02695417789757415
2024-09-26,76200,77400,75100,76200,19578,0.0
2024-09-27,77400,80400,75400,78500,52404,0.030183727034120755
2024-09-30,79900,80200,77500,77800,19123,-0.008917197452229297
2024-10-02,78500,78500,75400,75400,11391,-0.03084832904884316
2024-10-04,75500,77800,74700,76400,16127,0.013262599469495928
2024-10-07,78000,83200,77300,81600,56035,0.0680628272251309
2024-10-08,82600,82600,78400,78800,23011,-0.03431372549019607
2024-10-10,79500,80800,77200,77700,28215,-0.013959390862944177
2024-10-11,77200,78300,75900,76100,18824,-0.020592020592020588
2024-10-14,76700,76700,73900,74100,30675,-0.026281208935611033
2024-10-15,74100,74800,73700,73800,17373,-0.004048582995951455
2024-10-16,73300,74200,72400,74200,26342,0.005420054200542035
2024-10-17,74100,74100,72000,72000,22652,-0.029649595687331498
2024-10-18,72400,72500,69900,69900,26260,-0.029166666666666674
2024-10-21,70900,70900,68800,68900,26150,-0.014306151645207432
2024-10-22,68500,69300,67200,67600,28493,-0.018867924528301883
2024-10-23,67200,68100,65600,67500,42089,-0.0014792899408283544
2024-10-24,67400,67400,65100,65300,29366,-0.03259259259259262
2024-10-25,65400,66400,65000,65200,19727,-0.0015313935681470214
2024-10-28,66600,69600,65500,69500,55178,0.06595092024539873
2024-10-29,69900,69900,66100,67700,42997,-0.025899280575539585
2024-10-30,67500,70800,67400,68700,42123,0.01477104874446078
2024-10-31,68700,70800,67600,70200,22549,0.02183406113537112
2024-11-01,69900,70400,68200,69800,27553,-0.005698005698005715
2024-11-04,69200,70500,67900,68800,22580,-0.014326647564469885
2024-11-05,68800,70000,67500,68300,19761,-0.007267441860465129
2024-11-06,68800,68800,65900,67700,34568,-0.008784773060029227
2024-11-07,68300,68400,65600,66200,19055,-0.02215657311669128
2024-11-08,66600,67200,65600,65600,23634,-0.009063444108761365
2024-11-11,65200,65300,62900,62900,32307,-0.041158536585365835
2024-11-12,62500,64000,60900,61600,52661,-0.020667726550079535
2024-11-13,60800,61500,59800,60600,46039,-0.016233766233766267
2024-11-14,60600,60700,59100,59500,39698,-0.018151815181518205
2024-11-15,59500,61700,58600,61200,43500,0.02857142857142847
2024-11-18,61100,64500,61100,62500,26520,0.0212418300653594
2024-11-19,61500,63200,60500,61000,40916,-0.02400000000000002
2024-11-20,65500,67500,64000,65500,137028,0.07377049180327866
2024-11-21,67500,69500,65600,65600,83247,0.0015267175572519776
2024-11-22,65600,66600,64700,66000,29783,0.0060975609756097615
2024-11-25,68200,70700,65900,66100,133073,0.0015151515151514694
2024-11-26,66300,67800,66100,66900,28051,0.012102874432677657
2024-11-27,66800,66800,63000,63600,51172,-0.04932735426008972
2024-11-28,63300,65100,62800,64900,17176,0.020440251572326984
2024-11-29,64500,64800,62400,62600,26146,-0.035439137134052334
2024-12-02,64000,64000,61600,62500,15322,-0.0015974440894568342
2024-12-03,62000,64800,62000,64700,17800,0.0351999999999999
2024-12-04,63500,64700,62400,62700,24389,-0.03091190108191655
2024-12-05,63100,63300,61500,62300,15349,-0.006379585326953707
2024-12-06,63700,63700,59900,61600,24909,-0.011235955056179803
2024-12-09,60800,60800,58700,59000,31751,-0.04220779220779225
2024-12-10,59800,63200,59100,62700,24920,0.06271186440677967
2024-12-11,62700,63800,62000,63600,15643,0.014354066985645897
2024-12-12,65000,65900,64500,65200,32479,0.02515723270440251
2024-12-13,65300,66800,65100,66500,31704,0.019938650306748462
2024-12-16,66500,67200,65500,66100,23530,-0.006015037593984918
2024-12-17,66200,74700,64900,72500,187942,0.09682299546142215
2024-12-18,74900,77500,71300,71300,245788,-0.016551724137931045
2024-12-19,69100,73900,68700,73600,97689,0.032258064516129004
2024-12-20,73100,75900,70500,70500,113860,-0.04211956521739135
2024-12-23,71100,73400,70000,72600,59376,0.029787234042553123
2024-12-24,74900,75400,73000,74400,66353,0.024793388429751984
2024-12-26,75300,75600,73500,74800,58951,0.005376344086021501
2024-12-27,74000,75100,72000,73000,49128,-0.024064171122994638
2024-12-30,73000,73600,71800,72300,20641,-0.009589041095890427
2025-01-02,72000,72100,69700,71100,30177,-0.016597510373444035
2025-01-03,70600,72300,70400,71400,30888,0.00421940928270037
2025-01-06,72000,76000,72000,75200,67497,0.053221288515406195
2025-01-07,75700,75700,73300,75500,47907,0.003989361702127603
2025-01-08,75500,75800,73900,74200,34454,-0.017218543046357615
2025-01-09,74200,74300,72700,72800,30134,-0.018867924528301883
2025-01-10,73300,75700,72000,74900,38127,0.028846153846153744
2025-01-13,74800,76600,73700,75800,56387,0.012016021361815676
2025-01-14,76200,76300,71300,72100,59707,-0.04881266490765168
2025-01-15,72400,72500,68300,68700,54872,-0.04715672676837723
2025-01-16,69700,71000,69100,70100,37751,0.020378457059679667
2025-01-17,70100,71300,69100,71100,21686,0.014265335235378096
2025-01-20,71100,71900,69900,71100,15955,0.0
2025-01-21,70900,73400,70500,71800,36448,0.009845288326300938
2025-01-22,71800,71800,67300,67700,88363,-0.057103064066852394
2025-01-23,67000,67700,65500,65900,45261,-0.026587887740029514
2025-01-24,65700,66900,64500,66500,21473,0.009104704097116834
2025-01-31,66900,66900,64500,65300,34087,-0.018045112781954864
2025-02-03,67100,73000,67100,68300,222230,0.04594180704441042
2025-02-04,67100,69600,66300,69100,65074,0.01171303074670571
2025-02-05,69100,70500,68500,69400,34757,0.004341534008682979
2025-02-06,70200,70200,68600,69400,28960,0.0
2025-02-07,69000,69900,68100,69300,34628,-0.0014409221902017544
2025-02-10,69300,69600,67700,68800,26290,-0.00721500721500723
2025-02-11,68200,69400,67700,68200,23795,-0.008720930232558155
2025-02-12,69200,70300,68500,68700,30939,0.007331378299120228
2025-02-13,68700,70800,68700,68900,27082,0.0029112081513829047
2025-02-14,69500,70300,68700,68700,26506,-0.002902757619738794
2025-02-17,69900,73700,69300,73500,96609,0.06986899563318771
2025-02-18,73700,76600,73000,76100,103874,0.03537414965986385
2025-02-19,77000,77100,73600,74300,76377,-0.023653088042049908
2025-02-20,75600,76400,74500,74900,62320,0.008075370121130465
2025-02-21,74900,75200,73600,74500,35143,-0.005340453938584733
2025-02-24,74500,81300,73800,80800,190609,0.08456375838926178
2025-02-25,83500,85400,78200,78600,162136,-0.027227722772277252
2025-02-26,79100,81400,76900,79200,66878,0.007633587786259444
2025-02-27,79000,82400,77800,80600,74811,0.017676767676767735
2025-02-28,79300,83400,79200,80600,83677,0.0
2025-03-04,80900,85000,79700,84700,120932,0.05086848635235741
2025-03-05,85500,86100,80900,81000,112465,-0.04368358913813464
2025-03-06,81000,83400,80600,80700,48450,-0.0037037037037036535
2025-03-07,80400,81400,78500,79200,44816,-0.018587360594795488
2025-03-10,79100,84100,77600,83000,74577,0.04797979797979801
2025-03-11,81000,81500,78000,79100,55461,-0.04698795180722892
2025-03-12,79400,81200,77400,78100,54658,-0.012642225031605614
2025-03-13,78300,79200,77000,77300,33231,-0.010243277848911658
2025-03-14,77800,79000,77600,78500,31707,0.015523932729624823
2025-03-17,78600,80000,77700,77700,40550,-0.010191082802547768
2025-03-18,78300,81000,77500,77700,54043,0.0
2025-03-19,77700,79800,75200,75900,72500,-0.02316602316602312
2025-03-20,76700,80400,76100,79000,84582,0.040843214756258295
2025-03-21,79500,79500,76800,76800,44550,-0.027848101265822822
2025-03-24,77800,77800,75200,75400,38718,-0.01822916666666663
2025-03-25,75700,75800,74800,75500,38074,0.0013262599469496816
2025-03-26,75600,76600,75600,76100,23011,0.007947019867549754
2025-03-27,75100,76800,75100,76300,18817,0.0026281208935610145
2025-03-28,76000,76800,73100,73700,39017,-0.03407601572739183
2025-03-31,73500,73500,71000,71100,18651,-0.035278154681139706
2025-04-01,72100,73200,71000,73100,15059,0.02812939521800284
2025-04-02,73500,74200,72000,73700,26933,0.008207934336525335
2025-04-03,72100,75300,71900,74100,21409,0.005427408412483015
2025-04-04,74100,74900,72400,73900,19589,-0.0026990553306343035
2025-04-07,73900,74000,69300,69400,24507,-0.060893098782138
2025-04-08,73500,73500,69600,70100,16751,0.01008645533141217
2025-04-09,69100,70900,69100,70900,20889,0.011412268188302432
2025-04-10,73400,77800,72200,77200,61688,0.08885754583921024
2025-04-11,76000,77500,75600,77300,16231,0.0012953367875647714
2025-04-14,81300,84100,80500,81600,109582,0.05562742561448908
2025-04-15,81700,83200,79800,79900,46159,-0.02083333333333337
2025-04-16,80700,80800,78900,79000,17257,-0.01126408010012514
2025-04-17,79900,80500,78500,79600,19294,0.0075949367088608
2025-04-18,79600,80000,78100,79800,25040,0.002512562814070307
2025-04-21,79400,79400,78100,79200,12710,-0.007518796992481258
2025-04-22,80600,82600,79600,80800,67680,0.02020202020202011
2025-04-23,81500,88500,79600,86800,164566,0.07425742574257432
2025-04-24,89700,90400,87800,89000,88063,0.025345622119815614
2025-04-25,89300,89800,87600,88000,56342,-0.011235955056179803
2025-04-28,88700,92150,87800,89400,61671,0.015909090909090873
2025-04-29,88500,89400,86700,88700,42704,-0.007829977628635354
2025-04-30,88900,88900,85700,87800,50671,-0.01014656144306647
2025-05-02,87600,87700,84900,87000,30339,-0.009111617312072884
2025-05-07,87000,88600,86800,87000,23572,0.0
2025-05-08,87500,90800,87000,89800,42581,0.03218390804597693
2025-05-09,89800,90800,87900,88200,26571,-0.017817371937639215
2025-05-12,88500,90300,88500,89800,26824,0.018140589569161092
2025-05-13,90700,90700,86400,87000,37236,-0.031180400890868598
2025-05-14,87700,88500,85800,87900,30097,0.010344827586206806
