Date,Open,High,Low,Close,Volume,Change
2022-01-03,5130,5190,5050,5120,37729,-0.0019493177387914784
2022-01-04,5110,5180,5080,5090,24727,-0.005859375
2022-01-05,5150,5250,5100,5150,47734,0.011787819253438192
2022-01-06,5030,5140,5020,5020,25990,-0.025242718446601975
2022-01-07,5020,5190,5020,5120,24560,0.019920318725099584
2022-01-10,5140,5180,5000,5110,41560,-0.001953125
2022-01-11,5080,5100,4905,4905,33663,-0.04011741682974557
2022-01-12,4905,5060,4905,5040,14270,0.02752293577981657
2022-01-13,5060,5170,5020,5060,30407,0.003968253968253954
2022-01-14,5140,5140,4955,4955,24042,-0.02075098814229248
2022-01-17,4955,4955,4795,4815,23730,-0.028254288597376442
2022-01-18,4815,4815,4700,4715,19514,-0.020768431983385294
2022-01-19,4675,4720,4620,4690,20946,-0.005302226935312793
2022-01-20,4665,4770,4655,4705,12237,0.0031982942430703876
2022-01-21,4720,4950,4720,4790,19644,0.018065887353878818
2022-01-24,4770,5000,4610,4670,17111,-0.025052192066805867
2022-01-25,4680,4790,4500,4640,30822,-0.0064239828693790635
2022-01-26,4550,4910,4550,4590,33153,-0.010775862068965525
2022-01-27,4765,4765,4280,4310,36536,-0.061002178649237515
2022-01-28,4310,4735,4265,4550,18715,0.05568445475638062
2022-02-03,4550,4780,4550,4705,16572,0.03406593406593417
2022-02-04,4740,4860,4680,4815,26427,0.023379383634431372
2022-02-07,4945,4990,4820,4895,41618,0.01661474558670828
2022-02-08,4970,5000,4875,4960,21670,0.013278855975485282
2022-02-09,5000,5060,4925,4970,43577,0.002016129032258007
2022-02-10,5020,5180,4965,5000,80912,0.006036217303822866
2022-02-11,5000,5140,4930,4980,23333,-0.0040000000000000036
2022-02-14,4910,4910,4705,4710,29433,-0.054216867469879526
2022-02-15,4635,4700,4590,4590,7024,-0.02547770700636942
2022-02-16,4775,5140,4715,4860,24834,0.05882352941176472
2022-02-17,4905,4940,4760,4900,29832,0.008230452674897082
2022-02-18,4900,4985,4870,4890,7165,-0.0020408163265306367
2022-02-21,4890,4990,4830,4890,21037,0.0
2022-02-22,4830,5000,4715,4765,19896,-0.02556237218813906
2022-02-23,4765,4815,4540,4760,9681,-0.0010493179433368471
2022-02-24,4760,4760,4350,4635,26391,-0.02626050420168069
2022-02-25,4850,5180,4685,4830,275484,0.04207119741100329
2022-02-28,4885,4885,4760,4775,24529,-0.011387163561076608
2022-03-02,4785,4810,4730,4735,20057,-0.008376963350785305
2022-03-03,4745,4800,4745,4765,9844,0.006335797254487963
2022-03-04,4765,4980,4730,4830,21324,0.01364113326337879
2022-03-07,4830,4915,4695,4800,18322,-0.006211180124223614
2022-03-08,4755,4830,4735,4810,27864,0.002083333333333437
2022-03-10,4815,4895,4815,4815,16149,0.0010395010395010118
2022-03-11,4880,4880,4820,4870,12751,0.011422637590861928
2022-03-14,4840,4860,4725,4760,6648,-0.022587268993839782
2022-03-15,4720,4785,4695,4755,21461,-0.0010504201680672232
2022-03-16,4755,4980,4710,4895,38024,0.029442691903259766
2022-03-17,4905,4905,4825,4890,74067,-0.0010214504596527396
2022-03-18,4875,5060,4825,4930,58536,0.008179959100204526
2022-03-21,4955,4995,4860,4930,18066,0.0
2022-03-22,4925,4930,4825,4900,18381,-0.006085192697768749
2022-03-23,4945,5100,4900,4905,37557,0.0010204081632652073
2022-03-24,4830,4855,4730,4835,84224,-0.014271151885830835
2022-03-25,4850,4915,4745,4860,32215,0.005170630816959676
2022-03-28,4820,4860,4810,4860,15776,0.0
2022-03-29,4845,4875,4790,4860,13962,0.0
2022-03-30,4775,4840,4300,4600,262739,-0.053497942386831254
2022-03-31,4700,4800,4625,4700,69300,0.021739130434782705
2022-04-01,4710,4800,4645,4740,31677,0.008510638297872353
2022-04-04,4740,4790,4695,4750,21405,0.0021097046413502962
2022-04-05,4750,4750,4405,4650,23710,-0.021052631578947323
2022-04-06,4645,4800,4550,4640,57698,-0.0021505376344086446
2022-04-07,4630,4700,4510,4575,39199,-0.014008620689655138
2022-04-08,4565,4655,4530,4605,28421,0.006557377049180246
2022-04-11,4605,4750,4570,4630,26294,0.005428881650380024
2022-04-12,4585,4725,4585,4680,25085,0.010799136069114423
2022-04-13,4705,4820,4700,4765,75478,0.018162393162393098
2022-04-14,4810,4840,4760,4775,18896,0.0020986358866736943
2022-04-15,4775,4790,4700,4710,15680,-0.013612565445026203
2022-04-18,4710,4710,4580,4645,14657,-0.013800424628450103
2022-04-19,4630,4695,4620,4655,25348,0.0021528525296017342
2022-04-20,4700,4700,4665,4680,5162,0.005370569280343629
2022-04-21,4750,4750,4675,4695,7307,0.0032051282051281937
2022-04-22,4670,4675,4600,4665,4935,-0.006389776357827448
2022-04-25,4620,4620,4515,4515,8273,-0.032154340836012874
2022-04-26,4480,4590,4465,4500,31794,-0.0033222591362126463
2022-04-27,4475,4600,4380,4595,18167,0.02111111111111108
2022-04-28,4550,4620,4430,4470,12549,-0.027203482045701888
2022-04-29,4495,4500,4250,4445,18303,-0.005592841163310935
2022-05-02,4550,4550,4430,4465,11542,0.004499437570303799
2022-05-03,4550,4550,4460,4475,9569,0.002239641657334923
2022-05-04,4475,4500,4450,4485,4109,0.0022346368715084886
2022-05-06,4390,4465,4390,4410,17336,-0.01672240802675584
2022-05-09,4360,4620,4360,4395,32281,-0.003401360544217691
2022-05-10,4350,4400,4280,4375,15082,-0.004550625711035261
2022-05-11,4400,4490,4265,4365,21506,-0.0022857142857143353
2022-05-12,4375,4475,4290,4290,9875,-0.01718213058419249
2022-05-13,4270,4380,4250,4380,4151,0.020979020979021046
2022-05-16,4405,4460,4380,4430,24678,0.011415525114155223
2022-05-17,4405,4455,4390,4405,11846,-0.0056433408577878375
2022-05-18,4415,4430,4360,4410,9086,0.0011350737797957144
2022-05-19,4370,4385,4280,4380,5324,-0.006802721088435382
2022-05-20,4300,4430,4300,4405,2742,0.005707762557077611
2022-05-23,4435,4455,4365,4390,11334,-0.0034052213393870323
2022-05-24,4390,4495,4390,4455,17850,0.01480637813211838
2022-05-25,4420,4545,4420,4485,14491,0.006734006734006703
2022-05-26,4490,4570,4490,4520,21125,0.0078037904124861335
2022-05-27,4545,4575,4525,4540,6119,0.004424778761061843
2022-05-30,4550,4550,4510,4545,4759,0.0011013215859030367
2022-05-31,4545,4600,4515,4560,50388,0.0033003300330032292
2022-06-02,4560,4600,4495,4530,17984,-0.006578947368421018
2022-06-03,4530,4625,4525,4555,9146,0.0055187637969094094
2022-06-07,4500,4570,4500,4515,4482,-0.008781558726673966
2022-06-08,4505,4625,4450,4465,14565,-0.011074197120708784
2022-06-09,4465,4465,4245,4255,48039,-0.04703247480403139
2022-06-10,4350,4370,4245,4245,14901,-0.002350176263219761
2022-06-13,4240,4240,3950,4115,31511,-0.03062426383981154
2022-06-14,4090,4105,3885,4005,14662,-0.026731470230862753
2022-06-15,4000,4000,3830,3975,28738,-0.0074906367041198685
2022-06-16,3970,4175,3920,3970,20824,-0.0012578616352201255
2022-06-17,3930,3965,3815,3960,15943,-0.0025188916876573986
2022-06-20,3920,3950,3815,3850,10537,-0.02777777777777779
2022-06-21,3800,3995,3800,3875,20642,0.006493506493506551
2022-06-22,3875,3880,3735,3735,10286,-0.03612903225806452
2022-06-23,3725,4015,3690,3720,20224,-0.004016064257028162
2022-06-24,3675,3930,3675,3915,6779,0.05241935483870974
2022-06-27,3985,4150,3955,4085,19326,0.04342273307790556
2022-06-28,4085,4185,4080,4155,9037,0.017135862913096656
2022-06-29,4200,4205,4105,4190,7683,0.008423586040914532
2022-06-30,4245,4270,4160,4160,6953,-0.007159904534606243
2022-07-01,4160,4295,4110,4190,9873,0.007211538461538547
2022-07-04,4390,4390,4005,4190,18344,0.0
2022-07-05,4190,4260,4120,4220,16375,0.007159904534606243
2022-07-06,4275,4290,4135,4150,18530,-0.016587677725118488
2022-07-07,4190,4200,4115,4160,4885,0.002409638554216942
2022-07-08,4170,4270,4130,4200,11345,0.009615384615384581
2022-07-11,4290,4310,4200,4240,23086,0.00952380952380949
2022-07-12,4195,4275,4195,4230,19307,-0.002358490566037763
2022-07-13,4235,4315,4230,4300,12118,0.016548463356973908
2022-07-14,4320,4370,4255,4350,12515,0.011627906976744207
2022-07-15,4325,4325,4260,4310,2940,-0.00919540229885063
2022-07-18,4235,4295,4210,4270,8118,-0.009280742459396807
2022-07-19,4235,4245,4180,4185,8073,-0.01990632318501173
2022-07-20,4185,4310,4160,4160,14272,-0.005973715651135025
2022-07-21,4135,4200,4135,4175,6747,0.0036057692307691624
2022-07-22,4190,4205,4130,4130,8240,-0.010778443113772407
2022-07-25,4180,4230,4135,4220,7168,0.021791767554479424
2022-07-26,4220,4265,4185,4225,2499,0.0011848341232227888
2022-07-27,4170,4225,4170,4215,2796,-0.002366863905325478
2022-07-28,4170,4240,4170,4200,9406,-0.003558718861209953
2022-07-29,4200,4220,4140,4195,5093,-0.0011904761904761862
2022-08-01,4280,4280,4110,4195,14839,0.0
2022-08-02,4170,4190,4120,4160,2233,-0.008343265792610244
2022-08-03,4155,4160,4095,4155,6795,-0.0012019230769231282
2022-08-04,4135,4140,4065,4065,14706,-0.02166064981949456
2022-08-05,4065,4090,4025,4050,11145,-0.0036900369003689537
2022-08-08,4030,4100,4005,4100,7254,0.012345679012345734
2022-08-09,4100,4135,4060,4105,1130,0.0012195121951219523
2022-08-10,4090,4090,4005,4005,15623,-0.02436053593179055
2022-08-11,4005,4095,3990,3990,14335,-0.0037453183520599342
2022-08-12,4030,4100,4030,4060,9308,0.01754385964912286
2022-08-16,4060,4115,4015,4055,11068,-0.0012315270935960854
2022-08-17,4080,4080,3995,4000,12965,-0.013563501849568449
2022-08-18,3985,4085,3970,4060,4861,0.014999999999999902
2022-08-19,4085,4090,4025,4065,3873,0.0012315270935960854
2022-08-22,4090,4090,4015,4025,1723,-0.009840098400983988
2022-08-23,4000,4020,3920,4020,4027,-0.001242236024844745
2022-08-24,3990,4095,3970,4070,2528,0.01243781094527363
2022-08-25,4070,4100,4050,4085,10298,0.0036855036855036882
2022-08-26,4125,4125,4025,4085,2700,0.0
2022-08-29,4060,4060,3900,3995,6467,-0.022031823745410017
2022-08-30,3975,3985,3900,3910,7896,-0.021276595744680882
2022-08-31,3895,3945,3870,3945,3848,0.008951406649616356
2022-09-01,3945,3945,3880,3890,1614,-0.013941698352344711
2022-09-02,3890,3890,3810,3870,7914,-0.005141388174807249
2022-09-05,3855,3945,3800,3885,4700,0.003875968992248069
2022-09-06,3895,3895,3795,3815,36217,-0.018018018018018056
2022-09-07,3815,4000,3775,3805,6136,-0.002621231979030192
2022-09-08,3775,3825,3775,3815,4867,0.0026281208935610145
2022-09-13,4080,4090,3860,3895,47525,0.02096985583224109
2022-09-14,3890,3895,3790,3860,7401,-0.00898587933247752
2022-09-15,3860,3900,3790,3825,14686,-0.0090673575129534
2022-09-16,3825,3835,3790,3795,4103,-0.007843137254901933
2022-09-19,3810,3810,3650,3650,18037,-0.03820816864295129
2022-09-20,3705,3705,3600,3655,22867,0.00136986301369868
2022-09-21,3690,3900,3595,3670,55505,0.004103967168262557
2022-09-22,3655,3670,3530,3595,13907,-0.02043596730245234
2022-09-23,3575,3990,3480,3480,49210,-0.03198887343532686
2022-09-26,3575,3575,3265,3315,52144,-0.04741379310344829
2022-09-27,3310,3315,3260,3300,5049,-0.004524886877828038
2022-09-28,3295,3320,3195,3220,11122,-0.024242424242424288
2022-09-29,3240,3350,3235,3235,9149,0.004658385093167627
2022-09-30,3105,3235,3100,3210,5520,-0.007727975270479082
2022-10-04,3185,3490,3185,3250,20596,0.012461059190031154
2022-10-05,3255,3395,3255,3320,15196,0.021538461538461506
2022-10-06,3420,3420,3335,3405,24884,0.025602409638554313
2022-10-07,3440,3440,3400,3400,3000,-0.001468428781204123
2022-10-11,3425,3425,3210,3210,11630,-0.055882352941176494
2022-10-12,3210,3260,3190,3250,5098,0.012461059190031154
2022-10-13,3235,3345,3235,3260,3354,0.003076923076922977
2022-10-14,3320,3390,3300,3375,2978,0.03527607361963181
2022-10-17,3375,3385,3275,3380,4920,0.001481481481481417
2022-10-18,3385,3480,3385,3445,2431,0.019230769230769162
2022-10-19,3425,3485,3340,3390,4239,-0.01596516690856309
2022-10-20,3355,3395,3270,3330,2549,-0.017699115044247815
2022-10-21,3295,3325,3260,3320,1117,-0.0030030030030030463
2022-10-24,3305,3400,3305,3370,2753,0.015060240963855387
2022-10-25,3370,3370,3260,3305,3340,-0.01928783382789323
2022-10-26,3300,3470,3290,3290,1423,-0.004538577912254205
2022-10-27,3265,3390,3265,3340,2060,0.015197568389057725
2022-10-28,3335,3360,3305,3305,2531,-0.010479041916167664
2022-10-31,3305,3400,3305,3375,3492,0.021180030257186067
2022-11-01,3375,3440,3375,3430,1877,0.016296296296296253
2022-11-02,3475,3475,3365,3365,4256,-0.01895043731778423
2022-11-03,3415,3415,3355,3380,3251,0.004457652303120341
2022-11-04,3365,3500,3365,3445,4772,0.019230769230769162
2022-11-07,3445,3490,3410,3430,3967,-0.004354136429608135
2022-11-08,3405,3445,3370,3425,8309,-0.001457725947521915
2022-11-09,3430,3490,3425,3480,13266,0.016058394160583855
2022-11-10,3445,3515,3445,3470,2142,-0.002873563218390829
2022-11-11,3510,3535,3480,3500,6225,0.008645533141210304
2022-11-14,3535,3580,3490,3550,5699,0.014285714285714235
2022-11-15,3595,3600,3520,3570,7196,0.005633802816901401
2022-11-16,3570,3630,3525,3570,5083,0.0
2022-11-17,3565,3565,3325,3325,48827,-0.06862745098039214
2022-11-18,3325,3445,3325,3435,7910,0.03308270676691727
2022-11-21,3435,3435,3265,3385,5859,-0.01455604075691408
2022-11-22,3365,3480,3350,3410,10356,0.007385524372230501
2022-11-23,3415,3510,3415,3510,4789,0.029325513196480912
2022-11-24,3510,3590,3485,3560,6359,0.014245014245014342
2022-11-25,3535,3605,3535,3550,4498,-0.002808988764044895
2022-11-28,3550,3575,3440,3500,4803,-0.014084507042253502
2022-11-29,3450,3500,3425,3425,4932,-0.021428571428571463
2022-11-30,3460,3515,3400,3515,9623,0.026277372262773824
2022-12-01,3530,3600,3510,3570,8168,0.01564722617354186
2022-12-02,3620,3620,3550,3550,2772,-0.0056022408963585235
2022-12-05,3550,3550,3495,3535,4307,-0.004225352112676051
2022-12-06,3425,3885,3420,3575,104928,0.011315417256011262
2022-12-07,3575,3830,3570,3740,34228,0.04615384615384621
2022-12-08,3750,3960,3750,3820,41270,0.021390374331550888
2022-12-09,3820,3910,3820,3890,47897,0.018324607329842868
2022-12-12,3930,4050,3920,4000,21201,0.028277634961439535
2022-12-13,4045,4110,3975,4020,13247,0.004999999999999893
2022-12-14,4035,4170,4005,4100,23956,0.01990049751243772
2022-12-15,4100,4175,4100,4115,11072,0.003658536585365857
2022-12-16,4180,4180,3955,3955,19828,-0.03888213851761846
2022-12-19,4265,4265,4050,4090,54535,0.03413400758533491
2022-12-20,4090,4165,3890,4105,17383,0.003667481662591676
2022-12-21,4055,4280,3960,3960,10747,-0.035322777101096214
2022-12-22,3960,4100,3920,4040,13542,0.02020202020202011
2022-12-23,4040,4070,3955,3970,13286,-0.017326732673267342
2022-12-26,3970,4010,3885,3885,13022,-0.021410579345088165
2022-12-27,3900,3920,3805,3870,22824,-0.0038610038610038533
2022-12-28,3905,3950,3805,3865,4940,-0.0012919896640827266
2022-12-29,3850,3865,3760,3760,8191,-0.027166882276843496
2023-01-02,3760,3985,3700,3740,7351,-0.005319148936170248
2023-01-03,3745,3825,3745,3780,2317,0.010695187165775444
2023-01-04,3760,3780,3650,3780,4873,0.0
2023-01-05,3740,3850,3680,3725,7556,-0.014550264550264536
2023-01-06,3795,3795,3660,3660,4515,-0.01744966442953022
2023-01-09,3725,3725,3585,3650,27951,-0.002732240437158473
2023-01-10,3760,3760,3650,3760,6985,0.03013698630136985
2023-01-11,3760,3795,3690,3690,10103,-0.018617021276595702
2023-01-12,3690,3725,3690,3720,4895,0.008130081300812941
2023-01-13,3725,3760,3700,3760,3031,0.010752688172043001
2023-01-16,3760,3850,3675,3700,13503,-0.015957446808510634
2023-01-17,3770,3770,3700,3720,1418,0.00540540540540535
2023-01-18,3755,3755,3690,3725,2880,0.0013440860215054862
2023-01-19,3725,4250,3725,3825,91854,0.02684563758389258
2023-01-20,3880,3990,3770,3775,7222,-0.013071895424836555
2023-01-25,3775,3800,3775,3775,5665,0.0
2023-01-26,3785,3895,3785,3795,10933,0.005298013245033095
2023-01-27,3795,3795,3610,3775,5453,-0.005270092226614009
2023-01-30,3775,3775,3720,3720,6174,-0.014569536423841067
2023-01-31,3720,3860,3650,3700,8607,-0.005376344086021501
2023-02-01,3705,3825,3645,3650,12361,-0.013513513513513487
2023-02-02,3740,3800,3670,3700,7862,0.013698630136986356
2023-02-03,3775,3775,3690,3695,7262,-0.0013513513513513375
2023-02-06,3750,3805,3585,3695,2875,0.0
2023-02-07,3695,3750,3685,3700,2899,0.0013531799729364913
2023-02-08,3700,3750,3660,3700,9297,0.0
2023-02-09,3770,3770,3700,3705,2961,0.0013513513513514486
2023-02-10,3705,3770,3650,3660,5652,-0.012145748987854255
2023-02-13,3825,3825,3550,3650,6260,-0.002732240437158473
2023-02-14,3650,3705,3650,3660,6646,0.00273972602739736
2023-02-15,3665,3835,3635,3680,14995,0.005464480874316946
2023-02-16,3680,3740,3670,3710,4830,0.008152173913043459
2023-02-17,3790,3850,3660,3675,16917,-0.009433962264150941
2023-02-20,3630,3675,3540,3615,19644,-0.01632653061224487
2023-02-21,3615,4350,3615,3790,647001,0.048409405255878335
2023-02-22,3865,4060,3730,3780,156240,-0.0026385224274406704
2023-02-23,3785,3860,3740,3770,45645,-0.002645502645502673
2023-02-24,3770,3785,3685,3750,24039,-0.0053050397877983935
2023-02-27,3680,3735,3650,3735,22676,-0.0040000000000000036
2023-02-28,3685,3790,3680,3765,11303,0.008032128514056325
2023-03-02,3765,3950,3765,3920,88859,0.04116865869853914
2023-03-03,3955,4110,3920,4050,88447,0.03316326530612246
2023-03-06,4165,4405,4100,4325,188785,0.06790123456790131
2023-03-07,4320,4450,4280,4400,78592,0.01734104046242768
2023-03-08,4395,4620,4355,4535,99679,0.030681818181818254
2023-03-09,4670,4770,4550,4760,117029,0.04961411245865488
2023-03-10,4785,4800,4500,4500,169878,-0.054621848739495826
2023-03-13,4500,4725,4330,4595,91332,0.02111111111111108
2023-03-14,4595,4595,4350,4385,19832,-0.04570184983677916
2023-03-15,4390,4750,4390,4590,37000,0.046750285062713726
2023-03-16,4590,4735,4490,4525,62023,-0.014161220043573008
2023-03-17,4525,4745,4525,4605,54193,0.017679558011049812
2023-03-20,4605,4710,4555,4555,58675,-0.010857763300760048
2023-03-21,4730,4730,4475,4475,64524,-0.01756311745334793
2023-03-22,4485,4695,4485,4650,46087,0.03910614525139655
2023-03-23,4585,4675,4545,4605,53793,-0.009677419354838679
2023-03-24,4610,4740,4580,4715,71574,0.023887079261672106
2023-03-27,4815,4815,4615,4700,18202,-0.0031813361611876534
2023-03-28,4690,4700,4535,4555,16962,-0.030851063829787195
2023-03-29,4555,4555,4300,4300,52371,-0.05598243688254667
2023-03-30,4385,4385,4205,4205,32003,-0.02209302325581397
2023-03-31,4205,4320,4140,4180,21073,-0.005945303210463715
2023-04-03,4170,4295,4150,4240,30275,0.014354066985645897
2023-04-04,4245,4285,4220,4220,27223,-0.004716981132075526
2023-04-05,4240,4240,4010,4170,24296,-0.011848341232227444
2023-04-06,4145,4175,4125,4135,19445,-0.008393285371702586
2023-04-07,4165,4210,4145,4190,13434,0.01330108827085863
2023-04-10,4300,4300,4145,4160,24807,-0.007159904534606243
2023-04-11,4160,4220,4125,4190,24528,0.007211538461538547
2023-04-12,4250,4370,4145,4340,103450,0.03579952267303099
2023-04-13,4450,4685,4350,4550,54194,0.048387096774193505
2023-04-14,4550,4625,4410,4465,21493,-0.018681318681318726
2023-04-17,4555,4555,4410,4465,22630,0.0
2023-04-18,4500,4505,4410,4475,10632,0.002239641657334923
2023-04-19,4405,4600,4370,4510,15578,0.007821229050279266
2023-04-20,4530,4600,4435,4450,6972,-0.013303769401330379
2023-04-21,4450,4650,4310,4375,17003,-0.016853932584269704
2023-04-24,4380,4440,4185,4185,9850,-0.04342857142857148
2023-04-25,4180,4560,4160,4160,10683,-0.005973715651135025
2023-04-26,4165,4440,4090,4145,13027,-0.0036057692307692735
2023-04-27,4145,4445,4035,4170,53579,0.006031363088057962
2023-04-28,4200,4350,4195,4270,11786,0.023980815347721895
2023-05-02,4270,4440,4270,4315,28888,0.01053864168618257
2023-05-03,4315,4390,4245,4265,9754,-0.011587485515643148
2023-05-04,4200,4415,4200,4390,19272,0.029308323563892236
2023-05-08,4495,4495,4385,4410,14420,0.004555808656036442
2023-05-09,4420,4480,4375,4480,14622,0.015873015873015817
2023-05-10,4480,4545,4440,4465,14942,-0.0033482142857143016
2023-05-11,4535,4540,4300,4375,37801,-0.02015677491601342
2023-05-12,4375,4480,4350,4375,12129,0.0
2023-05-15,4450,4450,4350,4375,4424,0.0
2023-05-16,4330,4485,4330,4390,8937,0.0034285714285713365
2023-05-17,4410,4555,4390,4500,16398,0.02505694760820054
2023-05-18,4560,4560,4460,4500,4853,0.0
2023-05-19,4475,4545,4400,4495,10238,-0.0011111111111110628
2023-05-22,4480,4545,4445,4450,6368,-0.010011123470522798
2023-05-23,4450,5000,4450,4950,338854,0.1123595505617978
2023-05-24,4950,4950,4630,4655,108025,-0.05959595959595965
2023-05-25,4680,4725,4550,4640,26659,-0.0032223415682062218
2023-05-26,4595,4630,4450,4555,33300,-0.018318965517241326
2023-05-30,4505,4600,4470,4600,13577,0.009879253567508295
2023-05-31,4625,4625,4480,4515,15593,-0.018478260869565166
2023-06-01,4605,4675,4510,4585,36832,0.015503875968992276
2023-06-02,4590,4600,4545,4575,16043,-0.0021810250817884125
2023-06-05,4590,4595,4530,4570,12350,-0.0010928961748634114
2023-06-07,4600,4610,4515,4580,17284,0.002188183807439792
2023-06-08,4545,4735,4545,4735,25888,0.033842794759825434
2023-06-09,4830,4830,4650,4730,10003,-0.001055966209081327
2023-06-12,4735,4900,4700,4750,34673,0.0042283298097252064
2023-06-13,4805,4850,4670,4730,24371,-0.004210526315789442
2023-06-14,4730,4730,4625,4665,9690,-0.01374207188160681
2023-06-15,4640,4640,4580,4595,16388,-0.015005359056806
2023-06-16,4585,4690,4535,4570,17874,-0.005440696409140355
2023-06-19,4530,4685,4510,4510,8015,-0.013129102844638973
2023-06-20,4510,4595,4500,4515,6206,0.0011086474501109667
2023-06-21,4525,4940,4435,4940,193290,0.09413067552602428
2023-06-22,4910,4910,4580,4580,102373,-0.07287449392712553
2023-06-23,4605,4660,4490,4640,31757,0.013100436681222627
2023-06-26,4735,4750,4410,4600,22230,-0.008620689655172376
2023-06-27,4600,4685,4475,4570,13106,-0.006521739130434745
2023-06-28,4565,4680,4500,4530,24744,-0.008752735229759279
2023-06-29,4530,4595,4370,4420,17744,-0.02428256070640178
2023-06-30,4420,4615,4310,4410,18381,-0.002262443438914019
2023-07-03,4370,4500,4295,4450,39780,0.009070294784580435
2023-07-04,4450,4500,4360,4360,17510,-0.020224719101123556
2023-07-05,4335,4360,4250,4290,19679,-0.016055045871559592
2023-07-06,4250,4290,4135,4140,19334,-0.034965034965035
2023-07-07,4135,4170,3925,4150,32858,0.0024154589371980784
2023-07-10,4085,4290,4080,4135,8691,-0.0036144578313253017
2023-07-11,4130,4135,4085,4100,6684,-0.008464328899637219
2023-07-12,4100,4290,4100,4180,10626,0.019512195121951237
2023-07-13,4325,4325,3975,4110,25991,-0.01674641148325362
2023-07-14,4110,4150,4060,4145,12911,0.008515815085158085
2023-07-17,4100,4290,4100,4170,25099,0.006031363088057962
2023-07-18,4170,4295,4145,4290,22361,0.02877697841726623
2023-07-19,4290,4365,4235,4365,13578,0.0174825174825175
2023-07-20,4340,4395,4255,4300,8901,-0.014891179839633395
2023-07-21,4255,4255,4100,4155,15821,-0.03372093023255818
2023-07-24,4110,4150,4085,4100,17470,-0.013237063778580027
2023-07-25,4060,4100,4020,4020,9336,-0.019512195121951237
2023-07-26,3970,4020,3860,3905,19139,-0.028606965174129306
2023-07-27,3905,3950,3855,3920,12205,0.003841229193341844
2023-07-28,3920,3975,3820,3880,8839,-0.010204081632653073
2023-07-31,3945,3955,3905,3910,4486,0.0077319587628865705
2023-08-01,3925,3970,3850,3910,9189,0.0
2023-08-02,3950,4170,3920,3920,22056,0.002557544757033181
2023-08-03,3925,4135,3910,4050,13576,0.03316326530612246
2023-08-04,4145,4220,4055,4160,18723,0.02716049382716057
2023-08-07,4160,4160,4050,4050,9869,-0.02644230769230771
2023-08-08,4000,4380,3995,4380,45922,0.08148148148148149
2023-08-09,4420,4450,4250,4330,35662,-0.011415525114155223
2023-08-10,4325,4505,4290,4445,21885,0.02655889145496526
2023-08-11,4445,4580,4425,4560,18821,0.025871766029246235
2023-08-14,4525,4720,4455,4580,47680,0.004385964912280604
2023-08-16,4580,4580,4260,4305,22329,-0.06004366812227069
2023-08-17,4305,4500,4160,4400,17891,0.022067363530778206
2023-08-18,4355,4480,4200,4355,6838,-0.010227272727272751
2023-08-21,4450,4450,4245,4370,1962,0.003444316877152742
2023-08-22,4370,4415,4305,4335,6582,-0.008009153318077833
2023-08-23,4335,4405,4160,4160,3463,-0.04036908881199541
2023-08-24,4195,4305,4195,4285,1642,0.030048076923076872
2023-08-25,4245,4300,4185,4290,3188,0.001166861143523823
2023-08-28,4290,4375,4290,4370,5327,0.018648018648018683
2023-08-29,4325,4365,4170,4170,20975,-0.04576659038901598
2023-08-30,4185,4295,4150,4170,14746,0.0
2023-08-31,4170,4255,4090,4115,31554,-0.013189448441247031
2023-09-01,4190,4190,4015,4075,18906,-0.009720534629404587
2023-09-04,4080,4155,4010,4135,13201,0.014723926380368013
2023-09-05,4135,4480,4080,4225,81752,0.021765417170495738
2023-09-06,4205,4245,4175,4190,12743,-0.008284023668639007
2023-09-07,4190,4210,4145,4175,4127,-0.0035799522673031214
2023-09-08,4145,4175,4080,4100,5447,-0.017964071856287456
2023-09-11,4100,4165,4100,4140,4842,0.009756097560975618
2023-09-12,4140,4185,4100,4160,4073,0.004830917874396157
2023-09-13,4255,4255,4085,4160,7716,0.0
2023-09-14,4035,4155,4035,4140,4809,-0.004807692307692291
2023-09-15,4160,4170,4095,4125,4728,-0.0036231884057971175
2023-09-18,4125,4130,4080,4120,9882,-0.00121212121212122
2023-09-19,4120,4120,4025,4065,13619,-0.013349514563106846
2023-09-20,4065,4065,4010,4010,5920,-0.013530135301353052
2023-09-21,4015,4050,4010,4025,881,0.0037406483790523026
2023-09-22,4030,4030,3995,4025,2519,0.0
2023-09-25,4025,4060,3805,3985,5812,-0.009937888198757738
2023-09-26,3985,4035,3940,4020,8085,0.008782936010037545
2023-09-27,4035,4035,4010,4015,1251,-0.0012437810945273853
2023-10-04,4005,4030,3860,3920,5393,-0.023661270236612686
2023-10-05,3880,3960,3750,3750,12478,-0.04336734693877553
2023-10-06,3780,3930,3780,3785,3890,0.009333333333333416
2023-10-10,3825,3855,3750,3775,5130,-0.0026420079260237594
2023-10-11,3775,3815,3775,3810,6816,0.009271523178807861
2023-10-12,3810,3935,3740,3935,22637,0.03280839895013132
2023-10-13,3895,3935,3830,3885,1664,-0.01270648030495558
2023-10-16,3830,3885,3750,3860,3298,-0.006435006435006385
2023-10-17,3820,3925,3820,3905,2752,0.011658031088082943
2023-10-18,3865,3915,3795,3885,2079,-0.005121638924455829
2023-10-19,3825,3865,3795,3795,3123,-0.02316602316602312
2023-10-20,3795,3880,3685,3880,6796,0.022397891963109373
2023-10-23,3880,3890,3775,3830,2987,-0.012886597938144284
2023-10-24,3750,3990,3750,3975,3352,0.037859007832898195
2023-10-25,3975,3975,3665,3970,10300,-0.0012578616352201255
2023-10-26,3820,3865,3800,3850,6201,-0.030226700251889116
2023-10-27,3795,3840,3795,3830,1072,-0.0051948051948051965
2023-10-30,3805,3825,3805,3820,1918,-0.0026109660574412663
2023-10-31,3820,3925,3805,3830,3257,0.002617801047120505
2023-11-01,3830,3905,3795,3900,1900,0.018276762402088753
2023-11-02,3825,3950,3825,3945,2280,0.011538461538461497
2023-11-03,3945,3970,3900,3965,3193,0.005069708491761693
2023-11-06,4005,4035,3965,4025,3701,0.015132408575031508
2023-11-07,4015,4015,3815,4010,660,-0.003726708074534124
2023-11-08,3930,4035,3930,3995,1178,-0.0037406483790524137
2023-11-09,3935,4000,3935,4000,1331,0.0012515644555695093
2023-11-10,4000,4005,3955,3995,3061,-0.0012499999999999734
2023-11-13,3955,3995,3895,3985,1965,-0.0025031289111389077
2023-11-14,3985,3995,3970,3990,1779,0.0012547051442910462
2023-11-15,3995,4005,3870,4000,595,0.0025062656641603454
2023-11-16,3995,4010,3955,4010,1898,0.0024999999999999467
2023-11-17,4015,4065,3940,4040,861,0.007481296758104827
2023-11-20,4015,4050,3950,4045,3402,0.0012376237623761277
2023-11-21,4025,4055,3885,3985,6017,-0.014833127317676165
2023-11-22,3935,4015,3935,4015,3587,0.007528230865746499
2023-11-23,3975,4050,3975,4015,1957,0.0
2023-11-24,4035,4035,3980,3995,3083,-0.00498132004981322
2023-11-27,4000,4000,3920,4000,3379,0.0012515644555695093
2023-11-28,3970,4000,3970,3995,4254,-0.0012499999999999734
2023-11-29,4000,4000,3965,3995,1912,0.0
2023-11-30,3970,4000,3855,3995,11430,0.0
2023-12-01,4000,4005,3930,4000,2061,0.0012515644555695093
2023-12-04,4000,4000,3840,4000,1068,0.0
2023-12-05,3950,4000,3950,3990,2497,-0.0024999999999999467
2023-12-06,3975,4005,3975,4000,1812,0.0025062656641603454
2023-12-07,4025,4030,3985,4000,1700,0.0
2023-12-08,4000,4010,3995,4010,4417,0.0024999999999999467
2023-12-11,4010,4015,3860,3860,22873,-0.03740648379052369
2023-12-12,3910,3995,3880,3960,11327,0.02590673575129543
2023-12-13,3925,3980,3915,3975,6023,0.0037878787878788955
2023-12-14,3955,3955,3900,3950,7261,-0.0062893081761006275
2023-12-15,3955,3980,3955,3980,1692,0.0075949367088608
2023-12-18,3980,4105,3935,4095,23810,0.028894472361808976
2023-12-19,4110,4110,3920,4020,31819,-0.01831501831501836
2023-12-20,4020,4075,4000,4055,6411,0.008706467661691475
2023-12-21,4075,4100,4030,4095,10966,0.009864364981504226
2023-12-22,4075,4095,4055,4075,7698,-0.004884004884004867
2023-12-26,4090,4110,4040,4100,43334,0.006134969325153339
2023-12-27,4045,4050,3940,3990,17994,-0.02682926829268295
2023-12-28,3990,4000,3930,3960,4728,-0.007518796992481258
2024-01-02,3950,3950,3830,3910,15400,-0.012626262626262652
2024-01-03,3875,3910,3870,3905,3807,-0.0012787723785165905
2024-01-04,3895,3895,3795,3795,20504,-0.028169014084507005
2024-01-05,3795,3835,3720,3730,30790,-0.017127799736495364
2024-01-08,3745,3805,3720,3755,16159,0.006702412868632601
2024-01-09,3765,3825,3765,3785,13015,0.007989347536617952
2024-01-10,3800,3815,3785,3800,4206,0.003963011889035695
2024-01-11,3805,3820,3740,3750,5656,-0.013157894736842146
2024-01-12,3750,3750,3590,3590,40714,-0.04266666666666663
2024-01-15,3615,3795,3575,3665,27549,0.02089136490250687
2024-01-16,3660,3665,3590,3590,6690,-0.02046384720327421
2024-01-17,3590,3650,3550,3585,16023,-0.0013927576601671099
2024-01-18,3580,3670,3570,3590,2931,0.001394700139470073
2024-01-19,3590,3615,3535,3555,30232,-0.00974930362116988
2024-01-22,3590,3590,3555,3590,8637,0.009845288326300938
2024-01-23,3590,3650,3525,3605,9283,0.00417827298050133
2024-01-24,3605,3620,3555,3585,4702,-0.00554785020804438
2024-01-25,3625,3625,3520,3530,8003,-0.015341701534170138
2024-01-26,3545,3545,3505,3535,10139,0.0014164305949009304
2024-01-29,3590,3590,3530,3570,4924,0.00990099009900991
2024-01-30,3550,3595,3545,3570,4453,0.0
2024-01-31,3570,3570,3520,3555,3307,-0.004201680672268893
2024-02-01,3550,3625,3550,3625,12917,0.019690576652601877
2024-02-02,3635,3670,3610,3670,12938,0.012413793103448256
2024-02-05,3670,3670,3545,3625,21627,-0.012261580381471404
2024-02-06,3620,3620,3550,3610,8360,-0.004137931034482789
2024-02-07,3590,3645,3575,3630,10379,0.005540166204986097
2024-02-08,3610,3630,3575,3595,10213,-0.009641873278236957
2024-02-13,3580,3640,3580,3610,3682,0.004172461752433909
2024-02-14,3600,3610,3560,3560,15875,-0.013850415512465353
2024-02-15,3565,3620,3565,3620,9735,0.016853932584269593
2024-02-16,3620,3620,3580,3600,4921,-0.0055248618784530246
2024-02-19,3600,3620,3590,3610,8143,0.002777777777777768
2024-02-20,3610,3630,3580,3600,7112,-0.0027700831024930483
2024-02-21,3600,3615,3575,3605,5049,0.001388888888888884
2024-02-22,3610,3635,3580,3635,8114,0.00832177531206657
2024-02-23,3610,3630,3600,3600,8740,-0.009628610729023435
2024-02-26,3590,3740,3565,3740,63011,0.03888888888888897
2024-02-27,3740,3760,3700,3760,43750,0.005347593582887722
2024-02-28,3800,3930,3695,3695,249125,-0.017287234042553168
2024-02-29,3700,3700,3610,3690,14971,-0.0013531799729363803
2024-03-04,3655,3705,3615,3620,16542,-0.01897018970189701
2024-03-05,3620,3645,3590,3610,17005,-0.002762430939226568
2024-03-06,3610,3640,3400,3555,23992,-0.015235457063711877
2024-03-07,3555,3625,3500,3555,11865,0.0
2024-03-08,3555,3555,3520,3550,4448,-0.0014064697609000865
2024-03-11,3610,3610,3500,3505,7349,-0.012676056338028152
2024-03-12,3510,3540,3495,3515,6325,0.0028530670470756636
2024-03-13,3515,3535,3495,3525,6521,0.002844950213371167
2024-03-14,3525,3535,3495,3525,4700,0.0
2024-03-15,3535,3540,3475,3530,4662,0.0014184397163119478
2024-03-18,3490,3550,3485,3525,10307,-0.0014164305949008194
2024-03-19,3525,3525,3490,3500,4031,-0.007092198581560294
2024-03-20,3500,3550,3490,3490,3351,-0.0028571428571428914
2024-03-21,3520,3520,3475,3490,9064,0.0
2024-03-22,3490,3510,3450,3480,13359,-0.002865329512893977
2024-03-25,3480,3500,3425,3470,13718,-0.002873563218390829
2024-03-26,3450,3480,3420,3470,14768,0.0
2024-03-27,3470,3490,3430,3480,11948,0.0028818443804035088
2024-03-28,3470,3470,3435,3460,5978,-0.005747126436781658
2024-03-29,3430,3460,3430,3445,7740,-0.00433526011560692
2024-04-01,3430,3465,3430,3465,9214,0.005805515239477588
2024-04-02,3450,3605,3430,3560,41014,0.02741702741702734
2024-04-03,3560,3750,3550,3660,108449,0.028089887640449396
2024-04-04,3625,3670,3510,3550,21777,-0.030054644808743203
2024-04-05,3515,3590,3460,3585,21965,0.009859154929577452
2024-04-08,3590,3610,3490,3570,9365,-0.004184100418409997
2024-04-09,3520,3560,3505,3560,4947,-0.0028011204481792618
2024-04-11,3610,3610,3475,3490,14754,-0.0196629213483146
2024-04-12,3505,3710,3490,3620,47082,0.0372492836676217
2024-04-15,3610,3735,3590,3715,38560,0.026243093922651894
2024-04-16,3645,3645,3535,3560,19334,-0.04172274562584122
2024-04-17,3545,3625,3545,3590,16791,0.008426966292134797
2024-04-18,3590,3660,3560,3610,26297,0.0055710306406684396
2024-04-19,3610,3650,3580,3590,9193,-0.005540166204986097
2024-04-22,3590,3645,3570,3640,7072,0.013927576601671321
2024-04-23,3640,3655,3615,3635,3501,-0.0013736263736263687
2024-04-24,3635,3735,3620,3700,24255,0.017881705639614776
2024-04-25,3710,3770,3660,3700,26426,0.0
2024-04-26,3700,3930,3650,3755,52584,0.014864864864864824
2024-04-29,3760,3840,3730,3815,19237,0.015978695073235683
2024-04-30,3845,3845,3780,3780,17342,-0.00917431192660545
2024-05-02,3795,3815,3705,3815,9797,0.0092592592592593
2024-05-03,3805,3815,3765,3800,7520,-0.003931847968545177
2024-05-07,3760,3865,3720,3825,23052,0.006578947368421018
2024-05-08,3845,3890,3805,3865,14551,0.010457516339869244
2024-05-09,3840,3885,3835,3865,9234,0.0
2024-05-10,3895,3895,3850,3890,6134,0.0064683053040104355
2024-05-13,3880,4030,3880,4020,54923,0.033419023136246784
2024-05-14,4020,4390,4020,4115,86669,0.023631840796019876
2024-05-16,4100,4130,3710,3995,91545,-0.02916160388821387
2024-05-17,3990,4055,3980,4055,10235,0.015018773466833446
2024-05-20,4040,4060,4025,4055,9172,0.0
2024-05-21,4030,4085,4005,4085,12622,0.007398273736128225
2024-05-22,4045,4100,4040,4065,16636,-0.004895960832313362
2024-05-23,4045,4095,4040,4040,8471,-0.006150061500615034
2024-05-24,4050,4065,4010,4055,3857,0.003712871287128605
2024-05-27,4095,4190,3915,4050,50330,-0.0012330456226880004
2024-05-28,4090,4135,4055,4110,30443,0.014814814814814836
2024-05-29,4100,4125,4050,4105,7818,-0.0012165450121655041
2024-05-30,4095,4100,4060,4080,4869,-0.006090133982947665
2024-05-31,4150,4150,3980,4060,10099,-0.004901960784313708
2024-06-03,4060,4105,4020,4060,11254,0.0
2024-06-04,4045,4075,3990,4030,6176,-0.007389162561576401
2024-06-05,4030,4070,4000,4050,4070,0.00496277915632759
2024-06-07,4050,4050,3990,4040,8914,-0.0024691358024691024
2024-06-10,4040,4075,4015,4075,10491,0.00866336633663356
2024-06-11,4075,4090,4050,4070,13081,-0.0012269938650306678
2024-06-12,4070,4080,4000,4045,10793,-0.00614250614250611
2024-06-13,4045,4050,4015,4040,8750,-0.0012360939431397266
2024-06-14,4070,4070,4015,4040,11266,0.0
2024-06-17,4040,4055,3990,4010,13336,-0.007425742574257432
2024-06-18,4010,4045,3990,4015,12672,0.0012468827930174342
2024-06-19,4015,4040,4010,4035,5032,0.00498132004981322
2024-06-20,4025,4045,3995,4025,5500,-0.0024783147459727095
2024-06-21,4010,4050,4005,4030,12964,0.001242236024844745
2024-06-24,4015,4040,3995,4015,18117,-0.003722084367245637
2024-06-25,4030,4040,4000,4030,24986,0.0037359900373599153
2024-06-26,4030,4090,4000,4090,28529,0.014888337468982549
2024-06-27,4050,4085,4035,4040,7275,-0.012224938875305624
2024-06-28,4025,4060,4025,4040,3598,0.0
2024-07-01,4040,4055,4010,4020,3556,-0.004950495049504955
2024-07-02,4020,4085,4000,4015,5646,-0.0012437810945273853
2024-07-03,4040,4060,3975,4045,6748,0.007471980074719831
2024-07-04,4045,4050,3965,3995,5122,-0.012360939431396822
2024-07-05,4000,4045,3985,4010,5139,0.003754693366708306
2024-07-08,4000,4040,3990,4020,3278,0.0024937655860348684
2024-07-09,4060,4060,4010,4020,4470,0.0
2024-07-10,4040,4040,3990,4025,4383,0.0012437810945273853
2024-07-11,4035,4040,3985,4010,3901,-0.003726708074534124
2024-07-12,3965,4010,3935,3945,10872,-0.016209476309226978
2024-07-15,4005,4020,3945,4000,4013,0.013941698352344822
2024-07-16,4020,4020,3980,4000,10170,0.0
2024-07-17,4040,4040,3985,4010,7527,0.0024999999999999467
2024-07-18,4010,4030,3950,4020,8015,0.0024937655860348684
2024-07-19,4040,4040,4000,4015,2719,-0.0012437810945273853
2024-07-22,4015,4015,3980,4000,10628,-0.0037359900373599153
2024-07-23,4000,4020,3980,4000,547,0.0
2024-07-24,4040,4040,3960,3970,3007,-0.007499999999999951
2024-07-25,3970,4005,3950,4005,10746,0.00881612090680095
2024-07-26,4005,4040,3975,4000,1652,-0.0012484394506866447
2024-07-29,4040,4040,3960,3980,2616,-0.0050000000000000044
2024-07-30,4020,4020,3955,3990,555,0.002512562814070307
2024-07-31,4040,4040,3955,3990,2765,0.0
2024-08-01,3990,4025,3990,4025,7591,0.00877192982456143
2024-08-02,4030,4030,3945,3985,4201,-0.009937888198757738
2024-08-05,4020,4020,3450,3560,39043,-0.10664993726474281
2024-08-06,3560,3740,3560,3710,6637,0.042134831460674205
2024-08-07,3710,3840,3710,3830,6072,0.032345013477088846
2024-08-08,3830,3850,3640,3720,6790,-0.02872062663185382
2024-08-09,3720,3850,3720,3845,6005,0.03360215053763449
2024-08-12,3845,3950,3845,3915,4075,0.01820546163849146
2024-08-13,3955,4030,3865,4020,17751,0.026819923371647514
2024-08-14,4050,4130,3985,4100,18675,0.01990049751243772
2024-08-16,4075,4120,4075,4095,2060,-0.0012195121951219523
2024-08-19,4060,4105,4015,4105,5620,0.0024420024420024333
2024-08-20,4075,4115,4060,4100,5540,-0.0012180267965895553
2024-08-21,4120,4120,4095,4110,2875,0.0024390243902439046
2024-08-22,4110,4120,4060,4115,8375,0.0012165450121655041
2024-08-23,4115,4130,4080,4120,5517,0.0012150668286756705
2024-08-26,4120,4135,4085,4125,3336,0.0012135922330096527
2024-08-27,4100,4135,4000,4080,40513,-0.010909090909090868
2024-08-28,4075,4105,4015,4100,8196,0.004901960784313708
2024-08-29,4075,4120,4020,4030,10581,-0.017073170731707332
2024-08-30,4090,4100,4005,4095,11571,0.016129032258064502
2024-09-02,4095,4110,4000,4000,16231,-0.023199023199023228
2024-09-03,3970,4035,3935,3985,13153,-0.003750000000000031
2024-09-04,3985,4025,3810,3950,15497,-0.008782936010037656
2024-09-05,3950,4030,3900,3950,2912,0.0
2024-09-06,3950,4010,3845,3845,7701,-0.02658227848101269
2024-09-09,3845,3915,3845,3875,1047,0.007802340702210753
2024-09-10,3885,3935,3850,3925,1519,0.012903225806451646
2024-09-11,3890,4005,3885,3885,18372,-0.010191082802547768
2024-09-12,3945,3945,3865,3905,1798,0.005148005148005064
2024-09-13,3905,3960,3890,3920,5131,0.003841229193341844
2024-09-19,3920,3995,3825,3925,41548,0.0012755102040815647
2024-09-20,3925,4000,3910,3940,869,0.003821656050955413
2024-09-23,3980,3980,3895,3895,4281,-0.011421319796954266
2024-09-24,3925,3925,3880,3910,516,0.0038510911424902705
2024-09-25,3905,3965,3880,3955,4162,0.011508951406649537
2024-09-26,3980,3980,3855,3920,7944,-0.008849557522123908
2024-09-27,3920,3935,3900,3925,5464,0.0012755102040815647
2024-09-30,3925,3935,3810,3905,9672,-0.005095541401273884
2024-10-02,3905,3905,3850,3900,1249,-0.001280409731113985
2024-10-04,3900,3905,3790,3815,22754,-0.02179487179487183
2024-10-07,3820,3825,3735,3735,25925,-0.020969855832241202
2024-10-08,3735,3895,3735,3815,3273,0.021419009370816644
2024-10-10,3805,3815,3745,3760,14906,-0.014416775884665833
2024-10-11,3770,3790,3750,3770,10787,0.0026595744680850686
2024-10-14,3765,3765,3695,3695,14626,-0.019893899204244003
2024-10-15,3695,3925,3690,3740,6976,0.012178619756427533
2024-10-16,3735,3760,3715,3745,504,0.0013368983957218195
2024-10-17,3745,3835,3610,3720,11244,-0.006675567423230944
2024-10-18,3720,3755,3645,3645,11043,-0.020161290322580627
2024-10-21,3645,3675,3620,3625,13397,-0.005486968449931462
2024-10-22,3625,3640,3600,3620,4876,-0.0013793103448276334
2024-10-23,3620,3630,3595,3625,2031,0.0013812154696133394
2024-10-24,3625,3670,3590,3640,1741,0.004137931034482678
2024-10-25,3640,3750,3615,3695,5452,0.015109890109890056
2024-10-28,3660,3705,3650,3690,2192,-0.0013531799729363803
2024-10-29,3735,3735,3680,3720,1440,0.008130081300812941
2024-10-30,3725,4000,3640,3640,41129,-0.021505376344086002
2024-10-31,3640,3690,3590,3590,16500,-0.013736263736263687
2024-11-01,3590,3660,3575,3610,5286,0.0055710306406684396
2024-11-04,3630,3645,3550,3600,8011,-0.0027700831024930483
2024-11-05,3600,3615,3595,3600,3393,0.0
2024-11-06,3605,3635,3605,3625,2876,0.00694444444444442
2024-11-07,3660,3665,3605,3630,2228,0.0013793103448276334
2024-11-08,3665,3665,3615,3655,1053,0.00688705234159781
2024-11-11,3635,3655,3590,3605,6155,-0.013679890560875485
2024-11-12,3605,3655,3555,3555,12357,-0.01386962552011095
2024-11-13,3575,3690,3455,3635,40640,0.02250351617440227
2024-11-14,3730,3850,3645,3805,46266,0.04676753782668497
2024-11-15,3800,3850,3760,3805,30698,0.0
2024-11-18,3795,3835,3780,3790,36227,-0.003942181340341633
2024-11-19,3720,3825,3720,3825,20961,0.00923482849604218
2024-11-20,3785,3835,3780,3830,16098,0.0013071895424836555
2024-11-21,3815,3870,3815,3870,16458,0.010443864229765065
2024-11-22,3875,3905,3825,3885,16108,0.003875968992248069
2024-11-25,3850,3920,3850,3905,7702,0.005148005148005064
2024-11-26,3870,3965,3870,3965,13574,0.015364916773367376
2024-11-27,3960,4005,3960,4000,16412,0.008827238335435084
2024-11-28,3960,4000,3950,3985,11781,-0.003750000000000031
2024-11-29,3990,4000,3945,3990,8495,0.0012547051442910462
2024-12-02,3990,4000,3950,3985,10261,-0.0012531328320801727
2024-12-03,3975,3990,3940,3960,14923,-0.006273525721455453
2024-12-04,3990,3990,3840,3955,13404,-0.0012626262626262985
2024-12-05,3920,3980,3910,3910,15654,-0.011378002528445008
2024-12-06,3910,3960,3800,3900,23415,-0.002557544757033292
2024-12-09,3890,3890,3770,3790,29854,-0.028205128205128216
2024-12-10,3815,3900,3790,3900,7780,0.029023746701847042
2024-12-11,3900,3970,3890,3970,100977,0.017948717948717885
2024-12-12,3930,3950,3915,3935,18783,-0.008816120906801062
2024-12-13,3935,3955,3805,3945,15939,0.0025412960609911828
2024-12-16,3950,4000,3945,3970,8651,0.006337135614702172
2024-12-17,3975,3985,3965,3970,7443,0.0
2024-12-18,3970,3980,3865,3970,7660,0.0
2024-12-19,3910,3990,3910,3985,4125,0.0037783375314861534
2024-12-20,3985,3995,3910,3965,11877,-0.005018820577164407
2024-12-23,3970,4020,3935,4020,11787,0.013871374527112179
2024-12-24,4045,4045,3990,4015,10870,-0.0012437810945273853
2024-12-26,4015,4025,3975,3975,7723,-0.00996264009962644
2024-12-27,3975,3995,3825,3955,6822,-0.005031446540880502
2024-12-30,3975,3975,3895,3915,2823,-0.010113780025284402
2025-01-02,3900,3945,3880,3895,1872,-0.005108556832694733
2025-01-03,3940,3945,3905,3940,6467,0.011553273427471034
2025-01-06,3955,3955,3920,3955,18921,0.0038071065989848663
2025-01-07,3955,3985,3935,3940,20845,-0.0037926675094817064
2025-01-08,3905,3955,3905,3915,24553,-0.006345177664974666
2025-01-09,3950,3950,3910,3915,21404,0.0
2025-01-10,3940,3945,3910,3925,22378,0.0025542784163474774
2025-01-13,3925,3955,3905,3930,16445,0.001273885350318471
2025-01-14,3940,3940,3885,3900,25459,-0.007633587786259555
2025-01-15,3935,3945,3890,3900,8340,0.0
2025-01-16,3905,3945,3885,3930,21895,0.007692307692307665
2025-01-17,3945,3945,3890,3905,14039,-0.006361323155216314
2025-01-20,3905,3925,3890,3920,11343,0.003841229193341844
2025-01-21,3930,3930,3850,3925,8628,0.0012755102040815647
2025-01-22,3925,3945,3905,3935,10475,0.002547770700636942
2025-01-23,3945,3945,3910,3930,10758,-0.0012706480304955914
2025-01-24,3945,3970,3925,3940,17375,0.0025445292620864812
2025-01-31,3940,3940,3760,3940,9926,0.0
2025-02-03,3910,4005,3880,4005,22770,0.016497461928933976
2025-02-04,4000,4000,3900,3930,17503,-0.01872659176029967
2025-02-05,3925,3970,3895,3945,26171,0.003816793893129722
2025-02-06,3950,3980,3900,3945,29018,0.0
2025-02-07,3945,3950,3890,3925,28340,-0.005069708491761693
2025-02-10,3915,3925,3905,3925,10514,0.0
2025-02-11,3940,3950,3925,3950,8580,0.006369426751592355
2025-02-12,3945,4005,3905,3995,13322,0.0113924050632912
2025-02-13,3970,4150,3900,3980,37718,-0.003754693366708417
2025-02-14,3980,3995,3945,3970,2820,-0.002512562814070307
2025-02-17,3950,3975,3940,3950,16268,-0.005037783375314908
2025-02-18,3960,3960,3925,3935,1559,-0.0037974683544304
2025-02-19,3935,3935,3880,3895,8505,-0.010165184243964398
2025-02-20,3895,3955,3865,3920,5487,0.006418485237484006
2025-02-21,3930,3950,3890,3920,19987,0.0
2025-02-24,3940,3940,3875,3925,3396,0.0012755102040815647
2025-02-25,3940,3940,3865,3915,3974,-0.002547770700636942
2025-02-26,3920,3940,3905,3915,1196,0.0
2025-02-27,3950,3955,3910,3915,3734,0.0
2025-02-28,3935,3940,3885,3895,3014,-0.005108556832694733
2025-03-04,3895,3905,3875,3900,1433,0.0012836970474967568
2025-03-05,3865,3930,3815,3845,7383,-0.014102564102564052
2025-03-06,3905,4005,3800,3895,38675,0.013003901170351106
2025-03-07,3895,3935,3880,3910,3385,0.0038510911424902705
2025-03-10,3865,3930,3860,3875,2408,-0.008951406649616356
2025-03-11,3875,3915,3800,3860,4749,-0.003870967741935516
2025-03-12,3920,3920,3845,3880,2821,0.005181347150259086
2025-03-13,3930,3930,3860,3900,381,0.005154639175257714
2025-03-14,3910,3925,3865,3865,1307,-0.008974358974358942
2025-03-17,3820,3920,3820,3900,256,0.009055627425614388
2025-03-18,3915,3915,3887,3900,1098,0.0
2025-03-19,3910,3910,3885,3900,1108,0.0
2025-03-20,3920,3930,3870,3890,7344,-0.002564102564102555
2025-03-21,3920,3920,3865,3900,1540,0.0025706940874035134
2025-03-24,3900,3900,3875,3900,2310,0.0
2025-03-25,3900,3930,3885,3920,7282,0.00512820512820511
2025-03-26,3920,3975,3920,3965,9979,0.011479591836734748
2025-03-27,3965,3975,3940,3965,1906,0.0
2025-03-28,3965,3980,3940,3960,1630,-0.0012610340479193294
2025-03-31,3960,3965,3880,3880,3245,-0.02020202020202022
2025-04-01,3910,3910,3850,3850,1569,-0.0077319587628865705
2025-04-02,3860,3910,3855,3880,3051,0.007792207792207684
2025-04-03,3845,3900,3845,3850,1784,-0.0077319587628865705
2025-04-04,3850,3900,3800,3895,22049,0.011688311688311748
2025-04-07,3935,3935,3800,3875,4723,-0.005134788189987138
2025-04-08,3875,3925,3800,3805,39754,-0.01806451612903226
2025-04-09,3800,3860,3790,3815,10315,0.0026281208935610145
2025-04-10,3855,3900,3740,3885,9332,0.0183486238532109
2025-04-11,3860,3925,3855,3905,8809,0.005148005148005064
2025-04-14,3870,3940,3845,3880,10213,-0.006402048655569814
2025-04-15,3920,3935,3885,3920,8193,0.010309278350515427
2025-04-16,3920,3920,3875,3915,2772,-0.0012755102040816757
2025-04-17,3905,3920,3880,3910,4785,-0.0012771392081737387
2025-04-18,3920,3920,3885,3895,4660,-0.0038363171355498826
2025-04-21,3895,3920,3855,3855,5510,-0.010269576379974277
2025-04-22,3910,3930,3870,3870,9972,0.0038910505836575737
2025-04-23,3910,3935,3870,3915,19481,0.011627906976744207
2025-04-24,3915,3925,3875,3910,14735,-0.0012771392081737387
2025-04-25,3920,3925,3885,3910,17536,0.0
2025-04-28,3910,3930,3885,3920,16745,0.002557544757033181
2025-04-29,3920,3930,3880,3925,13969,0.0012755102040815647
2025-04-30,3925,3940,3895,3900,6780,-0.006369426751592355
2025-05-02,3900,3920,3895,3920,3403,0.00512820512820511
2025-05-07,3880,3935,3880,3920,7632,0.0
2025-05-08,3920,3925,3850,3915,8114,-0.0012755102040816757
2025-05-09,3920,3955,3890,3955,17124,0.010217113665389466
2025-05-12,3975,3975,3925,3950,9180,-0.0012642225031606058
2025-05-13,3950,3960,3925,3950,7570,0.0
2025-05-14,3950,3980,3945,3975,12516,0.006329113924050667
2025-05-15,3975,4020,3960,3985,21354,0.002515723270440251
2025-05-16,3985,4080,3980,4020,9086,0.008782936010037545
2025-05-19,4020,4055,4005,4035,12781,0.003731343283582156
2025-05-20,4040,4045,4005,4035,6697,0.0
2025-05-21,4035,4045,4005,4005,4599,-0.0074349442379182396
2025-05-22,4005,4030,4000,4010,6692,0.0012484394506866447
2025-05-23,4000,4020,3980,4020,8915,0.0024937655860348684
2025-05-26,4025,4070,4020,4065,18672,0.011194029850746245
2025-05-27,4065,4075,4050,4055,9761,-0.002460024600245969
2025-05-28,4055,4060,4000,4045,7949,-0.002466091245376112
2025-05-29,4045,4060,4015,4060,11608,0.003708281829418958
2025-05-30,4060,4070,4040,4065,4560,0.0012315270935960854
2025-06-02,4065,4080,4040,4055,16480,-0.002460024600245969
2025-06-04,4055,4125,4055,4125,17693,0.01726263871763245
2025-06-05,4090,4140,4090,4105,8831,-0.00484848484848488
2025-06-09,4115,4165,4085,4150,14204,0.010962241169305775
2025-06-10,4150,4160,4070,4140,9460,-0.002409638554216831
2025-06-11,4150,4165,4120,4160,5532,0.004830917874396157
2025-06-12,4165,4230,4165,4230,22759,0.016826923076923128
2025-06-13,4235,4240,4175,4205,14270,-0.005910165484633523
2025-06-16,4165,4215,4160,4185,14165,-0.0047562425683710385
2025-06-17,4190,4265,4155,4265,31335,0.019115890083632125
2025-06-18,4285,4325,4215,4320,21010,0.01289566236811246
2025-06-19,4320,4395,4265,4360,19141,0.0092592592592593
2025-06-20,4330,4405,4320,4400,18028,0.00917431192660545
2025-06-23,4395,4415,4255,4380,16280,-0.004545454545454519
2025-06-24,4385,4390,4320,4365,15397,-0.003424657534246589
2025-06-25,4370,4370,4265,4295,20501,-0.016036655211912998
2025-06-26,4305,4305,4230,4270,10556,-0.005820721769499437
2025-06-27,4220,4230,4200,4200,11440,-0.016393442622950838
2025-06-30,4205,4250,4200,4235,4736,0.008333333333333304
2025-07-01,4210,4240,4150,4220,7898,-0.0035419126328217754
2025-07-02,4220,4245,4150,4180,12776,-0.009478672985781977
2025-07-03,4180,4220,4150,4180,11057,0.0
2025-07-04,4200,4205,4160,4185,3665,0.0011961722488038617
2025-07-07,4195,4195,4140,4160,9824,-0.005973715651135025
2025-07-08,4160,4275,4150,4235,19088,0.018028846153846256
2025-07-09,4245,4300,4205,4260,18678,0.005903187721369552
2025-07-10,4260,4275,4225,4265,8114,0.0011737089201877549
2025-07-11,4270,4330,4255,4305,14032,0.009378663540445586
