Date,Open,High,Low,Close,Volume,Change
2022-01-03,174500,175000,168000,169500,209756,-0.028653295128939882
2022-01-04,172000,174500,169000,170000,187522,0.002949852507374562
2022-01-05,170500,170500,162500,163500,326600,-0.038235294117647034
2022-01-06,159500,166000,159500,160000,205646,-0.021406727828746197
2022-01-07,160500,163500,159000,162000,136714,0.012499999999999956
2022-01-10,161000,163000,158000,160000,158147,-0.012345679012345734
2022-01-11,159000,160000,154500,155500,218780,-0.028124999999999956
2022-01-12,158000,161000,158000,160500,215921,0.03215434083601276
2022-01-13,162000,165500,160500,162000,221780,0.009345794392523255
2022-01-14,159500,160000,157000,157000,171092,-0.030864197530864224
2022-01-17,157000,160500,155500,156000,146334,-0.006369426751592355
2022-01-18,156000,159000,154500,156000,139767,0.0
2022-01-19,153000,155500,150500,153000,227976,-0.019230769230769273
2022-01-20,153000,162500,152500,162000,196449,0.05882352941176472
2022-01-21,159500,161500,153500,155500,212281,-0.04012345679012341
2022-01-24,154000,155500,148000,149500,226342,-0.03858520900321538
2022-01-25,150000,150500,144000,146000,238861,-0.02341137123745818
2022-01-26,147000,152500,145500,147500,206389,0.010273972602739656
2022-01-27,149500,150500,140500,142000,254659,-0.037288135593220306
2022-01-28,141500,143000,135000,140000,340211,-0.014084507042253502
2022-02-03,143500,144000,140000,140500,151316,0.0035714285714285587
2022-02-04,138000,144000,137500,143500,137442,0.021352313167259718
2022-02-07,142500,142500,136500,138000,243650,-0.0383275261324042
2022-02-08,139000,144000,138000,141500,209771,0.0253623188405796
2022-02-09,143000,144000,140000,142000,145758,0.0035335689045936647
2022-02-10,142500,143000,137500,139000,190607,-0.021126760563380254
2022-02-11,136500,138500,134500,136500,163017,-0.017985611510791366
2022-02-14,133500,137000,133500,134000,178242,-0.01831501831501836
2022-02-15,134000,135500,129000,131000,262950,-0.02238805970149249
2022-02-16,133000,135000,132000,134000,127991,0.022900763358778553
2022-02-17,137000,139500,132000,134500,229780,0.003731343283582156
2022-02-18,131500,136500,131000,136000,101876,0.011152416356877248
2022-02-21,133000,135000,131500,134500,63591,-0.011029411764705843
2022-02-22,131000,133500,131000,132500,107616,-0.014869888475836479
2022-02-23,134000,136000,131000,132500,111945,0.0
2022-02-24,131000,137000,128500,128500,239363,-0.030188679245283012
2022-02-25,131000,137000,131000,135500,248722,0.054474708171206254
2022-02-28,134000,139000,133000,137500,165951,0.014760147601476037
2022-03-02,138000,141500,137000,139000,157180,0.01090909090909098
2022-03-03,142000,142000,139000,140500,143126,0.010791366906474753
2022-03-04,140000,140000,135500,136000,114444,-0.03202846975088969
2022-03-07,133000,134500,131000,132000,101177,-0.02941176470588236
2022-03-08,129000,132000,129000,129500,120698,-0.018939393939393923
2022-03-10,133000,135500,129000,130500,227545,0.007722007722007707
2022-03-11,131000,136000,130000,131000,173324,0.003831417624521105
2022-03-14,130500,131000,123000,126000,238834,-0.03816793893129766
2022-03-15,125500,128500,124500,125000,97544,-0.007936507936507908
2022-03-16,126500,129000,125000,129000,97978,0.03200000000000003
2022-03-17,132500,135500,132000,135000,148423,0.04651162790697683
2022-03-18,135500,137500,134000,135500,117429,0.0037037037037037646
2022-03-21,137000,144000,135500,141500,279576,0.04428044280442811
2022-03-22,142000,143500,140000,141000,99066,-0.0035335689045936647
2022-03-23,142500,143500,140000,142000,124526,0.007092198581560183
2022-03-24,140000,142500,138000,142500,101871,0.0035211267605634866
2022-03-25,142500,146500,142500,145000,158914,0.01754385964912286
2022-03-28,143000,145000,141000,144500,84823,-0.0034482758620689724
2022-03-29,146000,149000,145500,146500,120829,0.01384083044982698
2022-03-30,149000,149000,144500,146500,144925,0.0
2022-03-31,145500,154500,145500,154500,306192,0.05460750853242313
2022-04-01,152500,155500,151000,154500,198155,0.0
2022-04-04,154500,159500,153000,159000,294451,0.029126213592232997
2022-04-05,161000,162000,157500,160000,249095,0.0062893081761006275
2022-04-06,158000,161500,156500,158500,193313,-0.009375000000000022
2022-04-07,156500,160000,155500,159000,202724,0.003154574132492094
2022-04-08,160000,168000,159000,166500,430337,0.04716981132075482
2022-04-11,165000,166500,158500,159500,239009,-0.042042042042042094
2022-04-12,155000,159000,152500,157000,315569,-0.01567398119122254
2022-04-13,157500,158500,153000,156000,242800,-0.006369426751592355
2022-04-14,158000,161000,156000,158500,316876,0.01602564102564097
2022-04-15,156500,158000,155500,156500,107414,-0.012618296529968487
2022-04-18,155000,156000,148000,148500,313852,-0.051118210862619806
2022-04-19,149500,153500,149000,152500,140128,0.026936026936027035
2022-04-20,153000,153500,150000,152000,83025,-0.003278688524590123
2022-04-21,153500,161000,152500,156000,254207,0.026315789473684292
2022-04-22,153000,155000,152000,152500,95995,-0.022435897435897467
2022-04-25,149000,151000,145500,149000,144426,-0.022950819672131195
2022-04-26,150000,154000,148500,150500,115213,0.010067114093959662
2022-04-27,145500,152000,145000,150000,131951,-0.0033222591362126463
2022-04-28,151500,153500,149000,153500,124679,0.023333333333333428
2022-04-29,153000,154000,150500,151500,150808,-0.013029315960912058
2022-05-02,148500,153500,148500,153000,120043,0.00990099009900991
2022-05-03,153000,156500,152500,153500,104236,0.0032679738562091387
2022-05-04,153500,155000,153000,154000,74692,0.0032573289902280145
2022-05-06,151000,152500,149500,152000,76238,-0.012987012987012991
2022-05-09,150500,152000,146500,147000,108721,-0.03289473684210531
2022-05-10,143500,150000,141000,148000,237136,0.006802721088435382
2022-05-11,147500,149500,145000,148000,144832,0.0
2022-05-12,145000,145500,139000,140000,263681,-0.05405405405405406
2022-05-13,141500,144500,140500,143500,125829,0.02499999999999991
2022-05-16,145000,147000,141000,141500,101292,-0.013937282229965153
2022-05-17,140500,145000,140500,142500,140999,0.007067137809187329
2022-05-18,144000,149500,144000,148000,237566,0.03859649122807007
2022-05-19,144000,154500,143000,153000,331118,0.03378378378378377
2022-05-20,153000,158000,152000,156000,175461,0.019607843137254832
2022-05-23,156500,157000,152500,154500,120855,-0.009615384615384581
2022-05-24,153000,154000,148500,149000,145488,-0.035598705501618144
2022-05-25,150000,150500,145000,149000,160835,0.0
2022-05-26,149500,153500,148500,149500,102648,0.003355704697986628
2022-05-27,152000,156500,152000,154000,196467,0.030100334448160515
2022-05-30,155000,156000,153500,154000,125350,0.0
2022-05-31,154500,162000,154000,161000,353404,0.045454545454545414
2022-06-02,158500,162500,158500,159000,169803,-0.012422360248447228
2022-06-03,162500,166500,159500,165500,493901,0.04088050314465419
2022-06-07,165500,165500,152000,153500,429153,-0.07250755287009059
2022-06-08,155500,157500,153500,157500,164137,0.026058631921824116
2022-06-09,157000,161500,156000,160000,251205,0.015873015873015817
2022-06-10,158000,163000,157000,163000,217080,0.018750000000000044
2022-06-13,158000,159500,155000,155000,242567,-0.049079754601227044
2022-06-14,152000,161000,152000,159000,275915,0.02580645161290329
2022-06-15,157500,160000,151500,153500,183057,-0.03459119496855345
2022-06-16,158000,164500,157000,160500,306924,0.0456026058631922
2022-06-17,157500,167500,157000,166500,435704,0.03738317757009346
2022-06-20,167500,168500,162500,164500,244933,-0.012012012012011963
2022-06-21,165500,167500,158000,161000,289116,-0.021276595744680882
2022-06-22,162000,163000,155000,155000,250205,-0.037267080745341574
2022-06-23,154500,156500,145500,146000,366027,-0.058064516129032295
2022-06-24,147500,154000,145000,151500,277533,0.03767123287671237
2022-06-27,152500,155500,151000,153500,155898,0.013201320132013139
2022-06-28,153000,158000,152500,156500,120782,0.019543973941368087
2022-06-29,154000,155000,146500,147500,342847,-0.057507987220447254
2022-06-30,147000,148500,131000,133000,682743,-0.09830508474576272
2022-07-01,134000,135500,129000,130500,421228,-0.018796992481203034
2022-07-04,131000,132000,124500,128000,291434,-0.019157088122605415
2022-07-05,128000,132500,126500,131500,252812,0.02734375
2022-07-06,130500,134000,128000,128500,214968,-0.02281368821292773
2022-07-07,130500,134000,128000,131500,173512,0.023346303501945442
2022-07-08,133000,137000,132000,132000,177663,0.0038022813688212143
2022-07-11,132000,133000,129000,130000,128916,-0.015151515151515138
2022-07-12,128500,129000,124000,125000,238384,-0.038461538461538436
2022-07-13,124500,127000,122500,126000,185884,0.008000000000000007
2022-07-14,125500,129500,124000,128000,237941,0.015873015873015817
2022-07-15,128500,128500,123500,125000,191972,-0.0234375
2022-07-18,126500,127000,123000,127000,170211,0.016000000000000014
2022-07-19,126000,128500,124500,126000,114464,-0.007874015748031482
2022-07-20,129000,130000,127500,128500,143205,0.01984126984126977
2022-07-21,129000,130500,127000,130000,179632,0.011673151750972721
2022-07-22,131000,136000,131000,132000,268630,0.01538461538461533
2022-07-25,132000,133000,130500,132000,87778,0.0
2022-07-26,131500,134000,129500,132500,110880,0.0037878787878788955
2022-07-27,132500,133000,129500,131000,99697,-0.01132075471698113
2022-07-28,132500,137500,132000,135500,229210,0.03435114503816794
2022-07-29,137500,139000,135000,136000,117964,0.0036900369003689537
2022-08-01,137000,141500,135500,140500,143727,0.03308823529411775
2022-08-02,141000,141000,136000,137500,156833,-0.02135231316725983
2022-08-03,137500,140000,136500,139000,128218,0.01090909090909098
2022-08-04,141000,141500,137500,138000,121929,-0.007194244604316502
2022-08-05,138500,141500,138000,139000,114220,0.007246376811594235
2022-08-08,137500,141500,135500,139000,187732,0.0
2022-08-09,137500,138000,128500,131500,659234,-0.0539568345323741
2022-08-10,131000,134000,130500,131500,229697,0.0
2022-08-11,133500,135000,131000,133000,309345,0.011406844106463865
2022-08-12,132000,140000,132000,138000,356640,0.03759398496240607
2022-08-16,139500,139500,136500,137000,170996,-0.007246376811594235
2022-08-17,137000,138000,134000,134500,132822,-0.018248175182481785
2022-08-18,134000,134000,131000,132500,151981,-0.014869888475836479
2022-08-19,133500,133500,127500,128000,248511,-0.03396226415094339
2022-08-22,126000,130000,125000,128000,145342,0.0
2022-08-23,127500,128000,123000,124500,240404,-0.02734375
2022-08-24,126000,127000,124000,126500,123901,0.016064257028112428
2022-08-25,126500,130000,126000,127000,145122,0.0039525691699604515
2022-08-26,128000,128500,124500,125500,162457,-0.011811023622047223
2022-08-29,120000,122500,119500,121000,312168,-0.03585657370517925
2022-08-30,120500,122000,116000,118500,529711,-0.02066115702479343
2022-08-31,117000,121500,116500,121500,288226,0.025316455696202445
2022-09-01,119500,120000,113000,114000,406153,-0.06172839506172845
2022-09-02,115000,116500,112500,115000,186736,0.00877192982456143
2022-09-05,113500,115000,111000,112000,315716,-0.02608695652173909
2022-09-06,111500,114500,111500,112500,154254,0.0044642857142858094
2022-09-07,111500,112500,109000,111000,214137,-0.013333333333333308
2022-09-08,112000,113500,110500,111000,210660,0.0
2022-09-13,113000,117500,113000,115500,279102,0.04054054054054057
2022-09-14,111000,112500,109500,110000,326821,-0.04761904761904767
2022-09-15,111000,114000,110000,111000,230498,0.009090909090909038
2022-09-16,110000,112500,107000,108500,200759,-0.022522522522522515
2022-09-19,108500,109000,104500,106000,239440,-0.02304147465437789
2022-09-20,106500,107500,102500,105000,321699,-0.009433962264150941
2022-09-21,103500,104000,101500,103000,273041,-0.01904761904761909
2022-09-22,100500,101500,98700,101500,480377,-0.014563106796116498
2022-09-23,101500,101500,96600,97600,313094,-0.03842364532019704
2022-09-26,94500,96300,93600,93600,325519,-0.040983606557377095
2022-09-27,93000,94300,90900,92800,238187,-0.008547008547008517
2022-09-28,92000,92400,86500,88500,613461,-0.04633620689655171
2022-09-29,89500,90700,86000,86000,352591,-0.02824858757062143
2022-09-30,84700,87200,83400,83900,401487,-0.024418604651162745
2022-10-04,84400,87800,84400,87600,209299,0.0441001191895114
2022-10-05,89400,89400,85100,85200,197209,-0.0273972602739726
2022-10-06,86000,88300,86000,87800,163827,0.030516431924882736
2022-10-07,86700,93400,85800,92600,501121,0.0546697038724373
2022-10-11,92300,92400,83800,84000,644657,-0.09287257019438444
2022-10-12,85000,92800,84200,92600,536807,0.10238095238095246
2022-10-13,92200,95700,92000,92500,557411,-0.001079913606911398
2022-10-14,95000,102000,94600,99200,597232,0.07243243243243236
2022-10-17,97700,103500,96900,100500,378244,0.013104838709677491
2022-10-18,102000,103000,97600,99000,366439,-0.014925373134328401
2022-10-19,100500,104000,98900,100000,410446,0.010101010101010166
2022-10-20,99700,99700,95200,97500,361810,-0.025000000000000022
2022-10-21,96300,99200,96000,97600,206043,0.0010256410256410664
2022-10-24,99200,102000,98300,100500,326485,0.029713114754098324
2022-10-25,100500,100500,96700,97300,250715,-0.03184079601990053
2022-10-26,98500,101000,96000,96500,435380,-0.008221993833504637
2022-10-27,97500,103500,97500,103000,449950,0.06735751295336789
2022-10-28,103000,106500,101500,104000,342321,0.009708737864077666
2022-10-31,106000,106500,102500,103500,216129,-0.004807692307692291
2022-11-01,104000,107500,102500,104500,213285,0.009661835748792313
2022-11-02,104000,107000,102000,103500,220421,-0.009569377990430672
2022-11-03,101500,108500,101000,107000,300682,0.033816425120772875
2022-11-04,106500,109000,105500,107000,183441,0.0
2022-11-07,106000,106500,103500,105500,154470,-0.014018691588784993
2022-11-08,106000,107000,102000,106000,180915,0.004739336492890933
2022-11-09,106500,107000,105000,106500,150982,0.004716981132075526
2022-11-10,104500,109500,102500,106000,453604,-0.0046948356807511304
2022-11-11,110000,111500,107000,111000,462760,0.04716981132075482
2022-11-14,114000,117500,113000,114500,435080,0.03153153153153143
2022-11-15,114500,115500,113000,115500,193702,0.008733624454148492
2022-11-16,115500,115500,111500,112500,226225,-0.025974025974025983
2022-11-17,112000,113000,111000,112000,125935,-0.004444444444444473
2022-11-18,112000,113000,108000,108500,253905,-0.03125
2022-11-21,109000,109500,104500,106500,183283,-0.018433179723502335
2022-11-22,105500,106500,101500,102000,326613,-0.04225352112676062
2022-11-23,103000,107500,102000,105500,286994,0.03431372549019618
2022-11-24,106500,110500,106000,110000,149055,0.042654028436019065
2022-11-25,109500,112500,108500,110500,148031,0.00454545454545463
2022-11-28,110000,111500,108000,109000,114618,-0.013574660633484115
2022-11-29,109000,111500,107000,109500,130574,0.004587155963302836
2022-11-30,108500,113000,108000,112000,175407,0.022831050228310446
2022-12-01,113500,114500,111500,113500,162816,0.013392857142857206
2022-12-02,113500,113500,110000,111000,145125,-0.022026431718061623
2022-12-05,111000,112500,109500,112000,120813,0.009009009009008917
2022-12-06,110500,111500,106500,107000,204457,-0.044642857142857095
2022-12-07,106000,108000,106000,107000,160265,0.0
2022-12-08,107500,108000,103500,105500,218054,-0.014018691588784993
2022-12-09,105000,105500,97900,98100,477073,-0.07014218009478668
2022-12-12,98200,101000,97000,100500,260524,0.024464831804281273
2022-12-13,100500,101500,99300,101500,153078,0.00995024875621886
2022-12-14,101500,104500,100500,104000,106930,0.024630541871921263
2022-12-15,102500,104500,100000,102000,175249,-0.019230769230769273
2022-12-16,100000,102000,99700,101500,115883,-0.004901960784313708
2022-12-19,100500,101500,99200,99900,176036,-0.015763546798029604
2022-12-20,100000,100500,95900,96300,217186,-0.036036036036036
2022-12-21,97200,97600,93500,93700,192063,-0.02699896157840087
2022-12-22,94200,97000,93800,96400,136961,0.028815368196371427
2022-12-23,94900,95900,92200,92400,146808,-0.04149377593360992
2022-12-26,92400,93200,91400,92800,119402,0.0043290043290042934
2022-12-27,93700,94300,92300,92900,109614,0.0010775862068965747
2022-12-28,91500,91600,88800,89400,181192,-0.03767491926803013
2022-12-29,88500,90200,87800,88500,116511,-0.010067114093959773
2023-01-02,89800,91200,87400,88100,100660,-0.004519774011299438
2023-01-03,88100,88400,85900,87900,257299,-0.002270147559591429
2023-01-04,86300,88400,84800,88100,188074,0.0022753128555177415
2023-01-05,88900,89800,87100,88000,184038,-0.0011350737797957144
2023-01-06,88000,91900,87000,91100,139455,0.03522727272727266
2023-01-09,91800,94300,90600,94100,129592,0.03293084522502743
2023-01-10,93600,94800,92300,92700,142643,-0.014877789585547307
2023-01-11,93000,94900,92800,93500,147115,0.008629989212513456
2023-01-12,94300,94300,91800,93000,246842,-0.005347593582887722
2023-01-13,93900,95400,93200,93800,172413,0.008602150537634357
2023-01-16,94100,95400,93000,94700,109709,0.009594882729211163
2023-01-17,95200,95300,93900,94200,87722,-0.0052798310454065245
2023-01-18,95300,95300,92700,94500,80886,0.0031847133757962887
2023-01-19,93100,93600,92200,92300,98417,-0.023280423280423235
2023-01-20,92000,93300,91800,93100,81766,0.008667388949079147
2023-01-25,93500,95500,93300,95500,117002,0.025778732545649774
2023-01-26,95600,98900,94100,98400,196473,0.030366492146596924
2023-01-27,99200,99300,96800,97900,210326,-0.005081300813008172
2023-01-30,97800,98200,95000,95100,221133,-0.02860061287027582
2023-01-31,94800,96900,93500,95200,190207,0.001051524710830698
2023-02-01,95300,97500,95300,97400,152090,0.02310924369747891
2023-02-02,98800,100400,98100,98700,190765,0.013347022587268942
2023-02-03,99000,99400,97200,98200,116128,-0.005065856129685908
2023-02-06,97200,99200,96100,96200,146110,-0.020366598778004064
2023-02-07,95100,101200,93400,100100,410816,0.04054054054054057
2023-02-08,100800,101000,95700,95800,428511,-0.042957042957042946
2023-02-09,95800,97000,94800,96100,212405,0.0031315240083507057
2023-02-10,95600,95700,92000,93100,299799,-0.031217481789802326
2023-02-13,92700,93300,90900,91800,189457,-0.013963480128893702
2023-02-14,92300,93200,91600,92600,154766,0.008714596949890963
2023-02-15,92800,93500,89400,89700,295097,-0.03131749460043198
2023-02-16,90200,92200,90000,92000,258709,0.02564102564102555
2023-02-17,90600,91100,89300,90900,268808,-0.011956521739130421
2023-02-20,94300,99700,93500,97300,844650,0.07040704070407044
2023-02-21,96600,102300,95500,100700,552430,0.0349434737923946
2023-02-22,97800,98000,94300,94400,556966,-0.06256206554121146
2023-02-23,94700,95400,92800,94100,210258,-0.0031779661016949623
2023-02-24,94900,94900,92200,93200,227020,-0.009564293304994642
2023-02-27,92100,92800,90200,91500,176528,-0.018240343347639465
2023-02-28,92000,100000,92000,98000,596975,0.0710382513661203
2023-03-02,98000,104400,96500,103000,611718,0.05102040816326525
2023-03-03,104200,112700,104200,112300,843665,0.09029126213592242
2023-03-06,114100,114900,109200,110300,613865,-0.0178094390026714
2023-03-07,110300,116400,106100,114900,896781,0.04170444242973703
2023-03-08,112400,113500,108200,108600,508762,-0.05483028720626637
2023-03-09,109500,109900,104500,104800,389528,-0.03499079189686927
2023-03-10,102100,105800,101900,103500,259019,-0.012404580152671763
2023-03-13,103500,107500,102100,107400,285056,0.037681159420289934
2023-03-14,105500,105500,101200,103400,315114,-0.03724394785847296
2023-03-15,105400,107400,102100,103000,253760,-0.003868471953578312
2023-03-16,101500,103100,100000,101100,235831,-0.01844660194174752
2023-03-17,103200,104000,99000,99800,296532,-0.01285855588526208
2023-03-20,100000,102500,98200,100100,166001,0.0030060120240480437
2023-03-21,100600,103100,99000,102500,203194,0.023976023976024052
2023-03-22,103900,109000,102300,108100,427861,0.05463414634146346
2023-03-23,106800,108300,104000,105800,427282,-0.021276595744680882
2023-03-24,106000,106900,101200,102400,294755,-0.032136105860113395
2023-03-27,103200,107200,103100,104300,281298,0.0185546875
2023-03-28,105600,106100,103800,105300,161544,0.009587727708533
2023-03-29,105300,109300,103200,108000,295156,0.02564102564102555
2023-03-30,110000,111600,107000,109100,477280,0.010185185185185075
2023-03-31,113000,121000,112200,114300,1225597,0.04766269477543528
2023-04-03,117000,117400,109200,109300,657274,-0.04374453193350836
2023-04-04,110000,122200,110000,113000,1231368,0.03385178408051237
2023-04-05,120500,122300,114400,116300,1586278,0.02920353982300883
2023-04-06,114500,114700,109500,111400,682763,-0.042132416165090336
2023-04-07,111800,114100,110200,113500,444609,0.018850987432674993
2023-04-10,114500,116200,111100,112000,546791,-0.013215859030836996
2023-04-11,113500,115700,108200,110800,572456,-0.010714285714285676
2023-04-12,110800,110900,104800,105800,634127,-0.045126353790613694
2023-04-13,104100,109200,103100,108600,461608,0.026465028355387554
2023-04-14,108200,109900,107600,109800,265339,0.011049723756906049
2023-04-17,110300,110500,107500,109400,258391,-0.0036429872495445936
2023-04-18,109500,110400,107100,108000,287710,-0.012797074954296161
2023-04-19,107900,110800,107000,108900,270015,0.008333333333333304
2023-04-20,108700,109600,106200,107100,218050,-0.016528925619834656
2023-04-21,106800,108400,105600,106900,205660,-0.0018674136321195078
2023-04-24,106800,107900,104500,105000,186288,-0.017773620205799867
2023-04-25,104800,105300,100600,101700,315375,-0.03142857142857147
2023-04-26,101000,101500,99100,99700,314808,-0.019665683382497523
2023-04-27,98500,100500,97800,99600,264929,-0.0010030090270812808
2023-04-28,100500,100900,98600,99400,264416,-0.002008032128514081
2023-05-02,99700,101100,98500,99600,172476,0.002012072434607548
2023-05-03,98900,99900,97300,97800,172235,-0.01807228915662651
2023-05-04,97900,98700,95400,98200,203439,0.004089979550102152
2023-05-08,99100,100400,98500,100100,212145,0.019348268839103788
2023-05-09,100400,100800,97900,99500,213515,-0.005994005994006013
2023-05-10,98900,100000,97000,97400,178104,-0.021105527638190957
2023-05-11,97900,98300,94600,95100,208799,-0.02361396303901442
2023-05-12,94200,95200,93800,93800,166789,-0.013669821240799185
2023-05-15,92700,93500,91200,92300,172992,-0.015991471215351827
2023-05-16,92700,93500,91600,92000,137472,-0.00325027085590468
2023-05-17,91700,93900,91300,93800,114743,0.019565217391304346
2023-05-18,94100,94200,91700,93200,177292,-0.006396588486140775
2023-05-19,93400,93900,92200,93500,192667,0.0032188841201716833
2023-05-22,95100,96800,94200,96100,238159,0.027807486631016065
2023-05-23,96300,97500,95700,96100,186246,0.0
2023-05-24,95300,96800,95200,96400,118991,0.003121748178980255
2023-05-25,96400,97400,95600,95900,99044,-0.005186721991701226
2023-05-26,95500,96200,94300,94500,104820,-0.014598540145985384
2023-05-30,94500,95700,93500,95700,179525,0.012698412698412653
2023-05-31,95600,96700,94700,94900,358372,-0.008359456635318674
2023-06-01,94700,95800,94000,94500,154302,-0.004214963119072657
2023-06-02,94900,103500,94900,102600,563063,0.08571428571428563
2023-06-05,103500,105000,101000,104600,310283,0.01949317738791434
2023-06-07,103800,108600,103700,107900,440558,0.031548757170172026
2023-06-08,107800,110500,106400,108200,357374,0.002780352177942591
2023-06-09,108800,110600,108800,110300,254532,0.019408502772643166
2023-06-12,110200,110800,108700,109300,213982,-0.00906618313689933
2023-06-13,110800,111500,109000,110000,219343,0.006404391582799596
2023-06-14,111000,111000,106600,107400,246122,-0.023636363636363678
2023-06-15,107200,109600,106000,107300,217523,-0.0009310986964617962
2023-06-16,107600,108500,106100,107400,159731,0.0009319664492077884
2023-06-19,107100,107700,104400,106100,160063,-0.012104283054003684
2023-06-20,105900,106100,103200,104600,156627,-0.01413760603204528
2023-06-21,106100,107600,105000,106200,143835,0.015296367112810794
2023-06-22,105000,107300,102800,106600,163241,0.0037664783427495685
2023-06-23,107900,109700,106200,107600,161817,0.009380863039399667
2023-06-26,107500,107500,102100,102600,262637,-0.04646840148698883
2023-06-27,102300,103600,101500,102100,147378,-0.004873294346978585
2023-06-28,102500,103000,98000,98000,223699,-0.04015670910871694
2023-06-29,98000,98400,96300,96300,176928,-0.01734693877551019
2023-06-30,96300,98500,95500,97600,132185,0.01349948078920038
2023-07-03,97600,100200,97600,99900,140112,0.023565573770491843
2023-07-04,99900,102300,98500,100600,217717,0.00700700700700696
2023-07-05,101000,108600,101000,106600,420775,0.05964214711729632
2023-07-06,107700,107800,102900,103200,242137,-0.031894934333958735
2023-07-07,102800,106000,102700,104300,215528,0.01065891472868219
2023-07-10,106000,107100,98200,100100,322846,-0.04026845637583898
2023-07-11,101400,105400,101300,103800,193048,0.03696303696303693
2023-07-12,104200,104700,100700,101100,168216,-0.026011560693641633
2023-07-13,101800,103500,100000,100000,298180,-0.010880316518298683
2023-07-14,101400,102200,99200,100400,269848,0.0040000000000000036
2023-07-17,99800,100500,98000,99700,140803,-0.006972111553784854
2023-07-18,99500,100200,97100,100000,334697,0.0030090270812437314
2023-07-19,100000,100000,95900,96300,388514,-0.03700000000000003
2023-07-20,96300,100300,95200,97900,270333,0.01661474558670828
2023-07-21,96500,97800,96000,96800,145573,-0.011235955056179803
2023-07-24,96800,99800,94300,99000,305950,0.022727272727272707
2023-07-25,101000,101800,96100,97300,374078,-0.01717171717171717
2023-07-26,97800,111000,97600,103000,1822591,0.058581706063720373
2023-07-27,104900,105900,94500,95300,736795,-0.074757281553398
2023-07-28,94600,95600,92800,94800,327444,-0.005246589716684125
2023-07-31,95800,101300,95600,99200,409516,0.04641350210970474
2023-08-01,101600,108000,101100,103000,590891,0.03830645161290325
2023-08-02,101000,102300,98700,99600,282431,-0.03300970873786413
2023-08-03,100200,100800,97600,99800,206553,0.002008032128514081
2023-08-04,99800,100800,97600,98800,188588,-0.01002004008016033
2023-08-07,98300,99800,95700,96000,226633,-0.028340080971659964
2023-08-08,98400,100600,95300,95600,328023,-0.004166666666666652
2023-08-09,95600,98600,94400,97800,271155,0.023012552301255207
2023-08-10,96100,98000,95800,97000,226760,-0.008179959100204526
2023-08-11,99500,105500,99400,103700,783294,0.06907216494845358
2023-08-14,103700,103800,96800,97700,437289,-0.057859209257473454
2023-08-16,97500,98000,95300,95300,248734,-0.02456499488229269
2023-08-17,95000,95800,91900,93800,254331,-0.015739769150052485
2023-08-18,92600,92900,90000,90700,281878,-0.03304904051172708
2023-08-21,90800,92200,90100,90800,160569,0.0011025358324145973
2023-08-22,91500,92600,90400,91000,175117,0.0022026431718060735
2023-08-23,90400,90700,88100,88400,215427,-0.02857142857142858
2023-08-24,89200,90100,88300,89600,155739,0.013574660633484115
2023-08-25,88100,89200,88000,88900,161674,-0.0078125
2023-08-28,89300,91000,88400,91000,125332,0.023622047244094446
2023-08-29,91500,92200,90600,91600,103409,0.00659340659340657
2023-08-30,92300,92600,91000,91400,156339,-0.0021834061135370675
2023-08-31,91700,92100,89800,91500,339628,0.001094091903719896
2023-09-01,91600,91600,88900,89500,193152,-0.021857923497267784
2023-09-04,88200,90800,88200,90500,176612,0.011173184357541999
2023-09-05,90500,92000,90100,91700,141757,0.013259668508287303
2023-09-06,93100,94900,91400,91800,293605,0.0010905125408942062
2023-09-07,91200,92300,88700,88900,175882,-0.031590413943355156
2023-09-08,88700,88800,83400,84100,571159,-0.05399325084364459
2023-09-11,83900,84000,82400,82800,184808,-0.015457788347205681
2023-09-12,83400,84400,82100,82800,162664,0.0
2023-09-13,82200,82400,78000,78400,432138,-0.0531400966183575
2023-09-14,79100,81500,78800,81500,309837,0.039540816326530503
2023-09-15,81600,82600,80300,81300,202090,-0.0024539877300613355
2023-09-18,81000,83200,80600,82000,179827,0.008610086100861114
2023-09-19,83900,84000,81300,81300,150818,-0.008536585365853666
2023-09-20,81400,81900,80400,81600,84317,0.0036900369003689537
2023-09-21,80700,81300,78600,78900,150832,-0.03308823529411764
2023-09-22,78200,79100,77600,78100,108794,-0.010139416983523497
2023-09-25,78000,78800,76700,77100,104463,-0.012804097311139517
2023-09-26,77100,77900,74700,75100,197836,-0.025940337224383936
2023-09-27,73800,76100,73700,75900,186393,0.010652463382157196
2023-10-04,74900,75000,69200,70100,308315,-0.07641633728590247
2023-10-05,71300,73300,70300,71500,162339,0.0199714693295292
2023-10-06,70200,72600,70200,71900,95149,0.005594405594405494
2023-10-10,73200,73900,70500,70800,138960,-0.015299026425591111
2023-10-11,71100,73100,71100,72500,187164,0.024011299435028333
2023-10-12,73200,75900,72700,75600,237927,0.04275862068965508
2023-10-13,75600,77000,74500,76500,166094,0.011904761904761862
2023-10-16,74900,75400,72300,73200,186325,-0.04313725490196074
2023-10-17,73500,78200,73500,75600,223126,0.032786885245901676
2023-10-18,75300,75900,73200,73700,190613,-0.025132275132275117
2023-10-19,71800,74100,71200,71700,249392,-0.027137042062415184
2023-10-20,71000,72000,68300,68600,263915,-0.04323570432357038
2023-10-23,68600,69900,68000,68500,180440,-0.001457725947521915
2023-10-24,72300,75300,69200,74000,685496,0.08029197080291972
2023-10-25,74600,74700,70700,71600,261299,-0.032432432432432434
2023-10-26,71400,73500,70000,70500,401408,-0.015363128491620137
2023-10-27,71900,75000,71300,73000,293945,0.03546099290780136
2023-10-30,72500,77000,72500,74900,311807,0.026027397260274032
2023-10-31,75700,78800,70400,78700,891305,0.05073431241655535
2023-11-01,78800,78900,72300,75900,895751,-0.03557814485387545
2023-11-02,77500,84000,77400,83300,892745,0.0974967061923584
2023-11-03,84500,87200,83200,83900,600959,0.007202881152460927
2023-11-06,93000,96400,90500,95200,1600024,0.13468414779499405
2023-11-07,94200,94400,87600,90200,692070,-0.05252100840336138
2023-11-08,90200,92000,86700,87200,329446,-0.03325942350332589
2023-11-09,87900,88000,84000,86300,329674,-0.010321100917431214
2023-11-10,84100,86100,83600,84300,172174,-0.023174971031286185
2023-11-13,86500,88600,85400,86100,344155,0.021352313167259718
2023-11-14,87300,91700,86500,90700,311415,0.05342624854819977
2023-11-15,94600,95900,92700,94200,430093,0.03858875413450935
2023-11-16,94200,95800,93600,94500,219887,0.0031847133757962887
2023-11-17,93500,98900,93200,98400,489125,0.041269841269841345
2023-11-20,97300,100000,96100,97500,284514,-0.009146341463414642
2023-11-21,98600,102900,98500,102800,486149,0.0543589743589743
2023-11-22,101000,102700,100200,101900,224098,-0.008754863813229541
2023-11-23,101900,102200,97500,97800,325445,-0.04023552502453387
2023-11-24,96900,98300,96400,97000,190326,-0.008179959100204526
2023-11-27,97300,97800,96000,97000,159766,0.0
2023-11-28,96500,98200,96400,97500,146867,0.005154639175257714
2023-11-29,97500,97500,93300,95600,312975,-0.019487179487179485
2023-11-30,95200,98000,94100,97000,324511,0.014644351464435212
2023-12-01,96300,98800,94700,95200,229808,-0.01855670103092788
2023-12-04,96800,98300,94500,94800,304808,-0.004201680672268893
2023-12-05,94700,96200,93000,93400,177175,-0.014767932489451518
2023-12-06,93400,93700,91500,91600,166562,-0.01927194860813708
2023-12-07,91500,93000,89000,90300,216287,-0.014192139737991272
2023-12-08,90800,92400,90700,92300,139196,0.02214839424141757
2023-12-11,93000,93400,91100,92000,92111,-0.00325027085590468
2023-12-12,91500,92400,90000,91100,143919,-0.009782608695652173
2023-12-13,90200,91000,88600,89000,171088,-0.023051591657519244
2023-12-14,90000,91800,89800,90500,254216,0.016853932584269593
2023-12-15,91800,92600,90400,91000,265292,0.005524861878453136
2023-12-18,91800,93800,91400,93000,194875,0.0219780219780219
2023-12-19,92600,92600,90700,91000,140506,-0.021505376344086002
2023-12-20,91300,91900,90600,91900,129414,0.009890109890109855
2023-12-21,90800,92300,90400,90400,121751,-0.016322089227421066
2023-12-22,91400,91400,89600,90200,91662,-0.0022123893805309214
2023-12-26,90100,91000,86400,86900,203607,-0.03658536585365857
2023-12-27,87100,90200,87100,89600,124946,0.031070195627157737
2023-12-28,89400,90600,88800,90600,98169,0.01116071428571419
2024-01-02,89000,90600,88700,88800,143966,-0.019867549668874163
2024-01-03,88000,90600,86600,89100,181572,0.0033783783783782884
2024-01-04,88400,88900,86800,87500,125305,-0.017957351290684653
2024-01-05,87500,89900,86800,88000,108758,0.005714285714285783
2024-01-08,88000,89100,87100,88300,95418,0.003409090909090917
2024-01-09,88800,89100,87100,87500,115214,-0.009060022650056676
2024-01-10,87100,87500,84300,84800,207546,-0.030857142857142805
2024-01-11,84800,85900,83500,84500,234830,-0.003537735849056589
2024-01-12,84800,84900,82000,82600,151395,-0.022485207100591764
2024-01-15,82200,83500,80900,81600,152391,-0.01210653753026636
2024-01-16,80400,81600,79100,79400,224008,-0.026960784313725505
2024-01-17,81000,82900,78900,79500,293645,0.0012594458438286438
2024-01-18,79000,80400,77300,77600,237388,-0.023899371069182385
2024-01-19,77600,83400,76200,80100,378927,0.03221649484536093
2024-01-22,80100,80100,75800,75800,287380,-0.05368289637952561
2024-01-23,75400,80000,75400,77000,256195,0.0158311345646438
2024-01-24,76800,78200,74900,75500,172323,-0.01948051948051943
2024-01-25,74600,75300,72900,74000,189938,-0.019867549668874163
2024-01-26,72700,75500,72000,74100,206813,0.0013513513513514486
2024-01-29,75800,79700,75300,77800,330658,0.04993252361673406
2024-01-30,80000,81500,77500,78100,239163,0.003856041131105492
2024-01-31,78500,80900,76200,76800,197191,-0.016645326504481472
2024-02-01,76100,77200,74400,76900,125496,0.0013020833333332593
2024-02-02,77500,79300,76200,77600,158404,0.00910273081924573
2024-02-05,79400,81500,77100,80000,258899,0.030927835051546282
2024-02-06,79000,84400,78300,81100,376559,0.013749999999999929
2024-02-07,82100,86300,80600,81200,287314,0.0012330456226881115
2024-02-08,82000,83200,80200,83200,204454,0.024630541871921263
2024-02-13,83000,83200,81000,82500,164157,-0.008413461538461564
2024-02-14,80500,83100,80400,81600,196080,-0.010909090909090868
2024-02-15,82300,83200,80900,82000,139952,0.004901960784313708
2024-02-16,82800,84600,81900,82800,168980,0.009756097560975618
2024-02-19,82800,85900,82000,85300,224366,0.030193236714975757
2024-02-20,86000,92700,84000,92600,563146,0.08558030480656509
2024-02-21,92500,95000,91000,92100,289818,-0.005399568034557212
2024-02-22,92500,94200,90700,91000,207590,-0.011943539630836053
2024-02-23,91000,91000,88000,88100,209280,-0.031868131868131866
2024-02-26,87900,88900,86500,87600,106945,-0.005675368898978461
2024-02-27,87500,89000,85200,85700,157367,-0.02168949771689499
2024-02-28,85100,86400,83300,84000,170371,-0.019836639439906656
2024-02-29,84000,84300,82700,82800,177716,-0.014285714285714235
2024-03-04,85500,89900,85400,87800,333041,0.06038647342995174
2024-03-05,92000,99500,90500,95800,1102041,0.09111617312072884
2024-03-06,94100,97800,91600,96300,391156,0.005219206680584509
2024-03-07,97200,97500,93800,96800,257523,0.005192107995846351
2024-03-08,97800,105400,97000,103700,817210,0.07128099173553726
2024-03-11,104500,109700,101000,106300,692892,0.025072324011571778
2024-03-12,107500,110000,105400,106600,356785,0.002822201317027373
2024-03-13,110200,115800,107100,108300,823329,0.015947467166979257
2024-03-14,109800,115000,109500,114700,781617,0.05909510618651903
2024-03-15,112600,115900,110700,114700,412218,0.0
2024-03-18,116200,121800,116200,121800,628902,0.0619006102877071
2024-03-19,124000,127300,120000,123800,678438,0.016420361247947435
2024-03-20,122300,122900,114800,115100,794041,-0.07027463651050081
2024-03-21,114600,118300,113300,116300,410467,0.010425716768027726
2024-03-22,115300,117500,113900,114800,246156,-0.012897678417884806
2024-03-25,115400,121500,115300,117700,343575,0.025261324041811806
2024-03-26,118300,119100,115700,117500,313128,-0.001699235344095107
2024-03-27,118500,120500,115800,116700,244511,-0.006808510638297904
2024-03-28,118500,121600,116600,119600,351156,0.024850042844901443
2024-03-29,119700,119900,109500,111200,655052,-0.07023411371237454
2024-04-01,111200,118000,110200,117900,362450,0.06025179856115104
2024-04-02,118900,119400,114000,115000,224935,-0.02459711620016969
2024-04-03,112100,115300,108500,112500,462404,-0.021739130434782594
2024-04-04,113000,133000,111600,130600,1978682,0.16088888888888886
2024-04-05,128900,144100,128000,138100,2382564,0.057427258805512915
2024-04-08,144700,147500,132800,145300,1873017,0.0521361332367849
2024-04-09,140900,149700,134900,135500,1290419,-0.0674466620784584
2024-04-11,133000,137700,131100,134800,623252,-0.005166051660516646
2024-04-12,135300,135500,127400,127700,954789,-0.05267062314540061
2024-04-15,124500,126300,120700,121200,804329,-0.050900548159749426
2024-04-16,120000,120500,113400,114900,757114,-0.051980198019802026
2024-04-17,115900,119400,112100,112300,660834,-0.022628372497824234
2024-04-18,112100,116500,110000,113700,606290,0.012466607301869992
2024-04-19,112400,112500,106300,109300,625700,-0.038698328935795945
2024-04-22,110400,111400,106500,109900,427933,0.0054894784995425105
2024-04-23,111000,112000,107500,107800,349831,-0.019108280254777066
2024-04-24,107300,114900,107300,113100,568260,0.04916512059369205
2024-04-25,111500,112800,108100,108400,286331,-0.04155614500442084
2024-04-26,108500,109800,105200,105600,325170,-0.02583025830258301
2024-04-29,106800,111900,106600,110700,366785,0.048295454545454586
2024-04-30,112200,114100,110300,110400,290071,-0.0027100271002710175
2024-05-02,111600,115700,111500,113900,378248,0.03170289855072461
2024-05-03,114700,117400,111100,113900,345575,0.0
2024-05-07,115100,117200,111400,115300,291125,0.012291483757682187
2024-05-08,115800,119400,115000,119200,312097,0.033824804856894986
2024-05-09,119600,119900,115000,117000,332090,-0.01845637583892612
2024-05-10,116400,117100,111200,111900,261719,-0.043589743589743546
2024-05-13,110900,111700,109000,110600,202752,-0.011617515638963405
2024-05-14,110600,111100,108300,109200,190751,-0.012658227848101222
2024-05-16,110100,112900,110100,110700,194738,0.013736263736263687
2024-05-17,110100,110100,101300,101300,630583,-0.08491418247515814
2024-05-20,102500,105000,102500,104200,254096,0.028627838104639647
2024-05-21,103900,104700,101800,103600,169679,-0.0057581573896353655
2024-05-22,106400,112900,106300,111100,468521,0.0723938223938223
2024-05-23,109200,117700,108100,117000,453210,0.05310531053105305
2024-05-24,125000,125500,117000,117100,1149003,0.0008547008547008517
2024-05-27,119100,138800,118900,135600,2434548,0.1579846285226303
2024-05-28,133700,143800,132800,139700,1144147,0.030235988200590036
2024-05-29,145200,153000,140000,141000,1897725,0.009305654974946398
2024-05-30,140900,142300,131700,138500,1060019,-0.01773049645390068
2024-05-31,135500,144300,132200,139200,754585,0.005054151624548808
2024-06-03,145900,151300,142500,145700,970297,0.04669540229885061
2024-06-04,143700,149500,141100,149500,503997,0.026080988332189525
2024-06-05,151000,152600,146200,148000,509448,-0.010033444816053505
2024-06-07,149900,156300,146200,149200,734425,0.008108108108108025
2024-06-10,150100,176300,150000,169700,2951605,0.13739946380697043
2024-06-11,169600,172800,162700,166300,901260,-0.02003535651149091
2024-06-12,166000,171500,162800,169600,603048,0.0198436560432953
2024-06-13,169500,184000,167000,183700,1252505,0.08313679245283012
2024-06-14,181600,199900,174900,195300,1869446,0.06314643440391943
2024-06-17,189500,196700,188000,188100,686495,-0.03686635944700456
2024-06-18,189100,200000,172900,182000,1381511,-0.03242955874534825
2024-06-19,179500,189100,175000,182500,772829,0.0027472527472527375
2024-06-20,185700,186500,175600,179000,504585,-0.019178082191780854
2024-06-21,177200,179500,170600,177000,652451,-0.011173184357541888
2024-06-24,176700,176800,164500,167700,742284,-0.05254237288135588
2024-06-25,165000,167500,163100,164000,430640,-0.022063208109719734
2024-06-26,169500,172500,158100,158800,864045,-0.03170731707317076
2024-06-27,157200,161000,155800,158000,438978,-0.005037783375314908
2024-06-28,158800,175900,158400,168600,1032694,0.06708860759493662
2024-07-01,169900,170700,161500,162300,486353,-0.03736654804270467
2024-07-02,162000,162500,155900,157000,420981,-0.03265557609365377
2024-07-03,156500,161700,155700,160000,361204,0.019108280254777066
2024-07-04,161400,168800,157500,166200,498872,0.03875000000000006
2024-07-05,164400,167500,160800,164100,354176,-0.012635379061371799
2024-07-08,171700,172600,161500,162000,555402,-0.012797074954296161
2024-07-09,164000,171700,163700,169000,666472,0.043209876543209846
2024-07-10,170600,179600,167000,176300,751593,0.04319526627218928
2024-07-11,178200,179200,166200,169200,731095,-0.040272263187748125
2024-07-12,165500,169700,160200,160200,505776,-0.05319148936170215
2024-07-15,160200,166600,154100,154500,590509,-0.035580524344569264
2024-07-16,152800,159200,150300,153800,646907,-0.0045307443365695255
2024-07-17,154800,158900,152100,154600,401503,0.005201560468140354
2024-07-18,149600,154500,147200,152900,343380,-0.01099611901681763
2024-07-19,152100,156600,151100,155500,223564,0.01700457815565737
2024-07-22,154700,155000,142200,146000,592723,-0.06109324758842438
2024-07-23,148000,150800,143500,145800,272391,-0.00136986301369868
2024-07-24,144000,147500,143200,143200,231891,-0.017832647462277085
2024-07-25,138600,142600,136400,140100,363046,-0.0216480446927374
2024-07-26,140100,141200,132100,133000,521723,-0.050678087080656686
2024-07-29,133000,137800,131300,137500,381315,0.03383458646616533
2024-07-30,136800,138900,135100,136100,176870,-0.01018181818181818
2024-07-31,134900,136900,132500,136300,197422,0.0014695077149156077
2024-08-01,140000,144400,137400,139600,241676,0.02421129860601612
2024-08-02,133800,136200,128100,129200,414117,-0.07449856733524352
2024-08-05,123100,125000,107600,114100,606740,-0.1168730650154799
2024-08-06,117500,124700,115700,123400,442672,0.08150744960560918
2024-08-07,120300,124500,120200,121000,217779,-0.01944894651539708
2024-08-08,118500,118800,112600,113700,391947,-0.06033057851239665
2024-08-09,118600,124200,118600,121500,244433,0.06860158311345654
2024-08-12,121800,124200,117500,118900,247273,-0.02139917695473248
2024-08-13,119900,122900,118400,120000,183093,0.00925147182506314
2024-08-14,123200,127300,121000,123900,262848,0.03249999999999997
2024-08-16,127500,132500,123900,124900,362239,0.008071025020177647
2024-08-19,126200,127000,120700,121500,173267,-0.027221777421937543
2024-08-20,123200,127200,121300,123800,266581,0.018930041152263266
2024-08-21,125600,126900,122300,124000,221863,0.001615508885298933
2024-08-22,125400,130500,124100,125300,332163,0.010483870967741948
2024-08-23,123500,127600,122100,125200,213419,-0.0007980845969672856
2024-08-26,128000,131000,126400,127100,233395,0.015175718849840258
2024-08-27,126100,128900,123200,128300,171376,0.009441384736428082
2024-08-28,128900,129700,124500,124500,162592,-0.029618082618862007
2024-08-29,121000,128200,120900,126800,166458,0.01847389558232937
2024-08-30,127600,130600,125500,128800,216175,0.01577287066246047
2024-09-02,131100,133200,126200,129200,338130,0.0031055900621117516
2024-09-03,131800,131900,125600,127400,224912,-0.01393188854489169
2024-09-04,120700,123400,118100,118700,343605,-0.06828885400313967
2024-09-05,119300,122300,116600,116900,203570,-0.015164279696714411
2024-09-06,116300,117200,108500,109100,363314,-0.06672369546621049
2024-09-09,105000,111800,104300,111000,269267,0.01741521539871682
2024-09-10,111900,113400,108200,109800,149400,-0.010810810810810811
2024-09-11,109800,126200,109800,122300,600027,0.11384335154826952
2024-09-12,124800,125500,121100,124700,360044,0.019623875715453876
2024-09-13,125600,125600,122300,123800,122586,-0.007217321571772239
2024-09-19,126600,129000,122500,126700,218306,0.02342487883683364
2024-09-20,128400,131100,127000,127200,229915,0.003946329913180779
2024-09-23,127800,132400,126700,130700,169127,0.027515723270440162
2024-09-24,130500,133000,129100,131800,209228,0.00841622035195111
2024-09-25,133100,135600,130900,132300,266940,0.003793626707132125
2024-09-26,133800,146900,132900,146900,523965,0.11035525321239614
2024-09-27,145900,152000,144500,151500,417608,0.03131381892443841
2024-09-30,149500,151300,143200,143200,323578,-0.05478547854785476
2024-10-02,142600,150700,141000,147000,276750,0.026536312849162025
2024-10-04,149300,150700,143600,147600,189020,0.004081632653061273
2024-10-07,148600,150600,146600,150100,223505,0.01693766937669383
2024-10-08,149000,155800,146200,153800,323084,0.02465023317788151
2024-10-10,154800,157600,150900,154800,344112,0.006501950585175553
2024-10-11,154200,166000,153000,160900,489795,0.039405684754521886
2024-10-14,164900,171400,160200,160200,620942,-0.004350528278433852
2024-10-15,159300,162900,148300,152900,609239,-0.04556803995006242
2024-10-16,154500,156000,148800,152200,365454,-0.00457815565729236
2024-10-17,151000,154600,149200,149600,203020,-0.01708278580814715
2024-10-18,147400,152100,144500,145900,257617,-0.02473262032085566
2024-10-21,146600,151100,144500,148000,198973,0.014393420150788261
2024-10-22,148900,149300,140200,143000,280490,-0.03378378378378377
2024-10-23,142900,146400,139100,144800,224510,0.012587412587412583
2024-10-24,144700,144800,140500,141600,155036,-0.02209944751381221
2024-10-25,143200,145000,139600,140000,146908,-0.011299435028248594
2024-10-28,139200,154300,138800,153800,342645,0.09857142857142853
2024-10-29,152500,156000,150800,153300,187372,-0.0032509752925877766
2024-10-30,152700,153400,144500,144700,215456,-0.056099151989562945
2024-10-31,143000,152900,141700,151700,277606,0.048375950241879684
2024-11-01,148700,149400,141100,142100,313495,-0.06328279499011202
2024-11-04,142800,145400,140500,143900,242511,0.012667135819845132
2024-11-05,144000,144100,138200,139000,249791,-0.03405142460041699
2024-11-06,139500,140700,125600,127400,631737,-0.08345323741007193
2024-11-07,127400,130800,121500,127900,290142,0.00392464678178972
2024-11-08,129100,131500,126900,127100,184084,-0.006254886630179812
2024-11-11,123700,126700,120200,121600,265375,-0.04327301337529499
2024-11-12,120400,122800,117000,117400,326006,-0.03453947368421051
2024-11-13,116000,116500,110500,110700,363666,-0.05706984667802384
2024-11-14,111300,112000,101900,102300,488167,-0.07588075880758804
2024-11-15,97900,105700,93400,103100,524175,0.00782013685239491
2024-11-18,103200,107300,101200,105400,240201,0.022308438409311293
2024-11-19,105100,106400,102300,105000,186243,-0.003795066413662229
2024-11-20,105000,107700,103000,105000,169740,0.0
2024-11-21,105100,107200,103800,105100,163565,0.0009523809523810378
2024-11-22,114000,119300,110600,113800,804175,0.08277830637488104
2024-11-25,112800,116600,111500,112600,353104,-0.010544815465729385
2024-11-26,112200,114300,106000,106500,314541,-0.05417406749555953
2024-11-27,104100,106000,102000,103300,311370,-0.030046948356807546
2024-11-28,103300,104300,101800,103900,189623,0.0058083252662148865
2024-11-29,103100,103300,97700,98900,378840,-0.04812319538017329
2024-12-02,99900,101900,97400,98300,201647,-0.006066734074823055
2024-12-03,98300,103500,98300,103100,232204,0.04883011190233977
2024-12-04,100700,103300,98000,100400,258069,-0.026188166828322035
2024-12-05,101000,101600,98000,98100,176195,-0.02290836653386452
2024-12-06,101500,103600,94100,97500,364472,-0.006116207951070374
2024-12-09,93200,95200,90300,90400,366026,-0.07282051282051283
2024-12-10,91200,100100,91100,98100,293105,0.08517699115044253
2024-12-11,99800,99800,96400,99000,189723,0.00917431192660545
2024-12-12,100200,107300,98400,105100,465412,0.06161616161616168
2024-12-13,103400,105600,99600,100300,326946,-0.04567078972407235
2024-12-16,105800,115700,105300,110600,889445,0.1026919242273181
2024-12-17,113000,113800,104700,108700,653194,-0.01717902350813738
2024-12-18,110100,118600,110100,115400,760327,0.06163753449861997
2024-12-19,111800,114400,109200,109600,397441,-0.05025996533795496
2024-12-20,110800,112300,105400,105500,302050,-0.03740875912408759
2024-12-23,107400,111600,104000,109900,304101,0.041706161137440745
2024-12-24,111600,111900,104500,104700,298873,-0.047315741583257465
2024-12-26,106100,112800,104100,109800,477089,0.04871060171919761
2024-12-27,108900,110800,105000,106900,267986,-0.026411657559198498
2024-12-30,106100,107700,104000,105100,303283,-0.016838166510757757
2025-01-02,105800,111000,104200,109700,286715,0.04376784015223589
2025-01-03,109800,119100,108500,117000,451116,0.06654512306289884
2025-01-06,117000,119400,115600,117900,296951,0.007692307692307665
2025-01-07,124900,127000,120000,120300,600044,0.020356234096692072
2025-01-08,119000,139000,118100,135400,1459579,0.12551953449709052
2025-01-09,144000,166600,143400,161600,4402299,0.1935007385524372
2025-01-10,167100,167100,156200,156800,1632040,-0.02970297029702973
2025-01-13,155100,159000,150600,150800,818761,-0.03826530612244894
2025-01-14,158000,163800,154500,158100,1890089,0.04840848806366038
2025-01-15,156100,165600,156000,158400,1230390,0.00189753320683117
2025-01-16,165100,166000,158300,159500,958894,0.00694444444444442
2025-01-17,158300,174800,156900,174500,2329863,0.09404388714733547
2025-01-20,173300,181000,168800,170400,1079353,-0.0234957020057307
2025-01-21,171500,175800,167400,170500,910526,0.0005868544600939885
2025-01-22,174000,177500,169800,171400,686773,0.005278592375366653
2025-01-23,170200,171900,161900,162200,841097,-0.0536756126021003
2025-01-24,161300,166200,160500,162700,435978,0.0030826140567201676
2025-01-31,150600,159000,150000,156900,643385,-0.0356484326982176
2025-02-03,152100,153700,141400,143500,883969,-0.0854047163798598
2025-02-04,146100,149300,139000,139600,722948,-0.027177700348432032
2025-02-05,140500,148500,140300,145200,783896,0.04011461318051568
2025-02-06,148400,154600,143800,154600,806257,0.06473829201101933
2025-02-07,159300,164600,156300,157200,1159977,0.01681759379042691
2025-02-10,154500,162300,151800,156500,604232,-0.004452926208651453
2025-02-11,158900,164300,152500,153700,653541,-0.017891373801916965
2025-02-12,150400,160800,150400,158300,607354,0.029928432010409844
2025-02-13,160000,163300,152600,162100,734459,0.024005053695514755
2025-02-14,160100,162500,155800,156100,424071,-0.03701418877236273
2025-02-17,157600,158600,154000,154200,456429,-0.0121716848174247
2025-02-18,154600,154700,148400,149000,576841,-0.03372243839169908
2025-02-19,149600,153700,148600,152100,595782,0.020805369127516737
2025-02-20,151900,151900,140800,141000,737679,-0.07297830374753456
2025-02-21,141100,146900,141000,146300,431035,0.0375886524822695
2025-02-24,142600,143200,139000,142200,384258,-0.028024606971975397
2025-02-25,141200,145100,140200,140300,307219,-0.013361462728551321
2025-02-26,139300,140100,137100,138900,325861,-0.009978617248752708
2025-02-27,139900,139900,133900,134200,395359,-0.03383729301655869
2025-02-28,131300,135200,129700,130000,480918,-0.03129657228017879
2025-03-04,126100,127900,123700,125700,365380,-0.033076923076923115
2025-03-05,126400,128700,123900,127000,351452,0.010342084327764622
2025-03-06,128400,129100,120400,124300,532314,-0.021259842519685046
2025-03-07,123000,126400,120900,121900,342898,-0.0193081255028158
2025-03-10,120700,126400,119700,123900,363349,0.016406890894175463
2025-03-11,118700,127200,118300,125800,473756,0.015334947538337307
2025-03-12,127100,127400,124900,126300,281912,0.003974562798092274
2025-03-13,127500,137300,127300,130500,921802,0.03325415676959631
2025-03-14,130000,137800,129000,136500,459621,0.04597701149425282
2025-03-17,138100,139000,132700,133900,387532,-0.01904761904761909
2025-03-18,135300,136100,128400,129200,353557,-0.03510082150858851
2025-03-19,128000,131200,126100,126200,301639,-0.023219814241486114
2025-03-20,127300,128100,120800,122300,440315,-0.030903328050713164
2025-03-21,122300,123000,120200,121100,261786,-0.009811937857726938
2025-03-24,120900,121400,119200,119200,156613,-0.01568951279933939
2025-03-25,120800,121300,116300,116600,169517,-0.021812080536912748
2025-03-26,117600,120000,116500,119500,202044,0.02487135506003435
2025-03-27,117300,118200,113300,113700,206642,-0.04853556485355648
2025-03-28,114300,114700,109500,110000,198168,-0.03254177660510116
2025-03-31,106200,107300,101500,102900,443219,-0.06454545454545457
2025-04-01,103900,107900,103900,107400,204835,0.0437317784256559
2025-04-02,107900,108000,100500,101600,294966,-0.054003724394785846
2025-04-03,97000,101700,96600,101000,219249,-0.0059055118110236116
2025-04-04,99500,105500,98400,102500,321148,0.014851485148514865
2025-04-07,97500,97700,90700,90800,387956,-0.11414634146341462
2025-04-08,94200,95500,90900,91900,223872,0.012114537444933848
2025-04-09,90100,92000,86200,88700,276240,-0.03482045701849834
2025-04-10,96100,97300,93200,97100,373503,0.09470124013528758
2025-04-11,94200,100700,93600,100700,201848,0.037075180226570525
2025-04-14,102100,103100,99100,101400,214530,0.006951340615690249
2025-04-15,101400,101800,99800,101100,111683,-0.00295857988165682
2025-04-16,99900,100300,95000,96300,199316,-0.047477744807121636
2025-04-17,96300,98400,96100,97900,111359,0.01661474558670828
2025-04-18,98000,98600,96900,98300,86438,0.004085801838610736
2025-04-21,97800,100400,97200,97800,108378,-0.0050864699898270915
2025-04-22,95000,97500,93800,94500,201758,-0.033742331288343586
2025-04-23,96400,102000,96200,101900,285527,0.07830687830687832
2025-04-24,104000,104400,100000,102600,226546,0.006869479882237517
2025-04-25,104600,106650,103200,104400,222232,0.01754385964912286
2025-04-28,103900,106100,102100,102800,131546,-0.01532567049808431
2025-04-29,102100,103000,101000,102200,171688,-0.005836575875486361
2025-04-30,102100,102900,99900,102100,143814,-0.0009784735812132794
2025-05-02,101100,102500,100400,101600,121809,-0.004897159647404559
2025-05-07,101700,102700,100000,100300,128622,-0.012795275590551158
2025-05-08,101400,104700,101300,101300,188784,0.009970089730807485
2025-05-09,102000,102000,96000,96400,266110,-0.04837117472852914
2025-05-12,97400,99700,96800,99300,121531,0.030082987551867113
2025-05-13,101700,102700,98900,100000,138584,0.007049345417925457
2025-05-14,101600,108500,101200,105800,455032,0.05800000000000005
2025-05-15,106400,107000,100200,101000,217959,-0.04536862003780717
2025-05-16,101700,102500,98100,98700,149314,-0.022772277227722793
2025-05-19,97600,98000,95500,96600,163482,-0.021276595744680882
2025-05-20,97700,98000,90100,92400,301188,-0.04347826086956519
2025-05-21,92700,94200,92100,93400,170300,0.010822510822510845
2025-05-22,91500,92200,88400,89500,255429,-0.04175588865096358
2025-05-23,90000,90100,85900,86000,257731,-0.03910614525139666
2025-05-26,87000,94400,87000,92900,361774,0.08023255813953489
2025-05-27,93400,93400,89600,90400,199086,-0.026910656620021567
2025-05-28,91800,92200,89100,91900,278890,0.0165929203539823
2025-05-29,94300,94400,90700,92200,222962,0.0032644178454841466
2025-05-30,91200,91400,88300,89100,343794,-0.033622559652928374
2025-06-02,90000,90700,87700,88400,151714,-0.007856341189674487
2025-06-04,90000,91400,89500,90300,186386,0.02149321266968318
2025-06-05,91900,97500,91200,95400,437104,0.056478405315614655
2025-06-09,97300,97900,93400,94700,246280,-0.007337526205450695
2025-06-10,96200,96700,93500,94800,189455,0.001055966209081216
2025-06-11,95100,97300,95000,96300,241319,0.015822784810126667
2025-06-12,95600,96100,94400,94600,274123,-0.017653167185877505
2025-06-13,95000,95000,91000,91900,247328,-0.02854122621564481
2025-06-16,90900,91400,88900,90400,231285,-0.016322089227421066
2025-06-17,91000,107500,90400,104400,1927976,0.15486725663716805
2025-06-18,105600,105600,101600,103000,478563,-0.013409961685823757
2025-06-19,109300,114500,108000,110600,1279821,0.0737864077669903
2025-06-20,113100,113200,107300,111600,496667,0.009041591320072317
2025-06-23,108400,109900,105600,107000,424283,-0.04121863799283154
2025-06-24,110300,112300,106700,108300,392323,0.012149532710280297
2025-06-25,113200,114800,109000,110200,526977,0.01754385964912286
2025-06-26,110500,118800,109200,118800,954701,0.07803992740471877
2025-06-27,116500,117300,111000,112400,484271,-0.05387205387205385
2025-06-30,111700,113600,109400,110200,247288,-0.019572953736654797
2025-07-01,112000,112300,104000,104500,553817,-0.051724137931034475
2025-07-02,104800,106300,104000,106300,216132,0.017224880382775032
2025-07-03,106700,109400,105800,108700,269982,0.022577610536218318
2025-07-04,114300,115400,108500,109000,498241,0.002759889604415866
2025-07-07,107700,108400,105600,105700,174888,-0.03027522935779814
2025-07-08,104400,106200,102600,104100,262596,-0.015137180700094621
2025-07-09,104800,105300,101000,101400,292225,-0.025936599423631135
2025-07-10,102300,106000,101900,106000,239029,0.04536489151873768
2025-07-11,104600,105800,103200,103700,165802,-0.02169811320754722
