Date,Open,High,Low,Close,Volume,Change
2022-01-03,9140,9310,9110,9290,1120596,0.01641137855579866
2022-01-04,9310,9320,9060,9080,1303295,-0.0226049515608181
2022-01-05,9100,9100,8800,8830,1715152,-0.02753303964757714
2022-01-06,8470,8610,8120,8170,2915085,-0.07474518686296716
2022-01-07,8210,8520,8210,8370,1300686,0.02447980416156681
2022-01-10,8370,8450,8180,8370,855890,0.0
2022-01-11,8300,8410,8050,8130,1107194,-0.028673835125448077
2022-01-12,8250,8460,8250,8300,750440,0.02091020910209096
2022-01-13,8370,8520,8250,8270,872577,-0.0036144578313253017
2022-01-14,8150,8180,8050,8100,734227,-0.02055622732769047
2022-01-17,8020,8170,7960,8070,671024,-0.0037037037037036535
2022-01-18,8090,8280,7900,7970,929345,-0.012391573729863659
2022-01-19,7880,8200,7870,7960,1075017,-0.0012547051442910462
2022-01-20,7910,8380,7900,8380,1453744,0.05276381909547734
2022-01-21,8240,8250,7910,7990,1236516,-0.04653937947494036
2022-01-24,7810,7850,7390,7680,1916624,-0.038798498122653347
2022-01-25,7750,7790,7230,7320,1497398,-0.046875
2022-01-26,7320,7900,7320,7760,1846911,0.060109289617486406
2022-01-27,7730,7750,7300,7380,1322690,-0.0489690721649485
2022-01-28,7400,7520,7170,7430,1021114,0.006775067750677488
2022-02-03,7550,7900,7400,7790,1327707,0.048452220726783235
2022-02-04,7790,7980,7750,7960,777709,0.021822849807445532
2022-02-07,8600,8670,8050,8190,3855867,0.028894472361808976
2022-02-08,8440,8750,8230,8470,6788854,0.03418803418803429
2022-02-09,8530,8720,8420,8510,1970674,0.0047225501770955525
2022-02-10,8620,8620,8170,8180,1404085,-0.03877790834312578
2022-02-11,8110,8240,8040,8080,891224,-0.012224938875305624
2022-02-14,7840,7990,7770,7950,880315,-0.016089108910891103
2022-02-15,7910,8160,7840,7960,1237906,0.0012578616352201255
2022-02-16,9470,10100,9060,9120,34710240,0.14572864321608048
2022-02-17,9060,9390,8670,8820,9014259,-0.03289473684210531
2022-02-18,8700,9070,8690,8840,5099473,0.0022675736961450532
2022-02-21,8510,8810,8470,8750,2832717,-0.010180995475113086
2022-02-22,8510,8590,8240,8270,2852699,-0.05485714285714283
2022-02-23,8360,8530,8320,8350,1648165,0.0096735187424426
2022-02-24,8170,8300,7970,8020,1915173,-0.03952095808383238
2022-02-25,8300,8540,8240,8530,3432845,0.06359102244389025
2022-02-28,8390,8640,8320,8510,2040234,-0.0023446658851113966
2022-03-02,9110,9140,8700,8700,5545029,0.02232667450058745
2022-03-03,8720,8880,8690,8840,2289646,0.016091954022988464
2022-03-04,8710,8720,8440,8550,2287801,-0.03280542986425339
2022-03-07,8350,8450,8320,8350,815681,-0.023391812865497075
2022-03-08,8170,8400,8140,8160,1132472,-0.022754491017964118
2022-03-10,8580,8700,8420,8550,2965307,0.047794117647058876
2022-03-11,8570,8710,8490,8700,1644614,0.01754385964912286
2022-03-14,8640,8650,8370,8390,1260744,-0.03563218390804601
2022-03-15,8450,8500,8220,8220,855406,-0.020262216924910592
2022-03-16,8270,8540,8250,8500,1217840,0.03406326034063256
2022-03-17,8670,8780,8580,8740,2100406,0.028235294117647136
2022-03-18,8780,8860,8700,8770,1266367,0.003432494279176135
2022-03-21,8830,8930,8660,8700,1220561,-0.007981755986317007
2022-03-22,8710,9100,8700,9050,3780304,0.04022988505747116
2022-03-23,9140,9150,8870,8890,2202074,-0.0176795580110497
2022-03-24,8970,9160,8920,8980,3067123,0.01012373453318327
2022-03-25,9100,9460,9010,9210,4870291,0.025612472160356337
2022-03-28,9470,9510,9160,9160,3150091,-0.005428881650380024
2022-03-29,9350,9440,9030,9060,2670991,-0.01091703056768556
2022-03-30,9120,9200,8960,9090,1097712,0.0033112582781456013
2022-03-31,9070,9360,9060,9350,2590643,0.028602860286028653
2022-04-01,9210,10200,9080,9550,17951478,0.021390374331550888
2022-04-04,9560,9570,9050,9160,4173681,-0.0408376963350785
2022-04-05,9210,9270,9020,9120,2488135,-0.004366812227074246
2022-04-06,8960,9010,8860,8900,1702399,-0.02412280701754388
2022-04-07,8750,8850,8630,8630,1479725,-0.030337078651685445
2022-04-08,8700,8890,8610,8790,967020,0.018539976825028948
2022-04-11,8780,8780,8550,8550,949473,-0.027303754266211566
2022-04-12,8400,8530,8360,8530,808072,-0.002339181286549752
2022-04-13,8480,8660,8460,8640,570543,0.01289566236811246
2022-04-14,8700,8740,8600,8650,618140,0.0011574074074074403
2022-04-15,8500,8550,8460,8460,570768,-0.02196531791907519
2022-04-18,8400,8490,8340,8340,724345,-0.014184397163120588
2022-04-19,8380,8510,8380,8480,458162,0.01678657074340517
2022-04-20,8600,8650,8480,8490,638052,0.001179245283018826
2022-04-21,8500,8560,8410,8450,491356,-0.004711425206124886
2022-04-22,8350,8360,8230,8270,799654,-0.02130177514792897
2022-04-25,8100,8260,8080,8100,667172,-0.02055622732769047
2022-04-26,8170,8320,8160,8200,719159,0.012345679012345734
2022-04-27,7990,8070,7900,8020,975541,-0.02195121951219514
2022-04-28,8150,8150,7920,8040,881972,0.0024937655860348684
2022-04-29,8060,8190,8040,8150,698852,0.013681592039801016
2022-05-02,8000,8080,7950,8000,662687,-0.018404907975460127
2022-05-03,8020,8300,8020,8040,1096172,0.004999999999999893
2022-05-04,8040,8080,7920,7970,678396,-0.008706467661691586
2022-05-06,7890,7900,7610,7750,1082960,-0.027603513174404015
2022-05-09,7570,7760,7450,7500,970935,-0.032258064516129004
2022-05-10,7210,7320,7010,7280,1947301,-0.029333333333333322
2022-05-11,7100,7540,7040,7290,2163048,0.0013736263736263687
2022-05-12,6990,7070,6220,6300,4112630,-0.13580246913580252
2022-05-13,6320,6640,6320,6500,1817682,0.031746031746031855
2022-05-16,6560,6740,6560,6630,1309897,0.020000000000000018
2022-05-17,6600,6680,6550,6610,621096,-0.003016591251885359
2022-05-18,6640,6710,6540,6560,643601,-0.0075642965204235635
2022-05-19,6210,6480,6210,6320,986484,-0.03658536585365857
2022-05-20,6440,6580,6410,6570,665862,0.039556962025316444
2022-05-23,6650,6690,6510,6650,614551,0.0121765601217656
2022-05-24,6600,6600,6400,6400,657944,-0.03759398496240607
2022-05-25,6420,6560,6420,6440,474215,0.006250000000000089
2022-05-26,6460,6700,6430,6480,961968,0.006211180124223503
2022-05-27,6570,6630,6500,6570,552452,0.01388888888888884
2022-05-30,6630,6900,6620,6870,1579165,0.04566210045662111
2022-05-31,7090,7100,6820,6960,1768633,0.013100436681222627
2022-06-02,6860,6860,6680,6680,838155,-0.04022988505747127
2022-06-03,6770,6790,6670,6680,449395,0.0
2022-06-07,6720,6750,6590,6610,513074,-0.010479041916167664
2022-06-08,6660,6750,6620,6700,400346,0.013615733736762392
2022-06-09,6660,6670,6500,6610,556302,-0.013432835820895495
2022-06-10,6510,6570,6420,6450,512059,-0.024205748865355536
2022-06-13,6190,6250,5780,5810,1994852,-0.09922480620155039
2022-06-14,5500,5990,5480,5950,1650552,0.024096385542168752
2022-06-15,5860,5950,5620,5670,894571,-0.04705882352941182
2022-06-16,5850,6220,5810,5900,1708393,0.040564373897707284
2022-06-17,5660,5790,5660,5770,860457,-0.02203389830508473
2022-06-20,5920,5920,5330,5910,1590953,0.024263431542461023
2022-06-21,5720,5740,5570,5670,956864,-0.040609137055837574
2022-06-22,5710,5730,5140,5180,1046788,-0.0864197530864198
2022-06-23,5040,5200,4920,4940,1393877,-0.04633204633204635
2022-06-24,4935,5290,4935,5260,1175417,0.06477732793522262
2022-06-27,5260,5430,5130,5310,755000,0.009505703422053147
2022-06-28,5250,5420,5250,5420,482689,0.020715630885122405
2022-06-29,5290,5410,5260,5360,444033,-0.011070110701106972
2022-06-30,5400,5400,5170,5240,474172,-0.02238805970149249
2022-07-01,5220,5400,5030,5050,572485,-0.0362595419847328
2022-07-04,5060,5140,4935,4980,451325,-0.013861386138613874
2022-07-05,5150,5330,5110,5330,871762,0.07028112449799195
2022-07-06,5340,5430,5220,5240,713559,-0.016885553470919357
2022-07-07,5310,5410,5280,5370,511688,0.024809160305343525
2022-07-08,5500,5660,5480,5530,830700,0.029795158286778367
2022-07-11,5580,5580,5400,5430,489129,-0.018083182640144635
2022-07-12,5340,5350,5220,5240,479379,-0.03499079189686927
2022-07-13,5210,5350,5170,5320,395037,0.01526717557251911
2022-07-14,5320,5390,5210,5270,450802,-0.009398496240601517
2022-07-15,5350,5420,5170,5220,499546,-0.009487666034155628
2022-07-18,5360,5540,5300,5540,1163955,0.06130268199233724
2022-07-19,5720,5850,5520,5570,2426997,0.005415162454873723
2022-07-20,5830,6620,5760,6460,15557853,0.15978456014362652
2022-07-21,6330,6430,6150,6170,2486821,-0.04489164086687303
2022-07-22,6200,6220,5930,5930,1896139,-0.03889789303079416
2022-07-25,6100,6960,6100,6270,19322014,0.057335581787521184
2022-07-26,6180,6500,5970,6020,6338130,-0.03987240829346095
2022-07-27,5960,6020,5870,5880,1505680,-0.023255813953488413
2022-07-28,6180,6210,5970,6000,2535463,0.020408163265306145
2022-07-29,6170,6270,6070,6120,3440089,0.020000000000000018
2022-08-01,6130,6130,6020,6020,1036459,-0.016339869281045805
2022-08-02,6020,6050,5880,5900,889719,-0.019933554817275767
2022-08-03,5890,5970,5880,5960,579477,0.01016949152542379
2022-08-04,6100,6200,6000,6040,1682613,0.01342281879194629
2022-08-05,6070,6130,6020,6110,978492,0.011589403973509826
2022-08-08,6110,6160,6020,6140,913337,0.004909983633387904
2022-08-09,6210,6350,6160,6290,2225504,0.02442996742671011
2022-08-10,6230,6340,6170,6190,1247132,-0.015898251192368873
2022-08-11,6330,6490,6290,6470,3144555,0.04523424878836835
2022-08-12,6410,6440,6340,6370,982753,-0.015455950540958274
2022-08-16,6430,6450,6320,6370,772406,0.0
2022-08-17,6290,6370,6130,6350,1250382,-0.0031397174254317317
2022-08-18,6220,6370,6160,6270,827986,-0.012598425196850394
2022-08-19,6250,6330,6150,6150,580937,-0.019138755980861233
2022-08-22,6070,6070,5840,5850,828576,-0.04878048780487809
2022-08-23,5700,5850,5650,5670,665689,-0.03076923076923077
2022-08-24,5700,5830,5680,5770,472823,0.01763668430335108
2022-08-25,5790,5890,5790,5870,421362,0.017331022530329365
2022-08-26,5960,5990,5810,5820,506746,-0.008517887563884163
2022-08-29,5490,5670,5480,5610,557266,-0.03608247422680411
2022-08-30,5660,5830,5660,5830,389118,0.03921568627450989
2022-08-31,5730,5910,5720,5900,352134,0.012006861063464935
2022-09-01,5830,5850,5730,5730,422524,-0.028813559322033888
2022-09-02,5770,5850,5680,5700,350891,-0.005235602094240788
2022-09-05,5650,5720,5440,5480,644550,-0.038596491228070184
2022-09-06,5470,5670,5470,5620,513869,0.025547445255474477
2022-09-07,5550,5590,5420,5450,470186,-0.030249110320284656
2022-09-08,5690,5730,5550,5600,595003,0.02752293577981657
2022-09-13,5880,5970,5820,5820,873357,0.03928571428571437
2022-09-14,5570,5590,5480,5540,645057,-0.04810996563573888
2022-09-15,5580,5730,5470,5480,1034142,-0.010830324909747335
2022-09-16,5410,5450,5260,5270,696706,-0.038321167883211715
2022-09-19,5200,5250,5100,5110,478396,-0.030360531309297945
2022-09-20,5150,5260,5150,5240,320847,0.02544031311154593
2022-09-21,5180,5270,5160,5250,285834,0.001908396946564972
2022-09-22,5140,5140,5000,5130,535010,-0.02285714285714291
2022-09-23,5180,5200,5000,5010,512688,-0.023391812865497075
2022-09-26,4955,4960,4740,4755,834785,-0.050898203592814384
2022-09-27,4705,4985,4705,4975,1037101,0.04626708727655093
2022-09-28,4895,4950,4530,4555,1352800,-0.08442211055276383
2022-09-29,4605,4780,4605,4620,815397,0.014270032930845167
2022-09-30,4535,4680,4510,4630,488958,0.0021645021645022577
2022-10-04,4720,4825,4720,4815,461234,0.03995680345572361
2022-10-05,4945,4945,4770,4805,578209,-0.0020768431983385627
2022-10-06,4855,4925,4815,4880,345934,0.015608740894901052
2022-10-07,4820,4935,4785,4840,301855,-0.008196721311475419
2022-10-11,4705,4705,4470,4485,792758,-0.07334710743801653
2022-10-12,4455,5200,4390,4450,4925193,-0.0078037904124860225
2022-10-13,4425,4525,4315,4320,724299,-0.02921348314606742
2022-10-14,4390,4575,4390,4540,981724,0.05092592592592582
2022-10-17,4475,4565,4430,4515,463044,-0.005506607929515406
2022-10-18,4630,4745,4600,4675,645728,0.03543743078626793
2022-10-19,4685,4785,4615,4640,870317,-0.007486631016042744
2022-10-20,4605,4665,4445,4460,633832,-0.03879310344827591
2022-10-21,4465,4465,4325,4345,427118,-0.02578475336322872
2022-10-24,4450,4540,4430,4445,490046,0.023014959723820505
2022-10-25,4430,4520,4400,4440,422170,-0.0011248593925758943
2022-10-26,4535,4645,4440,4450,713183,0.0022522522522523403
2022-10-27,4620,4730,4555,4675,1206684,0.050561797752809
2022-10-28,4575,4580,4440,4440,985225,-0.05026737967914441
2022-10-31,4525,4530,4435,4450,360848,0.0022522522522523403
2022-11-01,4440,4550,4415,4550,489616,0.022471910112359605
2022-11-02,4535,4705,4495,4675,811527,0.027472527472527375
2022-11-03,4585,4650,4550,4580,492697,-0.02032085561497321
2022-11-04,4580,4620,4465,4620,470701,0.008733624454148492
2022-11-07,4650,4845,4625,4750,1311354,0.02813852813852824
2022-11-08,4740,4950,4740,4820,1801369,0.01473684210526316
2022-11-09,4700,4755,4650,4700,1019595,-0.024896265560165998
2022-11-10,4520,4600,4500,4545,1046644,-0.03297872340425534
2022-11-11,4740,4850,4715,4800,1699120,0.05610561056105601
2022-11-14,4650,4745,4645,4700,797238,-0.02083333333333337
2022-11-15,4695,4895,4675,4875,836396,0.037234042553191404
2022-11-16,4920,4960,4840,4935,882227,0.012307692307692353
2022-11-17,4925,4925,4760,4805,490050,-0.02634245187436679
2022-11-18,4805,4860,4730,4730,703658,-0.015608740894901163
2022-11-21,4690,4705,4440,4475,1001175,-0.05391120507399583
2022-11-22,4405,4465,4370,4375,551692,-0.022346368715083775
2022-11-23,4400,4570,4400,4540,584534,0.03771428571428581
2022-11-24,4590,4700,4580,4670,427839,0.028634361233480066
2022-11-25,4670,4685,4540,4570,344646,-0.021413276231263434
2022-11-28,4510,4525,4350,4375,689089,-0.04266958424507661
2022-11-29,4345,4465,4335,4460,535912,0.01942857142857135
2022-11-30,4430,4520,4415,4440,1425222,-0.004484304932735439
2022-12-01,4535,4605,4460,4505,673927,0.014639639639639546
2022-12-02,4475,4500,4400,4420,459951,-0.018867924528301883
2022-12-05,4460,4525,4430,4465,382894,0.010180995475113086
2022-12-06,4385,4410,4320,4330,443459,-0.03023516237402013
2022-12-07,4310,4315,4245,4250,414011,-0.018475750577367167
2022-12-08,4290,4290,4080,4080,633291,-0.040000000000000036
2022-12-09,4125,4260,4095,4235,482120,0.03799019607843146
2022-12-12,4240,4275,4200,4210,217867,-0.005903187721369552
2022-12-13,4220,4260,4110,4145,326152,-0.015439429928741144
2022-12-14,4195,4280,4185,4240,404498,0.022919179734619988
2022-12-15,4205,4270,4165,4185,218835,-0.01297169811320753
2022-12-16,4090,4140,4070,4090,306654,-0.022700119474313052
2022-12-19,4090,4100,3980,4010,375336,-0.019559902200488977
2022-12-20,4020,4020,3895,3895,470779,-0.028678304239401542
2022-12-21,3930,3950,3875,3900,262586,0.0012836970474967568
2022-12-22,3905,3945,3900,3930,342979,0.007692307692307665
2022-12-23,3830,3875,3735,3760,577650,-0.043256997455470736
2022-12-26,3760,3795,3690,3735,548460,-0.0066489361702127825
2022-12-27,3730,3925,3730,3900,660572,0.04417670682730934
2022-12-28,3865,3905,3780,3840,576044,-0.01538461538461533
2022-12-29,3815,3845,3690,3750,443127,-0.0234375
2023-01-02,3710,3780,3650,3675,352854,-0.020000000000000018
2023-01-03,3675,3965,3550,3735,1867989,0.01632653061224487
2023-01-04,3660,3760,3585,3750,605574,0.004016064257028162
2023-01-05,3800,3965,3765,3765,1093241,0.0040000000000000036
2023-01-06,3720,3880,3710,3840,589328,0.019920318725099584
2023-01-09,3870,3995,3870,3990,440267,0.0390625
2023-01-10,4015,4075,3970,4000,744654,0.0025062656641603454
2023-01-11,4060,4100,4030,4050,509028,0.012499999999999956
2023-01-12,4120,4270,4080,4165,1526053,0.02839506172839501
2023-01-13,4280,4310,4200,4205,1396896,0.009603841536614643
2023-01-16,4455,4850,4320,4655,8388185,0.10701545778834731
2023-01-17,4675,4745,4480,4495,1676715,-0.034371643394199736
2023-01-18,4550,4790,4495,4610,2663068,0.025583982202447064
2023-01-19,4470,4540,4335,4500,1382294,-0.02386117136659438
2023-01-20,4530,4920,4520,4710,8016406,0.046666666666666634
2023-01-25,5500,6040,5480,5630,15151694,0.19532908704883223
2023-01-26,5680,6000,5550,5660,9287606,0.005328596802841812
2023-01-27,5600,5940,5540,5730,5430722,0.012367491166077826
2023-01-30,5810,5820,5400,5400,2540354,-0.05759162303664922
2023-01-31,5280,5460,5170,5230,2258016,-0.031481481481481444
2023-02-01,5280,5390,5000,5010,2688335,-0.042065009560229405
2023-02-02,5250,5360,5140,5220,2607034,0.041916167664670656
2023-02-03,5250,5260,5060,5060,1441325,-0.03065134099616862
2023-02-06,5140,5190,4980,5020,1389223,-0.007905138339920903
2023-02-07,5010,5130,4950,4960,1356307,-0.01195219123505975
2023-02-08,5030,5170,5010,5090,1754099,0.02620967741935476
2023-02-09,5050,5070,4950,4960,1058089,-0.025540275049115935
2023-02-10,4885,4890,4660,4675,2066651,-0.05745967741935487
2023-02-13,4655,4725,4645,4685,614148,0.002139037433155133
2023-02-14,4700,4795,4700,4720,734573,0.007470651013874008
2023-02-15,4775,4815,4515,4555,1130236,-0.03495762711864403
2023-02-16,4960,5140,4870,4970,10054555,0.09110867178924265
2023-02-17,4820,4945,4790,4845,1186432,-0.02515090543259557
2023-02-20,4850,4945,4765,4925,1180677,0.016511867905056654
2023-02-21,4935,5100,4900,5100,1896274,0.035532994923857864
2023-02-22,4940,5600,4875,4900,16398319,-0.039215686274509776
2023-02-23,4905,4960,4835,4890,1459616,-0.0020408163265306367
2023-02-24,4895,4900,4720,4720,1292977,-0.03476482617586907
2023-02-27,4690,4795,4635,4740,796720,0.004237288135593209
2023-02-28,4730,4835,4730,4760,648821,0.00421940928270037
2023-03-02,4770,4790,4710,4720,586533,-0.008403361344537785
2023-03-03,4725,4780,4570,4625,786515,-0.0201271186440678
2023-03-06,4650,4690,4550,4610,770511,-0.00324324324324321
2023-03-07,4600,4630,4515,4605,745474,-0.0010845986984815426
2023-03-08,4540,4555,4470,4500,748192,-0.0228013029315961
2023-03-09,4500,4545,4410,4525,573136,0.005555555555555536
2023-03-10,4385,4400,4290,4325,780336,-0.04419889502762431
2023-03-13,4420,4540,4305,4390,1247996,0.015028901734104094
2023-03-14,4760,4800,4435,4435,4879593,0.010250569476081939
2023-03-15,4550,4640,4425,4440,2467413,0.0011273957158963732
2023-03-16,4430,4430,4150,4170,1459641,-0.060810810810810856
2023-03-17,4235,4635,4205,4580,3762156,0.09832134292565953
2023-03-20,4885,5030,4725,4740,6851905,0.03493449781659397
2023-03-21,4800,4880,4600,4600,2216222,-0.029535864978902926
2023-03-22,4655,4945,4635,4815,3137254,0.046739130434782616
2023-03-23,4675,4680,4570,4575,1474576,-0.049844236760124616
2023-03-24,4635,4690,4595,4670,936838,0.02076502732240426
2023-03-27,4665,4705,4470,4510,905871,-0.03426124197002145
2023-03-28,4385,4480,4385,4450,748250,-0.013303769401330379
2023-03-29,4470,4530,4420,4520,811141,0.01573033707865168
2023-03-30,4605,4790,4580,4715,2631867,0.04314159292035402
2023-03-31,4670,4705,4600,4605,775691,-0.02332979851537642
2023-04-03,4570,4620,4475,4505,949462,-0.021715526601520097
2023-04-04,4500,4550,4475,4540,799828,0.007769145394006749
2023-04-05,4535,4645,4515,4615,800164,0.016519823788546217
2023-04-06,4595,4595,4435,4440,1024419,-0.037919826652221045
2023-04-07,4490,4490,4405,4470,434906,0.006756756756756799
2023-04-10,4470,4470,4320,4320,768757,-0.03355704697986572
2023-04-11,4500,4935,4445,4800,8100576,0.11111111111111116
2023-04-12,4905,4940,4725,4750,3254078,-0.01041666666666663
2023-04-13,4700,4775,4660,4745,732867,-0.001052631578947416
2023-04-14,4810,4870,4745,4800,1555331,0.011591148577450028
2023-04-17,4745,4770,4615,4705,1046611,-0.019791666666666652
2023-04-18,4665,4705,4545,4600,763358,-0.022316684378320906
2023-04-19,4655,4720,4590,4595,707858,-0.0010869565217391797
2023-04-20,4480,4500,4360,4370,1245381,-0.04896626768226331
2023-04-21,4355,4355,4225,4235,861750,-0.03089244851258577
2023-04-24,4170,4220,4155,4190,604257,-0.010625737898465215
2023-04-25,4170,4190,4010,4055,936118,-0.03221957040572787
2023-04-26,4155,4180,4030,4030,793264,-0.006165228113440224
2023-04-27,4010,4125,3995,4120,586259,0.022332506203474045
2023-04-28,4165,4195,4050,4065,621677,-0.013349514563106846
2023-05-02,3985,4085,3950,4060,502890,-0.0012300123001229846
2023-05-03,4020,4130,4020,4040,593587,-0.0049261083743842304
2023-05-04,4060,4060,4000,4030,353978,-0.0024752475247524774
2023-05-08,4035,4100,4035,4050,491702,0.00496277915632759
2023-05-09,4000,4045,3945,3970,525337,-0.01975308641975304
2023-05-10,3955,4005,3945,3985,302605,0.0037783375314861534
2023-05-11,3975,4040,3965,3970,294700,-0.0037641154328732496
2023-05-12,3970,3975,3905,3915,393042,-0.013853904282115859
2023-05-15,3925,3935,3845,3910,326470,-0.0012771392081737387
2023-05-16,3905,3960,3870,3880,355513,-0.007672634271099765
2023-05-17,3850,3980,3845,3950,334084,0.018041237113401998
2023-05-18,3990,4040,3940,3975,275123,0.006329113924050667
2023-05-19,3965,4040,3965,4035,407964,0.015094339622641506
2023-05-22,4000,4080,3980,4055,324280,0.004956629491945419
2023-05-23,4040,4100,4040,4080,294483,0.006165228113440113
2023-05-24,4050,4090,4020,4055,293610,-0.006127450980392135
2023-05-25,4020,4110,4010,4015,318662,-0.009864364981504337
2023-05-26,4015,4045,3930,3940,414023,-0.018679950186799466
2023-05-30,3985,4085,3985,4060,426793,0.030456852791878264
2023-05-31,4035,4110,4020,4080,321276,0.0049261083743843415
2023-06-01,4045,4070,4025,4060,173609,-0.004901960784313708
2023-06-02,4040,4080,4040,4070,277928,0.0024630541871921707
2023-06-05,4080,4140,4075,4130,329649,0.014742014742014753
2023-06-07,4115,4160,4085,4110,369362,-0.004842615012106588
2023-06-08,4070,4120,4055,4120,301421,0.0024330900243310083
2023-06-09,4150,4180,4105,4120,430276,0.0
2023-06-12,4100,4115,4015,4040,231324,-0.01941747572815533
2023-06-13,4030,4110,4030,4070,313849,0.007425742574257432
2023-06-14,4070,4085,3930,3960,510361,-0.027027027027026973
2023-06-15,3960,4010,3850,3860,492561,-0.025252525252525304
2023-06-16,3805,3910,3805,3835,436700,-0.006476683937823857
2023-06-19,3850,3855,3770,3830,324626,-0.0013037809647978849
2023-06-20,3820,3875,3805,3830,281490,0.0
2023-06-21,3965,4140,3880,4010,1199503,0.04699738903394257
2023-06-22,4270,4410,4065,4065,4277983,0.013715710723191998
2023-06-23,4010,4075,3965,3975,647403,-0.022140221402214055
2023-06-26,4050,4135,3955,3955,1166238,-0.005031446540880502
2023-06-27,3900,3940,3870,3915,401641,-0.010113780025284402
2023-06-28,3960,4100,3935,4070,742505,0.03959131545338446
2023-06-29,4035,4085,3990,4015,322971,-0.013513513513513487
2023-06-30,4015,4190,3990,4135,915777,0.0298879202988791
2023-07-03,4080,4180,4075,4105,517353,-0.00725513905683195
2023-07-04,4305,4305,4100,4120,709878,0.0036540803897686658
2023-07-05,4090,4095,3985,3990,566369,-0.03155339805825241
2023-07-06,3945,3965,3810,3830,732832,-0.040100250626566414
2023-07-07,3765,3875,3745,3775,883993,-0.01436031331592691
2023-07-10,3700,3760,3675,3730,452883,-0.01192052980132452
2023-07-11,3760,3880,3745,3850,384617,0.03217158176943702
2023-07-12,3890,3920,3805,3905,441617,0.014285714285714235
2023-07-13,3865,3920,3810,3840,434439,-0.016645326504481472
2023-07-14,4185,4345,4020,4270,4614425,0.11197916666666674
2023-07-17,4110,4125,4010,4020,971509,-0.05854800936768145
2023-07-18,3990,4020,3880,3900,751663,-0.02985074626865669
2023-07-19,3905,3965,3860,3910,503130,0.002564102564102555
2023-07-20,3860,3965,3860,3935,411475,0.006393861892583175
2023-07-21,3900,3940,3880,3910,358657,-0.006353240152477735
2023-07-24,3910,3910,3760,3785,615976,-0.03196930946291565
2023-07-25,3720,3785,3535,3555,1246372,-0.06076618229854691
2023-07-26,3485,3540,3225,3240,1842248,-0.08860759493670889
2023-07-27,3200,3555,3200,3535,1082386,0.09104938271604945
2023-07-28,3440,3525,3425,3505,415732,-0.008486562942008447
2023-07-31,3505,3590,3435,3545,553127,0.011412268188302432
2023-08-01,3505,3630,3505,3595,588889,0.014104372355430161
2023-08-02,3640,3670,3525,3570,752598,-0.006954102920723182
2023-08-03,3485,3555,3440,3550,587443,-0.0056022408963585235
2023-08-04,3550,3580,3485,3545,280061,-0.0014084507042253502
2023-08-07,3515,3600,3500,3545,325835,0.0
2023-08-08,3580,3605,3505,3515,361197,-0.008462623413258097
2023-08-09,3550,3640,3550,3635,422060,0.03413940256045511
2023-08-10,3605,3655,3550,3650,306932,0.004126547455295837
2023-08-11,3650,3700,3635,3690,300241,0.010958904109588996
2023-08-14,3685,3730,3635,3685,300788,-0.0013550135501354532
2023-08-16,3655,3670,3565,3620,318914,-0.01763907734056991
2023-08-17,3545,3640,3480,3585,401016,-0.00966850828729282
2023-08-18,3485,3490,3270,3420,478583,-0.046025104602510414
2023-08-21,3440,3550,3420,3435,332897,0.004385964912280604
2023-08-22,3430,3480,3350,3380,393988,-0.01601164483260553
2023-08-23,3350,3380,3300,3325,414688,-0.016272189349112454
2023-08-24,3385,3460,3355,3425,375572,0.03007518796992481
2023-08-25,3390,3440,3355,3420,305183,-0.0014598540145985828
2023-08-28,3470,3490,3380,3440,344287,0.005847953216374213
2023-08-29,3425,3500,3425,3495,267989,0.015988372093023173
2023-08-30,3705,3750,3555,3600,1461764,0.030042918454935563
2023-08-31,3600,3610,3500,3505,374546,-0.026388888888888906
2023-09-01,3455,3525,3425,3480,297637,-0.007132667617689048
2023-09-04,3480,3485,3410,3430,265245,-0.014367816091954033
2023-09-05,3415,3435,3370,3420,197341,-0.002915451895043719
2023-09-06,3420,3440,3350,3370,227250,-0.014619883040935644
2023-09-07,3370,3390,3215,3320,331694,-0.014836795252225476
2023-09-08,3375,3410,3335,3410,196516,0.027108433734939652
2023-09-11,3400,3430,3320,3335,357811,-0.021994134897360684
2023-09-12,3325,3370,3300,3320,290314,-0.004497751124437732
2023-09-13,3325,3345,3295,3330,202538,0.003012048192771122
2023-09-14,3365,3375,3315,3370,271287,0.012012012012011963
2023-09-15,3390,3475,3390,3445,330650,0.022255192878338326
2023-09-18,3455,3455,3410,3415,150072,-0.00870827285921627
2023-09-19,3430,3450,3350,3350,244432,-0.019033674963396807
2023-09-20,3355,3395,3340,3390,216210,0.011940298507462588
2023-09-21,3340,3355,3240,3245,444822,-0.042772861356932146
2023-09-22,3180,3225,3135,3185,288958,-0.018489984591679498
2023-09-25,3155,3215,3120,3130,229821,-0.017268445839874413
2023-09-26,3130,3145,3080,3100,252295,-0.009584664536741228
2023-09-27,3040,3155,3040,3150,146153,0.016129032258064502
2023-10-04,3115,3120,3005,3040,322576,-0.03492063492063491
2023-10-05,3105,3170,3035,3110,337690,0.023026315789473673
2023-10-06,3055,3170,3055,3125,197593,0.004823151125401992
2023-10-10,3175,3245,3095,3115,261762,-0.0031999999999999806
2023-10-11,3130,3215,3115,3180,281427,0.020866773675762396
2023-10-12,3195,3255,3190,3250,362676,0.022012578616352307
2023-10-13,3250,3305,3190,3215,211980,-0.010769230769230753
2023-10-16,3215,3275,3140,3255,233740,0.012441679626749691
2023-10-17,3320,3320,3205,3210,335990,-0.01382488479262678
2023-10-18,3185,3315,3185,3275,325589,0.02024922118380057
2023-10-19,3240,3240,3110,3110,352085,-0.05038167938931293
2023-10-20,3110,3290,3050,3175,584867,0.020900321543408262
2023-10-23,3220,3960,3210,3960,6971060,0.24724409448818907
2023-10-24,4275,4650,4175,4300,30638738,0.08585858585858586
2023-10-25,4330,4510,4255,4365,6235382,0.015116279069767424
2023-10-26,4370,4705,4335,4400,8544317,0.008018327605956443
2023-10-27,4380,4495,4160,4325,2983932,-0.017045454545454586
2023-10-30,4400,4575,4260,4375,3132975,0.011560693641618602
2023-10-31,4350,4420,4115,4120,1708165,-0.058285714285714274
2023-11-01,4230,4470,4230,4430,3427052,0.07524271844660202
2023-11-02,4650,4975,4380,4640,10246593,0.04740406320541757
2023-11-03,4555,4555,4345,4360,2686749,-0.06034482758620685
2023-11-06,4470,4730,4410,4570,4188135,0.048165137614679
2023-11-07,4535,4770,4375,4595,2945780,0.00547045951859948
2023-11-08,4700,4845,4535,4620,3620187,0.005440696409140466
2023-11-09,4625,5580,4620,4930,36947190,0.0670995670995671
2023-11-10,5150,5570,5060,5210,20365510,0.05679513184584173
2023-11-13,5330,5560,5180,5240,10081422,0.0057581573896352545
2023-11-14,5170,5430,5120,5390,3913088,0.028625954198473247
2023-11-15,5170,5250,4875,5160,5477686,-0.042671614100185495
2023-11-16,5660,5880,5430,5550,8566898,0.07558139534883712
2023-11-17,5300,5430,5200,5220,3148208,-0.05945945945945941
2023-11-20,5350,5680,5280,5470,4116191,0.04789272030651337
2023-11-21,5680,5840,5420,5480,4793962,0.001828153564899404
2023-11-22,5180,5440,5180,5400,2082206,-0.014598540145985384
2023-11-23,5600,5920,5470,5800,5868447,0.07407407407407418
2023-11-24,5730,5840,5650,5750,1514244,-0.008620689655172376
2023-11-27,5820,6190,5780,6010,4706925,0.045217391304347876
2023-11-28,5990,6050,5630,5670,2099116,-0.056572379367720416
2023-11-29,5880,6030,5660,5740,3007204,0.012345679012345734
2023-11-30,5640,5750,5420,5540,3110660,-0.03484320557491294
2023-12-01,5470,5780,5370,5720,2488938,0.032490974729241895
2023-12-04,6230,7430,6060,7350,24476056,0.284965034965035
2023-12-05,7610,7750,6840,7010,21228553,-0.04625850340136051
2023-12-06,7700,8000,7310,7430,24081456,0.059914407988587826
2023-12-07,7430,7600,7200,7260,6665195,-0.02288021534320328
2023-12-08,7040,7260,6860,7090,4003755,-0.023415977961432466
2023-12-11,7020,7120,6600,6680,4841324,-0.05782792665726377
2023-12-12,6420,6640,6320,6490,4191541,-0.02844311377245512
2023-12-13,6570,6590,6070,6290,3688005,-0.03081664098613246
2023-12-14,6650,6820,6380,6740,7034168,0.07154213036565982
2023-12-15,6690,6700,6400,6440,1997559,-0.04451038575667654
2023-12-18,6110,6150,5840,5970,3793272,-0.07298136645962738
2023-12-19,6170,6360,6080,6300,3798341,0.055276381909547645
2023-12-20,6320,6360,6100,6260,2745379,-0.006349206349206327
2023-12-21,6490,6700,6060,6110,4518199,-0.02396166134185307
2023-12-22,6160,6430,6120,6340,3828924,0.03764320785597386
2023-12-26,6150,6240,5800,5880,3553266,-0.0725552050473186
2023-12-27,5710,6180,5700,6120,2561257,0.04081632653061229
2023-12-28,6280,6470,6260,6440,3689587,0.05228758169934644
2024-01-02,6920,7020,6620,6810,6243290,0.05745341614906829
2024-01-03,6680,6750,6540,6580,2676731,-0.03377386196769461
2024-01-04,6200,6310,5940,6000,3876189,-0.08814589665653494
2024-01-05,6120,6200,5950,6000,1618454,0.0
2024-01-08,5920,6020,5870,6000,1097287,0.0
2024-01-09,6700,6800,6280,6440,6589315,0.07333333333333325
2024-01-10,6300,6330,6130,6170,2499627,-0.04192546583850931
2024-01-11,7340,8020,7030,8020,46147470,0.2998379254457051
2024-01-12,7650,7970,7160,7290,28504993,-0.09102244389027436
2024-01-15,6810,6870,6350,6660,12944642,-0.0864197530864198
2024-01-16,6520,6700,6410,6540,3254466,-0.018018018018018056
2024-01-17,6620,6730,6410,6410,3673487,-0.019877675840978548
2024-01-18,6320,6740,6270,6710,5750187,0.046801872074883066
2024-01-19,6250,6450,6140,6200,4514365,-0.07600596125186287
2024-01-22,6160,6250,6080,6110,2058447,-0.014516129032258074
2024-01-23,5960,6150,5830,6120,2185953,0.0016366612111293755
2024-01-24,6050,6160,5920,6000,1629984,-0.019607843137254943
2024-01-25,6060,6110,5900,5920,1366610,-0.013333333333333308
2024-01-26,5880,6020,5820,5940,975523,0.0033783783783782884
2024-01-29,6060,6130,5960,6020,1501181,0.013468013468013407
2024-01-30,6270,6400,6190,6250,3139592,0.038205980066445155
2024-01-31,6160,6190,6050,6110,1081193,-0.022399999999999975
2024-02-01,6030,6050,5900,5960,1382562,-0.02454991816693941
2024-02-02,6050,6190,5970,6180,1249987,0.03691275167785224
2024-02-05,6090,6260,6010,6020,1952793,-0.02588996763754048
2024-02-06,6030,6060,5840,5880,1191015,-0.023255813953488413
2024-02-07,5930,5970,5840,5870,685803,-0.00170068027210879
2024-02-08,6070,6470,6010,6300,5036643,0.0732538330494037
2024-02-13,7310,7320,6710,6870,12387966,0.09047619047619038
2024-02-14,6800,7070,6560,6760,3900515,-0.01601164483260553
2024-02-15,7340,8780,7260,8530,48984849,0.2618343195266273
2024-02-16,8380,8680,8220,8420,15080303,-0.01289566236811257
2024-02-19,8370,8740,8260,8630,16947488,0.02494061757719712
2024-02-20,9010,9060,8220,8380,12649630,-0.028968713789107814
2024-02-21,8380,8880,8210,8490,15024208,0.013126491646778149
2024-02-22,8500,8570,8300,8370,4022042,-0.014134275618374548
2024-02-23,8280,8350,8020,8070,4696857,-0.03584229390681004
2024-02-26,8040,8060,7800,7810,2540446,-0.03221809169764556
2024-02-27,8750,9180,8340,8620,37358961,0.10371318822023046
2024-02-28,8770,9400,8600,8860,27646813,0.0278422273781902
2024-02-29,10020,10510,9530,9880,46042204,0.1151241534988714
2024-03-04,9700,10250,9700,9960,15085499,0.00809716599190291
2024-03-05,11150,12380,10710,11210,67093706,0.12550200803212852
2024-03-06,10550,10700,9820,10490,20451543,-0.06422836752899197
2024-03-07,10530,10780,10130,10330,11923930,-0.015252621544327938
2024-03-08,10180,10520,10110,10170,7192913,-0.015488867376573068
2024-03-11,10570,10660,9950,10010,8461217,-0.015732546705997996
2024-03-12,10780,11230,10040,10060,21213913,0.004995004995004937
2024-03-13,9980,10080,9590,9960,7402719,-0.00994035785288272
2024-03-14,10030,10150,9590,9670,5285889,-0.029116465863453844
2024-03-15,9350,9430,8700,8760,8196893,-0.09410548086866599
2024-03-18,8950,9110,8730,8990,3531398,0.026255707762557146
2024-03-19,8830,8860,8610,8630,2619256,-0.04004449388209119
2024-03-20,8330,8460,8160,8330,3781219,-0.03476245654692933
2024-03-21,8870,9420,8790,9140,11840375,0.09723889555822329
2024-03-22,8860,9080,8740,9020,2512994,-0.013129102844638973
2024-03-25,9180,9240,8890,9110,2321001,0.009977827050997812
2024-03-26,9520,9640,9270,9380,4804654,0.029637760702524663
2024-03-27,9360,9440,9100,9100,2028793,-0.02985074626865669
2024-03-28,9030,9180,8950,9100,1457622,0.0
2024-03-29,9150,9270,8790,8860,2154346,-0.02637362637362639
2024-04-01,8980,9080,8750,8800,1248672,-0.006772009029345383
2024-04-02,8740,8740,8420,8450,1928765,-0.03977272727272729
2024-04-03,8230,8330,8080,8250,1939342,-0.023668639053254448
2024-04-04,8220,8290,8080,8120,1222692,-0.015757575757575748
2024-04-05,8300,8430,8080,8120,1731625,0.0
2024-04-08,8140,8240,8040,8200,1399282,0.009852216748768461
2024-04-09,8650,8730,8470,8570,3334953,0.045121951219512235
2024-04-11,8460,8660,8360,8490,1186641,-0.009334889148191361
2024-04-12,8490,9240,8390,9220,4093555,0.08598351001177851
2024-04-15,8930,9400,8520,9090,3469365,-0.014099783080260275
2024-04-16,8590,8680,8060,8110,3024306,-0.10781078107810782
2024-04-17,8200,8880,8170,8790,3749516,0.0838471023427867
2024-04-18,8300,8930,8220,8720,3048658,-0.007963594994311762
2024-04-19,8870,8900,8200,8610,2449426,-0.012614678899082521
2024-04-22,8730,9040,8670,9030,2210507,0.04878048780487809
2024-04-23,9160,9280,8870,8900,2385472,-0.01439645625692132
2024-04-24,8910,9020,8880,8960,910233,0.006741573033707926
2024-04-25,8620,8800,8490,8700,1191003,-0.029017857142857095
2024-04-26,8660,8740,8620,8620,734035,-0.00919540229885063
2024-04-29,8500,8640,8400,8450,1080168,-0.019721577726218076
2024-04-30,8600,8710,8310,8400,1127463,-0.00591715976331364
2024-05-02,8000,8120,7780,7800,2057378,-0.0714285714285714
2024-05-03,7900,8220,7890,8110,1492413,0.039743589743589824
2024-05-07,8500,8530,8290,8300,1397627,0.023427866831072786
2024-05-08,8170,8280,8090,8210,524341,-0.010843373493975905
2024-05-09,8120,8170,8000,8110,546703,-0.01218026796589522
2024-05-10,8240,8340,8190,8250,846550,0.01726263871763245
2024-05-13,8160,8220,8000,8040,664703,-0.025454545454545507
2024-05-14,8150,8340,8100,8100,899179,0.00746268656716409
2024-05-16,8500,8580,8250,8310,1988526,0.025925925925925908
2024-05-17,8250,8300,8150,8210,768774,-0.012033694344163681
2024-05-20,8240,8430,8220,8420,916558,0.025578562728379994
2024-05-21,9100,9600,9010,9430,21257429,0.11995249406175779
2024-05-22,9240,9330,9010,9030,3398938,-0.042417815482502674
2024-05-23,8860,9080,8680,8930,1824369,-0.011074197120708784
2024-05-24,9100,9190,8570,8690,3274701,-0.026875699888017968
2024-05-27,8680,8900,8580,8770,1757728,0.009205983889528202
2024-05-28,8810,8870,8610,8660,1350561,-0.012542759407069504
2024-05-29,8640,8950,8590,8620,2133160,-0.004618937644341847
2024-05-30,8550,8620,8470,8580,678133,-0.004640371229698403
2024-05-31,8610,8750,8550,8680,686455,0.011655011655011593
2024-06-03,8620,8980,8590,8980,1161195,0.034562211981566726
2024-06-04,8860,8980,8720,8750,922336,-0.025612472160356337
2024-06-05,8970,9360,8920,9270,3733311,0.059428571428571386
2024-06-07,9120,9390,8920,9330,2238060,0.006472491909385036
2024-06-10,9010,9010,8690,8790,1636640,-0.05787781350482313
2024-06-11,8740,8890,8620,8640,1328891,-0.017064846416382284
2024-06-12,8640,8870,8580,8850,860830,0.02430555555555558
2024-06-13,8840,8940,8680,8680,1234560,-0.019209039548022555
2024-06-14,8690,8690,8520,8580,737073,-0.011520737327188946
2024-06-17,8500,8530,8250,8250,1144392,-0.038461538461538436
2024-06-18,8370,8370,8040,8140,1033899,-0.013333333333333308
2024-06-19,8030,8200,8000,8140,605155,0.0
2024-06-20,8120,8320,8080,8220,539684,0.00982800982800991
2024-06-21,8130,8220,8060,8120,442898,-0.012165450121654486
2024-06-24,7950,8020,7670,7680,1146575,-0.054187192118226646
2024-06-25,7510,7820,7420,7780,1274196,0.01302083333333326
2024-06-26,7950,7970,7710,7740,550380,-0.005141388174807249
2024-06-27,7600,7780,7500,7720,503856,-0.0025839793281653423
2024-06-28,7790,7980,7780,7840,615169,0.015544041450777257
2024-07-01,8020,8240,7910,8230,1322059,0.04974489795918369
2024-07-02,8160,8220,7960,8060,647412,-0.020656136087484844
2024-07-03,8010,8090,7800,7900,670752,-0.01985111662531014
2024-07-04,7860,7940,7700,7700,703064,-0.025316455696202556
2024-07-05,7520,7660,7290,7380,1295439,-0.04155844155844157
2024-07-08,7290,7480,7290,7390,540944,0.0013550135501354532
2024-07-09,7450,7520,7410,7450,693213,0.008119079837618504
2024-07-10,7540,7700,7430,7550,1129106,0.01342281879194629
