Date,Open,High,Low,Close,Volume,Change
2022-01-03,2935,2950,2870,2920,2640967,-0.005110732538330498
2022-01-04,2925,3055,2920,3050,2994599,0.044520547945205546
2022-01-05,3050,3215,3035,3150,7316941,0.032786885245901676
2022-01-06,3135,3180,3095,3125,3407487,-0.007936507936507908
2022-01-07,3110,3170,3085,3155,2067291,0.009600000000000053
2022-01-10,3180,3330,3175,3325,7132005,0.0538827258320127
2022-01-11,3290,3370,3250,3320,4923965,-0.0015037593984962294
2022-01-12,3305,3330,3200,3320,4288984,0.0
2022-01-13,3320,3395,3300,3360,3153163,0.012048192771084265
2022-01-14,3385,3420,3255,3270,3438669,-0.0267857142857143
2022-01-17,3255,3295,3200,3230,1826526,-0.012232415902140636
2022-01-18,3215,3260,3185,3220,1691071,-0.003095975232198178
2022-01-19,3180,3320,3180,3250,3266385,0.009316770186335477
2022-01-20,3240,3265,3210,3225,1699419,-0.007692307692307665
2022-01-21,3200,3230,3145,3195,2214648,-0.009302325581395321
2022-01-24,3205,3215,3075,3110,2097705,-0.026604068857590035
2022-01-25,3100,3115,2940,2940,3324179,-0.054662379421221874
2022-01-26,2950,3040,2950,2995,2322184,0.018707482993197244
2022-01-27,3010,3055,2930,2940,2537497,-0.018363939899833093
2022-01-28,2970,3020,2900,2940,3072603,0.0
2022-02-03,2990,3125,2975,3085,2497889,0.04931972789115657
2022-02-04,3060,3145,3060,3120,1736480,0.011345218800648205
2022-02-07,3155,3190,3105,3165,1584705,0.014423076923076872
2022-02-08,3175,3225,3125,3165,1443157,0.0
2022-02-09,3180,3230,3175,3225,1534612,0.018957345971563955
2022-02-10,3295,3345,3200,3235,4574275,0.0031007751937983663
2022-02-11,3235,3250,3165,3195,2053037,-0.012364760432766575
2022-02-14,3130,3165,3105,3105,2228147,-0.028169014084507005
2022-02-15,3100,3140,3055,3065,1538395,-0.012882447665056307
2022-02-16,3120,3185,3110,3175,1709558,0.03588907014681886
2022-02-17,3170,3210,3105,3160,2054354,-0.0047244094488189115
2022-02-18,3145,3235,3100,3160,2772984,0.0
2022-02-21,3105,3125,3055,3105,1399377,-0.017405063291139222
2022-02-22,3040,3065,2980,2995,2940312,-0.03542673107890504
2022-02-23,3030,3040,2990,3010,1297510,0.005008347245408995
2022-02-24,2995,3010,2925,2940,2158903,-0.023255813953488413
2022-02-25,2965,3005,2940,2950,2417390,0.00340136054421758
2022-02-28,2940,2970,2925,2955,1752209,0.0016949152542373724
2022-03-02,2940,2960,2910,2935,1952021,-0.006768189509306244
2022-03-03,2965,3025,2935,3020,2048776,0.028960817717206044
2022-03-04,3000,3005,2970,2980,1097768,-0.013245033112582738
2022-03-07,2950,2950,2845,2850,6311829,-0.043624161073825496
2022-03-08,2805,2845,2780,2780,1916581,-0.024561403508771895
2022-03-10,2835,2865,2815,2845,1910989,0.023381294964028854
2022-03-11,2840,2945,2830,2930,2364196,0.02987697715289972
2022-03-14,2930,2970,2910,2915,1211556,-0.005119453924914641
2022-03-15,2915,2935,2860,2870,1558997,-0.015437392795883409
2022-03-16,2910,2920,2850,2915,1460853,0.015679442508710784
2022-03-17,2970,3045,2940,2945,3627639,0.010291595197255532
2022-03-18,2945,2995,2935,2960,2456454,0.005093378607809784
2022-03-21,2965,2980,2920,2940,1623946,-0.006756756756756799
2022-03-22,2940,3045,2940,3040,3227465,0.03401360544217691
2022-03-23,3055,3075,3010,3055,2112893,0.004934210526315708
2022-03-24,3020,3050,3000,3050,1784251,-0.0016366612111292644
2022-03-25,3045,3055,2995,3020,1443620,-0.00983606557377048
2022-03-28,3025,3175,3015,3160,3917870,0.04635761589403975
2022-03-29,3160,3190,3120,3145,1821572,-0.004746835443038
2022-03-30,3145,3165,3090,3110,1589590,-0.011128775834658211
2022-03-31,3120,3185,3120,3150,1728739,0.012861736334405238
2022-04-01,3140,3190,3125,3155,1435282,0.0015873015873015817
2022-04-04,3155,3205,3130,3185,1684857,0.009508716323296307
2022-04-05,3185,3195,3125,3165,1485648,-0.006279434850863463
2022-04-06,3165,3255,3165,3235,2761458,0.02211690363349139
2022-04-07,3235,3260,3130,3145,2599789,-0.02782071097372485
2022-04-08,3145,3145,3055,3125,1690703,-0.006359300476947549
2022-04-11,3075,3170,3060,3165,1565451,0.012799999999999923
2022-04-12,3140,3175,3120,3125,1224707,-0.012638230647709303
2022-04-13,3125,3145,3060,3115,2119003,-0.0031999999999999806
2022-04-14,3115,3160,3115,3140,1439556,0.008025682182985605
2022-04-15,3135,3135,3085,3100,1143982,-0.01273885350318471
2022-04-18,3100,3100,3060,3070,1235611,-0.009677419354838679
2022-04-19,3070,3115,3065,3110,830896,0.013029315960912058
2022-04-20,3115,3150,3090,3115,1383214,0.001607717041800738
2022-04-21,3115,3140,3095,3115,847102,0.0
2022-04-22,3110,3120,3060,3105,1150555,-0.0032102728731941976
2022-04-25,3080,3130,3060,3075,1175759,-0.009661835748792313
2022-04-26,3075,3085,3015,3020,2121598,-0.01788617886178867
2022-04-27,2970,2985,2885,2920,3509522,-0.0331125827814569
2022-04-28,2940,2960,2905,2950,1434744,0.010273972602739656
2022-04-29,2950,2965,2920,2940,1309150,-0.003389830508474523
2022-05-02,2910,2915,2835,2890,3333314,-0.017006802721088454
2022-05-03,2890,2895,2855,2875,1195383,-0.00519031141868509
2022-05-04,2890,2895,2835,2855,1537660,-0.006956521739130417
2022-05-06,2835,2845,2790,2820,2285341,-0.012259194395796813
2022-05-09,2800,2835,2755,2770,2052599,-0.01773049645390068
2022-05-10,2735,2740,2635,2660,3432369,-0.03971119133574008
2022-05-11,2645,2655,2535,2575,5898861,-0.03195488721804507
2022-05-12,2560,2570,2460,2485,4212949,-0.03495145631067964
2022-05-13,2485,2565,2485,2555,2032767,0.028169014084507005
2022-05-16,2560,2615,2545,2550,1938233,-0.00195694716242667
2022-05-17,2530,2560,2515,2545,2190019,-0.0019607843137254832
2022-05-18,2555,2585,2500,2520,2154127,-0.00982318271119842
2022-05-19,2440,2495,2390,2390,3711110,-0.051587301587301626
2022-05-20,2390,2445,2380,2410,2439475,0.008368200836819994
2022-05-23,2430,2430,2385,2410,1853075,0.0
2022-05-24,2420,2445,2390,2400,1749395,-0.004149377593360981
2022-05-25,2410,2495,2395,2480,2096851,0.03333333333333344
2022-05-26,2490,2535,2470,2480,1909098,0.0
2022-05-27,2505,2635,2500,2625,3680121,0.058467741935483764
2022-05-30,2655,2685,2625,2625,1404625,0.0
2022-05-31,2630,2650,2575,2630,1729926,0.0019047619047618536
2022-06-02,2630,2630,2540,2565,2446795,-0.024714828897338448
2022-06-03,2585,2620,2570,2585,916688,0.007797270955165692
2022-06-07,2580,2585,2510,2525,1172838,-0.023210831721469982
2022-06-08,2525,2590,2520,2590,1736625,0.025742574257425765
2022-06-09,2570,2570,2490,2535,2041490,-0.021235521235521193
2022-06-10,2515,2515,2460,2480,1675198,-0.021696252465483234
2022-06-13,2415,2460,2395,2435,2302996,-0.01814516129032262
2022-06-14,2360,2410,2310,2375,2632693,-0.024640657084188944
2022-06-15,2365,2385,2335,2365,2148807,-0.004210526315789442
2022-06-16,2380,2425,2375,2380,1355363,0.00634249471458781
2022-06-17,2325,2345,2280,2315,1928489,-0.027310924369747913
2022-06-20,2315,2340,2215,2245,2159970,-0.030237580993520474
2022-06-21,2245,2345,2245,2320,1344986,0.03340757238307357
2022-06-22,2340,2345,2200,2235,2418098,-0.03663793103448276
2022-06-23,2235,2275,2135,2145,2345011,-0.04026845637583898
2022-06-24,2140,2220,2110,2210,1417851,0.030303030303030276
2022-06-27,2230,2290,2225,2285,1656865,0.03393665158371051
2022-06-28,2270,2295,2240,2270,943534,-0.006564551422319487
2022-06-29,2260,2310,2240,2300,1615100,0.013215859030837107
2022-06-30,2280,2295,2205,2225,1239863,-0.03260869565217395
2022-07-01,2270,2305,2220,2240,1329860,0.006741573033707926
2022-07-04,2240,2255,2180,2240,1341901,0.0
2022-07-05,2270,2280,2225,2250,632695,0.0044642857142858094
2022-07-06,2230,2240,2095,2100,2819242,-0.06666666666666665
2022-07-07,2130,2170,2110,2160,1477802,0.02857142857142847
2022-07-08,2170,2205,2160,2170,902682,0.004629629629629539
2022-07-11,2175,2190,2100,2120,1702121,-0.02304147465437789
2022-07-12,2110,2125,2085,2125,1177754,0.002358490566037652
2022-07-13,2130,2175,2110,2120,1344534,-0.0023529411764705577
2022-07-14,2100,2135,2060,2105,1825228,-0.007075471698113178
2022-07-15,2110,2110,2020,2050,1818585,-0.026128266033254133
2022-07-18,2075,2180,2070,2155,1807893,0.051219512195122
2022-07-19,2140,2170,2120,2150,749327,-0.002320185614849146
2022-07-20,2195,2235,2165,2195,1454027,0.020930232558139528
2022-07-21,2195,2220,2175,2220,701317,0.011389521640091216
2022-07-22,2200,2230,2185,2195,602046,-0.011261261261261257
2022-07-25,2195,2215,2180,2190,713262,-0.002277904328018221
2022-07-26,2185,2195,2165,2190,595349,0.0
2022-07-27,2195,2195,2165,2170,419094,-0.0091324200913242
2022-07-28,2195,2215,2170,2175,902119,0.0023041474654377225
2022-07-29,2185,2320,2180,2305,3374673,0.05977011494252871
2022-08-01,2285,2285,2205,2215,2211288,-0.0390455531453362
2022-08-02,2205,2205,2145,2155,1582538,-0.02708803611738153
2022-08-03,2150,2225,2145,2220,1578282,0.030162412993039345
2022-08-04,2225,2315,2215,2310,3138793,0.04054054054054057
2022-08-05,2315,2330,2285,2300,1198510,-0.0043290043290042934
2022-08-08,2300,2330,2265,2320,989217,0.008695652173912993
2022-08-09,2305,2345,2290,2325,1066232,0.0021551724137931494
2022-08-10,2290,2335,2285,2300,1104257,-0.010752688172043001
2022-08-11,2340,2345,2295,2320,1376195,0.008695652173912993
2022-08-12,2310,2380,2310,2370,1485651,0.02155172413793105
2022-08-16,2395,2395,2320,2325,1261253,-0.01898734177215189
2022-08-17,2345,2395,2330,2390,1463710,0.027956989247311936
2022-08-18,2370,2385,2340,2355,705902,-0.014644351464435101
2022-08-19,2355,2370,2325,2345,885351,-0.00424628450106157
2022-08-22,2315,2355,2285,2330,857096,-0.006396588486140775
2022-08-23,2320,2325,2285,2305,728176,-0.010729613733905574
2022-08-24,2295,2320,2280,2290,805481,-0.006507592190889366
2022-08-25,2290,2325,2290,2325,544110,0.015283842794759916
2022-08-26,2325,2335,2300,2310,675368,-0.006451612903225823
2022-08-29,2240,2270,2235,2255,919312,-0.023809523809523836
2022-08-30,2255,2370,2255,2330,1724721,0.03325942350332589
2022-08-31,2320,2340,2300,2310,902539,-0.008583690987124415
2022-09-01,2300,2305,2235,2235,1312511,-0.03246753246753242
2022-09-02,2240,2325,2235,2300,1440454,0.029082774049216997
2022-09-05,2320,2380,2305,2370,1624032,0.0304347826086957
2022-09-06,2390,2395,2320,2355,1041948,-0.006329113924050667
2022-09-07,2355,2360,2270,2290,1171815,-0.027600849256900206
2022-09-08,2315,2450,2310,2420,3736316,0.05676855895196509
2022-09-13,2465,2495,2445,2465,2792787,0.018595041322314154
2022-09-14,2405,2470,2385,2385,1713628,-0.032454361054766734
2022-09-15,2395,2405,2375,2380,1391123,-0.002096436058700246
2022-09-16,2370,2410,2320,2335,1396583,-0.018907563025210128
2022-09-19,2340,2350,2290,2310,734016,-0.010706638115631661
2022-09-20,2355,2385,2330,2355,1085269,0.01948051948051943
2022-09-21,2330,2360,2320,2320,746873,-0.014861995753715496
2022-09-22,2300,2320,2240,2270,961154,-0.02155172413793105
2022-09-23,2275,2380,2245,2370,2046961,0.044052863436123246
2022-09-26,2355,2370,2270,2275,2410081,-0.04008438818565396
2022-09-27,2270,2300,2170,2220,2975368,-0.0241758241758242
2022-09-28,2190,2195,2090,2150,2204911,-0.03153153153153154
2022-09-29,2180,2210,2125,2125,1734194,-0.011627906976744207
2022-09-30,2115,2150,2090,2090,1121072,-0.016470588235294126
2022-10-04,2110,2155,2100,2125,599366,0.01674641148325362
2022-10-05,2150,2155,2075,2080,1316969,-0.02117647058823524
2022-10-06,2090,2115,2080,2090,631953,0.004807692307692291
2022-10-07,2070,2125,2070,2115,899499,0.011961722488038173
2022-10-11,2110,2110,1985,1985,2380984,-0.0614657210401891
2022-10-12,2000,2000,1910,1960,2387852,-0.012594458438287104
2022-10-13,1945,1965,1895,1895,2558276,-0.03316326530612246
2022-10-14,1930,2055,1920,2020,3317921,0.06596306068601576
2022-10-17,1990,2080,1970,2070,1539512,0.024752475247524774
2022-10-18,2100,2135,2065,2090,1359639,0.009661835748792313
2022-10-19,2110,2130,2070,2070,1161282,-0.009569377990430672
2022-10-20,2065,2110,2060,2095,1160702,0.012077294685990392
2022-10-21,2080,2155,2070,2135,1836770,0.019093078758949833
2022-10-24,2175,2200,2125,2170,1601208,0.016393442622950838
2022-10-25,2160,2195,2125,2175,1431582,0.0023041474654377225
2022-10-26,2165,2205,2040,2095,1399607,-0.0367816091954023
2022-10-27,2115,2185,2110,2175,1536452,0.038186157517899666
2022-10-28,2175,2225,2160,2210,1141298,0.016091954022988464
2022-10-31,2220,2260,2180,2185,1024110,-0.011312217194570096
2022-11-01,2190,2230,2185,2200,889170,0.006864988558352492
2022-11-02,2190,2220,2175,2180,765196,-0.009090909090909038
2022-11-03,2165,2165,2125,2125,1708122,-0.025229357798165153
2022-11-04,2115,2150,2065,2105,1507034,-0.009411764705882342
2022-11-07,2110,2130,2060,2105,1539234,0.0
2022-11-08,2130,2160,2100,2140,1389902,0.016627078384798155
2022-11-09,2165,2195,2150,2180,1772773,0.01869158878504673
2022-11-10,2180,2210,2140,2195,1136048,0.006880733944954143
2022-11-11,2240,2245,2180,2195,1649674,0.0
2022-11-14,2200,2360,2180,2345,3244684,0.06833712984054663
2022-11-15,2355,2380,2285,2300,1700186,-0.019189765458422214
2022-11-16,2325,2325,2275,2275,842210,-0.010869565217391353
2022-11-17,2300,2320,2260,2275,694080,0.0
2022-11-18,2265,2280,2240,2240,866359,-0.01538461538461533
2022-11-21,2265,2320,2225,2300,1090923,0.02678571428571419
2022-11-22,2285,2310,2265,2275,786491,-0.010869565217391353
2022-11-23,2280,2310,2260,2295,775048,0.00879120879120876
2022-11-24,2285,2370,2280,2290,1842208,-0.002178649237472796
2022-11-25,2310,2430,2285,2380,3426595,0.0393013100436681
2022-11-28,2375,2420,2350,2405,1572277,0.010504201680672232
2022-11-29,2405,2435,2360,2425,890532,0.008316008316008316
2022-11-30,2420,2520,2405,2515,2649198,0.03711340206185576
2022-12-01,2510,2520,2460,2460,1816869,-0.021868787276341894
2022-12-02,2465,2515,2445,2470,1743821,0.004065040650406582
2022-12-05,2475,2490,2415,2425,1022006,-0.018218623481781382
2022-12-06,2405,2440,2360,2380,1250631,-0.01855670103092788
2022-12-07,2410,2410,2350,2365,874111,-0.006302521008403339
2022-12-08,2375,2435,2365,2410,1452695,0.019027484143763207
2022-12-09,2430,2525,2410,2520,1943645,0.045643153526971014
2022-12-12,2515,2585,2510,2575,2469936,0.021825396825396748
2022-12-13,2575,2585,2525,2565,1135939,-0.003883495145631022
2022-12-14,2585,2585,2490,2525,1490625,-0.015594541910331383
2022-12-15,2530,2580,2490,2500,1458051,-0.00990099009900991
2022-12-16,2460,2510,2450,2505,1376692,0.0020000000000000018
2022-12-19,2490,2490,2445,2465,1069877,-0.015968063872255467
2022-12-20,2475,2515,2435,2465,1222190,0.0
2022-12-21,2480,2490,2440,2480,663933,0.006085192697768749
2022-12-22,2500,2525,2455,2525,1349569,0.01814516129032251
2022-12-23,2485,2525,2480,2505,1340875,-0.007920792079207928
2022-12-26,2520,2555,2485,2540,1988802,0.013972055888223478
2022-12-27,2570,2635,2550,2560,2066971,0.007874015748031482
2022-12-28,2520,2735,2500,2705,3550673,0.056640625
2022-12-29,2700,2805,2685,2770,4359753,0.02402957486136792
2023-01-02,2775,2780,2625,2640,2366944,-0.04693140794223827
2023-01-03,2630,2660,2545,2600,1734841,-0.015151515151515138
2023-01-04,2605,2730,2565,2720,2184410,0.04615384615384621
2023-01-05,2695,2950,2695,2890,6308475,0.0625
2023-01-06,2880,2890,2775,2845,2760017,-0.01557093425605538
2023-01-09,2865,2960,2835,2845,3351142,0.0
2023-01-10,2840,2850,2740,2745,3069119,-0.03514938488576447
2023-01-11,2750,2775,2730,2755,1303993,0.0036429872495447047
2023-01-12,2755,2805,2730,2750,1334543,-0.001814882032667886
2023-01-13,2760,2855,2750,2835,2077483,0.030909090909090997
2023-01-16,2840,3000,2820,2960,4318941,0.04409171075837737
2023-01-17,2955,2975,2895,2930,1352099,-0.010135135135135087
2023-01-18,2915,2940,2880,2920,899387,-0.0034129692832765013
2023-01-19,2890,2980,2865,2970,1628173,0.017123287671232834
2023-01-20,2970,2985,2870,2885,2116382,-0.028619528619528656
2023-01-25,2885,2925,2870,2885,1340399,0.0
2023-01-26,2890,2920,2785,2805,3202580,-0.02772963604852685
2023-01-27,2805,2890,2785,2875,2607294,0.024955436720142554
2023-01-30,2875,2875,2720,2720,3313523,-0.05391304347826087
2023-01-31,2750,2785,2720,2740,1839634,0.007352941176470562
2023-02-01,2725,2790,2715,2725,2269276,-0.005474452554744547
2023-02-02,2730,2750,2555,2595,7367990,-0.047706422018348627
2023-02-03,2595,2610,2565,2595,3450863,0.0
2023-02-06,2595,2610,2540,2570,1973401,-0.009633911368015391
2023-02-07,2545,2590,2515,2530,2751223,-0.015564202334630295
2023-02-08,2540,2585,2540,2575,1517204,0.01778656126482203
2023-02-09,2560,2560,2490,2490,2914623,-0.03300970873786413
2023-02-10,2485,2525,2455,2500,1650334,0.004016064257028162
2023-02-13,2485,2520,2485,2515,1325859,0.006000000000000005
2023-02-14,2515,2560,2510,2535,1878336,0.007952286282306265
2023-02-15,2535,2540,2480,2505,1401623,-0.011834319526627168
2023-02-16,2505,2550,2495,2510,1594159,0.001996007984031989
2023-02-17,2480,2585,2470,2530,1779371,0.007968127490039834
2023-02-20,2530,2535,2495,2520,870726,-0.0039525691699604515
2023-02-21,2520,2545,2495,2500,1360698,-0.007936507936507908
2023-02-22,2500,2510,2460,2470,1344768,-0.01200000000000001
2023-02-23,2475,2895,2475,2810,17042955,0.13765182186234814
2023-02-24,2790,2890,2770,2835,4938674,0.008896797153024938
2023-02-27,2805,3015,2790,2965,7721932,0.04585537918871263
2023-02-28,2960,2995,2930,2975,2545522,0.003372681281618828
2023-03-02,2975,2990,2830,2875,4271023,-0.03361344537815125
2023-03-03,2865,2870,2675,2695,5555305,-0.06260869565217386
2023-03-06,2705,2720,2665,2670,2038703,-0.00927643784786647
2023-03-07,2685,2695,2645,2660,1507404,-0.0037453183520599342
2023-03-08,2665,2705,2605,2650,1981512,-0.003759398496240629
2023-03-09,2630,2880,2630,2815,6505909,0.062264150943396324
2023-03-10,2790,2790,2640,2655,3692553,-0.056838365896980436
2023-03-13,2645,2675,2540,2645,2568856,-0.0037664783427495685
2023-03-14,2615,2620,2480,2490,2791603,-0.05860113421550095
2023-03-15,2540,2635,2515,2620,2438837,0.052208835341365445
2023-03-16,2545,2575,2470,2495,2335037,-0.04770992366412219
2023-03-17,2520,2550,2510,2535,1561728,0.01603206412825653
2023-03-20,2525,2545,2480,2480,1818624,-0.021696252465483234
2023-03-21,2490,2535,2465,2470,1382588,-0.0040322580645161255
2023-03-22,2500,2550,2490,2515,1564914,0.018218623481781382
2023-03-23,2515,2530,2470,2480,1262110,-0.013916500994035741
2023-03-24,2485,2485,2380,2390,2521355,-0.03629032258064513
2023-03-27,2410,2410,2345,2385,1298409,-0.0020920502092049986
2023-03-28,2410,2430,2390,2420,1162882,0.01467505241090139
2023-03-29,2420,2450,2390,2415,1131961,-0.0020661157024793875
2023-03-30,2420,2425,2370,2410,1856128,-0.0020703933747412417
2023-03-31,2420,2455,2400,2400,1673330,-0.004149377593360981
2023-04-03,2400,2430,2375,2410,1637570,0.004166666666666652
2023-04-04,2410,2455,2395,2455,1389120,0.018672199170124415
2023-04-05,2465,2530,2460,2475,2040431,0.008146639511201537
2023-04-06,2475,2475,2350,2355,2652713,-0.048484848484848464
2023-04-07,2360,2385,2350,2360,1412192,0.002123142250530785
2023-04-10,2355,2370,2335,2340,1152227,-0.008474576271186418
2023-04-11,2345,2410,2330,2395,2060538,0.02350427350427342
2023-04-12,2375,2415,2375,2400,1084262,0.0020876826722338038
2023-04-13,2395,2465,2385,2460,2998104,0.02499999999999991
2023-04-14,2465,2480,2425,2450,1269038,-0.004065040650406471
2023-04-17,2450,2450,2420,2450,1137294,0.0
2023-04-18,2440,2470,2420,2460,1275639,0.004081632653061273
2023-04-19,2465,2515,2455,2470,1789659,0.004065040650406582
2023-04-20,2470,2500,2450,2490,1244759,0.00809716599190291
2023-04-21,2480,2495,2435,2465,1199914,-0.010040160642570295
2023-04-24,2465,2470,2410,2415,1023367,-0.020283975659229236
2023-04-25,2415,2510,2405,2485,2935552,0.02898550724637672
2023-04-26,2470,2515,2435,2495,1955958,0.004024144869215318
2023-04-27,2495,2495,2340,2405,2534969,-0.03607214428857719
2023-04-28,2420,2480,2405,2480,1614727,0.031185031185031242
2023-05-02,2475,2530,2470,2520,1651725,0.016129032258064502
2023-05-03,2500,2535,2430,2455,1593369,-0.025793650793650813
2023-05-04,2435,2445,2400,2445,1267997,-0.004073319755600768
2023-05-08,2445,2505,2435,2500,1397770,0.02249488752556239
2023-05-09,2505,2545,2470,2540,1815933,0.016000000000000014
2023-05-10,2535,2660,2515,2590,3257751,0.019685039370078705
2023-05-11,2600,2645,2575,2600,1861611,0.0038610038610038533
2023-05-12,2600,2615,2550,2595,2110076,-0.0019230769230769162
2023-05-15,2585,2600,2430,2445,2534147,-0.05780346820809246
2023-05-16,2450,2480,2430,2435,1152767,-0.004089979550102263
2023-05-17,2440,2515,2435,2485,1228965,0.02053388090349073
2023-05-18,2505,2515,2465,2490,797639,0.002012072434607548
2023-05-19,2485,2515,2480,2495,747918,0.002008032128514081
2023-05-22,2510,2580,2495,2565,1735460,0.028056112224448926
2023-05-23,2580,2590,2545,2565,1128658,0.0
2023-05-24,2550,2605,2540,2595,1255856,0.011695906432748648
2023-05-25,2575,2595,2545,2590,1072155,-0.0019267822736031004
2023-05-26,2575,2590,2555,2575,881744,-0.00579150579150578
2023-05-30,2585,2585,2515,2525,1146412,-0.01941747572815533
2023-05-31,2510,2615,2510,2525,2185758,0.0
2023-06-01,2550,2560,2525,2550,852941,0.00990099009900991
2023-06-02,2580,2595,2540,2585,852377,0.013725490196078383
2023-06-05,2600,2615,2585,2595,1022077,0.003868471953578423
2023-06-07,2600,2645,2580,2585,1186853,-0.003853564547206201
2023-06-08,2590,2670,2580,2640,2075455,0.02127659574468077
2023-06-09,2655,2695,2645,2660,1550962,0.007575757575757569
2023-06-12,2680,2700,2650,2675,1288883,0.005639097744360999
2023-06-13,2675,2690,2645,2675,1163296,0.0
2023-06-14,2670,2680,2630,2675,1483173,0.0
2023-06-15,2675,2675,2610,2620,1265207,-0.020560747663551426
2023-06-16,2630,2675,2620,2640,4293169,0.007633587786259444
2023-06-19,2640,2655,2530,2555,1947247,-0.032196969696969724
2023-06-20,2555,2605,2545,2560,1163302,0.001956947162426559
2023-06-21,2560,2635,2545,2615,1250991,0.021484375
2023-06-22,2620,2620,2585,2590,636070,-0.009560229445506718
2023-06-23,2590,2610,2490,2505,1598109,-0.032818532818532864
2023-06-26,2505,2625,2500,2555,1593953,0.019960079840319445
2023-06-27,2560,2585,2550,2580,738589,0.009784735812133016
2023-06-28,2600,2630,2565,2625,1318114,0.01744186046511631
2023-06-29,2620,2620,2530,2530,1123145,-0.03619047619047622
2023-06-30,2560,2580,2530,2580,702277,0.01976284584980248
2023-07-03,2580,2605,2570,2590,689907,0.003875968992248069
2023-07-04,2580,2580,2510,2515,1591924,-0.02895752895752901
2023-07-05,2515,2540,2500,2510,980779,-0.001988071570576566
2023-07-06,2510,2520,2435,2440,2847543,-0.027888446215139417
2023-07-07,2435,2435,2370,2400,3038285,-0.016393442622950838
2023-07-10,2390,2485,2390,2455,1012309,0.022916666666666696
2023-07-11,2455,2515,2455,2510,934591,0.022403258655804503
2023-07-12,2520,2540,2490,2490,1004200,-0.007968127490039834
2023-07-13,2515,2545,2480,2480,1782758,-0.004016064257028162
2023-07-14,2505,2520,2480,2495,1315521,0.006048387096774244
2023-07-17,2505,2515,2470,2480,993442,-0.006012024048096198
2023-07-18,2510,2510,2450,2455,1046624,-0.01008064516129037
2023-07-19,2455,2470,2420,2420,875306,-0.014256619144602856
2023-07-20,2410,2455,2400,2425,814784,0.0020661157024792765
2023-07-21,2435,2475,2420,2455,751052,0.012371134020618513
2023-07-24,2450,2455,2370,2395,1398562,-0.024439918533604943
2023-07-25,2395,2420,2360,2375,1418199,-0.008350730688935326
2023-07-26,2360,2370,2260,2320,2682666,-0.023157894736842155
2023-07-27,2310,2370,2300,2365,1755212,0.0193965517241379
2023-07-28,2340,2385,2335,2345,1224275,-0.008456659619450302
2023-07-31,2355,2410,2355,2365,1643878,0.008528784648187626
2023-08-01,2365,2420,2325,2395,974269,0.012684989429175397
2023-08-02,2400,2425,2375,2395,1214142,0.0
2023-08-03,2410,2415,2370,2385,1155250,-0.0041753653444676075
2023-08-04,2395,2465,2375,2440,1830427,0.023060796645702375
2023-08-07,2425,2510,2425,2485,1960587,0.018442622950819665
2023-08-08,2490,2530,2460,2490,1573156,0.002012072434607548
2023-08-09,2490,2495,2445,2485,1020902,-0.002008032128514081
2023-08-10,2485,2505,2380,2405,2749589,-0.03219315895372232
2023-08-11,2400,2455,2380,2400,1600954,-0.0020790020790020236
2023-08-14,2415,2415,2385,2400,1385250,0.0
2023-08-16,2380,2395,2310,2320,2399745,-0.033333333333333326
2023-08-17,2305,2310,2180,2220,2804795,-0.0431034482758621
2023-08-18,2180,2220,2150,2165,2044245,-0.024774774774774744
2023-08-21,2175,2320,2175,2300,2553020,0.06235565819861422
2023-08-22,2290,2290,2220,2230,1484491,-0.0304347826086957
2023-08-23,2220,2265,2220,2235,676636,0.0022421524663676085
2023-08-24,2240,2265,2220,2265,857816,0.01342281879194629
2023-08-25,2240,2270,2225,2260,1013226,-0.002207505518763808
2023-08-28,2280,2310,2270,2305,842479,0.019911504424778848
2023-08-29,2310,2330,2295,2325,584874,0.008676789587852562
2023-08-30,2365,2475,2345,2405,3714748,0.03440860215053765
2023-08-31,2395,2520,2395,2515,4180192,0.04573804573804563
2023-09-01,2505,2510,2460,2485,1367400,-0.011928429423459286
2023-09-04,2470,2525,2450,2480,1138376,-0.002012072434607659
2023-09-05,2475,2520,2450,2470,2069357,-0.0040322580645161255
2023-09-06,2460,2510,2450,2470,1040313,0.0
2023-09-07,2455,2480,2420,2470,1182719,0.0
2023-09-08,2470,2500,2465,2500,978054,0.012145748987854255
2023-09-11,2500,2725,2495,2695,6992367,0.07800000000000007
2023-09-12,2680,2710,2650,2655,1840524,-0.014842300556586308
2023-09-13,2645,2930,2640,2815,8142702,0.06026365348399243
2023-09-14,2825,2965,2820,2960,5846689,0.051509769094138624
2023-09-15,2950,3150,2945,3120,10155836,0.054054054054053946
2023-09-18,3100,3120,3010,3060,3552793,-0.019230769230769273
2023-09-19,3045,3080,3010,3045,2279265,-0.004901960784313708
2023-09-20,3040,3115,2985,3075,2219328,0.009852216748768461
2023-09-21,3040,3120,3040,3090,2012628,0.004878048780487809
2023-09-22,3055,3090,2995,3055,2084452,-0.01132686084142398
2023-09-25,3055,3055,2940,3000,2747971,-0.018003273322422242
2023-09-26,2995,3000,2870,2890,3077223,-0.036666666666666625
2023-09-27,2865,2925,2830,2855,1673910,-0.01211072664359858
2023-10-04,2815,2965,2780,2925,4326204,0.024518388791593626
2023-10-05,2925,2945,2845,2870,2845735,-0.018803418803418848
2023-10-06,2890,2895,2840,2895,1062759,0.008710801393728262
2023-10-10,2925,2960,2800,2855,1722273,-0.013816925734024155
2023-10-11,2880,2895,2810,2850,1520256,-0.0017513134851138146
2023-10-12,2875,2875,2805,2830,2275347,-0.007017543859649145
2023-10-13,2810,2970,2810,2915,2785903,0.030035335689045928
2023-10-16,2920,2920,2820,2885,1525963,-0.010291595197255532
2023-10-17,2905,2920,2850,2885,1428807,0.0
2023-10-18,2885,3070,2885,2990,3330092,0.03639514731369142
2023-10-19,2970,2990,2935,2965,1642823,-0.00836120401337792
2023-10-20,2980,3015,2950,2960,2663015,-0.001686340640809414
2023-10-23,2960,2965,2825,2850,2014012,-0.03716216216216217
2023-10-24,2865,2880,2770,2800,1898961,-0.01754385964912286
2023-10-25,2800,2875,2795,2810,1132413,0.0035714285714285587
2023-10-26,2835,2840,2765,2765,1499569,-0.016014234875444844
2023-10-27,2790,2800,2750,2755,1449731,-0.003616636528028905
2023-10-30,2745,2780,2720,2760,971412,0.001814882032667775
2023-10-31,2800,2910,2760,2770,2228456,0.0036231884057971175
2023-11-01,2775,2860,2775,2835,1482798,0.023465703971119023
2023-11-02,2855,2860,2625,2650,4839534,-0.06525573192239864
2023-11-03,2655,2720,2650,2700,1544638,0.018867924528301883
2023-11-06,2750,2800,2700,2800,2035892,0.03703703703703698
2023-11-07,2775,2825,2770,2785,1203645,-0.005357142857142838
2023-11-08,2825,2825,2715,2720,1266513,-0.02333931777378817
2023-11-09,2710,2785,2710,2765,1260864,0.016544117647058876
2023-11-10,2770,2790,2740,2760,665243,-0.001808318264014508
2023-11-13,2785,2850,2765,2785,1730624,0.009057971014492683
2023-11-14,2835,2855,2775,2830,1119487,0.016157989228007263
2023-11-15,2820,2840,2675,2745,2870903,-0.030035335689045928
2023-11-16,2745,2765,2725,2745,1041155,0.0
2023-11-17,2735,2765,2650,2685,1884819,-0.021857923497267784
2023-11-20,2685,2745,2660,2740,1134488,0.020484171322160183
2023-11-21,2760,2760,2720,2735,1110626,-0.0018248175182481452
2023-11-22,2715,2870,2715,2790,2329286,0.02010968921389389
2023-11-23,2790,2835,2785,2810,935118,0.007168458781362075
2023-11-24,2825,2850,2810,2820,643155,0.003558718861210064
2023-11-27,2820,2885,2805,2835,907571,0.005319148936170137
2023-11-28,2835,2845,2810,2820,922031,-0.005291005291005346
2023-11-29,2815,2820,2710,2730,1548954,-0.03191489361702127
2023-11-30,2735,2770,2700,2765,1312688,0.012820512820512775
2023-12-01,2755,2770,2675,2740,787496,-0.009041591320072317
2023-12-04,2740,2755,2715,2725,893574,-0.005474452554744547
2023-12-05,2715,2780,2715,2750,948460,0.00917431192660545
2023-12-06,2765,2785,2735,2735,774927,-0.00545454545454549
2023-12-07,2720,2735,2680,2695,1247098,-0.014625228519195566
2023-12-08,2700,2720,2680,2690,970068,-0.0018552875695733162
2023-12-11,2695,2710,2690,2695,568848,0.0018587360594795044
2023-12-12,2710,2750,2680,2680,1269853,-0.005565862708719838
2023-12-13,2700,2725,2670,2670,1058454,-0.003731343283582045
2023-12-14,2700,2715,2650,2695,2218703,0.009363295880149725
2023-12-15,2695,2705,2660,2665,1302649,-0.011131725417439675
2023-12-18,2665,2680,2650,2670,1123489,0.0018761726078799779
2023-12-19,2660,2790,2615,2790,4322684,0.04494382022471921
2023-12-20,2770,2815,2765,2790,1444643,0.0
2023-12-21,2785,2790,2745,2765,564193,-0.008960573476702538
2023-12-22,2780,2780,2730,2735,857676,-0.010849909584086825
2023-12-26,2740,2775,2715,2775,1189962,0.014625228519195677
2023-12-27,2755,2765,2705,2760,1218214,-0.00540540540540535
2023-12-28,2760,2840,2745,2830,1568932,0.0253623188405796
2024-01-02,2800,2805,2735,2755,1276327,-0.026501766784452263
2024-01-03,2745,2745,2675,2675,1535305,-0.029038112522686066
2024-01-04,2660,2670,2620,2625,1477686,-0.01869158878504673
2024-01-05,2625,2635,2570,2575,1520501,-0.01904761904761909
2024-01-08,2575,2585,2510,2520,1542558,-0.021359223300970842
2024-01-09,2550,2565,2525,2550,989078,0.011904761904761862
2024-01-10,2550,2550,2500,2510,984159,-0.015686274509803977
2024-01-11,2535,2560,2515,2530,1183966,0.007968127490039834
2024-01-12,2540,2605,2525,2550,1499115,0.007905138339920903
2024-01-15,2535,2610,2535,2600,834654,0.019607843137254832
2024-01-16,2575,2590,2540,2555,877106,-0.017307692307692357
2024-01-17,2560,2565,2490,2490,1078002,-0.025440313111546042
2024-01-18,2490,2490,2420,2435,1486045,-0.02208835341365467
2024-01-19,2450,2475,2440,2440,951573,0.002053388090349051
2024-01-22,2450,2490,2445,2470,562003,0.012295081967213184
2024-01-23,2475,2630,2475,2620,2005807,0.06072874493927127
2024-01-24,2615,2710,2580,2685,2389083,0.024809160305343525
2024-01-25,2680,2705,2645,2690,885182,0.0018621973929235924
2024-01-26,2670,2710,2650,2655,819395,-0.013011152416356864
2024-01-29,2655,2800,2650,2775,3495391,0.04519774011299438
2024-01-30,2805,3100,2795,3010,15641527,0.08468468468468471
2024-01-31,2995,3040,2935,3035,4100253,0.008305647840531671
2024-02-01,3020,3585,2995,3355,42923987,0.10543657331136735
2024-02-02,3470,3580,3235,3540,19732300,0.055141579731743606
2024-02-05,3605,3740,3460,3690,14550218,0.04237288135593231
2024-02-06,3690,3745,3495,3545,7367691,-0.03929539295392959
2024-02-07,3555,3690,3460,3660,5903490,0.03244005641748937
2024-02-08,3605,3780,3585,3645,5861335,-0.004098360655737654
2024-02-13,3650,3815,3510,3550,9117384,-0.026063100137174167
2024-02-14,3500,3605,3380,3455,5955165,-0.026760563380281654
2024-02-15,3450,3455,3310,3365,4857865,-0.02604920405209843
2024-02-16,3380,3460,3330,3440,4276043,0.022288261515601704
2024-02-19,3415,3560,3405,3505,4546934,0.018895348837209225
2024-02-20,3510,3525,3340,3390,3413554,-0.032810271041369465
2024-02-21,3395,3515,3370,3415,3892385,0.007374631268436627
2024-02-22,3465,3475,3320,3360,3473961,-0.016105417276720324
2024-02-23,3405,3515,3355,3385,4629615,0.007440476190476275
2024-02-26,3235,3250,3005,3060,8497439,-0.09601181683899562
2024-02-27,3050,3090,3010,3030,3045410,-0.009803921568627416
2024-02-28,3010,3120,2990,3100,2997940,0.02310231023102305
2024-02-29,3120,3185,3100,3150,3230708,0.016129032258064502
2024-03-04,3185,3310,3185,3245,2821253,0.03015873015873005
2024-03-05,3230,3275,3150,3160,2296224,-0.026194144838212585
2024-03-06,3140,3210,3120,3170,1744127,0.0031645569620253333
2024-03-07,3185,3220,3120,3200,2618518,0.009463722397476282
2024-03-08,3260,3275,3145,3150,1970170,-0.015625
2024-03-11,3120,3155,3100,3130,1396101,-0.006349206349206327
2024-03-12,3145,3170,3115,3150,1937740,0.006389776357827559
2024-03-13,3155,3245,3145,3190,1924237,0.012698412698412653
2024-03-14,3200,3285,3170,3265,3083909,0.023510971786833812
2024-03-15,3260,3345,3205,3250,4717077,-0.004594180704441064
2024-03-18,3275,3280,3155,3190,2129017,-0.018461538461538418
2024-03-19,3160,3240,3150,3160,1968818,-0.009404388714733591
2024-03-20,3175,3250,3160,3170,1732000,0.0031645569620253333
2024-03-21,3200,3265,3195,3250,2354274,0.025236593059936974
2024-03-22,3260,3285,3185,3195,1845777,-0.01692307692307693
2024-03-25,3205,3205,3100,3110,2169751,-0.026604068857590035
2024-03-26,3115,3150,3075,3085,1967143,-0.008038585209003246
2024-03-27,3075,3085,2985,3015,3960024,-0.02269043760129663
2024-03-28,2910,2965,2885,2900,3653704,-0.03814262023217252
2024-03-29,2910,2920,2810,2835,2781608,-0.022413793103448265
2024-04-01,2835,2865,2810,2835,1690617,0.0
2024-04-02,2825,2890,2820,2860,1466057,0.008818342151675429
2024-04-03,2865,2875,2820,2830,1439959,-0.010489510489510523
2024-04-04,2845,2885,2835,2860,900610,0.010600706713780994
2024-04-05,2845,2860,2805,2805,1441642,-0.019230769230769273
2024-04-08,2805,2885,2805,2860,1376473,0.019607843137254832
2024-04-09,2870,2910,2815,2820,1106007,-0.013986013986013957
2024-04-11,2765,2790,2700,2720,2302579,-0.03546099290780147
2024-04-12,2710,2745,2620,2630,3347645,-0.03308823529411764
2024-04-15,2610,2650,2585,2650,1771489,0.0076045627376426506
2024-04-16,2620,2625,2580,2615,1142586,-0.013207547169811318
2024-04-17,2625,2645,2605,2625,714187,0.003824091778202643
2024-04-18,2635,2655,2610,2635,1282098,0.003809523809523707
2024-04-19,2615,2640,2585,2625,1622656,-0.003795066413662229
2024-04-22,2650,2780,2635,2775,2697817,0.05714285714285716
2024-04-23,2795,2865,2765,2825,2203990,0.018018018018018056
2024-04-24,2855,2885,2825,2870,1796728,0.015929203539823078
2024-04-25,2860,2940,2845,2910,2181107,0.013937282229965264
2024-04-26,2930,2950,2875,2915,2121088,0.0017182130584192379
2024-04-29,2925,2950,2895,2950,1584475,0.012006861063464935
2024-04-30,2925,2950,2885,2950,1660396,0.0
2024-05-02,2910,2940,2870,2895,1676276,-0.01864406779661021
2024-05-03,2900,2900,2830,2850,1216140,-0.015544041450777257
2024-05-07,2880,2980,2875,2960,2199630,0.03859649122807007
2024-05-08,2950,2990,2925,2975,1513335,0.0050675675675675436
2024-05-09,2975,2985,2935,2945,1832960,-0.010084033613445342
2024-05-10,2965,3050,2960,3015,2096375,0.02376910016977929
2024-05-13,3025,3085,3000,3035,2014235,0.0066334991708125735
2024-05-14,3065,3070,2950,3060,2799422,0.008237232289950658
2024-05-16,3090,3210,3085,3160,4108993,0.03267973856209161
2024-05-17,3150,3155,3010,3010,1978705,-0.04746835443037978
2024-05-20,3025,3085,3000,3025,1169036,0.004983388704318914
2024-05-21,3010,3025,2960,2975,1217066,-0.016528925619834656
2024-05-22,2975,2980,2900,2920,1406499,-0.01848739495798324
2024-05-23,2900,2920,2860,2890,1253443,-0.010273972602739767
2024-05-24,2855,2885,2840,2840,1098774,-0.01730103806228378
2024-05-27,2845,2870,2755,2770,2006940,-0.02464788732394363
2024-05-28,2765,2835,2760,2815,1233448,0.016245487364620947
2024-05-29,2790,2815,2760,2780,1689917,-0.01243339253996445
2024-05-30,2750,2790,2725,2760,989073,-0.007194244604316502
2024-05-31,2790,2815,2760,2805,2008916,0.016304347826086918
2024-06-03,2820,2850,2785,2815,1357292,0.0035650623885918886
2024-06-04,2790,2815,2760,2790,1770580,-0.008880994671403242
2024-06-05,2795,2795,2750,2760,1337872,-0.010752688172043001
2024-06-07,2765,2845,2765,2800,1339359,0.01449275362318847
2024-06-10,2800,2810,2775,2785,774759,-0.005357142857142838
2024-06-11,2790,2820,2750,2750,1107427,-0.012567324955116699
2024-06-12,2740,2760,2720,2740,760906,-0.0036363636363636598
2024-06-13,2760,2800,2710,2710,2232530,-0.010948905109489093
2024-06-14,2710,2765,2695,2750,1724031,0.014760147601476037
2024-06-17,2740,2780,2740,2760,789939,0.0036363636363636598
2024-06-18,2780,2915,2750,2865,5536436,0.03804347826086962
2024-06-19,2860,2930,2830,2910,2579210,0.015706806282722585
2024-06-20,2920,2995,2880,2990,1657276,0.027491408934707806
2024-06-21,2990,3005,2925,2965,1445290,-0.00836120401337792
2024-06-24,2960,3000,2920,2970,1513756,0.001686340640809414
2024-06-25,2995,3010,2965,2995,861369,0.008417508417508435
2024-06-26,2970,2990,2935,2945,1072362,-0.016694490818030094
2024-06-27,2925,2950,2900,2940,951721,-0.001697792869269965
2024-06-28,2945,3050,2940,3000,2697733,0.020408163265306145
2024-07-01,2995,3030,2955,2985,944635,-0.0050000000000000044
2024-07-02,2960,3090,2950,3050,3363149,0.021775544388609624
2024-07-03,3050,3075,3015,3045,1424250,-0.0016393442622950616
2024-07-04,3050,3125,3020,3045,2625680,0.0
2024-07-05,3050,3100,3020,3025,1573311,-0.006568144499178974
2024-07-08,3020,3025,2955,2955,1342945,-0.023140495867768562
2024-07-09,2980,3005,2935,2960,937613,0.0016920473773265332
2024-07-10,2950,3055,2945,3025,1354296,0.02195945945945943
