Date,Open,High,Low,Close,Volume,Change
2022-01-03,0,0,0,2590,0,0.0
2022-01-04,0,0,0,2590,0,0.0
2022-01-05,0,0,0,2590,0,0.0
2022-01-06,0,0,0,2590,0,0.0
2022-01-07,0,0,0,2590,0,0.0
2022-01-10,0,0,0,2590,0,0.0
2022-01-11,0,0,0,2590,0,0.0
2022-01-12,0,0,0,2590,0,0.0
2022-01-13,0,0,0,2590,0,0.0
2022-01-14,0,0,0,2590,0,0.0
2022-01-17,0,0,0,2590,0,0.0
2022-01-18,0,0,0,2590,0,0.0
2022-01-19,0,0,0,2590,0,0.0
2022-01-20,0,0,0,2590,0,0.0
2022-01-21,0,0,0,2590,0,0.0
2022-01-24,0,0,0,2590,0,0.0
2022-01-25,0,0,0,2590,0,0.0
2022-01-26,0,0,0,2590,0,0.0
2022-01-27,0,0,0,2590,0,0.0
2022-01-28,0,0,0,2590,0,0.0
2022-02-03,0,0,0,2590,0,0.0
2022-02-04,0,0,0,2590,0,0.0
2022-02-07,0,0,0,2590,0,0.0
2022-02-08,0,0,0,2590,0,0.0
2022-02-09,0,0,0,2590,0,0.0
2022-02-10,0,0,0,2590,0,0.0
2022-02-11,0,0,0,2590,0,0.0
2022-02-14,0,0,0,2590,0,0.0
2022-02-15,0,0,0,2590,0,0.0
2022-02-16,0,0,0,2590,0,0.0
2022-02-17,0,0,0,2590,0,0.0
2022-02-18,0,0,0,2590,0,0.0
2022-02-21,0,0,0,2590,0,0.0
2022-02-22,0,0,0,2590,0,0.0
2022-02-23,0,0,0,2590,0,0.0
2022-02-24,0,0,0,2590,0,0.0
2022-02-25,0,0,0,2590,0,0.0
2022-02-28,0,0,0,2590,0,0.0
2022-03-02,0,0,0,2590,0,0.0
2022-03-03,0,0,0,2590,0,0.0
2022-03-04,0,0,0,2590,0,0.0
2022-03-07,0,0,0,2590,0,0.0
2022-03-08,0,0,0,2590,0,0.0
2022-03-10,0,0,0,2590,0,0.0
2022-03-11,0,0,0,2590,0,0.0
2022-03-14,0,0,0,2590,0,0.0
2022-03-15,0,0,0,2590,0,0.0
2022-03-16,0,0,0,2590,0,0.0
2022-03-17,0,0,0,2590,0,0.0
2022-03-18,0,0,0,2590,0,0.0
2022-03-21,0,0,0,2590,0,0.0
2022-03-22,0,0,0,2590,0,0.0
2022-03-23,0,0,0,2590,0,0.0
2022-03-24,0,0,0,2590,0,0.0
2022-03-25,0,0,0,2590,0,0.0
2022-03-28,0,0,0,2590,0,0.0
2022-03-29,0,0,0,2590,0,0.0
2022-03-30,0,0,0,2590,0,0.0
2022-03-31,0,0,0,2590,0,0.0
2022-04-01,0,0,0,2590,0,0.0
2022-04-04,0,0,0,2590,0,0.0
2022-04-05,0,0,0,2590,0,0.0
2022-04-06,0,0,0,2590,0,0.0
2022-04-07,0,0,0,2590,0,0.0
2022-04-08,0,0,0,2590,0,0.0
2022-04-11,0,0,0,2590,0,0.0
2022-04-12,0,0,0,2590,0,0.0
2022-04-13,0,0,0,2590,0,0.0
2022-04-14,0,0,0,2590,0,0.0
2022-04-15,0,0,0,2590,0,0.0
2022-04-18,0,0,0,2590,0,0.0
2022-04-19,0,0,0,2590,0,0.0
2022-04-20,0,0,0,2590,0,0.0
2022-04-21,0,0,0,2590,0,0.0
2022-04-22,2590,2780,2415,2600,3368533,0.0038610038610038533
2022-04-25,2600,2630,2475,2545,851307,-0.02115384615384619
2022-04-26,2520,2535,2450,2490,544113,-0.0216110019646365
2022-04-27,2425,2540,2410,2510,371919,0.008032128514056325
2022-04-28,2545,2630,2510,2555,727322,0.017928286852589626
2022-04-29,2595,2595,2530,2540,172366,-0.005870841487279899
2022-05-02,2540,2570,2480,2565,235838,0.009842519685039353
2022-05-03,2575,2575,2550,2550,143461,-0.005847953216374324
2022-05-04,2570,2580,2530,2540,149260,-0.0039215686274509665
2022-05-06,2540,2540,2490,2510,91700,-0.011811023622047223
2022-05-09,2535,2535,2460,2460,127960,-0.019920318725099584
2022-05-10,2455,2460,2400,2445,140815,-0.0060975609756097615
2022-05-11,2470,2470,2425,2425,89481,-0.008179959100204526
2022-05-12,2420,2450,2360,2425,130763,0.0
2022-05-13,2435,2435,2375,2415,32508,-0.004123711340206171
2022-05-16,2415,2435,2400,2430,23126,0.006211180124223503
2022-05-17,2440,2445,2365,2440,11476,0.004115226337448652
2022-05-18,2445,2455,2400,2440,39170,0.0
2022-05-19,2430,2435,2360,2400,102784,-0.016393442622950838
2022-05-20,2420,2470,2380,2460,60317,0.02499999999999991
2022-05-23,2460,2520,2455,2515,124520,0.022357723577235866
2022-05-24,2535,2535,2460,2470,129721,-0.017892644135188873
2022-05-25,2495,2495,2430,2460,27660,-0.004048582995951455
2022-05-26,2490,2490,2435,2450,42521,-0.004065040650406471
2022-05-27,2450,2485,2440,2455,12545,0.0020408163265306367
2022-05-30,2435,2475,2430,2460,32812,0.0020366598778003286
2022-05-31,2460,2480,2450,2465,16366,0.00203252032520318
2022-06-02,2440,2475,2440,2450,11585,-0.006085192697768749
2022-06-03,2470,2470,2435,2455,11163,0.0020408163265306367
2022-06-07,2450,2465,2440,2455,19918,0.0
2022-06-08,2450,2490,2440,2480,56358,0.010183299389002087
2022-06-09,2485,2585,2480,2530,280203,0.02016129032258074
2022-06-10,2540,2540,2500,2505,37125,-0.00988142292490124
2022-06-13,2520,2520,2445,2460,70051,-0.017964071856287456
2022-06-14,2460,2480,2405,2445,90064,-0.0060975609756097615
2022-06-15,2420,2465,2400,2445,58013,0.0
2022-06-16,2410,2455,2410,2430,19607,-0.006134969325153339
2022-06-17,2400,2400,2325,2360,74330,-0.028806584362139898
2022-06-20,2435,2435,2290,2325,74584,-0.014830508474576232
2022-06-21,2375,2375,2300,2355,30899,0.012903225806451646
2022-06-22,2375,2375,2270,2300,56393,-0.023354564755838636
2022-06-23,2325,2325,2140,2195,246838,-0.04565217391304344
2022-06-24,2275,2275,2165,2175,60502,-0.009111617312072884
2022-06-27,2260,2260,2135,2180,105753,0.0022988505747125743
2022-06-28,2215,2215,2145,2190,110751,0.004587155963302836
2022-06-29,2220,2250,2190,2220,81455,0.013698630136986356
2022-06-30,2175,2250,2175,2200,63590,-0.009009009009009028
2022-07-01,2275,2275,2140,2140,96022,-0.027272727272727226
2022-07-04,2195,2195,1970,2000,426090,-0.06542056074766356
2022-07-05,2010,2050,1980,1990,148966,-0.0050000000000000044
2022-07-06,2025,2055,1990,2045,88955,0.027638190954773822
2022-07-07,2085,2085,1995,2040,83431,-0.0024449877750610804
2022-07-08,2050,2180,2045,2130,204511,0.044117647058823595
2022-07-11,2220,2765,2080,2395,10614858,0.12441314553990601
2022-07-12,2340,2485,2280,2375,3223453,-0.008350730688935326
2022-07-13,2505,2525,2280,2330,1862849,-0.0189473684210526
2022-07-14,2295,2320,2220,2300,526312,-0.012875536480686733
2022-07-15,2290,2300,2150,2150,623238,-0.06521739130434778
2022-07-18,2175,2235,2125,2165,372548,0.006976744186046435
2022-07-19,2150,2180,2110,2125,261070,-0.018475750577367167
2022-07-20,2160,2160,2095,2125,173072,0.0
2022-07-21,2100,2125,2085,2090,230714,-0.016470588235294126
2022-07-22,2100,2140,2055,2080,178257,-0.004784688995215336
2022-07-25,2120,2120,2045,2050,118639,-0.014423076923076872
2022-07-26,2060,2130,2055,2060,96009,0.004878048780487809
2022-07-27,2080,2105,2060,2065,33004,0.0024271844660195274
2022-07-28,2095,2100,2060,2090,58667,0.012106537530266248
2022-07-29,2090,2115,2065,2090,35643,0.0
2022-08-01,2120,2120,2055,2085,150346,-0.0023923444976076125
2022-08-02,2115,2115,2075,2085,32098,0.0
2022-08-03,2050,2090,2050,2090,62548,0.0023980815347721673
2022-08-04,2060,2165,2060,2115,117039,0.011961722488038173
2022-08-05,2140,2200,2085,2170,146771,0.026004728132387633
2022-08-08,2200,2290,2170,2245,321977,0.034562211981566726
2022-08-09,2300,2300,2185,2225,195355,-0.008908685968819552
2022-08-10,2195,2295,2185,2245,336382,0.008988764044943753
2022-08-11,2285,2285,2210,2220,147324,-0.011135857461024523
2022-08-12,2230,2240,2130,2160,272787,-0.027027027027026973
2022-08-16,2160,2180,2095,2140,146715,-0.0092592592592593
2022-08-17,2140,2155,2075,2080,116436,-0.028037383177570097
2022-08-18,2125,2125,2000,2040,217694,-0.019230769230769273
2022-08-19,2025,2085,1985,1990,430876,-0.02450980392156865
2022-08-22,2050,2050,1790,1835,845746,-0.07788944723618085
2022-08-23,1800,2160,1795,1820,1005659,-0.008174386920980936
2022-08-24,1850,1860,1790,1820,318556,0.0
2022-08-25,1820,2030,1815,1910,1402014,0.0494505494505495
2022-08-26,1900,1950,1880,1900,221499,-0.005235602094240788
2022-08-29,1800,1890,1800,1860,134536,-0.021052631578947323
2022-08-30,1845,1990,1845,1950,382696,0.048387096774193505
2022-08-31,1975,2090,1930,2005,502942,0.028205128205128105
2022-09-01,2015,2260,1930,1930,2817843,-0.03740648379052369
2022-09-02,1970,2030,1945,2005,424848,0.03886010362694292
2022-09-05,2005,2045,1950,1980,399713,-0.012468827930174564
2022-09-06,2030,2100,1970,2015,246960,0.017676767676767735
2022-09-07,2015,2020,1970,1990,249984,-0.012406947890818865
2022-09-08,1995,2020,1975,2000,208169,0.005025125628140614
2022-09-13,2010,2030,1980,2025,215654,0.012499999999999956
2022-09-14,1950,2110,1940,2055,499354,0.014814814814814836
2022-09-15,2055,2080,1985,2020,230849,-0.01703163017031628
2022-09-16,2020,2435,1955,2030,11818751,0.004950495049504955
2022-09-19,2030,2125,2000,2015,1163557,-0.007389162561576401
2022-09-20,2020,2040,2005,2015,394430,0.0
2022-09-21,1990,2015,1960,1985,442454,-0.01488833746898266
2022-09-22,1960,1980,1860,1905,390041,-0.04030226700251893
2022-09-23,1910,1930,1860,1865,214067,-0.02099737532808399
2022-09-26,1860,1890,1695,1810,354529,-0.029490616621983934
2022-09-27,1805,1815,1730,1780,172835,-0.016574585635359074
2022-09-28,1785,1960,1765,1770,459081,-0.005617977528089901
2022-09-29,1800,1875,1735,1740,122181,-0.016949152542372836
2022-09-30,1710,1850,1680,1845,205992,0.06034482758620685
2022-10-04,1915,1915,1800,1895,231014,0.027100271002709952
2022-10-05,1895,1970,1860,1960,217702,0.03430079155672816
2022-10-06,1925,2030,1925,1965,98430,0.0025510204081633514
2022-10-07,1985,1985,1890,1915,87590,-0.025445292620865145
2022-10-11,1915,1915,1780,1780,78722,-0.07049608355091386
2022-10-12,1780,1825,1745,1760,61670,-0.011235955056179803
2022-10-13,1725,1780,1630,1700,154726,-0.03409090909090906
2022-10-14,1710,1780,1685,1720,91218,0.0117647058823529
2022-10-17,1895,2005,1720,1780,877635,0.03488372093023262
2022-10-18,1780,1850,1730,1750,221740,-0.016853932584269704
2022-10-19,1750,1765,1655,1675,255001,-0.042857142857142816
2022-10-20,1675,1725,1640,1675,210757,0.0
2022-10-21,1665,1700,1645,1670,41425,-0.0029850746268657025
2022-10-24,1695,1715,1620,1685,45753,0.008982035928143617
2022-10-25,1685,1705,1610,1625,137944,-0.035608308605341255
2022-10-26,1620,1630,1580,1585,56455,-0.024615384615384595
2022-10-27,1585,1600,1570,1590,48325,0.003154574132492094
2022-10-28,1570,1595,1520,1535,78602,-0.03459119496855345
2022-10-31,1590,1590,1470,1540,123863,0.0032573289902280145
2022-11-01,1540,1630,1505,1580,90487,0.025974025974025983
2022-11-02,1600,1815,1580,1600,740344,0.012658227848101333
2022-11-03,1570,1765,1520,1665,1253857,0.04062499999999991
2022-11-04,1640,1640,1585,1585,197482,-0.048048048048048075
2022-11-07,1580,1600,1540,1570,105764,-0.009463722397476393
2022-11-08,1575,1590,1560,1580,57980,0.006369426751592355
2022-11-09,1580,1580,1545,1560,81405,-0.012658227848101222
2022-11-10,1515,1600,1515,1550,146437,-0.0064102564102563875
2022-11-11,1610,1820,1570,1675,2894155,0.08064516129032251
2022-11-14,1675,1710,1630,1675,195832,0.0
2022-11-15,1660,1685,1620,1620,189059,-0.032835820895522394
2022-11-16,1635,1655,1615,1625,76678,0.0030864197530864335
2022-11-17,1625,1625,1565,1625,126277,0.0
2022-11-18,1600,1645,1565,1585,70991,-0.024615384615384595
2022-11-21,1595,1600,1400,1420,472821,-0.10410094637223977
2022-11-22,1425,1460,1420,1430,132314,0.007042253521126751
2022-11-23,1430,1440,1380,1425,132722,-0.0034965034965035446
2022-11-24,1440,1475,1425,1460,70061,0.024561403508772006
2022-11-25,1455,1475,1445,1450,33384,-0.006849315068493178
2022-11-28,1425,1450,1400,1425,34876,-0.017241379310344862
2022-11-29,1390,1505,1370,1405,114752,-0.01403508771929829
2022-11-30,1420,1445,1365,1425,236817,0.014234875444839812
2022-12-01,1415,1490,1380,1460,230451,0.024561403508772006
2022-12-02,1475,1490,1435,1490,99199,0.020547945205479534
2022-12-05,1475,1485,1445,1445,59999,-0.030201342281879207
2022-12-06,1440,1520,1435,1455,84770,0.006920415224913601
2022-12-07,1420,1455,1405,1425,52928,-0.020618556701030966
2022-12-08,1415,1415,1330,1330,235059,-0.06666666666666665
2022-12-09,1335,1375,1290,1355,261880,0.018796992481203034
2022-12-12,1360,1360,1300,1345,125257,-0.0073800738007380184
2022-12-13,1330,1355,1330,1330,65090,-0.01115241635687736
2022-12-14,1340,1350,1325,1345,47236,0.011278195488721776
2022-12-15,1355,1380,1335,1370,68882,0.018587360594795488
2022-12-16,1350,1380,1330,1365,66688,-0.0036496350364964014
2022-12-19,1370,1450,1350,1370,213689,0.00366300366300365
2022-12-20,1360,1395,1315,1320,75870,-0.03649635036496346
2022-12-21,1340,1375,1260,1275,210577,-0.03409090909090906
2022-12-22,1290,1290,1220,1270,128776,-0.0039215686274509665
2022-12-23,1280,1280,1185,1195,130646,-0.05905511811023623
2022-12-26,1180,1185,1160,1170,86543,-0.02092050209205021
2022-12-27,1165,1240,1160,1205,196376,0.029914529914529808
2022-12-28,1240,1255,1220,1240,59063,0.029045643153526868
2022-12-29,1240,1265,1180,1185,82909,-0.04435483870967738
2023-01-02,1190,1240,1150,1155,54486,-0.025316455696202556
2023-01-03,1165,1175,1090,1125,123452,-0.025974025974025983
2023-01-04,1100,1170,1095,1150,90857,0.022222222222222143
2023-01-05,1185,1195,1165,1165,31808,0.01304347826086949
2023-01-06,1145,1235,1145,1220,55143,0.047210300429184615
2023-01-09,1250,1250,1200,1210,104616,-0.008196721311475419
2023-01-10,1210,1270,1205,1265,93400,0.045454545454545414
2023-01-11,1260,1300,1250,1285,66507,0.015810276679841806
2023-01-12,1290,1300,1255,1280,83673,-0.0038910505836575737
2023-01-13,1280,1300,1270,1295,50961,0.01171875
2023-01-16,1310,1345,1290,1310,56603,0.01158301158301156
2023-01-17,1310,1325,1260,1270,51348,-0.03053435114503822
2023-01-18,1285,1630,1245,1375,6908325,0.08267716535433078
2023-01-19,1375,1400,1335,1335,790504,-0.029090909090909056
2023-01-20,1335,1345,1285,1285,452227,-0.03745318352059923
2023-01-25,1297,1314,1288,1310,164960,0.01945525291828787
2023-01-26,1298,1319,1285,1286,215969,-0.018320610687022953
2023-01-27,1287,1311,1287,1302,110865,0.012441679626749691
2023-01-30,1310,1374,1308,1374,246066,0.055299539170506895
2023-01-31,1365,1425,1335,1425,321979,0.037117903930131035
2023-02-01,1426,1555,1426,1500,2194663,0.05263157894736836
2023-02-02,1500,1510,1455,1505,370808,0.0033333333333334103
2023-02-03,1512,1725,1469,1579,7939832,0.049169435215946855
2023-02-06,1582,1616,1568,1593,885828,0.008866371120962668
2023-02-07,1592,1673,1574,1673,1277439,0.05021971123666047
2023-02-08,1700,1751,1635,1679,1984597,0.0035863717872086642
2023-02-09,1654,1810,1640,1745,2750754,0.0393091125670042
2023-02-10,1745,1745,1640,1640,693007,-0.06017191977077363
2023-02-13,1788,2130,1750,2130,8621455,0.2987804878048781
2023-02-14,2400,2445,2025,2025,22183679,-0.04929577464788737
2023-02-15,2010,2035,1845,1845,2680190,-0.0888888888888889
2023-02-16,1846,1875,1791,1800,1624633,-0.024390243902439046
2023-02-17,1780,1791,1652,1677,1821660,-0.06833333333333336
2023-02-20,1650,1688,1607,1675,1088295,-0.0011926058437686793
2023-02-21,1670,1670,1621,1636,781379,-0.02328358208955228
2023-02-22,1610,1610,1498,1510,1642711,-0.07701711491442542
2023-02-23,1505,1576,1489,1518,1401759,0.005298013245033095
2023-02-24,1518,1538,1465,1473,638960,-0.029644268774703608
2023-02-27,1473,1490,1437,1455,625691,-0.012219959266802416
2023-02-28,1456,1471,1441,1453,431673,-0.0013745704467353903
2023-03-02,1450,1468,1431,1448,524315,-0.0034411562284927255
2023-03-03,1441,1452,1423,1431,514179,-0.011740331491712719
2023-03-06,1454,1454,1360,1368,823267,-0.04402515723270439
2023-03-07,1365,1366,1324,1333,417301,-0.025584795321637377
2023-03-08,1321,1330,1302,1310,354770,-0.017254313578394576
2023-03-09,1310,1327,1276,1292,332777,-0.013740458015267132
2023-03-10,1275,1300,1242,1258,364971,-0.02631578947368418
2023-03-13,1234,1258,1216,1242,281541,-0.012718600953895098
2023-03-14,1238,1239,1181,1184,356973,-0.04669887278582929
2023-03-15,1200,1208,1190,1196,160462,0.010135135135135087
2023-03-16,1196,1207,1152,1167,115580,-0.024247491638796026
2023-03-17,1168,1224,1167,1214,166907,0.04027420736932297
2023-03-20,1214,1270,1205,1270,239838,0.04612850082372333
2023-03-21,1255,1270,1237,1237,175542,-0.025984251968503957
2023-03-22,1243,1262,1208,1220,172995,-0.013742926434923253
2023-03-23,1202,1214,1181,1196,166026,-0.01967213114754096
2023-03-24,1196,1220,1187,1215,140200,0.015886287625417994
2023-03-27,1236,1236,1191,1218,141408,0.0024691358024691024
2023-03-28,1220,1247,1210,1228,116364,0.008210180623973828
2023-03-29,1228,1244,1211,1215,91531,-0.010586319218241047
2023-03-30,1216,1234,1209,1225,105612,0.008230452674897082
2023-03-31,1228,1228,1181,1188,190610,-0.03020408163265309
2023-04-03,1177,1197,1176,1189,74062,0.0008417508417508657
2023-04-04,1189,1205,1187,1202,117790,0.010933557611438216
2023-04-05,1200,1227,1200,1226,193288,0.019966722129783676
2023-04-06,1228,1327,1221,1224,1370091,-0.0016313213703099683
2023-04-07,1218,1238,1216,1225,143590,0.0008169934640522847
2023-04-10,1221,1221,1115,1135,1059092,-0.07346938775510203
2023-04-11,1135,1149,1110,1125,247359,-0.008810572687224627
2023-04-12,1098,1130,1089,1125,252896,0.0
2023-04-13,1125,1130,1114,1128,108754,0.002666666666666595
2023-04-14,1128,1152,1128,1146,177641,0.015957446808510634
2023-04-17,1176,1176,1136,1149,79498,0.002617801047120505
2023-04-18,1150,1160,1136,1140,106715,-0.007832898172323799
2023-04-19,1140,1140,1120,1122,189389,-0.015789473684210575
2023-04-20,1122,1132,1091,1091,252623,-0.027629233511586415
2023-04-21,1089,1102,1074,1081,201526,-0.00916590284142993
2023-04-24,1081,1085,1061,1070,161886,-0.010175763182238673
2023-04-25,1072,1076,1050,1065,260643,-0.004672897196261627
2023-04-26,1062,1081,1041,1057,273976,-0.007511737089201831
2023-04-27,1067,1117,1066,1074,439239,0.016083254493850507
2023-04-28,1079,1090,1058,1067,180405,-0.0065176908752327956
2023-05-02,1067,1095,1062,1089,155937,0.020618556701030855
2023-05-03,1120,1162,1097,1118,547015,0.026629935720844822
2023-05-04,1121,1137,1098,1101,112855,-0.015205724508050134
2023-05-08,1107,1134,1107,1128,82281,0.02452316076294281
2023-05-09,1135,1164,1114,1120,381709,-0.007092198581560294
2023-05-10,1119,1158,1114,1124,82675,0.0035714285714285587
2023-05-11,1135,1155,1119,1128,253987,0.003558718861210064
2023-05-12,1110,1125,1087,1090,221283,-0.03368794326241131
2023-05-15,1090,1115,1042,1044,167123,-0.04220183486238527
2023-05-16,1070,1070,1042,1044,60277,0.0
2023-05-17,1054,1069,1044,1058,123518,0.013409961685823646
2023-05-18,1060,1233,1060,1110,4294183,0.04914933837429114
2023-05-19,1103,1142,1091,1133,430615,0.02072072072072073
2023-05-22,1134,1161,1122,1150,139376,0.015004413062665423
2023-05-23,1149,1150,1128,1129,128732,-0.01826086956521744
2023-05-24,1125,1139,1112,1128,82381,-0.0008857395925597755
2023-05-25,1128,1148,1107,1118,87601,-0.00886524822695034
2023-05-26,1117,1117,1081,1098,168792,-0.017889087656529523
2023-05-30,1098,1118,1097,1108,68630,0.00910746812386165
2023-05-31,1100,1110,1088,1104,128303,-0.0036101083032491488
2023-06-01,1113,1430,1106,1240,23863948,0.12318840579710155
2023-06-02,1246,1254,1201,1211,1963072,-0.023387096774193594
2023-06-05,1251,1574,1251,1574,36692390,0.2997522708505367
2023-06-07,1657,1926,1650,1670,58422884,0.06099110546378661
2023-06-08,1657,1925,1655,1687,27567186,0.01017964071856281
2023-06-09,1670,1700,1663,1700,2003694,0.007705986959098965
2023-06-12,1729,1729,1712,1729,1347454,0.017058823529411793
2023-06-13,1737,1737,1684,1702,1350167,-0.015615962984384057
2023-06-14,1668,2170,1662,1798,47412091,0.05640423031727382
2023-06-15,1773,1943,1700,1710,8492512,-0.04894327030033374
2023-06-16,1710,1863,1710,1730,5578358,0.011695906432748648
2023-06-19,1681,1727,1660,1673,1976977,-0.03294797687861273
2023-06-20,1774,2100,1743,1775,39585083,0.060968320382546404
2023-06-21,1825,1860,1688,1700,4475508,-0.04225352112676062
2023-06-22,1715,1793,1591,1620,2746308,-0.04705882352941182
2023-06-23,1760,2105,1758,2020,62738559,0.24691358024691357
2023-06-26,1981,2250,1872,1918,38040634,-0.05049504950495054
2023-06-27,1918,1930,1806,1814,4217063,-0.05422314911366011
2023-06-28,1847,1868,1748,1810,3815158,-0.0022050716648290836
2023-06-29,1791,1800,1703,1747,2447500,-0.0348066298342542
2023-06-30,1746,1746,1586,1593,2574218,-0.08815111619919858
2023-07-03,1577,1636,1576,1619,1738570,0.016321406151914575
2023-07-04,1613,1629,1516,1629,1920760,0.0061766522544781655
2023-07-05,1645,2065,1643,1800,59841029,0.1049723756906078
2023-07-06,1774,1894,1692,1711,8928284,-0.0494444444444444
2023-07-07,1710,1923,1705,1750,18215993,0.0227936879018118
2023-07-10,1773,2045,1763,1952,38637825,0.11542857142857144
2023-07-11,1892,1920,1849,1913,5624357,-0.01997950819672134
2023-07-12,1880,1894,1806,1839,2786369,-0.03868269733403029
2023-07-13,1820,1891,1774,1774,2562881,-0.03534529635671557
2023-07-14,1774,1786,1702,1726,1636224,-0.027057497181510737
2023-07-17,1733,1872,1652,1760,6201679,0.01969872537659323
2023-07-18,1760,1762,1651,1651,1673414,-0.06193181818181814
2023-07-19,1654,1720,1617,1667,1684087,0.009691096305269431
2023-07-20,1645,1850,1580,1728,9364885,0.0365926814637072
2023-07-21,1666,1767,1664,1668,1740541,-0.03472222222222221
2023-07-24,1698,1700,1617,1648,1213610,-0.011990407673860948
2023-07-25,1622,1645,1520,1520,1330634,-0.07766990291262132
2023-07-26,1513,1540,1356,1376,1937827,-0.09473684210526312
2023-07-27,1349,1442,1349,1406,689134,0.021802325581395277
2023-07-28,1396,1465,1381,1443,491403,0.026315789473684292
2023-07-31,1489,1508,1426,1478,593231,0.02425502425502435
2023-08-01,1460,1716,1453,1589,7938784,0.07510148849797016
2023-08-02,1570,1614,1528,1537,1144595,-0.032724984266834456
2023-08-03,1519,1527,1394,1444,935754,-0.06050748210800261
2023-08-04,1551,1706,1470,1520,4127667,0.05263157894736836
2023-08-07,1584,1776,1584,1615,8101659,0.0625
2023-08-08,1647,1653,1560,1584,1362274,-0.019195046439628438
2023-08-09,1566,1837,1521,1625,9628076,0.025883838383838453
2023-08-10,1616,1649,1583,1620,1418411,-0.003076923076923088
2023-08-11,1608,1659,1582,1582,1272582,-0.023456790123456805
2023-08-14,1561,1677,1525,1621,2014110,0.02465233881163087
2023-08-16,1605,1607,1537,1540,791679,-0.04996915484268971
2023-08-17,1539,1566,1455,1484,699338,-0.036363636363636376
2023-08-18,1471,1474,1407,1436,611536,-0.03234501347708896
2023-08-21,1470,1500,1441,1469,422397,0.022980501392757757
2023-08-22,1482,1513,1428,1428,391634,-0.02791014295439076
2023-08-23,1436,1480,1429,1429,324841,0.0007002801120448154
2023-08-24,1435,1495,1435,1459,433191,0.02099370188943328
2023-08-25,1448,1480,1409,1418,362780,-0.028101439342015033
2023-08-28,1425,1434,1411,1433,207881,0.010578279266572732
2023-08-29,1435,1493,1434,1486,391281,0.036985345429169536
2023-08-30,1497,1498,1467,1487,270611,0.0006729475100941684
2023-08-31,1487,1511,1464,1487,262815,0.0
2023-09-01,1487,1500,1410,1420,405441,-0.04505716207128452
2023-09-04,1420,1583,1420,1448,3304887,0.019718309859154903
2023-09-05,1448,1470,1415,1426,481065,-0.015193370165745845
2023-09-06,1418,1462,1418,1427,433740,0.0007012622720896644
2023-09-07,1417,1435,1375,1376,586374,-0.035739313244569026
2023-09-08,1380,1381,1330,1330,384607,-0.03343023255813948
2023-09-11,1330,1360,1328,1333,223350,0.0022556390977443996
2023-09-12,1322,1347,1285,1285,297950,-0.036009002250562694
2023-09-13,1285,1299,1243,1244,297720,-0.031906614785992216
2023-09-14,1249,1280,1249,1274,117478,0.02411575562700974
2023-09-15,1277,1313,1277,1294,129694,0.01569858712715866
2023-09-18,1295,1311,1282,1295,92902,0.0007727975270479526
2023-09-19,1280,1293,1235,1240,145688,-0.0424710424710425
2023-09-20,1230,1257,1230,1236,100826,-0.003225806451612856
2023-09-21,1236,1320,1220,1230,409441,-0.004854368932038833
2023-09-22,1150,1230,1146,1214,197175,-0.013008130081300862
2023-09-25,1214,1229,1182,1185,125249,-0.023887973640856708
2023-09-26,1363,1540,1299,1540,6950920,0.29957805907172985
2023-09-27,1625,1725,1401,1435,26414139,-0.06818181818181823
2023-10-04,1423,1480,1373,1440,2758714,0.0034843205574912606
2023-10-05,1496,1872,1481,1872,53214919,0.30000000000000004
2023-10-06,1890,1920,1681,1754,16192545,-0.06303418803418803
2023-10-10,1701,1771,1571,1629,7299801,-0.0712656784492588
2023-10-11,1712,2080,1683,1850,62391727,0.1356660527931246
2023-10-12,1934,2105,1795,1826,35099383,-0.012972972972972951
2023-10-13,1799,1823,1758,1764,3428330,-0.033953997809419545
2023-10-16,1780,1780,1648,1660,3567684,-0.05895691609977327
2023-10-17,1635,1865,1631,1731,27162067,0.04277108433734944
2023-10-18,1686,1686,1584,1605,2898398,-0.07279029462738307
2023-10-19,1565,1616,1535,1542,1924739,-0.03925233644859816
2023-10-20,1521,1521,1406,1476,1907239,-0.04280155642023342
2023-10-23,1444,1562,1443,1475,2087573,-0.0006775067750677266
2023-10-24,1477,1580,1419,1550,2491582,0.05084745762711873
2023-10-25,1725,1907,1606,1608,30511945,0.03741935483870962
2023-10-26,1577,1577,1435,1435,2227087,-0.10758706467661694
2023-10-27,1492,1552,1462,1540,3906581,0.07317073170731714
2023-10-30,1515,1550,1478,1525,1471327,-0.009740259740259716
2023-10-31,1667,1750,1490,1495,6617148,-0.01967213114754096
2023-11-01,1532,1576,1496,1515,1341613,0.013377926421404673
2023-11-02,1545,1601,1515,1597,2056973,0.054125412541254025
2023-11-03,1575,1590,1529,1576,1057218,-0.01314965560425796
2023-11-06,1600,1613,1550,1613,1174036,0.02347715736040601
2023-11-07,1642,1643,1540,1590,1087975,-0.014259144451332917
2023-11-08,1600,1645,1508,1518,1234001,-0.04528301886792452
2023-11-09,1530,1530,1453,1467,672134,-0.03359683794466406
2023-11-10,1525,1677,1484,1485,3912088,0.012269938650306678
2023-11-13,1491,1493,1400,1400,1060411,-0.0572390572390572
2023-11-14,1360,1490,1352,1408,1119703,0.005714285714285783
2023-11-15,1419,1440,1400,1416,498636,0.005681818181818121
2023-11-16,1417,1417,1391,1407,344344,-0.006355932203389814
2023-11-17,1413,1424,1363,1379,606347,-0.01990049751243783
2023-11-20,1379,1425,1368,1414,523524,0.025380710659898442
2023-11-21,1419,1578,1401,1454,4892708,0.028288543140028377
2023-11-22,1447,1447,1408,1420,740141,-0.023383768913342484
2023-11-23,1424,1437,1400,1406,646573,-0.009859154929577452
2023-11-24,1413,1425,1386,1388,585605,-0.012802275960170695
2023-11-27,1430,1430,1380,1382,488153,-0.004322766570605152
2023-11-28,1382,1396,1357,1360,485513,-0.01591895803183796
2023-11-29,1384,1450,1368,1384,1104727,0.01764705882352935
2023-11-30,1384,1385,1366,1376,346587,-0.005780346820809301
2023-12-01,1380,1386,1359,1365,409556,-0.007994186046511587
2023-12-04,1358,1370,1350,1365,300075,0.0
2023-12-05,1364,1364,1303,1307,496963,-0.04249084249084245
2023-12-06,1304,1336,1300,1330,282687,0.01759755164498844
2023-12-07,1326,1338,1291,1301,274251,-0.021804511278195493
2023-12-08,1312,1325,1298,1313,333850,0.009223674096848544
2023-12-11,1316,1339,1299,1325,231818,0.009139375476009182
2023-12-12,1330,1330,1296,1300,282442,-0.018867924528301883
2023-12-13,1289,1300,1258,1258,268301,-0.03230769230769226
2023-12-14,1265,1289,1265,1268,214851,0.007949125596184325
2023-12-15,1262,1280,1258,1260,167475,-0.006309148264984188
2023-12-18,1265,1275,1257,1269,159287,0.0071428571428571175
2023-12-19,1276,1292,1263,1280,230479,0.008668242710795804
2023-12-20,1288,1316,1278,1290,219317,0.0078125
2023-12-21,1288,1298,1274,1281,184710,-0.006976744186046546
2023-12-22,1320,1429,1284,1290,1884067,0.007025761124121788
2023-12-26,1289,1293,1260,1273,329007,-0.01317829457364339
2023-12-27,1262,1637,1262,1418,21273845,0.11390416339355847
2023-12-28,1418,1525,1394,1455,5037055,0.02609308885754591
2024-01-02,1462,1542,1461,1509,4490049,0.03711340206185576
2024-01-03,1470,1519,1466,1501,1271243,-0.005301524188204065
2024-01-04,1650,1723,1525,1539,7467919,0.025316455696202445
2024-01-05,1538,1538,1405,1530,852052,-0.005847953216374324
2024-01-08,1599,1599,1515,1570,1428559,0.02614379084967311
2024-01-09,1566,1566,1501,1506,820137,-0.040764331210191074
2024-01-10,1505,1533,1402,1480,668504,-0.01726427622841964
2024-01-11,1456,1495,1453,1466,360691,-0.009459459459459474
2024-01-12,1472,1486,1440,1448,367141,-0.012278308321964526
2024-01-15,1446,1484,1429,1458,342462,0.006906077348066253
2024-01-16,1458,1485,1448,1470,340717,0.008230452674897082
2024-01-17,1468,1468,1406,1416,302662,-0.03673469387755102
2024-01-18,1470,1589,1431,1519,2814623,0.07274011299435035
2024-01-19,1548,1548,1488,1524,1221760,0.003291639236339794
2024-01-22,1538,1561,1509,1524,1006195,0.0
2024-01-23,1524,1538,1474,1496,640498,-0.018372703412073532
2024-01-24,1510,1511,1450,1454,472972,-0.02807486631016043
2024-01-25,1454,1465,1409,1448,343941,-0.004126547455295726
2024-01-26,1419,1444,1406,1407,492312,-0.028314917127071793
2024-01-29,1413,1413,1338,1344,525920,-0.04477611940298509
2024-01-30,1344,1367,1321,1358,348765,0.01041666666666674
2024-01-31,1358,1415,1327,1335,582238,-0.016936671575846884
2024-02-01,1322,1340,1306,1310,198662,-0.01872659176029967
2024-02-02,1360,1365,1309,1312,308666,0.0015267175572519776
2024-02-05,1320,1320,1272,1294,159405,-0.013719512195121908
2024-02-06,1294,1305,1276,1286,162899,-0.0061823802163832875
2024-02-07,1290,1317,1286,1314,201066,0.021772939346811793
2024-02-08,1314,1329,1307,1309,97635,-0.003805175038051778
2024-02-13,1316,1360,1316,1353,256791,0.03361344537815136
2024-02-14,1343,1377,1325,1367,206953,0.010347376201034653
2024-02-15,1380,1388,1331,1340,251560,-0.019751280175566932
2024-02-16,1340,1356,1326,1355,145201,0.011194029850746245
2024-02-19,1346,1370,1334,1339,127565,-0.011808118081180763
2024-02-20,1350,1620,1335,1460,13569988,0.0903659447348768
2024-02-21,1438,1459,1402,1448,1469530,-0.008219178082191747
2024-02-22,1450,1460,1405,1431,688421,-0.011740331491712719
2024-02-23,1433,1433,1391,1401,448980,-0.02096436058700213
2024-02-26,1399,1421,1390,1392,244157,-0.0064239828693790635
2024-02-27,1400,1404,1355,1361,385674,-0.02227011494252873
2024-02-28,1361,1383,1345,1375,257007,0.010286554004408588
2024-02-29,1380,1384,1347,1376,241382,0.0007272727272726875
2024-03-04,1367,1380,1358,1366,223634,-0.007267441860465129
2024-03-05,1376,1378,1322,1328,348849,-0.027818448023426035
2024-03-06,1336,1385,1315,1381,223603,0.03990963855421681
2024-03-07,1385,1385,1344,1366,192733,-0.01086169442433016
2024-03-08,1372,1373,1340,1345,152949,-0.015373352855051259
2024-03-11,1355,1448,1353,1429,1313477,0.06245353159851308
2024-03-12,1436,1441,1394,1400,461758,-0.020293911826452016
2024-03-13,1423,1467,1406,1467,1113652,0.04785714285714282
2024-03-14,1447,1447,1403,1407,449150,-0.04089979550102252
2024-03-15,1405,1477,1390,1441,846764,0.024164889836531644
2024-03-18,1459,1625,1340,1399,6803457,-0.029146426092991007
2024-03-19,1410,1713,1375,1500,21087062,0.07219442458899206
2024-03-20,1458,1518,1430,1443,2321937,-0.038000000000000034
2024-03-21,1450,1480,1415,1415,884184,-0.019404019404019368
2024-03-22,1406,1432,1396,1409,622207,-0.004240282685512353
2024-03-25,1413,1550,1401,1474,4809594,0.046132008516678535
2024-03-26,1485,1518,1459,1500,1611384,0.01763907734056991
2024-03-27,1488,1500,1461,1480,611821,-0.013333333333333308
2024-03-28,1589,1593,1435,1436,2694044,-0.02972972972972976
2024-03-29,1478,1620,1459,1487,8607923,0.035515320334261746
2024-04-01,1487,1600,1470,1530,4597331,0.028917283120376558
2024-04-02,1500,1540,1481,1490,1350159,-0.02614379084967322
2024-04-03,1489,1489,1453,1461,815652,-0.01946308724832213
2024-04-04,1463,1484,1437,1459,1005155,-0.001368925393566034
2024-04-05,1474,1519,1443,1464,1286739,0.0034270047978066653
2024-04-08,1463,1469,1429,1434,370200,-0.020491803278688492
2024-04-09,1434,1456,1426,1453,210341,0.01324965132496514
2024-04-11,1450,1450,1430,1436,159185,-0.0116999311768754
2024-04-12,1468,1541,1444,1452,1796678,0.011142061281337101
2024-04-15,1450,1450,1338,1435,688033,-0.011707988980716233
2024-04-16,1411,1430,1365,1370,386234,-0.04529616724738672
2024-04-17,1370,1396,1365,1365,290660,-0.0036496350364964014
2024-04-18,1366,1422,1366,1404,207506,0.02857142857142847
2024-04-19,1394,1396,1337,1369,427115,-0.024928774928774877
2024-04-22,1369,1390,1355,1362,222148,-0.0051132213294375894
2024-04-23,1361,1373,1353,1353,129891,-0.0066079295154185536
2024-04-24,1360,1390,1360,1389,163299,0.026607538802660757
2024-04-25,1388,1394,1367,1367,158405,-0.015838732901367836
2024-04-26,1400,1403,1366,1367,232950,0.0
2024-04-29,1368,1388,1364,1383,146599,0.011704462326261877
2024-04-30,1380,1388,1377,1378,114916,-0.003615328994938549
2024-05-02,1375,1410,1369,1402,205059,0.01741654571843254
2024-05-03,1400,1419,1385,1400,173810,-0.0014265335235378318
2024-05-07,1400,1446,1392,1415,273998,0.010714285714285676
2024-05-08,1407,1540,1401,1447,2543367,0.022614840989399365
2024-05-09,1433,1458,1420,1438,424600,-0.006219765031098778
2024-05-10,1439,1455,1430,1432,289374,-0.004172461752433909
2024-05-13,1430,1459,1423,1441,334009,0.006284916201117374
2024-05-14,1441,1491,1441,1455,856928,0.009715475364330262
2024-05-16,1468,1485,1450,1457,396361,0.0013745704467353903
2024-05-17,1455,1455,1419,1423,279730,-0.02333562113932741
2024-05-20,1405,1441,1400,1407,273176,-0.01124385101897396
2024-05-21,1414,1418,1380,1388,316987,-0.013503909026297056
2024-05-22,1389,1395,1367,1367,254891,-0.015129682997118143
2024-05-23,1376,1378,1341,1370,234515,0.002194586686174116
2024-05-24,1365,1365,1345,1355,202730,-0.010948905109489093
2024-05-27,1355,1355,1323,1329,252268,-0.01918819188191878
2024-05-28,1329,1340,1317,1323,149469,-0.004514672686230292
2024-05-29,1320,1326,1251,1266,557592,-0.04308390022675734
2024-05-30,1266,1290,1261,1270,115596,0.003159557661927437
2024-05-31,1270,1296,1266,1289,138240,0.014960629921259905
2024-06-03,1289,1315,1275,1314,75579,0.019394879751745586
2024-06-04,1314,1319,1291,1293,64849,-0.01598173515981738
2024-06-05,1299,1319,1266,1286,141134,-0.005413766434648082
2024-06-07,1286,1297,1283,1295,67756,0.006998444790046632
2024-06-10,1298,1305,1286,1297,87412,0.001544401544401497
2024-06-11,1290,1309,1290,1309,31958,0.009252120277563503
2024-06-12,1309,1317,1285,1308,90342,-0.0007639419404125158
2024-06-13,1295,1309,1291,1294,66323,-0.010703363914373099
2024-06-14,1291,1296,1270,1275,147286,-0.014683153013910322
2024-06-17,1275,1285,1270,1283,42432,0.006274509803921635
2024-06-18,1270,1282,1263,1264,89483,-0.014809041309431059
2024-06-19,1264,1272,1218,1218,386480,-0.03639240506329111
2024-06-20,1217,1236,1215,1220,77545,0.0016420361247948545
2024-06-21,1220,1235,1159,1220,132620,0.0
2024-06-24,1220,1235,1195,1208,65015,-0.00983606557377048
2024-06-25,1199,1212,1160,1194,129472,-0.011589403973509937
2024-06-26,1194,1221,1184,1220,65412,0.021775544388609624
2024-06-27,1225,1234,1208,1208,60375,-0.00983606557377048
2024-06-28,1209,1225,1198,1224,67724,0.013245033112582849
2024-07-01,1224,1230,1205,1225,34784,0.0008169934640522847
2024-07-02,1223,1225,1184,1189,68330,-0.029387755102040836
2024-07-03,1189,1195,1165,1177,98003,-0.010092514718250678
2024-07-04,1166,1183,1163,1171,83245,-0.005097706032285432
2024-07-05,1171,1223,1164,1178,100443,0.005977796754910392
2024-07-08,1179,1209,1179,1209,49330,0.026315789473684292
2024-07-09,1210,1221,1200,1220,57321,0.009098428453267138
2024-07-10,1208,1230,1199,1222,47702,0.0016393442622950616
