Date,Open,High,Low,Close,Volume,Change
2022-01-03,388000,389000,378000,379500,36699,-0.020645161290322567
2022-01-04,379500,380500,374000,379500,37341,0.0
2022-01-05,375500,381500,374500,378000,31655,-0.0039525691699604515
2022-01-06,373000,383500,373000,374500,32601,-0.0092592592592593
2022-01-07,374000,382000,373000,380500,26954,0.01602136181575431
2022-01-10,379500,388500,377000,385000,36588,0.01182654402102501
2022-01-11,382500,389000,382500,383500,32826,-0.003896103896103842
2022-01-12,383000,385500,379500,383000,39579,-0.0013037809647978849
2022-01-13,381000,385500,379000,380000,46366,-0.007832898172323799
2022-01-14,380500,382000,373000,376500,30843,-0.009210526315789447
2022-01-17,373500,386500,373500,378000,31250,0.003984063745019917
2022-01-18,379000,381000,371000,372500,23499,-0.014550264550264536
2022-01-19,365000,374500,365000,367000,25329,-0.014765100671140896
2022-01-20,369000,371500,364000,366000,27787,-0.0027247956403270157
2022-01-21,363500,365000,355500,361500,38668,-0.012295081967213073
2022-01-24,361500,378500,361500,367000,66423,0.015214384508990264
2022-01-25,366500,369500,350000,351500,50608,-0.04223433242506813
2022-01-26,354500,359000,350000,355000,32770,0.009957325746799528
2022-01-27,358000,359500,332000,332000,66051,-0.06478873239436622
2022-01-28,336000,351000,334500,346000,69761,0.04216867469879526
2022-02-03,350000,363500,350000,358000,37171,0.034682080924855585
2022-02-04,355000,372000,355000,368000,35930,0.027932960893854775
2022-02-07,356000,384000,355500,379000,72718,0.029891304347826164
2022-02-08,384500,394500,380000,386000,74384,0.01846965699208436
2022-02-09,386500,390500,377000,381000,26825,-0.012953367875647714
2022-02-10,379000,386000,377500,383000,34544,0.005249343832020914
2022-02-11,378000,382000,373500,376000,26981,-0.018276762402088753
2022-02-14,374000,376000,363500,371500,39730,-0.01196808510638303
2022-02-15,362000,364500,353000,361000,72372,-0.02826379542395696
2022-02-16,366000,371500,361000,369500,32673,0.023545706371191244
2022-02-17,370000,378000,366500,373500,34936,0.010825439783491264
2022-02-18,371500,387000,369000,380000,38311,0.01740294511378848
2022-02-21,370500,384000,370500,379500,26808,-0.001315789473684159
2022-02-22,371500,385000,371500,384000,42017,0.011857707509881354
2022-02-23,386500,387000,377000,380500,27388,-0.00911458333333337
2022-02-24,376000,381000,369500,374000,32302,-0.01708278580814715
2022-02-25,373000,380000,370500,372000,27736,-0.005347593582887722
2022-02-28,372000,378500,364500,378500,59685,0.017473118279569988
2022-03-02,378000,379500,373500,374500,21915,-0.010568031704095149
2022-03-03,373500,376500,369000,371000,38093,-0.009345794392523366
2022-03-04,371000,375000,366000,374000,23998,0.008086253369272267
2022-03-07,369000,370000,353000,355500,46060,-0.049465240641711206
2022-03-08,351500,353500,345000,345000,43797,-0.029535864978902926
2022-03-10,352000,354500,348000,354500,37235,0.02753623188405796
2022-03-11,352000,353500,347500,348500,23166,-0.016925246826516194
2022-03-14,349000,350000,338500,343500,30272,-0.01434720229555242
2022-03-15,339500,343000,337500,339000,22271,-0.013100436681222738
2022-03-16,342500,345000,339000,344500,19756,0.016224188790560534
2022-03-17,350000,354000,348000,352000,32338,0.021770682148040565
2022-03-18,353000,354000,349000,353500,32457,0.0042613636363635354
2022-03-21,353500,356000,352000,353500,19473,0.0
2022-03-22,353500,354500,349000,353000,20990,-0.0014144271570014633
2022-03-23,356500,368500,354500,365500,47153,0.03541076487252126
2022-03-24,361000,370500,357500,369500,37612,0.010943912448700521
2022-03-25,369000,371500,366000,367500,26288,-0.005412719891745632
2022-03-28,366000,376500,363000,376500,45261,0.02448979591836742
2022-03-29,376500,378000,371000,372500,30813,-0.010624169986719778
2022-03-30,377000,378000,371000,373500,21564,0.0026845637583892135
2022-03-31,373500,376500,369500,369500,35318,-0.010709504685408322
2022-04-01,369500,381500,369500,379500,57243,0.02706359945872805
2022-04-04,379500,388000,378000,388000,37525,0.022397891963109373
2022-04-05,387500,389000,383500,389000,21703,0.002577319587628857
2022-04-06,390000,392000,386000,389000,25135,0.0
2022-04-07,385000,396500,379500,392000,69935,0.007712082262210762
2022-04-08,396500,398000,391500,395000,34644,0.007653061224489832
2022-04-11,397000,397000,388500,397000,26950,0.005063291139240533
2022-04-12,392000,396000,390000,393500,32323,-0.008816120906801062
2022-04-13,396500,397000,387000,390000,24757,-0.008894536213468918
2022-04-14,386500,393500,386000,393000,24355,0.007692307692307665
2022-04-15,388000,391000,385000,386000,25901,-0.01781170483460559
2022-04-18,383000,396000,381500,387500,34307,0.0038860103626943143
2022-04-19,392500,399000,390500,394500,42108,0.01806451612903226
2022-04-20,391500,412500,390500,407000,103634,0.03168567807351086
2022-04-21,410000,411500,400000,403500,45404,-0.008599508599508643
2022-04-22,400000,414000,397000,412500,82379,0.02230483271375472
2022-04-25,416500,427500,414000,418000,135656,0.01333333333333342
2022-04-26,420000,420500,398000,407000,73040,-0.02631578947368418
2022-04-27,402000,411000,399000,407500,47850,0.0012285012285011554
2022-04-28,407000,407500,401000,407000,33410,-0.0012269938650306678
2022-04-29,403500,412000,396000,398000,54369,-0.02211302211302213
2022-05-02,395000,402000,394000,401500,22168,0.008793969849246297
2022-05-03,396500,400500,385000,388000,56262,-0.03362391033623913
2022-05-04,388000,391000,382500,387000,27003,-0.002577319587628857
2022-05-06,383000,386500,379000,383000,20691,-0.01033591731266148
2022-05-09,379500,384000,374500,377500,24542,-0.01436031331592691
2022-05-10,387000,407500,386500,401000,155540,0.062251655629139035
2022-05-11,402000,410000,396500,399000,79436,-0.004987531172069848
2022-05-12,397500,412000,397500,401500,62414,0.006265664160401085
2022-05-13,409000,409000,402000,404000,25754,0.0062266500622665255
2022-05-16,410000,416500,404000,408000,29615,0.00990099009900991
2022-05-17,408000,410000,392000,401000,38476,-0.01715686274509809
2022-05-18,401500,410000,398500,407500,32788,0.016209476309226867
2022-05-19,400500,402000,392000,396000,52950,-0.02822085889570547
2022-05-20,396500,402500,396000,398000,31094,0.005050505050504972
2022-05-23,400000,406000,398500,403000,33731,0.012562814070351758
2022-05-24,400500,405000,395000,396000,32032,-0.017369727047146455
2022-05-25,403500,406000,392500,394000,38918,-0.005050505050505083
2022-05-26,392500,393000,382000,387000,58237,-0.017766497461928932
2022-05-27,392500,395000,387000,393000,28858,0.015503875968992276
2022-05-30,395000,401500,393500,394500,25449,0.003816793893129722
2022-05-31,395000,399500,389500,393500,73424,-0.0025348542458808465
2022-06-02,404500,404500,392000,397500,42394,0.010165184243964509
2022-06-03,400000,400000,390000,393500,27251,-0.010062893081761004
2022-06-07,393500,393500,387000,388000,21037,-0.013977128335451061
2022-06-08,387000,390000,383000,386500,34641,-0.0038659793814432852
2022-06-09,384000,388000,381000,381500,39653,-0.012936610608020649
2022-06-10,380000,385000,375500,377000,38349,-0.011795543905635641
2022-06-13,372000,376500,365500,366000,34053,-0.02917771883289122
2022-06-14,363000,366000,357000,366000,39802,0.0
2022-06-15,366500,378000,364000,366000,48186,0.0
2022-06-16,367000,377000,360500,363500,28215,-0.006830601092896127
2022-06-17,361000,367000,357000,364000,33990,0.0013755158184318717
2022-06-20,365500,376500,365500,372000,55249,0.0219780219780219
2022-06-21,379000,379000,366000,372000,18909,0.0
2022-06-22,372500,382000,368000,371000,36065,-0.0026881720430107503
2022-06-23,378000,392500,377500,382500,81763,0.030997304582210283
2022-06-24,390000,390000,378000,382500,35556,0.0
2022-06-27,382500,391500,381000,384000,29756,0.0039215686274509665
2022-06-28,389500,390500,380500,389500,29308,0.01432291666666674
2022-06-29,384000,389000,379500,381500,25200,-0.020539152759948665
2022-06-30,377500,387500,377500,379000,26064,-0.006553079947575369
2022-07-01,388000,396500,382000,392000,57687,0.03430079155672816
2022-07-04,396500,404000,391000,400500,59743,0.02168367346938771
2022-07-05,401500,401500,387500,397500,35560,-0.0074906367041198685
2022-07-06,390500,400500,389000,393000,32653,-0.01132075471698113
2022-07-07,398500,398500,392000,392000,21510,-0.0025445292620864812
2022-07-08,391500,396000,387000,389000,26223,-0.007653061224489832
2022-07-11,387500,389500,381500,386500,22921,-0.006426735218509005
2022-07-12,389500,398500,388500,398500,48509,0.031047865459249646
2022-07-13,400000,407500,396500,403000,50183,0.01129234629861986
2022-07-14,399000,405500,395000,402000,34230,-0.002481389578163795
2022-07-15,395000,401000,381000,397500,40227,-0.011194029850746245
2022-07-18,396000,399000,389000,391000,27816,-0.01635220125786163
2022-07-19,393000,405000,390000,405000,41409,0.03580562659846542
2022-07-20,402000,403000,395500,396500,39486,-0.020987654320987703
2022-07-21,397000,399500,394000,398500,19596,0.0050441361916770955
2022-07-22,394500,398500,394500,397500,20025,-0.0025094102885822034
2022-07-25,394500,398000,393500,395000,15932,-0.0062893081761006275
2022-07-26,395000,400500,395000,397000,19443,0.005063291139240533
2022-07-27,396500,400000,394000,395000,16778,-0.005037783375314908
2022-07-28,395500,398000,391000,395000,25944,0.0
2022-07-29,397500,397500,389000,391500,27618,-0.008860759493670933
2022-08-01,391500,392000,383500,387000,37653,-0.011494252873563204
2022-08-02,387000,388000,383000,385500,29317,-0.003875968992248069
2022-08-03,385000,387500,383500,387500,30267,0.005188067444876765
2022-08-04,388000,389500,383500,384500,24225,-0.007741935483870921
2022-08-05,386500,391000,385000,389000,26817,0.011703511053315907
2022-08-08,389000,394500,386000,394500,28337,0.014138817480719768
2022-08-09,402000,437000,402000,428500,265521,0.08618504435994923
2022-08-10,426500,428500,414500,423500,66726,-0.011668611435239229
2022-08-11,425000,425000,417000,421500,66420,-0.0047225501770956635
2022-08-12,419000,422000,414000,416500,43606,-0.011862396204033177
2022-08-16,418000,420500,416500,418500,31340,0.004801920768307433
2022-08-17,419500,423000,413500,417000,31606,-0.0035842293906810374
2022-08-18,414500,421000,412500,419000,30924,0.004796163069544335
2022-08-19,418000,421500,413500,416000,26639,-0.007159904534606243
2022-08-22,412000,415500,408500,412500,24704,-0.008413461538461564
2022-08-23,408500,412500,404000,404000,31815,-0.020606060606060628
2022-08-24,405500,415500,404500,414000,36070,0.024752475247524774
2022-08-25,416000,416000,410000,414000,17185,0.0
2022-08-26,413000,415000,409000,414500,17330,0.0012077294685990392
2022-08-29,407000,410000,399000,406500,33074,-0.0193003618817853
2022-08-30,409000,411500,405500,408000,17112,0.0036900369003689537
2022-08-31,406000,412500,403500,407500,27651,-0.001225490196078427
2022-09-01,402000,405500,398000,400500,38750,-0.01717791411042946
2022-09-02,401500,407500,400000,400000,18335,-0.0012484394506866447
2022-09-05,404500,404500,395500,397500,14164,-0.006249999999999978
2022-09-06,399000,399500,393500,398000,13650,0.0012578616352201255
2022-09-07,395000,398000,389500,390000,30584,-0.02010050251256279
2022-09-08,394000,394500,389000,390000,25209,0.0
2022-09-13,396000,402000,394500,395500,18269,0.014102564102564052
2022-09-14,387000,391000,385500,389500,21300,-0.015170670037926715
2022-09-15,390000,394000,387000,389500,17541,0.0
2022-09-16,390000,397000,383500,385500,38859,-0.010269576379974277
2022-09-19,388500,400000,386500,393000,32955,0.01945525291828787
2022-09-20,395000,405000,395000,404500,34829,0.029262086513994978
2022-09-21,404000,419500,401000,408500,60814,0.009888751545117369
2022-09-22,411000,425000,410000,417500,73744,0.022031823745410017
2022-09-23,422000,426000,411500,413000,37527,-0.010778443113772407
2022-09-26,410000,416000,404000,405500,51344,-0.018159806295399483
2022-09-27,410000,423000,407000,420000,68889,0.035758323057953234
2022-09-28,412000,420000,402000,406500,47609,-0.03214285714285714
2022-09-29,406500,412000,395500,407500,42641,0.002460024600245969
2022-09-30,407000,417000,404500,411000,46890,0.008588957055214674
2022-10-04,411500,417500,401000,404000,27511,-0.01703163017031628
2022-10-05,404500,404500,396000,402000,36730,-0.004950495049504955
2022-10-06,402500,408000,402000,402000,13009,0.0
2022-10-07,400000,409500,400000,402000,23598,0.0
2022-10-11,402000,404000,394500,400000,20343,-0.00497512437810943
2022-10-12,397500,400000,389500,398000,28276,-0.0050000000000000044
2022-10-13,399000,399500,388000,388500,25684,-0.023869346733668362
2022-10-14,389500,408000,389000,404500,25952,0.041184041184041176
2022-10-17,404000,407500,397000,401000,28055,-0.008652657601977753
2022-10-18,405500,407500,398000,402000,18044,0.0024937655860348684
2022-10-19,406500,406500,399000,403000,17357,0.0024875621890547706
2022-10-20,399500,403500,395500,403500,31996,0.001240694789081953
2022-10-21,399000,401000,396500,398500,11325,-0.012391573729863659
2022-10-24,402500,404000,396000,398000,14675,-0.0012547051442910462
2022-10-25,400000,401000,396000,400500,16313,0.00628140703517599
2022-10-26,397500,416000,397500,413500,52264,0.03245942571785276
2022-10-27,417500,419000,410500,416500,38236,0.007255139056831839
2022-10-28,416000,416000,409000,414500,22128,-0.004801920768307322
2022-10-31,415500,422500,410000,414000,38844,-0.0012062726176115257
2022-11-01,414500,423000,411000,420000,31675,0.01449275362318847
2022-11-02,417000,428500,415500,427500,39805,0.017857142857142794
2022-11-03,425000,429000,421500,427000,32611,-0.0011695906432748204
2022-11-04,423000,426000,418000,424000,25051,-0.007025761124121788
2022-11-07,424000,425500,409000,417500,45513,-0.015330188679245293
2022-11-08,418500,419500,413000,415500,40167,-0.004790419161676662
2022-11-09,419500,422000,415000,417500,34533,0.004813477737665384
2022-11-10,417500,427000,414000,422000,51764,0.010778443113772518
2022-11-11,423500,428000,411000,415500,80999,-0.0154028436018957
2022-11-14,416500,421500,413500,417000,49273,0.0036101083032491488
2022-11-15,413000,413500,392500,396500,158898,-0.049160671462829764
2022-11-16,396500,399000,392000,392000,77786,-0.011349306431273631
2022-11-17,393000,393500,389500,392000,33260,0.0
2022-11-18,392500,396000,390000,394500,39167,0.0063775510204082675
2022-11-21,395000,401000,392000,401000,46168,0.016476552598225558
2022-11-22,401000,401000,393500,394000,26962,-0.017456359102244412
2022-11-23,394500,395500,390500,391500,35335,-0.006345177664974666
2022-11-24,391500,393000,388500,390500,34491,-0.0025542784163473664
2022-11-25,391500,394000,389500,392500,28267,0.005121638924455718
2022-11-28,392500,393000,383000,388000,27177,-0.01146496815286624
2022-11-29,391500,391500,386500,389500,20337,0.0038659793814432852
2022-11-30,387500,395000,387000,395000,60786,0.01412066752246477
2022-12-01,395500,396500,390000,390000,30081,-0.012658227848101222
2022-12-02,390000,390500,380500,380500,45023,-0.024358974358974383
2022-12-05,381500,382500,373000,375000,52037,-0.014454664914586024
2022-12-06,371000,377500,371000,376000,25095,0.002666666666666595
2022-12-07,377500,380000,372000,372500,31636,-0.009308510638297851
2022-12-08,375000,377500,370000,372000,43117,-0.0013422818791946067
2022-12-09,372500,379000,371500,378500,45053,0.017473118279569988
2022-12-12,378000,380000,375500,376500,21997,-0.005284015852047519
2022-12-13,378500,378500,372500,374000,29216,-0.006640106241699861
2022-12-14,377000,381000,375000,378000,23660,0.010695187165775444
2022-12-15,378000,380000,375500,378000,26392,0.0
2022-12-16,375500,377500,373500,376000,45772,-0.005291005291005346
2022-12-19,373500,376000,373000,374500,11785,-0.003989361702127714
2022-12-20,374500,379500,374500,379500,33493,0.013351134846461887
2022-12-21,380000,392500,379500,391000,64466,0.030303030303030276
2022-12-22,389000,395500,386500,390500,35429,-0.0012787723785165905
2022-12-23,390000,393500,386500,390500,27241,0.0
2022-12-26,388500,392000,384500,386000,18517,-0.011523687580025643
2022-12-27,389000,389000,380000,384000,40969,-0.005181347150259086
2022-12-28,381500,392000,380500,388500,31626,0.01171875
2022-12-29,384000,387000,379000,380500,24104,-0.020592020592020588
2023-01-02,381000,383500,374500,376500,18755,-0.010512483574244391
2023-01-03,376500,378000,366000,369000,49245,-0.019920318725099584
2023-01-04,368000,368000,349000,349000,139501,-0.054200542005420016
2023-01-05,351000,351000,335000,338000,166569,-0.03151862464183386
2023-01-06,338000,342000,335500,340000,74250,0.00591715976331364
2023-01-09,343000,347000,337000,343500,76805,0.010294117647058787
2023-01-10,343500,346000,340000,341500,68885,-0.005822416302765698
2023-01-11,342000,343500,340000,342500,48735,0.002928257686676483
2023-01-12,344000,345000,341500,342500,48550,0.0
2023-01-13,344000,348500,343000,343000,69332,0.0014598540145984717
2023-01-16,345500,348500,344000,346500,47567,0.010204081632652962
2023-01-17,348000,348500,343500,345500,39938,-0.0028860028860029363
2023-01-18,346000,346000,340500,343000,36216,-0.00723589001447178
2023-01-19,341000,345500,340000,345000,36268,0.005830903790087438
2023-01-20,343000,344000,338000,340000,82894,-0.01449275362318836
2023-01-25,342000,342000,337500,338500,65199,-0.004411764705882337
2023-01-26,339000,343000,338500,343000,55791,0.013293943870014813
2023-01-27,343500,353000,342000,352500,95120,0.0276967930029155
2023-01-30,353500,354000,345000,345500,62503,-0.019858156028368823
2023-01-31,347000,347500,343500,345000,46875,-0.0014471780028944004
2023-02-01,345000,346000,342000,344000,42049,-0.0028985507246376274
2023-02-02,345000,345500,341000,342500,52349,-0.0043604651162790775
2023-02-03,342500,349500,342000,348500,68690,0.01751824817518255
2023-02-06,348500,350000,345000,347000,40114,-0.004304160688665681
2023-02-07,346000,348500,343000,344000,36713,-0.008645533141210415
2023-02-08,344500,347500,344000,346500,28136,0.007267441860465018
2023-02-09,345000,347000,343500,344000,40793,-0.00721500721500723
2023-02-10,343500,346000,343000,345500,46480,0.0043604651162789665
2023-02-13,344000,347000,339500,347000,55071,0.004341534008682979
2023-02-14,345000,345000,327500,334500,270012,-0.03602305475504319
2023-02-15,334000,334500,328500,329500,69206,-0.014947683109118093
2023-02-16,330000,331500,327500,329000,65723,-0.0015174506828528056
2023-02-17,329000,329500,327000,329000,43532,0.0
2023-02-20,329000,333500,328000,331000,36220,0.006079027355623046
2023-02-21,331000,335000,329000,329500,40257,-0.004531722054380682
2023-02-22,327500,328000,318000,319000,101542,-0.03186646433990892
2023-02-23,319000,327000,318000,324500,57373,0.01724137931034475
2023-02-24,323500,332500,323500,327500,68644,0.009244992295839749
2023-02-27,325000,326000,316000,321000,67588,-0.01984732824427482
2023-02-28,321000,323500,320000,321000,74673,0.0
2023-03-02,318500,321000,315500,319500,54605,-0.004672897196261627
2023-03-03,319500,325000,319500,322500,39686,0.009389671361502261
2023-03-06,324000,326000,319000,320500,46973,-0.006201550387596955
2023-03-07,320500,327000,319500,325500,51367,0.015600624024961096
2023-03-08,323000,323000,317500,319000,44513,-0.019969278033794113
2023-03-09,319500,322000,316500,320000,45881,0.0031347962382444194
2023-03-10,316500,319000,312500,314000,46131,-0.018750000000000044
2023-03-13,312000,312500,304000,309500,95157,-0.014331210191082855
2023-03-14,305000,307500,299500,305000,83591,-0.014539579967689842
2023-03-15,308500,311000,304500,309000,67272,0.013114754098360715
2023-03-16,305500,309500,305000,308000,34262,-0.003236245954692518
2023-03-17,310500,313500,307500,311000,63840,0.009740259740259827
2023-03-20,311500,313000,310500,311000,21387,0.0
2023-03-21,312000,315500,311500,314500,22429,0.0112540192926045
2023-03-22,316500,318000,313500,315000,30455,0.0015898251192367763
2023-03-23,312500,317000,310500,315000,27166,0.0
2023-03-24,312000,315500,310000,315000,31193,0.0
2023-03-27,315000,315500,307500,314500,56852,-0.0015873015873015817
2023-03-28,315500,321000,314500,321000,33768,0.020667726550079424
2023-03-29,320000,323000,317000,322000,40448,0.0031152647975076775
2023-03-30,319500,321500,317000,319000,28315,-0.009316770186335366
2023-03-31,320000,328500,319500,326000,61251,0.021943573667711602
2023-04-03,327500,328000,323000,323500,27536,-0.0076687116564416735
2023-04-04,325500,326000,320500,322500,33955,-0.0030911901081916993
2023-04-05,324500,324500,319500,320000,22317,-0.007751937984496138
2023-04-06,320000,322000,316500,319000,35175,-0.0031250000000000444
2023-04-07,317500,318500,315500,315500,28963,-0.010971786833855801
2023-04-10,315000,315000,308500,312500,44121,-0.009508716323296307
2023-04-11,311500,318000,309500,315000,33483,0.008000000000000007
2023-04-12,313500,318500,313000,318000,43916,0.00952380952380949
2023-04-13,317500,320000,314000,318000,36646,0.0
2023-04-14,317000,325000,317000,321500,45227,0.011006289308176154
2023-04-17,322500,323000,317000,319000,34377,-0.007776049766718529
2023-04-18,317500,320000,315500,320000,24507,0.0031347962382444194
2023-04-19,319000,322500,317500,318000,29546,-0.006249999999999978
2023-04-20,319000,323000,317000,319500,37425,0.004716981132075526
2023-04-21,319500,322000,313500,315500,37206,-0.012519561815336422
2023-04-24,315500,316000,312000,314000,27030,-0.004754358161648153
2023-04-25,314000,314500,307500,309000,34369,-0.015923566878980888
2023-04-26,307500,315000,306500,315000,33014,0.01941747572815533
2023-04-27,315000,315500,307000,308000,35558,-0.022222222222222254
2023-04-28,308000,309500,305500,309500,27579,0.004870129870129913
2023-05-02,307500,311000,307500,310000,21937,0.001615508885298933
2023-05-03,308500,313000,308000,313000,22068,0.00967741935483879
2023-05-04,311000,312500,308000,309500,18263,-0.011182108626198062
2023-05-08,310000,323500,309500,322500,76743,0.042003231017770704
2023-05-09,319500,321500,310500,318500,70853,-0.012403100775193798
2023-05-10,319000,332500,317000,321500,109672,0.009419152276295195
2023-05-11,323000,323000,317000,317000,40654,-0.013996889580093264
2023-05-12,318000,319500,314500,318000,21927,0.003154574132492094
2023-05-15,316500,318500,313500,317000,28902,-0.0031446540880503138
2023-05-16,316000,321000,315500,319500,29800,0.007886435331230235
2023-05-17,318000,323500,317000,320500,36814,0.003129890453834161
2023-05-18,320500,322500,318500,320500,23859,0.0
2023-05-19,319000,323500,319000,322500,29209,0.006240249609984483
2023-05-22,325000,329000,323500,328500,39390,0.018604651162790642
2023-05-23,328500,328500,324000,324500,32239,-0.0121765601217656
2023-05-24,323500,329500,321500,326000,21255,0.0046224961479199855
2023-05-25,324500,325000,320500,320500,25102,-0.016871165644171793
2023-05-26,319500,320000,316000,317500,16491,-0.009360374414976613
2023-05-30,318000,320500,316500,317500,23474,0.0
2023-05-31,316000,317500,310000,310000,74942,-0.023622047244094446
2023-06-01,311000,316000,311000,315500,25643,0.01774193548387104
2023-06-02,315000,321000,314000,320500,29454,0.015847860538827252
2023-06-05,320500,327500,320000,325500,39885,0.015600624024961096
2023-06-07,328500,329000,324000,324000,32680,-0.004608294930875556
2023-06-08,324000,327500,321000,324000,50760,0.0
2023-06-09,326000,326500,320500,321500,33817,-0.007716049382716084
2023-06-12,324000,325500,320000,323000,32828,0.004665629860031162
2023-06-13,323000,323000,313000,318500,62096,-0.01393188854489169
2023-06-14,318500,319000,312500,315000,46226,-0.01098901098901095
2023-06-15,315000,317000,313500,314000,25780,-0.0031746031746031633
2023-06-16,315500,317000,314500,314500,39931,0.0015923566878981443
2023-06-19,314500,316000,302500,303500,80127,-0.03497615262321141
2023-06-20,304500,305000,290500,292000,127452,-0.03789126853377267
2023-06-21,292000,292500,274000,276500,151271,-0.05308219178082196
2023-06-22,278500,285000,273500,280500,77986,0.014466546112115841
2023-06-23,280500,280500,272000,273500,65675,-0.024955436720142554
2023-06-26,273500,275500,269000,273500,35607,0.0
2023-06-27,272000,275000,270000,274000,46888,0.001828153564899404
2023-06-28,275000,280000,273500,274000,39855,0.0
2023-06-29,273000,275500,268500,268500,32465,-0.02007299270072993
2023-06-30,267000,272000,265500,269500,37038,0.003724394785847407
2023-07-03,271500,283000,270000,280000,55058,0.03896103896103886
2023-07-04,280500,281500,275000,277500,33053,-0.008928571428571397
2023-07-05,275500,277500,270000,271500,42655,-0.021621621621621623
2023-07-06,272000,272000,265500,267500,49530,-0.014732965009208066
2023-07-07,267500,268000,259500,264000,51402,-0.013084112149532756
2023-07-10,264000,267500,261000,266500,26367,0.009469696969697017
2023-07-11,269000,275500,268500,271000,35864,0.016885553470919357
2023-07-12,273000,278000,271000,276000,39839,0.01845018450184499
2023-07-13,280500,282500,277000,277000,50106,0.0036231884057971175
2023-07-14,280000,281500,277500,280000,32769,0.010830324909747224
2023-07-17,280000,283000,276500,278500,23851,-0.005357142857142838
2023-07-18,279000,283000,278500,279000,25890,0.0017953321364452268
2023-07-19,280000,280500,276000,278000,31393,-0.0035842293906810374
2023-07-20,277000,280000,275500,276500,24471,-0.0053956834532373765
2023-07-21,275500,284000,274000,282000,40677,0.019891500904159143
2023-07-24,281500,282000,270000,273000,52196,-0.03191489361702127
2023-07-25,273500,274500,268000,270000,34439,-0.01098901098901095
2023-07-26,270000,270000,258000,262000,65792,-0.029629629629629672
2023-07-27,262000,281500,262000,281000,70671,0.0725190839694656
2023-07-28,278000,280000,275000,277500,39143,-0.01245551601423489
2023-07-31,280000,281500,275500,280000,36365,0.009009009009008917
2023-08-01,278500,293500,277000,292500,70336,0.044642857142857206
2023-08-02,292500,296000,288500,295000,61974,0.008547008547008517
2023-08-03,294500,297000,290000,294500,44091,-0.0016949152542372614
2023-08-04,294500,296500,290000,294500,23294,0.0
2023-08-07,292000,301000,290000,297000,48205,0.008488964346349714
2023-08-08,304000,317500,302000,310500,153533,0.045454545454545414
2023-08-09,310000,310000,303000,305000,42995,-0.017713365539452464
2023-08-10,304500,311500,302500,310000,46933,0.016393442622950838
2023-08-11,306000,311000,306000,308000,17293,-0.006451612903225823
2023-08-14,308500,316500,305000,314000,54404,0.01948051948051943
2023-08-16,314000,318000,308500,309500,36173,-0.014331210191082855
2023-08-17,310000,310000,302500,307500,38805,-0.00646203554119551
2023-08-18,302000,306000,300000,303500,30286,-0.013008130081300862
2023-08-21,303500,309000,302000,304000,18201,0.0016474464579900872
2023-08-22,301500,307000,300000,300500,20233,-0.011513157894736836
2023-08-23,298000,310000,298000,305000,28307,0.014975041597337757
2023-08-24,305500,305500,300000,301000,15964,-0.013114754098360604
2023-08-25,298000,305500,297000,304000,19472,0.009966777408637828
2023-08-28,307000,312000,305000,308500,25290,0.014802631578947345
2023-08-29,308500,310000,302500,303000,15618,-0.017828200972447306
2023-08-30,306000,308500,301500,302000,22433,-0.0033003300330033403
2023-08-31,302500,304500,298000,299000,34691,-0.009933774834437137
2023-09-01,297500,300500,295000,299500,30178,0.0016722408026756952
2023-09-04,297000,303000,296500,303000,18504,0.011686143572620988
2023-09-05,301000,304000,299500,299500,16330,-0.011551155115511524
2023-09-06,298500,302000,296000,297500,27861,-0.006677796327211993
2023-09-07,296000,297000,290000,294000,44545,-0.0117647058823529
2023-09-08,295000,299500,294000,297500,22795,0.011904761904761862
2023-09-11,298000,298000,292000,294000,26751,-0.0117647058823529
2023-09-12,295000,300000,295000,297000,25667,0.010204081632652962
2023-09-13,294000,295500,292500,295500,23049,-0.005050505050505083
2023-09-14,293500,298000,293500,297000,26302,0.0050761421319796
2023-09-15,300000,308000,297000,305500,59365,0.028619528619528545
2023-09-18,304500,314000,304500,311000,38377,0.018003273322422242
2023-09-19,310000,312500,308500,310000,16834,-0.003215434083601254
2023-09-20,310000,311000,305000,306000,11984,-0.012903225806451646
2023-09-21,303000,308500,302500,305000,22825,-0.0032679738562091387
2023-09-22,304500,304500,295500,298500,15141,-0.021311475409836023
2023-09-25,299500,301000,296000,299500,12037,0.003350083752093891
2023-09-26,296500,310500,295000,307000,58554,0.025041736227044975
2023-09-27,305000,309000,300500,307000,26288,0.0
2023-10-04,306500,310000,291000,293000,41064,-0.0456026058631922
2023-10-05,293500,295000,289000,291000,24087,-0.0068259385665528916
2023-10-06,291000,291000,283000,284500,28663,-0.022336769759450203
2023-10-10,289500,294000,279500,281000,42829,-0.012302284710017597
2023-10-11,284000,284500,277000,281500,43937,0.001779359430605032
2023-10-12,283500,284000,278500,279000,34387,-0.008880994671403242
2023-10-13,278000,281500,277500,279500,14975,0.0017921146953405742
2023-10-16,279000,285000,279000,283500,28111,0.014311270125223707
2023-10-17,286500,288000,281000,281500,15702,-0.007054673721340388
2023-10-18,281500,283500,279500,281500,11555,0.0
2023-10-19,279500,286500,277000,282500,21040,0.003552397868561208
2023-10-20,282000,282000,274000,274000,30251,-0.030088495575221197
2023-10-23,276500,278000,271500,275000,19939,0.0036496350364962904
2023-10-24,277500,278500,267500,275500,32615,0.0018181818181817189
2023-10-25,275500,284000,275500,281000,21051,0.019963702359346636
2023-10-26,280000,283000,275500,276500,18751,-0.016014234875444844
2023-10-27,277000,281000,274500,279000,19010,0.009041591320072317
2023-10-30,276000,282500,276000,281000,16031,0.007168458781362075
2023-10-31,283500,287500,280500,282500,15322,0.005338078291814874
2023-11-01,282500,292000,282500,289000,25386,0.023008849557522026
2023-11-02,289500,293000,286000,287000,21416,-0.00692041522491349
2023-11-03,290000,291000,285500,289500,14013,0.008710801393728262
2023-11-06,290000,299500,289500,299500,24201,0.0345423143350605
2023-11-07,297000,301000,291500,294500,33762,-0.016694490818030094
2023-11-08,300000,303000,294500,301500,26614,0.02376910016977929
2023-11-09,299500,305500,298000,303500,25142,0.0066334991708125735
2023-11-10,301500,306500,300500,304500,15022,0.0032948929159801743
2023-11-13,306500,312500,305000,307000,39905,0.008210180623973828
2023-11-14,308000,320000,307000,318500,83086,0.037459283387622166
2023-11-15,320500,322000,315500,319500,38182,0.0031397174254317317
2023-11-16,317500,322500,316000,318500,20852,-0.003129890453834161
2023-11-17,320000,322500,317000,319000,30129,0.0015698587127157548
2023-11-20,319000,322500,315500,320000,22257,0.0031347962382444194
2023-11-21,323000,326500,320000,325500,40664,0.01718749999999991
2023-11-22,322500,327500,322000,326000,35122,0.001536098310291889
2023-11-23,322500,327000,321000,324000,22336,-0.006134969325153339
2023-11-24,322500,324000,319000,319500,14316,-0.01388888888888884
2023-11-27,319500,322500,319000,319500,15867,0.0
2023-11-28,322000,324500,317500,318000,18774,-0.0046948356807511304
2023-11-29,316000,320000,315500,315500,17443,-0.00786163522012584
2023-11-30,314500,317500,309000,309000,53808,-0.020602218700475405
2023-12-01,309000,320500,308500,311500,22661,0.008090614886731462
2023-12-04,313500,319000,308000,315500,20138,0.01284109149277679
2023-12-05,314000,324000,312000,320500,19818,0.015847860538827252
2023-12-06,324000,326500,320000,320000,24987,-0.0015600624024960652
2023-12-07,318500,322500,314500,315000,17051,-0.015625
2023-12-08,317000,318500,311500,316500,19362,0.004761904761904745
2023-12-11,318500,322500,316000,321000,16272,0.014218009478673022
2023-12-12,324500,326000,320500,320500,22635,-0.0015576323987538387
2023-12-13,324500,324500,316500,318500,17953,-0.006240249609984372
2023-12-14,316500,324500,316500,318500,30651,0.0
2023-12-15,316000,320000,313000,318500,34572,0.0
2023-12-18,315500,323500,314500,316500,13379,-0.006279434850863463
2023-12-19,315000,319000,315000,316500,10026,0.0
2023-12-20,318500,319500,315500,317500,21307,0.003159557661927437
2023-12-21,317500,319500,315500,319500,18612,0.006299212598425141
2023-12-22,320500,321000,315500,320000,12591,0.0015649452269170805
2023-12-26,323000,323000,317000,320000,15053,0.0
2023-12-27,320000,320000,315500,320000,9624,0.0
2023-12-28,321000,324000,317500,324000,24175,0.012499999999999956
2024-01-02,320500,325000,319500,323000,18530,-0.0030864197530864335
2024-01-03,319000,322500,315500,315500,21039,-0.023219814241486114
2024-01-04,315500,322500,313000,318000,23362,0.007923930269413626
2024-01-05,318000,325000,313500,316000,33917,-0.0062893081761006275
2024-01-08,317000,318000,300000,300000,52372,-0.05063291139240511
2024-01-09,305000,305000,300000,301500,24114,0.004999999999999893
2024-01-10,303500,303500,300000,300000,15159,-0.00497512437810943
2024-01-11,302000,302500,292500,292500,28914,-0.025000000000000022
2024-01-12,295000,296500,291500,295000,16101,0.008547008547008517
2024-01-15,298000,299000,295000,299000,11990,0.013559322033898313
2024-01-16,295000,297000,289000,290000,24084,-0.030100334448160515
2024-01-17,292000,292000,286500,287500,16122,-0.008620689655172376
2024-01-18,285500,291500,284000,284500,21429,-0.01043478260869568
2024-01-19,287000,289000,283500,286500,18417,0.007029876977152849
2024-01-22,289000,291500,286000,286500,16687,0.0
2024-01-23,288500,291000,287000,289500,18193,0.010471204188481575
2024-01-24,289500,290000,282000,284500,22370,-0.01727115716753025
2024-01-25,284500,285000,282500,284500,13823,0.0
2024-01-26,283500,288000,283000,286000,14290,0.005272407732864748
2024-01-29,287000,294500,285500,290000,17645,0.013986013986013957
2024-01-30,291000,294500,289500,291000,18908,0.0034482758620688614
2024-01-31,291000,293000,286500,292000,19764,0.0034364261168384758
2024-02-01,289000,299500,289000,297500,25811,0.018835616438356073
2024-02-02,297500,307000,296000,305000,34111,0.025210084033613356
2024-02-05,307000,307000,297000,300500,37303,-0.014754098360655776
2024-02-06,297500,302000,295000,296500,35976,-0.01331114808652245
2024-02-07,299500,302000,296500,300000,27354,0.01180438448566612
2024-02-08,300500,302000,295500,296000,35673,-0.013333333333333308
2024-02-13,299500,304000,296000,298000,25426,0.006756756756756799
2024-02-14,298000,306500,295500,297000,30290,-0.003355704697986628
2024-02-15,301500,301500,296500,297000,13615,0.0
2024-02-16,300000,303500,298500,302500,16725,0.0185185185185186
2024-02-19,304500,307500,302000,304000,19431,0.0049586776859504855
2024-02-20,304500,307500,303500,305500,23760,0.004934210526315708
2024-02-21,307000,310000,305000,309500,33470,0.013093289689034338
2024-02-22,310500,310500,302500,303500,27124,-0.01938610662358642
2024-02-23,303500,308000,301500,308000,23545,0.014827018121911006
2024-02-26,308000,308000,301500,302500,18357,-0.017857142857142905
2024-02-27,305000,305000,297000,298500,31124,-0.013223140495867813
2024-02-28,299000,300000,295500,297000,28133,-0.005025125628140725
2024-02-29,295000,299500,293000,299500,52089,0.008417508417508435
2024-03-04,300000,302000,293500,293500,23089,-0.02003338898163609
2024-03-05,291000,295500,290500,291000,18106,-0.008517887563884163
2024-03-06,291000,292500,286000,289500,29758,-0.005154639175257714
2024-03-07,290000,291000,281500,283500,47103,-0.020725388601036232
2024-03-08,286000,289500,285000,287500,36067,0.014109347442680775
2024-03-11,287500,288000,284500,287500,17196,0.0
2024-03-12,289500,290500,286000,290000,21402,0.008695652173912993
2024-03-13,292500,292500,282500,283000,36770,-0.024137931034482807
2024-03-14,285000,287500,284000,287000,35735,0.014134275618374659
2024-03-15,287000,292000,286500,287500,39192,0.0017421602787457413
2024-03-18,290500,297500,287000,293500,36825,0.02086956521739136
2024-03-19,293000,297000,291000,292000,30116,-0.005110732538330498
2024-03-20,295500,295500,289500,292000,21578,0.0
2024-03-21,293000,293000,286000,288500,53924,-0.011986301369863006
2024-03-22,288000,292000,287500,289500,31253,0.0034662045060658286
2024-03-25,290000,292500,288000,291000,19724,0.005181347150259086
2024-03-26,293000,296500,291000,295000,32268,0.013745704467353903
2024-03-27,291500,294000,291500,292500,18130,-0.008474576271186418
2024-03-28,293000,294000,289500,292000,22443,-0.0017094017094017033
2024-03-29,292500,295000,291000,294000,21325,0.006849315068493178
2024-04-01,295000,315000,292500,311000,86021,0.05782312925170063
2024-04-02,308000,308000,303500,304500,23657,-0.020900321543408373
2024-04-03,309000,321000,308500,317000,111430,0.0410509031198687
2024-04-04,320000,327000,315500,323500,66480,0.020504731861198833
2024-04-05,320000,324000,318000,321000,36957,-0.007727975270479082
2024-04-08,321000,324000,317000,318000,27463,-0.009345794392523366
2024-04-09,319000,320000,315000,315500,13920,-0.00786163522012584
2024-04-11,311000,317500,309000,315000,30440,-0.0015847860538826808
2024-04-12,314000,320000,312000,314000,28057,-0.0031746031746031633
2024-04-15,314000,328000,313500,326000,83014,0.03821656050955413
2024-04-16,326000,338000,322000,332500,138068,0.019938650306748462
2024-04-17,335000,338000,327000,327500,45500,-0.015037593984962405
2024-04-18,332500,335000,330000,332000,43057,0.013740458015267132
2024-04-19,331000,338000,327500,335000,44438,0.009036144578313143
2024-04-22,338500,347000,335500,347000,86243,0.035820895522387985
2024-04-23,345000,346500,339500,341500,47028,-0.015850144092218965
2024-04-24,341000,341500,333500,337000,47050,-0.013177159590043952
2024-04-25,334000,341000,332500,332500,33374,-0.013353115727002929
2024-04-26,335500,338500,329000,337000,20733,0.013533834586466176
2024-04-29,339500,341500,334000,334500,29627,-0.007418397626112738
2024-04-30,335500,342500,335500,337000,42984,0.007473841554558991
2024-05-02,334500,345500,331500,342500,48794,0.016320474777448135
2024-05-03,345500,345500,339000,340000,25405,-0.007299270072992692
2024-05-07,347000,347000,336500,337500,32283,-0.007352941176470562
2024-05-08,341000,345500,338000,340000,25369,0.007407407407407307
2024-05-09,342000,342500,332000,334000,38911,-0.01764705882352946
2024-05-10,337500,339000,331000,336000,25955,0.0059880239520957446
2024-05-13,339500,352500,337000,350000,75133,0.04166666666666674
2024-05-14,351000,354000,329500,332500,147510,-0.050000000000000044
2024-05-16,334500,339500,328500,329000,47559,-0.010526315789473717
2024-05-17,332500,345000,332500,333500,79396,0.013677811550151908
2024-05-20,339000,345500,334500,342000,52533,0.025487256371814038
2024-05-21,345500,345500,338000,339000,33256,-0.00877192982456143
2024-05-22,339000,356000,338000,354000,107402,0.04424778761061954
2024-05-23,351000,354000,345000,346500,45989,-0.021186440677966156
2024-05-24,343500,365500,340500,363000,92981,0.04761904761904767
2024-05-27,366500,378000,363500,371500,88955,0.023415977961432466
2024-05-28,372000,374500,362000,365000,38882,-0.01749663526244949
2024-05-29,361500,366000,357000,360000,42662,-0.013698630136986356
2024-05-30,361500,366500,350000,353500,52840,-0.018055555555555602
2024-05-31,357000,357000,348000,349500,105057,-0.011315417256011262
2024-06-03,353500,356000,348500,351500,33993,0.005722460658083017
2024-06-04,347500,350500,341000,343500,55854,-0.022759601706970112
2024-06-05,344500,344500,337500,339000,27821,-0.013100436681222738
2024-06-07,341500,344500,339000,343500,26394,0.01327433628318575
2024-06-10,338500,367000,336500,363000,94217,0.05676855895196509
2024-06-11,366500,372000,361000,362500,46997,-0.0013774104683195176
2024-06-12,361500,375000,357000,374500,58646,0.03310344827586209
2024-06-13,377000,386500,371000,374000,98357,-0.001335113484646211
2024-06-14,372000,391500,369500,382000,77574,0.021390374331550888
2024-06-17,385500,394000,379000,389500,68517,0.01963350785340312
2024-06-18,393500,399500,388000,396500,68725,0.01797175866495504
2024-06-19,396000,399000,385000,396000,69261,-0.0012610340479193294
2024-06-20,392500,400000,388000,394000,44119,-0.005050505050505083
2024-06-21,390500,393500,382000,390500,51141,-0.008883248730964466
2024-06-24,391500,398500,385000,393000,41338,0.006402048655569814
2024-06-25,396500,401500,391000,397500,46847,0.011450381679389388
2024-06-26,397500,407500,393000,398000,54498,0.0012578616352201255
2024-06-27,394000,394500,373500,376000,76662,-0.055276381909547756
2024-06-28,378000,388000,372500,385500,43021,0.025265957446808596
2024-07-01,382000,382000,367000,369000,51954,-0.04280155642023342
2024-07-02,365500,371500,363500,370000,36995,0.0027100271002709064
2024-07-03,369000,370000,359000,365500,36511,-0.012162162162162149
2024-07-04,368500,375000,361000,365500,43590,0.0
2024-07-05,366500,369000,360000,364000,42592,-0.004103967168262668
2024-07-08,363000,374000,360000,371500,31210,0.02060439560439553
2024-07-09,374000,374000,368000,373500,27832,0.0053835800807537915
2024-07-10,370000,374500,364500,366000,29025,-0.02008032128514059
2024-07-11,367500,371000,364500,367500,36412,0.004098360655737654
2024-07-12,372000,372000,364500,370500,20207,0.008163265306122547
2024-07-15,373000,377000,368000,371500,19437,0.0026990553306343035
2024-07-16,373000,379000,369500,372500,28338,0.0026917900403768957
2024-07-17,372500,379500,372500,379500,33443,0.01879194630872494
2024-07-18,381500,381500,372500,379500,22549,0.0
2024-07-19,375500,375500,365000,371000,20406,-0.022397891963109373
2024-07-22,369500,371000,360500,365500,25727,-0.014824797843665749
2024-07-23,366500,387000,366500,385000,47835,0.05335157318741457
2024-07-24,380500,390000,376500,385000,22442,0.0
2024-07-25,386000,386500,374000,378500,23697,-0.016883116883116833
2024-07-26,380000,385000,375000,377000,17107,-0.003963011889035695
2024-07-29,379000,390000,372500,386500,20788,0.025198938992042397
2024-07-30,385000,390000,379500,379500,25684,-0.018111254851228997
2024-07-31,379500,391000,377500,386500,49533,0.01844532279314892
2024-08-01,380500,381500,373000,373500,30614,-0.03363518758085382
2024-08-02,370000,374000,362000,368000,21439,-0.014725568942436373
2024-08-05,361000,361500,335000,343000,61311,-0.06793478260869568
2024-08-06,354500,354500,339000,344500,32982,0.004373177842565523
2024-08-07,337500,362000,337000,352000,27768,0.021770682148040565
2024-08-08,348500,353500,345000,353500,24752,0.0042613636363635354
2024-08-09,358000,362000,353500,355000,15974,0.004243281471004279
2024-08-12,361000,361500,354000,359000,12360,0.011267605633802802
2024-08-13,355500,373500,355000,370000,41122,0.03064066852367686
2024-08-14,378500,380000,363500,366000,39537,-0.010810810810810811
2024-08-16,369500,370000,352000,353000,40958,-0.03551912568306015
2024-08-19,353500,353500,339500,342500,63398,-0.029745042492917873
2024-08-20,345000,350500,344000,350000,30205,0.021897810218978186
2024-08-21,351000,351000,345000,350000,16059,0.0
2024-08-22,351500,352000,341500,344500,26883,-0.01571428571428568
2024-08-23,341000,343500,329500,331000,64276,-0.03918722786647311
2024-08-26,332000,332500,320500,330000,47207,-0.0030211480362537513
2024-08-27,331000,339500,328500,338500,36989,0.025757575757575868
2024-08-28,338000,341000,334000,335500,20201,-0.008862629246676468
2024-08-29,337000,337000,317000,319500,75019,-0.04769001490312963
2024-08-30,321500,326500,320000,322000,42591,0.00782472613458518
2024-09-02,324000,325500,319000,322000,20112,0.0
2024-09-03,323000,325000,320000,320500,23827,-0.004658385093167738
2024-09-04,316000,318500,309500,310500,35580,-0.03120124804992197
2024-09-05,313000,315500,307000,310500,27066,0.0
2024-09-06,313000,313000,306000,307000,13637,-0.011272141706924366
2024-09-09,302000,312500,300000,310500,22095,0.01140065146579805
2024-09-10,313000,318000,311000,314000,28460,0.011272141706924366
2024-09-11,317500,317500,308500,312500,20800,-0.004777070063694322
2024-09-12,313500,314500,309500,314500,29146,0.006399999999999961
2024-09-13,317000,320000,314000,317000,17138,0.007949125596184325
2024-09-19,324000,325000,315500,322000,23058,0.01577287066246047
2024-09-20,322000,323500,309000,310500,72140,-0.0357142857142857
2024-09-23,312000,313500,308000,312500,19120,0.006441223832528209
2024-09-24,313500,315500,310000,315500,22705,0.009600000000000053
2024-09-25,317000,318500,306000,307000,65471,-0.02694136291600635
2024-09-26,309500,312500,306000,312500,35144,0.01791530944625408
2024-09-27,312500,312500,306500,307000,56158,-0.01759999999999995
2024-09-30,309500,314000,304000,304000,50886,-0.009771986970684043
2024-10-02,301500,303000,290000,292500,76193,-0.03782894736842102
2024-10-04,293000,294000,289500,294000,49542,0.00512820512820511
2024-10-07,295000,295000,289500,293000,54678,-0.003401360544217691
2024-10-08,290500,293000,280500,280500,105208,-0.0426621160409556
2024-10-10,283000,290500,279000,287000,80289,0.02317290552584672
2024-10-11,287500,287500,280000,280500,65915,-0.022648083623693416
2024-10-14,281000,288500,281000,288000,53539,0.02673796791443861
2024-10-15,289000,291500,285500,287500,43557,-0.0017361111111111605
2024-10-16,287000,290000,282500,290000,58266,0.008695652173912993
2024-10-17,290000,290000,281500,281500,49626,-0.02931034482758621
2024-10-18,283000,285000,280500,281500,17652,0.0
2024-10-21,280500,284000,278500,279500,29461,-0.007104795737122527
2024-10-22,278000,278000,273000,276000,42234,-0.012522361359570633
2024-10-23,277000,280000,275500,276500,29533,0.0018115942028984477
2024-10-24,274500,277500,273000,274000,30725,-0.009041591320072317
2024-10-25,272500,274000,267500,269500,38638,-0.01642335766423353
2024-10-28,270500,274000,269000,274000,25049,0.016697588126159513
2024-10-29,274000,274500,269000,274000,23664,0.0
2024-10-30,274000,274000,269500,272000,30384,-0.007299270072992692
2024-10-31,272000,277000,269000,274500,43837,0.009191176470588314
2024-11-01,274000,277500,271000,273500,15335,-0.0036429872495445936
2024-11-04,274000,279000,271500,278500,19440,0.018281535648994485
2024-11-05,276000,279500,275000,276500,19351,-0.007181328545781018
2024-11-06,277000,278500,272000,274500,19186,-0.007233273056057921
2024-11-07,273000,277500,272000,272000,23579,-0.00910746812386154
2024-11-08,275000,276000,262500,264500,71309,-0.02757352941176472
2024-11-11,263500,264000,259000,260500,40831,-0.015122873345935761
2024-11-12,258000,260500,251500,256500,56860,-0.015355086372360827
2024-11-13,253500,256000,246500,246500,78854,-0.03898635477582846
2024-11-14,247500,251000,240500,240500,71156,-0.024340770791075106
2024-11-15,242500,248000,239000,246500,46319,0.02494802494802495
2024-11-18,244500,259000,242000,257500,63854,0.04462474645030423
2024-11-19,271000,277500,264000,270500,190976,0.05048543689320395
2024-11-20,268000,288500,266500,284500,141976,0.05175600739371533
2024-11-21,288000,288500,275500,276500,57233,-0.02811950790861162
2024-11-22,278500,278500,270500,272000,33086,-0.016274864376130238
2024-11-25,272000,275500,270500,270500,60344,-0.005514705882352922
2024-11-26,270000,276500,269000,275000,42105,0.01663585951940849
2024-11-27,269500,278500,269500,273500,33207,-0.00545454545454549
2024-11-28,276000,276000,271000,273000,29721,-0.001828153564899404
2024-11-29,273000,273000,263000,263500,58684,-0.034798534798534786
2024-12-02,265500,266000,261000,263500,34442,0.0
2024-12-03,266000,273500,263500,271500,37814,0.030360531309297834
2024-12-04,269000,276000,265500,273500,60359,0.007366482504604033
2024-12-05,271000,272000,263000,265000,48512,-0.031078610603290646
2024-12-06,265000,265000,257500,262000,49154,-0.01132075471698113
2024-12-09,258500,259000,250500,250500,49278,-0.043893129770992356
2024-12-10,251500,266000,251500,265000,45726,0.05788423153692612
2024-12-11,264500,272000,263000,265000,37046,0.0
2024-12-12,267500,271000,263500,268000,64834,0.01132075471698113
2024-12-13,267000,275000,265000,269000,31634,0.003731343283582156
2024-12-16,270500,271000,266500,270000,32955,0.0037174721189590088
2024-12-17,271000,271000,266500,266500,35701,-0.012962962962962954
2024-12-18,268500,277500,267500,272000,38363,0.02063789868667909
2024-12-19,266500,274500,262500,268000,65652,-0.014705882352941124
2024-12-20,267000,269000,255500,260500,77632,-0.027985074626865725
2024-12-23,261000,266000,260000,265000,31482,0.017274472168905985
2024-12-24,265000,266000,262000,264500,22151,-0.0018867924528301883
2024-12-26,265000,266000,259000,261000,24245,-0.013232514177693777
2024-12-27,258500,260000,251500,255500,28862,-0.021072796934865856
2024-12-30,255000,258500,253000,255500,29285,0.0
2025-01-02,255500,255500,247000,247500,46996,-0.03131115459882583
2025-01-03,251500,255000,250000,251500,30799,0.016161616161616266
2025-01-06,252000,254500,250000,252500,28859,0.003976143141153132
2025-01-07,252500,255500,248000,248000,65535,-0.017821782178217838
2025-01-08,247000,254000,247000,251000,44188,0.012096774193548487
2025-01-09,251000,253000,250000,250500,46242,-0.0019920318725099584
2025-01-10,250500,251500,245000,247000,59289,-0.013972055888223589
2025-01-13,246500,248000,240500,241500,69642,-0.022267206477732837
2025-01-14,242000,243500,239500,242000,41598,0.0020703933747412417
2025-01-15,242500,244000,239000,240000,52582,-0.008264462809917328
2025-01-16,241500,242500,239500,241000,49025,0.004166666666666652
2025-01-17,241000,245000,241000,242500,38826,0.006224066390041472
2025-01-20,243000,246500,241500,244000,26357,0.006185567010309256
2025-01-21,246500,247000,240000,242000,40946,-0.008196721311475419
2025-01-22,243500,244000,240500,241500,41212,-0.0020661157024793875
2025-01-23,241500,242000,232500,234500,104843,-0.02898550724637683
2025-01-24,235500,236500,232500,236000,39245,0.006396588486140775
2025-01-31,238000,242000,234500,242000,54228,0.025423728813559254
2025-02-03,239500,239500,232500,232500,47457,-0.039256198347107474
2025-02-04,235000,242000,234000,242000,46379,0.04086021505376336
2025-02-05,245500,252500,243000,244000,88275,0.008264462809917328
2025-02-06,245000,251500,244000,247500,51006,0.014344262295082011
2025-02-07,247500,248500,244000,245000,26309,-0.010101010101010055
2025-02-10,245000,252000,244000,250000,58785,0.020408163265306145
2025-02-11,247500,248500,239000,240000,118675,-0.040000000000000036
2025-02-12,242000,247500,240500,244500,64297,0.018750000000000044
2025-02-13,245000,246000,241000,246000,88053,0.006134969325153339
2025-02-14,245000,250000,245000,247500,64436,0.0060975609756097615
2025-02-17,247000,247000,243000,246000,62971,-0.0060606060606061
2025-02-18,245000,245500,240500,242000,86024,-0.016260162601625994
2025-02-19,242000,247500,241500,245000,87246,0.012396694214876103
2025-02-20,246000,250000,245500,249500,69971,0.01836734693877551
2025-02-21,250000,250000,246000,248000,57402,-0.006012024048096198
2025-02-24,247500,252500,244500,249500,56595,0.006048387096774244
2025-02-25,249500,250500,244500,246000,65095,-0.014028056112224463
2025-02-26,246500,249000,246000,247500,44072,0.0060975609756097615
2025-02-27,247000,247000,244000,247000,49000,-0.002020202020202033
2025-02-28,244000,244500,236000,237000,152864,-0.04048582995951422
2025-03-04,236500,242000,236000,240000,49419,0.012658227848101333
2025-03-05,240000,244500,240000,243000,64952,0.012499999999999956
2025-03-06,244000,258000,243500,257500,153243,0.05967078189300401
2025-03-07,258000,266500,253500,262000,171861,0.01747572815533971
2025-03-10,260000,265000,257500,259000,62437,-0.011450381679389277
2025-03-11,253000,259500,253000,257000,86665,-0.007722007722007707
2025-03-12,257000,262500,257000,257500,57472,0.0019455252918287869
2025-03-13,258500,259000,249000,250500,102173,-0.027184466019417486
2025-03-14,250500,253000,248000,250500,55717,0.0
2025-03-17,252500,253000,250000,252500,43804,0.007984031936127733
2025-03-18,253000,258000,252500,253500,48586,0.003960396039603964
2025-03-19,254000,266000,253500,265000,118202,0.04536489151873768
2025-03-20,267500,272000,264000,265500,104928,0.0018867924528302993
2025-03-21,265000,270000,263000,268500,93748,0.011299435028248483
2025-03-24,269000,270000,265000,266000,46867,-0.009310986964618295
2025-03-25,264000,267500,258500,259000,68723,-0.02631578947368418
2025-03-26,261000,263000,257500,257500,36438,-0.00579150579150578
2025-03-27,256000,261000,256000,256500,27765,-0.003883495145631022
2025-03-28,257000,258000,253000,254500,34561,-0.007797270955165692
2025-03-31,251500,251500,245500,246500,47600,-0.03143418467583492
2025-04-01,248500,250500,247000,249000,33093,0.010141987829614507
2025-04-02,249000,249500,241500,242500,74383,-0.026104417670682722
2025-04-03,237000,238500,235500,236500,85298,-0.024742268041237137
2025-04-04,234000,246000,233500,246000,59684,0.04016913319238902
2025-04-07,237500,242000,234500,238000,58831,-0.03252032520325199
2025-04-08,241000,241000,232000,234500,58489,-0.014705882352941124
2025-04-09,232000,234500,227500,228500,59695,-0.02558635394456288
2025-04-10,235500,240000,231000,240000,73013,0.05032822757111588
2025-04-11,235000,235000,226500,231500,133826,-0.03541666666666665
2025-04-14,232000,234000,229000,232000,63929,0.002159827213822796
2025-04-15,232000,238000,232000,237500,31918,0.0237068965517242
2025-04-16,236500,241500,236500,237500,49831,0.0
2025-04-17,239000,244500,237500,243500,58415,0.025263157894736876
2025-04-18,243500,244500,237000,239000,55167,-0.01848049281314168
2025-04-21,239000,240500,237500,240000,25616,0.004184100418409997
2025-04-22,239500,242000,238500,240500,35954,0.002083333333333437
2025-04-23,243000,243500,240000,241500,28832,0.004158004158004047
2025-04-24,242000,243000,240000,242500,32128,0.0041407867494824835
2025-04-25,244000,245000,242500,243500,23481,0.004123711340206171
2025-04-28,243500,245000,235000,236500,79247,-0.028747433264887046
2025-04-29,236500,239500,236500,238000,54543,0.00634249471458781
2025-04-30,238500,240000,235500,239000,57084,0.004201680672268893
2025-05-02,237500,244000,237000,243000,39070,0.01673640167364021
2025-05-07,246500,248500,243000,246000,53088,0.012345679012345734
2025-05-08,245500,247500,244500,245500,37068,-0.002032520325203291
2025-05-09,244500,249500,244000,249000,34601,0.014256619144602745
2025-05-12,250000,250000,246500,248500,24247,-0.002008032128514081
2025-05-13,244500,244500,237500,238500,109907,-0.04024144869215296
2025-05-14,238500,239500,235000,236000,88180,-0.010482180293501009
2025-05-15,235500,236500,232000,232000,84960,-0.016949152542372836
2025-05-16,233000,234000,228500,229500,74917,-0.010775862068965525
2025-05-19,229000,230000,226000,226500,74026,-0.013071895424836555
2025-05-20,228500,228500,225500,226000,49924,-0.002207505518763808
2025-05-21,226500,227000,225000,225500,62180,-0.0022123893805309214
2025-05-22,225500,228000,225000,226500,36209,0.0044345898004434225
2025-05-23,227000,227500,222000,223000,54604,-0.015452538631346546
2025-05-26,223000,225000,220000,224000,57967,0.004484304932735439
2025-05-27,223000,226000,222500,225000,36665,0.0044642857142858094
2025-05-28,225500,231000,225500,229500,56164,0.020000000000000018
2025-05-29,230000,233000,229000,230500,54356,0.004357298474945592
2025-05-30,230500,232500,228000,231500,93061,0.00433839479392617
2025-06-02,230500,232500,229000,230500,34618,-0.004319654427645814
2025-06-04,231500,238000,230500,236500,88774,0.026030368763557465
2025-06-05,237000,241000,236500,239000,66329,0.010570824524312794
2025-06-09,242000,249000,241500,245500,103843,0.027196652719665204
2025-06-10,246000,248000,242000,246000,61003,0.0020366598778003286
2025-06-11,246000,247000,243500,246500,35936,0.00203252032520318
2025-06-12,246500,247000,244000,246000,72025,-0.0020283975659228792
2025-06-13,244500,246000,238000,239500,70383,-0.026422764227642226
2025-06-16,239500,240500,235500,240500,58626,0.0041753653444676075
2025-06-17,241500,242500,237000,241000,63655,0.0020790020790020236
2025-06-18,238500,241000,236000,238500,72113,-0.010373443983402453
2025-06-19,239500,248500,237000,238000,94594,-0.002096436058700246
2025-06-20,239000,243500,237500,243000,56371,0.021008403361344463
2025-06-23,240500,241000,237000,238000,76637,-0.020576131687242816
2025-06-24,242000,255000,241000,254000,181759,0.0672268907563025
2025-06-25,256000,259000,251000,255000,107658,0.003937007874015741
2025-06-26,259000,261500,252500,255500,99464,0.0019607843137254832
2025-06-27,258500,258500,247000,249500,84249,-0.023483365949119372
2025-06-30,251500,254500,247500,249000,74779,-0.002004008016032066
2025-07-01,250000,258000,248500,254500,85006,0.02208835341365467
2025-07-02,259500,267250,255000,266500,145474,0.047151277013752546
2025-07-03,269500,270000,262500,269500,85369,0.011257035647279645
2025-07-04,269000,269000,259500,261500,75499,-0.029684601113172504
2025-07-07,259500,266500,256000,260500,83179,-0.003824091778202643
2025-07-08,260500,261000,256500,258500,41922,-0.007677543186180413
2025-07-09,258500,259000,252500,254000,100744,-0.01740812379110257
2025-07-10,255500,260000,254500,258000,77478,0.015748031496062964
2025-07-11,258500,261500,257500,259000,34351,0.003875968992248069
2025-07-14,258500,263000,258000,260000,41778,0.0038610038610038533
2025-07-15,261500,261500,256000,257500,70423,-0.009615384615384581
2025-07-16,256000,257000,252000,252500,56836,-0.01941747572815533
2025-07-17,252500,255000,247500,254500,77330,0.007920792079207928
2025-07-18,254500,255000,249500,254500,67509,0.0
2025-07-21,253000,254500,251000,253000,29570,-0.005893909626719096
2025-07-22,254000,254000,250500,252000,35958,-0.0039525691699604515
