Date,Open,High,Low,Close,Volume,Change
2022-01-03,4030,4085,3935,3995,5588988,0.028314028314028405
2022-01-04,4050,4320,3890,4320,8021525,0.081351689612015
2022-01-05,4650,5610,4475,5610,65233485,0.29861111111111116
2022-01-06,5780,6690,5260,5830,96707330,0.03921568627450989
2022-01-07,5560,6300,5510,5830,38219203,0.0
2022-01-10,6200,6300,5590,5840,24121002,0.0017152658662091813
2022-01-11,5610,5650,5180,5250,8833443,-0.10102739726027399
2022-01-12,5250,5440,5080,5250,9155249,0.0
2022-01-13,5160,5400,5150,5290,6224185,0.007619047619047636
2022-01-14,5120,5190,4790,4980,6977983,-0.05860113421550095
2022-01-17,4550,4635,4180,4275,5479758,-0.14156626506024095
2022-01-18,4330,4480,3975,4015,5393871,-0.06081871345029244
2022-01-19,3905,4135,3900,3900,3257556,-0.028642590286425906
2022-01-20,3840,4040,3840,4020,2304520,0.03076923076923066
2022-01-21,4005,4240,3915,3950,5219163,-0.01741293532338306
2022-01-24,3840,3860,3655,3745,2017706,-0.051898734177215244
2022-01-25,3750,3820,3470,3485,2844315,-0.06942590120160219
2022-01-26,3460,3650,3440,3450,3089091,-0.010043041606886627
2022-01-27,3455,3500,3220,3225,1885150,-0.06521739130434778
2022-01-28,3225,3460,3160,3315,3225911,0.027906976744185963
2022-02-03,3355,3475,3300,3420,1303150,0.03167420814479649
2022-02-04,3400,3475,3355,3450,1213202,0.00877192982456143
2022-02-07,3495,3610,3470,3535,1751502,0.02463768115942022
2022-02-08,3560,3595,3460,3495,1311862,-0.011315417256011262
2022-02-09,3550,3640,3515,3605,1118612,0.03147353361945626
2022-02-10,3630,3695,3535,3540,1008093,-0.018030513176144236
2022-02-11,3620,3675,3285,3285,3543550,-0.07203389830508478
2022-02-14,3210,3285,3100,3110,1323037,-0.05327245053272456
2022-02-15,3090,3195,3040,3075,1081208,-0.0112540192926045
2022-02-16,3115,3210,3110,3190,901086,0.0373983739837398
2022-02-17,3265,3270,3080,3200,1535628,0.0031347962382444194
2022-02-18,3135,3275,3115,3250,843308,0.015625
2022-02-21,3185,3280,3160,3280,712378,0.009230769230769154
2022-02-22,3220,3225,3130,3140,1135191,-0.04268292682926833
2022-02-23,3155,3210,3140,3190,495206,0.015923566878981
2022-02-24,3170,3230,3030,3050,1064508,-0.043887147335423204
2022-02-25,3120,3210,3120,3190,932485,0.04590163934426239
2022-02-28,3155,3265,3115,3230,981040,0.012539184952978122
2022-03-02,3200,3265,3175,3250,581838,0.006191950464396356
2022-03-03,3415,3430,3225,3235,2335720,-0.004615384615384577
2022-03-04,3215,3275,3175,3185,842952,-0.015455950540958274
2022-03-07,3190,3225,3100,3100,776181,-0.026687598116169498
2022-03-08,3050,3155,3030,3110,568420,0.003225806451612856
2022-03-10,3240,3360,3155,3195,3655590,0.027331189710610992
2022-03-11,3225,3700,3210,3690,11927152,0.15492957746478875
2022-03-14,3710,4080,3655,3805,19974585,0.031165311653116534
2022-03-15,3805,3915,3670,3760,4252433,-0.01182654402102501
2022-03-16,3765,3970,3700,3890,5428899,0.034574468085106336
2022-03-17,3925,4895,3890,4580,67456642,0.17737789203084842
2022-03-18,4580,4815,4535,4540,15542560,-0.008733624454148492
2022-03-21,4590,4780,4540,4555,8398440,0.0033039647577093323
2022-03-22,4560,4750,4560,4660,6052810,0.023051591657519133
2022-03-23,4740,5190,4670,4825,28263665,0.03540772532188852
2022-03-24,4780,4910,4255,4380,7919970,-0.09222797927461135
2022-03-25,4415,4485,4300,4350,3929074,-0.006849315068493178
2022-03-28,4350,4430,4280,4315,1912534,-0.008045977011494232
2022-03-29,4370,4480,4330,4360,2997875,0.010428736964078755
2022-03-30,4195,4195,3900,4115,3265702,-0.056192660550458684
2022-03-31,4055,4150,4050,4110,1269205,-0.0012150668286755595
2022-04-01,4100,4110,4020,4030,948371,-0.019464720194647178
2022-04-04,4030,4180,4030,4170,1484332,0.03473945409429291
2022-04-05,4170,4190,4030,4085,1192955,-0.020383693045563533
2022-04-06,4050,4065,3950,3980,766302,-0.025703794369645094
2022-04-07,3900,3965,3815,3845,729327,-0.0339195979899497
2022-04-08,3845,3920,3770,3845,594346,0.0
2022-04-11,3775,3835,3750,3775,449341,-0.01820546163849157
2022-04-12,3705,3775,3650,3770,531885,-0.0013245033112583293
2022-04-13,3735,3840,3730,3740,709197,-0.007957559681697646
2022-04-14,3765,3765,3680,3680,387466,-0.016042780748663055
2022-04-15,3645,3705,3640,3675,353634,-0.0013586956521739468
2022-04-18,3670,3670,3605,3650,359362,-0.006802721088435382
2022-04-19,3645,3685,3645,3685,318767,0.009589041095890316
2022-04-20,3720,3720,3610,3610,353869,-0.020352781546811416
2022-04-21,3605,3635,3580,3580,452967,-0.008310249307479256
2022-04-22,3560,3595,3490,3545,440810,-0.009776536312849138
2022-04-25,3450,3650,3430,3480,1222119,-0.01833568406205921
2022-04-26,3505,3555,3485,3495,372941,0.004310344827586299
2022-04-27,3410,3450,3380,3410,492339,-0.024320457796852657
2022-04-28,3415,3590,3355,3390,778983,-0.0058651026392961825
2022-04-29,3390,3680,3380,3630,2080885,0.07079646017699126
2022-05-02,3555,3720,3520,3700,1299670,0.019283746556473913
2022-05-03,3740,3910,3690,3745,2320458,0.012162162162162149
2022-05-04,3755,3790,3700,3720,631379,-0.006675567423230944
2022-05-06,3715,3820,3630,3710,1276052,-0.0026881720430107503
2022-05-09,3690,3705,3500,3520,630539,-0.05121293800539084
2022-05-10,3410,3595,3390,3560,630363,0.011363636363636465
2022-05-11,3535,3630,3530,3575,318949,0.004213483146067398
2022-05-12,3520,3540,3295,3305,796241,-0.0755244755244755
2022-05-13,3340,3505,3340,3400,542272,0.02874432677760974
2022-05-16,3420,3540,3420,3495,405113,0.027941176470588136
2022-05-17,3500,3515,3455,3510,186202,0.0042918454935623185
2022-05-18,3520,3580,3475,3475,322932,-0.009971509971509973
2022-05-19,3370,3410,3345,3395,333697,-0.02302158273381294
2022-05-20,3385,3470,3380,3425,255521,0.008836524300441795
2022-05-23,3450,3540,3450,3480,343091,0.016058394160583855
2022-05-24,3500,3500,3375,3375,274367,-0.030172413793103425
2022-05-25,3375,3405,3335,3350,220429,-0.007407407407407418
2022-05-26,3360,3450,3330,3385,240580,0.010447761194029903
2022-05-27,3585,3590,3380,3410,675888,0.007385524372230501
2022-05-30,3450,3600,3420,3575,913160,0.048387096774193505
2022-05-31,3575,3585,3505,3535,344866,-0.01118881118881121
2022-06-02,3500,3540,3410,3420,437586,-0.032531824611032545
2022-06-03,3455,3475,3420,3425,195539,0.0014619883040936088
2022-06-07,3425,3445,3350,3350,239215,-0.021897810218978075
2022-06-08,3370,3395,3335,3340,238452,-0.0029850746268657025
2022-06-09,3310,3355,3200,3260,483921,-0.0239520958083832
2022-06-10,3205,3275,3175,3190,363960,-0.021472392638036797
2022-06-13,3080,3150,3040,3050,544462,-0.043887147335423204
2022-06-14,2960,3045,2930,3025,455247,-0.008196721311475419
2022-06-15,2960,3070,2810,2860,599249,-0.054545454545454564
2022-06-16,2905,3015,2885,2900,408101,0.013986013986013957
2022-06-17,2805,2975,2760,2965,547453,0.022413793103448265
2022-06-20,2965,2990,2735,2735,490870,-0.07757166947723437
2022-06-21,2735,2845,2700,2760,282270,0.009140767824497242
2022-06-22,2780,2815,2555,2600,491528,-0.05797101449275366
2022-06-23,2600,2625,2425,2495,717460,-0.04038461538461535
2022-06-24,2440,2620,2440,2580,494466,0.03406813627254501
2022-06-27,2655,2750,2635,2720,320551,0.054263565891472965
2022-06-28,2695,3055,2690,2835,6232395,0.04227941176470584
2022-06-29,2780,2910,2755,2830,939038,-0.0017636684303351524
2022-06-30,2870,2870,2685,2685,412745,-0.051236749116607805
2022-07-01,2705,2940,2700,2725,2909612,0.014897579143389184
2022-07-04,2745,2775,2545,2620,692157,-0.038532110091743066
2022-07-05,2655,2785,2650,2740,789734,0.04580152671755733
2022-07-06,2720,2815,2690,2735,501490,-0.0018248175182481452
2022-07-07,2775,2830,2735,2790,390549,0.02010968921389389
2022-07-08,2870,2875,2805,2825,425341,0.012544802867383575
2022-07-11,2845,2965,2805,2895,1001703,0.024778761061946986
2022-07-12,2860,2860,2750,2750,417303,-0.050086355785837644
2022-07-13,2755,2815,2715,2760,268984,0.0036363636363636598
2022-07-14,2750,2865,2725,2835,441592,0.02717391304347827
2022-07-15,2830,2865,2750,2765,299861,-0.024691358024691357
2022-07-18,2810,2985,2795,2945,1103084,0.06509945750452073
2022-07-19,2920,3030,2895,2990,824997,0.015280135823429575
2022-07-20,3020,3035,2945,2950,525444,-0.013377926421404673
2022-07-21,2985,3025,2960,2970,320858,0.006779661016949046
2022-07-22,3000,3005,2945,2945,254918,-0.008417508417508435
2022-07-25,2930,2950,2890,2910,141120,-0.011884550084889645
2022-07-26,2900,3010,2850,2990,372814,0.027491408934707806
2022-07-27,3055,3320,3015,3015,7276630,0.008361204013378032
2022-07-28,3040,3080,3000,3000,542962,-0.00497512437810943
2022-07-29,3030,3065,2980,2985,403363,-0.0050000000000000044
2022-08-01,2995,3045,2980,3035,231414,0.01675041876046901
2022-08-02,3020,3085,2985,3035,405749,0.0
2022-08-03,3015,3095,3000,3065,327934,0.009884678747940745
2022-08-04,3075,3125,3070,3100,461241,0.011419249592169667
2022-08-05,3140,3140,3070,3080,271502,-0.006451612903225823
2022-08-08,3050,3145,3020,3130,427079,0.016233766233766156
2022-08-09,3100,3135,3080,3090,307806,-0.012779552715655007
2022-08-10,3105,3105,3015,3020,226750,-0.02265372168284785
2022-08-11,3045,3095,3040,3040,237948,0.0066225165562914245
2022-08-12,3040,3100,3040,3075,236161,0.011513157894736947
2022-08-16,3080,3140,3070,3100,278816,0.008130081300812941
2022-08-17,3105,3120,3050,3065,178340,-0.011290322580645107
2022-08-18,3045,3065,2980,3065,173235,0.0
2022-08-19,3035,3095,3000,3000,193594,-0.021207177814029365
2022-08-22,2930,3000,2920,2920,276087,-0.026666666666666616
2022-08-23,2880,2970,2830,2835,521814,-0.02910958904109584
2022-08-24,2825,2925,2825,2915,192746,0.02821869488536155
2022-08-25,2915,3030,2915,2980,200351,0.022298456260720467
2022-08-26,3015,3040,2970,2990,195093,0.003355704697986628
2022-08-29,2870,2890,2845,2880,172230,-0.03678929765886285
2022-08-30,2885,2930,2880,2925,102483,0.015625
2022-08-31,2925,3005,2905,2965,204076,0.013675213675213627
2022-09-01,2950,2970,2845,2855,159309,-0.03709949409780777
2022-09-02,2860,2910,2825,2825,191688,-0.010507880910682998
2022-09-05,2800,2835,2745,2760,160801,-0.023008849557522137
2022-09-06,2750,2835,2750,2820,128501,0.021739130434782705
2022-09-07,2825,2860,2695,2705,228395,-0.04078014184397161
2022-09-08,2730,2805,2730,2780,121138,0.02772643253234741
2022-09-13,2820,2985,2820,2920,731230,0.050359712230215736
2022-09-14,2805,2885,2770,2845,188735,-0.025684931506849362
2022-09-15,2855,2955,2855,2880,200174,0.012302284710017597
2022-09-16,2880,2890,2805,2810,163086,-0.02430555555555558
2022-09-19,2810,2840,2700,2700,244332,-0.039145907473309594
2022-09-20,2725,2770,2715,2730,133552,0.011111111111111072
2022-09-21,2705,2750,2685,2715,120264,-0.005494505494505475
2022-09-22,2665,2740,2650,2690,222247,-0.009208103130755041
2022-09-23,2670,2730,2575,2580,219866,-0.040892193308550207
2022-09-26,2525,2580,2360,2380,511471,-0.07751937984496127
2022-09-27,2325,2435,2325,2405,380331,0.010504201680672232
2022-09-28,2400,2490,2250,2285,394441,-0.0498960498960499
2022-09-29,2350,2480,2330,2335,409015,0.02188183807439814
2022-09-30,2310,2395,2285,2355,179867,0.008565310492505418
2022-10-04,2415,2475,2405,2450,203318,0.04033970276008492
2022-10-05,2555,2555,2385,2400,193203,-0.020408163265306145
2022-10-06,2430,2535,2425,2510,230821,0.04583333333333339
2022-10-07,2485,2520,2455,2490,111773,-0.007968127490039834
2022-10-11,2415,2420,2320,2345,312114,-0.05823293172690758
2022-10-12,2345,2380,2325,2355,153732,0.004264392324093924
2022-10-13,2355,2360,2215,2215,267670,-0.05944798301486198
2022-10-14,2260,2480,2255,2380,462836,0.0744920993227991
2022-10-17,2920,2990,2555,2630,9421097,0.10504201680672276
2022-10-18,2605,2820,2580,2630,5065120,0.0
2022-10-19,2660,2800,2605,2605,2231139,-0.009505703422053258
2022-10-20,2610,2645,2565,2605,527770,0.0
2022-10-21,2600,2600,2455,2470,493296,-0.051823416506717845
2022-10-24,2545,2590,2500,2515,336934,0.018218623481781382
2022-10-25,2545,2570,2485,2525,217313,0.003976143141153132
2022-10-26,2525,2545,2420,2430,484237,-0.03762376237623766
2022-10-27,2440,2485,2420,2465,196060,0.014403292181069949
2022-10-28,2450,2480,2375,2410,202499,-0.022312373225152116
2022-10-31,2430,2485,2400,2435,209646,0.010373443983402453
2022-11-01,2415,2500,2410,2495,174717,0.024640657084188833
2022-11-02,2495,2520,2460,2500,92798,0.002004008016031955
2022-11-03,2440,2515,2425,2495,133893,-0.0020000000000000018
2022-11-04,2475,2510,2420,2470,134797,-0.01002004008016033
2022-11-07,2470,2525,2465,2525,131529,0.022267206477732726
2022-11-08,2525,2590,2525,2575,219145,0.01980198019801982
2022-11-09,2580,2630,2580,2590,164100,0.005825242718446644
2022-11-10,2575,2610,2540,2605,92184,0.005791505791505891
2022-11-11,2670,2670,2610,2620,240062,0.0057581573896352545
2022-11-14,2635,2700,2630,2700,217143,0.03053435114503822
2022-11-15,2675,2705,2650,2670,214316,-0.011111111111111072
2022-11-16,2670,2890,2615,2760,2820382,0.03370786516853941
2022-11-17,2730,2730,2665,2670,337715,-0.03260869565217395
2022-11-18,2670,2755,2650,2650,373652,-0.0074906367041198685
2022-11-21,2655,2655,2530,2555,245952,-0.03584905660377358
2022-11-22,2550,2625,2535,2595,145477,0.015655577299412915
2022-11-23,2600,2680,2600,2665,231769,0.026974951830443183
2022-11-24,2670,2740,2670,2715,245568,0.018761726078799335
2022-11-25,2740,2740,2550,2695,138886,-0.007366482504604033
2022-11-28,2665,2710,2610,2625,119296,-0.025974025974025983
2022-11-29,2635,2695,2610,2690,166733,0.024761904761904763
2022-11-30,2700,2715,2665,2705,716745,0.005576208178438735
2022-12-01,2970,3185,2865,2960,14457180,0.0942698706099816
2022-12-02,2945,2985,2855,2880,1413657,-0.027027027027026973
2022-12-05,2880,2925,2830,2900,1217434,0.00694444444444442
2022-12-06,2820,2825,2715,2725,884814,-0.06034482758620685
2022-12-07,2690,2860,2690,2775,1130463,0.0183486238532109
2022-12-08,2845,2850,2690,2715,467488,-0.021621621621621623
2022-12-09,2740,2765,2695,2695,332102,-0.007366482504604033
2022-12-12,2670,2715,2660,2660,215828,-0.012987012987012991
2022-12-13,2645,2705,2615,2640,298270,-0.007518796992481258
2022-12-14,2675,2760,2650,2750,387684,0.04166666666666674
2022-12-15,2745,2785,2700,2765,199017,0.005454545454545379
2022-12-16,2710,2755,2695,2725,166535,-0.01446654611211573
2022-12-19,2710,2880,2710,2850,1237499,0.04587155963302747
2022-12-20,2830,2850,2720,2730,1000614,-0.04210526315789476
2022-12-21,2760,2775,2685,2695,332067,-0.012820512820512775
2022-12-22,2705,2810,2705,2785,817694,0.033395176252319025
2022-12-23,2735,2735,2660,2660,355447,-0.044883303411131115
2022-12-26,2665,2690,2630,2635,299439,-0.009398496240601517
2022-12-27,2620,2715,2615,2650,294080,0.005692599620493288
2022-12-28,2640,2715,2640,2685,172652,0.013207547169811429
2022-12-29,2700,2700,2615,2690,218742,0.0018621973929235924
2023-01-02,2710,2825,2665,2700,823765,0.0037174721189590088
2023-01-03,2675,2690,2550,2630,543910,-0.025925925925925908
2023-01-04,2885,2900,2650,2650,3142367,0.0076045627376426506
2023-01-05,2690,2795,2670,2705,1727141,0.020754716981132182
2023-01-06,2765,2810,2715,2720,1158068,0.005545286506469571
2023-01-09,2775,2960,2755,2840,8189285,0.044117647058823595
2023-01-10,2815,2875,2785,2875,1262107,0.012323943661971759
2023-01-11,2865,2885,2800,2820,1019152,-0.019130434782608674
2023-01-12,2835,2855,2780,2780,548993,-0.014184397163120588
2023-01-13,2825,2930,2810,2900,3064328,0.043165467625899234
2023-01-16,2940,2975,2885,2965,2681214,0.022413793103448265
2023-01-17,3100,3180,2920,2940,6112754,-0.00843170320404718
2023-01-18,2925,2975,2915,2940,972911,0.0
2023-01-19,2900,2910,2795,2795,1161373,-0.04931972789115646
2023-01-20,2795,2850,2795,2835,476161,0.014311270125223707
2023-01-25,2890,3140,2885,3080,9668849,0.08641975308641969
2023-01-26,3255,3260,3030,3110,6418084,0.009740259740259827
2023-01-27,3130,3170,3075,3090,2127904,-0.006430868167202619
2023-01-30,3125,3230,3090,3230,4129695,0.0453074433656957
2023-01-31,3190,3260,3115,3220,2392903,-0.003095975232198178
2023-02-01,3280,3450,3195,3220,6556918,0.0
2023-02-02,3245,3245,3185,3230,1114758,0.0031055900621117516
2023-02-03,3230,3265,3145,3145,1297778,-0.02631578947368418
2023-02-06,3090,3130,3050,3105,774290,-0.012718600953895098
2023-02-07,3130,3225,3115,3135,1081774,0.009661835748792313
2023-02-08,3175,3320,3165,3320,3171157,0.05901116427432207
2023-02-09,3310,4315,3275,4315,65605431,0.29969879518072284
2023-02-10,4270,4290,4020,4030,16215999,-0.06604866743916571
2023-02-13,3915,3945,3780,3855,7629969,-0.043424317617866026
2023-02-14,3905,4090,3665,3750,15562511,-0.027237354085603127
2023-02-15,3730,3775,3570,3600,3427120,-0.040000000000000036
2023-02-16,3635,3650,3460,3570,2969657,-0.008333333333333304
2023-02-17,3525,3615,3465,3470,2339836,-0.02801120448179273
2023-02-20,3515,3675,3515,3580,4344128,0.03170028818443793
2023-02-21,3630,3700,3500,3540,3142595,-0.011173184357541888
2023-02-22,3470,3695,3470,3580,3552191,0.011299435028248483
2023-02-23,3600,3695,3585,3660,3227485,0.022346368715083775
2023-02-24,3665,3865,3650,3715,9827141,0.015027322404371546
2023-02-27,3755,3830,3615,3795,3907603,0.021534320323014722
2023-02-28,3820,3910,3700,3785,4688949,-0.0026350461133070047
2023-03-02,3830,3880,3620,3620,2658463,-0.04359313077939231
2023-03-03,3650,3705,3510,3520,1750071,-0.027624309392265234
2023-03-06,3560,3605,3480,3560,1098865,0.011363636363636465
2023-03-07,3545,3550,3390,3485,1386428,-0.021067415730337102
2023-03-08,3450,3530,3415,3520,1039488,0.010043041606886627
2023-03-09,3520,3520,3330,3355,1125554,-0.046875
2023-03-10,3280,3340,3250,3275,779229,-0.023845007451564815
2023-03-13,3255,3510,3205,3420,2566731,0.04427480916030535
2023-03-14,3335,3335,3085,3090,1567908,-0.0964912280701754
2023-03-15,3155,3380,3140,3260,2543894,0.055016181229773364
2023-03-16,3405,3500,3225,3240,3149151,-0.006134969325153339
2023-03-17,3320,3425,3305,3375,2014614,0.04166666666666674
2023-03-20,3370,3390,3280,3355,650175,-0.00592592592592589
2023-03-21,3385,3415,3265,3265,634018,-0.026825633383010472
2023-03-22,3300,3385,3265,3285,839221,0.006125574272588086
2023-03-23,3305,3305,3145,3195,741381,-0.0273972602739726
2023-03-24,3200,3340,3190,3320,886166,0.039123630672926346
2023-03-27,3355,3355,3200,3245,583600,-0.02259036144578308
2023-03-28,3245,3320,3235,3295,524656,0.015408320493066174
2023-03-29,3350,3385,3250,3330,924461,0.01062215477996964
2023-03-30,3375,3385,3295,3385,613557,0.016516516516516422
2023-03-31,3385,3390,3210,3215,873768,-0.05022156573116687
2023-04-03,3220,3330,3215,3285,607619,0.021772939346811793
2023-04-04,3270,3385,3265,3350,695773,0.019786910197869156
2023-04-05,3360,3455,3315,3445,999624,0.028358208955223896
2023-04-06,3430,3455,3300,3315,735951,-0.037735849056603765
2023-04-07,3320,3375,3250,3260,575305,-0.016591251885369585
2023-04-10,3245,3260,3090,3110,950179,-0.04601226993865026
2023-04-11,3105,3150,3040,3105,461331,-0.001607717041800627
2023-04-12,3090,3165,3080,3130,482973,0.008051529790660261
2023-04-13,3130,3175,3045,3175,405788,0.01437699680511173
2023-04-14,3180,3235,3160,3160,545460,-0.0047244094488189115
2023-04-17,3165,3205,3100,3200,356397,0.012658227848101333
2023-04-18,3200,3200,3115,3130,443850,-0.021874999999999978
2023-04-19,3120,3220,3120,3195,482056,0.02076677316293929
2023-04-20,3200,3205,3075,3075,724927,-0.03755868544600938
2023-04-21,3060,3100,2930,2955,878639,-0.039024390243902474
2023-04-24,2935,2970,2885,2910,636584,-0.015228426395939132
2023-04-25,2890,2940,2830,2855,643594,-0.018900343642611728
2023-04-26,2835,2950,2800,2885,493555,0.01050788091068311
2023-04-27,2880,2935,2820,2925,243946,0.013864818024263537
2023-04-28,2940,2945,2830,2845,353134,-0.027350427350427364
2023-05-02,2850,2940,2845,2915,236853,0.024604569420035194
2023-05-03,2880,2950,2880,2905,205499,-0.0034305317324184736
2023-05-04,2905,2915,2805,2830,357103,-0.025817555938037917
2023-05-08,2840,2955,2830,2875,290372,0.01590106007067127
2023-05-09,2870,2915,2830,2845,144422,-0.01043478260869568
2023-05-10,2830,2910,2820,2850,210989,0.0017574692442883233
2023-05-11,2870,2945,2835,2910,246164,0.021052631578947434
2023-05-12,2890,2905,2840,2845,259515,-0.022336769759450203
2023-05-15,2870,2870,2765,2785,372115,-0.02108963093145866
2023-05-16,2750,2815,2735,2740,404400,-0.016157989228007152
2023-05-17,2735,2820,2730,2820,244218,0.029197080291970767
2023-05-18,2845,2860,2820,2840,258167,0.007092198581560183
2023-05-19,2855,2955,2845,2955,470242,0.040492957746478764
2023-05-22,2955,2975,2910,2955,243208,0.0
2023-05-23,2950,3055,2945,3020,809784,0.021996615905245376
2023-05-24,2985,3010,2940,2955,293145,-0.021523178807947074
2023-05-25,2950,3015,2930,2965,275060,0.0033840947546530664
2023-05-26,2995,3005,2890,2900,282460,-0.021922428330522714
2023-05-30,2955,3140,2935,3075,1249775,0.06034482758620685
2023-05-31,3020,3050,2970,2990,401734,-0.027642276422764178
2023-06-01,2955,3035,2955,3005,236366,0.0050167224080268635
2023-06-02,3010,3025,2950,2980,370744,-0.008319467554076532
2023-06-05,2975,3025,2975,3000,360363,0.006711409395973256
2023-06-07,2995,3060,2995,3030,369526,0.010000000000000009
2023-06-08,3020,3025,2970,2985,189717,-0.014851485148514865
2023-06-09,3000,3050,3000,3015,239661,0.01005025125628145
2023-06-12,3025,3040,2990,3025,180126,0.0033167495854062867
2023-06-13,3020,3085,2985,3000,368445,-0.008264462809917328
2023-06-14,3010,3015,2900,2930,387555,-0.023333333333333317
2023-06-15,2940,2980,2875,2925,231435,-0.0017064846416382506
2023-06-16,2935,2975,2930,2950,145708,0.008547008547008517
2023-06-19,2950,2965,2910,2935,150331,-0.005084745762711895
2023-06-20,2920,2950,2880,2915,213538,-0.006814310051107331
2023-06-21,2910,2910,2855,2855,176926,-0.020583190394511175
2023-06-22,2820,2905,2815,2855,203660,0.0
2023-06-23,2860,2895,2845,2860,186549,0.0017513134851139256
2023-06-26,2875,2900,2835,2860,167277,0.0
2023-06-27,2845,2880,2825,2855,195263,-0.0017482517482517723
2023-06-28,2865,2880,2840,2850,170456,-0.0017513134851138146
2023-06-29,2840,2870,2750,2755,319054,-0.033333333333333326
2023-06-30,2740,2775,2705,2750,175782,-0.001814882032667886
2023-07-03,2755,2825,2755,2780,100511,0.01090909090909098
2023-07-04,2760,2815,2760,2775,93569,-0.0017985611510791255
2023-07-05,2815,3120,2795,2835,5793702,0.021621621621621623
2023-07-06,2800,2820,2690,2720,666334,-0.040564373897707284
2023-07-07,2720,2725,2620,2640,427994,-0.02941176470588236
2023-07-10,2615,2840,2600,2720,613239,0.030303030303030276
2023-07-11,2740,2780,2725,2760,231068,0.014705882352941124
2023-07-12,2765,2780,2700,2710,172962,-0.018115942028985477
2023-07-13,2715,2805,2715,2770,257858,0.022140221402213944
2023-07-14,2770,2795,2725,2780,196224,0.0036101083032491488
2023-07-17,2765,2795,2715,2790,162916,0.003597122302158251
2023-07-18,2790,2845,2765,2770,306631,-0.007168458781361964
2023-07-19,2800,2805,2740,2775,190463,0.0018050541516245744
2023-07-20,2745,2825,2740,2775,200753,0.0
2023-07-21,2765,2845,2745,2745,303714,-0.010810810810810811
2023-07-24,2755,2755,2610,2650,403493,-0.03460837887067392
2023-07-25,2615,2650,2500,2505,440339,-0.05471698113207546
2023-07-26,2505,2520,2325,2380,658829,-0.04990019960079839
2023-07-27,2350,2500,2350,2490,227761,0.04621848739495804
2023-07-28,2460,2565,2460,2530,98002,0.016064257028112428
2023-07-31,2545,2600,2535,2585,123652,0.021739130434782705
2023-08-01,2590,2655,2585,2615,232033,0.011605415860735047
2023-08-02,2590,2635,2525,2545,164439,-0.026768642447418722
2023-08-03,2545,2570,2485,2520,143783,-0.00982318271119842
2023-08-04,2500,2560,2500,2535,116017,0.005952380952380931
2023-08-07,2535,2600,2490,2575,295706,0.015779092702169706
2023-08-08,2570,2600,2480,2490,237206,-0.03300970873786413
2023-08-09,2490,2575,2490,2540,135070,0.02008032128514059
2023-08-10,2520,2570,2500,2555,108306,0.0059055118110236116
2023-08-11,2585,2625,2550,2570,213924,0.005870841487279899
2023-08-14,2550,2630,2545,2590,257858,0.0077821011673151474
2023-08-16,2520,2540,2435,2455,334569,-0.05212355212355213
2023-08-17,2430,2500,2375,2475,208379,0.008146639511201537
2023-08-18,2435,2465,2400,2460,223129,-0.0060606060606061
2023-08-21,2465,2520,2465,2475,121098,0.0060975609756097615
2023-08-22,2510,2510,2440,2470,115788,-0.002020202020202033
2023-08-23,2450,2525,2430,2475,235801,0.002024291497975783
2023-08-24,2490,2835,2490,2640,3739384,0.06666666666666665
2023-08-25,2590,2650,2560,2580,350190,-0.022727272727272707
2023-08-28,2605,2660,2565,2640,397509,0.023255813953488413
2023-08-29,2635,2725,2635,2715,538880,0.02840909090909083
2023-08-30,2740,2760,2720,2750,483519,0.012891344383057168
2023-08-31,2755,2765,2690,2690,238930,-0.021818181818181848
2023-09-01,2700,2760,2695,2715,238449,0.009293680297397744
2023-09-04,2700,2775,2685,2720,281193,0.0018416206261511192
2023-09-05,2710,2800,2670,2730,260876,0.003676470588235281
2023-09-06,2775,2820,2715,2795,460113,0.023809523809523725
2023-09-07,2795,2795,2680,2715,257025,-0.028622540250447193
2023-09-08,2680,2720,2675,2715,123782,0.0
2023-09-11,2715,2785,2685,2755,216931,0.014732965009208066
2023-09-12,2760,2765,2655,2655,206954,-0.0362976406533575
2023-09-13,2650,2745,2630,2715,188959,0.02259887005649719
2023-09-14,2700,2750,2675,2705,163128,-0.0036832412523020164
2023-09-15,2705,2735,2680,2715,107480,0.003696857670979714
2023-09-18,2725,2815,2715,2750,594536,0.012891344383057168
2023-09-19,2760,2765,2665,2695,223909,-0.020000000000000018
2023-09-20,2705,2760,2655,2740,210135,0.016697588126159513
2023-09-21,2740,2740,2620,2620,205001,-0.04379562043795615
2023-09-22,2620,2640,2525,2610,109712,-0.003816793893129722
2023-09-25,2560,2670,2535,2585,209409,-0.009578544061302652
2023-09-26,2590,2765,2560,2560,810767,-0.009671179883945835
2023-09-27,2530,2655,2530,2655,172115,0.037109375
2023-10-04,2640,2675,2435,2560,222891,-0.03578154425612057
2023-10-05,2560,2645,2550,2570,179404,0.00390625
2023-10-06,2555,2695,2555,2670,186169,0.03891050583657596
2023-10-10,2635,2680,2585,2600,160242,-0.02621722846441943
2023-10-11,2605,3005,2605,2760,11554379,0.06153846153846154
2023-10-12,2775,2845,2745,2805,1902976,0.016304347826086918
2023-10-13,2785,2820,2755,2805,697824,0.0
2023-10-16,2790,2795,2655,2665,619709,-0.04991087344028522
2023-10-17,2700,2805,2700,2775,589421,0.0412757973733584
2023-10-18,2780,2850,2700,2745,449771,-0.010810810810810811
2023-10-19,2700,2735,2625,2645,335250,-0.03642987249544627
2023-10-20,2625,2630,2495,2525,433507,-0.04536862003780717
2023-10-23,2520,2610,2485,2485,359765,-0.015841584158415856
2023-10-24,2505,2560,2435,2560,357817,0.030181086519114775
2023-10-25,2640,2680,2570,2575,497644,0.005859375
2023-10-26,2535,2550,2475,2480,225966,-0.03689320388349515
2023-10-27,2495,2530,2460,2470,240976,-0.0040322580645161255
2023-10-30,2455,2525,2440,2510,143275,0.0161943319838056
2023-10-31,2535,2560,2455,2475,194082,-0.013944223107569709
2023-11-01,2490,2530,2480,2500,99994,0.010101010101010166
2023-11-02,2520,2570,2520,2565,153216,0.026000000000000023
2023-11-03,2575,2615,2525,2580,240339,0.005847953216374213
2023-11-06,2595,2630,2550,2615,254621,0.013565891472868241
2023-11-07,2615,2640,2540,2595,244323,-0.007648183556405397
2023-11-08,2620,2640,2560,2565,180622,-0.011560693641618491
2023-11-09,2565,2620,2540,2540,110100,-0.00974658869395717
2023-11-10,2535,2555,2490,2500,168132,-0.015748031496062964
2023-11-13,2515,2545,2480,2485,219634,-0.006000000000000005
2023-11-14,2485,2550,2485,2535,95185,0.02012072434607637
2023-11-15,2555,2595,2545,2590,176465,0.021696252465483346
2023-11-16,2595,2605,2575,2600,119749,0.0038610038610038533
2023-11-17,2600,2600,2540,2560,81073,-0.01538461538461533
2023-11-20,2575,2615,2560,2590,132302,0.01171875
2023-11-21,2650,2675,2615,2620,284036,0.01158301158301156
2023-11-22,2625,2635,2585,2635,122390,0.005725190839694694
2023-11-23,2635,2650,2595,2610,144449,-0.009487666034155628
2023-11-24,2620,2635,2600,2615,122340,0.0019157088122605526
2023-11-27,2680,2680,2575,2575,201154,-0.015296367112810683
2023-11-28,2580,2610,2560,2560,120005,-0.005825242718446644
2023-11-29,2585,2585,2525,2540,168472,-0.0078125
2023-11-30,2540,2575,2530,2575,111641,0.013779527559055094
2023-12-01,2560,2585,2540,2575,153078,0.0
2023-12-04,2585,2590,2525,2545,186664,-0.011650485436893177
2023-12-05,2520,2535,2495,2495,184957,-0.01964636542239684
2023-12-06,2500,2540,2495,2540,85103,0.018036072144288484
2023-12-07,2530,2550,2495,2515,125427,-0.009842519685039353
2023-12-08,2530,2565,2515,2565,154566,0.01988071570576544
2023-12-11,2570,2595,2550,2585,169410,0.007797270955165692
2023-12-12,2590,2595,2565,2585,71199,0.0
2023-12-13,2585,2590,2535,2535,116736,-0.01934235976789167
2023-12-14,2560,2575,2525,2530,116650,-0.0019723865877712132
2023-12-15,2540,2560,2520,2525,132855,-0.0019762845849802257
2023-12-18,2530,2595,2530,2550,136136,0.00990099009900991
2023-12-19,2550,2585,2530,2560,160744,0.0039215686274509665
2023-12-20,2560,2590,2560,2570,156949,0.00390625
2023-12-21,2570,2630,2545,2585,332004,0.005836575875486361
2023-12-22,2600,2615,2580,2590,169159,0.0019342359767891004
2023-12-26,2590,2620,2580,2580,150532,-0.0038610038610038533
2023-12-27,2600,2645,2575,2635,215687,0.02131782945736438
2023-12-28,2645,2655,2620,2640,157751,0.00189753320683117
2024-01-02,2640,2660,2605,2650,191012,0.0037878787878788955
2024-01-03,2615,2650,2615,2640,98621,-0.0037735849056603765
2024-01-04,2640,2645,2595,2610,110424,-0.011363636363636354
2024-01-05,2610,2685,2600,2670,284453,0.02298850574712641
2024-01-08,2685,2765,2665,2760,677079,0.03370786516853941
2024-01-09,2790,2790,2700,2735,369761,-0.009057971014492794
2024-01-10,2755,2775,2700,2750,400942,0.005484460694698434
2024-01-11,2745,2765,2725,2730,327172,-0.0072727272727273196
2024-01-12,2740,2745,2680,2725,240564,-0.001831501831501825
2024-01-15,2715,2745,2665,2690,238536,-0.012844036697247652
2024-01-16,2665,2735,2635,2670,304507,-0.0074349442379182396
2024-01-17,2685,2690,2575,2590,308437,-0.029962546816479363
2024-01-18,2575,2690,2570,2680,355545,0.03474903474903468
2024-01-19,2710,2745,2685,2705,331334,0.009328358208955168
2024-01-22,2750,2790,2720,2765,493433,0.022181146025878062
2024-01-23,2770,2775,2705,2760,237445,-0.001808318264014508
2024-01-24,2785,2785,2705,2755,223067,-0.0018115942028985588
2024-01-25,2750,2750,2665,2690,240858,-0.023593466424682408
2024-01-26,2695,2745,2670,2725,192785,0.013011152416356975
2024-01-29,2725,2750,2660,2660,310669,-0.023853211009174258
2024-01-30,2670,2760,2640,2710,988375,0.018796992481203034
2024-01-31,2700,2700,2635,2665,389482,-0.016605166051660514
2024-02-01,2655,2670,2620,2630,193033,-0.013133208255159512
2024-02-02,2635,2675,2625,2625,194537,-0.0019011406844106071
2024-02-05,2625,2625,2580,2595,194831,-0.011428571428571455
2024-02-06,2585,2600,2560,2570,143074,-0.009633911368015391
2024-02-07,2575,2590,2540,2550,145628,-0.0077821011673151474
2024-02-08,2560,2575,2525,2555,98198,0.0019607843137254832
2024-02-13,2555,2610,2555,2600,91915,0.017612524461839474
2024-02-14,2560,2620,2555,2600,145746,0.0
2024-02-15,2630,2640,2600,2625,122631,0.009615384615384581
2024-02-16,2650,2650,2615,2625,129419,0.0
2024-02-19,2615,2650,2605,2650,154773,0.00952380952380949
2024-02-20,2645,2670,2640,2665,189654,0.005660377358490676
2024-02-21,2650,2670,2620,2625,140282,-0.015009380863039379
2024-02-22,2645,2650,2615,2615,121372,-0.003809523809523818
2024-02-23,2625,2660,2600,2615,163500,0.0
2024-02-26,2625,2625,2575,2605,129873,-0.003824091778202643
2024-02-27,2610,2620,2545,2560,206330,-0.017274472168905985
2024-02-28,2590,2590,2540,2550,128164,-0.00390625
2024-02-29,2535,2550,2490,2490,405444,-0.02352941176470591
2024-03-04,2505,2560,2505,2555,224364,0.026104417670682833
2024-03-05,2515,2540,2475,2510,279069,-0.017612524461839585
2024-03-06,2485,2505,2460,2465,258149,-0.017928286852589626
2024-03-07,2460,2480,2430,2440,192778,-0.010141987829614618
2024-03-08,2465,2470,2415,2425,149758,-0.006147540983606592
2024-03-11,2400,2435,2400,2435,145092,0.004123711340206171
2024-03-12,2440,2455,2410,2455,136762,0.008213552361396204
2024-03-13,2455,2480,2430,2480,178629,0.010183299389002087
2024-03-14,2490,2490,2435,2485,128178,0.002016129032258007
2024-03-15,2470,2500,2445,2500,121030,0.006036217303822866
2024-03-18,2490,2505,2470,2485,104659,-0.006000000000000005
2024-03-19,2490,2505,2445,2505,305301,0.008048289738430636
2024-03-20,2505,2530,2485,2505,200098,0.0
2024-03-21,2515,2545,2500,2535,164637,0.011976047904191711
2024-03-22,2535,2565,2520,2540,144353,0.0019723865877712132
2024-03-25,2545,2555,2520,2535,200803,-0.0019685039370078705
2024-03-26,2535,2565,2525,2545,176741,0.0039447731755424265
2024-03-27,2540,2555,2530,2535,171828,-0.003929273084479323
2024-03-28,2540,2555,2520,2525,147371,-0.0039447731755424265
2024-03-29,2525,2555,2520,2535,116036,0.003960396039603964
2024-04-01,2575,2730,2555,2670,2710433,0.053254437869822535
2024-04-02,2635,2645,2580,2605,681376,-0.02434456928838946
2024-04-03,2630,2660,2585,2610,445346,0.0019193857965451588
2024-04-04,2655,2685,2620,2630,474376,0.00766283524904221
2024-04-05,2635,2635,2565,2565,219099,-0.024714828897338448
2024-04-08,2555,2570,2485,2505,185145,-0.023391812865497075
2024-04-09,2490,2525,2465,2470,173845,-0.013972055888223589
2024-04-11,2505,2595,2460,2465,361513,-0.002024291497975672
2024-04-12,2480,2650,2470,2590,877208,0.05070993914807298
2024-04-15,2555,2560,2485,2490,334938,-0.038610038610038644
2024-04-16,2485,2490,2415,2430,222102,-0.02409638554216864
2024-04-17,2435,2475,2415,2435,101255,0.002057613168724215
2024-04-18,2435,2495,2435,2490,86911,0.022587268993839782
2024-04-19,2460,2485,2410,2435,166281,-0.02208835341365467
2024-04-22,2435,2465,2435,2455,47986,0.008213552361396204
2024-04-23,2460,2485,2435,2440,90609,-0.006109979633401208
2024-04-24,2470,2500,2445,2490,111380,0.020491803278688492
2024-04-25,2475,2480,2455,2460,59812,-0.012048192771084376
2024-04-26,2475,2515,2450,2495,108525,0.014227642276422703
2024-04-29,2490,2530,2485,2510,114279,0.006012024048096087
2024-04-30,2510,2555,2510,2545,161228,0.013944223107569709
2024-05-02,2520,2555,2520,2550,114567,0.0019646365422396617
2024-05-03,2545,2560,2505,2520,89508,-0.0117647058823529
2024-05-07,2525,2570,2525,2570,129755,0.01984126984126977
2024-05-08,2570,2585,2560,2570,82991,0.0
2024-05-09,2570,2575,2540,2540,75721,-0.011673151750972721
2024-05-10,2550,2565,2510,2530,79142,-0.003937007874015741
2024-05-13,2530,2590,2480,2530,171956,0.0
2024-05-14,2520,2615,2515,2585,425458,0.021739130434782705
2024-05-16,2595,2610,2555,2585,215084,0.0
2024-05-17,2585,2615,2530,2575,215620,-0.003868471953578312
2024-05-20,2575,2615,2535,2580,222499,0.001941747572815622
2024-05-21,2570,2750,2525,2545,1691992,-0.013565891472868241
2024-05-22,2545,2570,2540,2560,174113,0.005893909626718985
2024-05-23,2560,2560,2520,2520,203040,-0.015625
2024-05-24,2505,2570,2495,2500,199485,-0.007936507936507908
2024-05-27,2520,2530,2485,2500,122823,0.0
2024-05-28,2525,2525,2500,2505,83381,0.0020000000000000018
2024-05-29,2505,2520,2490,2515,142771,0.003992015968063978
2024-05-30,2515,2520,2485,2485,98128,-0.011928429423459286
2024-05-31,2495,2495,2460,2465,149927,-0.008048289738430636
2024-06-03,2465,2515,2465,2495,115670,0.012170385395537497
2024-06-04,2510,2530,2485,2485,130458,-0.004008016032064132
2024-06-05,2510,2510,2480,2490,106392,0.002012072434607548
2024-06-07,2490,2555,2490,2525,233084,0.014056224899598346
2024-06-10,2525,2530,2500,2525,60109,0.0
2024-06-11,2525,2545,2510,2535,122815,0.003960396039603964
2024-06-12,2535,2620,2535,2540,311882,0.0019723865877712132
2024-06-13,2570,2650,2560,2565,372335,0.009842519685039353
2024-06-14,2565,2575,2535,2535,90414,-0.011695906432748537
2024-06-17,2525,2570,2490,2490,129859,-0.017751479289940808
2024-06-18,2490,2515,2475,2500,118886,0.004016064257028162
2024-06-19,2495,2530,2400,2455,169068,-0.018000000000000016
2024-06-20,2465,2480,2440,2440,99107,-0.006109979633401208
2024-06-21,2430,2465,2430,2430,102340,-0.004098360655737654
2024-06-24,2430,2450,2400,2405,116202,-0.010288065843621408
2024-06-25,2410,2425,2385,2390,97341,-0.006237006237006182
2024-06-26,2400,2415,2385,2410,101047,0.008368200836819994
2024-06-27,2410,2415,2390,2390,50801,-0.008298755186721962
2024-06-28,2395,2410,2385,2390,51022,0.0
2024-07-01,2390,2415,2380,2390,43583,0.0
2024-07-02,2385,2405,2340,2345,149304,-0.01882845188284521
2024-07-03,2350,2355,2300,2300,125506,-0.019189765458422214
2024-07-04,2310,2430,2260,2290,176187,-0.004347826086956497
2024-07-05,2315,2320,2260,2270,90077,-0.008733624454148492
2024-07-08,2285,2300,2255,2295,73941,0.011013215859030812
2024-07-09,2300,2320,2295,2305,46118,0.004357298474945592
2024-07-10,2310,2315,2290,2305,49228,0.0
2024-07-11,2320,2340,2305,2325,49699,0.008676789587852562
2024-07-12,2340,2345,2295,2300,79561,-0.010752688172043001
2024-07-15,2315,2325,2295,2315,94439,0.006521739130434856
2024-07-16,2305,2350,2305,2320,70020,0.002159827213822796
2024-07-17,2325,2345,2300,2310,59314,-0.004310344827586188
2024-07-18,2300,2310,2265,2275,80813,-0.015151515151515138
2024-07-19,2275,2285,2265,2270,52537,-0.00219780219780219
2024-07-22,2285,2325,2260,2290,168174,0.008810572687224738
2024-07-23,2280,2320,2280,2310,80020,0.008733624454148492
2024-07-24,2300,2360,2295,2350,111028,0.017316017316017396
2024-07-25,2305,2365,2305,2345,91192,-0.0021276595744680327
2024-07-26,2345,2375,2335,2360,95754,0.006396588486140775
2024-07-29,2360,2400,2345,2395,107069,0.014830508474576343
2024-07-30,2390,2415,2375,2410,78261,0.006263048016701411
2024-07-31,2395,2465,2390,2425,169103,0.006224066390041472
2024-08-01,2425,2480,2425,2455,103992,0.012371134020618513
2024-08-02,2415,2445,2385,2400,133469,-0.022403258655804503
2024-08-05,2350,2385,2180,2210,500026,-0.07916666666666672
2024-08-06,2200,2275,2200,2225,182383,0.006787330316742057
2024-08-07,2220,2315,2220,2305,98862,0.035955056179775235
2024-08-08,2300,2365,2275,2330,90185,0.010845986984815648
2024-08-09,2340,2405,2340,2405,132633,0.032188841201716833
2024-08-12,2420,2450,2400,2440,90937,0.01455301455301461
2024-08-13,2415,2480,2415,2435,187568,-0.002049180327868827
2024-08-14,2455,2475,2440,2450,89386,0.006160164271047153
2024-08-16,2440,2455,2395,2405,93419,-0.01836734693877551
2024-08-19,2405,2440,2360,2360,74753,-0.018711018711018657
2024-08-20,2350,2395,2350,2365,38340,0.0021186440677967155
2024-08-21,2390,2390,2340,2360,30991,-0.0021141649048626032
2024-08-22,2380,2385,2300,2340,75257,-0.008474576271186418
2024-08-23,2350,2350,2285,2305,72215,-0.014957264957264904
2024-08-26,2295,2320,2275,2280,36407,-0.010845986984815648
2024-08-27,2265,2635,2265,2580,1141674,0.13157894736842102
2024-08-28,2585,2690,2425,2450,4434116,-0.050387596899224785
2024-08-29,2490,2590,2400,2415,1531863,-0.014285714285714235
2024-08-30,2445,2760,2445,2580,6541648,0.06832298136645965
2024-09-02,2655,2800,2520,2530,4300778,-0.019379844961240345
2024-09-03,2500,2505,2410,2410,919053,-0.04743083003952564
2024-09-04,2315,2335,2265,2285,844610,-0.051867219917012486
2024-09-05,2370,2700,2350,2570,7524598,0.12472647702406991
2024-09-06,2620,2640,2405,2440,2330737,-0.05058365758754868
2024-09-09,2380,2430,2320,2380,854260,-0.024590163934426257
2024-09-10,2360,2375,2265,2270,857712,-0.04621848739495793
2024-09-11,2265,2285,2220,2220,544913,-0.022026431718061623
2024-09-12,2350,2355,2295,2355,593642,0.060810810810810745
2024-09-13,2375,2380,2315,2325,297182,-0.01273885350318471
2024-09-19,2305,2330,2270,2290,290148,-0.01505376344086018
2024-09-20,2305,2355,2280,2280,238256,-0.004366812227074246
2024-09-23,2315,2320,2265,2280,253834,0.0
2024-09-24,2310,2330,2280,2320,266666,0.01754385964912286
2024-09-25,2320,2400,2315,2320,370994,0.0
2024-09-26,2330,2400,2320,2355,758730,0.015086206896551824
2024-09-27,2370,2380,2345,2360,289165,0.002123142250530785
2024-09-30,2355,2365,2290,2295,300469,-0.02754237288135597
2024-10-02,2250,2280,2220,2250,334075,-0.019607843137254943
2024-10-04,2235,2290,2235,2250,156729,0.0
2024-10-07,2325,2325,2265,2275,199538,0.011111111111111072
2024-10-08,2275,2285,2250,2265,160450,-0.00439560439560438
2024-10-10,2280,2305,2255,2255,196772,-0.004415011037527616
2024-10-11,2250,2285,2250,2255,215332,0.0
2024-10-14,2275,2275,2250,2250,164058,-0.0022172949002217113
2024-10-15,2260,2275,2245,2250,195114,0.0
2024-10-16,2240,2260,2235,2245,129347,-0.0022222222222222365
2024-10-17,2250,2290,2240,2250,180138,0.00222717149220486
2024-10-18,2255,2260,2225,2230,238920,-0.008888888888888835
2024-10-21,2235,2275,2230,2265,182690,0.015695067264573925
2024-10-22,2245,2270,2225,2235,180949,-0.013245033112582738
2024-10-23,2230,2265,2225,2260,147604,0.01118568232662187
2024-10-24,2235,2265,2235,2250,114217,-0.004424778761061954
2024-10-25,2275,2280,2235,2235,130058,-0.00666666666666671
2024-10-28,2240,2275,2240,2270,76909,0.015659955257270708
2024-10-29,2275,2295,2255,2290,126951,0.008810572687224738
2024-10-30,2300,2320,2265,2275,172762,-0.0065502183406113135
2024-10-31,2275,2300,2250,2285,140868,0.00439560439560438
2024-11-01,2255,2285,2250,2250,164380,-0.015317286652078765
2024-11-04,2250,2310,2250,2280,133112,0.01333333333333342
2024-11-05,2260,2320,2260,2280,207212,0.0
2024-11-06,2290,2310,2260,2270,160575,-0.004385964912280715
2024-11-07,2300,2310,2265,2290,127557,0.008810572687224738
2024-11-08,2300,2350,2300,2325,172723,0.015283842794759916
2024-11-11,2325,2325,2265,2285,143872,-0.017204301075268824
2024-11-12,2265,2285,2235,2250,200156,-0.015317286652078765
2024-11-13,2250,2285,2230,2235,182989,-0.00666666666666671
2024-11-14,2240,2285,2230,2230,151208,-0.0022371364653244186
2024-11-15,2240,2250,2215,2240,136924,0.004484304932735439
2024-11-18,2240,2270,2230,2255,82200,0.006696428571428603
2024-11-19,2270,2270,2240,2250,71688,-0.0022172949002217113
2024-11-20,2250,2265,2230,2230,70696,-0.008888888888888835
2024-11-21,2245,2250,2225,2230,47266,0.0
2024-11-22,2230,2270,2230,2245,72902,0.006726457399103047
2024-11-25,2245,2495,2245,2300,1785791,0.024498886414253906
2024-11-26,2350,2390,2325,2370,504118,0.0304347826086957
2024-11-27,2390,2390,2325,2375,341684,0.0021097046413502962
2024-11-28,2415,2450,2365,2390,273638,0.006315789473684275
2024-11-29,2380,2405,2340,2385,148011,-0.0020920502092049986
2024-12-02,2400,2410,2310,2330,224304,-0.023060796645702264
2024-12-03,2330,2370,2330,2350,127850,0.008583690987124415
2024-12-04,2280,2380,2280,2330,372969,-0.008510638297872353
2024-12-05,2330,2340,2285,2315,86307,-0.006437768240343367
2024-12-06,2290,2330,2205,2280,341890,-0.015118790496760237
2024-12-09,2370,2625,2240,2460,6617506,0.07894736842105265
2024-12-10,2405,2565,2400,2490,1963945,0.012195121951219523
2024-12-11,2560,2640,2520,2595,1214293,0.04216867469879526
2024-12-12,2600,2945,2525,2710,11529133,0.044315992292870865
2024-12-13,2645,2700,2600,2675,1369249,-0.01291512915129156
2024-12-16,2675,2750,2605,2630,1028826,-0.016822429906542036
2024-12-17,2610,2700,2610,2635,491084,0.0019011406844107182
2024-12-18,2630,2645,2580,2605,329259,-0.011385199240986688
2024-12-19,2595,2605,2505,2580,270258,-0.009596928982725572
2024-12-20,2580,2600,2500,2510,291094,-0.027131782945736482
2024-12-23,2520,2580,2515,2550,149650,0.015936254980079667
2024-12-24,2550,2580,2520,2540,72745,-0.0039215686274509665
2024-12-26,2545,2575,2435,2470,174958,-0.027559055118110187
2024-12-27,2520,2825,2350,2355,5598943,-0.046558704453441346
2024-12-30,2335,2400,2210,2400,336437,0.019108280254777066
2025-01-02,2430,2485,2375,2435,291531,0.014583333333333393
2025-01-03,2470,2525,2430,2515,402159,0.03285420944558526
2025-01-06,2530,2575,2505,2550,282973,0.013916500994035852
2025-01-07,2560,2570,2520,2525,178062,-0.009803921568627416
2025-01-08,2510,2580,2500,2580,198881,0.0217821782178218
2025-01-09,2580,2580,2465,2475,269058,-0.04069767441860461
2025-01-10,2485,2520,2455,2515,128260,0.016161616161616266
2025-01-13,2500,2510,2435,2435,119061,-0.031809145129224614
2025-01-14,2425,2470,2425,2460,98540,0.010266940451745477
2025-01-15,2465,2485,2430,2445,85174,-0.0060975609756097615
2025-01-16,2455,2500,2445,2470,135918,0.010224948875255713
2025-01-17,2475,2475,2450,2470,54234,0.0
2025-01-20,2470,2485,2425,2470,84918,0.0
2025-01-21,2470,2480,2425,2440,98868,-0.012145748987854255
2025-01-22,2425,2495,2425,2460,106280,0.008196721311475308
2025-01-23,2500,2505,2435,2435,123086,-0.010162601626016232
2025-01-24,2435,2450,2405,2405,104877,-0.012320328542094416
2025-01-31,2525,2845,2500,2585,4430158,0.07484407484407485
2025-02-03,2560,2610,2495,2585,557618,0.0
2025-02-04,2605,2685,2555,2680,836757,0.03675048355899424
2025-02-05,2650,2660,2615,2660,406808,-0.007462686567164201
2025-02-06,2660,2700,2615,2615,334840,-0.016917293233082664
2025-02-07,2615,2620,2570,2585,165000,-0.01147227533460804
2025-02-10,2600,2620,2545,2600,109201,0.005802707930367523
2025-02-11,2610,2625,2570,2580,158803,-0.007692307692307665
2025-02-12,2585,2625,2550,2565,169773,-0.005813953488372103
2025-02-13,2550,2580,2520,2545,126446,-0.007797270955165692
2025-02-14,2575,2590,2535,2570,142599,0.00982318271119853
2025-02-17,2560,2605,2550,2595,72193,0.009727626459143934
2025-02-18,2610,2620,2540,2600,134495,0.0019267822736031004
2025-02-19,2700,2700,2580,2620,213146,0.007692307692307665
2025-02-20,2620,2640,2570,2600,139507,-0.007633587786259555
2025-02-21,2600,2600,2560,2570,90176,-0.011538461538461497
2025-02-24,2570,2635,2525,2575,173716,0.0019455252918287869
2025-02-25,2565,2580,2510,2520,111963,-0.021359223300970842
2025-02-26,2520,2740,2510,2540,898522,0.007936507936507908
2025-02-27,2535,2565,2510,2560,146873,0.007874015748031482
2025-02-28,2520,2535,2430,2450,209584,-0.04296875
2025-03-04,2450,2450,2390,2400,114542,-0.020408163265306145
2025-03-05,2385,2465,2385,2455,78577,0.022916666666666696
2025-03-06,2460,2465,2405,2430,90202,-0.010183299389002087
2025-03-07,2400,2435,2375,2375,142581,-0.02263374485596703
2025-03-10,2350,2400,2330,2370,51347,-0.002105263157894721
2025-03-11,2315,2365,2300,2345,156658,-0.010548523206751037
2025-03-12,2330,2400,2330,2360,59086,0.006396588486140775
2025-03-13,2375,2385,2315,2320,67644,-0.016949152542372836
2025-03-14,2325,2375,2310,2370,51613,0.02155172413793105
2025-03-17,2370,2410,2320,2365,97712,-0.002109704641350185
2025-03-18,2365,2390,2365,2365,60173,0.0
2025-03-19,2380,2380,2335,2350,67243,-0.006342494714587699
2025-03-20,2360,2365,2305,2305,114347,-0.019148936170212738
2025-03-21,2300,2340,2250,2315,117826,0.00433839479392617
2025-03-24,2305,2355,2290,2320,37635,0.002159827213822796
2025-03-25,2325,2340,2285,2310,53102,-0.004310344827586188
2025-03-26,2300,2335,2295,2300,99865,-0.0043290043290042934
2025-03-27,2370,2370,2300,2305,45500,0.0021739130434783593
2025-03-28,2285,2305,2260,2275,79570,-0.013015184381778733
2025-03-31,2230,2295,2200,2225,119352,-0.02197802197802201
2025-04-01,2250,2325,2245,2285,138045,0.026966292134831482
2025-04-02,2300,2335,2270,2295,56590,0.004376367614879584
2025-04-03,2270,2325,2250,2290,86580,-0.002178649237472796
2025-04-04,2265,2680,2260,2445,3078433,0.06768558951965065
2025-04-07,2455,2700,2410,2600,2905701,0.0633946830265848
2025-04-08,2650,2730,2505,2545,1468883,-0.02115384615384619
2025-04-09,2545,2580,2445,2480,363762,-0.025540275049115935
2025-04-10,2490,2570,2480,2550,258574,0.02822580645161299
2025-04-11,2515,2565,2485,2565,190250,0.00588235294117645
2025-04-14,2575,2610,2540,2565,261245,0.0
2025-04-15,2565,2590,2535,2590,135609,0.00974658869395717
2025-04-16,2590,2600,2560,2580,139779,-0.0038610038610038533
2025-04-17,2575,2630,2560,2575,123267,-0.0019379844961240345
2025-04-18,2575,2605,2540,2600,130340,0.009708737864077666
2025-04-21,2605,2615,2570,2615,178548,0.005769230769230749
2025-04-22,2615,2615,2565,2570,185736,-0.017208413001912004
2025-04-23,2620,2655,2545,2575,274073,0.0019455252918287869
2025-04-24,2600,2600,2515,2535,320556,-0.01553398058252431
2025-04-25,2540,2615,2540,2560,128972,0.009861932938856066
2025-04-28,2585,2630,2565,2575,226169,0.005859375
2025-04-29,2595,2625,2560,2595,191642,0.007766990291262044
2025-04-30,2630,2630,2580,2600,172781,0.0019267822736031004
2025-05-02,2600,2610,2500,2500,141465,-0.038461538461538436
2025-05-07,2515,2555,2495,2545,108195,0.018000000000000016
2025-05-08,2530,2565,2515,2550,54123,0.0019646365422396617
2025-05-09,2520,2560,2455,2485,135144,-0.025490196078431393
2025-05-12,2495,2585,2465,2575,143945,0.03621730382293764
2025-05-13,2590,2615,2545,2570,146664,-0.001941747572815511
2025-05-14,2595,2610,2530,2560,115759,-0.0038910505836575737
2025-05-15,2560,2570,2500,2500,61801,-0.0234375
2025-05-16,2500,2505,2425,2435,99999,-0.026000000000000023
2025-05-19,2415,2435,2400,2405,93818,-0.012320328542094416
2025-05-20,2405,2445,2405,2440,57731,0.01455301455301461
2025-05-21,2445,2465,2415,2415,65037,-0.010245901639344246
2025-05-22,2415,2430,2380,2400,27449,-0.006211180124223614
2025-05-23,2430,2435,2375,2405,77666,0.002083333333333437
2025-05-26,2390,2395,2360,2375,79733,-0.012474012474012475
2025-05-27,2380,2390,2335,2340,60500,-0.01473684210526316
2025-05-28,2355,2360,2335,2335,128803,-0.002136752136752129
2025-05-29,2350,2380,2350,2370,69220,0.01498929336188426
2025-05-30,2370,2375,2340,2340,69196,-0.012658227848101222
2025-06-02,2330,2365,2330,2345,37056,0.002136752136752129
2025-06-04,2360,2460,2360,2445,245630,0.04264392324093813
2025-06-05,2470,2510,2420,2480,241538,0.014314928425357865
2025-06-09,2490,2550,2485,2535,148475,0.022177419354838745
2025-06-10,2580,2580,2490,2520,93222,-0.00591715976331364
2025-06-11,2520,2530,2470,2500,89866,-0.007936507936507908
2025-06-12,2510,2545,2485,2495,70848,-0.0020000000000000018
2025-06-13,2495,2530,2435,2445,161943,-0.02004008016032066
2025-06-16,2420,2495,2420,2475,103406,0.012269938650306678
2025-06-17,2480,2490,2430,2465,91902,-0.004040404040404066
2025-06-18,2450,2530,2450,2525,151477,0.024340770791074995
2025-06-19,2535,2555,2500,2535,145997,0.003960396039603964
2025-06-20,2550,2950,2495,2935,8701675,0.15779092702169617
2025-06-23,3025,3480,3020,3205,17371803,0.09199318568994896
2025-06-24,3220,3370,3095,3245,5170562,0.012480499219968744
2025-06-25,3200,3205,3025,3050,1684443,-0.06009244992295837
2025-06-26,3040,3095,2840,3025,2490599,-0.008196721311475419
2025-06-27,3040,3040,2805,2835,1179601,-0.06280991735537189
2025-06-30,2810,2830,2730,2810,595104,-0.00881834215167554
2025-07-01,2830,2845,2770,2790,710269,-0.007117437722419906
2025-07-02,2790,2810,2715,2745,414318,-0.016129032258064502
2025-07-03,2785,2795,2715,2750,406612,0.0018214936247722413
2025-07-04,2760,2775,2650,2670,563464,-0.029090909090909056
2025-07-07,2645,2725,2645,2670,257976,0.0
2025-07-08,2660,2725,2650,2675,219729,0.001872659176029856
2025-07-09,2675,2745,2650,2735,345104,0.02242990654205612
2025-07-10,2740,2740,2685,2725,270470,-0.003656307129798919
2025-07-11,2740,2770,2685,2710,327502,-0.0055045871559632475
2025-07-14,2710,2715,2625,2675,292908,-0.01291512915129156
2025-07-15,2650,2670,2625,2665,209991,-0.0037383177570093906
2025-07-16,2665,2670,2610,2660,216590,-0.0018761726078799779
2025-07-17,2675,2705,2645,2670,268172,0.003759398496240518
2025-07-18,2670,2670,2620,2660,186659,-0.0037453183520599342
2025-07-21,2655,2700,2645,2665,189122,0.001879699248120259
2025-07-22,2675,2680,2555,2590,518958,-0.02814258911819889
2025-07-23,2580,2600,2545,2590,190992,0.0
2025-07-24,2585,2605,2520,2550,288541,-0.015444015444015413
2025-07-25,2565,2590,2540,2580,176202,0.0117647058823529
2025-07-28,2560,2585,2550,2560,125807,-0.007751937984496138
2025-07-29,2545,2600,2485,2485,533376,-0.029296875
2025-07-30,2455,2540,2455,2495,207242,0.004024144869215318
2025-07-31,2500,2565,2500,2550,153484,0.022044088176352616
2025-08-01,2530,2545,2450,2450,287987,-0.039215686274509776
2025-08-04,2455,2535,2450,2500,130264,0.020408163265306145
2025-08-05,2500,2540,2490,2510,117172,0.0040000000000000036
2025-08-06,2510,2540,2480,2530,58111,0.007968127490039834
2025-08-07,2535,2560,2525,2540,101241,0.0039525691699604515
2025-08-08,2540,2575,2530,2530,139688,-0.003937007874015741
2025-08-11,2555,2555,2490,2510,89032,-0.007905138339920903
2025-08-12,2510,2550,2490,2510,102913,0.0
2025-08-13,2510,2525,2480,2480,173034,-0.01195219123505975
2025-08-14,2480,2520,2465,2485,137062,0.002016129032258007
2025-08-18,2505,2505,2440,2450,115069,-0.014084507042253502
2025-08-19,2455,2495,2435,2460,94480,0.004081632653061273
2025-08-20,2430,2435,2385,2410,155871,-0.020325203252032575
2025-08-21,2410,2440,2390,2395,74679,-0.006224066390041472
2025-08-22,2390,2435,2385,2420,54117,0.010438413361169019
2025-08-25,2430,2460,2430,2450,65672,0.012396694214876103
2025-08-26,2425,2455,2405,2420,72715,-0.01224489795918371
2025-08-27,2420,2435,2395,2415,57268,-0.0020661157024793875
2025-08-28,2425,2430,2390,2425,66376,0.0041407867494824835
2025-08-29,2410,2440,2400,2405,73216,-0.008247422680412342
2025-09-01,2395,2405,2355,2385,106865,-0.008316008316008316
2025-09-02,2380,2415,2375,2395,83004,0.004192872117400492
2025-09-03,2405,2420,2390,2400,52340,0.0020876826722338038
2025-09-04,2420,2450,2400,2420,79589,0.008333333333333304
2025-09-05,2420,2440,2410,2430,78096,0.004132231404958775
2025-09-08,2435,2455,2410,2425,208276,-0.002057613168724326
2025-09-09,2420,2470,2405,2445,181488,0.008247422680412342
2025-09-10,2450,2490,2450,2480,179899,0.014314928425357865
2025-09-11,2480,2500,2455,2475,175962,-0.0020161290322581182
2025-09-12,2480,2505,2455,2490,181702,0.0060606060606061
2025-09-15,2500,2535,2485,2525,244233,0.014056224899598346
2025-09-16,2520,2525,2475,2490,126144,-0.013861386138613874
2025-09-17,2490,2495,2450,2475,134449,-0.0060240963855421326
2025-09-18,2480,2545,2480,2535,209197,0.024242424242424176
2025-09-19,2540,2585,2515,2540,483842,0.0019723865877712132
2025-09-22,2545,2550,2500,2525,203390,-0.0059055118110236116
2025-09-23,2510,2560,2490,2520,270866,-0.001980198019801982
2025-09-24,2500,2595,2485,2510,519962,-0.003968253968253954
2025-09-25,2510,2550,2495,2545,152282,0.013944223107569709
2025-09-26,2520,2550,2460,2465,240180,-0.03143418467583492
2025-09-29,2670,2835,2520,2635,10297451,0.06896551724137923
2025-09-30,2630,2710,2530,2530,2489666,-0.03984819734345346
2025-10-01,2525,2660,2450,2515,2966232,-0.005928853754940677
2025-10-02,2525,2580,2495,2520,693792,0.001988071570576455
2025-10-10,2545,2575,2520,2520,451460,0.0
2025-10-13,2485,2535,2450,2515,403824,-0.001984126984126977
2025-10-14,2515,2530,2450,2475,399438,-0.015904572564612307
2025-10-15,2475,2525,2475,2510,196911,0.014141414141414232
2025-10-16,2520,2540,2485,2495,213236,-0.005976095617529875
2025-10-17,2495,2495,2450,2455,320322,-0.01603206412825653
2025-10-20,2460,2490,2410,2480,171984,0.010183299389002087
2025-10-21,2470,2510,2460,2470,198367,-0.0040322580645161255
2025-10-22,2480,2515,2445,2510,190447,0.0161943319838056
2025-10-23,2510,2525,2480,2495,249029,-0.005976095617529875
2025-10-24,2495,2510,2440,2470,233258,-0.01002004008016033
2025-10-27,2485,2550,2470,2490,264852,0.00809716599190291
2025-10-28,2500,2545,2490,2520,302480,0.012048192771084265
2025-10-29,2520,2615,2505,2560,765770,0.015873015873015817
2025-10-30,2570,2590,2485,2485,346499,-0.029296875
2025-10-31,2470,2535,2470,2510,233255,0.010060362173038184
