Date,Open,High,Low,Close,Volume,Change
2022-01-03,19150,19150,18700,18750,46985,-0.02088772845953002
2022-01-04,18700,18850,18450,18550,30349,-0.010666666666666713
2022-01-05,18550,18700,18350,18500,25251,-0.0026954177897574594
2022-01-06,18400,18600,18200,18300,29911,-0.010810810810810811
2022-01-07,18200,18700,18100,18650,23605,0.0191256830601092
2022-01-10,18650,18850,18450,18800,28609,0.008042895442359255
2022-01-11,18700,18750,18450,18550,20582,-0.013297872340425565
2022-01-12,18600,18950,18600,18900,24812,0.018867924528301883
2022-01-13,18900,19050,18800,18800,22239,-0.005291005291005346
2022-01-14,18800,18800,18600,18650,15104,-0.007978723404255317
2022-01-17,18650,18700,18250,18450,33947,-0.01072386058981234
2022-01-18,18450,18550,18350,18500,19573,0.0027100271002709064
2022-01-19,18350,18650,18350,18550,20046,0.002702702702702675
2022-01-20,18550,18650,18350,18600,17520,0.0026954177897573484
2022-01-21,18500,18700,18400,18400,19370,-0.010752688172043001
2022-01-24,18350,18800,18050,18250,28611,-0.008152173913043459
2022-01-25,18200,18200,17700,17750,36619,-0.0273972602739726
2022-01-26,17650,18250,17650,17800,29342,0.0028169014084507005
2022-01-27,17800,17850,16800,16800,45911,-0.0561797752808989
2022-01-28,16850,17400,16800,17250,32382,0.02678571428571419
2022-02-03,17550,17950,17500,17700,17640,0.026086956521739202
2022-02-04,17700,18100,17450,17900,15832,0.011299435028248483
2022-02-07,17900,17900,17450,17850,17793,-0.0027932960893854997
2022-02-08,17900,18150,17600,17800,23729,-0.0028011204481792618
2022-02-09,17700,18150,17600,18000,15964,0.011235955056179803
2022-02-10,17850,18250,17850,18200,21778,0.011111111111111072
2022-02-11,18000,18250,17850,17900,14824,-0.016483516483516536
2022-02-14,17800,17950,17450,17650,13528,-0.013966480446927387
2022-02-15,17800,17850,17500,17600,22351,-0.0028328611898017497
2022-02-16,17750,17850,17400,17450,37697,-0.008522727272727293
2022-02-17,17400,17900,17400,17650,33424,0.011461318051575908
2022-02-18,17550,17800,17450,17750,27211,0.0056657223796034994
2022-02-21,17600,17900,17500,17700,31725,-0.0028169014084507005
2022-02-22,17450,17600,17200,17400,33285,-0.016949152542372836
2022-02-23,17400,17750,17300,17750,32526,0.02011494252873569
2022-02-24,17650,17650,17100,17300,32961,-0.025352112676056304
2022-02-25,17350,17600,17200,17550,13598,0.014450867052023142
2022-02-28,17700,17800,17300,17800,22077,0.014245014245014342
2022-03-02,18000,18000,17550,17650,47763,-0.008426966292134797
2022-03-03,17650,17850,17550,17850,29455,0.011331444759206777
2022-03-04,17700,17750,17550,17700,16969,-0.008403361344537785
2022-03-07,17700,17700,17200,17250,33081,-0.025423728813559365
2022-03-08,17100,17200,16800,17050,25310,-0.011594202898550732
2022-03-10,17200,17750,17150,17750,28859,0.04105571847507328
2022-03-11,17700,17700,17450,17600,14769,-0.008450704225352101
2022-03-14,17500,17750,17450,17450,14067,-0.008522727272727293
2022-03-15,17350,17600,17200,17350,17557,-0.005730659025787954
2022-03-16,17400,17700,17300,17500,24836,0.008645533141210304
2022-03-17,17600,17750,17550,17600,33202,0.005714285714285783
2022-03-18,17550,17750,17450,17700,24867,0.005681818181818121
2022-03-21,17700,17850,17400,17600,29125,-0.005649717514124242
2022-03-22,17550,17700,17500,17550,23983,-0.0028409090909090606
2022-03-23,17550,17800,17550,17700,37782,0.008547008547008517
2022-03-24,17700,17800,17600,17700,59659,0.0
2022-03-25,17700,18150,17600,18000,93112,0.016949152542372836
2022-03-28,18100,18100,17550,17600,58030,-0.022222222222222254
2022-03-29,17650,17800,17500,17650,30699,0.0028409090909091717
2022-03-30,17700,17900,17600,17700,36011,0.0028328611898016387
2022-03-31,17800,17850,17600,17750,33741,0.0028248587570620654
2022-04-01,17750,17750,17500,17700,42475,-0.0028169014084507005
2022-04-04,17700,17750,17550,17700,55075,0.0
2022-04-05,17700,18350,17650,18250,84994,0.031073446327683607
2022-04-06,18150,18250,17900,18250,36163,0.0
2022-04-07,18200,18250,17900,18050,41997,-0.010958904109588996
2022-04-08,18050,18050,17700,17950,25453,-0.005540166204986097
2022-04-11,17850,18150,17700,18100,18432,0.008356545961002881
2022-04-12,18050,18050,17800,18050,27625,-0.002762430939226568
2022-04-13,18150,18250,17900,18250,29007,0.011080332409972193
2022-04-14,18100,18600,18050,18600,34943,0.019178082191780854
2022-04-15,18500,18800,18350,18800,44863,0.010752688172043001
2022-04-18,18700,19200,18600,19150,72242,0.018617021276595702
2022-04-19,19150,19200,18850,19100,46222,-0.0026109660574412663
2022-04-20,19100,19100,18750,18800,49331,-0.015706806282722474
2022-04-21,18850,19100,18750,19100,40374,0.015957446808510634
2022-04-22,18900,19100,18700,19000,39362,-0.005235602094240788
2022-04-25,18700,18750,18450,18600,39059,-0.021052631578947323
2022-04-26,18700,18750,18450,18600,20590,0.0
2022-04-27,18350,18400,18150,18400,17684,-0.010752688172043001
2022-04-28,18400,18550,18200,18550,22070,0.008152173913043459
2022-04-29,18500,18800,18350,18700,17074,0.008086253369272267
2022-05-02,18500,19150,18400,19150,28098,0.02406417112299475
2022-05-03,19200,19200,18850,18950,26319,-0.010443864229765065
2022-05-04,18950,18950,18650,18700,26581,-0.01319261213720313
2022-05-06,18550,18600,18300,18450,30077,-0.013368983957219305
2022-05-09,18300,18350,17750,17950,42004,-0.027100271002710064
2022-05-10,17950,18150,17650,18100,32007,0.008356545961002881
2022-05-11,17850,17900,17600,17750,17356,-0.01933701657458564
2022-05-12,17600,17750,16950,17100,53662,-0.036619718309859106
2022-05-13,17250,17800,17100,17800,32468,0.040935672514619936
2022-05-16,17800,17850,17300,17350,30147,-0.0252808988764045
2022-05-17,17350,17700,17200,17500,41632,0.008645533141210304
2022-05-18,17450,17750,17350,17450,32528,-0.0028571428571428914
2022-05-19,17250,17250,17000,17050,38522,-0.022922636103151817
2022-05-20,17050,17500,17050,17300,26214,0.014662756598240456
2022-05-23,17300,17450,17100,17200,23447,-0.005780346820809301
2022-05-24,17200,17250,16900,16950,25921,-0.014534883720930258
2022-05-25,17000,17200,16850,16850,47216,-0.005899705014749235
2022-05-26,16850,17300,16800,16850,32163,0.0
2022-05-27,17000,17350,16800,17150,41128,0.017804154302670572
2022-05-30,17300,17550,17300,17550,19691,0.023323615160349753
2022-05-31,17550,18050,17350,17900,47719,0.019943019943019946
2022-06-02,17750,17800,17400,17450,28709,-0.025139664804469275
2022-06-03,17500,17650,17300,17550,19414,0.005730659025787954
2022-06-07,17500,17900,17200,17850,44666,0.017094017094017033
2022-06-08,17850,17850,17450,17500,31830,-0.019607843137254943
2022-06-09,17550,17550,17100,17350,181463,-0.008571428571428563
2022-06-10,17450,18050,17400,17700,71601,0.020172910662824117
2022-06-13,17550,17550,17000,17000,31590,-0.039548022598870025
2022-06-14,16850,17350,16750,17100,30113,0.00588235294117645
2022-06-15,17250,17250,16900,17000,20421,-0.005847953216374324
2022-06-16,17050,17450,16900,16900,36904,-0.00588235294117645
2022-06-17,16500,17250,16300,16550,22655,-0.020710059171597628
2022-06-20,16600,16700,15850,16450,29825,-0.0060422960725075026
2022-06-21,16550,16600,16200,16550,12943,0.006079027355623046
2022-06-22,16550,16600,15700,16250,29979,-0.01812688821752262
2022-06-23,16000,16200,15550,16150,33976,-0.006153846153846176
2022-06-24,16100,16500,15700,16400,26723,0.015479876160990669
2022-06-27,16400,16850,16350,16600,17060,0.012195121951219523
2022-06-28,16550,16550,16300,16450,12405,-0.009036144578313254
2022-06-29,16350,16450,16150,16200,9771,-0.015197568389057725
2022-06-30,16400,16400,16000,16050,9672,-0.0092592592592593
2022-07-01,16050,16250,15750,15800,15851,-0.015576323987538943
2022-07-04,16000,16000,15350,15500,19483,-0.01898734177215189
2022-07-05,15500,15750,15400,15750,35491,0.016129032258064502
2022-07-06,15800,16000,15400,15700,23397,-0.0031746031746031633
2022-07-07,16150,16150,15500,15650,36274,-0.0031847133757961776
2022-07-08,15600,19500,15400,15900,512681,0.015974440894568787
2022-07-11,16050,16200,15500,15750,72069,-0.009433962264150941
2022-07-12,15700,15700,15250,15300,51398,-0.02857142857142858
2022-07-13,15200,15550,15150,15400,29870,0.006535947712418277
2022-07-14,15400,15750,15300,15550,24314,0.009740259740259827
2022-07-15,15700,15700,15100,15250,29810,-0.019292604501607746
2022-07-18,15300,15450,15200,15350,34227,0.006557377049180246
2022-07-19,15300,16100,15250,16050,97329,0.0456026058631922
2022-07-20,16150,16750,16100,16250,78748,0.012461059190031154
2022-07-21,16250,17250,16150,17100,87219,0.05230769230769239
2022-07-22,17300,17400,16900,17150,63172,0.0029239766081872176
2022-07-25,17100,17700,16950,17400,54624,0.014577259475218707
2022-07-26,17400,17500,17250,17400,17975,0.0
2022-07-27,17200,17600,17050,17500,37014,0.005747126436781658
2022-07-28,17500,17500,17150,17300,23263,-0.011428571428571455
2022-07-29,17300,17400,16900,17250,30693,-0.0028901734104046506
2022-08-01,17200,17400,16950,17300,27530,0.0028985507246377384
2022-08-02,17200,17250,16800,17150,30028,-0.00867052023121384
2022-08-03,16950,17100,16800,16950,14875,-0.011661807580174877
2022-08-04,16800,16950,16800,16800,14471,-0.008849557522123908
2022-08-05,16900,17050,16700,17000,14808,0.011904761904761862
2022-08-08,17100,17100,16750,16900,11982,-0.00588235294117645
2022-08-09,17000,17000,16700,16900,15806,0.0
2022-08-10,16950,17050,16700,17000,10338,0.00591715976331364
2022-08-11,17000,17100,16900,16950,17705,-0.002941176470588225
2022-08-12,17050,17300,16800,17250,18942,0.017699115044247815
2022-08-16,17250,17300,17050,17250,4045,0.0
2022-08-17,16900,16950,15900,16150,139688,-0.06376811594202902
2022-08-18,16200,16250,15900,16200,21759,0.003095975232198178
2022-08-19,16150,16200,15900,16100,22199,-0.006172839506172867
2022-08-22,16000,16050,15650,15700,37884,-0.024844720496894457
2022-08-23,15500,16100,15450,15650,30051,-0.0031847133757961776
2022-08-24,15650,15850,15500,15850,23166,0.012779552715654896
2022-08-25,15950,17750,15900,16950,221072,0.06940063091482651
2022-08-26,16950,17250,16750,16750,37456,-0.01179941002949858
2022-08-29,16500,16800,16400,16400,27537,-0.020895522388059695
2022-08-30,16400,17350,16400,17200,39714,0.04878048780487809
2022-08-31,17250,18300,17150,17750,73821,0.03197674418604657
2022-09-01,17750,18250,17350,17400,28428,-0.019718309859154903
2022-09-02,17400,17800,17250,17400,17040,0.0
2022-09-05,17150,17650,17150,17300,9030,-0.005747126436781658
2022-09-06,17200,17750,17150,17500,7980,0.011560693641618602
2022-09-07,17550,17550,16950,17050,12929,-0.02571428571428569
2022-09-08,17050,17150,16500,16900,19096,-0.008797653958944274
2022-09-13,16900,17400,16850,17400,9596,0.029585798816567976
2022-09-14,17150,17400,16850,17300,16251,-0.005747126436781658
2022-09-15,17300,17400,17100,17300,3906,0.0
2022-09-16,17300,17350,17050,17350,14612,0.0028901734104045396
2022-09-19,17350,17550,17050,17250,11045,-0.0057636887608069065
2022-09-20,17300,17450,17250,17350,2443,0.005797101449275255
2022-09-21,17350,17350,16850,17050,7383,-0.01729106628242072
2022-09-22,16900,16950,16500,16800,11158,-0.014662756598240456
2022-09-23,16650,17050,16500,16800,10723,0.0
2022-09-26,16550,16650,16000,16300,17969,-0.029761904761904767
2022-09-27,16000,16500,15950,16200,12731,-0.006134969325153339
2022-09-28,16000,16250,15650,16000,14557,-0.012345679012345734
2022-09-29,16300,16450,16100,16400,8761,0.02499999999999991
2022-09-30,16400,16800,16200,16450,14291,0.0030487804878047697
2022-10-04,16700,16950,16550,16700,6013,0.015197568389057725
2022-10-05,16800,16850,16450,16600,10333,-0.005988023952095856
2022-10-06,16600,17500,16600,17250,19588,0.03915662650602414
2022-10-07,17250,17500,17100,17200,12745,-0.0028985507246376274
2022-10-11,16950,16950,16350,16650,12081,-0.03197674418604646
2022-10-12,16400,16650,16200,16550,17445,-0.006006006006005982
2022-10-13,16200,16400,15950,16250,13595,-0.01812688821752262
2022-10-14,16300,16600,16300,16300,11294,0.003076923076922977
2022-10-17,16250,16500,16050,16500,5195,0.012269938650306678
2022-10-18,16500,16850,16400,16750,10131,0.015151515151515138
2022-10-19,16800,16850,16550,16750,3892,0.0
2022-10-20,16750,16750,16450,16450,23464,-0.017910447761193993
2022-10-21,16450,16600,16300,16600,4412,0.00911854103343468
2022-10-24,16650,16750,16450,16750,15238,0.009036144578313143
2022-10-25,16750,16750,16300,16450,11107,-0.017910447761193993
2022-10-26,16450,16650,16100,16150,7718,-0.018237082066869248
2022-10-27,16150,16350,16150,16250,2816,0.006191950464396356
2022-10-28,16300,16400,16150,16300,4222,0.003076923076922977
2022-10-31,16400,16400,16150,16250,1932,-0.0030674846625766694
2022-11-01,16100,16450,16100,16250,5058,0.0
2022-11-02,16250,16400,15850,16150,17040,-0.006153846153846176
2022-11-03,16000,16150,15850,16150,7020,0.0
2022-11-04,15900,16200,15900,16050,6661,-0.006191950464396245
2022-11-07,16250,16350,16000,16050,9923,0.0
2022-11-08,16250,16300,16000,16200,11183,0.009345794392523255
2022-11-09,16250,16400,16150,16200,12919,0.0
2022-11-10,16300,16300,16100,16100,7212,-0.006172839506172867
2022-11-11,16300,16550,16200,16200,14425,0.006211180124223503
2022-11-14,16450,16450,16200,16250,4298,0.0030864197530864335
2022-11-15,16250,16450,16250,16400,17225,0.009230769230769154
2022-11-16,16450,16450,16200,16200,11524,-0.012195121951219523
2022-11-17,16250,16350,16100,16250,12112,0.0030864197530864335
2022-11-18,16250,16300,16100,16250,10245,0.0
2022-11-21,16150,16250,16000,16250,20153,0.0
2022-11-22,16100,16200,16000,16050,20423,-0.012307692307692353
2022-11-23,16100,16200,15900,16050,22884,0.0
2022-11-24,16050,16150,16000,16100,13850,0.0031152647975076775
2022-11-25,16000,16100,16000,16000,9376,-0.006211180124223614
2022-11-28,16050,16100,15800,16000,16139,0.0
2022-11-29,15900,16350,15900,16150,15051,0.009374999999999911
2022-11-30,16200,16250,16050,16150,12317,0.0
2022-12-01,16350,16850,16250,16600,40962,0.02786377708978338
2022-12-02,16650,16650,16350,16550,13948,-0.003012048192771122
2022-12-05,16550,17050,16400,16700,17946,0.009063444108761365
2022-12-06,16700,16800,16100,16400,13766,-0.017964071856287456
2022-12-07,16350,16500,16150,16500,10390,0.0060975609756097615
2022-12-08,16400,16550,16200,16400,7117,-0.0060606060606061
2022-12-09,16350,16550,16300,16550,12004,0.009146341463414531
2022-12-12,16650,16650,16350,16500,5930,-0.0030211480362537513
2022-12-13,16450,16600,16450,16500,5044,0.0
2022-12-14,16500,16900,16450,16750,12673,0.015151515151515138
2022-12-15,16750,17000,16700,16900,15011,0.008955223880596996
2022-12-16,16700,17000,16700,16800,10705,-0.00591715976331364
2022-12-19,16850,16950,16700,16800,18341,0.0
2022-12-20,16650,16750,16450,16600,11522,-0.011904761904761862
2022-12-21,16500,16700,16500,16700,11669,0.006024096385542244
2022-12-22,16750,16750,16550,16650,17137,-0.0029940119760478723
2022-12-23,16500,16550,16300,16500,25360,-0.009009009009009028
2022-12-26,16650,16700,16450,16550,13572,0.003030303030302939
2022-12-27,16550,16650,16350,16650,25187,0.0060422960725075026
2022-12-28,16350,16400,16200,16300,16672,-0.02102102102102099
2022-12-29,16300,16450,16150,16450,17261,0.009202453987730008
2023-01-02,16500,16500,16150,16350,16863,-0.006079027355623046
2023-01-03,15900,16450,15850,16050,33019,-0.01834862385321101
2023-01-04,16050,16400,15900,16100,4951,0.0031152647975076775
2023-01-05,16100,16200,15900,15950,10666,-0.009316770186335366
2023-01-06,15950,16050,15650,15800,17718,-0.009404388714733591
2023-01-09,15900,16100,15750,15900,12505,0.006329113924050667
2023-01-10,16000,16050,15850,15850,8416,-0.0031446540880503138
2023-01-11,15900,16050,15800,15950,10139,0.006309148264984188
2023-01-12,16000,16200,16000,16200,10534,0.01567398119122254
2023-01-13,16250,16350,16050,16300,11119,0.006172839506172867
2023-01-16,16300,16500,16200,16350,16301,0.0030674846625766694
2023-01-17,16350,16500,16050,16200,10115,-0.00917431192660545
2023-01-18,16200,16250,15950,16000,7352,-0.012345679012345734
2023-01-19,16000,16300,15950,16150,10223,0.009374999999999911
2023-01-20,16250,16300,16050,16250,5472,0.006191950464396356
2023-01-25,16260,16430,16200,16230,12012,-0.0012307692307692575
2023-01-26,16230,16300,16180,16230,10033,0.0
2023-01-27,16300,16350,16200,16300,10522,0.004313000616142926
2023-01-30,16300,16370,16160,16200,6802,-0.006134969325153339
2023-01-31,16190,16440,16120,16420,16651,0.013580246913580174
2023-02-01,16450,16550,16320,16400,9448,-0.0012180267965895553
2023-02-02,16450,16460,16400,16410,11283,0.0006097560975608651
2023-02-03,16410,16520,16210,16310,18785,-0.006093845216331495
2023-02-06,16320,16390,16230,16390,13601,0.004904966278356904
2023-02-07,16390,16400,16220,16260,8453,-0.007931665649786424
2023-02-08,16370,16370,16180,16350,24504,0.005535055350553542
2023-02-09,16290,16460,16200,16210,13003,-0.008562691131498434
2023-02-10,16250,16250,16070,16150,11209,-0.0037014188772362955
2023-02-13,16150,16210,16030,16160,11459,0.0006191950464395912
2023-02-14,16010,16390,16010,16200,13644,0.0024752475247524774
2023-02-15,16100,16270,16000,16120,10145,-0.004938271604938316
2023-02-16,16120,16120,15990,16090,16454,-0.0018610421836228186
2023-02-17,15900,16140,15900,16030,6888,-0.003729024238657508
2023-02-20,16030,16200,15950,16020,10472,-0.0006238303181534954
2023-02-21,16030,16150,16010,16120,8693,0.006242197253433224
2023-02-22,16140,16200,15990,16190,12872,0.004342431761786614
2023-02-23,16160,16220,16010,16140,8925,-0.0030883261272390827
2023-02-24,16250,16250,16050,16080,7899,-0.0037174721189591198
2023-02-27,16080,16120,15940,16120,12038,0.0024875621890547706
2023-02-28,16140,16140,15980,15980,7820,-0.008684863523573227
2023-03-02,15980,16080,15900,15900,9392,-0.005006257822277815
2023-03-03,15900,16090,15890,16040,11751,0.008805031446540879
2023-03-06,16040,16090,15100,15990,10083,-0.0031172069825435855
2023-03-07,15900,16030,15900,16000,12879,0.0006253908692932519
2023-03-08,15980,16040,15840,15960,7108,-0.0024999999999999467
2023-03-09,15900,15960,15900,15950,6863,-0.0006265664160400863
2023-03-10,15960,15990,15620,15620,15137,-0.020689655172413834
2023-03-13,15580,15680,15260,15480,11367,-0.008962868117797673
2023-03-14,15300,15480,14980,15370,26116,-0.00710594315245483
2023-03-15,15370,15490,15200,15280,9996,-0.005855562784645385
2023-03-16,15280,15280,15050,15150,8274,-0.008507853403141308
2023-03-17,15200,15200,15040,15130,15793,-0.0013201320132013583
2023-03-20,14890,15210,14890,15090,12562,-0.0026437541308658163
2023-03-21,15070,15190,14990,15060,18098,-0.001988071570576566
2023-03-22,14990,15190,14990,15000,13247,-0.003984063745019917
2023-03-23,14950,15170,14950,15130,21616,0.0086666666666666
2023-03-24,15130,15210,14930,15110,23070,-0.0013218770654329637
2023-03-27,15110,15220,14950,15100,13757,-0.0006618133686300265
2023-03-28,14960,15350,14960,15150,21076,0.0033112582781456013
2023-03-29,15130,15700,15110,15330,20783,0.011881188118811892
2023-03-30,15330,15650,15270,15410,25790,0.005218525766470972
2023-03-31,15410,15900,15410,15650,20075,0.015574302401038187
2023-04-03,15670,15680,15430,15580,19135,-0.004472843450479269
2023-04-04,15700,16020,15510,15960,26395,0.024390243902439046
2023-04-05,15890,16100,15590,15610,48741,-0.021929824561403466
2023-04-06,15610,15610,15370,15370,23128,-0.015374759769378632
2023-04-07,15370,15400,15180,15270,24500,-0.006506180871828193
2023-04-10,15270,15310,15180,15200,14718,-0.004584151931892655
2023-04-11,15200,15400,15200,15400,12163,0.013157894736842035
2023-04-12,15300,15540,15300,15450,16880,0.0032467532467532756
2023-04-13,15450,15680,15320,15650,17431,0.012944983818770295
2023-04-14,15530,15750,15500,15650,21007,0.0
2023-04-17,15650,15750,15500,15650,18306,0.0
2023-04-18,15510,15700,15350,15550,32092,-0.006389776357827448
2023-04-19,15500,15730,15460,15560,19786,0.0006430868167202064
2023-04-20,15510,15550,15360,15460,18569,-0.006426735218509005
2023-04-21,15450,15450,15320,15450,11825,-0.0006468305304010435
2023-04-24,15450,15500,15300,15370,13736,-0.00517799352750814
2023-04-25,15370,15370,15170,15280,12587,-0.005855562784645385
2023-04-26,15280,15300,15150,15220,12143,-0.003926701570680646
2023-04-27,15200,15400,15140,15190,17944,-0.001971090670170872
2023-04-28,15120,15470,15120,15400,15237,0.01382488479262678
2023-05-02,15400,15490,15290,15490,7645,0.005844155844155763
2023-05-03,15490,15590,15420,15500,5997,0.0006455777921239303
2023-05-04,15500,15640,15320,15550,11333,0.003225806451612856
2023-05-08,15500,15730,15490,15720,11297,0.010932475884244397
2023-05-09,15790,15810,15570,15730,14984,0.0006361323155217313
2023-05-10,15620,15970,15620,15960,16277,0.014621741894469187
2023-05-11,15890,16660,15890,16600,46350,0.040100250626566414
2023-05-12,16600,16720,16310,16510,42564,-0.005421686746987953
2023-05-15,16510,16570,16000,16560,36281,0.0030284675953966556
2023-05-16,16560,16560,16100,16280,21795,-0.016908212560386437
2023-05-17,16270,16270,16020,16180,6406,-0.00614250614250611
2023-05-18,16260,16260,16000,16190,8568,0.0006180469715697523
2023-05-19,16090,16250,16090,16220,6786,0.0018529956763433386
2023-05-22,16220,16250,16070,16080,24707,-0.008631319358816225
2023-05-23,16080,16190,15750,15760,27370,-0.01990049751243783
2023-05-24,15760,15770,15620,15650,22943,-0.006979695431472033
2023-05-25,15650,15830,15570,15580,16857,-0.004472843450479269
2023-05-26,15580,15780,15550,15570,14410,-0.0006418485237483784
2023-05-30,15570,15790,15300,15410,25865,-0.010276172125883054
2023-05-31,15420,15690,15240,15240,130713,-0.011031797534068799
2023-06-01,15400,15780,15230,15540,21933,0.019685039370078705
2023-06-02,15510,15630,15410,15520,14099,-0.0012870012870013214
2023-06-05,15500,15640,15410,15420,28930,-0.006443298969072142
2023-06-07,15450,15630,15410,15530,20512,0.007133592736705552
2023-06-08,15530,15530,15400,15530,14537,0.0
2023-06-09,15530,15550,15420,15480,13802,-0.00321957501609782
2023-06-12,15480,15530,15330,15340,23025,-0.009043927648578864
2023-06-13,15430,15430,15280,15280,21555,-0.003911342894393766
2023-06-14,15280,15380,15130,15160,45192,-0.007853403141361293
2023-06-15,15160,15180,14950,15020,67330,-0.00923482849604218
2023-06-16,15030,15140,14920,14920,42586,-0.0066577896138482195
2023-06-19,14990,15030,14910,14910,16084,-0.0006702412868632157
2023-06-20,14940,15050,14870,14870,30542,-0.0026827632461435824
2023-06-21,14880,14990,14810,14830,29492,-0.0026899798251512896
2023-06-22,14830,14980,14790,14930,64512,0.006743088334457248
2023-06-23,14930,14950,14610,14610,43095,-0.021433355659745468
2023-06-26,14610,15050,14490,15050,32289,0.03011635865845319
2023-06-27,15050,15720,15050,15640,53574,0.03920265780730903
2023-06-28,15570,15600,15150,15150,35290,-0.031329923273657245
2023-06-29,15310,17500,15300,16650,442223,0.0990099009900991
2023-06-30,16700,16710,16110,16430,73584,-0.013213213213213226
2023-07-03,16470,17000,16320,16850,61447,0.025562994522215554
2023-07-04,16680,16740,16110,16650,65394,-0.011869436201780381
2023-07-05,16650,16770,16270,16270,26673,-0.022822822822822775
2023-07-06,16270,16470,15600,15930,40730,-0.020897357098955127
2023-07-07,15900,16000,15510,15900,23537,-0.0018832391713747842
2023-07-10,15810,15940,15600,15710,22594,-0.011949685534591192
2023-07-11,15700,15780,15550,15660,17660,-0.003182686187141903
2023-07-12,15700,15870,15590,15820,12246,0.010217113665389466
2023-07-13,15820,16050,15770,16030,20440,0.01327433628318575
2023-07-14,16000,16000,15650,15850,29389,-0.011228945726762363
2023-07-17,15890,15890,15570,15660,24230,-0.011987381703470024
2023-07-18,15600,15780,15520,15570,20375,-0.005747126436781658
2023-07-19,15570,15650,15470,15640,17139,0.004495825305073753
2023-07-20,15640,15720,15500,15720,10572,0.005115089514066584
2023-07-21,15670,15850,15600,15840,13128,0.007633587786259444
2023-07-24,15850,15870,15510,15550,18724,-0.018308080808080773
2023-07-25,15450,15700,15140,15170,27546,-0.02443729903536973
2023-07-26,15170,15290,14710,14780,64741,-0.02570863546473301
2023-07-27,14780,15250,14780,15250,17782,0.031799729364005325
2023-07-28,15250,15320,15090,15250,8075,0.0
2023-07-31,15250,15450,15120,15170,11322,-0.0052459016393442415
2023-08-01,15170,15470,15060,15410,16189,0.015820698747528006
2023-08-02,15330,15490,15200,15450,17191,0.002595717066839809
2023-08-03,15440,15460,15240,15320,3287,-0.008414239482200658
2023-08-04,15300,15450,14850,15380,5989,0.003916449086161844
2023-08-07,15500,15500,15230,15370,5830,-0.0006501950585175997
2023-08-08,15370,15490,15310,15370,6871,0.0
2023-08-09,15250,15620,15200,15560,13432,0.012361743656473578
2023-08-10,15680,16040,15600,16020,38532,0.02956298200514129
2023-08-11,16020,16500,15860,15860,44959,-0.009987515605493158
2023-08-14,16000,16000,15620,15670,34041,-0.011979823455233296
2023-08-16,15670,15670,15180,15300,30978,-0.02361199744735165
2023-08-17,15190,15360,15020,15360,16642,0.0039215686274509665
2023-08-18,15360,15400,15180,15390,8889,0.001953125
2023-08-21,16290,16490,15800,16090,141461,0.04548408057179998
2023-08-22,16270,16360,15950,16200,38078,0.006836544437538894
2023-08-23,16200,16500,15900,16110,23807,-0.005555555555555536
2023-08-24,15920,16100,15630,16100,28568,-0.0006207324643079382
2023-08-25,16100,17800,15870,17300,392041,0.07453416149068315
2023-08-28,19750,22450,18310,18500,4204620,0.06936416184971095
2023-08-29,18940,19340,18130,19020,829550,0.028108108108108043
2023-08-30,19150,22300,18770,21500,2449733,0.13038906414300744
2023-08-31,21500,21800,20850,21400,539004,-0.0046511627906976605
2023-09-01,21300,22250,20900,21200,513222,-0.009345794392523366
2023-09-04,21150,21150,19700,20050,477831,-0.054245283018867885
2023-09-05,20000,20700,19830,20000,340268,-0.0024937655860348684
2023-09-06,19910,20100,19300,19570,402198,-0.021499999999999964
2023-09-07,19460,19510,18460,18550,436099,-0.05212059274399594
2023-09-08,18630,19690,18200,19500,324005,0.05121293800539073
2023-09-11,19400,19400,18700,19010,193460,-0.025128205128205128
2023-09-12,19010,19700,18600,18750,223022,-0.01367701209889527
2023-09-13,18770,19490,18460,18660,129037,-0.0048000000000000265
2023-09-14,18820,19140,18520,18990,115559,0.01768488745980701
2023-09-15,18900,19210,18760,18990,127553,0.0
2023-09-18,18910,19470,18770,19300,157359,0.016324381253291165
2023-09-19,19400,19410,18500,18590,155029,-0.03678756476683942
2023-09-20,18660,18790,18150,18480,141351,-0.00591715976331364
2023-09-21,18420,18510,17860,17980,110572,-0.02705627705627711
2023-09-22,17800,18350,17710,18050,112712,0.0038932146829810943
2023-09-25,18060,18970,18060,18800,210407,0.04155124653739617
2023-09-26,18800,18800,17840,17920,134777,-0.04680851063829783
2023-09-27,17730,18160,17710,17950,59735,0.0016741071428572063
2023-10-04,17820,17820,17110,17240,119952,-0.0395543175487465
2023-10-05,17270,17490,16590,16900,84194,-0.019721577726218076
2023-10-06,16710,17000,16590,16890,62565,-0.0005917159763313418
2023-10-10,16890,17060,16620,16870,74318,-0.001184132622853773
2023-10-11,16890,17280,16880,17210,48116,0.020154119739181908
2023-10-12,17210,17490,17070,17480,37632,0.01568855316676343
2023-10-13,17480,17480,17150,17220,33256,-0.014874141876430214
2023-10-16,17000,17150,16780,16900,36067,-0.018583042973286834
2023-10-17,17130,17440,17130,17250,24551,0.020710059171597628
2023-10-18,17120,17520,17120,17200,33311,-0.0028985507246376274
2023-10-19,17020,17240,16960,17040,98310,-0.009302325581395321
2023-10-20,16870,16990,16400,16660,72270,-0.02230046948356812
2023-10-23,16660,16850,16520,16590,17513,-0.004201680672268893
2023-10-24,16600,16910,16400,16800,34852,0.012658227848101333
2023-10-25,16930,17590,16800,17350,61655,0.032738095238095344
2023-10-26,17190,17190,16820,16830,31691,-0.029971181556195936
2023-10-27,17170,17220,16560,16720,31118,-0.006535947712418277
2023-10-30,16720,17170,16630,17170,19459,0.026913875598086223
2023-10-31,17250,17340,16850,16960,31382,-0.012230634828188647
2023-11-01,17010,17380,16900,17260,32353,0.017688679245283057
2023-11-02,17440,17440,17000,17250,38561,-0.0005793742757821407
2023-11-03,17250,17570,17150,17330,25611,0.004637681159420204
2023-11-06,17360,17540,17130,17450,119123,0.006924408540103899
2023-11-07,17450,17590,17070,17420,62292,-0.0017191977077364307
2023-11-08,17550,17590,17180,17200,35736,-0.012629161882893203
2023-11-09,17200,17360,17180,17270,58376,0.0040697674418603835
2023-11-10,17250,17250,16820,17200,37763,-0.004053271569195105
2023-11-13,17210,17300,17100,17100,28629,-0.005813953488372103
2023-11-14,17100,17270,17020,17190,24966,0.0052631578947368585
2023-11-15,17050,17380,17030,17330,43071,0.008144269924374559
2023-11-16,17300,17320,17160,17220,17967,-0.006347374495095259
2023-11-17,17250,17250,16980,17000,40278,-0.012775842044134733
2023-11-20,17000,17030,16920,16970,16039,-0.0017647058823528905
2023-11-21,17020,17050,16830,16900,40870,-0.004124926340601021
2023-11-22,16850,16990,16760,16980,29424,0.004733727810650956
2023-11-23,17010,17020,16740,16800,53894,-0.010600706713780883
2023-11-24,16800,16800,16730,16750,10567,-0.0029761904761904656
2023-11-27,16780,16780,16560,16590,31366,-0.009552238805970115
2023-11-28,16530,16700,16370,16550,37284,-0.0024110910186859735
2023-11-29,16590,16600,16250,16500,44625,-0.0030211480362537513
2023-11-30,16500,16520,16200,16280,86602,-0.013333333333333308
2023-12-01,16260,16400,16190,16350,21409,0.004299754299754266
2023-12-04,16360,16580,16230,16510,36638,0.009785932721712465
2023-12-05,16510,16560,16410,16500,17286,-0.0006056935190793533
2023-12-06,16400,16510,16400,16460,15690,-0.00242424242424244
2023-12-07,16360,16490,16320,16420,29914,-0.002430133657351119
2023-12-08,16470,16470,16250,16340,36691,-0.00487210718635811
2023-12-11,16340,16630,16270,16520,32023,0.01101591187270512
2023-12-12,16530,16820,16480,16720,42157,0.012106537530266248
2023-12-13,16850,16850,16570,16650,17043,-0.004186602870813405
2023-12-14,16760,16760,16550,16650,24344,0.0
2023-12-15,16640,17000,16560,17000,69709,0.021021021021021102
2023-12-18,17000,17000,16780,16890,18879,-0.006470588235294117
2023-12-19,16930,16930,16770,16860,17561,-0.001776198934280604
2023-12-20,16900,16970,16790,16890,17988,0.001779359430605032
2023-12-21,16820,16890,16770,16770,16937,-0.007104795737122527
2023-12-22,16780,16900,16770,16780,14377,0.0005963029218842841
2023-12-26,16800,16950,16750,16920,56146,0.008343265792610355
2023-12-27,16560,16610,16340,16380,54630,-0.03191489361702127
2023-12-28,16380,16490,16340,16380,19106,0.0
2024-01-02,16400,16450,16280,16300,23247,-0.004884004884004867
2024-01-03,16200,16300,15910,15920,46801,-0.0233128834355828
2024-01-04,16070,16070,15860,15890,21775,-0.0018844221105527303
2024-01-05,16000,16000,15830,15830,13789,-0.0037759597230963005
2024-01-08,15760,15920,15700,15740,17894,-0.005685407454200875
2024-01-09,15790,15790,15700,15730,15715,-0.0006353240152477957
2024-01-10,15730,15840,15640,15820,26260,0.005721551176096629
2024-01-11,15820,15890,15710,15760,24839,-0.0037926675094817064
2024-01-12,15770,15880,15710,15800,18502,0.002538071065989911
2024-01-15,15870,15910,15740,15800,10609,0.0
2024-01-16,15850,15850,15670,15690,11910,-0.006962025316455733
2024-01-17,15690,15770,15460,15490,27304,-0.01274697259400892
2024-01-18,15500,15590,15420,15450,20314,-0.002582311168495832
2024-01-19,15650,15650,15470,15570,15249,0.007766990291262044
2024-01-22,15670,15670,15530,15580,17928,0.0006422607578677741
2024-01-23,15690,15690,15450,15580,18435,0.0
2024-01-24,15600,15610,15350,15480,24952,-0.006418485237484006
2024-01-25,15480,15500,15290,15440,32064,-0.0025839793281653423
2024-01-26,15440,15590,15410,15550,12338,0.007124352331606243
2024-01-29,15580,15670,15450,15630,20777,0.005144694533762095
2024-01-30,15690,15760,15620,15740,11523,0.00703774792066536
2024-01-31,15740,15870,15700,15840,17991,0.006353240152477735
2024-02-01,15750,16650,15730,16530,141834,0.043560606060605966
2024-02-02,16700,16900,16400,16790,79648,0.015728977616454864
2024-02-05,16760,17000,16560,16740,46789,-0.0029779630732579276
2024-02-06,16610,16750,16020,16120,57917,-0.03703703703703709
2024-02-07,16180,16580,16110,16490,37288,0.0229528535980148
2024-02-08,16330,16600,16320,16570,18842,0.004851425106124907
2024-02-13,16650,16810,16490,16550,26903,-0.001207000603500319
2024-02-14,16360,16530,16270,16440,14754,-0.006646525679758319
2024-02-15,16440,16440,16100,16210,22485,-0.013990267639902632
2024-02-16,16200,16530,16150,16500,30525,0.017890191239975373
2024-02-19,16500,16940,16500,16800,50357,0.018181818181818077
2024-02-20,16990,17100,16620,16830,45010,0.0017857142857142794
2024-02-21,16830,16930,16550,16710,17796,-0.007130124777183555
2024-02-22,16590,16760,16540,16670,20383,-0.002393776181927043
2024-02-23,16820,16820,16570,16660,21394,-0.0005998800239952473
2024-02-26,16660,16840,16400,16450,23226,-0.012605042016806678
2024-02-27,16300,16780,16250,16290,28036,-0.009726443768997006
2024-02-28,16290,16550,16200,16410,28718,0.007366482504604033
2024-02-29,16410,16910,16300,16400,42441,-0.0006093845216331717
2024-03-04,16520,16770,16500,16600,27033,0.012195121951219523
2024-03-05,16600,16840,16550,16800,44422,0.012048192771084265
2024-03-06,16610,16820,16580,16650,19270,-0.008928571428571397
2024-03-07,16630,16680,16440,16440,26134,-0.012612612612612595
2024-03-08,16440,16650,16360,16530,26485,0.005474452554744547
2024-03-11,16750,16750,16530,16730,21714,0.012099213551119092
2024-03-12,16860,18290,16750,18260,284373,0.0914524805738195
2024-03-13,18430,18440,17710,18100,99616,-0.008762322015334112
2024-03-14,17900,18420,17900,18080,91419,-0.0011049723756906271
2024-03-15,18100,18460,17910,18150,104535,0.0038716814159291957
2024-03-18,18150,18450,17920,18290,34130,0.007713498622589521
2024-03-19,18360,18500,18050,18380,48403,0.004920721705850228
2024-03-20,18640,19000,18550,18920,126613,0.029379760609357986
2024-03-21,18930,18970,18270,18580,59783,-0.017970401691331905
2024-03-22,18570,18610,18200,18560,37794,-0.0010764262648008671
2024-03-25,18560,18560,18000,18260,42587,-0.016163793103448287
2024-03-26,18350,18450,18260,18430,49756,0.009309967141292397
2024-03-27,18430,18640,18280,18450,45268,0.0010851871947910041
2024-03-28,18450,18500,18040,18400,49338,-0.0027100271002710175
2024-03-29,18400,18400,18000,18030,35360,-0.02010869565217388
2024-04-01,18030,18190,17930,18060,28107,0.0016638935108153063
2024-04-02,17950,18070,17750,17950,35273,-0.006090808416389759
2024-04-03,17770,18190,17680,18180,33037,0.012813370473537589
2024-04-04,18020,18150,17720,17890,11357,-0.01595159515951594
2024-04-05,17900,18130,17250,17560,43481,-0.018446059250978197
2024-04-08,17560,18050,17560,17990,46473,0.024487471526195792
2024-04-09,18000,18000,17670,17670,16244,-0.017787659811006162
2024-04-11,17670,18050,17510,17800,34749,0.007357102433503071
2024-04-12,17800,17930,17670,17800,22410,0.0
2024-04-15,17700,18150,17500,18040,38422,0.01348314606741563
2024-04-16,17800,18300,17800,18300,62013,0.014412416851441234
2024-04-17,18300,18830,18250,18650,87460,0.0191256830601092
2024-04-18,18550,18690,18110,18320,36651,-0.017694369973190294
2024-04-19,18320,18610,18210,18530,39785,0.011462882096069826
2024-04-22,18630,18770,18530,18670,29623,0.007555315704263377
2024-04-23,18670,19140,18650,18980,70374,0.016604177825388255
2024-04-24,19100,19120,18730,19090,32083,0.005795574288725014
2024-04-25,19090,19630,19050,19600,92666,0.02671555788370883
2024-04-26,19700,19720,19400,19540,44815,-0.003061224489795955
2024-04-29,19500,19570,19140,19550,31629,0.0005117707267143778
2024-04-30,19590,19750,19310,19620,18918,0.003580562659846631
2024-05-02,19500,20100,19400,19950,54756,0.01681957186544336
2024-05-03,19710,19990,19710,19900,16995,-0.0025062656641604564
2024-05-07,19950,20150,19810,20050,32591,0.007537688442211143
2024-05-08,19990,20250,19900,20150,15935,0.004987531172069737
2024-05-09,20100,20350,19980,20250,27966,0.00496277915632759
2024-05-10,20300,20400,20100,20250,39605,0.0
2024-05-13,20100,21100,20050,20800,63878,0.02716049382716057
2024-05-14,20600,21150,20600,21050,25248,0.012019230769230838
2024-05-16,21150,21500,20950,21500,38899,0.0213776722090262
2024-05-17,21100,21450,20600,21350,43301,-0.006976744186046546
2024-05-20,21350,21550,21100,21450,24059,0.004683840749414525
2024-05-21,21450,21600,21050,21350,32864,-0.004662004662004615
2024-05-22,21200,21700,21100,21500,25785,0.007025761124121788
2024-05-23,21450,21600,20750,20800,61263,-0.032558139534883734
2024-05-24,20650,21250,20650,21150,18936,0.016826923076923128
2024-05-27,21000,21050,20200,20750,44630,-0.01891252955082745
2024-05-28,20550,20950,20100,20900,23522,0.0072289156626506035
2024-05-29,20900,21950,20700,21150,35517,0.011961722488038173
2024-05-30,21100,21550,21000,21350,19514,0.009456264775413725
2024-05-31,21300,21500,21150,21400,23102,0.0023419203747072626
2024-06-03,21400,21750,21300,21750,15415,0.016355140186915973
2024-06-04,21750,21850,21500,21600,32037,-0.006896551724137945
2024-06-05,21600,21900,21400,21650,9201,0.0023148148148148806
2024-06-07,21650,22050,21550,21900,19213,0.011547344110854452
2024-06-10,21900,22100,21600,21900,16064,0.0
2024-06-11,22050,22300,21750,21900,21394,0.0
2024-06-12,21900,22000,21700,22000,12024,0.004566210045662045
2024-06-13,21950,22000,21700,21700,11436,-0.013636363636363669
2024-06-14,21700,22050,21150,21800,57771,0.004608294930875667
2024-06-17,21800,21800,21100,21550,19084,-0.011467889908256867
2024-06-18,21450,21700,21450,21650,24320,0.004640371229698292
2024-06-19,21650,21750,20850,21400,30710,-0.011547344110854452
2024-06-20,21350,21450,21100,21400,14227,0.0
2024-06-21,21400,21700,21250,21700,17572,0.014018691588784993
2024-06-24,21650,21750,21450,21600,7588,-0.004608294930875556
2024-06-25,21550,22000,21400,21750,22180,0.00694444444444442
2024-06-26,21750,21950,21700,21900,9922,0.006896551724137945
2024-06-27,22050,22400,21900,22200,17856,0.013698630136986356
2024-06-28,22150,22300,21900,22200,10959,0.0
2024-07-01,22150,22150,21450,21650,11137,-0.024774774774774744
2024-07-02,21650,22000,21400,21950,16331,0.01385681293302543
2024-07-03,21950,22150,21750,21900,14643,-0.002277904328018221
2024-07-04,21900,21950,21700,21900,7315,0.0
2024-07-05,21900,21950,21750,21900,9900,0.0
2024-07-08,21900,22050,21800,22000,19975,0.004566210045662045
2024-07-09,22000,22000,21700,21850,5292,-0.006818181818181834
2024-07-10,21850,21850,21550,21650,8204,-0.009153318077803174
2024-07-11,21650,21800,21350,21800,32958,0.006928406466512715
2024-07-12,21800,22050,21400,22000,7300,0.00917431192660545
2024-07-15,22050,23000,21950,22750,46490,0.03409090909090917
2024-07-16,22750,23200,22750,23100,33782,0.01538461538461533
2024-07-17,23100,23400,21700,22950,24586,-0.00649350649350644
2024-07-18,22900,22950,22400,22850,39833,-0.004357298474945481
2024-07-19,22850,22850,22000,22150,13367,-0.03063457330415753
2024-07-22,22150,22200,21650,22000,13146,-0.006772009029345383
2024-07-23,22150,22150,21800,22050,9601,0.002272727272727204
2024-07-24,22050,22700,21850,22550,12061,0.0226757369614512
2024-07-25,22550,22700,22200,22600,9726,0.0022172949002217113
2024-07-26,22750,22900,22150,22300,10407,-0.013274336283185861
2024-07-29,22050,22250,21500,22000,8428,-0.013452914798206317
2024-07-30,21950,22150,21950,22000,9572,0.0
2024-07-31,22050,22150,21850,22100,10044,0.00454545454545463
2024-08-01,22100,22350,22050,22250,8834,0.006787330316742057
2024-08-02,22100,22100,20900,21200,62428,-0.04719101123595504
2024-08-05,20650,21050,19960,20150,70632,-0.04952830188679247
2024-08-06,20100,21550,20100,20900,13573,0.037220843672456594
2024-08-07,20900,21200,20750,21000,10903,0.004784688995215225
2024-08-08,20950,21600,20850,21450,11074,0.021428571428571352
2024-08-09,21550,21750,21450,21600,6266,0.006993006993007089
2024-08-12,21600,22150,21550,22000,24279,0.0185185185185186
2024-08-13,22150,22150,21700,21750,14454,-0.011363636363636354
2024-08-14,21850,21900,21600,21700,10038,-0.0022988505747126853
2024-08-16,21800,21950,21200,21850,30232,0.00691244239631339
2024-08-19,21800,22150,21700,22000,7715,0.006864988558352492
2024-08-20,22000,22250,22000,22150,6734,0.006818181818181834
2024-08-21,22000,22200,21900,22050,4911,-0.004514672686230292
2024-08-22,22050,22200,21850,22000,13447,-0.0022675736961451642
2024-08-23,21900,22150,21900,22000,3944,0.0
2024-08-26,22000,22050,21850,22000,15527,0.0
2024-08-27,22100,22450,21950,22300,13445,0.013636363636363669
2024-08-28,22500,22600,22200,22600,27277,0.013452914798206317
2024-08-29,22600,24000,22350,23900,60654,0.05752212389380529
2024-08-30,24000,24000,23000,23200,29200,-0.029288702928870314
2024-09-02,23200,24000,23050,23400,21985,0.008620689655172376
2024-09-03,23400,25000,23300,24700,59765,0.05555555555555558
2024-09-04,24650,24700,24000,24650,39321,-0.002024291497975672
2024-09-05,24650,25450,24400,24950,40675,0.012170385395537497
2024-09-06,24700,24950,24200,24600,21030,-0.014028056112224463
2024-09-09,24900,24900,23650,24550,28733,-0.002032520325203291
2024-09-10,24550,24550,23400,23400,16921,-0.046843177189409335
2024-09-11,23200,23400,22600,23000,20252,-0.017094017094017144
2024-09-12,22950,23000,22500,22800,15428,-0.008695652173912993
2024-09-13,22800,23900,22800,23850,19460,0.046052631578947345
2024-09-19,23600,23800,23350,23450,4666,-0.016771488469601636
2024-09-20,23250,23500,23050,23300,14346,-0.006396588486140775
2024-09-23,23300,23450,22900,23000,11769,-0.012875536480686733
2024-09-24,23450,23450,22950,23300,6585,0.01304347826086949
2024-09-25,23450,23450,22750,23000,15898,-0.012875536480686733
2024-09-26,23000,23300,22700,23200,6981,0.008695652173912993
2024-09-27,23200,23500,23150,23200,4742,0.0
2024-09-30,23200,23550,22800,22850,4702,-0.015086206896551713
2024-10-02,22800,23050,22600,23000,9386,0.006564551422319376
2024-10-04,23300,23500,23100,23450,10363,0.019565217391304346
2024-10-07,23550,23550,23100,23400,8912,-0.002132196162046962
2024-10-08,23400,23400,22700,22700,14108,-0.02991452991452992
2024-10-10,22900,23100,22700,22800,14057,0.004405286343612369
2024-10-11,22850,23600,22800,23500,11691,0.030701754385964897
2024-10-14,23500,23550,22850,23300,8637,-0.008510638297872353
2024-10-15,23450,23450,22750,22900,11425,-0.01716738197424894
2024-10-16,22900,23000,22700,22750,5706,-0.0065502183406113135
2024-10-17,22750,23200,22700,22900,2734,0.00659340659340657
2024-10-18,23250,23650,22950,23250,20082,0.015283842794759916
2024-10-21,23250,23350,22950,23200,13673,-0.0021505376344086446
2024-10-22,23450,23750,22900,23700,26786,0.02155172413793105
2024-10-23,23650,25200,23500,24750,36238,0.044303797468354444
2024-10-24,24600,25000,24250,24700,11488,-0.002020202020202033
2024-10-25,24700,24750,23700,24200,9951,-0.020242914979757054
2024-10-28,24200,24250,23700,24050,4525,-0.006198347107438051
2024-10-29,23800,24600,23600,24500,8492,0.018711018711018657
2024-10-30,24650,24650,23650,23950,8858,-0.022448979591836782
2024-10-31,23900,24400,23500,24400,8366,0.018789144050104456
2024-11-01,24450,24450,23750,24000,8582,-0.016393442622950838
2024-11-04,24000,24000,23150,23250,10716,-0.03125
2024-11-05,23250,23800,23150,23650,8761,0.017204301075268713
2024-11-06,23650,24000,23100,23400,5770,-0.010570824524312905
2024-11-07,23450,23450,23050,23200,4729,-0.008547008547008517
2024-11-08,23300,23400,22800,23300,14591,0.004310344827586299
2024-11-11,23300,23300,22400,23100,7185,-0.008583690987124415
2024-11-12,23100,23100,22650,22800,12516,-0.012987012987012991
2024-11-13,22800,22950,22400,22800,11993,0.0
2024-11-14,22950,23000,21550,22950,15500,0.006578947368421018
2024-11-15,22950,23000,22550,22650,9904,-0.013071895424836555
2024-11-18,22600,23200,22600,22700,12650,0.002207505518763808
2024-11-19,22700,23200,22500,22700,14629,0.0
2024-11-20,22700,23000,22700,22800,17628,0.004405286343612369
2024-11-21,22800,23000,22550,22600,8837,-0.00877192982456143
2024-11-22,22600,23000,22250,22900,8065,0.01327433628318575
2024-11-25,23050,23250,22650,23250,5644,0.015283842794759916
