Date,Open,High,Low,Close,Volume,Change
2022-01-03,3325,3370,3260,3300,114207,-0.007518796992481258
2022-01-04,3300,3360,3285,3315,79171,0.00454545454545463
2022-01-05,3425,3445,3325,3360,202973,0.013574660633484115
2022-01-06,3360,3360,3270,3310,96826,-0.014880952380952328
2022-01-07,3310,3485,3310,3455,311462,0.04380664652567967
2022-01-10,3455,3455,3325,3345,168326,-0.03183791606367581
2022-01-11,3345,3385,3270,3275,137492,-0.020926756352765308
2022-01-12,3285,3330,3280,3285,130840,0.003053435114503733
2022-01-13,3290,3305,3200,3210,118543,-0.022831050228310557
2022-01-14,3215,3220,3120,3120,135147,-0.028037383177570097
2022-01-17,3150,3255,3060,3100,132240,-0.0064102564102563875
2022-01-18,3055,3105,2960,2970,196850,-0.041935483870967794
2022-01-19,2965,3045,2910,2935,172629,-0.011784511784511786
2022-01-20,2935,3145,2935,3100,286240,0.05621805792163537
2022-01-21,3115,3125,3050,3100,66987,0.0
2022-01-24,3085,3085,2850,2900,221730,-0.06451612903225812
2022-01-25,2850,2915,2670,2700,447677,-0.06896551724137934
2022-01-26,2650,2795,2650,2730,163925,0.011111111111111072
2022-01-27,2675,2730,2530,2530,312318,-0.07326007326007322
2022-01-28,2530,3035,2530,2740,1191776,0.08300395256916993
2022-02-03,2790,3060,2790,2930,1469299,0.06934306569343063
2022-02-04,2875,2965,2850,2935,194493,0.0017064846416381396
2022-02-07,2925,2955,2880,2900,126205,-0.011925042589437829
2022-02-08,2880,2940,2875,2885,122396,-0.005172413793103403
2022-02-09,2960,2960,2885,2920,66765,0.0121317157712304
2022-02-10,2910,3000,2910,2950,117746,0.010273972602739656
2022-02-11,2950,2965,2900,2945,42017,-0.0016949152542372614
2022-02-14,2880,2940,2760,2765,190638,-0.06112054329371819
2022-02-15,2720,2920,2720,2810,173168,0.016274864376130127
2022-02-16,2820,3185,2820,3035,1040084,0.08007117437722422
2022-02-17,3015,3080,2960,3025,217711,-0.0032948929159802853
2022-02-18,2990,3025,2960,2990,125236,-0.011570247933884281
2022-02-21,2990,3150,2960,3150,484697,0.05351170568561869
2022-02-22,3005,3145,3000,3095,163319,-0.01746031746031751
2022-02-23,3115,3135,3035,3095,193360,0.0
2022-02-24,3090,3095,2910,2925,156778,-0.0549273021001615
2022-02-25,2955,3070,2865,2990,120789,0.022222222222222143
2022-02-28,2950,3085,2950,3070,143081,0.026755852842809347
2022-03-02,3040,3200,3015,3200,348905,0.04234527687296419
2022-03-03,3200,3245,3175,3245,221081,0.014062500000000089
2022-03-04,3235,3275,3180,3250,154415,0.0015408320493066618
2022-03-07,3240,3240,3140,3160,111961,-0.027692307692307683
2022-03-08,3060,3155,3050,3090,87658,-0.022151898734177222
2022-03-10,3105,3215,3105,3190,128473,0.032362459546925626
2022-03-11,3180,3205,3130,3200,123242,0.0031347962382444194
2022-03-14,3200,3255,3150,3170,165570,-0.009375000000000022
2022-03-15,3200,3225,3145,3165,54879,-0.001577287066246047
2022-03-16,3185,3230,3160,3185,148340,0.006319115323854652
2022-03-17,3185,3325,3180,3290,256418,0.03296703296703307
2022-03-18,3330,3330,3250,3255,165159,-0.010638297872340385
2022-03-21,3255,3290,3225,3255,213146,0.0
2022-03-22,3255,3280,3215,3250,123250,-0.001536098310291889
2022-03-23,3255,3290,3200,3215,251511,-0.010769230769230753
2022-03-24,3200,3255,3190,3205,209661,-0.0031104199066873672
2022-03-25,3215,3245,3180,3220,273310,0.004680187207488196
2022-03-28,3220,3300,3190,3225,213765,0.0015527950310558758
2022-03-29,3220,3320,3215,3300,371170,0.023255813953488413
2022-03-30,3335,3795,3330,3690,4278899,0.11818181818181817
2022-03-31,3665,3740,3510,3510,871597,-0.04878048780487809
2022-04-01,3675,3795,3555,3625,979306,0.03276353276353272
2022-04-04,3650,3730,3585,3645,470710,0.0055172413793103114
2022-04-05,3680,3765,3605,3625,720201,-0.005486968449931462
2022-04-06,3645,3645,3560,3590,189679,-0.0096551724137931
2022-04-07,3565,3610,3535,3535,231827,-0.01532033426183843
2022-04-08,3485,3560,3415,3475,231906,-0.016973125884017004
2022-04-11,3475,3475,3350,3395,233282,-0.02302158273381294
2022-04-12,3415,3670,3290,3570,462215,0.05154639175257736
2022-04-13,3600,3625,3415,3465,367314,-0.02941176470588236
2022-04-14,3470,3495,3395,3410,175252,-0.015873015873015928
2022-04-15,3370,3410,3355,3385,157499,-0.007331378299120228
2022-04-18,3380,3430,3350,3430,151341,0.013293943870014813
2022-04-19,3450,3485,3430,3440,85850,0.00291545189504383
2022-04-20,3445,3460,3405,3440,96182,0.0
2022-04-21,3415,3565,3380,3525,364293,0.024709302325581328
2022-04-22,3500,3530,3400,3435,235977,-0.025531914893617058
2022-04-25,3400,3400,3315,3330,215872,-0.03056768558951961
2022-04-26,3335,3360,3285,3310,160723,-0.006006006006005982
2022-04-27,3260,3310,3205,3250,229769,-0.01812688821752262
2022-04-28,3245,3280,3210,3220,110438,-0.009230769230769265
2022-04-29,3210,3255,3200,3240,92125,0.006211180124223503
2022-05-02,3200,3275,3200,3250,69707,0.0030864197530864335
2022-05-03,3250,3265,3235,3250,82578,0.0
2022-05-04,3250,3250,3220,3220,130339,-0.009230769230769265
2022-05-06,3185,3215,3120,3155,162886,-0.02018633540372672
2022-05-09,3100,3135,3015,3020,129737,-0.0427892234548336
2022-05-10,2940,3110,2900,3070,308786,0.01655629139072845
2022-05-11,3070,3085,3020,3070,61251,0.0
2022-05-12,3010,3045,2915,2960,160246,-0.03583061889250816
2022-05-13,2960,3015,2910,2990,72085,0.010135135135135087
2022-05-16,2995,3080,2990,3020,100578,0.010033444816053505
2022-05-17,3020,3480,2950,3070,3464672,0.01655629139072845
2022-05-18,3110,3230,3085,3140,455257,0.0228013029315961
2022-05-19,3085,3140,3070,3130,193365,-0.0031847133757961776
2022-05-20,3190,3980,3110,3490,19405093,0.11501597444089451
2022-05-23,3510,3575,3330,3355,3260046,-0.0386819484240688
2022-05-24,3365,3685,3285,3415,12076738,0.017883755588673722
2022-05-25,3350,3390,3230,3275,1375051,-0.040995607613469986
2022-05-26,3245,3295,3120,3150,1082832,-0.03816793893129766
2022-05-27,3190,3275,3155,3275,748691,0.039682539682539764
2022-05-30,3300,3625,3255,3370,5350117,0.02900763358778624
2022-05-31,3395,3415,3330,3350,1053042,-0.005934718100890191
2022-06-02,3390,3390,3260,3315,622577,-0.010447761194029903
2022-06-03,3290,3345,3290,3340,496456,0.007541478129713397
2022-06-07,3340,3340,3230,3250,381296,-0.026946107784431184
2022-06-08,3250,3315,3225,3250,302481,0.0
2022-06-09,3245,3250,3150,3155,424304,-0.029230769230769282
2022-06-10,3150,3370,3135,3195,1452172,0.01267828843106189
2022-06-13,3085,3135,2990,3000,493079,-0.06103286384976525
2022-06-14,2860,2985,2860,2895,483227,-0.03500000000000003
2022-06-15,2880,2925,2750,2815,370354,-0.02763385146804831
2022-06-16,2815,2910,2800,2805,308112,-0.003552397868561319
2022-06-17,2730,2835,2670,2795,340526,-0.0035650623885917776
2022-06-20,2855,3220,2835,2980,3470855,0.06618962432915931
2022-06-21,2980,3150,2900,2925,711761,-0.01845637583892612
2022-06-22,2920,3205,2915,2940,2672430,0.00512820512820511
2022-06-23,2940,3085,2840,2840,1091472,-0.03401360544217691
2022-06-24,2780,2910,2780,2845,351678,0.0017605633802817433
2022-06-27,2875,3060,2875,3010,1279405,0.05799648506151134
2022-06-28,2970,3165,2940,3065,2371710,0.0182724252491695
2022-06-29,3370,3590,3160,3230,13970435,0.0538336052202284
2022-06-30,3330,3550,3105,3105,19170307,-0.03869969040247678
2022-07-01,3045,3225,2900,2920,2456593,-0.05958132045088571
2022-07-04,2900,2950,2755,2755,1243800,-0.05650684931506844
2022-07-05,2775,3365,2765,3055,17987020,0.1088929219600725
2022-07-06,3020,3110,2960,2980,2022629,-0.02454991816693941
2022-07-07,2980,3005,2915,2925,988564,-0.01845637583892612
2022-07-08,2955,2980,2845,2885,1087639,-0.013675213675213627
2022-07-11,2910,2930,2845,2885,590554,0.0
2022-07-12,2880,2880,2785,2840,918308,-0.01559792027729634
2022-07-13,2840,2895,2835,2845,407417,0.0017605633802817433
2022-07-14,2825,2900,2825,2880,331109,0.012302284710017597
2022-07-15,2875,2890,2830,2885,327442,0.0017361111111111605
2022-07-18,2900,3030,2900,2935,763749,0.017331022530329365
2022-07-19,2930,2980,2885,2960,541225,0.008517887563884052
2022-07-20,3085,3110,2980,2990,1287435,0.010135135135135087
2022-07-21,3030,3105,2985,3025,922052,0.0117056856187292
2022-07-22,3025,3120,3010,3080,1254779,0.018181818181818077
2022-07-25,3050,3135,2970,3000,1180805,-0.025974025974025983
2022-07-26,2995,3020,2955,3015,368602,0.004999999999999893
2022-07-27,3015,3045,2955,3005,229741,-0.0033167495854062867
2022-07-28,3035,3075,2990,3010,487896,0.0016638935108153063
2022-07-29,3010,3025,2980,2995,265976,-0.004983388704318914
2022-08-01,2995,3030,2980,3025,222992,0.01001669449081799
2022-08-02,3025,3070,2990,3000,272145,-0.008264462809917328
2022-08-03,3000,3035,2985,2995,225583,-0.0016666666666667052
2022-08-04,3005,3075,3005,3035,433150,0.013355592654423987
2022-08-05,3040,3055,2995,3000,296113,-0.011532125205930832
2022-08-08,3015,3095,2960,2960,954529,-0.013333333333333308
2022-08-09,2940,2955,2870,2900,455248,-0.020270270270270285
2022-08-10,2845,2935,2840,2870,375526,-0.010344827586206917
2022-08-11,2910,2930,2880,2905,252092,0.012195121951219523
2022-08-12,2915,2930,2880,2885,228869,-0.0068846815834767705
2022-08-16,2900,2930,2880,2915,228635,0.010398613518197486
2022-08-17,2890,3035,2880,2915,927782,0.0
2022-08-18,2910,2930,2885,2890,182857,-0.00857632933104635
2022-08-19,2900,3000,2880,2885,711816,-0.0017301038062284002
2022-08-22,2825,2880,2820,2840,287370,-0.01559792027729634
2022-08-23,2775,2830,2770,2785,273518,-0.01936619718309862
2022-08-24,2760,2825,2760,2780,163737,-0.0017953321364452268
2022-08-25,2770,2805,2760,2770,157113,-0.003597122302158251
2022-08-26,2775,2845,2765,2770,195388,0.0
2022-08-29,2700,2725,2650,2700,262665,-0.02527075812274371
2022-08-30,2700,2965,2700,2775,1302042,0.02777777777777768
2022-08-31,2755,2805,2730,2770,216526,-0.0018018018018017834
2022-09-01,2770,2795,2750,2760,196543,-0.0036101083032491488
2022-09-02,2740,2790,2740,2780,156327,0.007246376811594235
2022-09-05,2755,2785,2755,2755,143567,-0.008992805755395739
2022-09-06,2745,2810,2745,2790,152556,0.012704174228675091
2022-09-07,2760,2795,2745,2760,126443,-0.010752688172043001
2022-09-08,2770,2855,2770,2840,353074,0.02898550724637672
2022-09-13,2845,2875,2820,2830,169910,-0.0035211267605633756
2022-09-14,2770,2975,2740,2880,1189890,0.0176678445229681
2022-09-15,2890,2910,2840,2865,324890,-0.00520833333333337
2022-09-16,2830,2890,2830,2860,208684,-0.0017452006980802626
2022-09-19,2865,3060,2820,2830,1292758,-0.010489510489510523
2022-09-20,2835,2890,2835,2890,339071,0.021201413427561766
2022-09-21,2940,3050,2795,2815,1399260,-0.02595155709342556
2022-09-22,2845,2880,2745,2775,371213,-0.014209591474245165
2022-09-23,2750,3000,2750,2825,1459395,0.018018018018018056
2022-09-26,2795,2795,2520,2585,638787,-0.08495575221238938
2022-09-27,2520,2645,2405,2440,535646,-0.05609284332688591
2022-09-28,2420,2445,2180,2280,665365,-0.06557377049180324
2022-09-29,2290,2360,2245,2245,316925,-0.015350877192982448
2022-09-30,2110,2280,2105,2215,385125,-0.013363028953229383
2022-10-04,2225,2345,2225,2340,343103,0.05643340857787815
2022-10-05,2365,2650,2300,2400,1411220,0.02564102564102555
2022-10-06,2380,2570,2355,2425,919137,0.01041666666666674
2022-10-07,2380,2415,2360,2390,211205,-0.014432989690721598
2022-10-11,2390,2390,2265,2285,267408,-0.043933054393305415
2022-10-12,2230,2295,2210,2215,258495,-0.03063457330415753
2022-10-13,2240,2240,2080,2080,239539,-0.060948081264108334
2022-10-14,2100,2270,2100,2270,265774,0.09134615384615374
2022-10-17,2215,2335,2210,2325,118855,0.02422907488986792
2022-10-18,2340,2425,2335,2400,184638,0.032258064516129004
2022-10-19,2415,2420,2360,2375,115678,-0.01041666666666663
2022-10-20,2355,2385,2295,2320,84525,-0.023157894736842155
2022-10-21,2265,2330,2265,2300,91364,-0.008620689655172376
2022-10-24,2305,2440,2305,2345,158178,0.019565217391304346
2022-10-25,2320,2355,2300,2305,97246,-0.017057569296375252
2022-10-26,2295,2410,2295,2375,193128,0.030368763557483636
2022-10-27,2360,2580,2360,2410,966543,0.01473684210526316
2022-10-28,2410,2450,2375,2395,181062,-0.006224066390041472
2022-10-31,2375,2430,2375,2410,117499,0.006263048016701411
2022-11-01,2390,2470,2390,2435,178641,0.010373443983402453
2022-11-02,2435,2460,2405,2455,172593,0.008213552361396204
2022-11-03,2410,2455,2375,2405,147626,-0.020366598778004064
2022-11-04,2435,2450,2400,2445,100473,0.016632016632016633
2022-11-07,2460,2530,2425,2500,241873,0.02249488752556239
2022-11-08,2520,2665,2495,2535,437363,0.014000000000000012
2022-11-09,2540,2630,2540,2600,254484,0.02564102564102555
2022-11-10,2590,2900,2560,2795,2020586,0.07499999999999996
2022-11-11,2840,2875,2795,2825,621444,0.01073345259391778
2022-11-14,2840,2895,2825,2845,298403,0.0070796460176991705
2022-11-15,2845,2910,2830,2830,403090,-0.005272407732864637
2022-11-16,2850,2850,2760,2810,210896,-0.007067137809187329
2022-11-17,2810,2820,2700,2705,279827,-0.03736654804270467
2022-11-18,2705,2835,2690,2795,415124,0.03327171903881698
2022-11-21,2800,2800,2715,2725,241087,-0.025044722719141377
2022-11-22,2700,2725,2610,2625,169836,-0.03669724770642202
2022-11-23,2630,2670,2590,2610,167239,-0.005714285714285672
2022-11-24,2610,2635,2605,2610,121019,0.0
2022-11-25,2615,2625,2540,2540,234326,-0.026819923371647514
2022-11-28,2550,2550,2445,2505,145733,-0.013779527559055094
2022-11-29,2470,2525,2460,2495,158448,-0.003992015968063867
2022-11-30,2500,2515,2465,2480,91497,-0.006012024048096198
2022-12-01,2490,2525,2485,2500,107949,0.008064516129032251
2022-12-02,2500,2540,2480,2500,175219,0.0
2022-12-05,2500,2510,2445,2475,125649,-0.010000000000000009
2022-12-06,2475,2475,2375,2375,172927,-0.04040404040404044
2022-12-07,2375,2380,2310,2370,167884,-0.002105263157894721
2022-12-08,2350,2375,2280,2310,153700,-0.025316455696202556
2022-12-09,2320,2410,2315,2400,170638,0.03896103896103886
2022-12-12,2415,2460,2405,2440,132863,0.016666666666666607
2022-12-13,2460,2475,2410,2420,109963,-0.008196721311475419
2022-12-14,2420,2535,2415,2455,290027,0.01446280991735538
2022-12-15,2430,2465,2415,2435,107407,-0.008146639511201648
2022-12-16,2395,2415,2380,2380,97960,-0.022587268993839782
2022-12-19,2380,2380,2290,2315,135553,-0.027310924369747913
2022-12-20,2315,2425,2235,2235,280102,-0.03455723542116629
2022-12-21,2240,2255,2160,2195,193202,-0.017897091722595126
2022-12-22,2210,2250,2205,2220,87827,0.011389521640091216
2022-12-23,2215,2215,2170,2175,137778,-0.020270270270270285
2022-12-26,2155,2185,2115,2115,174515,-0.02758620689655178
2022-12-27,2085,2240,2085,2195,236910,0.0378250591016549
2022-12-28,2180,2200,2150,2165,67469,-0.013667425968109326
2022-12-29,2140,2210,2080,2095,193223,-0.0323325635103926
2023-01-02,2100,2125,1995,2020,300743,-0.03579952267303099
2023-01-03,2000,2045,1930,2010,316570,-0.004950495049504955
2023-01-04,2025,2140,2000,2125,217247,0.05721393034825861
2023-01-05,2130,2150,2100,2110,88408,-0.007058823529411784
2023-01-06,2110,2185,2075,2185,110979,0.035545023696682554
2023-01-09,2195,2270,2195,2240,167917,0.02517162471395884
2023-01-10,2240,2255,2225,2255,89487,0.006696428571428603
2023-01-11,2260,2285,2245,2250,79094,-0.0022172949002217113
2023-01-12,2250,2265,2230,2250,105930,0.0
2023-01-13,2230,2280,2230,2250,104800,0.0
2023-01-16,2250,2275,2235,2250,93681,0.0
2023-01-17,2240,2260,2170,2195,120672,-0.02444444444444449
2023-01-18,2195,2205,2175,2180,103560,-0.006833712984054663
2023-01-19,2175,2225,2165,2220,93925,0.0183486238532109
2023-01-20,2215,2245,2210,2235,54706,0.006756756756756799
2023-01-25,2240,2290,2235,2285,104079,0.02237136465324374
2023-01-26,2290,2300,2265,2275,89572,-0.004376367614879695
2023-01-27,2280,2295,2265,2285,67871,0.00439560439560438
2023-01-30,2285,2295,2265,2280,74818,-0.002188183807439792
2023-01-31,2280,2300,2245,2275,117581,-0.002192982456140302
2023-02-01,2270,2320,2270,2310,125580,0.01538461538461533
2023-02-02,2320,2345,2310,2325,190650,0.006493506493506551
2023-02-03,2335,2455,2335,2350,310406,0.010752688172043001
2023-02-06,2340,2345,2315,2325,64424,-0.010638297872340385
2023-02-07,2325,2360,2315,2355,133716,0.012903225806451646
2023-02-08,2360,2525,2330,2375,1440934,0.00849256900212314
2023-02-09,2355,2365,2325,2350,148888,-0.010526315789473717
2023-02-10,2325,2335,2255,2260,265713,-0.03829787234042559
2023-02-13,2265,2270,2180,2215,300234,-0.019911504424778736
2023-02-14,2205,2400,2205,2270,741404,0.02483069977426644
2023-02-15,2270,2350,2230,2230,809998,-0.017621145374449365
2023-02-16,2235,2300,2230,2235,341830,0.0022421524663676085
2023-02-17,2210,2300,2210,2265,204470,0.01342281879194629
2023-02-20,2265,2275,2220,2265,133734,0.0
2023-02-21,2245,2640,2230,2340,10300272,0.0331125827814569
2023-02-22,2325,2385,2315,2350,756580,0.004273504273504258
2023-02-23,2360,2365,2300,2315,337023,-0.014893617021276562
2023-02-24,2315,2330,2240,2240,382882,-0.03239740820734338
2023-02-27,2240,2240,2180,2200,196116,-0.017857142857142905
2023-02-28,2200,2255,2190,2210,237609,0.00454545454545463
2023-03-02,2210,2245,2200,2215,244757,0.002262443438914019
2023-03-03,2220,2265,2215,2255,150934,0.018058690744920947
2023-03-06,2275,2330,2260,2330,282152,0.03325942350332589
2023-03-07,2325,2335,2285,2320,214838,-0.0042918454935622075
2023-03-08,2295,2310,2190,2215,348026,-0.04525862068965514
2023-03-09,2220,2230,2170,2170,246531,-0.020316027088036148
2023-03-10,2160,2165,2075,2090,377665,-0.03686635944700456
2023-03-13,2060,2105,2040,2090,216588,0.0
2023-03-14,2080,2090,1985,1985,374773,-0.05023923444976075
2023-03-15,2015,2070,1996,1996,315061,0.005541561712846255
2023-03-16,1963,2020,1949,1993,238768,-0.0015030060120240218
2023-03-17,2035,2090,2020,2075,195223,0.04114400401404916
2023-03-20,2060,2130,2055,2090,129156,0.0072289156626506035
2023-03-21,2090,2130,2075,2095,103400,0.0023923444976077235
2023-03-22,2115,2115,2060,2090,172394,-0.0023866348448687846
2023-03-23,2085,2120,2055,2070,213237,-0.009569377990430672
2023-03-24,2050,2210,2050,2200,498469,0.06280193236714982
2023-03-27,2205,2220,2145,2210,302385,0.00454545454545463
2023-03-28,2210,2245,2195,2215,291969,0.002262443438914019
2023-03-29,2190,2290,2190,2260,450254,0.020316027088036037
2023-03-30,2285,2315,2275,2290,318642,0.01327433628318575
2023-03-31,2295,2310,2250,2285,192922,-0.0021834061135370675
2023-04-03,2290,2460,2270,2305,1743967,0.00875273522975939
2023-04-04,2305,2375,2305,2355,299585,0.021691973969631295
2023-04-05,2350,2385,2305,2345,198967,-0.00424628450106157
2023-04-06,2360,2360,2265,2290,196942,-0.023454157782516027
2023-04-07,2305,2410,2295,2400,634311,0.048034934497816595
2023-04-10,2395,2465,2300,2325,314665,-0.03125
2023-04-11,2315,2355,2290,2335,288204,0.004301075268817289
2023-04-12,2345,2375,2330,2355,236234,0.008565310492505418
2023-04-13,2340,2355,2280,2320,152801,-0.014861995753715496
2023-04-14,2320,2345,2300,2300,161727,-0.008620689655172376
2023-04-17,2330,2330,2290,2305,84533,0.0021739130434783593
2023-04-18,2310,2310,2240,2305,199666,0.0
2023-04-19,2290,2360,2270,2325,167706,0.008676789587852562
2023-04-20,2325,2345,2230,2285,217782,-0.017204301075268824
2023-04-21,2245,2275,2240,2240,126043,-0.01969365426695846
2023-04-24,2245,2270,2230,2240,128222,0.0
2023-04-25,2210,2260,2160,2220,234957,-0.008928571428571397
2023-04-26,2205,2225,2145,2170,134350,-0.022522522522522515
2023-04-27,2160,2170,2100,2125,140528,-0.020737327188940058
2023-04-28,2125,2145,2090,2090,134242,-0.016470588235294126
2023-05-02,2100,2200,2100,2195,144571,0.05023923444976086
2023-05-03,2195,2220,2175,2200,67412,0.002277904328018332
2023-05-04,2200,2200,2145,2180,68457,-0.009090909090909038
2023-05-08,2185,2220,2185,2210,64950,0.013761467889908285
2023-05-09,2205,2245,2200,2245,148153,0.015837104072398134
2023-05-10,2245,2255,2215,2245,79188,0.0
2023-05-11,2255,2305,2235,2265,134849,0.008908685968819663
2023-05-12,2265,2295,2245,2280,74545,0.0066225165562914245
2023-05-15,2270,2280,2225,2240,69534,-0.01754385964912286
2023-05-16,2240,2250,2185,2215,116835,-0.011160714285714302
2023-05-17,2215,2260,2200,2235,97747,0.009029345372460584
2023-05-18,2245,2290,2240,2275,133586,0.017897091722595126
2023-05-19,2300,2310,2275,2290,242755,0.00659340659340657
2023-05-22,2295,2335,2250,2315,156378,0.01091703056768556
2023-05-23,2300,2315,2260,2285,117084,-0.01295896328293733
2023-05-24,2280,2300,2255,2280,67101,-0.002188183807439792
2023-05-25,2260,2285,2235,2245,91789,-0.015350877192982448
2023-05-26,2245,2915,2230,2910,13590249,0.29621380846325174
2023-05-30,2805,3460,2570,3015,76952993,0.03608247422680422
2023-05-31,2995,3445,2935,3020,40162146,0.0016583747927032544
2023-06-01,3000,3070,2850,2900,5019544,-0.039735099337748325
2023-06-02,2905,2950,2825,2875,2358195,-0.008620689655172376
2023-06-05,2850,3220,2785,2935,18938294,0.02086956521739136
2023-06-07,2890,3060,2855,2890,4640916,-0.015332197614991494
2023-06-08,2900,3030,2815,2960,3888738,0.02422145328719716
2023-06-09,2970,3115,2925,2965,7593271,0.0016891891891892552
2023-06-12,2990,3100,2970,3075,5633368,0.03709949409780777
2023-06-13,3040,3165,3025,3040,4665354,-0.011382113821138184
2023-06-14,3075,3410,2950,3000,23811930,-0.013157894736842146
2023-06-15,3055,3150,2970,3025,3540015,0.008333333333333304
2023-06-16,3035,3060,2960,2960,1493930,-0.02148760330578514
2023-06-19,2990,3125,2970,3070,3473647,0.03716216216216206
2023-06-20,3055,3140,2990,3005,2309234,-0.021172638436482094
2023-06-21,3000,3035,2900,2985,1083460,-0.006655574043261225
2023-06-22,2945,3050,2940,2940,1095307,-0.015075376884422065
2023-06-23,2940,2970,2865,2880,870486,-0.020408163265306145
2023-06-26,2880,2915,2790,2895,591670,0.005208333333333259
2023-06-27,2895,2905,2820,2820,575908,-0.025906735751295318
2023-06-28,2830,2865,2715,2790,629012,-0.010638297872340385
2023-06-29,2775,2835,2745,2760,460421,-0.010752688172043001
2023-06-30,2760,2790,2680,2755,589025,-0.0018115942028985588
2023-07-03,2730,2865,2725,2825,614563,0.025408348457350183
2023-07-04,2830,3030,2795,2865,2701869,0.014159292035398341
2023-07-05,2870,2935,2810,2820,756239,-0.015706806282722474
2023-07-06,2820,2840,2750,2755,477663,-0.023049645390070927
2023-07-07,2700,2795,2700,2745,270654,-0.003629764065335772
2023-07-10,2745,2780,2705,2780,347605,0.012750455373406133
2023-07-11,2805,2865,2740,2750,496918,-0.010791366906474864
2023-07-12,2880,3120,2785,2785,6919870,0.012727272727272698
2023-07-13,2815,2890,2765,2810,792065,0.008976660682226134
2023-07-14,2820,2915,2820,2855,1281287,0.016014234875444844
2023-07-17,2760,2935,2760,2825,803815,-0.010507880910682998
2023-07-18,2860,2895,2745,2770,658447,-0.019469026548672552
2023-07-19,2765,2800,2675,2675,725307,-0.03429602888086647
2023-07-20,2680,2695,2635,2645,345046,-0.01121495327102806
2023-07-21,2645,2655,2545,2555,524428,-0.03402646502835538
2023-07-24,2560,2575,2490,2500,528233,-0.021526418786692814
2023-07-25,2480,2540,2435,2490,668530,-0.0040000000000000036
2023-07-26,2450,2480,2260,2330,826078,-0.06425702811244982
2023-07-27,2320,2480,2315,2445,415472,0.04935622317596566
2023-07-28,2400,2545,2400,2525,298995,0.0327198364008181
2023-07-31,2530,2570,2520,2565,191820,0.015841584158415856
2023-08-01,2565,2570,2525,2560,236312,-0.0019493177387914784
2023-08-02,2560,2605,2510,2560,273096,0.0
2023-08-03,2540,2540,2485,2510,249839,-0.01953125
2023-08-04,2500,2565,2490,2545,251603,0.013944223107569709
2023-08-07,2500,2585,2485,2535,242559,-0.003929273084479323
2023-08-08,2525,2605,2520,2555,295602,0.007889546351084853
2023-08-09,2540,2760,2530,2610,1392644,0.021526418786692814
2023-08-10,2655,2670,2565,2670,354743,0.02298850574712641
2023-08-11,2670,2755,2670,2690,444751,0.0074906367041198685
2023-08-14,2665,2715,2635,2675,186197,-0.005576208178438624
2023-08-16,2665,2785,2620,2625,498474,-0.01869158878504673
2023-08-17,2625,2630,2555,2620,238127,-0.0019047619047618536
2023-08-18,2620,2620,2535,2570,233107,-0.01908396946564883
2023-08-21,2585,2710,2580,2655,323201,0.0330739299610896
2023-08-22,2665,2710,2620,2650,246881,-0.0018832391713747842
2023-08-23,2655,2730,2605,2670,339353,0.007547169811320753
2023-08-24,2685,2755,2685,2710,352872,0.014981273408239737
2023-08-25,2665,2695,2605,2620,266595,-0.03321033210332103
2023-08-28,2635,2690,2620,2645,324327,0.009541984732824416
2023-08-29,2645,2740,2645,2710,327302,0.02457466918714557
2023-08-30,2740,2760,2695,2700,316151,-0.0036900369003689537
2023-08-31,2695,2730,2630,2655,267298,-0.01666666666666672
2023-09-01,2635,2675,2630,2650,220204,-0.0018832391713747842
2023-09-04,2640,2660,2540,2550,354799,-0.037735849056603765
2023-09-05,2525,2545,2490,2500,287415,-0.019607843137254943
2023-09-06,2500,2550,2455,2485,229708,-0.006000000000000005
2023-09-07,2460,2645,2405,2590,1192027,0.04225352112676051
2023-09-08,2595,2685,2490,2505,464893,-0.032818532818532864
2023-09-11,2460,2505,2425,2440,250757,-0.02594810379241519
2023-09-12,2435,2450,2310,2315,367557,-0.05122950819672134
2023-09-13,2300,2365,2265,2315,343356,0.0
2023-09-14,2300,2410,2300,2410,247085,0.0410367170626349
2023-09-15,2395,2420,2370,2410,143056,0.0
2023-09-18,2375,2400,2355,2370,130303,-0.016597510373444035
2023-09-19,2360,2840,2355,2580,12476781,0.08860759493670889
2023-09-20,2535,2785,2500,2575,4287131,-0.0019379844961240345
2023-09-21,2595,2600,2380,2380,961374,-0.07572815533980581
2023-09-22,2335,2455,2330,2360,514616,-0.008403361344537785
2023-09-25,2330,2405,2250,2290,521254,-0.029661016949152574
2023-09-26,2275,2300,2190,2210,550699,-0.03493449781659386
2023-09-27,2115,2250,2115,2250,425567,0.018099547511312153
2023-10-04,2245,2245,2175,2200,229078,-0.022222222222222254
2023-10-05,2210,2235,2185,2185,223709,-0.006818181818181834
2023-10-06,2175,2275,2175,2250,153830,0.029748283752860427
2023-10-10,2250,2320,2220,2240,156588,-0.004444444444444473
2023-10-11,2245,2315,2240,2295,193428,0.024553571428571397
2023-10-12,2300,2360,2300,2355,144132,0.02614379084967311
2023-10-13,2335,2355,2300,2325,129229,-0.01273885350318471
2023-10-16,2310,2315,2225,2250,167951,-0.032258064516129004
2023-10-17,2250,2345,2250,2340,108138,0.040000000000000036
2023-10-18,2370,2475,2320,2320,550785,-0.008547008547008517
2023-10-19,2300,2320,2240,2245,166860,-0.032327586206896575
2023-10-20,2200,2245,2150,2155,269486,-0.04008908685968815
2023-10-23,2140,2185,2110,2110,237320,-0.02088167053364265
2023-10-24,2110,2220,2085,2220,258182,0.05213270142180093
2023-10-25,2235,2265,2180,2215,143773,-0.0022522522522522292
2023-10-26,2170,2190,2100,2110,218701,-0.04740406320541757
2023-10-27,2110,2130,2075,2090,282245,-0.009478672985781977
2023-10-30,2080,2150,2080,2140,87237,0.02392344497607657
2023-10-31,2130,2340,2055,2095,744270,-0.0210280373831776
2023-11-01,2100,2280,2100,2200,381051,0.05011933174224348
2023-11-02,2200,2260,2190,2255,331208,0.02499999999999991
2023-11-03,2260,2285,2220,2280,179127,0.011086474501108556
2023-11-06,2305,2410,2275,2390,467028,0.04824561403508776
2023-11-07,2390,2395,2255,2365,281026,-0.010460251046025104
2023-11-08,2370,2395,2315,2335,185257,-0.012684989429175508
2023-11-09,2340,2385,2275,2275,223048,-0.025695931477516032
2023-11-10,2255,2285,2225,2270,113127,-0.00219780219780219
2023-11-13,2280,2330,2210,2245,239179,-0.011013215859030812
2023-11-14,2230,2305,2230,2290,101862,0.020044543429844186
2023-11-15,2310,2345,2310,2340,157761,0.02183406113537112
2023-11-16,2320,2360,2300,2350,100637,0.004273504273504258
2023-11-17,2350,2350,2305,2315,83505,-0.014893617021276562
2023-11-20,2315,2335,2285,2320,65584,0.002159827213822796
2023-11-21,2320,2330,2300,2310,60783,-0.004310344827586188
2023-11-22,2285,2310,2275,2280,80296,-0.012987012987012991
2023-11-23,2300,2315,2265,2275,109168,-0.002192982456140302
2023-11-24,2255,2295,2255,2275,66686,0.0
2023-11-27,2275,2395,2255,2315,268228,0.01758241758241752
2023-11-28,2310,2315,2280,2290,110093,-0.010799136069114423
2023-11-29,2290,2295,2255,2285,161218,-0.0021834061135370675
2023-11-30,2280,2305,2275,2280,69736,-0.002188183807439792
2023-12-01,2270,2310,2260,2295,120193,0.006578947368421018
2023-12-04,2265,2295,2265,2280,70303,-0.006535947712418277
2023-12-05,2260,2275,2220,2230,146686,-0.021929824561403466
2023-12-06,2230,2245,2190,2225,113943,-0.0022421524663677195
2023-12-07,2225,2235,2185,2215,112736,-0.004494382022471877
2023-12-08,2230,2250,2200,2230,75051,0.006772009029345272
2023-12-11,2230,2255,2225,2255,87951,0.011210762331838486
2023-12-12,2250,2670,2250,2450,10353995,0.0864745011086474
2023-12-13,2455,2465,2370,2415,1040778,-0.014285714285714235
2023-12-14,2430,2580,2395,2425,1886890,0.0041407867494824835
2023-12-15,2400,2660,2400,2530,3118284,0.04329896907216502
2023-12-18,2535,2555,2495,2515,445242,-0.005928853754940677
2023-12-19,2530,2730,2465,2495,3632188,-0.007952286282306154
2023-12-20,2470,2515,2440,2475,631595,-0.008016032064128265
2023-12-21,2465,2520,2440,2455,499229,-0.008080808080808133
2023-12-22,2460,2515,2435,2460,458413,0.0020366598778003286
2023-12-26,2470,2475,2365,2395,356900,-0.026422764227642226
2023-12-27,2390,2500,2380,2415,373771,0.008350730688935215
2023-12-28,2415,2560,2390,2460,558731,0.01863354037267073
2024-01-02,2500,3195,2485,3195,28385234,0.2987804878048781
2024-01-03,3210,3465,3160,3250,25717264,0.017214397496087663
2024-01-04,3250,3685,3210,3270,20877558,0.006153846153846176
2024-01-05,3210,3325,3190,3300,1768963,0.00917431192660545
2024-01-08,3405,3560,3405,3525,3325208,0.06818181818181812
2024-01-09,3650,3740,3470,3740,3336537,0.06099290780141842
2024-01-10,4100,4795,3825,4000,77057927,0.06951871657754016
2024-01-11,3905,4300,3775,3900,29327838,-0.025000000000000022
2024-01-12,4210,4570,4000,4085,42203715,0.04743589743589749
2024-01-15,3955,4340,3860,4115,15152827,0.007343941248469932
2024-01-16,4115,4120,3770,3850,5096238,-0.06439854191980554
2024-01-17,3870,3870,3530,3610,5930199,-0.06233766233766236
2024-01-18,3540,3565,3305,3480,7290155,-0.03601108033240996
2024-01-19,3665,3700,3445,3525,6886933,0.012931034482758674
2024-01-22,3640,4170,3570,4050,24289000,0.14893617021276606
2024-01-23,4035,4375,3830,4100,13293662,0.012345679012345734
2024-01-24,4135,4380,3955,4180,7782543,0.019512195121951237
2024-01-25,4350,4420,3870,3950,10844073,-0.055023923444976086
2024-01-26,3755,3970,3710,3815,4695934,-0.03417721518987338
2024-01-29,3860,3865,3520,3610,3944610,-0.053735255570117935
2024-01-30,3610,3610,3375,3405,3100509,-0.056786703601108046
2024-01-31,3340,3375,3080,3110,3915845,-0.08663729809104259
2024-02-01,3060,3180,2970,3030,3134464,-0.025723472668810254
2024-02-02,3070,3160,2980,3055,1963027,0.008250825082508184
2024-02-05,3060,3060,2900,2925,1812052,-0.04255319148936165
2024-02-06,2950,3060,2860,3005,2402652,0.027350427350427253
2024-02-07,2990,2990,2910,2940,1417765,-0.021630615640598982
2024-02-08,2935,3150,2920,3050,3761714,0.03741496598639449
2024-02-13,3115,3465,3080,3230,8555661,0.05901639344262288
2024-02-14,3190,3305,3100,3275,2404451,0.01393188854489158
2024-02-15,3330,3330,3110,3205,1900167,-0.021374045801526687
2024-02-16,3260,3260,3120,3120,1490283,-0.026521060842433664
2024-02-19,3120,3145,3095,3105,983952,-0.004807692307692291
2024-02-20,3120,3130,3045,3080,916403,-0.008051529790660261
2024-02-21,3050,3170,3020,3050,1548021,-0.009740259740259716
2024-02-22,3115,3175,3050,3160,1574304,0.0360655737704918
2024-02-23,3210,3210,3050,3050,1102061,-0.034810126582278444
2024-02-26,3050,3080,2960,2995,898066,-0.0180327868852459
2024-02-27,2960,2995,2910,2950,987891,-0.015025041736227096
2024-02-28,2950,3045,2875,2910,992036,-0.013559322033898313
2024-02-29,2890,2905,2805,2845,910834,-0.022336769759450203
2024-03-04,2865,2930,2865,2880,668831,0.012302284710017597
2024-03-05,2870,2870,2790,2790,908884,-0.03125
2024-03-06,2760,2830,2760,2790,643726,0.0
2024-03-07,2795,2935,2735,2790,1865313,0.0
2024-03-08,2805,2875,2770,2810,832167,0.007168458781362075
2024-03-11,2800,2870,2740,2865,664691,0.019572953736654908
2024-03-12,2865,2870,2815,2845,506422,-0.006980802792321161
2024-03-13,2805,2895,2800,2890,1036622,0.01581722319859402
2024-03-14,2875,2890,2790,2790,804898,-0.03460207612456745
2024-03-15,2770,2885,2755,2885,870995,0.03405017921146958
2024-03-18,2910,3350,2835,3290,20866508,0.14038128249566717
2024-03-19,3160,3210,3070,3190,5183538,-0.03039513677811545
2024-03-20,3150,3160,2985,2985,2621443,-0.06426332288401249
2024-03-21,2980,3230,2960,3005,5982709,0.00670016750418756
2024-03-22,3010,3015,2930,2930,1331701,-0.024958402662229595
2024-03-25,2930,2970,2905,2905,722237,-0.008532423208191142
2024-03-26,2935,3050,2870,2960,2030044,0.018932874354561147
2024-03-27,2960,2980,2830,2840,1046216,-0.04054054054054057
2024-03-28,2850,2920,2840,2880,748512,0.014084507042253502
2024-03-29,2885,3050,2815,2950,1753008,0.02430555555555558
2024-04-01,2950,3015,2925,2975,735244,0.008474576271186418
2024-04-02,2965,2980,2905,2950,799158,-0.008403361344537785
2024-04-03,2905,2920,2835,2860,720800,-0.03050847457627115
2024-04-04,2870,3330,2850,3230,15234104,0.12937062937062938
2024-04-05,3300,3330,2895,3020,10065325,-0.06501547987616096
2024-04-08,3020,3025,2850,2850,2550627,-0.056291390728476776
2024-04-09,2840,2900,2715,2730,2125759,-0.04210526315789476
2024-04-11,2730,3060,2710,2815,9098768,0.031135531135531025
2024-04-12,2815,2935,2795,2870,2121143,0.019538188277087087
2024-04-15,2830,2970,2750,2925,1883262,0.019163763066202044
2024-04-16,2900,2960,2825,2840,1126886,-0.029059829059829068
2024-04-17,2855,2960,2855,2865,1124755,0.008802816901408494
2024-04-18,2845,2900,2800,2875,1269504,0.003490401396160525
2024-04-19,2860,2920,2720,2750,2157714,-0.04347826086956519
2024-04-22,2750,2790,2720,2735,556836,-0.00545454545454549
2024-04-23,2765,2785,2695,2695,548583,-0.014625228519195566
2024-04-24,2700,2755,2700,2720,457386,0.00927643784786647
2024-04-25,2725,2740,2640,2640,647766,-0.02941176470588236
2024-04-26,2650,2690,2565,2580,758505,-0.022727272727272707
2024-04-29,2585,2625,2565,2600,440156,0.007751937984496138
2024-04-30,2620,2640,2575,2600,381751,0.0
2024-05-02,2600,2630,2585,2610,373903,0.0038461538461538325
2024-05-03,2630,2690,2605,2655,525128,0.01724137931034475
2024-05-07,2670,2730,2650,2690,476532,0.013182674199623268
2024-05-08,2685,2735,2660,2665,502822,-0.009293680297397744
2024-05-09,2675,2685,2635,2645,338147,-0.007504690431519689
2024-05-10,2645,2655,2600,2615,349550,-0.011342155009451793
2024-05-13,2615,2645,2590,2605,401493,-0.003824091778202643
2024-05-14,2605,2650,2605,2630,306372,0.009596928982725572
2024-05-16,2645,2675,2640,2665,354064,0.013307984790874583
2024-05-17,2645,2680,2605,2620,350938,-0.016885553470919357
2024-05-20,2620,2625,2490,2495,782528,-0.04770992366412219
2024-05-21,2520,2520,2450,2480,532054,-0.006012024048096198
2024-05-22,2480,2500,2450,2455,417825,-0.01008064516129037
2024-05-23,2455,2535,2425,2480,361655,0.010183299389002087
2024-05-24,2440,2465,2410,2435,400468,-0.01814516129032262
2024-05-27,2435,2470,2400,2450,405741,0.006160164271047153
2024-05-28,2435,2935,2435,2755,29226968,0.12448979591836729
2024-05-29,2870,3050,2830,2935,15743678,0.06533575317604345
2024-05-30,2840,3445,2770,3120,51855499,0.0630323679727427
2024-05-31,3070,3195,2975,2990,8750835,-0.04166666666666663
2024-06-03,3275,3275,2925,2955,9150275,-0.01170568561872909
2024-06-04,2960,3060,2830,2985,5104471,0.010152284263959421
2024-06-05,2965,3060,2830,2840,2720630,-0.048576214405360085
2024-06-07,2790,2940,2790,2865,2094364,0.008802816901408494
2024-06-10,2845,2860,2780,2800,1222230,-0.022687609075043635
2024-06-11,2800,2825,2750,2755,1032736,-0.016071428571428625
2024-06-12,2770,2910,2770,2830,1826716,0.02722323049001818
2024-06-13,2845,2860,2770,2785,913207,-0.01590106007067138
2024-06-14,2780,2805,2655,2710,1296518,-0.026929982046678624
2024-06-17,2695,2710,2630,2650,856774,-0.022140221402214055
2024-06-18,2635,2780,2635,2655,1640477,0.0018867924528302993
2024-06-19,2660,2770,2660,2710,1315198,0.020715630885122405
2024-06-20,2705,2735,2625,2630,678534,-0.029520295202952074
2024-06-21,2610,2645,2525,2615,654726,-0.005703422053231932
2024-06-24,2580,2620,2560,2620,528831,0.0019120458891013214
2024-06-25,2705,2870,2620,2725,3329287,0.040076335877862634
2024-06-26,2705,2745,2630,2655,1014752,-0.025688073394495414
2024-06-27,2675,2730,2650,2650,831629,-0.0018832391713747842
2024-06-28,2630,2670,2590,2590,511600,-0.02264150943396226
2024-07-01,2600,2700,2600,2615,631989,0.009652509652509744
2024-07-02,2640,2655,2530,2530,549383,-0.0325047801147228
2024-07-03,2535,2565,2495,2510,510440,-0.007905138339920903
2024-07-04,2510,2570,2510,2555,362895,0.017928286852589626
2024-07-05,2580,2580,2505,2505,452403,-0.019569471624266144
2024-07-08,2525,2585,2500,2555,542701,0.019960079840319445
2024-07-09,2580,2690,2570,2590,1035144,0.013698630136986356
2024-07-10,2580,2625,2510,2570,392682,-0.007722007722007707
2024-07-11,2600,2605,2540,2540,372804,-0.011673151750972721
2024-07-12,2545,2545,2500,2515,324760,-0.009842519685039353
2024-07-15,2525,2635,2505,2570,538387,0.021868787276341894
2024-07-16,2550,2565,2500,2515,413016,-0.021400778210116767
2024-07-17,2520,2525,2460,2460,493881,-0.021868787276341894
2024-07-18,2400,2455,2370,2410,478531,-0.020325203252032575
2024-07-19,2385,2450,2380,2450,260131,0.016597510373443924
2024-07-22,2435,2445,2335,2335,433444,-0.04693877551020409
2024-07-23,2335,2420,2205,2315,436056,-0.008565310492505307
2024-07-24,2315,2365,2275,2355,437193,0.017278617710583255
2024-07-25,2330,2330,2240,2285,596212,-0.02972399150743099
2024-07-26,2275,2295,2250,2265,239236,-0.008752735229759279
2024-07-29,2265,2350,2265,2325,379504,0.026490066225165476
2024-07-30,2370,2370,2275,2280,348567,-0.01935483870967747
2024-07-31,2275,2320,2245,2305,327292,0.010964912280701844
2024-08-01,2315,2370,2315,2335,283020,0.013015184381778733
2024-08-02,2320,2320,2220,2220,491393,-0.04925053533190582
2024-08-05,2190,2190,1911,1929,1435860,-0.13108108108108107
2024-08-06,1860,2085,1860,2055,1118430,0.06531881804043538
2024-08-07,2000,2145,2000,2110,320807,0.02676399026763998
2024-08-08,2110,2115,2040,2075,346688,-0.016587677725118488
2024-08-09,2105,2160,2105,2145,300315,0.033734939759036076
2024-08-12,2155,2205,2150,2180,249932,0.01631701631701632
2024-08-13,2180,2195,2120,2180,270270,0.0
2024-08-14,2195,2295,2195,2240,566518,0.02752293577981657
2024-08-16,2250,2275,2205,2235,252379,-0.0022321428571429047
2024-08-19,2240,2240,2180,2195,221346,-0.017897091722595126
2024-08-20,2195,2260,2195,2245,233304,0.02277904328018221
2024-08-21,2230,2235,2180,2205,193258,-0.017817371937639215
2024-08-22,2205,2235,2170,2185,341855,-0.009070294784580546
2024-08-23,2145,2180,2130,2165,145668,-0.009153318077803174
2024-08-26,2155,2180,2100,2100,327408,-0.03002309468822173
2024-08-27,2100,2140,2055,2090,394086,-0.004761904761904745
2024-08-28,2090,2110,2060,2070,206088,-0.009569377990430672
2024-08-29,2060,2060,2005,2015,283247,-0.02657004830917875
2024-08-30,2000,2095,2000,2075,248122,0.02977667493796532
2024-09-02,2090,2120,2025,2060,102938,-0.0072289156626506035
2024-09-03,2045,2090,2040,2050,191670,-0.004854368932038833
2024-09-04,1962,2025,1943,1995,259210,-0.02682926829268295
2024-09-05,1985,2035,1981,2015,180691,0.010025062656641603
2024-09-06,1994,2015,1920,1957,274934,-0.028784119106699757
2024-09-09,1900,1980,1876,1971,264986,0.007153806847215227
2024-09-10,1960,2110,1960,2035,415638,0.032470826991374935
2024-09-11,2035,2140,2035,2105,413294,0.03439803439803435
2024-09-12,2120,2165,2115,2145,202438,0.019002375296912177
2024-09-13,2125,2140,2080,2090,147952,-0.02564102564102566
2024-09-19,2070,2105,2065,2080,80432,-0.004784688995215336
2024-09-20,2080,2130,2080,2085,139880,0.0024038461538462563
2024-09-23,2075,2175,2075,2120,306034,0.01678657074340517
2024-09-24,2115,2145,2100,2125,135822,0.002358490566037652
2024-09-25,2125,2160,2120,2140,178420,0.007058823529411784
2024-09-26,2140,2195,2140,2190,413297,0.02336448598130847
2024-09-27,2200,2200,2155,2155,174446,-0.01598173515981738
2024-09-30,2165,2190,2085,2090,281432,-0.030162412993039456
2024-10-02,2045,2105,2025,2075,180921,-0.0071770334928229484
2024-10-04,2070,2100,2060,2075,94229,0.0
2024-10-07,2105,2285,2060,2165,1253140,0.04337349397590362
2024-10-08,2110,2155,2020,2120,398067,-0.020785219399538146
2024-10-10,2120,2160,2120,2130,245854,0.004716981132075526
2024-10-11,2130,2195,2130,2165,349285,0.016431924882629012
2024-10-14,2170,2330,2160,2180,1397847,0.006928406466512715
2024-10-15,2235,2240,2155,2160,495780,-0.00917431192660545
2024-10-16,2100,2155,2055,2055,431769,-0.04861111111111116
2024-10-17,2075,2105,2050,2065,190252,0.0048661800486617945
2024-10-18,2055,2070,2030,2055,217195,-0.004842615012106588
2024-10-21,2055,2075,2035,2070,118232,0.007299270072992803
2024-10-22,2060,2065,2010,2025,363455,-0.021739130434782594
2024-10-23,2050,2250,2050,2165,2565041,0.06913580246913575
2024-10-24,2140,2145,2090,2090,466823,-0.034642032332563466
2024-10-25,2100,2120,2050,2055,306193,-0.01674641148325362
2024-10-28,2050,2110,2050,2110,200506,0.02676399026763998
2024-10-29,2125,2145,2085,2145,195976,0.016587677725118377
2024-10-30,2140,2155,2095,2120,210504,-0.011655011655011704
2024-10-31,2115,2160,2100,2120,225024,0.0
2024-11-01,2090,2130,2070,2100,144874,-0.009433962264150941
2024-11-04,2095,2130,2075,2115,168287,0.0071428571428571175
2024-11-05,2095,2175,2080,2165,298586,0.023640661938534313
2024-11-06,2150,2175,2105,2105,258558,-0.02771362586605086
2024-11-07,2140,2155,2105,2140,198237,0.016627078384798155
2024-11-08,2135,2200,2135,2185,247933,0.02102803738317749
2024-11-11,2190,2195,2095,2120,410917,-0.029748283752860427
2024-11-12,2105,2120,2035,2040,319619,-0.037735849056603765
2024-11-13,2030,2075,1984,1988,454951,-0.025490196078431393
2024-11-14,1968,2010,1968,1979,326932,-0.00452716297786715
2024-11-15,1959,2050,1951,2015,270536,0.018191005558362727
2024-11-18,2015,2050,1986,2015,154390,0.0
2024-11-19,2030,2150,2030,2035,827055,0.00992555831265518
2024-11-20,2015,2045,2010,2020,167930,-0.0073710073710073765
2024-11-21,2030,2040,1999,2020,203750,0.0
2024-11-22,2020,2070,2005,2010,185356,-0.004950495049504955
2024-11-25,2010,2050,2010,2030,270041,0.00995024875621886
2024-11-26,2030,2050,2015,2030,217229,0.0
2024-11-27,2040,2055,1997,2005,227507,-0.012315270935960632
2024-11-28,1995,2010,1960,1996,166885,-0.0044887780548628076
2024-11-29,2000,2005,1970,1982,209254,-0.007014028056112176
2024-12-02,1993,2005,1945,1951,371274,-0.01564076690211902
2024-12-03,1930,1961,1930,1945,220080,-0.003075345976422339
2024-12-04,1870,1942,1820,1890,444204,-0.028277634961439535
2024-12-05,1888,1916,1851,1862,471186,-0.014814814814814836
2024-12-06,1850,1871,1789,1820,490403,-0.022556390977443663
2024-12-09,1750,1787,1650,1654,723336,-0.09120879120879122
2024-12-10,1637,1800,1637,1791,531745,0.08282950423216451
2024-12-11,1791,1924,1782,1903,400700,0.06253489670575108
2024-12-12,1901,1920,1872,1905,266925,0.0010509721492379942
2024-12-13,1877,1952,1877,1941,208394,0.018897637795275646
2024-12-16,1950,1998,1950,1980,186749,0.020092735703245657
2024-12-17,1981,1990,1960,1970,168135,-0.005050505050505083
2024-12-18,1976,2045,1957,1995,375832,0.012690355329949332
2024-12-19,1994,1994,1934,1948,184397,-0.02355889724310778
2024-12-20,1948,1948,1857,1871,293024,-0.03952772073921973
2024-12-23,1890,1920,1887,1908,215966,0.019775521111704997
2024-12-24,1908,1919,1875,1897,90961,-0.005765199161425594
2024-12-26,1890,1910,1830,1830,275611,-0.035318924617817604
2024-12-27,1812,1868,1798,1821,339421,-0.004918032786885296
2024-12-30,1802,1854,1802,1848,231629,0.014827018121911006
2025-01-02,1838,1895,1824,1890,220234,0.022727272727272707
2025-01-03,1900,1930,1889,1930,191913,0.021164021164021163
2025-01-06,1915,1984,1913,1979,300638,0.025388601036269387
2025-01-07,1975,1990,1942,1944,208581,-0.017685699848408287
2025-01-08,1991,1991,1934,1988,345713,0.02263374485596703
2025-01-09,1969,1987,1944,1966,175733,-0.01106639839034207
2025-01-10,1973,1975,1941,1948,91504,-0.00915564598168872
2025-01-13,1948,1948,1887,1900,174765,-0.024640657084188944
2025-01-14,1910,1910,1880,1880,61407,-0.010526315789473717
2025-01-15,1880,1906,1867,1867,122344,-0.006914893617021245
2025-01-16,1888,1906,1880,1880,102542,0.006963042313872458
2025-01-17,1880,1887,1840,1850,160383,-0.015957446808510634
2025-01-20,1859,1859,1813,1836,139192,-0.007567567567567601
2025-01-21,1843,2140,1809,1859,2901981,0.012527233115468439
2025-01-22,1855,2135,1845,1948,6367464,0.04787520172135551
2025-01-23,1964,2015,1919,1919,1060080,-0.014887063655030786
2025-01-24,1919,1976,1900,1901,441628,-0.009379885356956774
2025-01-31,1903,1939,1810,1825,562012,-0.03997895844292476
2025-02-03,1785,1823,1748,1771,648318,-0.029589041095890445
2025-02-04,1781,1813,1781,1808,283178,0.020892151326934005
2025-02-05,1820,1836,1796,1796,227216,-0.006637168141592875
2025-02-06,1805,1813,1787,1797,214393,0.000556792873051215
2025-02-07,1781,1849,1781,1817,248644,0.01112966054535347
2025-02-10,1781,1830,1781,1830,212761,0.007154650522839923
2025-02-11,1831,2070,1812,1878,3187775,0.026229508196721207
2025-02-12,1873,1902,1862,1866,251952,-0.006389776357827448
2025-02-13,1858,1902,1849,1880,302096,0.007502679528403
2025-02-14,1880,1898,1871,1879,158295,-0.0005319148936170359
2025-02-17,1895,1910,1869,1897,272163,0.009579563597658325
2025-02-18,1892,1985,1890,1915,572142,0.009488666315234484
2025-02-19,1940,2045,1927,1962,2185072,0.024543080939947837
2025-02-20,1960,1960,1920,1935,316812,-0.013761467889908285
2025-02-21,1935,1938,1912,1917,315683,-0.009302325581395321
2025-02-24,1917,2130,1896,1979,4542029,0.03234220135628596
2025-02-25,1964,1998,1944,1945,653210,-0.017180394138453736
2025-02-26,1946,2055,1932,1974,701617,0.014910025706940777
2025-02-27,1979,2030,1954,1958,339383,-0.008105369807497431
2025-02-28,1910,1968,1888,1898,353994,-0.03064351378958119
2025-03-04,1885,1898,1825,1838,281261,-0.03161222339304526
2025-03-05,1836,1870,1820,1853,197326,0.008161044613710589
2025-03-06,1853,1865,1818,1828,250489,-0.01349163518618457
2025-03-07,1816,1884,1806,1876,207813,0.026258205689277947
2025-03-10,1880,1895,1815,1826,246304,-0.026652452025586304
2025-03-11,1780,1837,1760,1825,298543,-0.0005476451259583959
2025-03-12,1810,1857,1810,1850,130450,0.013698630136986356
2025-03-13,1870,1887,1829,1829,191825,-0.011351351351351346
2025-03-14,1812,1854,1812,1842,98534,0.0071077091306726015
2025-03-17,1843,1889,1843,1877,166683,0.019001085776330084
2025-03-18,1865,1881,1841,1860,165943,-0.009057005860415579
2025-03-19,1860,1867,1840,1847,118590,-0.006989247311827929
2025-03-20,1847,1870,1838,1839,109170,-0.0043313481321061165
2025-03-21,1833,1854,1815,1830,149603,-0.004893964110929905
2025-03-24,1822,1860,1802,1840,155895,0.005464480874316946
2025-03-25,1826,1855,1823,1840,223139,0.0
2025-03-26,1831,1854,1820,1842,109478,0.0010869565217390686
2025-03-27,1822,2390,1815,2320,19027783,0.25950054288816493
2025-03-28,2320,2420,2165,2225,4208613,-0.04094827586206895
2025-03-31,2275,2500,2130,2200,6074258,-0.011235955056179803
2025-04-01,2390,2390,2180,2230,3463327,0.013636363636363669
2025-04-02,2160,2185,2050,2065,1335799,-0.07399103139013452
2025-04-03,2020,2110,2000,2090,770858,0.012106537530266248
2025-04-04,2040,2135,2010,2095,891462,0.0023923444976077235
2025-04-07,2030,2115,1980,2070,1026433,-0.011933174224343701
2025-04-08,2215,2450,2085,2135,16128603,0.0314009661835748
2025-04-09,2135,2135,2010,2040,1224130,-0.04449648711943799
2025-04-10,2120,2330,2120,2175,2545873,0.06617647058823528
2025-04-11,2145,2185,2085,2165,855562,-0.0045977011494252595
2025-04-14,2185,2270,2150,2250,1431096,0.03926096997690531
2025-04-15,2230,2260,2190,2210,550751,-0.01777777777777778
2025-04-16,2205,2740,2155,2545,39791479,0.15158371040723972
2025-04-17,2525,2575,2345,2395,5904447,-0.058939096267190516
2025-04-18,2380,2385,2200,2260,2853848,-0.056367432150313146
2025-04-21,2260,2320,2220,2300,2093428,0.017699115044247815
2025-04-22,2250,2315,2230,2260,1204453,-0.017391304347826098
2025-04-23,2265,2885,2250,2410,32485612,0.0663716814159292
2025-04-24,2385,2560,2370,2380,4296710,-0.012448132780082943
2025-04-25,2385,2610,2380,2490,5052490,0.04621848739495804
2025-04-28,2500,2505,2390,2405,1329395,-0.034136546184738936
2025-04-29,2400,2450,2315,2330,1261811,-0.03118503118503113
2025-04-30,2330,2370,2305,2320,637545,-0.0042918454935622075
2025-05-02,2310,2490,2260,2400,3038768,0.034482758620689724
2025-05-07,2400,2495,2350,2360,890170,-0.01666666666666672
2025-05-08,2400,2435,2300,2315,833798,-0.01906779661016944
2025-05-09,2330,2375,2280,2280,574683,-0.015118790496760237
2025-05-12,2305,2375,2280,2360,581079,0.03508771929824572
2025-05-13,2395,2415,2330,2330,530984,-0.012711864406779627
2025-05-14,2430,2435,2325,2340,724903,0.0042918454935623185
2025-05-15,2345,2345,2270,2285,574820,-0.023504273504273532
2025-05-16,2285,2295,2245,2255,434900,-0.013129102844638973
2025-05-19,2245,2320,2215,2320,400927,0.02882483370288247
2025-05-20,2315,2315,2255,2275,222732,-0.0193965517241379
2025-05-21,2270,2295,2250,2270,332560,-0.00219780219780219
2025-05-22,2270,2285,2225,2265,262528,-0.0022026431718061845
2025-05-23,2280,2295,2235,2240,267383,-0.01103752759381893
2025-05-26,2230,2280,2220,2240,207534,0.0
2025-05-27,2240,2280,2165,2180,498148,-0.0267857142857143
2025-05-28,2180,2220,2170,2180,345562,0.0
2025-05-29,2165,2185,2130,2160,411387,-0.00917431192660545
2025-05-30,2175,2180,2135,2150,251297,-0.00462962962962965
2025-06-02,2125,2160,2120,2130,145266,-0.009302325581395321
2025-06-04,2150,2185,2125,2180,223634,0.023474178403755763
2025-06-05,2180,2265,2175,2195,350794,0.006880733944954143
2025-06-09,2200,2235,2180,2225,301535,0.013667425968109326
2025-06-10,2230,2265,2200,2240,272534,0.006741573033707926
2025-06-11,2250,2360,2245,2330,645249,0.0401785714285714
2025-06-12,2320,2425,2300,2375,689694,0.0193133047210301
2025-06-13,2380,2395,2305,2340,432762,-0.01473684210526316
2025-06-16,2310,2335,2275,2310,380925,-0.012820512820512775
2025-06-17,2310,2405,2300,2360,569174,0.02164502164502169
2025-06-18,2365,2455,2335,2430,703681,0.029661016949152463
2025-06-19,2430,2525,2360,2490,873147,0.024691358024691468
2025-06-20,2475,2540,2450,2515,697729,0.010040160642570184
2025-06-23,2510,2520,2450,2475,572355,-0.015904572564612307
2025-06-24,2505,2560,2495,2540,570551,0.02626262626262621
2025-06-25,2565,2565,2460,2490,425087,-0.019685039370078705
2025-06-26,2520,2530,2400,2420,417729,-0.028112449799196804
2025-06-27,2420,2435,2275,2290,578424,-0.05371900826446285
2025-06-30,2295,2320,2245,2245,260721,-0.01965065502183405
2025-07-01,2240,2275,2160,2180,524860,-0.028953229398663738
2025-07-02,2195,2195,2130,2160,228712,-0.00917431192660545
2025-07-03,2180,2215,2160,2195,261699,0.01620370370370372
2025-07-04,2200,2225,2165,2185,288436,-0.004555808656036442
2025-07-07,2185,2195,2145,2155,117428,-0.013729977116704761
2025-07-08,2160,2180,2110,2115,213659,-0.018561484918793503
2025-07-09,2120,2135,2075,2120,139434,0.0023640661938533203
2025-07-10,2125,2130,2100,2115,246585,-0.002358490566037763
2025-07-11,2115,2160,2115,2145,168889,0.014184397163120588
2025-07-14,2130,2140,2090,2095,219200,-0.023310023310023298
2025-07-15,2100,2150,2090,2130,233952,0.01670644391408116
2025-07-16,2115,2135,2095,2100,197371,-0.014084507042253502
2025-07-17,2110,2130,2095,2110,251156,0.004761904761904745
2025-07-18,2115,2120,2080,2095,285268,-0.007109004739336511
2025-07-21,2095,2120,2085,2105,117574,0.004773269689737569
2025-07-22,2105,2125,2075,2075,171989,-0.014251781472684133
2025-07-23,2075,2115,2055,2085,425845,0.004819277108433662
2025-07-24,2085,2120,2040,2050,487269,-0.016786570743405282
2025-07-25,2025,2075,1994,2000,526030,-0.024390243902439046
2025-07-28,2000,2085,1981,1984,837443,-0.008000000000000007
2025-07-29,1984,2030,1892,1896,1806442,-0.04435483870967738
2025-07-30,1905,1962,1829,1899,1726057,0.0015822784810126667
2025-07-31,1891,1933,1859,1877,421267,-0.011585044760400232
2025-08-01,1875,1875,1791,1831,554264,-0.024507192328183325
2025-08-04,1815,1875,1815,1865,137516,0.01856908793009282
2025-08-05,1859,1907,1858,1867,296924,0.0010723860589811895
2025-08-06,1862,1879,1841,1866,185728,-0.0005356186395286677
2025-08-07,1866,1900,1849,1873,242778,0.0037513397642015
2025-08-08,1875,1928,1860,1867,336208,-0.0032034169781099964
2025-08-11,1884,1897,1866,1874,167948,0.003749330476700674
2025-08-12,1874,1888,1860,1865,116354,-0.0048025613660619415
2025-08-13,1889,1889,1861,1876,125088,0.005898123324396876
2025-08-14,1876,1888,1865,1865,110741,-0.005863539445629007
2025-08-18,1865,1865,1830,1830,124315,-0.018766756032171594
2025-08-19,1820,1844,1807,1828,247457,-0.0010928961748634114
2025-08-20,1800,1828,1770,1827,209933,-0.000547045951859948
2025-08-21,1826,1848,1806,1834,123142,0.003831417624521105
2025-08-22,1813,1855,1812,1812,160155,-0.01199563794983638
2025-08-25,1813,1862,1813,1840,120849,0.015452538631346657
2025-08-26,1829,1855,1829,1844,46368,0.0021739130434783593
2025-08-27,1848,1855,1816,1820,106752,-0.013015184381778733
2025-08-28,1838,1838,1800,1809,202903,-0.0060439560439560225
2025-08-29,1803,1817,1735,1745,301364,-0.035378662244333836
2025-09-01,1731,1786,1724,1746,168001,0.0005730659025788842
2025-09-02,1747,1780,1741,1770,106004,0.013745704467353903
2025-09-03,1755,1789,1749,1767,82776,-0.0016949152542372614
2025-09-04,1760,1809,1760,1805,175216,0.021505376344086002
2025-09-05,1807,1807,1768,1773,172403,-0.017728531855955687
2025-09-08,1770,1783,1748,1766,162644,-0.003948110547095318
2025-09-09,1782,1782,1730,1758,246451,-0.0045300113250282825
2025-09-10,1758,1775,1744,1767,171696,0.005119453924914641
2025-09-11,1767,1778,1748,1758,110485,-0.005093378607809895
2025-09-12,1761,1786,1759,1780,250786,0.012514220705347023
2025-09-15,1781,1850,1773,1819,408955,0.02191011235955065
2025-09-16,1821,1828,1800,1807,124784,-0.00659703133589884
2025-09-17,1811,1811,1777,1782,134849,-0.013835085777531786
2025-09-18,1784,1849,1784,1845,437298,0.03535353535353525
2025-09-19,1850,1860,1829,1846,185828,0.0005420054200542257
2025-09-22,1846,1889,1837,1879,301924,0.017876489707475685
2025-09-23,1886,1915,1858,1872,309300,-0.0037253858435337683
2025-09-24,1872,1878,1840,1868,168796,-0.002136752136752129
2025-09-25,1858,1882,1858,1862,94881,-0.0032119914346895317
2025-09-26,1859,1869,1818,1830,267776,-0.017185821697099923
2025-09-29,1839,1861,1830,1859,90220,0.015846994535519077
2025-09-30,1841,1902,1841,1902,200846,0.023130715438407723
2025-10-01,1903,1918,1877,1890,177362,-0.006309148264984188
2025-10-02,1890,1985,1890,1937,793476,0.024867724867724927
2025-10-10,1950,2030,1950,1999,653482,0.03200826019617975
2025-10-13,1915,2015,1915,2005,365797,0.0030015007503751967
2025-10-14,2010,2035,1950,1964,343199,-0.02044887780548632
2025-10-15,1971,1995,1950,1988,211705,0.012219959266802416
2025-10-16,1988,1988,1928,1949,276098,-0.019617706237424537
2025-10-17,1931,1944,1872,1906,206461,-0.022062596203181073
2025-10-20,1913,1920,1820,1823,484780,-0.04354669464847849
2025-10-21,1823,1845,1807,1820,223765,-0.001645639056500281
2025-10-22,1824,1838,1795,1836,206354,0.00879120879120876
2025-10-23,1830,1846,1808,1814,144853,-0.011982570806100212
2025-10-24,1820,1820,1788,1790,296616,-0.013230429988974612
2025-10-27,1794,1814,1777,1799,314022,0.005027932960893766
2025-10-28,1801,1808,1774,1790,206069,-0.005002779321845452
2025-10-29,1780,1796,1779,1794,139430,0.0022346368715084886
2025-10-30,1794,1805,1749,1766,320571,-0.015607580824972156
2025-10-31,1766,1785,1759,1770,97861,0.0022650056625141968
2025-11-03,1770,1799,1759,1781,238240,0.00621468926553681
2025-11-04,1792,1806,1740,1741,327392,-0.02245929253228518
2025-11-05,1738,1738,1600,1704,382122,-0.0212521539345204
2025-11-06,1739,1739,1672,1700,159226,-0.0023474178403756207
2025-11-07,1660,1710,1610,1630,646561,-0.04117647058823526
2025-11-10,1611,1920,1611,1750,4909577,0.07361963190184051
2025-11-11,1750,1818,1749,1755,632434,0.0028571428571428914
2025-11-12,1767,1783,1742,1755,254013,0.0
2025-11-13,1746,1763,1732,1754,201737,-0.0005698005698006048
2025-11-14,1707,1757,1707,1750,203435,-0.0022805017103763037
2025-11-17,1750,1757,1717,1749,220063,-0.0005714285714285561
