Date,Open,High,Low,Close,Volume,Change
2022-01-03,4195,4265,4195,4235,17644,0.005938242280284944
2022-01-04,4240,4270,4200,4260,28301,0.005903187721369552
2022-01-05,4265,4310,4250,4255,22564,-0.0011737089201877549
2022-01-06,4235,4275,4215,4245,30265,-0.002350176263219761
2022-01-07,4245,4335,4205,4320,30149,0.0176678445229681
2022-01-10,4340,4340,4280,4340,44635,0.004629629629629539
2022-01-11,4295,4340,4260,4290,24016,-0.011520737327188946
2022-01-12,4290,4375,4265,4340,29730,0.011655011655011593
2022-01-13,4390,4390,4325,4335,30455,-0.0011520737327188613
2022-01-14,4335,4445,4290,4315,19791,-0.0046136101499423265
2022-01-17,4265,4295,4180,4190,23143,-0.028968713789107814
2022-01-18,4170,4225,4115,4115,27566,-0.017899761336515496
2022-01-19,4115,4150,4040,4055,22290,-0.014580801944106936
2022-01-20,4055,4115,4005,4115,18260,0.01479654747225645
2022-01-21,4155,4235,4090,4235,33462,0.02916160388821387
2022-01-24,4190,4190,4065,4130,21865,-0.024793388429752095
2022-01-25,4075,4115,3850,4040,27502,-0.021791767554479424
2022-01-26,4040,4140,3960,4125,20473,0.021039603960395947
2022-01-27,4125,4125,4000,4050,21050,-0.018181818181818188
2022-01-28,4050,4125,4045,4110,27191,0.014814814814814836
2022-02-03,4130,4200,4130,4170,12895,0.014598540145985384
2022-02-04,4170,4200,4150,4190,22266,0.004796163069544335
2022-02-07,4225,4225,4175,4210,7598,0.004773269689737569
2022-02-08,4250,4250,4130,4185,30282,-0.005938242280285055
2022-02-09,4225,4240,4185,4220,13933,0.008363201911588902
2022-02-10,4220,4285,4200,4230,20369,0.0023696682464455776
2022-02-11,4220,4220,4180,4210,12850,-0.004728132387706863
2022-02-14,4170,4460,4125,4250,152971,0.009501187648456089
2022-02-15,4240,4340,4120,4230,48761,-0.004705882352941226
2022-02-16,4230,4300,4185,4250,20899,0.004728132387706863
2022-02-17,4290,4290,4080,4170,54607,-0.018823529411764683
2022-02-18,4170,4195,4125,4195,12602,0.005995203836930418
2022-02-21,4195,4195,4110,4160,7333,-0.008343265792610244
2022-02-22,4140,4190,4115,4140,17426,-0.004807692307692291
2022-02-23,4110,4180,4110,4165,13876,0.006038647342995196
2022-02-24,4165,4190,4110,4130,18869,-0.008403361344537785
2022-02-25,4110,4195,4110,4195,19367,0.0157384987893463
2022-02-28,4235,4270,4195,4205,13891,0.0023837902264600697
2022-03-02,4230,4270,4225,4255,19364,0.01189060642092743
2022-03-03,4265,4310,4255,4295,17746,0.009400705052879044
2022-03-04,4295,4310,4275,4290,8967,-0.0011641443538998875
2022-03-07,4290,4290,4210,4270,10905,-0.004662004662004615
2022-03-08,4220,4300,4200,4280,13213,0.0023419203747072626
2022-03-10,4260,4305,4260,4295,8614,0.003504672897196359
2022-03-11,4330,4330,4265,4285,7724,-0.002328288707799775
2022-03-14,4285,4315,4240,4290,10781,0.001166861143523823
2022-03-15,4250,4285,4230,4260,19344,-0.006993006993006978
2022-03-16,4260,4290,4235,4285,28723,0.005868544600938996
2022-03-17,4350,4380,4255,4345,19466,0.014002333722286986
2022-03-18,4350,4350,4300,4340,28328,-0.0011507479861909697
2022-03-21,4345,4365,4310,4355,13218,0.003456221198156584
2022-03-22,4355,4455,4325,4425,30333,0.016073478760045834
2022-03-23,4425,4590,4405,4515,48744,0.02033898305084736
2022-03-24,4515,4515,4415,4495,17822,-0.0044296788482834915
2022-03-25,4495,4495,4450,4480,35304,-0.0033370411568409697
2022-03-28,4560,4590,4360,4420,45143,-0.013392857142857095
2022-03-29,4420,4420,4365,4395,23027,-0.005656108597285048
2022-03-30,4420,4420,4350,4390,19204,-0.0011376564277588708
2022-03-31,4420,4420,4325,4400,29679,0.002277904328018332
2022-04-01,4390,4390,4260,4375,15400,-0.005681818181818232
2022-04-04,4375,4930,4340,4545,1341411,0.03885714285714292
2022-04-05,4545,4545,4425,4475,104971,-0.015401540154015403
2022-04-06,4495,4495,4340,4360,95664,-0.025698324022346397
2022-04-07,4360,4375,4235,4240,78440,-0.02752293577981646
2022-04-08,4205,4285,4180,4280,59305,0.009433962264151052
2022-04-11,4250,4365,4200,4285,58302,0.001168224299065379
2022-04-12,4240,4285,4180,4265,26895,-0.004667444574095736
2022-04-13,4240,4350,4215,4345,24090,0.01875732708089095
2022-04-14,4345,4405,4265,4315,21757,-0.0069044879171461515
2022-04-15,4315,4380,4255,4335,17911,0.004634994206257348
2022-04-18,4325,4350,4280,4350,9226,0.0034602076124568004
2022-04-19,4325,4375,4315,4375,14438,0.005747126436781658
2022-04-20,4415,4415,4345,4375,25006,0.0
2022-04-21,4375,4395,4315,4370,18929,-0.0011428571428571122
2022-04-22,4370,4370,4295,4305,58745,-0.014874141876430214
2022-04-25,4305,4305,4225,4285,17861,-0.004645760743321681
2022-04-26,4245,4310,4245,4310,15897,0.005834305717619559
2022-04-27,4265,4300,4220,4240,17349,-0.016241299303944357
2022-04-28,4240,4265,4215,4260,14253,0.004716981132075526
2022-04-29,4300,4300,4215,4295,26046,0.008215962441314506
2022-05-02,4250,4285,4210,4250,24859,-0.010477299185098987
2022-05-03,4260,4305,4250,4305,21780,0.012941176470588234
2022-05-04,4315,4315,4260,4260,21159,-0.010452961672473893
2022-05-06,4215,4235,4170,4180,26072,-0.018779342723004744
2022-05-09,4160,4180,4090,4120,48110,-0.014354066985645897
2022-05-10,4100,4120,3985,4100,28758,-0.004854368932038833
2022-05-11,4070,4195,4070,4195,21003,0.023170731707317094
2022-05-12,4215,4215,4090,4090,27133,-0.02502979737783073
2022-05-13,4090,4175,4090,4175,17814,0.020782396088019572
2022-05-16,4215,4220,4165,4190,17669,0.00359281437125758
2022-05-17,4190,4260,4190,4220,5546,0.007159904534606243
2022-05-18,4225,4240,4190,4210,4742,-0.0023696682464454666
2022-05-19,4205,4205,4105,4130,8440,-0.019002375296912066
2022-05-20,4105,4195,4105,4135,19117,0.001210653753026536
2022-05-23,4145,4160,4110,4150,20909,0.0036275695284160303
2022-05-24,4150,4165,4065,4110,25101,-0.009638554216867434
2022-05-25,4110,4110,4050,4105,10244,-0.0012165450121655041
2022-05-26,4090,4175,4070,4090,15165,-0.0036540803897685548
2022-05-27,4105,4120,4080,4100,9598,0.0024449877750611915
2022-05-30,4100,4145,4100,4135,6405,0.008536585365853666
2022-05-31,4175,4175,4115,4150,10969,0.0036275695284160303
2022-06-02,4150,4165,4120,4150,9890,0.0
2022-06-03,4150,4195,4130,4185,11902,0.008433734939758963
2022-06-07,4180,4180,4110,4115,13814,-0.016726403823178027
2022-06-08,4100,4135,4100,4130,9329,0.0036452004860267895
2022-06-09,4125,4125,4060,4080,6589,-0.01210653753026636
2022-06-10,4080,4090,4015,4030,6588,-0.01225490196078427
2022-06-13,3955,4400,3710,3840,480742,-0.04714640198511166
2022-06-14,3760,3840,3700,3740,29477,-0.02604166666666663
2022-06-15,3740,3790,3620,3645,21941,-0.025401069518716568
2022-06-16,3700,3835,3700,3755,33507,0.030178326474622708
2022-06-17,3755,3755,3610,3665,15658,-0.023968042609853524
2022-06-20,3675,3680,3400,3575,38632,-0.024556616643929052
2022-06-21,3570,3650,3515,3600,8719,0.006993006993007089
2022-06-22,3600,3640,3305,3490,15451,-0.030555555555555558
2022-06-23,3490,3490,3180,3215,50526,-0.07879656160458448
2022-06-24,3215,3400,3215,3400,24664,0.05754276827371685
2022-06-27,3430,3550,3430,3530,10616,0.038235294117647145
2022-06-28,3540,3665,3535,3660,10517,0.03682719546742219
2022-06-29,3660,3700,3570,3700,20696,0.010928961748633892
2022-06-30,3700,3740,3560,3640,15812,-0.01621621621621616
2022-07-01,3590,3640,3550,3630,10392,-0.0027472527472527375
2022-07-04,3605,3605,3520,3535,12989,-0.026170798898071612
2022-07-05,3535,3885,3530,3540,166144,0.0014144271570013522
2022-07-06,3575,3600,3520,3575,12733,0.009887005649717562
2022-07-07,3555,3610,3555,3600,4720,0.006993006993007089
2022-07-08,3635,3745,3600,3680,10727,0.022222222222222143
2022-07-11,3715,3770,3670,3750,10190,0.01902173913043481
2022-07-12,3750,3750,3610,3625,17081,-0.033333333333333326
2022-07-13,3570,3645,3570,3640,7338,0.004137931034482678
2022-07-14,3675,3675,3565,3645,5372,0.0013736263736263687
2022-07-15,3605,3650,3590,3645,8390,0.0
2022-07-18,3645,3680,3640,3650,4776,0.00137174211248281
2022-07-19,3670,3675,3630,3670,7287,0.005479452054794498
2022-07-20,3675,3730,3670,3725,9796,0.014986376021798309
2022-07-21,3725,3770,3670,3770,14392,0.012080536912751683
2022-07-22,3770,3785,3740,3775,5725,0.0013262599469496816
2022-07-25,3775,3780,3735,3775,8704,0.0
2022-07-26,3775,3775,3735,3770,2863,-0.0013245033112583293
2022-07-27,3770,3770,3730,3750,2227,-0.0053050397877983935
2022-07-28,3750,3780,3735,3770,7463,0.005333333333333412
2022-07-29,3770,3820,3770,3785,5886,0.003978779840848823
2022-08-01,3785,3805,3725,3795,6415,0.0026420079260238705
2022-08-02,3820,3820,3755,3785,6243,-0.0026350461133070047
2022-08-03,3785,3890,3750,3785,8502,0.0
2022-08-04,3820,3880,3765,3800,17881,0.003963011889035695
2022-08-05,3815,3815,3740,3785,20984,-0.003947368421052588
2022-08-08,3785,3790,3745,3755,5937,-0.00792602377807139
2022-08-09,3755,3880,3730,3870,19936,0.030625832223701632
2022-08-10,3870,3870,3800,3855,12024,-0.003875968992248069
2022-08-11,3820,3855,3820,3835,5841,-0.005188067444876765
2022-08-12,3845,3885,3820,3885,3999,0.01303780964797907
2022-08-16,3915,3915,3825,3845,8526,-0.01029601029601035
2022-08-17,3870,3870,3655,3750,21345,-0.024707412223667125
2022-08-18,3740,3740,3685,3735,16610,-0.0040000000000000036
2022-08-19,3720,3735,3600,3620,20709,-0.030789825970548912
2022-08-22,3610,3615,3560,3570,16078,-0.013812154696132617
2022-08-23,3570,3570,3465,3560,19585,-0.0028011204481792618
2022-08-24,3525,3560,3510,3560,7017,0.0
2022-08-25,3595,3680,3595,3620,9834,0.016853932584269593
2022-08-26,3675,3675,3600,3600,27590,-0.0055248618784530246
2022-08-29,3600,3655,3555,3570,10143,-0.008333333333333304
2022-08-30,3535,3570,3500,3560,11281,-0.0028011204481792618
2022-08-31,3560,3560,3530,3550,7937,-0.002808988764044895
2022-09-01,3550,3580,3485,3565,26672,0.004225352112676051
2022-09-02,3545,3545,3440,3485,55001,-0.02244039270687237
2022-09-05,3460,3490,3365,3420,46338,-0.0186513629842181
2022-09-06,3400,3730,3400,3660,65349,0.07017543859649122
2022-09-07,3705,3705,3565,3690,33848,0.008196721311475308
2022-09-08,3605,3685,3600,3635,14349,-0.01490514905149054
2022-09-13,3605,3670,3590,3670,19705,0.009628610729023324
2022-09-14,3615,3640,3560,3585,12147,-0.023160762942779245
2022-09-15,3550,3585,3535,3545,9735,-0.01115760111576014
2022-09-16,3545,3545,3485,3530,12055,-0.004231311706629048
2022-09-19,3510,3510,3410,3410,16011,-0.03399433427762044
2022-09-20,3375,3450,3375,3450,30476,0.011730205278592365
2022-09-21,3450,3500,3380,3500,31319,0.01449275362318847
2022-09-22,3500,3500,3320,3470,37173,-0.008571428571428563
2022-09-23,3470,3470,3410,3470,9023,0.0
2022-09-26,3460,3460,3250,3275,36835,-0.05619596541786742
2022-09-27,3230,3295,3045,3200,56205,-0.022900763358778664
2022-09-28,3200,3200,3000,3030,47775,-0.05312499999999998
2022-09-29,3050,3165,3030,3100,43090,0.02310231023102305
2022-09-30,3100,3340,3040,3180,14152,0.02580645161290329
2022-10-04,3195,3250,3185,3210,49342,0.009433962264151052
2022-10-05,3255,3300,3230,3300,15271,0.028037383177569986
2022-10-06,3300,3385,3300,3345,15385,0.013636363636363669
2022-10-07,3345,3385,3345,3385,7178,0.01195814648729443
2022-10-11,3385,3385,3250,3290,28144,-0.028064992614475592
2022-10-12,3195,3260,3150,3230,41927,-0.018237082066869248
2022-10-13,3185,3200,3050,3050,22916,-0.05572755417956654
2022-10-14,3060,3365,3060,3195,33090,0.04754098360655745
2022-10-17,3195,3240,3120,3170,25483,-0.007824726134585291
2022-10-18,3190,3315,3185,3200,19686,0.009463722397476282
2022-10-19,3235,3405,3225,3295,9768,0.02968750000000009
2022-10-20,3280,3330,3195,3275,23503,-0.006069802731411222
2022-10-21,3225,3265,3210,3240,5148,-0.010687022900763399
2022-10-24,3240,3350,3240,3325,34954,0.026234567901234573
2022-10-25,3355,3380,3295,3315,19241,-0.003007518796992459
2022-10-26,3315,3365,3300,3360,8304,0.013574660633484115
2022-10-27,3360,3430,3245,3320,44934,-0.011904761904761862
2022-10-28,3335,3370,3270,3320,24296,0.0
2022-10-31,3320,3340,3280,3340,12030,0.006024096385542244
2022-11-01,3340,3455,3285,3370,35374,0.008982035928143617
2022-11-02,3370,3405,3335,3395,18207,0.007418397626112849
2022-11-03,3395,3430,3315,3420,24822,0.007363770250368162
2022-11-04,3420,3455,3390,3455,19466,0.01023391812865504
2022-11-07,3440,3530,3440,3465,18979,0.0028943560057888007
2022-11-08,3500,3570,3470,3500,7720,0.010101010101010166
2022-11-09,3500,3520,3455,3500,7923,0.0
2022-11-10,3500,3510,3450,3495,7651,-0.0014285714285714457
2022-11-11,3510,3560,3490,3500,29931,0.0014306151645206988
2022-11-14,3540,3540,3485,3505,11677,0.0014285714285713347
2022-11-15,3520,3565,3480,3560,12689,0.015691868758915817
2022-11-16,3570,3575,3495,3510,22345,-0.014044943820224698
2022-11-17,3515,3550,3500,3535,14886,0.007122507122507171
2022-11-18,3535,3545,3485,3485,21456,-0.014144271570014189
2022-11-21,3485,3500,3450,3480,26851,-0.0014347202295552641
2022-11-22,3420,3460,3420,3445,6398,-0.010057471264367845
2022-11-23,3430,3445,3420,3435,12188,-0.002902757619738794
2022-11-24,3465,3535,3465,3505,14765,0.020378457059679667
2022-11-25,3515,3560,3500,3525,27584,0.005706134094151105
2022-11-28,3560,3570,3465,3495,23275,-0.008510638297872353
2022-11-29,3460,3495,3440,3495,26647,0.0
2022-11-30,3495,3600,3490,3520,34376,0.007153075822603716
2022-12-01,3555,3660,3500,3540,50541,0.005681818181818121
2022-12-02,3585,3600,3540,3545,19916,0.0014124293785311437
2022-12-05,3550,3565,3485,3555,33167,0.0028208744710860323
2022-12-06,3530,3530,3480,3480,15207,-0.021097046413502074
2022-12-07,3430,3465,3420,3445,11752,-0.010057471264367845
2022-12-08,3445,3470,3425,3450,28959,0.0014513788098693414
2022-12-09,3450,3475,3435,3440,17357,-0.0028985507246376274
2022-12-12,3475,3505,3460,3460,18074,0.005813953488372103
2022-12-13,3435,3520,3435,3520,5574,0.01734104046242768
2022-12-14,3520,3570,3515,3515,16276,-0.0014204545454545858
2022-12-15,3585,3585,3505,3530,24067,0.004267425320056972
2022-12-16,3495,3520,3460,3500,17439,-0.008498583569405138
2022-12-19,3440,3455,3435,3440,6584,-0.017142857142857126
2022-12-20,3400,3425,3365,3380,7419,-0.01744186046511631
2022-12-21,3350,3370,3335,3335,15445,-0.013313609467455634
2022-12-22,3335,3385,3305,3385,18902,0.014992503748125996
2022-12-23,3400,3400,3355,3355,15810,-0.008862629246676468
2022-12-26,3340,3355,3300,3330,22132,-0.007451564828613977
2022-12-27,3330,3360,3305,3360,20356,0.009009009009008917
2022-12-28,3360,3380,3200,3380,25509,0.005952380952380931
2022-12-29,3320,3350,3250,3300,16234,-0.023668639053254448
2023-01-02,3265,3270,3210,3210,54642,-0.027272727272727226
2023-01-03,3180,3210,3115,3210,27179,0.0
2023-01-04,3170,3340,3140,3340,20119,0.04049844236760114
2023-01-05,3370,3650,3365,3450,70827,0.03293413173652704
2023-01-06,3480,3560,3450,3465,17686,0.004347826086956497
2023-01-09,3465,3510,3460,3470,10594,0.0014430014430013571
2023-01-10,3470,3480,3415,3460,7010,-0.0028818443804035088
2023-01-11,3460,3475,3400,3455,20902,-0.0014450867052022698
2023-01-12,3480,3550,3450,3550,15300,0.02749638205499272
2023-01-13,3550,3620,3495,3495,5927,-0.015492957746478853
2023-01-16,3495,3555,3475,3555,9117,0.01716738197424883
2023-01-17,3515,3555,3455,3480,5822,-0.021097046413502074
2023-01-18,3480,3495,3435,3475,3136,-0.001436781609195359
2023-01-19,3470,3495,3415,3480,4487,0.0014388489208632116
2023-01-20,3460,3500,3445,3500,2264,0.005747126436781658
2023-01-25,3535,3535,3475,3500,12154,0.0
2023-01-26,3500,3500,3470,3475,11356,-0.0071428571428571175
2023-01-27,3475,3485,3460,3475,11374,0.0
2023-01-30,3475,3675,3470,3510,17310,0.010071942446043147
2023-01-31,3540,3865,3485,3545,195221,0.009971509971509862
2023-02-01,3630,3630,3540,3580,41383,0.009873060648801113
2023-02-02,3585,3685,3575,3685,20584,0.029329608938547524
2023-02-03,3645,3645,3595,3610,29299,-0.020352781546811416
2023-02-06,3625,3725,3570,3690,27244,0.02216066481994461
2023-02-07,3650,3730,3645,3695,32951,0.0013550135501354532
2023-02-08,3675,3710,3650,3695,18863,0.0
2023-02-09,3765,3795,3645,3705,16925,0.0027063599458727605
2023-02-10,3690,3745,3605,3675,23273,-0.0080971659919028
2023-02-13,3675,3695,3585,3670,11819,-0.0013605442176870541
2023-02-14,3635,3635,3550,3605,25077,-0.017711171662125325
2023-02-15,3605,3630,3525,3560,16835,-0.012482662968099856
2023-02-16,3525,3590,3510,3590,14873,0.008426966292134797
2023-02-17,3615,3625,3560,3565,12177,-0.0069637883008356605
2023-02-20,3565,3600,3520,3590,30092,0.007012622720897532
2023-02-21,3595,3625,3590,3625,12224,0.009749303621169991
2023-02-22,3605,3625,3560,3560,7467,-0.017931034482758568
2023-02-23,3530,3595,3510,3535,15570,-0.0070224719101124045
2023-02-24,3605,3665,3545,3545,16312,0.0028288543140029265
2023-02-27,3510,3750,3500,3565,16604,0.005641748942172065
2023-02-28,3565,3795,3565,3675,30820,0.030855539971949453
2023-03-02,3675,3840,3675,3725,18727,0.013605442176870763
2023-03-03,3770,3825,3680,3775,12451,0.01342281879194629
2023-03-06,3765,3850,3680,3680,20932,-0.025165562913907258
2023-03-07,3680,3780,3625,3715,15477,0.009510869565217295
2023-03-08,3680,3750,3640,3665,14608,-0.013458950201884257
2023-03-09,3680,3790,3620,3735,14056,0.019099590723056004
2023-03-10,3695,3790,3645,3710,23927,-0.00669344042838016
2023-03-13,3670,3680,3530,3620,24673,-0.02425876010781669
2023-03-14,3580,3580,3440,3450,18470,-0.046961325966850875
2023-03-15,3480,3525,3465,3520,17509,0.020289855072463725
2023-03-16,3520,3535,3400,3535,17891,0.0042613636363635354
2023-03-17,3535,3580,3500,3570,13895,0.00990099009900991
2023-03-20,3650,3650,3560,3560,9043,-0.0028011204481792618
2023-03-21,3560,3595,3540,3570,10515,0.002808988764045006
2023-03-22,3575,3605,3560,3590,12466,0.0056022408963585235
2023-03-23,3555,3610,3510,3510,7374,-0.02228412256267409
2023-03-24,3510,3570,3475,3570,6713,0.017094017094017033
2023-03-27,3535,3570,3510,3510,18835,-0.01680672268907568
2023-03-28,3510,3510,3490,3510,9762,0.0
2023-03-29,3510,3545,3485,3510,11966,0.0
2023-03-30,3530,3650,3510,3625,21733,0.03276353276353272
2023-03-31,3625,3695,3625,3685,17106,0.016551724137930934
2023-04-03,3690,3755,3685,3745,34710,0.016282225237449044
2023-04-04,3745,3800,3695,3695,17597,-0.013351134846461998
2023-04-05,3685,3920,3685,3790,31298,0.025710419485791558
2023-04-06,3765,3765,3685,3765,18850,-0.006596306068601621
2023-04-07,3765,3765,3670,3695,14877,-0.01859229747675961
2023-04-10,3695,3735,3645,3665,6928,-0.008119079837618393
2023-04-11,3620,3665,3590,3640,24648,-0.006821282401091366
2023-04-12,3655,3735,3610,3725,9401,0.02335164835164827
2023-04-13,3690,3850,3685,3730,12986,0.0013422818791946067
2023-04-14,3730,3730,3670,3720,10001,-0.002680965147453085
2023-04-17,3710,3710,3655,3690,10009,-0.008064516129032251
2023-04-18,3690,3690,3605,3610,15824,-0.02168021680216803
2023-04-19,3610,3695,3610,3615,22525,0.0013850415512466352
2023-04-20,3615,3615,3520,3520,17843,-0.026279391424619658
2023-04-21,3520,3535,3430,3430,32995,-0.025568181818181768
2023-04-24,3430,3445,3400,3440,14173,0.00291545189504383
2023-04-25,3430,3460,3405,3460,16064,0.005813953488372103
2023-04-26,3425,3460,3400,3450,21152,-0.0028901734104046506
2023-04-27,3445,3445,3390,3445,18332,-0.0014492753623188692
2023-04-28,3445,3540,3445,3450,19870,0.0014513788098693414
2023-05-02,3480,3485,3465,3480,20111,0.008695652173912993
2023-05-03,3480,3500,3425,3440,18402,-0.011494252873563204
2023-05-04,3440,3445,3405,3440,11920,0.0
2023-05-08,3440,3515,3435,3460,25020,0.005813953488372103
2023-05-09,3465,3550,3460,3530,23082,0.020231213872832443
2023-05-10,3485,3525,3445,3445,23050,-0.024079320113314484
2023-05-11,3445,3480,3440,3470,26758,0.007256894049346929
2023-05-12,3470,3540,3430,3430,20452,-0.011527377521613813
2023-05-15,3430,3650,3380,3625,68907,0.05685131195335269
2023-05-16,3625,3740,3600,3685,47613,0.016551724137930934
2023-05-17,3700,3850,3700,3815,83597,0.03527815468113982
2023-05-18,3825,3870,3795,3800,63743,-0.003931847968545177
2023-05-19,3800,3870,3785,3800,34882,0.0
2023-05-22,3800,3830,3755,3795,28601,-0.001315789473684159
2023-05-23,3815,3865,3780,3805,21966,0.0026350461133068936
2023-05-24,3800,3800,3685,3760,47590,-0.01182654402102501
2023-05-25,3725,3750,3700,3750,22062,-0.0026595744680850686
2023-05-26,3750,3750,3705,3735,15126,-0.0040000000000000036
2023-05-30,3735,3760,3695,3735,24067,0.0
2023-05-31,3735,3805,3735,3765,28144,0.008032128514056325
2023-06-01,3765,3995,3760,3995,88605,0.061088977423638724
2023-06-02,3990,4010,3750,3975,69908,-0.005006257822277815
2023-06-05,3975,4010,3875,4000,31147,0.0062893081761006275
2023-06-07,4000,4090,3905,3990,47381,-0.0024999999999999467
2023-06-08,3900,4000,3890,3965,28202,-0.006265664160400974
2023-06-09,3965,4050,3945,3970,24749,0.0012610340479193294
2023-06-12,4000,4030,3890,3915,21915,-0.013853904282115859
2023-06-13,3915,3985,3855,3875,23980,-0.010217113665389577
2023-06-14,3885,3905,3750,3820,31490,-0.014193548387096744
2023-06-15,3785,3820,3750,3760,11904,-0.015706806282722474
2023-06-16,3780,3855,3760,3835,17229,0.019946808510638236
2023-06-19,3835,3870,3795,3800,13726,-0.009126466753585416
2023-06-20,3800,3815,3725,3730,28032,-0.018421052631578894
2023-06-21,3730,3800,3730,3730,20701,0.0
2023-06-22,3730,3785,3660,3715,16500,-0.004021447721179627
2023-06-23,3715,3795,3685,3685,16431,-0.008075370121130576
2023-06-26,3685,3725,3645,3710,33329,0.006784260515603879
2023-06-27,3745,3830,3745,3815,46533,0.028301886792452935
2023-06-28,3800,3900,3795,3890,36419,0.019659239842725995
2023-06-29,3870,4090,3820,4010,102041,0.03084832904884327
2023-06-30,4000,4060,3995,4060,43593,0.012468827930174564
2023-07-03,4060,4185,4060,4145,89593,0.020935960591133007
2023-07-04,4185,4245,4145,4180,39262,0.008443908323281013
2023-07-05,4180,4205,4055,4055,30026,-0.029904306220095656
2023-07-06,4055,4085,4000,4005,28654,-0.012330456226880449
2023-07-07,3980,4005,3880,4005,38046,0.0
2023-07-10,3950,3965,3890,3930,20604,-0.01872659176029967
2023-07-11,3930,3930,3860,3930,13383,0.0
2023-07-12,3920,3935,3840,3910,29319,-0.0050890585241730735
2023-07-13,3910,3990,3905,3930,28111,0.005115089514066584
2023-07-14,3975,3980,3900,3930,16588,0.0
2023-07-17,3950,3950,3870,3950,18550,0.0050890585241729624
2023-07-18,3930,3945,3870,3900,13183,-0.012658227848101222
2023-07-19,3900,3900,3820,3865,17860,-0.008974358974358942
2023-07-20,3825,3840,3785,3795,22039,-0.018111254851228997
2023-07-21,3765,3885,3765,3765,16245,-0.007905138339920903
2023-07-24,3765,3765,3680,3710,28438,-0.014608233731739695
2023-07-25,3710,3755,3645,3755,19633,0.0121293800539084
2023-07-26,3720,3720,3350,3570,52534,-0.04926764314247667
2023-07-27,3535,3635,3525,3620,17421,0.014005602240896309
2023-07-28,3550,3645,3550,3635,15603,0.004143646408839796
2023-07-31,3635,3700,3575,3635,26661,0.0
2023-08-01,3635,3675,3590,3640,36724,0.0013755158184318717
2023-08-02,3610,3610,3515,3515,38106,-0.03434065934065933
2023-08-03,3500,3520,3475,3520,14426,0.0014224751066855834
2023-08-04,3495,3580,3490,3580,11745,0.017045454545454586
2023-08-07,3580,3630,3515,3620,13717,0.011173184357541999
2023-08-08,3590,3690,3560,3685,20448,0.017955801104972302
2023-08-09,3630,3720,3630,3720,6086,0.009497964721845387
2023-08-10,3720,3750,3665,3705,14056,-0.0040322580645161255
2023-08-11,3705,3745,3625,3655,15605,-0.013495276653171406
2023-08-14,3600,3695,3575,3660,23829,0.001367989056087593
2023-08-16,3635,3750,3625,3750,35668,0.024590163934426146
2023-08-17,3750,3875,3660,3825,68983,0.020000000000000018
2023-08-18,3825,3875,3705,3785,19676,-0.010457516339869244
2023-08-21,3750,3875,3735,3870,19713,0.022457067371202122
2023-08-22,3870,3880,3830,3880,16493,0.0025839793281654533
2023-08-23,3880,3880,3840,3855,11780,-0.006443298969072142
2023-08-24,3855,3895,3785,3880,14305,0.006485084306095956
2023-08-25,3875,3875,3790,3815,17430,-0.01675257731958768
2023-08-28,3815,3815,3720,3765,24457,-0.013106159895150737
2023-08-29,3755,3760,3705,3725,35761,-0.010624169986719778
2023-08-30,3725,3800,3725,3775,11988,0.01342281879194629
2023-08-31,3775,3835,3750,3755,16035,-0.005298013245033095
2023-09-01,3755,3755,3615,3625,40242,-0.03462050599201061
2023-09-04,3625,3650,3580,3610,31104,-0.004137931034482789
2023-09-05,3610,3650,3590,3650,14453,0.011080332409972193
2023-09-06,3620,3970,3595,3865,102975,0.05890410958904102
2023-09-07,3865,3990,3780,3855,26107,-0.002587322121604174
2023-09-08,3850,3855,3730,3850,29359,-0.0012970168612191912
2023-09-11,3850,3890,3775,3875,14806,0.006493506493506551
2023-09-12,3875,3890,3775,3850,21660,-0.006451612903225823
2023-09-13,3800,3835,3755,3835,19782,-0.003896103896103842
2023-09-14,3800,3815,3750,3780,15173,-0.014341590612777066
2023-09-15,3790,4100,3770,3815,112670,0.0092592592592593
2023-09-18,3835,3905,3825,3875,33578,0.01572739187418093
2023-09-19,3875,3935,3820,3860,27791,-0.003870967741935516
2023-09-20,3820,4200,3820,4000,273639,0.03626943005181338
2023-09-21,3960,4140,3920,4005,73526,0.0012499999999999734
2023-09-22,3960,4125,3925,3935,36204,-0.017478152309613026
2023-09-25,3935,3935,3745,3790,54846,-0.03684879288437104
2023-09-26,3755,3875,3715,3865,40381,0.01978891820580464
2023-09-27,3830,4050,3745,3910,25272,0.011642949547218562
2023-10-04,3910,4060,3860,3945,35573,0.008951406649616356
2023-10-05,3945,4030,3910,3995,31582,0.012674271229404344
2023-10-06,3975,4040,3800,3870,99694,-0.03128911138923651
2023-10-10,3885,3940,3805,3895,62131,0.006459948320413522
2023-10-11,3860,3955,3860,3925,17869,0.007702182284980763
2023-10-12,3925,4045,3925,4025,47614,0.02547770700636942
2023-10-13,4025,4075,4005,4025,26796,0.0
2023-10-16,4025,4095,3980,4015,31611,-0.00248447204968949
2023-10-17,4015,4090,4015,4020,23595,0.001245330012453305
2023-10-18,4055,4065,3960,4020,30660,0.0
2023-10-19,4015,4015,3825,3910,44329,-0.027363184079602032
2023-10-20,3870,3890,3785,3830,24589,-0.020460358056266004
2023-10-23,3810,3925,3780,3925,26884,0.024804177545691974
2023-10-24,3925,3995,3835,3930,16803,0.001273885350318471
2023-10-25,4000,4030,3905,3960,21565,0.007633587786259444
2023-10-26,3920,3960,3865,3960,27607,0.0
2023-10-27,3960,3960,3830,3940,24581,-0.005050505050505083
2023-10-30,3935,4020,3840,4000,29234,0.015228426395939021
2023-10-31,4000,4050,3955,3980,31517,-0.0050000000000000044
2023-11-01,3970,4010,3945,3995,31000,0.0037688442211054607
2023-11-02,4005,4060,3995,4030,35858,0.008760951188986343
2023-11-03,4045,4090,4025,4080,47103,0.012406947890818865
2023-11-06,4120,4120,4000,4035,20735,-0.011029411764705843
2023-11-07,4035,4050,3935,4045,18809,0.0024783147459728205
2023-11-08,4005,4050,3970,4015,16733,-0.007416563658838027
2023-11-09,4015,4070,3990,4020,18239,0.001245330012453305
2023-11-10,3980,4020,3955,4020,13752,0.0
2023-11-13,3980,4020,3945,3970,22840,-0.01243781094527363
2023-11-14,3960,4040,3955,4000,30022,0.007556675062972307
2023-11-15,4000,4065,3990,3990,44327,-0.0024999999999999467
2023-11-16,3990,4065,3990,4025,60595,0.00877192982456143
2023-11-17,4025,4145,4010,4120,62504,0.023602484472049712
2023-11-20,4100,4120,4035,4075,41642,-0.01092233009708743
2023-11-21,4075,4130,4040,4065,28377,-0.0024539877300613355
2023-11-22,4060,4060,4000,4035,31901,-0.0073800738007380184
2023-11-23,4030,4085,4020,4050,23895,0.0037174721189590088
2023-11-24,4095,4140,4020,4055,21629,0.0012345679012346622
2023-11-27,4055,4140,4030,4065,28342,0.002466091245376001
2023-11-28,4065,4095,4020,4045,19031,-0.004920049200492049
2023-11-29,4045,4060,3920,3935,61312,-0.027194066749072876
2023-11-30,3935,4030,3930,3980,30026,0.011435832274459878
2023-12-01,3980,4000,3945,3945,25263,-0.008793969849246186
2023-12-04,3925,3925,3840,3850,57719,-0.02408111533586821
2023-12-05,3850,3900,3810,3850,26888,0.0
2023-12-06,3850,3960,3850,3940,22389,0.023376623376623273
2023-12-07,3920,3940,3855,3895,11630,-0.011421319796954266
2023-12-08,3890,3895,3825,3860,9060,-0.00898587933247752
2023-12-11,3860,3860,3820,3850,13524,-0.002590673575129543
2023-12-12,3850,3885,3830,3875,9542,0.006493506493506551
2023-12-13,3875,3890,3815,3840,11787,-0.00903225806451613
2023-12-14,3850,3850,3815,3820,11683,-0.00520833333333337
2023-12-15,3800,3800,3745,3775,25477,-0.011780104712041939
2023-12-18,3775,3815,3745,3815,21701,0.01059602649006619
2023-12-19,3840,3890,3815,3890,17515,0.019659239842725995
2023-12-20,3875,4015,3875,3940,21555,0.01285347043701801
2023-12-21,3955,3995,3880,3945,12242,0.0012690355329949554
2023-12-22,3940,3980,3880,3950,31126,0.0012674271229404788
2023-12-26,3950,3960,3875,3950,24547,0.0
2023-12-27,3805,3920,3760,3825,24639,-0.03164556962025311
2023-12-28,3825,3835,3785,3820,14934,-0.0013071895424836555
2024-01-02,3775,3805,3755,3795,39108,-0.00654450261780104
2024-01-03,3760,3795,3760,3795,15016,0.0
2024-01-04,3780,3810,3765,3790,14239,-0.0013175230566534468
2024-01-05,3790,3840,3790,3825,17362,0.00923482849604218
2024-01-08,3825,3860,3790,3825,13144,0.0
2024-01-09,3825,3865,3800,3820,20395,-0.0013071895424836555
2024-01-10,3830,3870,3795,3850,46531,0.007853403141361293
2024-01-11,3830,3860,3805,3860,6644,0.0025974025974024872
2024-01-12,3865,3870,3805,3870,12369,0.002590673575129543
2024-01-15,3850,3880,3820,3820,13967,-0.012919896640826822
2024-01-16,3825,3865,3770,3825,28051,0.0013089005235602524
2024-01-17,3805,3825,3710,3825,15403,0.0
2024-01-18,3780,3805,3730,3760,33678,-0.016993464052287632
2024-01-19,3745,3760,3700,3750,25300,-0.0026595744680850686
2024-01-22,3750,3795,3730,3755,17380,0.0013333333333334085
2024-01-23,3725,3790,3675,3790,32114,0.009320905459387463
2024-01-24,3765,3765,3710,3755,8465,-0.00923482849604218
2024-01-25,3730,3740,3675,3715,10859,-0.010652463382157085
2024-01-26,3695,3710,3670,3710,17077,-0.0013458950201884479
2024-01-29,3710,3750,3675,3730,19950,0.005390835579514919
2024-01-30,3705,3765,3680,3730,24707,0.0
2024-01-31,3730,3730,3655,3725,21315,-0.0013404825737265424
2024-02-01,3705,3705,3640,3700,42960,-0.006711409395973145
2024-02-02,3685,3750,3685,3740,13713,0.0108108108108107
2024-02-05,3740,3755,3710,3750,28646,0.002673796791443861
2024-02-06,3745,3750,3695,3750,27489,0.0
2024-02-07,3735,3755,3710,3750,15716,0.0
2024-02-08,3765,3800,3725,3775,29451,0.006666666666666599
2024-02-13,3775,3790,3765,3775,15446,0.0
2024-02-14,3765,3765,3735,3760,18257,-0.003973509933774877
2024-02-15,3760,3760,3725,3725,36761,-0.009308510638297851
2024-02-16,3725,3740,3695,3730,30183,0.0013422818791946067
2024-02-19,3725,3770,3715,3750,52654,0.00536193029490617
2024-02-20,3760,3800,3740,3785,39615,0.009333333333333416
2024-02-21,3780,3835,3765,3825,59216,0.010568031704095038
2024-02-22,3835,3835,3785,3825,13446,0.0
2024-02-23,3795,3865,3795,3865,21665,0.010457516339869244
2024-02-26,3830,3860,3810,3860,9979,-0.001293661060802087
2024-02-27,3845,3845,3780,3800,17786,-0.015544041450777257
2024-02-28,3795,3815,3775,3810,29226,0.002631578947368318
2024-02-29,3810,3810,3770,3785,15943,-0.006561679790026198
2024-03-04,3780,3830,3770,3800,15358,0.003963011889035695
2024-03-05,3785,3800,3750,3750,22570,-0.013157894736842146
2024-03-06,3715,3830,3715,3790,22967,0.010666666666666602
2024-03-07,3790,3810,3770,3790,12196,0.0
2024-03-08,3775,3810,3760,3790,15118,0.0
2024-03-11,3785,3820,3775,3780,10395,-0.0026385224274406704
2024-03-12,3780,3810,3765,3780,23390,0.0
2024-03-13,3780,3830,3765,3805,15442,0.006613756613756516
2024-03-14,3800,3840,3780,3780,24233,-0.006570302233902758
2024-03-15,3780,3790,3755,3770,38698,-0.002645502645502673
2024-03-18,3740,3795,3735,3770,18611,0.0
2024-03-19,3770,3770,3740,3750,20184,-0.0053050397877983935
2024-03-20,3750,3775,3745,3765,9311,0.0040000000000000036
2024-03-21,3755,3800,3755,3790,13171,0.006640106241699861
2024-03-22,3790,3840,3785,3815,10167,0.006596306068601621
2024-03-25,3815,3830,3780,3780,9037,-0.00917431192660545
2024-03-26,3780,3850,3780,3785,6896,0.001322751322751392
2024-03-27,3835,3835,3770,3785,6842,0.0
2024-03-28,3815,3820,3785,3810,7177,0.006605019815059343
2024-03-29,3785,3815,3770,3790,5756,-0.005249343832021025
2024-04-01,3750,3780,3750,3760,21258,-0.0079155672823219
2024-04-02,3755,3760,3725,3755,21672,-0.0013297872340425343
2024-04-03,3750,3770,3710,3750,9599,-0.0013315579227696217
2024-04-04,3750,3750,3705,3710,21414,-0.010666666666666713
2024-04-05,3710,4360,3645,3665,2120191,-0.0121293800539084
2024-04-08,3685,3700,3615,3640,73348,-0.006821282401091366
2024-04-09,3630,3640,3605,3615,36230,-0.006868131868131844
2024-04-11,3600,3610,3570,3580,21271,-0.009681881051175623
2024-04-12,3580,3650,3570,3580,13684,0.0
2024-04-15,3575,3580,3510,3545,22256,-0.009776536312849138
2024-04-16,3545,3575,3510,3520,20918,-0.007052186177715081
2024-04-17,3505,3635,3505,3620,18647,0.02840909090909083
2024-04-18,3620,3655,3605,3635,16415,0.004143646408839796
2024-04-19,3635,3660,3605,3625,23247,-0.0027510316368638543
2024-04-22,3625,3650,3625,3640,15196,0.004137931034482678
2024-04-23,3610,4345,3610,3705,3044173,0.017857142857142794
2024-04-24,3690,3750,3675,3725,122534,0.005398110661268607
2024-04-25,3720,3785,3685,3715,90648,-0.0026845637583892135
2024-04-26,3740,3780,3710,3755,44454,0.010767160161507361
2024-04-29,3755,3825,3720,3765,68008,0.0026631158455392434
2024-04-30,3770,3825,3750,3780,38490,0.003984063745019917
2024-05-02,3780,3785,3730,3750,35176,-0.007936507936507908
2024-05-03,3750,3770,3725,3735,23525,-0.0040000000000000036
2024-05-07,3725,3785,3725,3750,19375,0.004016064257028162
2024-05-08,3735,3795,3735,3775,30397,0.006666666666666599
2024-05-09,3775,3840,3775,3815,76404,0.01059602649006619
2024-05-10,3820,3875,3820,3855,44011,0.010484927916120546
2024-05-13,3845,3870,3830,3850,36324,-0.0012970168612191912
2024-05-14,3850,3855,3815,3830,14320,-0.0051948051948051965
2024-05-16,3800,3860,3800,3835,41059,0.0013054830287206887
2024-05-17,3850,3850,3820,3850,13673,0.003911342894393766
2024-05-20,3855,3905,3805,3810,34743,-0.010389610389610393
2024-05-21,3810,3900,3780,3850,41603,0.01049868766404205
2024-05-22,3850,3860,3810,3840,17278,-0.0025974025974025983
2024-05-23,3820,3870,3810,3865,16822,0.006510416666666741
2024-05-24,3835,3855,3820,3855,7503,-0.002587322121604174
2024-05-27,3845,3855,3810,3825,18334,-0.0077821011673151474
2024-05-28,3820,3820,3785,3785,16310,-0.010457516339869244
2024-05-29,3780,3780,3690,3705,48483,-0.021136063408190187
2024-05-30,3695,3725,3670,3725,26072,0.005398110661268607
2024-05-31,3690,3745,3675,3695,24206,-0.008053691275167751
2024-06-03,3695,3740,3690,3705,14032,0.0027063599458727605
2024-06-04,3720,3745,3695,3740,4366,0.009446693657219951
2024-06-05,3740,3740,3695,3740,14190,0.0
2024-06-07,3705,3725,3670,3680,13065,-0.016042780748663055
2024-06-10,3680,3695,3675,3695,7693,0.0040760869565217295
2024-06-11,3695,3730,3690,3710,11524,0.004059539918809252
2024-06-12,3680,3720,3680,3715,8283,0.0013477088948787852
2024-06-13,3705,3715,3690,3715,4995,0.0
2024-06-14,3715,3725,3660,3695,19682,-0.0053835800807536804
2024-06-17,3695,3710,3680,3680,6816,-0.004059539918809252
2024-06-18,3690,3725,3675,3700,10634,0.005434782608695565
2024-06-19,3695,3715,3655,3660,15886,-0.010810810810810811
2024-06-20,3660,3715,3660,3700,8151,0.010928961748633892
2024-06-21,3680,3750,3680,3690,10590,-0.002702702702702675
2024-06-24,3690,3720,3680,3720,9009,0.008130081300812941
2024-06-25,3710,3725,3675,3725,14895,0.0013440860215054862
2024-06-26,3720,3755,3705,3735,8374,0.0026845637583892135
2024-06-27,3730,3735,3690,3705,12227,-0.008032128514056214
2024-06-28,3710,3755,3705,3730,5696,0.006747638326585648
2024-07-01,3730,3735,3695,3705,6656,-0.006702412868632712
2024-07-02,3700,3730,3700,3725,5396,0.005398110661268607
2024-07-03,3700,3735,3695,3695,5411,-0.008053691275167751
2024-07-04,3720,3720,3635,3670,10848,-0.006765899864682012
2024-07-05,3695,3695,3645,3685,9102,0.004087193460490468
2024-07-08,3660,3755,3660,3695,12763,0.0027137042062415073
2024-07-09,3695,3750,3685,3740,11459,0.012178619756427533
2024-07-10,3740,3780,3740,3770,21672,0.008021390374331583
2024-07-11,3775,3795,3760,3780,10133,0.0026525198938991412
2024-07-12,3800,3805,3760,3780,8782,0.0
2024-07-15,3800,3810,3765,3795,17292,0.003968253968253954
2024-07-16,3815,3815,3790,3800,16087,0.0013175230566535578
2024-07-17,3785,3830,3760,3775,5677,-0.006578947368421018
2024-07-18,3775,3805,3745,3765,12343,-0.0026490066225165476
2024-07-19,3750,3770,3745,3760,4322,-0.0013280212483399723
2024-07-22,3775,3800,3760,3790,10721,0.007978723404255428
2024-07-23,3810,3810,3730,3750,3642,-0.01055408970976257
2024-07-24,3750,3760,3700,3710,8568,-0.010666666666666713
2024-07-25,3690,3710,3680,3695,6117,-0.0040431266846361336
2024-07-26,3695,3725,3660,3700,6428,0.0013531799729364913
2024-07-29,3700,3725,3685,3725,2961,0.006756756756756799
2024-07-30,3685,3725,3680,3700,2952,-0.006711409395973145
2024-07-31,3695,3700,3685,3690,3860,-0.002702702702702675
2024-08-01,3690,3715,3675,3675,4495,-0.004065040650406471
2024-08-02,3690,3710,3660,3660,7455,-0.004081632653061273
2024-08-05,3655,3655,3400,3460,38039,-0.05464480874316935
2024-08-06,3460,3605,3450,3470,27897,0.0028901734104045396
2024-08-07,3450,3550,3450,3495,22675,0.007204610951008661
2024-08-08,3480,3590,3460,3490,10943,-0.0014306151645206988
2024-08-09,3570,3570,3490,3520,7793,0.008595988538681931
2024-08-12,3535,3580,3510,3560,30428,0.011363636363636465
2024-08-13,3560,3610,3545,3610,12329,0.014044943820224809
2024-08-14,3575,3725,3575,3695,24096,0.023545706371191244
2024-08-16,3695,3725,3650,3670,9970,-0.006765899864682012
2024-08-19,3640,3685,3630,3685,17053,0.004087193460490468
2024-08-20,3685,3710,3645,3650,11065,-0.009497964721845276
2024-08-21,3650,3710,3650,3705,13919,0.015068493150685036
2024-08-22,3670,3680,3595,3595,10233,-0.029689608636977005
2024-08-23,3595,3645,3555,3575,3490,-0.0055632823365785455
2024-08-26,3575,3595,3560,3560,2975,-0.004195804195804231
2024-08-27,3565,3570,3530,3565,4633,0.001404494382022392
2024-08-28,3555,3580,3525,3550,7366,-0.0042075736325385416
2024-08-29,3540,3590,3530,3570,10241,0.005633802816901401
2024-08-30,3555,3630,3540,3595,8027,0.007002801120448154
2024-09-02,3625,3630,3595,3625,6566,0.008344923504867818
2024-09-03,3645,3790,3605,3725,19311,0.02758620689655178
2024-09-04,3700,3725,3595,3630,8040,-0.025503355704697972
2024-09-05,3650,3675,3605,3675,8538,0.012396694214876103
2024-09-06,3690,3800,3605,3625,19982,-0.013605442176870763
2024-09-09,3575,3650,3555,3630,5787,0.0013793103448276334
2024-09-10,3630,3660,3585,3605,5546,-0.00688705234159781
2024-09-11,3645,3645,3600,3615,16100,0.00277392510402219
2024-09-12,3645,3675,3590,3665,6169,0.013831258644536604
2024-09-13,3660,3700,3640,3650,7413,-0.004092769440654842
2024-09-19,3680,3680,3650,3655,6853,0.00136986301369868
2024-09-20,3695,3715,3660,3675,8781,0.00547195622435015
2024-09-23,3710,4085,3610,3685,567743,0.0027210884353741083
2024-09-24,3685,3730,3615,3685,14853,0.0
2024-09-25,3705,3745,3660,3660,9301,-0.006784260515603768
2024-09-26,3660,3700,3660,3680,4130,0.005464480874316946
2024-09-27,3680,3720,3660,3710,7065,0.008152173913043459
2024-09-30,3710,3735,3700,3720,9290,0.0026954177897573484
2024-10-02,3735,3735,3700,3715,2390,-0.0013440860215053752
2024-10-04,3715,3760,3700,3740,4476,0.006729475100942128
2024-10-07,3755,3755,3700,3735,3450,-0.0013368983957219305
2024-10-08,3735,3780,3700,3740,3921,0.0013386880856760541
2024-10-10,3745,3780,3690,3720,2014,-0.005347593582887722
2024-10-11,3700,3735,3700,3720,8943,0.0
2024-10-14,3720,3740,3670,3735,2591,0.0040322580645162365
2024-10-15,3715,3735,3700,3725,1220,-0.0026773761713521083
2024-10-16,3735,3850,3675,3700,4665,-0.006711409395973145
2024-10-17,3700,3735,3700,3735,747,0.009459459459459474
2024-10-18,3705,3735,3700,3725,1933,-0.0026773761713521083
2024-10-21,3700,3760,3695,3760,1852,0.00939597315436247
2024-10-22,3760,3760,3700,3705,3654,-0.0146276595744681
2024-10-23,3725,3755,3700,3755,1360,0.013495276653171295
2024-10-24,3755,3780,3715,3760,5304,0.0013315579227697327
2024-10-25,3755,3755,3690,3690,1586,-0.018617021276595702
2024-10-28,3740,3745,3695,3700,5158,0.0027100271002709064
2024-10-29,3700,3745,3700,3735,1874,0.009459459459459474
2024-10-30,3710,3790,3710,3765,5669,0.008032128514056325
2024-10-31,3765,3810,3735,3770,6320,0.0013280212483399723
2024-11-01,3770,3830,3745,3810,8623,0.010610079575596787
2024-11-04,3810,3810,3750,3800,1351,-0.002624671916010457
2024-11-05,3765,3825,3750,3800,1898,0.0
2024-11-06,3800,3800,3750,3790,3477,-0.0026315789473684292
2024-11-07,3755,3785,3730,3785,1609,-0.0013192612137202797
2024-11-08,3785,3800,3730,3780,3910,-0.0013210039630119352
2024-11-11,3750,3780,3700,3745,11844,-0.0092592592592593
2024-11-12,3750,3770,3705,3770,10555,0.006675567423231055
2024-11-13,3770,3785,3695,3710,10209,-0.01591511936339518
2024-11-14,3710,3810,3690,3690,6921,-0.005390835579514808
2024-11-15,3750,3785,3650,3685,9845,-0.0013550135501354532
2024-11-18,3655,3785,3655,3755,13725,0.01899592944369055
2024-11-19,3765,3800,3725,3730,3460,-0.0066577896138482195
