Date,Open,High,Low,Close,Volume,Change
2022-01-03,19973,20724,19832,20631,157741,0.03041654180401565
2022-01-04,20536,20536,20068,20069,120368,-0.02724056032184574
2022-01-05,19973,20161,19317,19459,128008,-0.03039513677811545
2022-01-06,19270,20114,19035,19271,155756,-0.009661339226065047
2022-01-07,19316,19785,19269,19646,67224,0.01945929116288725
2022-01-10,19551,21239,19363,19693,537995,0.0023923444976077235
2022-01-11,19692,20208,19270,19412,124420,-0.014269029604427996
2022-01-12,19457,19645,19411,19412,82910,0.0
2022-01-13,19270,20067,19082,19271,225582,-0.007263548320626367
2022-01-14,19364,19411,18566,19037,92208,-0.012142597685641632
2022-01-17,18942,19035,18051,18099,149372,-0.04927246940169139
2022-01-18,17864,18286,17209,17209,116789,-0.0491739875131223
2022-01-19,16833,17162,16504,16740,135425,-0.027253181474809707
2022-01-20,16692,17021,16457,16834,83150,0.005615292712066955
2022-01-21,16879,17629,16785,17021,126529,0.011108470951645577
2022-01-24,17021,17068,16223,16271,88901,-0.04406321602726049
2022-01-25,16271,16411,15004,15052,188897,-0.07491856677524433
2022-01-26,14910,15474,14910,15052,103115,0.0
2022-01-27,15050,15284,14253,14254,132465,-0.05301621047036942
2022-01-28,14254,15146,14254,15146,110936,0.06257892521397501
2022-02-03,15566,16411,15425,16224,147182,0.07117390730225792
2022-02-04,16035,16458,15800,16177,101046,-0.002896942800789004
2022-02-07,16365,16411,15613,15943,56020,-0.014464981146071532
2022-02-08,15848,19177,15801,16740,2130480,0.04999059148215523
2022-02-09,16739,16974,16457,16599,134798,-0.008422939068100321
2022-02-10,16787,16834,15942,16037,96933,-0.033857461292848945
2022-02-11,15708,16130,15474,15474,85625,-0.035106316642763646
2022-02-14,15145,15380,14722,14958,73611,-0.03334625823962778
2022-02-15,14769,15191,14441,14442,85411,-0.03449659045326914
2022-02-16,14910,15614,14910,15380,126615,0.06494945298435129
2022-02-17,15567,15848,14956,15380,105553,0.0
2022-02-18,14956,15661,14956,15661,45244,0.018270481144343265
2022-02-21,15191,15895,15144,15849,75631,0.012004341996041168
2022-02-22,15473,15707,15050,15192,60925,-0.041453719477569595
2022-02-23,15192,15567,15144,15192,52650,0.0
2022-02-24,15003,15707,14394,14536,136057,-0.04318062137967349
2022-02-25,14863,15567,14863,15099,101273,0.03873142542652719
2022-02-28,15097,15426,14956,15286,50843,0.012384926154049847
2022-03-02,15285,15802,15144,15521,69368,0.01537354441973049
2022-03-03,15566,15989,15566,15802,70290,0.018104503575800512
2022-03-04,15848,15848,15144,15286,81016,-0.03265409441842804
2022-03-07,15379,15801,14863,15333,115367,0.003074708883946009
2022-03-08,15192,15707,15050,15192,73181,-0.009195852083740963
2022-03-10,15473,15942,15285,15427,57203,0.015468667719852558
2022-03-11,15378,15895,15378,15661,72420,0.015168211577105017
2022-03-14,15990,15990,15098,15146,52216,-0.03288423472319779
2022-03-15,15192,15379,14863,14911,45358,-0.015515647695761303
2022-03-16,15238,15426,15003,15333,39511,0.028301254107705676
2022-03-17,15425,15801,15378,15755,71791,0.027522337442118294
2022-03-18,15613,16223,15613,16083,114942,0.020818787686448736
2022-03-21,16176,17349,15801,16459,1022354,0.023378722875085467
2022-03-22,16505,16551,16035,16083,142974,-0.022844644267573933
2022-03-23,16083,16412,15942,16037,77850,-0.00286016290493063
2022-03-24,15848,16224,15754,15943,71218,-0.005861445407495114
2022-03-25,15941,16411,15894,16130,95088,0.01172928557987829
2022-03-28,16130,16130,15707,15802,67656,-0.020334779913205203
2022-03-29,15942,16271,15801,16037,90740,0.014871535248702772
2022-03-30,16177,16365,16037,16037,69869,0.0
2022-03-31,16129,16833,16082,16271,358056,0.014591257716530581
2022-04-01,16223,16599,16035,16318,101326,0.002888574764919216
2022-04-04,16411,16459,16176,16459,56428,0.008640764799607847
2022-04-05,16457,16645,16269,16599,72619,0.008505984567713787
2022-04-06,16599,16599,16223,16318,76152,-0.016928730646424528
2022-04-07,16270,16364,15519,15661,82617,-0.04026228704498103
2022-04-08,15567,16411,15379,15521,87646,-0.008939403614073194
2022-04-11,15520,15614,14722,14817,113179,-0.0453579021970234
2022-04-12,14769,14863,14300,14442,69834,-0.025308766956873896
2022-04-13,14347,15801,14347,14817,314429,0.02596593269630243
2022-04-14,14863,15051,14769,14817,53797,0.0
2022-04-15,14581,14675,14394,14536,61602,-0.018964702706350867
2022-04-18,14628,14628,14111,14442,60354,-0.006466703357182135
2022-04-19,14394,14534,14300,14442,58677,0.0
2022-04-20,14487,15051,14487,14864,120575,0.029220329594239036
2022-04-21,14816,16083,14675,15286,358582,0.028390742734122787
2022-04-22,15192,15286,14769,14958,63221,-0.02145754284966639
2022-04-25,14675,14675,14347,14348,61547,-0.04078085305522128
2022-04-26,14394,14628,14394,14489,42229,0.00982715361025921
2022-04-27,14065,14440,14018,14207,39292,-0.019463040927600206
2022-04-28,14393,14393,13877,13972,56377,-0.016541141690715855
2022-04-29,14018,14252,14018,14113,42650,0.010091611795018718
2022-05-02,13924,14111,13924,14066,37130,-0.0033302628781973764
2022-05-03,14065,14581,14065,14301,52067,0.016706952936158093
2022-05-04,14534,14534,14018,14113,28576,-0.013145933850779667
2022-05-06,13924,14065,13690,13785,43462,-0.023240983490398937
2022-05-09,13642,13642,12892,13034,139757,-0.054479506710192194
2022-05-10,12658,12845,12235,12800,70172,-0.017953045880006124
2022-05-11,12610,13690,12610,13363,167787,0.043984374999999964
2022-05-12,13032,13267,12470,12565,85223,-0.05971712938711371
2022-05-13,12752,13361,12658,12894,101531,0.026183844011142154
2022-05-16,12939,13596,12939,13222,76896,0.025438188304637732
2022-05-17,13220,14252,13220,13785,157525,0.04258054757222807
2022-05-18,13877,14581,13502,13738,232017,-0.003409503083061316
2022-05-19,13267,13549,13127,13222,55219,-0.03756005240937543
2022-05-20,13219,14252,13219,13925,247022,0.053168960822870925
2022-05-23,13924,14112,13596,13785,59131,-0.010053859964093359
2022-05-24,13691,15239,13456,14677,698598,0.06470801595937603
2022-05-25,14299,14487,14065,14254,130616,-0.028820603665599243
2022-05-26,14253,15472,14206,14301,617571,0.003297320050512198
2022-05-27,14393,14721,14206,14254,86348,-0.003286483462694889
2022-05-30,14299,14534,14206,14254,65002,0.0
2022-05-31,14299,14440,13924,14160,126170,-0.006594640101024285
2022-06-02,14252,14299,14065,14113,50125,-0.0033192090395480767
2022-06-03,14112,14299,14065,14160,49354,0.0033302628781974875
2022-06-07,14252,14252,13784,13785,40629,-0.026483050847457612
2022-06-08,14252,16174,13877,14019,2811061,0.01697497279651805
2022-06-09,14017,14017,13408,13550,212566,-0.033454597332192026
2022-06-10,13408,13455,12940,12941,186654,-0.044944649446494456
2022-06-13,12564,13267,11907,12143,305269,-0.061664477242871496
2022-06-14,11767,12376,11673,11862,151590,-0.0231409042246562
2022-06-15,11815,12143,11252,11441,118330,-0.03549148541561287
2022-06-16,11628,12190,11582,11582,139227,0.012324097543920942
2022-06-17,11157,11907,11157,11815,89683,0.0201174235883268
2022-06-20,11861,12330,11205,11347,283131,-0.03961066440964878
2022-06-21,11346,11721,11299,11582,74478,0.02071031990834582
2022-06-22,11673,12189,11579,11815,328806,0.0201174235883268
2022-06-23,11581,11673,10314,10362,247384,-0.12297926364790523
2022-06-24,10314,11018,10267,10878,142409,0.04979733642154027
2022-06-27,11064,11534,11064,11394,110506,0.04743519029233312
2022-06-28,11534,11581,11064,11347,71177,-0.004124978058627327
2022-06-29,11158,11674,11111,11535,61439,0.016568255926676656
2022-06-30,11440,11815,10972,10972,205870,-0.04880797572605111
2022-07-01,10925,11300,10502,10644,81611,-0.02989427633977393
2022-07-04,10737,10878,10361,10503,58352,-0.013246899661781275
2022-07-05,10595,11440,10595,11394,133945,0.08483290488431883
2022-07-06,11393,11908,11299,11441,137939,0.004124978058627438
2022-07-07,11579,11954,11579,11721,90036,0.02447338519360187
2022-07-08,11907,12095,11720,11862,95684,0.012029690299462548
2022-07-11,12096,15379,11908,14911,4125538,0.2570392851121228
2022-07-12,15379,16692,15050,15333,2807468,0.028301254107705676
2022-07-13,15848,16224,14675,15380,1229449,0.0030652840279137283
2022-07-14,15566,17114,15144,16083,3497754,0.045708712613784064
2022-07-15,15707,16411,15566,16318,866460,0.0146117017969285
2022-07-18,16458,16505,15144,15708,774222,-0.037382032111778374
2022-07-19,16411,17115,15801,15849,1274935,0.0089763177998472
2022-07-20,15754,16927,15519,16740,1972087,0.05621805792163537
2022-07-21,16927,16927,15849,15849,627495,-0.0532258064516129
2022-07-22,15990,16458,15568,15568,388601,-0.01772982522556632
2022-07-25,15567,15708,14722,14958,301353,-0.03918293936279549
2022-07-26,15239,15333,14722,14958,205175,0.0
2022-07-27,14770,15145,14770,14770,153299,-0.01256852520390428
2022-07-28,14862,14862,14253,14395,234483,-0.025389302640487443
2022-07-29,14299,14346,13549,13785,277672,-0.04237582493921499
2022-08-01,13972,15520,13456,14630,1047196,0.061298512876314826
2022-08-02,15004,18708,14488,17256,9022761,0.17949419002050582
2022-08-03,16974,17162,16364,16412,1239147,-0.04891052387575334
2022-08-04,16646,16740,15942,15990,735772,-0.025712893005118254
2022-08-05,15942,16271,15895,15943,318088,-0.002939337085678506
2022-08-08,16177,16317,15566,15802,320094,-0.008844006774132884
2022-08-09,15754,16224,15660,15990,307273,0.011897228198962218
2022-08-10,15942,15989,14958,14958,374587,-0.06454033771106937
2022-08-11,14957,15192,14863,15099,170332,0.00942639390292821
2022-08-12,15285,15895,15003,15427,477232,0.02172329293330688
2022-08-16,15566,15990,15426,15990,236248,0.036494457768846855
2022-08-17,15989,16036,15097,15192,192416,-0.04990619136960606
2022-08-18,15285,15614,15097,15333,148497,0.009281200631911624
2022-08-19,15286,15614,14863,15146,157110,-0.012195917302550097
2022-08-22,14864,15005,14583,14583,116471,-0.0371715304370791
2022-08-23,14299,14628,14112,14254,127881,-0.02256051566892958
2022-08-24,14347,14581,14252,14536,82094,0.019783920303072744
2022-08-25,14535,14770,14300,14677,59287,0.009700055035773314
2022-08-26,14769,14816,14441,14442,71152,-0.01601144648088848
2022-08-29,13971,13971,13502,13597,160258,-0.05850990167566816
2022-08-30,13595,14627,13595,14113,174910,0.03794954769434433
2022-08-31,14018,14627,13830,14160,103354,0.0033302628781974875
2022-09-01,14158,14158,13502,13550,89019,-0.04307909604519777
2022-09-02,13689,13783,12986,13034,115904,-0.03808118081180811
2022-09-05,12986,13221,12705,12847,83923,-0.014347092220346802
2022-09-06,12752,13080,12752,12941,46431,0.0073168833190628835
2022-09-07,12846,12893,12283,12472,87991,-0.036241403291863095
2022-09-08,12564,12799,12377,12425,52231,-0.0037684413085311563
2022-09-13,12658,13737,12564,12941,291683,0.041529175050301737
2022-09-14,12376,12986,12329,12894,69279,-0.003631867707286962
2022-09-15,13174,13174,12658,12800,68001,-0.007290212501938842
2022-09-16,12611,12658,12189,12331,73376,-0.03664062499999998
2022-09-19,12236,12376,11767,11862,80785,-0.038034222690779385
2022-09-20,11814,12142,11720,11815,93615,-0.003962232338560079
2022-09-21,11673,11860,11438,11674,53790,-0.011933982225983963
2022-09-22,11534,11628,11111,11347,87080,-0.028010964536577032
2022-09-23,11253,11581,10877,11066,115479,-0.024764254869128366
2022-09-26,10737,11300,10596,10644,156380,-0.0381348273992409
2022-09-27,10454,10924,10407,10737,116611,0.008737316798196115
2022-09-28,10597,11206,10549,10597,105551,-0.013039023935922489
2022-09-29,10925,11300,10691,10691,106463,0.00887043502878182
2022-09-30,10501,11253,10501,10878,111364,0.017491347862688134
2022-10-04,11158,11300,10970,11300,59349,0.03879389593675309
2022-10-05,11393,11628,10782,11206,87808,-0.008318584070796442
2022-10-06,11158,12049,11158,11628,278226,0.03765839728716758
2022-10-07,11534,11721,11299,11394,185799,-0.020123839009287936
2022-10-11,11018,12002,10596,11066,443709,-0.028787080919782326
2022-10-12,11158,11674,11111,11300,241347,0.02114585215976872
2022-10-13,11579,12470,11345,11768,795458,0.04141592920353987
2022-10-14,12001,12095,11767,11862,210225,0.007987763426240635
2022-10-17,11579,11954,11532,11815,104587,-0.003962232338560079
2022-10-18,12002,12283,11955,12003,128617,0.015911976301311803
2022-10-19,12001,12142,11673,11721,108500,-0.023494126468382892
2022-10-20,11674,11767,11205,11253,143589,-0.03992833375991811
2022-10-21,11253,11487,10972,10972,80415,-0.02497111881276104
2022-10-24,11158,11440,11158,11253,81965,0.025610645278891786
2022-10-25,11299,11581,11299,11535,61698,0.025059984004265567
2022-10-26,11720,11720,11158,11206,61014,-0.028521889900303465
2022-10-27,11252,11440,11205,11347,45286,0.01258254506514378
2022-10-28,11346,11908,11252,11394,162458,0.004142063981669164
2022-10-31,11534,11768,11440,11582,79576,0.016499912234509306
2022-11-01,11534,11628,11440,11582,62111,0.0
2022-11-02,11485,11860,11485,11721,81467,0.012001381453980331
2022-11-03,11440,11674,11346,11394,68769,-0.027898643460455563
2022-11-04,11299,11346,11017,11253,77518,-0.01237493417588209
2022-11-07,11579,12658,11579,11862,462254,0.054118901626232896
2022-11-08,11814,12001,11720,11956,103305,0.007924464677120158
2022-11-09,11954,12095,11861,11862,108810,-0.00786216125794581
2022-11-10,11814,12095,11626,11956,71293,0.007924464677120158
2022-11-11,12188,12235,12048,12143,135994,0.015640682502509273
2022-11-14,12283,12658,12236,12425,184839,0.023223256196985842
2022-11-15,12188,12752,12188,12753,133368,0.02639839034205238
2022-11-16,12892,12892,12330,12331,123077,-0.03309025327373949
2022-11-17,12329,12470,12001,12096,86941,-0.019057659557213502
2022-11-18,12095,12189,11861,11909,62189,-0.015459656084656048
2022-11-21,12002,12002,11393,11535,73398,-0.03140481988412125
2022-11-22,11394,11628,11299,11394,64767,-0.012223667100130009
2022-11-23,11487,11581,11393,11441,50103,0.004124978058627438
2022-11-24,11439,11673,11439,11628,29412,0.01634472511144125
2022-11-25,11627,11721,11487,11535,46055,-0.007997936016511886
2022-11-28,11581,11581,11064,11206,45722,-0.028521889900303465
2022-11-29,11064,11488,11064,11488,32127,0.025165090130287338
2022-11-30,12329,12329,11767,11815,272538,0.02846448467966578
2022-12-01,12048,12048,11861,11909,75048,0.007955988150655902
2022-12-02,11907,11954,11720,11768,34336,-0.01183978503652705
2022-12-05,11766,12235,11672,12096,138154,0.027872195785180187
2022-12-06,11861,12048,11814,11862,42444,-0.019345238095238138
2022-12-07,11813,11907,11532,11721,44105,-0.011886697015680348
2022-12-08,11815,11862,11440,11488,42122,-0.01987884992748057
2022-12-09,11532,11719,11438,11674,27373,0.01619080779944282
2022-12-12,11532,11766,11438,11721,26296,0.00402604077437041
2022-12-13,11860,12329,11719,12096,138722,0.0319938571794216
2022-12-14,13127,13268,12377,12425,631405,0.02719907407407418
2022-12-15,12376,13455,12329,13222,1559628,0.06414486921529172
2022-12-16,12846,12939,12470,12894,310629,-0.02480713961579184
2022-12-19,12705,12892,12189,12378,192416,-0.04001861330851564
2022-12-20,12376,12376,11767,11862,137889,-0.041686863790596274
2022-12-21,11907,12236,11672,12237,123912,0.03161355589276682
2022-12-22,12611,12798,12236,12237,222393,0.0
2022-12-23,12095,12189,11626,11768,136974,-0.03832638718640191
2022-12-26,11909,11909,11440,11535,115039,-0.019799456152277406
2022-12-27,11673,11720,11533,11628,66915,0.008062418725617748
2022-12-28,11580,12058,11532,11868,60775,0.02063983488132104
2022-12-29,11914,11914,11102,11150,127054,-0.06049882035726328
2023-01-02,11148,11340,10671,10671,91244,-0.04295964125560536
2023-01-03,10574,10718,10288,10480,103430,-0.017898978539968136
2023-01-04,10287,10862,10287,10862,78289,0.0364503816793893
2023-01-05,10862,11052,10814,10910,44081,0.0044190756766708805
2023-01-06,10910,11100,10718,10910,49569,0.0
2023-01-09,11102,11436,10958,11198,104337,0.026397800183318054
2023-01-10,11244,11292,11006,11102,61396,-0.008572959457045948
2023-01-11,11197,11292,11149,11245,36313,0.012880562060889833
2023-01-12,11292,11292,11054,11198,45897,-0.004179635393508185
2023-01-13,11197,11675,11149,11485,217273,0.02562957671012689
2023-01-16,11771,11914,11628,11772,99494,0.02498911623857203
2023-01-17,11867,12058,11485,11533,90260,-0.020302412504247358
2023-01-18,11533,11771,11389,11581,58695,0.004161969999132875
2023-01-19,11485,12106,11293,11581,141871,0.0
2023-01-20,11580,11675,11485,11533,30975,-0.004144719799671903
2023-01-25,11618,11675,11455,11533,49063,0.0
2023-01-26,11561,11829,11436,11619,69563,0.0074568629151130494
2023-01-27,11618,11782,11600,11658,54579,0.0033565711334881954
2023-01-30,11627,11694,11331,11389,45656,-0.02307428375364562
2023-01-31,11293,11389,11130,11313,44950,-0.006673105628237752
2023-02-01,11427,11648,11283,11610,67706,0.026252983293556076
2023-02-02,11732,12077,11608,11896,241803,0.024633936261843292
2023-02-03,11962,11962,11676,11820,60979,-0.00638870208473441
2023-02-06,11771,11972,11742,11772,68164,-0.004060913705583702
2023-02-07,11704,11991,11675,11887,64682,0.009768943255181739
2023-02-08,11982,11982,11790,11868,46787,-0.001598384790106877
2023-02-09,11762,11895,11722,11762,38663,-0.008931580721267318
2023-02-10,11732,11752,11283,11303,71507,-0.039023975514368314
2023-02-13,11226,11303,11053,11179,30756,-0.010970538795010198
2023-02-14,11130,11388,11130,11303,37862,0.011092226496108859
2023-02-15,11263,11427,10948,10968,62904,-0.02963814916393881
2023-02-16,11015,11895,11005,11542,139089,0.05233406272793584
2023-02-17,11426,11522,11187,11245,42313,-0.025732108819961907
2023-02-20,11331,11944,11245,11868,173091,0.055402401067141005
2023-02-21,11867,12001,11714,11782,73473,-0.007246376811594235
2023-02-22,11733,11733,11398,11552,63594,-0.01952130368358518
2023-02-23,11551,11714,11541,11581,40410,0.0025103878116343736
2023-02-24,11608,11608,11263,11331,51768,-0.02158708228995765
2023-02-27,11311,11340,11111,11207,28531,-0.010943429529609028
2023-02-28,11197,11331,11197,11207,17147,0.0
2023-03-02,11225,11387,11225,11331,27855,0.011064513250646835
2023-03-03,11388,11590,11369,11552,36990,0.01950401553260961
2023-03-06,11580,11590,11418,11466,29034,-0.007444598337950192
2023-03-07,11437,11916,11437,11792,110370,0.028431885574742743
2023-03-08,11762,11762,11542,11638,37952,-0.013059701492537323
2023-03-09,11648,11877,11552,11792,60583,0.013232514177693666
2023-03-10,11608,11724,11293,11303,66537,-0.04146879240162826
2023-03-13,11253,11253,10775,10958,75018,-0.030522870034504157
2023-03-14,11102,12155,10968,10978,824370,0.001825150574922496
2023-03-15,11063,11676,11054,11361,100017,0.034887957733649166
2023-03-16,11244,11455,10919,11150,75340,-0.01857230877563598
2023-03-17,11427,12566,11321,11868,812275,0.06439461883408071
2023-03-20,12049,12566,11982,12213,352016,0.029069767441860517
2023-03-21,12231,12441,11868,11916,113365,-0.024318349299926267
2023-03-22,12154,12154,11828,11954,81473,0.0031889895938235213
2023-03-23,11953,11953,11628,11686,96403,-0.02241927388321896
2023-03-24,11714,12067,11714,11762,80484,0.006503508471675579
2023-03-27,11877,11943,11388,11935,105961,0.014708382928073416
2023-03-28,11924,12135,11780,11810,76685,-0.010473397570171739
2023-03-29,11867,11886,11455,11533,69404,-0.023454699407281954
2023-03-30,11647,11924,11388,11753,108270,0.019075695829359196
2023-03-31,11771,11771,11503,11619,58429,-0.01140134433761597
2023-04-03,11570,11752,11504,11600,52400,-0.001635252603494286
2023-04-04,11599,12048,11522,12040,143595,0.037931034482758585
2023-04-05,12105,12431,11972,12231,274446,0.015863787375415273
2023-04-06,12460,12919,12173,12566,680847,0.02738942032540259
2023-04-07,12718,12823,12287,12518,320977,-0.00381983129078467
2023-04-10,12527,12604,11770,12279,180754,-0.01909250679022212
2023-04-11,12269,12383,12039,12327,119956,0.003909113119960894
2023-04-12,12259,12565,12144,12375,138570,0.0038938914577755224
2023-04-13,12421,12632,12249,12461,148503,0.006949494949495039
2023-04-14,12546,12833,12278,12308,324753,-0.012278308321964526
2023-04-17,12307,12451,11962,12088,155729,-0.01787455313617159
2023-04-18,12087,12756,12068,12327,298841,0.01977167438782268
2023-04-19,12259,12327,12087,12117,95848,-0.017035775127768327
2023-04-20,12250,12499,11867,11983,218907,-0.011058842947924363
2023-04-21,11933,11991,11694,11714,91509,-0.02244846866394057
2023-04-24,11714,11800,11350,11437,119221,-0.02364691821751752
2023-04-25,11503,12097,11341,11878,243095,0.0385590626912653
2023-04-26,11771,11991,11627,11839,100230,-0.0032833810405792363
2023-04-27,11838,11838,11493,11628,68886,-0.017822451220542268
2023-04-28,11646,11694,11379,11379,65526,-0.021413828689370473
2023-05-02,11456,11542,11207,11514,56032,0.011863959926179835
2023-05-03,11293,11513,11254,11389,64908,-0.010856348792773973
2023-05-04,11483,11904,11483,11800,186812,0.03608745280533854
2023-05-08,12106,12297,11856,11896,150825,0.008135593220339077
2023-05-09,11762,12250,11762,12031,132452,0.011348352387356986
2023-05-10,12192,12575,12030,12040,298529,0.0007480674923114883
2023-05-11,12173,12211,11761,11944,68705,-0.007973421926910307
2023-05-12,11819,11943,11704,11839,42275,-0.008791024782317525
2023-05-15,11771,11847,11446,11504,92635,-0.028296308809865667
2023-05-16,11503,11666,11437,11485,57506,-0.0016515994436717696
2023-05-17,11417,11646,11388,11638,39692,0.013321723987810286
2023-05-18,11694,11818,11580,11628,46376,-0.0008592541673827503
2023-05-19,11714,11714,11589,11667,32963,0.003353973168214619
2023-05-22,11666,11915,11656,11782,56487,0.009856861232536263
2023-05-23,11742,12078,11742,12040,78544,0.021897810218978186
2023-05-24,12106,12145,11848,11935,53711,-0.008720930232558155
2023-05-25,11906,12087,11742,11782,44053,-0.01281943862589019
2023-05-26,11790,11800,11580,11590,43550,-0.01629604481412328
2023-05-30,11619,11666,11503,11581,43703,-0.0007765314926660993
2023-05-31,11483,11579,11483,11523,39267,-0.005008203091270147
2023-06-01,11494,11752,11484,11734,43423,0.018311203679597376
2023-06-02,11829,11838,11580,11667,30575,-0.005709902846429138
2023-06-05,11675,11752,11513,11753,36830,0.007371217965201016
2023-06-07,11752,12135,11734,11782,74510,0.0024674551178422988
2023-06-08,11838,11962,11580,11868,68463,0.007299270072992803
2023-06-09,11791,11972,11733,11753,51215,-0.009689922480620172
2023-06-12,11781,11790,11531,11571,50323,-0.015485407980941002
2023-06-13,11609,11675,11531,11571,37576,0.0
2023-06-14,11599,11599,11293,11389,83264,-0.015728977616454975
2023-06-15,11398,11427,11255,11351,57602,-0.0033365528141189316
2023-06-16,11349,11474,11301,11427,60750,0.006695445335212824
2023-06-19,11426,11445,11283,11293,29041,-0.01172661240920625
2023-06-20,11283,11425,11225,11331,28216,0.0033649163198441467
2023-06-21,11331,11360,11072,11150,50631,-0.01597387697467123
2023-06-22,11150,11150,10910,11026,50170,-0.011121076233183813
2023-06-23,11101,11149,10910,10930,29157,-0.008706693270451704
2023-06-26,10824,11054,10824,10930,21976,0.0
2023-06-27,10928,11053,10900,10968,69310,0.0034766697163768345
2023-06-28,11044,11062,10966,11006,14673,0.0034646243617797445
2023-06-29,11062,11062,10938,11006,31745,0.0
2023-06-30,11005,11005,10862,10949,24185,-0.0051789932763947055
2023-07-03,10872,11092,10872,10978,23885,0.0026486437117545503
2023-07-04,11283,11293,10930,10930,68425,-0.004372381125888114
2023-07-05,11014,11235,10910,10910,40145,-0.0018298261665141702
2023-07-06,10910,11177,10852,10910,45879,0.0
2023-07-07,10862,10929,10767,10815,23065,-0.00870760769935841
2023-07-10,10814,10814,10613,10643,32449,-0.01590383726306055
2023-07-11,10652,10708,10622,10652,19072,0.0008456262332048325
2023-07-12,10708,10708,10566,10614,28268,-0.003567405182125394
2023-07-13,10614,10929,10614,10758,47530,0.013566986998304165
2023-07-14,10766,10805,10652,10758,28567,0.0
2023-07-17,10719,10729,10605,10605,14655,-0.01422197434467376
2023-07-18,10603,10680,10537,10595,31637,-0.0009429514380009385
2023-07-19,10623,10623,10432,10519,29179,-0.007173194903256297
2023-07-20,10471,10575,10432,10519,24516,0.0
2023-07-21,10451,10862,10451,10748,53800,0.021770130240517105
2023-07-24,10748,10748,9762,10241,68886,-0.047171566803126175
2023-07-25,10240,10240,9627,9667,105562,-0.05604921394395079
2023-07-26,9493,9608,8727,8996,160463,-0.06941139960691012
2023-07-27,9178,9819,9168,9667,82750,0.07458870609159618
2023-07-28,9570,9905,9570,9858,22995,0.01975793938140069
2023-07-31,9867,9943,9684,9915,14457,0.005782105903834545
2023-08-01,9790,10116,9790,10002,28965,0.008774583963691462
2023-08-02,10086,10086,9665,9685,28256,-0.03169366126774642
2023-08-03,9627,10258,9607,10058,71102,0.038513164687661305
2023-08-04,10192,10221,9905,10145,34335,0.008649830980314244
2023-08-07,10144,10268,9933,10020,39420,-0.012321340561853078
2023-08-08,10020,10068,9570,9705,32380,-0.03143712574850299
2023-08-09,9684,10287,9608,10231,67179,0.054198866563627046
2023-08-10,10115,10527,10000,10451,48975,0.02150327436223254
2023-08-11,10287,10546,10278,10499,26661,0.004592861927088299
2023-08-14,10431,10431,9858,9906,44217,-0.0564815696733022
2023-08-16,9742,9742,9551,9561,34530,-0.03482737734706243
2023-08-17,9360,9522,9292,9360,29417,-0.021022905553812365
2023-08-18,9349,9503,9321,9427,19928,0.007158119658119633
2023-08-21,9282,9656,9282,9609,29259,0.0193062480110322
2023-08-22,9608,9685,9504,9504,16676,-0.0109272556977833
2023-08-23,9703,9703,9445,9465,14158,-0.004103535353535359
2023-08-24,9532,9761,9532,9676,35441,0.022292657157950257
2023-08-25,9647,9953,9647,9705,36744,0.0029971062422489148
2023-08-28,9715,9762,9589,9715,26137,0.0010303967027305294
2023-08-29,9646,9905,9646,9781,18262,0.00679361811631507
2023-08-30,9809,9914,9733,9781,11255,0.0
2023-08-31,9751,9990,9733,9733,14222,-0.00490747367344857
2023-09-01,9838,9848,9589,9619,11944,-0.011712729888009865
2023-09-04,9570,9666,9437,9437,22712,-0.01892088574695916
2023-09-05,9521,9521,9397,9427,15455,-0.0010596587898696885
2023-09-06,9435,9607,9349,9551,12660,0.013153707436087902
2023-09-07,9551,9589,9378,9561,22670,0.0010470107842110998
2023-09-08,9435,9569,9369,9513,41815,-0.0050203953561342995
2023-09-11,9513,9743,9503,9667,26007,0.016188373804267853
2023-09-12,9637,9905,9599,9667,46224,0.0
2023-09-13,9703,9741,9483,9733,37037,0.006827350781007491
2023-09-14,9732,9894,9617,9886,23849,0.015719716428644892
2023-09-15,9818,9924,9818,9886,21137,0.0
2023-09-18,9838,9838,9541,9762,11204,-0.012542990086991668
2023-09-19,9666,9819,9551,9619,15187,-0.014648637574267598
2023-09-20,9551,9637,9427,9437,23906,-0.01892088574695916
2023-09-21,9349,9435,9186,9264,23266,-0.018332097064745145
2023-09-22,9090,9196,8996,8996,34310,-0.02892918825561308
2023-09-25,8947,9176,8881,8881,55332,-0.012783459315251267
2023-09-26,8823,8909,8709,8757,73704,-0.013962391622565073
2023-09-27,8661,8938,8661,8767,18234,0.0011419435879866935
2023-10-04,8707,8707,8326,8326,39456,-0.0503022698756701
2023-10-05,8325,8535,8154,8154,30023,-0.02065817919769397
2023-10-06,8086,8450,8067,8422,12498,0.03286730439048324
2023-10-10,8345,8565,8229,8355,26159,-0.007955355022559951
2023-10-11,8326,8489,8326,8442,9795,0.01041292639138236
2023-10-12,8441,8871,8412,8633,30728,0.02262497038616451
2023-10-13,8631,8650,8354,8450,17585,-0.021197729642071117
2023-10-16,8421,8488,8135,8135,13596,-0.03727810650887575
2023-10-17,8250,8432,8250,8394,10728,0.03183773816840807
2023-10-18,8326,8412,8248,8288,12008,-0.012628067667381448
2023-10-19,8229,8287,7848,7848,25166,-0.05308880308880304
2023-10-20,7742,7847,7062,7532,60937,-0.04026503567787976
2023-10-23,7350,7752,7350,7590,17995,0.007700477960701058
2023-10-24,7559,7838,7377,7838,15319,0.03267457180500655
2023-10-25,7885,7933,7704,7752,12884,-0.010972186782342463
2023-10-26,7618,7694,7494,7504,12646,-0.031991744066047434
2023-10-27,7502,7702,7502,7560,9437,0.00746268656716409
2023-10-30,7559,7761,7550,7685,7482,0.016534391534391624
2023-10-31,7779,7789,7474,7522,16697,-0.02121014964216006
2023-11-01,7560,7704,7522,7628,7987,0.01409199680935913
2023-11-02,7675,7837,7675,7829,17875,0.026350288411116862
2023-11-03,7923,8009,7799,8001,13611,0.021969600204368334
2023-11-06,8085,8669,7999,8412,68011,0.051368578927634134
2023-11-07,8412,8612,8268,8412,18002,0.0
2023-11-08,8392,8602,8382,8460,14106,0.005706134094151105
2023-11-09,8460,8527,8298,8442,14256,-0.0021276595744680327
2023-11-10,8277,8431,8259,8269,10159,-0.02049277422411755
2023-11-13,8316,8479,8212,8212,11608,-0.006893215624622084
2023-11-14,8287,8401,8172,8307,7042,0.011568436434486129
2023-11-15,8334,8440,8334,8412,13920,0.012639942217407052
2023-11-16,8355,8469,8307,8355,13760,-0.006776034236804618
2023-11-17,8326,8392,8326,8374,8779,0.0022740873728306354
2023-11-20,8421,8508,8364,8508,9603,0.01600191067590151
2023-11-21,8516,8526,8420,8498,11224,-0.0011753643629525135
2023-11-22,8497,8527,8421,8489,9839,-0.0010590727229936592
2023-11-23,8526,8526,8430,8470,18221,-0.00223819059959951
2023-11-24,8468,8688,8450,8594,27178,0.014639905548996524
2023-11-27,8536,8622,8508,8566,19129,-0.0032580870374679938
2023-11-28,8564,8688,8488,8546,18182,-0.002334812047630197
2023-11-29,8546,8592,8430,8546,10430,0.0
2023-11-30,8554,8622,8392,8460,16223,-0.010063187456119782
2023-12-01,8459,8746,8430,8642,44107,0.02151300236406617
2023-12-04,8853,8853,8480,8480,37416,-0.0187456607266836
2023-12-05,8478,8699,8478,8661,21860,0.021344339622641595
2023-12-06,8660,8660,8565,8613,14706,-0.005542085209560121
2023-12-07,8612,8995,8564,8843,48568,0.026703819807267992
2023-12-08,8777,8958,8777,8825,11831,-0.0020355083116588846
2023-12-11,8803,8823,8679,8709,14659,-0.01314447592067991
2023-12-12,8670,8718,8650,8690,8009,-0.002181651165460985
2023-12-13,8746,8746,8604,8604,15289,-0.00989643268124285
2023-12-14,8651,8842,8603,8671,12864,0.0077870757787075195
2023-12-15,8709,8727,8651,8719,8189,0.005535693691615773
2023-12-18,8641,8813,8631,8709,9475,-0.0011469205184080344
2023-12-19,8671,8737,8671,8719,13200,0.0011482374555058517
2023-12-20,8659,8785,8659,8785,15059,0.007569675421493338
2023-12-21,8785,9063,8719,8863,65240,0.00887877063175857
2023-12-22,8901,8901,8767,8777,18863,-0.009703260746925402
2023-12-26,8776,8939,8747,8911,21554,0.01526717557251911
2023-12-27,8901,9057,8842,8999,14785,0.009875434855796117
2023-12-28,9018,9067,8881,9009,13202,0.001111234581620213
2024-01-02,8920,9253,8920,9214,23713,0.022755022755022836
2024-01-03,9263,9831,9145,9508,141859,0.0319079661384849
2024-01-04,9596,9596,9321,9410,32039,-0.010307109802271786
2024-01-05,9380,9478,9253,9253,28393,-0.016684378320935167
2024-01-08,9253,9322,9175,9234,14394,-0.002053388090349051
2024-01-09,9233,9282,9145,9175,20650,-0.006389430366038562
2024-01-10,9184,9184,9057,9116,14590,-0.006430517711171646
2024-01-11,9116,9185,9077,9185,7736,0.007569109258446671
2024-01-12,9184,9184,8891,8940,24090,-0.02667392487751774
2024-01-15,8832,8969,8822,8852,21292,-0.009843400447427264
2024-01-16,8812,8920,8783,8842,9441,-0.0011296882060550795
2024-01-17,8979,8979,8568,8588,20695,-0.0287265324587197
2024-01-18,8744,8754,8431,8431,14227,-0.018281322775966502
2024-01-19,8431,8960,8431,8872,27455,0.052306962400664236
2024-01-22,9175,9645,8910,9283,110312,0.046325518485121675
2024-01-23,9106,9311,9106,9165,27996,-0.01271140795001613
2024-01-24,9224,9273,9067,9273,16668,0.011783960720130882
2024-01-25,9273,9654,9028,9557,117130,0.030626550199504
2024-01-26,9517,9752,9497,9733,74443,0.018415820864287946
2024-01-29,9723,9723,9361,9361,48764,-0.03822048700297953
2024-01-30,9351,9370,8812,9087,14737,-0.029270377096464073
2024-01-31,9067,9233,8920,9077,14003,-0.0011004732034775033
2024-02-01,9067,9665,8989,9156,8982,0.008703316073592537
2024-02-02,9195,9263,9155,9244,8150,0.009611183923110556
2024-02-05,9243,9243,9067,9146,7069,-0.010601471224578107
2024-02-06,9027,9125,9008,9018,7879,-0.013995189153728438
2024-02-07,9018,9194,9008,9018,7565,0.0
2024-02-08,9047,9106,8969,8979,6164,-0.0043246839654025315
2024-02-13,8989,9381,8930,9381,9659,0.04477113264283328
2024-02-14,9126,9204,9008,9126,14726,-0.027182603133994232
2024-02-15,9175,9400,9116,9283,12423,0.01720359412667105
2024-02-16,9360,10819,9243,10301,1592173,0.10966282451793607
2024-02-19,9890,9988,9596,9861,369044,-0.042714299582564785
2024-02-20,9791,9801,9615,9645,112823,-0.02190447216306668
2024-02-21,9655,9763,9498,9577,64716,-0.0070502851218248175
2024-02-22,9556,9684,9517,9596,60202,0.001983919807873047
2024-02-23,9606,9733,9449,9469,57159,-0.013234681117132108
2024-02-26,9468,9586,9419,9508,32026,0.0041187031365508275
2024-02-27,9556,9860,9458,9733,120852,0.023664282709297435
2024-02-28,9772,9841,9566,9655,52846,-0.008013973081269943
2024-02-29,9654,9713,9488,9498,29485,-0.016261004660797496
2024-03-04,9498,9547,9439,9479,28182,-0.002000421141292952
2024-03-05,9547,9566,9351,9518,31907,0.004114358054647216
2024-03-06,9439,9665,9381,9577,24847,0.006198781256566477
2024-03-07,9586,9802,9430,9430,59284,-0.01534927430301769
2024-03-08,9576,9753,9527,9714,54938,0.030116648992576822
2024-03-11,9762,9860,9595,9635,52158,-0.008132592135062788
2024-03-12,9635,9821,9517,9557,29347,-0.008095485210171227
2024-03-13,9644,9644,9409,9449,42347,-0.011300617348540376
2024-03-14,9429,11672,9253,9890,5322804,0.04667160546089533
2024-03-15,10780,11985,10213,10213,6244004,0.03265925176946416
2024-03-18,10046,10418,9889,10154,388469,-0.005776950944874182
2024-03-19,10065,10114,9664,9723,374062,-0.04244632657080949
2024-03-20,9958,10232,9850,9880,452511,0.016147279646199664
2024-03-21,9870,10066,9772,9880,141715,0.0
2024-03-22,9841,10066,9753,10037,182207,0.01589068825910922
2024-03-25,9987,10251,9928,10203,180723,0.016538806416259932
2024-03-26,10213,10242,9968,10086,135537,-0.011467215524845642
2024-03-27,10477,10477,9880,9939,248263,-0.014574657941701319
2024-03-28,9880,10027,9753,9753,119303,-0.01871415635375795
2024-03-29,9762,9850,9488,9557,149644,-0.020096380600840735
2024-04-01,9566,9811,9497,9723,80919,0.0173694674060898
2024-04-02,9723,9723,9263,9263,140818,-0.04731050087421573
2024-04-03,9312,9792,9087,9107,181476,-0.016841196156752725
2024-04-04,9106,9175,9018,9048,56520,-0.006478532996596065
2024-04-05,8989,9145,8959,9087,40106,0.004310344827586299
2024-04-08,9135,9135,8763,8832,66991,-0.02806206668867617
2024-04-09,8763,8881,8646,8656,46821,-0.019927536231884035
2024-04-11,8489,8587,8323,8480,31510,-0.020332717190388205
2024-04-12,8479,8616,8479,8499,18300,0.002240566037735814
2024-04-15,8420,8498,8303,8401,28863,-0.011530768325685337
2024-04-16,8401,8577,8245,8294,33460,-0.012736578978692958
2024-04-17,8294,8568,8294,8392,26611,0.011815770436460094
2024-04-18,8303,8538,8303,8519,22142,0.015133460438512936
2024-04-19,8450,8773,8342,8715,33964,0.023007395234182493
2024-04-22,8685,8861,8607,8764,23729,0.005622489959839383
2024-04-23,8764,8822,8676,8774,24149,0.0011410314924691356
2024-04-24,8803,8920,8666,8872,29477,0.011169364030088946
2024-04-25,8871,8871,8567,8695,40504,-0.019950405770964852
2024-04-26,8656,8754,8460,8529,94738,-0.019091431857389263
2024-04-29,8528,8832,8518,8695,33003,0.019463008559033934
2024-04-30,8656,8715,8490,8539,35147,-0.01794134560092009
2024-05-02,8538,8675,8529,8578,13133,0.004567279540929947
2024-05-03,8578,8666,8509,8588,20126,0.00116577290743769
2024-05-07,8597,8744,8548,8676,18524,0.010246856078248712
2024-05-08,8587,8783,8567,8744,38510,0.007837713231904075
2024-05-09,8724,8783,8568,8666,29021,-0.008920402561756635
2024-05-10,8656,8705,8529,8637,32810,-0.003346411262404758
2024-05-13,8597,8842,8548,8725,96201,0.010188722936204764
2024-05-14,8715,8764,8607,8725,24399,0.0
2024-05-16,8744,8773,8617,8725,38234,0.0
2024-05-17,8646,8705,8587,8666,23027,-0.006762177650429746
2024-05-20,8587,8695,8420,8558,38065,-0.012462497115162674
2024-05-21,8518,8744,8323,8372,86981,-0.021734050011684936
2024-05-22,8342,8479,8313,8470,34260,0.0117056856187292
2024-05-23,8391,8646,8323,8568,21298,0.011570247933884392
2024-05-24,8518,8636,8411,8470,21013,-0.011437908496731986
2024-05-27,8420,8430,8323,8372,25923,-0.011570247933884281
2024-05-28,8332,8519,8313,8519,22808,0.01755852842809369
2024-05-29,8469,8518,8391,8499,23483,-0.0023476933912430775
2024-05-30,8401,8479,8313,8431,25807,-0.008000941287210295
2024-05-31,8391,8509,8342,8509,32539,0.009251571581069928
2024-06-03,8548,8607,8479,8607,17517,0.011517217064284768
2024-06-04,8587,8676,8489,8676,35212,0.008016730568142227
2024-06-05,8685,8695,8489,8568,24604,-0.012448132780082943
2024-06-07,8567,8577,8421,8519,20613,-0.005718954248365993
2024-06-10,8479,8587,8391,8519,25485,0.0
2024-06-11,8529,8558,8362,8441,33038,-0.009156004225848058
2024-06-12,8420,8508,8371,8450,22166,0.0010662243809975713
2024-06-13,8499,8616,8362,8470,34044,0.002366863905325367
2024-06-14,8421,8548,8323,8421,35556,-0.005785123966942196
2024-06-17,8469,8489,8401,8460,18442,0.004631278945493422
2024-06-18,8391,8470,8343,8343,14890,-0.013829787234042601
2024-06-19,8322,8508,8303,8450,24202,0.012825122857485383
2024-06-20,8450,8450,8353,8353,5941,-0.011479289940828363
2024-06-21,8323,8431,8294,8392,33453,0.004668981204357658
2024-06-24,8333,8342,8147,8294,38468,-0.011677788369876096
2024-06-25,8127,8353,8117,8353,34241,0.007113576079093242
2024-06-26,8293,8342,8235,8235,15687,-0.014126661079851499
2024-06-27,8225,8225,8108,8157,18239,-0.00947176684881601
2024-06-28,8274,8274,8088,8196,21811,0.0047811695476278615
2024-07-01,8127,8235,7960,8196,20064,0.0
2024-07-02,8127,8508,8029,8362,94973,0.02025378233284525
2024-07-03,8284,8293,8049,8049,54137,-0.03743123654628078
2024-07-04,8048,8078,7960,8078,13283,0.0036029320412473975
2024-07-05,8029,8176,8019,8176,25932,0.0121317157712304
2024-07-08,8146,8910,8146,8323,133579,0.017979452054794454
2024-07-09,8332,8675,8254,8460,63080,0.01646041090952788
2024-07-10,8460,8489,8323,8480,35572,0.0023640661938533203
2024-07-11,8480,8480,8372,8480,21959,0.0
2024-07-12,8499,8499,8352,8441,11542,-0.004599056603773577
2024-07-15,8352,8450,8323,8441,24130,0.0
2024-07-16,8441,8441,8304,8353,19177,-0.010425305058642365
2024-07-17,8293,8430,8293,8372,19080,0.0022746318687896228
2024-07-18,8421,8421,8196,8392,27352,0.0023889154323937234
2024-07-19,8283,8420,8215,8215,19474,-0.02109151572926593
2024-07-22,8126,8215,8029,8029,25383,-0.02264150943396226
2024-07-23,8028,8107,7980,7980,15573,-0.006102877070618962
2024-07-24,7980,8117,7901,8029,17393,0.0061403508771928905
2024-07-25,7931,7990,7735,7902,36725,-0.01581766097895132
2024-07-26,7853,7999,7833,7902,19974,0.0
2024-07-29,7902,8049,7902,8010,25152,0.013667425968109326
2024-07-30,7931,8078,7911,8078,19262,0.008489388264669273
2024-07-31,8019,8088,7921,8088,15551,0.0012379301807377008
2024-08-01,8127,8176,8048,8176,8871,0.010880316518298683
2024-08-02,8029,8166,7843,8059,31234,-0.014310176125244656
2024-08-05,7931,8029,6677,7148,87925,-0.11304132026305991
2024-08-06,6766,7491,6766,7491,77068,0.04798545047565761
2024-08-07,7343,7882,7343,7853,51437,0.048324656254171705
2024-08-08,7901,8489,7852,8323,213649,0.059849738953266174
2024-08-09,8332,8420,8156,8323,60714,0.0
2024-08-12,8323,8528,8323,8421,78269,0.011774600504625754
2024-08-13,8420,8440,8205,8323,65874,-0.011637572734829571
2024-08-14,8342,8548,8293,8519,41587,0.023549201009251508
2024-08-16,8519,8617,8372,8480,61669,-0.004578002112924029
2024-08-19,8597,10086,8519,9665,4361886,0.13974056603773577
2024-08-20,10526,11456,9478,9508,6003564,-0.01624418003103989
2024-08-21,9322,9547,8960,8960,478439,-0.057635675220866656
2024-08-22,8959,9047,8323,8421,383439,-0.06015625000000002
2024-08-23,8225,8304,7931,8069,235072,-0.04180026125163283
2024-08-26,7999,8097,7941,7990,106338,-0.009790556450613441
2024-08-27,7940,8077,7940,7980,67664,-0.0012515644555695093
2024-08-28,7980,8107,7940,7980,91280,0.0
2024-08-29,8000,9185,7785,7785,1324855,-0.024436090225563922
2024-08-30,7784,7980,7774,7892,167844,0.013744380218368768
2024-09-02,7833,7862,7647,7657,100912,-0.029776989356310235
2024-09-03,7725,7793,7647,7647,55395,-0.00130599451482305
2024-09-04,7461,7559,7256,7256,80727,-0.05113116254740424
2024-09-05,7255,7422,7157,7334,92420,0.010749724366041935
2024-09-06,7304,7382,7186,7363,57259,0.003954185983092495
2024-09-09,7157,7412,7147,7383,38927,0.002716284123319257
2024-09-10,7441,7500,7274,7275,42226,-0.01462819991873221
2024-09-11,7226,7412,7217,7266,28430,-0.0012371134020618957
2024-09-12,7363,7510,7314,7452,31069,0.025598678777869477
2024-09-13,7402,7588,7353,7481,30575,0.0038915727321524596
2024-09-19,7549,7705,7490,7608,54152,0.01697634006148907
2024-09-20,7569,7716,7569,7628,31225,0.002628811777076745
2024-09-23,7638,7677,7599,7599,30639,-0.0038017829050864815
2024-09-24,7549,7647,7520,7579,24622,-0.0026319252533227866
2024-09-25,7578,7647,7481,7481,28465,-0.012930465760654486
2024-09-26,7540,7589,7491,7550,18976,0.009223365860179022
2024-09-27,7578,7647,7490,7530,17620,-0.0026490066225165476
2024-09-30,7529,7529,7333,7471,16573,-0.007835325365205814
2024-10-02,7383,7432,7256,7354,28885,-0.01566055414268508
2024-10-04,7245,7402,7245,7334,14868,-0.002719608376393845
2024-10-07,7294,7382,7177,7334,16312,0.0
2024-10-08,7334,7354,7216,7217,27710,-0.01595309517316612
2024-10-10,7216,7285,7157,7197,16185,-0.0027712345850076092
2024-10-11,7206,7245,7079,7148,23566,-0.006808392385716289
2024-10-14,7069,7147,7030,7089,26998,-0.008254057078903143
2024-10-15,7157,7157,7020,7148,17735,0.00832275356185641
2024-10-16,7138,7647,7050,7334,72823,0.026021264689423562
2024-10-17,7333,7402,7304,7363,18764,0.003954185983092495
2024-10-18,7363,7471,7285,7403,21750,0.005432568246638514
2024-10-21,7393,7491,7314,7491,19570,0.011887072808320909
2024-10-22,7393,7471,7109,7168,53899,-0.04311840875717532
2024-10-23,7177,7255,6883,7148,29012,-0.002790178571428603
2024-10-24,7138,7148,7001,7080,18781,-0.009513150531617276
2024-10-25,7010,7079,6854,6903,33429,-0.025000000000000022
2024-10-28,6951,7049,6873,7040,20867,0.019846443575257222
2024-10-29,7001,7069,6971,7001,6898,-0.005539772727272685
2024-10-30,7001,7040,6874,6933,22567,-0.009712898157406058
2024-10-31,6854,7099,6805,7080,36929,0.021202942449156215
2024-11-01,7069,7069,6883,6962,24937,-0.01666666666666672
2024-11-04,6962,7040,6854,7031,17096,0.009910945130709559
2024-11-05,6962,7079,6962,7011,8657,-0.00284454558384295
2024-11-06,7050,7158,6883,7021,18076,0.0014263300527741496
2024-11-07,7021,7021,6884,6982,18030,-0.005554764278592805
2024-11-08,6981,7128,6981,7060,11088,0.01117158407333152
2024-11-11,7049,7059,6814,6893,34874,-0.023654390934844227
2024-11-12,6893,6893,6560,6639,71319,-0.03684897722326996
2024-11-13,6462,6629,6149,6169,62011,-0.07079379424612142
2024-11-14,6168,6305,6090,6090,43832,-0.012805965310423106
2024-11-15,6090,6149,6002,6081,25244,-0.001477832512315258
2024-11-18,6031,6285,6031,6237,11310,0.025653675382338426
2024-11-19,6237,6482,6178,6345,16521,0.017316017316017396
2024-11-20,6247,6423,6247,6345,19922,0.0
2024-11-21,6266,6384,6256,6296,14027,-0.007722616233254542
2024-11-22,6266,6394,6257,6257,9237,-0.006194409148665869
2024-11-25,6197,6364,6197,6335,18828,0.012466038037398208
2024-11-26,6286,6403,6286,6335,6364,0.0
2024-11-27,6296,6345,6267,6316,14609,-0.0029992107340173213
2024-11-28,6285,6442,6285,6423,15596,0.016941101963267924
2024-11-29,6364,6433,6168,6247,16648,-0.02740152576677568
2024-12-02,6227,6315,6110,6120,17850,-0.020329758283976318
2024-12-03,6090,6217,6090,6198,9267,0.012745098039215641
2024-12-04,6100,8049,6051,8049,3318358,0.2986447241045498
2024-12-05,7284,7500,6628,6893,1444581,-0.14362032550627402
2024-12-06,6765,8019,6609,6952,2497537,0.008559408095168974
2024-12-09,6609,8323,6609,7677,3335573,0.10428653624856166
2024-12-10,7931,9537,7823,8519,3909480,0.1096782597368764
2024-12-11,8960,10174,8715,9156,2488600,0.07477403451109277
2024-12-12,9204,9214,8372,8421,874849,-0.08027522935779818
2024-12-13,8793,9665,8725,9009,1520682,0.06982543640897765
2024-12-16,9155,9155,7833,8049,497808,-0.10656010656010662
2024-12-17,8029,8049,7608,7638,404521,-0.051062243756988424
2024-12-18,7481,7657,7255,7628,301988,-0.0013092432573972301
2024-12-19,7441,7481,7138,7158,215552,-0.06161510225485056
2024-12-20,7196,7549,6756,7050,461878,-0.015088013411567514
2024-12-23,6991,7421,6922,7373,201496,0.045815602836879465
2024-12-24,7373,7539,7158,7158,129229,-0.029160450291604523
2024-12-26,7158,7530,7070,7080,139866,-0.010896898575020963
2024-12-27,7030,7350,6970,7020,84488,-0.008474576271186418
2024-12-30,6910,7330,6900,7110,121972,0.012820512820512775
2025-01-02,7300,7550,7150,7340,204163,0.03234880450070321
2025-01-03,7320,7420,7170,7280,110397,-0.008174386920980936
2025-01-06,7270,7640,7270,7510,167745,0.0315934065934067
2025-01-07,7510,7580,7440,7540,85905,0.003994673768308976
2025-01-08,7700,7700,7500,7500,104719,-0.0053050397877983935
2025-01-09,7700,7710,7380,7420,85749,-0.010666666666666713
2025-01-10,7500,7500,7260,7380,50790,-0.005390835579514808
2025-01-13,7310,7380,7170,7200,52156,-0.024390243902439046
2025-01-14,7260,7770,7140,7270,104842,0.009722222222222188
2025-01-15,7420,7520,7130,7150,68202,-0.016506189821182904
2025-01-16,7190,7350,7120,7130,44406,-0.002797202797202747
2025-01-17,7200,7240,7050,7100,43981,-0.0042075736325385416
2025-01-20,7250,7250,6950,6950,51456,-0.021126760563380254
2025-01-21,6930,6990,6780,6890,49650,-0.008633093525179825
2025-01-22,6870,6980,6810,6820,29282,-0.010159651669085612
2025-01-23,6820,6880,6730,6740,28452,-0.011730205278592365
2025-01-24,6690,6950,6670,6800,30753,0.008902077151335286
2025-01-31,6740,6890,6630,6720,28716,-0.0117647058823529
2025-02-03,6720,6790,6580,6710,33129,-0.0014880952380952328
2025-02-04,6660,6820,6660,6780,24437,0.010432190760059523
2025-02-05,6720,7070,6720,6790,74354,0.001474926253687281
2025-02-06,6800,7030,6800,6970,46938,0.026509572901325384
2025-02-07,7030,7030,6840,6880,24197,-0.012912482065997155
2025-02-10,6760,6990,6730,6970,28924,0.013081395348837122
2025-02-11,7040,7170,6950,7110,44659,0.020086083213773254
2025-02-12,7090,7090,6800,6840,77283,-0.03797468354430378
2025-02-13,6920,7180,6870,7070,55617,0.033625730994152114
2025-02-14,7050,7250,7040,7110,43079,0.005657708628005631
2025-02-17,7110,7220,7070,7110,26655,0.0
2025-02-18,7090,7220,7050,7160,18793,0.007032348804500765
2025-02-19,7150,7200,7110,7150,31108,-0.0013966480446927498
2025-02-20,7150,7210,7110,7110,18415,-0.005594405594405605
2025-02-21,7170,7210,7010,7120,27802,0.0014064697609001975
2025-02-24,7170,7340,7110,7140,77070,0.002808988764045006
2025-02-25,7140,7190,7000,7050,47697,-0.012605042016806678
2025-02-26,7030,7200,7000,7160,30235,0.015602836879432536
2025-02-27,7090,7220,7080,7110,20326,-0.006983240223463638
2025-02-28,7080,7180,6600,6950,41890,-0.02250351617440227
2025-03-04,6860,7060,6840,6840,40660,-0.015827338129496438
2025-03-05,6810,7100,6810,7100,35189,0.03801169590643272
2025-03-06,7100,7160,7000,7150,21762,0.007042253521126751
2025-03-07,7200,7200,6850,6960,51972,-0.02657342657342654
2025-03-10,6820,6980,6760,6840,29800,-0.017241379310344862
2025-03-11,6690,6940,6660,6870,24764,0.004385964912280604
2025-03-12,6820,7040,6800,6960,32708,0.013100436681222627
2025-03-13,6890,7000,6720,6870,21162,-0.012931034482758674
2025-03-14,6810,7120,6810,7040,34452,0.024745269286754024
2025-03-17,7050,7150,7020,7040,44307,0.0
2025-03-18,6960,7190,6960,7150,39990,0.015625
2025-03-19,7060,7220,7040,7090,45847,-0.008391608391608352
2025-03-20,7080,7100,6900,6940,32418,-0.021156558533145242
2025-03-21,6920,6920,6710,6730,37769,-0.030259365994236287
2025-03-24,6730,6780,6570,6610,31523,-0.017830609212481474
2025-03-25,6610,6680,6500,6510,35002,-0.015128593040847238
2025-03-26,6490,7150,6490,7150,165819,0.0983102918586789
2025-03-27,7430,7450,6700,6800,195222,-0.04895104895104896
2025-03-28,6790,6790,6550,6580,40478,-0.032352941176470584
2025-03-31,6460,6630,6300,6510,44653,-0.010638297872340385
2025-04-01,6510,7420,6510,7150,392546,0.0983102918586789
2025-04-02,7150,7150,6910,6970,91464,-0.025174825174825166
2025-04-03,6990,7070,6810,6850,100549,-0.017216642754662836
2025-04-04,6760,7350,6760,6950,312822,0.014598540145985384
2025-04-07,6880,6980,6600,6670,170300,-0.0402877697841727
2025-04-08,6700,7320,6700,7170,229866,0.07496251874062976
2025-04-09,7170,7720,6830,6960,579185,-0.029288702928870314
2025-04-10,7220,7510,7050,7270,184821,0.04454022988505746
2025-04-11,7240,7330,7100,7310,90263,0.005502063273727709
2025-04-14,7400,7500,7240,7330,128701,0.002735978112175186
2025-04-15,7440,7440,7250,7310,57802,-0.0027285129604365244
2025-04-16,7300,7490,7260,7380,125961,0.009575923392612928
2025-04-17,7440,7440,7100,7280,62771,-0.013550135501354976
2025-04-18,7210,7420,7000,7340,90311,0.008241758241758212
2025-04-21,7350,7990,7300,7500,837172,0.021798365122615904
2025-04-22,7460,7510,7320,7360,153573,-0.01866666666666672
2025-04-23,7490,7530,7360,7370,106173,0.0013586956521738358
2025-04-24,7480,7480,7230,7380,81850,0.0013568521031208647
2025-04-25,7370,7480,7330,7390,58534,0.0013550135501354532
2025-04-28,7370,7400,7240,7260,76270,-0.017591339648173165
2025-04-29,7260,7420,7220,7290,69566,0.004132231404958775
2025-04-30,7300,7540,7290,7310,105742,0.00274348422496562
2025-05-02,7010,7120,6850,7010,114049,-0.041039671682626566
2025-05-07,7010,7310,6890,7300,69562,0.041369472182596345
2025-05-08,7340,7470,7250,7330,50144,0.004109589041095818
2025-05-09,7330,7410,7230,7340,32510,0.0013642564802183177
2025-05-12,7340,7420,7250,7260,36750,-0.010899182561307952
2025-05-13,7240,7550,7240,7340,187178,0.011019283746556363
2025-05-14,7340,7385,7180,7340,50021,0.0
2025-05-15,7380,7380,7100,7170,54518,-0.023160762942779245
2025-05-16,7140,7200,6860,6950,72560,-0.030683403068340276
2025-05-19,7010,7060,6720,6800,44049,-0.021582733812949617
2025-05-20,6840,7010,6830,6980,36412,0.026470588235294024
2025-05-21,7020,8990,6980,8170,4264065,0.17048710601719197
2025-05-22,8120,9440,8100,8130,5849372,-0.004895960832313362
2025-05-23,7950,8190,7710,7780,564299,-0.043050430504305015
2025-05-26,7770,8400,7510,7790,1893908,0.0012853470437017567
2025-05-27,7800,7890,7510,7540,248497,-0.03209242618741981
2025-05-28,7600,7660,7360,7420,161340,-0.01591511936339518
2025-05-29,7320,9050,7320,8390,9392717,0.1307277628032344
2025-05-30,8540,9390,8210,8250,3775644,-0.016686531585220488
2025-06-02,8410,8450,7960,8020,362812,-0.027878787878787836
2025-06-04,8270,8350,7875,7990,239235,-0.0037406483790524137
2025-06-05,7950,8060,7790,7870,142643,-0.015018773466833557
2025-06-09,7870,8510,7800,8010,1239748,0.017789072426937835
2025-06-10,8080,8440,7900,8100,673933,0.011235955056179803
2025-06-11,8110,8340,8060,8240,219463,0.01728395061728394
2025-06-12,8160,8250,8070,8100,140162,-0.016990291262135915
2025-06-13,8070,8230,7770,7810,169302,-0.03580246913580243
2025-06-16,7800,7980,7650,7690,157479,-0.015364916773367487
2025-06-17,7790,8860,7700,8030,4351507,0.04421326397919367
2025-06-18,7970,8100,7930,7950,324415,-0.00996264009962644
2025-06-19,7970,8080,7830,7920,185969,-0.0037735849056603765
2025-06-20,7870,8000,7760,7930,92037,0.0012626262626262985
2025-06-23,7720,7910,7650,7690,131978,-0.030264817150063017
2025-06-24,7690,7810,7690,7730,67366,0.005201560468140354
2025-06-25,7730,7790,7580,7640,88892,-0.011642949547218673
2025-06-26,7570,7780,7410,7540,145258,-0.01308900523560208
2025-06-27,7560,7580,7360,7440,49943,-0.01326259946949604
2025-06-30,7400,7540,7380,7440,36554,0.0
2025-07-01,7440,7550,7440,7500,29732,0.008064516129032251
2025-07-02,7480,7900,7380,7510,159670,0.0013333333333334085
2025-07-03,7470,7650,7470,7640,44072,0.017310252996005415
2025-07-04,7650,7700,7450,7480,34101,-0.020942408376963373
2025-07-07,7400,7650,7400,7470,39226,-0.0013368983957219305
2025-07-08,7400,7580,7390,7540,31266,0.009370816599732157
2025-07-09,7550,7580,7470,7540,15092,0.0
2025-07-10,7540,7660,7520,7600,35039,0.007957559681697646
2025-07-11,7600,7740,7580,7620,33825,0.002631578947368318
2025-07-14,7720,7980,7610,7780,224823,0.0209973753280841
2025-07-15,7790,7940,7670,7780,95586,0.0
2025-07-16,7780,7890,7710,7790,29254,0.0012853470437017567
2025-07-17,7810,8460,7810,7990,1591081,0.025673940949935803
2025-07-18,7960,8070,7750,7860,174971,-0.016270337922402955
2025-07-21,7870,7950,7770,7850,87619,-0.0012722646310432406
2025-07-22,7830,7950,7770,7900,70775,0.006369426751592355
2025-07-23,7880,7880,7700,7750,68861,-0.01898734177215189
2025-07-24,7730,7870,7600,7610,53530,-0.01806451612903226
2025-07-25,7540,7750,7540,7720,33678,0.014454664914586024
2025-07-28,7720,7720,7510,7510,44174,-0.02720207253886009
2025-07-29,7500,7620,7410,7450,30347,-0.007989347536617841
2025-07-30,7460,7640,7460,7570,30950,0.016107382550335503
2025-07-31,7530,7540,7340,7370,47802,-0.026420079260237816
2025-08-01,7300,7340,7080,7100,67341,-0.03663500678426057
