Date,Open,High,Low,Close,Volume,Change
2022-01-03,2505,2545,2500,2545,101662,0.018000000000000016
2022-01-04,2570,2570,2540,2570,60652,0.00982318271119853
2022-01-05,2570,2620,2550,2580,177687,0.0038910505836575737
2022-01-06,2555,2600,2550,2550,79886,-0.011627906976744207
2022-01-07,2550,2565,2545,2555,28647,0.0019607843137254832
2022-01-10,2575,2580,2525,2530,43994,-0.009784735812133127
2022-01-11,2525,2545,2490,2500,75198,-0.011857707509881465
2022-01-12,2490,2550,2490,2520,94743,0.008000000000000007
2022-01-13,2525,2540,2510,2540,41492,0.007936507936507908
2022-01-14,2525,2560,2525,2555,48190,0.0059055118110236116
2022-01-17,2535,2535,2470,2480,96257,-0.02935420743639927
2022-01-18,2470,2500,2410,2430,105231,-0.020161290322580627
2022-01-19,2405,2430,2400,2405,43840,-0.010288065843621408
2022-01-20,2395,2425,2390,2415,33411,0.004158004158004047
2022-01-21,2425,2440,2405,2410,38131,-0.0020703933747412417
2022-01-24,2405,2410,2310,2315,92651,-0.03941908713692943
2022-01-25,2315,2620,2170,2205,1452392,-0.04751619870410362
2022-01-26,2200,2270,2175,2225,115839,0.009070294784580435
2022-01-27,2245,2260,2120,2145,108901,-0.035955056179775235
2022-01-28,2145,2235,2110,2220,124822,0.034965034965035
2022-02-03,2235,2275,2230,2260,65097,0.018018018018018056
2022-02-04,2305,2465,2285,2385,549789,0.055309734513274256
2022-02-07,2385,2485,2345,2485,239008,0.04192872117400426
2022-02-08,2485,2810,2455,2495,2145622,0.004024144869215318
2022-02-09,2485,2540,2485,2500,1004866,0.002004008016031955
2022-02-10,2550,2550,2450,2475,286674,-0.010000000000000009
2022-02-11,2450,2470,2415,2425,215263,-0.02020202020202022
2022-02-14,2410,2410,2320,2335,103410,-0.03711340206185565
2022-02-15,2330,3035,2330,2690,28543157,0.15203426124197006
2022-02-16,2670,2860,2635,2815,8555452,0.04646840148698894
2022-02-17,2820,2880,2630,2830,4484913,0.005328596802841812
2022-02-18,2760,2860,2745,2815,1180322,-0.005300353356890497
2022-02-21,2755,2845,2715,2765,1057998,-0.017761989342806372
2022-02-22,2750,2750,2640,2695,850552,-0.025316455696202556
2022-02-23,2690,2735,2655,2710,649171,0.005565862708719838
2022-02-24,2655,2695,2535,2555,692085,-0.05719557195571956
2022-02-25,2585,2635,2530,2585,510931,0.011741682974559797
2022-02-28,2595,2650,2585,2620,378419,0.013539651837524147
2022-03-02,2650,2655,2585,2635,300897,0.005725190839694694
2022-03-03,2660,2750,2635,2700,604626,0.024667931688804545
2022-03-04,2700,2700,2620,2665,287093,-0.012962962962962954
2022-03-07,2665,2725,2550,2570,461282,-0.03564727954971858
2022-03-08,2540,2550,2455,2460,360018,-0.04280155642023342
2022-03-10,2485,2510,2450,2460,134874,0.0
2022-03-11,2495,2540,2490,2540,134114,0.03252032520325199
2022-03-14,2530,2580,2485,2510,195582,-0.011811023622047223
2022-03-15,2515,2520,2460,2495,94903,-0.005976095617529875
2022-03-16,2495,2575,2495,2570,188988,0.03006012024048088
2022-03-17,2570,2590,2545,2580,135389,0.0038910505836575737
2022-03-18,2575,2600,2530,2580,200551,0.0
2022-03-21,2615,2700,2585,2640,435169,0.023255813953488413
2022-03-22,2620,2695,2620,2645,174443,0.0018939393939394478
2022-03-23,2700,2735,2670,2715,469919,0.026465028355387554
2022-03-24,2715,2785,2670,2730,523571,0.005524861878453136
2022-03-25,2730,2780,2695,2735,302199,0.001831501831501825
2022-03-28,2735,2830,2735,2750,712189,0.005484460694698434
2022-03-29,2760,2810,2745,2780,337009,0.01090909090909098
2022-03-30,2810,2810,2705,2740,315447,-0.014388489208633115
2022-03-31,2740,2800,2740,2775,158779,0.012773722627737127
2022-04-01,2775,2790,2705,2730,179055,-0.01621621621621616
2022-04-04,2710,2760,2700,2750,118419,0.0073260073260073
2022-04-05,2850,3410,2795,3010,21163278,0.09454545454545449
2022-04-06,3030,3095,2955,2960,1802138,-0.01661129568106312
2022-04-07,3080,3085,2805,2815,1711220,-0.048986486486486513
2022-04-08,2815,2880,2795,2850,526339,0.01243339253996445
2022-04-11,2820,2865,2770,2865,333400,0.0052631578947368585
2022-04-12,2840,2920,2760,2830,575266,-0.012216404886561949
2022-04-13,2830,2915,2815,2900,564366,0.02473498233215543
2022-04-14,2885,2930,2880,2930,522223,0.010344827586206806
2022-04-15,3160,3400,2930,2950,9680011,0.006825938566553003
2022-04-18,2950,3080,2930,3020,1613654,0.023728813559322104
2022-04-19,3005,3025,2940,3000,676235,-0.0066225165562914245
2022-04-20,2985,3270,2985,3180,3901243,0.06000000000000005
2022-04-21,3195,3465,3100,3265,8111793,0.02672955974842761
2022-04-22,3215,3335,3140,3235,2603071,-0.009188361408882129
2022-04-25,3235,3550,3210,3325,6819871,0.02782071097372496
2022-04-26,3600,4290,3445,4010,46670824,0.20601503759398487
2022-04-27,4015,4215,3380,3545,9423096,-0.11596009975062349
2022-04-28,3545,3580,3365,3470,2871671,-0.021156558533145242
2022-04-29,3435,3795,3400,3645,8859232,0.050432276657060626
2022-05-02,3645,3690,3540,3640,1997764,-0.00137174211248281
2022-05-03,3645,3655,3505,3510,1032603,-0.0357142857142857
2022-05-04,3500,3550,3320,3350,1314952,-0.04558404558404561
2022-05-06,3325,3695,3315,3405,6887445,0.016417910447761086
2022-05-09,3360,3430,3100,3110,1154084,-0.08663729809104259
2022-05-10,3075,3195,3005,3125,1017119,0.004823151125401992
2022-05-11,3140,3460,3110,3280,4921431,0.04960000000000009
2022-05-12,3240,3245,3055,3075,770656,-0.0625
2022-05-13,3070,3110,2970,2975,674030,-0.03252032520325199
2022-05-16,3005,3085,2985,3075,418492,0.03361344537815136
2022-05-17,3090,3105,3000,3055,399394,-0.006504065040650375
2022-05-18,3060,3320,2985,3115,2600937,0.019639934533551617
2022-05-19,3050,3090,2920,2930,701512,-0.0593900481540931
2022-05-20,2950,2985,2910,2950,380080,0.006825938566553003
2022-05-23,2960,2970,2895,2965,358914,0.005084745762711895
2022-05-24,2950,2975,2825,2825,617174,-0.04721753794266437
2022-05-25,3435,3670,3185,3345,21980560,0.1840707964601771
2022-05-26,3415,3515,3105,3125,3706810,-0.06576980568011959
2022-05-27,3145,3175,3050,3065,1246753,-0.019199999999999995
2022-05-30,3070,3185,3040,3150,1372236,0.027732463295269127
2022-05-31,3120,3200,3085,3100,605491,-0.015873015873015928
2022-06-02,3110,3125,3055,3065,364023,-0.011290322580645107
2022-06-03,3080,3135,3060,3095,304569,0.00978792822185981
2022-06-07,3095,3100,2995,3005,333906,-0.029079159935379684
2022-06-08,3010,3050,2965,2970,372020,-0.011647254575707144
2022-06-09,2995,3565,2950,3140,15628926,0.05723905723905731
2022-06-10,3215,3230,3060,3080,2245587,-0.019108280254777066
2022-06-13,2985,3005,2860,2865,875695,-0.06980519480519476
2022-06-14,2775,2830,2685,2755,801891,-0.03839441535776611
2022-06-15,2725,2795,2580,2600,700586,-0.056261343012704135
2022-06-16,2630,2685,2570,2590,356337,-0.0038461538461538325
2022-06-17,2475,2620,2465,2585,483741,-0.0019305019305019266
2022-06-20,2580,2595,2395,2435,646768,-0.05802707930367501
2022-06-21,2440,2610,2440,2560,726864,0.05133470225872694
2022-06-22,2570,2645,2490,2520,419819,-0.015625
2022-06-23,2520,2545,2315,2320,713129,-0.07936507936507942
2022-06-24,2290,2755,2290,2470,7265199,0.06465517241379315
2022-06-27,2485,2570,2455,2515,1168855,0.018218623481781382
2022-06-28,2515,2585,2500,2560,532494,0.017892644135188762
2022-06-29,2510,2630,2505,2585,428948,0.009765625
2022-06-30,2605,2770,2515,2550,592913,-0.013539651837524147
2022-07-01,2690,2690,2460,2475,582894,-0.02941176470588236
2022-07-04,2475,2680,2415,2460,1584147,-0.0060606060606061
2022-07-05,2460,2605,2460,2545,494448,0.03455284552845539
2022-07-06,2530,2630,2495,2510,537996,-0.013752455795677854
2022-07-07,2510,2555,2510,2530,123086,0.007968127490039834
2022-07-08,2545,2690,2545,2590,966658,0.02371541501976293
2022-07-11,2605,2620,2575,2580,190251,-0.0038610038610038533
2022-07-12,2560,2580,2465,2490,225781,-0.03488372093023251
2022-07-13,2460,2530,2460,2490,120064,0.0
2022-07-14,2470,2520,2465,2500,114981,0.004016064257028162
2022-07-15,2500,2515,2435,2470,163146,-0.01200000000000001
2022-07-18,2505,2530,2485,2505,153293,0.014170040485830038
2022-07-19,2500,2550,2485,2530,221676,0.009980039920159722
2022-07-20,2560,2590,2545,2570,228238,0.015810276679841806
2022-07-21,2590,2640,2555,2620,404627,0.01945525291828787
2022-07-22,2595,2625,2570,2590,184874,-0.011450381679389277
2022-07-25,2555,2605,2555,2580,496178,-0.0038610038610038533
2022-07-26,2780,3055,2655,2675,13403635,0.036821705426356655
2022-07-27,2670,2750,2665,2715,977541,0.01495327102803734
2022-07-28,2725,2750,2695,2725,923164,0.0036832412523020164
2022-07-29,2750,2775,2630,2710,597143,-0.0055045871559632475
2022-08-01,2725,2730,2680,2680,229774,-0.011070110701106972
2022-08-02,2700,2705,2610,2625,290622,-0.020522388059701524
2022-08-03,2605,2715,2605,2685,342719,0.02285714285714291
2022-08-04,2695,2725,2685,2710,281824,0.009310986964618184
2022-08-05,2710,2730,2695,2705,313591,-0.0018450184501844769
2022-08-08,2870,2875,2700,2725,1384239,0.007393715341959428
2022-08-09,2725,2745,2710,2720,216687,-0.0018348623853210455
2022-08-10,2700,2725,2660,2715,305887,-0.0018382352941176405
2022-08-11,2735,2770,2730,2770,272727,0.0202578268876612
2022-08-12,2770,2810,2730,2775,376334,0.0018050541516245744
2022-08-16,2805,2860,2765,2770,604466,-0.0018018018018017834
2022-08-17,2745,2765,2675,2690,406341,-0.028880866425992746
2022-08-18,2665,2695,2585,2665,219432,-0.009293680297397744
2022-08-19,2650,2690,2630,2645,169310,-0.007504690431519689
2022-08-22,2620,2650,2575,2575,234717,-0.026465028355387554
2022-08-23,2815,2915,2550,2550,2825579,-0.009708737864077666
2022-08-24,2610,2675,2580,2610,453785,0.0235294117647058
2022-08-25,2625,2680,2625,2660,332095,0.019157088122605304
2022-08-26,2660,2670,2610,2620,254267,-0.015037593984962405
2022-08-29,2550,2800,2525,2575,1329023,-0.01717557251908397
2022-08-30,2575,2640,2575,2635,269836,0.023300970873786353
2022-08-31,2640,2745,2610,2675,591332,0.015180265654648917
2022-09-01,2660,2665,2575,2585,240343,-0.03364485981308407
2022-09-02,2605,2630,2570,2585,169514,0.0
2022-09-05,2565,2615,2525,2540,144312,-0.01740812379110257
2022-09-06,2570,2590,2520,2575,107464,0.013779527559055094
2022-09-07,2550,2580,2470,2480,202135,-0.03689320388349515
2022-09-08,2515,2530,2475,2480,122303,0.0
2022-09-13,2500,2550,2500,2535,109856,0.022177419354838745
2022-09-14,2450,2545,2440,2525,154297,-0.0039447731755424265
2022-09-15,2550,2590,2535,2570,199546,0.017821782178217838
2022-09-16,2550,2610,2525,2575,241192,0.0019455252918287869
2022-09-19,2640,2730,2555,2555,727286,-0.007766990291262155
2022-09-20,2555,2585,2520,2570,178810,0.005870841487279899
2022-09-21,2570,2600,2540,2545,182949,-0.009727626459143934
2022-09-22,2535,2540,2425,2500,238246,-0.017681728880157177
2022-09-23,2480,2510,2390,2390,256670,-0.04400000000000004
2022-09-26,2370,2370,2170,2180,481269,-0.08786610878661083
2022-09-27,2150,2210,2150,2165,223358,-0.006880733944954143
2022-09-28,2160,2210,2075,2095,191683,-0.0323325635103926
2022-09-29,2135,2180,2100,2100,96503,0.0023866348448686736
2022-09-30,2040,2140,2035,2120,86221,0.00952380952380949
2022-10-04,2135,2180,2135,2175,48099,0.02594339622641506
2022-10-05,2185,2215,2140,2140,89360,-0.016091954022988464
2022-10-06,2215,2780,2210,2735,20874509,0.27803738317757
2022-10-07,2735,2790,2665,2780,7258685,0.01645338208409508
2022-10-11,2700,2700,2540,2580,1940641,-0.07194244604316546
2022-10-12,2650,2680,2375,2430,2758084,-0.05813953488372092
2022-10-13,2430,2655,2355,2390,8201429,-0.016460905349794275
2022-10-14,2430,2575,2390,2445,2472732,0.023012552301255207
2022-10-17,2445,2500,2360,2500,1002413,0.02249488752556239
2022-10-18,2500,2680,2470,2525,5041609,0.010000000000000009
2022-10-19,2550,2600,2485,2540,1463370,0.005940594059405946
2022-10-20,2530,2625,2395,2410,2188113,-0.051181102362204745
2022-10-21,2435,2760,2415,2575,13259508,0.06846473029045641
2022-10-24,2525,2605,2485,2515,1444406,-0.023300970873786353
2022-10-25,2545,2575,2420,2430,1024280,-0.03379721669980118
2022-10-26,2425,2440,2310,2320,807394,-0.04526748971193417
2022-10-27,2305,2375,2305,2360,321450,0.01724137931034475
2022-10-28,2360,2450,2340,2385,543631,0.010593220338983134
2022-10-31,2410,2520,2365,2430,1382656,0.018867924528301883
2022-11-01,2430,2520,2350,2465,613558,0.014403292181069949
2022-11-02,2455,2460,2400,2415,364893,-0.020283975659229236
2022-11-03,2365,2435,2360,2430,238882,0.006211180124223503
2022-11-04,2400,2445,2365,2400,237163,-0.012345679012345734
2022-11-07,2420,2490,2410,2465,431123,0.027083333333333348
2022-11-08,2465,2535,2455,2480,444982,0.006085192697768749
2022-11-09,2480,2505,2460,2480,281205,0.0
2022-11-10,2450,2550,2430,2500,395225,0.008064516129032251
2022-11-11,2540,2565,2480,2485,502021,-0.006000000000000005
2022-11-14,2505,2515,2455,2500,363294,0.006036217303822866
2022-11-15,2510,2570,2510,2550,547611,0.020000000000000018
2022-11-16,2570,2595,2515,2580,569923,0.0117647058823529
2022-11-17,2580,2635,2565,2590,616207,0.003875968992248069
2022-11-18,2600,2730,2580,2590,2302229,0.0
2022-11-21,2605,2670,2540,2595,674089,0.0019305019305020377
2022-11-22,2570,2670,2510,2660,937741,0.025048169556840083
2022-11-23,2650,2730,2625,2695,1669510,0.013157894736842035
2022-11-24,2900,3110,2735,2770,9578621,0.027829313543599188
2022-11-25,2790,2850,2715,2735,935493,-0.012635379061371799
2022-11-28,2730,2750,2670,2685,401731,-0.018281535648994485
2022-11-29,2655,2760,2635,2730,416244,0.016759776536312776
2022-11-30,2755,2780,2710,2775,282495,0.016483516483516425
2022-12-01,2780,2810,2750,2770,365697,-0.0018018018018017834
2022-12-02,2770,2775,2725,2730,207311,-0.014440433212996373
2022-12-05,2735,2740,2690,2695,134873,-0.012820512820512775
2022-12-06,2695,2710,2610,2650,207728,-0.016697588126159513
2022-12-07,2620,2640,2565,2600,164097,-0.018867924528301883
2022-12-08,2600,2605,2535,2535,167589,-0.025000000000000022
2022-12-09,2550,2565,2500,2545,117287,0.0039447731755424265
2022-12-12,2565,2600,2545,2565,89237,0.007858546168958647
2022-12-13,2570,2640,2570,2635,167752,0.02729044834308003
2022-12-14,2640,2650,2595,2620,90263,-0.005692599620493399
2022-12-15,2620,2660,2620,2630,115599,0.003816793893129722
2022-12-16,2600,2655,2565,2605,126977,-0.009505703422053258
2022-12-19,2575,2735,2575,2720,422584,0.04414587332053732
2022-12-20,2720,2725,2610,2610,226854,-0.0404411764705882
2022-12-21,2610,2635,2585,2585,89917,-0.009578544061302652
2022-12-22,2595,2620,2590,2605,84741,0.007736943907156624
2022-12-23,2605,2605,2540,2560,98147,-0.017274472168905985
2022-12-26,2575,2600,2560,2560,122082,0.0
2022-12-27,2555,2605,2530,2560,155776,0.0
2022-12-28,2555,2575,2525,2555,105496,-0.001953125
2022-12-29,2535,2550,2440,2450,194678,-0.04109589041095896
2023-01-02,2450,2480,2380,2380,130504,-0.02857142857142858
2023-01-03,2375,2395,2325,2365,116271,-0.006302521008403339
2023-01-04,2365,2440,2340,2410,60809,0.019027484143763207
2023-01-05,2410,2445,2395,2415,39312,0.0020746887966804906
2023-01-06,2395,2455,2395,2425,60564,0.0041407867494824835
2023-01-09,2435,2510,2430,2495,94218,0.028865979381443196
2023-01-10,2495,2540,2460,2470,114156,-0.01002004008016033
2023-01-11,2490,2520,2490,2505,80129,0.014170040485830038
2023-01-12,2520,2550,2505,2550,100266,0.017964071856287456
2023-01-13,2550,2565,2530,2555,122384,0.0019607843137254832
2023-01-16,2555,2575,2525,2530,85537,-0.009784735812133127
2023-01-17,2555,2555,2465,2480,98903,-0.01976284584980237
2023-01-18,2490,2490,2445,2475,62148,-0.0020161290322581182
2023-01-19,2460,2475,2450,2455,56505,-0.008080808080808133
2023-01-20,2455,2485,2450,2475,46101,0.008146639511201537
2023-01-25,2480,2515,2460,2515,81764,0.016161616161616266
2023-01-26,2525,2545,2500,2545,92677,0.011928429423459175
2023-01-27,2555,2560,2490,2525,426070,-0.007858546168958758
2023-01-30,2525,2560,2520,2535,209236,0.003960396039603964
2023-01-31,2535,2550,2510,2535,108661,0.0
2023-02-01,2535,2565,2510,2530,106622,-0.0019723865877712132
2023-02-02,2535,2580,2535,2560,131665,0.011857707509881354
2023-02-03,2580,2605,2550,2575,114922,0.005859375
2023-02-06,2590,2615,2550,2605,131068,0.011650485436893288
2023-02-07,2595,2650,2555,2600,174998,-0.0019193857965451588
2023-02-08,2600,2615,2570,2610,101666,0.0038461538461538325
2023-02-09,2610,2615,2580,2595,53028,-0.005747126436781658
2023-02-10,2595,2605,2545,2560,87233,-0.013487475915221592
2023-02-13,2545,2605,2545,2570,141230,0.00390625
2023-02-14,2570,2590,2540,2555,119873,-0.005836575875486361
2023-02-15,2550,2565,2490,2495,112002,-0.023483365949119372
2023-02-16,2495,2525,2485,2500,88356,0.002004008016031955
2023-02-17,2480,2520,2450,2505,118615,0.0020000000000000018
2023-02-20,2505,2535,2495,2525,83316,0.007984031936127733
2023-02-21,2525,2540,2500,2540,69405,0.005940594059405946
2023-02-22,2530,2535,2490,2495,98444,-0.017716535433070835
2023-02-23,2510,2520,2470,2495,94641,0.0
2023-02-24,2495,2500,2445,2460,155477,-0.014028056112224463
2023-02-27,2450,2450,2405,2420,244644,-0.016260162601625994
2023-02-28,3145,3145,2555,2555,7888373,0.05578512396694224
2023-03-02,2575,2580,2515,2555,735339,0.0
2023-03-03,2565,2625,2550,2550,560659,-0.00195694716242667
2023-03-06,2580,2645,2565,2630,422380,0.031372549019607954
2023-03-07,2635,2650,2595,2610,303058,-0.0076045627376425395
2023-03-08,2595,2630,2565,2605,190776,-0.0019157088122605526
2023-03-09,2610,2640,2550,2590,238485,-0.0057581573896353655
2023-03-10,2535,2565,2515,2530,275764,-0.02316602316602312
2023-03-13,2510,2520,2410,2475,279210,-0.021739130434782594
2023-03-14,2460,2460,2355,2360,300813,-0.04646464646464643
2023-03-15,2380,2420,2375,2385,251451,0.010593220338983134
2023-03-16,2380,2390,2300,2330,245171,-0.023060796645702264
2023-03-17,2350,2385,2335,2375,105858,0.0193133047210301
2023-03-20,2385,2415,2375,2395,126483,0.008421052631578885
2023-03-21,2415,2425,2400,2400,133420,0.0020876826722338038
2023-03-22,2420,2425,2400,2420,172789,0.008333333333333304
2023-03-23,2410,2430,2355,2390,156681,-0.012396694214875992
2023-03-24,2390,2415,2380,2390,92649,0.0
2023-03-27,2390,2405,2350,2405,130548,0.006276150627614996
2023-03-28,2395,2435,2390,2435,127480,0.012474012474012364
2023-03-29,2435,2440,2400,2440,132949,0.002053388090349051
2023-03-30,2445,2460,2410,2445,147480,0.002049180327868827
2023-03-31,2425,2455,2415,2425,146673,-0.008179959100204526
2023-04-03,2430,2465,2415,2460,142639,0.014432989690721598
2023-04-04,2445,2500,2445,2490,142638,0.012195121951219523
2023-04-05,2490,2500,2470,2485,96534,-0.002008032128514081
2023-04-06,2490,2490,2410,2425,141040,-0.024144869215291798
2023-04-07,2425,2455,2405,2455,97356,0.012371134020618513
2023-04-10,2455,2455,2385,2410,203912,-0.018329938900203624
2023-04-11,2410,2445,2385,2430,134197,0.008298755186721962
2023-04-12,2420,2495,2420,2475,151148,0.0185185185185186
2023-04-13,2475,2575,2455,2570,383765,0.03838383838383841
2023-04-14,2555,2590,2515,2530,267164,-0.015564202334630295
2023-04-17,2535,2740,2530,2620,3249224,0.035573122529644285
2023-04-18,2640,2710,2600,2640,622189,0.007633587786259444
2023-04-19,2635,2685,2630,2635,306888,-0.0018939393939394478
2023-04-20,2640,2675,2565,2580,218801,-0.020872865275142316
2023-04-21,2565,2595,2510,2560,271709,-0.007751937984496138
2023-04-24,2560,2595,2510,2530,234041,-0.01171875
2023-04-25,2530,2580,2500,2540,168963,0.0039525691699604515
2023-04-26,2535,2560,2475,2500,119905,-0.015748031496062964
2023-04-27,2480,2650,2450,2560,310556,0.02400000000000002
2023-04-28,2565,2595,2520,2545,133004,-0.005859375
2023-05-02,2545,2605,2530,2605,157721,0.023575638506876162
2023-05-03,2555,2700,2555,2695,595936,0.03454894433781197
2023-05-04,2675,2715,2640,2640,233519,-0.020408163265306145
2023-05-08,2665,2680,2620,2650,149216,0.0037878787878788955
2023-05-09,2640,2690,2555,2605,168225,-0.016981132075471694
2023-05-10,2585,2660,2585,2650,122364,0.017274472168905985
2023-05-11,2630,2655,2600,2640,141093,-0.0037735849056603765
2023-05-12,2660,2660,2585,2590,124433,-0.018939393939393923
2023-05-15,2585,2585,2525,2530,112344,-0.02316602316602312
2023-05-16,2545,2680,2515,2565,380393,0.01383399209486158
2023-05-17,2545,2575,2525,2565,196604,0.0
2023-05-18,2595,2630,2570,2570,195774,0.0019493177387914784
2023-05-19,2590,2595,2520,2555,201936,-0.005836575875486361
2023-05-22,2545,2640,2535,2625,287094,0.027397260273972712
2023-05-23,2630,2650,2600,2620,218526,-0.0019047619047618536
2023-05-24,2655,2720,2620,2710,663356,0.03435114503816794
2023-05-25,2675,2700,2575,2590,427652,-0.044280442804428
2023-05-26,2620,2640,2520,2545,370566,-0.01737451737451734
2023-05-30,2560,2590,2535,2550,181792,0.0019646365422396617
2023-05-31,2550,2585,2540,2565,107975,0.00588235294117645
2023-06-01,2545,2565,2525,2530,172495,-0.013645224171540016
2023-06-02,2545,2575,2530,2560,103642,0.011857707509881354
2023-06-05,2555,2580,2550,2575,119788,0.005859375
2023-06-07,2570,2575,2540,2550,92851,-0.009708737864077666
2023-06-08,2530,2565,2520,2520,149967,-0.0117647058823529
2023-06-09,2525,2640,2525,2615,942504,0.037698412698412787
2023-06-12,2615,2620,2545,2550,257124,-0.0248565965583174
2023-06-13,2570,2590,2540,2560,197852,0.0039215686274509665
2023-06-14,2555,2575,2435,2445,488888,-0.044921875
2023-06-15,2450,2475,2395,2440,222603,-0.002044989775051076
2023-06-16,2440,2460,2425,2450,86048,0.004098360655737654
2023-06-19,2450,2470,2430,2465,137987,0.00612244897959191
2023-06-20,2460,2515,2445,2480,153109,0.006085192697768749
2023-06-21,2470,2480,2435,2440,151803,-0.016129032258064502
2023-06-22,2445,2550,2430,2435,388038,-0.002049180327868827
2023-06-23,2430,2445,2420,2430,100907,-0.002053388090349051
2023-06-26,2430,2470,2405,2460,105121,0.012345679012345734
2023-06-27,2450,2455,2425,2435,96567,-0.010162601626016232
2023-06-28,2435,2450,2410,2415,95329,-0.008213552361396315
2023-06-29,2420,2430,2375,2400,195810,-0.006211180124223614
2023-06-30,2390,2415,2360,2410,141379,0.004166666666666652
2023-07-03,2425,2445,2420,2440,62049,0.012448132780082943
2023-07-04,2440,2450,2420,2430,50160,-0.004098360655737654
2023-07-05,2450,2460,2390,2395,152449,-0.014403292181069949
2023-07-06,2395,2480,2360,2370,215167,-0.01043841336116913
2023-07-07,2355,2385,2355,2365,77545,-0.002109704641350185
2023-07-10,2370,2390,2350,2360,89051,-0.0021141649048626032
2023-07-11,2370,2395,2360,2380,89285,0.008474576271186418
2023-07-12,2400,2405,2370,2370,65032,-0.004201680672268893
2023-07-13,2395,2410,2365,2395,121958,0.010548523206751037
2023-07-14,2400,2420,2375,2395,120205,0.0
2023-07-17,2395,2405,2375,2395,70468,0.0
2023-07-18,2395,2420,2375,2390,101902,-0.0020876826722338038
2023-07-19,2385,2400,2360,2385,144681,-0.0020920502092049986
2023-07-20,2365,2385,2355,2380,56009,-0.002096436058700246
2023-07-21,2370,2395,2365,2380,84547,0.0
2023-07-24,2375,2380,2320,2335,207616,-0.018907563025210128
2023-07-25,2350,2365,2290,2310,157854,-0.010706638115631661
2023-07-26,2330,2330,2170,2205,287640,-0.045454545454545414
2023-07-27,2210,2295,2210,2280,120875,0.03401360544217691
2023-07-28,2245,2380,2245,2345,131948,0.028508771929824483
2023-07-31,2355,2405,2355,2395,95647,0.021321961620469176
2023-08-01,2405,2445,2375,2435,244899,0.016701461377870652
2023-08-02,2435,2485,2405,2440,247144,0.002053388090349051
2023-08-03,2410,2440,2360,2435,134269,-0.002049180327868827
2023-08-04,2405,2465,2390,2450,115380,0.006160164271047153
2023-08-07,2430,2450,2395,2425,126396,-0.010204081632653073
2023-08-08,2405,2450,2365,2370,227430,-0.02268041237113405
2023-08-09,2370,2410,2350,2400,112890,0.012658227848101333
2023-08-10,2400,2400,2345,2380,133473,-0.008333333333333304
2023-08-11,2420,2420,2355,2375,238010,-0.0021008403361344463
2023-08-14,2350,2375,2270,2270,532707,-0.04421052631578948
2023-08-16,2220,2265,2180,2255,449090,-0.0066079295154185536
2023-08-17,2215,2235,2140,2195,478033,-0.026607538802660757
2023-08-18,2190,2190,2140,2175,123429,-0.009111617312072884
2023-08-21,2175,2500,2160,2380,2565111,0.09425287356321843
2023-08-22,2345,2375,2275,2295,540980,-0.0357142857142857
2023-08-23,2290,2340,2265,2295,264511,0.0
2023-08-24,2285,2340,2285,2315,172408,0.008714596949890963
2023-08-25,2315,2355,2300,2350,191478,0.015118790496760237
2023-08-28,2350,2380,2345,2350,108374,0.0
2023-08-29,2340,2400,2340,2395,131037,0.01914893617021285
2023-08-30,2390,2425,2380,2380,108817,-0.006263048016701411
2023-08-31,2380,2395,2325,2335,148065,-0.018907563025210128
2023-09-01,2340,2360,2305,2310,94951,-0.010706638115631661
2023-09-04,2305,2330,2280,2300,67984,-0.0043290043290042934
2023-09-05,2285,2320,2285,2305,55613,0.0021739130434783593
2023-09-06,2305,2320,2285,2285,68049,-0.008676789587852451
2023-09-07,2285,2310,2255,2275,107303,-0.004376367614879695
2023-09-08,2275,2315,2260,2310,56312,0.01538461538461533
2023-09-11,2310,2325,2275,2300,40862,-0.0043290043290042934
2023-09-12,2300,2315,2280,2290,71741,-0.004347826086956497
2023-09-13,2290,2320,2270,2285,137645,-0.0021834061135370675
2023-09-14,2285,2310,2280,2310,62740,0.010940919037199182
2023-09-15,2295,2340,2295,2330,99114,0.008658008658008587
2023-09-18,2320,2325,2295,2305,36856,-0.010729613733905574
2023-09-19,2305,2310,2280,2295,52362,-0.004338394793926281
2023-09-20,2280,2295,2275,2290,33079,-0.002178649237472796
2023-09-21,2275,2285,2230,2230,108277,-0.026200873362445365
2023-09-22,2215,2265,2190,2215,104142,-0.006726457399103158
2023-09-25,2200,2235,2175,2230,277845,0.006772009029345272
2023-09-26,2225,2265,2155,2180,199174,-0.022421524663677084
2023-09-27,2180,2195,2160,2180,79353,0.0
2023-10-04,2165,2175,2110,2120,132595,-0.02752293577981646
2023-10-05,2125,2170,2105,2115,94956,-0.002358490566037763
2023-10-06,2115,2150,2115,2150,19151,0.016548463356973908
2023-10-10,2140,2175,2100,2105,111585,-0.020930232558139528
2023-10-11,2120,2160,2110,2140,33076,0.016627078384798155
2023-10-12,2135,2175,2135,2170,34407,0.014018691588784993
2023-10-13,2170,2180,2145,2160,39945,-0.004608294930875556
2023-10-16,2140,2155,2100,2110,82572,-0.02314814814814814
2023-10-17,2115,2145,2115,2145,25609,0.016587677725118377
2023-10-18,2135,2160,2135,2140,32305,-0.002331002331002363
2023-10-19,2115,2135,2075,2105,127185,-0.016355140186915862
2023-10-20,2070,2330,2040,2075,2053412,-0.014251781472684133
2023-10-23,2050,2120,2045,2060,95778,-0.0072289156626506035
2023-10-24,2085,2095,2030,2070,88791,0.004854368932038833
2023-10-25,2090,2105,2070,2100,94486,0.01449275362318847
2023-10-26,2090,2100,2060,2080,76456,-0.00952380952380949
2023-10-27,2080,2125,2065,2070,59894,-0.004807692307692291
2023-10-30,2070,2110,2065,2105,42838,0.01690821256038655
2023-10-31,2105,2125,2070,2085,29405,-0.009501187648456089
2023-11-01,2080,2110,2075,2095,40703,0.004796163069544335
2023-11-02,2110,2155,2105,2150,95570,0.026252983293556076
2023-11-03,2145,2185,2120,2165,71836,0.006976744186046435
2023-11-06,2165,2200,2160,2195,187698,0.01385681293302543
2023-11-07,2195,2220,2120,2215,257924,0.009111617312072884
2023-11-08,2215,2260,2150,2155,178841,-0.02708803611738153
2023-11-09,2160,2180,2140,2140,37159,-0.00696055684454755
2023-11-10,2140,2170,2125,2150,35978,0.004672897196261738
2023-11-13,2150,2195,2135,2135,48962,-0.006976744186046546
2023-11-14,2130,2180,2130,2145,62565,0.004683840749414525
2023-11-15,2145,2180,2125,2155,75926,0.004662004662004726
2023-11-16,2165,2165,2130,2160,79815,0.002320185614849146
2023-11-17,2140,2180,2140,2155,30450,-0.0023148148148147696
2023-11-20,2155,2180,2145,2165,34358,0.004640371229698292
2023-11-21,2165,2180,2135,2155,30832,-0.004618937644341847
2023-11-22,2150,2180,2150,2160,38394,0.002320185614849146
2023-11-23,2160,2195,2145,2160,75064,0.0
2023-11-24,2155,2170,2145,2170,30718,0.004629629629629539
2023-11-27,2160,2175,2145,2175,54654,0.0023041474654377225
2023-11-28,2160,2230,2150,2165,38041,-0.0045977011494252595
2023-11-29,2165,2165,2135,2145,53643,-0.009237875288683584
2023-11-30,2145,2155,2125,2150,39979,0.002331002331002363
2023-12-01,2155,2175,2120,2130,71645,-0.009302325581395321
2023-12-04,2130,2140,2105,2125,31239,-0.0023474178403756207
2023-12-05,2125,2125,2110,2120,58939,-0.0023529411764705577
2023-12-06,2120,2165,2115,2140,47693,0.009433962264151052
2023-12-07,2130,2140,2115,2130,26247,-0.004672897196261627
2023-12-08,2130,2145,2125,2135,29600,0.0023474178403755097
2023-12-11,2135,2185,2135,2180,62879,0.021077283372365363
2023-12-12,2180,2210,2165,2190,89856,0.004587155963302836
2023-12-13,2200,2200,2120,2140,75234,-0.022831050228310557
2023-12-14,2145,2195,2140,2175,79321,0.016355140186915973
2023-12-15,2170,2180,2135,2140,61250,-0.016091954022988464
2023-12-18,2145,2155,2125,2155,34790,0.007009345794392496
2023-12-19,2140,2170,2125,2125,92670,-0.0139211136890951
2023-12-20,2135,2140,2130,2140,24836,0.007058823529411784
2023-12-21,2130,2230,2130,2185,167759,0.02102803738317749
2023-12-22,2190,2190,2145,2150,61935,-0.016018306636155555
2023-12-26,2145,2175,2135,2160,43753,0.0046511627906977715
2023-12-27,2155,2165,2110,2125,83275,-0.01620370370370372
2023-12-28,2130,2295,2115,2290,577168,0.0776470588235294
2024-01-02,2290,2305,2215,2250,134408,-0.017467248908296984
2024-01-03,2225,2250,2210,2235,58256,-0.00666666666666671
2024-01-04,2225,2235,2135,2145,419484,-0.04026845637583898
2024-01-05,2155,2170,2140,2155,118136,0.004662004662004726
2024-01-08,2145,2160,2130,2135,108021,-0.009280742459396807
2024-01-09,2145,2160,2135,2160,85700,0.011709601873536313
2024-01-10,2155,2305,2150,2190,430041,0.01388888888888884
2024-01-11,2190,2215,2175,2215,73900,0.011415525114155223
2024-01-12,2200,2220,2175,2195,43178,-0.009029345372460473
2024-01-15,2180,2210,2160,2175,64319,-0.009111617312072884
2024-01-16,2175,2190,2160,2180,30823,0.0022988505747125743
2024-01-17,2165,2180,2125,2125,104897,-0.025229357798165153
2024-01-18,2130,2150,2115,2130,97040,0.0023529411764706687
2024-01-19,2140,2150,2120,2145,85205,0.007042253521126751
2024-01-22,2145,2160,2135,2135,46128,-0.004662004662004615
2024-01-23,2135,2140,2125,2125,38413,-0.004683840749414525
2024-01-24,2125,2155,2110,2110,49607,-0.007058823529411784
2024-01-25,2115,2140,2110,2135,30287,0.011848341232227444
2024-01-26,2125,2150,2110,2135,79260,0.0
2024-01-29,2135,2150,2115,2150,121407,0.007025761124121788
2024-01-30,2140,2200,2135,2150,81075,0.0
2024-01-31,2150,2175,2135,2150,75153,0.0
2024-02-01,2135,2450,2135,2245,4714649,0.04418604651162794
2024-02-02,2240,2300,2210,2300,704388,0.024498886414253906
2024-02-05,2320,2375,2265,2305,933120,0.0021739130434783593
2024-02-06,2280,2340,2255,2270,316912,-0.015184381778741818
2024-02-07,2270,2340,2265,2295,239048,0.011013215859030812
2024-02-08,2315,2335,2265,2280,177429,-0.006535947712418277
2024-02-13,2325,2325,2275,2280,166547,0.0
2024-02-14,2260,2285,2260,2270,173212,-0.004385964912280715
2024-02-15,2275,2300,2255,2265,158951,-0.0022026431718061845
2024-02-16,2280,2300,2260,2300,185678,0.015452538631346657
2024-02-19,2300,2315,2295,2310,200170,0.004347826086956497
2024-02-20,2310,2330,2300,2315,176277,0.0021645021645022577
2024-02-21,2300,2315,2280,2290,123940,-0.010799136069114423
2024-02-22,2310,2340,2300,2325,222633,0.015283842794759916
2024-02-23,2315,2330,2280,2280,140985,-0.01935483870967747
2024-02-26,2280,2295,2255,2255,129392,-0.010964912280701733
2024-02-27,2250,2265,2205,2205,267841,-0.022172949002217335
2024-02-28,2210,2240,2195,2215,111003,0.0045351473922903285
2024-02-29,2220,2245,2200,2225,89476,0.004514672686230181
2024-03-04,2240,2240,2195,2200,126363,-0.011235955056179803
2024-03-05,2200,2210,2160,2170,151166,-0.013636363636363669
2024-03-06,2160,2170,2140,2150,153071,-0.009216589861751112
2024-03-07,2160,2175,2130,2130,103323,-0.009302325581395321
2024-03-08,2145,2145,2120,2130,98298,0.0
2024-03-11,2130,2150,2125,2145,45361,0.007042253521126751
2024-03-12,2140,2150,2130,2140,95110,-0.002331002331002363
2024-03-13,2145,2155,2125,2145,82482,0.002336448598130758
2024-03-14,2145,2150,2125,2140,96844,-0.002331002331002363
2024-03-15,2130,2140,2115,2120,104049,-0.009345794392523366
2024-03-18,2115,2135,2115,2130,69627,0.004716981132075526
2024-03-19,2130,2180,2130,2160,167739,0.014084507042253502
2024-03-20,2165,2175,2135,2155,93508,-0.0023148148148147696
2024-03-21,2150,2180,2145,2175,109643,0.009280742459396807
2024-03-22,2175,2175,2150,2165,64382,-0.0045977011494252595
2024-03-25,2165,2185,2145,2150,42746,-0.006928406466512715
2024-03-26,2160,2175,2150,2160,104808,0.0046511627906977715
2024-03-27,2160,2165,2140,2140,67292,-0.0092592592592593
2024-03-28,2145,2155,2135,2145,71680,0.002336448598130758
2024-03-29,2145,2355,2130,2130,2599260,-0.006993006993006978
2024-04-01,2145,2155,2130,2130,156792,0.0
2024-04-02,2130,2145,2125,2130,96271,0.0
2024-04-03,2130,2135,2115,2130,110277,0.0
2024-04-04,2135,2145,2125,2130,51697,0.0
2024-04-05,2125,2155,2120,2155,134219,0.011737089201877993
2024-04-08,2150,2160,2145,2155,72335,0.0
2024-04-09,2150,2165,2130,2135,115165,-0.009280742459396807
2024-04-11,2130,2135,2115,2130,74441,-0.0023419203747072626
2024-04-12,2130,2140,2110,2110,104124,-0.009389671361502372
2024-04-15,2095,2105,2070,2100,147670,-0.004739336492891044
2024-04-16,2095,2110,2055,2070,81307,-0.014285714285714235
2024-04-17,2070,2095,2040,2055,127459,-0.007246376811594235
2024-04-18,2050,2080,2050,2075,56052,0.009732360097323589
2024-04-19,2070,2090,2055,2090,74950,0.0072289156626506035
2024-04-22,2080,2145,2065,2145,233251,0.026315789473684292
2024-04-23,2135,2155,2115,2135,75708,-0.004662004662004615
2024-04-24,2130,2150,2125,2140,46033,0.0023419203747072626
2024-04-25,2150,2150,2115,2130,44468,-0.004672897196261627
2024-04-26,2125,2150,2095,2125,83361,-0.0023474178403756207
2024-04-29,2115,2140,2110,2135,133554,0.004705882352941115
2024-04-30,2140,2145,2125,2145,79904,0.004683840749414525
2024-05-02,2150,2160,2125,2135,75825,-0.004662004662004615
2024-05-03,2135,2155,2120,2120,64107,-0.007025761124121788
2024-05-07,2130,2135,2115,2130,74057,0.004716981132075526
2024-05-08,2130,2155,2120,2150,95174,0.009389671361502261
2024-05-09,2150,2195,2135,2175,210397,0.011627906976744207
2024-05-10,2180,2200,2170,2185,135909,0.0045977011494253706
2024-05-13,2190,2195,2170,2185,63883,0.0
2024-05-14,2190,2200,2170,2170,95929,-0.006864988558352381
2024-05-16,2175,2190,2160,2180,77251,0.004608294930875667
2024-05-17,2185,2210,2160,2205,217365,0.011467889908256979
2024-05-20,2200,2225,2175,2200,204479,-0.0022675736961451642
2024-05-21,2195,2205,2180,2190,56362,-0.004545454545454519
2024-05-22,2190,2200,2180,2180,127206,-0.004566210045662156
2024-05-23,2180,2180,2155,2170,84181,-0.004587155963302725
2024-05-24,2175,2175,2155,2155,59179,-0.00691244239631339
2024-05-27,2160,2165,2135,2145,69973,-0.004640371229698403
2024-05-28,2140,2175,2130,2170,115021,0.011655011655011593
2024-05-29,2170,2360,2125,2160,1480577,-0.004608294930875556
2024-05-30,2160,2165,2130,2155,130706,-0.0023148148148147696
2024-05-31,2160,2170,2150,2165,62683,0.004640371229698292
2024-06-03,2160,2215,2160,2205,249491,0.018475750577367167
2024-06-04,2220,2290,2200,2210,569625,0.0022675736961450532
2024-06-05,2200,2235,2200,2225,135812,0.006787330316742057
2024-06-07,2225,2245,2215,2235,262131,0.004494382022471877
2024-06-10,2235,2245,2210,2220,92240,-0.006711409395973145
2024-06-11,2235,2240,2210,2215,117734,-0.0022522522522522292
2024-06-12,2220,2230,2200,2205,140898,-0.004514672686230292
2024-06-13,2200,2240,2200,2230,104054,0.01133786848072571
2024-06-14,2230,2230,2205,2205,74394,-0.011210762331838597
2024-06-17,2210,2225,2200,2200,95372,-0.0022675736961451642
2024-06-18,2205,2215,2170,2180,149551,-0.009090909090909038
2024-06-19,2180,2215,2175,2190,58471,0.004587155963302836
2024-06-20,2190,2215,2180,2205,71768,0.006849315068493178
2024-06-21,2200,2340,2200,2270,1473429,0.02947845804988658
2024-06-24,2280,2285,2235,2250,184850,-0.008810572687224627
2024-06-25,2250,2275,2235,2250,110928,0.0
2024-06-26,2245,2290,2245,2250,154231,0.0
2024-06-27,2250,2260,2230,2235,98174,-0.00666666666666671
2024-06-28,2235,2275,2230,2260,91482,0.01118568232662187
2024-07-01,2260,2300,2245,2285,128824,0.01106194690265494
2024-07-02,2275,2305,2270,2290,168708,0.002188183807439792
2024-07-03,2290,2305,2225,2225,164197,-0.028384279475982543
2024-07-04,2230,2250,2210,2220,81878,-0.0022471910112359383
2024-07-05,2220,2245,2210,2225,88653,0.0022522522522523403
2024-07-08,2225,2245,2200,2220,76517,-0.0022471910112359383
2024-07-09,2210,2260,2205,2220,58232,0.0
2024-07-10,2220,2255,2220,2235,108115,0.006756756756756799
2024-07-11,2245,2255,2215,2220,96387,-0.006711409395973145
2024-07-12,2205,2225,2185,2190,87395,-0.013513513513513487
2024-07-15,2195,2205,2180,2200,73358,0.004566210045662045
2024-07-16,2200,2225,2200,2205,70090,0.002272727272727204
2024-07-17,2205,2215,2185,2185,74732,-0.009070294784580546
2024-07-18,2180,2190,2140,2150,124312,-0.016018306636155555
2024-07-19,2150,2160,2110,2140,138358,-0.0046511627906976605
2024-07-22,2145,2150,2105,2120,118814,-0.009345794392523366
2024-07-23,2120,2135,2110,2120,37386,0.0
2024-07-24,2115,2140,2110,2125,38291,0.002358490566037652
2024-07-25,2110,2120,2085,2110,90825,-0.007058823529411784
2024-07-26,2105,2120,2095,2120,22858,0.004739336492890933
2024-07-29,2115,2145,2115,2140,32480,0.009433962264151052
2024-07-30,2135,2150,2125,2135,37993,-0.002336448598130869
2024-07-31,2130,2160,2130,2150,41898,0.007025761124121788
2024-08-01,2150,2170,2145,2170,35651,0.009302325581395321
2024-08-02,2150,2175,2100,2125,81096,-0.020737327188940058
2024-08-05,2090,2115,1975,1988,271519,-0.06447058823529417
2024-08-06,1976,2055,1976,2030,195221,0.021126760563380254
2024-08-07,2025,2060,2025,2040,96225,0.0049261083743843415
2024-08-08,2035,2035,2005,2030,48903,-0.004901960784313708
2024-08-09,2035,2095,2035,2090,69701,0.029556650246305383
2024-08-12,2090,2140,2090,2130,56122,0.019138755980861344
2024-08-13,2120,2135,2070,2095,91196,-0.016431924882629123
2024-08-14,2100,2145,2100,2135,76758,0.019093078758949833
2024-08-16,2200,2210,2165,2205,223841,0.032786885245901676
2024-08-19,2205,2230,2180,2215,114762,0.0045351473922903285
2024-08-20,2230,2240,2195,2205,90643,-0.004514672686230292
2024-08-21,2195,2230,2195,2225,36949,0.009070294784580435
2024-08-22,2220,2240,2170,2170,56552,-0.024719101123595544
2024-08-23,2165,2190,2130,2160,117858,-0.004608294930875556
2024-08-26,2170,2200,2145,2165,22079,0.0023148148148148806
2024-08-27,2155,2180,2145,2170,42291,0.002309468822170979
2024-08-28,2170,2185,2150,2170,56621,0.0
2024-08-29,2150,2170,2140,2155,29245,-0.00691244239631339
2024-08-30,2155,2170,2135,2155,58636,0.0
2024-09-02,2180,2180,2135,2135,50195,-0.009280742459396807
2024-09-03,2140,2150,2120,2140,22643,0.0023419203747072626
2024-09-04,2120,2130,2080,2090,79458,-0.02336448598130836
2024-09-05,2090,2115,2080,2110,98261,0.009569377990430672
2024-09-06,2105,2105,2050,2070,108116,-0.018957345971563955
2024-09-09,2045,2060,2035,2055,57789,-0.007246376811594235
2024-09-10,2060,2065,2035,2050,48198,-0.0024330900243308973
2024-09-11,2050,2060,2030,2045,65219,-0.0024390243902439046
2024-09-12,2050,2085,2045,2075,30661,0.014669926650366705
2024-09-13,2065,2100,2065,2090,15660,0.0072289156626506035
2024-09-19,2090,2105,2075,2090,17884,0.0
2024-09-20,2095,2140,2095,2110,72027,0.009569377990430672
2024-09-23,2110,2115,2090,2115,20081,0.0023696682464455776
2024-09-24,2100,2125,2100,2120,33449,0.0023640661938533203
2024-09-25,2130,2150,2115,2120,74336,0.0
2024-09-26,2125,2140,2105,2135,64039,0.007075471698113178
2024-09-27,2130,2145,2125,2140,51925,0.0023419203747072626
2024-09-30,2145,2150,2125,2140,29665,0.0
2024-10-02,2115,2130,2110,2125,33691,-0.007009345794392496
2024-10-04,2170,2170,2115,2135,31350,0.004705882352941115
2024-10-07,2135,2140,2110,2125,35718,-0.004683840749414525
2024-10-08,2125,2125,2080,2090,62681,-0.016470588235294126
2024-10-10,2105,2150,2100,2140,73353,0.02392344497607657
2024-10-11,2145,2150,2100,2130,86938,-0.004672897196261627
2024-10-14,2300,2435,2170,2320,14678049,0.08920187793427226
2024-10-15,2210,2250,2130,2130,1676964,-0.0818965517241379
2024-10-16,2135,2165,2065,2065,580159,-0.030516431924882625
2024-10-17,2095,2100,2065,2080,302653,0.007263922518159882
2024-10-18,2075,2095,2050,2055,182804,-0.012019230769230727
2024-10-21,2055,2075,2050,2055,83757,0.0
2024-10-22,2055,2065,2040,2045,70854,-0.0048661800486617945
2024-10-23,2040,2065,2025,2040,100289,-0.0024449877750610804
2024-10-24,2035,2055,2015,2020,120864,-0.009803921568627416
2024-10-25,2020,2045,2010,2010,79695,-0.004950495049504955
2024-10-28,2015,2080,2015,2065,148081,0.027363184079602032
2024-10-29,2060,2080,2050,2060,70356,-0.002421307506053294
2024-10-30,2060,2095,2060,2080,140814,0.009708737864077666
2024-10-31,2065,2090,2060,2090,53910,0.004807692307692291
2024-11-01,2075,2080,2060,2060,61642,-0.014354066985645897
2024-11-04,2060,2100,2060,2080,48627,0.009708737864077666
2024-11-05,2075,2090,2065,2085,42247,0.0024038461538462563
2024-11-06,2100,2100,2075,2085,27045,0.0
2024-11-07,2090,2100,2055,2075,131904,-0.004796163069544335
2024-11-08,2075,2090,2050,2070,68479,-0.002409638554216831
2024-11-11,2070,2070,2020,2025,67048,-0.021739130434782594
2024-11-12,2025,2035,1985,1985,201506,-0.01975308641975304
2024-11-13,1984,2000,1955,1980,99975,-0.0025188916876573986
2024-11-14,1973,2005,1973,1993,60733,0.0065656565656566634
2024-11-15,1995,2060,1971,2060,217636,0.03361766181635728
2024-11-18,2050,2130,2035,2090,260085,0.014563106796116498
2024-11-19,2090,2115,2040,2100,112112,0.004784688995215225
2024-11-20,2090,2105,2075,2075,49489,-0.011904761904761862
2024-11-21,2070,2085,2045,2050,58002,-0.012048192771084376
2024-11-22,2050,2080,2030,2035,51899,-0.007317073170731714
2024-11-25,2040,2060,2020,2030,51483,-0.002457002457002422
2024-11-26,2035,2040,2000,2025,205971,-0.0024630541871921707
2024-11-27,2030,2045,2015,2015,68423,-0.004938271604938316
2024-11-28,2015,2030,2005,2015,87584,0.0
2024-11-29,2010,2020,1996,2000,102578,-0.007444168734491274
2024-12-02,2000,2010,1980,1985,147603,-0.007499999999999951
2024-12-03,1985,2070,1985,1999,192780,0.007052896725440849
2024-12-04,1985,1995,1975,1986,154882,-0.006503251625812889
2024-12-05,1987,1996,1969,1970,98383,-0.00805639476334341
2024-12-06,1961,1979,1916,1965,188649,-0.0025380710659898
2024-12-09,1959,1959,1906,1916,100593,-0.024936386768447782
2024-12-10,1910,2025,1910,1985,90169,0.03601252609603334
2024-12-11,1985,2060,1985,2040,128657,0.027707808564231717
2024-12-12,2040,2065,2005,2020,162129,-0.009803921568627416
2024-12-13,2020,2080,2020,2070,139329,0.024752475247524774
2024-12-16,2100,2105,2065,2080,162203,0.004830917874396157
2024-12-17,2075,2085,2015,2050,136384,-0.014423076923076872
2024-12-18,2050,2095,2045,2090,129847,0.019512195121951237
2024-12-19,2070,2090,2045,2080,51122,-0.004784688995215336
2024-12-20,2065,2075,2040,2055,52959,-0.012019230769230727
2024-12-23,2060,2100,2055,2090,81942,0.017031630170316392
2024-12-24,2085,2100,2075,2090,43350,0.0
2024-12-26,2075,2090,2065,2085,110465,-0.0023923444976076125
2024-12-27,2055,2090,2020,2050,285700,-0.016786570743405282
2024-12-30,2030,2060,2020,2050,50459,0.0
2025-01-02,2035,2235,2020,2065,1354124,0.007317073170731714
2025-01-03,2065,2110,2065,2080,169164,0.007263922518159882
2025-01-06,2095,2105,2080,2095,104339,0.007211538461538547
2025-01-07,2085,2115,2085,2110,138275,0.007159904534606243
2025-01-08,2095,2105,2040,2085,448318,-0.011848341232227444
2025-01-09,2085,2100,2060,2100,103055,0.007194244604316502
2025-01-10,2095,2130,2085,2120,186561,0.00952380952380949
2025-01-13,2105,2180,2100,2165,484199,0.021226415094339535
2025-01-14,2140,2150,2095,2140,270065,-0.011547344110854452
2025-01-15,2130,2180,2100,2115,386274,-0.011682242990654235
2025-01-16,2120,2135,2100,2125,56335,0.004728132387706863
2025-01-17,2110,2120,2095,2095,96663,-0.014117647058823568
2025-01-20,2095,2120,2080,2115,129265,0.009546539379474916
2025-01-21,2110,2115,2095,2110,75138,-0.0023640661938534313
2025-01-22,2105,2115,2090,2095,85928,-0.007109004739336511
2025-01-23,2090,2090,2060,2060,83410,-0.01670644391408116
2025-01-24,2070,2080,2060,2065,56611,0.0024271844660195274
2025-01-31,2065,2065,2040,2045,112903,-0.009685230024213065
2025-02-03,2040,2040,1993,1995,166746,-0.02444987775061125
2025-02-04,1996,2040,1996,2005,71437,0.005012531328320913
2025-02-05,2010,2050,2005,2030,69578,0.012468827930174564
2025-02-06,2030,2050,2015,2030,60292,0.0
2025-02-07,2025,2030,2005,2020,95362,-0.0049261083743842304
2025-02-10,2020,2030,2005,2020,80841,0.0
2025-02-11,2015,2035,2010,2035,116920,0.007425742574257432
2025-02-12,2025,2035,2010,2015,51404,-0.009828009828009798
2025-02-13,2015,2045,2015,2025,99126,0.00496277915632759
2025-02-14,2025,2060,2020,2045,111687,0.009876543209876631
2025-02-17,2035,2065,2035,2055,49198,0.004889975550122161
2025-02-18,2055,2070,2050,2060,69754,0.0024330900243310083
2025-02-19,2055,2085,2055,2085,104923,0.012135922330097193
2025-02-20,2080,2090,2070,2085,33479,0.0
2025-02-21,2075,2115,2075,2110,195398,0.011990407673860837
2025-02-24,2125,2160,2115,2155,283322,0.021327014218009532
2025-02-25,2150,2160,2130,2160,129092,0.002320185614849146
2025-02-26,2150,2200,2150,2180,191121,0.0092592592592593
2025-02-27,2185,2190,2160,2175,99219,-0.002293577981651418
2025-02-28,2155,2195,2120,2150,185721,-0.011494252873563204
2025-03-04,2135,2160,2125,2135,92883,-0.006976744186046546
2025-03-05,2135,2170,2135,2160,84268,0.011709601873536313
2025-03-06,2170,2240,2170,2190,690593,0.01388888888888884
2025-03-07,2085,2120,2060,2085,256083,-0.047945205479452024
2025-03-10,2085,2090,2055,2065,122135,-0.00959232613908878
2025-03-11,2035,2050,2015,2035,119616,-0.014527845036319653
2025-03-12,2030,2050,2025,2040,46643,0.002457002457002533
2025-03-13,2050,2095,2030,2040,207105,0.0
2025-03-14,2040,2070,2040,2060,46795,0.009803921568627416
2025-03-17,2060,2100,2060,2090,89189,0.014563106796116498
2025-03-18,2090,2110,2070,2075,50709,-0.0071770334928229484
2025-03-19,2075,2090,2065,2075,50933,0.0
2025-03-20,2075,2090,2065,2075,40621,0.0
2025-03-21,2075,2080,2045,2045,105800,-0.014457831325301207
2025-03-24,2040,2055,2035,2045,54939,0.0
2025-03-25,2045,2060,2035,2040,55404,-0.0024449877750610804
2025-03-26,2050,2065,2030,2055,52680,0.007352941176470562
2025-03-27,2050,2100,2045,2055,170704,0.0
2025-03-28,2050,2065,2025,2045,90627,-0.0048661800486617945
2025-03-31,2040,2040,2005,2010,71292,-0.017114914425427896
2025-04-01,2015,2050,2010,2040,87556,0.014925373134328401
2025-04-02,2040,2050,2020,2040,92726,0.0
2025-04-03,2040,2040,2010,2015,105148,-0.01225490196078427
2025-04-04,2005,2090,2005,2090,264884,0.037220843672456594
2025-04-07,2090,2090,2000,2020,139860,-0.03349282296650713
2025-04-08,2025,2075,2025,2065,116428,0.022277227722772297
2025-04-09,2020,2065,2020,2050,95743,-0.007263922518159771
2025-04-10,2065,2095,2060,2080,117581,0.014634146341463428
2025-04-11,2055,2085,2055,2070,89942,-0.004807692307692291
2025-04-14,2070,2075,2050,2065,65020,-0.0024154589371980784
2025-04-15,2060,2080,2060,2075,80902,0.004842615012106588
2025-04-16,2070,2075,2055,2060,51196,-0.0072289156626506035
2025-04-17,2060,2075,2055,2065,73782,0.0024271844660195274
2025-04-18,2065,2100,2055,2095,123021,0.014527845036319542
2025-04-21,2090,2100,2075,2090,66550,-0.0023866348448687846
2025-04-22,2090,2400,2090,2160,8760751,0.03349282296650724
2025-04-23,2175,2225,2150,2180,962530,0.0092592592592593
2025-04-24,2180,2195,2155,2160,360447,-0.00917431192660545
2025-04-25,2165,2205,2165,2175,237041,0.00694444444444442
2025-04-28,2185,2210,2165,2180,247623,0.0022988505747125743
2025-04-29,2170,2200,2160,2195,160985,0.006880733944954143
2025-04-30,2195,2200,2165,2180,148356,-0.006833712984054663
2025-05-02,2180,2195,2170,2170,112046,-0.004587155963302725
2025-05-07,2160,2180,2135,2160,161343,-0.004608294930875556
2025-05-08,2160,2175,2145,2170,102952,0.004629629629629539
2025-05-09,2160,2160,2120,2130,402907,-0.018433179723502335
2025-05-12,2135,2175,2130,2175,156826,0.021126760563380254
2025-05-13,2155,2170,2155,2165,108941,-0.0045977011494252595
2025-05-14,2175,2175,2150,2170,125332,0.002309468822170979
2025-05-15,2175,2175,2140,2155,139597,-0.00691244239631339
2025-05-16,2125,2125,2075,2085,296674,-0.0324825986078886
2025-05-19,2075,2095,2070,2070,115222,-0.007194244604316502
2025-05-20,2090,2115,2075,2110,110470,0.019323671497584627
2025-05-21,2110,2125,2095,2100,68668,-0.004739336492891044
2025-05-22,2100,2110,2075,2085,69698,-0.0071428571428571175
2025-05-23,2090,2110,2090,2100,60360,0.007194244604316502
2025-05-26,2110,2130,2100,2110,59854,0.004761904761904745
2025-05-27,2090,2115,2090,2100,84600,-0.004739336492891044
2025-05-28,2100,2125,2100,2115,96731,0.0071428571428571175
2025-05-29,2115,2160,2115,2155,208577,0.01891252955082745
2025-05-30,2155,2215,2145,2175,331055,0.009280742459396807
2025-06-02,2175,2195,2130,2135,214987,-0.01839080459770115
2025-06-04,2150,2170,2140,2170,216540,0.016393442622950838
2025-06-05,2175,2195,2160,2190,222903,0.009216589861751112
2025-06-09,2190,2225,2175,2195,196094,0.0022831050228311334
2025-06-10,2195,2210,2180,2195,251176,0.0
2025-06-11,2190,2215,2175,2195,148747,0.0
2025-06-12,2200,2215,2170,2190,219751,-0.002277904328018221
2025-06-13,2190,2200,2140,2155,250460,-0.01598173515981738
2025-06-16,2155,2185,2135,2170,112382,0.006960556844547661
2025-06-17,2170,2200,2150,2160,104075,-0.004608294930875556
2025-06-18,2155,2160,2140,2155,105384,-0.0023148148148147696
2025-06-19,2155,2155,2120,2150,107787,-0.002320185614849146
2025-06-20,2150,2200,2130,2160,182593,0.0046511627906977715
2025-06-23,2155,2165,2125,2125,112672,-0.01620370370370372
2025-06-24,2145,2175,2145,2175,176546,0.0235294117647058
2025-06-25,2190,2205,2155,2170,91155,-0.0022988505747126853
2025-06-26,2170,2170,2105,2125,197296,-0.020737327188940058
2025-06-27,2125,2140,2100,2110,110359,-0.007058823529411784
2025-06-30,2110,2130,2110,2125,87969,0.007109004739336511
2025-07-01,2125,2175,2125,2175,219525,0.0235294117647058
2025-07-02,2175,2180,2135,2170,66456,-0.0022988505747126853
2025-07-03,2170,2205,2160,2200,218610,0.01382488479262678
2025-07-04,2200,2205,2165,2170,65421,-0.013636363636363669
2025-07-07,2160,2185,2160,2160,110295,-0.004608294930875556
2025-07-08,2160,2175,2150,2170,81085,0.004629629629629539
2025-07-09,2175,2230,2170,2220,201337,0.02304147465437789
2025-07-10,2235,2260,2215,2255,179183,0.015765765765765716
2025-07-11,2280,2360,2255,2340,656783,0.037694013303769314
2025-07-14,2345,2565,2340,2485,1613807,0.06196581196581197
2025-07-15,2465,2525,2405,2470,406548,-0.006036217303822977
2025-07-16,2470,2470,2380,2400,277476,-0.028340080971659964
2025-07-17,2400,2405,2315,2360,274156,-0.01666666666666672
2025-07-18,2365,2380,2297,2355,220550,-0.0021186440677966045
2025-07-21,2355,2360,2280,2280,372425,-0.031847133757961776
2025-07-22,2290,2310,2225,2250,268383,-0.013157894736842146
2025-07-23,2250,2285,2225,2250,201046,0.0
2025-07-24,2250,2275,2200,2200,177130,-0.022222222222222254
2025-07-25,2170,2230,2170,2190,249168,-0.004545454545454519
2025-07-28,2200,2200,2150,2155,212203,-0.01598173515981738
2025-07-29,2155,2175,2140,2160,62335,0.002320185614849146
2025-07-30,2165,2180,2155,2165,51657,0.0023148148148148806
2025-07-31,2165,2200,2155,2185,110232,0.009237875288683695
2025-08-01,2180,2180,2095,2105,355395,-0.03661327231121281
2025-08-04,2100,2130,2090,2125,90411,0.009501187648456089
2025-08-05,2130,2165,2085,2120,161029,-0.0023529411764705577
2025-08-06,2115,2175,2110,2170,149489,0.02358490566037741
2025-08-07,2185,2185,2140,2160,63515,-0.004608294930875556
2025-08-08,2160,2170,2140,2160,63561,0.0
2025-08-11,2160,2180,2130,2145,78926,-0.00694444444444442
2025-08-12,2150,2165,2125,2140,84595,-0.002331002331002363
2025-08-13,2155,2155,2110,2140,139511,0.0
2025-08-14,2130,2165,2125,2130,59978,-0.004672897196261627
2025-08-18,2130,2130,2085,2100,154501,-0.014084507042253502
2025-08-19,2115,2135,2085,2090,42199,-0.004761904761904745
2025-08-20,2090,2090,2050,2080,119823,-0.004784688995215336
2025-08-21,2080,2135,2075,2080,145421,0.0
2025-08-22,2095,2160,2050,2070,504068,-0.004807692307692291
2025-08-25,2080,2110,2080,2100,89342,0.01449275362318847
2025-08-26,2100,2120,2070,2080,71817,-0.00952380952380949
2025-08-27,2080,2090,2045,2050,121351,-0.014423076923076872
2025-08-28,2055,2065,2035,2045,77221,-0.0024390243902439046
2025-08-29,2040,2050,2030,2040,106800,-0.0024449877750610804
2025-09-01,2040,2045,2015,2040,86821,0.0
2025-09-02,2025,2060,2025,2050,40648,0.004901960784313708
2025-09-03,2030,2050,2030,2050,25869,0.0
2025-09-04,2050,2085,2035,2055,52203,0.0024390243902439046
2025-09-05,2060,2060,2030,2040,60354,-0.007299270072992692
2025-09-08,2040,2065,2035,2060,51849,0.009803921568627416
2025-09-09,2065,2070,2025,2060,246689,0.0
2025-09-10,2060,2070,2045,2060,82332,0.0
2025-09-11,2060,2075,2040,2055,105326,-0.0024271844660194164
2025-09-12,2065,2065,2035,2055,165267,0.0
2025-09-15,2055,2070,2050,2060,51829,0.0024330900243310083
2025-09-16,2060,2070,2045,2055,83627,-0.0024271844660194164
2025-09-17,2055,2055,2030,2040,81452,-0.007299270072992692
2025-09-18,2050,2055,2030,2050,104066,0.004901960784313708
2025-09-19,2050,2050,2030,2035,48495,-0.007317073170731714
2025-09-22,2045,2045,2020,2025,89766,-0.004914004914004955
2025-09-23,2025,2030,2005,2015,145581,-0.004938271604938316
2025-09-24,2015,2020,2000,2020,73273,0.002481389578163684
2025-09-25,2015,2015,1999,2005,103229,-0.007425742574257432
2025-09-26,2010,2015,1999,2005,91600,0.0
2025-09-29,2005,2050,2005,2040,92384,0.0174563591022443
2025-09-30,2045,2070,2035,2045,74305,0.002450980392156854
2025-10-01,2040,2065,2030,2060,101256,0.007334963325183352
2025-10-02,2065,2075,2040,2055,82004,-0.0024271844660194164
2025-10-10,2065,2070,2000,2015,258569,-0.019464720194647178
2025-10-13,1951,1996,1950,1987,365160,-0.013895781637717097
2025-10-14,1983,1995,1975,1975,120012,-0.006039255158530432
2025-10-15,1981,2020,1981,2020,125182,0.022784810126582178
2025-10-16,2035,2035,1999,2010,99591,-0.004950495049504955
2025-10-17,2000,2030,1989,2020,200185,0.004975124378109541
2025-10-20,2020,2035,2000,2015,39627,-0.0024752475247524774
2025-10-21,2015,2030,2000,2000,74051,-0.007444168734491274
2025-10-22,2000,2010,1991,2010,55801,0.004999999999999893
2025-10-23,1999,2045,1999,2020,83905,0.004975124378109541
2025-10-24,2030,2030,2000,2010,56580,-0.004950495049504955
2025-10-27,2000,2025,2000,2020,152090,0.004975124378109541
2025-10-28,2025,2030,1998,2015,196849,-0.0024752475247524774
2025-10-29,2015,2015,1998,2000,122564,-0.007444168734491274
2025-10-30,2005,2020,1985,1999,152424,-0.0004999999999999449
2025-10-31,1999,1999,1976,1980,127563,-0.009504752376188086
2025-11-03,1985,1985,1931,1954,225072,-0.013131313131313105
2025-11-04,1949,1992,1941,1953,76950,-0.0005117707267143778
2025-11-05,1953,1953,1908,1940,139980,-0.0066564260112647045
2025-11-06,1940,1958,1919,1955,67591,0.0077319587628865705
2025-11-07,1955,1972,1933,1969,82340,0.00716112531969304
2025-11-10,1969,2095,1956,1985,825843,0.008125952260030544
2025-11-11,1993,2010,1965,1974,140491,-0.005541561712846366
2025-11-12,1974,2010,1969,2005,142232,0.015704154002026405
2025-11-13,2005,2030,2000,2020,124408,0.007481296758104827
2025-11-14,2015,2045,1996,2020,156256,0.0
2025-11-17,2000,2035,1999,2010,68808,-0.004950495049504955
2025-11-18,2005,2010,1960,1974,135038,-0.017910447761193993
2025-11-19,1984,1997,1952,1990,129210,0.008105369807497542
2025-11-20,1989,2015,1989,2015,75324,0.012562814070351758
2025-11-21,1994,2025,1992,1999,54848,-0.007940446650124056
2025-11-24,2005,2020,1993,2005,26493,0.0030015007503751967
2025-11-25,2010,2015,1986,1989,52706,-0.007980049875311757
2025-11-26,1998,2005,1988,1994,41510,0.002513826043237799
2025-11-27,1988,2010,1988,2005,54310,0.005516549648946878
2025-11-28,2000,2035,1999,2015,56967,0.004987531172069737
2025-12-01,2015,2025,2000,2015,63193,0.0
2025-12-02,2005,2025,2000,2010,54669,-0.002481389578163795
2025-12-03,2010,2040,2005,2020,41786,0.004975124378109541
