Date,Open,High,Low,Close,Volume,Change
2022-01-03,3640,3725,3630,3700,270024,0.017881705639614776
2022-01-04,3720,3740,3650,3700,231716,0.0
2022-01-05,3710,3810,3670,3700,506966,0.0
2022-01-06,3630,3750,3630,3745,343852,0.012162162162162149
2022-01-07,3760,3775,3690,3765,255759,0.005340453938584844
2022-01-10,3755,3760,3670,3700,223381,-0.01726427622841964
2022-01-11,3680,3880,3540,3850,796564,0.04054054054054057
2022-01-12,3775,3790,3705,3775,425509,-0.01948051948051943
2022-01-13,3920,3925,3790,3900,1017822,0.0331125827814569
2022-01-14,3855,3965,3820,3840,730409,-0.01538461538461533
2022-01-17,3840,3855,3710,3710,334097,-0.03385416666666663
2022-01-18,3715,3760,3550,3600,317707,-0.029649595687331498
2022-01-19,3560,3640,3540,3540,168063,-0.01666666666666672
2022-01-20,3580,3670,3565,3660,155935,0.03389830508474567
2022-01-21,3675,3675,3575,3635,147806,-0.006830601092896127
2022-01-24,3610,3610,3475,3495,167310,-0.038514442916093516
2022-01-25,3485,3510,3280,3290,211153,-0.05865522174535054
2022-01-26,3280,3425,3280,3410,210589,0.036474164133738496
2022-01-27,3430,3430,3275,3290,174595,-0.035190615835777095
2022-01-28,3270,3420,3240,3400,140527,0.033434650455927084
2022-02-03,3435,4050,3435,3740,1697919,0.10000000000000009
2022-02-04,3730,3895,3710,3855,887865,0.03074866310160429
2022-02-07,3875,3935,3815,3880,512353,0.006485084306095956
2022-02-08,3865,3930,3775,3835,426208,-0.011597938144329856
2022-02-09,3855,4000,3855,3945,685429,0.028683181225554133
2022-02-10,4100,4100,3890,3950,767478,0.0012674271229404788
2022-02-11,3920,4050,3900,3905,748690,-0.011392405063291089
2022-02-14,3805,5070,3750,4745,42414082,0.2151088348271446
2022-02-15,4710,4875,4275,4425,13387860,-0.06743940990516328
2022-02-16,4100,4395,3950,4350,5867159,-0.016949152542372836
2022-02-17,4370,4565,4110,4480,10696288,0.029885057471264354
2022-02-18,4480,4555,4340,4355,3783188,-0.0279017857142857
2022-02-21,4445,4590,4280,4295,4190660,-0.013777267508610747
2022-02-22,4400,4625,4205,4295,9940269,0.0
2022-02-23,4370,5150,4295,4850,43884466,0.12922002328288706
2022-02-24,4890,5470,4665,5090,35246784,0.04948453608247427
2022-02-25,4745,5050,4495,4550,9082305,-0.10609037328094306
2022-02-28,4580,4665,4365,4380,3605161,-0.03736263736263734
2022-03-02,4490,4720,4475,4550,4385544,0.038812785388127935
2022-03-03,4605,5140,4570,4890,16668836,0.07472527472527468
2022-03-04,4945,5140,4825,4880,11949027,-0.002044989775051076
2022-03-07,4995,5100,4845,4880,4400652,0.0
2022-03-08,4770,4785,4545,4690,2235122,-0.03893442622950816
2022-03-10,4410,4465,4305,4440,1721473,-0.05330490405117272
2022-03-11,4480,4550,4210,4245,1808222,-0.04391891891891897
2022-03-14,4250,4875,4250,4635,11633131,0.09187279151943462
2022-03-15,4630,4630,4330,4345,1791733,-0.06256742179072272
2022-03-16,4345,4365,4255,4265,1007226,-0.018411967779056404
2022-03-17,4300,4345,4225,4325,752732,0.014067995310668158
2022-03-18,4390,4475,4340,4345,910452,0.0046242774566473965
2022-03-21,4385,4540,4375,4540,1518084,0.04487917146145004
2022-03-22,4590,4590,4450,4460,1153877,-0.017621145374449365
2022-03-23,4500,4835,4475,4700,5524599,0.053811659192825045
2022-03-24,4710,4870,4620,4750,2961650,0.010638297872340496
2022-03-25,4760,4775,4610,4660,1242595,-0.0189473684210526
2022-03-28,4705,4830,4545,4730,1551369,0.015021459227467782
2022-03-29,4865,4950,4620,4640,2946788,-0.019027484143763207
2022-03-30,4650,4660,4555,4575,667793,-0.014008620689655138
2022-03-31,4580,4925,4580,4890,5071213,0.06885245901639347
2022-04-01,5000,5260,4720,4750,7903651,-0.02862985685071573
2022-04-04,4750,5190,4750,5150,9574348,0.08421052631578951
2022-04-05,5190,5370,5060,5080,5466679,-0.013592233009708687
2022-04-06,5030,5060,4855,4950,1822083,-0.025590551181102317
2022-04-07,4855,4925,4680,4700,1661077,-0.0505050505050505
2022-04-08,4705,4865,4695,4830,955992,0.027659574468085202
2022-04-11,4830,4845,4700,4730,586857,-0.020703933747411973
2022-04-12,4660,4685,4435,4485,1451395,-0.051797040169133224
2022-04-13,4530,4660,4525,4585,746270,0.02229654403567438
2022-04-14,4635,4755,4545,4755,1306140,0.037077426390403456
2022-04-15,4870,4890,4775,4805,1461063,0.01051524710830698
2022-04-18,4805,4815,4485,4675,700761,-0.027055150884495283
2022-04-19,4675,4710,4625,4650,536949,-0.005347593582887722
2022-04-20,4650,5100,4535,4810,4191480,0.03440860215053765
2022-04-21,4815,4850,4685,4705,723317,-0.021829521829521803
2022-04-22,4655,4825,4605,4745,1120915,0.008501594048884176
2022-04-25,4640,4815,4615,4625,736020,-0.025289778714436273
2022-04-26,4670,4690,4530,4615,576451,-0.00216216216216214
2022-04-27,4525,4575,4455,4525,439374,-0.01950162513542797
2022-04-28,4555,4695,4520,4525,663014,0.0
2022-04-29,4540,4590,4495,4560,455182,0.007734806629834168
2022-05-02,4485,4570,4485,4530,255342,-0.006578947368421018
2022-05-03,4530,4600,4485,4575,337923,0.009933774834437026
2022-05-04,4580,4600,4405,4480,556494,-0.020765027322404372
2022-05-06,4385,4550,4290,4355,712421,-0.0279017857142857
2022-05-09,4285,4330,4105,4105,609121,-0.057405281285878296
2022-05-10,3980,4015,3830,3990,622442,-0.028014616321559105
2022-05-11,3990,4050,3930,3935,332532,-0.013784461152882233
2022-05-12,3865,3985,3770,3800,522686,-0.03430749682337997
2022-05-13,3865,3915,3795,3840,427263,0.010526315789473717
2022-05-16,3820,4215,3820,3890,2554437,0.01302083333333326
2022-05-17,3930,4290,3895,4075,2918737,0.04755784061696655
2022-05-18,4055,4115,4035,4040,454587,-0.008588957055214674
2022-05-19,3860,4000,3860,3960,332218,-0.01980198019801982
2022-05-20,3995,4100,3990,4005,300043,0.011363636363636465
2022-05-23,4010,4035,3970,4000,227807,-0.0012484394506866447
2022-05-24,3975,3995,3840,3840,332763,-0.040000000000000036
2022-05-25,3840,3890,3805,3845,199443,0.0013020833333332593
2022-05-26,3820,3895,3815,3845,190955,0.0
2022-05-27,3865,3905,3820,3845,147004,0.0
2022-05-30,3855,3970,3855,3970,244616,0.032509752925877766
2022-05-31,3995,4080,3920,3960,368826,-0.0025188916876573986
2022-06-02,3945,4000,3895,3895,180074,-0.016414141414141437
2022-06-03,4000,4180,4000,4085,1207066,0.04878048780487809
2022-06-07,4005,4130,3985,4085,430035,0.0
2022-06-08,4085,4180,4050,4120,511771,0.008567931456548328
2022-06-09,4140,4140,4000,4065,290399,-0.013349514563106846
2022-06-10,4050,4060,3980,4005,169765,-0.014760147601476037
2022-06-13,3910,3950,3790,3790,310968,-0.05368289637952561
2022-06-14,3680,3775,3590,3685,340374,-0.02770448548812665
2022-06-15,3655,3710,3495,3495,323702,-0.05156037991858886
2022-06-16,3535,3620,3465,3470,254730,-0.007153075822603716
2022-06-17,3330,3460,3300,3440,250062,-0.008645533141210415
2022-06-20,3445,3465,3140,3165,453106,-0.07994186046511631
2022-06-21,3155,3220,3120,3160,397773,-0.0015797788309637184
2022-06-22,3170,3400,2935,2935,860215,-0.07120253164556967
2022-06-23,2920,2960,2720,2725,598308,-0.07155025553662686
2022-06-24,2660,2930,2660,2920,457374,0.071559633027523
2022-06-27,2990,3100,2900,3025,252416,0.03595890410958913
2022-06-28,3010,3125,3010,3075,195783,0.016528925619834656
2022-06-29,2980,3115,2980,3080,114758,0.001626016260162677
2022-06-30,3120,3120,2950,2960,166497,-0.038961038961038974
2022-07-01,2935,3030,2840,2870,186288,-0.030405405405405372
2022-07-04,2870,2900,2710,2800,410968,-0.024390243902439046
2022-07-05,2795,3000,2795,2985,252081,0.06607142857142856
2022-07-06,2995,2995,2890,2905,208724,-0.02680067001675046
2022-07-07,2905,2965,2905,2945,155823,0.013769363166953541
2022-07-08,3010,3085,2970,2985,260333,0.013582342954159499
2022-07-11,2980,3035,2950,2985,153983,0.0
2022-07-12,2950,2980,2835,2860,172421,-0.041876046901172526
2022-07-13,2830,2885,2780,2855,175884,-0.0017482517482517723
2022-07-14,2815,2890,2805,2855,125564,0.0
2022-07-15,2845,2870,2760,2810,219637,-0.015761821366024553
2022-07-18,2830,2930,2820,2930,182745,0.04270462633451966
2022-07-19,2910,3040,2895,2955,192789,0.008532423208191142
2022-07-20,3005,3035,2960,2990,177929,0.011844331641285955
2022-07-21,2985,3065,2985,3035,184701,0.015050167224080369
2022-07-22,3070,3070,3000,3025,75042,-0.0032948929159802853
2022-07-25,3020,3050,3000,3030,99478,0.0016528925619834212
2022-07-26,2995,3055,2995,3035,108633,0.0016501650165017256
2022-07-27,3045,3115,3025,3070,167179,0.011532125205930832
2022-07-28,3120,3215,3085,3180,537767,0.03583061889250816
2022-07-29,3180,3245,3175,3225,270160,0.014150943396226356
2022-08-01,3250,3375,3225,3270,437441,0.013953488372093092
2022-08-02,3285,3285,3205,3220,145315,-0.015290519877675823
2022-08-03,3200,3250,3170,3245,82561,0.007763975155279601
2022-08-04,3245,3260,3215,3240,93695,-0.0015408320493066618
2022-08-05,3240,3295,3230,3260,107795,0.006172839506172867
2022-08-08,3260,3295,3250,3290,106923,0.009202453987730008
2022-08-09,3260,3365,3260,3315,227435,0.0075987841945288626
2022-08-10,3300,3335,3285,3310,128096,-0.0015082956259426794
2022-08-11,3340,3440,3320,3340,357813,0.009063444108761365
2022-08-12,3355,3470,3350,3385,308677,0.013473053892215647
2022-08-16,3385,3405,3340,3350,147573,-0.010339734121122546
2022-08-17,3340,3355,3225,3240,303624,-0.032835820895522394
2022-08-18,3235,3235,3165,3225,104238,-0.00462962962962965
2022-08-19,3210,3260,3180,3190,346503,-0.010852713178294615
2022-08-22,3550,3890,3265,3330,6455952,0.043887147335423204
2022-08-23,3255,3290,3090,3095,734502,-0.07057057057057059
2022-08-24,3120,3375,3120,3355,2251925,0.08400646203554119
2022-08-25,3320,3350,3280,3330,427861,-0.007451564828613977
2022-08-26,3395,3395,3290,3305,509264,-0.007507507507507505
2022-08-29,3170,3185,3120,3135,354380,-0.05143721633888043
2022-08-30,3150,3250,3115,3170,268220,0.011164274322169154
2022-08-31,3135,3210,3080,3195,220082,0.007886435331230235
2022-09-01,3175,3175,3035,3035,297927,-0.0500782472613458
2022-09-02,3070,3070,2990,3005,171471,-0.009884678747940745
2022-09-05,2955,3105,2950,3020,219693,0.004991680532445919
2022-09-06,3030,3110,3020,3095,174146,0.024834437086092676
2022-09-07,3055,3110,2985,3070,152784,-0.008077544426494332
2022-09-08,3070,3080,3015,3030,110151,-0.013029315960912058
2022-09-13,3060,3365,3055,3180,1899871,0.04950495049504955
2022-09-14,3085,3165,3045,3140,223999,-0.012578616352201255
2022-09-15,3145,3195,3120,3150,147251,0.0031847133757962887
2022-09-16,3110,3170,3050,3090,182185,-0.01904761904761909
2022-09-19,3075,3100,2975,2980,205557,-0.035598705501618144
2022-09-20,2985,3375,2985,3185,2022348,0.06879194630872476
2022-09-21,3150,3225,3115,3150,270714,-0.01098901098901095
2022-09-22,3140,3140,3020,3085,182503,-0.020634920634920673
2022-09-23,3060,3340,3055,3240,2372056,0.050243111831442366
2022-09-26,3275,3275,2850,2875,1516639,-0.11265432098765427
2022-09-27,2825,2885,2650,2705,661445,-0.05913043478260871
2022-09-28,2730,2770,2540,2565,482497,-0.05175600739371533
2022-09-29,2600,2655,2515,2530,365450,-0.013645224171540016
2022-09-30,2460,2550,2435,2540,418566,0.0039525691699604515
2022-10-04,2570,2750,2570,2705,245592,0.06496062992125995
2022-10-05,2735,2795,2715,2730,193601,0.009242144177449063
2022-10-06,2795,2845,2740,2830,214970,0.03663003663003672
2022-10-07,2845,2845,2755,2770,126924,-0.021201413427561877
2022-10-11,2740,2740,2610,2615,215818,-0.05595667870036103
2022-10-12,2610,2625,2550,2590,170096,-0.009560229445506718
2022-10-13,2575,2575,2405,2410,270857,-0.06949806949806947
2022-10-14,2485,2545,2465,2535,165896,0.051867219917012486
2022-10-17,2525,2775,2460,2635,405336,0.03944773175542404
2022-10-18,2685,2745,2665,2715,180073,0.030360531309297834
2022-10-19,2715,2765,2680,2695,101471,-0.007366482504604033
2022-10-20,2695,2725,2620,2645,99469,-0.01855287569573283
2022-10-21,2635,3300,2540,2815,6672563,0.06427221172022679
2022-10-24,2855,3430,2845,3250,17194094,0.15452930728241565
2022-10-25,3240,3275,3200,3260,1621510,0.003076923076922977
2022-10-26,3325,3390,3055,3120,3743942,-0.042944785276073594
2022-10-27,3190,3350,3140,3215,2118570,0.03044871794871784
2022-10-28,3215,3230,3035,3070,653101,-0.04510108864696738
2022-10-31,3070,3105,2995,3025,614404,-0.014657980456026065
2022-11-01,3025,3095,2970,3075,459187,0.016528925619834656
2022-11-02,3100,3135,2990,3020,528442,-0.01788617886178867
2022-11-03,2915,3025,2910,2985,249586,-0.011589403973509937
2022-11-04,2935,2995,2880,2915,318787,-0.02345058626465657
2022-11-07,3065,3335,3060,3130,6748330,0.07375643224699835
2022-11-08,3115,3165,3095,3150,559752,0.006389776357827559
2022-11-09,3175,3405,3150,3235,4579964,0.026984126984126888
2022-11-10,3220,3225,3090,3135,664827,-0.03091190108191655
2022-11-11,3240,3295,3155,3200,1145713,0.020733652312599604
2022-11-14,3310,3450,3225,3360,3870913,0.050000000000000044
2022-11-15,3350,3365,3235,3300,1053760,-0.017857142857142905
2022-11-16,3300,3300,3165,3190,585559,-0.033333333333333326
2022-11-17,3190,3225,3150,3170,295890,-0.006269592476489061
2022-11-18,3175,3645,3170,3535,16113264,0.1151419558359621
2022-11-21,3495,3565,3395,3395,2667959,-0.03960396039603964
2022-11-22,3385,3420,3175,3210,1782824,-0.05449189985272462
2022-11-23,3240,3250,3195,3235,732575,0.007788161993769416
2022-11-24,3230,3290,3220,3275,522901,0.012364760432766575
2022-11-25,3275,3285,3205,3230,339138,-0.013740458015267132
2022-11-28,3240,3240,2930,3035,839921,-0.06037151702786381
2022-11-29,3050,3140,3025,3110,360041,0.02471169686985175
2022-11-30,3120,3125,3050,3095,264412,-0.004823151125401881
2022-12-01,3140,3205,3135,3170,460053,0.024232633279483107
2022-12-02,3200,3210,3110,3150,290795,-0.006309148264984188
2022-12-05,3155,3205,3135,3145,304091,-0.0015873015873015817
2022-12-06,3120,3125,3030,3035,372713,-0.03497615262321141
2022-12-07,3005,3035,2985,3010,217890,-0.008237232289950547
2022-12-08,3010,3025,2950,2965,191949,-0.014950166112956853
2022-12-09,3025,3025,2935,2985,179158,0.006745362563237878
2022-12-12,2950,3220,2925,3010,1108089,0.008375209380234505
2022-12-13,3035,3070,3000,3010,295609,0.0
2022-12-14,3015,3080,2990,3050,236569,0.013289036544850585
2022-12-15,3025,3190,3020,3170,944509,0.03934426229508192
2022-12-16,3120,3130,3040,3105,223923,-0.02050473186119872
2022-12-19,3110,3225,3080,3210,360223,0.033816425120772875
2022-12-20,3205,3290,3080,3090,836307,-0.03738317757009346
2022-12-21,3100,3200,3055,3175,473169,0.027508090614886793
2022-12-22,3200,3280,3135,3135,863394,-0.012598425196850394
2022-12-23,3090,3100,3020,3035,223641,-0.03189792663476876
2022-12-26,3030,3050,2980,2985,188010,-0.016474464579901205
2022-12-27,2970,3035,2970,3035,113096,0.01675041876046901
2022-12-28,3125,3165,3085,3095,546831,0.01976935749588149
2022-12-29,3055,3180,3035,3130,422251,0.011308562197092087
2023-01-02,3130,3135,2990,2995,308545,-0.04313099041533541
2023-01-03,2980,2990,2785,2890,406422,-0.035058430717863076
2023-01-04,2815,2915,2815,2910,112796,0.006920415224913601
2023-01-05,2910,2935,2860,2860,200382,-0.01718213058419249
2023-01-06,2890,2965,2890,2920,180195,0.020979020979021046
2023-01-09,3000,3045,2975,3030,203099,0.03767123287671237
2023-01-10,3045,3230,3045,3065,644109,0.011551155115511635
2023-01-11,3145,3250,3115,3200,1213703,0.04404567699836859
2023-01-12,3320,3320,3150,3160,1332055,-0.012499999999999956
2023-01-13,3230,3255,3185,3185,562345,0.007911392405063333
2023-01-16,3200,3225,3160,3215,257593,0.009419152276295195
2023-01-17,3235,3270,3110,3145,388012,-0.021772939346811793
2023-01-18,3250,3350,3190,3250,2261871,0.03338632750397452
2023-01-19,3255,3290,3195,3210,666707,-0.012307692307692353
2023-01-20,3230,3390,3195,3250,1909009,0.012461059190031154
2023-01-25,3270,3340,3210,3250,678045,0.0
2023-01-26,3250,3435,3240,3275,1083818,0.007692307692307665
2023-01-27,3300,3320,3275,3300,487990,0.007633587786259444
2023-01-30,3300,3310,3210,3220,416746,-0.024242424242424288
2023-01-31,3210,3350,3190,3240,817263,0.006211180124223503
2023-02-01,3260,3325,3240,3255,477290,0.004629629629629539
2023-02-02,3270,3305,3260,3260,303405,0.001536098310291889
2023-02-03,3260,3285,3205,3220,257787,-0.012269938650306789
2023-02-06,3210,3225,3165,3180,170872,-0.012422360248447228
2023-02-07,3200,3285,3100,3255,474856,0.02358490566037741
2023-02-08,3265,3305,3235,3235,261268,-0.006144393241167445
2023-02-09,3255,3285,3195,3200,228073,-0.010819165378670781
2023-02-10,3195,3195,3100,3100,261191,-0.03125
2023-02-13,3120,3220,3055,3110,454424,0.003225806451612856
2023-02-14,3135,3185,3120,3130,234882,0.006430868167202508
2023-02-15,3125,3140,3035,3065,254730,-0.02076677316293929
2023-02-16,3070,3130,3070,3080,171910,0.004893964110929794
2023-02-17,3100,3245,3090,3245,716591,0.0535714285714286
2023-02-20,3180,3205,3155,3185,258807,-0.018489984591679498
2023-02-21,3235,3310,3195,3285,859468,0.031397174254317095
2023-02-22,3310,3365,3235,3250,955863,-0.010654490106544956
2023-02-23,3255,3265,3100,3195,302359,-0.01692307692307693
2023-02-24,3295,3370,3100,3100,969946,-0.029733959311424085
2023-02-27,3070,3090,3000,3060,291719,-0.012903225806451646
2023-02-28,3065,3115,3050,3050,190128,-0.0032679738562091387
2023-03-02,3125,3195,3115,3135,421029,0.02786885245901649
2023-03-03,3110,3180,3110,3155,188410,0.006379585326953707
2023-03-06,3175,3220,3145,3195,311887,0.01267828843106189
2023-03-07,3210,3250,3185,3230,355561,0.010954616588419341
2023-03-08,3230,3230,3120,3125,261642,-0.03250773993808054
2023-03-09,3110,3140,3040,3080,241513,-0.014399999999999968
2023-03-10,3150,3580,3130,3310,11720851,0.07467532467532467
2023-03-13,3310,3340,3105,3235,1462443,-0.0226586102719033
2023-03-14,3220,3305,3075,3080,884371,-0.04791344667697062
2023-03-15,3120,3240,3095,3205,538218,0.0405844155844155
2023-03-16,3125,3150,3025,3110,572893,-0.029641185647425905
2023-03-17,3120,3175,3080,3165,335382,0.01768488745980701
2023-03-20,3165,3235,3150,3165,286672,0.0
2023-03-21,3180,3270,3180,3190,334602,0.00789889415481837
2023-03-22,3225,3240,3175,3205,376907,0.004702194357366851
2023-03-23,3200,3350,3180,3270,1271121,0.020280811232449292
2023-03-24,3320,3320,3225,3315,536827,0.013761467889908285
2023-03-27,3385,3570,3255,3505,4414862,0.05731523378582204
2023-03-28,3500,3570,3410,3480,1394631,-0.007132667617689048
2023-03-29,3480,3520,3400,3495,650358,0.004310344827586299
2023-03-30,3475,3500,3415,3425,544519,-0.02002861230329045
2023-03-31,3450,3470,3365,3385,419651,-0.011678832116788329
2023-04-03,3545,4400,3525,4400,31440998,0.2998522895125555
2023-04-04,4365,5470,4245,4840,57359402,0.10000000000000009
2023-04-05,4710,4790,4545,4740,6307512,-0.02066115702479343
2023-04-06,4630,4660,4460,4575,3210811,-0.034810126582278444
2023-04-07,4530,4755,4355,4390,7694447,-0.040437158469945333
2023-04-10,4525,4670,4440,4600,5620734,0.04783599088838275
2023-04-11,4500,4720,4375,4565,3879799,-0.007608695652173925
2023-04-12,4605,4920,4575,4735,9428869,0.03723986856516981
2023-04-13,4670,4690,4410,4590,1859730,-0.03062302006335793
2023-04-14,4700,5280,4680,4945,22997686,0.07734204793028332
2023-04-17,5020,5700,4980,5260,18568966,0.06370070778564196
2023-04-18,5410,5600,5060,5600,9124441,0.06463878326996197
2023-04-19,5960,7280,5730,6980,38153188,0.24642857142857144
2023-04-20,7010,7070,6140,6170,7457690,-0.1160458452722063
2023-04-21,6310,6950,5620,5770,15942808,-0.06482982171799023
2023-04-24,5670,6020,5300,5390,3617555,-0.0658578856152513
2023-04-25,5650,6090,5410,5550,6793203,0.029684601113172615
2023-04-26,5280,5960,5080,5430,5875846,-0.021621621621621623
2023-04-27,5440,5570,5120,5460,2666493,0.005524861878453136
2023-04-28,5460,5720,5240,5520,3544004,0.01098901098901095
2023-05-02,5520,6280,5520,6030,18432275,0.09239130434782616
2023-05-03,5860,6430,5720,6240,10500273,0.03482587064676612
2023-05-04,6200,6580,5910,5910,6342116,-0.05288461538461542
2023-05-08,6000,6020,5490,5490,2008017,-0.07106598984771573
2023-05-09,5570,5620,4990,5040,2251819,-0.08196721311475408
2023-05-10,4985,5120,4880,4905,1315448,-0.0267857142857143
2023-05-11,4930,5090,4860,4900,1032810,-0.0010193679918450993
2023-05-12,4905,4990,4730,4785,1342588,-0.02346938775510199
2023-05-15,4770,4880,4635,4720,770802,-0.013584117032392928
2023-05-16,4720,4775,4525,4620,1052238,-0.021186440677966156
2023-05-17,4565,4650,4465,4505,1348361,-0.024891774891774854
2023-05-18,4525,4950,4495,4600,4034385,0.021087680355160954
2023-05-19,4615,4825,4565,4575,2119845,-0.005434782608695676
2023-05-22,4510,4640,4440,4570,715554,-0.0010928961748634114
2023-05-23,4570,4860,4560,4700,2196870,0.02844638949671774
2023-05-24,4680,4840,4645,4705,1420982,0.0010638297872340718
2023-05-25,4705,4705,4540,4540,630589,-0.03506907545164717
2023-05-26,4550,4585,4405,4405,539985,-0.029735682819383213
2023-05-30,4410,4475,4335,4370,466940,-0.007945516458569779
2023-05-31,4385,4440,4315,4340,362128,-0.006864988558352381
2023-06-01,4305,4370,4245,4295,543929,-0.010368663594470084
2023-06-02,4345,4450,4295,4450,557133,0.03608847497089629
2023-06-05,4510,4680,4440,4600,1946004,0.03370786516853941
2023-06-07,4595,4620,4525,4560,359200,-0.008695652173912993
2023-06-08,4530,4725,4480,4615,870520,0.012061403508771829
2023-06-09,4580,4660,4540,4540,471112,-0.01625135427952329
2023-06-12,4540,4740,4505,4730,1472018,0.04185022026431717
2023-06-13,4800,4810,4665,4730,930094,0.0
2023-06-14,4785,5000,4740,4915,4947603,0.03911205073995783
2023-06-15,4860,5050,4795,4870,1676287,-0.00915564598168872
2023-06-16,4910,4960,4670,4710,926225,-0.03285420944558526
2023-06-19,4665,4805,4605,4640,778006,-0.014861995753715496
2023-06-20,4600,4635,4450,4460,563905,-0.03879310344827591
2023-06-21,4460,4880,4420,4515,1826169,0.012331838565022402
2023-06-22,4560,4730,4505,4620,793542,0.023255813953488413
2023-06-23,4735,5350,4615,5120,16872897,0.10822510822510822
2023-06-26,5000,5450,4980,5170,7998377,0.009765625
2023-06-27,5090,5290,4975,5280,2451558,0.02127659574468077
2023-06-28,5320,5540,5020,5480,6158349,0.037878787878787845
2023-06-29,5270,5320,4995,5010,1990455,-0.08576642335766427
2023-06-30,4940,4990,4570,4685,1618155,-0.06487025948103797
2023-07-03,4685,4805,4590,4740,743812,0.011739594450373536
2023-07-04,4740,4755,4600,4605,688719,-0.02848101265822789
2023-07-05,4580,5030,4540,4840,2407921,0.05103148751357223
2023-07-06,4820,4870,4725,4740,634522,-0.02066115702479343
2023-07-07,4685,4760,4565,4595,475364,-0.030590717299578074
2023-07-10,4570,4780,4490,4500,829356,-0.020674646354733373
2023-07-11,4485,4590,4480,4545,513026,0.010000000000000009
2023-07-12,4580,4635,4455,4480,753149,-0.014301430143014326
2023-07-13,4520,4590,4455,4460,778937,-0.004464285714285698
2023-07-14,4515,4555,4435,4520,479809,0.013452914798206317
2023-07-17,4595,5440,4530,5330,15510418,0.17920353982300874
2023-07-18,5180,5660,5150,5260,8275592,-0.013133208255159512
2023-07-19,5200,5460,5000,5440,4851827,0.034220532319391594
2023-07-20,5300,5340,5150,5300,1950584,-0.02573529411764708
2023-07-21,5150,5250,5060,5060,1016369,-0.04528301886792452
2023-07-24,5000,5040,4800,4890,1397997,-0.03359683794466406
2023-07-25,4860,5320,4775,5320,3358186,0.08793456032719837
2023-07-26,5360,5360,4560,4730,3034691,-0.11090225563909772
2023-07-27,4730,4990,4720,4800,1386929,0.014799154334038
2023-07-28,4680,4975,4605,4930,921369,0.027083333333333348
2023-07-31,4930,5120,4930,5080,1203351,0.030425963488843744
2023-08-01,5220,5500,4980,5490,5808830,0.08070866141732291
2023-08-02,6150,6900,5800,6210,45168600,0.13114754098360648
2023-08-03,5910,7440,5620,6170,43724420,-0.006441223832528209
2023-08-04,5550,5740,5100,5200,8146613,-0.15721231766612642
2023-08-07,5330,5980,5320,5780,16506274,0.11153846153846159
2023-08-08,5780,6320,5210,5410,14616137,-0.06401384083044981
2023-08-09,5340,5510,5200,5430,2256868,0.003696857670979714
2023-08-10,5480,5550,5160,5260,2399631,-0.03130755064456725
2023-08-11,5260,5790,5260,5700,5167870,0.08365019011406849
2023-08-14,5850,6070,5540,5830,8542657,0.02280701754385972
2023-08-16,5990,6970,5880,6290,29778720,0.07890222984562612
2023-08-17,5700,5870,4850,5030,5118054,-0.20031796502384736
2023-08-18,4965,5010,4690,4725,2125098,-0.060636182902584546
2023-08-21,4610,5070,4600,4760,2861278,0.007407407407407307
2023-08-22,4765,4990,4765,4925,1691740,0.034663865546218586
2023-08-23,5010,5010,4730,4750,1700851,-0.035532994923857864
2023-08-24,4760,4810,4640,4680,986009,-0.01473684210526316
2023-08-25,4665,4680,4545,4580,878925,-0.021367521367521403
2023-08-28,4580,4750,4480,4700,1275170,0.026200873362445476
2023-08-29,4705,4790,4675,4700,793697,0.0
2023-08-30,4715,4730,4635,4645,516296,-0.011702127659574457
2023-08-31,4645,4690,4520,4525,506227,-0.0258342303552207
2023-09-01,4515,4525,4400,4405,609651,-0.026519337016574607
2023-09-04,4355,4470,4350,4420,382148,0.0034052213393871433
2023-09-05,4395,4565,4395,4465,487093,0.010180995475113086
2023-09-06,4525,4525,4350,4375,415530,-0.02015677491601342
2023-09-07,4355,4390,4240,4255,412961,-0.02742857142857147
2023-09-08,4230,4430,4225,4290,405001,0.008225616921269108
2023-09-11,4290,4305,4220,4235,254357,-0.012820512820512775
2023-09-12,4240,4300,4140,4150,315851,-0.02007083825265643
2023-09-13,4120,4155,4020,4040,373065,-0.026506024096385583
2023-09-14,4040,4305,4035,4150,438670,0.027227722772277252
2023-09-15,4130,4235,4105,4155,249521,0.00120481927710836
2023-09-18,4155,4655,4095,4215,3851113,0.014440433212996373
2023-09-19,4150,4150,4060,4070,544970,-0.03440094899169632
2023-09-20,4060,4175,4030,4080,343875,0.002457002457002533
2023-09-21,4055,4150,4020,4020,295402,-0.014705882352941124
2023-09-22,3950,4340,3930,4090,1163450,0.017412935323383172
2023-09-25,4000,4070,3930,3950,263665,-0.03422982885085579
2023-09-26,3865,3930,3720,3720,466249,-0.0582278481012658
2023-09-27,3680,3960,3680,3885,487789,0.04435483870967749
2023-10-04,3885,3915,3705,3705,209506,-0.04633204633204635
2023-10-05,3710,3765,3595,3635,248585,-0.018893387314439902
2023-10-06,3595,3805,3595,3760,182045,0.0343878954607979
2023-10-10,3760,4135,3700,3715,1132353,-0.01196808510638303
2023-10-11,3835,3925,3790,3820,351968,0.02826379542395685
2023-10-12,3835,3960,3830,3955,412315,0.035340314136125706
2023-10-13,4015,4015,3900,3935,243256,-0.005056890012642201
2023-10-16,4100,4315,3900,3935,1807085,0.0
2023-10-17,3960,4060,3950,3985,302514,0.01270648030495547
2023-10-18,4010,4360,3930,4040,2364378,0.013801756587201952
2023-10-19,4045,4240,4000,4025,1203419,-0.003712871287128716
2023-10-20,3935,4200,3900,3920,1271658,-0.02608695652173909
2023-10-23,3865,3895,3710,3715,455593,-0.05229591836734693
2023-10-24,3700,3820,3650,3790,405428,0.020188425302826385
2023-10-25,3895,3975,3735,3750,512549,-0.01055408970976257
2023-10-26,3645,3930,3640,3655,721022,-0.02533333333333332
2023-10-27,3655,3975,3645,3750,1453335,0.025991792065663377
2023-10-30,3730,3810,3710,3755,377326,0.0013333333333334085
2023-10-31,3845,3845,3645,3645,300129,-0.02929427430093212
2023-11-01,3650,3740,3650,3660,134167,0.004115226337448652
2023-11-02,3685,3760,3685,3725,177897,0.01775956284153013
2023-11-03,3780,3820,3735,3770,203431,0.012080536912751683
2023-11-06,3810,3890,3795,3875,338330,0.027851458885941538
2023-11-07,3860,3870,3720,3770,276235,-0.02709677419354839
2023-11-08,3765,3825,3660,3670,180945,-0.02652519893899208
2023-11-09,3660,3700,3560,3585,186029,-0.023160762942779245
2023-11-10,3530,3575,3410,3455,206944,-0.036262203626220346
2023-11-13,3480,3660,3280,3455,351914,0.0
2023-11-14,3450,3560,3445,3535,129015,0.02315484804630974
2023-11-15,3570,3675,3570,3630,177245,0.026874115983026803
2023-11-16,3595,3675,3580,3640,89065,0.0027548209366390353
2023-11-17,3605,3630,3525,3540,114523,-0.027472527472527486
2023-11-20,3540,3635,3525,3615,98055,0.021186440677966045
2023-11-21,3620,3795,3620,3700,368001,0.023513139695712226
2023-11-22,3690,3790,3670,3670,209358,-0.008108108108108136
2023-11-23,3675,3790,3655,3655,252030,-0.004087193460490468
2023-11-24,3670,4235,3650,3960,5981388,0.08344733242134073
2023-11-27,3815,3865,3770,3790,963243,-0.04292929292929293
2023-11-28,3755,3815,3710,3720,324224,-0.01846965699208447
2023-11-29,3740,3865,3710,3800,989938,0.021505376344086002
2023-11-30,3950,4095,3865,3890,2143153,0.023684210526315752
2023-12-01,3890,4080,3800,3945,1158928,0.014138817480719768
2023-12-04,4010,4060,3805,3940,920133,-0.0012674271229404788
2023-12-05,3870,3970,3820,3890,472124,-0.012690355329949221
2023-12-06,3855,3940,3795,3925,278274,0.008997429305912519
2023-12-07,3910,3985,3800,3825,577726,-0.02547770700636942
2023-12-08,3825,3860,3800,3810,229773,-0.0039215686274509665
2023-12-11,3830,3875,3815,3820,192134,0.002624671916010568
2023-12-12,3850,3930,3800,3920,784064,0.02617801047120416
2023-12-13,3955,3955,3865,3895,370606,-0.0063775510204081565
2023-12-14,3905,3945,3885,3900,274953,0.0012836970474967568
2023-12-15,3940,4015,3905,3930,508944,0.007692307692307665
2023-12-18,3930,3965,3875,3875,241392,-0.013994910941475869
2023-12-19,3855,3910,3810,3870,179673,-0.001290322580645209
2023-12-20,3875,4040,3850,3900,570031,0.007751937984496138
2023-12-21,3850,3920,3820,3830,271593,-0.017948717948717996
2023-12-22,3830,3890,3800,3805,294052,-0.00652741514360311
2023-12-26,3805,3845,3755,3765,127379,-0.010512483574244391
2023-12-27,3775,3805,3750,3780,156061,0.003984063745019917
2023-12-28,3810,3870,3780,3855,175126,0.01984126984126977
2024-01-02,3835,3870,3815,3855,152837,0.0
2024-01-03,3840,4045,3805,3950,1196516,0.024643320363164634
2024-01-04,3980,4400,3875,4275,10909030,0.08227848101265822
2024-01-05,4250,4325,4140,4185,1541647,-0.021052631578947323
2024-01-08,4200,4210,4050,4150,558866,-0.008363201911589013
2024-01-09,4115,4185,4085,4095,388536,-0.013253012048192736
2024-01-10,4100,4145,4045,4080,616120,-0.00366300366300365
2024-01-11,4045,4110,4040,4055,312396,-0.006127450980392135
2024-01-12,4130,4180,4055,4070,496508,0.0036991368680641123
2024-01-15,4045,4060,3935,3960,373343,-0.027027027027026973
2024-01-16,3930,4020,3855,3940,336411,-0.005050505050505083
2024-01-17,3975,4020,3800,3815,369206,-0.03172588832487311
2024-01-18,3800,3915,3795,3900,256822,0.022280471821756187
2024-01-19,3910,3970,3860,3905,213971,0.0012820512820512775
2024-01-22,3915,3980,3860,3915,291959,0.00256081946222797
2024-01-23,3915,4000,3915,3970,258410,0.01404853128991057
2024-01-24,3985,4025,3915,3955,295295,-0.0037783375314861534
2024-01-25,4010,4035,3920,3960,440729,0.0012642225031604948
2024-01-26,3930,4110,3920,4095,1305521,0.03409090909090917
2024-01-29,4165,4225,3985,3995,1169204,-0.024420024420024444
2024-01-30,3945,4015,3885,3890,434394,-0.026282853566958697
2024-01-31,3855,3915,3850,3865,173638,-0.006426735218509005
2024-02-01,3875,4025,3870,3930,407783,0.01681759379042691
2024-02-02,3925,3990,3920,3935,210067,0.0012722646310432406
2024-02-05,3920,4085,3880,3980,664690,0.011435832274459878
2024-02-06,3965,3980,3885,3900,214972,-0.02010050251256279
2024-02-07,3885,4020,3885,4005,539453,0.026923076923076827
2024-02-08,4025,4065,3950,3965,315171,-0.009987515605493158
2024-02-13,3965,4040,3965,4005,266050,0.010088272383354413
2024-02-14,4115,4265,4025,4195,3328020,0.04744069912609228
2024-02-15,4275,4600,4200,4425,8858852,0.0548271752085816
2024-02-16,4465,4980,4415,4415,11323386,-0.002259887005649719
2024-02-19,4365,4450,4280,4325,1157680,-0.020385050962627438
2024-02-20,4325,4385,4165,4245,1229197,-0.018497109826589586
2024-02-21,4200,4260,4095,4105,1077501,-0.03297997644287398
2024-02-22,4105,4150,4030,4055,762689,-0.01218026796589522
2024-02-23,4080,4085,3970,3985,488633,-0.01726263871763256
2024-02-26,4010,4025,3945,3970,292039,-0.0037641154328732496
2024-02-27,3970,4000,3915,3915,342637,-0.013853904282115859
2024-02-28,3905,4045,3905,3950,454465,0.008939974457215838
2024-02-29,3950,4010,3925,4005,212853,0.013924050632911467
2024-03-04,4045,4055,4005,4035,287928,0.0074906367041198685
2024-03-05,4005,4060,3970,3970,462590,-0.01610904584882278
2024-03-06,3955,3970,3910,3940,219734,-0.007556675062972307
2024-03-07,3955,4150,3955,4145,1274834,0.05203045685279184
2024-03-08,4155,4280,4035,4060,948177,-0.020506634499396825
2024-03-11,4075,4170,4000,4005,513538,-0.013546798029556606
2024-03-12,4055,4175,4010,4030,512899,0.006242197253433224
2024-03-13,4030,4100,4005,4045,426095,0.003722084367245637
2024-03-14,4400,4825,4185,4220,25017428,0.043263288009888656
2024-03-15,4265,4760,4165,4545,15961509,0.07701421800947861
2024-03-18,4650,4930,4580,4615,8889509,0.015401540154015292
2024-03-19,4675,4770,4500,4540,3372943,-0.01625135427952329
2024-03-20,4475,4490,4350,4420,1242403,-0.026431718061673992
2024-03-21,4445,4775,4420,4660,4282802,0.05429864253393668
2024-03-22,4680,4680,4440,4450,1561906,-0.045064377682403456
2024-03-25,4430,4430,4280,4355,846471,-0.02134831460674158
2024-03-26,4360,4410,4260,4305,719617,-0.01148105625717566
2024-03-27,4325,4495,4245,4250,1544839,-0.012775842044134733
2024-03-28,4220,4320,4220,4320,457718,0.016470588235294015
2024-03-29,4420,4580,4340,4555,2647523,0.05439814814814814
2024-04-01,4540,4715,4470,4670,2380938,0.02524698133918779
2024-04-02,4645,4765,4515,4750,2031855,0.017130620985010614
2024-04-03,4735,4850,4570,4625,2092914,-0.02631578947368418
2024-04-04,4925,5540,4825,5430,24191333,0.17405405405405405
2024-04-05,5430,5850,5050,5700,18457707,0.04972375690607733
2024-04-08,5760,5760,5360,5580,4428579,-0.021052631578947323
2024-04-09,5900,5930,5270,5560,7093331,-0.0035842293906810374
2024-04-11,5390,5690,5320,5580,2864913,0.003597122302158251
2024-04-12,5690,6090,5460,5700,15223035,0.021505376344086002
2024-04-15,6000,6940,5890,6570,37392612,0.15263157894736845
2024-04-16,6790,6830,5960,6060,8512905,-0.07762557077625576
2024-04-17,6110,6240,5820,5880,3742971,-0.02970297029702973
2024-04-18,6140,6210,5890,6020,3801474,0.023809523809523725
2024-04-19,6640,7310,6410,6790,47804175,0.12790697674418605
2024-04-22,6690,7060,6610,6630,10919886,-0.02356406480117823
2024-04-23,6680,6840,6290,6320,5380015,-0.04675716440422317
2024-04-24,6230,6390,6080,6380,2841970,0.009493670886076
2024-04-25,6240,6240,5900,5930,2925117,-0.07053291536050155
2024-04-26,6150,6660,6040,6460,9455595,0.08937605396290049
2024-04-29,6550,6800,6500,6520,7565965,0.009287925696594534
2024-04-30,6680,7000,6430,6600,9576137,0.012269938650306678
2024-05-02,6420,6740,6180,6530,3999637,-0.010606060606060619
2024-05-03,6480,6530,6200,6200,1532566,-0.050535987748851485
2024-05-07,6260,6570,6260,6530,2668306,0.0532258064516129
2024-05-08,6460,6560,6250,6370,1468098,-0.024502297090352232
2024-05-09,6330,6360,6110,6130,1063381,-0.03767660910518056
2024-05-10,6220,6300,6070,6250,2435672,0.019575856443719397
2024-05-13,6750,7390,6460,7110,32427449,0.13759999999999994
2024-05-14,7290,8030,6970,7520,32999363,0.057665260196905876
2024-05-16,7500,7650,7210,7550,6636027,0.003989361702127603
2024-05-17,7350,7360,6680,6820,4763522,-0.09668874172185427
2024-05-20,7700,8420,7400,7880,47603058,0.15542521994134906
2024-05-21,8100,8190,7440,7510,8425426,-0.04695431472081213
2024-05-22,7630,7640,7210,7230,3099311,-0.03728362183754996
2024-05-23,6750,6980,6560,6930,3465711,-0.04149377593360992
2024-05-24,6700,7200,6530,6950,4284854,0.0028860028860029363
2024-05-27,6840,6870,6630,6710,1913704,-0.03453237410071941
2024-05-28,6820,6920,6600,6680,1728286,-0.0044709388971684305
2024-05-29,6780,7110,6720,6810,5610045,0.019461077844311392
2024-05-30,6600,6680,6100,6150,2260655,-0.09691629955947134
2024-05-31,6040,6110,5920,6030,1284058,-0.019512195121951237
2024-06-03,5990,6040,5860,5880,1212797,-0.02487562189054726
2024-06-04,5930,5960,5700,5730,976929,-0.025510204081632626
2024-06-05,5620,5680,5450,5510,1483416,-0.03839441535776611
2024-06-07,5650,5660,5500,5520,780939,0.001814882032667775
2024-06-10,5380,5570,5350,5550,899704,0.005434782608695565
2024-06-11,5560,5570,5400,5410,660184,-0.02522522522522519
2024-06-12,5410,5470,5300,5370,613777,-0.007393715341959317
2024-06-13,5370,5570,5350,5450,987373,0.014897579143389184
2024-06-14,5500,5500,5260,5290,864484,-0.029357798165137616
2024-06-17,5270,5350,5200,5240,440033,-0.009451795841209809
2024-06-18,5260,5320,5170,5210,622434,-0.005725190839694694
2024-06-19,5290,5360,5220,5240,440802,0.0057581573896352545
2024-06-20,5300,5540,5270,5310,1712373,0.013358778625954137
2024-06-21,5380,5690,5380,5620,3610705,0.058380414312617646
2024-06-24,5500,5520,5250,5250,1030624,-0.0658362989323843
2024-06-25,5250,5360,5200,5260,560318,0.0019047619047618536
2024-06-26,5190,5470,5130,5350,850251,0.017110266159695797
2024-06-27,5350,5600,5260,5510,1442441,0.02990654205607468
2024-06-28,5510,5600,5310,5420,922666,-0.016333938294010864
2024-07-01,5380,5420,5220,5230,450494,-0.035055350553505504
2024-07-02,5230,5450,5160,5170,953323,-0.01147227533460804
2024-07-03,5180,5220,4925,5030,1016910,-0.027079303675048405
2024-07-04,5480,5900,5370,5420,14181376,0.07753479125248508
2024-07-05,5440,5570,5320,5480,1729172,0.011070110701107083
2024-07-08,5600,5840,5520,5520,2597547,0.007299270072992803
2024-07-09,5460,5720,5420,5680,1393900,0.02898550724637672
2024-07-10,5730,6330,5650,5870,12570875,0.03345070422535201
2024-07-11,5810,5940,5740,5870,1994618,0.0
2024-07-12,5720,5730,5450,5450,1269267,-0.07155025553662686
2024-07-15,5490,5680,5480,5580,726640,0.023853211009174258
2024-07-16,5530,5540,5330,5420,654015,-0.028673835125448077
2024-07-17,5430,5490,5080,5150,1048135,-0.04981549815498154
2024-07-18,5050,5080,4970,5030,550716,-0.023300970873786353
2024-07-19,4935,4980,4840,4970,562119,-0.011928429423459286
2024-07-22,4910,4960,4780,4795,523277,-0.035211267605633756
2024-07-23,4805,4850,4735,4790,407035,-0.0010427528675703845
2024-07-24,4840,4850,4715,4720,443380,-0.014613778705636737
2024-07-25,4610,4675,4520,4540,333996,-0.03813559322033899
2024-07-26,4545,4640,4520,4565,272331,0.005506607929515406
2024-07-29,4565,4680,4565,4645,177692,0.017524644030668224
2024-07-30,4635,4645,4440,4445,367250,-0.04305705059203446
2024-07-31,4450,4620,4435,4610,275049,0.03712035995500562
2024-08-01,4665,4950,4665,4785,924041,0.037960954446854656
2024-08-02,4705,4705,4460,4490,445737,-0.06165099268547547
2024-08-05,4365,4430,3795,3930,805374,-0.12472160356347439
2024-08-06,3930,4275,3925,4180,539889,0.06361323155216292
2024-08-07,4120,4290,4120,4240,196057,0.014354066985645897
2024-08-08,4080,4300,4080,4200,139345,-0.009433962264150941
2024-08-09,4255,4375,4255,4345,243802,0.03452380952380962
2024-08-12,4345,4420,4335,4420,193369,0.017261219792865434
2024-08-13,4445,4490,4345,4375,249208,-0.010180995475113086
2024-08-14,4415,4610,4415,4465,654043,0.020571428571428463
2024-08-16,4650,4650,4540,4570,378922,0.023516237402015694
2024-08-19,4520,4570,4435,4455,206174,-0.02516411378555794
2024-08-20,4470,4645,4470,4630,423830,0.03928170594837255
2024-08-21,4600,4620,4500,4525,167036,-0.022678185745140356
2024-08-22,4600,4765,4440,4445,376592,-0.0176795580110497
2024-08-23,4380,4480,4355,4455,149449,0.0022497187851517886
2024-08-26,4500,4515,4370,4410,146708,-0.010101010101010055
2024-08-27,4365,4565,4320,4540,228784,0.02947845804988658
2024-08-28,4540,4540,4415,4440,164668,-0.022026431718061623
2024-08-29,4360,4510,4335,4400,195232,-0.009009009009009028
2024-08-30,4400,4475,4390,4455,135673,0.012499999999999956
2024-09-02,4410,4445,4360,4390,99061,-0.014590347923681302
2024-09-03,4360,4445,4360,4365,114700,-0.005694760820045608
2024-09-04,4210,4280,4135,4160,218095,-0.04696449026345939
2024-09-05,4130,4205,4050,4075,153613,-0.02043269230769229
2024-09-06,4080,4100,3975,3990,143785,-0.020858895705521463
2024-09-09,3890,4045,3855,4045,87519,0.013784461152882121
2024-09-10,4005,4110,4000,4000,77472,-0.011124845488257096
2024-09-11,4010,4115,3995,4030,102627,0.007500000000000062
2024-09-12,4060,4320,4060,4195,244254,0.04094292803970223
2024-09-13,4275,4290,4160,4215,129117,0.004767580452920139
2024-09-19,4245,4260,4125,4175,138163,-0.009489916963226541
2024-09-20,4245,4385,4225,4300,235192,0.029940119760478945
2024-09-23,4300,4330,4205,4205,130114,-0.02209302325581397
2024-09-24,4175,4535,4175,4520,1083196,0.07491082045184294
2024-09-25,4990,5340,4780,4870,7851705,0.07743362831858414
2024-09-26,4960,4965,4800,4950,1396162,0.01642710472279263
2024-09-27,5200,5290,4960,5030,3501576,0.016161616161616266
2024-09-30,5140,5200,4860,4930,1350917,-0.01988071570576544
2024-10-02,4750,5040,4695,4915,1138693,-0.0030425963488843744
2024-10-04,4820,5010,4820,4955,659173,0.008138351983723258
2024-10-07,5000,5000,4900,4965,467496,0.0020181634712410634
2024-10-08,4905,4970,4865,4895,419204,-0.014098690835850913
2024-10-10,4865,4870,4735,4780,460871,-0.023493360572012234
2024-10-11,4905,4965,4765,4780,587923,0.0
2024-10-14,4800,4935,4800,4925,383275,0.030334728033472702
2024-10-15,4870,4900,4750,4770,427413,-0.03147208121827416
2024-10-16,4695,5090,4625,4860,1987615,0.018867924528301883
2024-10-17,4840,4950,4700,4700,623078,-0.03292181069958844
2024-10-18,4700,4700,4555,4600,357263,-0.021276595744680882
2024-10-21,4570,4780,4570,4740,418117,0.0304347826086957
2024-10-22,4695,4700,4525,4530,321323,-0.044303797468354444
2024-10-23,4530,4585,4450,4520,206638,-0.002207505518763808
2024-10-24,4500,4500,4380,4400,177681,-0.026548672566371723
2024-10-25,4420,4540,4400,4410,179509,0.002272727272727204
2024-10-28,4395,4600,4390,4600,315538,0.04308390022675734
2024-10-29,4510,4525,4450,4460,164682,-0.0304347826086957
2024-10-30,4450,4495,4415,4425,114010,-0.007847533632286963
2024-10-31,4400,4455,4315,4435,120856,0.002259887005649608
2024-11-01,4440,4440,4320,4320,138008,-0.025930101465614475
2024-11-04,4300,4455,4285,4435,127008,0.02662037037037046
2024-11-05,4390,4750,4390,4565,229792,0.02931228861330326
2024-11-06,4535,4615,4460,4545,226594,-0.004381161007667056
2024-11-07,4485,4485,4280,4415,233281,-0.028602860286028653
2024-11-08,4600,4600,4460,4465,226507,0.011325028312570762
2024-11-11,4370,4440,4190,4190,322843,-0.06159014557670772
2024-11-12,4190,4190,4005,4005,239978,-0.04415274463007157
2024-11-13,3910,4020,3855,3860,227134,-0.03620474406991259
2024-11-14,3860,3915,3800,3850,218311,-0.002590673575129543
2024-11-15,3850,3880,3720,3875,181041,0.006493506493506551
2024-11-18,3875,3995,3850,3970,166991,0.02451612903225797
2024-11-19,3960,4280,3950,4070,675945,0.025188916876574208
2024-11-20,4095,4190,4025,4115,238497,0.011056511056511065
2024-11-21,4145,4145,4050,4055,148162,-0.014580801944106936
2024-11-22,4055,4150,4055,4065,118104,0.002466091245376001
2024-11-25,4080,4145,4070,4135,113281,0.017220172201722006
2024-11-26,4110,4130,4055,4100,119793,-0.008464328899637219
2024-11-27,4100,4115,4055,4075,88472,-0.0060975609756097615
2024-11-28,4075,4100,4055,4065,70110,-0.0024539877300613355
2024-11-29,4050,4065,3945,3955,156610,-0.027060270602705994
2024-12-02,3955,4145,3880,3880,243145,-0.01896333754740831
2024-12-03,3870,4150,3870,4065,481989,0.04768041237113407
2024-12-04,4405,4470,4075,4125,1763319,0.014760147601476037
2024-12-05,4055,4105,4025,4035,295847,-0.021818181818181848
2024-12-06,3965,4010,3780,3860,419978,-0.043370508054522916
2024-12-09,3720,3780,3545,3560,385408,-0.07772020725388606
2024-12-10,3560,3920,3560,3910,314320,0.098314606741573
2024-12-11,3990,4140,3960,4105,308881,0.04987212276214836
2024-12-12,4050,4170,4045,4150,262435,0.010962241169305775
2024-12-13,4095,4140,4070,4085,152324,-0.015662650602409678
2024-12-16,4140,4195,4090,4150,267021,0.01591187270501826
2024-12-17,4145,4145,4065,4110,185888,-0.009638554216867434
2024-12-18,4065,4115,4035,4090,99549,-0.0048661800486617945
2024-12-19,3985,4070,3955,4035,98880,-0.01344743276283622
2024-12-20,4000,4060,3910,3950,170212,-0.02106567534076831
2024-12-23,3940,4035,3940,4015,74161,0.016455696202531733
2024-12-24,4085,4175,3810,3995,222650,-0.00498132004981322
2024-12-26,3995,4055,3980,4005,126576,0.0025031289111390187
2024-12-27,3950,3995,3865,3940,135928,-0.01622971285892638
2024-12-30,3855,3965,3855,3945,81576,0.0012690355329949554
2025-01-02,3905,4045,3905,4040,124683,0.02408111533586821
2025-01-03,4000,4080,4000,4045,93070,0.0012376237623761277
2025-01-06,4080,4115,4050,4110,112057,0.01606922126081578
2025-01-07,4090,4155,4065,4090,101559,-0.0048661800486617945
2025-01-08,4085,4150,4035,4150,102359,0.014669926650366705
2025-01-09,4150,4155,4085,4140,124686,-0.002409638554216831
2025-01-10,4160,4430,4095,4340,1319858,0.048309178743961345
2025-01-13,4330,4540,4250,4445,2107783,0.024193548387096753
2025-01-14,4680,4710,4340,4340,1890553,-0.023622047244094446
2025-01-15,4300,4390,4265,4335,440565,-0.0011520737327188613
2025-01-16,4360,4405,4325,4355,338709,0.0046136101499423265
2025-01-17,4370,4595,4370,4460,1457016,0.024110218140068973
2025-01-20,4450,4450,4345,4355,282189,-0.023542600896861
2025-01-21,4355,4395,4300,4310,301697,-0.010332950631458115
2025-01-22,4375,4445,4360,4385,247378,0.01740139211136893
2025-01-23,4385,4400,4205,4210,220166,-0.039908779931584926
2025-01-24,4240,4260,4160,4225,136011,0.0035629453681709222
2025-01-31,4210,4390,4095,4135,265615,-0.02130177514792897
2025-02-03,4140,4140,3995,4070,148951,-0.01571946795646917
2025-02-04,4120,4250,4080,4205,203857,0.033169533169533194
2025-02-05,4225,4265,4110,4150,148935,-0.013079667063020217
2025-02-06,4190,4255,4170,4205,171527,0.013253012048192847
2025-02-07,4210,4255,4150,4185,123284,-0.0047562425683710385
2025-02-10,4215,4440,4215,4410,655038,0.053763440860215006
2025-02-11,4450,4840,4430,4695,3292904,0.06462585034013602
2025-02-12,4550,4570,4405,4415,784075,-0.059637912673056404
2025-02-13,4485,4840,4445,4550,3824361,0.0305775764439411
2025-02-14,4675,4725,4540,4655,897962,0.023076923076922995
2025-02-17,4640,4660,4560,4660,553513,0.0010741138560688146
2025-02-18,4650,4650,4535,4560,485201,-0.02145922746781115
2025-02-19,4560,4600,4505,4530,390770,-0.006578947368421018
2025-02-20,4550,4550,4450,4525,279760,-0.001103752759381904
2025-02-21,4570,4640,4480,4480,417770,-0.009944751381215422
2025-02-24,4405,4520,4390,4510,179651,0.006696428571428603
2025-02-25,4480,4480,4405,4410,156489,-0.022172949002217335
2025-02-26,4650,4835,4560,4790,5045433,0.08616780045351469
2025-02-27,4650,4740,4535,4550,991652,-0.050104384133611735
2025-02-28,4450,4595,4420,4570,553768,0.00439560439560438
2025-03-04,4450,4660,4450,4660,473252,0.01969365426695835
2025-03-05,4610,4700,4535,4670,747603,0.0021459227467810482
2025-03-06,4785,4885,4650,4680,2259078,0.0021413276231263545
2025-03-07,4730,4975,4690,4870,3759555,0.040598290598290676
2025-03-10,4760,4925,4700,4795,1165367,-0.015400410677618104
2025-03-11,4615,4715,4550,4620,650050,-0.03649635036496346
2025-03-12,4720,4870,4680,4835,974460,0.04653679653679643
2025-03-13,4910,4970,4760,4800,1420902,-0.007238883143743546
2025-03-14,4905,5000,4840,4950,1512216,0.03125
2025-03-17,4845,4890,4750,4790,812771,-0.03232323232323231
2025-03-18,4865,4930,4815,4920,717213,0.02713987473903967
2025-03-19,5030,5150,4925,5070,2346524,0.030487804878048808
2025-03-20,5110,5120,4910,4970,1160948,-0.01972386587771202
2025-03-21,4980,4980,4795,4800,785109,-0.03420523138832998
2025-03-24,4840,4890,4770,4825,502512,0.005208333333333259
2025-03-25,4845,4885,4700,4790,762187,-0.007253886010362698
2025-03-26,5060,6060,5020,5930,33325889,0.23799582463465563
2025-03-27,5890,5950,5530,5620,5437405,-0.05227655986509272
2025-03-28,5390,5420,5070,5180,3700443,-0.07829181494661919
2025-03-31,5050,5110,4650,4730,1678418,-0.08687258687258692
2025-04-01,4750,4780,4565,4645,1112025,-0.017970401691331905
2025-04-02,4680,4850,4600,4625,991806,-0.0043057050592034685
2025-04-03,4510,4550,4400,4465,624433,-0.034594594594594574
2025-04-04,4280,4445,4275,4395,808713,-0.015677491601343796
2025-04-07,4160,4235,4005,4130,682621,-0.060295790671217264
2025-04-08,4185,4380,4055,4060,925524,-0.016949152542372836
2025-04-09,3935,4050,3915,3930,439732,-0.03201970443349755
2025-04-10,4165,4500,4085,4210,1995173,0.07124681933842236
2025-04-11,4145,4315,4120,4290,520585,0.019002375296912177
2025-04-14,4370,4430,4330,4360,335075,0.01631701631701632
2025-04-15,4400,4430,4365,4395,296159,0.008027522935779796
2025-04-16,4380,4420,4255,4265,265271,-0.029579067121729197
2025-04-17,4310,4385,4295,4325,212643,0.014067995310668158
2025-04-18,4340,4375,4235,4365,211356,0.009248554913294793
2025-04-21,4360,4365,4280,4325,154886,-0.009163802978235935
2025-04-22,4285,4320,4255,4285,125404,-0.009248554913294793
2025-04-23,4385,4470,4375,4425,564865,0.03267211201866971
2025-04-24,4400,4440,4320,4350,179981,-0.016949152542372836
2025-04-25,4400,4415,4350,4400,162026,0.011494252873563315
2025-04-28,4380,4400,4270,4290,274208,-0.025000000000000022
2025-04-29,4310,4340,4290,4300,154816,0.002331002331002363
2025-04-30,4310,4315,4195,4230,174808,-0.016279069767441867
2025-05-02,4190,4260,4155,4230,96224,0.0
2025-05-07,4240,4275,4210,4250,125198,0.004728132387706863
2025-05-08,4235,4275,4220,4240,77906,-0.0023529411764705577
2025-05-09,4245,4280,4190,4215,108136,-0.005896226415094352
2025-05-12,4230,4300,4225,4300,128698,0.02016607354685651
2025-05-13,4350,4350,4265,4290,78200,-0.0023255813953488857
2025-05-14,4315,4365,4305,4350,152031,0.013986013986013957
2025-05-15,4325,4375,4255,4270,206136,-0.01839080459770115
2025-05-16,4305,4310,4240,4275,111524,0.0011709601873535203
2025-05-19,4230,4270,4135,4160,171593,-0.026900584795321647
2025-05-20,4185,4235,4175,4225,115053,0.015625
2025-05-21,4230,4245,4205,4220,83254,-0.0011834319526626835
2025-05-22,4200,4280,4150,4195,81520,-0.005924170616113722
2025-05-23,4180,4330,4160,4290,250779,0.022646007151370773
2025-05-26,4350,4400,4305,4370,197901,0.018648018648018683
2025-05-27,4360,4375,4300,4330,151948,-0.009153318077803174
2025-05-28,4355,4355,4275,4295,146140,-0.008083140877598205
2025-05-29,4320,4335,4275,4285,120249,-0.002328288707799775
2025-05-30,4270,4290,4230,4250,111338,-0.008168028004667427
2025-06-02,4255,4295,4235,4285,120356,0.008235294117647118
2025-06-04,4285,4370,4285,4370,144494,0.019836639439906545
2025-06-05,4365,4410,4350,4385,165788,0.003432494279176135
2025-06-09,4430,4605,4420,4600,784488,0.04903078677309014
2025-06-10,4740,4850,4500,4685,1528405,0.018478260869565277
2025-06-11,4830,4830,4705,4805,539795,0.025613660618996725
2025-06-12,4735,4770,4690,4715,333385,-0.018730489073881418
2025-06-13,4820,4960,4720,4820,1326740,0.022269353128313796
2025-06-16,4690,4785,4560,4750,414292,-0.014522821576763434
2025-06-17,4715,4845,4610,4695,392813,-0.011578947368421022
2025-06-18,4720,4735,4630,4685,174063,-0.0021299254526091493
2025-06-19,4705,4835,4675,4795,409561,0.023479188900747072
2025-06-20,4820,4835,4725,4760,224342,-0.007299270072992692
2025-06-23,4985,4990,4810,4870,702832,0.02310924369747891
2025-06-24,4770,4860,4730,4830,319160,-0.008213552361396315
2025-06-25,4965,5080,4905,5050,751623,0.04554865424430643
2025-06-26,5180,5220,4855,4940,697022,-0.0217821782178218
2025-06-27,5230,5290,4925,4975,812065,0.007085020242914908
2025-06-30,5130,5200,4985,5130,633782,0.031155778894472297
2025-07-01,5040,5130,4960,5010,908296,-0.023391812865497075
2025-07-02,5030,5690,4995,5170,10499710,0.031936127744510934
2025-07-03,5260,5470,5120,5210,1558565,0.007736943907156624
2025-07-04,5150,5160,4945,4950,1043000,-0.0499040307101728
2025-07-07,4865,4985,4825,4870,508461,-0.016161616161616155
2025-07-08,4870,4945,4765,4925,421835,0.011293634496919891
2025-07-09,5730,6150,5270,5610,29284634,0.13908629441624365
2025-07-10,5500,5910,5330,5480,8729425,-0.02317290552584672
2025-07-11,5440,5470,5300,5320,1654432,-0.029197080291970767
2025-07-14,5290,5430,5220,5220,1344033,-0.018796992481203034
2025-07-15,5180,5420,5130,5330,1559746,0.021072796934865856
2025-07-16,5270,5400,5150,5210,973835,-0.022514071294559068
2025-07-17,5230,5270,5140,5200,557341,-0.0019193857965451588
2025-07-18,5200,5220,5050,5130,574853,-0.013461538461538414
2025-07-21,5150,5350,5140,5330,816528,0.03898635477582846
2025-07-22,5300,5380,5100,5200,854942,-0.024390243902439046
2025-07-23,5300,5440,5200,5360,1498792,0.03076923076923066
2025-07-24,5420,5450,5290,5350,1038987,-0.001865671641791078
2025-07-25,5330,5670,5170,5250,4529473,-0.01869158878504673
2025-07-28,5280,5450,5220,5260,904365,0.0019047619047618536
2025-07-29,5200,5290,5050,5180,776399,-0.01520912547528519
2025-07-30,5150,5230,5120,5140,420466,-0.007722007722007707
2025-07-31,4830,5020,4700,4905,1340539,-0.0457198443579766
2025-08-01,4905,4905,4705,4735,534827,-0.03465851172273193
2025-08-04,4735,4825,4695,4800,270561,0.01372756071805692
2025-08-05,4840,4950,4820,4935,384342,0.028124999999999956
2025-08-06,4910,4995,4880,4985,242680,0.010131712259371817
2025-08-07,4985,5000,4900,4930,232942,-0.011033099297893645
2025-08-08,4885,4970,4885,4910,200585,-0.0040567951318458695
2025-08-11,4910,5020,4875,4950,242943,0.008146639511201537
2025-08-12,4950,5040,4915,5030,279082,0.016161616161616266
2025-08-13,5030,5050,4915,4970,166092,-0.011928429423459286
2025-08-14,4930,4995,4920,4935,124878,-0.007042253521126751
2025-08-18,4950,4950,4815,4880,205174,-0.011144883485309065
2025-08-19,4880,4900,4760,4795,147108,-0.01741803278688525
2025-08-20,4775,4775,4610,4650,316591,-0.030239833159541152
2025-08-21,4650,4755,4640,4660,160522,0.0021505376344086446
2025-08-22,4665,4765,4660,4660,130263,0.0
2025-08-25,4670,4755,4660,4665,111142,0.0010729613733906351
2025-08-26,4665,4700,4605,4655,156808,-0.002143622722400873
2025-08-27,4660,4680,4590,4600,181099,-0.011815252416756183
2025-08-28,4600,4620,4540,4545,159387,-0.011956521739130421
2025-08-29,4545,4600,4480,4490,158206,-0.012101210121012063
2025-09-01,4440,4525,4425,4450,187396,-0.008908685968819552
2025-09-02,4450,4565,4420,4495,181234,0.010112359550561889
2025-09-03,4500,4585,4500,4525,94481,0.006674082313681939
2025-09-04,4525,4610,4525,4585,104802,0.013259668508287303
2025-09-05,4595,4630,4520,4605,123491,0.004362050163576825
2025-09-08,4615,4640,4595,4605,119553,0.0
2025-09-09,4605,4655,4590,4615,109825,0.0021715526601520097
2025-09-10,4635,4655,4605,4645,123219,0.00650054171180936
2025-09-11,4665,4725,4620,4620,126878,-0.005382131324004336
2025-09-12,4625,4705,4620,4695,271969,0.016233766233766156
2025-09-15,4695,4790,4685,4715,252316,0.004259850905218299
2025-09-16,4715,4755,4715,4740,243557,0.005302226935312904
2025-09-17,4730,4760,4650,4680,134821,-0.012658227848101222
2025-09-18,4745,4805,4695,4720,170664,0.008547008547008517
2025-09-19,4725,4760,4650,4655,157311,-0.013771186440677985
2025-09-22,4730,4730,4625,4635,168840,-0.004296455424274925
2025-09-23,4655,4695,4330,4570,204993,-0.014023732470334394
2025-09-24,4570,4590,4510,4530,120456,-0.008752735229759279
2025-09-25,4750,5120,4620,4780,3998657,0.05518763796909498
2025-09-26,4800,4895,4650,4685,778276,-0.01987447698744771
2025-09-29,4670,4680,4555,4605,334936,-0.01707577374599789
2025-09-30,4635,4950,4635,4780,1441461,0.03800217155266017
2025-10-01,4770,4770,4660,4680,417266,-0.02092050209205021
2025-10-02,4690,4815,4680,4740,418379,0.012820512820512775
2025-10-10,4925,5010,4865,4965,864223,0.04746835443037978
2025-10-13,4880,4960,4830,4930,395166,-0.007049345417925457
2025-10-14,4965,5170,4950,5060,1268742,0.026369168356997985
2025-10-15,5170,5180,4980,5050,488275,-0.0019762845849802257
2025-10-16,5000,5000,4910,4920,375424,-0.025742574257425765
2025-10-17,4915,4920,4785,4805,363542,-0.023373983739837345
2025-10-20,4820,4920,4785,4915,211703,0.02289281997918824
2025-10-21,4935,4935,4815,4845,316430,-0.014242115971515812
2025-10-22,4840,4915,4780,4895,224185,0.01031991744066052
2025-10-23,4870,5020,4840,4910,319263,0.003064351378958108
2025-10-24,5000,5000,4900,4950,256556,0.008146639511201537
2025-10-27,4985,5020,4950,5000,303443,0.010101010101010166
2025-10-28,4950,5040,4895,4910,273870,-0.018000000000000016
2025-10-29,4915,5010,4900,4965,312635,0.011201629327902252
2025-10-30,5150,5190,4975,5040,1210119,0.015105740181268867
2025-10-31,5070,5110,4930,4945,643395,-0.018849206349206393
2025-11-03,5010,5320,5010,5290,1712578,0.06976744186046502
2025-11-04,5260,5270,5020,5030,833863,-0.04914933837429114
2025-11-05,4960,4960,4655,4835,718587,-0.03876739562624254
2025-11-06,4865,5100,4865,5080,570541,0.050672182006204824
2025-11-07,4960,5020,4760,4840,550793,-0.047244094488189003
2025-11-10,4865,5070,4835,5050,343830,0.04338842975206614
2025-11-11,5060,5120,4950,4995,280758,-0.0108910891089109
2025-11-12,5060,5120,4995,5030,296053,0.00700700700700696
2025-11-13,5030,5100,4995,5050,205836,0.003976143141153132
2025-11-14,4940,4980,4880,4880,292289,-0.03366336633663369
2025-11-17,4885,4935,4750,4845,138315,-0.0071721311475410054
2025-11-18,4795,4820,4635,4635,328928,-0.04334365325077394
2025-11-19,4640,4750,4550,4675,155608,0.008629989212513456
2025-11-20,4715,4845,4690,4790,136321,0.024598930481283476
2025-11-21,4640,4730,4595,4625,243198,-0.034446764091857984
2025-11-24,4655,4665,4540,4550,157441,-0.01621621621621616
2025-11-25,4560,4650,4500,4530,165026,-0.00439560439560438
2025-11-26,4530,4670,4530,4655,145480,0.02759381898454749
2025-11-27,4695,4795,4655,4720,227166,0.013963480128893702
2025-11-28,4785,4850,4670,4820,194986,0.021186440677966045
2025-12-01,4875,5080,4875,4965,436977,0.030082987551867113
2025-12-02,5050,5180,4980,5120,742868,0.03121852970795569
2025-12-03,5120,5140,4960,5080,336015,-0.0078125
