Date,Open,High,Low,Close,Volume,Change
2022-01-03,21611,21994,21611,21899,36365,0.01327965944845455
2022-01-04,21946,22233,21707,22138,37654,0.010913740353440726
2022-01-05,22137,22472,21898,22281,48863,0.00645948143463726
2022-01-06,21755,22663,21755,21899,52277,-0.01714465239441676
2022-01-07,21994,23476,21850,22807,126468,0.04146308050595926
2022-01-10,22902,23237,22328,22903,53437,0.0042092340071031575
2022-01-11,22854,23428,22520,23094,66397,0.008339518840326576
2022-01-12,22806,23046,22089,22233,78912,-0.03728241101584828
2022-01-13,22233,22328,21898,21946,23539,-0.01290873926145819
2022-01-14,21898,22281,21659,21899,32238,-0.0021416203408366474
2022-01-17,21802,21802,21133,21133,40169,-0.034978766153705654
2022-01-18,21133,21516,20750,20847,38832,-0.013533336487957182
2022-01-19,20607,21085,20129,20368,36062,-0.022976927135798908
2022-01-20,20559,20990,20368,20894,19089,0.02582482325216029
2022-01-21,20894,20990,19794,19986,84744,-0.043457451900067
2022-01-24,19938,19938,19173,19651,47794,-0.016761733213249252
2022-01-25,19603,19651,18360,18695,68770,-0.04864892371889473
2022-01-26,18503,18934,18264,18313,47943,-0.02043327092805558
2022-01-27,18312,18312,16734,17261,165453,-0.05744553049746082
2022-01-28,17643,18312,17212,18169,60759,0.05260413649267126
2022-02-03,18695,19173,18408,18599,37684,0.02366668501293412
2022-02-04,18503,19077,18360,19078,24976,0.025754072799612837
2022-02-07,19077,19220,18455,18743,29632,-0.01755949260928824
2022-02-08,18742,18934,18216,18408,24770,-0.017873339380035214
2022-02-09,18503,19651,18503,19173,41806,0.04155801825293359
2022-02-10,19173,19890,19125,19699,29796,0.027434412976581557
2022-02-11,19412,19507,18695,18982,39081,-0.036397786689679634
2022-02-14,18647,19173,18216,18838,48055,-0.007586134232430708
2022-02-15,18599,18742,17882,17978,44184,-0.045652404713876216
2022-02-16,18312,18647,18264,18504,18974,0.029257981977973024
2022-02-17,18503,18981,18216,18743,38394,0.012916126242974446
2022-02-18,18408,19794,18408,19317,54648,0.030624766579522955
2022-02-21,18742,19507,18742,19317,26037,0.0
2022-02-22,19173,19651,18886,18886,22860,-0.022311953201842982
2022-02-23,19125,19555,18934,19556,32978,0.035476013978608556
2022-02-24,19412,19699,19029,19125,28943,-0.022039271834730978
2022-02-25,19220,19555,19125,19221,45731,0.005019607843137264
2022-02-28,19220,19746,19029,19508,21019,0.01493158524530469
2022-03-02,19507,20559,19268,19890,68208,0.019581710067664515
2022-03-03,19938,20607,19938,20273,72873,0.01925590749120154
2022-03-04,20272,20846,20225,20560,79438,0.014156760222956644
2022-03-07,20559,20703,20225,20321,42425,-0.011624513618677002
2022-03-08,19938,20081,19699,19699,42266,-0.030608729885340247
2022-03-10,20081,20607,20081,20273,45553,0.029138534951012707
2022-03-11,20559,22089,20464,21707,141037,0.07073447442411096
2022-03-14,21946,22233,21563,21851,93107,0.006633804763440443
2022-03-15,21611,21898,21037,21181,47287,-0.030662212255731958
2022-03-16,21324,22759,20894,22568,112616,0.06548321608989194
2022-03-17,22567,22567,21707,22233,121671,-0.014844026940801114
2022-03-18,22185,22233,21707,22042,41915,-0.008590833445778823
2022-03-21,22328,22424,21372,21516,55868,-0.02386353325469559
2022-03-22,21324,21994,21229,21803,59608,0.01333891057817449
2022-03-23,21802,22137,21563,21994,51645,0.008760262349218007
2022-03-24,21898,21946,21372,21707,42436,-0.013049013367282036
2022-03-25,21898,21946,21420,21468,21915,-0.011010273183765573
2022-03-28,21659,21659,21229,21420,39783,-0.0022358859698154987
2022-03-29,21468,21563,21085,21277,23737,-0.0066760037348272405
2022-03-30,21229,21372,21037,21133,37687,-0.006767871410443216
2022-03-31,21133,21372,20750,21086,47103,-0.002224009842426544
2022-04-01,20990,21229,20798,21181,26876,0.0045053590059755955
2022-04-04,21133,21516,21133,21468,26337,0.013549879609083604
2022-04-05,21468,21563,21229,21229,18314,-0.011132848891373226
2022-04-06,21420,21420,20894,21038,21024,-0.008997126572141911
2022-04-07,20894,20894,20272,20655,39539,-0.018205152581043826
2022-04-08,20607,21229,20272,21181,38670,0.025465988864681766
2022-04-11,21085,21085,20511,20655,52233,-0.024833577262641016
2022-04-12,20320,20416,19507,19795,81394,-0.04163640764947951
2022-04-13,19794,20272,19794,20273,17862,0.024147511997979265
2022-04-14,20225,20416,20129,20273,11578,0.0
2022-04-15,20272,20272,19794,19795,20664,-0.02357815814137032
2022-04-18,19746,19985,19460,19460,25425,-0.016923465521596404
2022-04-19,19651,19651,19316,19508,41644,0.0024665981500513467
2022-04-20,19603,19603,19268,19364,23584,-0.007381587041213833
2022-04-21,19412,19555,19268,19412,18425,0.002478826688700586
2022-04-22,19364,19746,19316,19412,21336,0.0
2022-04-25,19077,19220,18886,18934,27714,-0.02462394395219447
2022-04-26,19029,19125,18838,19030,15013,0.00507024400549283
2022-04-27,18599,19077,18551,18886,23477,-0.007566999474513891
2022-04-28,18886,19699,18838,19412,46735,0.027851318436937333
2022-04-29,19268,20272,19268,20225,46683,0.04188131052956945
2022-05-02,20177,20177,19842,20034,15169,-0.009443757725587143
2022-05-03,20033,20225,19746,19890,12613,-0.007187780772686447
2022-05-04,19890,20750,19890,20273,49856,0.01925590749120154
2022-05-06,20225,20703,19938,20225,22201,-0.0023676811522714836
2022-05-09,20416,20416,19029,19030,33489,-0.05908529048207667
2022-05-10,18503,19268,18264,19030,23471,0.0
2022-05-11,18790,19268,18742,19125,14521,0.00499211770888075
2022-05-12,19029,19029,18455,18599,18881,-0.02750326797385616
2022-05-13,18695,19029,18503,18934,15477,0.018011721060272157
2022-05-16,19125,19125,18742,18886,11897,-0.002535122002746415
2022-05-17,18886,19268,18886,19030,10691,0.0076246955416710005
2022-05-18,19268,19268,18647,18743,29383,-0.015081450341565938
2022-05-19,18264,18551,18264,18360,13344,-0.02043429547030895
2022-05-20,18408,18695,18360,18695,12259,0.018246187363834432
2022-05-23,18695,18742,18264,18265,17695,-0.023000802353570493
2022-05-24,18360,18503,18169,18169,11110,-0.005255954010402464
2022-05-25,18455,18647,18169,18313,12147,0.00792558753921524
2022-05-26,18455,18695,18169,18169,12106,-0.00786326653197178
2022-05-27,18455,18455,18169,18265,8657,0.005283725026143493
2022-05-30,18312,18742,18312,18695,14182,0.023542294004927466
2022-05-31,18838,19412,18742,18838,25613,0.007649104038512933
2022-06-02,18838,19125,18742,19030,10455,0.010192164773330514
2022-06-03,19173,19173,18981,19078,20967,0.002522333158171408
2022-06-07,19125,19173,18408,18647,19273,-0.02259146661075584
2022-06-08,18360,18838,18360,18647,19201,0.0
2022-06-09,18647,18647,18312,18360,16613,-0.015391215745160114
2022-06-10,18216,18647,18216,18360,17216,0.0
2022-06-13,18169,18169,17451,17643,29533,-0.03905228758169932
2022-06-14,16925,17499,16830,17356,35023,-0.016267074760528244
2022-06-15,17021,17499,16495,16830,35410,-0.030306522240147515
2022-06-16,16878,17308,16543,16639,24735,-0.011348781937017272
2022-06-17,16065,16352,15874,16161,36262,-0.028727687962016968
2022-06-20,16160,16208,14583,14679,72675,-0.09170224614813438
2022-06-21,14678,15300,14583,14966,31686,0.01955174058178355
2022-06-22,15156,15156,13913,14201,40708,-0.05111586262194312
2022-06-23,14152,14248,13387,13436,53582,-0.05386944581367514
2022-06-24,13435,14965,13339,14679,52592,0.09251265257517116
2022-06-27,14917,15874,14822,15539,48339,0.058587097213706585
2022-06-28,15539,15969,15348,15970,16968,0.02773666259090035
2022-06-29,15491,15778,15109,15205,41453,-0.04790231684408264
2022-06-30,15252,15682,15204,15205,28963,0.0
2022-07-01,15013,15587,14774,15109,25806,-0.006313712594541276
2022-07-04,15109,15491,14200,14583,47315,-0.03481368720630085
2022-07-05,14487,15013,14487,14966,13415,0.026263457450456107
2022-07-06,14965,15061,14630,14679,8022,-0.01917680074836292
2022-07-07,14822,14869,14487,14870,14449,0.013011785543974419
2022-07-08,14965,15395,14965,15109,18054,0.016072629455279097
2022-07-11,15109,15300,14965,15109,12065,0.0
2022-07-12,15109,15252,14439,14679,16897,-0.02845985836256537
2022-07-13,14630,14774,14439,14679,9830,0.0
2022-07-14,14726,14822,14487,14727,4394,0.0032699775189044544
2022-07-15,14869,14869,14248,14248,19825,-0.032525293678277944
2022-07-18,14344,14965,14344,14966,14794,0.05039303761931491
2022-07-19,14774,15252,14726,15252,16742,0.01910998262728847
2022-07-20,15778,17308,15252,17308,76059,0.1348019931812221
2022-07-21,21563,21898,17738,18552,1937294,0.07187427779061695
2022-07-22,18408,18503,17308,17356,394568,-0.06446744286330319
2022-07-25,17212,17404,16973,17356,104544,0.0
2022-07-26,17117,17260,16830,16926,97707,-0.02477529384650845
2022-07-27,16782,17356,16639,17213,49679,0.016956162117452545
2022-07-28,17021,17643,17021,17547,59192,0.019403938883401972
2022-07-29,17690,18886,17308,18743,204626,0.06815979939590822
2022-08-01,18695,18695,17977,18121,83561,-0.03318572266979669
2022-08-02,18121,18264,17930,17978,32625,-0.007891396722035204
2022-08-03,17834,18169,17786,17882,58408,-0.005339859828679461
2022-08-04,18025,18025,17499,17547,55970,-0.018733922380047008
2022-08-05,17643,17786,17260,17691,64375,0.008206531030945374
2022-08-08,17690,17786,17404,17739,32158,0.0027132440223842647
2022-08-09,17595,18216,17595,17739,77114,0.0
2022-08-10,17643,17834,17547,17691,32566,-0.0027059022492812446
2022-08-11,17834,17930,17690,17834,43418,0.008083206150019784
2022-08-12,17834,18312,17786,18073,44357,0.013401368173152406
2022-08-16,18169,18264,17834,17978,42875,-0.0052564599125767275
2022-08-17,18073,18121,17451,17500,37662,-0.02658805206363335
2022-08-18,17499,17643,17260,17547,28307,0.0026857142857141802
2022-08-19,17690,17882,17451,17739,32468,0.01094204137459398
2022-08-22,17786,17786,17308,17404,41160,-0.018884942781442038
2022-08-23,17164,17356,16925,17022,50126,-0.021948977246609935
2022-08-24,16925,17117,16830,17022,46366,0.0
2022-08-25,17404,17643,17021,17500,28223,0.02808130654447183
2022-08-26,17595,17882,17499,17547,26740,0.0026857142857141802
2022-08-29,17117,17451,17069,17165,45405,-0.021770103151535825
2022-08-30,17212,17451,17117,17308,17783,0.008330905913195519
2022-08-31,17117,17595,17021,17547,40184,0.013808643401895138
2022-09-01,17499,17690,17069,17165,55163,-0.021770103151535825
2022-09-02,17164,17260,17021,17261,21496,0.005592775997669719
2022-09-05,16878,17451,16878,17404,32536,0.008284572156885384
2022-09-06,17499,20225,17404,18073,1487826,0.0384394392093772
2022-09-07,17882,17930,17164,17213,230279,-0.04758479499806345
2022-09-08,17308,17404,17069,17165,111192,-0.002788590019171533
2022-09-13,17260,17499,17117,17213,60113,0.0027963879988348594
2022-09-14,16830,17069,16830,16974,49935,-0.013884854470458396
2022-09-15,16973,17356,16925,17213,50795,0.014080358194886289
2022-09-16,17212,17308,16878,17117,48504,-0.005577180038343066
2022-09-19,17117,17164,16686,16735,49496,-0.022316994800490764
2022-09-20,16830,17117,16830,17069,14294,0.019958171496862853
2022-09-21,16878,17164,16830,17022,15977,-0.002753529790848863
2022-09-22,16878,16878,16447,16687,31140,-0.019680413582422784
2022-09-23,16543,16686,15826,16017,46802,-0.040151015760771847
2022-09-26,15730,15826,14917,14966,84454,-0.06561778110757321
2022-09-27,14726,15156,14439,14918,41279,-0.0032072698115729326
2022-09-28,14678,14965,14057,14296,92992,-0.04169459713098267
2022-09-29,14391,14630,13961,14248,37676,-0.003357582540570836
2022-09-30,13818,14391,13722,14392,32667,0.010106681639528325
2022-10-04,14439,15013,14152,14392,30165,0.0
2022-10-05,14439,14583,13674,13866,56119,-0.03654808226792661
2022-10-06,13913,14248,13913,14009,14680,0.010312995817106652
2022-10-07,13913,14200,13913,14057,14801,0.0034263687629381145
2022-10-11,13961,14152,13053,13196,38573,-0.061250622465675475
2022-10-12,13005,13435,12957,13196,66962,0.0
2022-10-13,13053,13339,12431,12431,96311,-0.05797211276144287
2022-10-14,12622,13292,12622,13292,42468,0.06926232805084065
2022-10-17,12813,13387,12813,13292,29499,0.0
2022-10-18,13578,13722,13148,13436,41341,0.0108335841107432
2022-10-19,13483,13770,13292,13292,24595,-0.010717475439118829
2022-10-20,13196,14200,12909,14009,150136,0.05394222088474265
2022-10-21,14200,14200,13387,13770,59593,-0.017060461132129334
2022-10-24,13865,14391,13626,13722,92705,-0.0034858387799564516
2022-10-25,13961,14678,12957,13149,110087,-0.04175776125929165
2022-10-26,13148,13196,12479,12575,44150,-0.04365350977260629
2022-10-27,12574,12957,12527,12957,15642,0.03037773359840945
2022-10-28,12909,12957,12527,12575,29755,-0.02948213320984794
2022-10-31,12622,12813,12479,12814,19948,0.01900596421471179
2022-11-01,12670,13148,12670,13053,15465,0.018651474949274327
2022-11-02,13100,13435,13005,13053,25945,0.0
2022-11-03,12909,16734,12766,16352,3610728,0.2527388339845247
2022-11-04,16925,19603,16160,17547,7431887,0.0730797455968688
2022-11-07,19268,21276,19125,20273,5943353,0.15535419159970365
2022-11-08,21276,22615,20129,20464,2860517,0.009421397918413676
2022-11-09,20129,21229,19316,20560,2415853,0.004691164972634887
2022-11-10,20655,22376,20129,21994,4165597,0.06974708171206223
2022-11-11,22233,25341,21755,22520,5675890,0.0239156133490952
2022-11-14,22185,22615,21755,22233,399988,-0.012744227353463589
2022-11-15,22615,22615,21085,21373,491562,-0.03868123959879455
2022-11-16,21707,22137,20703,22138,518320,0.035792822720254636
2022-11-17,21802,21802,18647,18743,1814835,-0.15335622007408078
2022-11-18,18981,19507,18121,18313,1115883,-0.02294189830870197
2022-11-21,19746,19842,18695,18743,1141249,0.02348058756074911
2022-11-22,18934,21611,18838,21612,4090942,0.1530704796457345
2022-11-23,21181,22137,20750,21707,1399874,0.004395706089209694
2022-11-24,21707,23285,20894,21899,2169424,0.00884507301792059
2022-11-25,24767,28448,24719,27445,9629875,0.2532535732225216
2022-11-28,27349,28018,26297,27636,2283984,0.006959373292038551
2022-11-29,26632,27875,25532,27062,2980243,-0.020770010131712313
2022-11-30,26775,29405,26249,26871,5752692,-0.007057867119946826
2022-12-01,26966,27349,26392,26871,1520781,0.0
2022-12-02,26345,26440,24719,24863,1315310,-0.07472740128763355
2022-12-05,24671,25197,24097,24289,644960,-0.02308651409725293
2022-12-06,24193,24480,23428,23524,555569,-0.03149573881180778
2022-12-07,23332,23858,22854,22950,450144,-0.024400612140792366
2022-12-08,22950,23285,22328,22472,433086,-0.020827886710239607
2022-12-09,22472,22759,21898,22568,410046,0.004271982912068317
2022-12-12,22376,22424,21085,21420,495243,-0.0508684863523573
2022-12-13,21516,21611,20942,21038,307299,-0.01783380018674141
2022-12-14,20942,22137,20511,21994,690862,0.04544158189942005
2022-12-15,21420,21468,19507,19603,879313,-0.10871146676366283
2022-12-16,19220,19746,19125,19412,300256,-0.009743406621435469
2022-12-19,19220,19890,19173,19508,219766,0.004945394601277631
2022-12-20,19507,20081,19077,19364,294359,-0.007381587041213833
2022-12-21,19555,20320,19507,19795,439047,0.022257797975624882
2022-12-22,19746,21037,18551,18599,1457769,-0.06041929780247535
2022-12-23,18408,19029,18073,18599,404363,0.0
2022-12-26,18408,18886,18360,18456,322327,-0.007688585407817583
2022-12-27,18455,18599,17643,17930,607778,-0.028500216731686123
2022-12-28,0,0,0,17930,0,0.0
2022-12-29,0,0,0,17930,0,0.0
2023-01-02,0,0,0,17930,0,0.0
2023-01-03,0,0,0,17930,0,0.0
2023-01-04,0,0,0,17930,0,0.0
2023-01-05,0,0,0,17930,0,0.0
2023-01-06,0,0,0,17930,0,0.0
2023-01-09,0,0,0,17930,0,0.0
2023-01-10,0,0,0,17930,0,0.0
2023-01-11,0,0,0,17930,0,0.0
2023-01-12,0,0,0,17930,0,0.0
2023-01-13,0,0,0,17930,0,0.0
2023-01-16,0,0,0,17930,0,0.0
2023-01-17,0,0,0,17930,0,0.0
2023-01-18,0,0,0,17930,0,0.0
2023-01-19,0,0,0,17930,0,0.0
2023-01-20,0,0,0,17930,0,0.0
2023-01-25,0,0,0,17930,0,0.0
2023-01-26,0,0,0,17930,0,0.0
2023-01-27,0,0,0,17930,0,0.0
2023-01-30,0,0,0,17930,0,0.0
2023-01-31,17930,17930,15900,16960,1576037,-0.054099274958170684
2023-02-01,18300,19980,17430,17430,2813808,0.0277122641509433
2023-02-02,18000,18000,17200,17680,438949,0.014343086632243152
2023-02-03,17670,18430,17300,17770,684997,0.005090497737556543
2023-02-06,17800,18850,17400,18230,1489823,0.0258863252673045
2023-02-07,18120,18850,17850,17950,500119,-0.015359297860669252
2023-02-08,17950,18050,17670,17670,224183,-0.01559888579387192
2023-02-09,17740,18100,17370,17380,146362,-0.016411997736276218
2023-02-10,17200,17350,16700,16710,177524,-0.03855005753739926
2023-02-13,16500,16870,16490,16530,108137,-0.010771992818671472
2023-02-14,16530,16760,16320,16420,145584,-0.006654567453115545
2023-02-15,16300,16500,16120,16140,120058,-0.01705237515225333
2023-02-16,16080,16470,16080,16330,99176,0.011771995043370564
2023-02-17,16330,16800,16170,16710,174832,0.0232700551132885
2023-02-20,16560,16730,16330,16350,95713,-0.021543985637342944
2023-02-21,16310,17350,16310,16880,258762,0.03241590214067269
2023-02-22,16800,16800,16420,16460,104977,-0.024881516587677677
2023-02-23,16640,17090,16530,16710,153181,0.015188335358444771
2023-02-24,16930,16980,16430,16450,121253,-0.015559545182525447
2023-02-27,16620,16800,16190,16190,103840,-0.015805471124620052
2023-02-28,16190,16940,16190,16510,171465,0.019765287214329907
2023-03-02,16400,16710,16400,16510,69149,0.0
2023-03-03,16560,16700,16310,16440,81910,-0.004239854633555473
2023-03-06,16440,16480,16190,16220,79103,-0.01338199513381999
2023-03-07,16220,16450,16110,16200,68429,-0.0012330456226880004
2023-03-08,15930,16180,15660,15690,116230,-0.031481481481481444
2023-03-09,15830,15880,15490,15490,84821,-0.01274697259400892
2023-03-10,15250,15500,14990,14990,90521,-0.032278889606197514
2023-03-13,14660,14990,14400,14600,105975,-0.026017344896597683
2023-03-14,14350,14650,14090,14110,121391,-0.03356164383561644
2023-03-15,14120,14900,14120,14680,94092,0.04039688164422395
2023-03-16,14250,14510,14150,14180,69024,-0.0340599455040872
2023-03-17,14280,14700,14110,14620,63000,0.031029619181946355
2023-03-20,14310,14900,14310,14570,67017,-0.0034199726402188713
2023-03-21,14480,14890,14480,14770,45332,0.013726835964310125
2023-03-22,15300,15300,14550,14560,50691,-0.014218009478673022
2023-03-23,14450,14510,14140,14140,87740,-0.028846153846153855
2023-03-24,14150,14570,14150,14400,67560,0.018387553041018467
2023-03-27,14400,14600,14060,14250,57221,-0.01041666666666663
2023-03-28,14180,14450,14090,14140,58118,-0.007719298245614015
2023-03-29,14100,14400,14080,14300,59754,0.011315417256011262
2023-03-30,14270,14270,13470,14140,240444,-0.01118881118881121
2023-03-31,14140,14450,14060,14240,85354,0.007072135785006983
2023-04-03,14250,14710,13950,14510,127012,0.018960674157303403
2023-04-04,14430,14960,14420,14960,119140,0.031013094417642995
2023-04-05,15000,16840,14850,15680,890928,0.048128342245989275
2023-04-06,15830,16480,15390,15560,420023,-0.007653061224489832
2023-04-07,15560,15730,15220,15280,110054,-0.01799485861182515
2023-04-10,15250,15250,14540,14760,108897,-0.03403141361256545
2023-04-11,14620,14940,14540,14900,66662,0.009485094850948617
2023-04-12,14820,15670,14810,15610,162692,0.047651006711409316
2023-04-13,15740,15740,15260,15380,70550,-0.014734144778987823
2023-04-14,15390,16300,15340,15990,226038,0.03966189856957092
2023-04-17,16060,16240,15770,16000,103220,0.0006253908692932519
2023-04-18,16200,16200,15620,15770,113708,-0.014375000000000027
2023-04-19,15770,15910,15430,15550,78425,-0.013950538998097617
2023-04-20,15450,15700,14970,14970,82405,-0.03729903536977497
2023-04-21,14950,15240,14400,14910,107335,-0.004008016032064132
2023-04-24,14930,15210,14500,14550,84875,-0.024144869215291798
2023-04-25,14550,14870,14290,14350,75755,-0.013745704467353903
2023-04-26,14160,14510,13940,14160,61939,-0.013240418118466879
2023-04-27,14150,14230,13860,14160,48810,0.0
2023-04-28,14370,14370,13910,14000,60307,-0.011299435028248594
2023-05-02,14000,14700,13800,14620,62087,0.04428571428571426
2023-05-03,14620,14860,14400,14620,100158,0.0
2023-05-04,14540,16200,14460,14670,804781,0.0034199726402188713
2023-05-08,14710,15040,14660,14680,112766,0.0006816632583503957
2023-05-09,14650,14760,14330,14360,64455,-0.021798365122615793
2023-05-10,14360,14380,14100,14130,50374,-0.016016713091921986
2023-05-11,14150,14340,14110,14200,42563,0.004953998584571906
2023-05-12,14010,14100,13830,14000,66813,-0.014084507042253502
2023-05-15,14000,14150,13810,13830,48879,-0.012142857142857122
2023-05-16,13840,13980,13710,13710,31238,-0.008676789587852451
2023-05-17,13600,14270,13600,14080,52919,0.02698760029175795
2023-05-18,14080,14200,13920,14030,30762,-0.0035511363636363535
2023-05-19,14230,14690,14160,14390,84339,0.02565930149679252
2023-05-22,14300,15050,14280,14730,131907,0.023627519110493322
2023-05-23,14780,14900,14480,14640,48918,-0.006109979633401208
2023-05-24,14540,15180,14460,14700,119499,0.004098360655737654
2023-05-25,14710,14980,14200,14340,66864,-0.024489795918367308
2023-05-26,14400,14780,14210,14240,91003,-0.006973500697350032
2023-05-30,14240,14300,14100,14200,47027,-0.002808988764044895
2023-05-31,14210,14240,14050,14070,27842,-0.009154929577464777
2023-06-01,14010,14100,13960,14010,25660,-0.004264392324093813
2023-06-02,14190,14270,13970,14060,23434,0.0035688793718773315
2023-06-05,14030,14370,14030,14280,37823,0.01564722617354186
2023-06-07,14280,14490,14220,14410,27667,0.0091036414565826
2023-06-08,14390,14460,14240,14390,19923,-0.001387925052047212
2023-06-09,14500,14780,14340,14340,37587,-0.0034746351633078154
2023-06-12,14340,14860,14340,14410,71461,0.004881450488145145
2023-06-13,14440,14730,14170,14460,31860,0.00346981263011803
2023-06-14,14390,14600,14190,14200,33598,-0.017980636237897696
2023-06-15,14220,14380,13890,14000,51353,-0.014084507042253502
2023-06-16,13950,14170,13940,14030,42592,0.002142857142857224
2023-06-19,14170,14740,14090,14620,127566,0.04205274411974336
2023-06-20,14990,15500,14530,14560,388638,-0.004103967168262668
2023-06-21,14590,14870,14270,14420,116862,-0.009615384615384581
2023-06-22,14550,15050,14310,14660,100885,0.01664355062413314
2023-06-23,14830,14930,14150,14160,101190,-0.034106412005457054
2023-06-26,14170,14630,14090,14230,48477,0.004943502824858781
2023-06-27,14500,14500,14020,14090,45485,-0.00983836964160223
2023-06-28,14260,14260,14030,14040,38198,-0.0035486160397445454
2023-06-29,14030,14240,13670,13680,64737,-0.02564102564102566
2023-06-30,13680,14050,13520,13710,40523,0.002192982456140413
2023-07-03,13800,14270,13800,14180,61668,0.03428154631655733
2023-07-04,14200,14250,13880,13940,51050,-0.016925246826516194
2023-07-05,13890,14070,13830,13840,32094,-0.00717360114777621
2023-07-06,13840,13850,13490,13840,72109,0.0
2023-07-07,14000,14560,13670,13700,134476,-0.010115606936416222
2023-07-10,13700,14050,13640,13760,43215,0.004379562043795637
2023-07-11,13630,14200,13590,13710,97591,-0.003633720930232509
2023-07-12,13710,13820,13600,13650,35662,-0.004376367614879695
2023-07-13,13650,13800,13620,13720,35173,0.00512820512820511
2023-07-14,13700,13710,13500,13500,42777,-0.01603498542274051
2023-07-17,14100,14110,13750,13830,128036,0.02444444444444449
2023-07-18,13830,13830,13500,13500,57223,-0.02386117136659438
2023-07-19,13520,13550,13260,13290,47868,-0.015555555555555545
2023-07-20,13250,13520,13150,13370,46389,0.0060195635816402415
2023-07-21,13330,13470,13310,13350,19142,-0.0014958863126401933
2023-07-24,13350,13850,12500,12870,187236,-0.035955056179775235
2023-07-25,12720,13340,12580,12660,96340,-0.01631701631701632
2023-07-26,12550,12950,11980,12060,111779,-0.04739336492891
2023-07-27,11830,12280,11830,12030,49840,-0.0024875621890547706
2023-07-28,11830,12150,11830,12050,53061,0.0016625103906899863
2023-07-31,12070,12700,12070,12650,69115,0.049792531120331995
2023-08-01,12600,12730,12470,12500,47293,-0.011857707509881465
2023-08-02,12400,12670,12350,12360,33358,-0.011199999999999988
2023-08-03,12240,12360,12040,12200,33586,-0.012944983818770184
2023-08-04,12130,12360,12080,12250,48331,0.004098360655737654
2023-08-07,12250,12250,12010,12150,35010,-0.008163265306122436
2023-08-08,12030,12270,11990,12030,41910,-0.00987654320987652
2023-08-09,11910,12110,11910,12040,18884,0.0008312551953448821
2023-08-10,12000,12340,11910,12220,60076,0.014950166112956742
2023-08-11,12420,12450,12100,12230,36561,0.0008183306055646877
2023-08-14,12110,12160,11870,11910,55831,-0.026165167620605057
2023-08-16,11910,11910,11480,11480,69611,-0.03610411418975645
2023-08-17,11460,11470,11160,11300,54909,-0.015679442508710784
2023-08-18,11040,11240,11040,11100,39268,-0.017699115044247815
2023-08-21,11000,11330,11000,11260,16135,0.01441441441441449
2023-08-22,11260,11300,11140,11270,18303,0.000888099467140302
2023-08-23,11150,11350,11110,11250,29175,-0.0017746228926353025
2023-08-24,11170,11240,11110,11180,19625,-0.00622222222222224
2023-08-25,11100,11160,11060,11090,17453,-0.00805008944543828
2023-08-28,11080,11430,11080,11310,46350,0.019837691614066788
2023-08-29,11230,11730,11230,11490,86285,0.01591511936339529
2023-08-30,11600,11650,11400,11480,17724,-0.0008703220191470518
2023-08-31,11600,11640,11370,11380,16478,-0.008710801393728262
2023-09-01,11290,13220,11290,12560,1554951,0.1036906854130053
2023-09-04,12730,13260,12370,12790,622053,0.018312101910828105
2023-09-05,12620,12770,12320,12630,112677,-0.012509773260359625
2023-09-06,12700,13030,12560,12600,141377,-0.002375296912114022
2023-09-07,12580,12650,12110,12130,72680,-0.03730158730158728
2023-09-08,12060,12380,12050,12200,41005,0.00577081615828523
2023-09-11,12380,12760,12350,12370,73915,0.013934426229508245
2023-09-12,12370,12450,12100,12100,37738,-0.021827000808407382
2023-09-13,12030,12600,12010,12430,70497,0.027272727272727337
2023-09-14,12240,12640,12240,12350,56474,-0.006436041834271933
2023-09-15,12350,13000,12350,12960,133699,0.04939271255060729
2023-09-18,13200,13200,12700,12700,102707,-0.020061728395061706
2023-09-19,12710,13550,12550,13250,515782,0.04330708661417315
2023-09-20,13210,13300,12860,13030,101129,-0.016603773584905612
2023-09-21,12810,13000,12310,12310,84787,-0.05525709900230236
2023-09-22,12120,12570,12080,12410,59112,0.008123476848090894
2023-09-25,12200,12360,11790,11790,67617,-0.04995970991136178
2023-09-26,11790,11860,11520,11540,34266,-0.02120441051738764
2023-09-27,11320,11660,11320,11530,27291,-0.0008665511265164572
2023-10-04,11800,12200,11500,11510,112272,-0.0017346053772766545
2023-10-05,11530,11960,11510,11790,41397,0.024326672458731435
2023-10-06,11650,11930,11650,11900,18743,0.00932994062765058
2023-10-10,11790,11990,11270,11270,79681,-0.05294117647058827
2023-10-11,11480,11670,11320,11600,40074,0.02928127772848277
2023-10-12,11600,11740,11580,11700,18447,0.008620689655172376
2023-10-13,11690,11690,11360,11480,22554,-0.018803418803418848
2023-10-16,11370,11470,11130,11220,55609,-0.022648083623693416
2023-10-17,11220,11550,11220,11500,34893,0.024955436720142554
2023-10-18,11400,11580,11030,11030,68322,-0.04086956521739127
2023-10-19,10920,11200,10510,11200,166234,0.015412511332729029
2023-10-20,12600,12870,11460,11530,615129,0.02946428571428572
2023-10-23,11900,14980,11350,14980,6842458,0.29921942758022557
2023-10-24,14590,17770,14070,16740,13380129,0.11748998664886523
2023-10-25,16830,17060,15190,15260,1235761,-0.08841099163679811
2023-10-26,15000,15250,13650,13960,958985,-0.08519003931847968
2023-10-27,13780,13870,13170,13370,473320,-0.04226361031518622
2023-10-30,13150,13200,12540,13090,410949,-0.020942408376963373
2023-10-31,12920,13050,12490,12710,285664,-0.029029793735676046
2023-11-01,12600,13060,12550,13000,244867,0.02281667977970092
2023-11-02,13090,13170,12850,13030,186056,0.002307692307692344
2023-11-03,13120,13280,12790,13090,224907,0.004604758250191798
2023-11-06,13150,13620,12810,13620,319860,0.04048892284186412
2023-11-07,13570,13680,13100,13560,258422,-0.004405286343612369
2023-11-08,13640,13640,13050,13050,181890,-0.03761061946902655
2023-11-09,12910,13050,12570,12740,117964,-0.023754789272030674
2023-11-10,12520,12560,11980,12130,162624,-0.04788069073783363
2023-11-13,12080,12170,11370,11710,169473,-0.03462489694971149
2023-11-14,11770,12020,11720,11950,72924,0.020495303159692613
2023-11-15,12060,12280,12020,12230,81758,0.023430962343096162
2023-11-16,12390,12390,12040,12180,51837,-0.00408830744071953
2023-11-17,12190,12190,11740,11740,92044,-0.03612479474548436
2023-11-20,11710,12250,11710,12240,87422,0.042589437819420706
2023-11-21,12070,12290,12070,12190,69532,-0.004084967320261423
2023-11-22,12170,12440,11860,12380,129097,0.015586546349466879
2023-11-23,12490,12760,12170,12170,122067,-0.01696284329563813
2023-11-24,12200,12370,12200,12270,34670,0.008216926869350827
2023-11-27,12260,12550,12200,12490,97753,0.01792991035044822
2023-11-28,12480,12530,11740,12390,92916,-0.008006405124099225
2023-11-29,12750,12750,11930,11950,222952,-0.03551251008878131
2023-11-30,11930,12000,11800,11860,129935,-0.007531380753138084
2023-12-01,12560,15400,12400,14480,7418967,0.220910623946037
2023-12-04,14030,14310,13040,13270,933836,-0.08356353591160226
2023-12-05,13040,13230,12590,12750,427751,-0.03918613413715144
2023-12-06,12750,12950,12550,12830,252498,0.006274509803921635
2023-12-07,12790,13200,12610,12750,295803,-0.00623538581449723
2023-12-08,12800,12960,12580,12750,143788,0.0
2023-12-11,12650,13090,12620,12720,173787,-0.0023529411764705577
2023-12-12,12720,12840,12190,12330,224064,-0.030660377358490587
2023-12-13,12300,12340,11990,12110,144652,-0.017842660178426617
2023-12-14,12150,12390,12030,12260,101215,0.012386457473162693
2023-12-15,12340,12480,12160,12320,99916,0.004893964110929794
2023-12-18,12280,12280,12080,12100,90497,-0.017857142857142905
2023-12-19,12000,12130,11610,11820,164312,-0.023140495867768562
2023-12-20,11780,12090,11720,11900,117229,0.006768189509306355
2023-12-21,11900,12070,11800,11820,96246,-0.006722689075630228
2023-12-22,11990,11990,11750,11750,46865,-0.005922165820642977
2023-12-26,11770,11880,11660,11750,48282,0.0
2023-12-27,11750,11810,11540,11630,58669,-0.010212765957446801
2023-12-28,11630,11630,11440,11550,83978,-0.006878761822871837
2024-01-02,11440,11440,10940,11150,190228,-0.03463203463203468
2024-01-03,11150,11210,11010,11050,57752,-0.008968609865470878
2024-01-04,11050,11050,10850,10880,64833,-0.01538461538461533
2024-01-05,10750,10830,10700,10720,78945,-0.014705882352941124
2024-01-08,10730,10950,10700,10920,38982,0.018656716417910557
2024-01-09,11000,11010,10800,10950,32772,0.0027472527472527375
2024-01-10,10940,10940,10620,10770,46470,-0.016438356164383605
2024-01-11,10680,10900,10670,10890,26265,0.011142061281337101
2024-01-12,10890,10890,10710,10770,29839,-0.011019283746556474
2024-01-15,10760,10810,10570,10570,35410,-0.01857010213556176
2024-01-16,10570,10630,10330,10430,46673,-0.013245033112582738
2024-01-17,10430,10440,10120,10120,47083,-0.029721955896452545
2024-01-18,10120,10250,10090,10120,22082,0.0
2024-01-19,10030,10240,10030,10120,39275,0.0
2024-01-22,9980,10080,9300,9340,148560,-0.07707509881422925
2024-01-23,9340,9390,9170,9240,47765,-0.010706638115631661
2024-01-24,9080,9240,9030,9030,41374,-0.022727272727272707
2024-01-25,9000,9160,8800,9130,53940,0.011074197120708673
2024-01-26,9140,9500,9140,9390,38247,0.028477546549835697
2024-01-29,9390,9520,9350,9470,21251,0.008519701810436597
2024-01-30,9450,10700,9420,9710,337271,0.025343189017951406
2024-01-31,9730,9880,9470,9480,39243,-0.023686920700308978
2024-02-01,9370,9760,9370,9750,22603,0.028481012658227778
2024-02-02,9800,9990,9760,9900,41708,0.01538461538461533
2024-02-05,9900,9960,9640,9830,29153,-0.007070707070707116
2024-02-06,9830,9830,9560,9680,22603,-0.015259409969481164
2024-02-07,9690,9800,9610,9730,18942,0.005165289256198413
2024-02-08,9690,9800,9630,9640,16156,-0.009249743062692661
2024-02-13,9720,10080,9660,10030,45446,0.04045643153526979
2024-02-14,9900,10020,9760,9970,17792,-0.005982053838484491
2024-02-15,10040,10190,9970,10030,27478,0.006018054162487463
2024-02-16,10030,10140,9970,10110,27896,0.007976071784645988
2024-02-19,10110,10240,10090,10120,18065,0.0009891196834816984
2024-02-20,10120,10150,9980,10000,20309,-0.011857707509881465
2024-02-21,10010,10150,9990,10120,25690,0.01200000000000001
2024-02-22,10130,10140,9990,10010,17771,-0.010869565217391353
2024-02-23,10090,10160,9910,9910,28300,-0.009990009990009985
2024-02-26,9910,9980,9740,9750,30855,-0.016145307769929396
2024-02-27,9750,9900,9600,9760,22211,0.0010256410256410664
2024-02-28,9750,9850,9620,9820,22531,0.006147540983606481
2024-02-29,9810,9810,9610,9630,14970,-0.0193482688391039
2024-03-04,9430,9550,9300,9300,46900,-0.034267912772585674
2024-03-05,9210,9400,9140,9260,39854,-0.004301075268817178
2024-03-06,9260,9380,9180,9190,25715,-0.0075593952483801186
2024-03-07,9170,9360,9090,9180,16587,-0.0010881392818280489
2024-03-08,9100,9170,8800,9140,22576,-0.004357298474945481
2024-03-11,9140,9280,9040,9040,18478,-0.01094091903719907
2024-03-12,8930,9150,8930,9010,25925,-0.0033185840707964376
2024-03-13,8970,9450,8970,9300,33617,0.03218645948945609
2024-03-14,9280,9490,9080,9350,38983,0.005376344086021501
2024-03-15,9300,9650,9230,9470,33579,0.012834224598930577
2024-03-18,9470,9470,9200,9280,15718,-0.020063357972544882
2024-03-19,9130,9280,9060,9060,18113,-0.023706896551724088
2024-03-20,9090,9290,9020,9020,27160,-0.004415011037527616
2024-03-21,9100,9490,9020,9200,54288,0.019955654101995624
2024-03-22,9120,9250,9120,9180,12562,-0.0021739130434782483
2024-03-25,9180,9180,8990,9050,28289,-0.014161220043573008
2024-03-26,8970,9150,8960,9010,18670,-0.0044198895027623974
2024-03-27,8960,9110,8890,8960,25656,-0.005549389567147567
2024-03-28,9010,9090,8960,8960,22127,0.0
2024-03-29,8910,9050,8910,8940,17818,-0.0022321428571429047
2024-04-01,8990,9110,8900,9060,17045,0.01342281879194629
2024-04-02,8980,9080,8970,9010,16470,-0.0055187637969095205
2024-04-03,8930,9110,8920,9030,15110,0.002219755826859071
2024-04-04,8950,9120,8950,8990,10403,-0.0044296788482834915
2024-04-05,8990,9050,8900,8920,12980,-0.007786429365962189
2024-04-08,8920,8930,8660,8670,37995,-0.028026905829596438
2024-04-09,8760,8760,8600,8610,27291,-0.00692041522491349
2024-04-11,8770,8770,8520,8560,21020,-0.005807200929152101
2024-04-12,8770,8940,8480,8600,15531,0.004672897196261738
2024-04-15,8590,8590,8470,8470,10017,-0.015116279069767424
2024-04-16,8470,8660,8340,8360,15312,-0.012987012987012991
2024-04-17,8320,8460,8260,8270,11739,-0.010765550239234423
2024-04-18,8180,8460,8180,8310,9531,0.0048367593712213
2024-04-19,8210,8400,8170,8360,17385,0.006016847172081841
2024-04-22,8320,8550,8320,8530,8975,0.020334928229664984
2024-04-23,8430,8530,8360,8370,11001,-0.01875732708089095
2024-04-24,8350,8520,8330,8330,7383,-0.004778972520907976
2024-04-25,8300,8460,8300,8330,7467,0.0
2024-04-26,8280,8360,8200,8270,16067,-0.007202881152461038
2024-04-29,8180,8420,8180,8400,18823,0.01571946795646917
2024-04-30,8400,8500,8400,8440,15693,0.004761904761904745
2024-05-02,8390,8500,8210,8350,15737,-0.010663507109004766
2024-05-03,8280,8430,8260,8400,7829,0.0059880239520957446
2024-05-07,8400,8450,8260,8350,23656,-0.005952380952380931
2024-05-08,8270,8430,8270,8390,14165,0.004790419161676551
2024-05-09,8470,8470,8370,8400,11058,0.0011918951132301459
2024-05-10,8400,8410,8330,8330,16154,-0.008333333333333304
2024-05-13,8330,8380,8250,8340,7157,0.0012004801920768582
2024-05-14,8350,8390,8300,8330,6123,-0.0011990407673860837
2024-05-16,8400,8440,8350,8390,6272,0.007202881152460927
2024-05-17,8390,8420,8330,8380,5986,-0.0011918951132300348
2024-05-20,8390,8430,8210,8240,23679,-0.01670644391408116
2024-05-21,8210,8310,8200,8260,7276,0.0024271844660195274
2024-05-22,8260,8590,8210,8340,13007,0.009685230024213176
2024-05-23,8340,8450,8340,8430,6757,0.010791366906474753
2024-05-24,8420,8420,8250,8270,12207,-0.018979833926453193
2024-05-27,8370,8490,8250,8440,21380,0.02055622732769047
2024-05-28,8510,10860,8440,9610,2823746,0.13862559241706163
2024-05-29,9400,9400,8910,9040,278178,-0.0593132154006244
2024-05-30,8900,8900,8620,8620,109856,-0.04646017699115046
2024-05-31,8530,9800,8500,8920,511854,0.03480278422273786
2024-06-03,8920,9700,8750,9320,367057,0.04484304932735417
2024-06-04,9270,12100,9030,10700,2464149,0.148068669527897
2024-06-05,10500,10730,9830,10290,459358,-0.03831775700934581
2024-06-07,10190,10360,9670,9700,313044,-0.05733722060252677
2024-06-10,9730,9930,9500,9880,108690,0.01855670103092777
2024-06-11,9950,9970,9590,9730,86937,-0.015182186234817818
2024-06-12,9730,12640,9650,12640,5525274,0.2990750256937307
2024-06-13,13870,15240,12690,12800,8289926,0.012658227848101333
2024-06-14,13100,13900,12000,12200,2127455,-0.046875
2024-06-17,12020,12450,11120,11280,735893,-0.07540983606557372
2024-06-18,11370,13390,11010,12110,3054024,0.07358156028368801
2024-06-19,12100,12520,11520,12110,604957,0.0
2024-06-20,12400,15740,11750,15740,6422155,0.2997522708505367
2024-06-21,15740,16110,14040,14090,3012333,-0.10482846251588307
2024-06-24,14030,15240,13670,14390,2145305,0.02129169623846705
2024-06-25,14400,14780,13420,13600,634851,-0.054899235580264105
2024-06-26,13810,14500,13220,13630,529069,0.0022058823529411686
2024-06-27,14150,15200,13600,13630,2062450,0.0
2024-06-28,13990,13990,13350,13700,307179,0.005135730007336692
2024-07-01,13780,13790,12600,12620,265943,-0.07883211678832114
2024-07-02,12660,13730,12400,12840,472688,0.017432646592709933
2024-07-03,12840,12900,11680,11730,297984,-0.08644859813084116
2024-07-04,11570,12440,11340,11580,297781,-0.012787723785166238
2024-07-05,11560,11870,11440,11710,120642,0.011226252158894612
2024-07-08,11880,11950,11520,11770,89243,0.005123825789923098
2024-07-09,11770,11830,11210,11560,72221,-0.017841971112999122
2024-07-10,11490,11530,11200,11300,63206,-0.02249134948096887
2024-07-11,11290,11580,11250,11550,82478,0.022123893805309658
2024-07-12,11550,13640,11230,11620,1630186,0.0060606060606061
2024-07-15,11610,11720,11120,11450,175591,-0.014629948364888179
2024-07-16,11400,11950,10920,11390,324377,-0.005240174672489051
2024-07-17,11390,11840,11210,11820,176275,0.037752414398595224
2024-07-18,11730,12960,11260,12300,1050431,0.04060913705583746
2024-07-19,12500,12980,11040,11200,478934,-0.08943089430894313
2024-07-22,11320,11320,10690,10950,157694,-0.022321428571428603
2024-07-23,10900,11680,10870,11180,203611,0.02100456621004576
2024-07-24,10970,11150,10420,10450,224875,-0.06529516994633278
2024-07-25,10310,10370,10010,10320,129417,-0.012440191387559807
2024-07-26,10220,10550,10220,10500,68380,0.01744186046511631
2024-07-29,10450,10840,10340,10550,186688,0.004761904761904745
2024-07-30,10550,10590,10090,10200,89335,-0.033175355450236976
2024-07-31,10100,10580,10060,10360,85474,0.015686274509803866
2024-08-01,10570,10590,10250,10310,41206,-0.004826254826254872
2024-08-02,10190,10300,9680,9730,111888,-0.0562560620756547
2024-08-05,9610,9620,8500,8800,124324,-0.09558067831449124
2024-08-06,8870,9300,8760,9030,64172,0.026136363636363624
2024-08-07,9220,9790,9160,9250,79519,0.02436323366555926
2024-08-08,9110,9550,9010,9400,41994,0.016216216216216273
2024-08-09,9320,9830,9320,9830,82568,0.04574468085106376
2024-08-12,9840,9880,9650,9830,47752,0.0
2024-08-13,9760,9850,9590,9710,32766,-0.012207527975584997
2024-08-14,9780,9840,9270,9840,24035,0.013388259526261548
2024-08-16,9920,9980,9800,9870,23635,0.0030487804878047697
2024-08-19,9870,9880,9660,9720,23810,-0.015197568389057725
2024-08-20,9940,10730,9830,10100,226013,0.039094650205761416
2024-08-21,10070,10250,9910,10070,59513,-0.002970297029702973
2024-08-22,10180,10180,9730,9900,42602,-0.01688182720953324
2024-08-23,9790,10000,9750,10000,89117,0.010101010101010166
2024-08-26,10950,12400,10530,11240,2729727,0.12400000000000011
2024-08-27,11400,12890,11340,11530,1946341,0.025800711743772187
2024-08-28,11740,12050,10390,10430,793106,-0.09540329575021678
2024-08-29,10290,10520,10010,10520,168973,0.008628954937679678
2024-08-30,10700,10750,10330,10740,134199,0.02091254752851701
2024-09-02,10810,10840,10420,10610,67992,-0.012104283054003684
2024-09-03,10700,10900,10470,10610,94019,0.0
2024-09-04,10170,10290,10080,10080,84843,-0.04995287464655984
2024-09-05,10120,10390,9790,9960,85830,-0.011904761904761862
2024-09-06,9800,9960,9500,9500,60122,-0.04618473895582331
2024-09-09,9270,9830,9010,9820,41394,0.03368421052631576
2024-09-10,9800,9810,9560,9670,40509,-0.01527494908350302
2024-09-11,9530,9720,9520,9570,22748,-0.010341261633919352
2024-09-12,9570,10180,9570,10140,52274,0.059561128526645746
2024-09-13,10000,10590,9960,10360,87793,0.021696252465483346
2024-09-19,10360,10430,10030,10150,36264,-0.020270270270270285
2024-09-20,10150,10580,10020,10200,55896,0.0049261083743843415
2024-09-23,10390,10390,10010,10170,30320,-0.002941176470588225
2024-09-24,10250,10250,9950,10180,21875,0.000983284169124854
2024-09-25,10350,10350,9950,10010,53656,-0.016699410609037346
2024-09-26,10200,10200,9950,10050,52954,0.003996003996004083
2024-09-27,9940,10050,9780,9800,43227,-0.02487562189054726
2024-09-30,9800,9880,9470,9500,56045,-0.030612244897959218
2024-10-02,9400,9530,9290,9320,25732,-0.0189473684210526
2024-10-04,9310,9490,9220,9270,16698,-0.005364806866952843
2024-10-07,9270,9590,9270,9330,25874,0.006472491909385036
2024-10-08,9240,9490,9240,9440,17674,0.011789924973204746
2024-10-10,9430,9470,9220,9410,27769,-0.0031779661016949623
2024-10-11,9410,9450,9250,9250,24275,-0.01700318809776835
2024-10-14,9290,9320,9040,9290,28615,0.00432432432432428
2024-10-15,9200,9290,9140,9200,25640,-0.009687836383207804
2024-10-16,9110,9290,9000,9070,22158,-0.01413043478260867
2024-10-17,9070,9270,9000,9140,17031,0.007717750826901959
2024-10-18,9250,9250,9000,9060,13515,-0.008752735229759279
2024-10-21,9050,9380,9050,9250,33834,0.020971302428256067
2024-10-22,9340,9340,9000,9050,15986,-0.021621621621621623
2024-10-23,9040,9130,8890,9080,20267,0.0033149171270718814
2024-10-24,9080,9140,8970,9020,11222,-0.0066079295154185536
2024-10-25,8930,9130,8660,8980,33521,-0.0044345898004434225
2024-10-28,9290,9290,8960,9060,35412,0.008908685968819663
2024-10-29,8990,9120,8990,9090,6771,0.0033112582781456013
2024-10-30,8990,9310,8990,9150,46489,0.0066006600660066805
2024-10-31,9060,9150,8960,9050,13392,-0.010928961748633892
2024-11-01,9110,9110,8750,8880,44720,-0.018784530386740328
2024-11-04,9000,9280,8800,9160,50972,0.03153153153153143
2024-11-05,9190,9350,9100,9150,25842,-0.0010917030567685337
2024-11-06,9150,9440,9080,9440,63432,0.03169398907103815
2024-11-07,9260,9470,9230,9430,31889,-0.0010593220338983578
2024-11-08,9430,9620,9310,9310,40795,-0.012725344644750836
2024-11-11,9320,9400,9150,9210,32951,-0.01074113856068748
2024-11-12,9100,11970,8770,10850,2751981,0.1780673181324648
2024-11-13,10300,10510,9420,9580,564005,-0.11705069124423961
2024-11-14,9650,10180,9280,9820,329879,0.025052192066805867
2024-11-15,9500,11630,9100,10370,2064973,0.05600814663951126
2024-11-18,10160,10450,9840,9950,288367,-0.04050144648023146
2024-11-19,9750,10000,9660,9900,129116,-0.005025125628140725
2024-11-20,9770,9780,9390,9460,140603,-0.0444444444444444
2024-11-21,9550,10680,9480,10300,657993,0.08879492600422823
2024-11-22,10000,10230,9770,10020,191732,-0.027184466019417486
2024-11-25,10450,10850,10130,10500,506265,0.0479041916167664
2024-11-26,10500,10780,10330,10740,281891,0.02285714285714291
2024-11-27,10750,10820,10130,10150,259921,-0.05493482309124764
2024-11-28,10100,10250,10000,10150,81820,0.0
2024-11-29,10100,10200,9880,9950,67246,-0.019704433497536922
2024-12-02,9950,10040,9400,9490,97278,-0.04623115577889447
2024-12-03,9480,9680,9460,9560,46997,0.007376185458377149
2024-12-04,9150,9500,8910,8950,155386,-0.06380753138075312
2024-12-05,9030,9070,8710,8750,74553,-0.022346368715083775
2024-12-06,8660,9000,8190,8550,100077,-0.02285714285714291
2024-12-09,8550,8560,7920,7960,100042,-0.0690058479532164
2024-12-10,8000,8810,8000,8810,100466,0.10678391959799005
2024-12-11,8810,8960,8700,8920,41159,0.012485811577752637
2024-12-12,8850,9030,8550,8890,45079,-0.0033632286995515237
2024-12-13,8720,9110,8720,9090,65132,0.022497187851518552
2024-12-16,9090,9630,8990,9100,185331,0.0011001100110010764
2024-12-17,9280,9280,9030,9100,66585,0.0
2024-12-18,9220,9390,9110,9200,81783,0.01098901098901095
2024-12-19,9500,10610,9200,9620,1265247,0.04565217391304355
2024-12-20,9350,9460,9000,9350,178768,-0.028066528066528096
2024-12-23,9350,9350,9070,9100,72951,-0.0267379679144385
2024-12-24,9250,9250,9050,9090,33416,-0.001098901098901095
2024-12-26,9110,9180,8870,8900,54209,-0.020902090209020896
2024-12-27,8700,8970,8700,8790,26142,-0.012359550561797716
2024-12-30,8660,8920,8660,8810,23366,0.0022753128555177415
2025-01-02,8810,9000,8670,8810,19980,0.0
2025-01-03,8730,8990,8730,8950,28344,0.015891032917139558
2025-01-06,9000,9040,8950,9030,15703,0.00893854748603351
2025-01-07,9140,9200,9010,9080,54236,0.005537098560354448
2025-01-08,9000,9150,8960,9020,40180,-0.0066079295154185536
2025-01-09,9100,9100,8970,9050,23551,0.003325942350332678
2025-01-10,9040,9180,8980,9150,32679,0.011049723756906049
2025-01-13,9120,9190,9010,9040,34052,-0.012021857923497303
2025-01-14,9100,9240,9030,9200,48408,0.017699115044247815
2025-01-15,9260,9330,9100,9240,86155,0.004347826086956497
2025-01-16,9220,9400,9110,9330,62866,0.009740259740259827
2025-01-17,9330,9360,9190,9300,27204,-0.003215434083601254
2025-01-20,9460,9460,9010,9280,74131,-0.0021505376344086446
2025-01-21,9300,9440,9180,9190,26888,-0.00969827586206895
2025-01-22,9190,9370,9100,9240,40704,0.005440696409140466
2025-01-23,9240,9400,9020,9100,35806,-0.015151515151515138
2025-01-24,9100,9160,9030,9120,13160,0.00219780219780219
2025-01-31,9100,9150,8850,8880,33967,-0.02631578947368418
2025-02-03,8950,9200,8700,8780,35721,-0.011261261261261257
2025-02-04,8780,8880,8760,8780,17172,0.0
2025-02-05,8780,8890,8710,8820,23269,0.004555808656036442
2025-02-06,8980,9320,8870,9300,99455,0.054421768707483054
2025-02-07,9180,9180,8940,9050,54963,-0.026881720430107503
2025-02-10,9060,9280,9000,9040,37213,-0.0011049723756906271
2025-02-11,9040,9190,9040,9170,25702,0.014380530973451267
2025-02-12,9170,9170,8940,9030,32669,-0.01526717557251911
2025-02-13,9220,9620,9200,9510,248791,0.0531561461794019
2025-02-14,9520,9630,9250,9400,92133,-0.011566771819137789
2025-02-17,9360,9510,9300,9370,55348,-0.0031914893617021045
2025-02-18,9380,9560,9350,9560,72661,0.02027748132337237
2025-02-19,9610,9620,9280,9330,59553,-0.024058577405857706
2025-02-20,9250,9400,9090,9110,40521,-0.02357984994640938
2025-02-21,9110,9190,9050,9120,26795,0.001097694840834329
2025-02-24,9080,9120,8900,9070,51210,-0.005482456140350922
2025-02-25,9100,9150,8970,9030,18731,-0.004410143329658167
2025-02-26,8950,9160,8950,9140,28679,0.012181616832779518
2025-02-27,9030,9200,8970,9010,22179,-0.01422319474835887
2025-02-28,8970,9130,8890,9000,47368,-0.0011098779134295356
2025-03-04,8790,9170,8770,9000,30538,0.0
2025-03-05,8910,9180,8910,9170,58035,0.018888888888888955
2025-03-06,9170,9180,9000,9030,29939,-0.01526717557251911
2025-03-07,9000,9140,8940,9020,16460,-0.001107419712070845
2025-03-10,9050,9080,8850,8900,25469,-0.013303769401330379
2025-03-11,8790,8920,8710,8850,22714,-0.005617977528089901
2025-03-12,8800,8950,8800,8850,12856,0.0
2025-03-13,8850,8990,8840,8940,11542,0.01016949152542379
2025-03-14,8850,9090,8850,9090,21685,0.016778523489932917
2025-03-17,9100,9100,8900,8920,21845,-0.018701870187018743
2025-03-18,8930,8990,8860,8900,16930,-0.0022421524663677195
2025-03-19,8960,8970,8840,8960,17252,0.006741573033707926
2025-03-20,8990,9010,8770,8770,29003,-0.021205357142857095
2025-03-21,8790,8800,8620,8790,28801,0.0022805017103761926
2025-03-24,8790,8820,8660,8700,15241,-0.010238907849829393
2025-03-25,8700,8760,8590,8610,30866,-0.010344827586206917
2025-03-26,8680,8710,8550,8600,13561,-0.0011614401858304202
2025-03-27,8600,8960,8510,8620,38267,0.0023255813953488857
2025-03-28,8620,8710,8480,8510,27014,-0.012761020881670526
2025-03-31,8510,8690,8310,8310,17850,-0.023501762632197387
2025-04-01,8550,8710,8360,8650,19932,0.04091456077015643
2025-04-02,8640,8740,8440,8630,27991,-0.0023121387283236983
2025-04-03,8630,8730,8460,8570,10065,-0.006952491309385911
2025-04-04,8460,8770,8410,8600,11166,0.003500583430571691
2025-04-07,8700,8700,8250,8270,20903,-0.03837209302325584
2025-04-08,8200,8670,8170,8170,17569,-0.01209189842805325
2025-04-09,8200,8280,7990,8000,15665,-0.020807833537331732
2025-04-10,8210,8590,8130,8190,10759,0.023749999999999938
2025-04-11,8190,8400,8120,8300,7812,0.013431013431013383
2025-04-14,8590,8600,8280,8590,8125,0.03493975903614466
2025-04-15,8770,8770,8450,8630,7932,0.00465657741559955
2025-04-16,8700,8700,8430,8430,8843,-0.023174971031286185
2025-04-17,8500,8910,8400,8440,43987,0.0011862396204034287
2025-04-18,8580,8630,8400,8630,7879,0.02251184834123232
2025-04-21,8650,8660,8520,8580,8619,-0.005793742757821518
2025-04-22,8350,8620,8350,8550,17515,-0.0034965034965035446
2025-04-23,8690,8700,8560,8640,11135,0.010526315789473717
2025-04-24,8660,8660,8550,8590,4896,-0.0057870370370370905
2025-04-25,8660,8700,8590,8660,20344,0.008149010477299212
2025-04-28,8690,8690,8570,8580,8813,-0.009237875288683584
2025-04-29,8590,8750,8390,8740,20159,0.018648018648018683
2025-04-30,8750,8790,8600,8650,8771,-0.010297482837528626
2025-05-02,8650,8770,8650,8650,7891,0.0
2025-05-07,8580,8710,8500,8640,4022,-0.0011560693641619046
2025-05-08,8790,8790,8500,8700,12672,0.00694444444444442
2025-05-09,8750,8780,8600,8640,8630,-0.006896551724137945
2025-05-12,8800,8890,8680,8880,38691,0.02777777777777768
2025-05-13,8940,8940,8720,8740,12565,-0.015765765765765716
2025-05-14,8740,8890,8710,8800,8173,0.006864988558352492
2025-05-15,8850,8930,8740,8800,9622,0.0
2025-05-16,8780,8850,8740,8790,9151,-0.001136363636363602
2025-05-19,8910,8910,8590,8590,23533,-0.022753128555176305
2025-05-20,8600,8930,8590,8730,11289,0.016298020954598424
2025-05-21,8610,8880,8610,8710,8347,-0.002290950744558984
2025-05-22,8710,8710,8570,8590,17653,-0.013777267508610747
2025-05-23,8750,8840,8590,8840,24486,0.029103608847497187
2025-05-26,8850,8930,8760,8850,11162,0.0011312217194570096
2025-05-27,8900,8900,8730,8740,12215,-0.012429378531073398
2025-05-28,8750,9180,8750,8850,63262,0.012585812356979309
2025-05-29,9030,9070,8960,9040,24903,0.021468926553672274
2025-05-30,9060,9100,8970,9050,23948,0.0011061946902655162
2025-06-02,9090,9140,8980,9070,15604,0.0022099447513812542
2025-06-04,9150,9280,9100,9180,28308,0.012127894156560126
2025-06-05,9270,9310,9140,9210,20520,0.0032679738562091387
2025-06-09,9370,9430,9260,9410,50443,0.021715526601520097
2025-06-10,9390,9440,9260,9350,27986,-0.006376195536663132
2025-06-11,9470,9470,9320,9410,22223,0.0064171122994651775
2025-06-12,9500,10130,9440,9810,192918,0.04250797024442088
2025-06-13,9850,9880,9200,9450,91602,-0.03669724770642202
2025-06-16,9260,9600,9170,9490,39763,0.004232804232804144
2025-06-17,9630,9700,9340,9400,31603,-0.009483667017913588
2025-06-18,9400,9420,9300,9400,23657,0.0
2025-06-19,9690,9800,9420,9720,67869,0.03404255319148941
2025-06-20,9830,9870,9470,9520,32620,-0.020576131687242816
2025-06-23,9400,9490,9160,9200,38458,-0.03361344537815125
2025-06-24,9500,9870,9310,9750,59564,0.059782608695652106
2025-06-25,9660,9990,9600,9890,53621,0.014358974358974264
2025-06-26,9990,10005,9640,9810,45409,-0.008088978766430777
2025-06-27,9890,10190,9800,9840,57984,0.003058103975535076
2025-06-30,10300,10300,9870,10080,34176,0.024390243902439046
2025-07-01,10010,10500,10000,10420,76307,0.03373015873015883
2025-07-02,10860,10860,10050,10770,113093,0.03358925143953928
2025-07-03,10750,10780,10430,10550,38991,-0.02042711234911787
2025-07-04,10690,10790,10330,10340,26934,-0.019905213270142164
2025-07-07,10420,10420,10050,10210,25107,-0.012572533849129597
2025-07-08,10200,10350,10080,10200,31455,-0.0009794319294809117
2025-07-09,10290,10340,10130,10280,22170,0.007843137254901933
2025-07-10,10300,10370,10160,10370,29237,0.008754863813229541
2025-07-11,10490,10490,10150,10200,25860,-0.016393442622950838
2025-07-14,10290,10290,10110,10250,22862,0.004901960784313708
2025-07-15,10260,10440,10140,10250,32171,0.0
2025-07-16,10290,10290,10070,10120,18553,-0.012682926829268304
2025-07-17,10120,10130,9870,10000,27255,-0.011857707509881465
2025-07-18,10050,10050,9890,9990,23866,-0.0010000000000000009
2025-07-21,9880,10060,9880,9950,11580,-0.004004004004004025
2025-07-22,9950,10000,9690,9770,24962,-0.018090452261306567
2025-07-23,9850,9880,9630,9730,10950,-0.004094165813715467
2025-07-24,9890,9940,9600,9720,12014,-0.0010277492291880241
2025-07-25,9890,9890,9590,9720,9448,0.0
2025-07-28,9760,9760,9410,9540,19768,-0.01851851851851849
2025-07-29,9830,9830,9410,9600,11210,0.0062893081761006275
2025-07-30,9540,9700,9500,9600,5008,0.0
2025-07-31,9600,9660,9480,9600,9975,0.0
2025-08-01,9600,9600,9280,9350,20000,-0.02604166666666663
2025-08-04,9460,9510,9210,9450,9111,0.010695187165775444
2025-08-05,9530,9610,9210,9440,14613,-0.0010582010582010914
2025-08-06,9380,9590,9380,9510,7058,0.00741525423728806
2025-08-07,9440,9680,9410,9560,8815,0.00525762355415349
2025-08-08,9610,9750,9450,9460,15990,-0.010460251046025104
2025-08-11,9650,9670,9510,9550,15536,0.009513742071881603
2025-08-12,9550,9690,9530,9570,11631,0.0020942408376962707
2025-08-13,9570,9670,9360,9470,11688,-0.010449320794148398
2025-08-14,9380,9470,9270,9350,7554,-0.012671594508975703
2025-08-18,9550,9560,9040,9220,17610,-0.013903743315508033
2025-08-19,9320,9470,9280,9400,9067,0.01952277657266821
2025-08-20,9300,9300,8980,9100,20934,-0.03191489361702127
2025-08-21,9210,9370,9020,9200,11057,0.01098901098901095
2025-08-22,9200,9270,9160,9220,4345,0.0021739130434783593
2025-08-25,9190,9270,9150,9260,5270,0.00433839479392617
2025-08-26,9180,9240,9050,9050,15253,-0.022678185745140356
2025-08-27,9200,9200,8860,8880,38602,-0.018784530386740328
2025-08-28,8890,9040,8860,8870,53499,-0.0011261261261261701
2025-08-29,9140,9140,8750,8770,22593,-0.011273957158962844
2025-09-01,8810,8950,8750,8770,10447,0.0
2025-09-02,8840,8900,8770,8880,4959,0.012542759407069504
2025-09-03,8980,9000,8790,8940,6695,0.006756756756756799
2025-09-04,8940,9000,8930,8940,4187,0.0
2025-09-05,8910,9080,8900,8940,13375,0.0
2025-09-08,9290,9350,9100,9230,13161,0.032438478747203625
2025-09-09,9210,9270,9110,9210,7317,-0.0021668472372697867
