Date,Open,High,Low,Close,Volume,Change
2022-01-03,8360,8440,8100,8370,201616,0.0
2022-01-04,8420,9260,8420,8650,523723,0.03345280764635605
2022-01-05,8650,8760,8550,8710,175927,0.006936416184971206
2022-01-06,8580,9020,8580,8670,268458,-0.004592422502870286
2022-01-07,8630,8880,8400,8880,203256,0.02422145328719716
2022-01-10,8850,9190,8650,8660,999546,-0.024774774774774744
2022-01-11,8620,8660,8100,8160,352265,-0.05773672055427248
2022-01-12,8200,8750,8180,8410,414039,0.030637254901960675
2022-01-13,8400,8990,8330,8710,375371,0.03567181926278251
2022-01-14,8590,8780,8530,8590,217528,-0.013777267508610747
2022-01-17,8510,8650,8190,8270,178431,-0.03725261932479629
2022-01-18,8310,8370,8110,8180,106101,-0.010882708585247869
2022-01-19,8050,8280,7600,7880,260333,-0.03667481662591687
2022-01-20,7880,8060,7800,8050,81353,0.021573604060913798
2022-01-21,8000,8210,7920,8170,82527,0.014906832298136719
2022-01-24,8100,8380,7860,8280,226870,0.01346389228886169
2022-01-25,8200,8280,7880,7970,392401,-0.037439613526570104
2022-01-26,7970,8150,7880,7980,114515,0.0012547051442910462
2022-01-27,8120,8120,7730,7830,121271,-0.018796992481203034
2022-01-28,7830,8320,7830,8250,234706,0.05363984674329503
2022-02-03,8390,8390,8050,8090,155929,-0.019393939393939408
2022-02-04,8080,8200,7980,8180,131536,0.011124845488257096
2022-02-07,8130,8280,8100,8150,128172,-0.003667481662591676
2022-02-08,8130,8430,8000,8060,236756,-0.011042944785276121
2022-02-09,8140,8140,7890,7950,163826,-0.013647642679900707
2022-02-10,7990,8000,7600,7840,178654,-0.01383647798742138
2022-02-11,7820,7850,7700,7700,104628,-0.017857142857142905
2022-02-14,7530,7900,7350,7760,249881,0.007792207792207684
2022-02-15,7790,7800,7570,7700,108087,-0.0077319587628865705
2022-02-16,7850,8090,7810,8090,142907,0.05064935064935061
2022-02-17,8140,8360,8010,8190,246566,0.012360939431396822
2022-02-18,8000,8530,8000,8490,228786,0.03663003663003672
2022-02-21,8380,8500,8270,8480,86859,-0.0011778563015312216
2022-02-22,8270,8450,8270,8380,95624,-0.011792452830188704
2022-02-23,8370,8690,8370,8680,158372,0.03579952267303099
2022-02-24,8590,8750,8360,8550,214032,-0.01497695852534564
2022-02-25,8630,9080,8630,9050,282588,0.0584795321637428
2022-02-28,8970,9190,8950,9080,127026,0.0033149171270718814
2022-03-02,9050,11800,9020,10900,4306853,0.20044052863436113
2022-03-03,11200,12300,11000,12000,2329135,0.10091743119266061
2022-03-04,11850,12700,11750,12600,690728,0.050000000000000044
2022-03-07,12450,13200,11550,11850,619095,-0.059523809523809534
2022-03-08,11700,11900,11000,11650,496576,-0.016877637130801704
2022-03-10,12200,13650,11500,12550,1497795,0.07725321888412018
2022-03-11,12450,13250,12400,13000,580506,0.03585657370517925
2022-03-14,12950,13500,12600,12850,406349,-0.011538461538461497
2022-03-15,12750,12950,12450,12900,182827,0.0038910505836575737
2022-03-16,12850,13200,12400,12450,351107,-0.03488372093023251
2022-03-17,12400,12550,11250,11600,1020682,-0.06827309236947787
2022-03-18,11650,11750,11350,11550,288194,-0.004310344827586188
2022-03-21,11500,11650,11300,11500,253497,-0.0043290043290042934
2022-03-22,11450,11500,10000,10100,1761193,-0.12173913043478257
2022-03-23,10250,10550,10000,10500,762094,0.03960396039603964
2022-03-24,10350,12300,10300,12300,2264715,0.17142857142857149
2022-03-25,12050,12450,11500,11600,851902,-0.05691056910569103
2022-03-28,11750,12300,11100,11300,491238,-0.025862068965517238
2022-03-29,11500,11600,11150,11200,350055,-0.008849557522123908
2022-03-30,11500,12300,11300,12000,1078992,0.0714285714285714
2022-03-31,12150,12400,11600,11850,724081,-0.012499999999999956
2022-04-01,11650,12700,11650,12150,1318339,0.025316455696202445
2022-04-04,12000,12200,11500,12150,502223,0.0
2022-04-05,12100,12450,11950,12150,358123,0.0
2022-04-06,12000,12650,11800,12500,474910,0.028806584362139898
2022-04-07,12350,12600,10750,11050,1191637,-0.11599999999999999
2022-04-08,11150,11250,10800,11100,233861,0.004524886877828038
2022-04-11,11000,11250,9880,9880,1302859,-0.1099099099099099
2022-04-12,9730,9880,9190,9250,1014841,-0.06376518218623484
2022-04-13,9310,9340,9010,9010,685785,-0.025945945945945903
2022-04-14,9060,9470,9060,9350,694851,0.037735849056603765
2022-04-15,9330,9840,9100,9490,542148,0.014973262032085488
2022-04-18,9520,9550,9170,9210,289020,-0.02950474183350893
2022-04-19,9220,9480,9110,9480,179780,0.02931596091205213
2022-04-20,9590,9590,9350,9480,119175,0.0
2022-04-21,9400,9820,9360,9590,230905,0.011603375527426074
2022-04-22,9540,9650,9440,9570,124412,-0.002085505735140769
2022-04-25,9320,9760,9300,9580,185391,0.0010449320794148065
2022-04-26,9600,10100,9580,10100,374576,0.05427974947807934
2022-04-27,9800,10200,9800,10000,258825,-0.00990099009900991
2022-04-28,10100,10400,10000,10300,263334,0.030000000000000027
2022-04-29,10400,10600,10100,10550,297660,0.024271844660194164
2022-05-02,10350,10700,10250,10250,240227,-0.028436018957345932
2022-05-03,10150,10500,9510,9670,807373,-0.05658536585365859
2022-05-04,9670,9960,9340,9580,918026,-0.009307135470527417
2022-05-06,9270,9470,9070,9360,416068,-0.022964509394572064
2022-05-09,9290,9320,8230,8430,896432,-0.09935897435897434
2022-05-10,8180,8230,7850,8160,518943,-0.03202846975088969
2022-05-11,8070,8140,7880,7990,246506,-0.02083333333333337
2022-05-12,8000,8290,7930,7940,290016,-0.006257822277847325
2022-05-13,7910,8090,7870,7920,158287,-0.0025188916876573986
2022-05-16,8000,8250,7890,8110,193653,0.023989898989899006
2022-05-17,8130,8670,8080,8320,411705,0.025893958076448786
2022-05-18,8470,8480,8150,8160,180176,-0.019230769230769273
2022-05-19,7870,8100,7870,8060,115249,-0.01225490196078427
2022-05-20,8040,8430,8040,8260,171810,0.02481389578163773
2022-05-23,8340,8380,8020,8020,176324,-0.029055690072639195
2022-05-24,8090,8090,7460,7600,335065,-0.052369077306733125
2022-05-25,7610,7700,7350,7470,315405,-0.017105263157894735
2022-05-26,7510,7680,7410,7500,174524,0.004016064257028162
2022-05-27,7540,7760,7450,7500,192794,0.0
2022-05-30,7580,7910,7510,7810,239252,0.041333333333333444
2022-05-31,7850,7870,7620,7840,297511,0.003841229193341844
2022-06-02,7770,7900,7220,7220,706228,-0.07908163265306123
2022-06-03,7300,7450,7140,7300,336044,0.011080332409972193
2022-06-07,7230,7630,7230,7630,275502,0.045205479452054886
2022-06-08,7550,7930,7450,7920,282888,0.038007863695937116
2022-06-09,7910,8430,7860,8400,617823,0.06060606060606055
2022-06-10,8410,8600,8250,8540,422090,0.016666666666666607
2022-06-13,8300,8660,8280,8370,338668,-0.01990632318501173
2022-06-14,8180,8820,8150,8680,558635,0.03703703703703698
2022-06-15,8620,8770,8230,8420,336078,-0.02995391705069128
2022-06-16,8470,8480,8180,8210,225920,-0.02494061757719712
2022-06-17,7900,8110,7680,8020,273971,-0.023142509135200995
2022-06-20,8020,8020,7190,7310,324852,-0.08852867830423938
2022-06-21,7440,7440,7220,7320,116771,0.001367989056087593
2022-06-22,7280,7440,6610,6660,305049,-0.0901639344262295
2022-06-23,6590,6730,6290,6290,255917,-0.05555555555555558
2022-06-24,6250,6780,6230,6680,217339,0.062003179650238494
2022-06-27,6700,7070,6640,6990,101765,0.046407185628742464
2022-06-28,6930,7280,6930,7280,144709,0.0414878397711016
2022-06-29,7090,7480,7080,7380,117280,0.013736263736263687
2022-06-30,7380,7440,7150,7200,54567,-0.024390243902439046
2022-07-01,7130,7400,7040,7250,78135,0.00694444444444442
2022-07-04,7250,7250,6750,6830,213881,-0.0579310344827586
2022-07-05,6830,7080,6830,7080,66613,0.03660322108345526
2022-07-06,7090,7200,6900,7080,83197,0.0
2022-07-07,7040,7500,7040,7330,121346,0.035310734463276816
2022-07-08,7360,7470,7310,7340,70837,0.0013642564802183177
2022-07-11,7340,7880,7230,7500,152192,0.021798365122615904
2022-07-12,7380,7480,7320,7400,68195,-0.013333333333333308
2022-07-13,7280,7370,7160,7250,72468,-0.020270270270270285
2022-07-14,7230,7270,7100,7140,42121,-0.015172413793103412
2022-07-15,7150,7190,6960,6990,73083,-0.021008403361344574
2022-07-18,7120,7250,7020,7250,53900,0.03719599427753928
2022-07-19,7240,7360,6760,7190,60884,-0.008275862068965467
2022-07-20,7270,7300,7160,7190,32523,0.0
2022-07-21,7180,7400,7180,7260,57435,0.009735744089012455
2022-07-22,7240,7390,7230,7280,22393,0.0027548209366390353
2022-07-25,7220,7460,7220,7440,52812,0.0219780219780219
2022-07-26,7440,7600,7400,7490,32567,0.006720430107526987
2022-07-27,7430,7610,7420,7570,33106,0.010680907877169465
2022-07-28,7690,7690,7540,7660,44615,0.011889035667107084
2022-07-29,7640,7810,7640,7770,55618,0.01436031331592691
2022-08-01,7770,7840,7700,7800,38875,0.0038610038610038533
2022-08-02,7790,7900,7700,7780,62507,-0.002564102564102555
2022-08-03,7780,7820,7650,7740,45295,-0.005141388174807249
2022-08-04,7800,7800,7670,7730,43858,-0.0012919896640827266
2022-08-05,7700,7730,7600,7670,45369,-0.0077619663648124115
2022-08-08,7670,7790,7500,7730,45811,0.007822685788787531
2022-08-09,7650,7740,7510,7550,93803,-0.023285899094437235
2022-08-10,7550,7730,7510,7610,108837,0.007947019867549754
2022-08-11,7710,7730,7570,7600,58333,-0.0013140604467805073
2022-08-12,7600,7710,7540,7690,61983,0.011842105263157876
2022-08-16,7690,7750,7590,7600,62179,-0.011703511053316018
2022-08-17,7600,7610,7350,7380,137454,-0.02894736842105261
2022-08-18,7380,7380,7270,7320,35747,-0.008130081300813052
2022-08-19,7270,7410,7230,7300,46281,-0.002732240437158473
2022-08-22,7220,7280,7030,7060,93135,-0.0328767123287671
2022-08-23,7030,7170,6970,7080,52691,0.0028328611898016387
2022-08-24,7060,7210,7060,7100,50870,0.0028248587570620654
2022-08-25,7140,7280,7100,7200,31814,0.014084507042253502
2022-08-26,7240,7280,7130,7150,29613,-0.00694444444444442
2022-08-29,6970,6990,6820,6920,65073,-0.032167832167832144
2022-08-30,6890,7000,6850,6990,20510,0.01011560693641611
2022-08-31,6960,7030,6920,6990,25316,0.0
2022-09-01,7040,7040,6610,6640,161525,-0.05007153075822601
2022-09-02,6700,6710,6520,6570,46195,-0.010542168674698815
2022-09-05,6560,6640,6300,6480,179823,-0.013698630136986356
2022-09-06,6440,6730,6440,6730,44677,0.03858024691358031
2022-09-07,6620,6720,6540,6650,35578,-0.011887072808320909
2022-09-08,6650,6690,6420,6420,84450,-0.0345864661654135
2022-09-13,6960,6960,6610,6830,236487,0.06386292834890961
2022-09-14,6730,7300,6510,6980,363164,0.02196193265007329
2022-09-15,7080,7090,6850,6910,96305,-0.01002865329512892
2022-09-16,6800,6960,6800,6900,87409,-0.0014471780028944004
2022-09-19,6910,7030,6840,6910,70451,0.0014492753623187582
2022-09-20,6970,6980,6850,6940,34801,0.004341534008682979
2022-09-21,6950,7070,6920,7000,38712,0.008645533141210304
2022-09-22,6910,7070,6900,7030,59414,0.004285714285714226
2022-09-23,7030,7140,6890,6950,68935,-0.011379800853485111
2022-09-26,6920,6920,6600,6660,140065,-0.04172661870503602
2022-09-27,6540,6800,6540,6690,84771,0.0045045045045044585
2022-09-28,6500,6800,6400,6760,132601,0.010463378176382765
2022-09-29,6820,6920,6660,6670,79811,-0.013313609467455634
2022-09-30,6560,6760,6530,6760,49510,0.013493253373313419
2022-10-04,6760,6860,6750,6840,55326,0.01183431952662728
2022-10-05,6940,6940,6610,6790,70959,-0.007309941520467822
2022-10-06,6790,6990,6750,6960,57566,0.025036818851251752
2022-10-07,6900,7020,6890,6970,28582,0.001436781609195359
2022-10-11,6950,6950,6720,6820,38103,-0.021520803443328518
2022-10-12,6780,6810,6650,6790,55634,-0.004398826979472137
2022-10-13,6660,6760,6470,6470,86481,-0.04712812960235646
2022-10-14,6510,6670,6510,6670,45910,0.03091190108191655
2022-10-17,6570,6880,6510,6730,61191,0.008995502248875464
2022-10-18,6770,6900,6660,6880,51864,0.022288261515601704
2022-10-19,6930,6930,6760,6800,40062,-0.011627906976744207
2022-10-20,6800,6850,6680,6790,27166,-0.0014705882352941124
2022-10-21,6700,6850,6700,6760,28964,-0.004418262150220897
2022-10-24,6820,7000,6820,6840,77604,0.01183431952662728
2022-10-25,6880,7130,6880,7120,105055,0.040935672514619936
2022-10-26,7100,7130,7010,7060,38940,-0.008426966292134797
2022-10-27,7040,7140,7040,7070,41533,0.0014164305949009304
2022-10-28,6940,7040,6940,7010,41850,-0.008486562942008447
2022-10-31,6940,6940,6670,6810,109803,-0.02853067047075608
2022-11-01,6800,6940,6800,6910,34083,0.014684287812041008
2022-11-02,6900,6900,6690,6700,67680,-0.03039073806078152
2022-11-03,6470,6710,6470,6710,33709,0.0014925373134329067
2022-11-04,6630,6700,6530,6670,62372,-0.005961251862891204
2022-11-07,6590,6680,6570,6670,45796,0.0
2022-11-08,6630,6740,6630,6720,29632,0.007496251874062887
2022-11-09,6780,6790,6700,6730,33477,0.0014880952380953438
2022-11-10,6650,6730,6590,6730,43897,0.0
2022-11-11,6780,6790,6670,6670,75946,-0.008915304606240682
2022-11-14,6760,6760,6610,6710,38792,0.0059970014992503096
2022-11-15,6750,6890,6730,6820,43465,0.016393442622950838
2022-11-16,6800,6860,6660,6800,37597,-0.0029325513196480912
2022-11-17,6730,6780,6600,6620,51077,-0.026470588235294135
2022-11-18,6600,6680,6460,6490,94770,-0.01963746223564955
2022-11-21,6500,6540,6310,6390,110786,-0.015408320493066285
2022-11-22,6440,6450,6250,6300,59347,-0.014084507042253502
2022-11-23,6270,6470,6210,6350,54990,0.007936507936507908
2022-11-24,6350,6470,6340,6340,58465,-0.0015748031496063408
2022-11-25,6390,6450,6360,6400,20308,0.009463722397476282
2022-11-28,6400,6790,6310,6640,308815,0.03750000000000009
2022-11-29,6580,6630,6510,6560,63835,-0.012048192771084376
2022-11-30,6560,6680,6400,6450,101146,-0.01676829268292679
2022-12-01,6490,7030,6450,7010,463511,0.0868217054263567
2022-12-02,6980,7330,6920,6960,354445,-0.007132667617689048
2022-12-05,6920,7010,6710,6800,139882,-0.02298850574712641
2022-12-06,6710,6920,6640,6770,101167,-0.004411764705882337
2022-12-07,6770,6900,6620,6650,169360,-0.017725258493353047
2022-12-08,6620,6620,6450,6470,92129,-0.02706766917293235
2022-12-09,6490,6510,6410,6480,93821,0.0015455950540959051
2022-12-12,6490,6490,6330,6380,75812,-0.015432098765432056
2022-12-13,6380,6450,6320,6360,40369,-0.0031347962382445305
2022-12-14,6330,6420,6320,6410,37300,0.007861635220125729
2022-12-15,6410,6580,6350,6500,48277,0.014040561622464809
2022-12-16,6440,6620,6380,6460,45059,-0.006153846153846176
2022-12-19,6400,6780,6400,6650,84252,0.02941176470588225
2022-12-20,6660,6660,6350,6380,74684,-0.04060150375939853
2022-12-21,6490,6490,6360,6370,17836,-0.0015673981191222097
2022-12-22,6420,6500,6340,6390,36544,0.0031397174254317317
2022-12-23,6340,6390,6230,6280,69742,-0.017214397496087663
2022-12-26,6280,6330,6010,6210,51458,-0.011146496815286677
2022-12-27,6250,6390,6200,6370,27076,0.025764895330112614
2022-12-28,6370,6460,6250,6330,55888,-0.006279434850863463
2022-12-29,6250,6340,6210,6240,29732,-0.014218009478673022
2023-01-02,6240,6250,6010,6010,53063,-0.03685897435897434
2023-01-03,6030,6090,5590,6000,115657,-0.0016638935108153063
2023-01-04,5900,6100,5900,5950,46020,-0.008333333333333304
2023-01-05,5980,6390,5980,6200,73098,0.04201680672268915
2023-01-06,6200,6360,6190,6350,45838,0.024193548387096753
2023-01-09,6420,6440,6360,6420,24816,0.011023622047244164
2023-01-10,6340,6450,6290,6300,27445,-0.01869158878504673
2023-01-11,6340,6480,6320,6410,40450,0.0174603174603174
2023-01-12,6410,6450,6370,6440,27452,0.004680187207488196
2023-01-13,6440,6510,6400,6480,32573,0.006211180124223503
2023-01-16,6550,6790,6500,6580,73202,0.015432098765432167
2023-01-17,6580,6790,6490,6600,89103,0.003039513677811634
2023-01-18,6600,6630,6500,6610,34347,0.0015151515151514694
2023-01-19,6600,6620,6550,6610,11285,0.0
2023-01-20,6610,6730,6520,6690,42273,0.012102874432677657
2023-01-25,6630,6800,6620,6710,57788,0.002989536621823552
2023-01-26,6710,6750,6650,6710,30597,0.0
2023-01-27,6740,6740,6560,6610,73805,-0.014903129657228065
2023-01-30,6590,6590,6500,6580,30528,-0.004538577912254205
2023-01-31,6510,6610,6460,6590,23531,0.001519756838905817
2023-02-01,6590,6650,6500,6640,40181,0.007587253414264028
2023-02-02,6690,6690,6590,6600,22969,-0.0060240963855421326
2023-02-03,6610,6630,6520,6540,29102,-0.009090909090909038
2023-02-06,6460,6520,6390,6440,44940,-0.015290519877675823
2023-02-07,6350,6510,6350,6500,31904,0.009316770186335477
2023-02-08,6520,6520,6450,6450,14706,-0.007692307692307665
2023-02-09,6470,6530,6410,6470,25412,0.0031007751937983663
2023-02-10,6470,6470,6300,6310,67404,-0.02472952086553326
2023-02-13,6310,6380,6210,6280,24571,-0.004754358161648153
2023-02-14,6300,6320,6240,6290,35646,0.0015923566878981443
2023-02-15,6300,6300,6140,6160,38345,-0.020667726550079535
2023-02-16,6160,6220,6100,6150,59487,-0.0016233766233766378
2023-02-17,6060,6370,6060,6320,35712,0.027642276422764178
2023-02-20,6290,6360,6220,6290,27538,-0.004746835443038
2023-02-21,6290,6400,6290,6320,28061,0.004769475357710551
2023-02-22,6320,6320,6190,6220,19632,-0.015822784810126556
2023-02-23,6220,6300,6140,6210,24807,-0.001607717041800627
2023-02-24,6170,6250,6140,6150,25078,-0.009661835748792313
2023-02-27,6090,6160,5990,6100,62371,-0.008130081300813052
2023-02-28,6110,6260,6050,6100,74820,0.0
2023-03-02,6100,6210,6040,6160,34487,0.009836065573770592
2023-03-03,6250,6250,6090,6130,46331,-0.004870129870129913
2023-03-06,6140,6160,5980,6040,82171,-0.014681892332789603
2023-03-07,6040,6100,5950,6020,40649,-0.0033112582781457123
2023-03-08,6020,6020,5870,5950,79126,-0.011627906976744207
2023-03-09,5900,6010,5850,5920,62596,-0.005042016806722671
2023-03-10,5900,5930,5780,5870,52921,-0.008445945945945943
2023-03-13,5870,5870,5610,5700,89209,-0.028960817717206155
2023-03-14,5650,5850,5550,5600,73565,-0.01754385964912286
2023-03-15,5780,5780,5640,5640,30267,0.0071428571428571175
2023-03-16,5680,5680,5500,5580,35755,-0.010638297872340385
2023-03-17,5640,5790,5550,5760,39252,0.032258064516129004
2023-03-20,5700,5760,5690,5720,24494,-0.00694444444444442
2023-03-21,5720,5760,5690,5710,14494,-0.0017482517482517723
2023-03-22,5740,5830,5710,5720,36000,0.0017513134851139256
2023-03-23,5700,5760,5690,5760,24260,0.006993006993007089
2023-03-24,5820,5820,5700,5720,35200,-0.00694444444444442
2023-03-27,5750,5790,5600,5670,40714,-0.00874125874125875
2023-03-28,5630,5780,5510,5730,33598,0.010582010582010692
2023-03-29,5860,5910,5730,5900,44052,0.029668411867364686
2023-03-30,5950,6200,5890,6080,103242,0.03050847457627115
2023-03-31,6080,6230,6060,6090,28596,0.00164473684210531
2023-04-03,6090,6120,5970,6040,31999,-0.008210180623973717
2023-04-04,6040,6100,6010,6040,21156,0.0
2023-04-05,6040,6090,5930,6020,14837,-0.0033112582781457123
2023-04-06,6020,6020,5850,5930,24290,-0.014950166112956853
2023-04-07,5930,5950,5880,5920,27291,-0.001686340640809414
2023-04-10,5920,5920,5740,5790,53906,-0.02195945945945943
2023-04-11,5880,5880,5730,5870,22050,0.013816925734024155
2023-04-12,5820,5960,5770,5930,20012,0.010221465076660996
2023-04-13,5930,6070,5930,6050,63340,0.02023608768971341
2023-04-14,6050,7240,6050,6700,1925462,0.1074380165289257
2023-04-17,6520,7000,6520,6680,732739,-0.0029850746268657025
2023-04-18,6640,6860,6610,6750,152259,0.010479041916167775
2023-04-19,6790,6890,6590,6750,167499,0.0
2023-04-20,6750,6880,6590,6690,148840,-0.008888888888888835
2023-04-21,6680,6880,6600,6680,105020,-0.001494768310911776
2023-04-24,6680,6680,6420,6540,80651,-0.020958083832335328
2023-04-25,6550,6600,6290,6430,51677,-0.016819571865443472
2023-04-26,6390,6720,6360,6400,74502,-0.004665629860031051
2023-04-27,6400,6550,6310,6410,37601,0.0015624999999999112
2023-04-28,6420,6870,6310,6640,243053,0.03588143525741039
2023-05-02,6680,6910,6660,6850,130774,0.031626506024096335
2023-05-03,6840,7070,6770,6990,158426,0.020437956204379493
2023-05-04,6900,7200,6830,7060,152614,0.010014306151645114
2023-05-08,7060,7160,6940,6980,64613,-0.011331444759206777
2023-05-09,6870,7010,6710,6960,68814,-0.002865329512893977
2023-05-10,6920,7180,6890,7100,95361,0.02011494252873569
2023-05-11,7170,7170,6810,7000,73698,-0.014084507042253502
2023-05-12,7000,7200,6830,6950,106809,-0.0071428571428571175
2023-05-15,6940,6950,6730,6790,40632,-0.02302158273381294
2023-05-16,6830,6860,6620,6740,56837,-0.007363770250368162
2023-05-17,6740,6820,6680,6760,35119,0.0029673590504450953
2023-05-18,6790,6860,6740,6840,32756,0.01183431952662728
2023-05-19,6870,6870,6740,6840,25447,0.0
2023-05-22,6800,6860,6750,6850,23738,0.0014619883040936088
2023-05-23,6870,6940,6720,6790,32515,-0.008759124087591275
2023-05-24,6780,6830,6620,6620,39070,-0.025036818851251863
2023-05-25,6670,6700,6570,6650,28250,0.004531722054380571
2023-05-26,6660,6680,6490,6530,44682,-0.018045112781954864
2023-05-30,6530,6680,6490,6580,24398,0.007656967840734996
2023-05-31,6580,6710,6570,6570,14932,-0.001519756838905817
2023-06-01,6570,6690,6470,6600,15558,0.004566210045662045
2023-06-02,6600,6720,6600,6700,21966,0.015151515151515138
2023-06-05,6680,6720,6650,6680,9537,-0.0029850746268657025
2023-06-07,6720,6840,6650,6770,35119,0.013473053892215647
2023-06-08,6800,6830,6610,6660,37930,-0.01624815361890697
2023-06-09,6680,6880,6670,6760,30326,0.01501501501501501
2023-06-12,6760,7300,6700,6890,476824,0.019230769230769162
2023-06-13,6890,6960,6730,6870,55873,-0.002902757619738794
2023-06-14,6840,7000,6770,6790,41993,-0.011644832605531286
2023-06-15,6790,6860,6470,6700,54824,-0.013254786450662692
2023-06-16,6700,6800,6670,6700,23986,0.0
2023-06-19,6730,6880,6660,6780,102769,0.011940298507462588
2023-06-20,6780,6780,6700,6710,19264,-0.010324483775811188
2023-06-21,6710,6750,6520,6650,63457,-0.008941877794336861
2023-06-22,6690,6690,6500,6530,57002,-0.018045112781954864
2023-06-23,6680,6680,6430,6470,54004,-0.009188361408882129
2023-06-26,6410,6520,6360,6360,47134,-0.01700154559505407
2023-06-27,6440,6450,6280,6410,58978,0.007861635220125729
2023-06-28,6370,6450,6300,6300,37392,-0.01716068642745705
2023-06-29,6300,6340,6150,6200,42491,-0.015873015873015928
2023-06-30,6250,6530,6150,6410,34602,0.03387096774193554
2023-07-03,6460,6460,6350,6410,34080,0.0
2023-07-04,6440,6440,6290,6360,13022,-0.007800312012480548
2023-07-05,6360,6360,6060,6240,59555,-0.018867924528301883
2023-07-06,6180,6190,6040,6170,63492,-0.011217948717948678
2023-07-07,6030,6280,6030,6250,61911,0.01296596434359798
2023-07-10,6200,6430,6190,6330,27023,0.012799999999999923
2023-07-11,6390,6390,6270,6340,20109,0.0015797788309637184
2023-07-12,6400,6430,6300,6400,45854,0.009463722397476282
2023-07-13,6410,7050,6350,6560,716497,0.02499999999999991
2023-07-14,6510,6620,6400,6550,72174,-0.0015243902439023849
2023-07-17,6490,6620,6380,6590,65222,0.006106870229007688
2023-07-18,6550,6590,6430,6550,33529,-0.006069802731411222
2023-07-19,6610,6610,6300,6360,43106,-0.02900763358778624
2023-07-20,6300,6360,6200,6280,53485,-0.012578616352201255
2023-07-21,6250,6500,6210,6300,20147,0.0031847133757962887
2023-07-24,6230,6380,6050,6100,83010,-0.031746031746031744
2023-07-25,6030,6240,6030,6190,38450,0.014754098360655776
2023-07-26,6190,6190,5790,5960,95111,-0.037156704361874016
2023-07-27,5960,6150,5960,6100,20606,0.02348993288590595
2023-07-28,6150,6240,6060,6220,32931,0.01967213114754096
2023-07-31,6080,6250,6080,6250,56798,0.004823151125401992
2023-08-01,6250,6320,6170,6320,60905,0.011200000000000099
2023-08-02,6320,6390,6240,6280,28949,-0.006329113924050667
2023-08-03,6280,6370,6110,6370,44125,0.014331210191082855
2023-08-04,6380,6410,6270,6350,23428,-0.0031397174254317317
2023-08-07,6300,6370,6250,6360,28940,0.0015748031496063408
2023-08-08,6420,6420,6210,6220,43221,-0.022012578616352196
2023-08-09,6300,6300,6140,6200,10619,-0.003215434083601254
2023-08-10,6290,6290,6130,6180,37656,-0.003225806451612856
2023-08-11,6290,6290,6170,6190,24173,0.0016181229773462036
2023-08-14,6240,6280,6140,6280,21081,0.01453957996768973
2023-08-16,6280,6350,6150,6250,27645,-0.004777070063694322
2023-08-17,6170,6310,6100,6220,29716,-0.0048000000000000265
2023-08-18,6170,6270,6140,6190,17213,-0.004823151125401881
2023-08-21,6190,6290,6160,6270,36773,0.01292407108239102
2023-08-22,6280,6440,6260,6290,51447,0.0031897926634769647
2023-08-23,6290,6470,6270,6430,76301,0.022257551669316422
2023-08-24,6410,6760,6320,6420,93200,-0.0015552099533436836
2023-08-25,6360,6570,6330,6400,106886,-0.0031152647975077885
2023-08-28,6410,6490,6330,6400,57788,0.0
2023-08-29,6410,6460,6380,6400,30372,0.0
2023-08-30,6420,6500,6380,6430,25199,0.004687499999999956
2023-08-31,6400,6590,6400,6540,59152,0.01710730948678063
2023-09-01,6540,6580,6430,6550,36970,0.001529051987767538
2023-09-04,6560,6560,6440,6470,32394,-0.012213740458015265
2023-09-05,6490,6510,6370,6510,46115,0.0061823802163833985
2023-09-06,6500,6550,6420,6500,27227,-0.001536098310291889
2023-09-07,6500,6500,6350,6410,30954,-0.013846153846153841
2023-09-08,6380,6470,6290,6320,35970,-0.01404056162246492
2023-09-11,6340,6460,6340,6440,19785,0.018987341772152
2023-09-12,6450,6480,6340,6340,21419,-0.01552795031055898
2023-09-13,6350,6410,6320,6350,15210,0.001577287066246047
2023-09-14,6380,6390,6320,6350,12061,0.0
2023-09-15,6380,6800,6320,6800,283747,0.07086614173228356
2023-09-18,6830,7150,6720,7000,373023,0.02941176470588225
2023-09-19,6850,7160,6830,6940,124164,-0.008571428571428563
2023-09-20,6830,7360,6830,7220,621399,0.04034582132564846
2023-09-21,7230,7410,7000,7000,217938,-0.030470914127423865
2023-09-22,7020,7460,6700,7430,431357,0.06142857142857139
2023-09-25,7450,7700,7230,7700,596910,0.03633916554508754
2023-09-26,7700,7950,7310,7330,511961,-0.04805194805194801
2023-09-27,7670,7670,7190,7270,380576,-0.008185538881309684
2023-10-04,7160,7240,6800,6810,236223,-0.06327372764786798
2023-10-05,6810,7010,6660,6800,119166,-0.001468428781204123
2023-10-06,6770,7000,6770,6990,36796,0.027941176470588136
2023-10-10,6980,7370,6940,7200,147196,0.030042918454935563
2023-10-11,7290,7300,7100,7200,60354,0.0
2023-10-12,7190,7220,7060,7170,66147,-0.004166666666666652
2023-10-13,7170,7210,6890,7010,52806,-0.02231520223152017
2023-10-16,6970,7160,6880,6950,43966,-0.008559201141226769
2023-10-17,7200,7200,6990,7100,70713,0.021582733812949728
2023-10-18,7200,7200,6910,6970,52134,-0.018309859154929553
2023-10-19,6960,6960,6660,6900,128772,-0.010043041606886627
2023-10-20,6880,7040,6700,6840,64555,-0.008695652173912993
2023-10-23,6780,7050,6770,6860,51073,0.0029239766081872176
2023-10-24,6800,7040,6700,7000,88196,0.020408163265306145
2023-10-25,7030,7070,6840,6870,37671,-0.018571428571428572
2023-10-26,6800,6870,6730,6780,45374,-0.013100436681222738
2023-10-27,6760,7030,6730,6880,47913,0.014749262536873253
2023-10-30,6830,7040,6830,7000,30964,0.01744186046511631
2023-10-31,6990,7070,6890,6940,30180,-0.008571428571428563
2023-11-01,6940,7620,6940,7580,424891,0.09221902017291073
2023-11-02,7530,7670,7090,7160,372045,-0.0554089709762533
2023-11-03,7170,7270,7080,7090,77567,-0.009776536312849138
2023-11-06,7110,7340,7040,7190,123258,0.014104372355430161
2023-11-07,7200,7260,7150,7250,55554,0.008344923504867818
2023-11-08,7220,7340,7100,7150,101940,-0.01379310344827589
2023-11-09,7200,7230,7120,7200,50525,0.006993006993007089
2023-11-10,7160,7220,7130,7190,26912,-0.001388888888888884
2023-11-13,7190,7210,6970,6970,89758,-0.030598052851182223
2023-11-14,6960,7070,6930,7000,17272,0.004304160688665792
2023-11-15,7120,7170,7000,7090,40325,0.0128571428571429
2023-11-16,7100,7130,7040,7100,26380,0.0014104372355430161
2023-11-17,7100,7140,6960,7100,41904,0.0
2023-11-20,7100,7150,7030,7150,96332,0.007042253521126751
2023-11-21,7160,7330,7110,7300,115706,0.020979020979021046
2023-11-22,7300,7310,7160,7230,55259,-0.009589041095890427
2023-11-23,7160,7370,7160,7240,117530,0.0013831258644536604
2023-11-24,7320,7560,7220,7560,121780,0.04419889502762442
2023-11-27,7520,7560,7400,7500,99775,-0.007936507936507908
2023-11-28,7380,7490,7100,7170,215981,-0.04400000000000004
2023-11-29,7140,7310,7100,7270,74709,0.013947001394700065
2023-11-30,7270,7310,7220,7310,43093,0.005502063273727709
2023-12-01,7320,7410,7260,7330,36996,0.002735978112175186
2023-12-04,7360,7360,6820,6860,176595,-0.06412005457025916
2023-12-05,6850,6920,6750,6870,102059,0.001457725947521915
2023-12-06,6850,7040,6770,6980,57239,0.01601164483260553
2023-12-07,6920,7000,6860,6980,33626,0.0
2023-12-08,6980,6990,6830,6930,59572,-0.007163323782234943
2023-12-11,6990,7040,6830,6890,101827,-0.005772005772005762
2023-12-12,6890,6890,6760,6790,73241,-0.014513788098693747
2023-12-13,6770,6770,6610,6650,60255,-0.020618556701030966
2023-12-14,6650,6750,6610,6690,75239,0.006015037593984918
2023-12-15,6690,6720,6620,6630,79357,-0.008968609865470878
2023-12-18,6590,6840,6590,6710,55851,0.012066365007541435
2023-12-19,6710,6820,6670,6700,26248,-0.0014903129657227732
2023-12-20,6790,6790,6670,6720,35715,0.0029850746268655914
2023-12-21,6750,6870,6660,6800,60349,0.011904761904761862
2023-12-22,6800,6900,6740,6850,41129,0.007352941176470562
2023-12-26,6810,6940,6800,6930,73480,0.011678832116788218
2023-12-27,6880,7010,6800,6890,99871,-0.005772005772005762
2023-12-28,6890,7000,6830,6880,41556,-0.0014513788098693414
2024-01-02,6880,6880,6680,6820,79878,-0.008720930232558155
2024-01-03,6710,6850,6640,6670,64386,-0.021994134897360684
2024-01-04,6650,6710,6500,6560,85832,-0.016491754122938573
2024-01-05,6520,6570,6450,6490,59957,-0.010670731707317027
2024-01-08,6490,6490,6420,6450,25799,-0.006163328197226536
2024-01-09,6490,6490,6350,6460,50610,0.0015503875968991832
2024-01-10,6410,6630,6320,6360,50322,-0.015479876160990669
2024-01-11,6360,6530,6300,6390,27829,0.004716981132075526
2024-01-12,6390,6390,6170,6190,99340,-0.031298904538341166
2024-01-15,6190,6310,6160,6200,27509,0.001615508885298933
2024-01-16,6170,6260,6150,6220,18558,0.003225806451612856
2024-01-17,6180,6190,6050,6070,60608,-0.024115755627009627
2024-01-18,6070,6210,6070,6160,14787,0.014827018121911006
2024-01-19,6160,6320,6150,6230,30344,0.011363636363636465
2024-01-22,6380,6740,6350,6480,208107,0.0401284109149278
2024-01-23,6410,6600,6340,6390,61134,-0.01388888888888884
2024-01-24,6330,6400,6250,6270,37706,-0.018779342723004744
2024-01-25,6290,6380,6190,6270,27432,0.0
2024-01-26,6270,6320,6180,6260,35443,-0.0015948963317384823
2024-01-29,6300,6300,6110,6140,38660,-0.019169329073482455
2024-01-30,6120,6220,6120,6210,11144,0.01140065146579805
2024-01-31,6190,6430,6190,6250,52884,0.006441223832528209
2024-02-01,6250,6280,6200,6250,16397,0.0
2024-02-02,6260,6340,6250,6310,9524,0.009600000000000053
2024-02-05,6280,6350,6210,6320,15839,0.0015847860538826808
2024-02-06,6260,6340,6200,6290,23326,-0.004746835443038
2024-02-07,6290,6520,6290,6460,24738,0.027027027027026973
2024-02-08,6460,6550,6400,6420,23381,-0.006191950464396245
2024-02-13,6460,6460,6400,6440,32742,0.0031152647975076775
2024-02-14,6440,6500,6400,6480,15181,0.006211180124223503
2024-02-15,6520,6520,6410,6440,15175,-0.006172839506172867
2024-02-16,6420,6520,6370,6470,18634,0.004658385093167627
2024-02-19,6420,6480,6390,6440,19025,-0.004636785162287493
2024-02-20,6400,6450,6210,6260,43802,-0.02795031055900621
2024-02-21,6260,6270,6190,6230,31350,-0.004792332268370614
2024-02-22,6220,6270,6160,6260,33052,0.0048154093097914075
2024-02-23,6250,6280,6220,6260,17101,0.0
2024-02-26,6250,6300,6210,6250,18954,-0.0015974440894568342
2024-02-27,6200,6280,6170,6230,28671,-0.0031999999999999806
2024-02-28,6230,6290,6160,6260,24281,0.0048154093097914075
2024-02-29,6220,6260,6150,6230,33638,-0.004792332268370614
2024-03-04,6230,6260,6070,6120,64390,-0.017656500802568198
2024-03-05,6080,6140,5970,6030,80961,-0.014705882352941124
2024-03-06,6020,6090,6010,6070,22201,0.0066334991708125735
2024-03-07,6050,6100,5990,6070,33265,0.0
2024-03-08,6070,6100,6000,6080,23766,0.0016474464579900872
2024-03-11,6040,6080,6000,6040,34391,-0.006578947368421018
2024-03-12,6040,6090,6000,6090,28930,0.008278145695364225
2024-03-13,6050,6180,6050,6160,41961,0.011494252873563315
2024-03-14,6110,6590,6110,6220,356684,0.009740259740259827
2024-03-15,6200,6490,6200,6350,105368,0.020900321543408262
2024-03-18,6350,6600,6350,6500,130272,0.023622047244094446
2024-03-19,6580,6590,6420,6540,82246,0.006153846153846176
2024-03-20,6460,6650,6430,6500,51487,-0.006116207951070374
2024-03-21,6510,6590,6450,6550,66360,0.007692307692307665
2024-03-22,6530,7000,6530,6970,357611,0.06412213740458017
2024-03-25,7000,7040,6850,7000,118373,0.004304160688665792
2024-03-26,7040,7170,6850,6910,157001,-0.0128571428571429
2024-03-27,6860,7030,6860,6930,72638,0.0028943560057888007
2024-03-28,6870,7000,6790,6910,81065,-0.0028860028860029363
2024-03-29,6910,6930,6630,6770,104160,-0.02026049204052094
2024-04-01,6730,6950,6730,6900,61430,0.019202363367799125
2024-04-02,6970,7080,6850,6960,75418,0.008695652173912993
2024-04-03,6870,7050,6850,6990,39852,0.004310344827586299
2024-04-04,6970,7120,6790,6790,96001,-0.028612303290414864
2024-04-05,6790,6830,6680,6830,105194,0.00589101620029453
2024-04-08,6900,7070,6730,7070,152307,0.03513909224011713
2024-04-09,7000,7250,6890,6970,218214,-0.014144271570014189
2024-04-11,6990,7020,6430,6600,345377,-0.05308464849354377
2024-04-12,6590,6830,6530,6740,173653,0.021212121212121238
2024-04-15,6660,6830,6610,6730,88579,-0.0014836795252225476
2024-04-16,6630,6710,6500,6550,71074,-0.026745913818722156
2024-04-17,6480,6670,6470,6590,51744,0.006106870229007688
2024-04-18,6520,6690,6500,6580,38401,-0.0015174506828528056
2024-04-19,6590,6600,6300,6420,75461,-0.024316109422492405
2024-04-22,6400,6660,6400,6580,38290,0.024922118380062308
2024-04-23,6580,6630,6410,6450,64866,-0.019756838905775065
2024-04-24,6500,6520,6430,6440,17345,-0.0015503875968991832
2024-04-25,6420,6440,6310,6350,34637,-0.013975155279503104
2024-04-26,6350,6430,6290,6400,46585,0.007874015748031482
2024-04-29,6440,6490,6360,6490,18177,0.014062500000000089
2024-04-30,6500,6570,6460,6490,20096,0.0
2024-05-02,6450,6670,6410,6530,52909,0.006163328197226425
2024-05-03,6570,6570,6450,6540,19884,0.0015313935681469104
2024-05-07,6510,6570,6420,6480,51779,-0.00917431192660545
2024-05-08,6500,6500,6400,6440,13144,-0.006172839506172867
2024-05-09,6400,6690,6400,6540,78489,0.01552795031055898
2024-05-10,6530,6550,6430,6450,27482,-0.013761467889908285
2024-05-13,6450,6500,6420,6470,25191,0.0031007751937983663
2024-05-14,6510,6520,6420,6470,50268,0.0
2024-05-16,6500,6500,6400,6430,62591,-0.0061823802163832875
2024-05-17,6420,6430,6350,6390,45926,-0.0062208398133748455
2024-05-20,6360,6390,6310,6360,51226,-0.0046948356807511304
2024-05-21,6350,6490,6300,6360,27864,0.0
2024-05-22,6350,6460,6350,6400,18079,0.0062893081761006275
2024-05-23,6430,6520,6350,6450,56668,0.0078125
2024-05-24,6440,6550,6390,6430,36811,-0.0031007751937984773
2024-05-27,6440,6540,6400,6480,56322,0.007776049766718529
2024-05-28,6480,6540,6420,6460,24197,-0.0030864197530864335
2024-05-29,6480,6500,6330,6360,26549,-0.015479876160990669
2024-05-30,6360,6380,6300,6340,29049,-0.0031446540880503138
2024-05-31,6350,6400,6270,6370,44888,0.004731861198738141
2024-06-03,6320,6390,6300,6350,47226,-0.0031397174254317317
2024-06-04,6350,6380,6310,6360,23768,0.0015748031496063408
2024-06-05,6360,6360,6200,6270,105811,-0.014150943396226467
2024-06-07,6270,6310,6230,6280,11753,0.0015948963317384823
2024-06-10,6320,6320,6100,6210,58736,-0.011146496815286677
2024-06-11,6170,6250,6170,6230,26450,0.0032206119162641045
2024-06-12,6220,6230,6160,6170,25454,-0.009630818619582704
2024-06-13,6170,6200,6100,6150,42102,-0.0032414910858995505
2024-06-14,6160,6160,6070,6150,23403,0.0
2024-06-17,6150,6190,6100,6150,18006,0.0
2024-06-18,6150,6160,6110,6150,15129,0.0
2024-06-19,6110,6200,6110,6140,24197,-0.001626016260162566
2024-06-20,6170,6170,6090,6120,26145,-0.0032573289902280145
2024-06-21,6100,6270,6100,6260,53790,0.02287581699346397
2024-06-24,6230,6280,6170,6220,26368,-0.006389776357827448
2024-06-25,6220,6250,6170,6210,15854,-0.001607717041800627
2024-06-26,6190,6230,6140,6190,26865,-0.0032206119162641045
2024-06-27,6140,6200,6110,6120,13987,-0.011308562197092087
2024-06-28,6140,6230,6110,6220,16477,0.016339869281045694
2024-07-01,6200,6590,6170,6550,179089,0.05305466237942125
2024-07-02,6400,6640,6400,6530,71068,-0.003053435114503844
2024-07-03,6530,6610,6490,6530,54706,0.0
2024-07-04,6540,6590,6310,6330,40476,-0.030627871362940318
2024-07-05,6370,6380,6240,6290,29406,-0.006319115323854652
2024-07-08,6300,6400,6280,6380,15387,0.014308426073131875
2024-07-09,6390,6410,6320,6390,31271,0.0015673981191222097
2024-07-10,6350,6490,6330,6420,22973,0.0046948356807512415
2024-07-11,6360,6460,6350,6450,31754,0.004672897196261738
2024-07-12,6420,6560,6390,6520,28519,0.010852713178294504
2024-07-15,6520,6790,6470,6760,94326,0.036809815950920255
2024-07-16,6760,6760,6660,6700,46159,-0.00887573964497046
2024-07-17,6760,6760,6460,6520,72570,-0.0268656716417911
2024-07-18,6460,6750,6440,6650,93707,0.019938650306748462
2024-07-19,6640,6650,6480,6520,50125,-0.019548872180451093
2024-07-22,6520,7030,6510,6720,272770,0.030674846625766916
2024-07-23,6720,6870,6660,6700,67358,-0.0029761904761904656
2024-07-24,6620,6800,6570,6620,55086,-0.011940298507462699
2024-07-25,6510,6640,6480,6550,34862,-0.010574018126888185
2024-07-26,6540,6690,6470,6640,35826,0.013740458015267132
2024-07-29,6580,6680,6560,6630,25661,-0.001506024096385561
2024-07-30,6560,6570,6360,6370,78456,-0.039215686274509776
2024-07-31,6360,6390,6290,6340,49460,-0.004709576138147598
2024-08-01,6340,6440,6310,6430,26650,0.014195583596214423
2024-08-02,6400,6400,6210,6290,57867,-0.021772939346811793
2024-08-05,6180,6180,5620,5850,308522,-0.06995230524642293
2024-08-06,5900,6150,5900,6000,88754,0.02564102564102555
2024-08-07,6030,6160,6010,6130,16366,0.021666666666666723
2024-08-08,6120,6190,5990,6130,49668,0.0
2024-08-09,6130,6290,6120,6170,71294,0.006525285481239873
2024-08-12,6180,6220,6150,6200,12961,0.004862236628849326
2024-08-13,6270,6270,6090,6200,33449,0.0
2024-08-14,6230,6510,6190,6480,77867,0.04516129032258065
2024-08-16,6520,6800,6520,6640,136378,0.024691358024691468
2024-08-19,6640,6640,6440,6540,51407,-0.015060240963855387
2024-08-20,6540,6630,6470,6510,31329,-0.004587155963302725
2024-08-21,6550,6570,6450,6550,33215,0.006144393241167334
2024-08-22,6550,6700,6410,6470,22659,-0.012213740458015265
2024-08-23,6500,6500,6390,6430,14098,-0.0061823802163832875
2024-08-26,6430,6520,6320,6330,30279,-0.015552099533437058
2024-08-27,6320,6510,6310,6400,11158,0.011058451816745585
2024-08-28,6470,6470,6300,6330,28380,-0.010937500000000044
2024-08-29,6330,6400,6270,6290,29556,-0.006319115323854652
2024-08-30,6330,6390,6310,6380,19227,0.014308426073131875
2024-09-02,6450,6510,6320,6380,15695,0.0
2024-09-03,6400,6400,6310,6370,8338,-0.0015673981191222097
2024-09-04,6250,6340,6200,6240,35795,-0.020408163265306145
2024-09-05,6240,6360,6190,6230,20297,-0.0016025641025640969
2024-09-06,6230,6390,6140,6290,37791,0.009630818619582593
2024-09-09,6270,6610,6220,6490,55588,0.031796502384737746
2024-09-10,6510,6620,6430,6450,24679,-0.006163328197226536
2024-09-11,6570,6610,6390,6450,19391,0.0
2024-09-12,6450,6590,6400,6520,35785,0.010852713178294504
2024-09-13,6500,6680,6470,6600,15241,0.012269938650306678
2024-09-19,6600,6750,6540,6730,39898,0.01969696969696977
2024-09-20,6750,6810,6590,6770,73671,0.005943536404160454
2024-09-23,6760,7020,6720,6740,85709,-0.004431314623338234
2024-09-24,6790,6850,6730,6790,45583,0.007418397626112849
2024-09-25,6790,6950,6760,6770,55648,-0.002945508100147265
2024-09-26,6770,6900,6700,6780,31132,0.001477104874446189
2024-09-27,6760,6850,6740,6780,29919,0.0
2024-09-30,6760,6820,6660,6670,23694,-0.016224188790560423
2024-10-02,6610,6920,6550,6780,65044,0.016491754122938573
2024-10-04,6700,6900,6610,6800,29730,0.002949852507374562
2024-10-07,6780,6840,6660,6710,29319,-0.013235294117647012
2024-10-08,6710,6750,6680,6730,15911,0.0029806259314455463
2024-10-10,6750,6750,6680,6700,18316,-0.004457652303120341
2024-10-11,6700,6720,6530,6530,80652,-0.025373134328358193
2024-10-14,6460,6540,6270,6430,143206,-0.015313935681470103
2024-10-15,6450,6480,6340,6390,57376,-0.0062208398133748455
2024-10-16,6340,6500,6320,6480,38572,0.014084507042253502
2024-10-17,6410,6540,6400,6470,21004,-0.0015432098765432167
2024-10-18,6470,6550,6420,6470,15474,0.0
2024-10-21,6410,6560,6400,6500,16846,0.004636785162287493
2024-10-22,6560,6560,6400,6460,11244,-0.006153846153846176
2024-10-23,6490,6530,6390,6470,26942,0.001547987616099089
2024-10-24,6420,6530,6400,6410,19543,-0.009273570324574987
2024-10-25,6410,6520,6350,6440,53880,0.004680187207488196
2024-10-28,6480,6600,6410,6550,23013,0.017080745341614856
2024-10-29,6490,6580,6470,6550,13333,0.0
2024-10-30,6600,6880,6580,6740,86305,0.02900763358778624
2024-10-31,6740,6900,6640,6880,89917,0.020771513353115667
2024-11-01,6870,7040,6730,6770,87929,-0.015988372093023284
2024-11-04,6780,6940,6720,6750,69320,-0.002954209748892156
2024-11-05,6750,6900,6740,6820,43482,0.010370370370370363
2024-11-06,6820,6850,6690,6830,59194,0.0014662756598240456
2024-11-07,6820,6950,6730,6900,40193,0.01024890190336758
2024-11-08,6840,6940,6840,6930,23741,0.004347826086956497
2024-11-11,6960,6960,6800,6800,26682,-0.018759018759018753
2024-11-12,6760,6840,6670,6800,35465,0.0
2024-11-13,6730,6810,6610,6700,58795,-0.014705882352941124
2024-11-14,6700,6900,6700,6760,71484,0.008955223880596996
2024-11-15,6760,7090,6680,7000,174098,0.035502958579881616
2024-11-18,6950,7110,6800,7050,158610,0.0071428571428571175
2024-11-19,7050,7200,6940,6950,99269,-0.014184397163120588
2024-11-20,6950,7330,6950,7310,184274,0.05179856115107917
2024-11-21,7120,7310,7060,7160,122474,-0.020519835841313228
2024-11-22,7090,7300,6690,6730,284322,-0.06005586592178769
2024-11-25,6060,6260,5700,6100,1010846,-0.09361069836552749
2024-11-26,6100,6420,5920,6330,241791,0.03770491803278686
2024-11-27,6330,6330,5980,6080,182758,-0.03949447077409163
2024-11-28,6120,6120,5980,6090,67986,0.00164473684210531
2024-11-29,6090,6250,5910,5910,236987,-0.029556650246305383
2024-12-02,5910,6050,5790,6050,100242,0.02368866328257191
2024-12-03,6100,6450,6050,6290,177519,0.03966942148760322
2024-12-04,6620,6700,5950,6530,773379,0.038155802861685295
2024-12-05,6350,6370,6020,6080,285880,-0.06891271056661563
2024-12-06,6080,6600,6030,6360,564423,0.046052631578947345
2024-12-09,6360,8260,6280,7660,3736924,0.2044025157232705
2024-12-10,7500,8910,7380,8460,3254381,0.10443864229765021
2024-12-11,9680,10560,8900,10230,6013141,0.20921985815602828
2024-12-12,9940,10400,9070,9610,3455058,-0.06060606060606055
2024-12-13,9460,9590,8690,9490,1224670,-0.012486992715920908
2024-12-16,10360,11330,9210,9350,4966133,-0.01475237091675452
2024-12-17,9210,9700,8720,9040,1010187,-0.03315508021390379
2024-12-18,8960,9960,8840,9590,2052599,0.06084070796460184
2024-12-19,9300,9640,9060,9110,597924,-0.05005213764337857
2024-12-20,8990,9080,8420,8500,478697,-0.06695938529088918
2024-12-23,8510,8950,8510,8740,341710,0.028235294117647136
2024-12-24,8800,9020,8430,8590,330646,-0.017162471395881007
2024-12-26,9430,9770,9070,9110,1654933,0.060535506402793926
2024-12-27,9110,9270,8900,9110,505936,0.0
2024-12-30,8950,9040,8500,8650,493295,-0.05049396267837536
2025-01-02,8970,10090,8960,9590,1447519,0.10867052023121393
2025-01-03,9710,10440,9600,10120,1572874,0.05526590198123049
2025-01-06,9830,9830,9150,9250,1114507,-0.08596837944664026
2025-01-07,9200,9290,9030,9230,348342,-0.00216216216216214
2025-01-08,9100,9270,9020,9130,283715,-0.010834236186348822
2025-01-09,9220,9440,9040,9250,543060,0.013143483023001057
2025-01-10,9330,9500,9160,9490,499261,0.025945945945945903
2025-01-13,9330,9380,8950,9000,343078,-0.05163329820864071
2025-01-14,9130,9190,8910,9140,160240,0.015555555555555545
2025-01-15,9170,9340,8840,8990,342485,-0.01641137855579866
2025-01-16,8990,9190,8950,9140,276476,0.016685205784204626
2025-01-17,9150,9600,8940,9500,446237,0.03938730853391692
2025-01-20,9360,9610,9210,9360,382194,-0.01473684210526316
2025-01-21,9350,9410,9070,9120,168351,-0.02564102564102566
2025-01-22,9110,9380,8810,8820,357257,-0.03289473684210531
2025-01-23,9080,9790,9080,9410,1217499,0.06689342403628107
2025-01-24,9410,9500,9150,9280,316411,-0.01381509032943673
2025-01-31,9880,11870,9690,11280,7719050,0.21551724137931028
2025-02-03,11600,12100,11090,11200,2789910,-0.007092198581560294
2025-02-04,11090,11390,10720,11050,916247,-0.013392857142857095
2025-02-05,10940,11370,10820,11090,1145245,0.0036199095022624306
2025-02-06,10940,11040,10650,10690,638465,-0.03606853020739409
2025-02-07,10480,10640,9810,9880,732223,-0.07577174929840969
2025-02-10,9670,10270,9670,10160,388353,0.028340080971659853
2025-02-11,10150,10390,10010,10390,212347,0.02263779527559051
2025-02-12,10240,10250,9220,9600,527534,-0.07603464870067378
2025-02-13,9480,10210,9480,9960,447983,0.03750000000000009
2025-02-14,9960,10450,9960,10330,331556,0.03714859437751006
2025-02-17,9910,10260,9500,10200,242616,-0.012584704743465625
2025-02-18,10110,10440,10080,10400,179617,0.019607843137254832
2025-02-19,10390,10600,10060,10570,267134,0.016346153846153788
2025-02-20,10590,10640,10320,10500,155881,-0.0066225165562914245
2025-02-21,10500,10770,10030,10040,310249,-0.043809523809523854
2025-02-24,10060,10390,9910,10270,284682,0.02290836653386452
2025-02-25,10270,10350,9980,10300,167384,0.0029211295034079487
2025-02-26,10300,10390,9500,9710,387036,-0.057281553398058294
2025-02-27,9600,9740,9160,9500,344702,-0.02162718846549949
2025-02-28,9380,9630,9280,9440,156456,-0.0063157894736841635
2025-03-04,9240,9270,8490,8570,334724,-0.09216101694915257
2025-03-05,8470,8970,8470,8840,108544,0.031505250875145885
2025-03-06,8820,8980,8690,8970,84874,0.014705882352941124
2025-03-07,8780,8970,8000,8500,314851,-0.05239687848383501
2025-03-10,8250,8480,8200,8330,172690,-0.020000000000000018
2025-03-11,8230,8500,8150,8500,98585,0.020408163265306145
2025-03-12,8290,8590,8290,8420,102696,-0.009411764705882342
2025-03-13,8390,8540,8270,8500,90052,0.009501187648456089
2025-03-14,8450,8820,8430,8740,93339,0.028235294117647136
2025-03-17,8740,8970,8690,8810,162791,0.008009153318077722
2025-03-18,8780,8860,8630,8780,96010,-0.0034052213393870323
2025-03-19,8750,8770,8170,8170,218752,-0.0694760820045558
2025-03-20,8010,8100,7140,7420,690573,-0.09179926560587515
2025-03-21,7320,7570,7100,7420,268666,0.0
2025-03-24,7310,7590,7220,7310,165191,-0.014824797843665749
2025-03-25,7310,7420,7180,7320,126784,0.001367989056087593
2025-03-26,7360,7560,7310,7340,136848,0.002732240437158362
2025-03-27,7300,7620,7140,7370,199921,0.004087193460490468
2025-03-28,7370,7520,7090,7170,177394,-0.027137042062415184
2025-03-31,7020,7030,6850,6930,144985,-0.03347280334728031
2025-04-01,6930,7980,6930,7570,547283,0.09235209235209241
2025-04-02,7750,7770,7240,7450,196735,-0.015852047556142668
2025-04-03,7330,7730,6920,7130,478083,-0.04295302013422819
2025-04-04,7190,9260,6840,8940,4312923,0.2538569424964936
2025-04-07,8840,9470,8320,8890,2785035,-0.005592841163310935
2025-04-08,9330,11440,9210,10430,6273468,0.17322834645669283
2025-04-09,10400,10400,9090,9220,1233098,-0.11601150527325021
2025-04-10,9300,9320,8640,9040,853199,-0.0195227765726681
2025-04-11,9060,9060,8120,8290,857120,-0.0829646017699115
2025-04-14,5810,6100,5810,5870,6693552,-0.29191797346200243
2025-04-15,5900,5970,5770,5800,1176313,-0.011925042589437829
2025-04-16,5860,5870,5560,5590,851747,-0.036206896551724155
2025-04-17,5570,5650,5510,5580,495265,-0.0017889087656529634
2025-04-18,5590,5700,5530,5650,439384,0.012544802867383575
2025-04-21,5640,5670,5520,5530,438279,-0.0212389380530974
2025-04-22,5550,5560,5410,5440,379502,-0.016274864376130238
2025-04-23,5470,5550,5400,5540,376777,0.018382352941176405
2025-04-24,5610,5810,5570,5770,652412,0.041516245487364545
2025-04-25,5780,5850,5700,5810,282781,0.006932409012131657
2025-04-28,5780,5850,5710,5720,244035,-0.015490533562822706
2025-04-29,5720,5780,5590,5600,409177,-0.020979020979020935
2025-04-30,5600,5650,5500,5570,208457,-0.005357142857142838
2025-05-02,5570,5700,5520,5670,106917,0.01795332136445249
2025-05-07,5670,5800,5600,5780,202087,0.01940035273368612
2025-05-08,5740,5810,5730,5760,100134,-0.0034602076124568004
2025-05-09,5750,5760,5600,5660,187657,-0.01736111111111116
2025-05-12,5670,5790,5660,5740,169179,0.014134275618374659
2025-05-13,5730,5760,5650,5730,202890,-0.0017421602787456303
2025-05-14,5700,5830,5660,5740,178301,0.0017452006980802626
2025-05-15,5750,5790,5660,5680,149629,-0.010452961672473893
2025-05-16,5680,5700,5600,5640,92819,-0.007042253521126751
2025-05-19,5640,5700,5600,5640,111320,0.0
2025-05-20,5640,5700,5610,5670,101507,0.005319148936170137
2025-05-21,5680,5860,5640,5760,895430,0.015873015873015817
2025-05-22,5750,5960,5700,5860,443973,0.01736111111111116
2025-05-23,5860,6020,5840,5970,319192,0.018771331058020424
2025-05-26,5940,6180,5940,6180,235223,0.035175879396984966
2025-05-27,6190,6230,5720,5760,400999,-0.06796116504854366
2025-05-28,5800,5870,5760,5840,105921,0.01388888888888884
2025-05-29,5850,5900,5820,5880,105056,0.006849315068493178
2025-05-30,5870,5900,5720,5730,212253,-0.025510204081632626
2025-06-02,5740,5800,5680,5760,63444,0.005235602094240788
2025-06-04,5780,5930,5720,5850,198672,0.015625
2025-06-05,5860,5900,5800,5840,109322,-0.0017094017094017033
2025-06-09,5840,5900,5830,5870,144443,0.005136986301369939
2025-06-10,5900,5900,5820,5850,96228,-0.0034071550255536653
2025-06-11,5840,5930,5840,5920,93208,0.011965811965811923
2025-06-12,5880,5930,5860,5900,112709,-0.0033783783783783994
2025-06-13,5910,5910,5750,5810,174306,-0.015254237288135575
2025-06-16,5800,5890,5720,5870,175766,0.010327022375215211
2025-06-17,5890,5920,5800,5860,73570,-0.0017035775127768327
2025-06-18,5830,5920,5810,5830,99251,-0.005119453924914641
2025-06-19,5850,5850,5790,5830,76492,0.0
2025-06-20,5830,5860,5760,5840,64820,0.0017152658662091813
2025-06-23,5840,5850,5670,5700,131218,-0.023972602739726012
2025-06-24,5750,5820,5750,5810,65208,0.019298245614035148
2025-06-25,5830,5830,5770,5790,84899,-0.0034423407917383297
2025-06-26,5790,5830,5730,5780,79107,-0.0017271157167529916
2025-06-27,5770,5800,5490,5650,325075,-0.02249134948096887
2025-06-30,5650,5700,5590,5630,95131,-0.0035398230088495852
2025-07-01,5650,5680,5590,5670,91480,0.007104795737122638
2025-07-02,5670,5670,5560,5650,66275,-0.003527336860670194
2025-07-03,5650,5700,5580,5660,257604,0.001769911504424737
2025-07-04,5670,5690,5580,5600,96870,-0.010600706713780883
2025-07-07,5600,5650,5570,5600,47400,0.0
2025-07-08,5600,5640,5580,5610,58677,0.0017857142857142794
2025-07-09,5610,5700,5600,5700,66771,0.016042780748663166
2025-07-10,5740,5740,5630,5690,30032,-0.0017543859649122862
2025-07-11,5690,5720,5670,5690,31228,0.0
2025-07-14,5690,5730,5670,5710,48930,0.0035149384885764245
2025-07-15,5730,5730,5670,5710,39526,0.0
2025-07-16,5660,5710,5650,5690,36046,-0.003502626970227629
2025-07-17,5690,5720,5640,5720,46608,0.005272407732864748
2025-07-18,5730,5750,5680,5740,79385,0.0034965034965035446
2025-07-21,5750,5800,5730,5730,84559,-0.0017421602787456303
2025-07-22,5730,5750,5630,5660,57563,-0.012216404886561949
2025-07-23,5690,5690,5600,5650,40669,-0.0017667844522968323
2025-07-24,5630,5650,5580,5590,74299,-0.010619469026548645
2025-07-25,5580,5630,5570,5590,42775,0.0
2025-07-28,5590,5680,5550,5640,76766,0.008944543828264706
2025-07-29,5640,5750,5590,5710,97077,0.012411347517730542
2025-07-30,5710,5750,5640,5670,42682,-0.007005253940455369
2025-07-31,5700,5750,5670,5740,76416,0.012345679012345734
2025-08-01,5740,5750,5630,5680,133164,-0.010452961672473893
2025-08-04,5680,5800,5630,5720,71258,0.007042253521126751
2025-08-05,5710,5780,5700,5740,48209,0.0034965034965035446
2025-08-06,5740,5760,5700,5700,24398,-0.006968641114982632
2025-08-07,5720,5780,5700,5750,63982,0.00877192982456143
2025-08-08,5710,5760,5710,5750,32466,0.0
2025-08-11,5750,5760,5710,5730,49518,-0.003478260869565264
2025-08-12,5770,5850,5730,5830,99653,0.017452006980802848
2025-08-13,5830,5960,5800,5930,128070,0.0171526586620927
2025-08-14,5920,6000,5870,5880,92883,-0.00843170320404718
2025-08-18,5920,5920,5780,5910,67101,0.005102040816326481
2025-08-19,5910,5940,5880,5890,50028,-0.0033840947546531774
2025-08-20,5900,6010,5800,6010,84609,0.02037351443123936
2025-08-21,6020,6240,5980,6090,213696,0.01331114808652245
2025-08-22,6100,6240,6040,6170,62951,0.013136288998357948
2025-08-25,6240,6250,6150,6210,43408,0.006482982171799101
2025-08-26,6150,6230,6030,6170,62466,-0.006441223832528209
2025-08-27,6150,6200,6090,6140,36628,-0.004862236628849326
2025-08-28,6080,6200,6000,6150,52752,0.0016286644951140072
2025-08-29,6220,6220,6110,6140,53537,-0.001626016260162566
2025-09-01,6090,6170,6050,6110,53475,-0.004885993485342022
2025-09-02,6160,6240,6150,6240,82704,0.02127659574468077
2025-09-03,6240,6290,6210,6260,70651,0.0032051282051281937
2025-09-04,6260,6330,6240,6270,74145,0.0015974440894568342
2025-09-05,6290,6660,6250,6500,236117,0.03668261562998398
2025-09-08,6590,6650,6450,6650,145649,0.023076923076922995
2025-09-09,6670,6680,6570,6660,101630,0.0015037593984963404
