Date,Open,High,Low,Close,Volume,Change
2022-01-03,2759,2801,2745,2764,466264,0.0032667876588021727
2022-01-04,2764,2797,2722,2769,687712,0.0018089725036178894
2022-01-05,2773,2777,2689,2689,744314,-0.02889129649693034
2022-01-06,2661,2680,2539,2554,957741,-0.05020453700260319
2022-01-07,2553,2628,2553,2582,366175,0.010963194988253822
2022-01-10,2586,2801,2586,2615,1792411,0.012780790085205274
2022-01-11,2624,2628,2535,2540,542292,-0.028680688336520044
2022-01-12,2543,2600,2534,2572,347032,0.012598425196850505
2022-01-13,2577,2581,2516,2521,383496,-0.01982892690513216
2022-01-14,2479,2521,2409,2428,637651,-0.03689012296707661
2022-01-17,2427,2437,2292,2353,650035,-0.030889621087314634
2022-01-18,2334,2386,2250,2288,417950,-0.027624309392265234
2022-01-19,2245,2390,2236,2274,701158,-0.006118881118881148
2022-01-20,2273,2390,2273,2358,748002,0.03693931398416894
2022-01-21,2329,2484,2325,2442,1105674,0.03562340966921118
2022-01-24,2469,2590,2436,2460,3413950,0.0073710073710073765
2022-01-25,2492,2726,2432,2717,8176528,0.10447154471544717
2022-01-26,2759,2783,2582,2615,3579114,-0.037541405962458585
2022-01-27,2647,2740,2572,2591,3431855,-0.009177820267686432
2022-01-28,2619,2769,2591,2657,4517606,0.025472790428406
2022-02-03,2777,3053,2721,3053,12253394,0.14904027098231087
2022-02-04,2997,3015,2698,2731,5920889,-0.10547002947920081
2022-02-07,2801,2895,2717,2811,6283234,0.029293299157817643
2022-02-08,2773,2782,2604,2633,2408692,-0.06332266097474204
2022-02-09,2637,2829,2614,2708,4833832,0.028484618306114706
2022-02-10,2694,2839,2633,2643,3353560,-0.02400295420974885
2022-02-11,2708,2712,2525,2540,1267301,-0.03897086643965186
2022-02-14,2474,2539,2357,2367,1405972,-0.06811023622047241
2022-02-15,2339,2418,2236,2241,795887,-0.05323193916349811
2022-02-16,2338,2390,2306,2381,616359,0.062472110664881786
2022-02-17,2404,2469,2254,2390,821168,0.0037799244015119804
2022-02-18,2371,2450,2329,2390,646704,0.0
2022-02-21,2334,2595,2315,2437,2491405,0.01966527196652712
2022-02-22,2339,2460,2329,2358,788250,-0.03241690603200653
2022-02-23,2381,2451,2343,2386,552483,0.01187446988973706
2022-02-24,2348,2408,2240,2292,979765,-0.039396479463537304
2022-02-25,2316,2362,2297,2302,496028,0.0043630017452007674
2022-02-28,2306,2404,2287,2325,392391,0.009991311902693312
2022-03-02,2343,2456,2311,2358,888547,0.014193548387096744
2022-03-03,2375,2427,2375,2418,564063,0.025445292620865034
2022-03-04,2409,2423,2358,2358,382249,-0.02481389578163773
2022-03-07,2348,2348,2241,2274,404166,-0.03562340966921118
2022-03-08,2222,2283,2203,2269,311910,-0.0021987686895338365
2022-03-10,2292,2381,2292,2325,557797,0.024680475980608296
2022-03-11,2324,2385,2315,2376,467275,0.021935483870967776
2022-03-14,2442,2829,2418,2671,20095837,0.12415824915824913
2022-03-15,2670,3184,2637,2932,38065336,0.09771621115687013
2022-03-16,3057,3113,2880,2885,8770498,-0.016030013642564844
2022-03-17,2932,2988,2880,2923,4648026,0.013171577123050282
2022-03-18,2885,3020,2871,2946,5577212,0.007868628121792787
2022-03-21,2923,2951,2880,2895,1558936,-0.01731160896130346
2022-03-22,2884,2987,2880,2941,1944022,0.015889464594127878
2022-03-23,2950,2979,2904,2979,2596515,0.012920775246514804
2022-03-24,3380,3427,2969,2979,16673236,0.0
2022-03-25,2978,3127,2917,3011,6843009,0.010741859684457955
2022-03-28,3020,3053,2787,2806,3704928,-0.06808369312520757
2022-03-29,2800,2866,2763,2829,1471759,0.008196721311475308
2022-03-30,2945,3015,2801,2801,4468922,-0.009897490279250576
2022-03-31,2791,2857,2782,2857,902554,0.019992859692966825
2022-04-01,2825,2848,2740,2755,1338329,-0.03570178508925448
2022-04-04,2754,2782,2698,2731,838055,-0.008711433756805831
2022-04-05,2754,2791,2721,2745,779299,0.0051263273526180875
2022-04-06,2735,2735,2698,2703,432279,-0.015300546448087426
2022-04-07,2670,2675,2596,2596,675821,-0.03958564557898636
2022-04-08,2614,2699,2610,2685,757722,0.03428351309707245
2022-04-11,2656,2712,2651,2680,387794,-0.0018621973929237035
2022-04-12,2638,2666,2600,2643,334878,-0.013805970149253777
2022-04-13,2628,2684,2623,2666,271467,0.008702232311766922
2022-04-14,2689,2769,2656,2685,749026,0.007126781695423912
2022-04-15,2684,2684,2614,2624,282992,-0.02271880819366856
2022-04-18,2815,3039,2740,2764,13431996,0.05335365853658547
2022-04-19,2800,2843,2735,2815,1608882,0.01845151953690305
2022-04-20,2834,2946,2773,2797,3643516,-0.006394316163410352
2022-04-21,2805,2866,2763,2848,1524936,0.018233821952091445
2022-04-22,2829,2829,2712,2727,1215160,-0.0424859550561798
2022-04-25,2661,2670,2530,2549,1589883,-0.06527319398606524
2022-04-26,2618,2637,2548,2558,651610,0.0035307963907413864
2022-04-27,2479,2726,2465,2582,2280584,0.009382329945269774
2022-04-28,2581,2633,2525,2549,680845,-0.012780790085205274
2022-04-29,2558,2605,2539,2596,404301,0.018438603373872153
2022-05-02,2558,2638,2554,2615,417284,0.007318952234206533
2022-05-03,2647,2745,2619,2685,1131306,0.026768642447418722
2022-05-04,2684,2703,2618,2661,543498,-0.00893854748603351
2022-05-06,2591,2638,2577,2582,412461,-0.02968808718526872
2022-05-09,2549,2581,2455,2465,592758,-0.045313710302091414
2022-05-10,2390,2493,2339,2456,759106,-0.0036511156186612714
2022-05-11,2432,2479,2427,2442,244282,-0.005700325732899025
2022-05-12,2427,2427,2296,2320,534229,-0.049959049959049984
2022-05-13,2334,2428,2325,2386,324105,0.028448275862068995
2022-05-16,2427,2474,2417,2446,274043,0.025146689019279078
2022-05-17,2422,2450,2394,2446,246193,0.0
2022-05-18,2451,2474,2399,2409,261688,-0.015126737530662293
2022-05-19,2357,2372,2329,2372,291486,-0.015359070153590726
2022-05-20,2380,2455,2371,2390,230209,0.007588532883642474
2022-05-23,2422,2474,2394,2446,332545,0.023430962343096162
2022-05-24,2455,2455,2376,2376,217744,-0.02861815208503682
2022-05-25,2381,2404,2339,2386,204550,0.004208754208754106
2022-05-26,2385,2423,2352,2367,247336,-0.0079631181894384
2022-05-27,2408,2432,2375,2390,167716,0.009716941275876634
2022-05-30,2422,2632,2417,2586,4375831,0.08200836820083679
2022-05-31,2610,2628,2563,2568,1759934,-0.00696055684454755
2022-06-02,2568,2568,2512,2512,328605,-0.02180685358255452
2022-06-03,2520,2544,2488,2488,323810,-0.009554140127388533
2022-06-07,2488,2507,2437,2437,252640,-0.020498392282958244
2022-06-08,2446,2464,2422,2432,211322,-0.002051702913418163
2022-06-09,2455,2455,2338,2409,215079,-0.00945723684210531
2022-06-10,2404,2428,2376,2400,151157,-0.0037359900373599153
2022-06-13,2353,2353,2259,2269,419413,-0.05458333333333332
2022-06-14,2161,2245,2138,2213,363702,-0.024680475980608185
2022-06-15,2189,2213,1974,2073,366289,-0.06326253953908723
2022-06-16,2128,2184,2072,2077,314712,0.0019295706705257931
2022-06-17,1974,2115,1974,2101,357164,0.011555127587867142
2022-06-20,2101,2129,1918,1947,437063,-0.0732984293193717
2022-06-21,1922,2002,1922,1979,322958,0.016435541859270764
2022-06-22,1979,2012,1806,1844,560188,-0.0682162708438605
2022-06-23,1825,1858,1699,1704,622078,-0.07592190889370931
2022-06-24,1708,1830,1704,1821,463019,0.06866197183098599
2022-06-27,1829,1913,1810,1895,245815,0.04063701263042274
2022-06-28,1871,1904,1857,1895,192236,0.0
2022-06-29,1848,1997,1838,1923,330722,0.014775725593667577
2022-06-30,1918,1937,1830,1830,254422,-0.04836193447737913
2022-07-01,1858,1872,1779,1779,182422,-0.02786885245901638
2022-07-04,1783,1807,1736,1793,133847,0.00786958965711082
2022-07-05,1792,1970,1792,1914,882867,0.06748466257668717
2022-07-06,1890,1933,1876,1919,294691,0.002612330198537016
2022-07-07,1932,1970,1918,1947,218660,0.014590932777488241
2022-07-08,1955,2236,1951,2040,3229972,0.04776579352850541
2022-07-11,2058,2203,2058,2194,1884205,0.07549019607843133
2022-07-12,2213,2301,2077,2213,2642482,0.00865998176845939
2022-07-13,2222,2274,2115,2120,1108938,-0.042024401265250755
2022-07-14,2100,2199,2054,2185,623032,0.030660377358490587
2022-07-15,2184,2278,2166,2241,1402698,0.02562929061784902
2022-07-18,2236,2260,2194,2246,665089,0.002231146809460016
2022-07-19,2269,2404,2222,2330,3936907,0.037399821905609976
2022-07-20,2329,2376,2291,2306,931463,-0.01030042918454932
2022-07-21,2385,2399,2301,2306,1197639,0.0
2022-07-22,2287,2427,2269,2269,1311486,-0.016045099739809165
2022-07-25,2268,2292,2222,2222,412305,-0.02071397091229621
2022-07-26,2306,2418,2259,2288,1979999,0.02970297029702973
2022-07-27,2278,2358,2273,2288,806600,0.0
2022-07-28,2325,2325,2203,2213,507034,-0.032779720279720315
2022-07-29,2217,2273,2166,2166,492369,-0.02123813827383647
2022-08-01,2166,2189,2161,2166,174540,0.0
2022-08-02,2166,2175,2109,2166,356480,0.0
2022-08-03,2165,2231,2151,2208,340202,0.01939058171745156
2022-08-04,2236,2455,2203,2241,4899100,0.014945652173913082
2022-08-05,2246,2260,2218,2218,350926,-0.010263275323516341
2022-08-08,2236,2236,2189,2222,180436,0.0018034265103696878
2022-08-09,2222,2227,2189,2204,199255,-0.008100810081008047
2022-08-10,2204,2208,2152,2162,160702,-0.019056261343012748
2022-08-11,2175,2194,2161,2171,169596,0.004162812210915856
2022-08-12,2170,2212,2152,2152,197850,-0.00875172731460161
2022-08-16,2156,2203,2156,2199,225950,0.021840148698884843
2022-08-17,2203,2226,2180,2180,229551,-0.00864029104138242
2022-08-18,2157,2175,2119,2129,214273,-0.023394495412843996
2022-08-19,2138,2147,2101,2101,153793,-0.013151714419915472
2022-08-22,2072,2077,2025,2040,263899,-0.029033793431699206
2022-08-23,1984,2040,1984,1989,149281,-0.025000000000000022
2022-08-24,1984,2017,1970,2003,109521,0.007038712921065837
2022-08-25,2006,2063,2006,2063,125392,0.029955067398901747
2022-08-26,2063,2175,2020,2049,806812,-0.0067862336403295975
2022-08-29,1946,2124,1946,1956,751225,-0.0453879941434846
2022-08-30,1942,2021,1942,2017,227957,0.031186094069529657
2022-08-31,1974,2053,1969,2035,177646,0.008924144769459685
2022-09-01,1989,2031,1951,1961,147503,-0.036363636363636376
2022-09-02,1979,2007,1937,1937,148169,-0.012238653748087747
2022-09-05,1937,2007,1895,1895,205450,-0.02168301497160563
2022-09-06,1900,1947,1900,1933,93237,0.020052770448548918
2022-09-07,1937,1965,1862,1872,185558,-0.03155716502845318
2022-09-08,1876,1913,1866,1881,95616,0.004807692307692291
2022-09-13,1909,1960,1895,1956,165827,0.03987240829346095
2022-09-14,1894,1941,1871,1937,129143,-0.00971370143149286
2022-09-15,1933,1956,1876,1891,127848,-0.02374806401652041
2022-09-16,1890,1890,1834,1844,149123,-0.024854574299312482
2022-09-19,1844,1844,1745,1774,208881,-0.037960954446854656
2022-09-20,1764,1811,1764,1802,105129,0.015783540022547893
2022-09-21,1769,1816,1769,1807,116405,0.002774694783573839
2022-09-22,1797,1797,1713,1774,175745,-0.018262313226341975
2022-09-23,1750,1783,1694,1713,189154,-0.0343855693348365
2022-09-26,1680,1685,1577,1606,244254,-0.0624635143023935
2022-09-27,1568,1639,1540,1625,187940,0.011830635118306398
2022-09-28,1591,1647,1540,1559,181964,-0.04061538461538461
2022-09-29,1568,1648,1568,1578,160968,0.01218729955099418
2022-09-30,1531,1601,1507,1564,156755,-0.008871989860583018
2022-10-04,1610,1620,1587,1620,93216,0.03580562659846542
2022-10-05,1633,1666,1563,1629,149074,0.005555555555555536
2022-10-06,1634,1937,1615,1779,5914930,0.09208103130755063
2022-10-07,1774,1797,1759,1774,271729,-0.0028105677346823565
2022-10-11,1746,1755,1629,1634,240505,-0.07891770011273957
2022-10-12,1634,1648,1587,1611,172577,-0.014075887392900888
2022-10-13,1592,1615,1554,1569,199037,-0.02607076350093107
2022-10-14,1578,1713,1578,1639,420942,0.04461440407903128
2022-10-17,1619,1755,1601,1704,622532,0.03965832824893223
2022-10-18,1712,1745,1698,1741,179556,0.021713615023474242
2022-10-19,1741,2260,1709,2260,20823621,0.29810453762205635
2022-10-20,2264,2273,2137,2194,9323022,-0.02920353982300883
2022-10-21,2166,2166,1998,2017,3344613,-0.08067456700091158
2022-10-24,2035,2045,1974,2003,1691565,-0.006941001487357434
2022-10-25,2002,2054,1984,2045,1902366,0.020968547179231134
2022-10-26,2021,2175,1876,1881,8352776,-0.0801955990220049
2022-10-27,1894,1946,1871,1909,644487,0.014885699096225391
2022-10-28,1886,1895,1834,1844,714555,-0.034049240440021
2022-10-31,1858,1909,1853,1905,593923,0.033080260303687714
2022-11-01,1885,1927,1862,1909,556334,0.0020997375328084544
2022-11-02,1891,2045,1877,1877,3335940,-0.01676270298585647
2022-11-03,1839,1886,1839,1858,405518,-0.010122535961640922
2022-11-04,1848,1857,1806,1811,403176,-0.025296017222820266
2022-11-07,1810,1853,1801,1839,285646,0.015461071231363865
2022-11-08,1858,1919,1848,1905,566177,0.03588907014681886
2022-11-09,1914,1937,1890,1914,346514,0.0047244094488188
2022-11-10,1885,2011,1852,1909,2351429,-0.0026123301985371272
2022-11-11,1960,1965,1908,1923,518462,0.007333682556312171
2022-11-14,1932,1979,1914,1947,494316,0.012480499219968744
2022-11-15,1946,1984,1937,1984,370378,0.019003595274781793
2022-11-16,1998,2012,1932,1961,597264,-0.011592741935483875
2022-11-17,1946,2011,1890,1895,367574,-0.03365629780724122
2022-11-18,1871,2082,1871,1914,2885614,0.010026385224274348
2022-11-21,1905,1905,1844,1863,306445,-0.026645768025078342
2022-11-22,1853,1876,1830,1830,205814,-0.017713365539452464
2022-11-23,1858,1904,1858,1858,295092,0.015300546448087537
2022-11-24,1866,1927,1866,1909,328959,0.027448869752422
2022-11-25,1914,1919,1891,1891,200655,-0.0094290204295443
2022-11-28,1876,1890,1816,1816,235175,-0.039661554732945525
2022-11-29,1806,1830,1787,1816,175626,0.0
2022-11-30,1816,1849,1806,1821,158815,0.002753303964757814
2022-12-01,1848,1872,1834,1863,237234,0.023064250411861664
2022-12-02,1876,2021,1858,1933,3028907,0.037573805689747664
2022-12-05,1918,1918,1862,1886,532556,-0.024314536989136104
2022-12-06,1863,1923,1839,1849,711616,-0.019618239660657455
2022-12-07,1829,1871,1815,1825,287929,-0.012979989183342311
2022-12-08,1844,1844,1764,1774,309230,-0.027945205479452007
2022-12-09,1783,1820,1750,1774,217834,0.0
2022-12-12,1783,1834,1755,1816,311355,0.02367531003382184
2022-12-13,1820,1974,1820,1900,3963374,0.04625550660792954
2022-12-14,1876,2133,1872,2031,8790821,0.06894736842105265
2022-12-15,1969,1997,1941,1979,1425007,-0.025603151157065462
2022-12-16,1969,2207,1941,1965,16155213,-0.0070742799393632705
2022-12-19,1965,2077,1960,1965,2408335,0.0
2022-12-20,1941,2011,1880,1895,994831,-0.03562340966921118
2022-12-21,1914,2035,1914,2017,4369906,0.06437994722955143
2022-12-22,1997,2007,1955,2007,1327370,-0.004957858205255294
2022-12-23,1965,1974,1853,1858,972198,-0.07424015944195317
2022-12-26,1858,1876,1778,1788,583448,-0.03767491926803013
2022-12-27,1773,1871,1764,1867,637222,0.0441834451901566
2022-12-28,1914,1998,1867,1989,1419469,0.06534547402249591
2022-12-29,1989,2021,1909,1989,1528868,0.0
2023-01-02,1969,1988,1834,1839,563271,-0.07541478129713419
2023-01-03,1810,2128,1764,1951,11585308,0.060902664491571556
2023-01-04,1909,2003,1909,1975,1428449,0.012301383905689356
2023-01-05,1978,2165,1969,2035,7017216,0.030379746835442978
2023-01-06,2035,2096,2011,2054,1450448,0.009336609336609403
2023-01-09,2054,2105,2040,2059,1057388,0.0024342745861734016
2023-01-10,2082,2217,2002,2012,3867330,-0.022826614861583328
2023-01-11,2040,2199,2021,2134,5534662,0.060636182902584546
2023-01-12,2123,2221,2063,2063,2876851,-0.03327085285848175
2023-01-13,2091,2105,2025,2040,670665,-0.011148812409112918
2023-01-16,2044,2077,2035,2040,423640,0.0
2023-01-17,2044,2147,2016,2143,1165501,0.050490196078431415
2023-01-18,2110,2133,2082,2082,733841,-0.02846476901539896
2023-01-19,2054,2213,2003,2176,2065836,0.04514889529298749
2023-01-20,2128,2240,2100,2166,3114412,-0.004595588235294157
2023-01-25,2175,2264,2166,2246,3340482,0.03693444136657442
2023-01-26,2292,2418,2194,2218,10575369,-0.012466607301869992
2023-01-27,2217,2259,2166,2213,1053129,-0.0022542831379621653
2023-01-30,2194,2212,2151,2166,851607,-0.02123813827383647
2023-01-31,2180,2474,2180,2311,18037232,0.06694367497691589
2023-02-01,2311,2348,2250,2311,2636299,0.0
2023-02-02,2358,2418,2311,2330,3799073,0.008221549112938042
2023-02-03,2310,2390,2306,2339,1917586,0.0038626609442060644
2023-02-06,2330,2334,2190,2190,1577545,-0.0637024369388628
2023-02-07,2184,2250,2151,2208,850445,0.008219178082191858
2023-02-08,2208,2259,2194,2255,777772,0.02128623188405787
2023-02-09,2250,2297,2213,2232,693662,-0.010199556541020005
2023-02-10,2283,2283,2096,2143,1337110,-0.039874551971326166
2023-02-13,2152,2175,2086,2115,757722,-0.013065795613625752
2023-02-14,2138,2138,2058,2073,685464,-0.019858156028368823
2023-02-15,2110,2110,1997,2054,633359,-0.009165460684997573
2023-02-16,2110,2124,2058,2082,443581,0.01363193768257065
2023-02-17,2053,2091,2025,2063,201560,-0.009125840537944296
2023-02-20,2082,2176,2082,2176,771322,0.054774600096946235
2023-02-21,2184,2184,2128,2152,271048,-0.011029411764705843
2023-02-22,2110,2129,2054,2073,682230,-0.03671003717472121
2023-02-23,2488,2605,2198,2213,23218298,0.0675349734684032
2023-02-24,2184,2250,2128,2241,3467657,0.012652507907817467
2023-02-27,2194,2227,2143,2143,1204071,-0.04373047746541725
2023-02-28,2142,2231,2128,2194,1353047,0.02379841343910405
2023-03-02,2198,2245,2180,2213,1643767,0.00865998176845939
2023-03-03,2450,2502,2296,2362,7295605,0.06732941708088558
2023-03-06,2343,2390,2296,2320,1611948,-0.017781541066892448
2023-03-07,2306,2395,2273,2372,1991560,0.022413793103448265
2023-03-08,2325,2329,2222,2241,1226777,-0.05522765598650925
2023-03-09,2241,2250,2147,2185,797752,-0.024988844265952714
2023-03-10,2147,2185,2124,2129,411406,-0.02562929061784902
2023-03-13,2110,2189,2054,2129,678623,0.0
2023-03-14,2114,2123,1969,1979,764379,-0.07045561296383274
2023-03-15,2049,2100,1997,2007,455770,0.014148559878726541
2023-03-16,1984,1998,1904,1970,468448,-0.01843547583457894
2023-03-17,1988,2072,1988,2068,585024,0.0497461928934011
2023-03-20,2110,2241,2086,2199,1758670,0.06334622823984537
2023-03-21,2180,2199,2073,2073,950128,-0.05729877216916779
2023-03-22,2124,2129,2072,2087,614104,0.006753497346840387
2023-03-23,2035,2072,2016,2035,452220,-0.02491614758025873
2023-03-24,2039,2110,2035,2082,367557,0.023095823095823143
2023-03-27,2072,2100,2025,2049,311456,-0.015850144092218965
2023-03-28,2072,2115,2054,2087,319394,0.01854563201561743
2023-03-29,2105,2348,2072,2199,8408094,0.05366554863440354
2023-03-30,2320,2474,2226,2325,11385591,0.05729877216916779
2023-03-31,2311,2316,2213,2218,1433683,-0.046021505376344085
2023-04-03,2221,2441,2193,2306,2621474,0.039675383228133354
2023-04-04,2278,2399,2273,2353,1868260,0.020381613183000802
2023-04-05,2366,2502,2287,2320,3787766,-0.014024649383765353
2023-04-06,2348,2358,2222,2246,743729,-0.03189655172413797
2023-04-07,2292,2301,2193,2264,612605,0.00801424755120217
2023-04-10,2250,2260,2171,2218,519311,-0.02031802120141346
2023-04-11,2203,2268,2189,2250,468125,0.014427412082957725
2023-04-12,2250,2254,2161,2236,486492,-0.00622222222222224
2023-04-13,2231,2254,2165,2236,560903,0.0
2023-04-14,2264,2353,2255,2302,1207883,0.02951699463327362
2023-04-17,2330,2348,2297,2330,694163,0.012163336229365829
2023-04-18,2329,2339,2241,2241,999527,-0.038197424892703835
2023-04-19,2240,2250,2193,2222,596590,-0.008478357875948195
2023-04-20,2218,2232,2148,2148,632027,-0.03330333033303334
2023-04-21,2156,2161,2081,2138,337791,-0.004655493482309092
2023-04-24,2138,2306,2096,2148,1744216,0.00467726847521055
2023-04-25,2147,2227,2068,2101,1271759,-0.021880819366852933
2023-04-26,2058,2081,2016,2021,598117,-0.038077106139933314
2023-04-27,2025,2049,1960,2040,309026,0.009401286491835803
2023-04-28,2054,2077,2002,2017,392443,-0.011274509803921529
2023-05-02,2002,2086,1997,2063,175515,0.022806147744174554
2023-05-03,2063,2114,2025,2054,346117,-0.004362578768783321
2023-05-04,2054,2671,2026,2671,32158357,0.3003894839337877
2023-05-08,2974,3291,2876,3063,39820218,0.1467615125421191
2023-05-09,2838,3109,2717,2993,16794261,-0.02285341168788768
2023-05-10,2870,2983,2800,2927,5494268,-0.022051453391246256
2023-05-11,2862,3604,2853,3180,55540832,0.0864366245302357
2023-05-12,3114,3221,3039,3086,5078268,-0.02955974842767295
2023-05-15,3035,3193,2918,3007,5729679,-0.02559948152948799
2023-05-16,2973,3258,2894,3072,12734623,0.021616228799467896
2023-05-17,3053,3398,3048,3240,22545785,0.0546875
2023-05-18,3183,3389,3118,3268,10251430,0.00864197530864197
2023-05-19,3319,3361,3039,3063,3135257,-0.06272949816401474
2023-05-22,3025,3226,3011,3166,2454965,0.0336271629121776
2023-05-23,3128,3161,3044,3091,1376940,-0.023689197725836997
2023-05-24,3057,3127,2950,2997,1356521,-0.030410870268521517
2023-05-25,3002,3282,2950,2988,5118154,-0.0030030030030030463
2023-05-26,3020,3235,2861,2997,10888486,0.003012048192771122
2023-05-30,3039,3343,3016,3329,23716344,0.11077744411077739
2023-05-31,3226,3249,3039,3044,5273290,-0.08561129468308804
2023-06-01,3067,3128,2889,3114,5848969,0.022996057818659654
2023-06-02,3095,4047,3086,3833,81712562,0.23089274245343616
2023-06-05,3791,3814,3651,3670,9051723,-0.04252543699452127
2023-06-07,3646,3753,3589,3618,6816555,-0.01416893732970026
2023-06-08,3674,4033,3641,3833,32398516,0.05942509673852947
2023-06-09,3763,3996,3711,3936,8738930,0.026871901904513384
2023-06-12,3870,4015,3655,3847,9128375,-0.022611788617886153
2023-06-13,3861,4174,3730,3801,14516144,-0.011957369378736704
2023-06-14,3847,3912,3524,3623,4948836,-0.046829781636411494
2023-06-15,3656,3908,3637,3717,6610840,0.025945349158156272
2023-06-16,3753,3982,3753,3917,8359700,0.05380683346785031
2023-06-19,3885,4272,3796,4184,13719442,0.06816441153944353
2023-06-20,4164,4967,4071,4697,39287285,0.12260994263862335
2023-06-21,4715,4846,4556,4580,5337249,-0.0249095167127954
2023-06-22,4501,4697,4417,4492,3513568,-0.019213973799126594
2023-06-23,4468,4752,4150,4202,7372695,-0.06455921638468387
2023-06-26,4216,4464,4146,4198,4217203,-0.0009519276534983856
2023-06-27,4338,4338,3689,3689,10268731,-0.12124821343496905
2023-06-28,3814,3842,3595,3670,4546086,-0.005150447275684478
2023-06-29,3646,3692,3529,3576,2350883,-0.025613079019073615
2023-06-30,3585,3594,3473,3520,1808121,-0.015659955257270708
2023-07-03,3497,3604,3483,3516,1766779,-0.001136363636363602
2023-07-04,3533,3772,3477,3632,3851170,0.03299203640500559
2023-07-05,3641,3818,3519,3534,3950360,-0.02698237885462551
2023-07-06,3529,3538,3225,3310,3007207,-0.06338426711941147
2023-07-07,3296,3370,3235,3268,1103799,-0.012688821752265822
2023-07-10,3268,3287,3179,3208,1164583,-0.01835985312117505
2023-07-11,3250,3296,3203,3250,956104,0.013092269326683281
2023-07-12,3249,4103,3132,3637,33710931,0.11907692307692308
2023-07-13,3571,3828,3529,3637,9256319,0.0
2023-07-14,3664,3767,3477,3548,3930694,-0.024470717624415772
2023-07-17,3422,3506,3305,3483,1703321,-0.01832018038331451
2023-07-18,3502,3516,3268,3320,2152748,-0.04679873672121737
2023-07-19,3338,3347,3146,3184,2486523,-0.04096385542168679
2023-07-20,3147,3170,3095,3138,1215988,-0.014447236180904488
2023-07-21,3137,3184,3034,3049,1527611,-0.028362014021669824
2023-07-24,3071,3132,2968,3011,1196359,-0.012463102656608771
2023-07-25,3006,3039,2898,2941,1102119,-0.023248090335436733
2023-07-26,2941,2941,2716,2815,2124303,-0.04284257055423324
2023-07-27,2815,2983,2810,2904,1349186,0.03161634103019528
2023-07-28,2852,3015,2828,3011,902317,0.03684573002754821
2023-07-31,3011,3048,2917,2988,965569,-0.007638658253072084
2023-08-01,2987,3085,2959,2997,1119286,0.003012048192771122
2023-08-02,3021,3091,2834,2867,1003091,-0.04337671004337673
2023-08-03,2866,2936,2740,2918,1135467,0.01778862922915936
2023-08-04,2917,2950,2828,2871,602049,-0.016106922549691594
2023-08-07,2829,2932,2791,2848,692979,-0.008011145942180442
2023-08-08,2881,2881,2745,2755,772019,-0.0326544943820225
2023-08-09,2731,2880,2726,2876,558399,0.04392014519056264
2023-08-10,2834,2853,2773,2797,399139,-0.027468706536856735
2023-08-11,2805,2894,2768,2834,538082,0.013228459063282072
2023-08-14,2885,2904,2750,2895,821411,0.02152434721242069
2023-08-16,2833,2857,2754,2787,633595,-0.03730569948186524
2023-08-17,2726,2763,2656,2745,569765,-0.015069967707212029
2023-08-18,2703,2773,2656,2741,513190,-0.0014571948998178819
2023-08-21,2712,3258,2702,2955,6727303,0.07807369573148493
2023-08-22,2913,2955,2838,2867,1424192,-0.029780033840947517
2023-08-23,3021,3222,2927,3152,6732868,0.09940704569236125
2023-08-24,3095,3249,3020,3053,3214724,-0.03140862944162437
2023-08-25,3048,3081,2964,2969,1067788,-0.02751392073370451
2023-08-28,2945,2992,2917,2969,907802,0.0
2023-08-29,2945,3104,2945,3081,1203417,0.03772313910407554
2023-08-30,3086,3249,2997,3189,7098695,0.03505355404089583
2023-08-31,3174,3179,3085,3114,1368421,-0.0235183443085607
2023-09-01,3114,3184,2945,2960,1307672,-0.0494540783558125
2023-09-04,2978,3169,2940,3039,1327309,0.026689189189189166
2023-09-05,3039,3212,3015,3170,1694995,0.043106284962158625
2023-09-06,3146,3501,3099,3338,9171355,0.05299684542586758
2023-09-07,3352,3385,3114,3194,2215296,-0.04313960455362498
2023-09-08,3277,3422,3039,3077,2539363,-0.0366311834690044
2023-09-11,3062,3189,3016,3119,1160388,0.01364965875853108
2023-09-12,3123,3198,2904,2904,1276985,-0.06893235011221543
2023-09-13,2866,2941,2777,2801,936268,-0.03546831955922869
2023-09-14,2801,2936,2796,2806,646054,0.00178507675830053
2023-09-15,2820,2867,2801,2811,478458,0.0017818959372772891
2023-09-18,2773,2796,2721,2736,467042,-0.026680896478121663
2023-09-19,2717,2783,2703,2783,473821,0.01717836257309946
2023-09-20,2754,2759,2670,2708,392232,-0.026949335249730533
2023-09-21,2642,2670,2539,2572,968100,-0.05022156573116687
2023-09-22,2525,2595,2492,2563,316450,-0.003499222395023316
2023-09-25,2507,2572,2488,2498,279980,-0.025360905189231397
2023-09-26,2488,2558,2423,2498,302356,0.0
2023-09-27,2427,2554,2427,2554,196574,0.022417934347477964
2023-10-04,2516,2521,2372,2372,393317,-0.07126076742364917
2023-10-05,2390,2455,2334,2334,320372,-0.016020236087689765
2023-10-06,2324,2488,2324,2446,215898,0.04798628963153395
2023-10-10,2427,2479,2338,2353,280548,-0.038021259198691704
2023-10-11,2352,2497,2352,2432,257301,0.03357416064598384
2023-10-12,2427,2507,2427,2498,176742,0.027138157894736947
2023-10-13,2470,2488,2395,2400,298385,-0.039231385108086436
2023-10-16,2400,2404,2287,2344,399292,-0.023333333333333317
2023-10-17,2357,2470,2357,2400,291921,0.023890784982935065
2023-10-18,2409,2470,2367,2400,385506,0.0
2023-10-19,2353,2456,2260,2260,765512,-0.05833333333333335
2023-10-20,2222,2278,2175,2246,355946,-0.006194690265486691
2023-10-23,2246,2264,2166,2204,247457,-0.018699910952804988
2023-10-24,2194,2287,2133,2283,407137,0.035843920145190555
2023-10-25,2297,2376,2287,2302,278329,0.008322382829610175
2023-10-26,2255,2264,2133,2162,381445,-0.06081668114682881
2023-10-27,2184,2292,2161,2213,481603,0.023589269195189555
2023-10-30,2180,2236,2161,2218,195971,0.002259376412110159
2023-10-31,2241,2269,2105,2129,347029,-0.04012623985572583
2023-11-01,2129,2199,2129,2176,192603,0.022076092062000896
2023-11-02,2213,2302,2194,2246,694148,0.032169117647058876
2023-11-03,2240,2273,2208,2255,325573,0.004007123775600974
2023-11-06,2287,2324,2249,2320,311756,0.02882483370288247
2023-11-07,2320,2381,2278,2297,425923,-0.00991379310344831
2023-11-08,2316,2456,2278,2302,1370693,0.00217675228559
2023-11-09,2315,2353,2282,2353,258953,0.02215464813205914
2023-11-10,2343,2343,2226,2241,331587,-0.047598810029749306
2023-11-13,2264,2287,2180,2185,264975,-0.024988844265952714
2023-11-14,2189,2273,2189,2269,247946,0.03844393592677342
2023-11-15,2287,2344,2287,2330,295028,0.026884089907448283
2023-11-16,2315,2339,2296,2325,98646,-0.0021459227467811592
2023-11-17,2315,2376,2245,2255,314984,-0.03010752688172047
2023-11-20,2273,2381,2254,2353,435765,0.043458980044345896
2023-11-21,2520,2894,2483,2591,15872487,0.10114747131321722
2023-11-22,2618,2763,2609,2633,5002087,0.016209957545349374
2023-11-23,2651,2717,2591,2680,1644863,0.017850360805165222
2023-11-24,2647,2703,2642,2652,1023897,-0.010447761194029903
2023-11-27,2731,2731,2624,2629,1688827,-0.008672699849170407
2023-11-28,2609,2674,2585,2600,757451,-0.011030810193990104
2023-11-29,2600,2623,2548,2577,548248,-0.008846153846153837
2023-11-30,2642,2871,2637,2689,6493116,0.04346138921226239
2023-12-01,2717,3478,2689,3259,25356825,0.21197471178876914
2023-12-04,3217,3595,3203,3376,28779509,0.03590058300092047
2023-12-05,3356,3492,3137,3212,7788267,-0.048578199052132676
2023-12-06,3296,3478,3193,3296,10935546,0.026151930261519407
2023-12-07,3240,4076,3165,3670,55781202,0.11347087378640786
2023-12-08,3519,3622,3519,3604,2768340,-0.01798365122615808
2023-12-11,3604,3711,3511,3511,1676059,-0.02580466148723637
2023-12-12,3487,3580,3454,3576,1558470,0.01851324409000288
2023-12-13,3533,3912,3407,3548,15503442,-0.007829977628635354
2023-12-14,3618,3618,3394,3474,3191047,-0.020856820744081128
2023-12-15,3473,3482,2992,3030,5223895,-0.1278065630397237
2023-12-18,3058,3063,2908,2993,1643298,-0.012211221122112259
2023-12-19,2988,3067,2946,3021,1500493,0.00935516204477116
2023-12-20,3049,3105,2913,2993,1982155,-0.009268454154253591
2023-12-21,2987,2987,2870,2885,1040446,-0.036084196458402995
2023-12-22,2941,2946,2815,2834,1478356,-0.01767764298093588
2023-12-26,2866,2885,2773,2773,663590,-0.02152434721242058
2023-12-27,2754,2885,2754,2885,810508,0.040389469888207685
2023-12-28,2871,2936,2815,2932,592427,0.016291161178509483
2024-01-02,2889,2955,2856,2913,486396,-0.0064802182810368425
2024-01-03,2904,2941,2857,2895,698193,-0.006179196704428458
2024-01-04,2881,2960,2848,2853,1075386,-0.014507772020725396
2024-01-05,2857,2941,2852,2890,596251,0.01296880476691209
2024-01-08,2861,3002,2861,2988,958391,0.0339100346020762
2024-01-09,3016,3021,2936,2979,621729,-0.003012048192771122
2024-01-10,2978,2983,2885,2918,696650,-0.020476670023497845
2024-01-11,2918,2997,2904,2909,840668,-0.0030843043180260876
2024-01-12,2936,2959,2814,2871,955467,-0.013062908215881741
2024-01-15,2880,2918,2819,2862,562896,-0.0031347962382445305
2024-01-16,2829,2876,2792,2825,365189,-0.012928022361984648
2024-01-17,2801,2820,2703,2708,572460,-0.04141592920353987
2024-01-18,2708,2792,2661,2741,538882,0.012186115214180226
2024-01-19,2792,2843,2750,2783,457541,0.015322874863188618
2024-01-22,2800,2857,2758,2815,617547,0.01149838303988493
2024-01-23,2824,2876,2782,2876,685450,0.021669626998223723
2024-01-24,3114,3735,3025,3735,39993620,0.2986787204450625
2024-01-25,3557,4309,3408,4015,82266570,0.07496653279785814
2024-01-26,4341,4402,3912,3945,26599451,-0.01743462017434616
2024-01-29,3847,3969,3679,3745,7075311,-0.05069708491761726
2024-01-30,3744,4239,3604,4015,37689217,0.0720961281708945
2024-01-31,3921,4178,3767,3805,10419021,-0.05230386052303859
2024-02-01,4094,4342,3539,3642,29907079,-0.042838370565046024
2024-02-02,3650,4010,3650,3791,9834814,0.04091158704008779
2024-02-05,3828,3828,3398,3408,4380638,-0.10102875230809816
2024-02-06,3408,3418,3123,3208,3656850,-0.05868544600938963
2024-02-07,3165,3221,3099,3109,1927951,-0.030860349127182052
2024-02-08,3151,3315,3137,3287,3170805,0.057253136056609755
2024-02-13,3296,3511,3221,3399,3652867,0.03407362336477027
2024-02-14,3310,3413,3282,3376,1466172,-0.006766696087084467
2024-02-15,3436,3805,3390,3661,13736231,0.08441943127962093
2024-02-16,3926,4753,3921,4753,78239766,0.2982791586998088
2024-02-19,5304,5864,5023,5136,106574578,0.08058068588260037
2024-02-20,5369,5659,5089,5239,50796824,0.02005451713395634
2024-02-21,5219,5387,4958,5005,18821533,-0.04466501240694787
2024-02-22,5416,5435,4809,4828,29893946,-0.03536463536463541
2024-02-23,4828,5211,4613,4847,32618916,0.00393537696768842
2024-02-26,4874,5051,4603,4622,9744505,-0.0464204662677945
2024-02-27,4585,4594,4216,4324,7155782,-0.06447425356988312
2024-02-28,4174,4286,4118,4226,4411559,-0.02266419981498613
2024-02-29,4206,4299,3986,4015,4179905,-0.04992901088499768
2024-03-04,3973,4146,3898,4053,4972732,0.009464508094645163
2024-03-05,4309,4361,4057,4067,9121468,0.003454231433505983
2024-03-06,3973,4538,3926,4230,14081902,0.04007868207523968
2024-03-07,4229,4229,3917,3917,3410949,-0.07399527186761234
2024-03-08,3875,3940,3749,3894,2921919,-0.005871840694408936
2024-03-11,3819,3894,3707,3717,2062442,-0.045454545454545414
2024-03-12,3768,4622,3744,4249,34672691,0.14312617702448205
2024-03-13,4201,4430,4155,4356,9374970,0.025182395857848983
2024-03-14,4290,4290,4108,4113,3262910,-0.05578512396694213
2024-03-15,4047,4397,3935,4155,7138533,0.010211524434719177
2024-03-18,4211,4453,4024,4071,5092965,-0.0202166064981949
2024-03-19,4081,4151,3861,3941,2700068,-0.0319331859493982
2024-03-20,3959,4025,3824,3955,2448838,0.003552397868561208
2024-03-21,3917,3922,3791,3801,2314424,-0.038938053097345104
2024-03-22,3800,3870,3781,3819,1138483,0.0047355958958168465
2024-03-25,3772,3772,3543,3679,2448409,-0.03665881120712233
2024-03-26,3642,3805,3609,3675,1703962,-0.0010872519706441874
2024-03-27,3651,3702,3520,3539,1489529,-0.03700680272108847
2024-03-28,3548,3557,3459,3469,1129696,-0.01977959875671098
2024-03-29,3469,3488,3389,3418,981222,-0.014701643124819808
2024-04-01,3426,3706,3426,3646,2972479,0.06670567583382092
2024-04-02,3609,3609,3459,3469,1135571,-0.04854635216675807
2024-04-03,3468,4057,3310,3679,29200200,0.06053617757278751
2024-04-04,3562,3632,3487,3502,2799221,-0.04811089970100568
2024-04-05,3501,3501,3324,3324,1607917,-0.05082809822958312
2024-04-08,2712,2875,2674,2773,5907369,-0.16576413959085434
2024-04-09,2773,2829,2652,2671,2136044,-0.03678326721961778
2024-04-11,2661,2750,2614,2624,1565447,-0.017596405840509144
2024-04-12,2628,2670,2581,2624,955004,0.0
2024-04-15,2591,2614,2525,2610,921232,-0.005335365853658569
2024-04-16,2582,2591,2516,2540,867133,-0.026819923371647514
2024-04-17,2548,2609,2539,2563,525592,0.009055118110236293
2024-04-18,2572,2647,2554,2643,620455,0.03121342177136177
2024-04-19,2661,2661,2516,2540,678770,-0.03897086643965186
2024-04-22,2581,2642,2558,2596,674380,0.022047244094488105
2024-04-23,2595,2651,2549,2549,617179,-0.018104776579352833
2024-04-24,2604,2693,2558,2647,1532209,0.03844644958807386
2024-04-25,2665,2665,2558,2558,775744,-0.03362296939931997
2024-04-26,2558,2610,2549,2568,376639,0.00390930414386248
2024-04-29,2609,2675,2590,2647,863626,0.030763239875389425
2024-04-30,2629,2694,2614,2629,660821,-0.006800151114469188
2024-05-02,2629,2643,2586,2615,379350,-0.0053252187143401075
2024-05-03,2633,2666,2586,2638,461105,0.008795411089866256
2024-05-07,2642,2675,2633,2652,506296,0.005307050796057533
2024-05-08,2651,2689,2604,2661,892948,0.0033936651583710287
2024-05-09,2643,2680,2610,2615,963878,-0.017286734310409613
2024-05-10,2760,2760,2535,2550,1184454,-0.0248565965583174
2024-05-13,2550,2590,2500,2525,514093,-0.009803921568627416
2024-05-14,2530,2605,2520,2580,460308,0.0217821782178218
2024-05-16,2620,2635,2520,2550,429927,-0.011627906976744207
2024-05-17,2570,2580,2505,2535,307012,-0.00588235294117645
2024-05-20,2520,2535,2460,2475,505541,-0.023668639053254448
2024-05-21,2460,3060,2440,2780,28104935,0.12323232323232314
2024-05-22,2740,2940,2730,2795,4646144,0.0053956834532373765
2024-05-23,2815,2815,2665,2700,1291296,-0.03398926654740608
2024-05-24,2665,2780,2600,2615,2133293,-0.031481481481481444
2024-05-27,2770,2880,2650,2700,4928048,0.03250478011472269
2024-05-28,2655,2770,2650,2680,1428032,-0.007407407407407418
2024-05-29,2705,3015,2670,2825,12677939,0.05410447761194037
2024-05-30,2850,2990,2750,2770,4092770,-0.019469026548672552
2024-05-31,2735,2735,2605,2605,1671958,-0.05956678700361007
2024-06-03,2575,2630,2515,2585,820573,-0.007677543186180413
2024-06-04,2560,2585,2460,2470,997332,-0.044487427466150864
2024-06-05,2465,2485,2390,2460,741961,-0.004048582995951455
2024-06-07,2500,2850,2480,2720,7525787,0.10569105691056913
2024-06-10,2900,2980,2720,2780,8348350,0.022058823529411686
2024-06-11,2780,3260,2680,2905,25425396,0.04496402877697836
2024-06-12,2905,3440,2895,3430,44659469,0.1807228915662651
2024-06-13,3285,3490,3255,3275,15676763,-0.04518950437317781
2024-06-14,3220,3325,3065,3270,7797749,-0.0015267175572518665
2024-06-17,3205,3730,3155,3390,28652961,0.03669724770642202
2024-06-18,3390,3440,2905,2965,8443087,-0.12536873156342188
2024-06-19,2970,3020,2770,2790,3366588,-0.05902192242833049
2024-06-20,2765,2795,2660,2680,1915910,-0.03942652329749108
2024-06-21,2700,2865,2650,2700,3092071,0.00746268656716409
2024-06-24,2690,2765,2585,2605,1268514,-0.03518518518518521
2024-06-25,2545,2745,2545,2615,1597764,0.0038387715930903177
2024-06-26,2620,2695,2590,2620,949108,0.0019120458891013214
2024-06-27,2670,2995,2670,2780,14537353,0.06106870229007644
2024-06-28,2760,2890,2710,2710,3447805,-0.025179856115107868
2024-07-01,2730,2825,2730,2805,1385744,0.035055350553505615
2024-07-02,2780,2865,2765,2790,1109443,-0.005347593582887722
2024-07-03,2780,2800,2615,2625,1196040,-0.05913978494623651
2024-07-04,2615,2700,2605,2615,686113,-0.003809523809523818
2024-07-05,2590,2650,2515,2540,745777,-0.028680688336520044
2024-07-08,2570,2710,2540,2600,1419983,0.023622047244094446
2024-07-09,2600,2655,2595,2605,661805,0.0019230769230769162
2024-07-10,2500,2505,2415,2450,2361549,-0.05950095969289826
2024-07-11,2450,2515,2450,2450,800029,0.0
2024-07-12,2410,2465,2365,2375,1687709,-0.030612244897959218
2024-07-15,2400,2420,2295,2305,1003770,-0.02947368421052632
2024-07-16,2320,2395,2280,2370,964714,0.02819956616052055
2024-07-17,2385,2420,2310,2330,587083,-0.016877637130801704
2024-07-18,2285,2465,2280,2335,1014763,0.0021459227467810482
2024-07-19,2330,2360,2300,2360,571769,0.010706638115631772
2024-07-22,2360,2435,2310,2310,926388,-0.021186440677966156
2024-07-23,2315,2400,2315,2340,677971,0.01298701298701288
2024-07-24,2320,2565,2295,2415,5295411,0.03205128205128216
2024-07-25,2365,2445,2345,2370,965347,-0.018633540372670843
2024-07-26,2365,2410,2360,2365,762074,-0.002109704641350185
2024-07-29,2375,2410,2360,2365,440112,0.0
2024-07-30,2365,2380,2310,2315,540364,-0.02114164904862581
2024-07-31,2315,2325,2290,2295,385519,-0.008639308855291628
2024-08-01,2310,2370,2305,2350,532760,0.023965141612200425
2024-08-02,2340,2350,2150,2190,1286641,-0.06808510638297871
2024-08-05,2130,2145,1781,1813,1818032,-0.17214611872146124
2024-08-06,1813,2035,1813,2020,1813521,0.1141753998896855
2024-08-07,2000,2095,2000,2055,460252,0.017326732673267342
2024-08-08,1990,2260,1983,2150,7659072,0.04622871046228716
2024-08-09,2165,2220,2130,2165,1177849,0.006976744186046435
2024-08-12,2155,2215,2155,2165,842576,0.0
2024-08-13,2180,2195,2090,2115,875305,-0.023094688221709014
2024-08-14,2155,2290,2130,2185,3226939,0.03309692671394804
2024-08-16,2195,2365,2185,2310,4432289,0.05720823798626995
2024-08-19,2300,2560,2275,2560,11295514,0.10822510822510822
2024-08-20,2575,2725,2560,2595,10563688,0.013671875
2024-08-21,2565,2625,2435,2460,2465566,-0.052023121387283267
2024-08-22,2445,2475,2300,2365,1671383,-0.03861788617886175
2024-08-23,2340,2360,2245,2275,1139168,-0.038054968287526414
2024-08-26,2370,2670,2315,2600,24437558,0.1428571428571428
2024-08-27,2945,2980,2700,2730,24060602,0.050000000000000044
2024-08-28,2745,2890,2600,2660,13506952,-0.02564102564102566
2024-08-29,2480,2670,2345,2345,7359182,-0.11842105263157898
2024-08-30,2340,2700,2310,2635,11363869,0.12366737739872069
2024-09-02,2540,2780,2505,2665,12644147,0.011385199240986799
2024-09-03,2665,2775,2580,2705,7166126,0.015009380863039379
2024-09-04,2565,2705,2540,2540,3318294,-0.060998151571164505
2024-09-05,2545,2660,2460,2465,2823477,-0.029527559055118058
2024-09-06,2480,2500,2350,2390,1800589,-0.030425963488843855
2024-09-09,2285,2365,2255,2320,1547980,-0.029288702928870314
2024-09-10,2340,2385,2270,2305,1468885,-0.006465517241379337
2024-09-11,2300,2450,2200,2200,3301952,-0.045553145336225564
2024-09-12,2230,2410,2215,2325,2984093,0.05681818181818188
2024-09-13,2330,2385,2290,2325,1310029,0.0
2024-09-19,2325,2325,2205,2235,1357565,-0.03870967741935483
2024-09-20,2250,2295,2245,2270,990826,0.015659955257270708
2024-09-23,2295,2300,2225,2245,660959,-0.011013215859030812
2024-09-24,2245,2350,2245,2260,1260089,0.006681514476614803
2024-09-25,2285,2300,2235,2240,695073,-0.008849557522123908
2024-09-26,2245,2320,2240,2275,993002,0.015625
2024-09-27,2290,2295,2235,2235,605501,-0.01758241758241763
2024-09-30,2250,2260,2175,2180,617469,-0.02460850111856827
2024-10-02,2130,2160,2100,2110,718556,-0.032110091743119296
2024-10-04,2105,2220,2105,2155,715842,0.021327014218009532
2024-10-07,2165,2265,2150,2170,787807,0.006960556844547661
2024-10-08,2180,2225,2165,2175,483211,0.0023041474654377225
2024-10-10,2185,2195,2145,2165,426424,-0.0045977011494252595
2024-10-11,2150,2185,2135,2135,376902,-0.01385681293302543
2024-10-14,2125,2140,2095,2120,414146,-0.007025761124121788
2024-10-15,2115,2140,2095,2095,395183,-0.011792452830188704
2024-10-16,2085,2115,2065,2110,343191,0.007159904534606243
2024-10-17,2125,2140,2100,2115,229747,0.0023696682464455776
2024-10-18,2110,2125,2060,2060,300228,-0.026004728132387744
2024-10-21,2075,2080,2040,2050,295012,-0.004854368932038833
2024-10-22,2035,2055,1953,1966,766858,-0.0409756097560976
2024-10-23,1961,2010,1947,1979,327307,0.006612410986775119
2024-10-24,1960,1990,1956,1967,225159,-0.006063668519454279
2024-10-25,1967,2150,1965,2010,1165074,0.02186070157600417
2024-10-28,2020,2070,2010,2050,254105,0.01990049751243772
2024-10-29,2030,2400,2030,2145,10257177,0.04634146341463419
2024-10-30,2185,2220,2135,2135,2053284,-0.004662004662004615
2024-10-31,2110,2185,2105,2140,790684,0.0023419203747072626
2024-11-01,2110,2240,2025,2025,3106627,-0.053738317757009324
2024-11-04,2030,2090,2025,2070,401986,0.022222222222222143
2024-11-05,2070,2095,2055,2065,288150,-0.0024154589371980784
2024-11-06,2090,2100,2015,2035,436657,-0.014527845036319653
2024-11-07,2045,2050,1997,2020,332330,-0.0073710073710073765
2024-11-08,2025,2085,2025,2060,422247,0.01980198019801982
2024-11-11,2050,2075,1973,1973,614193,-0.04223300970873789
2024-11-12,1958,1969,1850,1855,835802,-0.059807399898631486
2024-11-13,1847,1905,1812,1812,470306,-0.023180592991913773
2024-11-14,1806,1865,1806,1818,243531,0.0033112582781456013
2024-11-15,1803,1875,1751,1856,381203,0.020902090209020896
2024-11-18,1840,1911,1840,1885,284258,0.015625
2024-11-19,1885,2000,1875,1923,568636,0.020159151193633873
2024-11-20,1918,1949,1892,1892,196159,-0.016120644825793007
2024-11-21,1874,1907,1865,1870,238783,-0.011627906976744207
2024-11-22,1890,1939,1878,1878,216239,0.004278074866310266
2024-11-25,1878,1939,1878,1928,453003,0.026624068157614422
2024-11-26,1928,1945,1915,1935,184079,0.0036307053941908585
2024-11-27,1935,1949,1900,1936,398835,0.0005167958656331351
2024-11-28,1920,1965,1920,1948,401528,0.006198347107438051
2024-11-29,1948,1948,1845,1890,380348,-0.02977412731006157
2024-12-02,1895,1919,1845,1845,223350,-0.023809523809523836
2024-12-03,1832,1950,1832,1914,607309,0.0373983739837398
2024-12-04,1832,1912,1825,1840,531335,-0.03866248693834906
2024-12-05,1846,1866,1798,1798,307250,-0.022826086956521774
2024-12-06,1825,1850,1670,1762,604426,-0.020022246941045596
2024-12-09,1745,1745,1602,1610,570837,-0.08626560726447219
2024-12-10,1605,1748,1605,1742,455076,0.08198757763975162
2024-12-11,1721,1876,1721,1869,620008,0.07290470723306552
2024-12-12,1899,1900,1857,1894,323524,0.013376136971642527
2024-12-13,1875,1926,1875,1913,316914,0.010031678986272441
2024-12-16,1915,1963,1915,1941,414804,0.01463669628855202
2024-12-17,1943,1958,1900,1955,281160,0.007212776919113928
2024-12-18,1950,1950,1910,1926,221993,-0.014833759590792805
2024-12-19,1872,1899,1856,1887,194413,-0.02024922118380057
2024-12-20,1882,1887,1820,1821,242373,-0.03497615262321141
2024-12-23,1820,1854,1820,1843,161208,0.012081274025260935
2024-12-24,1843,1857,1805,1817,125661,-0.014107433532284275
2024-12-26,1812,1827,1770,1771,214449,-0.025316455696202556
2024-12-27,1761,1779,1727,1748,176901,-0.012987012987012991
2024-12-30,1740,1787,1713,1787,145390,0.02231121281464521
2025-01-02,1784,1819,1775,1811,168804,0.013430330162283122
2025-01-03,1811,1845,1811,1834,185534,0.012700165654334628
2025-01-06,1825,1940,1821,1918,570870,0.04580152671755733
2025-01-07,1911,1932,1885,1893,325976,-0.013034410844629862
2025-01-08,1935,2030,1897,1914,2962690,0.011093502377178988
2025-01-09,1940,2075,1881,2035,4411414,0.06321839080459779
2025-01-10,1981,2010,1948,1988,876711,-0.023095823095823143
2025-01-13,1988,2140,1925,1931,3538939,-0.028672032193158947
2025-01-14,1945,2085,1910,1933,2950491,0.0010357327809424888
2025-01-15,1950,2050,1890,1908,2670388,-0.012933264355923457
2025-01-16,1928,1958,1920,1953,423903,0.02358490566037741
2025-01-17,1950,1959,1932,1947,361662,-0.003072196620583667
2025-01-20,1987,1987,1927,1928,475413,-0.009758602978941933
2025-01-21,1928,1939,1907,1921,289676,-0.0036307053941908585
2025-01-22,1920,1969,1911,1911,550830,-0.005205622071837612
2025-01-23,1930,1930,1860,1864,341928,-0.024594453165881713
2025-01-24,1866,1909,1865,1883,215499,0.010193133047210257
2025-01-31,1866,1872,1845,1855,174270,-0.014869888475836479
2025-02-03,1804,1837,1761,1795,333700,-0.03234501347708896
2025-02-04,1795,1932,1795,1890,684511,0.052924791086351064
2025-02-05,1890,1936,1885,1932,404600,0.022222222222222143
2025-02-06,1943,1967,1923,1931,352030,-0.0005175983436852549
2025-02-07,1938,1948,1900,1903,216768,-0.014500258933195287
2025-02-10,1899,1929,1859,1929,245340,0.01366263794009459
2025-02-11,1929,1932,1910,1913,241009,-0.00829445308449972
2025-02-12,1897,1907,1864,1870,244739,-0.02247778358599062
2025-02-13,1870,1899,1869,1892,179650,0.0117647058823529
2025-02-14,1884,1912,1880,1888,198649,-0.0021141649048626032
2025-02-17,1885,1930,1884,1924,260775,0.019067796610169552
2025-02-18,1926,1948,1911,1930,267186,0.0031185031185030354
2025-02-19,1930,1945,1919,1921,207519,-0.004663212435233155
2025-02-20,1930,1943,1899,1900,256040,-0.010931806350858886
2025-02-21,1910,1910,1871,1873,260867,-0.014210526315789451
2025-02-24,1880,1971,1880,1908,539034,0.01868659903897485
2025-02-25,1886,1907,1878,1879,218331,-0.015199161425576535
2025-02-26,1898,1948,1875,1913,557568,0.018094731240021256
2025-02-27,1931,1937,1884,1884,230052,-0.015159435441714608
2025-02-28,1878,1878,1822,1824,324352,-0.031847133757961776
2025-03-04,1791,1814,1771,1780,293097,-0.02412280701754388
2025-03-05,1780,1818,1780,1812,179488,0.01797752808988773
2025-03-06,1811,1822,1787,1791,191894,-0.011589403973509937
2025-03-07,1777,1808,1753,1758,208981,-0.018425460636515956
2025-03-10,1732,1777,1726,1758,216018,0.0
2025-03-11,1703,1742,1685,1732,196042,-0.014789533560864654
2025-03-12,1718,1762,1718,1730,108998,-0.0011547344110854896
2025-03-13,1732,1753,1700,1701,239444,-0.01676300578034684
2025-03-14,1701,1728,1696,1696,155244,-0.0029394473838918467
2025-03-17,1700,1714,1669,1680,247236,-0.009433962264150941
2025-03-18,1671,1689,1667,1669,242779,-0.006547619047619024
2025-03-19,1665,1690,1650,1666,298986,-0.0017974835230677444
2025-03-20,1667,1693,1649,1649,239566,-0.010204081632653073
2025-03-21,1636,1662,1623,1637,241792,-0.0072771376591873604
2025-03-24,1630,1665,1630,1635,96259,-0.0012217470983506562
2025-03-25,1633,1659,1626,1627,249673,-0.004892966360856232
2025-03-26,1645,1645,1616,1624,144588,-0.0018438844499077955
2025-03-27,1616,1628,1606,1606,193931,-0.011083743842364546
2025-03-28,1607,1619,1574,1574,263824,-0.01992528019925277
2025-03-31,1550,1569,1520,1535,286780,-0.024777636594663255
2025-04-01,1530,1587,1530,1576,218155,0.026710097719869763
2025-04-02,1575,1586,1527,1530,172690,-0.029187817258883197
2025-04-03,1500,1561,1492,1529,111373,-0.0006535947712418277
2025-04-04,1500,1575,1500,1565,180294,0.023544800523217724
2025-04-07,1512,1565,1468,1475,354450,-0.057507987220447254
2025-04-08,1481,1525,1481,1486,198282,0.007457627118644172
2025-04-09,1459,1506,1411,1421,218476,-0.043741588156123834
2025-04-10,1484,1525,1465,1521,255893,0.07037297677691767
2025-04-11,1493,1597,1493,1582,397011,0.040105193951347706
2025-04-14,1582,1638,1555,1616,308081,0.02149178255372952
2025-04-15,1610,1750,1607,1651,1037853,0.021658415841584233
2025-04-16,1895,2145,1850,2100,36212779,0.2719563900666262
2025-04-17,2090,2105,1976,2045,9966658,-0.02619047619047621
2025-04-18,2010,2655,1953,2535,73857353,0.23960880195599032
2025-04-21,2365,2825,2350,2445,49100052,-0.035502958579881616
2025-04-22,2400,2790,2280,2350,47423094,-0.03885480572597133
2025-04-23,2380,2425,2145,2185,6794122,-0.07021276595744685
2025-04-24,2185,2515,2165,2225,19932680,0.01830663615560635
2025-04-25,2215,2280,2200,2200,2717584,-0.011235955056179803
2025-04-28,2190,2200,2100,2110,2616081,-0.040909090909090895
2025-04-29,2100,2235,2065,2155,2808409,0.021327014218009532
2025-04-30,2165,2370,2145,2210,12521299,0.025522041763341052
2025-05-02,2185,2245,2065,2170,2423843,-0.018099547511312264
2025-05-07,2170,2270,2130,2245,2284775,0.034562211981566726
2025-05-08,2290,2510,2265,2295,20017600,0.022271714922049046
2025-05-09,2310,2345,2220,2245,2634952,-0.02178649237472763
2025-05-12,2240,2425,2215,2300,7087308,0.024498886414253906
2025-05-13,2330,2365,2295,2330,2401709,0.01304347826086949
2025-05-14,2350,2390,2270,2340,2356034,0.0042918454935623185
2025-05-15,2340,2340,2240,2270,1571082,-0.02991452991452992
2025-05-16,2265,2275,2145,2160,2003251,-0.048458149779735726
2025-05-19,2115,2205,2100,2175,981757,0.00694444444444442
2025-05-20,2155,2200,2085,2155,1058505,-0.00919540229885063
2025-05-21,2160,2250,2160,2185,1527791,0.0139211136890951
2025-05-22,2175,2315,2135,2190,3648550,0.0022883295194509046
2025-05-23,2190,2275,2175,2255,2025791,0.029680365296803624
2025-05-26,2150,2160,1950,2010,2925274,-0.10864745011086474
2025-05-27,1999,2050,1999,2030,821915,0.00995024875621886
2025-05-28,2030,2270,2015,2120,9185627,0.044334975369458185
2025-05-29,2100,2155,2080,2100,1245684,-0.009433962264150941
2025-05-30,2100,2135,2085,2100,708111,0.0
2025-06-02,2100,2200,2075,2175,1482780,0.03571428571428581
2025-06-04,2205,2250,2165,2250,1239342,0.034482758620689724
2025-06-05,2250,2320,2200,2255,2393847,0.0022222222222221255
2025-06-09,2280,2295,2240,2275,1420227,0.008869179600886845
2025-06-10,2390,2390,2235,2240,3486713,-0.01538461538461533
2025-06-11,2245,2390,2235,2270,4869060,0.013392857142857206
2025-06-12,2270,2310,2240,2240,1225344,-0.013215859030836996
2025-06-13,2250,2255,2145,2165,1183965,-0.033482142857142905
2025-06-16,2160,2195,2105,2170,690235,0.002309468822170979
2025-06-17,2170,2255,2155,2195,894117,0.011520737327188835
2025-06-18,2195,2275,2170,2260,1160705,0.029612756264236983
2025-06-19,2250,2270,2195,2210,668930,-0.02212389380530977
2025-06-20,2210,2230,2145,2200,708106,-0.004524886877828038
2025-06-23,2150,2235,2145,2180,729591,-0.009090909090909038
2025-06-24,2220,2280,2200,2250,898783,0.032110091743119185
2025-06-25,2255,2255,2200,2235,650252,-0.00666666666666671
2025-06-26,2235,2240,2115,2130,1117962,-0.046979865771812124
2025-06-27,2135,2230,2105,2150,1212642,0.009389671361502261
2025-06-30,2150,2165,2090,2120,457314,-0.013953488372092981
2025-07-01,2120,2160,2115,2150,410644,0.014150943396226356
2025-07-02,2145,2150,2100,2150,465157,0.0
2025-07-03,2145,2190,2140,2165,535383,0.006976744186046435
2025-07-04,2180,2225,2150,2160,713795,-0.002309468822170868
2025-07-07,2160,2230,2145,2185,657120,0.011574074074074181
2025-07-08,2185,2205,2140,2160,502696,-0.011441647597253968
2025-07-09,2180,2180,2110,2130,528609,-0.01388888888888884
2025-07-10,2130,2290,2100,2150,4241139,0.009389671361502261
2025-07-11,2150,2205,2140,2145,918721,-0.0023255813953488857
2025-07-14,2145,2150,2100,2105,532471,-0.018648018648018683
2025-07-15,2110,2130,2070,2095,422946,-0.004750593824228044
2025-07-16,2075,2080,2045,2050,527523,-0.021479713603818618
2025-07-17,2070,2130,2030,2095,581374,0.02195121951219514
2025-07-18,2100,2230,2065,2155,2692541,0.02863961813842475
2025-07-21,2165,2170,2115,2125,351842,-0.0139211136890951
2025-07-22,2135,2145,2060,2075,613123,-0.02352941176470591
2025-07-23,2100,2100,2035,2055,341707,-0.009638554216867434
2025-07-24,2060,2130,2025,2035,976005,-0.009732360097323589
2025-07-25,2035,2125,2020,2020,708790,-0.0073710073710073765
2025-07-28,2025,2040,1994,1994,424212,-0.012871287128712883
2025-07-29,1992,2035,1968,1981,514457,-0.006519558676028048
2025-07-30,1976,2025,1976,1999,236922,0.009086320040383677
2025-07-31,2000,2415,2000,2175,30983233,0.08804402201100547
2025-08-01,2145,2435,2145,2235,29642747,0.02758620689655178
2025-08-04,2235,2280,2170,2235,2708237,0.0
2025-08-05,2255,2425,2160,2270,22162781,0.015659955257270708
2025-08-06,2250,2335,2205,2225,3538058,-0.01982378854625555
2025-08-07,2225,2240,2185,2185,1910514,-0.017977528089887618
2025-08-08,2175,2230,2160,2170,1307624,-0.006864988558352381
2025-08-11,2170,2310,2150,2225,3755196,0.025345622119815614
2025-08-12,2225,2295,2195,2225,2153732,0.0
2025-08-13,2225,2405,2220,2280,10171866,0.024719101123595433
2025-08-14,2285,2420,2275,2340,7761428,0.026315789473684292
2025-08-18,2355,2485,2285,2405,11456663,0.02777777777777768
2025-08-19,2435,2525,2250,2250,5413529,-0.0644490644490644
2025-08-20,2205,2275,2160,2215,1619509,-0.015555555555555545
2025-08-21,2215,2275,2190,2190,1134274,-0.011286681715575675
2025-08-22,2180,2240,2130,2190,1193546,0.0
2025-08-25,2210,2295,2210,2265,1311650,0.03424657534246567
2025-08-26,2275,2280,2235,2240,712109,-0.01103752759381893
2025-08-27,2250,2255,2170,2185,1006438,-0.024553571428571397
2025-08-28,2180,2220,2170,2185,402205,0.0
2025-08-29,2180,2225,2095,2100,1150829,-0.0389016018306636
2025-09-01,2090,2115,2055,2085,437852,-0.0071428571428571175
2025-09-02,2085,2140,2085,2100,398899,0.007194244604316502
2025-09-03,2090,2170,2080,2150,638228,0.023809523809523725
2025-09-04,2140,2200,2130,2130,742277,-0.009302325581395321
2025-09-05,2135,2155,2115,2115,371262,-0.007042253521126751
2025-09-08,2120,2160,2120,2150,513332,0.016548463356973908
2025-09-09,2150,2160,2095,2135,755708,-0.006976744186046546
