Date,Open,High,Low,Close,Volume,Change
2022-01-03,9120,9140,8940,9060,76058,-0.008752735229759279
2022-01-04,9010,9030,8930,8950,69911,-0.012141280353200834
2022-01-05,8940,9030,8940,8950,36403,0.0
2022-01-06,8950,9010,8880,8880,36259,-0.007821229050279377
2022-01-07,8920,8990,8920,8980,34249,0.011261261261261257
2022-01-10,8980,9010,8810,8840,34292,-0.015590200445434244
2022-01-11,8820,9050,8770,8920,32460,0.009049773755656076
2022-01-12,8920,9040,8900,8980,26612,0.006726457399103047
2022-01-13,8980,8990,8880,8890,33427,-0.010022271714922093
2022-01-14,8890,8890,8720,8740,50426,-0.01687289088863897
2022-01-17,8800,8800,8650,8790,30955,0.005720823798627039
2022-01-18,8800,8810,8560,8560,36826,-0.026166097838452806
2022-01-19,8520,8630,8440,8530,41809,-0.003504672897196248
2022-01-20,8530,8690,8440,8580,52522,0.0058616647127784915
2022-01-21,8550,8550,8400,8450,56650,-0.015151515151515138
2022-01-24,8380,8430,8130,8150,69878,-0.035502958579881616
2022-01-25,8010,8150,7890,7900,109976,-0.030674846625766916
2022-01-26,7780,8090,7780,8060,65910,0.020253164556962133
2022-01-27,8020,8060,7820,7860,99833,-0.02481389578163773
2022-01-28,7870,8240,7810,8120,33553,0.0330788804071247
2022-02-03,8220,8540,8220,8470,67598,0.0431034482758621
2022-02-04,8410,8530,8400,8460,37337,-0.0011806375442738881
2022-02-07,8530,8590,8450,8590,38790,0.015366430260047359
2022-02-08,8620,8870,8620,8680,93258,0.010477299185098987
2022-02-09,8670,8790,8600,8640,32614,-0.004608294930875556
2022-02-10,8810,8810,8570,8590,24067,-0.0057870370370370905
2022-02-11,8500,8670,8460,8540,21737,-0.005820721769499437
2022-02-14,8400,8600,8370,8530,46153,-0.0011709601873536313
2022-02-15,8530,8750,8460,8590,52722,0.00703399765533419
2022-02-16,8680,8700,8590,8650,57652,0.006984866123399325
2022-02-17,8700,8750,8550,8600,41995,-0.005780346820809301
2022-02-18,8600,8620,8320,8590,37208,-0.0011627906976744429
2022-02-21,8600,8630,8460,8550,46995,-0.00465657741559955
2022-02-22,8510,8560,8430,8440,30139,-0.012865497076023358
2022-02-23,8450,8500,8420,8450,28346,0.0011848341232227888
2022-02-24,8460,8460,8310,8430,33688,-0.002366863905325478
2022-02-25,8500,8540,8370,8420,30311,-0.0011862396204033177
2022-02-28,8430,8490,8370,8490,16187,0.008313539192398967
2022-03-02,8520,8560,8410,8450,30412,-0.004711425206124886
2022-03-03,8590,8600,8480,8600,49887,0.01775147928994092
2022-03-04,8600,8600,8420,8560,37701,-0.0046511627906976605
2022-03-07,8470,8500,8330,8370,54224,-0.02219626168224298
2022-03-08,8290,8340,8200,8270,26460,-0.01194743130227005
2022-03-10,8290,8370,8270,8280,27412,0.0012091898428052694
2022-03-11,8330,8390,8310,8390,31380,0.013285024154589431
2022-03-14,8390,8430,8260,8280,32318,-0.013110846245530383
2022-03-15,8280,8340,8230,8290,21631,0.0012077294685990392
2022-03-16,8300,8570,8290,8560,72693,0.03256936067551264
2022-03-17,8560,8630,8550,8560,29429,0.0
2022-03-18,8620,8630,8530,8610,13739,0.005841121495327117
2022-03-21,8640,8900,8630,8780,61687,0.019744483159117365
2022-03-22,8800,8870,8730,8810,38635,0.003416856492027387
2022-03-23,8880,8900,8770,8840,57074,0.0034052213393871433
2022-03-24,8820,8870,8740,8850,20240,0.0011312217194570096
2022-03-25,8820,8890,8770,8850,18385,0.0
2022-03-28,8850,8960,8800,8840,66756,-0.001129943502824804
2022-03-29,8840,8920,8830,8860,35746,0.002262443438914019
2022-03-30,8860,8900,8800,8800,35501,-0.006772009029345383
2022-03-31,8870,8980,8810,8890,70841,0.010227272727272751
2022-04-01,8840,8960,8830,8860,40257,-0.003374578177727794
2022-04-04,8900,9020,8850,9020,76790,0.018058690744920947
2022-04-05,9020,9030,8830,8970,103505,-0.005543237250554278
2022-04-06,8920,9010,8870,8950,49275,-0.0022296544035674826
2022-04-07,8910,9000,8850,8960,65822,0.0011173184357542443
2022-04-08,9070,9070,8850,8970,41779,0.0011160714285713969
2022-04-11,8970,9360,8930,9230,150130,0.02898550724637672
2022-04-12,9230,9420,9120,9400,165563,0.018418201516793076
2022-04-13,9400,9480,9360,9480,80212,0.008510638297872353
2022-04-14,9520,9520,9440,9470,68162,-0.0010548523206751481
2022-04-15,9450,9460,9180,9210,99248,-0.02745512143611406
2022-04-18,9210,9370,9210,9240,40160,0.0032573289902280145
2022-04-19,9240,9310,9190,9290,54448,0.005411255411255311
2022-04-20,9290,9600,9250,9520,133778,0.02475780409041972
2022-04-21,9560,9560,9400,9420,61921,-0.010504201680672232
2022-04-22,9400,9460,9270,9360,65858,-0.006369426751592355
2022-04-25,9340,9350,9130,9200,56687,-0.017094017094017144
2022-04-26,9230,9340,9160,9280,36980,0.008695652173912993
2022-04-27,9190,9200,9070,9120,41296,-0.017241379310344862
2022-04-28,9120,9220,9090,9140,47232,0.002192982456140413
2022-04-29,9150,9320,9150,9170,34179,0.003282275711159688
2022-05-02,9130,9230,9090,9170,16208,0.0
2022-05-03,9180,9240,9080,9100,30875,-0.007633587786259555
2022-05-04,9100,9360,9060,9170,72948,0.007692307692307665
2022-05-06,9060,9190,9050,9050,39599,-0.013086150490730697
2022-05-09,9040,9380,8940,9290,145434,0.026519337016574607
2022-05-10,9160,9360,8970,9300,100431,0.0010764262648008671
2022-05-11,9350,9350,9180,9190,48181,-0.011827956989247324
2022-05-12,9190,9400,8980,9200,74079,0.0010881392818280489
2022-05-13,9320,9490,9150,9470,163161,0.02934782608695663
2022-05-16,9550,9670,9420,9550,110931,0.008447729672650395
2022-05-17,9600,9640,9400,9540,95491,-0.0010471204188481353
2022-05-18,9540,9550,9350,9400,67215,-0.014675052410901501
2022-05-19,9340,9350,9070,9070,63128,-0.03510638297872337
2022-05-20,9100,9180,9070,9130,44791,0.006615214994487362
2022-05-23,9120,9140,9040,9050,32982,-0.008762322015334112
2022-05-24,9050,9180,9050,9110,37796,0.006629834254143541
2022-05-25,9100,9170,9090,9130,24987,0.002195389681668436
2022-05-26,9120,9270,9070,9160,52567,0.0032858707557503752
2022-05-27,9160,9230,9070,9150,39278,-0.0010917030567685337
2022-05-30,9200,9230,9110,9160,22757,0.0010928961748633004
2022-05-31,9140,9350,9140,9280,89086,0.013100436681222627
2022-06-02,9280,9300,9210,9270,64906,-0.0010775862068965747
2022-06-03,9280,9330,9180,9250,64929,-0.0021574973031284195
2022-06-07,9230,9240,9080,9100,53166,-0.01621621621621616
2022-06-08,9100,9160,9030,9040,54284,-0.00659340659340657
2022-06-09,9030,9060,8900,8970,65018,-0.007743362831858391
2022-06-10,8960,9120,8880,9000,57306,0.0033444816053511683
2022-06-13,8890,8960,8790,8810,44982,-0.02111111111111108
2022-06-14,8700,8790,8510,8650,51584,-0.018161180476730987
2022-06-15,8600,8650,8410,8410,45438,-0.02774566473988438
2022-06-16,8500,8660,8460,8520,32548,0.013079667063020217
2022-06-17,8320,8910,8290,8850,72365,0.03873239436619724
2022-06-20,8870,8870,8470,8600,41842,-0.02824858757062143
2022-06-21,8600,8800,8430,8710,35483,0.012790697674418539
2022-06-22,8710,8750,8320,8510,48031,-0.02296211251435132
2022-06-23,8410,8500,8150,8230,47409,-0.03290246768507643
2022-06-24,8240,8710,8230,8550,33337,0.03888213851761857
2022-06-27,8570,8700,8340,8420,34939,-0.01520467836257311
2022-06-28,8430,8470,8300,8360,22558,-0.0071258907363420665
2022-06-29,8350,8350,8200,8230,28584,-0.015550239234449759
2022-06-30,8250,8250,8150,8190,20958,-0.004860267314702349
2022-07-01,8180,8320,8060,8170,28948,-0.0024420024420024333
2022-07-04,8180,8250,7990,8050,44899,-0.014687882496939975
2022-07-05,8030,8100,8010,8050,44713,0.0
2022-07-06,8060,8400,8030,8350,84505,0.037267080745341685
2022-07-07,8430,8500,8300,8360,55581,0.0011976047904191933
2022-07-08,8530,9130,8410,9070,239611,0.08492822966507174
2022-07-11,9130,9610,8970,8970,647845,-0.011025358324145529
2022-07-12,8850,9220,8810,9150,156166,0.02006688963210701
2022-07-13,9600,9810,9320,9730,818599,0.06338797814207653
2022-07-14,10000,10200,9450,9470,900215,-0.02672147995889007
2022-07-15,9830,9950,9520,9590,617142,0.012671594508975703
2022-07-18,9770,10150,8800,8910,1849515,-0.07090719499478626
2022-07-19,8970,9500,8840,9140,593009,0.02581369248035914
2022-07-20,9380,9380,8930,8960,261572,-0.01969365426695846
2022-07-21,8980,9040,8840,8890,189282,-0.0078125
2022-07-22,8910,9240,8710,9040,430611,0.01687289088863886
2022-07-25,9050,9060,8910,8910,117653,-0.014380530973451378
2022-07-26,8910,8980,8670,8850,124709,-0.006734006734006703
2022-07-27,8850,9280,8730,9180,216334,0.03728813559322042
2022-07-28,9200,9300,9080,9120,115849,-0.006535947712418277
2022-07-29,9180,9200,8950,8980,81569,-0.015350877192982448
2022-08-01,9030,9030,8850,8850,95235,-0.014476614699331813
2022-08-02,8920,9210,8810,9180,214598,0.03728813559322042
2022-08-03,9180,9450,9150,9280,225933,0.01089324618736387
2022-08-04,9330,9430,8980,9010,348551,-0.02909482758620685
2022-08-05,9150,9200,8970,9090,108820,0.008879023307436285
2022-08-08,9070,9280,9020,9280,132926,0.020902090209020896
2022-08-09,9300,10100,9270,9950,1280697,0.07219827586206895
2022-08-10,9840,9930,9590,9740,403828,-0.021105527638190957
2022-08-11,9840,10150,9660,9700,341671,-0.004106776180698102
2022-08-12,9720,9730,9450,9610,169255,-0.009278350515463885
2022-08-16,9610,9630,9500,9590,144608,-0.002081165452653466
2022-08-17,9570,9600,9260,9280,186473,-0.03232533889468192
2022-08-18,9240,9260,9020,9170,154891,-0.0118534482758621
2022-08-19,9080,9180,9040,9090,116425,-0.008724100327153761
2022-08-22,9040,9050,8870,8950,125469,-0.015401540154015403
2022-08-23,8900,8910,8670,8720,183587,-0.025698324022346397
2022-08-24,8740,8820,8550,8660,214251,-0.006880733944954143
2022-08-25,8740,8930,8660,8840,150913,0.020785219399538146
2022-08-26,8900,8900,8450,8540,295349,-0.0339366515837104
2022-08-29,8380,8380,8210,8300,155777,-0.02810304449648715
2022-08-30,8330,8390,8220,8350,162081,0.006024096385542244
2022-08-31,8350,8680,8300,8560,111621,0.025149700598802394
2022-09-01,8510,8590,8280,8300,105761,-0.030373831775700966
2022-09-02,8560,9050,8560,8810,505856,0.06144578313253013
2022-09-05,8910,9380,8820,8820,307104,0.0011350737797957144
2022-09-06,9080,9280,8940,9170,257024,0.039682539682539764
2022-09-07,9170,9200,8890,9060,175748,-0.01199563794983638
2022-09-08,9100,9150,8860,8950,109372,-0.012141280353200834
2022-09-13,8950,8960,8650,8750,212501,-0.022346368715083775
2022-09-14,8600,8670,8510,8600,73755,-0.017142857142857126
2022-09-15,8630,8710,8590,8620,61785,0.0023255813953488857
2022-09-16,8600,8660,8450,8470,75323,-0.01740139211136893
2022-09-19,8490,8490,8330,8380,66016,-0.010625737898465215
2022-09-20,8430,8600,8430,8490,38690,0.013126491646778149
2022-09-21,8520,8910,8440,8650,74334,0.018845700824499323
2022-09-22,8650,8650,8390,8560,98141,-0.010404624277456698
2022-09-23,8470,8570,8280,8280,122231,-0.032710280373831724
2022-09-26,8180,8240,8050,8110,218465,-0.020531400966183555
2022-09-27,8020,8120,7950,8100,125855,-0.0012330456226880004
2022-09-28,8010,8600,7960,8270,147482,0.020987654320987703
2022-09-29,8280,8400,8190,8300,51118,0.0036275695284160303
2022-09-30,8120,8260,8040,8040,84976,-0.031325301204819245
2022-10-04,8080,8180,8050,8110,117226,0.008706467661691475
2022-10-05,8140,8250,8020,8150,93480,0.004932182490752224
2022-10-06,8150,8430,8150,8250,74604,0.012269938650306678
2022-10-07,8350,8350,8130,8170,159490,-0.009696969696969648
2022-10-11,8050,8100,7920,7940,48398,-0.028151774785801664
2022-10-12,7940,8000,7880,7940,59225,0.0
2022-10-13,7950,7960,7650,7660,112851,-0.035264483627204024
2022-10-14,7760,7930,7760,7810,41722,0.019582245430809442
2022-10-17,7750,7790,7690,7770,60486,-0.005121638924455829
2022-10-18,7850,8120,7810,8100,108995,0.042471042471042386
2022-10-19,8120,8180,7940,7960,62769,-0.01728395061728394
2022-10-20,7940,8150,7920,8150,82902,0.023869346733668362
2022-10-21,8140,8180,8050,8130,30530,-0.0024539877300613355
2022-10-24,8150,8270,8130,8230,45439,0.012300123001230068
2022-10-25,8300,8300,8070,8080,37441,-0.018226002430133614
2022-10-26,8080,8220,8060,8060,62224,-0.0024752475247524774
2022-10-27,8150,8200,8050,8100,74730,0.00496277915632759
2022-10-28,8160,8340,8110,8130,61227,0.0037037037037037646
2022-10-31,8220,8220,8130,8180,27986,0.006150061500614923
2022-11-01,8190,8340,8190,8300,38866,0.014669926650366705
2022-11-02,8300,8320,8160,8200,51227,-0.012048192771084376
2022-11-03,8190,8210,8090,8200,35777,0.0
2022-11-04,8200,8280,8160,8240,37179,0.004878048780487809
2022-11-07,8270,8350,8000,8140,186668,-0.012135922330097082
2022-11-08,8220,8220,8120,8160,65272,0.002457002457002533
2022-11-09,8160,8210,8130,8190,61491,0.003676470588235281
2022-11-10,8140,8210,8090,8200,50846,0.0012210012210012167
2022-11-11,8350,8350,8160,8220,150636,0.0024390243902439046
2022-11-14,8250,8280,8170,8250,64020,0.0036496350364962904
2022-11-15,8290,8340,8230,8310,45184,0.0072727272727273196
2022-11-16,8330,8350,8190,8250,66899,-0.0072202166064981865
2022-11-17,8230,8260,8140,8220,64874,-0.0036363636363636598
2022-11-18,8200,8310,8190,8220,64706,0.0
2022-11-21,8260,8260,8160,8190,62038,-0.0036496350364964014
2022-11-22,8160,8430,8160,8420,115209,0.028083028083027983
2022-11-23,8450,8510,8370,8500,89516,0.009501187648456089
2022-11-24,8540,8610,8440,8560,70379,0.007058823529411784
2022-11-25,8560,8640,8470,8580,58933,0.002336448598130758
2022-11-28,8620,8620,8350,8480,69004,-0.011655011655011704
2022-11-29,8360,8560,8350,8480,49285,0.0
2022-11-30,8480,8680,8420,8590,300936,0.01297169811320753
2022-12-01,8650,8680,8520,8580,177448,-0.0011641443538998875
2022-12-02,8560,8650,8500,8630,73007,0.005827505827505908
2022-12-05,8650,8680,8500,8510,37334,-0.01390498261877171
2022-12-06,8530,8590,8450,8540,74727,0.003525264394829586
2022-12-07,8540,8680,8490,8540,51920,0.0
2022-12-08,8550,8650,8500,8540,54823,0.0
2022-12-09,8770,9140,8700,9100,341972,0.06557377049180335
2022-12-12,9040,9100,8890,9080,137383,-0.00219780219780219
2022-12-13,9030,9030,8920,8920,85894,-0.017621145374449365
2022-12-14,8900,8970,8760,8820,93832,-0.011210762331838597
2022-12-15,8780,8880,8700,8790,114194,-0.003401360544217691
2022-12-16,8680,8890,8680,8790,65361,0.0
2022-12-19,8700,8740,8590,8590,77793,-0.022753128555176305
2022-12-20,8620,8700,8480,8600,79431,0.0011641443538998875
2022-12-21,8610,8680,8460,8470,73009,-0.015116279069767424
2022-12-22,8520,8640,8480,8580,50560,0.01298701298701288
2022-12-23,8540,8620,8480,8550,55186,-0.0034965034965035446
2022-12-26,8550,8660,8550,8600,39720,0.005847953216374213
2022-12-27,8650,8740,8630,8660,65524,0.006976744186046435
2022-12-28,8470,8470,8260,8350,82131,-0.035796766743648956
2022-12-29,8350,8350,8100,8140,59511,-0.025149700598802394
2023-01-02,8110,8230,7890,7910,57224,-0.02825552825552824
2023-01-03,7870,8170,7750,8080,76263,0.02149178255372952
2023-01-04,7950,8340,7940,8120,57119,0.004950495049504955
2023-01-05,8100,8210,8100,8120,19501,0.0
2023-01-06,8120,8350,8060,8260,41334,0.01724137931034475
2023-01-09,8270,8370,8270,8290,25202,0.00363196125907983
2023-01-10,8380,8390,8230,8290,37685,0.0
2023-01-11,8320,8340,8110,8210,93850,-0.00965018094089265
2023-01-12,8230,8250,8170,8250,57437,0.004872107186357999
2023-01-13,8250,8370,8190,8320,43396,0.00848484848484854
2023-01-16,8250,8420,8250,8340,40330,0.0024038461538462563
2023-01-17,8380,8430,8310,8380,29410,0.004796163069544335
2023-01-18,8380,8440,8300,8330,48404,-0.005966587112171795
2023-01-19,8300,8420,8290,8350,17257,0.0024009603841537164
2023-01-20,8350,8440,8350,8380,24104,0.00359281437125758
2023-01-25,8390,8430,8290,8400,44617,0.0023866348448686736
2023-01-26,8410,8430,8290,8350,47021,-0.005952380952380931
2023-01-27,8350,8390,8220,8290,126551,-0.007185628742514938
2023-01-30,8270,8320,8240,8250,24033,-0.004825090470446325
2023-01-31,8220,8410,8100,8330,63852,0.00969696969696976
2023-02-01,8330,8380,8280,8370,24411,0.004801920768307433
2023-02-02,8370,8410,8350,8410,50458,0.004778972520907976
2023-02-03,8410,8450,8340,8430,36194,0.0023781212841855748
2023-02-06,8430,8570,8360,8530,58916,0.011862396204033177
2023-02-07,8490,8550,8220,8240,185630,-0.03399765533411492
2023-02-08,8260,8320,8200,8270,99534,0.00364077669902918
2023-02-09,8270,8280,8200,8230,79936,-0.0048367593712213
2023-02-10,8230,8230,8120,8120,66276,-0.013365735115431376
2023-02-13,8140,8140,8090,8140,44953,0.0024630541871921707
2023-02-14,8130,8200,8110,8150,21304,0.0012285012285011554
2023-02-15,8200,8210,8020,8100,89440,-0.006134969325153339
2023-02-16,8100,8130,8010,8080,59876,-0.0024691358024691024
2023-02-17,8080,8080,7990,8040,43132,-0.004950495049504955
2023-02-20,8130,8130,8010,8050,37486,0.0012437810945273853
2023-02-21,8060,8080,8000,8030,46993,-0.00248447204968949
2023-02-22,8000,8020,7900,7940,57157,-0.011207970112079746
2023-02-23,7940,8020,7910,8010,62888,0.00881612090680095
2023-02-24,8020,8060,7940,7980,47342,-0.0037453183520599342
2023-02-27,7970,7970,7890,7950,51306,-0.003759398496240629
2023-02-28,7930,8070,7920,8020,47061,0.008805031446540879
2023-03-02,8070,8070,7980,8010,19509,-0.0012468827930174342
2023-03-03,8020,8050,7940,8010,49204,0.0
2023-03-06,8010,8040,7940,7970,38845,-0.004993757802746579
2023-03-07,7970,8190,7960,8110,71058,0.017565872020075313
2023-03-08,8070,8210,8030,8160,38985,0.006165228113440113
2023-03-09,8190,8200,8090,8180,49565,0.002450980392156854
2023-03-10,8170,8170,8040,8040,53724,-0.017114914425427896
2023-03-13,7990,8130,7840,8110,51715,0.008706467661691475
2023-03-14,8060,8060,7830,7830,63387,-0.03452527743526512
2023-03-15,7930,7940,7830,7840,64315,0.0012771392081736277
2023-03-16,7850,7850,7700,7830,41725,-0.0012755102040816757
2023-03-17,7840,8080,7740,8030,70705,0.025542784163473886
2023-03-20,8010,8320,7910,8210,160819,0.022415940224159492
2023-03-21,8190,8320,8040,8070,106193,-0.01705237515225333
2023-03-22,8110,8180,7960,7960,71519,-0.013630731102850069
2023-03-23,7940,8000,7860,7950,67809,-0.0012562814070351536
2023-03-24,7950,7990,7880,7940,50798,-0.0012578616352201255
2023-03-27,7920,7930,7790,7820,59112,-0.015113350125944613
2023-03-28,7850,7930,7830,7900,26644,0.010230179028132946
2023-03-29,7900,7970,7880,7900,43549,0.0
2023-03-30,7920,7970,7860,7890,48364,-0.0012658227848101333
2023-03-31,7920,7920,7800,7810,49754,-0.010139416983523497
2023-04-03,7800,7830,7700,7740,57177,-0.008962868117797673
2023-04-04,7750,7810,7600,7620,177454,-0.015503875968992276
2023-04-05,7640,7670,7590,7590,121255,-0.003937007874015741
2023-04-06,7550,7580,7450,7470,142811,-0.015810276679841917
2023-04-07,7450,7580,7430,7580,108123,0.014725568942436373
2023-04-10,7510,7560,7390,7440,83892,-0.01846965699208447
2023-04-11,7440,7470,7340,7380,114522,-0.008064516129032251
2023-04-12,7350,7400,7310,7360,117263,-0.0027100271002710175
2023-04-13,7330,7380,7310,7320,74780,-0.005434782608695676
2023-04-14,7370,7400,7310,7330,87919,0.001366120218579292
2023-04-17,7340,7450,7340,7380,79332,0.006821282401091366
2023-04-18,7420,7420,7290,7320,109980,-0.008130081300813052
2023-04-19,7310,7370,7310,7350,39753,0.004098360655737654
2023-04-20,7350,7380,7290,7340,77672,-0.0013605442176870541
2023-04-21,7310,7340,7270,7320,32092,-0.0027247956403270157
2023-04-24,7310,7320,7180,7200,74777,-0.016393442622950838
2023-04-25,7220,7220,7080,7100,72690,-0.01388888888888884
2023-04-26,7070,7160,7050,7090,45835,-0.0014084507042253502
2023-04-27,7090,7090,6970,6990,86181,-0.014104372355430161
2023-04-28,7020,7020,6900,6930,88892,-0.008583690987124415
2023-05-02,6950,7010,6940,6990,50241,0.008658008658008587
2023-05-03,6960,7180,6950,7110,77039,0.01716738197424883
2023-05-04,7100,7150,7070,7130,49889,0.002812939521800173
2023-05-08,7130,7160,7090,7110,58171,-0.0028050490883591017
2023-05-09,7110,7140,6970,7010,71012,-0.01406469760900142
2023-05-10,7010,7110,6970,7050,90612,0.005706134094151105
2023-05-11,7090,7100,6960,7030,114755,-0.0028368794326241176
2023-05-12,7050,7060,6930,6960,82913,-0.009957325746799417
2023-05-15,6980,6980,6830,6870,85525,-0.012931034482758674
2023-05-16,6870,6910,6790,6830,80728,-0.005822416302765698
2023-05-17,6830,6840,6770,6820,61305,-0.0014641288433382416
2023-05-18,6840,6890,6830,6860,59562,0.0058651026392961825
2023-05-19,6900,6900,6770,6790,98014,-0.010204081632653073
2023-05-22,6810,6880,6780,6850,42589,0.008836524300441795
2023-05-23,6880,6930,6850,6900,89669,0.007299270072992803
2023-05-24,6900,6930,6850,6920,25179,0.0028985507246377384
2023-05-25,6910,7500,6900,6940,460141,0.0028901734104045396
2023-05-26,6990,6990,6890,6900,54643,-0.0057636887608069065
2023-05-30,6960,6960,6800,6820,74092,-0.011594202898550732
2023-05-31,6850,6870,6770,6780,90861,-0.0058651026392961825
2023-06-01,6790,6820,6770,6790,37870,0.001474926253687281
2023-06-02,6790,6820,6750,6780,87074,-0.0014727540500736325
2023-06-05,6800,6810,6740,6760,121115,-0.002949852507374673
2023-06-07,6780,6820,6740,6790,144723,0.004437869822485174
2023-06-08,6800,6810,6650,6700,202713,-0.013254786450662692
2023-06-09,6700,6730,6650,6650,93392,-0.007462686567164201
2023-06-12,6670,6700,6540,6540,118176,-0.016541353383458635
2023-06-13,6570,6590,6500,6540,81189,0.0
2023-06-14,6600,6670,6490,6670,98390,0.01987767584097866
2023-06-15,6680,6680,6540,6660,69699,-0.0014992503748125774
2023-06-16,6650,6660,6550,6580,88201,-0.012012012012011963
2023-06-19,6590,6590,6500,6550,56780,-0.00455927051671734
2023-06-20,6510,6580,6510,6560,87860,0.0015267175572519776
2023-06-21,6560,6570,6510,6540,42340,-0.0030487804878048808
2023-06-22,6530,6560,6450,6460,56193,-0.012232415902140636
2023-06-23,6470,6500,6360,6400,65748,-0.009287925696594423
2023-06-26,6410,6460,6380,6440,23659,0.006250000000000089
2023-06-27,6460,6480,6410,6460,33075,0.0031055900621117516
2023-06-28,6460,6520,6400,6520,48042,0.009287925696594534
2023-06-29,6500,6530,6400,6430,45679,-0.013803680981595123
2023-06-30,6410,6430,6360,6420,39992,-0.0015552099533436836
2023-07-03,6420,6500,6420,6500,65935,0.012461059190031154
2023-07-04,6480,6510,6400,6400,44001,-0.01538461538461533
2023-07-05,6390,6430,6360,6400,41528,0.0
2023-07-06,6390,6390,6300,6380,64890,-0.0031250000000000444
2023-07-07,6360,6380,6290,6380,41989,0.0
2023-07-10,6310,6390,6310,6390,30971,0.0015673981191222097
2023-07-11,6360,6400,6350,6400,25558,0.0015649452269170805
2023-07-12,6410,6470,6380,6470,32970,0.010937500000000044
2023-07-13,6480,6500,6440,6490,36997,0.0030911901081915882
2023-07-14,6470,6510,6460,6500,38229,0.0015408320493066618
2023-07-17,6480,6510,6420,6450,44931,-0.007692307692307665
2023-07-18,6450,6470,6350,6360,52095,-0.013953488372092981
2023-07-19,6370,6400,6310,6380,24357,0.003144654088050425
2023-07-20,6380,6380,6300,6310,34429,-0.010971786833855801
2023-07-21,6330,6340,6280,6340,29849,0.004754358161648264
2023-07-24,6340,6340,6190,6200,73572,-0.02208201892744477
2023-07-25,6160,6210,5990,6000,114256,-0.032258064516129004
2023-07-26,6000,6030,5790,5820,178656,-0.030000000000000027
2023-07-27,5820,6030,5790,6000,94067,0.030927835051546282
2023-07-28,5950,6110,5950,6100,38447,0.016666666666666607
2023-07-31,6070,6140,6040,6080,23900,-0.003278688524590123
2023-08-01,6050,6220,6050,6220,38589,0.023026315789473673
2023-08-02,6170,6270,6170,6240,25979,0.003215434083601254
2023-08-03,6200,6300,6200,6260,20148,0.0032051282051281937
2023-08-04,6270,6470,6190,6410,88504,0.023961661341852958
2023-08-07,6400,6570,6400,6490,116678,0.012480499219968744
2023-08-08,6550,6550,6430,6450,44674,-0.006163328197226536
2023-08-09,6480,6500,6420,6500,23531,0.007751937984496138
2023-08-10,6500,6540,6450,6510,39313,0.0015384615384614886
2023-08-11,6490,6540,6470,6540,22142,0.004608294930875667
2023-08-14,6520,6540,6440,6530,42623,-0.001529051987767538
2023-08-16,6510,6550,6390,6430,79965,-0.015313935681470103
2023-08-17,6410,6450,6280,6420,24629,-0.0015552099533436836
2023-08-18,6410,6410,6240,6280,46526,-0.02180685358255452
2023-08-21,6280,6350,6280,6280,17035,0.0
2023-08-22,6330,6330,6230,6230,14776,-0.0079617834394905
2023-08-23,6240,6340,6230,6270,17522,0.006420545746388395
2023-08-24,6270,6360,6210,6280,25241,0.0015948963317384823
2023-08-25,6220,6310,6220,6280,9036,0.0
2023-08-28,6250,6400,6250,6380,33165,0.015923566878981
2023-08-29,6400,6420,6340,6360,24329,-0.0031347962382445305
2023-08-30,6380,6450,6350,6350,42968,-0.0015723270440252124
2023-08-31,6360,6400,6330,6350,20071,0.0
2023-09-01,6380,6490,6360,6420,61277,0.011023622047244164
2023-09-04,6420,6450,6310,6360,51787,-0.009345794392523366
2023-09-05,6400,6410,6220,6250,77238,-0.01729559748427678
2023-09-06,6270,6300,6180,6220,59920,-0.0048000000000000265
2023-09-07,6190,6220,6080,6150,90397,-0.0112540192926045
2023-09-08,6150,6200,6110,6180,23077,0.004878048780487809
2023-09-11,6200,6230,6110,6180,51906,0.0
2023-09-12,6220,6220,6090,6110,61871,-0.01132686084142398
2023-09-13,6110,6130,6080,6120,55618,0.0016366612111293755
2023-09-14,6100,6190,6100,6190,33137,0.011437908496731986
2023-09-15,6150,6250,6150,6170,420266,-0.003231017770597755
2023-09-18,6170,6230,6150,6190,52247,0.0032414910858995505
2023-09-19,6180,6210,6110,6160,57862,-0.004846526655896577
2023-09-20,6150,6160,5930,6020,152482,-0.022727272727272707
2023-09-21,6040,6050,5950,5990,55179,-0.004983388704318914
2023-09-22,5960,5990,5900,5960,47297,-0.005008347245408995
2023-09-25,5920,5980,5900,5960,36849,0.0
2023-09-26,5950,6020,5900,5950,55544,-0.001677852348993314
2023-09-27,5920,5990,5920,5990,27507,0.006722689075630228
2023-10-04,5980,5980,5850,5890,120933,-0.016694490818030094
2023-10-05,5890,5970,5850,5850,36816,-0.006791171477079749
2023-10-06,5900,6030,5860,6010,33007,0.027350427350427253
2023-10-10,6010,6030,5920,5970,38809,-0.006655574043261225
2023-10-11,5970,6060,5930,6060,124908,0.015075376884422065
2023-10-12,6060,6140,6000,6110,40613,0.008250825082508184
2023-10-13,6090,6110,6020,6110,23569,0.0
2023-10-16,6060,6090,5950,6020,32852,-0.014729950900163713
2023-10-17,6020,6100,6000,6080,15124,0.009966777408637828
2023-10-18,6080,6130,5930,5930,112020,-0.024671052631578982
2023-10-19,5930,5970,5870,5910,64770,-0.003372681281618939
2023-10-20,5880,5990,5830,5970,43839,0.010152284263959421
2023-10-23,5960,6090,5960,6050,50021,0.01340033500837512
2023-10-24,6060,6110,6030,6090,40187,0.006611570247933907
2023-10-25,6130,6150,6060,6100,21632,0.0016420361247948545
2023-10-26,6050,6070,5950,5960,43643,-0.022950819672131195
2023-10-27,5950,6040,5900,5970,42889,0.001677852348993314
2023-10-30,5940,6040,5940,5950,17268,-0.00335008375209378
2023-10-31,5980,6050,5820,5890,70763,-0.010084033613445342
2023-11-01,5920,5980,5910,5930,25477,0.00679117147707986
2023-11-02,5960,6010,5940,5980,29397,0.008431703204047292
2023-11-03,6030,6080,5980,6050,26116,0.0117056856187292
2023-11-06,6090,6100,6030,6070,133685,0.0033057851239668423
2023-11-07,6060,6060,5960,5990,39490,-0.01317957166392092
2023-11-08,5990,6030,5970,5980,25627,-0.0016694490818029983
2023-11-09,5980,6010,5910,5940,45951,-0.006688963210702337
2023-11-10,5940,5960,5900,5930,30534,-0.0016835016835017313
2023-11-13,5940,5980,5800,5810,106510,-0.0202360876897133
2023-11-14,5830,5870,5780,5790,84794,-0.0034423407917383297
2023-11-15,5780,5850,5740,5840,119686,0.008635578583765069
2023-11-16,5850,5860,5800,5860,26635,0.003424657534246478
2023-11-17,5870,5890,5830,5860,35297,0.0
2023-11-20,5850,5920,5830,5920,31634,0.010238907849829282
2023-11-21,5930,5940,5890,5940,32665,0.0033783783783782884
2023-11-22,5930,5990,5900,5910,34565,-0.005050505050505083
2023-11-23,5950,6100,5920,6100,119453,0.0321489001692048
2023-11-24,6100,6160,6040,6080,57916,-0.003278688524590123
2023-11-27,6080,6180,6060,6070,47737,-0.00164473684210531
2023-11-28,6090,6120,6030,6100,41405,0.0049423393739702615
2023-11-29,6130,6130,6040,6080,33999,-0.003278688524590123
2023-11-30,6080,6090,6040,6040,14968,-0.006578947368421018
2023-12-01,6040,6140,6020,6020,54975,-0.0033112582781457123
2023-12-04,6020,6120,6020,6100,42163,0.013289036544850585
2023-12-05,6090,6150,6060,6120,42610,0.003278688524590123
2023-12-06,6120,6150,6040,6050,58727,-0.011437908496731986
2023-12-07,6030,6070,6020,6030,53542,-0.0033057851239669533
2023-12-08,6040,6080,6030,6060,22337,0.004975124378109541
2023-12-11,6080,6180,6070,6140,32980,0.013201320132013139
2023-12-12,6140,6140,6100,6110,22880,-0.004885993485342022
2023-12-13,6130,6160,6060,6070,62583,-0.006546644844517169
2023-12-14,6090,6130,6070,6090,41342,0.0032948929159801743
2023-12-15,6100,6170,6070,6070,116521,-0.003284072249589487
2023-12-18,6090,6340,6070,6310,183940,0.03953871499176276
2023-12-19,6320,6320,6080,6140,201224,-0.02694136291600635
2023-12-20,6150,6210,6080,6160,167318,0.0032573289902280145
2023-12-21,6150,6170,6110,6120,37562,-0.00649350649350644
2023-12-22,6140,6170,6110,6140,43846,0.0032679738562091387
2023-12-26,6170,6230,6150,6190,139099,0.008143322475570036
2023-12-27,5910,6050,5840,5900,191591,-0.04684975767366717
2023-12-28,5900,5940,5870,5920,35196,0.003389830508474523
2024-01-02,5920,5920,5800,5870,89773,-0.008445945945945943
2024-01-03,5870,5870,5770,5790,77560,-0.013628620102214661
2024-01-04,5800,5800,5700,5720,63935,-0.012089810017271163
2024-01-05,5740,5740,5690,5730,41288,0.0017482517482516613
2024-01-08,5740,5770,5670,5700,69731,-0.005235602094240788
2024-01-09,5740,5760,5700,5700,22772,0.0
2024-01-10,5720,5740,5690,5720,27063,0.0035087719298245723
2024-01-11,5720,5730,5670,5690,45332,-0.005244755244755206
2024-01-12,5690,5720,5660,5700,40288,0.0017574692442883233
2024-01-15,5680,5790,5680,5710,50833,0.0017543859649122862
2024-01-16,5720,5760,5670,5700,27524,-0.0017513134851138146
2024-01-17,5680,5710,5580,5630,53823,-0.012280701754386003
2024-01-18,5630,5640,5550,5580,35831,-0.008880994671403242
2024-01-19,5560,5620,5550,5550,48143,-0.005376344086021501
2024-01-22,5560,5560,5460,5520,68590,-0.00540540540540535
2024-01-23,5490,5610,5490,5560,40647,0.007246376811594235
2024-01-24,5560,5570,5510,5510,18132,-0.008992805755395739
2024-01-25,5510,5620,5470,5580,46725,0.012704174228675091
2024-01-26,5570,5640,5560,5570,22629,-0.0017921146953404632
2024-01-29,5540,5620,5530,5610,38248,0.007181328545780907
2024-01-30,5600,5680,5570,5650,74939,0.007130124777183555
2024-01-31,5650,5690,5600,5640,38672,-0.001769911504424737
2024-02-01,5600,5840,5600,5790,103445,0.02659574468085113
2024-02-02,5790,5820,5730,5790,79783,0.0
2024-02-05,5810,5860,5680,5800,125262,0.0017271157167531026
2024-02-06,5750,5800,5720,5770,61936,-0.005172413793103403
2024-02-07,5770,5800,5740,5790,25576,0.0034662045060658286
2024-02-08,5770,5770,5660,5720,83303,-0.012089810017271163
2024-02-13,5720,5740,5680,5710,38450,-0.0017482517482517723
2024-02-14,5690,5720,5670,5690,54054,-0.003502626970227629
2024-02-15,5700,5730,5670,5700,56384,0.0017574692442883233
2024-02-16,5710,5750,5680,5720,39444,0.0035087719298245723
2024-02-19,5710,5780,5700,5780,39210,0.010489510489510412
2024-02-20,5770,5790,5740,5770,43843,-0.0017301038062284002
2024-02-21,5770,5810,5720,5730,24838,-0.006932409012131768
2024-02-22,5730,5750,5690,5720,22325,-0.0017452006980802626
2024-02-23,5720,5730,5640,5690,60220,-0.005244755244755206
2024-02-26,5680,5680,5610,5620,44445,-0.012302284710017597
2024-02-27,5630,5630,5550,5580,66432,-0.007117437722419906
2024-02-28,5570,5620,5540,5590,40775,0.0017921146953405742
2024-02-29,5590,5640,5540,5560,36513,-0.00536672629695889
2024-03-04,5560,5600,5500,5510,63475,-0.008992805755395739
2024-03-05,5470,5560,5460,5470,59076,-0.007259528130671544
2024-03-06,5470,5510,5450,5460,87017,-0.001828153564899404
2024-03-07,5460,5530,5440,5500,21131,0.0073260073260073
2024-03-08,5510,5610,5480,5530,46546,0.005454545454545379
2024-03-11,5520,5580,5500,5520,82172,-0.001808318264014508
2024-03-12,5490,5530,5480,5510,35524,-0.0018115942028985588
2024-03-13,5530,5600,5530,5590,17000,0.014519056261343088
2024-03-14,5590,5650,5550,5600,19677,0.0017889087656528524
2024-03-15,5570,5620,5530,5570,39641,-0.005357142857142838
2024-03-18,5570,5580,5540,5550,30864,-0.0035906642728904536
2024-03-19,5570,5570,5520,5540,7269,-0.0018018018018017834
2024-03-20,5520,5570,5520,5560,18930,0.0036101083032491488
2024-03-21,5520,5600,5520,5540,38896,-0.003597122302158251
2024-03-22,5560,5560,5510,5520,12640,-0.0036101083032491488
2024-03-25,5520,5560,5520,5530,19217,0.0018115942028984477
2024-03-26,5520,5600,5520,5590,22244,0.010849909584086825
2024-03-27,5580,5630,5540,5630,35280,0.007155635062611854
2024-03-28,5590,5660,5560,5640,33735,0.001776198934280604
2024-03-29,5630,5650,5590,5620,11699,-0.0035460992907800915
2024-04-01,5620,5670,5580,5650,48470,0.005338078291814874
2024-04-02,5660,5660,5580,5630,26229,-0.0035398230088495852
2024-04-03,5590,5630,5560,5610,16691,-0.003552397868561319
2024-04-04,5600,5640,5550,5580,21479,-0.005347593582887722
2024-04-05,5580,5580,5500,5500,23919,-0.014336917562724039
2024-04-08,5500,5530,5480,5500,31107,0.0
2024-04-09,5500,5540,5440,5460,36672,-0.0072727272727273196
2024-04-11,5460,5470,5430,5430,19476,-0.005494505494505475
2024-04-12,5430,5450,5410,5430,37345,0.0
2024-04-15,5430,5430,5360,5380,65803,-0.009208103130755041
2024-04-16,5360,5390,5340,5350,12564,-0.005576208178438624
2024-04-17,5400,5420,5280,5350,56127,0.0
2024-04-18,5320,5370,5310,5350,36667,0.0
2024-04-19,5350,5360,5300,5350,26194,0.0
2024-04-22,5350,5430,5330,5420,30238,0.013084112149532645
2024-04-23,5420,5450,5410,5420,15166,0.0
2024-04-24,5460,5490,5420,5480,17819,0.011070110701107083
2024-04-25,5440,5520,5440,5480,15442,0.0
2024-04-26,5480,5530,5440,5510,16797,0.005474452554744547
2024-04-29,5540,5610,5520,5590,40653,0.014519056261343088
2024-04-30,5600,5600,5550,5580,11835,-0.0017889087656529634
2024-05-02,5590,5590,5490,5500,19587,-0.014336917562724039
2024-05-03,5500,5560,5430,5460,57434,-0.0072727272727273196
2024-05-07,5460,5530,5460,5480,23009,0.00366300366300365
2024-05-08,5500,5540,5450,5530,22297,0.009124087591240837
2024-05-09,5530,5540,5460,5510,15363,-0.003616636528028905
2024-05-10,5550,5550,5480,5520,21699,0.001814882032667775
2024-05-13,5520,5560,5450,5500,13947,-0.0036231884057971175
2024-05-14,5460,5500,5440,5500,24095,0.0
2024-05-16,5490,5530,5490,5490,8369,-0.0018181818181818299
2024-05-17,5500,5540,5310,5430,108617,-0.010928961748633892
2024-05-20,5430,5430,5330,5370,39020,-0.011049723756906049
2024-05-21,5380,5380,5330,5370,30108,0.0
2024-05-22,5380,5410,5320,5340,29012,-0.005586592178770999
2024-05-23,5350,5380,5310,5370,17248,0.00561797752808979
2024-05-24,5370,5400,5340,5370,22967,0.0
2024-05-27,5410,5410,5330,5370,12416,0.0
2024-05-28,5390,5420,5360,5390,43078,0.003724394785847407
2024-05-29,5380,5430,5360,5390,21533,0.0
2024-05-30,5390,5400,5300,5380,22701,-0.0018552875695733162
2024-05-31,5360,5390,5300,5370,16428,-0.0018587360594795044
2024-06-03,5330,5450,5330,5400,27686,0.005586592178770999
2024-06-04,5400,5420,5330,5370,16456,-0.005555555555555536
2024-06-05,5370,5380,5350,5370,10164,0.0
2024-06-07,5390,5400,5340,5340,12163,-0.005586592178770999
2024-06-10,5310,5400,5260,5310,56386,-0.005617977528089901
2024-06-11,5300,5400,5290,5350,18539,0.007532956685499137
2024-06-12,5320,5380,5310,5360,15832,0.0018691588785046953
2024-06-13,5360,5410,5300,5340,17200,-0.003731343283582045
2024-06-14,5320,5370,5310,5320,16451,-0.0037453183520599342
2024-06-17,5320,5360,5300,5330,9712,0.001879699248120259
2024-06-18,5330,5360,5290,5310,19814,-0.0037523452157598447
2024-06-19,5270,5320,5260,5290,16100,-0.0037664783427495685
2024-06-20,5300,5310,5270,5300,7015,0.001890359168241984
2024-06-21,5260,5340,5260,5280,26459,-0.0037735849056603765
2024-06-24,5270,5390,5160,5220,39212,-0.011363636363636354
2024-06-25,5220,5280,5130,5150,61450,-0.013409961685823757
2024-06-26,5150,5180,5130,5150,139167,0.0
2024-06-27,5160,5170,5130,5160,9713,0.001941747572815622
2024-06-28,5120,5200,5120,5190,20008,0.005813953488372103
2024-07-01,5200,5210,5140,5160,13205,-0.005780346820809301
2024-07-02,5170,5200,5110,5130,12052,-0.005813953488372103
2024-07-03,5130,5140,5100,5130,12607,0.0
2024-07-04,5090,5120,5080,5110,22483,-0.003898635477582846
2024-07-05,5120,5170,5090,5100,68019,-0.00195694716242667
2024-07-08,5100,5120,5070,5100,17897,0.0
2024-07-09,5060,5110,5030,5060,30738,-0.007843137254901933
2024-07-10,5040,5060,5020,5030,40522,-0.005928853754940677
2024-07-11,5030,5060,5020,5040,20952,0.001988071570576455
2024-07-12,5040,5110,5040,5080,26178,0.007936507936507908
2024-07-15,5110,5120,5040,5070,18923,-0.0019685039370078705
2024-07-16,5050,5110,5050,5080,27528,0.0019723865877712132
2024-07-17,5080,5120,5050,5070,20405,-0.0019685039370078705
2024-07-18,5060,5070,5010,5050,28985,-0.0039447731755424265
2024-07-19,5030,5060,5010,5060,19327,0.001980198019801982
2024-07-22,5060,5060,5020,5030,19689,-0.005928853754940677
2024-07-23,5030,5060,5030,5030,19073,0.0
2024-07-24,5000,5060,5000,5060,12909,0.005964214711729587
2024-07-25,5060,5080,5000,5050,28681,-0.0019762845849802257
2024-07-26,5050,5100,5010,5060,31884,0.001980198019801982
2024-07-29,5050,5070,5030,5070,6683,0.0019762845849802257
2024-07-30,5070,5070,5010,5030,18830,-0.007889546351084853
2024-07-31,5020,5050,5010,5030,11253,0.0
2024-08-01,5040,5060,5020,5060,16955,0.005964214711729587
2024-08-02,5030,5050,4980,5010,54994,-0.00988142292490124
2024-08-05,5000,5000,4500,4665,185944,-0.06886227544910184
2024-08-06,4665,4840,4665,4790,56473,0.026795284030010746
2024-08-07,4775,4905,4760,4860,40041,0.014613778705636848
2024-08-08,4855,4990,4770,4980,34713,0.024691358024691468
2024-08-09,4970,5020,4920,4940,21710,-0.008032128514056214
2024-08-12,4950,5000,4930,4960,16768,0.004048582995951344
2024-08-13,5000,5000,4920,4990,19110,0.006048387096774244
2024-08-14,4960,5020,4950,4990,9396,0.0
2024-08-16,4970,5020,4925,4960,14586,-0.006012024048096198
2024-08-19,4930,4990,4920,4955,17292,-0.0010080645161290036
2024-08-20,4955,5000,4940,4950,22461,-0.0010090817356205317
2024-08-21,4925,5040,4925,5000,22091,0.010101010101010166
2024-08-22,5000,5010,4975,4995,7629,-0.0010000000000000009
2024-08-23,4960,5030,4960,5030,7456,0.00700700700700696
2024-08-26,5010,5030,4980,4985,9756,-0.008946322067594381
2024-08-27,4975,5010,4950,4950,13627,-0.007021063189568744
2024-08-28,4950,5010,4910,5010,19337,0.0121212121212122
2024-08-29,4970,5010,4955,4965,7530,-0.008982035928143728
2024-08-30,4960,4985,4940,4945,11420,-0.004028197381671705
2024-09-02,4990,5000,4955,4985,11922,0.008088978766430666
2024-09-03,4995,5020,4950,4950,15582,-0.007021063189568744
2024-09-04,4935,4975,4820,4830,38741,-0.024242424242424288
2024-09-05,4850,4925,4750,4850,38781,0.0041407867494824835
2024-09-06,4825,4890,4800,4835,14495,-0.003092783505154628
2024-09-09,4750,5000,4750,4880,20489,0.009307135470527417
2024-09-10,4850,4900,4820,4840,18050,-0.008196721311475419
2024-09-11,4840,4870,4840,4840,11481,0.0
2024-09-12,4850,4950,4820,4860,40660,0.004132231404958775
2024-09-13,4855,4940,4845,4845,7618,-0.0030864197530864335
2024-09-19,4850,5140,4845,4905,59939,0.01238390092879249
2024-09-20,4895,4950,4800,4855,29976,-0.010193679918450549
2024-09-23,4840,4935,4840,4925,16665,0.014418125643666402
2024-09-24,4900,4960,4900,4955,11516,0.006091370558375608
2024-09-25,4935,5010,4925,4985,24595,0.006054490413723412
2024-09-26,4975,4990,4940,4960,20133,-0.005015045135406182
2024-09-27,4960,4990,4925,4935,18035,-0.005040322580645129
2024-09-30,4970,5000,4950,4950,9186,0.003039513677811634
2024-10-02,4905,4970,4890,4900,7750,-0.010101010101010055
2024-10-04,4900,4925,4860,4915,9636,0.003061224489795844
2024-10-07,4930,5010,4890,4990,19851,0.015259409969481164
2024-10-08,5000,5100,4960,5050,35187,0.012024048096192397
2024-10-10,5020,5070,5000,5050,8206,0.0
2024-10-11,5050,5080,5040,5060,11001,0.001980198019801982
2024-10-14,5060,5090,5030,5060,8732,0.0
2024-10-15,5040,5080,5000,5000,10781,-0.011857707509881465
2024-10-16,5030,5040,4995,5000,15691,0.0
2024-10-17,5020,5020,4995,5020,13191,0.0040000000000000036
2024-10-18,5020,5040,4995,4995,7750,-0.004980079681274896
2024-10-21,4965,5080,4965,5060,13421,0.013013013013013053
2024-10-22,5080,5080,5010,5020,12317,-0.007905138339920903
2024-10-23,5010,5040,5000,5020,6450,0.0
2024-10-24,5020,5060,5010,5020,18263,0.0
2024-10-25,5050,5060,4965,4985,14689,-0.006972111553784854
2024-10-28,4945,5050,4945,5000,10661,0.0030090270812437314
2024-10-29,5040,5040,4915,4965,18347,-0.007000000000000006
2024-10-30,4970,5040,4935,5020,11210,0.011077542799597273
2024-10-31,4995,5060,4995,5020,9670,0.0
2024-11-01,5040,5040,4995,4995,8702,-0.004980079681274896
2024-11-04,5000,5070,5000,5030,7478,0.00700700700700696
2024-11-05,4960,5020,4960,5020,17474,-0.001988071570576566
2024-11-06,5020,5180,4970,5000,37330,-0.003984063745019917
2024-11-07,5010,5030,4960,5000,12792,0.0
2024-11-08,5000,5030,4990,4990,4769,-0.0020000000000000018
2024-11-11,4980,5040,4875,4880,39327,-0.022044088176352727
2024-11-12,4865,4950,4805,4815,26855,-0.013319672131147486
2024-11-13,4820,4845,4700,4740,42396,-0.015576323987538943
2024-11-14,4715,4770,4700,4760,13929,0.00421940928270037
2024-11-15,4695,4745,4600,4675,59582,-0.017857142857142905
2024-11-18,4670,4725,4665,4680,27454,0.0010695187165774556
2024-11-19,4695,4770,4670,4755,12993,0.01602564102564097
2024-11-20,4735,4790,4735,4770,5871,0.003154574132492094
2024-11-21,4735,4800,4735,4770,12547,0.0
2024-11-22,4790,4820,4780,4810,9629,0.008385744234800763
2024-11-25,4810,4840,4780,4805,10787,-0.0010395010395010118
2024-11-26,4775,4865,4755,4850,14442,0.009365244536940764
2024-11-27,4860,4880,4800,4855,17549,0.0010309278350515427
2024-11-28,4850,4885,4850,4885,7000,0.006179196704428458
2024-11-29,4880,4880,4810,4825,12447,-0.0122824974411464
2024-12-02,4825,4880,4815,4815,6855,-0.002072538860103612
2024-12-03,4815,4990,4815,4985,37628,0.03530633437175501
2024-12-04,4935,4960,4830,4900,29779,-0.017051153460381108
2024-12-05,4900,4900,4805,4810,18115,-0.01836734693877551
2024-12-06,4815,4840,4740,4760,21914,-0.01039501039501034
2024-12-09,4760,4760,4600,4675,34985,-0.017857142857142905
2024-12-10,4620,4770,4620,4735,27652,0.012834224598930577
2024-12-11,4760,4835,4745,4835,13426,0.021119324181626098
2024-12-12,4825,4930,4765,4820,30012,-0.0031023784901758056
2024-12-13,4835,4890,4810,4830,14136,0.0020746887966804906
2024-12-16,4880,4915,4860,4905,11891,0.01552795031055898
2024-12-17,4910,4950,4870,4950,16784,0.00917431192660545
2024-12-18,4910,4970,4900,4960,24004,0.002020202020202033
2024-12-19,4925,4960,4890,4955,18164,-0.0010080645161290036
2024-12-20,4935,4955,4910,4955,14686,0.0
2024-12-23,4985,4995,4945,4975,40677,0.004036326942482349
2024-12-24,4985,5020,4975,4995,31065,0.004020100502512669
2024-12-26,5000,5120,5000,5060,106455,0.013013013013013053
2024-12-27,4830,4900,4735,4775,61118,-0.05632411067193677
2024-12-30,4710,4755,4705,4725,28846,-0.010471204188481686
2025-01-02,4725,4725,4620,4650,36803,-0.015873015873015928
2025-01-03,4635,4700,4505,4585,67378,-0.013978494623655968
2025-01-06,4575,4620,4570,4610,53174,0.005452562704471031
2025-01-07,4630,4640,4610,4610,22425,0.0
2025-01-08,4600,4645,4600,4645,5360,0.00759219088937102
2025-01-09,4645,4645,4590,4630,22553,-0.0032292787944026013
2025-01-10,4630,4630,4515,4520,89813,-0.023758099352051865
2025-01-13,4520,4540,4485,4495,20599,-0.00553097345132747
2025-01-14,4480,4515,4450,4475,37267,-0.004449388209121219
2025-01-15,4500,4500,4430,4435,40418,-0.00893854748603351
2025-01-16,4450,4450,4415,4430,25970,-0.0011273957158962622
2025-01-17,4445,4445,4380,4400,43905,-0.006772009029345383
2025-01-20,4405,4425,4390,4405,17467,0.001136363636363713
2025-01-21,4420,4420,4400,4410,14901,0.0011350737797957144
2025-01-22,4420,4425,4405,4425,22821,0.00340136054421758
2025-01-23,4425,4440,4340,4400,11829,-0.005649717514124242
2025-01-24,4395,4435,4390,4420,6058,0.00454545454545463
2025-01-31,4435,4435,4345,4360,19444,-0.013574660633484115
2025-02-03,4360,4380,4315,4345,11841,-0.0034403669724770714
2025-02-04,4350,4375,4320,4355,12540,0.0023014959723819395
2025-02-05,4310,4375,4310,4375,21653,0.004592422502870175
2025-02-06,4385,4415,4380,4410,18508,0.008000000000000007
2025-02-07,4360,4620,4360,4395,47689,-0.003401360544217691
2025-02-10,4395,4430,4355,4405,15657,0.0022753128555177415
2025-02-11,4400,4470,4400,4450,24060,0.010215664018161208
2025-02-12,4470,4660,4440,4580,62887,0.02921348314606731
2025-02-13,4600,4640,4595,4610,34640,0.0065502183406114245
2025-02-14,4595,4630,4550,4560,10562,-0.010845986984815648
2025-02-17,4585,4585,4510,4540,12267,-0.004385964912280715
2025-02-18,4515,4540,4495,4520,31548,-0.004405286343612369
2025-02-19,4530,4545,4500,4545,12886,0.005530973451327359
2025-02-20,4545,4600,4530,4550,21581,0.0011001100110010764
2025-02-21,4555,4575,4525,4570,8861,0.00439560439560438
2025-02-24,4575,4585,4540,4550,10776,-0.004376367614879695
2025-02-25,4525,4565,4525,4550,15405,0.0
2025-02-26,4550,4570,4540,4570,8915,0.00439560439560438
2025-02-27,4570,4585,4520,4560,15337,-0.002188183807439792
2025-02-28,4550,4550,4460,4460,16532,-0.021929824561403466
2025-03-04,4460,4515,4450,4490,20354,0.006726457399103047
2025-03-05,4455,4550,4420,4485,30018,-0.00111358574610243
2025-03-06,4485,4495,4450,4450,17029,-0.0078037904124860225
2025-03-07,4455,4460,4430,4430,5814,-0.004494382022471877
2025-03-10,4440,4490,4440,4480,11909,0.011286681715575675
2025-03-11,4440,4480,4340,4430,22311,-0.011160714285714302
2025-03-12,4430,4430,4390,4420,15675,-0.0022573363431150906
2025-03-13,4430,4435,4405,4405,14064,-0.0033936651583710287
2025-03-14,4400,4432,4390,4395,5950,-0.002270147559591429
2025-03-17,4405,4480,4400,4480,18443,0.019340159271899804
2025-03-18,4480,4525,4445,4485,19850,0.0011160714285713969
2025-03-19,4470,4545,4470,4545,21108,0.013377926421404673
2025-03-20,4550,4635,4505,4545,26422,0.0
2025-03-21,4565,4585,4535,4560,14275,0.0033003300330032292
2025-03-24,4505,4600,4470,4490,40829,-0.015350877192982448
2025-03-25,4500,4530,4440,4500,39422,0.00222717149220486
2025-03-26,4500,4580,4500,4570,25715,0.015555555555555545
2025-03-27,4510,4565,4510,4520,6954,-0.01094091903719907
2025-03-28,4520,4555,4510,4555,14581,0.007743362831858391
2025-03-31,4520,4555,4445,4510,25534,-0.009879253567508184
2025-04-01,4480,4525,4455,4480,28412,-0.006651884700665134
2025-04-02,4480,4510,4405,4420,35513,-0.013392857142857095
2025-04-03,4420,4445,4375,4415,14890,-0.0011312217194570096
2025-04-04,4415,4435,4395,4410,23854,-0.0011325028312570984
2025-04-07,4395,4395,4245,4305,42972,-0.023809523809523836
2025-04-08,4350,4380,4280,4290,35269,-0.0034843205574912606
2025-04-09,4290,4310,4260,4275,13149,-0.0034965034965035446
2025-04-10,4350,4380,4295,4380,25317,0.024561403508772006
2025-04-11,4385,4400,4320,4385,20809,0.0011415525114155667
2025-04-14,4365,4390,4310,4365,52213,-0.004561003420752607
2025-04-15,4365,4395,4345,4385,11145,0.004581901489117968
2025-04-16,4400,4400,4380,4385,9777,0.0
2025-04-17,4385,4410,4380,4410,10106,0.005701254275940704
2025-04-18,4420,4420,4400,4400,5409,-0.0022675736961451642
2025-04-21,4410,4470,4355,4385,33618,-0.003409090909090917
2025-04-22,4380,4385,4330,4370,36766,-0.0034207525655644
2025-04-23,4370,4405,4355,4385,79486,0.003432494279176135
2025-04-24,4395,4410,4360,4385,26628,0.0
2025-04-25,4395,4400,4365,4395,72019,0.0022805017103761926
2025-04-28,4395,4740,4390,4485,160933,0.020477815699658786
2025-04-29,4550,4720,4465,4485,107013,0.0
2025-04-30,4510,4510,4410,4435,71254,-0.01114827201783719
2025-05-02,4440,4570,4440,4485,92921,0.011273957158962844
2025-05-07,4520,4560,4480,4535,128658,0.011148272017837302
2025-05-08,4560,4570,4470,4530,47392,-0.0011025358324145973
2025-05-09,4530,4530,4465,4500,18088,-0.0066225165562914245
2025-05-12,4500,4500,4425,4465,161987,-0.007777777777777772
2025-05-13,4470,4470,4410,4450,72219,-0.0033594624860022737
2025-05-14,4455,4460,4395,4420,83847,-0.006741573033707815
2025-05-15,4415,4415,4365,4415,101702,-0.0011312217194570096
2025-05-16,4415,4425,4365,4375,72355,-0.009060022650056676
2025-05-19,4345,4385,4315,4315,96853,-0.013714285714285679
2025-05-20,4315,4395,4315,4380,29333,0.015063731170336103
2025-05-21,4390,4430,4355,4375,36451,-0.0011415525114155667
2025-05-22,4375,4395,4360,4375,13838,0.0
2025-05-23,4375,4450,4370,4420,93274,0.010285714285714231
2025-05-26,4425,4470,4400,4460,82867,0.009049773755656076
2025-05-27,4465,4570,4440,4560,140643,0.022421524663677195
2025-05-28,4560,4615,4560,4600,45340,0.00877192982456143
2025-05-29,4600,4645,4565,4645,42837,0.009782608695652284
2025-05-30,4645,4690,4620,4640,39189,-0.0010764262648008671
2025-06-02,4650,4740,4650,4720,63097,0.01724137931034475
2025-06-04,4725,4765,4715,4720,127833,0.0
2025-06-05,4730,4780,4720,4770,114903,0.010593220338983134
2025-06-09,4790,4860,4770,4780,194023,0.002096436058700135
2025-06-10,4845,4845,4775,4810,92058,0.006276150627614996
2025-06-11,4815,4890,4800,4860,143634,0.01039501039501034
2025-06-12,4875,4920,4855,4900,67260,0.008230452674897082
2025-06-13,4900,4930,4750,4800,72673,-0.020408163265306145
2025-06-16,4800,4840,4750,4800,74281,0.0
2025-06-17,4800,4835,4740,4800,170577,0.0
2025-06-18,4800,4865,4775,4800,88177,0.0
2025-06-19,4850,4850,4775,4815,61904,0.0031250000000000444
2025-06-20,4820,4930,4820,4925,178766,0.022845275181723856
2025-06-23,4945,5020,4880,5010,120976,0.01725888324873104
2025-06-24,4995,5070,4970,5020,94382,0.001996007984031989
2025-06-25,5060,5090,4985,5080,79373,0.01195219123505975
2025-06-26,5090,5090,4980,5070,62636,-0.0019685039370078705
2025-06-27,5090,5090,4965,4980,58067,-0.017751479289940808
2025-06-30,4940,5030,4920,5030,55628,0.010040160642570184
2025-07-01,5000,5080,5000,5050,39507,0.003976143141153132
2025-07-02,5050,5060,4975,5040,41197,-0.001980198019801982
2025-07-03,5040,5100,5030,5090,63788,0.009920634920634885
2025-07-04,5140,5170,5040,5060,62139,-0.005893909626719096
2025-07-07,5060,5140,4990,5000,71064,-0.011857707509881465
2025-07-08,5010,5050,4995,5050,21013,0.010000000000000009
2025-07-09,5060,5260,5030,5260,106356,0.04158415841584162
2025-07-10,5310,5340,5190,5240,74612,-0.0038022813688213253
2025-07-11,5230,5300,5210,5240,36274,0.0
2025-07-14,5240,5280,5200,5270,67946,0.005725190839694694
2025-07-15,5220,5250,5130,5190,58590,-0.015180265654648917
2025-07-16,5180,5200,5120,5180,35691,-0.0019267822736031004
2025-07-17,5150,5230,5070,5170,49041,-0.0019305019305019266
2025-07-18,5180,5180,5080,5120,28131,-0.009671179883945835
2025-07-21,5120,5190,5040,5100,24064,-0.00390625
2025-07-22,5200,5200,4990,5060,46931,-0.007843137254901933
2025-07-23,5070,5070,4990,5050,39723,-0.0019762845849802257
2025-07-24,5040,5060,4965,4985,36944,-0.012871287128712883
2025-07-25,4980,5020,4960,5010,28923,0.005015045135406293
2025-07-28,5010,5010,4880,4915,44118,-0.01896207584830334
2025-07-29,4915,4915,4845,4900,25446,-0.003051881993896277
2025-07-30,4910,5040,4900,5000,33757,0.020408163265306145
2025-07-31,5030,5080,4985,5060,19682,0.01200000000000001
2025-08-01,5020,5020,4860,4910,60765,-0.029644268774703608
2025-08-04,4905,4980,4855,4940,30265,0.006109979633401208
2025-08-05,4985,5120,4985,5090,56020,0.030364372469635637
2025-08-06,5080,5130,5070,5080,35020,-0.0019646365422396617
2025-08-07,5130,5150,5070,5130,37167,0.009842519685039353
2025-08-08,5270,5280,5160,5180,97205,0.00974658869395717
2025-08-11,5210,5290,5200,5200,87849,0.0038610038610038533
2025-08-12,5300,5300,5210,5250,55913,0.009615384615384581
2025-08-13,5270,5280,5180,5200,46335,-0.00952380952380949
2025-08-14,5200,5260,5190,5210,29376,0.0019230769230769162
2025-08-18,5220,5300,5220,5280,49271,0.013435700575815668
2025-08-19,5280,5300,5230,5290,34052,0.0018939393939394478
2025-08-20,5250,5280,5170,5240,37939,-0.009451795841209809
2025-08-21,5230,5320,5230,5310,48351,0.013358778625954137
2025-08-22,5310,5440,5310,5350,74081,0.007532956685499137
2025-08-25,5380,5390,5300,5320,33026,-0.005607476635513975
2025-08-26,5320,5340,5250,5320,37361,0.0
2025-08-27,5290,5340,5260,5270,26914,-0.009398496240601517
2025-08-28,5260,5310,5220,5300,16261,0.005692599620493288
2025-08-29,5290,5300,5200,5230,52497,-0.013207547169811318
2025-09-01,5270,5280,5210,5240,13669,0.0019120458891013214
