Date,Open,High,Low,Close,Volume,Change
2022-01-03,36700,37450,36700,37250,1090787,0.012228260869565188
2022-01-04,37300,37600,37200,37600,1128934,0.00939597315436247
2022-01-05,37800,37950,37300,37500,1473096,-0.0026595744680850686
2022-01-06,37650,37850,37150,37300,1232985,-0.005333333333333301
2022-01-07,37300,37650,36900,37650,1126929,0.009383378016085686
2022-01-10,37800,38600,37700,38550,2619613,0.0239043824701195
2022-01-11,38600,39200,38500,39000,2213546,0.011673151750972721
2022-01-12,38950,39750,38950,39750,3023937,0.019230769230769162
2022-01-13,39800,39850,39200,39450,1595426,-0.007547169811320753
2022-01-14,39250,39600,38900,39300,1393257,-0.0038022813688213253
2022-01-17,39400,39450,38400,38850,1121258,-0.011450381679389277
2022-01-18,38950,39300,38550,38900,1205039,0.0012870012870012104
2022-01-19,38900,39850,38750,39500,1881044,0.015424164524421524
2022-01-20,39500,39500,38750,38800,1295859,-0.017721518987341756
2022-01-21,38450,39250,38200,39250,1271940,0.011597938144329856
2022-01-24,39050,39400,37950,38350,1097636,-0.02292993630573248
2022-01-25,37850,38350,37100,37700,1305908,-0.016949152542372836
2022-01-26,37750,38350,37700,38300,1038172,0.01591511936339529
2022-01-27,38500,38500,37350,38100,3454717,-0.005221932114882533
2022-01-28,38350,38400,37750,38150,1398673,0.001312335958005173
2022-02-03,38000,38750,37950,38600,1502176,0.011795543905635641
2022-02-04,38600,39450,38500,39450,1518372,0.022020725388601115
2022-02-07,39550,39700,39200,39700,1277055,0.006337135614702172
2022-02-08,39850,40200,39400,39650,1655941,-0.0012594458438287548
2022-02-09,40000,40750,39800,40600,2437119,0.023959646910466592
2022-02-10,40850,41150,40100,40500,2078068,-0.0024630541871921707
2022-02-11,40200,41100,39850,41100,2151781,0.014814814814814836
2022-02-14,40750,40800,40050,40400,1584007,-0.01703163017031628
2022-02-15,40500,40850,40100,40450,1253631,0.0012376237623761277
2022-02-16,40800,41100,40450,41100,1407902,0.01606922126081578
2022-02-17,41300,41550,40850,41250,1472245,0.0036496350364962904
2022-02-18,40800,41400,40650,41250,1080409,0.0
2022-02-21,40000,41250,40000,41250,805024,0.0
2022-02-22,40500,40800,40100,40650,1304897,-0.014545454545454528
2022-02-23,40800,41050,40500,40700,938664,0.0012300123001229846
2022-02-24,40700,40700,39500,39800,1758982,-0.02211302211302213
2022-02-25,39400,39550,38550,38950,1680980,-0.021356783919597944
2022-02-28,38850,39050,38300,39050,2139605,0.0025673940949935137
2022-03-02,38400,38650,38050,38200,1603611,-0.0217669654289373
2022-03-03,38350,38700,38300,38550,1034752,0.009162303664921545
2022-03-04,38250,38400,37750,38200,867597,-0.009079118028534339
2022-03-07,37700,37800,36900,37200,1461888,-0.02617801047120416
2022-03-08,36400,36850,36300,36400,1303236,-0.021505376344086002
2022-03-10,37200,37250,36700,37100,2266453,0.019230769230769162
2022-03-11,36950,37400,36700,37350,1507994,0.006738544474393482
2022-03-14,37050,37750,36850,37650,1392866,0.008032128514056325
2022-03-15,37650,38200,37550,37900,1625651,0.006640106241699861
2022-03-16,37900,38100,37500,37900,1223813,0.0
2022-03-17,38500,38900,38300,38300,1503266,0.01055408970976246
2022-03-18,38150,38200,37700,38200,1570197,-0.0026109660574412663
2022-03-21,38300,38350,38000,38200,860733,0.0
2022-03-22,38250,38850,38250,38700,1011346,0.01308900523560208
2022-03-23,39000,39850,38900,39700,1657155,0.025839793281653645
2022-03-24,39150,40400,39100,39800,1995003,0.0025188916876575096
2022-03-25,40100,40400,39850,40100,1436013,0.007537688442211143
2022-03-28,39700,41150,39700,41100,1806851,0.02493765586034913
2022-03-29,41150,41750,41100,41300,1650617,0.0048661800486617945
2022-03-30,41050,41550,40600,41200,1333623,-0.002421307506053294
2022-03-31,41200,41650,41050,41500,1206052,0.00728155339805836
2022-04-01,40700,41500,40650,41450,1069020,-0.001204819277108471
2022-04-04,41400,41550,41150,41500,727972,0.0012062726176116367
2022-04-05,41350,41400,40100,40400,1281139,-0.026506024096385583
2022-04-06,39900,41050,39900,40800,1649947,0.00990099009900991
2022-04-07,40000,40900,40000,40300,1234355,-0.01225490196078427
2022-04-08,40200,40500,40000,40250,877310,-0.001240694789081842
2022-04-11,40300,41150,40250,41150,1032854,0.022360248447204967
2022-04-12,41100,41500,40850,40950,1039504,-0.004860267314702349
2022-04-13,40850,40850,40250,40450,1148657,-0.012210012210012167
2022-04-14,40350,41100,40250,40750,1293920,0.007416563658838138
2022-04-15,40350,40800,40150,40300,618344,-0.011042944785276121
2022-04-18,40050,40400,39900,40150,336238,-0.003722084367245637
2022-04-19,40350,40800,40250,40650,853181,0.012453300124533051
2022-04-20,40300,41400,40250,40950,1669191,0.007380073800737907
2022-04-21,41300,41500,40950,41350,1206275,0.009768009768009733
2022-04-22,40850,42150,40800,42150,1821179,0.0193470374848852
2022-04-25,41850,42950,41550,42050,2682884,-0.0023724792408066353
2022-04-26,42300,42300,41600,41700,1118892,-0.008323424494649179
2022-04-27,41100,41350,40600,41200,1376465,-0.011990407673860948
2022-04-28,41000,42450,40600,42450,1563980,0.03033980582524265
2022-04-29,41700,42400,41650,42150,1069064,-0.007067137809187329
2022-05-02,41650,41900,41200,41700,715653,-0.010676156583629859
2022-05-03,41250,42100,41250,41650,669404,-0.0011990407673860837
2022-05-04,42000,42500,41650,42500,967234,0.020408163265306145
2022-05-06,42450,42600,41650,42250,1142986,-0.00588235294117645
2022-05-09,42050,42700,42050,42400,874871,0.0035502958579882726
2022-05-10,42300,42300,41000,41100,1259712,-0.030660377358490587
2022-05-11,40850,40850,40200,40450,1149131,-0.015815085158150888
2022-05-12,40050,41500,40050,41000,1311998,0.013597033374536549
2022-05-13,41400,42400,40850,42300,1243781,0.03170731707317076
2022-05-16,42050,42450,41950,42350,877622,0.0011820330969267712
2022-05-17,42350,42650,42050,42400,924490,0.0011806375442739991
2022-05-18,42400,42600,42050,42050,975421,-0.008254716981132115
2022-05-19,41100,41400,40650,40700,1732281,-0.03210463733650415
2022-05-20,40700,42000,40700,41700,1283629,0.024570024570024662
2022-05-23,42000,42000,41200,41600,907576,-0.0023980815347721673
2022-05-24,41850,42650,41850,42000,1276688,0.009615384615384581
2022-05-25,42650,42650,42000,42350,1281111,0.008333333333333304
2022-05-26,42100,42650,41850,42350,901178,0.0
2022-05-27,42600,42950,42200,42900,1202202,0.01298701298701288
2022-05-30,43000,43450,42900,43200,981376,0.006993006993007089
2022-05-31,43200,43450,42550,43050,3465092,-0.00347222222222221
2022-06-02,43450,43450,42050,42350,1351812,-0.016260162601625994
2022-06-03,42100,42950,42100,42450,862082,0.0023612750885477762
2022-06-07,42200,42250,41550,41700,1178687,-0.017667844522968212
2022-06-08,41700,42200,41550,41800,659863,0.0023980815347721673
2022-06-09,41750,42500,41600,42500,2049638,0.01674641148325362
2022-06-10,41900,42300,41300,42200,1924516,-0.007058823529411784
2022-06-13,41200,41650,40500,40550,1147270,-0.0390995260663507
2022-06-14,40950,40950,39750,40950,1477611,0.009864364981504226
2022-06-15,40600,41250,40250,40750,1068620,-0.004884004884004867
2022-06-16,41500,41600,40500,40550,1238928,-0.004907975460122671
2022-06-17,40200,40650,39600,40050,1485752,-0.012330456226880449
2022-06-20,39800,40400,39350,39750,995976,-0.0074906367041198685
2022-06-21,40250,40250,39300,39600,991921,-0.0037735849056603765
2022-06-22,39650,39650,37800,39050,2298999,-0.01388888888888884
2022-06-23,38350,39250,37650,37750,2335187,-0.033290653008962834
2022-06-24,37150,38750,37100,38700,1292676,0.02516556291390737
2022-06-27,38300,38850,37750,38500,1384979,-0.0051679586563307955
2022-06-28,38400,39000,37950,39000,1762663,0.01298701298701288
2022-06-29,38450,38600,37700,37850,1319026,-0.029487179487179493
2022-06-30,37450,37900,36950,37050,2161589,-0.021136063408190187
2022-07-01,37450,38250,37100,37900,1334004,0.02294197031039147
2022-07-04,37550,37900,36700,37250,1275013,-0.01715039577836408
2022-07-05,37700,37800,36850,37300,1190411,0.0013422818791946067
2022-07-06,36500,37000,35350,35450,2127220,-0.04959785522788207
2022-07-07,35100,35700,34550,35050,2023903,-0.01128349788434413
2022-07-08,35050,36400,34800,36250,1698774,0.0342368045649073
2022-07-11,35900,36400,35650,35850,1153210,-0.011034482758620734
2022-07-12,35500,35800,35200,35600,1215464,-0.006973500697350032
2022-07-13,36050,36050,34600,34600,1661660,-0.028089887640449396
2022-07-14,34550,34700,33900,34000,1855853,-0.017341040462427793
2022-07-15,33400,33800,32500,33400,1783607,-0.01764705882352946
2022-07-18,34050,35000,33850,34650,1372194,0.03742514970059885
2022-07-19,34550,35200,34350,34600,818629,-0.0014430014430014682
2022-07-20,35200,36000,35050,35550,1712917,0.027456647398844014
2022-07-21,35100,36000,34800,35850,1127718,0.00843881856540074
2022-07-22,35150,35800,35100,35650,1188819,-0.00557880055788007
2022-07-25,35750,36600,35600,36000,1708877,0.009817671809256634
2022-07-26,35800,36000,35600,35750,1000911,-0.00694444444444442
2022-07-27,35300,35900,35250,35650,969971,-0.002797202797202747
2022-07-28,35550,36150,35400,35700,922485,0.0014025245441795509
2022-07-29,36100,36150,35650,35700,1178067,0.0
2022-08-01,35700,35750,34850,35050,1387853,-0.018207282913165312
2022-08-02,35300,35400,34900,35150,932751,0.0028530670470756636
2022-08-03,35000,35250,34950,35250,644795,0.002844950213371167
2022-08-04,35250,35450,35100,35450,803106,0.005673758865248235
2022-08-05,35600,36300,35450,35850,1255780,0.01128349788434413
2022-08-08,35600,35950,35400,35950,1891553,0.002789400278939924
2022-08-09,36050,36350,35900,36150,941358,0.0055632823365785455
2022-08-10,35850,36150,35300,35800,1391996,-0.009681881051175623
2022-08-11,36150,36350,35900,36300,2699201,0.013966480446927276
2022-08-12,36400,36850,36000,36100,1182064,-0.0055096418732781816
2022-08-16,36450,36500,35650,35750,1171074,-0.00969529085872578
2022-08-17,35900,36300,35850,36050,841880,0.008391608391608463
2022-08-18,35800,36050,35500,35500,894130,-0.015256588072122046
2022-08-19,35550,35800,35350,35700,751550,0.005633802816901401
2022-08-22,35500,35550,34800,35450,908503,-0.007002801120448154
2022-08-23,35150,35450,35100,35300,1069037,-0.004231311706629048
2022-08-24,35500,36250,35350,36100,1166890,0.022662889518413554
2022-08-25,36200,36650,36100,36450,946515,0.00969529085872578
2022-08-26,36450,36600,36150,36350,826015,-0.002743484224965731
2022-08-29,35800,35900,35300,35500,680488,-0.023383768913342484
2022-08-30,35700,36050,35400,35850,603005,0.009859154929577452
2022-08-31,35400,36600,35200,36600,1964776,0.02092050209205021
2022-09-01,35900,36400,34900,34900,1620842,-0.04644808743169404
2022-09-02,34950,35050,34400,34600,1127496,-0.008595988538681931
2022-09-05,34800,35250,34550,34750,838630,0.004335260115607031
2022-09-06,34800,34950,34400,34650,644104,-0.0028776978417266452
2022-09-07,34350,34450,33800,34250,1356817,-0.011544011544011523
2022-09-08,34700,35050,34250,35050,1569347,0.023357664233576658
2022-09-13,35300,36100,35300,36000,1650675,0.02710413694721825
2022-09-14,35050,35800,35050,35400,851551,-0.01666666666666672
2022-09-15,35400,36200,35200,35800,891670,0.011299435028248483
2022-09-16,35550,35950,35400,35900,1193852,0.0027932960893854997
2022-09-19,35950,36150,35750,36100,850578,0.0055710306406684396
2022-09-20,36150,36700,36100,36550,1504218,0.012465373961218829
2022-09-21,36200,36700,36050,36150,858614,-0.01094391244870041
2022-09-22,36000,36100,35500,36050,1021262,-0.0027662517289073207
2022-09-23,36300,36950,35900,36950,1306358,0.02496532593619971
2022-09-26,36750,36800,35250,35350,1722086,-0.043301759133964834
2022-09-27,35650,35850,34100,34500,1746434,-0.0240452616690241
2022-09-28,34200,34450,33100,34250,1485322,-0.007246376811594235
2022-09-29,34250,35100,34200,34300,1264930,0.0014598540145984717
2022-09-30,34600,34700,33500,33500,1565312,-0.023323615160349864
2022-10-04,33800,34850,33700,34500,1243250,0.029850746268656803
2022-10-05,34900,35350,34500,34900,1503501,0.011594202898550732
2022-10-06,34900,35100,34600,34700,808942,-0.005730659025787954
2022-10-07,34450,35650,34400,35450,1326992,0.021613832853025983
2022-10-11,35100,35350,34350,34650,1039952,-0.02256699576868826
2022-10-12,34450,35100,34350,34950,961871,0.008658008658008587
2022-10-13,34800,35500,34750,34900,1458407,-0.0014306151645206988
2022-10-14,35450,36250,35400,35700,1159668,0.022922636103151817
2022-10-17,35900,36450,35800,36200,1235983,0.014005602240896309
2022-10-18,36800,36950,36300,36750,972695,0.015193370165745845
2022-10-19,37050,37650,36950,37050,1229432,0.008163265306122547
2022-10-20,36900,36950,36300,36550,1691794,-0.013495276653171406
2022-10-21,36250,36600,35700,36350,1474389,-0.005471956224350261
2022-10-24,36300,36700,35400,35700,1346347,-0.017881705639614887
2022-10-25,35900,36300,35500,35900,1254987,0.0056022408963585235
2022-10-26,35800,36200,35000,35250,1582430,-0.01810584958217265
2022-10-27,35600,36000,35450,35950,1176758,0.019858156028368823
2022-10-28,36000,36650,35700,36600,1227753,0.018080667593880495
2022-10-31,36850,37050,36100,36300,1287062,-0.008196721311475419
2022-11-01,36700,37100,36300,36450,961430,0.004132231404958775
2022-11-02,36050,36250,35800,36000,1462432,-0.012345679012345734
2022-11-03,35400,35800,34750,35550,1708995,-0.012499999999999956
2022-11-04,35550,36000,35350,35750,1173946,0.005625879043600568
2022-11-07,36300,36600,35800,36600,1114681,0.023776223776223793
2022-11-08,36950,37000,36050,36550,1105671,-0.001366120218579181
2022-11-09,36900,37600,36600,37400,1671055,0.023255813953488413
2022-11-10,37000,37550,36950,37550,1606428,0.00401069518716568
2022-11-11,38050,38200,37100,37200,1577911,-0.009320905459387463
2022-11-14,37100,37500,37000,37250,1085388,0.0013440860215054862
2022-11-15,37450,37450,36550,36800,900979,-0.012080536912751683
2022-11-16,36700,37000,36200,36650,1220113,-0.0040760869565217295
2022-11-17,36800,36800,35850,35850,990634,-0.021828103683492528
2022-11-18,35900,36650,35550,36300,1006998,0.012552301255230214
2022-11-21,36350,36650,36100,36500,481017,0.005509641873278293
2022-11-22,36200,36550,36150,36450,553472,-0.00136986301369868
2022-11-23,36450,36600,36050,36400,843129,-0.00137174211248281
2022-11-24,36400,37050,36350,37050,844448,0.017857142857142794
2022-11-25,37200,37300,36500,36550,719528,-0.013495276653171406
2022-11-28,36450,36550,36050,36300,646740,-0.0068399452804377425
2022-11-29,36450,37500,36200,37350,966400,0.02892561983471076
2022-11-30,37350,38100,37100,38100,1933239,0.02008032128514059
2022-12-01,38300,38500,38000,38350,1095794,0.006561679790026309
2022-12-02,37950,38350,37750,38100,1483486,-0.006518904823989535
2022-12-05,37900,38350,37600,38200,940467,0.002624671916010568
2022-12-06,38100,38500,37850,37900,1030282,-0.007853403141361293
2022-12-07,37900,37900,37200,37250,1102976,-0.01715039577836408
2022-12-08,37450,37750,37000,37400,2489635,0.00402684563758382
2022-12-09,37700,38650,37600,38000,2078940,0.016042780748663166
2022-12-12,38000,38750,37850,38500,994927,0.013157894736842035
2022-12-13,38450,38650,37950,38350,987143,-0.003896103896103842
2022-12-14,38600,38600,37850,38050,980637,-0.007822685788787531
2022-12-15,37850,38000,37400,37700,694546,-0.009198423127463884
2022-12-16,37300,37600,37200,37450,881055,-0.006631299734747964
2022-12-19,37300,37900,37300,37500,767843,0.001335113484646211
2022-12-20,37700,38100,37550,37800,579403,0.008000000000000007
2022-12-21,38100,38250,37750,37950,538059,0.003968253968253954
2022-12-22,37850,37900,37350,37900,932697,-0.0013175230566534468
2022-12-23,37900,38100,37450,37550,628655,-0.00923482849604218
2022-12-26,37550,37650,37150,37200,665781,-0.009320905459387463
2022-12-27,37500,37750,37150,37600,1464084,0.010752688172043001
2022-12-28,36700,36700,35750,35900,1262904,-0.04521276595744683
2022-12-29,35500,35900,35200,35200,1032343,-0.01949860724233987
2023-01-02,35500,35550,34300,34300,660649,-0.025568181818181768
2023-01-03,34700,35250,34150,35000,863125,0.020408163265306145
2023-01-04,34900,36450,34850,36400,1087924,0.040000000000000036
2023-01-05,37000,39700,37000,39450,3871736,0.08379120879120872
2023-01-06,39800,40800,39100,40600,2806312,0.0291508238276299
2023-01-09,41000,41050,39700,40350,1983917,-0.006157635467980316
2023-01-10,40150,41000,39700,40900,1940122,0.013630731102850069
2023-01-11,40900,40900,39600,40000,1389565,-0.022004889975550168
2023-01-12,40100,40400,39850,40050,1231244,0.0012499999999999734
2023-01-13,40050,41350,39500,41050,1631414,0.024968789013732895
2023-01-16,41600,43900,41400,43800,3988771,0.06699147381242376
2023-01-17,43500,43900,43250,43300,2079236,-0.011415525114155223
2023-01-18,43150,43150,42150,42700,2108358,-0.01385681293302543
2023-01-19,42550,42700,42200,42450,1198094,-0.005854800936768156
2023-01-20,42700,43400,42450,43300,1382953,0.020023557126030544
2023-01-25,44000,44150,43450,44050,1404743,0.01732101616628179
2023-01-26,44050,44900,43750,44900,2324170,0.0192962542565267
2023-01-27,44150,44750,44000,44750,1940802,-0.0033407572383074013
2023-01-30,44250,44300,43150,43250,1831802,-0.03351955307262566
2023-01-31,42850,43250,41250,41550,2588590,-0.03930635838150287
2023-02-01,41600,42450,41600,42450,1630068,0.02166064981949467
2023-02-02,42150,42200,41100,41250,1722535,-0.028268551236749095
2023-02-03,41300,42300,40900,41650,1342368,0.00969696969696976
2023-02-06,40750,41450,40450,40950,1572060,-0.01680672268907568
2023-02-07,40700,41250,40350,40800,1339208,-0.00366300366300365
2023-02-08,41250,42750,41050,41550,1964414,0.018382352941176405
2023-02-09,41200,41950,39850,40000,2265859,-0.03730445246690739
2023-02-10,40300,41150,40150,41100,1465602,0.02750000000000008
2023-02-13,41150,41650,40650,40800,1443688,-0.007299270072992692
2023-02-14,41000,41200,39400,39450,2034580,-0.03308823529411764
2023-02-15,39300,39350,37850,38050,2578534,-0.03548795944233207
2023-02-16,38150,38300,37450,37900,1633018,-0.003942181340341633
2023-02-17,37900,38950,37750,38350,1499760,0.01187335092348274
2023-02-20,38450,38950,38050,38800,790817,0.011734028683181297
2023-02-21,38800,39400,38600,39050,1091989,0.006443298969072142
2023-02-22,38950,39200,38300,38300,1422983,-0.01920614596670933
2023-02-23,38550,39200,38350,38650,1176055,0.009138381201044377
2023-02-24,38400,39250,38350,38750,1357069,0.002587322121604174
2023-02-27,38650,39050,38200,38450,1084391,-0.007741935483870921
2023-02-28,38400,39000,38400,38850,1507797,0.01040312093628093
2023-03-02,38500,38850,37600,37700,2032494,-0.029601029601029616
2023-03-03,37700,38050,37050,37050,1495245,-0.017241379310344862
2023-03-06,37150,37400,36600,37050,1613174,0.0
2023-03-07,36900,37200,36500,36800,1493635,-0.006747638326585648
2023-03-08,37100,37600,36550,36600,1721848,-0.005434782608695676
2023-03-09,36600,37200,36400,36400,2498303,-0.005464480874316946
2023-03-10,36000,36050,35400,35800,1933663,-0.016483516483516536
2023-03-13,35700,36150,35100,36050,1243036,0.006983240223463749
2023-03-14,35450,35900,35000,35100,1581214,-0.026352288488210807
2023-03-15,35550,36050,35100,35450,1361596,0.009971509971509862
2023-03-16,35000,35150,34350,34450,2049117,-0.028208744710860323
2023-03-17,34650,35050,34300,34550,2886686,0.002902757619738683
2023-03-20,34150,35150,33850,34700,1474283,0.004341534008682979
2023-03-21,34600,35300,34500,34950,1645690,0.007204610951008661
2023-03-22,35700,35850,35250,35450,1548154,0.014306151645207432
2023-03-23,35050,35950,35000,35750,1471917,0.008462623413258097
2023-03-24,35250,35250,34550,34550,1856734,-0.03356643356643352
2023-03-27,34650,35050,34450,34850,1092755,0.00868306801736618
2023-03-28,35800,36150,35350,35950,1523706,0.031563845050215145
2023-03-29,36000,36250,35750,36200,1045362,0.006954102920723182
2023-03-30,35950,36000,34950,35100,1547328,-0.03038674033149169
2023-03-31,34750,35450,34550,35350,1636843,0.007122507122507171
2023-04-03,35150,35250,34550,34550,1571580,-0.022630834512022635
2023-04-04,34750,35150,34600,35150,975943,0.01736613603473236
2023-04-05,35200,35350,34850,35050,728126,-0.002844950213371278
2023-04-06,35000,35200,34300,34300,1246435,-0.021398002853067033
2023-04-07,34350,35000,34300,34900,799714,0.017492711370262315
2023-04-10,34600,35050,34500,34550,928680,-0.01002865329512892
2023-04-11,34600,34850,34400,34650,917570,0.0028943560057888007
2023-04-12,34650,35000,34500,34700,1045551,0.0014430014430013571
2023-04-13,34500,34900,34300,34900,1634225,0.0057636887608070175
2023-04-14,35000,35650,34950,35350,1510047,0.012893982808023008
2023-04-17,35700,35950,35300,35500,1005738,0.004243281471004279
2023-04-18,35600,35600,35050,35250,963786,-0.007042253521126751
2023-04-19,35300,35900,35250,35650,1074675,0.01134751773049647
2023-04-20,35450,35900,35300,35900,902869,0.007012622720897532
2023-04-21,35800,35900,35500,35850,853429,-0.0013927576601671099
2023-04-24,35850,36000,35250,35350,1125144,-0.013947001394700176
2023-04-25,35550,36100,35350,35650,950942,0.008486562942008558
2023-04-26,35450,35550,34800,35350,885126,-0.008415147265077194
2023-04-27,35000,35250,34550,34900,1092393,-0.012729844413012725
2023-04-28,34950,35600,34800,34950,2038028,0.0014326647564470996
2023-05-02,34900,35450,34850,35450,874115,0.014306151645207432
2023-05-03,35100,35150,34800,34850,671463,-0.016925246826516194
2023-05-04,34600,35150,34550,35050,698652,0.0057388809182210565
2023-05-08,35300,36000,35300,35750,956097,0.0199714693295292
2023-05-09,35450,35700,35250,35550,782621,-0.005594405594405605
2023-05-10,35300,35450,34600,34800,1284505,-0.021097046413502074
2023-05-11,35000,35850,34950,35300,1275037,0.014367816091954033
2023-05-12,35100,35350,34550,34650,2120930,-0.018413597733711096
2023-05-15,34800,34800,34400,34750,1242138,0.0028860028860029363
2023-05-16,34750,35100,34500,34550,1351786,-0.0057553956834532904
2023-05-17,34500,34850,34400,34600,1446523,0.0014471780028944004
2023-05-18,34850,35050,34700,34900,1022660,0.00867052023121384
2023-05-19,34850,35250,34800,35200,1025813,0.008595988538681931
2023-05-22,35150,35600,35150,35300,1045023,0.0028409090909091717
2023-05-23,35500,35600,35250,35250,755032,-0.0014164305949008194
2023-05-24,35250,35450,35100,35400,744767,0.004255319148936065
2023-05-25,35100,35300,34900,35000,1042892,-0.011299435028248594
2023-05-26,34850,35200,34800,34800,955710,-0.005714285714285672
2023-05-30,34950,35450,34750,35200,1499363,0.011494252873563315
2023-05-31,35050,35700,35050,35050,5709393,-0.0042613636363636465
2023-06-01,35200,35350,34700,34700,973040,-0.0099857346647646
2023-06-02,34900,35150,34800,34950,880864,0.007204610951008661
2023-06-05,35300,35600,35250,35250,993366,0.008583690987124415
2023-06-07,35700,35700,35200,35200,1198792,-0.0014184397163120588
2023-06-08,35250,35400,35050,35300,1325381,0.0028409090909091717
2023-06-09,35400,35750,35350,35700,1058322,0.011331444759206777
2023-06-12,35750,35850,35150,35250,851429,-0.012605042016806678
2023-06-13,35300,35350,34950,35050,1160114,-0.005673758865248235
2023-06-14,34950,35000,34600,34800,1023378,-0.007132667617689048
2023-06-15,34900,35000,34700,34800,966209,0.0
2023-06-16,35050,35250,34700,34800,1931552,0.0
2023-06-19,34800,34900,34500,34550,847961,-0.007183908045977017
2023-06-20,34550,34800,34500,34600,588962,0.0014471780028944004
2023-06-21,34650,34650,34250,34250,803220,-0.010115606936416222
2023-06-22,34400,34750,34200,34750,747096,0.014598540145985384
2023-06-23,34500,34700,34350,34400,659800,-0.010071942446043147
2023-06-26,34400,34850,34250,34650,711437,0.007267441860465018
2023-06-27,34700,34800,34300,34650,825040,0.0
2023-06-28,34700,34900,34550,34700,1090326,0.0014430014430013571
2023-06-29,34350,34500,33850,33850,990007,-0.02449567723342938
2023-06-30,34200,34450,33900,34000,745183,0.004431314623338345
2023-07-03,34100,34500,34100,34500,736995,0.014705882352941124
2023-07-04,34350,34500,34100,34100,628623,-0.011594202898550732
2023-07-05,34150,34450,33650,33750,1032890,-0.01026392961876832
2023-07-06,33750,33750,32950,33050,1322547,-0.020740740740740726
2023-07-07,32900,32950,32400,32500,1190725,-0.016641452344931973
2023-07-10,33100,33200,32500,32700,1186474,0.006153846153846176
2023-07-11,33400,33550,32950,33150,850131,0.013761467889908285
2023-07-12,33300,33450,32800,33350,956132,0.006033182503770718
2023-07-13,33600,33900,33350,33350,1362474,0.0
2023-07-14,33600,34350,33600,34100,1164100,0.022488755622188883
2023-07-17,34050,34300,33850,34050,608058,-0.0014662756598240456
2023-07-18,34450,34450,33600,33600,563437,-0.013215859030836996
2023-07-19,33950,34150,33400,33550,698015,-0.0014880952380952328
2023-07-20,33600,33950,33500,33800,709354,0.007451564828613977
2023-07-21,34300,34450,33700,33950,912094,0.004437869822485174
2023-07-24,33800,33950,33250,33300,982741,-0.019145802650957333
2023-07-25,33350,33550,32900,33050,1005611,-0.007507507507507505
2023-07-26,32900,33650,32450,33400,1714233,0.010590015128593144
2023-07-27,33450,35150,33450,35150,2264210,0.05239520958083843
2023-07-28,34650,35050,34350,34900,1414357,-0.007112375533428139
2023-07-31,34900,35150,34650,35050,1144977,0.004297994269341077
2023-08-01,35000,36000,34900,35950,1693468,0.02567760342368053
2023-08-02,35800,36000,35300,35600,1338210,-0.009735744089012566
2023-08-03,35600,35700,34850,34950,1154574,-0.018258426966292096
2023-08-04,34950,35450,34850,35100,1204526,0.0042918454935623185
2023-08-07,35100,35750,34950,35550,1394643,0.012820512820512775
2023-08-08,35800,35800,35400,35650,1141287,0.002812939521800173
2023-08-09,35500,35700,35100,35100,896240,-0.015427769985974726
2023-08-10,34900,35450,34800,34800,992061,-0.008547008547008517
2023-08-11,34800,35650,34750,34800,966885,0.0
2023-08-14,34800,35150,34700,34950,610387,0.004310344827586299
2023-08-16,34600,34700,34400,34550,748667,-0.011444921316165924
2023-08-17,34300,35050,34300,34750,857443,0.005788712011577379
2023-08-18,34500,35300,34500,34800,938684,0.0014388489208632116
2023-08-21,35150,35350,34900,35100,864600,0.008620689655172376
2023-08-22,34950,35200,34850,34950,712316,-0.004273504273504258
2023-08-23,34800,35300,34800,35050,659929,0.0028612303290413976
2023-08-24,35050,35350,35050,35050,558688,0.0
2023-08-25,34850,35400,34850,35200,654534,0.004279600570613384
2023-08-28,35650,35800,35350,35550,503942,0.009943181818181879
2023-08-29,35550,35800,35550,35600,482222,0.0014064697609001975
2023-08-30,35950,36050,35400,35400,560438,-0.005617977528089901
2023-08-31,35750,36000,35450,35550,1828015,0.004237288135593209
2023-09-01,35900,36000,35400,35450,535859,-0.002812939521800284
2023-09-04,35750,35750,35450,35700,389267,0.007052186177715081
2023-09-05,35550,35900,35500,35550,415747,-0.004201680672268893
2023-09-06,35500,35950,35400,35700,618296,0.00421940928270037
2023-09-07,35400,35850,35400,35700,507682,0.0
2023-09-08,35700,35850,35500,35750,388661,0.0014005602240896309
2023-09-11,35850,36500,35750,36450,1091526,0.019580419580419672
2023-09-12,36600,36650,35650,36000,617219,-0.012345679012345734
2023-09-13,35900,36750,35900,36750,1148345,0.02083333333333326
2023-09-14,37100,37100,36450,36650,1083316,-0.0027210884353741083
2023-09-15,36950,38200,36700,38000,2449194,0.03683492496589369
2023-09-18,37600,38000,36850,37700,1212208,-0.007894736842105288
2023-09-19,37600,37850,37250,37350,628425,-0.009283819628647216
2023-09-20,37300,37850,37150,37800,710593,0.012048192771084265
2023-09-21,37850,37850,37250,37500,955576,-0.007936507936507908
2023-09-22,37200,37550,37100,37450,663062,-0.0013333333333332975
2023-09-25,37450,37500,36850,37100,961489,-0.009345794392523366
2023-09-26,36550,36700,35500,35600,1330083,-0.040431266846361225
2023-09-27,35250,35850,35100,35600,749827,0.0
2023-10-04,35050,35350,34700,35050,1350546,-0.015449438202247201
2023-10-05,35100,35300,34200,34300,1010803,-0.021398002853067033
2023-10-06,34500,35600,34350,35350,872192,0.030612244897959107
2023-10-10,36250,36350,35400,35550,873990,0.005657708628005631
2023-10-11,35600,35800,35200,35500,693178,-0.0014064697609000865
2023-10-12,35500,35700,35050,35550,925994,0.0014084507042253502
2023-10-13,35150,35950,35150,35500,435133,-0.0014064697609000865
2023-10-16,35300,35950,35300,35500,640050,0.0
2023-10-17,36000,36000,35300,35300,468140,-0.005633802816901401
2023-10-18,35550,36550,35350,36400,1277864,0.031161473087818692
2023-10-19,36050,36200,35800,35950,640177,-0.012362637362637319
2023-10-20,35950,36050,35550,35950,664066,0.0
2023-10-23,35950,35950,35000,35100,821028,-0.02364394993045893
2023-10-24,35450,35500,34750,35000,486029,-0.002849002849002802
2023-10-25,34900,35500,34900,35350,521887,0.010000000000000009
2023-10-26,35500,35500,35000,35050,616954,-0.008486562942008447
2023-10-27,35550,35800,34900,35000,748852,-0.0014265335235378318
2023-10-30,34900,35100,33650,34100,1396810,-0.02571428571428569
2023-10-31,34400,34850,34100,34750,1164286,0.019061583577712593
2023-11-01,34750,35100,34450,35000,742924,0.007194244604316502
2023-11-02,35050,35500,34350,34500,1219824,-0.014285714285714235
2023-11-03,34950,35050,34700,34900,805662,0.011594202898550732
2023-11-06,35000,36100,34750,36100,1117837,0.034383954154727725
2023-11-07,35400,35650,34750,35050,1178490,-0.02908587257617734
2023-11-08,35350,35450,34700,34900,765310,-0.004279600570613384
2023-11-09,34750,35150,34750,34800,816083,-0.002865329512893977
2023-11-10,34750,35400,34750,35300,886013,0.014367816091954033
2023-11-13,35600,35600,35150,35400,472602,0.0028328611898016387
2023-11-14,35750,36000,35450,35700,764704,0.008474576271186418
2023-11-15,36350,36400,35850,36300,1201910,0.01680672268907557
2023-11-16,36400,36600,36050,36350,611301,0.0013774104683195176
2023-11-17,36300,36500,35950,36100,502726,-0.00687757909215958
2023-11-20,36000,36500,35850,36300,506681,0.005540166204986097
2023-11-21,36550,37000,36350,36950,969640,0.017906336088154173
2023-11-22,36550,37000,36550,36850,474085,-0.0027063599458727605
2023-11-23,36700,37350,36700,36950,609988,0.0027137042062415073
2023-11-24,37050,37100,36750,36750,404462,-0.005412719891745632
2023-11-27,36500,37000,36450,36750,601759,0.0
2023-11-28,37050,37100,36600,37000,742029,0.006802721088435382
2023-11-29,36600,36950,36200,36300,726167,-0.018918918918918948
2023-11-30,36200,36900,36050,36900,1461987,0.016528925619834656
2023-12-01,36900,36950,36300,36400,627672,-0.013550135501354976
2023-12-04,36450,36750,36350,36750,640431,0.009615384615384581
2023-12-05,36550,36850,36300,36700,654857,-0.0013605442176870541
2023-12-06,36500,37000,36500,36700,640850,0.0
2023-12-07,36400,36700,36200,36350,575611,-0.009536784741144388
2023-12-08,36650,36800,36250,36650,536975,0.008253094910591452
2023-12-11,36950,36950,36500,36600,576909,-0.0013642564802183177
2023-12-12,36900,37150,36600,37150,873099,0.015027322404371546
2023-12-13,37000,37350,36950,37050,583277,-0.0026917900403768957
2023-12-14,37850,37900,37050,37900,1779177,0.02294197031039147
2023-12-15,38000,38900,37950,38900,1485313,0.02638522427440626
2023-12-18,38550,38700,38300,38700,664887,-0.005141388174807249
2023-12-19,38200,38750,38150,38450,648480,-0.006459948320413411
2023-12-20,38850,39450,38550,39400,930194,0.024707412223667014
2023-12-21,38900,39400,38900,39300,621640,-0.0025380710659898
2023-12-22,39350,39500,38800,38800,387597,-0.012722646310432517
2023-12-26,39200,39300,38550,39100,746864,0.0077319587628865705
2023-12-27,38950,39000,38500,39000,525252,-0.002557544757033292
2023-12-28,39100,40150,38650,40150,1045017,0.029487179487179382
2024-01-02,39700,39800,38400,39350,924555,-0.01992528019925277
2024-01-03,38800,39200,37900,37900,931521,-0.03684879288437104
2024-01-04,37950,38000,37050,37300,887191,-0.0158311345646438
2024-01-05,37100,37300,36650,36850,671689,-0.012064343163538882
2024-01-08,37100,37350,36750,36950,356649,0.0027137042062415073
2024-01-09,37450,37500,36800,37250,388703,0.008119079837618504
2024-01-10,37200,37550,36700,36750,385732,-0.01342281879194629
2024-01-11,37200,37850,36850,37200,955636,0.012244897959183598
2024-01-12,37200,37250,36550,36650,527547,-0.014784946236559127
2024-01-15,36850,37350,36750,37200,407756,0.01500682128240105
2024-01-16,36800,37100,36550,36850,443148,-0.009408602150537626
2024-01-17,37200,37600,36550,36550,817498,-0.008141112618724522
2024-01-18,36550,36600,36100,36350,673440,-0.005471956224350261
2024-01-19,36650,37100,36400,36800,752717,0.012379642365887289
2024-01-22,37050,37350,36800,37150,538586,0.009510869565217295
2024-01-23,38000,39000,37600,39000,1624286,0.049798115746971794
2024-01-24,38900,40450,38750,40050,2481575,0.026923076923076827
2024-01-25,39700,39900,39450,39650,6962512,-0.009987515605493158
2024-01-26,39300,40050,39300,39800,1209949,0.003783102143757988
2024-01-29,39900,41000,39550,40500,1670283,0.017587939698492372
2024-01-30,40250,40600,39900,39950,1366062,-0.013580246913580285
2024-01-31,39500,40950,39400,40850,1681181,0.02252816020025028
2024-02-01,41150,42500,41000,42500,5403853,0.04039167686658507
2024-02-02,43350,45450,41500,45300,5600729,0.0658823529411765
2024-02-05,44400,44400,41100,42700,10298785,-0.05739514348785868
2024-02-06,42550,43300,41850,42150,1953833,-0.012880562060889944
2024-02-07,41800,43150,41550,42850,1531667,0.016607354685646447
2024-02-08,42450,44350,42250,44150,4172976,0.03033838973162184
2024-02-13,44550,45750,44100,44500,3719401,0.007927519818799578
2024-02-14,44000,44450,43350,43800,1743330,-0.01573033707865168
2024-02-15,44200,44500,42900,43000,1718579,-0.0182648401826484
2024-02-16,43500,44500,43100,44500,1903016,0.03488372093023262
2024-02-19,45000,45500,44450,45050,2427758,0.012359550561797716
2024-02-20,45100,45150,42550,43250,2202279,-0.039955604883462836
2024-02-21,43500,43650,42200,43050,1887056,-0.0046242774566473965
2024-02-22,42900,42950,41550,42600,1831382,-0.010452961672473893
2024-02-23,42600,43600,42400,43300,1911413,0.016431924882629012
2024-02-26,42450,42500,39850,41350,2427411,-0.04503464203233254
2024-02-27,41150,42600,40850,42000,2181272,0.01571946795646917
2024-02-28,41600,43000,41600,42900,1443410,0.021428571428571352
2024-02-29,42500,43800,42200,43550,3407564,0.015151515151515138
2024-03-04,44750,44750,43100,44200,3749034,0.014925373134328401
2024-03-05,44650,45350,44050,44050,3116406,-0.0033936651583710287
2024-03-06,44150,45650,44150,45600,2459149,0.03518728717366626
2024-03-07,44800,45950,44350,45400,12779531,-0.004385964912280715
2024-03-08,45800,46450,45150,46000,3311443,0.013215859030837107
2024-03-11,45250,46150,45000,45700,1828210,-0.006521739130434745
2024-03-12,45400,46950,45150,45500,2089979,-0.004376367614879695
2024-03-13,45500,47600,45450,47600,3301027,0.04615384615384621
2024-03-14,47650,51500,47600,51500,4153381,0.08193277310924363
2024-03-15,50200,50600,49400,49600,4184819,-0.03689320388349515
2024-03-18,49550,49700,47350,48950,2344805,-0.01310483870967738
2024-03-19,48150,48500,47650,47850,2119868,-0.022471910112359605
2024-03-20,48600,49850,48600,48800,1218353,0.01985370950888199
2024-03-21,49400,51000,49200,50900,1756875,0.04303278688524581
2024-03-22,50300,51000,49900,50600,1595917,-0.005893909626719096
2024-03-25,50200,51000,49700,50600,1399704,0.0
2024-03-26,49900,51400,49650,49750,1569695,-0.01679841897233203
2024-03-27,47950,48350,46900,47000,23699462,-0.055276381909547756
2024-03-28,47250,47600,47050,47200,2311059,0.004255319148936065
2024-03-29,47200,47500,45900,46000,1377596,-0.025423728813559365
2024-04-01,46300,46500,45350,45550,1127773,-0.009782608695652173
2024-04-02,45000,45450,44500,44900,1929406,-0.014270032930845278
2024-04-03,44900,45100,43300,43500,2844036,-0.031180400890868598
2024-04-04,44050,45150,44000,44550,1610074,0.024137931034482696
2024-04-05,43900,44750,43900,44100,1379480,-0.010101010101010055
2024-04-08,44550,45000,44250,44400,1516111,0.006802721088435382
2024-04-09,44550,44800,43400,43600,1385474,-0.018018018018018056
2024-04-11,41600,43750,41600,43100,3381296,-0.011467889908256867
2024-04-12,42650,43100,41300,41850,2560050,-0.029002320185614883
2024-04-15,41800,42400,40700,42150,1200212,0.007168458781362075
2024-04-16,41950,42050,40700,41050,1445005,-0.0260972716488731
2024-04-17,41250,41450,40450,40550,1171591,-0.01218026796589522
2024-04-18,40900,42400,40600,41900,1838520,0.03329223181257701
2024-04-19,41350,41850,40900,41750,1652874,-0.0035799522673031214
2024-04-22,43050,44650,43050,44300,2377699,0.061077844311377305
2024-04-23,43850,45150,43550,43900,2305670,-0.009029345372460473
2024-04-24,44550,45200,43200,43300,1697154,-0.013667425968109326
2024-04-25,42800,44200,42550,43500,1229092,0.004618937644341736
2024-04-26,44050,47800,43950,46750,3657539,0.07471264367816088
2024-04-29,46850,47350,46150,46850,1873235,0.002139037433155133
2024-04-30,47200,47550,46150,46650,2276490,-0.004268943436499417
2024-05-02,45800,46600,45200,45800,1685667,-0.018220793140407254
2024-05-03,46400,47050,45950,46450,827456,0.01419213973799116
2024-05-07,46950,47400,45350,46250,1833197,-0.0043057050592034685
2024-05-08,46500,47750,46450,47300,1592494,0.022702702702702693
2024-05-09,46850,47550,46350,46500,1320150,-0.016913319238900604
2024-05-10,47200,48350,47000,47750,1308651,0.026881720430107503
2024-05-13,47800,49300,47600,47750,1281335,0.0
2024-05-14,48300,48350,47350,47500,1049266,-0.005235602094240788
2024-05-16,48000,49200,47750,48150,2673336,0.013684210526315743
2024-05-17,47700,48200,47600,47700,985756,-0.009345794392523366
2024-05-20,48500,50200,48300,49000,1394788,0.027253668763102645
2024-05-21,48500,49400,48300,48900,944210,-0.0020408163265306367
2024-05-22,49100,49100,47750,47850,942514,-0.021472392638036797
2024-05-23,47000,48000,46800,47550,1203687,-0.006269592476489061
2024-05-24,46850,47850,46450,47400,1046047,-0.003154574132492094
2024-05-27,47300,48050,46800,47000,763379,-0.008438818565400852
2024-05-28,46550,46900,46300,46550,787954,-0.009574468085106425
2024-05-29,46000,47000,45750,46300,1116005,-0.00537056928034374
2024-05-30,45900,47200,45900,46000,1196258,-0.006479481641468721
2024-05-31,46450,48350,46350,47150,2926485,0.02499999999999991
2024-06-03,48100,48250,46950,47000,784501,-0.0031813361611876534
2024-06-04,46550,47100,45300,45400,1266371,-0.03404255319148941
2024-06-05,45500,45900,44350,45550,1212947,0.0033039647577093323
2024-06-07,46900,48200,46250,47100,1914676,0.034028540065861757
2024-06-10,46600,47300,45900,46200,872301,-0.019108280254777066
2024-06-11,46500,47000,46200,46200,956400,0.0
2024-06-12,45950,47800,45500,47800,1580910,0.03463203463203457
2024-06-13,47750,48450,46950,46950,1772266,-0.01778242677824271
2024-06-14,46750,47650,46650,46950,1584339,0.0
2024-06-17,46500,46900,45800,46200,878203,-0.015974440894568676
2024-06-18,46500,46750,45650,45700,740437,-0.010822510822510845
2024-06-19,46200,46400,45700,46350,843205,0.01422319474835887
2024-06-20,46350,47800,46350,47650,871052,0.028047464940668787
2024-06-21,48000,48200,47400,47600,1059661,-0.0010493179433368471
2024-06-24,47200,48000,47200,48000,728944,0.008403361344537785
2024-06-25,48450,48450,47350,47450,839962,-0.011458333333333348
2024-06-26,46850,47950,46450,47650,1027364,0.004214963119072657
2024-06-27,46900,47200,46200,47150,948915,-0.01049317943336836
2024-06-28,47950,48600,47200,48150,1207957,0.021208907741251393
2024-07-01,47650,48150,47500,47850,841977,-0.006230529595015577
2024-07-02,47500,50500,47500,49500,2635828,0.034482758620689724
2024-07-03,49600,52500,49350,51100,3366585,0.03232323232323231
2024-07-04,51100,53200,50800,52500,1628825,0.027397260273972712
2024-07-05,53400,54200,52900,53500,1785928,0.01904761904761898
2024-07-08,53000,54000,51800,52000,1034352,-0.028037383177570097
2024-07-09,51500,52200,50100,51500,1254471,-0.009615384615384581
2024-07-10,51000,51400,50600,51000,988357,-0.009708737864077666
2024-07-11,51600,52500,51500,52000,1504253,0.019607843137254832
2024-07-12,52100,52900,51500,52400,895581,0.007692307692307665
2024-07-15,52600,52700,51500,51800,955712,-0.011450381679389277
2024-07-16,52200,53300,51800,52600,1030734,0.015444015444015413
2024-07-17,52600,54000,51800,53800,1609621,0.02281368821292773
2024-07-18,52500,54300,52400,54300,1772040,0.009293680297397744
2024-07-19,53300,53700,52200,53400,1566852,-0.016574585635359074
2024-07-22,53600,55500,53300,55000,1883148,0.029962546816479474
2024-07-23,55100,56000,55000,55100,1574201,0.0018181818181817189
2024-07-24,54700,55900,54400,54800,1727556,-0.005444646098003658
2024-07-25,54500,55700,54000,54500,1514707,-0.005474452554744547
2024-07-26,54200,58400,54200,58000,3558607,0.06422018348623859
2024-07-29,58400,64200,58100,60700,4871313,0.04655172413793096
2024-07-30,59800,60400,59200,59500,1805546,-0.01976935749588138
2024-07-31,59500,60600,58700,59800,1535091,0.005042016806722671
2024-08-01,59800,61100,59600,60700,1124108,0.015050167224080369
2024-08-02,59500,60000,56300,57100,1894909,-0.05930807248764414
2024-08-05,53800,54500,51600,52800,2897784,-0.07530647985989491
2024-08-06,54700,55700,53200,53200,2300982,0.007575757575757569
2024-08-07,52400,54700,52000,53700,2228993,0.009398496240601517
2024-08-08,53200,54500,52700,54200,1860065,0.009310986964618184
2024-08-09,53700,54500,52800,54000,1661725,-0.0036900369003689537
2024-08-12,54400,54700,53600,54100,843671,0.0018518518518517713
2024-08-13,54000,55800,53800,55500,1331914,0.025878003696857776
2024-08-14,55700,56000,54500,55000,729272,-0.009009009009009028
2024-08-16,55700,56700,55200,55500,1283301,0.009090909090909038
2024-08-19,55900,58100,55400,57200,1086839,0.03063063063063054
2024-08-20,57200,58700,57200,58400,920358,0.020979020979021046
2024-08-21,58600,59200,57500,58800,1457620,0.006849315068493178
2024-08-22,58400,59100,57000,59100,1645440,0.005102040816326481
2024-08-23,59900,60000,58100,60000,1156046,0.015228426395939021
2024-08-26,59800,64600,59500,61400,2376336,0.023333333333333428
2024-08-27,61800,61800,59500,59700,1054127,-0.027687296416938123
2024-08-28,59400,59900,56900,57600,1250707,-0.035175879396984966
2024-08-29,57100,58600,56400,57100,835722,-0.00868055555555558
2024-08-30,57900,58000,56100,56100,1566812,-0.017513134851138368
2024-09-02,56500,56700,55300,56300,1087907,0.0035650623885918886
2024-09-03,56300,57300,56100,57200,858085,0.015985790408525657
2024-09-04,56900,57000,55400,55500,998414,-0.029720279720279685
2024-09-05,56000,56600,55300,56200,982448,0.012612612612612706
2024-09-06,56700,57500,56300,57100,1189794,0.016014234875444844
2024-09-09,56000,56300,54800,56100,1225919,-0.017513134851138368
2024-09-10,56100,56700,55400,56600,926984,0.00891265597147961
2024-09-11,57600,57600,52900,53100,1907871,-0.06183745583038869
2024-09-12,53500,53900,52900,53900,1798591,0.015065913370998052
2024-09-13,54500,55900,54500,55900,1280946,0.03710575139146566
2024-09-19,56100,57000,55700,56900,1107349,0.017889087656529412
2024-09-20,57100,57300,55500,55500,2181203,-0.024604569420035194
2024-09-23,55800,56700,55500,55800,885060,0.00540540540540535
2024-09-24,56300,56600,55000,56400,1991667,0.010752688172043001
2024-09-25,57000,57500,53200,53500,2379852,-0.0514184397163121
2024-09-26,54600,57000,54500,57000,1949328,0.06542056074766345
2024-09-27,56400,57900,56200,56200,1171368,-0.01403508771929829
2024-09-30,56600,56800,55300,55500,1399941,-0.01245551601423489
2024-10-02,55000,57100,54700,55900,1298666,0.007207207207207134
2024-10-04,55500,55900,54100,54900,1540085,-0.017889087656529523
2024-10-07,55500,55800,54600,55500,1149097,0.010928961748633892
2024-10-08,54900,55500,54300,55400,1151924,-0.0018018018018017834
2024-10-10,56900,57300,55600,56800,1368461,0.025270758122743597
2024-10-11,57600,58000,56800,57500,817372,0.012323943661971759
2024-10-14,57100,59400,56900,58100,1649486,0.01043478260869568
2024-10-15,58100,58300,57100,57800,653219,-0.005163511187607606
2024-10-16,56400,57400,55400,56400,1581232,-0.02422145328719727
2024-10-17,57400,57700,56100,56800,646408,0.007092198581560183
2024-10-18,56800,57000,56000,56500,808927,-0.005281690140845119
2024-10-21,57000,57000,55700,55800,723091,-0.012389380530973493
2024-10-22,55700,56200,55200,56000,842648,0.0035842293906809264
2024-10-23,56500,57800,55700,56300,1030106,0.005357142857142838
2024-10-24,56600,56700,55500,56100,613508,-0.003552397868561319
2024-10-25,56500,59900,56500,58000,2223554,0.033868092691622165
2024-10-28,57400,57600,55500,56000,1428755,-0.03448275862068961
2024-10-29,55900,56900,55600,56700,1236712,0.012499999999999956
2024-10-30,55500,55600,54000,54500,1985314,-0.03880070546737213
2024-10-31,53800,54200,51300,51300,2550815,-0.05871559633027523
2024-11-01,51900,54300,51800,54000,1685978,0.05263157894736836
2024-11-04,54100,54800,53600,54500,1429421,0.0092592592592593
2024-11-05,54100,54700,53500,54200,700806,-0.0055045871559632475
2024-11-06,54400,56600,54000,56000,1171696,0.03321033210332103
2024-11-07,56900,57400,56000,57000,1436247,0.017857142857142794
2024-11-08,57000,57300,56100,56800,895159,-0.0035087719298245723
2024-11-11,56100,56700,55800,56500,641009,-0.005281690140845119
2024-11-12,56500,57500,55700,55800,914641,-0.012389380530973493
2024-11-13,55800,56600,55000,56000,1041076,0.0035842293906809264
2024-11-14,56900,57200,55800,56500,1426298,0.008928571428571397
2024-11-15,56800,56900,53700,53700,1390496,-0.04955752212389386
2024-11-18,53200,54300,53100,53500,1519841,-0.003724394785847296
2024-11-19,53300,54300,53100,53700,1269187,0.0037383177570093906
2024-11-20,54100,55900,54100,55700,1024579,0.03724394785847296
2024-11-21,55400,56100,54800,55500,811010,-0.0035906642728904536
2024-11-22,56000,56800,55600,55700,837388,0.003603603603603567
2024-11-25,55500,56900,55400,56400,2070220,0.012567324955116588
2024-11-26,55400,55800,54200,54300,1299722,-0.037234042553191515
2024-11-27,54500,55900,54500,55100,1443643,0.014732965009208066
2024-11-28,54900,55000,53100,53500,2004331,-0.029038112522686066
2024-11-29,53500,53800,52200,53000,1783890,-0.009345794392523366
2024-12-02,53900,54400,53000,53900,1217342,0.016981132075471805
2024-12-03,54700,56600,54600,56400,1655612,0.04638218923933213
2024-12-04,55300,55500,51900,52700,2898181,-0.06560283687943258
2024-12-05,52000,52200,49600,49800,2698547,-0.05502846299810249
2024-12-06,50800,52300,50200,51300,2179168,0.030120481927710774
2024-12-09,50000,51500,50000,50700,1971765,-0.011695906432748537
2024-12-10,50200,50700,49800,49950,1891657,-0.014792899408283988
2024-12-11,50700,51000,50000,50400,1332116,0.009009009009008917
2024-12-12,50500,51200,50100,50600,2480548,0.003968253968253954
2024-12-13,50400,50700,49300,49500,2268368,-0.021739130434782594
2024-12-16,49950,50400,49250,49500,1544004,0.0
2024-12-17,49400,49650,48500,48650,1626674,-0.01717171717171717
2024-12-18,48850,50300,48850,50000,1283410,0.027749229188078095
2024-12-19,48700,49250,48300,48850,1448266,-0.02300000000000002
2024-12-20,48550,48850,47800,48250,1330773,-0.0122824974411464
2024-12-23,48350,49450,48300,49300,829898,0.021761658031087983
2024-12-24,49200,49400,48750,49400,594327,0.0020283975659229903
2024-12-26,49500,49500,48500,48900,1011341,-0.010121457489878583
2024-12-27,48450,48900,48000,48350,898979,-0.011247443762781195
2024-12-30,48850,49350,47650,47650,843682,-0.014477766287487093
2025-01-02,47550,48550,47550,47750,594123,0.0020986358866736943
2025-01-03,47850,49100,47850,48200,1054730,0.009424083769633551
2025-01-06,48250,48950,48000,48950,983822,0.01556016597510368
2025-01-07,48950,49850,48800,48950,1204267,0.0
2025-01-08,48500,49700,48500,49150,821327,0.004085801838610736
2025-01-09,48850,50000,48800,49500,1083039,0.007121057985757906
2025-01-10,49200,50300,49100,49850,995783,0.007070707070707005
2025-01-13,49200,50300,49200,50000,969835,0.0030090270812437314
2025-01-14,50200,50300,49200,49500,800945,-0.010000000000000009
2025-01-15,50100,51400,49750,50300,1577800,0.016161616161616266
2025-01-16,50900,51000,50000,50300,818752,0.0
2025-01-17,50800,51100,49000,49450,1345174,-0.016898608349900646
2025-01-20,49600,50500,49600,49950,783496,0.010111223458038499
2025-01-21,50100,50400,49550,49750,740714,-0.004004004004004025
2025-01-22,50200,50600,50000,50000,932267,0.005025125628140614
2025-01-23,50400,51300,50000,50300,1215307,0.006000000000000005
2025-01-24,50500,50600,49700,50000,1098318,-0.005964214711729587
2025-01-31,51000,51900,50700,51100,1386966,0.02200000000000002
2025-02-03,51300,51400,49800,50200,1136445,-0.017612524461839585
2025-02-04,50300,51300,50100,51000,1082282,0.015936254980079667
2025-02-05,51200,52000,50600,50700,1164141,-0.00588235294117645
2025-02-06,50400,50600,49000,50000,1632445,-0.013806706114398382
2025-02-07,49900,50300,49150,49250,1097705,-0.015000000000000013
2025-02-10,48900,49850,48800,49400,1068542,0.003045685279187804
2025-02-11,49450,49750,48850,49100,812888,-0.006072874493927127
2025-02-12,48750,49450,48600,48600,1261936,-0.010183299389002087
2025-02-13,48450,49000,48400,48450,2128957,-0.0030864197530864335
2025-02-14,47500,48550,47500,48350,1527922,-0.0020639834881320818
2025-02-17,48300,48750,47950,48450,880421,0.0020682523267838704
2025-02-18,48350,48800,48250,48450,1384205,0.0
2025-02-19,48650,49050,48450,48450,1930383,0.0
2025-02-20,48050,48200,46650,47300,3083547,-0.023735810113519107
2025-02-21,47800,48450,47500,47650,2423401,0.007399577167019
2025-02-24,47550,47650,46200,47200,1666686,-0.009443861490031513
2025-02-25,46700,47000,46300,46350,1708278,-0.018008474576271194
2025-02-26,46350,47800,46300,47550,1987758,0.025889967637540368
2025-02-27,47400,47850,47050,47500,1258650,-0.001051524710830698
2025-02-28,46600,47300,45850,45850,3070901,-0.03473684210526318
2025-03-04,46400,47100,45950,46150,1570129,0.0065430752453652374
2025-03-05,46350,46600,44400,44650,1969675,-0.03250270855904658
2025-03-06,45200,46600,45200,46350,1925797,0.03807390817469214
2025-03-07,45750,46250,44900,45000,1803119,-0.029126213592232997
2025-03-10,45050,46050,44900,45600,968529,0.01333333333333342
2025-03-11,44900,45400,44700,45000,1316172,-0.013157894736842146
2025-03-12,45000,45550,44750,45150,1183350,0.0033333333333334103
2025-03-13,45250,46600,45250,45850,1607399,0.015503875968992276
2025-03-14,45400,46400,45200,45700,1036479,-0.0032715376226826187
2025-03-17,46100,46600,45900,46550,1005906,0.018599562363238453
2025-03-18,46700,47500,46500,46550,1051074,0.0
2025-03-19,46550,47500,46500,47250,988729,0.015037593984962516
2025-03-20,47650,48250,47550,47550,1125789,0.006349206349206327
2025-03-21,46850,48100,46850,47800,1752832,0.00525762355415349
2025-03-24,47750,48850,47550,48600,941614,0.01673640167364021
2025-03-25,48150,49000,48050,48950,1064323,0.007201646090535085
2025-03-26,49000,49050,48450,48500,979827,-0.009193054136874323
2025-03-27,48350,48750,47950,48400,1018355,-0.0020618556701030855
2025-03-28,47500,48000,46850,47800,1141973,-0.012396694214875992
2025-03-31,47000,47450,46550,47050,1352535,-0.01569037656903771
2025-04-01,47100,48400,47100,48100,911022,0.022316684378320906
2025-04-02,48150,49000,47900,48700,1017407,0.012474012474012364
2025-04-03,47050,47650,46700,47550,1292227,-0.02361396303901442
2025-04-04,46900,47550,46300,47050,1351789,-0.01051524710830709
2025-04-07,45000,45600,44150,45050,1867826,-0.04250797024442088
2025-04-08,45550,45550,43750,43850,1847161,-0.02663706992230852
2025-04-09,43550,44000,42500,43600,1647012,-0.005701254275940704
2025-04-10,45550,46350,45000,46000,1611499,0.05504587155963292
2025-04-11,45000,46450,44900,46100,1154406,0.0021739130434783593
2025-04-14,46500,46800,46100,46250,984426,0.0032537960954446277
2025-04-15,46250,47350,46250,47100,1171151,0.018378378378378413
2025-04-16,47150,47900,47050,47800,913054,0.014861995753715496
2025-04-17,47200,47550,46900,47150,1137939,-0.013598326359832602
2025-04-18,47150,47800,47100,47650,952557,0.010604453870625585
2025-04-21,47650,48700,47650,48700,988741,0.022035676810073346
2025-04-22,48400,48750,48100,48450,1032942,-0.005133470225872738
2025-04-23,48750,49200,48500,48900,1135450,0.009287925696594534
2025-04-24,48800,49100,48550,48750,673535,-0.0030674846625766694
2025-04-25,49300,50200,49200,49750,1675511,0.02051282051282044
2025-04-28,49800,50200,49200,49350,965057,-0.008040201005025116
2025-04-29,49350,51000,49300,50400,1279248,0.02127659574468077
2025-04-30,50400,51800,50400,51400,1685443,0.01984126984126977
2025-05-02,51100,51600,50600,51200,993916,-0.0038910505836575737
2025-05-07,52000,52300,51100,51100,1328471,-0.001953125
2025-05-08,50700,51300,50600,50900,1398474,-0.003913894324853229
2025-05-09,50700,51100,50300,50700,808671,-0.003929273084479323
2025-05-12,51200,51800,51000,51700,854870,0.019723865877712132
2025-05-13,51000,52100,50900,51800,1298922,0.0019342359767891004
2025-05-14,51700,52400,51500,51800,1027546,0.0
2025-05-15,51400,52300,51400,51700,587678,-0.0019305019305019266
2025-05-16,51500,52200,51200,51800,554587,0.0019342359767891004
2025-05-19,51800,52800,51700,52100,761439,0.005791505791505891
2025-05-20,52600,53800,52600,53800,1332387,0.03262955854126681
2025-05-21,53900,54300,53600,53800,855647,0.0
2025-05-22,53500,54400,53200,54100,1131984,0.005576208178438735
2025-05-23,54300,55600,54100,55100,1073338,0.01848428835489835
2025-05-26,55400,56300,55300,56300,1059211,0.02177858439201441
2025-05-27,55800,56800,55700,56500,891251,0.003552397868561208
2025-05-28,56600,57200,55900,56600,1164221,0.001769911504424737
2025-05-29,56800,57800,56300,57500,977099,0.01590106007067127
2025-05-30,57400,58400,57300,58100,2273662,0.01043478260869568
2025-06-02,57600,58100,55000,55800,1899090,-0.03958691910499135
2025-06-04,55300,59900,55300,59900,2590648,0.07347670250896066
2025-06-05,59700,60100,58400,59200,1767739,-0.011686143572620988
2025-06-09,59500,60900,59000,60400,2179222,0.020270270270270174
2025-06-10,60300,61700,59800,60900,1887065,0.008278145695364225
2025-06-11,60400,60600,58700,59800,1226916,-0.01806239737274218
2025-06-12,59000,59600,58300,58600,1955484,-0.02006688963210701
2025-06-13,58500,59400,57900,59000,2176121,0.006825938566553003
2025-06-16,59100,60700,58500,60600,966984,0.027118644067796627
2025-06-17,59700,61500,59500,60300,1683290,-0.004950495049504955
2025-06-18,59100,60600,58100,59200,1643280,-0.018242122719734688
2025-06-19,58700,59600,58600,59400,1357661,0.0033783783783782884
2025-06-20,59400,60400,59200,59300,3768399,-0.0016835016835017313
2025-06-23,58800,60700,58800,60100,1172294,0.013490725126475533
2025-06-24,60700,62100,60600,61000,1615168,0.014975041597337757
2025-06-25,61100,61300,59800,60600,12851355,-0.006557377049180357
2025-06-26,60800,61900,59200,59700,2136686,-0.014851485148514865
2025-06-27,59800,61900,59700,60500,1643936,0.01340033500837512
2025-06-30,60600,61800,60400,61400,2251863,0.014876033057851235
2025-07-01,62000,63600,61700,62200,1752220,0.013029315960912058
2025-07-02,62300,62900,60800,61700,1585897,-0.008038585209003246
2025-07-03,61700,63700,61600,63700,1444649,0.03241491085899506
2025-07-04,63800,64700,62900,63000,1697761,-0.01098901098901095
2025-07-07,63400,66000,63100,66000,1734023,0.04761904761904767
2025-07-08,66000,72100,65700,71100,2971077,0.07727272727272738
2025-07-09,70800,71200,69000,69800,3382082,-0.01828410689170179
2025-07-10,69800,70300,68500,69900,2246192,0.0014326647564470996
2025-07-11,69200,70400,68200,69300,1522382,-0.008583690987124415
2025-07-14,69200,72200,69200,71800,1533140,0.03607503607503615
2025-07-15,71100,71400,69900,70800,1164809,-0.013927576601671321
2025-07-16,70900,71100,69050,69400,1537897,-0.019774011299435013
2025-07-17,69500,70100,68300,69900,1556798,0.007204610951008661
2025-07-18,69900,70400,68000,68900,796990,-0.014306151645207432
2025-07-21,68500,69500,68200,69000,919832,0.0014513788098693414
2025-07-22,68600,69400,67800,68200,834799,-0.011594202898550732
2025-07-23,68500,69700,67600,68100,783907,-0.0014662756598240456
2025-07-24,68700,70400,68700,69300,1032416,0.017621145374449254
2025-07-25,68700,73500,68200,71200,2558748,0.02741702741702734
2025-07-28,70600,70900,66500,67200,2257335,-0.0561797752808989
2025-07-29,65500,69500,65500,68800,1781828,0.023809523809523725
2025-07-30,68500,69200,68200,68900,900021,0.0014534883720929148
2025-07-31,68200,68600,67200,68000,957023,-0.013062409288824406
2025-08-01,66800,67200,64800,65100,1436739,-0.04264705882352937
2025-08-04,65300,66400,65000,65900,1276777,0.01228878648233489
2025-08-05,67700,68600,67200,68000,1355211,0.03186646433990892
2025-08-06,67500,68800,67500,68700,857830,0.010294117647058787
2025-08-07,68500,69400,68400,69200,951223,0.00727802037845704
2025-08-08,68600,69400,68300,69200,695017,0.0
2025-08-11,69300,69900,68700,69400,624850,0.0028901734104045396
2025-08-12,69200,71200,69200,70000,979715,0.008645533141210304
2025-08-13,70300,71000,69000,69400,812202,-0.008571428571428563
2025-08-14,69700,71100,69100,69100,1291496,-0.004322766570605152
2025-08-18,69000,69100,67000,67500,1490270,-0.02315484804630974
2025-08-19,69000,69000,66800,67400,1239749,-0.001481481481481528
2025-08-20,68000,68300,65600,66900,1797034,-0.007418397626112738
2025-08-21,67400,68300,66800,67000,1302976,0.001494768310911887
2025-08-22,67100,67800,66600,66700,1166963,-0.004477611940298498
2025-08-25,67200,67700,66200,66700,988096,0.0
2025-08-26,66600,66700,65000,65000,3442595,-0.025487256371814038
2025-08-27,65000,66000,64900,65700,1025055,0.010769230769230864
2025-08-28,65400,67100,65300,66100,973152,0.0060882800608828
2025-08-29,65900,66200,64700,65300,1123131,-0.012102874432677768
2025-09-01,65500,65600,63600,64000,991727,-0.019908116385911168
