Date,Open,High,Low,Close,Volume,Change
2022-01-03,43550,46300,43000,45500,355882,0.03409090909090917
2022-01-04,45500,50000,45500,48000,695595,0.05494505494505497
2022-01-05,47800,49450,46900,47000,504312,-0.02083333333333337
2022-01-06,46550,48300,46000,46800,389948,-0.004255319148936176
2022-01-07,46700,50700,46500,49300,621791,0.05341880341880345
2022-01-10,49300,50500,46950,48250,505263,-0.02129817444219062
2022-01-11,48050,50000,48000,49350,468561,0.022797927461139844
2022-01-12,49350,52300,48900,51400,715662,0.041540020263424626
2022-01-13,51700,54300,51500,53700,599025,0.04474708171206232
2022-01-14,53900,55900,47350,51900,1273655,-0.03351955307262566
2022-01-17,51000,55300,49500,54500,616880,0.050096339113680166
2022-01-18,55100,55300,51400,51800,672966,-0.04954128440366967
2022-01-19,51800,53800,50000,51100,561174,-0.013513513513513487
2022-01-20,51100,52300,49350,51200,403211,0.001956947162426559
2022-01-21,51200,52900,50400,50900,372574,-0.005859375
2022-01-24,50900,51500,49150,50000,405599,-0.017681728880157177
2022-01-25,49350,50200,47750,48500,497160,-0.030000000000000027
2022-01-26,48400,50000,46500,46950,448148,-0.031958762886597936
2022-01-27,47000,47500,43550,44750,489084,-0.04685835995740151
2022-01-28,44700,45300,41000,43500,627022,-0.027932960893854775
2022-02-03,44450,47050,44400,45750,396653,0.051724137931034475
2022-02-04,45750,52300,44650,45300,543440,-0.00983606557377048
2022-02-07,45350,46200,43550,44800,483546,-0.01103752759381893
2022-02-08,44900,46700,43850,44300,461135,-0.011160714285714302
2022-02-09,44500,45750,43700,44550,414591,0.0056433408577878375
2022-02-10,43950,44550,41250,41550,555267,-0.06734006734006737
2022-02-11,41550,42700,39450,42150,492114,0.014440433212996373
2022-02-14,42200,42700,40950,42000,300533,-0.003558718861209953
2022-02-15,42000,42400,39500,39900,394366,-0.050000000000000044
2022-02-16,40100,40850,38900,39100,428186,-0.020050125313283207
2022-02-17,39100,39800,38400,38450,410998,-0.01662404092071612
2022-02-18,38000,38700,37300,38400,370334,-0.0013003901170350884
2022-02-21,37500,38900,37450,38150,247579,-0.00651041666666663
2022-02-22,39600,42200,39500,40150,745480,0.05242463958060295
2022-02-23,40500,41500,39500,39650,615857,-0.012453300124533051
2022-02-24,39650,40150,37250,38500,589360,-0.0290037831021438
2022-02-25,38800,40400,38600,39450,527247,0.024675324675324628
2022-02-28,39450,40200,36550,36850,3273783,-0.06590621039290245
2022-03-02,36400,36700,34050,35950,842497,-0.024423337856173677
2022-03-03,36300,36300,34600,35050,407170,-0.025034770514603566
2022-03-04,34900,34900,33800,33950,442441,-0.031383737517831634
2022-03-07,34850,34850,32400,32800,488843,-0.03387334315169366
2022-03-08,32500,32600,31200,31700,524254,-0.03353658536585369
2022-03-10,32400,32450,30850,31550,568712,-0.004731861198738141
2022-03-11,31500,31950,30850,31500,394664,-0.0015847860538826808
2022-03-14,31150,32150,30750,31750,363352,0.007936507936507908
2022-03-15,31750,34200,31600,34100,720649,0.07401574803149602
2022-03-16,33850,34050,32350,33700,540092,-0.011730205278592365
2022-03-17,34350,35200,33750,34100,519646,0.011869436201780381
2022-03-18,34200,35850,34050,34600,793793,0.014662756598240456
2022-03-21,34800,35600,33850,34050,295198,-0.01589595375722541
2022-03-22,34200,34650,33650,34500,270523,0.013215859030837107
2022-03-23,34600,36200,34600,36150,331189,0.047826086956521685
2022-03-24,36150,38200,35500,37800,455728,0.045643153526971014
2022-03-25,37800,38550,36150,36150,533830,-0.04365079365079361
2022-03-28,36150,37700,35850,37150,327776,0.027662517289073207
2022-03-29,37800,38850,37200,38600,406167,0.03903095558546443
2022-03-30,38800,39450,38150,39050,292443,0.011658031088082943
2022-03-31,39050,41250,38950,40650,375903,0.04097311139564663
2022-04-01,40650,40950,39600,40600,290192,-0.0012300123001229846
2022-04-04,40200,42450,40200,40700,291910,0.0024630541871921707
2022-04-05,40500,40600,39250,39300,301180,-0.03439803439803435
2022-04-06,39350,41150,39300,40600,277383,0.0330788804071247
2022-04-07,40650,41300,40100,40350,221430,-0.006157635467980316
2022-04-08,40450,40950,39500,39800,231875,-0.013630731102850069
2022-04-11,39900,41100,39750,40800,256240,0.025125628140703515
2022-04-12,41200,42300,40700,41200,350400,0.009803921568627416
2022-04-13,41750,41900,41050,41400,185042,0.004854368932038833
2022-04-14,41000,42400,40800,42350,234175,0.022946859903381744
2022-04-15,42100,42350,40900,41000,217390,-0.031877213695395534
2022-04-18,40900,41000,39550,39950,223172,-0.025609756097561
2022-04-19,39800,41150,39800,41000,116854,0.026282853566958808
2022-04-20,40400,40550,37800,37800,439430,-0.07804878048780484
2022-04-21,38000,38800,36900,38600,315162,0.021164021164021163
2022-04-22,38000,38800,37600,38000,205678,-0.015544041450777257
2022-04-25,37000,37600,36800,37300,240285,-0.018421052631578894
2022-04-26,37350,38500,37150,38150,142663,0.02278820375335111
2022-04-27,37900,38250,37100,38100,194728,-0.001310615989515096
2022-04-28,38000,39400,37850,39200,218593,0.028871391076115582
2022-04-29,38600,39750,37450,37850,232972,-0.034438775510204134
2022-05-02,37750,38400,37250,38050,127541,0.005284015852047519
2022-05-03,37850,38650,36850,37050,245195,-0.026281208935611033
2022-05-04,36900,37050,36000,36500,313508,-0.014844804318488558
2022-05-06,36050,36850,35500,35750,206362,-0.020547945205479423
2022-05-09,35250,36250,34600,34850,131111,-0.025174825174825166
2022-05-10,33800,34500,33050,33950,321388,-0.02582496413199431
2022-05-11,33350,34000,30750,30900,509809,-0.08983799705449191
2022-05-12,31000,31500,29700,30150,361573,-0.024271844660194164
2022-05-13,30400,30800,29400,30350,258265,0.0066334991708125735
2022-05-16,30800,30800,29750,30000,196696,-0.011532125205930832
2022-05-17,30000,31200,29550,31050,226563,0.03499999999999992
2022-05-18,31050,32350,30750,31700,230584,0.02093397745571668
2022-05-19,30800,31350,30300,30600,293261,-0.034700315457413256
2022-05-20,30650,31250,30400,30700,163464,0.0032679738562091387
2022-05-23,30800,32250,30650,32000,134348,0.04234527687296419
2022-05-24,32250,32500,31250,31300,99280,-0.021874999999999978
2022-05-25,31900,32700,31500,32550,116460,0.039936102236421744
2022-05-26,32100,32650,31450,31800,133898,-0.02304147465437789
2022-05-27,31600,32850,31600,32750,157623,0.029874213836478036
2022-05-30,32500,32900,31950,31950,112386,-0.02442748091603053
2022-05-31,32050,32900,31250,32700,402091,0.023474178403755763
2022-06-02,32200,32300,31150,31850,202824,-0.025993883792048922
2022-06-03,32200,32250,31550,31800,62365,-0.0015698587127158659
2022-06-07,31300,31300,30250,30800,208292,-0.03144654088050314
2022-06-08,30800,30950,30350,30450,115473,-0.011363636363636354
2022-06-09,30800,30800,30000,30450,301115,0.0
2022-06-10,30050,30250,29750,29950,231255,-0.016420361247947435
2022-06-13,29550,29800,28500,28750,171585,-0.04006677796327207
2022-06-14,28450,28950,27600,28000,225887,-0.02608695652173909
2022-06-15,28200,28650,27000,27250,156932,-0.0267857142857143
2022-06-16,27400,28450,27400,28100,130216,0.031192660550458662
2022-06-17,27650,27800,26900,27650,185297,-0.016014234875444844
2022-06-20,27600,27650,26400,26450,182677,-0.04339963833634719
2022-06-21,26800,27700,26450,27150,113389,0.026465028355387554
2022-06-22,27550,27700,25700,25900,157834,-0.046040515653775316
2022-06-23,26400,27000,25400,25600,232762,-0.01158301158301156
2022-06-24,26400,26900,25450,26600,145230,0.0390625
2022-06-27,26700,27500,26250,27150,130570,0.020676691729323293
2022-06-28,27050,27250,26400,26850,108918,-0.011049723756906049
2022-06-29,26200,26650,25850,25950,102674,-0.03351955307262566
2022-06-30,26250,26350,25600,25850,102282,-0.003853564547206201
2022-07-01,26250,26600,25700,26200,131893,0.013539651837524147
2022-07-04,26450,26900,25500,25900,97471,-0.011450381679389277
2022-07-05,26400,27100,25850,27050,97143,0.044401544401544424
2022-07-06,26150,26900,24950,26500,232429,-0.020332717190388205
2022-07-07,27000,27000,26100,26600,88903,0.0037735849056603765
2022-07-08,26650,27050,26600,26600,72408,0.0
2022-07-11,26900,26900,26150,26400,60502,-0.007518796992481258
2022-07-12,26350,26700,25300,25400,95685,-0.037878787878787845
2022-07-13,25600,26000,25200,25400,76393,0.0
2022-07-14,25250,25400,24100,24800,170357,-0.023622047244094446
2022-07-15,24900,24900,23000,23250,304256,-0.0625
2022-07-18,23450,24400,23100,24150,240295,0.03870967741935494
2022-07-19,24000,25100,23800,24900,136268,0.03105590062111796
2022-07-20,25350,26050,24950,25150,110322,0.010040160642570184
2022-07-21,24550,25550,24350,25400,129639,0.00994035785288272
2022-07-22,24600,25500,24550,25100,76431,-0.011811023622047223
2022-07-25,25050,25600,25000,25400,37052,0.01195219123505975
2022-07-26,25400,25400,24850,25300,47154,-0.003937007874015741
2022-07-27,25350,25600,24950,25000,53405,-0.011857707509881465
2022-07-28,25050,25750,25000,25400,125268,0.016000000000000014
2022-07-29,25550,26600,25350,26250,152908,0.0334645669291338
2022-08-01,25850,26550,25650,25900,95258,-0.013333333333333308
2022-08-02,25500,26150,25250,26100,108936,0.007722007722007707
2022-08-03,26100,27850,25950,27350,176591,0.04789272030651337
2022-08-04,27250,28300,26900,28000,172833,0.02376599634369292
2022-08-05,28000,29400,27800,28850,178386,0.03035714285714275
2022-08-08,28450,29350,28300,29300,94726,0.015597920277296451
2022-08-09,28900,30300,28900,30300,126304,0.03412969283276457
2022-08-10,30500,30500,28150,28500,216370,-0.05940594059405946
2022-08-11,28850,29550,28800,29200,117845,0.024561403508772006
2022-08-12,29200,29700,28650,28950,98624,-0.008561643835616417
2022-08-16,29000,29200,28350,28400,106309,-0.01899827288428324
2022-08-17,28650,30050,28450,29850,170261,0.051056338028169
2022-08-18,29850,30500,29500,30050,141079,0.00670016750418756
2022-08-19,30100,31650,29600,31300,191290,0.04159733777038266
2022-08-22,30500,31400,30450,30950,168271,-0.011182108626198062
2022-08-23,30800,31150,30300,30500,103953,-0.014539579967689842
2022-08-24,30500,30700,28700,29250,171834,-0.040983606557377095
2022-08-25,29250,29750,29150,29500,69587,0.008547008547008517
2022-08-26,29600,29900,29050,29550,103193,0.0016949152542373724
2022-08-29,29000,29300,28450,29000,136723,-0.0186125211505922
2022-08-30,29000,30250,29000,30100,96128,0.037931034482758585
2022-08-31,29950,30850,29700,30800,172053,0.023255813953488413
2022-09-01,30250,30350,29200,29300,152416,-0.04870129870129869
2022-09-02,29250,29600,28300,28300,134249,-0.03412969283276446
2022-09-05,28350,29200,27500,27900,116032,-0.014134275618374548
2022-09-06,28350,28350,26900,27000,128765,-0.032258064516129004
2022-09-07,26550,26850,25300,25900,240698,-0.040740740740740744
2022-09-08,26350,26450,25200,25450,177957,-0.01737451737451734
2022-09-13,25900,26800,25700,25950,215976,0.01964636542239684
2022-09-14,25050,25500,24650,25250,193555,-0.026974951830443183
2022-09-15,25050,25600,24900,25100,143504,-0.005940594059405946
2022-09-16,25300,25500,24550,24550,201672,-0.021912350597609542
2022-09-19,24600,24900,24150,24200,116503,-0.014256619144602856
2022-09-20,24850,24850,24000,24600,246314,0.016528925619834656
2022-09-21,24350,24800,23900,24250,103055,-0.014227642276422814
2022-09-22,24050,24050,23150,23800,276789,-0.01855670103092788
2022-09-23,24200,24200,22600,22900,217030,-0.037815126050420145
2022-09-26,22300,22700,21600,22150,306379,-0.03275109170305679
2022-09-27,22350,22900,21400,21700,252084,-0.020316027088036148
2022-09-28,21250,21600,20350,20850,294659,-0.03917050691244239
2022-09-29,21000,22050,20650,20850,318723,0.0
2022-09-30,20850,21350,20050,20850,260337,0.0
2022-10-04,21000,22050,20950,21600,239499,0.03597122302158273
2022-10-05,21900,22200,20600,20800,202448,-0.03703703703703709
2022-10-06,20800,21450,20650,21250,120637,0.02163461538461542
2022-10-07,20850,21900,20800,21750,219820,0.0235294117647058
2022-10-11,21050,21600,20500,20850,218196,-0.04137931034482756
2022-10-12,20600,21200,20500,20850,164308,0.0
2022-10-13,20900,21200,20150,20350,186650,-0.023980815347721784
2022-10-14,20650,22350,20600,22300,197655,0.0958230958230959
2022-10-17,21900,22850,21750,22750,130205,0.020179372197309364
2022-10-18,23300,24550,23250,23950,241273,0.05274725274725278
2022-10-19,24150,24700,23200,23400,170307,-0.022964509394572064
2022-10-20,23050,23050,22150,22850,245720,-0.023504273504273532
2022-10-21,22700,23000,20900,21200,275434,-0.07221006564551424
2022-10-24,22000,22650,21100,21200,185767,0.0
2022-10-25,21600,21600,19950,20950,278957,-0.011792452830188704
2022-10-26,21050,21150,20450,20550,131905,-0.019093078758949833
2022-10-27,20800,22150,20650,22150,217464,0.07785888077858871
2022-10-28,22150,22500,21950,22100,200592,-0.0022573363431150906
2022-10-31,22550,22800,21150,21700,257591,-0.018099547511312264
2022-11-01,21800,21950,21350,21550,190336,-0.00691244239631339
2022-11-02,21250,22600,21200,22200,122190,0.030162412993039345
2022-11-03,21550,22750,21300,22350,221625,0.006756756756756799
2022-11-04,22650,24700,22550,24500,402391,0.09619686800894844
2022-11-07,24600,24600,23600,23850,263522,-0.026530612244897944
2022-11-08,24000,26150,24000,25900,277012,0.08595387840670865
2022-11-09,26000,29300,25750,28550,313449,0.10231660231660222
2022-11-10,28100,29200,27400,27950,260509,-0.021015761821365997
2022-11-11,29250,29400,27300,27900,235292,-0.0017889087656529634
2022-11-14,28100,28700,27050,28700,218014,0.028673835125448077
2022-11-15,28900,30400,28700,29850,313376,0.04006968641114983
2022-11-16,29700,29850,27900,28000,323142,-0.061976549413735316
2022-11-17,28200,28300,27000,27750,159983,-0.008928571428571397
2022-11-18,27400,28450,27200,28050,192315,0.0108108108108107
2022-11-21,27900,28450,26550,26750,231484,-0.04634581105169344
2022-11-22,34750,34750,34750,34750,245785,0.2990654205607477
2022-11-23,45100,45150,35000,36400,4922520,0.04748201438848931
2022-11-24,36400,36700,34450,36000,1404253,-0.01098901098901095
2022-11-25,35700,37800,34850,37050,976637,0.029166666666666563
2022-11-28,36650,37500,35600,35600,962900,-0.03913630229419707
2022-11-29,35250,39800,35200,36600,2248224,0.028089887640449396
2022-11-30,36450,39400,36400,37750,4381321,0.031420765027322384
2022-12-01,38500,41600,38100,41200,1559846,0.09139072847682117
2022-12-02,41100,42650,40050,40300,1140943,-0.021844660194174748
2022-12-05,39700,40050,37750,38950,903912,-0.03349875930521096
2022-12-06,38550,39900,38550,39350,582962,0.010269576379974277
2022-12-07,39100,39500,37300,37750,848172,-0.0406607369758577
2022-12-08,37750,38250,37000,37200,707491,-0.014569536423841067
2022-12-09,37200,37450,36050,36750,539520,-0.012096774193548376
2022-12-12,36750,38300,36700,37500,412176,0.020408163265306145
2022-12-13,37750,38250,37200,38200,428883,0.01866666666666661
2022-12-14,38300,38350,37850,38250,285321,0.0013089005235602524
2022-12-15,38100,38250,36750,37250,371126,-0.02614379084967322
2022-12-16,36500,39250,36450,38800,719713,0.041610738255033475
2022-12-19,38650,40000,38250,39500,557238,0.018041237113401998
2022-12-20,39700,41600,39300,40850,730773,0.03417721518987338
2022-12-21,41400,41450,40050,40650,331835,-0.004895960832313362
2022-12-22,40900,42300,40850,42300,517240,0.040590405904058935
2022-12-23,41900,42650,41550,42250,538433,-0.0011820330969266601
2022-12-26,42100,42150,40050,41700,327189,-0.013017751479289963
2022-12-27,41900,42400,40750,41700,358954,0.0
2022-12-28,41100,43000,40700,42250,414966,0.01318944844124692
2022-12-29,42000,43850,42000,42700,355631,0.010650887573964596
2023-01-02,42750,43500,40850,41550,343924,-0.02693208430913352
2023-01-03,41750,41800,39400,40150,408959,-0.03369434416365824
2023-01-04,40150,40550,38950,40400,315699,0.0062266500622665255
2023-01-05,40100,40600,39000,39200,429569,-0.02970297029702973
2023-01-06,38750,39000,37300,37600,623730,-0.04081632653061229
2023-01-09,38150,39150,37800,38650,385166,0.027925531914893664
2023-01-10,39050,40050,38700,39750,353353,0.028460543337645472
2023-01-11,39950,40000,38350,38650,380877,-0.02767295597484276
2023-01-12,38950,42300,38900,42200,923206,0.09184993531694685
2023-01-13,42600,45500,42250,43900,955702,0.04028436018957349
2023-01-16,43900,44950,43150,44500,511954,0.013667425968109326
2023-01-17,44100,46900,43800,45950,857265,0.03258426966292127
2023-01-18,45800,47150,45650,47100,729047,0.02502720348204579
2023-01-19,47150,48650,47150,48200,740911,0.023354564755838636
2023-01-20,48350,48550,46800,47000,618861,-0.024896265560165998
2023-01-25,47000,47450,45400,45950,713081,-0.022340425531914843
2023-01-26,45650,47050,45050,45250,699880,-0.015233949945593017
2023-01-27,45000,45300,43400,43550,3464391,-0.037569060773480656
2023-01-30,43600,43600,41600,42650,510831,-0.02066590126291623
2023-01-31,42650,44250,42600,42950,491127,0.00703399765533419
2023-02-01,42950,44000,42700,43950,451822,0.02328288707799775
2023-02-02,44000,45000,41850,42750,670330,-0.027303754266211566
2023-02-03,42600,42950,41700,42600,366365,-0.0035087719298245723
2023-02-06,42700,42800,40900,41900,550398,-0.016431924882629123
2023-02-07,41900,42500,41200,42150,342509,0.005966587112171906
2023-02-08,42150,42200,41400,41850,288510,-0.007117437722419906
2023-02-09,41600,43050,41500,42950,405455,0.02628434886499398
2023-02-10,43500,43500,42150,42500,202558,-0.010477299185098987
2023-02-13,42250,43000,41800,42950,233884,0.010588235294117565
2023-02-14,43100,43800,42800,43600,308400,0.015133876600698537
2023-02-15,43600,43700,41950,42200,355185,-0.032110091743119296
2023-02-16,42400,42500,41800,42400,245935,0.004739336492890933
2023-02-17,41650,42950,41550,42550,242054,0.0035377358490567
2023-02-20,42500,42750,41950,42000,202559,-0.01292596944770863
2023-02-21,41700,45150,41300,43400,1107454,0.03333333333333344
2023-02-22,43050,43200,40550,41150,1178335,-0.0518433179723502
2023-02-23,41050,42700,39850,41850,1331596,0.017010935601458055
2023-02-24,41650,44200,41650,43600,944359,0.041816009557944955
2023-02-27,43050,43900,42750,43600,615092,0.0
2023-02-28,43650,45000,43400,45000,1221978,0.032110091743119185
2023-03-02,44550,44750,43100,43300,793953,-0.0377777777777778
2023-03-03,43300,43300,41400,41750,909793,-0.035796766743648956
2023-03-06,41700,42250,41050,41400,430082,-0.008383233532934131
2023-03-07,41250,42300,40850,42100,483444,0.01690821256038655
2023-03-08,41500,42200,41300,41800,596621,-0.0071258907363420665
2023-03-09,41850,44350,41400,43150,1099112,0.03229665071770338
2023-03-10,42400,43700,41350,43500,688130,0.008111239860950192
2023-03-13,42900,43000,41700,42700,621471,-0.01839080459770115
2023-03-14,41850,42200,39850,39950,1041990,-0.06440281030444961
2023-03-15,40900,41400,40500,40900,447056,0.02377972465581979
2023-03-16,40800,41950,39950,41750,561621,0.020782396088019572
2023-03-17,42100,43450,42000,42150,855319,0.009580838323353325
2023-03-20,43650,44150,42350,42450,616151,0.007117437722419906
2023-03-21,42400,42900,41900,42250,405698,-0.004711425206124886
2023-03-22,42400,43200,41450,41500,366960,-0.017751479289940808
2023-03-23,41500,41500,40200,40650,461230,-0.02048192771084334
2023-03-24,40500,41050,39800,39950,482204,-0.017220172201722006
2023-03-27,39900,39900,38700,39000,620705,-0.02377972465581979
2023-03-28,39200,39900,38550,39400,684239,0.01025641025641022
2023-03-29,39050,39400,38550,38850,616631,-0.013959390862944177
2023-03-30,39250,39850,38450,39850,691571,0.025740025740025763
2023-03-31,39800,41100,38500,38600,1741102,-0.031367628607277265
2023-04-03,39150,40600,38700,40300,602636,0.04404145077720201
2023-04-04,39900,41350,39750,41250,484499,0.023573200992555776
2023-04-05,41400,43850,41300,42550,966002,0.031515151515151496
2023-04-06,42500,43900,42400,43050,524988,0.011750881316098694
2023-04-07,43000,44000,42900,43650,386689,0.013937282229965264
2023-04-10,43250,43700,41850,43050,317582,-0.013745704467353903
2023-04-11,43050,44800,43050,44300,580547,0.029036004645760727
2023-04-12,44300,46000,44000,45600,598907,0.02934537246049662
2023-04-13,45150,46900,44700,45450,730934,-0.003289473684210509
2023-04-14,45650,46150,43500,44500,537992,-0.020902090209020896
2023-04-17,44500,44500,43200,43650,320546,-0.019101123595505642
2023-04-18,43750,44750,42550,42850,509898,-0.018327605956471982
2023-04-19,42700,43000,42050,42900,364379,0.001166861143523823
2023-04-20,42800,43200,42150,43100,320228,0.004662004662004726
2023-04-21,42850,43050,42150,42600,307360,-0.011600928074245953
2023-04-24,42600,46200,42600,45350,1085668,0.06455399061032874
2023-04-25,45450,47700,45350,45600,1454569,0.005512679162072764
2023-04-26,44950,45300,43250,44450,1115415,-0.025219298245614086
2023-04-27,44000,44600,42850,43800,1144785,-0.01462317210348707
2023-04-28,43450,46300,43200,45900,907419,0.047945205479452024
2023-05-02,46400,46900,45100,45150,560472,-0.016339869281045805
2023-05-03,44650,46750,44350,45800,572328,0.01439645625692143
2023-05-04,45700,46300,45300,45700,493374,-0.0021834061135370675
2023-05-08,45700,46650,44850,45450,629911,-0.005470459518599591
2023-05-09,45100,45450,44150,44700,499708,-0.01650165016501648
2023-05-10,44200,44400,43350,43850,808656,-0.019015659955257225
2023-05-11,44050,46350,43950,45750,1069916,0.04332953249714944
2023-05-12,45800,47250,45500,46300,1001958,0.012021857923497192
2023-05-15,46300,46300,43850,44750,1022336,-0.03347732181425489
2023-05-16,44750,46350,44250,45700,817468,0.02122905027932953
2023-05-17,45700,46350,44750,45350,714347,-0.007658643326039383
2023-05-18,45200,45800,44200,44750,907825,-0.013230429988974612
2023-05-19,44600,46200,44300,46100,848425,0.03016759776536304
2023-05-22,46100,46100,44550,44600,978997,-0.03253796095444683
2023-05-23,44800,45450,44000,44950,551626,0.007847533632286963
2023-05-24,44550,45600,44400,45050,461248,0.0022246941045607205
2023-05-25,44600,44900,43900,44150,613699,-0.019977802441731418
2023-05-26,44150,44700,43800,44500,472966,0.007927519818799578
2023-05-30,44700,45500,44300,45000,487276,0.011235955056179803
2023-05-31,44850,45550,44600,44950,939698,-0.0011111111111110628
2023-06-01,45000,45500,43800,44300,675537,-0.014460511679644017
2023-06-02,44500,47400,44500,46850,1676481,0.05756207674943559
2023-06-05,46850,47800,46150,46450,430407,-0.008537886872998945
2023-06-07,46450,47200,45850,46300,516972,-0.0032292787944026013
2023-06-08,46800,47400,46200,46400,2345178,0.002159827213822796
2023-06-09,46500,46700,44400,44650,1491757,-0.03771551724137934
2023-06-12,44800,44900,43800,44000,797405,-0.014557670772676334
2023-06-13,44100,44150,42850,42850,925455,-0.026136363636363624
2023-06-14,42950,43750,42450,42900,509075,0.001166861143523823
2023-06-15,43000,43650,42400,42600,533161,-0.006993006993006978
2023-06-16,43000,43900,42750,43900,2026309,0.030516431924882736
2023-06-19,43850,43950,42750,43000,444445,-0.02050113895216399
2023-06-20,43100,43850,42900,43350,443679,0.008139534883720989
2023-06-21,43750,44150,43300,43500,515381,0.0034602076124568004
2023-06-22,43450,43950,42900,43500,344260,0.0
2023-06-23,43700,43700,41950,42050,586159,-0.033333333333333326
2023-06-26,41900,42750,41750,41950,328132,-0.0023781212841854638
2023-06-27,41850,41900,41150,41250,399109,-0.016686531585220488
2023-06-28,41450,42150,41350,41650,314615,0.00969696969696976
2023-06-29,41650,42250,41500,41500,262519,-0.0036014405762304635
2023-06-30,42050,42100,41000,41500,383448,0.0
2023-07-03,41800,42800,41550,42350,564981,0.02048192771084345
2023-07-04,42350,42900,42000,42400,291639,0.0011806375442739991
2023-07-05,42300,43400,42000,42800,429237,0.009433962264151052
2023-07-06,42850,42850,42050,42250,499856,-0.012850467289719614
2023-07-07,41800,42100,40100,41150,938832,-0.026035502958579926
2023-07-10,41450,43200,40850,43000,586182,0.044957472660996256
2023-07-11,43250,44500,43100,44000,583246,0.023255813953488413
2023-07-12,44000,44550,43700,44400,423899,0.009090909090909038
2023-07-13,44650,44900,44100,44350,566883,-0.0011261261261261701
2023-07-14,44700,46100,44700,45550,884838,0.027057497181510737
2023-07-17,45100,45550,44700,45400,344015,-0.003293084522502765
2023-07-18,45400,45400,44250,44500,306569,-0.01982378854625555
2023-07-19,44500,45250,44500,45200,324428,0.01573033707865168
2023-07-20,45100,47350,45100,47150,1210408,0.04314159292035402
2023-07-21,47250,48300,47000,48000,774715,0.018027571580063517
2023-07-24,47900,48300,47150,47800,558847,-0.004166666666666652
2023-07-25,47950,49500,47800,48950,887257,0.024058577405857706
2023-07-26,48450,48650,46800,47950,889409,-0.020429009193054126
2023-07-27,47950,49000,47800,48450,480889,0.010427528675703845
2023-07-28,48150,48800,47450,48200,403694,-0.00515995872033026
2023-07-31,48500,49300,47800,49200,369756,0.020746887966804906
2023-08-01,49200,50200,48700,49650,528245,0.009146341463414531
2023-08-02,49650,49900,48500,49000,526976,-0.01309164149043307
2023-08-03,49350,49650,48800,49500,422928,0.010204081632652962
2023-08-04,50000,50300,49200,50200,481099,0.014141414141414232
2023-08-07,50000,51100,49950,50500,453803,0.005976095617529875
2023-08-08,50800,51000,49500,49800,502968,-0.013861386138613874
2023-08-09,49550,49900,49000,49500,276365,-0.0060240963855421326
2023-08-10,49500,49600,48150,48200,432244,-0.02626262626262621
2023-08-11,48250,50500,48250,49750,463485,0.032157676348547826
2023-08-14,49900,50400,49450,50200,261478,0.009045226130653283
2023-08-16,49900,50300,49100,49700,338499,-0.009960159362549792
2023-08-17,49650,50200,48700,49700,472285,0.0
2023-08-18,49250,50300,49250,49550,283880,-0.003018108651911433
2023-08-21,50000,50100,49300,49600,207450,0.0010090817356205317
2023-08-22,49600,50400,49500,50000,309966,0.008064516129032251
2023-08-23,49550,51800,49500,50900,592498,0.018000000000000016
2023-08-24,51000,51200,50000,50700,390176,-0.003929273084479323
2023-08-25,50400,51700,50300,51500,496267,0.015779092702169706
2023-08-28,51600,52200,50900,51800,425452,0.005825242718446644
2023-08-29,51800,54700,51800,53200,629115,0.027027027027026973
2023-08-30,53700,54900,53100,53900,462170,0.013157894736842035
2023-08-31,54400,55600,54400,54700,739174,0.014842300556586308
2023-09-01,55200,56700,53800,54300,535288,-0.007312614259597838
2023-09-04,53900,54100,53000,54100,281799,-0.0036832412523020164
2023-09-05,53700,54000,53400,54000,315441,-0.001848428835489857
2023-09-06,53600,54800,53600,54400,439483,0.007407407407407307
2023-09-07,54100,55100,53500,54200,450486,-0.003676470588235281
2023-09-08,54300,55000,53900,55000,220798,0.014760147601476037
2023-09-11,55000,55600,54100,55300,288942,0.005454545454545379
2023-09-12,55500,55700,54200,54400,338178,-0.016274864376130238
2023-09-13,54200,55700,54200,54800,491619,0.007352941176470562
2023-09-14,55000,55200,54100,55200,375498,0.007299270072992803
2023-09-15,55100,56600,55000,55500,670085,0.005434782608695565
2023-09-18,55400,55700,54500,54800,374739,-0.012612612612612595
2023-09-19,54600,55100,54300,54700,268063,-0.0018248175182481452
2023-09-20,54600,54700,53600,54200,425528,-0.009140767824497242
2023-09-21,53800,54500,53600,54000,420773,-0.0036900369003689537
2023-09-22,55000,58200,54200,57400,983600,0.06296296296296289
2023-09-25,57500,59800,57300,58600,860116,0.020905923344947785
2023-09-26,58200,58600,56100,56400,551386,-0.03754266211604096
2023-09-27,55600,56400,54600,55200,411312,-0.021276595744680882
2023-10-04,54900,54900,52200,52600,574579,-0.047101449275362306
2023-10-05,52800,53700,51500,52900,372791,0.005703422053231932
2023-10-06,53600,54300,52400,53400,334545,0.00945179584120992
2023-10-10,54400,54600,52700,53400,414215,0.0
2023-10-11,54200,54700,51700,53600,625283,0.0037453183520599342
2023-10-12,53400,54100,52800,53500,442420,-0.001865671641791078
2023-10-13,52800,54100,52700,53500,219322,0.0
2023-10-16,52800,53500,52200,52800,423761,-0.013084112149532756
2023-10-17,53100,53500,51600,51700,460443,-0.02083333333333337
2023-10-18,51700,52500,51600,52500,575379,0.015473887814313247
2023-10-19,52000,52500,50500,51100,486253,-0.026666666666666616
2023-10-20,50700,51100,49650,50100,434703,-0.019569471624266144
2023-10-23,50100,50100,47200,47900,724366,-0.043912175648702645
2023-10-24,48450,49100,47700,48800,406422,0.018789144050104456
2023-10-25,49800,51300,49800,50500,421446,0.0348360655737705
2023-10-26,50300,50400,49250,49400,334436,-0.0217821782178218
2023-10-27,50300,50500,49450,49700,253522,0.006072874493927127
2023-10-30,49500,50300,48700,50300,299785,0.012072434607645954
2023-10-31,50900,51800,49750,50200,366257,-0.001988071570576566
2023-11-01,50200,51000,49900,51000,288932,0.015936254980079667
2023-11-02,51600,52300,51000,51200,305145,0.0039215686274509665
2023-11-03,51900,52200,51300,51900,282402,0.013671875
2023-11-06,52500,53200,50900,52100,495347,0.003853564547206201
2023-11-07,51400,52600,51400,52600,350721,0.009596928982725572
2023-11-08,53100,53400,52200,52600,251445,0.0
2023-11-09,52300,53700,52300,53200,320671,0.011406844106463865
2023-11-10,54400,54400,52600,52900,269331,-0.005639097744360888
2023-11-13,53300,54300,53000,54200,358737,0.02457466918714557
2023-11-14,55100,57000,54600,56400,733290,0.040590405904058935
