Date,Open,High,Low,Close,Volume,Change
2022-01-03,20541,20641,20004,20407,15287,-0.006523538289275099
2022-01-04,20138,20474,20071,20474,36483,0.0032831871416669767
2022-01-05,20306,20541,20104,20440,17680,-0.0016606427664355161
2022-01-06,20138,20507,19836,19836,26084,-0.02954990215264186
2022-01-07,19601,20205,19500,19803,26698,-0.0016636418632789418
2022-01-10,20071,20071,19634,19971,7702,0.008483563096500557
2022-01-11,20138,20239,19601,20138,47902,0.00836212508136791
2022-01-12,20239,20239,19836,20038,11301,-0.004965736418710898
2022-01-13,20239,20239,19869,19903,11408,-0.0067371993212895775
2022-01-14,20037,20037,19567,19702,26561,-0.010098980053258266
2022-01-17,19702,19903,19567,19836,6450,0.00680133996548582
2022-01-18,19903,20306,19433,19635,26385,-0.010133091349062262
2022-01-19,19601,19634,18862,19199,55268,-0.02220524573465754
2022-01-20,19567,19567,18728,19266,81623,0.0034897650919318846
2022-01-21,19534,19534,18628,19366,57091,0.0051904910204505494
2022-01-24,19198,19467,18695,19064,44366,-0.01559434059692244
2022-01-25,18997,19131,18460,18628,68433,-0.022870331514897146
2022-01-26,18661,19400,18560,19299,53197,0.03602104359029412
2022-01-27,19299,19869,18829,19870,42134,0.0295870252344681
2022-01-28,19802,20138,19467,20138,51910,0.013487669854051365
2022-02-03,20138,20272,19903,20105,18424,-0.0016386930181745418
2022-02-04,20205,20205,19970,20071,9364,-0.0016911216115393923
2022-02-07,20171,20306,19903,20239,24991,0.008370285486522855
2022-02-08,20272,20339,20037,20172,16583,-0.003310440239142287
2022-02-09,20037,20239,19903,19903,23594,-0.013335316279992071
2022-02-10,19836,20037,19299,19702,38401,-0.010098980053258266
2022-02-11,19702,20004,19433,19903,19095,0.010202009948228508
2022-02-14,19735,19970,19500,19870,7681,-0.0016580415012812377
2022-02-15,19735,19869,19467,19568,30965,-0.015198792148968243
2022-02-16,19500,19970,19399,19937,32812,0.018857318070318874
2022-02-17,20004,20138,19702,19971,7749,0.0017053719215529561
2022-02-18,19970,19970,19735,19937,13693,-0.0017024685794402306
2022-02-21,19869,20037,19567,19769,26910,-0.008426543612379045
2022-02-22,19869,20071,19534,19736,25611,-0.0016692801861499795
2022-02-23,19735,19802,19500,19501,10461,-0.011907174706120793
2022-02-24,19500,19567,18963,19400,23433,-0.005179221578380577
2022-02-25,19332,19500,19198,19366,6024,-0.001752577319587667
2022-02-28,19131,19601,19131,19467,26043,0.005215325828772155
2022-03-02,19467,19735,19131,19467,24577,0.0
2022-03-03,19030,19567,19030,19434,42501,-0.0016951764524579804
2022-03-04,19366,19366,19131,19299,8423,-0.006946588453226266
2022-03-07,19131,19299,18997,19165,6802,-0.0069433649411886345
2022-03-08,19366,19366,18930,19165,12388,0.0
2022-03-10,19299,19299,18963,19232,24270,0.0034959561701017883
2022-03-11,19232,19299,19030,19232,11062,0.0
2022-03-14,19265,19265,18728,18997,31349,-0.012219217970049878
2022-03-15,18930,19131,18661,18997,51502,0.0
2022-03-16,19131,19232,18795,18897,18910,-0.005263989050902751
2022-03-17,18930,18930,18560,18762,35839,-0.0071439911096999875
2022-03-18,18762,18896,18628,18897,9337,0.0071953949472338685
2022-03-21,19097,19097,18762,18863,6584,-0.0017992273905911293
2022-03-22,18628,18795,18460,18796,43967,-0.0035519270529608127
2022-03-23,18762,18862,18493,18662,33855,-0.0071291764205150265
2022-03-24,18661,18795,18460,18762,22864,0.005358482477762383
2022-03-25,18728,19030,18460,19031,39796,0.014337490672636122
2022-03-28,18997,19097,18695,18964,28054,-0.003520571698807262
2022-03-29,18728,18930,18728,18897,5616,-0.0035330099135203463
2022-03-30,18896,18896,18728,18829,6510,-0.0035984547811821477
2022-03-31,19232,19232,18795,18829,59203,0.0
2022-04-01,18930,19097,18762,18930,6141,0.005364066068298978
2022-04-04,19131,19131,18728,18964,8089,0.0017960908610670234
2022-04-05,18963,19030,18795,18829,19238,-0.00711875131828732
2022-04-06,18829,19937,18728,19736,30053,0.04817037548462477
2022-04-07,19735,19903,19500,19669,12382,-0.0033948115119578626
2022-04-08,19601,20373,19601,20273,195048,0.03070822105851856
2022-04-11,20809,20809,20239,20239,117855,-0.001677107482858986
2022-04-12,19869,20541,19802,19803,15168,-0.02154256633232865
2022-04-13,19802,20474,19131,20206,280601,0.02035045195172458
2022-04-14,20205,20440,19937,20273,22411,0.003315846778184639
2022-04-15,20104,20608,20104,20508,35222,0.011591772307995907
2022-04-18,20708,20708,20239,20407,129558,-0.004924907353228036
2022-04-19,20406,20574,19634,20508,40344,0.004949282109080189
2022-04-20,20306,20708,20306,20508,16023,0.0
2022-04-21,20306,20742,20306,20474,11953,-0.0016578896040569946
2022-04-22,20272,20541,20037,20373,52038,-0.00493308586499952
2022-04-25,20339,20339,19970,20138,18133,-0.011534874588916666
2022-04-26,20071,20171,19903,20138,14647,0.0
2022-04-27,19836,20071,19702,20038,12064,-0.004965736418710898
2022-04-28,20037,20373,19937,19937,20260,-0.00504042319592779
2022-04-29,20306,20574,20037,20508,60687,0.028640216682550124
2022-05-02,20440,20440,19735,20239,40981,-0.013116832455627114
2022-05-03,20373,20373,19937,20239,20474,0.0
2022-05-04,20037,20574,19970,20306,45069,0.003310440239142176
2022-05-06,20239,20507,20138,20172,99788,-0.006599034768048906
2022-05-09,20272,20272,19903,20004,16360,-0.008328375966686452
2022-05-10,19970,20138,19366,20004,36158,0.0
2022-05-11,19769,20239,19702,20172,111068,0.008398320335932796
2022-05-12,19903,20138,19802,19971,18267,-0.009964306960142721
2022-05-13,19802,20104,19802,20004,7323,0.0016523959741625571
2022-05-16,20004,20138,19836,20071,12275,0.003349330133973316
2022-05-17,20071,20239,19903,20172,16121,0.005032135917492964
2022-05-18,20071,20205,19903,20206,13890,0.0016855046599246748
2022-05-19,20272,20272,19903,20172,15949,-0.0016826685143026543
2022-05-20,19970,20138,19937,20105,8292,-0.003321435653380944
2022-05-23,20104,20104,19769,19769,12501,-0.01671226063168363
2022-05-24,19769,19903,19299,19669,17829,-0.005058424806515305
2022-05-25,19500,20104,19500,19870,39250,0.010219126544308343
2022-05-26,20037,20071,19769,20038,3528,0.00845495722194256
2022-05-27,20037,20037,19903,19971,2369,-0.0033436470705658916
2022-05-30,19836,20071,19836,19937,4263,-0.0017024685794402306
2022-05-31,19836,19937,19802,19870,3596,-0.0033605858454131
2022-06-02,19735,19869,19702,19836,7115,-0.001711122294916989
2022-06-03,19702,19869,19601,19601,12344,-0.011847146602137482
2022-06-07,19702,19702,19232,19400,9349,-0.010254578848017948
2022-06-08,19299,19467,19030,19232,18597,-0.008659793814432937
2022-06-09,18963,19467,18862,19232,23561,0.0
2022-06-10,19198,19400,19030,19232,3405,0.0
2022-06-13,19097,19433,18728,19165,16550,-0.00348377703826952
2022-06-14,18862,19131,18628,18796,17575,-0.01925384816070963
2022-06-15,18795,18930,18325,18796,32237,0.0
2022-06-16,18628,19735,18628,19333,42268,0.02856990849116836
2022-06-17,19265,19433,19030,19434,8363,0.005224228003931186
2022-06-20,19299,19937,19131,19434,52011,0.0
2022-06-21,19232,19802,19232,19669,16041,0.012092209529690257
2022-06-22,19534,19702,19265,19568,7055,-0.005134983984950936
2022-06-23,19500,19601,19131,19568,29383,0.0
2022-06-24,19601,19702,19064,19467,51412,-0.005161488143908377
2022-06-27,19467,19601,19165,19400,151472,-0.003441721888323812
2022-06-28,19332,19433,19198,19400,5834,0.0
2022-06-29,19332,19500,19198,19400,9611,0.0
2022-06-30,19400,19500,19165,19501,379052,0.005206185567010246
2022-07-01,19265,20004,19265,19601,38059,0.005127942156812448
2022-07-04,19400,20037,19265,19568,55092,-0.0016835875720626614
2022-07-05,19400,19601,19332,19568,36459,0.0
2022-07-06,19400,19970,19332,19501,46443,-0.003423957481602624
2022-07-07,19400,19769,19332,19501,33679,0.0
2022-07-08,19433,19836,19366,19601,36533,0.005127942156812448
2022-07-11,19534,19668,19400,19635,18570,0.0017346053772766545
2022-07-12,19534,19668,19332,19568,23507,-0.0034122740005092522
2022-07-13,19433,19836,19433,19568,24788,0.0
2022-07-14,19500,19534,19366,19501,8235,-0.003423957481602624
2022-07-15,19366,19702,19332,19467,27175,-0.0017435003333162724
2022-07-18,19400,19601,18997,19434,49723,-0.0016951764524579804
2022-07-19,19332,19567,19198,19467,19175,0.0016980549552330082
2022-07-20,19433,19534,19400,19467,2911,0.0
2022-07-21,19433,19500,19332,19467,18219,0.0
2022-07-22,19400,19467,19299,19434,9311,-0.0016951764524579804
2022-07-25,19299,19467,19299,19400,6033,-0.0017495111659977525
2022-07-26,19332,19467,19299,19366,11235,-0.001752577319587667
2022-07-27,19366,19534,19332,19467,6918,0.005215325828772155
2022-07-28,19400,19433,19332,19333,7764,-0.006883443776647624
2022-07-29,19332,19769,19332,19736,28045,0.020845186985982478
2022-08-01,19735,20239,19735,20172,37787,0.02209160924199427
2022-08-02,20171,20306,20071,20138,27115,-0.0016855046599246748
2022-08-03,20138,20507,20104,20306,24172,0.008342437183434193
2022-08-04,20641,20641,20306,20541,14787,0.011572934108145416
2022-08-05,20541,20574,20306,20440,17942,-0.004916995277737257
2022-08-08,20641,20641,20104,20105,18901,-0.016389432485322875
2022-08-09,20138,20440,20004,20138,11140,0.0016413827406118742
2022-08-10,20104,20138,19937,20105,8348,-0.0016386930181745418
2022-08-11,20037,20440,19970,20373,22509,0.013330017408604844
2022-08-12,20306,20406,20205,20407,60335,0.001668875472438991
2022-08-16,20138,20541,20138,20340,31298,-0.0032831871416670877
2022-08-17,20339,20440,20239,20340,7630,0.0
2022-08-18,20272,20440,20205,20373,20552,0.00162241887905612
2022-08-19,20406,20406,20239,20239,7103,-0.006577332744318487
2022-08-22,20171,20239,20004,20138,6680,-0.004990365136617436
2022-08-23,19970,19970,19702,19937,17572,-0.009981130201608845
2022-08-24,19970,19970,19702,19702,19878,-0.011787129457792034
2022-08-25,19534,20037,19534,19903,10478,0.010202009948228508
2022-08-26,19802,20104,19702,19937,5607,0.0017082851831382584
2022-08-29,19802,20037,19668,19971,4776,0.0017053719215529561
2022-08-30,19802,20037,19769,20038,3125,0.0033548645536027877
2022-08-31,19937,20239,19903,20038,4326,0.0
2022-09-01,19970,20037,19802,19971,7767,-0.0033436470705658916
2022-09-02,19869,20037,19802,19971,6245,0.0
2022-09-05,19836,20071,19802,19971,6516,0.0
2022-09-06,19970,20104,19534,20038,11483,0.0033548645536027877
2022-09-07,19970,20306,19937,20239,17134,0.010030941211697675
2022-09-08,20171,20776,20138,20709,50390,0.0232224912298038
2022-09-13,20641,20776,20574,20675,27509,-0.001641798251967752
2022-09-14,20675,22152,20104,20105,184415,-0.027569528415961275
2022-09-15,20171,20608,18661,19702,92298,-0.020044764983834895
2022-09-16,19500,20239,19366,19702,32079,0.0
2022-09-19,19702,19869,19500,19635,22619,-0.00340066998274291
2022-09-20,19500,19836,19467,19467,19700,-0.00855614973262031
2022-09-21,19567,19567,19198,19333,32711,-0.006883443776647624
2022-09-22,19299,19299,18930,19165,11867,-0.008689804996637851
2022-09-23,19433,19433,18594,18662,105449,-0.026245760500913096
2022-09-26,19064,19064,18292,18460,39230,-0.010824134605079805
2022-09-27,19131,19467,18091,19400,76636,0.050920910075839654
2022-09-28,21000,21000,18800,20000,54162,0.030927835051546282
2022-09-29,19800,20300,19700,20300,13485,0.014999999999999902
2022-09-30,20400,21000,20200,20800,18705,0.024630541871921263
2022-10-04,20950,21200,20550,21100,292268,0.014423076923076872
2022-10-05,21100,21300,20550,21100,41582,0.0
2022-10-06,21100,21200,20650,21050,31987,-0.0023696682464454666
2022-10-07,20800,21100,20400,21000,16820,-0.002375296912114022
2022-10-11,20850,20900,20250,20700,114083,-0.014285714285714235
2022-10-12,20600,21000,20300,20750,18153,0.0024154589371980784
2022-10-13,20500,20900,20450,20600,11741,-0.0072289156626506035
2022-10-14,20450,20900,20250,20700,30792,0.004854368932038833
2022-10-17,19600,20000,19400,19850,12959,-0.04106280193236711
2022-10-18,19650,19950,19400,19950,15873,0.005037783375314797
2022-10-19,19300,19600,18500,19600,62713,-0.01754385964912286
2022-10-20,19250,19500,19050,19400,7114,-0.010204081632653073
2022-10-21,19000,19400,18850,19350,35885,-0.002577319587628857
2022-10-24,19100,19450,19000,19150,29702,-0.01033591731266148
2022-10-25,19150,19400,18800,19150,30867,0.0
2022-10-26,19200,19200,18850,19100,21429,-0.0026109660574412663
2022-10-27,19000,19150,18700,19000,17890,-0.005235602094240788
2022-10-28,18950,19700,18750,19400,58501,0.021052631578947434
2022-10-31,19200,19450,19000,19050,14466,-0.01804123711340211
2022-11-01,19150,19350,18750,19000,20821,-0.002624671916010457
2022-11-02,18800,19150,18750,19000,7150,0.0
2022-11-03,18900,19200,18750,18900,10730,-0.0052631578947368585
2022-11-04,18700,19000,18650,19000,15009,0.005291005291005346
2022-11-07,19000,19200,18900,19000,6783,0.0
2022-11-08,18900,19050,18850,19000,7973,0.0
2022-11-09,18900,19050,18700,18900,22506,-0.0052631578947368585
2022-11-10,18650,18900,18500,18850,27791,-0.002645502645502673
2022-11-11,18850,18850,18450,18700,40997,-0.007957559681697646
2022-11-14,18500,18750,18350,18350,23789,-0.018716577540106916
2022-11-15,18350,18700,17900,18650,134356,0.016348773841961872
2022-11-16,18700,18800,18300,18650,12899,0.0
2022-11-17,18550,18550,18000,18500,84431,-0.008042895442359255
2022-11-18,18350,18500,17950,18450,103102,-0.002702702702702675
2022-11-21,18150,19600,18100,18500,103774,0.0027100271002709064
2022-11-22,18400,18950,18250,18500,28170,0.0
2022-11-23,18500,18500,18200,18300,27376,-0.010810810810810811
2022-11-24,18200,18450,18000,18050,37298,-0.013661202185792365
2022-11-25,18050,18100,17900,18050,29671,0.0
2022-11-28,18100,18200,17950,18100,9177,0.0027700831024930483
2022-11-29,18000,18150,17950,18050,15089,-0.002762430939226568
2022-11-30,18150,18150,17950,18050,29841,0.0
2022-12-01,18100,18450,18000,18150,11973,0.005540166204986097
2022-12-02,18050,18150,17850,17950,15478,-0.011019283746556474
2022-12-05,17950,18000,17900,18000,3448,0.0027855153203342198
2022-12-06,17950,18300,17900,18000,3240,0.0
2022-12-07,17900,18100,17850,18000,4485,0.0
2022-12-08,17900,17950,17700,17900,19313,-0.005555555555555536
2022-12-09,17900,18000,17600,17900,24460,0.0
2022-12-12,17800,18150,17700,17800,6996,-0.005586592178770999
2022-12-13,17850,17850,17500,17800,33141,0.0
2022-12-14,17700,18250,17450,17600,64898,-0.011235955056179803
2022-12-15,17600,17650,17000,17200,47287,-0.022727272727272707
2022-12-16,17100,17300,16900,17300,28845,0.005813953488372103
2022-12-19,17100,18250,17100,17750,50156,0.026011560693641522
2022-12-20,17500,17700,16950,16950,70194,-0.04507042253521132
2022-12-21,16950,17100,16750,16950,69151,0.0
2022-12-22,16950,17200,16750,17000,54927,0.002949852507374562
2022-12-23,17000,17000,16550,16650,28379,-0.020588235294117685
2022-12-26,16750,16850,15300,16000,34559,-0.03903903903903905
2022-12-27,16150,16150,15750,16050,52351,0.0031250000000000444
2022-12-28,16000,16800,15900,16050,13482,0.0
2022-12-29,15950,16300,15950,16200,6164,0.009345794392523255
2023-01-02,16200,16500,16150,16500,10547,0.0185185185185186
2023-01-03,16500,16600,16250,16500,50708,0.0
2023-01-04,16500,16800,16100,16500,81102,0.0
2023-01-05,16500,16800,16200,16250,102951,-0.015151515151515138
2023-01-06,16250,16300,15850,16050,71202,-0.012307692307692353
2023-01-09,16000,16350,15700,15950,24776,-0.006230529595015577
2023-01-10,15900,16350,15650,15900,28548,-0.0031347962382445305
2023-01-11,15850,16000,15700,15900,14567,0.0
2023-01-12,15900,16050,15650,15900,100106,0.0
2023-01-13,16000,16000,15650,15900,28283,0.0
2023-01-16,15750,16200,15700,15950,13606,0.003144654088050425
2023-01-17,16000,16200,15900,16000,7703,0.0031347962382444194
2023-01-18,16050,16350,15900,16000,6059,0.0
2023-01-19,16100,16100,15900,16000,2880,0.0
2023-01-20,16000,16000,15850,16000,25809,0.0
2023-01-25,16140,16140,15900,15990,4975,-0.0006249999999999867
2023-01-26,15990,16140,15930,16010,4843,0.001250781738586726
2023-01-27,16000,16200,15930,15970,3091,-0.002498438475952547
2023-01-30,15970,16000,15800,15850,11900,-0.007514088916718897
2023-01-31,15840,15900,15750,15840,10461,-0.0006309148264984632
2023-02-01,15880,15880,15690,15830,7021,-0.0006313131313131493
2023-02-02,15880,15880,15700,15840,10590,0.0006317119393557391
2023-02-03,15890,16010,15750,15990,13454,0.009469696969697017
2023-02-06,15990,16100,15900,16080,12128,0.0056285178236397115
2023-02-07,16090,16380,16080,16120,13200,0.0024875621890547706
2023-02-08,16540,17490,16400,17000,46868,0.05459057071960305
2023-02-09,17040,17040,16400,16740,10032,-0.015294117647058791
2023-02-10,16510,16950,16450,16860,11273,0.007168458781362075
2023-02-13,16860,17250,16670,16990,8581,0.007710557532621509
2023-02-14,17000,17060,16750,17020,38220,0.0017657445556209517
2023-02-15,17020,17020,16720,16900,4607,-0.007050528789659172
2023-02-16,16700,17000,16620,16760,11521,-0.008284023668639007
2023-02-17,16650,16800,16600,16770,6533,0.0005966587112171684
2023-02-20,16770,17000,16770,16770,14322,0.0
2023-02-21,16870,17140,16700,17080,22581,0.01848539057841392
2023-02-22,17010,17130,16980,17060,7384,-0.0011709601873536313
2023-02-23,16960,17120,16820,16890,5775,-0.009964830011723325
2023-02-24,17010,17060,16810,16920,9233,0.001776198934280604
2023-02-27,16820,16990,16610,16610,38397,-0.018321513002364065
2023-02-28,16450,16800,16280,16500,31804,-0.0066225165562914245
2023-03-02,16440,16540,16290,16450,11609,-0.00303030303030305
2023-03-03,16480,16680,15600,16400,10044,-0.003039513677811523
2023-03-06,16400,16400,16000,16000,10908,-0.024390243902439046
2023-03-07,15910,16100,15800,15930,24326,-0.004375000000000018
2023-03-08,15950,15980,15730,15900,18974,-0.0018832391713747842
2023-03-09,16100,16100,15800,16050,14124,0.009433962264151052
2023-03-10,16000,16350,15850,16070,3737,0.0012461059190032042
2023-03-13,16110,16470,15950,16150,3387,0.004978220286247614
2023-03-14,16000,16320,15800,15980,14639,-0.010526315789473717
2023-03-15,16430,16430,15790,15900,22690,-0.005006257822277815
2023-03-16,16300,16370,15600,15970,24928,0.00440251572327055
2023-03-17,15850,16050,15820,16050,40139,0.0050093926111458575
2023-03-20,16000,16100,15810,16050,32790,0.0
2023-03-21,16050,16100,16000,16050,3902,0.0
2023-03-22,16050,16050,15900,16000,12576,-0.0031152647975077885
2023-03-23,15850,16020,15830,16020,44695,0.0012499999999999734
2023-03-24,15880,16040,15810,16000,40740,-0.0012484394506866447
2023-03-27,16000,16270,15890,15960,6435,-0.0024999999999999467
2023-03-28,15870,16100,15800,16100,55037,0.00877192982456143
2023-03-29,15920,16400,15920,16300,20156,0.012422360248447228
2023-03-30,16300,16500,16200,16400,8387,0.006134969325153339
2023-03-31,16880,16880,16300,16600,16846,0.012195121951219523
2023-04-03,16500,16880,16450,16860,6164,0.015662650602409567
2023-04-04,16870,18850,16870,18100,92906,0.07354685646500592
2023-04-05,18000,19430,17100,17220,185004,-0.048618784530386705
2023-04-06,17220,17220,16280,16830,38536,-0.022648083623693416
2023-04-07,16700,17750,16500,17350,34234,0.030897207367795554
2023-04-10,17460,17900,17000,17330,29603,-0.0011527377521614035
2023-04-11,17410,17760,17120,17370,15697,0.002308136180034559
2023-04-12,17360,17550,17100,17350,11497,-0.0011514104778354017
2023-04-13,17640,17800,17180,17800,23475,0.025936599423631135
2023-04-14,17980,18250,17690,17960,26687,0.008988764044943753
2023-04-17,18000,18000,17700,17950,19484,-0.000556792873051215
2023-04-18,17800,18740,17730,17950,58783,0.0
2023-04-19,17870,18900,17800,18890,91473,0.05236768802228409
2023-04-20,19300,20200,18920,19810,135166,0.04870301746956063
2023-04-21,20000,20050,19200,19310,52596,-0.025239777889954573
2023-04-24,19430,19430,17800,18250,90175,-0.05489383738995335
2023-04-25,18250,18250,17500,18020,33247,-0.012602739726027434
2023-04-26,18020,18560,17850,18500,189178,0.02663706992230863
2023-04-27,18300,18990,18210,18390,23570,-0.005945945945945996
2023-04-28,18390,18690,17960,18650,58763,0.014138118542686318
2023-05-02,18300,18820,16700,17880,206080,-0.04128686327077746
2023-05-03,17300,17300,16560,16750,129491,-0.06319910514541383
2023-05-04,16750,17150,16270,16990,53143,0.014328358208955283
2023-05-08,16990,17090,16720,16940,13313,-0.002942907592701549
2023-05-09,16920,17030,16820,16950,6153,0.0005903187721369996
2023-05-10,16950,17090,16600,16910,22194,-0.0023598820058997605
2023-05-11,17000,17050,16660,17000,19318,0.0053222945002957545
2023-05-12,17000,17130,16730,17000,129712,0.0
2023-05-15,16920,16920,16660,16800,22092,-0.0117647058823529
2023-05-16,16800,16800,16500,16680,23638,-0.0071428571428571175
2023-05-17,16530,16980,16530,16830,24492,0.008992805755395628
2023-05-18,16710,17080,16660,16810,21648,-0.0011883541295305555
2023-05-19,16810,16850,16680,16770,31385,-0.002379535990481907
2023-05-22,16800,18160,16700,17940,305020,0.06976744186046502
2023-05-23,17940,18430,17160,17420,165688,-0.02898550724637683
2023-05-24,17390,18090,17240,17560,82695,0.008036739380022917
2023-05-25,17560,17590,17170,17280,23825,-0.015945330296127547
2023-05-26,17050,17200,16790,17040,31509,-0.01388888888888884
2023-05-30,17050,17320,16890,17070,29706,0.0017605633802817433
2023-05-31,17070,17150,16880,16980,24868,-0.005272407732864637
2023-06-01,16800,17060,16800,16970,28179,-0.0005889281507656108
2023-06-02,17050,18390,16990,17650,111636,0.04007071302298182
2023-06-05,17670,18000,17250,17380,21425,-0.015297450424929138
2023-06-07,17400,17410,16350,16350,57478,-0.05926352128883772
2023-06-08,16300,16590,16070,16360,56635,0.0006116207951070152
2023-06-09,16360,16400,16050,16300,51807,-0.003667481662591676
2023-06-12,16300,16350,15850,16100,40961,-0.012269938650306789
2023-06-13,16200,16300,15800,16000,30951,-0.006211180124223614
2023-06-14,16010,16400,15940,16080,9219,0.004999999999999893
2023-06-15,16100,16260,15750,16100,18309,0.0012437810945273853
2023-06-16,16090,16600,16050,16350,35724,0.01552795031055898
2023-06-19,16490,17600,16390,17070,39214,0.044036697247706424
2023-06-20,17070,17830,16840,17440,39105,0.021675454012888062
2023-06-21,17440,17510,16850,17000,16963,-0.025229357798165153
2023-06-22,17000,17000,16350,16550,47111,-0.026470588235294135
2023-06-23,16550,16800,16100,16500,43962,-0.0030211480362537513
2023-06-26,16500,16550,16240,16500,23002,0.0
2023-06-27,16500,16550,16260,16340,49080,-0.009696969696969648
2023-06-28,16360,17620,16350,17370,305734,0.06303549571603417
2023-06-29,17780,18100,17090,17480,38310,0.0063327576280944875
2023-06-30,17480,17500,16710,17500,17201,0.0011441647597254523
2023-07-03,17260,17500,17110,17190,14193,-0.017714285714285682
2023-07-04,17010,17200,16990,17130,23216,-0.003490401396160525
2023-07-05,17060,17200,16750,16750,28207,-0.022183304144775207
2023-07-06,16880,17100,16400,16440,41264,-0.01850746268656711
2023-07-07,16440,17660,16400,17660,58853,0.07420924574209242
2023-07-10,17660,17660,17000,17170,24482,-0.02774631936579841
2023-07-11,17170,17270,16750,16880,19427,-0.016889924286546343
2023-07-12,16870,17200,16780,16920,30090,0.0023696682464455776
2023-07-13,17180,17190,16340,16450,55400,-0.02777777777777779
2023-07-14,16450,16800,16200,16600,40225,0.00911854103343468
2023-07-17,16440,17390,16260,17010,27507,0.024698795180722932
2023-07-18,17060,17500,16800,17030,50730,0.0011757789535566943
2023-07-19,17110,17300,16920,17030,27474,0.0
2023-07-20,17230,17300,16600,16710,28626,-0.018790369935408058
2023-07-21,16720,16720,16250,16270,30940,-0.02633153800119692
2023-07-24,16270,16440,15880,16000,27052,-0.01659496004917027
2023-07-25,16000,16000,15570,15800,34553,-0.012499999999999956
2023-07-26,15900,16200,15400,15750,69100,-0.0031645569620253333
2023-07-27,15760,16100,15650,15990,29576,0.015238095238095273
2023-07-28,15900,15990,15540,15980,26312,-0.000625390869293363
2023-07-31,15970,16400,15770,16050,8627,0.004380475594493172
2023-08-01,16200,16430,16040,16060,11541,0.0006230529595014911
2023-08-02,16050,16500,15850,15900,12362,-0.00996264009962644
2023-08-03,15830,16850,15830,16410,35975,0.03207547169811331
2023-08-04,16920,17300,16300,17000,42443,0.03595368677635591
2023-08-07,16870,17270,16670,16950,71225,-0.002941176470588225
2023-08-08,16880,17140,16850,17050,26122,0.005899705014749346
2023-08-09,17070,17200,16630,16640,31048,-0.02404692082111437
2023-08-10,16500,16980,15800,16730,71609,0.005408653846153744
2023-08-11,16680,16730,16250,16250,27450,-0.02869097429766887
2023-08-14,16110,16520,15600,15720,31843,-0.0326153846153846
2023-08-16,15720,15900,15360,15720,15235,0.0
2023-08-17,15700,16190,15600,15730,24913,0.0006361323155217313
2023-08-18,15730,15940,15570,15730,10908,0.0
2023-08-21,15730,15800,15500,15770,32121,0.002542911633820699
2023-08-22,15770,15930,15640,15870,12153,0.006341154090044432
2023-08-23,15870,16680,15850,16490,37374,0.03906742281033404
2023-08-24,16430,16680,15990,15990,19912,-0.03032140691328078
2023-08-25,16550,16550,15780,16000,6724,0.0006253908692932519
2023-08-28,16000,16100,15810,15810,16194,-0.011874999999999969
2023-08-29,15810,16300,15780,16100,10412,0.01834282099936746
2023-08-30,16100,16200,15940,16090,5129,-0.0006211180124223725
2023-08-31,16090,19330,15930,16090,256736,0.0
2023-09-01,16400,17490,15980,16750,145261,0.04101926662523314
2023-09-04,16570,17400,16250,16330,27486,-0.025074626865671634
2023-09-05,16160,16730,16160,16490,19791,0.009797917942437229
2023-09-06,16500,17400,16500,17130,67139,0.03881140084899948
2023-09-07,16870,17450,16800,17130,27227,0.0
2023-09-08,17000,17390,16850,17330,25366,0.01167542323409232
2023-09-11,17160,17200,16520,16520,27375,-0.04673975764570104
2023-09-12,16540,16920,16250,16430,20757,-0.005447941888619856
2023-09-13,16890,16890,16010,16180,19747,-0.015216068167985375
2023-09-14,16180,17500,15790,16040,48861,-0.008652657601977753
2023-09-15,16010,16170,15900,15980,9926,-0.0037406483790524137
2023-09-18,15900,16010,15600,15650,14449,-0.020650813516896127
2023-09-19,15640,16000,15350,15700,10197,0.0031948881789136685
2023-09-20,15700,15700,15010,15010,41203,-0.04394904458598725
2023-09-21,15020,16180,14500,15530,90142,0.03464357095269821
2023-09-22,15880,16180,15170,15510,60771,-0.0012878300064391723
2023-09-25,15640,16670,15590,16110,72842,0.03868471953578334
2023-09-26,16290,16400,15750,15950,18490,-0.009931719428926122
2023-09-27,16060,16200,15460,15930,76422,-0.0012539184952977678
2023-10-04,15930,15930,14760,15480,65658,-0.02824858757062143
2023-10-05,15480,15710,14750,15200,44736,-0.018087855297157618
2023-10-06,15330,15500,14980,15390,15177,0.012499999999999956
2023-10-10,15300,15390,14810,15190,38680,-0.01299545159194282
2023-10-11,15100,15370,14950,15250,13447,0.0039499670836076195
2023-10-12,15210,15580,15100,15200,16423,-0.003278688524590123
2023-10-13,15110,15280,14870,15100,21426,-0.006578947368421018
2023-10-16,15100,15100,14770,14800,24664,-0.019867549668874163
2023-10-17,14750,14800,13800,14110,72321,-0.046621621621621645
2023-10-18,14110,15500,13850,14200,71304,0.006378454996456506
2023-10-19,14100,14500,13700,13900,48784,-0.021126760563380254
2023-10-20,13900,13900,13130,13130,51584,-0.05539568345323742
2023-10-23,13130,13480,12890,13190,31770,0.004569687738004591
2023-10-24,13000,13690,12950,13600,15431,0.031084154662623265
2023-10-25,13310,13540,12850,13400,27626,-0.014705882352941124
2023-10-26,13160,14370,12800,14000,55794,0.04477611940298498
2023-10-27,14140,14450,13500,13890,35605,-0.007857142857142896
2023-10-30,13800,14150,13510,13890,10503,0.0
2023-10-31,13800,14120,13230,13500,23793,-0.02807775377969768
2023-11-01,13370,13880,12830,13050,103750,-0.033333333333333326
2023-11-02,13070,13250,12400,12700,102625,-0.026819923371647514
2023-11-03,12600,12630,11930,12100,42562,-0.047244094488189003
2023-11-06,12300,12450,12200,12410,9117,0.025619834710743694
2023-11-07,12410,13000,12050,12400,41124,-0.0008058017727639033
2023-11-08,12280,13020,11800,13000,30236,0.048387096774193505
2023-11-09,13000,14500,12570,14250,64210,0.09615384615384626
2023-11-10,14000,15790,13890,15320,82126,0.07508771929824554
2023-11-13,15320,16050,14100,15520,98625,0.01305483028720622
2023-11-14,15450,15550,14980,15380,24163,-0.009020618556700999
2023-11-15,15550,16700,15210,15920,160235,0.03511053315994794
2023-11-16,15600,15990,14910,15870,73295,-0.003140703517587995
2023-11-17,15560,15900,14880,15770,35545,-0.006301197227473243
2023-11-20,15700,15700,14910,14910,24324,-0.054533925174381714
2023-11-21,14930,16050,14460,16030,67882,0.07511737089201875
2023-11-22,15400,16100,15400,15910,47169,-0.007485963817841501
2023-11-23,15910,16060,15200,15420,83008,-0.030798240100565644
2023-11-24,15210,15600,14800,14800,25684,-0.04020752269779504
2023-11-27,14700,15350,14610,14650,9667,-0.010135135135135087
2023-11-28,14620,14890,14200,14530,19804,-0.008191126279863514
2023-11-29,14530,15500,14010,14010,176308,-0.03578802477632481
2023-11-30,14560,15010,13110,13400,250037,-0.043540328336902245
2023-12-01,13160,13700,12990,13390,47221,-0.0007462686567164534
2023-12-04,13200,13340,12920,12950,34220,-0.03286034353995515
2023-12-05,13000,13850,12600,12800,83140,-0.01158301158301156
2023-12-06,12830,12860,12200,12390,36753,-0.032031249999999956
2023-12-07,13150,15350,12850,14320,515354,0.15577078288942703
2023-12-08,13920,15800,13560,14690,323541,0.02583798882681565
2023-12-11,14770,14770,13750,14040,74961,-0.04424778761061943
2023-12-12,14040,14290,13400,13710,51557,-0.023504273504273532
2023-12-13,13560,14800,13500,14400,102428,0.05032822757111588
2023-12-14,14500,14800,13600,13900,75098,-0.03472222222222221
2023-12-15,11850,13000,11350,12400,268393,-0.1079136690647482
2023-12-18,12690,12690,11600,12000,101059,-0.032258064516129004
2023-12-19,12090,13170,12050,12690,93028,0.05750000000000011
2023-12-20,13540,13580,12430,12500,79432,-0.014972419227738398
2023-12-21,12500,13200,12240,12820,74865,0.025600000000000067
2023-12-22,12820,13400,12750,12840,92106,0.0015600624024960652
2023-12-26,13080,13200,12200,12300,56192,-0.04205607476635509
2023-12-27,12400,13440,12400,13280,80854,0.0796747967479674
2023-12-28,13310,13890,13310,13520,96613,0.01807228915662651
2024-01-02,14000,14500,13610,13810,85754,0.02144970414201186
2024-01-03,13520,13790,13120,13360,39614,-0.03258508327299059
2024-01-04,13100,13340,12860,13000,32523,-0.026946107784431184
2024-01-05,13000,13000,12400,12780,55054,-0.01692307692307693
2024-01-08,12550,12770,12460,12520,29237,-0.020344287949921713
2024-01-09,12590,13000,12560,12820,24240,0.023961661341852958
2024-01-10,12850,13100,12540,12690,36985,-0.010140405616224646
2024-01-11,12930,12930,11750,11960,95798,-0.05752561071710005
2024-01-12,11960,12000,11190,11560,83353,-0.03344481605351168
2024-01-15,11560,12080,11460,11840,35156,0.02422145328719716
2024-01-16,12000,12000,10920,11090,105266,-0.06334459459459463
2024-01-17,11050,11300,10910,11000,21599,-0.008115419296663706
2024-01-18,11000,11930,10900,11890,37348,0.08090909090909082
2024-01-19,11600,11970,11500,11770,38141,-0.010092514718250678
2024-01-22,11600,11780,11100,11600,39470,-0.014443500424808797
2024-01-23,11600,11790,11310,11340,55308,-0.022413793103448265
2024-01-24,11560,11560,10100,11350,128338,0.0008818342151675207
2024-01-25,11350,11700,10810,11580,33568,0.02026431718061672
2024-01-26,11600,13260,11500,12850,197637,0.10967184801381702
2024-01-29,12850,13280,12520,12810,112672,-0.003112840466926059
2024-01-30,12810,14500,12740,14200,285514,0.10850897736143628
2024-01-31,14230,14700,13760,14210,98923,0.0007042253521127861
2024-02-01,14050,14340,14000,14070,73025,-0.009852216748768461
2024-02-02,14100,14660,14100,14260,94594,0.013503909026297167
2024-02-05,14130,14710,14050,14420,62970,0.011220196353436185
2024-02-06,14480,14700,13820,13900,252775,-0.03606102635228847
2024-02-07,14000,15150,13890,14840,128849,0.06762589928057561
2024-02-08,14720,15350,14640,14850,76055,0.0006738544474393926
2024-02-13,14680,15130,14570,14800,75208,-0.0033670033670033517
2024-02-14,14740,15480,13750,14110,137104,-0.046621621621621645
2024-02-15,14000,14220,13370,13420,58658,-0.04890148830616581
2024-02-16,13670,14970,13240,14870,241743,0.10804769001490322
2024-02-19,14870,15450,14700,15000,122622,0.008742434431741719
2024-02-20,15090,15150,14700,14710,62681,-0.019333333333333313
2024-02-21,14800,14800,13990,14150,78180,-0.03806934058463629
2024-02-22,14270,14840,14010,14610,72669,0.03250883392226145
2024-02-23,14610,15250,14420,15000,90587,0.026694045174537884
2024-02-26,15300,15850,14940,15010,160757,0.0006666666666665932
2024-02-27,15200,15200,14240,14240,80527,-0.05129913391072616
2024-02-28,14240,14810,13930,14000,55750,-0.016853932584269704
2024-02-29,13860,14500,13600,13880,62137,-0.008571428571428563
2024-03-04,13850,14100,13600,14000,38023,0.008645533141210304
2024-03-05,13970,14190,13730,14010,20758,0.0007142857142856673
2024-03-06,14010,14440,13980,14190,45590,0.012847965738758127
2024-03-07,14050,14150,13880,13970,22616,-0.015503875968992276
2024-03-08,13980,14180,13860,14050,26926,0.005726556907659219
2024-03-11,14020,14320,13530,13560,56246,-0.034875444839857606
2024-03-12,13560,13560,13200,13370,43285,-0.014011799410029502
2024-03-13,13700,14240,13290,13970,97745,0.04487658937920713
2024-03-14,14000,15370,13390,15060,316760,0.07802433786685747
2024-03-15,15120,15700,15000,15360,178042,0.019920318725099584
2024-03-18,15100,15710,14850,14980,154379,-0.02473958333333337
2024-03-19,15050,15300,14110,14610,83751,-0.02469959946595457
2024-03-20,14620,15030,14300,15020,115403,0.02806297056810414
2024-03-21,15050,16640,15050,15520,348372,0.0332889480692411
2024-03-22,15400,15520,14860,14900,86597,-0.03994845360824739
2024-03-25,15290,15290,14630,14770,64708,-0.008724832214765055
2024-03-26,14750,14910,14540,14750,57770,-0.0013540961408260443
2024-03-27,14740,14810,14160,14160,124722,-0.040000000000000036
2024-03-28,14160,14400,13800,14160,89066,0.0
2024-03-29,14220,14350,13820,13820,62833,-0.02401129943502822
2024-04-01,13910,14090,13700,13890,54316,0.005065123010130179
2024-04-02,13890,13890,13230,13230,76146,-0.04751619870410362
2024-04-03,13230,13450,13010,13240,56229,0.0007558578987150177
2024-04-04,13500,13500,12230,12830,63841,-0.0309667673716012
2024-04-05,12630,13180,12530,12620,35065,-0.01636788776305531
2024-04-08,12700,13000,12030,12260,38568,-0.02852614896988903
2024-04-09,12300,13000,12260,12400,40287,0.011419249592169667
2024-04-11,12500,13700,12400,12900,102129,0.040322580645161255
2024-04-12,13000,13490,12920,13100,41611,0.015503875968992276
2024-04-15,12930,13800,12900,13590,69889,0.037404580152671674
2024-04-16,13600,13690,13100,13560,49164,-0.002207505518763808
2024-04-17,13500,13580,13190,13260,36208,-0.02212389380530977
2024-04-18,13260,13270,12600,12730,88940,-0.039969834087481115
2024-04-19,12850,12850,12050,12550,42971,-0.014139827179890041
2024-04-22,12550,12550,12220,12440,31105,-0.008764940239043839
2024-04-23,12440,12660,12040,12040,36702,-0.032154340836012874
2024-04-24,12040,12540,11820,12490,54565,0.037375415282391966
2024-04-25,12480,13200,12270,13070,239432,0.04643714971977575
2024-04-26,13000,13200,12670,12840,60248,-0.01759755164498855
2024-04-29,12830,12850,12360,12360,40157,-0.03738317757009346
2024-04-30,12360,12360,11400,11590,133431,-0.062297734627831725
2024-05-02,11760,12850,11750,12490,183511,0.07765314926660905
2024-05-03,12760,12760,11880,12100,86912,-0.03122497998398721
2024-05-07,12110,12170,11540,11600,85995,-0.04132231404958675
2024-05-08,11670,11680,11280,11390,53233,-0.018103448275862077
2024-05-09,11550,11560,11150,11250,63247,-0.012291483757682187
2024-05-10,11250,11430,11150,11250,43373,0.0
2024-05-13,11260,11450,11080,11200,50233,-0.004444444444444473
2024-05-14,11100,11900,11100,11750,91344,0.049107142857142794
2024-05-16,11750,11950,11500,11830,90855,0.006808510638297793
2024-05-17,11690,11870,11470,11580,90081,-0.021132713440405793
2024-05-20,11750,11750,11150,11160,47533,-0.03626943005181349
2024-05-21,11170,11310,9470,10250,221474,-0.0815412186379928
2024-05-22,10250,10430,9900,10150,255081,-0.009756097560975618
2024-05-23,10680,10680,9580,9680,125992,-0.04630541871921179
2024-05-24,9730,9740,9200,9300,132047,-0.039256198347107474
2024-05-27,9150,9470,8920,9030,59623,-0.029032258064516148
2024-05-28,9160,11700,8620,10040,436547,0.11184939091915846
2024-05-29,10040,10040,9410,9950,94214,-0.008964143426294813
2024-05-30,9940,9960,9460,9960,61387,0.0010050251256281673
2024-05-31,9940,9980,9510,9810,58101,-0.015060240963855387
2024-06-03,9810,10080,9690,9740,161796,-0.007135575942915362
2024-06-04,9740,9850,9380,9380,33912,-0.03696098562628336
2024-06-05,9450,10250,9390,9770,58337,0.041577825159914816
2024-06-07,9750,10080,9650,9780,59139,0.0010235414534287557
2024-06-10,9690,9700,9360,9410,43332,-0.03783231083844585
