Date,Open,High,Low,Close,Volume,Change
2022-01-03,4735,4815,4700,4765,50686,0.006335797254487963
2022-01-04,4795,4800,4700,4745,35438,-0.0041972717733472775
2022-01-05,4680,4745,4665,4670,56711,-0.015806111696522684
2022-01-06,4670,4670,4555,4570,74756,-0.021413276231263434
2022-01-07,4555,4635,4520,4625,46934,0.012035010940919078
2022-01-10,4640,4640,4525,4615,57532,-0.00216216216216214
2022-01-11,4600,4715,4515,4560,120916,-0.011917659804983716
2022-01-12,4650,4750,4560,4660,99055,0.021929824561403466
2022-01-13,4695,4810,4665,4680,71368,0.0042918454935623185
2022-01-14,4680,4680,4605,4625,38214,-0.01175213675213671
2022-01-17,4625,4630,4505,4540,111995,-0.018378378378378413
2022-01-18,4500,4570,4470,4470,95170,-0.01541850220264318
2022-01-19,4450,4490,4350,4435,54919,-0.007829977628635354
2022-01-20,4350,4505,4350,4500,24038,0.014656144306651742
2022-01-21,4435,4510,4410,4455,39987,-0.010000000000000009
2022-01-24,4390,4600,4390,4405,88631,-0.011223344556677839
2022-01-25,4405,4450,4120,4200,85225,-0.04653802497162318
2022-01-26,4160,4245,4090,4115,137458,-0.020238095238095277
2022-01-27,4115,4140,3860,3935,163951,-0.04374240583232081
2022-01-28,3935,4035,3855,4035,60161,0.02541296060991116
2022-02-03,4040,4155,4040,4155,70297,0.029739776951672958
2022-02-04,4160,4445,4105,4285,111783,0.03128760529482544
2022-02-07,4260,4360,4220,4345,46268,0.014002333722286986
2022-02-08,4370,4375,4260,4300,44405,-0.010356731875719172
2022-02-09,4310,4385,4310,4370,36396,0.016279069767441756
2022-02-10,4350,4385,4325,4380,27048,0.0022883295194509046
2022-02-11,4340,5450,4305,4795,11119584,0.09474885844748848
2022-02-14,4815,5250,4550,4650,3323486,-0.030239833159541152
2022-02-15,5400,5590,4450,4450,7388871,-0.043010752688172005
2022-02-16,4435,4465,4210,4335,788816,-0.025842696629213457
2022-02-17,4400,4680,4335,4450,1209845,0.026528258362168433
2022-02-18,4525,4740,4385,4475,806481,0.00561797752808979
2022-02-21,4700,4700,4405,4480,599034,0.0011173184357542443
2022-02-22,4655,4875,4445,4650,2933405,0.0379464285714286
2022-02-23,4770,4920,4580,4650,2160111,0.0
2022-02-24,4760,4970,4625,4850,3022280,0.043010752688172005
2022-02-25,5330,5750,4885,4965,14629441,0.023711340206185483
2022-02-28,4995,5180,4820,4865,1702234,-0.020140986908358527
2022-03-02,5020,5330,5000,5200,3505365,0.06885919835560128
2022-03-03,5140,5150,4955,4960,1002627,-0.0461538461538461
2022-03-04,5020,5210,4960,4975,1725060,0.003024193548387011
2022-03-07,5050,5340,5050,5180,2197693,0.04120603015075375
2022-03-08,5140,5180,4835,4835,850412,-0.06660231660231664
2022-03-10,4730,4825,4530,4800,563099,-0.007238883143743546
2022-03-11,4800,4840,4630,4720,334248,-0.01666666666666672
2022-03-14,4755,4875,4700,4710,286192,-0.0021186440677966045
2022-03-15,4810,4875,4695,4695,261284,-0.0031847133757961776
2022-03-16,4720,4750,4640,4700,209512,0.0010649627263046302
2022-03-17,4700,4745,4650,4715,220175,0.0031914893617022155
2022-03-18,4750,4800,4685,4790,247835,0.01590668080593849
2022-03-21,4820,5170,4790,5070,1489775,0.05845511482254695
2022-03-22,5260,6130,5220,5620,16895134,0.10848126232741628
2022-03-23,5560,5780,5500,5530,2717653,-0.016014234875444844
2022-03-24,5790,5830,5320,5410,2233218,-0.02169981916817365
2022-03-25,5410,5600,5330,5430,1097506,0.003696857670979714
2022-03-28,5460,5590,5400,5490,695302,0.011049723756906049
2022-03-29,5440,5440,5150,5160,839078,-0.060109289617486295
2022-03-30,5090,5140,4980,5090,578343,-0.013565891472868241
2022-03-31,5250,5740,5140,5390,4585542,0.058939096267190516
2022-04-01,5410,5550,5310,5310,936494,-0.014842300556586308
2022-04-04,5310,5380,5170,5350,527248,0.007532956685499137
2022-04-05,5450,5530,5280,5280,681684,-0.013084112149532756
2022-04-06,5280,5500,5280,5330,641603,0.009469696969697017
2022-04-07,5260,5360,5160,5170,291157,-0.030018761726078758
2022-04-08,5210,5250,4985,5040,347050,-0.025145067698259194
2022-04-11,5040,5300,5040,5300,370535,0.051587301587301626
2022-04-12,5330,5340,5070,5120,334225,-0.03396226415094339
2022-04-13,5120,5190,5030,5060,245734,-0.01171875
2022-04-14,5130,5360,5040,5240,658554,0.035573122529644285
2022-04-15,5240,5680,5220,5560,3105924,0.06106870229007644
2022-04-18,5570,5930,5480,5760,4009147,0.03597122302158273
2022-04-19,5940,7480,5640,7480,23183190,0.29861111111111116
2022-04-20,8820,8890,7520,7700,35355499,0.02941176470588225
2022-04-21,7610,7660,7010,7290,9489829,-0.05324675324675321
2022-04-22,7070,8550,7060,7710,38440594,0.057613168724279795
2022-04-25,7430,8030,7430,7860,2368431,0.01945525291828787
2022-04-26,7800,7800,7640,7800,1546284,-0.007633587786259555
2022-04-27,8000,8000,7170,7270,1599765,-0.06794871794871793
2022-04-28,7370,7470,6450,6740,4735262,-0.0729023383768913
2022-04-29,6630,7040,6520,6660,2665546,-0.011869436201780381
2022-05-02,6830,7310,6820,6850,7128650,0.028528528528528607
2022-05-03,7190,7200,6650,6660,2272197,-0.027737226277372296
2022-05-04,6640,6650,6040,6080,2432563,-0.08708708708708712
2022-05-06,5980,6200,5650,5750,2036174,-0.05427631578947367
2022-05-09,5770,5930,5630,5700,1443788,-0.008695652173912993
2022-05-10,5790,6090,5520,5620,4070190,-0.01403508771929829
2022-05-11,5620,5760,5530,5640,867261,0.003558718861210064
2022-05-12,5640,5680,5130,5250,1239947,-0.06914893617021278
2022-05-13,5270,5390,5120,5320,812265,0.01333333333333342
2022-05-16,5450,5960,5430,5750,4612189,0.08082706766917291
2022-05-17,5810,5830,5510,5570,1022276,-0.03130434782608693
2022-05-18,5520,5710,5340,5650,1340333,0.014362657091562037
2022-05-19,5460,6040,5450,5780,3635276,0.023008849557522026
2022-05-20,5770,6110,5640,5960,3493201,0.03114186851211076
2022-05-23,5940,5940,5650,5690,931155,-0.04530201342281881
2022-05-24,5650,5830,5470,5490,722516,-0.03514938488576447
2022-05-25,5550,5570,5340,5400,488369,-0.016393442622950838
2022-05-26,5400,5500,5280,5300,417493,-0.01851851851851849
2022-05-27,5510,5750,5400,5450,2362539,0.028301886792452935
2022-05-30,5730,7050,5630,6540,27223642,0.19999999999999996
2022-05-31,6540,6560,6170,6300,3898823,-0.03669724770642202
2022-06-02,6220,6340,6130,6230,1904101,-0.011111111111111072
2022-06-03,6200,6250,5980,6080,1526638,-0.024077046548956704
2022-06-07,6040,6190,5930,5950,1520060,-0.021381578947368474
2022-06-08,6000,6040,5800,5970,890700,0.003361344537815114
2022-06-09,5930,5940,5660,5770,802545,-0.03350083752093802
2022-06-10,5640,5930,5590,5700,848801,-0.012131715771230511
2022-06-13,5710,6150,5540,5910,5675705,0.03684210526315779
2022-06-14,5940,6080,5360,5450,3094941,-0.07783417935702197
2022-06-15,5350,5670,5110,5130,1907108,-0.05871559633027523
2022-06-16,5150,5600,5150,5310,2687059,0.03508771929824572
2022-06-17,5540,5900,5180,5180,2158651,-0.024482109227871973
2022-06-20,5140,5280,4985,5010,1078441,-0.032818532818532864
2022-06-21,5050,5110,4875,4935,689835,-0.014970059880239472
2022-06-22,4920,5160,4690,4690,1029016,-0.049645390070921946
2022-06-23,4640,4700,4230,4230,1235041,-0.09808102345415781
2022-06-24,4205,4450,4200,4415,686467,0.04373522458628831
2022-06-27,4410,4645,4410,4610,395177,0.04416761041902606
2022-06-28,4600,4655,4495,4585,410898,-0.005422993492407824
2022-06-29,4590,4860,4505,4505,1775800,-0.017448200654307522
2022-06-30,4505,4510,4270,4280,434506,-0.049944506104328545
2022-07-01,4260,4320,4015,4100,507407,-0.04205607476635509
2022-07-04,4080,4185,3990,4090,428652,-0.0024390243902439046
2022-07-05,4065,4230,4065,4200,271448,0.02689486552567244
2022-07-06,4155,4160,4040,4090,255516,-0.02619047619047621
2022-07-07,4160,4575,4160,4270,3817413,0.044009779951100336
2022-07-08,4270,4385,4245,4350,443549,0.0187353629976581
2022-07-11,4390,4480,4255,4410,514584,0.01379310344827589
2022-07-12,4450,4450,4200,4225,476780,-0.04195011337868482
2022-07-13,4170,4290,4150,4255,271214,0.007100591715976323
2022-07-14,4260,4290,4160,4170,279376,-0.0199764982373678
2022-07-15,4140,4185,3995,4100,333475,-0.016786570743405282
2022-07-18,4125,4215,4095,4210,198213,0.02682926829268295
2022-07-19,4210,4290,4150,4290,238306,0.019002375296912177
2022-07-20,4340,4345,4235,4280,267321,-0.002331002331002363
2022-07-21,4285,4295,4220,4255,201018,-0.005841121495327117
2022-07-22,4225,4255,4190,4225,217260,-0.007050528789659172
2022-07-25,4225,4235,4170,4175,169358,-0.011834319526627168
2022-07-26,4145,4985,4140,4585,16273108,0.09820359281437119
2022-07-27,4530,4635,4485,4585,1452567,0.0
2022-07-28,4565,4645,4530,4630,843447,0.009814612868048078
2022-07-29,4630,4635,4555,4580,398710,-0.010799136069114423
2022-08-01,4590,4625,4430,4490,437214,-0.01965065502183405
2022-08-02,4500,4520,4415,4430,282469,-0.013363028953229383
2022-08-03,4440,4785,4435,4560,2091894,0.02934537246049662
2022-08-04,4560,4650,4480,4610,421963,0.010964912280701844
2022-08-05,4620,4650,4575,4575,332959,-0.007592190889370909
2022-08-08,4575,4575,4475,4550,230532,-0.005464480874316946
2022-08-09,4505,4575,4500,4555,142161,0.001098901098901095
2022-08-10,4505,4610,4460,4505,319816,-0.010976948408342513
2022-08-11,4535,4675,4510,4605,546109,0.02219755826859049
2022-08-12,4605,4720,4560,4680,494183,0.016286644951140072
2022-08-16,4695,4695,4620,4640,234238,-0.008547008547008517
2022-08-17,4640,4810,4540,4710,1014972,0.015086206896551824
2022-08-18,4800,4875,4665,4690,791652,-0.00424628450106157
2022-08-19,4725,4850,4700,4755,625685,0.013859275053304865
2022-08-22,4810,5140,4805,4890,5931996,0.028391167192429068
2022-08-23,4815,5010,4650,4700,1195410,-0.03885480572597133
2022-08-24,4760,4785,4560,4595,555928,-0.022340425531914843
2022-08-25,4600,4735,4600,4730,307828,0.029379760609357986
2022-08-26,4730,4900,4700,4780,539475,0.010570824524312794
2022-08-29,4720,4860,4610,4830,511001,0.010460251046025215
2022-08-30,4860,4880,4700,4750,369166,-0.0165631469979296
2022-08-31,4795,4910,4700,4880,509074,0.027368421052631486
2022-09-01,4870,4990,4740,4740,642403,-0.02868852459016391
2022-09-02,4750,4850,4625,4650,171943,-0.01898734177215189
2022-09-05,4650,4840,4515,4610,315347,-0.008602150537634357
2022-09-06,4610,4810,4525,4810,279910,0.04338394793926237
2022-09-07,4810,4810,4620,4675,190480,-0.028066528066528096
2022-09-08,4680,4950,4605,4625,675818,-0.010695187165775444
2022-09-13,4640,4680,4585,4670,165870,0.00972972972972963
2022-09-14,4500,4705,4490,4645,284907,-0.005353319057815886
2022-09-15,4685,4685,4580,4595,157463,-0.01076426264800856
2022-09-16,4605,4625,4500,4535,151221,-0.01305767138193692
2022-09-19,4575,5100,4530,4530,7243112,-0.0011025358324145973
2022-09-20,4475,4570,4375,4460,689285,-0.015452538631346546
2022-09-21,4470,4650,4470,4485,708600,0.005605381165919354
2022-09-22,4490,4920,4490,4755,2705370,0.06020066889632103
2022-09-23,4780,4805,4385,4435,1095713,-0.06729758149316512
2022-09-26,4390,4525,4220,4220,523068,-0.04847801578354005
2022-09-27,4165,4250,3970,4160,411468,-0.014218009478673022
2022-09-28,4125,4345,3975,4005,478551,-0.03725961538461542
2022-09-29,4055,4165,4010,4010,228403,0.0012484394506866447
2022-09-30,4000,4080,3895,3995,275949,-0.0037406483790524137
2022-10-04,4020,4190,4005,4170,282766,0.04380475594493127
2022-10-05,4200,4480,4140,4340,565007,0.04076738609112707
2022-10-06,4460,4460,4285,4315,239693,-0.005760368663594417
2022-10-07,4305,4390,4295,4345,192851,0.006952491309385911
2022-10-11,4355,4480,4345,4395,338757,0.011507479861910141
2022-10-12,4310,4480,4260,4400,163192,0.0011376564277587597
2022-10-13,4350,4400,4145,4195,266007,-0.04659090909090913
2022-10-14,4205,4260,4180,4190,121529,-0.0011918951132300348
2022-10-17,4120,4150,4030,4060,189028,-0.031026252983293534
2022-10-18,4070,4095,4020,4030,168783,-0.007389162561576401
2022-10-19,4035,4095,4000,4025,163357,-0.001240694789081842
2022-10-20,4010,4025,3935,3965,160211,-0.014906832298136607
2022-10-21,3925,3955,3830,3830,199772,-0.034047919293820894
2022-10-24,3840,3910,3800,3840,253404,0.0026109660574411553
2022-10-25,3820,3900,3770,3840,167937,0.0
2022-10-26,3850,3855,3735,3740,175981,-0.02604166666666663
2022-10-27,3725,3790,3725,3755,119688,0.00401069518716568
2022-10-28,3735,3760,3710,3725,126623,-0.007989347536617841
2022-10-31,3850,4040,3795,3835,372892,0.029530201342281792
2022-11-01,3840,3945,3835,3865,204183,0.007822685788787531
2022-11-02,3860,3890,3840,3870,108022,0.001293661060802087
2022-11-03,3800,3855,3750,3780,156798,-0.023255813953488413
2022-11-04,3780,3865,3780,3860,115178,0.021164021164021163
2022-11-07,3870,3910,3830,3885,109662,0.006476683937823857
2022-11-08,3885,3955,3875,3930,187008,0.01158301158301156
2022-11-09,3960,3965,3925,3940,127000,0.0025445292620864812
2022-11-10,3940,4010,3910,3975,167050,0.008883248730964466
2022-11-11,4060,4065,3940,3970,192728,-0.0012578616352201255
2022-11-14,3950,4040,3930,4000,202397,0.007556675062972307
2022-11-15,3980,4105,3955,4055,187705,0.013749999999999929
2022-11-16,4100,4220,4070,4100,282181,0.011097410604192337
2022-11-17,4065,4120,4000,4100,117956,0.0
2022-11-18,4100,4185,4065,4140,147967,0.009756097560975618
2022-11-21,4115,4170,4025,4095,140626,-0.010869565217391353
2022-11-22,4060,4240,4060,4185,205336,0.0219780219780219
2022-11-23,4185,4265,4180,4215,104235,0.007168458781362075
2022-11-24,4250,4290,4220,4265,117839,0.011862396204033177
2022-11-25,4265,4330,4240,4290,76278,0.0058616647127784915
2022-11-28,4300,4370,4255,4285,139218,-0.0011655011655011815
2022-11-29,4250,4420,4250,4410,160602,0.029171528588098017
2022-11-30,4400,4545,4400,4520,163038,0.024943310657596474
2022-12-01,4560,4665,4550,4620,233819,0.022123893805309658
2022-12-02,4620,4695,4615,4675,121004,0.011904761904761862
2022-12-05,4690,4805,4690,4750,217473,0.016042780748663166
2022-12-06,4725,4830,4645,4660,257799,-0.0189473684210526
2022-12-07,4630,4825,4605,4805,230298,0.0311158798283262
2022-12-08,4755,4930,4755,4890,306268,0.01768990634755463
2022-12-09,4850,4975,4755,4810,300251,-0.01635991820040905
2022-12-12,4755,4920,4750,4865,166902,0.011434511434511352
2022-12-13,4815,4955,4815,4930,190366,0.013360739979445091
2022-12-14,4920,4995,4780,4845,191114,-0.017241379310344862
2022-12-15,4840,4840,4625,4700,163771,-0.029927760577915352
2022-12-16,4575,4655,4450,4490,101367,-0.044680851063829796
2022-12-19,4490,4515,4425,4505,58753,0.0033407572383072903
2022-12-20,4450,4615,4450,4480,77349,-0.005549389567147567
2022-12-21,4500,4565,4475,4540,35566,0.013392857142857206
2022-12-22,4540,4600,4540,4550,30736,0.0022026431718060735
2022-12-23,4450,4550,4350,4350,70383,-0.04395604395604391
2022-12-26,4365,4365,4175,4180,91285,-0.039080459770114984
2022-12-27,4150,4295,4150,4210,46672,0.0071770334928229484
2022-12-28,4200,4225,4145,4160,39566,-0.01187648456057011
2022-12-29,4150,4150,3940,4025,146515,-0.03245192307692313
2023-01-02,4015,4075,3935,3955,40235,-0.017391304347826098
2023-01-03,3805,4055,3805,3925,211519,-0.007585335018963302
2023-01-04,3900,4240,3900,4000,123309,0.019108280254777066
2023-01-05,3995,4090,3995,4020,44345,0.004999999999999893
2023-01-06,3950,4070,3950,4050,31183,0.00746268656716409
2023-01-09,4120,4160,4075,4155,42819,0.025925925925925908
2023-01-10,4155,4200,4090,4130,47202,-0.006016847172081841
2023-01-11,4105,4185,4105,4140,27555,0.002421307506053294
2023-01-12,4190,4190,4080,4115,48344,-0.006038647342995196
2023-01-13,4165,4165,4065,4110,35781,-0.0012150668286755595
2023-01-16,4150,4155,4100,4140,54951,0.007299270072992803
2023-01-17,4155,4165,4080,4100,61816,-0.009661835748792313
2023-01-18,4135,4135,4070,4070,43187,-0.007317073170731714
2023-01-19,4100,4100,4000,4050,40194,-0.004914004914004955
2023-01-20,4075,4075,3950,4000,86553,-0.012345679012345734
2023-01-25,4015,4060,4005,4035,50684,0.008750000000000036
2023-01-26,4030,4170,4030,4130,110445,0.023543990086740907
2023-01-27,4210,4210,4110,4145,105585,0.00363196125907983
2023-01-30,4195,4205,4110,4115,82453,-0.007237635705669487
2023-01-31,4160,4160,4070,4070,52821,-0.010935601458080146
2023-02-01,4120,4125,4065,4075,54697,0.0012285012285011554
2023-02-02,4100,4180,4075,4160,116067,0.020858895705521574
2023-02-03,4200,4200,4105,4105,96898,-0.013221153846153855
2023-02-06,4075,4125,4070,4115,35945,0.0024360535931791105
2023-02-07,4110,4120,4050,4075,127801,-0.009720534629404587
2023-02-08,4105,4105,4060,4085,73233,0.0024539877300613355
2023-02-09,4085,4085,4030,4060,147802,-0.006119951040391647
2023-02-10,4030,4035,3965,4010,130562,-0.012315270935960632
2023-02-13,4010,4060,4000,4020,58276,0.0024937655860348684
2023-02-14,4020,4045,4020,4020,56108,0.0
2023-02-15,4020,4025,3905,3910,184535,-0.027363184079602032
2023-02-16,3930,3950,3910,3945,56691,0.008951406649616356
2023-02-17,3895,3960,3890,3955,41442,0.0025348542458809575
2023-02-20,3910,4070,3910,4015,102545,0.015170670037926604
2023-02-21,4000,4045,3985,4025,46054,0.00249066002490661
2023-02-22,4025,4085,3985,4025,139400,0.0
2023-02-23,4025,4025,3950,3950,103565,-0.018633540372670843
2023-02-24,3950,3985,3905,3920,101407,-0.0075949367088608
2023-02-27,3920,3920,3835,3860,78512,-0.015306122448979553
2023-02-28,3845,3900,3845,3900,43093,0.010362694300518172
2023-03-02,3880,3905,3860,3885,45602,-0.0038461538461538325
2023-03-03,3885,3990,3870,3950,81851,0.016731016731016624
2023-03-06,3920,3980,3920,3970,44320,0.005063291139240533
2023-03-07,3935,3985,3920,3975,59674,0.0012594458438286438
2023-03-08,3955,3970,3920,3965,59739,-0.002515723270440251
2023-03-09,3970,3980,3910,3975,50829,0.0025220680958386588
2023-03-10,3905,3945,3885,3890,60504,-0.021383647798742134
2023-03-13,3830,3860,3750,3840,108495,-0.01285347043701801
2023-03-14,3775,3805,3660,3685,149289,-0.04036458333333337
2023-03-15,3760,3775,3725,3770,49353,0.023066485753052923
2023-03-16,3695,3725,3625,3695,109806,-0.019893899204244003
2023-03-17,3695,3820,3690,3805,45515,0.02976995940460081
2023-03-20,3805,3850,3795,3810,30584,0.0013140604467805073
2023-03-21,3795,3850,3750,3770,50324,-0.01049868766404205
2023-03-22,3770,3810,3730,3765,44537,-0.0013262599469495706
2023-03-23,3720,3760,3655,3675,128434,-0.0239043824701195
2023-03-24,3655,3685,3635,3685,44990,0.0027210884353741083
2023-03-27,3685,3685,3600,3665,67430,-0.005427408412483015
2023-03-28,3630,3725,3630,3680,60787,0.004092769440654953
2023-03-29,3685,3730,3675,3730,50932,0.013586956521739024
2023-03-30,3740,3785,3715,3770,95086,0.01072386058981234
2023-03-31,3755,3850,3725,3835,106663,0.01724137931034475
2023-04-03,3820,3845,3785,3785,59474,-0.013037809647979182
2023-04-04,3755,3800,3740,3790,80676,0.0013210039630118242
2023-04-05,3790,3820,3735,3805,97068,0.003957783641160839
2023-04-06,3775,3800,3690,3715,100184,-0.023653088042049908
2023-04-07,3715,3730,3670,3680,78260,-0.009421265141319024
2023-04-10,3680,3680,3580,3625,112555,-0.014945652173913082
2023-04-11,3595,3670,3590,3635,59245,0.0027586206896552667
2023-04-12,3625,3695,3615,3690,88129,0.015130674002751032
2023-04-13,3700,3735,3645,3725,61300,0.009485094850948617
2023-04-14,3735,3785,3715,3760,77946,0.00939597315436247
2023-04-17,3800,3805,3725,3795,80500,0.009308510638297962
2023-04-18,3770,3790,3730,3765,83441,-0.007905138339920903
2023-04-19,3765,3820,3755,3810,116712,0.01195219123505975
2023-04-20,3815,3995,3790,3905,680776,0.02493438320209984
2023-04-21,3860,4090,3790,4005,792550,0.025608194622279035
2023-04-24,4090,4090,3795,3870,363275,-0.0337078651685393
2023-04-25,3805,3855,3680,3705,173718,-0.04263565891472865
2023-04-26,3660,3955,3655,3905,348317,0.053981106612685625
2023-04-27,3905,3925,3770,3780,162782,-0.03201024327784896
2023-04-28,3780,4740,3640,4260,13718079,0.12698412698412698
2023-05-02,4285,4500,4190,4225,2892101,-0.008215962441314506
2023-05-03,4160,4265,4105,4130,856205,-0.022485207100591764
2023-05-04,4150,4840,3980,4365,12573360,0.056900726392251855
2023-05-08,4290,4575,4220,4445,2704909,0.01832760595647187
2023-05-09,4505,4540,4155,4225,1042289,-0.04949381327334079
2023-05-10,4350,4370,4155,4225,513154,0.0
2023-05-11,4275,4595,4270,4315,1844262,0.02130177514792897
2023-05-12,4365,4390,4110,4140,542596,-0.04055619930475085
2023-05-15,4140,4220,4065,4085,330453,-0.01328502415458932
2023-05-16,4070,4350,4060,4270,1112908,0.04528763769889843
2023-05-17,4380,4385,4100,4240,589540,-0.007025761124121788
2023-05-18,4135,4145,4065,4090,399386,-0.035377358490566
2023-05-19,4120,4175,4040,4100,266092,0.0024449877750611915
2023-05-22,4145,4270,4100,4270,364755,0.04146341463414638
2023-05-23,4225,4250,4165,4165,196542,-0.024590163934426257
2023-05-24,4180,4480,4160,4290,1690571,0.03001200480192079
2023-05-25,4260,4420,4180,4185,682117,-0.02447552447552448
2023-05-26,4215,4215,4065,4095,300522,-0.021505376344086002
2023-05-30,4100,4115,4015,4020,162886,-0.01831501831501836
2023-05-31,4020,4100,4005,4035,90033,0.003731343283582156
2023-06-01,4035,4045,3995,4000,116025,-0.008674101610904539
2023-06-02,4010,4085,4000,4030,109364,0.007500000000000062
2023-06-05,4090,4135,4045,4115,121203,0.021091811414392092
2023-06-07,4100,4195,4100,4150,165162,0.008505467800729027
2023-06-08,4240,4310,4095,4100,394556,-0.012048192771084376
2023-06-09,4140,4320,4120,4140,349716,0.009756097560975618
2023-06-12,4185,4190,4100,4115,105265,-0.006038647342995196
2023-06-13,4175,4180,4070,4095,128819,-0.004860267314702349
2023-06-14,4080,4150,4045,4085,241347,-0.0024420024420024333
2023-06-15,4110,4255,4080,4140,422257,0.01346389228886169
2023-06-16,4135,4240,4135,4220,236805,0.019323671497584627
2023-06-19,4285,4310,4190,4210,246339,-0.0023696682464454666
2023-06-20,4215,4220,4105,4115,144820,-0.0225653206650831
2023-06-21,4115,4130,4065,4085,109114,-0.007290400972053468
2023-06-22,4115,4220,4050,4090,190802,0.001223990208078396
2023-06-23,4100,4130,3895,3920,317092,-0.041564792176039145
2023-06-26,3925,3930,3840,3880,107583,-0.010204081632653073
2023-06-27,3870,3920,3845,3875,93236,-0.0012886597938144284
2023-06-28,3875,3935,3840,3870,56433,-0.001290322580645209
2023-06-29,3870,3910,3770,3780,135241,-0.023255813953488413
2023-06-30,3830,3860,3755,3860,64960,0.021164021164021163
2023-07-03,3875,3920,3835,3920,56518,0.015544041450777257
2023-07-04,3900,3930,3805,3865,92795,-0.014030612244897989
2023-07-05,3850,3860,3800,3815,102062,-0.012936610608020649
2023-07-06,3815,3815,3700,3735,135077,-0.020969855832241202
2023-07-07,3705,3740,3700,3705,60022,-0.008032128514056214
2023-07-10,3745,3795,3655,3795,58709,0.02429149797570851
2023-07-11,3750,3845,3730,3740,89451,-0.01449275362318836
2023-07-12,3760,3765,3715,3730,45462,-0.002673796791443861
2023-07-13,3730,3775,3730,3775,75460,0.012064343163538771
2023-07-14,3795,3860,3730,3840,117257,0.017218543046357615
2023-07-17,3810,3830,3765,3820,63720,-0.00520833333333337
2023-07-18,3900,3990,3780,3800,250465,-0.005235602094240788
2023-07-19,3820,3830,3720,3740,100515,-0.015789473684210575
2023-07-20,3775,3860,3750,3795,148307,0.014705882352941124
2023-07-21,3770,3820,3740,3755,78097,-0.010540184453227908
2023-07-24,3745,3755,3610,3635,151261,-0.031957390146471365
2023-07-25,3635,3685,3580,3600,141704,-0.009628610729023435
2023-07-26,3620,3640,3360,3390,310284,-0.05833333333333335
2023-07-27,3335,3530,3335,3470,64587,0.02359882005899716
2023-07-28,3345,3570,3345,3540,66698,0.020172910662824117
2023-07-31,3535,3625,3515,3615,47564,0.021186440677966045
2023-08-01,3615,3640,3580,3595,34111,-0.0055325034578146415
2023-08-02,3585,3660,3545,3605,82364,0.0027816411682892728
2023-08-03,3605,3605,3505,3550,68786,-0.015256588072122046
2023-08-04,3525,3620,3525,3550,29287,0.0
2023-08-07,3570,3700,3530,3595,62678,0.012676056338028152
2023-08-08,3585,3630,3510,3545,61082,-0.013908205841446475
2023-08-09,3545,3585,3480,3585,73966,0.01128349788434413
2023-08-10,3610,3700,3535,3680,96271,0.02649930264993028
2023-08-11,3680,3720,3640,3700,40545,0.005434782608695565
2023-08-14,3665,3795,3660,3675,51592,-0.006756756756756799
2023-08-16,3655,3665,3575,3595,54948,-0.0217687074829932
2023-08-17,3510,3565,3460,3545,61682,-0.013908205841446475
2023-08-18,3525,3535,3460,3500,48366,-0.012693935119887145
2023-08-21,3500,3535,3480,3495,29711,-0.0014285714285714457
2023-08-22,3515,3710,3500,3670,185618,0.05007153075822601
2023-08-23,3670,3690,3605,3645,83189,-0.006811989100817484
2023-08-24,3650,3665,3595,3620,44794,-0.006858710562414272
2023-08-25,3695,3850,3630,3675,362420,0.015193370165745845
2023-08-28,3715,3775,3695,3710,91923,0.00952380952380949
2023-08-29,3710,3735,3675,3695,49785,-0.0040431266846361336
2023-08-30,3715,3720,3655,3680,41177,-0.004059539918809252
2023-08-31,3680,3720,3625,3625,89593,-0.014945652173913082
2023-09-01,3645,3645,3585,3600,40891,-0.006896551724137945
2023-09-04,3600,3620,3560,3580,39515,-0.005555555555555536
2023-09-05,3580,3635,3560,3570,34096,-0.0027932960893854997
2023-09-06,3550,3580,3540,3550,21440,-0.0056022408963585235
2023-09-07,3540,3585,3515,3525,55460,-0.007042253521126751
2023-09-08,3580,3895,3525,3585,1643317,0.017021276595744705
2023-09-11,3585,3600,3520,3580,119337,-0.001394700139469962
2023-09-12,3580,3595,3525,3530,100412,-0.013966480446927387
2023-09-13,3525,3580,3500,3550,108528,0.0056657223796034994
2023-09-14,3550,3560,3515,3530,58721,-0.005633802816901401
2023-09-15,3515,3570,3515,3540,73230,0.0028328611898016387
2023-09-18,3505,3535,3500,3510,50826,-0.008474576271186418
2023-09-19,3495,3510,3460,3465,90569,-0.012820512820512775
2023-09-20,3465,3485,3425,3430,42196,-0.010101010101010055
2023-09-21,3410,3430,3360,3385,67653,-0.013119533527696792
2023-09-22,3320,3380,3295,3370,47911,-0.004431314623338234
2023-09-25,3315,3370,3295,3320,95028,-0.014836795252225476
2023-09-26,3320,3335,3240,3250,65658,-0.02108433734939763
2023-09-27,3200,3275,3185,3270,35415,0.006153846153846176
2023-10-04,3225,3270,3100,3140,63918,-0.03975535168195721
2023-10-05,3160,3190,3105,3105,55923,-0.011146496815286677
2023-10-06,3045,3160,3045,3145,32637,0.012882447665056418
2023-10-10,3115,3240,3115,3180,75964,0.0111287758346581
2023-10-11,3155,3295,3155,3250,49679,0.022012578616352307
2023-10-12,3265,3325,3235,3235,19937,-0.004615384615384577
2023-10-13,3235,3600,3235,3310,741649,0.023183925811437467
2023-10-16,3345,3375,3255,3280,95744,-0.009063444108761365
2023-10-17,3270,3310,3250,3265,48686,-0.004573170731707266
2023-10-18,3195,3290,3195,3225,71275,-0.01225114854517606
2023-10-19,3180,3225,3155,3165,74093,-0.018604651162790753
2023-10-20,3115,3160,3060,3090,77935,-0.023696682464455
2023-10-23,3090,3190,3050,3060,75010,-0.009708737864077666
2023-10-24,3045,3120,2975,3120,80400,0.019607843137254832
2023-10-25,3120,3290,3080,3275,72943,0.049679487179487225
2023-10-26,3200,3260,3105,3150,50729,-0.03816793893129766
2023-10-27,3135,3150,3060,3065,49822,-0.026984126984127
2023-10-30,3190,3200,3065,3195,46335,0.04241435562805873
2023-10-31,3200,3325,3100,3125,31585,-0.021909233176838794
2023-11-01,3130,3250,3130,3145,20073,0.006399999999999961
2023-11-02,3145,3260,3145,3220,26702,0.0238473767885532
2023-11-03,3250,3300,3220,3270,29087,0.01552795031055898
2023-11-06,3290,3315,3075,3240,60384,-0.00917431192660545
2023-11-07,3305,3330,3200,3240,43398,0.0
2023-11-08,3240,3260,3150,3190,34580,-0.015432098765432056
2023-11-09,3225,3300,3150,3175,28918,-0.00470219435736674
2023-11-10,3175,3175,3100,3150,27809,-0.007874015748031482
2023-11-13,3160,3220,3100,3150,32961,0.0
2023-11-14,3145,3220,3145,3200,17465,0.015873015873015817
2023-11-15,3245,3265,3220,3235,41030,0.010937500000000044
2023-11-16,3235,3295,3230,3280,38670,0.01391035548686248
2023-11-17,3295,3295,3220,3255,25390,-0.007621951219512146
2023-11-20,3250,3305,3225,3260,73453,0.001536098310291889
2023-11-21,3260,3320,3245,3305,54952,0.013803680981595123
2023-11-22,3305,3305,3275,3305,11907,0.0
2023-11-23,3305,3320,3285,3310,37152,0.001512859304084735
2023-11-24,3340,3340,3250,3280,72934,-0.009063444108761365
2023-11-27,3250,3280,3190,3235,88807,-0.013719512195121908
2023-11-28,3215,3245,3145,3180,94187,-0.01700154559505407
2023-11-29,3180,3210,3125,3210,99483,0.009433962264151052
2023-11-30,3195,3210,3140,3170,79974,-0.012461059190031154
2023-12-01,3170,3200,3120,3160,114002,-0.003154574132492094
2023-12-04,3160,3180,3140,3175,32258,0.004746835443038
2023-12-05,3175,3240,3175,3220,66436,0.014173228346456623
2023-12-06,3215,3270,3205,3265,76058,0.013975155279503104
2023-12-07,3260,3285,3220,3270,5383966,0.0015313935681469104
2023-12-08,3285,3420,3275,3380,259833,0.033639143730886945
2023-12-11,3380,3450,3355,3405,115371,0.007396449704142105
2023-12-12,3405,3510,3405,3475,188503,0.0205580029368575
2023-12-13,3450,3565,3430,3520,184713,0.012949640287769792
2023-12-14,3565,3605,3525,3580,231802,0.017045454545454586
2023-12-15,3545,3650,3545,3605,171890,0.006983240223463749
2023-12-18,3575,3665,3570,3630,115129,0.006934812760055475
2023-12-19,3605,3670,3525,3570,119001,-0.016528925619834656
2023-12-20,3540,3610,3520,3520,47717,-0.014005602240896309
2023-12-21,3520,3530,3470,3530,63745,0.0028409090909091717
2023-12-22,3510,3560,3510,3550,34486,0.0056657223796034994
2023-12-26,3550,3590,3525,3590,54172,0.011267605633802802
2023-12-27,3550,3590,3550,3575,45374,-0.004178272980501441
2023-12-28,3575,3645,3575,3620,51120,0.012587412587412583
2024-01-02,3620,3635,3505,3595,45584,-0.006906077348066253
2024-01-03,3595,3600,3480,3595,27064,0.0
2024-01-04,3535,3610,3520,3575,38357,-0.0055632823365785455
2024-01-05,3575,3595,3540,3575,15090,0.0
2024-01-08,3590,3590,3330,3560,40086,-0.004195804195804231
2024-01-09,3560,3565,3490,3565,34392,0.001404494382022392
2024-01-10,3565,3565,3430,3470,63121,-0.02664796633941091
2024-01-11,3430,3465,3430,3465,31783,-0.0014409221902017544
2024-01-12,3465,3470,3410,3440,37814,-0.00721500721500723
2024-01-15,3440,3465,3390,3430,49718,-0.0029069767441860517
2024-01-16,3400,3430,3330,3365,43915,-0.01895043731778423
2024-01-17,3320,3385,3235,3340,75922,-0.007429420505200568
2024-01-18,3350,3680,3310,3310,796961,-0.008982035928143728
2024-01-19,3310,3435,3300,3430,145910,0.03625377643504524
2024-01-22,3470,3470,3355,3380,59011,-0.014577259475218707
2024-01-23,3355,3415,3345,3395,40755,0.004437869822485174
2024-01-24,3380,3405,3350,3400,34733,0.0014727540500736325
2024-01-25,3400,3410,3345,3395,31095,-0.0014705882352941124
2024-01-26,3370,3430,3360,3360,30202,-0.010309278350515427
2024-01-29,3330,3385,3315,3365,34152,0.0014880952380953438
2024-01-30,3330,3390,3330,3360,41404,-0.0014858841010401136
2024-01-31,3360,3395,3290,3360,46122,0.0
2024-02-01,3310,3360,3310,3345,48917,-0.004464285714285698
2024-02-02,3310,3410,3310,3405,32279,0.017937219730941756
2024-02-05,3400,3450,3370,3430,42774,0.007342143906020615
2024-02-06,3405,3450,3390,3430,64616,0.0
2024-02-07,3415,3455,3365,3410,38341,-0.005830903790087438
2024-02-08,3425,3555,3380,3500,116829,0.02639296187683282
2024-02-13,3480,3590,3440,3540,116219,0.011428571428571344
2024-02-14,3490,3535,3475,3535,38068,-0.0014124293785310327
2024-02-15,3500,3540,3465,3485,69686,-0.014144271570014189
2024-02-16,3485,3505,3450,3490,29621,0.0014347202295552641
2024-02-19,3450,3510,3450,3490,27849,0.0
2024-02-20,3480,3530,3455,3510,21224,0.005730659025787954
2024-02-21,3460,3495,3435,3470,35978,-0.01139601139601143
2024-02-22,3505,3505,3405,3490,31636,0.0057636887608070175
2024-02-23,3495,3500,3450,3480,47834,-0.002865329512893977
2024-02-26,3480,3750,3380,3650,597382,0.04885057471264376
2024-02-27,3525,3585,3455,3585,255826,-0.017808219178082174
2024-02-28,3585,3600,3520,3560,68572,-0.006973500697350032
2024-02-29,3560,3575,3495,3550,61377,-0.002808988764044895
2024-03-04,3520,3580,3500,3535,59931,-0.004225352112676051
2024-03-05,3545,3575,3480,3530,47848,-0.0014144271570014633
2024-03-06,3510,3530,3450,3450,64521,-0.022662889518413554
2024-03-07,3450,3480,3380,3420,61376,-0.008695652173912993
2024-03-08,3390,3640,3380,3590,190653,0.04970760233918137
2024-03-11,3610,3850,3595,3710,566164,0.03342618384401108
2024-03-12,3710,3805,3675,3770,188019,0.016172506738544534
2024-03-13,3740,3780,3655,3700,134354,-0.018567639257294433
2024-03-14,3660,3740,3615,3700,43607,0.0
2024-03-15,3655,3760,3655,3755,139905,0.014864864864864824
2024-03-18,3755,3790,3690,3770,74930,0.003994673768308976
2024-03-19,3825,3855,3715,3745,201283,-0.006631299734747964
2024-03-20,3710,3815,3710,3800,72745,0.014686248331108098
2024-03-21,3790,3840,3720,3755,157936,-0.011842105263157876
2024-03-22,3770,3770,3680,3755,59727,0.0
2024-03-25,3730,3910,3700,3845,290380,0.023968042609853635
2024-03-26,3810,3940,3785,3890,183073,0.011703511053315907
2024-03-27,3880,3890,3775,3835,135240,-0.014138817480719768
2024-03-28,3835,3835,3725,3750,106914,-0.022164276401564487
2024-03-29,3750,3755,3650,3680,108721,-0.01866666666666672
2024-04-01,3655,3810,3655,3800,71149,0.032608695652173836
2024-04-02,3800,3800,3705,3745,81249,-0.014473684210526305
2024-04-03,3740,3740,3665,3700,55363,-0.012016021361815787
2024-04-04,3670,3780,3660,3740,97926,0.0108108108108107
2024-04-05,3705,3735,3690,3735,31099,-0.0013368983957219305
2024-04-08,3740,3740,3675,3735,49286,0.0
2024-04-09,3735,3735,3640,3640,70668,-0.025435073627844695
2024-04-11,3605,3655,3530,3570,67040,-0.019230769230769273
2024-04-12,3550,3720,3550,3695,58411,0.035014005602240994
2024-04-15,3660,3740,3620,3725,51445,0.008119079837618504
2024-04-16,3710,3710,3565,3690,163716,-0.00939597315436247
2024-04-17,3695,3850,3640,3760,126088,0.01897018970189701
2024-04-18,3750,4040,3750,4015,469687,0.06781914893617014
2024-04-19,3975,4000,3855,3905,161255,-0.0273972602739726
2024-04-22,3905,4060,3880,3985,288819,0.020486555697823317
2024-04-23,4030,4345,3970,3985,1121601,0.0
2024-04-24,3980,4030,3900,3965,135508,-0.005018820577164407
2024-04-25,3955,4155,3945,4120,253526,0.0390920554854981
2024-04-26,4085,4115,4030,4075,132589,-0.01092233009708743
2024-04-29,4090,4120,4055,4090,95922,0.0036809815950920033
2024-04-30,4100,4195,4100,4155,165502,0.01589242053789741
2024-05-02,4110,4155,4045,4110,78218,-0.010830324909747335
2024-05-03,4100,4170,4050,4080,94167,-0.007299270072992692
2024-05-07,4095,4125,4055,4090,84287,0.002450980392156854
2024-05-08,4105,4105,4030,4100,78686,0.0024449877750611915
2024-05-09,4095,4125,3970,4075,184300,-0.0060975609756097615
2024-05-10,4110,4235,4110,4175,177421,0.024539877300613577
2024-05-13,4175,4210,4070,4130,131735,-0.010778443113772407
2024-05-14,4130,4195,4090,4185,141536,0.013317191283293006
2024-05-16,4185,4200,4110,4175,141635,-0.002389486260453988
2024-05-17,4170,4170,4050,4140,174982,-0.008383233532934131
2024-05-20,4140,4395,4135,4390,360479,0.06038647342995174
2024-05-21,4350,4670,4275,4575,858074,0.04214123006833703
2024-05-22,4575,4650,4515,4580,181688,0.0010928961748633004
2024-05-23,4545,4610,4475,4530,122071,-0.01091703056768556
2024-05-24,4525,4555,4430,4505,165735,-0.0055187637969095205
2024-05-27,4465,4550,4255,4305,341393,-0.04439511653718087
2024-05-28,4305,4340,4285,4305,63624,0.0
2024-05-29,4270,4305,4205,4250,122373,-0.012775842044134733
2024-05-30,4210,4280,4115,4185,189919,-0.015294117647058791
2024-05-31,4130,4330,4130,4250,118403,0.015531660692950977
2024-06-03,4275,4320,4165,4280,54208,0.007058823529411784
2024-06-04,4280,4320,4140,4160,101808,-0.028037383177570097
2024-06-05,4160,4345,4150,4345,100429,0.044471153846153744
2024-06-07,4370,4630,4345,4610,473971,0.06098964326812428
2024-06-10,4605,4810,4490,4775,618299,0.03579175704989157
