Date,Open,High,Low,Close,Volume,Change
2022-01-03,29900,29950,29100,29650,179121,-0.003361344537815114
2022-01-04,29700,29750,28950,29100,167558,-0.018549747048903886
2022-01-05,28850,28900,28000,28050,225438,-0.03608247422680411
2022-01-06,27550,28250,27450,27650,192228,-0.014260249554367221
2022-01-07,27950,28300,27900,28150,79439,0.018083182640144635
2022-01-10,27850,28300,27300,27950,257247,-0.007104795737122527
2022-01-11,28200,28400,27600,28000,158686,0.0017889087656528524
2022-01-12,28400,28600,28200,28450,134519,0.016071428571428514
2022-01-13,28350,28550,27950,28050,101758,-0.01405975395430581
2022-01-14,27650,28300,27650,28150,109407,0.0035650623885918886
2022-01-17,28150,28350,27800,28150,97036,0.0
2022-01-18,28250,28450,27400,27550,122260,-0.02131438721136769
2022-01-19,27000,27550,26600,27000,160460,-0.019963702359346636
2022-01-20,27000,27300,26700,27250,124053,0.0092592592592593
2022-01-21,26800,26800,25800,26300,248877,-0.034862385321100864
2022-01-24,26100,26250,25250,25800,133587,-0.019011406844106515
2022-01-25,25750,26000,25250,25450,166669,-0.013565891472868241
2022-01-26,25350,25600,24650,24900,159256,-0.0216110019646365
2022-01-27,25000,25200,24000,24100,153076,-0.032128514056224855
2022-01-28,24150,25000,23750,24750,139690,0.026970954356846377
2022-02-03,25050,25400,24600,24700,168424,-0.002020202020202033
2022-02-04,24400,25750,24400,25600,157933,0.036437246963562764
2022-02-07,25900,26000,25250,25600,139080,0.0
2022-02-08,25500,25550,24950,25100,125200,-0.01953125
2022-02-09,25350,25900,25350,25700,116079,0.0239043824701195
2022-02-10,25950,26150,25450,25800,115913,0.0038910505836575737
2022-02-11,26000,26650,25450,26050,256714,0.009689922480620172
2022-02-14,25650,25650,24950,25000,132419,-0.040307101727447225
2022-02-15,25050,25250,24750,24800,99897,-0.008000000000000007
2022-02-16,25450,25750,25200,25700,146356,0.03629032258064524
2022-02-17,25700,26300,25450,25800,158479,0.0038910505836575737
2022-02-18,25400,26100,25300,25950,77961,0.005813953488372103
2022-02-21,25500,25950,25100,25950,77188,0.0
2022-02-22,25450,26150,25200,25950,121667,0.0
2022-02-23,26050,26150,25700,26050,95442,0.003853564547206201
2022-02-24,25550,26000,24950,25050,151330,-0.03838771593090207
2022-02-25,25300,25800,25300,25700,88780,0.02594810379241519
2022-02-28,25700,25700,25200,25350,59544,-0.013618677042801508
2022-03-02,25200,25550,25050,25250,72057,-0.0039447731755424265
2022-03-03,25600,26150,25500,25700,145737,0.017821782178217838
2022-03-04,25500,25650,25200,25500,80590,-0.0077821011673151474
2022-03-07,25050,25100,24500,24600,119983,-0.03529411764705881
2022-03-08,24200,24450,23900,24050,91244,-0.022357723577235755
2022-03-10,24650,25150,24350,24700,95601,0.027027027027026973
2022-03-11,24500,24750,24350,24500,44584,-0.0080971659919028
2022-03-14,24500,24650,24150,24250,66955,-0.010204081632653073
2022-03-15,24250,24750,24000,24350,73756,0.004123711340206171
2022-03-16,24600,25200,24600,24950,88714,0.024640657084188833
2022-03-17,25450,26100,25400,25900,193765,0.038076152304609145
2022-03-18,25900,26300,25550,26300,90259,0.015444015444015413
2022-03-21,26500,26500,26150,26150,95006,-0.005703422053231932
2022-03-22,26100,27200,26000,27050,220246,0.03441682600382401
2022-03-23,27400,27450,26850,27150,106941,0.003696857670979714
2022-03-24,27150,27400,26800,27300,80313,0.005524861878453136
2022-03-25,27550,27800,27300,27650,141086,0.012820512820512775
2022-03-28,27800,27800,27150,27200,80458,-0.016274864376130238
2022-03-29,27250,27600,27100,27250,71579,0.0018382352941177516
2022-03-30,27450,27750,27150,27500,107002,0.00917431192660545
2022-03-31,27250,27400,27150,27400,49343,-0.0036363636363636598
2022-04-01,27200,27200,26750,26900,90136,-0.018248175182481785
2022-04-04,26850,26950,26650,26750,50408,-0.005576208178438624
2022-04-05,26900,27800,26900,27800,151413,0.03925233644859816
2022-04-06,27450,27450,26950,27250,113455,-0.01978417266187049
2022-04-07,26950,27550,26700,27450,80212,0.007339449541284404
2022-04-08,27650,27650,26650,27250,98429,-0.007285974499089298
2022-04-11,27250,27250,26300,26350,102264,-0.03302752293577982
2022-04-12,26000,26550,25900,26350,60332,0.0
2022-04-13,26300,27150,26300,27100,74923,0.028462998102466885
2022-04-14,27100,27100,26550,26600,78086,-0.01845018450184499
2022-04-15,26400,26400,25900,26250,97959,-0.013157894736842146
2022-04-18,26050,26800,26000,26700,79356,0.017142857142857126
2022-04-19,27050,28150,26800,28050,398018,0.050561797752809
2022-04-20,28000,28200,27800,28000,115381,-0.0017825311942959443
2022-04-21,28000,28250,27700,28150,103125,0.005357142857142838
2022-04-22,27950,28150,27500,28150,101521,0.0
2022-04-25,27650,27950,27350,27500,112602,-0.023090586145648295
2022-04-26,27800,28350,27500,28300,140953,0.029090909090909056
2022-04-27,27500,27750,27200,27500,153493,-0.028268551236749095
2022-04-28,27700,27800,27350,27750,95186,0.009090909090909038
2022-04-29,27850,28000,27650,28000,84946,0.009009009009008917
2022-05-02,27500,27650,27150,27400,104552,-0.021428571428571463
2022-05-03,27400,27950,27350,27750,150697,0.012773722627737127
2022-05-04,27900,27950,27550,27800,96285,0.0018018018018017834
2022-05-06,27500,27500,26500,26650,161473,-0.04136690647482011
2022-05-09,26500,26650,26100,26300,118092,-0.013133208255159512
2022-05-10,26000,26900,25400,26750,147963,0.017110266159695797
2022-05-11,26750,27650,26400,27600,180633,0.031775700934579376
2022-05-12,27150,27550,26650,26700,144508,-0.03260869565217395
2022-05-13,26750,27400,26750,27150,131587,0.016853932584269593
2022-05-16,27400,27500,26400,26650,116560,-0.018416206261510082
2022-05-17,26550,27300,26550,27300,136226,0.024390243902439046
2022-05-18,27550,27650,26950,27050,98385,-0.009157509157509125
2022-05-19,26300,26950,26250,26900,93045,-0.00554528650646946
2022-05-20,27200,27300,26950,27250,71938,0.013011152416356975
2022-05-23,27600,27700,26800,27050,100715,-0.007339449541284404
2022-05-24,26850,26900,26100,26100,106136,-0.03512014787430684
2022-05-25,26200,26500,25950,26200,88645,0.003831417624521105
2022-05-26,26300,26650,25700,25800,101738,-0.01526717557251911
2022-05-27,26050,26150,25450,25600,111606,-0.007751937984496138
2022-05-30,25900,26050,25800,25900,53027,0.01171875
2022-05-31,25950,25950,25650,25950,81072,0.0019305019305020377
2022-06-02,25650,25700,25200,25250,122358,-0.026974951830443183
2022-06-03,25550,25750,25250,25500,59311,0.00990099009900991
2022-06-07,25400,25600,24750,24750,79124,-0.02941176470588236
2022-06-08,24800,25000,24400,24600,73279,-0.0060606060606061
2022-06-09,24350,24750,24300,24750,75724,0.0060975609756097615
2022-06-10,24500,24600,24350,24350,37522,-0.016161616161616155
2022-06-13,24000,24100,22700,22950,155010,-0.05749486652977409
2022-06-14,22000,22950,22000,22900,146991,-0.002178649237472796
2022-06-15,22700,23000,22100,22250,127997,-0.028384279475982543
2022-06-16,22650,23100,22400,22600,80911,0.01573033707865168
2022-06-17,22000,22500,21700,22500,97352,-0.004424778761061954
2022-06-20,22500,22600,20900,21150,170478,-0.06000000000000005
2022-06-21,21150,21650,21000,21150,99518,0.0
2022-06-22,21300,21300,19650,19900,221211,-0.05910165484633567
2022-06-23,19800,20450,19400,19400,157822,-0.025125628140703515
2022-06-24,19450,20600,19450,20550,103563,0.05927835051546393
2022-06-27,20850,21050,20300,20850,90467,0.014598540145985384
2022-06-28,20800,21050,20450,20800,44962,-0.0023980815347721673
2022-06-29,20400,20650,20050,20400,93234,-0.019230769230769273
2022-06-30,20250,20300,19600,19750,96856,-0.031862745098039214
2022-07-01,19750,20200,19000,19250,129695,-0.025316455696202556
2022-07-04,19200,19350,18550,18900,113831,-0.018181818181818188
2022-07-05,19100,19700,19050,19700,68648,0.042328042328042326
2022-07-06,19600,19600,18850,18850,127983,-0.043147208121827374
2022-07-07,18950,19600,18950,19400,100335,0.02917771883289122
2022-07-08,19700,20200,19600,20000,139448,0.030927835051546282
2022-07-11,19800,20050,19650,19850,66936,-0.007499999999999951
2022-07-12,19700,19700,18600,18750,119621,-0.055415617128463435
2022-07-13,18750,19100,18500,19000,73105,0.01333333333333342
2022-07-14,18700,19300,18650,19050,58895,0.002631578947368318
2022-07-15,19350,19600,18750,19100,86474,0.002624671916010568
2022-07-18,19550,19950,19450,19950,109809,0.04450261780104703
2022-07-19,19700,20500,19400,20450,168297,0.02506265664160412
2022-07-20,21350,21350,20450,20550,152024,0.004889975550122161
2022-07-21,20700,20900,20550,20800,84864,0.012165450121654597
2022-07-22,20950,20950,20450,20500,77154,-0.014423076923076872
2022-07-25,20400,20650,20300,20500,45134,0.0
2022-07-26,20400,20600,20300,20550,77569,0.0024390243902439046
2022-07-27,20550,20950,20450,20750,59164,0.009732360097323589
2022-07-28,21200,21350,20600,20750,88909,0.0
2022-07-29,20900,21150,20750,20900,80141,0.0072289156626506035
2022-08-01,20900,20900,20500,20550,76395,-0.01674641148325362
2022-08-02,20450,20700,20350,20450,51809,-0.0048661800486617945
2022-08-03,20450,20750,20300,20700,65867,0.012224938875305513
2022-08-04,20750,20800,20400,20500,71801,-0.009661835748792313
2022-08-05,20650,20750,20500,20650,46008,0.007317073170731714
2022-08-08,20450,20700,20300,20700,54063,0.002421307506053294
2022-08-09,20500,20600,20150,20450,53705,-0.012077294685990392
2022-08-10,20200,20200,19600,19600,120368,-0.041564792176039145
2022-08-11,19950,20450,19900,20400,88848,0.04081632653061229
2022-08-12,20250,20950,20100,20600,103380,0.009803921568627416
2022-08-16,20600,21300,20600,20950,115010,0.016990291262136026
2022-08-17,20850,21100,20600,20600,45641,-0.01670644391408116
2022-08-18,20300,20850,20200,20700,61368,0.004854368932038833
2022-08-19,20750,20950,20450,20550,64530,-0.007246376811594235
2022-08-22,20300,20350,19800,19850,59841,-0.03406326034063256
2022-08-23,19650,20050,19450,19700,52482,-0.007556675062972307
2022-08-24,19900,20100,19550,19800,54948,0.0050761421319796
2022-08-25,19800,20450,19750,20350,50359,0.02777777777777768
2022-08-26,20550,20800,20300,20400,48608,0.002457002457002533
2022-08-29,19700,19800,19500,19550,63471,-0.04166666666666663
2022-08-30,19550,20050,19100,19650,49995,0.005115089514066584
2022-08-31,19400,20150,19400,19950,64537,0.01526717557251911
2022-09-01,19700,19750,19250,19250,87701,-0.03508771929824561
2022-09-02,19250,19400,19000,19100,65088,-0.007792207792207795
2022-09-05,19050,19200,18700,18900,40728,-0.010471204188481686
2022-09-06,18900,19200,18700,18950,44771,0.002645502645502562
2022-09-07,18800,18800,18450,18650,51325,-0.0158311345646438
2022-09-08,18800,18900,18350,18350,94293,-0.01608579088471851
2022-09-13,18750,19350,18650,19300,76779,0.05177111716621252
2022-09-14,18550,18850,18350,18650,65421,-0.033678756476683946
2022-09-15,18700,18950,18550,18600,26905,-0.002680965147453085
2022-09-16,18500,18500,18100,18100,57196,-0.026881720430107503
2022-09-19,18100,18400,17950,18100,44289,0.0
2022-09-20,18150,18800,18150,18450,58602,0.01933701657458564
2022-09-21,18250,18400,17950,18100,56645,-0.01897018970189701
2022-09-22,17900,17950,17150,17350,88986,-0.04143646408839774
2022-09-23,17350,17400,16850,16950,70736,-0.023054755043227626
2022-09-26,16750,16950,16150,16300,75814,-0.03834808259587019
2022-09-27,16150,16600,15750,16400,94383,0.006134969325153339
2022-09-28,16250,16350,15450,15600,105854,-0.04878048780487809
2022-09-29,15950,16050,15300,15500,82528,-0.0064102564102563875
2022-09-30,15150,15500,15000,15250,76782,-0.016129032258064502
2022-10-04,15700,16150,15650,16100,78462,0.05573770491803276
2022-10-05,16700,16700,15550,15700,86278,-0.024844720496894457
2022-10-06,15800,16350,15700,16350,75470,0.04140127388535042
2022-10-07,16050,16450,15850,16000,74977,-0.021406727828746197
2022-10-11,15450,15550,15050,15100,68948,-0.05625000000000002
2022-10-12,15000,15450,15000,15350,60416,0.01655629139072845
2022-10-13,15200,15300,14800,14850,42212,-0.032573289902280145
2022-10-14,15100,15850,15100,15850,54227,0.06734006734006726
2022-10-17,15400,15800,15300,15750,34591,-0.006309148264984188
2022-10-18,16000,16050,15650,16000,61658,0.015873015873015817
2022-10-19,15950,16100,15500,15550,58338,-0.028124999999999956
2022-10-20,15400,15550,15150,15150,93368,-0.025723472668810254
2022-10-21,15100,15550,15000,15300,76088,0.00990099009900991
2022-10-24,15550,16000,15550,15850,79008,0.03594771241830075
2022-10-25,15700,16350,15700,16250,71749,0.025236593059936974
2022-10-26,16200,16600,16000,16450,81991,0.012307692307692353
2022-10-27,16350,16700,16250,16400,43161,-0.003039513677811523
2022-10-28,16300,16300,15550,15550,63933,-0.05182926829268297
2022-10-31,16050,16150,15800,15900,35448,0.022508038585209
2022-11-01,15900,16700,15800,16350,58434,0.028301886792452935
2022-11-02,16250,16350,16000,16250,35852,-0.006116207951070374
2022-11-03,15900,16050,15750,15850,38736,-0.024615384615384595
2022-11-04,15700,15750,15200,15550,62579,-0.018927444794952675
2022-11-07,15600,17600,15600,17600,312914,0.13183279742765275
2022-11-08,17700,18050,17350,17500,188636,-0.005681818181818232
2022-11-09,17500,17650,17200,17250,85266,-0.014285714285714235
2022-11-10,17250,17400,16900,17050,72399,-0.011594202898550732
2022-11-11,17850,18200,17500,17800,139281,0.04398826979472137
2022-11-14,18300,18900,18000,18350,176425,0.030898876404494402
2022-11-15,18350,18900,18200,18850,91272,0.027247956403269713
2022-11-16,18900,19400,18550,18850,131835,0.0
2022-11-17,18800,18800,18350,18500,80644,-0.018567639257294433
2022-11-18,18500,18850,18350,18400,105894,-0.00540540540540535
2022-11-21,18400,18650,17950,18000,64757,-0.021739130434782594
2022-11-22,17950,18300,17700,17700,41032,-0.01666666666666672
2022-11-23,17900,18350,17900,18150,49601,0.025423728813559254
2022-11-24,18200,18450,18100,18400,39381,0.01377410468319562
2022-11-25,18400,18400,17900,17900,43621,-0.02717391304347827
2022-11-28,17900,17900,17150,17250,82263,-0.03631284916201116
2022-11-29,17350,18000,17250,17950,74554,0.04057971014492745
2022-11-30,17800,18000,17550,17650,298919,-0.01671309192200554
2022-12-01,18150,18450,18050,18100,60884,0.025495750708215192
2022-12-02,17850,17900,17550,17600,51710,-0.027624309392265234
2022-12-05,17600,17950,17550,17750,33140,0.008522727272727293
2022-12-06,17550,17700,17400,17650,30326,-0.005633802816901401
2022-12-07,17450,17600,17000,17150,57305,-0.028328611898016942
2022-12-08,17150,17350,16750,17050,132409,-0.005830903790087438
2022-12-09,17200,17650,17050,17400,75272,0.02052785923753664
2022-12-12,17200,17350,16950,17100,30185,-0.017241379310344862
2022-12-13,17200,18150,17100,17950,57549,0.04970760233918137
2022-12-14,17850,18250,17650,17950,43174,0.0
2022-12-15,17850,17950,17650,17750,27649,-0.011142061281337101
2022-12-16,17300,17650,17250,17300,35564,-0.025352112676056304
2022-12-19,17300,17600,17050,17300,14165,0.0
2022-12-20,17300,17300,16700,16700,40586,-0.034682080924855474
2022-12-21,16850,17050,16600,17000,26318,0.017964071856287456
2022-12-22,17050,17600,17050,17400,59247,0.0235294117647058
2022-12-23,17100,17200,16850,16850,58399,-0.031609195402298895
2022-12-26,16900,17550,16750,17450,51124,0.035608308605341144
2022-12-27,17450,17900,17450,17650,80035,0.011461318051575908
2022-12-28,17100,17400,16550,16600,104043,-0.059490084985835745
2022-12-29,16450,16450,15650,15700,81620,-0.054216867469879526
2023-01-02,15800,15950,15200,15700,50074,0.0
2023-01-03,15600,15900,15200,15650,49213,-0.0031847133757961776
2023-01-04,15500,16650,15500,16550,56007,0.057507987220447365
2023-01-05,16600,16900,16250,16500,40819,-0.0030211480362537513
2023-01-06,16400,17050,16350,17050,68854,0.03333333333333344
2023-01-09,17200,17500,17150,17400,47864,0.02052785923753664
2023-01-10,17100,17600,17050,17350,49384,-0.002873563218390829
2023-01-11,17600,17750,17400,17500,35421,0.008645533141210304
2023-01-12,17550,17600,17100,17250,41773,-0.014285714285714235
2023-01-13,17400,17650,17250,17250,30672,0.0
2023-01-16,17350,17450,17250,17450,18172,0.011594202898550732
2023-01-17,17300,17600,16900,16900,36151,-0.03151862464183386
2023-01-18,16900,17200,16800,17200,29226,0.01775147928994092
2023-01-19,16950,17400,16800,17300,53489,0.005813953488372103
2023-01-20,17100,17550,17100,17250,25564,-0.0028901734104046506
2023-01-25,17520,17870,17520,17680,58778,0.02492753623188415
2023-01-26,17700,17890,17500,17680,37846,0.0
2023-01-27,17990,17990,17700,17910,47365,0.01300904977375561
2023-01-30,18020,18240,17870,17960,72342,0.0027917364600782424
2023-01-31,17850,18080,17620,17650,49489,-0.017260579064588
2023-02-01,17700,18110,17700,17770,42392,0.0067988668555241105
2023-02-02,18300,18390,17880,17930,67725,0.009003939223410251
2023-02-03,17960,18160,17800,17950,65081,0.001115448968209698
2023-02-06,17950,17960,17620,17810,48103,-0.007799442896935904
2023-02-07,17800,18250,17740,18240,66041,0.024143739472206605
2023-02-08,18490,18590,18300,18490,87659,0.013706140350877138
2023-02-09,18310,18470,18160,18440,36876,-0.0027041644131963194
2023-02-10,18100,18430,17900,17970,55204,-0.025488069414316694
2023-02-13,17900,18090,17630,18030,39278,0.0033388981636059967
2023-02-14,18130,18630,18130,18600,110921,0.03161397670549082
2023-02-15,18700,18740,17870,17910,92019,-0.0370967741935484
2023-02-16,18030,18490,18030,18450,59826,0.03015075376884413
2023-02-17,18390,19080,18160,18780,207484,0.01788617886178856
2023-02-20,18780,19180,18430,19120,112442,0.018104366347177825
2023-02-21,19150,19150,18560,18600,102869,-0.027196652719665315
2023-02-22,18240,18520,18160,18430,53775,-0.009139784946236573
2023-02-23,18430,19080,18250,18890,89935,0.024959305480195315
2023-02-24,18970,19140,18420,18590,58692,-0.015881418740074094
2023-02-27,18310,18410,18000,18150,54276,-0.023668639053254448
2023-02-28,18150,18590,18150,18550,47448,0.02203856749311295
2023-03-02,18350,18540,17970,17970,75947,-0.03126684636118593
2023-03-03,17990,18290,17840,18140,61269,0.009460211463550472
2023-03-06,18140,18400,17650,18260,62913,0.006615214994487362
2023-03-07,18270,18270,17960,18090,47920,-0.009309967141292397
2023-03-08,18000,18000,17600,17650,63681,-0.024322830292979547
2023-03-09,17710,17950,17510,17800,65128,0.008498583569405138
2023-03-10,17500,17600,17070,17080,128291,-0.04044943820224722
2023-03-13,17370,18800,17030,18360,285471,0.0749414519906324
2023-03-14,18380,18400,16900,16910,210772,-0.07897603485838778
2023-03-15,17200,18080,17200,17790,163329,0.05204021289178007
2023-03-16,17790,18180,16990,17860,127140,0.003934794828555299
2023-03-17,18290,20650,18290,20650,983256,0.15621500559910406
2023-03-20,20950,21900,20150,20550,677661,-0.004842615012106588
2023-03-21,20600,20600,19900,19970,270825,-0.028223844282238453
2023-03-22,20200,21950,19970,21800,760117,0.09163745618427632
2023-03-23,21600,22800,21500,21900,571314,0.004587155963302836
2023-03-24,22500,23100,21700,22100,648761,0.009132420091324311
2023-03-27,22250,22300,21150,21450,254049,-0.02941176470588236
2023-03-28,21350,21650,21000,21550,347756,0.004662004662004726
2023-03-29,21700,21800,20650,21300,427369,-0.011600928074245953
2023-03-30,21950,22650,21300,21550,468635,0.011737089201877993
2023-03-31,22350,23000,21650,21750,673899,0.009280742459396807
2023-04-03,21850,21850,20650,21150,311974,-0.02758620689655178
2023-04-04,21050,21100,20250,20500,307023,-0.030732860520094607
2023-04-05,20500,21500,20350,21450,294586,0.04634146341463419
2023-04-06,21100,21900,20650,21650,317000,0.00932400932400923
2023-04-07,22100,22700,21950,22250,459330,0.02771362586605086
2023-04-10,22250,22550,21800,22450,270329,0.008988764044943753
2023-04-11,22800,23300,22100,22450,409297,0.0
2023-04-12,22400,22400,21700,22300,208295,-0.006681514476614692
2023-04-13,22250,22400,21900,22250,147666,-0.0022421524663677195
2023-04-14,22600,22800,21900,22150,171842,-0.004494382022471877
2023-04-17,21900,23000,21750,22900,239539,0.0338600451467268
2023-04-18,23150,23150,21650,22150,285429,-0.03275109170305679
2023-04-19,22150,22550,21500,21500,187229,-0.02934537246049662
2023-04-20,21500,22350,21100,21750,228723,0.011627906976744207
2023-04-21,21750,22450,21550,21800,115395,0.0022988505747125743
2023-04-24,21800,22150,21300,21700,122905,-0.004587155963302725
2023-04-25,21500,21950,21000,21350,117139,-0.016129032258064502
2023-04-26,21300,22200,21300,21800,150708,0.021077283372365363
2023-04-27,21900,22000,21300,21900,88784,0.004587155963302836
2023-04-28,22050,22100,21350,21450,90637,-0.020547945205479423
2023-05-02,21500,21550,21050,21450,89496,0.0
2023-05-03,21150,21650,21100,21450,87412,0.0
2023-05-04,21300,21500,20950,21250,65848,-0.009324009324009341
2023-05-08,21300,21950,21200,21700,99940,0.021176470588235352
2023-05-09,21750,21750,20550,21100,165587,-0.027649769585253448
2023-05-10,21100,21100,20450,20750,144959,-0.016587677725118488
2023-05-11,20850,21100,20400,20550,75278,-0.009638554216867434
2023-05-12,20400,20800,20300,20600,60250,0.0024330900243310083
2023-05-15,20450,20600,20000,20400,76676,-0.009708737864077666
2023-05-16,20600,21250,20600,20800,149447,0.019607843137254832
2023-05-17,20650,21100,20600,20850,65618,0.0024038461538462563
2023-05-18,21200,21350,20800,21050,150871,0.00959232613908867
2023-05-19,21500,22500,21450,22500,377144,0.06888361045130642
2023-05-22,22800,22950,22200,22350,244703,-0.00666666666666671
2023-05-23,22300,22350,21950,22300,89522,-0.0022371364653244186
2023-05-24,22000,22400,21850,22050,113091,-0.011210762331838597
2023-05-25,22500,22900,21850,21900,148456,-0.006802721088435382
2023-05-26,22150,22750,22050,22400,181991,0.022831050228310446
2023-05-30,22800,22950,22350,22350,156466,-0.0022321428571429047
2023-05-31,22300,22400,21800,21850,94439,-0.022371364653243853
2023-06-01,21700,22200,21400,22200,76020,0.016018306636155666
2023-06-02,22350,22450,21700,21900,82943,-0.013513513513513487
2023-06-05,22000,22000,21500,21800,74671,-0.004566210045662156
2023-06-07,21800,21950,21350,21550,128543,-0.011467889908256867
2023-06-08,21400,21800,21050,21800,129528,0.011600928074245953
2023-06-09,22000,22350,21650,21950,105710,0.006880733944954143
2023-06-12,22150,22150,21450,22000,141608,0.002277904328018332
2023-06-13,22300,22500,22000,22100,169824,0.00454545454545463
2023-06-14,22300,22300,21450,21650,144345,-0.020361990950226283
2023-06-15,21850,22500,21500,22300,290360,0.03002309468822162
2023-06-16,22400,22450,21600,21950,221108,-0.015695067264574036
2023-06-19,22100,22650,21800,22300,270381,0.015945330296127658
2023-06-20,22200,22200,21250,21700,265918,-0.026905829596412523
2023-06-21,21550,21900,20950,21000,183178,-0.032258064516129004
2023-06-22,20800,21200,20650,20800,84117,-0.00952380952380949
2023-06-23,20900,21150,20700,20850,94954,0.0024038461538462563
2023-06-26,20850,21350,20550,21200,136060,0.01678657074340517
2023-06-27,21300,21600,21000,21250,158606,0.002358490566037652
2023-06-28,21300,21700,21150,21350,142969,0.004705882352941115
2023-06-29,21250,21650,21150,21500,164783,0.007025761124121788
2023-06-30,21500,21500,20700,21300,217055,-0.009302325581395321
2023-07-03,21550,22050,21300,21750,228067,0.021126760563380254
2023-07-04,21800,22050,21450,21950,110928,0.009195402298850519
2023-07-05,22200,22250,21450,21650,188844,-0.013667425968109326
2023-07-06,21450,22050,21050,21450,289476,-0.009237875288683584
2023-07-07,21300,21400,19790,19900,420877,-0.07226107226107226
2023-07-10,19910,19970,19130,19200,242667,-0.035175879396984966
2023-07-11,19520,20450,19480,20400,233905,0.0625
2023-07-12,20450,20700,20100,20400,119918,0.0
2023-07-13,20750,20950,20400,20600,154994,0.009803921568627416
2023-07-14,20950,21600,20750,21000,344303,0.01941747572815533
2023-07-17,21050,24000,20700,23400,1542232,0.11428571428571432
2023-07-18,23300,23300,22500,23250,330146,-0.0064102564102563875
2023-07-19,23250,23250,22200,22500,343301,-0.032258064516129004
2023-07-20,22500,22600,21850,22450,231419,-0.0022222222222222365
2023-07-21,21900,22000,21350,21700,268167,-0.03340757238307346
2023-07-24,21700,21700,21100,21450,188392,-0.011520737327188946
2023-07-25,21600,22250,21100,21400,180032,-0.002331002331002363
2023-07-26,21350,21550,20250,20400,324979,-0.04672897196261683
2023-07-27,20550,22300,20500,22150,390222,0.08578431372549011
2023-07-28,22400,23000,22100,22800,437636,0.02934537246049662
2023-07-31,23250,23550,22350,22700,385505,-0.004385964912280715
2023-08-01,22500,23200,21900,22700,256289,0.0
2023-08-02,22500,22700,21550,21700,287516,-0.04405286343612336
2023-08-03,21550,21800,21050,21450,141399,-0.011520737327188946
2023-08-04,21350,21500,21100,21150,79988,-0.013986013986013957
2023-08-07,21150,21500,20850,20850,107722,-0.014184397163120588
2023-08-08,21200,21400,20350,20500,143190,-0.016786570743405282
2023-08-09,20400,20850,20350,20750,79107,0.012195121951219523
2023-08-10,20500,20550,19960,20050,186409,-0.03373493975903619
2023-08-11,20050,20250,19840,20000,138342,-0.0024937655860348684
2023-08-14,20100,20100,19650,19820,93936,-0.009000000000000008
2023-08-16,19790,20350,19640,20150,165957,0.01664984863773955
2023-08-17,19970,20350,19620,20150,111812,0.0
2023-08-18,19710,20600,19550,19980,162037,-0.008436724565756837
2023-08-21,20350,20800,20000,20200,223141,0.011011011011011096
2023-08-22,20550,20800,19550,19880,250401,-0.015841584158415856
2023-08-23,19710,20100,19560,19740,142537,-0.007042253521126751
2023-08-24,20100,20350,19910,20050,147907,0.015704154002026405
2023-08-25,19770,20000,19610,19730,92084,-0.015960099750623402
2023-08-28,19780,19980,19320,19390,129548,-0.01723264064875829
2023-08-29,19510,19720,19450,19620,100039,0.01186178442496133
2023-08-30,19780,19940,19740,19830,99627,0.010703363914372988
2023-08-31,19890,19950,19570,19660,95231,-0.008572869389813387
2023-09-01,19750,20850,19600,20750,270361,0.05544252288911489
2023-09-04,20800,20900,20300,20750,126069,0.0
2023-09-05,20750,21100,20400,20600,129948,-0.0072289156626506035
2023-09-06,20450,20650,20250,20300,108744,-0.014563106796116498
2023-09-07,20250,21450,20200,21450,341978,0.05665024630541882
2023-09-08,21450,21450,20400,20950,260493,-0.023310023310023298
2023-09-11,21000,21000,20050,20300,206079,-0.031026252983293534
2023-09-12,20450,21700,20250,21350,284894,0.051724137931034475
2023-09-13,21800,22200,21000,21500,268900,0.007025761124121788
2023-09-14,21500,22950,21450,22750,642041,0.058139534883721034
2023-09-15,22750,22950,22200,22700,265430,-0.00219780219780219
2023-09-18,22100,22950,22000,22350,177746,-0.01541850220264318
2023-09-19,22350,22900,22350,22700,171637,0.015659955257270708
2023-09-20,22500,22700,22000,22400,140987,-0.013215859030836996
2023-09-21,21900,22000,21150,21550,170119,-0.0379464285714286
2023-09-22,21050,21750,21050,21700,111297,0.006960556844547661
2023-09-25,21600,21850,21300,21750,64425,0.0023041474654377225
2023-09-26,21750,21850,21150,21700,101788,-0.0022988505747126853
2023-09-27,21500,21500,19300,20200,587313,-0.06912442396313367
2023-10-04,19960,20350,19550,20000,158581,-0.00990099009900991
2023-10-05,20350,20350,19630,19970,146612,-0.0014999999999999458
2023-10-06,20200,20250,19720,20000,88972,0.001502253380070151
2023-10-10,20050,20500,19690,19870,111864,-0.00649999999999995
2023-10-11,20100,20700,20100,20400,96019,0.02667337695017613
2023-10-12,20500,20650,20050,20500,100791,0.004901960784313708
2023-10-13,20250,21000,20200,20750,127673,0.012195121951219523
2023-10-16,20500,20700,19700,20200,147949,-0.026506024096385583
2023-10-17,20300,20850,20050,20700,105669,0.024752475247524774
2023-10-18,20500,20950,20400,20750,56904,0.0024154589371980784
2023-10-19,20300,20450,19920,20000,73485,-0.03614457831325302
2023-10-20,19790,21000,19680,20200,124781,0.010000000000000009
2023-10-23,20050,20550,19880,20250,73440,0.0024752475247524774
2023-10-24,20400,20700,20050,20550,93190,0.014814814814814836
2023-10-25,20650,21050,20400,20850,97031,0.014598540145985384
2023-10-26,20100,20650,20050,20500,105369,-0.016786570743405282
2023-10-27,20700,20800,19940,19960,124768,-0.02634146341463417
2023-10-30,20000,20450,19810,20200,69529,0.012024048096192397
2023-10-31,20250,20600,19560,19620,127967,-0.02871287128712874
2023-11-01,19620,20100,19620,19950,80111,0.01681957186544336
2023-11-02,20500,21600,20350,21400,232114,0.07268170426065157
2023-11-03,21500,21600,21000,21250,91868,-0.007009345794392496
2023-11-06,21750,21750,21000,21600,181463,0.016470588235294015
2023-11-07,21500,21900,21150,21550,109515,-0.0023148148148147696
2023-11-08,21750,21850,21300,21500,72369,-0.002320185614849146
2023-11-09,21350,21800,21350,21600,47048,0.0046511627906977715
2023-11-10,21300,22050,21250,21950,106469,0.01620370370370372
2023-11-13,21950,22100,21000,21250,144901,-0.03189066059225509
2023-11-14,21250,21500,21000,21200,89047,-0.0023529411764705577
2023-11-15,21300,21650,20400,20500,274154,-0.03301886792452835
2023-11-16,20600,20950,20400,20800,110348,0.014634146341463428
2023-11-17,20850,21600,20800,21000,120108,0.009615384615384581
2023-11-20,20850,21500,20850,21250,87680,0.011904761904761862
2023-11-21,21500,21500,21000,21250,86137,0.0
2023-11-22,21200,21450,20850,21050,104651,-0.009411764705882342
2023-11-23,21100,21100,20400,20750,107163,-0.014251781472684133
2023-11-24,20650,20750,20250,20500,117243,-0.012048192771084376
2023-11-27,20500,20750,20400,20700,95864,0.009756097560975618
2023-11-28,20800,21000,20500,20800,72761,0.004830917874396157
2023-11-29,21000,21050,20450,20500,66606,-0.014423076923076872
2023-11-30,20500,20600,20350,20500,64756,0.0
2023-12-01,20400,20450,20000,20200,106357,-0.014634146341463428
2023-12-04,20200,20200,19820,19960,81711,-0.011881188118811892
2023-12-05,19800,19960,19260,19420,157717,-0.027054108216432837
2023-12-06,19380,19630,19260,19330,116231,-0.004634397528321288
2023-12-07,19330,19330,19110,19150,78692,-0.009311950336264863
2023-12-08,19380,19590,19150,19360,78790,0.01096605744125334
2023-12-11,19380,19550,19110,19290,77905,-0.003615702479338845
2023-12-12,19460,19990,19380,19540,233355,0.012960082944530882
2023-12-13,19600,20850,19540,20500,497355,0.04912998976458538
2023-12-14,20900,21200,20250,20600,191357,0.004878048780487809
2023-12-15,20450,20750,20050,20350,93315,-0.012135922330097082
2023-12-18,20350,20450,20100,20300,76585,-0.002457002457002422
2023-12-19,20150,20550,20150,20450,92274,0.00738916256157629
2023-12-20,20500,20600,20300,20500,68761,0.0024449877750611915
2023-12-21,20400,20550,20150,20350,86564,-0.007317073170731714
2023-12-22,20800,20850,20400,20450,79765,0.004914004914004844
2023-12-26,20600,20650,20300,20400,67600,-0.0024449877750610804
2023-12-27,20350,20500,19990,20250,74681,-0.007352941176470562
2023-12-28,20200,20300,20000,20100,57276,-0.007407407407407418
2024-01-02,20050,20850,20050,20750,108095,0.03233830845771135
2024-01-03,20550,20700,20200,20550,103456,-0.009638554216867434
2024-01-04,20400,21150,20400,20800,124447,0.012165450121654597
2024-01-05,20850,21150,20500,20700,70650,-0.004807692307692291
2024-01-08,20750,20950,20550,20700,66403,0.0
2024-01-09,21100,21250,20350,20500,146815,-0.009661835748792313
2024-01-10,20550,20700,20250,20600,71360,0.004878048780487809
2024-01-11,20600,20850,20550,20650,65543,0.0024271844660195274
2024-01-12,20700,20900,20150,20300,90276,-0.016949152542372836
2024-01-15,20200,20450,19910,19950,73338,-0.017241379310344862
2024-01-16,19950,20050,19500,19870,107918,-0.004010025062656686
2024-01-17,19870,20000,19320,19320,115228,-0.02767991947659787
2024-01-18,19450,19450,19110,19320,97879,0.0
2024-01-19,19590,19920,19580,19780,147659,0.023809523809523725
2024-01-22,20050,20150,19810,19910,115802,0.0065722952477249574
2024-01-23,20050,20050,19600,19600,74835,-0.01557006529382221
2024-01-24,19620,19920,19570,19870,76173,0.013775510204081742
2024-01-25,19920,20200,19720,19950,112279,0.004026170105686955
2024-01-26,19820,19950,19510,19540,141463,-0.02055137844611532
2024-01-29,19500,19870,19300,19590,98957,0.0025588536335721113
2024-01-30,19680,19680,19180,19390,85460,-0.010209290454313402
2024-01-31,19320,19350,18940,18990,82348,-0.020629190304280565
2024-02-01,19000,19150,18670,18920,106609,-0.0036861506055818616
2024-02-02,19100,19370,18950,19190,73549,0.014270613107822516
2024-02-05,19100,19120,18580,18620,92885,-0.02970297029702973
2024-02-06,18620,18840,18370,18520,73861,-0.00537056928034374
2024-02-07,18700,18780,18350,18370,63132,-0.008099352051835873
2024-02-08,18460,18820,18380,18480,48645,0.0059880239520957446
2024-02-13,18680,18840,18560,18560,82758,0.0043290043290042934
2024-02-14,18390,18700,18210,18530,78129,-0.001616379310344862
2024-02-15,18720,18830,18450,18500,54157,-0.0016189962223421839
2024-02-16,18500,18750,18410,18670,44302,0.009189189189189095
2024-02-19,18750,19280,18730,19120,118874,0.024102838778789604
2024-02-20,19230,19230,18870,18930,58599,-0.009937238493723854
2024-02-21,18790,19340,18670,19250,113435,0.016904384574748965
2024-02-22,19410,19560,19220,19440,116136,0.009870129870129807
2024-02-23,19590,19720,19340,19420,133949,-0.0010288065843621075
2024-02-26,19450,19520,18800,18830,90946,-0.03038105046343975
2024-02-27,18850,19000,18720,18740,66213,-0.004779607010090281
2024-02-28,18770,19250,18630,19080,87568,0.018143009605122717
2024-02-29,19290,20150,19150,19980,357561,0.04716981132075482
2024-03-04,20100,20400,19800,20200,197806,0.011011011011011096
2024-03-05,20200,20750,19910,20400,230632,0.00990099009900991
2024-03-06,20100,21050,19990,20800,236590,0.019607843137254832
2024-03-07,21000,21000,20350,20500,138464,-0.014423076923076872
2024-03-08,20900,21000,20250,20300,129936,-0.009756097560975618
2024-03-11,20100,20250,19820,20200,119534,-0.0049261083743842304
2024-03-12,20200,20450,19670,19810,250109,-0.019306930693069324
2024-03-13,20000,20150,19780,19870,191452,0.003028773346794633
2024-03-14,19870,19980,19430,19480,150221,-0.01962757926522396
2024-03-15,19410,19510,19180,19230,90000,-0.012833675564681735
2024-03-18,19230,19430,18960,19150,101308,-0.004160166406656285
2024-03-19,19020,19150,18850,19070,78325,-0.004177545691905982
2024-03-20,19100,19970,19070,19600,185386,0.02779234399580499
2024-03-21,20100,21300,19810,20500,436183,0.04591836734693877
2024-03-22,20750,20800,20150,20550,173861,0.0024390243902439046
2024-03-25,20650,20900,19990,20100,154536,-0.021897810218978075
2024-03-26,20250,20550,19990,20100,111579,0.0
2024-03-27,20100,20300,19990,20100,88199,0.0
2024-03-28,20100,20450,20000,20200,123228,0.004975124378109541
2024-03-29,20400,22600,20300,21850,1422973,0.08168316831683176
2024-04-01,21800,21950,21300,21400,268553,-0.020594965675057253
2024-04-02,23500,26400,23150,25150,7886614,0.17523364485981308
2024-04-03,24500,24900,24050,24250,1143026,-0.035785288270377746
2024-04-04,24850,25650,24400,25350,1611407,0.0453608247422681
2024-04-05,24550,26150,24100,26100,1016827,0.029585798816567976
2024-04-08,26850,26900,23500,23550,1237037,-0.0977011494252874
2024-04-09,23700,23950,22550,23400,635775,-0.006369426751592355
2024-04-11,22950,24450,22650,24100,524965,0.029914529914529808
2024-04-12,24500,24800,23900,24500,463038,0.016597510373443924
2024-04-15,24000,29150,24000,28650,5843229,0.16938775510204085
2024-04-16,27500,30200,27500,29550,5795380,0.03141361256544495
2024-04-17,30000,32900,28500,29300,6258939,-0.008460236886632777
2024-04-18,28800,30000,27800,29750,2086774,0.015358361774743923
2024-04-19,28800,28950,25750,27200,2509791,-0.08571428571428574
2024-04-22,26600,26950,25100,25950,1144223,-0.045955882352941124
2024-04-23,26650,27250,25650,25750,1073045,-0.0077071290944122905
2024-04-24,26950,28600,26500,26650,2323144,0.03495145631067964
2024-04-25,25750,26900,25500,26100,568070,-0.0206378986866792
2024-04-26,27000,27350,25950,26200,852463,0.003831417624521105
2024-04-29,26500,26900,24600,24750,1135745,-0.05534351145038163
2024-04-30,24850,25100,24150,24300,694268,-0.018181818181818188
2024-05-02,24050,24450,23600,24300,485978,0.0
2024-05-03,25150,25300,24050,24100,695813,-0.008230452674897082
2024-05-07,24550,24750,24100,24350,419482,0.010373443983402453
2024-05-08,24400,24450,23600,24000,328120,-0.014373716632443578
2024-05-09,24000,24300,23550,23600,296274,-0.01666666666666672
2024-05-10,23600,23700,22850,23000,373701,-0.025423728813559365
2024-05-13,23050,23300,22550,22650,263974,-0.01521739130434785
2024-05-14,22750,22800,22400,22700,288194,0.002207505518763808
2024-05-16,23150,23950,23100,23900,607112,0.052863436123347984
2024-05-17,23900,23950,23000,23150,345198,-0.03138075313807531
2024-05-20,23400,23600,23000,23500,187261,0.015118790496760237
2024-05-21,23750,24100,23450,24000,353716,0.02127659574468077
2024-05-22,24000,24000,23350,23450,255045,-0.022916666666666696
2024-05-23,23600,24100,23250,23400,326777,-0.002132196162046962
2024-05-24,23000,23350,22700,22950,200311,-0.019230769230769273
2024-05-27,23050,23050,22300,22900,350264,-0.002178649237472796
2024-05-28,22650,23600,22650,23200,267984,0.013100436681222627
2024-05-29,23400,23650,22950,23100,269001,-0.004310344827586188
2024-05-30,23100,23600,22700,23450,291158,0.015151515151515138
2024-05-31,23400,23500,22200,22300,440560,-0.049040511727078906
2024-06-03,22300,23100,22200,22900,229741,0.026905829596412634
2024-06-04,22950,23000,22100,22200,153290,-0.03056768558951961
2024-06-05,22850,23150,22350,22600,290507,0.018018018018018056
2024-06-07,22900,23850,22850,23250,415436,0.028761061946902755
2024-06-10,23300,24050,22750,23750,377353,0.021505376344086002
2024-06-11,24150,24700,23550,23750,546891,0.0
2024-06-12,24100,24400,23750,23850,273785,0.004210526315789442
2024-06-13,24200,24300,23850,23850,288626,0.0
2024-06-14,24000,24300,23200,23450,307513,-0.016771488469601636
2024-06-17,23350,23850,23000,23000,177336,-0.019189765458422214
2024-06-18,23000,24050,23000,23600,297917,0.026086956521739202
2024-06-19,23900,24600,23700,23850,395246,0.010593220338983134
2024-06-20,23950,24100,23450,23650,172692,-0.008385744234800874
2024-06-21,23300,23450,22850,23200,167577,-0.019027484143763207
2024-06-24,23000,23100,22050,22150,292092,-0.04525862068965514
2024-06-25,21800,22450,21600,22300,152502,0.006772009029345272
2024-06-26,22300,26950,22300,26500,3498935,0.188340807174888
2024-06-27,26400,27800,25750,27300,1888304,0.030188679245283012
2024-06-28,27300,27550,26550,26600,554015,-0.02564102564102566
2024-07-01,26600,27050,26050,26150,459284,-0.016917293233082664
2024-07-02,26400,26400,24950,25250,553646,-0.03441682600382412
2024-07-03,25300,26400,24650,26150,679640,0.035643564356435675
2024-07-04,26700,27150,25650,26150,652452,0.0
2024-07-05,26300,26450,25300,25700,387655,-0.017208413001912004
2024-07-08,26000,26650,25400,25900,390430,0.0077821011673151474
2024-07-09,26000,26550,25150,26250,459400,0.013513513513513598
2024-07-10,26150,26200,24800,25150,465909,-0.04190476190476189
2024-07-11,25350,25600,23600,23650,682434,-0.05964214711729621
2024-07-12,23200,23700,23050,23550,277055,-0.0042283298097252064
2024-07-15,23550,23600,22700,23450,338137,-0.00424628450106157
2024-07-16,23500,24100,23000,24000,245052,0.023454157782516027
2024-07-17,24250,24250,22550,22550,440231,-0.060416666666666674
2024-07-18,21800,22450,21650,22300,283214,-0.011086474501108667
2024-07-19,22100,22500,21900,22000,150612,-0.013452914798206317
2024-07-22,21900,22000,21200,21300,250601,-0.03181818181818186
2024-07-23,21700,21800,20750,20850,198294,-0.021126760563380254
2024-07-24,20600,21100,20600,20850,147373,0.0
2024-07-25,20200,20450,19780,19820,348936,-0.049400479616307
2024-07-26,19800,20200,19640,19970,174227,0.007568113017154321
2024-07-29,20050,20250,19870,20100,92579,0.006509764646970506
2024-07-30,19910,20000,19370,19820,208706,-0.013930348258706426
2024-07-31,19800,20800,19510,20750,240388,0.04692230070635728
2024-08-01,21100,21450,20500,20550,186092,-0.009638554216867434
2024-08-02,19800,19950,19150,19340,318752,-0.0588807785888078
2024-08-05,18690,19280,16000,16700,494214,-0.13650465356773522
2024-08-06,17100,18300,16910,17470,344089,0.04610778443113772
2024-08-07,17390,18150,17200,17550,185956,0.004579278763594763
2024-08-08,17140,17660,16940,17610,182151,0.0034188034188034067
2024-08-09,18100,18360,17760,18040,158549,0.024417944349801157
2024-08-12,18240,18610,18060,18110,116721,0.0038802660753880502
2024-08-13,18210,18440,18060,18410,109432,0.01656543346217565
2024-08-14,18800,19720,18650,19150,332280,0.04019554589896801
2024-08-16,19620,19930,19410,19450,190995,0.015665796344647598
2024-08-19,19450,19530,19030,19190,76939,-0.013367609254498758
2024-08-20,19410,19750,19310,19500,93510,0.01615424700364776
2024-08-21,19300,19640,19140,19260,66693,-0.012307692307692353
2024-08-22,19400,19430,19010,19190,85831,-0.0036344755970924014
2024-08-23,18960,19170,18510,18730,148639,-0.023970818134445016
2024-08-26,18880,19030,18400,18450,136032,-0.014949279231179946
2024-08-27,18420,18660,18230,18560,64056,0.005962059620596261
2024-08-28,18560,18870,18230,18850,100645,0.015625
2024-08-29,18300,18380,17860,18150,160520,-0.037135278514588865
2024-08-30,18250,18370,18010,18200,88780,0.0027548209366390353
2024-09-02,18040,18270,17800,18000,92596,-0.01098901098901095
2024-09-03,18140,18140,17530,17630,86878,-0.02055555555555555
2024-09-04,17040,17250,16640,16760,215556,-0.04934770277935341
2024-09-05,16800,17090,16490,16740,98835,-0.0011933174224343368
2024-09-06,16670,16840,16200,16380,113082,-0.021505376344086002
2024-09-09,15980,16650,15880,16590,93808,0.012820512820512775
2024-09-10,16500,16760,16210,16260,100436,-0.019891500904159143
2024-09-11,16260,16410,15970,15980,82341,-0.017220172201722006
2024-09-12,16330,17110,16330,16830,141836,0.05319148936170204
2024-09-13,16830,16920,16520,16650,57368,-0.010695187165775444
2024-09-19,16700,16760,15950,16400,116649,-0.01501501501501501
2024-09-20,16630,16780,16350,16390,70491,-0.0006097560975609762
2024-09-23,16230,16590,16200,16390,50189,0.0
2024-09-24,16490,16650,16380,16650,36208,0.015863331299572847
2024-09-25,16810,17130,16500,16730,102160,0.00480480480480483
2024-09-26,17200,17990,17050,17730,311342,0.059772863120143516
2024-09-27,17720,17870,17530,17760,90659,0.0016920473773265332
2024-09-30,17950,17960,17320,17330,67637,-0.02421171171171166
2024-10-02,17000,17620,16910,17370,71749,0.002308136180034559
2024-10-04,17370,17570,17120,17140,64798,-0.013241220495106454
2024-10-07,17080,17760,17000,17620,95790,0.028004667444574194
2024-10-08,17580,17730,17240,17390,68506,-0.013053348467650383
2024-10-10,17400,17600,17130,17130,51584,-0.014951121334100037
2024-10-11,17300,17580,17200,17260,61783,0.007589025102159974
2024-10-14,17150,17760,17150,17580,45749,0.018539976825028948
2024-10-15,17590,17730,17350,17600,54713,0.0011376564277587597
2024-10-16,17110,17300,16550,16620,144567,-0.055681818181818166
2024-10-17,16630,17050,16630,16850,67760,0.013838748495788256
2024-10-18,16860,16930,16300,16310,83028,-0.032047477744807096
2024-10-21,16210,16810,16150,16650,66325,0.020846106683016563
2024-10-22,16500,16720,16140,16150,59014,-0.03003003003003002
2024-10-23,16150,16560,15950,16430,83380,0.017337461300309664
2024-10-24,16200,16310,15970,16100,82919,-0.02008520998174068
2024-10-25,16260,16450,15850,15870,62930,-0.014285714285714235
2024-10-28,15800,16280,15800,16270,46078,0.025204788909892972
2024-10-29,16080,16290,15740,16290,67841,0.0012292562999385304
2024-10-30,16280,16390,16120,16220,34694,-0.0042971147943523524
2024-10-31,16150,16940,15890,16850,106600,0.03884093711467318
2024-11-01,16610,16910,16400,16690,55337,-0.00949554896142435
2024-11-04,16690,17600,16570,17110,102497,0.025164769322947977
2024-11-05,17060,17230,16870,16890,41173,-0.012857977790765585
2024-11-06,17050,17150,16640,16690,57837,-0.011841326228537619
2024-11-07,16650,16860,16360,16650,51128,-0.002396644697423622
2024-11-08,17030,17100,16280,16290,71362,-0.021621621621621623
2024-11-11,16150,16350,15610,15610,102679,-0.04174340085942296
2024-11-12,15410,15600,14830,14890,142849,-0.046124279308135785
2024-11-13,14850,15120,14650,14870,106351,-0.001343183344526544
2024-11-14,14870,15090,14300,14370,121578,-0.0336247478143914
2024-11-15,14080,15060,14080,14880,130612,0.035490605427974886
2024-11-18,14760,15080,14680,14770,63884,-0.007392473118279619
2024-11-19,14800,14880,14620,14690,50886,-0.005416384563303955
2024-11-20,14700,14700,14080,14410,67007,-0.019060585432266852
2024-11-21,14550,14760,14320,14590,44039,0.012491325468424685
2024-11-22,14420,14990,14420,14820,69945,0.015764222069910794
2024-11-25,14840,15140,14840,15110,38266,0.019568151147098423
2024-11-26,15110,15250,14930,15170,39627,0.003970880211780381
2024-11-27,15020,15110,14670,14740,55510,-0.028345418589321048
2024-11-28,14740,14810,14480,14590,42209,-0.010176390773405708
2024-11-29,14530,14550,14100,14220,72579,-0.025359835503769745
2024-12-02,14330,14360,13950,13970,63005,-0.017580872011251802
2024-12-03,13970,14290,13970,14150,43083,0.012884753042233354
2024-12-04,13950,14150,13500,14000,59780,-0.010600706713780883
2024-12-05,14000,14400,13900,14290,68881,0.020714285714285685
2024-12-06,14280,14430,13820,14230,82551,-0.0041987403778865895
2024-12-09,14090,14090,13090,13090,127030,-0.08011243851018979
2024-12-10,13250,13900,13230,13820,49131,0.055767761650114656
2024-12-11,13750,14550,13680,14330,70893,0.0369030390738061
2024-12-12,14380,14700,14350,14540,82372,0.014654570830425762
2024-12-13,14570,14950,14470,14750,55857,0.014442916093535096
2024-12-16,14890,15150,14870,15010,53770,0.01762711864406774
2024-12-17,15030,15350,15000,15250,55183,0.0159893404397069
2024-12-18,15200,15950,15010,15930,95370,0.044590163934426164
2024-12-19,15550,16180,15300,16000,140428,0.00439422473320783
2024-12-20,16000,16020,15330,15330,69877,-0.041874999999999996
2024-12-23,15510,16200,15510,16140,68499,0.052837573385518644
2024-12-24,16300,16300,15940,16140,41491,0.0
2024-12-26,16120,16200,15820,16000,73904,-0.008674101610904539
2024-12-27,15600,15830,15370,15550,72697,-0.028124999999999956
2024-12-30,15490,15730,15230,15500,31777,-0.003215434083601254
2025-01-02,15310,15640,15200,15360,28928,-0.00903225806451613
2025-01-03,15220,17800,15220,16400,391150,0.06770833333333326
2025-01-06,16440,17410,16380,17150,212162,0.0457317073170731
2025-01-07,17350,17580,17000,17060,126280,-0.005247813411078717
2025-01-08,16800,17500,16800,17440,90288,0.022274325908558046
2025-01-09,17280,17500,16980,17100,74535,-0.019495412844036664
2025-01-10,17100,17250,16920,17070,55004,-0.0017543859649122862
2025-01-13,16810,16940,16500,16590,53102,-0.02811950790861162
2025-01-14,16670,17200,16570,17020,50521,0.02591922845087402
2025-01-15,17020,17500,17010,17380,99398,0.021151586368977737
2025-01-16,17500,17570,17210,17340,54635,-0.0023014959723820505
2025-01-17,17240,18550,17230,18410,297966,0.061707035755478756
2025-01-20,18420,18570,17650,18090,184998,-0.01738185768604017
2025-01-21,18300,18560,17980,18020,70464,-0.003869541182974001
2025-01-22,18070,19470,18070,19200,483460,0.06548279689234193
2025-01-23,19210,19230,18710,18870,127848,-0.017187500000000022
2025-01-24,18870,19370,18840,19020,108048,0.007949125596184325
2025-01-31,18300,18500,17850,17900,99690,-0.05888538380651942
2025-02-03,17400,17770,16900,16960,95665,-0.05251396648044693
2025-02-04,17250,17490,16850,16950,60897,-0.000589622641509413
2025-02-05,17000,20800,16950,20150,829694,0.1887905604719764
2025-02-06,19660,22750,19660,22350,1405329,0.10918114143920588
2025-02-07,22200,23950,21250,21750,1398269,-0.02684563758389258
2025-02-10,21450,21850,21050,21650,367045,-0.0045977011494252595
2025-02-11,21700,22500,21150,21450,279506,-0.009237875288683584
2025-02-12,21300,22450,21300,21950,256407,0.02331002331002341
2025-02-13,22000,23650,21950,22900,597527,0.04328018223234631
2025-02-14,22900,23200,22550,22600,206359,-0.013100436681222738
2025-02-17,22750,23000,21950,22100,171433,-0.02212389380530977
2025-02-18,22600,23350,22550,22850,223811,0.03393665158371051
2025-02-19,23500,24200,23100,23200,376425,0.015317286652078765
2025-02-20,22700,23300,22050,22250,235977,-0.04094827586206895
2025-02-21,22250,22850,21800,22600,117801,0.01573033707865168
2025-02-24,22100,22450,21350,22000,336533,-0.026548672566371723
2025-02-25,21750,22750,21500,22200,156766,0.009090909090909038
2025-02-26,22000,22600,22000,22200,51708,0.0
2025-02-27,22300,22500,21700,21850,66310,-0.015765765765765716
2025-02-28,21300,21350,20450,20750,218826,-0.05034324942791757
2025-03-04,20400,21200,20250,20950,87156,0.009638554216867545
2025-03-05,21650,22200,21100,21800,163718,0.04057279236276856
2025-03-06,22200,22200,20800,21000,95777,-0.03669724770642202
2025-03-07,21000,21250,20400,20900,44350,-0.004761904761904745
2025-03-10,20900,22250,20750,21500,180300,0.028708133971291794
2025-03-11,21100,22950,20800,22950,256993,0.06744186046511635
2025-03-12,22800,23600,22550,23250,254487,0.013071895424836555
2025-03-13,23900,23950,22800,23000,152313,-0.010752688172043001
2025-03-14,23100,24050,23050,23800,244522,0.034782608695652195
2025-03-17,24000,24400,23700,23900,147525,0.004201680672268893
2025-03-18,24300,24350,22700,22850,174030,-0.043933054393305415
2025-03-19,23000,24350,22950,23600,344375,0.03282275711159732
2025-03-20,24000,24200,23300,23850,152068,0.010593220338983134
