Date,Open,High,Low,Close,Volume,Change
2022-01-03,124801,125517,118599,118600,1243265,-0.04153096436854997
2022-01-04,120625,120823,115634,117364,897825,-0.010421585160202307
2022-01-05,116919,117018,113658,115017,697517,-0.019997614259909313
2022-01-06,111137,116079,111137,111805,838923,-0.02792630654598882
2022-01-07,111804,115634,111088,111385,684880,-0.003756540405169706
2022-01-10,110100,111360,106319,107950,751102,-0.03083898190959289
2022-01-11,107505,109754,104268,104887,855468,-0.028374247336729996
2022-01-12,106294,110346,106294,109952,953325,0.04829006454565388
2022-01-13,112298,113658,107011,109482,839385,-0.004274592549476153
2022-01-14,106615,108444,106023,106987,450743,-0.02278913428691476
2022-01-17,107060,110100,106739,107506,478374,0.004851056670436504
2022-01-18,107974,111088,107060,108296,532298,0.007348427064535867
2022-01-19,108345,108518,105059,106715,557419,-0.014598877151510647
2022-01-20,106097,112422,105751,112423,837818,0.05348826313076893
2022-01-21,111804,111804,106986,107184,1164036,-0.04660078453697192
2022-01-24,100562,104244,96856,98932,2955856,-0.07698910285117178
2022-01-25,98981,102835,98486,100390,1617424,0.014737395382687035
2022-01-26,100686,101921,81166,81167,4616438,-0.19148321545970715
2022-01-27,77781,85638,77238,80574,7610719,-0.007305924821663923
2022-01-28,79066,83390,72543,81117,3358702,0.00673914662298003
2022-02-03,84452,86972,81561,83761,2179278,0.03259489379538194
2022-02-04,83760,85787,82772,83860,910258,0.001181934313105204
2022-02-07,80869,81710,74865,80450,3022545,-0.04066300977820181
2022-02-08,79931,84625,78819,79635,2171811,-0.010130515848353006
2022-02-09,80894,83093,79980,82105,1384332,0.031016512839831645
2022-02-10,82772,83019,78596,78819,1064340,-0.04002192314718955
2022-02-11,77139,85193,76373,82278,2489712,0.04388535759144374
2022-02-14,80697,83884,79115,81636,1420418,-0.007802814847225226
2022-02-15,82179,84699,79980,81784,1255040,0.0018129256700474272
2022-02-16,84749,86009,83143,84651,1220389,0.035055756627213164
2022-02-17,85391,89764,83760,86578,2064932,0.022764054766039488
2022-02-18,85193,87121,84279,85935,866924,-0.0074268289865785375
2022-02-21,83958,85366,82229,84898,617007,-0.01206726013847681
2022-02-22,83266,86552,83167,85935,833626,0.012214657589106892
2022-02-23,86182,87714,84329,85367,682878,-0.006609646826089444
2022-02-24,84329,84502,80450,80450,1106402,-0.0575983693933253
2022-02-25,83217,88949,82475,88950,1905644,0.10565568676196402
2022-02-28,87714,93891,87516,92705,1502790,0.04221472737492982
2022-03-02,91939,98758,91865,97227,1445930,0.04877838304298576
2022-03-03,99697,99895,96609,96980,909133,-0.0025404465837678414
2022-03-04,96362,98017,95349,95571,695335,-0.01452876881831311
2022-03-07,92655,95793,92655,94237,655104,-0.013958209080160322
2022-03-08,91519,91939,86058,86059,1748858,-0.08678120059000183
2022-03-10,88628,91420,87294,88777,1354428,0.03158298376695057
2022-03-11,88801,88875,84008,84478,1079857,-0.048424704596911394
2022-03-14,82673,82747,77682,79659,1788538,-0.05704443760505695
2022-03-15,77633,81191,77633,80672,903341,0.012716704954870206
2022-03-16,82970,85095,82327,83860,931941,0.03951804839349471
2022-03-17,88653,90530,86478,88530,1274640,0.055688051514428905
2022-03-18,89418,90407,88504,89567,678754,0.011713543431605133
2022-03-21,91469,92557,89591,89617,658359,0.0005582413165563516
2022-03-22,90012,90135,88060,89543,410955,-0.000825736188446391
2022-03-23,92507,97474,91914,96659,1522941,0.07947019867549665
2022-03-24,95398,95398,92532,94509,1048074,-0.022243143421719624
2022-03-25,95497,96658,94755,95152,825213,0.006803584843771526
2022-03-28,95101,95126,91988,92532,706803,-0.027534891541953876
2022-03-29,95843,96633,94410,94756,967860,0.02403492845718236
2022-03-30,96164,97325,95373,95992,619161,0.013044028874160896
2022-03-31,95126,98832,94657,98265,1015410,0.02367905658804892
2022-04-01,97597,98338,96386,96436,651387,-0.01861293441204903
2022-04-04,96337,96905,94879,96041,506407,-0.004095980754075246
2022-04-05,97572,102514,97078,102514,1572011,0.06739829864328772
2022-04-06,100093,104713,99574,104714,1312957,0.02146048344616336
2022-04-07,109630,111236,103626,106270,3558181,0.014859522126936309
2022-04-08,106319,121589,106294,115758,4111508,0.08928201750258768
2022-04-11,116573,118377,112916,112917,1641588,-0.02454258021043898
2022-04-12,110272,111656,108049,109557,1395995,-0.02975636972289386
2022-04-13,111038,115758,110816,114745,1268932,0.04735434522668558
2022-04-14,116227,116746,113163,113361,1175408,-0.012061527735413358
2022-04-15,111607,114077,109778,113287,598926,-0.0006527818209084435
2022-04-18,114250,116054,112669,115388,865113,0.018545817260585906
2022-04-19,117067,119316,116622,118600,865065,0.02783651679550725
2022-04-20,119340,119834,116993,117389,646460,-0.010210792580101158
2022-04-21,118303,120304,117141,117241,721880,-0.0012607654891003683
2022-04-22,116548,118055,115634,117043,524488,-0.001688828993270275
2022-04-25,115634,117043,112447,112472,954394,-0.03905402288047988
2022-04-26,112669,115387,110989,111360,644646,-0.009886905185290562
2022-04-27,106492,111360,105627,111138,887546,-0.00199353448275863
2022-04-28,112051,112916,109803,111558,505505,0.0037790854613184433
2022-04-29,112175,118550,110569,117710,1147949,0.0551462019756539
2022-05-02,116820,121391,116351,121071,1073303,0.028553224025146484
2022-05-03,122577,126605,122552,126259,1364444,0.042850889147690197
2022-05-04,128977,131472,127099,128508,1419552,0.017812591577630155
2022-05-06,127914,131620,122651,123171,2009145,-0.04153048837426465
2022-05-09,120036,122543,119309,120588,752554,-0.020970845410039685
2022-05-10,117329,120237,115674,119561,1215958,-0.008516601983613592
2022-05-11,119485,120187,117479,119435,635663,-0.0010538553541706852
2022-05-12,117329,117354,111838,111839,1241992,-0.06359944739816636
2022-05-13,112064,113869,107301,112691,1399014,0.007618093867076681
2022-05-16,115574,116025,112691,112691,623118,0.0
2022-05-17,113092,117830,112841,117705,609289,0.04449334906957958
2022-05-18,120864,123195,119309,119310,799099,0.013635784376194726
2022-05-19,115749,123220,115624,119034,1225467,-0.002313301483530261
2022-05-20,119510,124023,119510,123697,1100614,0.039173681469160115
2022-05-23,125301,126480,122468,124449,796558,0.006079371367130992
2022-05-24,124098,124725,119961,119962,697748,-0.03605493013202199
2022-05-25,120588,121541,116827,119084,725466,-0.007318984345042634
2022-05-26,119736,120387,116100,116778,541990,-0.019364482214235368
2022-05-27,119034,119234,117078,117104,377541,0.0027916217095684814
2022-05-30,119911,122769,117605,122644,648032,0.04730837546112854
2022-05-31,124173,126605,122920,126605,973983,0.03229672874335465
2022-06-02,125527,126630,124374,126154,400158,-0.0035622605742269275
2022-06-03,127683,127708,123872,124299,528441,-0.014704250360670246
2022-06-07,123621,124323,120011,120614,619353,-0.02964625620479655
2022-06-08,121340,122844,120438,121717,436787,0.009144875387600004
2022-06-09,121841,126078,121064,126054,808748,0.03563183450134333
2022-06-10,124850,128360,123020,128335,852840,0.018095419423421744
2022-06-13,125828,130240,125602,128235,1006555,-0.0007792106596018478
2022-06-14,126254,135029,126204,134352,1299522,0.047701485553866
2022-06-15,135379,139616,127909,128410,2132809,-0.0442271049184233
2022-06-16,131168,133399,129363,130867,986551,0.0191340238299198
2022-06-17,129112,132321,129087,130291,860107,-0.004401415177241019
2022-06-20,132145,134678,128059,130090,1156469,-0.0015427005702619567
2022-06-21,130691,131694,125351,131118,934219,0.007902221538934606
2022-06-22,132973,135254,130741,130867,1026279,-0.0019143061974710163
2022-06-23,128886,130817,118081,118132,2126100,-0.09731253868431311
2022-06-24,120588,125101,118131,124700,1683908,0.05559882165712926
2022-06-27,135000,156600,131700,135900,3082174,0.08981555733761026
2022-06-28,133900,136600,126100,127900,1339086,-0.05886681383370129
2022-06-29,125400,125600,120800,121400,787677,-0.05082095387021113
2022-06-30,120600,122600,112000,113500,924611,-0.06507413509060955
2022-07-01,112900,114600,108000,108600,695589,-0.043171806167400906
2022-07-04,110400,112900,106900,111800,648837,0.02946593001841613
2022-07-05,111900,121700,110400,120400,820535,0.07692307692307687
2022-07-06,120700,122500,115000,115000,499510,-0.04485049833887045
2022-07-07,116400,119200,115700,116400,343429,0.012173913043478368
2022-07-08,120000,121400,118400,118900,371124,0.021477663230240474
2022-07-11,119600,120200,114200,114600,293996,-0.0361648444070648
2022-07-12,113000,114100,110500,110900,292517,-0.03228621291448519
2022-07-13,108000,120000,108000,120000,1074732,0.08205590622182135
2022-07-14,127200,127300,114200,117000,1906215,-0.025000000000000022
2022-07-15,115700,117700,110100,111500,1792794,-0.047008547008547064
2022-07-18,112300,113600,107700,109800,1395732,-0.015246636771300448
2022-07-19,110000,112000,108500,110600,1214631,0.007285974499089187
2022-07-20,113800,114200,109700,109900,1383052,-0.006329113924050667
2022-07-21,111100,115400,110200,115000,1686917,0.046405823475887065
2022-07-22,117100,119900,116100,117600,1634500,0.022608695652173827
2022-07-25,117700,120500,116800,118100,644565,0.00425170068027203
2022-07-26,117500,118400,113200,117300,783952,-0.006773920406435208
2022-07-27,115900,117500,115100,117200,505338,-0.0008525149190110604
2022-07-28,119100,119900,116500,118900,818259,0.014505119453924964
2022-07-29,120000,120700,118500,119400,610438,0.00420521446593769
2022-08-01,119400,127900,118700,127700,1734729,0.06951423785594635
2022-08-02,128000,128000,124200,125500,823652,-0.017227877838684402
2022-08-03,124800,128500,124800,127500,1000161,0.015936254980079667
2022-08-04,129500,133500,127300,128000,1554544,0.0039215686274509665
2022-08-05,129500,131500,121400,124000,2022989,-0.03125
2022-08-08,121800,124300,121000,121600,1181132,-0.01935483870967747
2022-08-09,122600,123900,121200,123300,926430,0.01398026315789469
2022-08-10,122000,124700,121500,122400,716593,-0.007299270072992692
2022-08-11,125200,125200,119100,121400,1394924,-0.008169934640522847
2022-08-12,120700,121000,116500,118500,998978,-0.023887973640856708
2022-08-16,119400,119600,117400,118100,784273,-0.0033755274261603185
2022-08-17,117800,119600,116800,119200,729290,0.009314140558848383
2022-08-18,118100,119800,117400,117700,717126,-0.012583892617449632
2022-08-19,118200,118500,113500,114000,994546,-0.03143585386576042
2022-08-22,112000,115600,111900,113000,694416,-0.00877192982456143
2022-08-23,112200,112600,110600,111500,609277,-0.013274336283185861
2022-08-24,114400,116400,111600,115300,899069,0.03408071748878916
2022-08-25,115500,116900,113700,116400,575412,0.0095403295750216
2022-08-26,117300,117800,113800,114200,538908,-0.018900343642611728
2022-08-29,109500,113600,109500,111900,643984,-0.020140105078809145
2022-08-30,111700,114200,111700,112100,502527,0.0017873100983021306
2022-08-31,110900,112200,108800,112200,925974,0.000892060660124816
2022-09-01,110200,110700,106600,106600,961890,-0.04991087344028522
2022-09-02,107400,108400,106000,106100,456087,-0.004690431519699834
2022-09-05,103200,105700,102500,102900,989839,-0.03016022620169656
2022-09-06,102900,106400,102900,103800,590916,0.008746355685131268
2022-09-07,103800,106300,101200,104300,829732,0.00481695568400764
2022-09-08,106500,108500,105200,108000,924757,0.03547459252157248
2022-09-13,110400,111300,107200,108400,1038789,0.0037037037037037646
2022-09-14,104900,109100,102500,107000,2213602,-0.01291512915129156
2022-09-15,107100,107400,103200,103600,1396055,-0.03177570093457949
2022-09-16,102200,103500,99500,99700,1512218,-0.037644787644787625
2022-09-19,99800,102300,99500,100000,1062995,0.0030090270812437314
2022-09-20,101600,105000,101200,102000,971771,0.020000000000000018
2022-09-21,101400,105000,101000,104000,918979,0.019607843137254832
2022-09-22,102900,108600,102600,107900,1131140,0.03750000000000009
2022-09-23,107900,107900,100100,101100,1600551,-0.06302131603336425
2022-09-26,98000,99700,92300,92300,1585907,-0.08704253214638968
2022-09-27,92300,95600,90100,95100,1161641,0.03033586132177679
2022-09-28,94500,97600,91900,92100,1060251,-0.03154574132492116
2022-09-29,95200,95400,90800,90800,864850,-0.014115092290988063
2022-09-30,89000,91600,86900,88100,998231,-0.029735682819383213
2022-10-04,89600,92600,88700,92400,778671,0.04880817253121461
2022-10-05,95500,95600,91300,91400,721098,-0.010822510822510845
2022-10-06,92500,96800,92500,96700,935919,0.057986870897155374
2022-10-07,95100,99100,94100,97000,732747,0.0031023784901758056
2022-10-11,95000,99100,95000,98400,821592,0.014432989690721598
2022-10-12,99600,101200,98400,99500,866789,0.011178861788617933
2022-10-13,99800,104800,99600,104700,1234173,0.052261306532663365
2022-10-14,106300,106900,104200,104800,971419,0.0009551098376312517
2022-10-17,103800,109200,103600,109100,1346295,0.04103053435114501
2022-10-18,110600,112400,102500,104800,2818643,-0.039413382218148496
2022-10-19,105300,109300,104900,106200,1947701,0.013358778625954137
2022-10-20,105200,105200,100800,102000,1381990,-0.039548022598870025
2022-10-21,103700,109200,103100,106400,2228353,0.04313725490196085
2022-10-24,107900,108300,105800,107000,1019201,0.005639097744360999
2022-10-25,107300,108900,102300,103500,1193901,-0.032710280373831724
2022-10-26,104300,105400,103200,103300,615216,-0.0019323671497584183
2022-10-27,104600,110900,103500,110900,2173083,0.07357212003872227
2022-10-28,109900,115300,108900,114400,1843591,0.03155996393146987
2022-10-31,116700,117000,113200,115100,961283,0.006118881118881037
2022-11-01,116400,117900,114500,115500,933663,0.0034752389226759828
2022-11-02,115200,115900,108100,109700,1796121,-0.05021645021645027
2022-11-03,106800,111900,106700,111600,1001247,0.01731996353691878
2022-11-04,111000,112700,108700,110000,816114,-0.014336917562724039
2022-11-07,110100,110200,107300,108700,827471,-0.011818181818181839
2022-11-08,108900,109500,104600,108800,971591,0.0009199632014720294
2022-11-09,109400,109800,107500,109100,737451,0.0027573529411764053
2022-11-10,107100,109700,106800,106900,899600,-0.02016498625114571
2022-11-11,111700,112900,109000,110600,1752384,0.034611786716557624
2022-11-14,112000,117000,111800,115700,2325025,0.04611211573236895
2022-11-15,117400,118800,115000,116600,1164795,0.007778738115816752
2022-11-16,116800,116800,111100,112500,1381227,-0.03516295025728988
2022-11-17,112500,112500,109700,110800,575393,-0.015111111111111075
2022-11-18,110800,111600,109000,109300,622197,-0.013537906137184086
2022-11-21,109300,109300,104800,105400,1107684,-0.03568161024702654
2022-11-22,105100,106100,102300,102500,735515,-0.02751423149905119
2022-11-23,103600,105400,103100,105300,588936,0.02731707317073173
2022-11-24,107200,108800,106700,108800,633634,0.033238366571699984
2022-11-25,109500,114900,108500,113400,1504283,0.04227941176470584
2022-11-28,113300,113300,108900,109500,790658,-0.03439153439153442
2022-11-29,109000,111000,108300,110500,469756,0.009132420091324311
2022-11-30,109700,113800,107500,113800,1085218,0.029864253393665052
2022-12-01,116100,117000,114600,115100,1069289,0.011423550087873435
2022-12-02,115300,115400,109500,109900,1426106,-0.04517810599478711
2022-12-05,110000,110900,106000,106700,878090,-0.0291173794358508
2022-12-06,105000,105900,103700,104400,787926,-0.021555763823805085
2022-12-07,103100,106000,103100,105000,596945,0.005747126436781658
2022-12-08,104700,105600,103300,103500,604990,-0.014285714285714235
2022-12-09,104500,105000,99100,101000,1493777,-0.024154589371980673
2022-12-12,99500,101700,98900,101400,617474,0.003960396039603964
2022-12-13,100900,102300,100000,102300,529918,0.008875739644970349
2022-12-14,102200,105000,101400,104500,596056,0.021505376344086002
2022-12-15,103000,105500,101700,102000,474988,-0.02392344497607657
2022-12-16,100100,102100,99800,101000,451806,-0.009803921568627416
2022-12-19,100100,101800,99500,100200,378458,-0.007920792079207928
2022-12-20,100200,101500,99300,99700,427319,-0.004990019960079861
2022-12-21,100200,101300,99300,99800,452332,0.0010030090270811698
2022-12-22,100700,101800,99900,101200,396889,0.014028056112224352
2022-12-23,98900,99700,96400,97000,800150,-0.04150197628458496
2022-12-26,96600,98000,95900,97300,570527,0.003092783505154628
2022-12-27,97600,99200,96900,97900,887137,0.006166495375128367
2022-12-28,97000,97800,91500,92200,1388923,-0.05822267620020427
2022-12-29,92000,93300,90900,92100,543767,-0.0010845986984815426
2023-01-02,93100,96200,93100,93400,710596,0.014115092290988063
2023-01-03,93400,94300,91600,93200,470258,-0.0021413276231263545
2023-01-04,91000,94400,90100,94300,463744,0.011802575107296098
2023-01-05,95100,96200,92500,92700,441784,-0.016967126193001114
2023-01-06,92000,94700,91100,94700,447567,0.02157497303128375
2023-01-09,96000,97500,95000,97500,475897,0.029567053854276715
2023-01-10,98700,99800,96500,96500,534966,-0.01025641025641022
2023-01-11,97800,99900,97300,99900,485214,0.03523316062176174
2023-01-12,101000,101200,99100,100200,449188,0.0030030030030030463
2023-01-13,100900,100900,99500,99800,361081,-0.003992015968063867
2023-01-16,100000,101000,99900,100300,365996,0.005010020040080221
2023-01-17,100100,101000,98800,99400,424922,-0.008973080757726848
2023-01-18,99800,100500,98100,98900,352302,-0.005030181086519092
2023-01-19,98800,99000,97000,97500,399268,-0.014155712841253831
2023-01-20,97500,99500,97100,99400,381727,0.019487179487179596
2023-01-25,100600,101800,100400,101700,572531,0.023138832997988024
2023-01-26,102700,105500,101400,105400,1161366,0.036381514257620484
2023-01-27,107200,107300,103900,104300,748283,-0.010436432637571103
2023-01-30,105000,106200,102400,103400,663096,-0.00862895493767979
2023-01-31,100500,101300,99000,99800,1324971,-0.03481624758220503
2023-02-01,101000,109600,100800,109200,2337574,0.094188376753507
2023-02-02,110400,114400,110400,114000,1879935,0.04395604395604402
2023-02-03,113600,116200,112000,114100,1513973,0.0008771929824560321
2023-02-06,113600,120400,113100,118700,2397142,0.0403155127081507
2023-02-07,119500,126300,118800,121800,2357801,0.026116259477674708
2023-02-08,123600,124600,119700,122000,1571643,0.0016420361247948545
2023-02-09,121600,131400,120700,130700,3910409,0.07131147540983607
2023-02-10,135400,139700,128700,132700,2873415,0.015302218821729108
2023-02-13,132600,142500,130400,139000,3447025,0.047475508666164234
2023-02-14,141900,142300,134300,140500,2241781,0.010791366906474753
2023-02-15,142500,149000,139500,141100,3489156,0.004270462633451988
2023-02-16,145500,149000,140800,147500,2350333,0.0453579021970234
2023-02-17,144000,149100,140500,146800,2554317,-0.004745762711864443
2023-02-20,147100,149300,142600,147300,2058218,0.0034059945504087974
2023-02-21,147300,161700,144900,160800,4616237,0.09164969450101834
2023-02-22,159100,168000,153000,160500,4546902,-0.001865671641791078
2023-02-23,163000,164200,150600,155200,3029756,-0.03302180685358258
2023-02-24,155200,161100,155200,159300,2302622,0.026417525773195782
2023-02-27,158000,169500,156700,166800,3737868,0.04708097928436916
2023-02-28,168200,169300,163000,166300,2648559,-0.002997601918465209
2023-03-02,166600,171200,158100,159700,3110187,-0.03968731208659049
2023-03-03,161600,182600,161400,182100,5116799,0.14026299311208512
2023-03-06,199800,217000,192500,217000,8059503,0.19165293794618332
2023-03-07,208000,216500,201500,205500,4372985,-0.05299539170506917
2023-03-08,199400,215500,199400,209000,3677052,0.017031630170316392
2023-03-09,215000,215500,197100,205000,2913212,-0.019138755980861233
2023-03-10,196100,203000,193100,193600,2456200,-0.055609756097561025
2023-03-13,190400,205500,190300,203000,3398373,0.04855371900826455
2023-03-14,210000,211500,193300,196500,3476619,-0.03201970443349755
2023-03-15,206500,214000,200500,214000,4072893,0.08905852417302795
2023-03-16,223500,229500,211000,216000,4006835,0.009345794392523255
2023-03-17,217000,218000,199200,200000,3388296,-0.07407407407407407
2023-03-20,184600,204500,181400,204000,3452514,0.020000000000000018
2023-03-21,204000,208500,197300,204500,2193086,0.002450980392156854
2023-03-22,209500,215500,204000,213500,2700971,0.044009779951100336
2023-03-23,212500,262500,210000,235000,9261725,0.10070257611241207
2023-03-24,245000,245500,225000,233000,4120060,-0.008510638297872353
2023-03-27,233000,238500,223500,226000,2796705,-0.030042918454935674
2023-03-28,227500,229500,213000,224000,2762048,-0.008849557522123908
2023-03-29,222500,235500,219000,233000,3256078,0.0401785714285714
2023-03-30,235500,239000,223000,226500,2578123,-0.027896995708154515
2023-03-31,218500,225000,216000,224500,1796010,-0.008830022075055233
2023-04-03,231000,236500,222000,232000,2608823,0.03340757238307357
2023-04-04,232000,238500,221500,224500,1915939,-0.032327586206896575
2023-04-05,224500,237000,220000,235000,2132786,0.04677060133630295
2023-04-06,233000,247500,230000,247500,2352283,0.05319148936170204
2023-04-07,251500,261500,245000,257500,3446298,0.04040404040404044
2023-04-10,258000,315500,257500,292500,9194122,0.13592233009708732
2023-04-11,302000,308500,282000,294500,4639599,0.006837606837606813
2023-04-12,290000,304000,276000,276000,4427300,-0.06281833616298815
2023-04-13,261500,278000,250000,268500,4702433,-0.02717391304347827
2023-04-14,276500,282000,266000,277500,2308384,0.033519553072625774
2023-04-17,278500,295000,274500,294000,2601181,0.05945945945945952
2023-04-18,297000,300000,286500,296000,2416820,0.006802721088435382
2023-04-19,294000,304500,290000,294000,1774759,-0.006756756756756799
2023-04-20,289000,300500,289000,294000,1359064,0.0
2023-04-21,294000,297500,272500,272500,2095094,-0.0731292517006803
2023-04-24,264000,280000,264000,271000,1686722,-0.0055045871559632475
2023-04-25,274500,275500,248500,253500,2949117,-0.06457564575645758
2023-04-26,252500,255500,242500,242500,2117088,-0.04339250493096647
2023-04-27,241500,271000,238500,269500,2973374,0.11134020618556706
2023-04-28,281000,282500,261000,267000,2651234,-0.00927643784786647
2023-05-02,268500,276500,259500,267000,1515819,0.0
2023-05-03,262500,263000,247500,249500,1559531,-0.06554307116104874
2023-05-04,246000,254000,244000,250000,1110726,0.002004008016031955
2023-05-08,252000,253000,241500,242000,1072455,-0.03200000000000003
2023-05-09,239000,243500,227500,237000,1983567,-0.02066115702479343
2023-05-10,238000,241000,229000,231500,1108230,-0.02320675105485237
2023-05-11,235000,239000,216000,222000,1939354,-0.04103671706263501
2023-05-12,218500,233000,217500,227500,1566785,0.024774774774774855
2023-05-15,226000,227000,212500,223500,1751134,-0.01758241758241763
2023-05-16,225000,231500,221500,229000,1141807,0.02460850111856816
2023-05-17,225000,233000,223000,232000,686613,0.013100436681222627
2023-05-18,236500,236500,229000,231500,762522,-0.0021551724137931494
2023-05-19,232000,232500,223000,226500,662072,-0.021598272138228958
2023-05-22,225500,236500,221000,236500,762129,0.04415011037527594
2023-05-23,239500,246500,236500,243500,935974,0.029598308668076
2023-05-24,248500,250500,243500,246000,903966,0.010266940451745477
2023-05-25,242500,249500,240500,243500,565982,-0.010162601626016232
2023-05-26,245500,246500,235000,238000,667433,-0.022587268993839782
2023-05-30,240000,241500,230000,239000,793334,0.004201680672268893
2023-05-31,239500,250000,239000,249000,1082099,0.04184100418410042
2023-06-01,249500,252000,244500,249500,667845,0.002008032128514081
2023-06-02,249500,257000,248000,255000,746706,0.022044088176352616
2023-06-05,258000,259000,252500,257500,626160,0.009803921568627416
2023-06-07,258000,271000,257000,270000,1226036,0.04854368932038833
2023-06-08,270000,274000,263500,267500,1150058,-0.0092592592592593
2023-06-09,274500,275500,265500,267000,898687,-0.0018691588785046953
2023-06-12,268000,270500,265500,268500,729029,0.00561797752808979
2023-06-13,271500,285000,266000,283000,1659227,0.05400372439478596
2023-06-14,284000,287500,254000,254000,2308685,-0.1024734982332155
2023-06-15,258000,266000,254000,258500,1416683,0.017716535433070835
2023-06-16,259000,266000,253000,266000,1144214,0.029013539651837617
2023-06-19,266500,270000,263000,267000,837631,0.003759398496240518
2023-06-20,263000,272500,260500,262000,680495,-0.01872659176029967
2023-06-21,263500,271500,260000,261500,701772,-0.001908396946564861
2023-06-22,258000,266500,256000,265000,531586,0.013384321223709472
2023-06-23,267000,269000,262500,263000,436861,-0.007547169811320753
2023-06-26,263500,266000,261000,261500,362609,-0.005703422053231932
2023-06-27,261000,261000,248000,254500,772954,-0.026768642447418722
2023-06-28,255500,258000,242000,243000,909749,-0.04518664047151277
2023-06-29,243000,247500,238500,241000,686811,-0.008230452674897082
2023-06-30,242000,252000,238000,249000,644888,0.03319502074688807
2023-07-03,254000,270000,250500,263500,1749721,0.05823293172690769
2023-07-04,271000,297500,266000,274500,4655997,0.04174573055028463
2023-07-05,277000,283500,275500,281500,1595113,0.02550091074681249
2023-07-06,283000,284000,273500,275000,1370915,-0.023090586145648295
2023-07-07,272500,280000,271500,280000,1036721,0.018181818181818077
2023-07-10,283500,295500,277500,285000,2544029,0.017857142857142794
2023-07-11,291500,298000,285500,295000,1752416,0.03508771929824572
2023-07-12,295000,296000,276000,279000,2197894,-0.05423728813559325
2023-07-13,276000,284500,270500,281500,1406043,0.008960573476702427
2023-07-14,281500,284500,277000,281500,935951,0.0
2023-07-17,281500,283000,275500,279000,996912,-0.008880994671403242
2023-07-18,282500,326500,279500,326000,5966121,0.1684587813620071
2023-07-19,330000,361000,328000,361000,5892304,0.1073619631901841
2023-07-20,347000,366000,338000,362500,3226383,0.0041551246537396835
2023-07-21,348500,389500,347500,381500,4012520,0.05241379310344829
2023-07-24,385000,414000,384500,404500,4135995,0.0602883355176933
2023-07-25,408500,485000,391500,462000,5442923,0.142150803461063
2023-07-26,483000,584000,428500,455000,11089701,-0.015151515151515138
2023-07-27,445000,451000,368000,376500,6651740,-0.17252747252747258
2023-07-28,367000,409000,360000,407500,4579184,0.08233731739707828
2023-07-31,414000,439000,409000,419000,2250798,0.02822085889570558
2023-08-01,425500,448500,394000,408500,3357955,-0.02505966587112174
2023-08-02,396000,412500,380500,380500,1838944,-0.06854345165238673
2023-08-03,387500,395000,372000,390000,1530821,0.024967148488830526
2023-08-04,393500,396000,379000,380500,973480,-0.024358974358974383
2023-08-07,369500,372500,338500,340000,2047494,-0.10643889618922475
2023-08-08,340000,344500,327000,339000,1550330,-0.002941176470588225
2023-08-09,337000,353500,335500,343500,1073489,0.01327433628318575
2023-08-10,340000,346500,333000,337500,912235,-0.017467248908296984
2023-08-11,341000,341500,320000,323500,1043452,-0.04148148148148145
2023-08-14,316500,325500,307000,318000,932824,-0.01700154559505407
2023-08-16,312000,318000,301500,303500,1057135,-0.045597484276729605
2023-08-17,303000,320000,298500,318000,1546048,0.047775947281713416
2023-08-18,319500,327500,305500,312000,1023213,-0.018867924528301883
2023-08-21,313500,336500,313500,328000,1067372,0.05128205128205132
2023-08-22,335500,341500,327000,337500,1300180,0.028963414634146423
2023-08-23,335500,336500,318000,321000,1012929,-0.04888888888888887
2023-08-24,326000,337000,318500,333500,881759,0.0389408099688473
2023-08-25,324500,348500,324000,342500,1136688,0.026986506746626615
2023-08-28,349000,349000,340000,344500,656141,0.005839416058394109
2023-08-29,342000,342500,325000,330500,979750,-0.04063860667634256
2023-08-30,334500,338000,322500,324500,850021,-0.018154311649016597
2023-08-31,326000,328000,318500,324500,795872,0.0
2023-09-01,320500,320500,308000,308500,817093,-0.04930662557781207
2023-09-04,303000,312500,302500,307500,719380,-0.0032414910858995505
2023-09-05,307500,310000,299500,306500,801440,-0.003252032520325243
2023-09-06,312000,314500,300500,301000,648114,-0.01794453507340943
2023-09-07,299000,302000,285500,289000,1245717,-0.039867109634551534
2023-09-08,290000,299000,288000,299000,790609,0.03460207612456756
2023-09-11,301000,303000,286500,290000,721585,-0.030100334448160515
2023-09-12,294500,297000,275000,277500,1208260,-0.0431034482758621
2023-09-13,275000,280500,270500,275000,801850,-0.009009009009009028
2023-09-14,276000,288000,274500,285000,716570,0.036363636363636376
2023-09-15,286000,287500,280000,280000,697568,-0.01754385964912286
2023-09-18,280000,287500,276000,280000,582615,0.0
2023-09-19,280000,287500,278000,278000,486652,-0.0071428571428571175
2023-09-20,279500,290500,279000,290500,688258,0.04496402877697836
2023-09-21,289500,292500,279000,282500,636305,-0.027538726333907082
2023-09-22,276000,289000,271000,287000,566136,0.015929203539823078
2023-09-25,287500,288000,260500,261500,1259365,-0.08885017421602792
2023-09-26,260500,267000,254000,254500,850834,-0.026768642447418722
2023-09-27,251000,256000,243500,253000,1144937,-0.005893909626719096
2023-10-04,249500,249500,234000,235000,1012455,-0.07114624505928857
2023-10-05,239000,243000,232500,233500,674090,-0.006382978723404209
2023-10-06,232500,239000,232500,235500,351511,0.008565310492505418
2023-10-10,235500,237500,221000,223000,856672,-0.05307855626326963
2023-10-11,228500,247500,225500,243500,991492,0.09192825112107617
2023-10-12,249000,261000,245000,254000,1136493,0.04312114989733051
2023-10-13,253500,257500,243000,246000,869053,-0.03149606299212604
2023-10-16,234000,247000,233000,242500,911320,-0.014227642276422814
2023-10-17,247500,261500,245500,249000,970967,0.02680412371134011
2023-10-18,246500,257500,244000,249500,611962,0.002008032128514081
2023-10-19,242000,245500,238000,239500,679263,-0.04008016032064132
2023-10-20,234500,237500,224500,233500,1083331,-0.025052192066805867
2023-10-23,232500,240000,227500,231000,707846,-0.010706638115631661
2023-10-24,233500,236500,220500,233500,1094510,0.010822510822510845
2023-10-25,234000,234000,213000,213000,1279210,-0.08779443254817987
2023-10-26,199900,209000,198400,199600,1598617,-0.06291079812206568
2023-10-27,200500,211000,196400,203500,1219202,0.019539078156312728
2023-10-30,201000,214000,199600,212000,744013,0.041769041769041726
2023-10-31,211500,211500,195000,196200,1012456,-0.07452830188679249
2023-11-01,198900,202000,187600,188600,1012178,-0.03873598369011211
2023-11-02,193700,217000,192300,217000,1416982,0.15058324496288433
2023-11-03,226500,235000,216500,230000,1917715,0.05990783410138256
2023-11-06,270500,299000,260500,299000,3967285,0.30000000000000004
2023-11-07,306500,320000,263000,284500,4786379,-0.04849498327759194
2023-11-08,272000,283500,253500,255500,1790087,-0.10193321616871709
2023-11-09,259000,261000,237500,248500,1773521,-0.0273972602739726
2023-11-10,240000,241500,233000,233000,853321,-0.06237424547283699
2023-11-13,239000,240000,225000,227000,928068,-0.025751072961373356
2023-11-14,233000,254500,230000,249000,1460540,0.09691629955947145
2023-11-15,268000,272000,244500,250000,1618135,0.004016064257028162
2023-11-16,248000,257000,239500,242500,1023370,-0.030000000000000027
2023-11-17,237500,241000,230000,238000,901372,-0.01855670103092788
2023-11-20,236000,254000,235000,251000,1068545,0.054621848739495826
2023-11-21,252000,252500,241000,245500,913147,-0.021912350597609542
2023-11-22,243000,248000,237500,239500,651438,-0.024439918533604943
2023-11-23,239500,245000,236500,243500,419964,0.016701461377870652
2023-11-24,245000,249500,242000,243000,444715,-0.002053388090349051
2023-11-27,245000,245500,238000,241000,464771,-0.008230452674897082
2023-11-28,241500,252000,239000,244500,704248,0.014522821576763434
2023-11-29,248500,271000,244500,269500,1594422,0.10224948875255624
2023-11-30,261000,277000,258000,274000,1518780,0.016697588126159513
2023-12-01,269500,287500,259000,280000,2131345,0.021897810218978186
2023-12-04,320000,354000,307500,323000,6062155,0.15357142857142847
2023-12-05,312000,331000,303000,308500,2233869,-0.04489164086687303
2023-12-06,308500,321000,297500,301000,1430188,-0.024311183144246407
2023-12-07,312000,312500,291500,301500,1395977,0.0016611295681063787
2023-12-08,304500,315000,299000,313000,1149679,0.03814262023217241
2023-12-11,315000,328000,310500,319000,1208426,0.019169329073482455
2023-12-12,316000,332000,314500,329000,1171359,0.03134796238244508
2023-12-13,321000,325000,310000,312000,1264683,-0.05167173252279633
2023-12-14,324000,325000,314500,320000,1418618,0.02564102564102555
2023-12-15,324000,328500,318000,318000,1328029,-0.006249999999999978
2023-12-18,327000,335500,321000,322000,1881631,0.012578616352201255
2023-12-19,322500,323000,314000,318000,1019914,-0.012422360248447228
2023-12-20,321500,322000,316000,318500,582685,0.0015723270440251014
2023-12-21,314000,325000,303000,306000,1344971,-0.039246467817896424
2023-12-22,308500,311000,293500,294500,834654,-0.037581699346405206
2023-12-26,290500,295500,281000,284000,978199,-0.035653650254668934
2023-12-27,288000,299500,284500,290500,879540,0.022887323943661997
2023-12-28,289000,290500,281500,288000,557312,-0.008605851979345935
2024-01-02,288000,293000,282000,283500,441580,-0.015625
2024-01-03,278000,280000,271000,271500,639495,-0.042328042328042326
2024-01-04,265500,279000,265000,279000,611803,0.027624309392265234
2024-01-05,282000,319500,274000,315000,3123118,0.12903225806451624
2024-01-08,318000,323000,307000,315500,1321504,0.0015873015873015817
2024-01-09,317000,318500,303000,304000,791727,-0.03645007923930266
2024-01-10,300500,305500,291000,293500,791460,-0.03453947368421051
2024-01-11,293500,313500,293500,306000,1242703,0.042589437819420706
2024-01-12,301500,309000,295000,304000,648041,-0.006535947712418277
2024-01-15,298000,306000,288500,292500,802958,-0.03782894736842102
2024-01-16,286000,300000,284500,296500,633626,0.013675213675213627
2024-01-17,294000,296500,282000,282000,775134,-0.04890387858347389
2024-01-18,281000,302000,280500,289000,1149526,0.024822695035461084
2024-01-19,293000,296000,274500,278500,1064874,-0.03633217993079585
2024-01-22,273500,276000,248000,248000,1825800,-0.10951526032315984
2024-01-23,245500,257500,238000,239500,1233895,-0.03427419354838712
2024-01-24,241500,244500,232000,239000,808713,-0.0020876826722338038
2024-01-25,234000,234500,224000,227000,1094625,-0.05020920502092052
2024-01-26,222000,246500,221500,244000,1373958,0.07488986784140961
2024-01-29,247500,248000,225000,227000,1552920,-0.069672131147541
2024-01-30,233000,236000,219000,220000,1455093,-0.03083700440528636
2024-01-31,217000,222500,213500,213500,810765,-0.02954545454545454
2024-02-01,213500,228500,211000,228000,1010740,0.06791569086651061
2024-02-02,230500,232000,222500,229000,905402,0.004385964912280604
2024-02-05,226500,228500,221500,224500,434759,-0.01965065502183405
2024-02-06,220000,221000,216000,216000,771192,-0.03786191536748329
2024-02-07,226000,250000,225500,230500,2845259,0.06712962962962954
2024-02-08,238000,249000,231500,243500,1499991,0.05639913232104132
2024-02-13,243500,248000,235500,240000,1101830,-0.014373716632443578
2024-02-14,234000,248000,227500,243500,930391,0.014583333333333393
2024-02-15,249500,256500,241500,253000,951210,0.03901437371663241
2024-02-16,262000,262500,253000,254000,823032,0.0039525691699604515
2024-02-19,247000,252500,243000,244000,610835,-0.03937007874015752
2024-02-20,240000,254000,235000,253500,994910,0.03893442622950816
2024-02-21,249000,255500,246000,249000,657216,-0.017751479289940808
2024-02-22,249500,253000,246000,249500,447068,0.002008032128514081
2024-02-23,249500,252500,243500,247500,441153,-0.008016032064128265
2024-02-26,245000,249500,242000,242000,449148,-0.022222222222222254
2024-02-27,244500,248500,235500,236500,701468,-0.022727272727272707
2024-02-28,256000,273000,254000,256000,3637396,0.08245243128964064
2024-02-29,259000,266500,250500,266500,1114075,0.041015625
2024-03-04,265500,271500,264000,270000,1016547,0.013133208255159401
2024-03-05,262500,264500,253000,255500,1035646,-0.0537037037037037
2024-03-06,251500,257000,249000,249500,577892,-0.023483365949119372
2024-03-07,251000,257000,246500,250500,552040,0.004008016032064132
2024-03-08,250500,252500,243500,247000,576953,-0.013972055888223589
2024-03-11,245000,249000,244000,245000,354673,-0.0080971659919028
2024-03-12,247500,262000,247000,262000,1070068,0.06938775510204076
2024-03-13,263000,265500,258000,264500,682265,0.009541984732824416
2024-03-14,261000,266500,255500,266500,998393,0.007561436672967936
2024-03-15,262000,262500,256500,256500,493068,-0.03752345215759845
2024-03-18,257000,268000,257000,268000,678264,0.04483430799220267
2024-03-19,271500,278000,264000,271500,1016973,0.013059701492537323
2024-03-20,271000,274500,264500,265000,603154,-0.023941068139963217
2024-03-21,270000,280500,268000,276000,1131930,0.04150943396226414
2024-03-22,277500,280000,273000,277000,528708,0.0036231884057971175
2024-03-25,280000,296500,278000,291000,1527123,0.05054151624548742
2024-03-26,294500,296000,287000,292500,844487,0.005154639175257714
2024-03-27,291500,298500,285000,287500,861359,-0.017094017094017144
2024-03-28,287500,289500,276000,277500,680977,-0.034782608695652195
2024-03-29,275500,280000,269500,274000,617611,-0.012612612612612595
2024-04-01,272000,280000,270500,270500,460008,-0.012773722627737238
2024-04-02,270000,272500,260500,261500,679991,-0.03327171903881698
2024-04-03,253500,257500,245000,245500,1079181,-0.06118546845124284
2024-04-04,248500,251000,236000,246500,859930,0.004073319755600879
2024-04-05,243000,248500,239000,239500,442108,-0.028397565922920864
2024-04-08,232000,245000,225500,240500,1097858,0.0041753653444676075
2024-04-09,244500,248000,235000,236500,611609,-0.016632016632016633
2024-04-11,230000,239000,229500,239000,569787,0.010570824524312794
2024-04-12,240500,240500,228000,228500,553362,-0.043933054393305415
2024-04-15,222500,233500,222000,228000,538285,-0.002188183807439792
2024-04-16,224500,226500,220000,220500,491631,-0.03289473684210531
2024-04-17,221500,224000,215000,215000,477126,-0.024943310657596363
2024-04-18,217500,230500,217000,229000,642403,0.06511627906976747
2024-04-19,225500,231000,222000,227500,468724,-0.0065502183406113135
2024-04-22,233500,242000,232500,240000,694496,0.05494505494505497
2024-04-23,236000,241500,233000,233500,445260,-0.027083333333333348
2024-04-24,243000,249500,239000,245500,810487,0.051391862955032064
2024-04-25,241000,242500,233500,234000,590430,-0.046843177189409335
2024-04-26,237000,239000,230500,236000,371441,0.008547008547008517
2024-04-29,234500,239000,232000,239000,344677,0.012711864406779627
2024-04-30,246000,246000,237000,238500,408521,-0.0020920502092049986
2024-05-02,236500,237500,233000,233000,247321,-0.023060796645702264
2024-05-03,236500,239000,223500,226000,641296,-0.030042918454935674
2024-05-07,226500,228500,222000,223000,525423,-0.013274336283185861
2024-05-08,222000,224000,219000,223000,391153,0.0
2024-05-09,221000,222000,216500,220500,465377,-0.011210762331838597
2024-05-10,220000,222500,217500,217500,316039,-0.013605442176870763
2024-05-13,218000,219000,210000,210500,459634,-0.03218390804597704
2024-05-14,210500,215500,210000,210500,451281,0.0
2024-05-16,211000,216500,208000,216000,551906,0.026128266033254244
2024-05-17,216500,220000,212500,212500,433809,-0.01620370370370372
2024-05-20,214000,215000,210500,213000,267962,0.0023529411764706687
2024-05-21,211500,212000,202500,203500,560921,-0.04460093896713613
2024-05-22,206500,209000,203000,204000,308921,0.002457002457002533
2024-05-23,202000,205000,199800,202500,366376,-0.007352941176470562
2024-05-24,199900,201500,195800,196200,595244,-0.03111111111111109
2024-05-27,196800,209500,193600,208500,929113,0.06269113149847105
2024-05-28,207000,207000,198500,198600,682776,-0.0474820143884892
2024-05-29,196300,197300,187500,187500,1007809,-0.0558912386706949
2024-05-30,185300,190400,184000,185800,751107,-0.009066666666666667
2024-05-31,186300,191300,181500,191300,1058322,0.029601722282023735
2024-06-03,189400,192000,187500,188000,582389,-0.01725039205436485
2024-06-04,187100,194600,187000,191200,706551,0.017021276595744705
2024-06-05,191500,208000,190400,203000,1100996,0.061715481171548126
2024-06-07,208000,224000,202000,222000,1568844,0.09359605911330049
2024-06-10,219000,221500,209000,215500,949785,-0.029279279279279313
2024-06-11,216500,221500,211500,213500,625302,-0.009280742459396807
2024-06-12,211500,215500,205500,209500,543357,-0.0187353629976581
2024-06-13,213500,214500,206000,209000,777900,-0.0023866348448687846
2024-06-14,209000,209000,199600,200500,699689,-0.04066985645933019
2024-06-17,195300,201000,193800,198900,547470,-0.007980049875311757
2024-06-18,201000,203000,191300,191600,710704,-0.03670186023127198
2024-06-19,189500,196600,188500,194100,724891,0.013048016701461274
2024-06-20,194200,199000,187500,188100,823551,-0.03091190108191655
2024-06-21,187900,193600,186600,186600,646780,-0.00797448165869219
2024-06-24,185400,186600,182100,182100,518734,-0.024115755627009627
2024-06-25,182500,184700,179200,179300,463562,-0.01537616694124111
2024-06-26,180300,181500,176800,178400,437439,-0.005019520356943641
2024-06-27,181000,184700,178000,178000,420147,-0.0022421524663677195
2024-06-28,178000,186000,175200,183000,558335,0.028089887640449396
2024-07-01,187500,188600,182100,188500,509498,0.030054644808743092
2024-07-02,190900,190900,182500,182500,384792,-0.03183023872679047
2024-07-03,185500,194600,185500,191000,954589,0.046575342465753344
2024-07-04,195000,196600,188700,189000,527747,-0.010471204188481686
2024-07-05,189100,191800,185700,190100,357510,0.005820105820105725
2024-07-08,188800,202000,187000,198600,964629,0.044713308784850136
2024-07-09,199000,201000,192600,193800,508406,-0.024169184290030232
2024-07-10,193500,196200,189500,189500,402279,-0.022187822497420018
2024-07-11,191000,195500,189000,189000,547890,-0.0026385224274406704
2024-07-12,187500,195700,187100,195700,575362,0.0354497354497354
2024-07-15,195700,195700,188800,194400,535544,-0.006642820643842584
2024-07-16,192800,193200,183000,183200,551866,-0.057613168724279795
2024-07-17,181500,184900,178400,179000,415403,-0.022925764192139764
2024-07-18,178000,186500,177000,182200,547368,0.01787709497206702
2024-07-19,181900,194000,181700,194000,623889,0.06476399560922053
2024-07-22,192700,192700,181100,181100,569845,-0.06649484536082473
2024-07-23,182500,184300,178200,179000,393683,-0.011595803423522955
2024-07-24,177500,184100,175600,178600,360681,-0.0022346368715083775
2024-07-25,174600,184500,170600,180900,972513,0.012877939529675198
2024-07-26,181300,182200,173600,174000,403715,-0.03814262023217252
2024-07-29,174200,178700,171700,178200,353401,0.024137931034482696
2024-07-30,177100,190000,176100,187500,927485,0.05218855218855212
2024-07-31,185300,187300,179200,179900,626382,-0.04053333333333331
2024-08-01,180000,186600,170800,185100,1167499,0.028904947192884833
2024-08-02,180400,191200,179600,185900,724626,0.00432198811453266
2024-08-05,184400,188900,164000,164900,1150660,-0.11296395911780532
2024-08-06,171000,183000,170000,181000,897262,0.0976349302607642
2024-08-07,177700,182600,174200,174200,581172,-0.037569060773480656
2024-08-08,171200,176800,165000,166400,842757,-0.04477611940298509
2024-08-09,170500,182600,169000,179200,1093221,0.07692307692307687
2024-08-12,179700,183600,177800,180000,374793,0.0044642857142858094
2024-08-13,178300,185600,175500,180400,560693,0.0022222222222221255
2024-08-14,185100,189400,181600,186000,562104,0.03104212860310418
2024-08-16,189700,191900,182100,182100,508852,-0.020967741935483897
2024-08-19,181300,182700,172000,172400,621823,-0.05326743547501378
2024-08-20,174700,176300,170200,171600,486336,-0.004640371229698403
2024-08-21,171300,181400,171300,176300,779994,0.027389277389277433
2024-08-22,177600,181800,175900,180900,583764,0.026091888825864995
2024-08-23,178000,178900,172600,174000,622358,-0.03814262023217252
2024-08-26,175500,179100,171700,173800,543665,-0.0011494252873562871
2024-08-27,173800,175200,170000,170100,614348,-0.02128883774453394
2024-08-28,171000,171500,165000,165100,644737,-0.029394473838918245
2024-08-29,163100,170200,163100,168500,525714,0.02059357964869779
2024-08-30,168800,170600,167200,168300,381398,-0.001186943620178016
2024-09-02,169000,183700,168900,181800,1625882,0.0802139037433156
2024-09-03,182500,182700,174400,174500,686180,-0.04015401540154018
2024-09-04,169700,175500,168000,170300,585304,-0.024068767908309474
2024-09-05,172700,173100,166000,167100,515241,-0.018790369935408058
2024-09-06,168500,169700,157500,158100,733467,-0.05385996409335725
2024-09-09,155900,157200,151100,151600,703185,-0.041113219481340946
2024-09-10,152500,154500,148700,148700,482397,-0.01912928759894461
2024-09-11,149500,160700,149500,153700,864741,0.0336247478143914
2024-09-12,157000,165000,155000,157300,1238778,0.023422251138581762
2024-09-13,158500,160400,153600,159100,521286,0.011443102352193257
2024-09-19,161100,162000,155700,158100,366905,-0.006285355122564451
2024-09-20,161300,164000,159800,160800,506516,0.017077798861480087
2024-09-23,159800,169400,158900,169400,585588,0.05348258706467668
2024-09-24,171500,182500,170700,180200,1112942,0.06375442739079107
2024-09-25,181900,184300,177600,178800,655475,-0.007769145394006638
2024-09-26,179100,189600,177000,189600,832170,0.06040268456375841
2024-09-27,188200,192000,185600,190400,640252,0.00421940928270037
2024-09-30,193000,193900,184500,184500,695961,-0.030987394957983194
2024-10-02,183400,192800,182500,190100,626291,0.030352303523035307
2024-10-04,190100,192900,183400,183400,602272,-0.0352446081009995
2024-10-07,185800,194000,184500,192700,761883,0.050708833151581256
2024-10-08,190700,193700,188400,193000,482782,0.0015568240788790266
2024-10-10,194400,194500,186000,186300,867580,-0.0347150259067357
2024-10-11,186500,190200,180600,180900,503426,-0.02898550724637683
2024-10-14,178600,180000,175100,175900,437477,-0.027639579878385834
2024-10-15,176600,180000,170000,171100,551830,-0.027288231949971542
2024-10-16,172300,172900,168100,169000,366010,-0.012273524254821755
2024-10-17,168900,170900,166400,166400,332780,-0.01538461538461533
2024-10-18,165200,167400,162000,163100,391228,-0.019831730769230727
2024-10-21,163100,165700,162500,164900,298968,0.011036174126302978
2024-10-22,163700,164800,156600,156700,478346,-0.04972710733778052
2024-10-23,156200,163200,155000,162200,449063,0.03509891512444163
2024-10-24,165000,165400,156500,156600,456927,-0.03452527743526512
2024-10-25,160400,163400,155500,157600,349054,0.0063856960408683605
2024-10-28,159200,172000,159100,172000,810783,0.09137055837563457
2024-10-29,169300,174300,167500,173800,485945,0.010465116279069875
2024-10-30,172800,176200,169400,170200,381830,-0.020713463751438455
2024-10-31,168300,174900,166000,170500,924023,0.001762632197414904
2024-11-01,166200,174000,163000,169700,521486,-0.004692082111436902
2024-11-04,172000,189100,168500,182000,1677902,0.07248084855627579
2024-11-05,180300,183100,178200,178500,428026,-0.019230769230769273
2024-11-06,182100,182800,162000,163100,1401358,-0.0862745098039216
2024-11-07,162800,164500,156100,159100,818298,-0.024524831391784185
2024-11-08,162100,167200,160400,160600,559098,0.009428032683846732
2024-11-11,161000,164700,152100,152700,661237,-0.04919053549190533
2024-11-12,154400,157600,151000,152900,640626,0.0013097576948264411
2024-11-13,152800,154000,143200,144300,796596,-0.05624591236102028
2024-11-14,145000,147000,133200,135100,1117417,-0.0637560637560638
2024-11-15,129900,130800,120400,124500,1502075,-0.07846039970392304
2024-11-18,124700,129100,122100,127500,813884,0.024096385542168752
2024-11-19,127000,128500,122900,128000,510489,0.0039215686274509665
2024-11-20,127700,132100,125700,129800,448887,0.014062500000000089
2024-11-21,129400,134300,128300,132300,484977,0.01926040061633283
2024-11-22,133200,137900,132000,135400,440799,0.023431594860166216
2024-11-25,136200,143700,135300,141900,672828,0.0480059084194977
2024-11-26,143500,148700,139300,140200,837516,-0.011980267794221233
2024-11-27,140800,142200,134600,135200,462950,-0.03566333808844513
2024-11-28,140400,146600,138200,144400,1015040,0.06804733727810652
2024-11-29,144400,144400,135200,135200,603689,-0.06371191135734067
2024-12-02,137300,142100,135600,137500,490295,0.017011834319526686
2024-12-03,137700,139800,135000,138000,400960,0.0036363636363636598
2024-12-04,134000,137500,131200,134100,590011,-0.02826086956521734
2024-12-05,135000,135900,128800,128900,368463,-0.03877703206562266
2024-12-06,128800,132000,125000,129400,504716,0.0038789759503490284
2024-12-09,127700,131700,126000,128800,605939,-0.004636785162287493
2024-12-10,131400,133700,129300,131000,474551,0.017080745341614856
2024-12-11,131000,137200,129800,131200,566257,0.0015267175572519776
2024-12-12,133400,136900,128800,134900,823795,0.02820121951219523
2024-12-13,134200,135000,131000,131000,488351,-0.0289103039288362
2024-12-16,132000,133100,128200,128200,469683,-0.021374045801526687
2024-12-17,129000,129200,118200,118200,1088032,-0.07800312012480504
2024-12-18,119100,121100,118500,120000,598089,0.015228426395939021
2024-12-19,117300,122000,116500,118600,586245,-0.011666666666666714
2024-12-20,119600,120400,113200,114100,634148,-0.03794266441821248
2024-12-23,115000,115900,108900,114800,672328,0.006134969325153339
2024-12-24,115300,121000,114800,115300,753672,0.00435540069686402
2024-12-26,116100,116300,109400,109900,647305,-0.04683434518647012
2024-12-27,109900,112300,106600,108000,652732,-0.017288444040036377
2024-12-30,107900,111500,107500,109900,399730,0.017592592592592604
2025-01-02,110400,110900,105000,105500,459369,-0.04003639672429482
2025-01-03,105600,115200,105600,113000,910881,0.07109004739336489
2025-01-06,114100,118100,113000,117000,553990,0.03539823008849563
2025-01-07,116900,119400,115300,116000,482373,-0.008547008547008517
2025-01-08,115300,121000,114700,120500,629605,0.0387931034482758
2025-01-09,120300,131600,116600,131600,1001082,0.092116182572614
2025-01-10,125900,125900,120200,120200,808144,-0.08662613981762923
2025-01-13,119500,121800,118100,118100,382089,-0.017470881863560717
2025-01-14,119700,131000,119200,127300,1058155,0.077900084674005
2025-01-15,127600,136000,126700,129300,965131,0.01571091908876676
2025-01-16,134700,136600,130900,131300,676789,0.015467904098994678
2025-01-17,130000,134600,128100,130100,570430,-0.009139375476009182
2025-01-20,132500,139600,132300,138000,1315555,0.06072252113758658
2025-01-21,135200,138500,123300,126100,1852672,-0.086231884057971
2025-01-22,126800,132400,126800,130600,860437,0.03568596352101516
2025-01-23,129300,133000,125800,131200,698157,0.004594180704440953
2025-01-24,131200,133000,128600,129600,457720,-0.012195121951219523
2025-01-31,128000,133700,125900,131000,485819,0.010802469135802406
2025-02-03,128200,128500,119000,119000,751464,-0.09160305343511455
2025-02-04,122100,126200,120200,120300,596140,0.01092436974789912
2025-02-05,121100,125400,121100,123600,422903,0.027431421446383997
2025-02-06,124200,126000,121400,122700,406803,-0.007281553398058249
2025-02-07,123400,130500,120800,121100,871007,-0.013039934800325947
2025-02-10,118600,121800,116800,120700,520316,-0.003303055326176696
2025-02-11,120900,124000,118600,120700,674615,0.0
2025-02-12,120600,123500,118500,121200,572381,0.0041425020712511085
2025-02-13,122800,134300,122700,131100,1977098,0.08168316831683176
2025-02-14,129800,131400,125400,128000,948904,-0.023646071700991644
2025-02-17,128500,133700,127000,130600,936794,0.020312499999999956
2025-02-18,131700,131700,128100,128400,506687,-0.016845329249617125
2025-02-19,128900,137400,128500,135200,1362738,0.052959501557632294
2025-02-20,136600,140300,134100,135600,961534,0.002958579881656709
2025-02-21,136700,139500,135300,137400,722478,0.01327433628318575
2025-02-24,135800,141700,134400,140800,890021,0.024745269286754024
2025-02-25,139500,139900,133100,133100,715115,-0.0546875
2025-02-26,133000,141000,132700,138600,889786,0.04132231404958686
2025-02-27,138600,139000,132800,134000,907540,-0.03318903318903321
2025-02-28,131200,131900,117000,119000,2490297,-0.11194029850746268
2025-03-04,117900,117900,111500,111900,1048865,-0.0596638655462185
2025-03-05,113100,115100,110700,112700,675537,0.0071492403932083
2025-03-06,114600,118600,112700,112900,818758,0.0017746228926354135
2025-03-07,111300,117500,111300,116700,726487,0.033658104517271914
2025-03-10,116800,123900,115500,123000,1004048,0.05398457583547556
2025-03-11,117700,120400,117600,119000,609352,-0.03252032520325199
2025-03-12,120800,122100,119100,119400,542178,0.003361344537815114
2025-03-13,121500,122200,115000,115600,866306,-0.031825795644891075
2025-03-14,115300,116300,111200,112500,685802,-0.026816608996539815
2025-03-17,113100,113700,110700,110800,526173,-0.015111111111111075
2025-03-18,111500,114100,110800,111300,542930,0.004512635379061436
2025-03-19,111100,113400,110200,111900,466804,0.005390835579514919
2025-03-20,114000,114400,112000,112900,539505,0.008936550491510209
