Date,Open,High,Low,Close,Volume,Change
2022-01-03,788,788,771,784,97641,0.006418485237484006
2022-01-04,795,795,783,791,79108,0.008928571428571397
2022-01-05,835,1025,835,1025,22558384,0.2958280657395702
2022-01-06,1075,1330,1060,1330,28460776,0.29756097560975614
2022-01-07,1530,1670,1270,1330,68725594,0.0
2022-01-10,1295,1490,1270,1330,50845368,0.0
2022-01-11,1315,1440,1280,1330,17364622,0.0
2022-01-12,1260,1340,1180,1185,10875460,-0.10902255639097747
2022-01-13,1170,1540,1120,1540,67141710,0.29957805907172985
2022-01-14,1700,1960,1430,1580,154886473,0.025974025974025983
2022-01-17,1545,1545,1470,1525,5094646,-0.034810126582278444
2022-01-18,1555,1585,1550,1560,3638127,0.022950819672131084
2022-01-19,1530,1590,1470,1510,3096716,-0.03205128205128205
2022-01-20,1520,1670,1410,1430,35010917,-0.052980132450331174
2022-01-21,1405,1855,1355,1855,95229304,0.2972027972027973
2022-01-24,1835,1865,1585,1600,29625048,-0.13746630727762799
2022-01-25,1605,1630,1410,1425,14369120,-0.109375
2022-01-26,1405,1500,1370,1390,12028227,-0.024561403508771895
2022-01-27,1390,1395,1200,1200,8309835,-0.13669064748201443
2022-01-28,1250,1300,1200,1210,5955829,0.008333333333333304
2022-02-03,1220,1295,1170,1255,6184387,0.037190082644628086
2022-02-04,1235,1375,1165,1185,16701661,-0.055776892430278835
2022-02-07,1210,1250,1175,1220,3809796,0.029535864978903037
2022-02-08,1225,1290,1195,1280,4135610,0.049180327868852514
2022-02-09,1275,1340,1255,1315,5184401,0.02734375
2022-02-10,1295,1315,1250,1270,2595300,-0.034220532319391594
2022-02-11,1240,1250,1170,1180,2669103,-0.07086614173228345
2022-02-14,1150,1230,1020,1025,8405279,-0.1313559322033898
2022-02-15,1050,1165,1015,1035,9094246,0.009756097560975618
2022-02-16,1060,1160,1045,1090,9488374,0.0531400966183575
2022-02-17,1075,1120,1025,1040,3946579,-0.04587155963302747
2022-02-18,1025,1080,1000,1050,2204498,0.009615384615384581
2022-02-21,1060,1350,1055,1240,49397232,0.18095238095238098
2022-02-22,1170,1345,1135,1205,20906419,-0.028225806451612878
2022-02-23,1220,1310,1200,1210,10999447,0.004149377593360981
2022-02-24,1210,1270,1170,1215,6537464,0.004132231404958775
2022-02-25,1255,1310,1215,1255,11921022,0.03292181069958855
2022-02-28,1270,1345,1240,1320,14620371,0.05179282868525892
2022-03-02,1335,1335,1270,1280,5852397,-0.030303030303030276
2022-03-03,1080,1270,1080,1170,8815644,-0.0859375
2022-03-04,1170,1170,1065,1100,3807852,-0.05982905982905984
2022-03-07,1120,1265,1100,1180,16923548,0.07272727272727275
2022-03-08,1185,1200,1105,1145,6533815,-0.029661016949152574
2022-03-10,910,945,875,899,10160535,-0.21484716157205241
2022-03-11,890,898,842,859,4355149,-0.04449388209121241
2022-03-14,846,852,806,820,2313308,-0.0454016298020955
2022-03-15,831,1065,821,1065,18440603,0.2987804878048781
2022-03-16,1165,1350,1150,1220,41463726,0.1455399061032865
2022-03-17,1220,1240,1155,1215,7025860,-0.004098360655737654
2022-03-18,1205,1205,1140,1165,3192173,-0.04115226337448563
2022-03-21,1170,1170,1090,1130,3082231,-0.030042918454935674
2022-03-22,1120,1180,1090,1135,3710505,0.004424778761061843
2022-03-23,1135,1300,1090,1185,16874438,0.044052863436123246
2022-03-24,1170,1225,1150,1195,4238251,0.00843881856540074
2022-03-25,1210,1220,1160,1165,2915949,-0.025104602510460206
2022-03-28,1165,1165,1120,1135,1187063,-0.025751072961373356
2022-03-29,1150,1245,1120,1205,6087438,0.06167400881057272
2022-03-30,1170,1175,1130,1145,2476009,-0.049792531120331995
2022-03-31,1140,1160,1125,1140,1216449,-0.004366812227074246
2022-04-01,1135,1205,1110,1150,6588689,0.00877192982456143
2022-04-04,1145,1160,1125,1145,1220698,-0.004347826086956497
2022-04-05,1155,1200,1125,1160,5685116,0.013100436681222627
2022-04-06,1145,1160,1130,1135,1146081,-0.02155172413793105
2022-04-07,1115,1145,1090,1095,1392290,-0.03524229074889873
2022-04-08,1095,1110,1005,1040,1566989,-0.05022831050228316
2022-04-11,1040,1080,1015,1030,487883,-0.009615384615384581
2022-04-12,1020,1030,990,1005,611199,-0.024271844660194164
2022-04-13,1010,1055,1000,1000,701057,-0.00497512437810943
2022-04-14,1060,1300,1025,1115,38988813,0.11499999999999999
2022-04-15,1120,1320,1085,1230,43936019,0.10313901345291487
2022-04-18,1210,1265,1170,1170,5664438,-0.04878048780487809
2022-04-19,1180,1295,1175,1280,18171874,0.09401709401709413
2022-04-20,1260,1270,1175,1180,6155513,-0.078125
2022-04-21,1175,1210,1150,1180,2492371,0.0
2022-04-22,1150,1180,1145,1150,2184461,-0.025423728813559365
2022-04-25,1115,1195,1105,1145,1803253,-0.004347826086956497
2022-04-26,1155,1220,1130,1135,2559030,-0.008733624454148492
2022-04-27,1135,1135,1085,1090,1544309,-0.03964757709251099
2022-04-28,1100,1255,1095,1165,13401578,0.0688073394495412
2022-04-29,1165,1210,1150,1175,3352555,0.008583690987124415
2022-05-02,1145,1165,1135,1150,889592,-0.021276595744680882
2022-05-03,1160,1190,1145,1170,2275266,0.017391304347825987
2022-05-04,1170,1175,1140,1140,927236,-0.02564102564102566
2022-05-06,1125,1235,1100,1155,5671343,0.013157894736842035
2022-05-09,1165,1215,1145,1200,3888518,0.03896103896103886
2022-05-10,1180,1220,1155,1210,2821015,0.008333333333333304
2022-05-11,1220,1250,1180,1195,3049225,-0.012396694214875992
2022-05-12,1195,1200,1155,1165,1464371,-0.025104602510460206
2022-05-13,1170,1200,1165,1180,1313714,0.012875536480686733
2022-05-16,1170,1195,1160,1170,1289274,-0.008474576271186418
2022-05-17,1130,1165,1120,1145,1362813,-0.021367521367521403
2022-05-18,1135,1190,1130,1190,2099675,0.0393013100436681
2022-05-19,1150,1240,1150,1200,2911906,0.008403361344537785
2022-05-20,1210,1220,1180,1180,1399264,-0.01666666666666672
2022-05-23,1180,1260,1180,1210,4499400,0.025423728813559254
2022-05-24,1210,1215,1185,1190,1615781,-0.016528925619834656
2022-05-25,1205,1210,1170,1180,1844517,-0.008403361344537785
2022-05-26,1200,1240,1165,1170,3849382,-0.008474576271186418
2022-05-27,1190,1195,1155,1160,1195399,-0.008547008547008517
2022-05-30,1155,1160,1040,1115,3174522,-0.03879310344827591
2022-05-31,1115,1115,1085,1085,806669,-0.026905829596412523
2022-06-02,1105,1105,1075,1085,533008,0.0
2022-06-03,1085,1090,1040,1055,1111627,-0.027649769585253448
2022-06-07,1025,1050,1015,1035,768875,-0.018957345971563955
2022-06-08,1040,1070,1000,1015,960988,-0.019323671497584516
2022-06-09,1005,1020,986,998,1212901,-0.016748768472906406
2022-06-10,999,999,955,970,791578,-0.028056112224448926
2022-06-13,963,971,892,925,598197,-0.046391752577319534
2022-06-14,882,1180,879,1005,23847949,0.08648648648648649
2022-06-15,1055,1080,904,915,6180510,-0.08955223880597019
2022-06-16,931,936,898,898,1081684,-0.01857923497267755
2022-06-17,939,990,850,901,1788013,0.0033407572383072903
2022-06-20,902,902,836,843,698880,-0.06437291897891229
2022-06-21,825,870,820,860,493211,0.02016607354685651
2022-06-22,850,888,817,820,455968,-0.046511627906976716
2022-06-23,820,830,771,771,622971,-0.05975609756097566
2022-06-24,781,820,771,810,343708,0.05058365758754868
2022-06-27,839,850,811,848,580805,0.04691358024691361
2022-06-28,836,866,829,860,265140,0.014150943396226356
2022-06-29,841,887,837,846,299439,-0.016279069767441867
2022-06-30,846,874,835,835,243916,-0.013002364066193817
2022-07-01,835,852,800,803,224541,-0.03832335329341319
2022-07-04,811,815,765,792,212591,-0.013698630136986356
2022-07-05,792,822,792,818,175428,0.03282828282828287
2022-07-06,839,839,772,803,162318,-0.01833740831295838
2022-07-07,811,819,800,808,185962,0.0062266500622665255
2022-07-08,814,985,811,853,4903296,0.05569306930693063
2022-07-11,850,864,831,845,489323,-0.009378663540445475
2022-07-12,842,844,818,818,248289,-0.031952662721893454
2022-07-13,806,849,799,818,321152,0.0
2022-07-14,818,833,810,824,270597,0.007334963325183352
2022-07-15,824,827,801,812,264946,-0.014563106796116498
2022-07-18,820,833,810,825,358502,0.016009852216748666
2022-07-19,825,843,822,836,264835,0.01333333333333342
2022-07-20,842,852,834,835,289339,-0.0011961722488038617
2022-07-21,846,846,826,834,241937,-0.0011976047904191933
2022-07-22,841,841,826,829,194175,-0.005995203836930418
2022-07-25,832,839,816,817,155620,-0.014475271411338975
2022-07-26,820,838,816,820,162448,0.003671970624234966
2022-07-27,821,829,820,827,157813,0.008536585365853666
2022-07-28,829,833,816,817,183181,-0.01209189842805325
2022-07-29,825,849,817,848,431921,0.0379436964504285
2022-08-01,848,849,832,838,217169,-0.011792452830188704
2022-08-02,838,838,821,828,136515,-0.011933174224343701
2022-08-03,824,837,822,830,160824,0.0024154589371980784
2022-08-04,830,841,830,831,199642,0.00120481927710836
2022-08-05,833,877,833,850,725600,0.022864019253910906
2022-08-08,848,912,848,890,1329715,0.04705882352941182
2022-08-09,898,910,870,880,509935,-0.011235955056179803
2022-08-10,872,872,855,862,262363,-0.020454545454545503
2022-08-11,865,891,865,883,380084,0.024361948955916368
2022-08-12,884,884,864,867,312851,-0.01812004530011324
2022-08-16,868,888,860,887,394273,0.023068050749711633
2022-08-17,887,889,866,874,167909,-0.01465614430665163
2022-08-18,872,872,842,863,191188,-0.01258581235697942
2022-08-19,863,997,845,903,6580192,0.04634994206257237
2022-08-22,907,941,862,874,849407,-0.032115171650055396
2022-08-23,880,880,850,853,319496,-0.024027459954233388
2022-08-24,867,879,857,862,101157,0.010550996483001063
2022-08-25,862,885,862,872,190519,0.011600928074245953
2022-08-26,871,895,870,885,250474,0.014908256880733939
2022-08-29,890,894,863,863,270614,-0.024858757062146908
2022-08-30,887,887,851,863,203003,0.0
2022-08-31,875,875,855,863,222818,0.0
2022-09-01,861,870,811,830,303452,-0.03823870220162229
2022-09-02,831,844,830,835,119361,0.006024096385542244
2022-09-05,835,835,805,812,226261,-0.02754491017964067
2022-09-06,811,836,805,814,111447,0.0024630541871921707
2022-09-07,814,828,781,796,301675,-0.02211302211302213
2022-09-08,799,940,793,814,4376537,0.022613065326633208
2022-09-13,817,850,790,820,607597,0.0073710073710073765
2022-09-14,813,813,789,805,241534,-0.018292682926829285
2022-09-15,806,871,806,816,504612,0.013664596273291973
2022-09-16,819,823,800,805,315061,-0.013480392156862697
2022-09-19,805,815,799,799,287378,-0.007453416149068359
2022-09-20,799,819,795,797,287661,-0.0025031289111389077
2022-09-21,789,810,785,785,235230,-0.01505646173149311
2022-09-22,785,790,760,765,589649,-0.02547770700636942
2022-09-23,757,775,755,767,162738,0.002614379084967311
2022-09-26,767,767,700,703,463775,-0.08344198174706652
2022-09-27,700,718,690,697,154885,-0.008534850640113834
2022-09-28,682,704,666,693,328284,-0.0057388809182209455
2022-09-29,693,775,677,690,1774619,-0.0043290043290042934
2022-09-30,679,730,667,691,456765,0.0014492753623187582
2022-10-04,691,715,691,710,222046,0.02749638205499272
2022-10-05,709,719,690,696,208775,-0.019718309859154903
2022-10-06,696,716,696,711,191064,0.02155172413793105
2022-10-07,740,740,700,712,132439,0.0014064697609001975
2022-10-11,733,734,670,687,286552,-0.0351123595505618
2022-10-12,675,699,669,685,177306,-0.0029112081513827937
2022-10-13,690,690,660,660,124489,-0.03649635036496346
2022-10-14,712,789,677,680,3641122,0.030303030303030276
2022-10-17,660,683,660,672,290369,-0.0117647058823529
2022-10-18,690,699,675,686,305329,0.02083333333333326
2022-10-19,686,692,681,685,233833,-0.001457725947521915
2022-10-20,681,693,672,672,213023,-0.01897810218978102
2022-10-21,683,684,664,664,192755,-0.011904761904761862
2022-10-24,665,683,665,669,101982,0.0075301204819278045
2022-10-25,680,680,659,669,269933,0.0
2022-10-26,669,677,657,663,137514,-0.008968609865470878
2022-10-27,662,667,649,660,240770,-0.004524886877828038
2022-10-28,668,668,650,657,130138,-0.004545454545454519
2022-10-31,659,660,650,654,117632,-0.004566210045662156
2022-11-01,654,659,650,658,135499,0.006116207951070374
2022-11-02,658,658,652,655,92425,-0.00455927051671734
2022-11-03,650,654,615,648,119272,-0.010687022900763399
2022-11-04,650,650,632,643,96359,-0.007716049382716084
2022-11-07,644,660,644,650,54664,0.010886469673405896
2022-11-08,644,653,644,652,66834,0.003076923076922977
2022-11-09,652,710,650,662,477887,0.015337423312883347
2022-11-10,667,667,653,658,56657,-0.0060422960725075026
2022-11-11,665,669,659,668,188027,0.015197568389057725
2022-11-14,668,675,665,670,171419,0.0029940119760478723
2022-11-15,670,677,667,672,166986,0.0029850746268655914
2022-11-16,681,689,670,679,287945,0.01041666666666674
2022-11-17,683,684,668,679,153828,0.0
2022-11-18,673,685,670,674,156806,-0.007363770250368162
2022-11-21,680,680,661,667,105382,-0.010385756676557834
2022-11-22,662,683,655,669,121764,0.0029985007496251548
2022-11-23,679,679,663,668,101926,-0.001494768310911776
2022-11-24,674,680,660,673,120253,0.007485029940119681
2022-11-25,673,680,671,679,177793,0.008915304606240682
2022-11-28,679,774,670,692,4904022,0.019145802650957222
2022-11-29,690,690,659,670,563144,-0.03179190751445082
2022-11-30,670,686,661,672,236406,0.0029850746268655914
2022-12-01,675,686,673,683,171809,0.016369047619047672
2022-12-02,688,690,675,679,141026,-0.005856515373352855
2022-12-05,679,692,675,682,109634,0.004418262150220897
2022-12-06,681,689,667,668,141425,-0.02052785923753664
2022-12-07,666,679,659,676,74981,0.011976047904191711
2022-12-08,676,724,661,668,649313,-0.011834319526627168
2022-12-09,673,673,661,669,97457,0.0014970059880239361
2022-12-12,672,676,668,675,152196,0.008968609865470878
2022-12-13,670,682,670,674,134151,-0.001481481481481528
2022-12-14,679,699,674,687,246649,0.01928783382789323
2022-12-15,687,690,678,682,200581,-0.00727802037845704
2022-12-16,679,687,674,681,139374,-0.0014662756598240456
2022-12-19,679,695,679,686,185601,0.007342143906020615
2022-12-20,698,698,675,697,130621,0.016034985422740622
2022-12-21,700,703,684,689,163435,-0.011477761836441891
2022-12-22,691,700,687,687,111720,-0.002902757619738794
2022-12-23,686,697,667,675,121527,-0.017467248908296984
2022-12-26,672,676,661,663,182400,-0.01777777777777778
2022-12-27,667,675,660,667,95909,0.006033182503770718
2022-12-28,659,669,658,661,113957,-0.008995502248875575
2022-12-29,652,660,648,649,144676,-0.018154311649016597
2023-01-02,650,654,636,641,97624,-0.012326656394452962
2023-01-03,638,640,625,634,170456,-0.010920436817472678
2023-01-04,629,633,619,620,157550,-0.02208201892744477
2023-01-05,624,640,620,626,67698,0.00967741935483879
2023-01-06,625,632,620,627,38443,0.0015974440894568342
2023-01-09,627,642,627,636,67535,0.014354066985645897
2023-01-10,642,642,632,637,23971,0.0015723270440251014
2023-01-11,633,644,633,640,88990,0.0047095761381474865
2023-01-12,641,649,641,644,92582,0.006250000000000089
2023-01-13,650,658,644,646,81475,0.0031055900621117516
2023-01-16,646,649,634,647,90409,0.001547987616099089
2023-01-17,647,653,641,644,46178,-0.004636785162287493
2023-01-18,644,649,637,640,69768,-0.006211180124223614
2023-01-19,640,642,637,638,25870,-0.0031250000000000444
2023-01-20,638,643,637,639,33598,0.0015673981191222097
2023-01-25,639,655,639,648,72496,0.014084507042253502
2023-01-26,654,654,645,646,153934,-0.0030864197530864335
2023-01-27,656,656,645,648,55424,0.003095975232198178
2023-01-30,648,739,645,658,2097085,0.015432098765432167
2023-01-31,669,669,652,659,188300,0.001519756838905817
2023-02-01,659,660,649,654,133166,-0.007587253414264028
2023-02-02,654,729,651,662,2576901,0.012232415902140747
2023-02-03,664,710,656,676,1543073,0.02114803625377637
2023-02-06,684,684,666,670,379958,-0.00887573964497046
2023-02-07,666,676,655,665,337903,-0.007462686567164201
2023-02-08,664,666,655,672,391030,0.010526315789473717
2023-02-09,672,672,658,665,283524,-0.01041666666666663
2023-02-10,664,664,638,642,408909,-0.0345864661654135
2023-02-13,642,650,636,646,131434,0.006230529595015577
2023-02-14,635,658,635,639,263803,-0.010835913312693513
2023-02-15,639,645,617,628,504636,-0.017214397496087663
2023-02-16,624,634,620,633,351008,0.0079617834394905
2023-02-17,670,700,621,633,1547452,0.0
2023-02-20,647,660,631,635,327920,0.003159557661927437
2023-02-21,640,648,625,628,406366,-0.011023622047244053
2023-02-22,624,627,610,611,511470,-0.027070063694267565
2023-02-23,608,614,598,599,629931,-0.019639934533551506
2023-02-24,599,603,574,584,691985,-0.025041736227045086
2023-02-27,585,586,573,580,242143,-0.006849315068493178
2023-02-28,580,584,561,566,531188,-0.024137931034482807
2023-03-02,567,570,550,550,443746,-0.028268551236749095
2023-03-03,561,561,533,537,440202,-0.023636363636363678
2023-03-06,537,545,523,525,342100,-0.022346368715083775
2023-03-07,525,536,517,531,331464,0.011428571428571344
2023-03-08,535,535,520,524,171022,-0.013182674199623379
2023-03-09,524,588,524,550,1136242,0.04961832061068705
2023-03-10,559,559,535,548,263556,-0.0036363636363636598
2023-03-13,544,544,522,530,181065,-0.03284671532846717
2023-03-14,530,532,501,501,424655,-0.05471698113207546
2023-03-15,502,515,501,513,129235,0.0239520958083832
2023-03-16,514,516,502,512,70967,-0.0019493177387914784
2023-03-17,512,524,507,522,66430,0.01953125
2023-03-20,521,525,512,519,133969,-0.005747126436781658
2023-03-21,510,519,509,517,156884,-0.003853564547206201
2023-03-22,517,522,509,509,131523,-0.015473887814313358
2023-03-23,520,520,503,512,147881,0.005893909626718985
2023-03-24,511,542,510,521,164419,0.017578125
2023-03-27,521,527,509,525,107932,0.007677543186180413
2023-03-28,512,556,512,525,560688,0.0
2023-03-29,520,532,520,523,102908,-0.003809523809523818
2023-03-30,523,533,521,524,84463,0.0019120458891013214
2023-03-31,528,556,528,543,468338,0.03625954198473291
2023-04-03,550,572,550,560,458763,0.03130755064456725
2023-04-04,580,580,554,557,518163,-0.005357142857142838
2023-04-05,562,565,550,563,258211,0.010771992818671361
2023-04-06,550,559,540,550,347471,-0.023090586145648295
2023-04-07,550,574,531,550,745941,0.0
2023-04-10,554,554,527,531,303318,-0.034545454545454546
2023-04-11,531,537,524,531,96238,0.0
2023-04-12,531,545,530,541,166585,0.01883239171374762
2023-04-13,536,549,536,542,114271,0.001848428835489857
2023-04-14,537,551,537,545,92341,0.005535055350553542
2023-04-17,551,552,536,542,89812,-0.0055045871559632475
2023-04-18,538,545,535,542,129870,0.0
2023-04-19,542,542,535,537,106579,-0.009225092250922495
2023-04-20,540,546,525,526,183569,-0.020484171322160183
2023-04-21,526,531,518,525,168346,-0.0019011406844106071
2023-04-24,524,527,510,520,206666,-0.00952380952380949
2023-04-25,520,526,507,515,99717,-0.009615384615384581
2023-04-26,515,525,508,512,53466,-0.005825242718446644
2023-04-27,512,521,501,508,97973,-0.0078125
2023-04-28,511,519,503,510,110863,0.003937007874015741
2023-05-02,510,518,501,516,161442,0.0117647058823529
2023-05-03,516,524,500,519,120737,0.005813953488372103
2023-05-04,516,540,512,533,308001,0.026974951830443183
2023-05-08,531,545,531,541,190417,0.015009380863039379
2023-05-09,541,546,536,539,186096,-0.003696857670979714
2023-05-10,534,548,531,540,101923,0.0018552875695732052
2023-05-11,540,548,540,543,101840,0.005555555555555536
2023-05-12,551,551,534,541,97213,-0.0036832412523020164
2023-05-15,548,548,508,530,97833,-0.020332717190388205
2023-05-16,535,543,529,536,97280,0.01132075471698113
2023-05-17,539,544,531,542,60643,0.011194029850746245
2023-05-18,537,546,537,544,51943,0.0036900369003689537
2023-05-19,544,573,539,563,503656,0.03492647058823528
2023-05-22,574,603,566,593,696410,0.05328596802841923
2023-05-23,593,604,583,585,341286,-0.013490725126475533
2023-05-24,581,604,575,595,288981,0.017094017094017033
2023-05-25,605,630,599,624,1013102,0.04873949579831938
2023-05-26,632,646,621,631,732921,0.011217948717948678
2023-05-30,631,671,629,671,1219024,0.06339144215530901
2023-05-31,673,677,650,657,720748,-0.02086438152011927
2023-06-01,657,657,628,657,238254,0.0
2023-06-02,651,659,648,655,110835,-0.0030441400304414
2023-06-05,646,654,639,645,100947,-0.01526717557251911
2023-06-07,645,653,632,635,187368,-0.015503875968992276
2023-06-08,629,665,629,640,570734,0.007874015748031482
2023-06-09,651,651,625,639,101255,-0.0015625000000000222
2023-06-12,641,643,630,636,295317,-0.0046948356807511304
2023-06-13,636,643,610,615,632777,-0.03301886792452835
2023-06-14,622,641,619,640,325331,0.04065040650406515
2023-06-15,636,637,621,621,237853,-0.029687499999999978
2023-06-16,623,652,623,649,370533,0.04508856682769724
2023-06-19,682,776,661,740,8462146,0.1402157164869029
2023-06-20,793,962,791,962,8984928,0.30000000000000004
2023-06-21,1190,1250,1073,1126,54603860,0.17047817047817038
2023-06-22,1076,1321,1075,1111,30012060,-0.013321492007104752
2023-06-23,1120,1287,1111,1211,17868429,0.09000900090009001
2023-06-26,1251,1270,1178,1235,5410759,0.019818331957060176
2023-06-27,1290,1605,1239,1605,19705781,0.2995951417004048
2023-06-28,1625,1750,1500,1564,15076492,-0.02554517133956391
2023-06-29,1564,1850,1461,1694,9880812,0.0831202046035806
2023-06-30,1694,1770,1624,1720,4340341,0.015348288075560879
2023-07-03,1721,2190,1720,2025,13585498,0.17732558139534893
2023-07-04,2000,2060,1657,1680,8690454,-0.1703703703703704
2023-07-05,1719,1863,1686,1768,6408370,0.05238095238095242
2023-07-06,1782,1831,1604,1655,3389061,-0.06391402714932126
2023-07-07,1655,1774,1653,1720,2140785,0.0392749244712991
2023-07-10,1720,1779,1652,1706,1324524,-0.008139534883720878
2023-07-11,1711,1747,1670,1718,1151099,0.00703399765533419
2023-07-12,1718,1729,1610,1639,1777329,-0.045983701979045444
2023-07-13,1639,1994,1639,1769,10702287,0.07931665649786446
2023-07-14,1751,1784,1685,1724,1299407,-0.02543810062182028
2023-07-17,1722,1850,1700,1756,2135093,0.018561484918793614
2023-07-18,1768,1900,1720,1768,2364583,0.006833712984054774
2023-07-19,1774,1808,1724,1725,1394006,-0.024321266968325816
2023-07-20,1759,1777,1690,1719,988667,-0.003478260869565264
2023-07-21,1697,1831,1688,1717,1555777,-0.0011634671320535084
2023-07-24,1719,1726,1600,1699,915259,-0.01048340128130465
2023-07-25,1698,1720,1550,1600,1343391,-0.058269570335491516
2023-07-26,1584,1648,1555,1613,1089485,0.008124999999999938
2023-07-27,1620,1625,1529,1552,630913,-0.03781773093614382
2023-07-28,1552,1578,1506,1530,921434,-0.014175257731958713
2023-07-31,1579,1579,1450,1460,1217619,-0.04575163398692805
2023-08-01,1503,1535,1414,1433,1213140,-0.018493150684931514
2023-08-02,1430,1430,1350,1371,1273106,-0.04326587578506624
2023-08-03,1370,1490,1300,1460,2013652,0.06491611962071486
2023-08-04,1590,1788,1468,1702,6335763,0.1657534246575343
2023-08-07,1703,1950,1702,1900,4810473,0.11633372502937722
2023-08-08,1910,1957,1810,1813,2673516,-0.04578947368421049
2023-08-09,1809,1830,1477,1579,2894898,-0.1290678433535576
2023-08-10,1576,1579,1355,1508,1826899,-0.04496516782773907
2023-08-11,1485,1576,1485,1529,810643,0.01392572944297088
2023-08-14,1529,1615,1430,1540,665412,0.007194244604316502
2023-08-16,1528,1559,1494,1525,380722,-0.009740259740259716
2023-08-17,1510,1539,1450,1504,382653,-0.013770491803278717
2023-08-18,1480,1495,1400,1426,722907,-0.051861702127659615
2023-08-21,1426,1650,1420,1587,1199734,0.11290322580645151
2023-08-22,1588,1717,1587,1599,965495,0.007561436672967936
2023-08-23,1611,1675,1526,1541,516599,-0.03627267041901183
2023-08-24,1565,1647,1516,1572,502523,0.020116807268007797
2023-08-25,1560,1630,1552,1625,307977,0.03371501272264621
2023-08-28,1585,1618,1501,1506,808992,-0.07323076923076921
2023-08-29,1510,1529,1453,1500,590898,-0.003984063745019917
2023-08-30,1539,1543,1494,1495,260800,-0.0033333333333332993
2023-08-31,1495,1536,1440,1457,449165,-0.025418060200668946
2023-09-01,1444,1550,1420,1538,481503,0.055593685655456415
2023-09-04,1538,1588,1499,1541,510727,0.0019505851755525772
2023-09-05,1575,1576,1441,1481,480403,-0.03893575600259569
2023-09-06,1484,1527,1425,1473,483101,-0.00540175557056044
2023-09-07,1460,1490,1425,1449,252818,-0.016293279022403295
2023-09-08,1458,1459,1400,1412,461267,-0.02553485162180813
2023-09-11,1400,1449,1385,1402,239867,-0.007082152974504208
2023-09-12,1400,1536,1400,1475,618195,0.05206847360912992
2023-09-13,1475,1495,1369,1393,578029,-0.05559322033898306
2023-09-14,1395,1410,1381,1400,114623,0.005025125628140614
2023-09-15,1736,1740,1450,1450,6272681,0.03571428571428581
2023-09-18,1421,1560,1370,1451,1412839,0.0006896551724138167
2023-09-19,1450,1539,1450,1528,1163982,0.053066850447966996
2023-09-20,1505,1538,1481,1485,446174,-0.02814136125654454
2023-09-21,1485,1529,1425,1434,393861,-0.03434343434343434
2023-09-22,1434,1505,1390,1448,428492,0.009762900976290068
2023-09-25,1447,1491,1400,1401,337436,-0.03245856353591159
2023-09-26,1400,1441,1321,1351,368732,-0.035688793718772316
2023-09-27,1409,1410,1337,1371,199336,0.014803849000740277
2023-10-04,1351,1448,1300,1401,393752,0.02188183807439814
2023-10-05,1485,1485,1402,1438,248257,0.02640970735189141
2023-10-06,1415,1463,1415,1434,107355,-0.0027816411682892728
2023-10-10,1434,1445,1361,1361,344055,-0.05090655509065556
2023-10-11,1363,1470,1352,1434,332624,0.05363703159441591
2023-10-12,1443,1454,1400,1445,238065,0.007670850767085069
2023-10-13,1490,1490,1436,1441,198668,-0.0027681660899654403
2023-10-16,1450,1489,1405,1473,508909,0.022206800832754947
2023-10-17,1500,1559,1481,1522,1037644,0.033265444670739885
2023-10-18,1500,1519,1404,1408,661768,-0.07490144546649147
2023-10-19,1413,1413,1366,1409,247042,0.0007102272727272929
2023-10-20,1403,1440,1378,1415,157188,0.004258339247693366
2023-10-23,1440,1513,1400,1420,630579,0.0035335689045936647
2023-10-24,1490,1503,1402,1498,703584,0.05492957746478866
2023-10-25,1493,1520,1475,1512,478283,0.009345794392523255
2023-10-26,1511,1575,1454,1505,963444,-0.00462962962962965
2023-10-27,1505,1510,1461,1504,177760,-0.0006644518272425071
2023-10-30,1505,1506,1478,1490,217404,-0.009308510638297851
2023-10-31,1534,1534,1488,1508,698282,0.012080536912751683
2023-11-01,1520,1520,1440,1450,398152,-0.038461538461538436
2023-11-02,1468,1524,1350,1514,707609,0.044137931034482714
2023-11-03,1517,1570,1480,1500,1435405,-0.009247027741083214
2023-11-06,1500,1500,1381,1392,1208007,-0.07199999999999995
2023-11-07,1393,1422,1335,1360,1130663,-0.02298850574712641
2023-11-08,1360,1385,1340,1383,190619,0.016911764705882293
2023-11-09,1387,1399,1330,1389,143868,0.00433839479392617
2023-11-10,1324,1375,1300,1373,418271,-0.011519078473722133
2023-11-13,1373,1376,1330,1369,185774,-0.0029133284777859147
2023-11-14,1369,1412,1330,1380,204683,0.008035062089116085
2023-11-15,1380,1395,1367,1375,99573,-0.0036231884057971175
2023-11-16,1380,1394,1356,1370,91726,-0.0036363636363636598
2023-11-17,1370,1370,1305,1330,203582,-0.029197080291970767
2023-11-20,1311,1345,1308,1334,131109,0.003007518796992459
2023-11-21,1345,1345,1275,1297,311775,-0.027736131934033015
2023-11-22,1340,1448,1263,1388,2154594,0.07016191210485734
2023-11-23,1355,1381,1340,1340,617137,-0.03458213256484155
2023-11-24,1346,1390,1282,1348,459867,0.005970149253731405
2023-11-27,1348,1348,1190,1200,1019468,-0.10979228486646886
2023-11-28,1200,1200,840,840,31424641,-0.30000000000000004
2023-11-29,800,820,588,637,114855776,-0.2416666666666667
2023-11-30,630,665,599,601,21049591,-0.05651491365777084
2023-12-01,603,626,570,592,16514443,-0.014975041597337757
2023-12-04,598,604,556,561,7916749,-0.05236486486486491
2023-12-05,569,598,557,580,7005955,0.033868092691622165
2023-12-06,574,576,553,574,4572878,-0.010344827586206917
2023-12-07,573,586,557,558,5691276,-0.027874564459930307
2023-12-08,556,591,553,569,5369093,0.019713261648745428
2023-12-11,570,574,538,551,3958039,-0.03163444639718804
2023-12-12,547,558,530,544,2097524,-0.012704174228675091
2023-12-13,544,547,443,503,15876961,-0.07536764705882348
2023-12-14,505,521,499,506,2791494,0.005964214711729587
2023-12-15,513,521,504,506,2036052,0.0
2023-12-18,512,521,502,520,1459061,0.027667984189723382
2023-12-19,523,532,510,524,1348047,0.007692307692307665
2023-12-20,524,580,513,552,6002511,0.05343511450381677
2023-12-21,550,551,527,536,2005647,-0.02898550724637683
2023-12-22,532,539,506,509,2287538,-0.050373134328358216
2023-12-26,509,517,499,502,881521,-0.013752455795677854
2023-12-27,503,515,502,509,911348,0.013944223107569709
2023-12-28,507,511,501,507,673549,-0.003929273084479323
2024-01-02,506,506,488,492,2478035,-0.029585798816568087
2024-01-03,490,496,455,471,4267481,-0.04268292682926833
2024-01-04,471,490,459,470,5870133,-0.002123142250530785
2024-01-05,471,481,467,468,1398832,-0.004255319148936176
2024-01-08,476,476,465,469,911821,0.002136752136752129
2024-01-09,466,475,466,471,676620,0.004264392324093924
2024-01-10,473,475,462,468,828549,-0.006369426751592355
2024-01-11,468,470,459,459,1318946,-0.019230769230769273
2024-01-12,455,462,444,447,1587881,-0.02614379084967322
2024-01-15,455,470,447,450,849797,0.006711409395973256
2024-01-16,451,459,445,445,599585,-0.011111111111111072
2024-01-17,445,446,428,428,1076880,-0.038202247191011285
2024-01-18,429,445,426,426,406968,-0.004672897196261627
2024-01-19,436,440,425,427,720510,0.0023474178403755097
2024-01-22,426,426,413,416,1020728,-0.025761124121779888
2024-01-23,416,417,404,411,1088392,-0.012019230769230727
2024-01-24,411,411,388,393,1796246,-0.04379562043795615
2024-01-25,393,396,385,388,944040,-0.012722646310432517
2024-01-26,388,397,383,390,784055,0.005154639175257714
2024-01-29,390,390,370,375,969568,-0.038461538461538436
2024-01-30,377,383,366,370,1139781,-0.013333333333333308
2024-01-31,370,370,345,347,1715894,-0.06216216216216219
2024-02-01,350,399,348,372,3401252,0.07204610951008639
2024-02-02,372,372,334,350,5484253,-0.05913978494623651
2024-02-05,350,366,337,349,2815123,-0.0028571428571428914
2024-02-06,349,369,349,357,1715299,0.022922636103151817
2024-02-07,359,359,342,354,740906,-0.008403361344537785
2024-02-08,354,448,350,398,27925879,0.12429378531073443
2024-02-13,395,416,379,400,4690546,0.005025125628140614
2024-02-14,400,410,390,410,1748319,0.02499999999999991
2024-02-15,427,427,405,408,2612212,-0.004878048780487809
2024-02-16,427,463,405,429,4768675,0.05147058823529416
2024-02-19,442,445,408,408,2094996,-0.04895104895104896
2024-02-20,413,414,401,406,1138984,-0.004901960784313708
2024-02-21,406,411,395,396,1143358,-0.024630541871921152
2024-02-22,398,398,375,382,1852171,-0.03535353535353536
2024-02-23,379,385,350,375,1789237,-0.01832460732984298
2024-02-26,376,396,371,375,1461777,0.0
2024-02-27,376,379,363,371,606780,-0.010666666666666713
2024-02-28,375,412,370,374,1968590,0.008086253369272267
2024-02-29,373,379,365,368,876022,-0.016042780748663055
2024-03-04,368,374,364,367,832395,-0.0027173913043477826
2024-03-05,367,369,362,366,508453,-0.0027247956403270157
2024-03-06,360,365,350,353,941368,-0.03551912568306015
2024-03-07,354,443,354,382,11648797,0.0821529745042493
2024-03-08,369,399,369,380,1654806,-0.005235602094240788
2024-03-11,380,389,370,388,1345017,0.021052631578947434
2024-03-12,388,388,367,367,1353723,-0.054123711340206215
2024-03-13,367,372,359,371,829095,0.01089918256130784
2024-03-14,372,377,366,367,537270,-0.010781671159029615
2024-03-15,364,379,362,377,809601,0.027247956403269713
2024-03-18,378,378,355,358,2438466,-0.050397877984084904
2024-03-19,358,360,281,328,10315241,-0.08379888268156421
2024-03-20,328,364,322,355,3168282,0.08231707317073167
2024-03-21,355,355,329,348,3503062,-0.019718309859154903
2024-03-22,393,412,340,345,11805531,-0.008620689655172376
2024-03-25,339,340,321,335,2462066,-0.02898550724637683
2024-03-26,335,360,325,346,2378541,0.032835820895522394
2024-03-27,346,364,340,351,1537403,0.014450867052023142
2024-03-28,351,357,345,351,1187946,0.0
2024-03-29,352,357,343,356,1019675,0.014245014245014342
2024-04-01,352,414,347,390,13109225,0.09550561797752799
2024-04-02,389,390,362,374,2826551,-0.04102564102564099
2024-04-03,374,406,371,379,2809095,0.013368983957219305
2024-04-04,379,393,372,389,1521925,0.02638522427440626
2024-04-05,390,395,360,365,2098601,-0.06169665809768643
2024-04-08,365,393,362,368,1548927,0.008219178082191858
2024-04-09,363,373,361,369,670392,0.0027173913043478937
2024-04-11,369,373,353,356,838911,-0.035230352303523005
2024-04-12,0,0,0,356,0,0.0
2024-04-15,0,0,0,356,0,0.0
2024-04-16,0,0,0,356,0,0.0
2024-04-17,0,0,0,356,0,0.0
2024-04-18,0,0,0,356,0,0.0
2024-04-19,0,0,0,356,0,0.0
2024-04-22,0,0,0,356,0,0.0
2024-04-23,0,0,0,356,0,0.0
2024-04-24,0,0,0,356,0,0.0
2024-04-25,0,0,0,356,0,0.0
2024-04-26,0,0,0,356,0,0.0
2024-04-29,369,397,330,346,5919142,-0.028089887640449396
2024-04-30,348,348,317,320,3495484,-0.07514450867052025
2024-05-02,321,325,309,316,1397444,-0.012499999999999956
2024-05-03,325,338,316,332,1589137,0.05063291139240511
2024-05-07,331,375,331,363,6277325,0.09337349397590367
2024-05-08,358,367,338,349,2184574,-0.038567493112947604
2024-05-09,351,357,341,344,1124013,-0.014326647564469885
2024-05-10,344,348,334,336,687402,-0.023255813953488413
2024-05-13,335,335,325,327,603021,-0.0267857142857143
2024-05-14,328,332,321,323,753546,-0.012232415902140636
2024-05-16,325,326,314,319,945685,-0.012383900928792602
2024-05-17,0,0,0,319,0,0.0
2024-05-20,291,314,255,270,4937115,-0.15360501567398122
2024-05-21,271,310,271,288,3368875,0.06666666666666665
2024-05-22,292,301,281,298,885212,0.03472222222222232
2024-05-23,301,365,297,317,7628419,0.06375838926174504
2024-05-24,329,357,321,333,2409177,0.050473186119873725
2024-05-27,325,349,313,331,1489368,-0.006006006006005982
2024-05-28,331,340,325,329,807084,-0.0060422960725075026
2024-05-29,329,351,315,330,1524620,0.003039513677811634
2024-05-30,330,345,329,345,967179,0.045454545454545414
2024-05-31,345,448,340,425,65227489,0.2318840579710144
2024-06-03,425,467,412,427,21436448,0.004705882352941115
2024-06-04,422,427,384,385,7898248,-0.09836065573770492
2024-06-05,380,417,367,368,6993529,-0.04415584415584417
2024-06-07,368,372,343,350,2893219,-0.048913043478260865
2024-06-10,351,356,325,326,3560703,-0.06857142857142862
2024-06-11,325,418,308,379,20042757,0.16257668711656437
2024-06-12,381,388,339,346,6930545,-0.0870712401055409
2024-06-13,346,397,344,369,12824556,0.06647398843930641
2024-06-14,368,387,353,358,3707558,-0.02981029810298108
2024-06-17,358,359,330,349,1581448,-0.025139664804469275
2024-06-18,349,350,335,340,1937676,-0.025787965616045794
2024-06-19,338,350,336,340,1419489,0.0
2024-06-20,340,345,333,337,1424754,-0.008823529411764675
2024-06-21,336,336,330,334,681176,-0.008902077151335286
2024-06-24,334,338,330,332,847377,-0.005988023952095856
2024-06-25,332,342,330,333,807392,0.003012048192771122
2024-06-26,336,342,326,328,1122306,-0.01501501501501501
2024-06-27,328,338,316,320,1397112,-0.024390243902439046
2024-06-28,317,318,307,311,1219293,-0.028124999999999956
2024-07-01,299,324,299,314,1188776,0.009646302250803762
2024-07-02,0,0,0,314,0,0.0
2024-07-03,0,0,0,314,0,0.0
2024-07-04,0,0,0,314,0,0.0
2024-07-05,0,0,0,314,0,0.0
2024-07-08,0,0,0,314,0,0.0
2024-07-09,0,0,0,314,0,0.0
2024-07-10,0,0,0,314,0,0.0
2024-07-11,0,0,0,314,0,0.0
2024-07-12,0,0,0,314,0,0.0
2024-07-15,0,0,0,314,0,0.0
2024-07-16,0,0,0,314,0,0.0
2024-07-17,0,0,0,314,0,0.0
2024-07-18,0,0,0,314,0,0.0
2024-07-19,0,0,0,314,0,0.0
2024-07-22,0,0,0,314,0,0.0
2024-07-23,0,0,0,314,0,0.0
2024-07-24,0,0,0,314,0,0.0
2024-07-25,0,0,0,314,0,0.0
2024-07-26,0,0,0,314,0,0.0
2024-07-29,0,0,0,314,0,0.0
2024-07-30,0,0,0,314,0,0.0
2024-07-31,0,0,0,314,0,0.0
2024-08-01,0,0,0,314,0,0.0
2024-08-02,0,0,0,314,0,0.0
2024-08-05,0,0,0,314,0,0.0
2024-08-06,0,0,0,314,0,0.0
2024-08-07,0,0,0,314,0,0.0
2024-08-08,0,0,0,314,0,0.0
2024-08-09,0,0,0,314,0,0.0
2024-08-12,0,0,0,314,0,0.0
2024-08-13,0,0,0,314,0,0.0
2024-08-14,0,0,0,314,0,0.0
2024-08-16,0,0,0,314,0,0.0
2024-08-19,0,0,0,314,0,0.0
2024-08-20,0,0,0,314,0,0.0
2024-08-21,0,0,0,314,0,0.0
2024-08-22,0,0,0,314,0,0.0
2024-08-23,0,0,0,314,0,0.0
2024-08-26,0,0,0,314,0,0.0
2024-08-27,0,0,0,314,0,0.0
2024-08-28,0,0,0,314,0,0.0
2024-08-29,0,0,0,314,0,0.0
2024-08-30,0,0,0,314,0,0.0
2024-09-02,0,0,0,314,0,0.0
2024-09-03,0,0,0,314,0,0.0
2024-09-04,0,0,0,314,0,0.0
2024-09-05,0,0,0,314,0,0.0
2024-09-06,0,0,0,314,0,0.0
2024-09-09,0,0,0,314,0,0.0
2024-09-10,375,420,316,318,16861423,0.01273885350318471
2024-09-11,318,323,275,278,3407231,-0.12578616352201255
