Date,Open,High,Low,Close,Volume,Change
2022-01-03,11300,11350,11200,11300,25877,0.0
2022-01-04,11450,11450,11150,11200,29166,-0.008849557522123908
2022-01-05,11450,11450,11100,11250,40166,0.0044642857142858094
2022-01-06,11050,11200,10900,11000,50183,-0.022222222222222254
2022-01-07,11000,11150,11000,11100,21436,0.009090909090909038
2022-01-10,11100,11150,10800,10950,25644,-0.013513513513513487
2022-01-11,10900,10900,10500,10500,44262,-0.04109589041095896
2022-01-12,10600,11000,10600,10850,28381,0.03333333333333344
2022-01-13,11100,11100,10800,10900,17814,0.004608294930875667
2022-01-14,10700,10850,10600,10650,14852,-0.022935779816513735
2022-01-17,10700,11000,10650,10850,42536,0.018779342723004744
2022-01-18,10700,14100,10700,14100,5376241,0.29953917050691237
2022-01-19,15450,16450,14100,14300,6701847,0.014184397163120588
2022-01-20,13950,15600,13350,14100,5731792,-0.013986013986013957
2022-01-21,13900,14700,13550,14050,2815908,-0.0035460992907800915
2022-01-24,14150,17250,14150,16100,15223493,0.14590747330960863
2022-01-25,15500,18200,14750,15550,16312025,-0.03416149068322982
2022-01-26,16100,17000,15150,15350,4521504,-0.012861736334405127
2022-01-27,16550,17400,14950,15500,6444973,0.009771986970684043
2022-01-28,15450,16000,14400,15050,2169991,-0.029032258064516148
2022-02-03,15450,17500,15300,17350,6048876,0.15282392026578062
2022-02-04,19200,20150,17200,17750,7365125,0.023054755043227626
2022-02-07,18350,19000,17850,18350,3360735,0.033802816901408406
2022-02-08,17700,18450,16800,17800,2317981,-0.02997275204359673
2022-02-09,16750,16950,16250,16400,1099655,-0.0786516853932584
2022-02-10,16400,17100,15650,15900,1150082,-0.030487804878048808
2022-02-11,16150,17450,15650,17000,3262678,0.0691823899371069
2022-02-14,19150,20500,18300,19450,11173857,0.14411764705882346
2022-02-15,18450,18450,16350,16350,2892764,-0.15938303341902316
2022-02-16,14100,15500,13850,15100,2236864,-0.07645259938837923
2022-02-17,15100,18600,14800,16800,7912589,0.11258278145695355
2022-02-18,17350,17800,15650,15850,3515816,-0.05654761904761907
2022-02-21,17150,17450,15950,16000,2687080,0.009463722397476282
2022-02-22,17400,19500,16500,18200,12326417,0.13749999999999996
2022-02-23,18100,19700,17050,17900,8937070,-0.016483516483516536
2022-02-24,18750,23250,18250,23250,16537457,0.2988826815642458
2022-02-25,20050,25550,19400,21550,18451680,-0.07311827956989247
2022-02-28,22200,23200,20000,20200,4729540,-0.06264501160092806
2022-03-02,22550,24700,21550,23300,15349884,0.15346534653465338
2022-03-03,23700,25900,23300,23700,10000254,0.01716738197424883
2022-03-04,23200,24800,22500,22650,4865550,-0.044303797468354444
2022-03-07,25500,26150,23950,24800,11716502,0.09492273730684331
2022-03-08,25450,26500,23400,23950,7132890,-0.03427419354838712
2022-03-10,21700,24300,21050,22700,5422272,-0.05219206680584554
2022-03-11,22550,23050,20750,21000,2362253,-0.07488986784140972
2022-03-14,21000,21950,20400,20500,2670572,-0.023809523809523836
2022-03-15,19650,19900,18000,18250,1913675,-0.1097560975609756
2022-03-16,17750,18550,17450,17900,1799774,-0.019178082191780854
2022-03-17,17550,18000,17000,17850,1632079,-0.0027932960893854997
2022-03-18,18800,19350,18050,18050,2879420,0.011204481792717047
2022-03-21,17950,18950,17950,18950,1948694,0.049861495844875314
2022-03-22,19850,20250,18850,19000,2630551,0.0026385224274405594
2022-03-23,18550,21100,18000,20000,7192502,0.05263157894736836
2022-03-24,21050,21900,19750,20250,3631772,0.012499999999999956
2022-03-25,19400,20000,19050,19050,1162971,-0.059259259259259234
2022-03-28,18650,18650,17850,17900,812985,-0.06036745406824151
2022-03-29,17200,17900,17100,17400,667374,-0.027932960893854775
2022-03-30,17200,17350,16450,16700,974366,-0.04022988505747127
2022-03-31,18150,18200,16650,16700,1216930,0.0
2022-04-01,16450,16900,16100,16650,817730,-0.0029940119760478723
2022-04-04,16250,16350,15900,16000,358001,-0.03903903903903905
2022-04-05,16250,16550,16100,16250,360484,0.015625
2022-04-06,15900,16200,15750,15750,295182,-0.03076923076923077
2022-04-07,15400,15750,15050,15150,317926,-0.03809523809523807
2022-04-08,14950,15650,14950,15000,360384,-0.00990099009900991
2022-04-11,14900,15700,14900,15300,359321,0.020000000000000018
2022-04-12,15100,18250,14900,16150,5086796,0.05555555555555558
2022-04-13,16650,17000,15700,16000,990926,-0.009287925696594423
2022-04-14,16150,16300,15500,15650,455984,-0.021874999999999978
2022-04-15,16200,16600,15950,16000,658172,0.022364217252396124
2022-04-18,16300,16750,16000,16100,435047,0.006250000000000089
2022-04-19,16300,16300,15800,15900,271012,-0.012422360248447228
2022-04-20,15550,15600,15200,15400,292668,-0.03144654088050314
2022-04-21,15400,15500,15100,15400,250388,0.0
2022-04-22,15300,15750,15300,15350,232981,-0.0032467532467532756
2022-04-25,14900,15950,14600,14750,651924,-0.039087947882736174
2022-04-26,14650,14850,14550,14550,186529,-0.013559322033898313
2022-04-27,15150,18600,15150,18150,9077367,0.24742268041237114
2022-04-28,17600,17800,15950,15950,3652160,-0.12121212121212122
2022-04-29,16350,19800,16050,18450,11370034,0.15673981191222564
2022-05-02,18450,18900,17700,17850,1994519,-0.03252032520325199
2022-05-03,18100,18750,17350,18550,1543527,0.03921568627450989
2022-05-04,18050,18150,16800,16900,1009376,-0.0889487870619946
2022-05-06,17500,19150,16950,17000,2650359,0.00591715976331364
2022-05-09,17350,20000,17050,18250,9416678,0.07352941176470584
2022-05-10,17100,17200,15900,16300,1863284,-0.10684931506849316
2022-05-11,16050,16450,15850,16300,928792,0.0
2022-05-12,16900,17150,15600,15650,1335745,-0.039877300613496924
2022-05-13,15600,15950,15550,15800,346669,0.009584664536741228
2022-05-16,15950,16450,15800,16050,511812,0.015822784810126667
2022-05-17,16850,17200,16100,16150,1079177,0.006230529595015577
2022-05-18,16300,16450,16000,16150,448511,0.0
2022-05-19,15550,15900,15400,15650,319370,-0.03095975232198145
2022-05-20,15750,15850,15450,15600,234486,-0.0031948881789137795
2022-05-23,15600,15750,15300,15400,213644,-0.012820512820512775
2022-05-24,15500,15700,15000,15000,289234,-0.025974025974025983
2022-05-25,14850,15150,14850,14900,176327,-0.00666666666666671
2022-05-26,15150,16000,14900,15650,295202,0.05033557046979875
2022-05-27,15800,16750,15300,16000,1231546,0.022364217252396124
2022-05-30,16000,16250,15750,15950,245871,-0.0031250000000000444
2022-05-31,16400,16750,15950,16450,1143396,0.03134796238244508
2022-06-02,15900,16000,15700,15700,379169,-0.045592705167173286
2022-06-03,15850,16000,15350,15450,221923,-0.015923566878980888
2022-06-07,15700,16200,15650,15850,523074,0.025889967637540368
2022-06-08,16100,16400,15650,15650,370091,-0.012618296529968487
2022-06-09,16100,16550,15800,15800,730936,0.009584664536741228
2022-06-10,15700,15750,15400,15400,201451,-0.025316455696202556
2022-06-13,15450,15950,15350,15350,465233,-0.0032467532467532756
2022-06-14,14950,15600,14150,14550,386449,-0.05211726384364823
2022-06-15,14250,14400,13000,13050,475369,-0.1030927835051546
2022-06-16,12900,13400,12650,12650,420197,-0.03065134099616862
2022-06-17,12400,13850,12400,12800,811961,0.011857707509881354
2022-06-20,12750,13050,12050,12150,440711,-0.05078125
2022-06-21,12100,12350,11900,12200,215117,0.004115226337448652
2022-06-22,12100,12350,11300,11350,309803,-0.069672131147541
2022-06-23,11250,11650,10700,10750,394773,-0.052863436123347984
2022-06-24,10700,11450,10700,11450,357870,0.06511627906976747
2022-06-27,11450,12000,11400,11750,271980,0.026200873362445476
2022-06-28,11950,12300,11850,12100,258513,0.029787234042553123
2022-06-29,12100,12400,12050,12150,157371,0.004132231404958775
2022-06-30,12150,12150,11650,11650,124641,-0.04115226337448563
2022-07-01,11400,11800,11150,11300,109857,-0.030042918454935674
2022-07-04,11300,12700,11200,11750,759659,0.03982300884955747
2022-07-05,11750,12000,11650,11850,234226,0.008510638297872353
2022-07-06,11400,11450,10800,11000,401861,-0.07172995780590719
2022-07-07,11000,11400,10950,11300,169656,0.027272727272727337
2022-07-08,11650,11850,11400,11600,218086,0.026548672566371723
2022-07-11,11750,11800,11500,11650,157801,0.004310344827586299
2022-07-12,11900,12050,11050,11100,393207,-0.047210300429184504
2022-07-13,10800,11100,10650,11050,139550,-0.0045045045045044585
2022-07-14,10900,11100,10700,10850,138890,-0.018099547511312264
2022-07-15,10750,10950,10400,10600,108543,-0.02304147465437789
2022-07-18,10700,11050,10650,10950,111577,0.03301886792452824
2022-07-19,11450,11500,11000,11200,173888,0.022831050228310446
2022-07-20,11350,11450,11100,11350,125383,0.013392857142857206
2022-07-21,11400,11450,11150,11250,69831,-0.008810572687224627
2022-07-22,11300,11300,11000,11000,73473,-0.022222222222222254
2022-07-25,11000,11000,10800,10900,56583,-0.009090909090909038
2022-07-26,11100,11450,10800,10950,161023,0.004587155963302836
2022-07-27,10950,11000,10900,10950,41942,0.0
2022-07-28,11100,11450,10950,11100,127342,0.013698630136986356
2022-07-29,11100,11250,11000,11250,93207,0.013513513513513598
2022-08-01,11300,11400,11150,11300,71639,0.004444444444444473
2022-08-02,11150,11250,11000,11050,62948,-0.02212389380530977
2022-08-03,11050,11100,10900,11100,45162,0.004524886877828038
2022-08-04,11050,11250,11050,11150,73509,0.0045045045045044585
2022-08-05,11150,11350,11050,11350,105633,0.017937219730941756
2022-08-08,11350,11800,11300,11550,328492,0.017621145374449254
2022-08-09,11600,11800,11350,11550,143876,0.0
2022-08-10,11500,11750,11450,11500,127359,-0.0043290043290042934
2022-08-11,11750,11800,11500,11750,118969,0.021739130434782705
2022-08-12,11950,11950,11650,11700,131449,-0.004255319148936176
2022-08-16,11700,11800,11550,11650,81483,-0.004273504273504258
2022-08-17,11850,12000,11600,11650,148611,0.0
2022-08-18,11550,11800,11400,11600,72599,-0.0042918454935622075
2022-08-19,11650,11750,11550,11600,88252,0.0
2022-08-22,11500,11600,11100,11200,111278,-0.03448275862068961
2022-08-23,11450,13900,11450,13100,6203216,0.1696428571428572
2022-08-24,13200,13350,12700,12800,1200334,-0.022900763358778664
2022-08-25,13350,13850,12900,13000,1186228,0.015625
2022-08-26,12750,13250,12600,13200,581215,0.01538461538461533
2022-08-29,12750,13600,12650,13000,542922,-0.015151515151515138
2022-08-30,13350,13400,12650,12900,389917,-0.007692307692307665
2022-08-31,12550,12800,12450,12500,227011,-0.03100775193798455
2022-09-01,12300,12500,11950,11950,199642,-0.04400000000000004
2022-09-02,11800,12150,11700,11800,121234,-0.012552301255230103
2022-09-05,11800,13700,11800,12700,2637497,0.07627118644067798
2022-09-06,12750,13300,12400,12500,1200460,-0.015748031496062964
2022-09-07,12400,12400,11750,11750,278157,-0.06000000000000005
2022-09-08,11600,12050,11400,11850,214361,0.008510638297872353
2022-09-13,11900,12050,11800,11900,120376,0.00421940928270037
2022-09-14,11400,11850,11400,11650,133207,-0.021008403361344574
2022-09-15,11900,11950,11650,11650,126762,0.0
2022-09-16,11500,11650,11300,11350,95370,-0.025751072961373356
2022-09-19,11250,11400,10800,10950,119418,-0.03524229074889873
2022-09-20,10850,11100,10850,10950,80449,0.0
2022-09-21,10800,11100,10800,11050,180982,0.009132420091324311
2022-09-22,12150,13350,11700,11900,4050535,0.07692307692307687
2022-09-23,11550,11800,10950,11000,454453,-0.07563025210084029
2022-09-26,10600,10800,10050,10050,332813,-0.08636363636363631
2022-09-27,9880,10150,9830,9910,255881,-0.013930348258706426
2022-09-28,10050,10900,9840,9920,301076,0.0010090817356205317
2022-09-29,10200,10300,9890,9890,149309,-0.003024193548387122
2022-09-30,9890,10450,9750,10050,240378,0.016177957532861553
2022-10-04,11000,11300,10500,10550,505646,0.04975124378109452
2022-10-05,10900,11600,10700,11000,725995,0.042654028436019065
2022-10-06,11850,13000,11600,11850,2293114,0.07727272727272738
2022-10-07,12400,12500,11800,11900,577913,0.00421940928270037
2022-10-11,12300,12500,11900,12250,498580,0.02941176470588225
2022-10-12,11500,11700,11150,11550,322848,-0.05714285714285716
2022-10-13,11050,11200,10400,10450,264233,-0.09523809523809523
2022-10-14,10700,10850,10600,10700,131016,0.02392344497607657
2022-10-17,10400,10800,10300,10600,110435,-0.009345794392523366
2022-10-18,10750,10950,10700,10900,86479,0.028301886792452935
2022-10-19,10800,11100,10750,11000,125877,0.00917431192660545
2022-10-20,11700,11700,10800,10900,191597,-0.009090909090909038
2022-10-21,10700,10900,10700,10700,70003,-0.01834862385321101
2022-10-24,10750,10900,10600,10600,66799,-0.009345794392523366
2022-10-25,10650,10700,10450,10450,60602,-0.014150943396226467
2022-10-26,10550,10750,10400,10550,67204,0.009569377990430672
2022-10-27,10650,10800,10600,10700,63335,0.014218009478673022
2022-10-28,10700,10950,10650,10750,97734,0.004672897196261738
2022-10-31,10750,10900,10650,10750,47224,0.0
2022-11-01,10750,11800,10650,11050,432320,0.027906976744185963
2022-11-02,11250,12800,11200,12150,2915033,0.09954751131221728
2022-11-03,11650,11900,11450,11600,511073,-0.04526748971193417
2022-11-04,11650,11850,11250,11550,333208,-0.004310344827586188
2022-11-07,11750,11900,11550,11750,271595,0.017316017316017396
2022-11-08,11800,11850,11500,11650,120675,-0.008510638297872353
2022-11-09,11600,11650,11350,11500,140040,-0.012875536480686733
2022-11-10,11450,11500,10900,11300,129905,-0.017391304347826098
2022-11-11,11400,11600,11350,11500,127921,0.017699115044247815
2022-11-14,11600,11850,11500,11700,188235,0.017391304347825987
2022-11-15,11600,11700,11450,11650,107034,-0.004273504273504258
2022-11-16,11700,12050,11550,11600,222287,-0.0042918454935622075
2022-11-17,11600,11650,11300,11300,118524,-0.025862068965517238
2022-11-18,11300,11400,11100,11150,101903,-0.013274336283185861
2022-11-21,11050,11150,10850,10850,69166,-0.026905829596412523
2022-11-22,10800,11600,10800,10900,178954,0.004608294930875667
2022-11-23,11000,11150,10950,11000,60165,0.00917431192660545
2022-11-24,11050,11200,10900,11050,59912,0.00454545454545463
2022-11-25,11050,11150,10950,11100,38973,0.004524886877828038
2022-11-28,11050,11050,10800,10850,54810,-0.022522522522522515
2022-11-29,11000,11150,10800,11050,51637,0.018433179723502224
2022-11-30,11150,11600,11150,11350,305002,0.02714932126696823
2022-12-01,11550,11800,11450,11550,349254,0.017621145374449254
2022-12-02,12600,12600,11550,11600,855577,0.0043290043290042934
2022-12-05,11600,11650,11250,11400,165757,-0.017241379310344862
2022-12-06,11150,11400,11100,11100,112344,-0.02631578947368418
2022-12-07,11050,11050,10850,11000,62390,-0.009009009009009028
2022-12-08,10850,11050,10800,11000,56307,0.0
2022-12-09,10850,11150,10850,11050,43347,0.00454545454545463
2022-12-12,10900,11150,10900,11150,31699,0.009049773755656076
2022-12-13,11150,11200,11000,11050,42559,-0.008968609865470878
2022-12-14,11300,11300,11050,11150,52813,0.009049773755656076
2022-12-15,11150,11250,11000,11000,53770,-0.013452914798206317
2022-12-16,10850,11250,10850,11050,57041,0.00454545454545463
2022-12-19,11150,11150,10950,11000,27812,-0.004524886877828038
2022-12-20,11000,11150,10900,10900,34051,-0.009090909090909038
2022-12-21,10950,11150,10950,11000,51195,0.00917431192660545
2022-12-22,11150,11150,11000,11050,30992,0.00454545454545463
2022-12-23,11050,11100,10850,10950,47112,-0.009049773755656076
2022-12-26,11050,11250,10800,11000,73649,0.004566210045662045
2022-12-27,10900,11100,10750,10850,105073,-0.013636363636363669
2022-12-28,10950,10950,10600,10700,51619,-0.01382488479262678
2022-12-29,10700,10750,10300,10300,57718,-0.03738317757009346
2023-01-02,10250,10550,9960,10000,71074,-0.029126213592232997
2023-01-03,9900,10400,9750,10300,101254,0.030000000000000027
2023-01-04,10300,10400,10200,10300,23453,0.0
2023-01-05,10300,10450,10200,10200,34795,-0.009708737864077666
2023-01-06,10100,10400,10000,10300,47794,0.009803921568627416
2023-01-09,10400,10550,10350,10450,41904,0.014563106796116498
2023-01-10,10450,10600,10350,10350,33821,-0.009569377990430672
2023-01-11,10400,10500,10350,10400,34483,0.004830917874396157
2023-01-12,10500,10600,10450,10550,42886,0.014423076923076872
2023-01-13,10550,10700,10550,10650,50617,0.009478672985782088
2023-01-16,10750,10750,10600,10650,34056,0.0
2023-01-17,10700,10700,10500,10550,26241,-0.009389671361502372
2023-01-18,10600,10600,10500,10500,24553,-0.004739336492891044
2023-01-19,10400,10550,10400,10550,21889,0.004761904761904745
2023-01-20,10600,11350,10450,10750,304521,0.018957345971563955
2023-01-25,10750,10950,10660,10680,57582,-0.006511627906976791
2023-01-26,10740,11590,10660,11140,736281,0.04307116104868913
2023-01-27,11030,11100,10950,10970,92040,-0.015260323159784539
2023-01-30,10990,11070,10810,10860,58215,-0.010027347310847756
2023-01-31,10720,10980,10680,10790,53805,-0.006445672191528584
2023-02-01,10750,10880,10700,10800,54589,0.000926784059314123
2023-02-02,10830,10880,10770,10800,48318,0.0
2023-02-03,10800,10860,10750,10760,39611,-0.0037037037037036535
2023-02-06,10660,10710,10400,10710,75393,-0.004646840148698872
2023-02-07,10650,10760,10650,10660,37043,-0.00466853408029877
2023-02-08,10860,10860,10680,10720,40337,0.0056285178236397115
2023-02-09,10840,10850,10690,10730,40732,0.000932835820895539
2023-02-10,10690,10730,10600,10610,48192,-0.011183597390493905
2023-02-13,10800,12600,10790,11360,2518352,0.07068803016022618
2023-02-14,11360,11430,11080,11190,287098,-0.014964788732394374
2023-02-15,11200,11200,10860,10920,144930,-0.024128686327077764
2023-02-16,10820,11050,10820,10840,79416,-0.0073260073260073
2023-02-17,10830,10830,10610,10710,96159,-0.011992619926199266
2023-02-20,10640,10780,10590,10780,54736,0.006535947712418277
2023-02-21,10780,10950,10770,10950,55566,0.01576994434137302
2023-02-22,10950,11060,10700,10960,79343,0.0009132420091324533
2023-02-23,10850,10960,10800,10900,41961,-0.005474452554744547
2023-02-24,10860,11010,10780,10780,67966,-0.011009174311926606
2023-02-27,10770,10840,10710,10780,40887,0.0
2023-02-28,10720,10820,10700,10820,49298,0.0037105751391466324
2023-03-02,10830,10900,10750,10870,39764,0.004621072088724532
2023-03-03,10930,10930,10710,10770,50826,-0.009199632014719406
2023-03-06,10810,10930,10720,10900,73274,0.0120705663881151
2023-03-07,10950,11210,10950,11100,152769,0.0183486238532109
2023-03-08,10930,11030,10750,10760,80959,-0.03063063063063065
2023-03-09,10760,10780,10650,10710,39666,-0.004646840148698872
2023-03-10,10710,10710,10310,10330,114160,-0.03548085901027076
2023-03-13,10230,10460,10160,10350,60408,0.0019361084220717029
2023-03-14,10230,10370,10040,10110,74339,-0.023188405797101463
2023-03-15,10210,10350,10110,10130,50119,0.001978239366963397
2023-03-16,9950,10070,9940,10050,55512,-0.007897334649555776
2023-03-17,10060,10320,10060,10290,38595,0.023880597014925398
2023-03-20,10180,10310,10120,10220,37789,-0.006802721088435382
2023-03-21,10230,10330,10180,10220,31777,0.0
2023-03-22,10250,10340,10170,10250,34722,0.0029354207436398383
2023-03-23,10250,10250,10020,10110,46385,-0.013658536585365866
2023-03-24,10110,10140,10020,10110,19347,0.0
2023-03-27,10110,10150,10000,10040,32482,-0.006923837784371889
2023-03-28,10180,10380,10150,10200,40288,0.015936254980079667
2023-03-29,10290,10310,10110,10200,55529,0.0
2023-03-30,10210,10290,10150,10250,43327,0.004901960784313708
2023-03-31,10300,10410,10250,10280,44759,0.0029268292682926855
2023-04-03,10990,11100,10440,10440,293144,0.015564202334630295
2023-04-04,11250,12370,11040,11500,2230731,0.1015325670498084
2023-04-05,11580,11580,11060,11220,339175,-0.024347826086956514
2023-04-06,11100,11100,10670,10670,199909,-0.0490196078431373
2023-04-07,10720,10800,10570,10660,100532,-0.0009372071227741197
2023-04-10,10720,10720,10500,10550,114732,-0.010318949343339545
2023-04-11,10540,10730,10490,10720,105062,0.01611374407582944
2023-04-12,10750,10900,10660,10740,106834,0.001865671641791078
2023-04-13,11070,11120,10730,10780,156410,0.003724394785847407
2023-04-14,10720,10880,10710,10810,124950,0.002782931354359919
2023-04-17,10970,11120,10840,10930,153362,0.011100832562442209
2023-04-18,10850,10900,10650,10790,81836,-0.012808783165599302
2023-04-19,10790,10960,10700,10800,86622,0.000926784059314123
2023-04-20,10760,11600,10760,10880,590299,0.007407407407407307
2023-04-21,10770,11180,10670,10970,231374,0.008272058823529438
2023-04-24,11010,11090,10700,10720,100772,-0.022789425706472244
2023-04-25,10640,10840,10620,10620,87093,-0.009328358208955279
2023-04-26,10530,10950,10500,10830,91732,0.019774011299435124
2023-04-27,10640,10770,10550,10770,48217,-0.005540166204986097
2023-04-28,10660,10800,10650,10700,57607,-0.006499535747446661
2023-05-02,10620,10760,10620,10700,34156,0.0
2023-05-03,10640,10770,10600,10750,48489,0.004672897196261738
2023-05-04,10760,10860,10650,10850,52064,0.009302325581395321
2023-05-08,10880,11030,10870,10920,68003,0.006451612903225712
2023-05-09,11120,11500,10600,10840,455691,-0.0073260073260073
2023-05-10,11070,11230,10840,10880,104206,0.0036900369003689537
2023-05-11,10820,10950,10760,10760,45067,-0.011029411764705843
2023-05-12,10760,10780,10500,10530,69048,-0.021375464684014855
2023-05-15,10580,10580,10380,10390,45305,-0.013295346628679927
2023-05-16,10400,10530,10400,10470,24544,0.007699711260827691
2023-05-17,10470,10530,10460,10470,22431,0.0
2023-05-18,10540,10580,10500,10520,23665,0.0047755491881567025
2023-05-19,10610,10620,10480,10550,24818,0.002851711026615966
2023-05-22,10490,10590,10450,10510,35446,-0.0037914691943128354
2023-05-23,10480,10560,10480,10520,19129,0.0009514747859182826
2023-05-24,10540,10990,10540,10610,130203,0.008555133079847899
2023-05-25,10630,10720,10560,10600,26131,-0.0009425070688030557
2023-05-26,10540,10700,10510,10580,26886,-0.0018867924528301883
2023-05-30,10580,10610,10450,10460,36231,-0.011342155009451793
2023-05-31,10460,10500,10450,10460,16854,0.0
2023-06-01,10460,10530,10450,10470,18850,0.0009560229445506607
2023-06-02,10570,10610,10500,10580,22022,0.010506208213944657
2023-06-05,10800,10900,10700,10760,74798,0.017013232514177634
2023-06-07,10680,10780,10680,10730,31593,-0.0027881040892193676
2023-06-08,10740,10760,10650,10710,21124,-0.0018639328984156878
2023-06-09,10680,10740,10600,10640,26435,-0.006535947712418277
2023-06-12,10640,10650,10550,10560,21107,-0.007518796992481258
2023-06-13,10550,10600,10530,10590,26032,0.0028409090909091717
2023-06-14,10690,10690,10500,10510,19949,-0.007554296506137814
2023-06-15,10540,10580,10420,10530,28778,0.0019029495718363432
2023-06-16,10600,10600,10460,10510,18134,-0.0018993352326686086
2023-06-19,10510,10550,10400,10520,32670,0.0009514747859182826
2023-06-20,10630,11390,10620,10750,840256,0.02186311787072248
2023-06-21,10760,10820,10610,10680,72569,-0.006511627906976791
2023-06-22,10650,10790,10540,10560,45242,-0.011235955056179803
2023-06-23,10580,10630,10470,10470,45218,-0.008522727272727293
2023-06-26,10470,10590,10470,10550,31083,0.00764087870105068
2023-06-27,10540,10570,10480,10520,32647,-0.0028436018957346265
2023-06-28,10480,10570,10470,10480,32033,-0.0038022813688213253
2023-06-29,10500,10500,10380,10380,46775,-0.009541984732824416
2023-06-30,10400,10440,10320,10370,27477,-0.0009633911368015502
2023-07-03,10390,10420,10360,10360,24956,-0.0009643201542912649
2023-07-04,10360,10400,10350,10360,21909,0.0
2023-07-05,10350,10400,10030,10040,105659,-0.030888030888030937
2023-07-06,10100,10190,10040,10080,50805,0.003984063745019917
2023-07-07,10060,10130,10020,10100,23429,0.001984126984126977
2023-07-10,10100,10220,10100,10170,13643,0.006930693069306937
2023-07-11,10180,10230,10160,10230,13233,0.005899705014749346
2023-07-12,10260,10330,10150,10230,27265,0.0
2023-07-13,10340,10340,10200,10310,19633,0.00782013685239491
2023-07-14,10330,10350,10250,10250,25773,-0.005819592628516057
2023-07-17,10250,10350,10140,10330,31239,0.007804878048780495
2023-07-18,10320,10360,10100,10130,48717,-0.019361084220716362
2023-07-19,10130,10170,10070,10070,28544,-0.005923000987166804
2023-07-20,10080,10150,10070,10100,18425,0.002979145978152964
2023-07-21,10100,10140,10070,10100,24234,0.0
2023-07-24,10110,10150,9880,10020,118520,-0.007920792079207928
2023-07-25,10000,10020,9760,9780,83794,-0.0239520958083832
2023-07-26,9790,9790,9070,9200,121419,-0.059304703476482645
2023-07-27,9050,9630,9050,9500,47145,0.032608695652173836
2023-07-28,9450,9900,9430,9730,31369,0.02421052631578946
2023-07-31,9830,9920,9700,9820,29750,0.009249743062692772
2023-08-01,9840,9950,9820,9880,19751,0.006109979633401208
2023-08-02,9910,9910,9610,9650,40610,-0.023279352226720618
2023-08-03,9650,9650,9420,9590,26137,-0.006217616580310836
2023-08-04,9480,9690,9480,9690,21889,0.010427528675703845
2023-08-07,9790,9940,9700,9760,54773,0.007223942208462342
2023-08-08,9760,9950,9630,9710,33387,-0.0051229508196721785
2023-08-09,9720,9900,9620,9830,39033,0.012358393408856916
2023-08-10,9900,10220,9850,9970,76535,0.014242115971515812
2023-08-11,9920,9940,9810,9920,38951,-0.005015045135406182
2023-08-14,10040,10100,9910,10000,52108,0.008064516129032251
2023-08-16,9970,9970,9640,9640,39027,-0.03600000000000003
2023-08-17,9790,9790,9400,9530,30342,-0.011410788381742698
2023-08-18,9420,9620,9420,9620,18018,0.009443861490031402
2023-08-21,9640,9780,9590,9720,14285,0.01039501039501034
2023-08-22,9730,9730,9560,9600,16826,-0.012345679012345734
2023-08-23,9500,9600,9460,9480,15769,-0.012499999999999956
2023-08-24,9450,9550,8950,9450,26086,-0.0031645569620253333
2023-08-25,9450,9500,9370,9410,13608,-0.004232804232804255
2023-08-28,9400,9460,9360,9460,28050,0.005313496280552554
2023-08-29,9440,9540,9100,9490,22735,0.003171247357293794
2023-08-30,9480,9570,9480,9530,18747,0.004214963119072657
2023-08-31,9530,9530,9460,9520,14728,-0.0010493179433368471
2023-09-01,9590,9590,9490,9570,21615,0.005252100840336116
2023-09-04,9950,10390,9830,10290,330967,0.07523510971786829
2023-09-05,10280,10330,10030,10150,89886,-0.013605442176870763
2023-09-06,11000,11800,10340,10420,1994266,0.026600985221674867
2023-09-07,11200,11980,10600,11110,4212762,0.06621880998080609
2023-09-08,10790,11280,10610,10800,652990,-0.027902790279027867
2023-09-11,10850,11010,10190,10430,283736,-0.03425925925925921
2023-09-12,10370,12930,10300,12620,4667579,0.20997123681687446
2023-09-13,13080,13850,11620,11750,5131408,-0.06893819334389861
2023-09-14,11810,11980,11330,11540,571983,-0.017872340425531874
2023-09-15,12210,12580,11650,11650,1201929,0.009532062391681029
2023-09-18,11900,12150,11480,11930,806142,0.02403433476394845
2023-09-19,12030,12090,11570,11600,644851,-0.027661357921207053
2023-09-20,11180,11180,10280,10790,423226,-0.06982758620689655
2023-09-21,10590,10870,10400,10640,232641,-0.013901760889712733
2023-09-22,10640,10900,10430,10430,324339,-0.019736842105263164
2023-09-25,10530,10600,10230,10230,130177,-0.019175455417066112
2023-09-26,10170,10250,9900,9920,151143,-0.030303030303030276
2023-09-27,9900,11210,9900,10540,1181389,0.0625
2023-10-04,10360,10420,10010,10060,132338,-0.04554079696394686
2023-10-05,9850,9850,9400,9500,247931,-0.055666003976143186
2023-10-06,9310,9720,9310,9690,67782,0.020000000000000018
2023-10-10,11780,12590,11490,12590,3969855,0.29927760577915374
2023-10-11,11710,15410,11500,14300,13839684,0.13582208101667992
2023-10-12,13920,15170,12980,13200,5613457,-0.07692307692307687
2023-10-13,13780,16670,13120,15050,12615183,0.14015151515151514
2023-10-16,17000,19370,15050,16540,14536766,0.09900332225913622
2023-10-17,16510,16510,14000,14060,1046740,-0.14993954050785974
2023-10-18,14100,14480,12990,14300,956557,0.017069701280227667
2023-10-19,14900,16490,14300,15080,1052735,0.05454545454545445
2023-10-20,16580,18200,15100,15940,7562565,0.05702917771883298
2023-10-23,16130,16900,14390,14480,2186395,-0.0915934755332497
2023-10-24,13600,13880,12960,13620,1555036,-0.05939226519337015
2023-10-25,12910,14540,12700,13530,2614789,-0.0066079295154185536
2023-10-26,14350,14380,12890,13230,2685097,-0.022172949002217335
2023-10-27,12650,13300,12220,12980,1290777,-0.018896447467876
2023-10-30,13050,16870,13050,16870,5433133,0.2996918335901386
2023-10-31,16200,17470,15910,16650,6977405,-0.01304090100770594
2023-11-01,16570,16880,15520,16570,2790050,-0.00480480480480483
2023-11-02,15500,16900,15100,16450,1621014,-0.007242003621001802
2023-11-03,16700,17310,15370,15390,1792694,-0.06443768996960486
2023-11-06,14500,14900,13640,14200,1471525,-0.07732293697205983
2023-11-07,14050,14050,12730,12900,1168776,-0.09154929577464788
2023-11-08,12480,12630,11920,12100,957280,-0.06201550387596899
2023-11-09,11810,11950,11170,11360,681249,-0.06115702479338847
2023-11-10,11500,11530,10910,11460,617903,0.008802816901408494
2023-11-13,11410,11840,11100,11710,1003424,0.021815008726003393
2023-11-14,11810,11820,11500,11640,363730,-0.005977796754910281
2023-11-15,11340,11700,11170,11600,458491,-0.0034364261168384758
2023-11-16,11400,11470,11230,11300,303140,-0.025862068965517238
2023-11-17,10940,10980,10710,10890,315808,-0.036283185840708
2023-11-20,11150,11380,11130,11320,408827,0.03948576675849402
2023-11-21,11390,11520,11140,11300,270255,-0.0017667844522968323
2023-11-22,11260,11260,11080,11230,140697,-0.006194690265486691
2023-11-23,11160,11280,11020,11120,115971,-0.009795191451469232
2023-11-24,11110,11360,11090,11350,136857,0.020683453237410054
2023-11-27,11220,11270,11050,11080,123158,-0.023788546255506637
2023-11-28,11030,11160,10900,11080,132700,0.0
2023-11-29,11570,11710,11100,11150,534386,0.00631768953068601
2023-11-30,11250,11380,11090,11330,165123,0.016143497757847625
2023-12-01,11150,11200,11010,11190,139401,-0.012356575463371544
2023-12-04,11120,11200,11060,11170,141261,-0.0017873100983020196
2023-12-05,11110,11210,11080,11090,102443,-0.0071620411817368
2023-12-06,11090,11150,11050,11120,87033,0.0027051397655546428
2023-12-07,11060,11060,10810,10900,164894,-0.01978417266187049
2023-12-08,10860,11050,10810,11040,99988,0.012844036697247763
2023-12-11,11040,11120,10890,11110,133891,0.006340579710145011
2023-12-12,11110,11130,10900,11000,100342,-0.00990099009900991
2023-12-13,10850,10980,10710,10980,161410,-0.0018181818181818299
2023-12-14,10960,10990,10830,10940,99327,-0.0036429872495445936
2023-12-15,11010,11240,10940,10940,248898,0.0
2023-12-18,10990,11170,10970,11160,151927,0.02010968921389389
2023-12-19,11430,11450,11180,11310,270120,0.013440860215053752
2023-12-20,11460,11460,11210,11270,161586,-0.0035366931918655586
2023-12-21,11310,11410,11170,11210,174125,-0.0053238686779059075
2023-12-22,11160,11280,10990,11280,104514,0.006244424620874156
2023-12-26,11270,11270,11100,11100,122750,-0.015957446808510634
2023-12-27,11110,11240,10990,11230,108837,0.011711711711711814
2023-12-28,11220,11330,11140,11290,99946,0.00534283170080152
2024-01-02,11270,11270,11070,11160,102803,-0.011514614703277193
2024-01-03,11140,11170,11060,11100,69411,-0.005376344086021501
2024-01-04,12000,14390,12000,14110,10869946,0.27117117117117107
2024-01-05,12480,12590,12000,12020,2245114,-0.14812189936215447
2024-01-08,12120,12120,11600,11700,601736,-0.0266222961730449
2024-01-09,11400,14100,11350,12510,9491272,0.0692307692307692
2024-01-10,12380,13490,12170,12330,3422706,-0.014388489208633115
2024-01-11,12120,12360,11910,12110,532089,-0.017842660178426617
2024-01-12,13280,14400,12480,13400,9416074,0.10652353426919903
2024-01-15,13400,13920,13010,13410,3162924,0.0007462686567163423
2024-01-16,13660,16410,13100,14670,16356348,0.09395973154362425
2024-01-17,14270,15600,14130,14640,4870847,-0.002044989775051076
2024-01-18,14490,15140,13700,14650,2750583,0.000683060109289535
2024-01-19,14150,14420,13720,13870,888510,-0.05324232081911262
2024-01-22,13330,14360,12820,13500,2215711,-0.026676279740447062
2024-01-23,13750,14250,13050,13080,930944,-0.03111111111111109
2024-01-24,13130,13360,12500,13070,553751,-0.000764525993883769
2024-01-25,12970,13150,12280,12540,381831,-0.04055087987758221
2024-01-26,12900,12990,12430,12440,329470,-0.00797448165869219
2024-01-29,13080,13790,12770,13150,1828120,0.05707395498392276
2024-01-30,12700,12700,12240,12360,374117,-0.06007604562737645
2024-01-31,12400,12590,11990,12150,302622,-0.016990291262135915
2024-02-01,11840,12210,11750,12150,198373,0.0
2024-02-02,11950,12800,11930,12700,356296,0.04526748971193406
2024-02-05,12950,13430,12780,12900,458933,0.015748031496062964
2024-02-06,12780,12960,12360,12360,166102,-0.041860465116279055
2024-02-07,12410,12530,12340,12410,91445,0.004045307443365731
2024-02-08,12410,12560,12310,12400,90389,-0.0008058017727639033
2024-02-13,12530,12870,12420,12780,229923,0.030645161290322687
2024-02-14,12810,14090,12810,13140,1825123,0.028169014084507005
2024-02-15,13110,13170,12820,13070,341819,-0.0053272450532724225
2024-02-16,13330,13670,13170,13350,529763,0.021423106350420884
2024-02-19,13490,13640,13080,13350,162049,0.0
2024-02-20,13600,13800,13320,13440,372279,0.006741573033707926
2024-02-21,13350,13350,13090,13120,153120,-0.023809523809523836
2024-02-22,13150,13220,13080,13220,91434,0.007621951219512146
2024-02-23,13250,13270,12890,12900,97107,-0.024205748865355536
2024-02-26,12830,12980,12500,12700,98520,-0.015503875968992276
2024-02-27,12700,13350,12540,12590,251458,-0.008661417322834652
2024-02-28,12680,12860,12530,12560,115266,-0.002382843526608447
2024-02-29,12510,12590,12410,12510,71249,-0.00398089171974525
2024-03-04,12590,12870,12590,12800,81850,0.0231814548361311
2024-03-05,12650,12940,12510,12940,114127,0.010937500000000044
2024-03-06,12940,12940,12620,12680,69043,-0.020092735703245768
2024-03-07,12670,12710,12420,12440,96695,-0.018927444794952675
2024-03-08,12440,12490,12290,12360,86775,-0.006430868167202619
2024-03-11,12220,12350,11940,12080,127116,-0.02265372168284785
2024-03-12,11980,12100,11890,12050,96651,-0.002483443708609312
2024-03-13,12000,12410,11950,12190,90044,0.011618257261410747
2024-03-14,12710,12850,12330,12410,304788,0.018047579983593076
2024-03-15,12780,12850,12460,12500,198396,0.00725221595487513
2024-03-18,12350,12500,12300,12410,64189,-0.007199999999999984
2024-03-19,12660,12810,12500,12510,177418,0.008058017727639033
2024-03-20,12630,12810,12520,12610,83970,0.007993605115907298
2024-03-21,12550,12590,12400,12500,66004,-0.008723235527359208
2024-03-22,12540,12560,12380,12460,43321,-0.0031999999999999806
2024-03-25,12490,13000,12430,12610,163096,0.012038523274478408
2024-03-26,12720,12800,12580,12710,93851,0.007930214115781098
2024-03-27,12620,12750,12370,12410,121701,-0.023603461841069984
2024-03-28,12420,12440,12290,12410,59685,0.0
2024-03-29,12550,12610,12320,12430,75492,0.0016116035455278066
2024-04-01,12440,12580,12390,12520,48036,0.007240547063555924
2024-04-02,12810,15710,12650,15310,8178530,0.22284345047923315
2024-04-03,15220,16190,14040,14200,4253322,-0.07250163291966039
2024-04-04,13780,14100,13620,13820,990306,-0.026760563380281654
2024-04-05,15140,15600,14230,14470,4025259,0.04703328509406668
2024-04-08,14330,15100,14040,14350,1890709,-0.008293020041465149
2024-04-09,14130,16440,13800,15300,8738926,0.0662020905923344
2024-04-11,15500,15890,15020,15110,1715221,-0.012418300653594727
2024-04-12,14590,16380,14400,16230,4314946,0.07412309728656519
2024-04-15,17660,20550,17640,18830,14698875,0.16019716574245235
2024-04-16,20450,22400,19840,20200,15234638,0.07275624004248549
2024-04-17,18600,19920,17900,19030,6745165,-0.05792079207920797
2024-04-18,17240,17770,17050,17230,2478663,-0.09458749343142403
2024-04-19,17220,22350,16890,21000,23990207,0.21880441091120129
2024-04-22,17870,18110,16050,16050,1758989,-0.23571428571428577
2024-04-23,15800,16550,15800,16130,754883,0.004984423676012373
2024-04-24,16050,16960,16050,16960,703996,0.051456912585244874
2024-04-25,16900,18910,16560,17840,10556200,0.05188679245283012
2024-04-26,17710,18630,17420,18070,3279546,0.012892376681614248
2024-04-29,16810,16930,16120,16130,2124280,-0.10736026563364698
2024-04-30,15420,15770,15080,15450,1707576,-0.042157470551766885
2024-05-02,14950,15430,14610,15100,983311,-0.02265372168284785
2024-05-03,15620,18050,15550,17150,13174919,0.13576158940397343
2024-05-07,16780,18450,16700,17800,6919179,0.03790087463556846
2024-05-08,16910,17170,16290,16380,1861669,-0.07977528089887642
2024-05-09,16640,16950,16100,16360,1182019,-0.0012210012210012167
2024-05-10,16350,17070,16180,16510,1914821,0.00916870415647919
2024-05-13,16030,16350,15600,15700,820674,-0.04906117504542706
2024-05-14,15740,15870,15360,15450,456710,-0.015923566878980888
2024-05-16,15300,15480,15190,15290,378057,-0.01035598705501617
2024-05-17,15350,15700,15130,15260,538312,-0.0019620667102681066
2024-05-20,15650,16930,15380,16060,5256944,0.05242463958060295
2024-05-21,15450,15700,15160,15160,907387,-0.05603985056039851
2024-05-22,14900,15000,14570,14570,467379,-0.03891820580474936
2024-05-23,14260,14390,14060,14300,368325,-0.018531228551818768
2024-05-24,14200,14570,14120,14210,233213,-0.0062937062937062915
2024-05-27,14280,14350,13760,14020,395556,-0.013370865587614356
2024-05-28,14090,14320,13980,14110,301333,0.006419400855920188
2024-05-29,14750,15200,14250,14330,2257503,0.015591778880226892
2024-05-30,14490,14610,13800,13810,532618,-0.03628750872295883
2024-05-31,13530,13960,13520,13810,221420,0.0
2024-06-03,13890,17950,13850,17950,7056561,0.29978276611151333
2024-06-04,21650,23300,21500,23300,11398794,0.29805013927576596
2024-06-05,23650,28100,21600,23300,18062960,0.0
2024-06-07,22400,26650,19600,19870,16769516,-0.1472103004291846
2024-06-10,19480,20250,19100,19740,2905602,-0.006542526421741357
2024-06-11,19830,21400,18760,19020,3308044,-0.03647416413373861
2024-06-12,18600,19390,18040,18120,1620721,-0.04731861198738174
2024-06-13,18080,19390,18000,18670,2904202,0.030353200883002307
2024-06-14,18670,18690,17950,18190,887535,-0.025709694697375496
2024-06-17,18240,18750,17660,17660,956937,-0.029136888400219885
2024-06-18,17950,21400,17670,19860,11790083,0.1245753114382786
2024-06-19,19810,20550,19160,19500,4541790,-0.01812688821752262
2024-06-20,20200,20500,19200,19200,2134394,-0.01538461538461533
2024-06-21,19110,19730,18490,18520,1358450,-0.03541666666666665
2024-06-24,18330,18680,18040,18040,798376,-0.02591792656587477
2024-06-25,18770,19480,18080,18080,1826414,0.0022172949002217113
2024-06-26,17710,17860,17040,17200,704359,-0.04867256637168138
2024-06-27,17370,17510,17090,17110,409038,-0.005232558139534937
2024-06-28,17450,18790,17390,18000,2066522,0.05201636469900639
2024-07-01,18000,18180,17310,17340,472113,-0.036666666666666625
2024-07-02,17790,20450,17790,18840,12430715,0.08650519031141868
2024-07-03,18310,18700,17970,18010,1079122,-0.044055201698513846
2024-07-04,18190,18500,17400,17500,960563,-0.02831760133259298
2024-07-05,17500,18860,17460,18030,1949298,0.03028571428571425
2024-07-08,17900,18210,17520,17970,600872,-0.0033277870216306127
2024-07-09,18040,18110,17450,17550,440868,-0.023372287145242088
2024-07-10,17560,17670,17120,17280,380945,-0.01538461538461533
2024-07-11,17530,18200,17410,17730,768145,0.02604166666666674
2024-07-12,17910,17940,17300,17300,343636,-0.02425267907501405
2024-07-15,17570,17650,16770,16810,383140,-0.02832369942196533
2024-07-16,16790,18520,16620,17130,3281537,0.01903628792385481
2024-07-17,16960,17020,16640,16710,410051,-0.024518388791593737
2024-07-18,17400,18390,17130,17640,2940451,0.055655296229802476
2024-07-19,17680,18170,17220,17260,756341,-0.02154195011337867
2024-07-22,17500,18090,17320,17370,900174,0.006373117033603659
2024-07-23,17160,17340,16880,17000,374478,-0.021301093839953933
2024-07-24,16860,16910,16310,16340,401596,-0.0388235294117647
2024-07-25,16140,16600,15540,15660,375320,-0.041615667074663354
2024-07-26,15600,15860,15260,15810,215069,0.009578544061302763
2024-07-29,16760,17100,16580,16760,854648,0.06008855154965209
2024-07-30,16710,16760,16230,16340,251409,-0.02505966587112174
2024-07-31,16950,21050,16340,20350,11362849,0.2454100367197063
2024-08-01,20000,20550,19500,20200,3683249,-0.0073710073710073765
2024-08-02,20850,23850,20600,23000,15277471,0.13861386138613851
2024-08-05,23900,24950,20150,22600,8496027,-0.017391304347826098
2024-08-06,21050,23950,21000,23050,4145170,0.019911504424778848
2024-08-07,23500,23550,21600,22800,2785241,-0.010845986984815648
2024-08-08,23050,24350,21050,21050,4853313,-0.07675438596491224
2024-08-09,19940,21900,19910,21600,2132457,0.026128266033254244
2024-08-12,21150,22000,20500,21600,1426308,0.0
2024-08-13,23400,23650,22000,23000,3293295,0.06481481481481488
2024-08-14,21800,23050,21500,21850,2016202,-0.050000000000000044
2024-08-16,20900,21400,20150,20600,1336493,-0.05720823798627006
2024-08-19,20000,20100,18700,19140,1452747,-0.07087378640776698
2024-08-20,18700,19000,18480,18670,745934,-0.02455590386624873
2024-08-21,18270,18580,18080,18420,651226,-0.01339046598821636
2024-08-22,18390,18810,17900,18650,761886,0.012486427795874055
2024-08-23,18780,18890,17930,18090,555325,-0.03002680965147453
2024-08-26,19550,20400,18720,18780,3844896,0.03814262023217241
2024-08-27,19590,19710,18510,18520,1074976,-0.013844515441959526
2024-08-28,18160,18210,17400,17400,618188,-0.06047516198704106
2024-08-29,16990,18180,16990,17510,621302,0.006321839080459801
2024-08-30,17650,18070,17570,18000,411313,0.027984009137635546
2024-09-02,17620,18000,17150,17420,375527,-0.03222222222222226
