Date,Open,High,Low,Close,Volume,Change
2022-01-03,2295,2330,2185,2190,235996,-0.01573033707865168
2022-01-04,2195,2220,2170,2215,72019,0.011415525114155223
2022-01-05,2215,2270,2210,2245,126772,0.013544018058690765
2022-01-06,2220,2315,2180,2245,279088,0.0
2022-01-07,2255,2305,2230,2260,84510,0.006681514476614803
2022-01-10,2280,2280,2180,2200,125744,-0.026548672566371723
2022-01-11,2190,2195,2135,2170,98036,-0.013636363636363669
2022-01-12,2155,2230,2155,2215,48459,0.02073732718894017
2022-01-13,2225,2225,2185,2205,47109,-0.004514672686230292
2022-01-14,2205,2530,2180,2305,1626402,0.0453514739229024
2022-01-17,2305,2310,2240,2240,146988,-0.02819956616052066
2022-01-18,2255,2370,2240,2255,376082,0.006696428571428603
2022-01-19,2200,2275,2175,2235,140959,-0.008869179600886956
2022-01-20,2200,2330,2195,2315,127704,0.03579418344519025
2022-01-21,2290,2410,2260,2410,524111,0.0410367170626349
2022-01-24,2375,2395,2280,2350,319367,-0.024896265560165998
2022-01-25,2345,2380,2150,2170,355077,-0.07659574468085106
2022-01-26,2100,2180,2070,2090,382887,-0.03686635944700456
2022-01-27,2090,2090,1970,1970,185657,-0.0574162679425837
2022-01-28,1915,2040,1910,2000,191629,0.015228426395939021
2022-02-03,2040,2140,2020,2125,112970,0.0625
2022-02-04,2100,2260,2085,2240,206190,0.054117647058823604
2022-02-07,2265,2375,2230,2360,225747,0.0535714285714286
2022-02-08,2340,2380,2245,2290,216163,-0.029661016949152574
2022-02-09,2315,2370,2295,2355,105959,0.028384279475982543
2022-02-10,2340,2580,2325,2380,1705278,0.010615711252653925
2022-02-11,2395,2415,2300,2300,237389,-0.03361344537815125
2022-02-14,2250,2330,2240,2300,255055,0.0
2022-02-15,2285,2425,2280,2390,363351,0.03913043478260869
2022-02-16,2475,2475,2390,2410,394269,0.008368200836819994
2022-02-17,2430,2645,2395,2505,1667858,0.03941908713692954
2022-02-18,2490,2600,2400,2520,447326,0.0059880239520957446
2022-02-21,2510,2555,2455,2535,233250,0.005952380952380931
2022-02-22,2475,2520,2430,2490,152125,-0.017751479289940808
2022-02-23,2545,2545,2400,2455,193736,-0.014056224899598346
2022-02-24,2450,2480,2295,2370,416446,-0.03462321792260692
2022-02-25,2385,2470,2365,2450,192050,0.03375527426160341
2022-02-28,2425,2480,2375,2435,125042,-0.006122448979591799
2022-03-02,2405,2450,2390,2440,87965,0.002053388090349051
2022-03-03,2450,2495,2415,2450,151636,0.004098360655737654
2022-03-04,2435,2475,2360,2420,123848,-0.01224489795918371
2022-03-07,2370,2390,2270,2330,150136,-0.037190082644628086
2022-03-08,2250,2380,2250,2320,110357,-0.0042918454935622075
2022-03-10,2335,2370,2295,2325,44177,0.0021551724137931494
2022-03-11,2345,2460,2330,2440,206251,0.04946236559139794
2022-03-14,2450,2450,2320,2355,210904,-0.0348360655737705
2022-03-15,2330,2330,2270,2290,99918,-0.027600849256900206
2022-03-16,2325,2370,2290,2300,69312,0.004366812227074135
2022-03-17,2320,2350,2280,2330,134814,0.01304347826086949
2022-03-18,2305,2390,2285,2370,160955,0.01716738197424883
2022-03-21,2400,2400,2330,2350,79561,-0.008438818565400852
2022-03-22,2380,2475,2325,2380,187561,0.012765957446808418
2022-03-23,2380,2395,2325,2345,167692,-0.014705882352941124
2022-03-24,2315,2340,2300,2325,101198,-0.008528784648187626
2022-03-25,2325,2405,2300,2345,283917,0.008602150537634357
2022-03-28,2330,2415,2315,2415,449042,0.029850746268656803
2022-03-29,2420,2435,2375,2415,223570,0.0
2022-03-30,2450,2450,2370,2380,142147,-0.01449275362318836
2022-03-31,2365,2445,2365,2430,167883,0.021008403361344463
2022-04-01,2410,2850,2395,2620,14931337,0.07818930041152261
2022-04-04,2620,2650,2575,2590,1075007,-0.011450381679389277
2022-04-05,2605,2655,2545,2650,832849,0.02316602316602312
2022-04-06,2600,2630,2570,2600,457525,-0.018867924528301883
2022-04-07,2600,2600,2520,2560,314492,-0.01538461538461533
2022-04-08,2550,2600,2480,2580,311142,0.0078125
2022-04-11,2555,2650,2535,2650,653543,0.027131782945736482
2022-04-12,2600,2625,2550,2605,241800,-0.016981132075471694
2022-04-13,2585,2630,2570,2600,228949,-0.0019193857965451588
2022-04-14,2625,2750,2620,2695,1297887,0.03653846153846163
2022-04-15,2660,2680,2590,2625,416711,-0.025974025974025983
2022-04-18,2670,2750,2635,2705,910761,0.030476190476190546
2022-04-19,2705,2710,2645,2685,312582,-0.007393715341959317
2022-04-20,2695,2750,2655,2665,241838,-0.007448789571694592
2022-04-21,2665,2720,2605,2720,377778,0.02063789868667909
2022-04-22,2650,2755,2645,2725,414190,0.0018382352941177516
2022-04-25,2650,2685,2610,2610,253385,-0.04220183486238527
2022-04-26,2635,2790,2635,2720,988494,0.04214559386973171
2022-04-27,2650,2740,2640,2690,366203,-0.011029411764705843
2022-04-28,2695,2935,2690,2935,3121932,0.09107806691449816
2022-04-29,2905,3140,2760,2795,4808679,-0.047700170357751315
2022-05-02,2795,2880,2720,2720,1745956,-0.02683363148479423
2022-05-03,2725,2765,2680,2705,547608,-0.005514705882352922
2022-05-04,2690,2695,2560,2575,541486,-0.04805914972273573
2022-05-06,2540,2555,2500,2530,300629,-0.01747572815533982
2022-05-09,2515,2520,2360,2370,326087,-0.06324110671936756
2022-05-10,2355,2400,2240,2385,228123,0.006329113924050667
2022-05-11,2345,2465,2345,2425,158863,0.016771488469601747
2022-05-12,2370,2400,2295,2295,141075,-0.053608247422680444
2022-05-13,2305,2335,2260,2300,133653,0.002178649237472685
2022-05-16,2305,2350,2155,2260,245747,-0.017391304347826098
2022-05-17,2235,2295,2220,2260,96643,0.0
2022-05-18,2275,2280,2235,2245,75493,-0.006637168141592875
2022-05-19,2145,2245,2145,2200,95631,-0.020044543429844075
2022-05-20,2210,2235,2180,2200,84512,0.0
2022-05-23,2200,2220,2160,2180,93148,-0.009090909090909038
2022-05-24,2165,2185,2125,2125,82863,-0.025229357798165153
2022-05-25,2130,2200,2105,2140,99491,0.007058823529411784
2022-05-26,2185,2200,2140,2145,74154,0.002336448598130758
2022-05-27,2160,2195,2145,2170,43024,0.011655011655011593
2022-05-30,2205,2270,2195,2225,89433,0.025345622119815614
2022-05-31,2240,2260,2180,2220,66139,-0.0022471910112359383
2022-06-02,2235,2235,2170,2175,81442,-0.020270270270270285
2022-06-03,2155,2225,2155,2215,108036,0.01839080459770126
2022-06-07,2210,2230,2170,2175,71039,-0.018058690744920947
2022-06-08,2135,2185,2135,2160,56391,-0.006896551724137945
2022-06-09,2135,2165,2090,2150,112528,-0.00462962962962965
2022-06-10,2075,2165,2075,2150,67473,0.0
2022-06-13,2055,2110,1985,1985,157143,-0.07674418604651168
2022-06-14,1905,2000,1890,1985,242169,0.0
2022-06-15,1950,1980,1865,1865,179913,-0.06045340050377834
2022-06-16,1885,1940,1850,1865,156452,0.0
2022-06-17,1765,1890,1765,1890,166342,0.013404825737265424
2022-06-20,1890,1890,1750,1780,136727,-0.05820105820105825
2022-06-21,1765,1825,1690,1805,78038,0.014044943820224809
2022-06-22,1815,1835,1680,1680,122275,-0.06925207756232687
2022-06-23,1665,1685,1530,1530,217217,-0.0892857142857143
2022-06-24,1530,1630,1530,1600,155371,0.045751633986928164
2022-06-27,1640,1735,1640,1730,72302,0.08125000000000004
2022-06-28,1710,1760,1710,1755,48819,0.014450867052023142
2022-06-29,1730,1780,1705,1780,43278,0.014245014245014342
2022-06-30,1760,1780,1670,1700,63032,-0.0449438202247191
2022-07-01,1665,1700,1600,1650,64883,-0.02941176470588236
2022-07-04,1650,1650,1570,1600,33713,-0.030303030303030276
2022-07-05,1595,1690,1595,1645,25488,0.028124999999999956
2022-07-06,1625,1665,1600,1600,50451,-0.027355623100303927
2022-07-07,1620,1680,1610,1630,29404,0.018750000000000044
2022-07-08,1630,1690,1630,1680,56899,0.030674846625766916
2022-07-11,1675,1705,1650,1685,46104,0.0029761904761904656
2022-07-12,1675,1680,1595,1615,37265,-0.041543026706231445
2022-07-13,1615,1925,1590,1685,1190968,0.04334365325077405
2022-07-14,1690,1710,1650,1690,79363,0.0029673590504450953
2022-07-15,1690,1725,1670,1680,115931,-0.00591715976331364
2022-07-18,1680,1725,1665,1715,56879,0.02083333333333326
2022-07-19,1695,1725,1685,1695,40253,-0.011661807580174877
2022-07-20,1705,1745,1700,1715,53397,0.01179941002949847
2022-07-21,1725,1775,1725,1770,56510,0.03206997084548102
2022-07-22,1785,1785,1700,1730,47906,-0.02259887005649719
2022-07-25,1700,1750,1700,1750,24909,0.011560693641618602
2022-07-26,1720,1765,1720,1745,23463,-0.0028571428571428914
2022-07-27,1745,1745,1700,1715,39046,-0.017191977077363862
2022-07-28,1715,1745,1700,1710,97994,-0.002915451895043719
2022-07-29,1740,1740,1715,1720,21672,0.005847953216374213
2022-08-01,1725,1780,1720,1760,45641,0.023255813953488413
2022-08-02,1735,1760,1705,1720,60921,-0.022727272727272707
2022-08-03,1720,1745,1700,1735,25979,0.008720930232558155
2022-08-04,1720,1760,1720,1740,57818,0.0028818443804035088
2022-08-05,1745,1765,1720,1745,161999,0.002873563218390718
2022-08-08,1740,1740,1715,1730,36031,-0.008595988538681931
2022-08-09,1720,1755,1720,1740,37592,0.005780346820809301
2022-08-10,1750,1770,1730,1740,38058,0.0
2022-08-11,1755,1755,1740,1745,40039,0.002873563218390718
2022-08-12,1745,1755,1725,1740,36369,-0.002865329512893977
2022-08-16,1755,1755,1725,1755,56422,0.008620689655172376
2022-08-17,1755,1760,1730,1745,60869,-0.005698005698005715
2022-08-18,1725,1730,1705,1715,60142,-0.017191977077363862
2022-08-19,1690,1725,1690,1725,51146,0.005830903790087438
2022-08-22,1700,1715,1655,1655,57303,-0.04057971014492756
2022-08-23,1645,1645,1590,1615,67842,-0.024169184290030232
2022-08-24,1600,1630,1595,1610,24110,-0.003095975232198178
2022-08-25,1610,1945,1600,1810,10050522,0.12422360248447206
2022-08-26,1850,1920,1730,1765,2042649,-0.024861878453038666
2022-08-29,1680,1715,1680,1680,287543,-0.04815864022662886
2022-08-30,1670,1850,1645,1735,2154871,0.032738095238095344
2022-08-31,1715,1765,1710,1725,237799,-0.0057636887608069065
2022-09-01,1725,1730,1675,1675,145763,-0.02898550724637683
2022-09-02,1695,1715,1670,1680,114888,0.0029850746268655914
2022-09-05,1680,1690,1615,1630,140204,-0.029761904761904767
2022-09-06,1640,1695,1635,1660,85965,0.018404907975460016
2022-09-07,1680,1680,1595,1615,112142,-0.027108433734939763
2022-09-08,1635,1660,1615,1630,52119,0.009287925696594534
2022-09-13,1650,1780,1650,1700,213494,0.042944785276073594
2022-09-14,1685,1715,1640,1705,67380,0.002941176470588225
2022-09-15,1705,1800,1705,1745,508642,0.02346041055718473
2022-09-16,1730,1790,1695,1730,225538,-0.008595988538681931
2022-09-19,1735,1905,1700,1805,2298679,0.043352601156069426
2022-09-20,1835,1845,1740,1805,586334,0.0
2022-09-21,1800,1880,1790,1825,353830,0.011080332409972193
2022-09-22,1825,1880,1755,1870,388854,0.024657534246575352
2022-09-23,1880,1880,1665,1705,465012,-0.08823529411764708
2022-09-26,1630,1700,1565,1615,247728,-0.05278592375366564
2022-09-27,1570,1640,1545,1575,124363,-0.024767801857585092
2022-09-28,1575,1600,1465,1500,134688,-0.04761904761904767
2022-09-29,1515,1575,1460,1480,186939,-0.013333333333333308
2022-09-30,1475,1480,1380,1430,165874,-0.03378378378378377
2022-10-04,1455,1540,1440,1505,69297,0.0524475524475525
2022-10-05,1535,1545,1490,1510,101175,0.0033222591362125353
2022-10-06,1510,1590,1500,1555,138186,0.0298013245033113
2022-10-07,1570,1580,1545,1545,24448,-0.006430868167202619
2022-10-11,1485,1490,1425,1425,107074,-0.07766990291262132
2022-10-12,1410,1435,1375,1385,55154,-0.028070175438596467
2022-10-13,1375,1385,1255,1255,105559,-0.09386281588447654
2022-10-14,1295,1340,1285,1325,41745,0.055776892430278835
2022-10-17,1325,1340,1300,1340,35208,0.01132075471698113
2022-10-18,1340,1395,1340,1380,40844,0.029850746268656803
2022-10-19,1400,1435,1340,1350,103134,-0.021739130434782594
2022-10-20,1355,1380,1310,1370,56646,0.014814814814814836
2022-10-21,1325,1385,1320,1350,67485,-0.014598540145985384
2022-10-24,1340,1385,1340,1350,27666,0.0
2022-10-25,1370,1370,1325,1350,71523,0.0
2022-10-26,1360,1370,1315,1315,88653,-0.025925925925925908
2022-10-27,1330,1360,1315,1360,67869,0.034220532319391594
2022-10-28,1340,1370,1315,1330,52285,-0.022058823529411797
2022-10-31,1330,1340,1315,1340,28610,0.007518796992481258
2022-11-01,1340,1380,1315,1370,78682,0.02238805970149249
2022-11-02,1375,1395,1355,1380,41220,0.007299270072992803
2022-11-03,1365,1420,1335,1370,61518,-0.007246376811594235
2022-11-04,1370,1395,1310,1375,200344,0.0036496350364962904
2022-11-07,1385,1385,1335,1380,49297,0.0036363636363636598
2022-11-08,1385,1470,1385,1445,219401,0.047101449275362306
2022-11-09,1435,1475,1420,1440,53903,-0.0034602076124568004
2022-11-10,1410,1460,1400,1430,30268,-0.00694444444444442
2022-11-11,1445,1500,1435,1460,159770,0.020979020979021046
2022-11-14,1465,1520,1440,1460,175707,0.0
2022-11-15,1475,1615,1460,1510,2131355,0.03424657534246567
2022-11-16,1530,1560,1510,1560,312428,0.0331125827814569
2022-11-17,1560,1595,1535,1565,181291,0.0032051282051281937
2022-11-18,1565,1580,1550,1575,98849,0.006389776357827559
2022-11-21,1575,1575,1515,1565,122157,-0.006349206349206327
2022-11-22,1525,1565,1525,1560,70126,-0.0031948881789137795
2022-11-23,1560,1575,1550,1570,79466,0.0064102564102563875
2022-11-24,1580,1590,1560,1585,73342,0.009554140127388644
2022-11-25,1585,1640,1570,1640,138996,0.034700315457413256
2022-11-28,1635,1680,1585,1665,110826,0.015243902439024293
2022-11-29,1630,1750,1595,1740,439427,0.04504504504504503
2022-11-30,1740,1755,1705,1745,169179,0.002873563218390718
2022-12-01,1745,1780,1720,1765,133646,0.011461318051575908
2022-12-02,1770,1830,1750,1790,194298,0.014164305949008416
2022-12-05,1840,1950,1795,1820,1129025,0.016759776536312776
2022-12-06,1820,1820,1750,1765,181313,-0.030219780219780223
2022-12-07,1765,1850,1730,1820,213532,0.031161473087818692
2022-12-08,1815,1825,1750,1780,156691,-0.02197802197802201
2022-12-09,1780,1805,1730,1755,155065,-0.014044943820224698
2022-12-12,1765,1765,1680,1680,129143,-0.042735042735042694
2022-12-13,1660,1680,1615,1670,109514,-0.005952380952380931
2022-12-14,1665,1725,1630,1720,81229,0.029940119760478945
2022-12-15,1720,1725,1680,1715,52253,-0.0029069767441860517
2022-12-16,1690,1735,1660,1700,63119,-0.008746355685131157
2022-12-19,1700,1720,1685,1710,30783,0.00588235294117645
2022-12-20,1680,1700,1635,1685,83443,-0.014619883040935644
2022-12-21,1660,1680,1635,1670,28862,-0.008902077151335286
2022-12-22,1670,1725,1670,1695,74567,0.014970059880239583
2022-12-23,1695,1695,1650,1680,46948,-0.008849557522123908
2022-12-26,1675,1675,1635,1655,44344,-0.014880952380952328
2022-12-27,1640,1790,1640,1720,518789,0.0392749244712991
2022-12-28,1725,1750,1700,1715,97980,-0.0029069767441860517
2022-12-29,1700,1705,1650,1660,85923,-0.03206997084548102
2023-01-02,1655,1660,1575,1600,95474,-0.03614457831325302
2023-01-03,1555,1635,1550,1590,117381,-0.006249999999999978
2023-01-04,1565,1645,1565,1610,38106,0.012578616352201255
2023-01-05,1640,1655,1620,1650,36080,0.024844720496894457
2023-01-06,1665,1730,1660,1690,89417,0.024242424242424176
2023-01-09,1695,1760,1695,1735,72387,0.026627218934911268
2023-01-10,1725,1755,1690,1700,68133,-0.02017291066282423
2023-01-11,1710,1755,1695,1750,65459,0.02941176470588225
2023-01-12,1760,1765,1720,1750,54305,0.0
2023-01-13,1720,1790,1720,1760,39291,0.005714285714285783
2023-01-16,1765,1815,1755,1810,100042,0.02840909090909083
2023-01-17,1810,1815,1765,1765,78001,-0.024861878453038666
2023-01-18,1765,1795,1755,1775,62019,0.0056657223796034994
2023-01-19,1785,1860,1755,1820,257760,0.025352112676056304
2023-01-20,1810,1820,1760,1795,95057,-0.013736263736263687
2023-01-25,1850,1850,1773,1791,74965,-0.0022284122562674646
2023-01-26,1820,1890,1820,1839,319264,0.02680067001675046
2023-01-27,1842,1874,1842,1868,144295,0.015769439912996175
2023-01-30,1883,1885,1812,1835,102831,-0.017665952890792314
2023-01-31,1821,1840,1801,1806,94970,-0.01580381471389647
2023-02-01,1816,1845,1800,1812,73781,0.0033222591362125353
2023-02-02,1815,1836,1813,1826,63526,0.007726269315673218
2023-02-03,1822,1860,1810,1854,26659,0.01533406352683464
2023-02-06,1854,1854,1814,1828,42064,-0.014023732470334394
2023-02-07,1826,1836,1823,1833,48623,0.00273522975929974
2023-02-08,1838,1858,1833,1857,48566,0.013093289689034338
2023-02-09,1857,1868,1839,1866,32230,0.004846526655896577
2023-02-10,1866,1906,1845,1862,141432,-0.002143622722400873
2023-02-13,1869,1869,1822,1855,105410,-0.003759398496240629
2023-02-14,1855,1879,1850,1864,52822,0.004851752021563405
2023-02-15,1878,1878,1829,1843,110722,-0.011266094420600892
2023-02-16,1840,1872,1830,1834,55989,-0.004883342376559963
2023-02-17,1846,1846,1825,1837,38316,0.0016357688113413094
2023-02-20,1836,1837,1815,1823,56966,-0.007621121393576513
2023-02-21,1843,1845,1819,1843,42531,0.010970927043335132
2023-02-22,1834,1835,1802,1822,92172,-0.011394465545306542
2023-02-23,1797,1825,1789,1814,40052,-0.004390779363336983
2023-02-24,1814,1845,1779,1779,58845,-0.019294377067254675
2023-02-27,1770,1800,1730,1750,45618,-0.016301292861158
2023-02-28,1750,1779,1749,1763,28052,0.00742857142857134
2023-03-02,1760,1789,1750,1777,43558,0.00794100964265465
2023-03-03,1760,1794,1760,1794,38788,0.009566685424873489
2023-03-06,1794,1800,1761,1782,27672,-0.006688963210702337
2023-03-07,1782,1782,1731,1737,72959,-0.025252525252525304
2023-03-08,1735,1735,1691,1691,58695,-0.02648244099021302
2023-03-09,1691,1698,1657,1681,47843,-0.005913660555884048
2023-03-10,1675,1675,1596,1622,101514,-0.035098155859607405
2023-03-13,1590,1614,1535,1579,97213,-0.026510480887792842
2023-03-14,1576,1576,1516,1529,60324,-0.03166561114629507
2023-03-15,1529,1594,1529,1575,32914,0.0300850228907783
2023-03-16,1571,1598,1550,1583,29095,0.005079365079365017
2023-03-17,1588,1650,1588,1640,38665,0.036007580543272244
2023-03-20,1640,1674,1585,1647,44033,0.004268292682926722
2023-03-21,1635,1647,1567,1602,44922,-0.02732240437158473
2023-03-22,1602,1602,1574,1585,30793,-0.01061173533083648
2023-03-23,1555,1569,1534,1546,26530,-0.02460567823343851
2023-03-24,1546,1565,1529,1543,30870,-0.0019404915912031306
2023-03-27,1543,1555,1500,1540,26611,-0.0019442644199610948
2023-03-28,1542,1555,1535,1555,18344,0.009740259740259827
2023-03-29,1560,1574,1545,1570,48093,0.009646302250803762
2023-03-30,1586,1600,1564,1569,54946,-0.0006369426751592355
2023-03-31,1570,1585,1553,1557,62732,-0.007648183556405397
2023-04-03,1558,1570,1531,1536,108440,-0.013487475915221592
2023-04-04,1535,1572,1530,1572,68331,0.0234375
2023-04-05,1572,1590,1564,1575,35363,0.001908396946564972
2023-04-06,1575,1575,1541,1550,41082,-0.015873015873015928
2023-04-07,1550,1568,1533,1562,45959,0.007741935483871032
2023-04-10,1568,1568,1518,1518,65732,-0.028169014084507005
2023-04-11,1518,1523,1497,1503,58851,-0.00988142292490124
2023-04-12,1502,1544,1498,1513,25001,0.006653359946773074
2023-04-13,1513,1524,1503,1522,38250,0.00594844679444817
2023-04-14,1522,1540,1522,1528,94746,0.003942181340341744
2023-04-17,1528,1533,1503,1510,56891,-0.011780104712041939
2023-04-18,1526,1542,1503,1537,79026,0.01788079470198678
2023-04-19,1537,1686,1537,1625,400509,0.057254391672088456
2023-04-20,1625,1641,1551,1551,114320,-0.04553846153846153
2023-04-21,1535,1543,1504,1506,125403,-0.029013539651837505
2023-04-24,1490,1491,1400,1465,76876,-0.02722443559096943
2023-04-25,1452,1459,1422,1451,61304,-0.009556313993174026
2023-04-26,1440,1450,1401,1401,81553,-0.034458993797381154
2023-04-27,1386,1401,1363,1400,91785,-0.0007137758743754885
2023-04-28,1413,1439,1402,1439,52285,0.027857142857142803
2023-05-02,1439,1464,1402,1411,51742,-0.01945795691452401
2023-05-03,1457,1460,1411,1460,50363,0.03472714386959597
2023-05-04,1421,1448,1415,1443,28056,-0.011643835616438336
2023-05-08,1443,1471,1441,1455,36419,0.008316008316008316
2023-05-09,1455,1467,1438,1466,18649,0.007560137457044647
2023-05-10,1466,1860,1466,1578,8027744,0.07639836289222379
2023-05-11,1627,1648,1535,1598,927158,0.012674271229404344
2023-05-12,1590,1625,1550,1556,289338,-0.026282853566958697
2023-05-15,1540,1556,1495,1506,256675,-0.03213367609254503
2023-05-16,1506,1775,1506,1624,2972969,0.07835325365205836
2023-05-17,1625,1650,1581,1621,462479,-0.001847290640394128
2023-05-18,1650,1682,1616,1645,360201,0.014805675508945182
2023-05-19,1656,1656,1604,1633,167260,-0.007294832826747699
2023-05-22,1630,1685,1625,1673,237202,0.024494794856093183
2023-05-23,1673,1709,1650,1700,215301,0.016138673042438656
2023-05-24,1700,1709,1668,1681,145949,-0.011176470588235343
2023-05-25,1681,1681,1623,1626,155492,-0.0327186198691255
2023-05-26,1626,1644,1584,1590,115961,-0.022140221402214055
2023-05-30,1608,1621,1590,1621,82166,0.019496855345912056
2023-05-31,1600,1700,1600,1633,111920,0.007402837754472591
2023-06-01,1633,1647,1607,1629,62657,-0.0024494794856093627
2023-06-02,1629,1690,1595,1685,130174,0.03437691835481882
2023-06-05,1692,1705,1599,1681,83846,-0.002373887240356032
2023-06-07,1682,1759,1667,1728,365470,0.027959547888161795
2023-06-08,1729,1801,1717,1725,446116,-0.0017361111111111605
2023-06-09,1727,1762,1725,1728,129942,0.0017391304347826875
2023-06-12,1712,1762,1690,1762,158878,0.01967592592592582
2023-06-13,1762,1774,1713,1718,119406,-0.024971623155505163
2023-06-14,1734,1740,1680,1685,103604,-0.019208381839348032
2023-06-15,1685,1759,1680,1728,174724,0.025519287833827953
2023-06-16,1758,1758,1720,1735,49250,0.004050925925925819
2023-06-19,1735,1735,1692,1700,72622,-0.02017291066282423
2023-06-20,1700,1846,1680,1793,1137049,0.05470588235294116
2023-06-21,1782,1840,1736,1802,368220,0.005019520356943641
2023-06-22,1792,1792,1750,1755,121717,-0.026082130965593753
2023-06-23,1749,1781,1742,1760,104516,0.002849002849002913
2023-06-26,1760,1770,1725,1764,92052,0.002272727272727204
2023-06-27,1764,1848,1759,1783,156392,0.010770975056689336
2023-06-28,1783,1854,1769,1830,290724,0.02636006730229945
2023-06-29,1817,1827,1780,1795,125370,-0.01912568306010931
2023-06-30,1775,1830,1770,1782,84715,-0.007242339832869038
2023-07-03,1782,1795,1766,1781,80884,-0.0005611672278339475
2023-07-04,1765,1840,1765,1826,158913,0.025266704098820814
2023-07-05,1827,1845,1745,1745,204232,-0.04435925520262873
2023-07-06,1727,1764,1694,1694,120022,-0.029226361031518655
2023-07-07,1687,1729,1687,1729,67403,0.02066115702479343
2023-07-10,1715,1741,1701,1701,43967,-0.01619433198380571
2023-07-11,1692,2210,1692,2140,17397564,0.2580834803057026
2023-07-12,2035,2130,2000,2115,2466942,-0.011682242990654235
2023-07-13,2090,2090,1958,1960,1480797,-0.07328605200945626
2023-07-14,1964,2015,1909,2015,857680,0.028061224489795977
2023-07-17,2005,2010,1957,1975,671577,-0.01985111662531014
2023-07-18,1968,1990,1910,1934,413169,-0.02075949367088603
2023-07-19,1934,2310,1934,2100,11635604,0.0858324715615304
2023-07-20,2065,2135,2020,2030,1107324,-0.033333333333333326
2023-07-21,2030,2060,1960,1971,631054,-0.029064039408867037
2023-07-24,2045,2560,2040,2215,17956885,0.12379502790461694
2023-07-25,2215,2295,2170,2270,2481492,0.02483069977426644
2023-07-26,2190,2195,1965,2010,1840888,-0.1145374449339207
2023-07-27,2005,2150,2000,2060,1152413,0.02487562189054726
2023-07-28,2080,2230,2030,2160,1340687,0.04854368932038833
2023-07-31,2160,2250,2100,2235,1247876,0.03472222222222232
2023-08-01,2220,2290,2185,2280,984723,0.020134228187919545
2023-08-02,2230,2235,2050,2050,1104737,-0.10087719298245612
2023-08-03,2105,2130,1991,2055,863834,0.0024390243902439046
2023-08-04,2000,2160,1999,2090,869664,0.017031630170316392
2023-08-07,2050,2100,1995,2010,471556,-0.038277511961722466
2023-08-08,1997,2020,1915,1956,491929,-0.0268656716417911
2023-08-09,1960,2125,1960,2105,551941,0.07617586912065444
2023-08-10,2185,2575,2120,2395,20488237,0.13776722090261284
2023-08-11,2300,2480,2255,2345,3981187,-0.02087682672233826
2023-08-14,2380,2515,2330,2455,4058499,0.046908315565032055
2023-08-16,2665,2920,2585,2720,11116654,0.10794297352342164
2023-08-17,2680,2835,2530,2660,2529833,-0.022058823529411797
2023-08-18,2625,3050,2625,2760,9474987,0.03759398496240607
2023-08-21,2740,2760,2495,2675,2200158,-0.030797101449275388
2023-08-22,2935,3280,2635,2780,14594327,0.03925233644859816
2023-08-23,2735,2795,2600,2720,2547703,-0.021582733812949617
2023-08-24,2680,2800,2630,2760,1652153,0.014705882352941124
2023-08-25,2670,2715,2625,2645,1499303,-0.04166666666666663
2023-08-28,2675,2675,2450,2535,2163359,-0.041587901701323204
2023-08-29,2520,2585,2490,2525,547412,-0.0039447731755424265
2023-08-30,2575,2630,2500,2545,801531,0.007920792079207928
2023-08-31,2515,2525,2300,2370,1954429,-0.06876227897838905
2023-09-01,2370,2375,2310,2365,619161,-0.002109704641350185
2023-09-04,2365,2375,2285,2365,573332,0.0
2023-09-05,2240,2300,2110,2280,2892394,-0.03594080338266381
2023-09-06,2280,2455,2215,2385,1853574,0.046052631578947345
2023-09-07,2320,2400,2245,2355,884998,-0.012578616352201255
2023-09-08,2345,2425,2305,2350,548138,-0.002123142250530785
2023-09-11,2390,2520,2360,2495,1916568,0.06170212765957439
2023-09-12,2520,2560,2410,2450,1013292,-0.018036072144288595
2023-09-13,2415,2485,2315,2360,890378,-0.03673469387755102
2023-09-14,2345,2405,2295,2400,370063,0.016949152542372836
2023-09-15,2400,2425,2355,2400,362598,0.0
2023-09-18,2410,2680,2410,2640,6490229,0.10000000000000009
2023-09-19,2710,2955,2630,2710,15099955,0.026515151515151603
2023-09-20,2745,2820,2530,2550,3149586,-0.059040590405904037
2023-09-21,2560,2630,2335,2465,2461669,-0.033333333333333326
2023-09-22,2385,2540,2365,2520,821349,0.022312373225152227
2023-09-25,2535,2630,2400,2455,987957,-0.025793650793650813
2023-09-26,2405,2465,2310,2430,702489,-0.010183299389002087
2023-09-27,2365,2430,2355,2425,276892,-0.002057613168724326
2023-10-04,2385,2395,2175,2330,819824,-0.039175257731958735
2023-10-05,2320,2325,2180,2210,548576,-0.05150214592274682
2023-10-06,2180,2280,2180,2280,240977,0.03167420814479649
2023-10-10,2280,2280,2125,2225,495484,-0.02412280701754388
2023-10-11,2205,2270,2200,2245,334353,0.008988764044943753
2023-10-12,2265,2490,2245,2385,1169221,0.062360801781737196
2023-10-13,2370,2370,2250,2330,534528,-0.023060796645702264
2023-10-16,2290,2445,2235,2425,888401,0.04077253218884125
2023-10-17,2430,2635,2425,2630,2208979,0.08453608247422673
2023-10-18,2675,2845,2530,2560,2501985,-0.026615969581749055
2023-10-19,2485,2640,2450,2540,963935,-0.0078125
2023-10-20,2515,2550,2380,2480,670351,-0.023622047244094446
2023-10-23,2465,2540,2360,2410,592169,-0.028225806451612878
2023-10-24,2415,2470,2325,2460,326317,0.020746887966804906
2023-10-25,2485,2680,2460,2585,2199314,0.05081300813008127
2023-10-26,2490,2545,2405,2450,779495,-0.0522243713733076
2023-10-27,2455,2500,2270,2355,944490,-0.038775510204081653
2023-10-30,2305,2340,2235,2305,656484,-0.02123142250530785
2023-10-31,2305,2550,2280,2360,1607047,0.02386117136659438
2023-11-01,2345,2465,2330,2425,602837,0.02754237288135597
2023-11-02,2480,2580,2400,2545,921545,0.04948453608247427
2023-11-03,2560,2600,2425,2545,809690,0.0
2023-11-06,2545,2545,2450,2485,741587,-0.023575638506876273
2023-11-07,2485,2730,2435,2620,2085222,0.05432595573440646
2023-11-08,2600,2665,2540,2620,1167990,0.0
2023-11-09,2610,2610,2440,2535,906391,-0.03244274809160308
2023-11-10,2515,2530,2380,2455,458374,-0.0315581854043393
2023-11-13,2455,2555,2390,2425,512310,-0.012219959266802416
2023-11-14,2405,2655,2400,2590,2306193,0.06804123711340204
2023-11-15,2610,2695,2535,2690,1241249,0.03861003861003853
2023-11-16,2660,2750,2620,2680,647299,-0.0037174721189591198
2023-11-17,2680,2930,2620,2835,5148851,0.057835820895522305
2023-11-20,2815,2890,2770,2780,957677,-0.01940035273368612
2023-11-21,2775,2780,2680,2720,756777,-0.021582733812949617
2023-11-22,2710,2755,2615,2685,601461,-0.012867647058823484
2023-11-23,2680,2715,2595,2635,473773,-0.01862197392923648
2023-11-24,2625,2700,2610,2670,344574,0.013282732447817747
2023-11-27,2670,2670,2525,2575,501809,-0.035580524344569264
2023-11-28,2550,2590,2500,2540,514891,-0.013592233009708687
2023-11-29,2530,2630,2510,2620,513608,0.03149606299212593
2023-11-30,2590,2710,2585,2640,451109,0.007633587786259444
2023-12-01,2700,2700,2555,2590,358857,-0.018939393939393923
2023-12-04,2595,2595,2515,2530,252677,-0.02316602316602312
2023-12-05,2500,2595,2470,2495,267240,-0.013833992094861691
2023-12-06,2480,2535,2430,2535,505743,0.01603206412825653
2023-12-07,2535,2545,2445,2450,199166,-0.0335305719921104
2023-12-08,2480,2510,2355,2430,549360,-0.008163265306122436
2023-12-11,2430,2520,2415,2500,280642,0.028806584362139898
2023-12-12,2495,2580,2480,2530,317915,0.01200000000000001
2023-12-13,2520,2540,2435,2480,271354,-0.01976284584980237
2023-12-14,2485,2530,2430,2430,357311,-0.020161290322580627
2023-12-15,2445,2450,2355,2415,370634,-0.006172839506172867
2023-12-18,2420,2460,2400,2460,122514,0.01863354037267073
2023-12-19,2440,2460,2400,2415,185725,-0.018292682926829285
2023-12-20,2430,2470,2400,2450,172322,0.01449275362318847
2023-12-21,2415,2510,2410,2450,281923,0.0
2023-12-22,2455,2460,2190,2320,863955,-0.05306122448979589
2023-12-26,2340,2340,2200,2260,529874,-0.025862068965517238
2023-12-27,2250,2290,2225,2255,214501,-0.0022123893805309214
2023-12-28,2240,2280,2220,2255,205663,0.0
2024-01-02,2255,2275,2205,2255,224019,0.0
2024-01-03,2245,2280,2215,2245,200456,-0.0044345898004434225
2024-01-04,2220,2250,2155,2230,476771,-0.006681514476614692
2024-01-05,2190,2245,2185,2230,180403,0.0
2024-01-08,2215,2340,2215,2340,306253,0.049327354260089606
2024-01-09,2325,2445,2310,2445,418612,0.044871794871794934
2024-01-10,2435,2500,2365,2480,273725,0.014314928425357865
2024-01-11,2475,2510,2435,2490,194705,0.0040322580645162365
2024-01-12,2495,2540,2425,2480,339918,-0.004016064257028162
2024-01-15,2480,2550,2420,2455,158680,-0.01008064516129037
2024-01-16,2415,2655,2410,2645,1720283,0.07739307535641538
2024-01-17,2645,2680,2550,2570,902400,-0.02835538752362954
2024-01-18,2610,2740,2545,2700,2011787,0.05058365758754868
2024-01-19,2740,2955,2700,2915,3324033,0.07962962962962972
2024-01-22,2965,3020,2890,2935,2032314,0.006861063464836947
2024-01-23,2935,3035,2900,2920,979118,-0.005110732538330498
2024-01-24,2920,2970,2850,2900,895257,-0.006849315068493178
2024-01-25,2895,2965,2820,2870,861956,-0.010344827586206917
2024-01-26,2895,2915,2780,2810,690141,-0.020905923344947785
2024-01-29,2810,2830,2650,2760,763928,-0.017793594306049876
2024-01-30,2750,2800,2650,2680,409255,-0.02898550724637683
2024-01-31,2740,2880,2595,2655,949989,-0.009328358208955279
2024-02-01,2600,2645,2495,2570,531738,-0.032015065913371
2024-02-02,2570,2675,2535,2550,542663,-0.0077821011673151474
2024-02-05,2560,2720,2560,2665,820155,0.045098039215686336
2024-02-06,2640,2665,2570,2595,455802,-0.026266416510318913
2024-02-07,2675,2925,2645,2705,3366487,0.042389210019267765
2024-02-08,2710,2805,2685,2765,858570,0.022181146025878062
2024-02-13,2790,2790,2615,2660,842584,-0.03797468354430378
2024-02-14,2625,2730,2580,2705,437900,0.016917293233082775
2024-02-15,2735,2875,2660,2680,1872766,-0.009242144177449174
2024-02-16,2700,2715,2455,2495,2088208,-0.06902985074626866
2024-02-19,2495,2530,2430,2455,715183,-0.01603206412825653
2024-02-20,2425,2465,2400,2410,400046,-0.018329938900203624
2024-02-21,2375,2450,2350,2405,1064199,-0.0020746887966804906
2024-02-22,2390,2405,2335,2350,614038,-0.022869022869022815
2024-02-23,2370,2395,2310,2330,692339,-0.008510638297872353
2024-02-26,2330,2335,2270,2310,536833,-0.008583690987124415
2024-02-27,2295,2315,2225,2235,1077358,-0.03246753246753242
2024-02-28,2235,2365,2235,2350,916027,0.05145413870246096
2024-02-29,2350,2385,2275,2285,515994,-0.02765957446808509
2024-03-04,2300,2315,2210,2250,443257,-0.015317286652078765
2024-03-05,2230,2285,2210,2210,543340,-0.01777777777777778
2024-03-06,2225,2320,2180,2290,444527,0.03619909502262453
2024-03-07,2325,2325,2200,2220,296020,-0.03056768558951961
2024-03-08,2220,2240,2145,2180,440416,-0.018018018018018056
2024-03-11,2170,2350,2130,2350,1093434,0.07798165137614688
2024-03-12,2300,2330,2225,2230,764682,-0.051063829787234005
2024-03-13,2255,2265,2170,2185,645403,-0.020179372197309364
2024-03-14,2205,2255,2180,2240,279370,0.02517162471395884
2024-03-15,2240,2245,2185,2200,171763,-0.017857142857142905
2024-03-18,2200,2275,2190,2265,304129,0.02954545454545454
2024-03-19,2265,2280,2225,2260,121749,-0.002207505518763808
2024-03-20,2260,2285,2230,2250,203859,-0.004424778761061954
2024-03-21,2250,2275,2200,2220,277305,-0.013333333333333308
2024-03-22,2210,2265,2205,2250,181017,0.013513513513513598
2024-03-25,2270,2300,2235,2290,295323,0.01777777777777767
2024-03-26,2285,2560,2275,2485,4820700,0.08515283842794763
2024-03-27,2470,2565,2445,2500,1171749,0.006036217303822866
2024-03-28,2480,2575,2415,2450,1190541,-0.020000000000000018
2024-03-29,2445,2445,2245,2305,1327281,-0.0591836734693878
2024-04-01,2330,2510,2300,2430,1559758,0.054229934924078016
2024-04-02,2430,2650,2350,2360,2946962,-0.028806584362139898
2024-04-03,2325,2485,2290,2430,858253,0.029661016949152463
2024-04-04,2400,2600,2380,2560,2125519,0.053497942386831365
2024-04-05,2545,2660,2495,2545,1210096,-0.005859375
2024-04-08,2550,2580,2435,2465,591658,-0.03143418467583492
2024-04-09,2465,2580,2450,2580,1198867,0.04665314401622722
2024-04-11,2570,2660,2500,2610,1030485,0.011627906976744207
2024-04-12,2600,2665,2540,2560,835780,-0.019157088122605415
2024-04-15,2540,2545,2425,2520,642782,-0.015625
2024-04-16,2515,2610,2385,2430,823188,-0.0357142857142857
2024-04-17,2430,2605,2425,2600,2112904,0.06995884773662553
2024-04-18,2575,2695,2560,2685,1426225,0.0326923076923078
2024-04-19,2680,2705,2525,2610,1185209,-0.027932960893854775
2024-04-22,2735,2815,2650,2735,3124519,0.04789272030651337
2024-04-23,2735,2790,2680,2700,790190,-0.012797074954296161
2024-04-24,2710,2730,2650,2710,573776,0.0037037037037037646
2024-04-25,2725,2760,2660,2685,489656,-0.009225092250922495
2024-04-26,2685,2790,2670,2790,827784,0.03910614525139655
2024-04-29,2825,2825,2735,2740,674323,-0.017921146953404965
2024-04-30,2760,3090,2740,2955,5628600,0.07846715328467146
2024-05-02,3025,3670,3005,3405,33297531,0.15228426395939088
2024-05-03,3300,3350,3210,3310,6854774,-0.027900146842878115
2024-05-07,3285,3380,3170,3335,6564915,0.007552870090634434
2024-05-08,3140,3155,3010,3060,3623218,-0.08245877061469264
2024-05-09,3025,3560,3025,3200,28282535,0.045751633986928164
2024-05-10,3200,3605,3185,3565,18090273,0.11406249999999996
2024-05-13,3800,4590,3750,4025,42699370,0.12903225806451624
2024-05-14,3945,3990,3860,3990,2742554,-0.008695652173912993
2024-05-16,3875,3960,3830,3945,1951898,-0.011278195488721776
2024-05-17,3820,3820,3730,3745,2494040,-0.05069708491761726
2024-05-20,3700,3860,3550,3600,5708357,-0.03871829105473967
2024-05-21,3580,4140,3520,3975,22424762,0.10416666666666674
2024-05-22,4130,4520,3960,4005,19908541,0.007547169811320753
2024-05-23,3930,4160,3850,4005,4576054,0.0
2024-05-24,4280,4380,4000,4220,12169748,0.0536828963795255
2024-05-27,4275,4590,4170,4390,16453597,0.04028436018957349
2024-05-28,4390,4585,4185,4265,8767245,-0.028473804100227817
2024-05-29,4280,4485,4115,4290,6409027,0.0058616647127784915
2024-05-30,4225,4510,4175,4315,5339319,0.005827505827505908
2024-05-31,4370,4800,4180,4220,17114050,-0.022016222479721903
2024-06-03,4305,4470,4160,4410,5662032,0.04502369668246442
2024-06-04,4470,4545,4290,4310,5488018,-0.0226757369614512
2024-06-05,4290,4325,3945,4140,3013978,-0.03944315545243615
2024-06-07,4170,4365,4050,4265,2359073,0.030193236714975757
2024-06-10,4195,4365,3995,3995,2212780,-0.06330597889800704
2024-06-11,4065,4115,3810,3875,2467838,-0.030037546933667114
2024-06-12,3920,4335,3830,4330,5156820,0.11741935483870969
2024-06-13,4375,4535,4210,4460,6758321,0.03002309468822162
2024-06-14,4670,4850,4340,4545,10619520,0.01905829596412567
2024-06-17,4465,4490,4250,4250,2177997,-0.06490649064906495
2024-06-18,4315,4335,4155,4255,1710536,0.0011764705882353343
2024-06-19,4285,4435,4170,4245,2721975,-0.002350176263219761
2024-06-20,4235,4245,3930,3940,2514620,-0.07184923439340396
2024-06-21,3935,4025,3735,3990,2474904,0.012690355329949332
2024-06-24,3960,3990,3820,3880,1195224,-0.027568922305764465
2024-06-25,3870,3920,3725,3765,1454073,-0.029639175257731964
2024-06-26,3780,3825,3565,3760,2653936,-0.0013280212483399723
2024-06-27,3765,3920,3560,3580,3850492,-0.0478723404255319
2024-06-28,3600,3700,3400,3680,2036423,0.027932960893854775
2024-07-01,3690,3825,3570,3580,2090571,-0.02717391304347827
2024-07-02,3550,3615,3390,3415,1836969,-0.0460893854748603
2024-07-03,3420,3465,3265,3320,1461279,-0.027818448023426035
2024-07-04,3320,3320,3205,3265,1293927,-0.016566265060240948
2024-07-05,3255,3345,3150,3185,1285541,-0.024502297090352232
2024-07-08,3200,3265,3185,3250,1382598,0.020408163265306145
2024-07-09,3260,3345,3195,3330,1254705,0.024615384615384706
2024-07-10,3370,3475,3260,3445,1381400,0.03453453453453448
2024-07-11,3455,3525,3335,3380,1151979,-0.018867924528301883
2024-07-12,3295,3400,3210,3285,1149284,-0.028106508875739622
2024-07-15,3280,3325,3210,3250,593838,-0.010654490106544956
2024-07-16,3215,3245,3105,3120,759916,-0.040000000000000036
2024-07-17,3160,3305,3140,3220,1150364,0.03205128205128216
2024-07-18,3150,3220,3070,3115,531065,-0.03260869565217395
2024-07-19,3140,3160,3045,3095,505675,-0.006420545746388395
2024-07-22,3070,3185,3000,3030,1100714,-0.021001615508885352
2024-07-23,3075,3105,2950,3070,1468776,0.013201320132013139
2024-07-24,3075,3240,3020,3210,1218453,0.0456026058631922
2024-07-25,3120,3215,2935,2965,1112420,-0.07632398753894076
2024-07-26,2970,3015,2915,2940,490037,-0.00843170320404718
2024-07-29,2950,3125,2950,3110,614138,0.05782312925170063
2024-07-30,3110,3130,2985,3055,471228,-0.01768488745980712
2024-07-31,3055,3110,2975,3025,472696,-0.009819967266775809
2024-08-01,3060,3110,2930,2930,858505,-0.031404958677686
2024-08-02,2850,2875,2625,2655,1751293,-0.09385665529010234
2024-08-05,2590,2625,2160,2245,2461737,-0.15442561205273064
2024-08-06,2300,2470,2285,2400,1559690,0.069042316258352
2024-08-07,2415,2470,2335,2430,926069,0.012499999999999956
2024-08-08,2350,2430,2325,2420,416990,-0.004115226337448541
2024-08-09,2480,2600,2465,2600,715118,0.07438016528925617
2024-08-12,2605,2635,2535,2600,757160,0.0
2024-08-13,2580,2625,2390,2425,995313,-0.06730769230769229
2024-08-14,2480,2530,2375,2415,1317574,-0.004123711340206171
2024-08-16,2200,2335,2155,2265,4343867,-0.06211180124223603
2024-08-19,2265,2280,2205,2235,868869,-0.013245033112582738
2024-08-20,2240,2295,2210,2285,969010,0.02237136465324374
2024-08-21,2260,2275,2180,2215,821454,-0.03063457330415753
2024-08-22,2220,2280,2170,2180,716779,-0.015801354401805856
2024-08-23,2135,2180,2100,2120,622364,-0.02752293577981646
2024-08-26,2180,2185,1976,1996,1817158,-0.058490566037735836
2024-08-27,1955,2030,1890,2000,1471081,0.002004008016031955
2024-08-28,2020,2040,1954,1977,456176,-0.011499999999999955
2024-08-29,1930,1969,1910,1912,556694,-0.03287809812847753
2024-08-30,1920,1946,1905,1942,531738,0.01569037656903771
2024-09-02,2020,2120,1925,1958,4025912,0.008238928939237944
