Date,Open,High,Low,Close,Volume,Change
2022-01-03,20600,20750,20200,20300,107540,-0.009756097560975618
2022-01-04,20600,21450,20350,21450,384824,0.05665024630541882
2022-01-05,21450,21500,20600,20800,233888,-0.030303030303030276
2022-01-06,20200,20900,20050,20050,162493,-0.03605769230769229
2022-01-07,20250,20450,20200,20400,80835,0.0174563591022443
2022-01-10,20300,20400,19600,20300,91479,-0.004901960784313708
2022-01-11,20200,20400,19850,20150,55057,-0.007389162561576401
2022-01-12,20800,20900,20250,20400,137817,0.012406947890818865
2022-01-13,20500,21150,20450,20750,149574,0.017156862745097978
2022-01-14,20350,20950,20350,20500,87371,-0.012048192771084376
2022-01-17,20400,20500,19950,20000,102488,-0.024390243902439046
2022-01-18,20100,20200,19600,19750,88260,-0.012499999999999956
2022-01-19,19450,19900,19400,19400,67431,-0.017721518987341756
2022-01-20,19400,20100,19000,20100,66317,0.03608247422680422
2022-01-21,19850,20200,19550,19700,46151,-0.01990049751243783
2022-01-24,19350,19600,18450,18800,115686,-0.045685279187817285
2022-01-25,18850,19450,18200,18300,103047,-0.02659574468085102
2022-01-26,18300,18600,18100,18100,37776,-0.010928961748633892
2022-01-27,18100,18550,17300,17500,74562,-0.03314917127071826
2022-01-28,17700,18950,17700,18950,79092,0.08285714285714296
2022-02-03,19300,19300,18700,19050,49185,0.005277044854881341
2022-02-04,18700,19050,18500,18850,53308,-0.01049868766404205
2022-02-07,19000,19050,18550,18800,36969,-0.0026525198938992522
2022-02-08,18800,19000,18350,18450,51601,-0.018617021276595702
2022-02-09,18450,18650,17200,18000,175440,-0.024390243902439046
2022-02-10,18150,18150,17600,17850,52218,-0.008333333333333304
2022-02-11,17750,17800,17200,17300,51057,-0.03081232492997199
2022-02-14,16250,17250,16200,16400,61129,-0.052023121387283267
2022-02-15,16400,17200,16400,16600,38399,0.012195121951219523
2022-02-16,17050,17550,17050,17500,19371,0.054216867469879526
2022-02-17,17450,17800,16700,17200,58091,-0.017142857142857126
2022-02-18,17050,17300,16900,16950,34721,-0.014534883720930258
2022-02-21,16850,16900,16450,16800,28815,-0.008849557522123908
2022-02-22,16550,16950,16150,16400,36004,-0.023809523809523836
2022-02-23,16500,16950,16500,16800,29706,0.024390243902439046
2022-02-24,16500,16900,16200,16250,27792,-0.03273809523809523
2022-02-25,16550,16900,16100,16250,48854,0.0
2022-02-28,16200,16900,16100,16750,48705,0.03076923076923066
2022-03-02,16750,17150,16500,17100,59041,0.020895522388059806
2022-03-03,17300,17300,16900,17100,39853,0.0
2022-03-04,17150,17300,16700,16950,31283,-0.00877192982456143
2022-03-07,16800,16800,16400,16500,21774,-0.026548672566371723
2022-03-08,16050,16700,16050,16250,19185,-0.015151515151515138
2022-03-10,16600,16750,16300,16350,12405,0.006153846153846176
2022-03-11,16250,16750,16150,16350,22077,0.0
2022-03-14,16350,16350,16000,16100,25007,-0.015290519877675823
2022-03-15,16000,16450,15900,16400,39632,0.01863354037267073
2022-03-16,16400,16800,16350,16800,29653,0.024390243902439046
2022-03-17,16950,17100,16800,16900,40671,0.005952380952380931
2022-03-18,16950,17150,16700,17050,25427,0.008875739644970349
2022-03-21,17150,17300,16800,16800,27633,-0.014662756598240456
2022-03-22,16850,17200,16750,17050,14260,0.014880952380952328
2022-03-23,17050,17200,16950,17100,20192,0.0029325513196480912
2022-03-24,17050,17350,16850,17350,31206,0.014619883040935644
2022-03-25,17200,17800,17200,17600,55491,0.014409221902017322
2022-03-28,17450,17950,17300,17600,39636,0.0
2022-03-29,17600,18000,17550,17650,27137,0.0028409090909091717
2022-03-30,17700,18100,17550,17550,47773,-0.005665722379603388
2022-03-31,17700,17700,17350,17600,37042,0.002849002849002913
2022-04-01,17450,17650,17250,17600,17901,0.0
2022-04-04,17600,18000,17400,17850,38868,0.014204545454545414
2022-04-05,17800,18050,17800,17950,21426,0.0056022408963585235
2022-04-06,17950,17950,17700,17750,26163,-0.011142061281337101
2022-04-07,17750,18000,17600,17800,46867,0.0028169014084507005
2022-04-08,17800,17900,17350,17700,26361,-0.005617977528089901
2022-04-11,17550,17850,17550,17600,12842,-0.005649717514124242
2022-04-12,17400,17600,17300,17550,24118,-0.0028409090909090606
2022-04-13,17500,20200,17350,18100,985013,0.031339031339031376
2022-04-14,18100,18250,17800,17800,81326,-0.016574585635359074
2022-04-15,17850,19150,17750,18650,346957,0.047752808988763995
2022-04-18,18600,19000,18150,18250,83527,-0.02144772117962468
2022-04-19,18300,18550,18250,18350,38889,0.005479452054794498
2022-04-20,18400,18750,18250,18650,54495,0.016348773841961872
2022-04-21,18700,18800,18500,18700,31866,0.002680965147453085
2022-04-22,18500,18600,18150,18400,52600,-0.016042780748663055
2022-04-25,18050,18600,17800,18000,74296,-0.021739130434782594
2022-04-26,18100,18400,18000,18100,35555,0.005555555555555536
2022-04-27,17650,18350,17550,18150,36574,0.0027624309392264568
2022-04-28,18200,18300,17850,18050,28107,-0.0055096418732781816
2022-04-29,18150,18400,17950,18150,20559,0.005540166204986097
2022-05-02,17800,19850,17750,18350,352751,0.011019283746556363
2022-05-03,18350,18400,17800,18100,94988,-0.013623978201634857
2022-05-04,18100,18100,17800,18000,44995,-0.0055248618784530246
2022-05-06,17600,17950,17450,17600,41589,-0.022222222222222254
2022-05-09,17500,17700,17000,17000,37007,-0.03409090909090906
2022-05-10,16550,16900,16150,16900,40651,-0.00588235294117645
2022-05-11,16850,17100,16800,16900,13419,0.0
2022-05-12,16500,16800,15750,16350,46646,-0.03254437869822491
2022-05-13,16550,16800,16150,16700,32145,0.021406727828746197
2022-05-16,16950,17100,16550,16650,10436,-0.0029940119760478723
2022-05-17,16400,16950,16400,16850,18404,0.012012012012011963
2022-05-18,17000,17300,16850,17300,16126,0.026706231454005858
2022-05-19,16750,17000,16700,16850,17808,-0.026011560693641633
2022-05-20,16750,17100,16750,16800,15995,-0.0029673590504450953
2022-05-23,16800,18450,16800,16900,443679,0.005952380952380931
2022-05-24,17000,17050,16550,16550,36712,-0.020710059171597628
2022-05-25,16750,16750,16200,16300,41966,-0.015105740181268867
2022-05-26,16500,16700,16300,16300,27154,0.0
2022-05-27,16550,16950,16450,16850,17098,0.033742331288343586
2022-05-30,16850,17050,16800,16950,23554,0.005934718100890191
2022-05-31,17050,17200,16850,17100,24840,0.008849557522123908
2022-06-02,17150,17350,16750,17100,32736,0.0
2022-06-03,17350,17350,17050,17150,17288,0.0029239766081872176
2022-06-07,17150,17150,16400,16500,34484,-0.03790087463556846
2022-06-08,16650,16950,16450,16450,22153,-0.00303030303030305
2022-06-09,16450,16550,16200,16300,22221,-0.00911854103343468
2022-06-10,16550,17800,16350,16550,175544,0.015337423312883347
2022-06-13,16050,16200,15750,15750,66257,-0.048338368580060465
2022-06-14,15150,15950,15050,15750,48635,0.0
2022-06-15,15750,15900,14850,14900,56862,-0.053968253968254
2022-06-16,15200,15500,14800,14850,21571,-0.003355704697986628
2022-06-17,14350,14800,14050,14450,41658,-0.026936026936026924
2022-06-20,14450,14650,13000,13350,94619,-0.07612456747404839
2022-06-21,13300,13750,13150,13600,41612,0.01872659176029967
2022-06-22,13900,13900,12600,12650,45131,-0.06985294117647056
2022-06-23,12550,13000,11900,11900,74457,-0.059288537549407105
2022-06-24,11700,13150,11700,13150,45831,0.10504201680672276
2022-06-27,13100,13700,13050,13500,26151,0.026615969581748944
2022-06-28,13350,13600,13000,13150,19743,-0.025925925925925908
2022-06-29,13050,13200,12700,12850,27944,-0.02281368821292773
2022-06-30,12700,12950,12400,12550,27176,-0.023346303501945553
2022-07-01,12600,13000,12000,12300,53036,-0.019920318725099584
2022-07-04,12250,15500,11750,13450,1485731,0.0934959349593496
2022-07-05,13300,13800,13300,13500,185473,0.0037174721189590088
2022-07-06,13600,13800,13050,13200,112166,-0.022222222222222254
2022-07-07,13300,14100,13200,13700,142714,0.037878787878787845
2022-07-08,13700,14000,13650,13750,83864,0.0036496350364962904
2022-07-11,13900,13950,13300,13350,62259,-0.029090909090909056
2022-07-12,13150,13250,12700,12850,43315,-0.03745318352059923
2022-07-13,12900,12950,12450,12750,34274,-0.0077821011673151474
2022-07-14,12650,13100,12350,13000,25579,0.019607843137254832
2022-07-15,12950,13100,12600,13000,21600,0.0
2022-07-18,13100,13450,13050,13400,22007,0.03076923076923066
2022-07-19,13400,14150,13150,13750,70536,0.026119402985074647
2022-07-20,13950,14150,13750,13750,33623,0.0
2022-07-21,13800,14000,13600,13750,39747,0.0
2022-07-22,13800,13900,13600,13650,21343,-0.0072727272727273196
2022-07-25,13650,13800,13500,13750,31424,0.0073260073260073
2022-07-26,13650,14900,13650,14700,170113,0.06909090909090909
2022-07-27,14850,14850,14250,14400,108044,-0.020408163265306145
2022-07-28,14550,15300,14350,14600,189935,0.01388888888888884
2022-07-29,15200,17350,15100,15200,2261500,0.041095890410958846
2022-08-01,15250,15650,15100,15400,165622,0.013157894736842035
2022-08-02,15250,15500,15050,15150,58887,-0.016233766233766267
2022-08-03,15300,15900,15200,15750,106275,0.03960396039603964
2022-08-04,15900,15950,15750,15800,58072,0.0031746031746031633
2022-08-05,16100,16400,15950,16200,105021,0.025316455696202445
2022-08-08,16200,16450,15850,16350,50488,0.0092592592592593
2022-08-09,16400,16750,16150,16700,71604,0.021406727828746197
2022-08-10,18100,18150,16800,16900,510761,0.011976047904191711
2022-08-11,17050,17100,16750,16950,66553,0.002958579881656709
2022-08-12,16800,18000,16800,16850,225010,-0.005899705014749235
2022-08-16,16900,17500,16800,16900,67250,0.0029673590504450953
2022-08-17,16900,17850,16450,17150,329595,0.014792899408283988
2022-08-18,17100,17400,16800,17000,92158,-0.008746355685131157
2022-08-19,17100,17350,16750,17050,64109,0.002941176470588225
2022-08-22,16650,16800,16100,16150,84604,-0.05278592375366564
2022-08-23,16100,16100,15550,15650,66766,-0.03095975232198145
2022-08-24,15850,16150,15800,15900,33212,0.015974440894568787
2022-08-25,15950,16500,15850,16500,38873,0.037735849056603765
2022-08-26,16500,16650,16050,16100,41061,-0.024242424242424288
2022-08-29,15500,16000,15450,15900,43354,-0.012422360248447228
2022-08-30,15900,16500,15900,16350,29285,0.028301886792452935
2022-08-31,16250,16600,16100,16400,17930,0.003058103975535076
2022-09-01,16400,16400,15800,15800,29082,-0.03658536585365857
2022-09-02,15950,16500,15550,15550,40294,-0.015822784810126556
2022-09-05,15550,15650,15050,15250,24042,-0.019292604501607746
2022-09-06,15250,15700,15250,15500,17660,0.016393442622950838
2022-09-07,15350,15700,15250,15400,22355,-0.006451612903225823
2022-09-08,15500,15850,15250,15250,30138,-0.009740259740259716
2022-09-13,15400,15800,15400,15700,13569,0.029508196721311553
2022-09-14,15050,15800,15050,15750,26022,0.0031847133757962887
2022-09-15,15900,16050,15650,15750,15635,0.0
2022-09-16,15700,16100,15600,15950,33854,0.012698412698412653
2022-09-19,16250,16250,15350,15400,33087,-0.03448275862068961
2022-09-20,15700,16150,15550,15850,36255,0.02922077922077926
2022-09-21,15900,16450,15750,16050,72074,0.012618296529968376
2022-09-22,15900,15900,15500,15750,27171,-0.01869158878504673
2022-09-23,15550,15750,15100,15100,36395,-0.041269841269841234
2022-09-26,14600,15050,13900,14050,65342,-0.06953642384105962
2022-09-27,14050,16000,13800,14000,256616,-0.003558718861209953
2022-09-28,13900,14200,13150,13300,41215,-0.050000000000000044
2022-09-29,13450,14000,13050,13050,27684,-0.018796992481203034
2022-09-30,12900,13250,12850,12950,22854,-0.007662835249042099
2022-10-04,13350,13900,13250,13850,34893,0.06949806949806958
2022-10-05,14350,14400,13050,13750,39424,-0.0072202166064981865
2022-10-06,14200,14200,13850,14050,16169,0.021818181818181737
2022-10-07,13900,14300,13900,14150,16785,0.007117437722419906
2022-10-11,13800,14200,13700,13800,30554,-0.02473498233215543
2022-10-12,13950,14100,13700,13800,21062,0.0
2022-10-13,14150,14650,13300,13300,41743,-0.036231884057971064
2022-10-14,13850,13850,13550,13600,21003,0.022556390977443552
2022-10-17,13200,14100,13200,13850,21330,0.018382352941176405
2022-10-18,14250,14250,13750,14150,17642,0.02166064981949467
2022-10-19,14150,14400,13950,13950,18318,-0.014134275618374548
2022-10-20,13900,14150,13850,13950,6569,0.0
2022-10-21,14200,14200,13700,13700,11951,-0.017921146953404965
2022-10-24,14200,14250,13750,13750,13917,0.0036496350364962904
2022-10-25,14050,14050,13700,13750,11886,0.0
2022-10-26,13850,13850,13500,13500,7512,-0.018181818181818188
2022-10-27,13900,13900,13650,13650,11516,0.011111111111111072
2022-10-28,13650,13850,13550,13600,14201,-0.00366300366300365
2022-10-31,13850,13850,13550,13650,5260,0.003676470588235281
2022-11-01,13500,13850,13450,13850,14214,0.0146520146520146
2022-11-02,13900,14700,13700,13850,49506,0.0
2022-11-03,13700,14200,13600,14200,23793,0.025270758122743597
2022-11-04,14200,14450,13900,14450,26535,0.01760563380281699
2022-11-07,14300,14450,14250,14350,9844,-0.00692041522491349
2022-11-08,14500,14500,14200,14450,19248,0.006968641114982521
2022-11-09,14450,14650,14350,14500,20691,0.0034602076124568004
2022-11-10,14450,14700,14350,14500,22235,0.0
2022-11-11,14800,15150,14500,15000,39896,0.034482758620689724
2022-11-14,14950,15100,14850,14850,17452,-0.010000000000000009
2022-11-15,14800,15200,14650,15100,18443,0.01683501683501687
2022-11-16,15150,15250,14950,15050,16414,-0.0033112582781457123
2022-11-17,15050,15100,14900,15000,9339,-0.0033222591362126463
2022-11-18,15000,15200,14850,14900,20464,-0.00666666666666671
2022-11-21,14900,14950,14400,14500,13730,-0.02684563758389258
2022-11-22,14350,14650,14300,14350,11259,-0.010344827586206917
2022-11-23,14400,14550,14350,14400,9284,0.0034843205574912606
2022-11-24,14400,14600,14400,14550,14229,0.01041666666666674
2022-11-25,15150,15150,14550,14650,32097,0.0068728522336769515
2022-11-28,14700,14750,14150,14200,18907,-0.030716723549488067
2022-11-29,14000,14350,14000,14200,7696,0.0
2022-11-30,14100,14500,14000,14350,379267,0.010563380281690238
2022-12-01,14550,14700,14400,14650,19087,0.020905923344947785
2022-12-02,14500,14650,14400,14650,10264,0.0
2022-12-05,14600,16050,14450,14650,316524,0.0
2022-12-06,14500,15150,14250,14600,59130,-0.0034129692832765013
2022-12-07,14600,14950,14500,14700,39602,0.006849315068493178
2022-12-08,14600,14700,14200,14250,31758,-0.030612244897959218
2022-12-09,14300,14550,14200,14300,17064,0.0035087719298245723
2022-12-12,14450,14450,14050,14150,12899,-0.010489510489510523
2022-12-13,14250,14250,13800,13800,23356,-0.02473498233215543
2022-12-14,13950,14150,13900,13950,16002,0.010869565217391353
2022-12-15,13950,14800,13800,14050,64291,0.007168458781362075
2022-12-16,13800,14150,13800,13900,10861,-0.010676156583629859
2022-12-19,13650,13950,13550,13700,20537,-0.014388489208633115
2022-12-20,13850,13850,13250,13300,18586,-0.029197080291970767
2022-12-21,13350,13500,13100,13100,12982,-0.015037593984962405
2022-12-22,13300,13400,13100,13200,6014,0.007633587786259444
2022-12-23,13150,13150,12700,12700,21609,-0.037878787878787845
2022-12-26,12700,12850,12450,12600,11075,-0.007874015748031482
2022-12-27,12350,13050,12350,12900,14155,0.023809523809523725
2022-12-28,13050,13050,12600,12800,11803,-0.007751937984496138
2022-12-29,12800,13300,12700,12700,31973,-0.0078125
2023-01-02,12700,12900,12300,12500,24649,-0.015748031496062964
2023-01-03,12300,13000,12300,12900,21224,0.03200000000000003
2023-01-04,12750,13200,12750,13100,25669,0.015503875968992276
2023-01-05,13050,13250,12900,13100,21066,0.0
2023-01-06,13000,13400,13000,13350,20772,0.01908396946564883
2023-01-09,13400,14200,13200,13600,87920,0.01872659176029967
2023-01-10,13700,13750,13350,13450,12990,-0.011029411764705843
2023-01-11,13450,13750,13350,13600,29063,0.011152416356877248
2023-01-12,13650,13650,13400,13500,11282,-0.007352941176470562
2023-01-13,13400,13700,13300,13450,16782,-0.0037037037037036535
2023-01-16,13450,14800,13400,13900,687281,0.03345724907063197
2023-01-17,14050,14150,13700,13900,61075,0.0
2023-01-18,13900,14000,13600,13700,32591,-0.014388489208633115
2023-01-19,13450,13600,13300,13500,28231,-0.014598540145985384
2023-01-20,13500,13650,13350,13400,15684,-0.007407407407407418
2023-01-25,13530,13690,13450,13610,20359,0.015671641791044744
2023-01-26,13610,13980,13460,13980,70177,0.027185892725936744
2023-01-27,14100,14100,13840,14000,25336,0.0014306151645206988
2023-01-30,14100,14240,13500,13930,53836,-0.0050000000000000044
2023-01-31,13900,14070,13780,13950,17553,0.001435750179468842
2023-02-01,13950,14030,13840,13870,34188,-0.005734767025089571
2023-02-02,13900,14050,13880,13910,20024,0.002883922134102379
2023-02-03,14080,14140,13830,14040,30790,0.009345794392523255
2023-02-06,14100,14290,14030,14080,43094,0.002849002849002913
2023-02-07,14010,14130,14010,14060,21331,-0.0014204545454545858
2023-02-08,14070,14440,14010,14410,71176,0.024893314366998487
2023-02-09,14410,14500,14200,14300,46676,-0.007633587786259555
2023-02-10,14300,14300,13790,13810,43262,-0.034265734265734316
2023-02-13,13810,13810,13490,13650,27442,-0.011585807385952163
2023-02-14,13610,13850,13450,13770,24796,0.00879120879120876
2023-02-15,13950,14170,13650,13670,42735,-0.0072621641249092095
2023-02-16,13670,13990,13660,13850,19057,0.013167520117044695
2023-02-17,13700,13750,13600,13680,20376,-0.012274368231046884
2023-02-20,13700,13850,13530,13820,13842,0.01023391812865504
2023-02-21,13710,13840,13630,13720,16373,-0.00723589001447178
2023-02-22,13720,13720,13390,13450,26503,-0.019679300291545188
2023-02-23,13410,14090,13410,14050,80156,0.044609665427509215
2023-02-24,14170,14170,13670,13740,31624,-0.022064056939501753
2023-02-27,13540,13600,13250,13300,36708,-0.03202328966521106
2023-02-28,13350,13440,13310,13320,18148,0.0015037593984963404
2023-03-02,13450,13450,13240,13240,22392,-0.006006006006005982
2023-03-03,13250,13390,13000,13150,34138,-0.006797583081570968
2023-03-06,13150,13210,12270,13150,39776,0.0
2023-03-07,13180,13180,12980,13120,29017,-0.0022813688212928174
2023-03-08,13070,13120,12750,12900,29990,-0.01676829268292679
2023-03-09,13180,13180,12740,12910,14632,0.0007751937984497026
2023-03-10,12890,13090,12740,13090,18620,0.013942680092951187
2023-03-13,12700,12930,12590,12730,23043,-0.027501909854851014
2023-03-14,12840,12840,12080,12130,38829,-0.04713275726630006
2023-03-15,12300,12880,12300,12400,33821,0.022258862324814555
2023-03-16,12270,12420,12110,12370,18332,-0.0024193548387096975
2023-03-17,12380,12700,12380,12570,22510,0.01616814874696848
2023-03-20,12780,13450,12600,13030,82530,0.0365950676213207
2023-03-21,13000,13200,12790,12900,17903,-0.009976976208749044
2023-03-22,12970,13290,12780,13110,39766,0.016279069767441756
2023-03-23,13000,13030,12600,12610,44919,-0.038138825324180003
2023-03-24,12640,13090,12640,13000,37591,0.030927835051546282
2023-03-27,13300,13670,13030,13550,192168,0.04230769230769238
2023-03-28,13500,14870,13490,14050,1110820,0.03690036900368998
2023-03-29,13910,13960,13610,13850,105833,-0.014234875444839812
2023-03-30,13890,14050,13750,13880,86936,0.0021660649819494893
2023-03-31,14160,14310,13970,14120,145465,0.01729106628242083
2023-04-03,14130,14330,13880,14130,64357,0.0007082152974504652
2023-04-04,14040,14180,13900,14040,57451,-0.006369426751592355
2023-04-05,14010,14120,13920,13950,41314,-0.0064102564102563875
2023-04-06,13950,14000,13650,13860,31279,-0.006451612903225823
2023-04-07,13860,14780,13690,14490,172544,0.045454545454545414
2023-04-10,14500,14540,14150,14270,71408,-0.015182884748102143
2023-04-11,14400,15460,14060,15450,262633,0.08269096005606169
2023-04-12,15500,15500,14940,15180,127650,-0.01747572815533982
2023-04-13,15050,15300,14950,15080,34794,-0.006587615283267456
2023-04-14,15390,15640,14980,15090,100795,0.0006631299734747298
2023-04-17,15090,15150,14610,14790,36322,-0.01988071570576544
2023-04-18,14700,15340,14520,15080,67553,0.019607843137254832
2023-04-19,15080,15080,14740,14890,25929,-0.012599469496021198
2023-04-20,14800,15000,13990,14000,89207,-0.05977165883143054
2023-04-21,14020,14030,13480,13720,49216,-0.020000000000000018
2023-04-24,13730,13820,13090,13150,47903,-0.04154518950437314
2023-04-25,13290,13300,12800,12950,61206,-0.01520912547528519
2023-04-26,14820,16300,13500,13500,2315822,0.042471042471042386
2023-04-27,13580,14190,13100,13830,267669,0.02444444444444449
2023-04-28,13810,13990,13290,13350,110320,-0.03470715835141003
2023-05-02,13210,13590,13210,13480,38853,0.009737827715355696
2023-05-03,13500,14040,13350,13810,72263,0.02448071216617209
2023-05-04,13830,13960,13580,13760,42550,-0.003620564808110016
2023-05-08,13960,13960,13730,13730,32630,-0.0021802325581394832
2023-05-09,13650,13900,13510,13710,26313,-0.0014566642388929019
2023-05-10,13810,13880,13580,13600,25670,-0.008023340627279385
2023-05-11,13600,13800,12940,13520,31940,-0.00588235294117645
2023-05-12,13410,13600,13350,13370,15957,-0.011094674556213047
2023-05-15,13380,13380,13160,13220,17756,-0.011219147344801783
2023-05-16,13230,13450,13160,13210,17840,-0.0007564296520423675
2023-05-17,13170,13610,13170,13550,17276,0.025738077214231714
2023-05-18,13690,13690,13510,13590,11192,0.002952029520295163
2023-05-19,13690,13890,13670,13850,30343,0.019131714495952856
2023-05-22,13900,13970,13800,13900,23623,0.0036101083032491488
2023-05-23,13930,14080,13780,13810,32173,-0.006474820143884896
2023-05-24,13810,13890,13600,13610,34859,-0.014482259232440287
2023-05-25,13630,14000,13610,13700,22372,0.006612784717119791
2023-05-26,13610,13710,13400,13420,19418,-0.020437956204379604
2023-05-30,13430,13690,13370,13390,24138,-0.0022354694485842153
2023-05-31,13450,13790,13410,13750,17567,0.026885735623599638
2023-06-01,14010,14020,13680,13910,31160,0.011636363636363667
2023-06-02,13910,14050,13840,13890,17491,-0.0014378145219267058
2023-06-05,13890,13920,13700,13830,12889,-0.004319654427645814
2023-06-07,14050,14100,13820,13840,23174,0.000723065798987621
2023-06-08,13850,13900,13740,13760,14134,-0.005780346820809301
2023-06-09,13900,14640,13760,14000,201869,0.01744186046511631
2023-06-12,14000,14080,13800,13930,21119,-0.0050000000000000044
2023-06-13,13980,14240,13930,14050,53637,0.008614501076812608
2023-06-14,14110,14110,13700,13700,33580,-0.02491103202846978
2023-06-15,13710,13970,13640,13710,20727,0.0007299270072993469
2023-06-16,13700,13800,13610,13720,20469,0.0007293946024800047
2023-06-19,13650,13720,13600,13600,15272,-0.008746355685131157
2023-06-20,13780,13780,13400,13450,27267,-0.011029411764705843
2023-06-21,13430,13590,13330,13330,20441,-0.00892193308550182
2023-06-22,13250,13360,13070,13080,26324,-0.018754688672168007
2023-06-23,13080,13170,12700,12900,41461,-0.013761467889908285
2023-06-26,12780,12980,12650,12900,24332,0.0
2023-06-27,12780,13180,12780,12950,25511,0.003875968992248069
2023-06-28,12950,13050,12690,12840,42660,-0.008494208494208455
2023-06-29,12830,13080,12700,12700,22454,-0.010903426791277204
2023-06-30,12790,12790,12480,12540,21634,-0.012598425196850394
2023-07-03,12540,12750,12410,12470,50714,-0.005582137161084577
2023-07-04,12550,12810,12350,12350,37689,-0.009623095429029727
2023-07-05,12350,12380,12090,12110,47451,-0.019433198380566785
2023-07-06,12010,12090,11570,11610,65902,-0.041288191577208866
2023-07-07,11600,11640,11160,11190,38133,-0.036175710594315236
2023-07-10,11190,11400,10630,11400,28363,0.018766756032171594
2023-07-11,11500,11630,11400,11630,21298,0.02017543859649118
2023-07-12,11630,12200,11500,12130,32007,0.042992261392949205
2023-07-13,12160,12560,11820,11910,49895,-0.018136850783182168
2023-07-14,11910,12000,11600,11640,28332,-0.02267002518891692
2023-07-17,11640,11680,11200,11640,31904,0.0
2023-07-18,11520,11650,11340,11540,37130,-0.00859106529209619
2023-07-19,11600,12150,11600,12140,57963,0.051993067590987874
2023-07-20,12170,12500,11900,12370,40285,0.018945634266886335
2023-07-21,12180,12370,12000,12010,15050,-0.029102667744543287
2023-07-24,12020,12020,11570,11770,41162,-0.019983347210657754
2023-07-25,11690,11870,11150,11530,47290,-0.020390824129141838
2023-07-26,11550,12040,11000,11770,83793,0.020815264527320076
2023-07-27,11720,12360,11650,11840,32129,0.005947323704333041
2023-07-28,11660,12280,11660,12180,34014,0.028716216216216228
2023-07-31,13050,13500,12420,12510,271840,0.027093596059113212
2023-08-01,12510,14270,12450,14250,559921,0.1390887290167866
2023-08-02,14320,14370,13740,14190,184800,-0.004210526315789442
2023-08-03,14050,14600,13750,14600,182619,0.028893587033121948
2023-08-04,14600,15800,14410,15800,375173,0.08219178082191791
2023-08-07,15820,16490,15420,15870,511716,0.004430379746835467
2023-08-08,15840,16430,14750,15510,320286,-0.022684310018903586
2023-08-09,15500,15940,15210,15940,172720,0.027724049000644735
2023-08-10,15950,16070,15400,15800,170473,-0.008782936010037656
2023-08-11,15710,17000,15130,15740,862653,-0.0037974683544304
2023-08-14,15800,15800,14110,14110,329222,-0.10355781448538759
2023-08-16,14080,14080,12950,13260,287848,-0.06024096385542166
2023-08-17,13320,14180,13150,14000,207309,0.05580693815987936
2023-08-18,13730,14190,13500,13730,101396,-0.01928571428571424
2023-08-21,13800,14200,13730,13890,70847,0.011653313911143437
2023-08-22,14100,14460,13930,14090,90998,0.014398848092152639
2023-08-23,14090,14560,13810,14270,81749,0.012775017743080097
2023-08-24,14310,14400,13990,14000,66275,-0.01892081289418357
2023-08-25,13900,13950,13430,13430,73708,-0.0407142857142857
2023-08-28,13570,14530,13550,14530,124148,0.08190618019359652
2023-08-29,14530,15050,14260,14640,125897,0.007570543702684063
2023-08-30,14850,16280,14740,16020,1563286,0.09426229508196715
2023-08-31,15850,16210,15570,15780,404177,-0.014981273408239737
2023-09-01,15780,16100,15480,15750,229000,-0.0019011406844106071
2023-09-04,15750,15750,15050,15350,136571,-0.025396825396825418
2023-09-05,15950,15960,14880,15040,210049,-0.020195439739413734
2023-09-06,15150,16590,15080,16290,569491,0.0831117021276595
2023-09-07,16500,17460,16330,16550,581315,0.015960712093308738
2023-09-08,16900,17150,16500,16760,218278,0.012688821752265822
2023-09-11,16770,17570,16700,17090,312950,0.019689737470167
2023-09-12,17400,17760,16510,16700,248621,-0.022820362785254567
2023-09-13,16510,16810,15980,16100,139951,-0.0359281437125748
2023-09-14,16300,16560,16000,16320,75250,0.013664596273291973
2023-09-15,16280,16340,16060,16220,54965,-0.006127450980392135
2023-09-18,16220,16490,15760,16070,82957,-0.009247842170160281
2023-09-19,16070,16280,15510,15720,86260,-0.021779713752333563
2023-09-20,15600,16100,15500,15850,60491,0.008269720101781175
2023-09-21,15830,15950,14300,15230,85266,-0.039116719242902165
2023-09-22,15230,15490,14800,14910,69321,-0.02101116217990806
2023-09-25,14740,15130,14550,14790,75810,-0.008048289738430636
2023-09-26,14810,15050,14300,14350,43333,-0.02974983096686956
2023-09-27,14640,14750,14220,14750,49489,0.027874564459930307
2023-10-04,14750,14780,14020,14080,51975,-0.04542372881355927
2023-10-05,14300,14700,14060,14490,55626,0.02911931818181812
2023-10-06,14500,15090,14490,15030,52526,0.037267080745341685
2023-10-10,15090,15090,14460,14660,41289,-0.02461743180306053
2023-10-11,14830,15340,14830,14960,64490,0.02046384720327432
2023-10-12,15120,15520,15040,15200,53860,0.016042780748663166
2023-10-13,15080,15220,14540,14860,53778,-0.022368421052631593
2023-10-16,14860,14860,14060,14150,49778,-0.04777927321668907
2023-10-17,14310,14700,14310,14650,21507,0.035335689045936425
2023-10-18,14460,14640,14100,14110,35692,-0.0368600682593857
2023-10-19,13900,13970,13280,13400,84527,-0.05031892274982286
2023-10-20,13420,13420,12630,12970,64900,-0.03208955223880594
2023-10-23,12860,13170,12660,12690,25266,-0.021588280647648395
2023-10-24,12940,13500,12830,13380,44015,0.05437352245862881
2023-10-25,13580,13920,13450,13570,48046,0.01420029895366226
2023-10-26,13250,13560,13150,13290,25762,-0.020633750921149607
2023-10-27,13220,13630,12950,13620,50141,0.02483069977426644
2023-10-30,13600,14180,13420,14010,48479,0.028634361233480066
2023-10-31,14300,14620,13890,14050,69139,0.002855103497501732
2023-11-01,14280,14310,14040,14120,47813,0.004982206405693912
2023-11-02,14310,14680,14180,14550,66778,0.030453257790368227
2023-11-03,14550,14990,14550,14980,61075,0.02955326460481089
2023-11-06,14990,15500,14650,15070,116443,0.006008010680907949
2023-11-07,15000,15260,14830,15250,77677,0.011944260119442607
2023-11-08,15460,15900,15100,15620,219910,0.02426229508196731
2023-11-09,15710,15740,15370,15630,62668,0.000640204865556937
2023-11-10,15550,15670,15210,15630,59276,0.0
2023-11-13,15760,15760,14870,15180,99871,-0.028790786948176605
2023-11-14,15340,15800,14540,14990,142602,-0.012516469038208133
2023-11-15,15140,15870,15130,15800,176307,0.05403602401601071
2023-11-16,16190,16470,15700,16120,127602,0.020253164556962133
2023-11-17,16300,16300,15610,15610,64694,-0.03163771712158814
2023-11-20,15960,16470,15610,16290,136214,0.04356181934657277
2023-11-21,16450,17130,16110,17050,232373,0.04665438919582576
2023-11-22,17300,17400,16570,16810,231158,-0.014076246334310816
2023-11-23,17100,17130,16590,16640,128861,-0.010113027959547938
2023-11-24,16550,16840,16220,16380,86889,-0.015625
2023-11-27,16680,17120,16520,16680,180668,0.01831501831501825
2023-11-28,16760,17300,16330,16840,232426,0.00959232613908867
2023-11-29,16940,17020,16420,16420,87176,-0.02494061757719712
2023-11-30,16430,16580,16190,16520,94258,0.006090133982947554
2023-12-01,16940,17070,16600,16610,147935,0.005447941888619745
2023-12-04,16700,16750,16160,16300,73914,-0.01866345574954842
2023-12-05,16270,16500,15660,15850,74995,-0.027607361963190136
2023-12-06,15850,16110,15630,15940,55781,0.005678233438485725
2023-12-07,15960,16500,15860,16360,99170,0.026348808030112858
2023-12-08,16520,16520,15750,15910,100358,-0.027506112469437682
2023-12-11,15970,16450,15930,15930,72884,0.0012570710245127792
2023-12-12,16090,16270,15690,15750,88899,-0.011299435028248594
2023-12-13,15800,16000,15500,15730,49601,-0.0012698412698413097
2023-12-14,15870,16110,15580,15900,93063,0.010807374443738027
2023-12-15,15900,16870,15900,16620,252218,0.04528301886792452
2023-12-18,16650,16820,16380,16690,100171,0.004211793020457266
2023-12-19,16720,16760,16350,16400,79125,-0.017375674056321122
2023-12-20,16390,16800,16300,16760,122009,0.02195121951219514
2023-12-21,16600,16650,16240,16290,105361,-0.028042959427207692
2023-12-22,16390,16510,16190,16190,96478,-0.006138735420503361
2023-12-26,16250,16530,15880,15910,83248,-0.01729462631253864
2023-12-27,15990,16180,15830,16130,65268,0.013827781269641681
2023-12-28,16200,16200,15850,16130,57374,0.0
2024-01-02,16260,17310,16250,16790,220369,0.04091754494730315
2024-01-03,16700,17420,16550,17410,200670,0.03692674210839786
2024-01-04,17340,17340,16560,16810,153787,-0.034462952326249296
2024-01-05,16600,16940,16500,16780,101167,-0.0017846519928613747
2024-01-08,16780,17900,16780,17750,386981,0.057806912991656745
2024-01-09,18000,18000,17260,17590,173599,-0.00901408450704222
2024-01-10,17670,17780,17180,17480,147187,-0.006253553155201819
2024-01-11,17650,18940,17450,18900,540403,0.08123569794050334
2024-01-12,19100,19200,18150,18550,327481,-0.01851851851851849
2024-01-15,18700,19000,18230,18740,230180,0.010242587601078101
2024-01-16,18810,19270,17940,18220,174104,-0.02774813233724649
2024-01-17,18230,18230,17330,17390,153109,-0.04555433589462132
2024-01-18,17260,17910,17210,17740,123254,0.020126509488211708
2024-01-19,18000,18590,17950,18500,189371,0.04284103720405863
2024-01-22,18580,18590,17960,17990,117035,-0.02756756756756762
2024-01-23,18000,18340,17770,18170,65632,0.010005558643690904
2024-01-24,18260,18260,17690,17760,85654,-0.02256466703357185
2024-01-25,17820,17820,17120,17170,110760,-0.03322072072072069
2024-01-26,17170,17450,17090,17180,76165,0.0005824111822947398
2024-01-29,17390,17390,16360,16500,169834,-0.03958090803259606
2024-01-30,16590,16760,15950,16220,117299,-0.016969696969696968
2024-01-31,16220,16540,15980,15980,118756,-0.01479654747225645
2024-02-01,15930,16150,15230,15460,203463,-0.03254067584480602
2024-02-02,15520,15750,15090,15290,190921,-0.01099611901681763
2024-02-05,15320,15430,15060,15150,68133,-0.00915631131458472
2024-02-06,15150,15390,15020,15230,75292,0.005280528052805211
2024-02-07,15380,15420,15120,15250,58215,0.0013131976362441566
2024-02-08,15340,15640,15190,15500,70868,0.016393442622950838
2024-02-13,15540,15740,15300,15690,62251,0.012258064516128986
2024-02-14,15510,15870,15370,15870,58937,0.011472275334607929
2024-02-15,15930,15990,15590,15680,70727,-0.011972274732199084
2024-02-16,15800,16080,15600,15870,99370,0.01211734693877542
2024-02-19,15880,15970,15620,15840,54636,-0.001890359168241984
2024-02-20,15960,16040,15680,15860,210904,0.0012626262626262985
2024-02-21,16900,16900,16110,16110,491348,0.015762925598991062
2024-02-22,16290,16290,15620,15650,165221,-0.028553693358162602
2024-02-23,15810,15820,15310,15420,82531,-0.014696485623003186
2024-02-26,15470,15500,15180,15180,67193,-0.015564202334630295
2024-02-27,15230,15420,14910,14980,59152,-0.013175230566534912
2024-02-28,14910,15190,14800,14970,206154,-0.0006675567423231055
2024-02-29,15020,15510,14950,15340,66382,0.02471609886439552
2024-03-04,15350,15410,14980,15020,53675,-0.020860495436766602
2024-03-05,15000,15240,14950,15030,43639,0.0006657789613848664
2024-03-06,14930,15110,14890,14900,42553,-0.008649367930805063
2024-03-07,15040,15070,14580,14580,54588,-0.02147651006711404
2024-03-08,14590,14680,14250,14310,62569,-0.01851851851851849
