Date,Open,High,Low,Close,Volume,Change
2022-01-03,4485,4515,4455,4490,60842,0.0022321428571427937
2022-01-04,4490,4570,4455,4540,103001,0.011135857461024523
2022-01-05,4550,4635,4510,4590,222298,0.011013215859030812
2022-01-06,4555,4635,4530,4620,166105,0.006535947712418277
2022-01-07,4630,4635,4575,4635,349036,0.0032467532467532756
2022-01-10,4980,5300,4730,4940,1577856,0.06580366774541524
2022-01-11,4860,4860,4650,4650,316513,-0.0587044534412956
2022-01-12,4650,4755,4635,4715,212980,0.013978494623655857
2022-01-13,4725,4780,4685,4740,180230,0.005302226935312904
2022-01-14,4700,4720,4645,4705,83026,-0.007383966244725704
2022-01-17,4750,4905,4700,4715,349019,0.002125398512220933
2022-01-18,4700,4700,4445,4475,265796,-0.05090137857900323
2022-01-19,4350,4500,4345,4425,117210,-0.011173184357541888
2022-01-20,4420,4540,4385,4510,53243,0.019209039548022666
2022-01-21,4500,4530,4410,4510,58983,0.0
2022-01-24,4490,4515,4355,4355,89349,-0.03436807095343686
2022-01-25,4355,4385,4085,4120,111677,-0.053960964408725554
2022-01-26,4100,4220,4055,4180,96099,0.014563106796116498
2022-01-27,4180,4280,3970,4000,137646,-0.0430622009569378
2022-01-28,3970,4175,3930,4160,61764,0.040000000000000036
2022-02-03,4185,4295,4170,4290,93160,0.03125
2022-02-04,4260,4380,4260,4375,47164,0.019813519813519864
2022-02-07,4370,4800,4305,4415,413843,0.00914285714285712
2022-02-08,4420,4470,4370,4430,75426,0.003397508493771184
2022-02-09,4450,4505,4415,4500,79719,0.015801354401805856
2022-02-10,4510,4530,4440,4470,63123,-0.00666666666666671
2022-02-11,4390,4440,4370,4390,58481,-0.017897091722595126
2022-02-14,4325,4325,4060,4100,170059,-0.06605922551252852
2022-02-15,4080,4140,3965,4020,139229,-0.019512195121951237
2022-02-16,4055,4170,4055,4170,53382,0.03731343283582089
2022-02-17,4195,4240,3940,4140,64328,-0.007194244604316502
2022-02-18,4120,4225,4065,4225,22649,0.020531400966183666
2022-02-21,4180,4250,4140,4195,25727,-0.007100591715976323
2022-02-22,4150,4180,4100,4100,27422,-0.022646007151370662
2022-02-23,4110,4430,4105,4315,202900,0.05243902439024395
2022-02-24,4315,4360,4255,4285,95298,-0.006952491309385911
2022-02-25,4285,4490,4285,4435,92987,0.035005834305717576
2022-02-28,4465,4600,4465,4580,140649,0.03269447576099216
2022-03-02,4575,4690,4515,4650,165454,0.015283842794759916
2022-03-03,4650,4695,4615,4635,70010,-0.003225806451612856
2022-03-04,4635,4665,4600,4665,59775,0.006472491909385036
2022-03-07,4585,4700,4560,4565,43919,-0.02143622722400862
2022-03-08,4500,4515,4430,4465,33083,-0.02190580503833517
2022-03-10,4500,4530,4455,4515,28757,0.011198208286674172
2022-03-11,4550,4785,4495,4765,192712,0.05537098560354381
2022-03-14,4860,4885,4675,4770,231393,0.0010493179433368471
2022-03-15,4730,5610,4705,5060,6910224,0.06079664570230614
2022-03-16,5090,5330,4980,5020,1558157,-0.007905138339920903
2022-03-17,5310,5350,4995,5020,807902,0.0
2022-03-18,4990,5040,4865,4915,416581,-0.020916334661354563
2022-03-21,4930,5040,4920,4930,219734,0.003051881993896277
2022-03-22,4935,5010,4915,4970,187080,0.008113590263691739
2022-03-23,5010,5170,4900,5090,605019,0.024144869215291687
2022-03-24,5030,5130,4960,5040,379388,-0.00982318271119842
2022-03-25,5090,5140,4965,4985,209152,-0.010912698412698374
2022-03-28,5010,5100,4885,5040,203879,0.011033099297893756
2022-03-29,5040,5040,4925,4960,126488,-0.015873015873015928
2022-03-30,5000,5000,4890,4950,104560,-0.0020161290322581182
2022-03-31,4905,4995,4905,4985,113347,0.007070707070707005
2022-04-01,5020,5040,4895,4895,138572,-0.01805416248746239
2022-04-04,4905,5040,4890,5000,133685,0.021450459652706755
2022-04-05,5010,5050,4940,5040,115638,0.008000000000000007
2022-04-06,5010,5040,4965,5000,56375,-0.007936507936507908
2022-04-07,4955,4990,4780,4815,175252,-0.03700000000000003
2022-04-08,4805,4850,4710,4760,62112,-0.011422637590861928
2022-04-11,4780,4905,4710,4780,76638,0.004201680672268893
2022-04-12,4760,4845,4710,4840,77385,0.012552301255230214
2022-04-13,4840,5550,4800,5280,1881434,0.09090909090909083
2022-04-14,5250,6070,5180,5650,5061996,0.07007575757575757
2022-04-15,5540,5740,5530,5560,611681,-0.015929203539822967
2022-04-18,5500,5520,5100,5240,862736,-0.05755395683453235
2022-04-19,5200,5340,5180,5300,302353,0.011450381679389388
2022-04-20,5300,5340,5150,5220,214066,-0.015094339622641506
2022-04-21,5290,5960,5220,5550,3807513,0.06321839080459779
2022-04-22,5450,5530,5330,5380,335576,-0.03063063063063065
2022-04-25,5240,6810,5120,5850,9026855,0.08736059479553893
2022-04-26,5710,6260,5690,5880,3673184,0.00512820512820511
2022-04-27,5710,6150,5670,5830,1554434,-0.008503401360544172
2022-04-28,5870,6350,5830,5860,2404591,0.005145797598627766
2022-04-29,5990,6090,5640,5680,994509,-0.030716723549488067
2022-05-02,5540,5630,5520,5610,353500,-0.01232394366197187
2022-05-03,5590,5910,5460,5470,869400,-0.024955436720142554
2022-05-04,5640,5690,5420,5460,364593,-0.001828153564899404
2022-05-06,5350,5460,5150,5270,350567,-0.034798534798534786
2022-05-09,5290,5390,5040,5150,289536,-0.022770398481973486
2022-05-10,5030,5100,4850,5090,263415,-0.011650485436893177
2022-05-11,5010,5100,4940,5010,157730,-0.015717092337917515
2022-05-12,4975,5050,4760,4825,213489,-0.036926147704590795
2022-05-13,4835,4910,4770,4800,142238,-0.005181347150259086
2022-05-16,4810,4920,4810,4885,96694,0.017708333333333437
2022-05-17,4885,5040,4835,4990,111471,0.02149437052200609
2022-05-18,5020,5040,4925,4925,100281,-0.013026052104208374
2022-05-19,4790,4860,4765,4795,108131,-0.02639593908629445
2022-05-20,4885,5340,4885,4970,763631,0.03649635036496357
2022-05-23,5080,5400,5070,5120,900311,0.030181086519114775
2022-05-24,5100,5150,4870,4870,193375,-0.048828125
2022-05-25,4870,4910,4740,4760,223237,-0.022587268993839782
2022-05-26,4795,4985,4795,4870,124357,0.02310924369747891
2022-05-27,4925,4995,4870,4940,100200,0.014373716632443578
2022-05-30,4970,5000,4935,4945,50960,0.0010121457489877805
2022-05-31,4945,5860,4925,5300,7672089,0.07178968655207285
2022-06-02,5350,5560,5280,5340,874231,0.007547169811320753
2022-06-03,5340,5550,5320,5410,682083,0.013108614232209659
2022-06-07,5450,5450,5190,5280,424841,-0.02402957486136781
2022-06-08,5440,5580,5250,5300,706969,0.0037878787878788955
2022-06-09,5300,5300,4995,5190,276849,-0.02075471698113207
2022-06-10,5160,5160,4995,5010,185176,-0.034682080924855474
2022-06-13,4825,4890,4520,4565,361522,-0.08882235528942117
2022-06-14,4525,4620,4380,4530,240629,-0.00766703176341732
2022-06-15,4485,4590,4180,4230,305823,-0.06622516556291391
2022-06-16,4295,4455,4250,4260,184499,0.007092198581560183
2022-06-17,4115,4325,4110,4285,117153,0.005868544600938996
2022-06-20,4380,4415,4030,4075,145914,-0.04900816802800467
2022-06-21,4050,4240,4050,4190,103219,0.02822085889570558
2022-06-22,4390,4390,4000,4000,138055,-0.04534606205250602
2022-06-23,4145,4255,3800,3800,473461,-0.050000000000000044
2022-06-24,3735,3955,3735,3930,172981,0.03421052631578947
2022-06-27,3990,4195,3935,4165,156867,0.059796437659032975
2022-06-28,4130,4530,4125,4340,458515,0.04201680672268915
2022-06-29,4250,4680,4205,4505,668581,0.03801843317972353
2022-06-30,4645,4680,4375,4380,248253,-0.027746947835738056
2022-07-01,4380,4440,4220,4330,152185,-0.011415525114155223
2022-07-04,4335,4360,4035,4150,132067,-0.04157043879907618
2022-07-05,4120,4295,4120,4285,83967,0.032530120481927716
2022-07-06,4355,4355,4100,4130,91435,-0.03617269544924151
2022-07-07,4275,5360,4150,5360,4870841,0.29782082324455206
2022-07-08,5580,6090,5360,5450,11824377,0.01679104477611948
2022-07-11,5400,5590,5220,5260,2346983,-0.034862385321100864
2022-07-12,5330,5440,5060,5330,2225607,0.013307984790874583
2022-07-13,5160,5220,4995,5090,1162918,-0.04502814258911825
2022-07-14,5050,5200,5020,5030,718244,-0.011787819253438081
2022-07-15,4990,5050,4820,4940,550575,-0.017892644135188873
2022-07-18,4950,5070,4950,5000,391728,0.012145748987854255
2022-07-19,5120,5140,4920,5020,557460,0.0040000000000000036
2022-07-20,5080,5250,5000,5010,1234245,-0.0019920318725099584
2022-07-21,5110,5600,5100,5220,7866627,0.041916167664670656
2022-07-22,5230,5250,5060,5090,590159,-0.02490421455938696
2022-07-25,5060,5080,4870,4915,510565,-0.03438113948919452
2022-07-26,5000,5700,4970,5240,9766362,0.06612410986775186
2022-07-27,5190,5600,5180,5450,4223742,0.040076335877862634
2022-07-28,5510,5590,5370,5580,1402906,0.023853211009174258
2022-07-29,5510,5640,5280,5570,1215811,-0.0017921146953404632
2022-08-01,5640,5860,5350,5400,1471167,-0.030520646319569078
2022-08-02,5330,5500,5200,5340,674337,-0.011111111111111072
2022-08-03,5360,5540,5330,5410,820431,0.013108614232209659
2022-08-04,5460,5470,5230,5230,434236,-0.03327171903881698
2022-08-05,5200,5300,5150,5270,225770,0.007648183556405286
2022-08-08,5280,5540,5230,5490,578359,0.04174573055028463
2022-08-09,5410,5440,5280,5390,389887,-0.01821493624772308
2022-08-10,5390,5770,5340,5590,2697278,0.03710575139146566
2022-08-11,5710,6010,5650,5870,4282560,0.050089445438282754
2022-08-12,5860,6080,5720,5780,1817836,-0.015332197614991494
2022-08-16,5700,5810,5550,5620,892760,-0.02768166089965396
2022-08-17,5620,5910,5540,5840,1098373,0.039145907473309594
2022-08-18,5820,5890,5640,5700,651219,-0.023972602739726012
2022-08-19,5780,6170,5700,5960,2716664,0.04561403508771922
2022-08-22,5840,5840,5410,5440,790379,-0.08724832214765099
2022-08-23,5390,5570,5110,5560,545641,0.022058823529411686
2022-08-24,5600,5790,5580,5720,521433,0.02877697841726623
2022-08-25,5760,5920,5700,5870,649622,0.02622377622377625
2022-08-26,6060,6070,5480,5490,1149937,-0.06473594548551964
2022-08-29,5200,5420,5200,5330,379916,-0.02914389799635697
2022-08-30,5340,5440,5270,5410,280251,0.015009380863039379
2022-08-31,5340,5440,5330,5420,230786,0.001848428835489857
2022-09-01,5350,5420,5150,5210,245882,-0.03874538745387457
2022-09-02,5240,5330,5010,5150,313718,-0.01151631477927062
2022-09-05,5250,5570,5120,5520,791954,0.07184466019417468
2022-09-06,5420,5450,5200,5280,417529,-0.04347826086956519
2022-09-07,5250,5270,4955,5000,392176,-0.05303030303030298
2022-09-08,5060,5140,4920,4920,181810,-0.016000000000000014
2022-09-13,4955,5040,4930,5030,175847,0.022357723577235866
2022-09-14,4900,4900,4780,4895,177107,-0.026838966202783254
2022-09-15,4870,5100,4870,4975,110686,0.01634320735444339
2022-09-16,4910,4975,4800,4865,132237,-0.022110552763819125
2022-09-19,4880,4935,4560,4580,183529,-0.058581706063720485
2022-09-20,4595,5050,4595,4740,523704,0.03493449781659397
2022-09-21,4740,5040,4680,4845,206311,0.02215189873417711
2022-09-22,4780,4880,4670,4880,135719,0.007223942208462342
2022-09-23,4790,4870,4600,4630,138082,-0.05122950819672134
2022-09-26,4500,4535,4170,4210,264278,-0.09071274298056153
2022-09-27,4200,4280,4095,4230,114989,0.004750593824228044
2022-09-28,4160,4260,3930,3940,206688,-0.0685579196217494
2022-09-29,4000,4205,4000,4050,134569,0.027918781725888353
2022-09-30,3960,4175,3930,4100,77669,0.012345679012345734
2022-10-04,4125,4230,4125,4200,57506,0.024390243902439046
2022-10-05,4270,4325,4060,4145,71988,-0.013095238095238049
2022-10-06,4150,4305,4150,4290,60549,0.03498190591073591
2022-10-07,4275,4340,4230,4255,36937,-0.00815850815850816
2022-10-11,4185,4185,3995,4030,66549,-0.05287896592244423
2022-10-12,4025,4050,3955,4045,34021,0.003722084367245637
2022-10-13,4000,4020,3795,3815,92387,-0.056860321384425205
2022-10-14,3860,3940,3725,3895,79986,0.02096985583224109
2022-10-17,3850,3975,3780,3970,37874,0.019255455712451797
2022-10-18,3985,4065,3930,4000,48774,0.007556675062972307
2022-10-19,4005,4060,3905,3905,54002,-0.02375000000000005
2022-10-20,3960,4270,3960,4090,334538,0.04737516005121645
2022-10-21,4035,4040,3915,3915,122620,-0.04278728606356963
2022-10-24,3995,4045,3920,3925,72330,0.0025542784163474774
2022-10-25,3925,3945,3800,3835,86835,-0.02292993630573248
2022-10-26,3870,3890,3775,3800,64054,-0.009126466753585416
2022-10-27,3785,3905,3785,3880,40764,0.021052631578947434
2022-10-28,3880,3925,3850,3870,34543,-0.002577319587628857
2022-10-31,4035,4035,3895,3925,107853,0.01421188630490966
2022-11-01,4080,4340,3955,4205,550713,0.07133757961783438
2022-11-02,4195,4195,3955,3955,147036,-0.05945303210463737
2022-11-03,3920,4015,3845,3995,80910,0.010113780025284402
2022-11-04,3995,4075,3950,3985,62530,-0.0025031289111389077
2022-11-07,3995,4045,3945,3980,66750,-0.0012547051442910462
2022-11-08,4055,4090,3995,4075,57381,0.023869346733668362
2022-11-09,4115,4165,4050,4095,78597,0.004907975460122671
2022-11-10,4055,4145,4045,4075,44299,-0.004884004884004867
2022-11-11,4135,4255,4110,4160,101998,0.020858895705521574
2022-11-14,4160,4225,4130,4175,89746,0.0036057692307691624
2022-11-15,4175,4210,4120,4175,75395,0.0
2022-11-16,4215,4250,4070,4230,76094,0.013173652694610682
2022-11-17,4230,4230,4125,4175,46611,-0.013002364066193817
2022-11-18,4155,4215,4115,4115,57143,-0.014371257485029987
2022-11-21,4085,4135,4000,4000,64513,-0.027946537059538312
2022-11-22,3945,4135,3945,4090,40972,0.022499999999999964
2022-11-23,4090,4165,4025,4130,58664,0.009779951100244544
2022-11-24,4130,4205,4130,4180,34427,0.012106537530266248
2022-11-25,4180,4195,4130,4130,25925,-0.011961722488038284
2022-11-28,4095,4130,4010,4010,40748,-0.029055690072639195
2022-11-29,4000,4095,3945,4085,42499,0.018703241895261735
2022-11-30,4100,4100,4010,4075,30092,-0.002447980416156681
2022-12-01,4140,4290,4055,4290,124648,0.052760736196318936
2022-12-02,4185,4210,4140,4165,127517,-0.029137529137529095
2022-12-05,4170,4220,4145,4165,34907,0.0
2022-12-06,4165,4165,4045,4065,47907,-0.02400960384153661
2022-12-07,4025,4200,3980,4030,45639,-0.008610086100861003
2022-12-08,4060,4185,3980,4000,73187,-0.007444168734491274
2022-12-09,4015,4050,3980,4030,31458,0.007500000000000062
2022-12-12,4025,4080,3995,4025,19934,-0.001240694789081842
2022-12-13,4170,4170,4015,4055,59718,0.007453416149068248
2022-12-14,4055,4180,4055,4135,83454,0.019728729963008673
2022-12-15,4165,4260,4130,4145,146358,0.002418379685610539
2022-12-16,4120,4135,4000,4030,114159,-0.027744270205066313
2022-12-19,4030,4080,3985,4030,28151,0.0
2022-12-20,4030,4045,3800,3885,102161,-0.03598014888337464
2022-12-21,3960,3960,3820,3885,54690,0.0
2022-12-22,3890,3970,3860,3865,59877,-0.005148005148005175
2022-12-23,3860,3860,3755,3760,56703,-0.027166882276843496
2022-12-26,3760,3800,3735,3735,87847,-0.0066489361702127825
2022-12-27,3700,3820,3700,3775,36386,0.010709504685408211
2022-12-28,3750,3810,3725,3775,17938,0.0
2022-12-29,3750,3750,3620,3650,60103,-0.0331125827814569
2023-01-02,3650,3765,3525,3535,66268,-0.03150684931506853
2023-01-03,3470,3565,3465,3565,44946,0.008486562942008558
2023-01-04,3560,3700,3470,3660,28139,0.026647966339411022
2023-01-05,3640,3745,3600,3675,49765,0.004098360655737654
2023-01-06,3680,3850,3680,3790,50961,0.0312925170068028
2023-01-09,4010,4550,3850,3850,4440030,0.0158311345646438
2023-01-10,3890,3945,3735,3765,446363,-0.02207792207792203
2023-01-11,3765,3820,3745,3755,228300,-0.0026560424966799445
2023-01-12,3765,3845,3765,3845,193666,0.023968042609853635
2023-01-13,3865,3875,3830,3855,150673,0.002600780234070177
2023-01-16,3880,3900,3830,3835,141780,-0.005188067444876765
2023-01-17,3830,3870,3765,3770,94384,-0.016949152542372836
2023-01-18,3770,3800,3735,3770,72871,0.0
2023-01-19,3770,3815,3755,3805,56766,0.009283819628647105
2023-01-20,3770,3810,3760,3765,37489,-0.010512483574244391
2023-01-25,3770,3810,3750,3765,68485,0.0
2023-01-26,3765,3840,3765,3820,61915,0.014608233731739695
2023-01-27,3815,3875,3810,3855,80058,0.009162303664921545
2023-01-30,3855,3890,3810,3875,76623,0.005188067444876765
2023-01-31,3840,3925,3825,3905,102589,0.007741935483871032
2023-02-01,3910,3925,3830,3835,130012,-0.017925736235595346
2023-02-02,3890,3890,3840,3865,52263,0.007822685788787531
2023-02-03,3870,3885,3820,3850,81791,-0.0038809831824062613
2023-02-06,3870,4200,3815,3960,1711744,0.02857142857142847
2023-02-07,4225,4475,3965,4070,3302943,0.02777777777777768
2023-02-08,4080,4100,3990,4030,399908,-0.009828009828009798
2023-02-09,4040,4385,4040,4170,2481366,0.03473945409429291
2023-02-10,4195,4220,4045,4135,412199,-0.008393285371702586
2023-02-13,4185,4285,4065,4085,571064,-0.01209189842805325
2023-02-14,4150,4265,4100,4160,368438,0.01835985312117505
2023-02-15,4305,4400,4000,4020,1012230,-0.033653846153846145
2023-02-16,4105,4135,4050,4050,137320,0.00746268656716409
2023-02-17,4055,4350,3965,4245,1436028,0.04814814814814805
2023-02-20,4175,4190,4085,4110,267333,-0.03180212014134276
2023-02-21,4145,4210,4105,4115,193450,0.0012165450121655041
2023-02-22,4070,4105,4005,4005,172373,-0.026731470230862753
2023-02-23,3995,4210,3970,4065,450466,0.014981273408239737
2023-02-24,4060,4120,4005,4010,121298,-0.013530135301353052
2023-02-27,3995,3995,3865,3890,152592,-0.029925187032418976
2023-02-28,3890,3950,3865,3890,80682,0.0
2023-03-02,3865,3940,3860,3930,91335,0.010282776349614497
2023-03-03,3935,4135,3920,4025,366093,0.024173027989821794
2023-03-06,4055,4055,3970,4020,101989,-0.001242236024844745
2023-03-07,4020,4100,3985,4080,136829,0.014925373134328401
2023-03-08,4070,4070,3975,3985,86924,-0.023284313725490224
2023-03-09,4025,4025,3935,3995,118739,0.0025094102885820924
2023-03-10,3950,3955,3860,3885,117323,-0.027534418022528206
2023-03-13,3830,3830,3720,3785,200916,-0.025740025740025763
2023-03-14,3740,3780,3390,3480,463171,-0.08058124174372527
2023-03-15,3510,3650,3510,3620,112066,0.04022988505747116
2023-03-16,3590,3630,3480,3590,36834,-0.008287292817679592
2023-03-17,3630,3750,3630,3675,86240,0.023676880222841312
2023-03-20,3675,3760,3670,3710,47240,0.00952380952380949
2023-03-21,3730,3770,3705,3710,76572,0.0
2023-03-22,3750,3750,3665,3680,39779,-0.008086253369272267
2023-03-23,3680,3770,3570,3575,120697,-0.028532608695652217
2023-03-24,3580,3660,3580,3630,41579,0.01538461538461533
2023-03-27,3605,3645,3530,3595,48184,-0.009641873278236957
2023-03-28,3520,3715,3520,3695,56536,0.02781641168289295
2023-03-29,3710,3735,3660,3720,44874,0.006765899864682012
2023-03-30,3740,3740,3675,3700,49985,-0.005376344086021501
2023-03-31,3700,3775,3695,3735,87574,0.009459459459459474
2023-04-03,3715,3795,3715,3765,112172,0.008032128514056325
2023-04-04,3765,3790,3730,3780,51109,0.003984063745019917
2023-04-05,3780,3780,3730,3770,45679,-0.002645502645502673
2023-04-06,3770,3770,3650,3670,72417,-0.02652519893899208
2023-04-07,3650,3685,3560,3650,54945,-0.00544959128065392
2023-04-10,3650,3650,3550,3590,100560,-0.016438356164383605
2023-04-11,3560,3650,3540,3650,66318,0.01671309192200554
2023-04-12,3675,3715,3660,3690,37290,0.010958904109588996
2023-04-13,3755,3755,3660,3700,35316,0.0027100271002709064
2023-04-14,3730,3750,3700,3725,79660,0.006756756756756799
2023-04-17,3760,3825,3725,3810,120525,0.02281879194630876
2023-04-18,3845,3850,3730,3760,62891,-0.013123359580052507
2023-04-19,3710,3805,3710,3775,64207,0.003989361702127603
2023-04-20,3775,3825,3680,3700,75459,-0.019867549668874163
2023-04-21,3685,3725,3620,3690,76730,-0.002702702702702675
2023-04-24,3680,3710,3620,3630,75648,-0.016260162601625994
2023-04-25,3640,3730,3620,3710,180923,0.02203856749311295
2023-04-26,3730,3855,3710,3765,243283,0.014824797843665749
2023-04-27,3780,3780,3615,3695,98649,-0.01859229747675961
2023-04-28,3695,3700,3580,3620,92515,-0.020297699594046037
2023-05-02,3700,3780,3655,3725,130085,0.02900552486187835
2023-05-03,3720,3770,3700,3740,51306,0.00402684563758382
2023-05-04,3705,3735,3680,3695,64530,-0.012032085561497374
2023-05-08,3715,3805,3700,3780,117391,0.023004059539918797
2023-05-09,3810,3810,3685,3780,75919,0.0
2023-05-10,3740,3800,3740,3785,54481,0.001322751322751392
2023-05-11,3785,4000,3785,3820,144015,0.009247027741083214
2023-05-12,3850,3860,3780,3780,58997,-0.010471204188481686
2023-05-15,3955,4145,3750,3760,1115485,-0.005291005291005346
2023-05-16,3800,3880,3760,3800,205937,0.010638297872340496
2023-05-17,3815,3915,3785,3855,192668,0.014473684210526416
2023-05-18,3860,3985,3855,3950,206736,0.024643320363164634
2023-05-19,3980,3980,3915,3955,106643,0.0012658227848101333
2023-05-22,3955,4050,3900,4015,255865,0.015170670037926604
2023-05-23,4020,4130,4020,4070,172679,0.013698630136986356
2023-05-24,4040,4120,3965,4100,124198,0.0073710073710073765
2023-05-25,4090,4130,4025,4040,93826,-0.014634146341463428
2023-05-26,4080,4080,3970,4010,127014,-0.007425742574257432
2023-05-30,3990,4070,3985,4010,81040,0.0
2023-05-31,4010,4085,4010,4075,86658,0.016209476309226867
2023-06-01,4070,4100,4010,4030,47756,-0.011042944785276121
2023-06-02,4050,4160,4035,4120,115638,0.022332506203474045
2023-06-05,4125,4175,4080,4125,123840,0.0012135922330096527
2023-06-07,4125,4200,4120,4145,88850,0.00484848484848488
2023-06-08,4130,4145,4050,4105,49261,-0.00965018094089265
2023-06-09,4130,4130,4055,4090,48178,-0.0036540803897685548
2023-06-12,4100,4130,4025,4100,71474,0.0024449877750611915
2023-06-13,4085,4125,4050,4050,50066,-0.012195121951219523
2023-06-14,4080,4135,4025,4060,165133,0.0024691358024691024
2023-06-15,4040,4140,4035,4055,63322,-0.0012315270935960854
2023-06-16,4085,4235,4080,4230,264697,0.04315659679408146
2023-06-19,4245,4285,4210,4255,124834,0.005910165484633634
2023-06-20,4235,4320,4220,4265,88107,0.00235017626321965
2023-06-21,4290,4290,4170,4220,77986,-0.010550996483001174
2023-06-22,4200,4240,4155,4155,87417,-0.0154028436018957
2023-06-23,4165,4165,3950,4085,104306,-0.016847172081829176
2023-06-26,4055,4150,4010,4090,35835,0.001223990208078396
2023-06-27,4090,4180,4045,4070,34415,-0.004889975550122272
2023-06-28,4045,4150,4045,4110,64756,0.00982800982800991
2023-06-29,4110,4130,3955,3980,64831,-0.031630170316301665
2023-06-30,3975,4145,3960,4120,65431,0.035175879396984966
2023-07-03,4140,4175,4110,4110,67300,-0.0024271844660194164
2023-07-04,4140,4600,4115,4490,2969422,0.09245742092457432
2023-07-05,4490,4530,4355,4430,313072,-0.013363028953229383
2023-07-06,4430,4480,4300,4390,187917,-0.009029345372460473
2023-07-07,4350,4430,4255,4360,142920,-0.006833712984054663
2023-07-10,4300,4490,4300,4395,195631,0.008027522935779796
2023-07-11,4405,4420,4330,4410,97663,0.0034129692832765013
2023-07-12,4410,4685,4385,4615,540134,0.046485260770975145
2023-07-13,4670,4720,4500,4600,557943,-0.00325027085590468
2023-07-14,4610,4615,4430,4475,153014,-0.02717391304347827
2023-07-17,4475,4560,4380,4475,89471,0.0
2023-07-18,4480,4530,4350,4395,104709,-0.01787709497206702
2023-07-19,4370,4465,4290,4390,82908,-0.0011376564277588708
2023-07-20,4435,4435,4250,4395,85775,0.001138952164009055
2023-07-21,4395,4430,4300,4400,82534,0.0011376564277587597
2023-07-24,4345,4380,4250,4280,128536,-0.027272727272727226
2023-07-25,4280,4440,4280,4360,77553,0.01869158878504673
2023-07-26,4420,4420,4035,4165,212728,-0.044724770642201817
2023-07-27,4165,4300,4025,4075,121157,-0.021608643457383003
2023-07-28,4075,4350,4070,4255,117243,0.04417177914110426
2023-07-31,4275,4345,4245,4315,63585,0.014101057579318343
2023-08-01,4305,4375,4270,4365,71289,0.011587485515643037
2023-08-02,4395,4475,4300,4360,107875,-0.001145475372279492
2023-08-03,4360,4480,4200,4375,90361,0.0034403669724769603
2023-08-04,4330,4505,4330,4445,90055,0.016000000000000014
2023-08-07,4425,4445,4295,4370,45439,-0.01687289088863897
2023-08-08,4315,4480,4290,4325,60132,-0.010297482837528626
2023-08-09,4305,4365,4265,4340,28789,0.003468208092485492
2023-08-10,4360,4430,4305,4370,60193,0.00691244239631339
2023-08-11,4370,4420,4075,4325,101350,-0.010297482837528626
2023-08-14,4330,4405,4075,4135,138796,-0.04393063583815027
2023-08-16,4100,4150,4000,4080,98174,-0.013301088270858519
2023-08-17,4100,4100,3880,4060,87082,-0.004901960784313708
2023-08-18,3955,4035,3955,4030,36507,-0.007389162561576401
2023-08-21,3990,4055,3990,4035,28021,0.001240694789081953
2023-08-22,4055,4055,3930,4000,80606,-0.008674101610904539
2023-08-23,3995,3995,3890,3900,102337,-0.025000000000000022
2023-08-24,3890,3925,3890,3915,24801,0.0038461538461538325
2023-08-25,3915,3915,3810,3830,76876,-0.02171136653895278
2023-08-28,3855,4000,3800,3965,102561,0.03524804177545682
2023-08-29,3985,4045,3965,4045,24185,0.020176544766708604
2023-08-30,4060,4060,3995,4050,31533,0.0012360939431397266
2023-08-31,4030,4060,3975,3990,27933,-0.014814814814814836
2023-09-01,3990,4045,3900,3920,60707,-0.01754385964912286
2023-09-04,3940,3955,3890,3955,15597,0.008928571428571397
2023-09-05,3955,3995,3880,3920,30319,-0.008849557522123908
2023-09-06,3925,3975,3885,3975,30106,0.014030612244897878
2023-09-07,3905,3940,3870,3900,33119,-0.018867924528301883
2023-09-08,3895,3905,3870,3900,23622,0.0
2023-09-11,3990,4010,3940,4000,52938,0.02564102564102555
2023-09-12,3980,4050,3955,3995,34592,-0.0012499999999999734
2023-09-13,3960,4000,3905,3930,21087,-0.016270337922402955
2023-09-14,3950,3950,3920,3940,24304,0.0025445292620864812
2023-09-15,3940,4000,3940,3985,22633,0.011421319796954377
2023-09-18,3930,4200,3930,4065,61811,0.020075282308657405
2023-09-19,4065,4065,3990,4065,40809,0.0
2023-09-20,4065,4065,3970,4010,16756,-0.013530135301353052
2023-09-21,4010,4010,3910,3955,35175,-0.013715710723191998
2023-09-22,3875,3970,3875,3960,33484,0.0012642225031604948
2023-09-25,3935,3960,3915,3920,29897,-0.010101010101010055
2023-09-26,3900,3955,3900,3920,21243,0.0
2023-09-27,3905,3965,3885,3965,17034,0.011479591836734748
2023-10-04,3940,3945,3855,3875,44765,-0.022698612862547263
2023-10-05,3855,3885,3830,3870,36521,-0.001290322580645209
2023-10-06,3850,4000,3850,3915,13911,0.011627906976744207
2023-10-10,3950,4015,3915,3940,27889,0.0063856960408683605
2023-10-11,3960,4000,3950,3980,16440,0.010152284263959421
2023-10-12,3980,4035,3960,4020,17458,0.01005025125628145
2023-10-13,3975,4030,3975,4015,13153,-0.0012437810945273853
2023-10-16,3950,4000,3950,3995,17285,-0.00498132004981322
2023-10-17,3955,4035,3955,4000,15791,0.0012515644555695093
2023-10-18,4020,4020,3935,3985,19857,-0.003750000000000031
2023-10-19,3925,3970,3910,3915,30504,-0.017565872020075313
2023-10-20,3905,3910,3835,3885,41516,-0.007662835249042099
2023-10-23,3845,3900,3820,3855,26575,-0.007722007722007707
2023-10-24,3860,3900,3580,3885,24373,0.0077821011673151474
2023-10-25,3850,3905,3850,3880,50413,-0.0012870012870013214
2023-10-26,3940,3960,3810,3815,41990,-0.01675257731958768
2023-10-27,3840,3840,3785,3795,67084,-0.005242463958060273
2023-10-30,3800,3810,3720,3800,30090,0.0013175230566535578
2023-10-31,3820,3840,3740,3755,39003,-0.011842105263157876
2023-11-01,3710,3800,3710,3800,29301,0.011984021304926706
2023-11-02,3820,3865,3805,3850,24098,0.013157894736842035
2023-11-03,3870,3905,3845,3870,14904,0.0051948051948051965
2023-11-06,3930,3930,3870,3880,27944,0.0025839793281654533
2023-11-07,3880,3920,3870,3890,16139,0.002577319587628857
2023-11-08,3865,3910,3820,3830,23557,-0.015424164524421635
2023-11-09,3830,3915,3815,3870,31235,0.010443864229765065
2023-11-10,3870,3950,3815,3825,44143,-0.011627906976744207
2023-11-13,3830,3910,3775,3775,33778,-0.013071895424836555
2023-11-14,3735,3930,3735,3920,35678,0.038410596026489996
2023-11-15,4015,4100,3960,4060,127021,0.03571428571428581
2023-11-16,4085,4170,4070,4135,74604,0.018472906403940836
2023-11-17,4135,4185,4030,4165,52650,0.007255139056831839
2023-11-20,4165,4180,4065,4135,48557,-0.007202881152461038
2023-11-21,4135,4175,4050,4165,19498,0.007255139056831839
2023-11-22,4165,4200,4130,4175,14859,0.0024009603841537164
2023-11-23,4180,4180,4100,4140,22118,-0.008383233532934131
2023-11-24,4140,4175,4105,4165,17703,0.006038647342995196
2023-11-27,4165,4175,4105,4175,13156,0.0024009603841537164
2023-11-28,4175,4220,4135,4200,36136,0.0059880239520957446
2023-11-29,4200,4295,4200,4205,46867,0.0011904761904761862
2023-11-30,4500,4670,4070,4070,711212,-0.03210463733650415
2023-12-01,4105,4135,4015,4125,73250,0.013513513513513598
2023-12-04,4125,4160,4100,4115,46524,-0.00242424242424244
2023-12-05,4115,4145,4075,4125,32286,0.002430133657351119
2023-12-06,4125,4140,4090,4140,17465,0.0036363636363636598
2023-12-07,4140,4155,4095,4155,24870,0.0036231884057971175
2023-12-08,4155,4165,4135,4165,22709,0.002406738868832692
2023-12-11,4165,4190,4155,4185,23463,0.004801920768307433
2023-12-12,4170,4425,4170,4335,340857,0.03584229390680993
2023-12-13,4295,4330,4220,4255,45226,-0.018454440599769306
2023-12-14,4255,4265,4215,4255,21340,0.0
2023-12-15,4230,4325,4200,4315,33360,0.014101057579318343
2023-12-18,4310,4410,4280,4380,62977,0.015063731170336103
2023-12-19,4385,4450,4250,4380,72447,0.0
2023-12-20,4380,4380,4300,4365,37674,-0.003424657534246589
2023-12-21,4305,4360,4245,4280,66406,-0.019473081328751474
2023-12-22,4240,4310,4215,4245,54067,-0.008177570093457986
2023-12-26,4245,4500,4195,4240,89394,-0.0011778563015312216
2023-12-27,4235,4235,4165,4170,18070,-0.01650943396226412
2023-12-28,4190,4225,4140,4215,20335,0.010791366906474753
2024-01-02,4510,4515,4230,4275,508677,0.014234875444839812
2024-01-03,4190,4305,4180,4270,90303,-0.0011695906432748204
2024-01-04,4280,4860,4165,4175,2778329,-0.022248243559718994
2024-01-05,4150,4170,4080,4110,140004,-0.015568862275449069
2024-01-08,4130,4130,3945,3950,252050,-0.038929440389294356
2024-01-09,3990,4005,3950,3980,87188,0.0075949367088608
2024-01-10,4000,4005,3940,3950,68710,-0.007537688442211032
2024-01-11,3950,4055,3950,3970,63197,0.005063291139240533
2024-01-12,3980,3990,3940,3970,37533,0.0
2024-01-15,3970,4005,3955,3980,63026,0.0025188916876575096
2024-01-16,3980,4100,3965,4035,84164,0.013819095477386911
2024-01-17,4025,4025,3885,3885,119493,-0.03717472118959109
2024-01-18,3890,3975,3890,3945,48923,0.015444015444015413
2024-01-19,3935,4025,3935,4010,46360,0.016476552598225558
2024-01-22,4020,4050,4010,4050,21981,0.009975062344139696
2024-01-23,4025,4080,4020,4080,58875,0.007407407407407307
2024-01-24,4090,4120,4050,4070,48281,-0.002450980392156854
2024-01-25,4050,4125,4005,4120,53416,0.01228501228501222
2024-01-26,4120,4215,4095,4140,71110,0.004854368932038833
2024-01-29,4145,4170,4010,4085,52793,-0.01328502415458932
2024-01-30,4090,4100,3975,3995,61342,-0.022031823745410017
2024-01-31,4000,4050,3980,4000,22124,0.0012515644555695093
2024-02-01,3985,4020,3940,3985,47721,-0.003750000000000031
2024-02-02,3985,4045,3985,4010,33568,0.006273525721455453
2024-02-05,4050,4070,3985,4040,36538,0.007481296758104827
2024-02-06,4050,4050,3995,4040,33753,0.0
2024-02-07,4050,4160,4040,4075,34306,0.00866336633663356
2024-02-08,4100,4125,4010,4010,45871,-0.015950920245398792
2024-02-13,4000,4055,3950,4030,49597,0.004987531172069737
2024-02-14,4085,4085,4000,4055,25436,0.006203473945409321
2024-02-15,4080,4080,4005,4015,25488,-0.009864364981504337
2024-02-16,4020,4050,4010,4035,29453,0.00498132004981322
2024-02-19,4035,4075,4030,4070,29330,0.00867410161090465
2024-02-20,4070,4085,4000,4010,35124,-0.014742014742014753
2024-02-21,4005,4025,3985,3995,46233,-0.0037406483790524137
2024-02-22,4000,4015,3955,3990,40589,-0.0012515644555695093
2024-02-23,3990,4000,3960,3970,24779,-0.005012531328320802
2024-02-26,3970,3970,3930,3970,34753,0.0
2024-02-27,3960,3970,3870,3960,42041,-0.0025188916876573986
2024-02-28,3920,3990,3920,3940,35855,-0.005050505050505083
2024-02-29,3940,3990,3900,3920,50147,-0.005076142131979711
2024-03-04,3950,3995,3920,3970,56512,0.012755102040816313
2024-03-05,3970,3990,3930,3940,26267,-0.007556675062972307
2024-03-06,3940,3980,3910,3940,22819,0.0
2024-03-07,3940,3980,3900,3925,31566,-0.0038071065989847552
2024-03-08,3925,3925,3860,3895,56238,-0.007643312101910826
2024-03-11,3895,3960,3865,3910,30744,0.0038510911424902705
2024-03-12,3880,3920,3865,3870,38087,-0.010230179028132946
2024-03-13,3870,3905,3860,3870,37903,0.0
2024-03-14,3865,4000,3865,3975,80670,0.027131782945736482
2024-03-15,3955,4005,3925,3945,48520,-0.007547169811320753
2024-03-18,4005,4035,3950,3985,54585,0.010139416983523386
2024-03-19,4035,4035,3890,3900,55351,-0.021329987452948562
2024-03-20,3900,4005,3900,3950,21062,0.012820512820512775
2024-03-21,3955,3990,3955,3970,28909,0.005063291139240533
2024-03-22,3985,4065,3960,4040,62003,0.017632241813602123
2024-03-25,4060,4060,3985,4040,23849,0.0
2024-03-26,4030,4050,3995,4010,37222,-0.007425742574257432
2024-03-27,4010,4030,3970,3995,46900,-0.0037406483790524137
2024-03-28,3995,4020,3970,3990,18515,-0.0012515644555695093
2024-03-29,3985,4000,3945,3960,31361,-0.007518796992481258
2024-04-01,3960,4030,3945,3990,66824,0.007575757575757569
2024-04-02,3990,3995,3965,3975,36465,-0.003759398496240629
2024-04-03,3950,4450,3945,3980,2862168,0.0012578616352201255
2024-04-04,4020,4055,3915,3925,371772,-0.013819095477386911
2024-04-05,3885,3930,3860,3865,161808,-0.015286624203821653
2024-04-08,3875,3975,3875,3925,138152,0.015523932729624823
2024-04-09,3895,3965,3890,3945,67201,0.005095541401273884
2024-04-11,3880,3920,3875,3890,59422,-0.013941698352344711
2024-04-12,3875,3905,3850,3900,59202,0.0025706940874035134
2024-04-15,3885,3900,3810,3845,95275,-0.014102564102564052
2024-04-16,3820,3835,3575,3710,235273,-0.03511053315994794
