Date,Open,High,Low,Close,Volume,Change
2022-05-31,5750,6130,5740,6010,6302848,
2022-06-02,5970,6110,5950,6020,495363,0.0016638935108153063
2022-06-03,6030,6040,5980,6000,277341,-0.0033222591362126463
2022-06-07,6000,6000,5970,6000,223765,0.0
2022-06-08,6000,6010,5950,5960,181295,-0.00666666666666671
2022-06-09,5960,5960,5820,5880,432753,-0.01342281879194629
2022-06-10,5850,5880,5810,5850,166169,-0.005102040816326481
2022-06-13,5790,5870,5750,5860,202236,0.0017094017094017033
2022-06-14,5790,5860,5720,5860,142425,0.0
2022-06-15,5780,5840,5710,5760,177674,-0.017064846416382284
2022-06-16,5730,5750,5640,5670,131966,-0.015625
2022-06-17,5570,5670,5530,5590,155656,-0.014109347442680775
2022-06-20,5550,5570,5300,5350,216050,-0.04293381037567079
2022-06-21,5360,5510,5310,5470,76299,0.02242990654205612
2022-06-22,5470,5510,5270,5280,127855,-0.034734917733089565
2022-06-23,5290,5320,5180,5200,229254,-0.015151515151515138
2022-06-24,5150,5200,5120,5170,112375,-0.005769230769230749
2022-06-27,5150,5260,5150,5220,24564,0.009671179883945946
2022-06-28,5220,5280,5190,5240,50950,0.003831417624521105
2022-06-29,5200,5240,5170,5180,17132,-0.011450381679389277
2022-06-30,5170,5260,5120,5240,59799,0.01158301158301156
2022-07-01,5060,5100,4970,5060,395854,-0.03435114503816794
2022-07-04,5010,5020,4845,4870,66935,-0.03754940711462451
2022-07-05,4870,4925,4870,4925,28383,0.011293634496919891
2022-07-06,4925,4990,4905,4905,12605,-0.004060913705583702
2022-07-07,4990,4990,4890,4970,13758,0.013251783893985625
2022-07-08,4970,5020,4940,5010,18411,0.008048289738430636
2022-07-11,5010,5020,4995,5010,13949,0.0
2022-07-12,4970,5000,4915,4975,11486,-0.006986027944111739
2022-07-13,4955,4985,4945,4985,5444,0.0020100502512563345
2022-07-14,4980,5010,4970,5010,25681,0.005015045135406293
2022-07-15,5020,5050,4990,5010,24387,0.0
2022-07-18,5060,5060,4980,5010,10153,0.0
2022-07-19,5030,5040,4920,4940,15705,-0.013972055888223589
2022-07-20,5010,5020,4905,4915,33177,-0.005060728744939236
2022-07-21,4935,4935,4835,4840,36715,-0.015259409969481164
2022-07-22,4840,4875,4805,4840,12568,0.0
2022-07-25,4890,4890,4840,4855,4462,0.0030991735537189147
2022-07-26,4880,4885,4760,4880,17915,0.005149330587023604
2022-07-27,4860,4895,4860,4890,6922,0.002049180327868827
2022-07-28,4900,4900,4865,4870,12403,-0.004089979550102263
2022-07-29,4870,4985,4870,4940,13154,0.014373716632443578
2022-08-01,5000,5040,4945,5000,25152,0.012145748987854255
2022-08-02,5020,5020,4950,4970,22314,-0.006000000000000005
2022-08-03,4945,5000,4945,4960,5460,-0.002012072434607659
2022-08-04,4960,5000,4960,4990,4518,0.006048387096774244
2022-08-05,5000,5010,4980,5000,8536,0.002004008016031955
2022-08-08,5010,5020,4970,5010,8840,0.0020000000000000018
2022-08-09,5020,5030,4960,4960,8613,-0.009980039920159722
2022-08-10,4965,4995,4965,4995,6452,0.007056451612903247
2022-08-11,5000,5020,4995,5000,8868,0.0010010010010010895
2022-08-12,4995,5020,4995,5000,12662,0.0
2022-08-16,5010,5030,4970,5000,7400,0.0
2022-08-17,4995,5000,4960,4995,8619,-0.0010000000000000009
2022-08-18,4970,5000,4960,4960,4857,-0.00700700700700696
2022-08-19,4960,4980,4955,4980,4301,0.0040322580645162365
2022-08-22,4985,4990,4955,4985,3767,0.0010040160642570406
2022-08-23,4975,5000,4955,4955,13184,-0.006018054162487463
2022-08-24,4960,4970,4945,4960,4154,0.0010090817356205317
2022-08-25,4965,4970,4960,4970,6915,0.002016129032258007
2022-08-26,4955,5000,4920,4970,15817,0.0
2022-08-29,4950,4950,4920,4950,7111,-0.004024144869215318
2022-08-30,4930,4980,4930,4970,10500,0.004040404040404066
2022-08-31,4930,4930,4840,4860,85998,-0.02213279678068414
2022-09-01,4830,4850,4775,4775,36461,-0.017489711934156382
2022-09-02,4770,4790,4745,4770,17519,-0.0010471204188481353
2022-09-05,4770,4825,4760,4785,8616,0.003144654088050425
2022-09-06,4820,4820,4760,4790,7953,0.0010449320794148065
2022-09-07,4810,4815,4755,4770,9651,-0.0041753653444676075
2022-09-08,4790,4815,4765,4800,16107,0.0062893081761006275
2022-09-13,4765,4805,4765,4805,4882,0.0010416666666666075
2022-09-14,4805,4805,4750,4800,8006,-0.0010405827263267886
2022-09-15,4760,4800,4740,4785,25188,-0.0031250000000000444
2022-09-16,4740,4800,4740,4770,6452,-0.0031347962382445305
2022-09-19,4800,4805,4715,4760,22498,-0.002096436058700246
2022-09-20,4730,4750,4715,4750,7381,-0.0021008403361344463
2022-09-21,4745,4750,4705,4715,16911,-0.00736842105263158
2022-09-22,4715,4720,4690,4705,18990,-0.0021208907741251393
2022-09-23,4705,4715,4685,4705,17063,0.0
2022-09-26,4725,4725,4625,4655,17162,-0.01062699256110522
2022-09-27,4690,4695,4605,4630,12543,-0.00537056928034374
2022-09-28,4610,4660,4540,4570,41567,-0.01295896328293733
2022-09-29,4585,4585,4305,4400,101934,-0.03719912472647702
2022-09-30,4470,4485,4270,4320,85168,-0.018181818181818188
2022-10-04,4405,4405,4050,4180,93967,-0.03240740740740744
2022-10-05,4250,4250,3900,3930,254760,-0.05980861244019142
2022-10-06,3950,3975,3805,3880,134633,-0.012722646310432517
2022-10-07,3875,3880,3770,3855,87428,-0.006443298969072142
2022-10-11,3810,3810,3675,3730,122327,-0.03242542153047989
2022-10-12,3695,3695,3495,3520,210234,-0.05630026809651478
2022-10-13,3520,3545,3300,3315,190389,-0.058238636363636354
2022-10-14,3360,3390,3280,3315,91220,0.0
2022-10-17,3335,3400,3255,3400,49293,0.02564102564102555
2022-10-18,3375,3410,3350,3405,37557,0.0014705882352941124
2022-10-19,3385,3440,3385,3435,33549,0.008810572687224738
2022-10-20,3435,3435,3315,3320,47881,-0.033478893740902516
2022-10-21,3305,3390,3255,3280,19124,-0.012048192771084376
2022-10-24,3285,3390,3285,3320,5625,0.012195121951219523
2022-10-25,3320,3470,3295,3320,12626,0.0
2022-10-26,3320,3375,3300,3305,20392,-0.004518072289156572
2022-10-27,3380,3380,3305,3370,29072,0.01966717095310133
2022-10-28,3450,3455,3330,3400,27647,0.008902077151335286
2022-10-31,3375,3460,3375,3430,35529,0.008823529411764675
2022-11-01,3455,3475,3250,3400,41683,-0.008746355685131157
2022-11-02,3350,3405,3350,3400,14311,0.0
2022-11-03,3380,3415,3330,3390,31684,-0.002941176470588225
2022-11-04,3390,3395,3330,3355,8205,-0.010324483775811188
2022-11-07,3355,3360,3335,3360,7854,0.0014903129657228842
2022-11-08,3325,3365,3325,3360,8563,0.0
2022-11-09,3360,3400,3355,3395,23945,0.01041666666666674
2022-11-10,3395,3420,3355,3400,20962,0.0014727540500736325
2022-11-11,3480,3620,3450,3595,57923,0.057352941176470607
2022-11-14,3605,3670,3400,3580,27874,-0.004172461752433909
2022-11-15,3590,3660,3560,3630,12529,0.013966480446927276
2022-11-16,3630,3735,3625,3665,16751,0.009641873278236845
2022-11-17,3645,3715,3550,3560,51772,-0.028649386084583894
2022-11-18,3555,3595,3555,3570,10948,0.002808988764045006
2022-11-21,3555,3580,3555,3575,3711,0.0014005602240896309
2022-11-22,3565,3585,3560,3580,10971,0.0013986013986013734
2022-11-23,3585,3640,3585,3640,17420,0.016759776536312776
2022-11-24,3655,3685,3645,3680,19262,0.01098901098901095
2022-11-25,3695,3710,3640,3700,26026,0.005434782608695565
2022-11-28,3660,3710,3655,3680,15166,-0.00540540540540535
2022-11-29,3670,3680,3600,3650,72853,-0.008152173913043459
2022-11-30,3625,3675,3615,3650,14319,0.0
2022-12-01,3630,3730,3600,3665,200168,0.004109589041095818
2022-12-02,3660,3680,3640,3660,16576,-0.0013642564802183177
2022-12-05,3660,3720,3650,3700,20139,0.010928961748633892
2022-12-06,3700,3780,3645,3645,35361,-0.014864864864864824
2022-12-07,3680,3720,3625,3680,38787,0.009602194787379892
2022-12-08,3700,3720,3680,3700,23745,0.005434782608695565
2022-12-09,3690,3745,3690,3715,28566,0.004054054054054124
2022-12-12,3735,3735,3665,3680,39547,-0.009421265141319024
2022-12-13,3710,3710,3625,3635,35280,-0.012228260869565188
2022-12-14,3635,3710,3635,3700,28454,0.017881705639614776
2022-12-15,3680,3730,3680,3720,34751,0.00540540540540535
2022-12-16,3660,3735,3650,3735,29608,0.0040322580645162365
2022-12-19,3735,3735,3665,3685,22260,-0.01338688085676043
2022-12-20,3665,3710,3635,3680,21867,-0.0013568521031207537
2022-12-21,3680,3760,3650,3760,24603,0.021739130434782705
2022-12-22,3760,3760,3700,3760,30982,0.0
2022-12-23,3755,3785,3680,3775,36425,0.003989361702127603
2022-12-26,3775,3795,3720,3775,25925,0.0
2022-12-27,3775,3775,3720,3735,219206,-0.01059602649006619
2022-12-28,3735,3775,3670,3760,31821,0.006693440428380271
2022-12-29,3760,3765,3660,3715,40965,-0.01196808510638303
2023-01-02,3700,3765,3700,3750,20799,0.009421265141319024
2023-01-03,3750,3775,3670,3750,34386,0.0
2023-01-04,3750,3780,3710,3775,37882,0.006666666666666599
2023-01-05,3785,3810,3745,3805,48055,0.007947019867549754
2023-01-06,3830,3830,3770,3800,50812,-0.0013140604467805073
2023-01-09,3810,3830,3790,3800,39459,0.0
2023-01-10,3800,3800,3765,3775,22993,-0.006578947368421018
2023-01-11,3765,3790,3765,3785,29165,0.0026490066225166586
2023-01-12,3770,3840,3765,3815,26209,0.00792602377807139
2023-01-13,3815,3870,3790,3870,53332,0.014416775884665833
2023-01-16,3855,4005,3855,4005,285348,0.03488372093023262
2023-01-17,4005,4070,4005,4060,65683,0.013732833957553092
2023-01-18,4075,4075,4025,4075,42708,0.003694581280788256
2023-01-19,4075,4090,4030,4065,39592,-0.0024539877300613355
2023-01-20,4055,4075,4035,4075,32975,0.002460024600245969
2023-01-25,4075,4165,4075,4145,62135,0.01717791411042935
2023-01-26,4140,4185,4115,4115,29850,-0.007237635705669487
2023-01-27,4135,4135,4070,4070,34561,-0.010935601458080146
2023-01-30,4070,4070,4015,4035,24680,-0.008599508599508643
2023-01-31,4035,4035,3985,3990,23071,-0.01115241635687736
2023-02-01,3990,4080,3990,4075,24160,0.02130325814536338
2023-02-02,4075,4135,4075,4135,38000,0.014723926380368013
2023-02-03,4180,4180,4075,4090,48584,-0.010882708585247869
2023-02-06,4125,4125,4020,4070,23941,-0.004889975550122272
2023-02-07,4050,4090,4050,4070,17477,0.0
2023-02-08,4055,4080,4050,4075,19005,0.0012285012285011554
2023-02-09,4070,4075,4045,4070,18450,-0.0012269938650306678
2023-02-10,4035,4070,4005,4060,19089,-0.002457002457002422
2023-02-13,4075,4075,3995,4030,29123,-0.007389162561576401
2023-02-14,4030,4070,3965,4005,39251,-0.006203473945409432
2023-02-15,4005,4020,3960,3960,27269,-0.011235955056179803
2023-02-16,3960,3960,3915,3950,21343,-0.002525252525252486
2023-02-17,3910,3965,3910,3965,19096,0.0037974683544304
2023-02-20,3970,3990,3895,3905,16269,-0.015132408575031508
2023-02-21,3905,3965,3895,3910,16617,0.001280409731113874
2023-02-22,3900,3915,3875,3880,17224,-0.007672634271099765
2023-02-23,3880,3895,3845,3895,26254,0.0038659793814432852
2023-02-24,3895,3910,3840,3890,14472,-0.0012836970474967568
2023-02-27,3865,3885,3800,3880,11960,-0.0025706940874036244
2023-02-28,3830,3875,3830,3850,29054,-0.0077319587628865705
2023-03-02,3885,3885,3825,3850,15718,0.0
2023-03-03,3850,3855,3810,3830,19599,-0.0051948051948051965
2023-03-06,3830,3855,3795,3850,36063,0.005221932114882533
2023-03-07,3855,3890,3820,3825,95127,-0.00649350649350644
2023-03-08,3825,3835,3795,3830,21278,0.0013071895424836555
2023-03-09,3835,3950,3835,3850,16582,0.005221932114882533
2023-03-10,3850,3850,3825,3850,14823,0.0
2023-03-13,3850,3850,3790,3835,24576,-0.003896103896103842
2023-03-14,3835,3835,3750,3760,39688,-0.019556714471968717
2023-03-15,3780,3795,3720,3750,21474,-0.0026595744680850686
2023-03-16,3755,3765,3710,3760,18080,0.002666666666666595
2023-03-17,3760,3840,3730,3840,25424,0.02127659574468077
2023-03-20,3830,3830,3600,3710,87231,-0.03385416666666663
2023-03-21,3735,3735,3710,3725,8661,0.0040431266846361336
2023-03-22,3725,3735,3705,3715,21334,-0.0026845637583892135
2023-03-23,3715,3715,3665,3695,45495,-0.0053835800807536804
2023-03-24,3700,3700,3660,3680,52132,-0.004059539918809252
2023-03-27,3685,3800,3555,3580,45582,-0.02717391304347827
2023-03-28,3620,3625,3355,3485,98948,-0.026536312849162025
2023-03-29,3485,3495,3405,3440,90103,-0.012912482065997155
2023-03-30,3400,3400,3295,3360,159195,-0.023255813953488413
2023-03-31,3390,3400,3350,3395,44483,0.01041666666666674
2023-04-03,3410,3425,3365,3395,41036,0.0
2023-04-04,3395,3415,3345,3390,31373,-0.0014727540500736325
2023-04-05,3390,3405,3350,3380,44987,-0.002949852507374673
2023-04-06,3380,3415,3355,3380,49897,0.0
2023-04-07,3380,3385,3345,3375,17292,-0.0014792899408283544
2023-04-10,3375,3375,3310,3335,42144,-0.011851851851851891
2023-04-11,3335,3335,3260,3260,95550,-0.022488755622188883
2023-04-12,3290,3295,3255,3270,35580,0.0030674846625766694
2023-04-13,3270,3300,3270,3300,21096,0.00917431192660545
2023-04-14,3310,3360,3280,3350,59256,0.015151515151515138
2023-04-17,3380,3380,3325,3350,28426,0.0
2023-04-18,3355,3355,3325,3350,61139,0.0
2023-04-19,3350,3375,3285,3335,233167,-0.004477611940298498
2023-04-20,3335,3335,3290,3310,25323,-0.007496251874062998
2023-04-21,3325,3330,3305,3320,12738,0.0030211480362538623
2023-04-24,3330,3330,3270,3320,55271,0.0
2023-04-25,3315,3315,3260,3270,57371,-0.015060240963855387
2023-04-26,3270,3305,3270,3300,15724,0.00917431192660545
2023-04-27,3305,3315,3275,3295,12262,-0.0015151515151514694
2023-04-28,3270,3320,3270,3305,10884,0.003034901365705611
2023-05-02,3325,3365,3295,3300,8323,-0.001512859304084735
2023-05-03,3300,3305,3275,3290,11277,-0.00303030303030305
2023-05-04,3290,3310,3285,3310,7925,0.006079027355623046
2023-05-08,3300,3320,3300,3300,14551,-0.0030211480362537513
2023-05-09,3305,3330,3285,3320,20594,0.0060606060606061
2023-05-10,3320,3340,3300,3325,14452,0.001506024096385561
2023-05-11,3340,3340,3315,3320,15067,-0.0015037593984962294
2023-05-12,3325,3355,3310,3315,28366,-0.001506024096385561
2023-05-15,3315,3340,3295,3330,25358,0.004524886877828038
2023-05-16,3330,3350,3315,3325,32263,-0.0015015015015015232
2023-05-17,3310,3330,3310,3325,18078,0.0
2023-05-18,3335,3345,3320,3345,41204,0.006015037593984918
2023-05-19,3350,3375,3340,3355,28815,0.002989536621823552
2023-05-22,3380,3400,3345,3375,37460,0.005961251862891315
2023-05-23,3355,3385,3355,3380,15274,0.001481481481481417
2023-05-24,3365,3385,3340,3370,34577,-0.00295857988165682
2023-05-25,3380,3380,3345,3355,18386,-0.004451038575667643
2023-05-26,3355,3365,3330,3330,33972,-0.007451564828613977
2023-05-30,3340,3355,3305,3340,38708,0.0030030030030030463
2023-05-31,3335,3350,3305,3330,59327,-0.0029940119760478723
2023-06-01,3330,3340,3300,3315,76289,-0.0045045045045044585
2023-06-02,3315,3320,3300,3305,15505,-0.003016591251885359
2023-06-05,3310,3380,3310,3380,38768,0.0226928895612708
2023-06-07,3380,3405,3370,3400,21390,0.00591715976331364
2023-06-08,3400,3400,3375,3385,11175,-0.004411764705882337
2023-06-09,3385,3385,3350,3365,28518,-0.005908419497784312
2023-06-12,3375,3375,3320,3330,29599,-0.010401188707280795
2023-06-13,3330,3350,3320,3330,25718,0.0
2023-06-14,3340,3340,3280,3300,48315,-0.009009009009009028
2023-06-15,3300,3305,3265,3295,44845,-0.0015151515151514694
2023-06-16,3295,3300,3265,3300,22644,0.0015174506828528056
2023-06-19,3270,3300,3270,3290,26968,-0.00303030303030305
2023-06-20,3290,3295,3265,3290,22306,0.0
2023-06-21,3290,3310,3265,3290,25460,0.0
2023-06-22,3290,3330,3270,3320,20011,0.00911854103343468
2023-06-23,3320,3320,3270,3280,31046,-0.012048192771084376
2023-06-26,3280,3285,3260,3280,35900,0.0
2023-06-27,3280,3285,3265,3280,12139,0.0
2023-06-28,3280,3285,3270,3280,5327,0.0
2023-06-29,3270,3275,3260,3275,10040,-0.0015243902439023849
2023-06-30,3270,3270,3255,3270,16514,-0.0015267175572518665
2023-07-03,3270,3275,3255,3265,26636,-0.001529051987767538
2023-07-04,3265,3265,3240,3250,31501,-0.004594180704441064
2023-07-05,3250,3260,3235,3250,19033,0.0
2023-07-06,3245,3250,3230,3235,18456,-0.004615384615384577
2023-07-07,3235,3235,3220,3230,9446,-0.0015455950540957941
2023-07-10,3230,3230,3200,3205,27315,-0.007739938080495334
2023-07-11,3185,3245,3185,3235,21527,0.009360374414976613
2023-07-12,3235,3240,3190,3200,16756,-0.010819165378670781
2023-07-13,3200,3260,3195,3260,15366,0.018750000000000044
2023-07-14,3260,3270,3195,3220,35279,-0.012269938650306789
2023-07-17,3220,3220,3175,3180,30948,-0.012422360248447228
2023-07-18,3195,3195,3145,3145,39252,-0.011006289308176154
2023-07-19,3150,3150,3120,3150,19428,0.0015898251192367763
2023-07-20,3150,3150,3120,3130,31962,-0.006349206349206327
2023-07-21,3120,3120,3070,3095,101305,-0.011182108626198062
2023-07-24,3105,3105,3030,3035,58318,-0.01938610662358642
2023-07-25,3045,3045,3015,3030,26004,-0.0016474464579900872
2023-07-26,3040,3040,2970,3010,78146,-0.0066006600660065695
2023-07-27,3060,3060,2980,2995,31599,-0.004983388704318914
2023-07-28,2985,2995,2950,2960,40910,-0.011686143572620988
2023-07-31,2995,2995,2950,2960,12724,0.0
2023-08-01,2960,2995,2885,2900,131629,-0.020270270270270285
2023-08-02,2940,2960,2900,2950,24756,0.01724137931034475
2023-08-03,3000,3000,2935,2960,19989,0.003389830508474523
2023-08-04,2960,2980,2935,2965,13136,0.0016891891891892552
2023-08-07,2990,2990,2950,2965,8315,0.0
2023-08-08,2950,2995,2900,2925,36438,-0.013490725126475533
2023-08-09,2925,2960,2910,2915,17172,-0.0034188034188034067
2023-08-10,2915,2930,2900,2905,16900,-0.0034305317324184736
2023-08-11,2915,2985,2900,2930,23651,0.008605851979345935
2023-08-14,2925,2955,2895,2935,23540,0.0017064846416381396
2023-08-16,2925,2925,2880,2915,19988,-0.006814310051107331
2023-08-17,2915,2915,2855,2880,44608,-0.012006861063464824
2023-08-18,2880,2880,2795,2800,113896,-0.02777777777777779
2023-08-21,2800,2835,2770,2770,64342,-0.010714285714285676
2023-08-22,2770,2800,2765,2765,26557,-0.0018050541516245744
2023-08-23,2810,2810,2740,2770,32967,0.001808318264014508
2023-08-24,2770,2800,2755,2795,23767,0.00902527075812265
2023-08-25,2800,2820,2755,2800,22051,0.0017889087656528524
2023-08-28,2800,2820,2790,2800,62034,0.0
2023-08-29,2815,2860,2795,2860,96952,0.021428571428571352
2023-08-30,2875,2915,2855,2910,34969,0.0174825174825175
2023-08-31,2930,2960,2915,2950,35607,0.013745704467353903
2023-09-01,2950,2990,2945,2965,36375,0.005084745762711895
2023-09-04,2960,2975,2875,2885,60140,-0.026981450252951067
2023-09-05,2920,2920,2860,2890,36795,0.0017331022530329143
2023-09-06,2885,2905,2835,2860,49698,-0.01038062283737029
2023-09-07,2870,2895,2835,2870,12762,0.0034965034965035446
2023-09-08,2875,2895,2865,2880,32215,0.0034843205574912606
2023-09-11,2890,2920,2885,2915,33010,0.012152777777777679
2023-09-12,2930,2930,2910,2915,14376,0.0
2023-09-13,2915,2920,2875,2895,50261,-0.006861063464837058
2023-09-14,2895,2920,2895,2905,15798,0.003454231433505983
2023-09-15,2900,2935,2900,2935,21680,0.010327022375215211
2023-09-18,2955,2960,2925,2960,31732,0.008517887563884052
2023-09-19,3000,3000,2935,2965,37439,0.0016891891891892552
2023-09-20,2990,2990,2955,2960,20078,-0.001686340640809414
2023-09-21,2980,2980,2920,2950,47369,-0.0033783783783783994
2023-09-22,2920,2940,2910,2940,30840,-0.003389830508474523
2023-09-25,2965,2970,2930,2940,23390,0.0
2023-09-26,2900,2900,2840,2845,48135,-0.03231292517006801
2023-09-27,2810,2865,2810,2845,24164,0.0
2023-10-04,2820,2850,2750,2775,25072,-0.024604569420035194
2023-10-05,2840,2840,2755,2760,26167,-0.00540540540540535
2023-10-06,2815,2815,2750,2790,22503,0.010869565217391353
2023-10-10,2825,2825,2760,2790,15091,0.0
2023-10-11,2795,2805,2785,2800,10395,0.0035842293906809264
2023-10-12,2785,2830,2780,2785,13584,-0.005357142857142838
2023-10-13,2785,2815,2770,2785,21167,0.0
2023-10-16,2815,2815,2760,2765,22699,-0.007181328545781018
2023-10-17,2800,2800,2750,2765,13527,0.0
2023-10-18,2785,2785,2740,2760,29701,-0.001808318264014508
2023-10-19,2760,2760,2715,2725,11002,-0.0126811594202898
2023-10-20,2725,2725,2695,2700,25091,-0.00917431192660545
2023-10-23,2700,2720,2635,2660,46984,-0.014814814814814836
2023-10-24,2705,2705,2595,2625,44654,-0.013157894736842146
2023-10-25,2670,2680,2610,2650,11019,0.00952380952380949
2023-10-26,2630,2650,2620,2635,7334,-0.005660377358490565
2023-10-27,2645,2645,2550,2565,60641,-0.026565464895635715
2023-10-30,2605,2605,2510,2515,19545,-0.01949317738791423
2023-10-31,2520,2550,2440,2480,40814,-0.013916500994035741
2023-11-01,2515,2515,2460,2480,18726,0.0
2023-11-02,2500,2500,2450,2460,42512,-0.008064516129032251
2023-11-03,2500,2505,2455,2480,50921,0.008130081300812941
2023-11-06,2495,2510,2460,2465,52576,-0.006048387096774244
2023-11-07,2495,2495,2405,2430,84543,-0.014198782961460488
2023-11-08,2455,2455,2400,2440,69188,0.004115226337448652
2023-11-09,2455,2455,2430,2450,42033,0.004098360655737654
2023-11-10,2445,2450,2425,2450,20476,0.0
2023-11-13,2460,2460,2390,2430,44706,-0.008163265306122436
2023-11-14,2450,2450,2400,2440,34364,0.004115226337448652
2023-11-15,2455,2475,2400,2410,115758,-0.012295081967213073
2023-11-16,2410,2435,2380,2425,67570,0.006224066390041472
2023-11-17,2435,2495,2420,2460,54877,0.014432989690721598
2023-11-20,2485,2520,2475,2520,88343,0.024390243902439046
2023-11-21,2540,2550,2510,2545,45976,0.009920634920634885
2023-11-22,2545,2600,2530,2595,24453,0.01964636542239684
2023-11-23,2570,2635,2570,2595,30266,0.0
2023-11-24,2615,2615,2570,2605,15451,0.003853564547206201
2023-11-27,2595,2630,2570,2600,16295,-0.0019193857965451588
2023-11-28,2595,2600,2560,2585,12799,-0.005769230769230749
2023-11-29,2610,2610,2540,2555,23315,-0.011605415860735047
2023-11-30,2580,2580,2520,2565,28760,0.00391389432485334
2023-12-01,2570,2570,2545,2565,13455,0.0
2023-12-04,2575,2575,2550,2565,17831,0.0
2023-12-05,2580,2630,2535,2610,32154,0.01754385964912286
2023-12-06,2625,2625,2575,2625,23113,0.005747126436781658
2023-12-07,2640,2645,2605,2625,21523,0.0
2023-12-08,2640,2645,2605,2645,29692,0.007619047619047636
2023-12-11,2625,2635,2605,2620,16721,-0.009451795841209809
2023-12-12,2600,2625,2600,2620,23384,0.0
2023-12-13,2620,2630,2610,2625,33441,0.001908396946564972
2023-12-14,2650,2680,2630,2675,67624,0.01904761904761898
2023-12-15,2690,2725,2675,2710,27644,0.013084112149532645
2023-12-18,2740,2740,2665,2670,56273,-0.014760147601476037
2023-12-19,2680,2680,2635,2640,44639,-0.011235955056179803
2023-12-20,2665,2685,2650,2685,26141,0.017045454545454586
2023-12-21,2685,2725,2680,2705,20501,0.007448789571694592
2023-12-22,2750,2750,2700,2705,29961,0.0
2023-12-26,2725,2725,2660,2695,56372,-0.003696857670979714
2023-12-27,2710,2710,2650,2700,30882,0.0018552875695732052
2023-12-28,2680,2725,2675,2725,16947,0.0092592592592593
2024-01-02,2730,2745,2715,2730,33794,0.0018348623853210455
2024-01-03,2745,2745,2715,2725,20384,-0.001831501831501825
2024-01-04,2725,2745,2725,2740,19395,0.005504587155963359
2024-01-05,2720,2760,2720,2760,49956,0.007299270072992803
2024-01-08,2765,2770,2750,2750,26631,-0.0036231884057971175
2024-01-09,2770,2770,2750,2750,38280,0.0
2024-01-10,2765,2785,2760,2780,28732,0.01090909090909098
2024-01-11,2790,2835,2785,2830,37961,0.017985611510791477
2024-01-12,2840,2840,2800,2830,21907,0.0
2024-01-15,2850,2850,2810,2820,39152,-0.0035335689045936647
2024-01-16,2835,2835,2810,2815,10220,-0.0017730496453900457
2024-01-17,2825,2825,2745,2755,37475,-0.02131438721136769
2024-01-18,2775,2800,2730,2735,23562,-0.007259528130671544
2024-01-19,2735,2765,2730,2735,17695,0.0
2024-01-22,2735,2740,2725,2735,13925,0.0
2024-01-23,2750,2750,2730,2740,10363,0.001828153564899404
2024-01-24,2770,2775,2730,2745,5054,0.0018248175182482562
2024-01-25,2770,2770,2740,2765,15097,0.007285974499089187
2024-01-26,2785,2785,2735,2755,11702,-0.003616636528028905
2024-01-29,2755,2775,2740,2770,14055,0.005444646098003547
2024-01-30,2775,2810,2770,2800,18178,0.010830324909747224
2024-01-31,2800,2800,2740,2760,51064,-0.014285714285714235
2024-02-01,2765,2780,2750,2775,14870,0.005434782608695565
2024-02-02,2800,2800,2780,2800,22613,0.009009009009008917
2024-02-05,2810,2840,2800,2830,19213,0.010714285714285676
2024-02-06,2800,2830,2800,2825,24495,-0.0017667844522968323
2024-02-07,2840,2845,2815,2845,23212,0.0070796460176991705
2024-02-08,2845,2850,2825,2850,13490,0.0017574692442883233
2024-02-13,2870,2870,2830,2870,28541,0.007017543859649145
2024-02-14,2870,2875,2855,2875,22265,0.0017421602787457413
2024-02-15,2890,2895,2870,2885,21011,0.003478260869565153
2024-02-16,2890,2890,2850,2880,88216,-0.0017331022530329143
2024-02-19,2880,2895,2865,2895,27623,0.005208333333333259
2024-02-20,2900,2920,2880,2890,21109,-0.0017271157167529916
2024-02-21,2895,2900,2880,2890,21655,0.0
2024-02-22,2895,2905,2880,2890,52630,0.0
2024-02-23,2900,2900,2870,2890,41400,0.0
2024-02-26,2890,2895,2860,2865,75183,-0.00865051903114189
2024-02-27,2835,2880,2815,2825,58186,-0.013961605584642212
2024-02-28,2825,2840,2810,2835,29443,0.003539823008849474
2024-02-29,2850,2860,2805,2855,48311,0.007054673721340388
2024-03-04,2870,2905,2855,2895,64746,0.014010507880910739
2024-03-05,2900,2950,2895,2950,88728,0.01899827288428324
2024-03-06,2950,3015,2940,3015,68003,0.02203389830508473
2024-03-07,3015,3060,3005,3030,94295,0.004975124378109541
2024-03-08,3040,3050,3010,3050,59406,0.0066006600660066805
2024-03-11,3060,3070,3045,3065,70691,0.004918032786885185
2024-03-12,3070,3125,3055,3095,152576,0.00978792822185981
2024-03-13,3080,3125,3080,3090,51937,-0.001615508885298822
2024-03-14,3115,3115,3090,3095,35777,0.0016181229773462036
2024-03-15,3090,3090,3035,3055,79312,-0.012924071082390909
2024-03-18,3080,3105,3020,3105,120107,0.016366612111292866
2024-03-19,3090,3105,3050,3080,33212,-0.008051529790660261
2024-03-20,3090,3100,3050,3085,140231,0.0016233766233766378
2024-03-21,3095,3100,3080,3095,47189,0.0032414910858995505
2024-03-22,3095,3110,3080,3100,40824,0.001615508885298933
2024-03-25,3110,3140,3095,3120,64404,0.006451612903225712
2024-03-26,3120,3145,3115,3135,55580,0.004807692307692291
2024-03-27,3145,3150,3095,3110,74955,-0.00797448165869219
2024-03-28,3020,3020,2960,2985,127197,-0.04019292604501612
2024-03-29,2980,2980,2950,2970,64298,-0.005025125628140725
2024-04-01,3005,3005,2950,2970,43457,0.0
2024-04-02,2985,2985,2930,2950,56435,-0.006734006734006703
2024-04-03,2950,2960,2780,2895,95508,-0.01864406779661021
2024-04-04,2925,2925,2870,2870,75827,-0.008635578583765069
2024-04-05,2860,2895,2840,2875,48395,0.0017421602787457413
2024-04-08,2885,2895,2710,2845,118337,-0.01043478260869568
2024-04-09,2845,2875,2815,2840,27179,-0.0017574692442882123
2024-04-11,2800,2835,2795,2830,19780,-0.0035211267605633756
2024-04-12,2875,2875,2820,2845,31779,0.005300353356890497
2024-04-15,2845,2865,2820,2840,22455,-0.0017574692442882123
2024-04-16,2860,2860,2795,2830,28877,-0.0035211267605633756
2024-04-17,2835,2835,2765,2790,45930,-0.014134275618374548
2024-04-18,2820,2820,2780,2800,35061,0.0035842293906809264
2024-04-19,2830,2830,2770,2790,21826,-0.0035714285714285587
2024-04-22,2810,2810,2785,2805,28547,0.005376344086021501
2024-04-23,2820,2825,2795,2800,32285,-0.0017825311942959443
2024-04-24,2835,2835,2790,2805,39668,0.0017857142857142794
2024-04-25,2820,2860,2810,2850,58301,0.016042780748663166
2024-04-26,2850,2865,2835,2855,52863,0.0017543859649122862
2024-04-29,2860,2875,2840,2845,30751,-0.003502626970227629
2024-04-30,2850,2860,2810,2840,65764,-0.0017574692442882123
2024-05-02,2815,2840,2810,2820,59469,-0.007042253521126751
2024-05-03,2845,2845,2820,2845,32774,0.00886524822695045
2024-05-07,2850,2855,2805,2825,68136,-0.007029876977152849
2024-05-08,2830,2850,2815,2845,29759,0.0070796460176991705
2024-05-09,2835,2855,2835,2855,29128,0.0035149384885764245
2024-05-10,2855,2890,2855,2885,48925,0.01050788091068311
2024-05-13,2900,2905,2870,2885,59201,0.0
2024-05-14,2905,2905,2880,2905,36837,0.006932409012131657
2024-05-16,2900,2925,2895,2905,24437,0.0
2024-05-17,2930,2930,2905,2920,48678,0.005163511187607606
2024-05-20,2920,2975,2915,2935,50176,0.005136986301369939
2024-05-21,2965,2965,2930,2940,10653,0.0017035775127767216
2024-05-22,2965,2965,2915,2915,35165,-0.008503401360544172
2024-05-23,2905,2930,2900,2920,39558,0.0017152658662091813
2024-05-24,2940,2940,2910,2920,8075,0.0
2024-05-27,2945,2945,2905,2915,12807,-0.001712328767123239
2024-05-28,2925,2930,2910,2915,15997,0.0
2024-05-29,2915,2935,2880,2900,44610,-0.005145797598627766
2024-05-30,2905,2905,2865,2880,33038,-0.006896551724137945
2024-05-31,2915,2915,2875,2895,15280,0.005208333333333259
2024-06-03,2920,2920,2895,2910,5731,0.005181347150259086
2024-06-04,2915,2915,2890,2895,25831,-0.005154639175257714
2024-06-05,2895,2895,2875,2875,32919,-0.006908462867012077
2024-06-07,2850,2850,2740,2785,168531,-0.03130434782608693
2024-06-10,2795,2795,2675,2690,106373,-0.03411131059245964
2024-06-11,2710,2710,2685,2700,38072,0.0037174721189590088
2024-06-12,2715,2715,2680,2680,24877,-0.007407407407407418
2024-06-13,2715,2715,2625,2660,58380,-0.007462686567164201
2024-06-14,2675,2675,2655,2655,21026,-0.001879699248120259
2024-06-17,2670,2670,2610,2625,74140,-0.011299435028248594
2024-06-18,2655,2665,2585,2605,49310,-0.007619047619047636
2024-06-19,2625,2625,2595,2610,27583,0.0019193857965451588
2024-06-20,2605,2620,2590,2595,33159,-0.005747126436781658
2024-06-21,2620,2620,2595,2600,20062,0.0019267822736031004
2024-06-24,2630,2630,2590,2595,25984,-0.0019230769230769162
2024-06-25,2590,2590,2540,2545,105086,-0.019267822736030782
2024-06-26,2570,2570,2540,2550,32335,0.0019646365422396617
2024-06-27,2550,2585,2530,2565,72529,0.00588235294117645
2024-06-28,2575,2600,2565,2575,58674,0.003898635477582957
2024-07-01,2580,2590,2540,2545,59524,-0.011650485436893177
2024-07-02,2560,2560,2530,2545,34089,0.0
2024-07-03,2545,2545,2495,2505,100982,-0.015717092337917515
2024-07-04,2520,2520,2450,2465,107432,-0.015968063872255467
2024-07-05,2485,2495,2450,2455,94846,-0.0040567951318458695
2024-07-08,2470,2475,2415,2435,73759,-0.008146639511201648
2024-07-09,2445,2470,2420,2470,48814,0.014373716632443578
2024-07-10,2480,2480,2450,2465,34592,-0.002024291497975672
2024-07-11,2480,2495,2435,2460,80328,-0.0020283975659228792
2024-07-12,2480,2495,2465,2485,52001,0.010162601626016343
2024-07-15,2495,2525,2475,2510,41471,0.010060362173038184
2024-07-16,2535,2535,2495,2510,57487,0.0
2024-07-17,2535,2550,2520,2540,61778,0.01195219123505975
2024-07-18,2550,2550,2500,2525,45484,-0.0059055118110236116
2024-07-19,2565,2565,2495,2525,41105,0.0
2024-07-22,2550,2550,2510,2525,19199,0.0
2024-07-23,2525,2560,2525,2525,39624,0.0
2024-07-24,2535,2545,2510,2515,14852,-0.003960396039603964
2024-07-25,2515,2515,2480,2490,30142,-0.00994035785288272
2024-07-26,2505,2515,2480,2510,41155,0.008032128514056325
2024-07-29,2535,2535,2500,2525,22797,0.005976095617529875
