Date,Open,High,Low,Close,Volume,Change
2022-01-03,45785,46130,44254,44254,496668,-0.029262086513994867
2022-01-04,44797,45192,43760,44106,315743,-0.003344330456004019
2022-01-05,44105,44154,42969,43019,334368,-0.024645172992336595
2022-01-06,41982,43562,41982,42476,290621,-0.012622329668286136
2022-01-07,42574,43513,42525,42723,157823,0.005815048497975317
2022-01-10,42722,42772,41685,41735,292841,-0.02312571682700182
2022-01-11,41784,42229,40056,40056,429989,-0.04023002276266918
2022-01-12,40500,42032,40500,41390,356234,0.033303375274615465
2022-01-13,42032,43464,41488,43415,508423,0.048924861077555004
2022-01-14,42722,43759,41932,43019,318142,-0.009121271449959667
2022-01-17,43365,44056,42377,42476,307295,-0.012622329668286136
2022-01-18,42525,44304,42525,43168,327293,0.016291552876918747
2022-01-19,42673,43760,42525,43464,242705,0.006856931060044369
2022-01-20,43513,45093,43315,44847,462860,0.03181943677526222
2022-01-21,44748,44797,43562,43958,401496,-0.019822953597788073
2022-01-24,44501,44748,41834,42674,516150,-0.029209700168342456
2022-01-25,42772,43117,41092,41241,434645,-0.03358016590898438
2022-01-26,41241,44304,41192,43415,570285,0.05271453165539142
2022-01-27,42427,42920,40105,40649,637465,-0.06371069906714266
2022-01-28,40105,40500,35956,39266,1174039,-0.034022977195010906
2022-02-03,40105,40401,39364,39414,371268,0.0037691641623796013
2022-02-04,39315,40401,39068,40056,240714,0.016288628406150085
2022-02-07,40401,40401,39216,39957,253369,-0.002471539844218107
2022-02-08,39957,40796,39315,39661,260469,-0.007407963560827846
2022-02-09,40254,40599,39809,40254,191963,0.014951715791331477
2022-02-10,40994,40994,39957,39957,167478,-0.007378148755403213
2022-02-11,39364,40302,39216,39562,194936,-0.009885627049077805
2022-02-14,38524,38968,37289,37339,482074,-0.05619028360547995
2022-02-15,37240,37833,35660,35759,407639,-0.04231500575805458
2022-02-16,37240,38030,36944,37537,235234,0.04972174837103949
2022-02-17,37932,38821,35265,37537,363459,0.0
2022-02-18,36500,38278,36450,38130,184966,0.015797746223725984
2022-02-21,37784,38130,36796,38130,122776,0.0
2022-02-22,36845,38278,36845,37241,202160,-0.023314975085234724
2022-02-23,37635,38030,37339,37932,159346,0.018554818613893298
2022-02-24,37191,37685,36401,36401,252430,-0.040361699884002955
2022-02-25,37240,37981,36993,37586,239474,0.032554050712892524
2022-02-28,37585,38524,37289,38228,192552,0.01708082796786048
2022-03-02,39463,39513,38475,38624,302273,0.010358899236162067
2022-03-03,39018,39068,38475,38525,166495,-0.0025631731565866067
2022-03-04,38425,38573,37734,37833,154878,-0.01796236210253077
2022-03-07,37141,37487,36549,37043,194763,-0.02088124124441626
2022-03-08,36104,36795,35462,35561,261062,-0.04000755878303597
2022-03-10,36351,36598,35709,35808,160262,0.006945811422625958
2022-03-11,35808,35956,33635,34080,637619,-0.04825737265415553
2022-03-14,33487,33487,31313,31956,730674,-0.0623239436619718
2022-03-15,31264,32301,31067,31561,384002,-0.012360746025785407
2022-03-16,32103,32400,31363,31857,299740,0.009378663540445586
2022-03-17,32646,34227,32597,34178,531049,0.07285682895438983
2022-03-18,34671,34671,33634,34178,207422,0.0
2022-03-21,34573,35116,33981,33981,192793,-0.005763941716893872
2022-03-22,33684,34375,33536,34277,121374,0.008710750125069833
2022-03-23,35017,35165,34375,34573,199190,0.008635528196750064
2022-03-24,34277,34524,33733,34524,141727,-0.0014172909495849817
2022-03-25,34721,35017,34227,34277,168940,-0.007154443285830148
2022-03-28,34276,34375,33536,34030,143928,-0.00720599819120693
2022-03-29,34622,35018,34227,34376,191608,0.010167499265354207
2022-03-30,34672,35314,34524,34524,212363,0.004305329299511218
2022-03-31,34178,36647,33980,36203,534237,0.04863283512918559
2022-04-01,35956,36746,35659,36302,239466,0.0027345800071816306
2022-04-04,36500,36549,35660,36500,123528,0.005454244945181985
2022-04-05,36894,37734,36746,36845,258880,0.009452054794520492
2022-04-06,36055,39660,36055,39562,723769,0.07374134889401551
2022-04-07,38821,41439,38377,41390,1081492,0.0462059552095444
2022-04-08,41438,44698,41191,44106,2333832,0.06561971490698237
2022-04-11,44155,44649,42080,42723,827037,-0.03135627805740715
2022-04-12,41784,45142,41537,44649,1101180,0.04508110385506625
2022-04-13,44599,45686,43759,44649,849248,0.0
2022-04-14,45192,45538,44254,44501,643630,-0.0033147438912405347
2022-04-15,43957,45143,43908,44501,476113,0.0
2022-04-18,44550,46131,43365,45242,725815,0.01665131120648966
2022-04-19,45390,49094,45143,48502,2400027,0.07205693824322523
2022-04-20,48946,50872,48205,50379,1761934,0.03869943507484219
2022-04-21,51761,58972,51070,57491,4633348,0.14116993191607619
2022-04-22,56503,62232,56503,57886,2628008,0.006870640622010482
2022-04-25,57194,58478,52551,53836,2907414,-0.06996510382475896
2022-04-26,54626,55515,52156,53441,1287009,-0.0073370978527379505
2022-04-27,51366,54922,50773,53737,1447328,0.005538818510132604
2022-04-28,53736,54428,50180,52354,1248092,-0.0257364571896459
2022-04-29,52552,56404,51465,55417,1416499,0.05850555831455084
2022-05-02,54231,55317,52552,53935,1030856,-0.02674269628453363
2022-05-03,54725,56799,54330,54429,1150807,0.009159173078705951
2022-05-04,54922,58972,54132,56108,1929433,0.030847526134964776
2022-05-06,54429,55910,52947,54034,1172893,-0.03696442575033865
2022-05-09,53441,54725,52453,54528,821785,0.009142391827367868
2022-05-10,53836,55120,50576,52651,1970693,-0.034422681924882625
2022-05-11,53243,54033,50477,51564,1183906,-0.020645381854095812
2022-05-12,50181,50971,48057,48107,1396051,-0.06704289814599329
2022-05-13,48403,49687,47711,48897,851933,0.01642172656785923
2022-05-16,49884,51070,48650,48749,725189,-0.0030267705585209637
2022-05-17,48502,50971,48304,50379,697043,0.03343658331452959
2022-05-18,50872,52354,50576,51268,860685,0.01764624148950955
2022-05-19,49390,54231,49291,53342,1738553,0.04045408441913079
2022-05-20,53737,54725,52848,53145,975468,-0.0036931498631472826
2022-05-23,54132,54428,51168,52354,787978,-0.014883808448584057
2022-05-24,52650,53934,51168,51465,648734,-0.016980555449440327
2022-05-25,51860,52156,49390,50675,750909,-0.015350238025842788
2022-05-26,51267,52848,49885,52157,670062,0.02924518993586589
2022-05-27,53539,53539,51662,52848,544367,0.01324846137622937
2022-05-30,53341,53539,52057,52848,391945,0.0
2022-05-31,53441,55318,52947,54034,967330,0.022441719648804037
2022-06-02,53539,54626,52354,52947,548805,-0.020116963393418952
2022-06-03,53441,53638,52058,52157,382139,-0.014920580958316831
2022-06-07,51860,52156,50576,51169,450854,-0.018942807293364283
2022-06-08,51465,51563,49983,50576,323508,-0.011589048056440454
2022-06-09,50378,51366,49884,50971,309715,0.007810028472002628
2022-06-10,50378,51564,50181,50675,224979,-0.005807223715446064
2022-06-13,49588,50971,49045,49786,424071,-0.01754316724222993
2022-06-14,49292,52750,49292,52750,1176121,0.05953480898244479
2022-06-15,52947,54033,51366,52058,968610,-0.013118483412322246
2022-06-16,53638,58577,52847,56404,3129481,0.08348380652349308
2022-06-17,55812,58380,54626,58084,1717656,0.029785121622579958
2022-06-20,59170,60948,57392,58973,1544401,0.015305419736932668
2022-06-21,59170,59861,53638,54824,2027654,-0.0703542299018195
2022-06-22,55515,56305,51267,51564,1460243,-0.059463008901211145
2022-06-23,51465,53441,49588,50478,1292290,-0.021061205492203916
2022-06-24,51465,55417,50576,55417,1347808,0.09784460557074359
2022-06-27,55812,58380,55416,55812,1062660,0.0071277766750275084
2022-06-28,55614,56503,53934,55614,646044,-0.003547624166845842
2022-06-29,53836,54725,51564,52552,1116302,-0.05505807890099612
2022-06-30,52453,53045,47217,47366,2159654,-0.09868320901202621
2022-07-01,47119,47860,44452,44798,1584561,-0.054216104378668195
2022-07-04,45291,45735,42969,44649,964877,-0.003326041341131347
2022-07-05,44995,48106,43957,47119,1258813,0.055320387914622904
2022-07-06,47167,48056,45735,45785,692732,-0.028311296929051988
2022-07-07,46822,47661,45933,47415,539395,0.03560117942557617
2022-07-08,48551,50279,48452,49045,902940,0.03437730675946438
2022-07-11,49687,49984,48206,48206,466029,-0.017106738709348535
2022-07-12,47316,47415,45982,47020,486776,-0.024602746546073084
2022-07-13,46822,49588,46476,49391,738464,0.05042535091450451
2022-07-14,50378,51168,49588,50576,907878,0.023992225304205306
2022-07-15,51070,51860,50181,50873,669932,0.005872350521986647
2022-07-18,51169,51564,49292,51268,601470,0.00776443299982299
2022-07-19,50674,52749,50378,52354,517042,0.021182804088320184
2022-07-20,53539,54428,52650,53046,712392,0.013217710203613953
2022-07-21,53441,54132,50576,52750,849021,-0.005580062587188461
2022-07-22,53539,55317,53045,53342,997771,0.01122274881516594
2022-07-25,52947,54527,52749,52947,441481,-0.007405046679914484
2022-07-26,52551,52847,51069,51860,621970,-0.02052996392619033
2022-07-27,51563,52255,50773,51465,379627,-0.007616660239105233
2022-07-28,52255,53638,51268,53145,646246,0.032643544156222726
2022-07-29,53539,54132,52453,52947,426032,-0.0037256562235393753
2022-08-01,53243,54923,52651,54923,664676,0.037320339207131736
2022-08-02,55219,55318,53737,54429,375246,-0.008994410356316984
2022-08-03,54429,57293,54033,56701,950615,0.04174245347149497
2022-08-04,57195,57787,55318,55911,789756,-0.013932734872400876
2022-08-05,56305,56701,54231,55812,598547,-0.001770671245372113
2022-08-08,55120,56305,54626,55614,424868,-0.003547624166845842
2022-08-09,55811,59071,55120,58874,1657680,0.05861833351314427
2022-08-10,58380,64603,58380,62035,3020710,0.053690933179332045
2022-08-11,62232,62430,59466,60751,1186068,-0.02069799306842912
2022-08-12,60257,60751,58380,59072,623797,-0.027637405145594318
2022-08-16,59664,61245,59170,60455,632509,0.023412107258938164
2022-08-17,60454,61640,58874,59467,634515,-0.016342734265155867
2022-08-18,59071,60948,58577,60652,443280,0.01992701834630961
2022-08-19,60750,61442,58182,58380,536691,-0.037459605618940794
2022-08-22,57490,58972,57194,57886,405560,-0.008461801986981876
2022-08-23,57491,58084,56799,57195,342994,-0.011937255985903339
2022-08-24,57787,59072,57689,59072,410635,0.03281755398199149
2022-08-25,59368,62924,58972,60751,1246423,0.0284229414951247
2022-08-26,61343,61639,59663,60059,463046,-0.011390758999851869
2022-08-29,57195,61640,56898,60949,526740,0.01481876155114148
2022-08-30,61738,65492,61046,63714,1395013,0.045365797634087546
2022-08-31,63418,64603,62430,63912,589341,0.003107637253978668
2022-09-01,63318,64602,62331,62331,639052,-0.024737138565527617
2022-09-02,63417,63615,60553,61936,420775,-0.006337135614702172
2022-09-05,61541,61936,57787,58578,769322,-0.054217256522862356
2022-09-06,58577,61935,58478,61442,499390,0.048892075523234046
2022-09-07,61046,64504,60948,62825,1081481,0.022509032909084903
2022-09-08,63516,68060,63319,67567,1974972,0.07547950656585756
2022-09-13,68159,69640,67270,68258,863845,0.010226885905841643
2022-09-14,66184,69048,65492,67567,896902,-0.010123355504116693
2022-09-15,66974,67369,64505,66382,1025961,-0.01753814732043746
2022-09-16,65590,66776,63220,63714,664601,-0.0401916182097557
2022-09-19,63319,63714,59664,60652,799488,-0.04805851147314566
2022-09-20,61047,61639,58775,59269,651920,-0.02280221592033238
2022-09-21,58775,59960,58182,59862,330488,0.010005230390254694
2022-09-22,58873,61935,58676,61442,457033,0.026394039624469512
2022-09-23,62035,62035,57392,58677,734317,-0.045001790306305134
2022-09-26,57194,58083,54033,54330,826566,-0.07408354210337953
2022-09-27,54330,55317,52749,55318,587151,0.018185164734032755
2022-09-28,55416,55416,50773,51663,566190,-0.06607252612169634
2022-09-29,53243,53935,50774,50774,476850,-0.01720767280258595
2022-09-30,49588,50971,48897,49885,601388,-0.01750896127939494
2022-10-04,50773,50872,48551,50181,742530,0.005933647388994601
2022-10-05,51959,52749,50181,50379,575930,0.00394571650624731
2022-10-06,50674,54527,50674,54231,652427,0.07646042994104696
2022-10-07,53539,55416,53046,54429,402484,0.003651048293411563
2022-10-11,53045,54033,52255,53737,337770,-0.012713810652409507
2022-10-12,54230,54625,52946,54132,291444,0.007350615032472918
2022-10-13,54429,54824,53441,54034,299134,-0.001810389418458569
2022-10-14,55614,55614,53638,54528,387551,0.009142391827367868
2022-10-17,53342,59269,53243,59072,788040,0.08333333333333326
2022-10-18,59960,61146,59170,60751,676715,0.0284229414951247
2022-10-19,60849,63220,60355,61245,783575,0.008131553390067658
2022-10-20,61837,64900,60356,62727,894730,0.024197893705608653
2022-10-21,62233,63616,60553,60949,455580,-0.028345050775583136
2022-10-24,63220,63417,61343,62035,344196,0.017818175851941787
2022-10-25,62035,63615,60948,62035,511441,0.0
2022-10-26,62430,63615,60750,61146,554468,-0.014330619811396828
2022-10-27,62232,67073,62035,67073,1296891,0.09693193340529227
2022-10-28,66776,68949,66184,66678,753635,-0.00588910589954228
2022-10-31,67369,67468,65097,66283,473582,-0.00592399292120338
2022-11-01,66677,68357,66282,68357,562911,0.03129007437804576
2022-11-02,68357,70431,64702,66777,897852,-0.02311394590166338
2022-11-03,65196,68456,64900,68160,484784,0.020710723752190185
2022-11-04,67666,68258,66184,66382,402169,-0.02608568075117368
2022-11-07,66875,66875,64603,65789,445410,-0.008933144527130898
2022-11-08,66085,66085,62430,64801,477388,-0.015017708127498475
2022-11-09,64603,65788,64010,65295,304792,0.007623339146000774
2022-11-10,64899,66183,64306,64702,327051,-0.009081859254154279
2022-11-11,66678,66777,64307,65493,567571,0.012225278971283782
2022-11-14,65788,66381,64998,65295,404515,-0.003023223855984636
2022-11-15,65196,65591,62035,63221,760689,-0.031763534727008214
2022-11-16,63319,63418,60849,62628,474613,-0.00937979468847372
2022-11-17,62627,62627,59862,59862,665372,-0.044165548955738654
2022-11-18,59663,60948,58577,60059,412397,0.0032909024088736416
2022-11-21,60059,60750,58083,58380,449238,-0.027955843420636395
2022-11-22,58379,59268,55613,56503,775745,-0.03215142171976704
2022-11-23,57195,57491,55318,56800,614174,0.0052563580694831025
2022-11-24,57688,58774,57589,58281,507566,0.02607394366197191
2022-11-25,58478,62034,58083,61541,803715,0.055935896775964666
2022-11-28,62035,63220,61541,62628,706879,0.01766302140036724
2022-11-29,62133,66381,60948,64307,1237979,0.026809094973494263
2022-11-30,64306,64306,61837,62430,542546,-0.02918811326916204
2022-12-01,63516,63911,62035,62035,433170,-0.006327086336697096
2022-12-02,62034,62232,60256,60553,346226,-0.02388973966309338
2022-12-05,60553,61145,58577,59269,494154,-0.021204564596304043
2022-12-06,58478,62232,57392,59763,587276,0.008334879954107643
2022-12-07,59072,59566,58084,58677,425343,-0.018171778525174487
2022-12-08,58281,59467,57689,58183,231528,-0.008418971658401109
2022-12-09,58577,58874,53836,54923,1303662,-0.056030111888352274
2022-12-12,54034,55021,53540,54528,384473,-0.007191886823370908
2022-12-13,54231,55021,52848,53342,484935,-0.021750293427230005
2022-12-14,53342,54527,52947,54429,408971,0.02037793858498005
2022-12-15,53935,56108,53540,54528,304186,0.001818883315879427
2022-12-16,53342,55021,53243,53935,177683,-0.010875146713615003
2022-12-19,53638,54034,52651,53145,249357,-0.014647260591452715
2022-12-20,52946,53835,51662,51860,335488,-0.024179132561859107
2022-12-21,52156,52551,50576,51070,374038,-0.015233320478210577
2022-12-22,51958,53243,51761,52848,372555,0.03481495985901706
2022-12-23,51168,51761,50872,50971,394637,-0.03551695428398427
2022-12-26,50971,53144,50971,52354,301419,0.02713307567047929
2022-12-27,53144,53836,52057,53836,427065,0.028307292661496675
2022-12-28,53144,54527,51465,52651,502270,-0.02201129355821385
2022-12-29,52650,53144,51169,51169,224129,-0.02814761353060724
2023-01-02,52650,53835,51662,51959,288692,0.015439035353436603
2023-01-03,51959,52749,51168,52453,202897,0.009507496295155793
2023-01-04,51662,53045,51267,52947,202428,0.009417955121727939
2023-01-05,53638,54033,52156,52552,168090,-0.007460290479158416
2023-01-06,51959,53441,51663,53046,139667,0.00940021312224082
2023-01-09,53835,54823,53243,54231,250864,0.02233910191154842
2023-01-10,54626,55218,53835,54231,195261,0.0
2023-01-11,54626,55811,54231,55614,212766,0.025502019140344112
2023-01-12,56404,57194,55712,56108,272109,0.008882655446470267
2023-01-13,56305,56700,55515,55614,155378,-0.008804448563484724
2023-01-16,56009,57689,56009,56800,297274,0.021325565505088573
2023-01-17,56799,57589,56009,56503,244240,-0.00522887323943666
2023-01-18,57194,57194,55416,55515,190172,-0.017485797214307208
2023-01-19,54824,56602,54824,55318,281903,-0.003548590471043833
2023-01-20,54824,56306,54231,56306,206041,0.01786037094616577
2023-01-25,56601,56996,56107,56898,271391,0.010513977196035862
2023-01-26,57491,59071,56997,58578,472167,0.029526521143098172
2023-01-27,59268,59762,57688,57787,406561,-0.013503363037317806
2023-01-30,58379,58972,57392,57886,261592,0.0017131880872860439
2023-01-31,58182,59071,56305,58380,399223,0.00853401513319274
2023-02-01,58873,61046,58774,60553,605480,0.0372216512504282
2023-02-02,61442,61639,60553,61047,348205,0.008158142453718265
2023-02-03,61046,63220,60750,62331,514867,0.021032974593346188
2023-02-06,62923,64701,62726,64603,690041,0.03645056232051469
2023-02-07,65492,68752,65492,67073,1283516,0.0382335185672491
2023-02-08,67961,68257,64899,65986,806535,-0.016206223070385994
2023-02-09,65689,68949,65096,68258,950750,0.03443154608553334
2023-02-10,69542,70727,67369,68752,863761,0.007237246916112383
2023-02-13,67863,70628,67665,68357,810644,-0.005745287409820832
2023-02-14,68950,69147,66085,68654,587362,0.004344836666325236
2023-02-15,69345,71518,68554,68950,1019973,0.0043114749322690216
2023-02-16,69937,78531,68950,75766,3335325,0.09885424220449601
2023-02-17,74283,76358,69838,71024,1638381,-0.0625874402766412
2023-02-20,70925,73098,69443,70234,1186850,-0.011123000675827943
2023-02-21,70135,73098,69345,72111,927536,0.026724948030868223
2023-02-22,70233,73790,70036,71123,875413,-0.013701099693528063
2023-02-23,71616,71814,68159,70135,675841,-0.013891427526960376
2023-02-24,70432,72407,69839,70926,484822,0.011278249091038806
2023-02-27,70233,72406,70036,71419,712169,0.006950906578687688
2023-02-28,73098,79025,72209,76556,2206794,0.07192763830353277
2023-03-02,77544,81297,75074,76655,1696479,0.001293171012069605
2023-03-03,79026,88904,77643,88608,3287580,0.15593242449938027
2023-03-06,95325,100462,91966,97795,3066752,0.10368138317081987
2023-03-07,94831,102239,93744,98486,2116885,0.007065800910067033
2023-03-08,95818,103326,95719,102042,1291084,0.03610665475295982
2023-03-09,104708,105894,92953,95127,1435571,-0.06776621391191862
2023-03-10,91867,95917,89398,93152,885796,-0.02076171854468234
2023-03-13,91867,95028,90484,93349,830601,0.00211482308485067
2023-03-14,93843,96708,86928,94041,1290906,0.007413041382339447
2023-03-15,96806,100165,94337,96214,1083249,0.023106942716474732
2023-03-16,96510,102931,94633,102240,1403502,0.06263121791007542
2023-03-17,102437,102634,93448,93547,1400430,-0.08502543035993737
2023-03-20,90385,108067,89397,104808,2994206,0.1203779918116028
2023-03-21,103425,117254,102733,113007,2408208,0.07822876116326993
2023-03-22,116069,126836,113698,122984,1995223,0.08828656631890053
2023-03-23,121008,129800,115180,120021,2254673,-0.024092564886489254
2023-03-24,123478,123478,114192,120021,983243,0.0
2023-03-27,120514,138295,120316,133356,2010858,0.11110555652760756
2023-03-28,133850,134739,125058,134147,1100331,0.005931491646420151
2023-03-29,136517,147680,136418,144124,1700837,0.07437363489306503
2023-03-30,145012,152816,139875,145111,1425303,0.006848269545669083
2023-03-31,143036,155088,141357,152026,1340671,0.0476531758446983
2023-04-03,159533,190353,155483,187983,2947995,0.23651875337113393
2023-04-04,182747,183636,169016,171091,1757366,-0.08985918939478565
2023-04-05,170992,188082,170894,182748,1700071,0.06813333255402099
2023-04-06,182747,194206,179883,186798,1328477,0.022161665243942474
2023-04-07,188872,197169,188081,189860,1014700,0.016392038458655778
2023-04-10,185711,193021,181364,190749,1394385,0.004682397556093898
2023-04-11,190749,190749,171684,185119,1036651,-0.02951522681639218
2023-04-12,183636,184723,167436,167535,1115600,-0.0949875485498517
2023-04-13,154297,167337,148173,160126,1259653,-0.04422359506968698
2023-04-14,170498,179389,165065,176821,709173,0.10426164395538517
2023-04-17,176821,184229,172869,181464,462311,0.026258193314142586
2023-04-18,181759,183735,173856,181562,476168,0.0005400520213376669
2023-04-19,178006,181265,176623,178006,340115,-0.01958559610491184
2023-04-20,175437,186501,175437,179784,382491,0.00998842735638128
2023-04-21,179784,182747,171486,177216,415003,-0.014283807235349055
2023-04-24,174548,179092,163089,167930,718310,-0.05239933188876855
2023-04-25,167535,175832,157064,164868,952388,-0.018233787887810382
2023-04-26,165262,172868,163781,163781,496033,-0.006593153310527233
2023-04-27,162497,172672,157064,171783,560336,0.04885792613306794
2023-04-28,176920,187292,166942,172376,1020030,0.003452029595478079
2023-05-02,177808,186106,175141,182254,844013,0.05730496124750539
2023-05-03,181365,186304,173166,175537,537858,-0.03685515818582852
2023-05-04,174054,177808,170794,172968,297556,-0.014635091177358617
2023-05-08,176129,176228,161312,161312,484455,-0.0673881874103881
2023-05-09,159040,165164,149754,164967,726312,0.02265795477087873
2023-05-10,165262,169115,159039,162003,354648,-0.017967229809598306
2023-05-11,164077,175339,164077,169017,776617,0.043295494527879175
2023-05-12,171190,177314,155681,158941,979463,-0.05961530496932266
2023-05-15,157162,162003,147185,162003,759431,0.019265010286835915
2023-05-16,165559,167436,160126,164374,432886,0.014635531440775784
2023-05-17,164374,168325,162991,167733,336241,0.020435105308625356
2023-05-18,169511,174746,169017,171882,432967,0.024735740730804423
2023-05-19,173363,173857,166053,173067,414469,0.006894264669947914
2023-05-22,172573,176326,170301,175339,333327,0.013127863775300952
2023-05-23,177808,184427,176425,182649,618114,0.04169066779210562
2023-05-24,183043,186698,181463,185217,434430,0.014059753954305698
2023-05-25,185118,186007,178895,179093,372683,-0.03306391961860955
2023-05-26,178500,181858,170992,172672,471884,-0.035852880905451356
2023-05-30,173857,178796,161509,171190,770448,-0.008582746478873249
2023-05-31,171189,176524,167436,176524,2425689,0.031158362053858246
2023-06-01,176227,177610,172967,176524,388834,0.0
2023-06-02,176722,178697,175931,176821,365319,0.0016824907661281419
2023-06-05,178698,181760,176327,177809,325174,0.0055875716119691
2023-06-07,178994,182748,178401,182748,465445,0.027776996664960807
2023-06-08,182846,191638,182056,190552,988604,0.04270361371943876
2023-06-09,194996,215839,186797,215346,1905412,0.1301167135480079
2023-06-12,217322,235597,215840,224237,1470231,0.041287045034502645
2023-06-13,227693,239547,224236,231645,1227528,0.033036474801214855
2023-06-14,233126,237077,206455,207443,1462247,-0.10447883615014353
2023-06-15,217816,227200,213864,218310,934445,0.052385474564097034
2023-06-16,220285,220779,206456,212383,594992,-0.027149466355183005
2023-06-19,210406,213864,205961,209913,383063,-0.011629932715895297
2023-06-20,207937,213370,203492,204480,409094,-0.02588215117691617
2023-06-21,205961,209913,200528,205468,366447,0.0048317683881065054
2023-06-22,201516,211888,199540,207937,464060,0.01201646971791237
2023-06-23,219791,220285,204480,206456,789014,-0.007122349557798779
2023-06-26,203986,205467,194404,194503,647837,-0.05789611345758905
2023-06-27,192626,193515,184131,186403,629050,-0.04164460188274732
2023-06-28,189168,191243,182648,186699,492370,0.001587957275365648
2023-06-29,185315,189859,183932,184328,313550,-0.01269958596457399
2023-06-30,185019,188378,179092,184526,350502,0.001074172127945916
2023-07-03,186699,190946,183834,190453,556778,0.032120134831947755
2023-07-04,192921,196082,188180,189267,432342,-0.006227258168682082
2023-07-05,189365,204479,189267,202010,733748,0.06732816603000003
2023-07-06,201516,201516,193910,195886,357255,-0.03031533092421168
2023-07-07,193416,199046,193218,197565,230195,0.008571311885484434
2023-07-10,197564,199046,189859,192922,519443,-0.02350112621162659
2023-07-11,192922,199047,191243,195886,406092,0.015363722126040535
2023-07-12,197071,198552,191341,192132,402197,-0.01916420775348926
2023-07-13,192132,193120,186304,186304,543612,-0.030333312514313038
2023-07-14,188674,190057,184822,187687,430778,0.007423351082102458
2023-07-17,187489,198553,185217,198553,771296,0.05789426012456911
2023-07-18,203986,208431,198553,206950,923844,0.042290975205612646
2023-07-19,211395,212382,197170,200035,880888,-0.03341386808407831
2023-07-20,199046,206949,196577,203492,559814,0.017281975654260595
2023-07-21,197565,205961,196281,204480,543095,0.004855227723939981
2023-07-24,203985,217321,197565,209419,1467288,0.024153951486697967
2023-07-25,217322,220779,204480,206456,1031636,-0.014148668458926816
2023-07-26,208431,223248,177413,188082,3075687,-0.08899717131010965
2023-07-27,186205,187884,160917,165560,1158536,-0.11974564285790246
2023-07-28,158051,172671,158051,171980,647913,0.03877748248369173
2023-07-31,172177,180179,171881,179290,454419,0.04250494243516689
2023-08-01,181660,181759,171091,173857,396718,-0.030302861286184424
2023-08-02,169906,176326,166745,166745,337144,-0.04090718233950885
2023-08-03,166744,169115,162200,166942,275704,0.0011814447209810286
2023-08-04,166251,168918,164868,164967,189750,-0.011830456086544983
2023-08-07,161015,162497,152717,155879,435448,-0.05508980583995582
2023-08-08,154891,160521,151236,159929,389331,0.02598169092693703
2023-08-09,159731,161904,156076,157953,251447,-0.012355482745468271
2023-08-10,157952,158051,153310,153409,237038,-0.028768051255753324
2023-08-11,153112,156471,149161,154002,303382,0.003865483772138578
2023-08-14,150149,153014,147778,153014,274252,-0.00641550109738831
2023-08-16,152124,153606,146000,147383,265668,-0.036800554197655155
2023-08-17,146198,152125,141357,151730,270693,0.029494582143123615
2023-08-18,150247,152618,146889,151137,226943,-0.0039082580900283714
2023-08-21,150149,162990,147976,157064,645938,0.039216075481185886
2023-08-22,159731,162003,154298,160225,343378,0.02012555391432791
2023-08-23,163287,170399,157261,163979,466391,0.02342955219222964
2023-08-24,166744,166744,158644,162991,290116,-0.006025161758517861
2023-08-25,160718,163781,159632,161608,186250,-0.008485131080857244
2023-08-28,163089,163188,160126,162003,146736,0.0024441859313895087
2023-08-29,162002,162101,157458,158348,169060,-0.022561310593013695
2023-08-30,159632,159632,152915,153113,293830,-0.03306009548589184
2023-08-31,153903,155780,149556,155780,267175,0.017418507899394475
2023-09-01,154199,157261,150840,152915,204806,-0.018391321093850332
2023-09-04,149162,156076,149162,154200,240966,0.008403361344537785
2023-09-05,154500,164700,154300,164200,330569,0.06485084306095978
2023-09-06,164100,167600,159000,160200,194159,-0.02436053593179055
2023-09-07,159000,163400,153100,153900,211987,-0.0393258426966292
2023-09-08,153900,156000,148600,152100,200796,-0.011695906432748537
2023-09-11,150800,151000,145000,145900,195552,-0.04076265614727148
2023-09-12,146600,149000,139700,141300,288779,-0.03152844413982181
2023-09-13,140000,153200,139400,145400,396756,0.029016277423920656
2023-09-14,145800,148800,142000,148800,236589,0.023383768913342484
2023-09-15,150000,162600,149800,162600,795578,0.092741935483871
2023-09-18,162600,178000,156000,178000,298079,0.09471094710947114
2023-09-19,167900,168000,160300,162800,312207,-0.08539325842696632
2023-09-20,162800,165500,159800,162700,138692,-0.0006142506142505777
2023-09-21,160400,161400,155900,155900,98048,-0.041794714197910254
2023-09-22,151800,155800,151000,153400,98641,-0.016035920461834552
2023-09-25,152500,152600,146700,148400,138166,-0.0325945241199479
2023-09-26,147500,150500,146200,147100,84781,-0.008760107816711549
2023-09-27,145600,150000,145600,149400,95991,0.015635622025832685
2023-10-04,149200,149200,141500,142000,140208,-0.04953145917001334
2023-10-05,148600,159000,147400,151900,326777,0.06971830985915495
2023-10-06,149500,158100,149400,156000,128427,0.02699144173798551
2023-10-10,162100,162100,150600,151900,186167,-0.0262820512820513
2023-10-11,156200,161500,155000,159100,229277,0.047399605003291656
2023-10-12,161500,168400,161000,168400,224742,0.05845380263984912
2023-10-13,167700,169900,163400,164300,131546,-0.02434679334916867
2023-10-16,161700,168400,160200,166100,196161,0.010955569080949523
2023-10-17,168200,169900,166600,167800,112786,0.010234798314268545
2023-10-18,168200,171000,166700,170400,168014,0.015494636471990564
2023-10-19,167100,170000,165300,169200,179482,-0.007042253521126751
2023-10-20,166500,167000,157300,158800,266156,-0.0614657210401891
2023-10-23,155400,159300,150000,154300,211305,-0.02833753148614615
2023-10-24,154200,162900,148600,162500,196263,0.05314322747893718
2023-10-25,164500,166200,152000,152100,208699,-0.06399999999999995
2023-10-26,148000,151200,143000,145000,248546,-0.04667981591058512
2023-10-27,144600,151200,141900,147600,215056,0.017931034482758568
2023-10-30,144400,150700,144300,148400,92275,0.005420054200542035
2023-10-31,148200,148200,137800,139400,186372,-0.06064690026954178
2023-11-01,140200,143600,133400,135400,157051,-0.028694404591104727
2023-11-02,138000,148500,137100,148500,183652,0.0967503692762186
2023-11-03,156000,160300,152600,160300,268649,0.07946127946127945
2023-11-06,170700,181000,162100,178000,668077,0.11041796631316281
2023-11-07,174600,176000,157500,165500,337156,-0.0702247191011236
2023-11-08,163500,167200,156900,156900,127798,-0.05196374622356492
2023-11-09,158900,158900,151100,155400,96320,-0.009560229445506718
2023-11-10,151600,153300,150300,150900,93888,-0.02895752895752901
2023-11-13,151100,154400,148000,149700,82415,-0.007952286282306154
2023-11-14,152200,158900,151000,157600,87631,0.052772211088844445
2023-11-15,164800,164800,153600,159400,133485,0.011421319796954377
2023-11-16,159900,159900,153900,158000,106557,-0.008782936010037656
2023-11-17,155500,161300,152900,159000,131804,0.006329113924050667
2023-11-20,159000,161400,157500,160500,82593,0.009433962264151052
2023-11-21,160500,162300,157100,162300,93987,0.01121495327102795
2023-11-22,161500,163900,160600,162400,62177,0.0006161429451632117
2023-11-23,162500,163000,161100,161700,54688,-0.004310344827586188
2023-11-24,155200,159800,155200,159000,120672,-0.016697588126159513
2023-11-27,159000,159700,155900,158200,73667,-0.005031446540880502
2023-11-28,156100,159900,156100,158300,122850,0.0006321112515803584
2023-11-29,158900,164600,157000,164600,188706,0.039797852179406235
2023-11-30,164500,166100,160000,164700,175528,0.0006075334143378353
2023-12-01,162900,164500,157000,157900,173355,-0.041287188828172394
2023-12-04,161000,163600,155000,161700,244012,0.024065864471184195
2023-12-05,158500,160100,154100,154700,200139,-0.04329004329004327
2023-12-06,154700,156700,153600,154500,115945,-0.0012928248222365823
2023-12-07,156000,157700,148900,154900,180371,0.0025889967637540146
2023-12-08,156000,156800,153700,156700,92397,0.01162040025823119
2023-12-11,157100,157100,153500,153500,115906,-0.02042118698149331
2023-12-12,150500,154900,150500,153100,93878,-0.002605863192182367
2023-12-13,154000,155000,150400,151500,130988,-0.0104506858262573
2023-12-14,154900,154900,151500,152500,132336,0.0066006600660066805
2023-12-15,155700,157300,150700,151100,320282,-0.009180327868852478
2023-12-18,151500,155000,151500,152700,188978,0.010589013898080646
2023-12-19,152700,155300,151200,153500,142709,0.0052390307793057644
2023-12-20,154000,155800,153000,154500,149297,0.006514657980456029
2023-12-21,153100,154700,150800,151400,151845,-0.020064724919093835
2023-12-22,151900,153400,149900,149900,108188,-0.009907529722589126
2023-12-26,147600,149300,142100,143000,223315,-0.04603068712474978
2023-12-27,143300,148800,143300,148800,122214,0.040559440559440496
2023-12-28,149500,149500,145400,147300,96237,-0.01008064516129037
2024-01-02,145900,146400,143000,144300,130725,-0.020366598778004064
2024-01-03,142300,143300,138500,139000,163439,-0.03672903672903671
2024-01-04,139800,144100,139200,142000,109224,0.021582733812949728
2024-01-05,142000,147700,139900,145100,141795,0.02183098591549304
2024-01-08,148000,153400,145100,150500,239958,0.03721571330117168
2024-01-09,152000,153700,148500,148500,114479,-0.013289036544850474
2024-01-10,148100,149500,145200,145900,90153,-0.017508417508417473
2024-01-11,146300,147400,143100,143100,124675,-0.01919122686771757
2024-01-12,143100,143100,140100,142000,87918,-0.007686932215234088
2024-01-15,141000,142500,139000,140000,105969,-0.014084507042253502
2024-01-16,139100,141700,138500,141300,86263,0.009285714285714342
2024-01-17,140000,140900,139000,139100,111438,-0.01556970983722572
2024-01-18,138500,140500,137000,137600,111759,-0.010783608914450071
2024-01-19,139000,142600,132200,138600,262127,0.007267441860465018
2024-01-22,136400,142200,128300,133000,327758,-0.04040404040404044
2024-01-23,130300,135300,128900,132700,136101,-0.0022556390977443996
2024-01-24,132700,133000,129400,130800,120584,-0.014318010550113058
2024-01-25,128200,132600,126500,129900,199815,-0.006880733944954143
2024-01-26,129800,136300,129400,135000,153755,0.03926096997690531
2024-01-29,136800,139000,132700,133400,166283,-0.011851851851851891
2024-01-30,136100,137000,129100,129300,145522,-0.03073463268365817
2024-01-31,130500,139000,130500,133300,205715,0.030935808197989134
2024-02-01,133300,139900,133300,139900,160904,0.04951237809452369
2024-02-02,142400,147000,140000,146500,225202,0.04717655468191562
2024-02-05,147600,152300,146000,151900,271092,0.03686006825938559
2024-02-06,150000,155100,147000,151900,257379,0.0
2024-02-07,156000,157100,149300,152800,243275,0.00592495062541154
2024-02-08,156600,164200,155500,159900,399624,0.04646596858638752
2024-02-13,161600,161700,154300,157100,242920,-0.01751094434021261
2024-02-14,155900,168800,154200,164400,395626,0.04646721833227252
2024-02-15,165100,167000,161500,165500,187929,0.006690997566910051
2024-02-16,168500,180000,167100,175800,707890,0.0622356495468277
2024-02-19,175600,175600,169200,170400,264425,-0.030716723549488067
2024-02-20,170400,186000,169400,185700,622719,0.08978873239436624
2024-02-21,185600,194300,182100,184500,570202,-0.00646203554119551
2024-02-22,184500,185800,179000,182200,294874,-0.012466124661246636
2024-02-23,181200,181800,174000,178000,335923,-0.023051591657519244
2024-02-26,177700,182600,174500,178800,216395,0.004494382022471877
2024-02-27,181500,184500,176500,178800,225066,0.0
2024-02-28,179300,181900,169700,171600,367002,-0.04026845637583898
2024-02-29,173000,179600,172000,177100,320035,0.03205128205128216
2024-03-04,179600,179900,173400,174700,190185,-0.013551665725578754
2024-03-05,173000,176200,170200,170600,196843,-0.023468803663422966
2024-03-06,170000,173000,167400,168400,159620,-0.01289566236811257
2024-03-07,168700,172900,168000,171800,128849,0.020190023752969077
2024-03-08,171100,174900,165000,166900,251888,-0.028521536670547132
2024-03-11,165500,169100,164000,167600,116274,0.004194128220491367
2024-03-12,167600,175500,167600,175500,239597,0.047136038186157414
2024-03-13,175600,180900,172900,176300,221322,0.004558404558404616
2024-03-14,175800,179600,174700,175100,167286,-0.006806579693703907
2024-03-15,173700,181000,172000,177200,244436,0.011993146773272345
2024-03-18,178900,178900,173400,177500,173111,0.0016930022573362624
2024-03-19,178500,179100,172700,175000,143934,-0.014084507042253502
2024-03-20,175900,176300,167700,168500,180387,-0.037142857142857144
2024-03-21,170200,171500,168600,169500,109442,0.005934718100890191
2024-03-22,169500,171200,167600,169200,99782,-0.001769911504424737
2024-03-25,169100,175600,168300,171300,181614,0.012411347517730542
2024-03-26,172200,173500,168000,168200,137733,-0.018096906012842973
2024-03-27,168300,170200,165300,169300,115333,0.006539833531510109
2024-03-28,170000,170200,161100,162300,260434,-0.04134672179562904
2024-03-29,160400,163000,159500,160000,183063,-0.014171287738755423
2024-04-01,159800,163700,158500,160200,140181,0.0012499999999999734
2024-04-02,158100,162100,158100,159200,110982,-0.006242197253433224
2024-04-03,155900,160100,152800,154500,205742,-0.029522613065326664
2024-04-04,154500,157700,151200,156900,169363,0.01553398058252431
2024-04-05,155200,156500,151300,151800,139280,-0.0325047801147228
2024-04-08,149700,153800,147000,152200,181289,0.0026350461133068936
2024-04-09,152500,156000,149600,151000,115301,-0.007884362680683266
2024-04-11,148500,152400,148400,148700,108655,-0.015231788079470232
2024-04-12,149700,150600,144600,145000,181941,-0.02488231338264968
2024-04-15,142100,142900,140000,140100,150374,-0.03379310344827591
2024-04-16,137700,143600,137700,140500,141818,0.002855103497501732
2024-04-17,143000,147300,142000,142400,143720,0.013523131672597888
2024-04-18,141500,148700,141500,146800,102672,0.030898876404494402
2024-04-19,146000,152200,144500,149200,161043,0.016348773841961872
2024-04-22,150200,154300,149200,151700,152130,0.016756032171581836
2024-04-23,150100,152800,147500,147500,91974,-0.02768622280817401
2024-04-24,151100,153300,148400,150800,121403,0.022372881355932295
2024-04-25,151500,155900,148200,148600,159434,-0.01458885941644561
2024-04-26,149500,151000,145700,147700,86784,-0.00605652759084796
2024-04-29,147600,152900,144500,152600,111721,0.033175355450236976
2024-04-30,155600,156000,151800,151800,93200,-0.005242463958060273
2024-05-02,152700,157800,152600,153100,121316,0.008563899868247793
2024-05-03,153300,154100,150800,151300,70581,-0.011757021554539504
2024-05-07,151600,153000,148500,150000,92225,-0.008592200925313986
2024-05-08,149000,149300,146500,147800,82274,-0.014666666666666717
2024-05-09,148000,148000,142600,144600,121023,-0.021650879566982417
2024-05-10,144600,146600,143100,143500,64301,-0.007607192254495132
2024-05-13,143400,143400,141000,141000,72082,-0.017421602787456414
2024-05-14,139200,145400,139100,142600,87903,0.01134751773049647
2024-05-16,142600,144900,142000,144800,78825,0.015427769985974837
2024-05-17,143700,145200,141000,142400,93449,-0.016574585635359074
2024-05-20,141400,142000,139900,140100,80892,-0.016151685393258397
2024-05-21,140300,145000,138200,142300,150463,0.01570306923625986
2024-05-22,142300,143900,138100,141600,130521,-0.004919184820801115
2024-05-23,141600,142500,139300,140100,97995,-0.010593220338983023
2024-05-24,139100,139200,136800,137000,148929,-0.02212705210563881
2024-05-27,137500,153000,137300,152800,426747,0.1153284671532846
2024-05-28,151600,155700,150200,153500,190587,0.0045811518324607725
2024-05-29,153500,158500,147100,151600,308509,-0.01237785016286641
2024-05-30,151000,155400,148200,153600,186023,0.013192612137203241
2024-05-31,153300,155000,148200,155000,257866,0.00911458333333326
2024-06-03,155600,157200,152700,152900,144090,-0.013548387096774195
2024-06-04,152900,160600,152900,158800,219045,0.038587311968606874
2024-06-05,158100,166300,157900,164700,262139,0.03715365239294721
2024-06-07,166200,166200,162700,165200,180292,0.0030358227079538835
2024-06-10,164000,169000,160400,165600,251538,0.002421307506053294
2024-06-11,169000,177800,167000,170800,507077,0.0314009661835748
2024-06-12,171000,173700,168500,172200,229286,0.008196721311475308
2024-06-13,172700,181000,168900,178200,1146940,0.03484320557491283
2024-06-14,175400,175400,161700,162000,710444,-0.09090909090909094
2024-06-17,162000,164000,156900,156900,261951,-0.031481481481481444
2024-06-18,157900,161800,152500,156100,326887,-0.005098789037603524
2024-06-19,152500,156500,151900,155300,267407,-0.005124919923126248
2024-06-20,155100,155900,149900,150000,196402,-0.03412749517063751
2024-06-21,148500,155800,148500,151700,202963,0.011333333333333417
2024-06-24,149900,151000,144000,146600,273520,-0.03361898483849701
2024-06-25,147300,147500,143500,144700,123534,-0.012960436562073685
2024-06-26,143500,145700,142800,142800,119646,-0.01313061506565305
2024-06-27,142900,145100,140200,140800,119908,-0.014005602240896309
2024-06-28,141900,144200,140200,144200,140785,0.024147727272727293
2024-07-01,142000,147800,140000,147000,172607,0.01941747572815533
2024-07-02,147000,152800,142900,143900,190138,-0.021088435374149617
2024-07-03,145000,152500,145000,147200,218226,0.022932592077831826
2024-07-04,149600,150800,146400,148000,125930,0.005434782608695565
2024-07-05,146400,147500,143200,146000,196394,-0.013513513513513487
2024-07-08,145800,160300,143000,149800,351768,0.026027397260274032
2024-07-09,150100,151100,148100,148200,125295,-0.010680907877169576
2024-07-10,148200,152000,146400,148300,234567,0.0006747638326585204
2024-07-11,150000,150900,144000,144000,263246,-0.028995279838165855
2024-07-12,144000,145900,140800,141200,256274,-0.019444444444444486
2024-07-15,142400,142500,138000,138000,236312,-0.022662889518413554
2024-07-16,137100,139000,133400,134900,278238,-0.022463768115942084
2024-07-17,136200,138900,133700,133900,156841,-0.007412898443291294
2024-07-18,133000,135500,131500,132600,145785,-0.009708737864077666
2024-07-19,131800,139900,131800,139900,130354,0.05505279034690802
2024-07-22,138400,140500,133100,133100,189671,-0.04860614724803436
2024-07-23,134100,134800,128600,129700,194232,-0.02554470323065361
2024-07-24,127400,136400,127200,132100,198671,0.018504240555127227
2024-07-25,129300,134700,127800,130800,173510,-0.009841029523088518
2024-07-26,131800,138200,131000,131800,200012,0.007645259938837912
2024-07-29,130300,132300,128100,131300,153608,-0.003793626707132014
2024-07-30,131300,134100,130200,130200,97648,-0.008377760853008343
2024-07-31,130300,130800,127600,129800,107369,-0.003072196620583667
2024-08-01,129000,132900,127500,131500,138235,0.013097072419106404
2024-08-02,128500,131300,125600,125600,143735,-0.04486692015209126
2024-08-05,124900,124900,100100,106800,482707,-0.14968152866242035
2024-08-06,107900,117200,107000,114400,267379,0.07116104868913853
2024-08-07,113000,115400,112100,113700,142212,-0.006118881118881148
2024-08-08,112700,112900,106800,108500,179578,-0.04573438874230429
2024-08-09,110800,115000,110100,113100,106344,0.04239631336405525
2024-08-12,114000,115800,112600,113800,70020,0.006189213085764811
2024-08-13,113700,113700,109300,112200,90457,-0.01405975395430581
2024-08-14,114200,116300,113100,114500,82417,0.02049910873440286
2024-08-16,117700,118200,114000,114700,83070,0.0017467248908296096
2024-08-19,114100,115600,107400,108800,123556,-0.05143853530950304
2024-08-20,110000,110800,106300,107600,140363,-0.011029411764705843
2024-08-21,107600,108800,105600,107600,125288,0.0
2024-08-22,108100,110600,107300,109700,108814,0.01951672862453524
2024-08-23,108400,108500,105100,105300,139072,-0.040109389243391025
2024-08-26,106600,108500,104200,105300,94080,0.0
2024-08-27,105200,106400,103500,106000,77029,0.006647673314339908
2024-08-28,106400,106700,101700,103300,145798,-0.025471698113207597
2024-08-29,102000,107800,101300,106300,181496,0.029041626331074433
2024-08-30,107100,108300,104200,107200,135957,0.008466603951081897
2024-09-02,108000,118700,107500,117500,420427,0.09608208955223874
2024-09-03,118800,121000,117100,118400,195253,0.007659574468085184
2024-09-04,112000,123100,111700,117900,284467,-0.004222972972973027
2024-09-05,121000,121400,111300,111800,196468,-0.05173876166242575
2024-09-06,111100,113200,102800,103400,219139,-0.07513416815742402
2024-09-09,99600,101800,99100,99500,187039,-0.03771760154738879
2024-09-10,100400,101600,96500,96500,151504,-0.03015075376884424
2024-09-11,96500,101600,96500,101300,163161,0.049740932642487135
2024-09-12,104800,109500,102000,109500,187447,0.08094768015794673
2024-09-13,110100,112300,108400,109300,119531,-0.0018264840182647957
2024-09-19,111700,113000,107100,109700,106242,0.0036596523330283404
2024-09-20,111700,112800,108400,108400,115734,-0.01185050136736554
2024-09-23,109300,112800,107500,112700,95471,0.03966789667896675
2024-09-24,113700,120200,113600,120200,198005,0.06654835847382423
2024-09-25,122700,123000,118300,119800,142735,-0.0033277870216306127
2024-09-26,119800,132900,119300,132400,302414,0.10517529215358934
2024-09-27,132600,132800,129000,130300,171009,-0.015861027190332333
2024-09-30,130400,132300,125200,125400,157379,-0.03760552570990028
2024-10-02,122100,127500,121900,124700,115252,-0.005582137161084577
2024-10-04,125900,125900,120200,120900,127207,-0.030473135525260653
2024-10-07,121900,124900,120700,124900,149192,0.033085194375517046
2024-10-08,122800,126200,121600,124700,123651,-0.0016012810248198228
2024-10-10,126600,126600,122300,124000,134362,-0.005613472333600655
2024-10-11,123700,124900,118000,119100,163748,-0.039516129032258096
2024-10-14,115500,118000,114500,116200,119448,-0.02434928631402178
2024-10-15,116300,117900,110800,111800,174770,-0.03786574870912218
2024-10-16,112300,113500,109100,110400,99269,-0.012522361359570633
2024-10-17,110300,113300,110000,110000,84779,-0.0036231884057971175
2024-10-18,110000,111200,107000,107900,92726,-0.019090909090909047
2024-10-21,107900,109700,107400,108100,81090,0.001853568118628468
2024-10-22,107600,108000,101900,102500,126970,-0.0518038852913969
2024-10-23,103000,105800,100400,104900,118819,0.023414634146341484
2024-10-24,105800,106800,101300,101900,90066,-0.028598665395614842
2024-10-25,104000,105100,100700,101000,80452,-0.008832188420019649
2024-10-28,100400,108800,100400,108600,132257,0.07524752475247531
2024-10-29,107900,108600,104000,106600,77976,-0.018416206261510082
2024-10-30,105400,106700,102400,102700,77035,-0.03658536585365857
2024-10-31,101500,103800,100100,103500,84426,0.00778967867575453
2024-11-01,100900,100900,98200,99400,187636,-0.03961352657004835
2024-11-04,100100,107000,99000,104900,162420,0.055331991951710346
2024-11-05,103900,103900,101600,102100,69290,-0.02669208770257392
2024-11-06,103800,103900,93500,93600,312763,-0.08325171400587661
2024-11-07,92900,93000,85600,86200,478572,-0.07905982905982911
2024-11-08,86200,89200,85500,85600,253403,-0.00696055684454755
2024-11-11,85700,86700,79900,80500,315406,-0.05957943925233644
2024-11-12,79700,81300,77000,78000,349729,-0.03105590062111796
2024-11-13,77000,78800,74500,75000,298558,-0.038461538461538436
2024-11-14,75600,76900,70300,71200,428410,-0.05066666666666664
2024-11-15,68300,69900,62000,67500,500296,-0.051966292134831504
2024-11-18,66900,70400,65700,68700,255522,0.01777777777777767
2024-11-19,68800,69600,64900,65600,531912,-0.0451237263464338
2024-11-20,64500,66600,63200,63400,444595,-0.03353658536585369
2024-11-21,63200,64600,61900,63800,399776,0.006309148264984188
2024-11-22,63800,66900,63300,63500,402569,-0.00470219435736674
2024-11-25,64300,70900,64100,66100,2554750,0.04094488188976375
2024-11-26,67400,69400,66000,66900,708165,0.012102874432677657
2024-11-27,67100,68000,64000,64500,387330,-0.0358744394618834
2024-11-28,65000,67500,64100,67000,312347,0.03875968992248069
2024-11-29,66000,66000,61000,61900,514719,-0.07611940298507458
2024-12-02,62600,65100,61300,61400,311490,-0.008077544426494332
2024-12-03,61900,64100,61300,63300,243408,0.030944625407166138
2024-12-04,61000,64500,60500,61200,363502,-0.033175355450236976
2024-12-05,61900,62000,58900,59100,302151,-0.03431372549019607
2024-12-06,58600,59900,55400,57600,427291,-0.025380710659898442
2024-12-09,56000,56500,52000,52400,475251,-0.09027777777777779
2024-12-10,53000,56200,52800,55800,327941,0.06488549618320616
2024-12-11,55400,59500,55400,58600,260250,0.05017921146953408
2024-12-12,60500,60500,56800,59100,308584,0.008532423208191142
2024-12-13,58900,59500,57800,58300,214593,-0.013536379018612488
2024-12-16,59300,60600,57800,58000,201905,-0.005145797598627766
2024-12-17,58200,58700,55200,55600,328523,-0.04137931034482756
2024-12-18,55900,57600,55600,57200,212515,0.02877697841726623
2024-12-19,55900,56500,54700,55200,187937,-0.034965034965035
2024-12-20,55600,55600,53100,53800,171922,-0.025362318840579712
2024-12-23,53900,56000,51400,55600,200650,0.03345724907063197
2024-12-24,56000,57200,53600,54000,170258,-0.02877697841726623
2024-12-26,54200,54300,52100,52300,181348,-0.031481481481481444
2024-12-27,52000,53400,50800,51600,220377,-0.013384321223709361
2024-12-30,51000,52500,50900,51500,140938,-0.0019379844961240345
2025-01-02,51500,51600,49500,50400,208421,-0.021359223300970842
2025-01-03,50400,56900,50300,55800,421622,0.1071428571428572
2025-01-06,57400,59900,56300,57900,381419,0.037634408602150504
2025-01-07,58300,59400,56600,57200,232830,-0.012089810017271163
2025-01-08,56500,59100,56400,58000,211239,0.013986013986013957
2025-01-09,58000,58800,56600,57600,208910,-0.006896551724137945
2025-01-10,58000,58200,55300,55900,194502,-0.02951388888888884
2025-01-13,55600,56400,53500,53900,191578,-0.035778175313059046
2025-01-14,54200,58200,53900,57600,282748,0.06864564007421148
2025-01-15,58400,59300,55300,55600,246403,-0.03472222222222221
2025-01-16,57200,58500,55700,56200,252457,0.010791366906474753
2025-01-17,55900,56700,55100,55300,164135,-0.016014234875444844
2025-01-20,55600,61100,55400,61100,688775,0.10488245931283902
2025-01-21,60500,60500,52700,54000,1171716,-0.11620294599018
2025-01-22,54600,56000,53800,55500,438958,0.02777777777777768
2025-01-23,55300,55300,53000,53000,261235,-0.04504504504504503
2025-01-24,53500,54000,52000,52500,194614,-0.009433962264150941
2025-01-31,52600,53400,51000,52800,237847,0.005714285714285783
2025-02-03,51200,51500,47900,47900,440299,-0.09280303030303028
2025-02-04,48700,50800,48500,48800,289471,0.018789144050104456
2025-02-05,48350,51500,48350,50900,261370,0.04303278688524581
2025-02-06,51400,51600,49750,50600,182885,-0.005893909626719096
2025-02-07,50100,52000,49300,49300,246979,-0.025691699604743046
2025-02-10,48700,50700,47250,50300,334878,0.020283975659229236
2025-02-11,50300,50500,48800,48900,263256,-0.027833001988071593
2025-02-12,48900,49550,47950,48000,241145,-0.018404907975460127
2025-02-13,48300,50300,48200,50000,427933,0.04166666666666674
2025-02-14,50200,50800,48500,49650,265236,-0.007000000000000006
2025-02-17,49200,52400,47950,50900,663029,0.025176233635448186
2025-02-18,51400,51400,49400,49600,306101,-0.025540275049115935
2025-02-19,49600,53900,49550,53100,885918,0.07056451612903225
2025-02-20,54600,57300,53200,54500,1215246,0.026365348399246757
2025-02-21,55400,57300,54100,56600,756598,0.038532110091743066
2025-02-24,55300,58700,55100,57600,965703,0.0176678445229681
2025-02-25,57700,57800,54000,54100,576197,-0.06076388888888884
2025-02-26,53900,59000,53600,58800,847690,0.08687615526802217
2025-02-27,59400,60200,57100,57800,712050,-0.017006802721088454
2025-02-28,56800,58000,53500,53500,631139,-0.0743944636678201
2025-03-04,53200,53200,49700,50400,493733,-0.05794392523364489
2025-03-05,50800,51800,49800,50600,401176,0.003968253968253954
2025-03-06,51000,52700,49250,49500,515459,-0.021739130434782594
2025-03-07,49000,50600,48150,49350,416157,-0.00303030303030305
2025-03-10,49200,51200,48250,50500,447180,0.023302938196555267
2025-03-11,48350,49050,47700,48700,415132,-0.035643564356435675
2025-03-12,49300,49800,48500,49500,333372,0.01642710472279263
2025-03-13,50500,50600,48150,48200,396488,-0.02626262626262621
2025-03-14,48350,50200,47700,48250,411484,0.0010373443983402453
2025-03-17,48750,48950,47850,48000,303522,-0.005181347150259086
2025-03-18,48400,49200,47900,48000,342513,0.0
2025-03-19,48000,49600,47900,48500,352880,0.01041666666666674
2025-03-20,49500,50400,48950,49250,480634,0.015463917525773141
2025-03-21,49250,49350,47750,48050,380422,-0.024365482233502544
2025-03-24,48350,48400,47450,47500,184201,-0.01144640998959412
2025-03-25,48300,48600,46350,46400,220989,-0.023157894736842155
2025-03-26,46350,47250,45800,46600,208472,0.004310344827586299
2025-03-27,45900,46150,44450,44500,220016,-0.045064377682403456
2025-03-28,44450,44550,41000,41200,342144,-0.07415730337078652
2025-03-31,39850,40650,37500,38000,441468,-0.07766990291262132
2025-04-01,38450,38650,37450,37650,240195,-0.009210526315789447
2025-04-02,38050,38700,37000,37150,226365,-0.013280212483399723
2025-04-03,35400,37450,35150,36750,269754,-0.010767160161507361
2025-04-04,36000,39200,35500,38950,421315,0.05986394557823127
2025-04-07,37200,37800,35250,35400,261394,-0.09114249037227218
2025-04-08,36500,36600,34400,34500,184868,-0.025423728813559365
2025-04-09,33600,34800,32650,33200,233230,-0.03768115942028982
2025-04-10,35550,37500,35100,37450,275820,0.12801204819277112
2025-04-11,36150,38250,35550,38250,236685,0.021361815754339153
2025-04-14,38950,40800,38700,39600,281801,0.03529411764705892
2025-04-15,40100,40200,38500,39600,206555,0.0
2025-04-16,40400,41150,38600,38700,258297,-0.022727272727272707
2025-04-17,37950,39800,37900,38900,155624,0.0051679586563306845
2025-04-18,39200,39300,38300,38900,93824,0.0
2025-04-21,38600,39250,38000,38200,97869,-0.01799485861182515
2025-04-22,38000,38750,37250,37600,141127,-0.015706806282722474
2025-04-23,38850,41200,38750,41150,384990,0.09441489361702127
2025-04-24,42350,42350,40300,40550,176675,-0.014580801944106936
2025-04-25,41350,41750,40200,40750,176860,0.004932182490752224
2025-04-28,41000,42100,40250,40350,182790,-0.009815950920245453
2025-04-29,40700,40900,39750,40250,114475,-0.0024783147459727095
2025-04-30,40400,40400,39000,39350,154631,-0.022360248447204967
2025-05-02,39100,39400,38350,38800,92320,-0.013977128335451061
2025-05-07,39400,39450,37000,37400,210524,-0.03608247422680411
2025-05-08,37400,38250,37300,38050,149584,0.017379679144384985
2025-05-09,37700,37850,36550,36750,173022,-0.0341655716162943
2025-05-12,36850,37800,36700,37800,143212,0.02857142857142847
2025-05-13,38150,38650,36500,36750,166206,-0.02777777777777779
2025-05-14,36750,37000,35450,36700,184136,-0.0013605442176870541
2025-05-15,36500,36950,35250,35300,163667,-0.038147138964577665
2025-05-16,35300,35400,33600,33600,334906,-0.04815864022662886
2025-05-19,32800,34600,32800,33850,139026,0.007440476190476275
2025-05-20,34200,34250,31650,31800,263706,-0.06056129985228953
2025-05-21,31800,32750,31200,31350,220776,-0.014150943396226467
2025-05-22,31150,31650,30150,31050,234719,-0.009569377990430672
2025-05-23,31150,31450,30050,30100,156352,-0.03059581320450888
2025-05-26,29800,31400,29800,30600,177484,0.01661129568106312
2025-05-27,30300,30300,29500,29700,154139,-0.02941176470588236
2025-05-28,30000,32550,29700,32250,439522,0.08585858585858586
2025-05-29,32400,32950,31400,32300,276113,0.0015503875968991832
2025-05-30,32000,32850,31500,32750,182117,0.01393188854489158
2025-06-02,34250,35200,32850,33200,411520,0.013740458015267132
2025-06-04,34000,37650,33900,35050,661229,0.05572289156626509
2025-06-05,34900,37500,34400,36350,415692,0.03708987161198296
2025-06-09,35750,35900,34400,35000,295054,-0.037138927097661645
2025-06-10,35400,35750,34250,35250,237843,0.0071428571428571175
2025-06-11,35550,36500,34800,35150,324463,-0.0028368794326241176
2025-06-12,34900,37250,34800,35850,1013750,0.019914651493598834
2025-06-13,35800,35800,33250,33500,411687,-0.06555090655509066
2025-06-16,33000,33400,31900,32100,319825,-0.04179104477611939
2025-06-17,32250,33400,31650,31750,336475,-0.010903426791277204
2025-06-18,31850,32850,31550,32200,271378,0.014173228346456623
2025-06-19,32600,33450,31850,32200,308798,0.0
2025-06-20,32450,34400,32050,33800,422919,0.049689440993788914
2025-06-23,33050,33450,32150,32800,245760,-0.029585798816568087
2025-06-24,33950,35650,33750,35350,464337,0.07774390243902429
2025-06-25,35450,35900,34550,35500,242467,0.004243281471004279
2025-06-26,36000,36200,34200,34900,211212,-0.016901408450704203
2025-06-27,34950,35100,33400,33500,190480,-0.04011461318051579
2025-06-30,33550,34650,33300,33850,143907,0.010447761194029903
2025-07-01,33700,34900,33450,34450,224327,0.017725258493352936
2025-07-02,34400,34950,33600,34900,180473,0.013062409288824295
2025-07-03,35250,38600,34950,38600,915931,0.10601719197707737
2025-07-04,39050,39100,37450,38050,395978,-0.014248704663212486
2025-07-07,38400,38500,36400,36500,331925,-0.04073587385019706
2025-07-08,35900,37400,35400,36000,282478,-0.013698630136986356
2025-07-09,36500,36900,35250,35600,187759,-0.011111111111111072
2025-07-10,35950,36050,35350,35900,173107,0.008426966292134797
2025-07-11,36350,38200,36300,37100,532775,0.03342618384401108
2025-07-14,37250,37350,36250,37000,227694,-0.0026954177897574594
2025-07-15,37000,37250,36300,36600,185047,-0.010810810810810811
2025-07-16,36550,36600,35650,35800,170279,-0.021857923497267784
2025-07-17,36250,36450,35300,35700,133215,-0.0027932960893854997
2025-07-18,36400,38350,36400,37550,755237,0.051820728291316565
2025-07-21,37550,38950,37350,38800,383477,0.0332889480692411
2025-07-22,39200,39800,37550,37800,352772,-0.02577319587628868
2025-07-23,38500,38550,36750,38350,236681,0.014550264550264647
2025-07-24,37850,39200,37700,38600,376258,0.006518904823989535
2025-07-25,38600,39250,37750,38550,241767,-0.0012953367875647714
2025-07-28,38950,40300,37800,39100,391058,0.014267185473411104
2025-07-29,38550,38700,37450,38200,209076,-0.023017902813299185
2025-07-30,38250,40600,38200,39700,532919,0.03926701570680624
2025-07-31,40900,40900,38500,38850,375383,-0.021410579345088165
2025-08-01,38500,39000,37100,37150,311359,-0.04375804375804371
2025-08-04,37200,37700,36600,37400,127225,0.006729475100942128
2025-08-05,37850,41600,37850,41400,865975,0.106951871657754
2025-08-06,40950,42400,40800,41450,502050,0.0012077294685990392
2025-08-07,42550,42550,41100,41950,272258,0.012062726176115701
2025-08-08,41950,42200,41350,41500,187808,-0.010727056019070313
2025-08-11,43000,48450,42700,47300,1994989,0.1397590361445784
2025-08-12,46950,48250,46450,46950,585705,-0.007399577167019
2025-08-13,49500,49500,47350,47750,594437,0.017039403620873195
