Date,Open,High,Low,Close,Volume,Change
2022-01-03,645000,689000,644000,667000,237394,0.03732503888024885
2022-01-04,662000,669000,654000,657000,111602,-0.014992503748125885
2022-01-05,652000,654000,622000,625000,196204,-0.0487062404870624
2022-01-06,617000,622000,599000,601000,206173,-0.03839999999999999
2022-01-07,606000,620000,603000,606000,125308,0.008319467554076532
2022-01-10,604000,619000,600000,614000,101203,0.013201320132013139
2022-01-11,609000,622000,601000,604000,146671,-0.016286644951140072
2022-01-12,609000,623000,608000,616000,113698,0.019867549668874274
2022-01-13,611000,618000,604000,605000,138024,-0.017857142857142905
2022-01-14,598000,599000,572000,583000,232460,-0.036363636363636376
2022-01-17,574000,595000,573000,588000,101567,0.00857632933104635
2022-01-18,587000,599000,576000,578000,81971,-0.017006802721088454
2022-01-19,578000,584000,574000,582000,108563,0.006920415224913601
2022-01-20,582000,585000,568000,578000,126446,-0.0068728522336769515
2022-01-21,572000,582000,563000,565000,192639,-0.02249134948096887
2022-01-24,564000,576000,563000,567000,142063,0.003539823008849474
2022-01-25,573000,579000,557000,558000,178822,-0.015873015873015928
2022-01-26,558000,572000,558000,562000,132939,0.007168458781362075
2022-01-27,563000,565000,531000,536000,225429,-0.0462633451957295
2022-01-28,537000,544000,522000,536000,230623,0.0
2022-02-03,537000,545000,525000,532000,238330,-0.007462686567164201
2022-02-04,532000,537000,517000,530000,310866,-0.003759398496240629
2022-02-07,535000,546000,529000,540000,201268,0.018867924528301883
2022-02-08,543000,557000,535000,540000,149213,0.0
2022-02-09,546000,549000,537000,540000,85492,0.0
2022-02-10,551000,565000,546000,550000,251453,0.0185185185185186
2022-02-11,541000,543000,509000,511000,623308,-0.07090909090909092
2022-02-14,499500,513000,497000,510000,217183,-0.00195694716242667
2022-02-15,510000,529000,509000,513000,181104,0.00588235294117645
2022-02-16,482500,497000,474500,492500,538594,-0.0399610136452242
2022-02-17,493500,512000,488000,501000,265895,0.01725888324873104
2022-02-18,493500,497000,487000,492500,242560,-0.01696606786427146
2022-02-21,488000,488000,478000,484000,246768,-0.017258883248730927
2022-02-22,472000,472500,459000,462500,331754,-0.044421487603305776
2022-02-23,466000,466500,461000,463500,243012,0.00216216216216214
2022-02-24,455000,457000,443500,448500,324246,-0.032362459546925515
2022-02-25,452500,454000,442500,444000,327605,-0.010033444816053505
2022-02-28,435000,447500,432000,443500,457922,-0.0011261261261261701
2022-03-02,448000,458000,446000,452000,206859,0.01916572717023679
2022-03-03,455000,460000,450500,459500,125339,0.0165929203539823
2022-03-04,457500,457500,436500,437000,250754,-0.04896626768226331
2022-03-07,430000,432000,423000,424500,162273,-0.028604118993134975
2022-03-08,417000,437000,417000,430500,186265,0.014134275618374659
2022-03-10,439500,452000,439500,443500,237760,0.030197444831591147
2022-03-11,449500,460000,444500,452000,210603,0.01916572717023679
2022-03-14,457000,458000,442500,444500,158520,-0.0165929203539823
2022-03-15,440000,445000,432000,440000,106615,-0.010123734533183382
2022-03-16,444500,448500,435500,440000,112638,0.0
2022-03-17,448500,476500,448500,467000,270376,0.06136363636363629
2022-03-18,471000,472000,462500,467000,133139,0.0
2022-03-21,474500,481000,463500,463500,155547,-0.00749464668094213
2022-03-22,465000,467500,460000,463000,89919,-0.0010787486515642097
2022-03-23,467000,476500,465500,469000,107935,0.012958963282937441
2022-03-24,465500,467500,458500,462500,90061,-0.013859275053304865
2022-03-25,464500,469000,462000,463500,69691,0.00216216216216214
2022-03-28,460500,460500,444000,457000,108484,-0.014023732470334394
2022-03-29,457000,468000,455500,462000,71994,0.010940919037199182
2022-03-30,465000,473500,462000,465000,96179,0.006493506493506551
2022-03-31,467000,479500,464500,467500,140432,0.005376344086021501
2022-04-01,465000,467500,458000,467000,72574,-0.0010695187165775666
2022-04-04,465500,479000,460500,476000,125127,0.01927194860813697
2022-04-05,479000,485000,473000,480000,112974,0.008403361344537785
2022-04-06,475000,483500,469000,474000,96750,-0.012499999999999956
2022-04-07,469000,471500,462000,462000,103079,-0.025316455696202556
2022-04-08,462500,466500,453500,458000,87055,-0.008658008658008698
2022-04-11,450500,459000,449000,453500,59322,-0.009825327510917026
2022-04-12,452000,461500,446500,458000,100684,0.009922822491730932
2022-04-13,455000,462000,453000,458500,63106,0.0010917030567685337
2022-04-14,459000,459000,447000,447000,122783,-0.025081788440567077
2022-04-15,447000,448500,440000,443000,66988,-0.008948545861297563
2022-04-18,440500,443000,437500,438500,53410,-0.010158013544018019
2022-04-19,442000,445000,439000,439500,46920,0.0022805017103761926
2022-04-20,440000,441500,436500,440000,57692,0.0011376564277587597
2022-04-21,440500,442000,437000,437000,55971,-0.006818181818181834
2022-04-22,432500,434500,419000,422500,116904,-0.03318077803203656
2022-04-25,415000,420000,412500,412500,85605,-0.023668639053254448
2022-04-26,413000,424500,412500,420000,88379,0.018181818181818077
2022-04-27,409000,411000,406000,410000,108179,-0.023809523809523836
2022-04-28,412000,416500,408000,412500,72140,0.0060975609756097615
2022-04-29,413500,422000,411000,421500,86030,0.021818181818181737
2022-05-02,415000,430500,414500,425000,88322,0.008303677342823335
2022-05-03,424500,435000,424000,432500,75191,0.01764705882352935
2022-05-04,432500,434500,419000,423000,103064,-0.02196531791907519
2022-05-06,417000,417000,410500,414000,55006,-0.021276595744680882
2022-05-09,408500,415000,408000,411000,54378,-0.007246376811594235
2022-05-10,407000,411000,395500,408000,110344,-0.007299270072992692
2022-05-11,404000,414500,404000,413000,68474,0.01225490196078427
2022-05-12,405000,413500,398500,398500,153743,-0.03510895883777243
2022-05-13,430000,452500,421000,439500,497078,0.10288582183186956
2022-05-16,445000,449000,420500,420500,160517,-0.04323094425483509
2022-05-17,420500,424500,416500,421500,103457,0.0023781212841855748
2022-05-18,423000,436500,423000,435500,139569,0.033214709371292894
2022-05-19,425500,437500,422500,429500,117248,-0.013777267508610747
2022-05-20,431500,450000,430000,450000,147275,0.047729918509895164
2022-05-23,449500,457000,445500,455000,103258,0.011111111111111072
2022-05-24,451000,454500,441500,442500,72359,-0.027472527472527486
2022-05-25,446500,450000,437000,444500,88365,0.004519774011299438
2022-05-26,444000,462000,443500,454500,148982,0.022497187851518552
2022-05-27,460500,462500,448500,451000,64043,-0.007700770077007646
2022-05-30,455500,459500,453000,456000,59645,0.011086474501108556
2022-05-31,458500,458500,451000,455000,193455,-0.002192982456140302
2022-06-02,455000,456000,442500,456000,88186,0.00219780219780219
2022-06-03,457000,459500,447500,449500,72734,-0.014254385964912242
2022-06-07,443500,446000,438000,441500,79090,-0.017797552836484987
2022-06-08,443000,464000,440500,459000,129839,0.039637599093997666
2022-06-09,457500,472500,455000,465500,189197,0.014161220043573008
2022-06-10,461000,467500,456000,457000,85094,-0.018259935553168627
2022-06-13,447000,449500,432000,436500,113403,-0.0448577680525164
2022-06-14,430000,436000,422500,427000,100198,-0.021764032073310458
2022-06-15,425500,429500,407500,411000,114187,-0.0374707259953162
2022-06-16,417000,421500,400500,401000,122400,-0.024330900243308973
2022-06-17,390500,404500,390000,398000,155193,-0.007481296758104716
2022-06-20,405500,409000,394500,399500,98357,0.0037688442211054607
2022-06-21,400000,415500,399500,411500,113707,0.030037546933667114
2022-06-22,412500,413000,403000,404500,104767,-0.017010935601458055
2022-06-23,405000,431000,404500,418500,212504,0.034610630407911014
2022-06-24,419500,436000,419500,435000,102099,0.03942652329749108
2022-06-27,435000,435000,417500,417500,126766,-0.04022988505747127
2022-06-28,417500,418000,397000,398500,250472,-0.045508982035928125
2022-06-29,394500,398500,387000,388500,145881,-0.025094102885821812
2022-06-30,385000,386500,349500,349500,442923,-0.10038610038610041
2022-07-01,353500,357500,347500,350000,175587,0.0014306151645206988
2022-07-04,350500,358000,349500,354500,123724,0.0128571428571429
2022-07-05,355000,370500,355000,362500,146662,0.02256699576868826
2022-07-06,360500,370500,358500,360500,152793,-0.0055172413793103114
2022-07-07,364000,377500,364000,376000,144863,0.04299583911234395
2022-07-08,378000,378500,372500,373500,98436,-0.0066489361702127825
2022-07-11,371000,375000,361000,363500,89594,-0.02677376171352075
2022-07-12,361500,365500,355000,358000,82614,-0.015130674002751032
2022-07-13,360500,369500,357500,366500,78174,0.023743016759776525
2022-07-14,362000,373000,361000,367500,109444,0.0027285129604366354
2022-07-15,369000,373000,361000,363500,60211,-0.010884353741496544
2022-07-18,366500,371000,362500,367500,59598,0.011004126547455195
2022-07-19,368000,370000,364000,367500,37041,0.0
2022-07-20,372500,380000,368500,372000,108095,0.012244897959183598
2022-07-21,372000,379500,369500,376000,105212,0.010752688172043001
2022-07-22,374500,380500,373500,373500,66150,-0.0066489361702127825
2022-07-25,373500,375500,361000,370000,83050,-0.009370816599732268
2022-07-26,368000,371000,365500,369500,57512,-0.0013513513513513375
2022-07-27,369000,370000,361500,362500,70268,-0.018944519621109657
2022-07-28,367500,371500,362500,364500,55318,0.0055172413793103114
2022-07-29,367500,381000,367000,372500,137501,0.021947873799725626
2022-08-01,372500,375500,369500,373000,48674,0.0013422818791946067
2022-08-02,373000,373000,365000,366500,66568,-0.017426273458445052
2022-08-03,366500,386500,365500,380500,137306,0.038199181446111785
2022-08-04,384500,389000,382000,385500,111758,0.013140604467805517
2022-08-05,388500,395000,384500,387500,93431,0.005188067444876765
2022-08-08,383500,390500,380500,388500,50862,0.002580645161290418
2022-08-09,388500,417500,383500,412000,272759,0.06048906048906044
2022-08-10,409000,413000,392500,393500,145587,-0.04490291262135926
2022-08-11,399500,407000,398500,405000,129476,0.029224904701397714
2022-08-12,402000,402500,382500,385000,314496,-0.04938271604938271
2022-08-16,379500,380000,368000,378000,202248,-0.018181818181818188
2022-08-17,379000,384500,375500,382500,107508,0.011904761904761862
2022-08-18,379000,386000,377000,382500,65992,0.0
2022-08-19,381500,383000,374500,374500,62056,-0.0209150326797386
2022-08-22,370500,373500,365000,372500,63890,-0.005340453938584733
2022-08-23,369000,374500,363500,363500,72891,-0.024161073825503365
2022-08-24,365000,367000,360000,361000,62121,-0.00687757909215958
2022-08-25,361500,373000,361500,368500,54576,0.020775623268697974
2022-08-26,369000,376000,367500,368500,56871,0.0
2022-08-29,359500,361500,351500,359500,98005,-0.024423337856173677
2022-08-30,359000,373500,359000,372000,64585,0.03477051460361613
2022-08-31,368000,379500,366000,378500,77287,0.017473118279569988
2022-09-01,374500,380000,371500,377000,80965,-0.003963011889035695
2022-09-02,377000,382000,365500,368000,91875,-0.023872679045092826
2022-09-05,368500,384000,368000,377500,80910,0.025815217391304435
2022-09-06,380000,380500,372000,374500,41138,-0.007947019867549643
2022-09-07,372000,373500,365500,368500,46861,-0.01602136181575431
2022-09-08,371500,383000,370500,371500,116331,0.008141112618724522
2022-09-13,380000,386500,379500,382500,74764,0.02960969044414541
2022-09-14,367000,379000,367000,372500,72772,-0.02614379084967322
2022-09-15,375000,377500,367000,368500,50201,-0.010738255033557076
2022-09-16,365500,372000,363000,368000,66015,-0.0013568521031207537
2022-09-19,368000,370500,351500,353000,102295,-0.040760869565217406
2022-09-20,358000,364000,355000,357000,62410,0.011331444759206777
2022-09-21,352000,359000,352000,356500,46591,-0.0014005602240896309
2022-09-22,350000,354500,346500,347000,85936,-0.02664796633941091
2022-09-23,349000,349000,325000,330000,138112,-0.04899135446685876
2022-09-26,327000,335000,325000,327000,100750,-0.009090909090909038
2022-09-27,328500,337000,321000,329000,111345,0.006116207951070374
2022-09-28,324500,331000,318500,323500,87924,-0.016717325227963542
2022-09-29,327000,342500,326500,334500,98931,0.03400309119010814
2022-09-30,334500,349000,330500,346000,114853,0.034379671150971625
2022-10-04,349000,358000,345000,356000,96425,0.028901734104046284
2022-10-05,357000,359500,343000,346500,76530,-0.026685393258427004
2022-10-06,346500,356500,343500,350500,50969,0.011544011544011523
2022-10-07,347000,352500,344000,349000,78955,-0.004279600570613384
2022-10-11,344000,344500,329500,336000,93937,-0.03724928366762181
2022-10-12,333500,338500,329000,337000,62551,0.0029761904761904656
2022-10-13,339000,341000,322500,322500,93182,-0.04302670623145399
2022-10-14,329000,336500,323000,335500,81220,0.04031007751937987
2022-10-17,329500,330000,324000,328000,60583,-0.02235469448584204
2022-10-18,335500,356000,335500,355500,161150,0.08384146341463405
2022-10-19,355500,369000,352500,362500,128667,0.019690576652601877
2022-10-20,358500,363000,354500,358000,106377,-0.012413793103448256
2022-10-21,357000,364000,349500,360000,75084,0.005586592178770999
2022-10-24,368500,376000,366500,370500,100744,0.029166666666666563
2022-10-25,371000,376000,368500,372500,82069,0.005398110661268607
2022-10-26,372500,390000,370000,380500,116441,0.021476510067114152
2022-10-27,387000,387500,377500,378500,58343,-0.005256241787122251
2022-10-28,379000,388000,373500,383000,65727,0.011889035667107084
2022-10-31,387000,391500,384000,390000,73188,0.018276762402088753
2022-11-01,391000,394500,381500,385500,56216,-0.011538461538461497
2022-11-02,385500,405500,385000,400500,143083,0.03891050583657596
2022-11-03,392500,394500,383000,385500,87626,-0.03745318352059923
2022-11-04,382500,407500,381000,404500,126982,0.04928664072632949
2022-11-07,404000,411500,399000,403000,80727,-0.003708281829419069
2022-11-08,405000,412000,399500,412000,89818,0.022332506203474045
2022-11-09,413000,417000,403500,411000,83718,-0.0024271844660194164
2022-11-10,409000,415000,405500,410000,87163,-0.0024330900243308973
2022-11-11,441000,476500,431000,465000,440586,0.13414634146341453
2022-11-14,462000,462500,440000,442000,195858,-0.04946236559139783
2022-11-15,447000,458000,444000,456500,137096,0.0328054298642535
2022-11-16,458500,469500,453500,461000,147285,0.009857612267250904
2022-11-17,461000,479500,461000,479500,208731,0.04013015184381774
2022-11-18,474500,477500,449000,451000,154174,-0.05943691345151203
2022-11-21,452500,463000,449000,459000,100645,0.017738359201773912
2022-11-22,459000,460000,444500,448500,68234,-0.022875816993464082
2022-11-23,451000,466500,451000,457500,94327,0.02006688963210701
2022-11-24,461500,465000,455000,459500,56798,0.004371584699453646
2022-11-25,457500,460000,448500,453000,67781,-0.014145810663764968
2022-11-28,449500,457000,447000,453000,67445,0.0
2022-11-29,453000,457000,450500,454500,43469,0.0033112582781456013
2022-11-30,456500,470500,455000,470500,174713,0.03520352035203511
2022-12-01,480500,481000,462500,464000,64809,-0.01381509032943673
2022-12-02,464500,475000,460000,469500,75419,0.0118534482758621
2022-12-05,472500,474000,451500,454500,129458,-0.03194888178913735
2022-12-06,451000,462500,450500,455000,72616,0.0011001100110010764
2022-12-07,459500,460000,452500,460000,63548,0.01098901098901095
2022-12-08,464500,466500,460500,466000,88638,0.01304347826086949
2022-12-09,469500,476500,464000,468000,98990,0.0042918454935623185
2022-12-12,463500,471500,463500,468000,48577,0.0
2022-12-13,461500,462000,424000,430500,218522,-0.08012820512820518
2022-12-14,436500,455500,436500,453000,171253,0.05226480836236935
2022-12-15,453000,454000,431500,434000,92393,-0.04194260485651213
2022-12-16,430000,439000,425000,438500,89694,0.010368663594469973
2022-12-19,432000,442500,431000,442500,51797,0.009122006841505215
2022-12-20,443000,443000,433000,438500,48869,-0.009039548022598876
2022-12-21,444000,444000,432000,434500,45281,-0.009122006841505104
2022-12-22,435000,439500,431500,438500,55490,0.009205983889528202
2022-12-23,430500,434500,426500,429500,47636,-0.02052451539338651
2022-12-26,430000,435000,427500,432000,40471,0.005820721769499437
2022-12-27,437000,441000,425500,432000,64630,0.0
2022-12-28,426000,439500,418000,433500,76809,0.003472222222222321
2022-12-29,443000,464500,443000,448000,173209,0.03344867358708181
2023-01-02,448500,449000,428500,431500,69875,-0.036830357142857095
2023-01-03,433000,456000,425000,454000,97157,0.052143684820394
2023-01-04,447000,451000,444500,448500,56073,-0.01211453744493396
2023-01-05,445000,454000,432500,432500,88752,-0.035674470457079166
2023-01-06,430500,442000,426000,428000,93529,-0.010404624277456698
2023-01-09,430000,443500,430000,441000,86163,0.030373831775700966
2023-01-10,441000,457500,439000,454000,85202,0.02947845804988658
2023-01-11,457500,459000,443500,446000,77363,-0.017621145374449365
2023-01-12,450000,454500,445000,449000,85887,0.006726457399103047
2023-01-13,456500,468500,456000,464000,102033,0.03340757238307357
2023-01-16,465000,480000,465000,476500,107220,0.0269396551724137
2023-01-17,476500,477000,465000,466000,58281,-0.022035676810073457
2023-01-18,469500,480000,468500,474000,71074,0.01716738197424883
2023-01-19,467000,477000,465500,469000,62843,-0.010548523206751037
2023-01-20,466000,467000,452000,456500,82189,-0.026652452025586304
2023-01-25,462000,470000,460500,467500,64975,0.024096385542168752
2023-01-26,467500,474000,462500,472000,56622,0.009625668449197766
2023-01-27,471000,478500,470500,475500,65231,0.00741525423728806
2023-01-30,473000,479500,460500,463000,99751,-0.02628811777076756
2023-01-31,462000,472000,454000,454000,111844,-0.01943844492440605
2023-02-01,454000,462000,451500,458500,78036,0.009911894273127775
2023-02-02,464500,469500,462500,466000,74803,0.016357688113413316
2023-02-03,466000,473500,462000,472000,91031,0.012875536480686733
2023-02-06,471000,475000,461000,461000,76287,-0.02330508474576276
2023-02-07,460000,468000,455500,467000,64715,0.013015184381778733
2023-02-08,469000,478000,466500,474500,77175,0.016059957173447437
2023-02-09,475000,475500,441500,447500,293302,-0.05690200210748153
2023-02-10,445000,445000,426000,428000,211195,-0.04357541899441342
2023-02-13,427000,430500,420000,428000,121608,0.0
2023-02-14,429500,430500,419500,421500,144662,-0.015186915887850483
2023-02-15,419000,419000,408500,409500,181822,-0.028469750889679735
2023-02-16,413000,419000,411000,413500,143120,0.009768009768009733
2023-02-17,409000,419500,404000,413500,108151,0.0
2023-02-20,415500,436000,411500,433500,148392,0.048367593712212775
2023-02-21,433500,447000,433500,445000,171187,0.026528258362168433
2023-02-22,439500,442500,435500,440000,99058,-0.011235955056179803
2023-02-23,454000,464500,452000,452500,201836,0.02840909090909083
2023-02-24,451000,451500,437000,438500,96751,-0.030939226519337004
2023-02-27,434000,437000,428500,431000,69326,-0.01710376282782211
2023-02-28,432000,443000,431000,434500,97752,0.008120649651972123
2023-03-02,434500,436000,424000,432500,113539,-0.004602991944764101
2023-03-03,436500,440000,422500,422500,97813,-0.023121387283236983
2023-03-06,428500,444000,428000,434500,151453,0.028402366863905293
2023-03-07,431500,431500,419000,420000,136350,-0.03337169159953968
2023-03-08,416000,420000,410000,410500,124863,-0.02261904761904765
2023-03-09,414000,418000,404000,405000,123220,-0.013398294762484775
2023-03-10,396000,399000,391000,396000,107496,-0.022222222222222254
2023-03-13,399500,400000,390500,396500,89461,0.0012626262626262985
2023-03-14,391000,398000,387500,389000,100594,-0.018915510718789386
2023-03-15,393500,395000,377500,380500,130406,-0.02185089974293064
2023-03-16,374500,377000,366500,372500,160198,-0.021024967148488782
2023-03-17,377500,383500,373500,383500,121667,0.029530201342281792
2023-03-20,383000,391500,376000,376500,114836,-0.018252933507170832
2023-03-21,384500,390500,378500,379500,106709,0.007968127490039834
2023-03-22,385500,390500,383500,388500,100697,0.02371541501976293
2023-03-23,383000,385000,379000,380000,82408,-0.02187902187902191
2023-03-24,381500,382000,372000,378000,89631,-0.0052631578947368585
2023-03-27,379000,380500,371500,372000,70585,-0.015873015873015928
2023-03-28,372500,374000,367500,372500,91557,0.0013440860215054862
2023-03-29,372000,375000,365500,371000,102447,-0.004026845637583931
2023-03-30,371000,376000,370000,371500,72852,0.0013477088948787852
2023-03-31,373500,374000,366000,371500,94059,0.0
2023-04-03,374500,377500,370000,370500,58662,-0.0026917900403768957
2023-04-04,371500,386000,371500,385500,110313,0.04048582995951411
2023-04-05,384500,388000,381000,381000,83629,-0.011673151750972721
2023-04-06,378000,385000,377000,378500,84115,-0.006561679790026198
2023-04-07,378500,382000,370000,370000,112951,-0.022457067371202122
2023-04-10,370500,377000,369000,371500,66521,0.004054054054054124
2023-04-11,370000,372500,363000,368500,104639,-0.008075370121130576
2023-04-12,368500,371500,363500,371000,92738,0.006784260515603879
2023-04-13,367000,377500,367000,374500,96608,0.009433962264151052
2023-04-14,377000,381500,373000,380000,114690,0.014686248331108098
2023-04-17,380500,381000,370000,377000,96352,-0.007894736842105288
2023-04-18,383000,388000,371000,377000,135340,0.0
2023-04-19,375500,378500,372500,374000,75985,-0.007957559681697646
2023-04-20,374500,380000,369000,371500,77805,-0.006684491978609652
2023-04-21,369500,371000,366000,367000,71258,-0.012113055181695809
2023-04-24,365500,370000,362500,363500,41960,-0.009536784741144388
2023-04-25,362000,366000,355500,356000,61714,-0.02063273727647863
2023-04-26,353000,372000,352500,367500,94701,0.032303370786516794
2023-04-27,365000,367500,361000,363000,48629,-0.01224489795918371
2023-04-28,363500,381500,362000,377000,113844,0.038567493112947604
2023-05-02,374500,390000,372000,388000,121504,0.02917771883289122
2023-05-03,384000,398000,383500,392500,103050,0.011597938144329856
2023-05-04,386000,394000,379000,387500,119381,-0.01273885350318471
2023-05-08,388000,400000,384500,395500,124323,0.020645161290322678
2023-05-09,394000,398000,387000,394000,101013,-0.0037926675094817064
2023-05-10,404500,404500,377000,387000,248005,-0.017766497461928932
2023-05-11,383500,388000,372500,372500,138162,-0.03746770025839796
2023-05-12,376000,382000,372500,379500,97359,0.01879194630872494
2023-05-15,372500,376000,364500,365000,112687,-0.03820816864295129
2023-05-16,368500,373000,365500,367000,65232,0.005479452054794498
2023-05-17,365000,369000,362000,366500,62731,-0.0013623978201634523
2023-05-18,367500,371000,364000,371000,69131,0.012278308321964637
2023-05-19,371000,377500,371000,375000,70622,0.010781671159029615
2023-05-22,380000,393000,378500,388000,131707,0.03466666666666662
2023-05-23,384500,390000,382000,388500,69855,0.0012886597938144284
2023-05-24,385500,385500,377500,382000,96886,-0.016731016731016735
2023-05-25,362000,375000,357000,358000,278650,-0.06282722513089001
2023-05-26,357000,359000,331500,333500,464475,-0.06843575418994419
2023-05-30,334000,335000,320500,323500,408771,-0.02998500749625188
2023-05-31,317000,324000,313000,321000,647107,-0.007727975270479082
2023-06-01,323000,326500,320000,321000,177303,0.0
2023-06-02,322500,325500,319000,319500,160514,-0.004672897196261627
2023-06-05,321500,322000,318000,320000,104551,0.0015649452269170805
2023-06-07,321000,323500,315000,315000,199238,-0.015625
2023-06-08,316000,316500,309500,311000,247450,-0.012698412698412653
2023-06-09,313500,318500,311500,315000,183416,0.012861736334405238
2023-06-12,315000,318000,308000,309000,167559,-0.01904761904761909
2023-06-13,312000,317500,311000,312500,141397,0.01132686084142387
2023-06-14,313000,313500,306500,308000,140976,-0.014399999999999968
2023-06-15,309000,312000,306000,309000,130445,0.0032467532467532756
2023-06-16,309000,310000,302000,302500,219560,-0.021035598705501646
2023-06-19,301500,305000,300000,302000,93767,-0.0016528925619834212
2023-06-20,299000,311500,299000,308500,142168,0.021523178807947074
2023-06-21,309000,313500,301000,301500,122923,-0.02269043760129663
2023-06-22,301000,307000,301000,303000,74379,0.004975124378109541
2023-06-23,303500,304500,298000,301500,103810,-0.004950495049504955
2023-06-26,301000,304000,298500,300000,82576,-0.00497512437810943
2023-06-27,299000,303000,297000,299500,78729,-0.0016666666666667052
2023-06-28,301000,301500,295500,298500,74233,-0.0033388981636059967
2023-06-29,298500,301000,293500,293500,78211,-0.01675041876046901
2023-06-30,293500,295500,286500,295000,105372,0.005110732538330387
2023-07-03,295000,302000,295000,297500,99389,0.008474576271186418
2023-07-04,298000,300000,292500,294000,83120,-0.0117647058823529
2023-07-05,294000,301500,293000,294000,87384,0.0
2023-07-06,291500,295000,285500,287500,152808,-0.022108843537414935
2023-07-07,284500,286500,279000,279500,152637,-0.02782608695652178
2023-07-10,279500,287500,278500,281000,109740,0.005366726296958779
2023-07-11,282500,287000,281500,285500,101099,0.016014234875444844
2023-07-12,287000,287500,279500,286000,116417,0.0017513134851139256
2023-07-13,288500,296000,288500,291500,150106,0.019230769230769162
2023-07-14,291500,294500,289500,294500,78443,0.010291595197255532
2023-07-17,291500,293500,287000,291000,75297,-0.011884550084889645
2023-07-18,291000,291500,283000,284500,114562,-0.022336769759450203
2023-07-19,285000,291000,283500,287500,96925,0.010544815465729274
2023-07-20,286500,293000,285000,285000,91807,-0.008695652173912993
2023-07-21,282500,286000,280000,285000,67646,0.0
2023-07-24,285000,285000,275500,276000,109381,-0.03157894736842104
2023-07-25,276000,277000,269000,269500,112665,-0.023550724637681153
2023-07-26,268000,268500,255000,260500,227144,-0.033395176252319136
2023-07-27,259000,273500,259000,271500,178301,0.042226487523992384
2023-07-28,268000,275000,267000,273000,105838,0.005524861878453136
2023-07-31,274500,279000,271500,276500,152195,0.012820512820512775
2023-08-01,274000,282500,273000,282000,99581,0.019891500904159143
2023-08-02,279500,281000,276000,278000,64742,-0.014184397163120588
2023-08-03,276500,279000,272000,274000,107472,-0.014388489208633115
2023-08-04,274500,279500,273500,275500,68528,0.005474452554744547
2023-08-07,273000,285000,270500,281500,115923,0.02177858439201441
2023-08-08,283000,285000,276500,278500,75996,-0.010657193605683846
2023-08-09,274500,277500,261000,262500,350159,-0.0574506283662477
2023-08-10,260000,266000,252500,261500,270810,-0.003809523809523818
2023-08-11,261500,267500,259000,263500,203724,0.007648183556405286
2023-08-14,262500,266000,260000,262500,71712,-0.003795066413662229
2023-08-16,259500,262000,256500,257000,109513,-0.020952380952380945
2023-08-17,254500,256000,251500,253000,114909,-0.015564202334630295
2023-08-18,247500,260000,242500,250000,231155,-0.011857707509881465
2023-08-21,248500,261500,246500,256500,139953,0.026000000000000023
2023-08-22,256500,262000,255000,256500,85116,0.0
2023-08-23,253000,254000,245000,246000,199794,-0.040935672514619936
2023-08-24,247500,255500,246500,252500,137803,0.026422764227642226
2023-08-25,248000,252000,245500,247000,117381,-0.0217821782178218
2023-08-28,250000,254000,249500,252000,54222,0.020242914979757165
2023-08-29,252500,257000,252500,254000,60099,0.007936507936507908
2023-08-30,256000,259000,254500,255000,60798,0.003937007874015741
2023-08-31,254000,255500,250500,251500,102604,-0.013725490196078383
2023-09-01,250000,257000,249500,253500,65286,0.007952286282306265
2023-09-04,253000,254500,250000,254000,50214,0.0019723865877712132
2023-09-05,252500,255000,251000,251000,44914,-0.011811023622047223
2023-09-06,251000,251500,247000,248500,72261,-0.009960159362549792
2023-09-07,247000,250500,246000,247500,57226,-0.004024144869215318
2023-09-08,247500,248000,241000,244500,112150,-0.012121212121212088
2023-09-11,245000,248500,243500,246500,56910,0.008179959100204526
2023-09-12,247500,251000,246500,247500,84411,0.0040567951318457585
2023-09-13,247000,248000,241500,243500,73013,-0.016161616161616155
2023-09-14,243500,253500,243000,250500,153905,0.028747433264887157
2023-09-15,250000,253000,249500,252500,92141,0.007984031936127733
2023-09-18,252000,255000,250000,250000,57503,-0.00990099009900991
2023-09-19,250000,251500,247000,249000,53855,-0.0040000000000000036
2023-09-20,247500,250500,247500,248000,49957,-0.004016064257028162
2023-09-21,246500,247000,236500,236500,103291,-0.0463709677419355
2023-09-22,233500,234000,226500,230500,86931,-0.025369978858350906
2023-09-25,228000,235000,227000,229000,78742,-0.006507592190889366
2023-09-26,227000,230000,224000,224500,90464,-0.01965065502183405
2023-09-27,220000,227000,220000,222500,113396,-0.008908685968819552
2023-10-04,218500,220000,212500,212500,176499,-0.0449438202247191
2023-10-05,214500,218000,212500,213000,64349,0.0023529411764706687
2023-10-06,213000,217000,212500,214000,46991,0.0046948356807512415
2023-10-10,218000,225000,217000,218500,108595,0.02102803738317749
2023-10-11,222000,231500,222000,227500,103510,0.041189931350114506
2023-10-12,229500,232000,227500,228500,93314,0.00439560439560438
2023-10-13,225500,230500,224000,225500,51627,-0.013129102844638973
2023-10-16,223500,225000,221500,224000,56386,-0.006651884700665134
2023-10-17,227000,235000,226000,232000,93703,0.03571428571428581
2023-10-18,232500,246500,232500,240500,221926,0.03663793103448265
2023-10-19,238500,244000,236000,237000,148123,-0.014553014553014498
2023-10-20,234500,237000,226500,228500,96175,-0.03586497890295359
2023-10-23,228500,229500,224000,225000,63444,-0.015317286652078765
2023-10-24,227000,230500,220500,229500,75146,0.020000000000000018
2023-10-25,228000,232000,226500,228500,48393,-0.004357298474945481
2023-10-26,225000,227000,221500,223000,72976,-0.024070021881838044
2023-10-27,225000,233500,224000,230500,96767,0.03363228699551568
2023-10-30,228000,233000,228000,230000,48043,-0.002169197396963085
2023-10-31,232000,235000,229500,232500,75383,0.010869565217391353
2023-11-01,236500,237000,231000,235000,78550,0.010752688172043001
2023-11-02,239500,240500,223000,238000,171531,0.012765957446808418
2023-11-03,241000,264000,241000,258500,358427,0.08613445378151252
2023-11-06,259000,259000,248000,259000,209898,0.0019342359767891004
2023-11-07,255500,258000,250000,256500,136705,-0.009652509652509633
2023-11-08,260000,271000,256500,261500,269757,0.01949317738791434
2023-11-09,257500,273000,253000,264500,233943,0.011472275334607929
2023-11-10,260500,265500,258000,261000,76658,-0.013232514177693777
2023-11-13,261000,264000,249000,250500,113109,-0.04022988505747127
2023-11-14,253500,257500,253000,254500,81029,0.015968063872255467
2023-11-15,260000,263000,255500,257000,79388,0.00982318271119853
2023-11-16,257000,257500,250000,251500,88994,-0.021400778210116767
2023-11-17,252500,252500,242500,244000,96518,-0.02982107355864816
2023-11-20,247000,256000,244500,253500,99205,0.03893442622950816
2023-11-21,253500,258000,253000,256000,74402,0.009861932938856066
2023-11-22,254000,274000,251000,272500,217646,0.064453125
2023-11-23,270000,272000,263000,268000,187354,-0.016513761467889854
2023-11-24,270000,272500,265500,269500,109818,0.005597014925373234
2023-11-27,273000,283000,267500,271000,257641,0.005565862708719838
2023-11-28,273500,273500,264500,265000,140019,-0.022140221402214055
2023-11-29,267000,269000,263000,263500,119490,-0.005660377358490565
2023-11-30,263000,268500,261000,262000,172629,-0.005692599620493399
2023-12-01,262000,282500,261000,281000,270408,0.0725190839694656
2023-12-04,282500,286500,278000,281000,185000,0.0
2023-12-05,281000,283500,267000,268000,200065,-0.0462633451957295
2023-12-06,269500,271500,264500,265000,141942,-0.011194029850746245
2023-12-07,267500,267500,253000,261500,195154,-0.013207547169811318
2023-12-08,235500,244000,224500,238500,792455,-0.08795411089866156
2023-12-11,241000,247500,237000,241000,283408,0.01048218029350112
2023-12-12,234000,235500,228500,230000,294128,-0.0456431535269709
2023-12-13,230000,231000,224500,224500,226925,-0.023913043478260843
2023-12-14,227000,232500,226000,228500,253986,0.017817371937639104
2023-12-15,229000,231500,226500,231500,123829,0.013129102844638973
2023-12-18,230500,236000,230000,234000,97661,0.010799136069114423
2023-12-19,234500,245000,232500,241500,181987,0.03205128205128216
2023-12-20,242500,244000,237000,238500,152948,-0.012422360248447228
2023-12-21,235000,243500,235000,240000,108308,0.0062893081761006275
2023-12-22,240500,243500,233500,236000,136172,-0.01666666666666672
2023-12-26,240000,243000,237500,241500,129257,0.02330508474576276
2023-12-27,239000,242500,235500,241000,82326,-0.0020703933747412417
2023-12-28,242500,243500,237500,240500,83855,-0.0020746887966804906
2024-01-02,237000,241000,235000,240000,94013,-0.0020790020790020236
2024-01-03,237000,241000,229500,230000,168566,-0.04166666666666663
2024-01-04,228000,230500,225500,229500,101358,-0.0021739130434782483
2024-01-05,228500,231000,224000,224500,113089,-0.02178649237472763
2024-01-08,221500,225500,218500,218500,126718,-0.026726057906458767
2024-01-09,221500,225000,221000,224000,74711,0.02517162471395884
2024-01-10,223000,225500,220500,221500,62201,-0.011160714285714302
2024-01-11,222500,226000,222000,223000,132159,0.006772009029345272
2024-01-12,221000,221000,215500,219500,108864,-0.015695067264574036
2024-01-15,216500,219500,215500,216000,67513,-0.015945330296127547
2024-01-16,214500,216000,206000,206500,165795,-0.04398148148148151
2024-01-17,205500,206500,193600,193600,279901,-0.062469733656174364
2024-01-18,193100,194600,189900,190800,141490,-0.01446280991735538
2024-01-19,191700,198000,190900,192200,155860,0.007337526205450695
2024-01-22,193400,194200,188200,188200,133007,-0.020811654526534884
2024-01-23,188100,196300,188000,195400,106582,0.03825717321997879
2024-01-24,194600,194700,190200,190800,96031,-0.023541453428863823
2024-01-25,191200,193300,188500,192600,99314,0.009433962264151052
2024-01-26,192100,196300,190500,193800,87918,0.006230529595015577
2024-01-29,194300,198400,194300,195000,97838,0.006191950464396356
2024-01-30,197700,205000,195200,198900,134829,0.020000000000000018
2024-01-31,198900,199800,195400,198100,85418,-0.004022121669180478
2024-02-01,195200,201000,195100,199400,83423,0.006562342251388298
2024-02-02,199600,207500,199600,204000,88434,0.02306920762286868
2024-02-05,204000,209500,202000,207000,115475,0.014705882352941124
2024-02-06,206500,212500,205000,208500,116353,0.007246376811594235
2024-02-07,210500,214500,208500,213000,99976,0.021582733812949728
2024-02-08,208500,210500,202500,204500,157680,-0.039906103286385
2024-02-13,205000,206500,199100,200500,121209,-0.019559902200488977
2024-02-14,199600,210000,198800,207000,133172,0.032418952618453956
2024-02-15,209000,211500,207000,208000,62262,0.004830917874396157
2024-02-16,210000,216500,207000,213000,95282,0.024038461538461453
2024-02-19,214500,215000,211000,213000,55087,0.0
2024-02-20,213000,213000,207500,208000,56978,-0.023474178403755874
2024-02-21,207500,210000,206500,208500,68893,0.0024038461538462563
2024-02-22,209000,210000,203500,204000,90481,-0.021582733812949617
2024-02-23,205500,205500,202000,205000,60411,0.004901960784313708
2024-02-26,206000,207000,201000,201500,67156,-0.017073170731707332
2024-02-27,201000,202000,196500,198100,106971,-0.016873449131513674
2024-02-28,198200,201000,198000,199600,49470,0.007571933366986361
2024-02-29,198800,198800,193800,194000,175223,-0.028056112224448926
2024-03-04,195600,198500,191200,191200,101031,-0.014432989690721598
2024-03-05,189200,192900,189100,189200,84447,-0.010460251046025104
2024-03-06,189100,189600,185200,187300,120992,-0.010042283298097199
2024-03-07,187300,188700,185000,186200,80308,-0.005872931126534975
2024-03-08,188100,193400,188100,188300,101898,0.011278195488721776
2024-03-11,188300,198800,187100,197000,139761,0.046202867764206124
2024-03-12,198000,201000,193800,196300,80145,-0.0035532994923858086
2024-03-13,196300,198800,194600,196300,65478,0.0
2024-03-14,195900,201000,195400,197700,190191,0.00713194090677538
2024-03-15,197700,199000,194500,194600,100649,-0.01568032372281236
2024-03-18,196300,197300,192400,192700,65110,-0.009763617677286729
2024-03-19,191800,191800,187500,188300,131659,-0.02283341982355991
2024-03-20,189700,194400,188700,191400,100130,0.016463090812533165
2024-03-21,192800,194000,189800,191700,84260,0.0015673981191222097
2024-03-22,191100,192200,189000,191400,62228,-0.0015649452269170805
2024-03-25,191000,192800,189400,191800,67823,0.002089864158829613
2024-03-26,193000,209500,192300,208000,249471,0.08446298227320126
2024-03-27,204000,212000,203000,207500,144138,-0.0024038461538461453
2024-03-28,209000,211000,204000,206000,98019,-0.0072289156626506035
2024-03-29,206000,208500,195700,198800,133710,-0.03495145631067964
2024-04-01,200500,207500,198300,206000,103402,0.03621730382293764
2024-04-02,204000,205000,197400,197400,99738,-0.041747572815533984
2024-04-03,196900,198500,193100,193700,96744,-0.018743667679837928
2024-04-04,194800,194900,190800,191100,85964,-0.01342281879194629
2024-04-05,190000,191200,188100,189000,76151,-0.01098901098901095
2024-04-08,188600,189400,184600,185100,100190,-0.020634920634920673
2024-04-09,186100,191300,184300,184500,109609,-0.0032414910858995505
2024-04-11,181200,182700,177800,177800,166096,-0.036314363143631456
2024-04-12,178600,180400,176000,176000,94094,-0.010123734533183382
2024-04-15,174200,174200,169900,170200,133629,-0.03295454545454546
2024-04-16,168500,172000,167600,169300,82996,-0.005287896592244379
2024-04-17,169400,171000,168000,168100,69916,-0.007088009450679222
2024-04-18,168100,171000,167600,168800,87326,0.0041641879833431705
2024-04-19,167100,167300,163600,164900,134132,-0.023104265402843605
2024-04-22,166600,170900,166600,170400,74328,0.03335354760460896
2024-04-23,169000,173500,168700,170500,98971,0.0005868544600939885
2024-04-24,172200,174800,171400,173600,50629,0.018181818181818077
2024-04-25,171600,173700,169900,172500,48045,-0.006336405529953959
2024-04-26,172600,173500,170400,171200,44976,-0.007536231884057942
2024-04-29,172900,179000,172900,178000,87777,0.03971962616822422
2024-04-30,176100,178100,175900,176100,72376,-0.010674157303370735
2024-05-02,176100,179700,175900,178200,67102,0.011925042589437718
2024-05-03,179600,181500,179200,179700,58081,0.008417508417508435
2024-05-07,181600,184300,179700,182100,96628,0.013355592654423987
2024-05-08,182100,186700,182100,183900,81311,0.009884678747940745
2024-05-09,183800,188200,182900,184500,158360,0.0032626427406199365
2024-05-10,189400,209500,189400,204000,697607,0.10569105691056913
2024-05-13,205500,212000,203500,210000,249959,0.02941176470588225
2024-05-14,210500,221000,210500,220000,279372,0.04761904761904767
2024-05-16,217000,217500,213000,215500,147736,-0.020454545454545503
2024-05-17,214000,221500,214000,216500,93170,0.004640371229698292
2024-05-20,218000,218500,211500,214000,79861,-0.011547344110854452
2024-05-21,212000,219000,211000,215500,86123,0.007009345794392496
2024-05-22,213500,218000,213000,214000,60812,-0.00696055684454755
2024-05-23,210500,218500,209500,215000,85190,0.004672897196261738
2024-05-24,212500,217000,212000,212500,60689,-0.011627906976744207
2024-05-27,215000,219500,208000,209500,69691,-0.014117647058823568
2024-05-28,207000,208500,195400,195400,196142,-0.06730310262529837
2024-05-29,194500,196700,193000,194300,85046,-0.005629477993858711
2024-05-30,193300,197200,191900,192300,63862,-0.010293360782295369
2024-05-31,191700,197000,190300,190300,148754,-0.010400416016640657
2024-06-03,191000,197300,190000,194500,65487,0.02207041513399899
2024-06-04,193100,196100,193000,193000,45642,-0.007712082262210762
2024-06-05,193700,197600,192200,194900,63236,0.00984455958549213
2024-06-07,197300,201000,195200,195200,69529,0.001539250897896416
2024-06-10,193400,194200,185800,188000,96072,-0.03688524590163933
2024-06-11,188100,190700,187000,187000,50658,-0.005319148936170248
2024-06-12,186500,188400,183200,185900,85404,-0.00588235294117645
2024-06-13,186600,191200,186600,186600,137194,0.0037654653039267405
2024-06-14,186000,186600,183100,183300,85349,-0.01768488745980712
2024-06-17,182200,186000,181400,185800,62102,0.013638843426077463
2024-06-18,186400,186400,181100,183900,70990,-0.010226049515608127
2024-06-19,185700,190300,184600,189900,88881,0.03262642740619892
2024-06-20,187600,197800,186300,193500,100031,0.018957345971563955
2024-06-21,194700,195300,190000,195300,93605,0.009302325581395321
2024-06-24,195000,198500,186000,186000,90568,-0.04761904761904767
2024-06-25,188400,200500,188400,199800,146342,0.0741935483870968
2024-06-26,196700,197500,186200,186500,169274,-0.06656656656656657
2024-06-27,184700,185000,179000,181000,121162,-0.029490616621983934
2024-06-28,180900,182400,178100,179900,88030,-0.006077348066298338
2024-07-01,179000,191000,179000,184100,164074,0.023346303501945442
2024-07-02,182200,182200,178100,179900,86841,-0.02281368821292773
2024-07-03,180400,182200,179600,180200,52884,0.0016675931072818173
2024-07-04,180200,182300,179400,180400,55686,0.0011098779134295356
2024-07-05,181000,185900,180500,183300,77660,0.016075388026607573
2024-07-08,181500,190200,180500,188400,75340,0.02782324058919805
2024-07-09,188000,194100,188000,191200,87067,0.014861995753715496
2024-07-10,189600,193300,186700,191800,78330,0.003138075313807498
2024-07-11,192800,193700,188700,191200,101045,-0.0031282586027111536
2024-07-12,190500,194700,188200,190400,70029,-0.004184100418409997
2024-07-15,191000,191000,187400,187800,45819,-0.013655462184873901
2024-07-16,187800,189200,184500,184500,43338,-0.01757188498402551
2024-07-17,184600,190400,184600,189000,54768,0.024390243902439046
2024-07-18,189000,190400,184300,189800,73014,0.004232804232804144
2024-07-19,187100,189400,184800,189100,67340,-0.0036880927291885746
2024-07-22,188100,194000,186800,192000,90717,0.015335801163405716
2024-07-23,192100,193000,180700,180700,93724,-0.05885416666666665
2024-07-24,180200,182400,177000,177400,66489,-0.018262313226341975
2024-07-25,176600,182500,176600,181900,64718,0.0253664036076664
2024-07-26,181000,185400,179300,180200,53456,-0.009345794392523366
2024-07-29,181400,181400,176100,176100,56490,-0.022752497225305257
2024-07-30,175000,177800,173200,173200,58954,-0.016467915956842716
2024-07-31,174300,176200,172200,175300,48906,0.012124711316397141
2024-08-01,173700,178400,173700,177500,35664,0.012549914432401499
2024-08-02,175200,178100,171000,175500,71142,-0.011267605633802802
2024-08-05,174800,174800,156900,160400,142547,-0.086039886039886
2024-08-06,165000,175300,164000,171700,167770,0.07044887780548637
2024-08-07,167900,172500,167500,170200,92699,-0.008736167734420541
2024-08-08,168000,181500,168000,180200,158353,0.05875440658049347
2024-08-09,181700,185800,181000,183000,76853,0.015538290788013276
2024-08-12,183000,184500,180600,183600,37916,0.003278688524590123
2024-08-13,183300,186900,183300,185300,50607,0.0092592592592593
2024-08-14,185600,188800,183300,187900,61453,0.01403130059363189
2024-08-16,189600,190200,180600,182900,87965,-0.026609898882384297
2024-08-19,183700,194000,183700,191700,152568,0.04811372334609065
2024-08-20,193000,194200,189400,191900,63513,0.0010432968179447943
2024-08-21,193700,193900,190000,191700,38254,-0.0010422094841062712
2024-08-22,191200,194500,190800,192300,47488,0.003129890453834161
2024-08-23,191500,193500,190900,192200,39151,-0.0005200208008320217
2024-08-26,191500,194200,189600,193400,68737,0.00624349635796051
2024-08-27,194400,199900,191500,192400,95982,-0.005170630816959676
2024-08-28,194200,197700,186500,187500,105757,-0.025467775467775455
2024-08-29,187500,197700,185900,191800,156153,0.02293333333333325
2024-08-30,193900,194000,185500,187600,138305,-0.021897810218978075
2024-09-02,187500,194300,186700,192200,149251,0.024520255863539342
2024-09-03,191500,193500,182400,184900,112463,-0.03798126951092606
2024-09-04,183100,184800,177000,177400,65835,-0.04056246619794479
2024-09-05,177100,184900,177000,183700,66841,0.03551296505073287
2024-09-06,184400,189100,179400,180100,57941,-0.019597169297768113
2024-09-09,178000,180900,176800,178200,48329,-0.010549694614103267
2024-09-10,177600,178900,172500,173000,71780,-0.029180695847362492
2024-09-11,172900,176500,172900,174800,56119,0.010404624277456698
2024-09-12,175600,179100,173200,179100,107983,0.024599542334096114
2024-09-13,179400,179800,174900,179800,56987,0.003908431044109539
2024-09-19,181300,183300,177800,179200,85160,-0.0033370411568409697
2024-09-20,179900,185600,178300,182900,105773,0.020647321428571397
2024-09-23,186400,187400,181600,187000,57979,0.022416621104428547
2024-09-24,187000,193400,186200,192400,85736,0.02887700534759352
2024-09-25,194500,203500,193000,198500,197268,0.03170478170478175
2024-09-26,200000,206500,198200,206000,118101,0.037783375314861534
2024-09-27,206000,207500,190800,191900,211050,-0.06844660194174756
2024-09-30,194600,198400,191000,191000,124327,-0.004689942678478332
2024-10-02,194700,203000,192200,199000,207044,0.041884816753926746
2024-10-04,198500,211000,194900,209000,198145,0.05025125628140703
2024-10-07,213000,228000,211000,224500,349157,0.07416267942583743
2024-10-08,224500,224500,216500,218500,148083,-0.026726057906458767
2024-10-10,214500,216000,198500,199800,342452,-0.08558352402745995
2024-10-11,201500,202500,195000,196000,109533,-0.019019019019019034
2024-10-14,196700,201000,196400,197200,94221,0.00612244897959191
2024-10-15,197200,198500,190500,192900,131798,-0.021805273833671368
2024-10-16,190800,193800,188500,190700,86357,-0.011404872991187198
2024-10-17,192000,192900,189100,189900,68079,-0.004195070791819577
2024-10-18,191400,196100,190100,193100,77768,0.01685097419694581
2024-10-21,194400,203500,192500,200500,170066,0.038322112894873195
2024-10-22,198200,199900,193900,196300,114769,-0.02094763092269325
2024-10-23,196000,212500,193500,210500,190884,0.07233825776872127
2024-10-24,208500,212500,204000,210500,70154,0.0
2024-10-25,210500,221000,210000,213500,135749,0.014251781472684133
2024-10-28,222000,223500,208500,210500,144394,-0.014051522248243575
2024-10-29,209000,218000,206500,214000,86161,0.016627078384798155
2024-10-30,214500,222000,213000,218000,85424,0.01869158878504673
2024-10-31,216000,218500,212000,217500,60316,-0.002293577981651418
2024-11-01,215000,218000,212000,217000,46963,-0.0022988505747126853
2024-11-04,217000,223500,212500,219500,63854,0.011520737327188835
2024-11-05,211500,224500,207000,223000,196511,0.015945330296127658
2024-11-06,223000,230000,220500,225500,130532,0.011210762331838486
2024-11-07,223000,225000,215000,216500,89162,-0.039911308203991136
2024-11-08,218000,218000,210500,212500,66802,-0.018475750577367167
2024-11-11,212000,212500,206000,209000,55848,-0.016470588235294126
2024-11-12,207500,211000,200000,205500,112405,-0.01674641148325362
2024-11-13,203500,210000,201500,204500,56007,-0.0048661800486617945
2024-11-14,206000,207500,200500,204500,86580,0.0
2024-11-15,203500,206000,194900,202000,111310,-0.012224938875305624
2024-11-18,200000,207500,200000,205500,64908,0.017326732673267342
2024-11-19,203500,214000,203000,208000,91497,0.012165450121654597
2024-11-20,206500,218000,206500,215000,72151,0.033653846153846256
2024-11-21,216000,216500,209000,213000,56961,-0.009302325581395321
2024-11-22,215500,220000,212000,216500,61998,0.016431924882629012
2024-11-25,217000,219500,213000,219000,119367,0.011547344110854452
2024-11-26,217000,218500,210500,212000,72911,-0.03196347031963476
2024-11-27,212000,225500,210500,223500,126980,0.054245283018867996
2024-11-28,224000,234500,221500,232500,187659,0.04026845637583887
2024-11-29,234500,238000,228500,237500,179650,0.021505376344086002
2024-12-02,240500,247500,238000,244500,194200,0.02947368421052632
2024-12-03,246500,248000,235000,239000,148457,-0.02249488752556239
2024-12-04,233000,244000,231500,240500,157288,0.006276150627614996
2024-12-05,232500,232500,205500,206000,439202,-0.1434511434511434
2024-12-06,203500,209500,199900,200500,146688,-0.02669902912621358
2024-12-09,197500,199000,188500,190000,150346,-0.052369077306733125
2024-12-10,190300,195300,190000,190000,91542,0.0
2024-12-11,192300,201500,191500,200500,102793,0.0552631578947369
2024-12-12,203000,206000,198700,204500,162130,0.01995012468827939
2024-12-13,205500,214500,204000,209000,112784,0.022004889975550057
2024-12-16,212000,213000,207000,209500,70833,0.0023923444976077235
2024-12-17,207500,209500,204000,205500,80443,-0.019093078758949833
2024-12-18,206500,211000,202000,208500,65515,0.014598540145985384
2024-12-19,202500,209500,201500,203000,54114,-0.026378896882493952
2024-12-20,203000,207000,200000,204500,67936,0.00738916256157629
2024-12-23,205000,205500,200000,202000,47259,-0.012224938875305624
2024-12-24,202000,206000,200500,205500,50747,0.017326732673267342
2024-12-26,205500,207500,201500,202000,49321,-0.01703163017031628
2024-12-27,202000,202000,191200,191600,96951,-0.05148514851485153
2024-12-30,191600,193400,182700,183100,119969,-0.04436325678496866
2025-01-02,183200,186200,179300,182000,76176,-0.006007646095030017
2025-01-03,180900,189200,180900,189000,93585,0.03846153846153855
2025-01-06,187000,193400,185500,190100,50120,0.005820105820105725
2025-01-07,191200,193900,188600,188600,46407,-0.007890583903208848
2025-01-08,188100,190800,188000,188100,40402,-0.002651113467656452
2025-01-09,188200,192300,187100,192300,89533,0.022328548644338087
2025-01-10,190400,193200,185800,186100,56674,-0.032241289651586014
2025-01-13,185600,187100,180700,181200,68764,-0.026329930145083336
2025-01-14,181200,187600,181200,184700,50709,0.019315673289183266
2025-01-15,186100,186400,180200,183200,54631,-0.008121277747698996
2025-01-16,184100,187500,182700,183600,32974,0.0021834061135370675
2025-01-17,184000,184500,181100,181800,53970,-0.009803921568627416
2025-01-20,181800,182800,176000,177700,99967,-0.02255225522552251
2025-01-21,178000,181000,175900,177700,48409,0.0
2025-01-22,178300,179900,176800,177300,53463,-0.0022509848058525073
2025-01-23,178000,178700,172800,173000,74975,-0.02425267907501405
2025-01-24,173700,174700,172000,172200,64662,-0.0046242774566473965
2025-01-31,173900,174800,170800,172700,79477,0.0029036004645761615
2025-02-03,171000,171500,167300,169900,68280,-0.01621308627678053
2025-02-04,170000,173900,167200,168300,76941,-0.009417304296645113
2025-02-05,169500,174900,169100,173500,84118,0.030897207367795554
2025-02-06,174600,174800,171300,172900,51846,-0.0034582132564840995
2025-02-07,171500,174300,170900,171500,39710,-0.0080971659919028
2025-02-10,172400,176500,171900,173400,74991,0.011078717201166155
2025-02-11,175900,181500,174500,180400,102082,0.04036908881199541
2025-02-12,180000,183700,174000,174100,152903,-0.03492239467849223
2025-02-13,174400,174900,169100,171200,152722,-0.016657093624353858
2025-02-14,172200,175400,171700,172900,82877,0.009929906542056166
2025-02-17,173200,173300,169700,170800,66090,-0.012145748987854255
2025-02-18,170800,171400,169400,170800,61635,0.0
2025-02-19,170900,175900,170900,174900,106175,0.024004683840749497
2025-02-20,177000,180500,176600,178200,110470,0.018867924528301883
2025-02-21,180600,180800,176300,177700,44208,-0.0028058361391695152
2025-02-24,177400,182300,176200,177300,57116,-0.0022509848058525073
2025-02-25,176700,177900,173400,173800,67959,-0.01974055273547659
2025-02-26,174100,179700,172800,178400,78989,0.026467203682393636
2025-02-27,179600,179600,175700,177500,50544,-0.005044843049327397
2025-02-28,176100,176100,170100,170100,151614,-0.04169014084507039
2025-03-04,170100,170500,164500,164500,116485,-0.03292181069958844
2025-03-05,166000,167900,160100,161600,136359,-0.017629179331307032
2025-03-06,162500,164500,161600,164300,71134,0.01670792079207928
2025-03-07,163300,164000,161200,161300,69072,-0.018259281801582428
2025-03-10,161000,164800,159100,162600,62567,0.008059516429014257
2025-03-11,158900,160900,157300,159300,70825,-0.020295202952029467
2025-03-12,159500,161000,157500,157800,110931,-0.00941619585687381
2025-03-13,158600,164500,158300,163000,176597,0.032953105196451116
2025-03-14,164200,167700,162700,164800,94501,0.01104294478527601
2025-03-17,165800,166800,163900,164400,43866,-0.0024271844660194164
2025-03-18,165000,165200,163000,163400,34863,-0.006082725060827299
2025-03-19,162500,165300,162100,163600,46986,0.001223990208078396
2025-03-20,163500,165700,162700,162700,35525,-0.005501222493887514
2025-03-21,160800,163300,160500,163300,69573,0.003687768899815591
2025-03-24,162300,163500,160600,160700,36821,-0.015921616656460524
2025-03-25,161100,162200,159500,161300,29268,0.0037336652146857663
2025-03-26,162600,164400,161400,161800,34371,0.0030998140111593298
2025-03-27,161000,162400,160500,161600,36184,-0.0012360939431397266
2025-03-28,162200,162300,159000,159100,34126,-0.015470297029702929
2025-03-31,157500,158200,148900,149400,158978,-0.0609679446888749
2025-04-01,150200,152700,149700,151400,54534,0.01338688085676032
2025-04-02,151500,152000,147400,148600,96841,-0.018494055482166427
2025-04-03,145000,147900,143200,146900,98864,-0.01144010767160164
2025-04-04,144100,153100,144100,153100,120646,0.04220558202859093
2025-04-07,147600,148000,141800,142000,125234,-0.07250163291966039
2025-04-08,143700,144600,138400,138400,105755,-0.025352112676056304
2025-04-09,136600,138900,134600,135900,86205,-0.018063583815028927
2025-04-10,140100,142400,139400,142200,133247,0.04635761589403975
2025-04-11,139600,144400,139400,144200,63325,0.014064697609001309
2025-04-14,145000,146300,142300,142400,66584,-0.012482662968099856
2025-04-15,143100,143900,142200,142600,65768,0.001404494382022392
2025-04-16,142600,142600,136900,137800,121810,-0.033660589060308554
2025-04-17,138300,140300,137500,139800,99816,0.014513788098693858
2025-04-18,139900,139900,137200,138500,81460,-0.009298998569384875
2025-04-21,138500,138500,135200,136400,74684,-0.015162454873646203
2025-04-22,135300,136100,134600,135800,50376,-0.004398826979472137
2025-04-23,137000,142200,136700,141800,126117,0.044182621502209196
2025-04-24,142000,148200,141200,147700,120088,0.04160789844851909
2025-04-25,147600,148000,146000,146900,58442,-0.005416384563303955
2025-04-28,146300,151900,146000,150700,105329,0.02586793737236226
2025-04-29,150700,151400,145700,146700,101362,-0.02654280026542799
2025-04-30,146400,149000,144100,146300,100400,-0.0027266530334014716
2025-05-02,145500,147300,144000,145800,75782,-0.0034176349965823194
2025-05-07,147000,150300,145600,148100,94479,0.01577503429355276
2025-05-08,147100,148500,145600,147100,94850,-0.006752194463200523
2025-05-09,147500,151400,147300,148100,81215,0.00679809653297081
2025-05-12,149600,151200,147100,149400,53432,0.008777852802160702
2025-05-13,148300,151800,147500,150400,84253,0.006693440428380271
2025-05-14,151500,158500,145200,158500,289711,0.053856382978723305
2025-05-15,156400,157900,153700,155500,95922,-0.018927444794952675
2025-05-16,156600,163200,155700,161700,164070,0.039871382636655905
2025-05-19,161000,161300,155700,157600,76548,-0.02535559678416821
2025-05-20,159200,159600,154200,155600,74867,-0.012690355329949221
2025-05-21,155700,159100,155300,155500,68349,-0.0006426735218508783
2025-05-22,154000,157100,153900,155600,83209,0.0006430868167202064
2025-05-23,155600,156500,150100,150800,103949,-0.03084832904884316
2025-05-26,150000,153300,148200,151900,99886,0.007294429708222916
2025-05-27,150500,159000,150000,157600,208277,0.037524687294272496
2025-05-28,156900,162300,155800,157300,132706,-0.0019035532994924331
2025-05-29,158800,160800,157000,158900,127102,0.010171646535282797
2025-05-30,156000,160300,149400,152500,1720727,-0.04027690371302706
2025-06-02,154700,169200,153500,166500,330236,0.09180327868852456
2025-06-04,166800,169000,165600,166500,200239,0.0
2025-06-05,166000,176800,166000,172900,221969,0.038438438438438416
2025-06-09,173500,175300,170800,173000,134819,0.0005783689994216523
2025-06-10,173200,177600,172400,174300,127181,0.007514450867051936
2025-06-11,178000,180500,174800,177900,134097,0.0206540447504302
2025-06-12,178000,181800,175100,176600,227190,-0.007307476110174238
2025-06-13,178000,179800,174100,176500,119917,-0.0005662514156284937
2025-06-16,176200,177600,168500,170900,123244,-0.031728045325779
2025-06-17,170700,173800,169600,171900,84954,0.005851375073142151
2025-06-18,170000,187400,169600,186900,259733,0.08726003490401402
2025-06-19,188500,191000,181700,190500,244422,0.019261637239165408
2025-06-20,192000,192300,186000,190400,232899,-0.0005249343832021136
2025-06-23,189900,196000,186900,194200,178468,0.01995798319327724
2025-06-24,201000,203500,191500,194100,157184,-0.000514933058702316
2025-06-25,195900,196000,189600,192800,90442,-0.006697578567748552
2025-06-26,191800,191800,185500,188200,98740,-0.023858921161825752
2025-06-27,189700,189700,184100,185700,72155,-0.013283740701381497
2025-06-30,189000,213000,188900,206500,292068,0.11200861604738832
2025-07-01,206000,208000,203000,204500,78567,-0.009685230024213065
2025-07-02,204500,209000,197500,201500,87179,-0.014669926650366705
2025-07-03,206000,208500,201500,205500,75909,0.01985111662531014
2025-07-04,208500,211500,205500,207000,86515,0.007299270072992803
2025-07-07,208000,210000,203000,204500,47736,-0.012077294685990392
2025-07-08,206500,213000,206500,209500,68568,0.02444987775061125
2025-07-09,209500,218000,206000,207500,128699,-0.009546539379474916
2025-07-10,207000,211000,204000,206500,131056,-0.004819277108433773
2025-07-11,206500,214500,205000,211500,77156,0.02421307506053272
2025-07-14,213000,216500,209000,212000,80056,0.0023640661938533203
2025-07-15,210000,218000,210000,213500,70240,0.007075471698113178
2025-07-16,213000,214500,209500,212000,77833,-0.007025761124121788
2025-07-17,213500,215000,207000,212000,54211,0.0
2025-07-18,212500,215000,205000,209500,61982,-0.011792452830188704
2025-07-21,208000,211500,206500,208000,49534,-0.007159904534606243
2025-07-22,206500,208500,204500,205500,60048,-0.012019230769230727
2025-07-23,205500,207000,196100,198700,136957,-0.03309002433090025
2025-07-24,198700,199500,192800,194100,96389,-0.0231504781077001
2025-07-25,193700,196600,193700,195300,39497,0.0061823802163833985
2025-07-28,195100,196800,192600,194000,35509,-0.0066564260112647045
2025-07-29,194600,194600,189800,192800,59086,-0.006185567010309256
2025-07-30,192800,194700,192100,193900,45943,0.005705394190871349
2025-07-31,192500,194700,192200,193700,32276,-0.001031459515213995
2025-08-01,190200,192800,187200,190600,54545,-0.016004130098089875
2025-08-04,190500,203500,188900,196900,155552,0.03305351521511013
2025-08-05,199900,203000,194500,195400,88713,-0.0076180802437785244
2025-08-06,195000,196400,193700,195900,36922,0.0025588536335721113
2025-08-07,196000,204500,193600,203500,85477,0.03879530372639106
2025-08-08,203500,204000,199700,202000,55229,-0.0073710073710073765
2025-08-11,209000,214500,201500,202500,83607,0.0024752475247524774
2025-08-12,211500,229000,211000,223000,470179,0.10123456790123453
2025-08-13,221500,221500,213000,214500,131479,-0.03811659192825112
