Date,Open,High,Low,Close,Volume,Change
2022-01-03,35527,35575,32776,33211,647826,-0.06011037215225701
2022-01-04,33258,33307,32196,32873,281692,-0.010177350877721203
2022-01-05,32631,33065,31859,31907,233488,-0.029385818148632614
2022-01-06,31376,32727,31279,31473,197495,-0.013602030902309825
2022-01-07,31907,34079,31665,32100,377897,0.019921837765703998
2022-01-10,31955,32245,30941,31328,166690,-0.024049844236760154
2022-01-11,31328,32003,31134,31956,157951,0.020045965270684363
2022-01-12,32390,34079,32293,33355,316284,0.04377894605081978
2022-01-13,33355,33355,31810,32149,241968,-0.03615649827612055
2022-01-14,31665,32776,31472,32245,135595,0.002986095990544113
2022-01-17,32245,32872,31810,32824,108831,0.01795627229027752
2022-01-18,32727,33307,32052,32149,91587,-0.020564221301486718
2022-01-19,32100,32438,31279,32052,100827,-0.003017201157112237
2022-01-20,32148,33500,32148,33307,167619,0.03915512292524648
2022-01-21,32390,33258,32390,32824,112030,-0.014501456150358805
2022-01-24,32872,33210,32245,32631,130355,-0.005879844016573266
2022-01-25,32727,32824,30797,30990,218166,-0.05028960191229204
2022-01-26,30507,32100,30507,32100,156211,0.03581800580832528
2022-01-27,31569,31810,29638,30121,271615,-0.06165109034267913
2022-01-28,29445,31328,29445,31280,135846,0.0384781381760233
2022-02-03,31569,33017,31569,32293,134706,0.032384910485933505
2022-02-04,31955,32583,30748,32052,133308,-0.00746291766017404
2022-02-07,32052,32245,30748,30845,149692,-0.0376575564707351
2022-02-08,31134,31617,30652,31280,103920,0.014102771924136892
2022-02-09,31376,31521,30700,31280,77142,0.0
2022-02-10,31279,31714,29976,30121,156562,-0.037052429667519204
2022-02-11,29783,30121,28914,29059,158630,-0.03525779356595071
2022-02-14,28335,29397,28286,29108,109551,0.001686224577583495
2022-02-15,28721,29155,27997,28094,116751,-0.03483578397691356
2022-02-16,28576,30700,28480,30604,179399,0.08934292019648327
2022-02-17,30314,30748,29590,29976,124193,-0.02052019343876621
2022-02-18,29059,30314,29059,29928,122605,-0.0016012810248198228
2022-02-21,29542,29686,28383,29397,205654,-0.017742582197273427
2022-02-22,28914,28914,28480,28625,136220,-0.026261183113923225
2022-02-23,28721,29638,28721,28818,98563,0.006742358078602573
2022-02-24,28914,28914,27755,28142,132185,-0.02345756124644316
2022-02-25,29348,29735,28528,29252,132842,0.03944282566981738
2022-02-28,29059,29155,28431,28818,99356,-0.014836592369752544
2022-03-02,28769,29252,28673,28818,77509,0.0
2022-03-03,28866,29928,28721,29928,174663,0.03851759317093473
2022-03-04,29735,29879,28673,28770,152455,-0.03869286287089013
2022-03-07,28480,28769,27804,27901,132560,-0.030205074730622172
2022-03-08,27369,28286,27176,27853,126653,-0.0017203684455754376
2022-03-10,28673,29493,28383,29494,246799,0.05891645424191294
2022-03-11,29204,29638,28817,29301,104477,-0.006543703804163581
2022-03-14,29155,29590,28142,28190,128445,-0.037916794648646834
2022-03-15,28383,29059,27852,28721,90196,0.018836466832210075
2022-03-16,29011,29590,28962,29397,136723,0.023536784930886734
2022-03-17,29783,29783,29252,29687,149360,0.009864952206007471
2022-03-18,29204,29348,28093,28577,335164,-0.037390103412268005
2022-03-21,28721,28721,27852,27949,152407,-0.02197571473562654
2022-03-22,27900,28093,27659,27901,152499,-0.0017174138609610257
2022-03-23,27949,28238,27369,27466,178565,-0.015590839038027271
2022-03-24,27514,27707,27031,27466,151419,0.0
2022-03-25,27514,28673,27514,27853,151965,0.014090147819121768
2022-03-28,28142,28142,26983,27080,182302,-0.027752845294941264
2022-03-29,27176,27755,27031,27418,110288,0.012481536189069331
2022-03-30,27466,27900,27225,27322,108292,-0.0035013494784448262
2022-03-31,27369,27514,27031,27080,127139,-0.008857331088500064
2022-04-01,27031,27031,25969,26453,308214,-0.02315361890694234
2022-04-04,27128,27225,26452,26791,188083,0.012777378747212076
2022-04-05,26790,27080,26500,26549,87263,-0.009032884177522349
2022-04-06,26597,26597,25873,26018,157771,-0.020000753324042386
2022-04-07,25680,25921,25294,25584,161654,-0.016680759474210216
2022-04-08,25632,26259,25535,26260,134397,0.026422764227642226
2022-04-11,26114,26114,25197,25246,151840,-0.03861386138613865
2022-04-12,25004,25245,24183,24474,203530,-0.03057910163986377
2022-04-13,24328,25294,24328,25294,131811,0.0335049440222277
2022-04-14,25342,25921,25101,25439,91533,0.005732584802720098
2022-04-15,25101,25680,24666,25198,102585,-0.009473642831872353
2022-04-18,25197,25438,24666,25198,64641,0.0
2022-04-19,25245,26211,25197,25970,129484,0.03063735217080721
2022-04-20,26018,26500,25487,26066,114506,0.0036965729688100968
2022-04-21,25873,26404,25294,25342,93823,-0.02777564643597019
2022-04-22,25101,25294,24714,24860,84086,-0.019019809012706168
2022-04-25,24618,24763,24039,24329,184022,-0.021359613837489966
2022-04-26,24521,25776,24280,25439,164881,0.04562456327839204
2022-04-27,24618,26307,24618,25632,165484,0.007586776209756563
2022-04-28,25825,26018,25390,25873,84463,0.009402309612983828
2022-04-29,25583,26307,25487,26308,92090,0.016812893750241642
2022-05-02,25969,26356,25632,26066,92261,-0.00919872282195533
2022-05-03,25825,26356,25535,25970,79465,-0.00368295864344359
2022-05-04,26018,26018,25197,25246,95485,-0.02787832113977662
2022-05-06,24666,25052,24425,24763,106525,-0.01913174364255721
2022-05-09,24473,24714,24232,24329,132293,-0.01752614788192064
2022-05-10,24039,24135,22977,23991,239587,-0.013892885034321178
2022-05-11,23411,24618,23266,24474,112193,0.020132549706139757
2022-05-12,23652,24183,23604,24136,150647,-0.013810574487210903
2022-05-13,24232,24473,23942,24474,108472,0.014003977461054085
2022-05-16,24280,24714,23942,24232,101172,-0.009888044455340306
2022-05-17,24087,24618,23652,24087,119383,-0.005983823043908876
2022-05-18,23990,24859,23846,24860,120836,0.03209199983393529
2022-05-19,24087,25294,24039,24618,110198,-0.009734513274336276
2022-05-20,24473,27224,24473,27032,582429,0.09805833130229913
2022-05-23,26838,28673,26694,28287,473847,0.04642645753181407
2022-05-24,28045,28721,27900,27901,215367,-0.013645844380810956
2022-05-25,27804,28480,27707,28094,157017,0.006917314791584639
2022-05-26,28093,28335,27128,27418,135383,-0.02406207731188159
2022-05-27,27562,27852,26790,27128,166187,-0.010576993216135366
2022-05-30,27176,28962,27176,28625,241264,0.055182836921262135
2022-05-31,28673,28673,27949,28335,167727,-0.010131004366812246
2022-06-02,28142,28335,27128,27853,142054,-0.017010764072701634
2022-06-03,27949,28576,27225,27853,217990,0.0
2022-06-07,27466,27900,26452,26646,154931,-0.04333464976842705
2022-06-08,26790,27611,26549,27128,146719,0.018089018989716932
2022-06-09,27176,27176,26452,26887,110779,-0.008883810085520527
2022-06-10,26838,27031,26259,26597,91731,-0.010785881652843332
2022-06-13,25825,26114,25101,25198,154527,-0.05259991728390423
2022-06-14,24280,25390,24280,25149,176765,-0.0019445987776807172
2022-06-15,25004,25197,23652,23894,150780,-0.0499025806195077
2022-06-16,24135,25004,23556,24136,140793,0.010128065623169036
2022-06-17,24087,24232,23170,23894,267818,-0.010026516407026898
2022-06-20,24087,24232,23025,24039,170817,0.006068469071733418
2022-06-21,23701,23990,23218,23605,177664,-0.018053995590498806
2022-06-22,23652,23652,22446,23460,248302,-0.00614276636305866
2022-06-23,23025,24087,22397,22977,245215,-0.020588235294117685
2022-06-24,23218,24425,22784,24184,196249,0.05253079166122654
2022-06-27,23990,24956,23604,24522,139831,0.013976182600066167
2022-06-28,24618,24811,24183,24618,51538,0.003914851969659905
2022-06-29,24232,25776,24039,25294,137769,0.027459582419367967
2022-06-30,25101,27369,24811,26791,344489,0.05918399620463344
2022-07-01,26790,27128,25921,25970,144730,-0.03064461946175956
2022-07-04,25921,26018,25004,25391,125406,-0.022294955718136333
2022-07-05,25873,26645,25438,26549,115552,0.04560671103934455
2022-07-06,25921,27321,25921,26597,117881,0.0018079777016084542
2022-07-07,26307,27369,26307,27225,101037,0.02361168552844295
2022-07-08,27225,27466,26597,27177,108598,-0.001763085399449027
2022-07-11,27080,28576,26983,27322,222879,0.0053353938992530825
2022-07-12,26983,27804,26742,27080,118693,-0.008857331088500064
2022-07-13,27418,28190,26935,27466,159453,0.014254062038404625
2022-07-14,27080,27321,26549,26791,156246,-0.024575839219398543
2022-07-15,26935,27562,26404,27032,103518,0.008995558209846655
2022-07-18,27707,27755,26935,27128,72851,0.0035513465522343246
2022-07-19,26935,27900,26935,27611,78273,0.017804482453553483
2022-07-20,27755,27755,26887,27032,66045,-0.02096990329940962
2022-07-21,27080,27321,26694,26839,67823,-0.007139686297721215
2022-07-22,26597,26887,26404,26404,68226,-0.01620775736800928
2022-07-25,26163,26645,26114,26308,47947,-0.003635812755643064
2022-07-26,26066,26549,25969,26356,54941,0.0018245400638587927
2022-07-27,26404,26983,26163,26646,38820,0.011003187130065317
2022-07-28,26838,27176,26645,26935,65320,0.010845905576821968
2022-07-29,27080,27466,26838,27370,80034,0.01614999071839618
2022-08-01,27176,27224,26500,26597,60485,-0.028242601388381416
2022-08-02,26356,26549,25487,26066,144078,-0.019964657668158026
2022-08-03,25632,26597,25583,26356,72981,0.011125604235402431
2022-08-04,26549,28673,26356,28673,473868,0.08791167096676289
2022-08-05,28624,29397,28238,29108,331736,0.015171066857322169
2022-08-08,29300,29590,27755,27949,318258,-0.03981723237597912
2022-08-09,27611,27997,27321,27611,139101,-0.012093455937600583
2022-08-10,27321,27804,26645,26646,154994,-0.03494983883234948
2022-08-11,26983,27562,26645,27273,176218,0.023530736320648504
2022-08-12,27031,27369,26645,26646,131815,-0.022989770102298968
2022-08-16,26645,26983,25680,25922,204478,-0.027171057569616464
2022-08-17,25921,25969,25052,25391,181480,-0.020484530514620736
2022-08-18,25149,25197,24618,24763,152340,-0.02473317317159629
2022-08-19,24763,25052,24328,24618,156125,-0.005855510237047223
2022-08-22,24376,24570,23942,23943,137974,-0.02741896173531566
2022-08-23,23942,24521,23846,23894,156537,-0.002046527168692358
2022-08-24,23990,24135,23121,23315,227138,-0.02423202477609443
2022-08-25,23411,23894,23266,23508,123013,0.008277932661376886
2022-08-26,23556,23846,23170,23170,292041,-0.014378084056491436
2022-08-29,18825,20032,16991,17378,1783749,-0.24997842037116957
2022-08-30,17570,18825,17232,18729,644171,0.07774197260904603
2022-08-31,18487,19887,18246,19598,292777,0.04639863313577863
2022-09-01,19163,19598,18825,18971,206426,-0.03199306051637918
2022-09-02,19163,19405,18777,18971,144241,0.0
2022-09-05,18825,19356,18391,18729,149191,-0.012756312266090308
2022-09-06,18825,19115,18439,18536,129977,-0.010304874793101604
2022-09-07,18536,18536,17812,18053,166244,-0.026057401812688785
2022-09-08,18343,18680,18198,18343,135086,0.01606381210879082
2022-09-13,18632,19260,18487,18778,101950,0.023714768576568623
2022-09-14,18150,18825,17860,18295,112877,-0.025721589093620212
2022-09-15,18825,18825,18053,18053,74295,-0.013227657830008233
2022-09-16,17812,18391,17763,18053,75028,0.0
2022-09-19,18053,18294,17715,17812,111363,-0.013349581786960663
2022-09-20,18246,18536,17812,18053,79000,0.013530204356613451
2022-09-21,17812,18391,17763,18198,103551,0.00803190605439541
2022-09-22,17763,18874,17763,18633,155264,0.02390372568414101
2022-09-23,18680,18680,18149,18488,180145,-0.007781892341544583
2022-09-26,17956,18777,17812,18150,289335,-0.018282128948507115
2022-09-27,17700,18700,17700,18700,129523,0.030303030303030276
2022-09-28,18300,19000,17950,18650,151655,-0.002673796791443861
2022-09-29,18850,19700,18700,19100,166345,0.024128686327077764
2022-09-30,18950,19050,18250,18500,129280,-0.03141361256544506
2022-10-04,18700,19150,18550,18650,79904,0.008108108108108025
2022-10-05,18750,18950,18450,18600,117676,-0.002680965147453085
2022-10-06,18750,19350,18550,19000,128312,0.021505376344086002
2022-10-07,18850,19800,18750,19500,194695,0.026315789473684292
2022-10-11,19200,20700,19200,20450,305598,0.04871794871794877
2022-10-12,20550,22250,20150,21750,417093,0.0635696821515892
2022-10-13,21350,22100,20900,21750,322160,0.0
2022-10-14,22450,22700,19700,19850,529001,-0.08735632183908049
2022-10-17,19650,19750,18000,18950,375943,-0.04534005037783373
2022-10-18,18900,18900,18300,18700,166370,-0.01319261213720313
2022-10-19,18650,18650,18000,18200,131882,-0.0267379679144385
2022-10-20,18000,18550,17900,18300,131964,0.005494505494505475
2022-10-21,18100,18200,16800,17200,237232,-0.060109289617486295
2022-10-24,17500,18000,17400,17900,171388,0.04069767441860472
2022-10-25,17600,18100,17350,17400,70655,-0.027932960893854775
2022-10-26,17400,17750,17200,17400,84708,0.0
2022-10-27,17550,18100,17450,17800,112732,0.02298850574712641
2022-10-28,17600,18350,17600,17800,101840,0.0
2022-10-31,17850,18250,17650,18200,81624,0.022471910112359605
2022-11-01,18200,18300,17850,17950,96248,-0.013736263736263687
2022-11-02,17900,18250,17300,17300,268850,-0.03621169916434541
2022-11-03,17200,17300,16250,16300,207020,-0.05780346820809246
2022-11-04,16150,16650,15850,16150,136859,-0.009202453987730008
2022-11-07,16350,16800,16200,16250,239995,0.006191950464396356
2022-11-08,16300,17200,16250,16900,136896,0.040000000000000036
2022-11-09,17050,17050,16050,16450,221771,-0.026627218934911268
2022-11-10,16150,16650,16050,16300,117472,-0.00911854103343468
2022-11-11,16900,17700,16850,17600,274998,0.07975460122699385
2022-11-14,17550,17850,17300,17500,133968,-0.005681818181818232
2022-11-15,17500,20850,17500,20500,793300,0.17142857142857149
2022-11-16,20250,21400,20050,20400,273277,-0.004878048780487809
2022-11-17,20200,20600,19400,19500,187506,-0.044117647058823484
2022-11-18,19500,20100,19250,19450,82352,-0.002564102564102555
2022-11-21,19450,19950,18450,18500,159182,-0.04884318766066842
2022-11-22,18250,18700,18100,18300,103502,-0.010810810810810811
2022-11-23,18300,18650,18200,18450,77018,0.008196721311475308
2022-11-24,18300,18700,18050,18400,141559,-0.0027100271002710175
2022-11-25,18450,18450,17500,17500,169878,-0.048913043478260865
2022-11-28,17450,18450,17400,18300,321251,0.04571428571428582
2022-11-29,18100,20150,17950,19500,270957,0.06557377049180335
2022-11-30,19250,20300,18500,20050,408240,0.028205128205128105
2022-12-01,20450,21900,19200,19400,686990,-0.032418952618453845
2022-12-02,19400,19550,18450,19150,317818,-0.012886597938144284
2022-12-05,19600,21200,19250,20700,625201,0.08093994778067892
2022-12-06,20350,20550,19200,19250,331286,-0.07004830917874394
2022-12-07,19100,20400,19050,19550,221416,0.01558441558441559
2022-12-08,20150,20200,19150,19200,235265,-0.01790281329923271
2022-12-09,19300,20100,19150,19750,203557,0.02864583333333326
2022-12-12,19700,19850,18800,18900,190317,-0.04303797468354431
2022-12-13,19050,19300,18500,18700,104121,-0.010582010582010581
2022-12-14,18600,19300,18600,18950,148187,0.013368983957219305
2022-12-15,18550,18900,18350,18550,114834,-0.02110817941952503
2022-12-16,18150,18500,18050,18150,121136,-0.021563342318059342
2022-12-19,18150,18350,17800,18150,87546,0.0
2022-12-20,18200,18250,16950,17200,210939,-0.052341597796143224
2022-12-21,17500,17850,17300,17550,120254,0.02034883720930236
2022-12-22,17700,18350,17700,18150,145404,0.03418803418803429
2022-12-23,17750,17750,16900,17300,275263,-0.04683195592286504
2022-12-26,17400,17950,17150,17800,216790,0.028901734104046284
2022-12-27,17950,18650,17700,17950,385387,0.008426966292134797
2022-12-28,17700,17900,17350,17400,251369,-0.03064066852367686
2022-12-29,17250,17600,16800,17300,235149,-0.005747126436781658
2023-01-02,17700,18250,17200,17350,312530,0.0028901734104045396
2023-01-03,17150,17550,16750,16800,166349,-0.03170028818443804
2023-01-04,16500,16850,16100,16500,286102,-0.017857142857142905
2023-01-05,16450,16800,16300,16500,152155,0.0
2023-01-06,16450,16850,16100,16550,157644,0.003030303030302939
2023-01-09,16600,17400,16600,17200,168424,0.0392749244712991
2023-01-10,17200,17450,16650,16700,153429,-0.029069767441860517
2023-01-11,16950,17600,16850,17450,191186,0.04491017964071853
2023-01-12,17550,18250,17100,18000,223435,0.03151862464183375
2023-01-13,17900,18600,17750,17950,186061,-0.002777777777777768
2023-01-16,18250,18350,17700,18350,192112,0.022284122562674202
2023-01-17,18350,18350,17400,17400,182818,-0.05177111716621252
2023-01-18,17400,17850,17300,17500,143294,0.005747126436781658
2023-01-19,17100,17600,17050,17500,64963,0.0
2023-01-20,17250,18050,17250,17950,117607,0.0257142857142858
2023-01-25,18050,18600,17780,18160,106100,0.011699164345403856
2023-01-26,18170,18870,18050,18470,265544,0.017070484581497736
2023-01-27,18480,19200,18280,18810,220843,0.01840822956145094
2023-01-30,18780,18900,18060,18380,164749,-0.02286018075491758
2023-01-31,18380,19300,18290,19150,511523,0.04189336235038077
2023-02-01,19150,20400,18970,19760,375863,0.03185378590078325
2023-02-02,19730,20100,19530,19690,188603,-0.003542510121457454
2023-02-03,19690,21150,19500,20850,432371,0.058913153885221003
2023-02-06,20650,20650,19550,19900,425043,-0.04556354916067151
2023-02-07,20050,21200,19820,20950,345006,0.05276381909547734
2023-02-08,21100,22150,21000,21950,536291,0.047732696897374804
2023-02-09,21500,22100,21200,21800,228637,-0.006833712984054663
2023-02-10,21650,21650,20950,21500,238710,-0.013761467889908285
2023-02-13,21400,21600,20700,21000,157148,-0.023255813953488413
2023-02-14,21500,21700,21150,21550,139771,0.026190476190476097
2023-02-15,21450,21600,20850,20850,172289,-0.0324825986078886
2023-02-16,20900,21950,20900,21200,260732,0.01678657074340517
2023-02-17,20850,21050,20400,20700,146407,-0.02358490566037741
2023-02-20,20700,22650,20450,22300,340430,0.07729468599033806
2023-02-21,22150,22150,21100,21350,231844,-0.04260089686098656
2023-02-22,21350,21350,20400,20650,235980,-0.032786885245901676
2023-02-23,20750,21300,20650,20950,136645,0.014527845036319542
2023-02-24,19600,19800,16800,18220,1767875,-0.1303102625298329
2023-02-27,18020,18370,17560,18170,256113,-0.0027442371020856005
2023-02-28,18110,18290,17620,17960,343194,-0.011557512383049029
2023-03-02,18000,18130,17580,17620,168421,-0.018930957683741645
2023-03-03,17730,18160,17730,18100,211405,0.02724177071509648
2023-03-06,18100,18130,17670,17780,164214,-0.0176795580110497
2023-03-07,17940,18750,17660,18600,335699,0.046119235095613
2023-03-08,18470,18480,18030,18230,186537,-0.019892473118279574
2023-03-09,18260,19270,18230,19270,288225,0.05704882062534278
2023-03-10,19120,19120,18680,18860,208343,-0.021276595744680882
2023-03-13,18860,19030,18220,18770,132141,-0.004772004241781591
2023-03-14,18400,18770,18010,18040,153194,-0.03889184869472562
2023-03-15,18300,18560,18010,18320,118615,0.015521064301552201
2023-03-16,18010,19810,18000,18550,574271,0.01255458515283836
2023-03-17,18430,18980,18120,18960,251583,0.022102425876010745
2023-03-20,18960,19200,18750,18950,152614,-0.0005274261603375185
2023-03-21,18980,19460,18600,18980,163081,0.0015831134564643357
2023-03-22,19050,19340,18840,19090,86178,0.005795574288725014
2023-03-23,18980,18990,18320,18460,193051,-0.03300157150340488
2023-03-24,18500,18720,17710,17990,205314,-0.025460455037919827
2023-03-27,18080,18300,17390,18200,178605,0.011673151750972721
2023-03-28,18220,18440,17770,17840,143916,-0.01978021978021982
2023-03-29,17840,18040,17650,17680,138111,-0.008968609865470878
2023-03-30,17690,18150,17300,17900,210861,0.012443438914027105
2023-03-31,17950,18170,17660,18130,102199,0.012849162011173254
2023-04-03,17910,18370,17000,17440,351325,-0.038058466629895205
2023-04-04,17440,18300,17220,18300,310629,0.04931192660550465
2023-04-05,18300,19650,17960,19190,453003,0.04863387978142075
2023-04-06,19190,19410,18650,18790,241414,-0.02084418968212609
2023-04-07,18790,21200,18380,21000,679753,0.11761575306013827
2023-04-10,22000,24150,21000,24150,1418766,0.1499999999999999
2023-04-11,24300,25650,23750,25400,970392,0.05175983436852993
2023-04-12,25300,26100,25000,25850,652078,0.017716535433070835
2023-04-13,25650,27250,24900,25750,713273,-0.003868471953578312
2023-04-14,25900,25900,23250,23600,1305752,-0.08349514563106797
2023-04-17,24550,24800,23400,24450,926910,0.03601694915254239
2023-04-18,24700,25400,24200,24750,579519,0.012269938650306678
2023-04-19,24100,24200,21500,22750,1245440,-0.08080808080808077
2023-04-20,22450,23050,22150,22600,433570,-0.00659340659340657
2023-04-21,22400,22750,22100,22350,166940,-0.011061946902654829
2023-04-24,22350,22850,21850,22650,168527,0.01342281879194629
2023-04-25,22600,22750,22100,22450,211254,-0.008830022075055233
2023-04-26,22200,23050,22050,22600,209159,0.006681514476614803
2023-04-27,22500,22700,21400,21950,272414,-0.028761061946902644
2023-04-28,21850,21900,20750,21200,475017,-0.034168564920273314
2023-05-02,21450,21850,21100,21800,150298,0.028301886792452935
2023-05-03,21550,21750,21050,21150,135469,-0.029816513761467878
2023-05-04,21250,22600,21250,22200,238027,0.049645390070921946
2023-05-08,22550,22900,21800,22200,219801,0.0
2023-05-09,22500,22900,21950,22000,1076640,-0.009009009009009028
2023-05-10,22150,22150,21450,21750,1618842,-0.011363636363636354
2023-05-11,22150,22350,21800,22200,166396,0.020689655172413834
2023-05-12,22050,22050,20750,21900,261780,-0.013513513513513487
2023-05-15,21850,22600,21450,22250,169597,0.015981735159817267
2023-05-16,22550,22750,21900,22400,165391,0.006741573033707926
2023-05-17,22700,24550,22200,24500,473550,0.09375
2023-05-18,24450,24750,23450,23700,265548,-0.03265306122448974
2023-05-19,23500,24300,23400,24200,140386,0.021097046413502074
2023-05-22,24200,25400,23950,25350,311522,0.04752066115702469
2023-05-23,25250,25550,24500,25400,345658,0.0019723865877712132
2023-05-24,24900,24900,24150,24650,189847,-0.029527559055118058
2023-05-25,24650,25650,24600,24900,281566,0.010141987829614507
2023-05-26,25500,26000,24300,24500,435692,-0.016064257028112428
2023-05-30,24800,25150,24250,24600,186383,0.004081632653061273
2023-05-31,24600,24600,23300,23600,361354,-0.04065040650406504
2023-06-01,23600,24750,23500,24350,242311,0.03177966101694918
2023-06-02,24500,24850,24100,24550,128952,0.008213552361396204
2023-06-05,24600,24700,23600,24200,179513,-0.014256619144602856
2023-06-07,24200,24650,23650,23700,168978,-0.02066115702479343
2023-06-08,24050,24050,23400,23800,195201,0.00421940928270037
2023-06-09,23800,23950,22950,23650,183229,-0.006302521008403339
2023-06-12,23600,23600,22950,23600,152109,-0.0021141649048626032
2023-06-13,23700,24050,23200,23750,176013,0.006355932203389925
2023-06-14,23650,23750,22400,22650,302346,-0.0463157894736842
2023-06-15,22600,22900,22050,22200,160628,-0.019867549668874163
2023-06-16,22600,23400,22550,22950,170929,0.03378378378378377
2023-06-19,22900,22900,22200,22400,87103,-0.023965141612200425
2023-06-20,22200,22600,21000,22250,235296,-0.006696428571428603
2023-06-21,22050,22550,21750,22150,131669,-0.004494382022471877
2023-06-22,22000,22250,21600,21700,65657,-0.020316027088036148
2023-06-23,21700,22150,21600,21650,91820,-0.0023041474654378336
2023-06-26,21550,21950,21350,21450,92568,-0.009237875288683584
2023-06-27,21350,22500,21300,22050,150896,0.027972027972027913
2023-06-28,22050,23250,21900,22500,186101,0.020408163265306145
2023-06-29,22650,23200,22500,23100,217533,0.026666666666666616
2023-06-30,23150,24250,22150,23200,396714,0.0043290043290042934
2023-07-03,23450,23550,22150,22550,253154,-0.028017241379310387
2023-07-04,22100,22550,21700,22050,142822,-0.022172949002217335
2023-07-05,21850,22400,21650,21650,132357,-0.01814058956916098
2023-07-06,21650,21750,19870,20950,355143,-0.0323325635103926
2023-07-07,20900,20950,20000,20750,163808,-0.009546539379474916
2023-07-10,20550,20600,20050,20350,173040,-0.01927710843373498
2023-07-11,20350,20950,20200,20650,172720,0.014742014742014753
2023-07-12,20450,20900,20100,20800,146548,0.007263922518159882
2023-07-13,21250,21450,20800,20850,128690,0.0024038461538462563
2023-07-14,20650,20950,20200,20350,184621,-0.023980815347721784
2023-07-17,20200,20750,20000,20400,152949,0.002457002457002533
2023-07-18,20400,21100,19980,20150,172786,-0.01225490196078427
2023-07-19,20350,20950,20100,20950,166992,0.03970223325062028
2023-07-20,20900,21750,20650,21200,176491,0.01193317422434359
2023-07-21,20900,27050,20850,26050,2886493,0.22877358490566047
2023-07-24,26200,28100,26100,27900,1538122,0.07101727447216888
2023-07-25,27950,29450,26950,27150,1088745,-0.026881720430107503
2023-07-26,26800,29050,26300,27600,1146087,0.016574585635359185
2023-07-27,27500,31350,27400,31300,1790408,0.13405797101449268
2023-07-28,31100,32250,30600,31950,833153,0.02076677316293929
2023-07-31,33250,35300,32800,34650,1347503,0.08450704225352124
2023-08-01,34700,36000,34000,35000,843434,0.010101010101010166
2023-08-02,34700,35300,32400,33700,769012,-0.037142857142857144
2023-08-03,33450,35600,30000,32100,1487978,-0.047477744807121636
2023-08-04,32350,33250,31550,32250,447128,0.004672897196261738
2023-08-07,32350,33600,31500,31950,447171,-0.009302325581395321
2023-08-08,32000,34900,31650,33900,763359,0.06103286384976525
2023-08-09,33800,34850,33150,33950,533180,0.001474926253687281
2023-08-10,34000,34700,33200,33550,399979,-0.01178203240058906
2023-08-11,33550,33750,32550,33300,384914,-0.007451564828613977
2023-08-14,33450,33950,32250,32600,390152,-0.02102102102102099
2023-08-16,32250,32900,31800,32600,340094,0.0
2023-08-17,32400,32400,28250,30050,1012210,-0.07822085889570551
2023-08-18,29900,31500,29500,30600,257061,0.01830282861896837
2023-08-21,30550,32050,30550,31150,274948,0.017973856209150263
2023-08-22,31650,31800,30100,30700,283634,-0.014446227929374
2023-08-23,30200,31300,30200,30550,245528,-0.004885993485342022
2023-08-24,30950,31400,30000,30900,243793,0.011456628477905184
2023-08-25,30300,30700,29700,30450,223878,-0.014563106796116498
2023-08-28,30800,30800,27350,28800,761996,-0.054187192118226646
2023-08-29,28800,29250,28400,29100,243853,0.01041666666666674
2023-08-30,29600,29600,29050,29400,170280,0.010309278350515427
2023-08-31,31000,31500,27450,28000,972425,-0.04761904761904767
2023-09-01,27800,28300,26700,26800,593007,-0.042857142857142816
2023-09-04,27000,28200,26900,27650,254897,0.03171641791044766
2023-09-05,27600,27600,26700,27150,242672,-0.018083182640144635
2023-09-06,27100,29450,26800,28550,508468,0.05156537753222845
2023-09-07,29400,30450,26900,27200,636096,-0.04728546409807355
2023-09-08,27800,29300,27450,29200,546067,0.07352941176470584
2023-09-11,30000,33550,28150,31400,1977207,0.07534246575342474
2023-09-12,32450,34200,30000,30350,1446998,-0.03343949044585992
2023-09-13,30650,30650,28100,28300,708398,-0.06754530477759468
2023-09-14,28850,29000,28100,28350,395286,0.0017667844522968323
2023-09-15,29050,29450,28150,28850,413723,0.01763668430335108
2023-09-18,28500,29650,28050,28200,334753,-0.022530329289428108
2023-09-19,28700,29550,28200,28500,321964,0.010638297872340496
2023-09-20,28700,28700,27150,28000,300139,-0.01754385964912286
2023-09-21,27800,27900,26900,27300,254760,-0.025000000000000022
2023-09-22,26700,27200,26300,26800,305213,-0.01831501831501836
2023-09-25,26900,27950,26900,27200,209226,0.014925373134328401
2023-09-26,27350,27600,26500,27300,179956,0.003676470588235281
2023-09-27,27300,29500,27150,29200,587778,0.06959706959706957
2023-10-04,32000,32800,28900,29350,1301761,0.005136986301369939
2023-10-05,30100,30450,27750,27850,598074,-0.05110732538330498
2023-10-06,28300,30150,27950,29750,520303,0.06822262118491929
2023-10-10,30300,30700,28750,28900,418644,-0.02857142857142858
2023-10-11,29500,29900,28800,29450,251702,0.01903114186851207
2023-10-12,30150,30500,27700,29000,644501,-0.015280135823429575
2023-10-13,30850,31300,26550,27100,1810931,-0.06551724137931036
2023-10-16,26850,27400,25600,26650,526016,-0.016605166051660514
2023-10-17,26900,27000,25650,25900,500213,-0.02814258911819889
2023-10-18,23550,23650,18150,20500,2506139,-0.20849420849420852
2023-10-19,20750,22200,20550,20800,1067080,0.014634146341463428
2023-10-20,20250,23100,20250,21850,1100143,0.05048076923076916
2023-10-23,22100,22300,20700,21850,622220,0.0
2023-10-24,21050,21150,18300,19670,1715984,-0.09977116704805489
2023-10-25,19500,19940,19030,19250,567913,-0.02135231316725983
2023-10-26,18670,19220,18350,19030,744305,-0.011428571428571455
2023-10-27,19230,19510,18650,19060,345627,0.0015764582238571023
2023-10-30,19030,19180,18540,19100,263418,0.0020986358866736943
2023-10-31,19110,19350,18330,19000,364844,-0.005235602094240788
2023-11-01,18800,19140,18430,18980,292567,-0.001052631578947416
2023-11-02,19190,19850,19020,19710,368070,0.03846153846153855
2023-11-03,19720,19730,19130,19400,217863,-0.01572805682394729
2023-11-06,19720,21350,19660,21100,501307,0.08762886597938135
2023-11-07,21100,21600,20700,20900,408733,-0.009478672985781977
2023-11-08,21050,21500,20800,21150,198201,0.011961722488038173
2023-11-09,21050,21300,20300,20500,210567,-0.030732860520094607
2023-11-10,20050,20450,19910,20150,125858,-0.017073170731707332
2023-11-13,20650,20650,19490,19520,159970,-0.03126550868486355
2023-11-14,19680,19910,19500,19670,98720,0.007684426229508157
2023-11-15,19920,20350,19820,20350,151603,0.03457041179461107
2023-11-16,20350,20700,20000,20300,138403,-0.002457002457002422
2023-11-17,20250,20250,19640,19700,134797,-0.029556650246305383
2023-11-20,19630,19900,19170,19760,147830,0.003045685279187804
2023-11-21,19810,19820,19220,19590,189131,-0.0086032388663968
2023-11-22,19390,19610,19060,19220,172929,-0.018887187340479783
2023-11-23,19250,19430,19050,19370,88407,0.007804370447450637
2023-11-24,19370,19450,19140,19150,83777,-0.01135776974703151
2023-11-27,19310,19340,18750,19080,129552,-0.0036553524804177062
2023-11-28,19040,19290,18990,19200,93450,0.0062893081761006275
2023-11-29,19140,19190,18830,19120,110516,-0.004166666666666652
2023-11-30,19100,19240,18800,19100,156929,-0.0010460251046024993
2023-12-01,19000,19190,18700,19030,175668,-0.00366492146596864
2023-12-04,19180,19180,18000,18750,311765,-0.014713610089332585
2023-12-05,18740,19820,18330,19400,323165,0.03466666666666662
2023-12-06,19300,20650,18930,20150,283585,0.038659793814433074
2023-12-07,20150,20700,19850,20000,266436,-0.007444168734491274
2023-12-08,20200,20350,19820,20150,108379,0.007500000000000062
2023-12-11,20300,20350,19990,20150,108547,0.0
2023-12-12,20150,20450,19980,20150,118799,0.0
2023-12-13,20150,20400,19710,19710,141175,-0.021836228287841153
2023-12-14,19930,20550,19930,20550,302867,0.0426179604261796
2023-12-15,20700,21200,20350,20650,219393,0.0048661800486617945
2023-12-18,20950,21550,20600,20800,163534,0.007263922518159882
2023-12-19,20500,21550,20450,21300,212286,0.024038461538461453
2023-12-20,21500,22150,21350,22050,270636,0.035211267605633756
2023-12-21,22000,23300,21700,22300,453653,0.01133786848072571
2023-12-22,22800,23200,22000,22400,284515,0.004484304932735439
2023-12-26,22950,23000,21100,22100,352242,-0.013392857142857095
2023-12-27,22100,24000,22000,23700,527003,0.07239819004524883
2023-12-28,23650,23650,23000,23050,212247,-0.02742616033755274
2024-01-02,22900,23300,22400,23000,178491,-0.002169197396963085
2024-01-03,22750,23100,22400,22550,208864,-0.019565217391304346
2024-01-04,22550,22550,21400,21450,212781,-0.04878048780487809
2024-01-05,21500,21850,21150,21550,123345,0.004662004662004726
2024-01-08,21450,21450,20850,21200,183907,-0.016241299303944357
2024-01-09,21350,22000,21350,21600,122911,0.018867924528301883
2024-01-10,21750,21800,21000,21050,105921,-0.02546296296296291
2024-01-11,21250,21600,20950,21350,78087,0.014251781472684133
2024-01-12,21500,21550,20650,20750,138010,-0.02810304449648715
2024-01-15,20700,21000,20300,20800,74471,0.002409638554216942
2024-01-16,20750,20950,20100,20200,87402,-0.028846153846153855
2024-01-17,20400,20450,19880,20200,98233,0.0
2024-01-18,20500,20500,19810,20200,92524,0.0
2024-01-19,20400,20700,19960,20100,102564,-0.004950495049504955
2024-01-22,20300,20550,19960,20050,110528,-0.0024875621890547706
2024-01-23,20200,20800,20000,20100,101541,0.0024937655860348684
2024-01-24,20150,20200,19880,19950,96142,-0.007462686567164201
2024-01-25,19870,20300,19410,20100,112927,0.007518796992481258
2024-01-26,20100,20150,19810,19990,101662,-0.005472636815920362
2024-01-29,20050,20200,18980,19520,209072,-0.023511755877938967
2024-01-30,19520,19560,19000,19320,112263,-0.010245901639344246
2024-01-31,19290,19290,18810,19100,108016,-0.011387163561076608
2024-02-01,19080,19150,18540,19100,132792,0.0
2024-02-02,19250,19910,19100,19660,156944,0.029319371727748678
2024-02-05,19600,19650,19060,19060,67749,-0.030518819938962327
2024-02-06,19060,19060,18600,18830,139880,-0.01206715634837352
2024-02-07,19010,19180,18610,19180,83926,0.018587360594795488
2024-02-08,19160,19160,18730,19110,99098,-0.0036496350364964014
2024-02-13,19020,19570,18990,19570,114197,0.024071166928309795
2024-02-14,19340,19410,18960,19130,127889,-0.022483392948390413
2024-02-15,19150,19210,18750,18980,137262,-0.007841087297438598
2024-02-16,18980,19230,18780,19040,105222,0.0031612223393044925
2024-02-19,19150,20500,19150,20200,409640,0.060924369747899165
2024-02-20,20150,22950,19920,22050,1086908,0.09158415841584167
2024-02-21,21700,23650,21350,21850,1022076,-0.009070294784580546
2024-02-22,22000,22800,21200,21500,331882,-0.016018306636155555
2024-02-23,21450,24350,21200,22850,1448718,0.06279069767441858
2024-02-26,23650,24700,23200,23900,1210319,0.045951859956236296
2024-02-27,24500,24500,22950,23100,631231,-0.03347280334728031
2024-02-28,23250,23350,22100,22850,475849,-0.010822510822510845
2024-02-29,22550,23000,21950,22150,347625,-0.03063457330415753
2024-03-04,22300,23900,22300,23750,469991,0.07223476297968401
2024-03-05,23900,24750,22950,24000,659376,0.010526315789473717
2024-03-06,23900,25850,23350,25100,1132095,0.04583333333333339
2024-03-07,25500,25600,24050,24050,579516,-0.041832669322709126
2024-03-08,24100,26700,24000,26000,1021751,0.08108108108108114
2024-03-11,27750,28800,26950,27850,1800211,0.07115384615384612
2024-03-12,27650,30000,27300,28900,1366434,0.037701974865349985
2024-03-13,29300,29900,27600,28450,904085,-0.01557093425605538
2024-03-14,27950,29450,27750,28000,493511,-0.01581722319859402
2024-03-15,27900,28600,26800,27250,549468,-0.0267857142857143
2024-03-18,27250,28400,27000,27950,425232,0.025688073394495303
2024-03-19,27800,29150,27300,28000,449143,0.0017889087656528524
2024-03-20,28000,28200,26400,27200,422327,-0.02857142857142858
2024-03-21,28050,29300,27600,28600,918576,0.05147058823529416
2024-03-22,29600,29600,28000,28100,523023,-0.0174825174825175
2024-03-25,28650,29800,28350,29450,749971,0.04804270462633453
2024-03-26,29050,29150,27900,28300,610934,-0.039049235993208864
2024-03-27,28050,28250,26800,27900,502050,-0.014134275618374548
2024-03-28,27650,28550,27350,28150,224141,0.008960573476702427
2024-03-29,28050,28350,27400,27600,235061,-0.019538188277087087
2024-04-01,27850,29800,27600,29050,701444,0.05253623188405787
2024-04-02,29250,29300,27600,28050,509770,-0.03442340791738385
2024-04-03,27350,28000,26850,27400,398635,-0.02317290552584672
2024-04-04,27950,29000,27300,28350,374768,0.034671532846715314
2024-04-05,27500,28550,27300,28250,227080,-0.003527336860670194
2024-04-08,28350,28350,25100,26500,666948,-0.06194690265486724
2024-04-09,26250,27600,26250,26650,257217,0.005660377358490676
2024-04-11,25900,27150,25850,27150,169624,0.018761726078799335
2024-04-12,27150,28500,26850,28350,297695,0.04419889502762442
2024-04-15,28150,28500,27500,28150,242042,-0.007054673721340388
2024-04-16,27900,28500,27650,27850,255308,-0.010657193605683846
2024-04-17,28050,29400,27650,28500,416437,0.02333931777378817
2024-04-18,28700,29100,28200,28750,246426,0.00877192982456143
2024-04-19,28500,28750,27500,28050,214497,-0.024347826086956514
2024-04-22,28200,29950,28200,29500,548457,0.051693404634581164
2024-04-23,29550,31400,29250,31200,789780,0.057627118644067776
2024-04-24,31200,31500,30400,31050,426083,-0.004807692307692291
2024-04-25,30650,31100,29900,30200,291038,-0.027375201288244777
2024-04-26,30150,30600,29900,30200,216246,0.0
2024-04-29,30200,30900,30200,30850,168689,0.021523178807947074
2024-04-30,30950,31750,30250,30650,298935,-0.00648298217179899
2024-05-02,30450,31150,29900,30650,259135,0.0
2024-05-03,30800,31400,30500,31150,206115,0.01631321370309946
2024-05-07,31600,31650,29100,29400,440713,-0.0561797752808989
2024-05-08,29450,29950,28000,28900,502110,-0.017006802721088454
2024-05-09,28500,28850,28000,28500,241692,-0.01384083044982698
2024-05-10,28550,29300,28400,28950,215052,0.015789473684210575
2024-05-13,29200,29250,28350,28500,148579,-0.015544041450777257
2024-05-14,28850,30700,28550,30200,343178,0.05964912280701751
2024-05-16,30400,31500,30250,30900,342630,0.023178807947019875
2024-05-17,30000,33800,29950,32800,1150562,0.06148867313915862
2024-05-20,33400,33750,31000,33150,858912,0.010670731707317138
2024-05-21,32900,35000,32900,34600,763718,0.043740573152337925
2024-05-22,34800,35200,31200,32650,1064423,-0.05635838150289019
2024-05-23,32750,33850,32450,32600,409215,-0.0015313935681470214
2024-05-24,32000,33550,31100,31200,468143,-0.042944785276073594
2024-05-27,32000,32000,30150,30700,303174,-0.01602564102564108
2024-05-28,30900,31850,30550,31050,208903,0.01140065146579805
2024-05-29,31050,31050,30100,30300,201383,-0.024154589371980673
2024-05-30,30400,32050,29500,31300,215516,0.03300330033003296
2024-05-31,31450,31600,29600,30600,381626,-0.022364217252396124
2024-06-03,31500,38600,31000,37300,3103828,0.21895424836601318
2024-06-04,37500,37950,36300,36600,945594,-0.018766756032171594
2024-06-05,37000,38000,34900,37400,1179769,0.021857923497267784
2024-06-07,37400,38350,36400,37500,577081,0.002673796791443861
2024-06-10,37850,38500,34900,36000,813464,-0.040000000000000036
2024-06-11,36000,36150,34450,34450,554774,-0.043055555555555514
2024-06-12,35000,35000,33400,33400,397677,-0.030478955007256947
2024-06-13,34000,34400,33200,33350,371834,-0.0014970059880239361
2024-06-14,33450,34550,32950,33050,361382,-0.008995502248875575
2024-06-17,33050,33400,32050,32900,300845,-0.004538577912254205
2024-06-18,32900,33650,32550,33200,243752,0.00911854103343468
2024-06-19,33450,33700,32650,33400,337429,0.006024096385542244
2024-06-20,33550,35200,33350,35050,527581,0.04940119760479034
2024-06-21,35150,35300,34200,34650,312452,-0.011412268188302432
2024-06-24,34650,36300,34000,35450,413614,0.023088023088023046
2024-06-25,35500,36300,34650,35150,359623,-0.008462623413258097
2024-06-26,35250,35700,34500,34500,262128,-0.01849217638691325
2024-06-27,34200,35700,34100,35450,269045,0.02753623188405796
2024-06-28,35550,37950,35150,37550,600885,0.05923836389280668
2024-07-01,37550,41800,37400,41400,1812886,0.10252996005326231
2024-07-02,40950,41150,36400,36450,1405748,-0.11956521739130432
2024-07-03,37700,40550,36550,39750,1089160,0.09053497942386834
2024-07-04,39200,42350,39000,42000,884959,0.05660377358490565
2024-07-05,42000,44450,41100,42900,1178123,0.021428571428571352
2024-07-08,43750,43750,40950,42000,555602,-0.020979020979020935
2024-07-09,41650,44250,41300,43100,496001,0.026190476190476097
2024-07-10,43050,44600,41300,42900,772106,-0.004640371229698403
2024-07-11,42850,43350,41150,42350,395444,-0.012820512820512775
2024-07-12,41900,43950,41850,43650,687079,0.030696576151121535
2024-07-15,43900,44600,43450,44100,463713,0.010309278350515427
2024-07-16,44300,44900,43050,43400,444115,-0.015873015873015928
2024-07-17,43700,44600,41200,42600,492326,-0.018433179723502335
2024-07-18,42950,43300,41650,43100,499584,0.011737089201877993
2024-07-19,42600,43100,41400,42000,255452,-0.025522041763341052
2024-07-22,41750,43250,41050,42350,315159,0.008333333333333304
2024-07-23,42550,43050,41800,42050,241685,-0.00708382526564344
2024-07-24,41900,43300,41800,43200,217180,0.027348394768133222
2024-07-25,42700,43600,40250,41200,464196,-0.04629629629629628
2024-07-26,41000,42050,40650,41250,225892,0.0012135922330096527
2024-07-29,41250,42150,40950,41700,170277,0.01090909090909098
2024-07-30,41600,43850,41000,43450,415682,0.04196642685851315
2024-07-31,43200,43550,39550,41450,633490,-0.04602991944764101
2024-08-01,41450,42650,40650,41450,199744,0.0
2024-08-02,41250,42000,40100,40350,254495,-0.026537997587454787
2024-08-05,39700,40200,34250,36550,571482,-0.09417596034696407
2024-08-06,38250,39800,37350,38800,349406,0.061559507523939905
2024-08-07,38500,42000,38400,41350,398336,0.06572164948453607
2024-08-08,40900,41700,40600,41100,170013,-0.006045949214026569
2024-08-09,42000,42000,40700,41550,171385,0.010948905109489093
2024-08-12,41600,41850,37800,39050,720624,-0.060168471720818295
2024-08-13,39600,39750,37200,38300,402926,-0.01920614596670933
2024-08-14,38300,40300,37450,40250,568996,0.050913838120104415
2024-08-16,41100,43700,40500,42950,806904,0.0670807453416149
2024-08-19,42750,43300,41700,42200,474847,-0.0174621653084982
2024-08-20,42200,42200,39450,41450,942277,-0.017772511848341277
2024-08-21,44000,45850,36350,36900,4999424,-0.10977080820265384
2024-08-22,37400,38050,35550,35700,1862298,-0.03252032520325199
2024-08-23,35750,40500,35550,39950,3102201,0.11904761904761907
2024-08-26,41500,41850,39100,40150,1719100,0.005006257822277815
2024-08-27,39500,40350,37850,38250,952120,-0.04732254047322537
2024-08-28,38500,43200,37400,41350,5138922,0.08104575163398686
2024-08-29,42550,43700,40800,40950,2521233,-0.0096735187424426
2024-08-30,40300,42200,39650,41950,1300481,0.024420024420024333
2024-09-02,42700,42950,40500,41300,816124,-0.015494636471990453
2024-09-03,40700,42350,39700,39850,1273338,-0.03510895883777243
2024-09-04,38600,39500,37550,38050,675699,-0.04516938519447933
2024-09-05,38400,38500,35200,35550,843078,-0.06570302233902758
2024-09-06,34900,35650,32850,33900,913270,-0.04641350210970463
2024-09-09,33000,34900,32900,34650,467983,0.022123893805309658
2024-09-10,34850,35600,33850,34350,364516,-0.008658008658008698
2024-09-11,34400,38200,34350,35600,915260,0.0363901018922852
2024-09-12,36300,37300,35850,36250,392879,0.018258426966292207
2024-09-13,36700,36900,35600,35700,247609,-0.015172413793103412
2024-09-19,36300,36650,35250,35750,351914,0.0014005602240896309
2024-09-20,35850,39450,35450,37600,1368946,0.051748251748251706
2024-09-23,38000,38250,36700,37100,386311,-0.013297872340425565
2024-09-24,37350,38100,35650,36000,671393,-0.029649595687331498
2024-09-25,36050,36550,34000,34150,511265,-0.05138888888888893
2024-09-26,34150,34900,33900,34300,314177,0.004392386530014614
2024-09-27,34000,34150,32700,32850,522487,-0.042274052478134094
2024-09-30,33850,35800,33850,34700,776629,0.05631659056316596
2024-10-02,34400,34800,33900,33950,246336,-0.021613832853025983
2024-10-04,34000,38700,34000,38050,1440204,0.1207658321060383
2024-10-07,39300,39300,37750,38200,693818,0.003942181340341744
2024-10-08,37750,38550,37350,37450,375103,-0.01963350785340312
2024-10-10,37800,39100,37450,38950,867865,0.040053404539385884
2024-10-11,38550,40000,38150,39800,684158,0.021822849807445532
2024-10-14,40500,40500,38200,38700,577789,-0.027638190954773822
2024-10-15,38700,43600,38250,42250,2466933,0.09173126614987082
2024-10-16,41850,42700,40800,42150,953230,-0.002366863905325478
2024-10-17,42150,42600,38100,39950,948832,-0.0521945432977462
2024-10-18,40150,40550,38750,40100,464345,0.003754693366708306
2024-10-21,40050,40300,38500,39600,486764,-0.012468827930174564
2024-10-22,39250,39350,38050,38100,374408,-0.037878787878787845
2024-10-23,37600,38150,32500,33700,1800088,-0.115485564304462
2024-10-24,31700,33150,31500,31550,1309197,-0.06379821958456977
2024-10-25,31150,31300,28450,28700,1508371,-0.09033280507131536
2024-10-28,29350,29900,28100,29200,598267,0.017421602787456525
2024-10-29,29200,29300,27850,28950,449474,-0.008561643835616417
2024-10-30,28950,28950,28150,28400,237413,-0.01899827288428324
2024-10-31,28100,28450,27350,28300,350714,-0.0035211267605633756
2024-11-01,27800,28000,27100,27500,288788,-0.028268551236749095
2024-11-04,27550,29050,27300,28250,389273,0.027272727272727337
2024-11-05,28450,28450,27100,27200,217691,-0.03716814159292037
2024-11-06,27450,27550,26000,26800,391483,-0.014705882352941124
2024-11-07,26850,26850,25400,26150,341138,-0.02425373134328357
2024-11-08,26350,26850,25500,25950,305295,-0.007648183556405397
2024-11-11,25650,25700,24900,25650,305746,-0.011560693641618491
2024-11-12,25900,25900,24150,24300,364017,-0.052631578947368474
2024-11-13,24000,25100,24000,24400,378399,0.004115226337448652
2024-11-14,25100,25750,23600,23600,302296,-0.032786885245901676
2024-11-15,23200,24000,23150,23850,219543,0.010593220338983134
2024-11-18,23800,25150,23400,24350,270936,0.020964360587002018
2024-11-19,24100,25050,24100,24450,140750,0.004106776180698102
2024-11-20,24650,25350,23900,24550,228625,0.004089979550102152
2024-11-21,24550,25000,24000,24450,180346,-0.004073319755600768
2024-11-22,24450,24950,23950,24050,195560,-0.01635991820040905
2024-11-25,24050,25000,24050,24800,177100,0.031185031185031242
2024-11-26,24800,24800,23750,24100,167657,-0.028225806451612878
2024-11-27,24150,24750,23800,24600,114687,0.020746887966804906
2024-11-28,25000,25200,24350,24350,124799,-0.010162601626016232
2024-11-29,24300,24400,23500,24000,159386,-0.014373716632443578
2024-12-02,24200,24550,22550,23350,165985,-0.027083333333333348
2024-12-03,23600,24000,23200,23800,213988,0.01927194860813697
2024-12-04,23500,23550,22700,23250,182936,-0.02310924369747902
2024-12-05,23050,23850,22950,23400,108874,0.006451612903225712
2024-12-06,23600,23600,21600,23050,222692,-0.014957264957264904
2024-12-09,22650,22700,21700,21700,236115,-0.0585683297180043
2024-12-10,21850,22600,21850,22450,196908,0.034562211981566726
2024-12-11,22500,23150,22250,22400,186198,-0.00222717149220486
2024-12-12,22550,23250,22100,22900,306918,0.022321428571428603
2024-12-13,22850,23650,22650,23300,178468,0.017467248908296984
2024-12-16,23600,24600,23300,24350,304267,0.045064377682403345
2024-12-17,24350,24450,23450,24400,256047,0.002053388090349051
2024-12-18,24750,25300,24150,25050,243747,0.026639344262294973
2024-12-19,24750,25000,24350,24350,174411,-0.027944111776447067
2024-12-20,24100,24850,23650,23850,180177,-0.02053388090349073
2024-12-23,24950,25700,23900,24450,312199,0.02515723270440251
2024-12-24,24500,24800,24000,24300,154826,-0.006134969325153339
2024-12-26,24300,24850,23400,23650,350309,-0.026748971193415683
2024-12-27,23500,23600,22800,23450,186063,-0.008456659619450302
2024-12-30,23450,24850,23200,24350,159740,0.03837953091684443
2025-01-02,24850,25050,24250,24400,140064,0.002053388090349051
2025-01-03,24200,24750,24200,24500,118695,0.004098360655737654
2025-01-06,24300,24450,24100,24300,121156,-0.008163265306122436
2025-01-07,24300,24550,23950,24000,149239,-0.012345679012345734
2025-01-08,24950,26350,24500,25200,889864,0.050000000000000044
2025-01-09,25300,26300,25100,26050,302323,0.03373015873015883
2025-01-10,25850,26850,25550,25750,301644,-0.01151631477927062
2025-01-13,25600,25900,24850,25300,185720,-0.01747572815533982
2025-01-14,25500,25550,24900,25300,167632,0.0
2025-01-15,25200,25850,24700,25850,207213,0.021739130434782705
2025-01-16,26200,27300,25700,26700,351191,0.03288201160541582
2025-01-17,26600,27650,26300,27200,325404,0.01872659176029967
2025-01-20,27500,27500,26100,26550,231467,-0.023897058823529438
2025-01-21,26950,27550,26700,27050,217277,0.01883239171374762
2025-01-22,27050,27300,26650,26700,150334,-0.012939001848428888
2025-01-23,26700,27050,26350,26500,99314,-0.0074906367041198685
2025-01-24,26750,27700,26750,27450,196077,0.03584905660377369
2025-01-31,27450,27600,26700,26700,105625,-0.02732240437158473
2025-02-03,26150,26550,25750,26250,135928,-0.016853932584269704
2025-02-04,26950,27350,26350,27350,145319,0.04190476190476189
2025-02-05,27550,30700,26850,30250,863397,0.1060329067641681
2025-02-06,30350,30400,29100,29400,478804,-0.028099173553719048
2025-02-07,29500,29700,28850,29000,168154,-0.013605442176870763
2025-02-10,29000,29350,27700,28550,171417,-0.01551724137931032
2025-02-11,28700,28750,28000,28050,143664,-0.017513134851138368
2025-02-12,28200,28200,27200,27450,185123,-0.021390374331550777
2025-02-13,27400,27700,26100,26500,278018,-0.03460837887067392
2025-02-14,26600,27250,26400,27000,121129,0.018867924528301883
2025-02-17,27100,27200,26650,27000,124640,0.0
2025-02-18,26950,26950,25850,26100,268031,-0.033333333333333326
2025-02-19,26100,26400,25800,26250,125215,0.005747126436781658
2025-02-20,26250,26800,25550,25600,147765,-0.024761904761904763
2025-02-21,25600,27000,25600,26500,179686,0.03515625
2025-02-24,26400,26450,25100,25200,155488,-0.049056603773584895
2025-02-25,25100,25850,24500,25750,155013,0.021825396825396748
2025-02-26,25450,26700,25250,26600,130519,0.03300970873786402
2025-02-27,26250,29750,26200,29700,831367,0.11654135338345872
2025-02-28,29250,29650,28850,29250,352555,-0.015151515151515138
2025-03-04,29000,31750,28800,31200,619901,0.06666666666666665
2025-03-05,31200,31850,30000,31100,354648,-0.0032051282051281937
2025-03-06,31350,31400,28550,29300,424215,-0.05787781350482313
2025-03-07,29900,32600,29100,31850,1176374,0.08703071672354956
2025-03-10,31400,31650,30600,30900,310317,-0.02982731554160123
2025-03-11,30000,32850,29900,32350,657255,0.046925566343042124
2025-03-12,32350,33400,31400,32000,419794,-0.010819165378670781
2025-03-13,31550,33350,31500,32150,466781,0.004687499999999956
2025-03-14,32150,32600,31150,31700,263891,-0.013996889580093264
2025-03-17,31700,31850,30900,31050,215358,-0.02050473186119872
2025-03-18,31350,32150,31050,31650,170390,0.019323671497584627
2025-03-19,31750,31950,31050,31750,132767,0.003159557661927437
2025-03-20,31750,33050,30500,30800,484663,-0.0299212598425197
2025-03-21,30300,31400,29400,29800,294723,-0.03246753246753242
2025-03-24,30000,31750,29800,30550,171543,0.025167785234899265
2025-03-25,30250,32000,30250,31250,210942,0.022913256955810146
2025-03-26,31850,31900,30950,31650,170527,0.012799999999999923
2025-03-27,31850,32900,30500,31200,467119,-0.014218009478673022
2025-03-28,30900,31250,28650,29100,365847,-0.06730769230769229
2025-03-31,28500,30250,28350,30050,231483,0.03264604810996574
2025-04-01,30550,31550,30050,31150,183879,0.03660565723793674
2025-04-02,31150,31250,28900,29400,173443,-0.0561797752808989
2025-04-03,28800,30400,28650,28900,188768,-0.017006802721088454
2025-04-04,28650,29650,28000,29500,221196,0.02076124567474058
2025-04-07,28150,29300,28050,28450,193348,-0.035593220338983045
2025-04-08,29000,30100,28800,29250,149351,0.02811950790861162
2025-04-09,29850,29850,28050,28550,172811,-0.023931623931623958
2025-04-10,29600,30700,29500,30650,238709,0.0735551663747811
2025-04-11,30300,32350,30000,31700,230767,0.034257748776509
2025-04-14,32550,33850,30050,33500,648177,0.056782334384858135
2025-04-15,33150,33650,32700,33050,155834,-0.013432835820895495
2025-04-16,32750,33550,31850,32550,217896,-0.015128593040847238
2025-04-17,32800,32950,30450,30750,270838,-0.055299539170506895
2025-04-18,30700,30900,30200,30400,123483,-0.011382113821138184
2025-04-21,30300,30750,30100,30550,84239,0.004934210526315708
2025-04-22,31400,31450,30250,30900,188311,0.011456628477905184
2025-04-23,31000,31100,30250,30450,98451,-0.014563106796116498
2025-04-24,30200,30600,29900,30200,132937,-0.008210180623973717
2025-04-25,30350,30350,29050,29100,150219,-0.03642384105960261
2025-04-28,29050,29050,27600,27700,220127,-0.04810996563573888
2025-04-29,27600,28300,27600,27800,135824,0.0036101083032491488
2025-04-30,27700,28300,27200,27550,156806,-0.008992805755395739
2025-05-02,27450,27750,27100,27350,121940,-0.007259528130671544
2025-05-07,28050,28050,25900,26500,224960,-0.031078610603290646
2025-05-08,27100,27450,26750,26900,117476,0.015094339622641506
2025-05-09,27150,27350,26400,26550,121997,-0.013011152416356864
2025-05-12,26550,26550,25000,25450,274053,-0.04143126177024481
2025-05-13,25550,26850,25550,26500,108923,0.04125736738703334
2025-05-14,26750,26800,26000,26550,94198,0.0018867924528302993
2025-05-15,26300,27550,25700,27000,152786,0.016949152542372836
2025-05-16,26750,27050,26200,26500,60919,-0.01851851851851849
2025-05-19,26250,26950,26050,26800,89268,0.01132075471698113
2025-05-20,27300,27300,26050,26500,83412,-0.011194029850746245
2025-05-21,26950,27700,26600,27050,137255,0.020754716981132182
2025-05-22,27150,27400,26600,26800,57772,-0.009242144177449174
2025-05-23,26900,27000,26300,26600,63188,-0.007462686567164201
2025-05-26,27000,27000,25850,26400,102962,-0.007518796992481258
2025-05-27,26150,28850,26150,28550,242562,0.08143939393939403
2025-05-28,29000,29100,28450,28800,136035,0.008756567425569184
2025-05-29,29350,29550,28750,29150,110875,0.012152777777777679
2025-05-30,28900,30200,28900,29500,200303,0.012006861063464935
2025-06-02,29100,29250,28550,28800,95704,-0.023728813559321993
2025-06-04,29300,29650,27950,28150,169624,-0.02256944444444442
2025-06-05,28150,28900,27900,28100,110043,-0.001776198934280604
2025-06-09,28100,28750,27800,28400,90891,0.01067615658362997
2025-06-10,28200,28650,27950,28150,77310,-0.008802816901408494
2025-06-11,28200,28550,27550,27700,112562,-0.01598579040852577
2025-06-12,28000,28800,27650,28250,216581,0.019855595667870096
2025-06-13,28200,28650,27300,28050,176386,-0.0070796460176991705
2025-06-16,28350,29150,27550,27700,246269,-0.012477718360071277
2025-06-17,27800,28000,27400,27400,104504,-0.010830324909747335
2025-06-18,27000,27800,27000,27350,86475,-0.0018248175182481452
2025-06-19,27700,27700,26550,27250,139738,-0.003656307129798919
2025-06-20,27300,28700,27300,28300,292564,0.038532110091743066
2025-06-23,27850,28150,27300,27450,145584,-0.030035335689045928
2025-06-24,27950,28150,27350,27900,119776,0.016393442622950838
2025-06-25,28300,29500,28200,28600,199089,0.02508960573476693
2025-06-26,28400,28950,27950,28150,111879,-0.01573426573426573
2025-06-27,28150,30000,28150,29750,272411,0.056838365896980436
2025-06-30,29800,29800,28500,28650,138280,-0.036974789915966366
2025-07-01,28750,29500,28750,29000,116302,0.01221640488656206
2025-07-02,29000,29850,28600,29250,119374,0.008620689655172376
2025-07-03,29600,30300,29250,30000,142832,0.02564102564102555
2025-07-04,29750,30000,29200,29400,98764,-0.020000000000000018
2025-07-07,29400,30100,29300,30050,99205,0.022108843537415046
2025-07-08,30750,30750,29400,29550,113106,-0.016638935108153063
2025-07-09,29450,31500,29450,30800,172657,0.04230118443316422
2025-07-10,30750,31500,30500,31250,133298,0.014610389610389518
2025-07-11,32400,32700,31400,31600,214277,0.011200000000000099
2025-07-14,31500,31600,30750,30750,84888,-0.026898734177215222
2025-07-15,30900,32550,30750,32300,189657,0.05040650406504055
2025-07-16,31600,32500,31500,32300,90411,0.0
2025-07-17,33000,34700,33000,34650,528828,0.0727554179566563
2025-07-18,34800,34800,34000,34400,197338,-0.00721500721500723
2025-07-21,35050,35200,33600,34300,144093,-0.0029069767441860517
2025-07-22,34300,34650,33550,34050,143215,-0.007288629737609353
2025-07-23,34150,34550,33700,34050,93365,0.0
2025-07-24,33950,35250,33950,34150,104920,0.002936857562408246
2025-07-25,34000,34150,33650,34100,88302,-0.0014641288433382416
2025-07-28,33550,33800,32500,32500,150888,-0.04692082111436946
2025-07-29,32200,32450,31900,32050,85829,-0.013846153846153841
2025-07-30,31850,32400,31350,31500,69371,-0.01716068642745705
2025-07-31,31200,31800,30900,31600,118808,0.0031746031746031633
2025-08-01,31200,31400,30350,30600,93075,-0.03164556962025311
2025-08-04,30700,31100,30450,30750,58294,0.004901960784313708
2025-08-05,30850,31475,30700,31000,57345,0.008130081300812941
2025-08-06,31100,32100,30500,31550,107570,0.01774193548387104
2025-08-07,31250,31650,30550,31200,82812,-0.011093502377179099
2025-08-08,31000,31600,30750,31250,59846,0.0016025641025640969
2025-08-11,30750,31500,30400,31250,71875,0.0
2025-08-12,31350,32200,31300,31500,62884,0.008000000000000007
2025-08-13,32250,34300,31550,33750,193245,0.0714285714285714
