Date,Open,High,Low,Close,Volume,Change
2022-01-03,13650,13650,13100,13500,30388,-0.018181818181818188
2022-01-04,13300,13950,13150,13900,84755,0.029629629629629672
2022-01-05,13950,14000,12850,12900,125960,-0.07194244604316546
2022-01-06,12800,13200,12600,12750,33987,-0.011627906976744207
2022-01-07,13450,14500,13300,13850,217048,0.08627450980392148
2022-01-10,13850,14450,13750,14300,113661,0.032490974729241895
2022-01-11,14300,14500,13800,13900,77846,-0.027972027972028024
2022-01-12,14000,14100,13650,13850,52462,-0.003597122302158251
2022-01-13,14000,14200,13500,13500,43360,-0.02527075812274371
2022-01-14,13500,13500,12750,12900,48996,-0.0444444444444444
2022-01-17,13350,14150,13100,13150,121846,0.019379844961240345
2022-01-18,13100,13150,12750,12800,24274,-0.026615969581749055
2022-01-19,12900,13000,12700,12700,15285,-0.0078125
2022-01-20,12500,13000,12500,12900,9445,0.015748031496062964
2022-01-21,12800,13150,12750,13050,8489,0.011627906976744207
2022-01-24,13000,13000,12450,12550,13991,-0.03831417624521072
2022-01-25,12350,12650,11450,11700,43223,-0.0677290836653387
2022-01-26,11700,12050,11550,11850,17522,0.012820512820512775
2022-01-27,11550,11750,11100,11300,27328,-0.04641350210970463
2022-01-28,11500,11550,10800,11450,26600,0.01327433628318575
2022-02-03,11550,12100,11450,11800,27336,0.03056768558951961
2022-02-04,11800,12300,11800,12300,19917,0.04237288135593231
2022-02-07,12350,12500,12200,12300,10651,0.0
2022-02-08,12250,13050,12250,12650,35827,0.028455284552845628
2022-02-09,12650,12950,12250,12700,20684,0.0039525691699604515
2022-02-10,12750,13750,12750,13150,119919,0.03543307086614167
2022-02-11,13000,13300,12400,12550,30565,-0.04562737642585546
2022-02-14,12150,12400,11750,11800,45770,-0.05976095617529875
2022-02-15,11650,12200,11150,11250,78053,-0.04661016949152541
2022-02-16,11500,12400,11500,12150,37936,0.08000000000000007
2022-02-17,12400,12950,12050,12400,50192,0.020576131687242816
2022-02-18,13000,16100,12900,16100,1299986,0.2983870967741935
2022-02-21,16150,16950,15400,16500,1769146,0.024844720496894457
2022-02-22,15950,16450,15100,15100,438530,-0.08484848484848484
2022-02-23,15200,15300,14550,15050,205345,-0.0033112582781457123
2022-02-24,14700,14850,13900,13900,220739,-0.07641196013289031
2022-02-25,14250,14750,14100,14500,276777,0.043165467625899234
2022-02-28,13900,14100,13600,13900,146153,-0.04137931034482756
2022-03-02,14000,15000,13950,14450,263271,0.03956834532374098
2022-03-03,15950,16100,13850,14150,634303,-0.02076124567474047
2022-03-04,13900,14200,13400,13500,134342,-0.04593639575971731
2022-03-07,13400,13400,12500,12600,191711,-0.06666666666666665
2022-03-08,12250,12800,11750,11850,178173,-0.059523809523809534
2022-03-10,12750,12750,11750,11950,218232,0.00843881856540074
2022-03-11,11950,12350,11900,12300,75807,0.029288702928870203
2022-03-14,12400,12400,11750,11950,56801,-0.028455284552845517
2022-03-15,11750,12050,11750,11800,36093,-0.012552301255230103
2022-03-16,11900,12250,11750,12200,48380,0.03389830508474567
2022-03-17,12300,12450,12150,12350,48268,0.012295081967213184
2022-03-18,12350,12450,12200,12450,38353,0.00809716599190291
2022-03-21,12600,12600,12150,12450,45246,0.0
2022-03-22,12300,12650,12300,12600,46273,0.012048192771084265
2022-03-23,12550,13150,12400,12800,104340,0.015873015873015817
2022-03-24,12700,12900,12450,12800,39931,0.0
2022-03-25,12900,12950,12600,12600,23529,-0.015625
2022-03-28,12600,13050,12550,12950,56974,0.02777777777777768
2022-03-29,12950,13250,12850,13100,52032,0.01158301158301156
2022-03-30,13100,13200,12750,12900,64579,-0.01526717557251911
2022-03-31,12950,13000,12800,12850,13859,-0.003875968992248069
2022-04-01,12750,13250,12750,13200,74019,0.027237354085603016
2022-04-04,13200,13400,13000,13150,62743,-0.0037878787878787845
2022-04-05,13150,13350,12950,13150,42658,0.0
2022-04-06,13100,13350,12800,12800,23461,-0.026615969581749055
2022-04-07,12800,12800,12300,12400,33519,-0.03125
2022-04-08,12400,12600,12250,12600,19259,0.016129032258064502
2022-04-11,12550,12750,12400,12550,10557,-0.003968253968253954
2022-04-12,12300,12500,12100,12250,16231,-0.0239043824701195
2022-04-13,12400,12650,12250,12600,22929,0.02857142857142847
2022-04-14,12750,13200,12650,13000,60338,0.031746031746031855
2022-04-15,13000,13000,12700,12900,19101,-0.007692307692307665
2022-04-18,12750,13000,12750,12800,16447,-0.007751937984496138
2022-04-19,12700,13000,12700,12750,19039,-0.00390625
2022-04-20,12900,13150,12800,12950,22029,0.015686274509803866
2022-04-21,13000,13050,12800,12900,19295,-0.0038610038610038533
2022-04-22,12800,12900,12450,12900,18316,0.0
2022-04-25,12650,12700,12350,12350,18583,-0.04263565891472865
2022-04-26,12350,12650,12200,12500,17647,0.012145748987854255
2022-04-27,12400,13300,12100,12750,104631,0.020000000000000018
2022-04-28,12750,12800,12500,12700,23469,-0.0039215686274509665
2022-04-29,12750,13100,12750,13000,67543,0.023622047244094446
2022-05-02,13000,13150,12750,12950,26813,-0.0038461538461538325
2022-05-03,13000,13300,12950,13050,55767,0.007722007722007707
2022-05-04,13050,13300,12900,13000,19133,-0.003831417624521105
2022-05-06,12850,13100,12700,13050,20838,0.0038461538461538325
2022-05-09,12700,13100,12500,12650,37469,-0.03065134099616862
2022-05-10,12300,12550,11800,12250,51289,-0.031620553359683834
2022-05-11,12150,12500,12150,12400,9318,0.012244897959183598
2022-05-12,12400,13050,12050,12250,35551,-0.012096774193548376
2022-05-13,12250,12500,12100,12300,10588,0.004081632653061273
2022-05-16,12450,12600,12300,12400,12287,0.008130081300812941
2022-05-17,12450,12600,12350,12550,14412,0.012096774193548487
2022-05-18,12550,12800,12350,12350,11036,-0.015936254980079667
2022-05-19,12100,12450,11950,12300,16520,-0.004048582995951455
2022-05-20,12300,12600,12250,12400,7483,0.008130081300812941
2022-05-23,12450,12450,12200,12200,12977,-0.016129032258064502
2022-05-24,12150,12300,12050,12100,9422,-0.008196721311475419
2022-05-25,12050,12250,12000,12150,7869,0.004132231404958775
2022-05-26,12150,12200,12000,12100,6933,-0.004115226337448541
2022-05-27,12050,12250,12050,12150,5003,0.004132231404958775
2022-05-30,12150,12350,12150,12300,6981,0.012345679012345734
2022-05-31,12300,12600,12300,12500,17503,0.016260162601626105
2022-06-02,12500,12600,12350,12450,6196,-0.0040000000000000036
2022-06-03,12500,12650,12400,12600,13862,0.012048192771084265
2022-06-07,12650,12650,12400,12450,10407,-0.011904761904761862
2022-06-08,12300,13300,12150,12850,92260,0.032128514056224855
2022-06-09,13000,13000,12500,12800,15424,-0.0038910505836575737
2022-06-10,12800,12800,12400,12400,17191,-0.03125
2022-06-13,12050,12150,11600,11600,24898,-0.06451612903225812
2022-06-14,11450,11650,11150,11550,20521,-0.004310344827586188
2022-06-15,11250,11650,10850,11100,15424,-0.038961038961038974
2022-06-16,11050,11650,10950,11350,17181,0.022522522522522515
2022-06-17,10900,11250,10800,11250,6725,-0.008810572687224627
2022-06-20,11100,12200,10350,10650,75743,-0.053333333333333344
2022-06-21,10650,11000,10500,10650,13722,0.0
2022-06-22,10650,11250,10000,10000,19564,-0.06103286384976525
2022-06-23,9920,10100,9060,9060,46786,-0.09399999999999997
2022-06-24,9020,9470,9020,9470,25729,0.045253863134657735
2022-06-27,9480,10250,9480,10100,23508,0.06652587117212239
2022-06-28,10200,10700,10200,10700,19517,0.05940594059405946
2022-06-29,10400,10800,10250,10500,9649,-0.01869158878504673
2022-06-30,10500,10650,10250,10300,8148,-0.01904761904761909
2022-07-01,10150,10550,9860,10200,15693,-0.009708737864077666
2022-07-04,10200,10400,9770,9940,22061,-0.025490196078431393
2022-07-05,9990,10250,9880,10250,19049,0.031187122736418438
2022-07-06,10300,12300,10000,11500,868511,0.12195121951219523
2022-07-07,11750,12400,11250,11450,191237,-0.004347826086956497
2022-07-08,11450,14850,11350,14850,2662581,0.29694323144104806
2022-07-11,15000,15050,13550,14000,1151775,-0.0572390572390572
2022-07-12,13900,14350,13650,14050,437553,0.0035714285714285587
2022-07-13,13800,13950,12850,13100,254493,-0.06761565836298933
2022-07-14,13000,13250,12700,13250,99197,0.011450381679389388
2022-07-15,13550,14500,13000,13000,730313,-0.018867924528301883
2022-07-18,12800,13100,12250,12900,174947,-0.007692307692307665
2022-07-19,12750,14000,12600,13600,473165,0.054263565891472965
2022-07-20,13600,14100,13300,13350,246987,-0.018382352941176516
2022-07-21,13550,13950,13350,13600,182170,0.01872659176029967
2022-07-22,13900,17600,13700,16450,4871754,0.2095588235294117
2022-07-25,16150,16350,15300,15300,531879,-0.06990881458966569
2022-07-26,15300,15500,14900,15500,266178,0.013071895424836555
2022-07-27,15250,15500,14500,15500,465461,0.0
2022-07-28,15550,18150,15500,16400,2931131,0.058064516129032295
2022-07-29,16150,16450,15600,15600,245438,-0.04878048780487809
2022-08-01,15600,15650,15000,15150,173922,-0.028846153846153855
2022-08-02,15150,15600,14900,15400,166234,0.01650165016501659
2022-08-03,15150,15400,14800,15400,94891,0.0
2022-08-04,15450,15450,14850,14850,92357,-0.0357142857142857
2022-08-05,14700,15300,14700,15050,102053,0.013468013468013407
2022-08-08,15200,15200,14800,14800,60186,-0.01661129568106312
2022-08-09,14800,14800,14000,14200,108062,-0.04054054054054057
2022-08-10,14100,16250,14000,14900,1134093,0.04929577464788726
2022-08-11,14700,15650,14600,15000,234583,0.006711409395973256
2022-08-12,15000,15100,14450,14600,101295,-0.026666666666666616
2022-08-16,14750,15300,14650,15250,118350,0.044520547945205546
2022-08-17,15250,15850,14550,14700,205065,-0.0360655737704918
2022-08-18,14450,14600,14200,14550,52221,-0.010204081632653073
2022-08-19,14700,16150,14700,15400,355752,0.05841924398625431
2022-08-22,15250,15300,14400,14450,106065,-0.06168831168831168
2022-08-23,14550,15800,14050,15050,315195,0.04152249134948094
2022-08-24,15300,19550,15100,18150,4827008,0.20598006644518274
2022-08-25,17850,18350,17750,18150,589863,0.0
2022-08-26,18000,18100,17050,17300,409792,-0.04683195592286504
2022-08-29,16650,17050,16450,16750,211530,-0.03179190751445082
2022-08-30,16650,17150,16550,16900,277282,0.008955223880596996
2022-08-31,16500,16900,16250,16850,176506,-0.00295857988165682
2022-09-01,17050,17950,15600,15850,835832,-0.05934718100890213
2022-09-02,16000,16250,14800,15300,310764,-0.034700315457413256
2022-09-05,15200,15400,14800,14900,114142,-0.02614379084967322
2022-09-06,14750,15300,14750,15100,102368,0.01342281879194629
2022-09-07,15350,15500,14750,15000,128094,-0.0066225165562914245
2022-09-08,15100,15150,14300,14600,118226,-0.026666666666666616
2022-09-13,14800,15100,14600,15000,61300,0.027397260273972712
2022-09-14,14300,14800,14300,14600,58369,-0.026666666666666616
2022-09-15,14650,15100,14650,14850,43808,0.017123287671232834
2022-09-16,14850,14850,14250,14350,45119,-0.03367003367003363
2022-09-19,14500,14500,13550,13850,106569,-0.03484320557491294
2022-09-20,13700,14150,13700,14000,26441,0.010830324909747224
2022-09-21,13750,14350,13750,14300,55412,0.021428571428571352
2022-09-22,14300,14550,13650,14450,50307,0.010489510489510412
2022-09-23,14200,14650,13250,13800,107766,-0.04498269896193774
2022-09-26,13400,13500,12100,12150,91667,-0.11956521739130432
2022-09-27,12100,12350,11600,12150,73493,0.0
2022-09-28,12150,13350,12050,13250,200134,0.09053497942386834
2022-09-29,13150,13800,13000,13700,102621,0.03396226415094339
2022-09-30,13150,13300,12000,12000,317622,-0.12408759124087587
2022-10-04,12150,12250,11900,12050,41351,0.004166666666666652
2022-10-05,12200,12250,11850,11900,49001,-0.012448132780082943
2022-10-06,12050,12450,12050,12400,48670,0.04201680672268915
2022-10-07,12250,12500,12150,12350,43373,-0.0040322580645161255
2022-10-11,12200,12200,11500,11700,49708,-0.052631578947368474
2022-10-12,11500,11750,11250,11750,39263,0.004273504273504258
2022-10-13,11500,12000,10600,10700,62610,-0.08936170212765959
2022-10-14,10900,11500,10900,11250,30583,0.051401869158878455
2022-10-17,11000,11800,10800,11600,18937,0.03111111111111109
2022-10-18,11750,12000,11600,12000,40941,0.034482758620689724
2022-10-19,12200,12450,11750,11900,30675,-0.008333333333333304
2022-10-20,11700,12050,11400,11450,28318,-0.037815126050420145
2022-10-21,11450,11900,11150,11800,34339,0.03056768558951961
2022-10-24,11850,12000,11400,11500,221496,-0.025423728813559365
2022-10-25,11600,11750,11400,11700,36057,0.017391304347825987
2022-10-26,11600,12100,11400,11700,67031,0.0
2022-10-27,12300,13300,12000,12500,349156,0.06837606837606836
2022-10-28,12350,12750,12000,12000,55898,-0.040000000000000036
2022-10-31,12050,12100,11600,11900,102342,-0.008333333333333304
2022-11-01,11800,12350,11800,12100,31207,0.01680672268907557
2022-11-02,11900,12800,11850,12250,65829,0.012396694214876103
2022-11-03,12150,12700,11900,12350,75471,0.008163265306122547
2022-11-04,12250,12400,12100,12350,16841,0.0
2022-11-07,12300,12900,12300,12700,65903,0.028340080971659853
2022-11-08,12850,13250,12600,13250,95915,0.04330708661417315
2022-11-09,13350,13750,13050,13750,140608,0.037735849056603765
2022-11-10,12850,13100,12750,12750,113663,-0.07272727272727275
2022-11-11,12900,13000,12650,12850,38042,0.007843137254901933
2022-11-14,12800,12900,12600,12600,31351,-0.01945525291828798
2022-11-15,12600,12800,12350,12800,47720,0.015873015873015817
2022-11-16,12700,12900,12350,12800,63532,0.0
2022-11-17,12700,12750,12450,12700,35258,-0.0078125
2022-11-18,12750,12800,12250,12350,38253,-0.027559055118110187
2022-11-21,12350,12350,11800,11900,43877,-0.036437246963562764
2022-11-22,11750,12200,11750,12050,31782,0.012605042016806678
2022-11-23,12150,12300,12100,12200,13811,0.012448132780082943
2022-11-24,12200,12850,12200,12750,54028,0.04508196721311486
2022-11-25,13350,15600,13050,13100,1310744,0.027450980392156765
2022-11-28,12950,13300,12800,12800,75390,-0.022900763358778664
2022-11-29,12700,13000,12550,12750,92336,-0.00390625
2022-11-30,12800,14000,12800,13150,334162,0.031372549019607954
2022-12-01,13250,13750,13200,13500,115343,0.026615969581748944
2022-12-02,13550,13600,13250,13400,54516,-0.007407407407407418
2022-12-05,13350,14400,13150,14100,265876,0.052238805970149294
2022-12-06,13800,16250,13800,14550,2244306,0.03191489361702127
2022-12-07,14050,14150,13300,13300,359930,-0.08591065292096223
2022-12-08,13100,13850,13100,13550,241585,0.018796992481203034
2022-12-09,13500,13700,13300,13450,87181,-0.0073800738007380184
2022-12-12,13450,13700,13200,13450,79499,0.0
2022-12-13,13450,13600,13100,13400,72889,-0.0037174721189591198
2022-12-14,13400,13700,13250,13650,79493,0.018656716417910557
2022-12-15,13500,13850,13400,13650,51172,0.0
2022-12-16,13600,13650,13050,13300,79783,-0.02564102564102566
2022-12-19,13150,13400,12950,13000,107166,-0.022556390977443663
2022-12-20,13000,13300,12400,12700,95499,-0.023076923076923106
2022-12-21,12700,13000,12650,13000,42005,0.023622047244094446
2022-12-22,12800,13250,12800,13100,32904,0.007692307692307665
2022-12-23,13000,13200,12500,12800,75208,-0.022900763358778664
2022-12-26,12700,12750,12100,12300,63882,-0.0390625
2022-12-27,12200,12600,12200,12500,23455,0.016260162601626105
2022-12-28,12350,12800,12250,12450,31550,-0.0040000000000000036
2022-12-29,12300,12600,11800,11850,77918,-0.048192771084337394
2023-01-02,11850,12150,11500,11800,74682,-0.00421940928270037
2023-01-03,11600,11900,11350,11800,44991,0.0
2023-01-04,11650,12100,11550,12100,13563,0.025423728813559254
2023-01-05,12100,12300,12000,12250,29865,0.012396694214876103
2023-01-06,12150,12500,12000,12500,23857,0.020408163265306145
2023-01-09,12500,12850,12500,12650,49203,0.01200000000000001
2023-01-10,12550,12800,12500,12800,65868,0.011857707509881354
2023-01-11,12850,13100,12800,12850,38096,0.00390625
2023-01-12,13000,13000,12700,12800,15944,-0.0038910505836575737
2023-01-13,12750,13000,12600,12900,25516,0.0078125
2023-01-16,13000,13200,12900,13200,37135,0.023255813953488413
2023-01-17,13300,13600,13150,13550,76445,0.026515151515151603
2023-01-18,13700,13850,12800,12900,97132,-0.047970479704797064
2023-01-19,12700,13000,12600,12650,46707,-0.019379844961240345
2023-01-20,12700,12700,12400,12600,21625,-0.0039525691699604515
2023-01-25,12620,13000,12510,12740,49639,0.011111111111111072
2023-01-26,12910,13180,12650,12650,62962,-0.007064364207221341
2023-01-27,12650,13000,12600,12910,35293,0.02055335968379457
2023-01-30,13000,13040,12700,12700,35384,-0.016266460108443015
2023-01-31,12700,12890,12650,12810,20179,0.008661417322834541
2023-02-01,12900,13020,12820,12950,19059,0.010928961748633892
2023-02-02,12950,13060,12910,13030,18235,0.00617760617760621
2023-02-03,13030,13090,12810,13020,17137,-0.0007674597083653367
2023-02-06,13090,13090,12810,12880,14440,-0.010752688172043001
2023-02-07,12820,12950,12800,12850,11763,-0.0023291925465838137
2023-02-08,12900,12970,12810,12910,14957,0.0046692607003890885
2023-02-09,13000,13000,12610,12650,20669,-0.020139426800929505
2023-02-10,12650,12650,12060,12100,44772,-0.04347826086956519
2023-02-13,12190,12190,11970,12100,16842,0.0
2023-02-14,12010,12200,12010,12020,9787,-0.006611570247933907
2023-02-15,11980,11990,11600,11730,19939,-0.024126455906821942
2023-02-16,11730,12230,11600,12180,18037,0.038363171355498826
2023-02-17,12290,12290,12040,12180,5007,0.0
2023-02-20,12080,12270,11900,12250,13181,0.005747126436781658
2023-02-21,12250,12280,11890,12140,39793,-0.00897959183673469
2023-02-22,12070,12070,11510,11690,42745,-0.03706754530477763
2023-02-23,11700,11750,11560,11630,37056,-0.0051325919589392255
2023-02-24,11650,11680,11360,11360,31188,-0.02321582115219256
2023-02-27,11350,11450,11120,11380,11356,0.0017605633802817433
2023-02-28,11320,11630,11320,11390,9257,0.0008787346221441616
2023-03-02,11390,11710,11390,11640,22248,0.02194907813871816
2023-03-03,11750,11750,11520,11650,9613,0.0008591065292096189
2023-03-06,11660,11810,11530,11550,13066,-0.008583690987124415
2023-03-07,11580,11580,11330,11400,13585,-0.012987012987012991
2023-03-08,11350,11370,11250,11350,9584,-0.004385964912280715
2023-03-09,11330,11880,11180,11490,20380,0.012334801762114544
2023-03-10,11330,11910,11330,11620,23979,0.011314186248912117
2023-03-13,11400,11490,11010,11100,33949,-0.04475043029259895
2023-03-14,11100,11130,10580,10700,26468,-0.036036036036036
2023-03-15,10750,11100,10750,10940,12045,0.02242990654205612
2023-03-16,10840,10930,10580,10820,8231,-0.010968921389396757
2023-03-17,10940,11470,10910,11310,22437,0.04528650646950094
2023-03-20,11160,11400,11160,11330,9199,0.0017683465959328348
2023-03-21,11340,11450,11180,11260,6616,-0.0061782877316858276
2023-03-22,11270,11280,11120,11200,7571,-0.005328596802841923
2023-03-23,11190,11410,10610,11020,49931,-0.016071428571428625
2023-03-24,11020,11130,10700,10900,10042,-0.010889292196007205
2023-03-27,10800,10980,10290,10700,79692,-0.01834862385321101
2023-03-28,10600,11380,10600,11330,27456,0.058878504672897236
2023-03-29,11290,11650,11200,11620,21836,0.02559576345984116
2023-03-30,11620,11900,10990,11110,41337,-0.043889845094664426
2023-03-31,11060,11200,10960,11060,10284,-0.004500450045004545
2023-04-03,11050,11200,10870,11040,21453,-0.001808318264014508
2023-04-04,11040,11470,11000,11370,22736,0.029891304347826164
2023-04-05,11360,11430,11120,11290,19108,-0.0070360598065083435
2023-04-06,11230,11320,11000,11050,11290,-0.021257750221434946
2023-04-07,11100,11240,10930,11150,8866,0.009049773755656076
2023-04-10,11220,11220,10720,10850,33944,-0.026905829596412523
2023-04-11,10760,11000,10690,11000,12760,0.01382488479262678
2023-04-12,10900,11200,10900,11000,11424,0.0
2023-04-13,10910,12170,10830,12000,116835,0.09090909090909083
2023-04-14,12000,12070,11580,11830,36228,-0.01416666666666666
2023-04-17,11890,12340,11800,12340,42014,0.04311073541842769
2023-04-18,12340,12650,11890,12550,67910,0.01701782820097253
2023-04-19,12550,12620,11800,11950,90294,-0.047808764940239
2023-04-20,11800,11910,11400,11400,38687,-0.046025104602510414
2023-04-21,11450,11500,11160,11250,14548,-0.013157894736842146
2023-04-24,11210,11250,10940,11100,17239,-0.013333333333333308
2023-04-25,10960,11060,10770,10900,19539,-0.018018018018018056
2023-04-26,10550,11200,10550,10600,36627,-0.02752293577981646
2023-04-27,10650,10720,10530,10710,11032,0.01037735849056598
2023-04-28,10670,10880,10620,10750,13972,0.0037348272642390157
2023-05-02,10750,10970,10690,10970,7339,0.02046511627906966
2023-05-03,10970,11090,10820,10890,9008,-0.007292616226071136
2023-05-04,10860,10940,10750,10850,8187,-0.0036730945821854544
2023-05-08,10850,11100,10850,11080,5298,0.021198156682027625
2023-05-09,10950,11090,10930,11090,5399,0.0009025270758122872
2023-05-10,11090,11270,11020,11210,14175,0.010820559062218127
2023-05-11,11380,11470,11050,11200,18826,-0.000892060660124927
2023-05-12,11300,11300,10950,10960,11447,-0.021428571428571463
2023-05-15,11000,11040,10840,11040,7786,0.007299270072992803
2023-05-16,11020,11060,10800,10820,10337,-0.019927536231884035
2023-05-17,10840,11150,10790,11090,8670,0.024953789279112737
2023-05-18,11120,11280,10990,11190,6836,0.009017132551848439
2023-05-19,11250,11290,11110,11160,5475,-0.002680965147453085
2023-05-22,11050,11210,11050,11180,4926,0.0017921146953405742
2023-05-23,11180,11250,11080,11140,2414,-0.003577817531305927
2023-05-24,11230,11230,11000,11080,5727,-0.0053859964093356805
2023-05-25,11080,11080,10910,11000,5648,-0.0072202166064981865
2023-05-26,11000,11100,10830,11050,6810,0.00454545454545463
2023-05-30,10980,11040,10890,10940,1820,-0.009954751131221684
2023-05-31,10940,11000,10700,11000,9992,0.005484460694698434
2023-06-01,10990,11090,10860,11040,3220,0.0036363636363636598
2023-06-02,11060,11080,10940,11040,4482,0.0
2023-06-05,11000,11250,10950,11020,5854,-0.0018115942028985588
2023-06-07,11020,11150,10970,11030,4686,0.0009074410163338875
2023-06-08,10980,11050,10940,10960,3052,-0.006346328195829587
2023-06-09,10960,11100,10860,10970,6626,0.0009124087591241281
2023-06-12,10970,11050,10920,11030,8800,0.005469462169553241
2023-06-13,11000,11270,11000,11140,11440,0.00997280145058932
2023-06-14,11200,11200,10910,10980,7603,-0.014362657091561926
2023-06-15,10980,11100,10870,10970,8783,-0.0009107468123861207
2023-06-16,10970,11140,10950,11000,4806,0.0027347310847767314
2023-06-19,11090,11110,10930,11080,6596,0.0072727272727273196
2023-06-20,11010,11130,10980,11000,5567,-0.0072202166064981865
2023-06-21,10990,11490,10990,11340,14413,0.030909090909090997
2023-06-22,11240,11450,11240,11400,10580,0.005291005291005346
2023-06-23,11350,11450,11110,11120,12233,-0.024561403508771895
2023-06-26,11100,11800,11020,11400,43765,0.02517985611510798
2023-06-27,11400,11500,11210,11250,10917,-0.013157894736842146
2023-06-28,11210,11340,11200,11310,9004,0.005333333333333412
2023-06-29,11310,11450,11120,11120,10265,-0.016799292661361598
2023-06-30,11010,11300,11010,11300,4745,0.01618705035971213
2023-07-03,11220,11390,11170,11300,6409,0.0
2023-07-04,11340,11640,11230,11310,4821,0.0008849557522123686
2023-07-05,11310,11350,11170,11240,3277,-0.006189213085764811
2023-07-06,11240,11240,10990,11120,9019,-0.010676156583629859
2023-07-07,11040,11090,10980,11060,5092,-0.0053956834532373765
2023-07-10,11040,11100,10920,11020,10217,-0.003616636528028905
2023-07-11,10990,11070,10900,10990,9829,-0.0027223230490017736
2023-07-12,11040,11150,10940,11070,5664,0.007279344858962755
2023-07-13,11000,11270,10990,11220,11055,0.013550135501354976
2023-07-14,11500,11790,11060,11060,41743,-0.014260249554367221
2023-07-17,11060,11150,10930,11030,7635,-0.002712477396021651
2023-07-18,10940,11070,10910,11040,9601,0.0009066183136898776
2023-07-19,11010,11040,10850,10960,13495,-0.007246376811594235
2023-07-20,10800,10840,10720,10760,14289,-0.018248175182481785
2023-07-21,10700,10800,10630,10760,8225,0.0
2023-07-24,10760,10940,10600,10850,14719,0.008364312267657992
2023-07-25,10770,10950,10500,10600,7842,-0.02304147465437789
2023-07-26,10530,10600,9750,10220,24802,-0.03584905660377358
2023-07-27,10020,10350,10020,10150,7108,-0.006849315068493178
2023-07-28,10290,10350,10060,10340,3457,0.01871921182266001
2023-07-31,10340,10390,10200,10340,2652,0.0
2023-08-01,10400,10500,10030,10400,4462,0.005802707930367523
2023-08-02,10400,10490,10220,10350,3341,-0.004807692307692291
2023-08-03,10260,10300,10090,10190,8570,-0.01545893719806768
2023-08-04,10190,10410,10140,10410,2459,0.02158979391560356
2023-08-07,10410,10450,10260,10330,1730,-0.007684918347742542
2023-08-08,10330,10390,10130,10230,4673,-0.009680542110358181
2023-08-09,10200,10250,10150,10250,1885,0.0019550342130987275
2023-08-10,10350,10900,10320,10540,16488,0.028292682926829293
2023-08-11,10650,11070,10540,10790,16345,0.02371916508538896
2023-08-14,10870,10960,10540,10540,9407,-0.023169601482854518
2023-08-16,10550,10590,10300,10300,6019,-0.022770398481973486
2023-08-17,10240,10800,9920,10080,13682,-0.021359223300970842
2023-08-18,10000,10200,10000,10140,2193,0.005952380952380931
2023-08-21,10100,10200,10070,10190,1259,0.004930966469427922
2023-08-22,10200,10200,10040,10180,4114,-0.0009813542688911214
2023-08-23,10180,10180,9900,9930,14221,-0.024557956777996104
2023-08-24,9930,10100,9880,9880,6042,-0.0050352467270896595
2023-08-25,9950,10020,9870,9940,5053,0.006072874493927127
2023-08-28,9940,10740,9940,10600,23843,0.06639839034205242
2023-08-29,10600,10800,10490,10630,7178,0.002830188679245227
2023-08-30,10710,10750,10510,10620,3572,-0.0009407337723423836
2023-08-31,10620,10620,10290,10330,4283,-0.02730696798493404
2023-09-01,10330,10390,10190,10360,5684,0.0029041626331074433
2023-09-04,10360,10590,10300,10580,6386,0.021235521235521304
2023-09-05,10500,10670,10490,10560,5647,-0.001890359168241984
2023-09-06,10640,10890,10500,10880,15673,0.030303030303030276
2023-09-07,10770,11000,10500,10860,7305,-0.0018382352941176405
2023-09-08,10790,10790,10550,10710,7336,-0.013812154696132617
2023-09-11,10640,10820,10640,10780,3265,0.006535947712418277
2023-09-12,10650,11010,10300,10720,8268,-0.005565862708719838
2023-09-13,10610,11000,10610,11000,5338,0.026119402985074647
2023-09-14,11220,11430,10800,10890,24919,-0.010000000000000009
2023-09-15,10890,10980,10700,10920,8099,0.0027548209366390353
2023-09-18,10750,11000,10680,10680,2830,-0.02197802197802201
2023-09-19,10760,10810,10380,10780,8769,0.009363295880149725
2023-09-20,10660,10860,10510,10600,2452,-0.016697588126159513
2023-09-21,10610,10610,10350,10470,5217,-0.01226415094339628
2023-09-22,10430,10600,10360,10450,3827,-0.0019102196752626144
2023-09-25,10500,10590,10250,10450,5553,0.0
2023-09-26,10400,10520,10260,10380,1715,-0.006698564593301426
2023-09-27,10150,10310,10010,10200,7595,-0.017341040462427793
2023-10-04,10100,10130,9750,9970,6438,-0.022549019607843168
2023-10-05,9870,10040,9850,9860,3971,-0.011033099297893645
2023-10-06,9660,9950,9660,9950,1755,0.009127789046653234
2023-10-10,9960,9960,9500,9750,10238,-0.02010050251256279
2023-10-11,9750,9880,9690,9780,4492,0.003076923076922977
2023-10-12,9710,9860,9710,9850,2805,0.007157464212679043
2023-10-13,9880,9890,9750,9790,2249,-0.006091370558375608
2023-10-16,9790,9840,9570,9650,4768,-0.01430030643513791
2023-10-17,9680,9800,9680,9770,2408,0.012435233160621673
2023-10-18,9800,9820,9690,9770,1120,0.0
2023-10-19,9700,9800,9610,9750,4137,-0.0020470829068577334
2023-10-20,9750,9800,9600,9730,2387,-0.002051282051282022
2023-10-23,9620,9700,9410,9660,3191,-0.007194244604316502
2023-10-24,9560,9690,9350,9590,7559,-0.007246376811594235
2023-10-25,9590,9590,9470,9540,2870,-0.005213764337851923
2023-10-26,9420,9480,8970,9390,4922,-0.01572327044025157
2023-10-27,9420,9420,9240,9360,2249,-0.0031948881789137795
2023-10-30,9500,9510,9270,9460,2500,0.010683760683760646
2023-10-31,9460,9640,9290,9500,4955,0.0042283298097252064
2023-11-01,9390,9510,9350,9460,3644,-0.004210526315789442
2023-11-02,9440,9460,9300,9390,4158,-0.007399577167019
2023-11-03,9480,9480,9260,9410,4381,0.0021299254526092604
2023-11-06,9410,9470,9350,9430,4070,0.002125398512220933
2023-11-07,9340,9480,9270,9470,4579,0.0042417815482502785
2023-11-08,9470,9550,9400,9510,5722,0.004223864836325308
2023-11-09,9460,9540,9430,9500,5896,-0.001051524710830698
2023-11-10,9460,9620,9440,9590,1948,0.0094736842105263
2023-11-13,9590,9660,9210,9580,4604,-0.0010427528675703845
2023-11-14,9500,9600,9500,9580,201,0.0
2023-11-15,9500,9570,9420,9540,3940,-0.0041753653444676075
2023-11-16,9550,10390,9460,10090,23990,0.057651991614255715
2023-11-17,10470,10790,10160,10300,59734,0.020812685827552135
2023-11-20,10300,10800,10110,10330,37903,0.002912621359223211
2023-11-21,10390,10620,10170,10530,20992,0.019361084220716362
2023-11-22,10440,11480,10200,10310,135086,-0.02089268755935425
2023-11-23,10390,10430,10230,10380,10615,0.00678952473326877
2023-11-24,10380,10650,10330,10330,16507,-0.004816955684007751
2023-11-27,10410,10430,10110,10240,14255,-0.00871248789932233
2023-11-28,10140,10260,10090,10200,4844,-0.00390625
2023-11-29,10200,10300,10030,10090,7756,-0.010784313725490158
2023-11-30,10030,10350,10030,10320,5815,0.02279484638255691
2023-12-01,10250,10340,10170,10260,6292,-0.005813953488372103
2023-12-04,10230,10490,10140,10400,10722,0.013645224171539905
2023-12-05,10400,10440,10210,10380,4396,-0.0019230769230769162
2023-12-06,10300,10360,10250,10310,4064,-0.00674373795761074
2023-12-07,10310,10320,10090,10160,4441,-0.014548981571290032
2023-12-08,10160,10310,10160,10280,3888,0.011811023622047223
2023-12-11,10280,10320,10190,10240,2355,-0.0038910505836575737
2023-12-12,10250,10320,10170,10320,2049,0.0078125
2023-12-13,10230,10320,10160,10270,1769,-0.004844961240310086
2023-12-14,10280,10350,10230,10280,1364,0.0009737098344693162
2023-12-15,10230,10350,10230,10310,1806,0.0029182879377431803
2023-12-18,10390,10400,10250,10340,3012,0.0029097963142579175
2023-12-19,10400,10450,10000,10350,5069,0.0009671179883945502
2023-12-20,10160,10350,10160,10270,1946,-0.007729468599033784
2023-12-21,10280,10400,10250,10400,6582,0.012658227848101333
2023-12-22,10450,10500,10000,10300,7451,-0.009615384615384581
2023-12-26,10300,10370,10230,10360,3484,0.005825242718446644
2023-12-27,10170,10370,10150,10280,3033,-0.007722007722007707
2023-12-28,10310,10350,10170,10300,1605,0.0019455252918287869
2024-01-02,10400,10400,10030,10190,7238,-0.010679611650485477
2024-01-03,10190,10210,10050,10130,1787,-0.0058881256133463955
2024-01-04,10060,10160,9970,10080,5631,-0.0049358341559723184
2024-01-05,10100,10100,9940,9990,3097,-0.008928571428571397
2024-01-08,9930,9960,9790,9830,4484,-0.016016016016015988
2024-01-09,9800,9890,9770,9870,2209,0.004069175991861629
2024-01-10,9920,9970,9870,9910,1299,0.004052684903748771
2024-01-11,9840,9920,9740,9900,4629,-0.0010090817356205317
2024-01-12,9900,9920,9790,9890,1933,-0.0010101010101010166
2024-01-15,9890,9890,9710,9720,2312,-0.01718907987866536
2024-01-16,9600,9730,9580,9700,5339,-0.002057613168724326
2024-01-17,9700,9740,9550,9640,3399,-0.006185567010309256
2024-01-18,9630,9690,9540,9640,4639,0.0
2024-01-19,9690,9710,9420,9440,3957,-0.020746887966805017
2024-01-22,9370,9490,8950,9350,21442,-0.009533898305084776
2024-01-23,9180,9680,9060,9400,4962,0.005347593582887722
2024-01-24,9350,9500,9350,9460,1234,0.006382978723404209
2024-01-25,9440,9510,9150,9480,2328,0.0021141649048626032
2024-01-26,9400,9530,9390,9510,1725,0.0031645569620253333
2024-01-29,9470,9660,9470,9640,1244,0.013669821240799074
2024-01-30,9530,9700,9530,9690,746,0.005186721991701226
2024-01-31,9690,9690,9350,9420,6398,-0.02786377708978327
2024-02-01,9390,9450,9310,9400,933,-0.002123142250530785
2024-02-02,9400,9590,9390,9580,1885,0.01914893617021285
2024-02-05,9760,9760,9360,9430,1024,-0.01565762004175364
2024-02-06,9480,9800,9430,9660,1985,0.024390243902439046
2024-02-07,9660,9760,9570,9680,2250,0.0020703933747412417
2024-02-08,9580,9730,9580,9590,1488,-0.009297520661157077
2024-02-13,9650,9660,9310,9580,1980,-0.0010427528675703845
2024-02-14,9500,9550,9290,9440,9533,-0.014613778705636737
2024-02-15,9440,9490,9360,9400,1866,-0.004237288135593209
2024-02-16,9420,9440,9300,9420,3173,0.0021276595744681437
2024-02-19,9420,9660,9360,9600,6365,0.019108280254777066
2024-02-20,9530,9600,9400,9600,2823,0.0
2024-02-21,9510,9620,9450,9500,1199,-0.01041666666666663
2024-02-22,9490,9900,9370,9780,11499,0.02947368421052632
2024-02-23,9770,9780,9420,9510,3782,-0.027607361963190136
2024-02-26,9510,9530,9420,9450,3080,-0.006309148264984188
2024-02-27,9440,9460,9190,9330,5642,-0.012698412698412653
2024-02-28,9330,9410,9300,9330,4583,0.0
2024-02-29,9330,9490,9250,9450,6440,0.012861736334405238
2024-03-04,9370,9450,9270,9340,4758,-0.011640211640211673
2024-03-05,9340,9340,9200,9330,1934,-0.0010706638115631772
2024-03-06,9340,9380,9170,9360,1090,0.003215434083601254
2024-03-07,9350,9350,9100,9170,3806,-0.020299145299145338
2024-03-08,9170,9200,8970,9050,8374,-0.013086150490730697
2024-03-11,9040,9140,8970,9020,3247,-0.0033149171270717703
2024-03-12,9030,9060,8890,8980,1955,-0.0044345898004434225
2024-03-13,8980,9020,8890,8950,2941,-0.0033407572383074013
2024-03-14,8950,9160,8940,9120,2343,0.018994413407821265
2024-03-15,9050,9160,9000,9090,524,-0.003289473684210509
2024-03-18,9090,9140,8940,9020,6896,-0.007700770077007646
2024-03-19,9020,9070,8660,8840,3263,-0.019955654101995512
2024-03-20,8850,8970,8700,8870,4348,0.0033936651583710287
2024-03-21,8840,9010,8710,8890,1781,0.0022547914317925244
2024-03-22,8880,8890,8760,8890,2156,0.0
2024-03-25,8820,9070,8800,8950,1986,0.006749156355455588
2024-03-26,8940,8980,8810,8880,5844,-0.007821229050279377
2024-03-27,8890,9140,8740,9140,7667,0.029279279279279313
2024-03-28,9020,9050,8840,8840,2883,-0.03282275711159732
2024-03-29,8980,8980,8710,8800,1898,-0.004524886877828038
2024-04-01,8810,8850,8690,8790,4048,-0.001136363636363602
2024-04-02,8780,8790,8700,8770,1616,-0.0022753128555176305
2024-04-03,8660,8770,8560,8700,5553,-0.007981755986317007
2024-04-04,8680,8730,8570,8590,2734,-0.012643678160919491
2024-04-05,8590,8640,8380,8610,3737,0.002328288707799775
2024-04-08,8620,8650,8500,8650,1840,0.004645760743321681
2024-04-09,8650,8700,8560,8680,6454,0.003468208092485492
2024-04-11,8690,8950,8640,8780,3176,0.011520737327188835
2024-04-12,8780,8830,8600,8600,1347,-0.02050113895216399
2024-04-15,8600,8650,8320,8470,2625,-0.015116279069767424
2024-04-16,8400,8450,8120,8400,7670,-0.008264462809917328
2024-04-17,8330,8330,8170,8290,3219,-0.013095238095238049
2024-04-18,8230,8370,8220,8290,2745,0.0
2024-04-19,8290,8340,8220,8300,929,0.0012062726176116367
2024-04-22,8310,8350,8140,8270,2013,-0.0036144578313253017
2024-04-23,8270,8310,7820,8140,7006,-0.01571946795646917
2024-04-24,8150,8220,8090,8130,5365,-0.0012285012285012664
2024-04-25,8130,8220,8060,8170,2578,0.004920049200491938
2024-04-26,8170,8200,8090,8090,4022,-0.009791921664626724
2024-04-29,8120,8140,7990,8050,3806,-0.0049443757725586845
2024-04-30,8050,8170,8040,8130,5383,0.009937888198757738
2024-05-02,8070,8140,8000,8100,1634,-0.0036900369003689537
2024-05-03,8060,8170,8040,8150,2166,0.006172839506172867
2024-05-07,8090,8320,8080,8270,1742,0.014723926380368013
2024-05-08,8270,8270,8180,8220,1348,-0.006045949214026569
2024-05-09,8220,8380,8220,8370,2983,0.018248175182481674
2024-05-10,8360,8580,8320,8490,5693,0.014336917562723928
2024-05-13,8480,8520,8420,8470,1626,-0.002355712603062443
2024-05-14,8500,8690,8400,8620,3292,0.017709563164108655
2024-05-16,8550,8690,8550,8620,3688,0.0
2024-05-17,8570,8800,8100,8480,2178,-0.016241299303944357
2024-05-20,8480,8530,8380,8530,1448,0.005896226415094352
2024-05-21,8460,8560,8400,8560,1196,0.003516998827667095
2024-05-22,8510,8510,8440,8500,2789,-0.007009345794392496
2024-05-23,8490,8510,8440,8480,459,-0.0023529411764705577
2024-05-24,8480,8500,8420,8430,5154,-0.005896226415094352
2024-05-27,8430,8480,8330,8460,1370,0.003558718861210064
2024-05-28,8450,8460,8330,8380,2094,-0.009456264775413725
2024-05-29,8400,8400,8320,8320,904,-0.007159904534606243
2024-05-30,8360,8420,8250,8420,2212,0.012019230769230838
2024-05-31,8420,8470,8330,8340,1360,-0.009501187648456089
2024-06-03,8390,8510,8320,8510,2447,0.020383693045563644
2024-06-04,8460,8510,8380,8490,2388,-0.002350176263219761
2024-06-05,8430,8940,8420,8790,7516,0.035335689045936425
2024-06-07,8710,8790,8650,8650,2709,-0.015927189988623414
2024-06-10,8660,8710,8560,8610,2220,-0.0046242774566473965
2024-06-11,8610,8670,8540,8660,2338,0.005807200929152101
2024-06-12,8670,8690,8550,8630,3137,-0.0034642032332563577
2024-06-13,8650,8680,8480,8560,3382,-0.008111239860950192
2024-06-14,8560,8570,8490,8510,3952,-0.005841121495327117
2024-06-17,8520,8540,8400,8400,1646,-0.01292596944770863
2024-06-18,8330,8490,8200,8280,5585,-0.014285714285714235
2024-06-19,8220,8280,8120,8260,5838,-0.0024154589371980784
2024-06-20,8260,8300,8160,8270,1371,0.001210653753026536
2024-06-21,8200,8340,8090,8150,6238,-0.0145102781136639
2024-06-24,8150,8200,8100,8190,2312,0.004907975460122671
2024-06-25,8150,8210,8110,8190,1824,0.0
2024-06-26,8190,8190,8070,8170,1353,-0.0024420024420024333
2024-06-27,8130,8170,8100,8160,1079,-0.001223990208078285
2024-06-28,8160,8190,8000,8110,2525,-0.006127450980392135
2024-07-01,8130,8130,8000,8130,3399,0.002466091245376001
2024-07-02,8100,8120,8000,8000,1812,-0.01599015990159902
2024-07-03,8000,8040,7950,8010,4734,0.0012499999999999734
2024-07-04,8000,8060,7930,7990,4047,-0.0024968789013732895
2024-07-05,7950,8110,7860,7900,3382,-0.01126408010012514
2024-07-08,7910,7910,7850,7900,7237,0.0
2024-07-09,7970,7980,7850,7880,1318,-0.0025316455696202667
2024-07-10,7880,7910,7800,7880,1074,0.0
2024-07-11,7920,8000,7890,7890,474,0.0012690355329949554
2024-07-12,7920,7960,7880,7960,4349,0.008871989860582907
2024-07-15,7960,7980,7850,7940,1079,-0.002512562814070307
2024-07-16,7940,7950,7820,7850,1121,-0.01133501259445846
2024-07-17,7840,7880,7800,7800,3558,-0.006369426751592355
2024-07-18,7830,8130,7790,7810,827,0.0012820512820512775
2024-07-19,7760,7810,7750,7790,492,-0.002560819462227859
2024-07-22,7790,7850,7720,7820,1796,0.0038510911424902705
2024-07-23,7820,7820,7750,7790,369,-0.0038363171355498826
2024-07-24,7790,7790,7710,7770,798,-0.0025673940949936247
2024-07-25,7770,7770,7650,7740,642,-0.0038610038610038533
2024-07-26,7730,7740,7630,7680,3978,-0.007751937984496138
2024-07-29,7700,7720,7610,7670,1747,-0.0013020833333333703
2024-07-30,7680,7680,7520,7600,2622,-0.009126466753585416
2024-07-31,7600,7610,7470,7520,2353,-0.010526315789473717
2024-08-01,7560,7590,7480,7530,1974,0.0013297872340425343
2024-08-02,7480,7560,7330,7330,2752,-0.026560424966799445
2024-08-05,7270,7280,6770,6770,10905,-0.07639836289222379
2024-08-06,6770,6880,6760,6760,4418,-0.001477104874446078
2024-08-07,6910,7100,6910,7020,1596,0.03846153846153855
2024-08-08,7020,7310,6950,7100,2141,0.01139601139601143
2024-08-09,7030,7150,7010,7010,3593,-0.012676056338028152
2024-08-12,7070,7190,7040,7090,1762,0.011412268188302432
2024-08-13,7090,7120,7040,7090,2238,0.0
2024-08-14,7120,7270,7120,7240,3626,0.021156558533145242
2024-08-16,7220,7400,7220,7400,6994,0.022099447513812098
2024-08-19,7340,7700,7340,7650,6469,0.03378378378378377
2024-08-20,7760,7760,7450,7450,4857,-0.02614379084967322
2024-08-21,7520,7670,7510,7670,2021,0.029530201342281792
2024-08-22,7610,7720,7570,7680,394,0.0013037809647979959
2024-08-23,7700,7700,7600,7650,578,-0.00390625
2024-08-26,7630,7650,7500,7500,2004,-0.019607843137254943
2024-08-27,7500,7550,7460,7510,2162,0.0013333333333334085
2024-08-28,7430,7520,7400,7520,581,0.0013315579227697327
2024-08-29,7560,7560,7240,7240,4467,-0.037234042553191515
2024-08-30,7240,7330,7210,7300,1404,0.008287292817679592
2024-09-02,7290,7340,7290,7330,139,0.004109589041095818
2024-09-03,7330,7520,7210,7370,1596,0.005457025920873049
2024-09-04,7320,7320,7090,7220,2379,-0.020352781546811416
2024-09-05,7210,7210,7060,7130,546,-0.012465373961218829
2024-09-06,7130,7130,6860,6860,2728,-0.037868162692847096
2024-09-09,6760,6920,6740,6890,1323,0.004373177842565523
2024-09-10,6830,6960,6810,6930,398,0.005805515239477588
2024-09-11,6950,6970,6810,6940,1060,0.0014430014430013571
2024-09-12,6900,7150,6870,7120,545,0.025936599423631135
2024-09-13,7090,7110,6960,6960,1369,-0.022471910112359605
2024-09-19,6960,7000,6930,7000,1566,0.005747126436781658
2024-09-20,7010,7040,6960,7040,484,0.005714285714285783
2024-09-23,7060,7080,6980,7070,1067,0.0042613636363635354
2024-09-24,7110,7110,6950,7000,1289,-0.00990099009900991
2024-09-25,7040,7040,6920,6980,883,-0.0028571428571428914
2024-09-26,6980,7020,6950,7010,1088,0.004297994269341077
2024-09-27,7010,7020,6940,6990,1856,-0.0028530670470755526
2024-09-30,7010,7200,6940,7200,2489,0.030042918454935563
2024-10-02,7200,7200,7040,7050,3493,-0.02083333333333337
2024-10-04,7050,7160,6980,7160,851,0.015602836879432536
2024-10-07,7200,7490,7110,7340,1352,0.025139664804469275
2024-10-08,7260,7490,7240,7410,1212,0.0095367847411445
2024-10-10,7410,7490,7320,7400,738,-0.0013495276653171517
2024-10-11,7400,7400,7270,7300,160,-0.013513513513513487
2024-10-14,7260,7300,7200,7260,355,-0.005479452054794498
2024-10-15,7260,7270,7180,7180,1608,-0.011019283746556474
2024-10-16,7210,7210,7120,7180,471,0.0
2024-10-17,7130,7170,7050,7060,2662,-0.01671309192200554
2024-10-18,7060,7090,7000,7080,181,0.0028328611898016387
2024-10-21,7060,7060,6930,7030,2179,-0.007062146892655385
2024-10-22,7030,7060,6890,7000,4406,-0.004267425320056861
2024-10-23,6990,7090,6900,7000,2193,0.0
2024-10-24,7030,7100,6870,7100,1576,0.014285714285714235
2024-10-25,7040,7090,6960,7090,1514,-0.0014084507042253502
2024-10-28,7090,7090,6890,7090,2226,0.0
2024-10-29,7090,7440,6950,7100,2861,0.0014104372355430161
2024-10-30,7100,7350,7060,7320,318,0.030985915492957705
2024-10-31,7250,7300,7240,7240,791,-0.010928961748633892
2024-11-01,7240,7250,7170,7170,878,-0.00966850828729282
2024-11-04,7170,7360,7070,7360,1482,0.02649930264993028
2024-11-05,7370,7380,7230,7370,843,0.0013586956521738358
2024-11-06,7410,7460,7290,7380,525,0.0013568521031208647
2024-11-07,7410,7510,7240,7410,878,0.004065040650406582
2024-11-08,7390,7470,7200,7200,930,-0.028340080971659964
2024-11-11,7290,7420,7010,7210,3362,0.001388888888888884
2024-11-12,7170,7170,7000,7150,1368,-0.00832177531206657
2024-11-13,7110,7140,6820,6890,3150,-0.036363636363636376
2024-11-14,6890,7070,6870,7060,1474,0.02467343976777947
2024-11-15,7060,7440,6590,7200,12202,0.019830028328611915
2024-11-18,7130,7340,7130,7320,3351,0.016666666666666607
2024-11-19,7320,7420,7280,7300,2017,-0.002732240437158473
2024-11-20,7130,7340,7130,7210,4633,-0.012328767123287676
2024-11-21,7150,7160,7000,7100,4637,-0.015256588072122046
2024-11-22,7090,7200,7080,7200,2377,0.014084507042253502
2024-11-25,7210,7490,7140,7490,9738,0.04027777777777786
2024-11-26,7430,7530,7430,7500,10875,0.001335113484646211
2024-11-27,7500,7510,7420,7510,4362,0.0013333333333334085
2024-11-28,7750,7750,7210,7390,3885,-0.015978695073235683
2024-11-29,7390,7490,7330,7490,1237,0.013531799729364025
2024-12-02,7430,7630,7420,7630,1953,0.01869158878504673
2024-12-03,7560,7800,7560,7800,1639,0.022280471821756187
2024-12-04,7800,7890,7470,7620,3147,-0.023076923076923106
2024-12-05,7640,7700,7040,7670,4370,0.006561679790026309
2024-12-06,7470,7600,7150,7230,4478,-0.057366362451108266
2024-12-09,7120,7370,6950,6950,4606,-0.0387275242047026
2024-12-10,6950,7130,6860,7090,2230,0.020143884892086295
2024-12-11,7060,7300,6920,7290,2057,0.028208744710860323
2024-12-12,7290,7340,7130,7320,2192,0.004115226337448652
2024-12-13,7350,8400,7350,8190,101875,0.11885245901639352
2024-12-16,8250,8300,7830,8000,18458,-0.023199023199023228
2024-12-17,8120,8130,7890,7990,6841,-0.0012499999999999734
2024-12-18,8100,8100,7710,7720,7504,-0.03379224030037542
2024-12-19,7750,7960,7700,7820,3512,0.012953367875647714
2024-12-20,7820,7940,7650,7650,3829,-0.021739130434782594
2024-12-23,7570,7840,7560,7830,2189,0.0235294117647058
2024-12-24,7830,7910,7750,7890,1483,0.00766283524904221
2024-12-26,7890,7930,7650,7650,3311,-0.03041825095057038
2024-12-27,7650,7660,7400,7590,2273,-0.007843137254901933
2024-12-30,7580,7580,7410,7470,2243,-0.015810276679841917
2025-01-02,7510,7600,7480,7590,647,0.016064257028112428
2025-01-03,7590,7590,7410,7580,3008,-0.0013175230566534468
2025-01-06,7560,7770,7450,7560,1896,-0.0026385224274406704
2025-01-07,7580,7860,7580,7860,3213,0.039682539682539764
2025-01-08,7860,8180,7830,7900,2242,0.0050890585241729624
2025-01-09,7860,7860,7760,7760,2414,-0.017721518987341756
2025-01-10,7730,7980,7690,7910,4794,0.019329896907216426
2025-01-13,7920,7920,7770,7810,1224,-0.012642225031605614
2025-01-14,7760,7850,7720,7770,1761,-0.005121638924455829
2025-01-15,7800,7980,7730,7760,1244,-0.0012870012870013214
2025-01-16,7750,7960,7750,7770,2123,0.0012886597938144284
2025-01-17,7810,8030,7770,7770,1839,0.0
2025-01-20,7740,7770,7640,7690,3300,-0.01029601029601035
2025-01-21,7690,7720,7540,7540,2745,-0.01950585175552666
2025-01-22,7450,7890,7450,7640,2246,0.013262599469495928
2025-01-23,7550,7710,7540,7690,1730,0.00654450261780104
2025-01-24,7670,7730,7630,7730,750,0.005201560468140354
2025-01-31,7730,7730,7630,7670,1658,-0.0077619663648124115
2025-02-03,7710,7830,7470,7550,1525,-0.01564537157757495
2025-02-04,7500,7710,7430,7510,1409,-0.005298013245033095
2025-02-05,7460,7820,7450,7610,1684,0.013315579227696439
2025-02-06,7550,7770,7550,7760,1376,0.019710906701708275
2025-02-07,7780,7840,7670,7800,1009,0.005154639175257714
2025-02-10,7870,7870,7690,7790,1326,-0.0012820512820512775
2025-02-11,7870,7870,7340,7640,5111,-0.019255455712451908
2025-02-12,7640,7760,7640,7670,408,0.003926701570680535
2025-02-13,7630,7750,7550,7710,896,0.0052151238591917615
2025-02-14,7690,7760,7650,7730,709,0.0025940337224383825
2025-02-17,7730,7730,7070,7550,13454,-0.023285899094437235
2025-02-18,7550,7590,7360,7490,2605,-0.007947019867549643
2025-02-19,7440,7650,7390,7560,2539,0.009345794392523255
2025-02-20,7500,7680,7440,7590,1846,0.003968253968253954
2025-02-21,7590,7720,7520,7590,2203,0.0
2025-02-24,7590,7800,7530,7550,1546,-0.005270092226614009
2025-02-25,7580,7640,7510,7610,1227,0.007947019867549754
2025-02-26,7610,7610,7520,7560,3633,-0.006570302233902758
2025-02-27,7560,7760,7560,7640,1243,0.010582010582010692
2025-02-28,7570,7760,7510,7720,1411,0.010471204188481575
2025-03-04,7720,7770,7650,7670,1067,-0.006476683937823857
2025-03-05,7670,7670,7590,7650,850,-0.0026075619295958807
2025-03-06,7620,7630,7550,7570,1322,-0.010457516339869244
2025-03-07,7630,7780,7510,7520,1179,-0.006605019815059454
2025-03-10,7490,7590,7390,7530,3364,0.0013297872340425343
2025-03-11,7450,7530,7420,7510,942,-0.0026560424966799445
2025-03-12,7500,7720,7415,7720,1502,0.02796271637816239
2025-03-13,7690,7690,7450,7470,1549,-0.032383419689119175
2025-03-14,7470,7580,7470,7570,229,0.01338688085676032
2025-03-17,7550,7570,7500,7540,521,-0.003963011889035695
2025-03-18,7570,7600,7520,7590,568,0.006631299734747964
2025-03-19,7590,7600,7550,7590,997,0.0
2025-03-20,7610,7610,7500,7500,1467,-0.011857707509881465
2025-03-21,7560,7690,7420,7640,2147,0.01866666666666661
2025-03-24,7640,7640,7510,7520,2441,-0.015706806282722474
2025-03-25,7510,7600,7440,7570,1704,0.0066489361702126715
2025-03-26,7450,7530,7440,7460,2438,-0.014531043593130732
2025-03-27,7460,7470,7350,7460,3699,0.0
2025-03-28,7440,7440,7310,7360,1640,-0.013404825737265424
2025-03-31,7360,7360,7250,7360,5298,0.0
2025-04-01,7360,7440,7290,7420,2382,0.008152173913043459
2025-04-02,7370,7410,7200,7410,2495,-0.0013477088948786742
2025-04-03,7390,7420,7350,7420,4075,0.0013495276653170407
2025-04-04,7360,7540,7360,7490,2873,0.009433962264151052
2025-04-07,7480,7480,7080,7220,3473,-0.03604806408544725
2025-04-08,7230,7480,7190,7380,2958,0.02216066481994461
2025-04-09,7350,7350,7200,7290,2238,-0.012195121951219523
2025-04-10,7290,7380,7290,7360,1316,0.009602194787379892
2025-04-11,7290,7560,7290,7430,3065,0.009510869565217295
2025-04-14,7620,7620,7310,7440,2428,0.0013458950201883368
2025-04-15,7430,7440,7370,7380,1224,-0.008064516129032251
2025-04-16,7410,7440,7400,7440,1232,0.008130081300812941
2025-04-17,7460,7580,7460,7540,1256,0.013440860215053752
2025-04-18,7500,7620,7480,7590,1163,0.006631299734747964
2025-04-21,7590,7630,7580,7610,2123,0.0026350461133068936
2025-04-22,7610,7700,7500,7690,2419,0.010512483574244502
2025-04-23,7690,7700,7600,7660,1197,-0.0039011703511053764
2025-04-24,7700,7710,7640,7700,895,0.005221932114882533
2025-04-25,7700,7710,7500,7550,1873,-0.01948051948051943
2025-04-28,7550,7620,7550,7620,3009,0.009271523178807861
2025-04-29,7620,7680,7590,7680,2188,0.007874015748031482
2025-04-30,7700,7710,7530,7610,2207,-0.00911458333333337
2025-05-02,7700,7750,7510,7610,2478,0.0
2025-05-07,7610,7800,7530,7670,6169,0.007884362680683266
2025-05-08,7800,7990,7720,7770,10020,0.01303780964797907
2025-05-09,7750,7980,7750,7780,1682,0.0012870012870012104
2025-05-12,7800,8020,7780,7980,4242,0.02570694087403602
2025-05-13,8000,8100,7900,7900,1468,-0.010025062656641603
2025-05-14,7930,8090,7890,7980,1562,0.010126582278481067
2025-05-15,7920,8070,7880,7980,4111,0.0
2025-05-16,7980,8250,7930,8100,6022,0.015037593984962516
2025-05-19,7880,8100,7800,7860,3266,-0.029629629629629672
2025-05-20,7860,8350,7860,8140,12085,0.03562340966921118
2025-05-21,8240,8500,8110,8350,11162,0.025798525798525818
2025-05-22,8350,8530,8240,8240,3441,-0.013173652694610793
2025-05-23,8240,8500,8110,8110,2440,-0.015776699029126262
2025-05-26,8150,8420,8100,8220,2600,0.013563501849568338
2025-05-27,8170,8400,8140,8140,1525,-0.009732360097323589
2025-05-28,8140,8560,8130,8350,10490,0.025798525798525818
2025-05-29,8350,8680,8230,8330,9599,-0.0023952095808382756
2025-05-30,8330,8810,8330,8560,18123,0.027611044417767072
2025-06-02,8520,8630,8470,8500,5490,-0.007009345794392496
2025-06-04,8480,8620,8430,8510,2437,0.0011764705882353343
2025-06-05,8510,8710,8500,8630,3212,0.014101057579318343
2025-06-09,8630,8840,8630,8810,3250,0.02085747392815751
2025-06-10,8750,8850,8700,8700,1701,-0.012485811577752526
2025-06-11,8700,8860,8570,8570,1254,-0.014942528735632177
2025-06-12,8700,8900,8610,8720,9606,0.0175029171528589
2025-06-13,8720,9110,8670,8750,13300,0.0034403669724769603
2025-06-16,8770,9580,8770,9090,31390,0.03885714285714292
2025-06-17,9100,9150,8790,8810,8697,-0.030803080308030806
2025-06-18,8910,8920,8750,8750,3416,-0.006810442678774176
2025-06-19,8750,9340,8750,8990,5512,0.027428571428571358
2025-06-20,9000,9490,9000,9200,3844,0.023359288097886566
2025-06-23,9150,9150,9020,9040,1942,-0.017391304347826098
2025-06-24,9590,9590,9040,9130,4393,0.009955752212389424
2025-06-25,9130,9500,9130,9180,34157,0.005476451259583737
2025-06-26,9200,9500,9030,9090,3865,-0.009803921568627416
2025-06-27,9200,9240,9030,9050,985,-0.004400440044004417
2025-06-30,9040,9110,9000,9010,2279,-0.0044198895027623974
2025-07-01,9010,9180,8980,9000,5847,-0.0011098779134295356
2025-07-02,9050,9290,8990,9100,1836,0.011111111111111072
2025-07-03,9100,9200,9030,9150,1311,0.005494505494505475
2025-07-04,9150,9150,8970,8970,3029,-0.01967213114754096
2025-07-07,8970,9010,8810,8830,3503,-0.015607580824972156
2025-07-08,8890,8890,8720,8770,2030,-0.006795016987542479
2025-07-09,8750,9090,8750,9070,2455,0.03420752565564422
2025-07-10,9030,9250,8960,9030,12375,-0.004410143329658167
2025-07-11,9150,9150,9000,9010,709,-0.0022148394241418012
2025-07-14,9130,9180,8970,8970,3926,-0.004439511653718142
2025-07-15,8960,9400,8950,8970,26214,0.0
2025-07-16,8970,9150,8970,9000,1338,0.0033444816053511683
2025-07-17,9090,9180,8920,8920,970,-0.008888888888888835
2025-07-18,8920,9000,8860,8900,1924,-0.0022421524663677195
2025-07-21,8900,9000,8870,8880,657,-0.0022471910112359383
2025-07-22,8900,8990,8850,8860,1239,-0.0022522522522522292
2025-07-23,8860,8980,8790,8830,1980,-0.003386004514672636
2025-07-24,8830,8950,8800,8810,901,-0.0022650056625141968
2025-07-25,8810,8950,8780,8800,2207,-0.0011350737797957144
2025-07-28,8800,8880,8640,8640,9726,-0.018181818181818188
2025-07-29,8730,8900,8640,8640,2655,0.0
2025-07-30,8660,8740,8600,8600,902,-0.00462962962962965
2025-07-31,8630,8810,8630,8640,1245,0.0046511627906977715
2025-08-01,8750,8900,8570,8570,4698,-0.00810185185185186
2025-08-04,8670,8750,8560,8730,2981,0.018669778296382722
2025-08-05,8670,8810,8600,8810,1670,0.009163802978235935
2025-08-06,8810,8960,8740,8960,2220,0.017026106696935273
2025-08-07,8960,9180,8810,8960,15008,0.0
2025-08-08,8870,8930,8800,8860,793,-0.011160714285714302
2025-08-11,8830,8950,8820,8840,597,-0.0022573363431150906
2025-08-12,8890,9120,8800,9000,6952,0.018099547511312153
2025-08-13,8940,9000,8870,8880,3512,-0.013333333333333308
