Date,Open,High,Low,Close,Volume,Change
2022-01-03,16000,16550,15850,16350,156110,0.028301886792452935
2022-01-04,16400,16500,16100,16350,102861,0.0
2022-01-05,16350,17800,15950,17400,672899,0.06422018348623859
2022-01-06,17000,17700,16450,16900,291600,-0.028735632183908066
2022-01-07,16600,17450,16550,17200,193523,0.01775147928994092
2022-01-10,17350,18300,16900,17900,516281,0.04069767441860472
2022-01-11,18100,18100,16950,17400,212120,-0.027932960893854775
2022-01-12,17400,18250,17400,18000,303248,0.034482758620689724
2022-01-13,18050,18500,17750,18000,207384,0.0
2022-01-14,18000,18300,17300,18050,142736,0.002777777777777768
2022-01-17,17750,18450,17750,18050,105208,0.0
2022-01-18,17950,18500,17300,17450,150425,-0.03324099722991691
2022-01-19,17200,17900,16700,17150,173656,-0.017191977077363862
2022-01-20,17000,18000,16500,18000,227690,0.04956268221574334
2022-01-21,18800,21450,16700,18750,7338811,0.04166666666666674
2022-01-24,19500,19900,15600,15950,3011865,-0.14933333333333332
2022-01-25,16400,16900,14400,14400,1743922,-0.09717868338557989
2022-01-26,14600,15200,14400,14550,621664,0.01041666666666674
2022-01-27,14450,15400,13500,13600,1094196,-0.06529209621993126
2022-01-28,13750,14350,13750,14050,488782,0.03308823529411775
2022-02-03,14500,14700,14050,14050,320130,0.0
2022-02-04,14050,15600,14050,14900,689506,0.06049822064056931
2022-02-07,14950,15150,14700,14900,185627,0.0
2022-02-08,15100,15200,14700,14850,217341,-0.003355704697986628
2022-02-09,15100,15550,15100,15150,225548,0.02020202020202011
2022-02-10,15400,15400,14700,14900,155867,-0.01650165016501648
2022-02-11,14650,14850,14300,14300,245912,-0.04026845637583898
2022-02-14,13900,14150,13650,13700,206423,-0.04195804195804198
2022-02-15,13850,14150,13600,13650,126396,-0.0036496350364964014
2022-02-16,13900,14500,13900,14500,115459,0.06227106227106227
2022-02-17,14400,14800,14000,14400,186251,-0.006896551724137945
2022-02-18,14200,15050,14000,15050,191329,0.04513888888888884
2022-02-21,15500,17200,14950,16150,2817389,0.07308970099667778
2022-02-22,15600,16250,15450,15450,359461,-0.04334365325077394
2022-02-23,15650,16150,15500,15600,246051,0.009708737864077666
2022-02-24,15400,15500,14650,14750,256977,-0.054487179487179516
2022-02-25,15250,15650,15050,15200,216080,0.03050847457627115
2022-02-28,15100,15250,14900,15000,125026,-0.013157894736842146
2022-03-02,15050,15450,15050,15350,131785,0.023333333333333428
2022-03-03,15350,15800,15350,15650,142012,0.019543973941368087
2022-03-04,15700,15700,15100,15350,280662,-0.019169329073482455
2022-03-07,15250,15300,14900,15200,70160,-0.009771986970684043
2022-03-08,14850,15300,14850,15100,70455,-0.006578947368421018
2022-03-10,15300,15500,15050,15100,117092,0.0
2022-03-11,15150,15350,15000,15200,121055,0.0066225165562914245
2022-03-14,15600,16150,15300,15300,310030,0.006578947368421018
2022-03-15,15350,15400,14850,15000,802937,-0.019607843137254943
2022-03-16,15250,15250,14550,14750,341160,-0.01666666666666672
2022-03-17,15050,15050,14750,14950,193999,0.013559322033898313
2022-03-18,15000,15200,14650,14950,208899,0.0
2022-03-21,15000,15000,14700,14750,112804,-0.013377926421404673
2022-03-22,14750,14850,14650,14750,100252,0.0
2022-03-23,14850,14950,14650,14750,115689,0.0
2022-03-24,14600,14700,14300,14450,183336,-0.02033898305084747
2022-03-25,14400,14600,14350,14450,115547,0.0
2022-03-28,14500,14550,13950,14000,230086,-0.03114186851211076
2022-03-29,14050,14300,13950,14150,196652,0.010714285714285676
2022-03-30,14200,14400,14100,14350,199934,0.014134275618374659
2022-03-31,14250,14500,14200,14400,112174,0.0034843205574912606
2022-04-01,14300,14400,14150,14350,94737,-0.00347222222222221
2022-04-04,14400,14400,14200,14350,63987,0.0
2022-04-05,14350,14400,14200,14300,71332,-0.0034843205574912606
2022-04-06,14250,14300,14000,14100,115460,-0.013986013986013957
2022-04-07,14000,14000,13800,13950,81629,-0.010638297872340385
2022-04-08,13850,14050,13600,13950,151439,0.0
2022-04-11,13900,13900,13600,13750,71497,-0.014336917562724039
2022-04-12,13550,13700,13300,13500,160083,-0.018181818181818188
2022-04-13,13400,14100,13350,14000,200079,0.03703703703703698
2022-04-14,14200,14200,13600,14050,186176,0.0035714285714285587
2022-04-15,13850,14000,13700,13800,120618,-0.017793594306049876
2022-04-18,13650,13850,13600,13650,44750,-0.010869565217391353
2022-04-19,13700,14550,13650,13850,261467,0.0146520146520146
2022-04-20,13950,13950,13750,13850,49081,0.0
2022-04-21,13900,13900,13750,13900,53078,0.0036101083032491488
2022-04-22,13800,13800,13650,13750,37541,-0.010791366906474864
2022-04-25,13500,13650,13250,13450,59791,-0.021818181818181848
2022-04-26,13350,13550,13250,13350,56150,-0.0074349442379182396
2022-04-27,13000,13000,11200,11800,741890,-0.11610486891385763
2022-04-28,11800,11850,10100,11150,901012,-0.05508474576271183
2022-04-29,11050,11650,10800,11450,357070,0.026905829596412634
2022-05-02,11450,11550,11050,11250,110200,-0.017467248908296984
2022-05-03,11300,11400,10900,11000,127255,-0.022222222222222254
2022-05-04,10950,11000,9890,9890,1116296,-0.10090909090909095
2022-05-06,9810,9810,9350,9560,485179,-0.0333670374115268
2022-05-09,9530,9580,8720,8860,791150,-0.07322175732217573
2022-05-10,8530,8880,8480,8740,420185,-0.013544018058690765
2022-05-11,8660,8870,8450,8570,251521,-0.0194508009153318
2022-05-12,8470,8520,8000,8100,454644,-0.05484247374562423
2022-05-13,8100,8430,8100,8340,227826,0.029629629629629672
2022-05-16,8350,8750,8240,8240,202324,-0.011990407673860948
2022-05-17,8270,8440,8160,8310,91746,0.008495145631068013
2022-05-18,8380,8460,8110,8110,154910,-0.024067388688327362
2022-05-19,7810,8110,7740,8050,167750,-0.007398273736128225
2022-05-20,8060,8630,8010,8560,281298,0.06335403726708067
2022-05-23,8640,8640,8260,8410,146012,-0.017523364485981352
2022-05-24,8430,8440,8110,8110,111497,-0.0356718192627824
2022-05-25,8160,8250,8000,8190,60597,0.009864364981504226
2022-05-26,8660,10050,8600,9200,4821679,0.12332112332112333
2022-05-27,9170,9440,8840,8940,821765,-0.02826086956521734
2022-05-30,9080,9390,9000,9100,512004,0.017897091722595126
2022-05-31,9150,9190,9030,9060,168320,-0.00439560439560438
2022-06-02,9070,9090,8980,8990,136310,-0.007726269315673329
2022-06-03,9030,9150,8840,8860,157552,-0.014460511679644017
2022-06-07,8860,8860,8570,8610,128788,-0.028216704288939076
2022-06-08,8610,8680,8400,8420,121758,-0.022067363530778206
2022-06-09,8450,8450,8090,8120,297460,-0.03562945368171022
2022-06-10,8010,8090,7980,8090,122816,-0.003694581280788145
2022-06-13,7930,7950,7520,7520,221654,-0.07045735475896164
2022-06-14,7280,7710,7120,7710,215457,0.025265957446808596
2022-06-15,7540,7640,7270,7440,169034,-0.035019455252918275
2022-06-16,7480,7670,7280,7290,123437,-0.020161290322580627
2022-06-17,6980,7220,6760,7130,154934,-0.021947873799725626
2022-06-20,7100,7190,6560,6830,211279,-0.04207573632538575
2022-06-21,6700,7770,6700,7030,693018,0.029282576866764165
2022-06-22,7010,7100,6560,6600,145334,-0.061166429587482196
2022-06-23,6570,6730,6130,6130,239446,-0.07121212121212117
2022-06-24,6130,6830,6130,6770,272338,0.10440456769983686
2022-06-27,6830,7820,6830,7640,807733,0.12850812407680956
2022-06-28,7540,7620,7360,7400,127577,-0.03141361256544506
2022-06-29,7260,7400,7100,7230,105290,-0.02297297297297296
2022-06-30,7220,7790,7150,7150,292145,-0.011065006915629283
2022-07-01,7150,7390,6900,7010,74156,-0.01958041958041956
2022-07-04,7020,7190,6810,6970,103252,-0.005706134094151216
2022-07-05,7030,7400,7020,7320,77008,0.050215208034433356
2022-07-06,7320,8590,7310,8180,1563841,0.11748633879781423
2022-07-07,8200,8600,8110,8300,593721,0.014669926650366705
2022-07-08,8380,8450,8180,8260,180611,-0.004819277108433773
2022-07-11,8260,8480,8110,8410,161827,0.018159806295399594
2022-07-12,8290,8340,7980,8180,129795,-0.027348394768133222
2022-07-13,8180,8650,8060,8520,265802,0.041564792176039145
2022-07-14,8370,8720,8370,8500,202747,-0.0023474178403756207
2022-07-15,8650,9200,8330,9160,589583,0.0776470588235294
2022-07-18,9400,9400,8850,8870,418919,-0.031659388646288256
2022-07-19,8850,8850,8580,8640,195890,-0.025930101465614475
2022-07-20,8720,10400,8720,9900,5215022,0.14583333333333326
2022-07-21,9900,10650,9760,9900,1808280,0.0
2022-07-22,9960,9970,9190,9210,766075,-0.0696969696969697
2022-07-25,9260,9340,8960,9270,273614,0.006514657980456029
2022-07-26,9180,9180,8680,8680,381331,-0.06364617044228693
2022-07-27,8690,8810,8640,8750,154534,0.008064516129032251
2022-07-28,8870,9020,8780,8800,196460,0.005714285714285783
2022-07-29,8920,10600,8900,9570,5074759,0.08749999999999991
2022-08-01,9450,9820,9420,9460,661237,-0.011494252873563204
2022-08-02,9410,9530,9100,9130,378367,-0.03488372093023251
2022-08-03,9100,10100,9080,9880,2151061,0.08214676889375694
2022-08-04,9880,12000,9810,10850,7011005,0.09817813765182182
2022-08-05,10600,10750,10100,10200,1198233,-0.05990783410138245
2022-08-08,10100,10400,10000,10150,564542,-0.004901960784313708
2022-08-09,10150,10450,10050,10200,442804,0.0049261083743843415
2022-08-10,10100,10250,9900,9910,324859,-0.028431372549019618
2022-08-11,10000,10350,10000,10200,381803,0.029263370332996974
2022-08-12,10200,10250,10000,10150,188404,-0.004901960784313708
2022-08-16,10250,10450,10100,10250,284768,0.009852216748768461
2022-08-17,10200,10300,9930,9980,198473,-0.02634146341463417
2022-08-18,9900,9910,9720,9740,172600,-0.024048096192384794
2022-08-19,9720,9960,9700,9780,98930,0.004106776180698102
2022-08-22,9680,9700,9120,9130,241293,-0.06646216768916158
2022-08-23,9100,9170,8760,8990,250443,-0.01533406352683464
2022-08-24,8990,9070,8680,8970,228937,-0.0022246941045606095
2022-08-25,8930,9500,8930,9280,319742,0.03455964325529548
2022-08-26,9300,9400,9140,9140,107081,-0.015086206896551713
2022-08-29,8600,8740,8480,8530,441662,-0.06673960612691465
2022-08-30,8530,8880,8450,8620,256460,0.010550996483001063
2022-08-31,8490,9410,8480,8810,944826,0.022041763341067222
2022-09-01,8730,8780,8310,8330,210339,-0.05448354143019296
2022-09-02,8350,8470,8250,8330,120029,0.0
2022-09-05,8250,8380,8080,8130,141512,-0.02400960384153661
2022-09-06,8080,8300,8080,8210,100466,0.009840098400984099
2022-09-07,8100,8190,7890,8000,102253,-0.025578562728379994
2022-09-08,8060,8260,8060,8190,68505,0.023749999999999938
2022-09-13,8340,8580,8340,8520,128587,0.04029304029304037
2022-09-14,8100,8440,8090,8390,73249,-0.015258215962441368
2022-09-15,8380,8440,8280,8400,60181,0.0011918951132301459
2022-09-16,8300,8530,8120,8160,94706,-0.02857142857142858
2022-09-19,8210,8210,7900,7920,88606,-0.02941176470588236
2022-09-20,8000,8240,8000,8130,83266,0.026515151515151603
2022-09-21,8090,8220,8030,8100,63353,-0.0036900369003689537
2022-09-22,7900,7970,7660,7870,133961,-0.02839506172839501
2022-09-23,7790,7840,7310,7400,152904,-0.05972045743329102
2022-09-26,7170,7570,6940,7000,191027,-0.05405405405405406
2022-09-27,6850,7140,6850,7060,106447,0.008571428571428674
2022-09-28,6990,7330,6740,6800,162022,-0.03682719546742208
2022-09-29,6910,7120,6750,6760,120405,-0.00588235294117645
2022-09-30,6700,6880,6510,6760,107847,0.0
2022-10-04,6880,7000,6820,6970,108231,0.031065088757396442
2022-10-05,7100,7200,6590,6610,181924,-0.05164992826398851
2022-10-06,6760,6990,6670,6890,117430,0.04236006051437213
2022-10-07,6870,6930,6680,6760,78084,-0.018867924528301883
2022-10-11,6700,6700,6320,6390,106223,-0.05473372781065089
2022-10-12,6380,6420,6120,6400,106582,0.0015649452269170805
2022-10-13,6260,6400,5980,5990,119074,-0.06406250000000002
2022-10-14,6160,6440,6130,6410,134307,0.07011686143572615
2022-10-17,6330,6630,6250,6520,71092,0.01716068642745716
2022-10-18,6610,6800,6610,6730,68230,0.03220858895705514
2022-10-19,6920,6990,6620,6690,106894,-0.005943536404160454
2022-10-20,6670,6790,6540,6580,54013,-0.01644245142002987
2022-10-21,6550,6550,6380,6390,55787,-0.028875379939209744
2022-10-24,6470,6710,6390,6460,68759,0.010954616588419341
2022-10-25,6480,6560,6360,6380,41544,-0.012383900928792602
2022-10-26,6380,6400,6190,6210,63743,-0.026645768025078342
2022-10-27,6290,6370,6170,6340,55872,0.02093397745571668
2022-10-28,6310,6310,6090,6180,83693,-0.025236593059936863
2022-10-31,6250,6310,6170,6250,52646,0.01132686084142387
2022-11-01,6320,6430,6250,6380,55184,0.02079999999999993
2022-11-02,6380,6800,6300,6480,199271,0.01567398119122254
2022-11-03,6390,6490,6260,6480,50657,0.0
2022-11-04,6480,6480,6340,6400,64331,-0.012345679012345734
2022-11-07,6320,6480,6320,6410,53657,0.0015624999999999112
2022-11-08,6380,7320,6380,6780,885158,0.057722308892355745
2022-11-09,6810,7120,6750,6840,388063,0.008849557522123908
2022-11-10,6760,6840,6560,6680,93287,-0.023391812865497075
2022-11-11,6910,7150,6870,7000,307043,0.0479041916167664
2022-11-14,7070,7350,7040,7230,190111,0.03285714285714292
2022-11-15,7250,7380,7120,7300,194565,0.009681881051175623
2022-11-16,7320,7370,7120,7150,107880,-0.020547945205479423
2022-11-17,7140,7210,7010,7080,60573,-0.009790209790209836
2022-11-18,7120,7190,6890,6930,91558,-0.021186440677966156
2022-11-21,7010,7020,6700,6730,69860,-0.028860028860028808
2022-11-22,6700,6730,6530,6580,107697,-0.022288261515601815
2022-11-23,7050,8550,7020,8550,3350066,0.2993920972644377
2022-11-24,8850,9470,8480,8840,4523409,0.03391812865497079
2022-11-25,8820,9040,8650,8830,2258931,-0.0011312217194570096
2022-11-28,8830,9240,8660,8990,3270176,0.018120045300113352
2022-11-29,8860,9280,8800,9110,1763195,0.013348164627363657
2022-11-30,9020,9140,8500,8710,909687,-0.04390779363336994
2022-12-01,8760,9470,8660,9380,4938408,0.07692307692307687
2022-12-02,9480,10500,9200,9330,6528849,-0.005330490405117239
2022-12-05,9270,9280,8580,8660,817719,-0.07181136120042875
2022-12-06,8620,8620,8250,8300,491905,-0.04157043879907618
2022-12-07,8220,9050,8150,8670,1708439,0.04457831325301198
2022-12-08,8750,8950,8290,8370,590442,-0.03460207612456745
2022-12-09,8500,10100,8450,9730,10478469,0.16248506571087207
2022-12-12,9850,10700,9650,10000,6666731,0.027749229188078095
2022-12-13,9980,10000,9230,9300,1319325,-0.06999999999999995
2022-12-14,9160,9850,9060,9380,2273951,0.008602150537634357
2022-12-15,9230,10850,9210,10250,7860484,0.09275053304904057
2022-12-16,10450,10800,9660,10800,4039936,0.0536585365853659
2022-12-19,11250,11800,10050,10050,7613105,-0.06944444444444442
2022-12-20,9950,10450,9900,10000,1435367,-0.00497512437810943
2022-12-21,10100,10200,9500,9690,1639345,-0.031000000000000028
2022-12-22,9840,9970,9510,9520,957403,-0.01754385964912286
2022-12-23,9450,9590,9000,9000,781769,-0.054621848739495826
2022-12-26,8910,9090,8770,8870,545441,-0.014444444444444482
2022-12-27,8830,9060,8600,9000,629754,0.014656144306651742
2022-12-28,8930,9230,8820,9030,384358,0.0033333333333334103
2022-12-29,9250,9790,9050,9150,1742509,0.013289036544850585
2023-01-02,9250,9450,8900,9110,791094,-0.0043715846994535346
2023-01-03,9200,10450,9200,10200,6575115,0.11964873765093298
2023-01-04,10000,10250,9880,10200,1163385,0.0
2023-01-05,10250,10350,9860,9940,1097374,-0.025490196078431393
2023-01-06,9900,10050,9320,9320,965640,-0.06237424547283699
2023-01-09,9400,10200,9400,9880,1851961,0.06008583690987135
2023-01-10,9840,9840,9460,9540,645087,-0.03441295546558709
2023-01-11,9540,10100,9540,9880,1320082,0.03563941299790363
2023-01-12,10300,10450,9680,9690,1289024,-0.019230769230769273
2023-01-13,9730,10100,9720,9750,604221,0.006191950464396356
2023-01-16,9860,10550,9860,10400,2390178,0.06666666666666665
2023-01-17,10350,10350,9950,10100,805076,-0.028846153846153855
2023-01-18,10100,10400,10000,10300,901848,0.01980198019801982
2023-01-19,10200,10900,10050,10350,1911188,0.004854368932038833
2023-01-20,10500,10700,10300,10500,688906,0.01449275362318847
2023-01-25,10590,10600,10090,10110,630480,-0.037142857142857144
2023-01-26,10140,10330,9800,9890,540742,-0.021760633036597476
2023-01-27,9880,10090,9870,9980,267769,0.009100101112234471
2023-01-30,10000,10040,9540,9540,425726,-0.044088176352705455
2023-01-31,9470,9610,9260,9310,405475,-0.024109014675052443
2023-02-01,9490,9660,9360,9560,447504,0.02685284640171859
2023-02-02,9860,9930,9710,9740,411579,0.01882845188284521
2023-02-03,9760,9780,9560,9680,232267,-0.006160164271047264
2023-02-06,9680,9680,9400,9560,225573,-0.012396694214875992
2023-02-07,9550,9770,9490,9610,167115,0.0052301255230124966
2023-02-08,9770,9770,9560,9750,184074,0.014568158168574374
2023-02-09,9740,9910,9600,9850,373504,0.01025641025641022
2023-02-10,9860,9860,9610,9680,195563,-0.017258883248730927
2023-02-13,9600,9690,9420,9480,144140,-0.02066115702479343
2023-02-14,9430,9570,9370,9480,153160,0.0
2023-02-15,9540,9660,9100,9140,190261,-0.03586497890295359
2023-02-16,9140,9340,9140,9140,137946,0.0
2023-02-17,9040,9150,9000,9070,142472,-0.007658643326039383
2023-02-20,9010,9230,9000,9190,90176,0.013230429988974723
2023-02-21,9200,9280,9100,9140,86534,-0.005440696409140355
2023-02-22,9010,9110,8830,8860,138417,-0.03063457330415753
2023-02-23,8850,8940,8820,8880,44911,0.0022573363431150906
2023-02-24,8880,8960,8710,8850,97513,-0.0033783783783783994
2023-02-27,8750,8840,8700,8720,58938,-0.014689265536723117
2023-02-28,8660,9200,8660,8940,228641,0.025229357798165042
2023-03-02,8930,8990,8790,8860,124497,-0.008948545861297563
2023-03-03,8880,8960,8700,8770,107385,-0.010158013544018019
2023-03-06,8770,8770,8470,8530,210777,-0.027366020524515422
2023-03-07,8540,8610,8450,8560,81584,0.003516998827667095
2023-03-08,8560,8560,8330,8340,82709,-0.025700934579439227
2023-03-09,8340,8370,8050,8260,159673,-0.00959232613908878
2023-03-10,8060,8100,7830,7860,170645,-0.048426150121065326
2023-03-13,7730,7860,7550,7770,123553,-0.011450381679389277
2023-03-14,7670,7810,7460,7480,110342,-0.03732303732303732
2023-03-15,7610,7700,7390,7420,94829,-0.008021390374331583
2023-03-16,7410,7600,7140,7400,120286,-0.0026954177897574594
2023-03-17,7420,7750,7420,7670,65705,0.03648648648648645
2023-03-20,7670,7750,7570,7590,53392,-0.010430247718383301
2023-03-21,7640,7770,7490,7530,74368,-0.007905138339920903
2023-03-22,7560,7790,7540,7790,81443,0.03452855245683928
2023-03-23,7720,7760,7520,7530,95653,-0.033376123234916566
2023-03-24,7640,8370,7620,7930,501654,0.05312084993359889
2023-03-27,7930,7930,7660,7670,108517,-0.032786885245901676
2023-03-28,7610,7890,7610,7890,113773,0.028683181225554133
2023-03-29,7910,7920,7550,7680,215633,-0.026615969581749055
2023-03-30,7700,7890,7660,7750,102507,0.00911458333333326
2023-03-31,7800,7860,7470,7520,182561,-0.029677419354838697
2023-04-03,7540,7650,7490,7640,95631,0.015957446808510634
2023-04-04,7610,7790,7550,7730,119314,0.011780104712041828
2023-04-05,7740,7890,7710,7720,81161,-0.001293661060802087
2023-04-06,7760,7760,7510,7600,92088,-0.015544041450777257
2023-04-07,7600,7710,7490,7590,64815,-0.001315789473684159
2023-04-10,7510,7590,7250,7340,154324,-0.03293807641633728
2023-04-11,7300,7500,7300,7440,92781,0.013623978201634968
2023-04-12,7400,7480,7330,7390,77662,-0.006720430107526876
2023-04-13,7360,8090,7210,8090,405236,0.09472259810554795
2023-04-14,8260,9460,8110,8160,2223967,0.008652657601977642
2023-04-17,8340,8430,7940,8000,238728,-0.019607843137254943
2023-04-18,7940,8260,7820,7840,273502,-0.020000000000000018
2023-04-19,7970,8000,7860,7890,107608,0.0063775510204082675
2023-04-20,7890,7890,7570,7600,186620,-0.03675538656527255
2023-04-21,7800,8180,7560,7690,322687,0.011842105263157876
2023-04-24,7600,7760,7390,7390,152403,-0.03901170351105332
2023-04-25,7400,7650,7120,7190,191430,-0.02706359945872805
2023-04-26,7000,7270,6970,7070,139881,-0.016689847009735748
2023-04-27,7080,7140,7000,7120,68207,0.007072135785006983
2023-04-28,7150,7370,7120,7170,85409,0.0070224719101124045
2023-05-02,7200,7430,7180,7390,58565,0.030683403068340276
2023-05-03,7340,7450,7270,7270,59568,-0.016238159675236785
2023-05-04,7300,7360,7140,7280,56333,0.0013755158184318717
2023-05-08,7400,7400,7040,7070,153399,-0.028846153846153855
2023-05-09,7070,7110,6950,6950,109720,-0.016973125884017004
2023-05-10,6880,7030,6880,6960,66104,0.0014388489208632116
2023-05-11,6950,7050,6920,6930,86995,-0.004310344827586188
2023-05-12,6980,6980,6730,6730,122088,-0.028860028860028808
2023-05-15,6650,6800,6630,6750,62094,0.002971768202080227
2023-05-16,6670,6820,6630,6630,52624,-0.01777777777777778
2023-05-17,6580,6860,6580,6810,78717,0.02714932126696823
2023-05-18,6800,6900,6800,6870,29438,0.008810572687224738
2023-05-19,6840,7040,6840,6910,83121,0.005822416302765587
2023-05-22,6840,7010,6840,6900,52328,-0.0014471780028944004
2023-05-23,6870,7040,6850,7020,35560,0.017391304347825987
2023-05-24,6980,6980,6880,6950,30871,-0.009971509971509973
2023-05-25,6930,7050,6900,6910,45772,-0.0057553956834532904
2023-05-26,7000,7000,6790,6840,41150,-0.01013024602026047
2023-05-30,6950,6980,6850,6980,25808,0.020467836257309857
2023-05-31,6990,7030,6910,6960,20969,-0.002865329512893977
2023-06-01,6900,7000,6850,6950,25708,-0.001436781609195359
2023-06-02,6920,7080,6900,7040,34200,0.012949640287769792
2023-06-05,7040,7280,6930,7240,89369,0.02840909090909083
2023-06-07,7240,7280,7020,7090,80317,-0.02071823204419887
2023-06-08,7140,7140,6910,7000,62848,-0.012693935119887145
2023-06-09,7050,7060,6960,6960,29416,-0.005714285714285672
2023-06-12,6980,7070,6950,6970,39606,0.001436781609195359
2023-06-13,6990,7080,6910,6970,43740,0.0
2023-06-14,6970,6970,6840,6930,57360,-0.0057388809182209455
2023-06-15,6940,6950,6690,6840,54944,-0.012987012987012991
2023-06-16,6810,6900,6750,6750,40367,-0.013157894736842146
2023-06-19,6810,6990,6640,6930,72107,0.026666666666666616
2023-06-20,6850,7180,6850,7160,76530,0.03318903318903321
2023-06-21,7160,7160,6980,7100,67297,-0.008379888268156388
2023-06-22,7090,7170,7000,7170,50580,0.009859154929577452
2023-06-23,7150,7200,6950,7000,37914,-0.023709902370990243
2023-06-26,6910,7040,6890,7010,21860,0.0014285714285713347
2023-06-27,6950,7170,6910,7130,53539,0.017118402282453538
2023-06-28,7160,7160,6980,7120,58768,-0.0014025245441795509
2023-06-29,7140,7340,7050,7140,75201,0.002808988764045006
2023-06-30,7090,7130,6980,7100,48430,-0.0056022408963585235
2023-07-03,7240,7470,7200,7290,148870,0.026760563380281654
2023-07-04,7290,7330,7120,7200,38970,-0.012345679012345734
2023-07-05,7200,7200,7000,7020,56976,-0.025000000000000022
2023-07-06,7020,7020,6780,6870,51943,-0.021367521367521403
2023-07-07,6780,7000,6780,7000,40080,0.018922852983988436
2023-07-10,6890,7070,6880,7020,46162,0.0028571428571428914
2023-07-11,7030,7120,6910,6970,16713,-0.007122507122507171
2023-07-12,7100,7100,6780,6980,58100,0.0014347202295552641
2023-07-13,6960,7270,6930,7170,85513,0.027220630372492893
2023-07-14,7170,7210,7000,7010,59982,-0.02231520223152017
2023-07-17,7000,7330,6950,7150,68636,0.0199714693295292
2023-07-18,7150,7280,6940,7000,75193,-0.020979020979020935
2023-07-19,7000,7000,6750,6900,99416,-0.014285714285714235
2023-07-20,6830,6940,6770,6770,53257,-0.018840579710144967
2023-07-21,6660,6870,6660,6770,56757,0.0
2023-07-24,6750,6750,6100,6200,235885,-0.08419497784342689
2023-07-25,6060,6170,5730,5740,327328,-0.0741935483870968
2023-07-26,5740,5800,5170,5360,308857,-0.0662020905923345
2023-07-27,5260,5790,5250,5770,282994,0.07649253731343286
2023-07-28,6450,6580,5640,5950,645078,0.03119584055459268
2023-07-31,5780,6040,5530,5820,131311,-0.021848739495798353
2023-08-01,5770,5980,5520,5860,94390,0.0068728522336769515
2023-08-02,5860,5950,5700,5700,69162,-0.027303754266211566
2023-08-03,5680,5760,5550,5700,67935,0.0
2023-08-04,5670,6140,5570,5950,119826,0.04385964912280693
2023-08-07,5950,6010,5720,5850,49963,-0.01680672268907568
2023-08-08,5870,5950,5600,5640,65000,-0.03589743589743588
2023-08-09,5620,5730,5620,5670,28548,0.005319148936170137
2023-08-10,5610,5970,5610,5930,71464,0.04585537918871263
2023-08-11,5950,6070,5720,5920,72744,-0.001686340640809414
2023-08-14,5870,5990,5760,5910,27157,-0.0016891891891891442
2023-08-16,5880,5910,5640,5680,50673,-0.03891708967851104
2023-08-17,5540,5610,5430,5510,37655,-0.029929577464788748
2023-08-18,5420,5550,5390,5520,19423,0.001814882032667775
2023-08-21,5440,5670,5420,5450,13746,-0.0126811594202898
2023-08-22,5420,5550,5410,5500,36679,0.00917431192660545
2023-08-23,5470,5580,5400,5430,37785,-0.012727272727272698
2023-08-24,5450,5690,5420,5570,69265,0.025782688766114115
2023-08-25,5550,5590,5460,5500,15974,-0.012567324955116699
2023-08-28,5530,5550,5460,5520,14283,0.0036363636363636598
2023-08-29,5570,6290,5530,5900,307133,0.06884057971014501
2023-08-30,5930,5990,5800,5910,69456,0.0016949152542373724
2023-08-31,5900,6100,5850,5950,79614,0.006768189509306355
2023-09-01,5900,6220,5900,6080,110087,0.02184873949579824
2023-09-04,6020,6080,5810,5830,45694,-0.041118421052631526
2023-09-05,5830,5840,5740,5800,15426,-0.005145797598627766
2023-09-06,5790,5890,5730,5810,8650,0.0017241379310344307
2023-09-07,5760,5810,5560,5620,38261,-0.03270223752151458
2023-09-08,5550,5610,5390,5450,105779,-0.030249110320284656
2023-09-11,5510,5510,5440,5480,27177,0.005504587155963359
2023-09-12,5450,5570,5410,5430,26824,-0.009124087591240837
2023-09-13,5440,5450,5320,5420,40001,-0.0018416206261510082
2023-09-14,5470,5470,5320,5400,34591,-0.0036900369003689537
2023-09-15,5400,5450,5360,5400,35821,0.0
2023-09-18,5400,5430,5370,5400,21836,0.0
2023-09-19,5340,5390,5300,5310,42945,-0.01666666666666672
2023-09-20,5250,5310,5240,5300,25279,-0.0018832391713747842
2023-09-21,5290,5370,5170,5220,48686,-0.015094339622641506
2023-09-22,5120,5210,4980,4980,58106,-0.04597701149425293
2023-09-25,4975,5070,4935,4955,21361,-0.005020080321285092
2023-09-26,4905,4970,4760,4790,48823,-0.03329969727547932
2023-09-27,4690,4895,4690,4830,29614,0.008350730688935215
2023-10-04,4795,4820,4600,4650,59312,-0.037267080745341574
2023-10-05,4655,4790,4430,4465,83890,-0.03978494623655915
2023-10-06,4335,5080,4335,4690,343260,0.05039193729003366
2023-10-10,4690,4760,4550,4585,48566,-0.02238805970149249
2023-10-11,4595,4675,4550,4610,29654,0.005452562704471031
2023-10-12,4605,4740,4595,4740,20234,0.02819956616052055
2023-10-13,4745,4745,4565,4610,19700,-0.02742616033755274
2023-10-16,4520,4560,4415,4440,28067,-0.03687635574837311
2023-10-17,4430,4575,4430,4550,16533,0.024774774774774855
2023-10-18,4495,4560,4455,4500,17202,-0.01098901098901095
2023-10-19,4470,4470,4250,4300,62993,-0.0444444444444444
2023-10-20,4295,4385,4065,4100,61067,-0.046511627906976716
2023-10-23,4020,4190,4010,4125,21212,0.0060975609756097615
2023-10-24,4060,4195,3930,4165,58816,0.00969696969696976
2023-10-25,4110,4275,4110,4225,19687,0.014405762304922076
