Date,Open,High,Low,Close,Volume,Change
2022-01-03,9740,9890,9610,9800,9362,0.012396694214876103
2022-01-04,9700,9830,9610,9770,14511,-0.003061224489795955
2022-01-05,9860,9860,9370,9370,20098,-0.04094165813715456
2022-01-06,9360,9780,8990,9010,34521,-0.0384204909284952
2022-01-07,9020,9150,8900,9000,11285,-0.0011098779134295356
2022-01-10,9000,9010,8780,8860,10324,-0.015555555555555545
2022-01-11,8860,9000,8650,8700,10327,-0.018058690744920947
2022-01-12,8890,8910,8500,8900,11411,0.02298850574712641
2022-01-13,8900,8960,8830,8860,5801,-0.004494382022471877
2022-01-14,8860,11150,8620,9390,336373,0.0598194130925509
2022-01-17,9260,10850,9190,9650,183403,0.027689030883919052
2022-01-18,9700,10500,9550,9600,104311,-0.005181347150259086
2022-01-19,9580,9800,9220,9220,24384,-0.039583333333333304
2022-01-20,9300,9720,9180,9470,15534,0.027114967462039008
2022-01-21,9280,10500,9280,9850,181409,0.040126715945089764
2022-01-24,9810,9860,9180,9300,41606,-0.055837563451776595
2022-01-25,9490,9560,8700,9050,45927,-0.026881720430107503
2022-01-26,9120,9270,8980,9090,23514,0.0044198895027625085
2022-01-27,9100,9100,8700,8700,17708,-0.04290429042904287
2022-01-28,8710,9850,8700,9230,91697,0.060919540229884994
2022-02-03,9250,9850,9250,9380,48269,0.01625135427952329
2022-02-04,9370,9470,9220,9440,14969,0.006396588486140775
2022-02-07,9450,9510,9360,9450,8537,0.0010593220338983578
2022-02-08,9500,9550,9370,9390,12001,-0.006349206349206327
2022-02-09,9400,11550,9300,10500,1091824,0.1182108626198084
2022-02-10,10900,13650,10500,12800,2717800,0.21904761904761916
2022-02-11,12250,14950,11400,11600,2847711,-0.09375
2022-02-14,11250,12000,10200,10200,471845,-0.12068965517241381
2022-02-15,10200,11600,9750,9940,985691,-0.025490196078431393
2022-02-16,10450,12350,10400,11450,2052206,0.15191146881287731
2022-02-17,11700,12150,10550,10750,708322,-0.06113537117903933
2022-02-18,10600,11700,10600,11250,346061,0.04651162790697683
2022-02-21,11000,11800,11000,11350,263699,0.008888888888888946
2022-02-22,11050,11300,10350,10550,178184,-0.07048458149779735
2022-02-23,10950,11500,10400,10550,306544,0.0
2022-02-24,10400,10650,9810,9860,134067,-0.06540284360189574
2022-02-25,10000,10300,9700,9850,89966,-0.0010141987829614951
2022-02-28,9880,10300,9810,10100,66177,0.025380710659898442
2022-03-02,10250,10500,9980,10400,81295,0.02970297029702973
2022-03-03,10600,10600,10250,10450,35555,0.004807692307692291
2022-03-04,10350,10450,9950,10050,47366,-0.038277511961722466
2022-03-07,10000,10250,9680,9890,33624,-0.015920398009950265
2022-03-08,9700,9960,9700,9870,14858,-0.002022244691607722
2022-03-10,10050,10150,9870,9930,26195,0.006079027355623046
2022-03-11,9980,10150,9850,9930,26741,0.0
2022-03-14,9930,9940,9590,9590,21709,-0.03423967774420944
2022-03-15,9600,9960,9600,9780,17268,0.019812304483837417
2022-03-16,9950,9950,9750,9830,12864,0.005112474437627856
2022-03-17,9990,10100,9900,10000,22469,0.01729399796541209
2022-03-18,10000,10100,9920,10050,16686,0.004999999999999893
2022-03-21,10050,10150,9900,9950,13838,-0.00995024875621886
2022-03-22,9700,10150,9700,9970,19447,0.0020100502512563345
2022-03-23,10000,10250,10000,10050,22917,0.008024072216650024
2022-03-24,10150,10350,9930,10300,26619,0.02487562189054726
2022-03-25,10300,10600,10150,10500,38079,0.01941747572815533
2022-03-28,10500,10500,10100,10300,18495,-0.01904761904761909
2022-03-29,10500,10800,10100,10800,42861,0.04854368932038833
2022-03-30,11000,11000,10550,10650,20976,-0.01388888888888884
2022-03-31,10750,10750,10300,10450,20996,-0.018779342723004744
2022-04-01,10450,10450,10200,10200,12825,-0.02392344497607657
2022-04-04,10350,10500,10150,10200,13769,0.0
2022-04-05,10200,10600,10200,10500,23496,0.02941176470588225
2022-04-06,10450,10500,10150,10250,16157,-0.023809523809523836
2022-04-07,10250,10250,9960,10000,17552,-0.024390243902439046
2022-04-08,10150,10150,9900,10000,13715,0.0
2022-04-11,9930,10100,9930,9990,5467,-0.0010000000000000009
2022-04-12,9950,10800,9900,10300,60441,0.03103103103103111
2022-04-13,10300,10700,10100,10550,35869,0.024271844660194164
2022-04-14,10550,10600,10300,10300,11717,-0.023696682464455
2022-04-15,10300,10550,10200,10450,11159,0.014563106796116498
2022-04-18,10450,10650,10350,10550,19425,0.009569377990430672
2022-04-19,10550,10600,10250,10350,12682,-0.018957345971563955
2022-04-20,10350,10650,10350,10650,22635,0.02898550724637672
2022-04-21,10550,10650,10300,10400,30862,-0.023474178403755874
2022-04-22,10350,10400,10100,10350,11459,-0.004807692307692291
2022-04-25,10100,10200,10000,10000,10075,-0.033816425120772986
2022-04-26,10150,10150,10000,10150,6361,0.014999999999999902
2022-04-27,9950,10100,9890,10000,8497,-0.014778325123152691
2022-04-28,9960,10200,9900,10150,5579,0.014999999999999902
2022-04-29,10100,10150,10000,10000,5257,-0.014778325123152691
2022-05-02,9900,10050,9900,9990,5349,-0.0010000000000000009
2022-05-03,10100,10150,9930,9950,5897,-0.004004004004004025
2022-05-04,10100,10100,9910,9940,5601,-0.0010050251256281673
2022-05-06,9910,12300,9860,10850,483046,0.09154929577464799
2022-05-09,10900,11450,10450,10650,76218,-0.018433179723502335
2022-05-10,10400,10600,9990,10050,83121,-0.05633802816901412
2022-05-11,10100,10150,9930,9970,30258,-0.007960199004975133
2022-05-12,9910,9920,9190,9220,52688,-0.07522567703109329
2022-05-13,9230,9750,9220,9560,22599,0.03687635574837311
2022-05-16,9680,9910,9530,9600,19293,0.004184100418409997
2022-05-17,9600,9690,9200,9350,33679,-0.02604166666666663
2022-05-18,9350,9490,9300,9380,10007,0.0032085561497325887
2022-05-19,9030,9290,9030,9210,9216,-0.018123667377398678
2022-05-20,9160,9400,9160,9370,6630,0.017372421281216077
2022-05-23,9490,9490,9290,9330,6155,-0.004268943436499417
2022-05-24,9420,9420,9190,9220,8662,-0.011789924973204746
2022-05-25,9310,9310,9160,9190,5778,-0.0032537960954447387
2022-05-26,9110,9330,9100,9300,9425,0.01196953210010876
2022-05-27,9430,9440,9250,9340,6336,0.004301075268817289
2022-05-30,9400,9500,9310,9460,7829,0.012847965738758127
2022-05-31,9510,11650,9400,10400,1294288,0.09936575052854124
2022-06-02,10050,11000,9850,9850,253615,-0.05288461538461542
2022-06-03,9970,10600,9880,10100,122063,0.025380710659898442
2022-06-07,10150,10200,9790,9810,25012,-0.02871287128712874
2022-06-08,9990,9990,9690,9690,21153,-0.012232415902140636
2022-06-09,9630,9670,9550,9630,18256,-0.006191950464396245
2022-06-10,9560,9650,9430,9640,18144,0.0010384215991692258
2022-06-13,9460,9600,9150,9220,33269,-0.04356846473029041
2022-06-14,9200,9270,9000,9230,17109,0.0010845986984815426
2022-06-15,9240,9400,8930,9030,17321,-0.021668472372697756
2022-06-16,9100,9280,9000,9040,15631,0.001107419712070845
2022-06-17,8910,9000,8570,8930,9824,-0.012168141592920345
2022-06-20,8880,9080,8220,8290,21883,-0.07166853303471443
2022-06-21,8220,8480,8130,8400,9024,0.013268998793727338
2022-06-22,8440,9230,8440,8570,51598,0.020238095238095166
2022-06-23,8550,8570,7680,7690,33851,-0.10268378063010497
2022-06-24,7350,8180,7350,8010,14941,0.041612483745123496
2022-06-27,7950,9040,7950,8510,54643,0.062421972534332015
2022-06-28,8420,8740,8380,8520,12181,0.001175088131609936
2022-06-29,8490,8620,8260,8460,7278,-0.007042253521126751
2022-06-30,8630,8630,8260,8290,11065,-0.02009456264775411
2022-07-01,8450,8480,8030,8050,12332,-0.02895054282267795
2022-07-04,8090,8360,7890,8120,13119,0.008695652173912993
2022-07-05,8300,8390,8200,8340,9820,0.027093596059113212
2022-07-06,8370,8760,8120,8560,22411,0.026378896882494063
2022-07-07,8440,8750,8440,8650,11408,0.010514018691588856
2022-07-08,8670,8850,8640,8700,7308,0.005780346820809301
2022-07-11,8590,8860,8540,8820,10580,0.01379310344827589
2022-07-12,8820,10600,8540,8800,337650,-0.0022675736961451642
2022-07-13,8930,10850,8820,9550,630034,0.08522727272727271
2022-07-14,9400,9600,9250,9500,67318,-0.005235602094240788
2022-07-15,9680,9680,9310,9310,34474,-0.020000000000000018
2022-07-18,9390,9650,9320,9460,20435,0.01611170784103111
2022-07-19,9400,9770,9400,9710,38007,0.026427061310782207
2022-07-20,9750,9750,9370,9430,33166,-0.028836251287332693
2022-07-21,9500,9580,9310,9360,15605,-0.007423117709437932
2022-07-22,9480,9480,9220,9250,10547,-0.01175213675213671
2022-07-25,9240,9310,9180,9210,3503,-0.00432432432432428
2022-07-26,9230,9790,9150,9270,35256,0.006514657980456029
2022-07-27,9280,9510,9230,9410,15425,0.015102481121898492
2022-07-28,9430,9510,9310,9330,6168,-0.008501594048884176
2022-07-29,9340,9410,9190,9320,11250,-0.001071811361200381
2022-08-01,9330,9330,9200,9250,5328,-0.007510729613733891
2022-08-02,9240,9360,9150,9300,7422,0.00540540540540535
2022-08-03,9300,9350,9150,9280,7745,-0.0021505376344086446
2022-08-04,9380,9380,9260,9280,5064,0.0
2022-08-05,9280,9420,9280,9380,10237,0.010775862068965525
2022-08-08,9450,9630,9300,9440,9306,0.006396588486140775
2022-08-09,9440,9550,9310,9460,6463,0.0021186440677967155
2022-08-10,9470,9520,9320,9360,6943,-0.010570824524312905
2022-08-11,9360,9490,9350,9430,3403,0.007478632478632452
2022-08-12,9370,9510,9340,9480,8594,0.005302226935312904
2022-08-16,9430,9610,9360,9470,8167,-0.0010548523206751481
2022-08-17,9380,9550,9270,9270,13044,-0.02111932418162621
2022-08-18,9270,9340,9170,9200,3013,-0.007551240560949246
2022-08-19,9240,9270,9140,9180,4761,-0.0021739130434782483
2022-08-22,9060,9210,9060,9130,3541,-0.005446623093681935
2022-08-23,9040,9160,8930,8970,3662,-0.017524644030668113
2022-08-24,8820,9100,8820,8980,2049,0.0011148272017837968
2022-08-25,8890,9140,8890,9100,7231,0.013363028953229383
2022-08-26,9160,9170,9000,9070,3931,-0.003296703296703285
2022-08-29,8770,9060,8770,8810,5177,-0.02866593164277842
2022-08-30,8910,8920,8790,8850,2525,0.004540295119182858
2022-08-31,8850,8920,8760,8860,1659,0.001129943502824915
2022-09-01,8760,9190,8760,8890,4329,0.003386004514672747
2022-09-02,9250,9250,8830,8890,2684,0.0
2022-09-05,9150,9150,8610,8700,5533,-0.021372328458942658
2022-09-06,8700,8800,8600,8710,1175,0.0011494252873562871
2022-09-07,8560,8680,8530,8560,3198,-0.01722158438576349
2022-09-08,8650,8920,8560,8590,1828,0.003504672897196359
2022-09-13,8700,8820,8700,8790,3108,0.02328288707799775
2022-09-14,8970,8970,8530,8750,2962,-0.004550625711035261
2022-09-15,8750,8950,8670,8880,1542,0.014857142857142902
2022-09-16,8650,9140,8650,8730,6158,-0.016891891891891886
2022-09-19,8630,8960,8460,8460,4387,-0.030927835051546393
2022-09-20,8640,8640,8370,8480,2627,0.0023640661938533203
2022-09-21,8480,8540,8320,8360,1726,-0.014150943396226467
2022-09-22,8480,9320,8250,8400,141904,0.004784688995215225
2022-09-23,8330,8390,8050,8060,6040,-0.04047619047619044
2022-09-26,7810,8020,7320,7320,13320,-0.09181141439205953
2022-09-27,7150,7470,7150,7380,4636,0.008196721311475308
2022-09-28,7560,7560,6900,7240,10611,-0.01897018970189701
2022-09-29,7390,8690,7280,7340,244955,0.013812154696132506
2022-09-30,7150,7670,7150,7570,22416,0.03133514986376018
2022-10-04,7980,7980,7560,7650,14112,0.010568031704095038
2022-10-05,7680,7830,7420,7630,10005,-0.002614379084967311
2022-10-06,7630,8100,7630,7800,22099,0.022280471821756187
2022-10-07,7890,7890,7620,7790,9135,-0.0012820512820512775
2022-10-11,7890,7890,7270,7570,8286,-0.028241335044929428
2022-10-12,7570,7690,7430,7550,7834,-0.0026420079260237594
2022-10-13,7550,7730,7270,7340,5130,-0.027814569536423805
2022-10-14,7400,7700,7400,7600,6829,0.03542234332425065
2022-10-17,7610,7690,7440,7690,3377,0.011842105263157876
2022-10-18,7710,8180,7710,7990,10853,0.03901170351105332
2022-10-19,7840,8190,7810,7970,4061,-0.0025031289111389077
2022-10-20,7910,8140,7810,7970,4282,0.0
2022-10-21,7970,8090,7860,7860,1377,-0.013801756587201952
2022-10-24,8160,8160,7870,7950,3605,0.011450381679389388
2022-10-25,8110,9000,7740,8100,68020,0.018867924528301883
2022-10-26,8300,8300,7990,8030,1575,-0.00864197530864197
2022-10-27,8260,8260,7810,8140,2759,0.013698630136986356
2022-10-28,8000,8130,7970,7970,3305,-0.020884520884520863
2022-10-31,8000,8250,7980,8060,5578,0.01129234629861986
2022-11-01,8060,8070,7960,8030,2277,-0.003722084367245637
2022-11-02,7980,8260,7940,7990,3171,-0.00498132004981322
2022-11-03,7980,7980,7700,7880,3966,-0.013767209011264048
2022-11-04,7720,8490,7720,7980,12564,0.012690355329949332
2022-11-07,8020,8070,7830,7920,5085,-0.007518796992481258
2022-11-08,7900,8040,7860,7920,7512,0.0
2022-11-09,7940,8030,7870,7930,2247,0.0012626262626262985
2022-11-10,7930,7970,7780,7790,4582,-0.017654476670870167
2022-11-11,7960,7960,7830,7910,5194,0.015404364569961526
2022-11-14,7860,8050,7800,7830,5777,-0.010113780025284402
2022-11-15,7720,8100,7720,8060,21763,0.02937420178799499
2022-11-16,8100,8100,7880,8030,9001,-0.003722084367245637
2022-11-17,7980,8040,7870,7880,3527,-0.018679950186799466
2022-11-18,7880,7980,7810,7810,3076,-0.008883248730964466
2022-11-21,7810,8990,7670,7830,159931,0.00256081946222797
2022-11-22,7940,8520,7750,7910,39625,0.010217113665389466
2022-11-23,7900,8000,7830,7850,6411,-0.007585335018963302
2022-11-24,7940,7950,7860,7930,3343,0.010191082802547768
2022-11-25,7950,8050,7820,7960,4221,0.003783102143757988
2022-11-28,7960,7960,7650,7780,7361,-0.022613065326633208
2022-11-29,7670,7890,7670,7840,3247,0.007712082262210762
2022-11-30,7830,7970,7800,7930,8881,0.011479591836734748
2022-12-01,7930,8210,7920,8170,31422,0.030264817150063017
2022-12-02,8180,8240,8060,8220,8028,0.006119951040391758
2022-12-05,8290,8290,8100,8160,6854,-0.007299270072992692
2022-12-06,8000,8140,7910,7950,8004,-0.02573529411764708
2022-12-07,7870,8000,7850,7930,2493,-0.002515723270440251
2022-12-08,7850,7940,7800,7870,7102,-0.007566204287515754
2022-12-09,7950,7950,7810,7940,1491,0.008894536213468918
2022-12-12,7920,8130,7820,8000,14043,0.007556675062972307
2022-12-13,8020,8390,7930,8050,49654,0.006250000000000089
2022-12-14,8190,8330,8060,8190,26331,0.017391304347825987
2022-12-15,8060,8190,8050,8050,12788,-0.017094017094017144
2022-12-16,7970,8030,7900,7940,6474,-0.013664596273291973
2022-12-19,7900,7980,7870,7910,7567,-0.0037783375314861534
2022-12-20,7910,7930,7800,7810,3712,-0.012642225031605614
2022-12-21,7720,8170,7720,8010,22404,0.025608194622279035
2022-12-22,8090,8090,7900,7970,3787,-0.004993757802746579
2022-12-23,7880,7930,7760,7760,5133,-0.02634880803011297
2022-12-26,7890,7890,7700,7750,6643,-0.0012886597938144284
2022-12-27,7750,7980,7600,7740,4916,-0.001290322580645209
2022-12-28,7700,7770,7640,7700,1660,-0.0051679586563307955
2022-12-29,7630,7780,7560,7680,2340,-0.0025974025974025983
2023-01-02,7610,7900,7610,7680,4077,0.0
2023-01-03,7700,7700,7240,7410,3789,-0.03515625
2023-01-04,7490,7650,7350,7560,2913,0.020242914979757165
2023-01-05,7650,7840,7590,7660,1182,0.013227513227513255
2023-01-06,7500,7760,7500,7700,1108,0.005221932114882533
2023-01-09,7600,7880,7600,7780,2086,0.010389610389610393
2023-01-10,7860,7860,7620,7620,2556,-0.020565552699228773
2023-01-11,7660,7740,7660,7730,658,0.014435695538057791
2023-01-12,7760,7760,7570,7570,5267,-0.02069857697283317
2023-01-13,7650,7660,7550,7620,4241,0.006605019815059343
2023-01-16,7560,7670,7510,7620,3844,0.0
2023-01-17,7620,7620,7530,7610,1590,-0.001312335958005284
2023-01-18,7610,7610,7490,7550,6523,-0.007884362680683266
2023-01-19,7550,7600,7490,7570,1739,0.0026490066225166586
2023-01-20,7570,7570,7490,7540,1021,-0.003963011889035695
2023-01-25,7540,7660,7490,7540,1717,0.0
2023-01-26,7510,7580,7510,7530,6374,-0.0013262599469495706
2023-01-27,7530,7620,7500,7530,4507,0.0
2023-01-30,7610,7650,7480,7480,4502,-0.006640106241699861
2023-01-31,7490,7560,7440,7480,2503,0.0
2023-02-01,7480,7500,7450,7480,1644,0.0
2023-02-02,7630,7630,7450,7540,7897,0.008021390374331583
2023-02-03,7540,7610,7520,7540,4439,0.0
2023-02-06,7540,7580,7470,7580,1271,0.0053050397877985045
2023-02-07,7580,7700,7530,7610,9461,0.003957783641160839
2023-02-08,7660,7660,7550,7570,6867,-0.005256241787122251
2023-02-09,7580,7650,7480,7590,10087,0.0026420079260238705
2023-02-10,7510,7800,7500,7590,22299,0.0
2023-02-13,7670,7670,7520,7650,5324,0.007905138339920903
2023-02-14,7570,7670,7500,7520,4738,-0.016993464052287632
2023-02-15,7580,7580,7400,7410,4225,-0.0146276595744681
2023-02-16,7540,7550,7420,7460,493,0.006747638326585648
2023-02-17,7460,7520,7410,7460,1896,0.0
2023-02-20,7460,7540,7370,7470,2948,0.0013404825737264314
2023-02-21,7530,7580,7350,7580,2715,0.014725568942436373
2023-02-22,7450,7570,7440,7470,1218,-0.014511873350923521
2023-02-23,7470,7500,7440,7500,2609,0.004016064257028162
2023-02-24,7450,7540,7390,7510,2318,0.0013333333333334085
2023-02-27,7400,7500,7260,7450,1160,-0.007989347536617841
2023-02-28,7450,7450,7320,7390,529,-0.008053691275167751
2023-03-02,7400,7450,7210,7350,4482,-0.005412719891745632
2023-03-03,7230,7350,7210,7300,4260,-0.006802721088435382
2023-03-06,7300,7400,7220,7280,4497,-0.002739726027397249
2023-03-07,7220,7350,7220,7270,1992,-0.0013736263736263687
2023-03-08,7260,7270,7090,7090,7219,-0.024759284731774467
2023-03-09,7120,7250,7080,7080,4191,-0.0014104372355430161
2023-03-10,7050,7230,6930,6990,2958,-0.012711864406779627
2023-03-13,6990,6990,6700,6700,12482,-0.0414878397711016
2023-03-14,6700,6700,6000,6240,12008,-0.06865671641791049
2023-03-15,6300,6420,6220,6320,42568,0.012820512820512775
2023-03-16,6590,6730,6310,6450,23128,0.020569620253164667
2023-03-17,6380,6570,6380,6500,5503,0.007751937984496138
2023-03-20,6430,6580,6240,6350,7767,-0.023076923076923106
2023-03-21,6350,6610,6330,6410,6797,0.009448818897637823
2023-03-22,6410,6590,6330,6410,12191,0.0
2023-03-23,6500,6500,6150,6150,9152,-0.040561622464898583
2023-03-24,6160,6300,6130,6200,10143,0.008130081300812941
2023-03-27,6180,6450,5690,6220,10438,0.003225806451612856
2023-03-28,6280,6280,6060,6240,3882,0.003215434083601254
2023-03-29,6310,6310,6110,6300,6491,0.009615384615384581
2023-03-30,6230,6490,6220,6370,3449,0.011111111111111072
2023-03-31,6300,6400,6150,6150,12170,-0.03453689167974883
2023-04-03,6200,6240,5950,6120,6372,-0.004878048780487809
2023-04-04,6050,6190,6040,6160,8158,0.006535947712418277
2023-04-05,6200,6550,6170,6240,34784,0.01298701298701288
2023-04-06,6300,7870,6210,6760,743081,0.08333333333333326
2023-04-07,6750,6910,6530,6700,72674,-0.00887573964497046
2023-04-10,6720,6760,6410,6500,39656,-0.02985074626865669
2023-04-11,6440,6650,6420,6480,28182,-0.003076923076923088
2023-04-12,6480,6600,6420,6600,19572,0.0185185185185186
2023-04-13,6520,6680,6520,6650,14819,0.007575757575757569
2023-04-14,6650,6800,6600,6730,23299,0.012030075187969835
2023-04-17,6750,6890,6560,6660,11001,-0.010401188707280795
2023-04-18,6760,6760,6230,6460,32244,-0.03003003003003002
2023-04-19,6350,6550,6350,6430,10118,-0.004643962848297267
2023-04-20,6430,6490,6330,6420,8627,-0.0015552099533436836
2023-04-21,6410,6480,6320,6340,4544,-0.012461059190031154
2023-04-24,6400,6560,6320,6420,3041,0.012618296529968376
2023-04-25,6550,6550,6250,6460,4455,0.006230529595015577
2023-04-26,6340,6460,6250,6390,1437,-0.010835913312693513
2023-04-27,6420,6500,6260,6400,2831,0.0015649452269170805
2023-04-28,6490,6490,6230,6410,10114,0.0015624999999999112
2023-05-02,6400,6480,6310,6400,7436,-0.0015600624024960652
2023-05-03,6400,6450,6350,6430,460,0.004687499999999956
2023-05-04,6430,6470,6310,6440,2848,0.0015552099533437946
2023-05-08,6470,6550,6320,6510,13017,0.010869565217391353
2023-05-09,6500,6500,6390,6400,2046,-0.016897081413210446
2023-05-10,6450,6810,6450,6570,5471,0.026562500000000044
2023-05-11,6570,6630,6470,6620,2349,0.007610350076103556
2023-05-12,6740,6740,6460,6610,2559,-0.0015105740181269312
2023-05-15,6600,6760,6460,6560,14488,-0.0075642965204235635
2023-05-16,6430,6680,6430,6510,8177,-0.007621951219512146
2023-05-17,6540,6700,6410,6680,4528,0.02611367127496167
2023-05-18,6680,6730,6570,6660,4341,-0.0029940119760478723
2023-05-19,6550,6590,6460,6530,7825,-0.019519519519519468
2023-05-22,6600,6600,6370,6430,7741,-0.015313935681470103
2023-05-23,6500,6500,6300,6430,2945,0.0
2023-05-24,6350,6510,6330,6440,2454,0.0015552099533437946
2023-05-25,6440,6510,6300,6350,992,-0.013975155279503104
2023-05-26,6340,6380,6290,6300,1259,-0.007874015748031482
2023-05-30,6380,6380,6250,6300,2866,0.0
2023-05-31,6390,6430,6210,6280,3141,-0.0031746031746031633
2023-06-01,6240,6310,6120,6290,1992,0.0015923566878981443
2023-06-02,6250,6350,6090,6090,7453,-0.031796502384737635
2023-06-05,6250,6440,6230,6300,8218,0.034482758620689724
2023-06-07,6400,6400,6250,6340,3919,0.006349206349206327
2023-06-08,6340,6400,6150,6300,1646,-0.006309148264984188
2023-06-09,6300,6390,6100,6380,7590,0.012698412698412653
2023-06-12,6380,6380,6220,6300,2880,-0.01253918495297801
2023-06-13,6330,6330,6200,6220,2583,-0.012698412698412653
2023-06-14,6210,6260,6100,6240,3264,0.003215434083601254
2023-06-15,6320,6320,6140,6190,1169,-0.008012820512820484
2023-06-16,6300,6300,6120,6220,2177,0.004846526655896577
2023-06-19,6270,6270,6140,6170,797,-0.008038585209003246
2023-06-20,6250,6270,6100,6210,663,0.006482982171799101
2023-06-21,6150,6200,6050,6150,2200,-0.009661835748792313
2023-06-22,6200,6200,6090,6100,488,-0.008130081300813052
2023-06-23,6200,6200,6070,6110,2066,0.0016393442622950616
2023-06-26,6050,6200,6050,6110,1126,0.0
2023-06-27,6110,6160,6090,6090,2429,-0.00327332242225864
2023-06-28,6150,6150,6020,6020,3125,-0.011494252873563204
2023-06-29,6100,6100,5800,6000,2962,-0.0033222591362126463
2023-06-30,5930,5990,5760,5830,9651,-0.02833333333333332
2023-07-03,5940,5940,5600,5620,21871,-0.03602058319039447
2023-07-04,5700,5900,5470,5560,15137,-0.010676156583629859
2023-07-05,5590,6390,5580,5770,37310,0.03776978417266186
2023-07-06,5770,5910,5550,5600,7673,-0.029462738301559765
2023-07-07,5600,5600,5470,5540,6074,-0.010714285714285676
2023-07-10,5480,5540,5240,5240,19034,-0.054151624548736454
2023-07-11,5240,5440,5240,5390,1749,0.028625954198473247
2023-07-12,5420,5430,5250,5340,2855,-0.00927643784786647
2023-07-13,5280,5380,5200,5350,8623,0.001872659176029856
2023-07-14,5350,5430,5300,5310,3269,-0.00747663551401867
2023-07-17,5310,5310,5200,5250,13516,-0.011299435028248594
2023-07-18,5250,5250,5010,5110,6567,-0.026666666666666616
2023-07-19,5000,5110,4950,5110,7310,0.0
2023-07-20,5030,5130,4860,5040,4958,-0.013698630136986356
2023-07-21,4900,5140,4760,4950,13003,-0.017857142857142905
2023-07-24,4990,4990,4495,4610,24531,-0.06868686868686869
2023-07-25,4610,4660,4330,4525,10050,-0.018438177874186557
2023-07-26,4600,4600,4010,4250,28690,-0.06077348066298338
2023-07-27,4205,4615,4180,4480,8713,0.054117647058823604
2023-07-28,4480,4540,4255,4485,3478,0.0011160714285713969
2023-07-31,4550,4960,4470,4715,42433,0.05128205128205132
2023-08-01,4670,4880,4670,4860,7411,0.030752916224814353
2023-08-02,4770,5050,4755,4780,16508,-0.016460905349794275
2023-08-03,4805,5670,4735,5190,143905,0.08577405857740583
2023-08-04,5190,5190,4960,5100,18390,-0.017341040462427793
2023-08-07,5100,5100,4910,5010,4435,-0.01764705882352946
2023-08-08,5000,5000,4750,4765,22716,-0.048902195608782395
2023-08-09,4740,4940,4705,4910,18195,0.030430220356768123
2023-08-10,4900,4995,4750,4955,9707,0.009164969450101923
2023-08-11,5030,5070,4800,4805,27291,-0.030272452068617506
2023-08-14,4705,4800,4610,4760,44194,-0.009365244536940653
2023-08-16,4635,4695,4250,4310,90477,-0.09453781512605042
2023-08-17,4250,4260,4040,4230,58531,-0.018561484918793503
2023-08-18,4180,4330,4010,4215,29858,-0.0035460992907800915
2023-08-21,4210,4315,4130,4230,12654,0.003558718861210064
2023-08-22,4250,4470,4125,4190,12480,-0.009456264775413725
2023-08-23,4230,4230,4100,4200,3295,0.0023866348448686736
2023-08-24,4105,4400,4105,4200,16709,0.0
2023-08-25,4200,4390,4170,4390,1774,0.0452380952380953
2023-08-28,4395,5160,4315,4590,709365,0.04555808656036442
2023-08-29,4450,4570,4415,4520,94239,-0.015250544662309351
2023-08-30,4530,4600,4470,4520,31721,0.0
2023-08-31,4510,4545,4390,4435,19894,-0.01880530973451322
2023-09-01,4435,4635,4420,4530,82633,0.021420518602029315
2023-09-04,4580,4585,4505,4580,16916,0.011037527593819041
2023-09-05,4560,4580,4440,4460,23538,-0.026200873362445365
2023-09-06,4465,4515,4400,4460,10567,0.0
2023-09-07,4460,4490,4380,4410,8439,-0.011210762331838597
2023-09-08,4400,4445,4310,4435,4519,0.005668934240362855
2023-09-11,4470,4470,4375,4435,4307,0.0
2023-09-12,4470,4470,4345,4390,12345,-0.01014656144306647
2023-09-13,4320,4850,4320,4850,186451,0.10478359908883816
2023-09-14,5050,5550,4805,4850,379425,0.0
2023-09-15,4950,4950,4620,4800,52865,-0.010309278350515427
2023-09-18,4800,5040,4720,4920,63821,0.02499999999999991
2023-09-19,5050,5050,4650,4785,38556,-0.027439024390243927
2023-09-20,4745,4780,4520,4560,25189,-0.047021943573667735
2023-09-21,4560,4590,4450,4500,8405,-0.013157894736842146
2023-09-22,4530,4680,4365,4500,19302,0.0
2023-09-25,4555,4555,4250,4370,22687,-0.028888888888888853
2023-09-26,4370,4410,4325,4365,3390,-0.0011441647597254523
2023-09-27,4365,4380,4325,4380,1882,0.0034364261168384758
2023-10-04,4385,4385,4210,4230,4974,-0.03424657534246578
2023-10-05,4300,4305,4215,4260,6521,0.007092198581560183
2023-10-06,4275,4345,4210,4345,4856,0.0199530516431925
2023-10-10,4345,4370,4295,4300,8574,-0.010356731875719172
2023-10-11,4265,4455,4265,4330,4479,0.006976744186046435
2023-10-12,4300,4525,4300,4480,8690,0.03464203233256358
2023-10-13,4530,4530,4415,4505,5285,0.005580357142857206
2023-10-16,4455,4505,4360,4475,2209,-0.006659267480577102
2023-10-17,4500,4500,4250,4470,2775,-0.0011173184357542443
2023-10-18,4395,4490,4300,4410,1763,-0.01342281879194629
2023-10-19,4395,4430,4285,4310,4731,-0.0226757369614512
2023-10-20,4300,4355,4200,4225,13081,-0.019721577726218076
2023-10-23,4240,4325,4200,4260,11519,0.008284023668639007
2023-10-24,4350,4350,4200,4330,5241,0.016431924882629012
2023-10-25,4420,4530,4350,4520,7770,0.04387990762124705
2023-10-26,4360,4940,4355,4550,143510,0.006637168141592875
2023-10-27,4660,4750,4475,4565,16676,0.003296703296703285
2023-10-30,4470,4575,4375,4410,10077,-0.033953997809419545
2023-10-31,4410,4480,4210,4340,3527,-0.015873015873015928
2023-11-01,4350,4480,4300,4450,4006,0.025345622119815614
2023-11-02,4450,4450,4395,4430,2430,-0.004494382022471877
2023-11-03,4445,4595,4405,4525,5284,0.021444695259593693
2023-11-06,4605,4630,4490,4535,5466,0.0022099447513812542
2023-11-07,4560,4840,4460,4540,38690,0.0011025358324145973
2023-11-08,4620,4795,4555,4560,8150,0.004405286343612369
2023-11-09,4510,4625,4465,4600,4272,0.00877192982456143
2023-11-10,4665,4720,4565,4655,11576,0.011956521739130421
2023-11-13,4695,4760,4540,4540,7409,-0.02470461868958107
2023-11-14,4520,4635,4520,4620,1809,0.017621145374449254
2023-11-15,4555,4625,4510,4600,3602,-0.0043290043290042934
2023-11-16,4535,4655,4525,4635,6870,0.007608695652173925
2023-11-17,4730,4730,4565,4630,3029,-0.0010787486515642097
2023-11-20,4690,6000,4625,5400,1327392,0.16630669546436283
2023-11-21,5490,7020,5480,7020,1891663,0.30000000000000004
2023-11-22,7550,8280,6000,6090,2619540,-0.13247863247863245
2023-11-23,6210,6820,5680,5950,893980,-0.02298850574712641
2023-11-24,5780,6700,5670,5960,783532,0.001680672268907557
2023-11-27,6060,6100,5490,5760,244416,-0.03355704697986572
2023-11-28,5660,7270,5450,6110,1962607,0.06076388888888884
2023-11-29,6170,6440,5740,5760,288393,-0.057283142389525366
2023-11-30,5880,6880,5850,6370,1305907,0.10590277777777768
2023-12-01,6230,6420,6130,6270,222252,-0.015698587127158548
2023-12-04,6630,7200,6490,6770,564193,0.0797448165869219
2023-12-05,6640,6800,6200,6580,314023,-0.028064992614475592
2023-12-06,6680,6920,6330,6750,340693,0.02583586626139822
2023-12-07,6700,8770,6640,8770,658784,0.29925925925925934
2023-12-08,10020,11020,7420,8020,3853900,-0.08551881413911055
2023-12-11,9100,9500,8010,8010,1419449,-0.0012468827930174342
2023-12-12,8300,8690,7480,7570,427112,-0.05493133583021226
2023-12-13,7430,7820,7050,7540,273542,-0.003963011889035695
2023-12-14,7620,7640,6910,7160,168066,-0.050397877984084904
2023-12-15,7080,7160,6810,7000,100327,-0.022346368715083775
2023-12-18,7060,7370,6820,6950,114561,-0.0071428571428571175
2023-12-19,6950,6970,6350,6600,144843,-0.05035971223021585
2023-12-20,6580,6680,6250,6370,93602,-0.034848484848484795
2023-12-21,6300,6450,6050,6070,71862,-0.04709576138147564
2023-12-22,6110,6150,5600,5880,79805,-0.03130148270181221
2023-12-26,5820,6360,5700,5750,109767,-0.022108843537414935
2023-12-27,5600,5790,5450,5610,68764,-0.024347826086956514
2023-12-28,5800,6740,5630,6010,446731,0.071301247771836
2024-01-02,5980,6080,5850,5860,69224,-0.024958402662229595
2024-01-03,5860,6230,5820,6030,89644,0.029010238907849928
2024-01-04,5950,5950,5700,5840,65398,-0.031509121061359835
2024-01-05,6800,7590,6500,6800,2114050,0.1643835616438356
2024-01-08,6400,6680,6300,6500,375543,-0.044117647058823484
2024-01-09,6420,6500,6260,6410,111540,-0.013846153846153841
2024-01-10,6360,6460,6120,6200,95880,-0.032761310452418146
2024-01-11,6210,6260,6010,6070,94430,-0.020967741935483897
2024-01-12,6650,7790,6300,6450,1914418,0.06260296540362442
2024-01-15,6590,6590,6320,6350,104247,-0.015503875968992276
2024-01-16,6350,6480,6230,6400,73081,0.007874015748031482
2024-01-17,6770,6900,6320,6500,162146,0.015625
2024-01-18,6420,6730,6370,6500,97918,0.0
2024-01-19,6540,6590,6400,6450,57730,-0.007692307692307665
2024-01-22,6320,6360,6020,6030,83673,-0.06511627906976747
2024-01-23,6080,6930,5960,6390,311360,0.05970149253731338
2024-01-24,6300,6330,6060,6080,71023,-0.04851330203442883
2024-01-25,6080,6250,6060,6130,30387,0.008223684210526327
2024-01-26,6120,6230,6100,6200,26267,0.011419249592169667
2024-01-29,6140,6320,6060,6170,30183,-0.004838709677419395
2024-01-30,6170,6300,6000,6140,33608,-0.004862236628849326
2024-01-31,6080,6140,5840,5970,27969,-0.027687296416938123
2024-02-01,5970,6050,5700,5860,15937,-0.018425460636515956
2024-02-02,5960,6040,5900,5930,14449,0.011945392491467643
2024-02-05,6000,6000,5810,5890,14352,-0.006745362563237767
2024-02-06,5810,5920,5740,5880,17239,-0.001697792869269965
2024-02-07,5990,5990,5710,5930,17484,0.008503401360544283
2024-02-08,5820,5890,5790,5870,10909,-0.010118043844856706
2024-02-13,5790,5900,5720,5850,35096,-0.0034071550255536653
2024-02-14,5850,5850,5730,5790,12836,-0.01025641025641022
2024-02-15,5790,5860,5700,5840,21246,0.008635578583765069
2024-02-16,5840,5870,5780,5830,11205,-0.001712328767123239
2024-02-19,5830,5880,5750,5830,16487,0.0
2024-02-20,5830,5860,5700,5830,15125,0.0
2024-02-21,5850,5850,5710,5830,18078,0.0
2024-02-22,5760,5830,5700,5760,16385,-0.012006861063464824
2024-02-23,5760,5770,5680,5740,12111,-0.00347222222222221
2024-02-26,5690,5740,5300,5410,28813,-0.057491289198606244
2024-02-27,5410,5500,5280,5400,18343,-0.001848428835489857
2024-02-28,5330,5590,5330,5580,11143,0.03333333333333344
2024-02-29,5600,5600,5350,5440,10599,-0.02508960573476704
2024-03-04,5370,5570,5300,5330,14053,-0.020220588235294157
2024-03-05,5320,5450,5260,5330,12958,0.0
2024-03-06,5300,6090,5270,5480,177379,0.02814258911819878
2024-03-07,5480,5750,5350,5460,21772,-0.0036496350364964014
2024-03-08,5460,5500,5320,5500,14309,0.0073260073260073
2024-03-11,5500,5580,5420,5530,6235,0.005454545454545379
2024-03-12,5510,5580,5400,5520,19589,-0.001808318264014508
2024-03-13,5460,5540,5440,5470,5494,-0.009057971014492794
2024-03-14,5530,5540,5360,5420,10831,-0.009140767824497242
2024-03-15,5340,5460,5340,5360,5729,-0.011070110701106972
2024-03-18,5300,5450,5250,5450,8797,0.01679104477611948
2024-03-19,5360,5420,5290,5350,4861,-0.01834862385321101
2024-03-20,5380,5640,5340,5590,37349,0.04485981308411224
2024-03-21,5480,5670,5470,5570,25266,-0.003577817531305927
2024-03-22,5560,5710,5440,5620,23258,0.008976660682226134
2024-03-25,5620,5840,5580,5660,32392,0.007117437722419906
2024-03-26,5580,6130,5560,5600,96324,-0.010600706713780883
2024-03-27,5500,5670,5460,5470,20476,-0.023214285714285743
2024-03-28,5470,5520,5420,5460,8210,-0.001828153564899404
2024-03-29,5430,5520,5410,5490,5527,0.005494505494505475
2024-04-01,5490,5590,5460,5570,9366,0.014571948998178597
2024-04-02,5570,5570,5410,5410,6250,-0.02872531418312385
2024-04-03,5420,5420,5310,5370,3446,-0.007393715341959317
2024-04-04,5380,5490,5300,5360,3300,-0.0018621973929237035
2024-04-05,5310,5370,5100,5260,14458,-0.018656716417910446
2024-04-08,5240,5250,5050,5050,5553,-0.03992395437262353
2024-04-09,5140,5250,5050,5100,9564,0.00990099009900991
2024-04-11,5070,5090,4945,4970,6837,-0.025490196078431393
2024-04-12,4930,5270,4930,5040,6105,0.014084507042253502
2024-04-15,4960,5040,4945,4995,3282,-0.008928571428571397
2024-04-16,4950,5020,4850,4880,6348,-0.02302302302302306
2024-04-17,4815,5170,4815,4895,3929,0.0030737704918033515
2024-04-18,5000,5240,4965,5020,11720,0.025536261491317713
2024-04-19,5030,5030,4860,4960,5177,-0.01195219123505975
2024-04-22,5110,5140,4860,5100,5951,0.02822580645161299
2024-04-23,5090,5090,4905,4965,4552,-0.026470588235294135
2024-04-24,4930,5030,4910,4970,8547,0.001007049345417954
2024-04-25,4920,5040,4920,4940,1552,-0.006036217303822977
2024-04-26,4940,4990,4870,4955,1034,0.0030364372469635637
2024-04-29,4990,5000,4900,5000,3837,0.00908173562058523
2024-04-30,4995,5050,4935,4980,16052,-0.0040000000000000036
2024-05-02,4980,5150,4825,5040,7371,0.012048192771084265
2024-05-03,5070,5070,4970,5000,1755,-0.007936507936507908
2024-05-07,5120,5120,4960,5000,4520,0.0
2024-05-08,4910,5050,4910,5030,7977,0.006000000000000005
2024-05-09,5000,5090,4950,5000,2037,-0.005964214711729587
2024-05-10,4975,5030,4975,5020,3151,0.0040000000000000036
2024-05-13,5000,5020,4950,5000,3763,-0.003984063745019917
2024-05-14,5000,5150,4990,5150,9317,0.030000000000000027
2024-05-16,5190,5750,5100,5330,276868,0.03495145631067964
2024-05-17,5380,5380,5200,5290,23036,-0.007504690431519689
2024-05-20,5300,5300,5160,5230,14254,-0.011342155009451793
2024-05-21,5240,5310,5150,5190,5930,-0.007648183556405397
2024-05-22,5200,5290,5170,5190,8380,0.0
2024-05-23,5260,5260,5080,5150,5956,-0.0077071290944122905
2024-05-24,5090,5240,5090,5120,7226,-0.005825242718446644
2024-05-27,5230,5230,5030,5110,9874,-0.001953125
2024-05-28,5130,5250,5050,5130,3728,0.00391389432485334
2024-05-29,5170,5250,5040,5160,9327,0.005847953216374213
2024-05-30,5160,5160,5040,5140,4809,-0.003875968992248069
2024-05-31,5030,5200,5030,5100,4711,-0.0077821011673151474
2024-06-03,5180,5180,5050,5120,1532,0.0039215686274509665
2024-06-04,5120,5120,5020,5090,4104,-0.005859375
2024-06-05,5070,5090,4990,5090,6223,0.0
2024-06-07,5080,5080,4930,5020,14621,-0.013752455795677854
2024-06-10,4960,5000,4960,4995,2427,-0.004980079681274896
2024-06-11,4995,4995,4900,4925,9290,-0.014014014014014031
2024-06-12,4980,5020,4920,4975,6467,0.010152284263959421
2024-06-13,4995,4995,4940,4975,3209,0.0
2024-06-14,4975,5070,4925,5000,5995,0.005025125628140614
2024-06-17,5070,5250,4975,5140,10348,0.028000000000000025
2024-06-18,5150,5180,5050,5120,2078,-0.0038910505836575737
2024-06-19,5120,5120,4960,4960,6723,-0.03125
2024-06-20,4960,5100,4960,5060,42342,0.02016129032258074
2024-06-21,5150,5470,4900,4950,120336,-0.021739130434782594
2024-06-24,4985,4985,4910,4945,8032,-0.0010101010101010166
2024-06-25,4905,5020,4885,4965,4741,0.004044489383215444
2024-06-26,4965,5000,4905,4955,9766,-0.002014098690835797
2024-06-27,4925,4990,4880,4890,3746,-0.013118062563067578
2024-06-28,4930,4930,4840,4890,3563,0.0
2024-07-01,4890,4950,4850,4895,5585,0.0010224948875254825
2024-07-02,4855,4900,4830,4900,3479,0.0010214504596526286
2024-07-03,4880,4910,4805,4810,6708,-0.01836734693877551
2024-07-04,4855,4855,4770,4785,1927,-0.00519750519750517
2024-07-05,4830,4940,4755,4845,5261,0.012539184952978122
2024-07-08,4875,4895,4840,4895,1709,0.01031991744066052
2024-07-09,4940,4980,4865,4950,3890,0.011235955056179803
2024-07-10,4945,5280,4915,5110,39465,0.03232323232323231
2024-07-11,5050,5100,4990,5080,8830,-0.005870841487279899
2024-07-12,5090,5120,4980,5040,6198,-0.007874015748031482
2024-07-15,5000,5070,4990,5030,3130,-0.001984126984126977
2024-07-16,5060,5120,4970,5020,8977,-0.001988071570576566
2024-07-17,5020,5350,5020,5090,25981,0.013944223107569709
2024-07-18,4965,5250,4965,5120,10905,0.005893909626718985
2024-07-19,5110,5200,5030,5120,2963,0.0
2024-07-22,5080,5120,5030,5070,1678,-0.009765625
2024-07-23,5060,5290,5060,5150,19520,0.015779092702169706
2024-07-24,5180,5300,5090,5120,17401,-0.005825242718446644
2024-07-25,5060,5170,4990,5080,7748,-0.0078125
2024-07-26,5040,5160,5030,5100,7045,0.003937007874015741
2024-07-29,5130,5130,5030,5080,6376,-0.0039215686274509665
2024-07-30,5090,5190,5010,5080,3692,0.0
2024-07-31,5050,5080,4900,5030,9439,-0.009842519685039353
2024-08-01,5030,5170,4995,4995,5005,-0.006958250497017926
2024-08-02,5000,5120,4905,4990,1117,-0.0010010010010009784
2024-08-05,4985,4985,4310,4555,10881,-0.08717434869739482
2024-08-06,4555,4765,4465,4640,10460,0.01866081229418226
2024-08-07,4655,4880,4655,4765,11524,0.0269396551724137
2024-08-08,4775,5100,4775,4995,26581,0.0482686253934943
2024-08-09,4990,5100,4930,5050,11656,0.011011011011011096
2024-08-12,5000,5200,4995,5060,6957,0.001980198019801982
2024-08-13,5060,5080,4960,5040,3009,-0.0039525691699604515
2024-08-14,5150,5170,4960,5070,4971,0.005952380952380931
2024-08-16,5150,5150,5000,5120,9132,0.009861932938856066
2024-08-19,5080,5370,5080,5270,33840,0.029296875
2024-08-20,5550,5640,5170,5210,28283,-0.011385199240986688
2024-08-21,5160,5250,5050,5100,4583,-0.021113243761996192
2024-08-22,5110,5130,4980,5080,6194,-0.0039215686274509665
2024-08-23,5070,5070,4970,5020,2680,-0.011811023622047223
2024-08-26,5030,5130,5000,5130,4421,0.021912350597609542
2024-08-27,5130,5140,5000,5100,2167,-0.005847953216374324
2024-08-28,5140,5200,5050,5160,3277,0.0117647058823529
2024-08-29,5140,5390,5000,5100,6530,-0.011627906976744207
2024-08-30,5140,5170,5060,5140,4807,0.007843137254901933
2024-09-02,5090,5140,4990,5120,1229,-0.0038910505836575737
2024-09-03,5070,5110,5010,5110,1698,-0.001953125
2024-09-04,5010,5090,4905,5020,4653,-0.017612524461839585
2024-09-05,5030,5070,4800,4990,7316,-0.005976095617529875
2024-09-06,4915,4995,4795,4860,3901,-0.02605210420841686
2024-09-09,4690,4950,4690,4860,1985,0.0
2024-09-10,4940,5000,4680,4755,8030,-0.021604938271604923
2024-09-11,4755,4970,4755,4895,1652,0.029442691903259766
2024-09-12,4865,4990,4860,4880,2197,-0.003064351378958108
2024-09-13,4800,5000,4800,5000,3318,0.024590163934426146
2024-09-19,5000,5150,4970,5070,2565,0.014000000000000012
2024-09-20,5070,5150,5020,5120,2959,0.009861932938856066
2024-09-23,5120,5180,4955,5120,2914,0.0
2024-09-24,5120,5190,5050,5110,835,-0.001953125
2024-09-25,5130,5140,5000,5120,2584,0.001956947162426559
2024-09-26,5120,5220,5010,5130,1643,0.001953125
2024-09-27,5070,5200,5040,5110,2386,-0.003898635477582846
2024-09-30,5060,5330,5060,5090,2506,-0.003913894324853229
2024-10-02,5020,5200,4950,5090,2302,0.0
2024-10-04,5010,5170,5010,5140,2066,0.00982318271119853
2024-10-07,5140,5200,5060,5190,2560,0.009727626459143934
2024-10-08,5120,5300,5120,5240,5441,0.009633911368015502
2024-10-10,5240,5300,5110,5200,1809,-0.007633587786259555
2024-10-11,5200,5250,5040,5240,4280,0.007692307692307665
2024-10-14,5250,5260,5070,5180,1763,-0.011450381679389277
2024-10-15,5180,5180,5080,5140,486,-0.007722007722007707
2024-10-16,5090,5210,5020,5020,4184,-0.023346303501945553
2024-10-17,5020,5170,5020,5150,1254,0.02589641434262946
2024-10-18,5160,5170,5000,5000,3778,-0.029126213592232997
2024-10-21,5070,5100,5000,5080,1852,0.016000000000000014
2024-10-22,5010,5090,4970,5050,2923,-0.0059055118110236116
2024-10-23,5000,5100,4955,5050,5912,0.0
2024-10-24,5000,5070,4970,5010,669,-0.007920792079207928
2024-10-25,5050,5150,5000,5070,1723,0.011976047904191711
2024-10-28,5070,5150,5020,5150,2069,0.015779092702169706
2024-10-29,5130,5140,5020,5100,1422,-0.009708737864077666
2024-10-30,5100,5130,5020,5080,2173,-0.0039215686274509665
2024-10-31,5080,5080,5020,5070,1101,-0.0019685039370078705
2024-11-01,5000,5060,5000,5050,1126,-0.0039447731755424265
2024-11-04,5050,5190,5040,5090,673,0.007920792079207928
2024-11-05,5100,5140,4950,5050,1859,-0.007858546168958758
2024-11-06,5060,5060,4970,4980,1039,-0.013861386138613874
2024-11-07,5020,5020,4950,4975,1181,-0.0010040160642570406
2024-11-08,5040,5100,4965,5030,403,0.011055276381909618
2024-11-11,4980,5030,4885,4995,1109,-0.006958250497017926
2024-11-12,4930,4940,4700,4805,7009,-0.03803803803803807
2024-11-13,4855,4990,4595,4810,2702,0.0010405827263266776
2024-11-14,4810,5050,4730,4990,1616,0.03742203742203731
2024-11-15,4890,5070,4890,5000,3534,0.002004008016031955
2024-11-18,4920,5190,4920,5060,2842,0.01200000000000001
2024-11-19,5070,5070,4945,5060,2359,0.0
2024-11-20,5060,5060,4900,4955,2202,-0.02075098814229248
2024-11-21,5040,5040,4670,4930,4364,-0.005045408678102881
2024-11-22,4890,4995,4875,4875,2361,-0.011156186612576113
2024-11-25,4810,4920,4705,4705,6020,-0.034871794871794926
2024-11-26,4755,4755,4475,4665,6735,-0.008501594048884176
2024-11-27,4680,4725,4615,4695,3678,0.006430868167202508
2024-11-28,4690,4790,4670,4700,709,0.0010649627263046302
2024-11-29,4690,4800,4605,4685,3285,-0.0031914893617021045
2024-12-02,4750,4950,4555,4670,6314,-0.0032017075773745907
2024-12-03,5400,6070,5280,6070,1570530,0.2997858672376874
2024-12-04,5380,5770,4880,5030,1072221,-0.17133443163097195
2024-12-05,5220,5390,4630,4640,411328,-0.07753479125248508
2024-12-06,4575,4635,4400,4475,144610,-0.03556034482758619
2024-12-09,4375,4375,4065,4100,72371,-0.08379888268156421
2024-12-10,4095,4280,4045,4275,73669,0.04268292682926833
2024-12-11,4250,4375,4215,4325,23682,0.011695906432748648
2024-12-12,4415,4420,4275,4335,24060,0.0023121387283238093
2024-12-13,4355,4470,4295,4440,24368,0.02422145328719716
2024-12-16,4490,4530,4370,4510,46063,0.015765765765765716
2024-12-17,4515,4590,4500,4535,28481,0.005543237250554389
2024-12-18,4535,4585,4510,4565,31483,0.006615214994487362
2024-12-19,4490,4570,4490,4570,28945,0.0010952902519167917
2024-12-20,4525,4570,4515,4545,30046,-0.005470459518599591
2024-12-23,4635,4635,4545,4600,12421,0.012101210121012063
2024-12-24,4600,4600,4525,4565,25583,-0.007608695652173925
2024-12-26,4565,4565,4450,4470,31494,-0.020810514786418377
2024-12-27,4400,4480,4295,4450,12413,-0.004474272930648726
2024-12-30,4465,4535,4355,4480,10533,0.006741573033707926
2025-01-02,4455,4540,4455,4535,8077,0.01227678571428581
2025-01-03,4485,4930,4485,4730,95159,0.04299889746416752
2025-01-06,4780,4880,4655,4830,14696,0.02114164904862581
2025-01-07,4780,4825,4735,4760,10243,-0.01449275362318836
2025-01-08,4800,4890,4790,4825,16511,0.013655462184873901
2025-01-09,4870,4885,4815,4860,18964,0.007253886010362587
2025-01-10,4860,4950,4780,4885,21421,0.005144032921810648
2025-01-13,4875,4880,4735,4735,7633,-0.03070624360286589
2025-01-14,4790,4810,4690,4775,16885,0.008447729672650395
2025-01-15,4770,4840,4715,4785,6726,0.0020942408376962707
2025-01-16,4780,4865,4750,4790,11888,0.0010449320794148065
2025-01-17,4790,4915,4730,4760,5474,-0.006263048016701411
2025-01-20,4760,4800,4640,4770,17226,0.0021008403361344463
2025-01-21,4840,4840,4650,4780,6167,0.002096436058700135
2025-01-22,4780,4800,4760,4785,9517,0.0010460251046024993
2025-01-23,4700,4755,4660,4700,6895,-0.017763845350052265
2025-01-24,4695,4720,4650,4665,1959,-0.007446808510638281
2025-01-31,4690,4690,4555,4620,4695,-0.009646302250803873
2025-02-03,4595,4665,4510,4600,3598,-0.0043290043290042934
2025-02-04,4600,4670,4600,4630,4258,0.006521739130434856
2025-02-05,4675,4715,4630,4680,3435,0.010799136069114423
2025-02-06,4655,4715,4655,4685,6782,0.0010683760683760646
2025-02-07,4705,4845,4685,4815,20223,0.0277481323372466
2025-02-10,4845,4850,4805,4830,2893,0.0031152647975076775
2025-02-11,4845,4865,4750,4830,4658,0.0
2025-02-12,4865,4865,4710,4785,3306,-0.009316770186335366
2025-02-13,4785,4880,4755,4830,22549,0.00940438871473348
2025-02-14,4965,5450,4770,4815,85231,-0.0031055900621117516
2025-02-17,4820,4905,4750,4810,6061,-0.0010384215991692258
2025-02-18,4825,4890,4625,4700,6402,-0.022869022869022815
2025-02-19,4765,4820,4690,4760,5214,0.012765957446808418
2025-02-20,4835,4835,4735,4815,4267,0.011554621848739455
2025-02-21,4855,4855,4795,4835,6592,0.004153686396677125
2025-02-24,4835,4850,4815,4830,2371,-0.0010341261633919352
2025-02-25,4840,4880,4730,4820,1443,-0.0020703933747412417
2025-02-26,4880,4880,4800,4825,1840,0.0010373443983402453
2025-02-27,4870,4870,4690,4835,4601,0.002072538860103723
2025-02-28,4835,4860,4700,4780,2325,-0.011375387797311287
2025-03-04,4640,4855,4500,4855,9377,0.01569037656903771
2025-03-05,4835,4850,4710,4785,1629,-0.01441812564366629
2025-03-06,4795,4875,4690,4870,9211,0.017763845350052154
2025-03-07,4850,4960,4805,4895,5696,0.005133470225872738
2025-03-10,4975,4975,4780,4890,3123,-0.0010214504596527396
2025-03-11,4820,4860,4715,4845,2892,-0.009202453987730008
2025-03-12,4820,4900,4755,4830,4533,-0.003095975232198178
2025-03-13,4890,4890,4770,4770,1957,-0.012422360248447228
2025-03-14,4825,4830,4740,4795,11075,0.00524109014675056
2025-03-17,4925,4925,4720,4730,4080,-0.013555787278414999
2025-03-18,4775,4790,4720,4785,6483,0.011627906976744207
2025-03-19,4790,4790,4717,4745,6442,-0.008359456635318674
2025-03-20,4785,4915,4740,4775,2294,0.006322444678608985
2025-03-21,4805,4805,4650,4685,15009,-0.01884816753926699
2025-03-24,4695,4740,4600,4720,10310,0.007470651013874008
2025-03-25,4720,4755,4580,4715,9670,-0.0010593220338983578
2025-03-26,4710,4725,4625,4710,7600,-0.0010604453870625141
2025-03-27,4710,4765,4685,4695,2985,-0.0031847133757961776
2025-03-28,4690,4700,4610,4660,7954,-0.007454739084132078
2025-03-31,4750,4750,4520,4625,7645,-0.007510729613733891
2025-04-01,4600,4770,4585,4770,18529,0.03135135135135125
2025-04-02,4765,4765,4665,4755,3679,-0.0031446540880503138
2025-04-03,4735,4745,4590,4635,20483,-0.025236593059936863
2025-04-04,4615,4850,4500,4720,17762,0.01833872707659112
2025-04-07,4830,4830,4565,4760,8512,0.008474576271186418
2025-04-08,4760,4805,4695,4780,12124,0.004201680672268893
2025-04-09,4760,4765,4585,4700,6427,-0.01673640167364021
2025-04-10,4700,4800,4700,4790,29316,0.01914893617021285
2025-04-11,4780,4945,4760,4890,18472,0.02087682672233826
2025-04-14,4945,4945,4875,4900,2565,0.002044989775051187
2025-04-15,4900,5380,4800,5380,141017,0.09795918367346945
2025-04-16,5140,5290,5000,5080,43862,-0.055762081784386575
2025-04-17,5080,5270,5000,5080,9644,0.0
2025-04-18,5110,5260,5030,5180,13604,0.019685039370078705
2025-04-21,5190,5330,5170,5200,25450,0.0038610038610038533
