Date,Open,High,Low,Close,Volume,Change
2022-01-03,47400,47400,47250,47250,57,-0.0031645569620253333
2022-01-04,47300,47300,46350,46350,97,-0.01904761904761909
2022-01-05,47500,47500,46000,46750,115,0.008629989212513456
2022-01-06,45500,46350,45500,46150,130,-0.012834224598930466
2022-01-07,46200,46300,45900,46300,224,0.003250270855904569
2022-01-10,46300,46300,45350,45400,161,-0.01943844492440605
2022-01-11,46400,46400,45400,46200,107,0.017621145374449254
2022-01-12,46150,46150,45600,46100,123,-0.0021645021645021467
2022-01-13,45800,46100,45800,45800,272,-0.006507592190889366
2022-01-14,45800,45800,45350,45750,83,-0.0010917030567685337
2022-01-17,45750,45750,45300,45300,211,-0.00983606557377048
2022-01-18,45000,45000,44500,44950,2239,-0.007726269315673329
2022-01-19,45450,45450,44200,44950,836,0.0
2022-01-20,44950,44950,44300,44400,317,-0.012235817575083408
2022-01-21,45500,48000,44800,48000,1733,0.08108108108108114
2022-01-24,48000,51000,47300,50200,4729,0.04583333333333339
2022-01-25,48800,48800,47650,47650,687,-0.05079681274900394
2022-01-26,47600,47900,46300,47750,212,0.0020986358866736943
2022-01-27,48000,48000,45900,45900,203,-0.03874345549738223
2022-01-28,44250,45700,44250,45350,685,-0.011982570806100212
2022-02-03,44650,46700,44650,46700,351,0.029768467475193017
2022-02-04,46700,48650,46700,47850,78,0.024625267665952855
2022-02-07,49500,49500,47700,49050,400,0.02507836990595602
2022-02-08,49900,49900,49050,49250,67,0.004077471967380175
2022-02-09,49900,49900,49000,49500,243,0.0050761421319796
2022-02-10,49500,49500,48100,48800,209,-0.014141414141414121
2022-02-11,50000,50000,47750,47850,161,-0.01946721311475408
2022-02-14,46600,47700,46500,47400,57,-0.009404388714733591
2022-02-15,47350,47400,46050,46700,99,-0.014767932489451518
2022-02-16,47000,47800,47000,47800,162,0.023554603854389677
2022-02-17,48200,48200,47400,48000,85,0.004184100418409997
2022-02-18,48050,49500,48050,48900,56,0.018750000000000044
2022-02-21,47750,48850,47750,48550,59,-0.007157464212678932
2022-02-22,50000,50000,46350,48350,456,-0.004119464469618972
2022-02-23,49300,49300,47450,47550,358,-0.016546018614270963
2022-02-24,47500,47900,46700,47900,83,0.007360672975814886
2022-02-25,47000,47850,47000,47750,168,-0.0031315240083507057
2022-02-28,47900,47950,47500,47900,117,0.003141361256544517
2022-03-02,49100,49100,48700,48900,143,0.02087682672233826
2022-03-03,49800,49800,49100,49100,108,0.004089979550102152
2022-03-04,49800,49800,46400,49000,163,-0.0020366598778004397
2022-03-07,49000,49000,48000,48150,38,-0.01734693877551019
2022-03-08,48350,48350,48000,48000,65,-0.0031152647975077885
2022-03-10,49000,49600,48850,49500,323,0.03125
2022-03-11,49500,49500,48550,49000,293,-0.010101010101010055
2022-03-14,50200,50200,48550,49950,432,0.019387755102040716
2022-03-15,50700,50700,49000,49850,221,-0.002002002002001957
2022-03-16,50200,50400,49950,50100,302,0.005015045135406293
2022-03-17,50400,50800,49550,49550,602,-0.010978043912175606
2022-03-18,49550,50400,49550,50300,137,0.015136226034308864
2022-03-21,50800,50800,50000,50400,30,0.001988071570576455
2022-03-22,50600,50600,50200,50500,67,0.001984126984126977
2022-03-23,50500,50500,49500,50000,199,-0.00990099009900991
2022-03-24,50900,50900,50200,50700,349,0.014000000000000012
2022-03-25,50700,50700,50000,50500,171,-0.0039447731755424265
2022-03-28,50500,51100,50400,51100,450,0.011881188118811892
2022-03-29,51700,51800,50400,51700,313,0.011741682974559797
2022-03-30,51700,51700,50900,51200,139,-0.009671179883945835
2022-03-31,51700,51700,50900,51400,321,0.00390625
2022-04-01,51800,51800,50700,51500,164,0.0019455252918287869
2022-04-04,51800,51800,51100,51400,192,-0.001941747572815511
2022-04-05,51400,51800,51300,51400,682,0.0
2022-04-06,51700,51800,51100,51800,668,0.0077821011673151474
2022-04-07,51800,51900,51100,51100,328,-0.013513513513513487
2022-04-08,51200,51700,51200,51200,538,0.001956947162426559
2022-04-11,51200,51200,50800,50800,601,-0.0078125
2022-04-12,50900,50900,50300,50400,394,-0.007874015748031482
2022-04-13,50400,51800,50100,51700,181,0.025793650793650702
2022-04-14,51600,51600,51000,51000,213,-0.013539651837524147
2022-04-15,51000,51200,50400,51200,140,0.0039215686274509665
2022-04-18,51200,51300,48850,51300,240,0.001953125
2022-04-19,51200,51200,50800,50900,195,-0.007797270955165692
2022-04-20,51500,51500,50600,51000,111,0.0019646365422396617
2022-04-21,51000,51500,50700,50700,320,-0.00588235294117645
2022-04-22,51400,52000,50600,51700,1495,0.019723865877712132
2022-04-25,51700,52500,51100,51100,1474,-0.011605415860735047
2022-04-26,50800,52900,50800,52200,1010,0.021526418786692814
2022-04-27,51800,51800,49700,50800,243,-0.026819923371647514
2022-04-28,51000,51400,51000,51100,704,0.0059055118110236116
2022-04-29,52400,52400,51300,51900,156,0.015655577299412915
2022-05-02,51900,51900,51200,51500,431,-0.0077071290944122905
2022-05-03,51800,51800,51200,51200,60,-0.005825242718446644
2022-05-04,51100,51400,50700,50700,626,-0.009765625
2022-05-06,50800,52700,50800,51400,998,0.013806706114398493
2022-05-09,51900,51900,48550,50800,2432,-0.011673151750972721
2022-05-10,50700,50800,48800,50300,701,-0.009842519685039353
2022-05-11,50300,50500,49550,49550,281,-0.01491053677932408
2022-05-12,49050,49150,48900,49100,552,-0.00908173562058523
2022-05-13,49100,49800,49100,49800,778,0.014256619144602745
2022-05-16,50800,50800,49750,50200,332,0.008032128514056325
2022-05-17,49950,51700,49200,50500,584,0.005976095617529875
2022-05-18,50000,50800,49900,50500,319,0.0
2022-05-19,50500,50500,49300,50000,179,-0.00990099009900991
2022-05-20,50000,51400,49750,49950,265,-0.0010000000000000009
2022-05-23,49800,50200,49800,50200,215,0.005005005005005003
2022-05-24,50200,50200,48800,49500,442,-0.013944223107569709
2022-05-25,49450,49800,49100,49750,583,0.005050505050504972
2022-05-26,49750,50500,48800,49750,543,0.0
2022-05-27,49950,50800,49500,50500,504,0.015075376884422065
2022-05-30,50500,51500,50100,51200,378,0.013861386138613874
2022-05-31,50800,51400,50800,51300,481,0.001953125
2022-06-02,51400,51400,50500,51300,370,0.0
2022-06-03,50600,51200,50600,51000,379,-0.005847953216374324
2022-06-07,51100,51200,50400,51100,461,0.0019607843137254832
2022-06-08,50000,51500,50000,51400,1051,0.005870841487279899
2022-06-09,51400,51400,50000,50800,1169,-0.011673151750972721
2022-06-10,50600,50700,49800,50400,607,-0.007874015748031482
2022-06-13,50200,50200,48800,49400,1945,-0.019841269841269882
2022-06-14,49300,50400,48900,49750,1179,0.007085020242914908
2022-06-15,49150,49950,48900,49800,1369,0.0010050251256281673
2022-06-16,49800,49950,49050,49750,809,-0.0010040160642570406
2022-06-17,49750,49750,48950,49600,1439,-0.0030150753768843908
2022-06-20,49600,49600,48300,48850,797,-0.015120967741935498
2022-06-21,48850,49200,47900,49200,1572,0.007164790174001956
2022-06-22,49400,49400,48550,48550,874,-0.013211382113821113
2022-06-23,49150,49150,44300,44700,6078,-0.07929969104016477
2022-06-24,46100,46950,45000,46350,330,0.03691275167785224
2022-06-27,46300,47100,46250,47050,1223,0.015102481121898492
2022-06-28,46200,47050,45650,46250,4860,-0.01700318809776835
2022-06-29,45050,46500,45050,45600,778,-0.014054054054054022
2022-06-30,46000,47900,46000,46750,1491,0.025219298245614086
2022-07-01,47000,47300,46600,46750,791,0.0
2022-07-04,47650,47650,45800,46900,423,0.0032085561497325887
2022-07-05,47100,49000,47100,48500,6092,0.034115138592750505
2022-07-06,48750,48750,46800,47850,540,-0.013402061855670055
2022-07-07,47850,48050,46000,47700,582,-0.0031347962382445305
2022-07-08,48200,48200,46900,47600,341,-0.002096436058700246
2022-07-11,48100,48800,45500,47850,1078,0.005252100840336116
2022-07-12,47600,47600,45750,46550,497,-0.027168234064785746
2022-07-13,47000,47050,45900,46400,152,-0.0032223415682062218
2022-07-14,46400,46750,45900,46650,111,0.005387931034482651
2022-07-15,47100,47400,45550,46700,788,0.001071811361200492
2022-07-18,47100,47900,46150,47250,414,0.01177730192719495
2022-07-19,47500,48900,47300,48250,971,0.021164021164021163
2022-07-20,49000,49000,47900,48850,313,0.012435233160621673
2022-07-21,49150,49250,48600,49250,474,0.008188331627430934
2022-07-22,49750,49750,48200,49250,232,0.0
2022-07-25,49300,49300,48200,49250,207,0.0
2022-07-26,48550,50100,48000,48500,3001,-0.015228426395939132
2022-07-27,48500,49000,48400,48950,1217,0.009278350515463885
2022-07-28,49400,49850,48250,48950,1022,0.0
2022-07-29,48950,49200,48300,48600,323,-0.007150153217568955
2022-08-01,48600,49250,47650,49200,420,0.012345679012345734
2022-08-02,49200,49250,47300,47300,1027,-0.03861788617886175
2022-08-03,47800,48150,47700,48150,189,0.017970401691332016
2022-08-04,48150,48850,47850,48700,1426,0.011422637590861928
2022-08-05,48700,49750,48550,49400,1893,0.014373716632443578
2022-08-08,49600,49600,47500,49000,1893,-0.0080971659919028
2022-08-09,49500,49900,48750,49400,710,0.008163265306122547
2022-08-10,49350,50900,49300,50500,2217,0.022267206477732726
2022-08-11,50500,50700,49700,50300,977,-0.003960396039603964
2022-08-12,50500,50500,49000,49850,1338,-0.008946322067594381
2022-08-16,51800,60000,50900,52600,52099,0.055165496489468335
2022-08-17,51700,52900,50000,51200,5041,-0.026615969581749055
2022-08-18,51300,51300,48250,51200,3031,0.0
2022-08-19,51200,51200,49900,50800,1720,-0.0078125
2022-08-22,50000,51200,49200,50200,1205,-0.011811023622047223
2022-08-23,50100,51800,49650,49650,644,-0.010956175298804771
2022-08-24,49650,51600,49150,51400,1534,0.03524672708962728
2022-08-25,51300,51700,50200,51200,930,-0.0038910505836575737
2022-08-26,51500,51700,50200,51400,763,0.00390625
2022-08-29,50200,51900,49100,50200,901,-0.023346303501945553
2022-08-30,49600,51600,49600,50500,1080,0.005976095617529875
2022-08-31,51300,51700,50200,51500,990,0.01980198019801982
2022-09-01,51500,51800,50100,51500,995,0.0
2022-09-02,51500,51600,50300,50900,509,-0.011650485436893177
2022-09-05,51300,51300,49350,49950,792,-0.018664047151277008
2022-09-06,50700,50700,48300,49950,650,0.0
2022-09-07,50300,50300,49000,49400,713,-0.011011011011010985
2022-09-08,48500,50800,48500,50800,1002,0.028340080971659853
2022-09-13,50800,51300,49650,50400,515,-0.007874015748031482
2022-09-14,50000,50000,49550,49700,293,-0.01388888888888884
2022-09-15,49700,50200,49300,49750,423,0.001006036217303885
2022-09-16,50000,50000,47000,49150,1178,-0.012060301507537674
2022-09-19,49250,49250,47650,48400,1053,-0.015259409969481164
2022-09-20,48500,49000,47750,48350,195,-0.0010330578512396382
2022-09-21,48100,48850,47550,48450,356,0.0020682523267838704
2022-09-22,47600,49750,47400,48400,36818,-0.0010319917440660964
2022-09-23,48650,49000,47400,48250,442,-0.0030991735537190257
2022-09-26,47500,49000,46500,47200,1151,-0.021761658031088094
2022-09-27,47400,47400,45700,46950,880,-0.005296610169491567
2022-09-28,47150,47150,43400,45800,3610,-0.024494142705005273
2022-09-29,45800,45900,45100,45800,891,0.0
2022-09-30,43650,47000,43650,45400,175,-0.008733624454148492
2022-10-04,46000,46200,44500,46200,550,0.017621145374449254
2022-10-05,46900,46900,45650,45800,607,-0.008658008658008698
2022-10-06,46500,47000,45500,46550,275,0.01637554585152845
2022-10-07,46450,47700,46450,47300,235,0.01611170784103111
2022-10-11,46000,47300,44550,47300,786,0.0
2022-10-12,47200,47200,45150,47000,537,-0.006342494714587699
2022-10-13,45750,47000,45500,46300,384,-0.014893617021276562
2022-10-14,45400,46550,45400,46300,246,0.0
2022-10-17,46250,46250,44500,46200,702,-0.002159827213822907
2022-10-18,46150,46700,45700,46150,268,-0.0010822510822511289
2022-10-19,45900,46450,45000,45600,431,-0.011917659804983716
2022-10-20,45600,45600,45150,45550,621,-0.0010964912280702066
2022-10-21,45000,45500,42000,42500,3819,-0.06695938529088918
2022-10-24,42950,43700,42550,43700,668,0.028235294117647136
2022-10-25,43700,44000,41700,44000,412,0.006864988558352492
2022-10-26,44000,44400,41500,42600,1509,-0.03181818181818186
2022-10-27,42950,43150,42100,42950,473,0.008215962441314506
2022-10-28,43100,43900,42850,43250,159,0.006984866123399325
2022-10-31,43300,44400,42550,43300,108,0.0011560693641619046
2022-11-01,43900,43950,42500,43500,110,0.004618937644341736
2022-11-02,43000,44000,42000,43550,609,0.0011494252873562871
2022-11-03,43550,44000,43200,43900,307,0.008036739380022917
2022-11-04,44100,44350,44100,44200,43,0.006833712984054774
2022-11-07,44000,44600,43500,44500,480,0.006787330316742057
2022-11-08,44700,45800,44000,45300,593,0.01797752808988773
2022-11-09,45950,45950,44500,45500,555,0.004415011037527616
2022-11-10,45200,45600,44200,44750,205,-0.016483516483516536
2022-11-11,45050,45800,44000,44000,566,-0.016759776536312887
2022-11-14,44750,45750,44100,45450,833,0.03295454545454546
2022-11-15,46000,46000,44450,45400,742,-0.0011001100110010764
2022-11-16,45400,45800,44200,45800,455,0.008810572687224738
2022-11-17,45700,45750,44500,45400,545,-0.008733624454148492
2022-11-18,45400,45400,44500,45000,287,-0.008810572687224627
2022-11-21,45000,45000,43600,43600,509,-0.03111111111111109
2022-11-22,44450,44450,43450,44200,215,0.013761467889908285
2022-11-23,44200,44700,43600,44000,770,-0.004524886877828038
2022-11-24,44000,44000,43500,43500,142,-0.011363636363636354
2022-11-25,43550,43550,42950,43200,548,-0.006896551724137945
2022-11-28,43150,43850,42850,43650,327,0.01041666666666674
2022-11-29,43600,44450,43550,44250,406,0.013745704467353903
2022-11-30,44250,44900,43400,44900,340,0.014689265536723228
2022-12-01,44850,45000,44500,44600,556,-0.006681514476614692
2022-12-02,44800,44800,44300,44500,34,-0.0022421524663677195
2022-12-05,44300,44600,43800,44350,274,-0.003370786516853963
2022-12-06,44200,44200,43400,43400,233,-0.021420518602029315
2022-12-07,43300,44000,43250,43800,303,0.009216589861751112
2022-12-08,43350,44300,43300,44250,528,0.010273972602739656
2022-12-09,44300,44300,43600,44100,43,-0.003389830508474523
2022-12-12,44000,44000,43500,43500,485,-0.013605442176870763
2022-12-13,43950,44300,43300,44150,577,0.014942528735632177
2022-12-14,44050,44050,43700,44050,215,-0.0022650056625141968
2022-12-15,44050,44200,42850,42850,620,-0.02724177071509648
2022-12-16,42450,43350,42450,43100,497,0.005834305717619559
2022-12-19,43100,43250,42650,43150,68,0.0011600928074246841
2022-12-20,43150,43150,43000,43050,207,-0.002317497103128674
2022-12-21,43050,43100,42950,43000,201,-0.0011614401858304202
2022-12-22,42950,43500,42750,43200,90,0.0046511627906977715
2022-12-23,42800,43000,42300,42800,283,-0.0092592592592593
2022-12-26,42400,43250,42200,42200,458,-0.014018691588784993
2022-12-27,42100,42750,42100,42400,276,0.004739336492890933
2022-12-28,42250,42400,41700,42400,146,0.0
2022-12-29,42400,43750,41750,42400,365,0.0
2023-01-02,42500,42500,41200,41900,288,-0.011792452830188704
2023-01-03,41900,42300,41200,42250,766,0.00835322195704058
2023-01-04,42250,42750,41600,42500,276,0.00591715976331364
2023-01-05,42850,43000,42200,42500,424,0.0
2023-01-06,42750,43400,42600,42700,93,0.004705882352941115
2023-01-09,43400,43500,42000,42700,661,0.0
2023-01-10,42950,43050,41950,42250,379,-0.010538641686182681
2023-01-11,42650,42850,42100,42850,235,0.014201183431952646
2023-01-12,42850,43000,42450,42650,138,-0.004667444574095736
2023-01-13,42900,42900,42500,42700,49,0.0011723329425556983
2023-01-16,42700,43000,42100,43000,242,0.007025761124121788
2023-01-17,43000,43000,42750,43000,326,0.0
2023-01-18,43000,43000,42100,42950,529,-0.0011627906976744429
2023-01-19,42950,43000,42400,42900,396,-0.0011641443538998875
2023-01-20,42850,43000,42300,42900,1088,0.0
2023-01-25,42950,43000,42350,42800,217,-0.002331002331002363
2023-01-26,42450,42850,42400,42800,509,0.0
2023-01-27,42800,43200,42500,42850,279,0.001168224299065379
2023-01-30,42950,42950,42550,42800,218,-0.001166861143523934
2023-01-31,42800,42800,42400,42700,165,-0.002336448598130869
2023-02-01,42650,42750,42300,42750,391,0.0011709601873535203
2023-02-02,42750,42900,42150,42500,635,-0.005847953216374324
2023-02-03,42500,42550,42250,42500,624,0.0
2023-02-06,42500,42850,42400,42750,184,0.00588235294117645
2023-02-07,42450,42750,42350,42650,218,-0.002339181286549752
2023-02-08,42650,42700,42300,42550,109,-0.0023446658851113966
2023-02-09,42400,42950,42150,42250,338,-0.007050528789659172
2023-02-10,42300,42300,41950,42200,323,-0.0011834319526626835
2023-02-13,42200,42300,41850,42200,601,0.0
2023-02-14,42450,42450,41800,42100,699,-0.0023696682464454666
2023-02-15,41850,42050,40200,41500,887,-0.014251781472684133
2023-02-16,41500,42000,41050,41900,243,0.009638554216867545
2023-02-17,41900,42000,41000,41950,164,0.0011933174224343368
2023-02-20,41900,42000,41850,41950,259,0.0
2023-02-21,42400,42400,41450,41450,262,-0.011918951132300348
2023-02-22,41450,41500,41050,41450,80,0.0
2023-02-23,41100,41400,40500,41350,881,-0.0024125452352231624
2023-02-24,41300,41350,40700,41150,540,-0.0048367593712213
2023-02-27,41150,41200,39850,40500,837,-0.015795868772782495
2023-02-28,40600,40600,39600,39850,1326,-0.016049382716049387
2023-03-02,39850,39950,39450,39850,871,0.0
2023-03-03,39850,40200,39800,40100,213,0.006273525721455453
2023-03-06,41800,41900,40350,40350,852,0.006234413965087171
2023-03-07,40350,40750,40150,40150,205,-0.00495662949194553
2023-03-08,40050,40400,39800,39800,308,-0.008717310087173136
2023-03-09,39850,40100,39500,39950,459,0.0037688442211054607
2023-03-10,39950,39950,39350,39600,176,-0.008760951188986232
2023-03-13,39500,39600,38800,39400,189,-0.005050505050505083
2023-03-14,39500,39500,38750,39150,457,-0.006345177664974666
2023-03-15,39100,39550,38500,39450,425,0.00766283524904221
2023-03-16,39600,39600,38500,39100,215,-0.008871989860583018
2023-03-17,39200,39900,38800,39900,506,0.020460358056265893
2023-03-20,39350,40200,39350,39900,270,0.0
2023-03-21,40100,40300,39450,39950,127,0.0012531328320801727
2023-03-22,40300,40650,39800,40150,299,0.005006257822277815
2023-03-23,39700,40100,39150,39950,166,-0.00498132004981322
2023-03-24,39500,39800,39250,39600,360,-0.008760951188986232
2023-03-27,39650,39800,39050,39800,157,0.005050505050504972
2023-03-28,39800,40350,39650,40350,372,0.013819095477386911
2023-03-29,40500,40500,39200,39500,409,-0.02106567534076831
2023-03-30,39500,40200,39000,40050,383,0.013924050632911467
2023-03-31,40000,40500,39150,39150,692,-0.022471910112359605
2023-04-03,39450,39500,38900,39300,427,0.003831417624521105
2023-04-04,39500,40100,38400,39950,957,0.01653944020356235
2023-04-05,40650,40650,39500,40400,400,0.01126408010012514
2023-04-06,40400,40650,39800,40000,235,-0.00990099009900991
2023-04-07,40300,41450,39600,41100,1838,0.02750000000000008
2023-04-10,41000,41150,40400,40850,1037,-0.006082725060827299
2023-04-11,40300,41100,40100,41050,887,0.004895960832313362
2023-04-12,41400,41400,40500,41000,101,-0.0012180267965895553
2023-04-13,41000,41100,40500,40900,968,-0.0024390243902439046
2023-04-14,40500,41350,40500,41050,450,0.003667481662591676
2023-04-17,41050,41400,40000,40400,695,-0.015834348355663774
2023-04-18,40000,40750,39250,39750,1488,-0.016089108910891103
2023-04-19,39350,40000,39350,40000,667,0.0062893081761006275
2023-04-20,39700,40000,39650,39950,413,-0.0012499999999999734
2023-04-21,40200,40250,39700,40200,941,0.006257822277847325
2023-04-24,40200,40200,39650,40000,985,-0.00497512437810943
2023-04-25,39950,39950,39450,39850,167,-0.003750000000000031
2023-04-26,39150,39850,39000,39850,610,0.0
2023-04-27,39850,40400,39300,39950,268,0.0025094102885820924
2023-04-28,40000,40500,39850,40250,70,0.007509386733416834
2023-05-02,40250,40350,39550,40350,245,0.00248447204968949
2023-05-03,40350,40350,39450,40300,110,-0.0012391573729864103
2023-05-04,40300,40400,40000,40300,300,0.0
2023-05-08,40350,40350,39550,40300,193,0.0
2023-05-09,39900,40500,39900,40350,52,0.001240694789081953
2023-05-10,40400,40400,39500,40100,171,-0.006195786864931829
2023-05-11,40300,40300,39300,40250,314,0.0037406483790523026
2023-05-12,40300,40300,39600,39600,303,-0.016149068322981353
2023-05-15,40000,48750,40000,42750,135861,0.07954545454545459
2023-05-16,41750,42100,39800,40150,18486,-0.06081871345029244
2023-05-17,40100,40300,39500,40100,4041,-0.001245330012453305
2023-05-18,40200,40250,39600,39800,6828,-0.007481296758104716
2023-05-19,39700,40200,39500,40200,1947,0.01005025125628145
2023-05-22,40150,40300,39700,40100,1292,-0.0024875621890547706
2023-05-23,40150,40200,39800,40100,667,0.0
2023-05-24,40250,40250,39750,40050,477,-0.0012468827930174342
2023-05-25,40050,40200,39950,40050,1162,0.0
2023-05-26,39850,40250,39850,40100,1196,0.0012484394506866447
2023-05-30,39900,40250,39550,39900,2107,-0.004987531172069848
2023-05-31,39600,40000,39600,40000,294,0.0025062656641603454
2023-06-01,40000,40500,40000,40250,949,0.006250000000000089
2023-06-02,40250,40650,39750,40450,817,0.00496894409937898
2023-06-05,40200,40450,39750,40150,558,-0.007416563658838027
2023-06-07,40100,40900,40000,40400,609,0.0062266500622665255
2023-06-08,40000,40800,40000,40450,756,0.0012376237623761277
2023-06-09,40450,40750,39750,40650,1278,0.0049443757725586845
2023-06-12,40100,40650,39900,40100,684,-0.013530135301353052
2023-06-13,40100,40550,39950,40300,277,0.004987531172069737
2023-06-14,40350,40350,39900,40100,589,-0.00496277915632759
2023-06-15,39950,40150,39500,39950,567,-0.0037406483790524137
2023-06-16,40100,40200,39800,40050,815,0.0025031289111390187
2023-06-19,40450,40500,39900,40300,951,0.006242197253433224
2023-06-20,40300,40450,39950,40250,412,-0.001240694789081842
2023-06-21,40250,40250,40000,40150,1001,-0.00248447204968949
2023-06-22,40000,40300,39650,40150,639,0.0
2023-06-23,40150,40850,39400,39700,3352,-0.011207970112079746
2023-06-26,39650,39700,38600,39200,1601,-0.012594458438287104
2023-06-27,38600,39450,38600,39200,89,0.0
2023-06-28,39100,39100,38950,39050,94,-0.003826530612244916
2023-06-29,38400,38400,38050,38050,711,-0.025608194622279146
2023-06-30,37900,37900,37100,37650,885,-0.010512483574244391
2023-07-03,37650,37950,37650,37750,289,0.0026560424966799445
2023-07-04,37650,38000,37550,37550,294,-0.005298013245033095
2023-07-05,37700,37700,37550,37550,66,0.0
2023-07-06,37900,37900,37100,37300,554,-0.0066577896138482195
2023-07-07,37300,37300,37050,37300,69,0.0
2023-07-10,37300,37300,37000,37000,243,-0.008042895442359255
2023-07-11,36800,38100,36550,37250,116,0.006756756756756799
2023-07-12,36850,36900,36000,36700,1138,-0.014765100671140896
2023-07-13,37250,38450,36500,37600,709,0.02452316076294281
2023-07-14,38350,38350,36550,37800,255,0.005319148936170137
2023-07-17,38100,38100,36800,37900,699,0.002645502645502562
2023-07-18,37950,38300,37500,37850,112,-0.0013192612137202797
2023-07-19,37850,37850,36500,36500,418,-0.03566710700132103
2023-07-20,36550,37900,36100,36750,223,0.006849315068493178
2023-07-21,37350,37350,36200,36800,322,0.0013605442176871652
2023-07-24,35750,36800,35750,36700,1184,-0.0027173913043477826
2023-07-25,36700,36700,36150,36550,343,-0.004087193460490468
2023-07-26,36050,37050,35400,36000,465,-0.015047879616963078
2023-07-27,35150,36700,35100,36050,1213,0.001388888888888884
2023-07-28,35500,36050,34800,35150,1143,-0.02496532593619971
2023-07-31,35700,35700,35050,35400,413,0.007112375533428139
2023-08-01,35750,36350,35550,36350,588,0.026836158192090398
2023-08-02,35800,36950,35650,36650,91,0.008253094910591452
2023-08-03,36600,38000,36200,38000,458,0.03683492496589369
2023-08-04,37000,38100,37000,37950,296,-0.001315789473684159
2023-08-07,38100,38100,36700,36700,1509,-0.03293807641633728
2023-08-08,37100,37100,35650,36150,471,-0.01498637602179842
2023-08-09,36250,36850,35600,36000,1547,-0.004149377593360981
2023-08-10,36000,37650,36000,37200,420,0.03333333333333344
2023-08-11,37650,37650,36750,37450,337,0.006720430107526987
2023-08-14,37450,37450,36850,37450,187,0.0
2023-08-16,37450,37650,36250,37600,955,0.004005340453938633
2023-08-17,36200,38000,35800,37550,1643,-0.0013297872340425343
2023-08-18,37650,37650,37100,37650,138,0.0026631158455392434
2023-08-21,37900,38000,36400,37400,628,-0.006640106241699861
2023-08-22,37800,37800,37400,37450,47,0.0013368983957218195
2023-08-23,37650,37650,36850,36850,104,-0.01602136181575431
2023-08-24,36900,36900,36800,36800,123,-0.0013568521031207537
2023-08-25,37100,37100,37000,37000,20,0.005434782608695565
2023-08-28,37000,37350,36500,37000,48,0.0
2023-08-29,36950,36950,36700,36900,85,-0.002702702702702675
2023-08-30,36900,37050,36550,36900,55,0.0
2023-08-31,36900,38500,36550,36550,826,-0.009485094850948506
2023-09-01,35900,36550,35900,36350,1142,-0.005471956224350261
2023-09-04,36350,36350,35700,36250,91,-0.0027510316368638543
2023-09-05,35800,36900,35750,36750,44,0.01379310344827589
2023-09-06,36750,36750,35550,35600,513,-0.03129251700680269
2023-09-07,35600,35900,35000,35750,1567,0.004213483146067398
2023-09-08,35250,35950,35100,35950,391,0.005594405594405494
2023-09-11,35150,35950,34900,35600,866,-0.009735744089012566
2023-09-12,35350,35900,34700,34750,1499,-0.023876404494381998
2023-09-13,34750,35050,34700,35000,313,0.007194244604316502
2023-09-14,35000,35800,34700,34950,1144,-0.0014285714285714457
2023-09-15,35050,35150,34700,34950,385,0.0
2023-09-18,35550,35550,34700,35300,843,0.010014306151645114
2023-09-19,35400,35400,34850,35350,301,0.0014164305949009304
2023-09-20,35050,35500,34550,35450,752,0.0028288543140029265
2023-09-21,35050,35700,34700,34700,796,-0.021156558533145242
2023-09-22,34700,35950,34650,35250,581,0.015850144092218965
2023-09-25,36150,36150,34950,35350,92,0.0028368794326241176
2023-09-26,35100,35300,34600,35200,185,-0.004243281471004279
2023-09-27,35150,35900,35100,35300,127,0.0028409090909091717
2023-10-04,35100,35150,34450,34750,386,-0.015580736543909346
2023-10-05,34800,35800,34700,35550,147,0.02302158273381294
2023-10-06,35050,35350,34400,35250,669,-0.008438818565400852
2023-10-10,35200,35450,34800,35400,202,0.004255319148936065
2023-10-11,35350,35400,35300,35300,508,-0.0028248587570621764
2023-10-12,35050,35250,34900,35100,568,-0.005665722379603388
2023-10-13,35100,35250,34850,35150,141,0.0014245014245013454
2023-10-16,34900,34900,34100,34750,1018,-0.011379800853485111
2023-10-17,34750,35400,34200,35400,422,0.018705035971223083
2023-10-18,35300,35300,34700,35050,77,-0.009887005649717562
2023-10-19,35100,35100,33850,34300,756,-0.021398002853067033
2023-10-20,34200,34250,33200,33750,1413,-0.01603498542274051
2023-10-23,33000,33500,32700,33250,945,-0.014814814814814836
2023-10-24,33800,33800,32750,33500,126,0.007518796992481258
2023-10-25,33800,33800,32800,33650,670,0.004477611940298498
2023-10-26,33650,33650,33100,33600,64,-0.0014858841010401136
2023-10-27,33600,33650,32900,33300,649,-0.008928571428571397
2023-10-30,33300,33800,33000,33450,136,0.0045045045045044585
2023-10-31,34000,34050,33200,33950,202,0.014947683109117982
2023-11-01,34200,34200,33650,33950,167,0.0
2023-11-02,33150,34350,33150,34000,87,0.0014727540500736325
2023-11-03,34300,34300,33950,34100,34,0.002941176470588225
2023-11-06,34600,34600,33600,34250,158,0.004398826979472137
2023-11-07,34250,35000,33950,34400,76,0.004379562043795637
2023-11-08,34450,34650,33750,34650,198,0.007267441860465018
2023-11-09,34750,35000,34750,34950,213,0.008658008658008587
2023-11-10,34950,35900,34250,35550,586,0.01716738197424883
2023-11-13,35000,36000,35000,35600,341,0.0014064697609001975
2023-11-14,35600,35600,35050,35550,359,-0.001404494382022503
2023-11-15,35550,35950,35200,35500,127,-0.0014064697609000865
2023-11-16,35450,35450,34950,35200,129,-0.008450704225352101
2023-11-17,35000,35450,34850,35250,739,0.0014204545454545858
2023-11-20,35250,35250,34850,35200,125,-0.0014184397163120588
2023-11-21,34850,36000,34800,35500,2003,0.008522727272727293
2023-11-22,35500,35750,35100,35550,213,0.0014084507042253502
2023-11-23,35550,36000,35150,35400,347,-0.00421940928270037
2023-11-24,35400,35400,35150,35400,87,0.0
2023-11-27,34250,35400,34250,35400,353,0.0
2023-11-28,35400,36000,35050,35400,179,0.0
2023-11-29,35900,35900,35000,35500,419,0.0028248587570620654
2023-11-30,35150,35600,34400,35600,345,0.0028169014084507005
2023-12-01,35150,35950,34900,34900,1012,-0.0196629213483146
2023-12-04,36350,36350,34900,35600,542,0.02005730659025784
2023-12-05,35400,35950,35250,35750,471,0.004213483146067398
2023-12-06,35750,36100,35300,35750,539,0.0
2023-12-07,35400,36350,35100,36100,935,0.009790209790209836
2023-12-08,36050,36150,35800,35950,391,-0.0041551246537395725
2023-12-11,35800,36600,35300,36300,1602,0.009735744089012455
2023-12-12,36600,36600,35750,36350,526,0.0013774104683195176
2023-12-13,36350,36350,36000,36250,162,-0.0027510316368638543
2023-12-14,36500,36500,35800,36100,511,-0.004137931034482789
2023-12-15,36300,36300,35700,35900,539,-0.005540166204986097
2023-12-18,35900,36050,35650,36050,423,0.00417827298050133
2023-12-19,36000,36900,35850,36250,259,0.00554785020804438
2023-12-20,36500,36500,36000,36250,1502,0.0
2023-12-21,36250,36250,35800,36100,697,-0.004137931034482789
2023-12-22,36100,37500,35500,36750,908,0.018005540166204925
2023-12-26,36750,37200,36250,37100,14500,0.00952380952380949
2023-12-27,37100,37200,36300,37000,241,-0.0026954177897574594
2023-12-28,37450,37450,36650,37000,187,0.0
2024-01-02,36550,37100,35500,35950,726,-0.02837837837837842
2024-01-03,36000,36200,35600,35850,14035,-0.0027816411682892728
2024-01-04,36150,36400,35400,35950,251,0.002789400278939924
2024-01-05,36100,36100,35500,36000,108,0.0013908205841446364
2024-01-08,36700,36700,35650,35850,245,-0.004166666666666652
2024-01-09,36200,36200,35450,35900,296,0.001394700139470073
2024-01-10,36250,36250,35000,36000,240,0.0027855153203342198
2024-01-11,35600,36150,35500,35900,189,-0.002777777777777768
2024-01-12,35900,36200,35600,36000,270,0.0027855153203342198
2024-01-15,36450,36450,35000,35800,377,-0.005555555555555536
2024-01-16,36000,36000,34550,35750,211,-0.0013966480446927498
2024-01-17,35800,35800,34600,35000,617,-0.020979020979020935
2024-01-18,34950,35000,34950,35000,75,0.0
2024-01-19,35000,35100,34450,34800,380,-0.005714285714285672
2024-01-22,35000,35000,34250,34700,256,-0.002873563218390829
2024-01-23,34700,34700,34400,34600,191,-0.0028818443804035088
2024-01-24,34900,34900,34400,34600,62,0.0
2024-01-25,34650,34650,34150,34650,63,0.0014450867052022698
2024-01-26,35100,35100,34450,34750,156,0.0028860028860029363
2024-01-29,34750,36050,34750,36000,1184,0.03597122302158273
2024-01-30,36050,37000,35500,36700,2664,0.019444444444444375
2024-01-31,36800,37100,35700,37050,916,0.0095367847411445
2024-02-01,37250,41950,37200,38050,36587,0.026990553306342813
2024-02-02,38000,38000,36500,37450,3394,-0.015768725361366642
2024-02-05,37900,37900,36500,37150,1260,-0.008010680907877155
2024-02-06,37250,37250,35800,36600,871,-0.014804845222072704
2024-02-07,37100,37650,36300,37650,1206,0.028688524590164022
2024-02-08,37700,37950,37100,37400,1193,-0.006640106241699861
2024-02-13,37350,37700,36500,37300,599,-0.002673796791443861
2024-02-14,37400,37400,36050,36050,967,-0.03351206434316356
2024-02-15,36150,36650,35750,35750,477,-0.00832177531206657
2024-02-16,35800,38100,35800,36750,618,0.027972027972027913
2024-02-19,37000,38100,36700,36700,1519,-0.0013605442176870541
2024-02-20,36850,37450,36500,37050,718,0.0095367847411445
2024-02-21,36500,37400,36500,37100,214,0.0013495276653170407
2024-02-22,37000,38100,36500,37100,582,0.0
2024-02-23,37800,37800,36350,37200,326,0.0026954177897573484
2024-02-26,37150,37150,36450,37000,145,-0.005376344086021501
2024-02-27,37000,37000,36250,36650,315,-0.009459459459459474
2024-02-28,36650,36650,36250,36650,258,0.0
2024-02-29,36550,37850,36300,37200,556,0.01500682128240105
2024-03-04,37000,37050,35600,35600,809,-0.043010752688172005
2024-03-05,35900,36350,35850,36150,147,0.015449438202247201
2024-03-06,36350,36350,35700,36150,103,0.0
2024-03-07,35800,36400,35700,36300,423,0.004149377593360981
2024-03-08,35900,36150,35450,35950,500,-0.009641873278236957
2024-03-11,35950,35950,35600,35950,430,0.0
2024-03-12,35950,35950,35000,35700,858,-0.006954102920723182
2024-03-13,35700,35900,35100,35800,182,0.0028011204481792618
2024-03-14,36050,36050,35350,35950,133,0.0041899441340782495
2024-03-15,35350,36500,35000,35800,1401,-0.004172461752433909
2024-03-18,35800,36150,35550,36100,98,0.008379888268156499
2024-03-19,36050,36350,35600,35850,110,-0.006925207756232732
2024-03-20,35850,36300,35500,36000,142,0.004184100418409997
2024-03-21,36300,36300,35900,36050,285,0.001388888888888884
2024-03-22,36150,36250,35850,36100,277,0.001386962552011095
2024-03-25,36100,36100,35700,36050,79,-0.0013850415512465242
2024-03-26,36800,36800,35750,36050,49,0.0
2024-03-27,36050,36200,35450,35900,307,-0.004160887656033285
2024-03-28,36050,36050,35750,35850,239,-0.0013927576601671099
2024-03-29,36200,36700,35550,35900,167,0.001394700139470073
2024-04-01,36150,36150,35600,35850,414,-0.0013927576601671099
2024-04-02,35750,35850,35500,35700,235,-0.004184100418409997
2024-04-03,35500,35700,35150,35400,256,-0.008403361344537785
2024-04-04,35200,36000,35150,35500,280,0.0028248587570620654
2024-04-05,35350,35500,34950,35500,471,0.0
2024-04-08,35500,35900,34550,34950,824,-0.015492957746478853
2024-04-09,35050,35500,35050,35500,162,0.01573676680972813
2024-04-11,35500,35500,34500,34700,198,-0.022535211267605604
2024-04-12,34600,35000,34100,34400,520,-0.008645533141210415
2024-04-15,34400,34400,34100,34400,1313,0.0
2024-04-16,34150,34350,34050,34250,133,-0.0043604651162790775
2024-04-17,34300,34300,34150,34250,15,0.0
2024-04-18,34250,34700,34100,34700,513,0.013138686131386912
2024-04-19,34700,35000,34150,34700,54,0.0
2024-04-22,35500,35500,34300,35150,240,0.012968299711815456
2024-04-23,35900,35900,34950,35600,68,0.012802275960170695
2024-04-24,35600,35900,35050,35700,223,0.002808988764045006
2024-04-25,35700,35900,35200,35450,97,-0.007002801120448154
2024-04-26,35800,35800,35000,35700,322,0.007052186177715081
2024-04-29,35700,36200,35500,36100,919,0.011204481792717047
2024-04-30,36050,36100,35300,35650,625,-0.012465373961218829
2024-05-02,35600,35600,35300,35600,314,-0.0014025245441795509
2024-05-03,35750,35750,35250,35600,199,0.0
2024-05-07,36000,36000,35300,35650,463,0.001404494382022392
2024-05-08,35600,35950,35350,35500,49,-0.0042075736325385416
2024-05-09,35650,35800,35250,35450,138,-0.0014084507042253502
2024-05-10,35500,35950,35100,35250,143,-0.005641748942172065
2024-05-13,35250,35250,34700,35050,163,-0.005673758865248235
2024-05-14,35050,35100,34550,35050,222,0.0
2024-05-16,35150,35300,34900,35050,206,0.0
2024-05-17,35200,35700,34800,35050,183,0.0
2024-05-20,35050,35400,34950,35350,241,0.008559201141226769
2024-05-21,35350,35400,35000,35200,143,-0.004243281471004279
2024-05-22,35200,36000,35200,35300,98,0.0028409090909091717
2024-05-23,35050,35850,34900,35650,120,0.009915014164305846
2024-05-24,36000,36000,35100,35650,58,0.0
2024-05-27,35650,35650,35000,35400,93,-0.007012622720897643
2024-05-28,35350,35400,34650,35250,207,-0.004237288135593209
2024-05-29,35100,35650,34950,35650,236,0.01134751773049647
2024-05-30,35150,35650,34800,35550,322,-0.0028050490883591017
2024-05-31,35550,35650,35000,35600,125,0.0014064697609001975
2024-06-03,35750,36000,34850,35500,1212,-0.002808988764044895
2024-06-04,35500,35500,34700,35050,616,-0.012676056338028152
2024-06-05,35300,35300,34950,35300,98,0.007132667617689048
2024-06-07,35300,35950,35100,35650,1591,0.009915014164305846
2024-06-10,35250,36000,34200,35900,540,0.007012622720897532
2024-06-11,35650,36000,35050,35900,137,0.0
2024-06-12,35900,35900,35150,35800,162,-0.0027855153203342198
2024-06-13,35800,35850,35300,35800,899,0.0
2024-06-14,35200,36000,35200,35750,187,-0.0013966480446927498
2024-06-17,35750,35750,34450,35400,602,-0.009790209790209836
2024-06-18,35400,35650,35000,35650,838,0.007062146892655274
2024-06-19,35650,35750,35250,35650,244,0.0
2024-06-20,36000,36000,35250,35750,276,0.0028050490883591017
2024-06-21,35750,35750,35200,35750,181,0.0
2024-06-24,35750,35750,35250,35600,127,-0.004195804195804231
2024-06-25,35600,35600,35250,35600,199,0.0
2024-06-26,35300,35700,35250,35700,163,0.002808988764045006
2024-06-27,35300,35650,35250,35650,49,-0.0014005602240896309
2024-06-28,35700,35700,35250,35650,930,0.0
2024-07-01,35700,35700,35350,35600,68,-0.0014025245441795509
2024-07-02,35600,35700,35400,35600,15,0.0
2024-07-03,35400,35700,35100,35300,141,-0.008426966292134797
2024-07-04,35400,35850,35100,35450,147,0.004249291784702569
2024-07-05,35450,35500,34400,35000,998,-0.012693935119887145
2024-07-08,35300,35400,34850,35400,154,0.011428571428571344
2024-07-09,35400,35600,35200,35500,52,0.0028248587570620654
2024-07-10,35850,35850,35150,35500,74,0.0
2024-07-11,35300,35850,35200,35550,163,0.0014084507042253502
2024-07-12,35250,35500,34600,35350,573,-0.005625879043600568
2024-07-15,35300,35300,35050,35250,74,-0.0028288543140028155
2024-07-16,35050,35200,35050,35200,80,-0.0014184397163120588
2024-07-17,35200,35200,35050,35200,52,0.0
2024-07-18,35200,35400,35050,35300,86,0.0028409090909091717
2024-07-19,35450,35450,35100,35400,65,0.0028328611898016387
2024-07-22,35100,35450,35100,35450,126,0.0014124293785311437
2024-07-23,35500,35500,35200,35450,65,0.0
2024-07-24,35200,35500,35200,35450,50,0.0
2024-07-25,35200,35500,34900,35150,352,-0.008462623413258097
2024-07-26,34950,35150,34750,34950,463,-0.005689900426742556
2024-07-29,34950,35050,34700,35000,265,0.0014306151645206988
2024-07-30,35000,35000,34800,35000,127,0.0
2024-07-31,35000,35200,34800,35050,138,0.0014285714285713347
2024-08-01,34800,35750,34750,34850,891,-0.005706134094151216
2024-08-02,34800,35050,34500,34500,857,-0.010043041606886627
2024-08-05,34500,34600,30300,32400,1485,-0.060869565217391286
2024-08-06,32600,33750,31850,33300,387,0.02777777777777768
2024-08-07,33700,33700,33050,33600,890,0.009009009009008917
2024-08-08,33600,33600,33300,33600,33,0.0
2024-08-09,33200,33800,33200,33800,394,0.005952380952380931
2024-08-12,33950,33950,33400,33550,144,-0.007396449704141994
2024-08-13,33700,33700,33000,33250,146,-0.008941877794336861
2024-08-14,33150,33400,32450,33000,316,-0.007518796992481258
2024-08-16,33000,33300,32950,33150,63,0.00454545454545463
2024-08-19,33450,33450,32900,33200,276,0.0015082956259426794
2024-08-20,33350,33450,33100,33450,112,0.0075301204819278045
2024-08-21,33450,33500,33000,33500,64,0.001494768310911887
2024-08-22,33450,33450,33000,33250,122,-0.007462686567164201
2024-08-23,33200,33300,32800,33250,60,0.0
2024-08-26,33250,33250,32600,33000,208,-0.007518796992481258
2024-08-27,32950,33450,32650,33450,463,0.013636363636363669
2024-08-28,33450,33500,33100,33500,126,0.001494768310911887
2024-08-29,33450,33450,33450,33450,34,-0.0014925373134327957
2024-08-30,33450,33450,32700,33000,547,-0.013452914798206317
2024-09-02,33000,33000,32700,33000,154,0.0
2024-09-03,32950,33000,32950,33000,49,0.0
2024-09-04,33150,33150,32300,32650,225,-0.010606060606060619
2024-09-05,32700,32900,32250,32650,256,0.0
2024-09-06,32700,32700,31700,32450,218,-0.006125574272588086
2024-09-09,32500,32500,31800,32300,140,-0.0046224961479198745
2024-09-10,32000,32500,31650,31900,331,-0.012383900928792602
2024-09-11,32000,32000,31950,32000,60,0.0031347962382444194
2024-09-12,32150,32200,31650,32000,110,0.0
2024-09-13,32200,32300,31100,32000,808,0.0
2024-09-19,32000,32000,31550,31900,45,-0.0031250000000000444
2024-09-20,32000,32000,31700,32000,86,0.0031347962382444194
2024-09-23,32000,32000,31800,31800,277,-0.006249999999999978
2024-09-24,31950,31950,31750,31800,74,0.0
2024-09-25,31950,31950,30950,31600,258,-0.0062893081761006275
2024-09-26,31600,31850,31450,31750,676,0.004746835443038
2024-09-27,31550,31900,30600,31350,1689,-0.012598425196850394
2024-09-30,31750,31750,31250,31500,155,0.004784688995215225
2024-10-02,31450,31700,31300,31500,145,0.0
2024-10-04,31600,31750,31300,31650,194,0.004761904761904745
2024-10-07,31500,31900,30800,31450,584,-0.006319115323854652
2024-10-08,31400,31700,31300,31300,225,-0.004769475357710662
2024-10-10,31000,31500,31000,31450,89,0.004792332268370503
2024-10-11,31400,31450,31200,31400,103,-0.0015898251192368873
2024-10-14,31400,31450,30850,31300,229,-0.0031847133757961776
2024-10-15,31250,31250,30650,31000,779,-0.009584664536741228
2024-10-16,31300,31300,30750,30950,1028,-0.001612903225806428
2024-10-17,30900,31150,30850,31000,293,0.001615508885298933
2024-10-18,30550,31200,30250,30850,936,-0.004838709677419395
2024-10-21,30850,30850,30200,30800,521,-0.0016207455429497752
2024-10-22,30750,30800,30000,30450,1556,-0.011363636363636354
2024-10-23,30250,30500,30250,30500,169,0.0016420361247948545
2024-10-24,30650,30650,29100,29900,3634,-0.01967213114754096
2024-10-25,30000,30000,29250,29950,114,0.0016722408026756952
2024-10-28,29950,30050,28400,30000,696,0.0016694490818029983
2024-10-29,30000,30000,29600,30000,189,0.0
2024-10-30,30100,30100,29750,29950,447,-0.0016666666666667052
2024-10-31,29950,29950,29750,29950,306,0.0
2024-11-01,30150,30150,29500,29950,271,0.0
2024-11-04,30000,30050,29550,30000,122,0.0016694490818029983
2024-11-05,30000,30150,29750,30000,97,0.0
2024-11-06,30050,30150,30050,30100,119,0.0033333333333334103
2024-11-07,30150,30250,29700,30250,234,0.004983388704318914
2024-11-08,30250,30400,30100,30400,39,0.0049586776859504855
2024-11-11,30000,30350,29250,29750,539,-0.021381578947368474
2024-11-12,29550,29900,29550,29800,191,0.001680672268907557
2024-11-13,29500,29800,29200,29600,270,-0.006711409395973145
2024-11-14,29600,29600,29350,29550,82,-0.0016891891891891442
2024-11-15,29550,29900,29250,29450,219,-0.0033840947546531774
2024-11-18,29300,29450,28850,28950,394,-0.01697792869269954
2024-11-19,29050,29050,28450,28750,2234,-0.006908462867012077
2024-11-20,28750,28900,25950,28050,5736,-0.024347826086956514
2024-11-21,28300,28350,26250,28100,3121,0.0017825311942958333
2024-11-22,28100,28250,27350,28150,1404,0.001779359430605032
2024-11-25,28150,28200,27800,28150,1369,0.0
2024-11-26,28200,28200,27850,28100,975,-0.001776198934280604
2024-11-27,28400,28550,27950,28000,1299,-0.003558718861209953
2024-11-28,27700,28100,27700,28000,1606,0.0
2024-11-29,28100,28100,27750,28100,1172,0.0035714285714285587
2024-12-02,28200,28200,27300,27950,1575,-0.005338078291814985
2024-12-03,27550,27900,26950,27900,3746,-0.0017889087656529634
2024-12-04,28000,28000,27300,27300,809,-0.021505376344086002
2024-12-05,27500,28000,26950,27600,892,0.01098901098901095
2024-12-06,27050,27550,27050,27350,277,-0.009057971014492794
2024-12-09,27400,27400,26550,26900,660,-0.01645338208409508
2024-12-10,26600,28200,26150,27000,286,0.0037174721189590088
2024-12-11,27200,27200,26550,27000,538,0.0
2024-12-12,27000,27100,26500,27050,1186,0.0018518518518517713
2024-12-13,27050,27250,26750,27250,1268,0.007393715341959428
2024-12-16,27250,27500,26950,27000,354,-0.00917431192660545
2024-12-17,27200,28300,26900,27800,4157,0.029629629629629672
2024-12-18,28050,28050,27050,27650,967,-0.0053956834532373765
2024-12-19,27600,27600,27200,27400,268,-0.009041591320072317
2024-12-20,27550,27550,26500,26800,1021,-0.021897810218978075
2024-12-23,26900,27150,26700,27150,690,0.013059701492537323
2024-12-24,27150,27150,26650,26850,9431,-0.011049723756906049
2024-12-26,27000,27000,26400,26700,3288,-0.005586592178770999
2024-12-27,26500,26700,26450,26700,232,0.0
2024-12-30,26700,26800,26600,26750,235,0.001872659176029856
2025-01-02,26600,26750,26150,26400,298,-0.013084112149532756
2025-01-03,26400,26750,26150,26700,9163,0.011363636363636465
2025-01-06,26750,26750,26500,26700,231,0.0
2025-01-07,26700,26850,26300,26500,337,-0.0074906367041198685
2025-01-08,26550,26700,26350,26700,439,0.007547169811320753
2025-01-09,26600,26800,26200,26800,531,0.0037453183520599342
2025-01-10,26500,26900,26250,26550,530,-0.009328358208955279
2025-01-13,26300,26700,26250,26550,250,0.0
2025-01-14,26400,26600,26250,26450,169,-0.0037664783427495685
2025-01-15,26600,26600,25600,26000,1004,-0.017013232514177745
2025-01-16,26000,26000,25500,25950,671,-0.0019230769230769162
2025-01-17,25950,25950,25750,25950,122,0.0
2025-01-20,25950,26150,25550,26100,207,0.005780346820809301
2025-01-21,25900,26100,25800,26050,134,-0.0019157088122605526
2025-01-22,26200,26200,25450,26000,398,-0.0019193857965451588
2025-01-23,25950,26100,25700,25950,213,-0.0019230769230769162
2025-01-24,26000,26000,25350,25500,1050,-0.017341040462427793
2025-01-31,25500,25600,25150,25300,1766,-0.007843137254901933
2025-02-03,24950,25250,24850,25200,177,-0.0039525691699604515
2025-02-04,25250,25250,24700,24700,1140,-0.019841269841269882
2025-02-05,25150,25150,24350,24600,1170,-0.004048582995951455
2025-02-06,24750,24750,24250,24700,161,0.004065040650406582
2025-02-07,24700,24850,24500,24700,331,0.0
2025-02-10,24700,24850,24300,24750,252,0.002024291497975783
2025-02-11,24700,24750,24650,24750,47,0.0
2025-02-12,24750,24850,24650,24800,233,0.002020202020202033
2025-02-13,25000,25000,24450,24950,442,0.006048387096774244
2025-02-14,24900,25000,24800,24950,366,0.0
2025-02-17,24950,25150,24950,25100,780,0.006012024048096087
2025-02-18,25100,25200,25000,25150,92,0.0019920318725099584
2025-02-19,24850,25500,24650,25500,593,0.013916500994035852
2025-02-20,25500,25950,25200,25900,662,0.015686274509803866
2025-02-21,25900,26200,25450,26150,689,0.009652509652509744
2025-02-24,26200,26450,25250,25950,325,-0.007648183556405397
2025-02-25,26100,26750,25700,26250,464,0.011560693641618602
2025-02-26,26300,26600,26200,26600,327,0.01333333333333342
2025-02-27,26900,26900,26000,26900,300,0.011278195488721776
2025-02-28,26900,26900,25600,25600,1040,-0.048327137546468446
2025-03-04,25150,25700,25150,25650,435,0.001953125
2025-03-05,25650,26550,25650,26300,334,0.025341130604288553
2025-03-06,26950,26950,25350,26750,697,0.017110266159695797
2025-03-07,27000,27000,26200,26650,161,-0.0037383177570093906
2025-03-10,26900,27150,26200,27100,470,0.016885553470919357
2025-03-11,26800,26800,25300,26350,1143,-0.027675276752767486
2025-03-12,26800,26950,26250,26750,367,0.015180265654648917
2025-03-13,26750,26950,26300,26800,63,0.0018691588785046953
2025-03-14,27250,27250,26200,26950,275,0.005597014925373234
2025-03-17,26950,27000,26500,27000,189,0.0018552875695732052
2025-03-18,27450,27450,26500,26950,944,-0.0018518518518518823
2025-03-19,27400,27400,26750,27050,372,0.0037105751391466324
2025-03-20,27300,27300,26200,26400,305,-0.02402957486136781
2025-03-21,26500,27000,26050,27000,4543,0.022727272727272707
2025-03-24,26950,27250,26500,27100,5650,0.0037037037037037646
2025-03-25,26600,27100,26600,26900,58,-0.0073800738007380184
2025-03-26,26900,26900,26550,26900,68,0.0
2025-03-27,27250,27250,26700,27100,122,0.0074349442379182396
2025-03-28,26350,27100,26300,26900,177,-0.0073800738007380184
2025-03-31,26600,26850,26200,26600,9153,-0.01115241635687736
2025-04-01,26950,26950,26500,26700,59,0.003759398496240518
2025-04-02,26900,26900,25850,25850,1116,-0.03183520599250933
2025-04-03,25850,26000,25850,25900,17,0.0019342359767891004
2025-04-04,25250,26250,25150,26250,726,0.013513513513513598
2025-04-07,26000,26000,25100,25250,243,-0.03809523809523807
2025-04-08,25050,25800,25000,25000,161,-0.00990099009900991
2025-04-09,24100,25100,24000,24350,924,-0.026000000000000023
2025-04-10,24350,24700,24300,24700,155,0.014373716632443578
2025-04-11,24650,26000,24600,25500,250,0.03238866396761142
2025-04-14,25400,26000,24750,25300,168,-0.007843137254901933
2025-04-15,25300,25750,25050,25700,273,0.015810276679841806
2025-04-16,26000,26300,25150,25750,324,0.0019455252918287869
2025-04-17,25200,25700,24850,24850,662,-0.03495145631067964
2025-04-18,24750,24950,24500,24850,257,0.0
2025-04-21,24850,24850,24700,24850,137,0.0
