Date,Open,High,Low,Close,Volume,Change
2022-01-03,9076,9526,9076,9460,138861,0.042194557673240096
2022-01-04,9543,9677,9326,9677,155015,0.02293868921775899
2022-01-05,9710,9777,9177,9177,128316,-0.05166890565257831
2022-01-06,9059,9176,8776,9110,113430,-0.007300860847771595
2022-01-07,9126,9477,8659,8860,233536,-0.027442371020856227
2022-01-10,8826,8826,8392,8409,131559,-0.050902934537246036
2022-01-11,8425,8509,8175,8192,86257,-0.025805684385777128
2022-01-12,8141,8325,8141,8192,72737,0.0
2022-01-13,8209,8309,7942,8009,107371,-0.0223388671875
2022-01-14,7924,7924,7607,7658,110700,-0.04382569609189657
2022-01-17,7742,7742,7541,7642,64461,-0.0020893183598851284
2022-01-18,7641,8108,7424,8042,148684,0.052342318764721174
2022-01-19,7942,9377,7925,8176,879048,0.01666252176075611
2022-01-20,8126,8526,7992,8343,154794,0.020425636007827874
2022-01-21,8342,8408,7975,7975,73111,-0.04410883375284669
2022-01-24,8041,8041,7674,7775,102256,-0.025078369905956133
2022-01-25,7725,7842,7425,7425,106052,-0.045016077170418
2022-01-26,7341,7458,7141,7208,169473,-0.029225589225589266
2022-01-27,7324,7374,6607,6624,189913,-0.08102108768035521
2022-01-28,6623,6857,6456,6807,84954,0.027626811594202882
2022-02-03,6974,7041,6824,6941,54311,0.01968561774643751
2022-02-04,6940,7207,6773,7141,62962,0.028814291888776822
2022-02-07,7107,7207,6957,7074,52810,-0.009382439434252876
2022-02-08,7074,7374,6890,7074,76608,0.0
2022-02-09,7074,7141,7007,7141,43934,0.009471303364433137
2022-02-10,7158,7174,6841,7008,81879,-0.018624842459039392
2022-02-11,6941,6941,6607,6691,69707,-0.04523401826484019
2022-02-14,6457,6574,6240,6257,126926,-0.06486324914063668
2022-02-15,6256,6340,5756,5973,62675,-0.04538916413616745
2022-02-16,6107,6340,6040,6324,75176,0.058764439979909655
2022-02-17,6323,6723,6239,6340,90072,0.0025300442757747454
2022-02-18,6206,6473,6089,6440,42823,0.01577287066246047
2022-02-21,6540,6607,6256,6574,52615,0.02080745341614909
2022-02-22,6306,6439,6006,6223,350718,-0.053392150897474955
2022-02-23,6240,7074,6140,6357,450966,0.02153302265788204
2022-02-24,6340,6373,5923,5990,150047,-0.057731634418750954
2022-02-25,6122,6239,5939,6173,115824,0.03055091819699496
2022-02-28,6173,6490,6107,6324,87579,0.024461364004535913
2022-03-02,6273,6440,6107,6374,83872,0.007906388361796246
2022-03-03,6406,6423,6323,6390,57515,0.0025101976780670388
2022-03-04,6390,6657,6173,6457,130399,0.010485133020344373
2022-03-07,6273,6389,6106,6173,116657,-0.043983273966238245
2022-03-08,6123,6240,5839,6040,89047,-0.021545439818564716
2022-03-10,6123,6374,5923,6374,113433,0.05529801324503314
2022-03-11,6306,6690,6173,6557,179041,0.02871038594289299
2022-03-14,6540,6940,6373,6757,287947,0.030501753850846525
2022-03-15,6757,7108,6624,7008,282928,0.037146662720142
2022-03-16,7007,7290,6790,7124,279880,0.016552511415525162
2022-03-17,7090,7140,6907,6924,223644,-0.028074115665356558
2022-03-18,6874,6958,6724,6908,179218,-0.0023108030040439598
2022-03-21,6840,7257,6757,7074,439750,0.02403011001737121
2022-03-22,7140,7174,6907,7074,114988,0.0
2022-03-23,7157,7157,6924,6941,147275,-0.018801243992083716
2022-03-24,6941,7108,6807,7008,108431,0.009652787782740146
2022-03-25,7007,7057,6923,7024,96358,0.0022831050228311334
2022-03-28,7024,7024,6857,6924,96140,-0.014236902050113853
2022-03-29,6840,6974,6824,6891,97455,-0.004766031195840514
2022-03-30,6923,7157,6790,7124,202231,0.033812218836163144
2022-03-31,7074,8208,7007,7775,1236488,0.09138124649073553
2022-04-01,7959,8793,7909,8393,1746294,0.07948553054662377
2022-04-04,8592,8609,8242,8326,387848,-0.00798284284522821
2022-04-05,8326,8326,7908,8009,485950,-0.03807350468412207
2022-04-06,7875,7925,7625,7859,312084,-0.01872892995380193
2022-04-07,7808,7808,7508,7725,329092,-0.01705051533273949
2022-04-08,7691,8292,7591,8259,706872,0.06912621359223303
2022-04-11,8309,8309,7808,7859,405116,-0.04843201356096383
2022-04-12,7708,7775,7391,7525,308008,-0.04249904568011198
2022-04-13,7525,7542,7241,7492,250736,-0.004385382059800658
2022-04-14,7508,7508,7257,7308,256519,-0.024559530165509824
2022-04-15,7291,7291,7007,7241,218164,-0.009168035030103994
2022-04-18,7174,7457,7024,7241,212881,0.0
2022-04-19,7225,7275,7041,7175,174331,-0.009114763154260408
2022-04-20,7174,7241,7074,7191,161823,0.0022299651567945222
2022-04-21,7174,7174,6973,7024,325616,-0.023223473786677773
2022-04-22,6907,7007,6674,6674,373308,-0.0498291571753986
2022-04-25,6524,6574,6307,6374,296918,-0.044950554390170816
2022-04-26,6440,6540,6290,6457,179044,0.013021650454973388
2022-04-27,6240,6423,6056,6407,197805,-0.0077435341489855425
2022-04-28,6406,6406,6189,6240,164544,-0.026065241142500417
2022-04-29,6257,6390,6173,6257,197560,0.0027243589743590757
2022-05-02,6106,6290,6023,6257,155633,0.0
2022-05-03,6239,6723,6206,6540,429029,0.04522934313568805
2022-05-04,6623,6656,6389,6490,214556,-0.007645259938837912
2022-05-06,6456,6573,6206,6240,187456,-0.03852080123266566
2022-05-09,6189,6189,5839,5856,211065,-0.06153846153846154
2022-05-10,5673,5856,5556,5790,210948,-0.01127049180327866
2022-05-11,5789,6056,5756,5923,120750,0.022970639032815265
2022-05-12,5773,5873,5572,5723,164101,-0.03376667229444541
2022-05-13,5722,5873,5689,5823,112387,0.017473353136466807
2022-05-16,5856,5990,5723,5740,112387,-0.014253821054439286
2022-05-17,5740,5823,5706,5740,71724,0.0
2022-05-18,5839,6106,5839,6006,184057,0.04634146341463419
2022-05-19,5873,5873,5739,5823,132173,-0.030469530469530492
2022-05-20,5806,6006,5789,5923,101779,0.017173278378842527
2022-05-23,5923,6173,5822,5873,268125,-0.008441668073611353
2022-05-24,5839,5839,5623,5623,234666,-0.04256768261535837
2022-05-25,5622,5639,5472,5539,261170,-0.014938644851502758
2022-05-26,5556,5672,5472,5556,134345,0.0030691460552445538
2022-05-27,5656,5839,5589,5606,184564,0.008999280057595316
2022-05-30,5689,5806,5639,5756,132859,0.026757046022119146
2022-05-31,5755,5839,5722,5806,88442,0.008686587908269594
2022-06-02,5739,5806,5672,5706,93844,-0.017223561832586998
2022-06-03,5739,5790,5689,5790,71607,0.014721345951629772
2022-06-07,5956,5973,5722,5773,208854,-0.0029360967184801634
2022-06-08,5773,5806,5673,5740,94971,-0.0057162653732893975
2022-06-09,5706,5739,5622,5723,129812,-0.0029616724738675826
2022-06-10,5656,5923,5622,5923,191060,0.034946706272933836
2022-06-13,5806,6373,5689,6073,1065333,0.025325004220833947
2022-06-14,5872,6306,5722,5906,755529,-0.027498765025522842
2022-06-15,5939,6507,5939,6090,2077703,0.031154757873349093
2022-06-16,6373,6473,6106,6357,1569026,0.04384236453201962
2022-06-17,6156,6173,5856,5890,729372,-0.07346232499606731
2022-06-20,5889,5889,4838,4838,911450,-0.1786078098471986
2022-06-21,4922,4938,4621,4722,412764,-0.023976849937990874
2022-06-22,4738,4772,4288,4305,374318,-0.08831003811944094
2022-06-23,4321,4587,4204,4321,378112,0.003716608594657389
2022-06-24,4288,4538,4288,4505,222874,0.0425827354778987
2022-06-27,4571,4721,4438,4605,230249,0.02219755826859049
2022-06-28,4638,4638,4454,4505,178939,-0.021715526601520097
2022-06-29,4438,4454,4287,4338,717060,-0.03706992230854611
2022-06-30,4404,4804,4370,4571,1088211,0.05371138773628403
2022-07-01,4571,4637,4254,4371,477365,-0.04375410194705753
2022-07-04,4437,4454,4170,4221,254736,-0.03431708991077553
2022-07-05,4254,4487,4237,4421,294710,0.04738213693437565
2022-07-06,4405,5740,4405,5740,3800885,0.298348789866546
2022-07-07,5922,6106,5605,5906,4051627,0.028919860627177663
2022-07-08,5990,6173,5789,5990,2006511,0.014222824246528987
2022-07-11,6039,6857,5923,6090,4775591,0.016694490818029983
2022-07-12,5923,5989,5472,5506,1650804,-0.09589490968801317
2022-07-13,5456,5773,5422,5523,1006661,0.003087540864511462
2022-07-14,5522,6140,5522,6040,1772501,0.09360854608002889
2022-07-15,5989,6523,5889,6240,2061824,0.0331125827814569
2022-07-18,6473,7073,6373,6590,3589274,0.05608974358974361
2022-07-19,6590,7425,6340,7008,3240135,0.06342943854324745
2022-07-20,7124,7374,6907,7258,1252109,0.03567351598173518
2022-07-21,7240,7240,6756,6857,1122575,-0.05524937999448887
2022-07-22,6790,7607,6790,7341,2145256,0.07058480385008026
2022-07-25,7290,7507,6840,6857,1130534,-0.06593107206102711
2022-07-26,6857,7074,6607,6641,973052,-0.031500656263672155
2022-07-27,6657,7058,6407,6958,1385178,0.04773377503388043
2022-07-28,6924,7207,6807,6991,766185,0.0047427421672894265
2022-07-29,7007,7341,6824,7091,956625,0.014304105278214907
2022-08-01,7090,7157,6907,6924,355599,-0.023550980115639497
2022-08-02,6924,6924,6590,6641,470521,-0.040872328134026525
2022-08-03,6640,6824,6590,6674,367831,0.00496913115494646
2022-08-04,6807,6807,6206,6240,541221,-0.06502846868444712
2022-08-05,6307,6357,5990,6157,505856,-0.013301282051282004
2022-08-08,6156,6307,6056,6257,228568,0.016241676140977823
2022-08-09,6307,6323,5990,6057,327932,-0.031964200095892625
2022-08-10,6056,6206,6006,6023,266564,-0.005613339937262651
2022-08-11,6156,6156,5923,6090,202261,0.011124024572472191
2022-08-12,6073,6306,6073,6240,237111,0.024630541871921263
2022-08-16,6156,6189,6073,6073,215092,-0.02676282051282053
2022-08-17,6056,6089,5739,5806,450370,-0.04396509138811133
2022-08-18,5805,5805,5605,5639,170705,-0.028763348260420263
2022-08-19,5606,5773,5522,5573,181358,-0.01170420287284979
2022-08-22,5472,5706,5439,5506,174184,-0.012022250134577472
2022-08-23,5389,5639,5389,5406,148651,-0.018162005085361477
2022-08-24,5422,5672,5422,5589,125649,0.03385127635960039
2022-08-25,5639,5856,5622,5823,171125,0.041867954911433136
2022-08-26,5890,5990,5706,5840,192631,0.0029194573244031297
2022-08-29,5522,5639,5505,5556,128421,-0.048630136986301364
2022-08-30,5555,5706,5539,5656,72479,0.017998560115190854
2022-08-31,5572,5739,5572,5723,59423,0.011845827439886936
2022-09-01,5639,5706,5455,5506,110655,-0.037917176306133116
2022-09-02,5505,5572,5288,5339,154071,-0.030330548492553566
2022-09-05,5255,5355,5022,5089,196520,-0.04682524817381528
2022-09-06,5105,5306,5105,5256,75296,0.03281587738258995
2022-09-07,5272,5372,5071,5272,148863,0.003044140030441511
2022-09-08,5288,5405,5255,5389,77840,0.022192716236722365
2022-09-13,5439,5556,5439,5506,72027,0.02171089255891623
2022-09-14,5305,5589,5238,5589,91891,0.015074464220850015
2022-09-15,5605,5622,5405,5439,96730,-0.026838432635534093
2022-09-16,5472,5639,5439,5506,96904,0.012318440889869553
2022-09-19,5522,5539,5222,5239,139631,-0.04849255357791504
2022-09-20,5238,5405,5238,5289,59780,0.009543806069860716
2022-09-21,5271,5405,5205,5372,59543,0.01569294762715079
2022-09-22,5205,5372,5138,5339,95199,-0.006142963514519706
2022-09-23,5272,5472,5238,5272,129404,-0.012549166510582466
2022-09-26,5172,5322,4905,4922,183117,-0.0663884673748103
2022-09-27,4855,5172,4771,5139,105120,0.044087769199512294
2022-09-28,5088,5188,4821,4972,115066,-0.03249659466822341
2022-09-29,5039,5172,4939,4939,80267,-0.006637168141592875
2022-09-30,4854,5105,4838,5005,70208,0.013363028953229383
2022-10-04,5038,5205,5004,5055,62537,0.009990009990010096
2022-10-05,5071,5155,4971,5005,63073,-0.009891196834816984
2022-10-06,5005,5272,4972,5256,93470,0.05014985014985007
2022-10-07,5189,5205,5072,5189,73795,-0.012747336377473384
2022-10-11,5138,5138,4838,4838,100035,-0.06764309115436495
2022-10-12,4771,4971,4704,4788,55150,-0.01033484911120297
2022-10-13,4688,4755,4288,4288,230369,-0.10442773600668342
2022-10-14,4370,4687,4370,4571,257202,0.06599813432835822
2022-10-17,4488,4488,4288,4405,111713,-0.036315904616057715
2022-10-18,4487,4771,4454,4571,228730,0.03768444948921679
2022-10-19,4621,4687,4487,4521,113525,-0.010938525486764439
2022-10-20,4571,4571,4354,4421,68203,-0.022119000221189955
2022-10-21,4387,4487,4271,4271,108563,-0.033928975344944545
2022-10-24,4354,4404,4187,4204,99999,-0.01568719269491925
2022-10-25,4220,4320,4153,4204,132263,0.0
2022-10-26,4220,4237,4004,4004,160526,-0.04757373929590869
2022-10-27,4037,4121,4004,4088,78391,0.020979020979021046
2022-10-28,4088,4121,3987,4038,106250,-0.012230919765166326
2022-10-31,4104,4154,4004,4071,84223,0.008172362555720625
2022-11-01,4087,4154,4053,4104,63631,0.008106116433308719
2022-11-02,4137,4271,4054,4171,86383,0.016325536062378188
2022-11-03,4104,4154,4003,4104,130860,-0.01606329417405894
2022-11-04,4104,4220,4037,4104,66282,0.0
2022-11-07,4104,4288,4071,4288,130690,0.04483430799220267
2022-11-08,4237,4488,4237,4338,99888,0.011660447761194126
2022-11-09,4354,4404,4271,4288,83578,-0.01152604887044717
2022-11-10,4304,4304,4171,4171,69228,-0.027285447761194015
2022-11-11,4338,4421,4254,4355,112366,0.04411412131383363
2022-11-14,4454,4554,4371,4488,121778,0.030539609644087307
2022-11-15,4421,4588,4421,4588,91678,0.022281639928698693
2022-11-16,4638,4638,4471,4588,57709,0.0
2022-11-17,4487,4571,4454,4538,68551,-0.010897994768962471
2022-11-18,4455,4555,4438,4455,60418,-0.018289995592772113
2022-11-21,4437,4504,4170,4271,91285,-0.04130190796857458
2022-11-22,4304,4404,4220,4321,60352,0.011706860220088933
2022-11-23,4471,4555,4371,4455,89580,0.031011339967600193
2022-11-24,4454,5121,4437,4805,1317373,0.07856341189674532
2022-11-25,4788,4888,4622,4622,249834,-0.038085327783558776
2022-11-28,4688,5705,4571,5005,2558233,0.0828645607961922
2022-11-29,5005,5088,4905,5022,343739,0.003396603396603304
2022-11-30,5022,5038,4855,4872,228694,-0.029868578255675016
2022-12-01,4955,5072,4872,4989,283554,0.02401477832512322
2022-12-02,4938,4972,4771,4822,138651,-0.03347364201242731
2022-12-05,4804,4854,4704,4738,81523,-0.017420157610949838
2022-12-06,4771,4771,4554,4588,108542,-0.03165892781764457
2022-12-07,4588,4604,4454,4588,106948,0.0
2022-12-08,4554,4571,4438,4438,79878,-0.032693984306887525
2022-12-09,4438,4772,4438,4722,168131,0.06399278954484
2022-12-12,4654,4954,4654,4738,130770,0.0033883947479882437
2022-12-13,4788,4805,4588,4672,99097,-0.013929928239763578
2022-12-14,4672,4688,4605,4672,62558,0.0
2022-12-15,4654,4654,4554,4571,51213,-0.02161815068493156
2022-12-16,4504,4604,4437,4538,53391,-0.00721942682126453
2022-12-19,4505,4571,4454,4505,46502,-0.0072719259585720675
2022-12-20,4537,4671,4420,4471,130618,-0.007547169811320753
2022-12-21,4537,4554,4371,4371,70960,-0.022366360993066436
2022-12-22,4387,4421,4337,4371,81714,0.0
2022-12-23,4304,4304,4187,4238,65710,-0.030427819720887705
2022-12-26,4204,4504,4137,4388,95130,0.03539405379896188
2022-12-27,4388,4488,4354,4405,44878,0.003874202370100166
2022-12-28,4371,4438,4354,4388,29791,-0.0038592508513053403
2022-12-29,4437,4521,4320,4371,129596,-0.003874202370100277
2023-01-02,4354,4504,4254,4271,56933,-0.02287805994051706
2023-01-03,4270,4554,4204,4421,119650,0.03512058066026702
2023-01-04,4387,4504,4371,4438,40300,0.0038452838724269967
2023-01-05,4521,4588,4338,4355,46374,-0.018702118071203255
2023-01-06,4354,4538,4321,4488,79890,0.030539609644087307
2023-01-09,4621,4671,4504,4588,78610,0.022281639928698693
2023-01-10,4638,4638,4505,4505,80552,-0.01809067131647779
2023-01-11,4521,4655,4521,4622,78218,0.025971143174250866
2023-01-12,4638,4821,4537,4638,792689,0.003461704889658135
2023-01-13,4638,4638,4405,4405,420162,-0.050237171194480346
2023-01-16,4404,4404,4287,4338,262252,-0.015209988649262152
2023-01-17,4338,4455,4338,4455,172710,0.026970954356846377
2023-01-18,4438,5222,4438,5089,2114560,0.14231200897867557
2023-01-19,5021,5388,4971,5272,1018060,0.03595991353900563
2023-01-20,5255,5488,5138,5272,349429,0.0
2023-01-25,5271,5385,5148,5155,328436,-0.022192716236722254
2023-01-26,5158,5221,5061,5145,285618,-0.0019398642095053154
2023-01-27,5138,5138,4804,5045,199211,-0.0194363459669582
2023-01-30,5005,5145,4908,4955,201737,-0.01783944499504464
2023-01-31,4888,4972,4848,4929,185196,-0.005247225025227009
2023-02-01,4931,5055,4904,5055,75086,0.025562994522215554
2023-02-02,5115,5282,5012,5249,443133,0.03837784371909003
2023-02-03,5338,5449,5245,5399,416503,0.02857687178510182
2023-02-06,5489,5596,5385,5456,357502,0.010557510650120339
2023-02-07,5439,5583,5389,5533,204170,0.014112903225806495
2023-02-08,5639,5706,5485,5496,296058,-0.006687149828302874
2023-02-09,5506,5606,5372,5406,249636,-0.01637554585152834
2023-02-10,5489,5696,5306,5453,413204,0.00869404365519788
2023-02-13,5472,5472,5189,5306,211997,-0.02695763799743256
2023-02-14,5306,5389,5249,5296,84654,-0.0018846588767432726
2023-02-15,5299,5469,5202,5366,217322,0.013217522658610203
2023-02-16,5366,5439,5309,5356,107823,-0.00186358553857624
2023-02-17,5305,5338,5218,5322,235151,-0.006348020911127739
2023-02-20,5285,5322,5245,5306,143946,-0.00300638857572344
2023-02-21,5272,5339,5258,5279,114149,-0.005088578967206936
2023-02-22,5232,5279,5122,5196,85397,-0.01572267474900546
2023-02-23,5172,5246,5105,5246,67047,0.009622786759045487
2023-02-24,5195,5245,5061,5172,76998,-0.014105985512771646
2023-02-27,5071,5351,5008,5145,193523,-0.0052204176334106345
2023-02-28,5145,5272,5088,5209,87714,0.01243926141885332
2023-03-02,5256,5256,4939,4939,220162,-0.05183336532923788
2023-03-03,4891,4995,4891,4915,86710,-0.004859283255719826
2023-03-06,4929,4929,4812,4929,81595,0.002848423194303118
2023-03-07,4911,5118,4911,5072,113340,0.02901196997362554
2023-03-08,5091,5091,4921,4955,75925,-0.023067823343848604
2023-03-09,4925,5039,4902,4919,66007,-0.007265388496468184
2023-03-10,4898,4898,4701,4725,78745,-0.039438910347631584
2023-03-13,4638,4718,4455,4652,88478,-0.015449735449735491
2023-03-14,4651,4654,4438,4438,95840,-0.046001719690455745
2023-03-15,4524,4588,4471,4508,33941,0.01577287066246047
2023-03-16,4508,4508,4238,4375,105866,-0.029503105590062084
2023-03-17,4437,4678,4337,4648,103811,0.06240000000000001
2023-03-20,4621,4741,4584,4648,42988,0.0
2023-03-21,4611,4691,4611,4648,32050,0.0
2023-03-22,4668,4725,4561,4632,33776,-0.0034423407917383297
2023-03-23,4601,4738,4544,4668,87752,0.007772020725388629
2023-03-24,4678,4741,4637,4668,31085,0.0
2023-03-27,4725,4725,4488,4592,41804,-0.016281062553556103
2023-03-28,4638,4762,4595,4762,64550,0.03702090592334484
2023-03-29,4765,4765,4661,4682,42646,-0.01679966400671984
2023-03-30,4705,4718,4608,4665,34852,-0.0036309269542930123
2023-03-31,4664,4721,4511,4538,60056,-0.02722400857449092
2023-04-03,4521,4635,4481,4592,62929,0.01189951520493615
2023-04-04,4587,4694,4517,4638,50988,0.010017421602787513
2023-04-05,4688,4688,4578,4622,33734,-0.0034497628288054916
2023-04-06,4595,4665,4548,4652,69474,0.006490696668109086
2023-04-07,4701,4784,4597,4738,87480,0.018486672398968285
2023-04-10,4738,4764,4627,4708,54851,-0.006331785563528869
2023-04-11,4641,4794,4641,4698,76204,-0.0021240441801189114
2023-04-12,4698,4755,4651,4705,68317,0.0014899957428693433
2023-04-13,4747,4768,4681,4768,63028,0.013390010626992632
2023-04-14,4768,5045,4768,4872,213561,0.02181208053691286
2023-04-17,4928,4931,4764,4798,59897,-0.01518883415435135
2023-04-18,4798,4862,4675,4732,85095,-0.013755731554814465
2023-04-19,4778,4778,4671,4705,66981,-0.005705832628909557
2023-04-20,4678,4705,4608,4672,61578,-0.0070138150903293894
2023-04-21,4627,4771,4621,4688,60769,0.003424657534246478
2023-04-24,4624,4678,4587,4618,47737,-0.014931740614334443
2023-04-25,4565,4615,4401,4455,108006,-0.03529666522304031
2023-04-26,4455,4488,4388,4435,33414,-0.004489337822671136
2023-04-27,4391,4488,4367,4448,20672,0.0029312288613303483
2023-04-28,4451,4457,4180,4371,68215,-0.017311151079136722
2023-05-02,4370,4581,4370,4551,65132,0.041180507892930596
2023-05-03,4504,4668,4504,4555,21470,0.0008789277081959757
2023-05-04,4604,4604,4470,4571,29821,0.0035126234906694975
2023-05-08,4578,4604,4524,4538,13622,-0.00721942682126453
2023-05-09,4534,4571,4348,4555,48888,0.0037461436756280886
2023-05-10,4554,4611,4551,4578,18419,0.005049396267837514
2023-05-11,4598,4755,4548,4692,83114,0.02490170380078638
2023-05-12,4722,4828,4638,4692,64796,0.0
2023-05-15,4754,4938,4737,4858,171095,0.03537936913895989
2023-05-16,4822,4999,4812,4889,258560,0.0063812268423220075
2023-05-17,4888,5132,4805,5079,287290,0.03886275311924736
2023-05-18,5078,5078,4938,4995,103146,-0.016538688718251593
2023-05-19,5002,5339,4925,5299,1053029,0.060860860860860955
2023-05-22,5856,6874,5526,5673,19567475,0.0705793545952067
2023-05-23,5846,5889,5409,5603,4372138,-0.012339150361360796
2023-05-24,5552,5562,5198,5222,1959313,-0.06799928609673389
2023-05-25,5105,5165,5025,5069,1274564,-0.029299119111451555
2023-05-26,5022,5045,4891,4912,712265,-0.03097257841783385
2023-05-30,4938,5138,4925,5112,613683,0.04071661237785018
2023-05-31,5112,5125,4955,5009,400676,-0.02014866979655716
2023-06-01,4971,5465,4964,5055,2185715,0.009183469754441953
2023-06-02,5041,5095,4988,5035,359168,-0.003956478733926794
2023-06-05,5041,5071,4954,5035,199163,0.0
2023-06-07,5039,5042,4932,4949,304820,-0.01708043694141015
2023-06-08,4911,4925,4775,4775,368562,-0.03515861790260655
2023-06-09,4798,4971,4798,4935,358404,0.03350785340314144
2023-06-12,4938,5041,4881,5005,237027,0.014184397163120588
2023-06-13,5004,5075,4918,5045,280872,0.007992007992007943
2023-06-14,5042,5105,4955,4959,338777,-0.017046580773042663
2023-06-15,5005,5188,4931,5152,480479,0.038919136922766606
2023-06-16,5178,5459,5111,5449,1210550,0.05764751552795033
2023-06-19,5505,5606,5422,5576,1037462,0.02330702881262625
2023-06-20,5576,6774,5472,6374,14798496,0.14311334289813482
2023-06-21,6190,6190,5843,5843,1597613,-0.08330718544085347
2023-06-22,5843,5926,5729,5770,812804,-0.01249358206400819
2023-06-23,5756,5903,5676,5740,511753,-0.005199306759098743
2023-06-26,5629,5793,5579,5763,397733,0.00400696864111505
2023-06-27,5762,5926,5729,5863,462533,0.017352073572791893
2023-06-28,5869,6013,5849,5873,488776,0.0017056114617091112
2023-06-29,5809,5845,5565,5669,620644,-0.03473522901413251
2023-06-30,5665,5859,5605,5856,537874,0.032986417357558695
2023-07-03,5860,6267,5716,5740,1787987,-0.019808743169398957
2023-07-04,6530,7460,5930,6020,3878912,0.04878048780487809
2023-07-05,6070,6070,5630,5630,396710,-0.06478405315614622
2023-07-06,5540,5580,5350,5410,222005,-0.039076376554174064
2023-07-07,5300,5520,5300,5380,109883,-0.00554528650646946
2023-07-10,5330,5440,5330,5420,82650,0.0074349442379182396
2023-07-11,5430,5550,5410,5540,92506,0.022140221402213944
2023-07-12,5570,5770,5530,5750,121952,0.03790613718411562
2023-07-13,5800,5800,5670,5760,80782,0.0017391304347826875
2023-07-14,5800,5800,5570,5720,84195,-0.00694444444444442
2023-07-17,5640,5930,5540,5800,146951,0.013986013986013957
2023-07-18,5810,5860,5650,5840,81272,0.006896551724137945
2023-07-19,5900,6980,5600,6330,1223091,0.08390410958904115
2023-07-20,6270,6280,5940,6160,266540,-0.026856240126382325
2023-07-21,5970,6220,5960,6170,148209,0.0016233766233766378
2023-07-24,5560,5760,5410,5590,521602,-0.09400324149108585
2023-07-25,5590,5650,5330,5440,266838,-0.02683363148479423
2023-07-26,5150,5180,4580,4725,953009,-0.1314338235294118
2023-07-27,4700,4875,4615,4770,386300,0.00952380952380949
2023-07-28,4755,4995,4755,4925,182062,0.032494758909853205
2023-07-31,4960,5050,4880,4900,156304,-0.005076142131979711
2023-08-01,4830,4975,4600,4810,208838,-0.01836734693877551
2023-08-02,4810,4830,4625,4630,253467,-0.037422037422037424
2023-08-03,4630,4685,4455,4650,183297,0.004319654427645814
2023-08-04,4575,4825,4575,4810,166092,0.03440860215053765
2023-08-07,4765,4890,4690,4750,145842,-0.012474012474012475
2023-08-08,4705,4790,4590,4640,171590,-0.023157894736842155
2023-08-09,4620,4690,4590,4635,127470,-0.0010775862068965747
2023-08-10,4650,4730,4570,4660,140997,0.005393743257820827
2023-08-11,4650,4800,4650,4750,126416,0.0193133047210301
2023-08-14,4825,4865,4580,4615,252651,-0.028421052631578902
2023-08-16,4585,4585,4300,4390,174920,-0.04875406283856987
2023-08-17,4325,4400,4195,4335,165537,-0.01252847380410027
2023-08-18,4230,4300,4170,4215,205811,-0.02768166089965396
2023-08-21,4215,4340,4190,4215,86853,0.0
2023-08-22,4210,4240,4130,4200,129856,-0.003558718861209953
2023-08-23,4150,4370,4145,4330,159999,0.030952380952380842
2023-08-24,4380,4980,4330,4480,921727,0.03464203233256358
2023-08-25,4450,4590,4415,4495,116928,0.0033482142857141906
2023-08-28,4475,4645,4395,4605,187730,0.024471635150166815
2023-08-29,4610,4870,4595,4800,201822,0.04234527687296419
2023-08-30,4760,4885,4750,4820,139620,0.004166666666666652
2023-08-31,4825,4850,4745,4755,87303,-0.013485477178423189
2023-09-01,4765,4925,4740,4800,129344,0.009463722397476282
2023-09-04,4810,4915,4750,4825,96439,0.005208333333333259
2023-09-05,4830,4870,4685,4735,134931,-0.01865284974093262
2023-09-06,4740,4830,4685,4730,63563,-0.001055966209081327
2023-09-07,4735,4750,4640,4645,116016,-0.017970401691331905
2023-09-08,4690,4850,4645,4725,84777,0.017222820236813874
2023-09-11,4735,4845,4665,4760,131216,0.007407407407407307
2023-09-12,4750,4865,4685,4770,94099,0.0021008403361344463
2023-09-13,4710,4765,4630,4680,133465,-0.018867924528301883
2023-09-14,4680,4730,4630,4675,65513,-0.0010683760683760646
2023-09-15,4640,4695,4615,4680,40380,0.0010695187165774556
2023-09-18,4635,4680,4575,4595,40902,-0.01816239316239321
2023-09-19,4560,4620,4400,4470,106170,-0.027203482045701888
2023-09-20,4430,4540,4380,4400,72855,-0.015659955257270708
2023-09-21,4375,4410,4185,4260,97951,-0.03181818181818186
2023-09-22,4185,4800,4185,4690,663275,0.10093896713615025
2023-09-25,4610,4680,4430,4470,168583,-0.046908315565031944
2023-09-26,4440,4495,4095,4285,238035,-0.04138702460850108
2023-09-27,4210,4300,4170,4230,52679,-0.012835472578763163
2023-10-04,4150,4230,3900,3900,185689,-0.07801418439716312
2023-10-05,3920,3990,3845,3910,67140,0.002564102564102555
2023-10-06,3810,4065,3805,4025,75771,0.02941176470588225
2023-10-10,4000,4045,3830,3900,88615,-0.03105590062111796
2023-10-11,3915,4035,3900,3955,28148,0.014102564102564052
2023-10-12,3935,4150,3925,4065,121277,0.027812895069532217
2023-10-13,4090,4090,3860,3935,109407,-0.03198031980319804
2023-10-16,3880,3935,3730,3805,86604,-0.03303684879288438
2023-10-17,3810,3940,3800,3850,74042,0.01182654402102501
2023-10-18,3865,3890,3745,3800,54952,-0.012987012987012991
2023-10-19,3760,3800,3630,3665,94964,-0.03552631578947374
2023-10-20,3540,3660,3435,3580,140632,-0.023192360163710735
2023-10-23,3525,3670,3515,3575,64033,-0.0013966480446927498
2023-10-24,3550,3690,3440,3690,87129,0.032167832167832255
2023-10-25,3690,3780,3675,3730,51151,0.01084010840108407
2023-10-26,3690,3690,3410,3685,58588,-0.012064343163538882
2023-10-27,3685,3745,3605,3605,30512,-0.02170963364993217
2023-10-30,3535,3605,3460,3470,67863,-0.03744798890429957
2023-10-31,3480,3525,3385,3470,42352,0.0
2023-11-01,3470,3490,3410,3460,30006,-0.0028818443804035088
2023-11-02,3480,4495,3475,4050,7349880,0.17052023121387294
2023-11-03,3890,3980,3805,3850,1031845,-0.04938271604938271
2023-11-06,3820,3905,3760,3865,515236,0.003896103896103842
2023-11-07,3835,3880,3700,3745,413925,-0.031047865459249646
2023-11-08,3700,3810,3600,3635,347238,-0.029372496662216308
2023-11-09,3610,3650,3385,3415,690666,-0.06052269601100413
2023-11-10,3410,3415,3330,3390,206833,-0.007320644216691097
2023-11-13,3365,3405,3270,3330,208650,-0.017699115044247815
2023-11-14,3300,3385,3300,3325,85311,-0.0015015015015015232
2023-11-15,3365,3450,3365,3420,130651,0.02857142857142847
2023-11-16,3420,3460,3370,3435,69648,0.004385964912280604
2023-11-17,3460,3460,3305,3350,173825,-0.024745269286754024
2023-11-20,3380,3455,3330,3450,105563,0.029850746268656803
2023-11-21,3445,3500,3410,3480,100395,0.008695652173912993
2023-11-22,3495,3500,3415,3490,68908,0.002873563218390718
2023-11-23,3480,3510,3425,3455,80434,-0.01002865329512892
2023-11-24,3445,3480,3420,3440,38100,-0.00434153400868309
2023-11-27,3450,3485,3425,3435,43987,-0.0014534883720930258
2023-11-28,3440,3505,3415,3505,60519,0.020378457059679667
2023-11-29,3500,3500,3425,3465,60216,-0.011412268188302432
2023-11-30,3465,3465,3445,3465,50945,0.0
2023-12-01,3465,3505,3440,3480,44375,0.0043290043290042934
2023-12-04,3485,3565,3435,3540,72785,0.01724137931034475
2023-12-05,3540,3550,3435,3460,93224,-0.02259887005649719
2023-12-06,3475,3940,3440,3700,1744020,0.06936416184971095
2023-12-07,3700,3705,3590,3655,188348,-0.012162162162162149
2023-12-08,3655,3690,3590,3615,94463,-0.01094391244870041
2023-12-11,3615,4270,3605,3930,3762198,0.08713692946058083
2023-12-12,3895,3955,3855,3865,405163,-0.01653944020356235
2023-12-13,3855,3900,3730,3900,295593,0.009055627425614388
2023-12-14,3900,3990,3750,3960,520483,0.01538461538461533
2023-12-15,3935,3935,3795,3820,267131,-0.03535353535353536
2023-12-18,3840,3875,3650,3775,111382,-0.011780104712041939
2023-12-19,3745,4545,3720,4020,4584191,0.0649006622516557
2023-12-20,3995,4125,3945,4000,492831,-0.00497512437810943
2023-12-21,3995,4215,3945,4075,448524,0.018750000000000044
2023-12-22,4095,4100,3995,4010,239347,-0.015950920245398792
2023-12-26,3980,3980,3840,3870,215921,-0.034912718204488824
2023-12-27,3910,3990,3840,3925,102460,0.01421188630490966
2023-12-28,3925,4015,3915,3985,99104,0.015286624203821653
2024-01-02,4060,4060,3940,4040,126774,0.013801756587201952
2024-01-03,3960,4025,3920,4020,100027,-0.004950495049504955
2024-01-04,4015,4015,3900,3965,84959,-0.013681592039801016
2024-01-05,3965,4030,3945,4000,65683,0.008827238335435084
2024-01-08,4000,4140,3975,4120,194294,0.030000000000000027
2024-01-09,4110,4165,4100,4115,127977,-0.0012135922330097637
2024-01-10,4115,4140,3995,3995,90415,-0.02916160388821387
2024-01-11,4050,4080,4005,4045,44925,0.01251564455569465
2024-01-12,4010,4020,3820,3860,130929,-0.04573547589616811
2024-01-15,3815,3855,3715,3725,88441,-0.03497409326424872
2024-01-16,3705,4090,3675,4050,330031,0.08724832214765099
2024-01-17,4060,4090,3835,4040,150575,-0.0024691358024691024
2024-01-18,4040,4510,3825,3835,2881428,-0.05074257425742579
2024-01-19,3850,3905,3785,3790,159672,-0.011734028683181186
2024-01-22,3795,3845,3745,3745,118358,-0.01187335092348285
2024-01-23,3730,3910,3730,3880,131491,0.03604806408544725
2024-01-24,3845,3890,3785,3805,65780,-0.019329896907216537
2024-01-25,3805,3805,3670,3795,119092,-0.0026281208935611255
2024-01-26,3795,3920,3755,3835,86900,0.010540184453228019
2024-01-29,3850,3950,3720,3775,102829,-0.01564537157757495
2024-01-30,3805,3815,3750,3750,39018,-0.0066225165562914245
2024-01-31,3750,3795,3700,3725,39348,-0.00666666666666671
2024-02-01,3725,3735,3605,3700,80580,-0.006711409395973145
2024-02-02,3650,3785,3650,3705,52102,0.0013513513513514486
2024-02-05,3700,3730,3670,3730,30789,0.006747638326585648
2024-02-06,3705,3740,3665,3710,43246,-0.00536193029490617
2024-02-07,3730,3785,3565,3690,37226,-0.005390835579514808
2024-02-08,3690,3755,3680,3755,20321,0.017615176151761558
2024-02-13,3755,3800,3695,3800,40745,0.011984021304926706
2024-02-14,3795,3850,3750,3835,41399,0.009210526315789558
2024-02-15,3855,3855,3775,3825,36396,-0.0026075619295958807
2024-02-16,3805,3830,3750,3780,37058,-0.0117647058823529
2024-02-19,3825,3825,3770,3800,16435,0.005291005291005346
2024-02-20,3815,4575,3780,3805,8286702,0.001315789473684159
2024-02-21,3810,3810,3660,3670,467855,-0.03547963206307492
2024-02-22,3605,3670,3565,3610,195614,-0.016348773841961872
2024-02-23,3590,3650,3570,3595,96449,-0.0041551246537395725
2024-02-26,3600,3665,3600,3640,55183,0.012517385257301727
2024-02-27,3605,3735,3530,3570,192937,-0.019230769230769273
2024-02-28,3540,3620,3520,3600,51687,0.008403361344537785
2024-02-29,3570,3655,3540,3595,40827,-0.001388888888888884
2024-03-04,3555,3600,3500,3525,61763,-0.01947148817802502
2024-03-05,3520,3525,3435,3460,82267,-0.018439716312056764
2024-03-06,3430,3500,3400,3420,41926,-0.011560693641618491
2024-03-07,3430,3435,3305,3315,92650,-0.030701754385964897
2024-03-08,3350,3490,3310,3490,68811,0.052790346907994
2024-03-11,3490,3615,3470,3585,75649,0.027220630372492893
2024-03-12,3585,3635,3530,3605,47721,0.00557880055788007
2024-03-13,3605,3620,3540,3550,39865,-0.015256588072122046
2024-03-14,3550,3660,3550,3605,37534,0.015492957746478853
2024-03-15,3560,3640,3425,3575,93378,-0.00832177531206657
2024-03-18,3580,3935,3575,3770,1065713,0.05454545454545445
2024-03-19,3715,3775,3650,3725,139478,-0.011936339522546469
2024-03-20,3715,3730,3650,3655,90761,-0.018791946308724827
2024-03-21,3670,3835,3660,3765,199611,0.030095759233926156
2024-03-22,3780,3805,3695,3785,66083,0.005312084993359889
2024-03-25,3755,3925,3755,3880,195938,0.025099075297225992
2024-03-26,3895,3980,3850,3955,166930,0.019329896907216426
2024-03-27,3920,4040,3920,3960,219358,0.0012642225031604948
2024-03-28,3915,3965,3840,3915,110858,-0.011363636363636354
2024-03-29,3905,4005,3880,3970,119551,0.01404853128991057
2024-04-01,3935,4005,3920,3975,47537,0.0012594458438286438
2024-04-02,3945,4550,3770,3780,1769294,-0.049056603773584895
2024-04-03,3810,3850,3705,3770,188300,-0.002645502645502673
2024-04-04,3770,3920,3740,3775,907240,0.0013262599469496816
2024-04-05,3770,3770,3665,3740,60055,-0.009271523178807972
2024-04-08,3745,3850,3700,3705,58729,-0.009358288770053513
2024-04-09,3670,3800,3670,3800,64572,0.02564102564102555
2024-04-11,3790,3805,3690,3770,48755,-0.007894736842105288
2024-04-12,3840,3840,3765,3800,48694,0.007957559681697646
2024-04-15,3725,3800,3700,3740,35457,-0.015789473684210575
