Date,Open,High,Low,Close,Volume,Change
2022-01-03,615000,616000,608000,615000,1634,-0.0016233766233766378
2022-01-04,613000,614000,607000,612000,1947,-0.004878048780487809
2022-01-05,612000,612000,602000,606000,1471,-0.009803921568627416
2022-01-06,600000,615000,599000,614000,1879,0.013201320132013139
2022-01-07,613000,619000,607000,611000,1637,-0.004885993485342022
2022-01-10,601000,602000,548000,559000,12980,-0.08510638297872342
2022-01-11,558000,558000,535000,548000,8293,-0.019677996422182487
2022-01-12,550000,558000,545000,555000,4192,0.012773722627737127
2022-01-13,554000,563000,550000,557000,4789,0.003603603603603567
2022-01-14,554000,557000,548000,556000,3375,-0.0017953321364452268
2022-01-17,555000,555000,534000,537000,5971,-0.03417266187050361
2022-01-18,540000,546000,533000,539000,2128,0.003724394785847407
2022-01-19,537000,545000,531000,545000,1885,0.011131725417439675
2022-01-20,540000,553000,538000,553000,2402,0.014678899082568808
2022-01-21,548000,566000,546000,564000,4477,0.019891500904159143
2022-01-24,561000,563000,550000,560000,2477,-0.007092198581560294
2022-01-25,557000,558000,542000,553000,3414,-0.012499999999999956
2022-01-26,552000,555000,545000,554000,2042,0.001808318264014508
2022-01-27,553000,562000,539000,544000,2872,-0.018050541516245522
2022-01-28,550000,555000,542000,548000,4553,0.007352941176470562
2022-02-03,555000,557000,547000,550000,2996,0.0036496350364962904
2022-02-04,550000,554000,544000,547000,2793,-0.00545454545454549
2022-02-07,549000,549000,536000,546000,2506,-0.001828153564899404
2022-02-08,546000,552000,539000,541000,2723,-0.009157509157509125
2022-02-09,541000,548000,541000,548000,2056,0.012939001848428777
2022-02-10,548000,557000,545000,551000,3746,0.005474452554744547
2022-02-11,548000,551000,541000,548000,3659,-0.005444646098003658
2022-02-14,546000,550000,537000,550000,2502,0.0036496350364962904
2022-02-15,547000,556000,543000,555000,2638,0.009090909090909038
2022-02-16,557000,557000,552000,556000,1943,0.0018018018018017834
2022-02-17,557000,574000,553000,565000,5707,0.01618705035971213
2022-02-18,562000,570000,560000,566000,2364,0.001769911504424737
2022-02-21,566000,570000,556000,570000,2296,0.007067137809187329
2022-02-22,562000,587000,562000,587000,2578,0.029824561403508865
2022-02-23,578000,578000,553000,558000,5877,-0.04940374787052815
2022-02-24,556000,558000,541000,544000,3705,-0.02508960573476704
2022-02-25,549000,550000,536000,536000,5299,-0.014705882352941124
2022-02-28,540000,546000,525000,525000,12818,-0.020522388059701524
2022-03-02,525000,532000,512000,520000,15826,-0.00952380952380949
2022-03-03,524000,528000,518000,528000,5482,0.01538461538461533
2022-03-04,526000,528000,516000,520000,4900,-0.015151515151515138
2022-03-07,518000,519000,509000,510000,7854,-0.019230769230769273
2022-03-08,505000,510000,499500,508000,8194,-0.0039215686274509665
2022-03-10,515000,525000,501000,510000,7482,0.003937007874015741
2022-03-11,502000,509000,494500,500000,7343,-0.019607843137254943
2022-03-14,500000,500000,482500,488500,8546,-0.02300000000000002
2022-03-15,485000,487000,476000,483500,8896,-0.010235414534288667
2022-03-16,484500,495000,484000,495000,3730,0.02378490175801451
2022-03-17,503000,512000,500000,512000,2566,0.03434343434343434
2022-03-18,512000,512000,497000,508000,14797,-0.0078125
2022-03-21,508000,512000,503000,509000,5397,0.0019685039370078705
2022-03-22,509000,517000,503000,517000,5481,0.015717092337917515
2022-03-23,517000,517000,510000,514000,6538,-0.005802707930367523
2022-03-24,512000,519000,508000,515000,1957,0.0019455252918287869
2022-03-25,515000,522000,514000,522000,2729,0.013592233009708687
2022-03-28,521000,522000,507000,509000,3093,-0.02490421455938696
2022-03-29,510000,515000,501000,515000,3772,0.011787819253438192
2022-03-30,515000,516000,509000,509000,4342,-0.011650485436893177
2022-03-31,514000,516000,507000,507000,2617,-0.003929273084479323
2022-04-01,507000,513000,501000,512000,7237,0.009861932938856066
2022-04-04,514000,515000,509000,515000,3712,0.005859375
2022-04-05,514000,520000,511000,516000,2975,0.001941747572815622
2022-04-06,512000,516000,508000,510000,3454,-0.011627906976744207
2022-04-07,508000,509000,501000,505000,2356,-0.009803921568627416
2022-04-08,508000,508000,502000,504000,2510,-0.001980198019801982
2022-04-11,504000,506000,501000,504000,2138,0.0
2022-04-12,503000,505000,495000,499000,4110,-0.009920634920634885
2022-04-13,499500,499500,493500,494500,3612,-0.009018036072144242
2022-04-14,494500,496500,491500,494000,2848,-0.0010111223458038054
2022-04-15,494500,495000,489000,492500,2564,-0.0030364372469635637
2022-04-18,494000,502000,492500,500000,2521,0.015228426395939021
2022-04-19,500000,502000,493000,493000,4646,-0.014000000000000012
2022-04-20,497500,500000,493000,493000,4744,0.0
2022-04-21,495500,502000,495500,496000,4446,0.006085192697768749
2022-04-22,496500,497000,492000,497000,1832,0.002016129032258007
2022-04-25,494000,494000,488500,489000,4041,-0.01609657947686116
2022-04-26,489000,492000,485000,486000,2656,-0.006134969325153339
2022-04-27,479000,484000,479000,480500,2068,-0.011316872427983515
2022-04-28,481000,494500,481000,484500,2176,0.008324661810613865
2022-04-29,488500,497000,488000,497000,1111,0.02579979360165119
2022-05-02,494000,498000,492000,498000,734,0.002012072434607548
2022-05-03,498000,498000,492000,493000,827,-0.010040160642570295
2022-05-04,492500,492500,481000,481000,2093,-0.024340770791075106
2022-05-06,478000,479500,471500,471500,2675,-0.01975051975051978
2022-05-09,467000,470000,461000,468000,2830,-0.007423117709437932
2022-05-10,459500,465500,457500,459000,2057,-0.019230769230769273
2022-05-11,462000,464500,459500,463000,1545,0.008714596949890963
2022-05-12,440000,440500,397500,397500,16875,-0.14146868250539957
2022-05-13,399500,406000,399500,402500,2576,0.012578616352201255
2022-05-16,407500,413000,407500,411500,2748,0.022360248447204967
2022-05-17,413000,416000,409500,416000,2882,0.010935601458080146
2022-05-18,418000,420000,412500,420000,5238,0.009615384615384581
2022-05-19,402500,415000,402500,415000,4650,-0.011904761904761862
2022-05-20,419000,419000,413000,414500,4510,-0.001204819277108471
2022-05-23,414500,414500,407500,412000,4053,-0.006031363088057851
2022-05-24,412000,412000,407000,412000,3602,0.0
2022-05-25,413000,413000,407500,407500,3305,-0.01092233009708743
2022-05-26,409000,413000,405000,409000,3211,0.0036809815950920033
2022-05-27,411500,411500,406000,407500,1741,-0.003667481662591676
2022-05-30,408500,415000,407500,411500,3333,0.009815950920245342
2022-05-31,414000,414500,403500,403500,24336,-0.019441069258809285
2022-06-02,405000,405500,400500,400500,4569,-0.0074349442379182396
2022-06-03,402500,404000,401000,402500,2053,0.004993757802746579
2022-06-07,402000,402500,392500,393500,5039,-0.022360248447204967
2022-06-08,392500,394500,392000,394000,2604,0.0012706480304955914
2022-06-09,392000,393500,387500,387500,3582,-0.016497461928933976
2022-06-10,383000,386000,375000,377000,5343,-0.02709677419354839
2022-06-13,372000,378000,368000,369000,4977,-0.021220159151193685
2022-06-14,357500,360000,354000,359500,7750,-0.0257452574525745
2022-06-15,355000,357000,342500,350000,5623,-0.026425591098748313
2022-06-16,349000,352000,340500,344000,5258,-0.017142857142857126
2022-06-17,338000,342000,328500,328500,13071,-0.04505813953488369
2022-06-20,328000,331000,315000,318000,6388,-0.03196347031963476
2022-06-21,316500,323500,316500,323500,2616,0.01729559748427678
2022-06-22,323500,323500,312000,312000,4131,-0.03554868624420404
2022-06-23,311000,316500,306000,308000,4971,-0.012820512820512775
2022-06-24,308000,315000,308000,313000,4365,0.016233766233766156
2022-06-27,316000,331000,315000,327000,6698,0.04472843450479225
2022-06-28,328000,331500,323500,328500,3404,0.004587155963302836
2022-06-29,325500,341000,325500,337500,7313,0.027397260273972712
2022-06-30,337500,337500,320000,326500,5660,-0.03259259259259262
2022-07-01,325000,328000,321000,326000,3007,-0.0015313935681470214
2022-07-04,326000,326000,312000,312500,4043,-0.04141104294478526
2022-07-05,312500,322000,312500,321000,4373,0.02719999999999989
2022-07-06,320500,328000,316000,321500,7071,0.0015576323987538387
2022-07-07,323000,332000,323000,328500,13066,0.021772939346811793
2022-07-08,333000,333000,327000,330500,4444,0.0060882800608828
2022-07-11,331000,331000,319500,326500,3654,-0.012102874432677768
2022-07-12,321000,323500,318000,319500,7824,-0.02143950995405819
2022-07-13,319500,327000,317500,325000,7448,0.017214397496087663
2022-07-14,320000,329500,317000,329500,7949,0.013846153846153841
2022-07-15,327500,328500,316000,321500,7578,-0.02427921092564489
2022-07-18,320000,340000,319000,339500,5877,0.055987558320373276
2022-07-19,339000,339000,329000,337000,5392,-0.007363770250368162
2022-07-20,340000,342000,330000,340500,3627,0.010385756676557945
2022-07-21,340500,348500,337000,347500,5817,0.0205580029368575
2022-07-22,348500,357000,347500,353000,4974,0.015827338129496438
2022-07-25,353000,357500,350500,357000,2784,0.011331444759206777
2022-07-26,355000,358500,348500,358500,2328,0.004201680672268893
2022-07-27,356500,371500,352000,371500,4601,0.036262203626220346
2022-07-28,371500,381500,365500,371000,5792,-0.0013458950201884479
2022-07-29,375000,389000,367000,378500,8386,0.020215633423180668
2022-08-01,383000,392000,379500,391000,3547,0.03302509907529716
2022-08-02,391000,393500,382000,391500,3399,0.0012787723785165905
2022-08-03,389500,391000,382500,387500,4373,-0.010217113665389577
2022-08-04,387500,389500,383000,386500,1678,-0.002580645161290307
2022-08-05,383500,384500,381000,381500,2179,-0.012936610608020649
2022-08-08,381500,384500,366500,384500,3647,0.007863695937090354
2022-08-09,384500,384500,370000,372500,2977,-0.031209362808842678
2022-08-10,372500,372500,361500,361500,3333,-0.029530201342281903
2022-08-11,365000,365500,362000,365500,1332,0.011065006915629283
2022-08-12,365500,365500,359000,359500,2761,-0.01641586867305067
2022-08-16,360500,361000,346000,356000,3838,-0.009735744089012566
2022-08-17,356000,360000,350500,352000,2602,-0.011235955056179803
2022-08-18,350500,362000,350000,362000,1819,0.02840909090909083
2022-08-19,358000,361500,355000,357500,1393,-0.012430939226519389
2022-08-22,356000,356500,351000,351500,2184,-0.016783216783216814
2022-08-23,350000,354500,344500,350000,3963,-0.004267425320056861
2022-08-24,349000,350000,343000,349000,1478,-0.0028571428571428914
2022-08-25,349500,358500,349500,356500,1538,0.02148997134670494
2022-08-26,357500,360000,356500,356500,606,0.0
2022-08-29,350000,359500,344500,357500,2393,0.0028050490883591017
2022-08-30,358000,364000,357000,362500,1807,0.013986013986013957
2022-08-31,361500,366500,356500,366500,7902,0.011034482758620623
2022-09-01,366000,366000,358500,358500,2027,-0.021828103683492528
2022-09-02,357000,363000,353000,362000,2330,0.009762900976290068
2022-09-05,353500,363000,353500,361500,8621,-0.0013812154696132284
2022-09-06,361500,363000,357500,357500,13596,-0.011065006915629283
2022-09-07,358000,358000,350000,352000,15099,-0.01538461538461533
2022-09-08,350500,353000,349500,349500,16559,-0.007102272727272707
2022-09-13,351000,363000,351000,359500,2542,0.028612303290414864
2022-09-14,355000,363000,351000,361500,3170,0.0055632823365785455
2022-09-15,361500,366500,359500,359500,7329,-0.0055325034578146415
2022-09-16,360000,362500,353000,362000,14161,0.006954102920723182
2022-09-19,357500,363000,356500,356500,2868,-0.015193370165745845
2022-09-20,354000,363500,354000,360500,2725,0.011220196353436185
2022-09-21,359500,370000,359500,365000,2511,0.012482662968099856
2022-09-22,359500,368000,352000,352000,4324,-0.03561643835616435
2022-09-23,352000,352000,346000,347000,12398,-0.014204545454545414
2022-09-26,345000,347000,341500,343000,8532,-0.011527377521613813
2022-09-27,338000,356500,335500,343000,8765,0.0
2022-09-28,346500,355500,334500,334500,8568,-0.02478134110787167
2022-09-29,337500,342500,326000,326500,2765,-0.02391629297458897
2022-09-30,323500,329500,316000,329500,4036,0.009188361408882129
2022-10-04,328500,347500,322500,347000,6579,0.053110773899848196
2022-10-05,350000,350000,336500,337000,1451,-0.028818443804034533
2022-10-06,336500,349000,334000,337500,1958,0.0014836795252226587
2022-10-07,337500,346500,334000,346500,2682,0.026666666666666616
2022-10-11,340500,340500,310000,311500,6738,-0.101010101010101
2022-10-12,311500,316000,302000,305500,3210,-0.019261637239165297
2022-10-13,306500,306500,296500,299000,4031,-0.021276595744680882
2022-10-14,300500,306500,299500,302500,1658,0.0117056856187292
2022-10-17,301500,301500,294500,297000,2584,-0.018181818181818188
2022-10-18,300500,302000,295000,298000,3005,0.0033670033670034627
2022-10-19,298000,299500,293500,293500,3403,-0.015100671140939603
2022-10-20,294000,297000,291500,297000,3433,0.011925042589437718
2022-10-21,297000,303000,295000,303000,1602,0.02020202020202011
2022-10-24,304000,304000,298000,298000,1453,-0.01650165016501648
2022-10-25,298000,298000,288000,288500,4566,-0.03187919463087252
2022-10-26,291000,291000,279000,283500,5245,-0.017331022530329254
2022-10-27,283500,288000,282000,287500,3330,0.014109347442680775
2022-10-28,285000,285000,276000,276000,6158,-0.040000000000000036
2022-10-31,280000,281000,276000,280500,3444,0.016304347826086918
2022-11-01,277500,287000,277500,283500,4248,0.010695187165775444
2022-11-02,284000,289500,280000,288500,2649,0.01763668430335108
2022-11-03,286000,287500,281500,287500,1350,-0.0034662045060658286
2022-11-04,288000,296000,284500,296000,6116,0.029565217391304355
2022-11-07,295000,300000,292500,300000,2830,0.013513513513513598
2022-11-08,302500,306000,298000,305000,8123,0.016666666666666607
2022-11-09,304500,307000,302500,307000,4301,0.006557377049180246
2022-11-10,293000,304500,293000,299000,5648,-0.026058631921824116
2022-11-11,306500,311000,304000,304000,11499,0.01672240802675584
2022-11-14,305000,328500,304500,328500,13688,0.08059210526315796
2022-11-15,329500,331000,322000,330000,4690,0.004566210045662045
2022-11-16,326000,327500,317500,319000,9895,-0.033333333333333326
2022-11-17,319000,321500,314500,314500,4157,-0.014106583072100332
2022-11-18,315500,321500,312500,312500,3007,-0.006359300476947549
2022-11-21,312500,318500,297000,298000,12541,-0.0464
2022-11-22,299000,300000,292000,292000,8529,-0.020134228187919434
2022-11-23,292000,301000,292000,301000,6377,0.03082191780821919
2022-11-24,301000,302000,291500,300500,5745,-0.0016611295681062677
2022-11-25,300000,300000,291500,291500,8081,-0.029950083194675514
2022-11-28,289500,290000,277000,277000,44425,-0.04974271012006859
2022-11-29,278000,287500,275500,282500,39864,0.019855595667870096
2022-11-30,284500,297500,279500,279500,346749,-0.010619469026548645
2022-12-01,286000,288500,278500,278500,90048,-0.003577817531305927
2022-12-02,280500,301000,279500,291500,44516,0.04667863554757634
2022-12-05,298000,314000,298000,314000,35201,0.07718696397941671
2022-12-06,314000,320000,303000,303000,14562,-0.035031847133757954
2022-12-07,305000,312000,298000,298500,17201,-0.014851485148514865
2022-12-08,300500,303500,290000,297500,12498,-0.00335008375209378
2022-12-09,300000,313500,299500,311000,21071,0.04537815126050426
2022-12-12,311500,316000,307500,307500,12804,-0.0112540192926045
2022-12-13,309500,313000,303000,306000,7176,-0.004878048780487809
2022-12-14,306000,313500,305000,309500,8077,0.011437908496731986
2022-12-15,309500,312000,305000,305000,10057,-0.014539579967689842
2022-12-16,302000,313000,299000,313000,31761,0.026229508196721207
2022-12-19,313000,315000,305500,306000,9164,-0.022364217252396124
2022-12-20,306000,311000,301500,302500,15586,-0.011437908496731986
2022-12-21,303000,311000,303000,308500,9489,0.01983471074380172
2022-12-22,310500,315500,308000,312500,6085,0.01296596434359798
2022-12-23,310000,314500,309000,313500,5795,0.0032000000000000917
2022-12-26,313000,313000,305000,310000,4182,-0.011164274322169043
2022-12-27,310000,322000,310000,320500,9485,0.03387096774193554
2022-12-28,317500,325500,310000,321000,14250,0.0015600624024960652
2022-12-29,318500,323000,311000,315500,7294,-0.01713395638629278
2023-01-02,313000,313000,304000,310000,4281,-0.017432646592709933
2023-01-03,309500,310000,302000,304000,7148,-0.01935483870967747
2023-01-04,303500,304000,297000,299000,6513,-0.016447368421052655
2023-01-05,298500,309000,298000,305000,11242,0.02006688963210701
2023-01-06,305000,310500,303000,304000,11114,-0.003278688524590123
2023-01-09,306500,315500,306000,313000,18489,0.02960526315789469
2023-01-10,314500,314500,301500,303000,11614,-0.03194888178913735
2023-01-11,306000,312000,306000,310000,27187,0.02310231023102305
2023-01-12,308500,309000,303000,304500,15875,-0.01774193548387093
2023-01-13,305000,309000,301500,302500,20340,-0.006568144499178974
2023-01-16,303500,310500,302000,305500,5894,0.009917355371900749
2023-01-17,306500,309500,301500,303000,7066,-0.008183306055646433
2023-01-18,303000,304500,299000,301500,8105,-0.004950495049504955
2023-01-19,301500,305000,299000,303500,9666,0.0066334991708125735
2023-01-20,304000,313500,303500,307000,38621,0.011532125205930832
2023-01-25,309000,314000,306500,307500,16558,0.0016286644951140072
2023-01-26,308000,311000,306000,309500,9704,0.006504065040650486
2023-01-27,310500,326000,310500,325000,35508,0.050080775444264924
2023-01-30,326500,329000,315000,316500,10955,-0.026153846153846194
2023-01-31,316000,318500,314000,317500,5092,0.003159557661927437
2023-02-01,312500,312500,295500,297000,34532,-0.06456692913385831
2023-02-02,299500,301000,296000,297000,11950,0.0
2023-02-03,297000,300000,295000,297500,7142,0.0016835016835017313
2023-02-06,297000,299000,294500,296000,4681,-0.005042016806722671
2023-02-07,296500,297500,294500,296500,5480,0.0016891891891892552
2023-02-08,297000,297000,293500,295000,6639,-0.005059021922428353
2023-02-09,295000,304500,292000,300000,19094,0.016949152542372836
2023-02-10,300000,305500,298500,304000,15258,0.01333333333333342
2023-02-13,305000,305000,298500,301500,9217,-0.008223684210526327
2023-02-14,302000,303500,301000,302500,7655,0.0033167495854062867
2023-02-15,303000,303000,296000,299000,47927,-0.011570247933884281
2023-02-16,299000,300000,296000,298000,90120,-0.0033444816053511683
2023-02-17,296000,298000,293500,294500,6888,-0.011744966442952975
2023-02-20,296000,298500,294000,296000,4532,0.005093378607809784
2023-02-21,297000,298500,294500,295000,2194,-0.0033783783783783994
2023-02-22,294000,294000,290500,292500,5208,-0.008474576271186418
2023-02-23,292500,294000,290500,292500,3482,0.0
2023-02-24,292500,292500,289000,289500,4799,-0.01025641025641022
2023-02-27,289500,289500,283500,285500,5554,-0.013816925734024155
2023-02-28,285000,288000,284500,286000,4472,0.0017513134851139256
2023-03-02,286000,292500,286000,288500,4717,0.00874125874125875
2023-03-03,288000,290000,285000,285500,65159,-0.010398613518197597
2023-03-06,286500,291000,285000,285000,33326,-0.0017513134851138146
2023-03-07,285500,286000,282000,283000,4887,-0.007017543859649145
2023-03-08,283000,283000,276000,277000,8526,-0.021201413427561877
2023-03-09,277000,277500,267500,267500,12654,-0.03429602888086647
2023-03-10,266500,267000,258000,259500,13961,-0.029906542056074792
2023-03-13,256000,262000,250000,260500,10967,0.003853564547206201
2023-03-14,260000,260000,253000,253500,4879,-0.026871401151631447
2023-03-15,255500,258500,252000,253000,6574,-0.0019723865877712132
2023-03-16,250500,250500,242500,243000,8313,-0.03952569169960474
2023-03-17,244500,251000,244500,245000,6504,0.008230452674897082
2023-03-20,245500,256000,241000,243500,7543,-0.006122448979591799
2023-03-21,245500,252000,244000,252000,6933,0.03490759753593431
2023-03-22,252500,253000,243000,245000,9047,-0.02777777777777779
2023-03-23,243000,246000,241500,244500,5817,-0.0020408163265306367
2023-03-24,245500,246000,239500,240500,17477,-0.01635991820040905
2023-03-27,240000,242500,238500,239000,7714,-0.006237006237006182
2023-03-28,240000,242500,237500,239000,26466,0.0
2023-03-29,239000,243500,238500,240500,6269,0.006276150627614996
2023-03-30,243000,243000,240500,241500,3445,0.004158004158004047
2023-03-31,243500,248000,242000,247500,5175,0.024844720496894457
2023-04-03,247000,249000,246000,247000,3699,-0.002020202020202033
2023-04-04,248500,250000,245500,250000,5353,0.012145748987854255
2023-04-05,250000,255000,249500,252500,4588,0.010000000000000009
2023-04-06,253000,253500,249000,249500,4760,-0.011881188118811892
2023-04-07,248000,260000,247000,259000,7316,0.038076152304609145
2023-04-10,259000,261500,253500,259500,6546,0.0019305019305020377
2023-04-11,259000,269000,257500,263500,12258,0.015414258188824581
2023-04-12,264000,267500,259500,265000,7526,0.005692599620493288
2023-04-13,266500,268000,263500,267500,5405,0.009433962264151052
2023-04-14,268500,273000,265000,269500,6930,0.007476635514018781
2023-04-17,270500,271500,266500,271500,5228,0.007421150278293043
2023-04-18,271500,282500,268500,282000,14183,0.03867403314917128
2023-04-19,282500,285000,280500,283000,9322,0.0035460992907800915
2023-04-20,283000,284000,279500,279500,4358,-0.012367491166077715
2023-04-21,279000,279000,262000,263000,11761,-0.05903398926654746
2023-04-24,263000,267500,257000,265000,6521,0.0076045627376426506
2023-04-25,265000,268000,261000,264500,4561,-0.0018867924528301883
2023-04-26,264500,272500,262000,271000,6830,0.02457466918714557
2023-04-27,271500,273000,266500,271000,4481,0.0
2023-04-28,270000,275000,264500,267500,7862,-0.01291512915129156
2023-05-02,268000,272500,266500,271000,7222,0.013084112149532645
2023-05-03,271000,272500,259500,262000,8225,-0.03321033210332103
2023-05-04,261000,261000,255500,258000,13198,-0.01526717557251911
2023-05-08,258500,260000,256500,259500,2453,0.005813953488372103
2023-05-09,261000,261000,255000,257000,7258,-0.009633911368015391
2023-05-10,257000,259500,249000,249000,6527,-0.0311284046692607
2023-05-11,251000,254000,250500,251000,2141,0.008032128514056325
2023-05-12,251000,251500,248500,248500,2063,-0.009960159362549792
2023-05-15,249500,250000,245000,245500,5151,-0.012072434607645843
2023-05-16,247000,248000,245000,245000,1838,-0.0020366598778004397
2023-05-17,245000,246000,244000,245000,2360,0.0
2023-05-18,247000,247000,243500,245000,2724,0.0
2023-05-19,245000,248500,245000,247500,3419,0.010204081632652962
2023-05-22,248000,252000,246500,250000,6094,0.010101010101010166
2023-05-23,250000,255500,248500,253500,8305,0.014000000000000012
2023-05-24,253500,253500,247000,249500,4815,-0.015779092702169595
2023-05-25,249500,250000,243000,244000,8159,-0.022044088176352727
2023-05-26,245500,245500,240500,241500,4920,-0.010245901639344246
2023-05-30,242500,243500,234500,234500,9877,-0.02898550724637683
2023-05-31,235500,238000,227000,227000,9835,-0.031982942430703654
2023-06-01,227000,233000,227000,232500,6121,0.02422907488986792
2023-06-02,234000,237000,233000,236500,2432,0.017204301075268713
2023-06-05,238000,239500,236500,238000,2993,0.00634249471458781
2023-06-07,236000,240500,236000,236500,1467,-0.006302521008403339
2023-06-08,237500,238000,235000,235000,3977,-0.006342494714587699
2023-06-09,234500,239000,234500,235000,4481,0.0
2023-06-12,235000,235000,230000,231000,5303,-0.017021276595744705
2023-06-13,231500,233000,229500,229500,4947,-0.00649350649350644
2023-06-14,230000,231500,226000,226500,8835,-0.013071895424836555
2023-06-15,226500,229500,222000,222500,11126,-0.017660044150110354
2023-06-16,222500,225500,221000,223000,15571,0.0022471910112360494
2023-06-19,223500,223500,220000,221500,60785,-0.006726457399103158
2023-06-20,222000,223500,218500,219000,7441,-0.011286681715575675
2023-06-21,218000,218000,209500,209500,22951,-0.04337899543378998
2023-06-22,210000,212000,199900,201500,43432,-0.03818615751789978
2023-06-23,202000,202500,200000,201000,6550,-0.002481389578163795
2023-06-26,199500,202000,198700,199600,8564,-0.006965174129353269
2023-06-27,199600,199600,195600,195800,7191,-0.019038076152304573
2023-06-28,195900,196500,193900,193900,5343,-0.009703779366700749
2023-06-29,193500,194600,187900,188000,11032,-0.030428055698813794
2023-06-30,187500,189900,187100,187500,6222,-0.0026595744680850686
2023-07-03,187500,189000,187200,187400,6888,-0.0005333333333333856
2023-07-04,187100,187400,185200,185400,7757,-0.01067235859124871
2023-07-05,186300,186300,182000,182000,7251,-0.01833872707659112
2023-07-06,182000,182000,178300,179800,9771,-0.012087912087912045
2023-07-07,179600,179600,171400,172600,21806,-0.04004449388209119
2023-07-10,172500,177000,172500,175600,4769,0.017381228273464666
2023-07-11,176500,179100,175900,178400,4726,0.015945330296127658
2023-07-12,179300,184400,178500,183300,10792,0.02746636771300448
2023-07-13,184400,186600,182600,183700,8019,0.0021822149481725006
2023-07-14,184000,186700,183000,186000,9198,0.012520413718018597
2023-07-17,186000,187900,183300,185900,5149,-0.0005376344086021057
2023-07-18,184500,187800,184100,185900,8119,0.0
2023-07-19,185900,186000,183100,185900,4059,0.0
2023-07-20,185600,185600,183100,183500,2849,-0.012910166756320618
2023-07-21,183300,183500,181600,182000,5299,-0.008174386920980936
2023-07-24,182000,182000,176000,177900,6039,-0.02252747252747256
2023-07-25,177900,178700,176000,177800,4435,-0.0005621135469364713
2023-07-26,177000,177000,167900,170000,15043,-0.04386951631046121
2023-07-27,170300,187000,170000,185000,18453,0.08823529411764697
2023-07-28,184000,184000,175200,175800,8421,-0.04972972972972978
2023-07-31,175000,183100,174700,181600,6775,0.03299203640500559
2023-08-01,182800,189300,182000,188100,9403,0.03579295154185025
2023-08-02,187000,192300,185400,191000,9711,0.015417331206804885
2023-08-03,190800,192400,185300,190700,7798,-0.0015706806282722585
2023-08-04,192000,197300,191100,192800,8856,0.01101206082852646
2023-08-07,192600,193100,189300,190000,4899,-0.014522821576763434
2023-08-08,191000,191500,186100,187900,5231,-0.011052631578947314
2023-08-09,185700,188200,185700,187600,1035,-0.0015965939329430912
2023-08-10,194200,210500,194200,205000,29869,0.09275053304904057
2023-08-11,209000,213500,200000,202000,10752,-0.014634146341463428
2023-08-14,209000,210000,199400,199400,10008,-0.012871287128712883
2023-08-16,199900,200000,188300,190000,7695,-0.04714142427281842
2023-08-17,188800,188900,182700,184500,4455,-0.02894736842105261
2023-08-18,183500,187900,181900,183400,4132,-0.005962059620596261
2023-08-21,183000,184600,181200,182300,2595,-0.005997818974918245
2023-08-22,182700,183800,179100,180000,3409,-0.012616566099835413
2023-08-23,179600,182000,178200,178400,2343,-0.008888888888888835
2023-08-24,179800,183400,178500,181300,2732,0.016255605381165994
2023-08-25,181300,186600,180900,186300,5991,0.027578599007170412
2023-08-28,188900,190500,187600,188500,3836,0.01180891035963505
2023-08-29,188500,190000,185400,186500,2434,-0.010610079575596787
2023-08-30,186700,194200,186700,193400,6574,0.03699731903485248
2023-08-31,194200,194500,190900,191200,8477,-0.011375387797311287
2023-09-01,192000,199600,191400,196000,9699,0.025104602510460206
2023-09-04,197100,197100,189000,197000,5355,0.005102040816326481
2023-09-05,196000,197700,193600,195000,3115,-0.010152284263959421
2023-09-06,195000,195400,193400,193700,1340,-0.00666666666666671
2023-09-07,193700,193700,189000,191600,3673,-0.010841507485802815
2023-09-08,191500,191600,188200,190500,1943,-0.00574112734864296
2023-09-11,191600,191600,186000,188700,2524,-0.009448818897637823
2023-09-12,188800,193000,188800,190200,2315,0.007949125596184325
2023-09-13,190000,190000,182700,184000,6307,-0.03259726603575186
2023-09-14,185100,185600,183000,183700,3986,-0.001630434782608714
2023-09-15,184100,185600,180600,182900,11803,-0.004354926510615087
2023-09-18,182900,183700,181500,183100,4254,0.0010934937124111865
2023-09-19,183100,185400,182300,184000,4872,0.004915346805024479
2023-09-20,181000,182500,179000,179500,7427,-0.024456521739130488
2023-09-21,180000,180100,177000,177200,2984,-0.012813370473537589
2023-09-22,174800,176000,172000,173300,5944,-0.02200902934537241
2023-09-25,173000,176200,173000,175400,8508,0.012117714945181657
2023-09-26,174500,174800,170900,171700,8000,-0.02109464082098067
2023-09-27,173000,174400,171000,174400,4839,0.015725101921956863
2023-10-04,174000,174100,168000,169600,6382,-0.02752293577981646
2023-10-05,169600,170000,168100,168300,4082,-0.007665094339622591
2023-10-06,166900,168700,165300,166000,5766,-0.013666072489601944
2023-10-10,166000,169900,165000,166400,2415,0.002409638554216942
2023-10-11,166200,167800,165300,166200,3636,-0.0012019230769231282
2023-10-12,166300,167800,165500,166900,3094,0.004211793020457266
2023-10-13,166000,167300,165500,165800,5070,-0.006590772917914878
2023-10-16,165000,165600,164400,164900,2955,-0.005428226779252143
2023-10-17,165000,168200,165000,166900,3826,0.012128562765312267
2023-10-18,166500,166500,164500,165200,4362,-0.010185739964050367
2023-10-19,164000,164700,160100,161300,10442,-0.02360774818401934
2023-10-20,161300,162800,159500,161000,10096,-0.0018598884066955979
2023-10-23,160900,162700,160000,161000,4937,0.0
2023-10-24,160100,161500,158400,160600,6351,-0.00248447204968949
2023-10-25,160500,170300,160500,168200,8800,0.04732254047322537
2023-10-26,168000,168600,165600,167000,4766,-0.007134363852556502
2023-10-27,161700,161900,139900,140800,59233,-0.15688622754491022
2023-10-30,140800,141800,139500,139600,19035,-0.008522727272727293
2023-10-31,140200,142900,139700,141600,16374,0.014326647564469885
2023-11-01,141600,142300,140400,141000,13571,-0.004237288135593209
2023-11-02,141500,141500,134600,135100,80759,-0.04184397163120568
2023-11-03,136000,142800,135100,141100,26533,0.04441154700222061
2023-11-06,143200,152300,142200,151900,17667,0.07654145995747696
2023-11-07,152500,154500,150100,153400,16341,0.00987491770901916
2023-11-08,153400,154800,150400,151900,6682,-0.009778357235984303
2023-11-09,151900,152900,148800,150100,3797,-0.011849901250822859
2023-11-10,147600,149800,140300,146800,3019,-0.021985343104596988
2023-11-13,147200,147500,143900,144100,3122,-0.018392370572207106
2023-11-14,144200,145600,143400,144300,3206,0.001387925052047212
2023-11-15,145900,148900,145400,148100,9288,0.026334026334026372
2023-11-16,148100,152800,148100,152000,8278,0.026333558406482105
2023-11-17,152000,152200,148500,149500,7034,-0.016447368421052655
2023-11-20,150900,152600,150100,151800,7304,0.01538461538461533
2023-11-21,152100,152200,150000,152200,5057,0.0026350461133068936
2023-11-22,152100,152100,148400,148500,7170,-0.02431011826544016
2023-11-23,149000,149900,148200,148700,3155,0.0013468013468014295
2023-11-24,148700,148700,146100,146100,4517,-0.01748486886348355
2023-11-27,146400,147700,144000,145100,3717,-0.006844626967830281
2023-11-28,145900,145900,144300,144600,3009,-0.00344589937973816
2023-11-29,145000,145000,143100,143800,3363,-0.0055325034578146415
2023-11-30,143900,145200,142800,142800,4975,-0.006954102920723182
2023-12-01,143100,143100,140900,141600,6766,-0.008403361344537785
2023-12-04,141900,142500,141200,142200,4312,0.004237288135593209
2023-12-05,142200,142300,140600,140900,5783,-0.00914205344585095
2023-12-06,140300,141700,140300,141200,6045,0.002129169623846794
2023-12-07,141200,141500,140200,140900,6125,-0.0021246458923512845
2023-12-08,141700,141700,140000,140700,11424,-0.0014194464158977516
2023-12-11,140100,142700,140000,141800,7718,0.00781805259417201
2023-12-12,142200,143000,141600,142500,4807,0.0049365303244006675
2023-12-13,142000,148900,142000,148400,16219,0.041403508771929776
2023-12-14,149000,156700,149000,155700,18401,0.04919137466307277
2023-12-15,156500,157800,153100,153100,12582,-0.01669877970456002
2023-12-18,154000,155400,153600,155000,3728,0.01241018941868055
2023-12-19,155500,160800,154800,160800,9129,0.03741935483870962
2023-12-20,161700,164200,160900,162300,15388,0.009328358208955168
2023-12-21,162300,163900,160000,162300,6858,0.0
2023-12-22,163500,163500,160300,160600,3813,-0.010474430067775709
2023-12-26,160000,162400,157800,157900,4338,-0.016811955168119508
2023-12-27,156300,158000,154400,155600,4061,-0.014566181127295796
2023-12-28,154700,158500,154700,158100,3682,0.016066838046272514
2024-01-02,158000,158200,155200,157600,2792,-0.003162555344718543
2024-01-03,157500,157500,153600,154200,3720,-0.021573604060913687
2024-01-04,154000,155400,152000,153200,4553,-0.006485084306095956
2024-01-05,153800,153800,151200,152300,3575,-0.005874673629242766
2024-01-08,152300,152300,149100,149800,3155,-0.01641497045305318
2024-01-09,148700,151100,148700,150500,2155,0.004672897196261738
2024-01-10,150900,150900,147600,147900,3261,-0.017275747508305628
2024-01-11,147800,147800,145400,145600,4157,-0.015551048005409074
2024-01-12,144600,145300,143500,143500,4771,-0.014423076923076872
2024-01-15,144200,144200,142500,142700,1426,-0.0055749128919860835
2024-01-16,143000,143000,140500,141800,3653,-0.00630693763139456
2024-01-17,142000,142000,138300,138500,4782,-0.023272214386459766
2024-01-18,138500,145600,138500,143000,11356,0.032490974729241895
2024-01-19,144200,145800,140900,142300,5159,-0.004895104895104918
2024-01-22,142900,144400,141500,144000,2947,0.01194659170765977
2024-01-23,142000,144000,142000,142800,2354,-0.008333333333333304
2024-01-24,142800,143000,140200,140900,2659,-0.013305322128851493
2024-01-25,140900,140900,138600,140300,4991,-0.004258339247693366
2024-01-26,140600,141000,138900,140100,2612,-0.0014255167498218313
2024-01-29,140800,142000,138000,140100,3596,0.0
2024-01-30,140100,142500,139700,140300,3734,0.001427551748750977
2024-01-31,139500,140300,136100,136800,6937,-0.024946543121881715
2024-02-01,137000,140100,136200,138800,7780,0.014619883040935644
2024-02-02,139500,142600,139500,141600,5305,0.020172910662824117
2024-02-05,141600,141900,139900,141700,4187,0.0007062146892655718
2024-02-06,142700,144900,141600,143200,2502,0.010585744530698715
2024-02-07,143400,146000,142800,142800,4479,-0.0027932960893854997
2024-02-08,143400,144600,143100,143500,1709,0.004901960784313708
2024-02-13,143500,144100,140000,141400,3754,-0.014634146341463428
2024-02-14,141400,142300,139700,141300,3486,-0.0007072135785006761
2024-02-15,141400,154000,141400,152500,23442,0.07926397735314938
2024-02-16,154800,161000,151000,161000,17103,0.05573770491803276
2024-02-19,161000,167200,157300,166400,16681,0.03354037267080745
2024-02-20,166400,168700,163000,166000,7092,-0.0024038461538461453
2024-02-21,166000,166000,160100,165400,6103,-0.0036144578313253017
2024-02-22,165000,166000,162200,163100,3519,-0.013905683192261153
2024-02-23,165800,165800,157800,160000,5425,-0.019006744328632696
2024-02-26,159900,162800,156000,161000,9240,0.006250000000000089
2024-02-27,161000,161000,154200,154500,6332,-0.04037267080745344
2024-02-28,157000,160200,154500,159300,27642,0.03106796116504862
2024-02-29,159300,159900,152000,154000,8921,-0.03327055869428752
2024-03-04,154000,155300,151200,152500,7931,-0.009740259740259716
2024-03-05,152200,158300,152200,156900,6703,0.02885245901639344
2024-03-06,157000,161900,155300,159700,6861,0.017845761631612556
2024-03-07,161900,161900,157500,160000,3883,0.0018785222291797243
2024-03-08,160400,160400,155100,156500,6821,-0.021874999999999978
2024-03-11,157500,160400,156100,160000,8388,0.022364217252396124
2024-03-12,160200,160200,154100,157000,9069,-0.018750000000000044
2024-03-13,157700,158000,156100,156300,2476,-0.004458598726114649
2024-03-14,157800,160800,156000,159100,8400,0.01791426743442104
2024-03-15,158400,158400,152000,152000,14367,-0.044626021370207436
2024-03-18,152300,154400,152000,152700,4805,0.004605263157894779
2024-03-19,152800,153500,151300,151400,5984,-0.008513425016371978
2024-03-20,152300,161700,152300,161400,23079,0.06605019815059454
2024-03-21,162000,168000,160500,167000,20955,0.03469640644361838
2024-03-22,167100,168300,162700,167700,11143,0.004191616766467066
2024-03-25,167700,169900,166900,168000,7356,0.0017889087656528524
2024-03-26,168000,169300,165900,167600,4261,-0.0023809523809523725
2024-03-27,167800,172000,165300,170100,7848,0.014916467780429654
2024-03-28,171000,171500,168300,170000,7817,-0.0005878894767783471
2024-03-29,171000,171900,168000,168100,5710,-0.011176470588235343
2024-04-01,168400,179200,168400,177800,16532,0.057703747769185076
2024-04-02,178400,180000,174100,175500,10276,-0.012935883014623117
2024-04-03,175500,177900,172800,173300,9311,-0.012535612535612528
2024-04-04,175800,176000,170100,173500,6013,0.0011540680900172795
2024-04-05,173400,173400,169000,170400,7508,-0.01786743515850142
2024-04-08,169000,171800,166100,171400,5170,0.005868544600938996
2024-04-09,171600,175000,169900,171100,6615,-0.0017502917152858455
2024-04-11,171100,171100,166000,166900,7566,-0.02454704850964351
2024-04-12,167200,171500,166500,170500,4419,0.02156980227681249
2024-04-15,169000,174400,167400,173900,6352,0.01994134897360711
2024-04-16,171000,175200,168100,169300,8457,-0.02645198389879244
2024-04-17,170200,175700,170000,173500,7028,0.024808033077377445
2024-04-18,173600,176500,171400,172600,7647,-0.005187319884726205
2024-04-19,173000,173500,167500,171400,6194,-0.006952491309385911
2024-04-22,171400,175500,170700,174300,5419,0.016919486581096876
2024-04-23,176000,178000,174300,177500,8492,0.018359150889271314
2024-04-24,177400,178900,175000,178100,4997,0.0033802816901409294
2024-04-25,178100,178500,173000,177800,7936,-0.0016844469399214246
2024-04-26,181300,182500,176000,180400,5715,0.01462317210348707
2024-04-29,180900,183200,179300,181800,8885,0.0077605321507761005
2024-04-30,181900,187900,181400,187300,20303,0.030253025302530157
2024-05-02,187300,190000,185000,189100,13406,0.009610250934329878
2024-05-03,187300,190000,186700,187800,5783,-0.00687466948704385
2024-05-07,187800,191300,187600,191300,13667,0.01863684771033003
2024-05-08,191100,194300,189200,190100,8000,-0.006272869837950834
2024-05-09,191400,199400,190700,198700,18451,0.04523934771173077
2024-05-10,198900,207000,197300,202500,10377,0.019124308002013146
2024-05-13,202500,204500,197500,198200,4977,-0.02123456790123457
2024-05-14,198600,201500,196200,198200,6563,0.0
2024-05-16,198200,201000,196500,199200,6662,0.005045408678102881
2024-05-17,199200,199200,194100,195100,7768,-0.02058232931726911
2024-05-20,195000,197000,191100,193000,7254,-0.010763710917478186
2024-05-21,193000,196400,191600,193200,9593,0.0010362694300518616
2024-05-22,195300,195700,191600,194800,19491,0.008281573498964745
2024-05-23,194600,196000,190200,191000,12334,-0.019507186858316206
2024-05-24,189900,191000,184300,186100,11752,-0.02565445026178015
2024-05-27,186300,188400,182700,184000,5910,-0.011284255776464303
2024-05-28,185600,185600,180300,180500,4076,-0.01902173913043481
2024-05-29,182800,183000,179200,180000,5774,-0.0027700831024930483
2024-05-30,179000,181500,175100,176500,7273,-0.019444444444444486
2024-05-31,176100,184700,173800,184700,11303,0.04645892351274794
2024-06-03,182200,182400,177600,179500,11707,-0.028153762858689757
2024-06-04,180000,180000,170000,170000,12477,-0.05292479108635095
2024-06-05,170000,175500,168800,170900,7295,0.0052941176470588935
2024-06-07,171900,172300,168300,169400,7558,-0.008777062609713338
2024-06-10,169400,169400,164400,165600,8380,-0.022432113341204207
2024-06-11,165800,169800,165200,165600,4637,0.0
2024-06-12,165600,167700,165300,166300,4824,0.004227053140096526
2024-06-13,167000,167800,162900,162900,7687,-0.020444978953698123
2024-06-14,163500,164500,160000,163600,8597,0.0042971147943524635
2024-06-17,163600,164300,160000,161300,5747,-0.014058679706601462
2024-06-18,161300,163900,159700,161600,6320,0.0018598884066955979
2024-06-19,161600,162900,159600,159900,4419,-0.010519801980197974
2024-06-20,159900,162400,156700,156900,4566,-0.018761726078799223
2024-06-21,156300,157700,155000,155000,5578,-0.01210962396430848
2024-06-24,155100,156400,153100,153300,4034,-0.010967741935483888
2024-06-25,153300,154700,153000,153300,2012,0.0
2024-06-26,153500,154400,153100,154100,1531,0.005218525766470972
2024-06-27,153000,158500,149800,149800,6849,-0.02790395846852689
2024-06-28,150200,152500,148600,152500,6256,0.018024032042723626
2024-07-01,151000,157000,150500,156300,6880,0.024918032786885203
2024-07-02,156500,159900,153200,157100,6389,0.0051183621241202015
2024-07-03,157100,157300,151000,151100,6902,-0.038192234245703394
2024-07-04,150500,152000,149200,150600,3311,-0.0033090668431502435
2024-07-05,149700,152300,149500,151200,7042,0.003984063745019917
2024-07-08,151900,153500,150900,153300,5006,0.01388888888888884
2024-07-09,152800,155800,152800,153600,4667,0.001956947162426559
2024-07-10,154400,154400,152700,153100,3837,-0.0032552083333333703
2024-07-11,153100,154000,151200,153100,4195,0.0
2024-07-12,151500,154500,151500,152000,3431,-0.007184846505551956
2024-07-15,152000,152400,150400,150400,4885,-0.010526315789473717
2024-07-16,151000,151000,149500,149500,3454,-0.005984042553191515
2024-07-17,149500,152800,149500,152000,3350,0.01672240802675584
2024-07-18,151900,155400,151000,155400,6688,0.022368421052631593
2024-07-19,155400,155800,152400,153300,1944,-0.013513513513513487
2024-07-22,153300,154500,152600,154400,3110,0.0071754729288975305
2024-07-23,152500,156000,151300,152500,3719,-0.012305699481865329
2024-07-24,152500,155800,152200,152600,2117,0.0006557377049181135
2024-07-25,151200,153900,150000,152100,3748,-0.003276539973787629
2024-07-26,152800,157100,152700,154900,4196,0.018408941485864583
2024-07-29,156700,159400,155300,158400,2738,0.022595222724338226
2024-07-30,158400,158900,155100,156000,2050,-0.015151515151515138
2024-07-31,156900,157800,154300,155300,3527,-0.004487179487179471
2024-08-01,155300,158300,155300,156300,4287,0.00643915003219564
2024-08-02,156300,157900,155300,157000,4059,0.004478566858605149
2024-08-05,156900,156900,141500,147100,11428,-0.06305732484076432
2024-08-06,147200,154300,147100,154000,6872,0.04690686607749828
2024-08-07,154000,155300,151300,151300,4764,-0.01753246753246751
2024-08-08,150500,153400,150100,152000,7385,0.004626569729015095
2024-08-09,153000,153300,148300,150100,3758,-0.012499999999999956
2024-08-12,149000,152700,149000,151800,2799,0.011325782811459018
2024-08-13,151700,151800,148400,149000,3106,-0.01844532279314892
2024-08-14,148500,151100,148500,149700,2651,0.004697986577181235
2024-08-16,150500,152100,150500,152100,1857,0.01603206412825653
2024-08-19,152000,152100,149800,151700,2608,-0.002629848783694988
2024-08-20,152500,152500,150400,150800,1929,-0.005932762030323002
2024-08-21,151000,152200,150300,150900,2779,0.0006631299734747298
2024-08-22,151400,151900,150700,151200,2411,0.001988071570576455
2024-08-23,151000,151900,150400,151100,1706,-0.000661375661375696
2024-08-26,152000,152000,149600,150400,2526,-0.0046326935804102964
2024-08-27,151500,152500,150100,152000,1712,0.010638297872340496
2024-08-28,152000,167100,152000,157000,6882,0.03289473684210531
2024-08-29,155000,157600,154500,157500,1646,0.0031847133757962887
2024-08-30,156500,159800,156400,159800,2560,0.014603174603174507
2024-09-02,160000,161600,158300,161100,3406,0.008135168961201478
2024-09-03,161100,161500,150900,160100,4330,-0.0062073246430788265
2024-09-04,156000,158700,153200,153800,2975,-0.03935040599625239
2024-09-05,154500,160300,154000,159300,4329,0.03576072821846554
2024-09-06,159600,165000,149800,155500,2530,-0.023854362837413712
2024-09-09,150500,155900,150500,155300,3031,-0.0012861736334405238
2024-09-10,155300,158000,154600,155200,2044,-0.0006439150032195862
2024-09-11,155100,161500,154900,159000,4258,0.02448453608247414
2024-09-12,158100,158700,156000,157900,3229,-0.00691823899371069
2024-09-13,158800,158800,154100,154800,4080,-0.019632678910702972
2024-09-19,154800,155300,150600,151800,5036,-0.019379844961240345
2024-09-20,151200,153200,149200,149200,6508,-0.017127799736495364
2024-09-23,149900,151100,149200,150400,2960,0.008042895442359255
2024-09-24,151000,151800,150400,151500,2489,0.007313829787233939
2024-09-25,151800,161000,151800,159000,12347,0.04950495049504955
2024-09-26,158000,158800,155000,157500,4753,-0.009433962264150941
2024-09-27,158900,163900,157500,161300,12903,0.02412698412698422
2024-09-30,161500,163300,159900,160100,6393,-0.007439553626782391
2024-10-02,159200,162400,150400,160800,10619,0.004372267332916957
2024-10-04,160000,161300,157500,158800,5200,-0.01243781094527363
2024-10-07,161100,161100,157500,158100,3076,-0.004408060453400475
2024-10-08,158100,158200,151000,151400,9066,-0.04237824161922832
2024-10-10,152300,153000,151300,151600,4452,0.0013210039630118242
2024-10-11,151700,152800,151100,151700,3253,0.0006596306068602509
2024-10-14,152900,152900,150600,150900,2481,-0.005273566249175965
2024-10-15,151800,151900,150600,151100,1632,0.001325381047051044
2024-10-16,151100,151700,150500,151100,1563,0.0
2024-10-17,150500,152000,150500,151000,1386,-0.0006618133686300265
2024-10-18,151000,152400,150700,152400,1847,0.009271523178807861
2024-10-21,152300,153000,151000,151600,1067,-0.005249343832021025
2024-10-22,152300,152300,150600,151600,1414,0.0
2024-10-23,152200,152900,151200,151800,2220,0.0013192612137202797
2024-10-24,151900,152500,151200,152100,930,0.0019762845849802257
2024-10-25,152700,152700,149400,149700,2321,-0.015779092702169595
2024-10-28,149700,150800,149700,150200,1242,0.0033400133600534065
2024-10-29,150800,150800,148800,149600,1976,-0.003994673768308976
2024-10-30,148800,149500,144700,144700,7417,-0.03275401069518713
2024-10-31,145000,146400,144600,145700,2216,0.006910850034554272
2024-11-01,145800,145900,144700,145400,2627,-0.0020590253946465298
2024-11-04,145400,146400,145100,145500,2144,0.0006877579092159358
2024-11-05,145800,146500,145300,146000,1942,0.0034364261168384758
2024-11-06,146500,146800,145000,145300,2934,-0.004794520547945158
2024-11-07,145400,145500,144100,144600,3133,-0.004817618719889838
2024-11-08,144800,146000,144800,145000,2759,0.0027662517289073207
2024-11-11,145000,145000,142000,142700,2447,-0.01586206896551723
2024-11-12,142700,142700,138300,140000,5048,-0.01892081289418357
2024-11-13,140000,141500,138100,138500,2694,-0.010714285714285676
2024-11-14,138300,144700,138200,140300,2579,0.012996389891696714
2024-11-15,140300,142200,138100,142100,3380,0.01282965074839626
2024-11-18,142100,144700,140200,142900,3885,0.005629838142153343
2024-11-19,142900,143800,141300,141300,1576,-0.011196641007697683
2024-11-20,142800,142800,138900,139600,2549,-0.012031139419674486
2024-11-21,141000,141000,138400,138500,2763,-0.007879656160458492
2024-11-22,138500,152200,138500,147000,10739,0.06137184115523464
2024-11-25,147100,149900,145900,145900,6253,-0.007482993197278964
2024-11-26,145900,147400,145300,145600,2810,-0.0020562028786840214
2024-11-27,146500,146500,142800,143100,2232,-0.01717032967032972
2024-11-28,143700,143700,138200,141100,4275,-0.013976240391334716
2024-11-29,141100,142800,138600,140000,3721,-0.007795889440113446
2024-12-02,140100,144000,139100,139900,2459,-0.0007142857142856673
2024-12-03,139700,142400,139400,141100,4305,0.008577555396712011
2024-12-04,139000,139200,136500,137300,11561,-0.02693125442948263
2024-12-05,137200,137600,136200,136600,4418,-0.0050983248361252675
2024-12-06,136900,137900,135600,137300,5518,0.005124450951683679
2024-12-09,137000,139000,135200,137300,5061,0.0
2024-12-10,137900,140400,137700,138900,3158,0.011653313911143437
2024-12-11,139500,140600,138700,139600,3758,0.005039596832253412
2024-12-12,139600,141500,138500,140500,4106,0.006446991404011504
2024-12-13,140500,141300,139700,140700,2821,0.00142348754448407
2024-12-16,141000,141800,139400,140000,2355,-0.00497512437810943
2024-12-17,140000,140200,138300,139500,3715,-0.0035714285714285587
2024-12-18,139400,139500,136600,139400,8609,-0.0007168458781362519
2024-12-19,137700,138900,137600,138400,1758,-0.00717360114777621
2024-12-20,138400,138400,136600,136600,2976,-0.013005780346820761
2024-12-23,136700,137900,136400,137200,1879,0.004392386530014614
2024-12-24,137500,137900,137100,137400,1663,0.001457725947521915
2024-12-26,137500,137800,137000,137300,1487,-0.0007278020378457262
2024-12-27,137900,137900,135700,136500,2774,-0.0058266569555717185
2024-12-30,136500,137600,135200,137600,1003,0.00805860805860803
2025-01-02,136400,137800,135900,136400,1351,-0.008720930232558155
2025-01-03,136400,137100,136100,136100,2745,-0.0021994134897360684
2025-01-06,136100,136900,136100,136600,1521,0.0036737692872887973
2025-01-07,136900,137900,136300,136300,1519,-0.002196193265007307
2025-01-08,136200,136600,135600,135800,4101,-0.003668378576669129
2025-01-09,136000,136000,135200,135500,3137,-0.0022091310751104487
2025-01-10,135600,135600,133800,134400,6317,-0.00811808118081181
2025-01-13,134400,134400,131300,131500,10550,-0.02157738095238093
2025-01-14,131500,132500,130800,132300,7415,0.006083650190114032
2025-01-15,132600,132600,129700,130000,8130,-0.017384731670445963
2025-01-16,131000,131400,129200,129800,6682,-0.0015384615384614886
2025-01-17,130200,130200,128100,128800,9017,-0.007704160246533087
2025-01-20,128700,128700,126300,126700,6314,-0.016304347826086918
2025-01-21,126300,128000,126300,127700,2732,0.007892659826361559
2025-01-22,127700,128200,126900,127500,6920,-0.001566170712607673
2025-01-23,127500,127500,126300,126600,3013,-0.007058823529411784
2025-01-24,126600,126600,125100,126400,3915,-0.0015797788309637184
2025-01-31,126400,130200,125800,129800,9493,0.02689873417721511
2025-02-03,129600,129600,125300,126900,6004,-0.02234206471494604
2025-02-04,127200,127200,123600,123800,17327,-0.024428684003152124
2025-02-05,124300,128800,124200,127200,16660,0.02746365105008075
2025-02-06,127300,127800,124900,125200,11935,-0.01572327044025157
2025-02-07,125800,126200,124600,124900,6213,-0.0023961661341852514
2025-02-10,124900,124900,121900,123100,7166,-0.014411529223378738
2025-02-11,123500,124200,121300,123200,41965,0.0008123476848092004
2025-02-12,123200,123200,121000,121500,13536,-0.01379870129870131
2025-02-13,121900,123700,120300,123400,26434,0.01563786008230461
2025-02-14,123500,123500,120800,122000,19459,-0.011345218800648316
2025-02-17,122200,124800,122200,124200,5764,0.0180327868852459
2025-02-18,124200,124200,122600,123700,3298,-0.004025764895330131
2025-02-19,123100,125200,122400,123900,36227,0.0016168148746968924
2025-02-20,125300,129600,124400,127200,19501,0.026634382566586012
2025-02-21,128000,128300,126000,127000,5311,-0.0015723270440252124
2025-02-24,127200,129000,126800,127400,5155,0.0031496062992126816
2025-02-25,127800,127800,125000,126600,7449,-0.006279434850863463
2025-02-26,126800,129400,125100,128600,11744,0.01579778830963674
2025-02-27,129000,129000,127000,128800,5524,0.0015552099533437946
2025-02-28,128500,130000,126100,127000,10330,-0.013975155279503104
2025-03-04,126400,129000,125800,127800,6226,0.006299212598425141
2025-03-05,128100,128100,126000,126100,4068,-0.013302034428794962
2025-03-06,126300,127800,125900,126100,2920,0.0
2025-03-07,125400,127400,125200,126100,4994,0.0
2025-03-10,125500,127000,125100,126300,3843,0.0015860428231562196
2025-03-11,124800,126900,123000,125600,15587,-0.005542359461599422
2025-03-12,125900,128300,125100,127700,6335,0.01671974522292996
2025-03-13,127700,128000,126100,126700,5539,-0.007830853563038365
2025-03-14,126100,129200,126100,127300,5184,0.0047355958958168465
2025-03-17,127300,127800,125300,125600,5280,-0.01335428122545168
2025-03-18,125400,126300,124400,124600,5955,-0.0079617834394905
2025-03-19,124900,124900,123800,124900,4538,0.0024077046548955927
2025-03-20,125400,125500,124500,125500,3768,0.0048038430744594685
2025-03-21,125000,128200,124900,128200,6421,0.021513944223107595
2025-03-24,128100,128800,126700,128200,3934,0.0
2025-03-25,127600,128700,127000,128300,3857,0.0007800312012480326
2025-03-26,128300,128700,127500,128000,2570,-0.002338269680436489
2025-03-27,128400,131300,128000,131200,16773,0.02499999999999991
2025-03-28,130000,130000,126500,128700,12468,-0.019054878048780477
2025-03-31,127200,127400,120600,121700,10520,-0.0543900543900544
2025-04-01,122500,123300,120500,121800,7571,0.0008216926869351049
2025-04-02,121400,122500,119500,119600,6268,-0.01806239737274218
2025-04-03,118100,120200,115100,119300,8592,-0.0025083612040134318
2025-04-04,118500,120000,116500,119100,9391,-0.0016764459346185756
2025-04-07,116500,117800,112600,114000,14660,-0.04282115869017633
2025-04-08,114500,114900,112900,113000,9138,-0.00877192982456143
2025-04-09,112600,112600,107200,108000,22081,-0.04424778761061943
2025-04-10,111400,115400,109900,115000,12355,0.06481481481481488
2025-04-11,113900,116900,112900,115900,9967,0.00782608695652165
2025-04-14,115600,117000,113600,113600,9998,-0.019844693701466798
2025-04-15,114400,114800,113600,114600,2007,0.008802816901408494
2025-04-16,114600,115900,114200,114200,7401,-0.003490401396160525
2025-04-17,114100,115700,114100,114900,2342,0.0061295971978985175
2025-04-18,115500,116300,114700,115200,3409,0.0026109660574411553
2025-04-21,115200,120100,115200,119800,6793,0.03993055555555558
2025-04-22,119600,120500,118600,119700,3833,-0.0008347245409014992
2025-04-23,119700,120800,119600,120000,1374,0.0025062656641603454
2025-04-24,120500,121200,119100,119700,2169,-0.0024999999999999467
2025-04-25,120800,125700,120800,125600,18581,0.049289891395154495
2025-04-28,125600,126000,124200,124200,10500,-0.011146496815286677
2025-04-29,125000,132400,124800,132400,22381,0.06602254428341392
2025-04-30,132500,132500,129100,129100,4402,-0.024924471299093698
2025-05-02,130000,131200,128900,130400,3654,0.010069713400464808
2025-05-07,131000,131000,128100,128300,3258,-0.01610429447852757
2025-05-08,128000,131200,128000,130600,7156,0.017926734216679563
2025-05-09,130900,131500,128000,128100,3904,-0.019142419601837712
2025-05-12,130000,130000,125600,126600,5604,-0.011709601873536313
2025-05-13,126700,127300,125100,126300,4455,-0.0023696682464454666
2025-05-14,125900,126300,123700,124700,11002,-0.012668250197941378
2025-05-15,125800,129500,124700,125400,9532,0.005613472333600544
2025-05-16,125400,126000,123800,124500,5579,-0.0071770334928229484
2025-05-19,124300,125500,123500,124200,3814,-0.002409638554216831
2025-05-20,124700,125300,121100,121100,5801,-0.0249597423510467
2025-05-21,123000,123000,120700,121000,2437,-0.0008257638315442017
2025-05-22,121000,121000,118800,119500,7782,-0.012396694214875992
2025-05-23,119500,123300,119500,122500,9448,0.025104602510460206
2025-05-26,122600,123800,121900,123400,2011,0.007346938775510292
2025-05-27,123700,125700,123100,124400,4537,0.008103727714748876
2025-05-28,125200,128800,124600,128500,6724,0.03295819935691324
2025-05-29,129300,132000,128500,131700,11526,0.024902723735408472
2025-05-30,131700,133600,128400,130000,8161,-0.012908124525436548
2025-06-02,130000,130900,128500,128700,3284,-0.010000000000000009
2025-06-04,131000,132600,130300,131500,8590,0.02175602175602176
2025-06-05,131600,133900,130500,132000,17058,0.0038022813688212143
2025-06-09,133400,136200,132800,135500,20731,0.026515151515151603
2025-06-10,136000,138300,136000,137500,10595,0.014760147601476037
2025-06-11,138500,139500,137500,139400,12400,0.01381818181818173
2025-06-12,139300,140000,138400,140000,10165,0.004304160688665792
2025-06-13,140000,140000,135900,136400,10402,-0.02571428571428569
2025-06-16,136400,140000,136100,140000,6302,0.02639296187683282
2025-06-17,140000,141600,136900,137600,12282,-0.017142857142857126
2025-06-18,137500,140400,135800,139800,8137,0.015988372093023173
2025-06-19,140000,141100,135000,135700,14520,-0.029327610872675214
2025-06-20,136200,140200,135400,138400,15797,0.01989683124539421
2025-06-23,138000,138000,134000,134900,8488,-0.0252890173410405
2025-06-24,136000,140000,133800,140000,13333,0.037805782060785775
2025-06-25,140000,140000,136600,137400,7846,-0.018571428571428572
2025-06-26,137400,137600,133200,135500,6102,-0.013828238719068464
2025-06-27,135000,135000,131400,131800,8805,-0.02730627306273059
2025-06-30,133000,133000,130600,131500,7669,-0.0022761760242792084
2025-07-01,132000,133600,131000,132100,9937,0.004562737642585635
2025-07-02,132000,136300,131700,135500,9168,0.025738077214231714
2025-07-03,135600,137600,135200,137500,7466,0.014760147601476037
2025-07-04,137500,137500,131100,131300,19144,-0.04509090909090907
2025-07-07,132900,133300,131100,131400,9900,0.0007616146230007281
2025-07-08,131400,131800,129600,130200,10055,-0.0091324200913242
2025-07-09,131000,131800,130200,130500,6624,0.0023041474654377225
2025-07-10,131000,133400,130500,133000,7778,0.019157088122605304
2025-07-11,133400,134300,132700,133700,6557,0.0052631578947368585
2025-07-14,134000,136400,134000,136200,12116,0.018698578908002972
2025-07-15,136400,138300,135800,138000,16398,0.013215859030837107
2025-07-16,138000,138000,132200,133600,16433,-0.03188405797101446
2025-07-17,133700,135900,132000,135000,8979,0.010479041916167775
2025-07-18,135500,135500,132000,132700,12070,-0.017037037037037073
2025-07-21,132700,133800,132600,133000,8683,0.0022607385079125297
2025-07-22,133400,134500,131900,132200,6421,-0.006015037593984918
2025-07-23,132600,133800,131000,132700,5711,0.0037821482602118373
2025-07-24,132800,133400,130100,130500,9478,-0.016578749058025588
2025-07-25,130500,131500,129600,130300,7389,-0.0015325670498084198
2025-07-28,130300,130400,128000,128200,7695,-0.016116653875671516
2025-07-29,128600,128600,127000,127100,16084,-0.00858034321372858
2025-07-30,127400,128800,127200,128000,5871,0.007081038552321006
2025-07-31,128300,130000,127600,127700,4311,-0.002343749999999978
2025-08-01,126000,127300,120000,121000,25484,-0.0524667188723571
2025-08-04,121200,124000,119500,121200,6294,0.0016528925619834212
2025-08-05,121600,123300,121300,121400,4736,0.0016501650165017256
2025-08-06,121900,124900,121100,122800,6120,0.011532125205930832
2025-08-07,123700,124700,122300,123000,6737,0.0016286644951140072
2025-08-08,123000,124900,122700,123200,4034,0.001626016260162677
2025-08-11,123300,123900,122000,122600,4247,-0.004870129870129913
2025-08-12,122600,124000,122100,122100,3570,-0.004078303425774865
