Date,Open,High,Low,Close,Volume,Change
2022-01-03,7300,7550,7260,7420,76392,0.024861878453038777
2022-01-04,7440,7670,7430,7620,60666,0.02695417789757415
2022-01-05,7560,7720,7520,7560,63040,-0.007874015748031482
2022-01-06,7420,9160,7420,8710,2801139,0.1521164021164021
2022-01-07,8620,8630,8240,8420,310550,-0.033295063145809434
2022-01-10,8420,8430,7970,8120,246539,-0.03562945368171022
2022-01-11,8110,8370,7940,8100,200763,-0.0024630541871921707
2022-01-12,8120,8370,8050,8370,149756,0.03333333333333344
2022-01-13,8370,8450,8140,8220,116308,-0.017921146953404965
2022-01-14,8160,8320,8000,8110,79788,-0.01338199513381999
2022-01-17,8100,8140,7750,7870,104800,-0.0295930949445129
2022-01-18,7870,7970,7570,7570,96718,-0.03811944091486663
2022-01-19,7420,7650,7390,7480,67177,-0.011889035667106973
2022-01-20,7480,7710,7350,7710,50836,0.03074866310160429
2022-01-21,7690,7690,7440,7570,47586,-0.01815823605706879
2022-01-24,7460,7500,6870,7150,97641,-0.05548216644649939
2022-01-25,7180,7250,6750,6780,65159,-0.051748251748251706
2022-01-26,6720,6940,6690,6800,37248,0.002949852507374562
2022-01-27,6810,6890,6450,6600,55830,-0.02941176470588236
2022-01-28,6510,6920,6510,6890,42536,0.043939393939393945
2022-02-03,6910,7130,6900,7090,51502,0.029027576197387495
2022-02-04,7090,7290,6900,7090,70414,0.0
2022-02-07,7150,7160,6940,6950,51705,-0.019746121297602226
2022-02-08,7110,8840,7100,7700,8647700,0.1079136690647482
2022-02-09,7710,7930,7660,7800,759156,0.01298701298701288
2022-02-10,7850,8000,7550,7640,376613,-0.02051282051282055
2022-02-11,7580,7610,7350,7390,216712,-0.0327225130890052
2022-02-14,7280,7300,7000,7000,180954,-0.05277401894451961
2022-02-15,7000,7240,6910,6920,150931,-0.011428571428571455
2022-02-16,7080,7260,7080,7230,107726,0.044797687861271696
2022-02-17,7230,7420,6930,7220,167255,-0.0013831258644536604
2022-02-18,7120,7350,7050,7330,63643,0.015235457063711877
2022-02-21,7300,7500,7210,7450,90470,0.016371077762619368
2022-02-22,7250,7420,7190,7230,61864,-0.029530201342281903
2022-02-23,7230,7330,7190,7230,58383,0.0
2022-02-24,7170,7290,6900,6970,95339,-0.03596127247579528
2022-02-25,7060,7260,7060,7200,76928,0.03299856527977041
2022-02-28,7230,7430,7180,7320,63725,0.016666666666666607
2022-03-02,7330,7440,7300,7400,67033,0.010928961748633892
2022-03-03,7460,7600,7460,7560,122457,0.021621621621621623
2022-03-04,7650,7650,7400,7540,73592,-0.002645502645502673
2022-03-07,7570,7600,7400,7430,91393,-0.01458885941644561
2022-03-08,7430,7430,7270,7290,50129,-0.018842530282637937
2022-03-10,7300,7330,7140,7300,75091,0.00137174211248281
2022-03-11,7360,7500,7320,7500,59199,0.027397260273972712
2022-03-14,7560,7560,7320,7390,58354,-0.014666666666666717
2022-03-15,7300,7500,7300,7420,54867,0.004059539918809252
2022-03-16,7580,7580,7420,7560,65696,0.018867924528301883
2022-03-17,7600,7770,7560,7710,156480,0.01984126984126977
2022-03-18,7720,7770,7620,7720,61864,0.0012970168612191912
2022-03-21,7760,7870,7730,7770,121264,0.006476683937823857
2022-03-22,7770,7820,7700,7790,77037,0.002574002574002643
2022-03-23,7770,7900,7760,7860,99300,0.00898587933247752
2022-03-24,7820,7920,7790,7910,64366,0.006361323155216203
2022-03-25,7930,7970,7810,7820,63153,-0.011378002528445008
2022-03-28,7910,8040,7840,8000,102738,0.023017902813299296
2022-03-29,7960,7960,7800,7890,69719,-0.01375000000000004
2022-03-30,7900,7950,7790,7820,51952,-0.008871989860583018
2022-03-31,7800,7940,7800,7880,49185,0.007672634271099765
2022-04-01,7880,7950,7810,7910,68522,0.0038071065989848663
2022-04-04,7980,8170,7910,8170,168302,0.03286978508217442
2022-04-05,8200,8200,8070,8090,65743,-0.009791921664626724
2022-04-06,8070,8120,7880,7930,65965,-0.01977750309023485
2022-04-07,7920,7920,7680,7700,61074,-0.0290037831021438
2022-04-08,7710,7850,7650,7730,40990,0.003896103896103842
2022-04-11,7730,7810,7650,7690,45351,-0.005174644243208237
2022-04-12,7520,7690,7450,7610,64322,-0.01040312093628093
2022-04-13,7590,7720,7590,7700,41005,0.01182654402102501
2022-04-14,7750,7750,7680,7750,30878,0.006493506493506551
2022-04-15,7710,7770,7660,7760,35705,0.001290322580645098
2022-04-18,7770,7920,7680,7870,72571,0.014175257731958713
2022-04-19,7870,7950,7840,7870,34830,0.0
2022-04-20,7960,7960,7810,7860,54126,-0.0012706480304955914
2022-04-21,7930,7940,7840,7930,39146,0.008905852417302906
2022-04-22,7900,7920,7790,7860,41055,-0.008827238335435084
2022-04-25,7780,7780,7560,7580,67139,-0.03562340966921118
2022-04-26,7590,7760,7590,7700,22323,0.0158311345646438
2022-04-27,7560,7590,7380,7550,39137,-0.01948051948051943
2022-04-28,7550,7640,7520,7570,16979,0.0026490066225166586
2022-04-29,7590,7680,7570,7660,38546,0.011889035667107084
2022-05-02,7660,7800,7630,7760,36906,0.01305483028720622
2022-05-03,7800,7920,7710,7720,41284,-0.005154639175257714
2022-05-04,7790,7810,7620,7690,29734,-0.0038860103626943143
2022-05-06,7640,7710,7530,7610,29438,-0.01040312093628093
2022-05-09,7600,7620,7360,7380,43569,-0.030223390275952666
2022-05-10,7380,7380,7130,7300,39910,-0.010840108401083959
2022-05-11,7260,7410,7250,7340,15561,0.005479452054794498
2022-05-12,7330,7330,7050,7110,41435,-0.03133514986376018
2022-05-13,7110,7180,7070,7110,19974,0.0
2022-05-16,7210,7310,7170,7180,15216,0.009845288326300938
2022-05-17,7240,7300,7180,7200,24432,0.0027855153203342198
2022-05-18,7200,7390,7180,7190,32621,-0.001388888888888884
2022-05-19,7180,7180,7030,7120,34552,-0.009735744089012566
2022-05-20,7110,7240,7110,7230,14522,0.015449438202247201
2022-05-23,7230,7260,7150,7220,17354,-0.0013831258644536604
2022-05-24,7220,7250,7090,7120,27674,-0.013850415512465353
2022-05-25,7080,7160,7020,7150,14643,0.004213483146067398
2022-05-26,7130,7190,7090,7090,16897,-0.008391608391608352
2022-05-27,7130,7150,7030,7100,17746,0.0014104372355430161
2022-05-30,7110,7150,7090,7110,13760,0.0014084507042253502
2022-05-31,7130,7190,7100,7140,22398,0.00421940928270037
2022-06-02,7140,7200,7140,7180,21481,0.0056022408963585235
2022-06-03,7210,7280,7190,7210,27308,0.00417827298050133
2022-06-07,7210,7240,7100,7120,24747,-0.012482662968099856
2022-06-08,7100,7160,7090,7120,11123,0.0
2022-06-09,7120,7120,7000,7090,18116,-0.004213483146067398
2022-06-10,7070,7070,6980,7050,15062,-0.005641748942172065
2022-06-13,6910,6960,6560,6620,59006,-0.06099290780141842
2022-06-14,6450,6590,6010,6550,62648,-0.010574018126888185
2022-06-15,6450,6550,6240,6240,37126,-0.047328244274809195
2022-06-16,6410,6650,6330,6530,28870,0.04647435897435903
2022-06-17,6250,6520,6230,6520,23810,-0.0015313935681470214
2022-06-20,6530,6540,6040,6100,42137,-0.06441717791411039
2022-06-21,6050,6230,6030,6200,43925,0.016393442622950838
2022-06-22,6170,6270,5830,5850,51837,-0.056451612903225756
2022-06-23,5810,5950,5330,5440,73671,-0.07008547008547006
2022-06-24,5160,5720,5160,5660,34270,0.040441176470588314
2022-06-27,5690,6030,5690,6010,21608,0.06183745583038869
2022-06-28,6010,6150,6000,6150,9638,0.02329450915141429
2022-06-29,5950,6160,5950,6150,6748,0.0
2022-06-30,6130,6150,5890,5990,16471,-0.026016260162601612
2022-07-01,5990,6110,5780,5820,16518,-0.028380634390651083
2022-07-04,5830,5880,5520,5600,18248,-0.037800687285223344
2022-07-05,5630,5990,5630,5810,10437,0.03750000000000009
2022-07-06,5870,5910,5690,5830,9171,0.0034423407917383297
2022-07-07,5810,5940,5800,5860,6433,0.005145797598627766
2022-07-08,5940,6030,5930,6010,12860,0.025597269624573427
2022-07-11,6010,6280,6010,6160,22145,0.024958402662229595
2022-07-12,6050,6270,5820,6000,66448,-0.025974025974025983
2022-07-13,5940,6090,5820,6060,11510,0.010000000000000009
2022-07-14,6120,6120,5950,6030,7250,-0.004950495049504955
2022-07-15,5970,6030,5900,5970,8872,-0.00995024875621886
2022-07-18,6030,6130,5990,6100,6761,0.021775544388609624
2022-07-19,6130,6230,6090,6230,18006,0.021311475409836023
2022-07-20,6300,6360,6200,6270,20904,0.006420545746388395
2022-07-21,6340,6450,6260,6340,17348,0.011164274322169154
2022-07-22,6400,6400,6280,6340,10287,0.0
2022-07-25,6340,6370,6270,6330,3242,-0.001577287066246047
2022-07-26,6330,6490,6220,6350,54364,0.003159557661927437
2022-07-27,6330,6350,6250,6330,8792,-0.0031496062992125706
2022-07-28,6350,6410,6290,6370,19040,0.006319115323854652
2022-07-29,6380,6430,6350,6380,20075,0.0015698587127157548
2022-08-01,6400,6420,6300,6370,11776,-0.0015673981191222097
2022-08-02,6380,6410,6290,6350,12857,-0.0031397174254317317
2022-08-03,6350,6380,6250,6370,6823,0.0031496062992126816
2022-08-04,6370,6520,6370,6490,21098,0.018838304552590168
2022-08-05,6530,6550,6450,6530,17129,0.006163328197226425
2022-08-08,6530,6700,6470,6670,20534,0.0214395099540583
2022-08-09,6640,6670,6600,6640,13649,-0.004497751124437732
2022-08-10,6610,6630,6520,6580,13601,-0.009036144578313254
2022-08-11,6580,6640,6510,6570,9173,-0.001519756838905817
2022-08-12,6570,6570,6480,6480,13502,-0.013698630136986356
2022-08-16,6510,6590,6480,6510,9168,0.004629629629629539
2022-08-17,6510,6530,6320,6430,13970,-0.01228878648233489
2022-08-18,6340,6340,6190,6300,23265,-0.02021772939346811
2022-08-19,6260,6350,6240,6300,6761,0.0
2022-08-22,6260,6260,6050,6100,46705,-0.031746031746031744
2022-08-23,6080,6080,5930,5930,21540,-0.02786885245901638
2022-08-24,5930,5970,5860,5970,16278,0.006745362563237878
2022-08-25,5970,6150,5970,6100,12249,0.021775544388609624
2022-08-26,6130,6190,6110,6160,10333,0.009836065573770592
2022-08-29,6060,6080,5910,5990,12821,-0.02759740259740262
2022-08-30,5940,6100,5910,6090,16060,0.016694490818029983
2022-08-31,6070,6150,6070,6150,9857,0.009852216748768461
2022-09-01,6150,6170,6010,6050,9334,-0.016260162601625994
2022-09-02,5990,6170,5960,6160,20291,0.018181818181818077
2022-09-05,6140,6140,5910,6000,19712,-0.025974025974025983
2022-09-06,5910,6000,5910,6000,7954,0.0
2022-09-07,6000,6070,5940,5990,11654,-0.0016666666666667052
2022-09-08,5970,6000,5920,5980,9957,-0.0016694490818029983
2022-09-13,6070,6070,5980,6040,8027,0.010033444816053505
2022-09-14,5950,6000,5860,6000,16837,-0.0066225165562914245
2022-09-15,6000,6090,6000,6020,4799,0.0033333333333334103
2022-09-16,5900,6020,5900,5940,6782,-0.013289036544850474
2022-09-19,5910,5940,5760,5760,13282,-0.030303030303030276
2022-09-20,5760,5920,5730,5730,9165,-0.00520833333333337
2022-09-21,5740,5780,5690,5740,6240,0.0017452006980802626
2022-09-22,5730,5730,5540,5640,25945,-0.017421602787456414
2022-09-23,5640,5640,5420,5490,15077,-0.02659574468085102
2022-09-26,5480,5490,5210,5230,15115,-0.04735883424408016
2022-09-27,5160,5350,5150,5280,25522,0.009560229445506607
2022-09-28,5230,5340,5070,5150,14838,-0.024621212121212155
2022-09-29,5170,5240,5130,5200,14528,0.009708737864077666
2022-09-30,5250,5250,5090,5170,6165,-0.005769230769230749
2022-10-04,5170,5330,5130,5300,16724,0.025145067698259194
2022-10-05,5390,5390,5250,5280,9936,-0.0037735849056603765
2022-10-06,5280,5490,5280,5430,21488,0.02840909090909083
2022-10-07,5420,5480,5370,5460,11276,0.005524861878453136
2022-10-11,5370,5370,5100,5160,18947,-0.05494505494505497
2022-10-12,5110,5160,5060,5130,15761,-0.005813953488372103
2022-10-13,5070,5110,5000,5060,6377,-0.013645224171540016
2022-10-14,5060,5160,5060,5150,11620,0.01778656126482203
2022-10-17,5100,5200,5090,5160,12703,0.001941747572815622
2022-10-18,5200,5280,5160,5250,9438,0.01744186046511631
2022-10-19,5300,5370,5250,5370,11872,0.02285714285714291
2022-10-20,5340,5400,5170,5170,5979,-0.03724394785847296
2022-10-21,5170,5250,5140,5170,9865,0.0
2022-10-24,5160,5280,5160,5250,12907,0.015473887814313247
2022-10-25,5250,5310,5190,5290,12756,0.007619047619047636
2022-10-26,5290,5300,5260,5280,3205,-0.001890359168241984
2022-10-27,5230,5350,5230,5310,8186,0.005681818181818121
2022-10-28,5370,5370,5250,5320,4442,0.0018832391713747842
2022-10-31,5320,5320,5230,5270,8686,-0.009398496240601517
2022-11-01,5270,5320,5230,5320,9895,0.009487666034155628
2022-11-02,5340,5340,5250,5320,9531,0.0
2022-11-03,5260,5400,5230,5390,21850,0.013157894736842035
2022-11-04,5390,5920,5390,5610,115341,0.04081632653061229
2022-11-07,5740,5760,5610,5640,32538,0.005347593582887722
2022-11-08,5610,5720,5610,5700,26529,0.010638297872340496
2022-11-09,5690,5720,5620,5680,12549,-0.0035087719298245723
2022-11-10,5680,5720,5590,5710,12407,0.005281690140845008
2022-11-11,5800,5800,5670,5690,15813,-0.003502626970227629
2022-11-14,5690,5800,5670,5720,12397,0.005272407732864748
2022-11-15,5720,5950,5510,5750,32427,0.005244755244755206
2022-11-16,6000,6000,5780,5900,50458,0.026086956521739202
2022-11-17,5930,5970,5840,5940,23892,0.006779661016949046
2022-11-18,5990,6070,5820,5880,15501,-0.010101010101010055
2022-11-21,5880,5910,5770,5860,14795,-0.003401360544217691
2022-11-22,5820,5850,5770,5790,6680,-0.011945392491467532
2022-11-23,5790,5830,5650,5790,15544,0.0
2022-11-24,5790,5850,5760,5810,10653,0.003454231433505983
2022-11-25,5880,5880,5790,5820,2532,0.001721170395869276
2022-11-28,5820,5830,5760,5810,4366,-0.0017182130584192379
2022-11-29,5720,5950,5670,5910,13721,0.01721170395869187
2022-11-30,6000,6000,5850,5880,16880,-0.005076142131979711
2022-12-01,5910,5990,5880,5930,26785,0.008503401360544283
2022-12-02,5960,5970,5900,5930,10360,0.0
2022-12-05,5930,5970,5900,5960,9229,0.005059021922428242
2022-12-06,5960,5960,5840,5890,7323,-0.011744966442952975
2022-12-07,5790,5860,5710,5800,12110,-0.015280135823429575
2022-12-08,5710,5780,5660,5740,14880,-0.010344827586206917
2022-12-09,5680,5730,5650,5690,10033,-0.008710801393728262
2022-12-12,5730,5730,5590,5690,13559,0.0
2022-12-13,5660,5740,5650,5690,6545,0.0
2022-12-14,5690,5760,5680,5760,11504,0.012302284710017597
2022-12-15,5760,5760,5670,5700,6756,-0.01041666666666663
2022-12-16,5700,5710,5640,5660,4159,-0.007017543859649145
2022-12-19,5590,5680,5570,5620,8013,-0.007067137809187329
2022-12-20,5570,5740,5530,5540,8899,-0.014234875444839812
2022-12-21,5520,5600,5480,5600,7706,0.010830324909747224
2022-12-22,5570,5640,5570,5640,3342,0.0071428571428571175
2022-12-23,5640,5650,5510,5540,7319,-0.01773049645390068
2022-12-26,5540,5570,5510,5530,6372,-0.0018050541516245744
2022-12-27,5470,5530,5330,5530,15530,0.0
2022-12-28,5570,5590,5530,5580,6243,0.009041591320072317
2022-12-29,5580,5580,5200,5400,24832,-0.032258064516129004
2023-01-02,5400,5400,5250,5290,8458,-0.020370370370370372
2023-01-03,5190,5400,5140,5280,10491,-0.001890359168241984
2023-01-04,5180,5370,5160,5290,6918,0.0018939393939394478
2023-01-05,5340,5370,5290,5310,4612,0.003780718336483968
2023-01-06,5320,5420,5320,5370,9917,0.011299435028248483
2023-01-09,5370,5470,5370,5410,9857,0.007448789571694592
2023-01-10,5460,5460,5350,5420,12830,0.001848428835489857
2023-01-11,5420,5520,5420,5520,11573,0.01845018450184499
2023-01-12,5550,6010,5540,5560,274304,0.007246376811594235
2023-01-13,5670,5690,5530,5550,16583,-0.0017985611510791255
2023-01-16,5580,5610,5550,5550,10663,0.0
2023-01-17,5560,5630,5540,5600,11338,0.009009009009008917
2023-01-18,5590,5680,5570,5660,7471,0.010714285714285676
2023-01-19,5660,5730,5600,5700,7493,0.007067137809187329
2023-01-20,5660,5720,5660,5710,4646,0.0017543859649122862
2023-01-25,5710,5760,5690,5730,17233,0.003502626970227629
2023-01-26,5730,5870,5730,5770,17064,0.00698080279232105
2023-01-27,5780,5850,5750,5820,16552,0.008665511265164572
2023-01-30,5870,5880,5780,5780,14590,-0.0068728522336769515
2023-01-31,5780,5850,5730,5730,10544,-0.00865051903114189
2023-02-01,5730,5850,5700,5850,25095,0.020942408376963373
2023-02-02,5850,5910,5830,5900,12522,0.008547008547008517
2023-02-03,5900,5930,5850,5860,15241,-0.006779661016949157
2023-02-06,5910,5960,5830,5860,9861,0.0
2023-02-07,5850,5940,5710,5800,20689,-0.010238907849829393
2023-02-08,5920,5950,5850,5920,18290,0.020689655172413834
2023-02-09,5920,6080,5890,6080,31040,0.027027027027026973
2023-02-10,6080,6080,5910,6010,26501,-0.011513157894736836
2023-02-13,6000,6000,5920,5950,7225,-0.009983361064891838
2023-02-14,5950,6020,5920,5990,16507,0.006722689075630228
2023-02-15,5990,6010,5720,5720,19100,-0.04507512520868118
2023-02-16,5740,5920,5730,5920,14482,0.034965034965035
2023-02-17,5920,5920,5850,5890,8004,-0.0050675675675675436
2023-02-20,5890,5990,5890,5970,14826,0.013582342954159499
2023-02-21,6040,6040,5920,5970,8057,0.0
2023-02-22,5910,5910,5800,5830,10969,-0.02345058626465657
2023-02-23,5790,5900,5790,5880,7172,0.00857632933104635
2023-02-24,5890,5950,5830,5840,8651,-0.006802721088435382
2023-02-27,5830,5830,5710,5730,6952,-0.018835616438356184
2023-02-28,5730,5850,5720,5830,12537,0.017452006980802848
2023-03-02,5820,5880,5770,5870,18903,0.006861063464836947
2023-03-03,5940,5940,5820,5860,10665,-0.0017035775127768327
2023-03-06,5870,5940,5840,5900,8972,0.006825938566553003
2023-03-07,5900,5930,5840,5850,13908,-0.008474576271186418
2023-03-08,5800,5840,5600,5810,16918,-0.006837606837606813
2023-03-09,5810,5810,5600,5730,10649,-0.013769363166953541
2023-03-10,5670,5700,5600,5620,13541,-0.01919720767888311
2023-03-13,5520,5600,5420,5600,15736,-0.003558718861209953
2023-03-14,5510,5510,5310,5330,27988,-0.048214285714285765
2023-03-15,5390,5430,5330,5410,19051,0.015009380863039379
2023-03-16,5420,5510,5390,5510,10841,0.01848428835489835
2023-03-17,5510,5610,5460,5590,14743,0.014519056261343088
2023-03-20,5540,5640,5510,5590,8771,0.0
2023-03-21,5650,5650,5520,5550,4606,-0.007155635062611854
2023-03-22,5550,5600,5460,5520,14734,-0.00540540540540535
2023-03-23,5430,5510,5380,5460,18476,-0.010869565217391353
2023-03-24,5460,5540,5460,5510,4124,0.009157509157509125
2023-03-27,5510,5510,5440,5470,4506,-0.007259528130671544
2023-03-28,5470,5490,5400,5490,7216,0.003656307129798808
2023-03-29,5500,5560,5440,5490,19906,0.0
2023-03-30,5490,5550,5470,5550,14265,0.010928961748633892
2023-03-31,5550,5580,5460,5500,18749,-0.009009009009009028
2023-04-03,5520,5530,5410,5440,27487,-0.010909090909090868
2023-04-04,5460,5490,5390,5490,49468,0.009191176470588314
2023-04-05,5450,5640,5440,5630,41445,0.02550091074681249
2023-04-06,5640,5650,5420,5460,27049,-0.030195381882770822
2023-04-07,5460,6800,5460,6490,2592627,0.18864468864468864
2023-04-10,6640,7490,6410,6820,1916744,0.05084745762711873
2023-04-11,6760,6860,6300,6430,881059,-0.05718475073313778
2023-04-12,6890,8350,6870,8350,5450573,0.2986003110419906
2023-04-13,8270,8750,7450,7590,1546279,-0.09101796407185625
2023-04-14,7650,7820,7430,7480,447567,-0.01449275362318836
2023-04-17,7510,7570,7290,7480,296925,0.0
2023-04-18,7430,7450,7110,7240,283828,-0.03208556149732622
2023-04-19,7240,8360,7140,7510,4064979,0.037292817679557944
2023-04-20,7510,7660,6860,6860,505234,-0.08655126498002663
2023-04-21,6960,6970,6550,6720,214054,-0.020408163265306145
2023-04-24,6630,6810,6610,6700,110626,-0.0029761904761904656
2023-04-25,6700,6840,6250,6600,171597,-0.014925373134328401
2023-04-26,6600,7690,6460,6930,1630892,0.050000000000000044
2023-04-27,6910,7010,6660,6840,207043,-0.012987012987012991
2023-04-28,6900,6920,6460,6480,165948,-0.052631578947368474
2023-05-02,6430,6850,6410,6780,116811,0.04629629629629628
2023-05-03,6780,7650,6690,7650,1001574,0.12831858407079655
2023-05-04,7660,7690,7250,7340,397175,-0.04052287581699343
2023-05-08,7480,7880,7330,7350,248272,0.0013623978201635634
2023-05-09,7330,7460,7130,7220,120329,-0.017687074829931926
2023-05-10,7220,7710,7150,7590,400375,0.05124653739612195
2023-05-11,7550,7790,7400,7460,137411,-0.017127799736495364
2023-05-12,7450,7450,7200,7200,100027,-0.034852546916890104
2023-05-15,7150,7200,6920,7010,80500,-0.026388888888888906
2023-05-16,6910,7070,6910,6980,69576,-0.004279600570613384
2023-05-17,6980,7370,6980,7370,89880,0.055873925501432664
2023-05-18,7370,7470,7310,7410,71426,0.005427408412483015
2023-05-19,7410,7490,7230,7290,78594,-0.01619433198380571
2023-05-22,7290,8150,7200,7530,1172145,0.03292181069958855
2023-05-23,7480,7500,7190,7250,148887,-0.03718459495351922
2023-05-24,7230,7310,7110,7210,83998,-0.0055172413793103114
2023-05-25,7220,7760,7190,7310,384118,0.01386962552011095
2023-05-26,7330,7600,7130,7130,128223,-0.024623803009575895
2023-05-30,7210,7470,7060,7350,91671,0.030855539971949453
2023-05-31,7310,7490,7260,7340,55396,-0.0013605442176870541
2023-06-01,7340,7340,7080,7150,97411,-0.02588555858310626
2023-06-02,7180,7430,7070,7430,76059,0.03916083916083912
2023-06-05,7430,7470,7200,7270,33816,-0.021534320323014833
2023-06-07,7340,7400,7270,7330,33213,0.008253094910591452
2023-06-08,7320,7320,7110,7170,42312,-0.021828103683492528
2023-06-09,7170,8340,7170,8340,868679,0.16317991631799167
2023-06-12,10070,10690,7920,8000,3328375,-0.04076738609112707
2023-06-13,8000,8050,7610,8050,460576,0.006250000000000089
2023-06-14,7860,7910,7450,7530,321042,-0.06459627329192552
2023-06-15,7370,7620,7290,7380,168642,-0.019920318725099584
2023-06-16,7400,7590,7360,7400,110348,0.0027100271002709064
2023-06-19,7370,7860,7250,7790,289834,0.05270270270270272
2023-06-20,7720,7960,7620,7880,201967,0.011553273427471034
2023-06-21,7880,9450,7880,8790,5603757,0.11548223350253806
2023-06-22,8700,9120,8320,9120,1371090,0.03754266211604085
2023-06-23,9700,9900,8500,8650,1644743,-0.05153508771929827
2023-06-26,8450,8640,8140,8380,311525,-0.031213872832369982
2023-06-27,8340,8800,8230,8610,262350,0.027446300715990413
2023-06-28,8500,8610,8020,8100,245827,-0.059233449477351874
2023-06-29,8090,8090,7580,7650,213925,-0.05555555555555558
2023-06-30,7610,7780,7500,7670,91255,0.002614379084967311
2023-07-03,7600,7800,7590,7790,67090,0.015645371577575062
2023-07-04,7790,7790,7510,7670,69985,-0.015404364569961526
2023-07-05,7670,7910,7610,7670,94297,0.0
2023-07-06,7770,7770,7370,7550,81215,-0.01564537157757495
2023-07-07,7550,7800,7320,7760,102693,0.027814569536423805
2023-07-10,7760,7830,7530,7550,59483,-0.027061855670103108
2023-07-11,7600,7700,7490,7510,44708,-0.005298013245033095
2023-07-12,7700,7700,7410,7450,51669,-0.007989347536617841
2023-07-13,7460,7540,7370,7380,67832,-0.00939597315436247
2023-07-14,7340,7420,7100,7210,127510,-0.023035230352303482
2023-07-17,7210,7230,7070,7150,39063,-0.00832177531206657
2023-07-18,7150,7250,6920,6980,85869,-0.023776223776223793
2023-07-19,6970,7060,6850,6910,57259,-0.01002865329512892
2023-07-20,6910,7090,6860,7030,42168,0.01736613603473236
2023-07-21,7030,7080,6860,6950,46104,-0.011379800853485111
2023-07-24,6970,7030,6590,6650,83952,-0.043165467625899234
2023-07-25,6580,7600,6580,6970,534828,0.048120300751879785
2023-07-26,6970,6970,6280,6410,151476,-0.08034433285509324
2023-07-27,6300,6920,6300,6730,105370,0.0499219968798752
2023-07-28,6530,6870,6530,6690,80897,-0.005943536404160454
2023-07-31,6700,7010,6610,6920,61929,0.034379671150971625
2023-08-01,6920,7040,6830,6990,46931,0.01011560693641611
2023-08-02,6990,7070,6810,6900,42141,-0.012875536480686733
2023-08-03,6890,6890,6630,6880,54965,-0.0028985507246376274
2023-08-04,6800,6940,6710,6890,36181,0.0014534883720929148
2023-08-07,6830,6970,6720,6890,27991,0.0
2023-08-08,6880,6950,6730,6830,43441,-0.00870827285921627
2023-08-09,6750,7160,6750,7100,59988,0.039531478770131745
2023-08-10,7070,7180,7020,7110,40886,0.0014084507042253502
2023-08-11,7080,7200,7070,7150,33787,0.005625879043600568
2023-08-14,7200,7260,7010,7150,64484,0.0
2023-08-16,7100,7110,6830,6890,79919,-0.036363636363636376
2023-08-17,6890,6950,6600,6860,52120,-0.004354136429608135
2023-08-18,6690,7200,6690,7050,72246,0.0276967930029155
2023-08-21,7050,7240,6990,7060,73677,0.0014184397163119478
2023-08-22,7090,7100,6830,6830,70921,-0.03257790368271951
2023-08-23,6900,6960,6790,6920,28719,0.013177159590043841
2023-08-24,6900,7020,6890,6970,44680,0.007225433526011571
2023-08-25,6950,7020,6820,6860,32315,-0.015781922525107572
2023-08-28,6850,6960,6810,6900,42201,0.005830903790087438
2023-08-29,6950,7200,6880,7090,53638,0.02753623188405796
2023-08-30,7110,7240,7090,7180,49417,0.012693935119887145
2023-08-31,7180,7200,7080,7170,24868,-0.0013927576601671099
2023-09-01,7150,7290,7100,7240,34372,0.009762900976290068
2023-09-04,7230,7230,7100,7140,30668,-0.013812154696132617
2023-09-05,7140,7190,6940,7060,55276,-0.011204481792717047
2023-09-06,7060,7290,6990,7190,38343,0.018413597733710985
2023-09-07,7160,7390,7150,7220,64279,0.004172461752433909
2023-09-08,7240,7290,7170,7270,28640,0.006925207756232732
2023-09-11,7270,7330,7210,7250,29184,-0.0027510316368638543
2023-09-12,7280,7450,7220,7300,61836,0.006896551724137945
2023-09-13,7250,7300,7110,7220,31289,-0.010958904109588996
2023-09-14,7150,7510,7120,7490,70529,0.037396121883656486
2023-09-15,7570,7570,7380,7420,41978,-0.009345794392523366
2023-09-18,7420,7420,7220,7300,24040,-0.016172506738544423
2023-09-19,7300,7320,7080,7090,29415,-0.02876712328767128
2023-09-20,7090,7130,6930,6980,34559,-0.015514809590973178
2023-09-21,6900,6960,6740,6850,41268,-0.01862464183381085
2023-09-22,6700,6770,6580,6670,34109,-0.026277372262773713
2023-09-25,6580,6680,6580,6600,14008,-0.010494752623688153
2023-09-26,6410,6610,6410,6490,49461,-0.01666666666666672
2023-09-27,6500,6840,6490,6600,59417,0.016949152542372836
2023-10-04,6560,6600,6100,6340,61544,-0.039393939393939426
2023-10-05,6340,6370,6140,6210,36016,-0.02050473186119872
2023-10-06,6150,6580,6150,6530,19063,0.05152979066022545
2023-10-10,6530,6640,6320,6330,32895,-0.030627871362940318
2023-10-11,6330,6460,6330,6450,12072,0.018957345971563955
2023-10-12,6500,6580,6500,6510,8148,0.009302325581395321
2023-10-13,6510,6540,6320,6440,27164,-0.010752688172043001
2023-10-16,6440,6440,6110,6130,23583,-0.04813664596273293
2023-10-17,6230,6380,6140,6280,13261,0.02446982055464919
2023-10-18,6180,6330,6130,6280,15063,0.0
2023-10-19,6230,6280,6050,6210,20742,-0.011146496815286677
2023-10-20,6170,6200,6010,6150,25589,-0.009661835748792313
2023-10-23,6120,6160,6000,6050,19255,-0.016260162601625994
2023-10-24,6050,7720,6050,6370,1304970,0.05289256198347103
2023-10-25,6420,6560,6380,6450,74362,0.012558869701726927
2023-10-26,6300,6390,6050,6120,77378,-0.051162790697674376
2023-10-27,6090,6260,6050,6120,41001,0.0
2023-10-30,6120,6250,5950,6250,34900,0.0212418300653594
2023-10-31,6260,6320,5940,5970,38359,-0.04479999999999995
2023-11-01,6000,6200,5950,6190,30866,0.03685092127303191
2023-11-02,6240,6480,6180,6300,54848,0.017770597738287597
2023-11-03,6310,6370,6230,6330,18018,0.004761904761904745
2023-11-06,6340,6460,6280,6430,31712,0.01579778830963674
2023-11-07,6380,6500,6310,6440,35343,0.0015552099533437946
2023-11-08,6440,6530,6350,6390,22484,-0.00776397515527949
2023-11-09,6420,6500,6290,6300,12034,-0.014084507042253502
2023-11-10,6330,6330,6150,6190,21369,-0.01746031746031751
2023-11-13,6230,6350,6190,6290,22384,0.016155088852988664
2023-11-14,6240,6520,6240,6480,37816,0.030206677265500748
2023-11-15,6490,6530,6420,6480,30181,0.0
2023-11-16,6490,6540,6400,6530,21474,0.007716049382715973
2023-11-17,6550,6550,6350,6430,20115,-0.015313935681470103
2023-11-20,6430,6570,6330,6480,31444,0.007776049766718529
2023-11-21,6590,6600,6490,6580,28710,0.015432098765432167
2023-11-22,6560,6620,6520,6590,9974,0.001519756838905817
2023-11-23,6590,7850,6580,7300,1735535,0.10773899848254942
2023-11-24,7160,7400,7030,7100,319851,-0.0273972602739726
2023-11-27,7160,7230,6950,7060,98275,-0.005633802816901401
2023-11-28,7000,7080,6850,6900,89268,-0.022662889518413554
2023-11-29,6900,7000,6790,6860,55311,-0.005797101449275366
2023-11-30,6860,7100,6840,7040,70437,0.026239067055393583
2023-12-01,7040,7050,6890,6970,39737,-0.009943181818181768
2023-12-04,6980,7150,6840,7120,79679,0.021520803443328518
2023-12-05,7110,7270,6960,7080,105568,-0.005617977528089901
2023-12-06,7080,7200,7020,7160,69443,0.011299435028248483
2023-12-07,7070,7160,6880,6890,57382,-0.03770949720670391
2023-12-08,6900,7090,6900,7050,41851,0.023222060957909907
2023-12-11,7050,7100,6960,6980,32049,-0.009929078014184411
2023-12-12,6980,7050,6940,6990,23202,0.0014326647564470996
2023-12-13,7040,7050,6790,6830,54219,-0.022889842632331958
2023-12-14,6830,6950,6790,6810,24425,-0.002928257686676372
2023-12-15,6780,6970,6770,6840,22541,0.004405286343612369
2023-12-18,6830,6890,6660,6710,35760,-0.01900584795321636
2023-12-19,6710,6730,6510,6620,36597,-0.01341281669150518
2023-12-20,6640,6770,6620,6730,21503,0.0166163141993958
2023-12-21,6710,6750,6600,6670,24972,-0.008915304606240682
2023-12-22,6680,6720,6630,6640,14081,-0.004497751124437732
2023-12-26,6590,6650,6460,6580,24219,-0.009036144578313254
2023-12-27,6520,6660,6520,6640,16425,0.00911854103343468
2023-12-28,6590,6750,6570,6730,17123,0.013554216867469826
2024-01-02,6730,6900,6700,6900,35176,0.02526002971768193
2024-01-03,6870,6870,6720,6820,22122,-0.011594202898550732
2024-01-04,6830,6840,6690,6750,24368,-0.01026392961876832
2024-01-05,6750,6800,6690,6730,10361,-0.002962962962962945
2024-01-08,6670,6790,6600,6710,18601,-0.002971768202080227
2024-01-09,6740,7400,6740,7030,511434,0.04769001490312963
2024-01-10,7010,7080,6900,6980,43880,-0.007112375533428139
2024-01-11,7030,7050,6960,7020,32001,0.005730659025787954
2024-01-12,7090,7090,6920,7020,47139,0.0
2024-01-15,6970,7110,6930,6970,27288,-0.007122507122507171
2024-01-16,6940,7040,6830,6890,22661,-0.011477761836441891
2024-01-17,6900,6910,6560,6700,54434,-0.027576197387518153
2024-01-18,6750,7020,6700,6940,59861,0.035820895522387985
2024-01-19,6990,7070,6910,6910,44565,-0.004322766570605152
2024-01-22,6980,8980,6980,8980,4957111,0.29956584659913177
2024-01-23,8930,10240,8370,9150,12574233,0.018930957683741756
2024-01-24,9480,9750,8850,8950,3804515,-0.021857923497267784
2024-01-25,8810,9680,8520,9010,2900905,0.006703910614525244
2024-01-26,9150,11200,8700,10180,13997407,0.1298557158712541
2024-01-29,10050,10190,9930,10100,673060,-0.007858546168958758
2024-01-30,10230,10230,9940,9940,335548,-0.015841584158415856
2024-01-31,9820,10000,9030,9030,498263,-0.09154929577464788
2024-02-01,9020,9240,8260,8420,1011965,-0.06755260243632333
2024-02-02,8420,8870,8420,8600,514140,0.0213776722090262
2024-02-05,8760,8800,7950,8070,373132,-0.06162790697674414
2024-02-06,7940,8030,7600,7810,302055,-0.03221809169764556
2024-02-07,7880,7960,7700,7730,177191,-0.010243277848911658
2024-02-08,7830,8410,7740,8360,639880,0.08150064683053038
2024-02-13,8380,8380,8110,8200,482400,-0.019138755980861233
2024-02-14,8000,8170,7910,8120,190632,-0.009756097560975618
2024-02-15,8200,8210,7950,8030,152206,-0.011083743842364546
2024-02-16,8050,8640,8050,8410,705217,0.04732254047322537
2024-02-19,8350,8510,8230,8460,210047,0.005945303210463715
2024-02-20,8530,8580,8160,8340,199406,-0.014184397163120588
2024-02-21,8230,8330,7890,7920,247064,-0.05035971223021585
2024-02-22,8000,8110,7960,8110,113458,0.023989898989899006
2024-02-23,8110,8110,7890,7960,109587,-0.018495684340320562
2024-02-26,7980,8100,7800,7860,86785,-0.012562814070351758
2024-02-27,7860,7950,7640,7750,109129,-0.013994910941475869
2024-02-28,7750,7870,7660,7680,71833,-0.00903225806451613
2024-02-29,7680,7710,7460,7500,85980,-0.0234375
2024-03-04,7510,7740,7470,7550,91777,0.006666666666666599
2024-03-05,7580,7580,7290,7320,79714,-0.030463576158940353
2024-03-06,7280,7400,7150,7290,63857,-0.004098360655737654
2024-03-07,7380,7430,7230,7250,68072,-0.005486968449931462
2024-03-08,7250,7430,7250,7370,64333,0.016551724137930934
2024-03-11,7350,7450,7250,7360,45965,-0.0013568521031207537
2024-03-12,7380,7560,7330,7410,82631,0.006793478260869623
2024-03-13,7440,7470,7310,7440,66638,0.004048582995951344
2024-03-14,7450,7570,7290,7400,77000,-0.005376344086021501
2024-03-15,7380,7480,7330,7410,56946,0.0013513513513514486
2024-03-18,7410,7550,7390,7420,55742,0.0013495276653170407
2024-03-19,7450,7470,7290,7380,52842,-0.005390835579514808
2024-03-20,7380,7500,7350,7460,41735,0.01084010840108407
2024-03-21,7450,7710,7430,7600,103559,0.018766756032171594
2024-03-22,7600,7720,7520,7700,85490,0.013157894736842035
2024-03-25,7750,7830,7680,7770,87369,0.009090909090909038
2024-03-26,7820,7820,7580,7650,74191,-0.015444015444015413
2024-03-27,7620,7700,7410,7540,83839,-0.01437908496732021
2024-03-28,7480,7570,7450,7530,48921,-0.0013262599469495706
2024-03-29,7520,7580,7320,7320,73275,-0.027888446215139417
2024-04-01,7320,7520,7300,7480,54696,0.021857923497267784
2024-04-02,7480,7650,7320,7420,64424,-0.008021390374331583
2024-04-03,7400,7420,7150,7150,67311,-0.03638814016172509
2024-04-04,7150,7210,7030,7080,66756,-0.009790209790209836
2024-04-05,7030,7110,6870,7000,63751,-0.011299435028248594
2024-04-08,7000,7050,6830,6830,43411,-0.024285714285714244
2024-04-09,6820,6950,6780,6900,47828,0.01024890190336758
2024-04-11,6900,6950,6630,6740,75351,-0.023188405797101463
2024-04-12,6730,6900,6730,6800,24530,0.008902077151335286
2024-04-15,6750,6750,6530,6690,68255,-0.016176470588235348
2024-04-16,6660,6690,6510,6580,54579,-0.01644245142002987
2024-04-17,6650,8200,6580,6980,4402196,0.0607902735562309
2024-04-18,6830,7450,6760,6950,794386,-0.004297994269340966
2024-04-19,6910,6970,6530,6760,228556,-0.027338129496402908
2024-04-22,6800,6900,6630,6670,104866,-0.013313609467455634
2024-04-23,6670,6760,6640,6670,67694,0.0
2024-04-24,6750,6890,6700,6790,64244,0.01799100449775115
2024-04-25,6790,6870,6730,6810,49661,0.002945508100147265
2024-04-26,6830,6870,6670,6740,80958,-0.01027900146842875
2024-04-29,6750,6870,6730,6840,64037,0.014836795252225476
2024-04-30,6830,6900,6760,6860,59181,0.0029239766081872176
2024-05-02,6800,6910,6730,6870,54612,0.001457725947521915
2024-05-03,6880,7160,6880,7120,171626,0.0363901018922852
2024-05-07,7170,7170,6980,7070,81050,-0.0070224719101124045
2024-05-08,6980,7130,6980,7080,62406,0.0014144271570013522
2024-05-09,7080,7150,7060,7120,67022,0.005649717514124353
2024-05-10,7120,7160,7040,7120,63585,0.0
2024-05-13,7120,7170,7000,7060,40455,-0.008426966292134797
2024-05-14,7060,7210,7060,7120,66555,0.008498583569405138
2024-05-16,7130,7190,7040,7160,71983,0.00561797752808979
2024-05-17,7110,7280,7110,7220,97460,0.008379888268156499
2024-05-20,7220,7330,7200,7200,79457,-0.0027700831024930483
2024-05-21,7160,7230,7050,7190,64067,-0.001388888888888884
2024-05-22,7150,7340,7130,7230,54155,0.0055632823365785455
2024-05-23,7190,7330,7060,7260,60795,0.004149377593360981
2024-05-24,7200,7240,7010,7010,74312,-0.03443526170798894
2024-05-27,7010,7150,6980,7130,55371,0.017118402282453538
2024-05-28,7130,7140,7040,7040,35899,-0.012622720897615736
2024-05-29,7020,7040,6900,6910,54592,-0.01846590909090906
2024-05-30,6910,6920,6670,6800,44286,-0.01591895803183796
2024-05-31,6760,6950,6760,6900,36406,0.014705882352941124
2024-06-03,6850,6980,6840,6950,45609,0.007246376811594235
2024-06-04,6900,7050,6820,6960,35424,0.0014388489208632116
2024-06-05,6930,6960,6770,6840,36778,-0.017241379310344862
2024-06-07,6830,6900,6760,6790,36783,-0.007309941520467822
2024-06-10,6830,6870,6750,6860,21698,0.010309278350515427
2024-06-11,6900,6950,6830,6870,21160,0.001457725947521915
2024-06-12,6850,7100,6830,6970,66467,0.01455604075691408
2024-06-13,7000,7050,6950,7000,16088,0.004304160688665792
2024-06-14,7000,7000,6860,6950,35949,-0.0071428571428571175
2024-06-17,6970,7200,6950,7180,83437,0.03309352517985609
2024-06-18,7190,7190,7000,7130,42992,-0.0069637883008356605
2024-06-19,7070,7200,7050,7120,36557,-0.0014025245441795509
2024-06-20,7140,7180,6980,7090,40575,-0.004213483146067398
2024-06-21,7100,7100,6880,6900,32044,-0.026798307475317307
2024-06-24,6900,6960,6700,6800,33141,-0.01449275362318836
2024-06-25,6790,6850,6740,6840,17562,0.00588235294117645
2024-06-26,6800,6870,6800,6830,12919,-0.0014619883040936088
2024-06-27,6820,6840,6760,6790,16281,-0.005856515373352855
2024-06-28,6750,6870,6750,6830,18300,0.00589101620029453
2024-07-01,6800,6910,6780,6840,27140,0.0014641288433381305
2024-07-02,6850,6850,6660,6730,37037,-0.016081871345029253
2024-07-03,6730,6740,6630,6630,24468,-0.014858841010401136
2024-07-04,6620,6700,6590,6620,14494,-0.0015082956259426794
2024-07-05,6650,6690,6580,6670,18988,0.007552870090634434
2024-07-08,6650,6700,6630,6700,34442,0.004497751124437732
2024-07-09,6720,6820,6690,6810,39348,0.016417910447761086
2024-07-10,6810,6920,6760,6910,29858,0.014684287812041008
2024-07-11,6890,6960,6800,6890,11947,-0.0028943560057886897
2024-07-12,6840,6930,6800,6870,30361,-0.002902757619738794
2024-07-15,6900,7000,6810,6940,25181,0.010189228529839944
2024-07-16,6890,6990,6870,6890,16407,-0.007204610951008661
2024-07-17,6870,6980,6830,6960,19130,0.010159651669085612
2024-07-18,6810,6880,6750,6830,18938,-0.01867816091954022
2024-07-19,6820,6860,6760,6860,6762,0.004392386530014614
2024-07-22,6790,6850,6660,6680,16660,-0.026239067055393583
2024-07-23,6620,6790,6620,6680,8923,0.0
2024-07-24,6630,6790,6620,6640,32789,-0.005988023952095856
2024-07-25,6600,6640,6380,6470,41910,-0.025602409638554202
2024-07-26,6430,6570,6430,6490,10824,0.0030911901081915882
2024-07-29,6470,6750,6460,6510,29552,0.0030816640986133237
2024-07-30,6510,6570,6480,6490,12837,-0.003072196620583667
2024-07-31,6520,6550,6450,6530,20077,0.006163328197226425
2024-08-01,6500,6630,6500,6600,7948,0.010719754977029039
2024-08-02,6520,6520,6300,6360,36422,-0.036363636363636376
2024-08-05,6250,6280,5600,5740,158398,-0.09748427672955973
2024-08-06,5710,6120,5710,6000,40803,0.04529616724738683
2024-08-07,5880,6280,5880,6170,28943,0.02833333333333332
2024-08-08,6170,6300,5990,6230,11230,0.009724473257698651
2024-08-09,6200,6390,6200,6370,18362,0.022471910112359605
2024-08-12,6390,6440,6300,6420,12731,0.007849293563579218
2024-08-13,6400,6400,6230,6250,6503,-0.026479750778816147
2024-08-14,6400,6400,6260,6380,5914,0.02079999999999993
2024-08-16,6440,6500,6370,6460,14526,0.012539184952978122
2024-08-19,6410,6450,6270,6350,15008,-0.017027863777089758
2024-08-20,6440,6440,6290,6400,14425,0.007874015748031482
2024-08-21,6460,6660,6350,6590,65460,0.02968750000000009
2024-08-22,6610,6610,6480,6480,47999,-0.01669195751138086
2024-08-23,6460,6590,6380,6540,31973,0.0092592592592593
2024-08-26,6480,6540,6320,6400,24452,-0.021406727828746197
2024-08-27,6390,6970,6290,6400,197471,0.0
2024-08-28,6420,7560,6410,6840,3417167,0.06875000000000009
2024-08-29,6910,7030,6480,6530,408116,-0.04532163742690054
2024-08-30,6650,6750,6410,6510,147102,-0.003062787136294043
2024-09-02,6500,6600,6330,6370,109216,-0.021505376344086002
2024-09-03,6350,6400,6300,6310,56394,-0.009419152276295084
2024-09-04,6100,6200,5900,5910,117143,-0.06339144215530901
2024-09-05,5940,6200,5840,5930,45839,0.0033840947546530664
2024-09-06,5880,6010,5790,5790,42113,-0.02360876897133224
2024-09-09,5740,5990,5690,5930,25265,0.024179620034542326
2024-09-10,5990,6010,5770,5770,20731,-0.026981450252951067
2024-09-11,5770,5950,5770,5830,17320,0.010398613518197486
2024-09-12,5830,6050,5830,5990,16827,0.027444253859348233
2024-09-13,6050,6090,5930,6020,16492,0.005008347245408995
2024-09-19,6060,6060,5950,6030,14207,0.0016611295681063787
2024-09-20,6110,6150,5980,6020,8633,-0.0016583747927031434
2024-09-23,6030,6030,5880,6000,14706,-0.0033222591362126463
2024-09-24,5990,6100,5990,6030,22973,0.004999999999999893
2024-09-25,6040,6060,5960,5960,19161,-0.011608623548922004
2024-09-26,5970,6180,5970,6160,16435,0.033557046979865834
2024-09-27,6160,6190,6100,6120,9363,-0.00649350649350644
2024-09-30,6110,6180,6010,6050,16312,-0.011437908496731986
2024-10-02,5970,6100,5930,6090,12708,0.006611570247933907
2024-10-04,5990,6140,5990,6090,14960,0.0
2024-10-07,6080,6090,6020,6080,6951,-0.0016420361247947435
2024-10-08,6070,6080,6010,6030,6713,-0.008223684210526327
2024-10-10,6050,6100,6010,6010,8858,-0.0033167495854062867
2024-10-11,6060,6060,5990,6040,13875,0.004991680532445919
2024-10-14,6060,6130,6010,6120,7081,0.013245033112582849
2024-10-15,6080,6110,6060,6080,8324,-0.006535947712418277
2024-10-16,6020,6080,5990,6030,16361,-0.008223684210526327
2024-10-17,6040,6090,6000,6090,5679,0.00995024875621886
2024-10-18,6090,6090,5950,5970,18090,-0.019704433497536922
2024-10-21,5960,6010,5830,5830,24599,-0.02345058626465657
2024-10-22,5820,5910,5780,5830,9577,0.0
2024-10-23,5830,5900,5780,5900,7474,0.012006861063464935
2024-10-24,5810,5850,5740,5800,11792,-0.016949152542372836
2024-10-25,5800,5820,5670,5710,14764,-0.01551724137931032
2024-10-28,5730,5810,5700,5810,8750,0.017513134851138368
2024-10-29,5820,5820,5720,5790,3604,-0.0034423407917383297
2024-10-30,5790,5820,5740,5750,7459,-0.006908462867012077
2024-10-31,5780,5780,5690,5760,6746,0.0017391304347826875
2024-11-01,5740,5740,5660,5730,11845,-0.00520833333333337
2024-11-04,5770,5870,5740,5870,13018,0.024432809773123898
2024-11-05,5870,5910,5850,5910,7545,0.006814310051107331
2024-11-06,5930,5940,5830,5860,6872,-0.008460236886632777
2024-11-07,5860,5890,5760,5860,8908,0.0
2024-11-08,5890,5920,5780,5800,16920,-0.010238907849829393
2024-11-11,5800,5830,5570,5660,27246,-0.024137931034482807
2024-11-12,5700,5700,5250,5500,36290,-0.028268551236749095
2024-11-13,5400,5540,5330,5470,14616,-0.00545454545454549
2024-11-14,5470,5610,5470,5570,16192,0.018281535648994485
2024-11-15,5520,5680,5420,5420,12550,-0.026929982046678624
2024-11-18,5420,5620,5380,5530,6637,0.02029520295202958
2024-11-19,5500,5640,5430,5530,10399,0.0
2024-11-20,5580,5640,5460,5600,5506,0.012658227848101333
2024-11-21,5600,5690,5530,5680,4360,0.014285714285714235
2024-11-22,5680,5680,5560,5560,10268,-0.021126760563380254
2024-11-25,5650,5870,5530,5710,39636,0.026978417266187105
2024-11-26,5700,5810,5600,5750,15873,0.007005253940455258
2024-11-27,5700,5750,5600,5660,7175,-0.01565217391304352
2024-11-28,5620,5670,5550,5570,13239,-0.01590106007067138
2024-11-29,5600,5700,5410,5450,10950,-0.021543985637342944
2024-12-02,5420,5500,5330,5330,18014,-0.022018348623853212
2024-12-03,5320,5480,5310,5420,4632,0.016885553470919357
2024-12-04,6450,6980,5780,6890,931152,0.27121771217712176
2024-12-05,6440,6600,5850,5890,407394,-0.14513788098693758
2024-12-06,5800,6970,5730,6200,904491,0.05263157894736836
2024-12-09,6010,7770,5550,7270,2536249,0.17258064516129035
2024-12-10,8030,9310,7140,8720,5472200,0.19944979367262716
2024-12-11,9010,9690,7810,8000,1786549,-0.08256880733944949
2024-12-12,7850,7990,7170,7400,904965,-0.07499999999999996
2024-12-13,7450,7690,7110,7500,739885,0.013513513513513598
2024-12-16,7320,7400,6500,6610,497823,-0.1186666666666667
2024-12-17,6500,6670,6200,6630,285422,0.00302571860816947
2024-12-18,6450,6950,6420,6890,359305,0.03921568627450989
2024-12-19,6750,6880,6580,6580,199638,-0.044992743105950694
2024-12-20,6700,7120,6400,6570,629161,-0.001519756838905817
2024-12-23,6570,6680,6270,6410,249373,-0.0243531202435312
2024-12-24,6420,6660,6390,6480,151188,0.010920436817472678
2024-12-26,6480,6930,6440,6440,266719,-0.006172839506172867
2024-12-27,6450,6560,6320,6380,116526,-0.009316770186335366
2024-12-30,6370,6700,6330,6600,165438,0.034482758620689724
2025-01-02,6770,7090,6610,6980,348841,0.05757575757575761
2025-01-03,6920,7030,6690,6880,198438,-0.014326647564469885
2025-01-06,6780,7000,6760,6840,117591,-0.005813953488372103
2025-01-07,6870,6980,6790,6910,63799,0.01023391812865504
2025-01-08,7000,7120,6900,7030,101690,0.01736613603473236
2025-01-09,7020,7020,6790,6950,91022,-0.011379800853485111
2025-01-10,6910,7020,6760,6980,78512,0.004316546762589857
2025-01-13,6890,6900,6730,6790,57972,-0.027220630372492782
2025-01-14,6720,6910,6710,6870,51787,0.01178203240058906
2025-01-15,6900,7040,6490,6490,110081,-0.055312954876273634
2025-01-16,6460,6590,6290,6430,88349,-0.009244992295839749
2025-01-17,6430,6480,6280,6280,48921,-0.023328149300155476
2025-01-20,6290,6420,6230,6290,39405,0.0015923566878981443
2025-01-21,6260,6350,6210,6300,30377,0.0015898251192367763
2025-01-22,6300,6340,6160,6160,35602,-0.022222222222222254
2025-01-23,6140,6260,6110,6110,32177,-0.008116883116883078
2025-01-24,6230,6370,5990,6060,100710,-0.008183306055646433
2025-01-31,6200,6200,5750,6010,31464,-0.008250825082508295
2025-02-03,5900,6070,5800,5990,47143,-0.0033277870216306127
2025-02-04,5940,6200,5940,6180,35347,0.03171953255425719
2025-02-05,6120,6210,6090,6120,26657,-0.009708737864077666
2025-02-06,6110,6210,6100,6150,15458,0.004901960784313708
2025-02-07,6120,6200,6090,6120,19542,-0.004878048780487809
2025-02-10,6170,6300,6090,6230,19030,0.017973856209150263
2025-02-11,6170,6360,6140,6300,32078,0.011235955056179803
2025-02-12,6290,6350,6220,6320,35021,0.0031746031746031633
2025-02-13,6320,6550,6250,6490,53281,0.02689873417721511
2025-02-14,6480,6540,6400,6510,50152,0.0030816640986133237
2025-02-17,6510,6580,6440,6550,48432,0.006144393241167334
2025-02-18,6500,6610,6480,6590,22114,0.006106870229007688
2025-02-19,6580,6660,6530,6650,37794,0.009104704097116834
2025-02-20,6680,6680,6520,6530,26450,-0.018045112781954864
2025-02-21,6500,6620,6500,6590,26903,0.009188361408882129
2025-02-24,6530,6800,6530,6630,48107,0.006069802731411222
2025-02-25,6600,6670,6550,6610,19423,-0.003016591251885359
2025-02-26,6640,6700,6570,6600,21565,-0.001512859304084735
2025-02-27,6530,6670,6520,6540,33402,-0.009090909090909038
2025-02-28,6500,6660,6410,6600,50744,0.00917431192660545
2025-03-04,6600,6640,6310,6460,36982,-0.021212121212121238
2025-03-05,6460,6660,6460,6660,34711,0.030959752321981338
2025-03-06,6620,6740,6550,6740,26643,0.012012012012011963
2025-03-07,6680,6750,6260,6490,88094,-0.0370919881305638
2025-03-10,6400,6480,6300,6360,31688,-0.02003081664098616
2025-03-11,6270,6430,6140,6140,37770,-0.03459119496855345
2025-03-12,6110,6320,6110,6280,15498,0.0228013029315961
2025-03-13,6290,6350,6180,6350,13000,0.011146496815286566
2025-03-14,6320,6520,6320,6470,21089,0.018897637795275646
2025-03-17,6470,6690,6410,6620,35391,0.023183925811437467
2025-03-18,6560,6690,6510,6630,20804,0.0015105740181269312
2025-03-19,6600,6690,6470,6470,45922,-0.02413273001508298
2025-03-20,6500,6500,6340,6340,17906,-0.020092735703245768
2025-03-21,6270,6460,6240,6310,22779,-0.004731861198738141
2025-03-24,6220,6400,6140,6400,31517,0.014263074484944571
2025-03-25,6350,6440,6090,6110,45556,-0.04531249999999998
2025-03-26,6090,6700,6090,6700,156335,0.09656301145662849
2025-03-27,6950,7000,6340,6410,233484,-0.043283582089552186
2025-03-28,6400,6400,6040,6050,70112,-0.05616224648985957
2025-03-31,5990,6050,5750,5880,63498,-0.028099173553719048
2025-04-01,5790,6660,5790,6590,193498,0.12074829931972797
2025-04-02,6700,6700,6250,6390,95478,-0.030349013657056112
2025-04-03,6240,6570,6240,6400,82826,0.0015649452269170805
2025-04-04,6300,6900,6200,6450,263139,0.0078125
2025-04-07,6470,6910,6450,6670,281849,0.03410852713178292
2025-04-08,6690,7290,6540,7170,403212,0.07496251874062976
2025-04-09,7290,8600,7060,7120,3063016,-0.006973500697350032
2025-04-10,7280,7500,7070,7110,462030,-0.001404494382022503
2025-04-11,7100,7280,6600,6680,334712,-0.06047819971870605
2025-04-14,6750,7310,6630,7230,373758,0.08233532934131738
2025-04-15,7200,7390,7060,7180,323584,-0.006915629322268302
2025-04-16,7220,7310,6850,6940,170871,-0.03342618384401119
2025-04-17,6940,7000,6770,6880,115142,-0.008645533141210415
2025-04-18,7000,7220,6860,7060,136419,0.026162790697674465
2025-04-21,7050,7200,6960,7020,102178,-0.005665722379603388
2025-04-22,6950,7310,6850,7210,162331,0.027065527065527117
2025-04-23,7240,7310,6960,7010,132549,-0.0277392510402219
2025-04-24,7030,7430,7000,7230,178030,0.031383737517831634
2025-04-25,7250,7270,7110,7220,74283,-0.0013831258644536604
2025-04-28,7420,7420,7000,7160,216941,-0.008310249307479256
2025-04-29,7690,9300,7400,9300,10529834,0.2988826815642458
2025-04-30,8610,9150,8050,8230,3409087,-0.11505376344086027
2025-05-02,8200,8460,7660,7730,1077127,-0.06075334143377886
2025-05-07,7780,7930,7500,7740,638965,0.001293661060802087
2025-05-08,7740,8050,7530,7840,989669,0.012919896640826822
2025-05-09,7860,7880,7550,7570,329196,-0.034438775510204134
2025-05-12,7570,7630,7230,7600,239482,0.003963011889035695
2025-05-13,7610,7670,7430,7470,193796,-0.017105263157894735
2025-05-14,7470,7560,7350,7490,137301,0.0026773761713521083
2025-05-15,7500,7510,7200,7250,171919,-0.03204272363150873
2025-05-16,7290,7320,7120,7250,125567,0.0
2025-05-19,7230,7280,7010,7110,129884,-0.0193103448275862
2025-05-20,7100,7330,7100,7250,80634,0.019690576652601877
2025-05-21,7250,7390,7190,7240,68505,-0.0013793103448276334
2025-05-22,7160,7230,7050,7080,71369,-0.02209944751381221
2025-05-23,7060,7180,7010,7050,61203,-0.004237288135593209
2025-05-26,7050,7310,7050,7200,68291,0.02127659574468077
2025-05-27,7200,7250,6980,7020,103518,-0.025000000000000022
2025-05-28,7000,7160,6930,7010,66166,-0.0014245014245014564
2025-05-29,7010,7400,7010,7400,177624,0.05563480741797422
2025-05-30,7360,7590,7290,7450,105078,0.006756756756756799
2025-06-02,7400,7800,7380,7610,157198,0.021476510067114152
2025-06-04,7620,7750,7480,7700,135040,0.01182654402102501
2025-06-05,7740,7800,7600,7700,150863,0.0
2025-06-09,7720,8230,7690,8170,379916,0.061038961038961004
2025-06-10,8110,8270,7960,8250,156087,0.009791921664626724
2025-06-11,8250,8410,8100,8370,127512,0.014545454545454639
2025-06-12,8370,8400,8150,8160,63708,-0.02508960573476704
2025-06-13,8130,8280,7920,8040,153932,-0.014705882352941124
2025-06-16,8000,8380,7870,8300,96259,0.03233830845771135
2025-06-17,8240,8370,8140,8140,51301,-0.01927710843373498
2025-06-18,8150,8230,8070,8180,57106,0.004914004914004844
2025-06-19,8210,8220,7990,8160,50765,-0.0024449877750610804
2025-06-20,8200,8200,7800,7960,131121,-0.02450980392156865
2025-06-23,7900,7900,7600,7680,89259,-0.035175879396984966
2025-06-24,7720,7920,7640,7890,107534,0.02734375
2025-06-25,7890,7940,7700,7850,44640,-0.005069708491761693
2025-06-26,7790,7850,7510,7590,70565,-0.03312101910828025
2025-06-27,7620,7720,7410,7490,41820,-0.013175230566534912
2025-06-30,7470,7510,7290,7330,57849,-0.021361815754339153
2025-07-01,7320,7500,7310,7440,41791,0.01500682128240105
2025-07-02,7490,7500,7250,7450,57907,0.0013440860215054862
2025-07-03,7430,7730,7400,7680,48824,0.03087248322147662
2025-07-04,7710,7850,7110,7520,51917,-0.02083333333333337
2025-07-07,7490,7610,7460,7580,29664,0.007978723404255428
2025-07-08,7520,7660,7440,7590,33500,0.0013192612137202797
2025-07-09,7590,7700,7530,7700,44377,0.01449275362318847
2025-07-10,7700,8020,7640,8000,80125,0.03896103896103886
2025-07-11,8020,8300,7960,8230,124571,0.028750000000000053
2025-07-14,8230,8230,8040,8110,59270,-0.014580801944106936
2025-07-15,8110,8140,7940,8050,38117,-0.007398273736128225
2025-07-16,8130,8130,7700,7950,64380,-0.012422360248447228
2025-07-17,7950,8100,7840,7850,44265,-0.012578616352201255
2025-07-18,7850,7990,7620,7880,28740,0.003821656050955413
2025-07-21,7830,7920,7740,7800,29724,-0.010152284263959421
2025-07-22,7860,7870,7490,7600,59527,-0.02564102564102566
2025-07-23,7620,7730,7380,7450,37991,-0.019736842105263164
2025-07-24,7470,7510,7200,7270,66118,-0.024161073825503365
2025-07-25,7280,7290,7180,7280,34707,0.0013755158184318717
2025-07-28,7280,7290,7120,7160,37653,-0.016483516483516536
2025-07-29,7120,7160,7000,7080,88899,-0.011173184357541888
2025-07-30,7120,7270,7080,7230,15821,0.021186440677966045
2025-07-31,7230,7290,7120,7290,31265,0.008298755186721962
2025-08-01,7210,7230,6870,6880,76246,-0.056241426611796985
2025-08-04,6880,7160,6860,7130,21871,0.036337209302325535
2025-08-05,7100,7280,7050,7230,22335,0.014025245441795287
2025-08-06,7220,7250,7140,7160,12443,-0.009681881051175623
2025-08-07,7260,7260,7110,7220,40226,0.008379888268156499
2025-08-08,7250,7250,7070,7120,21657,-0.013850415512465353
2025-08-11,7170,7200,7000,7060,16428,-0.008426966292134797
2025-08-12,7010,7120,6970,6970,16844,-0.012747875354107596
