Date,Open,High,Low,Close,Volume,Change
2022-01-03,15950,16150,15500,15950,90208,-0.0031250000000000444
2022-01-04,15750,16000,15200,15200,109960,-0.047021943573667735
2022-01-05,15300,15500,14800,15350,70314,0.009868421052631637
2022-01-06,15000,16550,14800,16300,244984,0.061889250814332275
2022-01-07,16450,16550,15900,16450,120029,0.009202453987730008
2022-01-10,16500,16550,15950,16350,57563,-0.006079027355623046
2022-01-11,16350,16350,15850,16200,60441,-0.00917431192660545
2022-01-12,16400,16550,15750,16250,60773,0.0030864197530864335
2022-01-13,16250,16300,15750,15800,38929,-0.027692307692307683
2022-01-14,15650,16100,15550,15850,25583,0.0031645569620253333
2022-01-17,15850,15850,14700,14950,124093,-0.056782334384858024
2022-01-18,15000,15100,14400,14750,47173,-0.013377926421404673
2022-01-19,14650,14750,13950,14450,57966,-0.02033898305084747
2022-01-20,14200,14700,14150,14500,22952,0.0034602076124568004
2022-01-21,14550,14550,13750,13950,38118,-0.037931034482758585
2022-01-24,13800,14100,13150,13400,24924,-0.03942652329749108
2022-01-25,13800,13800,13000,13350,27630,-0.003731343283582045
2022-01-26,13250,13800,13050,13500,32834,0.011235955056179803
2022-01-27,13300,13750,12950,13500,31079,0.0
2022-01-28,13400,14000,13300,13750,28785,0.0185185185185186
2022-02-03,13750,14600,13700,13950,49040,0.014545454545454639
2022-02-04,13750,14550,13750,14300,32284,0.02508960573476693
2022-02-07,14350,14550,14050,14250,8331,-0.0034965034965035446
2022-02-08,14250,14550,13850,14100,16155,-0.010526315789473717
2022-02-09,14150,14400,14100,14300,7715,0.014184397163120588
2022-02-10,14300,14300,13850,14100,10992,-0.013986013986013957
2022-02-11,13800,14150,13800,13950,11163,-0.010638297872340385
2022-02-14,13700,14100,13400,13800,33928,-0.010752688172043001
2022-02-15,13800,13900,13400,13550,16231,-0.018115942028985477
2022-02-16,13600,13950,13550,13800,16228,0.01845018450184499
2022-02-17,13800,14000,13400,13700,16453,-0.007246376811594235
2022-02-18,13400,14050,13400,13800,9341,0.007299270072992803
2022-02-21,13800,13850,13450,13500,15870,-0.021739130434782594
2022-02-22,13400,13550,12950,12950,29886,-0.040740740740740744
2022-02-23,13100,13200,12750,13000,17496,0.0038610038610038533
2022-02-24,12950,13000,12100,12500,26200,-0.038461538461538436
2022-02-25,12650,12950,12450,12650,21535,0.01200000000000001
2022-02-28,12850,13200,12600,13100,20643,0.035573122529644285
2022-03-02,12950,13350,12950,13250,13301,0.011450381679389388
2022-03-03,13350,13900,13350,13700,33666,0.03396226415094339
2022-03-04,13950,13950,13400,13650,9551,-0.0036496350364964014
2022-03-07,13650,13700,13250,13500,21719,-0.01098901098901095
2022-03-08,13350,13600,12950,13100,70965,-0.029629629629629672
2022-03-10,13450,13450,13050,13100,11126,0.0
2022-03-11,13050,13600,13000,13200,13861,0.007633587786259444
2022-03-14,13400,13400,12700,12850,14741,-0.02651515151515149
2022-03-15,12850,13000,12400,12500,22687,-0.027237354085603127
2022-03-16,12750,12800,12250,12500,15140,0.0
2022-03-17,12800,13000,12450,12800,29045,0.02400000000000002
2022-03-18,12800,13000,12600,12600,17051,-0.015625
2022-03-21,12800,12950,12500,12700,59074,0.007936507936507908
2022-03-22,12750,12750,11850,11950,104945,-0.05905511811023623
2022-03-23,12100,12200,11800,12000,36374,0.004184100418409997
2022-03-24,11950,11950,11500,11800,41554,-0.01666666666666672
2022-03-25,11850,12000,11700,11900,18695,0.008474576271186418
2022-03-28,11900,11900,11650,11900,22377,0.0
2022-03-29,11950,14500,11950,13450,471213,0.13025210084033612
2022-03-30,13450,14150,13150,14000,125353,0.040892193308550207
2022-03-31,13800,14750,13800,14500,98268,0.03571428571428581
2022-04-01,14400,14600,14050,14100,89879,-0.02758620689655178
2022-04-04,14200,14750,13900,14400,54444,0.02127659574468077
2022-04-05,14400,14400,14200,14200,15608,-0.01388888888888884
2022-04-06,14200,14250,13900,14000,14352,-0.014084507042253502
2022-04-07,13700,14000,13400,13800,37495,-0.014285714285714235
2022-04-08,13750,15000,13650,14800,79841,0.07246376811594213
2022-04-11,14600,14900,14200,14450,52453,-0.023648648648648685
2022-04-12,14400,14400,13950,14300,21227,-0.01038062283737029
2022-04-13,14300,14450,14100,14300,16946,0.0
2022-04-14,14200,14400,14150,14150,10547,-0.010489510489510523
2022-04-15,14200,14200,13950,14150,10722,0.0
2022-04-18,14150,14500,14050,14500,27798,0.02473498233215543
2022-04-19,14500,14600,14300,14500,13856,0.0
2022-04-20,14500,14700,14200,14450,7077,-0.0034482758620689724
2022-04-21,14450,14500,14200,14350,17935,-0.00692041522491349
2022-04-22,14050,14400,14050,14350,8677,0.0
2022-04-25,14200,14300,13700,13750,25749,-0.04181184668989546
2022-04-26,13800,14200,13650,13650,7623,-0.0072727272727273196
2022-04-27,13650,13650,13000,13550,31341,-0.0073260073260073
2022-04-28,13900,15000,13900,14500,97503,0.07011070110701101
2022-04-29,14500,15650,14400,15250,111345,0.051724137931034475
2022-05-02,15250,15650,15000,15350,68342,0.006557377049180246
2022-05-03,15250,16700,15250,16250,188049,0.05863192182410426
2022-05-04,16150,16500,15950,16400,66566,0.009230769230769154
2022-05-06,16250,16500,15750,16350,84488,-0.0030487804878048808
2022-05-09,16150,16300,15300,15550,108280,-0.04892966360856266
2022-05-10,15300,15700,14750,15600,60967,0.003215434083601254
2022-05-11,15350,16250,15300,16250,61265,0.04166666666666674
2022-05-12,16200,17550,15950,17250,292818,0.06153846153846154
2022-05-13,17250,18250,16900,17450,207728,0.011594202898550732
2022-05-16,17750,18700,17500,18200,217537,0.042979942693409656
2022-05-17,18250,18500,17950,18100,71388,-0.005494505494505475
2022-05-18,18200,18750,18050,18600,95787,0.027624309392265234
2022-05-19,18050,18850,18000,18600,71866,0.0
2022-05-20,18500,18600,17750,18300,75474,-0.016129032258064502
2022-05-23,18100,18600,18000,18300,27129,0.0
2022-05-24,18150,18850,18100,18450,101490,0.008196721311475308
2022-05-25,18450,18650,18100,18600,60536,0.008130081300812941
2022-05-26,18500,18850,17750,17750,79153,-0.045698924731182755
2022-05-27,18000,18100,17500,17900,43635,0.008450704225352101
2022-05-30,17850,18300,17850,18000,32895,0.005586592178770999
2022-05-31,18100,18500,17800,18000,27483,0.0
2022-06-02,18250,18250,17700,17850,19997,-0.008333333333333304
2022-06-03,18000,18000,17000,17200,59778,-0.036414565826330514
2022-06-07,17350,17400,16400,17000,65093,-0.011627906976744207
2022-06-08,16950,17800,16800,17600,59422,0.03529411764705892
2022-06-09,17450,17650,16800,17300,45479,-0.017045454545454586
2022-06-10,16950,17450,16650,17000,27627,-0.017341040462427793
2022-06-13,16500,17000,16250,16750,50546,-0.014705882352941124
2022-06-14,16750,16750,15450,16500,174761,-0.014925373134328401
2022-06-15,16100,16300,15300,15800,103664,-0.042424242424242475
2022-06-16,15900,16450,15600,15600,52502,-0.012658227848101222
2022-06-17,15300,15700,14950,15200,53472,-0.02564102564102566
2022-06-20,15350,15350,14300,14750,65435,-0.02960526315789469
2022-06-21,14750,15200,14400,15200,29875,0.03050847457627115
2022-06-22,15200,15750,14100,14150,77945,-0.06907894736842102
2022-06-23,14450,16950,13550,15800,252252,0.11660777385159005
2022-06-24,16150,17000,16000,16650,145785,0.053797468354430444
2022-06-27,16850,17050,16550,16850,72619,0.012012012012011963
2022-06-28,16850,17100,16500,16850,29636,0.0
2022-06-29,16650,16850,16450,16600,19556,-0.014836795252225476
2022-06-30,16650,17300,16500,16750,38351,0.009036144578313143
2022-07-01,16550,17250,16550,16850,55548,0.005970149253731405
2022-07-04,17350,17350,15900,16600,53994,-0.014836795252225476
2022-07-05,16550,17300,16550,17100,42269,0.030120481927710774
2022-07-06,17150,17400,16850,17200,29010,0.005847953216374213
2022-07-07,17200,17450,16850,17350,36154,0.008720930232558155
2022-07-08,17200,17550,17150,17500,40850,0.008645533141210304
2022-07-11,17500,17750,17300,17550,22557,0.0028571428571428914
2022-07-12,17600,17850,17200,17500,49661,-0.002849002849002802
2022-07-13,17300,18400,17250,18000,83200,0.02857142857142847
2022-07-14,17950,18300,17800,17950,58340,-0.002777777777777768
2022-07-15,18100,18100,17600,17950,34483,0.0
2022-07-18,18100,18400,18000,18250,49974,0.01671309192200554
2022-07-19,18150,18850,17850,18650,109242,0.021917808219177992
2022-07-20,18600,18850,18400,18700,58004,0.002680965147453085
2022-07-21,18700,19250,18650,19250,79859,0.02941176470588225
2022-07-22,19250,21000,19100,20950,242213,0.08831168831168834
2022-07-25,21000,21500,20550,20800,146749,-0.007159904534606243
2022-07-26,20750,21500,20500,21350,66938,0.02644230769230771
2022-07-27,21300,22400,21100,22350,109858,0.04683840749414525
2022-07-28,22900,26350,22650,25700,561374,0.14988814317673382
2022-07-29,25900,26500,24700,25000,861415,-0.027237354085603127
2022-08-01,25000,25400,23500,24150,187837,-0.03400000000000003
2022-08-02,24100,24800,23200,23800,108924,-0.01449275362318836
2022-08-03,24000,24400,23500,24400,78436,0.025210084033613356
2022-08-04,24200,24450,22800,22800,112176,-0.06557377049180324
2022-08-05,22850,23650,22450,23300,112184,0.021929824561403466
2022-08-08,23250,23250,21800,22500,95095,-0.03433476394849788
2022-08-09,22500,22900,21750,22800,70881,0.01333333333333342
2022-08-10,22550,23450,22200,23000,64526,0.00877192982456143
2022-08-11,23050,23150,22500,23150,46972,0.006521739130434856
2022-08-12,23000,24700,23000,24400,109918,0.05399568034557234
2022-08-16,24550,25000,23600,23600,88269,-0.032786885245901676
2022-08-17,23500,24950,23200,24600,79073,0.04237288135593231
2022-08-18,24950,25850,24050,25550,111813,0.03861788617886175
2022-08-19,25500,26000,25000,25550,76954,0.0
2022-08-22,25000,26500,25000,25400,92965,-0.005870841487279899
2022-08-23,24800,25700,23750,25200,74278,-0.007874015748031482
2022-08-24,24950,27750,24950,27600,224841,0.09523809523809534
2022-08-25,27600,27700,26900,27500,90170,-0.0036231884057971175
2022-08-26,27550,28700,27450,28050,76741,0.020000000000000018
2022-08-29,27100,28200,26850,27500,92632,-0.019607843137254943
2022-08-30,27500,27950,26150,26700,83376,-0.029090909090909056
2022-08-31,26350,26950,26000,26950,59014,0.009363295880149725
2022-09-01,26650,28500,26550,27950,62413,0.03710575139146566
2022-09-02,28200,28450,26900,27150,95130,-0.028622540250447193
2022-09-05,27150,28000,27000,27150,61675,0.0
2022-09-06,27000,28200,27000,28050,49081,0.03314917127071815
2022-09-07,28100,28150,26800,27400,67972,-0.02317290552584672
2022-09-08,27400,27850,26900,27150,39814,-0.009124087591240837
2022-09-13,27800,29450,27300,28800,174093,0.06077348066298338
2022-09-14,27600,28350,27450,27850,74109,-0.03298611111111116
2022-09-15,27850,29200,27750,29050,80965,0.04308797127468589
2022-09-16,29250,30250,28650,30250,129263,0.04130808950086062
2022-09-19,30400,30400,25300,26550,248692,-0.12231404958677683
2022-09-20,27100,27900,26600,27300,91895,0.02824858757062154
2022-09-21,27300,27800,24150,26600,174836,-0.02564102564102566
2022-09-22,25600,26850,25450,26450,94957,-0.005639097744360888
2022-09-23,26500,27350,25700,26450,95541,0.0
2022-09-26,25950,26450,24800,25200,118031,-0.047258979206049156
2022-09-27,24650,25400,23650,24500,195531,-0.02777777777777779
2022-09-28,24350,25400,22750,23450,177497,-0.042857142857142816
2022-09-29,23900,25150,23250,24450,116427,0.04264392324093813
2022-09-30,23950,24000,19900,21900,464900,-0.10429447852760731
2022-10-04,22150,22450,20050,20050,206835,-0.08447488584474883
2022-10-05,20100,20600,18100,18900,288982,-0.05735660847880297
2022-10-06,19100,21350,19100,20750,222599,0.0978835978835979
2022-10-07,20850,21000,20300,20550,100343,-0.009638554216867434
2022-10-11,19900,20050,18950,19250,114058,-0.06326034063260344
2022-10-12,19000,19150,18150,18650,78661,-0.03116883116883118
2022-10-13,18350,18450,17450,17500,104149,-0.06166219839142095
2022-10-14,18000,19300,18000,19050,85494,0.08857142857142852
2022-10-17,18650,19300,18100,19250,690797,0.01049868766404205
2022-10-18,19250,19400,18500,18900,56635,-0.018181818181818188
2022-10-19,19400,19700,18500,18850,61643,-0.002645502645502673
2022-10-20,18650,19500,18600,19000,40369,0.007957559681697646
2022-10-21,18950,19150,18200,18850,68759,-0.007894736842105288
2022-10-24,19000,19300,18800,18850,23030,0.0
2022-10-25,18700,19200,18550,19150,29629,0.01591511936339529
2022-10-26,19100,19150,18600,18650,31898,-0.026109660574412552
2022-10-27,18900,18900,18450,18800,22452,0.008042895442359255
2022-10-28,18550,18900,18400,18750,21873,-0.0026595744680850686
2022-10-31,18900,19250,18550,18950,23619,0.010666666666666602
2022-11-01,18950,21700,18600,21400,171503,0.12928759894459096
2022-11-02,21400,21700,20450,20750,46357,-0.030373831775700966
2022-11-03,20250,20900,19800,20200,35746,-0.026506024096385583
2022-11-04,20000,20650,19550,20300,42881,0.004950495049504955
2022-11-07,19950,20400,19850,20000,17058,-0.014778325123152691
2022-11-08,20400,20750,19950,20600,19925,0.030000000000000027
2022-11-09,20750,20750,19800,20100,47012,-0.024271844660194164
2022-11-10,20050,20050,19500,19850,17858,-0.01243781094527363
2022-11-11,20250,20550,19900,20200,19901,0.017632241813602123
2022-11-14,20250,20450,19900,20200,17707,0.0
2022-11-15,19850,21000,19850,20900,38008,0.034653465346534684
2022-11-16,20800,22000,20800,21650,73285,0.03588516746411474
2022-11-17,22000,23400,21800,23100,88763,0.06697459584295617
2022-11-18,23350,23350,22500,22700,44537,-0.017316017316017285
2022-11-21,22700,23600,22350,23250,59244,0.02422907488986792
2022-11-22,23200,23300,22750,23000,21921,-0.010752688172043001
2022-11-23,23000,23450,22700,22750,22656,-0.010869565217391353
2022-11-24,22900,24000,22800,23800,72270,0.04615384615384621
2022-11-25,24000,25500,23250,24750,102552,0.0399159663865547
2022-11-28,25300,25850,24050,24550,137325,-0.008080808080808133
2022-11-29,24550,25500,24000,24750,56866,0.008146639511201537
2022-11-30,24550,25000,22900,24850,50993,0.004040404040404066
2022-12-01,25300,25300,24450,24950,26974,0.004024144869215318
2022-12-02,24800,25050,24150,24600,35474,-0.014028056112224463
2022-12-05,24600,24750,23700,24200,43409,-0.016260162601625994
2022-12-06,23750,24050,22200,23700,56083,-0.02066115702479343
2022-12-07,23000,23600,22850,23300,30844,-0.016877637130801704
2022-12-08,23250,23650,23050,23650,15252,0.015021459227467782
2022-12-09,23300,23900,23000,23200,22333,-0.019027484143763207
2022-12-12,23250,23750,22900,23300,34522,0.004310344827586299
2022-12-13,22900,24150,22900,23650,48426,0.015021459227467782
2022-12-14,23400,25450,23400,24750,115810,0.04651162790697683
2022-12-15,24800,25500,24800,25050,74570,0.0121212121212122
2022-12-16,24700,26100,24650,25300,120696,0.009980039920159722
2022-12-19,25400,25400,23700,23700,126660,-0.06324110671936756
2022-12-20,23700,24050,23200,23900,75971,0.00843881856540074
2022-12-21,23900,24650,23450,23950,75858,0.0020920502092049986
2022-12-22,23900,24800,23900,24200,70645,0.010438413361169019
2022-12-23,23300,23300,21050,21800,602249,-0.09917355371900827
2022-12-26,21800,22600,21500,22400,410518,0.02752293577981657
2022-12-27,22950,24400,22900,24250,445105,0.08258928571428581
2022-12-28,24150,26250,24150,25500,418436,0.05154639175257736
2022-12-29,25200,26650,25000,25800,172177,0.0117647058823529
2023-01-02,25850,26050,25200,25250,91738,-0.02131782945736438
2023-01-03,25450,25500,24700,25500,65037,0.00990099009900991
2023-01-04,25950,25950,24800,25350,95078,-0.00588235294117645
2023-01-05,25700,25700,25050,25100,53697,-0.009861932938856066
2023-01-06,25100,25550,24600,24950,78722,-0.005976095617529875
2023-01-09,25000,25000,24050,24100,90489,-0.034068136272545124
2023-01-10,23850,24500,23450,23550,69952,-0.022821576763485507
2023-01-11,23600,24400,23500,24300,64944,0.031847133757961776
2023-01-12,24500,24500,23500,23550,42495,-0.030864197530864224
2023-01-13,23800,23800,22850,23150,51495,-0.01698513800424628
2023-01-16,23450,23500,23000,23350,28405,0.008639308855291628
2023-01-17,23350,23700,23000,23250,38970,-0.004282655246252709
2023-01-18,23200,23350,22500,22800,65441,-0.01935483870967747
2023-01-19,22550,22950,22400,22850,42285,0.002192982456140413
2023-01-20,23000,23000,22600,22700,19648,-0.006564551422319487
2023-01-25,22950,23750,22650,23400,55574,0.03083700440528636
2023-01-26,23400,24550,23400,24500,58225,0.047008547008547064
2023-01-27,24500,24750,23300,23800,77224,-0.02857142857142858
2023-01-30,23550,23800,23300,23400,41963,-0.01680672268907568
2023-01-31,23450,24550,23100,23900,42635,0.02136752136752129
2023-02-01,24300,24300,23600,23650,41196,-0.010460251046025104
2023-02-02,23700,24550,23550,24250,50291,0.025369978858351017
2023-02-03,24300,24450,23800,24150,28540,-0.004123711340206171
2023-02-06,24250,24700,23900,24250,32673,0.0041407867494824835
2023-02-07,24000,24550,23900,23900,30016,-0.014432989690721598
2023-02-08,24100,24250,23650,23700,33480,-0.008368200836820106
2023-02-09,23800,24250,23150,24000,36673,0.012658227848101333
2023-02-10,24200,24200,23300,23450,31074,-0.022916666666666696
2023-02-13,23050,23300,22600,22950,34967,-0.021321961620469065
2023-02-14,22950,23200,22250,22350,42941,-0.02614379084967322
2023-02-15,22350,22400,21750,21850,43010,-0.022371364653243853
2023-02-16,22600,23250,22150,23000,41300,0.05263157894736836
2023-02-17,23000,23300,22350,22600,26249,-0.017391304347826098
2023-02-20,22950,23450,22300,23100,24729,0.022123893805309658
2023-02-21,23200,23200,21550,22300,78254,-0.03463203463203468
2023-02-22,22000,22000,21400,21650,37322,-0.029147982062780242
2023-02-23,21650,22100,20600,20600,75517,-0.0484988452655889
2023-02-24,20250,20800,19850,20800,49991,0.009708737864077666
2023-02-27,20600,21000,19950,20900,34121,0.004807692307692291
2023-02-28,21000,21500,20150,21100,63555,0.009569377990430672
2023-03-02,21400,21400,20800,21100,24782,0.0
2023-03-03,21200,21550,20850,21150,14435,0.0023696682464455776
2023-03-06,21150,21450,20500,21200,30338,0.0023640661938533203
2023-03-07,21000,23300,20900,23000,96866,0.08490566037735858
2023-03-08,23000,23000,22100,22300,31029,-0.0304347826086957
2023-03-09,22100,22350,21700,22300,23784,0.0
2023-03-10,22250,22350,21550,21800,22820,-0.022421524663677084
2023-03-13,21500,22000,20800,21900,36910,0.004587155963302836
2023-03-14,21500,22250,20900,21400,36730,-0.022831050228310557
2023-03-15,21800,21850,21300,21650,28591,0.011682242990654235
2023-03-16,21700,21800,20900,21500,35216,-0.006928406466512715
2023-03-17,21600,23200,21150,22550,97722,0.04883720930232549
2023-03-20,21700,22350,21400,22000,77078,-0.024390243902439046
2023-03-21,22000,22200,21500,21500,37431,-0.022727272727272707
2023-03-22,21550,23550,21550,23100,178648,0.07441860465116279
2023-03-23,23050,25150,22900,25000,357396,0.08225108225108224
2023-03-24,25050,26050,24400,25400,230636,0.016000000000000014
2023-03-27,25400,27100,24850,26900,209464,0.059055118110236116
2023-03-28,26900,27750,25500,26300,188713,-0.022304832713754608
2023-03-29,26300,26500,22150,22150,315598,-0.1577946768060836
2023-03-30,22350,23000,21250,21800,165091,-0.015801354401805856
2023-03-31,21800,22750,21700,22550,98430,0.034403669724770714
2023-04-03,22300,22900,21350,21500,105230,-0.04656319290465627
2023-04-04,21550,21800,21150,21300,49156,-0.009302325581395321
2023-04-05,21150,21650,20950,21400,58458,0.0046948356807512415
2023-04-06,21400,22250,21150,21950,53802,0.025700934579439227
2023-04-07,21850,22500,21850,22300,36864,0.015945330296127658
2023-04-10,22000,23000,21700,22300,36620,0.0
2023-04-11,22300,22300,21500,22200,47977,-0.004484304932735439
2023-04-12,22200,22400,21500,21850,72836,-0.015765765765765716
2023-04-13,21600,23800,21600,23750,167088,0.08695652173913038
2023-04-14,24100,25000,23600,23900,96990,0.006315789473684275
2023-04-17,23900,24250,23300,23700,59617,-0.008368200836820106
2023-04-18,23900,24700,22900,24350,93558,0.02742616033755274
2023-04-19,24250,24750,23600,23900,58693,-0.01848049281314168
2023-04-20,23900,23900,22700,23550,60195,-0.014644351464435101
2023-04-21,23600,23600,22700,23000,31095,-0.023354564755838636
2023-04-24,23000,23500,22050,22700,32303,-0.013043478260869601
2023-04-25,22600,22850,21650,22300,50485,-0.017621145374449365
2023-04-26,22000,22450,21500,22400,30984,0.004484304932735439
2023-04-27,22950,22950,21900,22400,11095,0.0
2023-04-28,22850,22850,21950,22300,23798,-0.004464285714285698
2023-05-02,22050,22850,21950,22600,21909,0.013452914798206317
2023-05-03,22600,22850,22200,22800,15560,0.008849557522123908
2023-05-04,22800,22800,22250,22600,11539,-0.00877192982456143
2023-05-08,22950,23050,22450,22950,16684,0.015486725663716783
2023-05-09,22850,23100,22350,22650,15809,-0.013071895424836555
2023-05-10,22900,22900,21900,21900,23276,-0.0331125827814569
2023-05-11,21650,22200,21600,21650,23804,-0.011415525114155223
2023-05-12,21650,21950,21300,21600,8789,-0.002309468822170868
2023-05-15,21950,21950,21100,21650,17120,0.0023148148148148806
2023-05-16,21900,21900,21000,21400,20821,-0.011547344110854452
2023-05-17,21750,22200,21250,21950,19242,0.025700934579439227
2023-05-18,22100,22250,21650,22050,18697,0.004555808656036442
2023-05-19,22550,22550,21900,22250,15681,0.009070294784580435
2023-05-22,22550,22650,21850,22650,21477,0.01797752808988773
2023-05-23,22650,22900,22300,22500,16495,-0.0066225165562914245
2023-05-24,22650,22650,21900,22150,19098,-0.015555555555555545
2023-05-25,21850,22150,21650,21850,22151,-0.013544018058690765
2023-05-26,21650,22200,21500,21700,13403,-0.006864988558352381
2023-05-30,22000,22250,21300,22000,27627,0.01382488479262678
2023-05-31,21600,22250,21600,21800,11323,-0.009090909090909038
2023-06-01,22300,22300,21500,21600,11776,-0.00917431192660545
2023-06-02,22150,22150,21200,22050,51189,0.02083333333333326
2023-06-05,22000,23600,21700,22950,95240,0.04081632653061229
2023-06-07,23000,23300,22500,22850,22565,-0.004357298474945481
2023-06-08,22600,22800,21850,22300,31855,-0.024070021881838044
2023-06-09,22300,22400,21900,22400,20476,0.004484304932735439
2023-06-12,22400,22400,21850,21900,25133,-0.022321428571428603
2023-06-13,21900,22200,21800,22100,14845,0.009132420091324311
2023-06-14,22100,22100,21400,21600,29386,-0.022624434389140302
2023-06-15,21600,21700,21400,21550,14872,-0.0023148148148147696
2023-06-16,21550,22300,21550,21950,16428,0.018561484918793614
2023-06-19,22350,22350,21500,21900,23593,-0.002277904328018221
2023-06-20,21950,22000,21500,21600,19062,-0.013698630136986356
2023-06-21,21900,21900,20400,20700,76466,-0.04166666666666663
2023-06-22,20050,20950,20050,20450,49382,-0.012077294685990392
2023-06-23,19920,20800,19650,20350,96999,-0.004889975550122272
2023-06-26,20000,20800,19970,20350,30733,0.0
2023-06-27,20400,20650,19850,19900,46363,-0.02211302211302213
2023-06-28,19910,20050,19400,19540,32275,-0.018090452261306567
2023-06-29,19450,19650,18810,19400,49712,-0.007164790174002067
2023-06-30,19750,19750,18750,19300,29017,-0.005154639175257714
2023-07-03,19420,20000,18890,19260,37523,-0.002072538860103612
2023-07-04,19040,19780,18880,19240,39553,-0.0010384215991692258
2023-07-05,19240,19550,18550,18800,72529,-0.022869022869022815
2023-07-06,18620,18780,17880,18320,68718,-0.025531914893617058
2023-07-07,18310,18420,17440,17520,50872,-0.04366812227074235
2023-07-10,17320,18410,17320,17970,22525,0.02568493150684925
2023-07-11,17970,18240,17550,17950,35214,-0.0011129660545353692
2023-07-12,17950,18000,17630,17800,19577,-0.00835654596100277
2023-07-13,17710,19200,17660,19120,50123,0.07415730337078652
2023-07-14,19100,20650,19100,20000,58349,0.046025104602510414
2023-07-17,19900,22000,19410,21950,110749,0.09749999999999992
2023-07-18,21950,21950,21100,21650,36930,-0.013667425968109326
2023-07-19,21650,21800,21200,21450,21563,-0.009237875288683584
2023-07-20,21500,22300,19850,21950,129154,0.02331002331002341
2023-07-21,21950,21950,21200,21700,18143,-0.011389521640091105
2023-07-24,21700,21750,20450,21100,51546,-0.027649769585253448
2023-07-25,20850,21100,20100,20400,37974,-0.033175355450236976
2023-07-26,20200,20700,18630,19520,39334,-0.04313725490196074
2023-07-27,19520,20600,19520,20400,16399,0.04508196721311486
2023-07-28,20700,20800,19790,19950,34214,-0.022058823529411797
2023-07-31,19950,21400,19350,20500,54363,0.027568922305764465
2023-08-01,20250,21000,19980,20200,16179,-0.014634146341463428
2023-08-02,20200,21100,19850,20150,42393,-0.0024752475247524774
2023-08-03,20000,20600,19750,19990,32758,-0.007940446650124056
2023-08-04,20200,20200,19580,19610,24967,-0.019009504752376172
2023-08-07,19450,19550,19130,19400,25746,-0.010708822029576792
2023-08-08,19840,19840,18940,19180,17260,-0.01134020618556697
2023-08-09,19190,19390,18650,19150,15763,-0.0015641293013556323
2023-08-10,19140,19140,18780,18960,11602,-0.00992167101827679
2023-08-11,18990,19340,18750,18850,11451,-0.005801687763713037
2023-08-14,18850,19020,18150,18640,23917,-0.011140583554376637
2023-08-16,18510,18770,18000,18000,17255,-0.03433476394849788
2023-08-17,18010,18500,17720,18500,13813,0.02777777777777768
2023-08-18,18450,18500,18160,18240,6728,-0.014054054054054022
2023-08-21,18240,19980,18150,19810,73766,0.08607456140350878
2023-08-22,19540,19990,19060,19580,26168,-0.011610297829379057
2023-08-23,19250,21150,19110,21000,108266,0.07252298263534218
2023-08-24,21500,22700,21050,22600,227974,0.07619047619047614
2023-08-25,22400,22700,21400,22600,61737,0.0
2023-08-28,21850,22600,21600,22450,50124,-0.006637168141592875
2023-08-29,22250,23350,21800,23050,100214,0.026726057906458767
2023-08-30,23100,24300,23000,23500,118563,0.01952277657266821
2023-08-31,23500,24700,23350,24550,175168,0.044680851063829685
2023-09-01,25800,28350,25500,27600,666045,0.12423625254582493
2023-09-04,27600,28500,27100,27400,158416,-0.007246376811594235
2023-09-05,27150,27700,26200,26200,159123,-0.04379562043795615
2023-09-06,26250,27450,25900,26950,118700,0.028625954198473247
2023-09-07,26700,28200,26300,27700,149638,0.027829313543599188
2023-09-08,27700,28450,26500,27600,116075,-0.0036101083032491488
2023-09-11,27400,28150,26500,26550,69628,-0.03804347826086951
2023-09-12,26200,27000,25100,26300,141416,-0.00941619585687381
2023-09-13,25850,26300,24500,25750,132727,-0.020912547528517123
2023-09-14,25450,29750,25050,29700,371571,0.15339805825242725
2023-09-15,29750,32400,29750,31600,610945,0.06397306397306401
2023-09-18,31450,32350,30400,30600,146669,-0.03164556962025311
2023-09-19,30600,31100,29100,29750,150516,-0.02777777777777779
2023-09-20,29300,30350,28800,29850,117996,0.003361344537815114
2023-09-21,29300,29650,27900,28550,127159,-0.04355108877721947
2023-09-22,27950,28650,27850,28550,41443,0.0
2023-09-25,28200,29000,27300,28050,87695,-0.017513134851138368
2023-09-26,28050,28800,27300,27350,44315,-0.024955436720142554
2023-09-27,27600,28500,26650,28250,47344,0.03290676416819016
2023-10-04,28000,29000,27200,27900,100147,-0.012389380530973493
2023-10-05,28650,28650,26500,27150,60008,-0.026881720430107503
2023-10-06,27150,27950,26600,27800,42957,0.023941068139963217
2023-10-10,27950,29200,27250,27400,67368,-0.014388489208633115
2023-10-11,27500,28900,27500,28750,48925,0.0492700729927007
2023-10-12,28500,32100,27700,31650,162952,0.10086956521739121
2023-10-13,31650,31700,29900,30150,89291,-0.04739336492891
2023-10-16,29750,30650,29400,30250,47215,0.0033167495854062867
2023-10-17,30200,31100,29500,29600,64689,-0.02148760330578514
2023-10-18,29500,30800,29450,30800,47785,0.04054054054054057
2023-10-19,30800,31250,29450,30050,98332,-0.024350649350649345
2023-10-20,29850,30150,26050,28650,184672,-0.04658901830282858
2023-10-23,28400,28400,27000,27400,77033,-0.04363001745200701
2023-10-24,27400,29700,27000,29100,62682,0.06204379562043805
2023-10-25,29150,30400,27650,28050,76952,-0.03608247422680411
2023-10-26,27050,27800,26450,27400,62735,-0.02317290552584672
2023-10-27,27400,28850,27300,28550,44119,0.04197080291970812
2023-10-30,28800,28800,27750,28300,19050,-0.008756567425569184
2023-10-31,28500,28800,27200,27350,47371,-0.03356890459363959
2023-11-01,27350,28100,27150,27550,33790,0.007312614259597838
2023-11-02,27700,30350,27550,29900,163872,0.08529945553539009
2023-11-03,30000,31800,29900,31500,236628,0.05351170568561869
2023-11-06,31900,32600,30650,31650,163873,0.004761904761904745
2023-11-07,31100,33900,30150,33700,221903,0.06477093206951023
2023-11-08,33700,33950,32450,32750,90918,-0.028189910979228516
2023-11-09,32750,33000,31900,32500,64095,-0.007633587786259555
2023-11-10,32150,32800,31450,32150,74038,-0.010769230769230753
2023-11-13,31550,32000,30700,31000,73755,-0.03576982892690517
2023-11-14,31000,33000,30650,33000,81103,0.06451612903225801
2023-11-15,33500,33600,31300,31700,96089,-0.039393939393939426
2023-11-16,31450,32000,30950,31950,34231,0.007886435331230235
2023-11-17,31650,32500,31150,31750,33629,-0.006259780907668211
2023-11-20,32100,32600,31450,32100,44842,0.011023622047244164
2023-11-21,32500,32500,31100,31450,50413,-0.02024922118380057
2023-11-22,31450,32600,31250,31550,61955,0.0031796502384737746
2023-11-23,31550,31800,29700,29950,83836,-0.05071315372424723
2023-11-24,29900,30700,29700,30100,60225,0.005008347245408995
2023-11-27,29650,30250,28850,30000,153085,-0.0033222591362126463
2023-11-28,29800,30800,29350,30000,47689,0.0
2023-11-29,30000,30750,29800,30050,63993,0.0016666666666667052
2023-11-30,30050,30050,28500,29300,102810,-0.024958402662229595
2023-12-01,29350,29450,28400,28700,55746,-0.020477815699658675
2023-12-04,28500,29150,27500,28000,85561,-0.024390243902439046
2023-12-05,27250,27950,26300,26700,160712,-0.046428571428571375
2023-12-06,26500,27450,26100,27050,92188,0.013108614232209659
2023-12-07,27200,28400,26650,28000,105632,0.03512014787430684
2023-12-08,28600,29650,28350,28950,99935,0.03392857142857153
2023-12-11,28950,29300,28250,29250,48662,0.010362694300518172
2023-12-12,28700,29650,28600,29250,62211,0.0
2023-12-13,29250,29550,28400,29100,80675,-0.00512820512820511
2023-12-14,29100,30450,28850,29500,124168,0.013745704467353903
2023-12-15,29450,30300,28850,30100,81003,0.02033898305084736
2023-12-18,30450,30850,29900,30250,65844,0.004983388704318914
2023-12-19,29850,30100,29300,29900,41183,-0.011570247933884281
2023-12-20,29900,30100,29400,29800,46478,-0.0033444816053511683
2023-12-21,29700,30700,29250,30450,95955,0.02181208053691286
2023-12-22,30650,30850,30200,30700,102407,0.008210180623973828
2023-12-26,30900,31100,29950,30450,105569,-0.008143322475570036
2023-12-27,30400,35450,30150,34500,445945,0.13300492610837433
2023-12-28,34500,37200,33750,36000,378902,0.04347826086956519
2024-01-02,36000,38950,36000,38850,302167,0.07916666666666661
2024-01-03,38900,39350,36900,38650,141261,-0.005148005148005175
2024-01-04,38000,39700,37250,37650,102390,-0.02587322121604141
2024-01-05,37650,38850,37150,38050,88456,0.010624169986719778
2024-01-08,38700,38850,36300,37500,83741,-0.014454664914586024
2024-01-09,38150,39450,37150,39200,147963,0.045333333333333226
2024-01-10,39200,40300,38200,39750,128545,0.014030612244897878
2024-01-11,39850,42350,38600,42050,204512,0.05786163522012577
2024-01-12,42100,42550,40350,40650,105902,-0.03329369797859694
2024-01-15,40100,40650,39350,39500,82955,-0.028290282902828978
2024-01-16,39850,40200,38800,39550,55689,0.0012658227848101333
2024-01-17,39000,39900,37900,38300,112996,-0.031605562579013924
2024-01-18,39200,39200,37500,38350,97328,0.0013054830287206887
2024-01-19,38400,40100,38250,38500,59914,0.003911342894393766
2024-01-22,38500,40400,37700,39900,153412,0.036363636363636376
2024-01-23,40300,40300,37800,38350,82584,-0.03884711779448624
2024-01-24,38250,38250,35400,36500,179378,-0.04823989569752285
2024-01-25,36500,37200,35750,36100,84173,-0.010958904109588996
2024-01-26,36450,36450,35200,35750,69117,-0.00969529085872578
2024-01-29,35550,35950,34300,35250,64707,-0.013986013986013957
2024-01-30,35350,36700,34850,35650,74074,0.01134751773049647
2024-01-31,36000,36400,34650,35400,115830,-0.007012622720897643
2024-02-01,35000,35350,32550,34050,213046,-0.03813559322033899
2024-02-02,34200,36200,34200,36050,127079,0.058737151248164476
2024-02-05,36000,36000,33900,34200,69515,-0.05131761442441052
2024-02-06,34500,34950,33500,34600,29008,0.011695906432748648
2024-02-07,34950,34950,33350,33950,51466,-0.018786127167630062
2024-02-08,34800,37900,34800,35700,257370,0.05154639175257736
2024-02-13,35700,37150,35250,35700,137907,0.0
2024-02-14,35700,36900,35100,36500,82599,0.022408963585434094
2024-02-15,36700,36700,31550,32550,460827,-0.10821917808219184
2024-02-16,33300,34700,32050,32800,187326,0.007680491551459223
2024-02-19,30750,32000,29750,31450,443317,-0.041158536585365835
2024-02-20,31600,32600,30700,31750,102432,0.009538950715421324
2024-02-21,31450,33750,31050,33750,153766,0.06299212598425208
2024-02-22,33650,34350,33250,34000,81861,0.007407407407407307
2024-02-23,33450,34200,32950,33900,51402,-0.002941176470588225
2024-02-26,34200,36000,32800,35800,100633,0.05604719764011801
2024-02-27,35800,36200,34850,35750,90723,-0.0013966480446927498
2024-02-28,35250,35900,35000,35600,36469,-0.004195804195804231
2024-02-29,35100,36800,34800,35650,252408,0.001404494382022392
2024-03-04,35650,36700,35050,36100,89900,0.012622720897615736
2024-03-05,36000,36000,34650,35750,60449,-0.00969529085872578
2024-03-06,35450,35950,34000,35000,135198,-0.020979020979020935
2024-03-07,35000,35950,33100,34800,177209,-0.005714285714285672
2024-03-08,35000,35850,34100,34200,64437,-0.017241379310344862
2024-03-11,33700,33950,32250,33000,107439,-0.03508771929824561
2024-03-12,32500,33150,31500,31900,96722,-0.033333333333333326
2024-03-13,31600,32300,30900,31800,80926,-0.0031347962382445305
2024-03-14,32000,32100,30950,32000,57637,0.0062893081761006275
2024-03-15,32300,35800,31450,34500,250437,0.078125
2024-03-18,34650,35450,33750,35000,112934,0.01449275362318847
2024-03-19,34900,35000,33250,33750,64565,-0.0357142857142857
2024-03-20,33850,34000,32450,32800,61712,-0.028148148148148144
2024-03-21,32700,33250,31850,32100,75349,-0.021341463414634165
2024-03-22,32450,32650,31600,32200,57037,0.0031152647975076775
2024-03-25,32200,33800,31800,33000,86807,0.024844720496894457
2024-03-26,33000,34100,32700,33950,97022,0.028787878787878807
2024-03-27,33500,33750,33000,33450,41764,-0.014727540500736325
2024-03-28,33450,34100,32900,33100,48688,-0.010463378176382654
2024-03-29,33100,35250,32550,34800,82100,0.051359516616314105
2024-04-01,34750,36300,33750,35500,100281,0.02011494252873569
2024-04-02,35150,35500,31000,31800,228107,-0.10422535211267603
2024-04-03,31250,33300,30500,32700,144177,0.028301886792452935
2024-04-04,31650,32300,29150,32150,273745,-0.016819571865443472
2024-04-05,31700,34000,31250,32300,145113,0.004665629860031162
2024-04-08,33000,33150,29450,31000,143889,-0.04024767801857587
2024-04-09,30550,30600,27100,28750,324884,-0.07258064516129037
2024-04-11,28750,29250,27950,28750,78571,0.0
2024-04-12,28800,29950,28400,29700,60604,0.03304347826086951
2024-04-15,29050,29300,27600,28300,66813,-0.047138047138047146
2024-04-16,27800,28400,26900,27300,48274,-0.035335689045936425
2024-04-17,27300,27950,27150,27450,31625,0.005494505494505475
2024-04-18,27000,27900,26650,27650,86952,0.007285974499089187
2024-04-19,27650,29000,27000,28250,67553,0.02169981916817365
2024-04-22,29000,30750,29000,30300,104471,0.072566371681416
2024-04-23,30450,33450,30000,33400,182014,0.10231023102310233
2024-04-24,34200,36000,34200,34500,291642,0.03293413173652704
2024-04-25,34500,35000,33200,33500,124153,-0.02898550724637683
2024-04-26,33250,34350,32750,34250,118072,0.02238805970149249
2024-04-29,38500,38550,34850,36400,330715,0.06277372262773717
2024-04-30,36400,36400,34050,35100,137214,-0.0357142857142857
2024-05-02,34900,35350,34500,35000,69360,-0.002849002849002802
2024-05-03,35050,36000,34450,35000,107780,0.0
2024-05-07,35100,35450,34300,34750,77670,-0.0071428571428571175
2024-05-08,34400,35300,33700,35100,99493,0.010071942446043147
2024-05-09,34750,35300,32750,33900,167821,-0.03418803418803418
2024-05-10,33900,33950,32550,32600,81139,-0.03834808259587019
2024-05-13,32900,35550,32850,35450,190136,0.08742331288343563
2024-05-14,36000,38650,35850,37800,440207,0.06629055007052176
2024-05-16,38950,39550,37800,38700,192388,0.023809523809523725
2024-05-17,38750,39250,35650,36500,123466,-0.056847545219638196
2024-05-20,36100,36500,35150,35800,92997,-0.019178082191780854
2024-05-21,38000,38350,36500,37550,225854,0.0488826815642458
2024-05-22,37400,37400,36150,36750,61283,-0.02130492676431428
2024-05-23,37100,39950,36250,39200,141238,0.06666666666666665
2024-05-24,39100,39650,37650,38200,61087,-0.025510204081632626
2024-05-27,38250,39400,36000,36600,122049,-0.041884816753926746
2024-05-28,36700,37100,35800,36450,68634,-0.004098360655737654
2024-05-29,36750,36900,34400,34650,125609,-0.04938271604938271
2024-05-30,34650,34900,33500,34200,57697,-0.012987012987012991
2024-05-31,34700,35400,33050,33500,234017,-0.020467836257309968
2024-06-03,33500,34500,33350,34500,50679,0.029850746268656803
2024-06-04,33800,34750,33750,34350,30048,-0.004347826086956497
2024-06-05,33800,34000,32600,32950,88217,-0.040756914119359555
2024-06-07,32950,34600,32650,34300,58361,0.04097116843702575
2024-06-10,34200,36400,33950,36050,152766,0.05102040816326525
2024-06-11,35900,36200,34750,35000,69123,-0.029126213592232997
2024-06-12,35000,36250,35000,35850,82465,0.024285714285714244
2024-06-13,36100,36300,34500,34500,323914,-0.03765690376569042
2024-06-14,34500,34500,29900,30600,503085,-0.11304347826086958
2024-06-17,31100,32000,30600,31950,87267,0.044117647058823595
2024-06-18,32300,32300,30100,31400,112683,-0.017214397496087663
2024-06-19,31700,31700,30600,30900,62601,-0.015923566878980888
2024-06-20,30700,31250,29950,30150,89369,-0.024271844660194164
2024-06-21,30000,30450,29450,30000,85278,-0.00497512437810943
2024-06-24,29900,30250,28350,30200,75693,0.006666666666666599
2024-06-25,29600,30150,28650,29100,104507,-0.03642384105960261
2024-06-26,29500,31000,28500,29050,144773,-0.0017182130584192379
2024-06-27,30000,30350,29100,30050,69269,0.03442340791738374
2024-06-28,30050,31000,29450,30400,57161,0.011647254575707144
2024-07-01,30450,31000,29800,30600,52649,0.006578947368421018
2024-07-02,30100,30450,29650,30100,55252,-0.016339869281045805
2024-07-03,29850,30100,28850,29700,74719,-0.013289036544850474
2024-07-04,29500,29650,28350,28550,65996,-0.03872053872053871
2024-07-05,28550,29200,28300,29000,46239,0.015761821366024442
2024-07-08,28750,28750,27800,28500,61567,-0.017241379310344862
2024-07-09,28200,29450,28150,28550,57619,0.0017543859649122862
2024-07-10,28300,28750,28000,28400,47917,-0.005253940455341555
2024-07-11,28700,30500,28450,29350,84910,0.03345070422535201
2024-07-12,29350,31850,29350,31200,172407,0.0630323679727427
2024-07-15,30700,32550,30300,32500,88191,0.04166666666666674
2024-07-16,32800,33000,31800,32900,72536,0.012307692307692353
2024-07-17,33300,33300,31150,31800,77710,-0.033434650455927084
2024-07-18,32300,32300,30250,31300,69846,-0.01572327044025157
2024-07-19,30600,31750,30600,31600,23479,0.009584664536741228
2024-07-22,31050,31300,29050,29600,60027,-0.06329113924050633
2024-07-23,29600,29900,28750,29850,42419,0.008445945945946054
2024-07-24,29150,29750,29000,29550,25379,-0.01005025125628145
2024-07-25,29300,30250,28900,29950,45081,0.013536379018612488
2024-07-26,30000,30450,29300,29700,57466,-0.008347245409014992
2024-07-29,30050,30600,29300,30200,28308,0.01683501683501687
2024-07-30,29550,30350,29450,30050,31672,-0.004966887417218513
2024-07-31,30050,30700,29400,30700,24444,0.021630615640598982
2024-08-01,31050,31050,29900,30500,23522,-0.006514657980456029
2024-08-02,30400,30400,29400,29700,73283,-0.02622950819672132
2024-08-05,29000,29100,25000,26350,145076,-0.11279461279461278
2024-08-06,27250,28450,27200,28150,54899,0.06831119544592035
2024-08-07,27450,28500,27350,28350,26383,0.007104795737122638
2024-08-08,27800,27900,27050,27850,53124,-0.01763668430335097
2024-08-09,28100,28150,27150,27800,30254,-0.0017953321364452268
2024-08-12,27500,28100,27350,27950,16494,0.0053956834532373765
2024-08-13,27550,27900,26700,27150,40130,-0.028622540250447193
2024-08-14,27800,27800,26700,27150,41044,0.0
2024-08-16,27650,27650,26300,26700,52707,-0.016574585635359074
2024-08-19,26800,26800,25400,26100,53396,-0.022471910112359605
2024-08-20,25700,26350,25500,26250,33218,0.005747126436781658
2024-08-21,25750,26500,25700,26300,26672,0.0019047619047618536
2024-08-22,26200,26300,24350,25300,87186,-0.03802281368821292
2024-08-23,24800,25000,24300,24700,57174,-0.02371541501976282
2024-08-26,24450,25000,23300,24950,107103,0.010121457489878471
2024-08-27,24950,24950,23200,23900,62585,-0.04208416833667339
2024-08-28,23500,23650,22500,23300,52837,-0.025104602510460206
2024-08-29,22300,23450,22300,23150,39752,-0.006437768240343367
2024-08-30,22900,23500,22700,23450,36369,0.012958963282937441
2024-09-02,23300,23500,22250,22300,40775,-0.049040511727078906
2024-09-03,22300,23700,22300,22850,35839,0.024663677130044803
2024-09-04,22650,22750,21450,21750,47675,-0.0481400437636762
2024-09-05,21900,22450,21500,22450,23071,0.03218390804597693
2024-09-06,22650,22650,20950,21100,42240,-0.060133630289532336
2024-09-09,20000,21700,20000,21650,46415,0.026066350710900466
2024-09-10,21450,21500,19990,20250,43621,-0.0646651270207852
2024-09-11,20500,21200,20450,20850,25383,0.029629629629629672
2024-09-12,20500,21700,20400,20650,65912,-0.00959232613908878
2024-09-13,20400,20900,19950,20750,24371,0.004842615012106588
2024-09-19,21150,21150,20100,20400,21798,-0.016867469879518038
2024-09-20,20450,20750,20000,20550,30447,0.007352941176470562
2024-09-23,20350,20350,19250,19280,70291,-0.06180048661800486
2024-09-24,19740,20200,19300,20200,58854,0.047717842323651505
2024-09-25,20550,23650,20000,22700,115855,0.12376237623762387
2024-09-26,22800,23500,21800,22800,47767,0.004405286343612369
2024-09-27,22600,23650,21800,23050,53377,0.010964912280701844
2024-09-30,23450,23500,22400,22850,32768,-0.008676789587852451
2024-10-02,22200,24550,22150,23750,63595,0.03938730853391692
2024-10-04,23950,25000,23000,24150,53132,0.01684210526315799
2024-10-07,23800,23800,22800,23450,39419,-0.02898550724637683
2024-10-08,23350,23700,22550,23400,20196,-0.002132196162046962
2024-10-10,23050,23350,22600,22850,25131,-0.023504273504273532
2024-10-11,23500,24100,23150,23300,26870,0.01969365426695835
2024-10-14,23400,24600,23200,24600,31634,0.05579399141630903
2024-10-15,25100,26200,23250,23300,89715,-0.05284552845528456
2024-10-16,23100,23900,23100,23700,51701,0.01716738197424883
2024-10-17,23800,23800,22950,23400,23989,-0.012658227848101222
2024-10-18,23800,23800,22250,22300,42724,-0.047008547008547064
2024-10-21,22900,22900,22000,22300,19613,0.0
2024-10-22,22150,22350,21500,21750,55538,-0.024663677130044803
2024-10-23,21950,21950,21100,21900,34668,0.006896551724137945
2024-10-24,22000,22000,20950,21800,25919,-0.004566210045662156
2024-10-25,22050,24250,21850,23750,57896,0.08944954128440363
2024-10-28,23750,23850,22550,23550,34928,-0.008421052631578996
2024-10-29,23100,24200,22900,23950,24092,0.01698513800424628
2024-10-30,23750,24150,23050,23050,16062,-0.0375782881002088
2024-10-31,23050,23350,22450,23000,22136,-0.002169197396963085
2024-11-01,23200,23200,21900,22450,39023,-0.023913043478260843
2024-11-04,22450,23350,22250,23350,27388,0.04008908685968815
2024-11-05,22750,23300,22050,22800,30606,-0.023554603854389677
2024-11-06,22600,23300,22450,23300,21943,0.021929824561403466
2024-11-07,22800,22900,21900,22450,44787,-0.03648068669527893
2024-11-08,22550,22650,21300,21400,48655,-0.04677060133630284
2024-11-11,21200,21750,20700,21250,34367,-0.007009345794392496
2024-11-12,21450,21450,19950,20750,105168,-0.02352941176470591
2024-11-13,20900,20900,20000,20550,49975,-0.009638554216867434
2024-11-14,20550,21950,20550,21650,53989,0.05352798053527974
2024-11-15,21300,22300,20750,22250,50569,0.02771362586605086
2024-11-18,22250,22700,21750,22250,37392,0.0
2024-11-19,22200,22500,21400,22300,18279,0.0022471910112360494
2024-11-20,22450,24600,21750,24500,66872,0.09865470852017943
2024-11-21,24550,24550,23600,24350,52697,-0.006122448979591799
2024-11-22,24500,24500,22600,23800,64065,-0.022587268993839782
2024-11-25,23600,24150,23100,23800,28553,0.0
2024-11-26,23400,24100,23350,24000,19745,0.008403361344537785
2024-11-27,24050,25100,23850,24500,50687,0.02083333333333326
2024-11-28,24650,24650,23500,23950,25464,-0.022448979591836782
2024-11-29,23800,23800,22600,23100,36211,-0.035490605427975
2024-12-02,23700,23750,22550,23300,27681,0.008658008658008587
2024-12-03,23300,23750,22050,23500,56198,0.008583690987124415
2024-12-04,22550,23300,21850,22350,88413,-0.04893617021276597
2024-12-05,22050,23000,21600,22700,58722,0.015659955257270708
2024-12-06,23000,23800,22200,23700,73243,0.044052863436123246
2024-12-09,23600,23650,21500,22450,78219,-0.052742616033755296
2024-12-10,22800,23400,22050,23000,54616,0.024498886414253906
2024-12-11,22550,22800,21550,21550,91301,-0.06304347826086953
2024-12-12,21700,21900,20900,21400,82679,-0.00696055684454755
2024-12-13,21650,21700,21100,21600,38804,0.009345794392523255
2024-12-16,21400,21700,20800,21300,94228,-0.01388888888888884
2024-12-17,21000,22050,21000,21400,70179,0.0046948356807512415
2024-12-18,21750,24100,21300,23900,212164,0.11682242990654212
2024-12-19,23500,23900,22650,23000,189513,-0.03765690376569042
2024-12-20,22850,24250,22300,23000,244231,0.0
2024-12-23,23000,24600,22000,24000,165056,0.04347826086956519
2024-12-24,24500,28150,24050,27000,649833,0.125
2024-12-26,26900,27150,26000,26000,192254,-0.03703703703703709
2024-12-27,25750,27150,25500,26750,298510,0.028846153846153744
2024-12-30,26500,27250,25650,26100,106478,-0.024299065420560706
2025-01-02,26100,28400,25550,28000,175385,0.07279693486590033
2025-01-03,28000,28350,27100,28100,107583,0.0035714285714285587
2025-01-06,27550,27950,25850,26400,187863,-0.06049822064056942
2025-01-07,26050,26400,25000,25400,85056,-0.037878787878787845
2025-01-08,25100,26350,25100,26250,83442,0.0334645669291338
2025-01-09,25600,25950,24300,25000,186402,-0.04761904761904767
2025-01-10,24800,25050,24400,24850,40570,-0.006000000000000005
2025-01-13,24550,24800,22450,22950,232763,-0.07645875251509049
2025-01-14,23200,23450,22750,23100,43384,0.006535947712418277
2025-01-15,22750,23450,22450,22600,60833,-0.02164502164502169
2025-01-16,23450,23750,22500,22850,97913,0.01106194690265494
2025-01-17,22550,23100,22250,22850,55982,0.0
2025-01-20,22600,22650,21850,22450,84363,-0.017505470459518557
2025-01-21,22450,22750,21700,22000,82682,-0.020044543429844075
2025-01-22,21800,22250,21750,21950,60136,-0.002272727272727315
2025-01-23,21950,21950,21500,21800,37932,-0.006833712984054663
2025-01-24,22000,22200,21450,21900,37159,0.004587155963302836
2025-01-31,22200,22200,20750,21050,73860,-0.038812785388127824
2025-02-03,20750,21200,20300,21150,58578,0.004750593824228044
2025-02-04,21600,21800,21050,21250,52043,0.004728132387706863
2025-02-05,20950,21700,20900,20950,45756,-0.014117647058823568
2025-02-06,20800,21800,20800,21700,51497,0.03579952267303099
2025-02-07,21300,22800,21150,21500,48010,-0.009216589861751112
2025-02-10,21150,22250,20950,21400,80791,-0.0046511627906976605
2025-02-11,21450,21550,19330,20700,292135,-0.032710280373831724
2025-02-12,20750,22450,19880,21700,297222,0.048309178743961345
2025-02-13,21700,22500,20750,22450,163279,0.034562211981566726
2025-02-14,22400,23050,21850,21850,116995,-0.026726057906458767
2025-02-17,22300,23100,21750,22650,145406,0.03661327231121292
2025-02-18,22200,23250,22100,23000,85153,0.015452538631346657
2025-02-19,22700,23950,22700,23200,91309,0.008695652173912993
2025-02-20,22900,23600,22200,22200,69125,-0.0431034482758621
2025-02-21,22200,22750,21800,22200,25565,0.0
2025-02-24,22300,23700,22200,23550,85307,0.060810810810810745
2025-02-25,23550,24200,23450,23650,36927,0.00424628450106157
2025-02-26,23550,23650,23050,23350,33635,-0.012684989429175508
2025-02-27,23050,25000,22900,24800,163020,0.062098501070663836
2025-02-28,24550,25350,24200,24800,77012,0.0
2025-03-04,24000,24800,23500,23750,73629,-0.04233870967741937
2025-03-05,24250,24900,23300,24800,69368,0.04421052631578948
2025-03-06,24900,25125,23700,23800,88556,-0.040322580645161255
2025-03-07,23950,23950,22850,23450,65360,-0.014705882352941124
2025-03-10,22900,23450,21400,21750,145190,-0.07249466950959493
2025-03-11,21700,22450,21050,22450,92266,0.03218390804597693
2025-03-12,22050,23100,21800,22550,73691,0.00445434298440972
2025-03-13,22600,24950,22250,24600,241379,0.09090909090909083
2025-03-14,24600,25050,24100,24550,72959,-0.002032520325203291
2025-03-17,24550,24550,23700,23900,125505,-0.02647657841140527
2025-03-18,23950,24300,23700,24200,46526,0.012552301255230214
2025-03-19,24300,24300,23600,23950,44891,-0.010330578512396715
2025-03-20,24100,24150,23000,23250,45917,-0.029227557411273475
2025-03-21,23200,23250,22600,23250,78680,0.0
2025-03-24,22800,23350,22500,22600,45405,-0.027956989247311825
2025-03-25,22400,22750,22250,22650,34926,0.0022123893805310324
2025-03-26,22850,23350,22400,23250,61272,0.026490066225165476
2025-03-27,23250,23600,22200,22500,57552,-0.032258064516129004
2025-03-28,22300,22500,21900,21900,85416,-0.026666666666666616
2025-03-31,21850,21850,20950,21450,69829,-0.020547945205479423
2025-04-01,21650,21850,21250,21500,44487,0.002331002331002363
2025-04-02,21500,21700,20950,21500,32840,0.0
2025-04-03,21000,21650,20650,21500,49281,0.0
2025-04-04,21500,21500,20300,20900,74175,-0.027906976744186074
2025-04-07,19850,20200,18900,19900,113132,-0.04784688995215314
2025-04-08,20200,20400,19300,19460,83831,-0.022110552763819125
2025-04-09,19690,19690,17520,17860,207909,-0.08221993833504626
2025-04-10,18890,19280,18570,19230,107178,0.07670772676371773
2025-04-11,19250,19250,18470,19050,58113,-0.009360374414976613
2025-04-14,19100,22500,19100,21200,184936,0.11286089238845154
2025-04-15,21200,21200,20000,20700,50266,-0.02358490566037741
2025-04-16,20450,21100,20150,20700,35967,0.0
2025-04-17,20550,22750,20225,22300,130405,0.07729468599033806
2025-04-18,22050,22250,20800,21000,96586,-0.058295964125560484
2025-04-21,20850,21250,20600,20900,56877,-0.004761904761904745
2025-04-22,20900,21000,20000,20050,74491,-0.04066985645933019
2025-04-23,20300,20350,19930,20150,66055,0.004987531172069737
2025-04-24,20050,20300,19680,19810,87948,-0.016873449131513674
2025-04-25,19800,20500,19800,20100,32349,0.01463907117617369
2025-04-28,20200,20450,19920,20250,33356,0.00746268656716409
2025-04-29,20000,20750,19930,20500,48063,0.012345679012345734
2025-04-30,20050,20350,19530,20100,59364,-0.019512195121951237
2025-05-02,19700,20350,19500,19630,107908,-0.023383084577114466
2025-05-07,19980,20250,19710,20100,46145,0.023942944472745697
2025-05-08,20200,20750,19920,20250,38883,0.00746268656716409
2025-05-09,20450,20800,19820,20700,56643,0.022222222222222143
2025-05-12,20850,21850,20300,21600,93687,0.04347826086956519
2025-05-13,22300,23000,21850,22750,144378,0.0532407407407407
2025-05-14,22700,23000,22100,22800,20504,0.00219780219780219
2025-05-15,22600,23000,22350,22600,21506,-0.00877192982456143
2025-05-16,22400,22450,20550,20750,89926,-0.08185840707964598
2025-05-19,20550,20600,19750,20500,35980,-0.012048192771084376
2025-05-20,20900,20900,20100,20100,25524,-0.019512195121951237
2025-05-21,20100,20200,19660,19670,55844,-0.021393034825870627
2025-05-22,19550,19690,19310,19400,52286,-0.01372648703609558
2025-05-23,19600,19820,19110,19600,99273,0.010309278350515427
2025-05-26,19700,20500,19510,19980,37603,0.019387755102040716
2025-05-27,19790,20000,19610,19910,26639,-0.00350350350350348
2025-05-28,19910,20300,19730,20150,25499,0.012054244098443023
2025-05-29,20500,21700,19880,21500,62214,0.06699751861042191
2025-05-30,21550,23650,21450,22950,171297,0.06744186046511635
2025-06-02,22500,23050,22150,22500,41896,-0.019607843137254943
2025-06-04,23000,23400,22600,23300,60552,0.03555555555555556
2025-06-05,23500,24100,22800,22950,49580,-0.015021459227467782
2025-06-09,23000,24450,22350,22800,41693,-0.006535947712418277
2025-06-10,22550,23600,22350,23000,28185,0.00877192982456143
2025-06-11,22800,23500,22650,23000,45919,0.0
2025-06-12,22800,23500,22800,23500,64936,0.021739130434782705
2025-06-13,23300,23600,22250,23600,75541,0.004255319148936065
2025-06-16,23300,23900,22000,22200,75976,-0.05932203389830504
2025-06-17,22700,24300,22000,23950,128671,0.0788288288288288
2025-06-18,23000,23550,22700,22900,54987,-0.04384133611691021
2025-06-19,22600,23100,22500,22750,36398,-0.0065502183406113135
2025-06-20,23100,23100,22450,22550,20470,-0.00879120879120876
2025-06-23,22800,22800,22050,22150,49275,-0.0177383592017738
2025-06-24,22900,22900,22350,22750,37526,0.02708803611738153
2025-06-25,22400,22700,22100,22150,22700,-0.02637362637362639
2025-06-26,21950,22500,21750,22400,60715,0.011286681715575675
2025-06-27,22300,23600,22200,23250,45529,0.0379464285714286
2025-06-30,23500,25350,23150,24700,134408,0.06236559139784936
2025-07-01,24550,25500,24500,24500,74528,-0.0080971659919028
2025-07-02,24500,25200,23500,24300,124048,-0.008163265306122436
2025-07-03,24450,24900,24000,24600,23206,0.012345679012345734
2025-07-04,24400,25200,24250,24300,21058,-0.012195121951219523
2025-07-07,25000,25000,24100,24600,23425,0.012345679012345734
2025-07-08,24950,24950,23900,24250,32255,-0.014227642276422814
2025-07-09,24350,25100,24000,24300,37538,0.0020618556701030855
2025-07-10,24100,26800,24000,26150,145098,0.0761316872427984
2025-07-11,26250,26700,25250,25450,100585,-0.026768642447418722
2025-07-14,26000,26000,23650,23800,221665,-0.06483300589390961
2025-07-15,23800,25650,23200,25450,200971,0.06932773109243695
2025-07-16,26250,27300,25700,26500,313350,0.04125736738703334
2025-07-17,26100,27150,25300,25550,250293,-0.03584905660377358
2025-07-18,25500,26350,24900,25750,113213,0.007827788649706457
2025-07-21,26150,26950,25400,26350,302760,0.023300970873786353
2025-07-22,26550,26700,23950,24950,328719,-0.05313092979127132
2025-07-23,24550,24700,23300,24350,231420,-0.024048096192384794
2025-07-24,23900,24350,23800,24050,113498,-0.012320328542094416
2025-07-25,23800,24400,23600,24250,76715,0.008316008316008316
2025-07-28,23900,24150,22900,23050,116127,-0.04948453608247427
2025-07-29,23400,23400,22500,23000,71135,-0.002169197396963085
2025-07-30,23450,24400,23000,23200,72433,0.008695652173912993
2025-07-31,22900,23400,22300,22950,128321,-0.010775862068965525
2025-08-01,22900,22900,21750,22050,71534,-0.039215686274509776
2025-08-04,21950,22900,21800,22500,56400,0.020408163265306145
2025-08-05,22900,23150,22350,22650,37370,0.006666666666666599
2025-08-06,22950,22950,22050,22350,43400,-0.013245033112582738
2025-08-07,22250,22550,21950,22250,42555,-0.004474272930648726
2025-08-08,22250,23350,22200,22800,59320,0.024719101123595433
2025-08-11,22450,22600,22000,22100,43939,-0.030701754385964897
2025-08-12,22250,22250,20800,21100,81851,-0.04524886877828049
