Date,Open,High,Low,Close,Volume,Change
2022-01-03,7690,7740,7600,7700,37773,0.0026041666666667407
2022-01-04,7640,7920,7640,7860,37538,0.020779220779220786
2022-01-05,7860,7920,7790,7890,41535,0.003816793893129722
2022-01-06,7880,9330,7830,8310,2239801,0.05323193916349811
2022-01-07,8300,8400,8020,8130,190598,-0.02166064981949456
2022-01-10,8170,8380,8080,8180,118035,0.006150061500614923
2022-01-11,8240,8420,8030,8200,134842,0.0024449877750611915
2022-01-12,8240,8310,8200,8250,52242,0.0060975609756097615
2022-01-13,8300,8510,7820,8230,158966,-0.00242424242424244
2022-01-14,8160,8240,8040,8040,47867,-0.023086269744835963
2022-01-17,8070,8090,7900,7930,33626,-0.013681592039801016
2022-01-18,7930,8060,7810,7870,24557,-0.007566204287515754
2022-01-19,7800,7870,7630,7660,33164,-0.026683608640406642
2022-01-20,7590,7810,7590,7810,15974,0.019582245430809442
2022-01-21,7770,7810,7600,7660,15565,-0.01920614596670933
2022-01-24,7660,7660,7420,7420,33012,-0.031331592689295085
2022-01-25,7390,7490,6960,7070,57577,-0.047169811320754707
2022-01-26,6910,7170,6910,7040,21482,-0.004243281471004279
2022-01-27,7050,7120,6750,6850,38410,-0.026988636363636354
2022-01-28,6850,7150,6840,7150,20505,0.04379562043795615
2022-02-03,7380,7500,7220,7500,25835,0.04895104895104896
2022-02-04,7470,7580,7410,7560,35828,0.008000000000000007
2022-02-07,7810,7810,7520,7630,29850,0.0092592592592593
2022-02-08,7700,7700,7550,7600,19225,-0.003931847968545177
2022-02-09,7700,7750,7570,7740,28265,0.018421052631578894
2022-02-10,7750,7870,7740,7830,33439,0.011627906976744207
2022-02-11,7830,7830,7620,7620,29206,-0.026819923371647514
2022-02-14,7620,7670,7310,7320,17100,-0.03937007874015752
2022-02-15,7400,7400,7020,7150,19815,-0.023224043715846965
2022-02-16,7160,7430,7160,7370,18691,0.03076923076923066
2022-02-17,7500,7500,7260,7350,16840,-0.0027137042062415073
2022-02-18,7340,7350,7260,7350,7236,0.0
2022-02-21,7600,9140,7600,7950,3381006,0.08163265306122458
2022-02-22,7950,8070,7580,7700,324871,-0.03144654088050314
2022-02-23,7790,7790,7490,7570,175723,-0.016883116883116833
2022-02-24,7570,7570,7270,7300,152190,-0.03566710700132103
2022-02-25,7410,7410,7220,7300,71728,0.0
2022-02-28,7260,7470,7200,7410,56955,0.015068493150685036
2022-03-02,7500,7610,7410,7560,77942,0.020242914979757165
2022-03-03,7650,7740,7540,7690,75231,0.01719576719576721
2022-03-04,7800,8000,7620,7750,144930,0.007802340702210753
2022-03-07,7810,7810,7550,7660,50719,-0.011612903225806437
2022-03-08,7400,7650,7400,7570,45433,-0.011749347258485643
2022-03-10,7580,7670,7570,7650,38477,0.010568031704095038
2022-03-11,7650,7810,7640,7760,65444,0.01437908496732021
2022-03-14,7760,7770,7590,7690,41033,-0.009020618556700999
2022-03-15,7670,7860,7600,7840,62005,0.01950585175552666
2022-03-16,7900,7980,7710,7890,70578,0.0063775510204082675
2022-03-17,7910,8010,7850,7990,79840,0.012674271229404344
2022-03-18,8050,8050,7910,7980,60758,-0.0012515644555695093
2022-03-21,8000,8010,7910,7970,31003,-0.0012531328320801727
2022-03-22,7910,7990,7860,7910,42415,-0.007528230865746499
2022-03-23,7840,7960,7840,7880,37239,-0.0037926675094817064
2022-03-24,7840,8010,7840,8000,45451,0.015228426395939021
2022-03-25,8020,8030,7900,7960,43116,-0.0050000000000000044
2022-03-28,7960,8000,7870,7880,42738,-0.01005025125628145
2022-03-29,7890,8020,7880,8020,49831,0.017766497461928932
2022-03-30,8050,8050,7990,8010,31683,-0.0012468827930174342
2022-03-31,8050,8050,7940,7990,29350,-0.0024968789013732895
2022-04-01,8010,8010,7870,7910,24082,-0.010012515644555742
2022-04-04,7860,7990,7860,7980,34969,0.008849557522123908
2022-04-05,8050,8050,7950,7980,34946,0.0
2022-04-06,7960,8020,7820,7970,45298,-0.0012531328320801727
2022-04-07,7900,8000,7850,7850,41678,-0.01505646173149311
2022-04-08,7950,7950,7670,7740,43819,-0.014012738853503182
2022-04-11,7740,7760,7650,7760,32477,0.0025839793281654533
2022-04-12,7590,7760,7450,7660,58599,-0.012886597938144284
2022-04-13,7660,7670,7560,7590,19646,-0.009138381201044377
2022-04-14,7560,7640,7500,7580,22662,-0.0013175230566534468
2022-04-15,7580,7580,7450,7470,40464,-0.014511873350923521
2022-04-18,7490,7570,7440,7520,19528,0.006693440428380271
2022-04-19,7500,7700,7490,7680,25570,0.02127659574468077
2022-04-20,7680,7750,7600,7750,39223,0.00911458333333326
2022-04-21,7780,7940,7700,7750,29907,0.0
2022-04-22,7710,7710,7550,7680,24348,-0.00903225806451613
2022-04-25,7610,7610,7490,7500,26642,-0.0234375
2022-04-26,7510,7680,7510,7660,13831,0.021333333333333426
2022-04-27,7580,7580,7450,7520,34473,-0.018276762402088753
2022-04-28,7520,7540,7460,7530,22483,0.0013297872340425343
2022-04-29,7530,7570,7350,7410,32232,-0.015936254980079667
2022-05-02,7380,7470,7370,7450,27279,0.005398110661268607
2022-05-03,7450,7510,7450,7500,16118,0.006711409395973256
2022-05-04,7570,7570,7350,7450,34231,-0.00666666666666671
2022-05-06,7400,7400,7230,7280,24858,-0.02281879194630876
2022-05-09,7210,7730,7210,7370,46358,0.012362637362637319
2022-05-10,7300,7300,7110,7250,19809,-0.016282225237449155
2022-05-11,7220,7270,7150,7250,10674,0.0
2022-05-12,7150,7220,7010,7060,29665,-0.026206896551724146
2022-05-13,6970,7260,6970,7230,15519,0.024079320113314484
2022-05-16,7230,7340,7120,7120,20861,-0.015214384508990264
2022-05-17,7090,7200,7020,7150,18516,0.004213483146067398
2022-05-18,7160,7320,7130,7180,16417,0.00419580419580412
2022-05-19,7000,7100,6960,7000,26487,-0.02506963788300831
2022-05-20,6970,7060,6970,7040,20327,0.005714285714285783
2022-05-23,7100,7210,7010,7210,19104,0.024147727272727293
2022-05-24,7130,7210,7030,7030,19977,-0.02496532593619971
2022-05-25,6950,7060,6950,7000,13243,-0.004267425320056861
2022-05-26,7010,7110,7000,7070,9959,0.010000000000000009
2022-05-27,7080,7190,7000,7070,17102,0.0
2022-05-30,7170,7190,7100,7190,8921,0.016973125884016893
2022-05-31,7150,7350,7150,7270,28466,0.011126564673157091
2022-06-02,7270,7370,7170,7300,25806,0.004126547455295837
2022-06-03,7300,7360,7300,7320,7910,0.00273972602739736
2022-06-07,7310,7310,7180,7180,13432,-0.01912568306010931
2022-06-08,7180,7240,7160,7190,13571,0.0013927576601671099
2022-06-09,7190,7190,7050,7070,10064,-0.016689847009735748
2022-06-10,7010,7070,7000,7050,6407,-0.0028288543140028155
2022-06-13,6960,6960,6700,6740,63186,-0.04397163120567371
2022-06-14,6700,6730,6400,6590,34306,-0.022255192878338326
2022-06-15,6440,6620,6340,6370,43596,-0.03338391502276172
2022-06-16,6410,6560,6340,6350,17382,-0.0031397174254317317
2022-06-17,6150,6350,5880,6050,150987,-0.047244094488189003
2022-06-20,6150,6150,5690,5830,73145,-0.036363636363636376
2022-06-21,5790,6030,5760,5970,38950,0.02401372212692965
2022-06-22,6080,6080,5800,5860,47357,-0.018425460636515956
2022-06-23,5860,5910,5480,5500,64303,-0.061433447098976135
2022-06-24,5410,5700,5410,5670,77983,0.030909090909090997
2022-06-27,5750,5900,5690,5880,20779,0.03703703703703698
2022-06-28,5870,5930,5820,5930,10308,0.008503401360544283
2022-06-29,5890,6000,5810,5990,12182,0.010118043844856706
2022-06-30,5950,7360,5860,5910,909687,-0.013355592654423987
2022-07-01,5910,6180,5810,5900,123702,-0.0016920473773265332
2022-07-04,5880,5960,5740,5900,47201,0.0
2022-07-05,5900,6120,5900,6030,54113,0.02203389830508473
2022-07-06,6030,6330,5990,6190,61330,0.026533996683250516
2022-07-07,6190,6310,6190,6240,34354,0.008077544426494443
2022-07-08,6310,6390,6210,6240,40950,0.0
2022-07-11,6300,6310,6200,6260,12451,0.0032051282051281937
2022-07-12,6280,6390,6150,6330,25182,0.011182108626198062
2022-07-13,6280,6490,6230,6470,35506,0.02211690363349139
2022-07-14,6500,6520,6380,6480,21590,0.0015455950540959051
2022-07-15,6480,6480,6220,6300,20420,-0.02777777777777779
2022-07-18,6380,6440,6310,6430,24801,0.02063492063492056
2022-07-19,6460,6510,6360,6470,13618,0.0062208398133747345
2022-07-20,6540,6540,6400,6490,14583,0.0030911901081915882
2022-07-21,6490,6490,6400,6440,14388,-0.007704160246533087
2022-07-22,6470,6470,6280,6290,32258,-0.02329192546583847
2022-07-25,6340,6340,6190,6240,15093,-0.007949125596184436
2022-07-26,6240,6310,6230,6230,5727,-0.0016025641025640969
2022-07-27,6230,6360,6220,6330,7863,0.01605136436597121
2022-07-28,6360,7560,6330,6450,1244804,0.018957345971563955
2022-07-29,6440,6580,6410,6460,88000,0.0015503875968991832
2022-08-01,6570,6780,6460,6600,185818,0.021671826625387025
2022-08-02,6630,6630,6450,6560,40480,-0.0060606060606061
2022-08-03,6460,6600,6460,6540,20147,-0.0030487804878048808
2022-08-04,6560,6650,6530,6650,29008,0.01681957186544336
2022-08-05,6690,6840,6610,6740,91054,0.013533834586466176
2022-08-08,6810,6870,6700,6770,41930,0.004451038575667754
2022-08-09,6710,6830,6710,6820,37795,0.007385524372230501
2022-08-10,6860,6890,6760,6780,23095,-0.0058651026392961825
2022-08-11,6790,6830,6750,6800,24787,0.002949852507374562
2022-08-12,6780,6820,6740,6740,23090,-0.008823529411764675
2022-08-16,6820,6830,6670,6730,20485,-0.0014836795252225476
2022-08-17,6730,6750,6590,6730,27255,0.0
2022-08-18,6670,6670,6490,6550,53543,-0.026745913818722156
2022-08-19,6550,6630,6510,6510,28717,-0.006106870229007688
2022-08-22,6490,6600,6380,6470,20953,-0.006144393241167445
2022-08-23,6360,6470,6300,6300,28857,-0.026275115919629055
2022-08-24,6390,6410,6250,6320,12737,0.0031746031746031633
2022-08-25,6430,6530,6380,6510,13273,0.030063291139240444
2022-08-26,6630,6630,6370,6440,20215,-0.010752688172043001
2022-08-29,6330,6360,6190,6340,19252,-0.01552795031055898
2022-08-30,6330,6360,6220,6320,17783,-0.003154574132492094
2022-08-31,6280,6340,6220,6300,20899,-0.0031645569620253333
2022-09-01,6320,6320,6150,6220,14544,-0.012698412698412653
2022-09-02,6210,6340,6140,6160,17642,-0.009646302250803873
2022-09-05,6120,6160,6000,6080,25750,-0.012987012987012991
2022-09-06,6030,6160,6030,6100,15002,0.00328947368421062
2022-09-07,6030,6100,5960,5960,22869,-0.022950819672131195
2022-09-08,6040,6700,5960,6090,92188,0.02181208053691286
2022-09-13,6120,6180,6100,6150,34353,0.009852216748768461
2022-09-14,6090,6210,6000,6200,17177,0.008130081300812941
2022-09-15,6220,6230,6130,6160,7410,-0.006451612903225823
2022-09-16,6120,6150,5990,6040,24825,-0.01948051948051943
2022-09-19,6040,6040,5810,5940,51902,-0.01655629139072845
2022-09-20,5930,5990,5840,5890,16410,-0.008417508417508435
2022-09-21,5890,5930,5750,5760,31898,-0.022071307300509324
2022-09-22,5750,5750,5590,5710,29983,-0.00868055555555558
2022-09-23,5710,5710,5530,5530,21358,-0.031523642732048995
2022-09-26,5510,5540,5050,5250,117181,-0.05063291139240511
2022-09-27,5240,5260,5130,5250,19560,0.0
2022-09-28,5150,5300,4965,5060,74835,-0.03619047619047622
2022-09-29,5070,5290,5070,5150,44705,0.01778656126482203
2022-09-30,5080,5250,5080,5240,33500,0.01747572815533971
2022-10-04,5260,5390,5260,5370,24876,0.024809160305343525
2022-10-05,5430,5460,5160,5230,20414,-0.02607076350093107
2022-10-06,5280,5380,5260,5380,22222,0.028680688336520044
2022-10-07,5430,5430,5300,5390,13239,0.0018587360594795044
2022-10-11,5290,5290,5110,5160,12898,-0.042671614100185495
2022-10-12,5130,5240,5100,5180,13783,0.003875968992248069
2022-10-13,5200,5200,4980,5000,31604,-0.03474903474903479
2022-10-14,5100,5170,5020,5170,16777,0.03400000000000003
2022-10-17,5120,5200,5070,5190,4221,0.003868471953578423
2022-10-18,5210,5260,5170,5210,28212,0.003853564547206201
2022-10-19,5270,5340,5150,5210,24070,0.0
2022-10-20,5160,5210,5120,5130,3922,-0.015355086372360827
2022-10-21,5090,5150,5040,5080,8519,-0.00974658869395717
2022-10-24,5120,5280,5120,5190,28363,0.021653543307086576
2022-10-25,5240,5240,5140,5180,9614,-0.0019267822736031004
2022-10-26,5190,5270,5090,5090,23000,-0.01737451737451734
2022-10-27,5110,5190,5110,5160,12580,0.013752455795677854
2022-10-28,5170,5240,5160,5210,5925,0.009689922480620172
2022-10-31,5210,5260,5160,5230,20300,0.0038387715930903177
2022-11-01,5200,5230,5170,5220,17401,-0.0019120458891013214
2022-11-02,5200,5270,5190,5200,13213,-0.003831417624521105
2022-11-03,5150,5160,5070,5130,19289,-0.013461538461538414
2022-11-04,5160,5160,5070,5070,11853,-0.011695906432748537
2022-11-07,5120,5190,5090,5170,17139,0.019723865877712132
2022-11-08,5210,5250,5170,5240,25283,0.013539651837524147
2022-11-09,5260,6650,5240,6070,4520578,0.15839694656488557
2022-11-10,6210,6490,5820,5820,1029369,-0.041186161449752845
2022-11-11,5970,6350,5820,5980,572440,0.027491408934707806
2022-11-14,5980,6110,5950,6000,140505,0.0033444816053511683
2022-11-15,6020,6170,6000,6060,155900,0.010000000000000009
2022-11-16,6140,6190,6030,6150,122487,0.014851485148514865
2022-11-17,6200,6810,5820,5860,613342,-0.047154471544715415
2022-11-18,5920,6260,5870,6050,133396,0.03242320819112621
2022-11-21,6090,6090,5890,5950,40383,-0.016528925619834656
2022-11-22,5860,6110,5850,6020,60380,0.0117647058823529
2022-11-23,6020,6120,5950,6090,40661,0.011627906976744207
2022-11-24,6130,6200,6100,6170,36602,0.013136288998357948
2022-11-25,6170,6230,6120,6150,33986,-0.0032414910858995505
2022-11-28,6150,6170,5970,5980,29756,-0.027642276422764178
2022-11-29,5980,6150,5950,6120,27258,0.02341137123745818
2022-11-30,6120,6200,6110,6180,34763,0.009803921568627416
2022-12-01,6200,6290,6170,6200,32993,0.003236245954692629
2022-12-02,6220,6280,6140,6180,27063,-0.003225806451612856
2022-12-05,6190,6950,6180,6380,911056,0.032362459546925626
2022-12-06,6310,6430,6220,6290,55625,-0.014106583072100332
2022-12-07,6290,7100,6180,6590,1558390,0.04769475357710662
2022-12-08,6650,7000,6480,6570,175129,-0.003034901365705611
2022-12-09,6610,6730,6570,6690,103045,0.0182648401826484
2022-12-12,6610,6740,6580,6590,59770,-0.014947683109118093
2022-12-13,6620,6850,6600,6660,98317,0.01062215477996964
2022-12-14,6660,6960,6660,6810,85086,0.022522522522522515
2022-12-15,6760,6930,6720,6850,39818,0.005873715124816492
2022-12-16,6850,7020,6740,6920,87508,0.010218978102189746
2022-12-19,6890,6990,6640,6680,121456,-0.034682080924855474
2022-12-20,6620,6790,6600,6630,48313,-0.007485029940119792
2022-12-21,6640,6850,6640,6740,59849,0.016591251885369473
2022-12-22,6790,6870,6760,6800,40137,0.008902077151335286
2022-12-23,6760,6850,6620,6620,85675,-0.026470588235294135
2022-12-26,6700,6740,6570,6610,31564,-0.0015105740181269312
2022-12-27,6640,6690,6500,6640,66340,0.004538577912254205
2022-12-28,6650,6680,6590,6670,12150,0.004518072289156683
2022-12-29,6650,6660,6430,6550,44314,-0.01799100449775115
2023-01-02,6460,6630,6450,6470,22606,-0.012213740458015265
2023-01-03,6460,6470,6180,6370,51775,-0.015455950540958274
2023-01-04,6290,6490,6230,6490,17755,0.018838304552590168
2023-01-05,6520,6590,6450,6540,12326,0.007704160246533087
2023-01-06,6400,6600,6400,6540,8760,0.0
2023-01-09,6540,6640,6230,6530,78126,-0.001529051987767538
2023-01-10,6510,6550,6490,6520,9189,-0.0015313935681470214
2023-01-11,6520,6540,6480,6510,26591,-0.0015337423312883347
2023-01-12,6540,6550,6480,6500,14674,-0.001536098310291889
2023-01-13,6530,6580,6460,6530,15784,0.004615384615384688
2023-01-16,6520,6520,6440,6500,21594,-0.004594180704441064
2023-01-17,6500,6500,6400,6420,20314,-0.012307692307692353
2023-01-18,6400,6440,6370,6400,12079,-0.0031152647975077885
2023-01-19,6380,6420,6350,6390,12323,-0.0015625000000000222
2023-01-20,6360,6430,6350,6400,13702,0.0015649452269170805
2023-01-25,6420,6580,6420,6490,35438,0.014062500000000089
2023-01-26,6490,6580,6460,6530,24032,0.006163328197226425
2023-01-27,6530,6570,6500,6570,9239,0.006125574272588086
2023-01-30,6530,6560,6490,6500,13103,-0.010654490106544956
2023-01-31,6470,6540,6420,6510,16687,0.0015384615384614886
2023-02-01,6510,6530,6450,6500,15554,-0.001536098310291889
2023-02-02,6500,6730,6440,6650,32333,0.023076923076922995
2023-02-03,6620,6710,6590,6710,26532,0.009022556390977376
2023-02-06,6680,6700,6580,6650,14150,-0.008941877794336861
2023-02-07,6640,6690,6590,6640,16764,-0.0015037593984962294
2023-02-08,6620,7800,6590,7300,2986088,0.09939759036144569
2023-02-09,7200,7400,7150,7240,330358,-0.008219178082191747
2023-02-10,7200,7240,7010,7030,132679,-0.029005524861878462
2023-02-13,7080,7090,6890,6930,66449,-0.014224751066856278
2023-02-14,6930,6970,6870,6920,46171,-0.0014430014430014682
2023-02-15,6920,7030,6780,6800,70810,-0.017341040462427793
2023-02-16,6800,6990,6780,6900,52476,0.014705882352941124
2023-02-17,6910,6950,6810,6870,33551,-0.004347826086956497
2023-02-20,6840,6990,6830,6940,46076,0.010189228529839944
2023-02-21,6940,6960,6870,6870,24554,-0.010086455331412059
2023-02-22,6870,6920,6790,6800,36605,-0.010189228529839833
2023-02-23,6830,7020,6830,6870,39902,0.010294117647058787
2023-02-24,6870,6990,6830,6860,33444,-0.0014556040756914523
2023-02-27,6860,7040,6860,7020,73937,0.023323615160349753
2023-02-28,7190,7190,7000,7040,44572,0.002849002849002913
2023-03-02,7120,7120,6940,7000,55586,-0.005681818181818232
2023-03-03,7120,7120,6960,6990,38668,-0.0014285714285714457
2023-03-06,7090,7090,6900,7030,26517,0.005722460658083017
2023-03-07,7090,7150,6970,7020,65256,-0.0014224751066855834
2023-03-08,6950,7500,6950,7140,103776,0.017094017094017033
2023-03-09,7100,7200,7090,7090,58712,-0.007002801120448154
2023-03-10,7060,7180,7000,7100,40679,0.0014104372355430161
2023-03-13,7010,7120,6840,6930,59661,-0.023943661971830954
2023-03-14,6930,6930,6520,6520,102417,-0.059163059163059195
2023-03-15,6600,7080,6600,6920,77038,0.06134969325153383
2023-03-16,6840,7090,6670,6900,75335,-0.0028901734104046506
2023-03-17,6890,6990,6850,6870,50914,-0.004347826086956497
2023-03-20,6910,7030,6900,6970,27138,0.01455604075691408
2023-03-21,6990,7070,6950,7030,31459,0.008608321377331363
2023-03-22,7010,7040,6930,6960,30233,-0.009957325746799417
2023-03-23,6940,6940,6750,6770,52096,-0.027298850574712596
2023-03-24,6820,6930,6800,6860,14884,0.013293943870014813
2023-03-27,6750,6920,6710,6850,25681,-0.001457725947521915
2023-03-28,6830,6930,6820,6920,9703,0.010218978102189746
2023-03-29,6900,6920,6760,6770,20737,-0.021676300578034713
2023-03-30,6770,6920,6700,6760,24016,-0.001477104874446078
2023-03-31,6800,6820,6620,6640,58225,-0.017751479289940808
2023-04-03,6640,6700,6590,6700,33523,0.009036144578313143
2023-04-04,6700,6840,6630,6830,50424,0.0194029850746269
2023-04-05,6760,7020,6700,7010,72614,0.026354319180087904
2023-04-06,7030,7060,6890,7010,43165,0.0
2023-04-07,6940,7090,6900,7000,50018,-0.0014265335235378318
2023-04-10,7000,7050,6860,6920,30977,-0.011428571428571455
2023-04-11,6910,6990,6840,6990,31005,0.01011560693641611
2023-04-12,7050,7120,6910,7030,64339,0.005722460658083017
2023-04-13,7030,7180,6990,7150,66824,0.017069701280227667
2023-04-14,7190,7280,7130,7230,54996,0.01118881118881121
2023-04-17,7060,7200,7060,7140,57515,-0.012448132780082943
2023-04-18,7080,7140,7010,7030,44322,-0.01540616246498594
2023-04-19,7030,7120,7030,7070,19743,0.005689900426742556
2023-04-20,7070,7070,6880,6940,47014,-0.018387553041018356
2023-04-21,6920,6960,6800,6850,31343,-0.012968299711815567
2023-04-24,6850,6870,6690,6710,32528,-0.020437956204379604
2023-04-25,6720,6840,6570,6700,46087,-0.0014903129657227732
2023-04-26,6710,6750,6570,6700,21009,0.0
2023-04-27,6700,6750,6560,6730,24575,0.004477611940298498
2023-04-28,6650,6730,6630,6630,24841,-0.014858841010401136
2023-05-02,6630,6690,6590,6670,20845,0.006033182503770718
2023-05-03,6670,6720,6580,6630,18727,-0.005997001499250421
2023-05-04,6600,6650,6560,6630,20590,0.0
2023-05-08,6630,6700,6600,6690,20822,0.009049773755656076
2023-05-09,6690,6690,6530,6590,9660,-0.014947683109118093
2023-05-10,6590,6630,6420,6500,30918,-0.01365705614567525
2023-05-11,6520,6670,6380,6450,62183,-0.007692307692307665
2023-05-12,6450,6490,6330,6430,31132,-0.0031007751937984773
2023-05-15,6590,6590,6310,6320,22321,-0.017107309486780742
2023-05-16,6320,6380,6250,6250,20148,-0.011075949367088556
2023-05-17,6290,6400,6230,6380,12194,0.02079999999999993
2023-05-18,6410,6490,6350,6400,9905,0.0031347962382444194
2023-05-19,6400,6470,6370,6390,14781,-0.0015625000000000222
2023-05-22,6440,6440,6330,6420,19425,0.0046948356807512415
2023-05-23,6420,6510,6420,6440,23436,0.0031152647975076775
2023-05-24,6440,6480,6300,6300,23710,-0.021739130434782594
2023-05-25,6300,6330,6230,6260,21459,-0.006349206349206327
2023-05-26,6270,6330,6230,6330,14239,0.011182108626198062
2023-05-30,6330,6350,6230,6270,17473,-0.009478672985781977
2023-05-31,6220,6350,6220,6260,8773,-0.0015948963317384823
2023-06-01,6250,6290,6160,6220,30756,-0.006389776357827448
2023-06-02,6260,6260,6120,6200,46845,-0.003215434083601254
2023-06-05,6230,6250,6080,6240,18307,0.006451612903225712
2023-06-07,6240,6280,6200,6250,11206,0.0016025641025640969
2023-06-08,6280,6280,6120,6140,18406,-0.01759999999999995
2023-06-09,6120,6190,6110,6140,9744,0.0
2023-06-12,6150,6150,6090,6130,10185,-0.0016286644951140072
2023-06-13,6140,6150,6080,6140,23323,0.0016313213703098572
2023-06-14,6100,6150,6040,6070,24062,-0.01140065146579805
2023-06-15,6070,6090,5950,6010,14078,-0.009884678747940745
2023-06-16,6020,6060,6000,6010,24596,0.0
2023-06-19,6010,6010,5950,5980,13548,-0.004991680532445919
2023-06-20,5980,6000,5950,5980,18855,0.0
2023-06-21,5950,5970,5880,5900,17071,-0.013377926421404673
2023-06-22,5900,5940,5870,5870,12464,-0.005084745762711895
2023-06-23,5870,6000,5860,5960,12863,0.015332197614991383
2023-06-26,5970,5970,5900,5940,9395,-0.003355704697986628
2023-06-27,5900,6030,5900,5980,7309,0.006734006734006703
2023-06-28,5980,6050,5950,6030,7609,0.008361204013378032
2023-06-29,6060,6060,5900,5950,17132,-0.013266998341625258
2023-06-30,5930,6000,5890,6000,8274,0.008403361344537785
2023-07-03,6030,6050,5970,6040,22791,0.006666666666666599
2023-07-04,6060,6060,5960,6000,21319,-0.0066225165562914245
2023-07-05,6000,6000,5710,6000,39321,0.0
2023-07-06,5880,5880,5710,5710,46295,-0.04833333333333334
2023-07-07,5740,5800,5670,5740,23436,0.005253940455341555
2023-07-10,5700,5780,5670,5730,10304,-0.0017421602787456303
2023-07-11,5700,5810,5700,5810,7228,0.013961605584642323
2023-07-12,5840,5900,5790,5850,14758,0.0068846815834766595
2023-07-13,5860,5970,5860,5870,16767,0.0034188034188034067
2023-07-14,5950,5950,5760,5900,14617,0.005110732538330387
2023-07-17,5960,5960,5760,5900,16823,0.0
2023-07-18,5900,5910,5690,5710,28958,-0.03220338983050852
2023-07-19,5770,5770,5640,5740,21901,0.005253940455341555
2023-07-20,5740,5880,5720,5740,13842,0.0
2023-07-21,5750,5940,5700,5850,32737,0.019163763066202044
2023-07-24,5830,5850,5600,5750,36645,-0.017094017094017144
2023-07-25,5720,5720,5530,5560,31397,-0.03304347826086962
2023-07-26,5550,5550,5200,5200,70320,-0.06474820143884896
2023-07-27,5060,5940,5060,5480,196088,0.05384615384615388
2023-07-28,5540,5570,5420,5560,15640,0.014598540145985384
2023-07-31,5500,5690,5420,5670,27334,0.019784172661870603
2023-08-01,5690,5820,5690,5770,30431,0.01763668430335108
2023-08-02,5770,5820,5640,5730,10424,-0.006932409012131768
2023-08-03,5690,5810,5580,5770,21657,0.00698080279232105
2023-08-04,5810,5810,5670,5700,8585,-0.012131715771230511
2023-08-07,5700,5770,5700,5730,8631,0.0052631578947368585
2023-08-08,5730,5780,5610,5630,7420,-0.017452006980802848
2023-08-09,5430,5910,5430,5890,40063,0.04618117229129659
2023-08-10,5890,6030,5830,6020,37399,0.022071307300509435
2023-08-11,5960,6250,5950,6160,72837,0.023255813953488413
2023-08-14,6240,6390,6190,6250,77438,0.014610389610389518
2023-08-16,6220,6330,6110,6250,44084,0.0
2023-08-17,6350,6350,6000,6230,38886,-0.0031999999999999806
2023-08-18,6110,6300,6100,6270,26113,0.006420545746388395
2023-08-21,6270,7480,6260,6490,2494259,0.03508771929824572
2023-08-22,6440,6450,6230,6340,135267,-0.023112480739599373
2023-08-23,6340,6510,6300,6340,79027,0.0
2023-08-24,6310,6600,6260,6450,92003,0.017350157728706517
2023-08-25,6450,6590,6450,6500,38252,0.007751937984496138
2023-08-28,6550,6560,6420,6500,26674,0.0
2023-08-29,6450,6590,6440,6550,47368,0.007692307692307665
2023-08-30,6550,6600,6480,6510,38455,-0.006106870229007688
2023-08-31,6520,6580,6480,6560,20402,0.007680491551459223
2023-09-01,6490,6560,6040,6230,79133,-0.05030487804878048
2023-09-04,6230,6280,6130,6250,19047,0.0032102728731941976
2023-09-05,6250,6360,6150,6350,27364,0.016000000000000014
2023-09-06,6350,6350,6270,6280,12694,-0.011023622047244053
2023-09-07,6280,6330,6200,6260,15126,-0.0031847133757961776
2023-09-08,6180,6370,6170,6330,44466,0.011182108626198062
2023-09-11,6330,6530,6330,6450,46056,0.018957345971563955
2023-09-12,6550,6550,6360,6440,28120,-0.0015503875968991832
2023-09-13,6400,6450,6320,6360,24123,-0.012422360248447228
2023-09-14,6360,6380,6310,6350,12986,-0.0015723270440252124
2023-09-15,6320,6440,6320,6430,15908,0.012598425196850505
2023-09-18,6430,6430,6310,6320,16261,-0.017107309486780742
2023-09-19,6360,6360,6110,6110,31077,-0.03322784810126578
2023-09-20,6110,6220,6070,6140,25802,0.004909983633387904
2023-09-21,6220,6220,6040,6080,20467,-0.009771986970684043
2023-09-22,5980,6100,5970,6040,24672,-0.006578947368421018
2023-09-25,6040,6130,6030,6080,11643,0.0066225165562914245
2023-09-26,6080,6140,6030,6080,14892,0.0
2023-09-27,5970,6070,5890,6030,19794,-0.008223684210526327
2023-10-04,6050,6050,5830,5840,26625,-0.031509121061359835
2023-10-05,5900,6000,5850,5870,17998,0.005136986301369939
2023-10-06,5800,5990,5800,5980,14151,0.01873935264054505
2023-10-10,5980,6040,5890,5890,10358,-0.015050167224080258
2023-10-11,5910,6000,5900,5980,10846,0.015280135823429575
2023-10-12,5980,6200,5980,6170,16619,0.03177257525083621
2023-10-13,6140,6140,5940,6050,15198,-0.01944894651539708
2023-10-16,6040,6040,5860,5890,15472,-0.026446280991735516
2023-10-17,5880,6030,5880,5940,9377,0.008488964346349714
2023-10-18,5940,5950,5820,5920,18701,-0.0033670033670033517
2023-10-19,5920,5920,5670,5760,31246,-0.027027027027026973
2023-10-20,5760,5790,5520,5790,29755,0.005208333333333259
2023-10-23,5780,5820,5620,5660,22926,-0.022452504317789335
2023-10-24,5660,5810,5550,5780,23074,0.021201413427561766
2023-10-25,5800,6050,5780,6040,25029,0.04498269896193774
2023-10-26,6040,6040,5760,6000,21969,-0.0066225165562914245
2023-10-27,6000,6010,5900,6000,9115,0.0
2023-10-30,6030,6030,5840,5990,7709,-0.0016666666666667052
2023-10-31,6020,6020,5830,5930,14500,-0.01001669449081799
2023-11-01,5930,6090,5910,5970,21274,0.006745362563237878
2023-11-02,6010,6240,6010,6230,41451,0.04355108877721947
2023-11-03,6230,6330,6210,6290,28140,0.009630818619582593
2023-11-06,6380,6390,6240,6320,29430,0.004769475357710551
2023-11-07,6300,6350,6180,6200,28750,-0.01898734177215189
2023-11-08,6250,6360,6230,6270,17306,0.011290322580645107
2023-11-09,6260,6360,6220,6300,46760,0.004784688995215225
2023-11-10,6240,6330,6220,6290,16312,-0.0015873015873015817
2023-11-13,6290,6310,6100,6100,45196,-0.030206677265500748
2023-11-14,6020,6080,5800,5900,94860,-0.032786885245901676
2023-11-15,5930,5980,5850,5940,24584,0.006779661016949046
2023-11-16,5910,5960,5850,5960,18339,0.0033670033670034627
2023-11-17,5960,5960,5810,5880,24834,-0.01342281879194629
2023-11-20,5870,5890,5810,5830,29120,-0.008503401360544172
2023-11-21,5870,5930,5830,5880,20027,0.00857632933104635
2023-11-22,5880,5900,5810,5840,11497,-0.006802721088435382
2023-11-23,5840,6330,5700,5870,155174,0.005136986301369939
2023-11-24,5850,5910,5700,5910,37169,0.006814310051107331
2023-11-27,5900,5900,5770,5800,40842,-0.0186125211505922
2023-11-28,5800,5870,5740,5790,15433,-0.0017241379310344307
2023-11-29,5830,5830,5700,5780,42736,-0.0017271157167529916
2023-11-30,5780,5800,5740,5770,22913,-0.0017301038062284002
2023-12-01,5800,5800,5680,5710,16629,-0.010398613518197597
2023-12-04,5650,5770,5620,5660,68692,-0.008756567425569184
2023-12-05,5660,5830,5600,5800,29223,0.02473498233215543
2023-12-06,5800,5840,5740,5810,16541,0.0017241379310344307
2023-12-07,5830,5980,5800,5860,61079,0.008605851979345935
2023-12-08,5860,5950,5850,5920,11201,0.010238907849829282
2023-12-11,5920,5920,5840,5840,22528,-0.013513513513513487
2023-12-12,5820,5830,5720,5800,25861,-0.006849315068493178
2023-12-13,5800,5800,5700,5730,14928,-0.012068965517241348
2023-12-14,5710,5770,5680,5720,28987,-0.0017452006980802626
2023-12-15,5800,5800,5650,5720,17552,0.0
2023-12-18,5710,5730,5660,5730,15116,0.0017482517482516613
2023-12-19,5710,5800,5680,5700,17914,-0.005235602094240788
2023-12-20,5680,5750,5670,5680,18915,-0.0035087719298245723
2023-12-21,5670,5720,5630,5720,29480,0.007042253521126751
2023-12-22,5730,5840,5680,5840,33106,0.020979020979021046
2023-12-26,5840,5870,5740,5800,43516,-0.006849315068493178
2023-12-27,5620,5780,5590,5710,36388,-0.01551724137931032
2023-12-28,5820,5820,5660,5700,14796,-0.0017513134851138146
2024-01-02,5700,5830,5680,5780,15322,0.01403508771929829
2024-01-03,5780,5850,5770,5810,15951,0.00519031141868509
2024-01-04,5800,5840,5740,5780,19081,-0.005163511187607606
2024-01-05,5780,5830,5730,5810,9092,0.00519031141868509
2024-01-08,5810,5830,5740,5790,11885,-0.0034423407917383297
2024-01-09,5780,5860,5750,5860,30584,0.012089810017271052
2024-01-10,5840,5900,5790,5800,19652,-0.010238907849829393
2024-01-11,5830,5850,5790,5820,17798,0.0034482758620688614
2024-01-12,5780,5810,5730,5730,21256,-0.015463917525773141
2024-01-15,5730,5770,5640,5650,15537,-0.013961605584642212
2024-01-16,5650,5680,5580,5590,20524,-0.010619469026548645
2024-01-17,5680,5680,5460,5480,29720,-0.019677996422182487
2024-01-18,5480,5530,5400,5530,17407,0.009124087591240837
2024-01-19,5540,5600,5490,5530,21335,0.0
2024-01-22,5550,5590,5410,5490,19763,-0.007233273056057921
2024-01-23,5500,5570,5480,5530,19825,0.007285974499089187
2024-01-24,5480,5550,5480,5530,8197,0.0
2024-01-25,5540,5540,5430,5460,9704,-0.012658227848101222
2024-01-26,5480,5540,5440,5520,22214,0.01098901098901095
2024-01-29,5540,5580,5410,5460,32617,-0.010869565217391353
2024-01-30,5460,5500,5300,5460,21885,0.0
2024-01-31,5470,5480,5380,5460,9076,0.0
2024-02-01,5410,5470,5390,5460,13397,0.0
2024-02-02,5460,5520,5440,5490,14125,0.005494505494505475
2024-02-05,5540,5540,5450,5480,13277,-0.0018214936247723523
2024-02-06,5510,5510,5430,5480,9295,0.0
2024-02-07,5500,5510,5390,5430,23192,-0.009124087591240837
2024-02-08,5490,5490,5400,5420,14246,-0.0018416206261510082
2024-02-13,5410,5440,5380,5400,28944,-0.0036900369003689537
2024-02-14,5390,5390,5290,5380,31110,-0.0037037037037036535
2024-02-15,5360,5380,5190,5270,79578,-0.020446096654275103
2024-02-16,5290,5380,5260,5380,32780,0.020872865275142205
2024-02-19,5380,5480,5380,5450,17596,0.013011152416356975
2024-02-20,5450,5460,5330,5340,49116,-0.020183486238532056
2024-02-21,5370,5400,5290,5400,34672,0.011235955056179803
2024-02-22,5380,5440,5310,5410,20207,0.0018518518518517713
2024-02-23,5420,5420,5340,5360,7709,-0.009242144177449174
2024-02-26,5470,5500,5300,5370,14873,0.001865671641791078
2024-02-27,5400,5400,5260,5300,21458,-0.013035381750465591
2024-02-28,5300,5350,5260,5350,14336,0.009433962264151052
2024-02-29,5340,5340,5290,5300,5869,-0.009345794392523366
2024-03-04,5340,5340,5260,5260,8426,-0.007547169811320753
2024-03-05,5250,5300,5190,5240,15734,-0.0038022813688213253
2024-03-06,5200,5240,5200,5230,5179,-0.001908396946564861
2024-03-07,5230,5230,5140,5170,15705,-0.01147227533460804
2024-03-08,5170,5200,5100,5150,29470,-0.003868471953578312
2024-03-11,5160,5270,5160,5240,19092,0.01747572815533971
2024-03-12,5270,5380,5220,5380,31163,0.026717557251908497
2024-03-13,5360,5360,5250,5270,14515,-0.020446096654275103
2024-03-14,5270,5290,5180,5250,12282,-0.003795066413662229
2024-03-15,5260,5260,5140,5190,15573,-0.011428571428571455
2024-03-18,5190,5260,5180,5260,4217,0.01348747591522148
2024-03-19,5210,5260,5160,5190,11258,-0.013307984790874472
2024-03-20,5220,5360,5190,5330,26906,0.026974951830443183
2024-03-21,5330,5390,5290,5370,14885,0.007504690431519689
2024-03-22,5400,5400,5300,5370,7281,0.0
2024-03-25,5400,5490,5360,5450,37600,0.014897579143389184
2024-03-26,5430,5470,5400,5450,17657,0.0
2024-03-27,5430,5450,5370,5390,7911,-0.011009174311926606
2024-03-28,5390,5410,5350,5390,7508,0.0
2024-03-29,5420,5420,5330,5330,6353,-0.011131725417439675
2024-04-01,5300,5360,5300,5320,14132,-0.0018761726078799779
2024-04-02,5310,5330,5240,5300,11731,-0.003759398496240629
2024-04-03,5250,5290,5220,5260,6493,-0.007547169811320753
2024-04-04,5260,5300,5210,5250,8106,-0.0019011406844106071
2024-04-05,5210,5250,5180,5220,14146,-0.005714285714285672
2024-04-08,5220,5230,5150,5170,7605,-0.009578544061302652
2024-04-09,5170,5240,5140,5180,6290,0.0019342359767891004
2024-04-11,5140,5240,5060,5120,13352,-0.01158301158301156
2024-04-12,5130,5130,5020,5060,37656,-0.01171875
2024-04-15,5040,5040,5000,5030,16552,-0.005928853754940677
2024-04-16,4990,5030,4990,5020,10554,-0.001988071570576566
2024-04-17,5020,5070,5010,5040,6112,0.003984063745019917
2024-04-18,4965,5050,4965,5030,11005,-0.001984126984126977
2024-04-19,5030,5030,4985,5000,12533,-0.005964214711729587
2024-04-22,5000,5060,5000,5060,13546,0.01200000000000001
2024-04-23,5070,5080,4985,4990,24719,-0.013833992094861691
2024-04-24,4990,5040,4990,5030,44520,0.008016032064128265
2024-04-25,5050,5050,5000,5020,8603,-0.001988071570576566
2024-04-26,5020,5100,4995,5080,10375,0.01195219123505975
2024-04-29,5080,5100,5050,5080,5329,0.0
2024-04-30,5080,5090,5010,5070,16604,-0.0019685039370078705
2024-05-02,5040,5090,5030,5080,6628,0.0019723865877712132
2024-05-03,5050,5090,5050,5060,2455,-0.003937007874015741
2024-05-07,5070,5100,5070,5090,8246,0.005928853754940677
2024-05-08,5040,5100,5040,5100,6322,0.0019646365422396617
2024-05-09,5100,5200,5090,5150,13265,0.009803921568627416
2024-05-10,5150,5210,5130,5180,4868,0.005825242718446644
2024-05-13,5180,5210,5090,5110,7846,-0.013513513513513487
2024-05-14,5110,5170,5110,5140,2157,0.005870841487279899
2024-05-16,5140,5270,5090,5150,17866,0.0019455252918287869
2024-05-17,5150,5160,5050,5130,12014,-0.003883495145631022
2024-05-20,5130,5130,5060,5080,10926,-0.00974658869395717
2024-05-21,5060,5080,5040,5080,5043,0.0
2024-05-22,5080,5090,5050,5080,4919,0.0
2024-05-23,5070,5090,5050,5070,6065,-0.0019685039370078705
2024-05-24,5090,5090,5020,5050,6307,-0.0039447731755424265
2024-05-27,5030,5050,5020,5050,4560,0.0
2024-05-28,5020,5040,4985,5040,17330,-0.001980198019801982
2024-05-29,5030,5040,4945,4970,24249,-0.01388888888888884
2024-05-30,4970,4970,4890,4890,17120,-0.01609657947686116
2024-05-31,4865,4890,4865,4885,11633,-0.0010224948875255935
2024-06-03,4885,4995,4855,4885,41218,0.0
2024-06-04,4920,4920,4830,4885,29120,0.0
2024-06-05,4885,4890,4855,4890,11144,0.0010235414534287557
2024-06-07,4925,4925,4895,4925,10179,0.007157464212679043
2024-06-10,4970,4970,4880,4935,3821,0.0020304568527917954
2024-06-11,4935,4935,4885,4920,9872,-0.003039513677811523
2024-06-12,4970,4970,4920,4925,3612,0.00101626016260159
2024-06-13,4970,5310,4910,4965,68653,0.008121827411167404
2024-06-14,4965,4990,4945,4970,3633,0.001007049345417954
2024-06-17,4990,4995,4960,4990,5830,0.004024144869215318
2024-06-18,5000,5420,4965,4980,265171,-0.002004008016032066
2024-06-19,4965,5000,4915,4965,24462,-0.003012048192771122
2024-06-20,4920,4960,4905,4930,5712,-0.007049345417925457
2024-06-21,4930,4990,4890,4890,16164,-0.008113590263691739
2024-06-24,4890,4915,4840,4890,12766,0.0
2024-06-25,4890,4930,4835,4860,9492,-0.006134969325153339
2024-06-26,4910,4910,4830,4860,13166,0.0
2024-06-27,4845,4860,4780,4805,23340,-0.011316872427983515
2024-06-28,4780,4805,4770,4800,16231,-0.0010405827263267886
2024-07-01,4820,4820,4750,4805,15752,0.0010416666666666075
2024-07-02,4785,4810,4725,4755,11021,-0.010405827263267442
2024-07-03,4770,4770,4700,4715,9742,-0.008412197686645584
2024-07-04,4700,4730,4465,4510,104953,-0.04347826086956519
2024-07-05,4510,4590,4355,4385,53386,-0.027716186252771613
2024-07-08,4385,4530,4375,4530,27096,0.033067274800456126
2024-07-09,4530,4750,4520,4680,43520,0.0331125827814569
2024-07-10,4695,4750,4685,4720,19589,0.008547008547008517
2024-07-11,4720,4770,4535,4760,17536,0.008474576271186418
2024-07-12,4790,4820,4750,4775,9276,0.0031512605042016695
2024-07-15,4775,4775,4700,4705,9367,-0.014659685863874339
2024-07-16,4705,4730,4670,4680,4933,-0.005313496280552554
2024-07-17,4670,4830,4645,4830,15446,0.03205128205128216
2024-07-18,4830,4830,4715,4785,6680,-0.009316770186335366
2024-07-19,4760,4760,4725,4730,3767,-0.011494252873563204
2024-07-22,4730,4775,4600,4615,6696,-0.024312896405919715
2024-07-23,4615,4625,4320,4450,48765,-0.03575297941495126
2024-07-24,4440,4500,4425,4425,12604,-0.005617977528089901
2024-07-25,4385,4425,4350,4405,20324,-0.004519774011299438
2024-07-26,4385,4485,4385,4435,7099,0.006810442678774065
2024-07-29,4485,5200,4485,4650,1276599,0.04847801578354005
2024-07-30,4600,4650,4485,4490,116534,-0.03440860215053765
2024-07-31,4525,4565,4380,4390,67878,-0.022271714922049046
2024-08-01,4430,5540,4395,4960,4576465,0.1298405466970387
2024-08-02,5110,5600,5000,5200,2329801,0.048387096774193505
2024-08-05,5110,5200,4235,4285,661507,-0.1759615384615385
2024-08-06,4430,4715,4310,4415,420134,0.03033838973162184
2024-08-07,4420,5570,4400,5340,2889034,0.20951302378255954
2024-08-08,5380,5440,5050,5440,935530,0.01872659176029967
2024-08-09,5310,5410,5220,5240,436263,-0.03676470588235292
2024-08-12,5260,6090,5190,5710,6204688,0.08969465648854968
2024-08-13,5640,5690,5320,5390,690771,-0.05604203152364273
2024-08-14,5360,5390,5130,5150,422496,-0.04452690166975881
2024-08-16,5150,5480,5110,5250,509542,0.01941747572815533
2024-08-19,5210,5370,5110,5290,267185,0.007619047619047636
2024-08-20,5400,5420,5150,5210,275165,-0.015122873345935761
2024-08-21,5220,5270,4815,4885,362437,-0.062380038387715886
2024-08-22,4885,4910,4585,4610,304630,-0.05629477993858756
2024-08-23,4540,4675,4540,4610,88007,0.0
2024-08-26,4620,4695,4540,4545,62501,-0.014099783080260275
2024-08-27,4550,4590,4420,4520,46992,-0.005500550055005493
2024-08-28,4525,4640,4445,4470,64302,-0.011061946902654829
2024-08-29,4435,4515,4415,4460,42394,-0.0022371364653244186
2024-08-30,4415,4540,4410,4500,40765,0.008968609865470878
2024-09-02,4500,4535,4450,4480,31356,-0.004444444444444473
2024-09-03,4530,4530,4420,4420,32441,-0.013392857142857095
2024-09-04,4305,4465,4230,4240,75938,-0.040723981900452455
2024-09-05,4205,4290,4000,4070,141430,-0.04009433962264153
2024-09-06,4040,4100,3930,3960,68405,-0.027027027027026973
2024-09-09,3855,4140,3835,4140,76007,0.045454545454545414
2024-09-10,4100,4180,3985,4060,69661,-0.019323671497584516
2024-09-11,4105,4180,4030,4035,59178,-0.006157635467980316
2024-09-12,4040,4145,4035,4120,21859,0.02106567534076831
2024-09-13,4100,4145,4045,4065,23544,-0.013349514563106846
2024-09-19,4065,4900,4065,4410,2636718,0.08487084870848705
2024-09-20,4350,4450,4110,4260,203649,-0.03401360544217691
2024-09-23,4260,4265,4180,4230,75274,-0.007042253521126751
2024-09-24,4215,4250,4195,4235,42430,0.0011820330969267712
2024-09-25,4235,4265,4165,4170,67787,-0.015348288075560768
2024-09-26,4170,4275,4170,4255,48976,0.020383693045563644
2024-09-27,4255,4270,4130,4150,41945,-0.024676850763807323
2024-09-30,4220,4220,4050,4065,41615,-0.02048192771084334
2024-10-02,4015,4045,3975,3995,28798,-0.017220172201722006
2024-10-04,3975,4175,3975,4095,22200,0.0250312891113893
2024-10-07,4095,4130,4055,4090,12637,-0.0012210012210012167
2024-10-08,4175,4175,4045,4090,27150,0.0
2024-10-10,4090,4120,4040,4060,10217,-0.007334963325183352
2024-10-11,4060,4130,4000,4055,18142,-0.0012315270935960854
2024-10-14,4050,4065,3955,4005,59274,-0.012330456226880449
2024-10-15,4010,4055,3985,4040,43193,0.008739076154806513
2024-10-16,4055,4275,4005,4155,87626,0.02846534653465338
2024-10-17,4130,4150,4065,4150,46044,-0.001203369434416346
2024-10-18,4150,4615,4020,4020,1679245,-0.031325301204819245
2024-10-21,4000,4080,3950,3985,127592,-0.008706467661691586
2024-10-22,4015,4040,3810,3815,106580,-0.042659974905897124
2024-10-23,3820,3900,3750,3815,84655,0.0
2024-10-24,3845,4565,3745,3830,1886801,0.003931847968545288
2024-10-25,3865,3930,3675,3675,150396,-0.04046997389033946
2024-10-28,3675,3800,3670,3755,48399,0.021768707482993088
2024-10-29,3715,3800,3715,3785,28208,0.007989347536617952
2024-10-30,3820,3820,3760,3760,28533,-0.006605019815059454
2024-10-31,3780,3825,3705,3805,35818,0.01196808510638303
2024-11-01,3775,3820,3735,3780,37544,-0.006570302233902758
2024-11-04,3790,3910,3790,3805,53902,0.006613756613756516
2024-11-05,3810,3880,3800,3830,26814,0.006570302233902758
2024-11-06,3850,3940,3750,3815,78580,-0.003916449086161844
2024-11-07,3830,3830,3725,3765,31894,-0.013106159895150737
2024-11-08,3765,3830,3765,3800,21940,0.009296148738379806
2024-11-11,3775,3830,3615,3640,85956,-0.04210526315789476
2024-11-12,3600,3635,3400,3405,108085,-0.06456043956043955
2024-11-13,3410,3475,3320,3320,34307,-0.02496328928046987
2024-11-14,3330,3575,3325,3480,36567,0.04819277108433728
2024-11-15,3445,3490,3290,3405,72800,-0.02155172413793105
2024-11-18,3465,3525,3405,3435,27878,0.008810572687224738
2024-11-19,3405,3515,3405,3445,37587,0.0029112081513829047
2024-11-20,3425,3475,3390,3400,48736,-0.013062409288824406
2024-11-21,3370,3440,3370,3400,24556,0.0
2024-11-22,3390,3450,3385,3420,25975,0.00588235294117645
2024-11-25,3410,3605,3410,3495,41987,0.021929824561403466
2024-11-26,3490,3585,3450,3475,27448,-0.005722460658083017
2024-11-27,3475,3530,3450,3490,38365,0.004316546762589857
2024-11-28,3490,3550,3480,3480,42020,-0.002865329512893977
2024-11-29,3540,3540,3430,3445,33890,-0.010057471264367845
2024-12-02,3415,3475,3375,3390,14450,-0.01596516690856309
2024-12-03,3440,3480,3395,3420,38820,0.008849557522123908
2024-12-04,3365,3545,3250,3470,113634,0.014619883040935644
2024-12-05,3475,3545,3420,3420,36220,-0.014409221902017322
2024-12-06,3380,3505,3300,3335,61450,-0.024853801169590684
2024-12-09,3215,3400,3070,3080,136061,-0.07646176911544222
2024-12-10,3080,3320,3080,3320,46337,0.07792207792207795
2024-12-11,3355,3445,3300,3445,39705,0.03765060240963858
2024-12-12,3445,3470,3380,3400,59712,-0.013062409288824406
2024-12-13,3530,4385,3475,3755,3692594,0.10441176470588243
2024-12-16,3730,3770,3630,3725,247025,-0.007989347536617841
2024-12-17,3695,3695,3585,3635,125537,-0.024161073825503365
2024-12-18,3635,3645,3570,3640,94022,0.0013755158184318717
2024-12-19,3595,3600,3530,3530,56634,-0.030219780219780223
2024-12-20,3510,3540,3450,3465,77164,-0.018413597733711096
2024-12-23,3470,3565,3470,3545,47379,0.023088023088023046
2024-12-24,3570,3600,3500,3550,42766,0.0014104372355430161
2024-12-26,3530,3545,3475,3480,26712,-0.019718309859154903
2024-12-27,3440,3475,3360,3375,46213,-0.030172413793103425
2024-12-30,3350,3475,3345,3455,16402,0.023703703703703782
2025-01-02,3475,3495,3415,3415,18935,-0.01157742402315487
2025-01-03,3420,3620,3420,3590,60247,0.051244509516837455
2025-01-06,3590,3665,3580,3665,39920,0.02089136490250687
2025-01-07,3665,3680,3600,3635,35585,-0.008185538881309684
2025-01-08,3630,3690,3630,3665,34656,0.008253094910591452
2025-01-09,3680,3735,3605,3710,49860,0.012278308321964637
2025-01-10,3740,3740,3620,3680,33167,-0.008086253369272267
2025-01-13,3680,3680,3575,3590,18569,-0.024456521739130488
2025-01-14,3575,3640,3515,3610,21507,0.0055710306406684396
2025-01-15,3575,3665,3530,3530,19927,-0.02216066481994461
2025-01-16,3550,3800,3550,3635,83796,0.02974504249291776
2025-01-17,3605,3635,3585,3615,14685,-0.005502063273727598
2025-01-20,3620,3650,3540,3585,23839,-0.008298755186721962
2025-01-21,3560,3630,3530,3575,25251,-0.002789400278940035
2025-01-22,3545,3595,3540,3555,19612,-0.005594405594405605
2025-01-23,3555,3590,3515,3530,42828,-0.007032348804500654
2025-01-24,3660,3660,3530,3585,15498,0.015580736543909346
2025-01-31,3585,3585,3500,3530,15308,-0.015341701534170138
2025-02-03,3500,3500,3400,3405,24695,-0.03541076487252126
2025-02-04,3400,3480,3400,3440,12467,0.010279001468428861
2025-02-05,3430,3550,3430,3540,23367,0.029069767441860517
2025-02-06,3555,3555,3515,3540,8970,0.0
2025-02-07,3540,3540,3495,3535,15710,-0.0014124293785310327
2025-02-10,3535,3535,3465,3505,15071,-0.008486562942008447
2025-02-11,3490,3515,3430,3435,38151,-0.0199714693295292
2025-02-12,3435,3435,3400,3420,16776,-0.004366812227074246
2025-02-13,3450,3480,3400,3405,23001,-0.004385964912280715
2025-02-14,3410,3495,3410,3420,18871,0.004405286343612369
2025-02-17,3420,3490,3410,3470,22211,0.014619883040935644
2025-02-18,3445,3520,3435,3515,20982,0.012968299711815456
2025-02-19,3500,3620,3500,3600,32818,0.024182076813655806
2025-02-20,3590,3735,3580,3660,42659,0.016666666666666607
2025-02-21,3630,3705,3630,3695,21987,0.0095628415300546
2025-02-24,3765,4750,3760,4005,6363351,0.08389715832205691
2025-02-25,4005,5200,3915,5200,11600311,0.29837702871410743
2025-02-26,5210,5940,4800,5120,8713245,-0.01538461538461533
2025-02-27,5210,5480,4880,4980,7309268,-0.02734375
2025-02-28,4835,5170,4555,4555,2253040,-0.08534136546184734
2025-03-04,4555,4590,4100,4100,710667,-0.09989023051591661
2025-03-05,4080,5080,4080,4620,6670787,0.12682926829268282
2025-03-06,4620,4660,4300,4300,867338,-0.06926406926406925
2025-03-07,4280,4345,4130,4130,402868,-0.03953488372093028
2025-03-10,4150,4980,4045,4500,5383426,0.08958837772397099
2025-03-11,4500,4970,4455,4490,3956221,-0.0022222222222222365
2025-03-12,4490,4830,4415,4425,1655667,-0.014476614699331813
2025-03-13,4450,4590,4235,4320,334306,-0.023728813559321993
2025-03-14,4300,5160,4300,4690,10117407,0.08564814814814814
2025-03-17,4690,4770,4555,4720,931723,0.006396588486140775
2025-03-18,4655,6130,4635,5800,19247182,0.22881355932203395
2025-03-19,5820,5890,5350,5390,2389956,-0.07068965517241377
2025-03-20,5460,5600,5200,5400,2212431,0.0018552875695732052
2025-03-21,5280,5490,5000,5050,1189121,-0.06481481481481477
2025-03-24,5030,5170,4955,5120,612958,0.013861386138613874
2025-03-25,5120,5400,4800,4860,2075871,-0.05078125
2025-03-26,4870,5000,4750,4780,622894,-0.016460905349794275
2025-03-27,4820,5550,4670,4995,6409331,0.044979079497907914
2025-03-28,5030,5590,4955,5120,4351356,0.025025025025025016
2025-03-31,5120,5120,4540,4625,830262,-0.0966796875
2025-04-01,4640,4875,4625,4650,574703,0.00540540540540535
2025-04-02,4660,4800,4610,4620,427635,-0.006451612903225823
2025-04-03,4460,4630,4325,4575,365105,-0.009740259740259716
2025-04-04,4450,4690,4415,4590,258612,0.003278688524590123
2025-04-07,4515,4515,4260,4310,247059,-0.061002178649237515
2025-04-08,4405,4505,4350,4390,159840,0.018561484918793614
2025-04-09,4360,4460,4115,4170,292092,-0.05011389521640086
2025-04-10,4360,4485,4355,4475,215058,0.07314148681055155
2025-04-11,4430,4665,4410,4665,240545,0.042458100558659284
2025-04-14,4665,4715,4575,4705,271831,0.008574490889603492
2025-04-15,4675,4700,4565,4670,177038,-0.007438894792773598
2025-04-16,4665,4695,4435,4450,209905,-0.047109207708779466
2025-04-17,4440,4560,4365,4525,136919,0.016853932584269593
2025-04-18,4535,4535,4425,4500,131517,-0.0055248618784530246
2025-04-21,4495,4570,4430,4495,71492,-0.0011111111111110628
2025-04-22,4400,4510,4380,4465,70151,-0.006674082313681828
2025-04-23,4535,4535,4350,4395,138943,-0.015677491601343796
2025-04-24,4355,4420,4295,4355,124566,-0.009101251422070522
2025-04-25,4355,4410,4325,4395,83532,0.009184845005740572
2025-04-28,4380,4445,4235,4250,116997,-0.0329920364050057
2025-04-29,4260,4390,4125,4335,107198,0.020000000000000018
2025-04-30,4335,4350,4205,4255,57210,-0.018454440599769306
2025-05-02,4215,4310,4180,4205,69183,-0.011750881316098694
2025-05-07,4200,4200,4075,4165,59455,-0.009512485136741966
2025-05-08,4165,4210,4100,4180,63560,0.0036014405762305746
2025-05-09,4205,4205,4030,4065,120829,-0.027511961722488043
2025-05-12,4085,4190,4065,4120,64149,0.013530135301353052
2025-05-13,4120,4225,4120,4185,56926,0.01577669902912615
2025-05-14,4160,4195,4070,4190,76880,0.0011947431302270495
2025-05-15,4220,4220,4105,4110,57082,-0.019093078758949833
2025-05-16,4135,4135,4010,4050,90401,-0.014598540145985384
2025-05-19,4080,4320,4080,4100,284324,0.012345679012345734
2025-05-20,4100,4130,4060,4060,65144,-0.009756097560975618
2025-05-21,4110,4240,4110,4220,126610,0.039408866995073843
2025-05-22,4220,4720,4190,4395,1240302,0.041469194312796276
2025-05-23,4400,4400,4215,4260,209793,-0.030716723549488067
2025-05-26,4260,4420,4200,4300,156538,0.009389671361502261
2025-05-27,4260,4385,4205,4240,128241,-0.013953488372092981
2025-05-28,4255,4290,4160,4160,125131,-0.018867924528301883
2025-05-29,4220,4290,4170,4250,72858,0.02163461538461542
2025-05-30,4265,4380,4230,4310,89788,0.014117647058823568
2025-06-02,4310,4330,4225,4255,74273,-0.012761020881670526
2025-06-04,4255,4295,4220,4280,47513,0.005875440658049458
2025-06-05,4280,4372,4240,4290,90334,0.002336448598130758
2025-06-09,4300,4390,4265,4385,120005,0.022144522144522227
2025-06-10,4405,4450,4290,4315,73600,-0.015963511972634015
2025-06-11,4315,4390,4290,4290,95944,-0.005793742757821518
2025-06-12,4270,4380,4255,4315,78920,0.005827505827505908
2025-06-13,4330,4330,4120,4175,157083,-0.03244495944380066
2025-06-16,4120,4170,4000,4150,100845,-0.005988023952095856
2025-06-17,4150,4605,4135,4300,673898,0.03614457831325302
2025-06-18,4250,4300,4220,4235,83782,-0.015116279069767424
2025-06-19,4205,4225,4095,4225,155115,-0.0023612750885477762
2025-06-20,4185,4245,4145,4240,55074,0.0035502958579882726
2025-06-23,4215,4315,4100,4235,175331,-0.001179245283018826
2025-06-24,4225,4290,4215,4250,64156,0.0035419126328217754
2025-06-25,4225,4265,4205,4245,83074,-0.0011764705882353343
2025-06-26,4205,4955,4205,4315,3099916,0.01648998822143688
2025-06-27,4300,4340,4190,4205,240364,-0.02549246813441486
2025-06-30,4200,4265,4180,4200,71398,-0.0011890606420927874
2025-07-01,4200,4595,4200,4370,570520,0.040476190476190554
2025-07-02,4410,4540,4345,4500,241495,0.029748283752860427
2025-07-03,4530,4590,4460,4485,167234,-0.0033333333333332993
2025-07-04,4465,4525,4415,4450,81449,-0.0078037904124860225
2025-07-07,4485,4525,4410,4510,84109,0.01348314606741563
2025-07-08,4485,4560,4425,4475,151648,-0.0077605321507761005
2025-07-09,4525,4620,4430,4580,158245,0.02346368715083802
2025-07-10,4580,4610,4540,4610,72709,0.0065502183406114245
2025-07-11,4610,4640,4540,4595,94059,-0.0032537960954447387
2025-07-14,4615,4620,4535,4535,59635,-0.01305767138193692
2025-07-15,4500,4570,4495,4565,63453,0.006615214994487362
2025-07-16,4565,4590,4460,4485,56368,-0.017524644030668113
2025-07-17,4450,5140,4450,4810,3744386,0.07246376811594213
2025-07-18,4790,4800,4650,4700,224914,-0.022869022869022815
2025-07-21,4710,4795,4625,4660,188391,-0.008510638297872353
2025-07-22,4640,4735,4545,4565,127795,-0.020386266094420624
2025-07-23,4610,4725,4520,4590,206099,0.005476451259583737
2025-07-24,4560,4665,4545,4590,71030,0.0
2025-07-25,4590,4595,4520,4530,56242,-0.013071895424836555
2025-07-28,4530,4540,4400,4425,101025,-0.023178807947019875
2025-07-29,4400,4495,4330,4450,55222,0.005649717514124353
2025-07-30,4410,4510,4410,4485,62285,0.00786516853932584
2025-07-31,4490,4540,4455,4530,66479,0.010033444816053505
2025-08-01,4470,4500,4355,4355,98417,-0.03863134657836642
2025-08-04,4400,4520,4340,4500,40573,0.03329506314580932
2025-08-05,4475,4635,4475,4570,64310,0.015555555555555545
2025-08-06,4530,4615,4505,4505,38410,-0.01422319474835887
2025-08-07,4510,4600,4485,4485,79140,-0.004439511653718142
2025-08-08,4485,4545,4485,4505,42901,0.004459308807134965
2025-08-11,4505,4530,4440,4445,45044,-0.013318534961154316
2025-08-12,4485,4505,4400,4415,43186,-0.006749156355455588
