Date,Open,High,Low,Close,Volume,Change
2022-01-03,35600,35900,34950,34950,2150,-0.023743016759776525
2022-01-04,35050,35050,34550,34800,906,-0.0042918454935622075
2022-01-05,34800,35050,34800,34800,1462,0.0
2022-01-06,34850,35700,34850,35150,1855,0.010057471264367734
2022-01-07,35300,35550,34800,34850,1013,-0.008534850640113834
2022-01-10,35200,35250,34850,34950,1478,0.0028694404591105283
2022-01-11,35100,35100,34300,34300,3428,-0.01859799713876964
2022-01-12,34600,34900,34350,34900,454,0.017492711370262315
2022-01-13,34900,35250,34900,35200,1427,0.008595988538681931
2022-01-14,35450,35450,34600,35150,859,-0.0014204545454545858
2022-01-17,35050,37050,34900,36200,12279,0.029871977240398362
2022-01-18,36200,36800,34650,34900,4047,-0.035911602209944715
2022-01-19,34900,36500,34900,35150,4029,0.007163323782235054
2022-01-20,35100,35250,34350,34850,1050,-0.008534850640113834
2022-01-21,34850,35200,34850,35100,1095,0.007173601147776099
2022-01-24,35050,35050,34300,34500,940,-0.017094017094017144
2022-01-25,34500,34950,34500,34950,2227,0.01304347826086949
2022-01-26,34950,37000,34950,35700,3407,0.02145922746781115
2022-01-27,35650,37250,34450,34450,4909,-0.03501400560224088
2022-01-28,34600,35200,34450,34950,2300,0.014513788098693858
2022-02-03,35050,37300,35050,35550,3249,0.01716738197424883
2022-02-04,35650,36250,35550,35600,1370,0.0014064697609001975
2022-02-07,35600,36300,35400,36300,1458,0.0196629213483146
2022-02-08,36350,36700,35900,36500,3079,0.005509641873278293
2022-02-09,36600,36600,35950,36050,1200,-0.012328767123287676
2022-02-10,36150,37200,36050,36600,1786,0.015256588072122046
2022-02-11,36950,36950,36050,36050,1122,-0.015027322404371546
2022-02-14,35900,35900,35300,35350,1857,-0.01941747572815533
2022-02-15,35500,36000,34900,34950,2417,-0.011315417256011262
2022-02-16,35300,36000,35000,35250,866,0.008583690987124415
2022-02-17,35850,35900,35100,35150,1323,-0.0028368794326241176
2022-02-18,35400,36000,35000,35700,1661,0.01564722617354186
2022-02-21,35700,36500,35700,36000,10565,0.008403361344537785
2022-02-22,36000,36500,36000,36000,2649,0.0
2022-02-23,36000,36200,35600,35700,738,-0.008333333333333304
2022-02-24,35700,35700,34750,35150,1483,-0.01540616246498594
2022-02-25,35250,36000,35250,35600,710,0.012802275960170695
2022-02-28,35700,36000,35150,35500,484,-0.002808988764044895
2022-03-02,35100,36150,35100,35650,867,0.004225352112676051
2022-03-03,35700,36300,35400,36100,2569,0.012622720897615736
2022-03-04,36500,36500,35950,36050,1018,-0.0013850415512465242
2022-03-07,36050,36200,35500,35950,1017,-0.00277392510402219
2022-03-08,35400,36000,35400,35950,1589,0.0
2022-03-10,36450,36700,35900,36100,1547,0.004172461752433909
2022-03-11,36450,36850,36100,36550,1575,0.012465373961218829
2022-03-14,37100,37100,36350,37100,1950,0.015047879616963078
2022-03-15,37100,37250,36400,36400,966,-0.018867924528301883
2022-03-16,36800,36800,35850,36600,661,0.005494505494505475
2022-03-17,36900,36900,36400,36750,354,0.004098360655737654
2022-03-18,36750,36950,36300,36450,728,-0.008163265306122436
2022-03-21,36750,36750,35200,36000,1434,-0.012345679012345734
2022-03-22,35600,35950,35550,35650,1133,-0.009722222222222188
2022-03-23,35550,35850,35300,35500,2105,-0.0042075736325385416
2022-03-24,35300,36350,35250,35900,3012,0.011267605633802802
2022-03-25,36350,36450,35750,36450,1211,0.01532033426183843
2022-03-28,37800,38350,36450,36600,5973,0.004115226337448652
2022-03-29,36750,37150,36250,36400,1272,-0.005464480874316946
2022-03-30,36600,37300,36000,36700,2447,0.008241758241758212
2022-03-31,36700,37200,36700,37050,948,0.0095367847411445
2022-04-01,37050,37100,36000,36750,1653,-0.0080971659919028
2022-04-04,36950,37200,36450,36850,1923,0.0027210884353741083
2022-04-05,37000,37100,36550,36900,790,0.0013568521031208647
2022-04-06,36650,37100,36100,36750,1173,-0.004065040650406471
2022-04-07,36900,37000,36100,36500,1732,-0.006802721088435382
2022-04-08,36500,36750,36150,36400,794,-0.002739726027397249
2022-04-11,36400,36450,35700,36350,2256,-0.0013736263736263687
2022-04-12,36350,36350,35700,35700,948,-0.017881705639614887
2022-04-13,35700,36250,35200,36150,1902,0.012605042016806678
2022-04-14,36150,36200,35500,35950,2202,-0.0055325034578146415
2022-04-15,35750,36200,35700,36000,663,0.0013908205841446364
2022-04-18,36000,36500,36000,36200,1061,0.005555555555555536
2022-04-19,36050,36600,36050,36500,1312,0.008287292817679592
2022-04-20,36650,36900,36500,36500,461,0.0
2022-04-21,36900,36900,36550,36600,410,0.00273972602739736
2022-04-22,36400,36500,36050,36200,602,-0.010928961748633892
2022-04-25,36400,36400,36000,36000,905,-0.0055248618784530246
2022-04-26,36000,36350,35850,36300,794,0.008333333333333304
2022-04-27,36300,36400,35900,36400,688,0.0027548209366390353
2022-04-28,36400,36450,36200,36300,655,-0.0027472527472527375
2022-04-29,36300,36800,36300,36500,944,0.005509641873278293
2022-05-02,36300,36700,36300,36600,321,0.00273972602739736
2022-05-03,36550,36750,35900,35950,1785,-0.01775956284153002
2022-05-04,35950,36250,35750,35900,1007,-0.0013908205841446364
2022-05-06,35550,35950,35550,35900,826,0.0
2022-05-09,35900,36000,35450,36000,1039,0.0027855153203342198
2022-05-10,35650,36100,35350,36050,1542,0.001388888888888884
2022-05-11,35700,36050,35600,35850,343,-0.00554785020804438
2022-05-12,35850,35900,35100,35100,1017,-0.02092050209205021
2022-05-13,35100,35300,33150,34200,9468,-0.02564102564102566
2022-05-16,34500,34600,33100,34000,1569,-0.005847953216374324
2022-05-17,33900,34850,33550,33600,1473,-0.0117647058823529
2022-05-18,34550,34550,33450,33950,599,0.01041666666666674
2022-05-19,33200,33900,33200,33800,609,-0.004418262150220897
2022-05-20,33350,33850,33350,33800,356,0.0
2022-05-23,33800,34300,33400,34200,801,0.01183431952662728
2022-05-24,34200,34200,33600,33850,982,-0.010233918128654929
2022-05-25,33800,33900,33600,33900,282,0.001477104874446189
2022-05-26,33400,33950,33400,33850,332,-0.001474926253687281
2022-05-27,33700,34800,33650,34650,1584,0.02363367799113747
2022-05-30,34600,34850,34450,34600,1253,-0.0014430014430014682
2022-05-31,34700,34700,34350,34600,845,0.0
2022-06-02,34600,34700,34250,34550,345,-0.0014450867052022698
2022-06-03,34500,34700,34300,34550,339,0.0
2022-06-07,34550,34700,33500,34000,1286,-0.01591895803183796
2022-06-08,33700,34000,33700,34000,469,0.0
2022-06-09,34000,34200,33750,34000,280,0.0
2022-06-10,34000,34300,33800,34200,162,0.00588235294117645
2022-06-13,33950,42900,33200,34700,130019,0.014619883040935644
2022-06-14,34450,34450,32900,33300,11392,-0.04034582132564846
2022-06-15,33200,33500,32200,32600,3419,-0.02102102102102099
2022-06-16,32600,33850,32600,32950,2308,0.010736196319018454
2022-06-17,32400,33850,32200,32750,1734,-0.006069802731411222
2022-06-20,33400,33400,32500,32500,4164,-0.007633587786259555
2022-06-21,32900,32900,32500,32900,1835,0.012307692307692353
2022-06-22,32900,32900,32150,32650,1260,-0.0075987841945288626
2022-06-23,32650,32650,31900,31900,2987,-0.02297090352220521
2022-06-24,31900,32900,31900,32300,2494,0.012539184952978122
2022-06-27,32300,32600,32100,32500,748,0.006191950464396356
2022-06-28,32400,32500,32000,32500,713,0.0
2022-06-29,32300,32450,31900,32200,2113,-0.009230769230769265
2022-06-30,32050,32200,31750,31800,619,-0.012422360248447228
2022-07-01,31800,33000,31200,31800,3607,0.0
2022-07-04,31800,32150,31800,31950,2400,0.004716981132075526
2022-07-05,31950,32350,31550,32200,2576,0.00782472613458518
2022-07-06,32200,32250,31850,32150,5542,-0.0015527950310558758
2022-07-07,32150,38000,32150,33500,88953,0.04199066874028001
2022-07-08,34550,34550,32700,32950,5914,-0.016417910447761197
2022-07-11,33000,34150,33000,33000,8467,0.0015174506828528056
2022-07-12,32900,33050,32100,32250,2413,-0.022727272727272707
2022-07-13,32250,32250,31850,32150,4110,-0.0031007751937984773
2022-07-14,32150,32250,31850,32150,3241,0.0
2022-07-15,32150,32300,31900,32300,2558,0.004665629860031162
2022-07-18,32000,32350,31950,32150,2520,-0.004643962848297267
2022-07-19,32150,32150,31000,31350,13315,-0.02488335925349927
2022-07-20,31400,31700,31350,31650,4794,0.009569377990430672
2022-07-21,31600,31850,31250,31550,2433,-0.003159557661927326
2022-07-22,31450,31500,31100,31250,5162,-0.009508716323296307
2022-07-25,31250,31450,31100,31250,3017,0.0
2022-07-26,31250,31450,31250,31400,3077,0.0047999999999999154
2022-07-27,31400,31550,31300,31550,3933,0.004777070063694211
2022-07-28,31550,31650,31450,31600,4158,0.0015847860538826808
2022-07-29,31600,31700,31550,31650,3148,0.0015822784810126667
2022-08-01,31650,31700,31600,31700,4497,0.0015797788309637184
2022-08-02,31700,31750,31600,31750,4447,0.001577287066246047
2022-08-03,31450,31850,31450,31800,2121,0.0015748031496063408
2022-08-04,31550,31800,31450,31800,2806,0.0
2022-08-05,31500,31850,31450,31800,2232,0.0
2022-08-08,31500,31800,31400,31800,1499,0.0
2022-08-09,31600,31800,31500,31800,1428,0.0
2022-08-10,31500,31950,31400,31600,1251,-0.0062893081761006275
2022-08-11,31650,31750,31500,31550,2316,-0.0015822784810126667
2022-08-12,31500,31750,31500,31600,1782,0.0015847860538826808
2022-08-16,31550,31600,31450,31550,1194,-0.0015822784810126667
2022-08-17,31400,31450,31000,31200,2472,-0.011093502377179099
2022-08-18,31200,31500,31200,31300,3462,0.0032051282051281937
2022-08-19,31300,32500,31050,31200,12538,-0.0031948881789137795
2022-08-22,31200,31400,30850,30950,4793,-0.008012820512820484
2022-08-23,30950,31000,30600,30700,4885,-0.008077544426494332
2022-08-24,30700,30900,30500,30650,3814,-0.0016286644951140072
2022-08-25,30650,30900,30650,30800,2725,0.004893964110929794
2022-08-26,30950,30950,30450,30600,3413,-0.00649350649350644
2022-08-29,30200,30300,29950,30000,4221,-0.019607843137254943
2022-08-30,30000,30800,29900,30100,6603,0.0033333333333334103
2022-08-31,30100,30500,30000,30300,5701,0.006644518272425293
2022-09-01,30300,30400,30100,30250,5610,-0.0016501650165016146
2022-09-02,30250,30500,30000,30250,6976,0.0
2022-09-05,30250,30300,30000,30100,5264,-0.0049586776859503745
2022-09-06,30100,30500,29500,30250,3519,0.004983388704318914
2022-09-07,30050,30500,30000,30450,1843,0.006611570247933907
2022-09-08,31000,31000,29800,30300,1376,-0.0049261083743842304
2022-09-13,30300,30600,30100,30250,1068,-0.0016501650165016146
2022-09-14,29900,30300,29900,30050,838,-0.006611570247933907
2022-09-15,30050,30250,30000,30250,3441,0.006655574043261225
2022-09-16,30250,30250,29700,29800,1268,-0.014876033057851235
2022-09-19,29800,30450,29400,30000,5167,0.006711409395973256
2022-09-20,29700,30150,29550,29550,1531,-0.015000000000000013
2022-09-21,29550,29700,29250,29250,4375,-0.010152284263959421
2022-09-22,29250,30000,29000,29250,3561,0.0
2022-09-23,29400,30250,29150,29200,1202,-0.0017094017094017033
2022-09-26,29200,29200,28000,28050,5446,-0.03938356164383561
2022-09-27,28050,28600,27650,27650,6712,-0.014260249554367221
2022-09-28,27650,28300,26600,26950,3470,-0.025316455696202556
2022-09-29,26950,27400,26500,26500,13769,-0.016697588126159513
2022-09-30,26550,26900,26500,26800,701,0.01132075471698113
2022-10-04,26800,27600,26800,27550,868,0.027985074626865725
2022-10-05,27650,28000,27650,27800,359,0.00907441016333932
2022-10-06,28250,28350,27800,28350,578,0.019784172661870603
2022-10-07,28350,28350,27900,27900,531,-0.015873015873015928
2022-10-11,27900,27900,27050,27150,555,-0.026881720430107503
2022-10-12,27400,27400,27150,27350,2444,0.007366482504604033
2022-10-13,27350,27850,27350,27550,1649,0.007312614259597838
2022-10-14,27550,30300,27550,29000,9435,0.05263157894736836
2022-10-17,29100,29200,28500,28800,2441,-0.006896551724137945
2022-10-18,28800,28800,28200,28650,1500,-0.00520833333333337
2022-10-19,27500,28800,27450,27900,10029,-0.02617801047120416
2022-10-20,27950,28750,27950,28500,774,0.021505376344086002
2022-10-21,27950,28500,27250,27450,4501,-0.0368421052631579
2022-10-24,27750,28200,27500,27900,2343,0.016393442622950838
2022-10-25,27450,27850,27450,27600,375,-0.010752688172043001
2022-10-26,27300,27950,27250,27500,509,-0.0036231884057971175
2022-10-27,27500,27950,27400,27500,843,0.0
2022-10-28,27500,28100,27200,27450,839,-0.0018181818181818299
2022-10-31,27200,27750,27150,27400,723,-0.0018214936247723523
2022-11-01,27400,28200,27200,27500,434,0.0036496350364962904
2022-11-02,27500,27500,27300,27350,242,-0.00545454545454549
2022-11-03,27600,27600,27250,27550,627,0.007312614259597838
2022-11-04,27800,27800,27300,27750,167,0.007259528130671544
2022-11-07,27750,28200,27750,27900,360,0.00540540540540535
2022-11-08,27650,28450,27500,28300,1093,0.014336917562723928
2022-11-09,28000,28400,28000,28050,1310,-0.00883392226148405
2022-11-10,28350,28350,27550,27750,1255,-0.010695187165775444
2022-11-11,27800,32650,27800,28750,129374,0.03603603603603611
2022-11-14,29200,29200,28300,28300,8021,-0.01565217391304352
2022-11-15,28300,28600,28200,28300,3719,0.0
2022-11-16,28300,29050,28300,28950,8633,0.0229681978798586
2022-11-17,28950,29050,28700,28750,4325,-0.006908462867012077
2022-11-18,28750,29050,28650,28650,4174,-0.003478260869565264
2022-11-21,28650,28950,28250,28700,12685,0.0017452006980802626
2022-11-22,28700,29100,28700,28750,19805,0.0017421602787457413
2022-11-23,29100,29100,28750,28950,1119,0.006956521739130528
2022-11-24,29250,29250,28950,29150,2171,0.006908462867012188
2022-11-25,29200,29900,29150,29600,3823,0.015437392795883298
2022-11-28,30000,30000,29350,29650,4314,0.0016891891891892552
2022-11-29,29650,30000,29650,29900,2864,0.008431703204047292
2022-11-30,29900,30250,29900,30000,472,0.0033444816053511683
2022-12-01,30150,30200,29700,30050,1646,0.0016666666666667052
2022-12-02,30150,30150,29150,29850,1118,-0.006655574043261225
2022-12-05,29850,30100,29850,29850,1221,0.0
2022-12-06,29900,30000,29850,29900,1007,0.0016750418760469454
2022-12-07,29900,29950,29450,29900,2744,0.0
2022-12-08,29900,30150,29900,29900,1359,0.0
2022-12-09,29950,30100,29900,29950,683,0.0016722408026756952
2022-12-12,29950,30650,29950,30050,918,0.0033388981636059967
2022-12-13,30300,30400,29750,29800,964,-0.008319467554076532
2022-12-14,30200,30200,29850,29950,335,0.005033557046979942
2022-12-15,30250,30300,29950,30050,2468,0.0033388981636059967
2022-12-16,28900,30250,28900,29900,1370,-0.004991680532445919
2022-12-19,29900,30250,29900,29950,424,0.0016722408026756952
2022-12-20,29950,30250,29950,30250,1773,0.01001669449081799
2022-12-21,30250,30450,29600,30250,690,0.0
2022-12-22,30450,30450,30100,30400,833,0.0049586776859504855
2022-12-23,30400,30450,30050,30400,894,0.0
2022-12-26,30400,30900,30400,30800,1097,0.013157894736842035
2022-12-27,30550,30950,30550,30850,919,0.0016233766233766378
2022-12-28,30700,30850,29900,30050,2116,-0.02593192868719607
2022-12-29,30200,30750,30150,30400,498,0.011647254575707144
2023-01-02,30400,30650,29050,29650,1332,-0.024671052631578982
2023-01-03,29750,30300,29150,29650,3214,0.0
2023-01-04,30400,30400,29650,29750,1052,0.003372681281618828
2023-01-05,30500,30500,29750,29750,625,0.0
2023-01-06,29750,29900,29750,29750,1674,0.0
2023-01-09,30250,30250,29750,30000,794,0.008403361344537785
2023-01-10,29750,30400,29700,29700,976,-0.010000000000000009
2023-01-11,29850,30500,29800,30500,992,0.026936026936027035
2023-01-12,30500,30500,30150,30400,884,-0.003278688524590123
2023-01-13,30400,31150,29850,29850,1160,-0.018092105263157854
2023-01-16,29900,30450,29650,30400,1650,0.018425460636515956
2023-01-17,30400,30600,29100,30000,4049,-0.013157894736842146
2023-01-18,29900,29900,29600,29650,607,-0.011666666666666714
2023-01-19,29650,29700,29350,29700,539,0.001686340640809414
2023-01-20,29600,29700,29400,29650,561,-0.0016835016835017313
2023-01-25,29650,29850,29400,29500,936,-0.005059021922428353
2023-01-26,29500,29650,29300,29550,554,0.0016949152542373724
2023-01-27,29550,29800,29450,29600,819,0.0016920473773265332
2023-01-30,29550,29750,29500,29600,606,0.0
2023-01-31,29600,29650,29500,29650,464,0.0016891891891892552
2023-02-01,29650,30150,29550,29800,1671,0.005059021922428242
2023-02-02,30150,30150,29600,29700,888,-0.003355704697986628
2023-02-03,30000,30000,29650,29650,1106,-0.0016835016835017313
2023-02-06,30350,30350,29500,30350,3274,0.02360876897133224
2023-02-07,30550,30700,30050,30700,1855,0.011532125205930832
2023-02-08,30700,32000,30700,31250,5998,0.01791530944625408
2023-02-09,31200,31700,30100,30350,3545,-0.028800000000000048
2023-02-10,30350,30500,29800,30050,2236,-0.009884678747940745
2023-02-13,30100,30500,29600,30200,1734,0.004991680532445919
2023-02-14,29900,30500,29850,30300,6689,0.0033112582781456013
2023-02-15,30200,31000,30050,31000,4435,0.02310231023102305
2023-02-16,30650,31250,30650,31000,4793,0.0
2023-02-17,31150,31300,30750,31250,3497,0.008064516129032251
2023-02-20,31100,31100,30600,30650,976,-0.019199999999999995
2023-02-21,30650,30800,30150,30400,844,-0.00815660685154973
2023-02-22,30000,30300,29950,30100,648,-0.009868421052631526
2023-02-23,30000,30700,29900,30300,1162,0.006644518272425293
2023-02-24,30300,30800,30000,30300,1094,0.0
2023-02-27,30400,30400,29750,30200,1353,-0.0033003300330033403
2023-02-28,29950,30500,29850,30200,818,0.0
2023-03-02,30200,30650,30100,30100,685,-0.0033112582781457123
2023-03-03,30050,30500,29850,29850,1072,-0.00830564784053156
2023-03-06,30700,30700,29850,30050,1100,0.00670016750418756
2023-03-07,30200,30550,29900,30250,784,0.006655574043261225
2023-03-08,30000,30500,29700,30250,1034,0.0
2023-03-09,30250,30300,29850,30200,822,-0.0016528925619834212
2023-03-10,30050,30400,29900,30050,478,-0.004966887417218513
2023-03-13,29900,30150,29550,29800,1268,-0.008319467554076532
2023-03-14,29800,29850,28300,29400,2577,-0.01342281879194629
2023-03-15,29200,29800,29150,29400,1591,0.0
2023-03-16,29400,30100,29350,29600,1689,0.006802721088435382
2023-03-17,29500,30100,29450,29900,2833,0.010135135135135087
2023-03-20,29950,30000,29600,29800,573,-0.0033444816053511683
2023-03-21,29800,30200,29650,30050,766,0.008389261744966348
2023-03-22,29850,30200,29800,29800,549,-0.008319467554076532
2023-03-23,29800,30150,29100,29650,959,-0.005033557046979831
2023-03-24,29650,30050,29650,30000,746,0.01180438448566612
2023-03-27,30000,30000,29600,29850,305,-0.0050000000000000044
2023-03-28,30000,30000,29450,29650,1186,-0.00670016750418756
2023-03-29,29550,29950,29250,29250,1565,-0.013490725126475533
2023-03-30,29450,29850,29250,29350,1309,0.0034188034188034067
2023-03-31,29300,29850,29300,29600,1392,0.008517887563884052
2023-04-03,29600,29950,29450,29600,695,0.0
2023-04-04,29600,29900,29500,29850,1476,0.008445945945946054
2023-04-05,29750,30000,29550,29650,571,-0.00670016750418756
2023-04-06,29650,29950,29300,29650,1495,0.0
2023-04-07,29650,29850,29500,29800,922,0.005059021922428242
2023-04-10,29650,29950,28250,29550,1938,-0.008389261744966459
2023-04-11,29550,30000,29350,29750,1828,0.006768189509306355
2023-04-12,29500,29800,29300,29350,3045,-0.013445378151260456
2023-04-13,29350,29950,29300,29750,1926,0.013628620102214661
2023-04-14,29600,30050,29550,29600,2611,-0.005042016806722671
2023-04-17,29600,30450,29600,29950,2255,0.011824324324324342
2023-04-18,29750,30000,29600,29700,1128,-0.008347245409014992
2023-04-19,29700,29850,29350,29400,1547,-0.010101010101010055
2023-04-20,29400,29900,29400,29400,1003,0.0
2023-04-21,29250,29600,29250,29600,758,0.006802721088435382
2023-04-24,29500,29600,29450,29600,377,0.0
2023-04-25,29600,29600,28950,29200,1318,-0.013513513513513487
2023-04-26,29350,29350,29000,29350,580,0.005136986301369939
2023-04-27,29350,29350,29100,29350,229,0.0
2023-04-28,29100,29650,28800,28850,1230,-0.017035775127768327
2023-05-02,28950,29100,28850,28950,474,0.0034662045060658286
2023-05-03,28950,29300,28900,28900,845,-0.0017271157167529916
2023-05-04,28900,29150,28850,29000,900,0.0034602076124568004
2023-05-08,28800,29250,28800,28950,882,-0.0017241379310344307
2023-05-09,29050,29100,28950,29000,190,0.0017271157167531026
2023-05-10,29000,29200,28700,29100,639,0.0034482758620688614
2023-05-11,28900,29100,28750,29100,896,0.0
2023-05-12,28850,29000,28700,28700,1136,-0.013745704467353903
2023-05-15,28500,29300,28500,29300,2287,0.020905923344947785
2023-05-16,29300,29500,28900,29400,2791,0.0034129692832765013
2023-05-17,29250,29500,29250,29350,519,-0.00170068027210879
2023-05-18,29300,29550,29300,29400,750,0.0017035775127767216
2023-05-19,29450,29750,29300,29650,706,0.008503401360544283
2023-05-22,29700,29800,29600,29700,389,0.001686340640809414
2023-05-23,29700,29850,29600,29800,701,0.0033670033670034627
2023-05-24,29700,29850,29450,29650,910,-0.005033557046979831
2023-05-25,29650,30050,29650,29900,1499,0.008431703204047292
2023-05-26,30050,30050,29650,29650,471,-0.00836120401337792
2023-05-30,29650,29800,28850,29700,1999,0.001686340640809414
2023-05-31,29550,29900,28700,29100,2215,-0.02020202020202022
2023-06-01,29050,29300,28800,29200,746,0.0034364261168384758
2023-06-02,29100,29500,29000,29500,945,0.010273972602739656
2023-06-05,29300,29700,29300,29600,309,0.003389830508474523
2023-06-07,29600,29750,29400,29650,663,0.0016891891891892552
2023-06-08,29500,29800,29400,29800,208,0.005059021922428242
2023-06-09,29550,29900,29500,29750,630,-0.001677852348993314
2023-06-12,29750,30000,29350,29800,1109,0.001680672268907557
2023-06-13,29700,29900,29450,29600,1030,-0.006711409395973145
2023-06-14,29600,29750,29100,29700,1650,0.0033783783783782884
2023-06-15,29550,29650,29450,29600,351,-0.0033670033670033517
2023-06-16,29600,29750,29450,29750,359,0.0050675675675675436
2023-06-19,29750,29850,29600,29750,331,0.0
2023-06-20,29750,29900,29750,29850,671,0.003361344537815114
2023-06-21,29850,30000,29850,29850,1275,0.0
2023-06-22,29850,30000,29850,30000,433,0.005025125628140614
2023-06-23,30000,30150,30000,30150,818,0.004999999999999893
2023-06-26,30100,30500,29800,30400,1099,0.008291873963515828
2023-06-27,30350,30700,30100,30500,683,0.00328947368421062
2023-06-28,30500,30600,30200,30350,469,-0.004918032786885296
2023-06-29,30500,30500,29900,30300,420,-0.0016474464579900872
2023-06-30,30250,30250,29650,29850,468,-0.014851485148514865
2023-07-03,29850,30200,29600,30200,687,0.011725293132328396
2023-07-04,30450,30450,29950,30300,640,0.0033112582781456013
2023-07-05,30300,30300,30050,30200,425,-0.0033003300330033403
2023-07-06,30350,30350,29950,30000,355,-0.0066225165562914245
2023-07-07,29950,30450,29850,30400,1740,0.01333333333333342
2023-07-10,30250,30500,30200,30300,942,-0.003289473684210509
2023-07-11,30300,30300,30150,30150,115,-0.004950495049504955
2023-07-12,30150,31250,30150,30400,1422,0.008291873963515828
2023-07-13,30600,30600,29550,29550,1237,-0.02796052631578949
2023-07-14,29600,30450,29600,29800,603,0.008460236886632888
2023-07-17,30000,30250,29550,30250,1570,0.015100671140939603
2023-07-18,30250,30350,29750,30350,647,0.0033057851239668423
2023-07-19,30100,30550,30100,30150,773,-0.00658978583196046
2023-07-20,30150,30350,29900,30350,558,0.0066334991708125735
2023-07-21,30350,30450,30250,30400,575,0.0016474464579900872
2023-07-24,30400,30800,30150,30400,733,0.0
2023-07-25,30350,30400,29800,30000,794,-0.013157894736842146
2023-07-26,30000,30000,29200,29400,1740,-0.020000000000000018
2023-07-27,29200,30000,29200,29950,566,0.018707482993197244
2023-07-28,29800,30000,29700,30000,428,0.0016694490818029983
2023-07-31,30000,30200,30000,30200,287,0.006666666666666599
2023-08-01,30000,30300,29950,30200,455,0.0
2023-08-02,30000,30200,29900,30050,856,-0.004966887417218513
2023-08-03,29950,30100,29800,30050,489,0.0
2023-08-04,30200,30200,29900,30200,373,0.004991680532445919
2023-08-07,30300,30300,29950,30300,485,0.0033112582781456013
2023-08-08,30350,30450,29750,30100,866,-0.0066006600660065695
2023-08-09,29950,30200,29600,30000,1019,-0.0033222591362126463
2023-08-10,29900,30250,29900,30200,909,0.006666666666666599
2023-08-11,30200,30300,29800,30150,2898,-0.0016556291390728006
2023-08-14,30150,30300,29950,30200,292,0.0016583747927032544
2023-08-16,30000,30750,29800,30650,3373,0.01490066225165565
2023-08-17,30700,30700,30150,30650,906,0.0
2023-08-18,30600,30700,30200,30200,875,-0.014681892332789603
2023-08-21,30200,30400,30100,30350,643,0.004966887417218624
2023-08-22,30350,30400,30050,30300,748,-0.0016474464579900872
2023-08-23,30100,30550,29900,29900,1387,-0.01320132013201325
2023-08-24,30000,30100,29650,30100,1492,0.006688963210702337
2023-08-25,30250,30250,29750,29850,532,-0.00830564784053156
2023-08-28,29850,30000,29850,29950,931,0.003350083752093891
2023-08-29,29950,30100,29750,29750,1466,-0.006677796327211993
2023-08-30,29750,30000,29750,29750,796,0.0
2023-08-31,29750,30400,29750,30000,670,0.008403361344537785
2023-09-01,29850,30100,29850,29900,372,-0.0033333333333332993
2023-09-04,29900,30100,29850,29900,273,0.0
2023-09-05,29600,30000,29600,29850,1286,-0.0016722408026755842
2023-09-06,29750,30000,29700,30000,239,0.005025125628140614
2023-09-07,29950,30100,29800,29950,636,-0.0016666666666667052
2023-09-08,29950,30050,29650,29800,1298,-0.005008347245408995
2023-09-11,30050,30050,29750,29950,137,0.005033557046979942
2023-09-12,29800,30100,29800,29950,110,0.0
2023-09-13,29800,30000,29700,29950,615,0.0
2023-09-14,29700,30000,29650,30000,902,0.0016694490818029983
2023-09-15,29900,30050,29750,29800,659,-0.00666666666666671
2023-09-18,29800,29950,29750,29900,86,0.003355704697986628
2023-09-19,29750,29950,28600,29200,4160,-0.02341137123745818
2023-09-20,29250,29350,28900,28950,657,-0.008561643835616417
2023-09-21,29050,29300,28750,29150,1298,0.006908462867012188
2023-09-22,28800,29300,28800,29200,359,0.0017152658662091813
2023-09-25,29250,29250,29200,29250,1618,0.001712328767123239
2023-09-26,29250,29650,28850,28900,1816,-0.011965811965811923
2023-09-27,28750,29400,28750,28800,1588,-0.0034602076124568004
2023-10-04,28800,28800,28550,28800,1095,0.0
2023-10-05,28800,29500,28550,28750,810,-0.0017361111111111605
2023-10-06,28750,29200,28750,28950,354,0.006956521739130528
2023-10-10,28950,29300,28550,29000,1215,0.0017271157167531026
2023-10-11,29000,29100,28800,29050,521,0.0017241379310344307
2023-10-12,29050,29400,28950,29400,346,0.012048192771084265
2023-10-13,29200,29450,28900,29450,1833,0.001700680272108901
2023-10-16,29500,29500,29200,29300,458,-0.005093378607809895
2023-10-17,29500,29550,29250,29450,119,0.005119453924914641
2023-10-18,29150,29450,29100,29400,179,-0.001697792869269965
2023-10-19,29100,29500,29000,29300,1141,-0.003401360544217691
2023-10-20,29250,29450,29100,29300,235,0.0
2023-10-23,29000,29400,29000,29300,241,0.0
2023-10-24,29000,29400,28300,29300,1463,0.0
2023-10-25,29000,29400,29000,29250,800,-0.0017064846416382506
2023-10-26,28950,29050,28400,28950,432,-0.01025641025641022
2023-10-27,28800,29400,28650,29200,1335,0.008635578583765069
2023-10-30,29000,29250,29000,29250,763,0.001712328767123239
2023-10-31,29000,29300,28900,29050,1265,-0.006837606837606813
2023-11-01,28950,29350,28950,29200,980,0.005163511187607606
2023-11-02,29100,29300,28950,29200,1221,0.0
2023-11-03,29000,29300,28950,29200,1188,0.0
2023-11-06,29200,29500,29200,29200,743,0.0
2023-11-07,29400,29450,28900,29300,668,0.003424657534246478
2023-11-08,29050,29400,28900,29250,898,-0.0017064846416382506
2023-11-09,29550,29800,29050,29250,2493,0.0
2023-11-10,29100,29500,29000,29400,881,0.00512820512820511
2023-11-13,29300,29450,29100,29300,530,-0.003401360544217691
2023-11-14,29400,29700,29100,29300,2480,0.0
2023-11-15,29700,29700,29500,29650,543,0.011945392491467643
2023-11-16,29700,30200,29700,30100,2467,0.015177065767284947
2023-11-17,30200,30200,29800,29950,481,-0.004983388704318914
2023-11-20,30000,30350,29950,30050,2281,0.0033388981636059967
2023-11-21,30050,30350,30050,30150,1707,0.0033277870216306127
2023-11-22,30150,30350,30150,30350,1527,0.0066334991708125735
2023-11-23,30200,30350,30000,30200,301,-0.0049423393739703725
2023-11-24,30250,30400,30200,30300,1408,0.0033112582781456013
2023-11-27,30300,30400,30300,30350,1095,0.0016501650165017256
2023-11-28,30350,30450,30350,30450,577,0.0032948929159801743
2023-11-29,30350,30500,30200,30400,308,-0.0016420361247947435
2023-11-30,30400,30450,30400,30450,427,0.00164473684210531
2023-12-01,30450,30750,30450,30750,933,0.009852216748768461
2023-12-04,30300,30750,30300,30600,277,-0.004878048780487809
2023-12-05,30600,30800,30600,30700,508,0.0032679738562091387
2023-12-06,30700,30800,30700,30700,789,0.0
2023-12-07,30750,32550,30750,31400,4267,0.0228013029315961
2023-12-08,31300,31500,30850,31500,2861,0.0031847133757962887
2023-12-11,31500,32350,31300,31350,2399,-0.004761904761904745
2023-12-12,31950,31950,31050,31200,880,-0.004784688995215336
2023-12-13,31200,32000,31200,31750,4480,0.017628205128205066
2023-12-14,31400,32350,31400,31600,2479,-0.0047244094488189115
2023-12-15,31600,32350,31600,31850,2087,0.007911392405063333
2023-12-18,31850,32300,31400,31900,1462,0.0015698587127157548
2023-12-19,31900,32200,31650,32200,1023,0.00940438871473348
2023-12-20,32200,33350,32000,32900,5249,0.021739130434782705
2023-12-21,33000,33600,32100,32900,3342,0.0
2023-12-22,33250,33550,32300,32600,1891,-0.00911854103343468
2023-12-26,32250,33450,31750,31800,1665,-0.024539877300613466
2023-12-27,31800,31800,30500,30650,1901,-0.036163522012578664
2023-12-28,30550,30550,30150,30500,1089,-0.004893964110929905
2024-01-02,30200,31650,30100,30250,3721,-0.008196721311475419
2024-01-03,30300,31650,30150,30150,2025,-0.0033057851239669533
2024-01-04,30150,31100,29400,30250,2171,0.0033167495854062867
2024-01-05,30250,30800,30250,30300,1577,0.0016528925619834212
2024-01-08,30150,31050,30000,30400,1131,0.0033003300330032292
2024-01-09,30200,30950,30050,30300,1292,-0.003289473684210509
2024-01-10,30050,30650,29900,30100,1803,-0.0066006600660065695
2024-01-11,30100,30700,29950,30050,1528,-0.0016611295681062677
2024-01-12,30050,30800,29950,30300,1564,0.008319467554076532
2024-01-15,30300,30700,30150,30300,1355,0.0
2024-01-16,30100,30850,30000,30350,1611,0.0016501650165017256
2024-01-17,30100,30850,30100,30300,1492,-0.0016474464579900872
2024-01-18,30050,30500,30050,30350,709,0.0016501650165017256
2024-01-19,31000,31000,30350,30400,1323,0.0016474464579900872
2024-01-22,30950,30950,30200,30550,211,0.004934210526315708
2024-01-23,30650,30700,30000,30400,1511,-0.004909983633387904
2024-01-24,30000,30800,30000,30050,1346,-0.011513157894736836
2024-01-25,30050,30350,29900,30100,1141,0.0016638935108153063
2024-01-26,30000,30400,30000,30300,737,0.006644518272425293
2024-01-29,30300,30550,30200,30500,1566,0.0066006600660066805
2024-01-30,30150,30900,30150,30850,1392,0.011475409836065653
2024-01-31,30850,30850,30550,30600,749,-0.008103727714748765
2024-02-01,30250,30950,30200,30550,2262,-0.0016339869281045694
2024-02-02,30950,30950,30400,30500,1003,-0.0016366612111292644
2024-02-05,30600,30950,30600,30600,1040,0.003278688524590123
2024-02-06,31000,31300,30550,31100,1954,0.016339869281045694
2024-02-07,30800,31900,30800,31450,5653,0.0112540192926045
2024-02-08,31450,31950,31150,31550,1553,0.0031796502384737746
2024-02-13,32000,32000,31250,31600,756,0.0015847860538826808
2024-02-14,31600,31950,31350,31700,1095,0.0031645569620253333
2024-02-15,31950,31950,31450,31800,715,0.003154574132492094
2024-02-16,31800,32400,31550,31750,2273,-0.0015723270440252124
2024-02-19,31700,32350,31700,32300,3691,0.017322834645669305
2024-02-20,32250,33500,31750,33050,4507,0.023219814241486114
2024-02-21,33000,33000,32650,32700,783,-0.010590015128593033
2024-02-22,32700,32900,32300,32900,940,0.006116207951070374
2024-02-23,32500,33050,32500,32850,1254,-0.001519756838905817
2024-02-26,32850,33400,32500,33400,1922,0.016742770167427645
2024-02-27,33400,33800,33050,33150,3537,-0.007485029940119792
2024-02-28,33350,33350,33000,33000,575,-0.004524886877828038
2024-02-29,33000,33650,32900,33400,1542,0.0121212121212122
2024-03-04,33650,34550,33200,33900,4935,0.014970059880239583
2024-03-05,33900,34400,33600,33850,2176,-0.001474926253687281
2024-03-06,34500,34500,33400,33450,1863,-0.011816838995568735
2024-03-07,33850,34650,33550,34650,1940,0.03587443946188351
2024-03-08,34800,35950,34800,35600,3999,0.02741702741702734
2024-03-11,35600,36000,34250,34300,2766,-0.0365168539325843
2024-03-12,34300,34900,34300,34700,1834,0.011661807580174877
2024-03-13,34900,35400,34350,34400,3340,-0.008645533141210415
2024-03-14,34150,35600,34100,34400,2197,0.0
2024-03-15,34400,35600,34200,34400,1010,0.0
2024-03-18,34200,35500,34100,34750,2673,0.01017441860465107
2024-03-19,34750,35150,34450,34500,1034,-0.007194244604316502
2024-03-20,34500,35200,34150,34700,2022,0.005797101449275255
2024-03-21,34750,35650,34600,35400,6397,0.020172910662824117
2024-03-22,35350,35900,35000,35400,3230,0.0
2024-03-25,35550,35650,35450,35450,658,0.0014124293785311437
2024-03-26,35450,35900,35250,35500,1325,0.0014104372355430161
2024-03-27,35550,35850,35350,35750,1144,0.007042253521126751
2024-03-28,35750,35950,35700,35850,1424,0.002797202797202747
2024-03-29,35550,36400,35550,36000,2638,0.004184100418409997
2024-04-01,36000,36850,35850,36100,3819,0.002777777777777768
2024-04-02,36750,36750,36000,36000,1167,-0.0027700831024930483
2024-04-03,36100,36700,36100,36550,2533,0.015277777777777724
2024-04-04,36550,36750,36500,36600,391,0.001367989056087593
2024-04-05,36750,36800,36500,36600,849,0.0
2024-04-08,36800,36800,36400,36500,3713,-0.002732240437158473
2024-04-09,36900,36900,36050,36200,2268,-0.008219178082191747
2024-04-11,36350,36550,36200,36350,637,0.004143646408839796
2024-04-12,36350,36550,36100,36100,901,-0.00687757909215958
2024-04-15,36050,36050,35300,35350,2705,-0.020775623268698085
2024-04-16,35350,35350,35000,35000,1150,-0.00990099009900991
2024-04-17,34800,38350,34050,35550,10576,0.01571428571428579
2024-04-18,35550,36000,34000,35900,1612,0.009845288326300938
2024-04-19,35900,37500,34300,34450,1622,-0.04038997214484674
2024-04-22,34450,35400,34450,35400,856,0.027576197387518153
2024-04-23,35400,37100,35400,36650,1126,0.035310734463276816
2024-04-24,37200,37700,36750,37500,2026,0.023192360163710735
2024-04-25,37450,37650,37000,37550,782,0.0013333333333334085
2024-04-26,38000,38000,37250,38000,964,0.011984021304926706
2024-04-29,38000,38000,37500,37750,394,-0.006578947368421018
2024-04-30,37750,38050,37200,37800,1081,0.0013245033112583293
2024-05-02,37800,38300,37700,38300,601,0.013227513227513255
2024-05-03,38450,38950,38250,38900,2229,0.015665796344647598
2024-05-07,39100,39850,37850,39200,7856,0.007712082262210762
2024-05-08,39200,39650,38500,38500,4516,-0.017857142857142905
2024-05-09,38500,39350,37900,38100,2066,-0.010389610389610393
2024-05-10,38100,38600,37450,37450,1802,-0.017060367454068248
2024-05-13,37450,37900,36900,37900,2299,0.012016021361815676
2024-05-14,37850,39250,37550,38700,2586,0.02110817941952514
2024-05-16,38700,39750,38300,38900,2418,0.0051679586563306845
2024-05-17,38950,39950,38850,39650,1942,0.019280205655527016
2024-05-20,40850,40850,39700,40600,3807,0.023959646910466592
2024-05-21,40600,41250,40200,41100,4319,0.012315270935960632
2024-05-22,41300,41600,40900,41100,3395,0.0
2024-05-23,41100,41800,40000,40000,2102,-0.02676399026763987
2024-05-24,40050,40900,40000,40100,3700,0.0024999999999999467
2024-05-27,40150,40550,40100,40400,1282,0.007481296758104827
2024-05-28,40400,41850,40400,41500,3014,0.027227722772277252
2024-05-29,41800,43600,41700,43300,7710,0.04337349397590362
2024-05-30,44000,44100,43150,43900,6368,0.01385681293302543
2024-05-31,44100,45150,44100,44700,4281,0.018223234624145768
2024-06-03,45400,47500,45200,47500,8093,0.06263982102908283
2024-06-04,49000,49500,47500,48000,11279,0.010526315789473717
2024-06-05,48500,49500,48000,49400,4566,0.029166666666666563
2024-06-07,49900,51200,49800,51200,7063,0.036437246963562764
2024-06-10,51000,54200,51000,54000,12275,0.0546875
2024-06-11,55000,55900,45100,46750,45752,-0.1342592592592593
2024-06-12,46800,47850,45200,46200,10123,-0.0117647058823529
2024-06-13,45750,46450,44300,44800,7435,-0.030303030303030276
2024-06-14,44800,50800,44800,50800,9746,0.1339285714285714
2024-06-17,50000,50800,47150,48200,4618,-0.051181102362204745
2024-06-18,48200,48200,46550,46550,1803,-0.034232365145228205
2024-06-19,46550,46850,45400,45850,2555,-0.015037593984962405
2024-06-20,45850,48150,45850,47500,2734,0.03598691384950925
2024-06-21,48000,48050,46600,47200,2776,-0.0063157894736841635
2024-06-24,47200,54000,46900,50500,9281,0.06991525423728806
2024-06-25,51000,51400,47800,49400,3105,-0.0217821782178218
2024-06-26,49500,52500,49500,51000,4831,0.03238866396761142
2024-06-27,51500,52000,49500,51900,4217,0.01764705882352935
2024-06-28,51900,51900,50100,51000,1532,-0.017341040462427793
2024-07-01,51000,51900,48450,49800,6025,-0.02352941176470591
2024-07-02,49900,54000,49100,51600,6720,0.03614457831325302
2024-07-03,51100,51900,49750,50900,4284,-0.013565891472868241
2024-07-04,50600,53400,50400,52000,7947,0.0216110019646365
2024-07-05,53000,54000,50800,50800,9019,-0.023076923076923106
2024-07-08,50800,50800,46200,47950,7878,-0.05610236220472442
2024-07-09,48100,48350,45950,46100,2679,-0.03858185610010423
2024-07-10,46100,47000,44800,45600,3543,-0.010845986984815648
2024-07-11,45850,47950,45800,46700,1666,0.02412280701754388
2024-07-12,46250,47750,45550,47500,2848,0.017130620985010614
2024-07-15,47400,47400,45900,46000,3517,-0.03157894736842104
2024-07-16,46000,47500,45800,47000,2267,0.021739130434782705
2024-07-17,47000,49100,46700,48550,3520,0.03297872340425534
2024-07-18,48550,48550,47250,48500,2707,-0.001029866117404743
2024-07-19,48450,48500,47550,48350,1006,-0.003092783505154628
2024-07-22,48300,48600,47350,48150,625,-0.004136504653567741
2024-07-23,48100,48150,46200,46550,2071,-0.03322949117341645
2024-07-24,46600,49000,45500,48250,1010,0.036519871106337254
2024-07-25,47600,48000,46000,46450,1008,-0.03730569948186524
2024-07-26,46700,47000,45150,45800,1811,-0.013993541442411161
2024-07-29,45800,47350,45500,46800,1146,0.02183406113537112
2024-07-30,45650,46550,42900,43200,2812,-0.07692307692307687
2024-07-31,43400,43950,42100,43950,1733,0.01736111111111116
2024-08-01,46900,46900,43650,43700,262,-0.005688282138794132
2024-08-02,43650,44000,41000,43100,1251,-0.013729977116704761
2024-08-05,42750,43450,38000,40450,2892,-0.061484918793503485
2024-08-06,40500,42000,39000,39700,1899,-0.018541409147095234
2024-08-07,38900,40550,38800,39900,1884,0.005037783375314797
2024-08-08,39550,39900,38850,39900,823,0.0
2024-08-09,41500,41500,39300,41250,838,0.03383458646616533
2024-08-12,41300,41500,40150,41250,451,0.0
2024-08-13,41550,45000,41550,43800,1183,0.06181818181818177
2024-08-14,43500,45900,43300,44800,549,0.022831050228310446
2024-08-16,44800,45900,41350,41750,1892,-0.0680803571428571
2024-08-19,42000,42300,41500,41950,369,0.004790419161676551
2024-08-20,41950,42300,41450,42150,823,0.004767580452920139
2024-08-21,41900,43550,41900,43550,795,0.033214709371292894
2024-08-22,43200,43400,42100,43400,399,-0.003444316877152742
2024-08-23,43050,43300,42000,43300,401,-0.0023041474654378336
2024-08-26,43250,43600,41550,43600,375,0.006928406466512715
2024-08-27,43250,43900,42500,42750,622,-0.019495412844036664
2024-08-28,42750,45300,42000,42800,1268,0.0011695906432749315
2024-08-29,42450,43650,42000,43200,1006,0.009345794392523255
2024-08-30,42850,43400,41750,41800,376,-0.03240740740740744
2024-09-02,42250,44950,41800,43950,956,0.0514354066985645
2024-09-03,43950,44400,42300,43850,1399,-0.0022753128555176305
2024-09-04,43450,45350,42250,45300,1591,0.033067274800456126
2024-09-05,45500,45500,43300,43300,949,-0.04415011037527594
2024-09-06,43300,44500,41650,42750,1349,-0.012702078521939941
2024-09-09,42750,42750,42000,42750,430,0.0
2024-09-10,42400,42450,40600,40600,654,-0.05029239766081872
2024-09-11,40600,44000,40400,44000,2409,0.08374384236453203
2024-09-12,44000,45100,42300,44950,1476,0.021590909090908994
2024-09-13,45000,46000,43100,45450,2430,0.011123470522803158
2024-09-19,45000,45450,42450,43100,2025,-0.0517051705170517
2024-09-20,43100,43700,41750,42250,3091,-0.019721577726218076
2024-09-23,42500,42500,41200,41200,972,-0.02485207100591713
2024-09-24,41200,41500,40850,41350,367,0.00364077669902918
2024-09-25,41350,41700,41350,41500,495,0.0036275695284160303
2024-09-26,41500,43550,41500,43550,840,0.049397590361445864
2024-09-27,43550,44800,42650,43800,1083,0.00574052812858783
2024-09-30,44000,44350,41050,42650,3476,-0.026255707762557035
2024-10-02,42250,42800,41950,42650,1329,0.0
2024-10-04,42900,43150,41500,41500,1146,-0.026963657678780728
2024-10-07,41500,43500,41500,43000,1421,0.03614457831325302
2024-10-08,42500,43950,41950,42000,1984,-0.023255813953488413
2024-10-10,42000,44400,41950,43750,3809,0.04166666666666674
2024-10-11,43750,44400,42000,43650,2338,-0.0022857142857143353
2024-10-14,43300,43650,42350,42800,1676,-0.019473081328751474
2024-10-15,42800,43300,42200,43100,5751,0.007009345794392496
2024-10-16,42450,43850,42250,43450,297,0.008120649651972123
2024-10-17,43450,44100,43250,44000,269,0.012658227848101333
2024-10-18,44000,44150,43500,44150,80,0.003409090909090917
2024-10-21,43300,44150,43300,43850,123,-0.006795016987542479
2024-10-22,43850,44200,42500,42500,1044,-0.030786773090079822
2024-10-23,42200,46450,42200,46300,1649,0.0894117647058823
2024-10-24,46300,46300,44100,44650,370,-0.0356371490280778
2024-10-25,44650,58000,44000,44550,21375,-0.002239641657334812
2024-10-28,43250,43900,41650,42100,5091,-0.05499438832772163
2024-10-29,42100,42650,41000,42100,1793,0.0
2024-10-30,42100,42300,41050,42200,1860,0.002375296912114022
2024-10-31,41950,42150,41150,42000,379,-0.004739336492891044
2024-11-01,41900,42600,41750,42250,617,0.005952380952380931
2024-11-04,42000,42400,41750,42300,561,0.0011834319526626835
2024-11-05,42300,42300,41700,42300,424,0.0
2024-11-06,41700,42300,41400,42300,416,0.0
2024-11-07,41900,42200,41250,42200,314,-0.0023640661938534313
2024-11-08,42150,42300,41850,42050,447,-0.0035545023696682554
2024-11-11,42000,42000,40900,42000,797,-0.0011890606420927874
2024-11-12,41100,41950,40750,41800,751,-0.004761904761904745
2024-11-13,41400,42000,40950,42000,562,0.004784688995215225
2024-11-14,41750,42200,41750,42200,526,0.004761904761904745
2024-11-15,42000,42200,40900,42100,590,-0.0023696682464454666
2024-11-18,41750,42250,41100,42250,1529,0.0035629453681709222
2024-11-19,42250,42250,41350,42100,682,-0.0035502958579881616
2024-11-20,41800,42200,41750,41800,187,-0.0071258907363420665
2024-11-21,41450,42200,41450,42000,186,0.004784688995215225
2024-11-22,41850,42200,41850,42200,264,0.004761904761904745
2024-11-25,42000,42500,41850,42400,526,0.004739336492890933
2024-11-26,42000,42750,42000,42550,376,0.0035377358490567
2024-11-27,42150,42650,42000,42600,369,0.001175088131609936
2024-11-28,42450,42800,39800,41700,1970,-0.021126760563380254
2024-11-29,41450,41750,40700,41700,183,0.0
2024-12-02,41500,41850,40950,41850,3534,0.003597122302158251
2024-12-03,41500,42350,41500,42050,242,0.004778972520907976
2024-12-04,41850,42150,40150,41200,334,-0.02021403091557672
2024-12-05,41250,41700,40900,41400,148,0.004854368932038833
2024-12-06,41250,42050,40350,40350,1318,-0.025362318840579712
2024-12-09,40050,40900,38600,39000,815,-0.03345724907063197
2024-12-10,39050,40650,39050,40250,244,0.03205128205128216
2024-12-11,40000,41000,39550,41000,340,0.01863354037267073
2024-12-12,40050,42500,40050,42500,958,0.03658536585365857
2024-12-13,41600,42450,40350,40500,2272,-0.04705882352941182
2024-12-16,41100,41750,40500,41050,432,0.013580246913580174
2024-12-17,40800,41700,40600,41550,292,0.01218026796589533
2024-12-18,41200,41700,41000,41700,779,0.0036101083032491488
2024-12-19,41650,41950,41550,41900,245,0.004796163069544335
2024-12-20,41800,42000,41550,42000,446,0.0023866348448686736
2024-12-23,41600,42400,41500,42400,262,0.00952380952380949
2024-12-24,42300,42400,41600,42400,142,0.0
2024-12-26,42450,43750,41850,43650,3792,0.02948113207547176
2024-12-27,43550,43900,41650,42050,362,-0.03665521191294385
2024-12-30,42200,42200,40000,40800,551,-0.029726516052318686
2025-01-02,40800,40950,40350,40900,118,0.002450980392156854
2025-01-03,40700,41950,40700,41800,1513,0.022004889975550057
2025-01-06,41750,41900,40600,41750,339,-0.0011961722488038617
2025-01-07,40950,42400,40950,42400,1411,0.015568862275449069
2025-01-08,42450,43000,41550,42400,1821,0.0
2025-01-09,42400,43000,42400,42450,35,0.001179245283018826
2025-01-10,43000,43700,42000,42750,1119,0.007067137809187329
2025-01-13,42750,43700,42100,43150,1166,0.009356725146198785
2025-01-14,42550,44150,42300,43750,1501,0.013904982618771822
2025-01-15,43150,44000,41950,43200,1683,-0.012571428571428567
2025-01-16,43000,44000,42150,42850,996,-0.00810185185185186
2025-01-17,42500,42900,41800,42600,621,-0.005834305717619559
2025-01-20,42050,43200,41550,41550,610,-0.02464788732394363
2025-01-21,41550,43000,41000,41150,692,-0.009626955475330878
2025-01-22,41000,42150,40500,41250,187,0.002430133657351119
2025-01-23,40950,42450,40750,41350,353,0.00242424242424244
2025-01-24,41200,41850,41200,41700,365,0.00846432889963733
2025-01-31,41650,41800,40800,41300,1017,-0.00959232613908878
2025-02-03,40800,42000,40250,41650,312,0.008474576271186418
2025-02-04,41150,41750,41150,41750,357,0.0024009603841537164
2025-02-05,41450,42950,41450,41700,1354,-0.0011976047904191933
2025-02-06,41200,42350,41100,42350,371,0.015587529976019088
2025-02-07,42050,42700,41000,41750,1264,-0.01416765053128688
2025-02-10,41450,43000,41350,41800,2550,0.0011976047904191933
2025-02-11,41800,43700,41550,42950,2984,0.027511961722487932
2025-02-12,43050,43050,41650,41700,411,-0.029103608847497076
2025-02-13,42150,42900,41700,41850,720,0.003597122302158251
2025-02-14,41850,42600,40900,41300,1671,-0.01314217443249699
2025-02-17,40950,42000,40750,41500,2137,0.004842615012106588
2025-02-18,41100,41850,41000,41500,931,0.0
2025-02-19,41400,41750,41250,41450,284,-0.001204819277108471
2025-02-20,41400,42500,41000,41950,3990,0.012062726176115701
2025-02-21,41600,42400,41500,41950,826,0.0
2025-02-24,41950,42450,41450,42100,1112,0.0035756853396902155
2025-02-25,41800,42800,41800,42700,994,0.014251781472684133
2025-02-26,43000,43250,42150,43000,1059,0.007025761124121788
2025-02-27,43000,43300,42250,43300,1385,0.006976744186046435
2025-02-28,42400,44500,42400,43600,1791,0.006928406466512715
2025-03-04,43300,44000,42550,43450,1310,-0.0034403669724770714
2025-03-05,43600,44850,43100,43700,1058,0.005753739930955071
2025-03-06,43250,43950,42950,43700,849,0.0
2025-03-07,43250,43500,43050,43050,267,-0.014874141876430214
2025-03-10,42550,43850,42100,43450,525,0.009291521486643362
2025-03-11,42700,43800,42150,43050,894,-0.009205983889528202
2025-03-12,42600,43750,42600,43300,781,0.005807200929152101
2025-03-13,43350,43350,41750,42800,3437,-0.011547344110854452
2025-03-14,42050,42500,41800,42300,671,-0.011682242990654235
2025-03-17,42200,42300,41800,42300,542,0.0
2025-03-18,42300,43050,41950,42250,1875,-0.0011820330969266601
2025-03-19,42100,42750,41850,42750,1020,0.01183431952662728
2025-03-20,42700,43000,42350,42750,3174,0.0
2025-03-21,42500,42750,42100,42600,168,-0.0035087719298245723
2025-03-24,42200,42400,41100,41300,5694,-0.030516431924882625
2025-03-25,41100,41850,41100,41200,428,-0.002421307506053294
2025-03-26,41200,42350,41200,42300,204,0.02669902912621369
2025-03-27,41850,42300,40650,41900,895,-0.009456264775413725
2025-03-28,41400,42350,41400,41850,666,-0.0011933174224343368
2025-03-31,41400,42000,41400,41800,217,-0.0011947431302270495
2025-04-01,41350,42100,41350,41600,261,-0.004784688995215336
2025-04-02,41600,42000,41250,41800,1057,0.004807692307692291
2025-04-03,41400,42400,41400,42300,950,0.011961722488038173
2025-04-04,42000,42350,42000,42300,422,0.0
2025-04-07,42000,42400,41500,41800,290,-0.011820330969267157
2025-04-08,41800,42600,41100,42600,1248,0.019138755980861344
2025-04-09,42600,42750,41600,42650,851,0.0011737089201877549
2025-04-10,42500,43000,42150,42750,1273,0.0023446658851113966
2025-04-11,42450,43000,42200,43000,1078,0.005847953216374213
2025-04-14,43100,43500,42350,42750,297,-0.005813953488372103
2025-04-15,42850,42950,42350,42850,158,0.002339181286549641
2025-04-16,42300,42850,42300,42850,176,0.0
2025-04-17,42350,42850,42300,42850,165,0.0
2025-04-18,42400,42950,42400,42850,174,0.0
2025-04-21,42450,43250,42450,42850,240,0.0
2025-04-22,42350,43150,42350,43150,401,0.007001166861143604
2025-04-23,43150,43150,42900,42950,244,-0.004634994206257237
2025-04-24,43100,43100,42700,42700,441,-0.005820721769499437
2025-04-25,43050,43050,42550,42700,139,0.0
2025-04-28,42550,43100,42200,42550,685,-0.003512880562060894
2025-04-29,42850,44700,42300,44700,1849,0.05052878965922436
2025-04-30,44750,44800,43500,44800,916,0.0022371364653244186
2025-05-02,44400,44800,44200,44550,518,-0.005580357142857095
2025-05-07,44000,45000,44000,45000,596,0.010101010101010166
2025-05-08,45000,45500,44600,44800,606,-0.004444444444444473
2025-05-09,44800,44850,43850,44550,421,-0.005580357142857095
2025-05-12,44550,44950,44000,44250,821,-0.006734006734006703
2025-05-13,44600,44700,43700,43800,604,-0.01016949152542368
2025-05-14,44000,44600,43800,44600,252,0.0182648401826484
2025-05-15,44250,45500,44250,45150,786,0.012331838565022402
2025-05-16,45150,45150,44000,44000,515,-0.025470653377630104
2025-05-19,43900,45000,43400,43400,702,-0.013636363636363669
2025-05-20,43400,44700,42600,44150,1281,0.017281105990783363
2025-05-21,43850,45000,43600,43850,356,-0.006795016987542479
2025-05-22,43950,44500,43000,43950,890,0.0022805017103761926
2025-05-23,43950,44500,43300,43750,846,-0.004550625711035261
2025-05-26,43700,44300,42900,44300,1330,0.012571428571428678
2025-05-27,44800,44800,43500,43750,900,-0.01241534988713322
2025-05-28,43750,44600,43550,43750,872,0.0
2025-05-29,43550,45000,43450,43750,570,0.0
2025-05-30,43850,44500,43400,44350,1186,0.01371428571428579
2025-06-02,44350,44600,43600,44050,1361,-0.006764374295377684
2025-06-04,44050,45000,43650,44000,986,-0.0011350737797957144
2025-06-05,43700,46500,43700,44000,1602,0.0
2025-06-09,44000,45650,44000,44700,1488,0.015909090909090873
2025-06-10,45300,45300,44600,44750,1130,0.0011185682326622093
2025-06-11,45200,45300,44850,45300,241,0.012290502793296021
2025-06-12,45300,46500,44900,45000,1570,-0.0066225165562914245
2025-06-13,44800,45500,44250,45400,1211,0.008888888888888946
2025-06-16,45450,45450,43000,44600,1312,-0.017621145374449365
2025-06-17,44600,45000,43850,44000,1301,-0.013452914798206317
2025-06-18,44600,44800,43800,44400,1796,0.009090909090909038
