Date,Open,High,Low,Close,Volume,Change
2022-01-03,3715,3745,3700,3745,209497,0.009433962264151052
2022-01-04,3745,3880,3725,3860,646564,0.030707610146862407
2022-01-05,3860,4080,3860,3960,1064379,0.02590673575129543
2022-01-06,3990,4080,3915,3950,579661,-0.002525252525252486
2022-01-07,4005,4015,3935,3955,277295,0.0012658227848101333
2022-01-10,3970,4160,3970,4130,1051031,0.04424778761061954
2022-01-11,4105,4150,4035,4085,410419,-0.010895883777239712
2022-01-12,4105,4105,3980,4065,266679,-0.004895960832313362
2022-01-13,4100,4100,4025,4050,187473,-0.0036900369003689537
2022-01-14,4050,4075,3980,3985,243637,-0.016049382716049387
2022-01-17,3985,3985,3875,3890,226816,-0.023839397741530766
2022-01-18,3880,3940,3815,3830,203065,-0.015424164524421635
2022-01-19,3760,3980,3760,3885,287820,0.01436031331592691
2022-01-20,3900,3905,3835,3835,179209,-0.012870012870012881
2022-01-21,3835,3910,3830,3875,174537,0.010430247718383301
2022-01-24,3870,3870,3680,3725,392086,-0.03870967741935483
2022-01-25,3760,3780,3575,3615,310513,-0.029530201342281903
2022-01-26,3615,3710,3610,3645,295316,0.008298755186721962
2022-01-27,3640,3685,3470,3500,260030,-0.03978052126200271
2022-01-28,3545,3595,3455,3550,181398,0.014285714285714235
2022-02-03,3570,3770,3565,3750,304653,0.05633802816901401
2022-02-04,3750,3805,3700,3780,161418,0.008000000000000007
2022-02-07,3805,3875,3765,3840,182679,0.015873015873015817
2022-02-08,3895,3895,3730,3760,223142,-0.02083333333333337
2022-02-09,3825,3840,3770,3815,208932,0.0146276595744681
2022-02-10,3860,3990,3830,3930,480404,0.030144167758846763
2022-02-11,3880,3925,3840,3855,215570,-0.01908396946564883
2022-02-14,3800,3875,3650,3775,327633,-0.02075226977950717
2022-02-15,3755,3830,3695,3730,184080,-0.01192052980132452
2022-02-16,3745,3875,3745,3855,196904,0.03351206434316345
2022-02-17,3865,3955,3840,3860,293654,0.0012970168612191912
2022-02-18,3820,3880,3790,3860,104455,0.0
2022-02-21,3820,3890,3815,3845,114320,-0.0038860103626943143
2022-02-22,3770,3825,3720,3735,222548,-0.02860858257477239
2022-02-23,3735,3845,3730,3830,181017,0.025435073627844806
2022-02-24,3780,4060,3765,3930,1503763,0.02610966057441244
2022-02-25,4055,4460,4000,4245,4810533,0.08015267175572527
2022-02-28,4250,4325,4170,4265,885544,0.004711425206124886
2022-03-02,4215,4220,3905,4020,2058517,-0.05744431418522855
2022-03-03,4025,4205,4000,4140,756042,0.029850746268656803
2022-03-04,4110,4250,4085,4200,441871,0.01449275362318847
2022-03-07,4155,4195,4045,4170,526610,-0.0071428571428571175
2022-03-08,4085,4160,4055,4150,257043,-0.004796163069544335
2022-03-10,4210,4335,4185,4300,798170,0.03614457831325302
2022-03-11,4335,4550,4310,4475,1389875,0.04069767441860472
2022-03-14,4480,4640,4450,4510,852264,0.007821229050279266
2022-03-15,4510,4680,4480,4610,816056,0.022172949002217335
2022-03-16,4650,4650,4460,4550,778369,-0.013015184381778733
2022-03-17,4565,4660,4515,4575,846880,0.005494505494505475
2022-03-18,4570,4710,4500,4650,828949,0.016393442622950838
2022-03-21,4620,4700,4590,4600,413307,-0.010752688172043001
2022-03-22,4615,4980,4610,4955,2719422,0.07717391304347831
2022-03-23,4980,5120,4920,5060,1364659,0.021190716448032276
2022-03-24,5040,5130,5010,5060,764327,0.0
2022-03-25,5030,5200,4900,4965,1272350,-0.018774703557312256
2022-03-28,5000,5120,4910,5070,760143,0.02114803625377637
2022-03-29,5070,5110,4870,4960,1026445,-0.021696252465483234
2022-03-30,4960,4960,4565,4745,3116226,-0.043346774193548376
2022-03-31,4765,5160,4760,5030,2845599,0.06006322444678602
2022-04-01,5000,5210,5000,5170,1484422,0.027833001988071482
2022-04-04,5150,5290,5040,5110,1025302,-0.011605415860735047
2022-04-05,5070,5160,4940,5100,815357,-0.00195694716242667
2022-04-06,5150,5410,5100,5310,2242891,0.04117647058823537
2022-04-07,5340,5440,5210,5250,1162380,-0.011299435028248594
2022-04-08,5230,5230,5050,5110,786206,-0.026666666666666616
2022-04-11,5150,5200,5040,5170,479762,0.011741682974559797
2022-04-12,5150,5170,4970,5020,625863,-0.029013539651837505
2022-04-13,4980,5020,4780,4875,1508005,-0.028884462151394397
2022-04-14,4880,5030,4790,4995,989741,0.024615384615384706
2022-04-15,4970,5150,4920,4970,946674,-0.005005005005005003
2022-04-18,5000,5000,4865,4925,526919,-0.00905432595573441
2022-04-19,4925,5000,4885,4935,340812,0.0020304568527917954
2022-04-20,5000,5290,4955,5210,1834091,0.05572441742654499
2022-04-21,5210,5260,5040,5210,1109015,0.0
2022-04-22,5210,5430,5150,5380,1328740,0.03262955854126681
2022-04-25,5280,5420,5240,5260,1011192,-0.022304832713754608
2022-04-26,5300,5300,4955,4990,1636836,-0.0513307984790875
2022-04-27,4925,4925,4805,4815,1068906,-0.0350701402805611
2022-04-28,4815,4930,4790,4845,573571,0.006230529595015577
2022-04-29,4860,4860,4735,4750,671557,-0.019607843137254943
2022-05-02,4670,4730,4640,4690,414888,-0.012631578947368438
2022-05-03,4690,4730,4625,4695,415022,0.0010660980810235365
2022-05-04,4695,4850,4655,4805,453248,0.023429179978700754
2022-05-06,4800,4900,4725,4840,377477,0.007284079084287187
2022-05-09,4820,4860,4510,4715,1252050,-0.025826446280991733
2022-05-10,4645,4855,4510,4745,1193079,0.006362672322375307
2022-05-11,4720,4810,4705,4810,611034,0.013698630136986356
2022-05-12,4745,5010,4715,4865,1368924,0.011434511434511352
2022-05-13,4865,4950,4780,4820,750560,-0.009249743062692661
2022-05-16,4870,4875,4555,4695,948814,-0.025933609958506243
2022-05-17,4630,4650,4405,4420,1483771,-0.058572949946751884
2022-05-18,4455,4500,4385,4440,555086,0.004524886877828038
2022-05-19,4340,4415,4275,4390,643323,-0.011261261261261257
2022-05-20,4430,4430,4290,4320,459153,-0.015945330296127547
2022-05-23,4330,4345,4250,4335,503515,0.003472222222222321
2022-05-24,4340,4425,4205,4225,476416,-0.025374855824682796
2022-05-25,4235,4260,4175,4205,386450,-0.004733727810650845
2022-05-26,4205,4245,4100,4110,682975,-0.022592152199762183
2022-05-27,4125,4375,4120,4355,1027925,0.05961070559610704
2022-05-30,4390,4430,4285,4310,572258,-0.010332950631458115
2022-05-31,4320,4370,4190,4330,661279,0.004640371229698292
2022-06-02,4365,4365,4255,4335,360215,0.0011547344110853786
2022-06-03,4345,4395,4220,4355,327049,0.0046136101499423265
2022-06-07,4360,4365,4250,4285,259785,-0.016073478760045945
2022-06-08,4295,4315,4205,4275,422536,-0.002333722287047868
2022-06-09,4275,4400,4225,4330,373406,0.012865497076023358
2022-06-10,4330,4525,4320,4450,775101,0.02771362586605086
2022-06-13,4305,4500,4305,4370,496316,-0.017977528089887618
2022-06-14,4315,4400,4160,4325,590400,-0.010297482837528626
2022-06-15,4320,4420,4205,4280,298533,-0.010404624277456698
2022-06-16,4360,4370,4250,4275,276273,-0.001168224299065379
2022-06-17,4160,4220,4080,4150,430219,-0.0292397660818714
2022-06-20,4210,4230,4050,4100,290872,-0.012048192771084376
2022-06-21,4100,4180,3965,4095,523454,-0.0012195121951219523
2022-06-22,4110,4170,3895,3935,492354,-0.039072039072039044
2022-06-23,3940,3970,3765,3765,459577,-0.043202033036848775
2022-06-24,3765,3855,3745,3785,364586,0.005312084993359889
2022-06-27,3810,3965,3810,3955,238820,0.044914134742404244
2022-06-28,3955,4020,3925,3985,182038,0.007585335018963413
2022-06-29,3945,4310,3925,4250,643659,0.06649937264742789
2022-06-30,4210,4240,4135,4210,299870,-0.009411764705882342
2022-07-01,4150,4415,4150,4290,639211,0.019002375296912177
2022-07-04,4390,4390,4170,4200,190164,-0.020979020979020935
2022-07-05,4200,4310,4195,4235,95225,0.008333333333333304
2022-07-06,4135,4285,4045,4065,374915,-0.04014167650531286
2022-07-07,4070,4125,3990,4080,275919,0.0036900369003689537
2022-07-08,4080,4165,4075,4120,182733,0.009803921568627416
2022-07-11,4125,4175,4015,4100,294779,-0.004854368932038833
2022-07-12,4100,4300,4020,4185,580738,0.02073170731707319
2022-07-13,4190,4275,4075,4100,419368,-0.020310633213859064
2022-07-14,4160,4490,4160,4440,1145325,0.08292682926829276
2022-07-15,4395,4445,4325,4350,473049,-0.020270270270270285
2022-07-18,4350,4710,4320,4710,1391218,0.08275862068965512
2022-07-19,4710,4745,4605,4690,527594,-0.00424628450106157
2022-07-20,4680,4765,4640,4765,442329,0.015991471215351716
2022-07-21,4710,4825,4710,4765,331715,0.0
2022-07-22,4750,4860,4705,4730,172586,-0.007345225603357819
2022-07-25,4715,4780,4645,4730,232774,0.0
2022-07-26,4710,4755,4600,4685,287787,-0.009513742071881603
2022-07-27,4700,4840,4685,4770,288369,0.018143009605122717
2022-07-28,4775,4845,4715,4720,211670,-0.010482180293501009
2022-07-29,4760,5180,4720,5010,2642635,0.06144067796610164
2022-08-01,5020,5020,4865,4900,770045,-0.021956087824351322
2022-08-02,4890,5030,4860,4985,483328,0.0173469387755103
2022-08-03,4950,5220,4950,5170,1083007,0.03711133400200595
2022-08-04,5170,5180,5050,5090,348200,-0.015473887814313358
2022-08-05,5090,5260,5050,5180,591621,0.017681728880157177
2022-08-08,5150,5360,5140,5140,609320,-0.007722007722007707
2022-08-09,4970,5150,4820,5080,1387805,-0.011673151750972721
2022-08-10,5020,5080,4965,5040,371598,-0.007874015748031482
2022-08-11,5010,5030,4905,4970,438321,-0.01388888888888884
2022-08-12,4970,5150,4900,5020,575890,0.010060362173038184
2022-08-16,5130,5210,4795,4845,1967377,-0.03486055776892427
2022-08-17,4850,4980,4840,4940,592830,0.019607843137254832
2022-08-18,4940,4995,4890,4925,329669,-0.0030364372469635637
2022-08-19,4975,4975,4835,4895,471368,-0.006091370558375608
2022-08-22,4895,5010,4825,4935,485153,0.008171603677221695
2022-08-23,4905,4980,4855,4975,521040,0.008105369807497542
2022-08-24,4995,4995,4825,4880,544891,-0.019095477386934623
2022-08-25,4910,4910,4710,4740,415415,-0.02868852459016391
2022-08-26,4745,4745,4570,4615,939150,-0.026371308016877593
2022-08-29,4540,4655,4490,4615,435664,0.0
2022-08-30,4595,4790,4595,4665,389997,0.010834236186348933
2022-08-31,4635,4750,4600,4710,238748,0.009646302250803762
2022-09-01,4640,4720,4605,4620,160802,-0.019108280254777066
2022-09-02,4620,4660,4530,4550,347001,-0.015151515151515138
2022-09-05,4415,4570,4410,4465,178029,-0.018681318681318726
2022-09-06,4530,4530,4410,4490,136080,0.005599104143336975
2022-09-07,4510,4560,4450,4480,209403,-0.00222717149220486
2022-09-08,4480,4490,4380,4405,357483,-0.016741071428571397
2022-09-13,4430,4625,4430,4600,196623,0.04426787741203175
2022-09-14,4515,4620,4440,4480,315949,-0.02608695652173909
2022-09-15,4515,4515,4380,4400,230139,-0.017857142857142905
2022-09-16,4350,4390,4175,4215,796200,-0.0420454545454545
2022-09-19,4215,4225,4040,4145,433961,-0.016607354685646447
2022-09-20,4140,4250,4105,4225,189426,0.0193003618817853
2022-09-21,4175,4385,4130,4365,293106,0.03313609467455625
2022-09-22,4325,4475,4320,4400,245657,0.008018327605956443
2022-09-23,4390,4525,4345,4420,290227,0.00454545454545463
2022-09-26,4420,4420,4205,4295,259561,-0.02828054298642535
2022-09-27,4230,4450,4205,4265,316888,-0.006984866123399325
2022-09-28,4315,4315,4030,4165,466674,-0.023446658851113744
2022-09-29,4185,4250,4090,4090,197839,-0.01800720288115243
2022-09-30,4050,4100,3880,3940,558621,-0.03667481662591687
2022-10-04,3960,4015,3930,4005,170138,0.016497461928933976
2022-10-05,4050,4050,3800,3850,489400,-0.038701622971285876
2022-10-06,3850,3875,3795,3875,181637,0.006493506493506551
2022-10-07,3875,4000,3820,3900,198871,0.006451612903225712
2022-10-11,3900,3900,3640,3645,263698,-0.06538461538461537
2022-10-12,3610,3840,3600,3770,417088,0.03429355281207136
2022-10-13,3770,3860,3460,3555,490638,-0.05702917771883287
2022-10-14,3600,3725,3570,3725,413469,0.047819971870604716
2022-10-17,3670,3885,3600,3860,564635,0.03624161073825505
2022-10-18,3900,3995,3815,3840,238262,-0.005181347150259086
2022-10-19,3875,3965,3815,3850,201532,0.0026041666666667407
2022-10-20,3820,3865,3770,3790,180104,-0.01558441558441559
2022-10-21,3785,3805,3705,3805,159669,0.003957783641160839
2022-10-24,3800,3905,3715,3805,290516,0.0
2022-10-25,3815,3815,3625,3645,318254,-0.042049934296977676
2022-10-26,3665,3670,3545,3545,213342,-0.027434842249657088
2022-10-27,3570,3670,3555,3645,281690,0.028208744710860323
2022-10-28,3635,3735,3635,3725,197018,0.021947873799725626
2022-10-31,3725,3770,3645,3680,196702,-0.012080536912751683
2022-11-01,3680,3730,3620,3670,222119,-0.0027173913043477826
2022-11-02,3680,3710,3550,3660,365350,-0.0027247956403270157
2022-11-03,3655,3655,3560,3590,269000,-0.01912568306010931
2022-11-04,3625,3840,3580,3770,547329,0.05013927576601662
2022-11-07,3840,3840,3690,3705,242885,-0.017241379310344862
2022-11-08,3705,3745,3575,3595,566835,-0.029689608636977005
2022-11-09,3585,3685,3570,3640,446662,0.012517385257301727
2022-11-10,3600,3780,3595,3720,393648,0.0219780219780219
2022-11-11,3805,3815,3655,3665,417968,-0.014784946236559127
2022-11-14,3700,3795,3665,3725,332593,0.016371077762619368
2022-11-15,3790,3985,3755,3940,767208,0.0577181208053692
2022-11-16,3930,3930,3815,3860,273664,-0.02030456852791873
2022-11-17,3880,3900,3765,3775,361157,-0.022020725388601003
2022-11-18,3800,3810,3745,3775,165630,0.0
2022-11-21,3795,3880,3710,3835,277004,0.015894039735099286
2022-11-22,3815,3995,3815,3935,440105,0.026075619295958363
2022-11-23,3990,3990,3920,3985,198186,0.01270648030495547
2022-11-24,3995,4010,3885,3960,511482,-0.006273525721455453
2022-11-25,3980,4115,3970,4080,405449,0.030303030303030276
2022-11-28,4080,4300,3900,4025,327068,-0.013480392156862697
2022-11-29,3980,4185,3980,4175,312645,0.037267080745341685
2022-11-30,4185,4260,4150,4235,334092,0.014371257485029876
2022-12-01,4355,4370,4280,4325,654762,0.02125147579693043
2022-12-02,4360,4495,4285,4305,690864,-0.0046242774566473965
2022-12-05,4300,4305,4050,4175,589264,-0.030197444831591147
2022-12-06,4120,4180,4050,4150,263971,-0.005988023952095856
2022-12-07,4150,4190,4085,4105,148956,-0.010843373493975905
2022-12-08,4110,4180,4055,4110,169944,0.0012180267965895553
2022-12-09,4175,4320,4170,4260,321761,0.03649635036496357
2022-12-12,4260,4260,4145,4240,141847,-0.0046948356807511304
2022-12-13,4210,4290,4155,4240,97574,0.0
2022-12-14,4280,4280,4110,4175,182924,-0.015330188679245293
2022-12-15,4195,4195,4140,4160,102675,-0.003592814371257469
2022-12-16,4080,4160,4070,4085,189490,-0.018028846153846145
2022-12-19,4155,4190,4085,4125,231184,0.009791921664626724
2022-12-20,4100,4200,4095,4185,230260,0.014545454545454639
2022-12-21,4185,4255,4110,4255,179135,0.016726403823178027
2022-12-22,4300,4490,4260,4450,720933,0.04582843713278506
2022-12-23,4440,4545,4375,4530,687140,0.01797752808988773
2022-12-26,4485,4635,4360,4410,377423,-0.026490066225165587
2022-12-27,4430,4460,4300,4405,363737,-0.0011337868480725266
2022-12-28,4380,4585,4360,4530,526412,0.028376844494892195
2022-12-29,4490,4715,4490,4660,641651,0.028697571743929284
2023-01-02,4675,4775,4550,4615,325905,-0.00965665236051505
2023-01-03,4585,4590,4355,4465,449057,-0.03250270855904658
2023-01-04,4405,4685,4405,4580,457167,0.025755879059350395
2023-01-05,4605,4750,4595,4720,428745,0.03056768558951961
2023-01-06,4730,4735,4575,4575,261973,-0.03072033898305082
2023-01-09,4580,4675,4570,4570,331754,-0.0010928961748634114
2023-01-10,4570,4595,4410,4435,567712,-0.029540481400437635
2023-01-11,4450,4475,4345,4450,519645,0.0033821871476888976
2023-01-12,4465,4575,4430,4510,263651,0.01348314606741563
2023-01-13,4505,4555,4450,4465,217827,-0.009977827050997812
2023-01-16,4470,4565,4435,4490,318359,0.005599104143336975
2023-01-17,4525,4730,4515,4700,479313,0.04677060133630295
2023-01-18,4700,4700,4555,4565,243761,-0.028723404255319163
2023-01-19,4520,4670,4515,4585,360464,0.004381161007666945
2023-01-20,4560,4650,4495,4510,269972,-0.016357688113413316
2023-01-25,4555,4565,4460,4515,184010,0.0011086474501109667
2023-01-26,4545,4545,4460,4500,278667,-0.0033222591362126463
2023-01-27,4550,4620,4500,4610,297795,0.02444444444444449
2023-01-30,4630,4630,4255,4300,1257548,-0.06724511930585686
2023-01-31,4310,4340,4270,4300,383991,0.0
2023-02-01,4300,4320,4280,4290,357053,-0.0023255813953488857
2023-02-02,4310,4320,4070,4120,1293046,-0.03962703962703962
2023-02-03,4170,4170,4080,4110,386305,-0.0024271844660194164
2023-02-06,4110,4130,4060,4130,163786,0.0048661800486617945
2023-02-07,4120,4280,4120,4205,766138,0.018159806295399594
2023-02-08,4220,4430,4210,4375,1087445,0.04042806183115344
2023-02-09,4400,4400,4275,4275,313798,-0.02285714285714291
2023-02-10,4300,4300,4155,4230,378744,-0.010526315789473717
2023-02-13,4230,4265,4130,4265,264062,0.008274231678486954
2023-02-14,4270,4270,4190,4225,232319,-0.009378663540445475
2023-02-15,4225,4225,4145,4170,296847,-0.013017751479289963
2023-02-16,4205,4210,4135,4210,385166,0.00959232613908867
2023-02-17,4210,4225,4140,4165,228463,-0.0106888361045131
2023-02-20,4175,4175,4090,4150,297608,-0.0036014405762304635
2023-02-21,4125,4230,4105,4200,212617,0.012048192771084265
2023-02-22,4175,4270,4135,4175,338803,-0.005952380952380931
2023-02-23,4175,4675,4175,4610,2261681,0.10419161676646715
2023-02-24,4620,4850,4620,4770,1168805,0.03470715835141003
2023-02-27,4800,5050,4775,5020,1862496,0.052410901467505155
2023-02-28,5020,5030,4925,4950,596537,-0.013944223107569709
2023-03-02,4935,5020,4800,4910,616336,-0.008080808080808133
2023-03-03,4870,4950,4670,4700,669646,-0.04276985743380857
2023-03-06,4740,4825,4670,4735,461712,0.007446808510638281
2023-03-07,4705,4845,4595,4800,510184,0.01372756071805692
2023-03-08,4755,4955,4755,4945,657567,0.030208333333333393
2023-03-09,4960,5280,4940,5150,1617414,0.04145601617795758
2023-03-10,5160,5180,4980,5050,721657,-0.01941747572815533
2023-03-13,4970,5010,4780,4925,480276,-0.024752475247524774
2023-03-14,4790,4870,4550,4580,1099496,-0.07005076142131983
2023-03-15,4595,4710,4525,4650,548518,0.015283842794759916
2023-03-16,4560,4565,4385,4460,663731,-0.04086021505376347
2023-03-17,4505,4505,4260,4360,1025034,-0.022421524663677084
2023-03-20,4360,4385,4250,4300,461853,-0.013761467889908285
2023-03-21,4320,4425,4285,4415,452806,0.02674418604651163
2023-03-22,4450,4525,4415,4450,299333,0.007927519818799578
2023-03-23,4450,4495,4370,4440,438643,-0.0022471910112359383
2023-03-24,4385,4415,4260,4270,578066,-0.03828828828828834
2023-03-27,4300,4300,4190,4255,230880,-0.003512880562060894
2023-03-28,4260,4295,4245,4295,164394,0.009400705052879044
2023-03-29,4295,4330,4260,4310,175734,0.0034924330616996624
2023-03-30,4315,4345,4275,4330,221481,0.004640371229698292
2023-03-31,4330,4395,4230,4240,441929,-0.020785219399538146
2023-04-03,4300,4300,4250,4250,179429,0.002358490566037652
2023-04-04,4250,4275,4200,4240,361565,-0.0023529411764705577
2023-04-05,4240,4275,4205,4215,243665,-0.005896226415094352
2023-04-06,4260,4260,4145,4145,358214,-0.016607354685646447
2023-04-07,4195,4195,4125,4145,277096,0.0
2023-04-10,4145,4175,4120,4160,182000,0.003618817852834688
2023-04-11,4150,4230,4120,4225,191084,0.015625
2023-04-12,4215,4310,4205,4280,246158,0.013017751479289963
2023-04-13,4260,4375,4235,4360,280500,0.01869158878504673
2023-04-14,4320,4390,4320,4350,266549,-0.002293577981651418
2023-04-17,4330,4430,4300,4430,365829,0.01839080459770126
2023-04-18,4430,4430,4340,4400,361038,-0.006772009029345383
2023-04-19,4385,4505,4385,4445,328347,0.010227272727272751
2023-04-20,4430,4560,4415,4550,375492,0.023622047244094446
2023-04-21,4560,4615,4430,4550,280254,0.0
2023-04-24,4535,4535,4415,4420,189107,-0.02857142857142858
2023-04-25,4400,4620,4375,4555,702055,0.030542986425339258
2023-04-26,4535,4535,4405,4425,322792,-0.028540065861690445
2023-04-27,4425,4495,4325,4425,264298,0.0
2023-04-28,4440,4580,4440,4540,321661,0.025988700564971712
2023-05-02,4580,4585,4425,4460,259138,-0.017621145374449365
2023-05-03,4505,4505,4395,4405,199153,-0.012331838565022402
2023-05-04,4355,4435,4340,4340,193027,-0.014755959137343955
2023-05-08,4340,4455,4335,4400,222638,0.01382488479262678
2023-05-09,4405,4615,4405,4595,887025,0.04431818181818192
2023-05-10,4665,4900,4635,4890,1524105,0.06420021762785644
2023-05-11,4865,4970,4810,4850,687340,-0.008179959100204526
2023-05-12,4840,4930,4675,4760,852586,-0.01855670103092788
2023-05-15,4710,4710,4315,4380,1473173,-0.0798319327731093
2023-05-16,4480,4480,4290,4310,443838,-0.01598173515981738
2023-05-17,4315,4395,4275,4380,232769,0.016241299303944245
2023-05-18,4350,4400,4295,4300,383910,-0.0182648401826484
2023-05-19,4300,4310,4150,4205,929300,-0.02209302325581397
2023-05-22,4195,4290,4190,4290,226157,0.02021403091557672
2023-05-23,4285,4370,4285,4335,283830,0.010489510489510412
2023-05-24,4335,4430,4315,4365,232315,0.006920415224913601
2023-05-25,4365,4380,4255,4275,295076,-0.020618556701030966
2023-05-26,4275,4275,4200,4220,270296,-0.012865497076023358
2023-05-30,4255,4280,4170,4220,348167,0.0
2023-05-31,4220,4365,4200,4365,1195606,0.034360189573459765
2023-06-01,4355,4355,4220,4225,361975,-0.032073310423825885
2023-06-02,4230,4300,4230,4255,146040,0.007100591715976323
2023-06-05,4275,4300,4195,4210,488626,-0.010575793184488869
2023-06-07,4210,4260,4205,4220,182845,0.002375296912114022
2023-06-08,4230,4265,4200,4235,174486,0.0035545023696681444
2023-06-09,4235,4245,4150,4175,610662,-0.01416765053128688
2023-06-12,4170,4185,4150,4170,176011,-0.0011976047904191933
2023-06-13,4170,4195,4150,4155,171549,-0.003597122302158251
2023-06-14,4180,4185,4100,4105,255569,-0.012033694344163681
2023-06-15,4105,4160,4090,4110,126452,0.0012180267965895553
2023-06-16,4115,4165,4090,4095,219111,-0.0036496350364964014
2023-06-19,4095,4145,4045,4075,269951,-0.004884004884004867
2023-06-20,4065,4115,4055,4105,184740,0.007361963190184007
2023-06-21,4115,4115,4045,4055,246239,-0.01218026796589522
2023-06-22,4070,4080,4020,4050,215862,-0.0012330456226880004
2023-06-23,4025,4050,3965,3965,362211,-0.020987654320987703
2023-06-26,3965,4010,3920,3930,230332,-0.008827238335435084
2023-06-27,3930,4000,3900,3935,173932,0.0012722646310432406
2023-06-28,3930,3995,3930,3955,105857,0.0050825921219821435
2023-06-29,3985,3985,3905,3945,127333,-0.0025284450063211006
2023-06-30,3955,4060,3930,4045,98707,0.025348542458808687
2023-07-03,4075,4080,4015,4040,142150,-0.0012360939431397266
2023-07-04,4060,4075,3970,3970,228525,-0.017326732673267342
2023-07-05,3950,4070,3950,3995,137422,0.006297229219143663
2023-07-06,3995,4050,3900,3925,184433,-0.017521902377972465
2023-07-07,3910,3940,3820,3850,207051,-0.019108280254777066
2023-07-10,3825,3985,3805,3965,91531,0.029870129870129825
2023-07-11,3930,4045,3930,4025,62742,0.015132408575031508
2023-07-12,4025,4050,3935,4020,121669,-0.001242236024844745
2023-07-13,4020,4040,3960,4035,101986,0.003731343283582156
2023-07-14,4035,4080,3990,4050,191698,0.0037174721189590088
2023-07-17,4050,4065,3985,3995,105240,-0.013580246913580285
2023-07-18,3985,4030,3965,3975,132866,-0.005006257822277815
2023-07-19,3975,4010,3935,3970,153882,-0.0012578616352201255
2023-07-20,3990,4005,3910,3940,151392,-0.007556675062972307
2023-07-21,3915,3960,3845,3860,264354,-0.02030456852791873
2023-07-24,3860,3860,3740,3770,283749,-0.023316062176165775
2023-07-25,3725,3835,3725,3810,266377,0.010610079575596787
2023-07-26,3760,3800,3560,3625,458917,-0.048556430446194176
2023-07-27,3620,3760,3620,3725,110554,0.02758620689655178
2023-07-28,3745,3750,3685,3705,98489,-0.005369127516778538
2023-07-31,3700,3820,3700,3780,176675,0.020242914979757165
2023-08-01,3820,3825,3765,3800,113920,0.005291005291005346
2023-08-02,3835,4125,3780,4010,851050,0.0552631578947369
2023-08-03,4030,4155,4000,4115,810633,0.026184538653366562
2023-08-04,4120,4120,4015,4080,178722,-0.008505467800729027
2023-08-07,4075,4135,4020,4105,225938,0.006127450980392135
2023-08-08,4125,4210,4110,4130,337649,0.006090133982947554
2023-08-09,4150,4150,4030,4100,173998,-0.007263922518159771
2023-08-10,4090,4135,3925,3950,791497,-0.03658536585365857
2023-08-11,3960,4160,3960,4015,861405,0.016455696202531733
2023-08-14,4075,4085,3980,4035,508679,0.00498132004981322
2023-08-16,3985,4100,3945,4065,288446,0.0074349442379182396
2023-08-17,4005,4030,3935,3970,262711,-0.02337023370233704
2023-08-18,3950,4035,3950,4025,220179,0.01385390428211597
2023-08-21,4025,4070,4000,4035,140730,0.00248447204968949
2023-08-22,4040,4050,3950,3995,222034,-0.009913258983890949
2023-08-23,4000,4060,3995,4020,94923,0.006257822277847325
2023-08-24,4020,4070,3995,4030,138341,0.0024875621890547706
2023-08-25,4030,4125,4030,4110,424263,0.01985111662531014
2023-08-28,4130,4170,4110,4125,200851,0.0036496350364962904
2023-08-29,4140,4265,4135,4230,487023,0.025454545454545396
2023-08-30,4230,4230,4135,4220,245277,-0.0023640661938534313
2023-08-31,4220,4230,4160,4190,95056,-0.007109004739336511
2023-09-01,4150,4200,4120,4125,136399,-0.015513126491646823
2023-09-04,4145,4165,4070,4135,131413,0.00242424242424244
2023-09-05,4165,4165,3980,4075,546730,-0.0145102781136639
2023-09-06,4080,4115,4040,4110,120271,0.008588957055214674
2023-09-07,4060,4110,4000,4060,245401,-0.012165450121654486
2023-09-08,4010,4175,4005,4155,276406,0.023399014778325178
2023-09-11,4155,4280,4140,4270,582627,0.02767749699157651
2023-09-12,4270,4310,4225,4280,261051,0.0023419203747072626
2023-09-13,4245,4410,4205,4345,633813,0.015186915887850372
2023-09-14,4365,4370,4290,4360,255951,0.0034522439585731313
2023-09-15,4390,4465,4330,4455,796258,0.02178899082568808
2023-09-18,4450,4525,4375,4400,713375,-0.012345679012345734
2023-09-19,4445,4535,4405,4475,820498,0.017045454545454586
2023-09-20,4535,4625,4430,4550,865469,0.016759776536312776
2023-09-21,4525,4610,4495,4505,335555,-0.009890109890109855
2023-09-22,4495,4545,4440,4520,240890,0.0033296337402886067
2023-09-25,4460,4520,4390,4490,463845,-0.006637168141592875
2023-09-26,4460,4490,4365,4390,410808,-0.022271714922049046
2023-09-27,4320,4465,4305,4380,307743,-0.002277904328018221
2023-10-04,4305,4450,4305,4355,334444,-0.005707762557077611
2023-10-05,4365,4405,4295,4320,407486,-0.008036739380022917
2023-10-06,4300,4515,4295,4510,428183,0.0439814814814814
2023-10-10,4470,4570,4440,4485,350115,-0.005543237250554278
2023-10-11,4500,4580,4430,4560,363367,0.01672240802675584
2023-10-12,4580,4595,4445,4505,265319,-0.01206140350877194
2023-10-13,4505,4550,4450,4505,315676,0.0
2023-10-16,4490,4505,4440,4485,276747,-0.004439511653718142
2023-10-17,4465,4535,4440,4460,195035,-0.005574136008918651
2023-10-18,4445,4670,4445,4605,512620,0.032511210762331766
2023-10-19,4555,4615,4505,4540,311398,-0.014115092290988063
2023-10-20,4585,4585,4410,4430,347585,-0.024229074889867808
2023-10-23,4405,4405,4080,4225,473092,-0.04627539503386002
2023-10-24,4205,4250,4145,4200,365884,-0.00591715976331364
2023-10-25,4225,4295,4190,4270,165557,0.016666666666666607
2023-10-26,4245,4275,4190,4220,172021,-0.011709601873536313
2023-10-27,4220,4285,4175,4180,154220,-0.009478672985781977
2023-10-30,4175,4200,4130,4190,151356,0.0023923444976077235
2023-10-31,4190,4315,4120,4145,265011,-0.010739856801909253
2023-11-01,4155,4290,4150,4250,120777,0.02533172496984326
2023-11-02,4250,4295,4140,4180,303024,-0.016470588235294126
2023-11-03,4210,4235,4180,4230,118470,0.011961722488038173
2023-11-06,4230,4280,4130,4165,381619,-0.015366430260047248
2023-11-07,4130,4205,4120,4140,146689,-0.00600240096038418
2023-11-08,4150,4150,4010,4055,305469,-0.020531400966183555
2023-11-09,4055,4140,4040,4095,145258,0.009864364981504226
2023-11-10,4140,4195,4070,4120,232622,0.006105006105006083
2023-11-13,4175,4175,4100,4130,89765,0.0024271844660195274
2023-11-14,4120,4165,4100,4160,144704,0.007263922518159882
2023-11-15,4165,4165,4050,4075,407444,-0.02043269230769229
2023-11-16,4075,4080,4000,4075,103329,0.0
2023-11-17,4100,4100,4020,4035,110427,-0.009815950920245453
2023-11-20,4040,4075,4005,4060,137303,0.006195786864931829
2023-11-21,4095,4095,4035,4055,246798,-0.0012315270935960854
2023-11-22,4070,4070,4000,4030,318352,-0.006165228113440224
2023-11-23,4030,4075,4025,4055,284574,0.006203473945409321
2023-11-24,4050,4085,4045,4060,120539,0.0012330456226881115
2023-11-27,4035,4075,4015,4045,168497,-0.003694581280788145
2023-11-28,4025,4065,4020,4050,238982,0.0012360939431397266
2023-11-29,4025,4065,3975,4040,310898,-0.0024691358024691024
2023-11-30,4015,4045,3980,4045,233895,0.0012376237623761277
2023-12-01,4040,4075,4025,4045,117244,0.0
2023-12-04,4045,4090,4005,4020,241175,-0.006180469715698411
2023-12-05,4020,4060,3995,4050,213633,0.00746268656716409
2023-12-06,4050,4110,4020,4075,369586,0.006172839506172867
2023-12-07,4130,4130,4055,4065,258390,-0.0024539877300613355
2023-12-08,4125,4150,4095,4145,346378,0.019680196801967975
2023-12-11,4185,4185,4105,4150,248602,0.0012062726176116367
2023-12-12,4150,4155,4065,4070,287152,-0.01927710843373498
2023-12-13,4075,4105,4060,4065,150308,-0.0012285012285012664
2023-12-14,4095,4100,4050,4065,184970,0.0
2023-12-15,4090,4090,4010,4020,315356,-0.011070110701106972
2023-12-18,4020,4040,4010,4010,283832,-0.0024875621890547706
2023-12-19,4015,4015,3950,3975,402140,-0.00872817955112215
2023-12-20,3980,4060,3970,4055,198598,0.020125786163522008
2023-12-21,4040,4075,4015,4035,189939,-0.004932182490752113
2023-12-22,4035,4045,4010,4025,254531,-0.0024783147459727095
2023-12-26,4025,4075,4000,4065,197735,0.009937888198757738
2023-12-27,4035,4070,4000,4020,240472,-0.011070110701106972
2023-12-28,4020,4070,4015,4050,187906,0.00746268656716409
2024-01-02,4020,4100,4020,4060,195828,0.0024691358024691024
2024-01-03,4015,4060,4010,4010,184410,-0.012315270935960632
2024-01-04,4040,4040,3990,4000,203993,-0.0024937655860348684
2024-01-05,4000,4020,3965,3965,192745,-0.008750000000000036
2024-01-08,3965,3985,3935,3940,183230,-0.006305170239596425
2024-01-09,3950,3990,3935,3940,110342,0.0
2024-01-10,3940,3990,3930,3965,103945,0.006345177664974555
2024-01-11,3965,3980,3930,3940,219121,-0.006305170239596425
2024-01-12,3930,3980,3930,3950,139054,0.002538071065989911
2024-01-15,3970,3975,3920,3960,98827,0.0025316455696202667
2024-01-16,3940,3980,3935,3965,90209,0.0012626262626262985
2024-01-17,3935,3960,3855,3865,419226,-0.02522068095838592
2024-01-18,3885,3940,3870,3900,131081,0.009055627425614388
2024-01-19,3930,3950,3880,3905,92642,0.0012820512820512775
2024-01-22,3915,3925,3800,3905,304890,0.0
2024-01-23,3905,3965,3890,3950,152504,0.011523687580025532
2024-01-24,3950,3990,3910,3970,163324,0.005063291139240533
2024-01-25,3970,3990,3935,3970,73576,0.0
2024-01-26,3990,4005,3950,3960,100203,-0.0025188916876573986
2024-01-29,3960,4070,3920,4050,407040,0.022727272727272707
2024-01-30,4040,4365,4040,4325,1845725,0.06790123456790131
2024-01-31,4325,4380,4270,4360,550003,0.008092485549132888
2024-02-01,4320,5640,4150,5120,31984623,0.17431192660550465
2024-02-02,5000,5430,4790,5320,11917018,0.0390625
2024-02-05,5410,5520,5170,5360,4244855,0.007518796992481258
2024-02-06,5280,5400,4975,4975,2795694,-0.07182835820895528
2024-02-07,4970,5330,4945,5290,2525730,0.06331658291457276
2024-02-08,5200,5540,5060,5300,2379327,0.001890359168241984
2024-02-13,5590,6170,5380,5520,22178568,0.04150943396226414
2024-02-14,5370,5700,5240,5310,3592090,-0.03804347826086951
2024-02-15,5290,5310,4990,5100,2574767,-0.039548022598870025
2024-02-16,5110,5330,5000,5310,1799090,0.04117647058823537
2024-02-19,5240,5570,5230,5440,2174455,0.024482109227871973
2024-02-20,5490,5530,5140,5180,1339338,-0.047794117647058876
2024-02-21,5190,5300,5060,5200,1375357,0.0038610038610038533
2024-02-22,5210,5350,5050,5180,2670280,-0.0038461538461538325
2024-02-23,5130,5580,5130,5550,3853645,0.0714285714285714
2024-02-26,5380,5410,4845,4930,3744870,-0.11171171171171168
2024-02-27,4880,4940,4650,4675,2145844,-0.051724137931034475
2024-02-28,4570,4790,4500,4725,1735197,0.010695187165775444
2024-02-29,4740,4935,4725,4800,1383981,0.015873015873015817
2024-03-04,4850,4975,4710,4925,1099987,0.02604166666666674
2024-03-05,4890,5050,4860,4905,847293,-0.004060913705583702
2024-03-06,4855,5080,4850,4925,885628,0.004077471967380175
2024-03-07,4925,4960,4820,4915,521949,-0.0020304568527919065
2024-03-08,4935,4980,4800,4810,502239,-0.021363173957273607
2024-03-11,4770,4815,4700,4705,501112,-0.021829521829521803
2024-03-12,4700,4755,4630,4685,405031,-0.004250797024442088
2024-03-13,4660,4800,4625,4740,633775,0.011739594450373536
2024-03-14,4795,5110,4695,5090,1326329,0.07383966244725748
2024-03-15,5040,5260,4940,4945,1683507,-0.028487229862475427
2024-03-18,4980,5020,4705,4795,1145286,-0.030333670374115274
2024-03-19,4800,4845,4665,4710,592100,-0.017726798748696537
2024-03-20,4795,4845,4680,4700,410448,-0.002123142250530785
2024-03-21,4710,4880,4700,4840,516719,0.029787234042553123
2024-03-22,4860,4930,4825,4830,408927,-0.0020661157024793875
2024-03-25,4830,4885,4755,4815,513127,-0.0031055900621117516
2024-03-26,4815,4865,4775,4790,354444,-0.005192107995846351
2024-03-27,4820,4850,4710,4710,626805,-0.01670146137787054
2024-03-28,4605,4650,4510,4545,616633,-0.035031847133757954
2024-03-29,4550,4995,4365,4405,4320276,-0.030803080308030806
2024-04-01,4370,4435,4325,4400,393068,-0.0011350737797957144
2024-04-02,4380,4440,4360,4400,359773,0.0
2024-04-03,4400,4405,4275,4320,503185,-0.018181818181818188
2024-04-04,4330,4370,4280,4355,323283,0.00810185185185186
2024-04-05,4335,4345,4300,4305,221629,-0.01148105625717566
2024-04-08,4305,4520,4290,4350,840758,0.010452961672473782
2024-04-09,4310,4450,4310,4390,312119,0.009195402298850519
2024-04-11,4310,4375,4205,4285,323628,-0.023917995444191376
2024-04-12,4265,4285,4110,4135,533089,-0.035005834305717576
2024-04-15,4105,4275,4085,4265,295165,0.03143893591293834
2024-04-16,4260,4315,4180,4220,225167,-0.010550996483001174
2024-04-17,4220,4285,4180,4200,176827,-0.004739336492891044
2024-04-18,4200,4455,4200,4385,710325,0.04404761904761911
2024-04-19,4355,4445,4335,4415,533752,0.0068415051311288
2024-04-22,4420,4700,4420,4665,934336,0.05662514156285381
2024-04-23,4670,4870,4605,4795,1814141,0.02786709539121124
2024-04-24,4790,4890,4725,4855,872462,0.012513034410844615
2024-04-25,4860,4940,4850,4915,628833,0.012358393408856916
2024-04-26,4915,5030,4840,4995,800954,0.016276703967446515
2024-04-29,5000,5040,4885,5040,511051,0.009009009009008917
2024-04-30,5000,5190,4925,5040,886655,0.0
2024-05-02,5020,5080,4915,4915,591517,-0.024801587301587324
2024-05-03,4910,4960,4800,4820,467126,-0.019328585961342792
2024-05-07,4810,4895,4775,4850,445369,0.006224066390041472
2024-05-08,4860,4980,4835,4975,411184,0.025773195876288568
2024-05-09,4945,4990,4895,4895,284478,-0.016080402010050232
2024-05-10,4895,5100,4895,5060,597327,0.03370786516853941
2024-05-13,5060,5150,5050,5080,496198,0.0039525691699604515
2024-05-14,5120,5160,5000,5110,686702,0.0059055118110236116
2024-05-16,5070,5390,5070,5230,1056416,0.023483365949119372
2024-05-17,5250,5270,5130,5230,541803,0.0
2024-05-20,5250,5320,5170,5290,611498,0.011472275334607929
2024-05-21,5290,5390,5260,5310,572910,0.003780718336483968
2024-05-22,5330,5330,5080,5080,637858,-0.043314500941619594
2024-05-23,5070,5110,5000,5110,515587,0.0059055118110236116
2024-05-24,5020,5150,5020,5030,388045,-0.015655577299412915
2024-05-27,5040,5110,4910,4920,348312,-0.021868787276341894
2024-05-28,4900,4940,4845,4900,193313,-0.004065040650406471
2024-05-29,4900,5020,4860,4860,258365,-0.008163265306122436
2024-05-30,4860,4930,4805,4925,317601,0.01337448559670773
2024-05-31,4925,4955,4850,4850,300079,-0.015228426395939132
2024-06-03,4815,4900,4765,4885,217336,0.007216494845360799
2024-06-04,4835,4920,4680,4730,347126,-0.03172978505629476
2024-06-05,4765,4785,4690,4770,163558,0.008456659619450413
2024-06-07,4790,4860,4745,4795,242206,0.00524109014675056
2024-06-10,4830,4875,4775,4830,185110,0.007299270072992803
2024-06-11,4840,4900,4750,4760,249471,-0.01449275362318836
2024-06-12,4715,4790,4640,4730,286937,-0.006302521008403339
2024-06-13,4750,4790,4570,4595,501269,-0.02854122621564481
2024-06-14,4610,4680,4555,4665,250706,0.015233949945593128
2024-06-17,4675,4705,4580,4585,329926,-0.017148981779206873
2024-06-18,4630,4735,4565,4705,278076,0.026172300981461394
2024-06-19,4710,4730,4625,4720,209617,0.0031880977683316214
2024-06-20,4765,4985,4700,4940,697105,0.04661016949152552
2024-06-21,4945,5030,4895,4955,512911,0.0030364372469635637
2024-06-24,4885,4965,4830,4940,258573,-0.003027245206861706
2024-06-25,4970,4990,4890,4940,294560,0.0
2024-06-26,4940,5050,4890,4985,367831,0.009109311740890691
2024-06-27,4985,5000,4910,4955,186447,-0.006018054162487463
2024-06-28,4965,5050,4935,4995,407248,0.008072653884964698
2024-07-01,5010,5070,4970,4995,228711,0.0
2024-07-02,5000,5440,5000,5180,2867393,0.03703703703703698
2024-07-03,5180,5260,5130,5230,714930,0.009652509652509744
2024-07-04,5250,5430,5170,5220,882636,-0.0019120458891013214
2024-07-05,5250,5360,5160,5200,477263,-0.003831417624521105
2024-07-08,5200,5270,5120,5200,395052,0.0
2024-07-09,5210,5230,5020,5070,369792,-0.025000000000000022
2024-07-10,5080,5230,5030,5180,260359,0.021696252465483346
2024-07-11,5180,5440,5170,5370,781283,0.03667953667953672
2024-07-12,5380,5400,5120,5160,464075,-0.03910614525139666
2024-07-15,5160,5180,5040,5110,221867,-0.009689922480620172
2024-07-16,5110,5150,5060,5100,133906,-0.00195694716242667
2024-07-17,5130,5320,5070,5220,416833,0.0235294117647058
2024-07-18,5200,5350,5110,5350,491771,0.02490421455938696
2024-07-19,5330,5340,5080,5090,449221,-0.04859813084112152
2024-07-22,5090,5120,4925,5070,232685,-0.003929273084479323
2024-07-23,5120,5170,5070,5070,129858,0.0
2024-07-24,5070,5120,5020,5080,158279,0.0019723865877712132
2024-07-25,5010,5050,4940,4980,307386,-0.019685039370078705
2024-07-26,4980,5160,4955,5100,363113,0.024096385542168752
2024-07-29,5120,5320,5120,5210,414269,0.021568627450980316
2024-07-30,5170,5450,5160,5380,743044,0.03262955854126681
2024-07-31,5390,5720,5360,5650,1793708,0.05018587360594795
2024-08-01,5650,5800,5490,5740,702972,0.015929203539823078
2024-08-02,5660,5800,5370,5510,622525,-0.04006968641114983
2024-08-05,5400,5420,4990,5100,1046250,-0.074410163339383
2024-08-06,5160,5340,5120,5150,582625,0.009803921568627416
2024-08-07,5150,5340,5110,5230,452557,0.01553398058252431
2024-08-08,5210,5400,5210,5250,295134,0.003824091778202643
2024-08-09,5310,6100,5230,5830,3154140,0.1104761904761904
2024-08-12,5740,5790,5460,5490,1442265,-0.05831903945111494
2024-08-13,5490,5620,5440,5550,625724,0.010928961748633892
2024-08-14,5550,5630,5310,5380,572483,-0.03063063063063065
2024-08-16,5390,5530,5380,5520,530652,0.026022304832713727
2024-08-19,5530,6000,5490,5900,1561246,0.06884057971014501
2024-08-20,5840,6230,5810,6190,2000903,0.04915254237288136
2024-08-21,6150,6220,5990,6010,572838,-0.029079159935379684
2024-08-22,6060,6110,5880,5930,483511,-0.01331114808652245
2024-08-23,5890,6090,5870,6080,640068,0.025295109612141653
2024-08-26,6100,6100,5890,6000,439079,-0.013157894736842146
2024-08-27,5970,6100,5960,5990,325019,-0.0016666666666667052
2024-08-28,5990,6050,5730,5840,392692,-0.025041736227045086
2024-08-29,5730,5850,5650,5680,279517,-0.0273972602739726
2024-08-30,5700,5840,5700,5840,280174,0.028169014084507005
2024-09-02,5840,5910,5760,5790,217976,-0.008561643835616417
2024-09-03,5820,6080,5800,6000,533678,0.03626943005181338
2024-09-04,5860,5910,5760,5800,368399,-0.033333333333333326
2024-09-05,5870,5870,5640,5730,287039,-0.012068965517241348
2024-09-06,5730,5730,5470,5510,272379,-0.03839441535776611
2024-09-09,5390,5510,5370,5500,297641,-0.001814882032667886
2024-09-10,5580,5750,5480,5600,231773,0.018181818181818077
2024-09-11,5600,5680,5350,5410,400066,-0.03392857142857142
2024-09-12,5440,5510,5350,5510,382360,0.01848428835489835
2024-09-13,5510,5640,5510,5590,193579,0.014519056261343088
2024-09-19,5600,5670,5360,5370,611016,-0.03935599284436497
2024-09-20,5380,5430,5200,5300,772302,-0.013035381750465591
2024-09-23,5300,5360,5240,5300,295412,0.0
2024-09-24,5310,5390,5070,5140,825447,-0.030188679245283012
2024-09-25,5160,5180,4920,4960,676266,-0.035019455252918275
2024-09-26,4965,5080,4965,5040,448783,0.016129032258064502
2024-09-27,5060,5180,5040,5100,346929,0.011904761904761862
2024-09-30,5100,5150,5010,5020,184786,-0.015686274509803977
2024-10-02,5000,5050,4865,4895,491525,-0.02490039840637448
2024-10-04,4915,5000,4870,4975,360821,0.01634320735444339
2024-10-07,5000,5130,5000,5100,247616,0.025125628140703515
2024-10-08,5090,5120,4995,5030,229203,-0.013725490196078383
2024-10-10,5060,5160,5020,5030,243995,0.0
2024-10-11,5040,5090,5020,5070,198323,0.007952286282306265
2024-10-14,5070,5130,5040,5100,239907,0.00591715976331364
2024-10-15,5100,5230,5060,5200,324856,0.019607843137254832
2024-10-16,5200,5350,5140,5350,362027,0.028846153846153744
2024-10-17,5390,5390,4970,4990,700770,-0.06728971962616825
2024-10-18,4995,5040,4835,4915,567263,-0.01503006012024044
2024-10-21,4915,5030,4845,4990,228147,0.015259409969481164
2024-10-22,4940,5000,4940,4940,133321,-0.01002004008016033
2024-10-23,4905,4980,4860,4900,282271,-0.0080971659919028
2024-10-24,4900,4900,4650,4670,695868,-0.04693877551020409
2024-10-25,4675,4775,4620,4720,220228,0.010706638115631772
2024-10-28,4720,4735,4650,4695,169030,-0.005296610169491567
2024-10-29,4700,4755,4655,4755,139522,0.012779552715654896
2024-10-30,4700,4725,4600,4600,533060,-0.03259726603575186
2024-10-31,4600,4790,4535,4790,361258,0.04130434782608705
2024-11-01,4790,4790,4685,4760,120056,-0.006263048016701411
2024-11-04,4760,4850,4680,4755,145769,-0.0010504201680672232
2024-11-05,4755,4775,4720,4750,40144,-0.001051524710830698
2024-11-06,4805,4805,4725,4775,155344,0.0052631578947368585
2024-11-07,4755,4820,4745,4750,153239,-0.005235602094240788
2024-11-08,4765,4770,4670,4680,191846,-0.01473684210526316
2024-11-11,4725,5000,4585,4780,544250,0.02136752136752129
2024-11-12,4780,4795,4540,4550,502633,-0.04811715481171552
2024-11-13,4550,4620,4420,4420,224212,-0.02857142857142858
2024-11-14,4440,4505,4405,4465,130038,0.010180995475113086
2024-11-15,4420,4500,4340,4445,230243,-0.004479283314669624
2024-11-18,4445,4670,4340,4550,157442,0.023622047244094446
2024-11-19,4560,4585,4450,4485,154363,-0.014285714285714235
2024-11-20,4455,4575,4450,4565,123986,0.01783723522853964
2024-11-21,4565,4640,4520,4575,131478,0.0021905805038335835
2024-11-22,4575,4650,4555,4610,143016,0.007650273224043769
2024-11-25,4570,4600,4535,4535,156430,-0.01626898047722347
2024-11-26,4540,4545,4410,4440,158462,-0.02094818081587657
2024-11-27,4440,4580,4440,4510,164605,0.015765765765765716
2024-11-28,4510,4555,4470,4520,144651,0.0022172949002217113
2024-11-29,4515,4515,4360,4375,160646,-0.03207964601769908
2024-12-02,4405,4425,4280,4350,156446,-0.005714285714285672
2024-12-03,4275,4545,4275,4475,369090,0.028735632183908066
2024-12-04,4350,4465,4265,4300,342397,-0.03910614525139666
2024-12-05,4300,4325,4145,4160,291064,-0.032558139534883734
2024-12-06,4160,4255,4125,4215,264362,0.013221153846153744
2024-12-09,4200,4200,3955,3960,357810,-0.06049822064056942
2024-12-10,4075,4155,4005,4155,189821,0.04924242424242431
2024-12-11,4105,4260,4105,4210,233481,0.013237063778579916
2024-12-12,4260,4265,4195,4240,170882,0.0071258907363420665
2024-12-13,4265,4280,4185,4255,140362,0.0035377358490567
2024-12-16,4265,4320,4185,4185,194549,-0.016451233842538215
2024-12-17,4195,4205,4105,4150,252563,-0.008363201911589013
2024-12-18,4150,4220,4105,4220,173188,0.01686746987951815
2024-12-19,4160,4185,4110,4140,278424,-0.018957345971563955
2024-12-20,4115,4120,4000,4000,408506,-0.033816425120772986
2024-12-23,4045,4190,4025,4175,196378,0.043749999999999956
2024-12-24,4190,4480,4150,4195,812978,0.004790419161676551
2024-12-26,4210,4215,4145,4150,120841,-0.010727056019070313
2024-12-27,4150,4150,4050,4070,124191,-0.01927710843373498
2024-12-30,4030,4095,4010,4030,179391,-0.009828009828009798
2025-01-02,4030,4060,3985,4030,159707,0.0
2025-01-03,4025,4150,4015,4115,173328,0.021091811414392092
2025-01-06,4165,4170,4055,4110,180144,-0.0012150668286755595
2025-01-07,4110,4170,4100,4115,134043,0.0012165450121655041
2025-01-08,4120,4180,4090,4145,157371,0.007290400972053357
2025-01-09,4140,4170,4100,4130,70102,-0.003618817852834688
2025-01-10,4200,4200,4090,4145,168581,0.00363196125907983
2025-01-13,4145,4160,4095,4155,127919,0.0024125452352230514
2025-01-14,4155,4155,4085,4105,127713,-0.012033694344163681
2025-01-15,4105,4200,4105,4130,127681,0.006090133982947554
2025-01-16,4150,4185,4120,4165,150437,0.008474576271186418
2025-01-17,4165,4215,4135,4160,92862,-0.0012004801920768582
2025-01-20,4165,4215,4140,4185,114861,0.006009615384615419
2025-01-21,4195,4225,4110,4120,170600,-0.015531660692950977
2025-01-22,4125,4155,4030,4040,470622,-0.01941747572815533
2025-01-23,4050,4065,4000,4005,225713,-0.008663366336633671
2025-01-24,4005,4055,3985,4055,112139,0.012484394506866447
2025-01-31,4020,4120,3975,4065,277419,0.002466091245376001
2025-02-03,4050,4055,3945,3985,141378,-0.019680196801967975
2025-02-04,4000,4055,4000,4035,82613,0.012547051442910906
2025-02-05,4020,4100,4020,4035,87286,0.0
2025-02-06,4035,4085,3990,3995,194353,-0.009913258983890949
2025-02-07,4000,4030,3980,3990,118450,-0.0012515644555695093
2025-02-10,3990,4000,3965,3975,152878,-0.003759398496240629
2025-02-11,4000,4000,3940,3955,247116,-0.005031446540880502
2025-02-12,3955,4050,3930,3970,317531,0.0037926675094817064
2025-02-13,4020,4115,3925,4045,1051541,0.018891687657430767
2025-02-14,4030,4085,3955,3985,853177,-0.014833127317676165
2025-02-17,4020,4195,3970,4170,1240020,0.046424090338770485
2025-02-18,4170,4225,4130,4195,376348,0.005995203836930418
2025-02-19,4215,4240,4150,4165,715948,-0.007151370679380209
2025-02-20,4150,4205,4100,4120,240097,-0.010804321728691502
2025-02-21,4110,4140,4090,4115,207548,-0.0012135922330097637
2025-02-24,4030,4150,4030,4100,221528,-0.0036452004860266785
2025-02-25,4100,4100,3995,4040,463554,-0.014634146341463428
2025-02-26,4040,4085,4015,4075,254926,0.00866336633663356
2025-02-27,4080,4115,4000,4030,290568,-0.011042944785276121
2025-02-28,4020,4070,3825,3825,1920410,-0.0508684863523573
2025-03-04,3840,3960,3835,3920,295686,0.024836601307189454
2025-03-05,3950,4005,3895,3980,335736,0.015306122448979664
2025-03-06,3980,3995,3940,3965,215213,-0.0037688442211055717
2025-03-07,3960,3980,3920,3930,237456,-0.008827238335435084
2025-03-10,3930,4075,3905,4070,479819,0.03562340966921118
2025-03-11,3990,4030,3940,3985,248074,-0.020884520884520863
2025-03-12,4010,4350,3955,4275,1475418,0.07277289836888334
2025-03-13,4315,4365,4200,4200,508869,-0.01754385964912286
2025-03-14,4210,4225,4090,4105,456041,-0.02261904761904765
2025-03-17,4120,4230,4100,4100,207648,-0.0012180267965895553
2025-03-18,4175,4225,4105,4220,330985,0.029268292682926855
2025-03-19,4220,4245,4190,4230,147329,0.0023696682464455776
2025-03-20,4235,4250,4155,4185,183123,-0.010638297872340385
2025-03-21,4170,4250,4100,4100,438576,-0.020310633213859064
2025-03-24,4145,4300,4115,4280,475258,0.04390243902439028
2025-03-25,4285,4290,4200,4230,312889,-0.011682242990654235
2025-03-26,4235,4280,4150,4170,230516,-0.014184397163120588
2025-03-27,4155,4195,4110,4115,134289,-0.013189448441247031
2025-03-28,4115,4145,4010,4035,183231,-0.019441069258809285
2025-03-31,4000,4045,3850,3960,254554,-0.018587360594795488
2025-04-01,3970,4150,3970,4150,148365,0.04797979797979801
2025-04-02,4170,4170,4035,4105,119988,-0.010843373493975905
2025-04-03,4040,4060,3975,4005,190084,-0.02436053593179055
2025-04-04,4000,4050,3945,4025,208407,0.004993757802746579
2025-04-07,3990,3990,3790,3790,295189,-0.05838509316770191
2025-04-08,3845,3860,3745,3745,242706,-0.01187335092348285
2025-04-09,3720,3780,3640,3665,263103,-0.021361815754339153
2025-04-10,3805,3825,3750,3800,100147,0.03683492496589369
2025-04-11,3770,3815,3735,3795,106027,-0.001315789473684159
2025-04-14,3810,3840,3780,3805,83913,0.0026350461133068936
2025-04-15,3825,3860,3800,3830,296985,0.006570302233902758
2025-04-16,3810,3840,3770,3800,196976,-0.007832898172323799
2025-04-17,3795,3825,3775,3805,110109,0.001315789473684159
2025-04-18,3810,3915,3810,3890,153007,0.02233902759526929
2025-04-21,3885,3960,3860,3945,145012,0.014138817480719768
2025-04-22,3945,4000,3915,3945,122893,0.0
2025-04-23,3955,3975,3935,3945,112539,0.0
2025-04-24,3945,4000,3940,3985,213305,0.010139416983523386
2025-04-25,3965,4025,3950,4010,196853,0.006273525721455453
2025-04-28,4010,4015,3930,3955,164684,-0.013715710723191998
2025-04-29,3950,4050,3930,4045,143925,0.022756005056890016
2025-04-30,4045,4110,4030,4080,173886,0.008652657601977642
2025-05-02,4090,4090,4005,4035,91207,-0.011029411764705843
2025-05-07,4030,4045,3945,3965,192258,-0.01734820322180919
2025-05-08,3980,4000,3955,3970,92946,0.0012610340479193294
2025-05-09,3990,3990,3945,3970,188690,0.0
2025-05-12,4005,4100,3995,4080,210404,0.027707808564231717
2025-05-13,4080,4080,4005,4005,99129,-0.018382352941176516
2025-05-14,4030,4415,3995,4370,1098181,0.09113607990012484
2025-05-15,4360,4365,4235,4275,343570,-0.021739130434782594
2025-05-16,4255,4350,4205,4250,306848,-0.005847953216374324
2025-05-19,4250,4520,4210,4400,1091082,0.03529411764705892
2025-05-20,4430,4480,4365,4425,396136,0.005681818181818121
2025-05-21,4425,4455,4380,4430,246231,0.001129943502824915
2025-05-22,4445,4445,4200,4250,467187,-0.040632054176072185
2025-05-23,4250,4410,4245,4320,330144,0.016470588235294015
2025-05-26,4320,4520,4310,4510,382975,0.0439814814814814
2025-05-27,4510,4625,4380,4440,370889,-0.01552106430155209
2025-05-28,4450,4520,4420,4425,179072,-0.0033783783783783994
2025-05-29,4475,4715,4440,4695,634997,0.0610169491525423
2025-05-30,4735,4785,4560,4580,471458,-0.024494142705005273
2025-06-02,4630,4675,4455,4550,330731,-0.0065502183406113135
2025-06-04,4700,4910,4680,4850,684508,0.06593406593406592
2025-06-05,4945,4950,4745,4880,579679,0.006185567010309256
2025-06-09,4950,5060,4780,4845,1005508,-0.0071721311475410054
2025-06-10,4920,4945,4725,4800,554174,-0.009287925696594423
2025-06-11,4820,5180,4805,5160,1002132,0.07499999999999996
2025-06-12,5360,5770,5240,5600,1756834,0.0852713178294573
2025-06-13,5520,5660,5420,5510,941228,-0.016071428571428625
2025-06-16,5510,5700,5380,5690,519802,0.03266787658802173
2025-06-17,5900,5900,5550,5780,876894,0.01581722319859402
2025-06-18,5810,5890,5640,5700,522092,-0.01384083044982698
2025-06-19,5740,5870,5590,5710,515513,0.0017543859649122862
2025-06-20,5710,5760,5620,5630,1018538,-0.014010507880910628
2025-06-23,5540,5730,5510,5650,428577,0.003552397868561208
2025-06-24,5700,5840,5600,5690,627586,0.0070796460176991705
2025-06-25,5730,6050,5570,5810,1718985,0.02108963093145877
2025-06-26,5810,5820,5490,5690,552815,-0.02065404475043031
2025-06-27,5730,5880,5650,5700,432362,0.0017574692442883233
2025-06-30,5700,5830,5610,5760,262469,0.010526315789473717
2025-07-01,5800,5950,5750,5840,554187,0.01388888888888884
2025-07-02,5880,5900,5640,5750,374215,-0.015410958904109595
2025-07-03,5750,5770,5610,5690,275961,-0.01043478260869568
2025-07-04,5720,5740,5460,5480,364710,-0.03690685413005268
2025-07-07,5400,5530,5300,5520,179868,0.007299270072992803
2025-07-08,5500,5870,5440,5870,762740,0.06340579710144922
2025-07-09,5920,6200,5790,6100,1023093,0.03918228279386704
2025-07-10,6260,7210,6200,7080,4809660,0.16065573770491803
2025-07-11,7690,7900,7220,7510,2779394,0.06073446327683607
2025-07-14,7590,8150,7560,7980,2740642,0.062583222370173
2025-07-15,7980,8030,7600,7690,1194737,-0.036340852130325785
2025-07-16,7850,8000,7600,7640,1083224,-0.006501950585175553
2025-07-17,7680,7700,7200,7370,1055420,-0.035340314136125706
2025-07-18,7580,7580,6940,7000,873653,-0.05020352781546811
2025-07-21,6990,6990,6790,6850,525626,-0.021428571428571463
2025-07-22,6880,6960,6560,6630,558857,-0.03211678832116793
2025-07-23,6670,6670,6420,6500,517106,-0.019607843137254943
2025-07-24,6530,6580,6270,6360,676786,-0.021538461538461506
2025-07-25,6300,6390,6260,6330,474922,-0.004716981132075526
2025-07-28,6350,6370,6080,6120,574920,-0.033175355450236976
2025-07-29,6120,6180,5960,6120,352470,0.0
2025-07-30,6080,6110,5920,6050,413794,-0.011437908496731986
2025-07-31,6130,6150,5990,6020,228554,-0.0049586776859503745
2025-08-01,5880,5930,5660,5690,652975,-0.054817275747508276
2025-08-04,5720,5880,5610,5790,522432,0.017574692442882345
2025-08-05,5880,6050,5880,5950,392872,0.02763385146804831
2025-08-06,5950,6030,5920,6020,217604,0.0117647058823529
2025-08-07,6160,6370,6020,6260,544714,0.039867109634551534
2025-08-08,6270,6270,6060,6090,298556,-0.027156549520766737
2025-08-11,6090,6090,5820,5960,265842,-0.021346469622331665
2025-08-12,5920,6100,5890,5930,252641,-0.005033557046979831
2025-08-13,5970,6060,5910,5940,234808,0.001686340640809414
2025-08-14,5880,5890,5680,5760,475713,-0.030303030303030276
2025-08-18,5730,5730,5540,5580,297413,-0.03125
2025-08-19,5600,5600,5430,5440,331192,-0.02508960573476704
2025-08-20,5380,5510,5200,5460,810342,0.003676470588235281
2025-08-21,5460,5530,5420,5470,391224,0.001831501831501825
2025-08-22,5470,5570,5400,5400,341467,-0.012797074954296161
2025-08-25,5400,5580,5310,5380,362717,-0.0037037037037036535
2025-08-26,5320,5370,5230,5260,347531,-0.022304832713754608
2025-08-27,5260,5320,5220,5300,350947,0.0076045627376426506
2025-08-28,5240,5550,5230,5530,490666,0.04339622641509444
2025-08-29,5630,5830,5530,5690,1281660,0.02893309222423146
2025-09-01,5670,5770,5550,5650,493530,-0.007029876977152849
2025-09-02,5660,5730,5580,5670,536357,0.003539823008849474
2025-09-03,5670,5720,5530,5550,427493,-0.021164021164021163
2025-09-04,5550,5550,5450,5470,437796,-0.014414414414414378
2025-09-05,5480,5500,5410,5460,248216,-0.001828153564899404
2025-09-08,5460,5500,5370,5470,425963,0.001831501831501825
2025-09-09,5480,5700,5470,5690,625694,0.040219378427788
2025-09-10,5750,5870,5680,5850,683775,0.02811950790861162
2025-09-11,5850,5870,5650,5740,480964,-0.018803418803418848
2025-09-12,5780,6200,5720,5880,1650710,0.024390243902439046
2025-09-15,5980,6800,5960,6270,3104429,0.06632653061224492
2025-09-16,6300,6540,6280,6350,1140318,0.012759170653907415
2025-09-17,6330,6330,6010,6040,914512,-0.04881889763779523
2025-09-18,6070,6140,5940,6130,965706,0.01490066225165565
