Date,Open,High,Low,Close,Volume,Change
2022-01-03,184500,185500,181500,183000,120,-0.008130081300813052
2022-01-04,183500,199000,183500,198500,2151,0.08469945355191255
2022-01-05,199000,199000,192000,198000,523,-0.0025188916876573986
2022-01-06,197000,199500,194000,197000,264,-0.005050505050505083
2022-01-07,197000,198500,197000,198000,89,0.0050761421319796
2022-01-10,198500,198500,197000,197500,58,-0.002525252525252486
2022-01-11,198000,198000,193500,195000,420,-0.012658227848101222
2022-01-12,195000,195000,184000,194000,170,-0.00512820512820511
2022-01-13,194000,194000,193000,194000,68,0.0
2022-01-14,192000,197000,190500,197000,136,0.015463917525773141
2022-01-17,190500,195000,190500,195000,144,-0.010152284263959421
2022-01-18,193000,193000,191000,191500,30,-0.017948717948717996
2022-01-19,191500,191500,187000,187000,135,-0.023498694516971286
2022-01-20,189000,189000,185000,188500,113,0.008021390374331583
2022-01-21,187500,187500,185000,185000,71,-0.018567639257294433
2022-01-24,185000,185000,182500,184000,48,-0.00540540540540535
2022-01-25,186000,186000,176500,180000,75,-0.021739130434782594
2022-01-26,185000,185000,178000,180000,31,0.0
2022-01-27,174500,174500,170000,170000,280,-0.05555555555555558
2022-01-28,174000,178000,173000,178000,123,0.04705882352941182
2022-02-03,181000,181000,180500,180500,17,0.014044943820224809
2022-02-04,182500,182500,181500,181500,100,0.005540166204986097
2022-02-07,180000,180000,179500,180000,39,-0.008264462809917328
2022-02-08,180000,180000,177500,180000,103,0.0
2022-02-09,178000,180500,178000,180000,12,0.0
2022-02-10,172500,177500,172500,177500,54,-0.01388888888888884
2022-02-11,180500,180500,176500,178000,54,0.0028169014084507005
2022-02-14,178000,178000,177000,178000,62,0.0
2022-02-15,176500,181500,176500,178000,8,0.0
2022-02-16,176500,180000,176500,179000,12,0.00561797752808979
2022-02-17,178500,179000,178500,179000,30,0.0
2022-02-18,178000,179000,177000,179000,42,0.0
2022-02-21,177000,180500,177000,180500,168,0.008379888268156499
2022-02-22,180000,180000,178000,178000,125,-0.013850415512465353
2022-02-23,177000,178000,175000,178000,152,0.0
2022-02-24,176000,178000,173000,173000,142,-0.028089887640449396
2022-02-25,179500,179500,179000,179000,65,0.034682080924855585
2022-02-28,178000,178500,178000,178500,109,-0.0027932960893854997
2022-03-02,176500,178500,176000,178000,250,-0.0028011204481792618
2022-03-03,178000,178500,178000,178500,68,0.002808988764045006
2022-03-04,176500,179000,176500,176500,116,-0.011204481792717047
2022-03-07,174500,174500,169000,172500,420,-0.022662889518413554
2022-03-08,173000,174500,171000,173500,84,0.005797101449275255
2022-03-10,177000,177000,174000,175500,72,0.011527377521613813
2022-03-11,178500,178500,177000,178000,94,0.014245014245014342
2022-03-14,177500,178000,177000,178000,28,0.0
2022-03-15,178000,178000,176500,176500,28,-0.008426966292134797
2022-03-16,178000,179000,176500,179000,48,0.014164305949008416
2022-03-17,179000,179000,178500,178500,66,-0.0027932960893854997
2022-03-18,178500,178500,177000,177000,23,-0.008403361344537785
2022-03-21,177000,177000,175000,177000,25,0.0
2022-03-22,175000,179500,175000,178500,228,0.008474576271186418
2022-03-23,178500,179000,178500,178500,92,0.0
2022-03-24,178500,179000,177500,178000,81,-0.0028011204481792618
2022-03-25,178000,178500,178000,178000,33,0.0
2022-03-28,176000,178000,176000,178000,91,0.0
2022-03-29,177500,179000,176000,177500,264,-0.002808988764044895
2022-03-30,177500,177500,177000,177500,141,0.0
2022-03-31,177000,178500,176500,177000,196,-0.0028169014084507005
2022-04-01,175000,178000,175000,178000,185,0.005649717514124353
2022-04-04,177500,180000,177500,180000,843,0.011235955056179803
2022-04-05,180000,184500,180000,184500,734,0.02499999999999991
2022-04-06,181500,183500,180500,181500,200,-0.016260162601625994
2022-04-07,181000,181000,178000,179500,174,-0.011019283746556474
2022-04-08,180000,182000,178500,181500,145,0.011142061281337101
2022-04-11,181500,182000,181000,182000,26,0.0027548209366390353
2022-04-12,178000,182000,178000,181000,31,-0.005494505494505475
2022-04-13,180500,181000,180000,180000,99,-0.0055248618784530246
2022-04-14,180000,182000,180000,182000,115,0.011111111111111072
2022-04-15,182000,182000,180000,180000,45,-0.01098901098901095
2022-04-18,180000,180000,178500,180000,252,0.0
2022-04-19,178500,179500,178500,178500,95,-0.008333333333333304
2022-04-20,178500,179000,177500,179000,127,0.0028011204481792618
2022-04-21,179000,180000,179000,179500,235,0.0027932960893854997
2022-04-22,179500,179500,177500,179000,38,-0.0027855153203342198
2022-04-25,178500,178500,176500,176500,41,-0.013966480446927387
2022-04-26,177000,181500,177000,181500,191,0.028328611898017053
2022-04-27,177000,181000,177000,180500,112,-0.0055096418732781816
2022-04-28,178000,180000,178000,180000,167,-0.0027700831024930483
2022-04-29,179500,179500,179000,179000,27,-0.005555555555555536
2022-05-02,180000,180000,179000,179000,3,0.0
2022-05-03,179000,179000,177500,178000,70,-0.005586592178770999
2022-05-04,176500,179000,176500,178000,19,0.0
2022-05-06,178000,178000,176000,178000,65,0.0
2022-05-09,178500,178500,175000,176500,67,-0.008426966292134797
2022-05-10,175000,176500,175000,176500,17,0.0
2022-05-11,174500,175000,173000,175000,147,-0.008498583569405138
2022-05-12,175000,175000,172500,175000,105,0.0
2022-05-13,175500,175500,173000,175000,51,0.0
2022-05-16,176000,176000,175000,176000,9,0.005714285714285783
2022-05-17,176500,176500,174000,176000,39,0.0
2022-05-18,172000,175000,172000,175000,69,-0.005681818181818232
2022-05-19,174000,174500,172000,174500,116,-0.0028571428571428914
2022-05-20,174500,175000,172500,175000,89,0.002865329512893977
2022-05-23,172500,174500,172000,172500,156,-0.014285714285714235
2022-05-24,173000,173000,172000,172000,104,-0.0028985507246376274
2022-05-25,172500,174000,171000,174000,97,0.011627906976744207
2022-05-26,174500,174500,173000,174000,18,0.0
2022-05-27,171500,173500,171500,173000,143,-0.005747126436781658
2022-05-30,173000,174000,173000,174000,27,0.005780346820809301
2022-05-31,172500,173500,172500,172500,181,-0.008620689655172376
2022-06-02,171000,172500,170500,172500,139,0.0
2022-06-03,172500,172500,171500,172000,104,-0.0028985507246376274
2022-06-07,171500,171500,171000,171500,205,-0.0029069767441860517
2022-06-08,171500,172500,171000,172000,35,0.00291545189504383
2022-06-09,170500,172000,170000,172000,268,0.0
2022-06-10,171000,173000,171000,173000,65,0.005813953488372103
2022-06-13,170500,171000,165000,165500,329,-0.043352601156069315
2022-06-14,164000,165000,164000,165000,45,-0.0030211480362537513
2022-06-15,163500,165500,161500,165000,147,0.0
2022-06-16,163000,166000,163000,165000,62,0.0
2022-06-17,162000,165000,162000,165000,93,0.0
2022-06-20,165000,165000,160000,160000,158,-0.030303030303030276
2022-06-21,159000,160500,158000,160500,49,0.0031250000000000444
2022-06-22,161000,161000,155000,155000,121,-0.034267912772585674
2022-06-23,153500,154500,153000,154000,49,-0.006451612903225823
2022-06-24,158000,158000,154000,156500,66,0.016233766233766156
2022-06-27,155000,157000,155000,157000,44,0.0031948881789136685
2022-06-28,157000,158000,155500,158000,60,0.006369426751592355
2022-06-29,159500,159500,157000,157000,142,-0.006329113924050667
2022-06-30,157000,157000,156000,157000,32,0.0
2022-07-01,157000,158500,156000,158500,78,0.009554140127388644
2022-07-04,157000,157000,155000,156500,42,-0.012618296529968487
2022-07-05,155500,156000,155500,156000,41,-0.0031948881789137795
2022-07-06,155500,156000,155000,156000,43,0.0
2022-07-07,156000,157000,156000,157000,37,0.0064102564102563875
2022-07-08,156500,157000,155000,157000,46,0.0
2022-07-11,157500,157500,156000,156000,52,-0.006369426751592355
2022-07-12,156000,156000,153500,155000,23,-0.0064102564102563875
2022-07-13,154000,154500,154000,154500,31,-0.003225806451612856
2022-07-14,154500,154500,154500,154500,11,0.0
2022-07-15,154000,154000,154000,154000,26,-0.003236245954692518
2022-07-18,154500,160000,152500,158000,151,0.025974025974025983
2022-07-19,160000,160000,156000,159000,48,0.006329113924050667
2022-07-20,159000,159000,157000,158000,44,-0.0062893081761006275
2022-07-21,157000,158000,157000,158000,45,0.0
2022-07-22,157000,158500,157000,158500,61,0.0031645569620253333
2022-07-25,157000,158500,157000,158500,59,0.0
2022-07-26,158500,159000,158000,159000,19,0.003154574132492094
2022-07-27,159000,159000,158000,159000,16,0.0
2022-07-28,159000,159000,157500,159000,58,0.0
2022-07-29,158000,159000,158000,159000,20,0.0
2022-08-01,158000,158000,158000,158000,4,-0.0062893081761006275
2022-08-02,158000,158000,157500,158000,35,0.0
2022-08-03,158000,158000,157500,157500,10,-0.0031645569620253333
2022-08-04,158000,158000,156500,157000,43,-0.0031746031746031633
2022-08-05,156000,157000,154500,157000,276,0.0
2022-08-08,157000,157000,156500,157000,21,0.0
2022-08-09,157000,157000,155000,155500,121,-0.009554140127388533
2022-08-10,155000,156000,149500,156000,191,0.003215434083601254
2022-08-11,156500,156500,155500,155500,83,-0.0032051282051281937
2022-08-12,155000,156000,155000,156000,65,0.003215434083601254
2022-08-16,155500,155500,155000,155000,94,-0.0064102564102563875
2022-08-17,155000,155500,154500,155000,36,0.0
2022-08-18,155000,155000,154500,154500,19,-0.003225806451612856
2022-08-19,154500,154500,153500,153500,46,-0.006472491909385147
2022-08-22,150500,151000,146500,146500,584,-0.0456026058631922
2022-08-23,146500,146500,145000,145000,171,-0.010238907849829393
2022-08-24,145000,145000,142000,142000,378,-0.020689655172413834
2022-08-25,142000,144500,142000,144500,220,0.01760563380281699
2022-08-26,144000,144000,143000,144000,47,-0.0034602076124568004
2022-08-29,141000,143500,141000,142500,162,-0.01041666666666663
2022-08-30,141500,143500,141500,143500,87,0.007017543859649145
2022-08-31,142500,143500,142500,142500,128,-0.006968641114982632
2022-09-01,141500,143500,141500,143500,38,0.007017543859649145
2022-09-02,142000,143500,142000,143500,159,0.0
2022-09-05,142500,143000,140000,140000,218,-0.024390243902439046
2022-09-06,141000,142500,140000,142000,156,0.014285714285714235
2022-09-07,142000,142000,140000,142000,97,0.0
2022-09-08,140500,143500,140500,142000,125,0.0
2022-09-13,141000,145500,141000,143500,246,0.010563380281690238
2022-09-14,141000,141000,141000,141000,109,-0.017421602787456414
2022-09-15,142000,143500,141000,142000,258,0.007092198581560183
2022-09-16,143000,143000,141000,142000,77,0.0
2022-09-19,147000,147000,142500,145000,519,0.021126760563380254
2022-09-20,146000,157000,146000,156500,982,0.07931034482758625
2022-09-21,156000,156000,151000,153000,454,-0.022364217252396124
2022-09-22,149000,154000,148000,154000,192,0.006535947712418277
2022-09-23,155000,155000,151500,154500,250,0.0032467532467532756
2022-09-26,149500,152500,144000,147500,250,-0.04530744336569581
2022-09-27,148000,148000,142500,148000,126,0.003389830508474523
2022-09-28,143500,147500,143500,147500,117,-0.0033783783783783994
2022-09-29,147000,148000,142500,148000,128,0.003389830508474523
2022-09-30,146000,147000,143500,147000,181,-0.006756756756756799
2022-10-04,146000,151000,146000,149500,53,0.017006802721088343
2022-10-05,150000,150000,145000,145000,324,-0.030100334448160515
2022-10-06,144500,146000,144000,145500,122,0.0034482758620688614
2022-10-07,145000,145000,144000,144500,84,-0.0068728522336769515
2022-10-11,140500,141000,139500,139500,125,-0.03460207612456745
2022-10-12,139500,140000,138000,140000,58,0.0035842293906809264
2022-10-13,143000,143000,137500,139000,134,-0.0071428571428571175
2022-10-14,138000,140000,138000,139500,112,0.003597122302158251
2022-10-17,137000,141000,137000,141000,118,0.010752688172043001
2022-10-18,141500,141500,138500,139000,206,-0.014184397163120588
2022-10-19,137500,140000,137500,140000,101,0.007194244604316502
2022-10-20,137500,140000,137500,140000,39,0.0
2022-10-21,140000,140000,136000,139000,190,-0.0071428571428571175
2022-10-24,139500,140500,138500,138500,75,-0.003597122302158251
2022-10-25,137000,138500,136500,138500,63,0.0
2022-10-26,141000,141000,137000,137000,118,-0.010830324909747335
2022-10-27,138000,139500,137000,139000,101,0.014598540145985384
2022-10-28,140000,140000,138000,139500,130,0.003597122302158251
2022-10-31,142000,142000,137500,139500,278,0.0
2022-11-01,138500,140000,138500,139000,98,-0.0035842293906810374
2022-11-02,138000,139000,137000,138500,257,-0.003597122302158251
2022-11-03,137000,137500,136500,137500,143,-0.0072202166064981865
2022-11-04,137500,138500,136500,138500,105,0.0072727272727273196
2022-11-07,138000,139000,137000,139000,64,0.0036101083032491488
2022-11-08,138000,139000,137500,137500,68,-0.010791366906474864
2022-11-09,139000,140500,138000,140000,60,0.018181818181818077
2022-11-10,140000,140000,136500,138000,210,-0.014285714285714235
2022-11-11,139000,139000,137000,137500,186,-0.0036231884057971175
2022-11-14,137500,137500,137000,137500,120,0.0
2022-11-15,138000,138500,138000,138500,13,0.0072727272727273196
2022-11-16,138500,139000,138500,139000,9,0.0036101083032491488
2022-11-17,138000,138000,137000,137000,97,-0.014388489208633115
2022-11-18,137000,138500,137000,138000,122,0.007299270072992803
2022-11-21,138000,138000,137000,138000,136,0.0
2022-11-22,136500,137500,136500,137000,132,-0.007246376811594235
2022-11-23,137000,138500,137000,138500,109,0.010948905109489093
2022-11-24,139000,139500,138500,138500,29,0.0
2022-11-25,139000,140000,138000,140000,74,0.010830324909747224
2022-11-28,139000,139500,138500,138500,41,-0.010714285714285676
2022-11-29,137500,139500,137500,139000,132,0.0036101083032491488
2022-11-30,140000,140500,139500,140000,81,0.007194244604316502
2022-12-01,140500,143000,140500,143000,196,0.021428571428571352
2022-12-02,143000,143500,141500,143500,117,0.0034965034965035446
2022-12-05,144500,144500,143500,143500,46,0.0
2022-12-06,143500,143500,143500,143500,7,0.0
2022-12-07,143500,143500,141000,142000,46,-0.010452961672473893
2022-12-08,141500,143000,141000,143000,154,0.007042253521126751
2022-12-09,143000,143000,141000,141000,85,-0.013986013986013957
2022-12-12,142000,142000,139500,141000,69,0.0
2022-12-13,141000,141000,139000,141000,44,0.0
2022-12-14,141500,141500,141000,141000,31,0.0
2022-12-15,141000,141500,141000,141500,9,0.0035460992907800915
2022-12-16,140500,141500,140500,141000,8,-0.0035335689045936647
2022-12-19,141000,141000,139500,140500,64,-0.0035460992907800915
2022-12-20,141000,141000,141000,141000,108,0.003558718861210064
2022-12-21,142500,142500,141500,141500,36,0.0035460992907800915
2022-12-22,141000,142500,140000,140000,102,-0.010600706713780883
2022-12-23,140000,140000,139000,140000,81,0.0
2022-12-26,140000,141500,140000,141000,173,0.0071428571428571175
2022-12-27,142000,143000,141000,142500,41,0.010638297872340496
2022-12-28,142500,142500,140500,141500,14,-0.007017543859649145
2022-12-29,141500,142500,138500,142500,114,0.007067137809187329
2023-01-02,141500,141500,141000,141000,11,-0.010526315789473717
2023-01-03,140000,141000,139500,141000,98,0.0
2023-01-04,141000,141500,140000,141500,76,0.0035460992907800915
2023-01-05,141000,142500,141000,142500,147,0.007067137809187329
2023-01-06,142500,142500,141000,142000,65,-0.0035087719298245723
2023-01-09,142000,142000,140500,141000,52,-0.007042253521126751
2023-01-10,140000,141000,139500,141000,94,0.0
2023-01-11,141000,141500,141000,141500,63,0.0035460992907800915
2023-01-12,141000,141500,141000,141500,32,0.0
2023-01-13,143000,143000,140000,141000,151,-0.0035335689045936647
2023-01-16,139000,141000,139000,141000,16,0.0
2023-01-17,142500,142500,141000,141000,56,0.0
2023-01-18,141500,141500,140500,140500,32,-0.0035460992907800915
2023-01-19,141000,141000,140500,141000,8,0.003558718861210064
2023-01-20,141000,142000,140000,140000,114,-0.007092198581560294
2023-01-25,141400,141400,140100,140500,129,0.0035714285714285587
2023-01-26,139600,140800,139600,140700,64,0.00142348754448407
2023-01-27,140700,140700,140100,140700,77,0.0
2023-01-30,142900,142900,140000,140000,30,-0.00497512437810943
2023-01-31,140000,140800,140000,140000,19,0.0
2023-02-01,140000,141000,140000,140400,852,0.0028571428571428914
2023-02-02,140400,140500,140300,140400,79,0.0
2023-02-03,141300,141300,140100,141000,7,0.004273504273504258
2023-02-06,140000,141000,140000,141000,15,0.0
2023-02-07,141200,141200,140800,141000,148,0.0
2023-02-08,141300,143800,141300,143800,107,0.019858156028368823
2023-02-09,143800,144900,143300,144500,161,0.004867872044506338
2023-02-10,144500,144500,144400,144500,52,0.0
2023-02-13,144100,144700,144000,144000,30,-0.0034602076124568004
2023-02-14,145200,145200,144000,145100,180,0.007638888888888973
2023-02-15,144900,144900,143000,143600,62,-0.010337698139214369
2023-02-16,143600,150700,143500,150400,448,0.0473537604456824
2023-02-17,151800,161800,151800,161800,1903,0.07579787234042556
2023-02-20,162000,162000,155000,156500,2267,-0.032756489493201535
2023-02-21,157900,160200,156600,158500,1280,0.012779552715654896
2023-02-22,158500,158500,158000,158000,115,-0.003154574132492094
2023-02-23,160400,160400,157000,157000,914,-0.006329113924050667
2023-02-24,158000,161000,157000,161000,139,0.02547770700636942
2023-02-27,161600,162100,161200,161900,1302,0.005590062111801242
2023-02-28,162300,164300,162000,162500,1030,0.0037059913526868993
2023-03-02,164000,170000,164000,169900,1798,0.04553846153846153
2023-03-03,170000,172000,167900,171900,1479,0.011771630370806418
2023-03-06,171900,172900,170100,172700,1159,0.0046538685282140335
2023-03-07,173000,173000,167000,172800,787,0.0005790387955992848
2023-03-08,172800,172800,169800,169900,529,-0.01678240740740744
2023-03-09,169900,171100,167900,169300,250,-0.0035314891112419033
2023-03-10,169300,169300,161400,161400,583,-0.04666272888363854
2023-03-13,160900,163000,160000,162500,442,0.006815365551424923
2023-03-14,160700,160900,159400,159400,280,-0.019076923076923102
2023-03-15,163800,163800,159800,160700,1121,0.008155583437892133
2023-03-16,160400,160600,159200,160000,709,-0.00435594275046669
2023-03-17,160000,160500,159000,160500,553,0.0031250000000000444
2023-03-20,159100,161500,159100,161100,109,0.0037383177570093906
2023-03-21,158300,158300,156400,156500,361,-0.028553693358162602
2023-03-22,155600,155600,153000,154100,191,-0.015335463258785986
2023-03-23,154100,160000,151700,159300,192,0.03374432186891618
2023-03-24,155200,156600,155000,156100,149,-0.020087884494664143
2023-03-27,155900,155900,150000,150000,182,-0.03907751441383733
2023-03-28,150000,150000,146700,150000,213,0.0
2023-03-29,150000,150500,147700,149200,261,-0.005333333333333301
2023-03-30,149200,150000,147500,148200,204,-0.006702412868632712
2023-03-31,149300,149300,147600,148800,90,0.004048582995951344
2023-04-03,148800,153500,146500,148800,159,0.0
2023-04-04,150000,150000,149000,149600,98,0.005376344086021501
2023-04-05,149500,150000,149400,150000,65,0.002673796791443861
2023-04-06,150000,150000,149500,149900,99,-0.0006666666666667043
2023-04-07,149000,149300,148100,148500,122,-0.009339559706470935
2023-04-10,147100,149700,147100,148000,93,-0.0033670033670033517
2023-04-11,148000,148600,147900,148600,216,0.004054054054054124
2023-04-12,148100,149400,148100,149100,75,0.003364737550471064
2023-04-13,149100,152500,149100,151700,394,0.017437961099932897
2023-04-14,151700,151700,151500,151700,197,0.0
2023-04-17,151700,152300,150300,151800,135,0.0006591957811470373
2023-04-18,152000,152100,151200,151900,45,0.0006587615283266679
2023-04-19,151400,152100,150800,151600,126,-0.0019749835418038098
2023-04-20,151600,152900,150100,151200,61,-0.0026385224274406704
2023-04-21,150500,154500,149500,154300,358,0.020502645502645578
2023-04-24,153000,154200,152100,153600,74,-0.004536616979909258
2023-04-25,151500,151500,150900,151000,109,-0.01692708333333337
2023-04-26,150600,151000,150000,151000,107,0.0
2023-04-27,151000,151000,150800,150800,22,-0.0013245033112583293
2023-04-28,149500,150800,149500,150800,254,0.0
2023-05-02,150000,150800,149300,149300,153,-0.009946949602122057
2023-05-03,150400,150400,149300,150300,30,0.006697923643670389
2023-05-04,150300,150400,150300,150300,19,0.0
2023-05-08,151000,151000,150900,151000,20,0.004657351962741085
2023-05-09,150100,151400,150000,151300,39,0.001986754966887494
2023-05-10,151200,151300,150000,150000,73,-0.008592200925313986
2023-05-11,148500,152400,148500,152400,102,0.016000000000000014
2023-05-12,150100,150500,149000,149500,221,-0.01902887139107612
2023-05-15,149700,150000,149700,150000,89,0.0033444816053511683
2023-05-16,149100,150000,149100,150000,47,0.0
2023-05-17,149100,150000,149000,149800,74,-0.0013333333333332975
2023-05-18,151000,151000,149400,150200,24,0.002670226969292422
2023-05-19,149900,150000,148900,148900,45,-0.008655126498002708
2023-05-22,148500,149900,148500,149900,66,0.00671591672263272
2023-05-23,150900,150900,149900,150000,28,0.0006671114076051143
2023-05-24,150000,150000,149000,149800,70,-0.0013333333333332975
2023-05-25,149800,149800,147000,147400,222,-0.01602136181575431
2023-05-26,146600,148400,146500,148400,312,0.006784260515603879
2023-05-30,147300,148700,146500,148700,111,0.0020215633423179558
2023-05-31,148200,149600,148200,149600,21,0.0060524546065905405
2023-06-01,149400,149400,147700,149300,47,-0.00200534759358284
2023-06-02,153300,153300,148800,149900,102,0.004018754186202234
2023-06-05,149800,150900,149800,150900,5,0.006671114076050699
2023-06-07,150900,150900,150000,150700,177,-0.001325381047051044
2023-06-08,150000,150000,149500,150000,28,-0.004644990046449915
2023-06-09,150000,150000,149400,150000,18,0.0
2023-06-12,150000,150000,149500,149500,23,-0.0033333333333332993
2023-06-13,149400,152000,149300,151700,46,0.014715719063545185
2023-06-14,150000,150000,148500,148600,59,-0.020435069215557045
2023-06-15,149500,149500,148000,148000,15,-0.004037685060565233
2023-06-16,148000,148000,147500,148000,38,0.0
2023-06-19,147700,147700,146500,147200,54,-0.00540540540540535
2023-06-20,148000,148000,147000,147900,50,0.004755434782608647
2023-06-21,147900,147900,146200,147600,24,-0.0020283975659228792
2023-06-22,147500,147600,146400,147600,12,0.0
2023-06-23,147500,147500,146700,147300,35,-0.002032520325203291
2023-06-26,148500,148500,148500,148500,10,0.008146639511201537
2023-06-27,149000,149000,147100,147900,37,-0.004040404040404066
2023-06-28,147700,147700,147000,147700,21,-0.0013522650439485862
2023-06-29,147700,147700,147700,147700,11,0.0
2023-06-30,147600,148500,146400,148500,38,0.005416384563303955
2023-07-03,148200,148200,147200,147500,42,-0.006734006734006703
2023-07-04,146800,146800,145600,146000,41,-0.01016949152542368
2023-07-05,145200,145200,143600,145100,91,-0.006164383561643838
2023-07-06,145100,145100,145000,145000,26,-0.000689179875947632
2023-07-07,145000,145000,144900,144900,37,-0.0006896551724138167
2023-07-10,144900,144900,144000,144800,21,-0.0006901311249137843
2023-07-11,144600,144600,144100,144600,50,-0.0013812154696132284
2023-07-12,144000,144000,142100,142500,57,-0.014522821576763434
2023-07-13,143200,143900,143200,143400,112,0.006315789473684275
2023-07-14,142100,142100,141600,141600,318,-0.012552301255230103
2023-07-17,141600,141600,140100,140200,178,-0.009887005649717562
2023-07-18,141100,141100,139800,140200,82,0.0
2023-07-19,138000,138000,136000,137300,1575,-0.020684736091298173
2023-07-20,137900,140000,136900,139800,106,0.018208302986161717
2023-07-21,139700,141800,138000,139800,40,0.0
2023-07-24,135900,138000,135900,137000,60,-0.02002861230329045
2023-07-25,137000,137000,135000,135600,191,-0.010218978102189746
2023-07-26,134300,134400,133800,134100,190,-0.011061946902654829
2023-07-27,133200,134100,133200,134000,48,-0.0007457121551081025
2023-07-28,134000,134600,134000,134600,116,0.004477611940298498
2023-07-31,133000,134500,133000,134500,150,-0.0007429420505200568
2023-08-01,135000,137900,134900,135000,261,0.0037174721189590088
2023-08-02,135000,139600,135000,139600,1041,0.034074074074074145
2023-08-03,137000,140500,137000,140300,39,0.005014326647564404
2023-08-04,137900,137900,135200,135200,452,-0.03635067712045614
2023-08-07,135500,140400,135500,140400,117,0.03846153846153855
2023-08-08,140400,142000,140400,141200,95,0.005698005698005604
2023-08-09,143700,143700,138200,142300,38,0.007790368271954673
2023-08-10,142200,142200,140700,142000,29,-0.0021082220660576523
2023-08-11,143200,143200,140300,142700,274,0.004929577464788837
2023-08-14,143300,143300,141200,142500,670,-0.0014015416958654825
2023-08-16,140700,142800,140700,142700,511,0.00140350877192974
2023-08-17,141800,144800,141800,144200,556,0.010511562718990897
2023-08-18,143800,146000,142400,144100,67,-0.0006934812760055475
2023-08-21,141200,144000,141200,144000,531,-0.000693962526023606
2023-08-22,141700,144000,140800,143900,128,-0.000694444444444442
2023-08-23,143200,143200,138400,141200,189,-0.018763029881862403
2023-08-24,139300,141800,139100,141800,134,0.004249291784702569
2023-08-25,141700,141700,139300,141400,123,-0.0028208744710860323
2023-08-28,138500,141000,138500,141000,100,-0.0028288543140028155
2023-08-29,138200,139000,137300,139000,163,-0.014184397163120588
2023-08-30,137800,140300,137800,140300,255,0.009352517985611541
2023-08-31,141300,141300,139000,140600,149,0.002138275124732747
2023-09-01,140400,140400,138500,140200,148,-0.002844950213371278
2023-09-04,139700,140200,139600,140200,37,0.0
2023-09-05,140200,140300,139900,140300,122,0.0007132667617688604
2023-09-06,137700,140000,137700,140000,572,-0.002138275124732747
2023-09-07,139200,140400,139200,140400,12,0.0028571428571428914
2023-09-08,140200,140200,139200,140200,57,-0.0014245014245014564
2023-09-11,136100,139500,136100,139500,95,-0.004992867332382356
2023-09-12,139500,139800,137700,139600,46,0.0007168458781361409
2023-09-13,140100,140100,140100,140100,7,0.003581661891117527
2023-09-14,140000,140000,140000,140000,5,-0.0007137758743754885
2023-09-15,140000,140000,139200,139200,451,-0.005714285714285672
2023-09-18,139200,140100,139200,140000,1426,0.005747126436781658
2023-09-19,140000,140200,140000,140000,362,0.0
2023-09-20,140200,140200,140000,140000,1744,0.0
2023-09-21,140000,140100,140000,140100,4049,0.0007142857142856673
2023-09-22,140100,140100,140100,140100,1,0.0
2023-09-25,140100,140100,140000,140000,8,-0.0007137758743754885
2023-09-26,139800,139800,138700,139700,37,-0.002142857142857113
2023-09-27,138700,138800,137500,138800,59,-0.006442376521116677
2023-10-04,133200,133200,131900,131900,268,-0.049711815561959694
2023-10-05,136000,136000,134600,134700,71,0.021228203184230576
2023-10-06,134700,137600,134600,137600,30,0.021529324424647278
2023-10-10,136000,138000,136000,137300,47,-0.0021802325581394832
2023-10-11,137300,137400,137300,137300,31,0.0
2023-10-12,137300,137500,136500,137500,10,0.0014566642388929019
2023-10-13,137600,137600,137300,137600,46,0.0007272727272726875
2023-10-16,137600,137600,137400,137500,8,-0.0007267441860464574
2023-10-17,136700,136700,136500,136600,19,-0.006545454545454521
2023-10-18,137000,137000,136500,136800,46,0.0014641288433381305
2023-10-19,136000,136700,136000,136200,154,-0.004385964912280715
2023-10-20,136100,136100,134700,134800,25,-0.01027900146842875
2023-10-23,134900,134900,134800,134800,11,0.0
2023-10-24,135000,135000,134500,134500,13,-0.002225519287833877
2023-10-25,135000,135100,134800,134900,42,0.0029739776951673846
2023-10-26,134800,134800,134200,134200,23,-0.005189028910303928
2023-10-27,135000,135000,134300,135000,63,0.005961251862891315
2023-10-30,134200,134800,134200,134500,8,-0.0037037037037036535
2023-10-31,134500,136000,134100,136000,22,0.011152416356877248
2023-11-01,136000,136300,135800,135800,26,-0.0014705882352941124
2023-11-02,135600,135700,135500,135600,24,-0.0014727540500736325
2023-11-03,135800,139000,135400,139000,63,0.025073746312684442
2023-11-06,137800,138000,137800,138000,76,-0.007194244604316502
2023-11-07,137900,138800,137900,138600,70,0.004347826086956497
2023-11-08,138600,138600,137100,138400,8,-0.0014430014430014682
2023-11-09,138000,138000,137200,137800,133,-0.00433526011560692
2023-11-10,137000,138700,137000,138700,70,0.006531204644412147
2023-11-13,138000,138000,137700,137700,60,-0.007209805335255948
2023-11-14,137000,139000,136800,138600,131,0.006535947712418277
2023-11-15,138800,140700,138600,140400,128,0.01298701298701288
2023-11-16,142200,142700,140500,141800,76,0.009971509971509862
2023-11-17,140200,141000,139900,140400,102,-0.009873060648801113
2023-11-20,140800,140800,140600,140600,79,0.0014245014245013454
2023-11-21,140600,140600,140300,140300,91,-0.002133712660028486
2023-11-22,139300,140400,139200,139800,103,-0.0035637918745545782
2023-11-23,139900,140400,138700,138700,38,-0.007868383404864066
2023-11-24,141000,141000,140000,140000,5,0.009372746935832676
2023-11-27,138900,139900,138900,139900,22,-0.0007142857142856673
2023-11-28,139200,139200,139000,139200,56,-0.005003573981415266
2023-11-29,139200,139200,139100,139100,5,-0.0007183908045976795
2023-11-30,138500,138500,138000,138400,24,-0.005032350826743359
2023-12-01,138100,139500,138100,139300,105,0.006502890173410325
2023-12-04,139800,140100,139800,140000,64,0.005025125628140614
2023-12-05,139800,141700,139800,139900,84,-0.0007142857142856673
2023-12-06,139300,140000,139300,140000,29,0.0007147962830593713
2023-12-07,143500,143500,140000,141200,286,0.008571428571428674
2023-12-08,139600,140600,139600,140500,44,-0.004957507082152923
2023-12-11,140300,140300,139000,139900,213,-0.004270462633451988
2023-12-12,139800,140000,139800,139900,48,0.0
2023-12-13,139900,141700,139800,139800,240,-0.0007147962830593713
2023-12-14,139600,140100,139200,140100,181,0.0021459227467810482
2023-12-15,139900,140300,139500,140000,268,-0.0007137758743754885
2023-12-18,140000,140600,140000,140500,179,0.0035714285714285587
2023-12-19,140500,142700,140500,142700,59,0.015658362989323882
2023-12-20,142600,143000,141500,142400,98,-0.0021023125437982237
2023-12-21,143400,143400,141300,142500,82,0.000702247191011196
2023-12-22,142400,143000,142000,143000,85,0.0035087719298245723
2023-12-26,145800,145800,140200,144000,46,0.006993006993007089
2023-12-27,142600,142600,141600,141700,31,-0.015972222222222276
2023-12-28,141700,143200,141700,142600,35,0.00635144671841914
2024-01-02,142500,142500,142200,142200,13,-0.0028050490883591017
2024-01-03,141000,142400,140000,142400,15,0.0014064697609001975
2024-01-04,141100,142000,141100,142000,120,-0.002808988764044895
2024-01-05,142000,142000,140500,140500,27,-0.010563380281690127
2024-01-08,142000,142000,142000,142000,12,0.01067615658362997
2024-01-09,141900,141900,141100,141900,19,-0.0007042253521126751
2024-01-10,141700,141800,140500,141800,12,-0.0007047216349541641
2024-01-11,141000,141300,140400,141100,45,-0.0049365303244005565
2024-01-12,140800,140900,140800,140900,5,-0.0014174344436569397
2024-01-15,140900,140900,140000,140500,15,-0.002838892831795614
2024-01-16,140600,140800,140600,140800,2,0.002135231316725994
2024-01-17,140000,140200,138000,140200,18,-0.0042613636363636465
2024-01-18,140200,140200,140200,140200,4,0.0
2024-01-19,140500,140800,140100,140600,9,0.0028530670470756636
2024-01-22,137600,139800,137600,139800,38,-0.005689900426742556
2024-01-23,138000,140000,138000,139900,12,0.0007153075822603494
2024-01-24,139900,139900,139500,139900,12,0.0
2024-01-25,139800,141400,139100,140900,16,0.0071479628305932685
2024-01-26,140000,140400,140000,140400,13,-0.0035486160397445454
2024-01-29,140900,141000,140300,140900,70,0.0035612535612534746
2024-01-30,140900,142700,140900,142100,17,0.008516678495386731
2024-01-31,140900,142100,140400,142100,52,0.0
2024-02-01,144900,144900,142100,144300,305,0.015482054890921804
2024-02-02,144300,145600,144300,145400,183,0.007623007623007716
2024-02-05,145400,147000,145400,146800,291,0.009628610729023324
2024-02-06,146800,146800,144800,144900,188,-0.012942779291553186
2024-02-07,144300,144300,143400,144000,72,-0.006211180124223614
2024-02-08,144800,146000,144400,146000,88,0.01388888888888884
2024-02-13,146000,146000,145200,145700,137,-0.002054794520547909
2024-02-14,142400,147300,142400,146400,22,0.0048043925875085325
2024-02-15,145900,146400,145500,146300,14,-0.000683060109289646
2024-02-16,144300,146400,144300,146300,53,0.0
2024-02-19,145800,145800,143400,145100,110,-0.008202323991797655
2024-02-20,144100,144500,143300,144500,79,-0.004135079255685681
2024-02-21,144700,144700,143100,143100,66,-0.00968858131487893
2024-02-22,143000,143800,143000,143800,19,0.004891684136967056
2024-02-23,142800,145100,142800,144500,33,0.004867872044506338
2024-02-26,145000,145000,144300,144300,578,-0.0013840830449827202
2024-02-27,144300,144300,143700,143700,81,-0.004158004158004158
2024-02-28,144100,144100,142800,143700,27,0.0
2024-02-29,144300,144400,143400,144300,46,0.0041753653444676075
2024-03-04,145600,145700,145600,145700,848,0.00970200970200974
2024-03-05,171000,189300,161000,176900,9064,0.21413864104323954
2024-03-06,176900,185000,168000,177000,2824,0.0005652911249294235
2024-03-07,174000,174100,167100,167300,1079,-0.0548022598870056
2024-03-08,166000,170800,161800,168000,981,0.004184100418409997
2024-03-11,167100,170000,167100,168700,306,0.004166666666666652
2024-03-12,167500,170300,166500,170300,773,0.009484291641967957
2024-03-13,167600,173300,167600,173100,787,0.01644157369348198
2024-03-14,175600,180400,175600,179700,635,0.03812824956672434
2024-03-15,178000,180000,178000,179800,187,0.0005564830272677401
2024-03-18,180600,184300,180600,183800,621,0.022246941045606317
2024-03-19,184000,184000,179900,180900,456,-0.01577801958650704
2024-03-20,178100,181000,178100,179700,716,-0.0066334991708125735
2024-03-21,176700,180400,176700,180100,314,0.0022259321090707385
2024-03-22,180100,180300,179100,180300,287,0.001110494169905607
2024-03-25,180300,195000,178400,195000,1212,0.08153078202995001
2024-03-26,194500,194500,188000,188000,1194,-0.03589743589743588
2024-03-27,188400,189300,187100,189300,555,0.006914893617021356
2024-03-28,189300,189600,189200,189500,449,0.0010565240359217132
2024-03-29,189000,194000,189000,193700,1338,0.022163588390501365
2024-04-01,195000,196000,194700,194900,1785,0.006195147134744561
2024-04-02,196800,215500,195800,202000,2168,0.03642893791688051
2024-04-03,202000,205000,201500,203500,1943,0.007425742574257432
2024-04-04,203500,203500,196500,196500,617,-0.03439803439803435
2024-04-05,193400,197900,193400,196800,695,0.0015267175572519776
2024-04-08,198800,202500,198800,198900,1415,0.010670731707317138
2024-04-09,0,0,0,198900,0,0.0
2024-04-11,0,0,0,198900,0,0.0
2024-04-12,0,0,0,198900,0,0.0
2024-04-15,0,0,0,198900,0,0.0
2024-04-16,0,0,0,198900,0,0.0
2024-04-17,19100,19100,16920,17100,33674,-0.9140271493212669
2024-04-18,17100,17210,16440,16440,7426,-0.038596491228070184
2024-04-19,16390,16390,15750,15800,5648,-0.038929440389294356
2024-04-22,15850,16350,15850,16350,1982,0.034810126582278444
2024-04-23,16350,16390,16030,16030,4768,-0.01957186544342504
2024-04-24,16050,16050,15950,16000,3575,-0.0018714909544603753
2024-04-25,15790,15790,15720,15720,6369,-0.01749999999999996
2024-04-26,15850,15950,15530,15720,1325,0.0
2024-04-29,15890,15890,15490,15500,4213,-0.013994910941475869
2024-04-30,15400,15490,15350,15440,5933,-0.003870967741935516
2024-05-02,15360,15440,15350,15440,2795,0.0
2024-05-03,15440,15450,15340,15380,2669,-0.0038860103626943143
2024-05-07,15320,15360,15200,15210,7156,-0.011053315994798418
2024-05-08,15310,15380,15200,15200,2768,-0.0006574621959237748
2024-05-09,15200,15220,15160,15160,4041,-0.0026315789473684292
2024-05-10,15160,15500,15100,15500,4917,0.02242744063324542
2024-05-13,15650,15650,15250,15480,1040,-0.001290322580645209
2024-05-14,15490,15600,15410,15410,611,-0.004521963824289377
2024-05-16,15410,15430,15340,15370,413,-0.002595717066839698
2024-05-17,15370,15370,15360,15360,634,-0.0006506180871828082
2024-05-20,15450,15450,15350,15420,676,0.00390625
2024-05-21,15350,15420,15140,15400,3030,-0.0012970168612191912
2024-05-22,15450,15450,15260,15260,640,-0.009090909090909038
2024-05-23,15190,15700,15160,15570,8418,0.020314547837483543
2024-05-24,15540,16000,15540,16000,4073,0.027617212588310958
2024-05-27,16000,16000,15810,15880,317,-0.007499999999999951
2024-05-28,15830,15830,15490,15490,1353,-0.024559193954659997
2024-05-29,15430,15430,15280,15280,7580,-0.01355713363460298
2024-05-30,15260,15650,15240,15400,1554,0.007853403141361293
2024-05-31,15250,15300,15250,15300,502,-0.00649350649350644
2024-06-03,15390,15390,15180,15200,1886,-0.006535947712418277
2024-06-04,15200,15200,15160,15160,2594,-0.0026315789473684292
2024-06-05,15300,15300,15050,15200,1373,0.0026385224274405594
2024-06-07,15200,15300,15190,15300,5221,0.006578947368421018
2024-06-10,15250,15250,15140,15170,1592,-0.00849673202614376
2024-06-11,15220,15220,15150,15150,154,-0.0013183915622939635
2024-06-12,15150,15290,15150,15290,1087,0.009240924092409175
2024-06-13,15350,15350,15180,15280,3278,-0.0006540222367560355
2024-06-14,15120,15350,15120,15310,2401,0.0019633507853402676
2024-06-17,15350,15350,15200,15300,968,-0.0006531678641410466
2024-06-18,15300,15370,15300,15330,446,0.0019607843137254832
2024-06-19,15330,15380,15300,15300,7220,-0.00195694716242667
2024-06-20,15400,16000,15330,15900,4073,0.03921568627450989
2024-06-21,15900,15900,15710,15800,1526,-0.0062893081761006275
2024-06-24,15800,15850,15750,15800,4875,0.0
2024-06-25,15880,15890,15730,15800,582,0.0
2024-06-26,15880,15880,15790,15800,974,0.0
2024-06-27,15800,15800,15780,15780,370,-0.0012658227848101333
2024-06-28,15450,16000,15450,16000,19426,0.013941698352344822
2024-07-01,15380,15380,15150,15310,7230,-0.04312499999999997
2024-07-02,15310,15340,15200,15290,652,-0.0013063357282822041
2024-07-03,15150,15280,15100,15130,2561,-0.01046435578809679
2024-07-04,15250,15250,14950,15010,2584,-0.007931262392597449
2024-07-05,15130,15130,14950,15000,608,-0.0006662225183211579
2024-07-08,15000,15000,14960,15000,119,0.0
2024-07-09,15260,15260,15100,15100,404,0.006666666666666599
2024-07-10,15200,15200,15010,15010,754,-0.00596026490066226
2024-07-11,14900,15150,14900,15020,1249,0.0006662225183211579
2024-07-12,15150,15150,15000,15060,174,0.0026631158455392434
2024-07-15,15120,15120,15000,15000,1400,-0.003984063745019917
2024-07-16,15150,15150,15000,15030,154,0.0020000000000000018
2024-07-17,15190,15190,14980,15030,442,0.0
2024-07-18,15000,15030,14950,15030,614,0.0
2024-07-19,14950,15010,14950,15010,110,-0.0013306719893546592
2024-07-22,14980,15000,14950,15000,1301,-0.0006662225183211579
2024-07-23,15010,15150,14980,15120,637,0.008000000000000007
2024-07-24,15110,15110,15090,15090,26,-0.001984126984126977
2024-07-25,15000,15000,14960,15000,167,-0.005964214711729587
2024-07-26,14950,15000,14920,14940,141,-0.0040000000000000036
2024-07-29,14940,14970,14930,14930,1015,-0.0006693440428380271
2024-07-30,14940,14950,14910,14940,1742,0.0006697923643670389
2024-07-31,14940,14940,14900,14940,7443,0.0
2024-08-01,14720,14990,14490,14570,14497,-0.02476572958500667
2024-08-02,14540,14540,14220,14230,3734,-0.02333562113932741
2024-08-05,14360,14620,12490,13300,22145,-0.06535488404778633
2024-08-06,13240,13330,12620,13140,17889,-0.012030075187969946
2024-08-07,12940,13350,12800,13180,5140,0.003044140030441511
2024-08-08,12950,13180,12950,13090,633,-0.006828528072837625
2024-08-09,12930,13330,12870,13080,7107,-0.0007639419404125158
2024-08-12,13230,13230,12920,13150,7590,0.005351681957186605
2024-08-13,13310,13320,12920,13310,6199,0.012167300380228063
2024-08-14,13270,13390,13120,13390,2305,0.006010518407212562
2024-08-16,13450,13450,13150,13290,4363,-0.007468259895444307
2024-08-19,13370,13380,13080,13230,403,-0.004514672686230292
2024-08-20,13230,13370,13120,13370,243,0.010582010582010692
