Date,Open,High,Low,Close,Volume,Change
2022-01-03,1605,1685,1595,1665,811897,0.03738317757009346
2022-01-04,1665,1675,1630,1660,351208,-0.0030030030030030463
2022-01-05,1660,1730,1605,1650,855653,-0.0060240963855421326
2022-01-06,1630,1645,1565,1585,740390,-0.039393939393939426
2022-01-07,1570,1635,1570,1625,308117,0.025236593059936974
2022-01-10,1655,1655,1575,1645,430537,0.012307692307692353
2022-01-11,1625,1675,1600,1610,373416,-0.021276595744680882
2022-01-12,1595,1670,1595,1645,425073,0.021739130434782705
2022-01-13,1660,1670,1625,1655,387779,0.006079027355623046
2022-01-14,1645,1645,1595,1615,465135,-0.024169184290030232
2022-01-17,1600,1615,1560,1575,369283,-0.024767801857585092
2022-01-18,1565,1600,1525,1530,436734,-0.02857142857142858
2022-01-19,1530,1550,1480,1505,429571,-0.016339869281045805
2022-01-20,1480,1750,1480,1675,3508218,0.11295681063122931
2022-01-21,1660,1985,1640,1910,13225502,0.14029850746268657
2022-01-24,1865,1890,1740,1740,2599671,-0.08900523560209428
2022-01-25,1810,1850,1720,1800,2278057,0.034482758620689724
2022-01-26,1755,1840,1725,1735,1295418,-0.036111111111111094
2022-01-27,1750,1805,1685,1730,1377348,-0.0028818443804035088
2022-01-28,1735,1745,1630,1715,789815,-0.00867052023121384
2022-02-03,1715,1770,1705,1750,719666,0.020408163265306145
2022-02-04,1730,1770,1700,1745,704146,-0.0028571428571428914
2022-02-07,1755,1835,1745,1775,1168296,0.017191977077363862
2022-02-08,1795,1795,1695,1725,828049,-0.028169014084507005
2022-02-09,1730,1780,1710,1775,480244,0.02898550724637672
2022-02-10,1795,1795,1735,1760,387731,-0.008450704225352101
2022-02-11,1730,1730,1600,1660,1123281,-0.05681818181818177
2022-02-14,1595,1610,1540,1580,624191,-0.048192771084337394
2022-02-15,1560,1620,1530,1555,501246,-0.015822784810126556
2022-02-16,1585,1605,1575,1600,368013,0.02893890675241151
2022-02-17,1610,1620,1560,1595,499347,-0.0031250000000000444
2022-02-18,1575,1615,1560,1595,357665,0.0
2022-02-21,1595,1600,1555,1585,229878,-0.006269592476489061
2022-02-22,1575,1580,1525,1530,389903,-0.034700315457413256
2022-02-23,1515,1560,1515,1545,298894,0.009803921568627416
2022-02-24,1525,1545,1475,1480,700650,-0.04207119741100329
2022-02-25,1510,1545,1485,1525,477975,0.030405405405405483
2022-02-28,1530,1590,1520,1550,599410,0.016393442622950838
2022-03-02,1560,1570,1540,1565,216645,0.00967741935483879
2022-03-03,1585,1625,1570,1590,496233,0.015974440894568787
2022-03-04,1590,1590,1555,1580,269009,-0.0062893081761006275
2022-03-07,1570,1580,1495,1510,392433,-0.044303797468354444
2022-03-08,1470,1525,1470,1505,231595,-0.0033112582781457123
2022-03-10,1505,1565,1505,1530,292040,0.01661129568106312
2022-03-11,1545,1775,1500,1680,3460001,0.0980392156862746
2022-03-14,1680,1735,1630,1645,1353058,-0.02083333333333337
2022-03-15,1610,1685,1610,1635,757872,-0.006079027355623046
2022-03-16,1640,1720,1635,1690,996200,0.033639143730886945
2022-03-17,1695,1730,1680,1695,732031,0.002958579881656709
2022-03-18,1720,1720,1665,1685,345779,-0.005899705014749235
2022-03-21,1675,1715,1655,1685,279841,0.0
2022-03-22,1695,1715,1660,1690,520040,0.0029673590504450953
2022-03-23,1695,1715,1665,1705,330468,0.008875739644970349
2022-03-24,1700,1700,1665,1680,248465,-0.014662756598240456
2022-03-25,1670,1730,1665,1715,498030,0.02083333333333326
2022-03-28,1715,1730,1675,1710,313248,-0.002915451895043719
2022-03-29,1700,1720,1680,1710,335390,0.0
2022-03-30,1710,1725,1695,1705,284368,-0.0029239766081871066
2022-03-31,1700,1770,1700,1730,498443,0.014662756598240456
2022-04-01,1710,1810,1710,1740,819399,0.005780346820809301
2022-04-04,1795,1795,1705,1750,423857,0.005747126436781658
2022-04-05,1750,1780,1720,1760,411658,0.005714285714285783
2022-04-06,1755,1755,1700,1730,300553,-0.017045454545454586
2022-04-07,1720,1775,1700,1770,505524,0.023121387283236983
2022-04-08,1770,1815,1755,1780,618754,0.005649717514124353
2022-04-11,1755,1795,1740,1765,253690,-0.008426966292134797
2022-04-12,1765,1780,1725,1735,315831,-0.016997167138810165
2022-04-13,1735,1790,1725,1765,452515,0.01729106628242083
2022-04-14,1755,1770,1720,1740,311031,-0.014164305949008527
2022-04-15,1720,1765,1720,1760,270692,0.011494252873563315
2022-04-18,1740,1770,1735,1740,386536,-0.011363636363636354
2022-04-19,1730,1750,1705,1745,377339,0.002873563218390718
2022-04-20,1745,1755,1715,1730,241409,-0.008595988538681931
2022-04-21,1720,1740,1670,1700,532322,-0.017341040462427793
2022-04-22,1675,1715,1665,1690,385188,-0.00588235294117645
2022-04-25,1685,1740,1585,1625,846142,-0.038461538461538436
2022-04-26,1620,1665,1620,1650,220973,0.01538461538461533
2022-04-27,1620,1630,1600,1630,198009,-0.012121212121212088
2022-04-28,1665,1670,1590,1590,373027,-0.024539877300613466
2022-04-29,1590,1620,1590,1605,185007,0.009433962264151052
2022-05-02,1580,1610,1570,1580,257578,-0.015576323987538943
2022-05-03,1600,1600,1545,1555,261136,-0.015822784810126556
2022-05-04,1555,1570,1500,1500,392214,-0.03536977491961413
2022-05-06,1510,1535,1490,1505,424214,0.0033333333333334103
2022-05-09,1525,1525,1430,1440,524098,-0.04318936877076407
2022-05-10,1435,1435,1345,1410,442260,-0.02083333333333337
2022-05-11,1410,1435,1375,1415,271587,0.0035460992907800915
2022-05-12,1385,1595,1375,1415,1233287,0.0
2022-05-13,1430,1575,1405,1475,2477794,0.042402826855123754
2022-05-16,1495,1530,1450,1465,752912,-0.006779661016949157
2022-05-17,1460,1475,1400,1440,597603,-0.017064846416382284
2022-05-18,1440,1675,1435,1675,4440559,0.16319444444444442
2022-05-19,1410,1450,1270,1345,17680588,-0.19701492537313436
2022-05-20,1350,1390,1335,1350,2412061,0.0037174721189590088
2022-05-23,1355,1360,1320,1335,1494560,-0.011111111111111072
2022-05-24,1335,1360,1300,1305,894595,-0.022471910112359605
2022-05-25,1315,1360,1300,1350,702607,0.034482758620689724
2022-05-26,1335,1425,1335,1405,1784869,0.040740740740740744
2022-05-27,1390,1410,1350,1355,860225,-0.03558718861209964
2022-05-30,1380,1385,1340,1360,504976,0.0036900369003689537
2022-05-31,1360,1400,1355,1380,643640,0.014705882352941124
2022-06-02,1395,1400,1365,1370,413967,-0.007246376811594235
2022-06-03,1385,1385,1350,1350,617191,-0.014598540145985384
2022-06-07,1355,1360,1320,1340,537561,-0.007407407407407418
2022-06-08,1340,1395,1325,1350,809219,0.00746268656716409
2022-06-09,1350,1395,1320,1350,1474729,0.0
2022-06-10,1330,1355,1315,1320,824372,-0.022222222222222254
2022-06-13,1300,1305,1260,1260,850499,-0.045454545454545414
2022-06-14,1235,1280,1215,1255,515832,-0.003968253968253954
2022-06-15,1225,1270,1195,1210,842050,-0.03585657370517925
2022-06-16,1240,1255,1195,1225,576045,0.012396694214876103
2022-06-17,1175,1215,1160,1200,577452,-0.020408163265306145
2022-06-20,1250,1260,1175,1205,947756,0.004166666666666652
2022-06-21,1205,1280,1205,1250,624881,0.03734439834024905
2022-06-22,1235,1295,1190,1200,671469,-0.040000000000000036
2022-06-23,1215,1225,1140,1155,900879,-0.03749999999999998
2022-06-24,1175,1215,1155,1200,449210,0.03896103896103886
2022-06-27,1200,1250,1175,1230,805170,0.02499999999999991
2022-06-28,1220,1235,1170,1185,985287,-0.03658536585365857
2022-06-29,1165,1185,1165,1180,510422,-0.00421940928270037
2022-06-30,1195,1195,1155,1155,709017,-0.021186440677966156
2022-07-01,1155,1180,1105,1120,986798,-0.030303030303030276
2022-07-04,1120,1135,1055,1120,699648,0.0
2022-07-05,1120,1150,1115,1140,472453,0.017857142857142794
2022-07-06,1140,1140,1065,1105,580651,-0.030701754385964897
2022-07-07,1105,1115,1080,1105,516309,0.0
2022-07-08,1105,1165,1100,1130,696404,0.02262443438914019
2022-07-11,1130,1180,1130,1170,908582,0.03539823008849563
2022-07-12,1160,1195,1140,1180,558780,0.008547008547008517
2022-07-13,1180,1215,1160,1185,664582,0.004237288135593209
2022-07-14,1185,1195,1145,1145,449147,-0.03375527426160341
2022-07-15,1145,1160,1100,1125,575739,-0.017467248908296984
2022-07-18,1135,1160,1100,1130,418909,0.004444444444444473
2022-07-19,1130,1165,1130,1160,355286,0.026548672566371723
2022-07-20,1165,1170,1150,1155,339754,-0.004310344827586188
2022-07-21,1165,1180,1155,1160,293730,0.0043290043290042934
2022-07-22,1170,1175,1150,1160,426350,0.0
2022-07-25,1160,1160,1135,1140,189262,-0.017241379310344862
2022-07-26,1150,1165,1140,1150,285539,0.00877192982456143
2022-07-27,1140,1190,1140,1165,372365,0.01304347826086949
2022-07-28,1190,1190,1160,1165,191954,0.0
2022-07-29,1160,1185,1160,1175,736289,0.008583690987124415
2022-08-01,1190,1210,1175,1185,528115,0.008510638297872353
2022-08-02,1185,1195,1170,1175,269756,-0.008438818565400852
2022-08-03,1185,1200,1165,1170,327539,-0.004255319148936176
2022-08-04,1185,1210,1170,1195,615039,0.02136752136752129
2022-08-05,1195,1230,1185,1215,476557,0.01673640167364021
2022-08-08,1205,1215,1180,1195,339442,-0.016460905349794275
2022-08-09,1200,1210,1185,1200,287160,0.004184100418409997
2022-08-10,1215,1215,1175,1180,431258,-0.01666666666666672
2022-08-11,1190,1195,1165,1165,322810,-0.012711864406779627
2022-08-12,1165,1180,1160,1160,474454,-0.0042918454935622075
2022-08-16,1150,1165,1140,1145,445692,-0.012931034482758674
2022-08-17,1140,1150,1130,1140,288617,-0.004366812227074246
2022-08-18,1140,1150,1120,1150,228427,0.00877192982456143
2022-08-19,1145,1155,1110,1120,755453,-0.02608695652173909
2022-08-22,1150,1315,1135,1245,4695934,0.1116071428571428
2022-08-23,1250,1255,1175,1180,1074716,-0.052208835341365445
2022-08-24,1210,1225,1175,1180,598930,0.0
2022-08-25,1175,1190,1150,1160,462998,-0.016949152542372836
2022-08-26,1170,1215,1170,1190,503441,0.02586206896551735
2022-08-29,1155,1180,1130,1155,490181,-0.02941176470588236
2022-08-30,1160,1185,1145,1145,284017,-0.008658008658008698
2022-08-31,1145,1165,1125,1150,411702,0.004366812227074135
2022-09-01,1150,1165,1125,1140,430258,-0.008695652173912993
2022-09-02,1145,1155,1130,1140,317683,0.0
2022-09-05,1135,1150,1105,1115,447495,-0.021929824561403466
2022-09-06,1120,1135,1095,1110,412608,-0.004484304932735439
2022-09-07,1110,1110,1055,1070,676665,-0.036036036036036
2022-09-08,1105,1140,1070,1125,604732,0.051401869158878455
2022-09-13,1155,1165,1120,1130,1110321,0.004444444444444473
2022-09-14,1125,1125,1080,1090,691446,-0.03539823008849563
2022-09-15,1105,1105,1040,1050,996249,-0.03669724770642202
2022-09-16,1050,1065,1030,1065,365503,0.014285714285714235
2022-09-19,1065,1070,1030,1040,256631,-0.023474178403755874
2022-09-20,1040,1055,1025,1035,452392,-0.004807692307692291
2022-09-21,1040,1045,1020,1030,256036,-0.004830917874396157
2022-09-22,1035,1040,999,1025,483515,-0.004854368932038833
2022-09-23,1005,1035,1000,1015,408046,-0.009756097560975618
2022-09-26,1015,1015,971,977,783556,-0.03743842364532024
2022-09-27,951,1000,951,985,334312,0.008188331627430934
2022-09-28,995,995,955,967,356292,-0.018274111675126936
2022-09-29,978,1035,968,1010,531121,0.04446742502585321
2022-09-30,985,1015,985,1005,276370,-0.004950495049504955
2022-10-04,1010,1020,1000,1015,260420,0.00995024875621886
2022-10-05,1025,1035,995,996,305009,-0.01871921182266012
2022-10-06,998,1015,998,1010,134032,0.014056224899598346
2022-10-07,1010,1030,999,1000,206753,-0.00990099009900991
2022-10-11,993,999,969,977,340336,-0.02300000000000002
2022-10-12,995,1000,971,984,271750,0.007164790174001956
2022-10-13,963,985,955,958,297717,-0.026422764227642226
2022-10-14,961,989,961,984,174634,0.02713987473903967
2022-10-17,979,995,962,995,517355,0.011178861788617933
2022-10-18,1000,1020,999,1015,148042,0.0201005025125629
2022-10-19,1020,1020,993,995,140719,-0.019704433497536922
2022-10-20,997,1005,980,982,211505,-0.013065326633165841
2022-10-21,988,988,968,973,193217,-0.009164969450101812
2022-10-24,973,1005,973,996,241680,0.023638232271325776
2022-10-25,1010,1010,983,1005,195672,0.009036144578313143
2022-10-26,994,1005,973,987,360883,-0.017910447761193993
2022-10-27,987,997,985,992,157932,0.005065856129685908
2022-10-28,991,1020,982,991,257573,-0.0010080645161290036
2022-10-31,1010,1010,983,992,194648,0.0010090817356205317
2022-11-01,992,1020,987,1010,299803,0.01814516129032251
2022-11-02,1010,1010,980,998,184328,-0.011881188118811892
2022-11-03,992,992,956,977,504726,-0.02104208416833664
2022-11-04,980,990,960,966,424863,-0.011258955987717534
2022-11-07,977,982,961,961,173959,-0.005175983436852993
2022-11-08,966,978,959,962,220744,0.0010405827263266776
2022-11-09,971,981,966,970,247476,0.008316008316008316
2022-11-10,976,977,951,969,181830,-0.0010309278350515427
2022-11-11,998,999,960,975,325149,0.006191950464396356
2022-11-14,975,1005,965,993,351458,0.01846153846153853
2022-11-15,982,1010,982,998,147368,0.0050352467270895485
2022-11-16,1005,1015,982,990,190760,-0.008016032064128265
2022-11-17,992,993,980,983,232921,-0.007070707070707116
2022-11-18,997,997,971,975,273916,-0.008138351983723258
2022-11-21,980,980,954,965,574338,-0.01025641025641022
2022-11-22,963,970,960,965,252400,0.0
2022-11-23,968,980,961,968,208081,0.0031088082901553626
2022-11-24,957,985,957,979,224147,0.011363636363636465
2022-11-25,975,979,957,961,228398,-0.018386108273748758
2022-11-28,965,965,936,936,552051,-0.026014568158168605
2022-11-29,910,939,908,936,151713,0.0
2022-11-30,949,949,928,934,100848,-0.002136752136752129
2022-12-01,953,953,936,941,102497,0.007494646680942241
2022-12-02,948,948,889,933,192571,-0.008501594048884176
2022-12-05,948,955,908,940,239227,0.007502679528403
2022-12-06,940,942,925,936,112252,-0.004255319148936176
2022-12-07,944,944,930,936,118655,0.0
2022-12-08,941,941,921,938,162568,0.002136752136752129
2022-12-09,940,964,937,953,199010,0.015991471215351716
2022-12-12,954,958,941,947,174361,-0.006295907660020972
2022-12-13,953,957,932,947,169350,0.0
2022-12-14,949,972,946,960,395314,0.01372756071805692
2022-12-15,960,967,945,953,148618,-0.007291666666666696
2022-12-16,953,953,937,939,162546,-0.014690451206715638
2022-12-19,942,950,936,937,175714,-0.0021299254526091493
2022-12-20,937,939,915,921,216821,-0.01707577374599789
2022-12-21,926,927,911,916,168350,-0.005428881650380024
2022-12-22,925,927,910,923,139174,0.007641921397379958
2022-12-23,929,929,910,914,159230,-0.009750812567713929
2022-12-26,919,919,899,905,225912,-0.009846827133479175
2022-12-27,908,912,900,907,129622,0.0022099447513812542
2022-12-28,913,913,905,907,84582,0.0
2022-12-29,913,913,888,888,236291,-0.02094818081587657
2023-01-02,896,908,886,891,278283,0.0033783783783782884
2023-01-03,891,904,875,901,251509,0.011223344556677839
2023-01-04,878,901,878,891,220989,-0.011098779134295245
2023-01-05,885,899,880,888,161619,-0.0033670033670033517
2023-01-06,885,933,885,920,472103,0.03603603603603611
2023-01-09,935,935,919,924,228632,0.004347826086956497
2023-01-10,930,940,921,922,145314,-0.0021645021645021467
2023-01-11,924,946,923,946,241216,0.026030368763557465
2023-01-12,960,968,939,952,294746,0.00634249471458781
2023-01-13,974,996,955,967,579083,0.015756302521008347
2023-01-16,958,987,956,960,218748,-0.007238883143743546
2023-01-17,962,980,944,944,220722,-0.01666666666666672
2023-01-18,944,956,926,936,130026,-0.008474576271186418
2023-01-19,935,940,927,937,110486,0.0010683760683760646
2023-01-20,941,946,936,942,115238,0.005336179295624355
2023-01-25,942,960,936,936,149609,-0.006369426751592355
2023-01-26,940,946,933,940,71123,0.004273504273504258
2023-01-27,940,956,939,944,98608,0.004255319148936065
2023-01-30,942,965,940,949,164389,0.005296610169491567
2023-01-31,945,954,935,944,159512,-0.005268703898840932
2023-02-01,949,991,949,976,469068,0.03389830508474567
2023-02-02,959,988,955,977,246860,0.0010245901639345245
2023-02-03,973,984,973,982,192403,0.0051177072671442225
2023-02-06,970,985,956,956,162960,-0.02647657841140527
2023-02-07,957,958,942,950,171843,-0.006276150627615107
2023-02-08,950,951,940,941,167865,-0.0094736842105263
2023-02-09,948,948,923,927,184546,-0.014877789585547307
2023-02-10,928,928,903,911,375843,-0.017259978425027023
2023-02-13,911,915,898,906,171070,-0.005488474204171201
2023-02-14,909,911,893,906,220719,0.0
2023-02-15,888,903,880,888,472999,-0.019867549668874163
2023-02-16,888,896,883,891,289723,0.0033783783783782884
2023-02-17,885,891,876,887,195868,-0.004489337822671136
2023-02-20,889,991,886,947,1760981,0.06764374295377684
2023-02-21,947,950,913,913,415044,-0.035902851108764566
2023-02-22,912,912,888,891,512924,-0.02409638554216864
2023-02-23,889,899,882,894,226078,0.0033670033670034627
2023-02-24,890,898,885,888,182601,-0.006711409395973145
2023-02-27,888,893,882,887,139086,-0.0011261261261261701
2023-02-28,888,892,884,885,229241,-0.0022547914317925244
2023-03-02,885,891,875,878,178528,-0.00790960451977396
2023-03-03,878,882,866,874,523716,-0.004555808656036442
2023-03-06,874,876,859,866,250501,-0.009153318077803174
2023-03-07,874,890,863,881,455081,0.01732101616628179
2023-03-08,880,880,862,868,262360,-0.014755959137343955
2023-03-09,869,886,867,884,326579,0.018433179723502224
2023-03-10,872,879,856,863,413898,-0.02375565610859731
2023-03-13,853,869,853,863,192839,0.0
2023-03-14,863,866,841,848,330238,-0.017381228273464666
2023-03-15,873,873,840,856,260450,0.009433962264151052
2023-03-16,856,857,838,843,292349,-0.015186915887850483
2023-03-17,843,866,841,859,202742,0.018979833926453082
2023-03-20,859,879,859,871,262971,0.01396973224679865
2023-03-21,871,913,871,872,453046,0.0011481056257176547
2023-03-22,884,898,870,881,282402,0.010321100917431103
2023-03-23,881,881,849,855,334349,-0.02951191827468791
2023-03-24,852,865,843,858,207279,0.0035087719298245723
2023-03-27,859,860,831,843,289488,-0.0174825174825175
2023-03-28,845,856,840,855,174299,0.014234875444839812
2023-03-29,913,913,850,858,277348,0.0035087719298245723
2023-03-30,854,866,845,858,308363,0.0
2023-03-31,858,864,845,851,283392,-0.00815850815850816
2023-04-03,851,852,835,838,342695,-0.01527614571092828
2023-04-04,840,844,824,839,738018,0.0011933174224343368
2023-04-05,840,848,824,837,472305,-0.0023837902264600697
2023-04-06,840,850,821,822,909364,-0.017921146953404965
2023-04-07,836,836,813,817,631369,-0.006082725060827299
2023-04-10,818,818,791,807,878487,-0.012239902080783405
2023-04-11,807,817,794,810,626350,0.0037174721189590088
2023-04-12,810,864,808,853,824644,0.05308641975308648
2023-04-13,852,873,790,872,932914,0.022274325908558046
2023-04-14,880,895,868,885,778007,0.014908256880733939
2023-04-17,895,903,864,877,375673,-0.009039548022598876
2023-04-18,877,923,858,913,948381,0.04104903078677302
2023-04-19,915,939,913,924,804828,0.012048192771084265
2023-04-20,939,939,896,896,408898,-0.030303030303030276
2023-04-21,896,899,871,889,284794,-0.0078125
2023-04-24,889,905,857,864,442443,-0.028121484814398245
2023-04-25,874,879,847,863,299487,-0.0011574074074074403
2023-04-26,858,873,840,852,137839,-0.01274623406720743
2023-04-27,856,862,836,858,219509,0.007042253521126751
2023-04-28,885,885,838,847,252510,-0.012820512820512775
2023-05-02,850,861,846,860,191827,0.015348288075560879
2023-05-03,859,859,840,845,203200,-0.01744186046511631
2023-05-04,810,848,810,844,181618,-0.0011834319526626835
2023-05-08,844,860,844,852,118547,0.009478672985782088
2023-05-09,852,870,845,862,262232,0.011737089201877993
2023-05-10,858,862,845,847,187622,-0.01740139211136893
2023-05-11,853,860,841,851,138809,0.0047225501770955525
2023-05-12,843,851,835,835,251755,-0.018801410105757976
2023-05-15,851,858,820,828,321194,-0.008383233532934131
2023-05-16,836,836,814,821,193493,-0.008454106280193274
2023-05-17,800,856,800,837,458211,0.01948842874543244
2023-05-18,840,842,824,827,285469,-0.01194743130227005
2023-05-19,818,842,815,830,223925,0.0036275695284160303
2023-05-22,824,837,824,830,219975,0.0
2023-05-23,835,835,824,829,278242,-0.001204819277108471
2023-05-24,829,833,818,821,174442,-0.00965018094089265
2023-05-25,825,825,800,813,392667,-0.00974421437271622
2023-05-26,806,815,801,808,223028,-0.006150061500615034
2023-05-30,808,818,808,813,164680,0.006188118811881083
2023-05-31,810,822,801,809,185660,-0.004920049200492049
2023-06-01,830,830,808,816,152456,0.008652657601977642
2023-06-02,820,820,809,817,107995,0.001225490196078427
2023-06-05,818,823,810,821,200950,0.004895960832313362
2023-06-07,825,825,810,810,134363,-0.013398294762484775
2023-06-08,811,815,803,809,141200,-0.0012345679012345512
2023-06-09,809,817,802,804,200783,-0.006180469715698411
2023-06-12,804,804,794,794,328527,-0.01243781094527363
2023-06-13,794,801,791,798,239608,0.005037783375314797
2023-06-14,800,800,777,780,399002,-0.022556390977443663
2023-06-15,785,785,762,775,362823,-0.0064102564102563875
2023-06-16,776,787,767,767,179547,-0.010322580645161339
2023-06-19,782,782,745,747,311941,-0.026075619295958252
2023-06-20,720,760,720,730,394262,-0.022757697456492587
2023-06-21,727,735,712,720,228516,-0.013698630136986356
2023-06-22,718,722,699,699,345477,-0.029166666666666674
2023-06-23,719,719,696,710,253830,0.01573676680972813
2023-06-26,715,724,701,715,193838,0.007042253521126751
2023-06-27,715,725,707,720,157221,0.006993006993007089
2023-06-28,725,725,703,705,146010,-0.02083333333333337
2023-06-29,703,710,695,697,288081,-0.01134751773049647
2023-06-30,698,733,692,732,433757,0.050215208034433356
2023-07-03,732,746,690,704,346229,-0.03825136612021862
2023-07-04,704,711,686,694,457216,-0.014204545454545414
2023-07-05,697,697,685,691,111713,-0.004322766570605152
2023-07-06,691,694,670,680,177660,-0.01591895803183796
2023-07-07,662,675,657,659,280020,-0.030882352941176472
2023-07-10,659,711,650,670,362725,0.01669195751138086
2023-07-11,675,687,666,668,129826,-0.0029850746268657025
2023-07-12,674,675,655,662,126901,-0.008982035928143728
2023-07-13,661,700,661,670,154936,0.012084592145015005
2023-07-14,667,675,658,665,136598,-0.007462686567164201
2023-07-17,677,694,652,665,204737,0.0
2023-07-18,665,667,630,639,423058,-0.0390977443609023
2023-07-19,640,645,605,622,533973,-0.026604068857590035
2023-07-20,622,643,610,633,242720,0.01768488745980701
2023-07-21,663,663,619,619,195419,-0.02211690363349128
2023-07-24,619,629,598,600,395265,-0.030694668820678506
2023-07-25,604,604,585,589,342458,-0.018333333333333313
2023-07-26,589,592,538,543,841331,-0.07809847198641762
2023-07-27,550,578,545,560,393353,0.03130755064456725
2023-07-28,560,573,553,571,197901,0.019642857142857073
2023-07-31,604,604,563,572,125864,0.0017513134851139256
2023-08-01,552,652,552,608,885005,0.06293706293706292
2023-08-02,624,702,605,675,1819774,0.11019736842105265
2023-08-03,668,677,637,668,350487,-0.010370370370370363
2023-08-04,668,668,640,647,349021,-0.03143712574850299
2023-08-07,642,706,631,680,576529,0.051004636785162205
2023-08-08,670,697,659,663,293831,-0.025000000000000022
2023-08-09,663,690,651,668,181661,0.007541478129713397
2023-08-10,668,688,655,671,158725,0.004491017964071808
2023-08-11,671,683,658,672,340871,0.0014903129657228842
2023-08-14,664,708,662,707,331357,0.05208333333333326
2023-08-16,715,736,697,710,481270,0.004243281471004279
2023-08-17,723,723,681,694,275808,-0.022535211267605604
2023-08-18,700,704,659,692,130613,-0.0028818443804035088
2023-08-21,692,705,671,694,99644,0.0028901734104045396
2023-08-22,700,700,645,653,291351,-0.05907780979827093
2023-08-23,666,666,638,640,190726,-0.019908116385911168
2023-08-24,640,658,639,652,93499,0.018750000000000044
2023-08-25,656,656,638,647,87996,-0.0076687116564416735
2023-08-28,646,647,632,638,59782,-0.01391035548686248
2023-08-29,631,642,629,634,85026,-0.006269592476489061
2023-08-30,634,645,629,634,82866,0.0
2023-08-31,634,640,621,621,105595,-0.02050473186119872
2023-09-01,621,625,610,618,145461,-0.004830917874396157
2023-09-04,610,619,610,611,70849,-0.01132686084142398
2023-09-05,606,623,606,607,170641,-0.006546644844517169
2023-09-06,610,610,597,600,162118,-0.011532125205930832
2023-09-07,600,609,588,591,189187,-0.015000000000000013
2023-09-08,590,601,590,592,64694,0.0016920473773265332
2023-09-11,610,610,594,604,52758,0.020270270270270174
2023-09-12,608,622,604,611,97949,0.011589403973509826
2023-09-13,606,615,599,608,113336,-0.004909983633387904
2023-09-14,593,612,593,605,70250,-0.004934210526315819
2023-09-15,605,614,599,604,125690,-0.0016528925619834212
2023-09-18,599,612,599,607,71961,0.004966887417218624
2023-09-19,607,615,607,610,79356,0.0049423393739702615
2023-09-20,615,615,597,600,91824,-0.016393442622950838
2023-09-21,600,605,588,594,102009,-0.010000000000000009
2023-09-22,596,625,579,595,80708,0.0016835016835017313
2023-09-25,588,611,585,592,145008,-0.005042016806722671
2023-09-26,585,600,580,580,77596,-0.020270270270270285
2023-09-27,579,579,565,578,136646,-0.0034482758620689724
2023-10-04,575,575,560,568,89269,-0.01730103806228378
2023-10-05,567,579,560,561,69857,-0.01232394366197187
2023-10-06,575,579,562,570,84126,0.016042780748663166
2023-10-10,590,590,558,563,43991,-0.012280701754386003
2023-10-11,563,570,556,563,79119,0.0
2023-10-12,563,568,540,555,91886,-0.014209591474245165
2023-10-13,555,563,540,561,110815,0.0108108108108107
2023-10-16,561,562,546,551,116200,-0.017825311942959
2023-10-17,547,611,547,581,531081,0.05444646098003636
2023-10-18,580,585,555,570,92565,-0.018932874354561147
2023-10-19,559,599,555,555,89330,-0.02631578947368418
2023-10-20,560,571,547,560,59295,0.009009009009008917
2023-10-23,560,574,552,552,70520,-0.014285714285714235
2023-10-24,540,560,540,557,52810,0.009057971014492683
2023-10-25,557,557,538,541,159756,-0.02872531418312385
2023-10-26,536,543,519,526,175302,-0.027726432532347522
2023-10-27,528,540,510,514,186588,-0.02281368821292773
2023-10-30,518,518,509,510,170819,-0.0077821011673151474
2023-10-31,513,518,487,492,354655,-0.03529411764705881
2023-11-01,489,507,485,495,134766,0.0060975609756097615
2023-11-02,500,513,497,503,138991,0.016161616161616266
2023-11-03,506,506,489,502,223047,-0.001988071570576566
2023-11-06,510,514,500,503,167768,0.0019920318725099584
2023-11-07,506,508,494,500,107269,-0.005964214711729587
2023-11-08,500,505,497,499,63013,-0.0020000000000000018
2023-11-09,499,503,490,499,134859,0.0
2023-11-10,499,499,491,495,68312,-0.008016032064128265
2023-11-13,495,500,489,489,74388,-0.012121212121212088
2023-11-14,484,501,484,497,54105,0.01635991820040905
2023-11-15,505,509,497,506,82885,0.01810865191146882
2023-11-16,506,509,496,503,21511,-0.005928853754940677
2023-11-17,503,505,492,502,63914,-0.001988071570576566
2023-11-20,502,506,499,502,49757,0.0
2023-11-21,500,504,494,501,97605,-0.0019920318725099584
2023-11-22,501,536,497,535,288228,0.06786427145708585
2023-11-23,535,684,535,606,6125500,0.1327102803738318
2023-11-24,607,610,569,581,466188,-0.041254125412541254
2023-11-27,576,585,556,558,327176,-0.03958691910499135
2023-11-28,558,678,545,618,5200652,0.10752688172043001
2023-11-29,618,618,558,600,476762,-0.029126213592232997
2023-11-30,600,608,590,602,165580,0.0033333333333334103
2023-12-01,597,617,593,604,195879,0.0033222591362125353
2023-12-04,604,612,580,609,225559,0.008278145695364225
2023-12-05,599,680,599,645,1187385,0.059113300492610765
2023-12-06,645,668,627,668,462964,0.0356589147286821
2023-12-07,668,706,649,669,605100,0.0014970059880239361
2023-12-08,668,693,646,691,204968,0.03288490284005974
2023-12-11,697,697,672,681,220684,-0.01447178002894356
2023-12-12,681,688,670,685,117329,0.005873715124816492
2023-12-13,682,689,620,667,267905,-0.026277372262773713
2023-12-14,666,677,638,662,569285,-0.007496251874062998
2023-12-15,662,669,644,657,345109,-0.007552870090634434
2023-12-18,651,657,633,637,255960,-0.030441400304414
2023-12-19,642,642,623,623,354865,-0.02197802197802201
2023-12-20,616,662,616,638,413569,0.024077046548956593
2023-12-21,638,638,616,617,325036,-0.0329153605015674
2023-12-22,617,623,601,621,198046,0.006482982171799101
2023-12-26,621,636,610,629,133872,0.012882447665056418
2023-12-27,629,635,611,625,137961,-0.006359300476947549
2023-12-28,626,640,620,624,200236,-0.0016000000000000458
2024-01-02,620,632,614,631,154008,0.011217948717948678
2024-01-03,636,646,627,633,159919,0.0031695721077653616
2024-01-04,633,637,611,612,224167,-0.033175355450236976
2024-01-05,620,620,609,616,229137,0.006535947712418277
2024-01-08,616,620,609,613,66776,-0.004870129870129913
2024-01-09,613,620,607,615,237548,0.0032626427406199365
2024-01-10,620,620,606,611,89989,-0.006504065040650375
2024-01-11,612,615,608,611,145414,0.0
2024-01-12,615,615,597,603,207513,-0.013093289689034338
2024-01-15,603,603,585,590,176927,-0.021558872305140975
2024-01-16,600,600,583,587,144858,-0.005084745762711895
2024-01-17,600,600,566,578,239066,-0.015332197614991494
2024-01-18,573,595,573,592,95903,0.02422145328719716
2024-01-19,597,601,576,580,125854,-0.020270270270270285
2024-01-22,585,588,571,571,113057,-0.01551724137931032
2024-01-23,573,578,550,560,395720,-0.019264448336252182
2024-01-24,559,567,547,551,176112,-0.016071428571428625
2024-01-25,550,554,538,551,340866,0.0
2024-01-26,544,575,530,567,435699,0.029038112522685955
2024-01-29,566,625,566,605,1895910,0.0670194003527338
2024-01-30,605,618,590,592,851542,-0.02148760330578514
2024-01-31,595,645,567,600,1090549,0.013513513513513598
2024-02-01,605,622,581,582,708123,-0.030000000000000027
2024-02-02,582,618,578,608,639893,0.04467353951890041
2024-02-05,609,613,595,600,482959,-0.013157894736842146
2024-02-06,600,601,579,590,345480,-0.01666666666666672
2024-02-07,590,595,567,569,733179,-0.035593220338983045
2024-02-08,569,569,551,558,698697,-0.019332161687170446
2024-02-13,560,578,559,575,383620,0.03046594982078843
2024-02-14,575,584,562,578,423688,0.00521739130434784
2024-02-15,574,583,562,563,343721,-0.02595155709342556
2024-02-16,563,563,551,556,275569,-0.01243339253996445
2024-02-19,555,582,555,574,358469,0.03237410071942448
2024-02-20,574,583,565,575,527663,0.0017421602787457413
2024-02-21,575,583,561,567,349502,-0.013913043478260834
2024-02-22,567,572,557,561,326458,-0.010582010582010581
2024-02-23,568,582,559,566,399074,0.00891265597147961
2024-02-26,566,735,566,667,34658557,0.17844522968197873
2024-02-27,642,758,620,705,12232332,0.05697151424287861
2024-02-28,702,710,682,684,1523989,-0.029787234042553234
2024-02-29,678,692,655,670,1191991,-0.020467836257309968
2024-03-04,672,725,640,714,1760424,0.06567164179104479
2024-03-05,716,718,680,692,664906,-0.03081232492997199
2024-03-06,700,742,677,721,1551872,0.041907514450867156
2024-03-07,721,833,707,821,5013164,0.1386962552011095
2024-03-08,821,938,812,914,6911019,0.11327649208282575
2024-03-11,914,953,900,945,2013208,0.03391684901531722
2024-03-12,958,969,899,943,1639685,-0.002116402116402072
2024-03-13,943,978,922,950,1740834,0.007423117709437932
2024-03-14,950,968,912,918,1370171,-0.03368421052631576
2024-03-15,918,998,889,974,2034607,0.061002178649237404
2024-03-18,974,1025,966,976,2319664,0.002053388090349051
2024-03-19,986,1011,956,988,898377,0.012295081967213184
2024-03-20,999,999,969,975,834706,-0.013157894736842146
2024-03-21,976,1020,976,999,1239777,0.024615384615384706
2024-03-22,999,1128,988,1116,4165905,0.11711711711711703
2024-03-25,1129,1150,1087,1131,1437822,0.013440860215053752
2024-03-26,1139,1147,1050,1079,2217231,-0.04597701149425293
2024-03-27,1079,1180,1030,1133,3058913,0.05004633920296575
2024-03-28,1125,1139,1106,1117,1271157,-0.014121800529567574
2024-03-29,1135,1189,1108,1179,1899579,0.05550581915846009
2024-04-01,1170,1191,1120,1132,1203956,-0.03986429177268869
2024-04-02,1132,1149,1030,1102,1833671,-0.026501766784452263
2024-04-03,1065,1120,988,1052,2457589,-0.04537205081669693
2024-04-04,1102,1150,1033,1037,1578093,-0.014258555133079831
2024-04-05,1037,1049,960,987,1872057,-0.04821600771456125
2024-04-08,987,1060,987,1036,1332763,0.049645390070921946
2024-04-09,1045,1080,1003,1007,898673,-0.027992277992277992
2024-04-11,1010,1020,988,990,512967,-0.01688182720953324
2024-04-12,990,1000,936,977,1063582,-0.013131313131313105
2024-04-15,952,974,911,961,631152,-0.016376663254861867
2024-04-16,957,960,900,930,730183,-0.032258064516129004
2024-04-17,949,949,904,915,342179,-0.016129032258064502
2024-04-18,906,943,904,921,404521,0.006557377049180246
2024-04-19,946,953,895,919,480055,-0.0021715526601520097
2024-04-22,918,942,906,911,320508,-0.008705114254624613
2024-04-23,913,934,865,876,799428,-0.03841931942919863
2024-04-24,883,893,819,843,1423809,-0.03767123287671237
2024-04-25,843,846,800,804,775146,-0.0462633451957295
2024-04-26,799,827,764,808,1226532,0.004975124378109541
2024-04-29,815,874,807,860,796477,0.06435643564356441
2024-04-30,851,878,827,878,780680,0.020930232558139528
2024-05-02,896,917,842,850,809354,-0.03189066059225509
2024-05-03,857,857,809,816,729451,-0.040000000000000036
2024-05-07,821,856,806,816,341308,0.0
2024-05-08,817,1040,817,980,5508929,0.2009803921568627
2024-05-09,964,1014,942,961,1138680,-0.019387755102040827
2024-05-10,910,969,895,911,1068175,-0.0520291363163371
