Date,Open,High,Low,Close,Volume,Change
2022-01-03,29900,30350,29500,30350,156956,0.02360876897133224
2022-01-04,30400,31000,30250,30600,204384,0.008237232289950658
2022-01-05,30600,30650,29450,29550,183385,-0.03431372549019607
2022-01-06,28500,29300,28500,28850,159577,-0.02368866328257191
2022-01-07,28850,29700,28850,29300,115086,0.015597920277296451
2022-01-10,29050,29650,29000,29550,120307,0.008532423208191142
2022-01-11,29800,29800,28850,29250,130783,-0.010152284263959421
2022-01-12,29550,29600,29300,29450,60879,0.006837606837606813
2022-01-13,29400,29750,29200,29650,86309,0.00679117147707986
2022-01-14,29350,30600,29300,30500,232605,0.02866779089376048
2022-01-17,30550,30650,30050,30450,149394,-0.0016393442622950616
2022-01-18,30450,30700,29250,29450,202530,-0.03284072249589487
2022-01-19,28600,29350,28500,28650,229007,-0.02716468590831922
2022-01-20,28650,29200,28500,29150,83477,0.017452006980802848
2022-01-21,28800,31650,28700,29400,679928,0.00857632933104635
2022-01-24,29350,29950,28900,28900,233430,-0.017006802721088454
2022-01-25,29200,29500,28000,28200,233829,-0.02422145328719727
2022-01-26,28150,29200,28150,28550,160696,0.012411347517730542
2022-01-27,28650,30100,28300,28850,339264,0.01050788091068311
2022-01-28,28900,29750,28800,29550,175339,0.024263431542461023
2022-02-03,29700,29900,29000,29000,121857,-0.0186125211505922
2022-02-04,28950,29400,28300,28750,174031,-0.008620689655172376
2022-02-07,28750,28900,28400,28550,68835,-0.006956521739130417
2022-02-08,28750,28750,27950,28000,124954,-0.019264448336252182
2022-02-09,28000,28350,27900,28100,81558,0.0035714285714285587
2022-02-10,27950,28400,27800,27800,108937,-0.010676156583629859
2022-02-11,27650,27700,26650,26950,247372,-0.030575539568345356
2022-02-14,26300,27200,26300,26400,168660,-0.020408163265306145
2022-02-15,26300,27050,26050,26550,109240,0.005681818181818121
2022-02-16,27150,27650,26950,27300,69979,0.02824858757062154
2022-02-17,27400,27750,26700,27200,97412,-0.00366300366300365
2022-02-18,26900,27450,26650,27150,64784,-0.0018382352941176405
2022-02-21,26750,27000,26350,26700,72262,-0.016574585635359074
2022-02-22,26300,26850,26000,26050,156324,-0.02434456928838946
2022-02-23,26450,26600,26100,26300,72572,0.009596928982725572
2022-02-24,26000,26300,25550,25800,124822,-0.019011406844106515
2022-02-25,26250,26600,26050,26300,81841,0.019379844961240345
2022-02-28,26250,26400,25900,26300,51913,0.0
2022-03-02,26000,26650,26000,26500,63184,0.0076045627376426506
2022-03-03,26750,27650,26700,26900,94653,0.015094339622641506
2022-03-04,26900,26950,26400,26850,53351,-0.0018587360594795044
2022-03-07,26500,26600,26150,26300,54761,-0.020484171322160183
2022-03-08,26050,26800,25850,26250,73070,-0.0019011406844106071
2022-03-10,26650,26850,26250,26300,64588,0.0019047619047618536
2022-03-11,26300,26450,26050,26100,59310,-0.0076045627376425395
2022-03-14,26350,26400,25300,25400,137645,-0.026819923371647514
2022-03-15,25250,25700,25200,25200,54674,-0.007874015748031482
2022-03-16,25800,25800,25200,25400,65125,0.007936507936507908
2022-03-17,25850,26250,25750,26150,71434,0.029527559055118058
2022-03-18,26200,26250,25850,26000,51290,-0.005736137667303964
2022-03-21,26150,26600,26000,26000,52937,0.0
2022-03-22,26200,26600,26000,26600,58397,0.023076923076922995
2022-03-23,26700,26700,26300,26400,75659,-0.007518796992481258
2022-03-24,26300,26600,26050,26500,40590,0.0037878787878788955
2022-03-25,26800,26950,26500,26650,63227,0.005660377358490676
2022-03-28,26700,27300,26600,27100,89880,0.016885553470919357
2022-03-29,27100,27150,26900,27000,51575,-0.0036900369003689537
2022-03-30,27250,27300,26850,26950,57329,-0.0018518518518518823
2022-03-31,26800,28450,26800,27350,178934,0.014842300556586308
2022-04-01,27300,27500,26800,27150,76386,-0.007312614259597838
2022-04-04,26950,27400,26750,27000,47821,-0.0055248618784530246
2022-04-05,27350,27450,26900,26900,45948,-0.0037037037037036535
2022-04-06,26900,27000,26450,26600,89667,-0.01115241635687736
2022-04-07,26300,26850,26300,26450,77304,-0.005639097744360888
2022-04-08,26450,26850,26150,26500,37122,0.001890359168241984
2022-04-11,26300,26500,26000,26100,69281,-0.015094339622641506
2022-04-12,26100,26350,25500,25750,136097,-0.013409961685823757
2022-04-13,25750,25950,25500,25750,94083,0.0
2022-04-14,25900,25900,25600,25750,55032,0.0
2022-04-15,25600,25950,25450,25900,67474,0.005825242718446644
2022-04-18,25800,25800,25550,25550,52676,-0.013513513513513487
2022-04-19,25550,26050,25500,25700,60748,0.005870841487279899
2022-04-20,25950,26000,25500,25900,61060,0.0077821011673151474
2022-04-21,25950,26500,25700,26400,87108,0.019305019305019266
2022-04-22,26000,26400,25950,26050,55680,-0.013257575757575801
2022-04-25,25600,26000,25500,25500,85947,-0.021113243761996192
2022-04-26,25500,25900,25450,25450,63922,-0.0019607843137254832
2022-04-27,24750,26150,24700,26000,117834,0.0216110019646365
2022-04-28,25800,26200,25500,25600,41939,-0.01538461538461533
2022-04-29,25850,25950,25600,25600,32338,0.0
2022-05-02,25450,25700,25200,25700,45629,0.00390625
2022-05-03,25700,25800,25600,25650,32446,-0.0019455252918287869
2022-05-04,25650,25900,25550,25850,59044,0.007797270955165692
2022-05-06,25550,25700,25350,25450,43496,-0.015473887814313358
2022-05-09,25250,25450,24850,25000,51911,-0.017681728880157177
2022-05-10,24500,25700,23750,25600,139688,0.02400000000000002
2022-05-11,25600,25650,25300,25500,31001,-0.00390625
2022-05-12,25400,26200,25100,25250,120895,-0.009803921568627416
2022-05-13,25550,26550,25550,26400,128604,0.045544554455445585
2022-05-16,25900,26350,25400,26300,176241,-0.0037878787878787845
2022-05-17,26100,26300,25700,25900,92321,-0.01520912547528519
2022-05-18,26100,26100,25000,25500,141574,-0.015444015444015413
2022-05-19,24950,26500,24900,25400,267416,-0.0039215686274509665
2022-05-20,25600,25800,25150,25600,61963,0.007874015748031482
2022-05-23,25650,25800,25350,25700,44958,0.00390625
2022-05-24,25800,25800,25250,25250,58988,-0.017509727626459193
2022-05-25,25500,25950,25050,25850,93277,0.023762376237623783
2022-05-26,25950,26550,25700,26200,193130,0.013539651837524147
2022-05-27,26750,26750,26100,26200,119647,0.0
2022-05-30,26600,26800,26300,26550,128088,0.013358778625954137
2022-05-31,26550,28350,26450,28050,726144,0.05649717514124286
2022-06-02,28000,28550,27750,28250,240712,0.007130124777183555
2022-06-03,28450,28700,27900,28300,225537,0.001769911504424737
2022-06-07,28650,28650,25800,26750,606436,-0.05477031802120136
2022-06-08,26850,26850,25500,26200,302527,-0.020560747663551426
2022-06-09,26200,26200,25150,25550,401726,-0.024809160305343525
2022-06-10,25200,25350,23900,24450,715053,-0.043052837573385516
2022-06-13,23450,23650,22200,22750,540376,-0.06952965235173825
2022-06-14,22350,23200,22000,22450,342536,-0.01318681318681314
2022-06-15,22450,22550,20650,20800,400007,-0.07349665924276172
2022-06-16,21500,22000,20550,20750,270032,-0.0024038461538461453
2022-06-17,20000,21150,20000,21000,295035,0.012048192771084265
2022-06-20,21000,21100,19850,20050,178796,-0.04523809523809519
2022-06-21,20100,20600,19800,19900,205041,-0.007481296758104716
2022-06-22,20200,20200,18000,18050,387768,-0.09296482412060303
2022-06-23,17900,19050,17750,17750,279583,-0.0166204986149584
2022-06-24,17950,18750,17950,18350,163326,0.033802816901408406
2022-06-27,18650,19200,18250,19000,147208,0.03542234332425065
2022-06-28,18950,19300,18500,18950,160907,-0.0026315789473684292
2022-06-29,18450,18650,18150,18300,122662,-0.03430079155672827
2022-06-30,18300,18300,17550,17600,127359,-0.03825136612021862
2022-07-01,18150,18600,17000,17100,281676,-0.02840909090909094
2022-07-04,17100,17400,16600,17000,120581,-0.005847953216374324
2022-07-05,17300,17900,17200,17700,103339,0.04117647058823537
2022-07-06,17700,17900,17100,17200,128628,-0.02824858757062143
2022-07-07,17550,18000,17500,17800,53983,0.03488372093023262
2022-07-08,18300,18350,17800,17850,62638,0.002808988764045006
2022-07-11,17700,17900,17500,17600,50646,-0.014005602240896309
2022-07-12,17400,17450,16450,16800,171519,-0.045454545454545414
2022-07-13,16850,17050,16300,16750,63694,-0.0029761904761904656
2022-07-14,16500,16900,16350,16450,137628,-0.017910447761193993
2022-07-15,16700,17050,16250,16900,121105,0.02735562310030404
2022-07-18,17250,17650,17200,17450,87256,0.03254437869822491
2022-07-19,17400,18900,17100,18600,442992,0.0659025787965617
2022-07-20,18600,18700,17900,17950,373195,-0.034946236559139754
2022-07-21,17950,18550,17750,18050,144040,0.0055710306406684396
2022-07-22,18100,18200,17650,18000,128759,-0.0027700831024930483
2022-07-25,17700,18050,17550,17750,63792,-0.01388888888888884
2022-07-26,17650,17950,17600,17900,52346,0.008450704225352101
2022-07-27,17900,18050,17750,17900,48471,0.0
2022-07-28,18300,18500,18050,18400,132203,0.027932960893854775
2022-07-29,19250,20050,18850,19100,750393,0.03804347826086962
2022-08-01,19200,19200,18650,18800,158260,-0.015706806282722474
2022-08-02,19150,19150,18600,18600,99905,-0.010638297872340385
2022-08-03,18650,19300,18600,18950,86045,0.018817204301075252
2022-08-04,19000,19450,18850,19400,121296,0.0237467018469657
2022-08-05,19500,19500,19000,19200,72728,-0.010309278350515427
2022-08-08,19150,19150,18800,19100,63263,-0.00520833333333337
2022-08-09,19000,19150,18750,19100,76038,0.0
2022-08-10,19050,19050,18550,18550,81828,-0.028795811518324554
2022-08-11,18850,19400,18850,19150,114636,0.032345013477088846
2022-08-12,19100,19400,18950,19200,88508,0.0026109660574411553
2022-08-16,19300,20100,19250,19650,179963,0.0234375
2022-08-17,19500,19500,18550,19150,271300,-0.025445292620865145
2022-08-18,18800,19150,18600,19000,72170,-0.007832898172323799
2022-08-19,19250,19700,18900,18950,223235,-0.0026315789473684292
2022-08-22,18850,19300,18350,18750,145768,-0.01055408970976257
2022-08-23,18600,18850,18200,18250,131539,-0.026666666666666616
2022-08-24,18350,18500,18050,18500,60408,0.013698630136986356
2022-08-25,18600,19250,18450,19200,104339,0.037837837837837895
2022-08-26,19350,19750,18950,19400,131939,0.01041666666666674
2022-08-29,18500,19150,18500,19050,117342,-0.01804123711340211
2022-08-30,19050,19350,18800,19200,86437,0.007874015748031482
2022-08-31,19050,19550,18950,19450,82143,0.01302083333333326
2022-09-01,19100,19300,18450,18450,114210,-0.05141388174807193
2022-09-02,18650,18750,17900,18000,109178,-0.024390243902439046
2022-09-05,17750,18400,17600,17800,88241,-0.011111111111111072
2022-09-06,18000,18600,17850,18050,77456,0.014044943820224809
2022-09-07,18000,18050,17250,17300,99191,-0.04155124653739617
2022-09-08,17500,18050,17500,17500,148215,0.011560693641618602
2022-09-13,17600,18600,17600,18450,101746,0.05428571428571427
2022-09-14,17750,17900,17450,17650,116252,-0.04336043360433606
2022-09-15,17850,18050,17450,17550,93061,-0.005665722379603388
2022-09-16,17350,17350,16800,16800,171823,-0.042735042735042694
2022-09-19,17000,17300,16650,17050,133325,0.014880952380952328
2022-09-20,17100,17750,17100,17550,100252,0.029325513196480912
2022-09-21,17200,17950,17200,17450,90718,-0.005698005698005715
2022-09-22,17050,17300,16500,16800,171463,-0.03724928366762181
2022-09-23,16600,16800,15750,15850,189356,-0.05654761904761907
2022-09-26,15450,15800,14850,14900,149873,-0.05993690851735012
2022-09-27,14700,15350,14300,14850,176281,-0.003355704697986628
2022-09-28,14750,14950,13700,14250,204798,-0.04040404040404044
2022-09-29,14450,14700,13800,13800,116081,-0.03157894736842104
2022-09-30,13550,14250,13500,13950,204326,0.010869565217391353
2022-10-04,14300,14800,14300,14800,72184,0.06093189964157708
2022-10-05,15150,15150,14200,14200,107997,-0.04054054054054057
2022-10-06,14350,14850,14300,14750,70334,0.03873239436619724
2022-10-07,14400,15000,14350,14500,81439,-0.016949152542372836
2022-10-11,14250,14250,13550,13550,114613,-0.06551724137931036
2022-10-12,13550,13700,13150,13450,82830,-0.0073800738007380184
2022-10-13,13400,13400,12500,12600,145862,-0.06319702602230481
2022-10-14,12900,13850,12850,13700,150369,0.08730158730158721
2022-10-17,13350,13600,13000,13400,165471,-0.021897810218978075
2022-10-18,13900,13900,13350,13750,80822,0.026119402985074647
2022-10-19,13800,13850,13250,13300,76554,-0.032727272727272716
2022-10-20,13150,13250,12850,12900,71971,-0.03007518796992481
2022-10-21,12900,13200,12700,12850,74066,-0.003875968992248069
2022-10-24,13100,13650,13100,13250,95708,0.03112840466926059
2022-10-25,13250,13600,13150,13550,66129,0.02264150943396226
2022-10-26,13400,13450,12800,12900,120951,-0.047970479704797064
2022-10-27,12950,13200,12750,13000,101052,0.007751937984496138
2022-10-28,12800,12900,12450,12500,91487,-0.038461538461538436
2022-10-31,12700,12900,12500,12750,95555,0.020000000000000018
2022-11-01,12600,13450,12550,13050,123219,0.0235294117647058
2022-11-02,13050,13050,12700,12900,62073,-0.011494252873563204
2022-11-03,12600,12900,12450,12700,62602,-0.015503875968992276
2022-11-04,12750,13400,12250,13050,195985,0.027559055118110187
2022-11-07,13050,13450,13000,13350,81883,0.02298850574712641
2022-11-08,13450,14050,13450,13800,106738,0.03370786516853941
2022-11-09,14100,14200,13700,14050,115343,0.018115942028985588
2022-11-10,13750,13750,13150,13350,151582,-0.04982206405693945
2022-11-11,13950,14450,13850,14050,214736,0.05243445692883886
2022-11-14,14050,14100,13750,13850,95260,-0.014234875444839812
2022-11-15,13650,14450,13650,14450,124581,0.04332129963898912
2022-11-16,14500,14850,13900,14700,203514,0.01730103806228378
2022-11-17,14350,14450,14100,14250,106383,-0.030612244897959218
2022-11-18,14250,14600,13950,14000,111888,-0.01754385964912286
2022-11-21,13900,14050,13300,13400,109797,-0.042857142857142816
2022-11-22,13150,13400,12650,12950,221135,-0.03358208955223885
2022-11-23,13250,13400,12850,13300,109448,0.027027027027026973
2022-11-24,13300,13950,13200,13750,117410,0.03383458646616533
2022-11-25,13700,14000,13450,13800,98204,0.0036363636363636598
2022-11-28,13750,13750,12800,13000,167992,-0.05797101449275366
2022-11-29,12950,13150,12750,13100,98645,0.007692307692307665
2022-11-30,13000,13150,12750,12900,377018,-0.01526717557251911
2022-12-01,13150,13500,13050,13300,135695,0.03100775193798455
2022-12-02,13150,13250,13000,13150,78585,-0.011278195488721776
2022-12-05,13150,13350,13050,13250,73566,0.0076045627376426506
2022-12-06,12950,13000,12700,12900,120717,-0.026415094339622636
2022-12-07,12650,12800,12550,12550,78562,-0.027131782945736482
2022-12-08,12650,12800,12450,12450,123739,-0.007968127490039834
2022-12-09,12650,13050,12550,12650,168641,0.016064257028112428
2022-12-12,12550,12900,12300,12550,153815,-0.007905138339920903
2022-12-13,12600,12800,12250,12300,98580,-0.019920318725099584
2022-12-14,12350,12850,12300,12700,151849,0.03252032520325199
2022-12-15,12700,12850,12450,12700,76842,0.0
2022-12-16,12300,12550,12200,12250,87886,-0.03543307086614178
2022-12-19,12250,12300,12000,12100,80299,-0.01224489795918371
2022-12-20,11950,12100,11550,11600,101711,-0.04132231404958675
2022-12-21,11650,11750,11400,11650,93265,0.004310344827586299
2022-12-22,11900,11950,11650,11950,108644,0.025751072961373467
2022-12-23,11650,11650,11150,11150,191365,-0.06694560669456062
2022-12-26,11150,11650,10900,11550,172585,0.03587443946188351
2022-12-27,11400,12000,11400,11650,158994,0.008658008658008587
2022-12-28,11500,11600,10950,11000,151143,-0.05579399141630903
2022-12-29,10900,11000,10350,10500,179845,-0.045454545454545414
2023-01-02,10750,10850,10050,10100,176250,-0.03809523809523807
2023-01-03,10050,10750,10000,10300,517108,0.01980198019801982
2023-01-04,10350,10850,10100,10550,286346,0.024271844660194164
2023-01-05,10650,10900,10350,10600,178024,0.004739336492890933
2023-01-06,10550,11050,10450,10850,155348,0.02358490566037741
2023-01-09,10950,11350,10900,11150,205340,0.02764976958525356
2023-01-10,11050,11200,10850,11000,152544,-0.013452914798206317
2023-01-11,11100,11350,11050,11200,168339,0.018181818181818077
2023-01-12,11400,11450,11150,11300,186950,0.008928571428571397
2023-01-13,11350,11500,11000,11200,170910,-0.008849557522123908
2023-01-16,11200,11700,11150,11550,193767,0.03125
2023-01-17,11500,11550,11100,11350,137947,-0.017316017316017285
2023-01-18,11200,11500,11050,11500,131060,0.013215859030837107
2023-01-19,11300,11550,11150,11300,137247,-0.017391304347826098
2023-01-20,11300,11550,11250,11400,115570,0.008849557522123908
2023-01-25,11600,11850,11550,11750,147465,0.030701754385964897
2023-01-26,11800,12010,11610,12000,152470,0.02127659574468077
2023-01-27,12000,12650,11870,12550,222762,0.04583333333333339
2023-01-30,12650,12790,12190,12620,238592,0.005577689243027928
2023-01-31,12560,12580,12270,12470,172326,-0.011885895404120439
2023-02-01,12470,12850,12450,12540,142598,0.005613472333600544
2023-02-02,12860,13180,12700,12870,211255,0.026315789473684292
2023-02-03,12880,12890,12660,12830,128711,-0.0031080031080030768
2023-02-06,12730,12840,12430,12640,114335,-0.014809041309431059
2023-02-07,12440,12830,12440,12740,126218,0.007911392405063333
2023-02-08,12890,12970,12780,12840,90749,0.007849293563579218
2023-02-09,12700,12860,12570,12860,74188,0.0015576323987538387
2023-02-10,12850,12850,12490,12540,107921,-0.02488335925349927
2023-02-13,12500,12550,12170,12480,121881,-0.004784688995215336
2023-02-14,12730,13450,12710,13360,397216,0.07051282051282048
2023-02-15,13400,13520,13060,13160,213247,-0.014970059880239472
2023-02-16,13160,13700,13160,13360,207554,0.015197568389057725
2023-02-17,13140,13200,12790,12920,156288,-0.03293413173652693
2023-02-20,12930,13240,12620,13130,139931,0.016253869969040213
2023-02-21,12990,13200,12770,13140,168595,0.0007616146230007281
2023-02-22,12870,12870,12550,12720,145504,-0.03196347031963476
2023-02-23,12720,12870,12550,12720,87213,0.0
2023-02-24,12750,12880,12200,12360,137639,-0.028301886792452824
2023-02-27,12200,12450,11970,12450,92759,0.00728155339805836
2023-02-28,12460,12700,12380,12560,81616,0.008835341365461824
2023-03-02,12570,12730,12030,12070,138577,-0.039012738853503204
2023-03-03,12030,12140,11780,11820,150165,-0.02071251035625521
2023-03-06,11800,12010,11600,11960,133159,0.011844331641285955
2023-03-07,11830,11930,11560,11860,148957,-0.00836120401337792
2023-03-08,11770,11830,11510,11700,100666,-0.013490725126475533
2023-03-09,11840,12100,11550,11800,128734,0.008547008547008517
2023-03-10,11600,11600,11310,11400,171908,-0.03389830508474578
2023-03-13,11210,11460,11120,11390,123423,-0.0008771929824561431
2023-03-14,11180,11180,10720,10750,216196,-0.056189640035118504
2023-03-15,10980,11100,10700,10770,140365,0.0018604651162790198
2023-03-16,10800,11030,10540,11000,127487,0.02135561745589598
2023-03-17,11200,11690,11200,11470,181716,0.042727272727272725
2023-03-20,11450,11680,11330,11650,94275,0.015693112467306092
2023-03-21,11790,11890,11460,11770,131058,0.010300429184549431
2023-03-22,11900,12100,11630,11810,115368,0.003398470688190214
2023-03-23,11700,11970,11600,11890,127372,0.006773920406435208
2023-03-24,11960,12650,11820,12610,384070,0.060555088309503846
2023-03-27,12650,12760,12270,12650,208274,0.003172085646312439
2023-03-28,12540,12960,12500,12960,235332,0.02450592885375502
2023-03-29,13190,13560,12800,13560,275269,0.04629629629629628
2023-03-30,13970,14340,13690,13930,439790,0.027286135693215252
2023-03-31,14240,14330,13830,14080,308286,0.01076812634601576
2023-04-03,14110,14110,13140,13370,295569,-0.050426136363636354
2023-04-04,13250,13610,13250,13370,170921,0.0
2023-04-05,13370,13550,13150,13280,120039,-0.006731488406881092
2023-04-06,13140,13140,12700,12970,150628,-0.02334337349397586
2023-04-07,13000,13850,13000,13790,247804,0.0632228218966846
2023-04-10,13850,13900,13120,13300,231136,-0.035532994923857864
2023-04-11,13320,13950,13320,13930,262578,0.047368421052631504
2023-04-12,13750,13920,13510,13510,188313,-0.03015075376884424
2023-04-13,13400,13560,13200,13520,131884,0.0007401924500369805
2023-04-14,13560,13740,13240,13430,214519,-0.006656804733727761
2023-04-17,13260,13350,12960,13350,178307,-0.005956813104988856
2023-04-18,13270,13350,12850,12930,173692,-0.03146067415730336
2023-04-19,12930,13220,12890,12940,117002,0.0007733952049497894
2023-04-20,13020,13030,12570,12600,162806,-0.026275115919629055
2023-04-21,12610,12840,12420,12600,149066,0.0
2023-04-24,12600,12600,12180,12290,166103,-0.024603174603174627
2023-04-25,12240,12500,11930,12190,156596,-0.008136696501220508
2023-04-26,12170,12600,12100,12180,162808,-0.0008203445447088065
2023-04-27,12160,12330,11960,12210,100945,0.0024630541871921707
2023-04-28,12340,12400,12140,12140,88668,-0.005733005733005725
2023-05-02,12090,12900,12050,12820,206935,0.05601317957166385
2023-05-03,12860,13710,12770,13520,445067,0.05460218408736339
2023-05-04,13520,13520,12940,13040,221344,-0.035502958579881616
2023-05-08,13200,13370,13090,13300,109890,0.019938650306748462
2023-05-09,13300,13340,12870,13060,165641,-0.018045112781954864
2023-05-10,13130,13540,12900,13370,195738,0.023736600306278666
2023-05-11,13510,13510,13010,13030,138844,-0.025430067314884064
2023-05-12,13110,13110,12800,13050,94497,0.0015349194167306734
2023-05-15,13850,14910,12640,12770,1347400,-0.02145593869731799
2023-05-16,12900,13380,12900,13020,345608,0.019577133907595856
2023-05-17,13200,13470,13100,13220,200466,0.015360983102918668
2023-05-18,13280,13800,13260,13640,250408,0.03177004538577921
2023-05-19,13780,14590,13710,14550,598053,0.06671554252199408
2023-05-22,14650,14800,14260,14570,316002,0.0013745704467353903
2023-05-23,14570,14570,14060,14300,209577,-0.018531228551818768
2023-05-24,14190,14300,13920,14230,105131,-0.004895104895104918
2023-05-25,14500,14770,14050,14240,220782,0.0007027406886859211
2023-05-26,14250,14580,14160,14280,199862,0.002808988764045006
2023-05-30,14550,15130,14320,15130,391565,0.059523809523809534
2023-05-31,14980,15130,14480,14640,360320,-0.032385988103106444
2023-06-01,14460,14590,14210,14590,143136,-0.003415300546448119
2023-06-02,14680,14770,14220,14360,200221,-0.015764222069910905
2023-06-05,14200,14470,14140,14460,98415,0.0069637883008355494
2023-06-07,14310,14500,14220,14500,186910,0.0027662517289073207
2023-06-08,14290,14470,14120,14430,153724,-0.004827586206896606
2023-06-09,14440,14730,14310,14730,182250,0.02079002079002068
2023-06-12,14750,14780,14270,14520,174806,-0.014256619144602856
2023-06-13,14520,14930,14500,14780,205975,0.017906336088154173
2023-06-14,14850,14850,14030,14230,281829,-0.03721244925575107
2023-06-15,14250,14920,14250,14690,291990,0.03232607167955015
2023-06-16,14830,14950,14300,14810,305219,0.008168822328114445
2023-06-19,14790,15000,14500,14990,141507,0.012153950033761074
2023-06-20,14920,15630,14630,15610,289418,0.041360907271514424
2023-06-21,15530,15620,14640,14650,343442,-0.06149903907751442
2023-06-22,14610,14830,14290,14340,124997,-0.02116040955631404
2023-06-23,14430,14850,14430,14600,176320,0.018131101813110284
2023-06-26,14600,14880,14300,14830,118233,0.015753424657534154
2023-06-27,14690,14790,14400,14690,94339,-0.009440323668240103
2023-06-28,14750,14900,14480,14810,138442,0.008168822328114445
2023-06-29,14960,15210,14800,15040,168141,0.015530047265361224
2023-06-30,15040,15130,14560,15000,127779,-0.0026595744680850686
2023-07-03,15100,15350,14970,15110,165624,0.007333333333333414
2023-07-04,15050,15350,14800,15260,154132,0.00992720052945062
2023-07-05,15280,15400,15000,15090,169826,-0.011140235910878094
2023-07-06,14910,14950,14230,14270,192183,-0.05434062292909214
2023-07-07,14290,14400,14000,14170,129642,-0.0070077084793273015
2023-07-10,14170,14280,13750,13750,150836,-0.029640084685956247
2023-07-11,13940,14300,13940,14300,94804,0.040000000000000036
2023-07-12,14300,14520,14120,14520,75012,0.01538461538461533
2023-07-13,14590,14840,14450,14580,83077,0.004132231404958775
2023-07-14,14610,15110,14440,14500,229966,-0.005486968449931462
2023-07-17,14480,14870,14000,14580,257215,0.0055172413793103114
2023-07-18,14600,14950,14260,14710,182997,0.008916323731138487
2023-07-19,14710,14950,14150,14510,173078,-0.013596193065941509
2023-07-20,14480,15040,14160,14820,303804,0.02136457615437637
2023-07-21,14510,14580,13710,13920,493124,-0.06072874493927127
2023-07-24,14030,14030,13500,13810,211329,-0.007902298850574696
2023-07-25,13810,14040,13250,13500,202759,-0.022447501810282433
2023-07-26,13420,13710,12880,13040,339331,-0.034074074074074034
2023-07-27,13040,13550,12980,13450,183748,0.03144171779141103
2023-07-28,13680,14040,13540,13890,201887,0.03271375464684012
2023-07-31,13970,14090,13700,13920,113869,0.002159827213822796
2023-08-01,13790,14010,13700,13980,161753,0.004310344827586299
2023-08-02,14300,17190,13860,14990,3670572,0.07224606580829751
2023-08-03,14680,14930,13780,13980,875853,-0.06737825216811211
2023-08-04,13500,13690,13370,13380,249931,-0.0429184549356223
2023-08-07,13320,13820,13100,13470,232047,0.006726457399103047
2023-08-08,13590,13770,13020,13140,251043,-0.024498886414253906
2023-08-09,13160,14960,13160,13700,782263,0.0426179604261796
2023-08-10,13700,13820,13360,13700,247493,0.0
2023-08-11,13710,13910,13500,13510,156865,-0.013868613138686148
2023-08-14,13530,13730,13240,13500,149215,-0.0007401924500369805
2023-08-16,13750,14630,13710,14330,604834,0.06148148148148147
2023-08-17,14030,14240,13900,14060,230904,-0.018841591067690122
2023-08-18,13810,14080,13440,13710,216175,-0.024893314366998598
2023-08-21,13860,14350,13820,13970,200023,0.018964259664478567
2023-08-22,13970,14300,13860,13930,128095,-0.0028632784538296097
2023-08-23,13840,14030,13500,13950,129445,0.001435750179468842
2023-08-24,14130,14340,13830,13880,179070,-0.00501792114695343
2023-08-25,13690,13690,13100,13370,225569,-0.036743515850144126
2023-08-28,13550,13700,13220,13330,103777,-0.0029917726252804977
2023-08-29,13390,13600,13000,13490,124188,0.012003000750187454
2023-08-30,13600,14050,13560,13730,180292,0.01779095626389915
2023-08-31,13740,14080,13660,13900,166389,0.012381646030589888
2023-09-01,13970,14290,13860,14250,266205,0.02517985611510798
2023-09-04,14430,14440,14000,14240,156275,-0.00070175438596487
2023-09-05,14100,14460,14030,14200,143285,-0.002808988764044895
2023-09-06,14160,14280,13900,13910,166888,-0.02042253521126758
2023-09-07,13890,14210,13890,13970,146700,0.004313443565780117
2023-09-08,13970,14150,13830,14030,110510,0.0042949176807445255
2023-09-11,14090,14090,13380,13550,206165,-0.034212401995723396
2023-09-12,13670,13720,13360,13540,124243,-0.0007380073800737907
2023-09-13,13540,13780,13320,13450,170296,-0.006646971935007406
2023-09-14,13660,14200,13520,13900,496088,0.03345724907063197
2023-09-15,13930,14170,13250,13430,333990,-0.033812949640287804
2023-09-18,13190,13210,12900,12990,205772,-0.03276247207743854
2023-09-19,13150,13180,12670,12730,169929,-0.02001539645881445
2023-09-20,12850,12930,12450,12800,129999,0.0054988216810683
2023-09-21,12620,12680,12080,12340,211234,-0.035937499999999956
2023-09-22,12100,12320,12010,12100,170474,-0.01944894651539708
2023-09-25,12060,12250,11920,12120,82973,0.0016528925619834212
2023-09-26,12200,12250,11830,11980,108631,-0.011551155115511524
2023-09-27,11930,12100,11740,11960,128289,-0.0016694490818029983
2023-10-04,11760,11960,11430,11500,166404,-0.038461538461538436
2023-10-05,11500,11770,11400,11440,135356,-0.00521739130434784
2023-10-06,11360,11720,11360,11640,80395,0.0174825174825175
2023-10-10,11750,11950,11300,11300,120973,-0.029209621993127155
2023-10-11,11350,11860,11350,11660,98311,0.031858407079645934
2023-10-12,11680,11880,11660,11830,70671,0.014579759862778818
2023-10-13,11720,11890,11610,11790,65457,-0.0033812341504648735
2023-10-16,11700,11880,11460,11700,82084,-0.007633587786259555
2023-10-17,11730,12020,11730,11900,69379,0.017094017094017033
2023-10-18,11880,12240,11630,12060,140357,0.013445378151260456
2023-10-19,11810,11870,11330,11420,170718,-0.05306799336650081
2023-10-20,11300,11420,10930,11290,179487,-0.011383537653239961
2023-10-23,11100,11580,11100,11350,86382,0.005314437555358653
2023-10-24,11350,11650,11330,11650,92479,0.026431718061673992
2023-10-25,11730,11730,11440,11580,71533,-0.006008583690987113
2023-10-26,11170,11440,11170,11290,87792,-0.025043177892918878
2023-10-27,11410,11510,11090,11210,128397,-0.007085916740478315
2023-10-30,11310,11450,11160,11210,76521,0.0
2023-10-31,11270,11350,10900,10930,103018,-0.024977698483496846
2023-11-01,11040,11170,10610,10780,133136,-0.013723696248856387
2023-11-02,11080,11410,11020,11320,138620,0.05009276437847876
2023-11-03,11400,11520,11160,11450,110856,0.01148409893992941
2023-11-06,11790,12000,11450,12000,184116,0.048034934497816595
2023-11-07,12000,12050,11620,11650,153360,-0.029166666666666674
2023-11-08,11780,11930,11630,11670,85358,0.0017167381974247942
2023-11-09,11670,11810,11520,11630,60660,-0.003427592116538092
2023-11-10,11450,11590,11280,11530,52021,-0.008598452278589908
2023-11-13,11780,11780,11140,11240,88964,-0.025151777970511713
2023-11-14,11310,11460,11260,11400,36461,0.014234875444839812
2023-11-15,11700,12260,11700,12040,269015,0.056140350877192935
2023-11-16,11860,12450,11860,12440,112593,0.03322259136212624
2023-11-17,12300,12660,12030,12200,134162,-0.019292604501607746
2023-11-20,12120,12430,12120,12200,63490,0.0
2023-11-21,12280,12480,12210,12270,86217,0.0057377049180327155
2023-11-22,12280,12410,12170,12370,58211,0.008149959250203676
2023-11-23,12370,12400,12000,12290,115523,-0.006467259498787348
2023-11-24,12190,12580,12160,12290,92446,0.0
2023-11-27,12360,12530,12200,12320,81983,0.0024410089503661414
2023-11-28,12270,12710,12270,12380,119170,0.004870129870129913
2023-11-29,12380,12390,12150,12260,81089,-0.009693053311793265
2023-11-30,12250,12480,12160,12430,79794,0.013866231647634564
2023-12-01,12370,12560,12320,12430,71961,0.0
2023-12-04,12580,12580,11920,11920,149978,-0.04102976669348346
2023-12-05,11820,11910,11550,11560,125006,-0.030201342281879207
2023-12-06,11580,11750,11540,11610,53692,0.004325259515570945
2023-12-07,11610,11670,11450,11520,61748,-0.007751937984496138
2023-12-08,11700,12000,11650,11850,78044,0.02864583333333326
2023-12-11,11850,12280,11810,12030,93175,0.0151898734177216
2023-12-12,12090,12290,12050,12200,111973,0.01413133832086455
2023-12-13,12310,12770,12230,12550,227933,0.028688524590164022
2023-12-14,12820,12880,12510,12730,171926,0.014342629482071656
2023-12-15,12750,12880,12370,12370,158810,-0.028279654359780082
2023-12-18,12450,12720,12370,12510,96298,0.011317704122878025
2023-12-19,12440,12870,12390,12690,115494,0.014388489208633004
2023-12-20,12740,12930,12680,12830,117703,0.011032308904649346
2023-12-21,12730,12980,12650,12970,127002,0.010911925175370207
2023-12-22,13130,13450,12980,13060,195690,0.006939090208172738
2023-12-26,13170,13180,12910,13170,90276,0.008422664624808673
2023-12-27,13070,13490,13070,13350,115172,0.013667425968109326
2023-12-28,13300,13430,13190,13390,63209,0.002996254681647992
2024-01-02,13090,13710,13090,13670,121083,0.020911127707244237
2024-01-03,13430,13710,13230,13710,145865,0.002926115581565414
2024-01-04,13570,13950,13540,13670,137238,-0.0029175784099197966
2024-01-05,13650,14450,13470,14390,346869,0.05267008046817856
2024-01-08,14690,14700,13980,14070,216741,-0.02223766504517022
2024-01-09,14250,14620,14070,14310,230045,0.017057569296375252
2024-01-10,14320,14440,14130,14150,125491,-0.011180992313067795
2024-01-11,14210,14270,13720,14130,161158,-0.001413427561837488
2024-01-12,14120,14300,13890,13900,86430,-0.016277423920736056
2024-01-15,14010,14250,13780,14140,214194,0.01726618705035965
2024-01-16,14500,14500,13580,13620,274502,-0.036775106082036824
2024-01-17,14500,16240,13210,13350,1503035,-0.01982378854625555
2024-01-18,13300,13790,13190,13790,247716,0.032958801498127244
2024-01-19,14000,14180,13840,14060,255755,0.019579405366207503
2024-01-22,14310,14400,14000,14100,193492,0.002844950213371167
2024-01-23,14240,14350,14080,14270,156820,0.012056737588652444
2024-01-24,14310,15100,14310,14840,676797,0.03994393833216536
2024-01-25,14890,15230,14610,15200,402886,0.0242587601078168
2024-01-26,15060,15200,14620,14700,259535,-0.03289473684210531
2024-01-29,14890,14970,14210,14450,267094,-0.017006802721088454
2024-01-30,14470,14600,13950,14250,170947,-0.01384083044982698
2024-01-31,14110,14150,13710,13710,171790,-0.037894736842105314
2024-02-01,13590,13790,13370,13440,205967,-0.01969365426695846
2024-02-02,13540,14130,13540,13780,145832,0.02529761904761907
2024-02-05,13780,13780,13310,13430,123905,-0.02539912917271403
2024-02-06,13430,13720,13180,13510,119470,0.005956813104988745
2024-02-07,13510,13620,13270,13390,125053,-0.0088823094004441
2024-02-08,13360,13850,13300,13550,226387,0.011949215832711024
2024-02-13,13650,13740,13510,13620,149055,0.005166051660516535
2024-02-14,13350,13890,13250,13840,127583,0.01615271659324513
2024-02-15,13980,14160,13760,13830,112821,-0.0007225433526011349
2024-02-16,13850,13900,13590,13640,103199,-0.013738250180766465
2024-02-19,13640,13790,13550,13640,76224,0.0
2024-02-20,13640,13710,13510,13570,73258,-0.00513196480938416
2024-02-21,13450,13930,13400,13710,135340,0.010316875460574693
2024-02-22,13810,14190,13810,14020,139629,0.022611232676878146
2024-02-23,14240,14240,13800,13940,124085,-0.005706134094151216
2024-02-26,13760,14150,13720,13720,102659,-0.015781922525107572
2024-02-27,13610,13810,13250,13310,128022,-0.02988338192419826
2024-02-28,13340,13720,13250,13430,105122,0.009015777610818843
2024-02-29,13280,13430,12920,13190,141480,-0.017870439314966458
2024-03-04,13380,13670,13340,13540,133989,0.02653525398028811
2024-03-05,13580,14050,13400,13900,207889,0.026587887740029625
2024-03-06,13850,14190,13680,14050,184540,0.010791366906474753
2024-03-07,14150,14340,13790,14130,296467,0.005693950177935836
2024-03-08,14210,15950,14160,15420,1556539,0.09129511677282376
2024-03-11,15250,15900,14520,15730,641093,0.020103761348897464
2024-03-12,15570,17980,15120,17650,2462026,0.12205975842339489
2024-03-13,17860,17950,17000,17280,558626,-0.020963172804532526
2024-03-14,17580,18450,17300,17860,698661,0.03356481481481488
2024-03-15,17740,17860,16350,17070,660504,-0.04423292273236279
2024-03-18,16910,17010,16260,16500,403900,-0.033391915641476255
2024-03-19,16450,16490,16020,16250,240479,-0.015151515151515138
2024-03-20,16140,16630,15990,16530,238790,0.01723076923076916
2024-03-21,16730,16950,16100,16150,242142,-0.02298850574712641
2024-03-22,16150,16350,15880,15920,203458,-0.014241486068111486
2024-03-25,15900,16130,15570,15780,179636,-0.008793969849246186
2024-03-26,15890,16420,15790,16300,326308,0.032953105196451116
2024-03-27,16290,16620,15980,16000,247753,-0.018404907975460127
2024-03-28,16140,16560,16010,16240,272025,0.014999999999999902
2024-03-29,16280,17150,16280,16660,516825,0.02586206896551735
2024-04-01,16720,17050,15980,16150,381382,-0.030612244897959218
2024-04-02,16200,16740,15920,16200,330250,0.003095975232198178
2024-04-03,16120,16130,15020,15050,471056,-0.07098765432098764
2024-04-04,15260,15780,15190,15460,224647,0.027242524916943456
2024-04-05,15130,15350,14810,15090,196090,-0.023932729624838278
2024-04-08,15260,15260,14750,15250,222185,0.01060304837640813
2024-04-09,15260,15590,15060,15140,201684,-0.00721311475409836
2024-04-11,14830,15400,14800,15170,149732,0.0019815059445178473
2024-04-12,15320,15600,15060,15070,146186,-0.0065919578114700395
2024-04-15,14700,15240,14560,15220,181236,0.00995355009953558
2024-04-16,14920,15190,14650,14820,142380,-0.026281208935611033
2024-04-17,14850,15950,14850,15530,320917,0.0479082321187585
2024-04-18,15570,16550,15350,16500,442474,0.06245975531229875
2024-04-19,16270,16270,15280,15520,420095,-0.05939393939393944
2024-04-22,15200,15390,14490,14670,411998,-0.05476804123711343
2024-04-23,14860,14950,13900,13900,244978,-0.05248807089297891
2024-04-24,14330,14560,14210,14240,157346,0.02446043165467615
2024-04-25,14010,14730,13890,14220,181664,-0.001404494382022503
2024-04-26,14500,14820,14210,14300,174658,0.005625879043600568
2024-04-29,14410,14600,14330,14430,99275,0.009090909090909038
2024-04-30,14610,14750,14390,14510,98651,0.00554400554400547
2024-05-02,14380,14540,14240,14350,86140,-0.011026878015162
2024-05-03,14490,14690,14300,14350,97455,0.0
2024-05-07,14590,14770,14440,14470,130619,0.00836236933797907
2024-05-08,14470,14510,14180,14330,99765,-0.009675190048375915
2024-05-09,14300,14350,13950,13950,116044,-0.026517794836008357
2024-05-10,13950,14080,13530,13530,180328,-0.03010752688172047
2024-05-13,13570,13690,13360,13370,90662,-0.011825572801182571
2024-05-14,13370,13650,13250,13550,64534,0.013462976813762184
2024-05-16,13900,15280,13710,14270,611659,0.0531365313653136
2024-05-17,14270,14520,14180,14280,172450,0.0007007708479327412
2024-05-20,14280,14390,13940,14070,120016,-0.014705882352941124
2024-05-21,14050,17720,13990,16970,13466406,0.20611229566453448
2024-05-22,17480,18040,16420,17080,6656853,0.006482027106658794
2024-05-23,17430,19500,17290,17610,11128685,0.031030444964871284
2024-05-24,17200,17460,16630,16700,1574153,-0.05167518455423059
2024-05-27,16730,19400,16730,18730,9519541,0.1215568862275449
2024-05-28,18840,19060,17850,18240,1564014,-0.026161238654564878
2024-05-29,18240,18250,17220,17400,1065118,-0.046052631578947345
2024-05-30,17130,17350,16060,16460,1127846,-0.05402298850574716
2024-05-31,16320,16530,15830,15910,783176,-0.033414337788578385
2024-06-03,16080,16200,15560,15650,548365,-0.01634192331866746
2024-06-04,15730,15970,14960,15050,594427,-0.03833865814696491
2024-06-05,15100,15180,14600,14750,488724,-0.019933554817275767
2024-06-07,14800,15270,14700,14950,366332,0.013559322033898313
2024-06-10,15000,15180,14800,14980,237925,0.0020066889632106566
2024-06-11,15130,15210,14720,14800,277725,-0.012016021361815787
2024-06-12,14810,15110,14360,14710,290689,-0.0060810810810810745
2024-06-13,14850,15220,14370,14610,736295,-0.00679809653297081
2024-06-14,14640,14690,14140,14140,297170,-0.03216974674880224
2024-06-17,14190,14740,14040,14340,294504,0.014144271570014189
2024-06-18,14340,14530,14120,14520,218577,0.012552301255230214
2024-06-19,14620,14770,14370,14400,161715,-0.008264462809917328
2024-06-20,14360,14400,14070,14200,160592,-0.01388888888888884
2024-06-21,14190,14330,13900,14160,169195,-0.0028169014084507005
2024-06-24,14220,14240,13870,13900,153090,-0.01836158192090398
2024-06-25,13900,14000,13680,13840,114478,-0.004316546762589968
2024-06-26,13950,14430,13920,14380,156123,0.039017341040462394
2024-06-27,14250,14550,14190,14320,128089,-0.004172461752433909
2024-06-28,14320,14620,14200,14600,185494,0.019553072625698276
2024-07-01,14520,14600,14340,14470,110403,-0.008904109589041087
2024-07-02,14400,14540,14100,14180,103157,-0.020041465100207323
2024-07-03,14200,14700,13830,14080,250434,-0.007052186177715081
2024-07-04,14020,14310,13750,14240,177282,0.011363636363636465
2024-07-05,14270,14350,14000,14000,130569,-0.016853932584269704
2024-07-08,13950,14210,13840,14130,126189,0.009285714285714342
2024-07-09,14130,14280,14000,14040,130271,-0.006369426751592355
2024-07-10,14050,14080,13670,13880,168517,-0.01139601139601143
2024-07-11,13930,14040,13540,13670,201208,-0.015129682997118143
2024-07-12,13670,13810,13450,13750,106353,0.00585223116313105
2024-07-15,13670,13800,13510,13740,76831,-0.0007272727272726875
2024-07-16,13900,14110,13680,13700,195688,-0.0029112081513827937
2024-07-17,13650,13690,13040,13070,273797,-0.04598540145985397
2024-07-18,12620,13030,12550,13020,160809,-0.0038255547054323324
2024-07-19,13000,13000,12700,12700,93071,-0.02457757296466978
2024-07-22,12760,12780,12310,12570,139114,-0.010236220472440993
2024-07-23,12610,12980,12500,12500,91892,-0.005568814638027053
2024-07-24,12490,12620,12320,12400,79659,-0.008000000000000007
2024-07-25,12150,12270,11940,12120,115363,-0.022580645161290325
2024-07-26,12100,12190,11950,11960,128430,-0.01320132013201325
2024-07-29,11980,12080,11830,12050,92216,0.007525083612040184
2024-07-30,11910,12120,11730,11780,76830,-0.02240663900414941
2024-07-31,11710,12090,11680,12090,73443,0.026315789473684292
2024-08-01,12300,12350,12000,12010,64821,-0.006617038875103343
2024-08-02,11740,11830,11350,11450,178547,-0.0466278101582015
2024-08-05,11100,11450,9170,9400,491138,-0.17903930131004364
2024-08-06,9320,10220,9320,9600,395198,0.02127659574468077
2024-08-07,9420,9950,9410,9710,168086,0.011458333333333348
2024-08-08,9620,10580,9520,9930,402925,0.022657054582904124
2024-08-09,10210,10500,10120,10210,175576,0.028197381671701827
2024-08-12,10600,10630,10350,10440,115317,0.022526934378060748
2024-08-13,10590,10640,10210,10410,91862,-0.002873563218390829
2024-08-14,10650,10710,10510,10670,135716,0.024975984630163373
2024-08-16,10600,10880,10600,10780,130301,0.010309278350515427
2024-08-19,10770,10940,10540,10540,92628,-0.02226345083487946
2024-08-20,10580,10880,10580,10800,65199,0.024667931688804545
2024-08-21,10800,10850,10520,10680,76450,-0.011111111111111072
2024-08-22,10770,10770,10430,10540,53892,-0.01310861423220977
2024-08-23,10430,10540,10270,10410,42278,-0.012333965844402273
2024-08-26,10410,10600,10130,10150,62389,-0.02497598463016326
2024-08-27,9810,10290,9810,10170,35421,0.0019704433497536034
2024-08-28,10070,10330,10000,10240,71189,0.0068829891838742
2024-08-29,10010,10200,9920,10150,53448,-0.0087890625
2024-08-30,10150,10280,10100,10250,32553,0.009852216748768461
2024-09-02,10250,10290,9950,10020,49581,-0.022439024390243922
2024-09-03,9930,10090,9690,9720,102854,-0.029940119760479056
2024-09-04,9200,9530,8600,9230,206053,-0.05041152263374482
2024-09-05,9200,9480,8940,9150,132078,-0.008667388949079036
2024-09-06,9150,9190,8690,8800,109853,-0.03825136612021862
2024-09-09,8500,8800,8380,8650,93550,-0.017045454545454586
2024-09-10,8660,8900,8430,8480,83861,-0.01965317919075149
2024-09-11,8570,8610,8350,8380,85789,-0.011792452830188704
2024-09-12,8530,9070,8530,8850,124791,0.056085918854415384
2024-09-13,8850,9040,8720,8780,59406,-0.00790960451977396
2024-09-19,8790,8840,8480,8650,53410,-0.014806378132118492
2024-09-20,8710,8950,8420,8420,77717,-0.026589595375722586
2024-09-23,8620,9850,8590,9020,701293,0.07125890736342044
2024-09-24,8890,9260,8890,9220,99383,0.022172949002217335
2024-09-25,9130,9480,9130,9250,109484,0.0032537960954446277
2024-09-26,9440,9700,9350,9600,119622,0.037837837837837895
2024-09-27,9610,9780,9530,9590,78387,-0.0010416666666667185
2024-09-30,9580,9580,9350,9360,71239,-0.023983315954118845
2024-10-02,9150,9700,9050,9660,107703,0.03205128205128216
2024-10-04,9660,9690,9490,9600,81310,-0.006211180124223614
2024-10-07,9610,9770,9300,9740,83796,0.014583333333333393
2024-10-08,9630,9800,9450,9570,65607,-0.017453798767967155
2024-10-10,9510,9610,9350,9350,74808,-0.02298850574712641
2024-10-11,9720,10020,9470,9700,171186,0.03743315508021383
2024-10-14,9590,9930,9300,9720,99954,0.0020618556701030855
2024-10-15,9810,11290,9620,9720,2645942,0.0
2024-10-16,9490,9710,9330,9520,174642,-0.020576131687242816
2024-10-17,9560,9650,9290,9430,129801,-0.009453781512605008
2024-10-18,9480,9480,9130,9150,100429,-0.02969247083775184
2024-10-21,9110,9480,9010,9130,89792,-0.002185792349726823
2024-10-22,9010,10820,9010,9450,3520446,0.035049288061336226
2024-10-23,9350,10500,9250,10110,1266937,0.06984126984126982
2024-10-24,9870,10210,9820,10000,206838,-0.010880316518298683
2024-10-25,9980,10350,9760,10160,206719,0.016000000000000014
2024-10-28,10020,10250,9840,9840,147235,-0.03149606299212604
2024-10-29,9810,10290,9680,10150,173476,0.0315040650406504
2024-10-30,10150,10190,9760,9880,107546,-0.026600985221674867
2024-10-31,9940,10900,9740,10280,1027534,0.04048582995951411
2024-11-01,10020,10560,9940,10280,232489,0.0
2024-11-04,10350,10890,10300,10520,331059,0.023346303501945442
2024-11-05,10630,10860,10350,10780,149810,0.024714828897338448
2024-11-06,10910,10910,10410,10410,155620,-0.03432282003710574
2024-11-07,10320,10830,10200,10710,109122,0.028818443804034644
2024-11-08,10710,11500,10500,10900,362684,0.017740429505135324
2024-11-11,10900,10900,10450,10670,162152,-0.02110091743119269
2024-11-12,10570,10680,9910,9940,191840,-0.06841611996251173
2024-11-13,9860,10130,9750,9840,139949,-0.010060362173038184
2024-11-14,9750,10070,9690,9710,132126,-0.013211382113821113
2024-11-15,9560,10000,9430,9920,101554,0.02162718846549949
2024-11-18,9930,10100,9670,9740,134628,-0.01814516129032262
2024-11-19,9680,9890,9650,9750,49354,0.0010266940451746365
2024-11-20,9700,9890,9560,9570,71704,-0.018461538461538418
2024-11-21,9480,9670,9400,9430,76863,-0.014629049111807735
2024-11-22,9400,9780,9400,9430,49083,0.0
2024-11-25,9440,9620,9400,9400,110997,-0.0031813361611876534
2024-11-26,9360,9530,9020,9330,104843,-0.007446808510638281
2024-11-27,9390,9390,8950,8970,136197,-0.03858520900321538
2024-11-28,8900,9110,8900,9070,71044,0.011148272017837302
2024-11-29,9160,9160,8780,8830,114525,-0.026460859977949336
2024-12-02,8830,8930,8330,8340,121728,-0.05549263873159682
2024-12-03,8350,8850,8350,8760,68019,0.050359712230215736
2024-12-04,8420,8670,8410,8420,81356,-0.038812785388127824
2024-12-05,8420,8570,8270,8270,87327,-0.017814726840855055
2024-12-06,8150,8240,7550,8050,197431,-0.026602176541717037
2024-12-09,7650,7830,7470,7470,225883,-0.07204968944099377
2024-12-10,7470,7930,7470,7840,58458,0.04953145917001334
2024-12-11,7850,8340,7850,8240,74162,0.05102040816326525
2024-12-12,8190,8750,8190,8720,105758,0.058252427184465994
2024-12-13,8600,8810,8500,8690,55698,-0.0034403669724770714
2024-12-16,8700,9210,8700,9180,106791,0.05638665132336018
2024-12-17,9160,9240,9010,9140,55277,-0.004357298474945481
2024-12-18,9100,9200,8930,9110,65436,-0.003282275711159688
2024-12-19,8970,8990,8810,8860,48295,-0.027442371020856227
2024-12-20,8800,9000,8680,8790,66734,-0.007900677200902928
2024-12-23,8750,9030,8750,8900,42136,0.012514220705347023
2024-12-24,8980,9340,8930,9160,81436,0.02921348314606731
2024-12-26,9280,9280,8880,8890,56097,-0.029475982532751077
2024-12-27,8970,9110,8690,8720,57441,-0.019122609673790758
2024-12-30,8720,9210,8450,8790,33416,0.008027522935779796
2025-01-02,8790,9130,8700,9100,39865,0.03526734926052333
2025-01-03,9190,9430,9010,9320,48951,0.02417582417582409
2025-01-06,9320,10820,9270,10600,490512,0.13733905579399153
2025-01-07,10600,11410,10560,11260,415646,0.062264150943396324
2025-01-08,11300,13000,11110,12110,816879,0.07548845470692722
2025-01-09,12220,13700,12220,13200,1191416,0.09000825763831544
2025-01-10,13030,13260,12640,12930,369728,-0.020454545454545503
2025-01-13,12840,13290,12590,12950,323214,0.0015467904098993568
2025-01-14,12950,13440,12710,13290,225598,0.026254826254826336
2025-01-15,13220,13360,12890,12900,138603,-0.02934537246049662
2025-01-16,12920,13750,12920,13640,373922,0.05736434108527133
2025-01-17,13640,14700,13270,14540,847850,0.06598240469208205
2025-01-20,14370,15050,13880,14190,574380,-0.02407152682255842
2025-01-21,14060,14970,14060,14700,397471,0.03594080338266381
2025-01-22,14980,15130,14500,14780,231093,0.0054421768707482165
2025-01-23,14780,14870,14300,14520,159330,-0.017591339648173165
2025-01-24,14400,14890,14330,14500,193961,-0.0013774104683195176
2025-01-31,13930,14150,12700,13490,350215,-0.06965517241379315
2025-02-03,12930,13590,12810,13300,267484,-0.014084507042253502
2025-02-04,13250,13830,13080,13510,202183,0.015789473684210575
2025-02-05,13750,13950,13370,13600,138381,0.006661732050333047
2025-02-06,13620,14230,13430,13870,210408,0.019852941176470518
2025-02-07,13990,13990,13410,13460,93441,-0.02956020187454944
2025-02-10,13100,13320,12940,13160,143419,-0.022288261515601815
2025-02-11,13200,13800,12850,13500,117511,0.02583586626139822
2025-02-12,13000,13910,12910,13460,194618,-0.002962962962962945
2025-02-13,13530,14150,13390,13410,129257,-0.003714710252600284
2025-02-14,13320,13650,13180,13230,82224,-0.01342281879194629
2025-02-17,13260,13790,13160,13770,135792,0.04081632653061229
2025-02-18,13770,13960,13130,13500,106122,-0.019607843137254943
2025-02-19,13470,13790,13320,13420,131658,-0.00592592592592589
2025-02-20,13410,13410,12700,12850,200668,-0.04247391952309987
2025-02-21,12650,13910,12650,13320,206210,0.036575875486381415
2025-02-24,13300,13510,12690,13000,150142,-0.024024024024024038
2025-02-25,12850,13020,12450,12470,132409,-0.04076923076923078
2025-02-26,12390,13170,12170,12630,145588,0.012830793905372895
2025-02-27,12820,13120,12370,12520,64720,-0.008709422011084711
2025-02-28,12080,12370,11770,11770,165541,-0.05990415335463262
2025-03-04,11520,11960,11390,11410,111888,-0.030586236193712812
2025-03-05,11370,11900,11370,11700,74356,0.025416301489921134
2025-03-06,12000,12000,11330,11330,79575,-0.03162393162393162
2025-03-07,11100,11550,11100,11350,69604,0.001765225066195919
2025-03-10,11200,11500,11110,11180,64216,-0.0149779735682819
2025-03-11,10550,11170,10000,11160,77777,-0.0017889087656529634
2025-03-12,11120,11800,11030,11480,170894,0.028673835125448077
2025-03-13,11830,11830,11360,11450,65871,-0.002613240418118501
2025-03-14,11460,11910,11460,11710,48399,0.022707423580786035
2025-03-17,11730,12120,11730,12030,80934,0.027327070879590076
2025-03-18,12050,12400,11890,12000,89693,-0.0024937655860348684
2025-03-19,12000,12340,11730,12170,53369,0.01416666666666666
2025-03-20,12150,12250,11760,11910,62517,-0.021364009860312283
2025-03-21,11630,12170,11630,11800,75023,-0.009235936188077276
2025-03-24,11650,11770,11350,11440,78755,-0.03050847457627115
2025-03-25,11550,11780,11390,11510,56972,0.006118881118881037
2025-03-26,11400,13380,11280,12380,459552,0.07558644656820146
2025-03-27,12350,12350,11850,11990,114832,-0.03150242326332797
2025-03-28,11830,11900,11210,11310,95954,-0.056713928273561254
2025-03-31,11190,11240,10830,11100,50915,-0.018567639257294433
2025-04-01,11100,11400,10930,11110,69246,0.0009009009009008917
2025-04-02,11210,11280,10920,11020,22446,-0.008100810081008047
2025-04-03,10750,10950,10290,10480,110328,-0.0490018148820327
2025-04-04,10290,10340,9740,10060,154106,-0.040076335877862634
2025-04-07,9710,9760,9050,9110,157135,-0.09443339960238573
2025-04-08,9320,9430,8670,8800,160292,-0.034028540065861645
2025-04-09,8570,9100,8570,8670,44827,-0.01477272727272727
2025-04-10,9420,9420,9050,9140,136707,0.05420991926182239
2025-04-11,8870,9130,8650,9010,99496,-0.01422319474835887
2025-04-14,9170,9320,9020,9150,99895,0.015538290788013276
2025-04-15,9190,9520,9120,9450,66648,0.032786885245901676
2025-04-16,9500,9500,8990,8990,73137,-0.04867724867724865
2025-04-17,9000,9350,8970,9290,45469,0.03337041156840925
2025-04-18,9390,9390,9010,9270,74933,-0.0021528525296017342
2025-04-21,9280,9490,9090,9340,61667,0.007551240560949246
2025-04-22,9300,9440,9020,9440,70328,0.010706638115631772
2025-04-23,9740,10300,9630,10180,153116,0.07838983050847448
2025-04-24,10350,10350,9780,9860,90775,-0.03143418467583492
2025-04-25,10160,11890,10000,10400,1094928,0.05476673427991896
2025-04-28,10350,10510,10130,10220,136914,-0.017307692307692357
2025-04-29,10200,10360,10140,10140,65353,-0.007827788649706457
2025-04-30,10310,10310,9880,9880,59831,-0.02564102564102566
2025-05-02,10030,10120,9900,10000,35959,0.012145748987854255
2025-05-07,10010,10200,9950,10050,27343,0.004999999999999893
2025-05-08,10200,10630,10200,10380,128174,0.032835820895522394
2025-05-09,10530,10530,10050,10130,60307,-0.024084778420038533
2025-05-12,10400,10540,10160,10520,33657,0.038499506416584506
2025-05-13,10630,10660,10150,10340,42253,-0.017110266159695797
2025-05-14,10600,11030,10440,10660,91815,0.030947775628626717
2025-05-15,10670,10950,10300,10360,69451,-0.02814258911819889
2025-05-16,10600,10770,10360,10690,57368,0.031853281853281956
2025-05-19,10920,10920,10150,10270,71993,-0.03928905519176795
2025-05-20,10310,10470,10180,10190,25205,-0.007789678675754641
2025-05-21,10250,10360,10120,10160,30902,-0.0029440628066732533
2025-05-22,10170,10250,9930,9950,28945,-0.02066929133858264
2025-05-23,10150,10210,9900,9970,42816,0.0020100502512563345
2025-05-26,10050,12000,10050,12000,695243,0.20361083249749257
2025-05-27,11850,11890,11340,11410,215099,-0.04916666666666669
2025-05-28,11510,11670,11150,11370,106392,-0.0035056967572304476
2025-05-29,11400,11590,10800,10900,163762,-0.041336851363236615
2025-05-30,10970,10970,10510,10560,92704,-0.031192660550458662
2025-06-02,10570,10750,10380,10450,62103,-0.01041666666666663
2025-06-04,10730,10920,10610,10790,64969,0.032535885167464196
2025-06-05,14020,14020,11750,12030,3695524,0.11492122335495836
2025-06-09,11780,11810,11460,11600,287725,-0.035743973399833706
2025-06-10,11580,11800,11200,11310,195051,-0.025000000000000022
2025-06-11,11550,11720,11420,11600,199981,0.02564102564102555
2025-06-12,11560,11600,11430,11450,124018,-0.012931034482758674
2025-06-13,11490,11490,11010,11200,190272,-0.02183406113537123
2025-06-16,11000,11190,10880,11130,94928,-0.006249999999999978
2025-06-17,11360,11660,11130,11340,207608,0.018867924528301883
2025-06-18,11280,11330,11130,11300,63476,-0.003527336860670194
2025-06-19,11400,11470,11150,11200,67032,-0.008849557522123908
2025-06-20,11200,11450,11130,11200,82236,0.0
2025-06-23,10950,11030,10690,10760,150879,-0.03928571428571426
2025-06-24,11000,11300,10940,11260,92940,0.04646840148698894
2025-06-25,11460,11580,11300,11520,119744,0.023090586145648295
2025-06-26,11630,11700,11230,11400,106922,-0.01041666666666663
2025-06-27,11450,11450,11070,11180,57056,-0.019298245614035037
2025-06-30,11180,11240,10990,11000,46568,-0.01610017889087656
2025-07-01,10950,11320,10910,11020,69104,0.0018181818181817189
2025-07-02,11050,11050,10760,10900,48126,-0.010889292196007205
2025-07-03,11000,11400,11000,11400,86028,0.04587155963302747
2025-07-04,11370,11390,11060,11090,71966,-0.027192982456140324
2025-07-07,11100,11110,10920,10950,48413,-0.012623985572587926
2025-07-08,10870,11220,10790,10830,49245,-0.010958904109588996
2025-07-09,10930,10960,10640,10750,73481,-0.007386888273314907
2025-07-10,10850,11190,10800,11190,77521,0.040930232558139545
2025-07-11,11230,11780,11130,11650,253532,0.04110813226094723
2025-07-14,11550,11550,11220,11520,88909,-0.011158798283261828
2025-07-15,11440,11790,11350,11690,103558,0.01475694444444442
2025-07-16,11850,13480,11550,13090,1042321,0.11976047904191622
2025-07-17,13410,13500,12360,12590,566173,-0.03819709702062646
2025-07-18,12330,12350,11900,12000,246140,-0.046862589356632234
2025-07-21,12060,12220,11790,11790,122771,-0.01749999999999996
2025-07-22,12980,13300,12330,12400,924626,0.05173876166242586
2025-07-23,12440,13590,12120,13300,656936,0.07258064516129026
2025-07-24,13300,13370,12930,13080,244715,-0.016541353383458635
2025-07-25,13130,13580,12650,12910,817465,-0.012996941896024516
2025-07-28,12610,12770,12430,12700,183358,-0.016266460108443015
2025-07-29,12650,12850,12280,12780,121345,0.006299212598425141
2025-07-30,12710,13450,12700,12880,219299,0.00782472613458518
2025-07-31,12920,12980,12340,12470,182509,-0.03183229813664601
2025-08-01,12360,12440,11980,12010,111610,-0.0368885324779471
2025-08-04,11870,12150,11870,11950,65824,-0.004995836802664466
2025-08-05,12120,12360,12090,12090,54859,0.011715481171548081
2025-08-06,12210,12260,12000,12260,72876,0.014061207609594728
2025-08-07,12450,12500,12260,12340,55167,0.006525285481239873
2025-08-08,12510,13190,12400,12750,221536,0.03322528363047006
2025-08-11,12820,12980,12640,12640,66635,-0.008627450980392193
2025-08-12,12750,13050,12670,12670,83770,0.002373417721518889
2025-08-13,12970,12970,12700,12860,70727,0.014996053670086829
2025-08-14,12770,12870,12620,12800,65328,-0.004665629860031051
2025-08-18,12800,12800,12300,12650,70967,-0.01171875
2025-08-19,12650,12790,12340,12340,59862,-0.02450592885375491
2025-08-20,12010,12180,11850,11990,62673,-0.028363047001620734
2025-08-21,12180,12300,11870,11900,63611,-0.007506255212677226
2025-08-22,12020,12500,11980,12320,58674,0.03529411764705892
2025-08-25,12370,12600,12320,12410,38161,0.007305194805194759
2025-08-26,12400,12780,12320,12570,46038,0.012892828364222453
2025-08-27,12560,12770,12440,12670,54201,0.007955449482895727
2025-08-28,12570,13110,12400,12930,95364,0.020520915548539964
2025-08-29,12930,13100,12500,12970,81781,0.0030935808197989356
2025-09-01,12660,13220,12630,12760,169911,-0.01619121048573635
2025-09-02,12750,14270,12750,13890,1321457,0.08855799373040751
2025-09-03,13660,15750,13620,15380,1613417,0.10727141828653708
2025-09-04,15380,16910,15260,16650,1746370,0.08257477243172962
2025-09-05,16750,17280,16450,16750,698463,0.006006006006006093
2025-09-08,16940,19190,16910,18600,1704501,0.11044776119402977
2025-09-09,18760,19710,18270,19430,1126287,0.044623655913978544
2025-09-10,19430,19830,18620,19270,695515,-0.008234688625836317
2025-09-11,19270,19600,19000,19230,413994,-0.002075765438505406
2025-09-12,19400,20500,19100,19270,669022,0.002080083203328087
2025-09-15,19950,20700,19050,20700,867771,0.0742086144265699
2025-09-16,20800,20900,19850,20450,478719,-0.012077294685990392
2025-09-17,19980,21700,19690,20650,860305,0.009779951100244544
