Date,Open,High,Low,Close,Volume,Change
2022-01-03,6314,6314,6284,6314,280112,0.003177629488401612
2022-01-04,6314,6324,6205,6235,265969,-0.01251187836553691
2022-01-05,6294,6294,6235,6255,253886,0.003207698476343168
2022-01-06,6254,6264,6165,6175,345596,-0.012789768185451633
2022-01-07,6174,6293,6174,6284,316046,0.01765182186234826
2022-01-10,6274,6284,6155,6175,349624,-0.017345639719923645
2022-01-11,6175,6185,6135,6185,175707,0.0016194331983805377
2022-01-12,6185,6224,6135,6205,133347,0.003233629749393785
2022-01-13,6204,6224,6105,6105,217610,-0.016116035455277955
2022-01-14,6145,6204,6115,6175,243531,0.01146601146601145
2022-01-17,6175,6204,6145,6175,119117,0.0
2022-01-18,6145,6174,6135,6165,121712,-0.0016194331983805377
2022-01-19,6165,6165,6046,6066,226922,-0.016058394160583966
2022-01-20,6105,6154,6035,6115,169009,0.008077810748433834
2022-01-21,6105,6154,6025,6125,302598,0.0016353229762877675
2022-01-24,6145,6145,5986,6016,336489,-0.017795918367346952
2022-01-25,6015,6065,5966,5966,253990,-0.00831117021276595
2022-01-26,6015,6015,5906,5906,285950,-0.010056989607777456
2022-01-27,5906,5955,5558,5777,393618,-0.021842194378598023
2022-01-28,5826,5836,5667,5787,417562,0.001731002250302982
2022-02-03,5866,6144,5856,6115,611962,0.05667876274408146
2022-02-04,6015,6204,6015,6105,257763,-0.0016353229762877675
2022-02-07,6184,6184,6095,6135,232632,0.004914004914004844
2022-02-08,6145,6165,6016,6016,286794,-0.019396903015484912
2022-02-09,6095,6125,5996,5996,273069,-0.0033244680851063357
2022-02-10,6055,6095,6006,6016,269436,0.0033355570380253496
2022-02-11,6016,6065,6006,6026,141744,0.0016622340425531679
2022-02-14,6006,6065,5966,6036,141120,0.0016594756057086713
2022-02-15,6035,6065,5996,5996,176832,-0.0066269052352551094
2022-02-16,6055,6055,5996,6016,123857,0.0033355570380253496
2022-02-17,6056,6075,6016,6056,163053,0.0066489361702126715
2022-02-18,6066,6076,6016,6076,83280,0.0033025099075296716
2022-02-21,6075,6075,6006,6036,133861,-0.006583278472679366
2022-02-22,6035,6055,6016,6016,100267,-0.0033134526176276102
2022-02-23,6065,6065,5996,6046,114713,0.004986702127659504
2022-02-24,6016,6066,5996,6066,190924,0.003307972213033361
2022-02-25,6065,6214,6045,6165,221036,0.016320474777448135
2022-02-28,6204,6293,6114,6274,365061,0.017680454176804528
2022-03-02,6114,6313,6114,6284,248472,0.0015938795027095054
2022-03-03,6314,6403,6284,6384,605169,0.01591343093570985
2022-03-04,6393,6542,6343,6513,842863,0.020206766917293173
2022-03-07,6503,6642,6463,6563,1065521,0.007676953784738316
2022-03-08,6513,6602,6364,6563,787350,0.0
2022-03-10,6562,6632,6512,6632,764616,0.01051348468688107
2022-03-11,6632,6701,6582,6692,854432,0.009047044632086942
2022-03-14,6692,6751,6642,6692,598837,0.0
2022-03-15,6701,6711,6602,6642,860137,-0.007471607890017884
2022-03-16,6632,6721,6602,6702,852485,0.009033423667569984
2022-03-17,6701,6711,6612,6682,861613,-0.0029841838257236297
2022-03-18,6672,6891,6632,6762,6423019,0.011972463334330996
2022-03-21,6762,6781,6593,6593,278195,-0.02499260573794737
2022-03-22,6652,6762,6612,6762,418924,0.025633247383588742
2022-03-23,6761,6821,6702,6712,616841,-0.007394262052647149
2022-03-24,6742,6762,6682,6762,284492,0.0074493444576877454
2022-03-25,6692,6801,6692,6782,194308,0.0029577048210589485
2022-03-28,6781,6781,6692,6772,234764,-0.0014744913005013682
2022-03-29,6801,6980,6741,6980,670309,0.03071470761961015
2022-03-30,6960,6960,6861,6931,339041,-0.007020057306590277
2022-03-31,6931,6960,6901,6941,372593,0.0014427932477276695
2022-04-01,6930,6940,6801,6821,332183,-0.017288575133266093
2022-04-04,6851,6921,6791,6921,631464,0.014660606949127741
2022-04-05,6920,6940,6811,6811,245622,-0.01589365698598466
2022-04-06,6860,6860,6632,6632,573978,-0.026281016003523727
2022-04-07,6662,6851,6662,6782,235731,0.022617611580217023
2022-04-08,6871,6910,6831,6901,435073,0.017546446475965816
2022-04-11,6901,6921,6811,6921,480705,0.002898130705694779
2022-04-12,6921,6960,6841,6921,418665,0.0
2022-04-13,6941,6980,6861,6971,305942,0.007224389539083997
2022-04-14,6980,7109,6960,7090,297197,0.017070721560751734
2022-04-15,7030,7308,6950,7299,594844,0.02947813822284906
2022-04-18,7248,7248,7070,7070,426911,-0.03137416084395117
2022-04-19,7070,7140,7060,7140,199513,0.00990099009900991
2022-04-20,7139,7248,7119,7249,612526,0.015266106442576977
2022-04-21,7178,7278,7159,7159,336636,-0.01241550558697746
2022-04-22,7159,7258,7119,7189,254314,0.004190529403548027
2022-04-25,7159,7208,7099,7209,531641,0.002782028098483824
2022-04-26,7229,7248,7189,7249,601512,0.0055486197808294335
2022-04-27,7218,7248,7119,7159,441714,-0.01241550558697746
2022-04-28,7159,7199,6930,7090,501903,-0.009638217628160306
2022-04-29,7080,7288,7020,7289,422314,0.028067700987306043
2022-05-02,7129,7188,7069,7159,303655,-0.017835093977225935
2022-05-03,7169,7169,6841,6941,415277,-0.030451180332448646
2022-05-04,6891,6941,6672,6941,229584,0.0
2022-05-06,6841,6940,6791,6901,128243,-0.005762858377755364
2022-05-09,6851,6851,6712,6782,201973,-0.017243877698884247
2022-05-10,6682,6692,6563,6583,301879,-0.02934237687997643
2022-05-11,6622,6731,6522,6662,201834,0.012000607625702653
2022-05-12,6562,6751,6562,6632,213030,-0.004503152206544625
2022-05-13,6582,7019,6582,6821,851053,0.028498190591073502
2022-05-16,6761,6990,6761,6881,413645,0.0087963641694766
2022-05-17,6880,6940,6751,6811,384323,-0.010172939979654072
2022-05-18,6801,6831,6722,6762,193518,-0.007194244604316502
2022-05-19,6712,6811,6622,6792,427403,0.004436557231588312
2022-05-20,6791,6811,6692,6752,205834,-0.005889281507656108
2022-05-23,6662,6702,6612,6613,285834,-0.020586492890995234
2022-05-24,6622,6751,6612,6672,456534,0.008921820656283108
2022-05-25,6662,6841,6662,6732,296294,0.008992805755395628
2022-05-26,6732,6861,6722,6772,480332,0.005941770647653
2022-05-27,6890,6990,6820,6990,877311,0.032191376255168436
2022-05-30,6970,6970,6831,6851,257102,-0.01988555078683829
2022-05-31,6811,6910,6732,6732,904085,-0.017369727047146455
2022-06-02,6781,6870,6731,6821,187114,0.013220439691027819
2022-06-03,6732,6841,6692,6762,462094,-0.00864975809998536
2022-06-07,6612,6771,6612,6742,263153,-0.0029577048210588375
2022-06-08,6662,6731,6662,6702,161128,-0.005932957579353304
2022-06-09,6731,6741,6662,6712,52425,0.0014920919128618149
2022-06-10,6731,6761,6492,6493,273783,-0.032628128724672245
2022-06-13,6522,6572,6493,6503,120304,0.001540120129370104
2022-06-14,6413,6463,6185,6235,413960,-0.04121174842380437
2022-06-15,6324,6324,6165,6165,101822,-0.01122694466720131
2022-06-16,6244,6244,6016,6016,237708,-0.024168694241686994
2022-06-17,6105,6105,5767,5867,911304,-0.024767287234042534
2022-06-20,5965,5965,5488,5578,547204,-0.049258564854269604
2022-06-21,5538,5657,5488,5568,343553,-0.0017927572606668551
2022-06-22,5776,5776,5558,5568,274299,0.0
2022-06-23,5568,5627,5409,5449,559656,-0.021372126436781658
2022-06-24,5628,5737,5489,5688,207703,0.04386125894659565
2022-06-27,5767,5956,5618,5837,299840,0.026195499296765012
2022-06-28,5836,5856,5647,5767,168099,-0.011992461881103256
2022-06-29,5766,5766,5568,5588,289915,-0.03103866828507018
2022-06-30,5757,5757,5568,5598,270454,0.0017895490336434783
2022-07-01,5767,5866,5538,5618,295057,0.0035727045373348254
2022-07-04,5618,5697,5319,5449,338386,-0.030081879672481326
2022-07-05,5469,5737,5389,5718,204955,0.04936685630390891
2022-07-06,5528,5766,5498,5568,159382,-0.026232948583420734
2022-07-07,5568,5707,5519,5529,120489,-0.0070043103448276245
2022-07-08,5498,5598,5419,5429,209359,-0.018086453246518364
2022-07-11,5469,5479,5240,5320,250091,-0.020077362313501546
2022-07-12,5299,5299,5120,5240,167158,-0.015037593984962405
2022-07-13,5319,5349,5150,5250,175271,0.001908396946564972
2022-07-14,5270,5379,5240,5300,148898,0.00952380952380949
2022-07-15,5230,5299,5071,5121,321363,-0.0337735849056604
2022-07-18,5121,5260,5101,5131,263812,0.0019527436047646063
2022-07-19,5141,5210,5101,5141,170133,0.0019489378288832793
2022-07-20,5140,5150,5011,5061,380255,-0.015561174868702565
2022-07-21,5061,5110,5011,5081,137393,0.003951788184153315
2022-07-22,5041,5110,5031,5101,94899,0.003936233024995017
2022-07-25,5130,5130,5041,5081,245411,-0.003920799843167955
2022-07-26,5130,5130,5051,5061,430219,-0.003936233024995128
2022-07-27,5091,5101,5041,5101,146035,0.00790357636830663
2022-07-28,5130,5140,5051,5071,219713,-0.005881199764751988
2022-07-29,5081,5161,5071,5161,270333,0.017747978702425504
2022-08-01,5171,5578,5161,5539,483635,0.0732416198411161
2022-08-02,5538,5548,5399,5419,201055,-0.021664560389962118
2022-08-03,5350,5608,5320,5350,176068,-0.012732976563941678
2022-08-04,5448,5488,5349,5399,304278,0.009158878504673007
2022-08-05,5468,5468,5379,5459,100429,0.011113169105389842
2022-08-08,5478,5528,5369,5439,125331,-0.003663674665689731
2022-08-09,5528,5528,5419,5469,132478,0.005515719801434171
2022-08-10,5458,5468,5389,5439,82482,-0.005485463521667566
2022-08-11,5429,5538,5429,5499,156404,0.01103143960286812
2022-08-12,5498,5508,5379,5469,109376,-0.0054555373704310295
2022-08-16,5508,5518,5429,5429,94893,-0.007313951362223459
2022-08-17,5449,5498,5429,5469,57927,0.007367839381101415
2022-08-18,5479,5498,5439,5489,63252,0.003656975681111785
2022-08-19,5469,5528,5469,5519,107055,0.005465476407360281
2022-08-22,5508,5508,5389,5439,97635,-0.014495379597753266
2022-08-23,5429,5429,5200,5360,135362,-0.014524728810443088
2022-08-24,5359,5409,5250,5260,109524,-0.018656716417910446
2022-08-25,5269,5458,5259,5409,73626,0.028326996197718612
2022-08-26,5478,5478,5399,5459,54537,0.009243852837862887
2022-08-29,5319,5469,5319,5469,147781,0.0018318373328447546
2022-08-30,5469,5498,5439,5489,70383,0.003656975681111785
2022-08-31,5499,5499,5389,5499,76844,0.0018218254691200197
2022-09-01,5508,5518,5379,5419,120850,-0.014548099654482671
2022-09-02,5439,5518,5419,5509,141309,0.016608230300793503
2022-09-05,5508,5528,5379,5379,40087,-0.02359774913777457
2022-09-06,5419,5449,5280,5350,124975,-0.005391336679680281
2022-09-07,5350,5419,5280,5360,80583,0.0018691588785046953
2022-09-08,5478,5508,5379,5419,153564,0.011007462686567271
2022-09-13,5379,5578,5379,5519,169892,0.018453589223103917
2022-09-14,5419,5588,5300,5529,154997,0.0018119224497190611
2022-09-15,5598,5598,5469,5499,90768,-0.005425935973955465
2022-09-16,5558,5628,5468,5628,673167,0.02345881069285327
2022-09-19,5499,5628,5489,5509,161728,-0.021144278606965217
2022-09-20,5607,5697,5548,5588,163892,0.014340170629878468
2022-09-21,5678,5678,5479,5529,141173,-0.01055833929849681
2022-09-22,5528,5558,5449,5449,81495,-0.014469162597214646
2022-09-23,5449,5489,5330,5350,46986,-0.01816847127913379
2022-09-26,5369,5429,5260,5260,203017,-0.016822429906542036
2022-09-27,5210,5359,5171,5171,92619,-0.016920152091254748
2022-09-28,5170,5260,5001,5141,112516,-0.005801585766776252
2022-09-29,5190,5210,5061,5101,55826,-0.007780587434351283
2022-09-30,5100,5170,5021,5021,252898,-0.01568319937267204
2022-10-04,5190,5190,4981,5081,644495,0.011949810794662508
2022-10-05,5041,5080,4981,5071,67916,-0.0019681165124975086
2022-10-06,5001,5081,4972,4992,113392,-0.015578781305462419
2022-10-07,4991,5001,4872,4897,121201,-0.019030448717948678
2022-10-11,4872,4872,4554,4604,329653,-0.05983255054114767
2022-10-12,4603,4722,4454,4474,134030,-0.028236316246741944
2022-10-13,4574,4574,4246,4246,231058,-0.05096110862762626
2022-10-14,4195,4285,4031,4161,387965,-0.02001884126236453
2022-10-17,4161,4225,3937,3992,442457,-0.040615236721941894
2022-10-18,4071,4071,3832,3972,632226,-0.00501002004008011
2022-10-19,3927,3992,3788,3828,631372,-0.03625377643504535
2022-10-20,3838,3853,3510,3510,841886,-0.08307210031347967
2022-10-21,3495,3495,3241,3331,1399439,-0.050997150997150964
2022-10-24,3420,3420,3291,3311,619318,-0.006004202942059389
2022-10-25,3320,3360,3236,3286,328730,-0.007550588945937742
2022-10-26,3291,3325,3211,3321,492937,0.01065124771758974
2022-10-27,3350,3509,3301,3500,706506,0.053899427883167705
2022-10-28,3509,3623,3434,3579,567302,0.022571428571428465
2022-10-31,3629,3639,3420,3545,449967,-0.009499860296172113
2022-11-01,3544,3653,3454,3604,388017,0.016643159379407635
2022-11-02,3629,3758,3519,3674,542179,0.01942286348501665
2022-11-03,3624,3768,3514,3659,578338,-0.004082743603701644
2022-11-04,3688,3688,3544,3654,354659,-0.001366493577480199
2022-11-07,3653,3663,3554,3579,355702,-0.02052545155993435
2022-11-08,3619,3619,3525,3575,437033,-0.0011176306230791244
2022-11-09,3599,3664,3574,3664,355429,0.024895104895104936
2022-11-10,3658,3733,3599,3654,428338,-0.0027292576419214454
2022-11-11,3907,3907,3733,3833,634325,0.048987411056376606
2022-11-14,3837,3947,3788,3823,657239,-0.002608922515001333
2022-11-15,3828,3843,3709,3724,458078,-0.025895893277530724
2022-11-16,3723,3802,3683,3783,448912,0.01584317937701396
2022-11-17,3787,3802,3698,3778,379616,-0.001321702352630183
2022-11-18,3778,3972,3748,3972,496208,0.05134992059290622
2022-11-21,3962,4022,3823,3903,385965,-0.017371601208459264
2022-11-22,3897,3976,3807,3942,305559,0.009992313604919367
2022-11-23,3942,4116,3917,4057,324174,0.029173008625063446
2022-11-24,4081,4111,3947,4032,356766,-0.0061621888094651744
2022-11-25,4037,4106,4022,4077,325203,0.01116071428571419
2022-11-28,4046,4051,3957,3997,359499,-0.019622271277900394
2022-11-29,3927,4021,3922,3977,240653,-0.005003752814610962
2022-11-30,4021,4026,3852,4002,321151,0.006286145335680171
2022-12-01,4002,4051,3962,4017,192282,0.0037481259370315545
2022-12-02,4001,4016,3927,3957,270981,-0.014936519790888725
2022-12-05,3987,4011,3927,3987,229800,0.007581501137225111
2022-12-06,3981,4001,3917,3942,175628,-0.011286681715575675
2022-12-07,3977,3977,3833,3908,249476,-0.008625063419584023
2022-12-08,3927,3927,3833,3868,173284,-0.010235414534288667
2022-12-09,3922,3922,3798,3853,343394,-0.003877973112719757
2022-12-12,3847,3852,3788,3793,205204,-0.015572281339216176
2022-12-13,3793,3917,3729,3908,393650,0.030319008700237182
2022-12-14,3907,4021,3857,4007,228258,0.025332650972364368
2022-12-15,4006,4061,3932,4002,221756,-0.001247816321437445
2022-12-16,3902,4021,3902,3967,306333,-0.008745627186406812
2022-12-19,3997,3997,3863,3923,154810,-0.01109150491555333
2022-12-20,3957,3957,3818,3843,184386,-0.020392556716798405
2022-12-21,3852,3907,3813,3838,214854,-0.001301066874837331
2022-12-22,3987,3987,3848,3928,303287,0.02344971339239188
2022-12-23,3927,3942,3833,3923,227983,-0.001272912423625261
2022-12-26,3947,4121,3857,4121,279175,0.05047157787407586
2022-12-27,4037,4062,3923,3928,222121,-0.04683329289007521
2022-12-28,3972,4031,3852,4027,367923,0.02520366598778012
2022-12-29,4056,4056,3857,3967,454527,-0.014899428855227215
2023-01-02,4036,4041,3952,3962,71866,-0.001260398285858333
2023-01-03,3977,4007,3853,3878,115620,-0.021201413427561877
2023-01-04,3966,3966,3847,3937,93941,0.015214027849406841
2023-01-05,4002,4017,3912,4017,162050,0.020320040640081194
2023-01-06,4036,4081,3977,4032,265002,0.0037341299477222645
2023-01-09,4036,4111,4017,4022,183971,-0.0024801587301587213
2023-01-10,4021,4071,3977,4017,98099,-0.0012431626056688128
2023-01-11,3982,4031,3982,4012,122953,-0.0012447099825740882
2023-01-12,4047,4116,3997,4112,279601,0.024925224327019047
2023-01-13,4126,4175,4076,4156,223035,0.010700389105058328
2023-01-16,4176,4300,4166,4211,371630,0.013233878729547621
2023-01-17,4310,4310,4181,4246,320205,0.00831156494894314
2023-01-18,4325,4380,4196,4380,517134,0.031559114460668836
2023-01-19,4374,4399,4225,4365,222944,-0.003424657534246589
2023-01-20,4365,4439,4275,4435,193214,0.016036655211912887
2023-01-25,4469,4469,4320,4355,305420,-0.018038331454340528
2023-01-26,4404,4404,4305,4345,243357,-0.0022962112514350874
2023-01-27,4365,4365,4221,4231,368891,-0.02623705408515531
2023-01-30,4285,4285,4146,4151,386753,-0.018908059560387658
2023-01-31,4211,4211,4052,4077,249693,-0.017827029631414137
2023-02-01,4166,4166,4067,4097,341756,0.004905567819475154
2023-02-02,4096,4220,4086,4211,160643,0.027825237979008932
2023-02-03,4206,4300,4166,4246,411379,0.00831156494894314
2023-02-06,4250,4250,4126,4206,344827,-0.009420631182289196
2023-02-07,4205,4210,4116,4136,134222,-0.016642891107941038
2023-02-08,4176,4235,4156,4226,126262,0.021760154738878157
2023-02-09,4240,4250,4171,4236,174137,0.0023663038334122977
2023-02-10,4235,4240,4126,4181,242451,-0.012983947119924455
2023-02-13,4180,4180,4076,4151,201989,-0.007175316909830198
2023-02-14,4170,4170,4101,4126,90296,-0.006022645145748018
2023-02-15,4150,4150,4061,4116,122703,-0.002423654871546277
2023-02-16,4135,4135,4081,4131,122891,0.0036443148688045657
2023-02-17,4091,4175,4076,4171,143234,0.009682885499878946
2023-02-20,4170,4170,4091,4136,102243,-0.00839127307600096
2023-02-21,4156,4156,4082,4097,112960,-0.009429400386847142
2023-02-22,4076,4086,4017,4042,120074,-0.013424456919697292
2023-02-23,4071,4071,3957,3957,162370,-0.0210291934685799
2023-02-24,4007,4051,3957,4037,140937,0.020217336365933702
2023-02-27,4037,4066,3992,4047,78608,0.002477086945751772
2023-02-28,4046,4131,3977,3977,211651,-0.017296763034346463
2023-03-02,4011,4051,3927,3962,208422,-0.0037716872014080804
2023-03-03,3932,3992,3898,3923,165220,-0.009843513377082336
2023-03-06,3927,3972,3878,3923,162306,0.0
2023-03-07,3927,3942,3858,3868,181632,-0.014019882742798861
2023-03-08,3867,3867,3788,3808,187300,-0.015511892450879028
2023-03-09,3833,3833,3749,3749,328603,-0.015493697478991542
2023-03-10,3787,3787,3678,3773,284998,0.006401707121899136
2023-03-13,3718,3827,3678,3823,164865,0.013252054068380703
2023-03-14,3823,3823,3709,3734,207270,-0.02328014648182053
2023-03-15,3733,3807,3733,3803,164585,0.018478843063738593
2023-03-16,3797,3847,3713,3793,122078,-0.0026295030239285033
2023-03-17,3817,3817,3713,3793,519674,0.0
2023-03-20,3788,3788,3699,3699,216725,-0.024782494068020022
2023-03-21,3733,3733,3679,3709,144371,0.002703433360367713
2023-03-22,3709,3728,3669,3709,176675,0.0
2023-03-23,3708,3708,3639,3654,317292,-0.014828794823402491
2023-03-24,3654,3709,3609,3709,124751,0.0150519978106185
2023-03-27,3718,3733,3490,3689,184976,-0.0053922890266918655
2023-03-28,3689,3739,3654,3739,150135,0.013553808620222263
2023-03-29,3739,3788,3739,3749,80834,0.0026745119015778585
2023-03-30,3788,3868,3748,3868,188441,0.031741797812750105
2023-03-31,3868,3907,3788,3868,183462,0.0
2023-04-03,3873,3912,3828,3883,181956,0.003877973112719646
2023-04-04,3878,3917,3828,3913,166532,0.00772598506309552
2023-04-05,3912,3956,3872,3952,145597,0.009966777408637828
2023-04-06,3947,3947,3863,3923,179424,-0.007338056680161964
2023-04-07,3877,3981,3872,3947,141953,0.00611776701503941
2023-04-10,3947,3947,3778,3873,111408,-0.018748416518875044
2023-04-11,3917,3917,3788,3823,209774,-0.01290988897495482
2023-04-12,3857,4056,3748,3758,222579,-0.017002354172116152
2023-04-13,3753,3822,3748,3818,108723,0.015965939329430467
2023-04-14,3818,3892,3818,3863,167598,0.011786275536930235
2023-04-17,3863,3927,3863,3918,209242,0.014237639140564307
2023-04-18,3917,3942,3858,3908,168925,-0.002552322613578406
2023-04-19,3907,3907,3803,3878,314675,-0.007676560900716445
2023-04-20,3828,3892,3798,3843,295978,-0.009025270758122761
2023-04-21,3842,3872,3763,3773,249646,-0.01821493624772308
2023-04-24,3813,3813,3694,3724,355967,-0.012987012987012991
2023-04-25,3768,3768,3654,3709,344357,-0.004027926960257777
2023-04-26,3738,3773,3694,3709,144275,0.0
2023-04-27,3688,3738,3649,3664,208162,-0.012132650310056614
2023-04-28,3684,3803,3679,3739,295302,0.020469432314410563
2023-05-02,3738,3807,3733,3803,96039,0.01711687617009905
2023-05-03,3802,3807,3728,3768,195755,-0.00920326058374965
2023-05-04,3773,3828,3734,3754,198220,-0.0037154989384289294
2023-05-08,3758,3883,3758,3883,184955,0.03436334576451783
2023-05-09,3883,3892,3813,3888,182790,0.0012876641771826236
2023-05-10,3877,3912,3833,3863,230302,-0.0064300411522634215
2023-05-11,3898,3947,3863,3923,128231,0.015531969971524617
2023-05-12,3922,3967,3907,3967,165051,0.011215906194239178
2023-05-15,3967,4046,3947,4017,246110,0.012603982858583329
2023-05-16,4155,4155,4016,4151,308748,0.033358227532984897
2023-05-17,4156,4156,4007,4107,298606,-0.010599855456516538
2023-05-18,4106,4151,4077,4077,189023,-0.007304601899196461
2023-05-19,4255,4255,4086,4181,219739,0.025508952661270623
2023-05-22,4180,4210,4146,4176,146253,-0.0011958861516383479
2023-05-23,4175,4180,4126,4156,136159,-0.004789272030651381
2023-05-24,4155,4175,4106,4146,164553,-0.002406159769008709
2023-05-25,4170,4185,4101,4141,207311,-0.001205981669078593
2023-05-26,4140,4165,4111,4136,248105,-0.001207437816952428
2023-05-30,4097,4131,4027,4107,150610,-0.007011605415860767
2023-05-31,4101,4141,4026,4141,451430,0.008278548819089293
2023-06-01,4116,4206,4091,4206,302312,0.015696691620381564
2023-06-02,4176,4225,4146,4206,142308,0.0
2023-06-05,4186,4200,4166,4196,148891,-0.002377555872563053
2023-06-07,4216,4256,4176,4256,204190,0.014299332697807365
2023-06-08,4256,4275,4196,4256,198913,0.0
2023-06-09,4255,4270,4196,4231,195927,-0.005874060150375948
2023-06-12,4230,4230,4161,4206,153595,-0.005908768612621129
2023-06-13,4215,4230,4131,4141,210705,-0.015454113171659567
2023-06-14,4136,4196,4067,4072,231617,-0.016662641873943507
2023-06-15,4071,4141,4012,4037,186758,-0.008595284872298659
2023-06-16,4031,4111,4017,4022,247039,-0.003715630418627658
2023-06-19,4067,4116,4017,4087,133509,0.016161113873694788
2023-06-20,4036,4215,4036,4211,239247,0.030340102764864207
2023-06-21,4210,4215,4136,4141,133549,-0.0166231298978865
2023-06-22,4166,4166,4047,4097,182439,-0.010625452789181367
2023-06-23,4096,4096,3957,3977,323236,-0.029289724188430566
2023-06-26,3977,3996,3967,3987,116990,0.0025144581342719796
2023-06-27,3986,4026,3967,3977,156776,-0.0025081514923501746
2023-06-28,4001,4001,3957,3972,157728,-0.0012572290671359898
2023-06-29,3972,4021,3937,3987,254081,0.003776435045317328
2023-06-30,3987,4071,3962,3987,252483,0.0
2023-07-03,3987,4052,3982,4052,275192,0.016302984700275802
2023-07-04,4071,4071,3967,4022,199807,-0.007403751233958533
2023-07-05,4031,4051,3962,3962,202589,-0.014917951268025864
2023-07-06,4031,4031,3877,3977,211675,0.0037859666834931804
2023-07-07,3977,3977,3863,3863,199758,-0.02866482273070159
2023-07-10,3922,3957,3798,3803,147073,-0.015531969971524728
2023-07-11,3803,3927,3803,3873,103269,0.0184065211674993
2023-07-12,3873,3927,3853,3888,105238,0.0038729666924863793
2023-07-13,3927,3972,3872,3972,144112,0.021604938271605034
2023-07-14,3972,3987,3912,3987,126519,0.003776435045317328
2023-07-17,3957,3986,3907,3972,73785,-0.003762227238525262
2023-07-18,3922,3986,3892,3942,123499,-0.007552870090634434
2023-07-19,3928,3942,3888,3933,135677,-0.0022831050228310223
2023-07-20,3952,3952,3893,3898,73124,-0.008899059242308716
2023-07-21,3892,3952,3858,3888,188077,-0.002565418163160582
2023-07-24,3882,3882,3808,3873,236993,-0.0038580246913579863
2023-07-25,3867,3892,3793,3833,281281,-0.0103279111799639
2023-07-26,3892,3892,3793,3873,127572,0.01043569006000511
2023-07-27,3873,3907,3833,3878,149568,0.0012909888974954598
2023-07-28,3843,3878,3843,3878,109989,0.0
2023-07-31,3837,3942,3807,3942,137353,0.016503352243424363
2023-08-01,3942,4026,3917,3972,99857,0.007610350076103556
2023-08-02,3971,4041,3882,3942,144827,-0.007552870090634434
2023-08-03,3922,3977,3893,3918,76651,-0.0060882800608828
2023-08-04,3888,3927,3888,3918,67441,0.0
2023-08-07,3917,3917,3863,3898,105577,-0.005104645227156701
2023-08-08,3878,3923,3843,3923,92173,0.006413545407901511
2023-08-09,3882,3902,3838,3863,220778,-0.015294417537598748
2023-08-10,3857,3897,3743,3788,373087,-0.019414962464405883
2023-08-11,3773,3882,3773,3848,105162,0.015839493136219573
2023-08-14,3848,3892,3803,3888,57830,0.01039501039501034
2023-08-16,3847,3947,3812,3947,216187,0.015174897119341502
2023-08-17,3897,3937,3818,3853,93987,-0.023815556118571113
2023-08-18,3828,3867,3813,3858,62098,0.0012976901116013018
2023-08-21,3858,3887,3838,3878,51520,0.005184033177812353
2023-08-22,3877,3907,3813,3868,51513,-0.002578648788035043
2023-08-23,3868,3892,3863,3883,64268,0.003877973112719646
2023-08-24,3898,3922,3868,3918,95721,0.009013649240278143
2023-08-25,3912,3942,3858,3868,80172,-0.012761613067891808
2023-08-28,3878,3937,3868,3928,96977,0.015511892450879028
2023-08-29,3927,3966,3892,3947,105316,0.004837067209775947
2023-08-30,3942,3971,3937,3967,104732,0.005067139599695958
2023-08-31,3947,3977,3903,3903,130620,-0.01613309805898666
2023-09-01,3902,3981,3902,3972,163905,0.017678708685626487
2023-09-04,3976,3976,3912,3972,104211,0.0
2023-09-05,3977,3981,3897,3977,112270,0.0012588116817724426
2023-09-06,3996,3996,3937,3977,123827,0.0
2023-09-07,3932,3967,3883,3903,106863,-0.018606990193613226
2023-09-08,3902,3942,3862,3942,102404,0.009992313604919367
2023-09-11,3942,3942,3888,3928,96670,-0.003551496702181689
2023-09-12,3922,3927,3888,3898,168349,-0.0076374745417515655
2023-09-13,3907,3907,3853,3868,203927,-0.007696254489481746
2023-09-14,3847,3862,3823,3843,154914,-0.006463288521199595
2023-09-15,3863,3863,3739,3739,559419,-0.02706219099661722
2023-09-18,3639,3739,3634,3739,220964,0.0
2023-09-19,3738,3792,3738,3778,70721,0.010430596416153959
2023-09-20,3753,3818,3709,3709,180605,-0.018263631551085235
2023-09-21,3709,3818,3679,3729,129335,0.0053922890266917545
2023-09-22,3703,3748,3694,3694,101941,-0.009385894341646606
2023-09-25,3753,3793,3709,3744,96836,0.013535462912831697
2023-09-26,3787,3787,3718,3768,63309,0.0064102564102563875
2023-09-27,3767,3802,3748,3763,256261,-0.001326963906581713
2023-10-04,3763,3788,3609,3659,290178,-0.02763752325272384
2023-10-05,3658,3668,3589,3619,212837,-0.01093194861984148
2023-10-06,3613,3648,3589,3604,215340,-0.004144791378833945
2023-10-10,3599,3634,3570,3575,136179,-0.008046614872364022
2023-10-11,3604,3604,3525,3560,247521,-0.004195804195804231
2023-10-12,3574,3574,3530,3540,174219,-0.005617977528089901
2023-10-13,3559,3559,3460,3480,343128,-0.016949152542372836
2023-10-16,3480,3549,3460,3485,179567,0.001436781609195359
2023-10-17,3509,3519,3485,3505,202972,0.0057388809182210565
2023-10-18,3504,3504,3450,3500,152840,-0.0014265335235378318
2023-10-19,3465,3480,3391,3396,246309,-0.029714285714285693
2023-10-20,3420,3430,3366,3371,181847,-0.007361601884570135
2023-10-23,3370,3385,3261,3271,252911,-0.02966478789676652
2023-10-24,3266,3335,3236,3281,312246,0.00305716906144915
2023-10-25,3320,3320,3226,3266,318301,-0.004571776897287383
2023-10-26,3241,3256,3192,3202,166544,-0.019595835884874457
2023-10-27,3197,3251,3187,3207,157682,0.0015615240474702308
2023-10-30,3211,3256,3167,3202,241139,-0.001559089491736776
2023-10-31,3201,3241,3172,3182,245124,-0.006246096189881367
2023-11-01,3206,3216,3157,3157,236444,-0.007856693903205536
2023-11-02,3157,3191,3147,3167,253793,0.0031675641431738732
2023-11-03,3176,3291,3161,3291,288828,0.03915377328702241
2023-11-06,3301,3400,3301,3376,326608,0.025828015800668513
2023-11-07,3340,3345,3266,3291,327659,-0.025177725118483374
2023-11-08,3296,3335,3256,3321,196351,0.009115770282588809
2023-11-09,3321,3340,3296,3321,176047,0.0
2023-11-10,3315,3315,3276,3311,159549,-0.003011141222523328
2023-11-13,3290,3325,3261,3281,240515,-0.009060706735125379
2023-11-14,3280,3295,3246,3256,181578,-0.007619628162145675
2023-11-15,3291,3410,3276,3341,245870,0.026105651105650995
2023-11-16,3391,3400,3331,3391,158350,0.014965579167913745
2023-11-17,3400,3459,3360,3455,246741,0.018873488646417025
2023-11-20,3455,3505,3430,3505,355887,0.01447178002894356
2023-11-21,3505,3584,3470,3545,342162,0.011412268188302432
2023-11-22,3544,3599,3534,3599,141257,0.015232722143864619
2023-11-23,3599,3648,3579,3614,223247,0.0041678243956655425
2023-11-24,3614,3693,3599,3679,302576,0.017985611510791477
2023-11-27,3689,3689,3570,3570,225802,-0.029627616200054385
2023-11-28,3579,3669,3540,3540,262494,-0.008403361344537785
2023-11-29,3460,3524,3460,3470,304176,-0.019774011299435013
2023-11-30,3479,3509,3440,3445,512126,-0.007204610951008661
2023-12-01,3480,3534,3470,3520,241806,0.021770682148040565
2023-12-04,3520,3554,3510,3520,213001,0.0
2023-12-05,3520,3549,3495,3530,310948,0.0028409090909091717
2023-12-06,3529,3628,3519,3604,495054,0.020963172804532526
2023-12-07,3604,3668,3604,3629,281877,0.006936736958934597
2023-12-08,3664,3753,3639,3729,260232,0.027555800496004368
2023-12-11,3758,3758,3644,3644,206118,-0.022794314829713058
2023-12-12,3643,3643,3579,3609,281249,-0.009604829857299713
2023-12-13,3619,3653,3609,3644,175288,0.009697977279024661
2023-12-14,3678,3703,3614,3654,384475,0.0027442371020856005
2023-12-15,3674,3718,3654,3704,345389,0.013683634373289566
2023-12-18,3678,3708,3589,3604,177049,-0.02699784017278617
2023-12-19,3668,3668,3589,3599,105931,-0.0013873473917869195
2023-12-20,3658,3673,3609,3639,111214,0.011114198388441299
2023-12-21,3668,3683,3634,3644,134183,0.0013740038472107585
2023-12-22,3639,3688,3639,3649,134491,0.0013721185510429112
2023-12-26,3648,3668,3624,3629,147320,-0.00548095368594137
2023-12-27,3638,3643,3599,3634,113571,0.0013777900248002073
2023-12-28,3633,3648,3624,3629,90706,-0.0013758943313153527
2024-01-02,3629,3743,3624,3679,143317,0.013777900248002295
2024-01-03,3679,3738,3649,3699,251592,0.005436259853220937
2024-01-04,3728,3728,3639,3644,164117,-0.0148688834820222
2024-01-05,3624,3658,3534,3624,269759,-0.005488474204171201
2024-01-08,3624,3663,3614,3639,135491,0.004139072847682224
2024-01-09,3678,3688,3639,3649,157051,0.002748007694421517
2024-01-10,3648,3703,3634,3639,119565,-0.0027404768429706294
2024-01-11,3639,3668,3619,3654,179236,0.004122011541632276
2024-01-12,3629,3653,3619,3629,300590,-0.006841817186644783
2024-01-15,3628,3653,3599,3624,213956,-0.0013777900248002073
2024-01-16,3628,3633,3564,3599,185627,-0.006898454746136817
2024-01-17,3594,3654,3530,3540,248551,-0.016393442622950838
2024-01-18,3545,3589,3510,3565,191082,0.007062146892655274
2024-01-19,3574,3599,3525,3560,335466,-0.0014025245441795509
2024-01-22,3559,3599,3559,3599,150303,0.010955056179775324
2024-01-23,3599,3633,3584,3619,217791,0.005557099194220649
2024-01-24,3658,3658,3589,3594,201038,-0.006907985631389835
2024-01-25,3629,3634,3599,3634,200157,0.01112966054535347
2024-01-26,3623,3633,3584,3589,213006,-0.012383048981838174
2024-01-29,3624,3644,3594,3644,175815,0.015324602953468824
2024-01-30,3649,3704,3639,3704,316275,0.016465422612513825
2024-01-31,3704,3748,3689,3739,272006,0.009449244060475204
2024-02-01,3733,3777,3668,3768,203619,0.0077560845145761
2024-02-02,3758,3828,3743,3828,264398,0.015923566878981
2024-02-05,3828,3907,3813,3878,376226,0.013061650992685525
2024-02-06,3902,3907,3808,3878,417981,0.0
2024-02-07,3887,3897,3833,3833,209227,-0.011603919546157804
2024-02-08,3828,3857,3818,3833,145836,0.0
2024-02-13,3853,3872,3833,3853,186822,0.005217845030002666
2024-02-14,3843,3878,3823,3878,195712,0.006488450558006731
2024-02-15,3877,3897,3843,3858,113883,-0.005157297576070086
2024-02-16,3858,3872,3823,3858,195216,0.0
2024-02-19,3877,3877,3828,3843,102337,-0.0038880248833592645
2024-02-20,3843,3868,3838,3868,88164,0.006505334374186766
2024-02-21,3907,3917,3843,3843,113964,-0.006463288521199595
2024-02-22,3872,3872,3838,3858,94043,0.0039032006245121043
2024-02-23,3873,3882,3858,3878,231151,0.005184033177812353
2024-02-26,3763,3883,3763,3883,196831,0.0012893243940175214
2024-02-27,3887,3887,3858,3883,107674,0.0
2024-02-28,3877,3877,3833,3858,223070,-0.006438320885913007
2024-02-29,3872,3966,3842,3962,830387,0.026956972524624145
2024-03-04,3962,4026,3917,4012,551855,0.012619888944977342
2024-03-05,4012,4096,3982,4052,442110,0.009970089730807485
2024-03-06,4056,4285,4056,4221,1003496,0.04170779861796636
2024-03-07,4220,4295,4181,4186,476991,-0.008291873963515717
2024-03-08,4195,4255,4146,4176,253088,-0.0023889154323937234
2024-03-11,4181,4220,4146,4196,269881,0.00478927203065127
2024-03-12,4220,4275,4126,4216,413130,0.004766444232602529
2024-03-13,4215,4225,4156,4186,334262,-0.007115749525616666
2024-03-14,4156,4205,4156,4191,252537,0.0011944577161968617
2024-03-15,4190,4200,4131,4131,499553,-0.01431639226914816
2024-03-18,4216,4216,3992,4042,507301,-0.021544420237230688
2024-03-19,4046,4146,4026,4146,202700,0.0257298367144978
2024-03-20,4161,4215,4141,4196,157487,0.012059816690786374
2024-03-21,4211,4270,4211,4231,288544,0.00834127740705437
2024-03-22,4230,4375,4196,4375,411935,0.034034507208697606
2024-03-25,4374,4558,4315,4519,803462,0.032914285714285674
2024-03-26,4519,4519,4405,4425,302601,-0.0208010621818987
2024-03-27,4425,4504,4395,4450,297462,0.005649717514124353
2024-03-28,4449,4563,4380,4380,500892,-0.01573033707865168
2024-03-29,4384,4444,4335,4335,294077,-0.010273972602739767
2024-04-01,4414,4424,4345,4395,279692,0.01384083044982698
2024-04-02,4410,4524,4375,4470,528644,0.017064846416382284
2024-04-03,4474,4569,4424,4569,578818,0.022147651006711344
2024-04-04,4558,4563,4499,4554,282937,-0.0032829940906106136
2024-04-05,4523,4548,4469,4479,281031,-0.016469038208168696
2024-04-08,4474,4524,4425,4430,232020,-0.010939941951328414
2024-04-09,4429,4429,4320,4325,290138,-0.023702031602708784
2024-04-11,4275,4354,4215,4320,406536,-0.0011560693641619046
2024-04-12,4360,4369,4186,4365,205105,0.01041666666666674
2024-04-15,4365,4384,4235,4380,189848,0.0034364261168384758
2024-04-16,4375,4375,4221,4251,421330,-0.02945205479452051
2024-04-17,4251,4310,4211,4276,327127,0.005880969183721385
2024-04-18,4275,4394,4255,4315,152292,0.009120673526660461
2024-04-19,4310,4405,4276,4286,314336,-0.006720741599072988
2024-04-22,4285,4375,4285,4375,164574,0.020765282314512357
2024-04-23,4375,4404,4330,4380,202411,0.0011428571428571122
2024-04-24,4385,4479,4370,4450,262229,0.015981735159817267
2024-04-25,4449,4484,4409,4484,183212,0.007640449438202301
2024-04-26,4484,4514,4439,4514,210124,0.006690454950936564
2024-04-29,4514,4609,4474,4609,203292,0.021045635799734175
2024-04-30,4593,4653,4524,4574,277889,-0.007593838142764153
2024-05-02,4573,4573,4484,4534,507239,-0.008745080891998214
2024-05-03,4548,4548,4454,4489,263606,-0.009925011027789976
2024-05-07,4489,4513,4464,4504,215337,0.0033415014479840632
2024-05-08,4513,4648,4503,4648,362800,0.03197158081705154
2024-05-09,4648,4832,4628,4783,419505,0.029044750430292643
2024-05-10,4822,4931,4708,4718,421681,-0.013589797198411024
2024-05-13,4717,4832,4717,4832,231107,0.02416278083933876
2024-05-14,4832,4882,4753,4783,183422,-0.010140728476821237
2024-05-16,4812,4851,4797,4832,370513,0.0102446163495713
2024-05-17,4802,4852,4767,4852,243285,0.004139072847682224
2024-05-20,4827,4852,4788,4788,283841,-0.013190436933223415
2024-05-21,4812,4812,4698,4733,222202,-0.011487050960735212
2024-05-22,4743,4787,4733,4748,129640,0.0031692372702303295
2024-05-23,4772,4772,4713,4728,186336,-0.004212299915754003
2024-05-24,4728,4847,4708,4778,266392,0.010575296108290999
2024-05-27,4822,4891,4772,4852,270260,0.015487651737128516
2024-05-28,4851,4871,4822,4847,139643,-0.001030502885408069
2024-05-29,4891,4891,4812,4837,268674,-0.00206313183412421
2024-05-30,4713,4787,4693,4763,190680,-0.01529873888774036
2024-05-31,4728,4798,4683,4798,218827,0.0073483098887257015
2024-06-03,4803,4822,4723,4803,300879,0.0010421008753647154
2024-06-04,4803,4822,4773,4808,193305,0.0010410160316469685
2024-06-05,4802,4936,4762,4917,347823,0.02267054908485866
2024-06-07,4931,4936,4832,4867,237114,-0.010168802115110842
2024-06-10,4871,4911,4847,4862,116866,-0.001027326895418068
2024-06-11,4876,4926,4787,4832,188756,-0.006170300287947295
2024-06-12,4832,4837,4728,4728,220356,-0.021523178807947074
2024-06-13,4747,4827,4668,4693,406266,-0.0074027072758037216
2024-06-14,4698,4698,4574,4579,450377,-0.02429149797570851
2024-06-17,4578,4608,4434,4474,461843,-0.022930770910679188
2024-06-18,4518,4518,4419,4489,280818,0.003352704514975491
2024-06-19,4489,4519,4335,4350,530537,-0.030964580084651416
2024-06-20,4344,4548,4320,4504,448801,0.035402298850574665
2024-06-21,4519,4717,4489,4539,328022,0.007770870337477698
2024-06-24,4539,4688,4514,4644,136950,0.02313284864507592
2024-06-25,4678,4702,4623,4678,169465,0.007321274763135266
2024-06-26,4688,4688,4574,4614,179646,-0.013681060282171864
2024-06-27,4554,4638,4539,4569,121968,-0.00975292587776333
2024-06-28,4569,4613,4569,4589,136370,0.004377325454147485
2024-07-01,4578,4613,4549,4574,167187,-0.0032686859882327113
2024-07-02,4613,4613,4544,4579,161155,0.0010931351114997767
2024-07-03,4598,4693,4588,4693,176348,0.024896265560165887
2024-07-04,4772,4772,4673,4728,192027,0.0074579160451737625
2024-07-05,4737,4737,4623,4648,174185,-0.016920473773265665
2024-07-08,4648,4678,4569,4579,133054,-0.014845094664371783
2024-07-09,4578,4613,4324,4484,245715,-0.020746887966805017
2024-07-10,4444,4553,4444,4489,167405,0.001115075825156131
2024-07-11,4534,4614,4509,4614,200678,0.02784584539986623
2024-07-12,4619,4658,4584,4629,148215,0.0032509752925877766
2024-07-15,4653,4722,4643,4708,266388,0.01706632101965866
2024-07-16,4727,4737,4534,4718,308106,0.0021240441801189114
2024-07-17,4747,4752,4583,4728,259598,0.002119542178889322
2024-07-18,4728,4822,4708,4803,265519,0.0158629441624365
2024-07-19,4802,4807,4758,4778,166108,-0.005205080158234399
2024-07-22,4813,4857,4773,4813,227094,0.0073252406864796615
2024-07-23,4802,4847,4788,4788,152554,-0.005194265530853892
2024-07-24,4787,4852,4757,4852,193577,0.013366750208855471
2024-07-25,4851,4851,4752,4832,175144,-0.004122011541632276
2024-07-26,4832,4871,4812,4842,150857,0.0020695364238410008
2024-07-29,4842,4906,4812,4887,145414,0.009293680297397744
2024-07-30,4887,4956,4882,4887,167539,0.0
2024-07-31,4887,4961,4837,4907,355472,0.004092490280335648
2024-08-01,4952,5021,4917,4967,329476,0.012227430201752654
2024-08-02,4966,5011,4862,4922,277492,-0.009059794644654673
2024-08-05,4921,4921,4613,4693,595554,-0.04652580251930105
2024-08-06,4727,4861,4727,4847,240223,0.03281483059876411
2024-08-07,4872,4966,4847,4942,208975,0.019599752424179995
2024-08-08,4941,4991,4658,4867,360172,-0.01517604208822343
2024-08-09,4861,4911,4767,4837,260575,-0.006163961372508742
2024-08-12,4802,4931,4802,4892,184784,0.011370684308455559
2024-08-13,4892,4971,4877,4962,233229,0.01430907604251841
2024-08-14,4966,5120,4956,5081,608018,0.023982265215638954
2024-08-16,5081,5120,4902,4942,342143,-0.027356819523715825
2024-08-19,4921,4936,4837,4882,186794,-0.012140833670578721
2024-08-20,4881,4936,4857,4877,146074,-0.001024170421958237
2024-08-21,4876,4896,4822,4872,116172,-0.0010252204223908379
2024-08-22,4867,4921,4852,4877,124358,0.0010262725779968118
2024-08-23,4837,4991,4837,4942,165531,0.01332786549108067
2024-08-26,4877,5031,4877,4992,182976,0.010117361392149027
2024-08-27,5051,5051,4962,5002,134776,0.0020032051282050656
2024-08-28,5001,5021,4926,5021,152234,0.0037984806077568933
2024-08-29,5021,5021,4952,4982,136396,-0.007767377016530519
2024-08-30,5021,5111,4971,5111,272139,0.025893215576073825
2024-09-02,5111,5111,4962,5002,154517,-0.021326550577186465
2024-09-03,5001,5041,4961,5041,185411,0.0077968812475011084
2024-09-04,5001,5061,4956,5061,230166,0.003967466772465844
2024-09-05,4991,5080,4991,5061,221305,0.0
2024-09-06,5061,5180,5061,5061,434168,0.0
2024-09-09,4991,5021,4937,4972,255307,-0.017585457419482364
2024-09-10,4982,5170,4982,5161,339574,0.03801287208366855
2024-09-11,5200,5210,5111,5171,314150,0.001937608990505657
2024-09-12,5170,5249,5170,5210,204311,0.007542061496809138
2024-09-13,5289,5289,5081,5111,227428,-0.01900191938579654
2024-09-19,5180,5299,5170,5280,431187,0.03306593621600462
2024-09-20,5309,5309,5220,5220,560671,-0.011363636363636354
2024-09-23,5220,5289,5210,5270,588022,0.009578544061302763
2024-09-24,5250,5299,5220,5250,251939,-0.003795066413662229
2024-09-25,5190,5230,5111,5131,321822,-0.022666666666666613
2024-09-26,5140,5150,5041,5081,190565,-0.009744689144416285
2024-09-27,4981,5120,4956,5061,448966,-0.003936233024995128
2024-09-30,5011,5101,4962,4962,376985,-0.019561351511559022
2024-10-02,4817,5020,4812,4827,393405,-0.027206771463119672
2024-10-04,4787,4921,4717,4882,459596,0.011394240729231342
2024-10-07,4921,5041,4782,4917,514781,0.007169192953707437
2024-10-08,4971,4991,4713,4713,453416,-0.04148871262965226
2024-10-10,4717,4971,4717,4852,271894,0.029492892000848814
2024-10-11,4852,4966,4852,4892,239030,0.008244023083264551
2024-10-14,4896,5051,4891,5051,120864,0.032502044153720266
2024-10-15,5051,5110,4921,5061,158979,0.0019798059790141487
2024-10-16,5061,5071,4907,4907,208484,-0.03042876901798064
2024-10-17,4922,5061,4922,5002,226641,0.0193600978194417
2024-10-18,5011,5061,4957,5002,106623,0.0
2024-10-21,5041,5070,4981,5051,132984,0.009796081567372994
2024-10-22,5061,5061,4957,4972,98132,-0.015640467234211086
2024-10-23,4971,5091,4927,4942,293193,-0.006033789219629937
2024-10-24,4956,4966,4912,4942,136933,0.0
2024-10-25,4961,4966,4842,4912,214028,-0.006070416835289305
2024-10-28,4911,4966,4837,4842,192449,-0.014250814332247508
2024-10-29,4862,4872,4802,4872,201219,0.006195786864931829
2024-10-30,4827,4941,4802,4922,219765,0.01026272577996723
2024-10-31,4872,5001,4852,4962,223960,0.008126777732629042
2024-11-01,4922,4966,4902,4942,114312,-0.00403063280935112
2024-11-04,4951,4951,4812,4832,117076,-0.022258195062727637
2024-11-05,4832,4847,4763,4788,117399,-0.009105960264900625
2024-11-06,4787,4787,4573,4748,300097,-0.00835421888053467
2024-11-07,4723,4732,4598,4723,221631,-0.005265374894692476
2024-11-08,4722,4752,4633,4678,250487,-0.009527842473004422
2024-11-11,4678,4723,4509,4614,271548,-0.013681060282171864
2024-11-12,4529,4608,4494,4554,241750,-0.013003901170351106
2024-11-13,4494,4668,4474,4559,231292,0.0010979358805445205
2024-11-14,4604,4653,4574,4629,189115,0.015354244351831525
2024-11-15,4723,4723,4609,4634,113582,0.0010801468999783737
2024-11-18,4668,4783,4624,4624,180148,-0.002157962883038378
2024-11-19,4579,4688,4579,4639,167342,0.0032439446366780977
2024-11-20,4618,4773,4618,4773,182364,0.028885535675792218
2024-11-21,4768,4797,4708,4778,134412,0.0010475591870939827
2024-11-22,4748,4862,4748,4813,114566,0.0073252406864796615
2024-11-25,4866,4871,4792,4837,111281,0.004986494909619887
2024-11-26,4837,4927,4837,4927,96596,0.01860657432292734
2024-11-27,4926,4941,4772,4917,136678,-0.0020296326364928063
2024-11-28,4877,4947,4778,4803,196580,-0.023184868822452742
2024-11-29,4847,4872,4773,4773,226834,-0.006246096189881367
2024-12-02,4862,4877,4748,4773,97097,0.0
2024-12-03,4782,4782,4623,4653,145416,-0.025141420490257693
2024-12-04,4609,4633,4529,4609,160499,-0.009456264775413725
2024-12-05,4593,4648,4474,4489,158823,-0.026036016489477065
2024-12-06,4489,4638,4384,4494,319810,0.0011138338159946137
2024-12-09,4494,4494,4350,4395,219805,-0.02202937249666226
2024-12-10,4394,4568,4394,4559,94066,0.037315130830489096
2024-12-11,4568,4583,4504,4524,95568,-0.007677122175915763
2024-12-12,4528,4673,4508,4673,252258,0.032935455349248466
2024-12-13,4673,4673,4439,4529,469683,-0.030815322062914596
2024-12-16,4558,4568,4290,4340,646204,-0.04173106646058733
2024-12-17,4340,4355,4146,4286,881166,-0.01244239631336408
2024-12-18,4370,4370,4156,4231,712039,-0.012832477834811007
2024-12-19,4166,4295,4166,4286,653794,0.012999290947766529
2024-12-20,4285,4335,4236,4236,396014,-0.011665888940737279
2024-12-23,4364,4369,4205,4355,268776,0.028092540132200083
2024-12-24,4374,4478,4374,4474,275990,0.02732491389207814
2024-12-26,4474,4474,4405,4460,158414,-0.003129190880643673
2024-12-27,4474,4474,4395,4420,101035,-0.008968609865470878
2024-12-30,4350,4424,4216,4231,354425,-0.04276018099547507
2025-01-02,4270,4344,4245,4310,161520,0.01867170881588276
2025-01-03,4310,4435,4305,4435,226970,0.029002320185614883
2025-01-06,4439,4444,4355,4355,177418,-0.018038331454340528
2025-01-07,4395,4459,4395,4435,135593,0.018369690011481143
2025-01-08,4434,4503,4394,4484,151152,0.01104847801578357
2025-01-09,4483,4483,4329,4479,436624,-0.001115075825156131
2025-01-10,4513,4518,4429,4479,185681,0.0
2025-01-13,4479,4504,4385,4465,126172,-0.003125697700379515
2025-01-14,4474,4504,4405,4405,111720,-0.013437849944008984
2025-01-15,4504,4504,4380,4410,58663,0.0011350737797957144
2025-01-16,4410,4469,4280,4425,130845,0.00340136054421758
2025-01-17,4410,4459,4405,4445,110761,0.004519774011299438
2025-01-20,4449,4494,4385,4385,145975,-0.013498312710911176
2025-01-21,4414,4494,4384,4494,113106,0.024857468643101566
2025-01-22,4499,4553,4474,4504,141066,0.002225189141076944
2025-01-23,4504,4583,4489,4569,113314,0.014431616341030296
2025-01-24,4578,4638,4554,4574,100511,0.0010943313635369822
2025-01-31,4599,4618,4544,4604,124893,0.00655881066899866
2025-02-03,4603,4648,4554,4579,158654,-0.0054300608166811815
2025-02-04,4584,4623,4559,4584,98283,0.0010919414719370302
2025-02-05,4613,4628,4559,4559,100194,-0.005453752181500904
2025-02-06,4558,4707,4558,4698,201682,0.03048914235577982
2025-02-07,4648,4738,4614,4614,118021,-0.017879948914431676
2025-02-10,4628,4717,4558,4673,141313,0.012787169484178573
2025-02-11,4692,4692,4628,4688,95942,0.0032099293815535113
2025-02-12,4712,4717,4653,4663,115453,-0.005332764505119436
2025-02-13,4693,4698,4574,4644,211646,-0.004074630066480789
2025-02-14,4708,4742,4673,4733,167968,0.019164513350559798
2025-02-17,4723,4827,4639,4818,188754,0.01795901119797172
2025-02-18,4832,4847,4773,4783,132487,-0.007264425072644243
2025-02-19,4842,4842,4793,4813,154976,0.006272214091574302
2025-02-20,4812,4931,4777,4917,265526,0.021608144608352475
2025-02-21,4921,4956,4892,4917,175476,0.0
2025-02-24,4931,4971,4882,4912,215809,-0.0010168802115110287
2025-02-25,4912,4931,4882,4922,141331,0.0020358306188925646
2025-02-26,4921,4936,4837,4867,249832,-0.011174319382364906
2025-02-27,4867,4916,4837,4892,141120,0.0051366344770906736
2025-02-28,4862,4892,4798,4818,223488,-0.015126737530662293
2025-03-04,4866,4906,4812,4847,307560,0.006019095060191049
2025-03-05,4857,4931,4852,4907,239499,0.01237879100474526
2025-03-06,4842,5011,4837,4952,329617,0.00917057265131449
2025-03-07,5021,5021,4862,4862,194710,-0.01817447495961233
2025-03-10,4936,4941,4772,4897,119335,0.007198683669271899
2025-03-11,4852,4872,4678,4808,115280,-0.018174392485195034
2025-03-12,4807,4852,4748,4783,90148,-0.005199667221297832
2025-03-13,4862,4862,4708,4763,117426,-0.004181476061049572
2025-03-14,4762,4812,4673,4758,99576,-0.001049758555532243
2025-03-17,4772,4886,4752,4842,228539,0.017654476670870167
2025-03-18,4842,4922,4787,4922,161930,0.016522098306484878
2025-03-19,4922,4961,4917,4942,199787,0.00406338886631441
2025-03-20,4942,4966,4927,4952,110332,0.0020234722784298054
2025-03-21,4951,5011,4926,5011,257615,0.011914378029079131
2025-03-24,4972,5011,4932,5002,163676,-0.0017960486928756403
2025-03-25,4972,5021,4947,5002,131113,0.0
2025-03-26,5001,5011,4822,4872,223647,-0.02598960415833662
2025-03-27,4867,4867,4673,4703,186854,-0.034688013136289
2025-03-28,4748,4792,4693,4778,185795,0.01594726770146715
2025-03-31,4777,4787,4678,4678,124571,-0.020929259104227715
2025-04-01,4812,4812,4648,4648,144006,-0.006412997007268051
2025-04-02,4663,4683,4594,4644,143117,-0.000860585197934638
2025-04-03,4573,4643,4559,4559,144118,-0.018303186907838054
2025-04-04,4613,4613,4514,4564,154075,0.001096731739416601
2025-04-07,4573,4593,4330,4509,217849,-0.012050832602979789
2025-04-08,4504,4504,4445,4470,123861,-0.008649367930805063
2025-04-09,4414,4459,4310,4405,227921,-0.014541387024608499
2025-04-10,4479,4623,4479,4589,190663,0.041770715096481226
2025-04-11,4474,4583,4469,4559,135868,-0.0065373719764654226
2025-04-14,4559,4608,4479,4589,157530,0.006580390436499162
2025-04-15,4588,4667,4548,4663,133332,0.01612551754194813
2025-04-16,4662,4667,4583,4653,175067,-0.0021445421402530584
2025-04-17,4623,4712,4623,4693,119932,0.008596604341285285
2025-04-18,4683,4703,4628,4703,108910,0.0021308331557639004
2025-04-21,4703,4748,4658,4748,150071,0.00956836062088029
2025-04-22,4723,4728,4653,4728,94684,-0.004212299915754003
2025-04-23,4733,4742,4673,4738,95377,0.002115059221658111
2025-04-24,4738,4782,4698,4778,92634,0.008442380751371825
2025-04-25,4762,4856,4697,4827,203441,0.010255336961071615
2025-04-28,4732,4901,4732,4847,149377,0.004143360265175033
2025-04-29,4847,4861,4802,4852,107332,0.001031565917062105
2025-04-30,4861,4881,4787,4847,116565,-0.001030502885408069
2025-05-02,4822,4861,4802,4842,144361,-0.001031565917062105
2025-05-07,4862,4862,4743,4763,147473,-0.016315572077653884
2025-05-08,4798,4823,4763,4823,88722,0.012597102666386695
2025-05-09,4822,4852,4773,4818,107989,-0.0010366991499066724
2025-05-12,4628,4672,4474,4653,398432,-0.03424657534246578
2025-05-13,4673,4703,4534,4589,382531,-0.013754566946056257
2025-05-14,4534,4604,4509,4604,359613,0.0032686859882327113
2025-05-15,4603,4603,4509,4534,174126,-0.015204170286707175
2025-05-16,4539,4574,4509,4574,143776,0.008822232024702226
2025-05-19,4573,4573,4489,4494,169663,-0.01749016178399654
2025-05-20,4499,4548,4484,4514,164890,0.004450378282153888
2025-05-21,4573,4573,4494,4504,169128,-0.0022153300841825097
2025-05-22,4508,4533,4469,4479,247597,-0.005550621669626943
2025-05-23,4524,4524,4470,4470,303659,-0.002009377093101117
2025-05-26,4560,4560,4475,4500,254874,0.006711409395973256
2025-05-27,4515,4520,4265,4345,1039082,-0.0344444444444445
2025-05-28,4350,4380,4310,4345,440428,0.0
2025-05-29,4275,4370,4260,4350,291189,0.0011507479861909697
2025-05-30,4320,4385,4270,4385,438513,0.008045977011494232
2025-06-02,4380,4385,4320,4330,239217,-0.012542759407069504
2025-06-04,4375,4580,4370,4450,434942,0.02771362586605086
2025-06-05,4475,4490,4340,4355,518068,-0.02134831460674158
2025-06-09,4365,4440,4310,4370,354030,0.003444316877152742
2025-06-10,4350,4405,4305,4375,395966,0.0011441647597254523
2025-06-11,4375,4380,4315,4330,269324,-0.010285714285714231
2025-06-12,4340,4480,4310,4415,888317,0.019630484988452546
2025-06-13,4470,4475,4255,4320,821897,-0.021517553793884536
2025-06-16,4310,4315,4220,4315,559748,-0.0011574074074074403
2025-06-17,4315,4315,4190,4190,648219,-0.028968713789107814
2025-06-18,4195,4265,4180,4200,583399,0.0023866348448686736
2025-06-19,4230,4230,4130,4200,597576,0.0
2025-06-20,4200,4225,4135,4205,845072,0.0011904761904761862
2025-06-23,4195,4195,4070,4075,585151,-0.030915576694411362
2025-06-24,4095,4145,4050,4105,394155,0.007361963190184007
2025-06-25,4105,4245,4090,4185,475375,0.01948842874543244
2025-06-26,4185,4305,4185,4305,389831,0.028673835125448077
2025-06-27,4260,4375,4260,4270,472907,-0.008130081300813052
2025-06-30,4300,4315,4195,4200,411493,-0.016393442622950838
2025-07-01,4200,4255,4195,4205,327016,0.0011904761904761862
2025-07-02,4205,4240,4190,4235,488082,0.007134363852556502
2025-07-03,4235,4270,4180,4240,765024,0.0011806375442739991
2025-07-04,4240,4240,4195,4200,635103,-0.009433962264150941
2025-07-07,4210,4225,4150,4220,545862,0.004761904761904745
2025-07-08,4200,4280,4200,4270,556674,0.011848341232227444
2025-07-09,4270,4330,4190,4330,606797,0.014051522248243575
2025-07-10,4330,4385,4300,4370,305725,0.009237875288683695
2025-07-11,4370,4400,4330,4385,227737,0.003432494279176135
2025-07-14,4385,4385,4295,4380,235515,-0.0011402508551880963
2025-07-15,4380,4380,4315,4380,255960,0.0
2025-07-16,4380,4385,4310,4335,444148,-0.010273972602739767
2025-07-17,4335,4375,4315,4360,296132,0.005767012687427853
2025-07-18,4360,4375,4315,4350,327816,-0.002293577981651418
2025-07-21,4350,4365,4290,4360,340799,0.0022988505747125743
2025-07-22,4180,4250,4170,4235,1600652,-0.028669724770642224
2025-07-23,4235,4270,4215,4255,441738,0.0047225501770955525
2025-07-24,4230,4245,4190,4220,526730,-0.008225616921269108
2025-07-25,4220,4240,4150,4220,869699,0.0
2025-07-28,4220,4220,4185,4190,357151,-0.007109004739336511
2025-07-29,4205,4235,4185,4210,496197,0.004773269689737569
2025-07-30,4210,4255,4205,4250,542526,0.009501187648456089
2025-07-31,4245,4270,4230,4250,466454,0.0
2025-08-01,4275,4280,4215,4215,635686,-0.008235294117647007
2025-08-04,4215,4370,4215,4355,742988,0.033214709371292894
2025-08-05,4355,4485,4345,4480,834932,0.028702640642939148
2025-08-06,4480,4480,4380,4410,242882,-0.015625
2025-08-07,4435,4475,4425,4465,369432,0.012471655328798237
2025-08-08,4460,4460,4400,4415,274359,-0.011198208286674172
2025-08-11,4420,4460,4375,4440,334559,0.005662514156285381
2025-08-12,4440,4470,4435,4455,201454,0.0033783783783782884
2025-08-13,4460,4470,4415,4430,213143,-0.0056116722783389195
2025-08-14,4435,4455,4260,4340,3026056,-0.020316027088036148
2025-08-18,4345,4470,4340,4410,1161689,0.016129032258064502
2025-08-19,4410,4445,4385,4405,375169,-0.0011337868480725266
2025-08-20,4400,4405,4350,4380,233073,-0.005675368898978461
2025-08-21,4380,4400,4360,4370,205201,-0.0022831050228310223
2025-08-22,4370,4400,4370,4380,371760,0.0022883295194509046
2025-08-25,4360,4450,4360,4440,434422,0.013698630136986356
2025-08-26,4450,4460,4420,4435,291065,-0.0011261261261261701
2025-08-27,4435,4465,4395,4450,463750,0.0033821871476888976
2025-08-28,4450,4455,4405,4450,281454,0.0
2025-08-29,4450,4480,4375,4385,668724,-0.014606741573033655
2025-09-01,4385,4460,4385,4460,423442,0.01710376282782211
2025-09-02,4415,4530,4415,4520,504216,0.013452914798206317
2025-09-03,4530,4530,4460,4495,283135,-0.00553097345132747
2025-09-04,4495,4495,4460,4490,287549,-0.0011123470522803602
2025-09-05,4490,4545,4490,4540,466208,0.011135857461024523
2025-09-08,4550,4615,4515,4600,521834,0.013215859030837107
2025-09-09,4555,4630,4555,4605,310622,0.0010869565217390686
2025-09-10,4610,4630,4590,4600,322540,-0.0010857763300760048
2025-09-11,4595,4625,4570,4600,423233,0.0
2025-09-12,4625,4690,4605,4685,475247,0.018478260869565277
2025-09-15,4685,4690,4630,4670,313169,-0.0032017075773745907
2025-09-16,4640,4670,4555,4555,512332,-0.024625267665952855
2025-09-17,4560,4600,4560,4600,313596,0.009879253567508295
