Date,Open,High,Low,Close,Volume,Change
2022-01-03,5390,5440,5350,5400,87494,0.011235955056179803
2022-01-04,5420,5590,5340,5590,257793,0.03518518518518521
2022-01-05,5590,5600,5460,5520,151802,-0.012522361359570633
2022-01-06,5440,5520,5390,5470,118175,-0.009057971014492794
2022-01-07,5520,5670,5500,5560,267830,0.01645338208409508
2022-01-10,5560,5620,5500,5610,146328,0.008992805755395628
2022-01-11,5600,5630,5420,5590,158614,-0.0035650623885917776
2022-01-12,5570,5700,5460,5700,212744,0.019677996422182487
2022-01-13,5700,5700,5520,5550,152856,-0.02631578947368418
2022-01-14,5560,5560,5410,5420,91029,-0.023423423423423406
2022-01-17,5360,5420,5300,5410,91014,-0.0018450184501844769
2022-01-18,5360,5360,5160,5200,222732,-0.038817005545286554
2022-01-19,5170,5240,5100,5140,106751,-0.011538461538461497
2022-01-20,5100,5140,5080,5120,84909,-0.0038910505836575737
2022-01-21,5100,5160,5010,5070,122905,-0.009765625
2022-01-24,5070,5090,4885,4950,167804,-0.023668639053254448
2022-01-25,4915,4945,4775,4875,182669,-0.015151515151515138
2022-01-26,4830,4955,4765,4885,63716,0.002051282051282133
2022-01-27,4910,4910,4605,4650,187127,-0.048106448311156624
2022-01-28,4650,4880,4630,4765,134046,0.02473118279569886
2022-02-03,4935,4935,4810,4825,65726,0.012591815320041944
2022-02-04,4780,4875,4780,4840,66798,0.0031088082901553626
2022-02-07,4870,4880,4770,4870,70226,0.006198347107438051
2022-02-08,4870,4910,4750,4785,82543,-0.017453798767967155
2022-02-09,4810,4860,4775,4845,106801,0.012539184952978122
2022-02-10,4945,4950,4865,4910,87222,0.013415892672858698
2022-02-11,4910,4910,4820,4880,54029,-0.006109979633401208
2022-02-14,4830,4830,4715,4745,106449,-0.027663934426229497
2022-02-15,4745,4760,4660,4700,111368,-0.009483667017913588
2022-02-16,4760,4805,4735,4770,52983,0.014893617021276562
2022-02-17,4800,4845,4745,4765,165204,-0.0010482180293500676
2022-02-18,4680,4845,4680,4830,76772,0.01364113326337879
2022-02-21,4830,4870,4785,4835,62523,0.0010351966873705098
2022-02-22,4820,4830,4760,4800,40281,-0.007238883143743546
2022-02-23,4795,4880,4760,4835,61633,0.007291666666666696
2022-02-24,4830,4835,4705,4755,128196,-0.016546018614270963
2022-02-25,4750,4830,4730,4830,85970,0.01577287066246047
2022-02-28,4835,4880,4800,4865,52521,0.007246376811594235
2022-03-02,4865,4895,4790,4895,92257,0.006166495375128367
2022-03-03,4905,5080,4905,5040,147822,0.02962206332992845
2022-03-04,5020,5240,4970,5220,151323,0.03571428571428581
2022-03-07,5200,5220,4995,5040,145657,-0.03448275862068961
2022-03-08,4995,5050,4890,5050,116826,0.001984126984126977
2022-03-10,5140,5320,5090,5270,211371,0.0435643564356436
2022-03-11,5220,5460,5210,5350,192363,0.015180265654648917
2022-03-14,5440,5470,5330,5330,182675,-0.0037383177570093906
2022-03-15,5280,5380,5220,5240,115609,-0.016885553470919357
2022-03-16,5370,5440,5210,5400,891008,0.03053435114503822
2022-03-17,5450,5500,5340,5400,240080,0.0
2022-03-18,5400,5410,5290,5370,172676,-0.005555555555555536
2022-03-21,5380,5390,5320,5360,63110,-0.0018621973929237035
2022-03-22,5360,5380,5270,5310,165018,-0.009328358208955279
2022-03-23,5330,5370,5300,5320,119157,0.0018832391713747842
2022-03-24,5310,5320,5240,5270,141777,-0.009398496240601517
2022-03-25,5270,5320,5210,5260,223666,-0.00189753320683117
2022-03-28,5230,5280,5220,5260,110706,0.0
2022-03-29,5270,5290,5190,5200,165086,-0.011406844106463865
2022-03-30,5220,5360,5190,5330,232055,0.02499999999999991
2022-03-31,5330,5460,5300,5410,252689,0.015009380863039379
2022-04-01,5410,5410,5320,5380,130411,-0.00554528650646946
2022-04-04,5330,5380,5240,5280,204955,-0.018587360594795488
2022-04-05,5260,5280,5190,5280,224411,0.0
2022-04-06,5260,5290,5200,5260,127514,-0.0037878787878787845
2022-04-07,5200,5250,5080,5160,180232,-0.019011406844106515
2022-04-08,5120,5160,4995,5050,334929,-0.02131782945736438
2022-04-11,5050,5100,4995,5070,129517,0.003960396039603964
2022-04-12,5050,5070,4990,5030,70408,-0.007889546351084853
2022-04-13,5030,5120,5030,5120,73592,0.017892644135188762
2022-04-14,5120,5140,5080,5120,45282,0.0
2022-04-15,5120,5160,5070,5140,83953,0.00390625
2022-04-18,5170,5170,5080,5110,91531,-0.005836575875486361
2022-04-19,5080,5150,5070,5150,53503,0.007827788649706457
2022-04-20,5160,5160,5080,5110,61675,-0.007766990291262155
2022-04-21,5080,5180,5080,5180,152135,0.013698630136986356
2022-04-22,5120,5300,5120,5230,129460,0.009652509652509744
2022-04-25,5180,5200,5110,5130,94717,-0.019120458891013437
2022-04-26,5130,5180,5070,5180,79546,0.00974658869395717
2022-04-27,5070,5120,5030,5120,80921,-0.01158301158301156
2022-04-28,5150,5180,5050,5150,141829,0.005859375
2022-04-29,5110,5180,5100,5180,71474,0.005825242718446644
2022-05-02,5150,5190,5100,5190,56294,0.0019305019305020377
2022-05-03,5190,5300,5160,5240,176780,0.009633911368015502
2022-05-04,5240,5290,5200,5200,77507,-0.007633587786259555
2022-05-06,5110,5150,5060,5090,60485,-0.02115384615384619
2022-05-09,5060,5100,4990,5050,90057,-0.007858546168958758
2022-05-10,4950,5000,4880,4980,133948,-0.013861386138613874
2022-05-11,5010,5010,4920,4930,86768,-0.010040160642570295
2022-05-12,4925,4925,4830,4830,129175,-0.020283975659229236
2022-05-13,4830,4905,4800,4870,82731,0.008281573498964745
2022-05-16,4870,5040,4800,4995,196113,0.02566735112936347
2022-05-17,4960,5080,4960,5000,133787,0.0010010010010010895
2022-05-18,5000,5050,4985,5010,60888,0.0020000000000000018
2022-05-19,4960,4985,4880,4975,107212,-0.006986027944111739
2022-05-20,4945,4980,4930,4970,54138,-0.0010050251256281673
2022-05-23,4970,4995,4895,4995,76386,0.005030181086519203
2022-05-24,4990,4990,4880,4880,49740,-0.02302302302302306
2022-05-25,4880,4980,4845,4890,66332,0.002049180327868827
2022-05-26,4890,4940,4845,4845,47254,-0.009202453987730008
2022-05-27,4855,4930,4850,4860,88130,0.003095975232198178
2022-05-30,4865,4935,4865,4900,47678,0.008230452674897082
2022-05-31,4900,4920,4860,4875,64050,-0.005102040816326481
2022-06-02,4840,4890,4840,4870,73345,-0.0010256410256410664
2022-06-03,4890,4895,4855,4880,27756,0.002053388090349051
2022-06-07,4880,4880,4750,4790,82975,-0.018442622950819665
2022-06-08,4760,4795,4730,4795,119889,0.0010438413361169019
2022-06-09,4765,4805,4650,4720,133829,-0.015641293013555768
2022-06-10,4720,4730,4635,4640,87692,-0.016949152542372836
2022-06-13,4630,4630,4445,4505,240438,-0.02909482758620685
2022-06-14,4400,4475,4335,4435,146589,-0.015538290788013276
2022-06-15,4380,4450,4280,4330,317352,-0.02367531003382184
2022-06-16,4350,4420,4240,4240,189801,-0.020785219399538146
2022-06-17,4150,4210,4040,4150,268445,-0.021226415094339646
2022-06-20,4110,4520,4000,4100,1160710,-0.012048192771084376
2022-06-21,4050,4155,4025,4140,114898,0.009756097560975618
2022-06-22,4140,4165,3950,4000,150484,-0.033816425120772986
2022-06-23,3970,4015,3900,3980,151016,-0.0050000000000000044
2022-06-24,3980,4145,3980,4130,98074,0.03768844221105527
2022-06-27,4140,4150,4050,4120,170616,-0.002421307506053294
2022-06-28,4100,4140,4085,4140,44730,0.004854368932038833
2022-06-29,4125,4195,4060,4185,41844,0.010869565217391353
2022-06-30,4150,4240,4110,4150,54027,-0.008363201911589013
2022-07-01,4135,4155,4040,4090,55457,-0.014457831325301207
2022-07-04,4070,4155,4030,4070,57138,-0.004889975550122272
2022-07-05,4080,4150,4045,4150,68694,0.019656019656019597
2022-07-06,4160,4160,4075,4125,43624,-0.0060240963855421326
2022-07-07,4090,4140,4085,4135,20556,0.00242424242424244
2022-07-08,4145,4220,4135,4200,35462,0.01571946795646917
2022-07-11,4200,4235,4150,4225,69868,0.005952380952380931
2022-07-12,4220,4360,4130,4290,106922,0.01538461538461533
2022-07-13,4255,4375,4240,4260,61840,-0.006993006993006978
2022-07-14,4250,4285,4195,4240,30787,-0.0046948356807511304
2022-07-15,4240,4265,4125,4135,43849,-0.024764150943396235
2022-07-18,4130,4450,4125,4130,301295,-0.0012091898428052694
2022-07-19,4150,4160,4105,4145,130257,0.00363196125907983
2022-07-20,4190,4190,4130,4140,69306,-0.0012062726176115257
2022-07-21,4170,4170,4120,4150,51355,0.0024154589371980784
2022-07-22,4145,4200,4125,4200,55505,0.012048192771084265
2022-07-25,4205,4240,4125,4160,51786,-0.00952380952380949
2022-07-26,4160,4175,4120,4160,83352,0.0
2022-07-27,4160,4200,4125,4145,72755,-0.0036057692307692735
2022-07-28,4150,4180,4080,4115,121173,-0.007237635705669487
2022-07-29,4130,4155,4095,4140,47054,0.0060753341433779084
2022-08-01,4145,4190,4085,4140,73008,0.0
2022-08-02,4165,4165,4080,4090,73424,-0.012077294685990392
2022-08-03,4075,4140,4075,4135,50711,0.011002444987775029
2022-08-04,4135,4145,4070,4085,211452,-0.01209189842805325
2022-08-05,4110,4140,4080,4130,89479,0.01101591187270512
2022-08-08,4125,4130,4085,4125,85481,-0.001210653753026647
2022-08-09,4125,4175,4110,4150,89973,0.0060606060606061
2022-08-10,4160,4215,4145,4165,105234,0.0036144578313253017
2022-08-11,4205,4285,4190,4210,90090,0.010804321728691502
2022-08-12,4210,4270,4205,4265,111841,0.013064133016627011
2022-08-16,4265,4285,4195,4215,142285,-0.011723329425556872
2022-08-17,4125,4125,3980,4005,909871,-0.04982206405693945
2022-08-18,4005,4025,3970,4015,133463,0.0024968789013732895
2022-08-19,4005,4015,3940,3945,224068,-0.01743462017434616
2022-08-22,3945,3945,3770,3825,228618,-0.03041825095057038
2022-08-23,3775,3790,3705,3740,236229,-0.022222222222222254
2022-08-24,3760,3765,3710,3750,132144,0.002673796791443861
2022-08-25,3760,3845,3750,3845,83654,0.02533333333333343
2022-08-26,3830,3870,3820,3830,75829,-0.0039011703511053764
2022-08-29,3725,3750,3675,3730,121763,-0.026109660574412552
2022-08-30,3705,3765,3705,3740,74653,0.002680965147453085
2022-08-31,3720,3750,3710,3725,144881,-0.004010695187165791
2022-09-01,3725,3745,3685,3710,173863,-0.004026845637583931
2022-09-02,3700,3740,3680,3700,442004,-0.0026954177897574594
2022-09-05,3675,3730,3675,3680,65142,-0.00540540540540535
2022-09-06,3680,3705,3650,3680,104937,0.0
2022-09-07,3665,3700,3600,3680,135772,0.0
2022-09-08,3680,3770,3650,3770,102053,0.024456521739130377
2022-09-13,3790,3840,3755,3805,76175,0.009283819628647105
2022-09-14,3730,3790,3725,3755,37983,-0.013140604467805517
2022-09-15,3760,3825,3755,3795,59833,0.010652463382157196
2022-09-16,3780,3855,3730,3775,107013,-0.005270092226614009
2022-09-19,3810,3810,3745,3765,68122,-0.0026490066225165476
2022-09-20,3770,3810,3770,3805,62128,0.010624169986719778
2022-09-21,3820,3830,3755,3800,92169,-0.0013140604467805073
2022-09-22,3740,3740,3620,3710,119924,-0.023684210526315752
2022-09-23,3660,3695,3625,3625,111756,-0.022911051212938016
2022-09-26,3585,3590,3360,3420,200756,-0.05655172413793108
2022-09-27,3390,3395,3290,3345,200353,-0.021929824561403466
2022-09-28,3320,3350,3145,3200,262080,-0.0433482810164425
2022-09-29,3270,3345,3235,3270,127257,0.02187500000000009
2022-09-30,3220,3430,3160,3230,184998,-0.012232415902140636
2022-10-04,3230,3365,3220,3335,119548,0.03250773993808043
2022-10-05,3360,3370,3275,3330,93386,-0.0014992503748125774
2022-10-06,3330,3430,3325,3410,77971,0.024024024024023927
2022-10-07,3400,3455,3355,3430,62139,0.0058651026392961825
2022-10-11,3400,3420,3310,3410,95530,-0.005830903790087438
2022-10-12,3410,3550,3335,3510,111508,0.029325513196480912
2022-10-13,3460,3525,3430,3480,72148,-0.008547008547008517
2022-10-14,3480,3625,3480,3615,86656,0.0387931034482758
2022-10-17,3610,3640,3550,3630,61998,0.004149377593360981
2022-10-18,3650,3680,3570,3670,54455,0.011019283746556363
2022-10-19,3670,3675,3580,3590,96430,-0.021798365122615793
2022-10-20,3550,3585,3475,3490,235852,-0.027855153203342642
2022-10-21,3465,3490,3330,3390,105536,-0.028653295128939882
2022-10-24,3405,3440,3365,3415,75918,0.007374631268436627
2022-10-25,3415,3415,3300,3350,360575,-0.019033674963396807
2022-10-26,3350,3490,3315,3465,76455,0.0343283582089553
2022-10-27,3425,3550,3425,3530,80719,0.018759018759018753
2022-10-28,3505,3555,3505,3550,32057,0.0056657223796034994
2022-10-31,3560,3560,3490,3560,29339,0.0028169014084507005
2022-11-01,3560,3565,3500,3560,22118,0.0
2022-11-02,3550,3550,3510,3540,30006,-0.005617977528089901
2022-11-03,3530,3645,3495,3600,84178,0.016949152542372836
2022-11-04,3540,3645,3525,3640,67700,0.011111111111111072
2022-11-07,3625,3645,3610,3640,24324,0.0
2022-11-08,3670,3685,3610,3640,53280,0.0
2022-11-09,3640,3680,3630,3680,46700,0.01098901098901095
2022-11-10,3680,3710,3615,3675,74925,-0.0013586956521739468
2022-11-11,3645,3725,3500,3535,330172,-0.03809523809523807
2022-11-14,3595,3650,3530,3605,219758,0.01980198019801982
2022-11-15,3595,3685,3565,3660,100368,0.015256588072122046
2022-11-16,3660,3710,3610,3705,93977,0.012295081967213184
2022-11-17,3700,3700,3600,3625,104727,-0.021592442645074206
2022-11-18,3625,3690,3610,3670,87353,0.012413793103448256
2022-11-21,3670,3670,3505,3540,174827,-0.03542234332425065
2022-11-22,3520,3530,3470,3505,117676,-0.009887005649717562
2022-11-23,3565,3670,3500,3645,204350,0.0399429386590584
2022-11-24,3645,3655,3605,3625,42520,-0.005486968449931462
2022-11-25,3625,3645,3555,3580,88018,-0.012413793103448256
2022-11-28,3580,3580,3505,3570,88587,-0.0027932960893854997
2022-11-29,3535,3630,3530,3585,91305,0.004201680672268893
2022-11-30,3585,3650,3575,3595,579025,0.002789400278939924
2022-12-01,3640,3825,3640,3790,444109,0.05424200278164126
2022-12-02,3800,3800,3660,3685,196668,-0.02770448548812665
2022-12-05,3685,3725,3665,3725,92141,0.01085481682496603
2022-12-06,3720,3720,3645,3665,54835,-0.016107382550335614
2022-12-07,3650,3665,3585,3610,118938,-0.01500682128240105
2022-12-08,3585,3665,3565,3585,130663,-0.006925207756232732
2022-12-09,3625,3675,3580,3665,132665,0.02231520223152028
2022-12-12,3665,3665,3605,3610,60895,-0.01500682128240105
2022-12-13,3600,3630,3575,3580,116486,-0.008310249307479256
2022-12-14,3595,3600,3565,3570,106519,-0.0027932960893854997
2022-12-15,3580,3595,3555,3555,63218,-0.004201680672268893
2022-12-16,3510,3550,3460,3500,144577,-0.015471167369901506
2022-12-19,3475,3560,3465,3490,103219,-0.0028571428571428914
2022-12-20,3470,3525,3405,3460,70959,-0.008595988538681931
2022-12-21,3465,3495,3425,3460,127903,0.0
2022-12-22,3495,3535,3480,3485,35320,0.007225433526011571
2022-12-23,3475,3500,3430,3470,65530,-0.004304160688665681
2022-12-26,3470,3515,3450,3475,48571,0.0014409221902016434
2022-12-27,3475,3575,3460,3520,73938,0.012949640287769792
2022-12-28,3470,3480,3405,3405,80235,-0.032670454545454586
2022-12-29,3430,3430,3340,3420,45118,0.004405286343612369
2023-01-02,3470,3470,3340,3360,55240,-0.01754385964912286
2023-01-03,3335,3425,3300,3425,50589,0.019345238095238138
2023-01-04,3390,3440,3360,3385,34755,-0.011678832116788329
2023-01-05,3435,3435,3360,3410,63093,0.007385524372230501
2023-01-06,3385,3490,3375,3460,66049,0.014662756598240456
2023-01-09,3495,3495,3450,3465,30949,0.0014450867052022698
2023-01-10,3455,3475,3420,3430,39027,-0.010101010101010055
2023-01-11,3430,3470,3430,3430,50318,0.0
2023-01-12,3450,3455,3390,3400,106186,-0.008746355685131157
2023-01-13,3405,3440,3400,3440,39118,0.0117647058823529
2023-01-16,3450,3465,3425,3445,33041,0.0014534883720929148
2023-01-17,3445,3460,3365,3385,131830,-0.01741654571843254
2023-01-18,3390,3405,3320,3335,133564,-0.01477104874446089
2023-01-19,3335,3365,3330,3350,40018,0.004497751124437732
2023-01-20,3360,3385,3345,3375,106030,0.00746268656716409
2023-01-25,3390,3425,3380,3405,68133,0.008888888888888946
2023-01-26,3440,3460,3405,3430,84402,0.007342143906020615
2023-01-27,3435,3445,3380,3410,98911,-0.005830903790087438
2023-01-30,3410,3460,3385,3415,80112,0.0014662756598240456
2023-01-31,3425,3425,3385,3415,105818,0.0
2023-02-01,3420,3430,3400,3405,109850,-0.002928257686676372
2023-02-02,3420,3435,3405,3425,74510,0.005873715124816492
2023-02-03,3425,3435,3385,3405,72866,-0.005839416058394109
2023-02-06,3415,3415,3370,3375,86734,-0.008810572687224627
2023-02-07,3370,3395,3350,3360,75644,-0.004444444444444473
2023-02-08,3360,3375,3335,3355,118359,-0.0014880952380952328
2023-02-09,3350,3350,3285,3310,191417,-0.01341281669150518
2023-02-10,3305,3305,3265,3300,109468,-0.0030211480362537513
2023-02-13,3295,3295,3200,3265,360965,-0.010606060606060619
2023-02-14,3265,3330,3255,3310,202046,0.013782542113323082
2023-02-15,3330,3335,3265,3280,114998,-0.009063444108761365
2023-02-16,3280,3345,3260,3285,118848,0.0015243902439023849
2023-02-17,3275,3340,3245,3330,133940,0.013698630136986356
2023-02-20,3330,3385,3285,3385,126100,0.016516516516516422
2023-02-21,3370,3445,3355,3440,113030,0.01624815361890697
2023-02-22,3360,3465,3360,3405,163859,-0.01017441860465118
2023-02-23,3405,3450,3360,3380,71808,-0.007342143906020504
2023-02-24,3380,3400,3310,3315,94747,-0.019230769230769273
2023-02-27,3295,3330,3275,3315,85427,0.0
2023-02-28,3310,3340,3225,3225,186950,-0.02714932126696834
2023-03-02,3300,3300,3220,3265,100224,0.01240310077519391
2023-03-03,3310,3380,3250,3360,100695,0.029096477794793296
2023-03-06,3360,3400,3300,3365,132123,0.0014880952380953438
2023-03-07,3365,3410,3325,3400,83411,0.010401188707280795
2023-03-08,3400,3400,3330,3350,104558,-0.014705882352941124
2023-03-09,3365,3395,3315,3395,58128,0.013432835820895495
2023-03-10,3370,3370,3275,3300,80436,-0.027982326951399128
2023-03-13,3220,3305,3210,3290,117625,-0.00303030303030305
2023-03-14,3295,3295,3195,3200,86943,-0.027355623100303927
2023-03-15,3245,3260,3200,3240,94219,0.012499999999999956
2023-03-16,3195,3240,3150,3190,73953,-0.015432098765432056
2023-03-17,3230,3265,3175,3260,84076,0.021943573667711602
2023-03-20,3260,3265,3210,3220,42172,-0.012269938650306789
2023-03-21,3225,3250,3185,3205,81418,-0.004658385093167738
2023-03-22,3205,3215,3190,3195,61318,-0.0031201248049922414
2023-03-23,3190,3190,3100,3135,95718,-0.018779342723004744
2023-03-24,3125,3160,3110,3130,160462,-0.0015948963317384823
2023-03-27,3150,3155,3070,3090,108518,-0.012779552715655007
2023-03-28,3115,3185,3105,3180,103897,0.029126213592232997
2023-03-29,3150,3240,3150,3200,57376,0.0062893081761006275
2023-03-30,3230,3260,3195,3230,57351,0.009374999999999911
2023-03-31,3230,3320,3230,3315,98195,0.026315789473684292
2023-04-03,3325,3405,3315,3400,188726,0.02564102564102555
2023-04-04,3390,3405,3335,3400,139831,0.0
2023-04-05,3380,3410,3335,3400,115056,0.0
2023-04-06,3370,3410,3335,3400,78980,0.0
2023-04-07,3420,3420,3340,3375,58764,-0.007352941176470562
2023-04-10,3350,3375,3295,3305,80508,-0.020740740740740726
2023-04-11,3305,3395,3270,3390,86337,0.02571860816944027
2023-04-12,3360,3420,3360,3395,111781,0.001474926253687281
2023-04-13,3390,3420,3345,3405,62876,0.002945508100147265
2023-04-14,3405,3520,3405,3515,199624,0.032305433186490484
2023-04-17,3520,3570,3480,3530,311135,0.004267425320056972
2023-04-18,3570,3570,3480,3530,167000,0.0
2023-04-19,3560,3580,3490,3530,94053,0.0
2023-04-20,3570,3570,3495,3535,77824,0.0014164305949009304
2023-04-21,3500,3560,3455,3555,92371,0.005657708628005631
2023-04-24,3555,3570,3470,3525,79674,-0.008438818565400852
2023-04-25,3490,3575,3430,3450,67012,-0.021276595744680882
2023-04-26,3425,3500,3420,3475,36199,0.007246376811594235
2023-04-27,3475,3480,3385,3435,102290,-0.01151079136690647
2023-04-28,3450,3550,3410,3515,71882,0.02328966521106257
2023-05-02,3520,3525,3475,3500,76847,-0.004267425320056861
2023-05-03,3500,3505,3455,3480,72982,-0.005714285714285672
2023-05-04,3490,3520,3450,3510,47760,0.008620689655172376
2023-05-08,3510,3540,3475,3540,84646,0.008547008547008517
2023-05-09,3565,3565,3490,3495,58709,-0.012711864406779627
2023-05-10,3510,3550,3460,3535,59912,0.011444921316166035
2023-05-11,3565,3565,3515,3550,110734,0.004243281471004279
2023-05-12,3550,3550,3510,3535,24827,-0.004225352112676051
2023-05-15,3535,3575,3510,3535,70069,0.0
2023-05-16,3515,3535,3460,3460,154069,-0.021216407355021172
2023-05-17,3460,3515,3445,3475,39011,0.004335260115607031
2023-05-18,3510,3535,3485,3520,57660,0.012949640287769792
2023-05-19,3530,3580,3510,3550,43157,0.008522727272727293
2023-05-22,3535,3585,3520,3570,81469,0.005633802816901401
2023-05-23,3585,3600,3530,3540,60627,-0.008403361344537785
2023-05-24,3540,3555,3500,3515,74912,-0.007062146892655385
2023-05-25,3515,3530,3480,3480,45118,-0.009957325746799417
2023-05-26,3545,3550,3400,3450,114666,-0.008620689655172376
2023-05-30,3480,3480,3395,3440,111692,-0.0028985507246376274
2023-05-31,3440,3485,3385,3390,79771,-0.014534883720930258
2023-06-01,3390,3495,3330,3365,231539,-0.007374631268436627
2023-06-02,3370,3440,3350,3425,53525,0.017830609212481363
2023-06-05,3495,3495,3415,3480,64419,0.016058394160583855
2023-06-07,3480,3540,3425,3505,62939,0.007183908045977017
2023-06-08,3510,3520,3445,3510,93819,0.0014265335235377208
2023-06-09,3530,3530,3480,3520,46162,0.002849002849002913
2023-06-12,3570,3570,3460,3470,92882,-0.014204545454545414
2023-06-13,3470,3485,3435,3460,92950,-0.0028818443804035088
2023-06-14,3475,3515,3440,3450,77878,-0.0028901734104046506
2023-06-15,3415,3450,3405,3445,67638,-0.0014492753623188692
2023-06-16,3440,3480,3425,3480,50817,0.010159651669085612
2023-06-19,3480,3555,3450,3550,174457,0.02011494252873569
2023-06-20,3555,3640,3530,3555,204916,0.0014084507042253502
2023-06-21,3555,3555,3480,3480,114881,-0.021097046413502074
2023-06-22,3480,3580,3460,3565,90293,0.024425287356321768
2023-06-23,3600,3600,3495,3495,106261,-0.01963534361851338
2023-06-26,3475,3510,3460,3495,87271,0.0
2023-06-27,3495,3550,3465,3550,82680,0.01573676680972813
2023-06-28,3550,3550,3485,3500,99494,-0.014084507042253502
2023-06-29,3500,3515,3480,3485,77855,-0.004285714285714337
2023-06-30,3495,3520,3485,3510,95028,0.007173601147776099
2023-07-03,3545,3545,3485,3505,104240,-0.0014245014245014564
2023-07-04,3505,3520,3465,3475,75043,-0.008559201141226769
2023-07-05,3450,3490,3430,3435,107991,-0.01151079136690647
2023-07-06,3435,3440,3320,3355,273898,-0.02328966521106257
2023-07-07,3350,3375,3285,3360,152955,0.0014903129657228842
2023-07-10,3360,3390,3300,3390,90768,0.008928571428571397
2023-07-11,3400,3400,3345,3355,39934,-0.010324483775811188
2023-07-12,3355,3395,3325,3350,117591,-0.0014903129657227732
2023-07-13,3350,3530,3335,3415,162976,0.0194029850746269
2023-07-14,3405,3440,3355,3435,101286,0.005856515373352744
2023-07-17,3435,3480,3400,3455,80136,0.005822416302765587
2023-07-18,3440,3440,3380,3405,88227,-0.01447178002894356
2023-07-19,3445,3475,3380,3390,40089,-0.004405286343612369
2023-07-20,3390,3465,3345,3390,60105,0.0
2023-07-21,3390,3440,3345,3415,60953,0.007374631268436627
2023-07-24,3380,3435,3360,3430,117794,0.004392386530014614
2023-07-25,3420,3420,3350,3380,120481,-0.014577259475218707
2023-07-26,3375,3385,3250,3340,220785,-0.011834319526627168
2023-07-27,3325,3390,3300,3315,97258,-0.007485029940119792
2023-07-28,3325,3365,3285,3315,86000,0.0
2023-07-31,3295,3355,3295,3330,44083,0.004524886877828038
2023-08-01,3330,3350,3310,3320,56775,-0.0030030030030030463
2023-08-02,3320,3400,3310,3355,46838,0.010542168674698704
2023-08-03,3340,3400,3310,3380,32574,0.007451564828613977
2023-08-04,3365,3470,3345,3430,50102,0.014792899408283988
2023-08-07,3415,3445,3350,3425,63340,-0.001457725947521915
2023-08-08,3410,3425,3375,3395,40053,-0.008759124087591275
2023-08-09,3395,3415,3365,3405,46244,0.002945508100147265
2023-08-10,3415,3470,3365,3455,49352,0.014684287812041008
2023-08-11,3410,3485,3410,3460,63507,0.0014471780028944004
2023-08-14,3465,3480,3420,3470,36869,0.0028901734104045396
2023-08-16,3490,3540,3435,3530,148407,0.01729106628242083
2023-08-17,3530,3550,3410,3450,54166,-0.022662889518413554
2023-08-18,3470,3470,3395,3400,58292,-0.01449275362318836
2023-08-21,3395,3445,3370,3420,72011,0.00588235294117645
2023-08-22,3425,3475,3410,3410,67892,-0.0029239766081871066
2023-08-23,3415,3445,3375,3390,53064,-0.0058651026392961825
2023-08-24,3390,3450,3385,3410,51219,0.005899705014749346
2023-08-25,3390,3435,3380,3390,42875,-0.0058651026392961825
2023-08-28,3430,3490,3410,3465,50316,0.022123893805309658
2023-08-29,3475,3490,3435,3440,40245,-0.00721500721500723
2023-08-30,3420,3490,3415,3445,23686,0.0014534883720929148
2023-08-31,3465,3465,3410,3450,36343,0.0014513788098693414
2023-09-01,3470,3470,3410,3415,49475,-0.010144927536231862
2023-09-04,3415,3450,3370,3400,55136,-0.004392386530014614
2023-09-05,3395,3455,3385,3430,74230,0.008823529411764675
2023-09-06,3430,3475,3385,3430,66565,0.0
2023-09-07,3395,3415,3375,3375,47127,-0.01603498542274051
2023-09-08,3375,3395,3360,3385,49218,0.002962962962963056
2023-09-11,3390,3435,3380,3400,15548,0.004431314623338345
2023-09-12,3395,3405,3360,3375,64208,-0.007352941176470562
2023-09-13,3375,3380,3360,3380,36125,0.001481481481481417
2023-09-14,3380,3385,3350,3360,47276,-0.00591715976331364
2023-09-15,3365,3380,3315,3315,146818,-0.013392857142857095
2023-09-18,3310,3370,3250,3355,150147,0.012066365007541435
2023-09-19,3325,3355,3305,3340,60535,-0.0044709388971684305
2023-09-20,3330,3365,3305,3330,39913,-0.0029940119760478723
2023-09-21,3325,3325,3280,3290,57241,-0.012012012012011963
2023-09-22,3250,3315,3250,3275,52065,-0.00455927051671734
2023-09-25,3250,3275,3225,3260,74450,-0.004580152671755711
2023-09-26,3225,3260,3205,3225,63130,-0.010736196319018454
2023-09-27,3220,3225,3175,3225,67179,0.0
2023-10-04,3210,3375,3175,3200,76741,-0.007751937984496138
2023-10-05,3230,3230,3180,3205,53968,0.0015624999999999112
2023-10-06,3180,3200,3170,3195,60228,-0.0031201248049922414
2023-10-10,3195,3225,3165,3190,57200,-0.0015649452269170805
2023-10-11,3195,3215,3185,3210,121918,0.006269592476489061
2023-10-12,3185,3270,3185,3250,36939,0.012461059190031154
2023-10-13,3250,3255,3215,3245,80491,-0.0015384615384614886
2023-10-16,3245,3245,3205,3240,33434,-0.0015408320493066618
2023-10-17,3230,3290,3220,3260,65529,0.006172839506172867
2023-10-18,3240,3290,3225,3275,40494,0.004601226993865115
2023-10-19,3245,3275,3200,3215,54656,-0.018320610687022953
2023-10-20,3215,3230,3165,3210,86762,-0.0015552099533436836
2023-10-23,3170,3245,3165,3180,81534,-0.009345794392523366
2023-10-24,3175,3190,3120,3190,96674,0.003144654088050425
2023-10-25,3180,3255,3165,3250,40585,0.018808777429467183
2023-10-26,3190,3260,3160,3255,103630,0.0015384615384614886
2023-10-27,3200,3220,3180,3190,44712,-0.019969278033794113
2023-10-30,3210,3225,3170,3220,50197,0.00940438871473348
2023-10-31,3220,3250,3170,3175,36704,-0.013975155279503104
2023-11-01,3180,3245,3180,3215,50444,0.012598425196850505
2023-11-02,3215,3255,3215,3215,50313,0.0
2023-11-03,3235,3235,3195,3205,47457,-0.0031104199066873672
2023-11-06,3220,3235,3200,3225,78536,0.006240249609984483
2023-11-07,3220,3250,3195,3235,40600,0.0031007751937983663
2023-11-08,3235,3245,3210,3235,60999,0.0
2023-11-09,3230,3245,3195,3210,86076,-0.007727975270479082
2023-11-10,3205,3225,3170,3175,92960,-0.010903426791277204
2023-11-13,3225,3225,3150,3190,57803,0.0047244094488188
2023-11-14,3185,3225,3160,3220,102234,0.00940438871473348
2023-11-15,3185,3190,3160,3170,146490,-0.01552795031055898
2023-11-16,3195,3210,3145,3205,132906,0.011041009463722329
2023-11-17,3180,3245,3170,3220,84669,0.004680187207488196
2023-11-20,3220,3335,3215,3335,113110,0.03571428571428581
2023-11-21,3305,3470,3305,3460,199444,0.03748125937031488
2023-11-22,3500,3500,3410,3445,75127,-0.00433526011560692
2023-11-23,3440,3455,3380,3455,136853,0.002902757619738683
2023-11-24,3445,3575,3415,3520,254903,0.01881331403762654
2023-11-27,3570,3635,3365,3555,389431,0.009943181818181879
2023-11-28,3555,3555,3270,3430,273261,-0.035161744022503494
2023-11-29,3200,3370,3155,3345,349412,-0.02478134110787167
2023-11-30,3350,3350,3200,3280,200476,-0.019431988041853532
2023-12-01,3275,3315,3205,3220,98188,-0.018292682926829285
2023-12-04,3175,3250,3170,3245,146627,0.007763975155279601
2023-12-05,3215,3270,3190,3220,86709,-0.007704160246533087
2023-12-06,3220,3230,3175,3200,116770,-0.006211180124223614
2023-12-07,3200,3210,3170,3195,63618,-0.0015625000000000222
2023-12-08,3195,3200,3130,3145,248359,-0.015649452269170583
2023-12-11,3165,3165,3130,3150,45323,0.0015898251192367763
2023-12-12,3160,3160,3120,3150,162888,0.0
2023-12-13,3155,3160,3115,3120,76416,-0.00952380952380949
2023-12-14,3145,3150,3090,3120,170558,0.0
2023-12-15,3125,3155,3120,3145,72013,0.008012820512820484
2023-12-18,3160,3165,3125,3140,63985,-0.0015898251192368873
2023-12-19,3160,3160,3125,3145,44562,0.0015923566878981443
2023-12-20,3160,3165,3140,3145,69957,0.0
2023-12-21,3150,3165,3130,3145,32228,0.0
2023-12-22,3145,3165,3135,3165,55211,0.006359300476947549
2023-12-26,3175,3245,3170,3245,708703,0.025276461295418606
2023-12-27,3210,3300,3180,3195,120938,-0.015408320493066285
2023-12-28,3195,3195,3155,3160,75850,-0.010954616588419452
2024-01-02,3155,3170,3115,3135,117118,-0.007911392405063333
2024-01-03,3110,3145,3110,3135,47702,0.0
2024-01-04,3130,3130,3105,3130,69163,-0.0015948963317384823
2024-01-05,3115,3130,3075,3100,129781,-0.009584664536741228
2024-01-08,3080,3110,3080,3085,46484,-0.004838709677419395
2024-01-09,3085,3105,3080,3085,23683,0.0
2024-01-10,3100,3140,3080,3120,109788,0.011345218800648205
2024-01-11,3130,3140,3100,3120,66322,0.0
2024-01-12,3150,3150,3055,3080,94483,-0.012820512820512775
2024-01-15,3090,3120,3060,3060,59160,-0.00649350649350644
2024-01-16,3065,3080,3030,3035,94264,-0.008169934640522847
2024-01-17,3030,3035,2980,2985,111825,-0.016474464579901205
2024-01-18,2990,3040,2980,2990,39862,0.0016750418760469454
2024-01-19,3010,3020,2975,2985,38876,-0.0016722408026755842
2024-01-22,3030,3040,2960,2975,43796,-0.00335008375209378
2024-01-23,3040,3040,2975,2995,31003,0.006722689075630228
2024-01-24,3040,3040,2980,2990,29365,-0.0016694490818029983
2024-01-25,3030,3030,2975,2975,28814,-0.0050167224080267525
2024-01-26,2960,3020,2960,3000,49855,0.008403361344537785
2024-01-29,3000,3045,2985,3020,52189,0.006666666666666599
2024-01-30,3020,3065,3020,3055,85886,0.011589403973509826
2024-01-31,3060,3060,3030,3040,14733,-0.004909983633387904
2024-02-01,3040,3070,3015,3050,98288,0.00328947368421062
2024-02-02,3070,3100,3050,3090,63858,0.013114754098360715
2024-02-05,3090,3120,3065,3100,41583,0.003236245954692629
2024-02-06,3140,3140,3070,3085,43469,-0.004838709677419395
2024-02-07,3135,3135,3080,3100,50717,0.004862236628849326
2024-02-08,3135,3135,3095,3105,78884,0.001612903225806539
2024-02-13,3100,3115,3080,3110,99892,0.0016103059581320522
2024-02-14,3120,3120,3095,3100,28150,-0.003215434083601254
2024-02-15,3125,3130,3090,3095,34853,-0.001612903225806428
2024-02-16,3090,3090,3000,3025,173104,-0.022617124394184174
2024-02-19,3025,3035,2995,3020,53186,-0.0016528925619834212
2024-02-20,3025,3035,3000,3020,45054,0.0
2024-02-21,3035,3035,3010,3015,35130,-0.0016556291390728006
2024-02-22,3030,3030,3000,3000,31157,-0.00497512437810943
2024-02-23,3030,3030,2990,3000,82394,0.0
2024-02-26,3000,3010,2975,3000,31644,0.0
2024-02-27,3015,3015,2965,2970,54977,-0.010000000000000009
2024-02-28,2995,2995,2965,2970,47079,0.0
2024-02-29,3000,3000,2965,2995,66960,0.008417508417508435
2024-03-04,2995,2995,2945,2945,87361,-0.016694490818030094
2024-03-05,2945,2970,2910,2950,77527,0.001697792869269854
2024-03-06,2950,2960,2925,2940,27505,-0.003389830508474523
2024-03-07,2945,2990,2925,2935,40102,-0.00170068027210879
2024-03-08,2935,2940,2840,2865,179370,-0.023850085178875657
2024-03-11,2865,2865,2735,2765,219715,-0.034904013961605584
2024-03-12,2790,2805,2770,2785,59924,0.00723327305605781
2024-03-13,2815,2815,2770,2810,63481,0.008976660682226134
2024-03-14,2805,2805,2775,2790,91745,-0.007117437722419906
2024-03-15,2765,2795,2755,2770,60414,-0.007168458781361964
2024-03-18,2700,2715,2525,2680,489631,-0.032490974729241895
2024-03-19,2655,2725,2640,2685,97038,0.001865671641791078
2024-03-20,2650,2745,2610,2720,78616,0.013035381750465591
2024-03-21,2625,2750,2625,2750,65097,0.011029411764705843
2024-03-22,2770,2790,2590,2765,121071,0.005454545454545379
2024-03-25,2765,2765,2700,2745,43259,-0.007233273056057921
2024-03-26,2750,2750,2690,2715,55506,-0.010928961748633892
2024-03-27,2715,2730,2685,2720,38381,0.0018416206261511192
2024-03-28,2740,2745,2680,2695,40961,-0.009191176470588203
2024-03-29,2695,2745,2680,2730,29079,0.01298701298701288
2024-04-01,2685,2770,2685,2725,25168,-0.001831501831501825
2024-04-02,2730,2740,2670,2695,65956,-0.011009174311926606
2024-04-03,2675,2730,2665,2675,36964,-0.007421150278293154
2024-04-04,2665,2735,2665,2730,47534,0.020560747663551426
2024-04-05,2730,2740,2680,2700,27240,-0.01098901098901095
2024-04-08,2710,2720,2680,2690,32703,-0.0037037037037036535
2024-04-09,2680,2715,2630,2665,82544,-0.009293680297397744
2024-04-11,2635,2670,2605,2660,60491,-0.0018761726078799779
2024-04-12,2670,2670,2635,2645,40408,-0.005639097744360888
2024-04-15,2620,2720,2615,2685,54288,0.01512287334593565
2024-04-16,2620,2660,2570,2610,112922,-0.027932960893854775
2024-04-17,2645,2645,2595,2605,38982,-0.0019157088122605526
2024-04-18,2595,2650,2595,2620,52449,0.0057581573896352545
2024-04-19,2640,2640,2550,2620,126671,0.0
2024-04-22,2600,2625,2585,2610,30863,-0.003816793893129722
2024-04-23,2590,2620,2590,2620,42534,0.003831417624521105
2024-04-24,2620,2640,2600,2625,59452,0.001908396946564972
2024-04-25,2620,2640,2600,2640,56352,0.005714285714285783
2024-04-26,2640,2675,2625,2675,34267,0.01325757575757569
2024-04-29,2670,2690,2640,2685,66549,0.0037383177570093906
2024-04-30,2680,2715,2655,2705,68232,0.007448789571694592
2024-05-02,2700,2710,2680,2695,23506,-0.003696857670979714
2024-05-03,2700,2725,2685,2715,44964,0.007421150278293043
2024-05-07,2715,2730,2690,2710,27495,-0.0018416206261510082
2024-05-08,2710,2720,2695,2715,35855,0.0018450184501845879
2024-05-09,2710,2715,2695,2715,23770,0.0
2024-05-10,2715,2715,2690,2695,33407,-0.007366482504604033
2024-05-13,2695,2725,2670,2705,26966,0.0037105751391466324
2024-05-14,2685,2710,2675,2700,37097,-0.001848428835489857
2024-05-16,2725,2765,2690,2740,63984,0.014814814814814836
2024-05-17,2740,2845,2715,2820,176752,0.029197080291970767
2024-05-20,2815,2820,2750,2785,82972,-0.012411347517730542
2024-05-21,2785,2790,2740,2765,47993,-0.007181328545781018
2024-05-22,2785,2860,2750,2830,86772,0.02350813743218816
2024-05-23,2830,2860,2760,2820,51608,-0.0035335689045936647
2024-05-24,2820,2865,2785,2815,50981,-0.0017730496453900457
2024-05-27,2815,2860,2815,2855,46649,0.014209591474245054
2024-05-28,2855,2890,2835,2865,63697,0.003502626970227629
2024-05-29,2860,2860,2830,2835,42958,-0.010471204188481686
2024-05-30,2835,2835,2635,2745,113317,-0.031746031746031744
2024-05-31,2745,2785,2730,2755,96740,0.0036429872495447047
2024-06-03,2780,2785,2720,2750,82390,-0.001814882032667886
2024-06-04,2750,2765,2685,2685,101362,-0.023636363636363678
2024-06-05,2690,2725,2680,2695,77414,0.003724394785847407
2024-06-07,2690,2745,2680,2695,130936,0.0
2024-06-10,2715,2720,2635,2645,134957,-0.01855287569573283
2024-06-11,2670,2670,2585,2600,93729,-0.017013232514177745
2024-06-12,2615,2640,2580,2630,59249,0.011538461538461497
2024-06-13,2640,2660,2630,2650,61950,0.0076045627376426506
2024-06-14,2630,2665,2625,2635,51855,-0.005660377358490565
2024-06-17,2635,2650,2580,2610,67531,-0.009487666034155628
2024-06-18,2620,2660,2600,2660,67213,0.019157088122605304
2024-06-19,2655,2665,2620,2630,33721,-0.011278195488721776
2024-06-20,2645,2665,2610,2665,69867,0.013307984790874583
2024-06-21,2665,2670,2620,2650,38738,-0.0056285178236398226
2024-06-24,2645,2645,2595,2610,71949,-0.015094339622641506
2024-06-25,2585,2620,2565,2570,119709,-0.01532567049808431
2024-06-26,2585,2590,2555,2575,68689,0.0019455252918287869
2024-06-27,2580,2585,2555,2565,50264,-0.003883495145631022
2024-06-28,2565,2605,2560,2585,34936,0.007797270955165692
2024-07-01,2585,2610,2550,2575,85247,-0.003868471953578312
2024-07-02,2600,2600,2535,2555,84894,-0.007766990291262155
2024-07-03,2535,2570,2525,2565,39633,0.00391389432485334
2024-07-04,2560,2605,2545,2590,45476,0.00974658869395717
2024-07-05,2595,2625,2565,2600,61940,0.0038610038610038533
2024-07-08,2590,2595,2545,2570,62587,-0.011538461538461497
2024-07-09,2590,2590,2545,2550,32579,-0.0077821011673151474
2024-07-10,2540,2570,2540,2545,26974,-0.0019607843137254832
2024-07-11,2555,2605,2545,2590,50975,0.017681728880157177
2024-07-12,2610,2650,2600,2635,53687,0.01737451737451745
2024-07-15,2665,2670,2595,2640,56370,0.00189753320683117
2024-07-16,2640,2670,2620,2630,61619,-0.0037878787878787845
2024-07-17,2655,2735,2630,2710,167465,0.03041825095057038
2024-07-18,2710,2905,2690,2730,491178,0.007380073800737907
2024-07-19,2715,2770,2635,2650,112072,-0.02930402930402931
2024-07-22,2650,2680,2605,2675,53513,0.009433962264151052
2024-07-23,2680,2695,2610,2610,89161,-0.024299065420560706
2024-07-24,2635,2660,2595,2605,86330,-0.0019157088122605526
2024-07-25,2595,2665,2570,2645,54707,0.015355086372360827
2024-07-26,2645,2760,2620,2750,135308,0.03969754253308122
2024-07-29,2750,2775,2705,2735,61739,-0.00545454545454549
2024-07-30,2710,2745,2680,2700,46865,-0.012797074954296161
2024-07-31,2680,2750,2680,2720,74798,0.007407407407407307
2024-08-01,2745,2745,2700,2705,47685,-0.005514705882352922
2024-08-02,2705,2705,2635,2675,93265,-0.011090573012939031
2024-08-05,2650,2650,2460,2510,223047,-0.06168224299065417
2024-08-06,2515,2625,2515,2585,80379,0.029880478087649376
2024-08-07,2610,2640,2580,2620,40435,0.013539651837524147
2024-08-08,2600,2620,2565,2575,44655,-0.01717557251908397
2024-08-09,2600,2640,2600,2630,46824,0.021359223300970953
2024-08-12,2615,2650,2615,2635,47249,0.0019011406844107182
2024-08-13,2640,2645,2600,2615,27793,-0.007590132827324458
2024-08-14,2635,2635,2595,2630,30183,0.005736137667303964
2024-08-16,2645,2645,2585,2615,49513,-0.005703422053231932
2024-08-19,2615,2635,2600,2600,42980,-0.005736137667303964
2024-08-20,2605,2665,2600,2640,40940,0.01538461538461533
2024-08-21,2640,2765,2620,2750,137415,0.04166666666666674
2024-08-22,2745,2755,2685,2685,45062,-0.023636363636363678
2024-08-23,2670,2755,2660,2730,39929,0.016759776536312776
