Date,Open,High,Low,Close,Volume,Change
2022-01-03,2590,2590,2255,2390,9513,-0.07899807321772645
2022-01-04,2595,2595,2150,2290,12622,-0.04184100418410042
2022-01-05,2545,2545,2300,2300,1003,0.004366812227074135
2022-01-06,2500,2500,2000,2045,20140,-0.11086956521739133
2022-01-07,2265,2270,2240,2240,152,0.0953545232273838
2022-01-10,2500,2500,2290,2295,1299,0.024553571428571397
2022-01-11,2425,2430,2300,2300,36,0.002178649237472685
2022-01-12,2475,2485,2200,2270,1107,-0.013043478260869601
2022-01-13,2390,2390,2210,2210,23,-0.026431718061673992
2022-01-14,2270,2270,1900,1940,13236,-0.12217194570135748
2022-01-17,2190,2190,1650,1650,30110,-0.14948453608247425
2022-01-18,1790,1790,1405,1540,14989,-0.06666666666666665
2022-01-19,1600,1770,1310,1700,6356,0.10389610389610393
2022-01-20,1600,1690,1470,1550,4237,-0.08823529411764708
2022-01-21,1545,1545,1400,1495,6979,-0.03548387096774197
2022-01-24,1590,1590,1295,1385,31367,-0.0735785953177257
2022-01-25,1500,1500,1300,1395,448,0.0072202166064982976
2022-01-26,1400,1495,1220,1485,72,0.06451612903225801
2022-01-27,1500,1500,1490,1490,712,0.0033670033670034627
2022-01-28,1645,1645,1500,1500,1802,0.006711409395973256
2022-02-03,1650,1725,1500,1725,8963,0.1499999999999999
2022-02-04,1975,1975,1725,1860,853,0.07826086956521738
2022-02-07,1895,1895,1875,1875,11,0.008064516129032251
2022-02-08,2095,2095,1800,2015,869,0.07466666666666666
2022-02-09,2000,2100,1745,2000,1944,-0.007444168734491274
2022-02-10,2220,2220,1900,2000,82,0.0
2022-02-11,2100,2220,1900,1990,155,-0.0050000000000000044
2022-02-14,2200,2200,1815,1985,326,-0.002512562814070307
2022-02-15,1995,1995,1950,1950,94,-0.017632241813602012
2022-02-16,2100,2100,1800,1810,162,-0.07179487179487176
2022-02-17,2080,2080,1875,1875,896,0.035911602209944826
2022-02-18,1900,2100,1800,1990,36,0.06133333333333324
2022-02-21,2180,2180,1900,1900,54,-0.045226130653266305
2022-02-22,2180,2180,1805,2000,20,0.05263157894736836
2022-02-23,2190,2200,1805,1860,169,-0.06999999999999995
2022-02-24,1990,1990,1810,1870,609,0.005376344086021501
2022-02-25,1995,1995,1620,1620,224,-0.1336898395721925
2022-02-28,1860,1860,1700,1800,422,0.11111111111111116
2022-03-02,1850,1850,1845,1845,18,0.02499999999999991
2022-03-03,1700,1845,1600,1700,1528,-0.07859078590785906
2022-03-04,1795,1795,1700,1795,844,0.055882352941176494
2022-03-07,1895,1895,1805,1805,39,0.0055710306406684396
2022-03-08,1815,1815,1805,1810,3,0.0027700831024930483
2022-03-10,1885,1885,1540,1680,4028,-0.07182320441988954
2022-03-11,1785,1805,1785,1805,729,0.07440476190476186
2022-03-14,1910,1910,1700,1700,72,-0.05817174515235457
2022-03-15,1900,1900,1600,1795,792,0.055882352941176494
2022-03-16,1795,1795,1600,1780,4035,-0.00835654596100277
2022-03-17,1650,1660,1600,1660,981,-0.0674157303370787
2022-03-18,1700,1700,1600,1690,703,0.01807228915662651
2022-03-21,1665,1665,1650,1665,176,-0.014792899408283988
2022-03-22,1425,1675,1425,1655,162,-0.006006006006005982
2022-03-23,1690,1690,1675,1675,38,0.012084592145015005
2022-03-24,1695,1695,1670,1670,224,-0.0029850746268657025
2022-03-25,1700,1700,1670,1670,137,0.0
2022-03-28,1670,1680,1515,1680,129,0.0059880239520957446
2022-03-29,1730,1800,1730,1800,15,0.0714285714285714
2022-03-30,1795,1795,1550,1780,1083,-0.011111111111111072
2022-03-31,1860,1860,1670,1800,745,0.011235955056179803
2022-04-01,1795,1795,1795,1795,0,-0.002777777777777768
2022-04-04,1780,1790,1780,1790,138,-0.0027855153203342198
2022-04-05,1910,1910,1800,1800,31,0.005586592178770999
2022-04-06,1790,1870,1785,1870,128,0.03888888888888897
2022-04-07,1700,1850,1700,1850,6,-0.010695187165775444
2022-04-08,1885,1885,1885,1885,5,0.018918918918918948
2022-04-11,1845,1845,1700,1700,577,-0.09814323607427056
2022-04-12,1700,1800,1700,1800,510,0.05882352941176472
2022-04-13,1700,1800,1700,1800,1500,0.0
2022-04-14,1795,1795,1795,1795,2000,-0.002777777777777768
2022-04-15,1750,1750,1750,1750,112,-0.02506963788300831
2022-04-18,1600,1700,1600,1700,336,-0.02857142857142858
2022-04-19,1805,1805,1610,1740,485,0.0235294117647058
2022-04-20,1700,1875,1700,1800,238,0.034482758620689724
2022-04-21,1795,1800,1795,1800,1003,0.0
2022-04-22,1880,1880,1700,1800,1467,0.0
2022-04-25,1785,1785,1610,1775,240,-0.01388888888888884
2022-04-26,1745,1745,1565,1700,282,-0.04225352112676062
2022-04-27,1800,1800,1680,1680,394,-0.0117647058823529
2022-04-28,1680,1680,1670,1680,111,0.0
2022-04-29,1695,1695,1450,1510,1907,-0.10119047619047616
2022-05-02,1515,1585,1510,1575,627,0.04304635761589415
2022-05-03,1600,1670,1530,1565,19,-0.006349206349206327
2022-05-04,1650,1650,1530,1615,240,0.03194888178913735
2022-05-06,1800,1800,1600,1600,282,-0.009287925696594423
2022-05-09,1600,1600,1405,1550,690,-0.03125
2022-05-10,1595,1780,1410,1770,934,0.14193548387096766
2022-05-11,1995,1995,1695,1790,1320,0.011299435028248483
2022-05-12,1800,1800,1530,1775,3976,-0.008379888268156388
2022-05-13,1755,1800,1685,1800,3042,0.014084507042253502
2022-05-16,1750,1750,1605,1750,5,-0.02777777777777779
2022-05-17,1750,1750,1555,1555,562,-0.11142857142857143
2022-05-18,1675,1675,1565,1645,5,0.05787781350482324
2022-05-19,1600,1600,1595,1600,154,-0.027355623100303927
2022-05-20,1840,1840,1600,1785,135,0.11562500000000009
2022-05-23,1795,1795,1610,1785,331,0.0
2022-05-24,1985,1985,1930,1930,203,0.08123249299719881
2022-05-25,1900,1900,1650,1715,2723,-0.1113989637305699
2022-05-26,1715,1715,1705,1710,311,-0.002915451895043719
2022-05-27,1700,1700,1600,1695,152,-0.00877192982456143
2022-05-30,1895,1895,1500,1780,2371,0.05014749262536866
2022-05-31,1600,1600,1520,1540,9780,-0.1348314606741573
2022-06-02,1690,1690,1310,1390,12034,-0.09740259740259738
2022-06-03,1400,1500,1300,1450,474,0.043165467625899234
2022-06-07,1500,1500,1300,1480,45,0.020689655172413834
2022-06-08,1665,1665,1305,1585,56,0.07094594594594605
2022-06-09,1410,1500,1350,1390,5359,-0.12302839116719244
2022-06-10,1425,1430,1305,1375,150,-0.010791366906474864
2022-06-13,1415,1415,1300,1375,467,0.0
2022-06-14,1500,1500,1250,1390,140,0.01090909090909098
2022-06-15,1500,1500,1250,1380,157,-0.007194244604316502
2022-06-16,1240,1500,1240,1420,63,0.02898550724637672
2022-06-17,1490,1490,1310,1315,107,-0.073943661971831
2022-06-20,1450,1450,1200,1360,462,0.034220532319391594
2022-06-21,1200,1440,1170,1400,14669,0.02941176470588225
2022-06-22,1500,1500,1500,1500,1,0.0714285714285714
2022-06-23,1685,1685,1275,1395,3420,-0.06999999999999995
2022-06-24,1540,1540,1300,1300,140,-0.06810035842293904
2022-06-27,1490,1490,1120,1200,5883,-0.07692307692307687
2022-06-28,1355,1355,1300,1335,788,0.11250000000000004
2022-06-29,1475,1475,1250,1410,1841,0.05617977528089879
2022-06-30,1460,1460,1460,1460,20,0.03546099290780136
2022-07-01,1600,1600,1295,1295,185,-0.113013698630137
2022-07-04,1450,1450,1285,1285,571,-0.007722007722007707
2022-07-05,1450,1450,1200,1290,1941,0.0038910505836575737
2022-07-06,1290,1440,1110,1440,5973,0.11627906976744184
2022-07-07,1595,1595,1225,1295,595,-0.10069444444444442
2022-07-08,1430,1430,1430,1430,21,0.10424710424710426
2022-07-11,1220,1295,1220,1285,3489,-0.10139860139860135
2022-07-12,1100,1285,1095,1095,14303,-0.14785992217898836
2022-07-13,1195,1220,935,1070,21014,-0.022831050228310557
2022-07-14,1070,1070,926,1065,174,-0.004672897196261627
2022-07-15,1095,1180,1000,1135,25,0.06572769953051649
2022-07-18,1100,1100,970,1040,1630,-0.08370044052863435
2022-07-19,1095,1185,900,1000,731,-0.038461538461538436
2022-07-20,1045,1095,990,1095,823,0.09499999999999997
2022-07-21,1050,1180,1000,1145,276,0.04566210045662111
2022-07-22,1300,1300,1030,1175,174,0.026200873362445476
2022-07-25,1100,1200,1005,1050,1563,-0.1063829787234043
2022-07-26,1130,1200,895,898,41544,-0.14476190476190476
2022-07-27,850,979,850,900,35435,0.00222717149220486
2022-07-28,915,915,898,900,2832,0.0
2022-07-29,1000,1000,901,903,3020,0.0033333333333334103
2022-08-01,988,990,886,949,153,0.05094130675526021
2022-08-02,998,998,881,950,1316,0.0010537407797681642
2022-08-03,1025,1025,882,961,5071,0.011578947368421133
2022-08-04,997,1030,943,1030,1775,0.0718002081165452
2022-08-05,1045,1050,959,1040,2776,0.009708737864077666
2022-08-08,1045,1045,925,1035,59,-0.004807692307692291
2022-08-09,1050,1095,969,1080,1175,0.04347826086956519
2022-08-10,1090,1090,963,963,2127,-0.10833333333333328
2022-08-11,1080,1080,965,1040,694,0.07995846313603328
2022-08-12,1095,1095,1095,1095,2,0.05288461538461542
2022-08-16,1095,1100,969,1075,883,-0.0182648401826484
2022-08-17,970,1070,969,1050,307,-0.023255813953488413
2022-08-18,1085,1085,902,1050,1113,0.0
2022-08-19,1095,1095,910,1085,874,0.03333333333333344
2022-08-22,1000,1000,939,998,295,-0.08018433179723505
2022-08-23,998,1055,900,970,5848,-0.028056112224448926
2022-08-24,1080,1080,900,964,4263,-0.006185567010309256
2022-08-25,999,999,900,927,818,-0.038381742738589186
2022-08-26,1055,1055,867,930,567,0.003236245954692629
2022-08-29,998,998,860,968,1007,0.04086021505376336
2022-08-30,997,997,850,992,123,0.024793388429751984
2022-08-31,999,999,850,850,1677,-0.14314516129032262
2022-09-01,970,970,831,899,107,0.057647058823529385
2022-09-02,1015,1015,800,995,2859,0.10678531701890992
2022-09-05,998,998,846,917,268,-0.07839195979899494
2022-09-06,900,917,900,910,86,-0.007633587786259555
2022-09-07,988,988,900,978,86,0.07472527472527468
2022-09-08,978,995,962,962,27,-0.01635991820040905
2022-09-13,997,1000,997,1000,18,0.03950103950103956
2022-09-14,850,986,850,940,6048,-0.06000000000000005
2022-09-15,900,900,889,889,146,-0.05425531914893622
2022-09-16,880,880,850,850,391,-0.04386951631046121
2022-09-19,899,899,870,870,161,0.0235294117647058
2022-09-20,870,870,809,866,124,-0.0045977011494252595
2022-09-21,850,855,850,855,262,-0.012702078521939941
2022-09-22,870,870,730,788,13576,-0.07836257309941519
2022-09-23,800,818,700,797,4694,0.011421319796954377
2022-09-26,797,797,701,759,2687,-0.04767879548306153
2022-09-27,869,869,660,800,138,0.05401844532279321
2022-09-28,899,899,692,893,13,0.11624999999999996
2022-09-29,760,890,760,878,3414,-0.016797312430011146
2022-09-30,887,887,880,887,5,0.010250569476081939
2022-10-04,977,977,760,829,617,-0.0653889515219842
2022-10-05,887,887,879,879,49,0.06031363088057895
2022-10-06,895,895,889,889,4,0.011376564277588264
2022-10-07,889,897,756,789,5267,-0.11248593925759276
2022-10-11,800,880,800,879,45,0.11406844106463887
2022-10-12,900,900,900,900,1,0.023890784982935065
2022-10-13,999,999,800,969,22,0.07666666666666666
2022-10-14,830,998,824,824,1541,-0.14963880288957687
2022-10-17,824,947,800,918,47,0.11407766990291268
2022-10-18,970,970,781,937,1686,0.020697167755991286
2022-10-19,810,949,800,888,799,-0.0522945570971185
2022-10-20,888,898,755,770,2135,-0.13288288288288286
2022-10-21,799,884,700,799,61,0.03766233766233773
2022-10-24,799,900,700,897,30,0.12265331664580725
2022-10-25,900,900,763,869,4605,-0.031215161649944312
2022-10-26,739,799,739,797,2435,-0.08285385500575371
2022-10-27,800,800,678,704,13548,-0.11668757841907151
2022-10-28,799,799,605,779,203,0.10653409090909083
2022-10-31,778,884,676,700,605,-0.10141206675224645
2022-11-01,799,799,700,743,460,0.06142857142857139
2022-11-02,800,800,800,800,1,0.07671601615074031
2022-11-03,700,779,700,749,3101,-0.06374999999999997
2022-11-04,800,861,800,849,107,0.13351134846461954
2022-11-07,900,900,722,780,3544,-0.08127208480565373
2022-11-08,790,844,705,830,461,0.0641025641025641
2022-11-09,710,900,710,714,336,-0.1397590361445783
2022-11-10,700,776,633,769,13,0.07703081232492992
2022-11-11,728,764,671,764,1115,-0.006501950585175553
2022-11-14,763,763,763,763,67,-0.0013089005235602524
2022-11-15,760,760,760,760,81,-0.003931847968545177
2022-11-16,760,760,665,749,3371,-0.014473684210526305
2022-11-17,799,799,654,720,11,-0.03871829105473967
2022-11-18,719,719,656,719,16,-0.001388888888888884
2022-11-21,818,818,700,815,179,0.13351877607788598
2022-11-22,710,800,710,800,395,-0.018404907975460127
2022-11-23,702,792,700,788,2267,-0.015000000000000013
2022-11-24,906,906,698,894,1507,0.13451776649746194
2022-11-25,765,800,765,800,999,-0.10514541387024612
2022-11-28,900,900,686,686,7486,-0.14249999999999996
2022-11-29,725,730,725,730,4,0.06413994169096204
2022-11-30,680,730,680,729,126,-0.00136986301369868
2022-12-01,790,790,790,790,1,0.08367626886145407
2022-12-02,905,905,675,874,9,0.10632911392405053
2022-12-05,743,890,743,854,2542,-0.022883295194508046
2022-12-06,899,899,899,899,1,0.052693208430913296
2022-12-07,899,899,765,898,188,-0.0011123470522803602
2022-12-08,888,888,888,888,2,-0.011135857461024523
2022-12-09,965,965,900,960,22,0.08108108108108114
2022-12-12,960,960,816,868,819,-0.09583333333333333
2022-12-13,959,959,800,800,23,-0.07834101382488479
2022-12-14,900,900,701,880,22,0.10000000000000009
2022-12-15,900,950,900,940,13,0.06818181818181812
2022-12-16,950,950,800,944,23,0.004255319148936065
2022-12-19,949,949,803,803,2059,-0.149364406779661
2022-12-20,900,900,700,889,18,0.1070983810709838
2022-12-21,900,948,760,931,82,0.04724409448818889
2022-12-22,949,949,880,880,122,-0.05477980665950588
2022-12-23,949,949,880,880,3,0.0
2022-12-26,900,900,755,899,104,0.021590909090908994
2022-12-27,900,900,900,900,1,0.0011123470522802492
2022-12-28,958,958,940,940,12,0.04444444444444451
2022-12-29,950,950,942,942,184,0.0021276595744681437
2023-01-02,958,958,954,954,65,0.01273885350318471
2023-01-03,959,959,890,951,114,-0.0031446540880503138
2023-01-04,900,900,900,900,1,-0.05362776025236593
2023-01-05,958,958,850,894,456,-0.00666666666666671
2023-01-06,940,949,800,899,122,0.005592841163311046
2023-01-09,949,949,900,900,69,0.0011123470522802492
2023-01-10,984,984,984,984,9,0.09333333333333327
2023-01-11,950,950,900,900,358,-0.08536585365853655
2023-01-12,969,969,894,894,23,-0.00666666666666671
2023-01-13,959,959,900,900,30,0.006711409395973256
2023-01-16,954,954,895,903,23714,0.0033333333333334103
2023-01-17,949,949,895,895,56,-0.008859357696566983
2023-01-18,870,895,870,895,96,0.0
2023-01-19,949,949,930,930,52,0.03910614525139655
2023-01-20,974,974,944,944,9,0.01505376344086029
2023-01-25,969,969,803,944,1024,0.0
2023-01-26,811,940,803,939,1376,-0.005296610169491567
2023-01-27,974,974,810,965,18,0.027689030883919052
2023-01-30,939,939,825,938,115,-0.02797927461139893
2023-01-31,935,935,932,932,11,-0.006396588486140775
2023-02-01,934,934,932,932,2,0.0
2023-02-02,935,935,856,857,2477,-0.08047210300429186
2023-02-03,935,935,800,890,6154,0.03850641773628949
2023-02-06,932,932,919,919,3094,0.03258426966292127
2023-02-07,944,944,782,782,7197,-0.14907508161044614
2023-02-08,880,880,700,700,18777,-0.1048593350383632
2023-02-09,799,799,600,795,15153,0.13571428571428568
2023-02-10,890,890,800,800,12,0.0062893081761006275
2023-02-13,895,895,890,890,34,0.11250000000000004
2023-02-14,893,893,893,893,1,0.003370786516853963
2023-02-15,892,892,760,760,2067,-0.14893617021276595
2023-02-16,800,870,700,853,13,0.12236842105263168
2023-02-17,893,893,730,892,104,0.04572098475967179
2023-02-20,893,893,759,884,640,-0.008968609865470878
2023-02-21,892,892,760,848,23,-0.040723981900452455
2023-02-22,889,889,721,790,444,-0.06839622641509435
2023-02-23,800,887,800,882,211,0.1164556962025316
2023-02-24,893,893,750,829,113,-0.0600907029478458
2023-02-27,829,829,829,829,11,0.0
2023-02-28,818,818,705,779,28495,-0.06031363088057906
2023-03-02,880,880,663,748,2840,-0.03979460847240046
2023-03-03,700,800,700,782,1114,0.045454545454545414
2023-03-06,878,878,700,854,1330,0.09207161125319696
2023-03-07,800,800,726,726,1124,-0.1498829039812647
2023-03-08,799,799,795,795,102,0.0950413223140496
2023-03-09,794,794,680,789,21,-0.007547169811320753
2023-03-10,800,869,680,789,452,0.0
2023-03-13,789,789,789,789,1,0.0
2023-03-14,800,800,790,790,8,0.0012674271229404788
2023-03-15,864,864,700,799,33,0.0113924050632912
2023-03-16,800,800,800,800,5,0.0012515644555695093
2023-03-17,700,800,700,787,1012,-0.016249999999999987
2023-03-20,799,799,670,700,948,-0.11054637865311312
2023-03-21,800,800,603,780,3035,0.11428571428571432
2023-03-22,849,849,849,849,11,0.08846153846153837
2023-03-23,810,810,810,810,1,-0.04593639575971731
2023-03-24,844,844,844,844,1,0.041975308641975406
2023-03-27,720,848,718,718,3595,-0.1492890995260664
2023-03-28,718,718,611,680,3108,-0.05292479108635095
2023-03-29,700,782,580,700,1976,0.02941176470588225
2023-03-30,798,799,602,750,4336,0.0714285714285714
2023-03-31,640,800,640,779,1296,0.03866666666666663
2023-04-03,700,799,665,679,432,-0.12836970474967913
2023-04-04,775,775,700,700,140,0.030927835051546282
2023-04-05,785,789,720,789,716,0.12714285714285722
2023-04-06,788,788,671,740,787,-0.06210392902408113
2023-04-07,789,789,700,785,17,0.060810810810810745
2023-04-10,790,790,680,780,1729,-0.006369426751592355
2023-04-11,700,788,700,770,22,-0.012820512820512775
2023-04-12,788,788,700,777,59,0.009090909090909038
2023-04-13,700,700,665,699,610,-0.10038610038610041
2023-04-14,714,714,714,714,2,0.02145922746781115
2023-04-17,714,720,714,720,3,0.008403361344537785
2023-04-18,787,787,787,787,1,0.09305555555555545
2023-04-19,780,780,669,670,1449,-0.14866581956797964
2023-04-20,769,769,769,769,11,0.14776119402985066
2023-04-21,787,787,787,787,1,0.023407022106632036
2023-04-24,787,787,670,779,305,-0.010165184243964398
2023-04-25,779,779,779,779,2,0.0
2023-04-26,786,786,786,786,1,0.00898587933247752
2023-04-27,780,780,680,780,606,-0.007633587786259555
2023-04-28,785,785,663,780,3165,0.0
2023-05-02,775,775,663,773,889,-0.008974358974358942
2023-05-03,700,785,700,770,17,-0.0038809831824062613
2023-05-04,786,786,770,770,195,0.0
2023-05-08,786,786,785,785,4,0.01948051948051943
2023-05-09,786,786,670,785,113,0.0
2023-05-10,783,783,783,783,0,-0.002547770700636942
2023-05-11,787,787,784,784,3,0.0012771392081736277
2023-05-12,785,787,784,785,21,0.0012755102040815647
2023-05-15,785,787,670,786,111,0.001273885350318471
2023-05-16,700,786,670,786,144,0.0
2023-05-17,787,787,670,670,191,-0.1475826972010178
2023-05-18,700,760,585,750,1125,0.11940298507462677
2023-05-19,700,770,638,700,1391,-0.06666666666666665
2023-05-22,700,784,600,779,1012,0.11285714285714277
2023-05-23,781,781,700,770,2196,-0.011553273427471145
2023-05-24,700,782,655,655,1011,-0.14935064935064934
2023-05-25,698,698,557,557,5956,-0.14961832061068703
2023-05-26,640,640,500,625,136,0.12208258527827653
2023-05-30,700,700,699,700,71,0.1200000000000001
2023-05-31,769,769,600,765,75,0.09285714285714275
2023-06-01,757,757,651,757,122,-0.010457516339869244
2023-06-02,750,750,650,745,519,-0.015852047556142668
2023-06-05,768,769,767,767,932,0.029530201342281792
2023-06-07,769,769,767,768,112,0.0013037809647979959
2023-06-08,660,766,653,766,112,-0.0026041666666666297
2023-06-09,770,770,661,750,93,-0.02088772845953002
2023-06-12,750,770,748,749,2483,-0.0013333333333332975
2023-06-13,770,800,642,790,9488,0.05473965287049398
2023-06-14,794,890,700,858,7246,0.08607594936708862
2023-06-15,939,939,731,850,8234,-0.009324009324009341
2023-06-16,953,953,801,850,1151,0.0
2023-06-19,940,940,800,870,177,0.0235294117647058
2023-06-20,950,950,880,880,103,0.011494252873563315
2023-06-21,953,953,800,879,938,-0.001136363636363602
2023-06-22,954,954,800,879,50,0.0
2023-06-23,950,950,900,900,2,0.023890784982935065
2023-06-26,890,890,800,869,207,-0.0344444444444445
2023-06-27,879,879,879,879,1,0.011507479861910141
2023-06-28,954,954,750,859,236,-0.022753128555176305
2023-06-29,860,860,740,848,497,-0.012805587892898762
2023-06-30,848,848,848,848,2204,0.0
2023-07-03,870,870,839,848,2646,0.0
2023-07-04,880,880,829,829,12,-0.02240566037735847
2023-07-05,900,900,799,828,1083,-0.0012062726176115257
2023-07-06,878,878,705,849,839,0.0253623188405796
2023-07-07,898,898,898,898,1,0.05771495877502941
2023-07-10,879,879,878,879,502,-0.021158129175946505
2023-07-11,900,900,750,840,1024,-0.04436860068259385
2023-07-12,840,879,840,879,42,0.046428571428571486
2023-07-13,880,880,879,880,665,0.0011376564277587597
2023-07-14,899,899,800,849,129,-0.035227272727272774
2023-07-17,849,849,730,845,222,-0.004711425206124886
2023-07-18,899,899,720,720,2003,-0.14792899408284022
2023-07-19,800,800,799,799,251,0.10972222222222228
2023-07-20,798,800,680,800,1540,0.0012515644555695093
2023-07-21,800,900,701,701,16,-0.12375000000000003
2023-07-24,799,800,651,789,1006,0.12553495007132676
2023-07-25,799,799,796,796,2828,0.008871989860582907
2023-07-26,898,898,700,798,82,0.002512562814070307
2023-07-27,898,898,720,830,45,0.040100250626566414
2023-07-28,827,827,809,809,544,-0.025301204819277112
2023-07-31,900,900,700,839,27,0.03708281829419047
2023-08-01,897,897,720,829,60,-0.011918951132300348
2023-08-02,900,900,705,800,2019,-0.0349819059107358
2023-08-03,898,898,750,830,303,0.03750000000000009
2023-08-04,898,898,800,800,372,-0.03614457831325302
2023-08-07,898,899,700,799,94,-0.0012499999999999734
2023-08-08,890,890,700,864,58,0.081351689612015
2023-08-09,899,899,798,799,313,-0.07523148148148151
2023-08-10,899,899,780,799,1016,0.0
2023-08-11,910,910,760,814,303,0.018773466833541974
2023-08-14,930,930,800,800,22,-0.017199017199017175
2023-08-16,895,895,700,780,412,-0.025000000000000022
2023-08-17,883,883,663,780,572,0.0
2023-08-18,800,849,800,849,11,0.08846153846153837
2023-08-21,910,910,798,798,49,-0.060070671378091856
2023-08-22,895,895,700,789,5,-0.011278195488721776
2023-08-23,899,899,700,799,341,0.012674271229404344
2023-08-24,890,890,700,790,200,-0.01126408010012514
2023-08-25,899,899,780,785,162,-0.006329113924050667
2023-08-28,902,902,790,790,252,0.006369426751592355
2023-08-29,900,900,730,780,739,-0.012658227848101222
2023-08-30,889,889,710,800,3556,0.02564102564102555
2023-08-31,898,898,789,789,90,-0.01375000000000004
2023-09-01,889,889,700,778,3260,-0.013941698352344711
2023-09-04,799,800,730,785,29,0.008997429305912519
2023-09-05,880,880,700,770,779,-0.019108280254777066
2023-09-06,780,780,700,730,1635,-0.051948051948051965
2023-09-07,778,778,778,778,1,0.0657534246575342
2023-09-08,780,780,700,750,702,-0.03598971722365041
2023-09-11,701,785,701,749,191438,-0.0013333333333332975
2023-09-12,799,799,700,760,1679,0.014686248331108098
2023-09-13,790,790,661,666,494,-0.12368421052631584
2023-09-14,759,759,757,757,3,0.13663663663663672
2023-09-15,798,798,749,749,16,-0.010568031704095149
2023-09-18,859,859,780,780,25,0.041388518024032095
2023-09-19,799,799,700,750,91743,-0.038461538461538436
2023-09-20,750,750,700,730,309,-0.026666666666666616
2023-09-21,748,748,745,745,9,0.020547945205479534
2023-09-22,798,798,650,749,106,0.005369127516778427
2023-09-25,790,790,774,774,2,0.03337783711615483
2023-09-26,800,800,789,789,4,0.019379844961240345
2023-09-27,799,799,672,749,224,-0.05069708491761726
2023-10-04,799,799,750,750,54,0.001335113484646211
2023-10-05,640,750,640,750,2,0.0
2023-10-06,799,799,640,750,5,0.0
2023-10-10,749,749,749,749,3,-0.0013333333333332975
2023-10-11,799,799,637,700,667,-0.06542056074766356
2023-10-12,799,799,595,708,2430,0.011428571428571344
2023-10-13,749,749,699,700,168,-0.011299435028248594
2023-10-16,798,798,798,798,1,0.1399999999999999
2023-10-17,800,800,679,679,698,-0.14912280701754388
2023-10-18,778,778,600,735,325124,0.08247422680412364
2023-10-19,800,845,625,800,1326,0.08843537414965996
2023-10-20,895,895,700,750,73,-0.0625
2023-10-23,799,799,799,799,1,0.06533333333333324
2023-10-24,700,739,680,739,1002,-0.07509386733416767
2023-10-25,785,785,785,785,1,0.06224627875507438
2023-10-26,780,780,780,780,0,-0.006369426751592355
2023-10-27,779,779,663,779,7,-0.0012820512820512775
2023-10-30,780,780,663,775,24,-0.005134788189987138
2023-10-31,800,890,660,775,22,0.0
2023-11-01,790,790,790,790,1,0.019354838709677358
2023-11-02,785,790,785,790,13,0.0
2023-11-03,884,884,672,789,153,-0.0012658227848101333
2023-11-06,885,885,671,820,509,0.03929024081115329
2023-11-07,850,850,700,800,13,-0.024390243902439046
2023-11-08,840,840,700,840,22,0.050000000000000044
2023-11-09,820,820,799,800,680,-0.04761904761904767
2023-11-10,820,820,700,815,12,0.018750000000000044
2023-11-13,840,840,700,805,52,-0.012269938650306789
2023-11-14,829,829,829,829,72,0.029813664596273215
2023-11-15,849,849,710,780,12,-0.059107358262967424
2023-11-16,770,770,663,770,14,-0.012820512820512775
2023-11-17,795,849,700,785,32,0.01948051948051943
2023-11-20,780,780,770,770,12,-0.019108280254777066
2023-11-21,796,796,796,796,1,0.033766233766233666
2023-11-22,790,850,700,750,40,-0.05778894472361806
2023-11-23,785,785,745,745,3,-0.00666666666666671
2023-11-24,785,785,680,735,1136,-0.01342281879194629
2023-11-27,785,785,630,735,1127,0.0
2023-11-28,790,790,790,790,1,0.0748299319727892
2023-11-29,790,795,672,730,693,-0.07594936708860756
2023-11-30,700,730,623,720,16,-0.013698630136986356
2023-12-01,749,749,699,699,294,-0.029166666666666674
2023-12-04,763,763,709,709,3,0.014306151645207432
2023-12-05,708,747,603,714,1597,0.007052186177715081
2023-12-06,689,710,689,710,42,-0.0056022408963585235
2023-12-07,779,779,605,700,714,-0.014084507042253502
2023-12-08,695,777,602,696,524,-0.005714285714285672
2023-12-11,689,746,605,709,376,0.018678160919540332
2023-12-12,748,748,611,725,27,0.02256699576868826
2023-12-13,755,755,620,739,70,0.0193103448275862
2023-12-14,735,735,630,720,115,-0.025710419485791558
2023-12-15,755,755,621,621,103,-0.13749999999999996
2023-12-18,695,713,610,698,21,0.12399355877616758
2023-12-19,690,699,690,697,143,-0.0014326647564469885
2023-12-20,685,686,680,686,252,-0.015781922525107572
2023-12-21,680,690,680,690,102,0.005830903790087438
2023-12-22,739,739,600,699,3031,0.01304347826086949
2023-12-26,746,746,595,714,11850,0.02145922746781115
2023-12-27,685,685,607,682,16890,-0.0448179271708683
2023-12-28,696,696,696,696,11,0.02052785923753664
2024-01-02,700,700,600,699,41,0.004310344827586299
2024-01-03,718,718,707,707,732,0.011444921316166035
2024-01-04,707,724,630,649,3560,-0.08203677510608198
2024-01-05,685,690,630,650,286,0.0015408320493066618
2024-01-08,670,700,670,680,1019,0.04615384615384621
2024-01-09,720,720,680,680,35,0.0
2024-01-10,724,724,578,678,1319,-0.002941176470588225
2024-01-11,689,689,591,658,113,-0.029498525073746285
2024-01-12,700,700,689,689,5,0.04711246200607899
2024-01-15,699,700,699,700,11,0.0159651669085632
2024-01-16,680,680,606,650,176,-0.0714285714285714
2024-01-17,695,695,580,687,14,0.056923076923076854
2024-01-18,695,695,689,689,3,0.0029112081513829047
2024-01-19,697,697,697,697,1,0.011611030478954953
2024-01-22,700,700,597,695,67,-0.0028694404591105283
2024-01-23,695,717,650,690,96,-0.007194244604316502
2024-01-24,715,715,700,700,3,0.01449275362318847
2024-01-25,709,709,698,698,26,-0.0028571428571428914
2024-01-26,715,715,600,600,31,-0.1404011461318052
2024-01-29,689,689,601,679,15,0.1316666666666666
2024-01-30,714,714,698,698,22,0.027982326951399017
2024-01-31,710,710,703,703,100,0.007163323782235054
2024-02-01,714,714,598,629,3638,-0.10526315789473684
2024-02-02,650,650,640,640,4,0.01748807631160565
2024-02-05,695,695,560,678,301,0.059374999999999956
2024-02-06,699,699,688,688,22,0.014749262536873253
2024-02-07,688,695,688,691,103,0.0043604651162789665
2024-02-08,699,699,697,697,75,0.00868306801736618
2024-02-13,699,699,694,694,211,-0.004304160688665681
2024-02-14,699,699,600,692,149,-0.0028818443804035088
2024-02-15,695,695,601,676,32309,-0.023121387283236983
2024-02-16,601,696,601,679,259,0.004437869822485174
2024-02-19,695,695,600,630,55,-0.07216494845360821
2024-02-20,570,695,570,692,225,0.09841269841269851
2024-02-21,692,694,596,691,820,-0.0014450867052022698
2024-02-22,691,695,600,650,45,-0.05933429811866864
2024-02-23,699,699,553,628,5553,-0.03384615384615386
2024-02-26,600,699,555,575,696,-0.08439490445859876
2024-02-27,649,649,630,630,101,0.09565217391304337
2024-02-28,698,698,536,636,3236,0.00952380952380949
2024-02-29,560,618,560,617,125,-0.029874213836478036
2024-03-04,609,609,525,597,570,-0.03241491085899517
2024-03-05,515,599,515,599,3709,0.003350083752093891
2024-03-06,600,680,511,649,194,0.08347245409015036
2024-03-07,668,668,552,580,1163,-0.10631741140215711
2024-03-08,599,599,501,575,811,-0.008620689655172376
2024-03-11,579,579,489,578,1312,0.00521739130434784
2024-03-12,599,599,505,569,415,-0.01557093425605538
2024-03-13,587,587,502,505,203,-0.11247803163444636
2024-03-14,530,530,430,517,7279,0.023762376237623783
2024-03-15,569,569,451,543,28,0.05029013539651839
2024-03-18,543,599,462,529,787,-0.025782688766114226
2024-03-19,578,578,450,450,1024,-0.1493383742911153
2024-03-20,460,499,383,490,1824,0.0888888888888888
2024-03-21,490,559,417,489,400,-0.0020408163265306367
2024-03-22,516,516,416,483,6801,-0.012269938650306789
2024-03-25,499,499,411,456,18919,-0.05590062111801242
2024-03-26,456,489,388,477,36563,0.046052631578947345
2024-03-27,407,500,407,500,1933,0.048218029350104885
2024-03-28,499,530,430,530,738,0.06000000000000005
2024-03-29,600,600,454,555,1753,0.04716981132075482
2024-04-01,600,610,530,610,2776,0.0990990990990992
2024-04-02,609,609,609,609,3,-0.0016393442622950616
2024-04-03,609,609,609,609,11,0.0
2024-04-04,610,610,521,610,1089,0.0016420361247948545
2024-04-05,615,615,615,615,81,0.008196721311475308
2024-04-08,707,707,523,650,721,0.05691056910569103
2024-04-09,650,650,642,645,155,-0.007692307692307665
2024-04-11,650,650,550,649,365,0.006201550387596955
2024-04-12,600,700,552,700,1468,0.07858243451463798
2024-04-15,700,700,675,700,1004,0.0
2024-04-16,700,700,600,695,285,-0.0071428571428571175
2024-04-17,700,700,700,700,1,0.007194244604316502
2024-04-18,799,799,601,769,232,0.09857142857142853
2024-04-19,795,795,654,770,14,0.0013003901170351995
2024-04-22,769,769,769,769,1,-0.0012987012987012436
2024-04-23,770,770,654,764,22,-0.006501950585175553
2024-04-24,769,769,650,758,24,-0.007853403141361293
2024-04-25,790,790,645,719,27,-0.05145118733509235
2024-04-26,755,755,620,749,25,0.041724617524339314
2024-04-29,759,759,640,749,6,0.0
2024-04-30,790,790,640,749,4,0.0
2024-05-02,749,749,749,749,1,0.0
2024-05-03,861,861,637,790,32,0.05473965287049398
2024-05-07,800,908,672,848,108,0.07341772151898729
2024-05-08,889,889,721,721,148,-0.14976415094339623
2024-05-09,800,800,620,699,272,-0.030513176144244092
2024-05-10,780,780,780,780,21,0.11587982832618016
2024-05-13,800,800,663,720,40,-0.07692307692307687
2024-05-14,827,827,730,730,2,0.01388888888888884
2024-05-16,800,800,699,699,92,-0.042465753424657526
2024-05-17,699,790,699,781,93,0.11731044349070108
2024-05-20,898,898,700,759,266,-0.028169014084507005
2024-05-21,778,778,719,719,31,-0.05270092226613965
2024-05-22,800,800,699,699,27,-0.02781641168289295
2024-05-23,770,770,698,739,94,0.05722460658082973
2024-05-24,799,799,705,705,18,-0.046008119079837595
2024-05-27,780,780,705,705,56,0.0
2024-05-28,800,800,600,600,249,-0.14893617021276595
2024-05-29,690,690,510,510,365,-0.15000000000000002
2024-05-30,434,578,434,578,22210,0.1333333333333333
2024-05-31,578,578,492,492,427,-0.1487889273356401
2024-06-03,560,560,419,419,17164,-0.14837398373983735
2024-06-04,357,459,357,430,35281,0.026252983293556076
2024-06-05,434,434,366,431,15,0.0023255813953488857
2024-06-07,439,439,367,430,1102,-0.002320185614849146
2024-06-10,430,480,366,480,19306,0.11627906976744184
2024-06-11,499,499,411,499,363,0.039583333333333304
2024-06-12,508,508,425,426,258,-0.14629258517034072
2024-06-13,480,480,390,469,135,0.10093896713615025
2024-06-14,534,539,401,530,571,0.13006396588486147
2024-06-17,585,585,500,579,54,0.09245283018867934
2024-06-18,665,665,493,493,153,-0.14853195164075994
2024-06-19,560,560,498,556,322,0.12778904665314395
2024-06-20,639,639,475,569,1065,0.023381294964028854
2024-06-21,654,654,500,640,64,0.12478031634446407
2024-06-24,700,700,600,600,46,-0.0625
2024-06-25,690,690,510,687,563,0.14500000000000002
2024-06-26,780,780,755,755,13,0.0989810771470161
2024-06-27,795,795,642,719,1825,-0.04768211920529797
2024-06-28,826,826,700,787,112,0.09457579972183594
2024-07-01,905,905,669,800,2288,0.016518424396442244
2024-07-02,900,900,680,799,287,-0.0012499999999999734
2024-07-03,798,798,680,736,1408,-0.07884856070087609
2024-07-04,829,829,700,799,163,0.08559782608695654
2024-07-05,800,800,680,796,135,-0.003754693366708417
2024-07-08,799,799,799,799,36,0.0037688442211054607
2024-07-09,890,890,680,769,405,-0.03754693366708384
2024-07-10,799,799,655,760,64,-0.011703511053316018
2024-07-11,795,795,646,777,133,0.022368421052631593
2024-07-12,870,870,661,740,65,-0.04761904761904767
2024-07-15,740,740,630,630,32,-0.14864864864864868
2024-07-16,536,700,536,698,941,0.107936507936508
2024-07-17,700,700,700,700,36,0.002865329512893977
2024-07-18,700,700,700,700,1,0.0
2024-07-19,699,699,650,690,49,-0.014285714285714235
2024-07-22,700,700,587,677,1438,-0.018840579710144967
2024-07-23,700,700,576,581,383,-0.14180206794682426
2024-07-24,650,650,494,580,10662,-0.0017211703958691649
2024-07-25,598,598,500,585,378,0.008620689655172376
2024-07-26,655,655,500,590,73,0.008547008547008517
2024-07-29,675,675,595,614,103,0.04067796610169494
2024-07-30,660,660,522,522,62,-0.14983713355048855
2024-07-31,599,599,500,578,224,0.10727969348659006
2024-08-01,600,645,550,550,30,-0.04844290657439443
2024-08-02,632,632,500,500,170,-0.09090909090909094
2024-08-05,500,575,485,550,1083,0.10000000000000009
2024-08-06,590,590,590,590,1,0.07272727272727275
2024-08-07,678,678,502,509,429,-0.13728813559322028
2024-08-08,585,585,433,560,2829,0.10019646365422408
2024-08-09,500,630,476,580,1654,0.03571428571428581
2024-08-12,600,650,500,630,113,0.0862068965517242
2024-08-13,649,649,536,600,230,-0.04761904761904767
2024-08-14,599,599,546,550,34,-0.08333333333333337
2024-08-16,600,600,598,598,203,0.08727272727272717
2024-08-19,600,670,509,640,250,0.07023411371237454
2024-08-20,650,650,544,645,12,0.0078125
2024-08-21,650,650,550,620,72,-0.03875968992248058
2024-08-22,699,699,530,599,127,-0.03387096774193543
2024-08-23,590,590,510,580,413,-0.03171953255425708
2024-08-26,580,580,570,570,2,-0.017241379310344862
2024-08-27,600,600,485,485,50,-0.14912280701754388
2024-08-28,500,500,430,490,7389,0.010309278350515427
2024-08-29,490,500,420,500,2424,0.020408163265306145
2024-08-30,575,575,430,499,3697,-0.0020000000000000018
2024-09-02,573,573,440,556,2004,0.11422845691382766
2024-09-03,597,597,500,583,1286,0.04856115107913661
2024-09-04,600,600,600,600,1,0.029159519725557415
2024-09-05,645,645,510,586,23,-0.023333333333333317
2024-09-06,600,600,600,600,1,0.023890784982935065
2024-09-09,600,600,510,580,33,-0.033333333333333326
2024-09-10,595,595,595,595,1,0.02586206896551735
2024-09-11,599,599,594,598,32,0.005042016806722671
2024-09-12,599,649,510,635,54,0.061872909698996725
2024-09-13,650,650,650,650,1,0.023622047244094446
2024-09-19,648,648,553,610,12,-0.06153846153846154
2024-09-20,599,599,599,599,1,-0.0180327868852459
2024-09-23,600,600,600,600,1,0.0016694490818029983
2024-09-24,599,599,596,596,16,-0.00666666666666671
2024-09-25,596,596,595,595,11,-0.001677852348993314
2024-09-26,595,595,595,595,1,0.0
2024-09-27,595,595,595,595,1,0.0
2024-09-30,599,684,510,649,1068,0.0907563025210083
2024-10-02,650,650,650,650,1,0.0015408320493066618
2024-10-04,649,649,553,619,15,-0.0476923076923077
2024-10-07,640,640,540,630,33,0.017770597738287597
2024-10-08,650,650,536,600,17,-0.04761904761904767
2024-10-10,600,600,510,595,1165,-0.008333333333333304
2024-10-11,595,595,594,594,4,-0.001680672268907557
2024-10-14,600,600,600,600,1,0.010101010101010166
2024-10-15,595,595,595,595,2,-0.008333333333333304
2024-10-16,600,649,506,506,34,-0.14957983193277313
2024-10-17,575,575,573,573,2,0.1324110671936758
2024-10-18,595,595,498,585,1040,0.020942408376963373
2024-10-21,595,595,595,595,1,0.017094017094017033
2024-10-22,599,599,506,594,3,-0.001680672268907557
2024-10-23,649,649,510,595,425,0.0016835016835017313
2024-10-24,600,600,593,594,3,-0.001680672268907557
2024-10-25,649,649,510,595,24,0.0016835016835017313
2024-10-28,600,600,595,595,51,0.0
2024-10-29,599,599,599,599,1,0.006722689075630228
2024-10-30,600,680,510,595,34,-0.006677796327211993
2024-10-31,590,590,588,588,81,-0.0117647058823529
2024-11-01,595,595,595,595,1,0.011904761904761862
2024-11-04,600,600,593,594,471,-0.001680672268907557
2024-11-05,600,680,505,595,74,0.0016835016835017313
2024-11-06,600,684,510,645,38,0.08403361344537807
2024-11-07,699,699,549,640,12,-0.007751937984496138
2024-11-08,598,598,598,598,1,-0.06562500000000004
2024-11-11,600,650,510,595,52,-0.0050167224080267525
2024-11-12,595,595,595,595,1,0.0
2024-11-13,594,594,594,594,62,-0.001680672268907557
2024-11-14,600,600,505,595,163,0.0016835016835017313
2024-11-15,600,649,510,615,28,0.03361344537815136
2024-11-18,599,599,599,599,81,-0.026016260162601612
2024-11-19,599,599,592,592,61,-0.011686143572620988
2024-11-20,599,599,599,599,1,0.011824324324324342
2024-11-21,599,599,510,589,3423,-0.016694490818030094
2024-11-22,595,595,594,594,7,0.008488964346349714
2024-11-25,682,682,682,682,1,0.14814814814814814
2024-11-26,650,650,650,650,1,-0.04692082111436946
2024-11-27,600,699,600,680,63,0.04615384615384621
2024-11-28,650,650,578,649,12,-0.045588235294117596
2024-11-29,599,599,589,590,575,-0.09090909090909094
2024-12-02,600,648,600,648,11,0.09830508474576272
2024-12-03,645,645,551,644,23,-0.006172839506172867
2024-12-04,700,700,650,650,12,0.009316770186335477
2024-12-05,649,649,648,648,61,-0.003076923076923088
2024-12-06,551,599,551,590,121,-0.08950617283950613
2024-12-09,595,595,595,595,1,0.008474576271186418
2024-12-10,600,600,600,600,1,0.008403361344537785
2024-12-11,600,600,600,600,1,0.0
2024-12-12,595,645,510,635,75,0.05833333333333335
2024-12-13,699,699,699,699,1,0.10078740157480315
2024-12-16,649,649,598,598,83,-0.14449213161659513
2024-12-17,648,648,509,599,14,0.0016722408026756952
2024-12-18,640,640,510,599,365,0.0
2024-12-19,600,647,600,647,13,0.08013355592654414
2024-12-20,640,640,550,595,12,-0.08037094281298296
2024-12-23,600,600,600,600,1,0.008403361344537785
2024-12-24,640,640,510,625,129,0.04166666666666674
2024-12-26,595,595,532,589,314,-0.057599999999999985
2024-12-27,600,600,600,600,1,0.018675721561969505
2024-12-30,645,645,510,600,23,0.0
2025-01-02,589,589,589,589,100,-0.018333333333333313
2025-01-03,600,600,589,589,2,0.0
2025-01-06,640,640,501,635,22,0.07809847198641773
2025-01-07,640,640,640,640,11,0.007874015748031482
2025-01-08,640,640,544,635,212,-0.0078125
2025-01-09,600,700,540,600,49,-0.055118110236220486
2025-01-10,560,594,560,594,16,-0.010000000000000009
2025-01-13,600,600,589,589,6,-0.008417508417508435
