Date,Open,High,Low,Close,Volume,Change
2022-01-03,1110,1120,1100,1110,210825,0.0
2022-01-04,1105,1115,1090,1110,301484,0.0
2022-01-05,1110,1130,1105,1120,414365,0.009009009009008917
2022-01-06,1115,1145,1110,1115,629108,-0.004464285714285698
2022-01-07,1110,1130,1110,1120,212981,0.004484304932735439
2022-01-10,1120,1130,1095,1105,388600,-0.013392857142857095
2022-01-11,1105,1105,1060,1070,599957,-0.03167420814479638
2022-01-12,1080,1100,1075,1085,657812,0.014018691588784993
2022-01-13,1085,1130,1085,1115,550206,0.02764976958525356
2022-01-14,1110,1120,1090,1090,215695,-0.022421524663677084
2022-01-17,1095,1105,1065,1070,371097,-0.01834862385321101
2022-01-18,1065,1080,1035,1050,697870,-0.01869158878504673
2022-01-19,1045,1050,1025,1025,389472,-0.023809523809523836
2022-01-20,1020,1050,1020,1045,285542,0.019512195121951237
2022-01-21,1040,1050,1025,1030,256698,-0.014354066985645897
2022-01-24,1030,1235,1030,1130,11819446,0.09708737864077666
2022-01-25,1145,1155,1060,1090,2971238,-0.03539823008849563
2022-01-26,1095,1205,1095,1140,9209250,0.04587155963302747
2022-01-27,1140,1140,1040,1050,3078708,-0.07894736842105265
2022-01-28,1055,1080,1035,1060,1223617,0.00952380952380949
2022-02-03,1065,1110,1065,1090,1428680,0.028301886792452935
2022-02-04,1100,1190,1095,1190,5240915,0.09174311926605494
2022-02-07,1190,1200,1160,1190,1951853,0.0
2022-02-08,1215,1335,1170,1185,10642201,-0.004201680672268893
2022-02-09,1190,1210,1180,1195,940276,0.00843881856540074
2022-02-10,1205,1210,1155,1175,1141506,-0.01673640167364021
2022-02-11,1150,1260,1150,1205,11960210,0.025531914893617058
2022-02-14,1245,1300,1135,1150,9470377,-0.0456431535269709
2022-02-15,1170,1365,1170,1300,71983955,0.13043478260869557
2022-02-16,1160,1205,1100,1195,9888106,-0.08076923076923082
2022-02-17,1195,1260,1170,1220,13310168,0.02092050209205021
2022-02-18,1245,1280,1200,1200,8598023,-0.016393442622950838
2022-02-21,1245,1265,1200,1205,5176943,0.004166666666666652
2022-02-22,1230,1325,1210,1285,26690922,0.06639004149377592
2022-02-23,1310,1330,1235,1250,12141172,-0.027237354085603127
2022-02-24,1275,1370,1270,1335,25221111,0.06800000000000006
2022-02-25,1260,1320,1210,1245,11838276,-0.0674157303370787
2022-02-28,1260,1275,1210,1220,3722777,-0.02008032128514059
2022-03-02,1250,1300,1250,1285,9048937,0.05327868852459017
2022-03-03,1280,1300,1255,1265,3827359,-0.015564202334630295
2022-03-04,1285,1430,1275,1330,38295606,0.05138339920948609
2022-03-07,1360,1440,1350,1425,19474864,0.0714285714285714
2022-03-08,1415,1455,1295,1305,10778381,-0.08421052631578951
2022-03-10,1260,1340,1220,1285,6234753,-0.01532567049808431
2022-03-11,1305,1315,1255,1260,2334724,-0.01945525291828798
2022-03-14,1270,1325,1270,1280,3551746,0.015873015873015817
2022-03-15,1300,1330,1245,1275,4903020,-0.00390625
2022-03-16,1290,1295,1250,1260,1962673,-0.0117647058823529
2022-03-17,1255,1255,1210,1230,2604909,-0.023809523809523836
2022-03-18,1235,1290,1230,1265,4935779,0.028455284552845628
2022-03-21,1280,1370,1265,1345,10081031,0.06324110671936767
2022-03-22,1360,1445,1355,1380,14613793,0.026022304832713727
2022-03-23,1385,1415,1350,1395,4924253,0.010869565217391353
2022-03-24,1430,1480,1355,1360,13278338,-0.02508960573476704
2022-03-25,1370,1380,1330,1330,2696954,-0.022058823529411797
2022-03-28,1360,1395,1330,1350,3312296,0.015037593984962516
2022-03-29,1365,1370,1285,1295,3343843,-0.040740740740740744
2022-03-30,1280,1295,1260,1265,1871468,-0.02316602316602312
2022-03-31,1295,1340,1295,1310,2951432,0.035573122529644285
2022-04-01,1315,1355,1310,1345,2149088,0.026717557251908497
2022-04-04,1360,1390,1315,1330,3090776,-0.01115241635687736
2022-04-05,1355,1360,1315,1335,1588726,0.003759398496240518
2022-04-06,1355,1430,1340,1420,11544541,0.06367041198501866
2022-04-07,1405,1475,1335,1340,7259627,-0.05633802816901412
2022-04-08,1365,1390,1305,1315,2081263,-0.018656716417910446
2022-04-11,1325,1445,1325,1445,10599156,0.09885931558935357
2022-04-12,1450,1455,1365,1390,5939196,-0.03806228373702425
2022-04-13,1390,1445,1365,1410,2948737,0.014388489208633004
2022-04-14,1400,1450,1395,1405,4228767,-0.0035460992907800915
2022-04-15,1410,1480,1410,1440,9770697,0.02491103202846978
2022-04-18,1465,1870,1445,1870,104003221,0.29861111111111116
2022-04-19,1890,1900,1735,1825,97134088,-0.024064171122994638
2022-04-20,1830,1885,1760,1770,42164704,-0.03013698630136985
2022-04-21,1785,1855,1710,1805,27519814,0.019774011299435124
2022-04-22,1780,2275,1775,2130,180168182,0.18005540166204992
2022-04-25,2050,2265,2040,2120,52254575,-0.0046948356807511304
2022-04-26,2150,2230,2030,2155,30910813,0.01650943396226423
2022-04-27,2275,2710,2105,2160,122436738,0.002320185614849146
2022-04-28,2195,2260,1905,2055,46371460,-0.04861111111111116
2022-04-29,2040,2120,1980,2065,13903029,0.0048661800486617945
2022-05-02,2080,2420,2080,2315,94425679,0.12106537530266337
2022-05-03,2400,2435,2210,2215,22964579,-0.043196544276457916
2022-05-04,2245,2250,2005,2005,14034168,-0.09480812641083525
2022-05-06,2005,2085,1845,1905,14871961,-0.04987531172069826
2022-05-09,1900,2095,1880,2010,29777074,0.055118110236220375
2022-05-10,2075,2150,1915,1925,20918149,-0.04228855721393032
2022-05-11,1940,2005,1860,1980,12650984,0.02857142857142847
2022-05-12,1960,1990,1745,1770,9616180,-0.10606060606060608
2022-05-13,1825,1830,1715,1735,8808247,-0.019774011299435013
2022-05-16,2100,2255,2010,2255,67748298,0.2997118155619596
2022-05-17,2415,2465,2070,2150,90241476,-0.04656319290465627
2022-05-18,2120,2665,2100,2450,247564251,0.13953488372093026
2022-05-19,2345,2550,2275,2345,69328913,-0.042857142857142816
2022-05-20,2435,2765,2420,2540,135626889,0.08315565031982941
2022-05-23,2450,2455,2290,2310,18472788,-0.09055118110236215
2022-05-24,2310,2365,2160,2180,16181531,-0.05627705627705626
2022-05-25,2170,2245,2105,2170,13733806,-0.004587155963302725
2022-05-26,2135,2150,2045,2060,11395130,-0.05069124423963134
2022-05-27,2110,2285,2070,2095,32358945,0.016990291262136026
2022-05-30,2115,2275,2110,2180,23678916,0.04057279236276856
2022-05-31,2225,2250,2110,2140,8943868,-0.01834862385321101
2022-06-02,2095,2195,2080,2110,7589547,-0.014018691588784993
2022-06-03,2095,2130,2045,2050,4697399,-0.028436018957345932
2022-06-07,2090,2155,2045,2070,7926198,0.009756097560975618
2022-06-08,2090,2095,1985,2000,4919767,-0.033816425120772986
2022-06-09,1995,1995,1915,1970,6822394,-0.015000000000000013
2022-06-10,1960,2055,1945,1985,9004864,0.0076142131979695105
2022-06-13,2020,2120,1995,2035,21820739,0.025188916876574208
2022-06-14,1965,1995,1775,1815,9821353,-0.10810810810810811
2022-06-15,1810,1925,1730,1750,13764527,-0.03581267217630857
2022-06-16,1780,1870,1750,1825,10427837,0.04285714285714293
2022-06-17,1975,1990,1765,1795,13820182,-0.016438356164383605
2022-06-20,1795,1895,1785,1800,11231089,0.0027855153203342198
2022-06-21,1820,1865,1780,1845,6551808,0.02499999999999991
2022-06-22,1800,1915,1760,1760,10059767,-0.046070460704607075
2022-06-23,1725,1740,1525,1560,8962783,-0.11363636363636365
2022-06-24,1595,1635,1545,1615,7305441,0.03525641025641035
2022-06-27,1610,1745,1610,1725,6968536,0.06811145510835903
2022-06-28,1730,1780,1660,1695,4467078,-0.017391304347826098
2022-06-29,1710,1750,1660,1660,5567675,-0.020648967551622377
2022-06-30,1665,1665,1605,1635,3818175,-0.015060240963855387
2022-07-01,1610,1625,1515,1540,3409759,-0.05810397553516822
2022-07-04,1550,1595,1485,1515,3816341,-0.016233766233766267
2022-07-05,1515,1565,1515,1560,2811562,0.02970297029702973
2022-07-06,1550,1555,1480,1520,2827011,-0.02564102564102566
2022-07-07,1610,1720,1535,1545,16818401,0.016447368421052655
2022-07-08,1560,1670,1545,1600,14727759,0.03559870550161803
2022-07-11,1605,1605,1540,1570,3792123,-0.018750000000000044
2022-07-12,1540,1620,1490,1490,5513045,-0.05095541401273884
2022-07-13,1475,1505,1445,1480,2934389,-0.006711409395973145
2022-07-14,1465,1475,1440,1445,2305251,-0.023648648648648685
2022-07-15,1440,1450,1375,1420,2202805,-0.01730103806228378
2022-07-18,1420,1455,1420,1450,2162957,0.021126760563380254
2022-07-19,1445,1465,1425,1450,2165252,0.0
2022-07-20,1465,1475,1435,1450,2665410,0.0
2022-07-21,1455,1475,1445,1450,2024584,0.0
2022-07-22,1455,1460,1390,1405,3759430,-0.03103448275862064
2022-07-25,1410,1420,1395,1410,1839664,0.003558718861210064
2022-07-26,1410,1435,1405,1410,1879003,0.0
2022-07-27,1420,1430,1390,1390,1471563,-0.014184397163120588
2022-07-28,1395,1405,1365,1370,1842539,-0.014388489208633115
2022-07-29,1375,1440,1365,1430,5593540,0.04379562043795615
2022-08-01,1430,1435,1405,1415,1760578,-0.010489510489510523
2022-08-02,1420,1425,1385,1395,1845373,-0.014134275618374548
2022-08-03,1390,1450,1380,1415,4229450,0.014336917562723928
2022-08-04,1425,1430,1385,1385,1783911,-0.021201413427561877
2022-08-05,1395,1415,1390,1395,1598702,0.0072202166064982976
2022-08-08,1395,1400,1355,1365,2054653,-0.021505376344086002
2022-08-09,1380,1390,1365,1370,1238223,0.00366300366300365
2022-08-10,1375,1385,1345,1345,2170518,-0.018248175182481785
2022-08-11,1355,1375,1350,1365,1482779,0.014869888475836479
2022-08-12,1375,1430,1370,1400,3892136,0.02564102564102555
2022-08-16,1400,1415,1380,1410,1876916,0.0071428571428571175
2022-08-17,1425,1475,1405,1435,8559238,0.01773049645390068
2022-08-18,1455,1475,1405,1415,4368874,-0.013937282229965153
2022-08-19,1415,1465,1400,1445,4273203,0.021201413427561766
2022-08-22,1495,1530,1460,1475,17399047,0.02076124567474058
2022-08-23,1515,1550,1420,1435,9074699,-0.027118644067796627
2022-08-24,1450,1460,1410,1425,2318158,-0.006968641114982632
2022-08-25,1435,1460,1430,1460,2431963,0.024561403508772006
2022-08-26,1460,1500,1435,1480,4058757,0.013698630136986356
2022-08-29,1520,1550,1445,1455,6838236,-0.016891891891891886
2022-08-30,1470,1490,1430,1450,2292084,-0.0034364261168384758
2022-08-31,1425,1440,1420,1420,1406852,-0.020689655172413834
2022-09-01,1410,1445,1370,1375,2494662,-0.03169014084507038
2022-09-02,1380,1385,1320,1335,2196214,-0.029090909090909056
2022-09-05,1315,1350,1300,1310,1940791,-0.01872659176029967
2022-09-06,1310,1330,1305,1315,1060223,0.003816793893129722
2022-09-07,1320,1325,1245,1255,2439580,-0.04562737642585546
2022-09-08,1285,1360,1285,1295,4735698,0.031872509960159334
2022-09-13,1320,1340,1300,1335,1482924,0.030888030888030826
2022-09-14,1285,1355,1275,1345,2839324,0.0074906367041198685
2022-09-15,1360,1365,1335,1340,1515967,-0.0037174721189591198
2022-09-16,1320,1330,1270,1275,1325416,-0.04850746268656714
2022-09-19,1285,1330,1250,1260,2216461,-0.0117647058823529
2022-09-20,1260,1285,1260,1265,945559,0.003968253968253954
2022-09-21,1290,1375,1260,1280,5498629,0.011857707509881354
2022-09-22,1315,1445,1295,1380,22273891,0.078125
2022-09-23,1395,1415,1265,1270,7563009,-0.07971014492753625
2022-09-26,1250,1305,1175,1175,5482441,-0.07480314960629919
2022-09-27,1155,1190,1100,1135,3244095,-0.03404255319148941
2022-09-28,1130,1195,1080,1085,5288008,-0.04405286343612336
2022-09-29,1115,1165,1115,1125,3904221,0.03686635944700467
2022-09-30,1135,1155,1075,1120,3172653,-0.004444444444444473
2022-10-04,1140,1165,1115,1160,1630874,0.03571428571428581
2022-10-05,1170,1200,1140,1155,3222392,-0.004310344827586188
2022-10-06,1200,1215,1160,1185,4048352,0.025974025974025983
2022-10-07,1170,1190,1145,1160,1485484,-0.021097046413502074
2022-10-11,1180,1200,1090,1120,3761796,-0.03448275862068961
2022-10-12,1105,1110,1055,1065,2623211,-0.049107142857142905
2022-10-13,1065,1070,1000,1020,3839815,-0.04225352112676062
2022-10-14,1045,1075,1035,1065,2008298,0.044117647058823595
2022-10-17,1040,1070,1025,1070,1299723,0.0046948356807512415
2022-10-18,1085,1090,1060,1075,1164732,0.004672897196261738
2022-10-19,1075,1085,1055,1055,1041327,-0.018604651162790753
2022-10-20,1050,1065,1025,1030,1275740,-0.023696682464455
2022-10-21,1025,1040,1000,1000,1643730,-0.029126213592232997
2022-10-24,1020,1050,1015,1035,1518844,0.03499999999999992
2022-10-25,1040,1050,1020,1030,1147799,-0.004830917874396157
2022-10-26,1035,1040,1000,1000,1990590,-0.029126213592232997
2022-10-27,1005,1025,1005,1020,1129222,0.020000000000000018
2022-10-28,1020,1035,1000,1015,787066,-0.004901960784313708
2022-10-31,1085,1085,1045,1045,4082663,0.029556650246305383
2022-11-01,1055,1080,1055,1065,1787166,0.019138755980861344
2022-11-02,1070,1070,1045,1050,1225666,-0.014084507042253502
2022-11-03,1025,1045,1015,1040,870732,-0.00952380952380949
2022-11-04,1035,1040,1025,1040,673491,0.0
2022-11-07,1065,1065,1030,1060,1071261,0.019230769230769162
2022-11-08,1060,1070,1050,1065,925937,0.004716981132075526
2022-11-09,1065,1080,1060,1070,989106,0.0046948356807512415
2022-11-10,1065,1080,1050,1060,864484,-0.009345794392523366
2022-11-11,1090,1135,1080,1080,6400454,0.018867924528301883
2022-11-14,1080,1110,1075,1085,1720196,0.004629629629629539
2022-11-15,1090,1105,1070,1100,1318119,0.01382488479262678
2022-11-16,1105,1145,1090,1095,3871495,-0.004545454545454519
2022-11-17,1090,1095,1060,1065,1462804,-0.0273972602739726
2022-11-18,1055,1075,1050,1050,821906,-0.014084507042253502
2022-11-21,1050,1060,1020,1025,1172843,-0.023809523809523836
2022-11-22,1020,1040,1020,1020,681097,-0.004878048780487809
2022-11-23,1025,1030,1015,1025,743180,0.004901960784313708
2022-11-24,1030,1045,1030,1035,730744,0.009756097560975618
2022-11-25,1035,1040,1020,1030,726068,-0.004830917874396157
2022-11-28,1030,1030,1005,1005,1232827,-0.024271844660194164
2022-11-29,1005,1015,1000,1010,689000,0.004975124378109541
2022-11-30,1010,1025,1010,1025,719496,0.014851485148514865
2022-12-01,1035,1045,1030,1035,929108,0.009756097560975618
2022-12-02,1035,1045,1030,1030,560811,-0.004830917874396157
2022-12-05,1040,1050,1030,1045,575226,0.014563106796116498
2022-12-06,1040,1045,1015,1020,653299,-0.02392344497607657
2022-12-07,1010,1050,1005,1020,991219,0.0
2022-12-08,1025,1035,1005,1010,841433,-0.009803921568627416
2022-12-09,1015,1030,1010,1025,645624,0.014851485148514865
2022-12-12,1025,1030,1015,1025,257912,0.0
2022-12-13,1030,1030,1005,1015,1036415,-0.009756097560975618
2022-12-14,1020,1030,1015,1030,548254,0.014778325123152802
2022-12-15,1025,1035,1020,1030,729066,0.0
2022-12-16,1015,1025,1010,1020,393745,-0.009708737864077666
2022-12-19,1020,1020,1010,1015,351931,-0.004901960784313708
2022-12-20,1010,1030,1000,1005,1198486,-0.009852216748768461
2022-12-21,1005,1015,1000,1005,478293,0.0
2022-12-22,1010,1025,1005,1020,562611,0.014925373134328401
2022-12-23,1010,1015,970,971,2492764,-0.04803921568627456
2022-12-26,971,975,931,932,1718507,-0.040164778578784754
2022-12-27,921,943,921,927,737941,-0.005364806866952843
2022-12-28,927,948,923,935,670773,0.008629989212513456
2022-12-29,935,936,896,902,1248504,-0.03529411764705881
2023-01-02,902,912,872,875,1011406,-0.029933481152993324
2023-01-03,865,889,828,869,2146263,-0.006857142857142895
2023-01-04,858,930,858,920,1931524,0.05868814729574234
2023-01-05,919,923,907,918,370488,-0.0021739130434782483
2023-01-06,905,925,904,919,398047,0.0010893246187364536
2023-01-09,919,947,919,947,576175,0.030467899891186034
2023-01-10,940,955,937,946,558991,-0.001055966209081327
2023-01-11,948,957,948,954,368128,0.008456659619450413
2023-01-12,956,971,947,960,831316,0.0062893081761006275
2023-01-13,970,980,958,964,594975,0.004166666666666652
2023-01-16,964,970,961,965,370994,0.0010373443983402453
2023-01-17,966,969,949,949,510795,-0.016580310880829008
2023-01-18,949,953,935,942,306122,-0.00737618545837726
2023-01-19,932,943,931,938,321371,-0.00424628450106157
2023-01-20,933,944,933,940,264282,0.002132196162046851
2023-01-25,940,956,939,951,395462,0.011702127659574568
2023-01-26,952,973,952,966,537647,0.01577287066246047
2023-01-27,981,989,963,967,453854,0.0010351966873705098
2023-01-30,968,990,965,969,872320,0.0020682523267838704
2023-01-31,960,969,954,955,431494,-0.014447884416924683
2023-02-01,957,990,957,977,721562,0.023036649214659644
2023-02-02,976,977,968,973,446844,-0.004094165813715467
2023-02-03,973,976,968,968,352494,-0.005138746145940343
2023-02-06,968,971,962,970,335115,0.0020661157024792765
2023-02-07,973,978,970,970,338506,0.0
2023-02-08,996,996,971,981,426407,0.01134020618556697
2023-02-09,980,981,971,972,528744,-0.00917431192660545
2023-02-10,973,973,949,954,800488,-0.01851851851851849
2023-02-13,965,972,951,955,478868,0.0010482180293500676
2023-02-14,953,960,951,953,301467,-0.0020942408376963817
2023-02-15,955,960,927,930,723429,-0.02413431269674715
2023-02-16,936,965,933,955,532271,0.026881720430107503
2023-02-17,954,965,946,952,302010,-0.003141361256544517
2023-02-20,951,961,943,957,425002,0.005252100840336116
2023-02-21,954,970,954,956,437456,-0.0010449320794148065
2023-02-22,955,984,950,971,2287398,0.01569037656903771
2023-02-23,972,977,960,967,597491,-0.004119464469618972
2023-02-24,967,967,948,951,835024,-0.016546018614270963
2023-02-27,951,951,920,929,856053,-0.023133543638275467
2023-02-28,930,945,929,929,588442,0.0
2023-03-02,931,937,927,928,355438,-0.0010764262648008671
2023-03-03,930,976,927,971,1854009,0.046336206896551824
2023-03-06,972,990,957,979,1263494,0.008238928939237944
2023-03-07,979,993,971,983,834560,0.004085801838610736
2023-03-08,973,1013,971,1005,1696970,0.02238046795523907
2023-03-09,1005,1010,981,1010,1128544,0.004975124378109541
2023-03-10,992,1006,980,982,779447,-0.027722772277227747
2023-03-13,973,999,965,987,1071669,0.005091649694501044
2023-03-14,974,987,932,933,1451723,-0.054711246200607855
2023-03-15,937,952,937,944,428338,0.011789924973204746
2023-03-16,931,944,925,930,549305,-0.014830508474576232
2023-03-17,935,947,932,944,355825,0.01505376344086029
2023-03-20,941,949,934,934,287093,-0.010593220338983023
2023-03-21,936,942,924,925,542129,-0.009635974304068484
2023-03-22,927,931,920,925,597491,0.0
2023-03-23,923,938,910,918,764652,-0.007567567567567601
2023-03-24,918,953,909,950,836495,0.034858387799564294
2023-03-27,940,951,930,950,832587,0.0
2023-03-28,950,957,935,956,397055,0.006315789473684275
2023-03-29,955,967,949,962,580781,0.006276150627614996
2023-03-30,963,978,958,972,430668,0.01039501039501034
2023-03-31,973,977,960,967,366155,-0.005144032921810648
2023-04-03,969,993,965,990,813113,0.02378490175801451
2023-04-04,994,1005,986,1000,1018512,0.010101010101010166
2023-04-05,1002,1017,988,1013,996545,0.0129999999999999
2023-04-06,1010,1018,999,1006,614548,-0.00691016781836129
2023-04-07,1004,1013,999,1005,678238,-0.0009940357852882276
2023-04-10,1005,1005,991,993,778247,-0.011940298507462699
2023-04-11,997,1002,985,993,538944,0.0
2023-04-12,993,1013,990,1010,680410,0.017119838872104776
2023-04-13,1001,1011,995,1010,398894,0.0
2023-04-14,1015,1022,1005,1021,865624,0.0108910891089109
2023-04-17,1026,1037,1016,1033,614071,0.011753183153770719
2023-04-18,1034,1036,1024,1034,514155,0.0009680542110357404
2023-04-19,1034,1037,1028,1030,825315,-0.003868471953578312
2023-04-20,1036,1060,1020,1049,3727640,0.01844660194174752
2023-04-21,1053,1140,1026,1046,8805247,-0.0028598665395614953
2023-04-24,1073,1080,1051,1067,2957225,0.020076481835564097
2023-04-25,1057,1068,1031,1037,2067049,-0.028116213683224034
2023-04-26,1037,1120,1032,1073,7250923,0.034715525554483984
2023-04-27,1098,1108,1041,1050,4774765,-0.02143522833178002
2023-04-28,1049,1059,1031,1035,1451059,-0.014285714285714235
2023-05-02,1030,1067,1029,1057,1544924,0.021256038647343045
2023-05-03,1045,1068,1045,1052,2028048,-0.004730368968779541
2023-05-04,1091,1100,1030,1035,3334399,-0.01615969581749055
2023-05-08,1050,1133,1043,1085,10669006,0.048309178743961345
2023-05-09,1102,1131,1060,1069,4098833,-0.014746543778801802
2023-05-10,1090,1101,1058,1064,3634690,-0.004677268475210439
2023-05-11,1064,1066,1047,1055,1133564,-0.008458646616541388
2023-05-12,1052,1054,1015,1022,1699057,-0.03127962085308056
2023-05-15,1018,1045,1013,1025,721161,0.0029354207436398383
2023-05-16,1026,1057,1015,1040,1952271,0.014634146341463428
2023-05-17,1072,1123,1039,1044,7048997,0.0038461538461538325
2023-05-18,1021,1022,998,1003,2873345,-0.039272030651340994
2023-05-19,1003,1013,1002,1006,1094423,0.0029910269192423566
2023-05-22,1007,1035,1004,1029,1950222,0.022862823061630122
2023-05-23,1030,1030,1017,1021,702956,-0.007774538386783325
2023-05-24,1038,1249,1026,1181,53344894,0.1567091087169441
2023-05-25,1167,1238,1141,1160,25123008,-0.017781541066892448
2023-05-26,1169,1171,1136,1144,4764017,-0.01379310344827589
2023-05-30,1146,1146,1125,1132,1925297,-0.010489510489510523
2023-05-31,1131,1167,1119,1129,3484555,-0.0026501766784452485
2023-06-01,1130,1131,1113,1126,1297649,-0.0026572187776793266
2023-06-02,1126,1140,1119,1126,1133186,0.0
2023-06-05,1128,1145,1127,1138,1677196,0.010657193605683846
2023-06-07,1157,1160,1132,1140,2326005,0.0017574692442883233
2023-06-08,1171,1180,1117,1126,3658362,-0.012280701754386003
2023-06-09,1136,1165,1127,1134,2732254,0.007104795737122638
2023-06-12,1149,1151,1129,1130,1479257,-0.003527336860670194
2023-06-13,1134,1164,1118,1130,2447029,0.0
2023-06-14,1153,1166,1129,1160,4808336,0.026548672566371723
2023-06-15,1160,1232,1143,1176,12146020,0.01379310344827589
2023-06-16,1172,1188,1160,1187,3224417,0.009353741496598733
2023-06-19,1213,1222,1183,1189,4844517,0.0016849199663016012
2023-06-20,1181,1210,1165,1170,2159668,-0.015979814970563444
2023-06-21,1169,1172,1156,1170,1837196,0.0
2023-06-22,1175,1200,1170,1175,4378301,0.004273504273504258
2023-06-23,1172,1174,1148,1151,1678210,-0.020425531914893602
2023-06-26,1151,1157,1111,1133,1370307,-0.0156385751520417
2023-06-27,1130,1133,1097,1106,1518318,-0.02383053839364524
2023-06-28,1100,1110,1092,1101,722537,-0.004520795660036159
2023-06-29,1100,1100,1050,1053,1368640,-0.043596730245231585
2023-06-30,1051,1080,1051,1065,760832,0.01139601139601143
2023-07-03,1065,1083,1064,1073,401303,0.007511737089201942
2023-07-04,1073,1077,1047,1056,422319,-0.01584342963653307
2023-07-05,1064,1064,1045,1060,645346,0.0037878787878788955
2023-07-06,1060,1060,1035,1036,539265,-0.02264150943396226
2023-07-07,1036,1039,1019,1022,462837,-0.013513513513513487
2023-07-10,1020,1035,1013,1026,287831,0.00391389432485334
2023-07-11,1028,1049,1028,1040,309394,0.013645224171539905
2023-07-12,1040,1042,1031,1034,264826,-0.005769230769230749
2023-07-13,1040,1044,1031,1039,323575,0.004835589941972973
2023-07-14,1039,1064,1038,1059,771583,0.019249278152069227
2023-07-17,1061,1067,1044,1066,506666,0.006610009442870712
2023-07-18,1125,1303,1121,1142,30445903,0.07129455909943716
2023-07-19,1148,1152,1118,1128,2693713,-0.012259194395796813
2023-07-20,1199,1278,1142,1152,14237684,0.02127659574468077
2023-07-21,1170,1195,1124,1135,3515480,-0.01475694444444442
2023-07-24,1130,1134,1072,1078,2699422,-0.05022026431718063
2023-07-25,1099,1170,1078,1078,7810666,0.0
2023-07-26,1081,1116,997,1007,4476634,-0.06586270871985156
2023-07-27,999,1024,996,1008,2509785,0.0009930486593843213
2023-07-28,997,1018,991,1005,1845615,-0.0029761904761904656
2023-07-31,1005,1025,1005,1023,895941,0.017910447761193993
2023-08-01,1022,1030,1011,1023,776004,0.0
2023-08-02,1021,1035,1009,1014,1207554,-0.008797653958944274
2023-08-03,1012,1012,989,993,1269597,-0.020710059171597628
2023-08-04,992,1015,991,1005,572878,0.012084592145015005
2023-08-07,1027,1047,1010,1047,1570414,0.04179104477611939
2023-08-08,1051,1051,1014,1017,1041911,-0.028653295128939882
2023-08-09,1012,1023,1010,1015,369586,-0.001966568338249708
2023-08-10,1015,1039,1012,1032,1626077,0.016748768472906406
2023-08-11,1025,1055,1025,1040,1434862,0.007751937984496138
2023-08-14,1035,1040,972,1025,1182881,-0.014423076923076872
2023-08-16,1022,1022,998,1002,747829,-0.022439024390243922
2023-08-17,993,1002,969,995,948925,-0.006986027944111739
2023-08-18,994,999,984,993,556452,-0.0020100502512563345
2023-08-21,993,1011,990,998,978074,0.0050352467270895485
2023-08-22,1001,1101,988,1035,8946873,0.03707414829659328
2023-08-23,1036,1067,1018,1029,2500208,-0.005797101449275366
2023-08-24,1030,1039,1015,1033,1101277,0.0038872691933915515
2023-08-25,1032,1067,1031,1062,2419716,0.028073572120038692
2023-08-28,1066,1067,1043,1064,866926,0.0018832391713747842
2023-08-29,1058,1069,1049,1050,690600,-0.013157894736842146
2023-08-30,1051,1060,1040,1047,424598,-0.0028571428571428914
2023-08-31,1047,1069,1046,1050,707567,0.002865329512893977
2023-09-01,1041,1054,1039,1046,564408,-0.003809523809523818
2023-09-04,1035,1043,1026,1030,454452,-0.015296367112810683
2023-09-05,1032,1038,1026,1032,461447,0.001941747572815622
2023-09-06,1032,1045,1021,1032,360615,0.0
2023-09-07,1027,1039,1019,1025,817962,-0.006782945736434121
2023-09-08,1041,1059,1022,1027,849119,0.0019512195121951237
2023-09-11,1028,1030,1011,1027,597904,0.0
2023-09-12,1020,1028,1005,1015,967657,-0.011684518013631906
2023-09-13,1012,1052,1004,1021,942467,0.005911330049261032
2023-09-14,1020,1035,1006,1015,366719,-0.005876591576885359
2023-09-15,1015,1016,988,998,2223461,-0.016748768472906406
2023-09-18,998,1000,988,992,746105,-0.006012024048096198
2023-09-19,992,994,976,980,626012,-0.012096774193548376
2023-09-20,974,981,971,976,347896,-0.004081632653061273
2023-09-21,976,977,960,962,730873,-0.014344262295082011
2023-09-22,950,994,950,990,426529,0.029106029106028997
2023-09-25,986,987,961,969,438328,-0.021212121212121238
2023-09-26,964,990,961,967,388879,-0.0020639834881320818
2023-09-27,963,990,959,988,478218,0.02171664943123064
2023-10-04,980,985,952,958,604119,-0.030364372469635637
2023-10-05,957,980,953,957,411414,-0.0010438413361169019
2023-10-06,953,985,953,975,270405,0.018808777429467183
2023-10-10,975,999,970,979,911131,0.004102564102564044
2023-10-11,976,988,976,979,208330,0.0
2023-10-12,984,984,974,978,278546,-0.0010214504596527396
2023-10-13,978,1020,960,979,2944554,0.0010224948875254825
2023-10-16,978,990,970,978,867131,-0.0010214504596527396
2023-10-17,978,984,959,966,1370792,-0.012269938650306789
2023-10-18,964,973,960,966,492950,0.0
2023-10-19,960,966,916,917,1352133,-0.050724637681159424
2023-10-20,915,920,892,895,841518,-0.02399127589967287
2023-10-23,891,905,890,894,323721,-0.0011173184357542443
2023-10-24,893,910,877,905,502576,0.01230425055928408
2023-10-25,902,926,901,915,626611,0.011049723756906049
2023-10-26,902,912,884,890,622588,-0.02732240437158473
2023-10-27,888,899,886,893,262186,0.003370786516853963
2023-10-30,890,949,888,912,587310,0.02127659574468077
2023-10-31,915,919,891,893,240005,-0.02083333333333337
2023-11-01,894,929,894,916,364543,0.025755879059350395
2023-11-02,914,949,914,942,483712,0.028384279475982543
2023-11-03,942,965,934,960,607442,0.019108280254777066
2023-11-06,964,966,928,932,1428988,-0.029166666666666674
2023-11-07,934,935,911,921,375355,-0.011802575107296098
2023-11-08,923,927,916,917,279968,-0.004343105320304019
2023-11-09,918,925,916,920,181600,0.0032715376226826187
2023-11-10,926,926,909,912,170284,-0.008695652173912993
2023-11-13,913,921,908,912,228354,0.0
2023-11-14,908,932,908,923,287426,0.012061403508771829
2023-11-15,930,936,928,935,250298,0.01300108342361872
2023-11-16,940,940,931,936,182616,0.0010695187165774556
2023-11-17,935,936,926,932,118278,-0.004273504273504258
2023-11-20,924,936,924,928,127510,-0.0042918454935622075
2023-11-21,928,943,924,933,308590,0.005387931034482651
2023-11-22,934,939,930,934,144806,0.001071811361200492
2023-11-23,932,941,932,938,276170,0.004282655246252709
2023-11-24,938,942,935,939,163783,0.0010660980810235365
2023-11-27,939,940,929,935,196742,-0.004259850905218299
2023-11-28,932,938,930,935,171135,0.0
2023-11-29,936,937,925,926,235069,-0.009625668449197877
2023-11-30,926,935,923,933,151943,0.0075593952483801186
2023-12-01,934,949,925,936,250733,0.003215434083601254
2023-12-04,935,941,928,937,197503,0.0010683760683760646
2023-12-05,927,940,927,938,187904,0.0010672358591248265
2023-12-06,933,951,933,943,266487,0.005330490405117239
2023-12-07,940,948,935,946,216179,0.0031813361611876534
2023-12-08,945,965,943,963,466535,0.017970401691332016
2023-12-11,965,971,961,961,311471,-0.0020768431983385627
2023-12-12,962,974,955,957,203098,-0.004162330905306932
2023-12-13,954,973,954,970,516329,0.013584117032392928
2023-12-14,970,977,965,967,253902,-0.003092783505154628
2023-12-15,976,976,966,970,134371,0.0031023784901758056
2023-12-18,970,979,965,965,203536,-0.005154639175257714
2023-12-19,959,975,959,973,287911,0.008290155440414448
2023-12-20,971,975,966,973,197534,0.0
2023-12-21,968,971,942,957,491756,-0.016443987667009274
2023-12-22,958,968,950,957,272021,0.0
2023-12-26,957,962,942,950,297123,-0.007314524555903867
2023-12-27,950,956,945,952,172072,0.002105263157894832
2023-12-28,947,959,944,955,216419,0.0031512605042016695
2024-01-02,953,968,951,965,166625,0.010471204188481575
2024-01-03,956,964,942,953,324938,-0.012435233160621784
2024-01-04,950,965,941,942,612571,-0.011542497376705096
2024-01-05,943,951,943,950,227396,0.00849256900212314
2024-01-08,948,954,943,948,161727,-0.002105263157894721
2024-01-09,949,970,947,963,427348,0.015822784810126667
2024-01-10,960,968,953,957,263655,-0.006230529595015577
2024-01-11,955,973,955,971,635646,0.014629049111807735
2024-01-12,967,992,965,970,1087619,-0.001029866117404743
2024-01-15,970,986,968,979,566075,0.009278350515463885
2024-01-16,979,984,957,957,447881,-0.022471910112359605
2024-01-17,953,979,942,948,972984,-0.009404388714733591
2024-01-18,974,995,943,945,1241437,-0.0031645569620253333
2024-01-19,949,963,946,954,279847,0.00952380952380949
2024-01-22,954,957,943,943,360181,-0.011530398322851187
2024-01-23,944,947,940,942,301868,-0.0010604453870625141
2024-01-24,931,943,923,923,500649,-0.02016985138004246
2024-01-25,926,926,915,918,282380,-0.005417118093174467
2024-01-26,918,925,895,921,255899,0.0032679738562091387
2024-01-29,928,930,919,922,172804,0.0010857763300760048
2024-01-30,916,925,916,922,115121,0.0
2024-01-31,920,925,914,914,214538,-0.008676789587852451
2024-02-01,925,925,913,917,221780,0.003282275711159688
2024-02-02,922,933,918,932,198048,0.016357688113413316
2024-02-05,933,975,927,953,662195,0.022532188841201783
2024-02-06,954,960,920,934,427517,-0.019937040923399763
2024-02-07,942,942,929,938,208533,0.004282655246252709
2024-02-08,934,939,921,933,410640,-0.005330490405117239
2024-02-13,931,937,929,936,225226,0.003215434083601254
2024-02-14,928,945,928,940,172688,0.004273504273504258
2024-02-15,941,943,936,937,231025,-0.0031914893617021045
2024-02-16,941,941,935,939,179353,0.002134471718249653
2024-02-19,939,944,936,938,480962,-0.0010649627263046302
2024-02-20,935,943,933,943,394451,0.005330490405117239
2024-02-21,943,943,929,935,691412,-0.008483563096500557
2024-02-22,937,938,929,936,818652,0.0010695187165774556
2024-02-23,936,946,935,941,709579,0.005341880341880323
2024-02-26,942,949,935,941,277188,0.0
2024-02-27,939,941,935,937,1076537,-0.004250797024442088
2024-02-28,937,942,935,942,356354,0.005336179295624355
2024-02-29,943,949,941,948,525510,0.006369426751592355
2024-03-04,949,980,949,968,623207,0.021097046413502074
2024-03-05,966,972,960,969,263256,0.0010330578512396382
2024-03-06,965,965,949,951,412400,-0.018575851393188847
2024-03-07,948,959,946,957,178497,0.006309148264984188
2024-03-08,954,959,949,956,251632,-0.0010449320794148065
2024-03-11,956,956,947,950,350511,-0.006276150627615107
2024-03-12,947,965,947,962,571243,0.012631578947368327
2024-03-13,958,984,958,968,712861,0.006237006237006293
2024-03-14,959,971,959,968,179173,0.0
2024-03-15,960,972,959,969,255483,0.0010330578512396382
2024-03-18,965,973,964,969,215835,0.0
2024-03-19,973,973,960,960,155191,-0.009287925696594423
2024-03-20,960,966,954,964,184950,0.004166666666666652
2024-03-21,969,973,960,969,213950,0.005186721991701226
2024-03-22,969,973,964,970,368045,0.0010319917440659854
2024-03-25,972,994,970,987,791646,0.017525773195876226
2024-03-26,987,995,977,981,307658,-0.006079027355623046
2024-03-27,981,984,940,958,776794,-0.023445463812436285
2024-03-28,958,969,957,962,340497,0.0041753653444676075
2024-03-29,960,960,944,952,509547,-0.01039501039501034
2024-04-01,952,952,946,948,177539,-0.004201680672268893
2024-04-02,948,954,943,953,177313,0.0052742616033756295
2024-04-03,950,966,948,958,593810,0.005246589716684236
2024-04-04,954,962,948,955,553760,-0.0031315240083507057
2024-04-05,950,957,949,952,191243,-0.003141361256544517
2024-04-08,950,958,946,951,267647,-0.0010504201680672232
2024-04-09,950,954,944,950,182599,-0.001051524710830698
2024-04-11,949,949,941,948,174669,-0.002105263157894721
2024-04-12,945,947,937,942,393001,-0.006329113924050667
2024-04-15,941,972,938,969,651807,0.02866242038216571
2024-04-16,970,973,963,968,267197,-0.0010319917440660964
2024-04-17,969,969,958,965,171619,-0.0030991735537190257
2024-04-18,959,967,958,965,121519,0.0
2024-04-19,959,976,957,972,647483,0.007253886010362587
2024-04-22,968,978,963,967,1395768,-0.005144032921810648
2024-04-23,966,988,964,980,674360,0.013443640124095158
2024-04-24,980,986,974,983,375100,0.003061224489795844
2024-04-25,984,1012,979,1005,1296197,0.02238046795523907
2024-04-26,1007,1016,994,1000,515509,-0.00497512437810943
2024-04-29,1000,1012,995,1000,1001951,0.0
2024-04-30,998,1008,998,1001,526547,0.0009999999999998899
2024-05-02,998,1005,986,1002,1123822,0.0009990009990010762
2024-05-03,1004,1007,998,1002,398136,0.0
2024-05-07,1007,1010,1001,1007,596933,0.004990019960079861
2024-05-08,1014,1042,1010,1034,1401283,0.026812313803376453
2024-05-09,1034,1038,1020,1025,416829,-0.008704061895551285
2024-05-10,1040,1045,1029,1039,704938,0.013658536585365866
2024-05-13,1040,1045,1028,1032,683799,-0.006737247353224229
2024-05-14,1040,1063,1038,1058,1058177,0.025193798449612448
2024-05-16,1061,1076,1058,1058,972209,0.0
2024-05-17,1058,1086,1046,1058,1319115,0.0
2024-05-20,1055,1065,1039,1047,472919,-0.010396975425330801
2024-05-21,1039,1064,1039,1057,337914,0.009551098376313183
2024-05-22,1063,1065,1044,1048,481460,-0.008514664143803197
2024-05-23,1043,1045,1016,1041,440565,-0.006679389312977069
2024-05-24,1044,1091,1037,1076,1663754,0.03362151777137368
2024-05-27,1082,1086,1054,1058,1030630,-0.016728624535315983
2024-05-28,1057,1068,1050,1065,294835,0.006616257088846833
2024-05-29,1065,1150,1050,1054,1948969,-0.010328638497652531
2024-05-30,1059,1070,1049,1056,515743,0.00189753320683117
2024-05-31,1056,1070,1047,1056,463067,0.0
2024-06-03,1059,1067,1035,1064,713806,0.007575757575757569
2024-06-04,1064,1065,1046,1049,405275,-0.014097744360902276
2024-06-05,1049,1050,1025,1031,509986,-0.01715919923736897
2024-06-07,1035,1046,1032,1040,467175,0.008729388942773975
2024-06-10,1039,1076,1031,1067,690249,0.02596153846153837
2024-06-11,1068,1072,1039,1042,524485,-0.023430178069353325
2024-06-12,1044,1082,1040,1061,1313848,0.018234165067178454
2024-06-13,1065,1065,1045,1046,402419,-0.01413760603204528
2024-06-14,1043,1287,1039,1211,49881517,0.15774378585086035
2024-06-17,1205,1297,1150,1172,20009909,-0.03220478943022298
2024-06-18,1185,1204,1150,1173,4485430,0.0008532423208191808
2024-06-19,1196,1203,1120,1137,3060467,-0.03069053708439895
2024-06-20,1137,1194,1129,1166,3723885,0.025505716798592815
2024-06-21,1166,1185,1137,1144,1763988,-0.018867924528301883
2024-06-24,1143,1176,1108,1120,1748223,-0.020979020979020935
2024-06-25,1124,1139,1107,1120,719262,0.0
2024-06-26,1140,1142,1111,1114,891042,-0.005357142857142838
2024-06-27,1114,1128,1107,1112,586162,-0.0017953321364452268
2024-06-28,1121,1163,1114,1148,2510150,0.03237410071942448
2024-07-01,1155,1157,1106,1108,1550476,-0.03484320557491294
2024-07-02,1082,1102,1053,1068,1217351,-0.03610108303249093
2024-07-03,1068,1074,1033,1039,1002325,-0.027153558052434468
2024-07-04,1039,1053,1016,1019,688091,-0.019249278152069338
2024-07-05,1030,1034,1018,1027,566965,0.007850834151128527
2024-07-08,1036,1260,1026,1179,29246226,0.14800389483933785
2024-07-09,1190,1204,1116,1120,6210898,-0.05004240882103472
2024-07-10,1120,1126,1100,1117,2441678,-0.002678571428571419
2024-07-11,1111,1120,1090,1090,1593579,-0.024171888988361645
2024-07-12,1081,1096,1074,1087,844365,-0.0027522935779816793
2024-07-15,1078,1085,1060,1071,883896,-0.014719411223551027
2024-07-16,1070,1070,1040,1046,946864,-0.02334267040149396
2024-07-17,1046,1064,1040,1045,628764,-0.0009560229445506607
2024-07-18,1040,1040,1015,1025,580046,-0.019138755980861233
2024-07-19,1025,1025,1009,1021,546468,-0.0039024390243902474
2024-07-22,1022,1027,1003,1026,598725,0.004897159647404559
2024-07-23,1025,1040,1010,1016,364387,-0.00974658869395717
2024-07-24,1009,1074,1008,1009,1065862,-0.006889763779527547
2024-07-25,1002,1016,1000,1005,498674,-0.003964321110009883
2024-07-26,1013,1028,1002,1018,480719,0.012935323383084674
2024-07-29,1011,1030,1008,1022,361445,0.003929273084479323
2024-07-30,1016,1026,1010,1022,328731,0.0
2024-07-31,1023,1045,1019,1044,516251,0.021526418786692814
2024-08-01,1049,1055,1036,1052,508065,0.00766283524904221
2024-08-02,1047,1060,1020,1057,1013144,0.004752851711026684
2024-08-05,1044,1049,980,1003,1934650,-0.05108798486281929
2024-08-06,992,1038,992,1025,1367472,0.02193419740777669
2024-08-07,1020,1086,1016,1085,1270688,0.05853658536585371
2024-08-08,1090,1098,1040,1074,1320856,-0.010138248847926246
2024-08-09,1080,1158,1075,1078,4684608,0.003724394785847407
2024-08-12,1079,1094,1071,1078,628730,0.0
2024-08-13,1081,1103,1066,1081,831111,0.002782931354359919
2024-08-14,1093,1129,1081,1104,1512878,0.02127659574468077
2024-08-16,1093,1110,1081,1083,862535,-0.01902173913043481
2024-08-19,1081,1081,1066,1068,720595,-0.013850415512465353
2024-08-20,1061,1083,1061,1073,482911,0.004681647940074862
2024-08-21,1070,1082,1062,1068,359454,-0.004659832246039164
2024-08-22,1070,1077,1050,1051,371416,-0.015917602996254665
2024-08-23,1049,1068,1043,1055,322308,0.0038058991436726863
2024-08-26,1054,1056,1037,1050,493557,-0.004739336492891044
2024-08-27,1046,1052,1037,1045,237983,-0.004761904761904745
2024-08-28,1052,1060,1039,1044,461515,-0.000956937799043045
2024-08-29,1036,1044,1022,1031,570795,-0.01245210727969348
2024-08-30,1031,1038,1025,1030,314203,-0.0009699321047527132
2024-09-02,1027,1040,1020,1027,233801,-0.002912621359223322
2024-09-03,1027,1030,1016,1026,386628,-0.0009737098344693162
2024-09-04,1012,1015,998,999,505135,-0.02631578947368418
2024-09-05,1002,1011,985,992,542537,-0.00700700700700696
2024-09-06,991,997,975,980,534411,-0.012096774193548376
2024-09-09,955,988,955,984,218885,0.004081632653061273
2024-09-10,980,1000,970,978,326659,-0.0060975609756097615
2024-09-11,980,988,972,980,242582,0.002044989775051187
2024-09-12,981,1000,981,999,141695,0.019387755102040716
2024-09-13,1000,1009,995,1009,179018,0.010010010010010006
2024-09-19,1004,1016,994,995,349698,-0.013875123885034646
2024-09-20,995,1003,986,992,464486,-0.0030150753768843908
2024-09-23,991,1008,991,1005,183358,0.013104838709677491
2024-09-24,1007,1011,996,1002,193464,-0.0029850746268657025
2024-09-25,1006,1009,995,1003,176068,0.0009980039920158834
2024-09-26,1007,1012,998,1004,190608,0.0009970089730808596
2024-09-27,1010,1031,1003,1028,608348,0.0239043824701195
2024-09-30,1025,1034,1007,1010,238513,-0.017509727626459193
2024-10-02,1010,1015,997,997,238310,-0.012871287128712883
2024-10-04,997,1007,990,994,218053,-0.0030090270812437314
2024-10-07,1002,1002,985,996,269399,0.002012072434607548
2024-10-08,991,996,988,990,285284,-0.0060240963855421326
2024-10-10,991,1000,989,999,125624,0.009090909090909038
2024-10-11,991,1001,991,998,232784,-0.0010010010010009784
2024-10-14,998,1002,992,997,109141,-0.0010020040080159776
2024-10-15,1006,1188,1003,1051,18672960,0.054162487462387165
2024-10-16,1036,1045,1015,1015,1588514,-0.03425309229305429
2024-10-17,1018,1024,1007,1010,1101160,-0.0049261083743842304
2024-10-18,1009,1020,1005,1009,379943,-0.000990099009900991
2024-10-21,1011,1070,1011,1048,984868,0.038652130822596664
2024-10-22,1037,1049,1027,1032,372356,-0.01526717557251911
2024-10-23,1036,1048,1016,1038,266154,0.005813953488372103
2024-10-24,1038,1068,1020,1023,928265,-0.014450867052023142
2024-10-25,1028,1037,1013,1025,359412,0.0019550342130987275
2024-10-28,1030,1048,1026,1043,352124,0.017560975609756113
2024-10-29,1045,1048,1031,1047,307304,0.003835091083413289
2024-10-30,1043,1055,1040,1046,224247,-0.0009551098376313627
2024-10-31,1040,1050,1029,1043,149137,-0.002868068833651982
2024-11-01,1043,1043,1020,1026,243557,-0.016299137104506256
2024-11-04,1026,1038,1025,1037,167060,0.01072124756335291
2024-11-05,1036,1064,1036,1040,358155,0.0028929604628735728
2024-11-06,1038,1050,1032,1037,314558,-0.0028846153846153744
2024-11-07,1037,1045,1026,1026,140895,-0.01060752169720347
2024-11-08,1027,1039,1013,1013,279738,-0.012670565302144277
2024-11-11,1013,1019,983,986,520359,-0.026653504442250786
2024-11-12,990,990,967,969,638683,-0.017241379310344862
2024-11-13,970,989,951,955,377361,-0.014447884416924683
2024-11-14,952,970,952,958,259735,0.003141361256544517
2024-11-15,966,1005,950,1000,412218,0.04384133611691032
2024-11-18,994,1033,991,1016,354056,0.016000000000000014
2024-11-19,1004,1016,998,1000,279052,-0.015748031496062964
2024-11-20,1000,1019,995,1009,201394,0.008999999999999897
2024-11-21,1009,1010,996,1001,177615,-0.007928642220019877
2024-11-22,1014,1015,999,1001,131614,0.0
2024-11-25,1001,1015,996,1002,176880,0.0009990009990010762
2024-11-26,1003,1009,996,1001,142253,-0.0009980039920159944
2024-11-27,1005,1007,990,995,132668,-0.005994005994006013
2024-11-28,1004,1021,997,1006,316708,0.011055276381909618
2024-11-29,1010,1010,980,983,359923,-0.022862823061630233
2024-12-02,984,994,972,979,192569,-0.004069175991861629
2024-12-03,972,992,972,986,137621,0.007150153217568844
2024-12-04,976,994,971,975,174938,-0.011156186612576113
2024-12-05,986,1000,968,972,248607,-0.003076923076923088
2024-12-06,963,996,950,950,390297,-0.02263374485596703
2024-12-09,950,950,888,897,669529,-0.0557894736842105
2024-12-10,884,978,884,955,570009,0.064659977703456
2024-12-11,977,992,958,988,454681,0.034554973821989465
2024-12-12,988,1004,975,989,236576,0.0010121457489877805
2024-12-13,975,995,974,994,179989,0.005055611729019249
2024-12-16,994,1002,988,998,298235,0.004024144869215318
2024-12-17,997,1006,987,992,1129257,-0.006012024048096198
2024-12-18,995,997,984,991,163137,-0.0010080645161290036
2024-12-19,991,1000,951,993,215057,0.0020181634712410634
2024-12-20,1000,1000,970,975,260885,-0.01812688821752262
2024-12-23,976,1003,976,996,274503,0.021538461538461506
2024-12-24,991,1000,987,994,125673,-0.002008032128514081
2024-12-26,994,1000,976,993,194292,-0.001006036217303774
2024-12-27,991,992,959,968,219964,-0.025176233635448186
2024-12-30,968,976,950,964,73825,-0.004132231404958664
2025-01-02,972,974,940,962,115543,-0.0020746887966804906
2025-01-03,954,978,954,975,482098,0.013513513513513598
2025-01-06,973,984,970,979,143078,0.004102564102564044
2025-01-07,979,982,968,975,125646,-0.0040858018386108474
2025-01-08,965,976,965,969,181542,-0.006153846153846176
2025-01-09,970,975,960,964,159714,-0.00515995872033026
2025-01-10,964,969,958,966,88545,0.0020746887966804906
2025-01-13,966,968,952,955,189281,-0.011387163561076608
2025-01-14,955,959,949,949,194336,-0.006282722513089034
2025-01-15,959,959,938,941,208635,-0.008429926238145424
2025-01-16,945,952,941,946,158578,0.005313496280552554
2025-01-17,950,953,943,949,77092,0.003171247357293794
2025-01-20,955,968,944,958,245120,0.0094836670179137
2025-01-21,954,958,944,951,156219,-0.007306889352818424
2025-01-22,948,955,941,945,168076,-0.006309148264984188
2025-01-23,942,1048,927,947,9036998,0.002116402116402183
2025-01-24,935,945,926,942,1439903,-0.0052798310454065245
2025-01-31,940,948,931,936,237057,-0.006369426751592355
2025-02-03,935,935,918,920,300867,-0.017094017094017144
2025-02-04,925,940,925,935,196937,0.016304347826086918
2025-02-05,935,998,935,956,1841722,0.022459893048128343
2025-02-06,956,965,954,962,365854,0.006276150627614996
2025-02-07,965,965,949,954,287916,-0.008316008316008316
2025-02-10,951,960,948,955,198321,0.0010482180293500676
2025-02-11,955,966,954,965,320149,0.010471204188481575
2025-02-12,965,971,962,970,280848,0.005181347150259086
2025-02-13,971,975,965,974,160500,0.004123711340206171
2025-02-14,974,985,973,984,239107,0.010266940451745477
2025-02-17,978,1009,978,1009,628578,0.025406504065040636
2025-02-18,1003,1009,998,1003,283871,-0.00594648166501488
2025-02-19,1005,1010,993,1001,281197,-0.001994017946161497
2025-02-20,997,1011,995,1003,264975,0.0019980019980019303
2025-02-21,1004,1010,999,1000,194059,-0.0029910269192422456
2025-02-24,1000,1008,994,1001,212194,0.0009999999999998899
2025-02-25,1001,1005,998,1005,186316,0.003996003996004083
2025-02-26,1003,1018,1001,1014,319367,0.008955223880596996
2025-02-27,1013,1019,1003,1008,211100,-0.00591715976331364
2025-02-28,1007,1007,989,998,379309,-0.009920634920634885
2025-03-04,1019,1019,985,1004,319338,0.006012024048096087
2025-03-05,992,1010,988,998,164374,-0.005976095617529875
2025-03-06,998,1006,990,1006,328586,0.008016032064128265
2025-03-07,1012,1019,1000,1002,272189,-0.003976143141153132
2025-03-10,1015,1057,1000,1044,1960550,0.041916167664670656
2025-03-11,1050,1085,1025,1045,3041133,0.0009578544061301653
2025-03-12,1050,1078,1050,1066,1049462,0.02009569377990439
2025-03-13,1071,1071,1030,1064,864659,-0.0018761726078799779
2025-03-14,1055,1065,1032,1035,335099,-0.02725563909774431
2025-03-17,1037,1050,1029,1037,501677,0.0019323671497584183
2025-03-18,1026,1041,1026,1033,323882,-0.0038572806171649487
2025-03-19,1033,1068,1023,1062,842219,0.028073572120038692
2025-03-20,1061,1063,1037,1039,408583,-0.021657250470809797
2025-03-21,1039,1047,1027,1039,366218,0.0
2025-03-24,1040,1079,1039,1062,891114,0.022136669874879722
2025-03-25,1065,1071,1049,1060,452217,-0.0018832391713747842
2025-03-26,1060,1063,1049,1058,324408,-0.0018867924528301883
2025-03-27,1058,1061,1030,1030,322132,-0.026465028355387554
2025-03-28,1034,1040,1013,1034,417417,0.003883495145631022
2025-03-31,1034,1034,998,1013,551860,-0.02030947775628622
2025-04-01,1008,1038,1008,1031,280530,0.017769002961500524
2025-04-02,1031,1044,1015,1042,308558,0.010669253152279401
2025-04-03,1035,1037,1001,1011,354608,-0.029750479846449185
2025-04-04,1011,1035,1005,1029,248946,0.017804154302670572
2025-04-07,1020,1020,981,985,892066,-0.042759961127308066
2025-04-08,996,1150,984,1030,10607685,0.045685279187817285
2025-04-09,1035,1036,997,1003,1237853,-0.026213592233009675
2025-04-10,1017,1049,1017,1048,1096302,0.04486540378863402
2025-04-11,1047,1074,1041,1047,927892,-0.000954198473282486
2025-04-14,1052,1063,1045,1060,677864,0.01241642788920716
2025-04-15,1060,1075,1052,1072,661705,0.01132075471698113
2025-04-16,1072,1088,1060,1085,843244,0.012126865671641784
2025-04-17,1079,1100,1079,1087,830456,0.0018433179723502668
2025-04-18,1093,1095,1074,1081,359169,-0.005519779208831621
2025-04-21,1082,1083,1059,1078,713071,-0.0027752081406104967
2025-04-22,1078,1096,1064,1085,537972,0.006493506493506551
2025-04-23,1089,1100,1080,1084,399524,-0.0009216589861751334
2025-04-24,1084,1106,1076,1092,880251,0.007380073800737907
2025-04-25,1091,1097,1067,1071,708557,-0.019230769230769273
2025-04-28,1076,1076,1051,1052,398716,-0.017740429505135435
2025-04-29,1056,1077,1055,1076,307925,0.02281368821292773
2025-04-30,1077,1079,1055,1062,281552,-0.013011152416356864
2025-05-02,1061,1079,1061,1065,193276,0.0028248587570620654
2025-05-07,1065,1089,1065,1083,463350,0.016901408450704203
2025-05-08,1086,1087,1063,1071,303437,-0.011080332409972304
2025-05-09,1071,1072,1058,1059,287331,-0.011204481792717047
2025-05-12,1068,1074,1058,1060,303464,0.0009442870632672129
2025-05-13,1061,1086,1057,1067,297459,0.006603773584905603
2025-05-14,1065,1069,1047,1054,419551,-0.012183692596063778
2025-05-15,1058,1062,1039,1043,420887,-0.010436432637571103
2025-05-16,1045,1204,1031,1073,19244621,0.028763183125599223
2025-05-19,1096,1097,1055,1064,2984059,-0.008387698042870428
2025-05-20,1061,1077,1050,1050,1343134,-0.013157894736842146
2025-05-21,1051,1055,1040,1045,614713,-0.004761904761904745
2025-05-22,1060,1203,1055,1200,31672509,0.14832535885167464
2025-05-23,1185,1240,1159,1203,11211901,0.0024999999999999467
2025-05-26,1205,1214,1178,1213,2786742,0.00831255195344971
2025-05-27,1213,1248,1179,1186,2739179,-0.022258862324814555
2025-05-28,1195,1197,1168,1171,1067686,-0.012647554806070826
2025-05-29,1178,1190,1162,1177,879529,0.005123825789923098
2025-05-30,1178,1187,1159,1159,955761,-0.015293118096856406
2025-06-02,1162,1169,1134,1145,747525,-0.012079378774805916
2025-06-04,1150,1169,1135,1168,874183,0.02008733624454151
2025-06-05,1179,1225,1169,1183,2548136,0.012842465753424737
2025-06-09,1184,1215,1180,1194,1137494,0.009298393913778513
2025-06-10,1184,1194,1174,1180,851411,-0.011725293132328285
2025-06-11,1182,1193,1169,1193,691814,0.011016949152542477
2025-06-12,1194,1194,1176,1178,640000,-0.012573344509639539
2025-06-13,1178,1188,1152,1184,1125998,0.005093378607809784
2025-06-16,1193,1217,1167,1195,1766947,0.00929054054054057
2025-06-17,1200,1208,1170,1204,1221840,0.007531380753138084
2025-06-18,1203,1208,1188,1200,666608,-0.0033222591362126463
2025-06-19,1200,1232,1188,1214,1488847,0.011666666666666714
2025-06-20,1214,1226,1173,1177,1452109,-0.030477759472817167
2025-06-23,1177,1177,1143,1158,1174750,-0.016142735768904015
2025-06-24,1162,1170,1152,1164,690036,0.005181347150259086
2025-06-25,1165,1180,1150,1153,1104946,-0.009450171821305808
2025-06-26,1153,1161,1118,1130,874243,-0.01994796183868175
2025-06-27,1137,1144,1120,1121,322709,-0.007964601769911539
2025-06-30,1117,1146,1117,1135,449941,0.012488849241748534
2025-07-01,1136,1210,1136,1195,1688365,0.052863436123347984
2025-07-02,1195,1200,1158,1189,612975,-0.005020920502092019
2025-07-03,1188,1193,1173,1176,405616,-0.010933557611438216
2025-07-04,1176,1181,1150,1156,396839,-0.017006802721088454
2025-07-07,1156,1187,1142,1166,496658,0.00865051903114189
2025-07-08,1174,1182,1154,1180,452660,0.012006861063464935
2025-07-09,1181,1200,1174,1190,531576,0.008474576271186418
2025-07-10,1190,1207,1181,1202,890784,0.010084033613445342
2025-07-11,1203,1207,1180,1190,832564,-0.009983361064891838
2025-07-14,1190,1198,1180,1190,402155,0.0
2025-07-15,1181,1191,1169,1175,603511,-0.012605042016806678
2025-07-16,1178,1178,1148,1149,512060,-0.02212765957446805
2025-07-17,1151,1157,1131,1140,485892,-0.007832898172323799
2025-07-18,1147,1147,1119,1128,540200,-0.010526315789473717
2025-07-21,1134,1155,1129,1140,329091,0.010638297872340496
2025-07-22,1153,1154,1124,1130,321378,-0.00877192982456143
2025-07-23,1137,1137,1118,1129,291639,-0.0008849557522123686
2025-07-24,1132,1134,1112,1116,530151,-0.011514614703277193
2025-07-25,1119,1123,1110,1114,1188368,-0.0017921146953404632
2025-07-28,1125,1125,1105,1109,507677,-0.004488330341113067
2025-07-29,1109,1114,1100,1108,204204,-0.0009017132551848439
2025-07-30,1110,1116,1101,1106,221949,-0.0018050541516245744
2025-07-31,1115,1115,1095,1099,287804,-0.006329113924050667
2025-08-01,1099,1099,1068,1070,737278,-0.02638762511373971
2025-08-04,1068,1089,1063,1085,255983,0.014018691588784993
2025-08-05,1086,1102,1075,1084,139422,-0.0009216589861751334
2025-08-06,1084,1100,1076,1099,142914,0.013837638376383854
2025-08-07,1105,1105,1089,1097,122581,-0.0018198362147406888
