Date,Open,High,Low,Close,Volume,Change
2022-01-03,1980,2005,1920,1940,1032450,0.0
2022-01-04,1940,1955,1925,1935,558538,-0.002577319587628857
2022-01-05,1935,1965,1890,1910,583876,-0.012919896640826822
2022-01-06,1855,2070,1850,2000,3907893,0.04712041884816753
2022-01-07,2010,2050,1970,2005,1362547,0.0024999999999999467
2022-01-10,2000,2005,1935,1945,517705,-0.029925187032418976
2022-01-11,1935,1980,1910,1960,559164,0.007712082262210762
2022-01-12,1970,2000,1950,1965,299751,0.0025510204081633514
2022-01-13,1965,2035,1965,1980,653279,0.007633587786259444
2022-01-14,1980,1985,1935,1970,284442,-0.005050505050505083
2022-01-17,1960,1970,1910,1920,461541,-0.025380710659898442
2022-01-18,1885,1945,1885,1890,365771,-0.015625
2022-01-19,1890,1900,1850,1855,225795,-0.01851851851851849
2022-01-20,1840,1880,1800,1850,233842,-0.0026954177897574594
2022-01-21,1850,1865,1775,1810,521389,-0.021621621621621623
2022-01-24,1805,1860,1710,1815,591251,0.0027624309392264568
2022-01-25,1815,1885,1765,1775,575378,-0.02203856749311295
2022-01-26,1755,2035,1755,1800,1323140,0.014084507042253502
2022-01-27,1805,1870,1760,1795,340121,-0.002777777777777768
2022-01-28,1810,1850,1790,1825,231249,0.01671309192200554
2022-02-03,1875,1920,1865,1910,426764,0.046575342465753344
2022-02-04,1890,1920,1885,1915,167244,0.002617801047120505
2022-02-07,1920,1930,1780,1890,215441,-0.01305483028720622
2022-02-08,1890,1905,1860,1885,279161,-0.002645502645502673
2022-02-09,1885,1910,1850,1885,268710,0.0
2022-02-10,1900,1965,1885,1915,351372,0.01591511936339529
2022-02-11,1850,1945,1835,1890,395521,-0.01305483028720622
2022-02-14,1870,1910,1815,1850,423835,-0.021164021164021163
2022-02-15,1850,1965,1850,1955,826710,0.05675675675675684
2022-02-16,1950,1965,1925,1955,358453,0.0
2022-02-17,1955,1955,1865,1885,634022,-0.03580562659846542
2022-02-18,1845,1925,1845,1910,247361,0.013262599469495928
2022-02-21,1875,1910,1875,1890,193798,-0.010471204188481686
2022-02-22,1850,1885,1820,1820,373005,-0.03703703703703709
2022-02-23,1810,1835,1795,1820,372439,0.0
2022-02-24,1830,1865,1770,1780,374342,-0.02197802197802201
2022-02-25,1780,1835,1780,1805,231705,0.014044943820224809
2022-02-28,1805,1805,1690,1780,483202,-0.013850415512465353
2022-03-02,1785,1825,1765,1815,204042,0.0196629213483146
2022-03-03,1830,1830,1745,1780,654301,-0.019283746556473802
2022-03-04,1790,1795,1745,1775,394583,-0.002808988764044895
2022-03-07,1750,1775,1730,1735,185304,-0.022535211267605604
2022-03-08,1720,1760,1705,1750,306567,0.008645533141210304
2022-03-10,1755,1765,1705,1750,194211,0.0
2022-03-11,1750,1760,1745,1755,159618,0.0028571428571428914
2022-03-14,1760,1760,1725,1735,201053,-0.01139601139601143
2022-03-15,1740,1760,1730,1750,164796,0.008645533141210304
2022-03-16,1750,1760,1735,1755,216772,0.0028571428571428914
2022-03-17,1785,1830,1770,1830,778755,0.042735042735042805
2022-03-18,1830,1855,1820,1830,338359,0.0
2022-03-21,1845,1845,1800,1800,224933,-0.016393442622950838
2022-03-22,1815,1820,1795,1810,168968,0.005555555555555536
2022-03-23,1810,1835,1805,1835,267391,0.013812154696132506
2022-03-24,1835,1845,1810,1840,167718,0.0027247956403269047
2022-03-25,1840,2185,1825,2085,19262153,0.13315217391304346
2022-03-28,2015,2050,1940,2000,5130968,-0.04076738609112707
2022-03-29,1995,2130,1975,2055,8599159,0.02750000000000008
2022-03-30,2050,2080,2005,2030,1734486,-0.012165450121654486
2022-03-31,2000,2045,2000,2020,748356,-0.0049261083743842304
2022-04-01,2020,2020,1970,2010,877376,-0.004950495049504955
2022-04-04,2010,2020,1985,1995,413008,-0.007462686567164201
2022-04-05,2010,2015,1980,2000,348922,0.0025062656641603454
2022-04-06,1995,2000,1955,1965,656573,-0.01749999999999996
2022-04-07,1955,1990,1950,1950,402598,-0.007633587786259555
2022-04-08,1965,2080,1945,2000,1344925,0.02564102564102555
2022-04-11,1990,2365,1960,2100,35180015,0.050000000000000044
2022-04-12,2125,2155,1960,2015,5990199,-0.04047619047619044
2022-04-13,2005,2035,1970,1970,2052015,-0.022332506203473934
2022-04-14,1990,2080,1990,2005,4604855,0.017766497461928932
2022-04-15,2000,2025,1965,2005,1152160,0.0
2022-04-18,2000,2035,1990,2020,938384,0.007481296758104827
2022-04-19,2020,2040,1995,2015,882682,-0.0024752475247524774
2022-04-20,2025,2025,1985,1995,786874,-0.00992555831265507
2022-04-21,1995,2010,1990,1995,570739,0.0
2022-04-22,1985,1995,1950,1975,1003380,-0.010025062656641603
2022-04-25,1945,1950,1865,1870,1127782,-0.05316455696202527
2022-04-26,1900,1910,1870,1890,358908,0.010695187165775444
2022-04-27,1850,1905,1845,1900,476947,0.005291005291005346
2022-04-28,1900,1920,1870,1880,398180,-0.010526315789473717
2022-04-29,1885,1900,1875,1895,347170,0.007978723404255428
2022-05-02,1850,1920,1850,1915,269441,0.01055408970976246
2022-05-03,1925,1945,1905,1935,318259,0.010443864229765065
2022-05-04,1950,2100,1905,1905,3484566,-0.015503875968992276
2022-05-06,1860,1920,1855,1900,392995,-0.002624671916010457
2022-05-09,1880,1900,1850,1860,408099,-0.021052631578947323
2022-05-10,1830,1860,1750,1850,518106,-0.005376344086021501
2022-05-11,1820,1890,1820,1855,421807,0.002702702702702675
2022-05-12,1855,1865,1785,1790,439512,-0.035040431266846306
2022-05-13,1790,1825,1790,1805,259029,0.008379888268156499
2022-05-16,1815,1840,1805,1810,140255,0.0027700831024930483
2022-05-17,1810,1920,1805,1905,470434,0.05248618784530379
2022-05-18,1915,1945,1900,1910,480410,0.002624671916010568
2022-05-19,1870,1905,1845,1900,215728,-0.005235602094240788
2022-05-20,1895,1920,1880,1890,149818,-0.0052631578947368585
2022-05-23,1900,1905,1875,1890,200271,0.0
2022-05-24,1890,1905,1800,1840,281041,-0.02645502645502651
2022-05-25,1840,1915,1815,1830,303239,-0.005434782608695676
2022-05-26,1840,1870,1825,1830,133674,0.0
2022-05-27,1860,1860,1825,1830,131838,0.0
2022-05-30,1835,1895,1835,1895,311176,0.03551912568306004
2022-05-31,1890,1895,1825,1865,291093,-0.0158311345646438
2022-06-02,1870,1895,1855,1870,193841,0.002680965147453085
2022-06-03,1880,1915,1875,1900,336815,0.016042780748663166
2022-06-07,1895,1945,1880,1935,491800,0.018421052631578894
2022-06-08,1930,1945,1910,1915,269621,-0.01033591731266148
2022-06-09,1910,1930,1855,1885,223247,-0.015665796344647487
2022-06-10,1880,1895,1860,1870,202586,-0.007957559681697646
2022-06-13,1840,1850,1780,1800,390564,-0.03743315508021394
2022-06-14,1745,1820,1745,1775,375404,-0.01388888888888884
2022-06-15,1765,1790,1700,1725,390413,-0.028169014084507005
2022-06-16,1725,1775,1710,1710,152481,-0.008695652173912993
2022-06-17,1665,1710,1640,1710,281669,0.0
2022-06-20,1695,1720,1600,1640,543976,-0.040935672514619936
2022-06-21,1620,1680,1610,1665,220271,0.015243902439024293
2022-06-22,1655,1670,1510,1510,979103,-0.0930930930930931
2022-06-23,1510,1530,1420,1420,297868,-0.05960264900662249
2022-06-24,1390,1495,1390,1460,195982,0.028169014084507005
2022-06-27,1470,1545,1470,1530,179035,0.047945205479452024
2022-06-28,1530,1545,1505,1525,109544,-0.0032679738562091387
2022-06-29,1480,1550,1475,1525,117431,0.0
2022-06-30,1530,1530,1485,1505,120580,-0.013114754098360604
2022-07-01,1490,1515,1435,1435,335028,-0.046511627906976716
2022-07-04,1440,1480,1425,1455,213924,0.013937282229965264
2022-07-05,1450,1505,1450,1505,165984,0.03436426116838498
2022-07-06,1495,1495,1455,1460,128280,-0.029900332225913595
2022-07-07,1470,1490,1455,1485,93330,0.017123287671232834
2022-07-08,1485,1510,1480,1495,132203,0.006734006734006703
2022-07-11,1500,1525,1495,1515,208609,0.013377926421404673
2022-07-12,1510,1510,1460,1475,183896,-0.02640264026402639
2022-07-13,1455,1505,1445,1495,86214,0.013559322033898313
2022-07-14,1475,1600,1470,1530,302684,0.02341137123745818
2022-07-15,1525,1530,1490,1515,119587,-0.009803921568627416
2022-07-18,1515,1550,1505,1535,154134,0.013201320132013139
2022-07-19,1525,1580,1510,1560,195039,0.016286644951140072
2022-07-20,1580,1610,1560,1610,241980,0.03205128205128216
2022-07-21,1605,1640,1595,1625,295298,0.009316770186335477
2022-07-22,1635,1790,1540,1555,2428947,-0.043076923076923124
2022-07-25,1550,1570,1525,1545,205191,-0.006430868167202619
2022-07-26,1540,1555,1525,1540,86809,-0.003236245954692518
2022-07-27,1530,1550,1525,1545,73130,0.0032467532467532756
2022-07-28,1555,1585,1545,1555,206488,0.006472491909385036
2022-07-29,1560,1570,1545,1555,123202,0.0
2022-08-01,1560,1585,1545,1585,81593,0.019292604501607746
2022-08-02,1590,1845,1570,1655,17623552,0.04416403785488954
2022-08-03,1655,1670,1615,1635,1075564,-0.012084592145015116
2022-08-04,1640,1735,1615,1640,2257759,0.003058103975535076
2022-08-05,1660,1685,1650,1655,572299,0.009146341463414531
2022-08-08,1670,1670,1625,1630,323301,-0.015105740181268867
2022-08-09,1640,1660,1620,1635,337471,0.0030674846625766694
2022-08-10,1615,1630,1590,1610,268072,-0.015290519877675823
2022-08-11,1620,1770,1620,1675,4089414,0.04037267080745344
2022-08-12,1670,1825,1645,1700,7129765,0.014925373134328401
2022-08-16,1700,1745,1695,1705,625696,0.002941176470588225
2022-08-17,1725,1725,1675,1695,559338,-0.0058651026392961825
2022-08-18,1670,1705,1655,1705,392691,0.005899705014749346
2022-08-19,1695,1695,1670,1675,275656,-0.017595307917888547
2022-08-22,1660,1660,1625,1630,348053,-0.0268656716417911
2022-08-23,1615,1630,1585,1595,321112,-0.021472392638036797
2022-08-24,1605,1645,1595,1645,254881,0.03134796238244508
2022-08-25,1650,1710,1640,1670,396346,0.015197568389057725
2022-08-26,1680,1685,1635,1645,212890,-0.014970059880239472
2022-08-29,1580,1600,1560,1600,186576,-0.027355623100303927
2022-08-30,1595,1750,1595,1650,2178350,0.03125
2022-08-31,1660,1745,1640,1700,1182312,0.030303030303030276
2022-09-01,1695,1695,1650,1650,308527,-0.02941176470588236
2022-09-02,1660,1690,1640,1675,329310,0.015151515151515138
2022-09-05,1660,1665,1640,1660,269914,-0.008955223880596996
2022-09-06,1670,1680,1650,1675,130962,0.009036144578313143
2022-09-07,1675,1690,1610,1620,276687,-0.032835820895522394
2022-09-08,1640,1650,1620,1620,164502,0.0
2022-09-13,1630,1685,1620,1680,318085,0.03703703703703698
2022-09-14,1620,1660,1600,1660,168701,-0.011904761904761862
2022-09-15,1660,1665,1610,1625,243925,-0.02108433734939763
2022-09-16,1610,1625,1580,1595,371793,-0.018461538461538418
2022-09-19,1595,1750,1535,1535,2678536,-0.037617554858934144
2022-09-20,1535,1565,1525,1530,285828,-0.0032573289902280145
2022-09-21,1530,1755,1510,1550,9055094,0.013071895424836555
2022-09-22,1545,1575,1520,1555,703473,0.003225806451612856
2022-09-23,1550,1590,1495,1495,1011076,-0.03858520900321538
2022-09-26,1475,1495,1390,1400,700590,-0.0635451505016722
2022-09-27,1390,1715,1385,1535,25499576,0.09642857142857153
2022-09-28,1540,1540,1420,1485,3158071,-0.032573289902280145
2022-09-29,1495,1550,1440,1440,1956141,-0.030303030303030276
2022-09-30,1405,1455,1400,1415,716047,-0.01736111111111116
2022-10-04,1440,1470,1430,1470,525583,0.03886925795053009
2022-10-05,1490,1490,1440,1445,416987,-0.017006802721088454
2022-10-06,1460,1480,1455,1470,238993,0.01730103806228378
2022-10-07,1460,1470,1445,1460,231930,-0.006802721088435382
2022-10-11,1455,1460,1405,1410,509777,-0.03424657534246578
2022-10-12,1405,1430,1390,1400,491370,-0.007092198581560294
2022-10-13,1390,1405,1325,1325,677576,-0.0535714285714286
2022-10-14,1345,1370,1340,1370,260607,0.03396226415094339
2022-10-17,1340,1435,1335,1395,487480,0.018248175182481674
2022-10-18,1405,1420,1390,1420,222255,0.017921146953405076
2022-10-19,1430,1485,1400,1450,554370,0.021126760563380254
2022-10-20,1440,1465,1405,1435,189399,-0.010344827586206917
2022-10-21,1425,1450,1400,1400,245987,-0.024390243902439046
2022-10-24,1415,1450,1405,1420,187239,0.014285714285714235
2022-10-25,1430,1470,1420,1460,539942,0.028169014084507005
2022-10-26,1460,1475,1430,1440,266164,-0.013698630136986356
2022-10-27,1450,1460,1420,1450,120083,0.00694444444444442
2022-10-28,1450,1450,1405,1415,207101,-0.024137931034482807
2022-10-31,1420,1465,1420,1440,174720,0.0176678445229681
2022-11-01,1440,1500,1430,1485,302282,0.03125
2022-11-02,1475,1480,1445,1460,206114,-0.01683501683501687
2022-11-03,1440,1475,1430,1460,118110,0.0
2022-11-04,1460,1475,1420,1470,152000,0.006849315068493178
2022-11-07,1470,1475,1440,1470,105324,0.0
2022-11-08,1470,1595,1465,1495,3906102,0.017006802721088343
2022-11-09,1505,1530,1485,1515,615842,0.013377926421404673
2022-11-10,1505,1545,1505,1520,409158,0.0033003300330032292
2022-11-11,1550,1550,1500,1505,889290,-0.009868421052631526
2022-11-14,1505,1570,1480,1500,1075530,-0.0033222591362126463
2022-11-15,1505,1520,1490,1515,579447,0.010000000000000009
2022-11-16,1505,1510,1475,1480,287149,-0.02310231023102305
2022-11-17,1480,1500,1445,1450,268493,-0.020270270270270285
2022-11-18,1450,1460,1425,1440,276338,-0.006896551724137945
2022-11-21,1440,1445,1405,1420,240044,-0.01388888888888884
2022-11-22,1420,1435,1405,1420,183469,0.0
2022-11-23,1425,1510,1420,1450,317187,0.021126760563380254
2022-11-24,1440,1470,1440,1465,170419,0.010344827586206806
2022-11-25,1475,1475,1430,1460,98498,-0.0034129692832765013
2022-11-28,1445,1460,1410,1415,161737,-0.03082191780821919
2022-11-29,1415,1435,1415,1435,75497,0.014134275618374659
2022-11-30,1425,1430,1410,1415,85578,-0.013937282229965153
2022-12-01,1425,1450,1420,1445,158413,0.021201413427561766
2022-12-02,1450,1455,1430,1445,145562,0.0
2022-12-05,1440,1515,1440,1465,656823,0.01384083044982698
2022-12-06,1460,1525,1445,1465,998826,0.0
2022-12-07,1470,1480,1445,1465,282138,0.0
2022-12-08,1455,1465,1410,1425,307589,-0.027303754266211566
2022-12-09,1415,1440,1415,1420,183382,-0.0035087719298245723
2022-12-12,1430,1445,1410,1435,118076,0.010563380281690238
2022-12-13,1440,1445,1425,1440,168949,0.0034843205574912606
2022-12-14,1435,1455,1430,1440,176849,0.0
2022-12-15,1435,1475,1430,1445,283973,0.003472222222222321
2022-12-16,1430,1435,1395,1425,236169,-0.01384083044982698
2022-12-19,1420,1420,1370,1405,208918,-0.01403508771929829
2022-12-20,1400,1405,1340,1350,318327,-0.039145907473309594
2022-12-21,1340,1365,1340,1350,186242,0.0
2022-12-22,1345,1365,1345,1355,44402,0.0037037037037037646
2022-12-23,1345,1345,1285,1310,662073,-0.03321033210332103
2022-12-26,1325,1350,1310,1345,184340,0.026717557251908497
2022-12-27,1330,1375,1330,1355,163771,0.0074349442379182396
2022-12-28,1345,1375,1325,1355,164402,0.0
2022-12-29,1350,1375,1325,1355,172705,0.0
2023-01-02,1345,1365,1320,1355,83929,0.0
2023-01-03,1340,1370,1325,1360,117124,0.0036900369003689537
2023-01-04,1340,1385,1340,1380,128568,0.014705882352941124
2023-01-05,1380,1410,1370,1395,176584,0.010869565217391353
2023-01-06,1390,1410,1380,1400,71854,0.0035842293906809264
2023-01-09,1405,1410,1380,1395,171349,-0.0035714285714285587
2023-01-10,1390,1410,1385,1405,79418,0.007168458781362075
2023-01-11,1400,1420,1400,1410,144579,0.003558718861210064
2023-01-12,1410,1420,1400,1420,126295,0.007092198581560183
2023-01-13,1420,1485,1420,1430,957939,0.007042253521126751
2023-01-16,1430,1430,1400,1410,147129,-0.013986013986013957
2023-01-17,1405,1410,1385,1390,131961,-0.014184397163120588
2023-01-18,1385,1420,1375,1390,174918,0.0
2023-01-19,1400,1400,1375,1385,52275,-0.003597122302158251
2023-01-20,1385,1390,1375,1385,49147,0.0
2023-01-25,1383,1390,1376,1388,92946,0.0021660649819494893
2023-01-26,1381,1394,1381,1393,105603,0.0036023054755043304
2023-01-27,1397,1399,1384,1387,149823,-0.004307250538406304
2023-01-30,1387,1392,1365,1371,176390,-0.011535688536409516
2023-01-31,1372,1377,1357,1370,82418,-0.0007293946024798936
2023-02-01,1368,1374,1357,1366,189200,-0.0029197080291970545
2023-02-02,1370,1374,1363,1370,162169,0.002928257686676483
2023-02-03,1372,1391,1372,1384,128268,0.010218978102189746
2023-02-06,1384,1411,1375,1396,246963,0.00867052023121384
2023-02-07,1394,1401,1389,1397,83269,0.0007163323782235498
2023-02-08,1400,1400,1381,1397,154253,0.0
2023-02-09,1398,1398,1382,1393,115858,-0.0028632784538296097
2023-02-10,1393,1404,1363,1394,282034,0.00071787508973431
2023-02-13,1394,1450,1393,1425,510003,0.02223816355810615
2023-02-14,1426,1449,1426,1436,418217,0.007719298245614015
2023-02-15,1439,1495,1350,1360,3151568,-0.05292479108635095
2023-02-16,1361,1374,1360,1366,340727,0.004411764705882337
2023-02-17,1377,1411,1369,1384,972375,0.013177159590043841
2023-02-20,1380,1387,1357,1383,310512,-0.0007225433526011349
2023-02-21,1372,1386,1372,1379,158388,-0.002892263195950817
2023-02-22,1374,1378,1352,1356,280003,-0.01667875271936181
2023-02-23,1355,1367,1350,1363,267376,0.005162241887905594
2023-02-24,1363,1373,1344,1352,201459,-0.00807043286867204
2023-02-27,1352,1352,1320,1329,199057,-0.017011834319526575
2023-02-28,1325,1334,1319,1328,124266,-0.0007524454477050302
2023-03-02,1328,1337,1317,1317,164015,-0.008283132530120474
2023-03-03,1310,1336,1310,1330,210444,0.009870918754745661
2023-03-06,1330,1348,1330,1342,164205,0.009022556390977376
2023-03-07,1335,1394,1329,1360,264262,0.013412816691505292
2023-03-08,1338,1350,1337,1339,88674,-0.01544117647058818
2023-03-09,1342,1342,1315,1315,158871,-0.017923823749066425
2023-03-10,1300,1334,1294,1325,223780,0.0076045627376426506
2023-03-13,1303,1315,1279,1313,139041,-0.00905660377358486
2023-03-14,1303,1304,1259,1260,441746,-0.04036557501904037
2023-03-15,1271,1320,1271,1314,212195,0.04285714285714293
2023-03-16,1309,1315,1279,1307,222703,-0.0053272450532724225
2023-03-17,1307,1352,1307,1343,195031,0.02754399387911244
2023-03-20,1334,1428,1333,1362,294174,0.014147431124348575
2023-03-21,1347,1367,1347,1353,237027,-0.0066079295154185536
2023-03-22,1359,1389,1342,1380,419852,0.019955654101995624
2023-03-23,1370,1403,1367,1394,385719,0.010144927536231974
2023-03-24,1400,1432,1400,1432,791767,0.027259684361549574
2023-03-27,1456,1477,1437,1458,563588,0.018156424581005526
2023-03-28,1465,1488,1441,1487,603368,0.01989026063100141
2023-03-29,1486,1588,1481,1584,1492801,0.06523201075991936
2023-03-30,1597,1628,1584,1614,948032,0.018939393939394034
2023-03-31,1630,1678,1616,1676,1094494,0.038413878562577386
2023-04-03,1726,1801,1675,1740,4238966,0.038186157517899666
2023-04-04,1760,1800,1754,1781,1386290,0.023563218390804552
2023-04-05,1781,1804,1699,1779,1265991,-0.001122964626614209
2023-04-06,1750,1851,1725,1746,3297616,-0.018549747048903886
2023-04-07,1740,1838,1736,1809,1530133,0.03608247422680422
2023-04-10,1897,1897,1668,1709,3687991,-0.05527915975677167
2023-04-11,1710,1740,1650,1687,1389436,-0.012873025160912821
2023-04-12,1693,1745,1693,1723,1589706,0.021339656194427903
2023-04-13,1722,1722,1669,1691,701690,-0.018572257690075422
2023-04-14,1690,1718,1665,1679,788546,-0.007096392667060858
2023-04-17,1684,1709,1660,1699,943279,0.011911852293031489
2023-04-18,1704,1710,1655,1665,496359,-0.020011771630370823
2023-04-19,1668,1676,1610,1655,622904,-0.006006006006005982
2023-04-20,1664,1664,1590,1600,780406,-0.033232628398791486
2023-04-21,1600,1615,1552,1600,407371,0.0
2023-04-24,1600,1620,1539,1549,496891,-0.03187499999999999
2023-04-25,1555,1592,1515,1563,543755,0.009038089089735246
2023-04-26,1563,1563,1511,1511,685150,-0.033269353806781865
2023-04-27,1518,1585,1510,1570,284296,0.03904698874917267
2023-04-28,1578,1588,1529,1547,275915,-0.014649681528662417
2023-05-02,1547,1600,1525,1584,490968,0.023917259211376773
2023-05-03,1600,1700,1583,1649,1806683,0.04103535353535359
2023-05-04,1630,1660,1562,1571,774156,-0.047301394784718065
2023-05-08,1604,1783,1595,1607,6447679,0.02291534054742206
2023-05-09,1600,1641,1569,1606,1082363,-0.000622277535780924
2023-05-10,1606,1720,1591,1684,2989243,0.04856787048567868
2023-05-11,1684,1687,1631,1649,1322976,-0.02078384798099764
2023-05-12,1651,1900,1600,1725,15227622,0.04608853850818684
2023-05-15,1710,1905,1691,1713,18775287,-0.006956521739130417
2023-05-16,1735,1736,1595,1601,2979405,-0.06538237011091652
2023-05-17,1591,1625,1570,1580,1240318,-0.01311680199875076
2023-05-18,1605,1640,1593,1629,946216,0.031012658227848044
2023-05-19,1632,1656,1611,1635,740145,0.0036832412523020164
2023-05-22,1618,1639,1600,1614,843470,-0.012844036697247652
2023-05-23,1619,1674,1616,1648,1047748,0.02106567534076831
2023-05-24,1650,1665,1602,1635,575861,-0.007888349514563076
2023-05-25,1654,1654,1585,1611,720818,-0.014678899082568808
2023-05-26,1599,1611,1578,1594,558842,-0.01055245189323406
2023-05-30,1595,1615,1585,1595,346212,0.0006273525721456341
2023-05-31,1595,1595,1561,1571,592188,-0.015047021943573657
2023-06-01,1567,1649,1567,1617,847288,0.029280712921705865
2023-06-02,1630,1641,1613,1624,319817,0.0043290043290042934
2023-06-05,1630,1640,1580,1620,267484,-0.0024630541871921707
2023-06-07,1630,1632,1609,1619,260903,-0.0006172839506173311
2023-06-08,1602,1636,1601,1617,235479,-0.001235330450895633
2023-06-09,1610,1626,1590,1596,413698,-0.012987012987012991
2023-06-12,1615,1667,1601,1640,786124,0.027568922305764465
2023-06-13,1642,1691,1619,1645,932572,0.0030487804878047697
2023-06-14,1646,1656,1597,1607,627838,-0.02310030395136775
2023-06-15,1607,1618,1550,1570,567227,-0.02302426882389541
2023-06-16,1570,1585,1550,1554,377437,-0.010191082802547768
2023-06-19,1554,1578,1536,1577,427849,0.014800514800514808
2023-06-20,1561,1578,1538,1543,305602,-0.021559923906150913
2023-06-21,1526,1539,1505,1513,429591,-0.01944264419961117
2023-06-22,1545,1966,1508,1966,48034407,0.2994051553205552
2023-06-23,2155,2520,2030,2300,184559706,0.16988809766022372
2023-06-26,2350,2695,2295,2315,86826539,0.006521739130434856
2023-06-27,2435,2475,2290,2320,25129165,0.002159827213822796
2023-06-28,2320,2530,2260,2530,42765044,0.09051724137931028
2023-06-29,2635,2635,2160,2160,24391949,-0.1462450592885376
2023-06-30,2180,2240,2110,2175,13394727,0.00694444444444442
2023-07-03,2175,2270,2175,2220,8180916,0.020689655172413834
2023-07-04,2230,2300,2140,2260,10142726,0.018018018018018056
2023-07-05,2240,2340,2170,2190,17848527,-0.030973451327433676
2023-07-06,2190,2190,2050,2095,6485877,-0.04337899543378998
2023-07-07,2070,2100,2010,2040,3921569,-0.026252983293556076
2023-07-10,2050,2135,2025,2045,8051845,0.002450980392156854
2023-07-11,2085,2270,2070,2190,25390317,0.07090464547677255
2023-07-12,2150,2230,2135,2180,7105149,-0.004566210045662156
2023-07-13,2210,2330,2120,2150,17350996,-0.013761467889908285
2023-07-14,2150,2160,1934,1946,7991299,-0.09488372093023256
2023-07-17,1965,1975,1904,1938,2978875,-0.004110996916752319
2023-07-18,1934,2145,1855,1977,21623807,0.020123839009287936
2023-07-19,2035,2210,2015,2105,35175766,0.06474456246838645
2023-07-20,2045,2055,1960,1960,5402167,-0.06888361045130642
2023-07-21,1940,1976,1868,1872,3532595,-0.04489795918367345
2023-07-24,1852,1855,1796,1807,2663238,-0.03472222222222221
2023-07-25,1801,1829,1735,1751,2480672,-0.030990592141671325
2023-07-26,1743,1762,1593,1640,4266053,-0.06339234723015419
2023-07-27,1634,1685,1610,1622,2226416,-0.01097560975609757
2023-07-28,1608,1674,1608,1652,1319846,0.018495684340320562
2023-07-31,1676,1715,1661,1688,1139182,0.021791767554479424
2023-08-01,1682,1750,1681,1713,1708963,0.014810426540284416
2023-08-02,1717,2160,1717,2095,57867610,0.22300058377116172
2023-08-03,1973,2435,1870,1958,50692845,-0.06539379474940332
2023-08-04,1825,1944,1768,1850,8825983,-0.05515832482124616
2023-08-07,1860,2100,1791,1970,18244779,0.06486486486486487
2023-08-08,2000,2150,1770,1776,13916052,-0.09847715736040608
2023-08-09,1752,1844,1725,1793,3485871,0.009572072072072002
2023-08-10,1787,1806,1731,1761,2723744,-0.01784718349135528
2023-08-11,1761,1850,1758,1819,2481384,0.03293583191368543
2023-08-14,1870,1897,1800,1818,4688254,-0.0005497526113249496
2023-08-16,1805,2065,1805,1980,15308954,0.08910891089108919
2023-08-17,1871,1881,1640,1656,6341287,-0.1636363636363637
2023-08-18,1656,1685,1596,1600,2621812,-0.033816425120772986
2023-08-21,1576,1659,1574,1620,1994750,0.012499999999999956
2023-08-22,1610,1638,1594,1601,1343447,-0.011728395061728403
2023-08-23,1613,1670,1598,1640,2799100,0.02435977514053711
2023-08-24,1642,1689,1619,1622,1623625,-0.01097560975609757
2023-08-25,1619,1621,1576,1581,1506197,-0.02527743526510484
2023-08-28,1586,1625,1586,1614,1067697,0.020872865275142205
2023-08-29,1621,1805,1621,1691,8595888,0.04770755885997513
2023-08-30,1697,1990,1697,1946,43104083,0.15079834417504445
2023-08-31,2365,2425,2010,2015,56767585,0.035457348406988665
2023-09-01,1989,2065,1898,1946,12309791,-0.03424317617866002
2023-09-04,2090,2180,1984,1984,20271008,0.019527235354573458
2023-09-05,1984,2135,1951,1995,10008471,0.005544354838709742
2023-09-06,2010,2025,1931,1959,3284221,-0.018045112781954864
2023-09-07,1940,1965,1876,1900,3683916,-0.03011740684022457
2023-09-08,1899,1932,1859,1899,2278004,-0.000526315789473708
2023-09-11,1890,1899,1836,1844,1460434,-0.02896261190100058
2023-09-12,1844,2135,1844,1911,20504111,0.03633405639913234
2023-09-13,1977,2030,1801,1801,7371328,-0.057561486132914674
2023-09-14,1780,1866,1772,1778,2752195,-0.01277068295391448
2023-09-15,1793,1816,1778,1791,1266909,0.007311586051743424
2023-09-18,1791,1810,1746,1750,1165859,-0.022892238972641032
2023-09-19,1742,1756,1706,1706,1320732,-0.025142857142857133
2023-09-20,1703,1730,1703,1707,791938,0.0005861664712778492
2023-09-21,1700,1738,1680,1700,936970,-0.004100761570005829
2023-09-22,1688,1688,1648,1652,980303,-0.028235294117647025
2023-09-25,1652,1672,1616,1623,895870,-0.017554479418886215
2023-09-26,1625,1656,1591,1593,821056,-0.01848428835489835
2023-09-27,1576,1624,1576,1607,458614,0.00878844946641566
2023-10-04,1597,1794,1566,1605,4123209,-0.001244555071561959
2023-10-05,1600,1669,1589,1590,1113452,-0.009345794392523366
2023-10-06,1590,1650,1590,1648,708500,0.03647798742138364
2023-10-10,1637,1668,1600,1610,907041,-0.02305825242718451
2023-10-11,1612,1717,1612,1682,2069108,0.044720496894409933
2023-10-12,1693,1742,1687,1724,1138033,0.024970273483947647
2023-10-13,1723,1724,1652,1673,774738,-0.029582366589327114
2023-10-16,1640,1667,1612,1619,614998,-0.03227734608487742
2023-10-17,1622,1715,1622,1674,1033535,0.033971587399629355
2023-10-18,1636,1653,1621,1622,1024970,-0.031063321385902065
2023-10-19,1614,1618,1530,1530,1310819,-0.0567200986436498
2023-10-20,1515,1976,1457,1912,70929984,0.2496732026143791
2023-10-23,2055,2250,1855,1940,73800650,0.014644351464435212
2023-10-24,1904,1948,1805,1905,17784714,-0.01804123711340211
2023-10-25,2075,2135,1829,1829,33918553,-0.039895013123359635
2023-10-26,1777,1849,1676,1676,8907264,-0.08365226899945322
2023-10-27,1671,1688,1607,1607,5057031,-0.04116945107398573
2023-10-30,1566,1644,1562,1587,3959310,-0.012445550715619147
2023-10-31,1629,1785,1629,1668,20249900,0.051039697542533125
2023-11-01,1686,1865,1667,1825,28738103,0.09412470023980823
2023-11-02,1785,1830,1761,1824,6734315,-0.0005479452054794054
2023-11-03,1812,1842,1750,1841,5622742,0.009320175438596534
2023-11-06,1830,1831,1779,1782,3803791,-0.032047800108636615
2023-11-07,1830,1978,1826,1827,22750159,0.025252525252525304
2023-11-08,1838,1855,1761,1765,3568081,-0.033935413245758106
2023-11-09,1760,1783,1683,1686,2322404,-0.0447592067988668
2023-11-10,1679,1717,1651,1700,1851859,0.008303677342823335
2023-11-13,1701,1734,1650,1680,1549930,-0.0117647058823529
2023-11-14,1681,1738,1675,1717,1941892,0.022023809523809446
2023-11-15,1734,1778,1731,1765,1776784,0.02795573675014551
2023-11-16,1777,1884,1743,1806,14305663,0.02322946175637397
2023-11-17,1809,1825,1760,1772,2579602,-0.018826135105204922
2023-11-20,1770,1797,1765,1772,1484656,0.0
2023-11-21,1776,1789,1746,1763,1264004,-0.005079006772009009
2023-11-22,1775,1806,1758,1762,1674191,-0.0005672149744753163
2023-11-23,1763,1784,1700,1701,1607200,-0.0346197502837684
2023-11-24,1710,1735,1699,1701,729623,0.0
2023-11-27,1727,1858,1723,1814,11655795,0.06643151087595522
2023-11-28,1838,1878,1778,1784,4985650,-0.016538037486218293
2023-11-29,1786,1836,1766,1813,2409026,0.016255605381165994
2023-11-30,1838,1939,1820,1830,12945423,0.009376723662438025
2023-12-01,1922,1966,1816,1820,16386174,-0.005464480874316946
2023-12-04,1867,1867,1760,1780,2916573,-0.02197802197802201
2023-12-05,1770,1791,1700,1708,2555906,-0.04044943820224722
2023-12-06,1705,1768,1671,1705,2441386,-0.0017564402810303914
2023-12-07,1709,1731,1694,1698,1018249,-0.004105571847507372
2023-12-08,1710,1729,1700,1709,731395,0.006478209658421719
2023-12-11,1712,1730,1706,1712,988463,0.0017554125219425565
2023-12-12,1718,1719,1694,1697,884161,-0.008761682242990676
2023-12-13,1703,1707,1669,1669,836132,-0.016499705362404193
2023-12-14,1673,1694,1658,1658,811020,-0.006590772917914878
2023-12-15,1657,1695,1657,1679,1112777,0.01266586248492163
2023-12-18,1679,1687,1671,1678,533452,-0.0005955926146515855
2023-12-19,1679,1894,1652,1750,18244603,0.042908224076281254
2023-12-20,1740,1770,1721,1725,2025708,-0.014285714285714235
2023-12-21,1715,1724,1697,1703,968482,-0.012753623188405783
2023-12-22,1714,1728,1680,1680,1054695,-0.01350557839107458
2023-12-26,1689,1699,1650,1650,901852,-0.017857142857142905
2023-12-27,1647,1676,1642,1664,670639,0.00848484848484854
2023-12-28,1665,1677,1657,1663,598754,-0.0006009615384615641
2024-01-02,1666,1688,1664,1681,572449,0.010823812387251941
2024-01-03,1675,1683,1668,1676,454809,-0.002974419988102328
2024-01-04,1674,1841,1662,1706,7967340,0.017899761336515496
2024-01-05,1705,1800,1690,1726,5651247,0.011723329425556761
2024-01-08,1734,1752,1727,1733,1150474,0.004055619930475096
2024-01-09,1738,1755,1725,1747,1112590,0.008078476630121179
2024-01-10,1740,1785,1727,1736,1895738,-0.006296508299942771
2024-01-11,1738,1748,1715,1715,829099,-0.012096774193548376
2024-01-12,1715,1732,1700,1709,714565,-0.0034985422740524408
2024-01-15,1712,1810,1711,1804,4230347,0.05558806319485088
2024-01-16,1759,1774,1720,1720,2162869,-0.04656319290465627
2024-01-17,1730,1734,1661,1661,1433836,-0.03430232558139534
2024-01-18,1657,1683,1650,1665,682998,0.0024081878386514877
2024-01-19,1670,1705,1670,1687,793610,0.013213213213213226
2024-01-22,1700,1717,1670,1689,1057045,0.0011855364552459946
2024-01-23,1689,1720,1663,1679,890203,-0.005920663114268754
2024-01-24,1679,1706,1675,1682,803001,0.0017867778439546456
2024-01-25,1682,1725,1676,1719,953159,0.0219976218787159
2024-01-26,1706,1858,1694,1858,11702106,0.0808609656777195
2024-01-29,2125,2415,2015,2090,98425136,0.12486544671689992
2024-01-30,2195,2320,2075,2090,42880769,0.0
2024-01-31,2035,2595,2035,2375,128640473,0.13636363636363646
2024-02-01,2305,2530,2135,2190,42662892,-0.07789473684210524
2024-02-02,2195,2195,2060,2075,12355074,-0.05251141552511418
2024-02-05,2110,2255,2080,2125,17868732,0.024096385542168752
2024-02-06,2105,2145,1991,2075,7544330,-0.02352941176470591
2024-02-07,2085,2125,2015,2085,4955728,0.004819277108433662
2024-02-08,2065,2160,2060,2075,5606682,-0.004796163069544335
2024-02-13,2100,2225,2095,2195,9498538,0.05783132530120483
2024-02-14,2160,2220,2110,2200,5346876,0.002277904328018332
2024-02-15,2310,2385,2170,2180,21450700,-0.009090909090909038
2024-02-16,2150,2170,2055,2105,5642298,-0.0344036697247706
2024-02-19,2080,2100,2045,2090,2803009,-0.0071258907363420665
2024-02-20,2095,2135,1974,1975,4852242,-0.055023923444976086
2024-02-21,1947,1977,1908,1911,3032189,-0.032405063291139236
2024-02-22,1905,1923,1864,1883,2366911,-0.0146520146520146
2024-02-23,1890,1935,1850,1915,2852018,0.0169941582580988
2024-02-26,1924,1949,1905,1932,2140683,0.008877284595300239
2024-02-27,1934,1938,1880,1907,1589914,-0.012939958592132483
2024-02-28,1910,1934,1880,1885,1657277,-0.011536444677503921
2024-02-29,1913,1946,1908,1922,2423580,0.019628647214854134
2024-03-04,1927,1929,1865,1865,1701679,-0.0296566077003122
2024-03-05,1865,1880,1848,1862,1019598,-0.0016085790884718953
2024-03-06,1842,1862,1816,1831,1252181,-0.016648764769065516
2024-03-07,1882,2000,1827,1833,7105320,0.0010922992900055384
2024-03-08,1835,1845,1809,1814,1381384,-0.010365521003818823
2024-03-11,1821,1833,1800,1802,1107871,-0.006615214994487362
2024-03-12,1800,1809,1770,1800,1061786,-0.0011098779134295356
2024-03-13,1806,1818,1790,1797,819795,-0.0016666666666667052
2024-03-14,1805,1821,1789,1816,741304,0.01057317751808573
2024-03-15,1816,1845,1792,1835,1029983,0.010462555066079293
2024-03-18,1825,1934,1825,1895,3659251,0.032697547683923744
2024-03-19,1883,1892,1846,1866,1289470,-0.015303430079155689
2024-03-20,1899,1900,1835,1835,1241949,-0.016613076098606627
2024-03-21,1835,1858,1832,1841,1024116,0.003269754768392419
2024-03-22,1870,1889,1827,1827,1537071,-0.0076045627376425395
2024-03-25,1837,1837,1806,1806,818146,-0.011494252873563204
2024-03-26,1800,1820,1795,1805,593449,-0.0005537098560354226
2024-03-27,1815,1822,1773,1775,1121739,-0.0166204986149584
2024-03-28,1780,1809,1775,1779,490250,0.0022535211267604716
2024-03-29,1782,1801,1775,1778,537593,-0.0005621135469364713
2024-04-01,1765,1789,1763,1788,420096,0.0056242969628796935
2024-04-02,1791,1792,1745,1759,786338,-0.016219239373601813
2024-04-03,1755,1755,1722,1726,669604,-0.018760659465605456
2024-04-04,1726,1738,1693,1700,846090,-0.015063731170335992
2024-04-05,1692,1716,1659,1706,911984,0.003529411764705781
2024-04-08,1710,1713,1675,1680,562732,-0.015240328253223967
2024-04-09,1683,1722,1683,1701,653598,0.012499999999999956
2024-04-11,1685,1710,1656,1701,489652,0.0
2024-04-12,1700,1733,1685,1715,483420,0.008230452674897082
2024-04-15,1695,1729,1681,1719,466929,0.0023323615160348865
2024-04-16,1720,1762,1691,1700,975964,-0.01105293775450844
2024-04-17,1701,1871,1701,1765,7818509,0.038235294117647145
2024-04-18,1778,1810,1767,1798,1758168,0.018696883852691304
2024-04-19,1821,1835,1760,1791,2718057,-0.0038932146829810943
2024-04-22,1795,1795,1741,1752,899431,-0.021775544388609736
2024-04-23,1764,1864,1755,1781,4060916,0.016552511415525162
2024-04-24,1793,1803,1767,1771,1230204,-0.005614823133071267
2024-04-25,1799,1836,1772,1777,1976989,0.0033879164313947996
2024-04-26,1794,1855,1762,1840,4089743,0.03545301069217777
2024-04-29,1820,1845,1812,1828,1145824,-0.006521739130434745
2024-04-30,1826,1838,1807,1832,1147567,0.002188183807439792
2024-05-02,1821,1831,1798,1812,669285,-0.01091703056768556
2024-05-03,1822,1855,1804,1818,3160413,0.0033112582781456013
2024-05-07,1842,1862,1820,1821,2612134,0.0016501650165017256
2024-05-08,1820,1899,1800,1852,3822697,0.017023613399231197
2024-05-09,1852,1852,1820,1820,1007945,-0.017278617710583144
2024-05-10,1819,1825,1786,1788,996031,-0.01758241758241763
2024-05-13,1800,1800,1755,1755,542949,-0.01845637583892612
2024-05-14,1751,1763,1731,1758,363979,0.0017094017094017033
2024-05-16,1770,1820,1765,1818,1140524,0.03412969283276457
2024-05-17,1791,1872,1781,1868,2680679,0.027502750275027577
2024-05-20,1830,1854,1801,1808,1317162,-0.032119914346895095
2024-05-21,1808,2080,1806,2040,58493574,0.12831858407079655
2024-05-22,1996,2090,1970,2030,15074955,-0.004901960784313708
2024-05-23,1985,2010,1875,1886,5402147,-0.07093596059113305
2024-05-24,1864,1884,1801,1810,3415606,-0.040296924708377535
2024-05-27,1816,1954,1816,1839,7257893,0.01602209944751376
2024-05-28,1832,1844,1806,1806,1297785,-0.01794453507340943
2024-05-29,1812,1831,1753,1753,1733092,-0.029346622369878173
2024-05-30,1757,1768,1708,1710,942266,-0.02452937820878498
2024-05-31,1714,1751,1710,1734,639814,0.01403508771929829
2024-06-03,1734,1776,1734,1764,877550,0.01730103806228378
2024-06-04,1760,1769,1740,1742,584966,-0.012471655328798237
2024-06-05,1749,1765,1742,1742,511554,0.0
2024-06-07,1744,1777,1744,1774,414219,0.018369690011481143
2024-06-10,1775,1776,1748,1768,526370,-0.0033821871476887866
2024-06-11,1768,1896,1765,1785,4933381,0.009615384615384581
2024-06-12,1784,1801,1773,1777,637782,-0.004481792717086819
2024-06-13,1781,1793,1769,1769,591495,-0.0045019696117051256
2024-06-14,1769,1779,1747,1748,604594,-0.011871113623516116
2024-06-17,1748,1756,1717,1717,574770,-0.017734553775743733
2024-06-18,1717,1734,1709,1714,363713,-0.0017472335468841083
2024-06-19,1710,1731,1710,1720,389116,0.003500583430571691
2024-06-20,1720,1744,1712,1712,285371,-0.0046511627906976605
2024-06-21,1712,1717,1671,1674,733802,-0.02219626168224298
2024-06-24,1674,1687,1657,1660,440809,-0.008363201911589013
2024-06-25,1660,1698,1654,1687,349695,0.016265060240963747
2024-06-26,1700,1730,1687,1687,323813,0.0
2024-06-27,1687,1693,1665,1665,252203,-0.01304090100770594
2024-06-28,1660,1675,1660,1661,240685,-0.002402402402402415
2024-07-01,1661,1700,1654,1685,270996,0.014449127031908482
2024-07-02,1698,1698,1658,1660,253494,-0.014836795252225476
2024-07-03,1661,1671,1604,1604,575071,-0.03373493975903619
2024-07-04,1595,1635,1590,1604,377894,0.0
2024-07-05,1604,1615,1597,1603,211782,-0.0006234413965087171
2024-07-08,1604,1634,1602,1625,206002,0.013724266999376233
2024-07-09,1625,1639,1621,1625,174654,0.0
2024-07-10,1630,1630,1614,1614,118123,-0.00676923076923075
2024-07-11,1612,1779,1611,1646,4937606,0.019826517967781898
2024-07-12,1637,1642,1612,1617,442631,-0.01761846901579589
2024-07-15,1630,1648,1620,1635,321273,0.011131725417439675
2024-07-16,1640,1648,1607,1624,263730,-0.006727828746177389
2024-07-17,1629,1646,1608,1628,676854,0.0024630541871921707
2024-07-18,1628,1628,1590,1601,411521,-0.016584766584766597
2024-07-19,1596,1608,1591,1604,206477,0.0018738288569644101
2024-07-22,1597,1602,1531,1536,549036,-0.04239401496259354
2024-07-23,1530,1557,1522,1522,361482,-0.00911458333333337
2024-07-24,1507,1590,1507,1512,307857,-0.006570302233902758
2024-07-25,1501,1519,1483,1502,308190,-0.006613756613756627
2024-07-26,1496,1523,1495,1521,246091,0.012649800266311573
2024-07-29,1510,1535,1510,1523,194782,0.0013149243918475495
2024-07-30,1528,1528,1469,1472,556622,-0.03348653972422855
2024-07-31,1473,1620,1461,1503,1486486,0.021059782608695565
2024-08-01,1515,1573,1512,1551,635604,0.031936127744510934
2024-08-02,1535,1535,1480,1494,497556,-0.03675048355899424
2024-08-05,1479,1483,1235,1285,1343770,-0.13989290495314588
2024-08-06,1181,1368,1181,1345,1002762,0.04669260700389111
2024-08-07,1320,1401,1320,1373,424302,0.020817843866171026
2024-08-08,1371,1371,1315,1315,306767,-0.04224326292789515
2024-08-09,1322,1369,1322,1364,192994,0.03726235741444861
2024-08-12,1357,1395,1357,1383,161934,0.013929618768328433
2024-08-13,1380,1393,1359,1374,183267,-0.006507592190889366
2024-08-14,1383,1427,1377,1398,345394,0.017467248908296984
2024-08-16,1407,1425,1393,1401,224857,0.0021459227467810482
2024-08-19,1400,1410,1376,1383,180285,-0.012847965738758016
2024-08-20,1383,1422,1383,1417,305645,0.024584237165582
2024-08-21,1417,1518,1400,1417,1078664,0.0
2024-08-22,1425,1447,1396,1407,254400,-0.007057163020465773
2024-08-23,1394,1410,1392,1393,172217,-0.00995024875621886
2024-08-26,1393,1429,1365,1403,235500,0.007178750897343766
2024-08-27,1384,1408,1383,1394,196974,-0.00641482537419813
2024-08-28,1393,1401,1344,1350,299472,-0.031563845050215256
2024-08-29,1336,1349,1330,1335,139414,-0.011111111111111072
2024-08-30,1330,1365,1330,1355,206301,0.014981273408239737
2024-09-02,1355,1358,1326,1337,144998,-0.013284132841328455
2024-09-03,1337,1351,1320,1324,167594,-0.00972326103216159
2024-09-04,1295,1314,1276,1276,291338,-0.03625377643504535
2024-09-05,1272,1310,1262,1262,267633,-0.010971786833855801
2024-09-06,1254,1273,1225,1225,318967,-0.029318541996830483
2024-09-09,1198,1270,1196,1250,231660,0.020408163265306145
2024-09-10,1250,1285,1228,1230,161937,-0.016000000000000014
2024-09-11,1229,1295,1216,1216,257726,-0.011382113821138184
2024-09-12,1219,1272,1219,1267,190076,0.04194078947368429
2024-09-13,1265,1290,1252,1256,126585,-0.008681925808997626
2024-09-19,1256,1265,1225,1255,247528,-0.0007961783439490722
2024-09-20,1270,1378,1260,1263,1079514,0.0063745019920318224
2024-09-23,1251,1283,1245,1263,220805,0.0
2024-09-24,1260,1298,1257,1286,313744,0.01821060965954069
2024-09-25,1286,1414,1282,1322,1553752,0.027993779160186527
2024-09-26,1326,1353,1322,1335,290627,0.009833585476550777
2024-09-27,1335,1356,1322,1334,257405,-0.0007490636704119424
2024-09-30,1334,1339,1295,1296,227773,-0.028485757121439303
2024-10-02,1288,1311,1260,1311,256649,0.011574074074074181
2024-10-04,1297,1330,1290,1315,187962,0.0030511060259343914
2024-10-07,1310,1326,1307,1317,100779,0.001520912547528619
2024-10-08,1317,1329,1290,1293,166866,-0.018223234624145768
2024-10-10,1294,1316,1277,1280,207161,-0.010054137664346485
2024-10-11,1280,1293,1275,1275,133992,-0.00390625
2024-10-14,1275,1284,1269,1272,79831,-0.0023529411764705577
2024-10-15,1270,1301,1270,1295,157857,0.018081761006289332
2024-10-16,1291,1315,1273,1278,157536,-0.013127413127413168
2024-10-17,1280,1295,1270,1273,107484,-0.00391236306729259
2024-10-18,1264,1289,1229,1274,210235,0.0007855459544383603
2024-10-21,1268,1305,1267,1274,111515,0.0
2024-10-22,1262,1265,1213,1214,299980,-0.04709576138147564
2024-10-23,1214,1229,1201,1223,199527,0.007413509060955503
2024-10-24,1210,1215,1186,1197,231918,-0.021259198691741643
2024-10-25,1194,1206,1181,1182,176667,-0.01253132832080206
2024-10-28,1180,1223,1180,1215,194894,0.027918781725888353
2024-10-29,1202,1211,1191,1194,133995,-0.01728395061728394
2024-10-30,1191,1204,1191,1192,118337,-0.0016750418760469454
2024-10-31,1186,1279,1160,1223,521198,0.026006711409396033
2024-11-01,1224,1225,1194,1195,139213,-0.02289452166802941
2024-11-04,1200,1245,1199,1222,216779,0.02259414225941425
2024-11-05,1245,1295,1228,1236,553798,0.011456628477905184
2024-11-06,1236,1249,1218,1240,228476,0.003236245954692629
2024-11-07,1234,1245,1216,1224,90855,-0.012903225806451646
2024-11-08,1213,1245,1213,1221,146279,-0.002450980392156854
2024-11-11,1216,1221,1160,1162,443178,-0.04832104832104833
2024-11-12,1168,1168,1057,1093,941936,-0.05938037865748713
2024-11-13,1180,1385,1094,1094,16297669,0.0009149130832570851
2024-11-14,1066,1081,1021,1021,1593280,-0.06672760511883002
2024-11-15,1010,1049,982,1041,1342485,0.019588638589618013
2024-11-18,1031,1076,1030,1061,576084,0.019212295869356355
2024-11-19,1052,1064,1029,1033,417519,-0.02639019792648445
2024-11-20,1027,1033,1004,1023,267801,-0.009680542110358181
2024-11-21,1023,1036,1004,1013,245806,-0.009775171065493637
2024-11-22,1009,1035,1007,1019,152907,0.005923000987166915
2024-11-25,1040,1324,1030,1180,14139737,0.15799803729146222
2024-11-26,1138,1449,1130,1331,30080735,0.12796610169491518
2024-11-27,1330,1345,1278,1318,3526792,-0.009767092411720468
2024-11-28,1306,1523,1259,1372,28863866,0.04097116843702575
2024-11-29,1360,1520,1320,1321,16116920,-0.037172011661807614
2024-12-02,1321,1367,1271,1274,1922945,-0.03557910673732023
2024-12-03,1260,1379,1260,1300,3127384,0.020408163265306145
2024-12-04,1282,1492,1251,1335,22159890,0.026923076923076827
2024-12-05,1335,1428,1313,1388,11995773,0.03970037453183517
2024-12-06,1355,1382,1268,1287,3021525,-0.07276657060518732
2024-12-09,1250,1273,1120,1129,2345013,-0.12276612276612275
2024-12-10,1129,1234,1129,1220,1471575,0.08060230292294057
2024-12-11,1222,1293,1222,1281,876219,0.050000000000000044
2024-12-12,1290,1311,1265,1303,927010,0.01717408274785326
2024-12-13,1290,1305,1277,1294,535555,-0.0069071373752878085
2024-12-16,1300,1329,1296,1299,569223,0.003863987635239541
2024-12-17,1285,1314,1276,1291,498072,-0.006158583525789019
2024-12-18,1301,1301,1275,1297,292774,0.004647560030983655
2024-12-19,1318,1417,1282,1355,5950099,0.04471858134155737
2024-12-20,1355,1387,1281,1281,1903747,-0.05461254612546129
2024-12-23,1272,1304,1266,1272,842249,-0.007025761124121788
2024-12-24,1262,1284,1252,1256,620978,-0.012578616352201255
2024-12-26,1257,1264,1225,1230,448124,-0.02070063694267521
2024-12-27,1215,1241,1200,1222,436607,-0.006504065040650375
2024-12-30,1222,1253,1213,1245,373825,0.01882160392798693
2025-01-02,1250,1275,1239,1272,424227,0.02168674698795181
2025-01-03,1263,1305,1263,1302,536345,0.02358490566037741
2025-01-06,1323,1339,1308,1325,615098,0.01766513056835639
2025-01-07,1332,1337,1305,1320,288438,-0.0037735849056603765
2025-01-08,1312,1370,1310,1319,1216085,-0.0007575757575757347
2025-01-09,1319,1327,1311,1320,356934,0.0007581501137225999
2025-01-10,1321,1335,1311,1322,260535,0.0015151515151514694
2025-01-13,1333,1334,1304,1304,288486,-0.013615733736762503
2025-01-14,1306,1325,1303,1306,345639,0.0015337423312884457
2025-01-15,1308,1366,1297,1300,625711,-0.004594180704441064
2025-01-16,1301,1329,1300,1311,320354,0.00846153846153852
2025-01-17,1311,1316,1299,1302,248833,-0.006864988558352381
2025-01-20,1295,1313,1290,1311,223999,0.00691244239631339
2025-01-21,1311,1312,1261,1275,500766,-0.027459954233409634
2025-01-22,1275,1285,1252,1257,344726,-0.014117647058823568
2025-01-23,1257,1257,1220,1220,321276,-0.029435163086714344
2025-01-24,1220,1238,1205,1213,251626,-0.0057377049180328266
2025-01-31,1213,1217,1182,1183,308822,-0.024732069249793875
2025-02-03,1252,1495,1200,1415,37695813,0.19611158072696533
2025-02-04,1456,1539,1350,1430,35782904,0.010600706713780994
2025-02-05,1380,1427,1377,1406,3863655,-0.016783216783216814
2025-02-06,1368,1410,1314,1330,4319763,-0.05405405405405406
2025-02-07,1340,1343,1301,1323,1211831,-0.0052631578947368585
2025-02-10,1380,1384,1330,1333,1949689,0.0075585789871503994
2025-02-11,1335,1411,1315,1367,2882143,0.02550637659414856
2025-02-12,1338,1358,1311,1320,1318169,-0.034381858083394334
2025-02-13,1311,1320,1280,1300,727057,-0.015151515151515138
2025-02-14,1294,1299,1276,1282,602434,-0.013846153846153841
2025-02-17,1282,1320,1282,1311,418173,0.02262090483619339
2025-02-18,1311,1319,1286,1294,421799,-0.012967200610221163
2025-02-19,1308,1324,1303,1311,419854,0.013137557959814528
2025-02-20,1311,1340,1298,1309,856540,-0.0015255530129671957
2025-02-21,1295,1321,1291,1304,515881,-0.0038197097020626902
2025-02-24,1293,1305,1285,1301,390125,-0.0023006134969325576
2025-02-25,1291,1300,1277,1279,484012,-0.016910069177555775
2025-02-26,1272,1289,1270,1277,237075,-0.0015637216575449253
2025-02-27,1300,1300,1265,1268,267186,-0.007047768206734584
2025-02-28,1298,1343,1265,1268,854792,0.0
2025-03-04,1269,1277,1230,1243,333883,-0.019716088328075698
2025-03-05,1223,1260,1222,1245,331301,0.0016090104585679832
2025-03-06,1241,1259,1227,1236,305392,-0.0072289156626506035
2025-03-07,1227,1239,1203,1217,371309,-0.0153721682847896
2025-03-10,1198,1222,1182,1185,441435,-0.0262941659819228
2025-03-11,1149,1195,1149,1177,465583,-0.006751054852320637
2025-03-12,1170,1189,1161,1162,376489,-0.01274426508071369
2025-03-13,1162,1175,1121,1121,285125,-0.03528399311531838
2025-03-14,1121,1176,1121,1173,321135,0.04638715432649421
2025-03-17,1175,1341,1162,1210,13365117,0.03154305200341012
2025-03-18,1205,1224,1192,1208,1225375,-0.0016528925619834212
2025-03-19,1212,1218,1188,1190,600446,-0.01490066225165565
2025-03-20,1190,1205,1166,1170,484027,-0.01680672268907568
2025-03-21,1160,1180,1146,1159,299522,-0.009401709401709368
2025-03-24,1148,1172,1145,1160,206802,0.0008628127696290733
2025-03-25,1155,1273,1143,1162,3109423,0.0017241379310344307
2025-03-26,1159,1187,1158,1175,420811,0.01118760757314985
2025-03-27,1174,1208,1152,1162,476083,-0.01106382978723408
2025-03-28,1162,1167,1121,1124,427764,-0.03270223752151458
2025-03-31,1107,1110,1067,1067,480584,-0.05071174377224197
2025-04-01,1062,1135,1062,1116,528757,0.04592314901593242
2025-04-02,1116,1122,1075,1076,279081,-0.03584229390681004
2025-04-03,1062,1109,1052,1093,381249,0.01579925650557623
2025-04-04,1062,1111,1062,1100,307045,0.006404391582799596
2025-04-07,1119,1126,1066,1067,451323,-0.030000000000000027
2025-04-08,1071,1161,1070,1097,945618,0.028116213683224034
2025-04-09,1088,1108,1043,1060,544079,-0.03372835004557884
2025-04-10,1075,1120,1075,1114,371762,0.050943396226415194
2025-04-11,1091,1130,1091,1121,192805,0.006283662477558405
2025-04-14,1158,1181,1136,1161,584329,0.035682426404995526
2025-04-15,1158,1176,1138,1176,362583,0.012919896640826822
2025-04-16,1166,1188,1165,1170,364316,-0.005102040816326481
2025-04-17,1170,1179,1152,1175,232394,0.004273504273504258
2025-04-18,1170,1189,1158,1185,307560,0.008510638297872353
2025-04-21,1181,1192,1175,1180,153320,-0.00421940928270037
2025-04-22,1167,1189,1167,1180,360000,0.0
2025-04-23,1187,1188,1171,1180,238948,0.0
2025-04-24,1182,1191,1160,1160,467638,-0.016949152542372836
2025-04-25,1161,1175,1156,1160,204412,0.0
2025-04-28,1161,1163,1128,1134,466471,-0.022413793103448265
2025-04-29,1134,1145,1116,1142,208411,0.007054673721340388
2025-04-30,1132,1142,1080,1092,387268,-0.04378283712784592
2025-05-02,1092,1100,1071,1095,200561,0.0027472527472527375
2025-05-07,1092,1104,1076,1097,315851,0.0018264840182649067
2025-05-08,1081,1101,1077,1083,165600,-0.012762078395624377
2025-05-09,1084,1090,1060,1066,311570,-0.01569713758079405
2025-05-12,1066,1099,1061,1089,267967,0.02157598499061919
2025-05-13,1084,1102,1071,1081,229766,-0.00734618916437102
2025-05-14,1081,1186,1080,1094,2038404,0.012025901942645634
2025-05-15,1093,1098,1078,1087,252342,-0.006398537477148025
2025-05-16,1080,1091,1058,1063,318422,-0.022079116835326595
2025-05-19,1063,1160,1044,1067,2687649,0.0037629350893697566
2025-05-20,1056,1074,1049,1065,450659,-0.0018744142455482393
2025-05-21,1059,1142,1059,1104,1913397,0.036619718309859106
2025-05-22,1107,1184,1071,1073,2378348,-0.028079710144927494
2025-05-23,1092,1098,1066,1068,303427,-0.004659832246039164
2025-05-26,1058,1080,1058,1066,400107,-0.0018726591760299671
2025-05-27,1071,1076,1060,1064,175382,-0.0018761726078799779
2025-05-28,1065,1073,1060,1067,183063,0.0028195488721804995
2025-05-29,1064,1076,1063,1074,137290,0.006560449859418949
2025-05-30,1070,1075,1061,1064,118234,-0.009310986964618295
2025-06-02,1063,1070,1048,1050,256463,-0.013157894736842146
2025-06-04,1050,1072,1050,1071,199793,0.020000000000000018
2025-06-05,1071,1086,1065,1079,291483,0.007469654528478031
2025-06-09,1079,1088,1070,1083,231132,0.003707136237256714
2025-06-10,1074,1090,1071,1085,259077,0.001846722068328699
2025-06-11,1088,1089,1076,1081,157713,-0.0036866359447004227
2025-06-12,1082,1094,1076,1085,195558,0.0037002775208141436
2025-06-13,1084,1090,997,1047,580449,-0.035023041474654404
2025-06-16,1048,1049,1026,1034,229937,-0.012416427889207271
2025-06-17,1033,1039,1010,1011,431634,-0.022243713733075432
2025-06-18,1007,1022,1006,1011,204611,0.0
2025-06-19,1011,1020,1008,1009,147721,-0.001978239366963397
2025-06-20,1009,1016,1006,1010,152558,0.0009910802775023875
2025-06-23,1010,1010,990,998,529482,-0.011881188118811892
2025-06-24,1030,1050,1005,1008,734278,0.01002004008016022
2025-06-25,1009,1015,999,1000,183676,-0.007936507936507908
2025-06-26,1001,1006,988,995,181587,-0.0050000000000000044
2025-06-27,990,996,950,960,534897,-0.035175879396984966
2025-06-30,960,963,908,916,505229,-0.04583333333333328
2025-07-01,916,949,916,920,309034,0.004366812227074135
2025-07-02,932,946,922,937,163653,0.018478260869565277
2025-07-03,937,980,936,962,198742,0.026680896478121774
2025-07-04,966,969,943,949,149400,-0.013513513513513487
2025-07-07,948,949,932,937,143105,-0.012644889357218081
2025-07-08,925,949,925,931,170839,-0.006403415154749181
2025-07-09,935,937,922,925,149672,-0.0064446831364124435
2025-07-10,920,926,918,922,176332,-0.00324324324324321
2025-07-11,923,940,923,927,124842,0.005422993492407713
2025-07-14,926,940,917,936,236080,0.009708737864077666
2025-07-15,935,948,919,940,279699,0.004273504273504258
2025-07-16,940,940,923,927,97642,-0.013829787234042601
2025-07-17,912,929,910,928,360342,0.0010787486515642097
2025-07-18,1020,1206,994,1015,53544484,0.09375
2025-07-21,1010,1017,960,965,3200637,-0.049261083743842415
2025-07-22,968,1145,952,1056,25728805,0.09430051813471496
2025-07-23,1024,1045,998,1020,3344722,-0.03409090909090906
2025-07-24,1019,1040,990,991,1698971,-0.028431372549019618
2025-07-25,991,1104,986,1020,9179545,0.029263370332996974
2025-07-28,1024,1035,996,1006,1046659,-0.013725490196078383
2025-07-29,1000,1004,991,995,587141,-0.010934393638170947
2025-07-30,999,1029,988,988,823663,-0.007035175879396949
2025-07-31,989,1000,970,973,746477,-0.015182186234817818
2025-08-01,974,976,953,953,551425,-0.020554984583761593
2025-08-04,952,968,945,962,239104,0.009443861490031402
2025-08-05,962,987,962,973,261754,0.011434511434511352
2025-08-06,980,980,960,973,248878,0.0
2025-08-07,977,998,970,982,345282,0.009249743062692772
2025-08-08,995,1002,986,997,355559,0.015274949083503131
2025-08-11,997,1010,989,999,290862,0.0020060180541625616
2025-08-12,998,1009,981,994,398250,-0.005005005005005003
2025-08-13,995,1002,981,998,241715,0.004024144869215318
2025-08-14,993,1007,993,994,227586,-0.004008016032064132
2025-08-18,996,1005,980,982,259304,-0.012072434607645843
2025-08-19,980,991,969,973,173354,-0.009164969450101812
2025-08-20,965,978,953,971,302294,-0.0020554984583761593
2025-08-21,961,985,961,975,214866,0.004119464469618972
2025-08-22,975,984,963,966,133722,-0.009230769230769265
2025-08-25,967,980,967,970,109796,0.0041407867494824835
2025-08-26,965,975,955,960,206313,-0.010309278350515427
2025-08-27,960,967,940,943,290337,-0.017708333333333326
2025-08-28,943,947,931,932,197759,-0.01166489925768821
2025-08-29,928,939,924,927,191435,-0.005364806866952843
2025-09-01,927,932,911,911,191886,-0.017259978425027023
2025-09-02,911,924,911,913,154105,0.002195389681668436
2025-09-03,912,928,910,927,111365,0.01533406352683464
2025-09-04,930,937,922,928,129023,0.0010787486515642097
2025-09-05,934,937,922,936,109963,0.008620689655172376
2025-09-08,936,954,932,939,200954,0.0032051282051281937
2025-09-09,939,946,938,940,69439,0.0010649627263046302
2025-09-10,940,947,931,941,155764,0.0010638297872340718
2025-09-11,942,980,935,941,511589,0.0
2025-09-12,941,970,920,949,347474,0.008501594048884176
2025-09-15,949,956,936,938,151500,-0.011591148577449917
2025-09-16,931,940,930,931,161955,-0.007462686567164201
2025-09-17,927,932,920,924,191234,-0.007518796992481258
2025-09-18,923,949,920,937,166340,0.01406926406926412
2025-09-19,937,946,927,932,84272,-0.005336179295624355
2025-09-22,929,941,923,924,156304,-0.008583690987124415
2025-09-23,922,925,906,910,417196,-0.015151515151515138
2025-09-24,915,919,906,911,156225,0.001098901098901095
2025-09-25,901,916,901,906,130404,-0.005488474204171201
2025-09-26,915,915,900,903,263821,-0.0033112582781457123
2025-09-29,902,910,900,902,140294,-0.001107419712070845
2025-09-30,901,908,887,889,281487,-0.014412416851441234
2025-10-01,885,921,885,903,206908,0.015748031496062964
2025-10-02,902,908,899,899,138473,-0.0044296788482834915
2025-10-10,904,975,900,928,629898,0.032258064516129004
2025-10-13,975,1072,940,961,10012067,0.0355603448275863
2025-10-14,977,988,942,967,1525679,0.00624349635796051
2025-10-15,976,984,951,957,740670,-0.010341261633919352
2025-10-16,958,978,936,939,606110,-0.018808777429467072
2025-10-17,939,946,925,927,358666,-0.012779552715655007
2025-10-20,927,950,911,913,249767,-0.015102481121898603
2025-10-21,912,947,912,918,341315,0.005476451259583737
2025-10-22,918,935,901,932,309616,0.015250544662309462
2025-10-23,932,942,919,920,250176,-0.012875536480686733
2025-10-24,920,930,910,910,311270,-0.010869565217391353
