Date,Open,High,Low,Close,Volume,Change
2022-01-03,22450,22650,22200,22600,178050,0.006681514476614803
2022-01-04,22550,23700,22400,23550,472083,0.042035398230088505
2022-01-05,23700,24600,23300,24100,846460,0.023354564755838636
2022-01-06,23600,23850,23200,23400,411713,-0.02904564315352698
2022-01-07,23250,23600,23000,23350,288522,-0.002136752136752129
2022-01-10,23350,23500,22500,22500,317595,-0.036402569593147804
2022-01-11,22550,22800,21950,22150,335679,-0.015555555555555545
2022-01-12,22300,22750,22250,22700,155399,0.02483069977426644
2022-01-13,22600,23550,22400,23200,248898,0.022026431718061623
2022-01-14,22850,23350,22700,23100,210482,-0.004310344827586188
2022-01-17,23100,23150,22550,22750,150494,-0.015151515151515138
2022-01-18,22750,23150,22450,22600,148192,-0.00659340659340657
2022-01-19,22150,22800,22100,22800,160606,0.008849557522123908
2022-01-20,24800,25500,23300,24100,1612585,0.05701754385964919
2022-01-21,23700,24000,23300,23500,403171,-0.024896265560165998
2022-01-24,23250,23300,22600,22650,364496,-0.036170212765957444
2022-01-25,22750,22950,22100,22350,342100,-0.013245033112582738
2022-01-26,22250,22850,22100,22350,214103,0.0
2022-01-27,22600,23200,22150,22400,414319,0.0022371364653244186
2022-01-28,22450,22750,21900,22700,266850,0.013392857142857206
2022-02-03,23150,23300,22550,22550,239845,-0.0066079295154185536
2022-02-04,22250,23050,22250,22950,205223,0.017738359201773912
2022-02-07,22950,23850,22750,23800,354866,0.03703703703703698
2022-02-08,23900,23950,23450,23750,275772,-0.0021008403361344463
2022-02-09,24000,24050,23500,23700,153553,-0.002105263157894721
2022-02-10,23700,23800,23050,23350,215222,-0.014767932489451518
2022-02-11,23000,23750,23000,23400,201825,0.0021413276231263545
2022-02-14,22800,23150,22600,23050,222503,-0.014957264957264904
2022-02-15,23050,23450,22600,23350,202916,0.013015184381778733
2022-02-16,23750,24400,23500,24300,554350,0.04068522483940051
2022-02-17,24300,24650,23200,24050,503829,-0.010288065843621408
2022-02-18,23650,24400,23650,24000,191156,-0.0020790020790020236
2022-02-21,23650,23800,23400,23600,157866,-0.01666666666666672
2022-02-22,23150,23400,22850,23150,288918,-0.01906779661016944
2022-02-23,23100,23300,22850,22900,231980,-0.010799136069114423
2022-02-24,22600,22700,22000,22050,436846,-0.037117903930131035
2022-02-25,22500,22900,22350,22600,140530,0.024943310657596474
2022-02-28,22600,22750,22400,22600,114454,0.0
2022-03-02,22600,22950,22500,22850,102818,0.01106194690265494
2022-03-03,23000,23350,22950,23300,100262,0.01969365426695835
2022-03-04,23200,23200,22800,22900,109126,-0.01716738197424894
2022-03-07,22600,22700,22300,22400,158366,-0.02183406113537123
2022-03-08,22150,22600,21950,22450,170710,0.0022321428571427937
2022-03-10,22850,23050,22750,22850,111022,0.017817371937639104
2022-03-11,22900,23150,22750,23050,111869,0.00875273522975939
2022-03-14,23050,23450,22750,23350,213710,0.013015184381778733
2022-03-15,23200,24200,23200,23750,505013,0.017130620985010614
2022-03-16,23900,24350,23600,23750,342247,0.0
2022-03-17,23950,24050,23400,23650,218133,-0.004210526315789442
2022-03-18,23800,23900,23600,23750,117572,0.0042283298097252064
2022-03-21,23750,23750,23300,23300,116483,-0.0189473684210526
2022-03-22,23300,23850,23150,23750,146896,0.0193133047210301
2022-03-23,23800,24000,23550,23650,126583,-0.004210526315789442
2022-03-24,23400,23750,23350,23750,101920,0.0042283298097252064
2022-03-25,23800,24800,23700,24500,663724,0.03157894736842115
2022-03-28,24450,24850,24200,24400,324673,-0.004081632653061273
2022-03-29,24600,24900,24250,24850,370425,0.018442622950819665
2022-03-30,25000,25000,24250,24800,374729,-0.002012072434607659
2022-03-31,24800,25400,24650,25350,477869,0.022177419354838745
2022-04-01,25400,25700,25100,25150,474877,-0.007889546351084853
2022-04-04,25250,25300,24950,25100,176219,-0.001988071570576566
2022-04-05,25150,25650,25050,25600,209143,0.019920318725099584
2022-04-06,25400,26750,25300,26400,1009292,0.03125
2022-04-07,26350,26850,26150,26600,607179,0.007575757575757569
2022-04-08,26600,26600,26000,26450,273543,-0.005639097744360888
2022-04-11,26400,26400,24950,25050,543265,-0.052930056710775
2022-04-12,24950,25350,24600,25300,219504,0.009980039920159722
2022-04-13,25300,25500,25000,25250,143796,-0.0019762845849802257
2022-04-14,25450,25450,25000,25450,139325,0.007920792079207928
2022-04-15,25200,25500,25100,25400,114185,-0.0019646365422396617
2022-04-18,25250,25450,25050,25050,133342,-0.013779527559055094
2022-04-19,25150,25400,24350,24450,344955,-0.0239520958083832
2022-04-20,24650,25150,24550,24850,143688,0.01635991820040905
2022-04-21,24750,25400,24750,25300,137279,0.01810865191146882
2022-04-22,25200,25250,24850,25000,79181,-0.011857707509881465
2022-04-25,24700,24750,24150,24300,154991,-0.028000000000000025
2022-04-26,24550,24800,24400,24550,103493,0.010288065843621297
2022-04-27,23950,24150,23600,24050,155104,-0.020366598778004064
2022-04-28,24200,24850,24150,24850,144874,0.033264033264033266
2022-04-29,24900,25100,24650,24850,95074,0.0
2022-05-02,24650,24950,24050,24250,214000,-0.024144869215291798
2022-05-03,24550,25850,24550,25650,540039,0.057731958762886615
2022-05-04,25900,26100,25450,25600,315067,-0.0019493177387914784
2022-05-06,25250,25650,24800,24950,279229,-0.025390625
2022-05-09,24750,24800,24150,24250,186721,-0.028056112224448926
2022-05-10,23800,24150,23350,24000,269893,-0.010309278350515427
2022-05-11,23950,24100,23700,23800,106308,-0.008333333333333304
2022-05-12,23300,23700,22300,23100,410390,-0.02941176470588236
2022-05-13,23100,23700,23100,23600,114058,0.02164502164502169
2022-05-16,23750,23950,23550,23550,80477,-0.0021186440677966045
2022-05-17,23750,24000,23700,23950,107546,0.01698513800424628
2022-05-18,24150,24200,23800,24000,84598,0.0020876826722338038
2022-05-19,23250,23550,23250,23450,103921,-0.022916666666666696
2022-05-20,23450,23700,23400,23700,90664,0.010660980810234477
2022-05-23,23800,24300,23500,23950,130975,0.010548523206751037
2022-05-24,23700,23900,23350,23350,102862,-0.025052192066805867
2022-05-25,23750,23750,23250,23350,112626,0.0
2022-05-26,23450,23650,22650,22850,232727,-0.021413276231263434
2022-05-27,23300,23400,23100,23200,126198,0.015317286652078765
2022-05-30,23500,23550,23200,23300,74898,0.004310344827586299
2022-05-31,23350,23350,22850,22850,242673,-0.01931330472102999
2022-06-02,22900,23000,22700,22700,97755,-0.006564551422319487
2022-06-03,22850,23050,22550,22700,122954,0.0
2022-06-07,22750,23000,22650,22700,102822,0.0
2022-06-08,22750,23000,22700,22750,79727,0.0022026431718060735
2022-06-09,22700,22750,22500,22550,87526,-0.00879120879120876
2022-06-10,22450,22700,22450,22600,84038,0.0022172949002217113
2022-06-13,22050,22150,21150,21200,312395,-0.06194690265486724
2022-06-14,20550,21000,20050,20400,372358,-0.037735849056603765
2022-06-15,20200,20500,19250,19800,346482,-0.02941176470588236
2022-06-16,20350,20550,19600,19850,178588,0.002525252525252597
2022-06-17,19300,20000,19150,20000,208757,0.007556675062972307
2022-06-20,20150,20350,18850,18900,207272,-0.05500000000000005
2022-06-21,18950,19200,18850,18900,86569,0.0
2022-06-22,19100,19150,17500,17500,278934,-0.07407407407407407
2022-06-23,17500,17750,16550,17000,346463,-0.02857142857142858
2022-06-24,17050,18600,17050,18600,241962,0.09411764705882364
2022-06-27,18600,19150,18450,19000,126765,0.021505376344086002
2022-06-28,19000,19500,18500,19350,155486,0.018421052631578894
2022-06-29,19000,19400,18900,19250,240343,-0.0051679586563307955
2022-06-30,19250,19550,19000,19400,109563,0.007792207792207684
2022-07-01,19250,19800,18950,19500,177759,0.005154639175257714
2022-07-04,19450,19500,18950,19300,112077,-0.01025641025641022
2022-07-05,19350,19800,19100,19500,122424,0.010362694300518172
2022-07-06,19800,19800,19300,19400,69529,-0.00512820512820511
2022-07-07,19500,19700,19250,19350,123955,-0.002577319587628857
2022-07-08,19600,19650,19400,19400,58073,0.0025839793281654533
2022-07-11,19400,19550,19300,19350,71333,-0.002577319587628857
2022-07-12,19200,19250,18450,18750,119802,-0.03100775193798455
2022-07-13,18650,18950,18550,18800,60561,0.002666666666666595
2022-07-14,18700,19300,18600,19100,68593,0.015957446808510634
2022-07-15,19200,19400,19000,19150,60670,0.002617801047120505
2022-07-18,19250,19550,19250,19500,68810,0.018276762402088753
2022-07-19,19400,20250,19400,20250,144551,0.03846153846153855
2022-07-20,20500,20950,20150,20300,156302,0.0024691358024691024
2022-07-21,20300,20550,20300,20300,51539,0.0
2022-07-22,20550,20600,20250,20450,68736,0.00738916256157629
2022-07-25,20450,20500,20200,20350,46141,-0.004889975550122272
2022-07-26,20250,21400,20200,21100,260930,0.03685503685503688
2022-07-27,21100,21250,20900,21150,65390,0.0023696682464455776
2022-07-28,21500,21700,21250,21450,105908,0.014184397163120588
2022-07-29,21700,21700,21350,21400,54352,-0.002331002331002363
2022-08-01,21350,21550,21250,21300,47904,-0.004672897196261627
2022-08-02,21300,21300,20500,20650,108686,-0.030516431924882625
2022-08-03,20450,20950,20450,20800,55601,0.007263922518159882
2022-08-04,20900,21150,20800,21150,81195,0.016826923076923128
2022-08-05,21000,21000,20650,20850,71949,-0.014184397163120588
2022-08-08,20850,20850,20450,20550,55736,-0.014388489208633115
2022-08-09,20550,20700,20050,20450,73848,-0.0048661800486617945
2022-08-10,20350,20650,20200,20550,49825,0.004889975550122161
2022-08-11,21000,21600,20700,20850,253093,0.014598540145985384
2022-08-12,20850,21450,20800,21350,127110,0.023980815347721895
2022-08-16,21600,21700,21250,21250,73986,-0.004683840749414525
2022-08-17,21300,21350,20600,21050,128912,-0.009411764705882342
2022-08-18,20800,21000,20600,20650,53295,-0.019002375296912066
2022-08-19,20900,21750,20850,21500,276834,0.041162227602905554
2022-08-22,21500,21700,21000,21000,178999,-0.023255813953488413
2022-08-23,20750,20950,20200,20400,110078,-0.02857142857142858
2022-08-24,20400,20550,20050,20350,112692,-0.002450980392156854
2022-08-25,20250,20550,20100,20350,51218,0.0
2022-08-26,20400,20700,20350,20350,68211,0.0
2022-08-29,19600,19950,19500,19850,150606,-0.02457002457002455
2022-08-30,19850,20650,19850,20500,106108,0.032745591939546514
2022-08-31,20350,20700,20150,20700,64836,0.009756097560975618
2022-09-01,20500,20750,20350,20400,87282,-0.01449275362318836
2022-09-02,20500,20650,20400,20550,51562,0.007352941176470562
2022-09-05,20550,20900,20400,20750,89885,0.009732360097323589
2022-09-06,20500,21250,20500,21150,85147,0.01927710843373487
2022-09-07,21150,21200,20800,21050,78302,-0.004728132387706863
2022-09-08,21250,21450,20950,20950,90344,-0.004750593824228044
2022-09-13,21050,21450,20950,21350,85371,0.019093078758949833
2022-09-14,20650,21050,20500,20950,109222,-0.0187353629976581
2022-09-15,21100,22500,20950,22500,502889,0.07398568019093088
2022-09-16,22500,22500,21700,22400,291820,-0.004444444444444473
2022-09-19,22200,22300,21800,21850,155432,-0.024553571428571397
2022-09-20,22100,22800,22000,22250,141933,0.01830663615560635
2022-09-21,22150,22450,21800,21900,120579,-0.01573033707865168
2022-09-22,21600,22100,21450,22100,202288,0.009132420091324311
2022-09-23,22100,22500,21950,22000,192426,-0.004524886877828038
2022-09-26,21650,21700,20250,20350,276638,-0.07499999999999996
2022-09-27,20350,20500,19650,20000,134157,-0.017199017199017175
2022-09-28,20200,20300,19250,19250,163032,-0.03749999999999998
2022-09-29,19500,19900,19250,19300,111164,0.0025974025974024872
2022-09-30,18950,19300,18750,18900,125344,-0.020725388601036232
2022-10-04,19100,19450,19100,19400,102956,0.02645502645502651
2022-10-05,19750,19800,18650,19050,119420,-0.01804123711340211
2022-10-06,19050,19300,19000,19150,68890,0.005249343832020914
2022-10-07,19100,19200,18800,18850,87489,-0.015665796344647487
2022-10-11,18450,18450,17600,17800,146431,-0.0557029177718833
2022-10-12,17750,18000,17700,17700,90904,-0.005617977528089901
2022-10-13,17650,17850,16800,16950,186668,-0.0423728813559322
2022-10-14,17350,17800,17100,17350,174827,0.02359882005899716
2022-10-17,17000,17800,17000,17750,79414,0.023054755043227626
2022-10-18,18000,18150,17500,17800,88896,0.0028169014084507005
2022-10-19,17700,18100,17600,18050,117217,0.014044943820224809
2022-10-20,18000,18000,17500,17650,75181,-0.02216066481994461
2022-10-21,17500,18150,17250,17800,86468,0.008498583569405138
2022-10-24,18000,18150,17500,17500,79949,-0.016853932584269704
2022-10-25,17700,17750,17300,17500,67299,0.0
2022-10-26,17550,17650,16950,16950,134174,-0.03142857142857147
2022-10-27,17000,17200,16950,17100,99630,0.008849557522123908
2022-10-28,17100,17400,17000,17200,112072,0.005847953216374213
2022-10-31,17400,17450,17000,17250,74225,0.0029069767441860517
2022-11-01,17200,18050,17000,18050,160193,0.04637681159420293
2022-11-02,18100,18650,17950,18400,128849,0.01939058171745156
2022-11-03,18150,18800,18000,18600,135490,0.010869565217391353
2022-11-04,18600,19200,18400,18500,168603,-0.005376344086021501
2022-11-07,18650,18950,18550,18850,68346,0.018918918918918948
2022-11-08,19150,19450,19050,19300,129050,0.023872679045092937
2022-11-09,19400,19500,19050,19300,108725,0.0
2022-11-10,19100,19450,19000,19100,105877,-0.010362694300518172
2022-11-11,19550,19550,19350,19400,107592,0.015706806282722585
2022-11-14,19550,19700,19350,19400,86361,0.0
2022-11-15,19400,19500,19100,19250,130056,-0.0077319587628865705
2022-11-16,19400,19550,19200,19450,91568,0.010389610389610393
2022-11-17,19350,19450,19100,19200,70595,-0.01285347043701801
2022-11-18,19150,19450,18650,18900,194604,-0.015625
2022-11-21,19000,19000,18100,18200,138019,-0.03703703703703709
2022-11-22,18100,18400,17700,17850,145579,-0.019230769230769273
2022-11-23,18000,18200,17850,18100,75075,0.014005602240896309
2022-11-24,18250,18600,18150,18400,67475,0.016574585635359185
2022-11-25,18550,18600,18250,18350,83402,-0.0027173913043477826
2022-11-28,18400,18450,18150,18150,68725,-0.010899182561307952
2022-11-29,18000,18250,17800,17900,88959,-0.01377410468319562
2022-11-30,17900,18150,17750,18100,47338,0.011173184357541999
2022-12-01,18400,18400,18000,18050,92853,-0.002762430939226568
2022-12-02,18150,18150,17850,17900,65177,-0.008310249307479256
2022-12-05,17950,18100,17850,17950,36518,0.0027932960893854997
2022-12-06,17950,17950,17450,17450,99914,-0.027855153203342642
2022-12-07,17450,17500,17250,17300,70652,-0.008595988538681931
2022-12-08,17250,17350,17050,17050,68159,-0.014450867052023142
2022-12-09,17200,17550,17200,17550,52438,0.029325513196480912
2022-12-12,17550,17650,17200,17400,54561,-0.008547008547008517
2022-12-13,17500,17600,17150,17350,65187,-0.002873563218390829
2022-12-14,17550,17650,17400,17600,60322,0.014409221902017322
2022-12-15,17600,17900,17550,17700,75045,0.005681818181818121
2022-12-16,17400,18000,17300,17650,84117,-0.0028248587570621764
2022-12-19,17750,17800,17500,17750,47540,0.0056657223796034994
2022-12-20,17650,17800,17350,17400,98530,-0.019718309859154903
2022-12-21,17500,17550,17250,17250,54898,-0.008620689655172376
2022-12-22,17450,17500,17250,17400,73457,0.008695652173912993
2022-12-23,17150,17300,16850,17000,135856,-0.02298850574712641
2022-12-26,17000,17100,16750,16850,130981,-0.008823529411764675
2022-12-27,17000,17150,16550,16650,279934,-0.011869436201780381
2022-12-28,16700,17250,16700,17200,169521,0.033033033033033066
2022-12-29,17200,17400,16950,17400,109866,0.011627906976744207
2023-01-02,17600,18450,16800,17500,454559,0.005747126436781658
2023-01-03,17500,18400,17350,18350,591444,0.04857142857142849
2023-01-04,18300,19400,18050,19100,410787,0.04087193460490468
2023-01-05,19150,19200,18750,19000,143483,-0.005235602094240788
2023-01-06,18900,19500,18800,19200,173528,0.010526315789473717
2023-01-09,19250,19500,19100,19400,75586,0.01041666666666674
2023-01-10,19800,20000,19400,19700,192642,0.015463917525773141
2023-01-11,19750,20350,19650,20250,204791,0.027918781725888353
2023-01-12,20400,21000,20200,20900,374543,0.032098765432098775
2023-01-13,21100,21150,20200,20450,203332,-0.021531100478468845
2023-01-16,20400,20600,19800,20300,228059,-0.007334963325183352
2023-01-17,20100,20500,19950,20050,102185,-0.012315270935960632
2023-01-18,20050,20250,19800,20150,67838,0.004987531172069737
2023-01-19,20150,20900,20000,20750,213449,0.02977667493796532
2023-01-20,20500,21950,20500,21850,464101,0.053012048192771166
2023-01-25,22050,22500,21700,22150,390144,0.013729977116704761
2023-01-26,22150,22650,21850,22000,208296,-0.006772009029345383
2023-01-27,22100,22550,21800,22400,182805,0.018181818181818077
2023-01-30,22550,22550,21750,21850,157342,-0.024553571428571397
2023-01-31,21800,22450,21300,22300,169590,0.020594965675057253
2023-02-01,22200,22350,21700,22050,104321,-0.011210762331838597
2023-02-02,22100,22750,22050,22550,220900,0.0226757369614512
2023-02-03,22550,22650,22250,22600,127995,0.0022172949002217113
2023-02-06,22550,22600,22150,22500,116266,-0.004424778761061954
2023-02-07,22500,22600,22100,22250,145497,-0.011111111111111072
2023-02-08,22350,22700,21900,22150,228864,-0.004494382022471877
2023-02-09,22050,22400,21950,22050,149419,-0.004514672686230292
2023-02-10,22000,22250,21600,22050,141298,0.0
2023-02-13,21950,22400,21800,22050,137350,0.0
2023-02-14,22150,22700,22000,22400,251863,0.015873015873015817
2023-02-15,22750,23700,22500,22850,479124,0.02008928571428581
2023-02-16,23200,23300,22450,22800,243143,-0.002188183807439792
2023-02-17,22500,22600,21700,21800,227939,-0.04385964912280704
2023-02-20,21800,22050,21350,21900,131336,0.004587155963302836
2023-02-21,21900,22000,21300,21400,205074,-0.022831050228310557
2023-02-22,21100,21500,20950,21500,118060,0.004672897196261738
2023-02-23,21700,21900,21200,21500,115166,0.0
2023-02-24,21700,21700,21000,21200,108451,-0.013953488372092981
2023-02-27,20900,22200,20850,22150,288372,0.04481132075471694
2023-02-28,22200,22300,21600,22150,193794,0.0
2023-03-02,22400,22600,21900,22250,196945,0.004514672686230181
2023-03-03,22350,22400,21700,22000,108571,-0.011235955056179803
2023-03-06,22000,22500,21800,22350,168467,0.015909090909090873
2023-03-07,22150,22400,21950,22250,112060,-0.004474272930648726
2023-03-08,21900,22250,21850,22250,127347,0.0
2023-03-09,22250,23200,22050,22800,405064,0.024719101123595433
2023-03-10,22650,23350,22250,23050,374824,0.010964912280701844
2023-03-13,22800,23050,21600,22850,301874,-0.008676789587852451
2023-03-14,22800,23000,22300,22350,257965,-0.021881838074398252
2023-03-15,22850,23300,22350,23000,309236,0.029082774049216997
2023-03-16,22950,23150,22400,22850,352951,-0.006521739130434745
2023-03-17,23050,24000,23000,23900,624859,0.045951859956236296
2023-03-20,24000,24950,23600,24700,778170,0.03347280334728042
2023-03-21,24600,24900,24200,24800,385186,0.004048582995951344
2023-03-22,24550,24700,24000,24400,253114,-0.016129032258064502
2023-03-23,24150,24450,23200,23500,403921,-0.03688524590163933
2023-03-24,21500,22450,20500,21350,7855345,-0.09148936170212763
2023-03-27,22150,22650,21750,22350,1424546,0.04683840749414525
2023-03-28,22350,22750,21850,22650,875207,0.01342281879194629
2023-03-29,22800,22850,22100,22300,461810,-0.015452538631346546
2023-03-30,22350,22450,21900,22300,424566,0.0
2023-03-31,22600,22800,22200,22350,648211,0.0022421524663676085
2023-04-03,22100,22800,22050,22550,488853,0.008948545861297452
2023-04-04,22850,24200,22850,23200,1202351,0.02882483370288247
2023-04-05,23700,24500,23650,24200,1051928,0.0431034482758621
2023-04-06,24500,24850,23550,23700,653577,-0.02066115702479343
2023-04-07,24000,24150,23400,23500,386857,-0.008438818565400852
2023-04-10,23400,23450,22600,22750,632393,-0.03191489361702127
2023-04-11,22800,23300,22700,23200,197600,0.01978021978021971
2023-04-12,23000,23200,22450,22750,398432,-0.0193965517241379
2023-04-13,22750,22900,22250,22500,301669,-0.01098901098901095
2023-04-14,23000,23050,22450,22650,322799,0.006666666666666599
2023-04-17,22600,22600,21750,22250,479888,-0.017660044150110354
2023-04-18,22250,22750,21850,22250,378264,0.0
2023-04-19,22300,22350,21700,21800,652312,-0.020224719101123556
2023-04-20,21750,22350,21650,21850,364736,0.002293577981651307
2023-04-21,21800,22000,21300,21400,289197,-0.020594965675057253
2023-04-24,21400,21650,20950,21550,377407,0.007009345794392496
2023-04-25,21600,21750,21000,21200,251037,-0.016241299303944357
2023-04-26,21450,22750,21400,21950,751054,0.03537735849056611
2023-04-27,21850,22700,21550,22650,540020,0.03189066059225509
2023-04-28,23900,25800,23650,24400,6284675,0.07726269315673284
2023-05-02,24200,25850,23450,25600,2557187,0.049180327868852514
2023-05-03,26950,27350,25950,26700,4835577,0.04296875
2023-05-04,26850,28250,26500,26750,3758716,0.001872659176029856
2023-05-08,27100,27150,25550,25650,1163981,-0.04112149532710285
2023-05-09,25500,25900,24800,24900,973493,-0.0292397660818714
2023-05-10,24900,25200,24700,24800,518581,-0.004016064257028162
2023-05-11,24900,25500,24650,25200,512969,0.016129032258064502
2023-05-12,25250,25500,24350,25300,478973,0.003968253968253954
2023-05-15,25200,25200,24150,24700,554892,-0.02371541501976282
2023-05-16,25150,25950,24750,25700,812030,0.04048582995951411
2023-05-17,25600,25900,25200,25600,490394,-0.0038910505836575737
2023-05-18,25650,25700,24700,24750,639586,-0.033203125
2023-05-19,24850,24950,24350,24700,634813,-0.002020202020202033
2023-05-22,24750,24950,24200,24800,382243,0.004048582995951344
2023-05-23,25350,25450,24200,24350,826527,-0.01814516129032262
2023-05-24,24350,25050,24000,24900,473028,0.022587268993839782
2023-05-25,25000,25050,24350,24650,286370,-0.010040160642570295
2023-05-26,24650,25100,24450,24450,291423,-0.008113590263691739
2023-05-30,24550,25250,24550,25000,491240,0.02249488752556239
2023-05-31,24800,25400,24650,25300,566987,0.01200000000000001
2023-06-01,25300,25700,24650,24950,432403,-0.013833992094861691
2023-06-02,24950,25500,24800,25300,309812,0.014028056112224352
2023-06-05,25650,25700,25050,25150,368251,-0.005928853754940677
2023-06-07,25200,25200,24800,24950,341152,-0.007952286282306154
2023-06-08,25050,25050,24300,24800,392880,-0.006012024048096198
2023-06-09,24800,25950,24600,25400,870749,0.024193548387096753
2023-06-12,25600,26500,25500,26400,860216,0.03937007874015741
2023-06-13,26650,28900,26600,28150,2990501,0.0662878787878789
2023-06-14,28050,28100,26850,27350,1118090,-0.028419182948490218
2023-06-15,27300,27400,26650,26900,502385,-0.01645338208409508
2023-06-16,27050,28200,26700,27900,872712,0.037174721189590976
2023-06-19,27600,28750,27550,27900,741801,0.0
2023-06-20,28000,28500,27550,27900,484268,0.0
2023-06-21,27950,28550,27700,27850,616040,-0.0017921146953404632
2023-06-22,27800,28150,26950,27100,567119,-0.026929982046678624
2023-06-23,27450,29150,27300,28500,1856241,0.05166051660516602
2023-06-26,29300,29750,28200,28500,1662023,0.0
2023-06-27,28150,28350,27500,27950,669303,-0.019298245614035037
2023-06-28,28100,29900,27300,29800,2007533,0.06618962432915931
2023-06-29,29800,30150,29300,29350,1183721,-0.015100671140939603
2023-06-30,29600,29700,28850,29350,558248,0.0
2023-07-03,29650,30100,28400,28850,967614,-0.017035775127768327
2023-07-04,28850,29300,28450,28850,411466,0.0
2023-07-05,28800,29050,27900,28600,691577,-0.008665511265164683
2023-07-06,28500,28900,27750,28100,751827,-0.0174825174825175
2023-07-07,28100,28150,27500,27500,457735,-0.02135231316725983
2023-07-10,27350,28000,27000,27600,481745,0.0036363636363636598
2023-07-11,27600,28200,27350,27800,384200,0.007246376811594235
2023-07-12,27750,28150,27250,27800,370586,0.0
2023-07-13,27950,28150,27300,27450,455436,-0.01258992805755399
2023-07-14,27350,29700,27350,29450,2017766,0.07285974499089254
2023-07-17,29000,30900,28350,30350,1835899,0.03056027164685915
2023-07-18,30450,30900,29600,30050,1252382,-0.009884678747940745
2023-07-19,30000,30450,29500,30050,940680,0.0
2023-07-20,30000,31350,28550,29200,1483387,-0.028286189683860208
2023-07-21,28650,28750,28000,28300,564614,-0.03082191780821919
2023-07-24,28300,28600,27700,28250,494812,-0.0017667844522968323
2023-07-25,28250,29000,27900,28250,420844,0.0
2023-07-26,28300,28700,25700,26800,1161222,-0.0513274336283186
2023-07-27,26850,28150,26800,27500,668503,0.026119402985074647
2023-07-28,27250,28800,27250,28150,515476,0.023636363636363678
2023-07-31,28400,28450,27350,27750,541553,-0.014209591474245165
2023-08-01,27950,27950,26850,27100,495325,-0.023423423423423406
2023-08-02,26950,27650,26300,26400,549674,-0.02583025830258301
2023-08-03,26350,27150,25850,26700,569229,0.011363636363636465
2023-08-04,26700,26800,26050,26150,317689,-0.02059925093632964
2023-08-07,25950,27300,25450,27100,644381,0.03632887189292533
2023-08-08,27100,29150,26650,28950,2637768,0.06826568265682664
2023-08-09,29000,29100,27500,28300,1208381,-0.022452504317789335
2023-08-10,28150,28850,28000,28300,728878,0.0
2023-08-11,28550,29350,28350,29000,989330,0.02473498233215543
2023-08-14,29000,29400,28650,28800,467114,-0.006896551724137945
2023-08-16,28650,29750,28350,28550,1042183,-0.00868055555555558
2023-08-17,28100,29950,28100,29900,1506506,0.04728546409807355
2023-08-18,29650,30400,29400,30150,1056459,0.008361204013378032
2023-08-21,30350,31000,29950,30350,1228070,0.0066334991708125735
2023-08-22,30400,31600,30250,31400,1604291,0.034596375617792496
2023-08-23,31300,31900,30200,30300,937585,-0.035031847133757954
2023-08-24,30800,31350,30400,30950,813531,0.021452145214521545
2023-08-25,30350,31650,30250,30800,626767,-0.004846526655896577
2023-08-28,31050,32400,31000,32100,1082726,0.04220779220779214
2023-08-29,32200,32450,31650,31900,502712,-0.006230529595015577
2023-08-30,32000,32150,29450,29650,2034101,-0.07053291536050155
2023-08-31,29750,30450,29250,30450,934459,0.026981450252951067
2023-09-01,30400,30850,29750,30050,611450,-0.013136288998357948
2023-09-04,30300,30600,28900,29050,816858,-0.03327787021630613
2023-09-05,29400,29500,28100,28800,883859,-0.008605851979345935
2023-09-06,28800,29300,28300,28450,413702,-0.01215277777777779
2023-09-07,28250,28850,27800,28150,481569,-0.010544815465729385
2023-09-08,28350,29500,28200,29250,618475,0.039076376554174175
2023-09-11,29600,29600,28650,29200,416960,-0.0017094017094017033
2023-09-12,29500,30250,29450,29550,688774,0.011986301369863117
2023-09-13,29250,29650,27600,27900,985103,-0.055837563451776595
2023-09-14,27700,29200,27400,29100,623193,0.043010752688172005
2023-09-15,29250,30200,29100,29100,640316,0.0
2023-09-18,29000,29450,28250,29250,255231,0.005154639175257714
2023-09-19,29650,30750,29400,30600,1317023,0.04615384615384621
2023-09-20,31000,31650,30300,31000,1103930,0.013071895424836555
2023-09-21,30650,31300,29900,29900,648858,-0.03548387096774197
2023-09-22,29550,30550,29300,30100,421620,0.006688963210702337
2023-09-25,30250,30300,29500,30000,292266,-0.0033222591362126463
2023-09-26,30100,30800,29900,30450,476797,0.014999999999999902
2023-09-27,30400,30900,30150,30800,353238,0.011494252873563315
2023-10-04,30500,31000,30200,30500,664980,-0.009740259740259716
2023-10-05,30800,31150,30350,30600,545049,0.003278688524590123
2023-10-06,30650,31400,30300,31200,654280,0.019607843137254832
2023-10-10,31300,32150,30200,30500,1015284,-0.022435897435897467
2023-10-11,31000,31400,30000,30300,657805,-0.006557377049180357
2023-10-12,30250,30800,30200,30350,313323,0.0016501650165017256
2023-10-13,30300,30650,29450,29600,348147,-0.02471169686985175
2023-10-16,29300,29800,28750,29500,320892,-0.0033783783783783994
2023-10-17,29800,30750,29650,30400,524383,0.03050847457627115
2023-10-18,30400,30550,29600,30000,375531,-0.013157894736842146
2023-10-19,29500,30400,29150,29200,402641,-0.026666666666666616
2023-10-20,28850,29050,27950,28200,585470,-0.03424657534246578
2023-10-23,27550,29400,27500,29200,498406,0.03546099290780136
2023-10-24,29500,31000,29450,30700,1341164,0.051369863013698724
2023-10-25,30600,30850,30150,30700,416598,0.0
2023-10-26,30000,30750,29650,29700,337195,-0.032573289902280145
2023-10-27,30000,30100,29100,29650,288737,-0.0016835016835017313
2023-10-30,29650,30050,28750,28900,331587,-0.025295109612141653
2023-10-31,29550,30400,28500,28900,549451,0.0
2023-11-01,29300,30600,29200,30600,689124,0.05882352941176472
2023-11-02,30750,30950,30050,30450,625400,-0.004901960784313708
2023-11-03,30650,30750,29800,30100,448177,-0.011494252873563204
2023-11-06,30000,30050,28350,29200,1182257,-0.029900332225913595
2023-11-07,30350,30850,29050,29100,2431735,-0.003424657534246589
2023-11-08,29400,29800,28850,29700,855848,0.020618556701030855
2023-11-09,29800,29900,29100,29100,461131,-0.02020202020202022
2023-11-10,28950,29100,27550,27750,923385,-0.046391752577319534
2023-11-13,28000,28400,27300,27350,403449,-0.014414414414414378
2023-11-14,27500,27750,26100,26550,1149520,-0.029250457038391242
2023-11-15,27000,27500,26350,26450,844409,-0.0037664783427495685
2023-11-16,26500,27350,26150,27350,542347,0.03402646502835549
2023-11-17,27400,27850,26850,27150,524025,-0.007312614259597838
2023-11-20,27550,28200,27450,28050,465545,0.03314917127071815
2023-11-21,28250,28300,27550,27850,330624,-0.007130124777183555
2023-11-22,28200,28600,27900,28350,583738,0.01795332136445249
2023-11-23,28350,29050,28200,28500,487281,0.005291005291005346
2023-11-24,28650,28650,28100,28200,223626,-0.010526315789473717
2023-11-27,28150,28250,27200,28050,399207,-0.005319148936170248
2023-11-28,28100,28250,27200,27350,605007,-0.024955436720142554
2023-11-29,27400,28000,27250,27800,356347,0.01645338208409508
2023-11-30,27900,28100,27350,27350,387857,-0.01618705035971224
2023-12-01,27300,27550,26800,27050,290162,-0.010968921389396757
2023-12-04,27100,27650,26650,26800,399620,-0.009242144177449174
2023-12-05,26800,27200,26700,26850,262874,0.001865671641791078
2023-12-06,27000,27700,26850,27050,389719,0.007448789571694592
2023-12-07,26950,27350,26450,27150,291574,0.003696857670979714
2023-12-08,27450,27900,27250,27600,402692,0.016574585635359185
2023-12-11,27900,28000,27400,27650,183178,0.0018115942028984477
2023-12-12,27600,27850,27100,27750,359050,0.003616636528029016
2023-12-13,27900,28200,27700,27700,404509,-0.0018018018018017834
2023-12-14,28050,28200,27500,27850,305085,0.005415162454873723
2023-12-15,27950,28500,27950,28500,575868,0.02333931777378817
2023-12-18,28500,28550,27700,27700,386129,-0.028070175438596467
2023-12-19,27950,28050,27750,28000,184367,0.010830324909747224
2023-12-20,27950,28150,27650,27700,300207,-0.010714285714285676
2023-12-21,27450,27600,26700,26700,719065,-0.03610108303249093
2023-12-22,26900,26950,26550,26750,312334,0.001872659176029856
2023-12-26,26700,27200,26500,27000,292376,0.009345794392523255
2023-12-27,27100,27150,26600,27100,300455,0.0037037037037037646
2023-12-28,27000,27400,26900,27300,255944,0.007380073800737907
2024-01-02,27300,27650,27150,27500,327518,0.0073260073260073
2024-01-03,27350,28400,27200,28350,591149,0.030909090909090997
2024-01-04,28350,29150,28200,28850,519181,0.01763668430335108
2024-01-05,28850,28900,28150,28300,297547,-0.01906412478336217
2024-01-08,28450,28500,27750,27850,273106,-0.01590106007067138
2024-01-09,28000,28500,27750,28100,195333,0.008976660682226134
2024-01-10,28150,28550,27950,28050,174665,-0.001779359430605032
2024-01-11,28250,28800,28050,28700,371109,0.02317290552584672
2024-01-12,28850,29800,28700,29600,916862,0.03135888501742157
2024-01-15,29750,30000,28600,29250,563924,-0.011824324324324342
2024-01-16,29400,29850,28500,29150,435724,-0.0034188034188034067
2024-01-17,29000,29150,28050,28500,415917,-0.022298456260720356
2024-01-18,28600,30300,28550,30300,1223943,0.06315789473684208
2024-01-19,30500,30750,30050,30400,601881,0.0033003300330032292
2024-01-22,30750,30800,29700,29850,425616,-0.018092105263157854
2024-01-23,29950,30250,29400,29850,233755,0.0
2024-01-24,30000,30550,29650,30500,336395,0.021775544388609624
2024-01-25,30200,30900,30000,30600,406914,0.003278688524590123
2024-01-26,30500,30500,29100,29300,587266,-0.042483660130718914
2024-01-29,29300,29650,28450,28550,339803,-0.025597269624573427
2024-01-30,28650,28950,28200,28400,207751,-0.005253940455341555
2024-01-31,28400,28400,27600,27600,346056,-0.028169014084507005
2024-02-01,27450,27800,26850,26950,442567,-0.023550724637681153
2024-02-02,27250,27700,27050,27150,372096,0.007421150278293043
2024-02-05,27150,27700,27000,27350,210692,0.007366482504604033
2024-02-06,27600,27850,27050,27750,194304,0.014625228519195677
2024-02-07,27900,28200,27450,27750,288150,0.0
2024-02-08,27750,27750,26850,27300,510630,-0.01621621621621616
2024-02-13,27300,27500,27000,27500,229930,0.0073260073260073
2024-02-14,27050,28100,27050,27950,284239,0.016363636363636358
2024-02-15,28150,28800,27900,28300,385151,0.012522361359570633
2024-02-16,28450,29150,28100,28900,411324,0.021201413427561766
2024-02-19,28850,28850,27650,27900,476783,-0.03460207612456745
2024-02-20,27850,28050,27650,27700,271570,-0.007168458781361964
2024-02-21,27650,27900,27350,27450,324408,-0.009025270758122761
2024-02-22,28900,29800,27450,28050,1608756,0.021857923497267784
2024-02-23,28300,29400,28100,28550,567128,0.017825311942959
2024-02-26,28550,28550,27900,28200,219072,-0.012259194395796813
2024-02-27,28100,28400,27500,27650,336551,-0.019503546099290725
2024-02-28,28900,29800,28050,29300,1387300,0.05967450271247743
2024-02-29,29000,29150,28700,28950,329220,-0.011945392491467532
2024-03-04,29050,29250,28350,28500,434012,-0.015544041450777257
2024-03-05,28600,28650,28100,28100,307349,-0.01403508771929829
2024-03-06,28000,28250,27750,27800,281194,-0.010676156583629859
2024-03-07,27900,28300,27650,27850,331468,0.0017985611510791255
2024-03-08,27900,28050,27100,27150,472085,-0.025134649910233398
2024-03-11,27250,27550,27000,27500,210718,0.012891344383057168
2024-03-12,27600,27600,27000,27200,316651,-0.010909090909090868
2024-03-13,27550,27700,27000,27200,288106,0.0
2024-03-14,27550,27650,27100,27200,271701,0.0
2024-03-15,27100,27350,26850,27350,371630,0.005514705882353033
2024-03-18,27350,27450,26950,27050,244116,-0.010968921389396757
2024-03-19,27150,27300,26400,26450,432366,-0.02218114602587795
2024-03-20,26550,26600,25600,25850,640093,-0.022684310018903586
2024-03-21,25900,26050,25100,25350,763868,-0.01934235976789167
2024-03-22,25500,25850,25400,25750,311175,0.015779092702169706
2024-03-25,25750,25800,25300,25350,187573,-0.01553398058252431
2024-03-26,25450,25550,25300,25350,242952,0.0
2024-03-27,25350,25400,25000,25300,310380,-0.0019723865877712132
2024-03-28,25400,25550,24650,24700,414933,-0.02371541501976282
2024-03-29,24700,24950,24350,24800,355328,0.004048582995951344
2024-04-01,24850,26000,24850,26000,419177,0.048387096774193505
2024-04-02,26000,26050,25400,25950,305967,-0.0019230769230769162
2024-04-03,25550,26150,25450,26150,270848,0.007707129094412402
2024-04-04,26300,26650,25950,26100,286998,-0.0019120458891013214
2024-04-05,25750,26000,25250,25300,208932,-0.03065134099616862
2024-04-08,25350,25650,24850,25650,277149,0.01383399209486158
2024-04-09,25600,25750,25300,25300,128323,-0.013645224171540016
2024-04-11,25100,26150,25000,26000,285437,0.027667984189723382
2024-04-12,26000,26450,25700,26000,235152,0.0
2024-04-15,25500,26150,25450,26050,176919,0.0019230769230769162
2024-04-16,26100,26100,24900,24950,310257,-0.04222648752399227
2024-04-17,25100,25850,24900,24950,219691,0.0
2024-04-18,24950,25300,24900,25300,196874,0.014028056112224352
2024-04-19,25200,25350,24500,25250,260385,-0.0019762845849802257
2024-04-22,25150,25400,24850,24900,238228,-0.013861386138613874
2024-04-23,24950,25350,24800,25100,159134,0.008032128514056325
2024-04-24,25300,26300,25050,25700,539514,0.0239043824701195
2024-04-25,25550,26450,25550,26250,312095,0.021400778210116655
2024-04-26,26450,26900,26150,26800,425738,0.020952380952381056
2024-04-29,26850,27150,26500,26800,423351,0.0
2024-04-30,26700,26850,25950,26300,505752,-0.018656716417910446
2024-05-02,26100,27050,26100,26250,445740,-0.0019011406844106071
2024-05-03,26350,27550,26300,27200,775656,0.036190476190476106
2024-05-07,27100,27700,27100,27200,398870,0.0
2024-05-08,27150,27500,26950,27250,349372,0.0018382352941177516
2024-05-09,27250,27350,26850,27000,237871,-0.00917431192660545
2024-05-10,27150,28200,26250,27550,843715,0.020370370370370372
2024-05-13,26700,26900,25800,25800,785185,-0.06352087114337568
2024-05-14,25650,25750,24600,24850,802371,-0.036821705426356544
2024-05-16,25000,25100,23950,24000,847746,-0.03420523138832998
2024-05-17,24050,24400,23850,23900,355747,-0.004166666666666652
2024-05-20,23950,24200,22750,22850,720415,-0.043933054393305415
2024-05-21,22950,26100,22850,25500,3308714,0.11597374179431075
2024-05-22,25600,26650,24850,25700,873840,0.007843137254901933
2024-05-23,25500,25900,25100,25550,274699,-0.005836575875486361
2024-05-24,25200,25650,25000,25250,275396,-0.011741682974559686
2024-05-27,25250,25650,24750,24900,253097,-0.013861386138613874
2024-05-28,25100,26050,24950,25600,455466,0.028112449799196693
2024-05-29,25650,26100,24350,24800,338356,-0.03125
2024-05-30,24900,25150,24350,24400,326814,-0.016129032258064502
2024-05-31,24400,25050,24150,24650,252383,0.010245901639344357
2024-06-03,24700,24900,24500,24550,158162,-0.0040567951318458695
2024-06-04,24500,24650,24000,24000,197830,-0.022403258655804503
2024-06-05,24050,24150,23000,23450,476807,-0.022916666666666696
2024-06-07,23700,23800,23250,23300,267648,-0.006396588486140775
2024-06-10,23300,23500,22900,23450,237054,0.006437768240343367
2024-06-11,23300,23300,22650,22800,776154,-0.02771855010660984
2024-06-12,22850,22950,22300,22350,418104,-0.019736842105263164
2024-06-13,22550,22850,22350,22400,219337,0.0022371364653244186
2024-06-14,22700,22700,21900,22050,400314,-0.015625
2024-06-17,22100,22600,22100,22250,173081,0.009070294784580435
2024-06-18,22550,22550,21550,21700,364007,-0.024719101123595544
2024-06-19,21750,21950,21600,21800,205812,0.004608294930875667
2024-06-20,21850,22150,21750,21950,146158,0.006880733944954143
2024-06-21,21950,22650,21600,21750,379073,-0.009111617312072884
2024-06-24,21700,21800,20800,20850,431304,-0.04137931034482756
2024-06-25,20900,21200,20600,20800,254065,-0.0023980815347721673
2024-06-26,20800,21150,20650,20950,180458,0.007211538461538547
2024-06-27,21000,21350,20700,20850,210397,-0.004773269689737458
2024-06-28,20950,21200,20850,21000,183707,0.007194244604316502
2024-07-01,20900,21500,20850,21050,243892,0.0023809523809523725
2024-07-02,21200,21200,20200,20250,355255,-0.038004750593824244
2024-07-03,20350,20400,19700,19800,390327,-0.022222222222222254
2024-07-04,19880,20150,19600,20050,240840,0.012626262626262541
2024-07-05,20100,20200,19840,20150,272638,0.004987531172069737
2024-07-08,20250,20650,20100,20600,164925,0.022332506203474045
2024-07-09,20500,20750,20300,20400,189838,-0.009708737864077666
2024-07-10,20400,20650,20100,20150,218543,-0.01225490196078427
2024-07-11,20200,20250,19960,19970,299713,-0.008933002481389618
2024-07-12,19970,20150,19550,19610,465312,-0.018027040560841257
2024-07-15,19790,20200,19550,19630,395145,0.0010198878123406363
2024-07-16,19640,19800,19200,19550,293441,-0.004075394803871646
2024-07-17,19570,19790,19380,19630,324529,0.004092071611253134
2024-07-18,19440,19900,19100,19690,423390,0.0030565461029037344
2024-07-19,19770,19850,19600,19850,200686,0.008125952260030544
2024-07-22,19800,20200,19020,19090,479104,-0.03828715365239299
2024-07-23,19100,19250,18710,18980,413923,-0.005762179151388214
2024-07-24,18910,19100,18600,18990,167075,0.0005268703898841931
2024-07-25,18700,19100,18470,19060,265561,0.0036861506055818616
2024-07-26,19080,19380,18700,18700,289236,-0.018887722980062915
2024-07-29,18870,18990,18440,18470,194285,-0.012299465240641738
2024-07-30,18440,18500,18020,18030,338680,-0.02382241472658364
2024-07-31,18030,18300,17970,18070,194799,0.002218524681087075
2024-08-01,18070,18260,18040,18090,138880,0.0011068068622024363
2024-08-02,17820,18000,17210,17450,468005,-0.035378662244333836
2024-08-05,17100,17190,15000,15650,637061,-0.1031518624641834
2024-08-06,15650,17060,15650,16990,552953,0.08562300319488814
2024-08-07,16990,17510,16950,17310,249174,0.018834608593290225
2024-08-08,17590,17590,16610,16980,307733,-0.01906412478336217
2024-08-09,17140,17340,16920,17270,216740,0.01707891637220249
2024-08-12,17270,17530,17090,17460,175651,0.011001737116386856
2024-08-13,17460,17550,17180,17520,125649,0.0034364261168384758
2024-08-14,17600,18100,17550,18070,187327,0.03139269406392686
2024-08-16,18150,18800,18130,18530,297615,0.025456557830658477
2024-08-19,18600,18880,18200,18640,153258,0.005936319481921304
2024-08-20,18640,19100,18610,19010,314570,0.019849785407725307
2024-08-21,19100,19250,18770,19140,213313,0.006838506049447579
2024-08-22,19140,19900,19100,19360,219300,0.011494252873563315
2024-08-23,19130,19750,19000,19050,223740,-0.016012396694214837
2024-08-26,19000,19140,18510,18600,199680,-0.023622047244094446
2024-08-27,18390,18600,18120,18480,157339,-0.006451612903225823
2024-08-28,18460,18770,18280,18590,90734,0.005952380952380931
2024-08-29,18500,18840,18300,18780,107365,0.010220548682087216
2024-08-30,18780,19000,18780,18920,83448,0.007454739084131967
2024-09-02,19080,19900,19050,19900,312425,0.051797040169133224
2024-09-03,19750,20050,19710,19900,252348,0.0
2024-09-04,19200,19920,19100,19900,247041,0.0
2024-09-05,20100,20900,19970,20100,490956,0.01005025125628145
2024-09-06,20350,20500,19510,20250,332307,0.00746268656716409
2024-09-09,19800,20350,19650,20100,164699,-0.007407407407407418
2024-09-10,20000,20350,19830,19960,172282,-0.006965174129353269
2024-09-11,19920,20400,19920,19990,178033,0.0015030060120240218
2024-09-12,20100,20200,19540,19950,345757,-0.002001000500250094
2024-09-13,19960,20200,19700,20050,169750,0.005012531328320913
2024-09-19,20150,20250,19090,19100,420082,-0.04738154613466339
2024-09-20,19150,20100,19010,20050,334996,0.04973821989528804
2024-09-23,20050,20600,19900,20600,191159,0.027431421446383997
2024-09-24,20600,20750,20300,20500,108044,-0.004854368932038833
2024-09-25,20350,20600,19990,20000,114285,-0.024390243902439046
2024-09-26,20050,20850,20050,20500,210095,0.02499999999999991
2024-09-27,20550,20650,20300,20650,150320,0.007317073170731714
2024-09-30,20650,20650,20300,20300,135405,-0.016949152542372836
2024-10-02,20050,20300,19740,19990,199601,-0.015270935960591148
2024-10-04,20050,20150,19780,20000,126110,0.0005002501250626068
2024-10-07,20000,20550,19960,20000,159445,0.0
2024-10-08,20050,20350,19630,20150,234288,0.007500000000000062
2024-10-10,20350,20650,20150,20500,175351,0.017369727047146455
2024-10-11,20500,21400,20500,20800,297554,0.014634146341463428
2024-10-14,20800,21150,20400,21000,159642,0.009615384615384581
2024-10-15,20900,21050,20250,20350,354957,-0.030952380952380953
2024-10-16,20350,20850,20150,20150,167632,-0.009828009828009798
2024-10-17,20350,20550,20050,20500,127861,0.017369727047146455
2024-10-18,20500,20700,20250,20500,108618,0.0
2024-10-21,20500,20600,20300,20500,105959,0.0
2024-10-22,20350,20550,19970,20400,135888,-0.004878048780487809
2024-10-23,20400,20600,19970,20500,154194,0.004901960784313708
2024-10-24,20450,20700,20000,20550,193386,0.0024390243902439046
2024-10-25,20550,20750,20000,20000,133340,-0.02676399026763987
2024-10-28,19950,20050,18960,19010,379820,-0.04949999999999999
2024-10-29,19020,19100,18220,18410,299263,-0.03156233561283539
2024-10-30,18510,19400,18410,18720,221539,0.016838674633351536
2024-10-31,18760,19280,18500,19170,126800,0.024038461538461453
2024-11-01,18970,19080,18450,18460,144452,-0.03703703703703709
2024-11-04,18440,18550,18240,18280,177102,-0.009750812567713929
2024-11-05,18260,19840,18260,19830,392796,0.08479212253829327
2024-11-06,20000,20150,19480,19740,162149,-0.004538577912254205
2024-11-07,19750,19900,19190,19530,106840,-0.010638297872340385
2024-11-08,19540,19600,19330,19360,78904,-0.008704557091653853
2024-11-11,19360,19380,18500,18520,178619,-0.04338842975206614
2024-11-12,18520,18870,18100,18180,183050,-0.018358531317494653
2024-11-13,18110,18310,16860,17000,589360,-0.06490649064906495
2024-11-14,17010,17750,17000,17280,319698,0.016470588235294015
2024-11-15,16970,17520,16600,17280,327268,0.0
2024-11-18,17280,17960,17200,17710,215863,0.0248842592592593
2024-11-19,17680,18750,17680,18690,158457,0.05533596837944654
2024-11-20,18690,19580,18550,19540,257660,0.045478865703584725
2024-11-21,19540,20050,19350,19460,198308,-0.004094165813715467
2024-11-22,19400,19640,19300,19500,140242,0.0020554984583760483
2024-11-25,19600,20200,19380,20200,185138,0.03589743589743599
2024-11-26,20100,21500,20000,21100,424878,0.044554455445544594
2024-11-27,21100,21350,20850,21050,136857,-0.0023696682464454666
2024-11-28,21200,21550,21000,21100,99036,0.002375296912114022
2024-11-29,21000,21100,20250,20300,162651,-0.03791469194312791
2024-12-02,20300,20650,20100,20450,146534,0.00738916256157629
2024-12-03,20600,20750,19780,20100,200055,-0.017114914425427896
2024-12-04,19640,20100,19600,19810,228415,-0.014427860696517358
2024-12-05,20200,20200,19730,19830,101128,0.001009591115598285
2024-12-06,19800,19950,19050,19530,184050,-0.015128593040847238
2024-12-09,19050,19180,18360,18360,271929,-0.05990783410138245
2024-12-10,18370,19570,18370,19560,173605,0.065359477124183
2024-12-11,19770,21500,19700,21200,547145,0.08384458077709622
2024-12-12,21450,21500,20800,21050,215938,-0.007075471698113178
2024-12-13,21050,21650,20950,21300,214224,0.01187648456057011
2024-12-16,21500,21750,21200,21300,164632,0.0
2024-12-17,20950,21150,20300,20400,247828,-0.04225352112676062
2024-12-18,20450,20550,20050,20250,120901,-0.007352941176470562
2024-12-19,19900,20150,19370,19490,280414,-0.03753086419753082
2024-12-20,19420,19510,18930,19060,166566,-0.022062596203181073
2024-12-23,19060,19260,18900,19170,85625,0.005771248688352548
2024-12-24,19180,19570,18890,19500,131390,0.017214397496087663
2024-12-26,19510,19600,18980,19060,90545,-0.022564102564102573
2024-12-27,19000,19410,18950,19200,96665,0.007345225603357708
2024-12-30,19200,19390,19020,19210,34063,0.0005208333333333037
2025-01-02,19220,19890,19060,19850,106873,0.03331598125976054
2025-01-03,19800,20350,19740,19930,95598,0.004030226700251882
2025-01-06,20150,20150,19670,19800,96248,-0.00652282990466635
2025-01-07,19940,20100,19520,19700,102458,-0.005050505050505083
2025-01-08,19700,19700,19280,19360,131253,-0.017258883248730927
2025-01-09,19450,19480,19090,19150,103464,-0.010847107438016534
2025-01-10,19150,19780,19100,19580,127412,0.022454308093994735
2025-01-13,19500,19670,19280,19450,68386,-0.006639427987742641
2025-01-14,19450,19450,19110,19260,115615,-0.00976863753213364
2025-01-15,19320,19350,19040,19070,91072,-0.009865005192107978
2025-01-16,19250,19250,18680,18740,212022,-0.01730466701625588
2025-01-17,18800,18800,18540,18700,180449,-0.002134471718249764
2025-01-20,18730,19240,18730,19000,230615,0.016042780748663166
2025-01-21,19000,19060,18430,19000,281008,0.0
2025-01-22,19000,19320,18900,19010,147465,0.000526315789473708
2025-01-23,19100,19100,18610,18620,110308,-0.02051551814834296
2025-01-24,18780,19030,18500,18950,78754,0.01772287862513422
2025-01-31,18930,18980,18630,18850,67174,-0.00527704485488123
2025-02-03,18840,18840,18250,18350,167238,-0.02652519893899208
2025-02-04,18390,19000,18390,18530,79832,0.009809264305177035
2025-02-05,18580,18720,18460,18530,80325,0.0
2025-02-06,18550,18820,18450,18800,74225,0.014570966001079322
2025-02-07,18890,19140,18460,18650,143854,-0.007978723404255317
2025-02-10,18590,18720,18350,18560,98485,-0.004825737265415575
2025-02-11,18570,18790,18410,18440,122077,-0.006465517241379337
2025-02-12,18470,18550,18180,18480,72506,0.002169197396963085
2025-02-13,18360,18550,17540,17570,468724,-0.0492424242424242
2025-02-14,17650,17900,17630,17660,162091,0.00512236767216856
2025-02-17,17670,17780,17540,17600,139052,-0.003397508493771184
2025-02-18,17680,17680,17540,17610,86238,0.0005681818181817455
2025-02-19,17560,18910,17560,18820,544778,0.0687109596819988
2025-02-20,18850,19040,18630,18800,152602,-0.0010626992561104665
2025-02-21,18800,18800,18360,18620,160585,-0.009574468085106425
2025-02-24,18500,18500,18140,18410,125631,-0.011278195488721776
2025-02-25,18340,18370,18010,18070,124204,-0.01846822379141766
2025-02-26,18000,18350,17940,18250,82832,0.009961261759822815
2025-02-27,18300,18480,18030,18130,89969,-0.00657534246575342
2025-02-28,17950,18070,17610,17630,139898,-0.027578599007170412
2025-03-04,17510,17620,17170,17280,116603,-0.019852524106636404
2025-03-05,17200,17770,17200,17740,71247,0.02662037037037046
2025-03-06,18070,18170,17840,17950,79642,0.01183765501691103
2025-03-07,17710,17920,17410,17410,85053,-0.030083565459609996
2025-03-10,17410,17540,16970,17010,169880,-0.022975301550832827
2025-03-11,16750,17140,16580,17090,71805,0.004703115814226999
2025-03-12,17010,18060,17010,17800,139352,0.04154476301930954
2025-03-13,17800,18100,17630,17710,77566,-0.0050561797752809445
2025-03-14,17710,17900,17650,17750,71832,0.0022586109542630517
2025-03-17,17890,17890,17740,17800,34273,0.0028169014084507005
2025-03-18,17800,17870,17680,17700,60198,-0.005617977528089901
2025-03-19,17830,17940,17650,17810,74729,0.00621468926553681
2025-03-20,17810,18030,17730,17750,78695,-0.003368893879842738
2025-03-21,17690,17820,17150,17730,117387,-0.0011267605633802358
2025-03-24,17840,18090,17500,18000,75976,0.015228426395939021
2025-03-25,18000,18050,17360,17470,144146,-0.029444444444444495
2025-03-26,17590,17780,17430,17440,65743,-0.0017172295363480083
2025-03-27,17400,17500,17150,17320,60527,-0.006880733944954143
2025-03-28,17340,17340,16990,17020,89745,-0.01732101616628179
2025-03-31,16750,17120,16510,16660,155474,-0.021151586368977626
2025-04-01,16870,17110,16800,16850,79745,0.01140456182472982
2025-04-02,16850,17010,16560,16610,86558,-0.014243323442136524
2025-04-03,16400,16470,16240,16330,100433,-0.01685731487055986
2025-04-04,15970,16380,15870,16260,151242,-0.004286589099816274
2025-04-07,15860,15860,14640,15170,194257,-0.06703567035670355
2025-04-08,15450,15680,14630,14640,184030,-0.03493737640079109
2025-04-09,14300,14520,13870,13940,180574,-0.04781420765027322
2025-04-10,15250,15250,14550,14980,143933,0.0746054519368724
2025-04-11,14610,15150,14520,14970,108224,-0.0006675567423231055
2025-04-14,15080,15370,15080,15330,53983,0.024048096192384794
2025-04-15,15400,15820,15310,15810,79432,0.03131115459882583
2025-04-16,15840,15940,15500,15660,61420,-0.009487666034155628
2025-04-17,15660,16950,15550,16920,141181,0.08045977011494254
2025-04-18,17360,17700,16970,17010,135772,0.005319148936170137
2025-04-21,17090,17650,16700,16790,119644,-0.012933568489124081
2025-04-22,16800,16800,16180,16210,116444,-0.03454437164979152
2025-04-23,16240,16430,16140,16280,157558,0.0043183220234424
2025-04-24,16300,16520,16250,16290,96954,0.0006142506142505777
2025-04-25,16400,16600,16170,16540,102145,0.015346838551258513
2025-04-28,16540,16870,16490,16600,74675,0.0036275695284160303
2025-04-29,16580,16700,16350,16500,141974,-0.0060240963855421326
2025-04-30,16500,16610,16290,16430,69211,-0.00424242424242427
2025-05-02,16410,16500,16260,16290,39639,-0.008520998174071814
2025-05-07,16480,16480,16020,16130,76075,-0.009821976672805377
2025-05-08,16100,16360,16000,16080,88387,-0.0030998140111593298
2025-05-09,16110,16380,16050,16290,75163,0.013059701492537323
2025-05-12,16360,16520,16150,16500,128940,0.012891344383057168
2025-05-13,16530,17050,16500,16700,122072,0.0121212121212122
2025-05-14,16890,16930,16650,16830,102368,0.007784431137724646
2025-05-15,16870,16870,16430,16460,65696,-0.021984551396316054
2025-05-16,16280,16310,15510,15710,218833,-0.04556500607533409
2025-05-19,15820,16150,15470,15760,165474,0.0031826861871420142
2025-05-20,15800,16200,15500,16200,137718,0.027918781725888353
2025-05-21,16290,16350,16110,16230,81941,0.0018518518518517713
2025-05-22,16230,16230,15640,15660,161535,-0.03512014787430684
2025-05-23,16000,16400,15700,15750,116902,0.005747126436781658
2025-05-26,15630,15870,15520,15660,126494,-0.005714285714285672
2025-05-27,15730,15730,15280,15470,184365,-0.012132822477650018
2025-05-28,15600,15630,15350,15370,215834,-0.006464124111182912
2025-05-29,15400,15580,15340,15520,214902,0.009759271307742345
2025-05-30,15550,15550,15180,15340,173579,-0.011597938144329856
2025-06-02,15300,15330,15040,15120,164678,-0.014341590612777066
2025-06-04,15310,15400,15170,15230,126149,0.007275132275132323
2025-06-05,15330,15330,15070,15110,132759,-0.007879185817465495
2025-06-09,15250,15390,15180,15350,93974,0.01588352084712108
2025-06-10,15350,15440,15130,15260,119173,-0.005863192182410382
2025-06-11,15260,15530,15260,15410,110928,0.009829619921362998
2025-06-12,15510,15750,15400,15400,142956,-0.0006489292667098967
2025-06-13,15410,15490,14780,14790,273164,-0.03961038961038965
2025-06-16,14850,14900,14650,14780,89588,-0.0006761325219742931
2025-06-17,15020,15680,14980,15200,259172,0.02841677943166432
2025-06-18,15200,15560,15000,15540,111929,0.022368421052631593
2025-06-19,15570,16130,15300,15900,197780,0.02316602316602312
2025-06-20,16200,16280,15790,15900,123094,0.0
2025-06-23,15460,15700,15460,15510,90123,-0.024528301886792447
2025-06-24,15690,15750,15520,15620,144045,0.007092198581560183
2025-06-25,15760,16000,15390,15500,191890,-0.007682458386683688
2025-06-26,15600,15760,15200,15240,106997,-0.01677419354838705
2025-06-27,15240,15450,15150,15230,139172,-0.0006561679790025865
2025-06-30,15180,16230,15180,15900,371047,0.04399212081418247
2025-07-01,15920,16500,15830,16020,285943,0.007547169811320753
2025-07-02,16070,16200,15640,16010,283881,-0.0006242197253433224
2025-07-03,16020,16800,15870,16710,334809,0.04372267332916935
2025-07-04,16770,17100,16520,16760,234917,0.0029922202274086374
2025-07-07,16800,17020,16480,16930,211255,0.010143198090692085
2025-07-08,16800,16990,16610,16690,167974,-0.014176018901358556
2025-07-09,16740,17320,16720,16890,187136,0.011983223487118
2025-07-10,16850,17250,16750,17200,140003,0.018354055654233203
2025-07-11,17220,17350,16950,16950,112417,-0.014534883720930258
2025-07-14,16990,17600,16990,17410,289922,0.027138643067846635
2025-07-15,17100,17150,16510,16830,221885,-0.033314187248707605
2025-07-16,16800,16870,16530,16580,83313,-0.0148544266191325
2025-07-17,16490,16700,16420,16600,92362,0.0012062726176116367
2025-07-18,16610,16700,16430,16600,98125,0.0
2025-07-21,16600,16670,16380,16600,92216,0.0
2025-07-22,16610,16830,16470,16470,79594,-0.007831325301204783
2025-07-23,16520,16550,16090,16400,204745,-0.004250151791135415
2025-07-24,15920,16490,15720,16220,362148,-0.01097560975609757
2025-07-25,16160,16500,15900,16090,156698,-0.00801479654747228
2025-07-28,16070,16650,15830,16490,261643,0.024860161591050423
2025-07-29,16500,16680,16310,16490,105728,0.0
2025-07-30,16450,17200,16430,16880,244254,0.02365069739235892
2025-07-31,16880,16950,16330,16530,152808,-0.020734597156398138
2025-08-01,16510,16510,15820,15930,248208,-0.0362976406533575
2025-08-04,16000,16190,15790,16020,140481,0.005649717514124353
2025-08-05,16050,16500,15910,15950,133563,-0.004369538077403257
2025-08-06,16000,16150,15880,15970,122463,0.0012539184952977678
2025-08-07,15920,16000,15670,15890,106794,-0.0050093926111458575
2025-08-08,15930,16020,15790,15880,79863,-0.0006293266205160686
2025-08-11,15880,16120,15750,15980,79987,0.006297229219143663
2025-08-12,16060,16130,15760,15760,114314,-0.013767209011264048
2025-08-13,15810,15920,15300,15800,218951,0.002538071065989911
2025-08-14,15820,15820,15540,15800,88331,0.0
2025-08-18,15800,15800,15480,15560,79666,-0.015189873417721489
2025-08-19,15560,15630,15240,15460,99554,-0.006426735218509005
2025-08-20,15160,15400,14940,15200,155639,-0.01681759379042691
2025-08-21,14990,15190,14440,14990,317050,-0.013815789473684226
2025-08-22,14850,15300,14810,14910,244172,-0.005336891260840582
2025-08-25,15000,15310,14950,15170,146028,0.017437961099932897
2025-08-26,15060,16200,15060,15680,423121,0.033618984838497123
2025-08-27,15840,15840,15200,15310,147055,-0.023596938775510168
2025-08-28,15360,16550,15350,16270,950476,0.06270411495754402
2025-08-29,16300,17090,16300,16670,635271,0.02458512599877083
2025-09-01,16620,17040,16480,16480,191975,-0.01139772045590881
2025-09-02,16410,16900,16330,16690,156448,0.01274271844660202
2025-09-03,16520,17390,16520,17200,365634,0.0305572198921511
2025-09-04,17200,17210,16170,16420,243408,-0.04534883720930227
2025-09-05,17410,20750,17310,19120,4497655,0.16443361753958596
2025-09-08,18900,19520,18670,19350,817354,0.012029288702928964
2025-09-09,19130,19150,18130,18250,561208,-0.056847545219638196
2025-09-10,18170,18210,17800,18140,284864,-0.0060273972602740145
2025-09-11,18060,18380,18050,18200,225026,0.00330760749724357
2025-09-12,18530,19300,18500,19300,399052,0.06043956043956045
2025-09-15,19150,19180,18740,18830,235545,-0.024352331606217636
2025-09-16,18840,19000,18650,19000,151255,0.009028146574614926
2025-09-17,19000,19380,18910,19000,365902,0.0
2025-09-18,19290,19680,19190,19610,307144,0.03210526315789464
2025-09-19,19580,19580,18110,19290,317034,-0.016318204997450292
2025-09-22,19180,19200,18340,18380,357134,-0.047174701918092254
2025-09-23,18370,18500,18000,18450,172559,0.003808487486398171
2025-09-24,18280,18320,17820,18150,312074,-0.016260162601625994
2025-09-25,18150,18150,17660,17660,188210,-0.026997245179063323
2025-09-26,17660,17660,17100,17360,220602,-0.016987542468856143
2025-09-29,17280,17520,17210,17390,126941,0.001728110599078292
2025-09-30,17320,17570,17080,17440,118229,0.002875215641173101
2025-10-01,17470,17470,17040,17150,113235,-0.01662844036697253
2025-10-02,17140,17300,17020,17160,132481,0.0005830903790087216
2025-10-10,17170,17410,16960,17080,139479,-0.004662004662004615
2025-10-13,16900,17240,16760,17200,220447,0.007025761124121788
2025-10-14,17350,17350,16600,16900,279443,-0.01744186046511631
2025-10-15,16950,17300,16870,17160,170521,0.01538461538461533
2025-10-16,17160,17250,16950,16990,132525,-0.009906759906759932
2025-10-17,16990,17330,16760,16990,221812,0.0
2025-10-20,17010,17270,16800,17270,169026,0.016480282519128808
2025-10-21,17270,17530,16900,17100,226818,-0.009843659525188175
2025-10-22,17200,17200,16790,17030,99260,-0.004093567251462038
2025-10-23,17040,17080,16860,17000,93003,-0.0017615971814445297
2025-10-24,17150,17290,16760,17120,235465,0.007058823529411784
2025-10-27,17120,17580,17060,17130,229640,0.0005841121495326895
2025-10-28,17150,18380,17150,18250,561763,0.06538237011091641
2025-10-29,18790,18790,18000,18100,352364,-0.008219178082191747
2025-10-30,18100,18150,17740,17850,192690,-0.013812154696132617
2025-10-31,17850,17930,17410,17900,168308,0.0028011204481792618
2025-11-03,17670,18150,17530,17920,241229,0.0011173184357542443
2025-11-04,17990,19190,17990,18790,731474,0.048549107142857206
2025-11-05,18790,18790,17760,18430,380889,-0.01915912719531665
2025-11-06,18450,18580,17870,18450,220007,0.0010851871947910041
2025-11-07,18000,18050,17300,17750,289813,-0.03794037940379402
2025-11-10,17720,17990,17520,17980,107966,0.012957746478873267
2025-11-11,17990,18210,17650,18000,193916,0.0011123470522802492
2025-11-12,18000,18200,17790,18140,108505,0.007777777777777883
2025-11-13,18100,18350,17920,18260,110907,0.006615214994487362
2025-11-14,17930,18540,17820,17990,118713,-0.014786418400876244
2025-11-17,18010,19700,18010,18810,1166733,0.04558087826570323
2025-11-18,18510,18680,17750,18040,332372,-0.040935672514619936
2025-11-19,17740,18150,17500,18040,159282,0.0
2025-11-20,18080,18440,17930,18030,236332,-0.0005543237250554833
2025-11-21,17760,17970,17510,17700,133808,-0.01830282861896837
