Date,Open,High,Low,Close,Volume,Change
2022-01-03,5540,5650,5500,5620,85214,0.012612612612612706
2022-01-04,5570,5750,5550,5630,113509,0.001779359430605032
2022-01-05,5630,5710,5530,5670,131487,0.007104795737122638
2022-01-06,5560,5690,5560,5630,94152,-0.007054673721340388
2022-01-07,5630,5710,5630,5670,92969,0.007104795737122638
2022-01-10,5670,5730,5610,5660,85745,-0.0017636684303351524
2022-01-11,5640,5890,5640,5770,367926,0.019434628975264934
2022-01-12,5840,5840,5700,5760,104429,-0.0017331022530329143
2022-01-13,5770,5820,5660,5780,110303,0.003472222222222321
2022-01-14,5730,5800,5670,5740,79082,-0.00692041522491349
2022-01-17,5860,5860,5530,5640,128533,-0.017421602787456414
2022-01-18,5620,5620,5390,5410,84529,-0.04078014184397161
2022-01-19,5390,5430,5300,5310,70643,-0.01848428835489835
2022-01-20,5310,5450,5290,5420,51146,0.020715630885122405
2022-01-21,5360,5430,5350,5400,25946,-0.0036900369003689537
2022-01-24,5320,5460,5320,5370,60028,-0.005555555555555536
2022-01-25,5330,5430,4995,5060,104678,-0.05772811918063314
2022-01-26,5060,5160,5040,5130,41722,0.01383399209486158
2022-01-27,5110,5150,4910,4950,76884,-0.03508771929824561
2022-01-28,5100,5160,4900,5150,51241,0.04040404040404044
2022-02-03,5170,5280,5170,5240,41247,0.01747572815533971
2022-02-04,5120,5430,5120,5400,54923,0.03053435114503822
2022-02-07,5400,5460,5290,5420,37896,0.0037037037037037646
2022-02-08,5370,5630,5330,5480,107034,0.011070110701107083
2022-02-09,5500,5580,5470,5550,41476,0.012773722627737127
2022-02-10,5590,5610,5480,5480,31753,-0.012612612612612595
2022-02-11,5520,5530,5380,5430,44971,-0.009124087591240837
2022-02-14,5370,5390,5210,5270,65879,-0.029465930018416242
2022-02-15,5270,5380,5270,5310,42209,0.007590132827324458
2022-02-16,5350,5490,5350,5450,58111,0.026365348399246757
2022-02-17,5540,5580,5350,5530,117697,0.014678899082568808
2022-02-18,5500,5650,5440,5540,51209,0.001808318264014508
2022-02-21,5540,5540,5450,5510,35590,-0.005415162454873612
2022-02-22,5400,5480,5310,5360,45423,-0.02722323049001818
2022-02-23,5360,5540,5360,5540,46309,0.033582089552238736
2022-02-24,5540,5540,5350,5440,46224,-0.018050541516245522
2022-02-25,5460,5500,5400,5430,42905,-0.0018382352941176405
2022-02-28,5430,5450,5400,5400,23928,-0.0055248618784530246
2022-03-02,5570,6580,5550,6430,13096462,0.19074074074074066
2022-03-03,6450,6670,6330,6530,3980687,0.015552099533437058
2022-03-04,6530,6720,6160,6200,2688857,-0.050535987748851485
2022-03-07,6400,6490,6200,6290,1279947,0.014516129032257963
2022-03-08,6110,6200,5960,6030,545965,-0.04133545310015896
2022-03-10,6020,6180,5830,6180,510879,0.02487562189054726
2022-03-11,6140,6220,6030,6110,391299,-0.01132686084142398
2022-03-14,6200,6240,5900,6030,387148,-0.013093289689034338
2022-03-15,5970,6550,5930,5960,1848753,-0.011608623548922004
2022-03-16,6000,6050,5860,6050,242046,0.015100671140939603
2022-03-17,6060,6080,5940,5990,254433,-0.00991735537190086
2022-03-18,5990,6070,5900,6050,208172,0.01001669449081799
2022-03-21,6080,6340,6000,6310,876311,0.04297520661157028
2022-03-22,6300,6420,6200,6370,662860,0.009508716323296307
2022-03-23,6420,6420,6210,6270,364738,-0.015698587127158548
2022-03-24,6350,7890,6280,7350,20208809,0.1722488038277512
2022-03-25,7560,7570,6700,6760,4597569,-0.08027210884353742
2022-03-28,6740,6880,6620,6830,1843038,0.010355029585798814
2022-03-29,7330,7490,6440,6460,5484453,-0.05417276720351394
2022-03-30,6390,6450,6210,6300,794446,-0.024767801857585092
2022-03-31,6540,6630,6320,6340,1029114,0.006349206349206327
2022-04-01,6280,6450,6280,6350,394059,0.001577287066246047
2022-04-04,6370,6400,6220,6290,257869,-0.009448818897637823
2022-04-05,6310,6370,6200,6310,260674,0.0031796502384737746
2022-04-06,6310,6590,6260,6390,878531,0.01267828843106189
2022-04-07,6410,6530,6260,6260,486323,-0.020344287949921713
2022-04-08,6300,6350,6010,6120,364365,-0.022364217252396124
2022-04-11,6050,6450,6030,6160,380027,0.006535947712418277
2022-04-12,6170,6180,5950,6100,180627,-0.009740259740259716
2022-04-13,6080,6260,6070,6200,166226,0.016393442622950838
2022-04-14,6250,6580,6200,6580,1162286,0.06129032258064515
2022-04-15,6530,6750,6450,6670,1131326,0.013677811550151908
2022-04-18,6740,7320,6670,6820,4366800,0.022488755622188883
2022-04-19,6880,7030,6610,7010,1694265,0.027859237536656867
2022-04-20,6890,7490,6830,7360,5495327,0.049928673323823114
2022-04-21,7260,7680,6810,6820,3547579,-0.07336956521739135
2022-04-22,6720,7060,6670,6870,870338,0.007331378299120228
2022-04-25,6920,8500,6920,7840,16044641,0.14119359534206688
2022-04-26,7800,7810,7430,7780,2383503,-0.007653061224489832
2022-04-27,7940,9240,7300,7370,11041270,-0.0526992287917738
2022-04-28,7340,7400,6930,7130,1304698,-0.0325644504748982
2022-04-29,7030,7060,6820,6830,785261,-0.04207573632538575
2022-05-02,6790,7150,6790,7100,1065609,0.039531478770131745
2022-05-03,7300,7310,6910,7000,838614,-0.014084507042253502
2022-05-04,7130,7160,6550,6550,735619,-0.06428571428571428
2022-05-06,6440,6680,6330,6350,285469,-0.03053435114503822
2022-05-09,6320,6470,6160,6200,345559,-0.023622047244094446
2022-05-10,6070,6300,6020,6130,336841,-0.011290322580645107
2022-05-11,6130,6210,6020,6100,178124,-0.004893964110929905
2022-05-12,6060,6170,5760,5780,385368,-0.05245901639344264
2022-05-13,5830,5910,5760,5880,183318,0.01730103806228378
2022-05-16,5960,6370,5950,6280,677750,0.06802721088435382
2022-05-17,6280,6280,6070,6170,226180,-0.017515923566879033
2022-05-18,6190,6890,6130,6550,4198064,0.06158833063209079
2022-05-19,6390,6480,6260,6340,387775,-0.032061068702290085
2022-05-20,6440,6930,6410,6610,1501411,0.04258675078864349
2022-05-23,6500,6500,6250,6280,276704,-0.04992435703479581
2022-05-24,6230,6400,6100,6120,193234,-0.02547770700636942
2022-05-25,6100,6180,6040,6040,153344,-0.013071895424836555
2022-05-26,6050,6150,6020,6040,95300,0.0
2022-05-27,6120,6380,6100,6230,290834,0.0314569536423841
2022-05-30,6240,6420,6190,6350,197353,0.019261637239165408
2022-05-31,6360,6550,6280,6330,305311,-0.0031496062992125706
2022-06-02,6330,6330,6200,6230,121501,-0.01579778830963663
2022-06-03,6240,6280,6170,6170,112928,-0.009630818619582704
2022-06-07,6170,6260,6130,6130,86060,-0.00648298217179899
2022-06-08,6160,6480,6050,6180,311274,0.00815660685154973
2022-06-09,6110,6140,5940,5950,193647,-0.03721682847896435
2022-06-10,5920,6030,5880,5950,70765,0.0
2022-06-13,5830,5990,5790,5810,215754,-0.02352941176470591
2022-06-14,5650,5810,5400,5530,206721,-0.048192771084337394
2022-06-15,5480,5610,5370,5370,151315,-0.02893309222423146
2022-06-16,5420,5800,5420,5510,207540,0.026070763500931182
2022-06-17,5450,5550,5320,5460,97826,-0.00907441016333943
2022-06-20,5510,5530,5100,5150,171999,-0.0567765567765568
2022-06-21,5120,5290,5000,5200,142347,0.009708737864077666
2022-06-22,5210,5420,4995,5000,192758,-0.038461538461538436
2022-06-23,4980,5000,4560,4595,268943,-0.08099999999999996
2022-06-24,4530,4805,4530,4770,139157,0.0380848748639826
2022-06-27,4785,5120,4785,5110,150383,0.07127882599580704
2022-06-28,5060,5250,5060,5130,68974,0.00391389432485334
2022-06-29,4995,5250,4995,5130,40413,0.0
2022-06-30,5110,5160,5030,5080,40139,-0.00974658869395717
2022-07-01,5010,5090,4895,4960,64332,-0.023622047244094446
2022-07-04,4945,5140,4615,4835,67623,-0.025201612903225756
2022-07-05,4800,4990,4800,4980,45399,0.02998965873836612
2022-07-06,4980,5030,4870,4940,30856,-0.008032128514056214
2022-07-07,5000,5060,5000,5030,40807,0.018218623481781382
2022-07-08,5040,5160,5020,5160,88592,0.025844930417495027
2022-07-11,5140,5200,5080,5130,36969,-0.005813953488372103
2022-07-12,5130,5130,4940,4960,70104,-0.033138401559454245
2022-07-13,4955,5040,4855,4975,53609,0.003024193548387011
2022-07-14,4955,5050,4930,4990,30657,0.0030150753768845018
2022-07-15,5020,5070,4800,4910,64467,-0.01603206412825653
2022-07-18,4925,5020,4820,5010,41554,0.020366598778004175
2022-07-19,5000,5090,4960,5080,46314,0.013972055888223478
2022-07-20,5140,5190,5090,5100,65952,0.003937007874015741
2022-07-21,5160,5160,5070,5090,27052,-0.0019607843137254832
2022-07-22,5090,6430,5050,5950,9134065,0.1689587426326129
2022-07-25,5800,5930,5750,5810,1182399,-0.02352941176470591
2022-07-26,5770,5850,5600,5810,622592,0.0
2022-07-27,5720,5790,5680,5700,280908,-0.018932874354561147
2022-07-28,5660,5780,5660,5740,313667,0.007017543859649145
2022-07-29,5700,5750,5660,5730,162328,-0.0017421602787456303
2022-08-01,5710,5820,5640,5670,212143,-0.010471204188481686
2022-08-02,5730,6300,5620,5620,4331662,-0.00881834215167554
2022-08-03,5570,6090,5390,5940,2625333,0.05693950177935947
2022-08-04,5950,5990,5840,5860,307612,-0.013468013468013518
2022-08-05,5810,5850,5650,5750,188868,-0.018771331058020424
2022-08-08,5780,5860,5670,5770,106750,0.003478260869565153
2022-08-09,5750,5880,5710,5850,162362,0.013864818024263537
2022-08-10,5860,5950,5750,5760,185436,-0.01538461538461533
2022-08-11,5770,5930,5770,5930,145354,0.02951388888888884
2022-08-12,5970,5970,5840,5870,101733,-0.010118043844856706
2022-08-16,5870,5910,5810,5870,99557,0.0
2022-08-17,5890,6090,5820,6050,429619,0.030664395229982988
2022-08-18,6060,6130,5930,6010,338467,-0.006611570247933907
2022-08-19,6030,6200,6030,6140,429493,0.021630615640598982
2022-08-22,6140,6150,5820,6000,268620,-0.0228013029315961
2022-08-23,5920,6180,5870,5890,394817,-0.018333333333333313
2022-08-24,5850,6040,5710,5820,231158,-0.011884550084889645
2022-08-25,5810,6010,5810,5930,177052,0.018900343642611617
2022-08-26,5990,6110,5880,6010,246813,0.013490725126475533
2022-08-29,5820,5850,5600,5630,226240,-0.06322795341098175
2022-08-30,5630,5710,5530,5590,115769,-0.007104795737122527
2022-08-31,5600,5670,5420,5560,101248,-0.00536672629695889
2022-09-01,5500,5590,5300,5370,90039,-0.03417266187050361
2022-09-02,5370,5470,5300,5310,68668,-0.011173184357541888
2022-09-05,5220,5400,5220,5290,67035,-0.0037664783427495685
2022-09-06,5330,5380,5300,5330,31134,0.007561436672967936
2022-09-07,5330,5380,5130,5190,91598,-0.026266416510318913
2022-09-08,5200,5350,5200,5310,64644,0.023121387283236983
2022-09-13,5350,5400,5310,5370,48466,0.011299435028248483
2022-09-14,5180,5320,5100,5310,68068,-0.011173184357541888
2022-09-15,5340,6040,5270,5430,1737759,0.02259887005649719
2022-09-16,5350,5430,5260,5270,262000,-0.029465930018416242
2022-09-19,5310,5580,5220,5380,303354,0.020872865275142205
2022-09-20,5450,5580,5360,5490,167418,0.020446096654274992
2022-09-21,5430,5650,5430,5510,165425,0.0036429872495447047
2022-09-22,5510,5850,5400,5660,511008,0.02722323049001818
2022-09-23,5610,5810,5300,5390,181709,-0.04770318021201414
2022-09-26,5220,5380,4845,4875,216896,-0.09554730983302406
2022-09-27,4820,4875,4730,4760,191873,-0.02358974358974364
2022-09-28,4745,4995,4515,4600,233938,-0.03361344537815125
2022-09-29,4640,4840,4640,4795,119434,0.04239130434782612
2022-09-30,4580,4780,4580,4670,79482,-0.026068821689259614
2022-10-04,4715,4830,4690,4810,62043,0.02997858672376874
2022-10-05,4845,4890,4720,4765,44497,-0.009355509355509328
2022-10-06,4770,5000,4770,4835,113034,0.014690451206715638
2022-10-07,4820,4900,4790,4865,46212,0.006204756980351611
2022-10-11,4800,4810,4610,4670,43334,-0.04008221993833505
2022-10-12,4635,4700,4620,4670,44227,0.0
2022-10-13,4605,4675,4420,4440,90072,-0.04925053533190582
2022-10-14,4465,4600,4460,4555,46401,0.025900900900900803
2022-10-17,4440,4640,4400,4620,40617,0.014270032930845167
2022-10-18,4765,4780,4620,4700,39526,0.017316017316017396
2022-10-19,4725,4780,4645,4735,32039,0.007446808510638281
2022-10-20,4700,4765,4605,4620,31838,-0.02428722280887008
2022-10-21,4660,4665,4550,4550,30879,-0.015151515151515138
2022-10-24,4590,4690,4580,4625,25081,0.016483516483516425
2022-10-25,4625,4700,4590,4630,32403,0.00108108108108107
2022-10-26,4630,4730,4580,4620,31664,-0.002159827213822907
2022-10-27,4550,4645,4550,4595,29243,-0.005411255411255422
2022-10-28,4565,4650,4560,4600,42078,0.0010881392818280489
2022-10-31,4675,4845,4610,4690,84398,0.019565217391304346
2022-11-01,4680,4815,4665,4810,79839,0.02558635394456288
2022-11-02,4810,4810,4655,4720,40100,-0.018711018711018657
2022-11-03,4645,4720,4605,4630,41096,-0.01906779661016944
2022-11-04,4630,4670,4575,4635,32526,0.001079913606911509
2022-11-07,4640,4750,4640,4740,33655,0.02265372168284796
2022-11-08,4800,4800,4705,4755,23982,0.0031645569620253333
2022-11-09,4755,4875,4755,4840,83087,0.017875920084122088
2022-11-10,4840,4880,4765,4840,36112,0.0
2022-11-11,4950,4975,4840,4875,96185,0.00723140495867769
2022-11-14,4935,4985,4845,4915,60981,0.00820512820512831
2022-11-15,4910,4955,4865,4945,39835,0.006103763987792554
2022-11-16,4930,4990,4720,4910,41824,-0.00707785642062686
2022-11-17,4900,4925,4730,4870,20950,-0.008146639511201648
2022-11-18,4825,4990,4810,4845,20949,-0.005133470225872738
2022-11-21,4870,4870,4735,4760,28190,-0.01754385964912286
2022-11-22,4675,4745,4655,4730,14850,-0.006302521008403339
2022-11-23,4710,4775,4700,4755,21130,0.005285412262156397
2022-11-24,4800,4820,4755,4810,29095,0.011566771819137678
2022-11-25,4855,4860,4740,4795,17721,-0.0031185031185031464
2022-11-28,4800,4800,4705,4720,81985,-0.015641293013555768
2022-11-29,4665,4795,4665,4760,21397,0.008474576271186418
2022-11-30,4740,4870,4705,4860,71917,0.021008403361344463
2022-12-01,4870,4910,4840,4840,31843,-0.004115226337448541
2022-12-02,4870,4890,4840,4860,46086,0.004132231404958775
2022-12-05,4860,4930,4845,4920,40627,0.012345679012345734
2022-12-06,4920,4920,4840,4840,32447,-0.016260162601625994
2022-12-07,4850,4850,4760,4835,18122,-0.0010330578512396382
2022-12-08,4835,4835,4760,4820,81971,-0.0031023784901758056
2022-12-09,4865,4880,4770,4880,43986,0.012448132780082943
2022-12-12,5030,5200,4600,4770,326179,-0.02254098360655743
2022-12-13,4785,4950,4785,4855,54656,0.017819706498951815
2022-12-14,4855,4900,4845,4890,41481,0.00720906282183309
2022-12-15,4880,4990,4840,4850,77950,-0.008179959100204526
2022-12-16,4805,4825,4750,4800,30512,-0.010309278350515427
2022-12-19,4795,4840,4765,4810,24912,0.002083333333333437
2022-12-20,4750,4810,4630,4660,54617,-0.03118503118503113
2022-12-21,4660,4795,4605,4725,54830,0.013948497854077146
2022-12-22,4725,4785,4710,4740,29468,0.0031746031746031633
2022-12-23,4700,4730,4640,4675,26339,-0.01371308016877637
2022-12-26,4640,4675,4560,4575,47996,-0.021390374331550777
2022-12-27,4580,5030,4575,4625,367273,0.010928961748633892
2022-12-28,4710,4710,4600,4630,39561,0.00108108108108107
2022-12-29,4650,4910,4510,4525,392510,-0.022678185745140356
2023-01-02,4530,4580,4440,4465,59685,-0.013259668508287303
2023-01-03,4455,4555,4435,4525,66808,0.013437849944008873
2023-01-04,4510,4675,4500,4625,37787,0.022099447513812098
2023-01-05,4650,4675,4575,4585,25977,-0.008648648648648671
2023-01-06,4540,4660,4540,4635,43794,0.010905125408942284
2023-01-09,4640,4700,4640,4695,45012,0.012944983818770295
2023-01-10,4690,4960,4690,4780,319398,0.018104366347177825
2023-01-11,4780,4845,4750,4790,45625,0.0020920502092049986
2023-01-12,4815,5760,4765,5050,7193556,0.05427974947807934
2023-01-13,5050,5430,4985,5030,3203475,-0.003960396039603964
2023-01-16,5040,5170,5010,5070,331905,0.007952286282306265
2023-01-17,5060,5100,4990,5050,172564,-0.0039447731755424265
2023-01-18,5050,5100,4995,5060,113873,0.001980198019801982
2023-01-19,5040,5080,5010,5010,127987,-0.00988142292490124
2023-01-20,4985,5070,4985,5050,78731,0.007984031936127733
2023-01-25,5090,5210,5050,5090,152257,0.007920792079207928
2023-01-26,5130,5210,5080,5190,204478,0.01964636542239684
2023-01-27,5320,5440,5190,5310,354468,0.023121387283236983
2023-01-30,5270,5410,5240,5340,156482,0.005649717514124353
2023-01-31,5310,5420,5250,5360,146129,0.0037453183520599342
2023-02-01,5540,5660,5360,5500,734609,0.026119402985074647
2023-02-02,5580,5600,5400,5470,160903,-0.00545454545454549
2023-02-03,5520,5520,5350,5410,148255,-0.010968921389396757
2023-02-06,5390,5660,5330,5420,449734,0.001848428835489857
2023-02-07,5480,5540,5430,5520,123649,0.01845018450184499
2023-02-08,5520,5540,5450,5470,83764,-0.009057971014492794
2023-02-09,5470,5540,5430,5450,63647,-0.003656307129798919
2023-02-10,5510,5760,5390,5760,454874,0.05688073394495419
2023-02-13,5720,6020,5670,5820,495888,0.01041666666666674
2023-02-14,5880,5880,5730,5760,118720,-0.010309278350515427
2023-02-15,5760,5990,5650,5820,375242,0.01041666666666674
2023-02-16,5880,5900,5530,5620,334932,-0.03436426116838487
2023-02-17,5560,5680,5510,5610,108815,-0.001779359430605032
2023-02-20,5560,5700,5500,5690,69927,0.01426024955436711
2023-02-21,5650,5720,5610,5700,62188,0.0017574692442883233
2023-02-22,5630,5650,5460,5500,121461,-0.03508771929824561
2023-02-23,5580,5710,5550,5640,139819,0.025454545454545396
2023-02-24,5610,5690,5450,5590,74378,-0.00886524822695034
2023-02-27,5590,5600,5390,5500,59973,-0.01610017889087656
2023-02-28,5510,5560,5400,5500,56184,0.0
2023-03-02,5560,5640,5500,5640,59340,0.025454545454545396
2023-03-03,5650,5840,5610,5680,183395,0.007092198581560183
2023-03-06,5680,5700,5530,5540,53883,-0.02464788732394363
2023-03-07,5540,5630,5490,5620,39318,0.014440433212996373
2023-03-08,5560,5600,5450,5550,41671,-0.01245551601423489
2023-03-09,5550,5550,5390,5470,71068,-0.014414414414414378
2023-03-10,5460,5460,5250,5320,60925,-0.027422303473491727
2023-03-13,5260,5370,5120,5370,60824,0.009398496240601517
2023-03-14,5370,5370,5070,5100,45938,-0.05027932960893855
2023-03-15,5130,5300,5130,5280,48850,0.03529411764705892
2023-03-16,5250,5270,5060,5220,41654,-0.011363636363636354
2023-03-17,5230,5350,5060,5350,35739,0.02490421455938696
2023-03-20,5380,5400,5300,5320,47487,-0.005607476635513975
2023-03-21,5350,5350,5250,5290,21178,-0.005639097744360888
2023-03-22,5250,5270,5130,5190,45894,-0.018903591682419618
2023-03-23,5110,5140,5020,5050,58665,-0.026974951830443183
2023-03-24,5080,5120,4980,5110,31854,0.011881188118811892
2023-03-27,5100,5200,4975,5200,41684,0.017612524461839474
2023-03-28,5160,5330,5090,5300,51833,0.019230769230769162
2023-03-29,5300,5300,5230,5290,34999,-0.0018867924528301883
2023-03-30,5290,5450,5250,5430,92989,0.026465028355387554
2023-03-31,5430,5540,5340,5430,81483,0.0
2023-04-03,5400,5540,5400,5490,36719,0.011049723756906049
2023-04-04,5470,5540,5440,5470,33889,-0.0036429872495445936
2023-04-05,5470,5530,5430,5480,43187,0.001828153564899404
2023-04-06,5450,5480,5220,5330,100035,-0.027372262773722622
2023-04-07,5330,5500,5260,5280,38338,-0.009380863039399667
2023-04-10,5250,5270,5100,5200,59623,-0.015151515151515138
2023-04-11,5150,5230,5100,5230,33824,0.005769230769230749
2023-04-12,5250,5270,5150,5220,53099,-0.0019120458891013214
2023-04-13,5210,5230,5150,5230,33724,0.0019157088122605526
2023-04-14,5200,5260,5200,5250,29861,0.003824091778202643
2023-04-17,5240,5280,5200,5240,28318,-0.0019047619047618536
2023-04-18,5240,5260,5180,5250,52718,0.001908396946564972
2023-04-19,5210,5340,5210,5290,66154,0.007619047619047636
2023-04-20,5260,5440,5240,5430,213441,0.026465028355387554
2023-04-21,5390,5500,5260,5390,203123,-0.007366482504604033
2023-04-24,5390,5480,5280,5380,121839,-0.0018552875695733162
2023-04-25,5410,5490,5110,5330,124415,-0.009293680297397744
2023-04-26,5400,5420,5230,5400,91599,0.013133208255159401
2023-04-27,5400,5490,5330,5400,64108,0.0
2023-04-28,5370,5400,5230,5350,69603,-0.0092592592592593
2023-05-02,5320,5370,5260,5350,62383,0.0
2023-05-03,5270,5420,5270,5340,38364,-0.0018691588785046953
2023-05-04,5370,5450,5270,5450,48674,0.020599250936329527
2023-05-08,5450,5720,5390,5510,554013,0.011009174311926495
2023-05-09,5490,5580,5440,5500,111315,-0.001814882032667886
2023-05-10,5490,5540,5390,5490,72003,-0.0018181818181818299
2023-05-11,5530,5640,5440,5590,188046,0.01821493624772308
2023-05-12,5590,5620,5450,5590,112302,0.0
2023-05-15,5580,5580,5260,5380,136663,-0.03756708407871201
2023-05-16,5350,5420,5270,5380,69244,0.0
2023-05-17,5330,5450,5270,5420,67376,0.0074349442379182396
2023-05-18,5400,5410,5340,5380,36245,-0.0073800738007380184
2023-05-19,5360,5650,5320,5610,270924,0.04275092936802971
2023-05-22,5620,5770,5590,5750,234987,0.024955436720142554
2023-05-23,5690,5760,5550,5740,105486,-0.0017391304347825765
2023-05-24,5830,6140,5580,5670,1408754,-0.012195121951219523
2023-05-25,5590,5630,5430,5530,147010,-0.024691358024691357
2023-05-26,5560,5560,5390,5460,93090,-0.012658227848101222
2023-05-30,5400,5490,5330,5490,66754,0.005494505494505475
2023-05-31,5490,5730,5370,5490,155373,0.0
2023-06-01,5450,5510,5400,5510,34258,0.0036429872495447047
2023-06-02,5470,5500,5420,5460,36149,-0.00907441016333943
2023-06-05,5440,5510,5430,5500,38287,0.0073260073260073
2023-06-07,5620,6180,5610,5850,2375942,0.06363636363636371
2023-06-08,5860,5910,5720,5790,260982,-0.01025641025641022
2023-06-09,5780,5820,5650,5750,187535,-0.006908462867012077
2023-06-12,5810,5920,5750,5800,299185,0.008695652173912993
2023-06-13,5870,5870,5500,5800,890692,0.0
2023-06-14,5940,5950,5610,5850,837277,0.008620689655172376
2023-06-15,5730,5820,5670,5720,261608,-0.022222222222222254
2023-06-16,5680,5770,5640,5650,156364,-0.012237762237762184
2023-06-19,5660,5700,5510,5590,103164,-0.010619469026548645
2023-06-20,5570,5720,5490,5530,174342,-0.01073345259391767
2023-06-21,5530,5530,5300,5430,192331,-0.018083182640144635
2023-06-22,5420,5430,5270,5280,81078,-0.027624309392265234
2023-06-23,5240,5300,5160,5230,102643,-0.009469696969697017
2023-06-26,5230,5250,5080,5140,134984,-0.017208413001912004
2023-06-27,5110,5130,4995,5000,159196,-0.027237354085603127
2023-06-28,5010,5060,4960,5040,53834,0.008000000000000007
2023-06-29,5010,5070,4900,4930,89771,-0.02182539682539686
2023-06-30,4950,4995,4885,4970,35052,0.008113590263691739
2023-07-03,4990,5050,4975,5000,35630,0.006036217303822866
2023-07-04,5040,5240,4980,5060,95574,0.01200000000000001
2023-07-05,5060,5090,4900,4910,73549,-0.029644268774703608
2023-07-06,4935,4935,4665,4665,82330,-0.04989816700610994
2023-07-07,4665,4700,4640,4670,23856,0.001071811361200492
2023-07-10,4635,4710,4605,4670,27377,0.0
2023-07-11,4675,4755,4650,4720,17597,0.010706638115631772
2023-07-12,4725,4735,4690,4720,13188,0.0
2023-07-13,4690,4765,4690,4735,14586,0.0031779661016948513
2023-07-14,4690,4735,4650,4690,29843,-0.009503695881731833
2023-07-17,4700,4765,4605,4675,19735,-0.0031982942430703876
2023-07-18,4630,4790,4630,4710,35539,0.007486631016042855
2023-07-19,4710,4750,4650,4705,17058,-0.0010615711252653925
2023-07-20,4640,4700,4640,4675,11646,-0.006376195536663132
2023-07-21,4675,4680,4600,4640,14321,-0.007486631016042744
2023-07-24,4595,4640,4350,4350,84539,-0.0625
2023-07-25,4350,4380,4000,4190,85213,-0.0367816091954023
2023-07-26,4175,4215,3975,4015,153640,-0.0417661097852029
2023-07-27,3935,4200,3935,4110,80329,0.023661270236612797
2023-07-28,4010,4270,4010,4270,65448,0.038929440389294356
2023-07-31,4270,4310,4240,4310,25695,0.00936768149882905
2023-08-01,4325,4330,4265,4330,25548,0.004640371229698292
2023-08-02,4325,4395,4285,4290,37762,-0.009237875288683584
2023-08-03,4290,4290,4140,4210,39103,-0.018648018648018683
2023-08-04,4235,4275,4180,4245,35629,0.008313539192398967
2023-08-07,4245,4295,4245,4290,45522,0.010600706713780994
2023-08-08,4300,4375,4250,4275,38654,-0.0034965034965035446
2023-08-09,4230,4310,4210,4300,40663,0.005847953216374213
2023-08-10,4265,4315,4240,4305,35347,0.0011627906976743319
2023-08-11,4305,4340,4250,4315,26734,0.0023228803716608404
2023-08-14,4265,4295,4165,4190,40435,-0.028968713789107814
2023-08-16,4075,4170,3980,4075,96943,-0.027446300715990413
2023-08-17,3980,4040,3915,4025,62587,-0.012269938650306789
2023-08-18,3920,4095,3920,4080,24303,0.013664596273291973
2023-08-21,4080,4230,4070,4185,37026,0.025735294117646967
2023-08-22,4300,5350,4210,4650,6493761,0.11111111111111116
2023-08-23,5270,5960,4740,4930,7329277,0.06021505376344094
2023-08-24,5000,5160,4555,4790,2244572,-0.028397565922920864
2023-08-25,4460,4640,4420,4570,883390,-0.045929018789144016
2023-08-28,4590,4705,4430,4485,430359,-0.018599562363238564
2023-08-29,4490,4790,4445,4790,494378,0.06800445930880716
2023-08-30,4645,4650,4510,4560,450251,-0.04801670146137782
2023-08-31,4525,4575,4505,4525,186826,-0.007675438596491224
2023-09-01,4525,4525,4315,4385,234660,-0.030939226519337004
2023-09-04,4400,4400,4210,4310,113560,-0.01710376282782211
2023-09-05,4265,4350,4265,4295,58046,-0.0034802784222738303
2023-09-06,4295,4350,4275,4285,50918,-0.002328288707799775
2023-09-07,4295,4370,4255,4265,55680,-0.004667444574095736
2023-09-08,4290,4425,4235,4340,127211,0.017584994138335253
2023-09-11,4295,4335,4165,4165,137250,-0.040322580645161255
2023-09-12,4200,4200,3980,3995,169004,-0.04081632653061229
2023-09-13,4050,4055,3955,3985,99061,-0.0025031289111389077
2023-09-14,3960,4060,3945,4025,66913,0.010037641154328814
2023-09-15,4110,4110,4020,4070,35040,0.011180124223602483
2023-09-18,4075,4095,4015,4045,44017,-0.00614250614250611
2023-09-19,4030,4090,3965,4025,55373,-0.0049443757725586845
2023-09-20,4035,4035,3980,4030,41582,0.001242236024844745
2023-09-21,3975,4030,3905,3935,74939,-0.023573200992555776
2023-09-22,3895,3935,3870,3920,38561,-0.003811944091486663
2023-09-25,3880,3960,3880,3910,29735,-0.0025510204081632404
2023-09-26,3870,3930,3725,3740,472970,-0.04347826086956519
2023-09-27,3750,3825,3700,3800,54700,0.016042780748663166
2023-10-04,3800,3800,3605,3650,164185,-0.03947368421052633
2023-10-05,3670,3675,3570,3600,54187,-0.013698630136986356
2023-10-06,3555,3670,3555,3660,27060,0.016666666666666607
2023-10-10,3645,3715,3595,3635,47153,-0.006830601092896127
2023-10-11,3600,3730,3600,3700,16877,0.017881705639614776
2023-10-12,3695,3775,3680,3775,24061,0.020270270270270174
2023-10-13,3720,3775,3715,3750,24736,-0.0066225165562914245
2023-10-16,3705,3745,3630,3670,21058,-0.021333333333333315
2023-10-17,3700,3730,3640,3685,18912,0.004087193460490468
2023-10-18,3705,3710,3625,3670,15399,-0.004070556309362261
2023-10-19,3690,3690,3530,3545,55267,-0.0340599455040872
2023-10-20,3510,3555,3425,3510,27549,-0.009873060648801113
2023-10-23,3405,3555,3405,3515,32252,0.0014245014245013454
2023-10-24,3475,3590,3400,3590,58877,0.021337126600284417
2023-10-25,3630,3680,3595,3640,35185,0.013927576601671321
2023-10-26,3640,3660,3415,3575,53650,-0.017857142857142905
2023-10-27,3480,3630,3480,3530,10094,-0.012587412587412583
2023-10-30,3450,3650,3450,3625,36728,0.026912181303116123
2023-10-31,3625,3690,3530,3580,28854,-0.012413793103448256
2023-11-01,3570,3630,3455,3560,20497,-0.005586592178770999
2023-11-02,3550,3635,3535,3620,35426,0.016853932584269593
2023-11-03,3700,3830,3595,3710,128450,0.024861878453038777
2023-11-06,3710,3800,3695,3750,48803,0.010781671159029615
2023-11-07,3750,3780,3660,3700,30248,-0.013333333333333308
2023-11-08,3670,3740,3655,3700,20776,0.0
2023-11-09,3720,3730,3615,3660,19262,-0.010810810810810811
2023-11-10,3610,3650,3560,3610,27368,-0.013661202185792365
2023-11-13,3610,3650,3465,3530,31957,-0.02216066481994461
2023-11-14,3520,3595,3465,3590,18794,0.016997167138810276
2023-11-15,3625,3650,3505,3640,13923,0.013927576601671321
2023-11-16,3645,3665,3555,3640,15067,0.0
2023-11-17,3640,3640,3580,3585,15233,-0.015109890109890056
2023-11-20,3610,3650,3495,3640,38936,0.015341701534170138
2023-11-21,3605,3850,3605,3700,126274,0.016483516483516425
2023-11-22,3655,3730,3650,3700,16279,0.0
2023-11-23,3680,3730,3680,3690,23707,-0.002702702702702675
2023-11-24,3700,3755,3660,3720,23678,0.008130081300812941
2023-11-27,3720,3740,3645,3690,11180,-0.008064516129032251
2023-11-28,3635,3710,3620,3675,28905,-0.004065040650406471
2023-11-29,3640,3700,3625,3640,41413,-0.00952380952380949
2023-11-30,3615,3660,3615,3640,9926,0.0
2023-12-01,3640,3660,3600,3605,18724,-0.009615384615384581
2023-12-04,3610,3625,3550,3550,13375,-0.015256588072122046
2023-12-05,3570,3575,3525,3540,21343,-0.0028169014084507005
2023-12-06,3560,3580,3540,3570,9930,0.008474576271186418
2023-12-07,3540,3610,3535,3600,27158,0.008403361344537785
2023-12-08,3600,3655,3580,3650,20370,0.01388888888888884
2023-12-11,3650,3675,3620,3670,36688,0.005479452054794498
2023-12-12,3670,3675,3625,3675,26845,0.0013623978201635634
2023-12-13,3675,3715,3645,3700,64540,0.006802721088435382
2023-12-14,3700,3750,3680,3710,16908,0.002702702702702675
2023-12-15,3740,3745,3700,3720,14265,0.0026954177897573484
2023-12-18,3720,3725,3680,3710,13576,-0.0026881720430107503
2023-12-19,3710,3735,3665,3720,13522,0.0026954177897573484
2023-12-20,3700,3775,3680,3680,43442,-0.010752688172043001
2023-12-21,3660,3725,3655,3720,24628,0.010869565217391353
2023-12-22,3740,3795,3710,3760,41328,0.010752688172043001
2023-12-26,3760,3760,3690,3725,249811,-0.009308510638297851
2023-12-27,3690,3730,3665,3700,19888,-0.006711409395973145
2023-12-28,3700,3740,3665,3705,25953,0.0013513513513514486
2024-01-02,3705,3760,3650,3750,27184,0.012145748987854255
2024-01-03,3665,3760,3665,3690,18860,-0.016000000000000014
2024-01-04,3705,3745,3680,3690,13408,0.0
2024-01-05,3690,3730,3660,3680,10909,-0.0027100271002710175
2024-01-08,3660,3700,3660,3670,9614,-0.0027173913043477826
2024-01-09,3690,3700,3665,3685,11701,0.004087193460490468
2024-01-10,3705,3735,3660,3700,21439,0.004070556309362372
2024-01-11,3700,3745,3700,3725,15497,0.006756756756756799
2024-01-12,3720,3735,3675,3715,17450,-0.0026845637583892135
2024-01-15,3685,3725,3650,3660,13664,-0.014804845222072704
2024-01-16,3650,3720,3620,3625,29659,-0.0095628415300546
2024-01-17,3630,3665,3380,3490,87349,-0.03724137931034488
2024-01-18,3505,3560,3450,3500,18013,0.002865329512893977
2024-01-19,3490,3540,3470,3510,58149,0.0028571428571428914
2024-01-22,3530,3545,3440,3495,15510,-0.004273504273504258
2024-01-23,3465,3525,3460,3485,13816,-0.0028612303290415086
2024-01-24,3505,3525,3480,3490,13649,0.0014347202295552641
2024-01-25,3530,3530,3450,3490,15965,0.0
2024-01-26,3505,3640,3460,3595,40101,0.03008595988538687
2024-01-29,3630,3630,3535,3550,13795,-0.012517385257301838
2024-01-30,3620,3620,3485,3550,18949,0.0
2024-01-31,3510,3555,3510,3515,12700,-0.009859154929577452
2024-02-01,3515,3620,3515,3570,35311,0.01564722617354186
2024-02-02,3560,3765,3560,3765,90197,0.054621848739495826
2024-02-05,3780,3875,3710,3790,78263,0.006640106241699861
2024-02-06,3760,3835,3695,3810,62299,0.005277044854881341
2024-02-07,3790,3835,3725,3795,31728,-0.003937007874015741
2024-02-08,3795,3795,3730,3750,25794,-0.011857707509881465
2024-02-13,3730,3770,3700,3720,32342,-0.008000000000000007
2024-02-14,3655,3725,3645,3675,14527,-0.012096774193548376
2024-02-15,3675,3695,3645,3670,26576,-0.0013605442176870541
2024-02-16,3685,3685,3640,3670,26773,0.0
2024-02-19,3640,3730,3640,3715,30694,0.012261580381471404
2024-02-20,3735,3780,3695,3735,25997,0.0053835800807537915
2024-02-21,3700,3750,3620,3675,12702,-0.016064257028112428
2024-02-22,3665,3685,3630,3650,6957,-0.006802721088435382
2024-02-23,3670,3745,3635,3645,7821,-0.00136986301369868
2024-02-26,3665,3665,3565,3575,25133,-0.019204389574759895
2024-02-27,3540,3595,3540,3550,16829,-0.006993006993006978
2024-02-28,3535,3570,3535,3560,12735,0.0028169014084507005
2024-02-29,3570,3625,3535,3545,23610,-0.004213483146067398
2024-03-04,3540,3585,3520,3525,34733,-0.005641748942172065
2024-03-05,3525,3580,3495,3505,28685,-0.005673758865248235
2024-03-06,3500,3540,3470,3490,15598,-0.004279600570613384
2024-03-07,3490,3510,3470,3495,21502,0.0014326647564470996
2024-03-08,3500,3560,3490,3490,9165,-0.0014306151645206988
2024-03-11,3495,3525,3460,3490,23678,0.0
2024-03-12,3490,3505,3465,3470,17273,-0.005730659025787954
2024-03-13,3480,3570,3470,3530,18053,0.01729106628242083
2024-03-14,3480,3550,3480,3495,9416,-0.009915014164305958
2024-03-15,3515,3550,3485,3545,8973,0.014306151645207432
2024-03-18,3505,3575,3505,3550,9542,0.0014104372355430161
2024-03-19,3520,3575,3520,3520,15075,-0.008450704225352101
2024-03-20,3520,3555,3495,3505,16974,-0.0042613636363636465
2024-03-21,3520,3525,3500,3515,6490,0.0028530670470756636
2024-03-22,3505,3540,3505,3535,10797,0.005689900426742556
2024-03-25,3545,3555,3515,3540,8052,0.0014144271570013522
2024-03-26,3535,3565,3525,3560,9613,0.005649717514124353
2024-03-27,3575,3580,3530,3540,7183,-0.005617977528089901
2024-03-28,3560,3560,3500,3550,24186,0.0028248587570620654
2024-03-29,3570,3570,3490,3510,9979,-0.011267605633802802
2024-04-01,3505,3550,3480,3515,13632,0.0014245014245013454
2024-04-02,3520,3530,3500,3505,15345,-0.002844950213371278
2024-04-03,3555,3555,3475,3480,7995,-0.007132667617689048
2024-04-04,3450,3500,3450,3460,14987,-0.005747126436781658
2024-04-05,3415,3530,3405,3440,15275,-0.005780346820809301
2024-04-08,3450,3450,3330,3430,53173,-0.0029069767441860517
2024-04-09,3380,3490,3375,3400,14138,-0.008746355685131157
2024-04-11,3400,3420,3340,3380,15742,-0.00588235294117645
2024-04-12,3400,3445,3320,3365,34395,-0.004437869822485174
2024-04-15,3370,3370,3300,3320,15846,-0.013372956909361022
2024-04-16,3300,3345,3290,3315,14332,-0.001506024096385561
2024-04-17,3335,3365,3285,3345,9621,0.009049773755656076
2024-04-18,3345,3375,3320,3355,9292,0.002989536621823552
2024-04-19,3315,3385,3315,3350,22853,-0.0014903129657227732
2024-04-22,3355,3465,3330,3380,12939,0.008955223880596996
2024-04-23,3355,3435,3355,3435,4319,0.016272189349112454
2024-04-24,3440,3455,3400,3425,12987,-0.0029112081513827937
2024-04-25,3425,3470,3425,3435,6734,0.0029197080291971655
2024-04-26,3440,3475,3440,3465,11154,0.008733624454148492
2024-04-29,3465,3480,3435,3465,8094,0.0
2024-04-30,3480,3480,3440,3475,22553,0.0028860028860029363
2024-05-02,3445,3465,3410,3415,15777,-0.01726618705035976
2024-05-03,3400,3445,3385,3410,6893,-0.0014641288433382416
2024-05-07,3390,3430,3390,3420,26801,0.0029325513196480912
2024-05-08,3430,3465,3400,3445,21842,0.007309941520467822
2024-05-09,3420,3495,3420,3485,15492,0.011611030478954953
2024-05-10,3495,3530,3440,3515,29611,0.008608321377331363
2024-05-13,3570,3570,3495,3530,12583,0.004267425320056972
2024-05-14,3480,3580,3480,3540,25666,0.0028328611898016387
2024-05-16,3545,4420,3545,3935,5102357,0.1115819209039548
2024-05-17,4150,5050,3995,4420,12412401,0.12325285895806859
2024-05-20,4660,5170,4465,4530,3900906,0.02488687782805421
2024-05-21,4535,4745,4380,4570,996497,0.008830022075055233
2024-05-22,4570,4580,4425,4480,353779,-0.01969365426695846
2024-05-23,4410,4480,4195,4230,429567,-0.0558035714285714
2024-05-24,4265,5280,4225,4730,7450782,0.11820330969267134
2024-05-27,4750,5050,4645,4670,1408346,-0.012684989429175508
2024-05-28,4820,4855,4620,4630,530915,-0.008565310492505307
2024-05-29,4670,4705,4355,4420,348844,-0.04535637149028082
2024-05-30,4420,4420,4280,4305,179740,-0.02601809954751133
2024-05-31,4265,4520,4260,4335,254057,0.006968641114982521
2024-06-03,4425,5080,4425,4515,1557500,0.04152249134948094
2024-06-04,4495,4505,4200,4300,249827,-0.04761904761904767
2024-06-05,4340,4340,3990,4210,175060,-0.020930232558139528
2024-06-07,4210,5030,4060,4600,3796279,0.09263657957244664
2024-06-10,4495,4910,4310,4610,1380249,0.0021739130434783593
2024-06-11,4670,4850,4520,4570,437234,-0.008676789587852451
2024-06-12,4570,4745,4455,4720,531299,0.03282275711159732
2024-06-13,4720,4755,4420,4690,274615,-0.006355932203389814
2024-06-14,4780,6090,4610,6090,10217009,0.29850746268656714
2024-06-17,6300,7590,5860,6580,22071522,0.08045977011494254
2024-06-18,6580,7800,6580,6940,7551844,0.054711246200607855
2024-06-19,6940,6970,6300,6380,1700925,-0.0806916426512968
2024-06-20,6310,6390,6140,6250,968115,-0.020376175548589393
2024-06-21,6110,6280,6000,6190,977896,-0.009600000000000053
2024-06-24,6180,6520,5800,5870,1352967,-0.05169628432956386
2024-06-25,5930,6100,5750,6000,582394,0.022146507666098714
2024-06-26,5970,6120,5820,6030,408507,0.004999999999999893
2024-06-27,6050,6060,5790,5800,286925,-0.03814262023217252
2024-06-28,5910,7060,5910,6430,13747421,0.10862068965517246
2024-07-01,6360,6490,5970,6290,1767493,-0.021772939346811793
2024-07-02,6140,6440,5890,6350,1197675,0.009538950715421324
2024-07-03,6280,6410,6010,6100,770835,-0.03937007874015752
2024-07-04,6250,6870,6180,6180,1974557,0.013114754098360715
2024-07-05,6110,6390,5950,6140,581498,-0.006472491909385147
2024-07-08,6410,7980,6260,7980,8024340,0.2996742671009771
2024-07-09,8860,8950,8020,8190,6866858,0.026315789473684292
2024-07-10,8060,8160,7230,7480,2918760,-0.08669108669108672
2024-07-11,7400,7650,7010,7070,2115378,-0.05481283422459893
2024-07-12,7070,7350,6710,6880,1454154,-0.026874115983026914
2024-07-15,6880,7040,6670,7020,1035305,0.02034883720930236
2024-07-16,6870,6900,6590,6660,590269,-0.05128205128205132
2024-07-17,6660,6890,6520,6770,747249,0.016516516516516422
2024-07-18,6600,6970,6280,6960,814209,0.028064992614475592
2024-07-19,6900,7150,6800,7030,720719,0.010057471264367734
2024-07-22,6900,7120,6600,7120,576507,0.012802275960170695
2024-07-23,7190,7250,6940,7010,577687,-0.015449438202247201
2024-07-24,7190,8270,7000,7010,6691342,0.0
2024-07-25,6950,7930,6710,7070,3902912,0.008559201141226769
2024-07-26,7070,7380,6980,7070,971347,0.0
2024-07-29,7080,7600,6900,7200,904554,0.018387553041018467
2024-07-30,7200,7410,7050,7400,560526,0.02777777777777768
2024-07-31,7400,7450,7180,7250,480371,-0.020270270270270285
2024-08-01,7220,7560,7220,7260,451067,0.0013793103448276334
2024-08-02,7180,7180,6560,6710,663436,-0.0757575757575758
2024-08-05,6380,6640,6010,6350,554667,-0.05365126676602083
2024-08-06,6350,6800,6350,6670,426815,0.050393700787401574
2024-08-07,6670,7090,6600,6970,284224,0.044977511244377766
2024-08-08,6900,6970,6570,6700,316643,-0.038737446197991354
2024-08-09,6800,8460,6800,7750,7438658,0.15671641791044766
2024-08-12,7680,7880,7440,7450,1312255,-0.03870967741935483
2024-08-13,7450,7740,7040,7200,938868,-0.03355704697986572
2024-08-14,7260,7820,7150,7200,982234,0.0
2024-08-16,7130,7140,6860,6880,439508,-0.0444444444444444
2024-08-19,6880,6950,6720,6800,157471,-0.011627906976744207
2024-08-20,6900,6930,6790,6800,104723,0.0
2024-08-21,6700,6810,6500,6790,209786,-0.0014705882352941124
2024-08-22,6760,6900,6650,6710,137142,-0.01178203240058906
2024-08-23,6650,6730,6570,6660,70046,-0.007451564828613977
2024-08-26,6620,6700,6510,6550,81775,-0.016516516516516533
2024-08-27,6540,6580,6360,6500,97808,-0.007633587786259555
2024-08-28,6500,6640,6350,6360,136580,-0.021538461538461506
2024-08-29,6200,6420,6200,6270,97071,-0.014150943396226467
2024-08-30,6270,6340,6220,6240,55534,-0.004784688995215336
2024-09-02,6250,6700,6150,6250,321245,0.0016025641025640969
2024-09-03,6290,6480,6150,6290,145911,0.006399999999999961
2024-09-04,6110,6230,6050,6110,95858,-0.02861685214626386
2024-09-05,6170,6400,5880,6070,116760,-0.006546644844517169
2024-09-06,6070,6220,5900,6070,103742,0.0
2024-09-09,5950,6220,5940,6210,63937,0.023064250411861664
2024-09-10,6210,6250,6030,6070,59668,-0.02254428341384862
2024-09-11,6080,6160,5960,6070,38047,0.0
2024-09-12,6170,6250,6130,6200,39828,0.021416803953871577
2024-09-13,6220,6350,6190,6330,36547,0.020967741935483897
2024-09-19,6500,7600,6150,6740,3234252,0.06477093206951023
2024-09-20,6850,8170,6780,7770,3487721,0.15281899109792274
2024-09-23,7760,8490,7710,7930,1584940,0.0205920205920207
2024-09-24,7930,8290,7920,8030,420184,0.01261034047919285
2024-09-25,8030,8250,7570,7630,379900,-0.04981320049813198
2024-09-26,7630,8250,7500,8250,423664,0.0812581913499344
2024-09-27,8250,8300,8000,8030,199107,-0.026666666666666616
2024-09-30,7960,8480,7800,8090,340310,0.007471980074719831
2024-10-02,7960,8030,7500,7580,207850,-0.06304079110012362
2024-10-04,7580,7710,7400,7400,118499,-0.0237467018469657
2024-10-07,7340,7520,7260,7390,76610,-0.0013513513513513375
2024-10-08,7370,7580,7270,7520,71156,0.017591339648173276
2024-10-10,7520,7760,7410,7610,100158,0.01196808510638303
2024-10-11,7760,7770,7110,7140,143933,-0.06176084099868595
2024-10-14,7200,7290,7020,7060,108056,-0.011204481792717047
2024-10-15,7130,7290,6960,7060,172939,0.0
2024-10-16,7100,7770,6800,6880,381917,-0.025495750708215303
2024-10-17,6820,6930,6700,6820,67164,-0.008720930232558155
2024-10-18,6940,6940,6770,6820,55378,0.0
2024-10-21,6800,6870,6710,6800,64723,-0.0029325513196480912
2024-10-22,6850,7080,6670,6800,73492,0.0
2024-10-23,6780,6870,6660,6730,49432,-0.010294117647058787
2024-10-24,6680,6790,6600,6710,47078,-0.002971768202080227
2024-10-25,6650,6760,6600,6710,100187,0.0
2024-10-28,6780,7250,6730,7080,636424,0.055141579731743606
2024-10-29,7150,7240,6950,7020,134736,-0.008474576271186418
2024-10-30,7000,7120,6950,6960,53875,-0.008547008547008517
2024-10-31,6960,7040,6870,6980,54700,0.002873563218390718
2024-11-01,6980,7000,6820,6900,28178,-0.011461318051575908
2024-11-04,6950,6950,6680,6770,69209,-0.018840579710144967
2024-11-05,6810,7490,5290,5500,1340768,-0.1875923190546529
2024-11-06,5710,5720,5160,5240,527294,-0.047272727272727244
2024-11-07,5230,5420,5040,5370,207042,0.024809160305343525
2024-11-08,5300,5540,5300,5400,134185,0.005586592178770999
2024-11-11,5480,5480,5310,5440,83219,0.007407407407407307
2024-11-12,5420,5440,5160,5230,112780,-0.03860294117647056
2024-11-13,5170,5210,5060,5090,87190,-0.026768642447418722
2024-11-14,5040,5200,5020,5110,57269,0.003929273084479323
2024-11-15,5060,5160,4930,5060,69573,-0.009784735812133127
2024-11-18,5000,5170,4970,5060,45425,0.0
2024-11-19,5060,5120,4990,5040,44531,-0.0039525691699604515
2024-11-20,5050,5280,5050,5230,92052,0.037698412698412787
2024-11-21,5240,5290,5060,5070,49283,-0.030592734225621365
2024-11-22,5070,5180,5010,5010,28987,-0.011834319526627168
2024-11-25,5020,5200,5020,5200,48451,0.03792415169660668
2024-11-26,5200,5200,5050,5120,34922,-0.01538461538461533
2024-11-27,5180,5240,5040,5040,37368,-0.015625
2024-11-28,5050,5150,5020,5090,46727,0.009920634920634885
2024-11-29,5070,5070,4935,4940,31571,-0.029469548133595258
2024-12-02,4950,4970,4680,4770,72824,-0.03441295546558709
2024-12-03,4705,4920,4705,4870,22546,0.020964360587002018
2024-12-04,4615,4940,4615,4810,47820,-0.012320328542094416
2024-12-05,4810,4900,4660,4710,21651,-0.02079002079002079
2024-12-06,4675,4685,4450,4450,83613,-0.05520169851380041
2024-12-09,4330,4445,4025,4075,79638,-0.0842696629213483
2024-12-10,4055,4425,4055,4425,56111,0.08588957055214719
2024-12-11,4425,4790,4365,4725,76175,0.06779661016949157
2024-12-12,4730,4750,4595,4740,26463,0.0031746031746031633
2024-12-13,4730,4830,4500,4765,66714,0.0052742616033756295
2024-12-16,4790,4800,4705,4735,19057,-0.006295907660020972
2024-12-17,4915,4915,4625,4840,60114,0.022175290390707536
2024-12-18,4840,4845,4705,4845,27763,0.0010330578512396382
2024-12-19,4750,4820,4700,4820,22388,-0.00515995872033026
2024-12-20,4820,4820,4630,4790,31757,-0.006224066390041472
2024-12-23,4675,4975,4675,4775,22804,-0.0031315240083507057
2024-12-24,4705,4860,4705,4775,61772,0.0
2024-12-26,4850,4850,4560,4690,55380,-0.017801047120418856
2024-12-27,4685,4685,4500,4625,39712,-0.013859275053304865
2024-12-30,4630,4630,4475,4625,15607,0.0
2025-01-02,4570,4605,4455,4490,46200,-0.029189189189189224
2025-01-03,4490,4595,4490,4580,27884,0.020044543429844186
2025-01-06,4640,4650,4530,4650,22590,0.015283842794759916
2025-01-07,4775,4775,4590,4665,24989,0.003225806451612856
2025-01-08,4665,4680,4580,4660,28420,-0.001071811361200381
2025-01-09,4740,4740,4570,4580,17898,-0.01716738197424894
2025-01-10,4620,4625,4555,4610,10676,0.0065502183406114245
2025-01-13,4605,4660,4510,4540,28755,-0.015184381778741818
2025-01-14,4670,4690,4480,4560,36131,0.004405286343612369
2025-01-15,4600,4600,4520,4560,19679,0.0
2025-01-16,4520,4595,4520,4565,16782,0.0010964912280702066
2025-01-17,4520,4580,4480,4480,27651,-0.018619934282584905
2025-01-20,4500,4520,4420,4505,27241,0.005580357142857206
2025-01-21,4595,4595,4415,4470,42278,-0.007769145394006638
2025-01-22,4490,4490,4405,4415,21700,-0.01230425055928408
2025-01-23,4415,5730,4365,5730,4196182,0.29784824462061166
2025-01-24,6040,6640,5070,5520,6168522,-0.03664921465968585
2025-01-31,5450,5920,5420,5680,1755302,0.02898550724637672
2025-02-03,5460,5590,4980,4980,675121,-0.12323943661971826
2025-02-04,4950,5140,4900,5140,185474,0.032128514056224855
2025-02-05,5110,5210,5020,5070,160202,-0.013618677042801508
2025-02-06,5070,5900,5070,5430,2851354,0.07100591715976323
2025-02-07,5430,5490,5250,5310,268511,-0.02209944751381221
2025-02-10,5400,5630,5310,5330,471721,0.0037664783427495685
2025-02-11,5350,5460,5260,5410,201779,0.015009380863039379
2025-02-12,5510,5730,5270,5270,540875,-0.025878003696857665
2025-02-13,5200,5350,5080,5250,163160,-0.003795066413662229
2025-02-14,5320,5370,5220,5280,98415,0.005714285714285783
2025-02-17,5250,5350,5220,5350,95305,0.01325757575757569
2025-02-18,5400,5450,5230,5400,111472,0.009345794392523255
2025-02-19,5350,5520,5270,5430,173085,0.005555555555555536
2025-02-20,5430,5700,5390,5530,585234,0.018416206261510082
2025-02-21,5420,5520,5350,5390,128822,-0.025316455696202556
2025-02-24,5380,5490,5330,5470,132398,0.014842300556586308
2025-02-25,5510,5740,5450,5480,223556,0.001828153564899404
2025-02-26,5480,5580,5310,5390,156714,-0.01642335766423353
2025-02-27,5420,5680,5380,5520,375076,0.024118738404452778
2025-02-28,5420,5450,5140,5170,168191,-0.06340579710144922
2025-03-04,5020,5370,4960,5060,234225,-0.021276595744680882
2025-03-05,5150,5300,5060,5260,86114,0.03952569169960474
2025-03-06,5260,5280,5150,5230,48578,-0.005703422053231932
2025-03-07,5230,5390,5080,5150,133347,-0.015296367112810683
2025-03-10,5060,5290,5060,5200,38608,0.009708737864077666
2025-03-11,5130,5180,4950,5070,47047,-0.025000000000000022
2025-03-12,5090,5220,5000,5120,46051,0.009861932938856066
2025-03-13,5130,5140,5000,5020,65522,-0.01953125
2025-03-14,5020,5140,5000,5120,62781,0.019920318725099584
2025-03-17,5120,5200,5090,5180,42979,0.01171875
2025-03-18,5180,5330,5140,5240,70617,0.01158301158301156
2025-03-19,5240,5400,5230,5270,71398,0.005725190839694694
2025-03-20,5270,5350,5200,5210,35614,-0.011385199240986688
2025-03-21,5100,5300,5070,5200,34586,-0.0019193857965451588
2025-03-24,5210,5310,5200,5200,28481,0.0
2025-03-25,5210,5330,5150,5280,51922,0.01538461538461533
2025-03-26,5310,5340,5150,5180,52598,-0.018939393939393923
2025-03-27,5110,5320,5080,5170,86386,-0.0019305019305019266
2025-03-28,5190,5190,4960,4970,65147,-0.03868471953578334
2025-03-31,4880,4880,4700,4710,78513,-0.0523138832997988
2025-04-01,4720,5080,4720,5020,90844,0.06581740976645434
2025-04-02,5020,5030,4830,4835,43942,-0.03685258964143423
2025-04-03,4785,5140,4710,5010,118161,0.03619441571871773
2025-04-04,4945,5850,4880,5450,1766768,0.08782435129740529
2025-04-07,5300,5630,5160,5250,625532,-0.03669724770642202
2025-04-08,5310,6820,5250,6820,3886893,0.299047619047619
2025-04-09,7500,7550,6160,6450,5734937,-0.05425219941348969
2025-04-10,6450,6830,6300,6650,1068006,0.03100775193798455
2025-04-11,7280,7630,6440,6500,2402562,-0.022556390977443663
2025-04-14,6470,6950,6030,6630,1853477,0.020000000000000018
2025-04-15,6600,6610,6270,6430,521947,-0.0301659125188537
2025-04-16,6490,6600,6250,6450,365642,0.0031104199066873672
2025-04-17,6280,6350,5810,6050,539490,-0.06201550387596899
2025-04-18,6040,6140,5900,6040,343748,-0.0016528925619834212
2025-04-21,6040,6250,5970,6120,227819,0.013245033112582849
2025-04-22,6200,6200,5850,5920,315187,-0.0326797385620915
2025-04-23,5950,6020,5820,5910,155307,-0.0016891891891891442
2025-04-24,5920,5980,5760,5800,146992,-0.0186125211505922
2025-04-25,5770,5850,5650,5820,154739,0.0034482758620688614
2025-04-28,5780,5880,5550,5560,204069,-0.044673539518900296
2025-04-29,5550,5900,5530,5720,335693,0.02877697841726623
2025-04-30,5700,5820,5480,5530,238559,-0.03321678321678323
2025-05-02,5660,5700,5190,5190,165810,-0.061482820976491825
2025-05-07,5320,5710,5290,5350,385947,0.030828516377649384
2025-05-08,5370,5840,5340,5440,556768,0.016822429906542036
2025-05-09,5440,5580,5310,5390,259355,-0.009191176470588203
2025-05-12,5850,6690,5580,6260,3204431,0.16141001855287573
2025-05-13,6260,6330,5640,5690,739961,-0.09105431309904155
2025-05-14,5610,5610,5410,5520,251022,-0.02987697715289983
2025-05-15,5540,5540,5370,5380,98358,-0.025362318840579712
2025-05-16,5470,5700,5340,5380,356886,0.0
2025-05-19,5450,5540,5370,5540,129085,0.029739776951672958
2025-05-20,5440,5700,5400,5600,212944,0.010830324909747224
2025-05-21,5550,5670,5540,5600,107539,0.0
2025-05-22,5570,5740,5540,5600,121475,0.0
2025-05-23,5570,5740,5540,5620,93580,0.0035714285714285587
2025-05-26,5610,5660,5530,5640,66085,0.003558718861210064
2025-05-27,5650,5730,5620,5640,72988,0.0
2025-05-28,5650,5800,5630,5710,101825,0.012411347517730542
2025-05-29,5710,5870,5710,5850,108955,0.024518388791593626
2025-05-30,5880,5955,5820,5860,118198,0.0017094017094017033
2025-06-02,5850,5950,5740,5900,135322,0.006825938566553003
2025-06-04,5900,6140,5850,6090,128816,0.03220338983050852
2025-06-05,6090,6390,6060,6260,174458,0.02791461412151075
2025-06-09,6300,6680,6260,6660,316177,0.0638977635782747
2025-06-10,6800,6870,6570,6870,241174,0.03153153153153143
2025-06-11,6880,7150,6750,7100,335092,0.033478893740902516
2025-06-12,7100,7210,6990,6990,132155,-0.015492957746478853
2025-06-13,6990,7110,6900,7040,182745,0.007153075822603716
2025-06-16,6940,7840,6940,7840,340535,0.11363636363636354
2025-06-17,7850,8100,7600,8080,163659,0.030612244897959107
2025-06-18,8100,8220,7700,8150,147503,0.00866336633663356
2025-06-19,8180,8370,7880,8070,122788,-0.009815950920245453
2025-06-20,8050,8260,7740,7800,149148,-0.03345724907063197
2025-06-23,7790,7940,7640,7830,336033,0.0038461538461538325
2025-06-24,7850,8100,7760,8050,134689,0.02809706257982114
2025-06-25,8100,8100,7860,7950,46913,-0.012422360248447228
2025-06-26,8000,8100,7680,7750,90858,-0.02515723270440251
2025-06-27,7750,7910,7680,7870,110299,0.015483870967741842
2025-06-30,7910,9000,7860,8800,903777,0.11817026683608645
2025-07-01,8800,10360,8720,10000,614332,0.13636363636363646
2025-07-02,9870,9920,9210,9470,145246,-0.05300000000000005
2025-07-03,9450,9540,9000,9040,114544,-0.04540654699049629
2025-07-04,9130,9150,8660,8720,97493,-0.03539823008849563
2025-07-07,8800,8800,8450,8690,49516,-0.0034403669724770714
2025-07-08,8610,8820,8560,8820,42497,0.014959723820483273
2025-07-09,8800,8870,8570,8740,80944,-0.009070294784580546
2025-07-10,8780,8910,8560,8630,37129,-0.01258581235697942
2025-07-11,8690,8690,8300,8430,113347,-0.023174971031286185
2025-07-14,8610,8610,8330,8460,20620,0.003558718861210064
2025-07-15,8420,8610,8160,8270,33774,-0.022458628841607542
2025-07-16,8400,8400,8240,8270,29887,0.0
2025-07-17,8270,8350,8210,8330,31210,0.007255139056831839
2025-07-18,8370,8370,8000,8300,42435,-0.0036014405762304635
2025-07-21,8220,8220,7970,8050,22947,-0.030120481927710885
2025-07-22,8180,8180,7820,7890,39045,-0.019875776397515477
2025-07-23,7900,8380,7750,8240,74133,0.04435994930291498
2025-07-24,8280,8340,8030,8190,34542,-0.0060679611650485965
2025-07-25,8120,8590,8010,8520,98969,0.04029304029304037
2025-07-28,8570,8610,8130,8150,47973,-0.04342723004694837
2025-07-29,8150,8210,7970,8050,19970,-0.012269938650306789
2025-07-30,8100,8420,7930,8090,57331,0.00496894409937898
2025-07-31,8080,8350,7950,8230,17262,0.017305315203955507
2025-08-01,8170,8190,7840,7850,57358,-0.04617253948967193
2025-08-04,8090,8200,7890,8130,30033,0.03566878980891719
2025-08-05,8280,8550,8000,8240,38718,0.013530135301353052
2025-08-06,8240,8570,8150,8410,39846,0.020631067961164984
2025-08-07,8320,8560,8180,8360,34484,-0.005945303210463715
2025-08-08,8310,8490,8250,8430,42402,0.00837320574162681
2025-08-11,8600,8600,7970,8200,21840,-0.027283511269276417
2025-08-12,8280,8390,8190,8200,27996,0.0
2025-08-13,8200,8550,8000,8270,200667,0.008536585365853666
2025-08-14,8270,8480,8200,8440,41285,0.02055622732769047
2025-08-18,8470,8550,8300,8430,22781,-0.0011848341232227888
2025-08-19,8370,8550,8370,8500,25056,0.008303677342823335
2025-08-20,8550,8600,8120,8460,45912,-0.004705882352941226
2025-08-21,8390,8600,8270,8420,23028,-0.004728132387706863
2025-08-22,8310,8550,8240,8480,60832,0.0071258907363420665
2025-08-25,8480,8960,8430,8920,54046,0.05188679245283012
2025-08-26,8950,8950,8590,8850,38999,-0.007847533632286963
2025-08-27,8800,8880,8630,8840,27426,-0.001129943502824804
2025-08-28,8840,9360,8740,9240,55483,0.045248868778280604
2025-08-29,9390,9450,9100,9150,40084,-0.009740259740259716
2025-09-01,9070,9500,9040,9070,36112,-0.008743169398907069
2025-09-02,9000,9250,8830,9110,25586,0.004410143329658167
2025-09-03,9040,9470,8710,9160,37766,0.005488474204171201
2025-09-04,9160,9300,8910,9120,12448,-0.004366812227074246
2025-09-05,9100,9150,8890,9040,19754,-0.00877192982456143
2025-09-08,8920,9180,8920,9040,14370,0.0
2025-09-09,8920,9100,8920,9060,12228,0.0022123893805310324
2025-09-10,9020,9060,8600,9050,56491,-0.001103752759381904
2025-09-11,8980,8990,8880,8970,15121,-0.008839779005524906
2025-09-12,9100,9700,9000,9210,266868,0.026755852842809347
2025-09-15,9210,9470,8900,9400,31506,0.02062975027144409
2025-09-16,9310,9480,9210,9350,30871,-0.005319148936170248
