Date,Open,High,Low,Close,Volume,Change
2022-01-03,7290,7320,7180,7240,77394,0.005555555555555536
2022-01-04,7250,7300,7190,7300,114688,0.008287292817679592
2022-01-05,7290,7290,7130,7130,121963,-0.023287671232876672
2022-01-06,7050,7220,7000,7020,209582,-0.015427769985974726
2022-01-07,7020,7120,7020,7070,44003,0.007122507122507171
2022-01-10,7090,7090,6930,6970,106792,-0.014144271570014189
2022-01-11,7000,7030,6900,6900,99484,-0.010043041606886627
2022-01-12,6900,6980,6900,6930,98293,0.004347826086956497
2022-01-13,6990,7000,6900,6900,106180,-0.0043290043290042934
2022-01-14,6870,6930,6810,6820,120488,-0.011594202898550732
2022-01-17,6820,6830,6520,6520,163811,-0.04398826979472137
2022-01-18,6510,6600,6310,6310,129217,-0.03220858895705525
2022-01-19,6190,6450,6170,6210,137415,-0.015847860538827252
2022-01-20,6250,6370,6180,6330,79858,0.019323671497584627
2022-01-21,6390,6390,6230,6250,72041,-0.012638230647709303
2022-01-24,6200,6280,6050,6060,112878,-0.030399999999999983
2022-01-25,6080,6100,5750,5870,197546,-0.031353135313531344
2022-01-26,5810,5930,5770,5820,148760,-0.008517887563884163
2022-01-27,5800,5880,5380,5380,280981,-0.07560137457044669
2022-01-28,5500,5710,5380,5690,223585,0.05762081784386619
2022-02-03,5750,5940,5750,5900,100414,0.03690685413005279
2022-02-04,5890,5970,5830,5970,68375,0.011864406779660941
2022-02-07,6000,6070,5860,5980,76935,0.0016750418760469454
2022-02-08,5930,6100,5930,6050,100988,0.0117056856187292
2022-02-09,6050,6210,6050,6180,76364,0.02148760330578514
2022-02-10,6170,6230,6100,6150,85887,-0.004854368932038833
2022-02-11,6030,6250,6010,6160,98710,0.001626016260162677
2022-02-14,6110,6110,5920,5930,131151,-0.037337662337662336
2022-02-15,5990,6040,5850,5980,84958,0.008431703204047292
2022-02-16,6030,6170,6030,6110,65391,0.021739130434782705
2022-02-17,6170,6180,6050,6160,108328,0.008183306055646433
2022-02-18,6130,6230,6040,6230,61872,0.011363636363636465
2022-02-21,6180,6270,6030,6250,69020,0.0032102728731941976
2022-02-22,6170,6320,6110,6320,83570,0.011200000000000099
2022-02-23,6310,6440,6280,6420,85580,0.015822784810126667
2022-02-24,6390,6450,6200,6210,115273,-0.032710280373831724
2022-02-25,6260,6460,6220,6420,67823,0.033816425120772875
2022-02-28,6440,6550,6340,6470,89870,0.007788161993769416
2022-03-02,6540,6570,6420,6460,90019,-0.0015455950540957941
2022-03-03,6470,6540,6470,6480,72377,0.003095975232198178
2022-03-04,6540,6560,6470,6530,54371,0.007716049382715973
2022-03-07,6480,6500,6260,6340,60120,-0.029096477794793296
2022-03-08,6230,6400,6210,6210,71238,-0.02050473186119872
2022-03-10,6310,6360,6240,6240,86652,0.004830917874396157
2022-03-11,6190,6300,6190,6290,38360,0.008012820512820484
2022-03-14,6290,6290,6150,6210,73284,-0.012718600953895098
2022-03-15,6290,6290,6150,6170,40239,-0.006441223832528209
2022-03-16,6190,6370,6190,6350,74955,0.029173419773095732
2022-03-17,6400,6450,6350,6440,69285,0.014173228346456623
2022-03-18,6430,6550,6370,6510,67073,0.010869565217391353
2022-03-21,6510,6540,6430,6430,49772,-0.01228878648233489
2022-03-22,6440,6510,6400,6430,50314,0.0
2022-03-23,6440,6530,6420,6430,61997,0.0
2022-03-24,6370,6500,6330,6370,71449,-0.009331259720062213
2022-03-25,6350,6430,6350,6390,705785,0.0031397174254317317
2022-03-28,6450,6450,6330,6410,40018,0.003129890453834161
2022-03-29,6440,7370,6390,6740,1674780,0.05148205928237126
2022-03-30,6790,6800,6690,6760,126696,0.0029673590504450953
2022-03-31,6780,7450,6720,7050,2205600,0.04289940828402372
2022-04-01,7060,7190,6960,7130,253676,0.01134751773049647
2022-04-04,7150,7200,7060,7110,153408,-0.0028050490883591017
2022-04-05,7080,7220,7080,7170,152069,0.00843881856540074
2022-04-06,7160,7160,6950,6980,120364,-0.02649930264993028
2022-04-07,7010,7010,6840,6860,86059,-0.017191977077363862
2022-04-08,6840,7000,6820,6920,62573,0.008746355685131268
2022-04-11,7000,7000,6790,6820,54050,-0.014450867052023142
2022-04-12,6710,6780,6560,6610,83668,-0.030791788856304958
2022-04-13,6610,6800,6610,6800,48713,0.02874432677760974
2022-04-14,6810,6850,6750,6780,29096,-0.002941176470588225
2022-04-15,6810,6810,6610,6680,51074,-0.014749262536873142
2022-04-18,6640,6740,6640,6720,37535,0.0059880239520957446
2022-04-19,6780,6890,6760,6820,58946,0.014880952380952328
2022-04-20,6840,7100,6840,7020,132015,0.029325513196480912
2022-04-21,6950,7110,6950,6960,72235,-0.008547008547008517
2022-04-22,6860,6990,6820,6970,61579,0.001436781609195359
2022-04-25,6800,6900,6630,6650,97236,-0.045911047345767564
2022-04-26,6650,6810,6650,6760,36582,0.016541353383458635
2022-04-27,6630,6730,6570,6640,42961,-0.017751479289940808
2022-04-28,6620,6700,6580,6600,682926,-0.0060240963855421326
2022-04-29,6600,6740,6600,6700,36277,0.015151515151515138
2022-05-02,6550,6700,6550,6600,47476,-0.014925373134328401
2022-05-03,6600,6680,6530,6610,51176,0.0015151515151514694
2022-05-04,6900,8290,6900,7330,10514538,0.1089258698940998
2022-05-06,7340,7730,7190,7440,1280643,0.01500682128240105
2022-05-09,7510,7940,7380,7490,1850473,0.006720430107526987
2022-05-10,7310,7550,7150,7480,552785,-0.001335113484646211
2022-05-11,7530,7740,7420,7480,595166,0.0
2022-05-12,7250,7630,7200,7240,763089,-0.03208556149732622
2022-05-13,7360,7560,7300,7540,653045,0.04143646408839774
2022-05-16,7630,7640,7360,7380,355316,-0.021220159151193685
2022-05-17,7340,7370,7160,7250,261543,-0.017615176151761558
2022-05-18,7260,7420,7220,7380,261041,0.017931034482758568
2022-05-19,7170,7460,7150,7270,172843,-0.01490514905149054
2022-05-20,7280,7330,7220,7320,137162,0.00687757909215958
2022-05-23,7310,7460,7230,7260,106790,-0.008196721311475419
2022-05-24,7280,7290,7130,7130,174458,-0.017906336088154284
2022-05-25,7230,7230,7010,7030,103317,-0.014025245441795287
2022-05-26,7080,7210,6990,7030,123366,0.0
2022-05-27,7140,7140,6910,6940,166196,-0.012802275960170695
2022-05-30,7000,7080,6930,7080,83143,0.020172910662824117
2022-05-31,7090,7270,7050,7260,150244,0.025423728813559254
2022-06-02,7290,7460,7260,7420,348878,0.02203856749311295
2022-06-03,7530,7530,7270,7420,323873,0.0
2022-06-07,7410,7410,7170,7190,163905,-0.030997304582210283
2022-06-08,7190,7300,7150,7150,82235,-0.0055632823365785455
2022-06-09,7150,7210,7060,7110,76334,-0.005594405594405605
2022-06-10,7110,7260,7040,7210,94927,0.014064697609001309
2022-06-13,7100,7100,6750,6750,192336,-0.06380027739251037
2022-06-14,6590,6680,6300,6420,285647,-0.04888888888888887
2022-06-15,6330,6440,6010,6040,247015,-0.05919003115264798
2022-06-16,6180,6480,6040,6040,177535,0.0
2022-06-17,5850,6100,5720,6070,146033,0.004966887417218624
2022-06-20,6020,6090,5600,5600,180113,-0.07742998352553543
2022-06-21,5510,5780,5510,5690,127349,0.016071428571428514
2022-06-22,5700,5850,5400,5420,150073,-0.047451669595782064
2022-06-23,5420,5520,5190,5220,187528,-0.03690036900369009
2022-06-24,5170,5460,5170,5400,98227,0.034482758620689724
2022-06-27,5420,5660,5420,5580,56390,0.03333333333333344
2022-06-28,5580,5730,5520,5580,44603,0.0
2022-06-29,5410,5620,5410,5550,46798,-0.005376344086021501
2022-06-30,5560,5600,5480,5510,70111,-0.007207207207207245
2022-07-01,5490,5620,5450,5540,92622,0.005444646098003547
2022-07-04,5540,5560,5380,5400,72201,-0.02527075812274371
2022-07-05,5400,5600,5400,5550,36154,0.02777777777777768
2022-07-06,5550,5690,5510,5520,39660,-0.00540540540540535
2022-07-07,5520,5650,5460,5640,52951,0.021739130434782705
2022-07-08,5750,5750,5600,5670,61018,0.005319148936170137
2022-07-11,5660,5740,5600,5700,36103,0.005291005291005346
2022-07-12,5700,5700,5530,5620,59016,-0.01403508771929829
2022-07-13,5620,5710,5580,5630,36437,0.001779359430605032
2022-07-14,5650,5700,5570,5690,29229,0.010657193605683846
2022-07-15,5610,5700,5530,5680,45236,-0.0017574692442882123
2022-07-18,5770,5780,5670,5760,54541,0.014084507042253502
2022-07-19,5750,5900,5650,5790,55006,0.005208333333333259
2022-07-20,5920,5920,5760,5810,37612,0.003454231433505983
2022-07-21,5830,5860,5770,5800,44022,-0.0017211703958691649
2022-07-22,5820,5880,5780,5840,48202,0.006896551724137945
2022-07-25,5830,5840,5650,5730,56567,-0.018835616438356184
2022-07-26,5730,5770,5700,5710,38958,-0.003490401396160525
2022-07-27,5730,5760,5670,5740,21684,0.005253940455341555
2022-07-28,5860,5860,5750,5800,50106,0.010452961672473782
2022-07-29,5800,5880,5790,5800,42270,0.0
2022-08-01,5800,5920,5800,5900,61041,0.01724137931034475
2022-08-02,5920,5920,5800,5810,39808,-0.015254237288135575
2022-08-03,5760,5850,5750,5830,34914,0.0034423407917383297
2022-08-04,5850,6000,5850,5960,73566,0.022298456260720467
2022-08-05,5900,6030,5900,6030,56450,0.011744966442952975
2022-08-08,6070,6070,5910,5920,54530,-0.018242122719734688
2022-08-09,5870,5960,5810,5890,52639,-0.0050675675675675436
2022-08-10,5860,5890,5850,5860,41817,-0.005093378607809895
2022-08-11,5980,5980,5890,5940,35916,0.013651877133105783
2022-08-12,5930,5980,5910,5910,48139,-0.005050505050505083
2022-08-16,5910,5950,5830,5850,63997,-0.010152284263959421
2022-08-17,5810,5820,5490,5560,291304,-0.04957264957264962
2022-08-18,5530,5540,5420,5510,79249,-0.008992805755395739
2022-08-19,5490,5550,5460,5480,57392,-0.005444646098003658
2022-08-22,5480,5520,5350,5480,73785,0.0
2022-08-23,5360,5530,5310,5490,94276,0.0018248175182482562
2022-08-24,5440,5600,5440,5500,72439,0.0018214936247722413
2022-08-25,5470,5610,5470,5590,30986,0.016363636363636358
2022-08-26,5610,5680,5560,5560,33134,-0.00536672629695889
2022-08-29,5310,5390,5310,5340,64608,-0.03956834532374098
2022-08-30,5300,5380,5300,5380,65367,0.0074906367041198685
2022-08-31,5310,5450,5310,5440,30413,0.011152416356877248
2022-09-01,5370,5550,5370,5450,66519,0.0018382352941177516
2022-09-02,5450,5650,5440,5540,81225,0.016513761467889854
2022-09-05,5540,5570,5260,5300,72755,-0.04332129963898912
2022-09-06,5300,5430,5300,5400,31169,0.018867924528301883
2022-09-07,5400,5400,5180,5200,75304,-0.03703703703703709
2022-09-08,5200,5310,5200,5230,41422,0.005769230769230749
2022-09-13,5260,5350,5230,5310,67900,0.015296367112810794
2022-09-14,5240,5240,5140,5160,80423,-0.02824858757062143
2022-09-15,5170,5250,5080,5080,57955,-0.015503875968992276
2022-09-16,5060,5060,4970,4970,87913,-0.021653543307086576
2022-09-19,4960,5000,4750,4800,93620,-0.03420523138832998
2022-09-20,4810,4875,4770,4770,37455,-0.006249999999999978
2022-09-21,4770,4770,4655,4720,51547,-0.010482180293501009
2022-09-22,4700,4715,4500,4600,71246,-0.025423728813559365
2022-09-23,4505,4585,4350,4375,118546,-0.048913043478260865
2022-09-26,4265,4370,3990,4035,168380,-0.07771428571428574
2022-09-27,4030,4245,3915,4095,117768,0.014869888475836479
2022-09-28,4035,4110,3860,3900,118235,-0.04761904761904767
2022-09-29,3960,4090,3930,3930,90816,0.007692307692307665
2022-09-30,3795,3915,3790,3850,70496,-0.020356234096692072
2022-10-04,3885,4060,3885,4050,81059,0.051948051948051965
2022-10-05,4170,4170,3900,3925,44389,-0.030864197530864224
2022-10-06,3950,4050,3950,3995,40686,0.017834394904458595
2022-10-07,3995,4140,3975,4060,71938,0.016270337922402955
2022-10-11,4040,4040,3770,3785,101944,-0.06773399014778325
2022-10-12,3720,3850,3720,3760,54245,-0.006605019815059454
2022-10-13,3760,3895,3610,3610,87449,-0.039893617021276584
2022-10-14,3630,3790,3630,3770,44365,0.04432132963988922
2022-10-17,3660,3865,3625,3865,35985,0.025198938992042397
2022-10-18,3890,4015,3870,4005,62259,0.036222509702457995
2022-10-19,4005,4145,3950,4000,63287,-0.0012484394506866447
2022-10-20,4000,4050,3940,3955,52217,-0.011249999999999982
2022-10-21,4030,4030,3945,3950,23343,-0.0012642225031606058
2022-10-24,4100,4100,3965,3965,20118,0.0037974683544304
2022-10-25,3970,4070,3960,3960,35866,-0.0012610340479193294
2022-10-26,3965,4565,3900,4075,948209,0.029040404040403978
2022-10-27,4150,4160,4000,4040,111579,-0.008588957055214674
2022-10-28,4050,4050,3965,3965,67096,-0.01856435643564358
2022-10-31,4010,4050,3980,4030,30004,0.016393442622950838
2022-11-01,4030,4070,3995,4030,34173,0.0
2022-11-02,4025,4100,4000,4080,39848,0.012406947890818865
2022-11-03,4000,4045,4000,4015,25217,-0.015931372549019662
2022-11-04,4015,4190,3970,4160,85855,0.036114570361145626
2022-11-07,4160,4170,4065,4090,42461,-0.016826923076923128
2022-11-08,4340,4775,4110,4265,935392,0.04278728606356963
2022-11-09,4305,4515,4305,4350,260085,0.01992966002344665
2022-11-10,4340,4345,4230,4235,95763,-0.02643678160919538
2022-11-11,4400,4400,4305,4370,117719,0.031877213695395534
2022-11-14,4375,4620,4365,4575,268672,0.04691075514874132
2022-11-15,4615,4770,4525,4680,199578,0.022950819672131084
2022-11-16,4685,4770,4610,4640,77682,-0.008547008547008517
2022-11-17,4690,4690,4535,4585,38360,-0.0118534482758621
2022-11-18,4600,4690,4500,4515,94473,-0.01526717557251911
2022-11-21,4505,4605,4395,4475,50251,-0.008859357696566983
2022-11-22,4510,4510,4330,4335,57530,-0.031284916201117285
2022-11-23,4370,4460,4340,4400,60132,0.014994232987312506
2022-11-24,4385,4550,4350,4515,116545,0.026136363636363624
2022-11-25,4575,4575,4445,4455,24232,-0.013289036544850474
2022-11-28,4460,4495,4245,4245,95161,-0.047138047138047146
2022-11-29,4225,4740,4205,4455,426218,0.04946996466431086
2022-11-30,4460,4515,4340,4410,70809,-0.010101010101010055
2022-12-01,4530,4565,4405,4430,262822,0.0045351473922903285
2022-12-02,4470,4655,4400,4585,196559,0.03498871331828446
2022-12-05,5190,5310,4680,4680,1106329,0.02071973827699014
2022-12-06,4640,4640,4550,4585,135167,-0.020299145299145338
2022-12-07,4590,4820,4545,4670,131045,0.018538713195201728
2022-12-08,4675,4870,4670,4700,210190,0.0064239828693790635
2022-12-09,4770,4955,4770,4790,321859,0.01914893617021285
2022-12-12,4850,4870,4610,4630,140480,-0.03340292275574108
2022-12-13,4650,4670,4560,4630,72296,0.0
2022-12-14,4620,4680,4605,4655,47372,0.005399568034557323
2022-12-15,4700,4800,4600,4685,70872,0.0064446831364124435
2022-12-16,4605,4820,4575,4750,78072,0.01387406616862319
2022-12-19,4760,4765,4635,4635,51763,-0.02421052631578946
2022-12-20,4545,4630,4365,4400,130836,-0.05070118662351675
2022-12-21,4410,4485,4330,4340,36284,-0.013636363636363669
2022-12-22,4320,4395,4320,4355,28866,0.003456221198156584
2022-12-23,4310,4310,4210,4225,46334,-0.02985074626865669
2022-12-26,4225,4280,4165,4170,21207,-0.013017751479289963
2022-12-27,4170,4255,4110,4170,31675,0.0
2022-12-28,4170,4220,4170,4195,20616,0.005995203836930418
2022-12-29,4200,4200,3970,3985,77310,-0.05005959475566146
2023-01-02,4280,4280,3905,3910,44388,-0.01882057716436636
2023-01-03,3810,3945,3725,3885,95434,-0.006393861892583175
2023-01-04,3885,3980,3795,3960,41067,0.019305019305019266
2023-01-05,4070,4070,3900,3930,32909,-0.007575757575757569
2023-01-06,3930,4040,3850,3960,23046,0.007633587786259444
2023-01-09,4040,4090,3960,4030,54765,0.017676767676767735
2023-01-10,4030,4150,4015,4135,41970,0.026054590570719682
2023-01-11,4140,4265,4140,4220,49402,0.02055622732769047
2023-01-12,4280,4280,4130,4160,47880,-0.014218009478673022
2023-01-13,4125,4270,4125,4140,26584,-0.004807692307692291
2023-01-16,4105,4190,4105,4160,38087,0.004830917874396157
2023-01-17,4160,4195,4070,4070,44536,-0.02163461538461542
2023-01-18,4070,4110,4040,4065,23478,-0.0012285012285012664
2023-01-19,4065,4065,3995,4020,23606,-0.011070110701106972
2023-01-20,4030,4125,4000,4115,56771,0.023631840796019876
2023-01-25,4115,4150,4110,4125,51419,0.002430133657351119
2023-01-26,4130,4375,3970,4265,134096,0.033939393939393936
2023-01-27,4340,4340,4235,4260,59051,-0.0011723329425556983
2023-01-30,4260,4295,4175,4270,53892,0.0023474178403755097
2023-01-31,4240,4300,4205,4255,42711,-0.003512880562060894
2023-02-01,4300,4585,4120,4250,223163,-0.001175088131609825
2023-02-02,4265,4340,4235,4235,65452,-0.003529411764705892
2023-02-03,4290,4300,4230,4280,60166,0.010625737898465104
2023-02-06,4235,4300,4190,4195,42700,-0.01985981308411211
2023-02-07,4190,4255,4165,4220,48057,0.005959475566150285
2023-02-08,4220,4315,4220,4285,66039,0.01540284360189581
2023-02-09,4295,4360,4260,4360,59870,0.0175029171528589
2023-02-10,4370,4370,4250,4270,81886,-0.020642201834862428
2023-02-13,4300,4300,4180,4210,47944,-0.014051522248243575
2023-02-14,4200,4250,4195,4200,36917,-0.002375296912114022
2023-02-15,4160,4255,4150,4185,96324,-0.0035714285714285587
2023-02-16,4185,4245,4185,4220,68258,0.008363201911588902
2023-02-17,4220,4220,4135,4150,65343,-0.016587677725118488
2023-02-20,4155,4175,4010,4145,66188,-0.001204819277108471
2023-02-21,4130,4185,4130,4150,18514,0.0012062726176116367
2023-02-22,4100,4130,4000,4000,111917,-0.03614457831325302
2023-02-23,4000,4045,3950,3975,41574,-0.006249999999999978
2023-02-24,3985,4050,3905,3920,103713,-0.01383647798742138
2023-02-27,3860,3925,3845,3870,48836,-0.012755102040816313
2023-02-28,3870,3995,3870,3960,34854,0.023255813953488413
2023-03-02,3950,3995,3880,3900,47705,-0.015151515151515138
2023-03-03,3905,4020,3905,3980,55805,0.02051282051282044
2023-03-06,4000,4080,3980,4040,57223,0.015075376884422065
2023-03-07,4110,4110,3955,4025,48989,-0.003712871287128716
2023-03-08,4025,4025,3940,3950,36666,-0.018633540372670843
2023-03-09,3910,3985,3845,3870,81047,-0.020253164556962022
2023-03-10,3850,3860,3800,3810,48489,-0.015503875968992276
2023-03-13,3735,3810,3715,3760,72497,-0.013123359580052507
2023-03-14,3760,3760,3605,3605,106035,-0.04122340425531912
2023-03-15,3730,3730,3600,3615,68125,0.00277392510402219
2023-03-16,3705,3705,3510,3650,56489,0.009681881051175623
2023-03-17,3730,3760,3640,3755,49892,0.02876712328767117
2023-03-20,3755,3775,3700,3705,30601,-0.013315579227696439
2023-03-21,3785,3785,3615,3620,52516,-0.022941970310391357
2023-03-22,3640,3675,3600,3625,45756,0.0013812154696133394
2023-03-23,3610,3700,3510,3610,132669,-0.004137931034482789
2023-03-24,3980,3980,3690,3715,307277,0.02908587257617734
2023-03-27,3720,3720,3600,3615,71928,-0.026917900403768513
2023-03-28,3600,3730,3600,3690,116237,0.020746887966804906
2023-03-29,3680,3805,3605,3765,141760,0.020325203252032464
2023-03-30,3765,3880,3750,3855,115642,0.0239043824701195
2023-03-31,3855,3900,3800,3855,57734,0.0
2023-04-03,3810,3895,3770,3770,66220,-0.022049286640726362
2023-04-04,3770,3840,3740,3840,72323,0.018567639257294433
2023-04-05,3840,3910,3840,3880,80520,0.01041666666666674
2023-04-06,3855,3860,3785,3790,83843,-0.023195876288659822
2023-04-07,3900,3900,3790,3825,40106,0.00923482849604218
2023-04-10,3825,3825,3680,3700,125869,-0.0326797385620915
2023-04-11,3700,3795,3655,3770,81513,0.018918918918918948
2023-04-12,3775,3865,3755,3800,84656,0.007957559681697646
2023-04-13,3800,3855,3725,3830,70786,0.007894736842105177
2023-04-14,3850,3880,3800,3850,79955,0.005221932114882533
2023-04-17,3850,3875,3775,3870,64068,0.0051948051948051965
2023-04-18,3870,3900,3840,3890,78575,0.0051679586563306845
2023-04-19,3890,3920,3850,3905,62997,0.003856041131105492
2023-04-20,3880,3900,3795,3800,115884,-0.02688860435339313
2023-04-21,3740,3825,3725,3755,94179,-0.011842105263157876
2023-04-24,3735,3750,3655,3670,100604,-0.022636484687083902
2023-04-25,3670,3670,3560,3575,113734,-0.02588555858310626
2023-04-26,3530,3615,3490,3575,50049,0.0
2023-04-27,3575,3610,3520,3570,35067,-0.0013986013986013734
2023-04-28,3560,3650,3550,3555,52406,-0.004201680672268893
2023-05-02,3555,3630,3555,3590,46028,0.009845288326300938
2023-05-03,3590,3610,3555,3555,49282,-0.00974930362116988
2023-05-04,3550,3570,3535,3535,41266,-0.005625879043600568
2023-05-08,3525,3600,3520,3530,66107,-0.0014144271570014633
2023-05-09,3525,3690,3525,3600,161410,0.019830028328611915
2023-05-10,3605,3620,3570,3590,58137,-0.002777777777777768
2023-05-11,3570,3640,3570,3610,41835,0.0055710306406684396
2023-05-12,3600,3610,3525,3535,73081,-0.020775623268698085
2023-05-15,3560,3560,3475,3480,71111,-0.01555869872701554
2023-05-16,3480,3515,3425,3445,75890,-0.010057471264367845
2023-05-17,3490,3505,3430,3475,63361,0.00870827285921627
2023-05-18,3475,3540,3470,3505,32571,0.008633093525179936
2023-05-19,3515,3560,3500,3535,46505,0.008559201141226769
2023-05-22,3535,3580,3510,3540,50791,0.0014144271570013522
2023-05-23,3580,3580,3510,3515,45760,-0.007062146892655385
2023-05-24,3495,3540,3490,3500,42949,-0.004267425320056861
2023-05-25,3500,3520,3475,3485,39179,-0.004285714285714337
2023-05-26,3485,3495,3400,3400,127261,-0.024390243902439046
2023-05-30,3420,3440,3395,3415,96938,0.004411764705882337
2023-05-31,3465,3495,3415,3420,53703,0.0014641288433381305
2023-06-01,3470,3470,3415,3420,37649,0.0
2023-06-02,3425,3465,3420,3425,48883,0.0014619883040936088
2023-06-05,3420,3440,3400,3415,81020,-0.0029197080291970545
2023-06-07,3420,3465,3415,3440,68809,0.007320644216691097
2023-06-08,3410,3435,3405,3415,57031,-0.007267441860465129
2023-06-09,3460,3460,3405,3430,78966,0.004392386530014614
2023-06-12,3410,3450,3405,3410,46307,-0.005830903790087438
2023-06-13,3410,3440,3405,3405,42617,-0.0014662756598240456
2023-06-14,3405,3415,3375,3390,121123,-0.004405286343612369
2023-06-15,4405,4405,4405,4405,980816,0.29941002949852513
2023-06-16,5300,5720,5240,5720,6545758,0.29852440408626557
2023-06-19,6000,6520,5410,5730,28783929,0.0017482517482516613
2023-06-20,5510,5620,5030,5240,3605352,-0.08551483420593364
2023-06-21,5140,5400,5020,5360,2271366,0.022900763358778553
2023-06-22,5050,5170,4840,4860,1591178,-0.09328358208955223
2023-06-23,4810,4915,4690,4825,859483,-0.007201646090534974
2023-06-26,4950,5220,4780,4820,3337150,-0.0010362694300518616
2023-06-27,4780,5610,4780,5120,6810598,0.06224066390041494
2023-06-28,5180,5340,5080,5200,1814913,0.015625
2023-06-29,5250,5270,5020,5170,816064,-0.005769230769230749
2023-06-30,5120,5400,4835,5350,1224037,0.03481624758220514
2023-07-03,5320,5500,5290,5460,820082,0.020560747663551426
2023-07-04,5480,5480,4995,5000,1253063,-0.08424908424908428
2023-07-05,5000,5490,4905,5020,2467817,0.0040000000000000036
2023-07-06,4950,5330,4830,5300,1781257,0.055776892430278835
2023-07-07,5180,6890,5170,6890,20465938,0.30000000000000004
2023-07-10,7300,7450,6580,6900,20089557,0.0014513788098693414
2023-07-11,7030,7030,6220,6560,7582934,-0.049275362318840554
2023-07-12,6920,7130,6300,6370,9997252,-0.02896341463414631
2023-07-13,6350,6900,6340,6580,6923133,0.03296703296703307
2023-07-14,6530,6540,5970,6020,2463859,-0.08510638297872342
2023-07-17,6440,6760,5830,5940,3397528,-0.013289036544850474
2023-07-18,5860,5890,5520,5560,1885200,-0.06397306397306401
2023-07-19,5530,5530,5290,5440,1196576,-0.021582733812949617
2023-07-20,5300,5360,5190,5300,691102,-0.02573529411764708
2023-07-21,5270,5270,5130,5160,509138,-0.026415094339622636
2023-07-24,5190,5310,4995,5060,958554,-0.019379844961240345
2023-07-25,5010,5120,4850,4900,878946,-0.031620553359683834
2023-07-26,4865,4910,4425,4600,1439239,-0.061224489795918324
2023-07-27,4550,4705,4515,4565,627015,-0.007608695652173925
2023-07-28,4520,4775,4520,4735,410430,0.03723986856516981
2023-07-31,4820,4870,4635,4835,444615,0.021119324181626098
2023-08-01,4845,4945,4760,4875,392438,0.008273009307135482
2023-08-02,4900,5050,4785,4835,567294,-0.008205128205128198
2023-08-03,5050,5050,4710,4860,1041247,0.005170630816959676
2023-08-04,4930,5030,4790,4795,612722,-0.013374485596707841
2023-08-07,4710,4785,4510,4700,369205,-0.019812304483837306
2023-08-08,4745,4750,4545,4560,313003,-0.029787234042553234
2023-08-09,4600,4860,4535,4770,453639,0.046052631578947345
2023-08-10,4730,4735,4585,4660,218088,-0.023060796645702264
2023-08-11,4615,4890,4615,4800,252808,0.030042918454935563
2023-08-14,4750,4810,4665,4705,187301,-0.019791666666666652
2023-08-16,4690,4935,4625,4880,748424,0.037194473963868324
2023-08-17,5470,6340,5130,5400,22693667,0.10655737704918034
2023-08-18,5310,5360,4940,5000,3711311,-0.07407407407407407
2023-08-21,4900,5040,4805,4805,1190412,-0.039000000000000035
2023-08-22,4780,4835,4665,4785,918056,-0.004162330905306932
2023-08-23,4740,5190,4680,5000,2072867,0.04493207941483801
2023-08-24,5040,5200,4935,5190,1092100,0.038000000000000034
2023-08-25,5100,5230,5060,5190,619311,0.0
2023-08-28,5080,5230,4970,5150,682889,-0.0077071290944122905
2023-08-29,5120,5340,5120,5230,759716,0.01553398058252431
2023-08-30,5230,5570,5150,5300,1375149,0.013384321223709472
2023-08-31,5250,5300,5060,5130,593042,-0.0320754716981132
2023-09-01,5210,5660,5160,5180,3656374,0.00974658869395717
2023-09-04,5290,5460,5180,5340,1338413,0.030888030888030826
2023-09-05,5330,5330,5110,5150,569364,-0.035580524344569264
2023-09-06,5150,5280,5040,5170,477956,0.003883495145631022
2023-09-07,5120,5130,4880,4890,637373,-0.0541586073500967
2023-09-08,4890,4970,4730,4805,361129,-0.017382413087934534
2023-09-11,4985,5010,4660,4665,798428,-0.02913631633714875
2023-09-12,4730,4730,4545,4550,358108,-0.024651661307609873
2023-09-13,4500,4690,4405,4680,673156,0.02857142857142847
2023-09-14,4715,4715,4520,4585,545940,-0.020299145299145338
2023-09-15,4620,5060,4570,4775,1943909,0.04143947655398028
2023-09-18,4755,5440,4700,4895,5419071,0.025130890052355914
2023-09-19,4885,5230,4750,5150,3265891,0.052093973442288055
2023-09-20,5050,5120,4860,4925,953462,-0.043689320388349495
2023-09-21,4810,4895,4580,4600,511049,-0.06598984771573602
2023-09-22,4685,4715,4525,4525,294063,-0.016304347826086918
2023-09-25,4525,4600,4265,4265,408632,-0.05745856353591161
2023-09-26,4245,4345,4055,4080,299971,-0.04337631887456039
2023-09-27,4050,4170,4050,4140,150526,0.014705882352941124
2023-10-04,4140,4140,3980,4005,223884,-0.03260869565217395
2023-10-05,3990,4055,3915,3960,181652,-0.011235955056179803
2023-10-06,3900,4090,3900,4040,176103,0.02020202020202011
2023-10-10,4005,4020,3825,3830,243559,-0.051980198019802026
2023-10-11,3860,3950,3860,3910,105337,0.02088772845953013
2023-10-12,3910,4035,3910,4010,115355,0.025575447570332477
2023-10-13,4015,4015,3860,3885,145386,-0.03117206982543641
2023-10-16,3850,3910,3725,3850,156848,-0.009009009009009028
2023-10-17,3885,3955,3860,3900,104538,0.01298701298701288
2023-10-18,3900,4285,3805,3890,1260276,-0.002564102564102555
2023-10-19,3770,3795,3665,3705,323232,-0.04755784061696655
2023-10-20,3665,3790,3565,3585,263147,-0.03238866396761131
2023-10-23,3510,3640,3510,3575,136664,-0.002789400278940035
2023-10-24,3560,4180,3510,3930,2647815,0.09930069930069929
2023-10-25,3840,3860,3735,3750,380736,-0.04580152671755722
2023-10-26,3620,3710,3580,3625,213965,-0.033333333333333326
2023-10-27,3600,3645,3535,3550,205770,-0.020689655172413834
2023-10-30,3550,3760,3485,3655,182488,0.029577464788732355
2023-10-31,3680,3680,3520,3525,177977,-0.035567715458276306
2023-11-01,3525,3615,3485,3485,154608,-0.01134751773049647
2023-11-02,3510,3685,3510,3645,207450,0.045911047345767564
2023-11-03,3675,3705,3600,3700,94517,0.015089163237311354
2023-11-06,3740,3840,3695,3815,176999,0.031081081081081097
2023-11-07,3830,3865,3695,3740,138623,-0.019659239842726106
2023-11-08,3805,3860,3755,3755,94054,0.00401069518716568
2023-11-09,3755,4320,3710,3790,3331687,0.009320905459387463
2023-11-10,3725,3760,3600,3630,338750,-0.04221635883905017
2023-11-13,3640,3685,3525,3525,270187,-0.02892561983471076
2023-11-14,3530,3670,3530,3635,132649,0.031205673758865293
2023-11-15,3660,3775,3660,3750,174069,0.031636863823933936
2023-11-16,3755,3770,3660,3745,110286,-0.0013333333333332975
2023-11-17,3745,3745,3660,3675,115960,-0.01869158878504673
2023-11-20,3655,3760,3635,3745,62223,0.01904761904761898
2023-11-21,3765,3845,3755,3810,128076,0.01735647530040052
2023-11-22,3715,3815,3715,3780,102984,-0.007874015748031482
2023-11-23,3820,3845,3770,3820,130382,0.010582010582010692
2023-11-24,3805,3850,3790,3825,91575,0.0013089005235602524
2023-11-27,3855,3870,3800,3820,115203,-0.0013071895424836555
2023-11-28,3790,3895,3750,3770,117598,-0.01308900523560208
2023-11-29,3800,3800,3675,3715,163799,-0.01458885941644561
2023-11-30,3685,3755,3685,3755,63819,0.010767160161507361
2023-12-01,3755,3770,3665,3685,66581,-0.018641810918774926
2023-12-04,3685,3690,3605,3610,112763,-0.020352781546811416
2023-12-05,3595,3640,3550,3570,121708,-0.011080332409972304
2023-12-06,3550,3645,3550,3640,77947,0.019607843137254832
2023-12-07,3605,3720,3605,3690,117741,0.013736263736263687
2023-12-08,3670,3850,3670,3800,224716,0.02981029810298108
2023-12-11,3760,3855,3760,3800,136846,0.0
2023-12-12,3800,3935,3785,3840,248058,0.010526315789473717
2023-12-13,3880,3880,3750,3765,80118,-0.01953125
2023-12-14,3800,3835,3750,3760,87516,-0.0013280212483399723
2023-12-15,3740,3830,3725,3760,156557,0.0
2023-12-18,3760,3835,3745,3820,122539,0.015957446808510634
2023-12-19,3780,3850,3780,3835,149244,0.003926701570680535
2023-12-20,3855,3880,3805,3820,143849,-0.003911342894393766
2023-12-21,3780,3825,3710,3715,192310,-0.027486910994764413
2023-12-22,3715,3760,3675,3705,152777,-0.0026917900403768957
2023-12-26,3705,3830,3705,3725,194452,0.005398110661268607
2023-12-27,3725,3750,3670,3685,118970,-0.010738255033557076
2023-12-28,3725,3795,3645,3785,189703,0.027137042062415295
2024-01-02,3785,3840,3760,3815,152733,0.00792602377807139
2024-01-03,3795,3825,3770,3805,95203,-0.002621231979030192
2024-01-04,3820,3820,3720,3725,176217,-0.021024967148488782
2024-01-05,3720,3765,3685,3720,91841,-0.0013422818791946067
2024-01-08,3720,3810,3690,3765,127266,0.012096774193548487
2024-01-09,3820,3910,3795,3875,262193,0.02921646746347939
2024-01-10,3880,3915,3835,3870,149686,-0.001290322580645209
2024-01-11,3920,4555,3885,4155,11685271,0.07364341085271309
2024-01-12,4090,4150,4010,4075,742334,-0.019253910950661868
2024-01-15,4075,4475,4040,4270,2847481,0.047852760736196265
2024-01-16,4275,4360,4205,4275,1078725,0.0011709601873535203
2024-01-17,4355,4435,4135,4195,918893,-0.018713450292397682
2024-01-18,4200,4220,4050,4125,368155,-0.016686531585220488
2024-01-19,4155,4295,4110,4135,502751,0.00242424242424244
2024-01-22,4190,4285,4135,4275,466214,0.033857315598548876
2024-01-23,4305,4315,4180,4205,435257,-0.01637426900584793
2024-01-24,4205,4205,4050,4095,260306,-0.026159334126040434
2024-01-25,4040,4090,3960,3990,224204,-0.02564102564102566
2024-01-26,3970,4240,3970,4140,399453,0.03759398496240607
2024-01-29,4225,4290,4140,4155,334741,0.0036231884057971175
2024-01-30,4155,4245,4120,4200,276771,0.010830324909747224
2024-01-31,4175,4185,4005,4045,250465,-0.036904761904761885
2024-02-01,4040,4185,4020,4175,202528,0.03213844252163156
2024-02-02,4175,4265,4160,4230,227062,0.013173652694610682
2024-02-05,4230,4230,4150,4200,127348,-0.007092198581560294
2024-02-06,4200,4205,4055,4120,154410,-0.01904761904761909
2024-02-07,4105,4145,4065,4080,106092,-0.009708737864077666
2024-02-08,4085,4130,4055,4080,90399,0.0
2024-02-13,4230,4750,4150,4550,7384284,0.11519607843137258
2024-02-14,4440,4520,4370,4485,732473,-0.014285714285714235
2024-02-15,4440,4505,4385,4500,598120,0.0033444816053511683
2024-02-16,4510,4520,4270,4370,822811,-0.028888888888888853
2024-02-19,4370,4450,4320,4385,359943,0.003432494279176135
2024-02-20,4380,4420,4315,4390,202697,0.0011402508551880963
2024-02-21,4390,4390,4275,4280,327625,-0.02505694760820043
2024-02-22,4275,4320,4260,4285,156298,0.001168224299065379
2024-02-23,4295,4305,4145,4180,351021,-0.02450408401400228
2024-02-26,4175,4180,4050,4125,169589,-0.013157894736842146
2024-02-27,4100,4130,4020,4095,224953,-0.0072727272727273196
2024-02-28,4050,4110,4000,4005,248682,-0.02197802197802201
2024-02-29,4005,4035,3915,3985,190700,-0.004993757802746579
2024-03-04,3990,4000,3875,3900,247351,-0.021329987452948562
2024-03-05,3895,3920,3800,3850,227819,-0.012820512820512775
2024-03-06,3805,3835,3735,3765,199679,-0.02207792207792203
2024-03-07,3740,3780,3715,3735,143409,-0.007968127490039834
2024-03-08,3715,3780,3715,3755,93219,0.0053547523427042165
2024-03-11,3775,3860,3735,3855,113460,0.026631158455392878
2024-03-12,3860,3880,3780,3800,139614,-0.014267185473411104
2024-03-13,3810,4420,3700,3980,6456615,0.047368421052631504
2024-03-14,3920,3980,3870,3910,448214,-0.017587939698492483
2024-03-15,4040,4270,3975,4035,2008857,0.03196930946291565
2024-03-18,3975,3975,3850,3930,300563,-0.026022304832713727
2024-03-19,3920,3920,3810,3815,265616,-0.029262086513994867
2024-03-20,3805,3840,3730,3790,202997,-0.006553079947575369
2024-03-21,3795,3930,3795,3875,213195,0.02242744063324542
2024-03-22,3855,3945,3855,3885,147122,0.002580645161290418
2024-03-25,3875,3890,3820,3825,94382,-0.015444015444015413
2024-03-26,3810,3850,3765,3785,139292,-0.010457516339869244
2024-03-27,3750,3785,3605,3760,115143,-0.006605019815059454
2024-03-28,3730,3830,3730,3765,111727,0.0013297872340425343
2024-03-29,3765,3785,3630,3690,124356,-0.019920318725099584
2024-04-01,3705,3765,3650,3730,90599,0.01084010840108407
2024-04-02,3735,3755,3650,3670,156075,-0.01608579088471851
2024-04-03,3670,3710,3640,3660,92456,-0.0027247956403270157
2024-04-04,3695,3695,3640,3680,67064,0.005464480874316946
2024-04-05,3635,3700,3635,3655,60848,-0.006793478260869512
2024-04-08,3650,3810,3630,3740,227861,0.023255813953488413
2024-04-09,3750,3800,3710,3725,77473,-0.004010695187165791
2024-04-11,3725,3740,3670,3680,47897,-0.012080536912751683
2024-04-12,3660,3715,3650,3675,73693,-0.0013586956521739468
2024-04-15,3650,3745,3620,3685,78528,0.0027210884353741083
2024-04-16,3630,3700,3605,3605,116632,-0.02170963364993217
2024-04-17,3580,3630,3570,3570,71868,-0.009708737864077666
2024-04-18,3530,3715,3530,3645,120654,0.021008403361344463
2024-04-19,3650,3770,3640,3750,165093,0.028806584362139898
2024-04-22,3750,3800,3665,3750,75407,0.0
2024-04-23,3730,3755,3685,3690,59332,-0.016000000000000014
2024-04-24,3690,3730,3670,3710,66624,0.005420054200542035
2024-04-25,3710,3795,3695,3710,84262,0.0
2024-04-26,3705,3735,3695,3705,60033,-0.0013477088948786742
2024-04-29,3685,3810,3685,3790,114000,0.02294197031039147
2024-04-30,3790,3860,3765,3805,86198,0.003957783641160839
2024-05-02,3775,3885,3775,3850,102276,0.01182654402102501
2024-05-03,3850,3860,3765,3770,66642,-0.020779220779220786
2024-05-07,3755,3945,3755,3815,128029,0.011936339522546469
2024-05-08,3805,3860,3775,3820,57874,0.001310615989515096
2024-05-09,3835,3930,3820,3870,133785,0.01308900523560208
2024-05-10,3950,4150,3890,3890,469019,0.0051679586563306845
2024-05-13,3940,4080,3900,3970,172212,0.020565552699228773
2024-05-14,3965,4010,3905,3935,82884,-0.008816120906801062
2024-05-16,3935,3955,3905,3905,80935,-0.007623888182973326
2024-05-17,3860,3920,3810,3855,110481,-0.012804097311139517
2024-05-20,3855,3975,3820,3955,144425,0.025940337224383825
2024-05-21,3925,4025,3855,3905,142721,-0.012642225031605614
2024-05-22,3910,3915,3860,3885,71481,-0.005121638924455829
2024-05-23,3885,3950,3820,3885,83170,0.0
2024-05-24,3885,3950,3840,3870,97180,-0.0038610038610038533
2024-05-27,3855,3905,3805,3815,119274,-0.014211886304909549
2024-05-28,3820,4200,3820,3985,1170559,0.044560943643512374
2024-05-29,3935,3940,3755,3770,349721,-0.053952321204516984
2024-05-30,3770,3780,3615,3660,219239,-0.02917771883289122
2024-05-31,3715,3715,3640,3660,62269,0.0
2024-06-03,3665,3760,3665,3735,73562,0.020491803278688492
2024-06-04,3800,3800,3685,3710,110745,-0.00669344042838016
2024-06-05,3710,3720,3670,3690,41463,-0.005390835579514808
2024-06-07,3675,3730,3665,3700,38476,0.0027100271002709064
2024-06-10,3675,3700,3595,3675,76973,-0.006756756756756799
2024-06-11,3675,3690,3620,3630,77328,-0.01224489795918371
2024-06-12,3670,3815,3625,3680,103949,0.01377410468319562
2024-06-13,3650,3690,3650,3655,72388,-0.006793478260869512
2024-06-14,3660,3660,3590,3590,136272,-0.017783857729138153
2024-06-17,3590,3600,3545,3560,119757,-0.00835654596100277
2024-06-18,3560,3560,3480,3495,120857,-0.018258426966292096
2024-06-19,3500,3545,3460,3485,141807,-0.0028612303290415086
2024-06-20,3530,3530,3480,3495,49575,0.0028694404591105283
2024-06-21,3520,3520,3425,3425,163263,-0.02002861230329045
2024-06-24,3425,3445,3330,3355,129855,-0.020437956204379604
2024-06-25,3315,3470,3310,3350,100469,-0.0014903129657227732
2024-06-26,3355,3395,3335,3350,40232,0.0
2024-06-27,3385,3385,3315,3340,50511,-0.0029850746268657025
2024-06-28,3315,3385,3315,3360,46323,0.0059880239520957446
2024-07-01,3410,3470,3400,3430,98389,0.02083333333333326
2024-07-02,3460,3460,3385,3400,55941,-0.008746355685131157
2024-07-03,3400,3420,3350,3350,75237,-0.014705882352941124
2024-07-04,3335,3395,3335,3345,41015,-0.0014925373134327957
2024-07-05,3280,3310,2985,3005,760312,-0.10164424514200299
2024-07-08,3000,3000,2890,2920,251745,-0.028286189683860208
2024-07-09,2910,2975,2910,2955,111803,0.011986301369863117
2024-07-10,2945,3000,2935,2950,86173,-0.0016920473773265332
2024-07-11,2955,2970,2925,2945,98161,-0.0016949152542372614
2024-07-12,2925,2970,2895,2900,100304,-0.015280135823429575
2024-07-15,2905,3770,2905,3545,8992935,0.22241379310344822
2024-07-16,3810,4190,3480,3505,8510391,-0.01128349788434413
2024-07-17,3505,3585,3400,3430,1392274,-0.021398002853067033
2024-07-18,3350,3445,3265,3300,651507,-0.03790087463556846
2024-07-19,3275,3345,3175,3220,546386,-0.024242424242424288
2024-07-22,3260,3950,3260,3705,9044227,0.1506211180124224
2024-07-23,3550,3750,3490,3650,1897388,-0.014844804318488558
2024-07-24,3520,3560,3300,3320,1226003,-0.09041095890410955
2024-07-25,3550,4230,3550,3885,24802761,0.17018072289156616
2024-07-26,4120,4355,3895,4005,7583839,0.030888030888030826
2024-07-29,3855,4055,3795,3880,2722902,-0.031210986267166008
2024-07-30,3880,4080,3835,3900,2243584,0.005154639175257714
2024-07-31,3890,4015,3665,3750,1832333,-0.038461538461538436
2024-08-01,3695,3950,3650,3760,1149064,0.002666666666666595
2024-08-02,3690,3745,3510,3540,605236,-0.058510638297872286
2024-08-05,3340,3390,2990,3055,855812,-0.13700564971751417
2024-08-06,3050,3260,3045,3225,486401,0.0556464811783961
2024-08-07,3225,3500,3200,3310,705828,0.02635658914728678
2024-08-08,3240,3315,3205,3205,205330,-0.031722054380664666
2024-08-09,3230,3440,3230,3390,338200,0.057722308892355745
2024-08-12,3360,3435,3340,3395,182612,0.001474926253687281
2024-08-13,3395,3400,3235,3255,212541,-0.04123711340206182
2024-08-14,3300,3365,3265,3290,188261,0.010752688172043001
2024-08-16,3300,3350,3275,3300,169640,0.003039513677811634
2024-08-19,3305,3310,3155,3185,281544,-0.034848484848484795
2024-08-20,3190,3250,3180,3240,136023,0.017268445839874413
2024-08-21,3215,3930,3215,3570,11978241,0.10185185185185186
2024-08-22,3510,3645,3450,3540,1527776,-0.008403361344537785
2024-08-23,3540,3670,3440,3560,2258629,0.005649717514124353
2024-08-26,3465,3470,3280,3325,762848,-0.0660112359550562
2024-08-27,3265,3350,3210,3305,272067,-0.006015037593984918
2024-08-28,3345,3500,3320,3345,625120,0.012102874432677657
2024-08-29,3340,3385,3260,3345,193143,0.0
2024-08-30,3380,3445,3320,3345,186113,0.0
2024-09-02,3350,3350,3265,3335,150053,-0.002989536621823663
2024-09-03,3340,3420,3305,3420,285468,0.025487256371814038
2024-09-04,3270,3340,3270,3290,218399,-0.03801169590643272
2024-09-05,3335,3355,3225,3230,242558,-0.018237082066869248
2024-09-06,3230,3265,3100,3120,234842,-0.034055727554179516
2024-09-09,3040,3190,3035,3180,148874,0.019230769230769162
2024-09-10,3180,3270,3145,3245,172013,0.020440251572326984
2024-09-11,3245,3290,3060,3080,319817,-0.05084745762711862
2024-09-12,3085,3185,3085,3180,114251,0.032467532467532534
2024-09-13,3180,3185,3115,3140,72468,-0.012578616352201255
2024-09-19,3140,3150,3040,3090,164137,-0.015923566878980888
2024-09-20,3115,3190,3105,3145,111330,0.017799352750809128
2024-09-23,3150,3160,3125,3130,56674,-0.004769475357710662
2024-09-24,3150,3420,3130,3255,381084,0.039936102236421744
2024-09-25,3255,3330,3235,3270,171430,0.004608294930875667
2024-09-26,3250,3320,3230,3305,138986,0.010703363914372988
2024-09-27,3305,3315,3245,3245,95913,-0.018154311649016597
2024-09-30,3225,3280,3150,3150,89914,-0.02927580893682591
2024-10-02,3100,3135,3055,3065,144650,-0.026984126984127
2024-10-04,3065,3095,3030,3050,80053,-0.004893964110929905
2024-10-07,3075,3145,3050,3135,78468,0.02786885245901649
2024-10-08,3135,3185,3100,3120,89436,-0.004784688995215336
2024-10-10,3145,3245,3145,3160,98152,0.012820512820512775
2024-10-11,3255,3845,3220,3610,16929410,0.14240506329113933
2024-10-14,4130,4300,3720,3725,14926536,0.03185595567867039
2024-10-15,3685,3770,3520,3585,2310719,-0.037583892617449655
2024-10-16,3595,3595,3425,3545,1417529,-0.01115760111576014
2024-10-17,3620,3645,3375,3415,1557956,-0.03667136812411853
2024-10-18,3365,3495,3355,3480,742654,0.019033674963396807
2024-10-21,3415,3495,3350,3380,762646,-0.028735632183908066
2024-10-22,3335,3580,3305,3380,1445958,0.0
2024-10-23,3435,3540,3340,3405,575067,0.007396449704142105
2024-10-24,3370,3405,3315,3315,441816,-0.026431718061673992
2024-10-25,3300,3555,3265,3440,889624,0.03770739064856721
2024-10-28,3440,3475,3355,3415,385527,-0.007267441860465129
2024-10-29,3460,3620,3385,3505,1152836,0.026354319180087904
2024-10-30,3545,3820,3480,3570,6389980,0.01854493580599148
2024-10-31,3480,3515,3415,3420,763131,-0.04201680672268904
2024-11-01,3380,3380,3200,3210,611513,-0.06140350877192979
2024-11-04,3160,3275,3100,3210,444582,0.0
2024-11-05,3230,3265,3195,3265,261037,0.017133956386292892
2024-11-06,3250,3755,3170,3660,3590443,0.12098009188361414
2024-11-07,3540,3615,3485,3515,1022565,-0.0396174863387978
2024-11-08,3545,3655,3520,3580,782510,0.01849217638691325
2024-11-11,3690,3745,3590,3630,1108151,0.013966480446927276
2024-11-12,3625,3875,3500,3745,3165588,0.031680440771349794
2024-11-13,4020,4230,3475,3475,12038298,-0.0720961281708945
2024-11-14,3435,3685,3350,3515,1594414,0.011510791366906581
2024-11-15,3485,4400,3415,4320,17391917,0.22901849217638692
2024-11-18,4080,4220,3985,4160,3201727,-0.03703703703703709
2024-11-19,4025,4045,3775,3910,2553145,-0.060096153846153855
2024-11-20,3785,3855,3705,3705,1265506,-0.052429667519181544
2024-11-21,3825,4150,3680,4035,6101376,0.08906882591093113
2024-11-22,3885,3945,3790,3890,1382081,-0.035935563816604676
2024-11-25,3940,3960,3815,3860,885746,-0.007712082262210762
2024-11-26,3910,4130,3905,3920,1982431,0.015544041450777257
2024-11-27,3950,4035,3860,3910,1056213,-0.0025510204081632404
2024-11-28,3970,3980,3760,3780,693754,-0.03324808184143224
2024-11-29,3730,3855,3705,3840,607485,0.015873015873015817
2024-12-02,3855,3880,3610,3660,538899,-0.046875
2024-12-03,3570,3705,3570,3680,342015,0.005464480874316946
2024-12-04,3540,3635,3505,3535,421973,-0.03940217391304346
2024-12-05,3520,3640,3465,3505,358279,-0.008486562942008447
2024-12-06,3460,3580,3220,3425,631719,-0.022824536376604865
2024-12-09,3395,3430,3100,3100,795940,-0.0948905109489051
2024-12-10,3220,3505,3220,3495,880153,0.1274193548387097
2024-12-11,3460,3590,3455,3560,346052,0.01859799713876975
2024-12-12,3585,3590,3420,3510,385755,-0.014044943820224698
2024-12-13,3540,3600,3490,3595,361110,0.024216524216524205
2024-12-16,3600,3665,3550,3630,308980,0.009735744089012455
2024-12-17,3680,3710,3570,3600,249061,-0.008264462809917328
2024-12-18,3600,3635,3555,3575,174084,-0.00694444444444442
2024-12-19,3570,3740,3535,3630,1268446,0.01538461538461533
2024-12-20,3670,3675,3475,3510,418542,-0.03305785123966942
2024-12-23,3515,3535,3430,3475,578801,-0.009971509971509973
2024-12-24,3520,3520,3430,3460,235256,-0.004316546762589968
2024-12-26,3445,3490,3410,3420,220449,-0.011560693641618491
2024-12-27,3410,3460,3260,3320,314297,-0.0292397660818714
2024-12-30,3265,3410,3265,3400,128016,0.024096385542168752
2025-01-02,3400,3445,3320,3435,162496,0.010294117647058787
2025-01-03,3455,3500,3415,3495,163335,0.017467248908296984
2025-01-06,3495,3580,3475,3570,226258,0.02145922746781115
2025-01-07,3605,3700,3550,3625,395088,0.01540616246498594
2025-01-08,3565,3620,3510,3575,252995,-0.01379310344827589
2025-01-09,3590,3600,3535,3550,159927,-0.006993006993006978
2025-01-10,3550,3690,3510,3685,357723,0.038028169014084456
2025-01-13,3710,3735,3585,3675,386661,-0.0027137042062415073
2025-01-14,3625,3695,3620,3670,200707,-0.0013605442176870541
2025-01-15,3660,3700,3630,3675,167431,0.0013623978201635634
2025-01-16,3690,3780,3660,3705,318084,0.008163265306122547
2025-01-17,3695,3825,3660,3795,412392,0.02429149797570851
2025-01-20,3770,3770,3685,3720,241769,-0.01976284584980237
2025-01-21,3725,3790,3640,3650,396664,-0.018817204301075252
2025-01-22,3730,3880,3715,3805,725178,0.042465753424657526
2025-01-23,3810,3825,3740,3790,279940,-0.003942181340341633
2025-01-24,3775,3875,3695,3850,334858,0.0158311345646438
2025-01-31,3800,3800,3525,3545,552682,-0.07922077922077919
2025-02-03,3460,3485,3360,3410,311621,-0.03808180535966155
2025-02-04,3410,3485,3410,3475,180228,0.019061583577712593
2025-02-05,3495,3590,3495,3535,106095,0.01726618705035965
2025-02-06,3630,3975,3605,3795,1401707,0.07355021216407365
2025-02-07,3740,3940,3715,3875,661699,0.021080368906455815
2025-02-10,4010,4090,3875,3930,890501,0.014193548387096744
2025-02-11,3960,3960,3810,3905,333390,-0.006361323155216314
2025-02-12,3940,3975,3815,3875,228455,-0.007682458386683688
2025-02-13,4160,4190,3905,4050,1819056,0.04516129032258065
2025-02-14,4040,4045,3920,4000,407383,-0.012345679012345734
2025-02-17,3950,4010,3910,3975,223197,-0.006249999999999978
2025-02-18,4015,4025,3955,3985,250337,0.002515723270440251
2025-02-19,4000,4000,3830,3840,505065,-0.03638644918444167
2025-02-20,3835,3845,3750,3765,271840,-0.01953125
2025-02-21,3770,3785,3705,3740,148780,-0.006640106241699861
2025-02-24,3675,3840,3670,3820,158391,0.021390374331550888
2025-02-25,3830,3830,3730,3755,138841,-0.017015706806282727
2025-02-26,3810,3885,3790,3795,217060,0.010652463382157196
2025-02-27,3795,3840,3730,3740,120216,-0.01449275362318836
2025-02-28,3725,3790,3580,3600,243538,-0.03743315508021394
2025-03-04,3500,3535,3415,3495,251163,-0.029166666666666674
2025-03-05,3500,3670,3500,3670,198299,0.05007153075822601
2025-03-06,3755,3755,3590,3665,190658,-0.0013623978201634523
2025-03-07,3645,3775,3625,3700,232091,0.009549795361528002
2025-03-10,3740,3740,3610,3625,108098,-0.020270270270270285
2025-03-11,3510,3645,3510,3610,145553,-0.004137931034482789
2025-03-12,3700,3720,3445,3500,342238,-0.030470914127423865
2025-03-13,3495,3645,3470,3470,358942,-0.008571428571428563
2025-03-14,3500,3510,3450,3485,125059,0.004322766570605152
2025-03-17,3485,3650,3430,3475,371388,-0.0028694404591105283
2025-03-18,3050,3115,2820,2995,2726309,-0.13812949640287775
2025-03-19,3000,3010,2800,2975,435627,-0.006677796327211993
2025-03-20,2965,3015,2885,2920,266613,-0.01848739495798324
2025-03-21,2920,2965,2860,2885,249294,-0.011986301369863006
2025-03-24,2920,3000,2855,2985,180695,0.03466204506065851
2025-03-25,2960,3010,2905,2950,132694,-0.011725293132328285
2025-03-26,2950,2985,2905,2915,98135,-0.011864406779661052
2025-03-27,2915,2990,2900,2910,136188,-0.0017152658662092923
2025-03-28,2930,2930,2830,2835,169947,-0.02577319587628868
2025-03-31,2805,2820,2725,2730,121296,-0.03703703703703709
2025-04-01,2700,2800,2700,2735,45520,0.001831501831501825
2025-04-02,2740,2810,2685,2730,79000,-0.001828153564899404
2025-04-03,2645,2695,2620,2625,94158,-0.038461538461538436
2025-04-04,2615,2665,2565,2640,70598,0.005714285714285783
2025-04-07,2515,2630,2425,2450,165778,-0.07196969696969702
2025-04-08,2490,2575,2475,2475,128094,0.010204081632652962
2025-04-09,2470,2560,2360,2400,81368,-0.030303030303030276
2025-04-10,2475,2560,2475,2540,100229,0.05833333333333335
2025-04-11,2480,2570,2480,2560,65965,0.007874015748031482
2025-04-14,2580,2605,2550,2555,36457,-0.001953125
2025-04-15,2555,2635,2555,2620,66645,0.02544031311154593
2025-04-16,2590,2625,2550,2550,43064,-0.026717557251908386
2025-04-17,2575,2600,2550,2600,26659,0.019607843137254832
2025-04-18,2600,2640,2585,2630,46859,0.011538461538461497
2025-04-21,2600,2745,2600,2660,87369,0.011406844106463865
2025-04-22,2635,2940,2630,2750,325730,0.03383458646616533
2025-04-23,2795,2825,2710,2790,71023,0.014545454545454639
2025-04-24,2810,2810,2735,2735,54693,-0.01971326164874554
2025-04-25,2740,2795,2740,2780,45081,0.01645338208409508
2025-04-28,2755,2835,2735,2770,39435,-0.003597122302158251
2025-04-29,2745,2775,2735,2770,29790,0.0
2025-04-30,2780,2785,2740,2770,32333,0.0
2025-05-02,2800,2800,2735,2760,29165,-0.0036101083032491488
2025-05-07,2755,2830,2715,2720,40622,-0.01449275362318836
2025-05-08,2760,2800,2705,2735,40101,0.005514705882353033
2025-05-09,2765,2765,2670,2700,53263,-0.012797074954296161
2025-05-12,2855,2950,2780,2840,188269,0.051851851851851816
2025-05-13,2915,2915,2830,2865,48906,0.008802816901408494
2025-05-14,2865,2865,2780,2840,54913,-0.008726003490401424
2025-05-15,2800,2810,2755,2765,41277,-0.026408450704225372
2025-05-16,2875,2945,2765,2825,126983,0.02169981916817365
2025-05-19,2830,2850,2770,2775,44793,-0.017699115044247815
2025-05-20,2855,2885,2805,2810,53735,0.012612612612612706
2025-05-21,2785,2885,2780,2810,49274,0.0
2025-05-22,2785,2800,2720,2730,46928,-0.028469750889679735
2025-05-23,2730,2810,2700,2740,47490,0.00366300366300365
2025-05-26,2710,2760,2695,2745,37854,0.0018248175182482562
2025-05-27,2720,2750,2655,2660,97594,-0.030965391621129323
2025-05-28,2730,2730,2650,2720,61150,0.022556390977443552
2025-05-29,2690,2755,2685,2735,53190,0.005514705882353033
2025-05-30,2705,2940,2690,2830,167932,0.034734917733089565
2025-06-02,2795,2840,2775,2815,50276,-0.005300353356890497
2025-06-04,2830,2850,2640,2830,75676,0.005328596802841812
2025-06-05,2820,2890,2805,2830,57493,0.0
2025-06-09,2950,2950,2860,2880,125167,0.0176678445229681
2025-06-10,2850,2930,2810,2890,141314,0.003472222222222321
2025-06-11,3165,3265,3005,3095,760451,0.07093425605536341
2025-06-12,3150,3150,3065,3135,148907,0.01292407108239102
2025-06-13,3120,3130,2975,3030,142058,-0.03349282296650713
2025-06-16,3025,3245,2955,3210,370580,0.05940594059405946
2025-06-17,3160,3245,3120,3170,144328,-0.012461059190031154
2025-06-18,3150,3180,3095,3165,144792,-0.001577287066246047
2025-06-19,3150,3230,3125,3150,61372,-0.004739336492891044
2025-06-20,3190,3195,3030,3085,192203,-0.020634920634920673
2025-06-23,3065,3080,2985,3015,89522,-0.02269043760129663
2025-06-24,3080,3110,3040,3065,93389,0.016583747927031434
2025-06-25,3070,3120,3020,3045,130116,-0.006525285481239762
2025-06-26,3050,3105,2990,3030,136355,-0.0049261083743842304
2025-06-27,3050,3100,3010,3065,71686,0.011551155115511635
2025-06-30,3040,3080,3010,3020,67779,-0.014681892332789603
2025-07-01,3000,3065,3000,3035,198448,0.004966887417218624
2025-07-02,3020,3090,2970,3090,136368,0.01812191103789118
2025-07-03,3085,3120,3055,3105,96481,0.004854368932038833
2025-07-04,3135,3145,3050,3055,96604,-0.01610305958132041
2025-07-07,3055,3140,3040,3070,235198,0.004909983633387904
2025-07-08,3025,3065,2990,2995,142787,-0.02442996742671011
2025-07-09,3000,3045,2960,3030,87267,0.011686143572620988
2025-07-10,3030,3050,2990,3000,115368,-0.00990099009900991
2025-07-11,3010,3105,3000,3070,180431,0.023333333333333428
2025-07-14,3070,3095,3040,3045,113372,-0.008143322475570036
2025-07-15,3020,3135,3020,3095,94044,0.016420361247947435
2025-07-16,3080,3115,3030,3060,88226,-0.011308562197092087
2025-07-17,3075,3105,3045,3065,80949,0.0016339869281045694
2025-07-18,3055,3070,3015,3045,92245,-0.006525285481239762
2025-07-21,3040,3065,3010,3030,43706,-0.0049261083743842304
2025-07-22,3045,3045,2965,2970,141853,-0.01980198019801982
2025-07-23,2975,2985,2870,2945,126935,-0.008417508417508435
2025-07-24,2940,3010,2925,2930,99925,-0.005093378607809895
2025-07-25,2900,2950,2875,2915,76533,-0.005119453924914641
2025-07-28,2915,2945,2860,2890,111969,-0.00857632933104635
2025-07-29,2970,2970,2840,2870,52217,-0.00692041522491349
2025-07-30,2840,2915,2840,2860,50925,-0.0034843205574912606
2025-07-31,2900,3000,2800,2860,140641,0.0
2025-08-01,2915,2915,2785,2795,103451,-0.022727272727272707
2025-08-04,2765,2855,2765,2840,62582,0.01610017889087656
2025-08-05,2840,2885,2815,2860,66151,0.007042253521126751
2025-08-06,2860,2900,2830,2895,74725,0.012237762237762295
2025-08-07,2930,3070,2930,3010,282479,0.039723661485319584
2025-08-08,3115,3260,3080,3225,899180,0.0714285714285714
2025-08-11,3310,3320,3195,3245,624507,0.006201550387596955
2025-08-12,3235,3275,3170,3185,210167,-0.018489984591679498
2025-08-13,3165,3180,3070,3090,188292,-0.02982731554160123
2025-08-14,3100,3115,3055,3095,136660,0.0016181229773462036
2025-08-18,3205,3590,3120,3465,1612673,0.11954765751211638
2025-08-19,3490,3530,3360,3525,591566,0.017316017316017396
2025-08-20,3515,3515,3260,3300,492590,-0.06382978723404253
2025-08-21,3265,3360,3240,3245,249732,-0.01666666666666672
2025-08-22,3220,3310,3215,3240,153163,-0.0015408320493066618
2025-08-25,3210,3355,3205,3320,171318,0.024691358024691468
2025-08-26,3320,3365,3260,3265,128346,-0.016566265060240948
2025-08-27,3265,3325,3235,3275,109776,0.003062787136294043
2025-08-28,3340,3405,3250,3370,410448,0.02900763358778624
2025-08-29,3370,3420,3300,3330,204671,-0.011869436201780381
2025-09-01,3330,3330,3210,3265,107336,-0.019519519519519468
2025-09-02,3265,3280,3190,3250,96954,-0.004594180704441064
2025-09-03,3255,3255,3190,3225,84640,-0.007692307692307665
2025-09-04,3225,3330,3215,3310,75908,0.02635658914728678
2025-09-05,3395,3395,3240,3315,149450,0.0015105740181269312
2025-09-08,3310,3360,3280,3305,148105,-0.003016591251885359
2025-09-09,3290,3365,3285,3350,129592,0.013615733736762392
2025-09-10,3355,3355,3255,3300,252753,-0.014925373134328401
2025-09-11,3315,3355,3270,3350,132890,0.015151515151515138
2025-09-12,3370,3370,3285,3335,206866,-0.004477611940298498
2025-09-15,3320,3320,3185,3195,332529,-0.04197901049475261
2025-09-16,3235,3235,3125,3160,148861,-0.010954616588419452
