Date,Open,High,Low,Close,Volume,Change
2022-01-03,7885,8034,7818,8021,81765,0.01711894496576205
2022-01-04,8020,8047,7750,7886,143012,-0.016830819099862837
2022-01-05,7885,7885,7629,7684,146299,-0.02561501394876997
2022-01-06,7548,7643,7413,7441,146863,-0.03162415408641328
2022-01-07,7440,7521,7372,7454,68013,0.0017470770057788076
2022-01-10,7305,7386,7156,7292,108236,-0.021733297558357956
2022-01-11,7292,7318,7062,7090,108950,-0.02770159078442125
2022-01-12,7103,7265,7076,7158,117342,0.009590973201692554
2022-01-13,7103,7184,6901,6969,111457,-0.026404023470243065
2022-01-14,6928,6942,6766,6821,108515,-0.02123690629932562
2022-01-17,6794,6834,6497,6565,155429,-0.0375311537897669
2022-01-18,6564,6712,6348,6362,107327,-0.030921553693830872
2022-01-19,6362,6578,6200,6376,114187,0.002200565859792558
2022-01-20,6375,6631,6348,6470,53678,0.014742785445420292
2022-01-21,6496,6766,6456,6470,108512,0.0
2022-01-24,6470,6510,6052,6093,144451,-0.05826893353941265
2022-01-25,6106,6187,5728,5904,171126,-0.03101920236336775
2022-01-26,5903,5984,5714,5796,106463,-0.018292682926829285
2022-01-27,5796,5876,5377,5486,170346,-0.05348516218081434
2022-01-28,5485,5863,5270,5850,158579,0.06635071090047395
2022-02-03,5930,6200,5903,6052,82740,0.034529914529914496
2022-02-04,5984,6146,5930,6052,102540,0.0
2022-02-07,6106,6106,5876,5985,68541,-0.011070720423000613
2022-02-08,5930,6470,5917,6012,126748,0.004511278195488799
2022-02-09,6011,6254,6011,6120,74735,0.017964071856287456
2022-02-10,6119,6200,6052,6093,53963,-0.004411764705882337
2022-02-11,6092,6200,5889,5998,58741,-0.015591662563597564
2022-02-14,5782,5863,5620,5661,100239,-0.056185395131710614
2022-02-15,5661,5742,5499,5567,66333,-0.016604840134251897
2022-02-16,5593,5958,5593,5958,83694,0.07023531525058391
2022-02-17,5944,6079,5849,5958,73478,0.0
2022-02-18,5822,6025,5809,6012,54953,0.009063444108761365
2022-02-21,5997,6065,5822,6052,59557,0.006653359946773074
2022-02-22,5917,6012,5823,5864,66570,-0.03106411103767348
2022-02-23,5823,5931,5809,5837,30996,-0.004604365620736739
2022-02-24,5823,5863,5485,5513,115557,-0.05550796642110678
2022-02-25,5539,5755,5539,5661,65262,0.02684563758389258
2022-02-28,5660,5876,5634,5850,46950,0.03338632750397452
2022-03-02,5890,6187,5877,5945,144901,0.01623931623931618
2022-03-03,5957,6065,5943,6025,45223,0.01345668629100083
2022-03-04,6038,6038,5903,5985,49440,-0.00663900414937757
2022-03-07,5944,5985,5769,5891,69503,-0.015705931495405223
2022-03-08,5823,5930,5687,5823,48813,-0.011543031743337262
2022-03-10,5876,6025,5876,5904,40324,0.01391035548686248
2022-03-11,5890,6443,5877,6201,271194,0.05030487804878048
2022-03-14,6200,6200,5701,5715,170763,-0.07837445573294632
2022-03-15,5715,5823,5661,5756,43957,0.007174103237095331
2022-03-16,5755,5890,5755,5823,43498,0.011640027797081398
2022-03-17,6038,6416,5984,6133,292833,0.05323716297441172
2022-03-18,6146,6348,6052,6052,133818,-0.013207239523887138
2022-03-21,6078,6159,6024,6106,58270,0.008922670191672255
2022-03-22,6119,6227,6052,6147,66438,0.006714706845725615
2022-03-23,6146,6213,6078,6106,95056,-0.00666992028631852
2022-03-24,6213,6470,6132,6322,227630,0.035375040943334435
2022-03-25,6321,6321,6200,6268,68058,-0.008541600759253365
2022-03-28,6281,6294,6092,6133,71699,-0.02153797064454377
2022-03-29,6173,6726,6078,6470,884513,0.05494863851296272
2022-03-30,6483,6537,6334,6470,155223,0.0
2022-03-31,6469,6537,6361,6497,110185,0.004173106646058633
2022-04-01,6362,6483,6348,6376,71807,-0.018623980298599352
2022-04-04,6415,6523,6294,6497,85887,0.018977415307402712
2022-04-05,6550,6577,6388,6443,73769,-0.008311528397721979
2022-04-06,6429,6429,6281,6322,75694,-0.018780071395312792
2022-04-07,6322,6322,6092,6120,65805,-0.031951913951281274
2022-04-08,6200,6200,6025,6066,47235,-0.008823529411764675
2022-04-11,6065,6065,5931,5931,39743,-0.022255192878338326
2022-04-12,5945,6066,5877,5945,40273,0.002360478839993352
2022-04-13,5943,6065,5943,5998,32223,0.00891505466778808
2022-04-14,6025,6106,5944,5958,32067,-0.006668889629876662
2022-04-15,5958,5958,5796,5864,61522,-0.015777106411547503
2022-04-18,5822,5822,5674,5715,89519,-0.025409276944065473
2022-04-19,5715,5755,5674,5729,42262,0.00244969378827653
2022-04-20,5741,5782,5728,5769,41830,0.0069820212951650085
2022-04-21,5782,5782,5687,5742,47616,-0.004680187207488307
2022-04-22,5755,5755,5552,5661,51986,-0.014106583072100332
2022-04-25,5566,5647,5499,5594,67566,-0.011835364776541235
2022-04-26,5593,5620,5539,5580,33495,-0.0025026814444046863
2022-04-27,5512,5512,5391,5472,86525,-0.01935483870967747
2022-04-28,5552,5552,5404,5445,60481,-0.004934210526315819
2022-04-29,5445,5526,5404,5513,29277,0.01248852157943059
2022-05-02,5499,5593,5445,5540,44491,0.0048975149646290905
2022-05-03,5539,5593,5445,5526,52187,-0.002527075812274404
2022-05-04,5525,5566,5431,5499,46155,-0.004885993485342022
2022-05-06,5404,6079,5391,5594,667827,0.017275868339698075
2022-05-09,5485,5566,5418,5445,84333,-0.02663568108687875
2022-05-10,5364,5432,5189,5365,89120,-0.014692378328741929
2022-05-11,5405,5472,5270,5392,52556,0.005032618825722368
2022-05-12,5337,5364,5135,5149,86312,-0.04506676557863498
2022-05-13,5067,5229,5067,5203,79069,0.010487473295785588
2022-05-16,5148,5283,5121,5230,36368,0.0051893138573899655
2022-05-17,5229,5310,5121,5284,35084,0.01032504780114718
2022-05-18,5256,5499,5256,5378,104195,0.01778955336866006
2022-05-19,5323,5323,5107,5162,80143,-0.04016362960208253
2022-05-20,5175,5284,5162,5284,30081,0.02363425029058508
2022-05-23,5283,5350,5175,5351,39239,0.012679788039364093
2022-05-24,5377,5377,5215,5216,42442,-0.025228929172117387
2022-05-25,5215,5269,5134,5189,25408,-0.005176380368098199
2022-05-26,5216,5310,5162,5176,40088,-0.002505299672383887
2022-05-27,5216,5216,5135,5176,58099,0.0
2022-05-30,5202,5391,5188,5378,92050,0.039026275115919606
2022-05-31,5310,5445,5296,5432,47091,0.010040907400520549
2022-06-02,5418,5499,5364,5459,53015,0.00497054491899851
2022-06-03,5486,5526,5391,5419,27787,-0.007327349331379351
2022-06-07,5364,5418,5203,5203,52985,-0.03985975272190445
2022-06-08,5215,5296,5148,5189,32946,-0.0026907553334614143
2022-06-09,5188,5229,5067,5162,52052,-0.005203314704181894
2022-06-10,5148,5148,5067,5068,44803,-0.018209996125532757
2022-06-13,5068,5068,4745,4745,171159,-0.06373322809786897
2022-06-14,4744,4825,4515,4569,126149,-0.03709167544783987
2022-06-15,4502,4636,4313,4327,113425,-0.052965637995184944
2022-06-16,4380,4488,4232,4232,69188,-0.02195516524150687
2022-06-17,4192,4435,3976,4435,105461,0.04796786389413987
2022-06-20,4366,4407,4003,4003,92704,-0.09740698985343854
2022-06-21,4043,4151,3868,4098,74675,0.023732200849363005
2022-06-22,4151,4151,3895,3895,77704,-0.049536359199609525
2022-06-23,3895,3948,3585,3639,176849,-0.0657252888318357
2022-06-24,3584,3867,3584,3814,70547,0.04809013465237699
2022-06-27,3827,3976,3800,3882,53666,0.017829050865233453
2022-06-28,3962,4016,3827,3909,40321,0.006955177743431129
2022-06-29,3773,3935,3773,3909,55307,0.0
2022-06-30,3895,3895,3719,3774,52070,-0.03453568687643904
2022-07-01,3800,3827,3612,3612,56105,-0.042925278219395846
2022-07-04,3585,3720,3544,3626,47412,0.003875968992248069
2022-07-05,3679,3854,3679,3828,41791,0.055708769994484264
2022-07-06,3895,4205,3855,4098,181099,0.07053291536050166
2022-07-07,4165,4327,4043,4125,96832,0.0065885797950220315
2022-07-08,4165,4259,4097,4152,42604,0.006545454545454632
2022-07-11,4286,4664,4259,4435,295442,0.0681599229287091
2022-07-12,4420,4676,4353,4623,112375,0.04239007891770008
2022-07-13,4637,4677,3908,4044,450158,-0.12524334847501617
2022-07-14,3868,4083,3868,4057,227432,0.0032146389713154644
2022-07-15,4057,4084,3962,4044,99168,-0.0032043381809219174
2022-07-18,4043,4110,4016,4057,109387,0.0032146389713154644
2022-07-19,4057,4070,3989,4044,83139,-0.0032043381809219174
2022-07-20,4057,4097,4029,4057,60940,0.0032146389713154644
2022-07-21,4070,4367,4030,4300,178318,0.0598964752280009
2022-07-22,4285,4393,4137,4178,81783,-0.02837209302325583
2022-07-25,4151,4151,3895,3990,88835,-0.044997606510292054
2022-07-26,4003,4003,3895,3990,63525,0.0
2022-07-27,3990,4030,3895,3990,30729,0.0
2022-07-28,3989,4029,3922,3922,50256,-0.017042606516290748
2022-07-29,3935,3976,3908,3963,44914,0.010453850076491689
2022-08-01,3962,4029,3922,3949,40345,-0.003532677264698414
2022-08-02,3962,3962,3841,3868,52658,-0.020511521904279517
2022-08-03,3935,4002,3841,3895,85965,0.0069803516028954515
2022-08-04,3908,4245,3881,4111,212279,0.055455712451861316
2022-08-05,4043,4191,4029,4165,57757,0.013135490148382445
2022-08-08,4177,4204,4110,4178,42049,0.0031212484993996537
2022-08-09,4178,4273,4097,4273,103044,0.02273815222594533
2022-08-10,4353,4366,4003,4003,205569,-0.06318745611982213
2022-08-11,4044,4097,4003,4044,47364,0.010242318261304062
2022-08-12,3989,4178,3989,4138,64227,0.023244312561820024
2022-08-16,4138,4178,4083,4138,56498,0.0
2022-08-17,4124,4124,3989,4030,81384,-0.02609956500724986
2022-08-18,3989,3989,3854,3895,69281,-0.03349875930521096
2022-08-19,3854,3935,3854,3882,59548,-0.003337612323491612
2022-08-22,3908,3908,3760,3801,54719,-0.02086553323029361
2022-08-23,3760,3801,3653,3653,85452,-0.038937121810049935
2022-08-24,3693,3747,3544,3599,104984,-0.014782370654256805
2022-08-25,3625,3733,3625,3720,44902,0.033620450125034784
2022-08-26,3693,3800,3693,3747,39392,0.007258064516129092
2022-08-29,3706,3706,3571,3612,71402,-0.03602882305844679
2022-08-30,3598,3625,3585,3626,30930,0.003875968992248069
2022-08-31,3612,3665,3571,3612,41908,-0.0038610038610038533
2022-09-01,3598,3625,3557,3585,33453,-0.007475083056478371
2022-09-02,3598,3639,3558,3599,44791,0.003905160390516027
2022-09-05,3598,3625,3356,3410,112747,-0.05251458738538484
2022-09-06,3409,3517,3369,3464,59350,0.015835777126099737
2022-09-07,3462,3462,3301,3342,30501,-0.035219399538106266
2022-09-08,3355,3436,3288,3396,37487,0.016157989228007263
2022-09-13,3369,3517,3369,3491,41902,0.02797408716136629
2022-09-14,3409,3733,3342,3572,144070,0.02320252076768825
2022-09-15,3557,3598,3450,3504,46887,-0.01903695408734607
2022-09-16,3450,3651,3369,3477,102102,-0.0077054794520547976
2022-09-19,3504,3504,3329,3356,46134,-0.03480011504170266
2022-09-20,3329,3410,3329,3410,29682,0.016090584028605415
2022-09-21,3342,3437,3329,3437,51060,0.007917888563049758
2022-09-22,3395,3436,3288,3342,39077,-0.027640384055862666
2022-09-23,3288,3382,3247,3342,66789,0.0
2022-09-26,3180,3302,3100,3100,98169,-0.07241172950329144
2022-09-27,3018,3140,2857,2938,113245,-0.05225806451612902
2022-09-28,2910,3058,2722,2884,126299,-0.018379850238257278
2022-09-29,2978,2978,2870,2884,57625,0.0
2022-09-30,2884,2898,2789,2898,62224,0.004854368932038833
2022-10-04,2911,3005,2897,2965,59899,0.02311939268461005
2022-10-05,3019,3059,2830,2871,55073,-0.03170320404721749
2022-10-06,2856,3247,2856,3059,322362,0.06548241030999646
2022-10-07,3018,3072,2951,3059,61129,0.0
2022-10-11,2964,2964,2749,2803,97258,-0.08368747956848643
2022-10-12,2789,2803,2709,2763,35048,-0.014270424545130167
2022-10-13,2763,2763,2587,2615,118371,-0.053564965617082905
2022-10-14,2620,2803,2620,2763,74489,0.056596558317399515
2022-10-17,2722,2816,2695,2803,22481,0.014477017734346731
2022-10-18,2843,2910,2803,2884,39311,0.02889760970388866
2022-10-19,2884,3181,2870,2925,391245,0.014216366158113836
2022-10-20,2978,3031,2897,2911,56030,-0.0047863247863247915
2022-10-21,2870,2951,2803,2911,33117,0.0
2022-10-24,2937,3018,2843,2884,37295,-0.00927516317416699
2022-10-25,2884,2951,2803,2871,30282,-0.004507628294036059
2022-10-26,2870,2965,2843,2925,42970,0.018808777429467183
2022-10-27,2857,2978,2857,2925,38606,0.0
2022-10-28,2924,2977,2830,2857,27274,-0.02324786324786321
2022-10-31,2951,2951,2830,2857,21800,0.0
2022-11-01,2857,2871,2789,2871,37838,0.004900245012250615
2022-11-02,2897,2897,2735,2803,31866,-0.023685127133402983
2022-11-03,2789,2789,2722,2776,31731,-0.009632536567962924
2022-11-04,2762,2776,2681,2776,45931,0.0
2022-11-07,2789,2843,2749,2803,31590,0.009726224783861648
2022-11-08,2830,2924,2830,2911,34047,0.038530146271851695
2022-11-09,2952,2965,2911,2952,37304,0.014084507042253502
2022-11-10,2911,2951,2830,2925,21578,-0.009146341463414642
2022-11-11,3059,3059,2951,2965,56900,0.013675213675213627
2022-11-14,2978,3059,2978,2992,49695,0.009106239460370924
2022-11-15,2991,3072,2978,3059,62650,0.022393048128342308
2022-11-16,3072,3086,3005,3046,41356,-0.004249754821837204
2022-11-17,3045,3746,3018,3423,1485638,0.12376887721602103
2022-11-18,3463,3504,3275,3491,280934,0.0198656149576395
2022-11-21,3491,3828,3289,3289,1084641,-0.05786307648238331
2022-11-22,3288,3315,3181,3181,84183,-0.0328367284889024
2022-11-23,3193,3234,3099,3140,70106,-0.01288902860735619
2022-11-24,3099,3234,3099,3167,53000,0.008598726114649624
2022-11-25,3180,3221,3126,3208,25201,0.01294600568361215
2022-11-28,3194,3194,2978,2992,75610,-0.06733167082294267
2022-11-29,2964,3045,2910,3032,39821,0.013368983957219305
2022-11-30,3072,3166,3032,3140,48240,0.03562005277044844
2022-12-01,3167,3194,3099,3154,32772,0.00445859872611476
2022-12-02,3153,3167,3086,3127,21521,-0.008560558021559972
2022-12-05,3126,3139,3086,3113,13518,-0.004477134633834368
2022-12-06,3032,3100,3006,3006,22694,-0.03437198843559264
2022-12-07,2992,3019,2938,3006,26809,0.0
2022-12-08,3005,3127,2979,2979,36221,-0.008982035928143728
2022-12-09,3019,3059,2911,3006,32760,0.009063444108761365
2022-12-12,3019,3180,3005,3127,76069,0.04025282767797744
2022-12-13,3086,3261,3086,3235,107309,0.03453789574672217
2022-12-14,3248,3328,3207,3275,85137,0.012364760432766575
2022-12-15,3248,3369,3234,3302,85671,0.008244274809160235
2022-12-16,3288,3329,3180,3235,57730,-0.02029073288915806
2022-12-19,3247,3288,3167,3194,33870,-0.012673879443585778
2022-12-20,3193,3193,3045,3113,34880,-0.025360050093926056
2022-12-21,3113,3140,2965,2965,37997,-0.04754256344362351
2022-12-22,3032,3032,2857,2965,48333,0.0
2022-12-23,2965,2965,2803,2844,38270,-0.04080944350758853
2022-12-26,2816,2870,2803,2830,31065,-0.004922644163150469
2022-12-27,2803,2883,2803,2830,25294,0.0
2022-12-28,2830,2830,2749,2763,23968,-0.023674911660777398
2022-12-29,2762,2857,2695,2736,59779,-0.009771986970684043
2023-01-02,2694,2762,2560,2574,147160,-0.05921052631578949
2023-01-03,2571,3329,2571,2898,3112417,0.12587412587412583
2023-01-04,2910,3193,2870,3086,661145,0.06487232574189106
2023-01-05,3153,3167,2897,3019,274461,-0.0217109526895658
2023-01-06,3005,3086,2911,2992,106835,-0.008943358728055628
2023-01-09,2992,3059,2965,3006,79636,0.004679144385026701
2023-01-10,2992,3045,2965,3019,43648,0.0043246839654025315
2023-01-11,2964,3072,2964,3059,71726,0.01324942033786014
2023-01-12,3046,3059,2978,3046,60028,-0.004249754821837204
2023-01-13,3019,3072,3005,3046,65208,0.0
2023-01-16,3086,3099,3032,3073,46374,0.008864084044648779
2023-01-17,3019,3059,2938,2979,58960,-0.03058900097624473
2023-01-18,2937,2964,2884,2884,44293,-0.031889895938234325
2023-01-19,2884,2951,2870,2925,28543,0.014216366158113836
2023-01-20,2911,2951,2870,2925,27703,0.0
2023-01-25,2903,2959,2857,2871,62308,-0.018461538461538418
2023-01-26,2870,2918,2851,2873,26635,0.0006966213862764636
2023-01-27,2849,2914,2827,2852,71102,-0.00730943264879913
2023-01-30,2868,2870,2827,2833,40711,-0.0066619915848527
2023-01-31,2822,2854,2765,2825,51066,-0.002823861630780078
2023-02-01,2843,2859,2789,2806,70769,-0.006725663716814156
2023-02-02,2805,2980,2805,2946,100701,0.04989308624376343
2023-02-03,2938,3126,2930,3116,174701,0.05770536320434494
2023-02-06,3115,3115,2992,2992,87518,-0.03979460847240046
2023-02-07,2997,3169,2991,3148,159317,0.05213903743315518
2023-02-08,3849,4092,3693,4092,1866965,0.29987293519695046
2023-02-09,4622,4846,4153,4162,5704080,0.017106549364613866
2023-02-10,4181,4216,3800,3963,703371,-0.04781355117731856
2023-02-13,3946,4029,3797,3809,399605,-0.03885944991168311
2023-02-14,3824,3881,3620,3647,345947,-0.0425308479915989
2023-02-15,3595,3638,3433,3477,246497,-0.04661365505895254
2023-02-16,3449,3557,3447,3493,279839,0.004601668104687873
2023-02-17,3472,3698,3391,3448,289296,-0.012882908674491822
2023-02-20,3442,3639,3116,3356,379110,-0.026682134570765625
2023-02-21,3496,3997,3399,3747,2585469,0.1165077473182361
2023-02-22,3651,3654,3396,3423,442627,-0.08646917534027221
2023-02-23,3388,3436,3342,3388,128611,-0.010224948875255602
2023-02-24,3388,3453,3345,3351,106214,-0.010920897284533604
2023-02-27,3350,3364,3153,3235,120914,-0.03461653237839446
2023-02-28,3234,3277,3202,3202,92674,-0.010200927357032485
2023-03-02,3223,3349,3223,3307,68502,0.032792004996876845
2023-03-03,3307,3348,3296,3305,43564,-0.000604777744178997
2023-03-06,3304,3307,3234,3307,69203,0.000605143721633894
2023-03-07,3611,3692,3256,3256,898052,-0.015421832476564812
2023-03-08,3282,3282,3113,3175,178169,-0.02487714987714984
2023-03-09,3186,3337,3100,3127,109214,-0.01511811023622045
2023-03-10,3126,3377,3048,3073,823878,-0.017268947873361085
2023-03-13,2992,3072,2919,2984,128521,-0.028961926456231746
2023-03-14,2970,3062,2844,2844,92560,-0.046916890080428986
2023-03-15,2900,2951,2841,2841,78106,-0.0010548523206751481
2023-03-16,2781,2873,2781,2833,79645,-0.002815909890883539
2023-03-17,2881,2938,2830,2887,74938,0.019061066007765692
2023-03-20,2886,2913,2843,2876,48108,-0.0038101835815725904
2023-03-21,2864,2880,2795,2795,178732,-0.028164116828929053
2023-03-22,2830,2868,2771,2771,86666,-0.008586762075134202
2023-03-23,2771,2798,2719,2739,160820,-0.0115481775532299
2023-03-24,2754,2771,2722,2736,112021,-0.0010952902519167917
2023-03-27,2738,2975,2738,2973,321118,0.08662280701754388
2023-03-28,2965,2989,2897,2952,185970,-0.007063572149344055
2023-03-29,3019,3116,2905,2922,368050,-0.010162601626016232
2023-03-30,2889,2921,2867,2900,95950,-0.007529089664613298
2023-03-31,2887,2941,2727,2871,118050,-0.010000000000000009
2023-04-03,2851,2867,2816,2838,67851,-0.011494252873563204
2023-04-04,2816,2961,2816,2946,152916,0.038054968287526414
2023-04-05,2951,3032,2924,2992,104180,0.015614392396469778
2023-04-06,2959,2991,2889,2927,48228,-0.021724598930481287
2023-04-07,2940,2957,2884,2914,62416,-0.004441407584557577
2023-04-10,2884,3027,2873,2952,157739,0.013040494166094652
2023-04-11,3108,3399,3073,3189,4518243,0.08028455284552849
2023-04-12,3183,3720,3107,3429,3557120,0.07525870178739424
2023-04-13,3418,3418,3086,3127,1061107,-0.08807232429279677
2023-04-14,3137,3191,3097,3119,335464,-0.002558362647905321
2023-04-17,3161,3161,3075,3094,175547,-0.008015389547932017
2023-04-18,3094,3337,3083,3267,937477,0.05591467356173241
2023-04-19,3267,3297,3151,3297,272715,0.009182736455463747
2023-04-20,3286,3286,3115,3181,242018,-0.03518350015165306
2023-04-21,3166,3166,3045,3097,189027,-0.026406790317510254
2023-04-24,3083,3083,2989,3003,158762,-0.030351953503390372
2023-04-25,2975,2997,2830,2895,140306,-0.03596403596403597
2023-04-26,2865,2949,2827,2879,86034,-0.005526770293609706
2023-04-27,2884,2932,2819,2884,87308,0.001736714136853168
2023-04-28,2992,2992,2849,2860,99339,-0.00832177531206657
2023-05-02,2886,2926,2856,2908,57380,0.016783216783216703
2023-05-03,2905,2918,2889,2908,37184,0.0
2023-05-04,2903,2975,2857,2957,55880,0.016850068775790872
2023-05-08,2935,2967,2914,2941,39224,-0.005410889414947606
2023-05-09,2921,2957,2892,2957,100092,0.005440326419585251
2023-05-10,2956,3034,2929,2954,74717,-0.00101454176530269
2023-05-11,2964,2964,2916,2938,35270,-0.005416384563303955
2023-05-12,2925,2925,2860,2882,49074,-0.019060585432266852
2023-05-15,2857,2884,2803,2844,47151,-0.013185287994448291
2023-05-16,2808,2849,2808,2828,46737,-0.005625879043600568
2023-05-17,2805,2867,2800,2849,37736,0.007425742574257432
2023-05-18,2876,2913,2849,2876,31950,0.00947700947700958
2023-05-19,2900,2900,2857,2868,41113,-0.0027816411682892728
2023-05-22,2867,2948,2867,2935,61657,0.02336122733612278
2023-05-23,2935,2992,2911,2960,95431,0.008517887563884052
2023-05-24,2960,2960,2916,2944,41038,-0.00540540540540535
2023-05-25,2943,2957,2913,2922,48753,-0.007472826086956541
2023-05-26,2921,2967,2910,2935,42373,0.004449007529089721
2023-05-30,2946,2952,2922,2944,47592,0.003066439522998232
2023-05-31,2954,3220,2932,3070,327881,0.04279891304347827
2023-06-01,3070,3186,3064,3178,154905,0.03517915309446251
2023-06-02,3153,3450,3153,3192,587948,0.004405286343612369
2023-06-05,3234,3234,3102,3151,119571,-0.012844611528822103
2023-06-07,3126,3183,3124,3178,67641,0.008568708346556653
2023-06-08,3156,3232,3134,3173,60955,-0.001573316551290116
2023-06-09,3159,3288,3153,3262,110095,0.02804916482823816
2023-06-12,3272,3272,3226,3248,82935,-0.0042918454935622075
2023-06-13,3267,3275,3199,3224,59134,-0.007389162561576401
2023-06-14,3233,3233,3115,3175,65067,-0.015198511166253148
2023-06-15,3167,3188,3113,3162,46971,-0.004094488188976397
2023-06-16,3172,3218,3161,3213,67602,0.016129032258064502
2023-06-19,3212,3234,3169,3186,35249,-0.008403361344537785
2023-06-20,3186,3237,3156,3165,34446,-0.006591337099811634
2023-06-21,3163,3271,3142,3156,56015,-0.0028436018957346265
2023-06-22,3123,3147,2991,3132,54215,-0.0076045627376425395
2023-06-23,3099,3148,3086,3116,25837,-0.005108556832694733
2023-06-26,3099,3170,3088,3154,26863,0.012195121951219523
2023-06-27,3169,3223,3139,3183,66318,0.009194673430564348
2023-06-28,3183,3217,3153,3194,83781,0.00345585925227776
2023-06-29,3191,3212,3134,3151,35045,-0.013462742642454617
2023-06-30,3147,3174,3069,3121,23452,-0.009520787051729651
2023-07-03,3105,3159,3105,3124,35306,0.000961230374879829
2023-07-04,3163,3163,3107,3140,23200,0.005121638924455718
2023-07-05,3156,3156,3091,3100,39755,-0.01273885350318471
2023-07-06,3091,3091,2964,2989,69299,-0.03580645161290319
2023-07-07,2968,2978,2886,2898,63369,-0.030444964871194413
2023-07-10,2889,2965,2857,2906,43054,0.002760524499654915
2023-07-11,2923,2948,2870,2908,35240,0.0006882312456986117
2023-07-12,2908,2924,2851,2860,63750,-0.016506189821182904
2023-07-13,2870,2943,2857,2887,71858,0.009440559440559548
2023-07-14,2886,2897,2851,2892,43960,0.001731901627987531
2023-07-17,2898,2898,2854,2863,47193,-0.010027662517289038
2023-07-18,2865,2868,2800,2833,96061,-0.010478519035976297
2023-07-19,2809,2854,2770,2809,111847,-0.008471584892340234
2023-07-20,2853,2853,2778,2803,36998,-0.0021359914560341586
2023-07-21,2633,2829,2633,2760,175625,-0.015340706386015035
2023-07-24,2760,2760,2671,2693,107018,-0.024275362318840532
2023-07-25,2681,2694,2641,2679,112087,-0.00519866320089124
2023-07-26,2678,2678,2344,2431,385270,-0.09257185516983946
2023-07-27,2485,2553,2393,2456,75517,0.010283833813245602
2023-07-28,2455,2515,2452,2464,41014,0.0032573289902280145
2023-07-31,2479,2522,2318,2461,54065,-0.0012175324675324228
2023-08-01,2460,2487,2398,2434,205752,-0.01097114993904913
2023-08-02,2441,2446,2393,2396,83256,-0.01561216105176666
2023-08-03,2396,2488,2364,2480,117225,0.03505843071786319
2023-08-04,2504,2617,2452,2488,138968,0.003225806451612856
2023-08-07,2488,2488,2320,2456,52565,-0.012861736334405127
2023-08-08,2431,2452,2412,2442,52079,-0.005700325732899025
2023-08-09,2442,2504,2415,2504,54908,0.025389025389025432
2023-08-10,2504,2504,2466,2480,29019,-0.009584664536741228
2023-08-11,2471,2560,2468,2523,48144,0.01733870967741935
2023-08-14,2523,2568,2506,2523,53837,0.0
2023-08-16,2523,2523,2445,2445,38105,-0.030915576694411362
2023-08-17,2445,2493,2404,2410,60757,-0.014314928425357865
2023-08-18,2409,2420,2358,2380,73184,-0.012448132780082943
2023-08-21,2399,2436,2369,2399,24094,0.007983193277310896
2023-08-22,2372,2453,2363,2367,43894,-0.01333889120466858
2023-08-23,2366,2372,2347,2372,63196,0.0021123785382339832
2023-08-24,2395,2395,2342,2369,80712,-0.001264755480607116
2023-08-25,2359,2412,2347,2359,32292,-0.004221190375685913
2023-08-28,2479,2479,2358,2399,34074,0.0169563374311148
2023-08-29,2401,2407,2360,2399,46467,0.0
2023-08-30,2387,2444,2387,2431,58465,0.01333889120466858
2023-08-31,2431,2442,2399,2399,30894,-0.013163307280954384
2023-09-01,2398,2474,2396,2410,37400,0.004585243851604748
2023-09-04,2409,2423,2380,2407,26446,-0.0012448132780082943
2023-09-05,2401,2426,2377,2410,37907,0.0012463647694225255
2023-09-06,2382,2471,2382,2450,58660,0.016597510373443924
2023-09-07,2439,2455,2399,2426,32757,-0.009795918367346945
2023-09-08,2396,2426,2385,2410,37649,-0.0065952184666117075
2023-09-11,2396,2412,2380,2386,33858,-0.009958506224066355
2023-09-12,2379,2406,2371,2388,44023,0.0008382229673093988
2023-09-13,2388,2388,2347,2364,42910,-0.01005025125628145
2023-09-14,2380,2380,2336,2348,54257,-0.006768189509306244
2023-09-15,2347,2360,2334,2334,81732,-0.005962521294718859
2023-09-18,2345,2358,2318,2340,49017,0.0025706940874035134
2023-09-19,2320,2336,2269,2272,93046,-0.029059829059829068
2023-09-20,2274,2293,2237,2237,63615,-0.015404929577464754
2023-09-21,2237,2299,2177,2194,74168,-0.019222172552525674
2023-09-22,2194,2194,2178,2178,30093,-0.007292616226071136
2023-09-25,2161,2194,2161,2181,16173,0.0013774104683195176
2023-09-26,2178,2191,2148,2162,31743,-0.008711600183402113
2023-09-27,2136,2161,2118,2129,55094,-0.015263644773357954
2023-10-04,2185,2185,2056,2059,44110,-0.032879286049788625
2023-10-05,2058,2066,2005,2024,42877,-0.016998542982030074
2023-10-06,2042,2042,2005,2024,18959,0.0
2023-10-10,2059,2064,1973,1973,59809,-0.025197628458498045
2023-10-11,1973,2027,1973,2019,76279,0.02331474911302589
2023-10-12,1994,2102,1994,2081,45154,0.03070827142149568
2023-10-13,2096,2096,2059,2086,32733,0.0024026910139356428
2023-10-16,2100,2100,2014,2014,56498,-0.034515819750719046
2023-10-17,2008,2040,2008,2022,25030,0.003972194637537285
2023-10-18,2022,2048,2005,2022,27139,0.0
2023-10-19,2035,2035,1941,1941,53324,-0.0400593471810089
2023-10-20,1993,1993,1781,1827,98433,-0.0587326120556414
2023-10-23,1826,1858,1780,1781,46752,-0.02517788724685277
2023-10-24,1791,1853,1748,1835,89621,0.030320044918584976
2023-10-25,1835,1983,1835,1957,61393,0.0664850136239783
2023-10-26,1956,1956,1881,1881,35318,-0.03883495145631066
2023-10-27,1819,1878,1819,1873,27343,-0.004253056884635842
2023-10-30,1886,1927,1862,1903,19307,0.01601708489054987
2023-10-31,1902,1907,1819,1857,44473,-0.024172359432475088
2023-11-01,1858,1885,1840,1851,12201,-0.003231017770597755
2023-11-02,1859,1903,1849,1903,24403,0.0280929227444624
2023-11-03,1910,1939,1883,1916,50250,0.006831318970047295
2023-11-06,1916,2053,1905,2027,122369,0.0579331941544885
2023-11-07,2027,2102,2008,2027,53195,0.0
2023-11-08,2032,2634,2024,2634,4279838,0.2994573260976814
2023-11-09,2632,2837,2382,2466,1791639,-0.0637813211845103
2023-11-10,2466,3046,2380,2836,3968732,0.15004055150040552
2023-11-13,2836,2938,2669,2669,486431,-0.05888575458392098
2023-11-14,2657,3337,2633,3049,6631396,0.1423754215061821
2023-11-15,3021,3197,2975,3092,1670736,0.014102984585109946
2023-11-16,3166,3183,3126,3183,275865,0.029430789133247037
2023-11-17,3213,3288,3194,3235,301774,0.016336789192585632
2023-11-20,3234,3234,2994,3008,224151,-0.07017001545595059
2023-11-21,3015,3072,2932,2935,313886,-0.024268617021276584
2023-11-22,2978,3181,2784,3181,595258,0.08381601362862012
2023-11-23,2978,3042,2848,2911,304093,-0.0848789688777114
2023-11-24,2891,2891,2611,2679,1030554,-0.07969769838543461
2023-11-27,2719,2794,2651,2784,322455,0.03919372900335949
2023-11-28,2749,2814,2695,2801,145738,0.006106321839080442
2023-11-29,2768,2795,2671,2685,105104,-0.04141378079257407
2023-11-30,2684,2746,2668,2728,80386,0.016014897579143428
2023-12-01,2684,2781,2684,2725,75598,-0.0010997067448680342
2023-12-04,2725,2822,2714,2766,150132,0.015045871559633106
2023-12-05,2765,2814,2738,2774,118011,0.002892263195950928
2023-12-06,2805,2807,2697,2749,66696,-0.009012256669069907
2023-12-07,2749,2775,2695,2768,50235,0.00691160421971615
2023-12-08,2789,2791,2713,2784,90875,0.005780346820809301
2023-12-11,2784,2830,2709,2736,49380,-0.017241379310344862
2023-12-12,2709,2746,2641,2728,57359,-0.0029239766081871066
2023-12-13,2716,2743,2695,2725,28153,-0.0010997067448680342
2023-12-14,2727,2732,2670,2679,67524,-0.01688073394495415
2023-12-15,2668,2698,2655,2674,64602,-0.0018663680477790656
2023-12-18,2668,2695,2630,2674,56189,0.0
2023-12-19,2641,2673,2641,2647,37214,-0.010097232610321583
2023-12-20,2620,2625,2140,2205,1048869,-0.1669814884775217
2023-12-21,2226,2245,2186,2240,124160,0.015873015873015817
2023-12-22,2223,2280,2191,2248,75676,0.0035714285714285587
2023-12-26,2247,2258,2207,2237,54578,-0.0048932384341636714
2023-12-27,2228,2385,2226,2291,155753,0.024139472507823
2023-12-28,2290,2353,2210,2353,70523,0.027062418158009693
2024-01-02,2353,2423,2345,2372,57479,0.008074798130046856
2024-01-03,2372,2412,2353,2394,46350,0.009274873524451888
2024-01-04,2392,2392,2309,2315,61336,-0.03299916457811192
2024-01-05,2363,2363,2277,2318,28681,0.001295896328293633
2024-01-08,2291,2342,2291,2302,37358,-0.00690250215703192
2024-01-09,2280,2369,2280,2313,35612,0.0047784535186794486
2024-01-10,2315,2337,2291,2313,24061,0.0
2024-01-11,2296,2503,2296,2388,250213,0.03242542153048
2024-01-12,2388,2396,2237,2240,124715,-0.061976549413735316
2024-01-15,2242,2695,2159,2345,1401899,0.046875
2024-01-16,2350,2393,2237,2256,129019,-0.03795309168443495
2024-01-17,2255,2293,2228,2253,73262,-0.0013297872340425343
2024-01-18,2234,2277,2234,2264,54563,0.004882379050155317
2024-01-19,2264,2315,2205,2235,87527,-0.012809187279151923
2024-01-22,2233,2239,2161,2183,97738,-0.023266219239373553
2024-01-23,2183,2245,2156,2197,42370,0.006413192853870875
2024-01-24,2196,2196,2151,2170,55370,-0.01228948566226673
2024-01-25,2169,2185,2083,2105,87953,-0.02995391705069128
2024-01-26,2148,2237,2094,2127,107012,0.010451306413301609
2024-01-29,2113,2161,2045,2100,86681,-0.012693935119887145
2024-01-30,2099,2140,2021,2035,141326,-0.030952380952380953
2024-01-31,2067,2086,2016,2046,35720,0.00540540540540535
2024-02-01,2034,2045,1902,2043,38204,-0.0014662756598240456
2024-02-02,2045,2089,2021,2057,21851,0.006852667645619093
2024-02-05,2039,2053,2010,2016,36452,-0.019931939718035974
2024-02-06,2008,2011,1954,1976,69563,-0.019841269841269882
2024-02-07,1962,1995,1959,1987,34829,0.005566801619433237
2024-02-08,2002,2032,1967,2032,23002,0.022647206844489176
2024-02-13,2032,2069,2021,2051,33420,0.009350393700787496
2024-02-14,2048,2081,2019,2076,32397,0.012189176011701663
2024-02-15,2086,2108,2037,2100,75361,0.011560693641618602
2024-02-16,2099,2112,2072,2086,52694,-0.00666666666666671
2024-02-19,2085,2101,1994,2024,165760,-0.029721955896452545
2024-02-20,2024,2048,2013,2022,39320,-0.0009881422924901129
2024-02-21,2022,2057,1989,2014,54593,-0.003956478733926794
2024-02-22,2024,2048,1976,1976,118680,-0.018867924528301883
2024-02-23,2013,2013,1940,1973,128989,-0.0015182186234817818
2024-02-26,1972,1975,1937,1962,123914,-0.005575266092245346
2024-02-27,1962,2358,1951,2008,1422136,0.023445463812436396
2024-02-28,2008,2054,1946,1984,125963,-0.01195219123505975
2024-02-29,1984,2046,1943,1949,89546,-0.017641129032258118
2024-03-04,1977,1977,1862,1889,215275,-0.030785017957927097
2024-03-05,1881,1889,1846,1868,159614,-0.011116993118051921
2024-03-06,1864,1867,1684,1738,325311,-0.06959314775160597
2024-03-07,1759,1971,1729,1824,336712,0.04948216340621414
2024-03-08,1815,1874,1751,1789,104795,-0.01918859649122806
2024-03-11,1789,1835,1778,1830,65709,0.022917831190609306
2024-03-12,1830,1878,1811,1833,79483,0.0016393442622950616
2024-03-13,1911,2145,1881,1922,1403557,0.048554282596835696
2024-03-14,1913,2075,1873,2022,297590,0.05202913631633721
2024-03-15,1997,2096,1980,1997,605903,-0.01236399604352123
2024-03-18,1986,2105,1951,1984,127687,-0.006509764646970506
2024-03-19,1983,2015,1940,1997,63792,0.0065524193548387455
2024-03-20,2031,2082,2013,2040,221667,0.021532298447671572
2024-03-21,2045,2159,2029,2127,249823,0.04264705882352948
2024-03-22,2150,2263,2115,2218,527740,0.04278326281147149
2024-03-25,2217,2231,2139,2156,211145,-0.027953110910730383
2024-03-26,2159,2191,2091,2173,156311,0.0078849721706864
2024-03-27,2172,2274,2145,2229,113515,0.02577082374597328
2024-03-28,2232,2237,2129,2173,164419,-0.025123373710183916
2024-03-29,2172,2177,2129,2167,88430,-0.0027611596870685817
2024-04-01,2169,2226,2167,2208,124685,0.018920166128288063
2024-04-02,2207,2213,2105,2116,142082,-0.04166666666666663
2024-04-03,2115,2152,2023,2067,127972,-0.023156899810964138
2024-04-04,2072,2091,2048,2081,46284,0.006773101112723667
2024-04-05,1997,2075,1997,2070,43648,-0.005285920230658325
2024-04-08,2075,2091,2034,2086,53804,0.007729468599033895
2024-04-09,2086,2126,2048,2086,53213,0.0
2024-04-11,2102,2102,2043,2057,27913,-0.01390220517737295
2024-04-12,2064,2064,2008,2027,67170,-0.014584346135148252
2024-04-15,2008,2038,1940,1995,79510,-0.015786877158362134
2024-04-16,1994,1994,1881,1900,146476,-0.04761904761904767
2024-04-17,1889,1927,1860,1860,70373,-0.021052631578947323
2024-04-18,1859,1888,1848,1881,62965,0.011290322580645107
2024-04-19,1919,2399,1897,2046,4576493,0.08771929824561409
2024-04-22,2045,2161,1991,1997,604622,-0.023949169110459412
2024-04-23,1997,2040,1981,2035,186633,0.019028542814221394
2024-04-24,2026,2073,2013,2065,125687,0.014742014742014753
2024-04-25,2064,2145,2026,2062,135645,-0.0014527845036319542
2024-04-26,2067,2072,2018,2035,106343,-0.013094083414160962
2024-04-29,2016,2159,2016,2111,138119,0.03734643734643739
2024-04-30,2110,2124,2083,2089,88193,-0.010421601136901937
2024-05-02,2096,2175,2083,2135,134106,0.022020105313547145
2024-05-03,2134,2183,2132,2154,116106,0.008899297423887509
2024-05-07,2134,2156,2107,2156,165907,0.0009285051067779992
2024-05-08,2169,2175,2140,2159,80526,0.0013914656771800704
2024-05-09,2156,2218,2145,2194,182113,0.01621120889300598
2024-05-10,2193,2223,2175,2197,84525,0.0013673655423882547
2024-05-13,2194,2237,2161,2221,163585,0.010923987255348155
2024-05-14,2220,2255,2207,2245,108347,0.010805943268797913
2024-05-16,2245,2358,2242,2348,257787,0.04587973273942092
2024-05-17,2371,2396,2245,2345,323157,-0.0012776831345826523
2024-05-20,2344,2349,2218,2237,223776,-0.046055437100213203
2024-05-21,2245,2261,2188,2197,98349,-0.017881090746535544
2024-05-22,2213,2215,2142,2162,104417,-0.015930814747382782
2024-05-23,2156,2156,2070,2070,167487,-0.04255319148936165
2024-05-24,2070,2086,1984,1984,228284,-0.04154589371980677
2024-05-27,1984,2003,1935,1968,95626,-0.008064516129032251
2024-05-28,1967,1985,1961,1970,71180,0.00101626016260159
2024-05-29,1970,2126,1956,2043,120794,0.037055837563451766
2024-05-30,2045,2067,2021,2054,84366,0.00538423886441497
2024-05-31,2048,2148,2040,2127,88319,0.035540408958130376
2024-06-03,2089,2153,2056,2073,119397,-0.02538787023977429
2024-06-04,2053,2479,2053,2288,2108981,0.1037144235407621
2024-06-05,2288,2507,2237,2286,1081359,-0.0008741258741258306
2024-06-07,2317,2325,2253,2253,152517,-0.014435695538057791
2024-06-10,2253,2390,2239,2388,305391,0.059920106524633754
2024-06-11,2385,2388,2277,2294,154320,-0.03936348408710222
2024-06-12,2291,2305,2256,2262,96019,-0.013949433304272008
2024-06-13,2253,2272,2191,2208,83145,-0.023872679045092826
2024-06-14,2191,2207,2167,2197,65391,-0.004981884057971064
2024-06-17,2185,2196,2115,2129,123860,-0.03095129722348655
2024-06-18,2129,2181,2102,2146,107717,0.007984969469234438
2024-06-19,2155,2155,2093,2102,84411,-0.020503261882572232
2024-06-20,2069,2136,2069,2121,34502,0.009039010466222575
2024-06-21,2142,2152,2094,2094,41671,-0.012729844413012725
2024-06-24,2094,2121,2070,2089,56453,-0.0023877745940783512
2024-06-25,2102,2102,2048,2073,80928,-0.0076591670655816735
2024-06-26,2072,2123,2018,2035,81387,-0.018330921369995146
2024-06-27,2029,2066,1997,1997,71054,-0.018673218673218694
2024-06-28,1938,2048,1892,1960,185340,-0.01852779168753127
2024-07-01,1953,1980,1940,1962,36905,0.0010204081632652073
2024-07-02,1962,2048,1954,2022,108512,0.030581039755351647
2024-07-03,2048,2048,1925,1925,115251,-0.047972304648862485
2024-07-04,1924,2078,1924,1992,120270,0.03480519480519484
2024-07-05,2018,2018,1913,1954,42949,-0.01907630522088355
2024-07-08,1954,1994,1937,1976,41104,0.011258955987717423
2024-07-09,1953,1996,1937,1943,38840,-0.0167004048582996
2024-07-10,1940,1978,1927,1965,33501,0.011322696860524895
2024-07-11,1964,1984,1951,1968,20615,0.0015267175572519776
2024-07-12,1968,1981,1940,1952,33039,-0.008130081300813052
2024-07-15,1941,1981,1927,1941,48378,-0.00563524590163933
2024-07-16,1953,1966,1913,1913,83508,-0.014425553838227745
2024-07-17,1926,1926,1908,1919,57976,0.003136434918975528
2024-07-18,1918,1945,1867,1892,105629,-0.014069828035435106
2024-07-19,1891,1929,1880,1897,37838,0.0026427061310783095
2024-07-22,1897,1926,1888,1897,36806,0.0
2024-07-23,1936,1936,1872,1886,30018,-0.00579862941486553
2024-07-24,1904,1904,1872,1886,36428,0.0
2024-07-25,1886,1886,1811,1833,90353,-0.028101802757158012
2024-07-26,1832,1883,1816,1838,38894,0.0027277686852154037
2024-07-29,1843,1853,1832,1846,27886,0.0043525571273121955
2024-07-30,1846,2066,1837,1908,375237,0.03358613217768158
2024-07-31,1907,1931,1891,1913,98811,0.002620545073375169
2024-08-01,1900,1989,1900,1965,136473,0.02718243596445369
2024-08-02,1965,1984,1919,1933,60145,-0.016284987277353724
2024-08-05,1915,1926,1695,1838,149730,-0.04914640455250907
2024-08-06,1791,1939,1762,1835,96241,-0.0016322089227420733
2024-08-07,1840,1880,1819,1838,93073,0.0016348773841960984
2024-08-08,1819,1883,1808,1830,44485,-0.0043525571273123065
2024-08-09,1792,1886,1792,1798,53645,-0.01748633879781425
2024-08-12,1827,1927,1827,1884,94129,0.04783092324805338
2024-08-13,1929,1929,1870,1884,27631,0.0
2024-08-14,1886,1927,1878,1911,54551,0.014331210191082855
2024-08-16,1907,1929,1899,1916,45463,0.0026164311878598134
2024-08-19,1940,1940,1902,1908,45763,-0.0041753653444676075
2024-08-20,1909,1926,1872,1886,47115,-0.011530398322851187
2024-08-21,1886,1908,1862,1876,78715,-0.005302226935312793
2024-08-22,1893,1893,1829,1835,67551,-0.021855010660980834
2024-08-23,1835,1856,1819,1846,28878,0.0059945504087193235
2024-08-26,1845,1858,1797,1843,57502,-0.0016251354279522845
2024-08-27,1843,1843,1813,1838,18284,-0.0027129679869777323
2024-08-28,1830,1830,1781,1806,64266,-0.017410228509249226
2024-08-29,1805,1902,1797,1854,125954,0.02657807308970095
2024-08-30,1848,1883,1835,1846,27709,-0.004314994606256728
2024-09-02,1848,1864,1811,1811,37328,-0.018959913326110467
2024-09-03,1823,1829,1783,1789,52967,-0.012147984538928736
2024-09-04,1778,1778,1687,1698,157199,-0.050866405813303484
2024-09-05,1703,1730,1660,1682,94225,-0.009422850412249661
2024-09-06,1681,1687,1619,1655,67278,-0.016052318668252075
2024-09-09,1578,1697,1578,1657,51174,0.0012084592145014117
2024-09-10,1657,1660,1585,1585,83406,-0.043452021726010814
2024-09-11,1602,1610,1530,1576,59092,-0.005678233438485836
2024-09-12,1606,1627,1576,1617,34733,0.02601522842639592
2024-09-13,1621,1627,1595,1614,45238,-0.0018552875695733162
2024-09-19,1614,1625,1566,1566,53237,-0.029739776951672847
2024-09-20,1584,1611,1563,1601,58573,0.022349936143039484
2024-09-23,1624,1624,1568,1568,64383,-0.0206121174266084
2024-09-24,1567,1594,1559,1576,32553,0.005102040816326481
2024-09-25,1576,1589,1571,1582,48681,0.0038071065989848663
2024-09-26,1594,1608,1581,1587,56222,0.003160556257901348
2024-09-27,1608,1611,1579,1606,29748,0.011972274732199084
2024-09-30,1605,1629,1586,1595,20975,-0.006849315068493178
2024-10-02,1603,1622,1555,1566,54215,-0.018181818181818188
2024-10-04,1570,1575,1522,1560,30546,-0.003831417624521105
2024-10-07,1565,1568,1517,1520,69563,-0.02564102564102566
2024-10-08,1525,1595,1517,1563,77338,0.02828947368421053
2024-10-10,1563,1590,1544,1566,30513,0.0019193857965451588
2024-10-11,1549,1576,1549,1558,36512,-0.005108556832694733
2024-10-14,1562,1680,1562,1603,102012,0.028883183568677806
2024-10-15,1620,1841,1552,1585,792216,-0.011228945726762363
2024-10-16,1584,2058,1576,1692,9456950,0.06750788643533112
2024-10-17,1657,1697,1573,1617,945102,-0.04432624113475181
2024-10-18,1620,1633,1579,1585,164512,-0.019789734075448373
2024-10-21,1563,1590,1533,1550,339519,-0.02208201892744477
2024-10-22,1535,1548,1514,1533,156551,-0.010967741935483888
2024-10-23,1511,1546,1433,1501,158732,-0.020874103065883887
2024-10-24,1492,1500,1463,1482,104336,-0.012658227848101222
2024-10-25,1482,1551,1406,1536,125528,0.036437246963562764
2024-10-28,1536,1646,1525,1582,320257,0.02994791666666674
2024-10-29,1581,1632,1552,1571,138776,-0.006953223767383054
2024-10-30,1570,1594,1535,1544,107216,-0.017186505410566544
2024-10-31,1533,1753,1527,1641,1662361,0.06282383419689119
2024-11-01,1644,1673,1593,1655,227552,0.008531383302864182
2024-11-04,1664,1694,1630,1657,131056,0.0012084592145014117
2024-11-05,1641,1663,1609,1628,81261,-0.017501508750754402
2024-11-06,1627,1643,1563,1582,109037,-0.02825552825552824
2024-11-07,1602,1602,1549,1568,126332,-0.008849557522123908
2024-11-08,1567,1667,1541,1560,205998,-0.005102040816326481
2024-11-11,1560,1581,1538,1563,63672,0.0019230769230769162
2024-11-12,1562,1567,1471,1471,160976,-0.058861164427383206
2024-11-13,1454,1532,1454,1471,110050,0.0
2024-11-14,1492,1500,1462,1479,46476,0.005438477226376692
2024-11-15,1449,1495,1449,1463,79663,-0.010818120351588911
2024-11-18,1468,1514,1409,1501,71204,0.025974025974025983
2024-11-19,1500,1584,1500,1579,104012,0.051965356429047205
2024-11-20,1560,1589,1554,1560,95818,-0.012032932235592098
2024-11-21,1552,1602,1552,1552,66174,-0.00512820512820511
2024-11-22,1555,1608,1482,1485,243926,-0.04317010309278346
2024-11-25,1495,1554,1401,1509,62542,0.016161616161616266
2024-11-26,1538,1692,1501,1574,741441,0.04307488402915838
2024-11-27,1570,1578,1538,1555,96670,-0.012071156289707785
2024-11-28,1538,1565,1536,1555,23149,0.0
2024-11-29,1555,1568,1522,1531,51342,-0.015434083601286175
2024-12-02,1512,1541,1461,1488,117828,-0.028086218158066667
2024-12-03,1487,1519,1487,1498,57488,0.006720430107526987
2024-12-04,1427,1508,1427,1479,86034,-0.012683578104138893
2024-12-05,1487,1557,1452,1477,114940,-0.0013522650439485862
2024-12-06,1477,1622,1450,1612,514806,0.09140148950575488
2024-12-09,1496,1644,1496,1612,412614,0.0
2024-12-10,0,0,0,1612,0,0.0
2024-12-11,0,0,0,1612,0,0.0
2024-12-12,0,0,0,1612,0,0.0
2024-12-13,0,0,0,1612,0,0.0
2024-12-16,0,0,0,1612,0,0.0
2024-12-17,0,0,0,1612,0,0.0
2024-12-18,0,0,0,1612,0,0.0
2024-12-19,0,0,0,1612,0,0.0
2024-12-20,0,0,0,1612,0,0.0
2024-12-23,0,0,0,1612,0,0.0
2024-12-24,0,0,0,1612,0,0.0
2024-12-26,0,0,0,1612,0,0.0
2024-12-27,0,0,0,1612,0,0.0
2024-12-30,1616,1746,1458,1582,377697,-0.018610421836228297
2025-01-02,1581,1584,1465,1474,135009,-0.06826801517067005
2025-01-03,1452,1485,1452,1461,143824,-0.008819538670284954
2025-01-06,1459,1481,1446,1452,85059,-0.006160164271047264
2025-01-07,1454,1508,1454,1463,54857,0.007575757575757569
2025-01-08,1463,1479,1395,1474,72092,0.007518796992481258
2025-01-09,1473,1473,1398,1412,130060,-0.042062415196743586
2025-01-10,1419,1425,1395,1404,41956,-0.005665722379603388
2025-01-13,1406,1406,1339,1345,220146,-0.04202279202279202
2025-01-14,1330,1344,1291,1300,135324,-0.03345724907063197
2025-01-15,1318,1318,1283,1288,58441,-0.009230769230769265
2025-01-16,1293,1301,1276,1287,75490,-0.0007763975155279379
2025-01-17,1284,1284,1253,1268,131950,-0.014763014763014781
2025-01-20,1266,1316,1259,1293,169902,0.01971608832807581
2025-01-21,1279,1296,1252,1277,70184,-0.012374323279195631
2025-01-22,1266,1277,1261,1268,64698,-0.007047768206734584
2025-01-23,1266,1281,1241,1241,76963,-0.021293375394321745
2025-01-24,1240,1256,1228,1231,31755,-0.008058017727639033
2025-01-31,1234,1250,1228,1233,29631,0.0016246953696181787
2025-02-03,1231,1237,1131,1136,122120,-0.07866991078669916
2025-02-04,1130,1159,1130,1151,72485,0.013204225352112742
2025-02-05,1170,1171,1147,1156,39563,0.004344048653344812
2025-02-06,1171,1171,1150,1153,24847,-0.002595155709342545
2025-02-07,1166,1169,1134,1140,48303,-0.011274934952298366
2025-02-10,1131,1141,1109,1126,87062,-0.012280701754386003
2025-02-11,1125,1136,1111,1118,52925,-0.007104795737122527
2025-02-12,1130,1140,1103,1140,67245,0.019677996422182487
2025-02-13,1139,1243,1081,1117,185253,-0.02017543859649118
2025-02-14,1116,1131,1109,1114,42097,-0.0026857654431512445
2025-02-17,1095,1117,1085,1106,50298,-0.007181328545781018
2025-02-18,1097,1106,1085,1095,64827,-0.009945750452079571
2025-02-19,1107,1117,1091,1109,63834,0.012785388127853903
2025-02-20,1122,1122,1099,1099,28405,-0.00901713255184855
2025-02-21,1099,1110,1096,1101,28423,0.0018198362147405778
2025-02-24,1109,1109,1088,1098,31653,-0.0027247956403270157
2025-02-25,1105,1105,1085,1095,59182,-0.002732240437158473
2025-02-26,1085,1115,1085,1110,76687,0.013698630136986356
2025-02-27,1109,1122,1098,1107,35471,-0.002702702702702675
2025-02-28,1099,1137,1052,1089,69935,-0.016260162601625994
2025-03-04,1055,1090,1022,1045,165616,-0.04040404040404044
2025-03-05,1077,1104,1052,1063,93559,0.017224880382775032
2025-03-06,1057,1073,1031,1044,32355,-0.017873941674506066
2025-03-07,1035,1039,1015,1018,57020,-0.02490421455938696
2025-03-10,989,1021,989,1000,51986,-0.017681728880157177
2025-03-11,986,1034,986,1017,65334,0.016999999999999904
2025-03-12,1004,1023,992,1014,24826,-0.002949852507374673
2025-03-13,1005,1039,1005,1018,43546,0.0039447731755424265
2025-03-14,1010,1044,1008,1037,40711,0.01866404715127712
2025-03-17,1028,1040,1007,1017,52508,-0.01928640308582452
2025-03-18,995,1012,984,998,124880,-0.01868239921337267
2025-03-19,997,997,969,971,119547,-0.027054108216432837
2025-03-20,972,991,970,970,50259,-0.001029866117404743
2025-03-21,965,980,938,944,123455,-0.026804123711340222
2025-03-24,968,968,895,897,240903,-0.04978813559322037
2025-03-25,914,914,840,857,236106,-0.044593088071348985
2025-03-26,856,872,824,846,167460,-0.012835472578763163
2025-03-27,887,888,834,855,120573,0.010638297872340496
2025-03-28,860,860,832,854,24064,-0.0011695906432748204
2025-03-31,821,830,816,827,84729,-0.031615925058548044
2025-04-01,827,851,824,842,35510,0.018137847642079707
2025-04-02,853,853,832,847,25717,0.005938242280284944
2025-04-03,840,840,808,819,39800,-0.03305785123966942
2025-04-04,799,842,799,816,69008,-0.00366300366300365
2025-04-07,831,831,768,793,65535,-0.028186274509803932
2025-04-08,809,815,802,804,62392,0.013871374527112179
2025-04-09,798,800,768,773,80520,-0.03855721393034828
2025-04-10,783,804,783,793,75688,0.025873221216041298
2025-04-11,779,854,779,806,216943,0.016393442622950838
2025-04-14,819,856,814,850,92221,0.05459057071960305
2025-04-15,854,869,838,861,68982,0.012941176470588234
2025-04-16,860,870,849,870,63010,0.010452961672473782
2025-04-17,870,879,854,873,84381,0.0034482758620688614
2025-04-18,867,914,867,896,118866,0.026345933562428314
2025-04-21,888,1018,888,1012,822136,0.1294642857142858
2025-04-22,991,1013,966,1010,285313,-0.0019762845849802257
2025-04-23,1010,1293,998,1124,2612635,0.11287128712871297
2025-04-24,1115,1225,1115,1121,525559,-0.002669039145907437
2025-04-25,1123,1197,1112,1191,181915,0.06244424620874223
2025-04-28,1196,1199,1127,1144,148801,-0.03946263643996639
2025-04-29,1120,1156,1117,1134,67068,-0.00874125874125875
2025-04-30,1131,1180,1114,1117,62299,-0.014991181657848296
2025-05-02,1144,1144,1057,1062,111910,-0.049239033124440446
2025-05-07,1113,1113,1040,1040,55547,-0.020715630885122405
2025-05-08,1061,1064,1049,1063,41962,0.022115384615384537
2025-05-09,1052,1061,1016,1016,93340,-0.04421448730009403
2025-05-12,1007,1015,985,1002,68877,-0.013779527559055094
2025-05-13,974,1049,974,1047,90356,0.04491017964071853
2025-05-14,1047,1307,1016,1140,1678268,0.08882521489971351
2025-05-15,1139,1179,1128,1149,188895,0.007894736842105177
2025-05-16,1149,1158,1107,1109,67743,-0.0348128807658834
2025-05-19,1104,1131,1078,1087,47079,-0.019837691614066677
2025-05-20,1091,1097,1073,1076,36812,-0.010119595216191324
2025-05-21,1057,1130,1057,1098,39662,0.020446096654274992
2025-05-22,1105,1152,1087,1136,62866,0.03460837887067392
2025-05-23,1141,1141,1064,1074,156317,-0.05457746478873238
2025-05-26,1052,1060,981,981,309042,-0.08659217877094971
2025-05-27,948,977,890,890,384632,-0.09276248725790015
2025-05-28,878,942,851,885,184503,-0.005617977528089901
2025-05-29,891,929,862,916,109936,0.03502824858757059
2025-05-30,924,951,901,934,87419,0.01965065502183405
2025-06-02,933,976,933,954,160631,0.021413276231263323
2025-06-04,970,992,929,979,45571,0.026205450733752578
2025-06-05,980,1123,980,1055,502232,0.07763023493360577
2025-06-09,1054,1082,1035,1068,91388,0.012322274881516604
2025-06-10,1077,1124,1040,1107,165013,0.03651685393258419
2025-06-11,1107,1107,1087,1098,44647,-0.008130081300813052
2025-06-12,1092,1138,1082,1132,73547,0.030965391621129434
2025-06-13,1121,1148,1091,1094,118440,-0.03356890459363959
2025-06-16,1109,1236,1109,1227,740115,0.12157221206581359
2025-06-17,1227,1341,1193,1339,901409,0.09127954360228197
2025-06-18,1339,1339,1222,1318,485774,-0.015683345780433178
2025-06-19,1317,1320,1249,1249,276704,-0.052352048558421904
2025-06-20,1249,1253,1173,1206,713860,-0.03442754203362686
2025-06-23,1212,1289,1179,1272,442827,0.054726368159204064
2025-06-24,1652,1652,1652,1652,945066,0.2987421383647799
2025-06-25,1779,2146,1660,2146,19695696,0.2990314769975786
2025-06-26,2503,2787,2485,2787,9592475,0.29869524697110905
2025-06-27,3492,3584,2530,2547,36155274,-0.08611410118406893
2025-06-30,2193,2258,1784,1784,10313982,-0.29956811935610517
2025-07-01,1859,1948,1727,1752,3866543,-0.017937219730941756
2025-07-02,1749,1768,1660,1698,1409811,-0.03082191780821919
2025-07-03,1673,1746,1644,1733,1154184,0.020612485276796155
2025-07-04,1783,1992,1766,1833,1726499,0.05770340450086553
2025-07-07,1832,1846,1699,1846,413577,0.007092198581560183
2025-07-08,1810,1956,1810,1850,516126,0.0021668472372697867
2025-07-09,1852,1856,1763,1833,248005,-0.009189189189189206
2025-07-10,1900,1900,1823,1870,231982,0.020185488270594742
2025-07-11,1853,1973,1833,1870,541069,0.0
2025-07-14,1933,2430,1820,2430,11838215,0.2994652406417113
2025-07-15,2413,2803,2350,2460,15176610,0.012345679012345734
2025-07-16,2466,2863,2366,2507,7131394,0.019105691056910512
2025-07-17,2506,2656,2273,2273,2786854,-0.09333865177502987
2025-07-18,2273,2310,2167,2167,1061158,-0.04663440387153539
2025-07-21,2140,2250,2136,2200,653688,0.015228426395939021
2025-07-22,2163,2197,1976,2007,784066,-0.08772727272727276
2025-07-23,2066,2070,1866,1940,505958,-0.03338315894369703
2025-07-24,1932,1965,1856,1886,533982,-0.027835051546391765
2025-07-25,1893,1920,1826,1860,412902,-0.01378579003181335
2025-07-28,1860,1900,1803,1850,307209,-0.005376344086021501
2025-07-29,1853,2012,1799,1853,650511,0.001621621621621605
2025-07-30,1846,1886,1826,1880,314600,0.014570966001079322
2025-07-31,1863,1946,1836,1933,331511,0.028191489361702127
2025-08-01,1960,2153,1786,1820,1565613,-0.058458354888773933
2025-08-04,1862,1862,1726,1793,199636,-0.014835164835164782
2025-08-05,1793,1836,1716,1780,310242,-0.007250418293363037
2025-08-06,1779,1779,1659,1661,554546,-0.06685393258426964
2025-08-07,1645,1689,1549,1576,584169,-0.051173991571342614
2025-08-08,1548,1830,1545,1710,2247017,0.08502538071065979
2025-08-11,1716,1720,1641,1660,688302,-0.0292397660818714
2025-08-12,1666,1872,1651,1763,1278863,0.06204819277108431
2025-08-13,1763,1843,1730,1800,447168,0.020986954055587148
2025-08-14,1815,1815,1732,1766,232987,-0.018888888888888844
2025-08-18,1766,1816,1713,1780,136704,0.007927519818799578
2025-08-19,1780,1786,1710,1750,253698,-0.016853932584269704
2025-08-20,1700,1830,1696,1830,343263,0.04571428571428582
2025-08-21,1830,1917,1810,1917,668505,0.04754098360655745
2025-08-22,2490,2490,2490,2490,58170,0.29890453834115815
2025-08-25,3235,3235,3235,3235,29529,0.2991967871485943
2025-08-26,4205,4205,3735,3800,7847808,0.1746522411128284
2025-08-27,3575,4405,3265,3695,9961467,-0.02763157894736845
2025-08-28,3725,3835,3260,3270,2448495,-0.1150202976995941
2025-08-29,2290,2385,2290,2290,6709184,-0.29969418960244654
2025-09-01,1970,2150,1822,1825,8951399,-0.20305676855895194
2025-09-02,1874,2060,1830,1855,4675876,0.016438356164383494
2025-09-03,1901,1909,1770,1777,1766800,-0.042048517520215656
2025-09-04,1771,1796,1705,1707,1162582,-0.039392234102419765
2025-09-05,1700,1714,1638,1638,1088159,-0.040421792618629215
2025-09-08,1672,1673,1580,1591,861271,-0.028693528693528703
2025-09-09,1592,1592,1491,1507,1168205,-0.05279698302954117
2025-09-10,1516,1738,1503,1584,7747817,0.051094890510948954
2025-09-11,1121,1340,1117,1234,36938568,-0.2209595959595959
2025-09-12,1231,1274,1210,1211,5659433,-0.018638573743922193
2025-09-15,1252,1495,1223,1332,36584433,0.09991742361684564
2025-09-16,1319,1319,1261,1281,4427218,-0.03828828828828834
