Date,Open,High,Low,Close,Volume,Change
2022-01-03,5640,5750,5630,5710,34249,0.012411347517730542
2022-01-04,5710,5770,5670,5760,34046,0.008756567425569184
2022-01-05,5730,5780,5690,5710,23269,-0.00868055555555558
2022-01-06,5640,5730,5590,5720,42450,0.0017513134851139256
2022-01-07,5670,5730,5600,5720,27017,0.0
2022-01-10,5750,5820,5640,5660,30461,-0.010489510489510523
2022-01-11,5610,5640,5480,5530,41964,-0.02296819787985871
2022-01-12,5510,5650,5500,5640,25348,0.019891500904159143
2022-01-13,5690,5780,5660,5690,40904,0.00886524822695045
2022-01-14,5690,5730,5650,5660,30544,-0.005272407732864637
2022-01-17,5610,5640,5560,5590,18824,-0.012367491166077715
2022-01-18,5540,5590,5470,5490,34912,-0.017889087656529523
2022-01-19,5410,5490,5380,5380,31895,-0.02003642987249543
2022-01-20,5380,5530,5380,5500,12733,0.02230483271375472
2022-01-21,5610,5610,5460,5510,15792,0.0018181818181817189
2022-01-24,5490,5490,5220,5290,30295,-0.03992740471869327
2022-01-25,5290,5290,4985,5080,57092,-0.03969754253308133
2022-01-26,4900,5250,4900,5100,75988,0.003937007874015741
2022-01-27,5110,5120,4970,4970,36424,-0.025490196078431393
2022-01-28,4960,5140,4885,5130,75970,0.03219315895372232
2022-02-03,5150,5390,5150,5300,43375,0.033138401559454245
2022-02-04,5370,5520,5350,5510,42053,0.039622641509434064
2022-02-07,5570,5580,5470,5500,18925,-0.001814882032667886
2022-02-08,5500,5550,5420,5490,39168,-0.0018181818181818299
2022-02-09,5490,5560,5400,5520,32417,0.005464480874316946
2022-02-10,5600,5820,5510,5560,87281,0.007246376811594235
2022-02-11,5560,5670,5470,5600,43538,0.007194244604316502
2022-02-14,5480,5520,5300,5330,56973,-0.048214285714285765
2022-02-15,5300,5310,5040,5110,98309,-0.0412757973733584
2022-02-16,5130,5520,5120,5500,55871,0.07632093933463802
2022-02-17,5550,5650,5440,5520,46375,0.0036363636363636598
2022-02-18,5460,5510,5320,5470,33394,-0.009057971014492794
2022-02-21,5460,5620,5390,5600,51779,0.02376599634369292
2022-02-22,5600,5600,5360,5400,54403,-0.0357142857142857
2022-02-23,5350,5550,5350,5510,40476,0.020370370370370372
2022-02-24,5520,5560,5480,5510,65352,0.0
2022-02-25,5510,5710,5510,5650,49292,0.025408348457350183
2022-02-28,5700,5730,5540,5610,40859,-0.0070796460176991705
2022-03-02,5660,5700,5620,5660,16082,0.00891265597147961
2022-03-03,5670,5720,5660,5690,18268,0.005300353356890497
2022-03-04,5700,5720,5610,5680,21255,-0.0017574692442882123
2022-03-07,5590,5750,5570,5580,15523,-0.017605633802816878
2022-03-08,5500,5570,5470,5510,18623,-0.012544802867383464
2022-03-10,5520,5590,5490,5590,15237,0.014519056261343088
2022-03-11,5640,5670,5590,5630,11412,0.007155635062611854
2022-03-14,5710,5710,5590,5620,16797,-0.001776198934280604
2022-03-15,5490,5580,5490,5550,16886,-0.01245551601423489
2022-03-16,5550,5660,5520,5640,17153,0.016216216216216273
2022-03-17,5690,5710,5640,5680,24670,0.007092198581560183
2022-03-18,5710,5720,5660,5690,14390,0.0017605633802817433
2022-03-21,5750,5750,5630,5680,23437,-0.0017574692442882123
2022-03-22,5680,5800,5650,5770,31536,0.015845070422535246
2022-03-23,5730,5800,5720,5760,26370,-0.0017331022530329143
2022-03-24,5740,5780,5670,5750,13374,-0.0017361111111111605
2022-03-25,5750,5750,5660,5720,12560,-0.00521739130434784
2022-03-28,5750,5780,5660,5780,13460,0.010489510489510412
2022-03-29,5780,5860,5720,5780,28151,0.0
2022-03-30,5810,5820,5720,5750,16038,-0.00519031141868509
2022-03-31,5710,5790,5700,5790,17786,0.006956521739130528
2022-04-01,5790,5830,5730,5780,18300,-0.0017271157167529916
2022-04-04,5780,5840,5740,5800,31191,0.0034602076124568004
2022-04-05,5800,5820,5760,5800,20970,0.0
2022-04-06,5800,5820,5690,5760,26418,-0.006896551724137945
2022-04-07,5700,5710,5620,5650,26284,-0.01909722222222221
2022-04-08,5610,5770,5610,5660,15939,0.001769911504424737
2022-04-11,5660,5700,5640,5640,8944,-0.0035335689045936647
2022-04-12,5550,5610,5500,5590,19478,-0.00886524822695034
2022-04-13,5540,5690,5410,5690,20819,0.017889087656529412
2022-04-14,5740,5800,5680,5710,18392,0.0035149384885764245
2022-04-15,5730,5740,5660,5710,19731,0.0
2022-04-18,5710,5750,5630,5720,15537,0.0017513134851139256
2022-04-19,5670,5770,5670,5740,22132,0.0034965034965035446
2022-04-20,5740,5850,5740,5790,66559,0.008710801393728262
2022-04-21,5800,5860,5760,5790,19688,0.0
2022-04-22,5790,5810,5720,5800,19539,0.0017271157167531026
2022-04-25,5690,5730,5680,5700,24316,-0.017241379310344862
2022-04-26,5670,5740,5670,5730,21869,0.0052631578947368585
2022-04-27,5710,6570,5650,6090,2904055,0.06282722513089012
2022-04-28,6000,6110,5910,6030,339952,-0.009852216748768461
2022-04-29,6080,6160,5980,6010,258576,-0.0033167495854062867
2022-05-02,6040,6210,6030,6180,197959,0.028286189683860208
2022-05-03,6180,6260,6110,6260,137888,0.012944983818770295
2022-05-04,6220,6260,6090,6160,115182,-0.015974440894568676
2022-05-06,6110,6150,6030,6090,47811,-0.011363636363636354
2022-05-09,6040,6060,5800,5880,49117,-0.03448275862068961
2022-05-10,5750,5820,5580,5790,67319,-0.015306122448979553
2022-05-11,5730,6060,5730,6020,52089,0.039723661485319584
2022-05-12,6020,6230,5890,5980,150926,-0.006644518272425293
2022-05-13,5930,6120,5930,6000,60890,0.0033444816053511683
2022-05-16,6090,6100,6010,6050,22876,0.008333333333333304
2022-05-17,6130,6180,6010,6060,57523,0.0016528925619834212
2022-05-18,6070,6150,6020,6070,25520,0.0016501650165017256
2022-05-19,6040,6050,5870,6000,22411,-0.011532125205930832
2022-05-20,5950,6130,5950,6070,31377,0.011666666666666714
2022-05-23,6070,6110,6020,6090,24839,0.0032948929159801743
2022-05-24,6150,6200,5960,5960,75513,-0.021346469622331665
2022-05-25,5910,6040,5890,6010,14660,0.008389261744966348
2022-05-26,6000,6100,5950,6000,20721,-0.0016638935108153063
2022-05-27,6000,6100,6000,6070,24081,0.011666666666666714
2022-05-30,6180,6180,6050,6080,24148,0.0016474464579900872
2022-05-31,6090,6110,6000,6060,27199,-0.003289473684210509
2022-06-02,6100,6100,5990,6040,21283,-0.0033003300330033403
2022-06-03,6040,6090,6000,6050,26683,0.0016556291390728006
2022-06-07,6050,6180,6050,6090,36493,0.006611570247933907
2022-06-08,6040,6110,6000,6000,32077,-0.014778325123152691
2022-06-09,6000,6040,5820,5900,54377,-0.01666666666666672
2022-06-10,5900,5900,5750,5780,23924,-0.02033898305084747
2022-06-13,5700,5700,5440,5500,69612,-0.04844290657439443
2022-06-14,5270,5490,5270,5400,57306,-0.018181818181818188
2022-06-15,5390,5390,5230,5390,48926,-0.0018518518518518823
2022-06-16,5390,5570,5390,5450,38970,0.011131725417439675
2022-06-17,5260,5440,5210,5380,25497,-0.012844036697247652
2022-06-20,5380,5500,4985,5000,78846,-0.07063197026022305
2022-06-21,5000,5100,4980,5020,28329,0.0040000000000000036
2022-06-22,5030,5080,4640,4865,68468,-0.030876494023904355
2022-06-23,4865,4945,4595,4620,55764,-0.05035971223021585
2022-06-24,4605,4835,4595,4830,58202,0.045454545454545414
2022-06-27,4995,5120,4855,5100,30148,0.05590062111801242
2022-06-28,5170,5190,5040,5170,22874,0.013725490196078383
2022-06-29,5110,5250,5090,5220,20405,0.009671179883945946
2022-06-30,5220,5360,5100,5220,18871,0.0
2022-07-01,5120,5170,4985,5000,29341,-0.04214559386973182
2022-07-04,4980,5060,4850,4975,19635,-0.0050000000000000044
2022-07-05,4975,5100,4940,5100,13636,0.025125628140703515
2022-07-06,5100,5600,4980,5140,152464,0.007843137254901933
2022-07-07,5090,5150,5070,5150,15681,0.0019455252918287869
2022-07-08,5150,5200,5110,5200,12550,0.009708737864077666
2022-07-11,5200,5300,5100,5250,9458,0.009615384615384581
2022-07-12,5150,5150,5020,5060,14272,-0.03619047619047622
2022-07-13,5060,5080,4990,5030,11947,-0.005928853754940677
2022-07-14,4975,5100,4940,5100,11620,0.013916500994035852
2022-07-15,5050,5130,4990,5040,9889,-0.0117647058823529
2022-07-18,5060,5120,5020,5100,9297,0.011904761904761862
2022-07-19,5100,5180,5080,5110,5862,0.0019607843137254832
2022-07-20,5160,5210,5150,5170,4989,0.011741682974559797
2022-07-21,5190,5230,5160,5190,8678,0.003868471953578423
2022-07-22,5190,5240,5170,5220,6834,0.005780346820809301
2022-07-25,5170,5240,5160,5200,6081,-0.003831417624521105
2022-07-26,5200,5240,5160,5210,9132,0.0019230769230769162
2022-07-27,5210,5240,5110,5240,15067,0.0057581573896352545
2022-07-28,5240,5290,5170,5230,13541,-0.001908396946564861
2022-07-29,5240,5300,5240,5290,18346,0.011472275334607929
2022-08-01,5260,5350,5250,5340,10548,0.00945179584120992
2022-08-02,5340,5370,5270,5360,11397,0.0037453183520599342
2022-08-03,5310,5400,5280,5380,17370,0.003731343283582156
2022-08-04,5400,5420,5340,5410,23214,0.005576208178438735
2022-08-05,5410,5450,5390,5440,5584,0.005545286506469571
2022-08-08,5430,5470,5340,5430,17206,-0.0018382352941176405
2022-08-09,5440,5440,5370,5380,8420,-0.009208103130755041
2022-08-10,5380,5440,5280,5410,11833,0.005576208178438735
2022-08-11,5380,5470,5380,5420,10458,0.001848428835489857
2022-08-12,5430,5450,5390,5440,7696,0.0036900369003689537
2022-08-16,5410,5420,5330,5370,13033,-0.012867647058823484
2022-08-17,5370,5370,5240,5360,28068,-0.0018621973929237035
2022-08-18,5260,5310,5210,5290,12556,-0.013059701492537323
2022-08-19,5240,5330,5210,5210,18391,-0.015122873345935761
2022-08-22,5210,5220,5120,5130,9330,-0.015355086372360827
2022-08-23,5050,5080,4995,5030,22909,-0.01949317738791423
2022-08-24,4990,5660,4990,5120,267206,0.017892644135188762
2022-08-25,5140,5200,5120,5170,18613,0.009765625
2022-08-26,5200,5320,5170,5170,27611,0.0
2022-08-29,5170,5180,5010,5180,13918,0.0019342359767891004
2022-08-30,5090,5170,5090,5130,14758,-0.009652509652509633
2022-08-31,5130,5230,5130,5190,11156,0.011695906432748648
2022-09-01,5190,5190,5050,5100,6709,-0.017341040462427793
2022-09-02,5050,5100,5030,5060,7890,-0.007843137254901933
2022-09-05,5050,5190,5010,5120,18855,0.011857707509881354
2022-09-06,5070,5420,5030,5130,30313,0.001953125
2022-09-07,5200,5200,5090,5120,9684,-0.0019493177387914784
2022-09-08,5080,5140,5080,5120,16837,0.0
2022-09-13,5290,5290,5150,5240,8342,0.0234375
2022-09-14,5230,5230,5070,5170,7976,-0.013358778625954248
2022-09-15,5170,5210,5150,5180,6244,0.0019342359767891004
2022-09-16,5100,5240,5100,5150,8532,-0.00579150579150578
2022-09-19,5150,5170,5070,5130,13058,-0.003883495145631022
2022-09-20,5130,5250,5130,5170,10481,0.007797270955165692
2022-09-21,5220,5320,5170,5170,29080,0.0
2022-09-22,5170,5210,5060,5210,19826,0.007736943907156624
2022-09-23,5210,5400,5190,5280,68362,0.013435700575815668
2022-09-26,5260,5260,4940,5080,89318,-0.037878787878787845
2022-09-27,5190,5190,4955,5070,36631,-0.0019685039370078705
2022-09-28,5120,5240,5000,5080,67776,0.0019723865877712132
2022-09-29,5260,5260,5060,5110,23893,0.0059055118110236116
2022-09-30,5050,5200,4990,5180,30146,0.013698630136986356
2022-10-04,5180,5330,5120,5190,35744,0.0019305019305020377
2022-10-05,5210,5300,5190,5240,32629,0.009633911368015502
2022-10-06,5300,5350,5200,5290,21821,0.009541984732824416
2022-10-07,5290,5410,5250,5330,45740,0.007561436672967936
2022-10-11,5300,5300,5110,5190,48286,-0.026266416510318913
2022-10-12,5170,5240,5120,5240,30088,0.009633911368015502
2022-10-13,5260,5260,5060,5060,40175,-0.03435114503816794
2022-10-14,5100,5210,5100,5170,12296,0.021739130434782705
2022-10-17,5160,5230,5100,5210,18698,0.007736943907156624
2022-10-18,5250,5290,5200,5240,26416,0.0057581573896352545
2022-10-19,5250,5290,5230,5230,18959,-0.001908396946564861
2022-10-20,5230,5780,5130,5760,177204,0.10133843212237093
2022-10-21,5610,5620,5080,5110,304782,-0.11284722222222221
2022-10-24,5110,5310,5090,5140,71209,0.005870841487279899
2022-10-25,5190,5230,5110,5110,27682,-0.005836575875486361
2022-10-26,5160,5160,5100,5110,18149,0.0
2022-10-27,5140,5170,5090,5130,26307,0.00391389432485334
2022-10-28,5120,5140,5080,5080,13878,-0.00974658869395717
2022-10-31,5080,5140,5060,5130,14654,0.009842519685039353
2022-11-01,5130,5150,5090,5120,9435,-0.0019493177387914784
2022-11-02,5120,5150,5100,5120,14892,0.0
2022-11-03,5050,5270,5050,5130,50984,0.001953125
2022-11-04,5130,5200,5110,5140,19080,0.0019493177387914784
2022-11-07,5150,5200,5110,5160,15585,0.0038910505836575737
2022-11-08,5160,5220,5150,5190,13987,0.005813953488372103
2022-11-09,5190,5220,5150,5150,15001,-0.0077071290944122905
2022-11-10,5150,5200,5110,5160,10486,0.001941747572815622
2022-11-11,5220,5250,5120,5150,54566,-0.0019379844961240345
2022-11-14,5200,5240,5150,5180,16236,0.005825242718446644
2022-11-15,5180,5260,5160,5190,12351,0.0019305019305020377
2022-11-16,5240,5240,5110,5140,32365,-0.009633911368015391
2022-11-17,5160,5160,5100,5130,10408,-0.0019455252918287869
2022-11-18,5160,5170,5120,5150,6112,0.003898635477582957
2022-11-21,5100,5140,5100,5110,12816,-0.007766990291262155
2022-11-22,5070,5190,5070,5130,7253,0.00391389432485334
2022-11-23,5180,5180,5100,5120,11369,-0.0019493177387914784
2022-11-24,5160,5170,5130,5170,5594,0.009765625
2022-11-25,5170,5180,5130,5170,7321,0.0
2022-11-28,5210,5210,5130,5130,9370,-0.007736943907156624
2022-11-29,5020,5190,5020,5190,25924,0.011695906432748648
2022-11-30,5280,5450,5160,5200,120983,0.0019267822736031004
2022-12-01,5290,5290,5170,5200,28959,0.0
2022-12-02,5220,5220,5140,5150,16749,-0.009615384615384581
2022-12-05,5190,5200,5130,5180,9329,0.005825242718446644
2022-12-06,5190,5190,5120,5160,9582,-0.0038610038610038533
2022-12-07,5130,5140,5050,5050,30396,-0.02131782945736438
2022-12-08,5050,5170,5050,5140,29851,0.017821782178217838
2022-12-09,5100,5140,5050,5100,18809,-0.0077821011673151474
2022-12-12,5100,5130,5080,5130,10959,0.00588235294117645
2022-12-13,5130,5130,5110,5130,6079,0.0
2022-12-14,5130,5140,5090,5140,5379,0.0019493177387914784
2022-12-15,5190,5200,5080,5100,19141,-0.0077821011673151474
2022-12-16,5050,5110,5040,5100,4103,0.0
2022-12-19,5050,5100,5040,5090,18770,-0.0019607843137254832
2022-12-20,5080,5080,5000,5030,13577,-0.011787819253438081
2022-12-21,5000,5040,4995,5000,10149,-0.005964214711729587
2022-12-22,5020,5050,5010,5040,9841,0.008000000000000007
2022-12-23,5060,5070,4945,4970,20726,-0.01388888888888884
2022-12-26,4970,4990,4900,4980,14188,0.002012072434607548
2022-12-27,4990,5020,4945,4970,5466,-0.002008032128514081
2022-12-28,4970,4970,4900,4900,15416,-0.014084507042253502
2022-12-29,4890,4890,4835,4870,11246,-0.006122448979591799
2023-01-02,4870,4870,4800,4815,16170,-0.011293634496919891
2023-01-03,4795,4815,4660,4685,14433,-0.02699896157840087
2023-01-04,4635,4705,4590,4675,17837,-0.002134471718249764
2023-01-05,4720,4720,4680,4690,7056,0.0032085561497325887
2023-01-06,4715,4785,4695,4780,6303,0.019189765458422103
2023-01-09,4790,4830,4785,4815,6424,0.007322175732217495
2023-01-10,4815,4940,4815,4915,25259,0.020768431983385183
2023-01-11,4950,4950,4905,4920,5204,0.0010172939979653517
2023-01-12,4930,4980,4925,4980,27250,0.012195121951219523
2023-01-13,5000,5050,4965,5040,7516,0.012048192771084265
2023-01-16,5050,5070,5020,5040,7950,0.0
2023-01-17,5050,5050,4990,5030,7567,-0.001984126984126977
2023-01-18,5030,5030,4985,4995,2843,-0.006958250497017926
2023-01-19,4980,5090,4910,5020,7789,0.005005005005005003
2023-01-20,5020,5050,5000,5030,4872,0.0019920318725099584
2023-01-25,5030,5030,4965,5020,8854,-0.001988071570576566
2023-01-26,4970,5080,4970,5050,8527,0.005976095617529875
2023-01-27,5050,5510,5030,5160,234514,0.0217821782178218
2023-01-30,5190,5190,5040,5080,42551,-0.015503875968992276
2023-01-31,5050,5080,5030,5080,13197,0.0
2023-02-01,5080,5660,5040,5110,509148,0.0059055118110236116
2023-02-02,5110,5220,5080,5200,60314,0.017612524461839474
2023-02-03,5170,5230,5160,5170,22584,-0.005769230769230749
2023-02-06,5170,5280,5140,5220,42221,0.009671179883945946
2023-02-07,5210,5300,5150,5300,53485,0.015325670498084198
2023-02-08,5280,5370,5270,5310,27715,0.0018867924528302993
2023-02-09,5330,5330,5180,5280,24785,-0.005649717514124242
2023-02-10,5280,5300,5180,5230,14384,-0.009469696969697017
2023-02-13,5230,5250,5200,5210,9464,-0.003824091778202643
2023-02-14,5200,5240,4920,5230,16758,0.0038387715930903177
2023-02-15,5150,5250,5150,5230,13539,0.0
2023-02-16,5160,5240,5140,5230,10084,0.0
2023-02-17,5230,5240,5130,5230,9680,0.0
2023-02-20,5190,5270,5150,5270,15209,0.007648183556405286
2023-02-21,5310,5310,5240,5260,9744,-0.00189753320683117
2023-02-22,5260,5260,5180,5180,17936,-0.01520912547528519
2023-02-23,5180,5180,5050,5160,22860,-0.0038610038610038533
2023-02-24,5160,5220,5130,5160,10236,0.0
2023-02-27,5070,5180,5070,5180,5480,0.003875968992248069
2023-02-28,5140,5200,5140,5180,5751,0.0
2023-03-02,5180,5210,5150,5180,7424,0.0
2023-03-03,5180,5220,5050,5150,7431,-0.00579150579150578
2023-03-06,5160,5190,5120,5160,9610,0.001941747572815622
2023-03-07,5120,5220,5060,5170,27976,0.0019379844961240345
2023-03-08,5150,5190,5110,5170,12794,0.0
2023-03-09,5170,5200,5100,5150,9292,-0.003868471953578312
2023-03-10,5100,5140,5080,5100,21575,-0.009708737864077666
2023-03-13,5100,5130,4995,5110,50689,0.0019607843137254832
2023-03-14,5110,5110,4935,4935,17722,-0.03424657534246578
2023-03-15,4950,5650,4950,5150,326258,0.0435663627152989
2023-03-16,5150,5200,5090,5100,11754,-0.009708737864077666
2023-03-17,5110,5160,5100,5150,35400,0.009803921568627416
2023-03-20,5150,5160,5090,5160,13578,0.001941747572815622
2023-03-21,5160,5220,5160,5200,23525,0.007751937984496138
2023-03-22,5240,5240,5050,5190,12726,-0.0019230769230769162
2023-03-23,5140,5150,5020,5150,18622,-0.0077071290944122905
2023-03-24,5140,5160,5000,5000,20319,-0.029126213592232997
2023-03-27,5050,5140,5000,5140,8556,0.028000000000000025
2023-03-28,5140,5140,5000,5130,7223,-0.0019455252918287869
2023-03-29,5090,5150,5030,5110,6992,-0.003898635477582846
2023-03-30,5040,5130,5040,5130,17442,0.00391389432485334
2023-03-31,5160,5160,5080,5100,13031,-0.005847953216374324
2023-04-03,5100,5150,5060,5100,17320,0.0
2023-04-04,5100,5150,5070,5100,10648,0.0
2023-04-05,5090,5140,5090,5110,4620,0.0019607843137254832
2023-04-06,5110,5150,5070,5140,6950,0.005870841487279899
2023-04-07,5120,5150,5090,5110,11336,-0.005836575875486361
2023-04-10,5150,5150,5050,5110,14918,0.0
2023-04-11,5010,5120,4975,5100,25847,-0.00195694716242667
2023-04-12,5140,5140,5050,5090,9907,-0.0019607843137254832
2023-04-13,5090,5130,5060,5090,3356,0.0
2023-04-14,5150,5150,5060,5110,10090,0.003929273084479323
2023-04-17,5120,5130,5090,5110,8008,0.0
2023-04-18,5080,5120,5060,5080,9043,-0.005870841487279899
2023-04-19,5070,5150,5070,5090,5925,0.0019685039370078705
2023-04-20,5110,5120,5070,5070,6040,-0.003929273084479323
2023-04-21,5030,5130,5030,5080,13347,0.0019723865877712132
2023-04-24,5060,5090,5050,5080,11635,0.0
2023-04-25,5080,5090,5010,5030,13199,-0.009842519685039353
2023-04-26,4970,5040,4970,5030,5149,0.0
2023-04-27,5030,5040,4995,5030,7844,0.0
2023-04-28,5030,5050,4965,5050,9349,0.003976143141153132
2023-05-02,5050,5190,5020,5150,21997,0.01980198019801982
2023-05-03,5200,5210,5110,5210,24229,0.011650485436893288
2023-05-04,5220,5380,5190,5260,47436,0.009596928982725572
2023-05-08,5340,5340,5160,5240,13621,-0.0038022813688213253
2023-05-09,5220,5250,5160,5230,6574,-0.001908396946564861
2023-05-10,5220,5240,5180,5230,7287,0.0
2023-05-11,5230,5300,5200,5230,17539,0.0
2023-05-12,5120,5210,5070,5090,15046,-0.026768642447418722
2023-05-15,5090,5220,5060,5110,7660,0.003929273084479323
2023-05-16,5090,5270,5050,5080,31158,-0.005870841487279899
2023-05-17,5080,5160,5080,5160,4543,0.015748031496062964
2023-05-18,5150,5210,5110,5160,8922,0.0
2023-05-19,5160,5160,5080,5140,12617,-0.003875968992248069
2023-05-22,5140,5200,5080,5130,9171,-0.0019455252918287869
2023-05-23,5130,5170,5090,5100,5541,-0.005847953216374324
2023-05-24,5100,5250,5100,5160,5001,0.0117647058823529
2023-05-25,5160,5190,5100,5180,7960,0.003875968992248069
2023-05-26,5180,5200,5110,5110,3832,-0.013513513513513487
2023-05-30,5080,5140,5080,5100,10540,-0.00195694716242667
2023-05-31,5070,5160,5070,5110,10493,0.0019607843137254832
2023-06-01,5110,5110,5090,5110,7712,0.0
2023-06-02,5110,5110,5050,5110,17362,0.0
2023-06-05,5110,5150,5110,5130,4225,0.00391389432485334
2023-06-07,5080,5130,5070,5100,8897,-0.005847953216374324
2023-06-08,5050,5100,5050,5080,6084,-0.0039215686274509665
2023-06-09,5080,5100,5060,5100,6312,0.003937007874015741
2023-06-12,5060,5110,5040,5090,6669,-0.0019607843137254832
2023-06-13,5070,5130,5040,5110,16370,0.003929273084479323
2023-06-14,5120,5130,5080,5100,17578,-0.00195694716242667
2023-06-15,5050,5160,5050,5140,17052,0.007843137254901933
2023-06-16,5060,5160,5050,5120,11017,-0.0038910505836575737
2023-06-19,5120,5200,5090,5120,10452,0.0
2023-06-20,5090,5120,5080,5110,2855,-0.001953125
2023-06-21,5070,5110,5050,5060,6650,-0.009784735812133127
2023-06-22,5050,5080,5020,5070,6551,0.0019762845849802257
2023-06-23,5060,5060,4995,5040,10854,-0.00591715976331364
2023-06-26,5040,5090,4995,5060,10186,0.003968253968253954
2023-06-27,5050,5110,5030,5100,4955,0.007905138339920903
2023-06-28,5080,5110,5050,5100,5699,0.0
2023-06-29,5100,5100,5040,5100,13652,0.0
2023-06-30,5080,5100,5000,5100,16615,0.0
2023-07-03,5100,5100,5050,5060,11364,-0.007843137254901933
2023-07-04,4980,5040,4980,5010,24615,-0.00988142292490124
2023-07-05,5010,5030,4990,5000,5128,-0.001996007984031989
2023-07-06,5000,5030,4965,5030,9148,0.006000000000000005
2023-07-07,5000,5000,4925,4950,9184,-0.015904572564612307
2023-07-10,4920,4950,4910,4950,10786,0.0
2023-07-11,4940,5090,4920,5060,12087,0.022222222222222143
2023-07-12,5080,5110,5020,5060,3287,0.0
2023-07-13,5060,5150,5000,5090,7855,0.005928853754940677
2023-07-14,5080,5090,4970,4975,14432,-0.02259332023575633
2023-07-17,4975,5000,4945,5000,8275,0.005025125628140614
2023-07-18,5000,5040,4955,4985,3222,-0.0030000000000000027
2023-07-19,4965,4985,4945,4970,7143,-0.0030090270812437314
2023-07-20,4970,5060,4925,4975,5095,0.001006036217303885
2023-07-21,5000,5000,4945,4980,8834,0.0010050251256281673
2023-07-24,4975,5000,4860,4880,12301,-0.02008032128514059
2023-07-25,4880,4880,4800,4800,13687,-0.016393442622950838
2023-07-26,4800,4830,4590,4690,18868,-0.022916666666666696
2023-07-27,4690,4810,4645,4790,6222,0.021321961620469176
2023-07-28,4755,4755,4705,4720,9598,-0.014613778705636737
2023-07-31,4680,4740,4670,4720,5799,0.0
2023-08-01,4720,4800,4670,4715,16871,-0.0010593220338983578
2023-08-02,4750,4750,4690,4735,3032,0.0042417815482502785
2023-08-03,4690,4945,4655,4855,4065,0.025343189017951406
2023-08-04,4850,4850,4775,4805,2519,-0.010298661174047319
2023-08-07,4800,4800,4730,4730,5538,-0.015608740894901163
2023-08-08,4640,4730,4640,4690,6798,-0.008456659619450302
2023-08-09,4690,4810,4655,4805,5082,0.024520255863539342
2023-08-10,4830,4835,4755,4810,3656,0.0010405827263266776
2023-08-11,4790,4815,4760,4765,9174,-0.009355509355509328
2023-08-14,4785,4820,4750,4795,2448,0.006295907660021083
2023-08-16,4750,4770,4690,4770,7947,-0.005213764337851923
2023-08-17,4770,4880,4690,4865,12587,0.01991614255765195
2023-08-18,4865,4865,4690,4845,2851,-0.004110996916752319
2023-08-21,4825,4825,4770,4800,8087,-0.009287925696594423
2023-08-22,4780,5420,4760,4775,339411,-0.00520833333333337
2023-08-23,4710,4800,4705,4780,10368,0.0010471204188482464
2023-08-24,4895,4990,4720,4825,32243,0.009414225941422494
2023-08-25,4825,4830,4725,4795,11333,-0.006217616580310836
2023-08-28,4820,4825,4705,4785,17285,-0.002085505735140769
2023-08-29,4810,4945,4765,4825,6644,0.008359456635318674
2023-08-30,4830,4835,4795,4835,6874,0.002072538860103723
2023-08-31,4805,4835,4790,4810,1554,-0.005170630816959676
2023-09-01,4810,4970,4720,4740,11962,-0.014553014553014498
2023-09-04,4790,4790,4735,4775,1615,0.007383966244725704
2023-09-05,4770,4770,4730,4750,8698,-0.005235602094240788
2023-09-06,4750,4785,4730,4770,4360,0.004210526315789442
2023-09-07,4750,4780,4725,4730,5857,-0.008385744234800874
2023-09-08,4710,4780,4710,4750,3544,0.0042283298097252064
2023-09-11,4750,4765,4705,4765,4355,0.0031578947368420263
2023-09-12,4740,4850,4730,4755,5801,-0.0020986358866736943
2023-09-13,4730,4790,4725,4725,7076,-0.006309148264984188
2023-09-14,4725,4945,4725,4815,21953,0.01904761904761898
2023-09-15,4820,4890,4750,4815,11950,0.0
2023-09-18,4815,4815,4700,4760,6953,-0.011422637590861928
2023-09-19,4715,4785,4715,4735,4169,-0.005252100840336116
2023-09-20,4725,4755,4720,4735,3397,0.0
2023-09-21,4715,4760,4655,4695,5135,-0.008447729672650506
2023-09-22,4615,4775,4520,4740,7459,0.009584664536741228
2023-09-25,4640,4720,4590,4720,5226,-0.00421940928270037
2023-09-26,4720,4720,4630,4715,3934,-0.0010593220338983578
2023-09-27,4715,4720,4640,4705,3244,-0.0021208907741251393
2023-10-04,4705,4705,4600,4610,9281,-0.020191285866099862
2023-10-05,4590,4595,4505,4520,8010,-0.0195227765726681
2023-10-06,4520,4830,4500,4740,18974,0.04867256637168138
2023-10-10,4765,4765,4680,4680,2971,-0.012658227848101222
2023-10-11,4660,4705,4655,4680,3032,0.0
2023-10-12,4630,4680,4525,4525,9329,-0.03311965811965811
2023-10-13,4600,4615,4500,4560,6591,0.007734806629834168
2023-10-16,4560,4630,4540,4565,5517,0.0010964912280702066
2023-10-17,4520,4565,4505,4545,5052,-0.004381161007667056
2023-10-18,4545,4635,4490,4495,3971,-0.011001100110010986
2023-10-19,4495,4520,4455,4460,7411,-0.007786429365962189
2023-10-20,4430,4455,4330,4355,7146,-0.023542600896861
2023-10-23,4355,4355,4175,4220,6426,-0.030998851894374235
2023-10-24,4180,4295,4180,4275,11028,0.013033175355450233
2023-10-25,4380,4380,4320,4365,5226,0.021052631578947434
2023-10-26,4320,4390,4290,4305,7505,-0.013745704467353903
2023-10-27,4420,4420,4205,4395,8121,0.020905923344947785
2023-10-30,4410,4640,4350,4535,4805,0.03185437997724683
2023-10-31,4545,4595,4390,4390,3658,-0.0319735391400221
2023-11-01,4370,4565,4370,4410,3186,0.004555808656036442
2023-11-02,4460,4545,4450,4475,1271,0.01473922902494329
2023-11-03,4525,4600,4490,4595,4291,0.02681564245810053
2023-11-06,4595,4675,4550,4670,10505,0.016322089227421177
2023-11-07,4770,4770,4595,4650,5564,-0.004282655246252709
2023-11-08,4650,4670,4620,4635,2775,-0.003225806451612856
2023-11-09,4730,4845,4420,4610,10109,-0.005393743257820938
2023-11-10,4610,4630,4475,4610,2053,0.0
2023-11-13,4590,4630,4515,4630,2465,0.00433839479392617
2023-11-14,4585,4655,4550,4650,6470,0.004319654427645814
2023-11-15,4660,4665,4555,4615,2239,-0.007526881720430145
2023-11-16,4650,4845,4625,4815,43509,0.04333694474539551
2023-11-17,4850,4850,4790,4820,9511,0.0010384215991692258
2023-11-20,4820,4890,4820,4860,23228,0.008298755186721962
2023-11-21,4860,4865,4785,4845,17478,-0.0030864197530864335
2023-11-22,4835,4850,4805,4850,3629,0.0010319917440659854
2023-11-23,4850,4990,4815,4850,6194,0.0
2023-11-24,4860,4900,4785,4860,4904,0.0020618556701030855
2023-11-27,4860,4905,4815,4880,7225,0.004115226337448652
2023-11-28,4835,4920,4835,4880,9843,0.0
2023-11-29,4890,4970,4865,4970,3120,0.018442622950819665
2023-11-30,4970,4995,4905,4995,10116,0.005030181086519203
2023-12-01,4995,5000,4945,4975,5032,-0.004004004004004025
2023-12-04,4975,4975,4905,4925,1992,-0.01005025125628145
2023-12-05,4895,4925,4785,4905,5521,-0.004060913705583702
2023-12-06,4800,4895,4780,4895,21179,-0.0020387359836900876
2023-12-07,4870,4880,4805,4870,2007,-0.005107252298263587
2023-12-08,4800,4870,4785,4870,2211,0.0
2023-12-11,4870,4895,4850,4875,1682,0.0010266940451746365
2023-12-12,4890,4910,4830,4830,1303,-0.009230769230769265
2023-12-13,4830,4860,4705,4810,10484,-0.0041407867494823725
2023-12-14,4785,4820,4760,4800,7545,-0.0020790020790020236
2023-12-15,4800,4850,4780,4850,6225,0.01041666666666674
2023-12-18,4825,4880,4795,4880,1764,0.006185567010309256
2023-12-19,4880,4885,4800,4840,2489,-0.008196721311475419
2023-12-20,4840,4875,4820,4860,2388,0.004132231404958775
2023-12-21,4780,4860,4780,4860,3147,0.0
2023-12-22,4825,4870,4740,4860,2692,0.0
2023-12-26,4895,4895,4705,4795,11682,-0.013374485596707841
2023-12-27,4750,4800,4730,4730,5577,-0.013555787278414999
2023-12-28,4725,4735,4540,4730,23020,0.0
2024-01-02,4835,4835,4660,4700,8053,-0.006342494714587699
2024-01-03,4700,4970,4665,4685,10104,-0.0031914893617021045
2024-01-04,4720,4720,4560,4665,2359,-0.004268943436499417
2024-01-05,4625,4755,4600,4720,5618,0.011789924973204746
2024-01-08,4720,4720,4660,4690,5896,-0.006355932203389814
2024-01-09,4695,4750,4680,4740,5763,0.010660980810234477
2024-01-10,4740,4795,4740,4750,3180,0.0021097046413502962
2024-01-11,4750,4825,4740,4775,3434,0.0052631578947368585
2024-01-12,4680,4810,4680,4805,8943,0.006282722513089034
2024-01-15,4720,4810,4720,4790,7173,-0.003121748178980255
2024-01-16,4770,4815,4770,4790,1412,0.0
2024-01-17,4780,4840,4695,4700,6596,-0.018789144050104345
2024-01-18,4665,4785,4665,4775,3473,0.015957446808510634
2024-01-19,4880,4880,4755,4840,3619,0.013612565445026092
2024-01-22,4850,4850,4780,4840,3050,0.0
2024-01-23,4840,4840,4780,4815,4525,-0.005165289256198302
2024-01-24,4750,4800,4730,4730,3747,-0.017653167185877505
2024-01-25,4710,4710,4670,4710,1609,-0.0042283298097252064
2024-01-26,4700,4710,4670,4670,4693,-0.00849256900212314
2024-01-29,4670,4675,4620,4675,5859,0.0010706638115631772
2024-01-30,4655,4685,4655,4670,3325,-0.0010695187165775666
2024-01-31,4660,4660,4630,4630,2639,-0.008565310492505307
2024-02-01,4630,4630,4570,4630,4483,0.0
2024-02-02,4630,4650,4570,4585,6091,-0.009719222462203025
2024-02-05,4585,4695,4585,4585,8323,0.0
2024-02-06,4585,4645,4565,4625,4709,0.008724100327153872
2024-02-07,4605,4635,4540,4540,5303,-0.018378378378378413
2024-02-08,4540,4640,4540,4640,2693,0.022026431718061623
2024-02-13,4640,4715,4590,4650,12819,0.0021551724137931494
2024-02-14,4630,4650,4590,4645,8365,-0.0010752688172043223
2024-02-15,4600,4665,4590,4615,8955,-0.006458557588805203
2024-02-16,4615,4670,4600,4635,3719,0.004333694474539573
2024-02-19,4635,4675,4605,4670,2497,0.007551240560949246
2024-02-20,4580,4685,4580,4685,5780,0.0032119914346895317
2024-02-21,4685,4735,4580,4675,11132,-0.002134471718249764
2024-02-22,4675,4700,4600,4670,4258,-0.0010695187165775666
2024-02-23,4670,4705,4615,4675,2561,0.0010706638115631772
2024-02-26,4640,4700,4600,4660,6229,-0.0032085561497325887
2024-02-27,4660,4660,4565,4610,4762,-0.010729613733905574
2024-02-28,4610,4610,4555,4565,5337,-0.009761388286334105
2024-02-29,4520,4650,4520,4610,5593,0.009857612267250904
2024-03-04,4690,4700,4545,4555,5449,-0.01193058568329719
2024-03-05,4685,4685,4425,4565,5191,0.002195389681668436
2024-03-06,4520,4560,4480,4540,1636,-0.005476451259583737
2024-03-07,4500,4540,4400,4530,16014,-0.0022026431718061845
2024-03-08,4510,4530,4440,4500,3987,-0.0066225165562914245
2024-03-11,4500,4520,4410,4520,4680,0.004444444444444473
2024-03-12,4540,4540,4400,4445,15477,-0.0165929203539823
2024-03-13,4445,4445,4390,4395,10166,-0.011248593925759276
2024-03-14,4425,4440,4370,4420,14445,0.005688282138794021
2024-03-15,4420,4475,4385,4405,5859,-0.0033936651583710287
2024-03-18,4390,4400,4365,4365,3635,-0.009080590238365494
2024-03-19,4365,4405,4305,4330,7302,-0.008018327605956443
2024-03-20,4330,4345,4250,4260,8937,-0.0161662817551963
2024-03-21,4260,4335,4210,4315,17005,0.012910798122065748
2024-03-22,4315,4350,4265,4325,6988,0.002317497103128563
2024-03-25,4325,4385,4245,4285,13026,-0.009248554913294793
2024-03-26,4285,4285,4190,4225,12780,-0.014002333722287097
2024-03-27,4195,4295,4160,4265,33129,0.00946745562130169
2024-03-28,4240,4280,4240,4275,4098,0.0023446658851113966
2024-03-29,4275,4385,4255,4385,12947,0.025730994152046716
2024-04-01,4385,4430,4305,4430,15193,0.010262257696693311
2024-04-02,4430,4490,4400,4445,15526,0.003386004514672747
2024-04-03,4445,4445,4370,4430,6139,-0.003374578177727794
2024-04-04,4410,4435,4370,4430,5873,0.0
2024-04-05,4430,4445,4350,4350,9388,-0.018058690744920947
2024-04-08,4350,4350,4305,4305,9802,-0.010344827586206917
2024-04-09,4300,4350,4300,4340,4766,0.008130081300812941
2024-04-11,4275,4325,4275,4295,2545,-0.010368663594470084
2024-04-12,4295,4335,4295,4300,7785,0.0011641443538998875
2024-04-15,4335,4335,4230,4285,7973,-0.0034883720930232176
2024-04-16,4270,4285,4250,4250,3959,-0.008168028004667427
2024-04-17,4230,4265,4230,4250,2944,0.0
2024-04-18,4230,4375,4225,4375,11209,0.02941176470588225
2024-04-19,4315,4365,4260,4355,4451,-0.00457142857142856
2024-04-22,4355,4355,4280,4305,4104,-0.01148105625717566
2024-04-23,4305,4315,4160,4295,4723,-0.0023228803716608404
2024-04-24,4285,4300,4210,4260,4184,-0.008149010477299212
2024-04-25,4260,4285,4230,4255,4552,-0.0011737089201877549
2024-04-26,4280,4280,4215,4245,8922,-0.002350176263219761
2024-04-29,4210,4245,4200,4245,10223,0.0
2024-04-30,4255,4255,4225,4240,4903,-0.0011778563015312216
2024-05-02,4240,4385,4240,4345,15691,0.024764150943396235
2024-05-03,4330,4360,4310,4335,3420,-0.0023014959723820505
2024-05-07,4335,4345,4320,4345,4742,0.0023068050749712743
2024-05-08,4345,4345,4300,4300,3045,-0.010356731875719172
2024-05-09,4295,4330,4280,4280,5885,-0.0046511627906976605
2024-05-10,4280,4300,4245,4285,7092,0.001168224299065379
2024-05-13,4250,4250,4220,4235,7270,-0.011668611435239229
2024-05-14,4240,4240,4195,4210,8471,-0.005903187721369552
2024-05-16,4195,4215,4160,4160,19732,-0.01187648456057011
2024-05-17,4150,4195,4095,4195,29044,0.008413461538461453
2024-05-20,4195,4200,4150,4150,7071,-0.010727056019070313
2024-05-21,4150,4175,4105,4105,11281,-0.010843373493975905
2024-05-22,4105,4110,4075,4085,9529,-0.00487210718635811
2024-05-23,4100,4100,4070,4095,4474,0.00244798041615657
2024-05-24,4055,4115,4055,4100,3082,0.0012210012210012167
