Date,Open,High,Low,Close,Volume,Change
2022-01-03,3340,3560,3340,3475,402902,0.04041916167664672
2022-01-04,3475,3545,3270,3450,249756,-0.007194244604316502
2022-01-05,3450,3485,3280,3430,211227,-0.005797101449275366
2022-01-06,3365,3400,3300,3370,144094,-0.017492711370262426
2022-01-07,3360,3480,3335,3480,164754,0.03264094955489605
2022-01-10,3515,3555,3165,3275,214163,-0.05890804597701149
2022-01-11,3240,3275,3050,3215,131080,-0.018320610687022953
2022-01-12,3180,3215,3155,3210,63792,-0.0015552099533436836
2022-01-13,3225,3250,3110,3180,121204,-0.009345794392523366
2022-01-14,3180,3180,3055,3135,131343,-0.014150943396226467
2022-01-17,3095,3555,3060,3135,425340,0.0
2022-01-18,3135,3210,3050,3110,84467,-0.00797448165869219
2022-01-19,3075,3095,2995,3015,72872,-0.030546623794212246
2022-01-20,3015,3085,2970,3055,90638,0.013266998341625147
2022-01-21,3085,3165,3055,3065,106716,0.003273322422258529
2022-01-24,3020,3025,2870,2875,99229,-0.06199021207177813
2022-01-25,2875,2890,2710,2790,123465,-0.029565217391304355
2022-01-26,2775,2875,2725,2820,59342,0.010752688172043001
2022-01-27,2815,2820,2720,2775,58077,-0.015957446808510634
2022-01-28,2725,2855,2700,2845,50953,0.02522522522522519
2022-02-03,2910,2990,2900,2915,45138,0.024604569420035194
2022-02-04,3075,3075,2945,2990,51225,0.02572898799313883
2022-02-07,3010,3110,3010,3060,63259,0.02341137123745818
2022-02-08,3110,3150,3030,3085,80605,0.008169934640522847
2022-02-09,3110,3280,3100,3105,151938,0.006482982171799101
2022-02-10,3115,3215,3115,3125,101592,0.006441223832528209
2022-02-11,3125,3160,3010,3020,89672,-0.03359999999999996
2022-02-14,2900,2970,2825,2860,64224,-0.052980132450331174
2022-02-15,2800,2845,2765,2775,122123,-0.029720279720279685
2022-02-16,2775,2990,2775,2955,85419,0.06486486486486487
2022-02-17,3030,3050,2950,3040,125118,0.02876480541455151
2022-02-18,3040,3095,2995,3045,69160,0.00164473684210531
2022-02-21,3055,3090,2970,3090,72141,0.014778325123152802
2022-02-22,3040,3070,2970,3005,85377,-0.027508090614886682
2022-02-23,2960,3005,2935,2985,85415,-0.006655574043261225
2022-02-24,2985,3020,2875,2875,61118,-0.0368509212730318
2022-02-25,2875,2905,2785,2875,138248,0.0
2022-02-28,2880,2950,2800,2865,103449,-0.003478260869565264
2022-03-02,2865,2960,2835,2940,62745,0.02617801047120416
2022-03-03,2945,3065,2920,3065,75116,0.04251700680272119
2022-03-04,3065,3070,3005,3010,48866,-0.01794453507340943
2022-03-07,3010,3010,2870,2950,80283,-0.019933554817275767
2022-03-08,2840,2900,2830,2865,71501,-0.028813559322033888
2022-03-10,2860,2915,2860,2895,65731,0.010471204188481575
2022-03-11,2955,3030,2895,2965,98630,0.024179620034542326
2022-03-14,2980,3080,2895,2930,100510,-0.01180438448566612
2022-03-15,2915,2915,2835,2840,66044,-0.030716723549488067
2022-03-16,2845,3050,2845,2960,169135,0.04225352112676051
2022-03-17,3005,3040,2930,2980,114900,0.006756756756756799
2022-03-18,2980,3200,2945,3105,177954,0.04194630872483218
2022-03-21,3105,3180,3065,3105,125347,0.0
2022-03-22,3105,3105,3040,3100,68022,-0.0016103059581320522
2022-03-23,3100,3105,3030,3060,56645,-0.012903225806451646
2022-03-24,3050,3180,2950,3180,127519,0.03921568627450989
2022-03-25,3180,3260,3115,3170,111211,-0.0031446540880503138
2022-03-28,3155,3155,3075,3130,63891,-0.012618296529968487
2022-03-29,3095,3100,3010,3075,93530,-0.01757188498402551
2022-03-30,3075,3130,3020,3075,39996,0.0
2022-03-31,3060,3175,3010,3075,89594,0.0
2022-04-01,3075,3245,3045,3105,169787,0.009756097560975618
2022-04-04,3110,3290,3110,3235,294490,0.041867954911433136
2022-04-05,3300,3300,3055,3135,255604,-0.03091190108191655
2022-04-06,3135,3200,3090,3135,88543,0.0
2022-04-07,3115,3115,3000,3000,116844,-0.0430622009569378
2022-04-08,2975,3010,2935,2990,114450,-0.0033333333333332993
2022-04-11,2975,3000,2905,2985,90111,-0.0016722408026755842
2022-04-12,2965,2970,2865,2885,93120,-0.03350083752093802
2022-04-13,2875,2975,2840,2975,60306,0.03119584055459268
2022-04-14,3005,3020,2930,2975,45222,0.0
2022-04-15,2975,2995,2920,2995,29384,0.006722689075630228
2022-04-18,2995,3005,2945,2975,32132,-0.006677796327211993
2022-04-19,2930,3045,2920,3035,60927,0.020168067226890685
2022-04-20,3065,3065,2985,2990,59299,-0.014827018121911006
2022-04-21,2990,3015,2965,2985,30466,-0.0016722408026755842
2022-04-22,2985,2985,2915,2930,47566,-0.018425460636515956
2022-04-25,2830,2870,2800,2815,86823,-0.03924914675767921
2022-04-26,2790,2845,2785,2820,79133,0.001776198934280604
2022-04-27,2820,2820,2770,2785,57103,-0.012411347517730542
2022-04-28,2795,2825,2785,2815,31366,0.010771992818671361
2022-04-29,2815,2890,2790,2830,53942,0.005328596802841812
2022-05-02,2850,2870,2835,2850,55905,0.007067137809187329
2022-05-03,2850,2930,2850,2900,50662,0.01754385964912286
2022-05-04,2900,2905,2770,2770,160523,-0.04482758620689653
2022-05-06,2770,2770,2710,2715,52519,-0.019855595667869985
2022-05-09,2715,2740,2590,2595,122441,-0.04419889502762431
2022-05-10,2515,2645,2500,2645,125999,0.019267822736030782
2022-05-11,2645,2645,2595,2645,38660,0.0
2022-05-12,2645,2700,2420,2495,115178,-0.056710775047258966
2022-05-13,2470,2620,2470,2595,91804,0.04008016032064132
2022-05-16,2665,2700,2630,2630,50464,0.01348747591522148
2022-05-17,2630,2680,2510,2530,192850,-0.03802281368821292
2022-05-18,2530,2640,2465,2470,195457,-0.02371541501976282
2022-05-19,2425,2470,2360,2405,116475,-0.02631578947368418
2022-05-20,2405,2455,2385,2445,86737,0.016632016632016633
2022-05-23,2445,2480,2425,2430,52087,-0.006134969325153339
2022-05-24,2440,2470,2380,2380,76177,-0.020576131687242816
2022-05-25,2365,2435,2340,2405,89752,0.010504201680672232
2022-05-26,2405,2455,2360,2375,127186,-0.012474012474012475
2022-05-27,2390,2430,2350,2375,133431,0.0
2022-05-30,2380,2430,2380,2395,71436,0.008421052631578885
2022-05-31,2400,2425,2380,2405,94332,0.0041753653444676075
2022-06-02,2405,2405,2360,2390,71595,-0.006237006237006182
2022-06-03,2390,2420,2365,2390,64710,0.0
2022-06-07,2390,2390,2350,2350,73795,-0.01673640167364021
2022-06-08,2335,2345,2330,2335,49723,-0.006382978723404209
2022-06-09,2330,2355,2305,2335,65956,0.0
2022-06-10,2330,2380,2285,2355,66683,0.008565310492505418
2022-06-13,2295,2295,2180,2210,136690,-0.06157112526539277
2022-06-14,2165,2185,2050,2135,108712,-0.0339366515837104
2022-06-15,2125,2135,2025,2040,141101,-0.04449648711943799
2022-06-16,2040,2130,2040,2040,82036,0.0
2022-06-17,2000,2020,1955,2020,76939,-0.009803921568627416
2022-06-20,2000,2090,1815,1905,205941,-0.05693069306930698
2022-06-21,1905,1960,1865,1865,96676,-0.02099737532808399
2022-06-22,1875,1925,1760,1785,125926,-0.04289544235924936
2022-06-23,1790,1840,1700,1720,92994,-0.036414565826330514
2022-06-24,1720,1870,1720,1830,50054,0.06395348837209291
2022-06-27,1835,1920,1830,1910,65076,0.04371584699453557
2022-06-28,1910,1935,1850,1915,49301,0.002617801047120505
2022-06-29,1905,1920,1865,1920,35171,0.0026109660574411553
2022-06-30,1920,1920,1835,1905,63910,-0.0078125
2022-07-01,1880,1920,1780,1810,203460,-0.04986876640419946
2022-07-04,1780,1840,1745,1790,63640,-0.011049723756906049
2022-07-05,1790,1860,1785,1850,30093,0.033519553072625774
2022-07-06,1880,1880,1815,1845,36173,-0.002702702702702675
2022-07-07,1850,1930,1850,1915,24916,0.03794037940379402
2022-07-08,1920,1950,1885,1910,26732,-0.0026109660574412663
2022-07-11,1910,1960,1885,1920,38016,0.005235602094240788
2022-07-12,1920,1920,1830,1860,36106,-0.03125
2022-07-13,1860,1860,1800,1840,37534,-0.010752688172043001
2022-07-14,1830,1865,1790,1820,48695,-0.010869565217391353
2022-07-15,1825,1915,1795,1890,33965,0.03846153846153855
2022-07-18,1920,1920,1850,1900,31591,0.005291005291005346
2022-07-19,1885,1905,1870,1895,31054,-0.0026315789473684292
2022-07-20,1925,1935,1875,1900,65239,0.0026385224274405594
2022-07-21,1900,2055,1840,1880,200229,-0.010526315789473717
2022-07-22,1895,1925,1860,1920,27298,0.02127659574468077
2022-07-25,1935,1935,1895,1900,24321,-0.01041666666666663
2022-07-26,1900,1925,1875,1920,23054,0.010526315789473717
2022-07-27,1920,1920,1890,1910,6103,-0.00520833333333337
2022-07-28,1915,1915,1880,1915,24715,0.002617801047120505
2022-07-29,1935,1985,1920,1950,35614,0.018276762402088753
2022-08-01,1935,1950,1905,1945,35486,-0.002564102564102555
2022-08-02,1945,1965,1885,1940,36724,-0.0025706940874036244
2022-08-03,1920,1940,1875,1930,19887,-0.005154639175257714
2022-08-04,1930,2040,1925,2020,72059,0.04663212435233155
2022-08-05,2020,2070,1980,1995,46029,-0.012376237623762387
2022-08-08,1975,2005,1940,1985,39395,-0.005012531328320802
2022-08-09,1985,2005,1935,1970,51035,-0.007556675062972307
2022-08-10,1965,1965,1935,1950,14297,-0.010152284263959421
2022-08-11,1950,1995,1940,1985,32237,0.017948717948717885
2022-08-12,2000,2080,1990,2050,126929,0.032745591939546514
2022-08-16,2050,2090,2040,2060,50406,0.004878048780487809
2022-08-17,2055,2075,2020,2025,46960,-0.016990291262135915
2022-08-18,2025,2160,1980,2150,177127,0.06172839506172845
2022-08-19,2150,2195,2105,2135,80739,-0.006976744186046546
2022-08-22,2120,2120,2055,2070,37086,-0.030444964871194413
2022-08-23,2040,2045,1995,2025,57444,-0.021739130434782594
2022-08-24,2020,2045,2015,2045,32061,0.009876543209876631
2022-08-25,2065,2180,2060,2180,34415,0.0660146699266504
2022-08-26,2180,2180,2135,2145,62756,-0.016055045871559592
2022-08-29,2120,2130,2030,2060,60972,-0.03962703962703962
2022-08-30,2040,2105,2010,2100,32598,0.01941747572815533
2022-08-31,2100,2135,2060,2120,63146,0.00952380952380949
2022-09-01,2150,2165,2050,2050,84836,-0.03301886792452835
2022-09-02,2050,2125,2050,2060,50051,0.004878048780487809
2022-09-05,2060,2115,2060,2085,44555,0.012135922330097193
2022-09-06,2085,2150,2075,2130,40505,0.021582733812949728
2022-09-07,2130,2140,2105,2130,56748,0.0
2022-09-08,2110,2330,2110,2175,572121,0.021126760563380254
2022-09-13,2190,2210,2160,2185,66973,0.0045977011494253706
2022-09-14,2170,2230,2125,2190,84688,0.0022883295194509046
2022-09-15,2180,2210,2140,2140,71767,-0.022831050228310557
2022-09-16,2140,2160,2115,2160,39429,0.009345794392523255
2022-09-19,2145,2145,2080,2140,82440,-0.0092592592592593
2022-09-20,2115,2140,2060,2060,59553,-0.03738317757009346
2022-09-21,2075,2075,2055,2060,26714,0.0
2022-09-22,2045,2045,1915,1985,44101,-0.036407766990291246
2022-09-23,1985,1995,1865,1870,98841,-0.057934508816120944
2022-09-26,1840,1860,1770,1775,51587,-0.050802139037433136
2022-09-27,1750,1775,1670,1730,31218,-0.025352112676056304
2022-09-28,1730,1745,1655,1700,75210,-0.017341040462427793
2022-09-29,1715,1745,1690,1695,19315,-0.002941176470588225
2022-09-30,1695,1735,1595,1705,25373,0.005899705014749346
2022-10-04,1705,1760,1700,1750,31549,0.02639296187683282
2022-10-05,1780,1790,1630,1630,89764,-0.06857142857142862
2022-10-06,1645,1785,1645,1770,86071,0.08588957055214719
2022-10-07,1775,1785,1680,1740,50116,-0.016949152542372836
2022-10-11,1725,1725,1620,1685,28425,-0.031609195402298895
2022-10-12,1630,1680,1610,1650,35295,-0.020771513353115778
2022-10-13,1615,1625,1595,1610,21887,-0.024242424242424288
2022-10-14,1610,1645,1515,1620,82227,0.006211180124223503
2022-10-17,1620,1685,1620,1640,44008,0.012345679012345734
2022-10-18,1675,1740,1670,1700,15797,0.03658536585365857
2022-10-19,1720,1735,1655,1700,71371,0.0
2022-10-20,1700,1720,1670,1695,31098,-0.002941176470588225
2022-10-21,1670,1695,1645,1670,66927,-0.014749262536873142
2022-10-24,1670,1740,1665,1710,80656,0.0239520958083832
2022-10-25,1720,1805,1720,1765,18291,0.032163742690058506
2022-10-26,1775,1860,1770,1810,29378,0.025495750708215192
2022-10-27,1820,1820,1760,1790,42382,-0.011049723756906049
2022-10-28,1785,1785,1690,1700,74149,-0.05027932960893855
2022-10-31,1705,1790,1700,1775,49619,0.044117647058823595
2022-11-01,1805,1805,1765,1795,48038,0.011267605633802802
2022-11-02,1795,1800,1770,1790,19702,-0.0027855153203342198
2022-11-03,1750,1805,1725,1805,35099,0.008379888268156499
2022-11-04,1780,1800,1765,1765,17585,-0.02216066481994461
2022-11-07,1765,1795,1755,1780,13693,0.008498583569405138
2022-11-08,1780,1800,1770,1785,17367,0.002808988764045006
2022-11-09,1785,1805,1750,1785,15053,0.0
2022-11-10,1775,1775,1730,1770,18783,-0.008403361344537785
2022-11-11,1780,1820,1770,1795,26527,0.01412429378531077
2022-11-14,1735,1795,1725,1735,56409,-0.03342618384401119
2022-11-15,1735,1755,1695,1750,67748,0.008645533141210304
2022-11-16,1750,1750,1705,1730,57496,-0.011428571428571455
2022-11-17,1730,1730,1690,1710,55586,-0.011560693641618491
2022-11-18,1710,1710,1690,1690,120055,-0.011695906432748537
2022-11-21,1690,1690,1665,1685,23956,-0.00295857988165682
2022-11-22,1650,1670,1645,1655,21095,-0.017804154302670572
2022-11-23,1640,1655,1635,1655,33039,0.0
2022-11-24,1655,1685,1645,1675,43562,0.012084592145015005
2022-11-25,1675,1710,1655,1710,42100,0.020895522388059806
2022-11-28,1710,1730,1665,1700,33253,-0.005847953216374324
2022-11-29,1650,1700,1645,1680,26281,-0.0117647058823529
2022-11-30,1655,1690,1655,1680,55034,0.0
2022-12-01,1680,1735,1675,1710,101165,0.017857142857142794
2022-12-02,1710,1880,1690,1730,628130,0.011695906432748648
2022-12-05,1730,1750,1700,1730,54911,0.0
2022-12-06,1730,1870,1710,1755,309371,0.014450867052023142
2022-12-07,1750,1805,1715,1760,125223,0.002849002849002913
2022-12-08,1760,1850,1740,1775,287022,0.008522727272727293
2022-12-09,1775,1780,1745,1780,52474,0.0028169014084507005
2022-12-12,1795,1830,1755,1770,53844,-0.005617977528089901
2022-12-13,1755,1780,1730,1780,59834,0.005649717514124353
2022-12-14,1765,1805,1755,1800,77237,0.011235955056179803
2022-12-15,1800,1815,1790,1805,59305,0.002777777777777768
2022-12-16,1790,1795,1755,1765,22789,-0.02216066481994461
2022-12-19,1750,1780,1715,1775,42314,0.0056657223796034994
2022-12-20,1775,1775,1735,1740,19053,-0.019718309859154903
2022-12-21,1740,1745,1720,1745,30232,0.002873563218390718
2022-12-22,1745,1820,1730,1800,31603,0.03151862464183375
2022-12-23,1790,1790,1740,1745,51941,-0.030555555555555558
2022-12-26,1715,1725,1665,1715,59298,-0.017191977077363862
2022-12-27,1690,1730,1665,1685,59000,-0.017492711370262426
2022-12-28,1690,1705,1655,1700,33670,0.008902077151335286
2022-12-29,1680,1685,1620,1650,54102,-0.02941176470588236
2023-01-02,1635,1665,1620,1620,52858,-0.018181818181818188
2023-01-03,1580,1600,1550,1585,38778,-0.021604938271604923
2023-01-04,1540,1630,1540,1630,31676,0.028391167192429068
2023-01-05,1645,1655,1630,1630,17644,0.0
2023-01-06,1630,1675,1620,1665,21624,0.021472392638036908
2023-01-09,1655,1715,1655,1680,17905,0.009009009009008917
2023-01-10,1670,1785,1660,1695,55774,0.008928571428571397
2023-01-11,1680,1750,1660,1700,49508,0.002949852507374562
2023-01-12,1700,1715,1680,1715,20355,0.008823529411764675
2023-01-13,1715,1730,1685,1700,22843,-0.008746355685131157
2023-01-16,1695,1835,1680,1820,270560,0.07058823529411762
2023-01-17,1820,1820,1745,1765,93868,-0.030219780219780223
2023-01-18,1765,1910,1720,1855,300861,0.05099150141643061
2023-01-19,1855,1865,1775,1785,85301,-0.037735849056603765
2023-01-20,1785,1890,1770,1795,48292,0.0056022408963585235
2023-01-25,1805,1855,1799,1817,33481,0.012256267409470833
2023-01-26,1817,1832,1766,1775,64358,-0.023115024766097947
2023-01-27,1775,1818,1775,1818,39105,0.02422535211267607
2023-01-30,1819,1995,1819,1943,731756,0.06875687568756872
2023-01-31,1914,1962,1745,1949,293562,0.0030880082346886883
2023-02-01,1949,1968,1907,1952,68783,0.001539250897896416
2023-02-02,1952,1971,1880,1928,53080,-0.012295081967213073
2023-02-03,1928,1963,1905,1928,142931,0.0
2023-02-06,1928,1953,1909,1918,53013,-0.005186721991701226
2023-02-07,1918,1940,1893,1940,66867,0.011470281543274341
2023-02-08,1940,2400,1924,2200,3564318,0.134020618556701
2023-02-09,2230,2550,2150,2375,3168524,0.07954545454545459
2023-02-10,2395,2465,2155,2255,890385,-0.05052631578947364
2023-02-13,2255,2255,2150,2185,300365,-0.03104212860310418
2023-02-14,2195,2250,2065,2115,254909,-0.03203661327231122
2023-02-15,2115,2130,1977,2005,387998,-0.05200945626477538
2023-02-16,2015,2070,1978,1987,180478,-0.008977556109725726
2023-02-17,1987,2015,1945,1953,89150,-0.017111222949169558
2023-02-20,1953,2050,1930,2000,104098,0.02406554019457241
2023-02-21,2030,2040,1965,1998,81428,-0.0010000000000000009
2023-02-22,1980,1989,1920,1928,110227,-0.03503503503503502
2023-02-23,1928,1988,1901,1987,98374,0.030601659751037236
2023-02-24,1995,2025,1938,1950,79739,-0.01862103673880222
2023-02-27,1950,2000,1854,1929,89027,-0.010769230769230753
2023-02-28,1909,1977,1908,1977,36272,0.02488335925349916
2023-03-02,2005,2005,1923,1990,42126,0.006575619625695417
2023-03-03,1995,1997,1948,1955,39469,-0.017587939698492483
2023-03-06,1973,1973,1917,1926,32658,-0.014833759590792805
2023-03-07,1932,1948,1907,1938,16272,0.006230529595015577
2023-03-08,1947,1947,1895,1904,50822,-0.01754385964912286
2023-03-09,1904,1960,1895,1930,85035,0.013655462184873901
2023-03-10,1950,1950,1850,1908,60144,-0.011398963730569922
2023-03-13,1860,1874,1820,1831,37799,-0.040356394129979045
2023-03-14,1815,1831,1705,1786,54776,-0.024576734025122837
2023-03-15,1772,1815,1715,1733,112022,-0.029675251959686455
2023-03-16,1734,1734,1650,1672,101622,-0.035199076745528024
2023-03-17,1686,1750,1686,1744,69025,0.04306220095693769
2023-03-20,1750,1858,1744,1770,54291,0.014908256880733939
2023-03-21,1770,1796,1728,1763,44744,-0.00395480225988698
2023-03-22,1763,1810,1738,1803,33322,0.022688598979013097
2023-03-23,1807,1818,1763,1763,25793,-0.02218524681087075
2023-03-24,1764,1772,1729,1743,21713,-0.011344299489506549
2023-03-27,1743,1760,1623,1695,55728,-0.027538726333907082
2023-03-28,1695,1708,1684,1696,45547,0.0005899705014749124
2023-03-29,1696,1712,1680,1697,13818,0.000589622641509413
2023-03-30,1701,1740,1675,1702,36169,0.0029463759575720783
2023-03-31,1710,1718,1686,1697,19666,-0.002937720329024729
2023-04-03,1697,1866,1672,1751,136733,0.031820860341779555
2023-04-04,1800,1885,1760,1785,112477,0.01941747572815533
2023-04-05,1800,1860,1787,1800,78739,0.008403361344537785
2023-04-06,1804,1850,1773,1807,68051,0.0038888888888888307
2023-04-07,1807,1819,1775,1808,30505,0.0005534034311012181
2023-04-10,1808,1826,1733,1735,29763,-0.04037610619469023
2023-04-11,1735,1735,1684,1721,46864,-0.008069164265129714
2023-04-12,1725,1729,1675,1699,69050,-0.012783265543288791
2023-04-13,1699,1715,1682,1710,40647,0.0064743967039435635
2023-04-14,1710,1725,1703,1720,15725,0.005847953216374213
2023-04-17,1720,1734,1676,1719,33667,-0.0005813953488371659
2023-04-18,1719,1726,1694,1706,36276,-0.0075625363583479155
2023-04-19,1706,1723,1689,1709,31016,0.0017584994138335475
2023-04-20,1709,1720,1690,1706,46173,-0.0017554125219426675
2023-04-21,1692,1695,1652,1674,82287,-0.01875732708089095
2023-04-24,1658,1665,1625,1631,25571,-0.025686977299880565
2023-04-25,1614,1631,1595,1606,37932,-0.015328019619865074
2023-04-26,1599,1610,1599,1604,40967,-0.001245330012453305
2023-04-27,1587,1603,1570,1578,50629,-0.016209476309226978
2023-04-28,1586,1735,1578,1671,59531,0.05893536121673004
2023-05-02,1687,1756,1640,1644,54101,-0.016157989228007152
2023-05-03,1644,1679,1618,1626,29982,-0.010948905109489093
2023-05-04,1617,1678,1608,1656,43645,0.01845018450184499
2023-05-08,1639,1680,1630,1656,33882,0.0
2023-05-09,1656,1699,1630,1638,34181,-0.010869565217391353
2023-05-10,1651,1651,1623,1625,18952,-0.007936507936507908
2023-05-11,1625,1641,1610,1623,10950,-0.0012307692307692575
2023-05-12,1623,1633,1607,1607,13121,-0.009858287122612497
2023-05-15,1607,1616,1591,1603,47340,-0.002489110143123807
2023-05-16,1630,1645,1591,1601,22185,-0.0012476606363068798
2023-05-17,1601,1616,1597,1610,27438,0.0056214865708932304
2023-05-18,1610,1689,1610,1657,44792,0.029192546583850953
2023-05-19,1665,1695,1650,1654,60390,-0.0018105009052504784
2023-05-22,1654,1692,1654,1667,30139,0.007859733978234473
2023-05-23,1668,1715,1662,1666,12008,-0.0005998800239952473
2023-05-24,1666,1672,1656,1666,12392,0.0
2023-05-25,1664,1670,1650,1670,21848,0.0024009603841537164
2023-05-26,1670,1737,1647,1707,61099,0.02215568862275452
2023-05-30,1707,1794,1684,1725,115874,0.010544815465729274
2023-05-31,1742,1795,1725,1761,68615,0.02086956521739136
2023-06-01,1826,1829,1744,1748,108751,-0.007382169222032942
2023-06-02,1748,1798,1731,1798,43286,0.028604118993134975
2023-06-05,1798,1815,1767,1806,44563,0.004449388209121219
2023-06-07,1806,1806,1770,1771,18056,-0.019379844961240345
2023-06-08,1771,1810,1749,1783,17180,0.006775832862789377
2023-06-09,1783,1813,1755,1762,22004,-0.011777902411665764
2023-06-12,1762,1825,1759,1770,18620,0.004540295119182858
2023-06-13,1770,1799,1763,1772,24930,0.001129943502824915
2023-06-14,1781,1798,1725,1734,44762,-0.021444695259593693
2023-06-15,1723,1730,1689,1720,36397,-0.008073817762399127
2023-06-16,1720,1765,1710,1759,32654,0.022674418604651247
2023-06-19,1768,1825,1743,1766,29981,0.003979533826037551
2023-06-20,1775,1808,1750,1771,45295,0.0028312570781428015
2023-06-21,1771,1776,1713,1732,37511,-0.02202145680406553
2023-06-22,1730,1730,1698,1708,19983,-0.01385681293302543
2023-06-23,1708,1708,1693,1694,22507,-0.008196721311475419
2023-06-26,1678,1688,1664,1675,21756,-0.011216056670602104
2023-06-27,1675,1704,1660,1703,33247,0.016716417910447756
2023-06-28,1682,1716,1682,1716,24455,0.007633587786259444
2023-06-29,1716,1727,1708,1709,16809,-0.004079254079254024
2023-06-30,1692,1712,1685,1712,22508,0.0017554125219425565
2023-07-03,1723,2220,1723,1881,4780365,0.09871495327102808
2023-07-04,1883,1898,1853,1853,285633,-0.014885699096225391
2023-07-05,1856,1895,1832,1875,132646,0.011872638963842386
2023-07-06,1875,1875,1765,1785,133284,-0.04800000000000004
2023-07-07,1767,1767,1705,1739,208268,-0.02577030812324932
2023-07-10,1732,1840,1714,1793,165272,0.03105232892466936
2023-07-11,1795,1980,1795,1980,750529,0.10429447852760743
2023-07-12,1991,2520,1991,2450,3023855,0.23737373737373746
2023-07-13,2415,2925,2385,2480,3218738,0.012244897959183598
2023-07-14,2465,2465,2210,2295,647917,-0.07459677419354838
2023-07-17,2295,2370,2070,2150,548466,-0.0631808278867102
2023-07-18,2145,2180,2040,2090,441470,-0.027906976744186074
2023-07-19,2090,2240,1998,2085,339026,-0.0023923444976076125
2023-07-20,2110,2275,1910,1989,717001,-0.04604316546762588
2023-07-21,2010,2010,1902,1925,137129,-0.03217697335344394
2023-07-24,1925,1945,1818,1830,178539,-0.04935064935064937
2023-07-25,1830,1918,1800,1908,129765,0.042622950819672045
2023-07-26,1908,2080,1847,1979,257274,0.03721174004192873
2023-07-27,1968,2000,1948,1980,114127,0.00050530570995444
2023-07-28,1979,1979,1880,1931,131378,-0.02474747474747474
2023-07-31,1933,2125,1933,2120,247299,0.09787674779906785
2023-08-01,2125,2250,2090,2105,147053,-0.007075471698113178
2023-08-02,2115,2130,1984,2080,140956,-0.01187648456057011
2023-08-03,2060,2060,1982,1991,70391,-0.0427884615384615
2023-08-04,1991,2055,1989,2045,151875,0.027122049221496747
2023-08-07,2045,2045,1900,1920,175501,-0.06112469437652812
2023-08-08,1920,1950,1867,1880,85125,-0.02083333333333337
2023-08-09,1880,1913,1850,1907,76338,0.014361702127659637
2023-08-10,1927,1980,1883,1884,67093,-0.012060828526481382
2023-08-11,1884,1889,1807,1817,136711,-0.035562632696390706
2023-08-14,1827,1876,1806,1816,178839,-0.0005503577325260967
2023-08-16,1797,1797,1715,1741,65708,-0.041299559471365654
2023-08-17,1717,1888,1670,1800,91113,0.03388856978747845
2023-08-18,1818,1819,1775,1790,25984,-0.005555555555555536
2023-08-21,1782,1789,1720,1782,49718,-0.004469273743016755
2023-08-22,1782,1820,1755,1800,26280,0.010101010101010166
2023-08-23,1800,1891,1782,1845,35786,0.02499999999999991
2023-08-24,1828,1910,1828,1910,55186,0.035230352303523116
2023-08-25,1950,1950,1867,1887,47431,-0.012041884816753945
2023-08-28,1902,1920,1869,1920,18216,0.01748807631160565
2023-08-29,1947,1947,1881,1913,26764,-0.003645833333333348
2023-08-30,1913,2215,1913,2180,702703,0.13957135389440678
2023-08-31,2175,2245,1986,1988,408982,-0.08807339449541285
2023-09-01,2015,2130,2015,2095,157188,0.05382293762575463
2023-09-04,2080,2205,2045,2200,155485,0.05011933174224348
2023-09-05,2205,2230,2030,2080,202561,-0.054545454545454564
2023-09-06,2070,2160,2010,2155,87637,0.03605769230769229
2023-09-07,2155,2155,2080,2085,103608,-0.0324825986078886
2023-09-08,2085,2200,2040,2150,62028,0.031175059952038398
2023-09-11,2145,2145,2045,2045,125449,-0.0488372093023256
2023-09-12,2025,2110,2015,2080,74336,0.017114914425427896
2023-09-13,2070,2070,1942,1942,72819,-0.06634615384615383
2023-09-14,1942,2045,1927,2010,21741,0.03501544799176104
2023-09-15,2010,2040,1988,2000,34489,-0.00497512437810943
2023-09-18,2000,2015,1990,2005,21380,0.0024999999999999467
2023-09-19,2005,2005,1914,1914,67462,-0.04538653366583545
2023-09-20,1910,1910,1820,1841,122219,-0.03814002089864155
2023-09-21,1841,1841,1818,1832,20058,-0.004888647474198815
2023-09-22,1813,1825,1752,1805,70833,-0.014737991266375539
2023-09-25,1801,1854,1753,1777,58299,-0.015512465373961226
2023-09-26,1750,1925,1729,1781,78294,0.0022509848058525073
2023-09-27,1781,1838,1720,1838,126852,0.03200449185850651
2023-10-04,1838,1913,1740,1838,118825,0.0
2023-10-05,1830,1864,1786,1808,32223,-0.016322089227421066
2023-10-06,1776,1810,1735,1805,27113,-0.0016592920353982743
2023-10-10,1849,1899,1830,1872,21824,0.03711911357340725
2023-10-11,1836,1880,1834,1880,13529,0.004273504273504258
2023-10-12,1890,1920,1851,1851,28222,-0.015425531914893598
2023-10-13,1890,1890,1842,1864,22442,0.007023230686115545
2023-10-16,1864,1880,1849,1866,19366,0.0010729613733906351
2023-10-17,1866,1872,1817,1860,56248,-0.003215434083601254
2023-10-18,1860,1860,1745,1745,50943,-0.06182795698924726
2023-10-19,1745,1745,1664,1680,61581,-0.03724928366762181
2023-10-20,1663,1680,1634,1671,27211,-0.005357142857142838
2023-10-23,1657,1680,1640,1661,47026,-0.005984440454817497
2023-10-24,1661,1690,1619,1690,35365,0.017459361830222786
2023-10-25,1712,1719,1680,1681,44250,-0.005325443786982298
2023-10-26,1681,1693,1602,1614,74630,-0.03985722784057111
2023-10-27,1614,1630,1602,1626,23267,0.0074349442379182396
2023-10-30,1620,1689,1604,1626,41105,0.0
2023-10-31,1664,1671,1605,1611,32874,-0.009225092250922495
2023-11-01,1611,1624,1590,1605,66185,-0.003724394785847296
2023-11-02,1614,1666,1614,1666,19194,0.03800623052959495
2023-11-03,1675,1710,1617,1710,41529,0.026410564225690214
2023-11-06,1710,1789,1671,1706,24462,-0.002339181286549752
2023-11-07,1740,1740,1656,1715,21602,0.005275498241500642
2023-11-08,1715,1715,1679,1701,25389,-0.008163265306122436
2023-11-09,1685,1730,1684,1701,14911,0.0
2023-11-10,1701,1701,1662,1670,23246,-0.018224573780129316
2023-11-13,1670,1691,1650,1657,19593,-0.0077844311377245345
2023-11-14,1640,1730,1633,1700,35428,0.025950512975256412
2023-11-15,1723,1820,1717,1744,78904,0.025882352941176467
2023-11-16,1745,1819,1740,1815,32277,0.04071100917431192
2023-11-17,1815,1833,1774,1828,24535,0.007162534435261714
2023-11-20,1828,1844,1790,1829,24967,0.000547045951859948
2023-11-21,1811,1827,1737,1765,85492,-0.03499179879715697
2023-11-22,1777,1777,1748,1766,16033,0.0005665722379604166
2023-11-23,1766,1769,1740,1760,32150,-0.003397508493771184
2023-11-24,1784,1784,1751,1770,24213,0.005681818181818121
2023-11-27,1840,1840,1756,1768,15303,-0.001129943502824804
2023-11-28,1757,1771,1745,1767,15311,-0.0005656108597285048
2023-11-29,1767,1778,1738,1740,22435,-0.015280135823429575
2023-11-30,1758,1844,1717,1739,31001,-0.0005747126436781436
2023-12-01,1745,1756,1727,1742,25008,0.0017251293847038163
2023-12-04,1701,1752,1701,1750,19538,0.004592422502870175
2023-12-05,1692,1749,1692,1716,27170,-0.01942857142857146
2023-12-06,1716,1716,1690,1690,33680,-0.015151515151515138
2023-12-07,1690,1690,1677,1688,14177,-0.0011834319526626835
2023-12-08,1672,1745,1672,1745,34383,0.03376777251184837
2023-12-11,1745,1749,1717,1738,39917,-0.0040114613180515235
2023-12-12,1773,1773,1721,1721,14289,-0.009781357882623687
2023-12-13,1721,1721,1691,1691,31382,-0.01743172574084839
2023-12-14,1692,1735,1691,1697,26153,0.003548196333530429
2023-12-15,1713,1730,1705,1716,12409,0.011196228638774341
2023-12-18,1733,1733,1700,1706,39072,-0.005827505827505797
2023-12-19,1720,1720,1690,1703,15977,-0.0017584994138335475
2023-12-20,1703,1738,1693,1738,15574,0.020551967116852587
2023-12-21,1738,1738,1695,1710,15755,-0.016110471806674354
2023-12-22,1701,1730,1678,1720,55907,0.005847953216374213
2023-12-26,1729,1730,1707,1724,16617,0.0023255813953488857
2023-12-27,1724,1810,1690,1690,73693,-0.019721577726218076
2023-12-28,1729,1775,1703,1703,47403,0.007692307692307665
2024-01-02,1715,1750,1688,1698,47259,-0.0029359953024075125
2024-01-03,1710,1720,1698,1713,22086,0.008833922261484162
2024-01-04,1722,2225,1722,1985,7609996,0.1587857559836543
2024-01-05,2005,2005,1873,1938,545294,-0.023677581863979835
2024-01-08,1938,1938,1874,1937,258520,-0.0005159958720329927
2024-01-09,1937,1937,1880,1936,182442,-0.0005162622612286949
2024-01-10,1936,1936,1821,1915,125613,-0.010847107438016534
2024-01-11,1895,1968,1870,1935,114467,0.010443864229765065
2024-01-12,1934,1956,1882,1951,126224,0.008268733850129273
2024-01-15,1951,1970,1890,1921,74269,-0.015376729882111695
2024-01-16,1902,1911,1861,1877,65336,-0.022904737116085427
2024-01-17,1895,1907,1820,1835,93028,-0.02237613212573253
2024-01-18,1835,1900,1820,1900,90047,0.03542234332425065
2024-01-19,1892,1960,1891,1916,92303,0.008421052631578885
2024-01-22,1916,1937,1896,1930,55903,0.007306889352818313
2024-01-23,1929,1950,1912,1932,67033,0.0010362694300518616
2024-01-24,1932,1952,1809,1883,102760,-0.025362318840579712
2024-01-25,1868,1913,1800,1890,53768,0.0037174721189590088
2024-01-26,1890,1983,1880,1943,150191,0.02804232804232809
2024-01-29,1943,2010,1870,1924,178511,-0.009778692743180661
2024-01-30,1998,1998,1881,1938,43124,0.007276507276507305
2024-01-31,2070,2515,1996,2240,4637575,0.15583075335397312
2024-02-01,2340,2490,1896,1931,5118433,-0.13794642857142858
2024-02-02,1930,1981,1860,1860,531928,-0.03676851372345935
2024-02-05,1869,1877,1810,1840,184071,-0.010752688172043001
2024-02-06,1826,1850,1769,1798,172836,-0.022826086956521774
2024-02-07,1777,1825,1777,1793,61628,-0.002780867630700734
2024-02-08,1793,1912,1765,1819,162054,0.014500836586726074
2024-02-13,1819,1848,1797,1841,78750,0.01209455744914778
2024-02-14,1822,1842,1783,1838,73880,-0.0016295491580662347
2024-02-15,1838,1847,1712,1768,143135,-0.0380848748639826
2024-02-16,1768,1780,1735,1750,79928,-0.010180995475113086
2024-02-19,1750,1865,1750,1865,75109,0.06571428571428561
2024-02-20,1846,1848,1780,1802,72331,-0.0337801608579088
2024-02-21,1802,1827,1690,1799,117187,-0.0016648168701443034
2024-02-22,1799,1810,1775,1799,27610,0.0
2024-02-23,1785,1810,1763,1800,38320,0.0005558643690939391
2024-02-26,1800,1831,1775,1795,29323,-0.002777777777777768
2024-02-27,1813,1813,1720,1777,42306,-0.010027855153203369
2024-02-28,1777,1794,1755,1791,60129,0.007878446820483997
2024-02-29,1810,1810,1705,1725,211485,-0.0368509212730318
2024-03-04,1740,1740,1688,1692,80141,-0.019130434782608674
2024-03-05,1692,1699,1650,1679,43317,-0.0076832151300236795
2024-03-06,1679,1679,1631,1638,68431,-0.024419297200714674
2024-03-07,1638,1678,1632,1649,27701,0.006715506715506692
2024-03-08,1649,1649,1630,1648,19927,-0.0006064281382656134
2024-03-11,1659,1671,1653,1670,42882,0.013349514563106846
2024-03-12,1670,1713,1635,1639,114194,-0.018562874251497052
2024-03-13,1655,1745,1628,1679,91729,0.02440512507626602
2024-03-14,1679,1754,1660,1706,83048,0.016081000595592698
2024-03-15,1706,1708,1678,1694,37486,-0.007033997655334079
2024-03-18,1687,1687,1657,1680,36929,-0.008264462809917328
2024-03-19,1680,1693,1648,1679,42243,-0.0005952380952380931
2024-03-20,1679,1679,1640,1670,35186,-0.005360333531864159
2024-03-21,1670,1720,1651,1674,51674,0.0023952095808383866
2024-03-22,1691,1694,1640,1658,30274,-0.009557945041816063
2024-03-25,1657,1695,1610,1615,86804,-0.02593486127864897
2024-03-26,1616,1621,1571,1603,158269,-0.007430340557275539
2024-03-27,1615,1660,1597,1601,22905,-0.0012476606363068798
2024-03-28,1601,1620,1577,1579,25969,-0.013741411617738897
2024-03-29,1579,1590,1566,1579,22916,0.0
2024-04-01,1649,1649,1609,1624,39247,0.02849905003166553
2024-04-02,1624,1760,1624,1710,1103788,0.05295566502463056
2024-04-03,1710,1732,1667,1670,67626,-0.023391812865497075
2024-04-04,1671,1724,1671,1699,39878,0.017365269461077748
2024-04-05,1699,1722,1610,1720,63287,0.012360211889346662
2024-04-08,1720,1720,1666,1697,29059,-0.013372093023255816
2024-04-09,1697,1723,1616,1637,53606,-0.03535651149086627
2024-04-11,1637,1661,1625,1625,38283,-0.007330482590103826
2024-04-12,1625,1640,1576,1585,93560,-0.024615384615384595
2024-04-15,1585,1629,1550,1553,67943,-0.02018927444794949
2024-04-16,1552,1552,1498,1503,74129,-0.03219575016097875
2024-04-17,1503,1517,1479,1487,34179,-0.010645375914836941
2024-04-18,1487,1503,1480,1502,27261,0.01008742434431742
2024-04-19,1502,1590,1502,1526,68863,0.015978695073235683
2024-04-22,1510,1539,1495,1510,23611,-0.010484927916120546
2024-04-23,1510,1538,1490,1501,30684,-0.00596026490066226
2024-04-24,1511,1526,1481,1483,57602,-0.011992005329780175
2024-04-25,1483,1490,1471,1472,15470,-0.007417397167902906
2024-04-26,1473,1482,1452,1474,27073,0.0013586956521738358
2024-04-29,1474,1480,1465,1479,25123,0.0033921302578019397
2024-04-30,1479,1500,1479,1487,22093,0.005409060175794567
2024-05-02,1487,1492,1466,1468,31640,-0.012777404169468709
2024-05-03,1468,1473,1457,1473,21685,0.0034059945504087974
2024-05-07,1487,1501,1483,1499,28585,0.017651052274270107
2024-05-08,1499,1505,1482,1498,29139,-0.0006671114076051143
2024-05-09,1498,1504,1464,1464,43826,-0.022696929238985364
2024-05-10,1464,1479,1458,1458,23441,-0.004098360655737654
2024-05-13,1458,1478,1424,1430,72040,-0.019204389574759895
2024-05-14,1430,1459,1430,1458,35507,0.019580419580419672
2024-05-16,1472,1487,1441,1457,29235,-0.000685871056241405
2024-05-17,1486,1549,1454,1475,32033,0.012354152367879179
2024-05-20,1475,1492,1461,1477,30396,0.0013559322033898091
2024-05-21,1476,1479,1436,1446,41736,-0.02098849018280302
2024-05-22,1446,1461,1433,1445,50367,-0.0006915629322268302
2024-05-23,1449,1460,1430,1459,22678,0.009688581314878819
2024-05-24,1459,1500,1450,1450,13377,-0.006168608636052064
