Date,Open,High,Low,Close,Volume,Change
2022-01-03,4430,4490,4405,4485,249468,0.014705882352941124
2022-01-04,4495,4510,4435,4500,252399,0.0033444816053511683
2022-01-05,4505,4560,4435,4490,272709,-0.0022222222222222365
2022-01-06,4430,4485,4310,4340,215262,-0.03340757238307346
2022-01-07,4340,4500,4320,4465,148598,0.02880184331797242
2022-01-10,4475,4475,4365,4370,92695,-0.021276595744680882
2022-01-11,4375,4385,4210,4220,164864,-0.034324942791762014
2022-01-12,4265,4315,4225,4305,117221,0.020142180094786744
2022-01-13,4340,4340,4260,4320,91958,0.0034843205574912606
2022-01-14,4310,4310,4205,4220,96501,-0.02314814814814814
2022-01-17,4220,4220,4060,4105,133895,-0.027251184834123254
2022-01-18,4090,4185,4025,4055,91589,-0.01218026796589522
2022-01-19,4045,4075,3960,4000,89217,-0.013563501849568449
2022-01-20,3970,4070,3950,4045,87441,0.011249999999999982
2022-01-21,4045,4070,3995,4030,85029,-0.003708281829419069
2022-01-24,3995,4020,3865,3870,129493,-0.03970223325062039
2022-01-25,3865,3900,3700,3720,154459,-0.03875968992248058
2022-01-26,3675,3780,3675,3720,103638,0.0
2022-01-27,3720,3765,3605,3640,135599,-0.021505376344086002
2022-01-28,3650,3765,3585,3755,99992,0.0315934065934067
2022-02-03,3775,3925,3775,3880,104348,0.0332889480692411
2022-02-04,3860,3935,3860,3910,59812,0.0077319587628865705
2022-02-07,3930,3960,3885,3935,66400,0.006393861892583175
2022-02-08,3935,3955,3850,3900,93729,-0.008894536213468918
2022-02-09,3910,3965,3910,3960,49426,0.01538461538461533
2022-02-10,3960,4000,3930,3950,64517,-0.002525252525252486
2022-02-11,3910,3920,3850,3850,52589,-0.025316455696202556
2022-02-14,3765,3810,3680,3705,87081,-0.03766233766233762
2022-02-15,3670,3715,3615,3645,87227,-0.01619433198380571
2022-02-16,3665,3795,3665,3755,45099,0.030178326474622708
2022-02-17,3805,3885,3745,3800,95896,0.011984021304926706
2022-02-18,3765,3840,3735,3840,34265,0.010526315789473717
2022-02-21,3820,3830,3755,3800,35185,-0.01041666666666663
2022-02-22,3695,3750,3685,3715,95928,-0.022368421052631593
2022-02-23,3700,3780,3695,3755,59105,0.010767160161507361
2022-02-24,3715,3770,3650,3710,75149,-0.011984021304926817
2022-02-25,3735,3805,3725,3780,72175,0.018867924528301883
2022-02-28,3805,3805,3755,3780,35718,0.0
2022-03-02,3785,3860,3750,3845,65699,0.01719576719576721
2022-03-03,3865,3940,3845,3895,93127,0.013003901170351106
2022-03-04,3875,3915,3825,3895,48960,0.0
2022-03-07,3870,3870,3755,3760,47864,-0.03465982028241332
2022-03-08,3710,3745,3670,3705,53737,-0.0146276595744681
2022-03-10,3720,3805,3720,3780,47160,0.020242914979757165
2022-03-11,3795,3815,3760,3790,39102,0.002645502645502562
2022-03-14,3860,3920,3795,3810,82148,0.005277044854881341
2022-03-15,3770,3855,3770,3835,56932,0.006561679790026309
2022-03-16,3860,3890,3845,3885,38621,0.01303780964797907
2022-03-17,3925,3925,3885,3920,43936,0.009009009009008917
2022-03-18,3920,3935,3900,3920,55057,0.0
2022-03-21,3895,3945,3885,3900,44203,-0.005102040816326481
2022-03-22,3900,3950,3900,3920,63031,0.00512820512820511
2022-03-23,3945,3975,3920,3970,58911,0.012755102040816313
2022-03-24,3975,3980,3935,3970,42048,0.0
2022-03-25,3970,4010,3950,3960,62016,-0.0025188916876573986
2022-03-28,3960,3985,3945,3970,47920,0.002525252525252597
2022-03-29,3970,4010,3970,3975,57266,0.0012594458438286438
2022-03-30,4000,4045,3990,3990,52385,0.0037735849056603765
2022-03-31,4000,4045,3970,4025,73774,0.00877192982456143
2022-04-01,4005,4040,3985,4020,110673,-0.001242236024844745
2022-04-04,4015,4055,4000,4035,98360,0.003731343283582156
2022-04-05,4010,4050,3995,4040,84220,0.0012391573729864103
2022-04-06,4100,4110,4000,4010,120648,-0.007425742574257432
2022-04-07,4000,4000,3880,3915,117661,-0.023690773067331694
2022-04-08,3910,3930,3870,3900,57097,-0.003831417624521105
2022-04-11,3900,3940,3880,3890,33687,-0.002564102564102555
2022-04-12,3835,3885,3810,3850,40192,-0.010282776349614386
2022-04-13,3850,3950,3850,3940,43305,0.023376623376623273
2022-04-14,3940,4025,3915,3945,64717,0.0012690355329949554
2022-04-15,3930,4005,3925,3980,43932,0.008871989860582907
2022-04-18,3990,4075,3990,4055,105171,0.018844221105527748
2022-04-19,4055,4090,4050,4070,53456,0.0036991368680641123
2022-04-20,4075,4130,4050,4055,107813,-0.0036855036855036882
2022-04-21,4055,4160,4035,4115,80914,0.01479654747225645
2022-04-22,4115,4155,4070,4100,55017,-0.0036452004860266785
2022-04-25,4045,4075,3970,3970,65328,-0.03170731707317076
2022-04-26,3975,4060,3975,3995,43301,0.006297229219143663
2022-04-27,3975,3985,3900,3950,31361,-0.01126408010012514
2022-04-28,3950,4000,3920,3960,54636,0.0025316455696202667
2022-04-29,3960,4095,3930,4005,96884,0.011363636363636465
2022-05-02,3975,3975,3895,3960,66799,-0.011235955056179803
2022-05-03,3955,3980,3925,3960,38829,0.0
2022-05-04,3965,4110,3960,4040,161881,0.02020202020202011
2022-05-06,4020,4020,3890,3925,95435,-0.02846534653465349
2022-05-09,3920,4320,3800,3800,1844684,-0.031847133757961776
2022-05-10,3810,3845,3645,3800,175886,0.0
2022-05-11,3800,3840,3730,3765,79096,-0.009210526315789447
2022-05-12,3745,3795,3655,3680,109275,-0.02257636122177953
2022-05-13,3680,3765,3680,3745,47411,0.017663043478260976
2022-05-16,3760,3810,3745,3745,48581,0.0
2022-05-17,3750,3825,3750,3800,65762,0.014686248331108098
2022-05-18,3875,3885,3795,3805,116093,0.001315789473684159
2022-05-19,3740,3750,3670,3710,62600,-0.024967148488830526
2022-05-20,3710,3760,3710,3750,23100,0.010781671159029615
2022-05-23,3755,3785,3700,3730,43576,-0.005333333333333301
2022-05-24,3730,3730,3655,3690,54767,-0.01072386058981234
2022-05-25,3655,3690,3625,3640,50861,-0.013550135501354976
2022-05-26,3635,3700,3600,3645,42130,0.0013736263736263687
2022-05-27,3650,3680,3650,3655,26792,0.00274348422496562
2022-05-30,3665,3720,3665,3675,38174,0.00547195622435015
2022-05-31,3680,3710,3675,3685,20764,0.0027210884353741083
2022-06-02,3690,3710,3665,3680,40133,-0.0013568521031207537
2022-06-03,3710,3715,3685,3695,23711,0.0040760869565217295
2022-06-07,3690,3690,3645,3665,31580,-0.008119079837618393
2022-06-08,3635,3665,3615,3615,32431,-0.013642564802182844
2022-06-09,3615,3615,3570,3575,44232,-0.011065006915629283
2022-06-10,3570,3590,3510,3550,54555,-0.006993006993006978
2022-06-13,3455,3535,3355,3355,91838,-0.05492957746478877
2022-06-14,3230,3330,3195,3255,126704,-0.02980625931445602
2022-06-15,3205,3270,3040,3065,151181,-0.05837173579109067
2022-06-16,3130,3265,3085,3100,75525,0.011419249592169667
2022-06-17,3060,3170,2970,3150,75496,0.016129032258064502
2022-06-20,3150,3185,2900,3000,101228,-0.04761904761904767
2022-06-21,2995,3110,2975,3055,42447,0.018333333333333313
2022-06-22,3055,3360,2655,2870,510204,-0.060556464811784005
2022-06-23,2870,2870,2585,2610,278213,-0.09059233449477355
2022-06-24,2610,2755,2610,2745,79298,0.051724137931034475
2022-06-27,2800,2880,2745,2870,51179,0.04553734061930781
2022-06-28,2840,2900,2680,2895,48683,0.008710801393728262
2022-06-29,2865,2905,2815,2875,23561,-0.006908462867012077
2022-06-30,2855,2940,2785,2800,99279,-0.02608695652173909
2022-07-01,2755,2815,2675,2690,55671,-0.03928571428571426
2022-07-04,2690,2720,2580,2635,44611,-0.020446096654275103
2022-07-05,2600,2760,2600,2755,41674,0.04554079696394697
2022-07-06,2800,2815,2645,2730,42625,-0.00907441016333943
2022-07-07,2710,2840,2710,2835,44502,0.03846153846153855
2022-07-08,2840,2900,2840,2900,24960,0.022927689594356204
2022-07-11,2910,2930,2870,2900,15095,0.0
2022-07-12,2855,2940,2755,2790,46150,-0.037931034482758585
2022-07-13,2790,2860,2710,2845,35219,0.019713261648745428
2022-07-14,2785,2840,2735,2795,28561,-0.017574692442882234
2022-07-15,2795,2795,2710,2785,33249,-0.003577817531305927
2022-07-18,2785,2850,2785,2835,33800,0.01795332136445249
2022-07-19,2835,2910,2820,2890,28396,0.01940035273368612
2022-07-20,2930,2945,2895,2945,32460,0.01903114186851207
2022-07-21,2960,2960,2915,2925,25992,-0.006791171477079749
2022-07-22,2920,2955,2890,2935,22810,0.0034188034188034067
2022-07-25,3160,3400,2975,2975,709756,0.013628620102214661
2022-07-26,3000,3020,2935,3015,90759,0.013445378151260456
2022-07-27,3030,3030,2950,2980,35490,-0.011608623548922004
2022-07-28,2985,3050,2970,2980,35147,0.0
2022-07-29,2960,3025,2940,2965,78256,-0.005033557046979831
2022-08-01,2995,3010,2930,2965,43625,0.0
2022-08-02,2965,3015,2940,2985,41795,0.006745362563237878
2022-08-03,2985,3030,2970,3020,33721,0.011725293132328396
2022-08-04,3025,3070,3025,3050,31341,0.009933774834437026
2022-08-05,3065,3065,3040,3055,21501,0.0016393442622950616
2022-08-08,3040,3055,2995,3020,17245,-0.011456628477905073
2022-08-09,2990,3050,2990,3045,19013,0.008278145695364225
2022-08-10,3045,3060,2990,3015,15235,-0.009852216748768461
2022-08-11,3015,3035,3010,3025,13788,0.0033167495854062867
2022-08-12,3010,3075,3010,3055,16580,0.009917355371900749
2022-08-16,3100,3100,3050,3050,17576,-0.0016366612111292644
2022-08-17,3015,3035,2960,2980,32230,-0.022950819672131195
2022-08-18,2965,2975,2895,2940,66330,-0.01342281879194629
2022-08-19,2935,2940,2870,2885,22636,-0.018707482993197244
2022-08-22,2875,2885,2790,2790,38155,-0.032928942807625705
2022-08-23,2695,2770,2695,2735,31819,-0.01971326164874554
2022-08-24,2735,2770,2730,2770,28693,0.01279707495429605
2022-08-25,2825,2830,2770,2810,21076,0.014440433212996373
2022-08-26,2825,2880,2825,2845,27122,0.01245551601423478
2022-08-29,2790,2810,2750,2755,27287,-0.03163444639718804
2022-08-30,2740,2785,2740,2770,24343,0.005444646098003547
2022-08-31,2790,2840,2755,2840,40853,0.025270758122743597
2022-09-01,2820,2870,2780,2785,36407,-0.01936619718309862
2022-09-02,2785,3360,2780,2930,9547338,0.05206463195691202
2022-09-05,2965,3100,2915,2970,958803,0.013651877133105783
2022-09-06,3060,3600,3055,3320,10516777,0.11784511784511786
2022-09-07,3325,3395,3245,3365,938082,0.013554216867469826
2022-09-08,3335,3445,3170,3230,995018,-0.04011887072808318
2022-09-13,3255,3335,3250,3280,312539,0.015479876160990669
2022-09-14,3200,3220,3130,3215,209336,-0.01981707317073167
2022-09-15,3190,3250,3160,3235,170104,0.0062208398133747345
2022-09-16,3195,3255,3110,3110,184810,-0.03863987635239563
2022-09-19,3080,3100,2940,2950,186709,-0.05144694533762062
2022-09-20,2960,3040,2950,3035,129995,0.028813559322034
2022-09-21,3020,3030,2985,3010,51614,-0.008237232289950547
2022-09-22,2970,2995,2845,2950,130548,-0.019933554817275767
2022-09-23,2940,2945,2805,2805,112290,-0.04915254237288136
2022-09-26,2740,2785,2600,2605,161672,-0.071301247771836
2022-09-27,2570,2655,2550,2610,101048,0.0019193857965451588
2022-09-28,2550,2650,2450,2460,120141,-0.05747126436781613
2022-09-29,2500,2560,2425,2425,56908,-0.014227642276422814
2022-09-30,2375,2470,2370,2405,87820,-0.008247422680412342
2022-10-04,2435,2510,2435,2500,67336,0.03950103950103956
2022-10-05,2505,2545,2450,2450,67403,-0.020000000000000018
2022-10-06,2450,2545,2450,2525,46759,0.030612244897959107
2022-10-07,2495,2540,2475,2515,21565,-0.003960396039603964
2022-10-11,2440,2450,2340,2340,65820,-0.06958250497017893
2022-10-12,2310,2340,2285,2320,44227,-0.008547008547008517
2022-10-13,2295,2315,2070,2155,98852,-0.07112068965517238
2022-10-14,2175,2330,2175,2280,55180,0.058004640371229765
2022-10-17,2280,2380,2250,2380,38407,0.04385964912280693
2022-10-18,2445,2460,2390,2450,24339,0.02941176470588225
2022-10-19,2460,2510,2420,2460,55139,0.004081632653061273
2022-10-20,2430,2475,2415,2445,37238,-0.0060975609756097615
2022-10-21,2420,2470,2355,2360,48252,-0.03476482617586907
2022-10-24,2385,2440,2385,2395,25697,0.014830508474576343
2022-10-25,2390,2435,2390,2415,25055,0.008350730688935215
2022-10-26,2425,2430,2390,2400,16532,-0.006211180124223614
2022-10-27,2415,2500,2400,2495,20712,0.039583333333333304
2022-10-28,2495,2495,2400,2430,25769,-0.02605210420841686
2022-10-31,2435,2490,2430,2490,19800,0.024691358024691468
2022-11-01,2450,2580,2445,2480,43573,-0.004016064257028162
2022-11-02,2530,2555,2470,2480,44238,0.0
2022-11-03,2410,2495,2380,2485,34644,0.002016129032258007
2022-11-04,2465,2500,2425,2475,10431,-0.004024144869215318
2022-11-07,2475,2485,2440,2440,23590,-0.014141414141414121
2022-11-08,2415,2495,2415,2480,39749,0.016393442622950838
2022-11-09,2480,2545,2480,2525,30941,0.01814516129032251
2022-11-10,2500,2525,2370,2510,20852,-0.005940594059405946
2022-11-11,2595,2595,2525,2535,41930,0.009960159362549792
2022-11-14,2535,2740,2535,2640,411793,0.041420118343195256
2022-11-15,2640,2665,2585,2665,46338,0.009469696969697017
2022-11-16,2665,2665,2565,2580,86783,-0.031894934333958735
2022-11-17,2590,2620,2540,2565,41774,-0.005813953488372103
2022-11-18,2540,2680,2540,2635,81596,0.02729044834308003
2022-11-21,2670,2715,2640,2645,60610,0.00379506641366234
2022-11-22,2605,2615,2550,2595,20421,-0.018903591682419618
2022-11-23,2585,2620,2565,2570,24601,-0.009633911368015391
2022-11-24,2595,2655,2580,2625,20081,0.021400778210116655
2022-11-25,2630,2695,2600,2635,38223,0.003809523809523707
2022-11-28,2635,2635,2560,2560,42680,-0.028462998102466774
2022-11-29,2535,2680,2450,2610,52072,0.01953125
2022-11-30,2580,2640,2580,2640,48034,0.011494252873563315
2022-12-01,2670,2680,2600,2635,47035,-0.0018939393939394478
2022-12-02,2650,2655,2605,2650,27747,0.005692599620493288
2022-12-05,2650,2720,2635,2710,73934,0.02264150943396226
2022-12-06,2665,2700,2650,2700,43515,-0.0036900369003689537
2022-12-07,2665,2670,2605,2645,21837,-0.020370370370370372
2022-12-08,2615,2630,2505,2540,28514,-0.03969754253308133
2022-12-09,2525,2570,2515,2565,29516,0.009842519685039353
2022-12-12,2570,2620,2560,2585,29259,0.007797270955165692
2022-12-13,2595,2615,2525,2560,25608,-0.009671179883945835
2022-12-14,2545,2645,2545,2630,29649,0.02734375
2022-12-15,2650,2720,2610,2685,44240,0.02091254752851701
2022-12-16,2650,2675,2600,2635,30398,-0.01862197392923648
2022-12-19,2590,2630,2560,2605,24236,-0.011385199240986688
2022-12-20,2565,2615,2535,2565,79529,-0.015355086372360827
2022-12-21,2550,2615,2510,2520,27287,-0.01754385964912286
2022-12-22,2530,3110,2515,2760,6319543,0.09523809523809534
2022-12-23,2745,2780,2650,2765,1301327,0.0018115942028984477
2022-12-26,3110,3290,2760,2785,12495479,0.00723327305605781
2022-12-27,2715,3380,2675,3030,13684216,0.08797127468581678
2022-12-28,3015,3065,2900,2915,1778268,-0.037953795379537913
2022-12-29,2840,2865,2665,2680,707423,-0.0806174957118353
2023-01-02,2690,2930,2690,2775,2251983,0.035447761194029814
2023-01-03,2725,3050,2725,2900,3390142,0.04504504504504503
2023-01-04,2905,3090,2835,2960,1710272,0.020689655172413834
2023-01-05,2940,2990,2800,2805,602123,-0.05236486486486491
2023-01-06,2865,2960,2830,2900,430431,0.033868092691622165
2023-01-09,2980,3390,2950,3225,10571726,0.11206896551724133
2023-01-10,3190,3255,3110,3110,941750,-0.03565891472868221
2023-01-11,3140,3335,3085,3105,1812968,-0.001607717041800627
2023-01-12,3130,3130,3020,3050,287280,-0.017713365539452464
2023-01-13,3050,3160,3050,3070,481909,0.006557377049180246
2023-01-16,3100,3255,3070,3085,1236350,0.004885993485342022
2023-01-17,3125,3125,2970,2975,342813,-0.03565640194489461
2023-01-18,3025,3060,2975,3000,165305,0.008403361344537785
2023-01-19,3040,3575,3030,3195,18475591,0.06499999999999995
2023-01-20,3195,3300,3160,3220,1436572,0.00782472613458518
2023-01-25,3255,3390,3160,3180,1444592,-0.012422360248447228
2023-01-26,3160,3390,3160,3350,1943827,0.053459119496855445
2023-01-27,3350,3400,3285,3310,831274,-0.011940298507462699
2023-01-30,3400,3405,3180,3295,534508,-0.004531722054380682
2023-01-31,3245,3910,3215,3500,10801972,0.06221547799696503
2023-02-01,3440,3640,3435,3435,1976328,-0.018571428571428572
2023-02-02,3435,3600,3435,3480,1634729,0.013100436681222627
2023-02-03,3550,3875,3440,3550,5190057,0.02011494252873569
2023-02-06,3550,3700,3485,3565,1806770,0.004225352112676051
2023-02-07,3620,3680,3490,3500,910157,-0.018232819074333828
2023-02-08,3515,3530,3450,3450,281449,-0.014285714285714235
2023-02-09,3435,3525,3360,3490,300143,0.011594202898550732
2023-02-10,3460,3710,3370,3610,1484664,0.034383954154727725
2023-02-13,3585,3640,3485,3535,445138,-0.020775623268698085
2023-02-14,3530,3555,3400,3400,252211,-0.038189533239038176
2023-02-15,3410,3605,3070,3185,1018592,-0.06323529411764706
2023-02-16,3725,3745,3200,3200,4221898,0.0047095761381474865
2023-02-17,3155,3300,2900,2960,1512660,-0.07499999999999996
2023-02-20,2920,3150,2865,2945,902765,-0.0050675675675675436
2023-02-21,2960,3120,2950,3010,703345,0.022071307300509435
2023-02-22,2955,3005,2920,2930,191700,-0.02657807308970095
2023-02-23,2935,3140,2930,3045,824831,0.03924914675767921
2023-02-24,3195,3345,2965,2965,1589344,-0.026272577996715896
2023-02-27,2925,3050,2925,3000,203091,0.01180438448566612
2023-02-28,3000,3125,2975,3075,412990,0.02499999999999991
2023-03-02,3055,3240,2995,3055,1128008,-0.006504065040650375
2023-03-03,3055,3200,3050,3120,913240,0.02127659574468077
2023-03-06,3115,3175,3085,3135,236984,0.004807692307692291
2023-03-07,3145,3210,3095,3210,395820,0.02392344497607657
2023-03-08,3190,3195,3100,3115,191286,-0.029595015576323935
2023-03-09,3115,3270,3090,3155,734386,0.01284109149277679
2023-03-10,3110,3305,3010,3305,1525318,0.047543581616481756
2023-03-13,3120,3130,3015,3065,496598,-0.07261724659606661
2023-03-14,3025,3040,2770,2770,422147,-0.09624796084828713
2023-03-15,2830,2970,2820,2920,255423,0.054151624548736566
2023-03-16,2905,3030,2835,2970,257164,0.017123287671232834
2023-03-17,3045,3060,2975,3010,225431,0.013468013468013407
2023-03-20,3010,3065,2990,3000,97192,-0.0033222591362126463
2023-03-21,3000,3040,2985,2985,80156,-0.0050000000000000044
2023-03-22,2995,3090,2985,2985,281934,0.0
2023-03-23,2965,3025,2955,2975,110504,-0.00335008375209378
2023-03-24,2975,3060,2975,3015,126156,0.013445378151260456
2023-03-27,3040,3060,2940,2995,78145,-0.0066334991708125735
2023-03-28,2985,3030,2980,3030,85965,0.011686143572620988
2023-03-29,3015,3100,3000,3100,188591,0.02310231023102305
2023-03-30,3100,3100,3030,3060,82467,-0.012903225806451646
2023-03-31,3070,3070,2970,2985,137421,-0.02450980392156865
2023-04-03,2985,3030,2970,3025,95097,0.01340033500837512
2023-04-04,2995,3055,2995,3000,76582,-0.008264462809917328
2023-04-05,3000,3050,2970,3030,110703,0.010000000000000009
2023-04-06,3035,3060,2910,2945,158651,-0.028052805280528004
2023-04-07,2970,2975,2905,2910,84969,-0.011884550084889645
2023-04-10,2910,2925,2735,2785,215063,-0.04295532646048106
2023-04-11,2750,2920,2750,2860,204318,0.026929982046678624
2023-04-12,2860,2910,2800,2885,114610,0.00874125874125875
2023-04-13,2885,2910,2835,2905,81127,0.006932409012131657
2023-04-14,2915,3030,2890,2890,264755,-0.005163511187607606
2023-04-17,2890,2915,2865,2895,59050,0.0017301038062282892
2023-04-18,2895,2895,2810,2845,91457,-0.01727115716753025
2023-04-19,2845,2860,2815,2840,65031,-0.0017574692442882123
2023-04-20,2820,2840,2760,2780,115207,-0.021126760563380254
2023-04-21,2770,2780,2680,2685,115808,-0.03417266187050361
2023-04-24,2675,2755,2660,2750,83750,0.024208566108007368
2023-04-25,2725,2780,2620,2630,122229,-0.043636363636363584
2023-04-26,2620,2775,2615,2615,115455,-0.005703422053231932
2023-04-27,2575,2680,2550,2660,78726,0.017208413001912115
2023-04-28,2665,2680,2575,2600,64887,-0.022556390977443663
2023-05-02,2600,2790,2595,2670,134084,0.026923076923076827
2023-05-03,2650,2690,2620,2655,50429,-0.005617977528089901
2023-05-04,2625,2645,2585,2620,55506,-0.013182674199623379
2023-05-08,2620,2675,2610,2660,55195,0.01526717557251911
2023-05-09,2620,2700,2615,2680,56662,0.007518796992481258
2023-05-10,2645,2705,2645,2700,54935,0.00746268656716409
2023-05-11,2700,2720,2660,2720,34881,0.007407407407407307
2023-05-12,2720,2720,2675,2685,35324,-0.012867647058823484
2023-05-15,2670,2685,2635,2640,37671,-0.016759776536312887
2023-05-16,2655,2725,2655,2710,76644,0.026515151515151603
2023-05-17,2720,2775,2720,2755,64295,0.016605166051660625
2023-05-18,2755,2900,2755,2755,294564,0.0
2023-05-19,2795,2805,2765,2765,37148,0.003629764065335772
2023-05-22,2765,2790,2765,2785,36409,0.00723327305605781
2023-05-23,2765,2800,2765,2800,40972,0.0053859964093356805
2023-05-24,2800,2810,2755,2785,37606,-0.005357142857142838
2023-05-25,2760,2785,2725,2730,39492,-0.019748653500897717
2023-05-26,2730,2780,2695,2730,43345,0.0
2023-05-30,2740,2825,2725,2815,112054,0.031135531135531025
2023-05-31,2815,2870,2795,2805,116000,-0.003552397868561319
2023-06-01,2805,2845,2780,2840,43745,0.012477718360071277
2023-06-02,2840,2850,2780,2840,84606,0.0
2023-06-05,2840,2895,2790,2880,118890,0.014084507042253502
2023-06-07,2855,2955,2845,2900,192545,0.00694444444444442
2023-06-08,2900,2930,2865,2905,53735,0.0017241379310344307
2023-06-09,2890,2920,2890,2905,60839,0.0
2023-06-12,2905,2920,2875,2915,55928,0.0034423407917383297
2023-06-13,2890,2940,2890,2940,73293,0.00857632933104635
2023-06-14,2940,2965,2900,2950,95188,0.00340136054421758
2023-06-15,2920,2940,2910,2935,41026,-0.005084745762711895
2023-06-16,2935,3000,2920,2985,154776,0.017035775127768327
2023-06-19,2960,2980,2900,2930,62228,-0.018425460636515956
2023-06-20,2930,2960,2915,2950,48408,0.006825938566553003
2023-06-21,2950,2990,2925,2975,54125,0.008474576271186418
2023-06-22,2930,3015,2930,2990,83002,0.005042016806722671
2023-06-23,2980,3005,2930,3000,97055,0.0033444816053511683
2023-06-26,2995,3150,2955,2965,417288,-0.011666666666666714
2023-06-27,2975,3020,2935,2995,86091,0.010118043844856706
2023-06-28,2960,2970,2925,2935,63959,-0.02003338898163609
2023-06-29,2925,2965,2870,2885,63805,-0.017035775127768327
2023-06-30,2875,2900,2825,2855,72833,-0.010398613518197597
2023-07-03,2860,2980,2860,2975,98713,0.042031523642731994
2023-07-04,2960,3305,2900,3010,2703272,0.0117647058823529
2023-07-05,2970,3175,2970,3065,848725,0.0182724252491695
2023-07-06,3030,3285,2925,2985,1835350,-0.02610114192495927
2023-07-07,3010,3065,2950,2950,310339,-0.011725293132328285
2023-07-10,2965,3035,2925,2990,255568,0.013559322033898313
2023-07-11,3010,3150,3000,3055,519846,0.021739130434782705
2023-07-12,3080,3090,2990,3050,152510,-0.0016366612111292644
2023-07-13,3050,3055,2970,2990,113042,-0.01967213114754096
2023-07-14,2990,2990,2885,2910,113323,-0.026755852842809347
2023-07-17,2935,2995,2855,2925,72593,0.005154639175257714
2023-07-18,2910,2995,2865,2910,86158,-0.00512820512820511
2023-07-19,2880,2910,2785,2835,145751,-0.02577319587628868
2023-07-20,2835,2835,2750,2760,98854,-0.02645502645502651
2023-07-21,2760,2795,2730,2750,35269,-0.0036231884057971175
2023-07-24,2760,2760,2650,2670,90872,-0.029090909090909056
2023-07-25,2660,2705,2660,2670,38933,0.0
2023-07-26,2665,2685,2450,2535,188676,-0.050561797752809
2023-07-27,2535,2635,2510,2550,59561,0.00591715976331364
2023-07-28,2520,2630,2520,2600,45360,0.019607843137254832
2023-07-31,2600,2660,2600,2660,27342,0.023076923076922995
2023-08-01,2630,2675,2625,2675,26023,0.005639097744360999
2023-08-02,2680,2880,2650,2810,489660,0.05046728971962611
2023-08-03,2825,3000,2670,2765,664195,-0.016014234875444844
2023-08-04,2725,2825,2720,2825,64663,0.02169981916817365
2023-08-07,2800,3125,2755,3025,1450229,0.07079646017699126
2023-08-08,2970,3095,2850,2885,660774,-0.046280991735537236
2023-08-09,2885,2945,2860,2895,106792,0.0034662045060658286
2023-08-10,2930,2930,2835,2870,69681,-0.008635578583765069
2023-08-11,2860,2900,2815,2860,91347,-0.0034843205574912606
2023-08-14,2845,2870,2805,2835,49255,-0.00874125874125875
2023-08-16,2945,3100,2860,2940,696883,0.03703703703703698
2023-08-17,2905,2940,2840,2870,204306,-0.023809523809523836
2023-08-18,2835,2955,2835,2890,94243,0.006968641114982521
2023-08-21,2845,2985,2845,2945,93646,0.01903114186851207
2023-08-22,2955,2990,2880,2950,49654,0.001697792869269854
2023-08-23,2940,2970,2870,2955,50380,0.0016949152542373724
2023-08-24,2925,2990,2900,2900,56667,-0.0186125211505922
2023-08-25,2900,2975,2880,2920,79305,0.006896551724137945
2023-08-28,2920,2945,2885,2945,34964,0.008561643835616417
2023-08-29,2945,3035,2945,3020,130124,0.025466893039049143
2023-08-30,3020,3050,2980,3035,48443,0.004966887417218624
2023-08-31,3035,3055,3000,3000,45247,-0.011532125205930832
2023-09-01,3000,3240,2950,3100,1583682,0.03333333333333344
2023-09-04,3485,3540,2930,2930,3035428,-0.05483870967741933
2023-09-05,2945,3025,2910,2985,496814,0.018771331058020424
2023-09-06,2980,3005,2905,2905,301499,-0.02680067001675046
2023-09-07,2895,3140,2890,3130,785747,0.07745266781411364
2023-09-08,3090,3130,3040,3055,292727,-0.02396166134185307
2023-09-11,3045,3100,3025,3085,107401,0.009819967266775809
2023-09-12,3100,3145,3075,3100,189352,0.004862236628849326
2023-09-13,3100,3390,3055,3255,3791540,0.050000000000000044
2023-09-14,3195,3230,3070,3150,588339,-0.032258064516129004
2023-09-15,3175,3470,3170,3470,1469036,0.10158730158730167
2023-09-18,3420,3705,3280,3435,2363187,-0.010086455331412059
2023-09-19,3435,3600,3335,3410,643677,-0.00727802037845704
2023-09-20,3380,3480,3310,3310,228035,-0.029325513196480912
2023-09-21,3295,3375,3205,3215,227587,-0.028700906344410915
2023-09-22,3215,3255,3105,3135,293864,-0.02488335925349927
2023-09-25,3135,3225,3065,3065,202717,-0.022328548644338087
2023-09-26,3065,3125,2990,2990,119464,-0.024469820554649302
2023-09-27,2975,3145,2970,3090,121831,0.03344481605351168
2023-10-04,3090,3720,2955,2955,2039343,-0.043689320388349495
2023-10-05,2990,3020,2915,2915,217629,-0.013536379018612488
2023-10-06,2920,3055,2920,2980,225957,0.022298456260720467
2023-10-10,3010,3135,2995,3020,226897,0.01342281879194629
2023-10-11,3035,3230,3035,3160,349019,0.04635761589403975
2023-10-12,3165,3225,3125,3225,225552,0.020569620253164667
2023-10-13,3200,3210,3100,3100,114414,-0.03875968992248058
2023-10-16,3100,3105,2975,3040,134596,-0.01935483870967747
2023-10-17,3040,3115,3025,3040,75001,0.0
2023-10-18,3080,3080,2955,2970,72125,-0.023026315789473673
2023-10-19,2960,2960,2810,2845,114348,-0.04208754208754206
2023-10-20,2830,2840,2710,2715,99770,-0.04569420035149385
2023-10-23,2700,2825,2700,2725,69351,0.0036832412523020164
2023-10-24,2725,2850,2625,2850,97919,0.04587155963302747
2023-10-25,2850,2870,2805,2870,47096,0.007017543859649145
2023-10-26,2845,2845,2765,2820,72284,-0.017421602787456414
2023-10-27,2820,2895,2785,2895,53616,0.02659574468085113
2023-10-30,2895,2975,2855,2945,86549,0.017271157167530138
2023-10-31,2945,3010,2935,2975,79642,0.01018675721561979
2023-11-01,3000,3075,2845,3035,113153,0.020168067226890685
2023-11-02,3035,3075,2920,2940,283226,-0.03130148270181221
2023-11-03,2915,2970,2875,2930,115270,-0.003401360544217691
2023-11-06,3015,3015,2915,2935,106104,0.0017064846416381396
2023-11-07,2935,2995,2865,2940,92570,0.0017035775127767216
2023-11-08,2940,2970,2880,2880,90065,-0.020408163265306145
2023-11-09,2895,2895,2725,2800,67983,-0.02777777777777779
2023-11-10,2800,2800,2720,2790,69631,-0.0035714285714285587
2023-11-13,2780,2845,2740,2740,80203,-0.017921146953404965
2023-11-14,2740,2820,2740,2770,62133,0.010948905109489093
2023-11-15,2830,2830,2725,2765,194855,-0.0018050541516245744
2023-11-16,2750,2765,2665,2710,144120,-0.019891500904159143
2023-11-17,2700,2715,2565,2625,174431,-0.03136531365313655
2023-11-20,2625,2785,2610,2745,146545,0.04571428571428582
2023-11-21,2740,2785,2720,2785,72070,0.014571948998178597
2023-11-22,2785,2785,2610,2770,53095,-0.0053859964093356805
2023-11-23,2770,2775,2700,2730,126642,-0.014440433212996373
2023-11-24,2730,2750,2690,2735,47717,0.001831501831501825
2023-11-27,2735,2735,2675,2715,65107,-0.007312614259597838
2023-11-28,2715,2740,2660,2685,66763,-0.011049723756906049
2023-11-29,2700,2700,2635,2680,45116,-0.0018621973929237035
2023-11-30,2680,2690,2650,2675,49172,-0.001865671641791078
2023-12-01,2660,2695,2610,2655,140106,-0.00747663551401867
2023-12-04,2640,2730,2625,2715,188417,0.02259887005649719
2023-12-05,2720,2755,2650,2680,156638,-0.012891344383057057
2023-12-06,2745,2745,2655,2710,89740,0.011194029850746245
2023-12-07,2710,2710,2605,2605,119213,-0.03874538745387457
2023-12-08,2615,2660,2610,2660,52868,0.02111324376199608
2023-12-11,2660,3170,2660,3045,2195398,0.14473684210526305
2023-12-12,2980,3005,2840,2880,631223,-0.054187192118226646
2023-12-13,2885,2900,2755,2860,465306,-0.00694444444444442
2023-12-14,2900,3040,2805,2970,617538,0.03846153846153855
2023-12-15,2950,3240,2860,3120,1873452,0.05050505050505061
2023-12-18,3135,3185,2990,2995,662587,-0.04006410256410253
2023-12-19,2990,3150,2935,2970,658743,-0.008347245409014992
2023-12-20,2970,2990,2910,2940,259665,-0.010101010101010055
2023-12-21,2995,3065,2955,3015,502114,0.025510204081632626
2023-12-22,2990,3000,2880,2890,288585,-0.041459369817578806
2023-12-26,2965,2980,2855,2940,219233,0.01730103806228378
2023-12-27,2910,3090,2900,3090,482003,0.05102040816326525
2023-12-28,3040,3120,2995,3045,254543,-0.014563106796116498
2024-01-02,3075,3335,3075,3315,930773,0.08866995073891615
2024-01-03,3280,3390,3205,3305,484242,-0.003016591251885359
2024-01-04,3300,3460,3255,3410,573079,0.03177004538577921
2024-01-05,3405,3420,3285,3295,360634,-0.03372434017595305
2024-01-08,3310,3550,3290,3500,561690,0.06221547799696503
2024-01-09,3510,3515,3415,3425,241584,-0.021428571428571463
2024-01-10,3470,3680,3430,3545,832098,0.035036496350364876
2024-01-11,3525,3640,3515,3570,209050,0.007052186177715081
2024-01-12,3560,3650,3375,3520,456834,-0.014005602240896309
2024-01-15,3540,3560,3300,3310,577279,-0.05965909090909094
2024-01-16,3315,3370,3085,3165,627751,-0.04380664652567978
2024-01-17,3120,3320,3095,3190,522924,0.00789889415481837
2024-01-18,3150,3150,3015,3050,373721,-0.043887147335423204
2024-01-19,3090,3190,3090,3125,178515,0.024590163934426146
2024-01-22,3130,3220,3080,3110,161734,-0.0048000000000000265
2024-01-23,3110,3110,2965,2980,512215,-0.04180064308681675
2024-01-24,2965,2965,2810,2845,555485,-0.04530201342281881
2024-01-25,2845,2855,2720,2795,412079,-0.017574692442882234
2024-01-26,2810,2860,2750,2820,344038,0.008944543828264706
2024-01-29,2840,2955,2820,2860,571511,0.014184397163120588
2024-01-30,2875,3015,2875,2960,374146,0.034965034965035
2024-01-31,2970,3035,2940,3020,205417,0.020270270270270174
2024-02-01,3000,3200,3000,3140,483581,0.039735099337748325
2024-02-02,3130,3140,2985,3030,298354,-0.035031847133757954
2024-02-05,3030,3220,2990,3170,585081,0.0462046204620461
2024-02-06,3165,3195,3080,3110,250529,-0.018927444794952675
2024-02-07,3115,3155,3040,3140,197763,0.009646302250803762
2024-02-08,3140,3205,3080,3155,257778,0.004777070063694211
2024-02-13,3170,3385,3170,3320,928960,0.05229793977813002
2024-02-14,3370,3385,3080,3310,1984644,-0.003012048192771122
2024-02-15,3410,3500,3230,3415,2726938,0.031722054380664666
2024-02-16,3380,3460,3335,3400,804098,-0.004392386530014614
2024-02-19,3400,3430,3270,3335,569973,-0.019117647058823573
2024-02-20,3300,3365,3205,3260,327725,-0.022488755622188883
2024-02-21,3220,3300,3205,3220,283859,-0.012269938650306789
2024-02-22,3210,3300,3185,3220,260540,0.0
2024-02-23,3225,3720,3165,3645,4769378,0.13198757763975166
2024-02-26,3605,3690,3305,3390,1750016,-0.06995884773662553
2024-02-27,3310,3310,2775,2790,2892969,-0.17699115044247793
2024-02-28,2770,2830,2705,2790,618509,0.0
2024-02-29,2755,2820,2750,2800,350281,0.0035842293906809264
2024-03-04,2775,2840,2775,2780,343011,-0.0071428571428571175
2024-03-05,2820,2850,2745,2770,394822,-0.003597122302158251
2024-03-06,2770,2885,2715,2855,632835,0.03068592057761732
2024-03-07,2850,2850,2735,2780,335212,-0.02626970227670755
2024-03-08,2785,2820,2770,2810,207989,0.010791366906474753
2024-03-11,2845,2850,2770,2775,217853,-0.01245551601423489
2024-03-12,2800,2810,2750,2760,190008,-0.00540540540540535
2024-03-13,2820,2825,2745,2755,208721,-0.0018115942028985588
2024-03-14,2770,2775,2705,2710,185004,-0.016333938294010864
2024-03-15,2725,2740,2620,2630,299756,-0.029520295202952074
2024-03-18,2655,2660,2615,2630,101459,0.0
2024-03-19,2630,2660,2580,2580,204522,-0.019011406844106515
2024-03-20,2600,2610,2555,2585,129832,0.0019379844961240345
2024-03-21,2600,2660,2585,2650,112015,0.025145067698259194
2024-03-22,2655,2690,2625,2675,78675,0.009433962264151052
2024-03-25,2660,2740,2640,2715,166382,0.01495327102803734
2024-03-26,2680,2695,2640,2660,126949,-0.02025782688766109
2024-03-27,2660,2675,2630,2650,68460,-0.003759398496240629
2024-03-28,2645,2665,2620,2635,66958,-0.005660377358490565
2024-03-29,2635,2635,2580,2610,121478,-0.009487666034155628
2024-04-01,2610,2625,2595,2615,70074,0.0019157088122605526
2024-04-02,2620,2640,2565,2570,141613,-0.017208413001912004
2024-04-03,2570,2580,2500,2515,129070,-0.021400778210116767
2024-04-04,2520,2560,2450,2480,137505,-0.013916500994035741
2024-04-05,2480,2505,2430,2475,83724,-0.0020161290322581182
2024-04-08,2435,2455,2360,2375,223863,-0.04040404040404044
2024-04-09,2365,2400,2360,2375,62512,0.0
2024-04-11,2355,2365,2320,2355,51911,-0.008421052631578996
2024-04-12,2350,2435,2350,2425,78266,0.02972399150743099
2024-04-15,2425,2425,2280,2350,63845,-0.030927835051546393
2024-04-16,2350,2355,2270,2270,109947,-0.03404255319148941
2024-04-17,2265,2340,2265,2285,60373,0.0066079295154184425
2024-04-18,2260,2320,2250,2320,43232,0.015317286652078765
2024-04-19,2305,2310,2240,2270,58078,-0.02155172413793105
2024-04-22,2270,2305,2240,2265,56109,-0.0022026431718061845
2024-04-23,2270,2290,2220,2220,56414,-0.019867549668874163
2024-04-24,2245,2315,2235,2295,104555,0.03378378378378377
2024-04-25,2295,2300,2270,2290,25255,-0.002178649237472796
2024-04-26,2290,2310,2230,2265,91292,-0.01091703056768556
2024-04-29,2265,2310,2255,2300,48745,0.015452538631346657
2024-04-30,2310,2355,2305,2320,64952,0.008695652173912993
2024-05-02,2315,2345,2295,2340,61433,0.008620689655172376
2024-05-03,2320,2355,2265,2285,111740,-0.023504273504273532
2024-05-07,2300,2310,2280,2295,61822,0.004376367614879584
2024-05-08,2295,2330,2280,2330,59105,0.015250544662309462
2024-05-09,2330,2345,2300,2340,55149,0.0042918454935623185
2024-05-10,2340,2415,2320,2410,180895,0.029914529914529808
2024-05-13,2410,2420,2325,2330,189580,-0.03319502074688796
2024-05-14,2405,2420,2330,2345,127987,0.006437768240343367
2024-05-16,2360,2365,2320,2340,40976,-0.002132196162046962
2024-05-17,2340,2420,2330,2395,119651,0.02350427350427342
2024-05-20,2385,2400,2360,2360,64745,-0.014613778705636737
2024-05-21,2360,2385,2355,2375,38828,0.006355932203389925
2024-05-22,2370,2400,2365,2400,29730,0.010526315789473717
2024-05-23,2400,2405,2360,2360,38123,-0.01666666666666672
2024-05-24,2360,2475,2355,2450,180229,0.03813559322033888
2024-05-27,2425,2440,2395,2420,51785,-0.01224489795918371
2024-05-28,2420,2435,2400,2430,64388,0.004132231404958775
2024-05-29,2430,2430,2370,2375,73087,-0.02263374485596703
2024-05-30,2375,2395,2350,2365,27045,-0.004210526315789442
2024-05-31,2350,2395,2335,2360,40426,-0.0021141649048626032
2024-06-03,2345,2390,2335,2375,65197,0.006355932203389925
2024-06-04,2375,2375,2245,2310,182331,-0.027368421052631597
2024-06-05,2290,2310,2275,2275,46441,-0.015151515151515138
2024-06-07,2285,2455,2285,2405,229126,0.05714285714285716
2024-06-10,2450,2450,2390,2405,105917,0.0
2024-06-11,2420,2630,2375,2460,1031331,0.022869022869022926
2024-06-12,2450,3190,2440,2935,22002039,0.19308943089430897
2024-06-13,3080,3090,2830,3020,5445256,0.028960817717206044
2024-06-14,2960,3115,2845,3060,4506329,0.013245033112582849
2024-06-17,3035,3260,2945,2955,4790549,-0.03431372549019607
2024-06-18,2910,2970,2755,2830,1505984,-0.04230118443316411
2024-06-19,2870,2870,2635,2655,1433157,-0.06183745583038869
2024-06-20,2655,2785,2645,2760,1209232,0.039548022598870025
2024-06-21,2640,2705,2540,2590,997612,-0.061594202898550776
2024-06-24,2645,2705,2560,2575,584654,-0.00579150579150578
2024-06-25,2525,2565,2480,2530,330204,-0.01747572815533982
2024-06-26,2540,2585,2475,2475,250714,-0.021739130434782594
2024-06-27,2475,2510,2450,2470,182582,-0.002020202020202033
2024-06-28,2490,2550,2465,2505,203537,0.014170040485830038
2024-07-01,2515,2520,2340,2340,489424,-0.06586826347305386
2024-07-02,2340,2385,2260,2260,393210,-0.03418803418803418
2024-07-03,2275,2295,2225,2240,296078,-0.008849557522123908
2024-07-04,2260,2285,2240,2245,151136,0.0022321428571427937
2024-07-05,2245,2280,2195,2210,226356,-0.015590200445434244
2024-07-08,2210,2310,2195,2290,271997,0.03619909502262453
2024-07-09,2335,2345,2240,2255,194936,-0.015283842794759805
2024-07-10,2270,2275,2225,2270,144365,0.006651884700665134
2024-07-11,2280,2295,2260,2280,140784,0.004405286343612369
2024-07-12,2275,2295,2230,2255,135293,-0.010964912280701733
2024-07-15,2245,2280,2210,2250,87372,-0.0022172949002217113
2024-07-16,2240,2265,2215,2225,170135,-0.011111111111111072
2024-07-17,2225,2235,2195,2200,163780,-0.011235955056179803
2024-07-18,2180,2295,2135,2200,242734,0.0
2024-07-19,2255,2260,2170,2170,166804,-0.013636363636363669
2024-07-22,2190,2190,2135,2140,79115,-0.01382488479262678
2024-07-23,2140,2175,2135,2160,121306,0.009345794392523255
2024-07-24,2150,2200,2140,2150,68845,-0.00462962962962965
2024-07-25,2150,2165,2095,2130,81892,-0.009302325581395321
2024-07-26,2120,2145,2115,2130,42323,0.0
2024-07-29,2130,2225,2130,2185,113123,0.025821596244131495
2024-07-30,2200,2205,2145,2170,53866,-0.006864988558352381
2024-07-31,2165,2190,2140,2185,71267,0.00691244239631339
2024-08-01,2185,2225,2170,2205,48868,0.009153318077803174
2024-08-02,2200,2205,2080,2105,157628,-0.04535147392290251
2024-08-05,2095,2095,1805,1805,469109,-0.14251781472684089
2024-08-06,1791,1929,1791,1899,159933,0.052077562326869886
2024-08-07,1884,1979,1884,1969,73751,0.03686150605581884
2024-08-08,1968,1968,1926,1954,34444,-0.0076180802437785244
2024-08-09,1958,2030,1958,2000,51296,0.023541453428863823
2024-08-12,2000,2115,2000,2080,146205,0.040000000000000036
2024-08-13,2075,2075,2010,2020,62223,-0.028846153846153855
2024-08-14,2040,2080,2020,2055,63721,0.017326732673267342
2024-08-16,2055,2070,2020,2045,54332,-0.0048661800486617945
2024-08-19,2045,2050,2010,2010,50795,-0.017114914425427896
2024-08-20,2055,2055,2020,2030,35659,0.00995024875621886
2024-08-21,2015,2045,2000,2020,70840,-0.0049261083743842304
2024-08-22,2020,2045,1950,2000,59407,-0.00990099009900991
2024-08-23,1980,1998,1942,1950,112965,-0.025000000000000022
2024-08-26,1960,1970,1901,1905,85435,-0.023076923076923106
2024-08-27,1907,1909,1876,1907,58446,0.0010498687664042272
2024-08-28,1906,1906,1878,1880,57410,-0.014158363922391226
2024-08-29,1878,1888,1859,1879,47407,-0.0005319148936170359
2024-08-30,1878,1950,1877,1900,49133,0.011176157530601305
2024-09-02,1924,1924,1883,1885,68967,-0.007894736842105288
2024-09-03,1884,1905,1884,1885,33270,0.0
2024-09-04,1820,1847,1787,1798,109975,-0.0461538461538461
2024-09-05,1801,1834,1779,1785,73146,-0.007230255839822064
2024-09-06,1776,1799,1720,1728,94829,-0.031932773109243695
2024-09-09,1672,1760,1672,1760,55359,0.0185185185185186
2024-09-10,1756,1783,1737,1743,23307,-0.009659090909090895
2024-09-11,1739,1755,1726,1728,19224,-0.008605851979345935
2024-09-12,1728,1752,1714,1748,29401,0.011574074074074181
2024-09-13,1760,1770,1734,1748,17516,0.0
2024-09-19,1748,1748,1713,1718,50162,-0.017162471395881007
2024-09-20,1726,1913,1726,1836,280624,0.06868451688009314
2024-09-23,1830,1836,1810,1823,19418,-0.007080610021786504
2024-09-24,1806,1872,1801,1869,25123,0.025233132199670827
2024-09-25,1848,1899,1848,1896,32909,0.014446227929374
2024-09-26,1882,1904,1875,1899,19857,0.0015822784810126667
2024-09-27,1882,1916,1875,1875,41846,-0.012638230647709303
2024-09-30,1874,1874,1835,1846,26862,-0.015466666666666629
2024-10-02,1900,1970,1870,1871,240848,0.013542795232936111
2024-10-04,1877,1908,1822,1832,127972,-0.02084446819882413
2024-10-07,1830,1842,1816,1829,49838,-0.0016375545851528006
2024-10-08,1815,1866,1815,1823,55989,-0.0032804811372334486
2024-10-10,1815,1844,1815,1829,38897,0.003291278113000562
2024-10-11,1827,1839,1813,1813,25814,-0.00874794969928927
2024-10-14,1813,1980,1813,1872,233694,0.032542746828461144
2024-10-15,1871,1872,1845,1856,47608,-0.008547008547008517
2024-10-16,1855,1855,1826,1851,97062,-0.0026939655172413257
2024-10-17,1900,1958,1840,1860,157636,0.004862236628849326
2024-10-18,1860,1869,1841,1861,33121,0.0005376344086021057
2024-10-21,1840,1856,1830,1840,38869,-0.011284255776464303
2024-10-22,1840,1840,1775,1800,81627,-0.021739130434782594
2024-10-23,1800,1830,1800,1809,19173,0.004999999999999893
2024-10-24,1800,1809,1794,1802,45537,-0.003869541182974001
2024-10-25,1788,1800,1780,1788,56879,-0.007769145394006638
2024-10-28,1788,1788,1758,1773,41990,-0.008389261744966459
2024-10-29,1773,1780,1764,1778,28602,0.0028200789622110367
2024-10-30,1778,1805,1772,1796,23620,0.01012373453318327
2024-10-31,1796,1902,1784,1806,200063,0.0055679287305121505
2024-11-01,1792,1800,1775,1799,21470,-0.003875968992248069
2024-11-04,1799,1806,1776,1799,44822,0.0
2024-11-05,1800,1810,1782,1800,11436,0.0005558643690939391
2024-11-06,1788,1804,1786,1801,18175,0.0005555555555556424
2024-11-07,1797,1800,1773,1795,36705,-0.003331482509716821
2024-11-08,1783,1941,1783,1839,318834,0.024512534818941445
2024-11-11,1929,1931,1854,1872,178441,0.01794453507340954
2024-11-12,1872,1884,1760,1773,156712,-0.05288461538461542
2024-11-13,1756,1766,1724,1760,83586,-0.007332205301748496
2024-11-14,1750,1760,1726,1729,52311,-0.01761363636363633
2024-11-15,1724,1738,1696,1729,52717,0.0
2024-11-18,1723,1740,1710,1731,40716,0.0011567379988433046
2024-11-19,1735,1755,1725,1732,31451,0.0005777007510110455
2024-11-20,1738,1738,1723,1732,12214,0.0
2024-11-21,1730,1730,1711,1716,25671,-0.009237875288683584
2024-11-22,1716,1719,1700,1712,43305,-0.002331002331002363
2024-11-25,1710,1717,1701,1713,36034,0.0005841121495326895
2024-11-26,1706,1713,1698,1704,41470,-0.005253940455341555
2024-11-27,1700,1704,1695,1702,20389,-0.0011737089201877549
2024-11-28,1698,1707,1692,1692,31005,-0.005875440658049347
2024-11-29,1699,1699,1653,1665,46908,-0.015957446808510634
2024-12-02,1656,1670,1621,1635,54144,-0.018018018018018056
2024-12-03,1618,1640,1618,1628,37895,-0.004281345565749217
2024-12-04,1600,1610,1574,1581,76355,-0.028869778869778817
2024-12-05,1576,1590,1570,1570,23995,-0.006957621758380772
2024-12-06,1570,1590,1508,1530,74055,-0.02547770700636942
2024-12-09,1485,1575,1421,1426,203297,-0.06797385620915031
2024-12-10,1426,1506,1426,1504,81820,0.05469845722300137
2024-12-11,1530,1668,1505,1668,291144,0.10904255319148937
2024-12-12,1721,1876,1633,1795,705742,0.07613908872901676
2024-12-13,1788,1865,1730,1864,356957,0.038440111420612766
2024-12-16,1880,1900,1752,1828,395558,-0.01931330472102999
2024-12-17,1810,1858,1776,1849,190739,0.01148796498905913
2024-12-18,1849,2090,1841,1850,2063209,0.0005408328826392861
2024-12-19,1838,1850,1768,1782,561701,-0.036756756756756714
2024-12-20,1790,1864,1711,1743,204552,-0.02188552188552184
2024-12-23,1787,1848,1730,1777,217393,0.019506597819850757
2024-12-24,1790,2150,1774,1867,7574046,0.050647158131682524
2024-12-26,1849,1962,1831,1958,895146,0.04874129619710765
2024-12-27,1900,1937,1882,1906,517197,-0.026557711950970342
2024-12-30,1907,1945,1903,1906,255886,0.0
2025-01-02,1910,1979,1907,1911,198974,0.002623294858342007
2025-01-03,1912,1929,1902,1914,192924,0.0015698587127157548
2025-01-06,1914,1941,1880,1930,121179,0.008359456635318674
2025-01-07,1930,1940,1895,1903,200698,-0.013989637305699465
2025-01-08,1903,1924,1893,1918,69364,0.00788229111928529
2025-01-09,1918,1951,1891,1947,87281,0.015119916579770631
2025-01-10,1951,1970,1900,1929,62179,-0.009244992295839749
2025-01-13,1902,1929,1880,1900,126724,-0.015033696215655756
2025-01-14,1900,1935,1891,1923,37881,0.012105263157894841
2025-01-15,1911,1961,1911,1930,107404,0.003640145605824152
2025-01-16,1935,1995,1923,1950,160408,0.010362694300518172
2025-01-17,1955,1979,1933,1965,167582,0.007692307692307665
2025-01-20,1965,1972,1915,1940,63193,-0.012722646310432517
2025-01-21,1940,1965,1928,1961,60932,0.010824742268041199
2025-01-22,1965,1980,1953,1980,51980,0.009688934217236156
2025-01-23,1980,2025,1967,2015,81816,0.017676767676767735
2025-01-24,2010,2025,1990,2000,66484,-0.007444168734491274
2025-01-31,2030,2030,1963,1997,126271,-0.0014999999999999458
2025-02-03,1981,1996,1920,1978,99632,-0.009514271407110697
2025-02-04,1970,2020,1958,2015,76046,0.018705763397371067
2025-02-05,2015,2025,1981,1995,69383,-0.00992555831265507
2025-02-06,1986,2005,1971,1981,32353,-0.007017543859649145
2025-02-07,1995,1995,1905,1928,80685,-0.02675416456335189
2025-02-10,1928,1938,1884,1900,46949,-0.014522821576763434
2025-02-11,1897,1920,1880,1897,26340,-0.0015789473684210131
2025-02-12,1897,1905,1868,1869,46988,-0.014760147601476037
2025-02-13,1880,1890,1865,1882,35168,0.006955591225254132
2025-02-14,1890,1910,1882,1904,53566,0.011689691817215797
2025-02-17,1915,1916,1887,1900,24089,-0.0021008403361344463
2025-02-18,1900,1917,1883,1908,25815,0.004210526315789442
2025-02-19,1907,1907,1850,1898,17297,-0.00524109014675056
2025-02-20,1898,1898,1860,1867,69622,-0.016332982086406767
2025-02-21,1870,1880,1847,1867,44627,0.0
2025-02-24,1860,1865,1850,1850,26017,-0.00910551687198713
2025-02-25,1851,1858,1840,1840,29289,-0.00540540540540535
2025-02-26,1840,1858,1835,1836,14726,-0.0021739130434782483
2025-02-27,1836,1848,1822,1829,32288,-0.0038126361655773655
2025-02-28,1828,1828,1764,1769,54808,-0.0328048113723346
2025-03-04,1755,1791,1747,1791,50193,0.01243640474844554
2025-03-05,1800,1819,1797,1800,34062,0.005025125628140614
2025-03-06,1795,1810,1786,1804,12146,0.0022222222222221255
2025-03-07,1795,1798,1771,1775,34280,-0.016075388026607573
2025-03-10,1775,1784,1732,1766,25533,-0.005070422535211283
2025-03-11,1736,1755,1711,1745,42945,-0.011891279728199367
2025-03-12,1736,1745,1720,1740,45642,-0.002865329512893977
2025-03-13,1740,1740,1710,1720,19799,-0.011494252873563204
2025-03-14,1720,1720,1690,1690,28135,-0.01744186046511631
2025-03-17,1691,1700,1675,1680,25616,-0.00591715976331364
2025-03-18,1680,1700,1658,1658,26823,-0.013095238095238049
2025-03-19,1678,1678,1649,1650,10843,-0.004825090470446325
2025-03-20,1650,1669,1640,1651,19548,0.0006060606060604989
2025-03-21,1649,1655,1628,1628,15383,-0.013930950938824904
2025-03-24,1650,1652,1585,1597,40490,-0.01904176904176902
2025-03-25,1597,1622,1575,1621,38716,0.015028177833437795
2025-03-26,1664,1670,1621,1635,21281,0.008636644046884578
2025-03-27,1642,1653,1629,1640,29986,0.003058103975535076
2025-03-28,1645,1649,1616,1640,25843,0.0
2025-03-31,1641,1641,1550,1550,59442,-0.054878048780487854
2025-04-01,1531,1600,1531,1600,39224,0.032258064516129004
2025-04-02,1600,1600,1540,1550,41008,-0.03125
2025-04-03,1570,1570,1535,1543,13146,-0.004516129032258065
2025-04-04,1543,1581,1531,1569,15625,0.016850291639662895
2025-04-07,1569,1569,1490,1490,33736,-0.05035054174633524
2025-04-08,1501,1539,1501,1539,23114,0.03288590604026842
2025-04-09,1524,1536,1480,1482,27839,-0.03703703703703709
2025-04-10,1504,1597,1504,1574,16507,0.062078272604588314
2025-04-11,1574,1587,1542,1570,29709,-0.0025412960609910717
2025-04-14,1556,1594,1556,1570,27183,0.0
2025-04-15,1570,1597,1556,1579,34842,0.005732484076433231
2025-04-16,1578,1585,1570,1575,28350,-0.002533248891703588
2025-04-17,1577,1598,1571,1590,31253,0.00952380952380949
2025-04-18,1590,1604,1583,1586,16983,-0.002515723270440251
2025-04-21,1606,1606,1574,1596,25513,0.006305170239596425
2025-04-22,1587,1595,1550,1563,24704,-0.020676691729323293
2025-04-23,1579,1584,1550,1567,22163,0.002559181062060212
2025-04-24,1569,1583,1568,1577,32681,0.0063816209317166805
2025-04-25,1584,1688,1584,1648,186228,0.04502219403931518
2025-04-28,1800,2095,1701,2035,8403399,0.23483009708737868
2025-04-29,2245,2645,1801,1801,24859144,-0.11498771498771498
2025-04-30,1768,2235,1760,2010,12135907,0.11604664075513593
2025-05-02,2210,2610,2025,2125,20294564,0.05721393034825861
2025-05-07,2150,2270,2020,2065,4804047,-0.028235294117647025
2025-05-08,2100,2100,1910,1925,1587329,-0.06779661016949157
2025-05-09,1900,1915,1783,1804,1109888,-0.06285714285714283
2025-05-12,1852,1852,1750,1766,624547,-0.02106430155210648
2025-05-13,1760,1803,1757,1790,502552,0.013590033975084959
2025-05-14,1788,1801,1752,1766,492091,-0.013407821229050265
2025-05-15,1765,1765,1714,1729,307500,-0.02095130237825593
2025-05-16,1710,1751,1700,1720,364479,-0.005205320994794649
2025-05-19,1722,1917,1651,1720,2632637,0.0
2025-05-20,1713,1748,1702,1729,276072,0.005232558139534937
2025-05-21,1731,1766,1725,1743,254953,0.00809716599190291
2025-05-22,1748,1748,1690,1707,227723,-0.02065404475043031
2025-05-23,1740,1765,1706,1715,146555,0.004686584651435233
2025-05-26,1715,1734,1690,1695,146131,-0.011661807580174877
2025-05-27,1695,1772,1695,1720,340736,0.014749262536873253
2025-05-28,1721,1734,1707,1723,154700,0.0017441860465117198
2025-05-29,1724,1769,1716,1746,175776,0.013348810214741658
2025-05-30,1770,1785,1739,1747,196363,0.000572737686139746
2025-06-02,1747,1755,1720,1750,106210,0.0017172295363481194
2025-06-04,1750,1776,1734,1767,129051,0.009714285714285786
2025-06-05,1767,1774,1749,1750,144931,-0.009620826259196358
2025-06-09,1751,1790,1750,1790,160076,0.02285714285714291
2025-06-10,1790,1795,1760,1784,113867,-0.003351955307262622
2025-06-11,1790,1846,1769,1820,323826,0.020179372197309364
2025-06-12,1820,1830,1777,1792,140039,-0.01538461538461533
2025-06-13,1793,1803,1728,1736,161108,-0.03125
2025-06-16,1715,1728,1671,1720,250602,-0.009216589861751112
2025-06-17,1721,1749,1686,1696,150822,-0.013953488372092981
2025-06-18,1709,1709,1683,1688,135201,-0.004716981132075526
2025-06-19,1689,1734,1670,1702,150380,0.0082938388625593
2025-06-20,1700,1730,1690,1715,54844,0.00763807285546414
2025-06-23,1702,1718,1683,1691,83546,-0.013994169096209874
2025-06-24,1694,1720,1689,1708,64683,0.010053222945002993
2025-06-25,1714,1725,1705,1719,62530,0.0064402810304449165
2025-06-26,1791,1800,1691,1703,246474,-0.009307737056428178
2025-06-27,1718,1889,1674,1681,934304,-0.012918379330593033
2025-06-30,1672,1687,1671,1677,55074,-0.002379535990481907
2025-07-01,1678,1682,1653,1663,151846,-0.008348240906380422
2025-07-02,1672,1672,1623,1645,150556,-0.010823812387251941
2025-07-03,1660,1665,1631,1661,109804,0.009726443768997006
2025-07-04,1661,1837,1640,1776,4244757,0.0692354003612281
2025-07-07,1687,1722,1679,1684,731983,-0.05180180180180183
2025-07-08,1674,1691,1663,1690,196678,0.0035629453681709222
2025-07-09,1684,1744,1673,1695,90142,0.002958579881656709
2025-07-10,1693,1700,1685,1692,95528,-0.001769911504424737
2025-07-11,1700,1702,1679,1690,186365,-0.0011820330969266601
2025-07-14,1690,1748,1664,1710,785950,0.01183431952662728
2025-07-15,1790,1790,1700,1700,605676,-0.005847953216374324
2025-07-16,1700,1712,1690,1701,163611,0.0005882352941175562
2025-07-17,1701,1709,1675,1690,224262,-0.0064667842445620405
2025-07-18,1699,1700,1677,1680,98063,-0.00591715976331364
2025-07-21,1680,1705,1678,1698,111967,0.010714285714285676
2025-07-22,1703,1715,1677,1681,129394,-0.010011778563015272
2025-07-23,1691,1696,1663,1671,163331,-0.005948839976204656
2025-07-24,1670,1686,1642,1646,85312,-0.014961101137043742
2025-07-25,1690,1690,1632,1645,74569,-0.0006075334143378353
2025-07-28,1643,1645,1607,1617,77122,-0.017021276595744705
2025-07-29,1627,1634,1603,1627,41031,0.006184291898577721
2025-07-30,1627,1627,1613,1619,32844,-0.0049170251997541214
2025-07-31,1622,1659,1605,1617,70279,-0.001235330450895633
2025-08-01,1618,1618,1553,1566,166139,-0.03153988868274582
2025-08-04,1565,1599,1548,1583,63487,0.01085568326947639
2025-08-05,1623,1623,1544,1583,60313,0.0
2025-08-06,1563,1618,1563,1605,115168,0.013897662665824484
2025-08-07,1605,1628,1601,1613,50363,0.004984423676012373
2025-08-08,1611,1625,1596,1597,39880,-0.009919404835709855
2025-08-11,1618,1643,1607,1613,106894,0.010018785222291715
2025-08-12,1650,1650,1614,1615,82238,0.001239925604463732
2025-08-13,1611,1646,1610,1614,52575,-0.0006191950464395912
2025-08-14,1638,1638,1580,1592,72175,-0.013630731102850069
2025-08-18,1620,1659,1619,1650,131278,0.03643216080402012
2025-08-19,1650,1657,1620,1626,32326,-0.014545454545454528
2025-08-20,1626,1626,1591,1599,66943,-0.016605166051660514
2025-08-21,1602,1643,1600,1626,45934,0.016885553470919357
2025-08-22,1656,1656,1620,1645,37240,0.011685116851168464
2025-08-25,1657,1669,1644,1651,56975,0.0036474164133739606
2025-08-26,1657,1669,1641,1666,31404,0.009085402786190189
2025-08-27,1666,1666,1649,1660,20164,-0.0036014405762304635
2025-08-28,1669,1670,1634,1656,42347,-0.002409638554216831
2025-08-29,1656,1675,1610,1626,53635,-0.018115942028985477
2025-09-01,1610,1628,1593,1593,48594,-0.020295202952029467
2025-09-02,1626,1626,1589,1625,31662,0.020087884494664143
2025-09-03,1640,1640,1597,1615,31376,-0.006153846153846176
2025-09-04,1615,1750,1606,1632,708333,0.010526315789473717
2025-09-05,1640,1640,1606,1625,53097,-0.0042892156862744946
2025-09-08,1628,1628,1612,1616,30175,-0.005538461538461492
2025-09-09,1621,1635,1607,1620,77579,0.0024752475247524774
2025-09-10,1650,1651,1610,1640,164254,0.012345679012345734
2025-09-11,1640,1656,1616,1648,71541,0.004878048780487809
2025-09-12,1648,1650,1627,1648,81380,0.0
2025-09-15,1650,1658,1629,1644,61358,-0.0024271844660194164
2025-09-16,1659,1659,1630,1646,53364,0.0012165450121655041
2025-09-17,1642,1649,1629,1639,57169,-0.004252733900364514
2025-09-18,1639,1653,1633,1640,56296,0.0006101281269066394
2025-09-19,1640,1642,1620,1634,41896,-0.003658536585365857
2025-09-22,1632,1638,1620,1628,43908,-0.003671970624234966
2025-09-23,1633,1645,1614,1628,35309,0.0
2025-09-24,1628,1628,1590,1598,55860,-0.01842751842751844
2025-09-25,1606,1619,1591,1607,21970,0.005632040050062681
2025-09-26,1610,1610,1565,1589,108908,-0.011200995644057299
2025-09-29,1587,1588,1565,1581,32099,-0.005034612964128438
2025-09-30,1567,1586,1565,1569,17401,-0.007590132827324458
2025-10-01,1573,1573,1559,1561,28632,-0.005098789037603524
2025-10-02,1565,1565,1527,1553,89678,-0.005124919923126248
2025-10-10,1553,1554,1525,1535,65346,-0.011590470057952329
2025-10-13,1534,1565,1510,1538,45021,0.00195439739413672
2025-10-14,1549,1549,1500,1515,69134,-0.014954486345903795
2025-10-15,1515,1535,1507,1523,63524,0.005280528052805211
2025-10-16,1529,1529,1515,1520,22314,-0.001969796454366346
2025-10-17,1511,1519,1503,1507,24360,-0.008552631578947367
2025-10-20,1507,1530,1492,1506,75403,-0.0006635700066357497
2025-10-21,1505,1510,1492,1499,71810,-0.004648074369189903
2025-10-22,1559,1559,1488,1512,53342,0.00867244829886582
2025-10-23,1512,1515,1499,1502,34363,-0.006613756613756627
2025-10-24,1503,1520,1499,1506,41165,0.0026631158455392434
2025-10-27,1506,1513,1500,1507,43658,0.0006640106241699861
2025-10-28,1507,1520,1495,1508,36701,0.0006635700066357497
2025-10-29,1508,1627,1497,1508,477287,0.0
2025-10-30,1519,1527,1498,1503,111084,-0.003315649867373982
2025-10-31,1503,1507,1485,1493,109001,-0.006653359946773074
2025-11-03,1543,1550,1461,1470,122029,-0.015405224380442117
2025-11-04,1480,1490,1457,1457,76548,-0.008843537414966018
2025-11-05,1470,1470,1397,1456,78088,-0.0006863417982154729
2025-11-06,1451,1462,1410,1454,60734,-0.0013736263736263687
2025-11-07,1454,1454,1410,1423,21143,-0.021320495185694677
2025-11-10,1416,1420,1397,1414,113743,-0.006324666198172846
2025-11-11,1428,1432,1394,1398,57676,-0.011315417256011262
2025-11-12,1400,1404,1379,1395,243466,-0.0021459227467811592
2025-11-13,1395,1499,1379,1429,386355,0.024372759856630788
2025-11-14,1439,1440,1390,1397,251576,-0.022393282015395366
2025-11-17,1406,1440,1406,1437,131423,0.02863278453829632
2025-11-18,1440,1440,1394,1403,45073,-0.02366040361864996
2025-11-19,1402,1414,1400,1408,21090,0.0035637918745545782
2025-11-20,1409,1418,1400,1414,99588,0.0042613636363635354
2025-11-21,1401,1418,1397,1410,82203,-0.0028288543140028155
2025-11-24,1408,1418,1402,1407,32943,-0.0021276595744680327
2025-11-25,1405,1417,1397,1401,45623,-0.004264392324093813
2025-11-26,1401,1433,1401,1427,107388,0.01855817273376159
2025-11-27,1427,1433,1414,1424,25558,-0.0021023125437982237
2025-11-28,1428,1480,1428,1452,102569,0.0196629213483146
2025-12-01,1479,1479,1453,1460,39301,0.005509641873278293
2025-12-02,1464,1464,1446,1455,19830,-0.003424657534246589
2025-12-03,1458,1542,1455,1525,630440,0.04810996563573888
2025-12-04,1525,1547,1470,1479,263815,-0.030163934426229555
