Date,Open,High,Low,Close,Volume,Change
2022-01-03,10850,11000,10650,10900,276263,0.013953488372093092
2022-01-04,11250,11350,11000,11000,390913,0.00917431192660545
2022-01-05,10900,11050,10550,10850,156819,-0.013636363636363669
2022-01-06,10500,10750,10200,10350,179699,-0.04608294930875578
2022-01-07,10450,10750,10400,10550,108056,0.019323671497584627
2022-01-10,10550,10650,10200,10350,93187,-0.018957345971563955
2022-01-11,10300,10500,9890,9910,188007,-0.04251207729468598
2022-01-12,9950,10100,9940,9940,84513,0.003027245206861817
2022-01-13,9940,10050,9740,9740,105747,-0.02012072434607648
2022-01-14,9700,9910,9610,9770,77897,0.0030800821355236874
2022-01-17,9750,9770,9310,9410,135354,-0.03684749232343909
2022-01-18,9430,9590,9180,9220,88198,-0.020191285866099862
2022-01-19,9020,9350,8900,9040,98944,-0.0195227765726681
2022-01-20,8960,9290,8950,9230,71236,0.02101769911504414
2022-01-21,9230,9280,8980,9040,41302,-0.020585048754062862
2022-01-24,8900,8950,8450,8530,102833,-0.05641592920353977
2022-01-25,8530,8690,7880,8000,151676,-0.062133645955451344
2022-01-26,7980,8310,7980,8140,68428,0.01750000000000007
2022-01-27,8070,8190,7530,7800,85412,-0.041769041769041726
2022-01-28,7950,8260,7770,8170,64951,0.04743589743589749
2022-02-03,8340,8590,8260,8420,55478,0.030599755201958345
2022-02-04,8370,8610,8350,8550,31465,0.015439429928741033
2022-02-07,8550,8620,8420,8530,34429,-0.002339181286549752
2022-02-08,8470,8740,8470,8630,74958,0.011723329425556761
2022-02-09,8630,8720,8600,8680,24385,0.005793742757821629
2022-02-10,8860,9010,8500,8500,102214,-0.020737327188940058
2022-02-11,8400,8580,8350,8380,37630,-0.014117647058823568
2022-02-14,8150,8200,7830,7840,75376,-0.06443914081145585
2022-02-15,7840,7990,7650,7700,73919,-0.017857142857142905
2022-02-16,7770,8160,7770,8150,43367,0.05844155844155852
2022-02-17,8190,8280,8050,8130,53616,-0.0024539877300613355
2022-02-18,8000,8180,7960,8140,22426,0.0012300123001229846
2022-02-21,8100,8190,7960,8180,23448,0.004914004914004844
2022-02-22,7990,8070,7840,7870,56135,-0.03789731051344747
2022-02-23,7890,8080,7890,8050,36278,0.02287166454891998
2022-02-24,8020,8020,7700,7790,69534,-0.032298136645962705
2022-02-25,7850,8030,7820,7980,41557,0.024390243902439046
2022-02-28,8060,8190,8000,8190,61876,0.026315789473684292
2022-03-02,8240,8390,8170,8350,61239,0.019536019536019467
2022-03-03,8450,8490,8360,8380,31649,0.00359281437125758
2022-03-04,8380,8420,8240,8250,33037,-0.015513126491646823
2022-03-07,8200,8200,7830,7880,54584,-0.044848484848484804
2022-03-08,7780,7950,7650,7800,50345,-0.010152284263959421
2022-03-10,7880,8090,7880,8020,29870,0.028205128205128105
2022-03-11,8020,8150,7980,8110,25505,0.01122194513715713
2022-03-14,8120,8120,7890,7970,18751,-0.01726263871763256
2022-03-15,7970,8000,7820,7950,20682,-0.0025094102885822034
2022-03-16,7990,8600,7990,8320,141234,0.046540880503144644
2022-03-17,8500,8870,8320,8570,240678,0.030048076923076872
2022-03-18,8590,8620,8380,8510,59073,-0.007001166861143493
2022-03-21,8560,8560,8420,8430,40495,-0.009400705052878933
2022-03-22,8430,8630,8400,8540,33049,0.013048635824436605
2022-03-23,8600,8750,8560,8570,66631,0.003512880562060783
2022-03-24,8520,8600,8310,8480,38019,-0.010501750291715295
2022-03-25,8510,8750,8490,8690,69051,0.024764150943396235
2022-03-28,8750,8750,8550,8600,51853,-0.010356731875719172
2022-03-29,8640,9070,8620,8850,165874,0.029069767441860517
2022-03-30,8900,9240,8810,9200,84129,0.039548022598870025
2022-03-31,9020,9400,9000,9320,131209,0.01304347826086949
2022-04-01,9150,9280,9070,9070,48614,-0.02682403433476399
2022-04-04,9080,9140,8970,9010,51039,-0.006615214994487362
2022-04-05,9070,9300,9070,9150,72858,0.015538290788013276
2022-04-06,9080,9090,8900,9010,78163,-0.015300546448087426
2022-04-07,8980,9000,8530,8760,95065,-0.027746947835738056
2022-04-08,8760,8810,8590,8630,37466,-0.014840182648401812
2022-04-11,8610,8690,8510,8540,23611,-0.010428736964078755
2022-04-12,8500,8630,8340,8490,43011,-0.005854800936768156
2022-04-13,8490,9330,8470,8720,212890,0.027090694935217874
2022-04-14,8800,8850,8680,8730,35786,0.0011467889908256534
2022-04-15,8730,8730,8610,8700,21787,-0.0034364261168384758
2022-04-18,8700,8720,8540,8550,44190,-0.017241379310344862
2022-04-19,8550,8620,8510,8520,19770,-0.0035087719298245723
2022-04-20,8600,8600,8460,8520,22513,0.0
2022-04-21,8520,8560,8410,8520,23537,0.0
2022-04-22,8460,8480,8360,8370,35605,-0.017605633802816878
2022-04-25,8020,8290,7990,8080,64691,-0.03464755077658299
2022-04-26,8100,8250,7990,8120,23255,0.004950495049504955
2022-04-27,7980,8040,7890,8020,23598,-0.012315270935960632
2022-04-28,8050,8140,7880,7910,40883,-0.013715710723191998
2022-04-29,7920,8030,7900,7990,20439,0.010113780025284402
2022-05-02,7900,7940,7800,7860,34757,-0.016270337922402955
2022-05-03,7900,8060,7860,7890,18556,0.003816793893129722
2022-05-04,7930,8360,7930,8020,63294,0.016476552598225558
2022-05-06,8010,8320,7840,8150,52525,0.016209476309226867
2022-05-09,8080,8220,7940,8000,36994,-0.018404907975460127
2022-05-10,7930,8080,7700,7950,41030,-0.006249999999999978
2022-05-11,7990,8000,7800,7970,30325,0.002515723270440251
2022-05-12,7970,7980,7600,7700,52446,-0.03387703889585947
2022-05-13,7680,7830,7680,7830,27996,0.016883116883116944
2022-05-16,7880,7940,7750,7760,23990,-0.008939974457215838
2022-05-17,7840,7840,7690,7710,20136,-0.006443298969072142
2022-05-18,7720,7880,7720,7780,18795,0.009079118028534339
2022-05-19,7670,7740,7590,7620,25758,-0.020565552699228773
2022-05-20,7580,7940,7580,7900,57506,0.036745406824147064
2022-05-23,7900,7900,7710,7750,15450,-0.01898734177215189
2022-05-24,7760,7770,7560,7600,25360,-0.01935483870967747
2022-05-25,7600,7800,7570,7640,10925,0.0052631578947368585
2022-05-26,7870,7870,7660,7660,14942,0.002617801047120505
2022-05-27,7780,7780,7590,7650,11766,-0.0013054830287205776
2022-05-30,7740,7860,7690,7770,18893,0.015686274509803866
2022-05-31,7770,7900,7640,7800,35245,0.0038610038610038533
2022-06-02,7800,7830,7730,7820,17314,0.002564102564102555
2022-06-03,7830,7900,7790,7800,14534,-0.002557544757033292
2022-06-07,7800,7890,7600,7620,26874,-0.023076923076923106
2022-06-08,7610,7660,7540,7560,25991,-0.007874015748031482
2022-06-09,7510,7580,7460,7470,21475,-0.011904761904761862
2022-06-10,7470,7490,7330,7340,19283,-0.01740294511378848
2022-06-13,7180,7290,6780,6820,71152,-0.07084468664850141
2022-06-14,6690,6740,6380,6660,56619,-0.02346041055718473
2022-06-15,6660,6670,6100,6110,100619,-0.08258258258258255
2022-06-16,6180,6580,6150,6150,34522,0.00654664484451728
2022-06-17,5990,6330,5910,6210,44046,0.009756097560975618
2022-06-20,6230,6300,5620,5690,70922,-0.08373590982286638
2022-06-21,5700,5900,5590,5850,37869,0.02811950790861162
2022-06-22,5820,5940,5460,5460,69682,-0.06666666666666665
2022-06-23,5330,5530,4950,4960,253314,-0.09157509157509158
2022-06-24,4885,5520,4885,5370,104207,0.08266129032258074
2022-06-27,5550,5620,5400,5530,32011,0.029795158286778367
2022-06-28,5500,5670,5450,5610,28247,0.014466546112115841
2022-06-29,5470,5700,5450,5610,16880,0.0
2022-06-30,5610,5660,5390,5400,38338,-0.03743315508021394
2022-07-01,5320,5500,5130,5230,33161,-0.031481481481481444
2022-07-04,5190,5280,5080,5160,34296,-0.013384321223709361
2022-07-05,5160,5420,5160,5420,19795,0.050387596899224896
2022-07-06,5420,5960,5350,5490,209698,0.012915129151291449
2022-07-07,5550,5670,5530,5650,22746,0.02914389799635697
2022-07-08,5710,5770,5630,5640,25387,-0.001769911504424737
2022-07-11,5690,5720,5580,5640,19422,0.0
2022-07-12,5640,5700,5370,5540,27936,-0.01773049645390068
2022-07-13,5450,5650,5410,5630,16789,0.016245487364620947
2022-07-14,5550,5690,5490,5640,18053,0.001776198934280604
2022-07-15,5700,5760,5470,5630,14518,-0.0017730496453900457
2022-07-18,5740,5740,5590,5700,17864,0.01243339253996445
2022-07-19,5670,5800,5550,5770,17095,0.012280701754386003
2022-07-20,5860,5920,5700,5760,33140,-0.0017331022530329143
2022-07-21,5770,6030,5730,5990,72469,0.03993055555555558
2022-07-22,6000,6040,5890,5990,33325,0.0
2022-07-25,5980,6030,5920,5990,14200,0.0
2022-07-26,6000,6000,5930,5970,8673,-0.0033388981636059967
2022-07-27,5980,5990,5860,5910,25270,-0.01005025125628145
2022-07-28,5940,6000,5890,5910,12429,0.0
2022-07-29,5940,6040,5910,6000,29404,0.015228426395939021
2022-08-01,5970,6150,5940,6040,28734,0.006666666666666599
2022-08-02,6050,6650,5980,6090,331784,0.008278145695364225
2022-08-03,6010,6150,5960,6120,47913,0.0049261083743843415
2022-08-04,6120,6200,6090,6150,34639,0.004901960784313708
2022-08-05,6110,6230,6110,6150,18481,0.0
2022-08-08,6160,6250,6080,6120,12613,-0.004878048780487809
2022-08-09,6110,6180,6000,6140,27870,0.0032679738562091387
2022-08-10,6110,6120,6000,6000,24146,-0.0228013029315961
2022-08-11,6040,6110,5920,5980,38353,-0.0033333333333332993
2022-08-12,5980,6020,5920,6000,22530,0.0033444816053511683
2022-08-16,6060,6080,5940,5950,12573,-0.008333333333333304
2022-08-17,5950,6010,5800,5880,22969,-0.0117647058823529
2022-08-18,5850,5850,5680,5780,26588,-0.017006802721088454
2022-08-19,5750,5830,5710,5720,11184,-0.01038062283737029
2022-08-22,5660,5660,5500,5510,25816,-0.036713286713286664
2022-08-23,5460,5520,5420,5440,16969,-0.012704174228675091
2022-08-24,5440,5520,5410,5510,5495,0.012867647058823595
2022-08-25,5510,5670,5500,5580,24700,0.012704174228675091
2022-08-26,5590,5670,5530,5590,15186,0.0017921146953405742
2022-08-29,5230,5500,5230,5410,39609,-0.03220035778175312
2022-08-30,5380,5490,5310,5470,8540,0.01109057301293892
2022-08-31,5520,5600,5470,5530,5952,0.010968921389396646
2022-09-01,5620,5620,5360,5390,21364,-0.025316455696202556
2022-09-02,5350,6850,5350,6410,5449699,0.18923933209647492
2022-09-05,6550,7010,6200,6300,1944304,-0.01716068642745705
2022-09-06,6400,6580,6240,6580,447228,0.04444444444444451
2022-09-07,6470,6500,6200,6360,216490,-0.033434650455927084
2022-09-08,6360,6360,6000,6050,143922,-0.04874213836477992
2022-09-13,6090,6220,6070,6180,96041,0.02148760330578514
2022-09-14,6000,6150,5930,6130,53535,-0.008090614886731351
2022-09-15,6130,6230,6040,6060,67949,-0.011419249592169667
2022-09-16,6060,6130,5800,5820,96336,-0.03960396039603964
2022-09-19,5820,5870,5510,5590,59909,-0.03951890034364258
2022-09-20,5560,5750,5550,5700,38991,0.019677996422182487
2022-09-21,5690,5840,5580,5690,17975,-0.0017543859649122862
2022-09-22,5630,5720,5400,5620,53361,-0.012302284710017597
2022-09-23,5570,5680,5240,5300,79417,-0.05693950177935947
2022-09-26,5230,5240,4895,5020,100635,-0.05283018867924527
2022-09-27,4910,5170,4850,5040,54657,0.003984063745019917
2022-09-28,4920,5090,4690,4755,55807,-0.05654761904761907
2022-09-29,4770,4930,4550,4645,42167,-0.023133543638275467
2022-09-30,4470,4675,4470,4640,23762,-0.0010764262648008671
2022-10-04,4670,4795,4670,4790,27263,0.032327586206896575
2022-10-05,4835,4900,4605,4720,19328,-0.014613778705636737
2022-10-06,4820,4925,4750,4905,19180,0.03919491525423724
2022-10-07,4850,4930,4850,4870,10756,-0.007135575942915362
2022-10-11,4870,4870,4400,4450,48900,-0.08624229979466114
2022-10-12,4425,4590,4390,4455,25195,0.0011235955056179137
2022-10-13,4265,4450,4130,4160,74353,-0.06621773288439958
2022-10-14,4220,4430,4220,4390,34695,0.05528846153846145
2022-10-17,4380,4540,4200,4525,14791,0.03075170842824604
2022-10-18,4630,4890,4535,4745,47669,0.048618784530386705
2022-10-19,4745,4850,4350,4445,67250,-0.06322444678609063
2022-10-20,4450,4600,4360,4400,21553,-0.010123734533183382
2022-10-21,4315,4445,4270,4300,30891,-0.022727272727272707
2022-10-24,4380,4490,4365,4430,19611,0.03023255813953485
2022-10-25,4500,4500,4355,4435,13216,0.0011286681715576563
2022-10-26,4435,4480,4330,4345,14855,-0.020293122886133053
2022-10-27,4345,4545,4250,4490,19544,0.03337169159953968
2022-10-28,4490,4540,4415,4510,15070,0.00445434298440972
2022-10-31,4585,4585,4435,4490,12226,-0.0044345898004434225
2022-11-01,4450,4650,4450,4620,20537,0.028953229398663627
2022-11-02,4605,5980,4570,5390,3281534,0.16666666666666674
2022-11-03,5390,5900,5280,5490,1442102,0.01855287569573294
2022-11-04,5400,5480,5140,5220,240286,-0.049180327868852514
2022-11-07,5220,5550,5220,5230,292541,0.0019157088122605526
2022-11-08,5190,5300,5190,5230,83567,0.0
2022-11-09,5220,5270,5150,5180,92607,-0.009560229445506718
2022-11-10,5250,5490,5160,5420,259551,0.04633204633204624
2022-11-11,5480,5510,5320,5430,185424,0.0018450184501845879
2022-11-14,5520,5680,5370,5650,385963,0.04051565377532218
2022-11-15,5650,5660,5450,5540,142454,-0.019469026548672552
2022-11-16,5550,5560,5300,5480,86779,-0.010830324909747335
2022-11-17,5550,5550,5320,5340,88315,-0.025547445255474477
2022-11-18,5360,5430,5220,5260,41267,-0.014981273408239737
2022-11-21,5350,5420,5160,5270,47765,0.0019011406844107182
2022-11-22,5270,5280,5050,5100,79178,-0.032258064516129004
2022-11-23,5240,5310,5150,5310,50051,0.04117647058823537
2022-11-24,5370,5550,5260,5360,117944,0.009416195856873921
2022-11-25,5360,5440,5310,5420,40033,0.011194029850746245
2022-11-28,5440,5570,5350,5520,95776,0.01845018450184499
2022-11-29,5490,5490,5390,5490,39626,-0.005434782608695676
2022-11-30,5550,5580,5440,5470,48070,-0.0036429872495445936
2022-12-01,5530,5540,5460,5510,47845,0.007312614259597838
2022-12-02,5480,5630,5470,5540,78473,0.005444646098003547
2022-12-05,5520,5620,5440,5490,56512,-0.009025270758122761
2022-12-06,5500,5500,5270,5280,45691,-0.03825136612021862
2022-12-07,5200,5390,5180,5390,20259,0.02083333333333326
2022-12-08,5300,5380,5220,5290,31219,-0.01855287569573283
2022-12-09,5260,5540,5260,5450,118725,0.030245746691871522
2022-12-12,5540,5540,5450,5510,75015,0.011009174311926495
2022-12-13,5520,5550,5430,5500,71172,-0.001814882032667886
2022-12-14,5470,5670,5470,5650,116777,0.027272727272727337
2022-12-15,5680,5760,5590,5690,151913,0.0070796460176991705
2022-12-16,5520,5750,5510,5700,52099,0.0017574692442883233
2022-12-19,5640,6300,5630,5690,1061037,-0.0017543859649122862
2022-12-20,5790,5790,5260,5330,218501,-0.06326889279437609
2022-12-21,5400,5400,5180,5190,60429,-0.026266416510318913
2022-12-22,5280,5380,5220,5320,36353,0.025048169556840083
2022-12-23,5320,5320,5100,5140,43067,-0.03383458646616544
2022-12-26,5130,5160,5000,5020,31053,-0.023346303501945553
2022-12-27,4990,5130,4990,5130,14947,0.021912350597609542
2022-12-28,5210,5220,5130,5160,12023,0.005847953216374213
2022-12-29,5160,5160,4925,4935,30043,-0.043604651162790664
2023-01-02,4935,5050,4795,4795,23963,-0.028368794326241176
2023-01-03,4700,4880,4680,4835,35818,0.008342022940563076
2023-01-04,4755,5030,4710,4965,45768,0.026887280248190315
2023-01-05,4995,5890,4985,5140,2976253,0.03524672708962728
2023-01-06,5140,6150,5030,5500,4775067,0.07003891050583655
2023-01-09,5500,5770,5450,5620,894492,0.021818181818181737
2023-01-10,5620,5670,5530,5560,167047,-0.010676156583629859
2023-01-11,5660,6450,5610,5830,3619169,0.04856115107913661
2023-01-12,5810,5830,5660,5700,232796,-0.022298456260720356
2023-01-13,5650,5770,5620,5690,94257,-0.0017543859649122862
2023-01-16,5680,5880,5680,5760,133963,0.012302284710017597
2023-01-17,5710,5950,5700,5780,163015,0.003472222222222321
2023-01-18,5850,5940,5760,5830,171834,0.00865051903114189
2023-01-19,5780,5840,5700,5740,71096,-0.015437392795883409
2023-01-20,5720,7350,5710,6770,4785375,0.17944250871080136
2023-01-25,7320,7610,6960,7190,2498087,0.0620384047267355
2023-01-26,7300,7380,7040,7100,1229747,-0.012517385257301838
2023-01-27,7500,8400,7400,7790,6712006,0.09718309859154939
2023-01-30,7600,8030,7580,7680,853268,-0.014120667522464658
2023-01-31,7560,7950,7380,7680,757486,0.0
2023-02-01,7730,7800,7400,7440,407378,-0.03125
2023-02-02,7440,7650,7380,7560,339033,0.016129032258064502
2023-02-03,7940,8200,7540,7540,738637,-0.002645502645502673
2023-02-06,7440,7730,7430,7440,283784,-0.01326259946949604
2023-02-07,7500,7660,7230,7600,456812,0.021505376344086002
2023-02-08,7590,8450,7400,7800,3848996,0.026315789473684292
2023-02-09,7800,8120,7680,7920,974533,0.01538461538461533
2023-02-10,7820,7820,7520,7680,330008,-0.030303030303030276
2023-02-13,7700,8160,7580,7700,878181,0.0026041666666667407
2023-02-14,7670,7790,7450,7450,245176,-0.03246753246753242
2023-02-15,7450,7490,6890,6890,306124,-0.07516778523489931
2023-02-16,6890,7060,6890,6950,107840,0.00870827285921627
2023-02-17,7000,7000,6650,6810,150982,-0.020143884892086295
2023-02-20,7100,7230,6940,7140,159146,0.048458149779735615
2023-02-21,7300,7300,6900,6910,115238,-0.03221288515406162
2023-02-22,6770,6880,6680,6750,94101,-0.02315484804630974
2023-02-23,6750,7010,6680,6850,135794,0.014814814814814836
2023-02-24,6960,7050,6750,6850,79113,0.0
2023-02-27,6700,7020,6700,6930,88447,0.011678832116788218
2023-02-28,7010,7300,6920,7190,303591,0.037518037518037506
2023-03-02,7240,7240,6860,6970,148402,-0.030598052851182223
2023-03-03,7030,7030,6710,6820,110614,-0.021520803443328518
2023-03-06,6810,6930,6650,6900,97059,0.011730205278592365
2023-03-07,6830,6970,6660,6710,82333,-0.02753623188405796
2023-03-08,6670,6740,6520,6590,65751,-0.01788375558867361
2023-03-09,6590,6630,6380,6590,68104,0.0
2023-03-10,6450,6600,6360,6430,79614,-0.02427921092564489
2023-03-13,6430,6520,6120,6420,77650,-0.0015552099533436836
2023-03-14,6420,6420,6050,6090,57578,-0.051401869158878455
2023-03-15,6200,6390,5850,6180,33807,0.014778325123152802
2023-03-16,6180,6250,5890,6120,51027,-0.009708737864077666
2023-03-17,6350,6440,6130,6400,62948,0.045751633986928164
2023-03-20,6400,6490,6340,6370,32673,-0.004687499999999956
2023-03-21,6450,6480,6220,6270,29769,-0.015698587127158548
2023-03-22,6270,6350,6150,6260,31791,-0.0015948963317384823
2023-03-23,6260,6360,6090,6160,50257,-0.015974440894568676
2023-03-24,6100,6370,6060,6300,50105,0.022727272727272707
2023-03-27,6400,6400,6030,6130,59459,-0.026984126984127
2023-03-28,6070,6380,6070,6250,53483,0.019575856443719397
2023-03-29,6280,6290,6110,6180,36188,-0.011199999999999988
2023-03-30,6180,6230,6070,6100,48321,-0.012944983818770184
2023-03-31,6100,6140,5900,5910,77154,-0.031147540983606503
2023-04-03,5930,6150,5930,6150,47837,0.04060913705583746
2023-04-04,6080,6240,6040,6160,46796,0.001626016260162677
2023-04-05,6150,6290,6100,6260,51486,0.016233766233766156
2023-04-06,6200,6220,6020,6030,48181,-0.036741214057507965
2023-04-07,6010,6080,5960,5970,42352,-0.00995024875621886
2023-04-10,5930,5970,5680,5720,109200,-0.041876046901172526
2023-04-11,5680,5840,5630,5810,55875,0.01573426573426584
2023-04-12,5940,5940,5740,5790,44418,-0.0034423407917383297
2023-04-13,5790,5950,5650,5900,57130,0.01899827288428324
2023-04-14,5860,6000,5860,5890,44132,-0.0016949152542372614
2023-04-17,5890,6030,5850,5940,28560,0.008488964346349714
2023-04-18,5940,5990,5700,5840,42915,-0.01683501683501687
2023-04-19,5870,5960,5840,5880,29428,0.006849315068493178
2023-04-20,5850,5880,5660,5670,34255,-0.0357142857142857
2023-04-21,5630,5720,5510,5560,36035,-0.01940035273368612
2023-04-24,5560,5620,5480,5560,29432,0.0
2023-04-25,5560,5590,5310,5380,39632,-0.03237410071942448
2023-04-26,5300,5450,5270,5270,31130,-0.020446096654275103
2023-04-27,5220,5380,5180,5300,31331,0.005692599620493288
2023-04-28,5360,5430,5200,5250,43977,-0.009433962264150941
2023-05-02,5300,6000,5300,5640,346211,0.07428571428571429
2023-05-03,5550,5750,5490,5660,42165,0.0035460992907800915
2023-05-04,5560,5560,5380,5490,56584,-0.030035335689045928
2023-05-08,5490,5580,5460,5490,28011,0.0
2023-05-09,5490,5610,5340,5390,31957,-0.01821493624772308
2023-05-10,5370,5500,5350,5500,26419,0.020408163265306145
2023-05-11,5470,5560,5410,5480,23716,-0.0036363636363636598
2023-05-12,5430,5470,5310,5310,24676,-0.031021897810219023
2023-05-15,5310,5500,5170,5310,50941,0.0
2023-05-16,5110,5500,5110,5350,54063,0.007532956685499137
2023-05-17,5330,5500,5330,5480,40461,0.024299065420560817
2023-05-18,5550,5550,5450,5480,16760,0.0
2023-05-19,5480,5570,5450,5450,19584,-0.005474452554744547
2023-05-22,5450,5500,5390,5490,16233,0.007339449541284404
2023-05-23,5460,5550,5460,5470,25683,-0.0036429872495445936
2023-05-24,5530,5670,5430,5580,30396,0.02010968921389389
2023-05-25,5580,5610,5460,5500,15594,-0.014336917562724039
2023-05-26,5450,5510,5310,5310,32143,-0.034545454545454546
2023-05-30,5360,6900,5300,6900,4072613,0.2994350282485876
2023-05-31,7340,7650,6460,6540,9397746,-0.05217391304347829
2023-06-01,6420,6860,6340,6350,2050363,-0.02905198776758411
2023-06-02,6370,6530,6300,6370,725672,0.0031496062992126816
2023-06-05,6370,6570,6370,6570,364502,0.031397174254317095
2023-06-07,6580,6590,6330,6340,264220,-0.03500761035007616
2023-06-08,6250,6450,6200,6280,203127,-0.009463722397476393
2023-06-09,6300,6330,6210,6240,198467,-0.006369426751592355
2023-06-12,6200,6340,6120,6300,143683,0.009615384615384581
2023-06-13,6230,6420,6210,6380,226120,0.012698412698412653
2023-06-14,6460,6480,6240,6260,220306,-0.018808777429467072
2023-06-15,6260,6400,6230,6270,130228,0.0015974440894568342
2023-06-16,6360,6400,6260,6260,105902,-0.0015948963317384823
2023-06-19,6200,6340,6140,6340,104349,0.012779552715654896
2023-06-20,6340,6370,6180,6270,77338,-0.01104100946372244
2023-06-21,6270,6270,5960,5990,194242,-0.044657097288676284
2023-06-22,5900,6090,5840,5940,116253,-0.008347245409014992
2023-06-23,5940,6000,5810,5900,77884,-0.006734006734006703
2023-06-26,5900,5940,5740,5850,70621,-0.008474576271186418
2023-06-27,5850,6040,5750,5800,93288,-0.008547008547008517
2023-06-28,5810,5840,5640,5690,58845,-0.018965517241379293
2023-06-29,5630,5660,5470,5500,116436,-0.033391915641476255
2023-06-30,5460,5720,5460,5590,66741,0.016363636363636358
2023-07-03,5600,5720,5600,5620,53612,0.005366726296958779
2023-07-04,5620,5760,5530,5660,48511,0.007117437722419906
2023-07-05,5600,6100,5540,5560,447253,-0.017667844522968212
2023-07-06,5560,5640,5220,5330,160964,-0.04136690647482011
2023-07-07,5340,6190,5230,5350,1679039,0.0037523452157599557
2023-07-10,5350,5670,5220,5480,182644,0.024299065420560817
2023-07-11,5430,5530,5370,5510,77914,0.005474452554744547
2023-07-12,5510,5540,5430,5500,51958,-0.001814882032667886
2023-07-13,5520,5610,5450,5490,59383,-0.0018181818181818299
2023-07-14,5610,5610,5370,5460,42501,-0.005464480874316946
2023-07-17,5460,5540,5360,5440,51839,-0.00366300366300365
2023-07-18,5440,5530,5260,5330,56887,-0.020220588235294157
2023-07-19,5260,5310,5170,5200,50064,-0.024390243902439046
2023-07-20,5150,5410,5140,5300,58552,0.019230769230769162
2023-07-21,5300,5380,5220,5290,34363,-0.0018867924528301883
2023-07-24,5210,5250,4905,4920,125197,-0.06994328922495274
2023-07-25,4920,4950,4795,4820,77054,-0.020325203252032575
2023-07-26,4780,4885,4440,4495,178916,-0.06742738589211617
2023-07-27,4400,5140,4400,4890,211692,0.08787541713014457
2023-07-28,4705,5020,4705,4970,35812,0.01635991820040905
2023-07-31,5050,5100,4810,4980,38494,0.002012072434607548
2023-08-01,4935,5180,4935,5090,32789,0.02208835341365467
2023-08-02,5020,5130,4950,4985,19882,-0.02062868369351667
2023-08-03,4985,5000,4840,4985,29643,0.0
2023-08-04,4985,5130,4900,5120,25896,0.027081243731193583
2023-08-07,5070,5100,4980,4995,19305,-0.0244140625
2023-08-08,4975,5100,4815,4910,31789,-0.017017017017016967
2023-08-09,4905,5100,4820,4940,37633,0.006109979633401208
2023-08-10,4940,5010,4840,4965,10212,0.005060728744939347
2023-08-11,4870,5100,4865,5020,41962,0.011077542799597273
2023-08-14,5110,5110,4900,4960,18283,-0.01195219123505975
2023-08-16,4870,4910,4700,4750,50874,-0.04233870967741937
2023-08-17,4705,4765,4590,4755,41341,0.001052631578947416
2023-08-18,4625,4780,4550,4600,33688,-0.03259726603575186
2023-08-21,4510,4800,4510,4775,26812,0.03804347826086962
2023-08-22,4725,4800,4610,4610,30950,-0.034554973821989576
2023-08-23,4610,4900,4610,4720,46627,0.02386117136659438
2023-08-24,4800,4995,4785,4795,41780,0.01588983050847448
2023-08-25,4795,5000,4720,4800,10678,0.0010427528675704956
2023-08-28,4750,4800,4690,4765,11340,-0.007291666666666696
2023-08-29,4765,5420,4765,4915,836424,0.03147953830010497
2023-08-30,4905,5060,4905,5030,84241,0.02339776195320442
2023-08-31,5000,5100,4940,4970,52626,-0.011928429423459286
2023-09-01,5050,5050,4875,4955,38056,-0.003018108651911433
2023-09-04,4900,5040,4840,4965,37151,0.0020181634712410634
2023-09-05,4905,5090,4880,5040,34957,0.015105740181268867
2023-09-06,4980,5060,4930,4950,25572,-0.017857142857142905
2023-09-07,4950,4975,4825,4850,22917,-0.02020202020202022
2023-09-08,4875,4925,4800,4825,18347,-0.005154639175257714
2023-09-11,4810,4950,4810,4870,13124,0.00932642487046631
2023-09-12,4870,4950,4790,4835,37735,-0.007186858316221789
2023-09-13,4775,4890,4745,4810,23845,-0.005170630816959676
2023-09-14,4820,5030,4790,4900,23445,0.018711018711018657
2023-09-15,5070,5380,4950,5060,338607,0.03265306122448974
2023-09-18,5130,6570,5000,6570,4279245,0.29841897233201586
2023-09-19,7480,8450,6530,8020,25344928,0.22070015220700157
2023-09-20,7710,7850,7190,7510,2847941,-0.06359102244389025
2023-09-21,7320,7410,6900,7350,2393749,-0.02130492676431428
2023-09-22,6860,7180,6240,6480,1753739,-0.11836734693877549
2023-09-25,6350,6530,5870,5880,1075961,-0.09259259259259256
2023-09-26,5950,6050,5430,5430,1005135,-0.07653061224489799
2023-09-27,5510,5670,5350,5540,500119,0.0202578268876612
2023-10-04,5490,5530,5150,5170,318971,-0.06678700361010825
2023-10-05,5220,5310,4960,4970,449874,-0.03868471953578334
2023-10-06,4970,5400,4970,5290,396394,0.06438631790744465
2023-10-10,5250,5390,5080,5100,179780,-0.03591682419659736
2023-10-11,5210,5350,5140,5140,162990,0.007843137254901933
2023-10-12,5250,5500,5240,5370,373127,0.04474708171206232
2023-10-13,5330,5370,5130,5260,123392,-0.020484171322160183
2023-10-16,5160,5260,4940,5060,181607,-0.03802281368821292
2023-10-17,5060,5220,5060,5140,98503,0.015810276679841806
2023-10-18,5310,5320,5030,5060,154840,-0.015564202334630295
2023-10-19,5050,5050,4845,4870,144524,-0.03754940711462451
2023-10-20,4810,4880,4585,4750,192158,-0.024640657084188944
2023-10-23,4700,4835,4630,4675,62690,-0.015789473684210575
2023-10-24,4700,4875,4550,4860,70456,0.039572192513368964
2023-10-25,4860,4920,4780,4800,46528,-0.012345679012345734
2023-10-26,4750,4750,4530,4545,81281,-0.05312499999999998
2023-10-27,4525,4630,4430,4510,64031,-0.007700770077007646
2023-10-30,4570,4735,4450,4650,70856,0.03104212860310418
2023-10-31,4700,4760,4430,4465,65216,-0.03978494623655915
2023-11-01,4500,4740,4490,4585,53278,0.026875699888017968
2023-11-02,4605,4715,4590,4705,41342,0.026172300981461394
2023-11-03,4740,5090,4680,4910,452794,0.043570669500531345
2023-11-06,4910,4960,4860,4960,90710,0.010183299389002087
2023-11-07,4960,4960,4760,4815,80148,-0.029233870967741882
2023-11-08,4895,5100,4830,4860,130707,0.009345794392523255
2023-11-09,4865,4985,4855,4915,54596,0.011316872427983515
2023-11-10,4940,5140,4745,4780,266257,-0.02746693794506616
2023-11-13,4805,4860,4630,4630,61185,-0.03138075313807531
2023-11-14,4590,4930,4590,4870,87159,0.05183585313174954
2023-11-15,4880,5000,4880,4960,64130,0.01848049281314168
2023-11-16,5010,5010,4890,4955,40660,-0.0010080645161290036
2023-11-17,4970,4970,4795,4835,54647,-0.024217961654894093
2023-11-20,4835,6030,4710,5690,8459273,0.1768355739400207
2023-11-21,5750,5770,5390,5450,1185204,-0.04217926186291743
2023-11-22,5410,6040,5280,5500,4165650,0.00917431192660545
2023-11-23,5500,5890,5340,5460,1665533,-0.0072727272727273196
2023-11-24,5460,5590,5390,5440,304691,-0.00366300366300365
2023-11-27,5450,5450,5180,5200,300197,-0.044117647058823484
2023-11-28,5190,5300,5080,5170,149584,-0.005769230769230749
2023-11-29,5190,5360,5090,5120,315803,-0.009671179883945835
2023-11-30,5190,5340,5120,5160,188437,0.0078125
2023-12-01,5190,5300,5130,5180,147888,0.003875968992248069
2023-12-04,5160,5200,5040,5160,132040,-0.0038610038610038533
2023-12-05,5100,5100,4840,4895,204844,-0.0513565891472868
2023-12-06,4895,5020,4880,4975,77497,0.01634320735444339
2023-12-07,4965,5780,4860,5300,2917668,0.0653266331658291
2023-12-08,5230,5370,5120,5350,453541,0.009433962264151052
2023-12-11,5370,5450,5230,5270,328954,-0.01495327102803734
2023-12-12,5280,5370,5200,5250,151162,-0.003795066413662229
2023-12-13,5250,5250,5020,5070,188904,-0.03428571428571425
2023-12-14,5100,5170,4970,4990,101789,-0.015779092702169595
2023-12-15,4990,5080,4895,4905,102675,-0.017034068136272507
2023-12-18,4980,5070,4915,5010,61446,0.021406727828746197
2023-12-19,4970,5350,4950,5270,286335,0.05189620758483038
2023-12-20,5190,5320,5120,5270,328811,0.0
2023-12-21,5230,5360,5120,5140,145373,-0.024667931688804545
2023-12-22,5140,5250,5060,5100,95023,-0.0077821011673151474
2023-12-26,5100,5370,5000,5070,170241,-0.00588235294117645
2023-12-27,5040,5270,5010,5140,217767,0.013806706114398493
2023-12-28,5120,5280,5120,5230,91751,0.017509727626459082
2024-01-02,5230,5360,5170,5300,103004,0.013384321223709472
2024-01-03,5400,5420,5150,5330,177436,0.005660377358490676
2024-01-04,5380,5380,5190,5220,101149,-0.0206378986866792
2024-01-05,5240,5380,5220,5340,115087,0.02298850574712641
2024-01-08,5400,6100,5290,5710,4210099,0.06928838951310867
2024-01-09,5750,5760,5500,5710,577866,0.0
2024-01-10,5700,5710,5540,5620,249058,-0.015761821366024553
2024-01-11,5650,5950,5640,5710,898253,0.016014234875444844
2024-01-12,5720,5730,5440,5560,243010,-0.02626970227670755
2024-01-15,5550,5610,5370,5550,138223,-0.0017985611510791255
2024-01-16,5530,5540,5330,5400,141335,-0.027027027027026973
2024-01-17,5460,5470,5140,5170,156600,-0.042592592592592626
2024-01-18,5170,5380,5120,5380,126976,0.04061895551257244
2024-01-19,5420,5640,5400,5640,211119,0.048327137546468446
2024-01-22,5640,5730,5500,5530,127040,-0.019503546099290725
2024-01-23,5540,5810,5510,5730,367665,0.03616636528028927
2024-01-24,5650,5730,5500,5700,212457,-0.005235602094240788
2024-01-25,5800,7410,5770,7050,18465250,0.23684210526315796
2024-01-26,6840,7600,6710,6900,5162394,-0.021276595744680882
2024-01-29,7300,7450,6470,6490,1893196,-0.05942028985507242
2024-01-30,6480,6590,6000,6140,789371,-0.05392912172573194
2024-01-31,6000,6020,5370,5370,821565,-0.12540716612377845
2024-02-01,5300,5400,5140,5340,358678,-0.005586592178770999
2024-02-02,5300,5520,5270,5380,256484,0.0074906367041198685
2024-02-05,5330,5370,5230,5250,131431,-0.024163568773234223
2024-02-06,5250,5330,5110,5150,116423,-0.01904761904761909
2024-02-07,5180,5230,5060,5110,94908,-0.007766990291262155
2024-02-08,5060,5140,4960,5070,109642,-0.007827788649706457
2024-02-13,5120,5290,5080,5270,86008,0.03944773175542404
2024-02-14,5210,5500,5210,5470,196996,0.03795066413662229
2024-02-15,5470,5500,5300,5360,111271,-0.020109689213894
2024-02-16,5390,5560,5290,5460,147385,0.018656716417910557
2024-02-19,5460,6080,5390,5740,1766384,0.05128205128205132
2024-02-20,5740,5840,5570,5690,221094,-0.008710801393728262
2024-02-21,5670,5670,5460,5490,172596,-0.03514938488576447
2024-02-22,5550,5910,5510,5650,414319,0.02914389799635697
2024-02-23,5630,5630,5400,5420,136376,-0.04070796460176995
2024-02-26,5420,5470,5250,5390,78454,-0.005535055350553542
2024-02-27,5440,5470,5270,5320,100822,-0.012987012987012991
2024-02-28,5250,5380,5210,5260,73325,-0.011278195488721776
2024-02-29,5260,5330,5220,5240,52308,-0.0038022813688213253
2024-03-04,5250,5350,5230,5290,63712,0.009541984732824416
2024-03-05,5210,5290,5110,5170,122389,-0.022684310018903586
2024-03-06,5160,5260,5090,5100,69939,-0.013539651837524147
2024-03-07,5100,5200,5020,5090,73887,-0.0019607843137254832
2024-03-08,5110,5250,5080,5160,54879,0.013752455795677854
2024-03-11,5100,5230,5080,5140,54103,-0.003875968992248069
2024-03-12,5140,5410,5090,5290,281666,0.029182879377431803
2024-03-13,5260,5290,5160,5270,95904,-0.003780718336483968
2024-03-14,5320,5450,5200,5230,93289,-0.007590132827324458
2024-03-15,5180,5250,5120,5120,54096,-0.021032504780114758
2024-03-18,5120,5200,5100,5140,41439,0.00390625
2024-03-19,5140,5180,5050,5050,70893,-0.017509727626459193
2024-03-20,5050,5140,5000,5040,47003,-0.001980198019801982
2024-03-21,5050,5210,5020,5080,72496,0.007936507936507908
2024-03-22,5100,5240,5080,5100,94594,0.003937007874015741
2024-03-25,5090,5170,5080,5140,31184,0.007843137254901933
2024-03-26,5130,5160,5080,5130,58326,-0.0019455252918287869
2024-03-27,5100,5190,5100,5130,40807,0.0
2024-03-28,5140,5430,5100,5160,209686,0.005847953216374213
2024-03-29,5150,5170,5050,5080,78530,-0.015503875968992276
2024-04-01,5110,5140,5060,5090,30907,0.0019685039370078705
2024-04-02,5060,5110,5020,5040,50827,-0.00982318271119842
2024-04-03,5020,5080,4950,4950,65993,-0.017857142857142905
2024-04-04,5060,5060,4930,4970,38402,0.004040404040404066
2024-04-05,4970,4980,4800,4820,69149,-0.030181086519114664
2024-04-08,4820,4870,4715,4770,44559,-0.010373443983402453
2024-04-09,4750,5050,4725,4915,34539,0.03039832285115307
2024-04-11,4900,4900,4775,4860,21989,-0.011190233977619535
2024-04-12,4820,4970,4810,4840,11110,-0.004115226337448541
2024-04-15,4830,4830,4700,4775,38350,-0.013429752066115741
2024-04-16,4770,4775,4610,4655,59116,-0.025130890052356025
2024-04-17,4610,4720,4610,4670,25233,0.0032223415682062218
2024-04-18,4615,4825,4615,4805,23717,0.028907922912205564
2024-04-19,4815,4815,4650,4680,23636,-0.026014568158168605
2024-04-22,4650,4790,4650,4685,15726,0.0010683760683760646
2024-04-23,4680,4720,4645,4690,14945,0.0010672358591248265
2024-04-24,4700,5290,4700,4795,4034193,0.02238805970149249
2024-04-25,4780,4840,4700,4740,150542,-0.01147028154327423
2024-04-26,4770,4790,4715,4715,77905,-0.0052742616033755185
2024-04-29,4765,4850,4720,4785,64115,0.014846235418875864
2024-04-30,4740,4885,4740,4790,61508,0.0010449320794148065
2024-05-02,4790,4850,4780,4830,27562,0.008350730688935215
2024-05-03,4835,4910,4830,4850,45727,0.0041407867494824835
2024-05-07,4865,4905,4840,4855,35960,0.0010309278350515427
2024-05-08,4855,4940,4815,4940,36575,0.01750772399588052
2024-05-09,4930,4960,4875,4880,38607,-0.012145748987854255
2024-05-10,4910,4940,4850,4865,35520,-0.0030737704918032405
2024-05-13,4865,4990,4785,4815,44556,-0.010277492291880796
2024-05-14,4800,4905,4800,4885,26411,0.014537902388369606
2024-05-16,4895,4950,4865,4890,36966,0.0010235414534287557
2024-05-17,4915,5250,4825,4865,210354,-0.005112474437627856
2024-05-20,4860,4890,4825,4875,36162,0.0020554984583760483
2024-05-21,4840,4905,4820,4845,33090,-0.006153846153846176
2024-05-22,4845,4895,4820,4840,25587,-0.0010319917440660964
2024-05-23,4810,4855,4775,4810,24395,-0.006198347107438051
2024-05-24,4785,4830,4725,4725,51946,-0.017671517671517645
2024-05-27,4730,4755,4670,4675,41664,-0.010582010582010581
2024-05-28,4655,4705,4640,4700,33352,0.005347593582887722
2024-05-29,4695,4710,4630,4655,36414,-0.009574468085106425
2024-05-30,4615,4690,4615,4660,21592,0.0010741138560688146
2024-05-31,4635,4760,4635,4665,23025,0.0010729613733906351
2024-06-03,4780,4785,4665,4750,27635,0.018220793140407254
2024-06-04,4775,4775,4665,4665,22812,-0.017894736842105297
2024-06-05,4750,4750,4645,4680,22842,0.003215434083601254
2024-06-07,4665,4770,4640,4680,24561,0.0
2024-06-10,4680,4690,4600,4650,33134,-0.0064102564102563875
2024-06-11,4650,4750,4650,4695,12801,0.00967741935483879
2024-06-12,4675,4780,4675,4725,17701,0.006389776357827559
2024-06-13,4690,4765,4605,4655,31650,-0.014814814814814836
2024-06-14,4655,4680,4560,4650,47341,-0.0010741138560687036
2024-06-17,4585,4650,4585,4630,14382,-0.004301075268817178
2024-06-18,4595,4650,4545,4630,35223,0.0
2024-06-19,4630,4630,4540,4580,21181,-0.010799136069114423
2024-06-20,4580,4580,4470,4525,36105,-0.012008733624454093
2024-06-21,4385,4525,4370,4425,52036,-0.02209944751381221
2024-06-24,4425,4435,4310,4340,38250,-0.019209039548022555
2024-06-25,4365,4445,4340,4435,17640,0.02188940092165903
2024-06-26,4500,4500,4360,4380,12159,-0.012401352874859106
2024-06-27,4325,4405,4325,4350,6683,-0.006849315068493178
2024-06-28,4360,4405,4310,4355,11580,0.0011494252873562871
2024-07-01,4380,4400,4315,4380,15308,0.00574052812858783
2024-07-02,4345,4390,4255,4260,24065,-0.0273972602739726
2024-07-03,4260,4305,4215,4215,26411,-0.010563380281690127
2024-07-04,4245,4260,4215,4220,17078,0.0011862396204034287
2024-07-05,4235,4260,4215,4230,24228,0.0023696682464455776
2024-07-08,4210,4275,4200,4260,16055,0.007092198581560183
2024-07-09,4225,4365,4150,4300,16882,0.009389671361502261
2024-07-10,4325,4350,4250,4295,12259,-0.0011627906976744429
2024-07-11,4295,4340,4240,4245,10721,-0.011641443538998875
2024-07-12,4290,4310,4200,4250,11190,0.0011778563015312216
2024-07-15,4225,4280,4185,4220,14358,-0.007058823529411784
2024-07-16,4245,4245,4100,4150,61418,-0.016587677725118488
2024-07-17,4160,4165,4050,4120,18630,-0.0072289156626506035
2024-07-18,4110,4110,3950,3960,31542,-0.03883495145631066
2024-07-19,4035,4035,3670,3710,88675,-0.06313131313131315
2024-07-22,3740,3805,3630,3690,51201,-0.005390835579514808
2024-07-23,3710,3750,3620,3670,25549,-0.005420054200542035
2024-07-24,3620,3800,3595,3625,41470,-0.012261580381471404
2024-07-25,3590,3650,3465,3645,37284,0.0055172413793103114
2024-07-26,3590,3645,3550,3640,14270,-0.00137174211248281
2024-07-29,3610,3660,3610,3660,12800,0.005494505494505475
2024-07-30,3540,3680,3540,3660,19104,0.0
2024-07-31,3550,3660,3545,3655,32846,-0.001366120218579181
2024-08-01,3680,3820,3680,3820,18917,0.045143638850889234
2024-08-02,3780,3790,3700,3760,23163,-0.015706806282722474
2024-08-05,3695,3695,2950,2990,129267,-0.20478723404255317
2024-08-06,2900,3195,2900,3095,74884,0.03511705685618738
2024-08-07,3095,3245,3090,3185,21195,0.029079159935379684
2024-08-08,3155,3190,3120,3160,10351,-0.00784929356357933
2024-08-09,3135,3265,3135,3255,12779,0.030063291139240444
2024-08-12,3240,3320,3185,3205,32319,-0.015360983102918557
2024-08-13,3170,3250,3140,3175,37069,-0.009360374414976613
2024-08-14,3195,3255,3195,3250,14234,0.023622047244094446
2024-08-16,3255,3285,3230,3235,11361,-0.004615384615384577
2024-08-19,3245,3255,3175,3180,9748,-0.01700154559505407
2024-08-20,3110,3215,3110,3195,14099,0.004716981132075526
2024-08-21,3185,3210,3170,3205,9776,0.003129890453834161
2024-08-22,3205,3250,3190,3205,7909,0.0
2024-08-23,3170,3190,3110,3190,22216,-0.004680187207488307
2024-08-26,3170,3205,3120,3145,13242,-0.014106583072100332
2024-08-27,3085,3160,3080,3155,11536,0.0031796502384737746
2024-08-28,3155,3790,3155,3350,611561,0.06180665610142633
2024-08-29,3340,3350,3185,3225,57000,-0.03731343283582089
2024-08-30,3265,3265,3170,3210,28338,-0.0046511627906976605
2024-09-02,3240,3320,3190,3280,13015,0.02180685358255441
2024-09-03,3305,3560,3260,3390,78676,0.03353658536585358
2024-09-04,3210,3400,3210,3285,21329,-0.030973451327433676
2024-09-05,3270,3355,3235,3255,18893,-0.0091324200913242
2024-09-06,3260,3260,3030,3030,41365,-0.06912442396313367
2024-09-09,3000,3030,2950,3025,16631,-0.0016501650165016146
2024-09-10,3025,3075,2965,3015,10661,-0.0033057851239669533
2024-09-11,3010,3100,2960,3010,14797,-0.0016583747927031434
2024-09-12,3045,3090,3020,3065,6029,0.0182724252491695
2024-09-13,3080,3115,3050,3110,8276,0.014681892332789603
2024-09-19,3110,3120,3045,3100,9655,-0.003215434083601254
2024-09-20,3080,3115,3065,3095,13759,-0.001612903225806428
2024-09-23,3095,3095,2940,2965,43100,-0.04200323101777059
2024-09-24,2945,3035,2945,3030,20796,0.021922428330522825
2024-09-25,3045,3115,2935,3060,8628,0.00990099009900991
2024-09-26,3045,3770,3040,3370,2251811,0.10130718954248374
2024-09-27,3370,3700,3235,3340,372767,-0.008902077151335286
2024-09-30,3360,3440,3310,3375,74819,0.010479041916167775
2024-10-02,3310,3330,3230,3280,42621,-0.028148148148148144
2024-10-04,3285,3460,3285,3340,53906,0.018292682926829285
2024-10-07,3435,3460,3340,3420,30706,0.0239520958083832
2024-10-08,3420,3755,3395,3510,177524,0.026315789473684292
2024-10-10,3560,3600,3505,3565,33789,0.015669515669515688
2024-10-11,3560,3670,3460,3460,38574,-0.029453015427770013
2024-10-14,3500,3560,3370,3430,28331,-0.00867052023121384
2024-10-15,3420,3490,3360,3390,16593,-0.011661807580174877
2024-10-16,3700,3820,3485,3580,339569,0.05604719764011801
2024-10-17,3550,3680,3550,3595,38004,0.0041899441340782495
2024-10-18,3655,3675,3505,3520,45429,-0.020862308762169657
2024-10-21,3505,3555,3490,3535,10323,0.0042613636363635354
2024-10-22,3550,3625,3460,3535,34952,0.0
2024-10-23,3515,3620,3450,3575,20674,0.011315417256011262
2024-10-24,3555,3700,3490,3665,32286,0.025174825174825166
2024-10-25,3645,3735,3525,3525,30671,-0.038199181446111896
2024-10-28,3585,3585,3460,3460,14563,-0.018439716312056764
2024-10-29,3700,3700,3425,3560,24899,0.028901734104046284
2024-10-30,3560,3640,3520,3560,12095,0.0
2024-10-31,3575,3665,3510,3630,13872,0.0196629213483146
2024-11-01,3610,3610,3515,3515,11420,-0.031680440771349905
2024-11-04,3560,3685,3500,3640,75162,0.03556187766714092
2024-11-05,3675,3800,3625,3720,41435,0.0219780219780219
2024-11-06,3760,3795,3445,3690,43576,-0.008064516129032251
2024-11-07,3860,4590,3720,3985,3036839,0.07994579945799463
2024-11-08,3900,4060,3765,3815,304089,-0.042659974905897124
2024-11-11,3840,3975,3690,3940,158924,0.03276539973787673
2024-11-12,3850,3905,3650,3660,118244,-0.07106598984771573
2024-11-13,3635,3680,3480,3495,69122,-0.04508196721311475
2024-11-14,3465,3515,3355,3355,57627,-0.04005722460658079
2024-11-15,3355,3420,3295,3395,32812,0.011922503725782407
2024-11-18,3370,3580,3350,3545,47296,0.044182621502209196
2024-11-19,3590,3630,3515,3595,18042,0.014104372355430161
2024-11-20,3580,3580,3455,3475,17045,-0.033379694019471495
2024-11-21,3480,3520,3370,3430,31216,-0.012949640287769792
2024-11-22,3430,3600,3430,3510,33633,0.023323615160349753
2024-11-25,3510,3620,3505,3585,19683,0.02136752136752129
2024-11-26,3620,3650,3560,3630,22017,0.012552301255230214
2024-11-27,3635,3775,3580,3675,43120,0.012396694214876103
2024-11-28,3690,3715,3630,3665,17726,-0.0027210884353741083
2024-11-29,3665,3705,3550,3550,20157,-0.03137789904502042
2024-12-02,3510,3600,3475,3600,23223,0.014084507042253502
2024-12-03,3550,3600,3530,3565,9394,-0.009722222222222188
2024-12-04,3500,3520,3395,3465,39528,-0.028050490883590462
2024-12-05,3500,3640,3445,3450,12303,-0.0043290043290042934
2024-12-06,3460,3590,3390,3450,28531,0.0
2024-12-09,3320,3380,3070,3120,87045,-0.09565217391304348
2024-12-10,3120,3365,3120,3320,21847,0.0641025641025641
2024-12-11,3350,3805,3350,3530,131483,0.06325301204819267
2024-12-12,3520,3710,3505,3675,32991,0.04107648725212454
2024-12-13,3705,3740,3615,3665,24477,-0.0027210884353741083
2024-12-16,3820,3820,3710,3790,33873,0.034106412005457054
2024-12-17,3830,3830,3780,3800,29484,0.0026385224274405594
2024-12-18,3795,3895,3795,3890,51281,0.023684210526315752
2024-12-19,3880,3890,3800,3820,18546,-0.01799485861182515
2024-12-20,3845,3845,3675,3695,22272,-0.0327225130890052
2024-12-23,3695,3800,3695,3790,7193,0.025710419485791558
2024-12-24,3790,3935,3750,3910,32581,0.0316622691292876
2024-12-26,3910,4000,3835,3850,23345,-0.01534526854219953
2024-12-27,3740,3870,3740,3870,16783,0.0051948051948051965
2024-12-30,3785,3830,3780,3785,11675,-0.021963824289405687
2025-01-02,3750,3915,3750,3865,20417,0.021136063408190298
2025-01-03,3865,4090,3865,3890,77330,0.0064683053040104355
2025-01-06,4050,4050,3975,4020,33444,0.033419023136246784
2025-01-07,4035,4405,4025,4270,157845,0.062189054726368154
2025-01-08,4410,4410,4070,4180,64458,-0.021077283372365363
2025-01-09,4105,4140,3905,3985,47242,-0.046650717703349276
2025-01-10,3985,4095,3945,3950,23386,-0.008782936010037656
2025-01-13,3950,3950,3780,3850,23866,-0.025316455696202556
2025-01-14,3870,4160,3870,4100,43145,0.06493506493506485
2025-01-15,4120,4145,3980,3980,28275,-0.029268292682926855
2025-01-16,4160,5050,3990,3990,7474935,0.002512562814070307
2025-01-17,3990,4035,3850,3880,355152,-0.027568922305764465
2025-01-20,3925,3925,3815,3870,105870,-0.002577319587628857
2025-01-21,3865,3925,3865,3920,79202,0.012919896640826822
2025-01-22,3915,4060,3915,3985,132982,0.01658163265306123
2025-01-23,3985,4070,3950,3955,45058,-0.007528230865746499
2025-01-24,3965,4095,3940,4030,76110,0.01896333754740831
2025-01-31,4045,4085,4005,4005,50503,-0.006203473945409432
2025-02-03,4000,4000,3840,3920,73780,-0.02122347066167296
2025-02-04,3905,4140,3905,4070,84844,0.03826530612244894
2025-02-05,4080,4170,4080,4170,48646,0.024570024570024662
2025-02-06,4255,4335,4185,4260,81996,0.021582733812949728
2025-02-07,4290,4300,4185,4220,35374,-0.009389671361502372
2025-02-10,4240,4255,4120,4220,45056,0.0
2025-02-11,4215,4270,4135,4215,36840,-0.0011848341232227888
2025-02-12,4215,4240,4175,4230,31699,0.003558718861210064
2025-02-13,4230,4315,4215,4270,27694,0.009456264775413725
2025-02-14,4345,4355,4260,4315,36582,0.01053864168618257
2025-02-17,4315,4350,4260,4310,16276,-0.0011587485515642815
2025-02-18,4310,4355,4250,4260,23595,-0.011600928074245953
2025-02-19,4260,4375,4260,4260,16960,0.0
2025-02-20,4260,4275,4130,4130,32895,-0.030516431924882625
2025-02-21,4155,4235,4130,4165,12808,0.008474576271186418
2025-02-24,4165,4185,4000,4100,60104,-0.015606242496998823
2025-02-25,4080,4115,4000,4000,21681,-0.024390243902439046
2025-02-26,4020,4110,4005,4065,23212,0.016250000000000098
2025-02-27,4025,4080,4020,4020,12883,-0.011070110701106972
2025-02-28,4000,4005,3905,3970,42846,-0.01243781094527363
2025-03-04,3995,3995,3850,3850,25313,-0.030226700251889116
2025-03-05,3870,3995,3870,3940,8179,0.023376623376623273
2025-03-06,3955,4000,3920,3950,13874,0.002538071065989911
2025-03-07,3965,3965,3850,3900,13265,-0.012658227848101222
2025-03-10,3810,3940,3810,3900,9219,0.0
2025-03-11,3850,3940,3720,3925,31828,0.0064102564102563875
2025-03-12,3875,3925,3850,3920,17280,-0.001273885350318471
2025-03-13,3920,4000,3880,4000,19627,0.020408163265306145
2025-03-14,3995,4015,3955,4015,15689,0.00374999999999992
2025-03-17,4015,4015,3920,3960,23202,-0.013698630136986356
2025-03-18,3960,4010,3935,3960,12316,0.0
2025-03-19,3960,4020,3960,3980,14439,0.005050505050504972
2025-03-20,3950,4000,3880,3900,25008,-0.02010050251256279
2025-03-21,3900,3940,3845,3880,13883,-0.00512820512820511
2025-03-24,3880,3920,3855,3885,8995,0.0012886597938144284
2025-03-25,3860,3920,3860,3900,6317,0.0038610038610038533
2025-03-26,3880,4000,3880,3925,12195,0.0064102564102563875
2025-03-27,3945,3985,3880,3925,26127,0.0
2025-03-28,3955,3955,3785,3830,28686,-0.02420382165605095
2025-03-31,3660,3795,3600,3655,50006,-0.04569190600522188
2025-04-01,3985,3985,3715,3860,39849,0.05608755129958953
2025-04-02,3860,4085,3820,3880,51515,0.005181347150259086
2025-04-03,3820,4050,3820,3870,25895,-0.002577319587628857
2025-04-04,3915,3985,3810,3980,27572,0.028423772609819098
2025-04-07,3900,3905,3750,3780,22950,-0.05025125628140703
2025-04-08,3740,3875,3710,3805,23303,0.006613756613756516
2025-04-09,3775,3805,3610,3705,27636,-0.026281208935611033
2025-04-10,3815,3885,3725,3875,21912,0.045883940620782715
2025-04-11,3855,3920,3750,3915,12342,0.010322580645161228
2025-04-14,3915,4050,3910,4040,23875,0.03192848020434225
2025-04-15,4005,4130,4005,4130,29856,0.022277227722772297
2025-04-16,4140,4140,3995,4035,21954,-0.02300242130750607
2025-04-17,4035,4120,4020,4120,12035,0.02106567534076831
2025-04-18,4035,4200,4035,4195,28389,0.01820388349514568
2025-04-21,4200,4230,4140,4195,23305,0.0
2025-04-22,4295,4295,4105,4175,9936,-0.004767580452920139
2025-04-23,4190,4190,4055,4170,17279,-0.0011976047904191933
2025-04-24,4180,4210,4140,4190,17234,0.004796163069544335
2025-04-25,4190,4250,4190,4230,15254,0.009546539379474916
2025-04-28,4230,4420,4105,4295,68664,0.015366430260047359
2025-04-29,4330,4330,4205,4210,23279,-0.019790454016297976
2025-04-30,4290,4290,4135,4165,12483,-0.0106888361045131
2025-05-02,4165,4275,4060,4165,15667,0.0
2025-05-07,4240,4245,4120,4240,13543,0.01800720288115243
2025-05-08,4240,4280,4180,4255,32032,0.0035377358490567
2025-05-09,4255,4285,4160,4265,26957,0.00235017626321965
2025-05-12,4240,4300,4210,4265,22244,0.0
2025-05-13,4265,4440,4265,4430,48573,0.0386869871043376
2025-05-14,4460,4550,4460,4525,73368,0.021444695259593693
2025-05-15,4630,4900,4580,4665,150694,0.030939226519337115
2025-05-16,4665,4790,4590,4685,83866,0.004287245444801746
2025-05-19,4600,4675,4250,4435,61891,-0.053361792956243326
2025-05-20,4435,4600,4435,4470,14658,0.007891770011273946
2025-05-21,4505,4615,4505,4595,29515,0.027964205816554788
2025-05-22,4620,4620,4485,4495,13950,-0.021762785636561532
2025-05-23,4495,4540,4400,4535,22281,0.008898776418242438
2025-05-26,4550,4625,4510,4610,28200,0.016538037486218293
2025-05-27,4585,4645,4520,4595,22929,-0.0032537960954447387
2025-05-28,4595,4730,4595,4670,40759,0.016322089227421177
2025-05-29,4670,4730,4665,4665,24869,-0.0010706638115631772
2025-05-30,4645,5050,4610,4665,220990,0.0
2025-06-02,4665,4750,4540,4635,44380,-0.006430868167202619
2025-06-04,4635,4775,4620,4735,35249,0.02157497303128375
2025-06-05,4725,4745,4660,4740,31739,0.001055966209081216
2025-06-09,4780,4820,4725,4820,42165,0.016877637130801704
2025-06-10,4830,4885,4790,4820,24492,0.0
2025-06-11,4880,4975,4800,4970,60550,0.03112033195020736
2025-06-12,4985,5020,4900,5000,55091,0.006036217303822866
2025-06-13,5030,5050,4960,4995,59922,-0.0010000000000000009
2025-06-16,4995,5020,4950,5010,28102,0.0030030030030030463
2025-06-17,5010,5090,4950,5080,43005,0.013972055888223478
2025-06-18,5080,5150,5020,5090,20822,0.0019685039370078705
2025-06-19,5090,5130,5050,5100,10883,0.0019646365422396617
2025-06-20,5100,5120,5050,5080,11513,-0.0039215686274509665
2025-06-23,5030,5200,4950,5160,46914,0.015748031496062964
2025-06-24,5100,5180,5070,5110,21312,-0.009689922480620172
2025-06-25,5110,5390,5100,5330,89154,0.04305283757338563
2025-06-26,5330,5440,5250,5390,64238,0.011257035647279645
2025-06-27,5370,5800,5040,5260,302094,-0.024118738404452666
2025-06-30,5260,5500,5110,5340,40262,0.015209125475285079
2025-07-01,5310,5490,5310,5430,40542,0.016853932584269593
2025-07-02,5380,5600,5340,5530,55564,0.018416206261510082
2025-07-03,5540,5790,5530,5740,101026,0.03797468354430378
2025-07-04,5730,5880,5690,5770,62096,0.005226480836237002
2025-07-07,5890,5900,5700,5780,52612,0.0017331022530329143
2025-07-08,5720,5850,5720,5780,31599,0.0
2025-07-09,5910,5910,5740,5790,24763,0.0017301038062282892
2025-07-10,5770,5870,5770,5870,38300,0.013816925734024155
2025-07-11,5870,5910,5800,5890,30528,0.0034071550255536653
2025-07-14,5910,5960,5810,5890,49087,0.0
2025-07-15,5880,5920,5850,5920,19306,0.005093378607809784
2025-07-16,5920,6150,5840,6120,81918,0.03378378378378377
2025-07-17,6120,6200,5960,6050,35490,-0.011437908496731986
2025-07-18,6120,6120,5630,5650,141387,-0.06611570247933884
2025-07-21,5750,5850,5600,5650,56994,0.0
2025-07-22,5610,5730,5280,5510,108289,-0.024778761061946875
2025-07-23,5520,5610,5420,5590,80376,0.014519056261343088
2025-07-24,5640,5650,5350,5440,51938,-0.02683363148479423
2025-07-25,5440,5460,5270,5340,60626,-0.018382352941176516
2025-07-28,5360,5560,5250,5330,42643,-0.0018726591760299671
2025-07-29,5380,5470,5260,5340,52654,0.0018761726078799779
2025-07-30,5290,5480,5280,5410,44537,0.013108614232209659
2025-07-31,5390,5440,5230,5410,43905,0.0
2025-08-01,5410,5410,4970,5070,87595,-0.06284658040665436
2025-08-04,5070,5370,4985,5240,49429,0.0335305719921104
2025-08-05,5210,5440,5210,5440,46813,0.03816793893129766
2025-08-06,5390,5440,5320,5400,22451,-0.007352941176470562
2025-08-07,5390,5480,5350,5410,20196,0.0018518518518517713
2025-08-08,5500,5500,5320,5400,20747,-0.001848428835489857
2025-08-11,5360,5490,5360,5460,30512,0.011111111111111072
2025-08-12,5410,5650,5410,5530,52427,0.012820512820512775
2025-08-13,5580,5640,5400,5510,49410,-0.003616636528028905
2025-08-14,5530,5590,5410,5450,46896,-0.010889292196007205
2025-08-18,5450,5490,5180,5430,83469,-0.003669724770642202
2025-08-19,5440,5600,5380,5440,45348,0.0018416206261511192
