Date,Open,High,Low,Close,Volume,Change
2022-01-03,8310,8350,8240,8260,284897,-0.010778443113772407
2022-01-04,8280,8370,8250,8370,230459,0.013317191283293006
2022-01-05,8400,8450,8360,8390,297356,0.002389486260454099
2022-01-06,8390,8440,8320,8340,160870,-0.005959475566150174
2022-01-07,8400,8430,8320,8340,230019,0.0
2022-01-10,8410,8640,8400,8600,882246,0.031175059952038398
2022-01-11,8640,8830,8580,8710,1023865,0.012790697674418539
2022-01-12,8720,8760,8600,8760,473765,0.00574052812858783
2022-01-13,8760,8780,8690,8780,365090,0.0022831050228311334
2022-01-14,8770,8810,8630,8680,508747,-0.011389521640091105
2022-01-17,8680,8700,8530,8530,325621,-0.017281105990783363
2022-01-18,8540,8600,8370,8450,281487,-0.009378663540445475
2022-01-19,8360,8630,8350,8470,219080,0.002366863905325367
2022-01-20,8460,8520,8340,8390,335522,-0.009445100354191216
2022-01-21,8340,8500,8330,8440,208174,0.005959475566150285
2022-01-24,8410,8450,8210,8290,221486,-0.017772511848341277
2022-01-25,8290,8320,8020,8100,557151,-0.022919179734619988
2022-01-26,8100,8210,8070,8120,272649,0.0024691358024691024
2022-01-27,8120,8190,7790,8040,711122,-0.009852216748768461
2022-01-28,8030,8160,8020,8130,180415,0.011194029850746245
2022-02-03,8170,8270,8130,8200,205105,0.008610086100861114
2022-02-04,8470,8470,8220,8400,174960,0.024390243902439046
2022-02-07,8440,8450,8350,8450,185295,0.005952380952380931
2022-02-08,8400,8470,8300,8360,218019,-0.010650887573964485
2022-02-09,8360,8580,8360,8570,363725,0.02511961722488043
2022-02-10,8580,8590,8460,8500,322226,-0.008168028004667427
2022-02-11,8470,8630,7950,8490,475838,-0.0011764705882353343
2022-02-14,8570,8620,8400,8480,490074,-0.0011778563015312216
2022-02-15,8480,8480,8290,8360,380637,-0.014150943396226467
2022-02-16,8500,8530,8360,8420,197993,0.0071770334928229484
2022-02-17,8480,8540,8370,8450,357706,0.0035629453681709222
2022-02-18,8400,8410,8340,8380,136501,-0.008284023668639007
2022-02-21,8340,8360,8250,8300,191057,-0.009546539379474916
2022-02-22,8250,8310,8180,8210,198198,-0.010843373493975905
2022-02-23,8220,8290,8190,8230,170066,0.0024360535931791105
2022-02-24,8200,8210,8060,8140,414416,-0.010935601458080146
2022-02-25,8140,8190,8100,8140,227127,0.0
2022-02-28,8140,8220,8080,8220,137897,0.00982800982800991
2022-03-02,8180,8180,8030,8070,432854,-0.018248175182481785
2022-03-03,8240,8240,8110,8210,255010,0.017348203221809078
2022-03-04,8210,8210,8090,8140,267473,-0.008526187576126665
2022-03-07,8140,8140,7880,8070,510426,-0.008599508599508643
2022-03-08,8030,8030,7850,7950,293506,-0.014869888475836479
2022-03-10,8080,8090,7980,8080,317205,0.01635220125786163
2022-03-11,8020,8080,7900,7960,412555,-0.014851485148514865
2022-03-14,8020,8130,7950,8100,307358,0.017587939698492372
2022-03-15,8110,8180,8030,8070,236911,-0.0037037037037036535
2022-03-16,8090,8090,7990,8070,245030,0.0
2022-03-17,8130,8180,8090,8090,325206,0.0024783147459728205
2022-03-18,8160,8200,8040,8040,405113,-0.006180469715698411
2022-03-21,8120,8200,8070,8200,231150,0.01990049751243772
2022-03-22,8200,8260,8140,8220,145428,0.0024390243902439046
2022-03-23,8310,8420,8220,8370,405639,0.018248175182481674
2022-03-24,8360,8400,8310,8390,186088,0.002389486260454099
2022-03-25,8400,8420,8300,8310,270739,-0.009535160905840279
2022-03-28,8400,8450,8360,8430,316688,0.014440433212996373
2022-03-29,8450,8490,8380,8460,205803,0.003558718861210064
2022-03-30,8470,8470,8400,8420,226857,-0.004728132387706863
2022-03-31,8420,8510,8400,8450,258535,0.0035629453681709222
2022-04-01,8450,8500,8410,8420,164659,-0.0035502958579881616
2022-04-04,8500,8560,8480,8500,330278,0.009501187648456089
2022-04-05,8550,8550,8460,8510,319813,0.0011764705882353343
2022-04-06,8540,8570,8460,8560,264674,0.005875440658049458
2022-04-07,8500,8580,8490,8570,297428,0.001168224299065379
2022-04-08,8560,8570,8470,8520,204714,-0.005834305717619559
2022-04-11,8590,8710,8580,8700,427645,0.021126760563380254
2022-04-12,8710,8770,8650,8690,384928,-0.0011494252873562871
2022-04-13,8690,8750,8590,8720,263414,0.0034522439585731313
2022-04-14,8720,8760,8700,8720,169776,0.0
2022-04-15,8720,8730,8660,8720,224484,0.0
2022-04-18,8720,8720,8660,8720,153886,0.0
2022-04-19,8730,8750,8690,8740,145080,0.002293577981651307
2022-04-20,8750,8860,8730,8820,402068,0.009153318077803174
2022-04-21,8880,8980,8850,8850,296787,0.00340136054421758
2022-04-22,8890,9020,8800,9010,386773,0.01807909604519775
2022-04-25,8960,9070,8920,9010,350242,0.0
2022-04-26,9050,9050,8910,9000,232500,-0.0011098779134295356
2022-04-27,8950,8980,8850,8850,427571,-0.01666666666666672
2022-04-28,8870,8900,8750,8900,285686,0.005649717514124353
2022-04-29,8900,8970,8820,8950,282623,0.00561797752808979
2022-05-02,8900,8940,8820,8860,173993,-0.010055865921787754
2022-05-03,8870,8880,8790,8790,219371,-0.007900677200902928
2022-05-04,8840,8860,8780,8780,230442,-0.0011376564277588708
2022-05-06,8780,8780,8560,8700,369611,-0.009111617312072884
2022-05-09,8690,8720,8530,8610,262483,-0.010344827586206917
2022-05-10,8500,8630,8400,8630,288642,0.0023228803716608404
2022-05-11,8630,8640,8510,8530,351219,-0.011587485515643148
2022-05-12,8540,8640,8490,8540,246456,0.0011723329425556983
2022-05-13,8630,8630,8500,8600,210706,0.007025761124121788
2022-05-16,8650,8710,8610,8670,190601,0.008139534883720989
2022-05-17,8690,8950,8680,8870,494813,0.023068050749711633
2022-05-18,8970,8980,8800,8820,27919385,-0.005636978579481422
2022-05-19,8800,8820,8650,8710,279839,-0.012471655328798237
2022-05-20,8650,8740,8630,8690,471039,-0.0022962112514350874
2022-05-23,8670,8770,8560,8770,265315,0.009205983889528202
2022-05-24,8900,8900,8770,8770,371574,0.0
2022-05-25,8850,8960,8780,8860,429108,0.010262257696693311
2022-05-26,8850,8930,8820,8870,190050,0.0011286681715576563
2022-05-27,8940,8940,8830,8830,157192,-0.00450958286358516
2022-05-30,8830,8920,8830,8860,123936,0.003397508493771184
2022-05-31,8870,8950,8810,8940,231908,0.009029345372460584
2022-06-02,8930,8940,8830,8840,154807,-0.01118568232662187
2022-06-03,8920,8920,8840,8850,87605,0.0011312217194570096
2022-06-07,8840,8860,8770,8810,131978,-0.004519774011299438
2022-06-08,8810,8840,8720,8840,241703,0.0034052213393871433
2022-06-09,8830,8830,8590,8600,399517,-0.02714932126696834
2022-06-10,8560,8560,8470,8480,306410,-0.013953488372092981
2022-06-13,8320,8400,8180,8180,470844,-0.035377358490566
2022-06-14,8130,8590,8010,8590,514574,0.05012224938875298
2022-06-15,8420,8440,8140,8210,243757,-0.04423748544819561
2022-06-16,8370,8370,8080,8090,220489,-0.01461632155907433
2022-06-17,7970,8040,7940,7940,293338,-0.018541409147095234
2022-06-20,7980,8000,7720,7830,225863,-0.013853904282115859
2022-06-21,7820,8000,7810,8000,164232,0.02171136653895278
2022-06-22,7960,8030,7620,7650,225238,-0.043749999999999956
2022-06-23,7650,7790,7340,7340,299078,-0.04052287581699343
2022-06-24,7490,7680,7370,7680,203767,0.04632152588555849
2022-06-27,7740,7740,7480,7550,435236,-0.01692708333333337
2022-06-28,7560,7610,7530,7580,235905,0.003973509933774766
2022-06-29,7540,7540,7360,7370,287007,-0.02770448548812665
2022-06-30,7370,7440,7320,7350,202076,-0.0027137042062415073
2022-07-01,7350,7480,7320,7440,164008,0.012244897959183598
2022-07-04,7410,7440,7150,7190,333073,-0.03360215053763438
2022-07-05,7200,7310,7170,7310,394654,0.016689847009735637
2022-07-06,7300,7310,7010,7050,312288,-0.035567715458276306
2022-07-07,7100,7140,7000,7110,223534,0.008510638297872353
2022-07-08,7160,7230,7090,7130,244083,0.002812939521800173
2022-07-11,7120,7200,7100,7180,120299,0.007012622720897532
2022-07-12,7170,7250,7040,7040,200334,-0.01949860724233987
2022-07-13,7150,7160,7030,7070,141073,0.0042613636363635354
2022-07-14,7070,7170,7020,7160,119289,0.012729844413012836
2022-07-15,7160,7180,6970,7000,284667,-0.022346368715083775
2022-07-18,7130,7240,7080,7180,266267,0.0257142857142858
2022-07-19,7170,7260,7120,7220,332843,0.0055710306406684396
2022-07-20,7380,7430,7250,7280,353935,0.008310249307479145
2022-07-21,7320,7410,7270,7400,269108,0.016483516483516425
2022-07-22,7400,7420,7350,7420,225182,0.002702702702702675
2022-07-25,7420,7450,7340,7340,135287,-0.010781671159029615
2022-07-26,7340,7400,7310,7340,127325,0.0
2022-07-27,7400,7400,7250,7390,247577,0.006811989100817373
2022-07-28,7400,7470,7390,7450,228651,0.008119079837618504
2022-07-29,7470,7570,7410,7460,338714,0.0013422818791946067
2022-08-01,7500,7520,7350,7460,256769,0.0
2022-08-02,7460,7460,7230,7250,375041,-0.02815013404825739
2022-08-03,7280,7280,7150,7230,199239,-0.0027586206896551557
2022-08-04,7270,7300,7170,7220,288200,-0.0013831258644536604
2022-08-05,7250,7400,7250,7370,340582,0.020775623268697974
2022-08-08,7390,7440,7350,7430,246012,0.008141112618724522
2022-08-09,7440,7470,7360,7380,384701,-0.006729475100942128
2022-08-10,7390,7390,7300,7320,298535,-0.008130081300813052
2022-08-11,7380,7450,7320,7450,288368,0.01775956284153013
2022-08-12,7450,7590,7440,7510,361605,0.008053691275167862
2022-08-16,7560,7610,7510,7570,361503,0.007989347536617952
2022-08-17,7590,7730,7570,7630,436793,0.00792602377807139
2022-08-18,7620,7720,7570,7660,373942,0.003931847968545288
2022-08-19,7670,7830,7580,7740,368650,0.010443864229765065
2022-08-22,7700,7740,7620,7680,266024,-0.007751937984496138
2022-08-23,7670,7720,7560,7580,560888,-0.01302083333333337
2022-08-24,7640,7690,7580,7620,207927,0.005277044854881341
2022-08-25,7700,7720,7600,7600,161880,-0.002624671916010457
2022-08-26,7650,7650,7580,7630,191254,0.003947368421052699
2022-08-29,7520,7620,7500,7550,284131,-0.010484927916120546
2022-08-30,7540,7620,7490,7490,256191,-0.007947019867549643
2022-08-31,7510,7590,7400,7590,178600,0.013351134846461887
2022-09-01,7590,7640,7510,7510,221206,-0.010540184453227908
2022-09-02,7550,7590,7470,7510,147061,0.0
2022-09-05,7520,7550,7470,7470,104302,-0.005326231691078598
2022-09-06,7520,7520,7360,7380,211207,-0.012048192771084376
2022-09-07,7420,7460,7200,7230,277356,-0.020325203252032575
2022-09-08,7280,7280,7190,7190,213292,-0.0055325034578146415
2022-09-13,7280,7500,7270,7400,247935,0.029207232267037586
2022-09-14,7220,7370,7180,7280,310699,-0.01621621621621616
2022-09-15,7490,7490,7250,7300,240447,0.0027472527472527375
2022-09-16,7450,7450,7280,7280,270848,-0.002739726027397249
2022-09-19,7280,7430,7280,7370,203986,0.012362637362637319
2022-09-20,7370,7500,7370,7500,212468,0.01763907734056991
2022-09-21,7500,7510,7350,7480,182784,-0.002666666666666706
2022-09-22,7400,7500,7310,7500,286007,0.002673796791443861
2022-09-23,7360,7470,7350,7370,215003,-0.01733333333333331
2022-09-26,7360,7360,7150,7160,274711,-0.028493894165535938
2022-09-27,7140,7190,7060,7100,234426,-0.008379888268156388
2022-09-28,7120,7120,6890,7020,274346,-0.011267605633802802
2022-09-29,7050,7100,6970,7030,190700,0.0014245014245013454
2022-09-30,6900,6980,6880,6960,179002,-0.009957325746799417
2022-10-04,6990,7050,6970,7040,108466,0.011494252873563315
2022-10-05,7220,7240,7040,7090,177172,0.007102272727272707
2022-10-06,7090,7220,7050,7220,139618,0.01833568406205921
2022-10-07,7210,7310,7150,7250,159209,0.0041551246537396835
2022-10-11,7250,7250,7090,7090,146186,-0.022068965517241357
2022-10-12,7090,7340,7090,7180,308453,0.012693935119887145
2022-10-13,7190,7350,7150,7200,271889,0.0027855153203342198
2022-10-14,7290,7340,7230,7230,221853,0.004166666666666652
2022-10-17,7180,7300,7170,7280,157061,0.006915629322268302
2022-10-18,7380,7380,7230,7330,298842,0.006868131868131844
2022-10-19,7330,7430,7310,7350,316388,0.0027285129604366354
2022-10-20,7360,7380,7270,7380,181886,0.004081632653061273
2022-10-21,7350,7360,7160,7180,234099,-0.027100271002710064
2022-10-24,7210,7260,7080,7140,276324,-0.005571030640668551
2022-10-25,7150,7190,7040,7090,241060,-0.007002801120448154
2022-10-26,7120,7140,7090,7090,132386,0.0
2022-10-27,7110,7220,7110,7200,215622,0.015514809590973178
2022-10-28,7210,7250,7140,7200,393823,0.0
2022-10-31,7280,7280,7150,7180,132642,-0.002777777777777768
2022-11-01,7140,7240,7140,7220,175272,0.0055710306406684396
2022-11-02,7180,7260,7180,7210,251582,-0.0013850415512465242
2022-11-03,7200,7240,7150,7240,209561,0.004160887656033285
2022-11-04,7200,7260,7170,7230,322233,-0.0013812154696132284
2022-11-07,7270,7280,7200,7280,434545,0.006915629322268302
2022-11-08,7310,7380,7240,7320,424412,0.005494505494505475
2022-11-09,7360,7360,7310,7360,230078,0.005464480874316946
2022-11-10,7300,7420,7290,7410,297066,0.006793478260869623
2022-11-11,7490,7530,7400,7420,321437,0.0013495276653170407
2022-11-14,7430,7500,7400,7430,263819,0.0013477088948787852
2022-11-15,7430,7590,7410,7500,388358,0.009421265141319024
2022-11-16,7590,7730,7560,7720,409501,0.029333333333333433
2022-11-17,7720,7720,7640,7670,213083,-0.006476683937823857
2022-11-18,7680,7730,7590,7650,230334,-0.0026075619295958807
2022-11-21,7660,7720,7590,7650,253896,0.0
2022-11-22,7670,7830,7660,7830,517717,0.0235294117647058
2022-11-23,7830,8090,7830,8090,555933,0.033205619412515874
2022-11-24,8100,8250,8070,8220,511036,0.01606922126081578
2022-11-25,8250,8300,8190,8290,287348,0.008515815085158085
2022-11-28,8300,8300,8100,8170,291360,-0.014475271411338975
2022-11-29,8110,8320,8110,8280,263849,0.01346389228886169
2022-11-30,8280,8450,8280,8420,293597,0.01690821256038655
2022-12-01,8460,8490,8370,8430,358821,0.0011876484560569
2022-12-02,8430,8430,8360,8390,215927,-0.004744958481613271
2022-12-05,8370,8410,8140,8230,276462,-0.019070321811680557
2022-12-06,8200,8250,7960,8220,297661,-0.0012150668286755595
2022-12-07,8200,8340,8130,8270,350866,0.006082725060827299
2022-12-08,8150,8330,8150,8280,489876,0.0012091898428052694
2022-12-09,8280,8370,8270,8330,512886,0.006038647342995196
2022-12-12,8330,8430,8270,8340,352740,0.0012004801920768582
2022-12-13,8340,8430,8310,8410,559231,0.008393285371702586
2022-12-14,8390,8420,8280,8360,287288,-0.005945303210463715
2022-12-15,8360,8360,8280,8300,259058,-0.0071770334928229484
2022-12-16,8250,8340,8230,8330,373825,0.0036144578313253017
2022-12-19,8330,8400,8280,8370,4090235,0.004801920768307433
2022-12-20,8320,8400,8320,8400,508952,0.0035842293906809264
2022-12-21,8390,8430,8360,8400,404104,0.0
2022-12-22,8420,8440,8400,8420,566812,0.0023809523809523725
2022-12-23,8400,8420,8350,8380,981464,-0.004750593824228044
2022-12-26,8380,8390,8270,8380,1098611,0.0
2022-12-27,8380,8400,8330,8390,1656335,0.0011933174224343368
2022-12-28,7960,8100,7860,7910,1182849,-0.05721096543504167
2022-12-29,7910,7970,7850,7890,950711,-0.0025284450063211006
2023-01-02,7890,8020,7870,7870,856349,-0.0025348542458808465
2023-01-03,7880,8010,7740,7990,465365,0.015247776365946653
2023-01-04,7960,8260,7960,8260,903330,0.03379224030037542
2023-01-05,8260,8630,8250,8500,1105624,0.029055690072639306
2023-01-06,8460,8710,8460,8650,836196,0.01764705882352935
2023-01-09,8680,8770,8630,8770,645182,0.01387283236994219
2023-01-10,8770,9040,8650,8980,1315902,0.02394526795895091
2023-01-11,9060,9210,8880,8980,730147,0.0
2023-01-12,8980,9310,8980,9220,1351766,0.026726057906458767
2023-01-13,9300,9740,9200,9630,1351272,0.04446854663774413
2023-01-16,9600,10000,9600,9890,1977090,0.02699896157840076
2023-01-17,9980,10350,9930,10150,1600438,0.02628918099089983
2023-01-18,10000,10350,9910,10150,1024849,0.0
2023-01-19,10100,10550,9990,10400,1703202,0.024630541871921263
2023-01-20,10450,10850,10400,10800,1752024,0.03846153846153855
2023-01-25,10780,10840,10400,10810,1462588,0.0009259259259259967
2023-01-26,10810,11160,10510,10650,1604728,-0.014801110083256241
2023-01-27,10840,10900,10210,10850,3872999,0.018779342723004744
2023-01-30,10780,10780,9800,9890,4040355,-0.08847926267281103
2023-01-31,9890,10140,9800,10140,1499826,0.025278058645096024
2023-02-01,9910,10030,9260,9580,3019678,-0.05522682445759364
2023-02-02,9590,9700,9320,9370,1051893,-0.02192066805845516
2023-02-03,9290,9580,9100,9350,1029476,-0.002134471718249764
2023-02-06,9380,9750,9250,9570,1246088,0.0235294117647058
2023-02-07,9570,9570,9260,9520,1199430,-0.005224660397074143
2023-02-08,9500,10210,9500,10070,2131565,0.057773109243697496
2023-02-09,10100,10420,9520,9540,2166656,-0.052631578947368474
2023-02-10,9500,10090,9300,10020,2847203,0.05031446540880502
2023-02-13,9950,10130,9850,9910,1084537,-0.010978043912175606
2023-02-14,10040,10060,9380,9480,1414763,-0.043390514631685195
2023-02-15,9450,9450,9100,9220,1429774,-0.02742616033755274
2023-02-16,9260,9420,9060,9300,986489,0.008676789587852562
2023-02-17,9280,9510,9160,9410,813414,0.011827956989247213
2023-02-20,9450,9450,9220,9410,312697,0.0
2023-02-21,9330,9560,9310,9520,464120,0.011689691817215797
2023-02-22,9520,9530,9250,9280,1252235,-0.025210084033613467
2023-02-23,9340,9450,9140,9250,627046,-0.003232758620689613
2023-02-24,9110,9370,9110,9290,424102,0.00432432432432428
2023-02-27,9110,9330,9100,9330,455132,0.0043057050592034685
2023-02-28,9310,9410,9200,9250,645745,-0.008574490889603381
2023-03-02,9320,9390,9180,9320,1066220,0.00756756756756749
2023-03-03,9280,9400,9150,9290,642057,-0.0032188841201716833
2023-03-06,9280,9400,9250,9340,621529,0.005382131324004336
2023-03-07,9340,9480,9320,9380,669764,0.004282655246252709
2023-03-08,9300,9340,9180,9270,409050,-0.011727078891258014
2023-03-09,9320,9710,9270,9660,1291020,0.04207119741100329
2023-03-10,9400,9680,9350,9650,1109171,-0.0010351966873706209
2023-03-13,9620,9620,9150,9400,786902,-0.025906735751295318
2023-03-14,9310,9390,8790,8890,1471539,-0.05425531914893622
2023-03-15,9100,9250,9000,9110,499754,0.02474690663667034
2023-03-16,8900,8950,8660,8850,1263022,-0.028540065861690445
2023-03-17,8930,9020,8730,8730,743071,-0.013559322033898313
2023-03-20,8690,9080,8690,8790,522467,0.0068728522336769515
2023-03-21,8800,8880,8610,8650,665402,-0.015927189988623414
2023-03-22,8800,8880,8710,8760,478235,0.012716763005780285
2023-03-23,8790,8790,8600,8760,507805,0.0
2023-03-24,8620,8680,8340,8400,941981,-0.04109589041095896
2023-03-27,8480,8540,8410,8460,360422,0.0071428571428571175
2023-03-28,8590,8770,8550,8770,622825,0.03664302600472813
2023-03-29,8770,8890,8650,8770,446162,0.0
2023-03-30,8780,8850,8650,8720,416032,-0.005701254275940704
2023-03-31,8720,8860,8630,8740,767420,0.002293577981651307
2023-04-03,8420,8640,8400,8490,514650,-0.028604118993134975
2023-04-04,8570,8680,8470,8650,517034,0.018845700824499323
2023-04-05,8650,8680,8550,8590,406549,-0.006936416184971095
2023-04-06,8600,8600,8360,8400,480256,-0.02211874272409775
2023-04-07,8510,8690,8400,8690,535391,0.03452380952380962
2023-04-10,8530,8590,8430,8450,438548,-0.027617951668584606
2023-04-11,8450,8590,8400,8510,294372,0.007100591715976323
2023-04-12,8490,8600,8450,8460,235827,-0.005875440658049347
2023-04-13,8430,8700,8410,8700,460887,0.028368794326241176
2023-04-14,8630,8770,8610,8610,509222,-0.010344827586206917
2023-04-17,8640,8780,8610,8630,429160,0.0023228803716608404
2023-04-18,8630,8840,8580,8800,541002,0.01969872537659323
2023-04-19,8800,8990,8800,8860,356967,0.006818181818181834
2023-04-20,8910,8970,8800,8910,311956,0.0056433408577878375
2023-04-21,8820,8890,8680,8820,287703,-0.010101010101010055
2023-04-24,8840,8850,8630,8640,346619,-0.020408163265306145
2023-04-25,8640,9010,8600,8910,617463,0.03125
2023-04-26,8860,8880,8610,8640,490702,-0.030303030303030276
2023-04-27,8560,8580,8000,8250,1465113,-0.04513888888888884
2023-04-28,8200,8390,8100,8360,475329,0.01333333333333342
2023-05-02,8270,8410,8240,8360,269788,0.0
2023-05-03,8300,8340,8180,8230,390923,-0.015550239234449759
2023-05-04,8160,8290,8150,8290,227955,0.007290400972053357
2023-05-08,8210,8380,8210,8350,298831,0.007237635705669376
2023-05-09,8350,8410,8290,8310,254022,-0.004790419161676662
2023-05-10,8300,8330,8240,8280,294907,-0.0036101083032491488
2023-05-11,8300,8480,8290,8360,409659,0.009661835748792313
2023-05-12,8360,8400,8250,8370,261205,0.0011961722488038617
2023-05-15,8350,8450,8300,8450,319677,0.009557945041815952
2023-05-16,8400,8450,8270,8290,345367,-0.018934911242603603
2023-05-17,8240,8340,8230,8300,167687,0.0012062726176116367
2023-05-18,8320,8450,8310,8430,237370,0.015662650602409567
2023-05-19,8350,8470,8350,8440,294313,0.0011862396204034287
2023-05-22,8440,8490,8370,8440,379310,0.0
2023-05-23,8520,8550,8430,8520,237564,0.009478672985782088
2023-05-24,8470,8540,8440,8520,183865,0.0
2023-05-25,8470,8530,8400,8510,410023,-0.0011737089201877549
2023-05-26,8450,8490,8370,8440,285624,-0.008225616921269108
2023-05-30,8490,8490,8380,8480,286686,0.004739336492890933
2023-05-31,8480,8650,8480,8500,588429,0.002358490566037652
2023-06-01,8580,8580,8410,8470,278297,-0.003529411764705892
2023-06-02,8470,8590,8440,8530,162503,0.007083825265643551
2023-06-05,8540,8610,8520,8580,240235,0.0058616647127784915
2023-06-07,8650,8740,8580,8600,386714,0.002331002331002363
2023-06-08,8680,8770,8600,8770,553579,0.019767441860465196
2023-06-09,8810,9030,8780,8990,662426,0.025085518814139007
2023-06-12,9010,9010,8800,8870,470149,-0.013348164627363768
2023-06-13,8900,9010,8790,8870,458173,0.0
2023-06-14,8840,8840,8690,8760,384118,-0.012401352874859106
2023-06-15,8760,8790,8590,8630,422032,-0.014840182648401812
2023-06-16,8730,8780,8560,8560,376516,-0.008111239860950192
2023-06-19,8580,8650,8580,8650,154445,0.010514018691588856
2023-06-20,8650,8690,8600,8620,163048,-0.003468208092485603
2023-06-21,8680,8680,8480,8530,324389,-0.01044083526682138
2023-06-22,8610,8640,8490,8600,195427,0.008206330597889888
2023-06-23,8520,8580,8470,8510,261240,-0.010465116279069764
2023-06-26,8560,8620,8500,8560,200207,0.005875440658049458
2023-06-27,8560,8560,8490,8540,234217,-0.002336448598130869
2023-06-28,8550,8610,8500,8520,348827,-0.0023419203747072626
2023-06-29,8480,8580,8430,8470,297867,-0.005868544600938996
2023-06-30,8580,8580,8440,8470,191532,0.0
2023-07-03,8480,8620,8480,8620,373937,0.017709563164108655
2023-07-04,8550,8600,8500,8540,226240,-0.009280742459396807
2023-07-05,8500,8550,8450,8470,302956,-0.008196721311475419
2023-07-06,8470,8470,8250,8280,601101,-0.022432113341204207
2023-07-07,8250,8340,8160,8220,393414,-0.007246376811594235
2023-07-10,8220,8350,8160,8250,330928,0.0036496350364962904
2023-07-11,8360,8360,8210,8260,381899,0.00121212121212122
2023-07-12,8260,8270,8140,8170,437378,-0.010895883777239712
2023-07-13,8250,8330,8180,8190,430354,0.00244798041615657
2023-07-14,8270,8390,8190,8370,304473,0.0219780219780219
2023-07-17,8380,8520,8380,8460,295489,0.010752688172043001
2023-07-18,8560,8560,8460,8480,268967,0.0023640661938533203
2023-07-19,8550,8560,8490,8510,295627,0.0035377358490567
2023-07-20,8500,8600,8430,8580,309497,0.008225616921269108
2023-07-21,8590,8630,8500,8580,310316,0.0
2023-07-24,8540,8560,8420,8500,485911,-0.009324009324009341
2023-07-25,8460,8510,8350,8370,432348,-0.015294117647058791
2023-07-26,8330,8510,8200,8470,724171,0.01194743130227005
2023-07-27,8510,8760,8480,8730,873141,0.030696576151121535
2023-07-28,8560,8650,8500,8580,354412,-0.01718213058419249
2023-07-31,8650,8650,8500,8560,266292,-0.002331002331002363
2023-08-01,8510,8680,8480,8650,299558,0.010514018691588856
2023-08-02,8570,8670,8540,8580,316937,-0.008092485549133
2023-08-03,8640,8720,8510,8530,238715,-0.005827505827505797
2023-08-04,8620,8780,8510,8750,427665,0.02579132473622514
2023-08-07,8670,8790,8620,8750,228069,0.0
2023-08-08,8810,9000,8790,8900,584134,0.017142857142857126
2023-08-09,8780,8830,8640,8670,364060,-0.025842696629213457
2023-08-10,8570,8790,8570,8660,214902,-0.0011534025374856371
2023-08-11,8610,8800,8610,8740,245754,0.009237875288683695
2023-08-14,8740,8750,8650,8710,209310,-0.003432494279176246
2023-08-16,8690,8700,8520,8620,372496,-0.010332950631458115
2023-08-17,8620,8630,8500,8620,308366,0.0
2023-08-18,8520,8680,8520,8640,192698,0.002320185614849146
2023-08-21,8700,8700,8600,8630,164562,-0.0011574074074074403
2023-08-22,8630,8690,8590,8640,215024,0.0011587485515642815
2023-08-23,8600,8760,8600,8700,145002,0.00694444444444442
2023-08-24,8710,8750,8680,8730,126622,0.0034482758620688614
2023-08-25,8690,8850,8680,8790,227386,0.0068728522336769515
2023-08-28,8880,8970,8790,8960,251997,0.019340159271899804
2023-08-29,8980,9140,8940,8960,300501,0.0
2023-08-30,9030,9070,8960,9010,262587,0.005580357142857206
2023-08-31,9080,9840,9080,9710,1754756,0.0776914539400666
2023-09-01,9610,9720,9450,9550,451794,-0.016477857878475777
2023-09-04,9460,9770,9420,9770,360699,0.023036649214659644
2023-09-05,9700,9810,9610,9760,366657,-0.0010235414534288667
2023-09-06,9720,10140,9670,10040,924958,0.028688524590164022
2023-09-07,9940,10130,9870,10060,341441,0.0019920318725099584
2023-09-08,10020,10150,9970,10100,336475,0.003976143141153132
2023-09-11,10110,10450,10060,10270,441993,0.016831683168316847
2023-09-12,10350,10410,10160,10230,459271,-0.003894839337877265
2023-09-13,10150,10190,9930,10100,613943,-0.012707722385141729
2023-09-14,10120,10300,10050,10300,468400,0.01980198019801982
2023-09-15,10310,10470,10300,10390,585431,0.008737864077669855
2023-09-18,10290,10480,10270,10400,361103,0.0009624639076035724
2023-09-19,10400,10470,10300,10410,173625,0.0009615384615384581
2023-09-20,10350,10430,10200,10320,376582,-0.008645533141210415
2023-09-21,10190,10430,10190,10320,438401,0.0
2023-09-22,10160,10490,10160,10480,553302,0.015503875968992276
2023-09-25,10530,10530,10190,10380,418526,-0.009541984732824416
2023-09-26,10270,10270,9980,10100,510613,-0.026974951830443183
2023-09-27,10010,10140,9910,9960,364664,-0.013861386138613874
2023-10-04,9980,9990,9620,9670,780463,-0.029116465863453844
2023-10-05,9680,9740,9540,9670,449738,0.0
2023-10-06,9730,10180,9680,10150,350520,0.04963805584281289
2023-10-10,10440,10480,10270,10330,525406,0.01773399014778332
2023-10-11,10350,10410,10230,10330,356801,0.0
2023-10-12,10420,10490,10280,10490,395783,0.015488867376573179
2023-10-13,10390,10840,10380,10700,436385,0.020019065776930356
2023-10-16,10700,10780,10630,10730,359099,0.002803738317757043
2023-10-17,10790,11150,10750,11020,650244,0.027027027027026973
2023-10-18,10950,11370,10910,11340,786030,0.029038112522685955
2023-10-19,11230,11230,10350,10510,1022205,-0.07319223985890655
2023-10-20,10410,10550,10290,10430,392175,-0.007611798287345373
2023-10-23,10450,10450,10130,10230,457324,-0.019175455417066112
2023-10-24,10330,10390,10130,10330,300539,0.009775171065493637
2023-10-25,10350,10600,10150,10270,554158,-0.0058083252662148865
2023-10-26,10270,10290,10150,10160,559530,-0.01071080817916259
2023-10-27,10270,10320,10060,10190,426850,0.0029527559055118058
2023-10-30,10190,10250,9900,10100,553111,-0.008832188420019649
2023-10-31,10230,10290,10070,10100,365860,0.0
2023-11-01,10100,10390,10060,10330,393004,0.022772277227722793
2023-11-02,10400,10400,9990,10070,639729,-0.02516940948693125
2023-11-03,10080,10320,10070,10320,337797,0.02482621648460781
2023-11-06,10270,10770,10260,10770,552852,0.043604651162790775
2023-11-07,10580,10600,10300,10570,453393,-0.01857010213556176
2023-11-08,10700,10760,10500,10730,445369,0.015137180700094621
2023-11-09,10690,10900,10660,10870,369075,0.013047530288909703
2023-11-10,10700,10740,10570,10660,270046,-0.01931922723091073
2023-11-13,10760,10800,10590,10760,223227,0.009380863039399667
2023-11-14,10890,10910,10660,10880,366011,0.011152416356877248
2023-11-15,10990,11040,10810,10990,629419,0.010110294117646967
2023-11-16,11000,11040,10880,10940,295368,-0.0045495905368516665
2023-11-17,10910,10990,10860,10910,198390,-0.002742230347349217
2023-11-20,10840,10960,10840,10890,321776,-0.0018331805682859637
2023-11-21,10960,10960,10850,10890,307219,0.0
2023-11-22,10890,10970,10800,10940,172093,0.0045913682277318735
2023-11-23,10860,10910,10780,10830,334001,-0.010054844606946944
2023-11-24,10880,10910,10740,10830,184860,0.0
2023-11-27,10830,10900,10770,10900,311189,0.006463527239150446
2023-11-28,10890,10940,10810,10820,375508,-0.007339449541284404
2023-11-29,10750,10880,10720,10790,233653,-0.0027726432532347856
2023-11-30,10720,10800,10360,10390,1040579,-0.03707136237256714
2023-12-01,10390,10480,10280,10420,343922,0.002887391722810495
2023-12-04,10420,10440,10310,10350,334924,-0.006717850287907834
2023-12-05,10300,10400,10200,10210,476609,-0.01352657004830915
2023-12-06,10220,10440,10220,10330,261563,0.011753183153770719
2023-12-07,10300,10390,10280,10370,197111,0.0038722168441431837
2023-12-08,10420,10480,10330,10390,232289,0.0019286403085825299
2023-12-11,10480,10480,10330,10440,226617,0.004812319538017418
2023-12-12,10490,10630,10450,10580,346280,0.013409961685823646
2023-12-13,10630,10720,10500,10610,319856,0.002835538752362865
2023-12-14,10710,10740,10520,10580,569093,-0.002827521206409056
2023-12-15,10610,10800,10550,10610,587899,0.002835538752362865
2023-12-18,10560,10630,10440,10450,350460,-0.015080113100848225
2023-12-19,10460,10500,10430,10430,431838,-0.00191387559808609
2023-12-20,10540,10550,10430,10490,429270,0.0057526366251199335
2023-12-21,10470,10530,10400,10490,291684,0.0
2023-12-22,10500,10640,10480,10640,494275,0.014299332697807365
2023-12-26,10700,10860,10660,10810,1434410,0.015977443609022535
2023-12-27,10610,11000,10610,11000,810718,0.01757631822386685
2023-12-28,11000,11470,10970,11390,1246933,0.035454545454545405
2024-01-02,11250,11340,10720,11070,703881,-0.028094820017559252
2024-01-03,10970,11350,10970,11280,615884,0.01897018970189701
2024-01-04,11260,11310,11030,11200,493679,-0.007092198581560294
2024-01-05,11010,11170,10850,11000,469880,-0.017857142857142905
2024-01-08,10920,10990,10570,10640,489009,-0.032727272727272716
2024-01-09,10740,10740,10600,10710,251125,0.006578947368421018
2024-01-10,10710,10800,10670,10720,220214,0.0009337068160597539
2024-01-11,10800,10980,10710,10710,282259,-0.000932835820895539
2024-01-12,10720,10840,10630,10700,232427,-0.0009337068160597539
2024-01-15,10690,10900,10560,10770,161611,0.006542056074766434
2024-01-16,10720,10800,10560,10690,243218,-0.00742804085422466
2024-01-17,10710,10810,10570,10640,308297,-0.004677268475210439
2024-01-18,10790,10790,10540,10590,306503,-0.0046992481203007586
2024-01-19,10600,10720,10600,10600,166280,0.0009442870632672129
2024-01-22,10690,10750,10610,10640,111129,0.0037735849056603765
2024-01-23,10720,10810,10630,10700,178533,0.005639097744360999
2024-01-24,10650,10790,10650,10770,153643,0.006542056074766434
2024-01-25,10780,10790,10670,10790,560747,0.0018570102135562205
2024-01-26,10750,10910,10700,10840,166182,0.004633920296570837
2024-01-29,10890,11310,10810,11160,644183,0.029520295202952074
2024-01-30,11160,11290,11090,11270,387756,0.009856630824372825
2024-01-31,11210,11440,11190,11440,345098,0.015084294587400127
2024-02-01,11520,12790,11520,12580,2020914,0.09965034965034958
2024-02-02,12460,12470,11880,12260,1271177,-0.025437201907790197
2024-02-05,12140,12140,11560,12000,868587,-0.021207177814029365
2024-02-06,11880,12150,11660,11710,508275,-0.02416666666666667
2024-02-07,11860,12200,11750,12020,421555,0.026473099914603004
2024-02-08,12100,12400,12060,12330,794225,0.02579034941763725
2024-02-13,12460,12880,12200,12210,673370,-0.009732360097323589
2024-02-14,12100,12190,11750,11810,549876,-0.03276003276003281
2024-02-15,11930,12040,11750,11800,257321,-0.0008467400508044287
2024-02-16,12020,12340,11960,12280,303221,0.04067796610169494
2024-02-19,12460,12630,12350,12520,460961,0.019543973941368087
2024-02-20,12640,13400,12630,12750,1195883,0.018370607028753927
2024-02-21,12870,13290,12800,12890,494652,0.01098039215686275
2024-02-22,13040,13100,12750,13010,425174,0.009309542280837801
2024-02-23,13100,13400,13010,13390,657582,0.029208301306687057
2024-02-26,13450,13460,12860,13360,914528,-0.0022404779686333587
2024-02-27,13390,13930,13100,13610,1230141,0.018712574850299424
2024-02-28,12960,13290,12670,13200,1030342,-0.03012490815576785
2024-02-29,13070,13610,13070,13160,965664,-0.00303030303030305
2024-03-04,13180,13700,13060,13640,641278,0.036474164133738496
2024-03-05,13580,14100,13580,13900,722793,0.019061583577712593
2024-03-06,13900,13970,13590,13590,430199,-0.022302158273381334
2024-03-07,13600,14080,13580,14010,542274,0.030905077262693093
2024-03-08,14000,14000,13560,13800,641470,-0.01498929336188437
2024-03-11,13700,13810,13260,13320,441082,-0.034782608695652195
2024-03-12,13450,13460,12940,13100,392978,-0.016516516516516533
2024-03-13,13100,13380,12970,13350,294234,0.01908396946564883
2024-03-14,13350,13510,13230,13330,772433,-0.001498127340823996
2024-03-15,13360,13550,13290,13340,392313,0.0007501875468867159
2024-03-18,13340,13460,12830,13010,324220,-0.02473763118440775
2024-03-19,12710,12970,12540,12820,263935,-0.014604150653343528
2024-03-20,12950,13280,12930,12960,197004,0.010920436817472678
2024-03-21,13150,13590,13120,13590,459979,0.04861111111111116
2024-03-22,13360,13620,13180,13400,331530,-0.013980868285504044
2024-03-25,13380,13510,13280,13400,245992,0.0
2024-03-26,13500,13780,13410,13720,344603,0.023880597014925398
2024-03-27,13540,13720,13100,13210,341614,-0.037172011661807614
2024-03-28,13100,13450,13000,13040,529222,-0.012869038607115857
2024-03-29,13180,13600,13080,13200,275866,0.012269938650306678
2024-04-01,13220,13300,12490,12660,455302,-0.040909090909090895
2024-04-02,12310,12600,12210,12430,369184,-0.018167456556082096
2024-04-03,12380,12500,12220,12390,477861,-0.0032180209171359664
2024-04-04,12600,12750,12470,12470,242864,0.006456820016142117
2024-04-05,12290,12550,12250,12250,351585,-0.017642341619887758
2024-04-08,12250,12710,12210,12500,249008,0.020408163265306145
2024-04-09,12770,12780,12440,12650,421740,0.01200000000000001
2024-04-11,11400,12370,11390,12180,550666,-0.037154150197628466
2024-04-12,12100,12190,11970,12050,452665,-0.010673234811165888
2024-04-15,12050,12120,11620,11950,384553,-0.008298755186721962
2024-04-16,11840,12120,11800,12020,188565,0.0058577405857740406
2024-04-17,12140,12140,11900,11970,174876,-0.004159733777038266
2024-04-18,12080,12160,11960,12090,226643,0.010025062656641603
2024-04-19,11790,12060,11700,11980,354324,-0.009098428453267138
2024-04-22,12450,12590,12220,12560,326344,0.048414023372287174
2024-04-23,12530,13200,12450,13020,403601,0.03662420382165599
2024-04-24,13200,13450,12930,12960,373967,-0.004608294930875556
2024-04-25,12840,13030,12780,12910,192635,-0.0038580246913579863
2024-04-26,13030,13300,12910,13110,302551,0.015491866769945739
2024-04-29,13280,13380,13170,13360,220607,0.019069412662090057
2024-04-30,13160,13370,13080,13310,196630,-0.0037425149700598404
2024-05-02,13170,13310,13140,13190,211062,-0.009015777610818954
2024-05-03,13210,13380,13060,13170,187834,-0.0015163002274450887
2024-05-07,13440,13520,13100,13260,329807,0.006833712984054774
2024-05-08,13490,13490,13250,13330,258171,0.005279034690799378
2024-05-09,13430,13470,13240,13370,361072,0.0030007501875468634
2024-05-10,13540,13600,13330,13380,419478,0.0007479431563202077
2024-05-13,13500,13680,13240,13330,289274,-0.0037369207772794955
2024-05-14,13330,13400,13070,13070,226823,-0.019504876219054723
2024-05-16,13300,13520,13150,13320,353672,0.01912777352716133
2024-05-17,13200,13390,13110,13190,157908,-0.009759759759759734
2024-05-20,13350,13480,13170,13260,225441,0.005307050796057533
2024-05-21,13170,13270,13100,13210,323380,-0.0037707390648566985
2024-05-22,13180,13300,13060,13240,188586,0.002271006813020504
2024-05-23,13120,13270,13060,13130,186460,-0.0083081570996979
2024-05-24,13040,13270,12880,13130,284166,0.0
2024-05-27,13150,13600,13090,13490,493902,0.027418126428027323
2024-05-28,13400,13620,13380,13460,200746,-0.002223869532987366
2024-05-29,13260,13670,13210,13580,254532,0.008915304606240682
2024-05-30,13270,13510,13230,13410,260312,-0.012518409425625876
2024-05-31,13730,14620,13670,14620,1008020,0.09023117076808362
2024-06-03,14620,14890,14270,14330,379919,-0.019835841313269542
2024-06-04,14190,14470,14040,14190,433086,-0.00976971388695047
2024-06-05,14200,14240,13850,13980,273237,-0.014799154334038
2024-06-07,13930,14370,13930,14110,179177,0.009298998569384764
2024-06-10,13830,13970,13610,13720,197498,-0.027639971651311157
2024-06-11,13720,13810,13410,13430,207361,-0.021137026239067103
2024-06-12,13310,13670,13310,13660,141848,0.017125837676842837
2024-06-13,13530,13880,13350,13350,484886,-0.022693997071742356
2024-06-14,13350,13780,13220,13600,465200,0.01872659176029967
2024-06-17,13470,13940,13460,13640,293302,0.002941176470588225
2024-06-18,13930,14000,13480,13540,613089,-0.007331378299120228
2024-06-19,13680,14320,13600,13950,343447,0.030280649926144765
2024-06-20,13950,14300,13920,14230,288533,0.02007168458781372
2024-06-21,14220,14370,14130,14370,968161,0.00983836964160223
2024-06-24,14470,14470,14050,14320,267009,-0.00347947112038971
2024-06-25,14490,14860,14290,14550,407009,0.0160614525139664
2024-06-26,14400,14410,13850,14290,368390,-0.017869415807560185
2024-06-27,14000,14310,13900,14300,244323,0.0006997900629810427
2024-06-28,14430,14700,14310,14640,255782,0.023776223776223793
2024-07-01,14570,14580,14240,14430,267107,-0.014344262295082011
2024-07-02,14220,14570,14170,14540,306119,0.007623007623007716
2024-07-03,14700,15200,14550,14790,516507,0.01719394773039884
2024-07-04,14850,15250,14760,15190,604266,0.02704530087897239
2024-07-05,15290,16150,15250,15860,777132,0.04410796576695186
2024-07-08,15710,15820,15070,15260,630541,-0.03783102143757877
2024-07-09,15200,15340,14570,14640,689256,-0.0406290956749672
2024-07-10,14540,14700,14500,14500,545215,-0.0095628415300546
2024-07-11,14640,14650,14350,14510,406798,0.0006896551724138167
2024-07-12,14600,14750,14410,14470,339072,-0.002756719503790528
2024-07-15,14600,14600,14270,14290,315181,-0.012439530062197668
2024-07-16,14290,14690,14200,14470,226306,0.01259622113365988
2024-07-17,14650,14650,14340,14460,210526,-0.0006910850034553828
2024-07-18,14600,14820,14260,14810,1140449,0.024204702627939056
2024-07-19,14550,14750,14420,14680,214515,-0.008777852802160702
2024-07-22,14800,15000,14560,14960,356594,0.019073569482288777
2024-07-23,14890,15150,14800,14930,381273,-0.00200534759358284
2024-07-24,14790,15150,14780,14920,182963,-0.0006697923643670389
2024-07-25,15060,15080,14140,14320,580033,-0.04021447721179627
2024-07-26,14350,14690,13950,14300,697832,-0.0013966480446927498
2024-07-29,14300,14760,14210,14410,367357,0.007692307692307665
2024-07-30,14240,14400,13950,14250,314858,-0.011103400416377474
2024-07-31,14380,14520,14210,14440,186564,0.01333333333333342
2024-08-01,14420,14560,14370,14480,242749,0.0027700831024930483
2024-08-02,14430,14470,14050,14150,289030,-0.022790055248618768
2024-08-05,14000,14000,12980,13480,706047,-0.047349823321554796
2024-08-06,14340,14350,13160,13430,518897,-0.0037091988130564246
2024-08-07,13160,13900,13100,13680,402812,0.01861504095309008
2024-08-08,13680,14150,13600,14060,342494,0.02777777777777768
2024-08-09,13930,14230,13910,14070,245170,0.0007112375533429027
2024-08-12,14220,14250,13960,14090,179930,0.001421464108031234
2024-08-13,13960,14390,13960,14220,280346,0.009226401703335663
2024-08-14,14180,14310,14140,14280,230747,0.00421940928270037
2024-08-16,14500,14600,14280,14370,231694,0.006302521008403339
2024-08-19,14370,14760,14330,14750,314662,0.026443980514961662
2024-08-20,14830,15170,14740,15160,468388,0.02779661016949153
2024-08-21,15200,15500,14700,15400,556613,0.0158311345646438
2024-08-22,15400,15600,15280,15500,430712,0.006493506493506551
2024-08-23,15410,15530,15200,15350,318298,-0.009677419354838679
2024-08-26,15340,15550,15270,15550,309226,0.013029315960912058
2024-08-27,15550,15550,14910,15100,335633,-0.02893890675241162
2024-08-28,14990,15050,14380,14570,567119,-0.035099337748344395
2024-08-29,14710,14710,14400,14510,220307,-0.0041180507892930596
2024-08-30,14660,14660,14150,14160,535584,-0.024121295658166786
2024-09-02,14210,14440,14100,14340,235370,0.012711864406779627
2024-09-03,14440,14520,14230,14280,218516,-0.004184100418409997
2024-09-04,14420,14600,14130,14360,439587,0.0056022408963585235
2024-09-05,14320,14540,14310,14490,192387,0.009052924791086436
2024-09-06,14610,14610,14130,14410,208769,-0.00552104899930983
2024-09-09,14130,14400,14050,14360,185030,-0.003469812630117919
2024-09-10,14360,15600,14260,15200,632941,0.058495821727019504
2024-09-11,15200,15200,14180,14350,539096,-0.05592105263157898
2024-09-12,14360,14730,14200,14660,642499,0.02160278745644595
2024-09-13,14800,15460,14630,15440,745415,0.05320600272851306
2024-09-19,15270,15500,14910,15390,687009,-0.0032383419689119286
2024-09-20,15400,15540,15270,15470,788773,0.005198180636777128
2024-09-23,15520,15520,14900,14950,369166,-0.03361344537815125
2024-09-24,15120,15800,14950,15560,1679133,0.04080267558528439
2024-09-25,15710,15800,15030,15030,1089620,-0.03406169665809766
2024-09-26,15130,15810,15120,15620,851128,0.03925482368596134
2024-09-27,15520,15800,15420,15510,364236,-0.007042253521126751
2024-09-30,15690,15730,15150,15310,391819,-0.012894906511927817
2024-10-02,15150,15660,14820,15490,461004,0.011757021554539504
2024-10-04,15390,15910,15330,15900,526057,0.02646868947708203
2024-10-07,15980,15990,15670,15780,558939,-0.007547169811320753
2024-10-08,15660,15790,15470,15710,472784,-0.004435994930291454
2024-10-10,15710,15770,15470,15550,610239,-0.010184595798854224
2024-10-11,15730,16500,15660,16250,997187,0.045016077170418
2024-10-14,16040,16800,16010,16500,856079,0.01538461538461533
2024-10-15,16340,16590,16290,16500,610571,0.0
2024-10-16,16550,16630,16100,16200,1190208,-0.018181818181818188
2024-10-17,16280,17210,16240,17150,913573,0.058641975308642014
2024-10-18,17200,17200,16960,17010,534121,-0.008163265306122436
2024-10-21,17010,17030,16750,16900,398314,-0.0064667842445620405
2024-10-22,16720,17250,16620,17250,524726,0.020710059171597628
2024-10-23,17250,17300,16830,17150,530899,-0.005797101449275366
2024-10-24,17200,17890,17100,17590,597034,0.025655976676384862
2024-10-25,17630,18710,17630,18290,1199125,0.03979533826037529
2024-10-28,18290,18380,17730,18270,611469,-0.0010934937124111865
2024-10-29,17930,18270,17750,18080,447818,-0.010399562123700079
2024-10-30,18080,18150,17860,17980,397111,-0.00553097345132747
2024-10-31,17980,17980,17390,17910,510504,-0.0038932146829810943
2024-11-01,17820,18090,17800,17920,307351,0.0005583472920156485
2024-11-04,17850,17850,17320,17760,533184,-0.008928571428571397
2024-11-05,17510,18000,17390,17930,645279,0.009572072072072002
2024-11-06,17810,18660,17810,18480,502501,0.030674846625766916
2024-11-07,18260,18620,18170,18470,400229,-0.0005411255411255089
2024-11-08,18650,18650,17890,18230,356681,-0.01299404439631835
2024-11-11,18050,18250,17920,18160,401129,-0.0038398244651672853
2024-11-12,18070,18790,18070,18340,665830,0.009911894273127775
2024-11-13,18230,18400,17930,17950,453130,-0.021264994547437244
2024-11-14,18120,18300,17780,17780,561829,-0.009470752089136503
2024-11-15,17850,18220,17750,18220,441212,0.02474690663667034
2024-11-18,18040,18130,17450,18010,442916,-0.011525795828759566
2024-11-19,17850,18300,17820,18040,331363,0.0016657412548584105
2024-11-20,17910,19070,17910,18760,426921,0.039911308203991025
2024-11-21,18870,18960,18610,18680,208976,-0.004264392324093813
2024-11-22,18810,18880,18600,18750,171193,0.0037473233404710093
2024-11-25,18890,18910,18360,18410,464788,-0.018133333333333335
2024-11-26,18100,18400,17950,18380,302301,-0.0016295491580662347
2024-11-27,18270,19250,18270,19250,598935,0.047334058759521236
2024-11-28,19350,19990,19020,19940,1927741,0.03584415584415579
2024-11-29,20000,20100,19360,19680,434041,-0.013039117352056206
2024-12-02,19820,19850,19290,19440,337195,-0.012195121951219523
2024-12-03,19690,20500,19480,20450,775499,0.05195473251028804
2024-12-04,20250,20400,19330,19600,844966,-0.041564792176039145
2024-12-05,18230,18820,17770,18270,672514,-0.06785714285714284
2024-12-06,18100,18350,17550,18300,860334,0.0016420361247948545
2024-12-09,18200,18200,17600,17900,542504,-0.021857923497267784
2024-12-10,18080,18080,17700,17890,440295,-0.0005586592178771221
2024-12-11,17800,18440,17740,18130,265601,0.013415315818893214
2024-12-12,18200,18350,17950,18050,660910,-0.004412575841147293
2024-12-13,17900,18140,17730,17970,668190,-0.004432132963988922
2024-12-16,17880,18100,17360,17460,379642,-0.028380634390651083
2024-12-17,17460,17500,16520,16910,1165495,-0.03150057273768614
2024-12-18,16800,17100,16700,16870,289604,-0.0023654642223536193
2024-12-19,16600,16840,16430,16510,301070,-0.021339656194428014
2024-12-20,16350,16510,16140,16490,453744,-0.0012113870381587066
2024-12-23,16640,16790,16390,16690,367296,0.012128562765312267
2024-12-24,16690,16690,16470,16680,200579,-0.0005991611743558778
2024-12-26,16680,16710,16420,16590,436581,-0.0053956834532373765
2024-12-27,16360,16430,16160,16340,266812,-0.015069318866787196
2024-12-30,16340,16520,16170,16280,263733,-0.003671970624234966
2025-01-02,16250,16530,15720,15800,306381,-0.029484029484029506
2025-01-03,15740,15990,15580,15700,488609,-0.006329113924050667
2025-01-06,15710,16190,15620,16100,418253,0.02547770700636942
2025-01-07,16100,16490,16100,16230,272411,0.008074534161490732
2025-01-08,16110,16430,16110,16260,258570,0.001848428835489857
2025-01-09,16210,16690,16170,16260,455424,0.0
2025-01-10,16200,17010,16200,16890,462005,0.03874538745387457
2025-01-13,16780,17540,16780,17260,599131,0.021906453522794633
2025-01-14,17260,17410,17070,17350,322049,0.005214368482039378
2025-01-15,17400,18200,17350,18000,486000,0.03746397694524495
2025-01-16,18120,18430,18050,18250,352080,0.01388888888888884
2025-01-17,18140,18640,18140,18220,317707,-0.0016438356164383272
2025-01-20,18220,18470,18190,18230,241320,0.0005488474204171645
2025-01-21,18290,19370,18230,19280,458905,0.05759736697750961
2025-01-22,19500,19710,19210,19460,394440,0.009336099585062207
2025-01-23,19490,19860,19360,19410,312915,-0.002569373072970227
2025-01-24,19380,19590,19260,19370,256165,-0.002060793405461059
2025-01-31,19720,19770,19300,19770,349460,0.02065049044914824
2025-02-03,19320,19600,18820,19500,478998,-0.01365705614567525
2025-02-04,19580,19630,19300,19490,229268,-0.0005128205128205332
2025-02-05,19540,19990,19300,19520,275383,0.001539250897896416
2025-02-06,19520,19680,19240,19600,370937,0.004098360655737654
2025-02-07,19410,20250,18870,18960,672854,-0.03265306122448974
2025-02-10,18960,19010,18110,18340,728325,-0.03270042194092826
2025-02-11,18300,18450,17620,17740,492876,-0.03271537622682663
2025-02-12,17840,17950,17450,17650,324899,-0.005073280721533235
2025-02-13,17700,18100,17600,17860,498598,0.011898016997167193
2025-02-14,17900,18190,17770,18050,241729,0.010638297872340496
2025-02-17,18080,18220,17850,18220,186676,0.009418282548476542
2025-02-18,18200,18420,18060,18100,257339,-0.00658616904500553
2025-02-19,18040,19020,18030,18570,467750,0.025966850828729182
2025-02-20,18410,18880,18410,18640,264722,0.003769520732364029
2025-02-21,18640,18700,18370,18400,245289,-0.012875536480686733
2025-02-24,18400,18830,18380,18650,260723,0.013586956521739024
2025-02-25,18380,18510,18130,18310,271087,-0.018230563002681
2025-02-26,18410,18470,18250,18400,1378797,0.004915346805024479
2025-02-27,17900,18160,17460,18050,625078,-0.01902173913043481
2025-02-28,17990,18080,17240,17240,823812,-0.044875346260387805
2025-03-04,17240,17950,17210,17400,389346,0.009280742459396807
2025-03-05,17550,17630,16820,17000,441280,-0.02298850574712641
2025-03-06,17030,17270,17000,17270,322170,0.01588235294117646
2025-03-07,17320,17320,16900,16930,307516,-0.01968731905037635
2025-03-10,16830,16950,16400,16660,414612,-0.01594802126402839
2025-03-11,16300,16700,16200,16580,313509,-0.004801920768307322
2025-03-12,16300,16840,16300,16710,324283,0.007840772014475306
2025-03-13,16600,16840,16200,16420,1230147,-0.017354877318970674
2025-03-14,16490,16790,16270,16710,389325,0.017661388550548107
2025-03-17,16720,17080,16510,17080,273632,0.02214242968282476
2025-03-18,17150,17260,16885,16920,249226,-0.00936768149882905
2025-03-19,17100,17420,16890,17260,284693,0.02009456264775422
2025-03-20,17260,17500,17220,17380,242498,0.006952491309385911
2025-03-21,17040,17950,17010,17820,638158,0.025316455696202445
2025-03-24,17650,17900,17370,17690,511130,-0.007295173961840651
2025-03-25,17460,17850,17460,17820,218897,0.007348784624081395
2025-03-26,17900,17900,17150,17280,365641,-0.030303030303030276
2025-03-27,17100,17480,17000,17320,393592,0.0023148148148148806
2025-03-28,17300,17490,17060,17440,218727,0.006928406466512715
2025-03-31,17190,17410,17030,17410,382734,-0.0017201834862384802
2025-04-01,17140,18240,17140,18220,436944,0.04652498564043661
2025-04-02,18040,18910,18010,18710,453936,0.026893523600439062
2025-04-03,17740,18470,17730,18130,540530,-0.030999465526456493
2025-04-04,18050,18100,17570,17760,366275,-0.020408163265306145
2025-04-07,16650,16990,16120,16250,668665,-0.08502252252252251
2025-04-08,16400,16500,16160,16250,428234,0.0
2025-04-09,16090,16420,15700,16040,378898,-0.012923076923076926
2025-04-10,16300,16900,16200,16800,423514,0.04738154613466339
2025-04-11,16510,16770,16200,16570,337274,-0.013690476190476142
2025-04-14,16640,17100,16630,17000,275260,0.025950512975256412
2025-04-15,16850,17300,16850,17070,287596,0.004117647058823559
2025-04-16,17050,17440,16980,17260,180802,0.011130638547158789
2025-04-17,17520,17520,16800,17290,188017,0.0017381228273465332
2025-04-18,17210,17590,17160,17430,178117,0.00809716599190291
2025-04-21,17500,17760,17470,17750,209875,0.018359150889271314
2025-04-22,17800,17950,17610,17830,244920,0.004507042253521165
2025-04-23,18110,18110,17600,17750,220862,-0.0044868199663488095
2025-04-24,17630,18110,17620,17830,210747,0.004507042253521165
2025-04-25,17830,18060,16960,17070,736677,-0.042624789680314024
2025-04-28,16910,17160,16890,17010,340447,-0.0035149384885764245
2025-04-29,16960,17330,16960,17180,351365,0.009994121105232123
2025-04-30,16820,17350,16750,17070,464507,-0.006402793946449381
2025-05-02,16920,17360,16920,17340,425377,0.01581722319859402
2025-05-07,17510,17520,17220,17320,437180,-0.0011534025374856371
2025-05-08,16970,17250,16970,17050,423116,-0.01558891454965361
2025-05-09,17040,17370,16990,17300,487892,0.014662756598240456
2025-05-12,17320,17640,17230,17560,315770,0.015028901734104094
2025-05-13,17390,17580,17290,17580,339861,0.001138952164009055
2025-05-14,17580,17930,17560,17820,440681,0.013651877133105783
2025-05-15,17630,17970,17620,17930,241051,0.006172839506172867
2025-05-16,17930,18100,17710,17870,228820,-0.003346346904629094
2025-05-19,17710,17860,17440,17490,252133,-0.021264689423615035
2025-05-20,17600,17840,17370,17470,310739,-0.0011435105774728616
2025-05-21,17460,17540,17280,17380,249458,-0.005151688609044025
2025-05-22,17280,17410,17200,17280,463443,-0.005753739930955071
2025-05-23,17190,17460,17120,17360,296728,0.004629629629629539
2025-05-26,17370,18080,17370,18080,464643,0.041474654377880116
2025-05-27,17900,17980,17730,17940,322382,-0.007743362831858391
2025-05-28,17780,18550,17770,18320,729388,0.021181716833890807
2025-05-29,18670,18980,18420,18980,399376,0.0360262008733625
2025-05-30,18810,19170,18740,18870,581892,-0.005795574288725014
2025-06-02,18670,19190,18110,18380,460016,-0.025967143614202493
2025-06-04,18480,19430,18470,19170,429970,0.04298150163220882
2025-06-05,18760,19400,18750,19160,489862,-0.0005216484089723972
2025-06-09,18970,19430,18950,18960,481611,-0.01043841336116913
2025-06-10,18910,19500,18770,19180,610941,0.011603375527426074
2025-06-11,19180,19660,18790,19390,664680,0.010948905109489093
2025-06-12,19300,21550,19200,20900,1691176,0.077875193398659
2025-06-13,20500,20550,19750,20000,1119353,-0.0430622009569378
2025-06-16,20500,21000,19940,21000,667641,0.050000000000000044
2025-06-17,20800,22300,20700,21900,1441730,0.04285714285714293
2025-06-18,21400,21850,21000,21100,565243,-0.0365296803652968
2025-06-19,21150,21800,20950,21350,448679,0.011848341232227444
2025-06-20,21450,21750,21050,21100,1789154,-0.011709601873536313
2025-06-23,20950,21450,20500,21000,737611,-0.004739336492891044
2025-06-24,21300,22000,21150,21350,717821,0.016666666666666607
2025-06-25,21250,21500,21050,21100,652418,-0.011709601873536313
2025-06-26,20900,21100,20450,20600,674783,-0.023696682464455
2025-06-27,20400,21000,20350,20600,472036,0.0
2025-06-30,20300,20700,20000,20550,646677,-0.0024271844660194164
2025-07-01,20350,21200,20350,20650,430908,0.0048661800486617945
2025-07-02,20500,21500,20500,21450,647930,0.03874092009685226
2025-07-03,21250,21700,21150,21650,580139,0.00932400932400923
2025-07-04,21700,22300,21450,21600,1033385,-0.002309468822170868
2025-07-07,21900,22650,21600,22350,578008,0.03472222222222232
2025-07-08,22950,24150,22550,23850,1031739,0.06711409395973145
2025-07-09,23900,24600,23700,24000,1304559,0.0062893081761006275
2025-07-10,23850,25450,23750,25250,1130362,0.05208333333333326
2025-07-11,25150,26250,25050,25350,1031956,0.003960396039603964
2025-07-14,25300,25650,25200,25300,1046911,-0.0019723865877712132
2025-07-15,25200,25650,24550,24700,903262,-0.02371541501976282
2025-07-16,24700,24700,23750,23900,820212,-0.03238866396761131
2025-07-17,24000,24400,23900,24200,701754,0.012552301255230214
2025-07-18,24450,24450,23300,23750,557764,-0.018595041322314043
2025-07-21,23550,24150,23500,24050,437427,0.012631578947368327
2025-07-22,24000,24500,24000,24500,413419,0.018711018711018657
2025-07-23,24500,24650,23900,24150,385441,-0.014285714285714235
2025-07-24,24000,24800,24000,24350,343040,0.008281573498964745
2025-07-25,24300,25000,23550,23750,701312,-0.024640657084188944
2025-07-28,23750,23800,22250,22550,875754,-0.05052631578947364
2025-07-29,22300,23300,22250,23050,427171,0.022172949002217335
2025-07-30,23250,23600,23050,23500,359840,0.01952277657266821
2025-07-31,23200,23500,22750,23100,398830,-0.017021276595744705
2025-08-01,22850,22850,21700,21750,444916,-0.058441558441558406
2025-08-04,21550,22250,21500,21950,275633,0.009195402298850519
2025-08-05,22150,22600,21950,22350,415951,0.018223234624145768
2025-08-06,22000,22800,22000,22600,257127,0.01118568232662187
2025-08-07,22400,22600,22100,22500,284366,-0.004424778761061954
2025-08-08,22300,22350,21850,22050,389915,-0.020000000000000018
2025-08-11,21800,22150,21500,22000,355641,-0.0022675736961451642
2025-08-12,21850,22400,21800,22000,311266,0.0
2025-08-13,22100,22600,22050,22500,424961,0.022727272727272707
2025-08-14,22450,22750,22100,22200,586970,-0.013333333333333308
2025-08-18,22250,22700,21900,21900,492796,-0.013513513513513487
2025-08-19,22400,22550,22100,22500,415735,0.027397260273972712
