Date,Open,High,Low,Close,Volume,Change
2022-01-03,14600,14800,14500,14700,151002,0.006849315068493178
2022-01-04,14700,14800,14500,14700,158722,0.0
2022-01-05,14650,14750,14400,14400,268163,-0.020408163265306145
2022-01-06,14250,14550,14000,14050,272148,-0.02430555555555558
2022-01-07,14050,14500,14000,14150,129660,0.007117437722419906
2022-01-10,14050,14150,13850,13950,145132,-0.014134275618374548
2022-01-11,13950,14150,13750,13900,147606,-0.0035842293906810374
2022-01-12,14000,14250,13950,14050,196838,0.010791366906474753
2022-01-13,14050,14150,13800,13800,230600,-0.017793594306049876
2022-01-14,13700,13800,13500,13550,198378,-0.018115942028985477
2022-01-17,13500,13650,13250,13400,169499,-0.011070110701106972
2022-01-18,13200,13450,12900,13000,251616,-0.02985074626865669
2022-01-19,12800,13050,12700,12800,137801,-0.01538461538461533
2022-01-20,12800,13000,12700,12850,113706,0.00390625
2022-01-21,12700,14300,12700,12850,1765828,0.0
2022-01-24,12800,13100,12600,12850,315072,0.0
2022-01-25,12900,12900,12050,12050,443372,-0.0622568093385214
2022-01-26,11900,12200,11900,11900,195020,-0.012448132780082943
2022-01-27,11900,11950,11350,11400,296949,-0.04201680672268904
2022-01-28,11450,12300,11450,12000,277441,0.05263157894736836
2022-02-03,12100,12550,12050,12350,194242,0.029166666666666563
2022-02-04,12300,12650,12300,12500,151989,0.012145748987854255
2022-02-07,12500,12650,12200,12600,122482,0.008000000000000007
2022-02-08,12600,12750,12400,12550,97821,-0.003968253968253954
2022-02-09,12600,12750,12450,12650,217573,0.007968127490039834
2022-02-10,12650,12900,12500,12600,182934,-0.0039525691699604515
2022-02-11,12600,12600,12300,12350,127502,-0.019841269841269882
2022-02-14,12200,12550,11950,12300,217437,-0.004048582995951455
2022-02-15,12150,12350,11900,12150,121254,-0.012195121951219523
2022-02-16,12250,12500,12150,12400,120702,0.020576131687242816
2022-02-17,12450,12650,12200,12400,161009,0.0
2022-02-18,12200,12500,12200,12350,88421,-0.0040322580645161255
2022-02-21,12200,12600,12150,12600,92038,0.020242914979757165
2022-02-22,12400,12650,12350,12600,117483,0.0
2022-02-23,12600,12750,12500,12750,121184,0.011904761904761862
2022-02-24,12500,12600,12000,12150,226178,-0.04705882352941182
2022-02-25,12350,12600,12250,12450,141893,0.024691358024691468
2022-02-28,12450,12600,12300,12450,143543,0.0
2022-03-02,12500,12800,12450,12750,168220,0.024096385542168752
2022-03-03,12750,12900,12700,12850,119985,0.007843137254901933
2022-03-04,12850,12900,12650,12800,96589,-0.0038910505836575737
2022-03-07,12650,12650,12400,12550,94091,-0.01953125
2022-03-08,12500,12550,12250,12350,116173,-0.015936254980079667
2022-03-10,12600,12650,12400,12650,121363,0.02429149797570851
2022-03-11,12650,12800,12550,12650,106791,0.0
2022-03-14,12600,13100,12550,12650,313065,0.0
2022-03-15,12750,12900,12550,12800,144376,0.011857707509881354
2022-03-16,12900,13600,12850,13000,811510,0.015625
2022-03-17,13150,13200,12950,12950,227856,-0.0038461538461538325
2022-03-18,13000,13350,12950,13250,231658,0.02316602316602312
2022-03-21,13350,13350,12950,12950,170272,-0.02264150943396226
2022-03-22,13050,13150,12900,13050,78539,0.007722007722007707
2022-03-23,13150,13250,13000,13000,92483,-0.003831417624521105
2022-03-24,12950,13050,12850,13000,107102,0.0
2022-03-25,13050,13200,12900,13100,96057,0.007692307692307665
2022-03-28,13150,13250,13000,13150,120343,0.003816793893129722
2022-03-29,13100,13250,13050,13200,97141,0.0038022813688212143
2022-03-30,13300,13300,13100,13200,89151,0.0
2022-03-31,13100,13300,13100,13250,99647,0.0037878787878788955
2022-04-01,13150,13200,13000,13050,131966,-0.015094339622641506
2022-04-04,13000,13100,12900,13050,88143,0.0
2022-04-05,13050,13550,12950,13350,242125,0.02298850574712641
2022-04-06,13300,13450,13150,13300,136135,-0.0037453183520599342
2022-04-07,13300,13300,13100,13150,105805,-0.011278195488721776
2022-04-08,13250,13600,13150,13500,217454,0.026615969581748944
2022-04-11,13550,13650,13300,13300,211596,-0.014814814814814836
2022-04-12,13250,13350,12850,13150,213692,-0.011278195488721776
2022-04-13,13150,13350,13050,13300,116213,0.011406844106463865
2022-04-14,13250,13400,13100,13300,107834,0.0
2022-04-15,13200,13300,13100,13150,112711,-0.011278195488721776
2022-04-18,13050,13250,13000,13150,99570,0.0
2022-04-19,13100,13300,13050,13250,80104,0.0076045627376426506
2022-04-20,13200,13350,13150,13250,109332,0.0
2022-04-21,13300,13350,13100,13200,104952,-0.0037735849056603765
2022-04-22,13100,13250,12950,13150,108304,-0.0037878787878787845
2022-04-25,13000,13100,12900,12950,77785,-0.01520912547528519
2022-04-26,12950,13100,12950,13000,69713,0.0038610038610038533
2022-04-27,12750,13100,12700,12900,162946,-0.007692307692307665
2022-04-28,12900,12950,12800,12900,78536,0.0
2022-04-29,12850,13100,12850,13100,86068,0.015503875968992276
2022-05-02,13000,13050,12900,12900,59888,-0.01526717557251911
2022-05-03,12850,13000,12700,12700,111348,-0.015503875968992276
2022-05-04,12750,12900,12650,12800,68171,0.007874015748031482
2022-05-06,12600,12750,12500,12500,83443,-0.0234375
2022-05-09,12500,12600,12100,12150,150664,-0.028000000000000025
2022-05-10,12050,12150,11750,12000,120526,-0.012345679012345734
2022-05-11,11850,12000,11800,11850,95450,-0.012499999999999956
2022-05-12,11700,11900,11450,11450,145944,-0.03375527426160341
2022-05-13,11450,11950,11450,11900,99876,0.0393013100436681
2022-05-16,11850,12100,11800,11850,85712,-0.004201680672268893
2022-05-17,11700,12050,11700,11900,102928,0.00421940928270037
2022-05-18,11900,12000,11750,11850,80294,-0.004201680672268893
2022-05-19,11600,11700,11500,11500,108240,-0.029535864978902926
2022-05-20,11500,11750,11500,11750,64582,0.021739130434782705
2022-05-23,12000,12450,11950,12150,254814,0.03404255319148941
2022-05-24,12000,12100,11800,11800,114423,-0.028806584362139898
2022-05-25,12100,12150,11900,11900,118899,0.008474576271186418
2022-05-26,12050,12200,11950,12000,94317,0.008403361344537785
2022-05-27,12150,12250,11950,12150,80434,0.012499999999999956
2022-05-30,12100,12300,12100,12200,60215,0.004115226337448652
2022-05-31,12250,12300,12050,12100,63978,-0.008196721311475419
2022-06-02,12050,12150,11950,12000,74060,-0.008264462809917328
2022-06-03,12050,12200,12000,12100,62934,0.008333333333333304
2022-06-07,12050,12100,11800,11850,67512,-0.02066115702479343
2022-06-08,11850,12000,11800,11900,59496,0.00421940928270037
2022-06-09,11850,11950,11750,11750,100771,-0.012605042016806678
2022-06-10,11750,11950,11700,11750,71318,0.0
2022-06-13,11500,11700,11150,11150,144533,-0.051063829787234005
2022-06-14,11000,11100,10750,10900,206386,-0.022421524663677084
2022-06-15,10700,10950,10450,10450,154185,-0.041284403669724745
2022-06-16,10650,10750,10250,10300,128498,-0.014354066985645897
2022-06-17,10000,10600,9990,10450,235853,0.014563106796116498
2022-06-20,10500,10500,9770,9880,227227,-0.054545454545454564
2022-06-21,9930,10250,9930,10050,118452,0.0172064777327936
2022-06-22,10100,10250,9910,10000,137433,-0.00497512437810943
2022-06-23,10100,10150,9640,9640,175139,-0.03600000000000003
2022-06-24,9600,10100,9600,10000,122031,0.03734439834024905
2022-06-27,10050,10450,9970,10350,120860,0.03499999999999992
2022-06-28,10250,10300,10100,10150,129094,-0.019323671497584516
2022-06-29,10050,10550,10050,10500,117798,0.034482758620689724
2022-06-30,10500,10500,10100,10150,83957,-0.033333333333333326
2022-07-01,10250,10350,9880,9980,131563,-0.016748768472906406
2022-07-04,10000,10150,9910,10000,84768,0.002004008016031955
2022-07-05,10150,10400,10050,10300,83300,0.030000000000000027
2022-07-06,10250,10500,10150,10150,104716,-0.014563106796116498
2022-07-07,10150,10600,10150,10550,95931,0.039408866995073843
2022-07-08,10500,10650,10350,10350,61552,-0.018957345971563955
2022-07-11,10400,10800,10400,10750,116036,0.03864734299516903
2022-07-12,10750,10850,10500,10500,116374,-0.023255813953488413
2022-07-13,10300,10600,10250,10400,107780,-0.00952380952380949
2022-07-14,10250,10500,10150,10300,91807,-0.009615384615384581
2022-07-15,10400,10900,10200,10800,197532,0.04854368932038833
2022-07-18,10750,10900,10600,10600,76540,-0.01851851851851849
2022-07-19,10600,10700,10500,10550,58962,-0.004716981132075526
2022-07-20,10750,10750,10550,10650,95726,0.009478672985782088
2022-07-21,10650,10650,10500,10550,63351,-0.009389671361502372
2022-07-22,10600,10800,10500,10500,93533,-0.004739336492891044
2022-07-25,10450,10600,10400,10550,39964,0.004761904761904745
2022-07-26,10500,10550,10300,10400,73395,-0.014218009478673022
2022-07-27,10400,11100,10350,10900,504183,0.04807692307692313
2022-07-28,11000,11100,10750,10750,150348,-0.013761467889908285
2022-07-29,10850,11300,10800,11200,190519,0.041860465116279055
2022-08-01,11200,11300,11000,11200,109244,0.0
2022-08-02,11200,11200,10950,11000,107878,-0.017857142857142905
2022-08-03,11000,11200,10950,11100,72379,0.009090909090909038
2022-08-04,11300,11600,11200,11250,200389,0.013513513513513598
2022-08-05,11300,11600,11250,11450,117231,0.01777777777777767
2022-08-08,11450,11500,11300,11350,101401,-0.008733624454148492
2022-08-09,11350,11400,11150,11300,94014,-0.004405286343612369
2022-08-10,11300,11350,11050,11100,68748,-0.017699115044247815
2022-08-11,11150,11300,11150,11200,78335,0.009009009009008917
2022-08-12,11150,11300,11150,11250,49432,0.0044642857142858094
2022-08-16,11300,11350,11100,11150,76933,-0.008888888888888835
2022-08-17,11150,11200,10900,11050,87655,-0.008968609865470878
2022-08-18,11000,11000,10800,10850,97494,-0.018099547511312264
2022-08-19,10800,10950,10750,10850,107856,0.0
2022-08-22,10750,10750,10550,10600,89166,-0.02304147465437789
2022-08-23,10450,10600,10350,10350,90843,-0.02358490566037741
2022-08-24,10400,10450,10250,10300,62855,-0.004830917874396157
2022-08-25,10350,10500,10300,10400,51902,0.009708737864077666
2022-08-26,10450,10500,10350,10450,68516,0.004807692307692291
2022-08-29,10150,10250,10100,10100,66189,-0.03349282296650713
2022-08-30,10100,10250,10100,10150,70434,0.004950495049504955
2022-08-31,10100,10250,10100,10150,49090,0.0
2022-09-01,10100,10200,9980,10000,105188,-0.014778325123152691
2022-09-02,10050,10200,10000,10150,66276,0.014999999999999902
2022-09-05,10150,10150,9990,10050,66906,-0.009852216748768461
2022-09-06,10050,10100,10000,10050,51988,0.0
2022-09-07,10000,12950,9870,11250,10276815,0.11940298507462677
2022-09-08,11200,11250,10200,10450,2531515,-0.07111111111111112
2022-09-13,10500,10750,10300,10300,1360320,-0.014354066985645897
2022-09-14,10150,10600,10050,10550,1006915,0.024271844660194164
2022-09-15,10600,10750,10450,10550,799326,0.0
2022-09-16,10800,10850,10400,10600,808684,0.004739336492890933
2022-09-19,10500,10600,10050,10150,574164,-0.04245283018867929
2022-09-20,10250,10400,10100,10250,380714,0.009852216748768461
2022-09-21,10250,10900,10250,10750,1014332,0.04878048780487809
2022-09-22,10600,10850,10400,10650,571327,-0.009302325581395321
2022-09-23,10600,10650,10150,10200,456812,-0.04225352112676062
2022-09-26,10050,10300,9880,9920,544340,-0.027450980392156876
2022-09-27,9980,10200,9900,10100,389770,0.01814516129032251
2022-09-28,10000,10350,9930,10100,457438,0.0
2022-09-29,10300,10700,10150,10450,764612,0.034653465346534684
2022-09-30,10350,10750,10150,10400,780192,-0.004784688995215336
2022-10-04,10450,10500,10200,10350,385014,-0.004807692307692291
2022-10-05,10400,10450,9950,9950,489493,-0.03864734299516903
2022-10-06,10100,10300,10000,10150,226606,0.0201005025125629
2022-10-07,10150,10150,9970,9970,310519,-0.017733990147783207
2022-10-11,9870,9900,9110,9180,631807,-0.0792377131394183
2022-10-12,9280,10750,9280,9620,6080288,0.04793028322440085
2022-10-13,9430,9800,9200,9210,958946,-0.042619542619542594
2022-10-14,9400,9730,9310,9660,587975,0.04885993485342022
2022-10-17,9450,9760,9350,9700,265265,0.0041407867494824835
2022-10-18,9830,10150,9760,10050,426680,0.03608247422680422
2022-10-19,10100,10350,9960,10000,398584,-0.00497512437810943
2022-10-20,9970,10200,9940,10100,209208,0.010000000000000009
2022-10-21,10100,10250,10000,10100,188452,0.0
2022-10-24,10250,10350,10100,10200,218518,0.00990099009900991
2022-10-25,10300,10600,10250,10550,479961,0.03431372549019618
2022-10-26,10600,10650,10050,10150,343341,-0.03791469194312791
2022-10-27,10250,10350,10150,10250,196352,0.009852216748768461
2022-10-28,10250,10500,10200,10350,209665,0.009756097560975618
2022-10-31,10450,10550,10400,10500,173110,0.01449275362318847
2022-11-01,10450,10550,10350,10500,162181,0.0
2022-11-02,10500,10850,10400,10550,323137,0.004761904761904745
2022-11-03,10400,10650,10350,10400,196209,-0.014218009478673022
2022-11-04,10350,10400,10150,10350,233122,-0.004807692307692291
2022-11-07,10350,10550,10300,10350,121267,0.0
2022-11-08,10350,10500,10350,10400,147562,0.004830917874396157
2022-11-09,10500,10600,10450,10450,133650,0.004807692307692291
2022-11-10,10450,10800,10400,10550,273925,0.009569377990430672
2022-11-11,10750,10800,10600,10650,220144,0.009478672985782088
2022-11-14,10700,10800,10550,10650,198923,0.0
2022-11-15,10650,10950,10650,10950,210188,0.028169014084507005
2022-11-16,10950,11000,10750,10800,160114,-0.013698630136986356
2022-11-17,10850,11550,10850,11100,786172,0.02777777777777768
2022-11-18,11100,11250,10950,11150,209373,0.0045045045045044585
2022-11-21,11200,11300,10800,10900,215731,-0.022421524663677084
2022-11-22,11000,11000,10550,10600,179650,-0.02752293577981646
2022-11-23,10750,10750,10450,10650,200409,0.004716981132075526
2022-11-24,10750,10800,10650,10650,74251,0.0
2022-11-25,10700,10750,10600,10700,73498,0.0046948356807512415
2022-11-28,10700,10700,10250,10500,239558,-0.01869158878504673
2022-11-29,10500,10750,10450,10600,58716,0.00952380952380949
2022-11-30,10600,10750,10500,10650,124940,0.004716981132075526
2022-12-01,10750,10850,10650,10750,123002,0.009389671361502261
2022-12-02,10800,10950,10650,10750,113925,0.0
2022-12-05,10800,10850,10550,10600,79557,-0.013953488372092981
2022-12-06,10550,10800,10550,10700,112877,0.009433962264151052
2022-12-07,10700,10900,10500,10850,131716,0.014018691588784993
2022-12-08,10850,10850,10600,10800,114449,-0.004608294930875556
2022-12-09,10850,11150,10750,11100,198818,0.02777777777777768
2022-12-12,11100,11450,11050,11300,264476,0.018018018018018056
2022-12-13,11300,11450,10900,11150,298779,-0.013274336283185861
2022-12-14,11250,11450,11150,11250,169448,0.008968609865470878
2022-12-15,11200,11550,11150,11300,188781,0.004444444444444473
2022-12-16,11150,11200,10850,10900,220620,-0.03539823008849563
2022-12-19,10800,11000,10750,10950,94852,0.004587155963302836
2022-12-20,10850,10900,10550,10550,131105,-0.0365296803652968
2022-12-21,10650,10750,10550,10750,76423,0.018957345971563955
2022-12-22,10900,10900,9800,10100,846761,-0.06046511627906981
2022-12-23,9940,10550,9750,9800,993429,-0.02970297029702973
2022-12-26,9820,9910,9470,9480,397746,-0.03265306122448974
2022-12-27,9500,9740,9500,9550,330510,0.007383966244725704
2022-12-28,9500,9570,9450,9450,218645,-0.010471204188481686
2022-12-29,9410,9450,9010,9060,373115,-0.041269841269841234
2023-01-02,9100,9220,8960,8960,147811,-0.01103752759381893
2023-01-03,8890,9020,8730,8990,267064,0.0033482142857141906
2023-01-04,8910,9160,8870,9080,128989,0.010011123470522909
2023-01-05,9040,9170,9040,9080,115133,0.0
2023-01-06,9040,9150,8970,9050,104392,-0.0033039647577092213
2023-01-09,9160,9420,9130,9300,223061,0.027624309392265234
2023-01-10,9250,9370,9230,9290,148435,-0.0010752688172043223
2023-01-11,9300,9360,9280,9310,104140,0.0021528525296017342
2023-01-12,9340,9560,9320,9420,177415,0.011815252416756072
2023-01-13,9540,9540,9350,9390,108508,-0.0031847133757961776
2023-01-16,9390,9480,9300,9420,106032,0.0031948881789136685
2023-01-17,9420,9500,9380,9400,84007,-0.002123142250530785
2023-01-18,9430,9590,9400,9500,151515,0.010638297872340496
2023-01-19,9480,9680,9420,9630,111328,0.013684210526315743
2023-01-20,9600,9660,9510,9530,85648,-0.010384215991692591
2023-01-25,9590,9590,9490,9520,99745,-0.0010493179433368471
2023-01-26,9570,9700,9500,9680,122520,0.01680672268907557
2023-01-27,9680,9770,9600,9760,142277,0.008264462809917328
2023-01-30,9740,9770,9480,9480,117618,-0.02868852459016391
2023-01-31,9570,9650,9430,9630,113827,0.015822784810126667
2023-02-01,9650,9690,9560,9610,96750,-0.0020768431983385627
2023-02-02,9710,10130,9710,9840,576393,0.02393340270551514
2023-02-03,9800,9930,9670,9700,207511,-0.014227642276422814
2023-02-06,9710,9760,9570,9600,158247,-0.010309278350515427
2023-02-07,9720,9800,9580,9590,158838,-0.0010416666666667185
2023-02-08,9600,9700,9570,9670,154197,0.008342022940563076
2023-02-09,9610,9850,9520,9530,336769,-0.014477766287487093
2023-02-10,9600,9600,9310,9340,190053,-0.019937040923399763
2023-02-13,9310,9330,9110,9150,200900,-0.020342612419700257
2023-02-14,9200,9260,9150,9160,102122,0.0010928961748633004
2023-02-15,9230,9230,9020,9040,163040,-0.013100436681222738
2023-02-16,9040,9710,9040,9440,649041,0.04424778761061954
2023-02-17,9290,9420,9190,9190,166221,-0.026483050847457612
2023-02-20,9170,9370,9130,9220,195753,0.0032644178454841466
2023-02-21,9280,9280,9130,9190,167851,-0.0032537960954447387
2023-02-22,9100,9110,9030,9040,151489,-0.016322089227421066
2023-02-23,9040,9170,9030,9060,102406,0.0022123893805310324
2023-02-24,9140,9150,9050,9080,114319,0.002207505518763808
2023-02-27,9020,9070,8800,8950,231356,-0.014317180616740033
2023-02-28,8990,9110,8950,9000,103872,0.005586592178770999
2023-03-02,8980,9040,8900,8970,115046,-0.0033333333333332993
2023-03-03,9000,9140,8950,9140,145414,0.018952062430323213
2023-03-06,9150,9170,9040,9050,109779,-0.009846827133479175
2023-03-07,9060,9150,9020,9080,129044,0.0033149171270718814
2023-03-08,9020,9060,8930,8940,151014,-0.01541850220264318
2023-03-09,8940,8950,8850,8870,157380,-0.007829977628635354
2023-03-10,8820,8990,8730,8980,201434,0.012401352874858995
2023-03-13,8980,9410,8690,8810,877771,-0.018930957683741645
2023-03-14,8810,8810,8430,8440,320034,-0.041997729852440435
2023-03-15,8500,8600,8450,8550,251788,0.013033175355450233
2023-03-16,8410,8520,8100,8110,403764,-0.05146198830409354
2023-03-17,8100,8460,8100,8300,322842,0.023427866831072786
2023-03-20,8300,8550,8290,8370,163022,0.008433734939758963
2023-03-21,8370,8660,8360,8410,344543,0.004778972520907976
2023-03-22,8450,8510,8260,8320,137750,-0.010701545778834753
2023-03-23,8260,8290,8050,8090,290221,-0.027644230769230727
2023-03-24,8090,8120,8040,8100,131086,0.0012360939431397266
2023-03-27,8080,8250,7980,8200,143072,0.012345679012345734
2023-03-28,8130,8280,8130,8260,202979,0.007317073170731714
2023-03-29,8610,8840,8330,8600,573349,0.041162227602905554
2023-03-30,8600,8760,8380,8620,209872,0.0023255813953488857
2023-03-31,8590,8880,8590,8710,241007,0.010440835266821269
2023-04-03,8750,8930,8600,8680,260985,-0.003444316877152742
2023-04-04,8730,9060,8680,8940,458095,0.02995391705069128
2023-04-05,8900,9050,8860,8930,217811,-0.0011185682326622093
2023-04-06,8940,9150,8910,8950,558436,0.002239641657334923
2023-04-07,8950,9050,8760,9050,215091,0.011173184357541999
2023-04-10,9050,9050,8810,8940,172869,-0.012154696132596676
2023-04-11,8940,9080,8850,9060,214756,0.01342281879194629
2023-04-12,9100,9150,9000,9140,244503,0.008830022075055233
2023-04-13,9120,9290,9040,9250,258556,0.012035010940919078
2023-04-14,9300,9490,9200,9260,366720,0.00108108108108107
2023-04-17,9290,9300,9150,9270,165306,0.001079913606911509
2023-04-18,9190,9230,9110,9120,157747,-0.016181229773462813
2023-04-19,9120,9200,9070,9130,160363,0.0010964912280702066
2023-04-20,9450,9580,9020,9040,512281,-0.009857612267250793
2023-04-21,9120,9330,8980,9240,442925,0.022123893805309658
2023-04-24,9240,9380,9000,9010,241021,-0.024891774891774854
2023-04-25,9060,9080,8800,8870,255025,-0.015538290788013276
2023-04-26,8810,9160,8790,8840,369948,-0.0033821871476887866
2023-04-27,8850,8880,8470,8520,246171,-0.03619909502262442
2023-04-28,8560,8780,8520,8680,162937,0.018779342723004744
2023-05-02,8660,8680,8430,8500,258375,-0.020737327188940058
2023-05-03,8450,8560,8440,8500,131022,0.0
2023-05-04,8500,8810,8460,8780,204682,0.03294117647058825
2023-05-08,8780,8950,8720,8790,87079,0.001138952164009055
2023-05-09,8720,8880,8720,8820,84843,0.0034129692832765013
2023-05-10,8730,8890,8720,8820,90326,0.0
2023-05-11,8830,8900,8770,8770,91525,-0.005668934240362855
2023-05-12,8770,8820,8670,8730,87321,-0.004561003420752607
2023-05-15,8690,8790,8640,8690,81258,-0.004581901489117968
2023-05-16,8670,8780,8540,8540,92695,-0.017261219792865323
2023-05-17,8620,8630,8500,8570,50678,0.003512880562060783
2023-05-18,8570,8660,8500,8580,98657,0.001166861143523823
2023-05-19,8580,8930,8580,8860,202457,0.03263403263403264
2023-05-22,8910,9020,8880,8950,126818,0.010158013544018019
2023-05-23,8990,9070,8950,9040,132196,0.010055865921787754
2023-05-24,9070,9110,8950,9000,83983,-0.004424778761061954
2023-05-25,9000,9080,8890,8900,104213,-0.011111111111111072
2023-05-26,8900,8970,8840,8920,78899,0.0022471910112360494
2023-05-30,8940,9020,8850,8970,103297,0.005605381165919354
2023-05-31,8960,9080,8800,8860,152623,-0.012263099219620988
2023-06-01,8900,9080,8860,9080,128400,0.02483069977426644
2023-06-02,9130,9130,8940,9010,105998,-0.00770925110132159
2023-06-05,9050,9080,8930,8960,97029,-0.005549389567147567
2023-06-07,8960,9090,8960,8970,90777,0.0011160714285713969
2023-06-08,8970,8990,8860,8960,133934,-0.0011148272017836858
2023-06-09,8970,9120,8780,8780,261237,-0.0200892857142857
2023-06-12,8790,8860,8550,8570,291577,-0.023917995444191376
2023-06-13,8670,8930,8600,8610,271456,0.004667444574095736
2023-06-14,8620,8630,8480,8540,166407,-0.008130081300813052
2023-06-15,8540,8560,8350,8350,200184,-0.022248243559718994
2023-06-16,8400,8510,8400,8440,106763,0.010778443113772518
2023-06-19,8440,8580,8420,8520,75996,0.009478672985782088
2023-06-20,8520,8590,8460,8470,82921,-0.005868544600938996
2023-06-21,8510,8530,8340,8370,132663,-0.011806375442739103
2023-06-22,8440,8440,8310,8360,122159,-0.0011947431302270495
2023-06-23,8380,8440,8240,8310,139441,-0.005980861244019087
2023-06-26,8300,8380,8240,8320,95825,0.001203369434416457
2023-06-27,8320,8400,8260,8360,99439,0.004807692307692291
2023-06-28,8410,8410,8330,8360,86660,0.0
2023-06-29,8300,8370,8150,8150,173137,-0.02511961722488043
2023-06-30,8160,8280,8030,8210,236174,0.007361963190184007
2023-07-03,8200,8330,8190,8220,115404,0.0012180267965895553
2023-07-04,8180,8250,8090,8110,116410,-0.01338199513381999
2023-07-05,8110,8150,7960,7960,250856,-0.018495684340320562
2023-07-06,8000,8000,7640,7760,321647,-0.025125628140703515
2023-07-07,7760,7780,7650,7680,151247,-0.010309278350515427
2023-07-10,7580,7800,7580,7710,142388,0.00390625
2023-07-11,7770,7830,7710,7740,104110,0.0038910505836575737
2023-07-12,7800,7980,7750,7900,134015,0.02067183462532296
2023-07-13,7880,8220,7880,8080,264623,0.022784810126582178
2023-07-14,8080,8130,8020,8050,121320,-0.003712871287128716
2023-07-17,8120,8150,7990,8020,123355,-0.003726708074534124
2023-07-18,8090,8150,7930,7960,106618,-0.007481296758104716
2023-07-19,7990,8310,7950,8150,298719,0.023869346733668362
2023-07-20,8150,8320,8120,8140,123747,-0.0012269938650306678
2023-07-21,8070,8410,8070,8260,239469,0.014742014742014753
2023-07-24,8240,8240,7990,8060,237313,-0.02421307506053272
2023-07-25,8050,8070,7800,7830,202147,-0.028535980148883366
2023-07-26,7800,7800,7440,7570,402796,-0.033205619412515985
2023-07-27,7500,7920,7500,7920,252487,0.04623513870541607
2023-07-28,8080,8280,8070,8190,264601,0.03409090909090917
2023-07-31,8110,8280,8110,8210,130561,0.0024420024420024333
2023-08-01,8150,8730,8150,8670,524256,0.05602923264311821
2023-08-02,8680,8750,8510,8550,222613,-0.01384083044982698
2023-08-03,8510,9020,8490,8960,502752,0.04795321637426908
2023-08-04,8930,8980,8770,8870,199610,-0.010044642857142905
2023-08-07,8800,8960,8750,8800,216555,-0.007891770011273946
2023-08-08,8780,8930,8610,8690,165477,-0.012499999999999956
2023-08-09,8750,9140,8750,9110,564121,0.04833141542002295
2023-08-10,9110,9260,8990,9190,388792,0.008781558726673966
2023-08-11,9200,9210,9050,9120,147137,-0.007616974972796564
2023-08-14,9180,9190,8970,9140,165545,0.002192982456140413
2023-08-16,9160,9260,9010,9050,184483,-0.009846827133479175
2023-08-17,8990,9050,8760,8950,203043,-0.011049723756906049
2023-08-18,8800,8970,8770,8900,160106,-0.005586592178770999
2023-08-21,8900,9020,8840,8850,133456,-0.005617977528089901
2023-08-22,8850,9060,8770,8890,140600,0.004519774011299438
2023-08-23,8810,8940,8780,8800,119522,-0.010123734533183382
2023-08-24,8810,9050,8810,9000,173159,0.022727272727272707
2023-08-25,9040,9640,9000,9630,1124160,0.07000000000000006
2023-08-28,9630,9700,9070,9090,637007,-0.05607476635514019
2023-08-29,9120,9290,9110,9220,253338,0.014301430143014215
2023-08-30,9320,9420,9220,9270,188633,0.005422993492407713
2023-08-31,9270,9390,9130,9390,318397,0.012944983818770295
2023-09-01,9370,9380,9040,9040,213358,-0.03727369542066028
2023-09-04,9030,9090,8880,9030,214974,-0.0011061946902655162
2023-09-05,8990,10690,8950,9650,5297319,0.06866002214839417
2023-09-06,9560,9770,9350,9580,1074602,-0.007253886010362698
2023-09-07,9580,9770,9430,9500,814396,-0.008350730688935326
2023-09-08,9500,9860,9500,9770,839455,0.028421052631578902
2023-09-11,9860,10160,9670,10120,1233426,0.035823950870010224
2023-09-12,10200,10350,9950,10060,910968,-0.005928853754940677
2023-09-13,10060,10240,9960,10040,389305,-0.001988071570576566
2023-09-14,10050,10340,10030,10340,447647,0.029880478087649376
2023-09-15,10380,10380,10170,10250,324681,-0.008704061895551285
2023-09-18,10340,10560,10250,10550,586142,0.029268292682926855
2023-09-19,10550,10590,10280,10480,499697,-0.006635071090047351
2023-09-20,10500,10570,10190,10330,344474,-0.014312977099236623
2023-09-21,10180,10300,10110,10160,349058,-0.01645692158760892
2023-09-22,10080,10420,10050,10320,333803,0.015748031496062964
2023-09-25,10320,10380,10100,10150,325883,-0.016472868217054293
2023-09-26,10130,10230,9940,10020,296752,-0.012807881773398977
2023-09-27,9940,10160,9940,10100,221869,0.007984031936127733
2023-10-04,10140,10330,10000,10090,374436,-0.000990099009900991
2023-10-05,10140,10260,10000,10100,295543,0.0009910802775023875
2023-10-06,10100,10350,10050,10300,254366,0.01980198019801982
2023-10-10,10350,10460,10150,10220,349021,-0.007766990291262155
2023-10-11,10310,10500,10290,10360,249482,0.013698630136986356
2023-10-12,10480,10870,10340,10870,639298,0.049227799227799185
2023-10-13,10800,10800,10450,10580,429409,-0.026678932842686298
2023-10-16,10560,10680,10370,10620,340360,0.003780718336483968
2023-10-17,10630,10710,10400,10420,226870,-0.01883239171374762
2023-10-18,10490,10590,10120,10230,415556,-0.018234165067178454
2023-10-19,10140,10270,10050,10220,292857,-0.0009775171065493637
2023-10-20,10100,10150,9720,9810,331056,-0.04011741682974557
2023-10-23,9780,9950,9740,9850,175864,0.004077471967380175
2023-10-24,9850,9880,9540,9770,267933,-0.008121827411167515
2023-10-25,9800,9800,9460,9520,296518,-0.025588536335721557
2023-10-26,9420,9500,9150,9160,257449,-0.037815126050420145
2023-10-27,9130,9310,8960,9030,420224,-0.014192139737991272
2023-10-30,8960,9330,8950,9030,354133,0.0
2023-10-31,9120,9230,8860,9000,298970,-0.0033222591362126463
2023-11-01,9000,9060,8720,8780,317334,-0.02444444444444449
2023-11-02,8860,9110,8850,9080,178191,0.034168564920273425
2023-11-03,9120,9170,8960,9100,247776,0.0022026431718060735
2023-11-06,9230,9700,9220,9700,340105,0.06593406593406592
2023-11-07,9650,9700,9400,9460,177020,-0.024742268041237137
2023-11-08,9500,9710,9490,9710,161909,0.026427061310782207
2023-11-09,9750,9900,9620,9620,169456,-0.009268795056642687
2023-11-10,9560,9840,9490,9840,463989,0.022869022869022926
2023-11-13,9900,9980,9310,9380,514491,-0.0467479674796748
2023-11-14,9420,9600,9410,9490,146533,0.011727078891258014
2023-11-15,9600,9670,9500,9630,155663,0.01475237091675452
2023-11-16,9630,9700,9550,9600,130466,-0.0031152647975077885
2023-11-17,9610,9700,9540,9640,118165,0.004166666666666652
2023-11-20,9630,9870,9590,9710,183062,0.007261410788381717
2023-11-21,9780,9970,9710,9900,173162,0.019567456230690006
2023-11-22,9890,10170,9820,10100,246481,0.02020202020202011
2023-11-23,10210,10800,10140,10570,1188876,0.046534653465346576
2023-11-24,10570,10620,10010,10100,503874,-0.04446546830652787
2023-11-27,10090,10140,9830,9890,276137,-0.02079207920792081
2023-11-28,9890,10080,9820,9920,219008,0.0030333670374114163
2023-11-29,9920,9950,9590,9710,340814,-0.02116935483870963
2023-11-30,9660,9720,9480,9520,345555,-0.019567456230690006
2023-12-01,9570,9700,9430,9510,159652,-0.0010504201680672232
2023-12-04,9600,9670,9480,9600,179596,0.009463722397476282
2023-12-05,9600,9940,9530,9830,234182,0.023958333333333304
2023-12-06,9930,10090,9890,10080,281704,0.025432349949135347
2023-12-07,10090,10300,10020,10110,273005,0.0029761904761904656
2023-12-08,10140,10210,9940,9990,158135,-0.011869436201780381
2023-12-11,10210,11600,10200,11190,6011214,0.12012012012012008
2023-12-12,11100,12570,10870,11170,9733944,-0.0017873100983020196
2023-12-13,11070,11630,11050,11130,2022696,-0.0035810205908684
2023-12-14,11190,11550,11080,11190,2265779,0.005390835579514919
2023-12-15,11320,11430,10600,10970,989457,-0.01966041108132266
2023-12-18,10970,11200,10780,11040,629090,0.006381039197812299
2023-12-19,11020,11480,10970,11450,795117,0.0371376811594204
2023-12-20,11500,11510,11270,11390,615997,-0.005240174672489051
2023-12-21,11460,11460,11240,11310,516075,-0.0070237050043898686
2023-12-22,11320,11900,11310,11630,1322219,0.028293545534924913
2023-12-26,11760,12190,11530,11670,1164022,0.0034393809114359186
2023-12-27,11800,11910,11690,11830,528564,0.01371036846615259
2023-12-28,11900,11970,11700,11890,324109,0.00507185122569731
2024-01-02,11990,12000,11770,11780,362331,-0.009251471825063029
2024-01-03,11900,12160,11760,11970,727527,0.016129032258064502
2024-01-04,12000,12060,11520,11700,823347,-0.022556390977443663
2024-01-05,11610,11770,11300,11420,464152,-0.023931623931623958
2024-01-08,11410,11550,11300,11410,233263,-0.0008756567425569628
2024-01-09,11430,11600,11420,11460,184482,0.004382120946538226
2024-01-10,11520,11650,11340,11540,212801,0.00698080279232105
2024-01-11,11590,12270,11520,11610,838112,0.0060658578856152
2024-01-12,11610,12100,11600,11740,745281,0.011197243755383335
2024-01-15,11750,11800,11380,11460,277200,-0.023850085178875657
2024-01-16,11430,11620,11310,11500,253637,0.003490401396160525
2024-01-17,11470,11900,11400,11460,507612,-0.003478260869565264
2024-01-18,11550,11930,11420,11760,383204,0.02617801047120416
2024-01-19,11840,12050,11790,11900,462840,0.011904761904761862
2024-01-22,12020,12130,11830,12000,368071,0.008403361344537785
2024-01-23,12090,12550,11990,12300,940619,0.02499999999999991
2024-01-24,12350,12380,12040,12130,337420,-0.013821138211382089
2024-01-25,12350,12750,12250,12670,932235,0.04451772464962911
2024-01-26,12790,12800,12450,12570,352056,-0.007892659826361448
2024-01-29,12630,12910,12520,12580,580514,0.0007955449482894839
2024-01-30,12770,12880,12580,12820,467396,0.019077901430842648
2024-01-31,12850,12850,12000,12130,758069,-0.05382215288611547
2024-02-01,12130,12360,12040,12200,343974,0.00577081615828523
2024-02-02,12080,12380,12050,12080,387632,-0.00983606557377048
2024-02-05,12010,12510,11250,11310,882865,-0.0637417218543046
2024-02-06,11580,11950,11500,11900,736709,0.05216622458001763
2024-02-07,11790,12550,11610,12400,697599,0.04201680672268915
2024-02-08,12400,12400,12100,12110,306360,-0.023387096774193594
2024-02-13,12130,12240,12010,12180,204887,0.005780346820809301
2024-02-14,12120,12440,11950,12320,280557,0.011494252873563315
2024-02-15,12500,12500,12160,12200,251716,-0.009740259740259716
2024-02-16,12320,12320,12090,12120,143979,-0.006557377049180357
2024-02-19,12230,12960,12230,12640,1112294,0.04290429042904287
2024-02-20,12570,12570,12280,12400,316656,-0.01898734177215189
2024-02-21,12470,12590,12170,12200,264123,-0.016129032258064502
2024-02-22,12280,12280,12050,12100,223157,-0.008196721311475419
2024-02-23,12190,12370,12060,12110,320015,0.0008264462809917106
2024-02-26,12090,12420,12070,12260,274391,0.012386457473162693
2024-02-27,12320,12550,12170,12290,410851,0.002446982055464897
2024-02-28,12360,12390,12130,12200,229175,-0.007323026851098424
2024-02-29,12200,12270,11820,11890,300898,-0.025409836065573788
2024-03-04,11890,11940,11700,11820,227712,-0.005887300252312877
2024-03-05,11840,12200,11830,12060,272597,0.020304568527918843
2024-03-06,12230,12940,12200,12450,1456188,0.03233830845771135
2024-03-07,12510,12750,12240,12250,423691,-0.016064257028112428
2024-03-08,12250,12790,12250,12740,432205,0.040000000000000036
2024-03-11,12740,12940,12410,12430,391379,-0.024332810047095754
2024-03-12,12430,12930,12430,12740,566921,0.02493966210780374
2024-03-13,12750,13370,12750,13190,1342947,0.035321821036106815
2024-03-14,13220,13270,12940,13070,399157,-0.0090978013646702
2024-03-15,13110,13230,12890,12890,318009,-0.01377199693955622
2024-03-18,12890,13130,12880,13060,301602,0.013188518231187052
2024-03-19,13010,13340,12870,13300,435461,0.018376722817764257
2024-03-20,13480,13750,12930,13140,1209445,-0.012030075187969946
2024-03-21,13250,13540,13160,13310,444922,0.012937595129375978
2024-03-22,13310,13320,13060,13210,241420,-0.007513148009015813
2024-03-25,13150,13440,13060,13400,404849,0.014383043149129415
2024-03-26,13470,13530,13230,13470,444248,0.0052238805970148405
2024-03-27,13550,13550,13100,13180,311895,-0.02152932442464739
2024-03-28,13210,13360,13110,13210,262773,0.0022761760242793194
2024-03-29,13310,13320,12870,12940,280945,-0.020439061317183982
2024-04-01,12970,13110,12820,12860,191539,-0.0061823802163832875
2024-04-02,12830,12870,12540,12570,281286,-0.02255054432348369
2024-04-03,12500,12700,12410,12500,178120,-0.005568814638027053
2024-04-04,12500,12500,11800,11850,607585,-0.052000000000000046
2024-04-05,11800,11870,11580,11640,199287,-0.017721518987341756
2024-04-08,11640,11650,11410,11470,180981,-0.014604810996563522
2024-04-09,11470,11580,11280,11300,154325,-0.01482127288578905
2024-04-11,11200,11520,11070,11330,202171,0.0026548672566371057
2024-04-12,11430,11600,11330,11490,188816,0.014121800529567574
2024-04-15,11290,11510,11090,11190,215509,-0.026109660574412552
2024-04-16,11080,11160,10890,10980,213600,-0.018766756032171594
2024-04-17,11030,11170,10820,10820,128179,-0.014571948998178486
2024-04-18,10800,11280,10800,11210,192982,0.03604436229205166
2024-04-19,11200,11300,10940,11050,169042,-0.014272970561998166
2024-04-22,11050,11190,10960,11120,141087,0.0063348416289592535
2024-04-23,11200,11250,11070,11110,103410,-0.0008992805755395628
2024-04-24,11210,11210,10820,10910,241017,-0.018001800180017957
2024-04-25,10880,11120,10850,10950,153482,0.0036663611365719273
2024-04-26,10950,11030,10820,10930,105144,-0.0018264840182647957
2024-04-29,10910,11220,10870,11220,142790,0.02653247941445569
2024-04-30,11150,11270,11120,11150,96857,-0.0062388591800356386
2024-05-02,11120,11450,11120,11190,173961,0.0035874439461882623
2024-05-03,11350,11360,11050,11070,116087,-0.01072386058981234
2024-05-07,11150,11360,11150,11240,140248,0.015356820234869062
2024-05-08,11240,11400,11200,11280,92046,0.003558718861210064
2024-05-09,11340,11350,11130,11170,69777,-0.009751773049645363
2024-05-10,11190,11280,10900,11000,152566,-0.015219337511190645
2024-05-13,10950,11050,10890,11000,72652,0.0
2024-05-14,11040,11180,11010,11130,56495,0.011818181818181728
2024-05-16,11140,11270,11100,11120,77529,-0.0008984725965858198
2024-05-17,11060,11230,11060,11200,83103,0.007194244604316502
2024-05-20,11200,11200,10970,11040,97238,-0.014285714285714235
2024-05-21,10980,11070,10970,11070,61037,0.0027173913043478937
2024-05-22,11080,11100,10890,10920,88886,-0.013550135501354976
2024-05-23,10920,10970,10560,10570,212251,-0.03205128205128205
2024-05-24,10570,10680,10390,10580,83650,0.0009460737937558861
2024-05-27,10610,10610,10380,10440,152556,-0.013232514177693777
2024-05-28,10500,10620,10200,10480,137956,0.003831417624521105
2024-05-29,10480,10540,10300,10410,114973,-0.006679389312977069
2024-05-30,10350,10450,10250,10290,84110,-0.011527377521613813
2024-05-31,10290,10360,10210,10280,98747,-0.0009718172983479434
2024-06-03,10290,10570,10280,10340,100145,0.005836575875486361
2024-06-04,10400,10460,10330,10390,58727,0.004835589941972973
2024-06-05,10400,10400,10240,10330,60632,-0.005774783445620768
2024-06-07,10330,10440,10270,10340,60007,0.0009680542110357404
2024-06-10,10360,10360,10180,10220,70892,-0.011605415860735047
2024-06-11,10270,10270,10050,10070,93111,-0.014677103718199636
2024-06-12,10070,10130,10010,10050,75268,-0.0019860973187686426
2024-06-13,10060,10290,10060,10060,124027,0.0009950248756218638
2024-06-14,10070,10270,10050,10270,81144,0.020874751491053667
2024-06-17,10290,10290,10090,10200,112883,-0.006815968841285325
2024-06-18,10220,10340,10100,10210,87085,0.0009803921568627416
2024-06-19,10160,10200,10010,10090,95553,-0.01175318315377083
2024-06-20,10130,10680,10090,10610,270899,0.05153617443012881
2024-06-21,10510,10600,10100,10140,286926,-0.04429783223374173
2024-06-24,10080,10170,9690,9730,391587,-0.04043392504930965
2024-06-25,9730,9820,9600,9810,176934,0.008221993833504637
2024-06-26,9810,9810,9610,9670,121979,-0.014271151885830835
2024-06-27,9670,9670,9430,9430,213537,-0.024819027921406445
2024-06-28,9430,9740,9420,9600,155973,0.018027571580063517
2024-07-01,9560,9780,9560,9740,118976,0.014583333333333393
2024-07-02,9690,9810,9590,9700,115270,-0.004106776180698102
2024-07-03,9710,9790,9650,9690,71718,-0.0010309278350515427
2024-07-04,9680,9820,9640,9810,107406,0.01238390092879249
2024-07-05,9840,10300,9790,10170,402522,0.03669724770642202
2024-07-08,10170,10200,10080,10100,71859,-0.006882989183874089
2024-07-09,10060,10400,10060,10280,141357,0.017821782178217838
2024-07-10,10270,10720,10180,10480,344259,0.01945525291828787
2024-07-11,10450,10570,10300,10440,140181,-0.003816793893129722
2024-07-12,10380,10680,10360,10620,127833,0.01724137931034475
2024-07-15,10790,10790,10230,10400,210898,-0.020715630885122405
2024-07-16,10400,10620,10400,10490,152857,0.008653846153846123
2024-07-17,10420,10640,10420,10550,105749,0.0057197330791229906
2024-07-18,10550,11420,10400,10840,763577,0.027488151658767723
2024-07-19,10840,10840,10490,10570,92843,-0.024907749077490826
2024-07-22,10570,10660,10280,10400,177922,-0.016083254493850507
2024-07-23,10500,10750,10350,10520,152946,0.011538461538461497
2024-07-24,10390,10770,10390,10640,144149,0.011406844106463865
2024-07-25,10610,10730,10410,10450,130017,-0.017857142857142905
2024-07-26,10450,10760,10430,10680,126049,0.02200956937799048
2024-07-29,10620,10870,10620,10720,116734,0.0037453183520599342
2024-07-30,10830,10880,10660,10730,118914,0.000932835820895539
2024-07-31,10680,10900,10400,10450,134799,-0.026095060577819185
2024-08-01,10600,11080,10490,10970,251823,0.04976076555023923
2024-08-02,10950,10960,10580,10580,179658,-0.03555150410209662
2024-08-05,10450,10550,9210,9300,479523,-0.12098298676748587
2024-08-06,9200,9990,9190,9810,344782,0.05483870967741944
2024-08-07,9810,11400,9810,10870,1034754,0.10805300713557586
2024-08-08,10780,10950,10570,10780,256755,-0.008279668813247487
2024-08-09,10940,11050,10720,10790,138538,0.0009276437847867136
2024-08-12,10790,10900,10600,10700,198315,-0.008341056533827662
2024-08-13,10750,10750,10360,10490,130616,-0.01962616822429908
2024-08-14,10560,10590,10330,10500,130251,0.0009532888465204614
2024-08-16,10600,11070,10560,10910,287214,0.039047619047619
2024-08-19,11020,11260,10800,11100,210238,0.01741521539871682
2024-08-20,11220,11330,11110,11180,185943,0.007207207207207134
2024-08-21,11180,11400,10940,11090,182240,-0.00805008944543828
2024-08-22,11190,11200,10850,10880,153388,-0.018935978358881833
2024-08-23,10880,11060,10740,11000,131013,0.011029411764705843
2024-08-26,11110,11250,10800,11100,180719,0.009090909090909038
2024-08-27,11140,11140,10850,10930,113252,-0.01531531531531527
2024-08-28,10980,11660,10880,11510,750693,0.05306495882891116
2024-08-29,11510,11700,11310,11360,454353,-0.013032145960034769
2024-08-30,11360,11940,11320,11850,567212,0.04313380281690149
2024-09-02,11800,11800,11320,11390,311870,-0.03881856540084383
2024-09-03,11390,11430,11060,11100,247213,-0.025460930640913038
2024-09-04,10780,10850,10510,10720,273939,-0.03423423423423422
2024-09-05,10740,10850,10160,10310,292828,-0.03824626865671643
2024-09-06,10310,10390,10000,10080,210352,-0.022308438409311293
2024-09-09,9860,10510,9780,10380,264881,0.029761904761904656
2024-09-10,10400,10510,10280,10290,145594,-0.00867052023121384
2024-09-11,10360,10530,10250,10270,110282,-0.0019436345966957758
2024-09-12,10340,10490,10270,10400,101092,0.012658227848101333
2024-09-13,10400,10570,10270,10400,73050,0.0
2024-09-19,10440,10870,10440,10700,205991,0.028846153846153744
2024-09-20,10750,12480,10610,12290,2396976,0.1485981308411215
2024-09-23,12260,12420,12020,12090,820153,-0.016273393002441017
2024-09-24,12130,12210,11720,11900,502118,-0.01571546732837059
2024-09-25,11790,11860,10920,10990,864366,-0.07647058823529407
2024-09-26,10920,11260,10640,11070,650874,0.007279344858962755
2024-09-27,11110,11270,10800,10940,462488,-0.011743450767841002
2024-09-30,10940,11110,10700,10820,289401,-0.010968921389396757
2024-10-02,10700,10880,9900,10460,410637,-0.03327171903881698
2024-10-04,10540,10780,10450,10640,217609,0.017208413001912115
2024-10-07,10780,10780,10430,10600,236544,-0.003759398496240629
2024-10-08,10680,11890,10680,11080,1733847,0.04528301886792452
2024-10-10,11180,11510,11110,11450,774952,0.03339350180505418
2024-10-11,11470,11830,11330,11720,768240,0.02358078602620095
2024-10-14,11800,11950,11660,11790,608215,0.005972696245733822
2024-10-15,11790,11950,11470,11810,445438,0.0016963528413909135
2024-10-16,11900,12870,11500,11960,2181632,0.012701100762066098
2024-10-17,11890,11900,11450,11530,457765,-0.035953177257525115
2024-10-18,11530,11850,11450,11550,326957,0.0017346053772766545
2024-10-21,11770,11780,11540,11630,311747,0.006926406926407003
2024-10-22,11640,11640,11280,11400,273845,-0.019776440240756643
2024-10-23,11430,11540,10980,11110,445802,-0.025438596491228038
2024-10-24,11050,11200,10980,11110,143330,0.0
2024-10-25,11120,11150,10850,10930,197351,-0.016201620162016206
2024-10-28,10930,11060,10750,10970,217746,0.0036596523330283404
2024-10-29,11050,11080,10750,10900,184798,-0.006381039197812188
2024-10-30,10960,11200,10860,11040,178271,0.012844036697247763
2024-10-31,10920,11160,10850,11130,176539,0.008152173913043459
2024-11-01,11060,11060,10600,10650,299328,-0.04312668463611857
2024-11-04,10600,10850,10500,10850,355159,0.018779342723004744
2024-11-05,11290,11740,10910,11170,1411281,0.029493087557603603
2024-11-06,11120,11270,10730,10910,416825,-0.0232766338406446
2024-11-07,10920,11490,10920,11240,564652,0.030247479376718678
2024-11-08,11230,11320,11090,11090,173675,-0.013345195729537407
2024-11-11,11110,11130,10760,10910,281133,-0.0162308385933273
2024-11-12,10910,10910,10520,10580,345246,-0.030247479376718567
2024-11-13,10580,10940,10500,10560,289811,-0.001890359168241984
2024-11-14,10700,11500,10540,10870,923992,0.029356060606060552
2024-11-15,10770,10870,10480,10550,305766,-0.029438822447102164
2024-11-18,10430,10580,10140,10450,342888,-0.009478672985781977
2024-11-19,10450,10530,10320,10330,136229,-0.011483253588516762
2024-11-20,10320,10400,10190,10260,168280,-0.006776379477250738
2024-11-21,10220,10430,10220,10260,133498,0.0
2024-11-22,10270,10420,10010,10140,281619,-0.011695906432748537
2024-11-25,10140,10230,10080,10100,143253,-0.0039447731755424265
2024-11-26,10100,10310,10060,10300,158450,0.01980198019801982
2024-11-27,10310,10310,10000,10070,182739,-0.022330097087378653
2024-11-28,10040,10350,10020,10310,187114,0.02383316782522349
2024-11-29,10270,10270,10050,10180,171267,-0.012609117361784716
2024-12-02,10140,10300,10010,10040,133169,-0.013752455795677854
2024-12-03,10030,10280,10030,10190,125272,0.014940239043824688
2024-12-04,10000,10710,9950,10120,385064,-0.006869479882237517
2024-12-05,10230,10240,9930,9970,221943,-0.014822134387351804
2024-12-06,10040,10050,9660,9730,282225,-0.02407221664994985
2024-12-09,9640,9650,9180,9180,272657,-0.056526207605344325
2024-12-10,9240,9800,9230,9780,165156,0.065359477124183
2024-12-11,9750,9900,9620,9890,196110,0.011247443762781195
2024-12-12,9890,9980,9780,9810,216465,-0.008088978766430777
2024-12-13,10200,10650,9940,10260,996675,0.04587155963302747
2024-12-16,10330,10450,10230,10280,247015,0.0019493177387914784
2024-12-17,10370,11100,10330,10640,758133,0.035019455252918386
2024-12-18,10640,10670,10490,10620,175916,-0.001879699248120259
2024-12-19,10460,10520,10260,10260,226898,-0.03389830508474578
2024-12-20,10260,10290,10060,10100,239925,-0.015594541910331383
2024-12-23,10120,10230,10120,10220,145592,0.011881188118811892
2024-12-24,10220,10490,10200,10440,132377,0.021526418786692814
2024-12-26,10450,10520,10260,10270,96867,-0.016283524904214586
2024-12-27,10250,10430,10170,10210,112420,-0.0058422590068160085
2024-12-30,10200,10410,10180,10290,112956,0.007835455435847294
2025-01-02,10290,10400,10190,10270,106777,-0.0019436345966957758
2025-01-03,10270,10410,10230,10370,121032,0.009737098344693385
2025-01-06,10400,10710,10400,10680,172826,0.02989392478302788
2025-01-07,10710,10880,10640,10810,150631,0.01217228464419473
2025-01-08,10810,10910,10580,10600,172664,-0.01942645698427381
2025-01-09,10600,10710,10480,10600,106787,0.0
2025-01-10,10590,10720,10450,10550,78866,-0.004716981132075526
2025-01-13,10550,10620,10250,10260,138961,-0.027488151658767723
2025-01-14,10380,10700,10260,10300,163513,0.003898635477582957
2025-01-15,10300,10450,10300,10330,97196,0.002912621359223211
2025-01-16,10410,10510,10320,10360,78772,0.0029041626331074433
2025-01-17,10320,10440,10280,10360,89875,0.0
2025-01-20,10320,10320,10100,10180,134170,-0.01737451737451734
2025-01-21,10190,10280,10100,10180,117644,0.0
2025-01-22,10320,10700,10320,10610,292178,0.04223968565815328
2025-01-23,10700,10700,10400,10430,99063,-0.016965127238454336
2025-01-24,10430,10550,10360,10360,92226,-0.006711409395973145
2025-01-31,10340,10400,10110,10200,123434,-0.015444015444015413
2025-02-03,10100,10170,9970,10020,160195,-0.01764705882352946
2025-02-04,10020,10260,10020,10090,99047,0.00698602794411185
2025-02-05,10200,10230,10090,10180,82921,0.008919722497522375
2025-02-06,10220,10520,10210,10430,188373,0.024557956777996104
2025-02-07,10460,10460,10230,10230,116103,-0.019175455417066112
2025-02-10,10270,10310,10150,10210,101078,-0.0019550342130987275
2025-02-11,10240,10500,10230,10310,141174,0.009794319294809117
2025-02-12,10340,10370,10260,10260,81930,-0.004849660523763344
2025-02-13,10280,10300,10190,10210,102097,-0.004873294346978585
2025-02-14,10260,10340,10200,10220,122735,0.0009794319294809117
2025-02-17,10280,10380,10220,10340,116553,0.011741682974559797
2025-02-18,10340,10350,10170,10300,137941,-0.003868471953578312
2025-02-19,10310,10390,10260,10310,78008,0.000970873786407811
2025-02-20,10410,10410,10300,10330,79985,0.0019398642095054264
2025-02-21,10330,10440,10290,10380,78290,0.004840271055179146
2025-02-24,10370,10370,10140,10180,131310,-0.019267822736030782
2025-02-25,10150,10260,10080,10130,118662,-0.004911591355599265
2025-02-26,10130,10330,10110,10250,90862,0.011846001974333609
2025-02-27,10270,10270,10070,10180,89533,-0.006829268292682933
2025-02-28,10120,10120,9990,9990,190508,-0.018664047151277008
2025-03-04,10050,10050,9680,9730,258212,-0.026026026026025995
2025-03-05,9700,10040,9700,10020,178156,0.029804727646454365
2025-03-06,10000,10115,9920,10020,102677,0.0
2025-03-07,9940,10010,9790,9830,166183,-0.01896207584830334
2025-03-10,9840,9880,9740,9830,61292,0.0
2025-03-11,9670,9750,9610,9680,88851,-0.015259409969481164
2025-03-12,9680,9780,9650,9650,67374,-0.0030991735537190257
2025-03-13,9740,9740,9560,9570,77305,-0.00829015544041456
2025-03-14,9650,9710,9560,9640,47337,0.007314524555903867
2025-03-17,9650,9700,9440,9490,161960,-0.01556016597510368
2025-03-18,9530,9610,9490,9500,84553,0.0010537407797681642
2025-03-19,9510,9590,9440,9480,63380,-0.002105263157894721
2025-03-20,9500,9520,9320,9380,138966,-0.010548523206751037
2025-03-21,9390,9430,9270,9400,102348,0.002132196162046851
2025-03-24,9400,9520,9320,9380,84011,-0.0021276595744680327
2025-03-25,9410,9510,9370,9430,159191,0.005330490405117239
2025-03-26,9460,9460,9340,9390,94744,-0.0042417815482502785
2025-03-27,9350,9380,9190,9190,188949,-0.021299254526091604
2025-03-28,9220,9220,8990,9030,176733,-0.017410228509249226
2025-03-31,8980,8980,8620,8670,152491,-0.039867109634551534
2025-04-01,8720,8840,8670,8680,110994,0.0011534025374855261
2025-04-02,8770,8780,8300,8360,171293,-0.03686635944700456
2025-04-03,8300,8390,8130,8360,111757,0.0
2025-04-04,8300,8550,8200,8400,131443,0.004784688995215225
2025-04-07,8100,8190,7920,7980,146819,-0.050000000000000044
2025-04-08,8140,8170,8000,8040,73561,0.007518796992481258
2025-04-09,8030,8030,7680,7750,107592,-0.03606965174129351
2025-04-10,8060,8220,7990,8220,78866,0.06064516129032249
2025-04-11,8160,8290,8080,8260,58434,0.0048661800486617945
2025-04-14,8390,8480,8250,8470,70046,0.025423728813559254
2025-04-15,8500,8500,8350,8450,46813,-0.0023612750885477762
2025-04-16,8410,8550,8360,8370,51861,-0.009467455621301801
2025-04-17,8470,8510,8390,8490,32984,0.014336917562723928
2025-04-18,8510,8570,8410,8570,52693,0.009422850412249772
2025-04-21,8590,8670,8500,8620,59310,0.005834305717619559
2025-04-22,8610,8670,8520,8590,60373,-0.0034802784222738303
2025-04-23,8670,8670,8490,8550,173769,-0.00465657741559955
2025-04-24,8800,9290,8540,8580,363340,0.0035087719298245723
2025-04-25,8580,8580,8490,8520,73459,-0.006993006993006978
2025-04-28,8770,8770,8500,8520,170847,0.0
2025-04-29,8520,8660,8490,8600,84419,0.009389671361502261
2025-04-30,8550,8670,8450,8470,132546,-0.015116279069767424
2025-05-02,8470,8590,8400,8520,62482,0.005903187721369552
2025-05-07,8470,8480,8390,8440,86144,-0.009389671361502372
2025-05-08,8400,8550,8400,8510,70149,0.0082938388625593
2025-05-09,8530,8530,8420,8460,62909,-0.005875440658049347
2025-05-12,8520,8540,8410,8480,86906,0.0023640661938533203
2025-05-13,8550,9080,8430,8530,394638,0.005896226415094352
2025-05-14,8590,8610,8440,8510,107425,-0.0023446658851113966
2025-05-15,8520,8580,8440,8480,95702,-0.003525264394829586
2025-05-16,8450,8510,8340,8350,98854,-0.015330188679245293
2025-05-19,8350,8400,8270,8320,95783,-0.003592814371257469
2025-05-20,8350,8350,8240,8250,83250,-0.008413461538461564
2025-05-21,8300,8460,8300,8420,94432,0.020606060606060517
2025-05-22,8420,8610,8380,8490,113454,0.008313539192398967
2025-05-23,8550,8550,8420,8430,57946,-0.007067137809187329
2025-05-26,8430,8460,8360,8420,41137,-0.0011862396204033177
2025-05-27,8470,8520,8450,8500,64013,0.009501187648456089
2025-05-28,8550,8590,8510,8550,93427,0.00588235294117645
2025-05-29,8590,8730,8550,8730,124531,0.021052631578947434
2025-05-30,8700,8910,8670,8740,115825,0.001145475372279492
2025-06-02,8830,8830,8570,8620,89520,-0.013729977116704761
2025-06-04,8620,8680,8600,8650,66554,0.0034802784222738303
2025-06-05,8650,8750,8630,8650,58777,0.0
2025-06-09,8660,8870,8650,8820,97132,0.01965317919075149
2025-06-10,8830,8860,8750,8860,79685,0.0045351473922903285
2025-06-11,8870,8940,8840,8900,73249,0.004514672686230181
2025-06-12,8930,8930,8840,8910,98645,0.0011235955056179137
2025-06-13,8900,8910,8420,8510,228176,-0.04489337822671158
2025-06-16,8510,8530,8360,8460,66738,-0.005875440658049347
2025-06-17,8460,8490,8350,8400,128860,-0.007092198581560294
2025-06-18,8380,8390,8250,8320,121351,-0.00952380952380949
2025-06-19,8350,8350,8230,8280,115110,-0.004807692307692291
2025-06-20,8280,8400,8240,8330,84074,0.006038647342995196
2025-06-23,8320,8330,8080,8170,143373,-0.019207683073229287
2025-06-24,8240,8370,8240,8330,80748,0.019583843329253448
2025-06-25,8370,8450,8340,8400,80977,0.008403361344537785
2025-06-26,8420,8420,8200,8300,58724,-0.011904761904761862
2025-06-27,8330,8330,8150,8200,103047,-0.012048192771084376
2025-06-30,8250,8290,8190,8230,48079,0.003658536585365857
2025-07-01,8250,8360,8250,8330,64126,0.012150668286755817
2025-07-02,8330,8440,8300,8400,63179,0.008403361344537785
2025-07-03,8450,8520,8350,8500,80123,0.011904761904761862
2025-07-04,8540,8560,8360,8400,50441,-0.0117647058823529
2025-07-07,8460,8460,8330,8390,36199,-0.0011904761904761862
2025-07-08,8390,8440,8300,8390,58878,0.0
2025-07-09,8420,8450,8370,8440,79313,0.005959475566150285
2025-07-10,8490,8630,8460,8580,114041,0.016587677725118377
2025-07-11,8630,8680,8580,8640,104601,0.006993006993007089
2025-07-14,8610,8670,8500,8590,61909,-0.0057870370370370905
2025-07-15,8630,8670,8570,8630,61257,0.00465657741559955
2025-07-16,8640,8640,8400,8470,132872,-0.018539976825028948
2025-07-17,8520,8730,8450,8680,220378,0.024793388429751984
2025-07-18,8710,8710,8500,8630,102543,-0.005760368663594417
2025-07-21,8620,8630,8520,8590,63797,-0.004634994206257237
2025-07-22,8590,8670,8450,8490,84562,-0.011641443538998875
2025-07-23,8500,8530,8370,8470,62459,-0.002355712603062443
2025-07-24,8550,8900,8530,8600,252699,0.015348288075560879
2025-07-25,9710,9710,8830,8940,1981900,0.03953488372093017
2025-07-28,8880,9090,8530,8550,521801,-0.043624161073825496
2025-07-29,8590,8600,8350,8480,288553,-0.008187134502923965
2025-07-30,8360,8480,8350,8460,156313,-0.002358490566037763
2025-07-31,8510,8530,8390,8460,150848,0.0
2025-08-01,8460,8460,8200,8250,166054,-0.024822695035460973
2025-08-04,8180,8350,8150,8260,82996,0.00121212121212122
2025-08-05,8290,8380,8290,8320,102417,0.007263922518159882
2025-08-06,8300,8440,8260,8370,81302,0.006009615384615419
2025-08-07,8350,8410,8300,8400,66354,0.0035842293906809264
2025-08-08,8430,8480,8360,8410,67178,0.0011904761904761862
2025-08-11,8430,8460,8340,8390,49644,-0.0023781212841854638
2025-08-12,8390,8470,8350,8350,78637,-0.004767580452920139
2025-08-13,8420,8460,8350,8430,90349,0.009580838323353325
2025-08-14,8510,8630,8440,8550,185887,0.014234875444839812
2025-08-18,8530,8600,8410,8470,72989,-0.009356725146198785
2025-08-19,8420,8460,8290,8300,83068,-0.02007083825265643
2025-08-20,8220,8290,8100,8210,86701,-0.010843373493975905
2025-08-21,8160,8300,8160,8220,49827,0.0012180267965895553
2025-08-22,8220,8300,8190,8200,43782,-0.0024330900243308973
2025-08-25,8220,8330,8220,8270,39282,0.008536585365853666
2025-08-26,8230,8400,8230,8310,67238,0.0048367593712213
2025-08-27,8300,8360,8220,8360,64684,0.006016847172081841
2025-08-28,8320,8380,8290,8350,22530,-0.0011961722488038617
2025-08-29,8370,8420,8250,8350,47402,0.0
2025-09-01,8340,8340,8170,8180,50614,-0.02035928143712573
2025-09-02,8180,8280,8170,8250,28506,0.008557457212713837
2025-09-03,8230,8400,8230,8380,96996,0.01575757575757586
2025-09-04,8350,8460,8340,8430,57272,0.005966587112171906
2025-09-05,8520,8640,8480,8590,147953,0.018979833926453082
2025-09-08,8680,8750,8600,8660,117072,0.008149010477299212
2025-09-09,8650,8700,8550,8670,65996,0.0011547344110853786
2025-09-10,8640,8650,8550,8610,46534,-0.00692041522491349
2025-09-11,8660,8680,8550,8600,57769,-0.0011614401858304202
2025-09-12,8660,8700,8610,8610,102914,0.0011627906976743319
2025-09-15,8600,8670,8550,8670,67814,0.006968641114982521
2025-09-16,8710,8720,8620,8720,55382,0.005767012687427853
2025-09-17,8700,8700,8610,8660,54856,-0.006880733944954143
2025-09-18,8680,8700,8610,8650,58105,-0.0011547344110854896
2025-09-19,8660,8820,8620,8710,131840,0.006936416184971206
2025-09-22,8690,8850,8660,8850,98080,0.016073478760045834
2025-09-23,8840,8940,8700,8830,172077,-0.002259887005649719
2025-09-24,8780,8820,8600,8690,89881,-0.015855039637599044
2025-09-25,8680,8740,8540,8560,83474,-0.014959723820483273
2025-09-26,8570,8570,8260,8420,130412,-0.016355140186915862
2025-09-29,8400,8760,8400,8740,141261,0.03800475059382413
2025-09-30,8820,8820,8590,8720,98422,-0.0022883295194507935
2025-10-01,9600,9700,8750,8790,1312091,0.008027522935779796
2025-10-02,8780,8820,8590,8590,289160,-0.022753128555176305
2025-10-10,8610,8640,8490,8490,155971,-0.011641443538998875
2025-10-13,8270,8440,8270,8380,119860,-0.012956419316843326
2025-10-14,8400,8440,8310,8360,124739,-0.0023866348448687846
2025-10-15,8340,8480,8340,8360,109085,0.0
2025-10-16,8400,8480,8390,8390,81372,0.0035885167464115852
2025-10-17,8400,8420,8290,8330,132195,-0.007151370679380209
2025-10-20,8350,8540,8330,8540,98998,0.025210084033613356
2025-10-21,8540,8640,8520,8580,106005,0.004683840749414525
2025-10-22,8580,8620,8530,8610,98470,0.0034965034965035446
2025-10-23,8600,8630,8530,8540,69137,-0.008130081300813052
2025-10-24,8590,8600,8500,8530,80196,-0.0011709601873536313
2025-10-27,8570,8790,8550,8790,244465,0.030480656506447934
2025-10-28,8800,8910,8750,8840,168452,0.005688282138794021
2025-10-29,9030,9040,8760,8900,243910,0.006787330316742057
2025-10-30,9030,9080,8780,8840,149969,-0.006741573033707815
2025-10-31,8780,8940,8780,8830,153843,-0.0011312217194570096
2025-11-03,8860,8900,8770,8870,109660,0.0045300113250283935
2025-11-04,8850,9090,8760,8970,209291,0.011273957158962844
2025-11-05,8980,9000,8700,8950,196987,-0.0022296544035674826
2025-11-06,9000,9020,8840,8960,174442,0.0011173184357542443
2025-11-07,8850,8910,8460,8610,274879,-0.0390625
2025-11-10,8620,8790,8590,8750,95321,0.016260162601626105
2025-11-11,8780,8850,8580,8640,141093,-0.012571428571428567
2025-11-12,8740,8880,8700,8870,271781,0.02662037037037046
2025-11-13,8930,8970,8810,8860,164869,-0.0011273957158962622
2025-11-14,8800,9030,8700,8750,316635,-0.01241534988713322
2025-11-17,8830,8830,8670,8760,203982,0.0011428571428571122
2025-11-18,8760,8790,8430,8490,312077,-0.03082191780821919
