Date,Open,High,Low,Close,Volume,Change
2022-01-03,29950,30200,29700,29850,81641,-0.0016722408026755842
2022-01-04,29800,29850,29600,29800,90793,-0.0016750418760469454
2022-01-05,29700,29800,29500,29650,210673,-0.005033557046979831
2022-01-06,29650,29700,29200,29400,150056,-0.00843170320404718
2022-01-07,29300,29450,29050,29300,136754,-0.003401360544217691
2022-01-10,29250,29350,28900,29000,160312,-0.010238907849829393
2022-01-11,28850,29100,28600,28700,222968,-0.010344827586206917
2022-01-12,28850,29250,28800,29200,133852,0.017421602787456525
2022-01-13,29050,29300,29050,29100,83380,-0.003424657534246589
2022-01-14,28950,29000,28700,28900,140304,-0.0068728522336769515
2022-01-17,28800,29000,28400,28650,126023,-0.00865051903114189
2022-01-18,28650,28750,28200,28250,112556,-0.013961605584642212
2022-01-19,28250,28350,28050,28250,95496,0.0
2022-01-20,28250,28450,28050,28300,84165,0.001769911504424737
2022-01-21,28100,28150,27700,27850,124337,-0.01590106007067138
2022-01-24,27850,28350,27750,27950,114888,0.0035906642728904536
2022-01-25,27850,27950,27050,27100,152290,-0.030411449016100156
2022-01-26,27000,27450,26950,27050,110266,-0.0018450184501844769
2022-01-27,26900,27200,25850,25900,199827,-0.04251386321626616
2022-01-28,26000,26550,25600,26550,138320,0.025096525096525157
2022-02-03,26850,27700,26800,27350,122470,0.030131826741996326
2022-02-04,27100,28100,27100,28050,96586,0.025594149908592323
2022-02-07,28100,28350,27850,28200,116145,0.005347593582887722
2022-02-08,28400,28750,27700,27850,106702,-0.012411347517730542
2022-02-09,28000,28250,27900,28050,52321,0.007181328545780907
2022-02-10,28050,28500,28050,28350,89931,0.010695187165775444
2022-02-11,28350,28550,28100,28250,88471,-0.003527336860670194
2022-02-14,27900,28300,27800,28150,82866,-0.0035398230088495852
2022-02-15,28300,28300,27850,28100,65266,-0.001776198934280604
2022-02-16,28250,28600,28100,28450,85678,0.01245551601423478
2022-02-17,28400,28850,28200,28450,119080,0.0
2022-02-18,28300,29100,28100,29100,111262,0.02284710017574687
2022-02-21,29000,29150,28750,29050,72179,-0.0017182130584192379
2022-02-22,28650,28950,28400,28950,83296,-0.0034423407917383297
2022-02-23,29200,29200,28700,29050,85741,0.003454231433505983
2022-02-24,28750,29050,28600,28700,71723,-0.012048192771084376
2022-02-25,28850,29150,28700,28900,85168,0.006968641114982521
2022-02-28,28850,29150,28650,29050,65216,0.00519031141868509
2022-03-02,29100,29600,28900,29450,110731,0.013769363166953541
2022-03-03,29650,29800,29450,29600,91498,0.005093378607809784
2022-03-04,29700,29800,29450,29600,74152,0.0
2022-03-07,29400,29500,28850,29100,105338,-0.016891891891891886
2022-03-08,29050,29100,28650,28750,67156,-0.012027491408934665
2022-03-10,29600,30900,29350,30850,414521,0.07304347826086954
2022-03-11,30550,31000,30500,31000,153976,0.004862236628849326
2022-03-14,31000,31650,30700,31200,210645,0.006451612903225712
2022-03-15,31100,31200,30450,30750,112344,-0.014423076923076872
2022-03-16,31000,31450,30750,31450,130505,0.02276422764227637
2022-03-17,31650,31800,30950,30950,164276,-0.015898251192368873
2022-03-18,30900,31450,30850,31100,153953,0.004846526655896577
2022-03-21,31250,31650,31150,31400,120955,0.009646302250803762
2022-03-22,31400,31600,31250,31450,62015,0.0015923566878981443
2022-03-23,31550,31800,31450,31550,97828,0.0031796502384737746
2022-03-24,31600,32150,31450,32100,150700,0.017432646592709933
2022-03-25,32100,32450,32000,32050,138622,-0.0015576323987538387
2022-03-28,32000,32500,31900,32450,106937,0.012480499219968744
2022-03-29,32650,32850,32500,32650,135483,0.006163328197226425
2022-03-30,32850,32900,32400,32750,94004,0.003062787136294043
2022-03-31,32750,32800,32300,32400,83613,-0.010687022900763399
2022-04-01,32400,32750,32050,32600,114859,0.006172839506172867
2022-04-04,32800,33550,32650,33500,202611,0.027607361963190247
2022-04-05,33700,33700,33250,33600,110853,0.0029850746268655914
2022-04-06,33350,33700,33250,33650,102521,0.0014880952380953438
2022-04-07,33300,33550,32600,32750,145439,-0.026745913818722156
2022-04-08,32500,32950,32050,32550,125106,-0.006106870229007688
2022-04-11,32550,32900,32250,32500,75615,-0.001536098310291889
2022-04-12,32500,32850,32050,32250,102308,-0.007692307692307665
2022-04-13,32250,32850,32250,32750,78782,0.015503875968992276
2022-04-14,32700,33100,32700,32950,81852,0.006106870229007688
2022-04-15,32850,33150,32500,32950,97811,0.0
2022-04-18,33050,33300,32800,33150,91344,0.006069802731411222
2022-04-19,33450,33500,33150,33350,79297,0.006033182503770718
2022-04-20,33000,33900,33000,33700,118519,0.010494752623688264
2022-04-21,33900,34150,33700,34100,130464,0.011869436201780381
2022-04-22,33850,34100,33600,34000,91317,-0.0029325513196480912
2022-04-25,33400,33900,33300,33300,115001,-0.020588235294117685
2022-04-26,33500,33750,33150,33200,108614,-0.0030030030030030463
2022-04-27,32800,33000,32500,32850,93464,-0.010542168674698815
2022-04-28,32900,34150,32750,34150,130927,0.03957382039573831
2022-04-29,34250,34450,34100,34250,108770,0.002928257686676483
2022-05-02,33950,34400,33800,34300,77613,0.0014598540145984717
2022-05-03,34250,34350,34050,34300,83499,0.0
2022-05-04,34300,34550,34200,34350,93143,0.001457725947521915
2022-05-06,34050,34100,33650,33900,87341,-0.013100436681222738
2022-05-09,33750,34450,33400,33550,128368,-0.010324483775811188
2022-05-10,33000,33550,32750,33500,130638,-0.0014903129657227732
2022-05-11,33100,33350,32800,33050,133905,-0.013432835820895495
2022-05-12,32750,33800,32600,32900,122685,-0.004538577912254205
2022-05-13,33450,34900,33100,34900,424505,0.0607902735562309
2022-05-16,35000,35200,34600,34850,134680,-0.0014326647564469885
2022-05-17,34850,35200,34000,34200,208530,-0.0186513629842181
2022-05-18,34300,34600,34200,34200,109180,0.0
2022-05-19,33300,33750,33000,33500,119974,-0.020467836257309968
2022-05-20,33850,34400,33700,34200,94476,0.020895522388059806
2022-05-23,34250,34350,33850,34200,52319,0.0
2022-05-24,34050,34150,33600,33800,90986,-0.011695906432748537
2022-05-25,34000,34550,33800,34200,98329,0.01183431952662728
2022-05-26,34200,34600,34150,34200,78552,0.0
2022-05-27,34600,34800,34400,34700,98746,0.014619883040935644
2022-05-30,34900,35250,34850,35150,96262,0.012968299711815456
2022-05-31,35150,35400,34800,35100,98642,-0.0014224751066855834
2022-06-02,34750,35350,34600,35300,106235,0.005698005698005604
2022-06-03,35300,35800,35300,35750,138089,0.012747875354107707
2022-06-07,36000,36000,35750,35950,142649,0.005594405594405494
2022-06-08,36100,37000,35900,36800,290396,0.02364394993045904
2022-06-09,36850,37200,36050,36300,237209,-0.013586956521739135
2022-06-10,36000,36150,35300,35650,149259,-0.017906336088154284
2022-06-13,35050,35600,34700,35000,204983,-0.018232819074333828
2022-06-14,34850,36100,34700,35850,211922,0.024285714285714244
2022-06-15,35900,36250,35200,35400,146342,-0.012552301255230103
2022-06-16,35650,36200,35600,35800,160942,0.011299435028248483
2022-06-17,35050,36200,35050,35750,357460,-0.0013966480446927498
2022-06-20,35800,36250,35400,35500,158352,-0.006993006993006978
2022-06-21,36000,37300,35450,37050,334169,0.04366197183098586
2022-06-22,37100,37350,36600,36850,254984,-0.005398110661268607
2022-06-23,36750,37150,36000,36750,343299,-0.0027137042062415073
2022-06-24,36350,37100,36050,36400,225768,-0.00952380952380949
2022-06-27,36400,37050,36200,36850,222073,0.012362637362637319
2022-06-28,36850,37000,36500,36850,112006,0.0
2022-06-29,36550,37500,36550,37150,213739,0.008141112618724522
2022-06-30,37300,37850,36900,37300,242784,0.004037685060565233
2022-07-01,37750,38250,37350,37600,224041,0.008042895442359255
2022-07-04,37950,37950,36750,37350,170173,-0.0066489361702127825
2022-07-05,37450,37700,36600,37050,135764,-0.008032128514056214
2022-07-06,36850,36950,34400,34500,478926,-0.06882591093117407
2022-07-07,34900,35850,34550,35450,214054,0.02753623188405796
2022-07-08,36000,36000,34950,35050,171357,-0.01128349788434413
2022-07-11,35200,35250,33500,34050,281376,-0.02853067047075608
2022-07-12,34050,34500,33450,34250,174698,0.005873715124816492
2022-07-13,34400,34450,33050,33100,209650,-0.033576642335766405
2022-07-14,33150,33450,32700,32950,160242,-0.004531722054380682
2022-07-15,33100,33250,31800,32500,186341,-0.01365705614567525
2022-07-18,32800,34100,32800,33900,158559,0.04307692307692301
2022-07-19,34150,34150,33600,33600,77537,-0.008849557522123908
2022-07-20,34150,35450,33550,35100,252551,0.044642857142857206
2022-07-21,35100,35700,34750,34750,130552,-0.009971509971509973
2022-07-22,34850,35400,34800,35300,88754,0.015827338129496438
2022-07-25,35450,35950,35300,35800,91776,0.014164305949008416
2022-07-26,35800,37000,35800,36800,223457,0.027932960893854775
2022-07-27,36600,37200,36550,37150,146361,0.009510869565217295
2022-07-28,37400,37500,37100,37250,154654,0.0026917900403768957
2022-07-29,37450,37550,36900,37350,130868,0.0026845637583892135
2022-08-01,37100,37500,37100,37250,108106,-0.0026773761713521083
2022-08-02,37300,37350,36250,36350,179702,-0.024161073825503365
2022-08-03,36300,37200,36300,37150,138405,0.022008253094910613
2022-08-04,37150,37450,36700,37250,122776,0.0026917900403768957
2022-08-05,37400,37500,37050,37350,96307,0.0026845637583892135
2022-08-08,37400,37950,37150,37900,147168,0.014725568942436373
2022-08-09,38000,38400,37950,38250,157276,0.00923482849604218
2022-08-10,38400,39200,38250,39100,325351,0.022222222222222143
2022-08-11,39200,39200,38750,39150,169288,0.0012787723785165905
2022-08-12,39200,39400,38350,38900,225661,-0.0063856960408684715
2022-08-16,38950,39350,38900,39300,148672,0.010282776349614497
2022-08-17,39200,39450,38600,38950,154088,-0.008905852417302795
2022-08-18,38950,38950,37500,38900,146817,-0.0012836970474967568
2022-08-19,39100,39400,38750,39250,150847,0.008997429305912519
2022-08-22,39000,39350,38500,39000,159623,-0.006369426751592355
2022-08-23,38750,39150,38550,38900,93883,-0.002564102564102555
2022-08-24,38900,39200,38700,39150,137890,0.006426735218509005
2022-08-25,39150,40100,39150,40100,277290,0.024265644955300036
2022-08-26,40100,40900,40050,40650,229197,0.013715710723191998
2022-08-29,39500,40300,39500,40100,219667,-0.013530135301353052
2022-08-30,40200,41150,39900,41100,222245,0.02493765586034913
2022-08-31,41100,41650,40700,41450,317204,0.008515815085158085
2022-09-01,41500,41650,40700,41400,219926,-0.0012062726176115257
2022-09-02,41400,41450,40050,40950,267865,-0.010869565217391353
2022-09-05,40800,41000,40250,40450,208243,-0.012210012210012167
2022-09-06,40450,40900,40350,40550,102388,0.0024721878862794533
2022-09-07,40600,40600,39650,40300,175186,-0.006165228113440224
2022-09-08,39900,40900,39900,40900,199730,0.014888337468982549
2022-09-13,41250,41300,39600,40600,236670,-0.007334963325183352
2022-09-14,39500,40250,39250,39900,151908,-0.017241379310344862
2022-09-15,39850,40750,39600,39950,158526,0.0012531328320801727
2022-09-16,39950,40600,39600,39800,169553,-0.003754693366708417
2022-09-19,39400,39900,39000,39650,151263,-0.0037688442211055717
2022-09-20,39950,40000,39500,39800,94356,0.003783102143757988
2022-09-21,39800,40150,39400,39950,116745,0.0037688442211054607
2022-09-22,39850,40950,39300,40850,212830,0.02252816020025028
2022-09-23,40950,40950,39750,39950,171990,-0.022031823745410017
2022-09-26,39500,39700,38600,39450,254413,-0.01251564455569465
2022-09-27,39400,40000,38600,40000,238559,0.013941698352344822
2022-09-28,39650,40000,38250,38700,186463,-0.03249999999999997
2022-09-29,39100,39350,38300,38750,153676,0.0012919896640826156
2022-09-30,38000,38750,37800,38300,165823,-0.011612903225806437
2022-10-04,38400,38850,37900,38700,119190,0.010443864229765065
2022-10-05,39300,39300,38250,38900,144827,0.0051679586563306845
2022-10-06,38950,39200,37200,37250,196818,-0.042416452442159414
2022-10-07,37050,38050,36950,37950,268556,0.01879194630872494
2022-10-11,36800,37850,36800,37050,183387,-0.02371541501976282
2022-10-12,37000,39400,36850,39200,323023,0.05802968960863697
2022-10-13,39050,39350,37250,37400,177109,-0.04591836734693877
2022-10-14,38250,39250,38050,38800,193051,0.03743315508021383
2022-10-17,38400,39000,37800,39000,189682,0.005154639175257714
2022-10-18,39450,39450,38350,38700,158389,-0.007692307692307665
2022-10-19,38550,38700,35200,35300,766292,-0.08785529715762275
2022-10-20,35550,35800,34050,34200,539852,-0.031161473087818692
2022-10-21,34250,34450,31900,32100,863277,-0.06140350877192979
2022-10-24,32950,33850,32150,33550,503048,0.04517133956386288
2022-10-25,33900,33950,32800,33000,211057,-0.016393442622950838
2022-10-26,33000,33000,32150,32200,141371,-0.024242424242424288
2022-10-27,32500,32900,32300,32500,164136,0.009316770186335477
2022-10-28,32500,33650,32400,32950,145088,0.013846153846153841
2022-10-31,32950,33000,32350,32600,130549,-0.01062215477996964
2022-11-01,32550,34050,32450,33700,197219,0.033742331288343586
2022-11-02,33300,34250,33300,33900,120721,0.005934718100890191
2022-11-03,33450,34900,33400,34500,302109,0.017699115044247815
2022-11-04,34500,35800,34300,35650,169101,0.03333333333333344
2022-11-07,35600,35700,35000,35400,102949,-0.007012622720897643
2022-11-08,35400,35750,35100,35500,127210,0.0028248587570620654
2022-11-09,35600,35800,35100,35450,108603,-0.0014084507042253502
2022-11-10,35150,35800,35000,35500,139939,0.0014104372355430161
2022-11-11,35400,35950,33400,33500,766624,-0.05633802816901412
2022-11-14,33400,33800,32700,33500,318099,0.0
2022-11-15,33850,34000,33450,33850,216507,0.010447761194029903
2022-11-16,33900,33950,33100,33800,225301,-0.001477104874446078
2022-11-17,33550,33600,32250,32300,417637,-0.044378698224852076
2022-11-18,32300,32550,31400,31750,323871,-0.017027863777089758
2022-11-21,31450,32100,31000,32000,216051,0.007874015748031482
2022-11-22,31900,32000,31450,31600,150253,-0.012499999999999956
2022-11-23,31600,32300,31500,32300,160331,0.02215189873417711
2022-11-24,32300,32450,31750,31800,156623,-0.015479876160990669
2022-11-25,32000,32350,31750,31850,135056,0.0015723270440251014
2022-11-28,31750,31900,31350,31800,85203,-0.0015698587127158659
2022-11-29,31700,32550,31600,32400,102820,0.018867924528301883
2022-11-30,32500,33050,32100,32850,179918,0.01388888888888884
2022-12-01,33250,33250,32650,32650,114822,-0.0060882800608828
2022-12-02,32850,32850,31950,32000,117063,-0.019908116385911168
2022-12-05,32100,32250,31800,31950,106786,-0.0015625000000000222
2022-12-06,31650,32100,31550,32000,79823,0.0015649452269170805
2022-12-07,31850,33150,31850,32650,220327,0.020312499999999956
2022-12-08,32950,32950,32250,32600,130225,-0.0015313935681470214
2022-12-09,32850,33100,32500,32900,178209,0.009202453987730008
2022-12-12,32900,33000,32150,32500,119551,-0.012158054711246202
2022-12-13,32800,32850,32450,32750,104251,0.007692307692307665
2022-12-14,32950,32950,32500,32950,132889,0.006106870229007688
2022-12-15,32800,32850,32100,32150,113424,-0.02427921092564489
2022-12-16,31800,32400,31650,32350,318027,0.0062208398133747345
2022-12-19,32100,32450,32000,32200,67516,-0.004636785162287493
2022-12-20,32100,32350,31850,31900,87215,-0.009316770186335366
2022-12-21,32200,32350,31900,32100,74757,0.006269592476489061
2022-12-22,32100,32600,32100,32600,129835,0.015576323987538832
2022-12-23,32300,32600,32100,32350,142018,-0.0076687116564416735
2022-12-26,32450,32950,32350,32800,118891,0.01391035548686248
2022-12-27,32950,33000,32650,32950,191827,0.004573170731707377
2022-12-28,31850,32350,31850,32150,161840,-0.02427921092564489
2022-12-29,32000,32000,30750,30800,182971,-0.0419906687402799
2023-01-02,30500,31000,29900,30050,101063,-0.024350649350649345
2023-01-03,29700,30100,29250,29750,169004,-0.009983361064891838
2023-01-04,29350,30000,29350,29750,106450,0.0
2023-01-05,29850,30100,29650,30050,107963,0.010084033613445342
2023-01-06,29750,30900,29700,30600,144219,0.01830282861896837
2023-01-09,31050,32100,30850,31900,144199,0.042483660130719025
2023-01-10,31900,32450,31800,32300,121484,0.012539184952978122
2023-01-11,32400,32750,32400,32600,140661,0.009287925696594534
2023-01-12,32900,33200,32600,32600,136953,0.0
2023-01-13,32600,32950,32300,32650,105073,0.0015337423312884457
2023-01-16,32750,33000,32500,32600,109206,-0.0015313935681470214
2023-01-17,32600,32800,32300,32650,104138,0.0015337423312884457
2023-01-18,32600,33150,32300,33100,145184,0.013782542113323082
2023-01-19,32850,33350,32650,33250,118566,0.004531722054380571
2023-01-20,33050,33600,33000,33500,131182,0.007518796992481258
2023-01-25,33500,33650,33000,33200,132483,-0.008955223880596996
2023-01-26,33100,33100,32750,32950,116784,-0.0075301204819276935
2023-01-27,32750,33400,32750,33350,79937,0.012139605462822445
2023-01-30,33450,33450,32600,32600,111232,-0.022488755622188883
2023-01-31,32300,32850,32200,32350,67240,-0.0076687116564416735
2023-02-01,32400,32450,32050,32150,108201,-0.0061823802163832875
2023-02-02,32350,32500,31800,31850,148428,-0.009331259720062213
2023-02-03,31950,32100,31300,31950,122621,0.0031397174254317317
2023-02-06,32000,32650,31600,32250,128484,0.009389671361502261
2023-02-07,32250,32300,31800,31900,155224,-0.010852713178294615
2023-02-08,31900,32250,31750,32250,72756,0.01097178683385569
2023-02-09,32000,32150,31600,31600,152576,-0.020155038759689936
2023-02-10,31500,31550,31250,31450,83541,-0.004746835443038
2023-02-13,31450,31600,31250,31500,95227,0.0015898251192367763
2023-02-14,31550,31800,31450,31700,79405,0.006349206349206327
2023-02-15,31800,31800,30850,30850,118169,-0.02681388012618302
2023-02-16,31000,31250,30700,30800,101624,-0.0016207455429497752
2023-02-17,30650,31300,30500,31100,86865,0.009740259740259827
2023-02-20,31100,31200,30700,31100,67988,0.0
2023-02-21,31250,31600,31100,31350,112500,0.008038585209003246
2023-02-22,31300,31450,31050,31250,90612,-0.0031897926634768536
2023-02-23,31250,31350,30950,31000,103915,-0.008000000000000007
2023-02-24,30850,31200,30750,30850,80876,-0.004838709677419395
2023-02-27,30800,31050,30400,30850,119514,0.0
2023-02-28,30850,31200,30500,30650,113836,-0.00648298217179899
2023-03-02,30700,31000,30400,30650,114372,0.0
2023-03-03,30750,30800,30450,30550,79493,-0.0032626427406199365
2023-03-06,30700,30750,30350,30400,95421,-0.004909983633387904
2023-03-07,30450,30800,30250,30250,101575,-0.004934210526315819
2023-03-08,30100,30150,29850,29900,116355,-0.011570247933884281
2023-03-09,30000,30300,29850,30100,101383,0.006688963210702337
2023-03-10,29800,30050,29550,29650,130331,-0.014950166112956853
2023-03-13,29750,29950,28950,29450,154088,-0.006745362563237767
2023-03-14,29100,29250,28500,28700,166624,-0.025466893039049254
2023-03-15,28900,29350,28650,28650,147489,-0.0017421602787456303
2023-03-16,28500,28700,27850,28050,199037,-0.020942408376963373
2023-03-17,28250,28650,28100,28500,200598,0.016042780748663166
2023-03-20,28400,28800,28400,28700,96359,0.007017543859649145
2023-03-21,28800,28950,28600,28700,99681,0.0
2023-03-22,28800,28900,28250,28650,92002,-0.0017421602787456303
2023-03-23,28600,28600,28200,28300,125838,-0.012216404886561949
2023-03-24,28250,28300,27900,28000,135304,-0.010600706713780883
2023-03-27,28150,28200,27600,28000,97281,0.0
2023-03-28,27900,28650,27700,28350,97567,0.012499999999999956
2023-03-29,28500,28500,28000,28100,110781,-0.00881834215167554
2023-03-30,28200,28650,27850,28400,147745,0.01067615658362997
2023-03-31,28600,29000,28450,28750,162328,0.012323943661971759
2023-04-03,28800,28900,28300,28400,172375,-0.012173913043478257
2023-04-04,28450,29200,28450,29150,149606,0.02640845070422526
2023-04-05,28900,29350,28900,29000,128058,-0.005145797598627766
2023-04-06,29050,29900,28950,29200,290195,0.006896551724137945
2023-04-07,29500,30000,29250,29700,175697,0.017123287671232834
2023-04-10,29700,29750,29100,29400,171866,-0.010101010101010055
2023-04-11,29300,29950,29150,29700,179488,0.010204081632652962
2023-04-12,29750,29850,29400,29400,191961,-0.010101010101010055
2023-04-13,29300,29400,29050,29250,136732,-0.005102040816326481
2023-04-14,29300,29500,29150,29250,123988,0.0
2023-04-17,29150,29250,28900,29150,161360,-0.0034188034188034067
2023-04-18,29000,29100,28850,28950,125279,-0.006861063464837058
2023-04-19,28900,29350,28900,28950,157639,0.0
2023-04-20,28900,29100,28800,28800,125938,-0.005181347150259086
2023-04-21,28800,28850,28400,28850,137149,0.0017361111111111605
2023-04-24,28600,28850,28200,28300,137503,-0.01906412478336217
2023-04-25,28200,28400,27900,27950,140922,-0.012367491166077715
2023-04-26,27950,28100,27750,27950,99610,0.0
2023-04-27,27850,27950,27550,27700,148797,-0.008944543828264706
2023-04-28,27800,28000,27500,28000,166776,0.010830324909747224
2023-05-02,27650,28450,27650,28250,99157,0.008928571428571397
2023-05-03,28100,28300,28000,28050,62624,-0.0070796460176991705
2023-05-04,27950,28250,27850,28050,67571,0.0
2023-05-08,28150,28800,28100,28550,106975,0.017825311942959
2023-05-09,28700,28750,28500,28650,55196,0.003502626970227629
2023-05-10,28650,28800,28450,28450,59041,-0.006980802792321161
2023-05-11,28650,28800,28400,28450,73111,0.0
2023-05-12,28550,28550,28100,28250,74811,-0.007029876977152849
2023-05-15,28750,30500,28700,30250,784662,0.07079646017699126
2023-05-16,30050,30050,28850,28900,473827,-0.044628099173553704
2023-05-17,28900,28950,28500,28750,201578,-0.00519031141868509
2023-05-18,28950,29100,28750,28850,155474,0.003478260869565153
2023-05-19,28950,29150,28850,29050,160958,0.006932409012131657
2023-05-22,29100,29450,28950,29000,249589,-0.0017211703958691649
2023-05-23,29050,29150,28800,28850,155014,-0.005172413793103403
2023-05-24,28850,29000,28650,28900,76675,0.0017331022530329143
2023-05-25,28750,28900,28600,28600,107582,-0.01038062283737029
2023-05-26,28600,28700,28450,28600,95273,0.0
2023-05-30,28700,28850,28450,28450,104473,-0.005244755244755206
2023-05-31,28500,28750,28200,28200,138329,-0.008787346221441172
2023-06-01,28400,28450,28150,28200,97521,0.0
2023-06-02,28500,28500,28150,28450,71566,0.00886524822695045
2023-06-05,28500,28850,28500,28550,96330,0.0035149384885764245
2023-06-07,28750,29000,28600,28750,145675,0.007005253940455258
2023-06-08,28850,28900,28600,28700,86672,-0.0017391304347825765
2023-06-09,28800,28900,28550,28900,134823,0.006968641114982521
2023-06-12,28900,28950,28500,28600,102720,-0.01038062283737029
2023-06-13,28650,28650,28400,28400,144916,-0.006993006993006978
2023-06-14,28450,28450,28050,28150,149340,-0.008802816901408494
2023-06-15,28200,28250,27800,27800,183146,-0.01243339253996445
2023-06-16,27950,28200,27800,27900,139444,0.003597122302158251
2023-06-19,28050,28500,28050,28450,132106,0.019713261648745428
2023-06-20,28400,28650,27950,28000,176609,-0.01581722319859402
2023-06-21,28000,28000,27300,27450,268719,-0.019642857142857184
2023-06-22,27400,27500,27000,27100,220890,-0.012750455373406244
2023-06-23,27000,27000,25700,25750,564164,-0.04981549815498154
2023-06-26,25700,25850,25250,25600,194089,-0.005825242718446644
2023-06-27,25500,25750,25450,25600,111662,0.0
2023-06-28,25650,25800,25500,25600,86705,0.0
2023-06-29,25450,25500,24800,24800,260903,-0.03125
2023-06-30,24850,25250,24500,25000,106952,0.008064516129032251
2023-07-03,25050,25850,25050,25650,142132,0.026000000000000023
2023-07-04,25500,25550,24900,25000,166794,-0.025341130604288553
2023-07-05,24900,25150,24600,24700,139882,-0.01200000000000001
2023-07-06,24850,25100,24450,24850,139288,0.006072874493927127
2023-07-07,24700,24800,24350,24800,147509,-0.002012072434607659
2023-07-10,24900,24900,24450,24750,97796,-0.0020161290322581182
2023-07-11,24750,25000,24500,24650,161164,-0.004040404040404066
2023-07-12,24700,24850,24500,24850,105089,0.008113590263691739
2023-07-13,24950,25600,24850,25200,172588,0.014084507042253502
2023-07-14,25250,25600,25200,25450,111705,0.009920634920634885
2023-07-17,25300,25550,25150,25300,77804,-0.005893909626719096
2023-07-18,25300,25400,24850,25000,118585,-0.011857707509881465
2023-07-19,25050,25350,24900,25050,83476,0.0020000000000000018
2023-07-20,24950,25200,24850,25050,73935,0.0
2023-07-21,25000,25400,24900,25250,80915,0.007984031936127733
2023-07-24,25150,25250,24850,25000,103870,-0.00990099009900991
2023-07-25,25000,25050,24700,24950,106694,-0.0020000000000000018
2023-07-26,24850,24900,24200,24500,226944,-0.018036072144288595
2023-07-27,24450,25300,24450,25150,174275,0.026530612244898055
2023-07-28,24850,25800,24850,25350,116147,0.007952286282306265
2023-07-31,25500,25800,25400,25450,101479,0.0039447731755424265
2023-08-01,25300,26200,25300,26050,189969,0.023575638506876162
2023-08-02,25900,26250,25700,25800,90966,-0.009596928982725572
2023-08-03,25800,26050,25550,25650,117430,-0.005813953488372103
2023-08-04,25650,25900,25500,25750,82795,0.003898635477582957
2023-08-07,25950,26100,25750,25850,110015,0.003883495145631022
2023-08-08,26100,26100,25450,25650,130843,-0.007736943907156624
2023-08-09,25650,25850,25400,25600,76387,-0.0019493177387914784
2023-08-10,25650,26500,25650,26200,284561,0.0234375
2023-08-11,26300,26450,25900,26000,148169,-0.007633587786259555
2023-08-14,26000,26450,25800,26250,158216,0.009615384615384581
2023-08-16,26250,26250,25250,25350,175627,-0.03428571428571425
2023-08-17,25200,25300,24550,24700,220341,-0.02564102564102566
2023-08-18,24550,24700,24350,24500,104430,-0.0080971659919028
2023-08-21,24550,24950,24450,24800,100118,0.012244897959183598
2023-08-22,24750,24850,24500,24550,82997,-0.01008064516129037
2023-08-23,24550,24700,24450,24550,69857,0.0
2023-08-24,24600,24750,24300,24450,120956,-0.004073319755600768
2023-08-25,24250,24450,24200,24450,84447,0.0
2023-08-28,24500,24900,24500,24850,94523,0.01635991820040905
2023-08-29,24900,25200,24850,25150,75726,0.012072434607645954
2023-08-30,25200,25250,24950,25000,108731,-0.005964214711729587
2023-08-31,25000,25150,24750,24950,89122,-0.0020000000000000018
2023-09-01,24800,25350,24800,24900,96424,-0.002004008016032066
2023-09-04,24800,25250,24700,25200,60091,0.012048192771084265
2023-09-05,25150,25250,24900,24950,44017,-0.009920634920634885
2023-09-06,24850,24950,24600,24700,95016,-0.01002004008016033
2023-09-07,24700,24800,24450,24600,78628,-0.004048582995951455
2023-09-08,24500,24850,24500,24800,91397,0.008130081300812941
2023-09-11,24800,25500,24800,25450,178940,0.02620967741935476
2023-09-12,25500,25700,25400,25450,87294,0.0
2023-09-13,25300,25850,25150,25700,164255,0.00982318271119853
2023-09-14,25800,26350,25600,26150,311204,0.017509727626459082
2023-09-15,26250,26400,25800,26350,259080,0.007648183556405286
2023-09-18,26200,26900,26100,26650,194783,0.011385199240986799
2023-09-19,26650,26850,26400,26550,160805,-0.0037523452157598447
2023-09-20,26500,26850,26500,26650,110623,0.0037664783427495685
2023-09-21,26500,26950,26350,26700,175515,0.0018761726078799779
2023-09-22,26650,26800,26300,26450,136197,-0.009363295880149836
2023-09-25,26700,26700,25650,25900,148992,-0.020793950850661602
2023-09-26,25700,26000,25550,25700,79056,-0.007722007722007707
2023-09-27,25500,25650,25300,25450,86160,-0.009727626459143934
2023-10-04,25300,25400,24750,25050,179169,-0.015717092337917515
2023-10-05,25100,25400,25000,25200,89208,0.0059880239520957446
2023-10-06,25300,25700,25100,25650,93096,0.017857142857142794
2023-10-10,26000,26600,25900,26250,248880,0.023391812865497075
2023-10-11,26500,26500,25950,26250,108079,0.0
2023-10-12,26500,26800,26250,26700,166470,0.017142857142857126
2023-10-13,26400,26800,26400,26450,84684,-0.009363295880149836
2023-10-16,26450,26650,26150,26300,139321,-0.005671077504725952
2023-10-17,26500,26700,26150,26350,86602,0.0019011406844107182
2023-10-18,26350,26450,26050,26200,471055,-0.005692599620493399
2023-10-19,26050,26050,25450,25850,86956,-0.013358778625954248
2023-10-20,25500,25650,24800,25100,221798,-0.029013539651837505
2023-10-23,25100,25800,24900,25100,96211,0.0
2023-10-24,25200,25200,24600,24850,110018,-0.009960159362549792
2023-10-25,25000,26150,24950,26000,228480,0.046277665995975825
2023-10-26,25700,25900,25200,25300,105031,-0.02692307692307694
2023-10-27,25550,25600,25100,25100,70982,-0.007905138339920903
2023-10-30,25000,25850,25000,25850,77467,0.029880478087649376
2023-10-31,25950,26200,25750,26000,83437,0.005802707930367523
2023-11-01,26000,26550,25950,26500,131408,0.019230769230769162
2023-11-02,26650,26700,26200,26350,113618,-0.005660377358490565
2023-11-03,26400,26600,26350,26550,52395,0.007590132827324458
2023-11-06,26850,27000,26550,27000,160197,0.016949152542372836
2023-11-07,26900,27300,26750,27200,130651,0.007407407407407307
2023-11-08,27250,27600,27200,27500,181663,0.011029411764705843
2023-11-09,27500,28050,27350,28000,194694,0.018181818181818077
2023-11-10,27750,29250,27750,29150,474072,0.04107142857142865
2023-11-13,29250,29600,28900,29050,259211,-0.0034305317324184736
2023-11-14,29250,29350,29050,29300,123837,0.008605851979345935
2023-11-15,29600,29600,28750,29100,210130,-0.0068259385665528916
2023-11-16,29050,29450,29000,29250,108933,0.005154639175257714
2023-11-17,29300,29350,29100,29250,89067,0.0
2023-11-20,29200,29200,28650,29000,117790,-0.008547008547008517
2023-11-21,29000,29400,28950,29350,90794,0.012068965517241459
2023-11-22,29100,29350,28850,29050,103698,-0.010221465076660996
2023-11-23,29100,29350,29000,29300,70623,0.008605851979345935
2023-11-24,29300,29450,28950,29300,80553,0.0
2023-11-27,29250,29350,28950,29100,56278,-0.0068259385665528916
2023-11-28,29250,29250,28700,28700,86870,-0.013745704467353903
2023-11-29,28550,28600,27650,27700,218915,-0.03484320557491294
2023-11-30,27650,28250,27650,28000,94101,0.010830324909747224
2023-12-01,28050,28350,27950,28000,77482,0.0
2023-12-04,28200,28300,27900,28000,50335,0.0
2023-12-05,27850,28650,27750,28250,80354,0.008928571428571397
2023-12-06,28250,28500,28150,28200,51347,-0.001769911504424737
2023-12-07,28150,28300,27900,28050,60239,-0.005319148936170248
2023-12-08,28100,28200,27800,27950,66267,-0.0035650623885917776
2023-12-11,28200,28200,27900,28100,43296,0.005366726296958779
2023-12-12,28150,28350,28000,28100,57759,0.0
2023-12-13,28300,28350,28050,28150,76243,0.001779359430605032
2023-12-14,28400,28400,28000,28000,149974,-0.005328596802841923
2023-12-15,28000,28300,27850,28050,172136,0.0017857142857142794
2023-12-18,27900,28050,27550,27900,92406,-0.005347593582887722
2023-12-19,27750,28000,27750,27900,63151,0.0
2023-12-20,28050,28450,27900,28350,151241,0.016129032258064502
2023-12-21,28250,28450,28050,28450,93875,0.003527336860670305
2023-12-22,28450,28450,28150,28250,133230,-0.007029876977152849
2023-12-26,28400,28750,28150,28750,278027,0.017699115044247815
2023-12-27,27800,28050,26750,27050,275518,-0.05913043478260871
2023-12-28,26800,27050,26750,27050,128069,0.0
2024-01-02,26900,26950,26300,26350,152483,-0.025878003696857665
2024-01-03,26250,26300,25650,25850,149573,-0.018975332068311146
2024-01-04,25850,25950,25150,25300,171057,-0.021276595744680882
2024-01-05,25300,25350,24900,25050,164081,-0.00988142292490124
2024-01-08,25150,25250,24750,24850,131005,-0.007984031936127733
2024-01-09,25100,25250,25000,25200,78392,0.014084507042253502
2024-01-10,25250,25400,25000,25300,87436,0.003968253968253954
2024-01-11,25400,25700,25250,25450,122148,0.005928853754940677
2024-01-12,25600,25650,25300,25500,73511,0.0019646365422396617
2024-01-15,25350,25750,25350,25500,90363,0.0
2024-01-16,25400,25450,25000,25150,81478,-0.013725490196078383
2024-01-17,25150,25200,24700,25100,145166,-0.001988071570576566
2024-01-18,24950,25000,24700,24800,77487,-0.01195219123505975
2024-01-19,24850,24950,24400,24500,155491,-0.012096774193548376
2024-01-22,24450,24600,24300,24500,72686,0.0
2024-01-23,24500,24950,24400,24800,77809,0.012244897959183598
2024-01-24,24800,24950,24650,24750,40535,-0.0020161290322581182
2024-01-25,24800,25650,24750,25550,148735,0.03232323232323231
2024-01-26,25500,25650,25300,25400,77298,-0.005870841487279899
2024-01-29,25400,27100,25400,26800,368908,0.055118110236220375
2024-01-30,27150,29000,27050,28300,838848,0.05597014925373145
2024-01-31,28300,29100,28200,29050,431474,0.026501766784452263
2024-02-01,29100,33000,29050,31250,3182501,0.07573149741824436
2024-02-02,31850,32500,30300,31600,1383198,0.011200000000000099
2024-02-05,31300,32000,30500,31700,631394,0.0031645569620253333
2024-02-06,31350,32150,31000,31450,450244,-0.007886435331230235
2024-02-07,31250,33450,31100,33350,850936,0.060413354531001495
2024-02-08,33400,33700,32600,33100,513509,-0.007496251874062998
2024-02-13,33250,33750,32750,33000,501919,-0.0030211480362537513
2024-02-14,32500,32700,31300,31700,480501,-0.039393939393939426
2024-02-15,31600,31850,29900,30150,650507,-0.04889589905362779
2024-02-16,30450,30750,29850,30500,426504,0.011608623548922115
2024-02-19,30700,32850,30650,32500,710854,0.06557377049180335
2024-02-20,32700,32750,31550,31750,339260,-0.023076923076923106
2024-02-21,31950,32300,30450,30650,355331,-0.03464566929133861
2024-02-22,30850,30850,29900,30600,307521,-0.0016313213703099683
2024-02-23,30450,31000,30150,30500,293132,-0.0032679738562091387
2024-02-26,30000,30200,28200,28800,589754,-0.05573770491803276
2024-02-27,28700,28700,28200,28350,197616,-0.015625
2024-02-28,28650,29900,28200,29700,320118,0.04761904761904767
2024-02-29,30100,30350,29500,30200,748578,0.01683501683501687
2024-03-04,30550,30750,29750,29950,232674,-0.008278145695364225
2024-03-05,30150,30900,29850,30200,305138,0.008347245409014992
2024-03-06,29650,30150,29450,29850,146832,-0.011589403973509937
2024-03-07,29950,30000,29400,29850,132269,0.0
2024-03-08,30000,30050,29650,29850,111753,0.0
2024-03-11,29600,29900,29300,29550,114817,-0.01005025125628145
2024-03-12,29600,29700,28000,28350,330644,-0.040609137055837574
2024-03-13,28450,28450,27800,28150,162953,-0.007054673721340388
2024-03-14,28150,29000,28100,28800,219592,0.023090586145648295
2024-03-15,28800,29100,28000,28650,239609,-0.00520833333333337
2024-03-18,29050,29050,28050,28800,164937,0.005235602094240788
2024-03-19,28650,29400,28650,28800,156483,0.0
2024-03-20,29050,29450,28700,28850,126662,0.0017361111111111605
2024-03-21,29050,29400,28950,29100,134572,0.008665511265164572
2024-03-22,28950,29500,28800,28950,129484,-0.005154639175257714
2024-03-25,28850,29000,28000,28200,177463,-0.025906735751295318
2024-03-26,28400,28700,28300,28500,103252,0.010638297872340496
2024-03-27,28250,28500,28150,28150,126540,-0.012280701754386003
2024-03-28,28200,28350,27600,27850,205179,-0.010657193605683846
2024-03-29,27850,27900,27000,27150,232567,-0.025134649910233398
2024-04-01,27200,27450,26950,27400,107654,0.009208103130755152
2024-04-02,27150,27400,27000,27200,92423,-0.007299270072992692
2024-04-03,27150,27450,26900,27300,149569,0.003676470588235281
2024-04-04,27450,27550,27100,27200,132623,-0.00366300366300365
2024-04-05,27000,27150,26700,26750,134479,-0.016544117647058876
2024-04-08,26750,26750,26350,26350,102119,-0.01495327102803734
2024-04-09,26600,27050,26450,26500,101910,0.005692599620493288
2024-04-11,26000,26800,25750,26100,284727,-0.015094339622641506
2024-04-12,25900,26100,25500,25700,159560,-0.01532567049808431
2024-04-15,25500,25850,25400,25800,73056,0.0038910505836575737
2024-04-16,25550,25700,24950,25150,163491,-0.025193798449612448
2024-04-17,25350,25400,24950,24950,135999,-0.007952286282306154
2024-04-18,25100,25450,25000,25400,80484,0.018036072144288484
2024-04-19,25200,25400,25050,25200,128241,-0.007874015748031482
2024-04-22,25500,26550,25500,26450,159093,0.04960317460317465
2024-04-23,26400,26900,26200,26800,101455,0.013232514177693666
2024-04-24,27000,27200,26500,26500,106336,-0.011194029850746245
2024-04-25,26550,27350,26550,27050,128057,0.020754716981132182
2024-04-26,27100,27200,26750,27150,70394,0.003696857670979714
2024-04-29,27000,27800,27000,27700,108036,0.0202578268876612
2024-04-30,27500,28000,27500,27700,93227,0.0
2024-05-02,27750,27850,26750,27000,150346,-0.02527075812274371
2024-05-03,27000,27100,26550,26850,60302,-0.005555555555555536
2024-05-07,26950,27200,26850,26900,65961,0.0018621973929235924
2024-05-08,26900,27000,26750,27000,43458,0.0037174721189590088
2024-05-09,26950,27150,26600,26600,89737,-0.014814814814814836
2024-05-10,27000,27250,26850,27200,81088,0.022556390977443552
2024-05-13,27250,27250,26750,26850,60352,-0.012867647058823484
2024-05-14,26800,27100,26550,26850,117982,0.0
2024-05-16,27100,27300,26700,26900,102440,0.0018621973929235924
2024-05-17,26750,26800,26550,26600,68528,-0.01115241635687736
2024-05-20,26750,26850,26450,26550,76271,-0.001879699248120259
2024-05-21,26350,26550,26000,26050,96277,-0.01883239171374762
2024-05-22,26050,26250,25850,26050,49507,0.0
2024-05-23,25900,26050,25850,25900,72994,-0.0057581573896353655
2024-05-24,25750,25900,25450,25550,122050,-0.013513513513513487
2024-05-27,25550,26100,25550,26000,105661,0.017612524461839474
2024-05-28,25950,26000,25700,25800,69447,-0.007692307692307665
2024-05-29,25600,25750,25300,25750,94263,-0.0019379844961240345
2024-05-30,25500,25750,25250,25450,155520,-0.011650485436893177
2024-05-31,25700,26150,25600,26150,155617,0.027504911591355707
2024-06-03,26150,26200,25700,25750,134339,-0.015296367112810683
2024-06-04,25600,25750,25300,25400,149536,-0.013592233009708687
2024-06-05,25400,25550,25300,25400,113972,0.0
2024-06-07,25450,25700,25250,25400,289708,0.0
2024-06-10,25250,25450,25100,25300,157675,-0.003937007874015741
2024-06-11,25300,25400,24950,25050,245801,-0.00988142292490124
2024-06-12,25100,25250,25000,25200,232764,0.0059880239520957446
2024-06-13,25200,25400,25050,25050,323757,-0.005952380952380931
2024-06-14,25050,25300,24950,25000,211406,-0.001996007984031989
2024-06-17,25000,25050,24600,24750,221172,-0.010000000000000009
2024-06-18,24700,24850,24550,24600,199025,-0.0060606060606061
2024-06-19,24750,24800,24500,24750,149622,0.0060975609756097615
2024-06-20,24800,25050,24650,25000,192965,0.010101010101010166
2024-06-21,25050,25250,24850,25050,99627,0.0020000000000000018
2024-06-24,25100,25200,24900,25000,130060,-0.001996007984031989
2024-06-25,25150,25150,24750,24800,164051,-0.008000000000000007
2024-06-26,24850,24850,24500,24650,136179,-0.006048387096774244
2024-06-27,24550,24600,24300,24400,223757,-0.010141987829614618
2024-06-28,24400,25250,24400,25200,224806,0.032786885245901676
2024-07-01,25100,25150,24800,25050,63677,-0.005952380952380931
2024-07-02,24850,25050,24600,24850,122742,-0.007984031936127733
2024-07-03,24950,25000,24750,24850,78102,0.0
2024-07-04,25000,25400,24850,25250,179411,0.016096579476861272
2024-07-05,25400,25500,25150,25150,255434,-0.003960396039603964
2024-07-08,25100,25150,24850,25050,95897,-0.003976143141153132
2024-07-09,25200,25250,24900,25000,136212,-0.001996007984031989
2024-07-10,24900,25000,24650,24750,140024,-0.010000000000000009
2024-07-11,24850,24900,24600,24750,227776,0.0
2024-07-12,24750,25150,24700,25150,208120,0.016161616161616266
2024-07-15,25200,25250,24800,24900,138095,-0.00994035785288272
2024-07-16,24950,24950,24650,24700,132363,-0.008032128514056214
2024-07-17,24750,24950,24700,24900,98516,0.00809716599190291
2024-07-18,24900,24950,24650,24950,134948,0.002008032128514081
2024-07-19,24800,24850,24650,24750,95368,-0.008016032064128265
2024-07-22,24750,24800,24500,24550,109644,-0.008080808080808133
2024-07-23,24600,24650,24400,24400,91417,-0.006109979633401208
2024-07-24,24400,24550,24350,24500,63179,0.004098360655737654
2024-07-25,24500,24500,24300,24450,94260,-0.0020408163265306367
2024-07-26,24450,24750,24400,24600,66743,0.006134969325153339
2024-07-29,24550,24750,24550,24750,88939,0.0060975609756097615
2024-07-30,24600,24750,24400,24500,115676,-0.010101010101010055
2024-07-31,24500,24750,24450,24700,86588,0.008163265306122547
2024-08-01,24700,25150,24650,25050,198131,0.014170040485830038
2024-08-02,24750,24900,24600,24700,128388,-0.013972055888223589
2024-08-05,24550,24550,22450,23150,475677,-0.06275303643724695
2024-08-06,23350,23950,23050,23300,208607,0.00647948164146861
2024-08-07,23100,23700,23050,23350,100062,0.0021459227467810482
2024-08-08,23200,23800,23100,23450,120086,0.004282655246252709
2024-08-09,23600,23700,23400,23400,80704,-0.002132196162046962
2024-08-12,23500,23850,23450,23800,54124,0.017094017094017033
2024-08-13,23750,23900,23550,23650,48509,-0.006302521008403339
2024-08-14,23800,23900,23500,23700,98053,0.0021141649048626032
2024-08-16,23900,24000,23550,23600,92881,-0.00421940928270037
2024-08-19,23650,23850,23600,23800,42174,0.008474576271186418
2024-08-20,23850,23900,23650,23700,70091,-0.004201680672268893
2024-08-21,23750,24000,23650,23900,89674,0.00843881856540074
2024-08-22,23950,24000,23750,23900,54432,0.0
2024-08-23,23900,24350,23900,24250,91559,0.014644351464435212
2024-08-26,24350,24400,24200,24300,49435,0.0020618556701030855
2024-08-27,24500,24800,24350,24700,167885,0.016460905349794164
2024-08-28,24700,24800,24300,24450,78642,-0.010121457489878583
2024-08-29,24200,24450,24000,24300,62746,-0.006134969325153339
2024-08-30,24450,24750,24150,24750,98147,0.0185185185185186
2024-09-02,24650,24750,24350,24500,67064,-0.010101010101010055
2024-09-03,24600,25400,24550,25150,300523,0.026530612244898055
2024-09-04,24750,24800,24200,24350,152387,-0.031809145129224614
2024-09-05,24350,24700,24050,24250,122664,-0.004106776180698102
2024-09-06,24450,24450,23750,24000,100176,-0.010309278350515427
2024-09-09,23650,23950,23400,23950,97841,-0.002083333333333326
2024-09-10,23850,24150,23700,23750,56329,-0.008350730688935326
2024-09-11,23900,23900,23600,23800,54613,0.002105263157894832
2024-09-12,23800,24100,23700,23900,103666,0.004201680672268893
2024-09-13,23850,24350,23800,24150,68715,0.010460251046025215
2024-09-19,24350,24500,24100,24350,77682,0.008281573498964745
2024-09-20,24350,25000,24300,25000,278481,0.026694045174537884
2024-09-23,25100,25100,24800,24950,80995,-0.0020000000000000018
2024-09-24,25100,25100,24800,25100,59748,0.006012024048096087
