Date,Open,High,Low,Close,Volume,Change
2022-01-03,9230,9230,8910,9010,111526,-0.017448200654307522
2022-01-04,9080,9080,8850,8980,73965,-0.0033296337402886067
2022-01-05,9050,9050,8850,8890,169360,-0.010022271714922093
2022-01-06,8870,8970,8690,8890,88894,0.0
2022-01-07,9060,9060,8920,8960,31506,0.007874015748031482
2022-01-10,8860,9080,8860,8970,32545,0.0011160714285713969
2022-01-11,9000,9000,8800,8820,106869,-0.01672240802675584
2022-01-12,8800,9000,8650,8750,64841,-0.007936507936507908
2022-01-13,8780,8780,8490,8660,102603,-0.010285714285714231
2022-01-14,8650,8650,8460,8530,24836,-0.01501154734411081
2022-01-17,8530,8630,8330,8620,60845,0.010550996483001063
2022-01-18,8620,8630,8510,8580,25788,-0.004640371229698403
2022-01-19,8580,8580,8380,8540,34904,-0.004662004662004615
2022-01-20,8550,8680,8430,8500,22044,-0.004683840749414525
2022-01-21,8540,8540,8350,8400,32939,-0.0117647058823529
2022-01-24,8400,8400,8170,8210,63898,-0.02261904761904765
2022-01-25,8210,8260,8060,8120,36417,-0.010962241169305775
2022-01-26,8150,8300,8100,8110,39560,-0.0012315270935960854
2022-01-27,8110,8260,7780,7790,112848,-0.039457459926017235
2022-01-28,7710,8230,7710,8200,72684,0.05263157894736836
2022-02-03,8250,8340,8200,8270,21832,0.008536585365853666
2022-02-04,8200,8420,8200,8420,21616,0.018137847642079707
2022-02-07,8420,8470,8290,8470,18634,0.005938242280284944
2022-02-08,8390,8470,8240,8300,32006,-0.02007083825265643
2022-02-09,8420,8420,8230,8370,16754,0.008433734939758963
2022-02-10,8400,8400,8310,8400,9913,0.0035842293906809264
2022-02-11,8360,8360,8250,8290,22027,-0.013095238095238049
2022-02-14,8200,8200,8020,8110,32056,-0.021712907117008462
2022-02-15,8110,8140,8060,8080,13108,-0.0036991368680641123
2022-02-16,8070,8260,8070,8250,9524,0.021039603960395947
2022-02-17,8330,8360,8130,8140,10785,-0.013333333333333308
2022-02-18,8120,8210,8080,8160,10447,0.002457002457002533
2022-02-21,8070,8230,8070,8230,18273,0.008578431372548989
2022-02-22,8100,8160,8080,8120,17104,-0.013365735115431376
2022-02-23,8120,8200,8050,8130,22610,0.0012315270935960854
2022-02-24,8000,8130,7930,8040,37423,-0.011070110701106972
2022-02-25,8040,8210,8040,8210,10014,0.021144278606965106
2022-02-28,8210,8470,8160,8410,32938,0.02436053593179044
2022-03-02,8380,8380,8240,8340,22166,-0.008323424494649179
2022-03-03,8360,8490,8300,8380,20319,0.004796163069544335
2022-03-04,8450,8460,8260,8460,26804,0.009546539379474916
2022-03-07,8500,8500,8200,8340,16743,-0.014184397163120588
2022-03-08,8250,8280,8140,8230,12074,-0.013189448441247031
2022-03-10,8240,8430,8230,8430,22575,0.024301336573511634
2022-03-11,8430,8430,8290,8330,15535,-0.011862396204033177
2022-03-14,8330,8330,8130,8300,38295,-0.0036014405762304635
2022-03-15,8220,8260,8170,8260,8197,-0.004819277108433773
2022-03-16,8260,8750,8180,8750,133115,0.05932203389830515
2022-03-17,8890,9030,8680,9000,144587,0.02857142857142847
2022-03-18,9130,9550,9000,9390,631200,0.043333333333333224
2022-03-21,9310,9370,8900,9100,150321,-0.030883919062832832
2022-03-22,9090,9230,8930,9070,83076,-0.003296703296703285
2022-03-23,9010,9050,8830,8980,78265,-0.009922822491730932
2022-03-24,8960,8960,8790,8930,37917,-0.0055679287305122616
2022-03-25,8860,9020,8790,8990,64095,0.006718924972004547
2022-03-28,8990,9080,8900,9010,42525,0.0022246941045607205
2022-03-29,8930,8970,8780,8810,59384,-0.02219755826859049
2022-03-30,8810,8890,8650,8800,51514,-0.0011350737797957144
2022-03-31,8800,9120,8790,9100,90481,0.03409090909090917
2022-04-01,8990,9300,8910,9260,77507,0.01758241758241752
2022-04-04,9310,9400,9170,9360,79810,0.010799136069114423
2022-04-05,9360,9440,9240,9440,60608,0.008547008547008517
2022-04-06,9380,9460,9340,9430,41781,-0.0010593220338983578
2022-04-07,9430,9430,9210,9260,32387,-0.018027571580063628
2022-04-08,9180,9300,9020,9280,68516,0.002159827213822796
2022-04-11,9200,9520,9140,9430,93498,0.016163793103448176
2022-04-12,9210,9330,9050,9090,73658,-0.036055143160127257
2022-04-13,9090,9210,9090,9130,17211,0.004400440044004306
2022-04-14,9160,9160,8870,8880,113333,-0.027382256297918905
2022-04-15,8880,9100,8800,9000,47166,0.013513513513513598
2022-04-18,8900,8950,8670,8700,80367,-0.033333333333333326
2022-04-19,8700,8840,8690,8830,43555,0.014942528735632177
2022-04-20,8860,8860,8740,8740,25279,-0.010192525481313663
2022-04-21,8710,8900,8690,8800,29568,0.006864988558352492
2022-04-22,8720,8800,8540,8580,80138,-0.025000000000000022
2022-04-25,8540,8720,8410,8660,50023,0.00932400932400923
2022-04-26,8670,8810,8620,8740,41241,0.009237875288683695
2022-04-27,8560,8770,8540,8710,39029,-0.003432494279176246
2022-04-28,8760,8760,8490,8690,56876,-0.0022962112514350874
2022-04-29,8720,8720,8530,8540,46846,-0.017261219792865323
2022-05-02,8500,8700,8380,8630,32075,0.01053864168618257
2022-05-03,8550,8670,8530,8550,42903,-0.009269988412514474
2022-05-04,8550,8580,8320,8360,109766,-0.022222222222222254
2022-05-06,8360,8410,8250,8340,65576,-0.0023923444976076125
2022-05-09,8340,8340,8000,8000,113592,-0.04076738609112707
2022-05-10,8040,8140,7870,8110,52366,0.013749999999999929
2022-05-11,8130,8130,7980,7980,34206,-0.01602959309494456
2022-05-12,7940,8160,7770,7770,98439,-0.02631578947368418
2022-05-13,7810,7950,7770,7950,37349,0.02316602316602312
2022-05-16,8040,8140,7930,7980,21593,0.0037735849056603765
2022-05-17,8000,8040,7870,7980,45789,0.0
2022-05-18,7980,8000,7880,7950,38371,-0.003759398496240629
2022-05-19,7890,7940,7800,7900,59324,-0.0062893081761006275
2022-05-20,7900,7950,7850,7950,22569,0.006329113924050667
2022-05-23,7900,7950,7710,7820,105171,-0.01635220125786163
2022-05-24,7830,7830,7720,7740,34556,-0.010230179028132946
2022-05-25,7750,7780,7650,7780,85281,0.0051679586563306845
2022-05-26,7770,7940,7770,7810,60309,0.003856041131105492
2022-05-27,7810,8130,7810,8020,29061,0.02688860435339313
2022-05-30,8050,8050,7930,8000,48630,-0.0024937655860348684
2022-05-31,8120,8150,7960,7970,34416,-0.003750000000000031
2022-06-02,8050,8050,7900,7940,21760,-0.0037641154328732496
2022-06-03,8020,8080,7950,8050,18164,0.01385390428211597
2022-06-07,7970,8040,7920,7960,33473,-0.011180124223602483
2022-06-08,7920,8010,7910,7970,19518,0.0012562814070351536
2022-06-09,8020,8020,7900,7970,17935,0.0
2022-06-10,7900,8250,7900,8000,119927,0.0037641154328733606
2022-06-13,7990,7990,7740,7850,70214,-0.018750000000000044
2022-06-14,7770,8000,7630,7670,73587,-0.02292993630573248
2022-06-15,7630,7840,7500,7530,56957,-0.018252933507170832
2022-06-16,7600,7640,7400,7500,83456,-0.003984063745019917
2022-06-17,7400,7590,7250,7590,40609,0.01200000000000001
2022-06-20,7590,7600,7260,7400,41039,-0.025032938076416378
2022-06-21,7470,7470,7320,7400,20940,0.0
2022-06-22,7400,7470,7000,7270,72163,-0.01756756756756761
2022-06-23,7180,7220,6970,6980,152858,-0.0398899587345255
2022-06-24,6980,7100,6980,7000,110358,0.002865329512893977
2022-06-27,7110,7120,6960,7010,126086,0.0014285714285713347
2022-06-28,6990,7240,6810,7240,232596,0.032810271041369576
2022-06-29,7150,7620,7130,7460,44262,0.03038674033149169
2022-06-30,7400,7450,7190,7380,80188,-0.01072386058981234
2022-07-01,7340,7400,7040,7130,45533,-0.03387533875338755
2022-07-04,7130,7130,6600,6890,529463,-0.033660589060308554
2022-07-05,6930,7020,6880,6960,59650,0.010159651669085612
2022-07-06,6900,6970,6860,6910,20744,-0.007183908045977017
2022-07-07,6960,6970,6810,6950,27015,0.005788712011577379
2022-07-08,6960,6990,6910,6940,27437,-0.0014388489208633226
2022-07-11,6990,7020,6870,6990,23969,0.007204610951008661
2022-07-12,6870,7000,6870,6910,18921,-0.011444921316165924
2022-07-13,6850,7030,6800,7000,31900,0.013024602026049159
2022-07-14,6940,6970,6870,6930,24205,-0.010000000000000009
2022-07-15,6920,6930,6660,6880,42355,-0.00721500721500723
2022-07-18,6840,6900,6840,6890,15469,0.0014534883720929148
2022-07-19,6890,6950,6820,6890,10144,0.0
2022-07-20,6950,7040,6930,7010,36991,0.01741654571843254
2022-07-21,7010,7490,7010,7100,129670,0.012838801711840153
2022-07-22,7100,7170,6950,7000,39505,-0.014084507042253502
2022-07-25,7000,7040,6930,6950,29605,-0.0071428571428571175
2022-07-26,7000,7020,6910,6940,11778,-0.0014388489208633226
2022-07-27,7040,7220,7000,7090,91944,0.021613832853025983
2022-07-28,7250,7300,7100,7300,41300,0.02961918194640334
2022-07-29,7270,7320,7150,7150,37229,-0.020547945205479423
2022-08-01,7190,7330,7190,7250,28372,0.013986013986013957
2022-08-02,7190,7250,7140,7170,16410,-0.011034482758620734
2022-08-03,7150,7210,7120,7200,12004,0.004184100418409997
2022-08-04,7200,7640,7200,7540,110136,0.047222222222222276
2022-08-05,7600,7740,7450,7730,52824,0.025198938992042397
2022-08-08,7670,7780,7500,7780,39603,0.0064683053040104355
2022-08-09,7690,7800,7660,7790,16476,0.0012853470437017567
2022-08-10,7790,7920,7660,7880,29306,0.011553273427471034
2022-08-11,7890,8010,7810,7930,43945,0.006345177664974555
2022-08-12,7900,8030,7840,8000,24039,0.008827238335435084
2022-08-16,8000,8070,7650,7720,94793,-0.03500000000000003
2022-08-17,7820,7830,7740,7760,24620,0.005181347150259086
2022-08-18,7730,7890,7620,7870,26692,0.014175257731958713
2022-08-19,7870,7880,7740,7810,15566,-0.007623888182973326
2022-08-22,7640,7780,7610,7620,22701,-0.02432778489116516
2022-08-23,7600,7630,7460,7590,17596,-0.003937007874015741
2022-08-24,7460,7660,7460,7600,16064,0.0013175230566535578
2022-08-25,7680,7710,7600,7680,24134,0.010526315789473717
2022-08-26,7700,7770,7660,7720,10867,0.005208333333333259
2022-08-29,7500,7580,7420,7480,26583,-0.031088082901554404
2022-08-30,7450,7540,7450,7530,5774,0.006684491978609541
2022-08-31,7490,7570,7440,7570,6157,0.005312084993359889
2022-09-01,7560,7570,7300,7390,64269,-0.023778071334214057
2022-09-02,7430,7440,7340,7430,9580,0.005412719891745521
2022-09-05,7410,7440,7330,7410,9710,-0.0026917900403768957
2022-09-06,7450,7500,7400,7480,2503,0.009446693657219951
2022-09-07,7510,7520,7330,7460,12603,-0.002673796791443861
2022-09-08,7460,7480,7400,7470,5889,0.0013404825737264314
2022-09-13,7450,7550,7430,7520,16967,0.006693440428380271
2022-09-14,7480,7490,7390,7490,5841,-0.003989361702127714
2022-09-15,7490,7510,7330,7360,16042,-0.01735647530040052
2022-09-16,7310,7380,7290,7380,19780,0.0027173913043478937
2022-09-19,7340,7340,7280,7330,9470,-0.006775067750677488
2022-09-20,7330,7460,7330,7440,8999,0.01500682128240105
2022-09-21,7310,7500,7310,7460,10006,0.0026881720430107503
2022-09-22,7380,7400,7300,7390,18385,-0.009383378016085797
2022-09-23,7360,7360,7160,7230,24665,-0.021650879566982417
2022-09-26,7150,7170,6850,7010,95880,-0.03042876901798064
2022-09-27,6750,7330,6750,7130,60453,0.017118402282453538
2022-09-28,7130,7470,6950,6990,88400,-0.01963534361851338
2022-09-29,7070,7200,6930,7180,36821,0.027181688125894166
2022-09-30,7100,7100,6880,7000,33751,-0.02506963788300831
2022-10-04,7030,7150,7000,7110,17626,0.01571428571428579
2022-10-05,7130,7160,6850,6900,24188,-0.029535864978902926
2022-10-06,6990,6990,6880,6900,10735,0.0
2022-10-07,6920,6920,6790,6840,14591,-0.008695652173912993
2022-10-11,6840,6840,6300,6300,69732,-0.07894736842105265
2022-10-12,6390,6550,6360,6550,28880,0.039682539682539764
2022-10-13,6560,6660,6410,6650,12392,0.01526717557251911
2022-10-14,6660,6740,6620,6700,25311,0.007518796992481258
2022-10-17,6740,6750,6580,6670,9885,-0.004477611940298498
2022-10-18,6620,6740,6620,6740,17466,0.010494752623688264
2022-10-19,6760,6760,6560,6720,18114,-0.0029673590504450953
2022-10-20,6710,6720,6460,6520,64431,-0.029761904761904767
2022-10-21,6510,6560,6420,6500,13695,-0.0030674846625766694
2022-10-24,6600,6600,6390,6460,41435,-0.006153846153846176
2022-10-25,6490,6560,6330,6360,39093,-0.015479876160990669
2022-10-26,6440,6440,6250,6360,30968,0.0
2022-10-27,6400,6440,6360,6380,24922,0.003144654088050425
2022-10-28,6400,6480,6240,6390,27908,0.0015673981191222097
2022-10-31,6400,6470,6310,6390,8448,0.0
2022-11-01,6440,6480,6360,6470,27118,0.012519561815336422
2022-11-02,6500,6560,6380,6520,11314,0.007727975270479082
2022-11-03,6420,6560,6410,6540,16494,0.0030674846625766694
2022-11-04,6500,6570,6470,6500,21926,-0.006116207951070374
2022-11-07,6580,6830,6530,6650,86704,0.023076923076922995
2022-11-08,6650,6730,6620,6640,35651,-0.0015037593984962294
2022-11-09,6660,6720,6630,6710,44839,0.010542168674698704
2022-11-10,6660,6880,6650,6830,32048,0.017883755588673722
2022-11-11,6890,6910,6820,6890,37395,0.008784773060029227
2022-11-14,6880,7140,6850,7070,46808,0.026124818577648812
2022-11-15,7070,7120,7070,7090,29131,0.0028288543140029265
2022-11-16,7090,7160,7070,7100,29445,0.0014104372355430161
2022-11-17,7100,7100,6970,7100,30366,0.0
2022-11-18,7100,7200,7040,7150,41065,0.007042253521126751
2022-11-21,7160,8500,7030,7270,778167,0.016783216783216703
2022-11-22,7280,7350,7200,7250,71177,-0.0027510316368638543
2022-11-23,7320,7340,7230,7270,55138,0.0027586206896552667
2022-11-24,7280,7340,7230,7270,29181,0.0
2022-11-25,7280,7300,7210,7240,23356,-0.004126547455295726
2022-11-28,7290,7290,7120,7160,38771,-0.011049723756906049
2022-11-29,7160,7390,7100,7270,48263,0.015363128491620026
2022-11-30,7310,7400,7270,7400,29555,0.017881705639614776
2022-12-01,7400,7450,7350,7410,31033,0.0013513513513514486
2022-12-02,7410,7600,7390,7550,57186,0.018893387314439902
2022-12-05,7620,7620,7490,7550,17060,0.0
2022-12-06,7510,7610,7380,7380,23364,-0.02251655629139071
2022-12-07,7380,7380,7250,7330,23135,-0.006775067750677488
2022-12-08,7310,7380,7130,7230,24869,-0.013642564802182844
2022-12-09,7230,7390,7230,7390,9606,0.022130013831258566
2022-12-12,7500,7500,7300,7370,18689,-0.0027063599458727605
2022-12-13,7380,7540,7270,7340,29946,-0.004070556309362261
2022-12-14,7340,7420,7280,7340,15861,0.0
2022-12-15,7370,7370,7300,7300,16323,-0.00544959128065392
2022-12-16,7280,7300,7180,7250,18375,-0.006849315068493178
2022-12-19,7250,7250,7000,7080,46645,-0.02344827586206899
2022-12-20,7070,7070,6880,6930,45972,-0.021186440677966156
2022-12-21,6930,7000,6900,6950,22164,0.0028860028860029363
2022-12-22,7020,7020,6860,6880,79884,-0.010071942446043147
2022-12-23,6910,6910,6770,6820,57765,-0.008720930232558155
2022-12-26,6780,6900,6780,6810,51522,-0.0014662756598240456
2022-12-27,6810,6910,6780,6910,75741,0.014684287812041008
2022-12-28,6730,6850,6690,6720,59781,-0.02749638205499272
2022-12-29,6720,6740,6620,6680,35450,-0.005952380952380931
2023-01-02,6630,6730,6440,6490,50894,-0.02844311377245512
2023-01-03,6490,6610,6350,6580,45338,0.013867488443759735
2023-01-04,6580,6630,6490,6610,8582,0.004559270516717229
2023-01-05,6630,6630,6540,6580,19191,-0.004538577912254205
2023-01-06,6850,6890,6580,6670,83706,0.013677811550151908
2023-01-09,6690,6730,6620,6720,45863,0.007496251874062887
2023-01-10,6620,6770,6620,6740,25468,0.0029761904761904656
2023-01-11,6740,6780,6680,6760,22877,0.0029673590504450953
2023-01-12,6800,6810,6730,6800,15515,0.00591715976331364
2023-01-13,6740,6830,6720,6800,28408,0.0
2023-01-16,6780,6870,6750,6830,37443,0.004411764705882337
2023-01-17,6840,6840,6730,6760,27937,-0.010248901903367469
2023-01-18,6740,6800,6670,6770,32505,0.0014792899408284654
2023-01-19,6770,6830,6710,6760,26862,-0.001477104874446078
2023-01-20,6780,6850,6710,6830,17977,0.010355029585798814
2023-01-25,6830,6900,6780,6890,21021,0.008784773060029227
2023-01-26,6900,6900,6810,6860,18424,-0.004354136429608135
2023-01-27,6860,6870,6810,6850,18995,-0.001457725947521915
2023-01-30,6850,6870,6780,6790,10246,-0.008759124087591275
2023-01-31,6790,6860,6730,6740,8916,-0.007363770250368162
2023-02-01,6760,6840,6700,6740,24451,0.0
2023-02-02,6740,6850,6740,6840,13906,0.014836795252225476
2023-02-03,6840,6840,6700,6790,18628,-0.007309941520467822
2023-02-06,6790,6820,6710,6750,14858,-0.00589101620029453
2023-02-07,6740,6770,6710,6750,17137,0.0
2023-02-08,6750,6800,6710,6790,18856,0.00592592592592589
2023-02-09,6800,6870,6770,6870,19771,0.01178203240058906
2023-02-10,6870,6870,6720,6790,11854,-0.011644832605531286
2023-02-13,6800,6800,6710,6780,23511,-0.0014727540500736325
2023-02-14,6770,6780,6720,6760,13943,-0.002949852507374673
2023-02-15,6740,6780,6700,6750,31800,-0.0014792899408283544
2023-02-16,6750,6780,6690,6740,42018,-0.001481481481481528
2023-02-17,6730,6730,6670,6710,12821,-0.004451038575667643
2023-02-20,6710,6760,6660,6760,10014,0.007451564828613977
2023-02-21,6710,6790,6710,6770,19515,0.0014792899408284654
2023-02-22,6700,6770,6670,6760,16396,-0.001477104874446078
2023-02-23,6740,7010,6740,6900,80457,0.020710059171597628
2023-02-24,6900,7000,6840,6940,24593,0.005797101449275255
2023-02-27,6940,7100,6880,7060,57290,0.01729106628242083
2023-02-28,7030,7110,7000,7090,39895,0.004249291784702569
2023-03-02,7060,7060,6960,7030,21658,-0.008462623413258097
2023-03-03,6960,7030,6960,6980,22889,-0.007112375533428139
2023-03-06,6920,7030,6920,7030,26211,0.007163323782235054
2023-03-07,7030,7100,6970,7080,15669,0.007112375533428139
2023-03-08,7080,7080,6950,6990,30051,-0.012711864406779627
2023-03-09,7010,7210,6940,7210,49236,0.03147353361945626
2023-03-10,7150,7200,7000,7040,22430,-0.023578363384188616
2023-03-13,6950,6970,6830,6950,29377,-0.01278409090909094
2023-03-14,6920,6920,6500,6620,36913,-0.0474820143884892
2023-03-15,6650,6750,6650,6670,16215,0.007552870090634434
2023-03-16,6690,6740,6510,6700,22017,0.004497751124437732
2023-03-17,6730,6940,6680,6910,39155,0.03134328358208949
2023-03-20,6830,6890,6710,6790,20804,-0.01736613603473225
2023-03-21,6790,6980,6710,6980,18042,0.027982326951399017
2023-03-22,7010,7190,6750,6820,98407,-0.022922636103151817
2023-03-23,6840,6840,6670,6700,21169,-0.017595307917888547
2023-03-24,6660,6730,6640,6720,6129,0.0029850746268655914
2023-03-27,6660,6710,6550,6550,43526,-0.02529761904761907
2023-03-28,6570,6660,6490,6620,28279,0.010687022900763399
2023-03-29,6570,6610,6500,6600,18472,-0.0030211480362537513
2023-03-30,6600,6600,6460,6520,50300,-0.012121212121212088
2023-03-31,6570,6570,6430,6480,31009,-0.006134969325153339
2023-04-03,6480,6480,6330,6400,48233,-0.012345679012345734
2023-04-04,6330,6470,6320,6470,24415,0.010937500000000044
2023-04-05,6470,6470,6340,6470,13985,0.0
2023-04-06,6410,6500,6370,6490,18109,0.0030911901081915882
2023-04-07,6500,6530,6360,6430,26076,-0.009244992295839749
2023-04-10,6430,6430,6300,6390,31951,-0.0062208398133748455
2023-04-11,6400,6400,6300,6360,15848,-0.0046948356807511304
2023-04-12,6390,6390,6300,6330,32086,-0.004716981132075526
2023-04-13,6370,6380,6210,6290,55023,-0.006319115323854652
2023-04-14,6260,6340,6170,6200,96144,-0.014308426073131986
2023-04-17,6250,6250,6170,6210,30157,0.001612903225806539
2023-04-18,6260,6280,6180,6250,28031,0.006441223832528209
2023-04-19,6280,6280,6210,6260,29817,0.0016000000000000458
2023-04-20,6260,6400,6170,6170,93641,-0.014376996805111841
2023-04-21,6270,6270,6150,6260,34768,0.014586709886547755
2023-04-24,6300,6310,6170,6200,17213,-0.009584664536741228
2023-04-25,6170,6220,6110,6140,27080,-0.009677419354838679
2023-04-26,6090,6170,5930,6030,55277,-0.01791530944625408
2023-04-27,5980,6090,5980,6090,12198,0.00995024875621886
2023-04-28,6090,6160,6030,6160,14361,0.011494252873563315
2023-05-02,6200,6350,6150,6300,33870,0.022727272727272707
2023-05-03,6220,6400,6220,6380,20950,0.012698412698412653
2023-05-04,6330,6390,6280,6330,11709,-0.00783699059561127
2023-05-08,6330,6350,6230,6320,9447,-0.0015797788309637184
2023-05-09,6350,6350,6270,6280,9871,-0.006329113924050667
2023-05-10,6280,6500,6150,6270,40069,-0.0015923566878981443
2023-05-11,6270,6320,6240,6310,19220,0.006379585326953707
2023-05-12,6340,6340,6170,6250,34840,-0.009508716323296307
2023-05-15,6250,6360,6070,6180,66663,-0.011199999999999988
2023-05-16,6290,6290,5990,6100,68115,-0.012944983818770184
2023-05-17,6060,6270,6060,6220,50993,0.01967213114754096
2023-05-18,6220,6310,6190,6290,28366,0.0112540192926045
2023-05-19,6320,6330,6060,6110,86950,-0.02861685214626386
2023-05-22,6110,6190,6080,6160,34349,0.008183306055646433
2023-05-23,6160,6200,6060,6170,48546,0.0016233766233766378
2023-05-24,6170,6210,6100,6160,40344,-0.0016207455429497752
2023-05-25,6160,6160,6030,6130,62913,-0.004870129870129913
2023-05-26,6090,6100,6030,6080,46630,-0.00815660685154973
2023-05-30,6070,6170,6050,6140,21100,0.009868421052631637
2023-05-31,6080,6140,6080,6130,23574,-0.0016286644951140072
2023-06-01,6110,6200,6090,6190,27646,0.00978792822185981
2023-06-02,6160,6220,6150,6210,21615,0.003231017770597644
2023-06-05,6210,6210,6110,6140,42002,-0.011272141706924366
2023-06-07,6140,6260,6130,6200,41798,0.009771986970684043
2023-06-08,6170,6290,6170,6290,33494,0.014516129032257963
2023-06-09,6250,6300,6150,6180,52413,-0.01748807631160576
2023-06-12,6180,6260,6110,6250,24544,0.01132686084142387
2023-06-13,6200,6280,6200,6260,36575,0.0016000000000000458
2023-06-14,6290,6290,6190,6250,22058,-0.0015974440894568342
2023-06-15,6230,6260,6190,6260,33555,0.0016000000000000458
2023-06-16,6300,6300,6200,6200,19253,-0.009584664536741228
2023-06-19,6200,6220,6180,6220,21308,0.003225806451612856
2023-06-20,6220,6250,6190,6190,25881,-0.004823151125401881
2023-06-21,6240,6400,6180,6200,142090,0.001615508885298933
2023-06-22,6270,6500,6010,6060,230204,-0.022580645161290325
2023-06-23,6040,6090,5550,5860,98575,-0.03300330033003296
2023-06-26,5890,6200,5870,6050,102318,0.03242320819112621
2023-06-27,6090,6270,6050,6230,88830,0.02975206611570247
2023-06-28,6200,6320,6140,6270,55050,0.006420545746388395
2023-06-29,6230,6280,6170,6270,61145,0.0
2023-06-30,6360,6480,6280,6480,105162,0.03349282296650724
2023-07-03,6450,6460,6350,6430,66381,-0.007716049382716084
2023-07-04,6360,6500,6270,6380,58612,-0.007776049766718529
2023-07-05,6380,6440,6310,6420,63001,0.006269592476489061
2023-07-06,6400,6470,6300,6390,56419,-0.004672897196261627
2023-07-07,6310,6460,6290,6390,71065,0.0
2023-07-10,6420,6470,6320,6440,49631,0.00782472613458518
2023-07-11,6440,6480,6400,6480,48340,0.006211180124223503
2023-07-12,6490,6700,6400,6680,86216,0.030864197530864113
2023-07-13,6700,6710,6560,6660,45395,-0.0029940119760478723
2023-07-14,6660,6680,6500,6650,44909,-0.0015015015015015232
2023-07-17,6670,6700,6550,6650,34271,0.0
2023-07-18,6670,6670,6490,6610,44316,-0.006015037593984918
2023-07-19,6620,6640,6440,6480,28031,-0.01966717095310133
2023-07-20,6400,6480,6320,6350,32568,-0.020061728395061706
2023-07-21,6350,6370,6120,6250,39667,-0.015748031496062964
2023-07-24,6190,6240,6080,6180,52675,-0.011199999999999988
2023-07-25,6170,6170,5900,5960,74321,-0.035598705501618144
2023-07-26,5960,6000,5690,5880,77700,-0.01342281879194629
2023-07-27,5890,6030,5790,5910,47056,0.005102040816326481
2023-07-28,5910,5910,5740,5810,50591,-0.016920473773265665
2023-07-31,5870,5910,5770,5890,20616,0.013769363166953541
2023-08-01,5920,5920,5810,5900,24571,0.001697792869269854
2023-08-02,5820,5870,5700,5790,37241,-0.01864406779661021
2023-08-03,5790,5790,5710,5780,8676,-0.0017271157167529916
2023-08-04,5780,5860,5760,5830,17061,0.00865051903114189
2023-08-07,5830,5910,5820,5880,25575,0.00857632933104635
2023-08-08,5820,5950,5800,5800,23934,-0.013605442176870763
2023-08-09,5800,5880,5770,5850,17006,0.008620689655172376
2023-08-10,5850,5960,5790,5960,23531,0.018803418803418737
2023-08-11,5960,6000,5900,5970,16184,0.001677852348993314
2023-08-14,6170,6370,5980,6130,49357,0.02680067001675046
2023-08-16,6130,6130,5910,6010,34718,-0.019575856443719397
2023-08-17,6010,6010,5800,6000,19757,-0.0016638935108153063
2023-08-18,6000,6000,5880,6000,18180,0.0
2023-08-21,6000,6060,5960,6050,9081,0.008333333333333304
2023-08-22,5970,6050,5750,6000,22108,-0.008264462809917328
2023-08-23,5930,5980,5870,5940,14020,-0.010000000000000009
2023-08-24,5900,5930,5810,5890,15286,-0.008417508417508435
2023-08-25,5880,5920,5820,5920,6452,0.005093378607809784
2023-08-28,5950,5950,5860,5920,11356,0.0
2023-08-29,5920,6300,5900,5930,37560,0.0016891891891892552
2023-08-30,6020,6020,5880,5920,15570,-0.001686340640809414
2023-08-31,5960,5960,5850,5930,17637,0.0016891891891892552
2023-09-01,5940,5950,5850,5890,15291,-0.006745362563237767
2023-09-04,5940,5940,5840,5850,15261,-0.006791171477079749
2023-09-05,5870,5880,5800,5850,13560,0.0
2023-09-06,5840,5890,5810,5860,14097,0.0017094017094017033
2023-09-07,5860,5860,5810,5810,30219,-0.008532423208191142
2023-09-08,5830,5840,5740,5780,17373,-0.005163511187607606
2023-09-11,5840,5840,5740,5790,6937,0.0017301038062282892
2023-09-12,5840,5840,5560,5760,22380,-0.005181347150259086
2023-09-13,5760,5760,5710,5710,7425,-0.00868055555555558
2023-09-14,5700,5800,5660,5800,13171,0.015761821366024442
2023-09-15,5820,5830,5740,5800,11593,0.0
2023-09-18,5800,5800,5720,5740,7038,-0.010344827586206917
2023-09-19,5760,5760,5700,5720,8870,-0.0034843205574912606
2023-09-20,5720,5770,5670,5750,29059,0.005244755244755206
2023-09-21,5800,5800,5710,5750,8788,0.0
2023-09-22,5750,5800,5710,5730,4173,-0.003478260869565264
2023-09-25,5800,5800,5640,5700,7922,-0.005235602094240788
2023-09-26,5730,5740,5500,5650,14136,-0.00877192982456143
2023-09-27,5650,5670,5580,5660,12536,0.001769911504424737
2023-10-04,5670,5690,5550,5570,7900,-0.01590106007067138
2023-10-05,5510,5620,5510,5580,8971,0.0017953321364452268
2023-10-06,5590,5650,5570,5650,9097,0.012544802867383575
2023-10-10,5670,5680,5610,5660,7981,0.001769911504424737
2023-10-11,5680,5750,5670,5740,8674,0.014134275618374659
2023-10-12,5720,5770,5700,5750,3815,0.0017421602787457413
2023-10-13,5750,5760,5690,5740,3261,-0.0017391304347825765
2023-10-16,5790,5790,5670,5720,5561,-0.0034843205574912606
2023-10-17,5660,5760,5660,5750,8896,0.005244755244755206
2023-10-18,5700,5770,5700,5750,4265,0.0
2023-10-19,5750,5750,5640,5640,11124,-0.019130434782608674
2023-10-20,5640,5690,5500,5580,15248,-0.010638297872340385
2023-10-23,5530,5600,5520,5570,9151,-0.0017921146953404632
2023-10-24,5540,5600,5510,5600,6109,0.0053859964093356805
2023-10-25,5630,5630,5580,5620,4446,0.0035714285714285587
2023-10-26,5570,5620,5540,5560,5147,-0.010676156583629859
2023-10-27,5660,5890,5490,5600,26267,0.007194244604316502
2023-10-30,5600,5630,5480,5580,22688,-0.0035714285714285587
2023-10-31,5560,5650,5520,5650,13876,0.012544802867383575
2023-11-01,5650,5670,5570,5660,8202,0.001769911504424737
2023-11-02,5680,5700,5640,5700,9115,0.007067137809187329
2023-11-03,5740,5820,5720,5810,15466,0.019298245614035148
2023-11-06,5830,5880,5810,5860,13277,0.008605851979345935
2023-11-07,5820,6160,5810,5920,33865,0.010238907849829282
2023-11-08,5920,5950,5860,5950,22036,0.0050675675675675436
2023-11-09,5970,6020,5930,5990,23502,0.006722689075630228
2023-11-10,6000,6020,5950,6000,20326,0.0016694490818029983
2023-11-13,6000,6030,5850,5990,16924,-0.0016666666666667052
2023-11-14,5890,6250,5890,6020,39924,0.005008347245408995
2023-11-15,6030,6080,6010,6060,26152,0.006644518272425293
2023-11-16,6050,6330,5940,6000,77591,-0.00990099009900991
2023-11-17,6000,6060,5960,6000,13510,0.0
2023-11-20,5980,6060,5980,6020,10098,0.0033333333333334103
2023-11-21,6020,6480,6000,6090,175777,0.011627906976744207
2023-11-22,6170,6200,6090,6190,26159,0.016420361247947435
2023-11-23,6200,6250,6100,6100,37610,-0.014539579967689842
2023-11-24,6160,6230,6100,6200,11514,0.016393442622950838
2023-11-27,6200,6220,6120,6170,11165,-0.004838709677419395
2023-11-28,6170,6220,6010,6140,14846,-0.004862236628849326
2023-11-29,6140,6170,6100,6170,8758,0.004885993485342022
2023-11-30,6190,6200,6100,6180,11273,0.0016207455429497752
2023-12-01,6180,6180,6120,6170,6450,-0.0016181229773463146
2023-12-04,6110,6190,6100,6130,6816,-0.00648298217179899
2023-12-05,6130,6160,5960,6140,17147,0.0016313213703098572
2023-12-06,6140,6150,6040,6140,5253,0.0
2023-12-07,6070,6150,6060,6130,16295,-0.0016286644951140072
2023-12-08,6070,6140,6070,6140,11486,0.0016313213703098572
2023-12-11,6160,6170,6100,6140,9968,0.0
2023-12-12,6140,6160,6110,6130,6532,-0.0016286644951140072
2023-12-13,6190,6190,6090,6100,8938,-0.004893964110929905
2023-12-14,6150,6150,6100,6100,24549,0.0
2023-12-15,6080,6140,6050,6100,20796,0.0
2023-12-18,6120,6120,6070,6110,10255,0.0016393442622950616
2023-12-19,6130,6140,6060,6110,9492,0.0
2023-12-20,6070,6210,6040,6080,28467,-0.004909983633387904
2023-12-21,6140,6140,6000,6030,17279,-0.008223684210526327
2023-12-22,6120,6120,5950,6010,20244,-0.0033167495854062867
2023-12-26,6040,6040,5930,6000,29846,-0.0016638935108153063
2023-12-27,5900,5950,5900,5910,15841,-0.015000000000000013
2023-12-28,5960,5990,5860,5950,14145,0.006768189509306355
2024-01-02,5890,5980,5850,5900,20817,-0.008403361344537785
2024-01-03,5860,5900,5780,5790,39981,-0.01864406779661021
2024-01-04,5790,5810,5670,5810,42409,0.003454231433505983
2024-01-05,5790,5850,5750,5840,11789,0.005163511187607606
2024-01-08,5850,5870,5790,5840,15023,0.0
2024-01-09,5840,5850,5750,5850,11402,0.001712328767123239
2024-01-10,5810,5860,5800,5850,2607,0.0
2024-01-11,5870,5870,5800,5870,8032,0.0034188034188034067
2024-01-12,5870,5870,5800,5840,5086,-0.005110732538330498
2024-01-15,5820,5820,5770,5800,8724,-0.006849315068493178
2024-01-16,5760,5850,5760,5790,10006,-0.0017241379310344307
2024-01-17,5790,5850,5710,5720,8340,-0.012089810017271163
2024-01-18,5720,5820,5660,5750,15823,0.005244755244755206
2024-01-19,5750,5820,5660,5760,12330,0.0017391304347826875
2024-01-22,5800,5800,5730,5760,4174,0.0
2024-01-23,5750,5760,5700,5730,4323,-0.00520833333333337
2024-01-24,5690,5820,5670,5750,11667,0.003490401396160525
2024-01-25,5750,5750,5660,5700,11681,-0.008695652173912993
2024-01-26,5700,5740,5660,5720,3855,0.0035087719298245723
2024-01-29,5750,5770,5710,5740,9951,0.0034965034965035446
2024-01-30,5710,5800,5670,5690,15787,-0.008710801393728262
2024-01-31,5680,5700,5600,5650,16736,-0.007029876977152849
2024-02-01,5650,5670,5590,5620,36637,-0.005309734513274322
2024-02-02,6400,6810,5860,5980,856250,0.06405693950177938
2024-02-05,5910,5920,5660,5840,119977,-0.02341137123745818
2024-02-06,5870,6080,5830,5830,128309,-0.001712328767123239
2024-02-07,5810,5920,5780,5850,65682,0.0034305317324185847
2024-02-08,5880,5900,5810,5860,32982,0.0017094017094017033
2024-02-13,5860,5920,5810,5850,50398,-0.0017064846416382506
2024-02-14,5850,5930,5740,5930,31380,0.013675213675213627
2024-02-15,5930,5930,5830,5880,28190,-0.00843170320404718
2024-02-16,5880,6120,5840,6060,62693,0.030612244897959107
2024-02-19,6160,6230,6060,6230,133118,0.028052805280528004
2024-02-20,6240,6340,6100,6300,102507,0.011235955056179803
2024-02-21,6330,6370,6170,6260,62727,-0.006349206349206327
2024-02-22,6260,6520,6100,6260,112863,0.0
2024-02-23,6180,6360,6170,6310,80964,0.007987220447284393
2024-02-26,6220,6270,6120,6210,27365,-0.015847860538827252
2024-02-27,6210,6210,6030,6200,49720,-0.0016103059581320522
2024-02-28,6190,6220,6170,6210,22023,0.001612903225806539
2024-02-29,6210,6480,6140,6400,88997,0.03059581320450877
2024-03-04,6400,6800,6270,6530,287695,0.020312499999999956
2024-03-05,6520,6530,6270,6320,60141,-0.03215926493108734
2024-03-06,6300,6400,6270,6400,28713,0.012658227848101333
2024-03-07,6340,6350,6230,6240,27354,-0.025000000000000022
2024-03-08,6240,6320,6200,6310,22723,0.011217948717948678
2024-03-11,6340,6340,6210,6230,18946,-0.01267828843106178
2024-03-12,6250,6310,6140,6240,22149,0.0016051364365972098
2024-03-13,6280,6310,6200,6270,27218,0.004807692307692291
2024-03-14,6290,6310,6200,6300,20083,0.004784688995215225
2024-03-15,6300,6430,6230,6430,42073,0.02063492063492056
2024-03-18,6430,6470,6340,6430,33371,0.0
2024-03-19,6420,6620,6340,6560,26200,0.02021772939346822
2024-03-20,6560,6580,6480,6560,30543,0.0
2024-03-21,6560,6560,6460,6460,34241,-0.015243902439024404
2024-03-22,6460,6550,6400,6430,24852,-0.004643962848297267
2024-03-25,6400,6570,6350,6520,33697,0.013996889580093264
2024-03-26,6550,6550,6420,6460,19290,-0.009202453987730008
2024-03-27,6310,6440,6260,6260,48506,-0.03095975232198145
2024-03-28,6260,6550,6250,6420,35966,0.025559105431310014
2024-03-29,6550,6550,6280,6360,53692,-0.009345794392523366
2024-04-01,6450,6640,6380,6520,63109,0.02515723270440251
2024-04-02,6520,6640,6470,6570,59925,0.0076687116564417845
2024-04-03,6570,6700,6520,6650,42028,0.0121765601217656
2024-04-04,6610,6820,6510,6810,101791,0.024060150375939893
2024-04-05,6840,6860,6720,6840,43855,0.004405286343612369
2024-04-08,6800,7050,6800,6870,122431,0.004385964912280604
2024-04-09,6850,6880,6630,6670,49296,-0.02911208151382827
2024-04-11,6600,6840,6560,6750,39585,0.011994002998500841
2024-04-12,6690,6780,6600,6730,33769,-0.002962962962962945
2024-04-15,6710,6720,6480,6580,36668,-0.022288261515601815
2024-04-16,6630,6730,6540,6730,33231,0.022796352583586588
2024-04-17,6730,6820,6680,6810,18492,0.011887072808320909
2024-04-18,6810,6840,6750,6830,11529,0.002936857562408246
2024-04-19,6900,6900,6710,6830,15897,0.0
2024-04-22,6730,6830,6690,6830,19761,0.0
2024-04-23,6830,6880,6790,6870,12538,0.005856515373352744
2024-04-24,6880,6880,6770,6800,11405,-0.010189228529839833
2024-04-25,6850,6960,6740,6910,39399,0.016176470588235237
2024-04-26,6950,7070,6850,7050,71286,0.02026049204052094
2024-04-29,7050,7070,6990,7030,16969,-0.0028368794326241176
2024-04-30,7040,7050,6920,7030,41122,0.0
2024-05-02,7030,7190,6960,7160,69968,0.01849217638691325
2024-05-03,7110,7170,7030,7140,22320,-0.0027932960893854997
2024-05-07,7090,7140,6800,6920,59041,-0.03081232492997199
2024-05-08,6920,6970,6850,6950,20714,0.004335260115607031
2024-05-09,6880,7010,6880,6970,17117,0.0028776978417266452
2024-05-10,6990,7000,6890,6950,14171,-0.0028694404591105283
2024-05-13,6950,7030,6900,7010,31683,0.008633093525179936
2024-05-14,7010,7020,6930,6980,8668,-0.004279600570613384
2024-05-16,6980,7140,6910,7140,40530,0.022922636103151817
2024-05-17,7320,7320,7040,7040,36305,-0.014005602240896309
2024-05-20,7030,7050,6960,7040,19650,0.0
2024-05-21,7040,7040,6940,6990,15315,-0.007102272727272707
2024-05-22,7000,7070,6910,7050,29652,0.008583690987124415
2024-05-23,7070,7100,6970,7050,11634,0.0
2024-05-24,6970,7070,6970,6990,8568,-0.008510638297872353
2024-05-27,7090,7090,7000,7040,16087,0.007153075822603716
2024-05-28,7080,7080,7010,7060,8276,0.0028409090909091717
2024-05-29,7000,7060,7000,7040,6741,-0.0028328611898017497
2024-05-30,7040,7220,7040,7220,47476,0.02556818181818188
2024-05-31,7250,7270,7150,7230,17380,0.0013850415512466352
2024-06-03,7270,7400,7260,7330,69508,0.013831258644536604
2024-06-04,7260,7320,7240,7260,19052,-0.009549795361528002
2024-06-05,7260,7260,7180,7190,16849,-0.009641873278236957
2024-06-07,7190,7270,7120,7200,15665,0.0013908205841446364
2024-06-10,7200,7220,7160,7180,13685,-0.002777777777777768
2024-06-11,7200,7200,7160,7190,9031,0.0013927576601671099
2024-06-12,7190,7190,7140,7190,34290,0.0
2024-06-13,7200,7250,7110,7220,29185,0.004172461752433909
2024-06-14,7200,7250,7180,7240,24437,0.0027700831024930483
2024-06-17,7200,7250,7190,7220,18744,-0.002762430939226568
2024-06-18,7250,7250,7210,7230,11575,0.0013850415512466352
2024-06-19,7200,7250,7200,7220,13771,-0.0013831258644536604
2024-06-20,7220,7230,7200,7230,29785,0.0013850415512466352
2024-06-21,7220,7340,7220,7290,17749,0.008298755186721962
2024-06-24,7350,7350,7250,7260,26620,-0.004115226337448541
2024-06-25,7250,7360,7250,7360,38999,0.01377410468319562
2024-06-26,7360,7370,7340,7370,27950,0.0013586956521738358
2024-06-27,7370,7390,7350,7380,27122,0.0013568521031208647
2024-06-28,7390,7390,7350,7390,33198,0.0013550135501354532
2024-07-01,7420,7420,7290,7340,19363,-0.006765899864682012
2024-07-02,7340,7340,7180,7200,29610,-0.019073569482288777
2024-07-03,7300,7300,7190,7200,18362,0.0
2024-07-04,7300,7300,7000,7010,36823,-0.026388888888888906
2024-07-05,7010,7060,6980,7050,15475,0.005706134094151105
2024-07-08,7010,7050,7000,7050,23137,0.0
2024-07-09,7050,7050,6950,6990,17029,-0.008510638297872353
2024-07-10,7040,7040,6700,6880,80296,-0.01573676680972813
2024-07-11,6870,6870,6730,6780,30837,-0.014534883720930258
2024-07-12,6760,6950,6760,6950,11470,0.025073746312684442
2024-07-15,6950,6960,6800,6930,19472,-0.0028776978417266452
2024-07-16,6920,6980,6850,6890,10295,-0.005772005772005762
2024-07-17,6900,6920,6820,6850,27486,-0.005805515239477477
2024-07-18,6820,6900,6800,6870,7402,0.0029197080291971655
2024-07-19,6870,6970,6850,6950,7608,0.011644832605531397
2024-07-22,6980,6980,6810,6890,16211,-0.008633093525179825
2024-07-23,6850,6920,6840,6920,10153,0.004354136429608024
2024-07-24,6920,6920,6850,6870,5690,-0.007225433526011571
2024-07-25,6920,6920,6820,6870,8400,0.0
2024-07-26,6870,6920,6870,6910,7701,0.005822416302765587
2024-07-29,6900,6920,6860,6900,5557,-0.0014471780028944004
2024-07-30,6900,6900,6850,6870,9048,-0.004347826086956497
2024-07-31,6860,6900,6840,6890,11416,0.0029112081513829047
2024-08-01,6890,6910,6870,6900,5673,0.0014513788098693414
2024-08-02,6860,6900,6820,6850,14729,-0.007246376811594235
2024-08-05,6570,6800,6360,6510,48508,-0.04963503649635037
2024-08-06,6410,6700,6410,6700,10289,0.029185867895545226
2024-08-07,6700,6710,6620,6700,2889,0.0
2024-08-08,6700,6710,6620,6680,2182,-0.0029850746268657025
2024-08-09,6710,6720,6580,6650,29057,-0.004491017964071808
2024-08-12,6600,6650,6570,6630,11947,-0.003007518796992459
2024-08-13,6620,6710,6590,6710,6245,0.012066365007541435
2024-08-14,6710,6830,6710,6830,6203,0.017883755588673722
2024-08-16,6830,6890,6740,6890,10877,0.008784773060029227
2024-08-19,6890,6970,6830,6970,13777,0.011611030478954953
2024-08-20,6960,6980,6720,6720,29377,-0.03586800573888094
2024-08-21,6830,6830,6700,6740,15048,0.0029761904761904656
2024-08-22,6740,6800,6720,6800,3135,0.008902077151335286
2024-08-23,6810,6810,6690,6780,6996,-0.002941176470588225
2024-08-26,6780,6780,6660,6740,7671,-0.005899705014749235
2024-08-27,6740,6760,6670,6740,3031,0.0
2024-08-28,6770,6800,6700,6730,5600,-0.0014836795252225476
2024-08-29,6720,6750,6620,6730,7392,0.0
2024-08-30,6740,6800,6720,6780,9273,0.007429420505200568
2024-09-02,6790,6790,6750,6770,4663,-0.001474926253687281
2024-09-03,6770,6800,6700,6730,5501,-0.005908419497784312
2024-09-04,6550,6770,6550,6680,15458,-0.007429420505200568
2024-09-05,6730,6730,6640,6690,8251,0.0014970059880239361
2024-09-06,6690,6720,6630,6650,7932,-0.005979073243647215
2024-09-09,6620,6740,6620,6740,3885,0.013533834586466176
2024-09-10,6680,6750,6680,6720,6111,-0.0029673590504450953
2024-09-11,6680,6740,6670,6720,7154,0.0
2024-09-12,6670,6760,6670,6750,4047,0.0044642857142858094
2024-09-13,6770,6800,6680,6800,8704,0.007407407407407307
2024-09-19,6810,6900,6760,6860,14700,0.008823529411764675
2024-09-20,6940,6940,6850,6890,7409,0.004373177842565523
2024-09-23,7250,7250,6960,7030,39817,0.020319303338171224
2024-09-24,7030,7070,6960,7030,13284,0.0
