Date,Open,High,Low,Close,Volume,Change
2022-01-03,10450,10450,10150,10200,1578666,-0.033175355450236976
2022-01-04,10150,10250,10100,10200,839344,0.0
2022-01-05,10050,10200,10050,10050,944005,-0.014705882352941124
2022-01-06,9990,10100,9830,9850,1620980,-0.01990049751243783
2022-01-07,9850,10050,9850,9910,714109,0.006091370558375608
2022-01-10,9860,9940,9500,9580,1350223,-0.03329969727547932
2022-01-11,9530,9600,9290,9350,1194416,-0.024008350730688965
2022-01-12,9370,9610,9370,9560,671242,0.022459893048128343
2022-01-13,9530,9640,9480,9530,615470,-0.003138075313807498
2022-01-14,9400,9650,9310,9320,938009,-0.022035676810073457
2022-01-17,9670,9800,9150,9240,1845301,-0.008583690987124415
2022-01-18,9220,9270,8980,9020,1089166,-0.023809523809523836
2022-01-19,8830,9080,8830,8970,740935,-0.005543237250554278
2022-01-20,8860,9150,8840,9150,710847,0.02006688963210701
2022-01-21,9040,9130,8940,9020,736076,-0.014207650273224015
2022-01-24,8980,9140,8780,8820,924675,-0.022172949002217335
2022-01-25,8850,8910,8490,8540,1100556,-0.031746031746031744
2022-01-26,8490,8940,8490,8780,1087950,0.02810304449648715
2022-01-27,8710,8840,8050,8400,956976,-0.0432801822323462
2022-01-28,8400,8730,8210,8720,723679,0.03809523809523818
2022-02-03,8840,8970,8730,8940,648988,0.025229357798165042
2022-02-04,8840,9160,8840,9130,813882,0.021252796420581754
2022-02-07,9100,9250,8990,9040,710915,-0.009857612267250793
2022-02-08,9000,9250,8900,9020,778284,-0.0022123893805309214
2022-02-09,9070,9140,9020,9140,406999,0.013303769401330268
2022-02-10,9170,9260,9030,9090,784960,-0.005470459518599591
2022-02-11,8970,9170,8920,9040,616303,-0.005500550055005493
2022-02-14,8880,8960,8650,8860,671166,-0.019911504424778736
2022-02-15,8830,9060,8710,8730,615131,-0.01467268623024831
2022-02-16,8930,9280,8850,9270,1172869,0.061855670103092786
2022-02-17,9300,9540,9070,9280,2016752,0.0010787486515642097
2022-02-18,9170,9470,9170,9410,908664,0.014008620689655249
2022-02-21,9270,9460,9210,9450,662665,0.004250797024442088
2022-02-22,9230,9320,9100,9120,729422,-0.03492063492063491
2022-02-23,9190,9270,9100,9200,468776,0.00877192982456143
2022-02-24,9060,9170,8830,8850,856307,-0.03804347826086951
2022-02-25,9060,9200,9020,9120,559839,0.03050847457627115
2022-02-28,9060,9310,9050,9300,544602,0.019736842105263053
2022-03-02,9260,9390,9160,9350,454271,0.005376344086021501
2022-03-03,9370,9410,9310,9390,523203,0.004278074866310266
2022-03-04,9400,9400,9270,9370,448478,-0.0021299254526091493
2022-03-07,9280,9290,9100,9140,514295,-0.0245464247598719
2022-03-08,8970,9150,8960,9110,647345,-0.003282275711159688
2022-03-10,8600,8650,7990,8130,5260476,-0.10757409440175636
2022-03-11,8170,8500,8110,8430,2144973,0.03690036900368998
2022-03-14,8320,8390,8060,8090,1768964,-0.04033214709371291
2022-03-15,8220,8270,8090,8100,919246,0.0012360939431397266
2022-03-16,8220,8350,8130,8300,902735,0.024691358024691468
2022-03-17,8420,8580,8390,8550,1100573,0.030120481927710774
2022-03-18,8560,8570,8430,8540,573661,-0.0011695906432748204
2022-03-21,8550,9000,8480,8490,1588780,-0.005854800936768156
2022-03-22,8490,8620,8460,8560,408490,0.008244994110718551
2022-03-23,8610,8720,8540,8660,798063,0.011682242990654235
2022-03-24,8620,8800,8550,8800,709862,0.01616628175519641
2022-03-25,8760,8920,8670,8810,764307,0.001136363636363713
2022-03-28,8750,8880,8670,8820,491432,0.0011350737797957144
2022-03-29,8820,8950,8800,8910,652633,0.010204081632652962
2022-03-30,8940,9020,8900,8980,493617,0.007856341189674598
2022-03-31,8950,9050,8920,9050,483731,0.007795100222717233
2022-04-01,8980,9220,8970,9180,903275,0.01436464088397793
2022-04-04,9200,9270,9010,9090,832257,-0.009803921568627416
2022-04-05,9200,9350,9080,9140,1021212,0.005500550055005604
2022-04-06,9050,9180,9000,9120,571100,-0.002188183807439792
2022-04-07,9050,9120,8900,9020,640258,-0.010964912280701733
2022-04-08,9020,9170,8910,9170,568451,0.016629711751662946
2022-04-11,9160,9260,9130,9190,507237,0.0021810250817884125
2022-04-12,9050,9230,9010,9190,675312,0.0
2022-04-13,9170,9370,9100,9180,921529,-0.0010881392818280489
2022-04-14,9200,9320,9150,9250,551036,0.007625272331154731
2022-04-15,9200,9260,9150,9200,347824,-0.00540540540540535
2022-04-18,9220,9230,9050,9060,440678,-0.01521739130434785
2022-04-19,9070,9360,9070,9290,892359,0.025386313465783683
2022-04-20,9280,9390,9260,9360,691570,0.00753498385360607
2022-04-21,9410,9420,9120,9130,676204,-0.024572649572649596
2022-04-22,9200,9230,8790,8800,1269306,-0.03614457831325302
2022-04-25,8620,8720,8420,8430,925354,-0.0420454545454545
2022-04-26,8450,8570,8440,8530,597818,0.011862396204033177
2022-04-27,8650,8700,8460,8480,919961,-0.0058616647127783805
2022-04-28,8530,8670,8520,8620,500345,0.01650943396226423
2022-04-29,8630,8750,8580,8730,489551,0.012761020881670637
2022-05-02,8650,8750,8590,8710,346186,-0.002290950744558984
2022-05-03,8720,8800,8660,8800,451522,0.010332950631458004
2022-05-04,8850,8850,8620,8620,379147,-0.020454545454545503
2022-05-06,8510,8570,8430,8500,444864,-0.0139211136890951
2022-05-09,8420,8450,7960,7990,1282160,-0.06000000000000005
2022-05-10,7790,7850,7620,7800,1066138,-0.02377972465581979
2022-05-11,7740,7950,7740,7950,452242,0.019230769230769162
2022-05-12,7760,7840,7540,7570,752242,-0.04779874213836477
2022-05-13,7600,8050,7600,7980,812011,0.05416116248348746
2022-05-16,8090,8200,8000,8030,758443,0.006265664160401085
2022-05-17,7940,8130,7940,8080,389000,0.0062266500622665255
2022-05-18,8120,8170,8000,8170,534231,0.011138613861386037
2022-05-19,7900,7970,7860,7890,600620,-0.03427172582619342
2022-05-20,7900,8020,7840,7960,656621,0.008871989860582907
2022-05-23,7980,7980,7860,7940,374208,-0.002512562814070307
2022-05-24,7940,8030,7700,7700,492101,-0.030226700251889116
2022-05-25,7750,7920,7670,7750,406056,0.006493506493506551
2022-05-26,7770,7950,7710,7750,417844,0.0
2022-05-27,7830,8000,7820,7940,432129,0.02451612903225797
2022-05-30,8020,8090,7970,8020,414193,0.010075566750629816
2022-05-31,8050,8050,7960,8000,387092,-0.0024937655860348684
2022-06-02,7950,8060,7910,7960,257689,-0.0050000000000000044
2022-06-03,8040,8120,8000,8030,353176,0.008793969849246297
2022-06-07,8000,8000,7810,7810,483609,-0.0273972602739726
2022-06-08,7820,7930,7800,7870,288378,0.007682458386683688
2022-06-09,8100,8610,7980,8470,4216516,0.07623888182973326
2022-06-10,8380,8950,8350,8720,2787179,0.029515938606847758
2022-06-13,8610,8720,8250,8300,1902261,-0.04816513761467889
2022-06-14,8180,8330,8070,8270,1017870,-0.0036144578313253017
2022-06-15,8250,8310,7600,7650,2197047,-0.07496977025392981
2022-06-16,7690,7840,7250,7250,2227609,-0.05228758169934644
2022-06-17,7000,7170,6850,7080,1415425,-0.02344827586206899
2022-06-20,7150,7220,6620,6680,1431932,-0.05649717514124297
2022-06-21,6700,6890,6640,6800,720988,0.017964071856287456
2022-06-22,6830,6870,6500,6500,1022460,-0.044117647058823484
2022-06-23,6470,6690,6250,6250,1131752,-0.038461538461538436
2022-06-24,6250,6670,6250,6670,789504,0.06719999999999993
2022-06-27,6720,6960,6700,6800,657979,0.019490254872563728
2022-06-28,6800,6950,6760,6860,382108,0.008823529411764675
2022-06-29,6710,6960,6660,6840,370646,-0.002915451895043719
2022-06-30,6810,6880,6650,6670,446111,-0.024853801169590684
2022-07-01,6670,6840,6500,6550,520143,-0.01799100449775115
2022-07-04,6590,6640,6340,6520,483709,-0.004580152671755711
2022-07-05,6550,6870,6550,6840,458497,0.04907975460122693
2022-07-06,6790,6890,6670,6670,513066,-0.024853801169590684
2022-07-07,6730,6840,6670,6760,338566,0.013493253373313419
2022-07-08,6780,6840,6680,6740,508666,-0.00295857988165682
2022-07-11,6720,6820,6650,6780,427077,0.005934718100890191
2022-07-12,6700,6730,6380,6400,700238,-0.05604719764011801
2022-07-13,6390,6610,6310,6530,381913,0.020312499999999956
2022-07-14,6470,6730,6410,6620,436629,0.013782542113323082
2022-07-15,6680,6690,6450,6580,301161,-0.0060422960725075026
2022-07-18,6640,6800,6640,6790,328377,0.03191489361702127
2022-07-19,6710,6850,6690,6810,302449,0.002945508100147265
2022-07-20,6900,6920,6760,6810,359547,0.0
2022-07-21,6800,6870,6780,6860,265729,0.007342143906020615
2022-07-22,6870,7000,6810,6860,538275,0.0
2022-07-25,6850,6930,6800,6860,279873,0.0
2022-07-26,6940,6970,6820,6890,216663,0.004373177842565523
2022-07-27,6890,7150,6890,7040,544516,0.021770682148040565
2022-07-28,7100,7200,6970,7040,326413,0.0
2022-07-29,7050,7160,7000,7070,282499,0.0042613636363635354
2022-08-01,7100,7140,7040,7100,300131,0.004243281471004279
2022-08-02,7050,7120,6940,7000,372309,-0.014084507042253502
2022-08-03,6960,7100,6960,7070,250486,0.010000000000000009
2022-08-04,7100,7250,7090,7220,500695,0.021216407355021172
2022-08-05,7250,7330,7210,7240,498611,0.0027700831024930483
2022-08-08,7240,7260,7080,7230,320219,-0.0013812154696132284
2022-08-09,7210,7520,7170,7460,603479,0.03181189488243441
2022-08-10,7460,7580,7350,7480,566554,0.002680965147453085
2022-08-11,7550,7680,7470,7500,561893,0.002673796791443861
2022-08-12,7480,7640,7460,7590,348992,0.01200000000000001
2022-08-16,7790,7800,7500,7530,532081,-0.007905138339920903
2022-08-17,7340,7470,7200,7220,861001,-0.04116865869853914
2022-08-18,7220,7310,7040,7220,484534,0.0
2022-08-19,7230,7380,7210,7270,331629,0.006925207756232732
2022-08-22,7120,7210,7000,7010,562303,-0.03576341127922966
2022-08-23,6880,6980,6720,6740,571289,-0.03851640513552068
2022-08-24,6750,6990,6750,6940,356824,0.029673590504450953
2022-08-25,6950,7230,6930,7220,467251,0.04034582132564846
2022-08-26,7250,7250,6990,7010,500476,-0.02908587257617734
2022-08-29,6700,6790,6660,6670,856055,-0.04850213980028528
2022-08-30,6700,6830,6680,6820,472044,0.022488755622188883
2022-08-31,6730,6850,6730,6820,350161,0.0
2022-09-01,6700,6740,6550,6560,549122,-0.038123167155425186
2022-09-02,6590,6710,6490,6510,416524,-0.007621951219512146
2022-09-05,6440,6580,6380,6420,426269,-0.01382488479262678
2022-09-06,6430,6560,6430,6480,338859,0.009345794392523255
2022-09-07,6440,6470,6260,6310,435037,-0.026234567901234573
2022-09-08,6360,6920,6360,6380,1056287,0.011093502377178988
2022-09-13,6480,6680,6480,6680,567044,0.047021943573667624
2022-09-14,6450,6510,6360,6450,406575,-0.034431137724550864
2022-09-15,6500,6580,6450,6490,325531,0.006201550387596955
2022-09-16,6410,6530,6400,6490,270535,0.0
2022-09-19,6460,6510,6300,6350,320745,-0.02157164869029271
2022-09-20,6380,6540,6380,6510,373623,0.025196850393700787
2022-09-21,6490,6570,6390,6430,279214,-0.01228878648233489
2022-09-22,6290,6390,6120,6190,686001,-0.03732503888024885
2022-09-23,6370,6390,6100,6130,790836,-0.009693053311793265
2022-09-26,5950,6100,5770,5770,882421,-0.05872756933115819
2022-09-27,5680,5870,5640,5810,500785,0.006932409012131657
2022-09-28,5780,5920,5550,5650,655873,-0.027538726333907082
2022-09-29,5750,5850,5630,5640,398749,-0.001769911504424737
2022-09-30,5530,5650,5450,5610,484734,-0.005319148936170248
2022-10-04,5740,5790,5690,5760,337135,0.02673796791443861
2022-10-05,5850,5870,5510,5540,503597,-0.03819444444444442
2022-10-06,5560,5620,5540,5590,339712,0.00902527075812265
2022-10-07,5490,5660,5490,5530,339038,-0.01073345259391767
2022-10-11,5400,5410,5170,5170,552915,-0.06509945750452084
2022-10-12,5170,5300,5100,5270,472301,0.01934235976789167
2022-10-13,5220,5340,5010,5010,570780,-0.04933586337760909
2022-10-14,5130,5330,5120,5290,437522,0.055888223552894134
2022-10-17,5180,5250,5120,5230,219615,-0.011342155009451793
2022-10-18,5390,5410,5260,5380,287181,0.028680688336520044
2022-10-19,5390,5450,5250,5250,330666,-0.024163568773234223
2022-10-20,5210,5290,5090,5130,303831,-0.02285714285714291
2022-10-21,5100,5220,5090,5110,207493,-0.003898635477582846
2022-10-24,5220,5330,5150,5210,377696,0.019569471624266255
2022-10-25,5210,5270,5130,5200,226661,-0.0019193857965451588
2022-10-26,5230,5250,5160,5200,181788,0.0
2022-10-27,5200,5310,5190,5300,178735,0.019230769230769162
2022-10-28,5250,5340,5150,5220,287331,-0.015094339622641506
2022-10-31,5270,5300,5220,5290,171098,0.013409961685823646
2022-11-01,5290,5520,5270,5460,412738,0.032136105860113506
2022-11-02,5430,5520,5380,5440,302315,-0.00366300366300365
2022-11-03,5350,5390,5270,5290,325115,-0.02757352941176472
2022-11-04,5330,5510,5230,5470,461976,0.03402646502835549
2022-11-07,5470,5540,5410,5520,373131,0.009140767824497242
2022-11-08,5580,5920,5570,5850,1752043,0.059782608695652106
2022-11-09,5890,5950,5790,5830,726580,-0.0034188034188034067
2022-11-10,5700,5820,5670,5720,443502,-0.018867924528301883
2022-11-11,5900,6050,5850,6000,883823,0.04895104895104896
2022-11-14,6020,6120,5950,6020,547990,0.0033333333333334103
2022-11-15,6020,6400,6020,6320,853576,0.04983388704318936
2022-11-16,6350,6360,6220,6240,419567,-0.012658227848101222
2022-11-17,6180,6330,6110,6210,453533,-0.004807692307692291
2022-11-18,6220,6330,6200,6210,346042,0.0
2022-11-21,6220,6270,6060,6120,328815,-0.01449275362318836
2022-11-22,6120,6150,6000,6050,324531,-0.011437908496731986
2022-11-23,6080,6200,6080,6190,234677,0.023140495867768562
2022-11-24,6250,6330,6210,6300,201179,0.017770597738287597
2022-11-25,6300,6350,6220,6270,193736,-0.004761904761904745
2022-11-28,6260,6260,6050,6130,330146,-0.022328548644338087
2022-11-29,6050,6350,6050,6290,463417,0.02610114192495927
2022-11-30,6300,6560,6290,6350,1089812,0.009538950715421324
2022-12-01,6480,6530,6410,6450,499301,0.015748031496062964
2022-12-02,6480,6500,6310,6330,277440,-0.018604651162790753
2022-12-05,6310,6550,6310,6440,428634,0.017377567140600236
2022-12-06,6380,6440,6280,6280,309901,-0.024844720496894457
2022-12-07,6370,6500,6240,6400,681211,0.019108280254777066
2022-12-08,6370,6420,6200,6210,468458,-0.029687499999999978
2022-12-09,6230,6480,6230,6440,597023,0.03703703703703698
2022-12-12,6400,6440,6220,6250,351787,-0.029503105590062084
2022-12-13,6690,6770,6390,6600,2610630,0.05600000000000005
2022-12-14,6600,6600,6450,6530,506966,-0.010606060606060619
2022-12-15,6500,6530,6390,6400,511909,-0.019908116385911168
2022-12-16,6220,6370,6220,6310,443467,-0.014062499999999978
2022-12-19,6290,6390,6220,6320,248627,0.0015847860538826808
2022-12-20,6330,6360,6150,6160,395471,-0.025316455696202556
2022-12-21,6180,6490,6180,6480,687684,0.051948051948051965
2022-12-22,6530,6840,6490,6780,1475464,0.04629629629629628
2022-12-23,6710,6740,6570,6570,633040,-0.030973451327433676
2022-12-26,6620,6680,6460,6560,670809,-0.0015220700152207556
2022-12-27,6560,6830,6550,6780,1150347,0.03353658536585358
2022-12-28,6720,6830,6640,6700,640146,-0.01179941002949858
2022-12-29,6620,6710,6500,6680,533751,-0.0029850746268657025
2023-01-02,6670,6700,6390,6450,637592,-0.034431137724550864
2023-01-03,6440,6500,6300,6390,579290,-0.009302325581395321
2023-01-04,6320,6450,6280,6430,281826,0.006259780907668322
2023-01-05,6480,6510,6330,6350,378598,-0.01244167962674958
2023-01-06,6300,6530,6300,6460,431774,0.017322834645669305
2023-01-09,6510,6720,6510,6690,514273,0.035603715170278605
2023-01-10,6700,6700,6510,6530,381652,-0.02391629297458897
2023-01-11,6620,6760,6590,6750,622881,0.03369065849923425
2023-01-12,6800,6830,6600,6600,511526,-0.022222222222222254
2023-01-13,6620,6720,6580,6650,321254,0.007575757575757569
2023-01-16,6800,7500,6780,7330,10610763,0.10225563909774427
2023-01-17,7250,7650,7180,7310,3592763,-0.0027285129604365244
2023-01-18,7290,7360,7150,7210,1054935,-0.013679890560875485
2023-01-19,7160,7430,7120,7390,1338677,0.02496532593619971
2023-01-20,7330,7380,7130,7300,1252473,-0.012178619756427644
2023-01-25,7400,7750,7340,7670,2236202,0.050684931506849384
2023-01-26,7680,7750,7510,7640,1534686,-0.003911342894393766
2023-01-27,7660,7790,7570,7720,1088334,0.010471204188481575
2023-01-30,7760,7790,7530,7600,867130,-0.015544041450777257
2023-01-31,7600,7900,7600,7880,1594051,0.03684210526315779
2023-02-01,7860,7900,7720,7810,941107,-0.008883248730964466
2023-02-02,7880,7910,7690,7750,1117787,-0.007682458386683688
2023-02-03,7780,7790,7610,7740,843969,-0.001290322580645209
2023-02-06,7680,7810,7590,7740,649460,0.0
2023-02-07,7740,7800,7640,7740,741213,0.0
2023-02-08,7790,7860,7690,7860,773274,0.015503875968992276
2023-02-09,7830,7930,7760,7870,801011,0.0012722646310432406
2023-02-10,7870,8040,7720,7750,1108699,-0.015247776365946653
2023-02-13,7730,7950,7660,7830,1257703,0.010322580645161228
2023-02-14,7840,7890,7710,7710,615221,-0.01532567049808431
2023-02-15,7730,7760,7390,7480,1352527,-0.02983138780804151
2023-02-16,7480,7700,7470,7640,944686,0.021390374331550888
2023-02-17,7580,7730,7510,7630,507291,-0.0013089005235602524
2023-02-20,7680,7690,6920,7100,5254675,-0.06946264744429886
2023-02-21,7080,7130,6970,7090,1442460,-0.0014084507042253502
2023-02-22,6990,7070,6960,7000,1175831,-0.012693935119887145
2023-02-23,7030,7280,7000,7180,1047868,0.0257142857142858
2023-02-24,7190,7200,7040,7100,537710,-0.011142061281337101
2023-02-27,7030,7130,6960,7110,529632,0.0014084507042253502
2023-02-28,7160,7280,7130,7270,737592,0.02250351617440227
2023-03-02,7340,7390,7210,7340,753172,0.009628610729023324
2023-03-03,7380,7390,7200,7210,577215,-0.017711171662125325
2023-03-06,7210,7260,7090,7160,497219,-0.006934812760055475
2023-03-07,7160,7260,7130,7160,513741,0.0
2023-03-08,7100,7220,6990,7180,725246,0.0027932960893854997
2023-03-09,7180,7260,7110,7230,459280,0.0069637883008355494
2023-03-10,7150,7150,6970,7000,738309,-0.0318118948824343
2023-03-13,6970,6990,6780,6960,612938,-0.005714285714285672
2023-03-14,6870,6900,6580,6580,779991,-0.054597701149425304
2023-03-15,6700,6720,6440,6470,778223,-0.016717325227963542
2023-03-16,6360,6500,6240,6390,695419,-0.012364760432766575
2023-03-17,6480,6630,6470,6620,589723,0.03599374021909241
2023-03-20,6620,6720,6490,6520,490386,-0.015105740181268867
2023-03-21,6610,6610,6480,6520,333573,0.0
2023-03-22,6570,6600,6420,6470,470358,-0.0076687116564416735
2023-03-23,6470,6500,6370,6460,499868,-0.0015455950540957941
2023-03-24,6490,6560,6400,6560,545406,0.015479876160990669
2023-03-27,6600,6600,6340,6480,483823,-0.012195121951219523
2023-03-28,6480,6720,6480,6650,546252,0.026234567901234573
2023-03-29,6730,7030,6660,6900,1167929,0.03759398496240607
2023-03-30,6870,6870,6710,6750,657669,-0.021739130434782594
2023-03-31,6800,6820,6660,6780,453775,0.004444444444444473
2023-04-03,6660,6850,6350,6850,809393,0.010324483775811188
2023-04-04,6850,6930,6710,6880,696119,0.004379562043795637
2023-04-05,6880,6940,6810,6820,534079,-0.008720930232558155
2023-04-06,6820,6850,6670,6740,531939,-0.011730205278592365
2023-04-07,6810,6820,6670,6770,394189,0.004451038575667754
2023-04-10,6790,6800,6560,6730,591686,-0.005908419497784312
2023-04-11,6770,6980,6660,6950,925729,0.03268945022288272
2023-04-12,6980,7050,6900,7030,575859,0.011510791366906581
2023-04-13,7030,7060,6920,7050,435043,0.002844950213371167
2023-04-14,7120,7180,7030,7130,709112,0.01134751773049647
2023-04-17,7100,7160,7030,7110,429291,-0.0028050490883591017
2023-04-18,7140,7270,7030,7230,825015,0.016877637130801704
2023-04-19,7240,7250,7090,7150,560294,-0.011065006915629283
2023-04-20,7140,7160,7040,7060,516315,-0.012587412587412583
2023-04-21,7060,7060,6740,6760,871976,-0.04249291784702547
2023-04-24,6740,6800,6580,6790,533977,0.004437869822485174
2023-04-25,6810,6880,6650,6740,457283,-0.007363770250368162
2023-04-26,6740,6770,6640,6720,336193,-0.0029673590504450953
2023-04-27,6750,6770,6580,6720,402328,0.0
2023-04-28,6490,6530,5460,6280,4570761,-0.06547619047619047
2023-05-02,6200,6400,6150,6280,559259,0.0
2023-05-03,6200,6490,6200,6360,709366,0.01273885350318471
2023-05-04,6330,6570,6280,6350,522296,-0.0015723270440252124
2023-05-08,6340,6480,6260,6450,418474,0.015748031496062964
2023-05-09,6390,6450,6320,6390,304686,-0.009302325581395321
2023-05-10,6400,6590,6340,6510,422912,0.018779342723004744
2023-05-11,6580,6690,6520,6630,492597,0.018433179723502224
2023-05-12,6620,6620,6490,6530,330055,-0.015082956259426794
2023-05-15,6530,6600,6410,6570,520473,0.006125574272588086
2023-05-16,6480,6530,6360,6410,666755,-0.0243531202435312
2023-05-17,6410,6540,6390,6500,232954,0.014040561622464809
2023-05-18,6510,6580,6440,6460,392773,-0.006153846153846176
2023-05-19,6460,6520,6410,6440,432231,-0.003095975232198178
2023-05-22,6410,6540,6360,6500,360703,0.009316770186335477
2023-05-23,6510,6560,6470,6540,216525,0.006153846153846176
2023-05-24,6490,6500,6400,6430,289649,-0.016819571865443472
2023-05-25,6450,6460,6190,6210,582099,-0.034214618973561484
2023-05-26,6230,6250,6070,6110,441770,-0.01610305958132041
2023-05-30,6100,6150,6060,6080,394195,-0.004909983633387904
2023-05-31,6080,6150,6060,6140,378755,0.009868421052631637
2023-06-01,6110,6120,6050,6060,276683,-0.013029315960912058
2023-06-02,6000,6110,5990,6070,545174,0.0016501650165017256
2023-06-05,6110,6350,6080,6320,471541,0.041186161449752845
2023-06-07,6360,6650,6340,6620,835027,0.04746835443037978
2023-06-08,6570,6660,6550,6660,480666,0.0060422960725075026
2023-06-09,6700,6790,6640,6670,641504,0.0015015015015014122
2023-06-12,6720,6740,6490,6620,510300,-0.007496251874062998
2023-06-13,6640,6690,6500,6580,402614,-0.0060422960725075026
2023-06-14,6680,6690,6440,6510,429122,-0.010638297872340385
2023-06-15,6520,6530,6250,6350,589027,-0.02457757296466978
2023-06-16,6350,6630,6350,6540,544467,0.029921259842519587
2023-06-19,6580,6580,6450,6510,275613,-0.004587155963302725
2023-06-20,6670,7180,6670,7040,3322442,0.08141321044546856
2023-06-21,7150,7860,7090,7570,5846084,0.07528409090909083
2023-06-22,7570,7600,7320,7430,1306866,-0.018494055482166427
2023-06-23,7430,7450,7250,7320,1046421,-0.014804845222072704
2023-06-26,7300,7410,7080,7180,964446,-0.01912568306010931
2023-06-27,7200,7330,7100,7270,691925,0.012534818941504211
2023-06-28,7370,7390,7060,7170,846534,-0.01375515818431916
2023-06-29,7150,7280,6950,7000,762211,-0.023709902370990243
2023-06-30,7030,7090,6920,7020,462421,0.0028571428571428914
2023-07-03,7120,7490,7090,7450,1104214,0.061253561253561184
2023-07-04,7450,7540,7320,7450,725529,0.0
2023-07-05,7470,7740,7380,7530,1210994,0.010738255033557076
2023-07-06,7500,7500,7230,7310,726879,-0.02921646746347939
2023-07-07,7230,7310,7070,7160,558831,-0.020519835841313228
2023-07-10,7110,7240,6990,7020,676381,-0.019553072625698276
2023-07-11,7040,7120,6970,7100,417034,0.01139601139601143
2023-07-12,7090,7130,6780,7000,813674,-0.014084507042253502
2023-07-13,7050,7330,6990,7300,839672,0.04285714285714293
2023-07-14,7260,7370,7160,7200,639831,-0.013698630136986356
2023-07-17,7120,7180,6950,7100,456332,-0.01388888888888884
2023-07-18,7230,7340,7000,7050,726098,-0.007042253521126751
2023-07-19,7020,7110,6790,6840,670852,-0.029787234042553234
2023-07-20,6880,6980,6760,6890,384849,0.007309941520467822
2023-07-21,6800,6940,6740,6800,533567,-0.013062409288824406
2023-07-24,6840,6840,6610,6720,586426,-0.0117647058823529
2023-07-25,6700,6720,6550,6630,578352,-0.013392857142857095
2023-07-26,6630,6700,6490,6550,927240,-0.012066365007541435
2023-07-27,6620,6900,6610,6840,641390,0.04427480916030535
2023-07-28,6880,6880,6700,6730,461773,-0.016081871345029253
2023-07-31,6770,6800,6620,6720,372138,-0.0014858841010401136
2023-08-01,6690,6850,6660,6660,508478,-0.008928571428571397
2023-08-02,6650,6730,6520,6600,464169,-0.009009009009009028
2023-08-03,6600,6630,6410,6610,343803,0.0015151515151514694
2023-08-04,6610,6630,6490,6510,337113,-0.015128593040847238
2023-08-07,6470,6730,6430,6700,430195,0.029185867895545226
2023-08-08,6730,6970,6590,6770,706101,0.010447761194029903
2023-08-09,6790,6870,6670,6730,293845,-0.005908419497784312
2023-08-10,6880,8580,6820,8430,32487760,0.2526002971768202
2023-08-11,8490,9290,8430,8620,24289241,0.022538552787663146
2023-08-14,8480,9030,8470,8730,9727753,0.012761020881670637
2023-08-16,8750,8750,8310,8360,4683920,-0.04238258877434131
2023-08-17,8210,8270,7920,8190,3721626,-0.020334928229665095
2023-08-18,8070,8420,7930,8040,3348239,-0.01831501831501836
2023-08-21,8010,8420,7960,8160,2474980,0.014925373134328401
2023-08-22,8180,8240,8030,8070,1476710,-0.011029411764705843
2023-08-23,8100,8320,8060,8130,1736169,0.0074349442379182396
2023-08-24,8060,8130,7710,8070,2153794,-0.0073800738007380184
2023-08-25,7950,8140,7850,7960,1517796,-0.013630731102850069
2023-08-28,8050,8260,7930,8010,2113813,0.00628140703517599
2023-08-29,8040,8340,7970,8160,2047159,0.01872659176029967
2023-08-30,8190,8230,8010,8170,1280431,0.001225490196078427
2023-08-31,8250,8300,8090,8180,1233443,0.001223990208078396
2023-09-01,8140,8280,7990,8160,1519477,-0.0024449877750610804
2023-09-04,8180,8190,7800,7910,1765160,-0.030637254901960786
2023-09-05,7880,8000,7770,7810,885736,-0.012642225031605614
2023-09-06,7830,8180,7760,7960,1452802,0.019206145966709443
2023-09-07,7970,7970,7800,7960,933896,0.0
2023-09-08,7980,8030,7840,7970,637109,0.0012562814070351536
2023-09-11,7970,7980,7800,7930,681902,-0.005018820577164407
2023-09-12,7980,8110,7850,7890,849325,-0.0050441361916772065
2023-09-13,7850,8050,7800,7810,610007,-0.010139416983523497
2023-09-14,7860,8030,7750,7840,837954,0.003841229193341844
2023-09-15,7820,8000,7810,7950,554317,0.014030612244897878
2023-09-18,7870,7980,7840,7930,422822,-0.002515723270440251
2023-09-19,7930,7970,7750,7830,478523,-0.01261034047919296
2023-09-20,7800,7900,7650,7780,609913,-0.0063856960408684715
2023-09-21,7720,7760,7510,7530,739889,-0.03213367609254503
2023-09-22,7450,7600,7400,7550,587364,0.0026560424966799445
2023-09-25,7550,7650,7400,7530,480007,-0.0026490066225165476
2023-09-26,7500,7610,7220,7290,617884,-0.031872509960159334
2023-09-27,7240,7420,7170,7370,375605,0.010973936899862924
2023-10-04,7220,7230,7000,7060,506686,-0.042062415196743586
2023-10-05,7130,7180,6940,6990,498424,-0.009915014164305958
2023-10-06,6920,7060,6920,6980,341234,-0.0014306151645206988
2023-10-10,6980,7130,6870,6900,508333,-0.011461318051575908
2023-10-11,7000,7240,7000,7110,380983,0.0304347826086957
2023-10-12,7120,7360,7120,7330,628255,0.030942334739803012
2023-10-13,7270,7380,7120,7210,410700,-0.016371077762619368
2023-10-16,7200,7250,7080,7180,461587,-0.004160887656033285
2023-10-17,7250,7480,7190,7360,561012,0.025069637883008422
2023-10-18,7360,7360,7150,7220,451276,-0.01902173913043481
2023-10-19,7310,7430,7110,7190,869599,-0.0041551246537395725
2023-10-20,7140,7180,6790,6950,1019178,-0.033379694019471495
2023-10-23,6850,7000,6770,6930,432271,-0.0028776978417266452
2023-10-24,6900,7000,6800,6980,679517,0.00721500721500723
2023-10-25,7010,7050,6870,6920,471359,-0.008595988538681931
2023-10-26,6790,6870,6620,6720,639286,-0.028901734104046284
2023-10-27,6720,6820,6610,6790,516805,0.01041666666666674
2023-10-30,6700,6820,6590,6780,519733,-0.0014727540500736325
2023-10-31,6830,6910,6630,6650,460924,-0.019174041297935096
2023-11-01,6690,6750,6600,6650,332718,0.0
2023-11-02,6740,6810,6650,6730,468087,0.012030075187969835
2023-11-03,6820,6910,6680,6890,485295,0.023774145616641817
2023-11-06,7110,7230,7030,7230,876886,0.04934687953555872
2023-11-07,7250,7300,7050,7170,574989,-0.008298755186721962
2023-11-08,7230,7370,7200,7320,564646,0.02092050209205021
2023-11-09,7350,7380,7250,7300,281214,-0.002732240437158473
2023-11-10,7170,7270,7060,7220,392787,-0.010958904109588996
2023-11-13,7330,7410,6680,6800,1810601,-0.05817174515235457
2023-11-14,6810,6890,6640,6700,808055,-0.014705882352941124
2023-11-15,6790,6840,6700,6810,534676,0.016417910447761086
2023-11-16,6810,6890,6700,6860,676324,0.007342143906020615
2023-11-17,6930,6940,6620,6650,867317,-0.030612244897959218
2023-11-20,6670,6890,6670,6840,596040,0.02857142857142847
2023-11-21,6860,6980,6780,6800,599768,-0.005847953216374324
2023-11-22,6810,6830,6650,6710,647365,-0.013235294117647012
2023-11-23,6740,6850,6730,6760,457866,0.007451564828613977
2023-11-24,6760,6810,6690,6810,346188,0.007396449704142105
2023-11-27,6880,6940,6830,6890,542958,0.011747430249632984
2023-11-28,6900,6930,6730,6800,598419,-0.013062409288824406
2023-11-29,6740,6740,6500,6520,1277243,-0.04117647058823526
2023-11-30,6550,6560,6440,6460,689686,-0.009202453987730008
2023-12-01,6460,6490,6340,6340,659023,-0.018575851393188847
2023-12-04,6380,6400,6340,6360,384464,0.003154574132492094
2023-12-05,6370,6430,6290,6360,442453,0.0
2023-12-06,6410,6620,6390,6600,512949,0.037735849056603765
2023-12-07,6630,6660,6480,6480,314538,-0.018181818181818188
2023-12-08,6540,6570,6480,6550,335093,0.010802469135802406
2023-12-11,6610,6630,6520,6540,315225,-0.0015267175572518665
2023-12-12,6550,6590,6500,6540,495898,0.0
2023-12-13,6540,6580,6410,6410,314852,-0.019877675840978548
2023-12-14,6490,6810,6440,6520,1241586,0.01716068642745716
2023-12-15,6560,6700,6500,6530,529578,0.0015337423312884457
2023-12-18,6600,6690,6570,6640,334398,0.016845329249617125
2023-12-19,6600,6820,6540,6800,1166882,0.024096385542168752
2023-12-20,6760,6820,6670,6690,637404,-0.016176470588235348
2023-12-21,6640,6730,6620,6630,395096,-0.008968609865470878
2023-12-22,6660,6670,6530,6540,395373,-0.013574660633484115
2023-12-26,6540,6540,6430,6450,650954,-0.013761467889908285
2023-12-27,6430,6510,6400,6450,380731,0.0
2023-12-28,6450,6540,6410,6530,341105,0.01240310077519391
2024-01-02,6490,6600,6480,6600,462722,0.010719754977029039
2024-01-03,6530,6600,6500,6560,369245,-0.0060606060606061
2024-01-04,6600,6620,6510,6530,422825,-0.004573170731707266
2024-01-05,6570,6570,6440,6470,448509,-0.009188361408882129
2024-01-08,6430,6470,6320,6330,717466,-0.021638330757341562
2024-01-09,6380,6450,6320,6350,594109,0.003159557661927437
2024-01-10,6340,6970,6300,6570,2953550,0.03464566929133861
2024-01-11,6630,7000,6560,6810,3555812,0.0365296803652968
2024-01-12,6820,6870,6650,6800,1044451,-0.001468428781204123
2024-01-15,6810,6890,6720,6800,552111,0.0
2024-01-16,6800,6930,6680,6840,945539,0.00588235294117645
2024-01-17,6870,6880,6580,6600,881886,-0.03508771929824561
2024-01-18,6670,6690,6540,6590,436470,-0.0015151515151514694
2024-01-19,6630,6780,6580,6590,723153,0.0
2024-01-22,6690,6690,6540,6540,406472,-0.007587253414264028
2024-01-23,6600,6660,6500,6570,553202,0.004587155963302836
2024-01-24,6580,6590,6200,6240,1663304,-0.05022831050228316
2024-01-25,6250,6270,6100,6200,575991,-0.0064102564102563875
2024-01-26,6160,6310,6160,6210,520110,0.001612903225806539
2024-01-29,6240,6250,6100,6160,481531,-0.008051529790660261
2024-01-30,6180,6250,6130,6140,493578,-0.0032467532467532756
2024-01-31,6120,6180,6090,6100,403823,-0.006514657980456029
2024-02-01,6080,6160,6050,6140,676327,0.006557377049180246
2024-02-02,6160,6250,6160,6250,847802,0.01791530944625408
2024-02-05,6270,6330,6210,6290,680512,0.006399999999999961
2024-02-06,6300,6320,6180,6260,379347,-0.004769475357710662
2024-02-07,6300,6410,6250,6300,701074,0.006389776357827559
2024-02-08,6340,6400,6270,6310,620383,0.0015873015873015817
2024-02-13,6320,6410,6310,6380,529619,0.011093502377178988
2024-02-14,6320,6500,6310,6490,651986,0.01724137931034475
2024-02-15,6510,6680,6380,6510,1262840,0.0030816640986133237
2024-02-16,6570,6620,6380,6430,1113619,-0.01228878648233489
2024-02-19,6490,6880,6440,6670,2741560,0.03732503888024885
2024-02-20,6650,6700,6520,6600,712745,-0.010494752623688153
2024-02-21,6560,6670,6520,6520,614400,-0.012121212121212088
2024-02-22,6520,6610,6500,6580,506585,0.009202453987730008
2024-02-23,6590,6590,6400,6430,621278,-0.022796352583586588
2024-02-26,6430,6430,6310,6340,535530,-0.013996889580093264
2024-02-27,6340,6410,6220,6250,586551,-0.014195583596214534
2024-02-28,6270,6300,6230,6250,300690,0.0
2024-02-29,6220,6360,6210,6290,386944,0.006399999999999961
2024-03-04,6310,6360,6260,6310,446102,0.0031796502384737746
2024-03-05,6380,6600,6360,6500,1307438,0.030110935023771823
2024-03-06,6520,6550,6390,6430,628116,-0.010769230769230753
2024-03-07,6430,6500,6320,6390,763660,-0.0062208398133748455
2024-03-08,6390,6490,6370,6390,452877,0.0
2024-03-11,6330,6440,6310,6400,343266,0.0015649452269170805
2024-03-12,6460,6480,6360,6450,400524,0.0078125
2024-03-13,6450,6460,6380,6440,513722,-0.0015503875968991832
2024-03-14,6680,6920,6390,6390,2620687,-0.00776397515527949
2024-03-15,6410,6420,6270,6280,806040,-0.017214397496087663
2024-03-18,6310,6370,6280,6320,375506,0.006369426751592355
2024-03-19,6300,6330,6250,6260,410505,-0.009493670886076
2024-03-20,6310,6310,6250,6250,340980,-0.0015974440894568342
2024-03-21,6280,6330,6280,6300,261073,0.008000000000000007
2024-03-22,6370,6540,6310,6430,890829,0.02063492063492056
2024-03-25,6450,6470,6370,6420,357134,-0.0015552099533436836
2024-03-26,6570,6580,6370,6400,688495,-0.0031152647975077885
2024-03-27,6370,6460,6370,6440,432670,0.006250000000000089
2024-03-28,6500,6560,6380,6420,1260752,-0.0031055900621117516
2024-03-29,6430,6450,6350,6390,430578,-0.004672897196261627
2024-04-01,6440,6560,6400,6510,1054165,0.018779342723004744
2024-04-02,6510,6550,6370,6380,675893,-0.019969278033794113
2024-04-03,6380,6420,6290,6320,526972,-0.009404388714733591
2024-04-04,6380,6390,6300,6320,381275,0.0
2024-04-05,6260,6340,6260,6330,313626,0.0015822784810126667
2024-04-08,6370,6370,6270,6310,481590,-0.003159557661927326
2024-04-09,6330,6450,6310,6390,568252,0.01267828843106189
2024-04-11,6430,6500,6290,6350,723490,-0.006259780907668211
2024-04-12,6330,6360,6260,6280,411276,-0.011023622047244053
2024-04-15,6210,6240,6060,6080,684231,-0.031847133757961776
2024-04-16,6040,6070,5880,5920,574543,-0.02631578947368418
2024-04-17,5890,6030,5880,5890,364679,-0.0050675675675675436
2024-04-18,5940,6020,5930,6000,227364,0.018675721561969505
2024-04-19,5980,6000,5900,5960,395889,-0.00666666666666671
2024-04-22,6000,6080,5940,5980,373076,0.003355704697986628
2024-04-23,5960,6030,5880,5940,580211,-0.006688963210702337
2024-04-24,5980,6010,5940,5990,405549,0.008417508417508435
2024-04-25,5960,6240,5950,6080,446298,0.015025041736226985
2024-04-26,6110,6270,6090,6120,481562,0.006578947368421018
2024-04-29,6170,6340,6160,6340,861833,0.03594771241830075
2024-04-30,6320,6500,6280,6380,654680,0.006309148264984188
2024-05-02,6340,6400,6280,6320,213009,-0.009404388714733591
2024-05-03,6340,6390,6200,6280,336692,-0.006329113924050667
2024-05-07,6330,6350,6180,6200,377063,-0.01273885350318471
2024-05-08,6180,6240,6170,6200,135401,0.0
2024-05-09,6210,6250,6130,6140,220839,-0.009677419354838679
2024-05-10,6160,6250,6150,6220,222533,0.013029315960912058
2024-05-13,6240,6240,6170,6210,155250,-0.001607717041800627
2024-05-14,6190,6270,6170,6170,171554,-0.006441223832528209
2024-05-16,6140,6420,6140,6160,1050503,-0.0016207455429497752
2024-05-17,6220,6270,6090,6120,479937,-0.00649350649350644
2024-05-20,6140,6200,6090,6120,280941,0.0
2024-05-21,6100,6150,6050,6050,283982,-0.011437908496731986
2024-05-22,6050,6100,6000,6040,251059,-0.0016528925619834212
2024-05-23,6010,6050,5990,6050,166176,0.0016556291390728006
2024-05-24,6020,6070,5980,6050,160168,0.0
2024-05-27,6050,6110,6020,6100,237407,0.008264462809917328
2024-05-28,6080,6110,6020,6030,164464,-0.011475409836065542
2024-05-29,6030,6060,5960,5980,255198,-0.008291873963515717
2024-05-30,5950,6000,5880,5900,264161,-0.013377926421404673
2024-05-31,5900,6010,5900,6000,296921,0.016949152542372836
2024-06-03,6000,6070,5990,6020,167804,0.0033333333333334103
2024-06-04,6030,6040,5970,6010,187255,-0.0016611295681062677
2024-06-05,5990,6030,5960,5970,171664,-0.006655574043261225
2024-06-07,5960,6010,5920,5920,256481,-0.008375209380234505
2024-06-10,5900,5900,5800,5860,330246,-0.010135135135135087
2024-06-11,5830,5890,5820,5830,289292,-0.005119453924914641
2024-06-12,5830,5890,5810,5840,252361,0.0017152658662091813
