Date,Open,High,Low,Close,Volume,Change
2022-01-03,6690,6790,6560,6750,284356,0.016566265060240948
2022-01-04,6760,6780,6650,6690,223636,-0.008888888888888835
2022-01-05,6660,6690,6450,6450,334762,-0.0358744394618834
2022-01-06,6420,6460,6140,6180,320373,-0.041860465116279055
2022-01-07,6140,6430,6130,6300,172683,0.01941747572815533
2022-01-10,6340,6410,6210,6300,125026,0.0
2022-01-11,6300,6380,6140,6180,155300,-0.01904761904761909
2022-01-12,6270,6370,6200,6290,137192,0.017799352750809128
2022-01-13,6310,6330,6150,6170,149021,-0.019077901430842648
2022-01-14,6140,6260,6100,6100,117373,-0.011345218800648316
2022-01-17,6120,6140,5820,5830,188580,-0.04426229508196722
2022-01-18,5830,5970,5670,5720,164167,-0.018867924528301883
2022-01-19,5620,5990,5620,5790,205170,0.012237762237762295
2022-01-20,5730,6630,5730,6100,1988701,0.05354058721934374
2022-01-21,6150,6440,6110,6280,907067,0.029508196721311553
2022-01-24,6300,6880,6300,6470,2107441,0.030254777070063632
2022-01-25,6610,6660,6040,6240,784107,-0.03554868624420404
2022-01-26,6700,7460,6410,6690,6362597,0.07211538461538458
2022-01-27,6710,6780,6180,6180,837005,-0.07623318385650224
2022-01-28,6110,6880,6030,6520,1710774,0.055016181229773364
2022-02-03,6540,6930,6460,6820,1328974,0.04601226993865026
2022-02-04,7140,7150,6310,6410,1165473,-0.06011730205278587
2022-02-07,6520,6650,6190,6190,915177,-0.03432137285491421
2022-02-08,6190,6230,5910,5990,537496,-0.03231017770597733
2022-02-09,6030,7780,6010,7780,5505938,0.2988313856427378
2022-02-10,8750,8960,8100,8400,22158288,0.07969151670951158
2022-02-11,8570,8760,7910,7990,7227893,-0.04880952380952386
2022-02-14,7780,8180,7130,7370,3460669,-0.07759699624530658
2022-02-15,7330,7390,6830,7060,3571396,-0.042062415196743586
2022-02-16,7330,7530,7170,7460,6009186,0.056657223796033884
2022-02-17,7390,7600,6750,6980,2628362,-0.06434316353887404
2022-02-18,7110,7430,7030,7070,2171204,0.012893982808023008
2022-02-21,6940,7480,6920,7230,2360824,0.022630834512022524
2022-02-22,6950,7050,6770,6770,907380,-0.0636237897648686
2022-02-23,7020,7300,6800,7090,2608018,0.04726735598227472
2022-02-24,7220,7850,6900,6910,8473508,-0.02538787023977429
2022-02-25,7110,7240,6800,6800,1454898,-0.01591895803183796
2022-02-28,6850,6990,6550,6660,1392644,-0.020588235294117685
2022-03-02,6660,7090,6660,6720,945423,0.009009009009008917
2022-03-03,6750,6920,6690,6870,793926,0.022321428571428603
2022-03-04,6890,6950,6650,6650,557888,-0.03202328966521106
2022-03-07,6590,6660,6130,6440,414330,-0.03157894736842104
2022-03-08,6180,6420,6160,6220,287035,-0.03416149068322982
2022-03-10,6260,6450,6260,6320,324674,0.016077170418006492
2022-03-11,6280,6400,6250,6300,261313,-0.0031645569620253333
2022-03-14,6300,6370,6130,6230,250511,-0.011111111111111072
2022-03-15,6170,6430,6110,6310,300656,0.01284109149277679
2022-03-16,6450,6660,6330,6650,523790,0.0538827258320127
2022-03-17,6680,6740,6550,6710,400133,0.009022556390977376
2022-03-18,6740,7150,6630,7030,1289403,0.04769001490312963
2022-03-21,6910,6930,6710,6830,433465,-0.028449502133712667
2022-03-22,6830,7090,6790,7050,306265,0.03221083455344065
2022-03-23,7070,7150,6950,7080,233545,0.004255319148936065
2022-03-24,7030,7300,6980,7150,393430,0.009887005649717562
2022-03-25,7120,7430,6980,7250,605321,0.013986013986013957
2022-03-28,7210,7300,6930,6970,305680,-0.0386206896551724
2022-03-29,6970,7010,6850,6890,135887,-0.011477761836441891
2022-03-30,6850,7330,6850,7050,296968,0.023222060957909907
2022-03-31,6910,7050,6880,6930,223829,-0.017021276595744705
2022-04-01,6930,6970,6680,6740,321842,-0.02741702741702745
2022-04-04,6760,6770,6600,6700,169088,-0.005934718100890191
2022-04-05,6690,6750,6610,6660,126454,-0.005970149253731294
2022-04-06,6620,6730,6590,6660,89619,0.0
2022-04-07,6630,6670,6400,6400,154506,-0.03903903903903905
2022-04-08,6400,6480,6280,6470,94669,0.010937500000000044
2022-04-11,6480,6580,6330,6470,95524,0.0
2022-04-12,6420,6470,6200,6360,93682,-0.01700154559505407
2022-04-13,6310,6490,6310,6430,56271,0.011006289308176154
2022-04-14,6440,6470,6340,6400,50556,-0.004665629860031051
2022-04-15,6340,6380,6260,6300,77067,-0.015625
2022-04-18,6210,6270,6060,6090,167609,-0.033333333333333326
2022-04-19,6050,6200,6000,6040,121169,-0.008210180623973717
2022-04-20,6100,6310,6050,6160,105794,0.019867549668874274
2022-04-21,6210,6770,6190,6480,834625,0.051948051948051965
2022-04-22,6410,6500,6350,6400,96573,-0.012345679012345734
2022-04-25,6330,6340,6150,6190,89993,-0.03281250000000002
2022-04-26,6170,6330,6170,6190,65775,0.0
2022-04-27,6100,6200,6000,6130,93349,-0.009693053311793265
2022-04-28,6130,6220,6070,6120,64978,-0.0016313213703099683
2022-04-29,6120,6200,6090,6120,57608,0.0
2022-05-02,6130,6220,6070,6100,53191,-0.0032679738562091387
2022-05-03,6100,6200,6070,6090,60944,-0.0016393442622950616
2022-05-04,6120,6180,5920,5990,122680,-0.016420361247947435
2022-05-06,5790,5930,5790,5900,110003,-0.015025041736227096
2022-05-09,5850,5960,5660,5660,87643,-0.04067796610169494
2022-05-10,5550,5600,5230,5440,175836,-0.03886925795053009
2022-05-11,5360,6500,5360,5730,1504816,0.053308823529411686
2022-05-12,5720,5810,5460,5460,166655,-0.04712041884816753
2022-05-13,5480,5930,5470,5680,387824,0.04029304029304037
2022-05-16,5740,6000,5730,5790,166629,0.01936619718309851
2022-05-17,5830,5970,5760,5890,135759,0.017271157167530138
2022-05-18,5880,5960,5740,5740,77108,-0.025466893039049254
2022-05-19,5590,5740,5570,5700,78452,-0.006968641114982632
2022-05-20,5650,5830,5650,5710,54245,0.0017543859649122862
2022-05-23,5710,5870,5650,5770,65991,0.01050788091068311
2022-05-24,5720,5820,5660,5700,35946,-0.012131715771230511
2022-05-25,5680,5740,5570,5720,46647,0.0035087719298245723
2022-05-26,5640,5750,5640,5700,25005,-0.0034965034965035446
2022-05-27,5730,5800,5650,5700,41717,0.0
2022-05-30,5730,5860,5710,5790,54686,0.015789473684210575
2022-05-31,5750,5830,5740,5800,32057,0.0017271157167531026
2022-06-02,5830,5830,5720,5740,39807,-0.010344827586206917
2022-06-03,5750,5800,5700,5750,44633,0.0017421602787457413
2022-06-07,5760,5770,5510,5530,88662,-0.03826086956521735
2022-06-08,5530,5560,5400,5490,42410,-0.007233273056057921
2022-06-09,5420,5470,5340,5420,36023,-0.012750455373406244
2022-06-10,5400,5400,5220,5250,67166,-0.03136531365313655
2022-06-13,5190,5190,4900,4905,120670,-0.06571428571428573
2022-06-14,4685,4950,4685,4765,142706,-0.02854230377166156
2022-06-15,4720,4815,4575,4605,124081,-0.03357817418677855
2022-06-16,4660,4870,4630,4660,78642,0.011943539630836053
2022-06-17,4540,4720,4450,4645,96049,-0.0032188841201716833
2022-06-20,4695,4705,4230,4315,124415,-0.07104413347685679
2022-06-21,4310,4415,4285,4400,104598,0.01969872537659323
2022-06-22,4530,4620,4185,4185,118936,-0.04886363636363633
2022-06-23,4150,4310,3880,3935,249065,-0.05973715651135003
2022-06-24,3885,4190,3885,4180,73700,0.06226175349428198
2022-06-27,4220,4435,4120,4395,93916,0.0514354066985645
2022-06-28,4320,4460,4260,4460,40519,0.014789533560864543
2022-06-29,4310,4415,4290,4405,38259,-0.012331838565022402
2022-06-30,4440,4460,4310,4345,31526,-0.01362088535754824
2022-07-01,4310,4395,4160,4225,37633,-0.027617951668584606
2022-07-04,4275,4290,4050,4075,53156,-0.035502958579881616
2022-07-05,4075,4355,4075,4325,96187,0.06134969325153383
2022-07-06,4425,4800,4280,4600,345353,0.06358381502890165
2022-07-07,4525,4925,4525,4825,345515,0.048913043478260976
2022-07-08,4845,5440,4770,5100,951096,0.05699481865284972
2022-07-11,5180,5300,5060,5200,272605,0.019607843137254832
2022-07-12,5310,5650,4900,5010,1809995,-0.03653846153846152
2022-07-13,5330,5450,5000,5050,691829,0.007984031936127733
2022-07-14,5040,5260,4905,5180,316425,0.025742574257425765
2022-07-15,5100,5250,5060,5170,230450,-0.0019305019305019266
2022-07-18,5250,5310,5110,5280,196598,0.02127659574468077
2022-07-19,5330,5650,5290,5500,671151,0.04166666666666674
2022-07-20,5510,5560,5380,5480,265890,-0.0036363636363636598
2022-07-21,5400,5640,5300,5330,160026,-0.027372262773722622
2022-07-22,5330,5400,5230,5280,113894,-0.009380863039399667
2022-07-25,5270,5360,5150,5280,138984,0.0
2022-07-26,5250,6210,5250,5460,6165915,0.03409090909090917
2022-07-27,5480,5550,5280,5310,349651,-0.027472527472527486
2022-07-28,5390,5390,5120,5120,216255,-0.03578154425612057
2022-07-29,5120,5140,4990,4990,165056,-0.025390625
2022-08-01,4960,5120,4895,5080,101054,0.018036072144288484
2022-08-02,5100,5230,4995,5170,129093,0.017716535433070835
2022-08-03,5110,5180,5090,5130,56182,-0.007736943907156624
2022-08-04,5130,5180,5090,5140,61752,0.0019493177387914784
2022-08-05,5130,5190,5070,5170,63818,0.005836575875486361
2022-08-08,5110,5240,5110,5200,61849,0.005802707930367523
2022-08-09,5190,5190,5110,5150,50032,-0.009615384615384581
2022-08-10,5150,5150,5000,5010,71151,-0.027184466019417486
2022-08-11,5020,5140,5020,5110,46849,0.019960079840319445
2022-08-12,5100,5190,5060,5120,47220,0.001956947162426559
2022-08-16,5110,5180,5110,5160,43726,0.0078125
2022-08-17,5190,5210,5070,5070,41709,-0.01744186046511631
2022-08-18,5070,5070,4945,4980,58180,-0.017751479289940808
2022-08-19,4965,5090,4955,4980,48066,0.0
2022-08-22,4940,4945,4785,4820,86883,-0.032128514056224855
2022-08-23,4730,4835,4725,4805,33415,-0.003112033195020736
2022-08-24,4735,4855,4735,4770,28413,-0.007284079084287187
2022-08-25,4785,4890,4785,4860,38725,0.018867924528301883
2022-08-26,4900,4910,4805,4900,58793,0.008230452674897082
2022-08-29,4715,4775,4400,4605,108162,-0.060204081632653006
2022-08-30,4560,4670,4560,4660,47234,0.011943539630836053
2022-08-31,4660,5520,4615,4965,6255222,0.06545064377682408
2022-09-01,4935,5010,4830,4835,284776,-0.02618328298086603
2022-09-02,4835,4880,4700,4795,227752,-0.008273009307135482
2022-09-05,4700,4790,4575,4635,136868,-0.033368091762252305
2022-09-06,4560,4730,4560,4710,73508,0.016181229773462702
2022-09-07,4730,4735,4540,4540,74960,-0.03609341825902335
2022-09-08,4545,4655,4545,4610,64816,0.01541850220264318
2022-09-13,4610,4745,4610,4700,71502,0.01952277657266821
2022-09-14,4625,4630,4510,4610,71457,-0.019148936170212738
2022-09-15,4610,4635,4490,4490,97916,-0.026030368763557465
2022-09-16,4460,4540,4400,4400,86368,-0.020044543429844075
2022-09-19,4390,4450,4280,4300,81643,-0.022727272727272707
2022-09-20,4250,4380,4225,4310,66847,0.0023255813953488857
2022-09-21,4320,4325,4160,4215,116496,-0.022041763341067333
2022-09-22,4120,4220,4050,4180,86002,-0.008303677342823224
2022-09-23,4105,4145,4010,4020,82545,-0.038277511961722466
2022-09-26,3965,4020,3750,3780,150892,-0.05970149253731338
2022-09-27,3700,3950,3700,3915,197595,0.03571428571428581
2022-09-28,3860,4090,3790,3800,194303,-0.02937420178799488
2022-09-29,3990,4160,3915,3940,152325,0.03684210526315779
2022-09-30,3835,4015,3835,3940,74214,0.0
2022-10-04,4040,4800,3955,4235,2373778,0.0748730964467006
2022-10-05,4310,4655,4170,4175,758572,-0.01416765053128688
2022-10-06,4210,4680,4180,4360,815333,0.04431137724550904
2022-10-07,4350,4640,4280,4325,420245,-0.008027522935779796
2022-10-11,4280,4280,4100,4100,76291,-0.052023121387283267
2022-10-12,4060,4165,4055,4105,75353,0.0012195121951219523
2022-10-13,4090,4125,3880,3890,95101,-0.052375152253349544
2022-10-14,4000,4440,3990,4130,489596,0.06169665809768632
2022-10-17,4125,4390,4075,4280,167717,0.036319612590798966
2022-10-18,4300,4445,4290,4380,141104,0.02336448598130847
2022-10-19,4380,4485,4330,4375,96110,-0.0011415525114155667
2022-10-20,4335,4405,4230,4295,47888,-0.01828571428571424
2022-10-21,4220,4350,4210,4295,64407,0.0
2022-10-24,4350,4420,4315,4330,70128,0.008149010477299212
2022-10-25,4330,4760,4305,4490,673433,0.036951501154734334
2022-10-26,4530,4740,4410,4445,197144,-0.010022271714922093
2022-10-27,4395,4495,4395,4445,57529,0.0
2022-10-28,4410,4480,4370,4415,82361,-0.006749156355455588
2022-10-31,4920,5410,4620,4680,5924348,0.060022650056625215
2022-11-01,4690,4785,4610,4675,524718,-0.0010683760683760646
2022-11-02,4685,4770,4605,4700,368672,0.005347593582887722
2022-11-03,4625,4725,4590,4690,191428,-0.0021276595744680327
2022-11-04,4670,4670,4555,4660,156527,-0.006396588486140775
2022-11-07,4680,5740,4650,5360,10105477,0.15021459227467804
2022-11-08,5310,5440,5220,5350,1983429,-0.001865671641791078
2022-11-09,5300,5380,5250,5330,707919,-0.0037383177570093906
2022-11-10,5240,5370,5190,5240,515535,-0.016885553470919357
2022-11-11,5350,5350,5210,5240,322121,0.0
2022-11-14,5230,5340,5210,5250,291693,0.001908396946564972
2022-11-15,5310,6120,5240,5410,7316098,0.030476190476190546
2022-11-16,5460,5490,5310,5310,485681,-0.01848428835489835
2022-11-17,5370,5700,5260,5260,1718021,-0.00941619585687381
2022-11-18,5240,5310,5160,5160,204416,-0.019011406844106515
2022-11-21,5300,5480,5100,5100,447885,-0.011627906976744207
2022-11-22,5030,5180,5030,5080,111385,-0.0039215686274509665
2022-11-23,5090,5250,5090,5190,104594,0.021653543307086576
2022-11-24,5270,5330,5220,5240,85645,0.009633911368015502
2022-11-25,5240,5310,5160,5220,105343,-0.003816793893129722
2022-11-28,5160,5200,4955,4980,116870,-0.04597701149425293
2022-11-29,5010,5160,4965,5110,103019,0.026104417670682833
2022-11-30,5130,5290,5050,5210,136018,0.019569471624266255
2022-12-01,5270,5290,5220,5230,91354,0.0038387715930903177
2022-12-02,5210,5530,5170,5350,1350578,0.02294455066921608
2022-12-05,5280,5340,5180,5180,217911,-0.03177570093457949
2022-12-06,5170,5180,5000,5000,141733,-0.03474903474903479
2022-12-07,5030,5250,5000,5140,233835,0.028000000000000025
2022-12-08,5170,5290,5150,5220,139769,0.015564202334630295
2022-12-09,5220,5530,5170,5310,879807,0.01724137931034475
2022-12-12,5420,5820,5280,5690,3563627,0.07156308851224114
2022-12-13,5620,6330,5540,5690,4593728,0.0
2022-12-14,5600,5780,5530,5660,630992,-0.005272407732864637
2022-12-15,5570,6100,5550,5890,2747139,0.04063604240282692
2022-12-16,5760,5970,5660,5680,678905,-0.035653650254668934
2022-12-19,5650,5830,5480,5630,324099,-0.008802816901408494
2022-12-20,5570,5760,5420,5440,455270,-0.03374777975133214
2022-12-21,5820,6280,5620,5960,8613072,0.09558823529411775
2022-12-22,5820,5940,5750,5750,789039,-0.03523489932885904
2022-12-23,5730,5820,5480,5500,498021,-0.04347826086956519
2022-12-26,5650,6230,5570,5630,3114034,0.023636363636363678
2022-12-27,5700,5760,5580,5610,425986,-0.003552397868561319
2022-12-28,5590,5840,5550,5680,499712,0.012477718360071277
2022-12-29,5640,5660,5280,5350,385489,-0.05809859154929575
2023-01-02,5760,5800,5410,5430,1243818,0.01495327102803734
2023-01-03,5390,5410,5020,5200,312565,-0.0423572744014733
2023-01-04,5150,5380,5140,5330,218024,0.02499999999999991
2023-01-05,5330,5530,5300,5410,164245,0.015009380863039379
2023-01-06,5250,5410,5250,5330,147659,-0.014787430683918634
2023-01-09,5350,5440,5330,5370,117753,0.007504690431519689
2023-01-10,5400,5820,5290,5400,1652864,0.005586592178770999
2023-01-11,5400,5600,5380,5500,187583,0.0185185185185186
2023-01-12,5510,5560,5470,5470,120298,-0.00545454545454549
2023-01-13,5450,5540,5450,5470,66459,0.0
2023-01-16,5470,5530,5410,5440,78321,-0.005484460694698323
2023-01-17,5420,5470,5240,5260,112782,-0.03308823529411764
2023-01-18,5260,5330,5100,5240,101913,-0.0038022813688213253
2023-01-19,5170,5300,5140,5240,65447,0.0
2023-01-20,5200,5330,5200,5200,71296,-0.007633587786259555
2023-01-25,5290,5320,5150,5170,101075,-0.005769230769230749
2023-01-26,5110,5530,5110,5330,362004,0.030947775628626717
2023-01-27,5300,5330,5200,5250,113947,-0.015009380863039379
2023-01-30,5210,5260,5070,5070,199177,-0.03428571428571425
2023-01-31,5010,5220,5010,5100,140637,0.00591715976331364
2023-02-01,5110,5500,5100,5230,609551,0.025490196078431282
2023-02-02,5250,5400,5240,5290,234650,0.011472275334607929
2023-02-03,5270,5750,5270,5590,1199384,0.05671077504725908
2023-02-06,5660,5680,5350,5350,388845,-0.04293381037567079
2023-02-07,5340,5420,5170,5200,273198,-0.028037383177570097
2023-02-08,5270,5330,5210,5270,132331,0.013461538461538414
2023-02-09,5220,5290,5220,5250,90377,-0.003795066413662229
2023-02-10,5270,5270,5070,5070,196085,-0.03428571428571425
2023-02-13,5090,5120,5030,5070,85948,0.0
2023-02-14,5070,5180,5070,5100,106883,0.00591715976331364
2023-02-15,5130,5130,5030,5040,101228,-0.0117647058823529
2023-02-16,5060,5200,5060,5110,105631,0.01388888888888884
2023-02-17,5090,5200,5080,5130,93498,0.00391389432485334
2023-02-20,5130,5240,5130,5170,94643,0.007797270955165692
2023-02-21,5210,5220,5140,5180,49849,0.0019342359767891004
2023-02-22,5070,5170,5060,5100,107383,-0.015444015444015413
2023-02-23,5100,5150,5050,5100,133677,0.0
2023-02-24,5100,5180,5080,5130,56726,0.00588235294117645
2023-02-27,5100,5100,5030,5090,82293,-0.007797270955165692
2023-02-28,5080,5220,5080,5180,149259,0.017681728880157177
2023-03-02,5180,5200,5060,5140,144005,-0.007722007722007707
2023-03-03,5140,5200,5100,5160,120608,0.0038910505836575737
2023-03-06,5190,5230,5160,5190,113160,0.005813953488372103
2023-03-07,5160,5230,5130,5220,110828,0.005780346820809301
2023-03-08,5150,5270,5100,5260,93836,0.00766283524904221
2023-03-09,5440,5440,5080,5120,464784,-0.026615969581749055
2023-03-10,5050,5120,4985,5020,170858,-0.01953125
2023-03-13,4955,4975,4725,4810,116288,-0.041832669322709126
2023-03-14,4810,4825,4395,4565,148203,-0.05093555093555091
2023-03-15,4595,4770,4595,4690,65958,0.027382256297918905
2023-03-16,4690,4780,4595,4725,59567,0.00746268656716409
2023-03-17,4725,4860,4710,4835,97558,0.023280423280423346
2023-03-20,4795,4935,4795,4850,66612,0.0031023784901758056
2023-03-21,4810,4925,4750,4750,60909,-0.020618556701030966
2023-03-22,4760,4800,4650,4670,58153,-0.01684210526315788
2023-03-23,4630,4690,4565,4645,147599,-0.005353319057815886
2023-03-24,4610,4770,4610,4745,84051,0.02152852529601712
2023-03-27,4745,4770,4590,4700,146521,-0.009483667017913588
2023-03-28,4655,4755,4635,4745,80304,0.009574468085106425
2023-03-29,4705,4745,4650,4680,60958,-0.013698630136986356
2023-03-30,4685,4750,4670,4730,56885,0.010683760683760646
2023-03-31,4730,4750,4620,4695,64804,-0.007399577167019
2023-04-03,4690,4730,4630,4630,52395,-0.013844515441959526
2023-04-04,4620,4840,4605,4760,149677,0.02807775377969768
2023-04-05,4760,4975,4760,4960,125233,0.04201680672268915
2023-04-06,4940,4960,4805,4830,47759,-0.02620967741935487
2023-04-07,4805,4855,4760,4775,40038,-0.011387163561076608
2023-04-10,4765,4775,4610,4700,82541,-0.015706806282722474
2023-04-11,4640,4720,4595,4710,55014,0.0021276595744681437
2023-04-12,4730,4790,4685,4740,53873,0.006369426751592355
2023-04-13,4735,4790,4685,4770,41432,0.006329113924050667
2023-04-14,4775,4900,4775,4830,83046,0.012578616352201255
2023-04-17,4890,4890,4715,4815,41604,-0.0031055900621117516
2023-04-18,4770,4805,4700,4740,42076,-0.015576323987538943
2023-04-19,4740,4810,4700,4770,51364,0.006329113924050667
2023-04-20,4790,4845,4605,4630,96634,-0.02935010482180289
2023-04-21,4600,4640,4480,4520,44286,-0.023758099352051865
2023-04-24,4520,4600,4480,4485,48668,-0.007743362831858391
2023-04-25,4435,4505,4405,4440,53974,-0.010033444816053505
2023-04-26,4440,4580,4405,4560,70569,0.027027027027026973
2023-04-27,4500,4545,4440,4450,30513,-0.02412280701754388
2023-04-28,4475,4535,4400,4445,50421,-0.0011235955056180247
2023-05-02,4450,4575,4440,4545,27965,0.022497187851518552
2023-05-03,4500,4615,4500,4580,36079,0.007700770077007757
2023-05-04,4520,4570,4510,4550,24466,-0.0065502183406113135
2023-05-08,4575,4590,4510,4540,59181,-0.00219780219780219
2023-05-09,4515,4590,4510,4555,36963,0.0033039647577093323
2023-05-10,4520,4620,4520,4555,68814,0.0
2023-05-11,4555,4650,4555,4560,54184,0.001097694840834329
2023-05-12,4535,4555,4465,4515,53549,-0.009868421052631526
2023-05-15,4460,4500,4445,4500,26118,-0.0033222591362126463
2023-05-16,4470,4525,4470,4505,15919,0.0011111111111110628
2023-05-17,4505,4595,4485,4595,33090,0.019977802441731418
2023-05-18,4595,4630,4505,4545,56127,-0.01088139281828071
2023-05-19,4545,4625,4545,4615,43561,0.015401540154015292
2023-05-22,4585,4630,4585,4620,18699,0.0010834236186347823
2023-05-23,4580,4625,4570,4615,33118,-0.0010822510822511289
2023-05-24,4615,5450,4610,4865,8622736,0.05417118093174422
2023-05-25,4800,4935,4750,4795,630436,-0.014388489208633115
2023-05-26,4800,4845,4765,4820,206065,0.005213764337852034
2023-05-30,4815,4915,4760,4770,288174,-0.010373443983402453
2023-05-31,4775,4820,4770,4810,101595,0.008385744234800763
2023-06-01,4780,4860,4765,4830,128664,0.004158004158004047
2023-06-02,4830,4915,4810,4915,162592,0.017598343685300222
2023-06-05,4940,4945,4830,4865,92050,-0.010172939979654072
2023-06-07,4865,5060,4865,4985,238192,0.02466598150051391
2023-06-08,4985,4985,4865,4910,86366,-0.015045135406218657
2023-06-09,4930,5050,4900,4985,162959,0.015274949083503131
2023-06-12,4985,5230,4930,5170,518617,0.03711133400200595
2023-06-13,5130,5490,5100,5400,622725,0.044487427466150864
2023-06-14,5450,5500,5250,5500,310737,0.0185185185185186
2023-06-15,5450,5950,5430,5750,734948,0.045454545454545414
2023-06-16,5730,5950,5730,5920,213516,0.029565217391304355
2023-06-19,5900,6210,5880,6150,576035,0.038851351351351315
2023-06-20,6150,6200,5940,6080,394236,-0.011382113821138184
2023-06-21,6080,6140,5800,6100,263368,0.00328947368421062
2023-06-22,5990,6150,5700,5830,233537,-0.04426229508196722
2023-06-23,5710,5890,5660,5780,223587,-0.00857632933104635
2023-06-26,5730,6730,5500,6220,2984073,0.0761245674740485
2023-06-27,6120,6160,5730,5730,449192,-0.0787781350482315
2023-06-28,5730,6000,5710,5780,257718,0.008726003490401313
2023-06-29,5800,5800,5580,5640,165988,-0.02422145328719727
2023-06-30,5600,5750,5580,5710,129684,0.012411347517730542
2023-07-03,5750,5830,5530,5690,154193,-0.003502626970227629
2023-07-04,5660,5690,5510,5570,145441,-0.02108963093145866
2023-07-05,5610,6360,5600,5980,1292201,0.07360861759425497
2023-07-06,5980,6080,5840,5860,258394,-0.02006688963210701
2023-07-07,5810,5810,5560,5630,130784,-0.03924914675767921
2023-07-10,5640,5830,5510,5560,110825,-0.01243339253996445
2023-07-11,5620,5760,5570,5690,79937,0.023381294964028854
2023-07-12,5690,5730,5510,5580,143759,-0.019332161687170446
2023-07-13,5620,5800,5600,5710,104248,0.023297491039426577
2023-07-14,5740,5750,5570,5680,99020,-0.005253940455341555
2023-07-17,5710,6050,5650,6000,321373,0.05633802816901401
2023-07-18,6000,6200,5820,5900,223787,-0.01666666666666672
2023-07-19,5900,6190,5720,5930,261722,0.005084745762711895
2023-07-20,5890,6180,5830,6080,240782,0.025295109612141653
2023-07-21,6110,6250,5970,5970,202134,-0.018092105263157854
2023-07-24,5940,6850,5840,6230,3567424,0.04355108877721947
2023-07-25,6230,6270,5750,5950,868252,-0.0449438202247191
2023-07-26,5990,6020,5570,5680,498199,-0.04537815126050415
2023-07-27,5630,6120,5610,5990,274434,0.05457746478873249
2023-07-28,5910,6300,5910,6200,279646,0.03505843071786319
2023-07-31,6340,6440,6190,6280,372040,0.012903225806451646
2023-08-01,6340,6460,6200,6360,378959,0.01273885350318471
2023-08-02,6360,6520,6020,6050,256332,-0.04874213836477992
2023-08-03,6050,6200,5920,5990,301982,-0.00991735537190086
2023-08-04,5990,6000,5720,5780,257809,-0.035058430717863076
2023-08-07,5830,5830,5640,5720,129615,-0.01038062283737029
2023-08-08,5700,5780,5620,5670,115037,-0.00874125874125875
2023-08-09,5760,5960,5650,5900,170822,0.040564373897707284
2023-08-10,5900,5950,5770,5840,90034,-0.01016949152542368
2023-08-11,5840,5920,5780,5830,119207,-0.001712328767123239
2023-08-14,5870,5920,5700,5760,206143,-0.012006861063464824
2023-08-16,5730,5750,5400,5440,278642,-0.05555555555555558
2023-08-17,5450,5480,5210,5390,157295,-0.009191176470588203
2023-08-18,5400,5930,5210,5500,377740,0.020408163265306145
2023-08-21,5500,5770,5440,5710,127442,0.038181818181818095
2023-08-22,5720,5740,5520,5550,86585,-0.028021015761821366
2023-08-23,5580,5590,5490,5540,56966,-0.0018018018018017834
2023-08-24,5520,5670,5490,5620,64249,0.014440433212996373
2023-08-25,5620,5640,5490,5570,66821,-0.008896797153024938
2023-08-28,5570,5820,5410,5730,138219,0.02872531418312385
2023-08-29,5760,5940,5670,5830,103525,0.017452006980802848
2023-08-30,5840,5930,5820,5890,59438,0.010291595197255532
2023-08-31,5910,5910,5670,5850,88127,-0.006791171477079749
2023-09-01,5850,5900,5790,5840,75417,-0.0017094017094017033
2023-09-04,5890,5890,5620,5700,107170,-0.023972602739726012
2023-09-05,5620,5790,5620,5690,58745,-0.0017543859649122862
2023-09-06,5690,5940,5650,5790,110307,0.017574692442882345
2023-09-07,5790,5810,5630,5630,54477,-0.02763385146804831
2023-09-08,5600,5690,5580,5650,40131,0.003552397868561208
2023-09-11,5620,6180,5620,6020,920073,0.06548672566371683
2023-09-12,6080,6460,5990,6150,1457961,0.021594684385382035
2023-09-13,6240,6260,5960,6000,553088,-0.024390243902439046
2023-09-14,6090,6280,6040,6270,393886,0.04499999999999993
2023-09-15,6280,6410,6130,6130,325084,-0.022328548644338087
2023-09-18,6050,6260,6050,6100,156232,-0.004893964110929905
2023-09-19,6140,6460,6100,6260,382504,0.026229508196721207
2023-09-20,6190,6230,6040,6100,175588,-0.025559105431309903
2023-09-21,6020,6200,5950,6050,134075,-0.008196721311475419
2023-09-22,5950,6150,5950,5970,97703,-0.013223140495867813
2023-09-25,5950,6150,5930,5990,120920,0.003350083752093891
2023-09-26,6010,6520,6010,6120,1479438,0.02170283806343898
2023-09-27,6000,6290,5960,6180,325297,0.009803921568627416
2023-10-04,6210,6290,5600,5610,454189,-0.09223300970873782
2023-10-05,5650,5760,5420,5480,150711,-0.02317290552584672
2023-10-06,5450,5830,5450,5750,115966,0.0492700729927007
2023-10-10,5750,5840,5460,5570,129334,-0.03130434782608693
2023-10-11,5570,5810,5570,5670,96632,0.01795332136445249
2023-10-12,5690,5820,5540,5560,112754,-0.01940035273368612
2023-10-13,5540,5560,5380,5430,149028,-0.023381294964028743
2023-10-16,5320,5390,5050,5240,223375,-0.03499079189686927
2023-10-17,5280,5500,5150,5380,104676,0.026717557251908497
2023-10-18,5380,5390,5180,5230,80330,-0.027881040892193343
2023-10-19,5190,5350,5080,5310,107231,0.015296367112810794
2023-10-20,5340,5400,5140,5370,131600,0.011299435028248483
2023-10-23,5360,5510,5350,5350,109290,-0.003724394785847296
2023-10-24,5360,5700,5320,5700,139427,0.06542056074766345
2023-10-25,5790,6270,5780,5890,1110849,0.03333333333333344
2023-10-26,6300,7100,5530,5530,10425320,-0.06112054329371819
2023-10-27,5380,5670,5110,5430,1122000,-0.018083182640144635
2023-10-30,5450,6330,5450,6080,2510141,0.11970534069981587
2023-10-31,6040,6110,5820,5930,451347,-0.024671052631578982
2023-11-01,5880,6040,5680,5880,286496,-0.00843170320404718
2023-11-02,5880,6030,5850,5860,207973,-0.003401360544217691
2023-11-03,5860,6030,5760,5970,204887,0.018771331058020424
2023-11-06,6000,6180,5880,6020,311743,0.008375209380234505
2023-11-07,6010,6500,5990,6260,1191598,0.039867109634551534
2023-11-08,6270,6450,6150,6280,422271,0.0031948881789136685
2023-11-09,6280,6450,6170,6240,507216,-0.006369426751592355
2023-11-10,6540,7190,6300,6610,8926764,0.059294871794871806
2023-11-13,6450,6750,6000,6030,1273047,-0.08774583963691374
2023-11-14,6030,6240,6010,6160,428444,0.021558872305140975
2023-11-15,6070,6590,6070,6460,743309,0.04870129870129869
2023-11-16,6460,7410,6380,7210,3965267,0.11609907120743035
2023-11-17,7070,8100,7000,7880,5912710,0.09292649098474337
2023-11-20,8010,10240,7230,10240,26446114,0.29949238578680193
2023-11-21,9850,9860,8500,8730,10193754,-0.1474609375
2023-11-22,8790,9020,8070,8090,5027892,-0.0733104238258877
2023-11-23,8150,8390,7900,8000,2279540,-0.011124845488257096
2023-11-24,8010,8440,7960,7970,2105171,-0.003750000000000031
2023-11-27,8070,8380,7970,8360,2069410,0.04893350062735258
2023-11-28,8100,8310,8000,8000,1214295,-0.0430622009569378
2023-11-29,7920,7930,7440,7550,1385767,-0.05625000000000002
2023-11-30,7550,7710,7440,7620,608620,0.009271523178807861
2023-12-01,7610,8000,7540,7830,1292278,0.027559055118110187
2023-12-04,7850,7880,7330,7660,922406,-0.02171136653895278
2023-12-05,7640,8050,7590,8020,1788821,0.04699738903394257
2023-12-06,8040,8050,7670,7770,971784,-0.03117206982543641
2023-12-07,7810,7900,7250,7260,937962,-0.06563706563706562
2023-12-08,7260,7360,7190,7300,440047,0.005509641873278293
2023-12-11,7350,7420,7110,7140,422787,-0.021917808219178103
2023-12-12,7160,7160,6890,6950,546832,-0.026610644257703098
2023-12-13,6950,6960,6740,6790,384172,-0.02302158273381294
2023-12-14,6870,6990,6790,6980,376750,0.027982326951399017
2023-12-15,6930,7090,6810,7080,432659,0.014326647564469885
2023-12-18,7100,7400,7010,7360,555621,0.039548022598870025
2023-12-19,7410,7580,7340,7570,581971,0.028532608695652106
2023-12-20,7570,7600,7450,7520,297440,-0.006605019815059454
2023-12-21,7430,7570,7280,7330,278618,-0.025265957446808485
2023-12-22,7340,7440,7090,7180,258329,-0.02046384720327421
2023-12-26,7110,7400,7110,7250,245018,0.009749303621169991
2023-12-27,7210,7410,7190,7230,243355,-0.0027586206896551557
2023-12-28,7270,7300,7110,7200,213561,-0.004149377593360981
2024-01-02,7260,7410,7130,7370,194948,0.023611111111111027
2024-01-03,7370,7550,7330,7480,370234,0.014925373134328401
2024-01-04,7410,7480,7210,7270,197797,-0.02807486631016043
2024-01-05,7270,7800,7220,7640,771095,0.050894085281980805
2024-01-08,7740,7860,7610,7710,615809,0.009162303664921545
2024-01-09,7820,7860,7670,7780,382230,0.009079118028534339
2024-01-10,7800,7810,7360,7470,424560,-0.03984575835475579
2024-01-11,7470,7530,7400,7430,193011,-0.0053547523427041055
2024-01-12,7390,7410,7090,7150,287990,-0.037685060565275874
2024-01-15,7150,7240,7020,7150,121055,0.0
2024-01-16,7140,7360,6970,7180,202121,0.00419580419580412
2024-01-17,7170,7200,6690,6740,292570,-0.06128133704735372
2024-01-18,6800,7040,6710,6900,115232,0.023738872403560762
2024-01-19,6960,7140,6870,6960,123918,0.008695652173912993
2024-01-22,6960,7030,6710,6740,198275,-0.031609195402298895
2024-01-23,6700,6970,6630,6810,187246,0.010385756676557945
2024-01-24,6840,6840,6570,6690,157565,-0.017621145374449365
2024-01-25,6700,6770,6500,6590,163477,-0.014947683109118093
2024-01-26,6510,6690,6500,6590,107366,0.0
2024-01-29,6590,6610,6270,6340,251255,-0.03793626707132014
2024-01-30,6350,6470,6260,6380,110983,0.006309148264984188
2024-01-31,6290,6380,6170,6180,101947,-0.031347962382445194
2024-02-01,6180,6260,6130,6260,68046,0.012944983818770295
2024-02-02,6240,6490,6240,6320,65885,0.009584664536741228
2024-02-05,6260,6400,6190,6280,65757,-0.006329113924050667
2024-02-06,6330,6510,6210,6420,57998,0.022292993630573354
2024-02-07,6420,6470,6290,6430,57013,0.0015576323987538387
2024-02-08,6450,6520,6390,6500,52965,0.010886469673405896
2024-02-13,6400,6680,6390,6580,127011,0.012307692307692353
2024-02-14,6580,6790,6510,6660,97722,0.012158054711246091
2024-02-15,6680,6710,6600,6670,78560,0.0015015015015014122
2024-02-16,6790,6960,6670,6830,258482,0.02398800599700146
2024-02-19,6840,7170,6840,6920,395290,0.013177159590043841
2024-02-20,6900,7040,6760,6800,131923,-0.017341040462427793
2024-02-21,6800,6800,6530,6700,177153,-0.014705882352941124
2024-02-22,6630,6730,6480,6630,283878,-0.010447761194029903
2024-02-23,6630,6670,6550,6590,86857,-0.006033182503770718
2024-02-26,6600,6640,6520,6530,78338,-0.009104704097116834
2024-02-27,6500,6590,6300,6390,139698,-0.02143950995405819
2024-02-28,6370,6500,6370,6420,47864,0.0046948356807512415
2024-02-29,6430,6470,6330,6370,63312,-0.007788161993769416
2024-03-04,6390,6530,6210,6270,90649,-0.015698587127158548
2024-03-05,6220,6280,6150,6210,93048,-0.009569377990430672
2024-03-06,6150,6240,6080,6140,140140,-0.011272141706924366
2024-03-07,6240,6290,6010,6090,126007,-0.008143322475570036
2024-03-08,6050,6210,6020,6200,117518,0.01806239737274229
2024-03-11,6200,6280,6120,6160,64913,-0.006451612903225823
2024-03-12,6250,6330,6030,6330,125442,0.02759740259740262
2024-03-13,6350,6730,6290,6640,281162,0.048973143759873716
2024-03-14,6640,6770,6610,6620,120930,-0.003012048192771122
2024-03-15,6600,6730,6480,6720,118874,0.015105740181268867
2024-03-18,6720,6860,6630,6720,136674,0.0
2024-03-19,6700,6850,6510,6710,94255,-0.0014880952380952328
2024-03-20,6740,7050,6640,6790,387221,0.011922503725782407
2024-03-21,6800,6890,6700,6790,110558,0.0
2024-03-22,6710,6820,6710,6720,67758,-0.010309278350515427
2024-03-25,6680,6750,6580,6590,106749,-0.019345238095238138
2024-03-26,6590,6750,6550,6590,77183,0.0
2024-03-27,6580,6850,6540,6820,173253,0.03490136570561453
2024-03-28,6830,6860,6710,6820,78673,0.0
2024-03-29,6770,6960,6740,6790,85730,-0.004398826979472137
2024-04-01,6800,6900,6760,6890,79784,0.014727540500736325
2024-04-02,6890,6960,6750,6940,156209,0.007256894049346929
2024-04-03,6900,6980,6770,6880,85716,-0.008645533141210415
2024-04-04,6880,7060,6810,7020,195893,0.02034883720930236
2024-04-05,7010,7040,6860,6920,108378,-0.014245014245014231
2024-04-08,6930,6930,6500,6690,104313,-0.033236994219653204
2024-04-09,6690,6740,6570,6730,47079,0.005979073243647326
2024-04-11,6610,6740,6480,6640,59066,-0.013372956909361022
2024-04-12,6560,6660,6400,6530,103183,-0.016566265060240948
2024-04-15,6320,6500,6320,6340,48677,-0.029096477794793296
2024-04-16,6300,6320,6000,6190,179159,-0.023659305993690816
2024-04-17,6160,6220,6050,6160,57902,-0.004846526655896577
2024-04-18,6160,6280,6160,6230,37347,0.011363636363636465
2024-04-19,6230,6260,5940,6050,77051,-0.028892455858748
2024-04-22,5970,6250,5970,6160,36728,0.018181818181818077
2024-04-23,6190,6400,6100,6260,56299,0.016233766233766156
2024-04-24,6270,6390,6230,6270,26928,0.0015974440894568342
2024-04-25,6270,6270,6050,6100,51441,-0.027113237639553422
2024-04-26,6190,6220,6000,6070,61092,-0.004918032786885296
2024-04-29,6050,6210,6040,6140,39110,0.011532125205930832
2024-04-30,6140,6210,6090,6180,25061,0.006514657980456029
2024-05-02,6210,6220,6070,6170,18913,-0.0016181229773463146
2024-05-03,6170,6250,6000,6180,129713,0.0016207455429497752
2024-05-07,6220,6270,6170,6240,40853,0.009708737864077666
2024-05-08,6240,6270,6190,6260,24084,0.0032051282051281937
2024-05-09,6260,6490,6260,6480,85619,0.03514376996805102
2024-05-10,6480,6490,6270,6340,66187,-0.021604938271604923
2024-05-13,6300,6370,6170,6190,58712,-0.023659305993690816
2024-05-14,6130,6220,6100,6150,49715,-0.00646203554119551
2024-05-16,6160,6290,6120,6140,60589,-0.001626016260162566
2024-05-17,6130,6200,6090,6140,38105,0.0
2024-05-20,6140,6140,6000,6020,57810,-0.019543973941368087
2024-05-21,5990,6090,5970,6080,35548,0.009966777408637828
2024-05-22,6060,6090,5910,5940,69024,-0.023026315789473673
2024-05-23,5930,6090,5890,6090,51055,0.025252525252525304
2024-05-24,6080,6080,5760,5760,58794,-0.054187192118226646
2024-05-27,5850,5870,5650,5740,71338,-0.00347222222222221
2024-05-28,5740,5800,5690,5790,22810,0.008710801393728262
2024-05-29,5750,5920,5710,5900,41616,0.01899827288428324
2024-05-30,5900,5960,5850,5910,43301,0.0016949152542373724
2024-05-31,5900,6020,5850,6010,58775,0.016920473773265554
2024-06-03,6090,6330,6080,6290,225253,0.04658901830282858
2024-06-04,6220,6390,6220,6290,87934,0.0
2024-06-05,6290,6340,6170,6280,70327,-0.0015898251192368873
2024-06-07,6250,6350,6160,6210,41697,-0.011146496815286677
2024-06-10,6170,6190,6080,6150,29823,-0.009661835748792313
2024-06-11,6150,6610,6150,6540,281374,0.06341463414634152
2024-06-12,6540,6550,6370,6540,77990,0.0
2024-06-13,6570,7040,6550,6910,442206,0.05657492354740068
2024-06-14,6910,7140,6480,6720,405356,-0.02749638205499272
2024-06-17,6670,6790,6310,6390,231104,-0.049107142857142905
2024-06-18,6350,6650,6180,6320,288436,-0.010954616588419452
2024-06-19,6350,6540,6260,6500,125751,0.028481012658227778
2024-06-20,6500,6550,6320,6550,75784,0.007692307692307665
2024-06-21,6550,6550,6350,6370,59322,-0.027480916030534375
2024-06-24,6330,6390,6080,6240,150458,-0.020408163265306145
2024-06-25,6230,6300,6100,6190,31668,-0.008012820512820484
2024-06-26,6140,6240,5950,5950,87753,-0.03877221324717284
2024-06-27,5950,6070,5760,5830,168383,-0.020168067226890796
2024-06-28,5810,6010,5810,6000,36342,0.029159519725557415
2024-07-01,6010,6090,5920,6060,27504,0.010000000000000009
2024-07-02,6000,6020,5750,5830,133938,-0.037953795379537913
2024-07-03,5830,5950,5780,5900,48216,0.012006861063464935
2024-07-04,5910,5940,5800,5820,28620,-0.013559322033898313
2024-07-05,5820,6030,5800,5830,51625,0.0017182130584192379
2024-07-08,5830,5950,5830,5910,13525,0.013722126929674117
2024-07-09,5870,5940,5850,5940,24570,0.0050761421319796
2024-07-10,5940,5950,5850,5880,33184,-0.010101010101010055
2024-07-11,5890,5920,5680,5840,171551,-0.006802721088435382
2024-07-12,5850,5850,5750,5840,46349,0.0
2024-07-15,5840,5970,5770,5920,144344,0.013698630136986356
2024-07-16,5910,5950,5750,5800,71292,-0.020270270270270285
2024-07-17,5800,6020,5750,5920,65350,0.020689655172413834
2024-07-18,5970,5970,5740,5790,47041,-0.02195945945945943
2024-07-19,5750,6150,5730,5850,117175,0.010362694300518172
2024-07-22,5840,5930,5660,5720,72625,-0.022222222222222254
2024-07-23,5700,5890,5670,5710,43735,-0.0017482517482517723
2024-07-24,5660,5760,5580,5580,65307,-0.02276707530647981
2024-07-25,5570,5610,5500,5580,43654,0.0
2024-07-26,5580,5850,5490,5850,102502,0.048387096774193505
2024-07-29,5710,5900,5690,5770,21358,-0.013675213675213627
2024-07-30,5770,5860,5660,5690,22737,-0.013864818024263426
2024-07-31,5690,6130,5610,5880,59738,0.033391915641476366
2024-08-01,5870,6120,5810,6110,93453,0.03911564625850339
2024-08-02,6020,6080,5800,5940,55123,-0.02782324058919805
2024-08-05,5880,5920,5000,5150,133662,-0.132996632996633
2024-08-06,5000,5490,5000,5280,171491,0.025242718446601975
2024-08-07,5230,5720,5230,5600,125840,0.06060606060606055
2024-08-08,5580,5920,5500,5700,149406,0.017857142857142794
2024-08-09,5660,6050,5660,6000,137870,0.05263157894736836
2024-08-12,6000,6050,5820,5910,63961,-0.015000000000000013
2024-08-13,5890,5890,5630,5730,72295,-0.030456852791878153
2024-08-14,5740,5950,5730,5820,56992,0.015706806282722585
2024-08-16,5850,5850,5750,5790,43610,-0.005154639175257714
2024-08-19,5790,6240,5760,6090,536100,0.051813471502590636
2024-08-20,6680,6690,5990,6040,1455355,-0.008210180623973717
2024-08-21,6050,6070,5780,5860,190041,-0.0298013245033113
2024-08-22,5850,5850,5560,5590,220800,-0.0460750853242321
2024-08-23,5520,5570,5380,5470,100114,-0.02146690518783545
2024-08-26,5440,5500,5260,5370,80379,-0.018281535648994485
2024-08-27,5350,5400,5250,5400,41654,0.005586592178770999
2024-08-28,5400,5460,5250,5340,52200,-0.011111111111111072
2024-08-29,5300,5300,5170,5200,56133,-0.02621722846441943
2024-08-30,5230,5270,5180,5260,30386,0.011538461538461497
2024-09-02,5270,5290,5140,5220,45935,-0.0076045627376425395
2024-09-03,5170,5220,5130,5220,23224,0.0
2024-09-04,5150,5150,4980,5030,86834,-0.036398467432950166
2024-09-05,5050,5180,4900,4990,62577,-0.007952286282306154
2024-09-06,4905,5030,4795,4850,61814,-0.028056112224448926
2024-09-09,4665,4885,4665,4885,32519,0.007216494845360799
2024-09-10,4885,4890,4750,4840,27959,-0.0092118730808598
2024-09-11,4865,5350,4815,5040,111765,0.04132231404958686
2024-09-12,5050,5180,5010,5170,40521,0.025793650793650702
2024-09-13,5180,5250,5060,5150,32178,-0.003868471953578312
2024-09-19,5160,5200,5040,5190,17190,0.007766990291262044
2024-09-20,5190,5190,5100,5180,28038,-0.0019267822736031004
2024-09-23,5150,5180,5070,5140,18770,-0.007722007722007707
2024-09-24,5100,5130,4955,5100,37076,-0.0077821011673151474
2024-09-25,5050,5170,5020,5170,30109,0.013725490196078383
2024-09-26,5120,5310,5120,5290,51779,0.023210831721470093
2024-09-27,5320,5320,5130,5160,51832,-0.02457466918714557
2024-09-30,5160,5160,5020,5120,19654,-0.007751937984496138
2024-10-02,5110,5110,4980,5070,39864,-0.009765625
2024-10-04,5020,5070,4985,5030,17459,-0.007889546351084853
2024-10-07,5000,5160,5000,5140,29303,0.021868787276341894
2024-10-08,5160,5160,5000,5080,23040,-0.011673151750972721
2024-10-10,5080,5080,4975,4975,36640,-0.02066929133858264
2024-10-11,4990,5050,4890,4900,31089,-0.015075376884422065
2024-10-14,4880,4900,4835,4885,15533,-0.003061224489795955
2024-10-15,4860,4915,4805,4840,28867,-0.0092118730808598
2024-10-16,4840,4925,4815,4920,26945,0.016528925619834656
2024-10-17,4920,4930,4810,4905,45453,-0.0030487804878048808
2024-10-18,4860,4875,4750,4820,37070,-0.01732925586136591
2024-10-21,4810,4810,4750,4770,26575,-0.010373443983402453
2024-10-22,4735,4770,4565,4605,45781,-0.03459119496855345
2024-10-23,4605,4645,4545,4640,24478,0.007600434310532034
2024-10-24,4645,4650,4545,4590,7648,-0.010775862068965525
2024-10-25,4595,4595,4465,4465,29218,-0.027233115468409563
2024-10-28,4450,4575,4185,4575,40892,0.024636058230683044
2024-10-29,4575,4640,4545,4640,8648,0.014207650273224015
2024-10-30,4640,4675,4595,4675,8653,0.007543103448275801
2024-10-31,4675,4675,4535,4655,15079,-0.004278074866310155
2024-11-01,4600,4630,4470,4470,26024,-0.039742212674543476
2024-11-04,4470,4555,4430,4555,13635,0.019015659955257336
2024-11-05,4505,4590,4505,4590,21200,0.007683863885839637
2024-11-06,4590,4600,4400,4400,23933,-0.04139433551198257
2024-11-07,4495,4495,4350,4440,22178,0.009090909090909038
2024-11-08,4365,4460,4365,4460,17930,0.0045045045045044585
2024-11-11,4380,4425,4215,4295,34983,-0.036995515695067316
2024-11-12,4225,4295,3995,4035,103433,-0.060535506402793926
2024-11-13,3965,3970,3755,3895,138615,-0.03469640644361838
2024-11-14,3895,4425,3890,4310,288541,0.1065468549422337
2024-11-15,4350,4630,4260,4555,188524,0.05684454756380508
2024-11-18,4590,5000,4570,4985,260008,0.09440175631174541
2024-11-19,4810,5110,4700,4955,94254,-0.006018054162487463
2024-11-20,4945,4960,4810,4950,45487,-0.0010090817356205317
2024-11-21,4895,4915,4730,4750,32020,-0.04040404040404044
2024-11-22,4700,4780,4690,4760,23985,0.002105263157894832
2024-11-25,4760,4765,4700,4755,19029,-0.0010504201680672232
2024-11-26,4720,4800,4700,4800,22460,0.009463722397476282
2024-11-27,4770,4925,4770,4900,22873,0.02083333333333326
2024-11-28,4890,5040,4865,5040,33988,0.02857142857142847
2024-11-29,5060,5170,4995,5110,83138,0.01388888888888884
2024-12-02,5030,5150,4960,5100,82161,-0.00195694716242667
2024-12-03,5040,5130,5000,5110,46440,0.0019607843137254832
2024-12-04,5040,5040,4855,4980,40029,-0.025440313111546042
2024-12-05,4980,5010,4880,4935,17923,-0.009036144578313254
2024-12-06,4935,4935,4680,4735,47642,-0.04052684903748738
2024-12-09,4625,4675,4110,4305,107197,-0.09081309398099258
2024-12-10,4290,4740,4290,4730,57654,0.0987224157955866
2024-12-11,4730,4850,4730,4845,23613,0.024312896405919604
2024-12-12,4845,4900,4795,4895,19669,0.01031991744066052
2024-12-13,4895,5040,4870,5000,38001,0.021450459652706755
2024-12-16,5010,5070,4955,5010,18264,0.0020000000000000018
2024-12-17,4980,5070,4925,5070,39227,0.011976047904191711
2024-12-18,5070,5070,4970,5000,13956,-0.013806706114398382
2024-12-19,4975,5020,4900,5000,8511,0.0
2024-12-20,5050,5050,4860,4925,16743,-0.015000000000000013
2024-12-23,4925,4945,4865,4945,14153,0.004060913705583813
2024-12-24,4945,4945,4840,4885,20784,-0.01213346814964611
2024-12-26,4885,4895,4775,4850,23573,-0.007164790174002067
2024-12-27,4860,4900,4585,4650,46873,-0.04123711340206182
2024-12-30,4505,4820,4505,4790,10974,0.03010752688172036
2025-01-02,4780,4840,4605,4830,37483,0.008350730688935215
2025-01-03,5020,5180,4600,4910,91438,0.016563146997929712
2025-01-06,4835,5140,4835,5080,127260,0.03462321792260692
2025-01-07,5080,5080,4925,4970,57814,-0.021653543307086576
2025-01-08,4970,5030,4950,5030,30656,0.012072434607645954
