Date,Open,High,Low,Close,Volume,Change
2022-01-03,4543,4614,4508,4579,246329,0.007702464788732488
2022-01-04,4544,4614,4544,4562,254385,-0.003712601004586147
2022-01-05,4543,4719,4526,4579,505697,0.0037264357737833986
2022-01-06,4508,4684,4473,4544,400373,-0.007643590303559766
2022-01-07,4544,4702,4544,4667,374737,0.027068661971831
2022-01-10,4666,4666,4455,4491,377398,-0.03771159202914076
2022-01-11,4491,4561,4368,4404,323778,-0.019372077488309936
2022-01-12,4438,4947,4438,4807,5588349,0.0915077202543142
2022-01-13,4842,4894,4719,4807,1178963,0.0
2022-01-14,4719,4736,4561,4614,541556,-0.04014978156854587
2022-01-17,4561,4596,4403,4421,404388,-0.04182921543129603
2022-01-18,4403,4719,4385,4421,706931,0.0
2022-01-19,4368,4561,4351,4439,371892,0.004071477041393434
2022-01-20,4421,4562,4404,4527,282823,0.019824284748817256
2022-01-21,4474,4596,4403,4439,365705,-0.019438922023415017
2022-01-24,4404,4404,4140,4176,586183,-0.059247578283397107
2022-01-25,4175,4227,3911,3947,452285,-0.0548371647509579
2022-01-26,3877,4105,3877,4088,452082,0.03572333417785667
2022-01-27,4087,4122,3789,3807,448360,-0.06873776908023488
2022-01-28,3807,4000,3719,4000,297388,0.0506960861570791
2022-02-03,4035,4210,4017,4158,303193,0.03950000000000009
2022-02-04,4123,4298,4088,4211,417987,0.012746512746512728
2022-02-07,4263,4263,4175,4263,105597,0.012348610781287128
2022-02-08,4263,4298,4105,4176,218889,-0.020408163265306145
2022-02-09,4210,4315,4175,4263,142690,0.02083333333333326
2022-02-10,4263,4281,4176,4176,224827,-0.020408163265306145
2022-02-11,4158,4316,4088,4211,534056,0.008381226053639779
2022-02-14,4157,4157,3929,3947,322548,-0.06269294704345763
2022-02-15,3947,4069,3894,3912,293591,-0.008867494299467982
2022-02-16,3982,4088,3947,4088,158094,0.04498977505112478
2022-02-17,4105,4193,3982,4088,350620,0.0
2022-02-18,4034,4157,4017,4140,424753,0.012720156555773077
2022-02-21,4104,4157,4034,4140,342864,0.0
2022-02-22,4035,4087,4000,4000,216179,-0.033816425120772986
2022-02-23,4017,4123,4000,4053,231512,0.013249999999999984
2022-02-24,4034,4385,3982,4070,1741456,0.004194423883542964
2022-02-25,4140,4210,4070,4088,356135,0.004422604422604337
2022-02-28,4034,4140,3999,4070,244517,-0.0044031311154598685
2022-03-02,4140,4157,4069,4140,116680,0.017199017199017286
2022-03-03,4157,4228,4105,4193,247744,0.012801932367149771
2022-03-04,4333,4333,4140,4193,329694,0.0
2022-03-07,4157,4157,4034,4070,165473,-0.029334605294538463
2022-03-08,3982,4070,3964,4035,115559,-0.008599508599508643
2022-03-10,4087,4123,4035,4123,113561,0.021809169764560155
2022-03-11,4087,4210,4087,4140,243819,0.004123211253941328
2022-03-14,4175,4175,4017,4035,213662,-0.025362318840579712
2022-03-15,4017,4088,3982,4053,253929,0.004460966542750855
2022-03-16,4052,4122,4052,4070,378848,0.004194423883542964
2022-03-17,4122,4228,4087,4193,476119,0.030221130221130155
2022-03-18,4193,4210,4122,4193,168915,0.0
2022-03-21,4210,4245,4140,4158,229764,-0.008347245409014992
2022-03-22,4175,4316,4158,4281,415713,0.029581529581529598
2022-03-23,4316,4333,4228,4316,371335,0.008175659892548426
2022-03-24,4298,4298,4193,4211,291336,-0.024328081556997172
2022-03-25,4227,4333,4227,4298,326082,0.020660175730230268
2022-03-28,4298,4596,4227,4456,3083277,0.036761284318287624
2022-03-29,4474,4491,4386,4439,446735,-0.0038150807899461903
2022-03-30,4456,4491,4404,4404,306355,-0.007884658706916015
2022-03-31,4403,4473,4368,4456,297590,0.01180744777475029
2022-04-01,4421,4491,4404,4404,295164,-0.011669658886894085
2022-04-04,4403,4456,4350,4456,281937,0.01180744777475029
2022-04-05,4491,4508,4420,4456,395912,0.0
2022-04-06,4403,4438,4315,4351,318703,-0.023563734290843796
2022-04-07,4316,4333,4228,4246,253386,-0.024132383360147114
2022-04-08,4245,4280,4192,4228,126700,-0.004239284032030111
2022-04-11,4193,4281,4193,4211,122322,-0.004020813623462627
2022-04-12,4175,4246,4123,4246,237418,0.00831156494894314
2022-04-13,4262,4368,4245,4298,268161,0.0122468205369759
2022-04-14,4333,4350,4280,4298,124209,0.0
2022-04-15,4245,4333,4228,4281,152880,-0.003955328059562557
2022-04-18,4263,4404,4263,4369,478677,0.0205559448726933
2022-04-19,4438,4473,4333,4421,677222,0.011902037079423167
2022-04-20,4439,4491,4368,4404,608810,-0.0038452838724271077
2022-04-21,4386,4438,4350,4386,339906,-0.004087193460490468
2022-04-22,4369,4439,4316,4369,229872,-0.003875968992248069
2022-04-25,4211,4263,4140,4176,525706,-0.044174868390936095
2022-04-26,4192,4280,4192,4228,233208,0.01245210727969348
2022-04-27,4122,4193,4087,4193,293469,-0.008278145695364225
2022-04-28,4211,4263,4140,4176,213318,-0.004054376341521615
2022-04-29,4210,4263,4157,4228,247650,0.01245210727969348
2022-05-02,4193,4263,4193,4246,211784,0.004257332071901709
2022-05-03,4263,4263,4210,4228,127000,-0.004239284032030111
2022-05-04,4245,4263,4210,4228,143328,0.0
2022-05-06,4158,4211,4140,4176,123964,-0.012298959318826852
2022-05-09,4158,4193,4070,4088,135474,-0.021072796934865856
2022-05-10,4000,4035,3912,3983,212603,-0.025684931506849362
2022-05-11,3983,4035,3983,3983,77091,0.0
2022-05-12,3912,4070,3561,3667,746284,-0.07933718302786841
2022-05-13,3702,3860,3684,3790,163676,0.033542405235887696
2022-05-16,3789,3841,3736,3754,112892,-0.009498680738786236
2022-05-17,3754,3860,3737,3825,145316,0.018913159296750193
2022-05-18,3842,3912,3771,3807,148127,-0.004705882352941226
2022-05-19,3684,3736,3648,3684,136205,-0.03230890464933023
2022-05-20,3702,3754,3702,3702,108013,0.004885993485342022
2022-05-23,3701,3736,3649,3649,112109,-0.014316585629389533
2022-05-24,3702,4193,3649,3702,2082613,0.014524527267744558
2022-05-25,3719,3771,3684,3684,242647,-0.004862236628849326
2022-05-26,3684,3772,3614,3632,194108,-0.014115092290988063
2022-05-27,3684,3737,3632,3632,208413,0.0
2022-05-30,3666,3719,3666,3684,84917,0.014317180616740144
2022-05-31,3684,3737,3666,3702,102721,0.004885993485342022
2022-06-02,3719,3789,3684,3737,124271,0.009454349000540319
2022-06-03,3789,3789,3718,3754,148315,0.004549103559004619
2022-06-07,3771,3841,3719,3719,208099,-0.009323388385721887
2022-06-08,3719,3772,3684,3702,128953,-0.004571121269158374
2022-06-09,3701,3754,3666,3754,143578,0.014046461372231311
2022-06-10,3684,3789,3684,3684,109073,-0.018646776771443774
2022-06-13,3613,3631,3483,3491,266024,-0.05238870792616723
2022-06-14,3396,3526,3351,3481,168294,-0.002864508736751592
2022-06-15,3438,3509,3302,3302,190047,-0.051422005170927876
2022-06-16,3323,3442,3294,3309,112083,0.002119927316777792
2022-06-17,3228,3291,3151,3239,195820,-0.021154427319431846
2022-06-20,3238,3287,3013,3105,220115,-0.041370793454770016
2022-06-21,3087,3140,3056,3123,131556,0.005797101449275255
2022-06-22,3122,3172,2944,2944,151636,-0.057316682676913255
2022-06-23,2933,2951,2687,2702,358323,-0.08220108695652173
2022-06-24,2695,2884,2695,2860,254672,0.05847520355292368
2022-06-27,2863,3031,2863,2972,170259,0.03916083916083912
2022-06-28,2971,3031,2936,2982,100471,0.003364737550471064
2022-06-29,2940,3017,2922,2979,53942,-0.001006036217303774
2022-06-30,2978,3083,2904,2912,83163,-0.022490768714333642
2022-07-01,2912,2982,2824,2835,82692,-0.02644230769230771
2022-07-04,2835,2877,2715,2807,84134,-0.00987654320987652
2022-07-05,2782,2870,2778,2870,54210,0.02244389027431426
2022-07-06,2877,2943,2803,2828,78137,-0.014634146341463428
2022-07-07,2870,2947,2824,2870,129166,0.014851485148514865
2022-07-08,2908,3010,2891,2951,130249,0.0282229965156795
2022-07-11,2954,2989,2881,2881,77338,-0.023720772619451047
2022-07-12,2842,2881,2786,2839,88696,-0.014578271433530077
2022-07-13,2810,2891,2800,2881,73333,0.014793941528707277
2022-07-14,2869,2915,2841,2898,54922,0.00590072891357174
2022-07-15,2888,2930,2807,2860,49059,-0.013112491373360902
2022-07-18,2859,2909,2845,2888,66705,0.009790209790209836
2022-07-19,2845,2919,2845,2919,54690,0.010734072022160701
2022-07-20,2953,2992,2936,2961,80735,0.014388489208633004
2022-07-21,2964,3010,2947,3000,74516,0.01317122593718345
2022-07-22,2989,3140,2989,3028,196078,0.009333333333333416
2022-07-25,3034,3042,2978,3042,55323,0.004623513870541718
2022-07-26,2992,3031,2989,3007,105168,-0.011505588428665336
2022-07-27,3010,3046,2993,3025,72012,0.005986032590621804
2022-07-28,3038,3091,2996,3000,72784,-0.008264462809917328
2022-07-29,3003,3049,2992,3014,47689,0.004666666666666597
2022-08-01,2996,3046,2996,3032,38260,0.005972130059721303
2022-08-02,3027,3056,2992,3049,53038,0.005606860158311244
2022-08-03,3049,3137,3031,3095,114689,0.015086913742210495
2022-08-04,3097,3126,3083,3126,54495,0.010016155088852896
2022-08-05,3133,3137,3094,3137,67813,0.00351887396033268
2022-08-08,3116,3151,3098,3116,89059,-0.006694293911380322
2022-08-09,3115,3130,3070,3123,104230,0.002246469833119491
2022-08-10,3122,3157,3062,3070,83906,-0.0169708613512648
2022-08-11,3069,3171,3069,3147,218227,0.025081433224755756
2022-08-12,3175,3200,3105,3172,281624,0.007944073721004141
2022-08-16,3203,3210,3140,3172,230331,0.0
2022-08-17,3147,3164,3115,3147,69371,-0.007881462799495531
2022-08-18,3133,3137,3035,3088,76302,-0.018748013981569778
2022-08-19,3087,3192,3087,3147,287148,0.01910621761658038
2022-08-22,3070,3137,3017,3039,195696,-0.03431839847473783
2022-08-23,2999,3034,2957,2968,85429,-0.02336294833826913
2022-08-24,2967,2999,2950,2996,53748,0.009433962264151052
2022-08-25,2996,3094,2996,3077,65271,0.02703604806408544
2022-08-26,3052,3119,3052,3091,66429,0.004549886252843693
2022-08-29,2975,3077,2968,3025,76248,-0.02135231316725983
2022-08-30,2999,3070,2992,3070,51071,0.014876033057851235
2022-08-31,3027,3070,3020,3056,69988,-0.004560260586319198
2022-09-01,3031,3034,2918,2933,149735,-0.040248691099476486
2022-09-02,2933,2958,2881,2881,53588,-0.01772928741902491
2022-09-05,2863,2940,2824,2849,95168,-0.01110725442554672
2022-09-06,2848,2933,2848,2905,100649,0.019656019656019597
2022-09-07,2852,2904,2792,2796,86881,-0.03752151462994835
2022-09-08,2803,2999,2796,2912,280400,0.0414878397711016
2022-09-13,2929,2982,2901,2958,129249,0.01579670329670324
2022-09-14,2880,2958,2828,2930,125492,-0.009465855307640325
2022-09-15,2933,2986,2832,2832,225099,-0.0334470989761092
2022-09-16,2827,2848,2778,2796,82660,-0.012711864406779627
2022-09-19,2803,2933,2687,2695,293739,-0.036123032904148755
2022-09-20,2701,2743,2701,2705,54814,0.0037105751391466324
2022-09-21,2702,2740,2645,2667,84864,-0.014048059149722736
2022-09-22,2635,2663,2526,2565,135046,-0.038245219347581516
2022-09-23,2543,2564,2420,2428,177011,-0.05341130604288502
2022-09-26,2351,2410,2266,2316,237931,-0.04612850082372322
2022-09-27,2315,2522,2269,2326,171584,0.0043177892918826455
2022-09-28,2284,2347,2199,2242,103651,-0.03611349957007737
2022-09-29,2298,2319,2228,2228,44332,-0.006244424620874267
2022-09-30,2224,2242,2140,2235,117331,0.0031418312387792025
2022-10-04,2245,2316,2242,2316,31792,0.03624161073825505
2022-10-05,2368,2368,2241,2263,67194,-0.022884283246977555
2022-10-06,2262,2322,2262,2312,42225,0.021652673442333237
2022-10-07,2312,2382,2263,2351,46780,0.016868512110726597
2022-10-11,2312,2312,2175,2207,62587,-0.06125053168864314
2022-10-12,2174,2290,2143,2224,216960,0.0077027639329405595
2022-10-13,2207,2231,2087,2095,127887,-0.058003597122302186
2022-10-14,2104,2210,2104,2182,92754,0.04152744630071603
2022-10-17,2133,2210,2129,2200,34646,0.008249312557286892
2022-10-18,2210,2361,2203,2340,166312,0.06363636363636371
2022-10-19,2339,2406,2318,2361,75391,0.008974358974358942
2022-10-20,2326,2358,2280,2309,55144,-0.022024565861922918
2022-10-21,2270,2347,2245,2316,56945,0.003031615417929734
2022-10-24,2337,2379,2312,2323,126858,0.003022452504317874
2022-10-25,2326,2396,2319,2323,104987,0.0
2022-10-26,2351,2368,2277,2323,65098,0.0
2022-10-27,2315,2361,2263,2330,75198,0.0030133448127420692
2022-10-28,2305,2361,2305,2330,46228,0.0
2022-10-31,2329,2378,2318,2340,42535,0.0042918454935623185
2022-11-01,2315,2354,2315,2354,54507,0.005982905982905962
2022-11-02,2365,2375,2322,2351,72709,-0.0012744265080714134
2022-11-03,2315,2375,2291,2358,56809,0.002977456401531242
2022-11-04,2326,2372,2315,2358,50042,0.0
2022-11-07,2357,2382,2311,2326,124888,-0.013570822731128085
2022-11-08,2332,2378,2332,2347,74468,0.009028374892519286
2022-11-09,2350,2396,2350,2372,63572,0.010651896037494613
2022-11-10,2354,2382,2333,2372,42508,0.0
2022-11-11,2421,2428,2368,2407,118215,0.01475548060708265
2022-11-14,2406,2452,2392,2431,79176,0.009970918155380204
2022-11-15,2431,2509,2403,2509,118194,0.03208556149732611
2022-11-16,2491,2505,2459,2495,62394,-0.005579912315663571
2022-11-17,2505,2505,2449,2481,86496,-0.005611222444889763
2022-11-18,2480,2523,2466,2488,79545,0.0028214429665458507
2022-11-21,2511,2515,2392,2410,69872,-0.031350482315112504
2022-11-22,2406,2441,2385,2403,23840,-0.0029045643153526868
2022-11-23,2382,2466,2382,2442,95156,0.01622971285892638
2022-11-24,2481,2498,2456,2460,114129,0.0073710073710073765
2022-11-25,2470,2505,2459,2481,88232,0.008536585365853666
2022-11-28,2455,2529,2441,2484,77499,0.0012091898428052694
2022-11-29,2483,2526,2483,2526,143254,0.01690821256038655
2022-11-30,2544,2565,2526,2537,110227,0.004354711005542411
2022-12-01,2529,2606,2525,2547,174788,0.003941663381947125
2022-12-02,2537,2572,2523,2523,77026,-0.009422850412249661
2022-12-05,2522,2551,2491,2544,99489,0.00832342449464929
2022-12-06,2540,2614,2491,2502,109680,-0.01650943396226412
2022-12-07,2515,2529,2473,2498,25107,-0.001598721023181482
2022-12-08,2459,2526,2452,2470,60314,-0.011208967173738982
2022-12-09,2481,2491,2449,2453,38718,-0.006882591093117396
2022-12-12,2452,2473,2413,2435,37969,-0.007337953526294294
2022-12-13,2434,2466,2427,2438,31099,0.001232032854209475
2022-12-14,2417,2477,2417,2470,31260,0.01312551271534046
2022-12-15,2470,2522,2452,2463,48062,-0.002834008097165941
2022-12-16,2452,2543,2420,2484,64980,0.008526187576126665
2022-12-19,2463,2487,2445,2456,17525,-0.011272141706924366
2022-12-20,2424,2449,2385,2435,82371,-0.008550488599348482
2022-12-21,2385,2441,2385,2410,23585,-0.010266940451745366
2022-12-22,2402,2441,2402,2410,37210,0.0
2022-12-23,2399,2417,2367,2382,40523,-0.011618257261410747
2022-12-26,2368,2382,2333,2333,27140,-0.020570948782535736
2022-12-27,2297,2469,2297,2403,100648,0.030004286326618113
2022-12-28,2386,2509,2386,2488,64899,0.035372451102788194
2022-12-29,2442,2631,2414,2495,98021,0.002813504823151236
2023-01-02,2491,2516,2438,2488,70676,-0.002805611222444937
2023-01-03,2494,2494,2403,2403,87713,-0.03416398713826363
2023-01-04,2403,2459,2333,2435,70236,0.013316687473990951
2023-01-05,2442,2561,2442,2453,144006,0.007392197125256628
2023-01-06,2414,2481,2407,2453,50567,0.0
2023-01-09,2452,2509,2452,2481,46295,0.011414594374235643
2023-01-10,2455,2522,2455,2512,83901,0.012494961708988228
2023-01-11,2533,2565,2494,2537,161904,0.009952229299363013
2023-01-12,2536,2596,2515,2533,147170,-0.0015766653527788943
2023-01-13,2543,2561,2525,2533,36967,0.0
2023-01-16,2532,2568,2497,2568,65519,0.013817607579944768
2023-01-17,2575,2582,2532,2561,66594,-0.002725856697819329
2023-01-18,2575,2585,2525,2533,95848,-0.010933229207340855
2023-01-19,2529,2571,2480,2505,79387,-0.011054086063955748
2023-01-20,2501,2522,2490,2505,23619,0.0
2023-01-25,2522,2522,2490,2498,34637,-0.0027944111776446734
2023-01-26,2498,2523,2498,2523,52610,0.010008006405124004
2023-01-27,2557,2561,2518,2554,43948,0.012286959968291766
2023-01-30,2561,2585,2515,2547,70181,-0.0027407987470634554
2023-01-31,2543,2561,2518,2547,39860,0.0
2023-02-01,2554,2572,2543,2558,76051,0.004318806438947886
2023-02-02,2543,2589,2543,2589,105317,0.01211884284597331
2023-02-03,2589,2614,2568,2593,96715,0.0015449980687525233
2023-02-06,2589,2599,2543,2582,35756,-0.004242190512919408
2023-02-07,2582,2600,2529,2593,51211,0.004260263361735017
2023-02-08,2600,2649,2589,2639,137606,0.01774006941766304
2023-02-09,2642,2723,2635,2709,131750,0.02652519893899208
2023-02-10,2709,2712,2624,2653,80648,-0.02067183462532296
2023-02-13,2652,2656,2599,2614,54635,-0.014700339238597815
2023-02-14,2610,2635,2582,2593,25449,-0.008033664881407776
2023-02-15,2624,2624,2490,2505,66327,-0.033937524103355154
2023-02-16,2491,2561,2491,2523,39172,0.007185628742514938
2023-02-17,2462,2533,2462,2512,52258,-0.004359889021006702
2023-02-20,2522,2701,2501,2624,232572,0.04458598726114649
2023-02-21,2624,2653,2575,2646,101470,0.008384146341463339
2023-02-22,2649,2705,2572,2572,114469,-0.027966742252456545
2023-02-23,2564,2610,2560,2596,17098,0.009331259720062102
2023-02-24,2589,2592,2532,2547,51344,-0.018875192604006163
2023-02-27,2557,2557,2473,2491,48802,-0.021986650961915988
2023-02-28,2477,2523,2477,2523,29082,0.01284624648735444
2023-03-02,2490,2550,2476,2540,72056,0.006738010305192166
2023-03-03,2540,2589,2533,2586,111251,0.018110236220472364
2023-03-06,2593,2617,2578,2593,169735,0.002706883217324041
2023-03-07,2544,2646,2544,2646,211306,0.020439645198611744
2023-03-08,2649,2670,2596,2607,212814,-0.01473922902494329
2023-03-09,2606,2719,2599,2691,446507,0.03222094361334871
2023-03-10,2641,2676,2557,2561,171716,-0.048309178743961345
2023-03-13,2540,2540,2456,2502,109399,-0.02303787582975403
2023-03-14,2473,2490,2343,2354,175228,-0.05915267785771383
2023-03-15,2365,2456,2305,2365,115519,0.004672897196261738
2023-03-16,2364,2385,2318,2333,45701,-0.013530655391120527
2023-03-17,2346,2392,2332,2382,61109,0.021003000428632568
2023-03-20,2403,2403,2361,2372,40254,-0.004198152812762368
2023-03-21,2392,2406,2368,2368,41951,-0.001686340640809414
2023-03-22,2371,2392,2329,2333,42565,-0.014780405405405372
2023-03-23,2329,2347,2227,2256,104285,-0.033004714959279924
2023-03-24,2245,2312,2241,2305,45165,0.021719858156028282
2023-03-27,2305,2312,2249,2295,45784,-0.004338394793926281
2023-03-28,2287,2305,2266,2270,108810,-0.01089324618736387
2023-03-29,2273,2316,2263,2316,45291,0.02026431718061672
2023-03-30,2312,2421,2298,2421,103419,0.04533678756476678
2023-03-31,2421,2421,2350,2358,59684,-0.026022304832713727
2023-04-03,2361,2382,2312,2344,60719,-0.00593723494486853
2023-04-04,2343,2382,2343,2375,41280,0.013225255972696193
2023-04-05,2360,2392,2339,2368,44035,-0.0029473684210525875
2023-04-06,2347,2365,2315,2330,55037,-0.01604729729729726
2023-04-07,2347,2358,2308,2344,60711,0.006008583690987113
2023-04-10,2337,2347,2280,2302,73673,-0.017918088737201354
2023-04-11,2301,2368,2270,2351,64153,0.02128583840139009
2023-04-12,2350,2424,2350,2396,130615,0.019140791152701064
2023-04-13,2396,2414,2347,2400,60825,0.0016694490818029983
2023-04-14,2421,2421,2375,2393,76880,-0.0029166666666666785
2023-04-17,2393,2410,2357,2393,45678,0.0
2023-04-18,2438,2469,2374,2382,205902,-0.004596740493104878
2023-04-19,2392,2413,2382,2382,68397,0.0
2023-04-20,2375,2389,2350,2358,57274,-0.010075566750629705
2023-04-21,2343,2392,2325,2340,60193,-0.007633587786259555
2023-04-24,2351,2358,2291,2302,49040,-0.016239316239316293
2023-04-25,2301,2311,2237,2252,84389,-0.021720243266724615
2023-04-26,2245,2280,2227,2270,43986,0.00799289520426294
2023-04-27,2273,2287,2231,2256,49537,-0.006167400881057272
2023-04-28,2294,2294,2227,2245,41439,-0.004875886524822737
2023-05-02,2244,2266,2230,2252,35294,0.003118040089086893
2023-05-03,2242,2351,2238,2281,36611,0.012877442273534712
2023-05-04,2262,2340,2259,2284,34945,0.0013152126260411734
2023-05-08,2287,2536,2287,2410,994936,0.05516637478108577
2023-05-09,2409,2424,2346,2424,71040,0.0058091286307053736
2023-05-10,2396,2522,2368,2477,149879,0.02186468646864692
2023-05-11,2469,2533,2466,2498,120612,0.008477997577714946
2023-05-12,2476,2518,2367,2410,82347,-0.03522818254603688
2023-05-15,2410,2491,2385,2463,56426,0.0219917012448132
2023-05-16,2498,2554,2470,2488,180514,0.010150223304912664
2023-05-17,2466,2512,2449,2495,45522,0.002813504823151236
2023-05-18,2495,2509,2473,2495,38946,0.0
2023-05-19,2502,2516,2470,2474,39808,-0.0084168336673347
2023-05-22,2473,2501,2455,2491,32808,0.006871463217461571
2023-05-23,2495,2512,2456,2481,69498,-0.004014452027298221
2023-05-24,2484,2505,2455,2477,42279,-0.0016122531237404703
2023-05-25,2477,2491,2438,2456,37949,-0.008477997577714946
2023-05-26,2459,2497,2420,2438,66936,-0.007328990228013033
2023-05-30,2441,2480,2350,2477,57982,0.01599671862182106
2023-05-31,2498,2498,2438,2467,57247,-0.004037141703673752
2023-06-01,2487,3070,2438,2516,5524478,0.019862180786380135
2023-06-02,2515,2536,2476,2491,395507,-0.009936406995230573
2023-06-05,2509,2523,2480,2488,150949,-0.001204335608189444
2023-06-07,2515,2582,2494,2554,512607,0.026527331189710512
2023-06-08,2701,2803,2515,2565,1045832,0.004306969459671128
2023-06-09,2550,2571,2536,2561,125795,-0.001559454191033094
2023-06-12,2547,2579,2508,2523,133766,-0.01483795392424836
2023-06-13,2525,2680,2511,2617,514897,0.03725723345223941
2023-06-14,2582,2599,2504,2526,218108,-0.03477264042797101
2023-06-15,2466,2515,2438,2505,225855,-0.008313539192399078
2023-06-16,2495,2526,2477,2488,60647,-0.00678642714570854
2023-06-19,2487,2540,2459,2540,70797,0.020900321543408262
2023-06-20,2522,2540,2508,2533,41024,-0.002755905511811041
2023-06-21,2544,2544,2481,2481,111282,-0.020529016975917913
2023-06-22,2589,2592,2427,2456,300195,-0.01007658202337769
2023-06-23,2442,2484,2420,2428,109448,-0.01140065146579805
2023-06-26,2427,2448,2385,2431,55029,0.0012355848434926209
2023-06-27,2409,2448,2388,2438,47528,0.002879473467708671
2023-06-28,2420,2484,2410,2463,66958,0.010254306808859637
2023-06-29,2462,2490,2409,2417,52902,-0.01867641088103933
2023-06-30,2403,2463,2399,2414,37060,-0.0012412081092263438
2023-07-03,2413,2448,2413,2438,53532,0.009942004971002394
2023-07-04,2442,2442,2389,2393,68995,-0.01845775225594748
2023-07-05,2396,2455,2378,2382,52923,-0.004596740493104878
2023-07-06,2382,2403,2333,2333,82835,-0.020570948782535736
2023-07-07,2330,2330,2294,2309,29745,-0.010287183883411877
2023-07-10,2340,2351,2302,2302,29347,-0.003031615417929845
2023-07-11,2305,2361,2305,2351,20206,0.02128583840139009
2023-07-12,2336,2361,2332,2361,18219,0.004253509145044632
2023-07-13,2361,2368,2339,2361,25687,0.0
2023-07-14,2361,2361,2308,2330,61678,-0.013130029648454
2023-07-17,2330,2403,2273,2281,208714,-0.021030042918454894
2023-07-18,2280,2308,2179,2179,221084,-0.04471722928540112
2023-07-19,2196,2263,2175,2221,89068,0.019274896741624525
2023-07-20,2210,2228,2143,2228,51781,0.0031517334533994745
2023-07-21,2231,2231,2147,2165,103778,-0.0282764811490126
2023-07-24,2165,2193,2084,2102,135068,-0.029099307159353383
2023-07-25,2073,2122,1940,1965,250735,-0.06517602283539481
2023-07-26,1932,1964,1806,1831,210545,-0.06819338422391863
2023-07-27,1799,1957,1799,1940,98863,0.05953031130529762
2023-07-28,1936,2087,1915,2017,44687,0.03969072164948462
2023-07-31,2010,2052,1988,1996,30276,-0.010411502231036152
2023-08-01,1985,2024,1953,2024,45108,0.014028056112224352
2023-08-02,1986,2108,1954,1979,148102,-0.022233201581027706
2023-08-03,1978,1999,1929,1947,41351,-0.016169782718544745
2023-08-04,1946,1978,1929,1954,26625,0.0035952747817153963
2023-08-07,1937,1979,1919,1937,31251,-0.008700102354145312
2023-08-08,1937,1975,1916,1916,26746,-0.010841507485802815
2023-08-09,1915,1965,1915,1958,36482,0.02192066805845516
2023-08-10,1957,2052,1950,2049,87042,0.046475995914198265
2023-08-11,2017,2088,2017,2074,59102,0.012201073694485087
2023-08-14,2055,2073,2009,2017,49588,-0.02748312439729994
2023-08-16,2017,2028,1982,2007,44679,-0.004957858205255294
2023-08-17,2006,2010,1936,1989,43248,-0.008968609865470878
2023-08-18,1989,2027,1911,1919,73176,-0.0351935646053293
2023-08-21,1908,1958,1908,1923,26915,0.0020844189682125425
2023-08-22,1901,1940,1901,1933,32475,0.005200208008320439
2023-08-23,1933,1933,1859,1930,74339,-0.0015519917227108104
2023-08-24,1909,1930,1880,1895,33503,-0.01813471502590669
2023-08-25,1912,1912,1855,1877,38866,-0.009498680738786236
2023-08-28,1877,1891,1810,1877,24687,0.0
2023-08-29,1827,1912,1827,1912,45101,0.018646776771443774
2023-08-30,1912,1922,1845,1891,39695,-0.010983263598326354
2023-08-31,1891,1891,1841,1849,54930,-0.022210470650449454
2023-09-01,1848,1848,1813,1817,54578,-0.01730665224445649
2023-09-04,1813,1838,1799,1817,35810,0.0
2023-09-05,1806,2035,1806,1828,244783,0.006053935057787507
2023-09-06,1816,1887,1816,1859,35023,0.01695842450765861
2023-09-07,1841,1859,1817,1817,28189,-0.02259279182356111
2023-09-08,1817,1828,1799,1814,21350,-0.001651073197578401
2023-09-11,1813,1841,1802,1824,34416,0.005512679162072764
2023-09-12,1806,1852,1788,1796,43681,-0.015350877192982448
2023-09-13,1778,1806,1760,1775,41938,-0.011692650334075738
2023-09-14,1367,1385,1245,1245,3843871,-0.2985915492957747
2023-09-15,1245,1399,1227,1284,3397099,0.031325301204819356
2023-09-18,1287,1308,1244,1259,420396,-0.01947040498442365
2023-09-19,1266,1283,1220,1245,307916,-0.011119936457505974
2023-09-20,1238,1249,1172,1172,429160,-0.05863453815261044
2023-09-21,1182,1193,1143,1158,147483,-0.011945392491467532
2023-09-22,1090,1157,1090,1119,139560,-0.033678756476683946
2023-09-25,1118,1139,1090,1122,159591,0.002680965147453085
2023-09-26,1073,1091,786,786,4694857,-0.2994652406417112
2023-09-27,568,848,568,740,20408904,-0.058524173027989845
2023-10-04,711,961,711,961,15567480,0.2986486486486486
2023-10-05,1020,1248,1013,1042,31385287,0.08428720083246621
2023-10-06,1030,1174,886,894,11544440,-0.14203454894433776
2023-10-10,863,989,782,856,7001289,-0.04250559284116329
2023-10-11,880,1077,870,951,16356312,0.11098130841121501
2023-10-12,954,1049,940,944,6875423,-0.007360672975814886
2023-10-13,922,964,883,891,2140540,-0.056144067796610186
2023-10-16,894,939,865,894,2195754,0.0033670033670034627
2023-10-17,912,933,883,905,701026,0.01230425055928408
2023-10-18,898,901,810,814,1614856,-0.10055248618784529
2023-10-19,813,820,764,782,681793,-0.039312039312039304
2023-10-20,771,904,753,810,3067050,0.03580562659846542
2023-10-23,810,855,785,789,775901,-0.025925925925925908
2023-10-24,841,869,788,866,1113009,0.09759188846641309
2023-10-25,975,1126,919,1028,16404147,0.18706697459584287
2023-10-26,982,1333,954,1214,24261846,0.18093385214007784
2023-10-27,1178,1434,1157,1217,19285321,0.0024711696869852418
2023-10-30,1277,1364,1164,1172,6916586,-0.03697617091207883
2023-10-31,1221,1280,1073,1151,3921454,-0.017918088737201354
2023-11-01,1133,1227,1076,1098,4108616,-0.04604691572545616
2023-11-02,1104,1241,1073,1168,2809246,0.06375227686703089
2023-11-03,1193,1516,1189,1516,16701367,0.297945205479452
2023-11-06,1560,1834,1501,1624,17210109,0.0712401055408971
2023-11-07,1599,1929,1445,1666,21376665,0.02586206896551735
2023-11-08,1778,1932,1711,1726,10824057,0.03601440576230486
2023-11-09,1638,1638,1529,1565,2946394,-0.09327925840092699
2023-11-10,1525,1715,1483,1603,4136425,0.024281150159744413
2023-11-13,1588,1613,1378,1410,2237746,-0.12039925140361818
2023-11-14,1392,1553,1388,1473,2445708,0.044680851063829685
2023-11-15,1484,1701,1456,1614,5860068,0.09572301425661922
2023-11-16,1606,1662,1519,1519,1837203,-0.05885997521685249
2023-11-17,1526,1533,1431,1456,1104466,-0.04147465437788023
2023-11-20,1463,1554,1427,1435,1350855,-0.014423076923076872
2023-11-21,1427,1596,1375,1456,5447592,0.014634146341463428
2023-11-22,1455,1469,1392,1403,974349,-0.03640109890109888
2023-11-23,1403,1455,1339,1347,1519535,-0.03991446899501072
2023-11-24,1353,1378,1283,1287,1499214,-0.04454342984409798
2023-11-27,1287,1290,1216,1238,1328257,-0.03807303807303808
2023-11-28,1238,1353,1192,1224,2266301,-0.011308562197092087
2023-11-29,1224,1224,1136,1158,1240616,-0.05392156862745101
2023-11-30,1119,1179,1087,1130,1409297,-0.024179620034542326
2023-12-01,0,0,0,1130,0,0.0
2023-12-04,0,0,0,1130,0,0.0
2023-12-05,0,0,0,1130,0,0.0
2023-12-06,0,0,0,1130,0,0.0
2023-12-07,0,0,0,1130,0,0.0
2023-12-08,0,0,0,1130,0,0.0
2023-12-11,0,0,0,1130,0,0.0
2023-12-12,0,0,0,1130,0,0.0
2023-12-13,0,0,0,1130,0,0.0
2023-12-14,0,0,0,1130,0,0.0
2023-12-15,0,0,0,1130,0,0.0
2023-12-18,0,0,0,1130,0,0.0
2023-12-19,0,0,0,1130,0,0.0
2023-12-20,1130,1469,1119,1341,29118425,0.1867256637168142
2023-12-21,1469,1699,1350,1618,31369042,0.2065622669649516
2023-12-22,1578,1579,1350,1360,7009766,-0.15945611866501852
2023-12-26,1301,1394,1268,1272,2546994,-0.06470588235294117
2023-12-27,1252,1295,1220,1255,1155328,-0.013364779874213806
2023-12-28,1245,1247,1197,1202,1462160,-0.042231075697211184
2024-01-02,1193,1210,1156,1205,854882,0.0024958402662229595
2024-01-03,1196,1199,1165,1167,638936,-0.03153526970954357
2024-01-04,1172,1177,1070,1107,1109789,-0.05141388174807193
2024-01-05,1107,1107,1061,1075,534271,-0.028906955736224038
2024-01-08,1080,1081,1019,1049,774026,-0.024186046511627923
2024-01-09,1049,1050,1017,1021,761861,-0.02669208770257392
2024-01-10,1026,1026,1006,1024,364392,0.002938295788442735
2024-01-11,1024,1025,1006,1018,443492,-0.005859375
2024-01-12,1018,1024,1001,1010,443012,-0.007858546168958758
2024-01-15,1003,1006,983,990,452499,-0.01980198019801982
2024-01-16,981,998,946,962,370874,-0.028282828282828243
2024-01-17,962,965,935,951,266337,-0.011434511434511463
2024-01-18,947,950,935,939,197301,-0.012618296529968487
2024-01-19,939,966,937,942,223621,0.0031948881789136685
2024-01-22,949,950,929,935,205195,-0.007430997876857748
2024-01-23,910,1099,904,952,1640491,0.018181818181818077
2024-01-24,945,1088,943,979,1853477,0.028361344537815025
2024-01-25,980,1234,980,1157,9963479,0.18181818181818188
2024-01-26,1139,1139,1036,1048,1517561,-0.09420916162489201
2024-01-29,1075,1085,1003,1030,979139,-0.01717557251908397
2024-01-30,1300,1338,1100,1126,11037960,0.09320388349514563
2024-01-31,1076,1126,1024,1042,1483144,-0.07460035523978681
2024-02-01,1042,1050,1016,1037,582089,-0.004798464491362786
2024-02-02,1037,1109,1035,1077,927630,0.03857280617164904
2024-02-05,1077,1096,1051,1059,373888,-0.01671309192200554
2024-02-06,1059,1061,1031,1045,411651,-0.013220018885741314
2024-02-07,1060,1060,1032,1046,190339,0.000956937799043045
2024-02-08,1046,1057,1038,1041,171216,-0.004780114722753304
2024-02-13,1042,1100,1040,1080,373138,0.03746397694524495
2024-02-14,1080,1108,1064,1085,400104,0.004629629629629539
2024-02-15,1093,1244,1072,1189,4720165,0.09585253456221188
2024-02-16,1171,1184,1102,1128,1312211,-0.051303616484440706
2024-02-19,1118,1153,1091,1110,454617,-0.015957446808510634
2024-02-20,1098,1127,1086,1106,561986,-0.003603603603603567
2024-02-21,1106,1127,1082,1084,338486,-0.019891500904159143
2024-02-22,1109,1109,1070,1072,350422,-0.011070110701106972
2024-02-23,1068,1089,1040,1046,486026,-0.02425373134328357
2024-02-26,1045,1060,1004,1055,364238,0.008604206500955947
2024-02-27,1051,1058,1017,1020,241216,-0.033175355450236976
2024-02-28,1010,1070,1010,1034,239948,0.013725490196078383
2024-02-29,1034,1071,1030,1060,193466,0.025145067698259194
2024-03-04,1078,1132,1062,1132,446956,0.06792452830188678
2024-03-05,1129,1144,1070,1142,277971,0.008833922261484162
2024-03-06,1130,1156,1125,1145,192387,0.0026269702276706663
2024-03-07,1142,1259,1132,1259,904316,0.09956331877729263
2024-03-08,1247,1274,1159,1211,939178,-0.038125496425734706
2024-03-11,1211,1216,1171,1214,250656,0.002477291494632494
2024-03-12,1211,1270,1180,1257,482250,0.03542009884678743
2024-03-13,1261,1265,1235,1251,187512,-0.004773269689737458
2024-03-14,1251,1255,1213,1214,266602,-0.029576338928856916
2024-03-15,1202,1264,1199,1241,317085,0.02224052718286651
2024-03-18,1210,1231,1195,1210,345819,-0.02497985495568089
2024-03-19,1210,1261,1203,1244,182392,0.028099173553719048
2024-03-20,1236,1269,1229,1240,300998,-0.003215434083601254
2024-03-21,1246,1410,1246,1290,2122304,0.040322580645161255
2024-03-22,1290,1290,1243,1252,205156,-0.029457364341085257
2024-03-25,1252,1252,1217,1225,195170,-0.021565495207667706
2024-03-26,1226,1390,1225,1262,1251622,0.03020408163265298
2024-03-27,1262,1280,1236,1261,249875,-0.0007923930269413404
2024-03-28,1255,1277,1250,1262,115667,0.0007930214115781098
2024-03-29,1262,1274,1245,1260,130243,-0.0015847860538826808
2024-04-01,1259,1305,1253,1298,194515,0.03015873015873005
2024-04-02,1294,1299,1256,1270,132832,-0.02157164869029271
2024-04-03,1251,1275,1250,1262,141229,-0.006299212598425252
2024-04-04,1262,1275,1240,1270,196027,0.006339144215530945
2024-04-05,1270,1270,1237,1258,264407,-0.009448818897637823
2024-04-08,1258,1260,1195,1257,215655,-0.0007949125596183881
2024-04-09,1248,1283,1230,1241,92903,-0.012728719172633296
2024-04-11,1211,1250,1200,1225,106886,-0.012892828364222453
2024-04-12,1221,1239,1200,1200,232211,-0.020408163265306145
2024-04-15,1196,1222,1175,1210,189797,0.008333333333333304
2024-04-16,1200,1221,1175,1194,175744,-0.013223140495867813
2024-04-17,1191,1215,1156,1177,253206,-0.014237855946398703
2024-04-18,1177,1208,1176,1188,48891,0.009345794392523255
2024-04-19,1190,1193,1150,1164,179712,-0.02020202020202022
2024-04-22,1145,1178,1145,1169,83118,0.004295532646048095
2024-04-23,1180,1180,1126,1170,103556,0.0008554319931566301
2024-04-24,1176,1190,1163,1190,68012,0.017094017094017033
2024-04-25,1190,1209,1170,1173,95022,-0.014285714285714235
2024-04-26,1173,1181,1160,1165,72277,-0.006820119352088705
2024-04-29,1170,1186,1156,1156,37604,-0.007725321888412018
2024-04-30,1193,1193,1125,1126,129757,-0.02595155709342556
2024-05-02,1121,1141,1095,1100,158655,-0.023090586145648295
2024-05-03,1100,1109,1082,1100,227783,0.0
2024-05-07,1100,1121,1050,1087,89214,-0.011818181818181839
2024-05-08,1090,1104,1074,1079,58893,-0.007359705611775569
2024-05-09,1079,1094,1040,1041,276945,-0.03521779425393878
2024-05-10,1041,1054,1030,1041,43453,0.0
2024-05-13,1041,1048,1015,1030,74964,-0.01056676272814605
2024-05-14,1001,1251,1001,1065,2355287,0.03398058252427183
2024-05-16,1076,1111,1069,1081,217761,0.015023474178403662
2024-05-17,1084,1107,1052,1079,602395,-0.0018501387604070718
2024-05-20,1079,1102,1065,1099,167570,0.01853568118628357
2024-05-21,1096,1332,1075,1185,3778737,0.07825295723384906
2024-05-22,1190,1194,1155,1173,285480,-0.010126582278481067
2024-05-23,1162,1297,1161,1229,896023,0.04774083546462071
2024-05-24,1229,1250,1187,1239,291176,0.008136696501220397
2024-05-27,1238,1281,1220,1276,351889,0.02986279257465707
2024-05-28,1276,1294,1230,1232,318722,-0.03448275862068961
2024-05-29,1221,1238,1210,1223,77594,-0.007305194805194759
2024-05-30,1209,1230,1209,1223,60073,0.0
2024-05-31,1223,1285,1223,1258,160671,0.02861815208503682
2024-06-03,1243,1276,1226,1240,148283,-0.014308426073131986
2024-06-04,1229,1249,1228,1235,82043,-0.0040322580645161255
2024-06-05,1231,1250,1226,1233,73439,-0.0016194331983805377
2024-06-07,1233,1253,1225,1232,131879,-0.0008110300081103361
2024-06-10,1232,1268,1228,1253,119572,0.017045454545454586
2024-06-11,1241,1253,1230,1234,170170,-0.015163607342378316
2024-06-12,1225,1285,1225,1270,192621,0.029173419773095732
2024-06-13,1270,1341,1269,1290,390254,0.015748031496062964
2024-06-14,1291,1315,1259,1310,155973,0.015503875968992276
2024-06-17,1310,1389,1310,1388,719767,0.05954198473282446
2024-06-18,1439,1439,1322,1359,1124527,-0.02089337175792505
2024-06-19,1332,1376,1332,1354,203544,-0.00367917586460631
2024-06-20,1354,1354,1302,1311,2125349,-0.03175775480059084
2024-06-21,1303,1328,1299,1305,94713,-0.004576659038901587
2024-06-24,1305,1320,1256,1292,98310,-0.009961685823754785
2024-06-25,1273,1307,1260,1296,283172,0.003095975232198178
2024-06-26,1332,1389,1268,1277,353389,-0.014660493827160503
2024-06-27,1277,1279,1236,1250,253079,-0.02114330462020364
2024-06-28,1240,1272,1240,1270,72513,0.016000000000000014
