Date,Open,High,Low,Close,Volume,Change
2022-01-03,3550,3555,3515,3555,44548,0.0014084507042253502
2022-01-04,3560,3560,3515,3545,89689,-0.002812939521800284
2022-01-05,3540,3600,3495,3565,102213,0.005641748942172065
2022-01-06,3505,3645,3505,3550,134749,-0.0042075736325385416
2022-01-07,3540,3555,3470,3535,324410,-0.004225352112676051
2022-01-10,3530,3550,3495,3520,280741,-0.004243281471004279
2022-01-11,3520,3550,3515,3530,138713,0.0028409090909091717
2022-01-12,3535,3545,3515,3540,112025,0.0028328611898016387
2022-01-13,3555,3560,3510,3540,140065,0.0
2022-01-14,3540,3545,3500,3535,97891,-0.0014124293785310327
2022-01-17,3535,3600,3455,3535,234860,0.0
2022-01-18,3530,3535,3435,3480,150146,-0.01555869872701554
2022-01-19,3465,3480,3375,3430,138012,-0.014367816091954033
2022-01-20,3430,3445,3390,3430,66040,0.0
2022-01-21,3425,3520,3375,3430,108185,0.0
2022-01-24,3410,3415,3285,3340,214769,-0.026239067055393583
2022-01-25,3325,3340,3195,3215,172773,-0.03742514970059885
2022-01-26,3210,3240,3150,3205,133513,-0.0031104199066873672
2022-01-27,3210,3220,3075,3115,200120,-0.02808112324492984
2022-01-28,3115,3150,3055,3150,142330,0.011235955056179803
2022-02-03,3190,3255,3180,3245,84190,0.03015873015873005
2022-02-04,3210,3325,3210,3325,123626,0.024653312788905923
2022-02-07,3315,3325,3260,3325,102471,0.0
2022-02-08,3325,3330,3265,3315,70067,-0.003007518796992459
2022-02-09,3320,3325,3290,3315,60471,0.0
2022-02-10,3320,3335,3295,3325,63223,0.003016591251885359
2022-02-11,3315,3320,3270,3290,64590,-0.010526315789473717
2022-02-14,3250,3250,3170,3220,88920,-0.021276595744680882
2022-02-15,3205,3245,3155,3220,142762,0.0
2022-02-16,3245,3270,3225,3250,84333,0.009316770186335477
2022-02-17,3265,3325,3225,3280,144961,0.009230769230769154
2022-02-18,3240,3345,3215,3285,75496,0.0015243902439023849
2022-02-21,3250,3310,3225,3300,51867,0.004566210045662045
2022-02-22,3290,3290,3215,3235,65055,-0.019696969696969657
2022-02-23,3230,3275,3230,3270,49056,0.010819165378670892
2022-02-24,3255,3270,3185,3215,105747,-0.016819571865443472
2022-02-25,3230,3255,3210,3240,64003,0.007776049766718529
2022-02-28,3240,3260,3230,3250,56194,0.0030864197530864335
2022-03-02,3250,3300,3235,3300,74493,0.01538461538461533
2022-03-03,3300,3355,3280,3325,108987,0.007575757575757569
2022-03-04,3335,3335,3280,3320,60384,-0.0015037593984962294
2022-03-07,3310,3310,3225,3240,44713,-0.02409638554216864
2022-03-08,3195,3235,3170,3185,57590,-0.016975308641975273
2022-03-10,3215,3260,3205,3245,53647,0.018838304552590168
2022-03-11,3210,3265,3210,3245,61438,0.0
2022-03-14,3245,3265,3215,3235,43328,-0.0030816640986132127
2022-03-15,3235,3240,3190,3220,47429,-0.004636785162287493
2022-03-16,3220,3240,3190,3235,120994,0.004658385093167627
2022-03-17,3260,3280,3255,3270,101375,0.010819165378670892
2022-03-18,3285,3545,3265,3380,433703,0.033639143730886945
2022-03-21,3390,3400,3345,3365,108045,-0.004437869822485174
2022-03-22,3365,3415,3355,3415,73769,0.014858841010401136
2022-03-23,3420,3425,3380,3410,87176,-0.0014641288433382416
2022-03-24,3410,3420,3375,3395,88448,-0.004398826979472137
2022-03-25,3405,3455,3405,3430,133213,0.010309278350515427
2022-03-28,3445,3445,3410,3425,73564,-0.001457725947521915
2022-03-29,3430,3450,3420,3450,44652,0.007299270072992803
2022-03-30,3455,3480,3410,3470,122568,0.005797101449275255
2022-03-31,3655,3810,3515,3515,876093,0.012968299711815456
2022-04-01,3570,3750,3550,3615,1507330,0.028449502133712556
2022-04-04,3530,3535,3415,3460,525621,-0.04287690179806358
2022-04-05,3470,3530,3465,3495,130246,0.01011560693641611
2022-04-06,3500,3555,3470,3555,139948,0.01716738197424883
2022-04-07,3530,3535,3445,3485,139476,-0.019690576652601988
2022-04-08,3480,3535,3455,3490,72393,0.0014347202295552641
2022-04-11,3520,3520,3460,3495,75914,0.0014326647564470996
2022-04-12,3465,3485,3435,3450,61862,-0.012875536480686733
2022-04-13,3445,3505,3445,3505,49578,0.01594202898550723
2022-04-14,3510,3530,3485,3510,68899,0.0014265335235377208
2022-04-15,3530,3530,3480,3500,64831,-0.002849002849002802
2022-04-18,3500,3515,3485,3515,51539,0.004285714285714226
2022-04-19,3520,3550,3505,3550,72261,0.009957325746799528
2022-04-20,3550,3595,3540,3590,119147,0.011267605633802802
2022-04-21,3600,3605,3565,3580,59813,-0.0027855153203342198
2022-04-22,3580,3595,3535,3590,111091,0.0027932960893854997
2022-04-25,3540,3590,3540,3570,96385,-0.005571030640668551
2022-04-26,3605,3605,3555,3570,65387,0.0
2022-04-27,3525,3530,3470,3530,78422,-0.011204481792717047
2022-04-28,3510,3555,3510,3535,41613,0.0014164305949009304
2022-04-29,3555,3560,3520,3555,37981,0.005657708628005631
2022-05-02,3545,3570,3515,3555,40904,0.0
2022-05-03,3580,3580,3545,3565,79145,0.002812939521800173
2022-05-04,3575,3575,3520,3565,78774,0.0
2022-05-06,3540,3555,3505,3550,53307,-0.0042075736325385416
2022-05-09,3545,3550,3470,3470,74686,-0.022535211267605604
2022-05-10,3390,3420,3340,3395,168276,-0.021613832853025983
2022-05-11,3395,3420,3355,3395,49629,0.0
2022-05-12,3385,3390,3300,3340,95054,-0.016200294550810068
2022-05-13,3335,3415,3335,3385,42314,0.013473053892215647
2022-05-16,3405,3430,3395,3420,53450,0.010339734121122657
2022-05-17,3425,3470,3425,3470,46455,0.014619883040935644
2022-05-18,3500,3510,3445,3460,42761,-0.0028818443804035088
2022-05-19,3430,3430,3385,3420,35722,-0.011560693641618491
2022-05-20,3445,3450,3400,3420,42844,0.0
2022-05-23,3425,3430,3370,3380,53979,-0.011695906432748537
2022-05-24,3385,3390,3355,3365,44629,-0.004437869822485174
2022-05-25,3350,3390,3350,3385,41060,0.005943536404160454
2022-05-26,3385,3425,3385,3400,14676,0.004431314623338345
2022-05-27,3405,3430,3395,3425,38849,0.007352941176470562
2022-05-30,3440,3460,3425,3440,73926,0.004379562043795637
2022-05-31,3450,3470,3440,3470,70436,0.008720930232558155
2022-06-02,3470,3490,3455,3455,21500,-0.004322766570605152
2022-06-03,3480,3520,3450,3490,46035,0.01013024602026058
2022-06-07,3490,3490,3435,3460,44809,-0.008595988538681931
2022-06-08,3460,3490,3450,3480,49520,0.005780346820809301
2022-06-09,3490,3500,3435,3490,109903,0.002873563218390718
2022-06-10,3485,3485,3450,3480,37033,-0.002865329512893977
2022-06-13,3440,3440,3320,3365,130443,-0.033045977011494254
2022-06-14,3345,3350,3220,3320,154145,-0.013372956909361022
2022-06-15,3290,3295,3210,3230,92440,-0.027108433734939763
2022-06-16,3250,3345,3225,3275,46521,0.01393188854489158
2022-06-17,3200,3345,3165,3345,127267,0.021374045801526798
2022-06-20,3345,3345,3170,3240,142021,-0.03139013452914796
2022-06-21,3240,3240,3185,3230,54923,-0.0030864197530864335
2022-06-22,3240,3260,3065,3115,162631,-0.035603715170278605
2022-06-23,3095,3110,2960,3005,201071,-0.035313001605136396
2022-06-24,3000,3080,2990,3075,139340,0.02329450915141429
2022-06-27,3125,3160,3060,3135,54112,0.019512195121951237
2022-06-28,3125,3160,3090,3160,46926,0.00797448165869219
2022-06-29,3150,3150,3090,3145,33970,-0.004746835443038
2022-06-30,3165,3165,3065,3080,111385,-0.020667726550079535
2022-07-01,3080,3125,2990,3010,140897,-0.022727272727272707
2022-07-04,3025,3050,2935,3005,177751,-0.0016611295681062677
2022-07-05,3010,3050,2995,3050,49049,0.014975041597337757
2022-07-06,3060,3060,2995,3015,54537,-0.011475409836065542
2022-07-07,3015,3050,3000,3040,41452,0.008291873963515828
2022-07-08,3055,3100,3035,3080,48803,0.013157894736842035
2022-07-11,3090,3105,3050,3105,60468,0.008116883116883189
2022-07-12,3095,3095,3035,3065,72447,-0.012882447665056307
2022-07-13,3030,3085,3020,3085,312731,0.006525285481239873
2022-07-14,3095,3120,3070,3120,73767,0.011345218800648205
2022-07-15,3140,3140,3065,3140,44915,0.0064102564102563875
2022-07-18,3145,3200,3135,3200,92890,0.019108280254777066
2022-07-19,3195,3225,3180,3215,53898,0.004687499999999956
2022-07-20,3240,3270,3215,3240,78809,0.007776049766718529
2022-07-21,3250,3270,3205,3245,61023,0.0015432098765431057
2022-07-22,3255,3290,3225,3290,88533,0.013867488443759735
2022-07-25,3290,3340,3270,3340,108783,0.015197568389057725
2022-07-26,3335,3360,3315,3355,73878,0.004491017964071808
2022-07-27,3350,3380,3325,3380,57214,0.007451564828613977
2022-07-28,3400,3440,3380,3440,126781,0.01775147928994092
2022-07-29,3440,3505,3435,3500,138386,0.01744186046511631
2022-08-01,3495,3515,3460,3495,72324,-0.0014285714285714457
2022-08-02,3480,3500,3450,3495,72642,0.0
2022-08-03,3490,3500,3475,3490,55925,-0.0014306151645206988
2022-08-04,3485,3490,3430,3460,46274,-0.008595988538681931
2022-08-05,3460,3500,3435,3460,31987,0.0
2022-08-08,3460,3465,3390,3415,35957,-0.013005780346820761
2022-08-09,3435,3450,3380,3435,43164,0.005856515373352744
2022-08-10,3430,3435,3395,3415,24287,-0.005822416302765698
2022-08-11,3415,3435,3395,3425,28911,0.002928257686676483
2022-08-12,3425,3460,3425,3450,49688,0.007299270072992803
2022-08-16,3505,3525,3465,3510,63672,0.017391304347825987
2022-08-17,3500,3535,3490,3520,79372,0.002849002849002913
2022-08-18,3500,3530,3465,3500,57385,-0.005681818181818232
2022-08-19,3510,3520,3490,3500,27607,0.0
2022-08-22,3490,3490,3420,3460,68825,-0.011428571428571455
2022-08-23,3430,3450,3385,3405,47438,-0.01589595375722541
2022-08-24,3405,3445,3380,3410,27784,0.001468428781204123
2022-08-25,3410,3480,3400,3450,23479,0.011730205278592365
2022-08-26,3465,3470,3420,3440,34698,-0.0028985507246376274
2022-08-29,3390,3390,3335,3375,29186,-0.018895348837209336
2022-08-30,3370,3425,3370,3390,31566,0.004444444444444473
2022-08-31,3390,3415,3360,3405,29239,0.004424778761061843
2022-09-01,3405,3405,3340,3375,34295,-0.008810572687224627
2022-09-02,3375,3420,3350,3380,35039,0.001481481481481417
2022-09-05,3365,3400,3355,3370,53172,-0.00295857988165682
2022-09-06,3370,3400,3345,3390,30232,0.005934718100890191
2022-09-07,3385,3390,3310,3350,59615,-0.01179941002949858
2022-09-08,3350,3360,3325,3360,36942,0.0029850746268655914
2022-09-13,3365,3425,3365,3425,21411,0.019345238095238138
2022-09-14,3370,3420,3355,3420,47161,-0.0014598540145985828
2022-09-15,3445,3450,3400,3440,42168,0.005847953216374213
2022-09-16,3420,3495,3415,3485,170792,0.013081395348837122
2022-09-19,3450,3490,3410,3430,71748,-0.015781922525107572
2022-09-20,3435,3470,3405,3425,29978,-0.001457725947521915
2022-09-21,3420,3470,3385,3430,42088,0.0014598540145984717
2022-09-22,3420,3420,3315,3350,80922,-0.023323615160349864
2022-09-23,3335,3390,3270,3285,75990,-0.0194029850746269
2022-09-26,3265,3265,3140,3155,111834,-0.0395738203957382
2022-09-27,3150,3170,3090,3140,102425,-0.004754358161648153
2022-09-28,3125,3155,3005,3100,141628,-0.01273885350318471
2022-09-29,3105,3150,3075,3115,52006,0.004838709677419395
2022-09-30,3110,3125,3050,3125,55812,0.0032102728731941976
2022-10-04,3125,3180,3120,3180,59272,0.01760000000000006
2022-10-05,3215,3215,3100,3140,81821,-0.012578616352201255
2022-10-06,3140,3200,3140,3195,98688,0.01751592356687892
2022-10-07,3190,3190,3150,3160,59247,-0.010954616588419452
2022-10-11,3115,3150,3055,3150,93732,-0.0031645569620253333
2022-10-12,3115,3120,3060,3110,63277,-0.012698412698412653
2022-10-13,3085,3100,3005,3040,78745,-0.022508038585209
2022-10-14,3050,3105,3050,3100,49449,0.019736842105263053
2022-10-17,3065,3125,3040,3115,98970,0.004838709677419395
2022-10-18,3120,3175,3115,3175,59991,0.019261637239165408
2022-10-19,3190,3230,3155,3195,87950,0.006299212598425141
2022-10-20,3185,3190,3100,3175,67050,-0.006259780907668211
2022-10-21,3150,3150,3110,3135,21580,-0.012598425196850394
2022-10-24,3140,3240,3125,3130,37256,-0.0015948963317384823
2022-10-25,3140,3150,3120,3140,14700,0.0031948881789136685
2022-10-26,3150,3165,3115,3130,48969,-0.0031847133757961776
2022-10-27,3130,3180,3130,3170,64309,0.012779552715654896
2022-10-28,3175,3175,3130,3135,88069,-0.01104100946372244
2022-10-31,3150,3165,3135,3160,83039,0.00797448165869219
2022-11-01,3155,3235,3135,3215,102173,0.017405063291139333
2022-11-02,3215,3220,3150,3190,72061,-0.007776049766718529
2022-11-03,3155,3165,3125,3165,30711,-0.00783699059561127
2022-11-04,3155,3165,3100,3165,75027,0.0
2022-11-07,3165,3215,3165,3175,98526,0.003159557661927437
2022-11-08,3170,3215,3170,3215,141216,0.012598425196850505
2022-11-09,3220,3240,3200,3235,116339,0.0062208398133747345
2022-11-10,3215,3215,3180,3210,66990,-0.007727975270479082
2022-11-11,3245,3285,3215,3245,108996,0.010903426791277315
2022-11-14,3260,3265,3240,3255,103275,0.0030816640986133237
2022-11-15,3235,3270,3235,3265,68541,0.003072196620583778
2022-11-16,3240,3315,3230,3290,123544,0.007656967840734996
2022-11-17,3260,3275,3235,3265,57392,-0.0075987841945288626
2022-11-18,3275,3275,3240,3260,81731,-0.0015313935681470214
2022-11-21,3240,3250,3215,3230,65951,-0.009202453987730008
2022-11-22,3215,3265,3215,3265,61619,0.010835913312693402
2022-11-23,3270,3320,3270,3320,135192,0.016845329249617125
2022-11-24,3330,3360,3310,3350,75903,0.009036144578313143
2022-11-25,3350,3370,3330,3350,48504,0.0
2022-11-28,3375,3375,3295,3310,56226,-0.011940298507462699
2022-11-29,3305,3345,3300,3345,64601,0.010574018126888296
2022-11-30,3350,3380,3330,3375,90617,0.008968609865470878
2022-12-01,3395,3410,3350,3375,80308,0.0
2022-12-02,3375,3400,3340,3360,65994,-0.004444444444444473
2022-12-05,3380,3390,3355,3375,50277,0.0044642857142858094
2022-12-06,3370,3395,3330,3365,88169,-0.002962962962962945
2022-12-07,3360,3375,3335,3370,91591,0.0014858841010401136
2022-12-08,3365,3365,3315,3340,108113,-0.008902077151335286
2022-12-09,3335,3370,3325,3350,60928,0.0029940119760478723
2022-12-12,3350,3355,3315,3355,72387,0.0014925373134329067
2022-12-13,3350,3375,3340,3365,57567,0.0029806259314455463
2022-12-14,3380,3390,3345,3365,52120,0.0
2022-12-15,3365,3375,3350,3365,76642,0.0
2022-12-16,3330,3445,3330,3445,131712,0.023774145616641817
2022-12-19,3395,3430,3375,3395,77577,-0.014513788098693747
2022-12-20,3390,3390,3330,3360,69367,-0.010309278350515427
2022-12-21,3360,3400,3340,3360,42700,0.0
2022-12-22,3355,3415,3350,3410,98197,0.014880952380952328
2022-12-23,3410,3410,3345,3365,74956,-0.01319648093841641
2022-12-26,3350,3395,3335,3395,59781,0.008915304606240682
2022-12-27,3410,3440,3390,3430,99626,0.010309278350515427
2022-12-28,3390,3390,3310,3340,104359,-0.026239067055393583
2022-12-29,3330,3330,3240,3270,127663,-0.020958083832335328
2023-01-02,3240,3275,3150,3185,75672,-0.025993883792048922
2023-01-03,3170,3200,3120,3175,186981,-0.0031397174254317317
2023-01-04,3170,3240,3150,3240,119922,0.020472440944881987
2023-01-05,3240,3345,3240,3345,125306,0.03240740740740744
2023-01-06,3345,3410,3335,3375,150483,0.008968609865470878
2023-01-09,3375,3385,3345,3375,91946,0.0
2023-01-10,3375,3375,3345,3365,78841,-0.002962962962962945
2023-01-11,3375,3375,3350,3375,29674,0.002971768202080227
2023-01-12,3375,3385,3335,3385,20542,0.002962962962963056
2023-01-13,3385,3385,3330,3365,58739,-0.005908419497784312
2023-01-16,3380,3380,3330,3350,48641,-0.004457652303120341
2023-01-17,3365,3365,3330,3350,43738,0.0
2023-01-18,3335,3355,3325,3340,41108,-0.0029850746268657025
2023-01-19,3305,3375,3305,3340,21682,0.0
2023-01-20,3340,3350,3325,3340,18838,0.0
2023-01-25,3345,3370,3150,3360,85214,0.0059880239520957446
2023-01-26,3355,3370,3340,3370,31545,0.0029761904761904656
2023-01-27,3365,3375,3345,3355,148664,-0.004451038575667643
2023-01-30,3360,3370,3335,3360,58261,0.0014903129657228842
2023-01-31,3365,3380,3330,3370,44945,0.0029761904761904656
2023-02-01,3380,3380,3340,3365,80945,-0.0014836795252225476
2023-02-02,3365,3370,3350,3370,33019,0.0014858841010401136
2023-02-03,3355,3370,3320,3345,80849,-0.007418397626112738
2023-02-06,3340,3355,3305,3355,33317,0.002989536621823552
2023-02-07,3350,3355,3325,3350,42509,-0.0014903129657227732
2023-02-08,3340,3395,3330,3365,89105,0.004477611940298498
2023-02-09,3360,3360,3330,3350,46348,-0.004457652303120341
2023-02-10,3350,3370,3305,3335,63039,-0.004477611940298498
2023-02-13,3330,3350,3320,3350,105280,0.004497751124437732
2023-02-14,3350,3370,3350,3370,51944,0.005970149253731405
2023-02-15,3370,3445,3360,3415,198509,0.01335311572700304
2023-02-16,3445,3485,3425,3485,120875,0.020497803806734938
2023-02-17,3485,3565,3460,3535,222047,0.01434720229555242
2023-02-20,3535,3550,3490,3535,115793,0.0
2023-02-21,3530,3530,3485,3515,58323,-0.005657708628005631
2023-02-22,3475,3510,3450,3500,73959,-0.004267425320056861
2023-02-23,3470,3485,3455,3470,37635,-0.008571428571428563
2023-02-24,3470,3520,3445,3490,97097,0.0057636887608070175
2023-02-27,3470,3505,3445,3490,69078,0.0
2023-02-28,3490,3495,3470,3490,36655,0.0
2023-03-02,3465,3505,3460,3490,24735,0.0
2023-03-03,3490,3505,3475,3490,17890,0.0
2023-03-06,3490,3495,3470,3495,30333,0.0014326647564470996
2023-03-07,3540,3540,3470,3515,60310,0.005722460658083017
2023-03-08,3490,3505,3460,3495,99402,-0.005689900426742556
2023-03-09,3495,3510,3460,3490,32591,-0.0014306151645206988
2023-03-10,3490,3490,3380,3435,60904,-0.015759312320916874
2023-03-13,3400,3400,3315,3350,52442,-0.024745269286754024
2023-03-14,3380,3380,3240,3295,65336,-0.016417910447761197
2023-03-15,3305,3330,3260,3300,52426,0.0015174506828528056
2023-03-16,3295,3295,3230,3285,32201,-0.004545454545454519
2023-03-17,3325,3325,3190,3190,193061,-0.028919330289193357
2023-03-20,3190,3250,3170,3185,97577,-0.0015673981191222097
2023-03-21,3190,3210,3120,3175,82473,-0.0031397174254317317
2023-03-22,3185,3190,3130,3175,76846,0.0
2023-03-23,3170,3170,3125,3160,60089,-0.0047244094488189115
2023-03-24,3160,3165,3140,3165,26090,0.0015822784810126667
2023-03-27,3165,3165,3110,3135,49086,-0.009478672985781977
2023-03-28,3150,3160,3120,3150,107429,0.004784688995215225
2023-03-29,3150,3190,3140,3160,43479,0.0031746031746031633
2023-03-30,3160,3185,3145,3185,66967,0.007911392405063333
2023-03-31,3170,3210,3120,3190,53734,0.0015698587127157548
2023-04-03,3185,3200,3165,3195,41398,0.0015673981191222097
2023-04-04,3195,3220,3175,3210,55289,0.0046948356807512415
2023-04-05,3200,3220,3175,3210,32941,0.0
2023-04-06,3210,3210,3150,3160,79450,-0.015576323987538943
2023-04-07,3145,3180,3140,3170,52333,0.0031645569620253333
2023-04-10,3170,3185,3135,3160,69845,-0.003154574132492094
2023-04-11,3160,3175,3135,3170,56642,0.0031645569620253333
2023-04-12,3170,3195,3150,3195,72990,0.007886435331230235
2023-04-13,3170,3215,3165,3195,56311,0.0
2023-04-14,3200,3225,3180,3210,66831,0.0046948356807512415
2023-04-17,3210,3210,3170,3205,63809,-0.0015576323987538387
2023-04-18,3205,3215,3190,3195,38787,-0.0031201248049922414
2023-04-19,3245,3245,3200,3215,41038,0.006259780907668322
2023-04-20,3215,3230,3190,3190,74255,-0.007776049766718529
2023-04-21,3195,3200,3160,3185,33216,-0.0015673981191222097
2023-04-24,3185,3200,3160,3160,38111,-0.00784929356357933
2023-04-25,3165,3180,3080,3105,153104,-0.017405063291139222
2023-04-26,3105,3125,3080,3120,39690,0.004830917874396157
2023-04-27,3120,3120,3080,3085,33533,-0.011217948717948678
2023-04-28,3110,3110,3080,3100,46538,0.004862236628849326
2023-05-02,3100,3120,3085,3110,37124,0.003225806451612856
2023-05-03,3110,3390,3090,3120,926372,0.003215434083601254
2023-05-04,3130,3140,3110,3130,58599,0.0032051282051281937
2023-05-08,3135,3155,3110,3140,43111,0.0031948881789136685
2023-05-09,3140,3150,3125,3135,31814,-0.0015923566878981443
2023-05-10,3135,3155,3130,3150,37692,0.004784688995215225
2023-05-11,3140,3170,3140,3145,41545,-0.0015873015873015817
2023-05-12,3145,3150,3115,3130,49261,-0.004769475357710662
2023-05-15,3130,3130,3090,3130,60157,0.0
2023-05-16,3130,3130,3095,3115,30170,-0.004792332268370614
2023-05-17,3085,3120,3085,3115,30601,0.0
2023-05-18,3115,3120,3090,3115,74366,0.0
2023-05-19,3115,3130,3110,3130,59616,0.0048154093097914075
2023-05-22,3130,3155,3125,3130,78941,0.0
2023-05-23,3130,3150,3115,3145,93062,0.004792332268370503
2023-05-24,3140,3140,3115,3125,19797,-0.006359300476947549
2023-05-25,3125,3125,3090,3125,49287,0.0
2023-05-26,3125,3135,3100,3115,36889,-0.0031999999999999806
2023-05-30,3115,3130,3100,3130,33043,0.0048154093097914075
2023-05-31,3125,3145,3085,3085,56352,-0.014376996805111841
2023-06-01,3085,3100,3080,3085,58185,0.0
2023-06-02,3085,3095,3070,3085,80128,0.0
2023-06-05,3085,3110,3075,3110,43971,0.008103727714748876
2023-06-07,3110,3135,3105,3125,21195,0.004823151125401992
2023-06-08,3120,3130,3100,3120,26486,-0.0016000000000000458
2023-06-09,3135,3140,3100,3140,62961,0.0064102564102563875
2023-06-12,3150,3160,3135,3140,42035,0.0
2023-06-13,3155,3160,3130,3140,69959,0.0
2023-06-14,3140,3145,3100,3125,39491,-0.004777070063694322
2023-06-15,3100,3120,3070,3110,44455,-0.0048000000000000265
2023-06-16,3100,3135,3100,3105,38314,-0.001607717041800627
2023-06-19,3125,3135,3090,3125,30964,0.006441223832528209
2023-06-20,3130,3205,3130,3170,129655,0.014399999999999968
2023-06-21,3155,3170,3140,3165,49874,-0.001577287066246047
2023-06-22,3160,3170,3135,3150,50460,-0.004739336492891044
2023-06-23,3155,3155,3085,3110,47420,-0.012698412698412653
2023-06-26,3110,3120,3090,3110,28369,0.0
2023-06-27,3110,3110,3065,3085,122758,-0.008038585209003246
2023-06-28,3085,3100,3030,3050,80003,-0.011345218800648316
2023-06-29,3075,3075,3000,3020,112151,-0.00983606557377048
2023-06-30,3010,3085,3010,3050,53246,0.009933774834437026
2023-07-03,3050,3115,3050,3100,77650,0.016393442622950838
2023-07-04,3095,3150,3065,3140,92642,0.012903225806451646
2023-07-05,3150,3150,3110,3130,63849,-0.0031847133757961776
2023-07-06,3130,3140,3080,3115,71049,-0.004792332268370614
2023-07-07,3090,3095,3030,3090,75652,-0.008025682182985605
2023-07-10,3090,3115,3050,3090,44995,0.0
2023-07-11,3065,3095,3060,3080,66917,-0.003236245954692518
2023-07-12,3070,3090,3060,3070,21475,-0.0032467532467532756
2023-07-13,3110,3110,3060,3070,30097,0.0
2023-07-14,3060,3075,3050,3070,39950,0.0
2023-07-17,3065,3065,3045,3065,18652,-0.0016286644951140072
2023-07-18,3060,3065,3020,3045,63911,-0.006525285481239762
2023-07-19,3030,3030,2995,2995,105600,-0.016420361247947435
2023-07-20,2980,2995,2960,2995,61477,0.0
2023-07-21,2970,2985,2950,2970,55261,-0.008347245409014992
2023-07-24,2970,2975,2910,2930,116077,-0.013468013468013518
2023-07-25,2930,2930,2875,2890,80297,-0.013651877133105783
2023-07-26,2890,2890,2765,2805,200998,-0.02941176470588236
2023-07-27,2805,2880,2800,2870,52526,0.02317290552584672
2023-07-28,2865,2930,2850,2910,50772,0.013937282229965264
2023-07-31,2900,2940,2895,2920,48967,0.0034364261168384758
2023-08-01,2920,2940,2920,2930,32259,0.003424657534246478
2023-08-02,2920,2930,2885,2915,39021,-0.005119453924914641
2023-08-03,2890,2890,2830,2860,69774,-0.018867924528301883
2023-08-04,2860,2870,2820,2860,88368,0.0
2023-08-07,2845,2875,2825,2855,43900,-0.0017482517482517723
2023-08-08,2865,2865,2830,2855,23997,0.0
2023-08-09,2855,2855,2815,2855,90102,0.0
2023-08-10,2855,2855,2825,2840,68183,-0.005253940455341555
2023-08-11,2850,2860,2825,2845,81360,0.0017605633802817433
2023-08-14,2830,2840,2820,2835,39617,-0.0035149384885764245
2023-08-16,2835,2835,2790,2825,123828,-0.003527336860670194
2023-08-17,2825,2825,2765,2795,68611,-0.010619469026548645
2023-08-18,2795,2835,2770,2805,29499,0.003577817531305927
2023-08-21,2815,2820,2795,2810,17580,0.0017825311942958333
2023-08-22,2815,2815,2785,2805,17027,-0.001779359430605032
2023-08-23,2830,2830,2785,2795,18652,-0.0035650623885917776
2023-08-24,2790,2805,2770,2795,41034,0.0
2023-08-25,2790,2800,2765,2795,23685,0.0
2023-08-28,2800,2855,2795,2835,32232,0.014311270125223707
2023-08-29,2835,2870,2820,2860,19687,0.008818342151675429
2023-08-30,2875,2875,2845,2860,16461,0.0
2023-08-31,2850,2860,2840,2855,21196,-0.0017482517482517723
2023-09-01,2860,2860,2840,2855,12915,0.0
2023-09-04,2855,2860,2835,2845,23103,-0.003502626970227629
2023-09-05,2845,2940,2835,2855,29970,0.0035149384885764245
2023-09-06,2880,2880,2805,2830,67184,-0.008756567425569184
2023-09-07,2805,2835,2800,2810,62223,-0.007067137809187329
2023-09-08,2805,2820,2785,2815,57277,0.001779359430605032
2023-09-11,2815,2830,2800,2815,20437,0.0
2023-09-12,2815,2820,2800,2815,14371,0.0
2023-09-13,2800,2825,2800,2805,17989,-0.003552397868561319
2023-09-14,2820,2830,2800,2820,17753,0.005347593582887722
2023-09-15,2820,2850,2810,2850,43764,0.010638297872340496
2023-09-18,2835,2870,2820,2840,31520,-0.0035087719298245723
2023-09-19,2850,2850,2815,2835,39798,-0.0017605633802817433
2023-09-20,2840,2860,2815,2830,33542,-0.0017636684303351524
2023-09-21,2830,2830,2760,2795,79363,-0.012367491166077715
2023-09-22,2800,2800,2755,2770,60108,-0.008944543828264706
2023-09-25,2770,2785,2735,2785,37353,0.005415162454873723
2023-09-26,2785,2785,2740,2760,32161,-0.008976660682226245
2023-09-27,2770,2775,2745,2770,20739,0.0036231884057971175
2023-10-04,2765,2765,2715,2740,72419,-0.010830324909747335
2023-10-05,2740,2740,2715,2730,30720,-0.0036496350364964014
2023-10-06,2730,2740,2715,2725,21331,-0.001831501831501825
2023-10-10,2730,2740,2700,2725,38419,0.0
2023-10-11,2725,2740,2690,2720,82465,-0.0018348623853210455
2023-10-12,2730,2745,2720,2740,21050,0.007352941176470562
2023-10-13,2740,2740,2710,2730,36515,-0.0036496350364964014
2023-10-16,2725,2735,2705,2720,13164,-0.00366300366300365
2023-10-17,2720,2740,2695,2730,54927,0.003676470588235281
2023-10-18,2735,2735,2700,2730,25885,0.0
2023-10-19,2725,2730,2670,2700,61980,-0.01098901098901095
2023-10-20,2680,2695,2635,2655,60933,-0.01666666666666672
2023-10-23,2625,2665,2625,2640,49493,-0.005649717514124242
2023-10-24,2645,2655,2605,2630,37683,-0.0037878787878787845
2023-10-25,2640,2675,2620,2670,37065,0.015209125475285079
2023-10-26,2665,2680,2625,2655,31131,-0.005617977528089901
2023-10-27,2655,2670,2625,2650,68619,-0.0018832391713747842
2023-10-30,2650,2660,2630,2645,16863,-0.0018867924528301883
2023-10-31,2665,2675,2625,2655,32860,0.003780718336483968
2023-11-01,2645,2700,2645,2665,27274,0.0037664783427495685
2023-11-02,2680,2695,2660,2690,56066,0.009380863039399667
2023-11-03,2700,2710,2665,2710,30858,0.0074349442379182396
2023-11-06,2725,2735,2700,2725,39556,0.005535055350553542
2023-11-07,2730,2730,2675,2700,40008,-0.00917431192660545
2023-11-08,2700,2720,2680,2720,18793,0.007407407407407307
2023-11-09,2720,2735,2680,2730,44465,0.003676470588235281
2023-11-10,2730,2735,2680,2730,38438,0.0
2023-11-13,2735,2735,2685,2710,24476,-0.0073260073260073
2023-11-14,2710,2725,2685,2705,49049,-0.0018450184501844769
2023-11-15,2725,2730,2690,2720,58343,0.005545286506469571
2023-11-16,2720,2725,2700,2710,37320,-0.003676470588235281
2023-11-17,2710,2725,2695,2715,64702,0.0018450184501845879
2023-11-20,2705,2735,2705,2730,31044,0.005524861878453136
2023-11-21,2740,2750,2725,2740,19190,0.00366300366300365
2023-11-22,2750,2750,2720,2740,36671,0.0
2023-11-23,2740,2745,2725,2740,31176,0.0
2023-11-24,2750,2760,2740,2750,33186,0.0036496350364962904
2023-11-27,2750,2755,2725,2755,29522,0.0018181818181817189
2023-11-28,2760,2770,2750,2765,18443,0.003629764065335772
2023-11-29,2770,2780,2745,2765,49986,0.0
2023-11-30,2775,2775,2745,2760,23693,-0.001808318264014508
2023-12-01,2785,2785,2740,2760,39091,0.0
2023-12-04,2765,2795,2755,2790,53914,0.010869565217391353
2023-12-05,2790,2790,2760,2770,76721,-0.007168458781361964
2023-12-06,2765,2780,2750,2770,37041,0.0
2023-12-07,2770,2775,2750,2770,19873,0.0
2023-12-08,2780,2820,2770,2810,33279,0.014440433212996373
2023-12-11,2810,2870,2810,2865,94308,0.019572953736654908
2023-12-12,2860,2870,2845,2865,31299,0.0
2023-12-13,2865,2865,2820,2865,34749,0.0
2023-12-14,2870,2885,2845,2885,22356,0.00698080279232105
2023-12-15,2865,2890,2855,2880,25457,-0.0017331022530329143
2023-12-18,2880,2880,2835,2870,60034,-0.00347222222222221
2023-12-19,2860,2865,2840,2860,25349,-0.0034843205574912606
2023-12-20,2860,2880,2850,2875,24024,0.005244755244755206
2023-12-21,2870,2870,2815,2850,46759,-0.008695652173912993
2023-12-22,2845,2870,2830,2845,24059,-0.0017543859649122862
2023-12-26,2845,2870,2810,2840,29825,-0.0017574692442882123
2023-12-27,2815,2840,2815,2840,11893,0.0
2023-12-28,2850,2870,2820,2870,25241,0.010563380281690238
2024-01-02,2865,2875,2845,2865,24972,-0.0017421602787456303
2024-01-03,2875,2875,2815,2865,47798,0.0
2024-01-04,2865,2870,2830,2840,36622,-0.008726003490401424
2024-01-05,2820,2850,2815,2830,33749,-0.0035211267605633756
2024-01-08,2830,2860,2720,2855,63643,0.008833922261484162
2024-01-09,2870,2870,2825,2845,23213,-0.003502626970227629
2024-01-10,2845,2845,2820,2845,18502,0.0
2024-01-11,2850,2850,2830,2845,16027,0.0
2024-01-12,2850,2855,2835,2845,14347,0.0
2024-01-15,2845,2890,2840,2870,50651,0.008787346221441172
2024-01-16,2870,2880,2850,2870,17658,0.0
2024-01-17,2875,2875,2825,2850,37297,-0.006968641114982632
2024-01-18,2850,2855,2840,2850,16095,0.0
2024-01-19,2850,2855,2810,2850,55668,0.0
2024-01-22,2860,2860,2835,2845,13504,-0.0017543859649122862
2024-01-23,2845,2845,2820,2840,25541,-0.0017574692442882123
2024-01-24,2815,2840,2795,2815,45336,-0.008802816901408494
2024-01-25,2820,2820,2725,2750,121724,-0.023090586145648295
2024-01-26,2725,2790,2725,2780,48175,0.01090909090909098
2024-01-29,2765,2805,2760,2805,50760,0.008992805755395628
2024-01-30,2810,2840,2805,2835,79338,0.010695187165775444
2024-01-31,2855,3035,2810,2870,929164,0.012345679012345734
2024-02-01,2870,2990,2825,2970,343326,0.03484320557491283
2024-02-02,2970,3110,2895,3055,618733,0.028619528619528545
2024-02-05,3070,3075,2955,3005,238567,-0.016366612111292977
2024-02-06,2995,3070,2970,3035,322465,0.009983361064891838
2024-02-07,3025,3070,3005,3035,213147,0.0
2024-02-08,3035,3050,2975,3030,99014,-0.0016474464579900872
2024-02-13,3045,3050,2985,3030,112038,0.0
2024-02-14,3055,3090,3010,3085,199257,0.018151815181518094
2024-02-15,3090,3090,3045,3075,129523,-0.0032414910858995505
2024-02-16,3075,3100,3045,3090,157217,0.004878048780487809
2024-02-19,3090,3185,3060,3150,186526,0.01941747572815533
2024-02-20,3125,3175,3120,3175,132589,0.007936507936507908
2024-02-21,3160,3160,3100,3150,102437,-0.007874015748031482
2024-02-22,3150,3155,3115,3140,75566,-0.0031746031746031633
2024-02-23,3135,3190,3115,3155,84713,0.004777070063694211
2024-02-26,3145,3145,3065,3070,179444,-0.02694136291600635
2024-02-27,3070,3085,3010,3010,84808,-0.019543973941368087
2024-02-28,2990,3025,2975,3005,142107,-0.0016611295681062677
2024-02-29,3015,3015,2975,2990,82469,-0.004991680532445919
2024-03-04,2995,3030,2960,3020,156092,0.010033444816053505
2024-03-05,3025,3040,3000,3035,80583,0.004966887417218624
2024-03-06,3035,3045,2990,3035,83473,0.0
2024-03-07,3015,3050,3000,3045,122640,0.0032948929159801743
2024-03-08,3045,3080,3040,3075,111926,0.009852216748768461
2024-03-11,3070,3080,3020,3060,102793,-0.004878048780487809
2024-03-12,3060,3060,2990,3005,57417,-0.017973856209150374
2024-03-13,3050,3050,2955,3005,135281,0.0
2024-03-14,3005,3040,2980,3040,70523,0.011647254575707144
2024-03-15,3015,3065,3010,3015,357176,-0.008223684210526327
2024-03-18,3015,3060,3015,3045,94598,0.00995024875621886
2024-03-19,3055,3055,2995,3030,81024,-0.0049261083743842304
2024-03-20,3025,3035,3000,3030,69199,0.0
2024-03-21,3030,3030,2990,3030,132539,0.0
2024-03-22,3030,3060,3015,3060,66720,0.00990099009900991
2024-03-25,3060,3125,3050,3100,103550,0.013071895424836555
2024-03-26,3100,3150,3100,3140,85065,0.012903225806451646
2024-03-27,3140,3165,3105,3115,95037,-0.0079617834394905
2024-03-28,3065,3065,2980,3050,139074,-0.020866773675762396
2024-03-29,3045,3050,3010,3040,80956,-0.003278688524590123
2024-04-01,3020,3020,2940,3000,122711,-0.013157894736842146
2024-04-02,3000,3020,2955,2955,102043,-0.015000000000000013
2024-04-03,2955,2965,2895,2940,100012,-0.005076142131979711
2024-04-04,2935,2940,2890,2890,86317,-0.017006802721088454
2024-04-05,2890,2890,2825,2850,158073,-0.01384083044982698
2024-04-08,2845,2870,2820,2825,42023,-0.00877192982456143
2024-04-09,2825,2835,2800,2815,54277,-0.0035398230088495852
2024-04-11,2815,2825,2740,2760,75424,-0.019538188277087087
2024-04-12,2770,2780,2740,2745,41905,-0.005434782608695676
2024-04-15,2700,2760,2690,2735,60823,-0.0036429872495445936
2024-04-16,2705,2770,2680,2715,109385,-0.007312614259597838
2024-04-17,2715,2725,2705,2720,36072,0.0018416206261511192
2024-04-18,2705,2750,2705,2750,50179,0.011029411764705843
2024-04-19,2755,2765,2710,2730,26051,-0.0072727272727273196
2024-04-22,2715,2755,2710,2755,28598,0.009157509157509125
2024-04-23,2770,2790,2735,2755,58465,0.0
2024-04-24,2770,2805,2745,2790,39047,0.012704174228675091
2024-04-25,2785,2795,2765,2790,11470,0.0
2024-04-26,2790,2795,2760,2785,26759,-0.0017921146953404632
2024-04-29,2780,2820,2760,2820,40377,0.012567324955116588
2024-04-30,2795,2825,2795,2820,24910,0.0
2024-05-02,2820,2845,2795,2815,27482,-0.0017730496453900457
2024-05-03,2820,2830,2785,2810,23802,-0.001776198934280604
2024-05-07,2835,2840,2765,2780,52510,-0.010676156583629859
2024-05-08,2780,2780,2750,2775,40447,-0.0017985611510791255
2024-05-09,2755,2785,2755,2775,45781,0.0
2024-05-10,2775,2815,2765,2815,38013,0.01441441441441449
2024-05-13,2795,2825,2790,2815,16762,0.0
2024-05-14,2815,2825,2800,2810,43056,-0.001776198934280604
2024-05-16,2810,2830,2790,2810,31272,0.0
2024-05-17,2805,2815,2770,2795,32289,-0.005338078291814985
2024-05-20,2785,2810,2785,2810,15505,0.005366726296958779
2024-05-21,2815,2835,2780,2805,70634,-0.001779359430605032
2024-05-22,2815,2820,2790,2815,36123,0.0035650623885918886
2024-05-23,2820,2820,2790,2815,26049,0.0
2024-05-24,2810,2810,2780,2810,25729,-0.001776198934280604
2024-05-27,2815,2815,2790,2800,19419,-0.003558718861209953
2024-05-28,2795,2795,2715,2745,154148,-0.019642857142857184
2024-05-29,2755,2760,2730,2745,35087,0.0
2024-05-30,2740,2750,2705,2725,80917,-0.007285974499089298
2024-05-31,2710,2735,2710,2725,15111,0.0
2024-06-03,2730,2740,2710,2720,30913,-0.0018348623853210455
2024-06-04,2720,2725,2705,2720,70797,0.0
2024-06-05,2710,2725,2710,2725,16031,0.0018382352941177516
2024-06-07,2740,2740,2710,2725,26945,0.0
2024-06-10,2725,2725,2710,2720,32458,-0.0018348623853210455
2024-06-11,2725,2730,2710,2725,45117,0.0018382352941177516
2024-06-12,2730,2730,2705,2715,23361,-0.003669724770642202
2024-06-13,2720,2725,2710,2715,20364,0.0
2024-06-14,2720,2725,2705,2715,38702,0.0
2024-06-17,2720,2735,2710,2715,17003,0.0
2024-06-18,2720,2720,2700,2715,73569,0.0
2024-06-19,2730,2730,2710,2715,16959,0.0
2024-06-20,2715,2760,2710,2750,40150,0.012891344383057168
2024-06-21,2750,2750,2695,2725,51739,-0.009090909090909038
2024-06-24,2745,2745,2710,2725,15574,0.0
2024-06-25,2725,2725,2695,2710,30887,-0.0055045871559632475
2024-06-26,2710,2710,2695,2710,22709,0.0
2024-06-27,2705,2710,2690,2690,20979,-0.0073800738007380184
2024-06-28,2695,2730,2685,2710,42586,0.0074349442379182396
