Date,Open,High,Low,Close,Volume,Change
2023-10-19,46050,47150,36800,39050,8809795,
2023-10-20,37400,40800,33200,33350,2484692,-0.14596670934699107
2023-10-23,33550,34050,28350,30200,1162908,-0.09445277361319337
2023-10-24,30250,30650,26650,28350,1073833,-0.0612582781456954
2023-10-25,28800,29750,26900,27600,933220,-0.02645502645502651
2023-10-26,26200,26750,25300,26300,565924,-0.047101449275362306
2023-10-27,27450,29000,25800,26100,1159714,-0.0076045627376425395
2023-10-30,25700,27600,25100,26950,490936,0.03256704980842917
2023-10-31,26850,26900,24850,25200,390813,-0.06493506493506496
2023-11-01,25650,26200,24900,25100,317730,-0.003968253968253954
2023-11-02,26050,27200,25450,26850,541213,0.06972111553784854
2023-11-03,27750,27750,25150,25650,442670,-0.04469273743016755
2023-11-06,26450,30600,25900,28750,1668369,0.12085769980506833
2023-11-07,28100,28150,25300,25600,554950,-0.10956521739130431
2023-11-08,25400,26150,24500,24500,277120,-0.04296875
2023-11-09,24550,24650,22800,23250,238956,-0.05102040816326525
2023-11-10,22400,22800,21800,21850,155924,-0.06021505376344083
2023-11-13,22350,24100,20750,22350,309359,0.022883295194507935
2023-11-14,22600,23400,21950,22350,192961,0.0
2023-11-15,23000,23700,22800,23100,185382,0.033557046979865834
2023-11-16,23300,23800,23050,23300,133923,0.008658008658008587
2023-11-17,23200,23300,21850,22000,132710,-0.05579399141630903
2023-11-20,21350,22750,21300,22250,117554,0.011363636363636465
2023-11-21,22500,22600,21450,21900,107467,-0.01573033707865168
2023-11-22,21800,23300,21400,23250,169987,0.06164383561643838
2023-11-23,23000,23750,22600,23000,147872,-0.010752688172043001
2023-11-24,23000,23400,22800,23000,68293,0.0
2023-11-27,23150,27100,23150,25400,889833,0.10434782608695659
2023-11-28,25700,26000,24100,24550,254800,-0.03346456692913391
2023-11-29,24950,25000,23450,23900,159301,-0.02647657841140527
2023-11-30,23950,25400,23600,24200,242551,0.012552301255230214
2023-12-01,24400,24550,23500,23500,112601,-0.02892561983471076
2023-12-04,23700,24150,23400,23400,70829,-0.004255319148936176
2023-12-05,23150,23250,21900,22050,132463,-0.05769230769230771
2023-12-06,22150,22300,21250,22050,68553,0.0
2023-12-07,22350,23900,22150,22800,164505,0.03401360544217691
2023-12-08,23100,26150,23100,24050,527451,0.054824561403508776
2023-12-11,24350,25950,24200,24600,228830,0.022869022869022926
2023-12-12,24800,25300,24050,24850,83827,0.010162601626016343
2023-12-13,24900,25000,23650,23700,140497,-0.046277665995975825
2023-12-14,24000,24400,23000,23550,94996,-0.006329113924050667
2023-12-15,23750,24700,23700,23850,137688,0.01273885350318471
2023-12-18,24000,24550,23500,23950,80003,0.004192872117400492
2023-12-19,24300,24350,23150,24250,92837,0.012526096033402823
2023-12-20,24500,25550,24300,24300,187344,0.0020618556701030855
2023-12-21,24250,25350,24000,25150,631155,0.034979423868312765
2023-12-22,25200,25450,24250,24600,168003,-0.021868787276341894
2023-12-26,25200,25300,23300,23350,184275,-0.05081300813008127
2023-12-27,23350,24100,23000,24100,75376,0.032119914346895095
2023-12-28,23900,24650,23800,24250,79495,0.006224066390041472
2024-01-02,24300,24700,24050,24200,97672,-0.0020618556701030855
2024-01-03,24000,24250,23650,24000,72077,-0.008264462809917328
2024-01-04,24000,27000,23600,25350,426149,0.05624999999999991
2024-01-05,26050,26250,24550,25500,250107,0.00591715976331364
2024-01-08,26200,27600,25850,27000,483891,0.05882352941176472
2024-01-09,26500,26650,25550,25650,298996,-0.050000000000000044
2024-01-10,25550,25800,24600,25400,146406,-0.00974658869395717
2024-01-11,25150,26250,25150,25600,100253,0.007874015748031482
2024-01-12,25650,26450,25000,25900,129258,0.01171875
2024-01-15,25800,27500,25450,26900,269406,0.03861003861003853
2024-01-16,27200,27400,26200,26300,129752,-0.022304832713754608
2024-01-17,26250,26250,25450,25600,85872,-0.026615969581749055
2024-01-18,25800,27300,25500,26400,170416,0.03125
2024-01-19,26350,26400,25100,25100,174182,-0.0492424242424242
2024-01-22,25350,26300,24150,24850,304541,-0.009960159362549792
2024-01-23,24850,25250,24050,24300,136430,-0.02213279678068414
2024-01-24,24350,25800,24300,25350,243403,0.043209876543209846
2024-01-25,25400,26000,24500,25500,190982,0.00591715976331364
2024-01-26,25500,26300,25100,26300,253426,0.031372549019607954
2024-01-29,26900,26950,25500,25550,208791,-0.028517110266159662
2024-01-30,25750,26500,24900,25250,129145,-0.011741682974559686
2024-01-31,25200,26700,25050,26200,172082,0.03762376237623766
2024-02-01,26000,26050,25250,25950,98583,-0.009541984732824416
2024-02-02,26300,26450,25600,25600,141766,-0.013487475915221592
2024-02-05,28200,33250,27600,33250,3584186,0.298828125
2024-02-06,32000,40900,31550,36800,3733723,0.10676691729323307
2024-02-07,37650,40000,36600,37900,1109409,0.029891304347826164
2024-02-08,37400,37400,35850,35850,281445,-0.05408970976253302
2024-02-13,36400,40000,36400,40000,265275,0.11576011157601118
2024-02-14,41250,43450,41250,43450,323032,0.08624999999999994
2024-02-15,48100,56200,44850,52900,2635247,0.2174913693901035
2024-02-16,48850,54200,47350,49800,1112670,-0.05860113421550095
2024-02-19,44900,60400,44000,55500,1777399,0.1144578313253013
2024-02-20,56000,59300,51700,57200,1128830,0.03063063063063054
2024-02-21,57600,74300,48650,56000,3671832,-0.020979020979020935
2024-02-22,56900,60400,52900,55500,1457816,-0.008928571428571397
2024-02-23,55500,56600,50000,51100,496682,-0.07927927927927925
2024-02-26,52000,52400,46850,49000,384426,-0.04109589041095896
2024-02-27,49100,49250,44350,45450,294484,-0.07244897959183672
2024-02-28,46200,54000,45300,46250,925436,0.017601760176017667
2024-02-29,46700,47600,42700,43400,292065,-0.06162162162162166
2024-03-04,45950,47700,41850,42000,298171,-0.032258064516129004
2024-03-05,38000,39750,35150,37150,409406,-0.11547619047619051
2024-03-06,37300,42700,36100,40300,521570,0.08479138627187077
2024-03-07,40250,41200,37000,37650,229828,-0.06575682382133996
2024-03-08,38350,41000,37900,38950,195513,0.03452855245683928
2024-03-11,41000,49600,40600,47700,1557485,0.22464698331193844
2024-03-12,51800,56000,47000,49000,1499276,0.027253668763102645
2024-03-13,49000,49300,45250,45400,328871,-0.07346938775510203
2024-03-14,44500,46100,42300,45050,298152,-0.00770925110132159
2024-03-15,44400,45500,41050,42050,272728,-0.06659267480577136
2024-03-18,41700,42650,40700,41300,151582,-0.017835909631391256
2024-03-19,44850,45100,41700,43000,383881,0.041162227602905554
2024-03-20,42600,44050,42150,42500,247575,-0.011627906976744207
2024-03-21,42950,43200,41550,41800,126859,-0.016470588235294126
2024-03-22,41800,51900,40600,49500,841835,0.18421052631578938
2024-03-25,49800,51200,47500,47500,443736,-0.04040404040404044
2024-03-26,46250,47400,44500,45050,248144,-0.05157894736842106
2024-03-27,45100,45500,43200,43850,128435,-0.02663706992230852
2024-03-28,43050,46450,42200,43700,258065,-0.0034207525655644
2024-03-29,44700,44850,43000,43150,93758,-0.01258581235697942
2024-04-01,43600,45100,42700,42750,144112,-0.009269988412514474
2024-04-02,43200,43200,40700,40950,110125,-0.04210526315789476
2024-04-03,41650,42200,40250,40300,99507,-0.015873015873015928
2024-04-04,40500,42350,40300,41050,87618,0.018610421836228186
2024-04-05,40750,40750,38900,39350,107363,-0.04141291108404388
2024-04-08,39400,39400,37350,37450,96524,-0.04828462515883103
2024-04-09,37700,38400,36500,36800,69016,-0.01735647530040052
2024-04-11,35950,36500,35250,35300,82225,-0.040760869565217406
2024-04-12,34800,35300,33300,33950,117837,-0.0382436260623229
2024-04-15,33300,33400,30550,31000,268032,-0.08689248895434465
2024-04-16,30650,32750,30000,31000,203164,0.0
2024-04-17,31000,32200,30200,30200,149785,-0.02580645161290318
2024-04-18,30450,31200,30400,30750,55375,0.01821192052980125
2024-04-19,29300,29550,28150,28850,234193,-0.06178861788617884
2024-04-22,28500,29350,28450,28900,63545,0.0017331022530329143
2024-04-23,28900,29550,27850,28200,79989,-0.02422145328719727
2024-04-24,28400,29000,28250,29000,55809,0.028368794326241176
2024-04-25,29350,30350,28700,28700,87407,-0.010344827586206917
2024-04-26,28850,33200,28500,31200,421624,0.08710801393728218
2024-04-29,31300,31600,29950,30550,110137,-0.02083333333333337
2024-04-30,31050,32350,30500,30700,121024,0.004909983633387904
2024-05-02,30950,31400,29400,29400,80378,-0.04234527687296419
2024-05-03,29700,30400,29500,29550,50967,0.005102040816326481
2024-05-07,29900,30300,28900,29450,53814,-0.0033840947546531774
2024-05-08,29450,29800,28750,29550,53412,0.00339558573853993
2024-05-09,29650,30700,29000,29550,101143,0.0
2024-05-10,29700,30100,29000,29000,42473,-0.0186125211505922
2024-05-13,28750,29350,28300,28650,40058,-0.012068965517241348
2024-05-14,28450,28900,27950,28200,61117,-0.015706806282722474
2024-05-16,28250,28750,28050,28200,50972,0.0
2024-05-17,28250,28600,27450,27500,41289,-0.024822695035460973
2024-05-20,27100,27450,26600,26900,58660,-0.021818181818181848
2024-05-21,26850,26850,25850,26200,71938,-0.026022304832713727
2024-05-22,26200,26300,25750,26000,54770,-0.007633587786259555
2024-05-23,25750,26300,25250,26250,41968,0.009615384615384581
2024-05-24,26200,26800,25700,26100,48535,-0.005714285714285672
2024-05-27,26400,33900,26400,32750,1560911,0.25478927203065127
2024-05-28,32150,35950,32050,33650,675057,0.027480916030534264
2024-05-29,33350,41450,33050,38000,2083794,0.12927191679049033
2024-05-30,38050,38300,36550,36550,374832,-0.03815789473684206
2024-05-31,36850,38700,35450,37050,375043,0.013679890560875485
2024-06-03,37050,37850,33350,34950,262131,-0.05668016194331982
2024-06-04,34950,35950,34000,34500,193522,-0.012875536480686733
2024-06-05,34500,34500,32350,32750,160290,-0.050724637681159424
2024-06-07,34450,41850,34200,40100,3120176,0.2244274809160305
2024-06-10,41050,46500,40950,42150,1568636,0.05112219451371569
2024-06-11,43100,45000,40950,41200,621305,-0.022538552787663146
2024-06-12,40400,43150,40200,41150,310689,-0.0012135922330097637
2024-06-13,41500,42750,40550,41800,241072,0.015795868772782606
2024-06-14,41500,41700,38400,38600,293590,-0.07655502392344493
2024-06-17,38600,39100,37100,38200,149046,-0.010362694300518172
2024-06-18,38000,38300,36550,37800,116453,-0.010471204188481686
2024-06-19,37750,39150,37650,38050,141799,0.006613756613756516
2024-06-20,38650,40750,38250,39650,296168,0.042049934296977565
2024-06-21,39650,39700,38150,38200,112632,-0.03656998738965955
2024-06-24,38200,38400,35500,35550,150521,-0.06937172774869105
2024-06-25,35700,37800,35300,35950,165725,0.011251758087201136
2024-06-26,37350,37350,34500,34550,118898,-0.03894297635605004
2024-06-27,34650,35400,33350,34000,95690,-0.01591895803183796
2024-06-28,35450,36500,34250,34700,105018,0.020588235294117574
2024-07-01,34750,34900,33300,33700,77657,-0.028818443804034533
2024-07-02,33400,33700,32000,32850,82959,-0.02522255192878342
2024-07-03,34050,41200,33850,40250,1505064,0.2252663622526636
2024-07-04,41200,44850,40400,42750,1433497,0.06211180124223592
2024-07-05,44900,45000,40450,40600,691528,-0.05029239766081872
2024-07-08,39850,42450,39800,40450,361421,-0.003694581280788145
2024-07-09,41700,43400,40200,40750,415054,0.007416563658838138
2024-07-10,42450,50100,42300,43700,3150818,0.07239263803680984
2024-07-11,42800,43700,40700,40950,528602,-0.06292906178489699
2024-07-12,41000,41000,38750,39800,242544,-0.028083028083028094
2024-07-15,40300,43100,39450,41550,329288,0.04396984924623126
2024-07-16,41000,42000,38650,39150,291721,-0.0577617328519856
2024-07-17,39450,39900,37600,37600,146763,-0.03959131545338446
2024-07-18,36600,37300,35000,37100,159637,-0.013297872340425565
2024-07-19,36850,38050,36500,37150,105803,0.0013477088948787852
2024-07-22,38500,39100,34150,34500,241574,-0.07133243606998652
2024-07-23,34900,36600,34750,35900,186792,0.04057971014492745
2024-07-24,35900,37150,35150,35300,183750,-0.01671309192200554
2024-07-25,34150,34950,33000,34250,113976,-0.029745042492917873
2024-07-26,34250,35000,33300,33650,71229,-0.017518248175182438
2024-07-29,33650,33950,32700,33200,95188,-0.013372956909361022
2024-07-30,33800,34450,32400,32400,112966,-0.02409638554216864
2024-07-31,31700,32100,31000,31600,94283,-0.024691358024691357
2024-08-01,31650,32950,31650,32350,57777,0.023734177215189778
2024-08-02,31600,31600,29950,30000,87508,-0.07264296754250388
2024-08-05,29200,29500,23200,24550,332513,-0.18166666666666664
2024-08-06,24750,26950,24750,25900,227850,0.054989816700611094
2024-08-07,26000,27300,25800,26750,113665,0.032818532818532864
2024-08-08,26350,27250,25950,26150,106824,-0.02242990654205612
2024-08-09,27350,28500,27050,28050,138843,0.07265774378585088
2024-08-12,28500,32800,28400,31300,244219,0.1158645276292336
2024-08-13,30850,31450,30000,30350,98650,-0.030351437699680517
2024-08-14,31000,31450,30400,30850,85503,0.016474464579901094
2024-08-16,31350,31850,30150,31000,79934,0.004862236628849326
2024-08-19,31500,31500,29150,29300,86322,-0.05483870967741933
2024-08-20,29850,32500,29850,31500,200669,0.07508532423208192
2024-08-21,31400,31500,29950,30200,85802,-0.041269841269841234
2024-08-22,30100,30700,28550,29300,76614,-0.0298013245033113
2024-08-23,28000,29400,27850,29000,61767,-0.010238907849829393
2024-08-26,29900,29900,28700,28950,53314,-0.0017241379310344307
2024-08-27,28700,28900,28000,28300,44427,-0.022452504317789335
2024-08-28,28150,28600,27550,27550,44211,-0.026501766784452263
2024-08-29,27000,28550,26600,27900,64675,0.012704174228675091
2024-08-30,27650,28350,27550,28250,39912,0.012544802867383575
2024-09-02,28500,28950,27950,28300,49050,0.001769911504424737
2024-09-03,28300,29550,27650,27800,63767,-0.017667844522968212
2024-09-04,26300,28500,26050,27400,80064,-0.014388489208633115
2024-09-05,27800,27800,25750,25750,70707,-0.06021897810218979
2024-09-06,26100,26450,24850,25050,77494,-0.027184466019417486
2024-09-09,24300,25550,24100,25200,46045,0.0059880239520957446
2024-09-10,25250,25600,24700,24850,35005,-0.01388888888888884
2024-09-11,24900,28250,24900,26300,171720,0.05835010060362178
2024-09-12,26700,27550,26400,26700,58459,0.015209125475285079
2024-09-13,26700,27100,26100,26700,37434,0.0
2024-09-19,26950,27200,26100,27050,46290,0.013108614232209659
2024-09-20,27300,27750,26750,26850,54131,-0.007393715341959317
2024-09-23,27100,31350,26650,30100,324808,0.12104283054003728
2024-09-24,29700,30050,29100,29450,58338,-0.021594684385382035
2024-09-25,29750,29950,28600,29000,60446,-0.015280135823429575
2024-09-26,29000,29650,28850,29600,36653,0.020689655172413834
2024-09-27,30350,30600,29150,29200,118267,-0.013513513513513487
2024-09-30,29600,29600,28700,28850,39024,-0.011986301369863006
2024-10-02,28650,29550,28100,29100,65191,0.008665511265164572
2024-10-04,28950,29050,28150,28300,40022,-0.027491408934707917
2024-10-07,28750,29450,28150,29150,53642,0.030035335689045928
2024-10-08,28900,29550,28500,28700,35065,-0.015437392795883409
2024-10-10,29000,29200,27750,28000,56170,-0.024390243902439046
2024-10-11,27650,28300,27300,27300,38476,-0.025000000000000022
2024-10-14,26800,27450,26600,27300,32836,0.0
2024-10-15,27550,27850,26850,26850,29105,-0.016483516483516536
2024-10-16,27350,27450,26650,27200,34453,0.013035381750465591
2024-10-17,27550,29100,26950,27050,136739,-0.005514705882352922
2024-10-18,27050,27200,26250,26350,42767,-0.025878003696857665
2024-10-21,26300,26500,25850,25850,35012,-0.018975332068311146
2024-10-22,25900,26200,25100,25600,40031,-0.009671179883945835
2024-10-23,25600,26650,25300,26500,37551,0.03515625
2024-10-24,27200,28350,26150,26150,115074,-0.013207547169811318
2024-10-25,26650,27450,25850,25900,56205,-0.009560229445506718
2024-10-28,25800,26250,25800,26050,28650,0.005791505791505891
2024-10-29,26000,26100,25450,25500,41245,-0.021113243761996192
2024-10-30,25800,26000,25450,25600,36594,0.0039215686274509665
2024-10-31,25550,25850,25150,25550,26181,-0.001953125
2024-11-01,25100,25400,25000,25000,24773,-0.021526418786692814
2024-11-04,25000,26400,24900,26300,51611,0.052000000000000046
2024-11-05,26700,26950,26200,26700,34424,0.015209125475285079
2024-11-06,26850,27050,25250,25400,54779,-0.048689138576779034
2024-11-07,25800,26000,25200,25500,32041,0.003937007874015741
2024-11-08,25500,26300,25450,26150,30455,0.025490196078431282
2024-11-11,26250,27450,25900,26700,77865,0.021032504780114758
2024-11-12,26850,26950,25600,26500,50563,-0.0074906367041198685
2024-11-13,26100,26500,24550,24850,71130,-0.06226415094339621
2024-11-14,25000,26150,24300,24850,103142,0.0
2024-11-15,24500,24850,22800,24000,82837,-0.03420523138832998
2024-11-18,23550,26300,23550,24950,139215,0.039583333333333304
2024-11-19,24950,25700,24750,24800,52939,-0.006012024048096198
2024-11-20,24750,25500,24350,25000,32724,0.008064516129032251
2024-11-21,24650,25600,24400,24500,40257,-0.020000000000000018
2024-11-22,24750,26150,24450,25500,140477,0.04081632653061229
2024-11-25,26000,26900,25800,26800,65442,0.050980392156862786
2024-11-26,27050,27650,26350,26450,99222,-0.013059701492537323
2024-11-27,26450,26950,25700,25850,38503,-0.022684310018903586
2024-11-28,26050,26650,25850,26150,36388,0.011605415860735047
2024-11-29,26050,26150,25250,25400,45314,-0.028680688336520044
2024-12-02,26250,27400,25650,25950,126975,0.021653543307086576
2024-12-03,27500,29500,25800,26500,183110,0.021194605009633882
2024-12-04,25600,26750,25450,25600,66264,-0.03396226415094339
2024-12-05,25700,26000,24300,24700,62059,-0.03515625
2024-12-06,24400,25450,23550,24350,57427,-0.014170040485829927
2024-12-09,23850,23900,22350,22350,85271,-0.08213552361396304
2024-12-10,22450,24200,22450,23900,42481,0.06935123042505587
2024-12-11,24700,27900,24450,27350,296710,0.14435146443514646
2024-12-12,28800,28950,26100,26500,171484,-0.031078610603290646
2024-12-13,26000,26600,25950,26250,45476,-0.009433962264150941
2024-12-16,27300,29600,27050,29600,175562,0.12761904761904752
2024-12-17,29800,30900,28400,30750,172237,0.038851351351351315
2024-12-18,31300,32000,29850,30200,240572,-0.01788617886178867
2024-12-19,29500,30650,29400,30000,93342,-0.0066225165562914245
2024-12-20,30000,30650,29150,29750,76087,-0.008333333333333304
2024-12-23,30250,30250,29000,29000,60733,-0.025210084033613467
2024-12-24,29250,29350,28200,28200,55888,-0.02758620689655178
2024-12-26,29000,31850,28900,30350,359990,0.07624113475177308
2024-12-27,31000,31500,28600,28600,159602,-0.05766062602965405
2024-12-30,28000,29450,28000,28600,48136,0.0
2025-01-02,28700,29950,28200,28700,61071,0.0034965034965035446
2025-01-03,28700,29450,28500,28700,56598,0.0
2025-01-06,28900,30050,28600,29650,78663,0.03310104529616731
2025-01-07,29900,30100,29100,29300,45649,-0.01180438448566612
2025-01-08,28900,30450,28500,30450,55001,0.03924914675767921
2025-01-09,30500,30550,28400,28750,89498,-0.05582922824302139
2025-01-10,28850,29500,28600,29500,36237,0.026086956521739202
2025-01-13,29200,30300,29000,30200,74019,0.023728813559322104
2025-01-14,30200,30950,29700,30700,76204,0.01655629139072845
2025-01-15,30700,31050,30200,30250,61519,-0.014657980456026065
2025-01-16,30900,30900,29850,30800,39682,0.018181818181818077
2025-01-17,30650,31700,30400,30550,51198,-0.008116883116883078
2025-01-20,30550,31400,30200,31200,60995,0.02127659574468077
2025-01-21,30850,31600,30050,30200,82814,-0.03205128205128205
2025-01-22,30500,30550,29450,29850,78543,-0.011589403973509937
2025-01-23,30500,30500,29350,29350,42011,-0.01675041876046901
2025-01-24,29350,34350,29250,32200,523745,0.09710391822827935
2025-01-31,35400,38750,34700,36050,633870,0.11956521739130443
2025-02-03,35350,35600,33050,33700,140054,-0.06518723994452147
2025-02-04,34350,38450,34150,37450,333460,0.1112759643916914
2025-02-05,37200,39350,37100,38300,171661,0.022696929238985364
2025-02-06,38300,38550,36500,37350,119638,-0.024804177545691863
2025-02-07,38200,38800,37450,37500,122225,0.004016064257028162
2025-02-10,37000,37350,35450,36050,114739,-0.03866666666666663
2025-02-11,36200,36800,35700,36050,65862,0.0
2025-02-12,36400,36400,34900,35250,52339,-0.02219140083217752
2025-02-13,34950,39900,34700,39650,295664,0.12482269503546095
2025-02-14,39400,39400,36750,36950,158799,-0.0680958385876419
2025-02-17,37250,38550,36200,37600,95027,0.017591339648173276
2025-02-18,37350,40750,37250,39150,214260,0.04122340425531923
2025-02-19,39150,42600,39100,40500,211912,0.034482758620689724
2025-02-20,41500,42150,39400,40650,219666,0.0037037037037037646
2025-02-21,40050,41050,39800,40000,75895,-0.01599015990159902
2025-02-24,39300,40000,38950,39250,61169,-0.018750000000000044
2025-02-25,39850,39850,37900,37900,67137,-0.03439490445859872
2025-02-26,37900,39300,36500,38850,79507,0.02506596306068598
2025-02-27,39100,39100,36800,36800,57263,-0.052767052767052736
2025-02-28,35800,36050,34000,34200,118539,-0.07065217391304346
2025-03-04,34150,37800,34100,37000,121461,0.08187134502923987
2025-03-05,37000,37500,34500,35300,83203,-0.04594594594594592
2025-03-06,35200,36250,34250,34250,58092,-0.029745042492917873
2025-03-07,33500,34600,33050,34450,41912,0.005839416058394109
2025-03-10,34500,35650,34050,34050,37307,-0.011611030478954953
2025-03-11,32650,35350,32550,35150,67368,0.032305433186490484
2025-03-12,35250,35800,34600,34750,42038,-0.011379800853485111
2025-03-13,35000,35000,33300,33300,52445,-0.04172661870503602
2025-03-14,33300,37250,33250,36150,132286,0.0855855855855856
2025-03-17,36250,36600,35400,35400,37429,-0.020746887966805017
2025-03-18,35050,35700,34550,34850,40391,-0.015536723163841804
2025-03-19,34900,35550,34150,35150,33123,0.008608321377331363
2025-03-20,35350,35750,34700,34700,42617,-0.012802275960170695
2025-03-21,34750,35100,33800,33800,37791,-0.025936599423631135
2025-03-24,33900,34300,32700,32950,49329,-0.025147928994082802
2025-03-25,33200,33650,31200,31300,93506,-0.050075872534142696
2025-03-26,31200,33600,31000,31550,77794,0.007987220447284393
2025-03-27,31600,31850,29950,30150,74251,-0.04437400950871628
2025-03-28,30150,31300,29300,30350,67750,0.0066334991708125735
2025-03-31,30200,31000,29050,29050,68634,-0.04283360790774304
2025-04-01,29150,30200,28700,29350,51789,0.010327022375215211
2025-04-02,29550,30300,28050,28350,42748,-0.03407155025553665
2025-04-03,27150,28800,27050,28750,39740,0.014109347442680775
2025-04-04,27950,29100,27500,28100,72211,-0.022608695652173938
2025-04-07,27000,27450,25700,25800,69013,-0.08185053380782914
2025-04-08,26400,27150,25700,26000,54264,0.007751937984496138
2025-04-09,25450,26100,24750,25000,30801,-0.038461538461538436
2025-04-10,27100,27800,26850,27200,39404,0.08800000000000008
2025-04-11,27150,27950,26650,27800,27274,0.022058823529411686
2025-04-14,28600,28600,27600,27800,19816,0.0
2025-04-15,28000,28650,27550,28600,20621,0.02877697841726623
2025-04-16,30600,30900,29200,29250,81640,0.022727272727272707
2025-04-17,29000,30400,29000,29550,34109,0.01025641025641022
2025-04-18,29500,30000,29000,29550,16460,0.0
2025-04-21,29500,30100,29400,29650,23634,0.0033840947546530664
2025-04-22,29050,30000,29050,29600,16928,-0.001686340640809414
2025-04-23,30200,31300,30150,31200,63753,0.054054054054053946
2025-04-24,34450,37150,32300,33550,422237,0.07532051282051277
2025-04-25,33750,34400,33050,34000,61148,0.013412816691505292
2025-04-28,34150,34150,33100,33400,39646,-0.01764705882352946
2025-04-29,34250,34250,31500,33050,29892,-0.010479041916167664
2025-04-30,33400,33400,31950,32200,22826,-0.02571860816944027
2025-05-02,31700,32400,31450,32400,19794,0.006211180124223503
2025-05-07,33000,33000,32300,33000,26272,0.0185185185185186
2025-05-08,32900,33300,32350,32500,30900,-0.015151515151515138
2025-05-09,32500,32700,31400,31750,25363,-0.023076923076923106
2025-05-12,31400,31950,31400,31950,20956,0.006299212598425141
2025-05-13,32100,32700,31800,31900,22201,-0.0015649452269170805
2025-05-14,32100,33000,31700,33000,51604,0.034482758620689724
2025-05-15,33200,34750,32300,33400,78862,0.0121212121212122
2025-05-16,33250,33550,31500,31800,49414,-0.04790419161676651
2025-05-19,32900,35100,32700,33500,119562,0.053459119496855445
2025-05-20,34650,36500,33650,35650,115784,0.06417910447761188
2025-05-21,36700,37350,34800,35100,80231,-0.015427769985974726
2025-05-22,34400,34600,33000,33100,48257,-0.056980056980056926
2025-05-23,33900,33900,32050,32050,36480,-0.031722054380664666
2025-05-26,32050,33200,31900,32350,32596,0.009360374414976613
2025-05-27,32050,32800,32050,32350,21970,0.0
2025-05-28,32750,33350,32300,32300,26041,-0.0015455950540957941
2025-05-29,32750,32800,32000,32350,15954,0.001547987616099089
2025-05-30,32200,32450,30750,31050,55050,-0.040185471406491535
2025-06-02,31050,31400,30250,30700,75160,-0.011272141706924366
2025-06-04,31200,32500,30900,32350,34477,0.05374592833876224
2025-06-05,32050,33350,32050,32850,24613,0.015455950540958163
2025-06-09,33100,33300,32550,32850,26268,0.0
2025-06-10,33000,33000,32050,32600,23223,-0.007610350076103556
2025-06-11,32600,33450,32500,32700,22666,0.0030674846625766694
2025-06-12,32700,35500,32450,34200,148940,0.04587155963302747
2025-06-13,36250,36650,32600,33650,116076,-0.016081871345029253
2025-06-16,33550,33700,32800,33050,38118,-0.017830609212481474
2025-06-17,33500,35250,32250,33300,132205,0.0075642965204236745
2025-06-18,33500,33700,32700,32750,36506,-0.016516516516516533
2025-06-19,33150,33300,32150,32150,35651,-0.018320610687022953
2025-06-20,32200,33000,31750,32300,41934,0.004665629860031162
2025-06-23,32450,32450,31100,31550,72832,-0.023219814241486114
2025-06-24,32000,33450,31950,33100,50172,0.04912836767036444
2025-06-25,33200,33400,32300,32700,28801,-0.012084592145015116
2025-06-26,32850,33150,31450,31650,27106,-0.032110091743119296
2025-06-27,31650,31900,30550,30850,29396,-0.025276461295418606
2025-06-30,30800,31100,29800,29850,35252,-0.03241491085899517
2025-07-01,30200,30500,29850,30000,28600,0.005025125628140614
2025-07-02,30000,30250,28750,29550,40665,-0.015000000000000013
2025-07-03,29900,31650,29800,31300,53407,0.05922165820642977
2025-07-04,31150,32500,31000,31400,36152,0.0031948881789136685
2025-07-07,32200,32200,30950,31450,19001,0.0015923566878981443
2025-07-08,31500,32250,31450,32150,18420,0.022257551669316422
2025-07-09,32500,36000,32300,35300,221695,0.09797822706065329
2025-07-10,34250,37000,34200,35950,131596,0.018413597733710985
2025-07-11,36700,38500,35150,37750,156825,0.05006954102920713
2025-07-14,39050,41000,38600,40900,258764,0.08344370860927142
2025-07-15,43700,44550,41200,42200,207748,0.0317848410757946
2025-07-16,42200,46250,41500,46000,326189,0.09004739336492884
2025-07-17,44900,44900,40250,40400,315720,-0.12173913043478257
2025-07-18,39950,41850,39400,39850,124939,-0.013613861386138626
2025-07-21,40800,43000,40550,42750,134116,0.07277289836888334
2025-07-22,44000,45500,42100,44150,176575,0.03274853801169586
2025-07-23,43500,46100,42100,45750,162093,0.03624009060022648
2025-07-24,46400,52500,45300,51800,603075,0.13224043715847
2025-07-25,50600,50600,45850,46050,346282,-0.11100386100386095
2025-07-28,46950,51600,46450,47100,597647,0.0228013029315961
2025-07-29,47100,49300,45250,47300,260332,0.00424628450106157
2025-07-30,47300,49150,42200,43300,488209,-0.08456659619450313
2025-07-31,44250,44900,43000,43300,202979,0.0
2025-08-01,42800,42850,39950,39950,241316,-0.07736720554272514
2025-08-04,39550,41500,39550,40050,90035,0.0025031289111390187
2025-08-05,40550,45450,40550,43400,293126,0.08364544319600498
2025-08-06,42800,45900,42800,44500,126378,0.025345622119815614
2025-08-07,45750,46300,43950,45200,70972,0.01573033707865168
2025-08-08,45250,45950,44100,44400,70858,-0.017699115044247815
2025-08-11,44300,46125,42750,43050,88331,-0.030405405405405372
2025-08-12,43100,44100,42150,43050,65908,0.0
2025-08-13,44500,44600,41200,42450,102597,-0.013937282229965153
2025-08-14,42650,42800,40750,41600,104477,-0.020023557126030656
2025-08-18,40800,40800,38000,38600,215660,-0.07211538461538458
2025-08-19,38500,38850,36950,37250,140757,-0.03497409326424872
2025-08-20,36250,36900,35700,36500,83080,-0.020134228187919434
2025-08-21,36650,36950,36050,36450,75025,-0.00136986301369868
2025-08-22,36800,37250,36100,36650,51009,0.005486968449931462
2025-08-25,37950,38650,37300,37700,71786,0.028649386084584005
2025-08-26,37750,37750,36200,36550,61604,-0.0305039787798409
2025-08-27,37150,38000,36400,36550,73804,0.0
2025-08-28,36800,36800,35700,35750,41013,-0.02188782489740082
2025-08-29,36000,36850,35250,35300,73679,-0.012587412587412583
2025-09-01,34350,34700,33550,34100,75339,-0.03399433427762044
2025-09-02,34100,34600,33450,33900,41279,-0.0058651026392961825
2025-09-03,34200,35300,34100,34500,66327,0.017699115044247815
2025-09-04,36500,37250,35200,35950,106159,0.04202898550724643
2025-09-05,36450,36850,35600,35650,44641,-0.008344923504867818
2025-09-08,35100,37500,34850,36850,68433,0.033660589060308554
2025-09-09,37450,37650,36850,37400,46387,0.014925373134328401
2025-09-10,37950,38300,35950,37700,136407,0.008021390374331583
2025-09-11,37750,38500,36650,37950,75935,0.006631299734747964
2025-09-12,39150,39500,37750,38000,77092,0.0013175230566535578
2025-09-15,39000,39400,37800,38200,106718,0.0052631578947368585
2025-09-16,38500,39450,37300,37600,77159,-0.015706806282722474
2025-09-17,37350,38400,36750,37050,57380,-0.0146276595744681
2025-09-18,37450,39250,37350,38500,89264,0.03913630229419707
2025-09-19,38550,38650,37500,37550,43006,-0.024675324675324628
2025-09-22,37700,37800,36500,37000,91783,-0.01464713715046606
2025-09-23,37050,38000,36850,37450,57748,0.012162162162162149
2025-09-24,37650,37650,35450,35900,66934,-0.041388518024032095
2025-09-25,35800,35900,34950,35250,76043,-0.01810584958217265
2025-09-26,35450,35500,33650,33850,78733,-0.039716312056737535
2025-09-29,34350,35200,34300,34450,234241,0.017725258493352936
2025-09-30,34800,35000,34200,34450,42509,0.0
2025-10-01,34350,34650,33400,33550,76280,-0.026124818577648812
2025-10-02,33850,34450,33600,34200,57239,0.019374068554396384
2025-10-10,34650,34650,33200,33250,67084,-0.02777777777777779
2025-10-13,32600,34600,32100,34600,86567,0.04060150375939853
2025-10-14,35400,41800,34900,41700,801288,0.2052023121387283
2025-10-15,40700,44700,39300,44400,527388,0.06474820143884896
2025-10-16,45650,48900,44200,48000,514398,0.08108108108108114
2025-10-17,47000,48850,46300,48000,396337,0.0
