Date,Open,High,Low,Close,Volume,Change
2022-01-03,12725,12775,12624,12700,25902,0.0019723865877712132
2022-01-04,12725,12875,12599,12675,34066,-0.0019685039370078705
2022-01-05,12675,12925,12499,12550,66877,-0.009861932938856066
2022-01-06,12449,12775,12399,12600,49467,0.003984063745019917
2022-01-07,12474,12775,12474,12675,31948,0.005952380952380931
2022-01-10,12749,12875,12549,12800,54161,0.009861932938856066
2022-01-11,12800,13000,12574,12600,57621,-0.015625
2022-01-12,12674,12800,12649,12750,47859,0.011904761904761862
2022-01-13,12925,13176,12599,12625,72785,-0.009803921568627416
2022-01-14,12549,12624,12298,12324,44511,-0.023841584158415863
2022-01-17,12525,12525,12024,12024,34669,-0.02434274586173324
2022-01-18,12023,12223,11748,11748,40704,-0.022954091816367317
2022-01-19,11497,11973,11497,11598,33039,-0.012768130745658857
2022-01-20,11597,11848,11572,11723,25509,0.010777720296602844
2022-01-21,11547,11848,11547,11723,23690,0.0
2022-01-24,11672,11697,11296,11322,48662,-0.03420626119593961
2022-01-25,11272,11372,10545,10571,83325,-0.06633103691927222
2022-01-26,10470,10746,10470,10571,39223,0.0
2022-01-27,10570,10645,9793,9919,71723,-0.061678176142276
2022-01-28,9894,10420,9819,10270,39575,0.035386631716906924
2022-02-03,10520,10646,10395,10596,38684,0.0317429406037002
2022-02-04,10545,13226,10470,12174,1910619,0.14892412231030572
2022-02-07,11898,13476,11548,12550,1291305,0.030885493675045117
2022-02-08,12449,12850,12073,12199,265080,-0.02796812749003985
2022-02-09,12224,12524,12073,12124,119096,-0.006148044921714946
2022-02-10,12123,15756,12073,15756,8009350,0.299571098647311
2022-02-11,15906,17459,15105,15581,11106752,-0.011106879918761137
2022-02-14,15180,15806,14854,15080,3774991,-0.03215454720492905
2022-02-15,14828,16782,13601,14378,12964332,-0.04655172413793107
2022-02-16,14628,15104,14152,14829,3168801,0.03136736681040486
2022-02-17,14903,15404,13726,14453,2424537,-0.025355721896284322
2022-02-18,14252,15630,14177,14954,3777900,0.034664083581263494
2022-02-21,14779,15705,14678,15280,2026437,0.02180018724087196
2022-02-22,14879,15981,14779,15706,2622357,0.027879581151832422
2022-02-23,15781,15856,15179,15255,998567,-0.028715140710556475
2022-02-24,14954,15430,14153,14153,712927,-0.07223861029170764
2022-02-25,14728,15705,14703,15305,2112193,0.08139617042323177
2022-02-28,15179,16131,15079,15881,2465141,0.0376347598823914
2022-03-02,15630,16657,15580,16207,3204653,0.020527674579686517
2022-03-03,16231,17383,15580,15931,3426476,-0.017029678533966752
2022-03-04,16131,16883,15956,16182,1619004,0.0157554453581068
2022-03-07,16006,16006,15404,15430,423153,-0.046471387961933064
2022-03-08,15029,15655,14879,15155,450589,-0.0178224238496435
2022-03-10,15630,16883,15380,16883,2684522,0.11402177499175181
2022-03-11,16808,17159,16282,16533,1622546,-0.020730912752472852
2022-03-14,16407,16507,15731,16132,591071,-0.02425452126050931
2022-03-15,15956,17033,15956,16983,3107550,0.05275229357798161
2022-03-16,16832,17083,16431,17008,1117219,0.0014720602955897721
2022-03-17,17008,17133,16682,16758,746786,-0.01469896519285041
2022-03-18,16682,16807,16081,16332,364226,-0.025420694593626947
2022-03-21,16432,16532,15906,16107,299363,-0.013776634827332823
2022-03-22,16082,16407,15956,16032,258871,-0.004656360588564001
2022-03-23,16056,16106,15179,15455,540536,-0.035990518962075835
2022-03-24,15455,15630,15179,15330,224628,-0.008087997411840853
2022-03-25,15505,15505,15229,15305,146341,-0.0016307893020222064
2022-03-28,15530,15956,15405,15831,493809,0.03436785364260042
2022-03-29,15930,16331,15655,15956,419567,0.007895900448487092
2022-03-30,16181,16206,15630,15831,306709,-0.007834043619954878
2022-03-31,15931,17259,15856,17209,4890542,0.08704440654412227
2022-04-01,16758,17885,16507,16533,3243850,-0.0392817711662502
2022-04-04,16482,17058,16457,16808,671675,0.016633399866932796
2022-04-05,16908,16933,16532,16808,337727,0.0
2022-04-06,16758,17659,16658,16658,936251,-0.008924321751546893
2022-04-07,16382,16457,15631,15631,331585,-0.0616520590707168
2022-04-08,15806,16056,15580,15681,189021,0.0031987716716781467
2022-04-11,15956,16331,15730,15931,149203,0.015942860786939628
2022-04-12,15806,15806,15330,15556,167575,-0.023539011989203384
2022-04-13,15605,16281,15505,15781,240911,0.014463872460786842
2022-04-14,16006,16607,15880,16482,541312,0.0444205056713769
2022-04-15,16307,16682,16081,16257,391561,-0.01365125591554428
2022-04-18,16608,16908,16032,16032,433169,-0.013840191917327882
2022-04-19,16056,16808,16056,16207,342917,0.010915668662674571
2022-04-20,16332,16908,16132,16533,636175,0.020114765224902742
2022-04-21,16532,16833,16131,16282,377351,-0.015181757696727805
2022-04-22,16232,16507,15981,16107,468468,-0.010748065348237357
2022-04-25,15981,15981,15531,15531,155910,-0.03576084932017132
2022-04-26,15556,15806,15531,15531,99912,0.0
2022-04-27,15204,15379,14778,14929,209890,-0.03876118730281375
2022-04-28,15154,15154,14803,14954,83775,0.0016745930738830683
2022-04-29,14953,15279,14953,15004,110566,0.0033435870001337076
2022-05-02,15004,15004,14728,14779,80330,-0.014996001066382325
2022-05-03,14829,15054,14628,14679,97744,-0.0067663576696663785
2022-05-04,14603,14753,14127,14278,142778,-0.02731793718918185
2022-05-06,13926,14252,13876,13952,104243,-0.022832329457907252
2022-05-09,13651,13952,13325,13376,113755,-0.041284403669724745
2022-05-10,12950,13376,12474,13126,141668,-0.018690191387559785
2022-05-11,13126,13426,13025,13076,51162,-0.0038092335822033085
2022-05-12,13025,13050,12248,12349,99282,-0.055598042214744625
2022-05-13,12348,12624,12323,12474,61399,0.010122277107458055
2022-05-16,12373,13200,12373,13000,94511,0.042167708834375484
2022-05-17,12850,13176,12825,13101,69113,0.0077692307692307505
2022-05-18,13175,13526,12925,13326,123621,0.017174261506755162
2022-05-19,13325,13926,12924,13501,111019,0.013132222722497477
2022-05-20,13501,13651,13375,13451,49166,-0.0037034293756017522
2022-05-23,13526,13601,13200,13476,43453,0.0018585978737639675
2022-05-24,13451,13626,13275,13301,35936,-0.012986049272781242
2022-05-25,13301,13626,13176,13176,41187,-0.009397789639876697
2022-05-26,13126,13401,13050,13076,42129,-0.007589556769884598
2022-05-27,13175,13501,13175,13501,63911,0.03250229427959628
2022-05-30,13726,13777,13551,13777,64855,0.020442930153321992
2022-05-31,13952,13952,13526,13727,35328,-0.0036292371343543683
2022-06-02,13802,13802,13576,13627,26921,-0.007284912945290323
2022-06-03,13551,13702,13551,13627,29516,0.0
2022-06-07,13526,14854,13426,13802,638862,0.012842151610772623
2022-06-08,13851,14102,13450,13476,117102,-0.02361976525141285
2022-06-09,13376,13476,13126,13126,68747,-0.025972098545562483
2022-06-10,13125,13275,12925,12925,45630,-0.015313119000457065
2022-06-13,12775,14679,12499,12525,811010,-0.030947775628626717
2022-06-14,12048,12449,11797,11848,124711,-0.05405189620758488
2022-06-15,11748,11998,11071,11122,114711,-0.061276164753544915
2022-06-16,11296,12874,11296,11923,397947,0.07201942096745184
2022-06-17,11522,12199,11447,12124,98703,0.016858173278537336
2022-06-20,12174,12324,11272,11548,117321,-0.04750907291322992
2022-06-21,11371,11597,11271,11472,80445,-0.006581226186352596
2022-06-22,11471,11622,10971,10971,86939,-0.04367154811715479
2022-06-23,10896,11047,9994,10020,145128,-0.08668307355756089
2022-06-24,9819,10420,9819,10320,97355,0.029940119760478945
2022-06-27,10495,11171,10420,10921,60837,0.05823643410852708
2022-06-28,10921,11272,10646,11022,40228,0.009248237340902854
2022-06-29,10821,11047,10821,11022,29477,0.0
2022-06-30,10921,11021,10645,10671,44658,-0.031845400108873156
2022-07-01,10670,10846,10194,10220,40858,-0.04226408021741168
2022-07-04,10295,10620,10144,10170,48031,-0.004892367906066508
2022-07-05,10145,10571,10145,10571,33275,0.03942969518190753
2022-07-06,10495,10745,10344,10370,34409,-0.019014284362879552
2022-07-07,10420,10796,10420,10796,34673,0.041080038572806066
2022-07-08,10820,10971,10620,10871,38289,0.0069470174138570595
2022-07-11,10996,10996,10670,10821,28349,-0.004599392880139774
2022-07-12,10645,10745,10344,10370,42927,-0.04167821827927176
2022-07-13,10419,10670,10269,10445,23994,0.007232401157184265
2022-07-14,10420,11447,10370,10621,183527,0.016850167544279593
2022-07-15,10671,10796,10520,10671,32684,0.004707654646455062
2022-07-18,10695,10996,10670,10871,46462,0.018742385905725856
2022-07-19,10820,11246,10820,10846,58532,-0.002299696440069887
2022-07-20,10920,11121,10870,10971,47332,0.011524986170016627
2022-07-21,10921,11147,10871,11047,29408,0.006927353933096292
2022-07-22,11171,11246,10871,10871,38721,-0.01593192722005976
2022-07-25,11021,11021,10845,10896,16899,0.002299696440069887
2022-07-26,10771,12825,10771,11698,1897316,0.07360499265785614
2022-07-27,11597,12073,11497,11623,167878,-0.006411352367926115
2022-07-28,11673,12324,11522,11673,295281,0.004301815366084538
2022-07-29,11747,12223,11697,11848,215987,0.014991861560866848
2022-08-01,11923,12073,11797,11848,100507,0.0
2022-08-02,11798,11873,11522,11648,63382,-0.016880486158001307
2022-08-03,11648,13426,11598,12099,1522538,0.0387190934065933
2022-08-04,12098,12824,12023,12324,443834,0.01859657822960581
2022-08-05,12349,12774,12148,12274,200633,-0.004057124310288818
2022-08-08,12149,12274,11923,12024,82482,-0.020368258106566728
2022-08-09,12074,12124,11873,12024,47013,0.0
2022-08-10,11973,12023,11797,11948,42372,-0.006320691949434409
2022-08-11,11998,12148,11923,11923,45915,-0.002092400401740857
2022-08-12,11922,11998,11772,11948,22266,0.002096787721211024
2022-08-16,12023,12123,11947,11998,47178,0.004184800803481714
2022-08-17,11998,11998,11371,11422,108419,-0.04800800133355554
2022-08-18,11322,11447,11096,11122,44869,-0.026265102433899457
2022-08-19,11147,11347,11022,11022,29628,-0.008991188635137592
2022-08-22,10796,10971,10645,10796,38425,-0.02050444565414622
2022-08-23,10570,10921,10545,10596,23563,-0.018525379770285344
2022-08-24,10595,10796,10545,10646,25904,0.004718761796904447
2022-08-25,10620,11021,10620,10846,52648,0.0187863986473793
2022-08-26,10896,11021,10720,10746,43664,-0.00921998893601328
2022-08-29,10420,10445,10294,10345,42620,-0.037316210683044804
2022-08-30,10344,10520,10344,10445,23863,0.009666505558240779
2022-08-31,10369,10545,10269,10495,20501,0.00478697941598849
2022-09-01,10370,10445,10320,10320,29162,-0.016674606955693227
2022-09-02,10320,10495,10219,10245,16382,-0.007267441860465129
2022-09-05,10070,10195,10019,10045,39455,-0.019521717911176184
2022-09-06,9994,10145,9994,10095,17159,0.004977600796416182
2022-09-07,10119,10119,9893,9919,29248,-0.01743437345220411
2022-09-08,9943,10219,9943,9969,21338,0.005040830728904044
2022-09-13,10069,10170,10019,10095,20875,0.012639181462533955
2022-09-14,9793,9994,9743,9969,19620,-0.012481426448736954
2022-09-15,9893,10044,9893,9994,18310,0.002507774099709037
2022-09-16,9844,10019,9793,9819,34846,-0.01751050630378226
2022-09-19,9819,9944,9569,9569,40251,-0.025460841226194075
2022-09-20,9543,10570,9543,9694,132019,0.013063015989131621
2022-09-21,9693,9869,9693,9744,19828,0.005157829585310525
2022-09-22,9593,9744,9518,9644,29885,-0.010262725779967119
2022-09-23,9668,10320,9593,9719,103257,0.007776856076316951
2022-09-26,9543,9593,8841,8917,67268,-0.08251877765202176
2022-09-27,8791,10495,8616,8842,348411,-0.008410900527083154
2022-09-28,8817,9143,8441,8567,73515,-0.03110156073286585
2022-09-29,8616,8816,8466,8466,41955,-0.011789424536010285
2022-09-30,8140,8416,8115,8166,40185,-0.03543586109142449
2022-10-04,8215,8541,8215,8491,32443,0.03979916727896149
2022-10-05,8516,8666,8215,8316,24322,-0.0206100577081616
2022-10-06,8240,8591,8240,8391,23783,0.009018759018758926
2022-10-07,8290,8441,8240,8341,17459,-0.005958765343820782
2022-10-11,8215,8215,7614,7740,39511,-0.07205371058626064
2022-10-12,7614,7690,7414,7640,37811,-0.012919896640826822
2022-10-13,7489,7639,7189,7189,29133,-0.059031413612565475
2022-10-14,7313,7514,7288,7439,25162,0.03477535123104736
2022-10-17,7189,7590,7189,7540,16267,0.013577093695389175
2022-10-18,7739,7840,7589,7815,24385,0.036472148541114136
2022-10-19,7815,8040,7740,7740,36981,-0.009596928982725572
2022-10-20,7740,7815,7515,7515,16377,-0.029069767441860517
2022-10-21,7514,7789,7438,7489,17201,-0.003459747172322003
2022-10-24,7565,7840,7540,7540,17238,0.006809987982374199
2022-10-25,7740,7740,7539,7590,14059,0.006631299734747964
2022-10-26,7664,7664,7238,7364,22023,-0.02977602108036892
2022-10-27,7388,7664,7288,7439,26249,0.010184682237914133
2022-10-28,7438,7564,7288,7464,13031,0.003360666756284436
2022-10-31,7514,7564,7338,7489,19823,0.00334941050375126
2022-11-01,7439,7715,7439,7690,19649,0.026839364401121557
2022-11-02,7740,7740,7339,7665,17072,-0.0032509752925877766
2022-11-03,7439,7640,7414,7615,7397,-0.006523157208088715
2022-11-04,7564,8316,7439,7740,217596,0.01641497045305318
2022-11-07,7789,8916,7764,8441,384278,0.09056847545219648
2022-11-08,8541,8592,8241,8592,119699,0.01788887572562503
2022-11-09,8766,8766,8390,8441,87590,-0.017574487895716917
2022-11-10,8441,8767,8291,8517,83143,0.009003672550645714
2022-11-11,8792,8867,8566,8667,51056,0.017611835153223065
2022-11-14,8666,9442,8666,8942,372639,0.03172954886350521
2022-11-15,9017,9017,8666,8867,179312,-0.008387385372399914
2022-11-16,8842,8892,8567,8567,76086,-0.03383331453704752
2022-11-17,8491,9167,8465,8491,218977,-0.008871250145908727
2022-11-18,8516,9218,8491,9068,440037,0.06795430455776708
2022-11-21,10395,11772,10169,10871,7482945,0.19883105425672687
2022-11-22,10720,11572,10595,10946,2539242,0.0068990893202096615
2022-11-23,10695,11247,10320,11247,1108539,0.02749862963639682
2022-11-24,10971,11021,10094,10270,925637,-0.08686760914021519
2022-11-25,10295,10370,9794,10145,774402,-0.012171372930866564
2022-11-28,9969,10120,9518,9594,446466,-0.05431246919664856
2022-11-29,8992,9017,8466,8642,619283,-0.09922868459453826
2022-11-30,8667,8692,8491,8517,185623,-0.014464244387873193
2022-12-01,8516,8667,8491,8617,165104,0.011741223435481896
2022-12-02,8616,8716,8266,8266,230146,-0.0407334339097134
2022-12-05,8917,9218,8090,8166,917155,-0.012097749818533732
2022-12-06,7765,7840,7690,7690,187615,-0.05829047269164833
2022-12-07,7590,7890,7489,7540,130366,-0.01950585175552666
2022-12-08,7589,7664,7413,7489,73731,-0.0067639257294429544
2022-12-09,7514,7615,7414,7540,76369,0.006809987982374199
2022-12-12,7665,7690,7514,7565,67409,0.003315649867374093
2022-12-13,7589,7614,7464,7464,47643,-0.013350958360872411
2022-12-14,7464,7590,7439,7565,44346,0.01353161843515549
2022-12-15,7489,7615,7464,7515,41010,-0.006609385327164596
2022-12-16,7388,7564,7388,7464,33569,-0.00678642714570854
2022-12-19,7514,7514,7438,7464,40548,0.0
2022-12-20,7439,7439,7238,7289,74755,-0.023445873526259375
2022-12-21,7339,7339,7088,7189,46096,-0.013719303059404608
2022-12-22,7188,7289,7163,7264,42616,0.01043260536931423
2022-12-23,7139,7189,7013,7039,50878,-0.03097466960352424
2022-12-26,6988,7038,6838,6838,52894,-0.028555192498934456
2022-12-27,6737,6988,6562,6913,47897,0.010968119333138349
2022-12-28,6912,6988,6812,6938,29113,0.003616374945754286
2022-12-29,6913,6913,6613,6613,43439,-0.04684347074084749
2023-01-02,6612,6687,6412,6412,40309,-0.03039467715106603
2023-01-03,6287,6613,6262,6588,61230,0.027448533998752245
2023-01-04,6412,6638,6412,6638,33381,0.007589556769884709
2023-01-05,6638,6713,6537,6613,20174,-0.0037661946369388355
2023-01-06,6613,6738,6512,6613,23327,0.0
2023-01-09,6637,6838,6637,6813,48084,0.030243459851807097
2023-01-10,6837,6913,6812,6888,26187,0.011008366358432387
2023-01-11,6913,6938,6737,6888,26020,0.0
2023-01-12,6912,6988,6862,6938,23786,0.007259001161440182
2023-01-13,6988,7063,6912,6963,53282,0.0036033439031422088
2023-01-16,7013,7189,6963,7089,56135,0.018095648427401967
2023-01-17,7113,7138,6912,6963,47130,-0.01777401608125262
2023-01-18,6913,7013,6887,6913,22355,-0.007180812868016639
2023-01-19,6913,8792,6788,7565,3244000,0.09431505858527411
2023-01-20,7589,7715,7339,7665,291960,0.013218770654329193
2023-01-25,7605,7995,7394,7530,431617,-0.017612524461839585
2023-01-26,7564,8165,7484,7685,906558,0.02058432934926957
2023-01-27,7705,7730,7609,7640,92808,-0.005855562784645385
2023-01-30,7645,7765,7549,7565,67519,-0.00981675392670156
2023-01-31,7489,7695,7424,7565,71741,0.0
2023-02-01,7570,7640,7529,7540,55137,-0.0033046926635822427
2023-02-02,7545,7665,7529,7545,69463,0.0006631299734747298
2023-02-03,7589,7965,7534,7640,207530,0.012591119946984808
2023-02-06,7639,7710,7564,7670,58197,0.003926701570680535
2023-02-07,7589,7710,7589,7640,49135,-0.003911342894393766
2023-02-08,7644,7710,7639,7675,69904,0.0045811518324607725
2023-02-09,7674,8140,7659,7790,475465,0.014983713355048778
2023-02-10,7810,8115,7689,7795,299560,0.0006418485237484894
2023-02-13,7800,7865,7539,7585,94211,-0.02694034637588194
2023-02-14,7650,7685,7584,7640,45214,0.007251153592616966
2023-02-15,7609,7619,7248,7289,108061,-0.045942408376963395
2023-02-16,7258,7439,7258,7429,56289,0.01920702428316634
2023-02-17,7459,7650,7379,7555,48957,0.016960559967694078
2023-02-20,8165,9243,8080,8196,3901749,0.08484447385837202
2023-02-21,8195,8360,7925,7925,404907,-0.03306490971205467
2023-02-22,7930,8035,7625,7625,235181,-0.03785488958990535
2023-02-23,7544,7715,7544,7615,119622,-0.0013114754098361159
2023-02-24,7554,7695,7554,7575,79072,-0.005252790544977071
2023-02-27,7539,8290,7514,7920,586303,0.045544554455445585
2023-02-28,7920,7925,7764,7880,95499,-0.005050505050505083
2023-03-02,7865,7865,7614,7690,60793,-0.024111675126903598
2023-03-03,7669,7800,7664,7750,39208,0.007802340702210753
2023-03-06,7765,8166,7765,8041,151820,0.037548387096774105
2023-03-07,7965,8101,7900,8071,115900,0.0037308792438750515
2023-03-08,8050,8266,7960,8106,152748,0.004336513443191636
2023-03-09,8111,8241,7915,8081,126600,-0.003084135208487493
2023-03-10,8020,8050,7874,7880,61682,-0.02487315926246747
2023-03-13,7765,7855,7454,7620,84614,-0.032994923857868064
2023-03-14,7539,7594,6908,7364,73604,-0.03359580052493438
2023-03-15,7388,7579,7378,7499,32021,0.01833242802824553
2023-03-16,7439,7504,7248,7304,38599,-0.02600346712895052
2023-03-17,7309,7735,7264,7650,77373,0.047371303395399744
2023-03-20,7544,7805,7469,7630,65947,-0.002614379084967311
2023-03-21,7629,7860,7574,7765,68580,0.017693315858453573
2023-03-22,7855,7965,7639,7750,56223,-0.0019317450096587585
2023-03-23,7750,7960,7484,7515,57584,-0.030322580645161246
2023-03-24,7715,7715,7519,7615,31218,0.013306719893546148
2023-03-27,7544,7640,7464,7625,49445,0.0013131976362441566
2023-03-28,7624,7975,7624,7910,74495,0.037377049180327804
2023-03-29,7910,7910,7749,7870,39127,-0.005056890012642201
2023-03-30,7965,8662,7925,8632,515763,0.09682337992376122
2023-03-31,8616,9087,8546,8757,488809,0.014481000926783949
2023-04-03,8756,8776,8290,8431,111172,-0.037227360968368206
2023-04-04,8426,9002,8421,8867,203639,0.051713912940339224
2023-04-05,8867,8877,8621,8722,66850,-0.01635276869290625
2023-04-06,8637,8967,8436,8622,86601,-0.011465260261407928
2023-04-07,8672,8772,8286,8562,86477,-0.00695894224077942
2023-04-10,8466,8521,8175,8301,67535,-0.030483531885073578
2023-04-11,8220,9598,8220,9273,1156095,0.11709432598482117
2023-04-12,9368,10420,8461,8517,1742521,-0.08152701391135553
2023-04-13,8516,8767,8361,8567,262059,0.005870611717740948
2023-04-14,8591,8686,8500,8506,147467,-0.007120345511847814
2023-04-17,8461,8692,8401,8667,134923,0.018927815659534497
2023-04-18,8656,8782,8526,8692,102170,0.002884504442136837
2023-04-19,8716,8997,8666,8857,233023,0.018982972848596402
2023-04-20,8872,8942,8551,8652,116813,-0.02314553460539681
2023-04-21,8762,8762,8441,8517,83994,-0.01560332871012482
2023-04-24,8516,8661,8290,8306,74108,-0.024773981448867
2023-04-25,8306,8411,8040,8126,85422,-0.021671081146159454
2023-04-26,8121,8216,7925,8096,42774,-0.0036918533103618145
2023-04-27,8091,8101,7790,8066,35346,-0.0037055335968378955
2023-04-28,8070,8150,7914,7950,60933,-0.014381353830895116
2023-05-02,7950,8141,7900,8141,42244,0.024025157232704375
2023-05-03,8151,8186,8050,8126,29686,-0.0018425254882692421
2023-05-04,8116,8171,7955,8041,40997,-0.010460251046025104
2023-05-08,8020,8146,8000,8036,47862,-0.0006218132073124716
2023-05-09,8211,8321,7930,8181,62976,0.018043802887008464
2023-05-10,8206,8296,8055,8066,26023,-0.014056961251680766
2023-05-11,8115,8511,8090,8226,150430,0.01983635011157947
2023-05-12,8170,8226,8140,8191,29795,-0.004254801847799694
2023-05-15,8100,8190,7954,7980,36627,-0.025759980466365517
2023-05-16,7755,7990,7519,7540,152018,-0.05513784461152882
2023-05-17,7539,7715,7539,7715,31196,0.023209549071617985
2023-05-18,7765,7775,7609,7690,24144,-0.003240440699935232
2023-05-19,7714,7790,7694,7765,22191,0.00975292587776333
2023-05-22,7804,8010,7764,8005,35335,0.030907920154539692
2023-05-23,7940,8171,7940,8136,39049,0.016364772017489093
2023-05-24,8115,8316,8070,8236,55782,0.012291052114060896
2023-05-25,8276,8391,8165,8181,48508,-0.006677999028654735
2023-05-26,8265,8265,7669,8010,49544,-0.020902090209020896
2023-05-30,8190,8190,7929,7955,25157,-0.006866416978776546
2023-05-31,8015,8065,7914,7930,18935,-0.00314267756128217
2023-06-01,7940,8170,7529,7810,71545,-0.015132408575031508
2023-06-02,8005,8005,7534,7880,24214,0.008962868117797784
2023-06-05,7879,7925,7814,7910,21110,0.0038071065989848663
2023-06-07,7909,8015,7889,7955,22273,0.00568900126422256
2023-06-08,7955,8967,7814,7900,687052,-0.006913890634820841
2023-06-09,7965,8396,7945,8051,236901,0.019113924050632836
2023-06-12,8216,8216,7965,8016,37613,-0.004347286051422206
2023-06-13,8015,8065,7769,7880,53969,-0.01696606786427146
2023-06-14,7880,7965,7664,7715,60579,-0.02093908629441621
2023-06-15,7669,7795,7654,7740,33018,0.003240440699935121
2023-06-16,7764,7885,7764,7885,33906,0.018733850129198926
2023-06-19,7885,7890,7769,7820,30535,-0.008243500317057673
2023-06-20,7820,7885,7714,7760,38713,-0.007672634271099765
2023-06-21,7770,7915,7719,7750,44556,-0.0012886597938144284
2023-06-22,7720,7775,7604,7635,47296,-0.014838709677419404
2023-06-23,7615,7640,7524,7550,36201,-0.01113294040602486
2023-06-26,7550,7610,7449,7515,37467,-0.004635761589403931
2023-06-27,7514,7700,7504,7615,44220,0.013306719893546148
2023-06-28,7559,7620,7529,7610,29331,-0.0006565988181220783
2023-06-29,7634,7639,7478,7499,34303,-0.014586070959264119
2023-06-30,7478,7539,7393,7489,26604,-0.001333511134817944
2023-07-03,7539,7864,7463,7504,57030,0.002002937641874647
2023-07-04,7494,7529,7453,7469,28651,-0.004664179104477584
2023-07-05,7469,7479,7218,7264,43278,-0.027446780024099615
2023-07-06,7213,7263,7003,7003,50165,-0.03593061674008813
2023-07-07,7003,7083,6812,6923,27338,-0.011423675567613922
2023-07-10,6867,6983,6867,6968,21926,0.006500072223024622
2023-07-11,6982,7238,6967,7008,16668,0.00574052812858783
2023-07-12,7008,7008,6912,6973,21837,-0.0049942922374429655
2023-07-13,6922,7058,6922,6988,24337,0.002151154452889825
2023-07-14,6998,7003,6862,6873,29768,-0.016456783056668534
2023-07-17,6873,6928,6727,6748,34922,-0.01818710897715703
2023-07-18,6638,6748,6513,6513,63696,-0.0348251333728512
2023-07-19,6512,7739,6286,6833,403946,0.04913250422232451
2023-07-20,6768,6803,6642,6653,36034,-0.02634274842675255
2023-07-21,6652,7314,6512,6788,113670,0.02029159777543965
2023-07-24,6703,6718,6482,6523,38986,-0.039039481437831425
2023-07-25,6497,6517,6321,6362,35052,-0.024681894833665452
2023-07-26,6357,6357,5951,6102,76269,-0.04086765168186102
2023-07-27,6066,6237,6066,6122,25427,0.0032776138970829205
2023-07-28,6121,6342,6106,6277,21782,0.025318523358379696
2023-07-31,6261,6367,6206,6332,27589,0.00876214752270199
2023-08-01,6361,6457,6291,6412,25995,0.012634238787113006
2023-08-02,6412,6467,6211,6302,21850,-0.01715533374922018
2023-08-03,6412,6427,6161,6242,19167,-0.009520787051729651
2023-08-04,6241,6377,6091,6267,29048,0.0040051265619993615
2023-08-07,6307,6317,5921,6237,24042,-0.00478697941598849
2023-08-08,6262,6312,5986,6052,37182,-0.02966169632836302
2023-08-09,6102,6102,6001,6052,30745,0.0
2023-08-10,6041,6362,5946,6332,84816,0.046265697290152064
2023-08-11,6762,6762,6366,6387,132556,0.008686039166140302
2023-08-14,6386,6792,6256,6437,62873,0.007828401440425958
2023-08-16,6051,6297,6051,6097,54074,-0.05281963647661958
2023-08-17,6101,6121,5895,5996,42060,-0.016565524028210543
2023-08-18,5885,5981,5855,5906,31858,-0.015010006671114073
2023-08-21,5795,5991,5795,5911,17330,0.0008465966813409054
2023-08-22,5910,6131,5815,5956,44615,0.007612925054982345
2023-08-23,5911,6387,5896,6142,96535,0.031229012760241703
2023-08-24,6167,6207,5956,6147,20414,0.0008140670791272342
2023-08-25,6146,7012,5880,6497,503921,0.05693834390759722
2023-08-28,6502,6637,6316,6357,96300,-0.021548406957057065
2023-08-29,6296,6507,6296,6347,40612,-0.0015730690577315798
2023-08-30,6322,6382,6276,6287,25703,-0.0094532850165433
2023-08-31,6297,6297,6122,6122,30908,-0.026244631779863248
2023-09-01,6112,6162,6011,6107,24875,-0.0024501796798431785
2023-09-04,6092,6092,5971,6032,40084,-0.012280989028983114
2023-09-05,6031,6031,5965,5986,19927,-0.00762599469496017
2023-09-06,5965,6046,5915,5976,25515,-0.0016705646508520244
2023-09-07,5976,6011,5910,5921,14646,-0.009203480589022761
2023-09-08,5895,6066,5895,5966,21390,0.007600067556156054
2023-09-11,6076,6076,5930,5946,17998,-0.003352329869259152
2023-09-12,5996,5996,5875,5886,23211,-0.010090817356205872
2023-09-13,5881,5926,5835,5866,18373,-0.003397893306150146
2023-09-14,5961,5961,5840,5891,16817,0.004261847937265584
2023-09-15,5926,5966,5880,5921,13453,0.005092514004413573
2023-09-18,5921,6031,5870,5906,23888,-0.002533355852052055
2023-09-19,5941,5941,5841,5841,19757,-0.011005756857433102
2023-09-20,5811,5881,5685,5751,40671,-0.015408320493066285
2023-09-21,5721,5786,5520,5526,26872,-0.03912363067292646
2023-09-22,5525,5525,5359,5415,51596,-0.02008686210640609
2023-09-25,5595,5595,5244,5255,52047,-0.029547553093259515
2023-09-26,5275,5285,5104,5150,34339,-0.019980970504281603
2023-09-27,5125,5130,5039,5060,34435,-0.01747572815533982
2023-10-04,4979,6262,4959,5040,748811,-0.0039525691699604515
2023-10-05,5039,5310,5029,5140,81459,0.01984126984126977
2023-10-06,5139,5290,5064,5260,31184,0.023346303501945442
2023-10-10,5260,5280,5054,5065,46605,-0.03707224334600756
2023-10-11,5159,5946,5109,5360,275821,0.05824284304047378
2023-10-12,5370,5370,5244,5260,25680,-0.018656716417910446
2023-10-13,5294,5820,5294,5450,136704,0.03612167300380231
2023-10-16,5515,5555,5259,5285,22804,-0.03027522935779814
2023-10-17,5284,5350,5239,5290,16975,0.0009460737937558861
2023-10-18,5184,5535,5144,5450,33470,0.030245746691871522
2023-10-19,5435,5760,5189,5265,76740,-0.03394495412844034
2023-10-20,5510,5510,5059,5120,29689,-0.02754036087369416
2023-10-23,5220,5230,5109,5140,30212,0.00390625
2023-10-24,5410,5410,4984,5080,75565,-0.011673151750972721
2023-10-25,5070,5250,5009,5035,41003,-0.008858267716535417
2023-10-26,5035,5045,4944,5020,39356,-0.002979145978152964
2023-10-27,5019,5024,4958,4984,37157,-0.007171314741035828
2023-10-30,4999,5004,4913,4969,14946,-0.003009630818619602
2023-10-31,4999,5284,4923,4974,110755,0.0010062386798148637
2023-11-01,5090,5260,4989,5010,75468,0.007237635705669376
2023-11-02,5024,5034,4978,4994,41793,-0.003193612774451071
2023-11-03,5015,5015,4974,5010,25121,0.0032038446135362886
2023-11-06,5024,5115,5009,5055,45370,0.008982035928143617
2023-11-07,5069,5099,4973,5004,23781,-0.010089020771513302
2023-11-08,5004,5135,5004,5035,29890,0.006195043964828173
2023-11-09,5024,5054,4993,4999,25495,-0.007149950347567047
2023-11-10,5009,5009,4863,4874,49843,-0.02500500100020009
2023-11-13,4884,4924,4788,4804,27891,-0.014361920393926919
2023-11-14,4793,4824,4788,4804,39771,0.0
2023-11-15,4803,4854,4803,4819,31080,0.0031223980016652497
2023-11-16,4824,6262,4819,6262,4757350,0.29943971778377265
2023-11-17,6261,6336,5460,5460,1708452,-0.1280740977323539
2023-11-20,5470,5736,5135,5616,777037,0.02857142857142847
2023-11-21,5605,5605,5309,5335,278679,-0.050035612535612506
2023-11-22,5289,5380,5139,5335,163800,0.0
2023-11-23,5335,5370,5199,5250,91862,-0.015932521087160256
2023-11-24,5255,5330,5104,5110,122902,-0.026666666666666616
2023-11-27,5110,5205,5014,5085,94213,-0.004892367906066508
2023-11-28,5105,5105,5009,5085,49098,0.0
2023-11-29,5099,5099,4994,4994,64157,-0.017895771878072786
2023-11-30,4994,5035,4969,5020,31600,0.005206247496996497
2023-12-01,4983,5044,4978,4999,44620,-0.00418326693227089
2023-12-04,4999,4999,4923,4969,37383,-0.006001200240048021
2023-12-05,4954,5059,4923,4939,52707,-0.006037432078889071
2023-12-06,4938,4974,4918,4964,31190,0.005061753391374824
2023-12-07,4989,4989,4903,4929,37411,-0.007050765511684154
2023-12-08,4939,4954,4908,4924,32164,-0.001014404544532388
2023-12-11,4923,5039,4923,4954,25666,0.006092607636068337
2023-12-12,4953,4989,4923,4979,42521,0.005046427129592246
2023-12-13,4939,4979,4883,4919,53090,-0.012050612572805819
2023-12-14,4918,5059,4913,4924,35765,0.0010164667615368828
2023-12-15,4923,4949,4898,4929,37527,0.0010154346060113895
2023-12-18,4934,4944,4883,4909,33096,-0.004057618178129441
2023-12-19,4888,4929,4888,4914,19618,0.0010185373803217601
2023-12-20,4919,4919,4893,4904,23438,-0.0020350020350020648
2023-12-21,4909,4929,4858,4869,48440,-0.007137030995105986
2023-12-22,4884,4889,4858,4874,23951,0.0010269049086053528
2023-12-26,4844,4874,4788,4799,75219,-0.015387771850636
2023-12-27,4804,4819,4788,4799,31884,0.0
2023-12-28,4818,5109,4803,4834,362270,0.0072931860804335
2024-01-02,4853,4984,4853,4954,76011,0.02482416218452621
2024-01-03,4944,4959,4838,4944,33686,-0.002018570851836876
2024-01-04,4948,5029,4893,4959,61532,0.0030339805825243538
2024-01-05,4958,5004,4933,4964,48011,0.001008267795926665
2024-01-08,5004,5004,4888,4984,43016,0.0040290088638195165
2024-01-09,5234,5234,4943,4969,99400,-0.003009630818619602
2024-01-10,4974,4989,4928,4944,23118,-0.0050311933990742075
2024-01-11,4944,5040,4944,5015,30162,0.014360841423948223
2024-01-12,5014,5019,4933,4949,22029,-0.013160518444666036
2024-01-15,4989,4989,4883,4949,26115,0.0
2024-01-16,4924,4934,4834,4834,40090,-0.02323701757930896
2024-01-17,4869,4869,4613,4634,88698,-0.041373603640877166
2024-01-18,4588,4669,4588,4659,26668,0.005394907207596056
2024-01-19,4658,4734,4618,4669,20604,0.002146383344065139
2024-01-22,4664,4664,4533,4564,43666,-0.022488755622188883
2024-01-23,4564,4604,4533,4544,27987,-0.004382120946538115
2024-01-24,4574,4574,4493,4519,33235,-0.0055017605633802535
2024-01-25,4509,4639,4463,4509,40300,-0.002212878955521136
2024-01-26,4554,4554,4488,4514,16737,0.00110889332446229
2024-01-29,4534,4579,4508,4534,38743,0.004430660168365019
2024-01-30,4508,4784,4498,4544,43841,0.002205558006175501
2024-01-31,4619,4619,4468,4539,24389,-0.0011003521126760063
2024-02-01,4483,4584,4483,4554,18826,0.0033046926635822427
2024-02-02,4563,5009,4553,4644,171508,0.01976284584980248
2024-02-05,4679,4684,4583,4599,23237,-0.009689922480620172
2024-02-06,4599,4624,4548,4559,19496,-0.008697542944118286
2024-02-07,4529,4554,4493,4524,22534,-0.007677122175915763
2024-02-08,4519,4554,4493,4519,29419,-0.001105216622457994
2024-02-13,4518,4559,4503,4544,22875,0.005532197388802729
2024-02-14,4539,4539,4508,4529,20682,-0.00330105633802813
2024-02-15,4528,4559,4523,4534,22844,0.0011039964672112657
2024-02-16,4538,4559,4518,4554,35416,0.004411116012351224
2024-02-19,4604,4609,4558,4604,36061,0.010979358805445871
2024-02-20,4583,4784,4583,4679,75362,0.016290182450043433
2024-02-21,4678,4919,4663,4794,161488,0.024577901260953272
2024-02-22,4794,5510,4754,5235,1087416,0.0919899874843555
2024-02-23,5174,5174,4763,4964,328396,-0.05176695319961799
2024-02-26,4964,5851,4964,5295,1091175,0.06668009669621267
2024-02-27,5255,5255,4979,5115,232400,-0.03399433427762044
2024-02-28,5115,5290,4989,5085,94562,-0.0058651026392961825
2024-02-29,5085,5230,5014,5035,104751,-0.009832841691248762
2024-03-04,5059,5310,4974,5090,96243,0.010923535253227312
2024-03-05,5059,5225,5059,5140,71216,0.00982318271119853
2024-03-06,5139,5210,5009,5165,108842,0.004863813229571967
2024-03-07,5164,5230,5049,5225,94247,0.011616650532429773
2024-03-08,5229,5295,5154,5275,51738,0.009569377990430672
2024-03-11,5265,6086,5114,5746,1008653,0.08928909952606645
2024-03-12,5535,5866,5385,5761,160578,0.002610511660285475
2024-03-13,5711,6162,5611,6072,214453,0.05398368338830073
2024-03-14,6062,6172,5821,6057,175203,-0.0024703557312253377
2024-03-15,6001,6813,5996,6733,438077,0.11160640581145786
2024-03-18,7139,7765,6838,7530,895418,0.11837219664339815
2024-03-19,7589,7689,5670,5911,1319376,-0.2150066401062417
2024-03-20,5886,6407,5646,6087,447541,0.02977499577059728
2024-03-21,6086,6582,6076,6482,264694,0.06489239362575971
2024-03-22,6482,8014,6376,7484,1787765,0.15458191916075292
2024-03-25,7539,7664,6813,7174,395731,-0.0414216996258685
2024-03-26,7103,7464,6953,7229,165482,0.007666573738500215
2024-03-27,7228,7474,7013,7364,130085,0.018674782127541922
2024-03-28,7283,7508,6992,7003,106917,-0.04902227050516028
2024-03-29,7018,7514,6993,7129,85826,0.01799228901899186
2024-04-01,7128,7138,6732,6943,78308,-0.02609061579464156
2024-04-02,6862,7088,6777,6928,46720,-0.0021604493734697083
2024-04-03,6863,7189,6763,7064,54933,0.019630484988452546
2024-04-04,7028,7414,6767,7389,90180,0.04600792751981886
2024-04-05,7388,7484,6832,7459,150232,0.009473541751251924
2024-04-08,7123,7469,7123,7434,73225,-0.0033516557179246176
2024-04-09,7434,7985,7338,7925,381031,0.0660478880817863
2024-04-11,7945,8020,7659,7940,155150,0.0018927444794951676
2024-04-12,7774,7825,7314,7810,233815,-0.016372795969773257
2024-04-15,7765,8116,7369,8111,423945,0.03854033290653014
2024-04-16,8115,8281,7780,8216,490429,0.012945382813463135
2024-04-17,8215,8255,6061,6197,629337,-0.24574001947419666
2024-04-18,6763,7635,6492,7014,1246741,0.13183798612231734
2024-04-19,7214,7254,6603,7044,370670,0.004277159965782706
2024-04-22,7048,7349,6948,7054,241369,0.0014196479273140827
2024-04-23,7138,7138,6286,6487,383870,-0.08037992628295998
2024-04-24,6487,6512,6261,6347,199964,-0.0215816247880376
2024-04-25,6342,6432,6076,6302,75315,-0.007089963762407447
2024-04-26,6302,6577,6136,6247,142974,-0.008727388130752134
2024-04-29,6482,6482,6121,6202,96652,-0.007203457659676671
2024-04-30,6147,6237,6091,6112,94198,-0.014511447920025788
2024-05-02,6111,6262,5941,6212,100249,0.0163612565445026
2024-05-03,6211,6507,6086,6392,91401,0.028976175144880933
2024-05-07,6427,6462,6111,6287,90211,-0.016426783479349227
2024-05-08,6186,6472,6186,6327,65986,0.006362334976936612
2024-05-09,6312,6823,6267,6613,237765,0.045203097834676687
2024-05-10,6587,7048,6537,6793,156983,0.027219113866626232
2024-05-13,6798,6918,6542,6563,62904,-0.033858383630207545
2024-05-14,6563,6848,6512,6528,72656,-0.0053329270150845876
2024-05-16,6527,6542,6261,6407,104315,-0.018535539215686292
2024-05-17,6351,6472,6166,6362,76636,-0.007023567972530009
2024-05-20,6357,6407,6231,6312,90392,-0.007859163784973311
2024-05-21,6247,6277,6196,6202,45652,-0.017427122940430917
2024-05-22,6201,6342,6161,6232,38002,0.004837149306675226
2024-05-23,6282,6322,6057,6057,83332,-0.028080872913992305
2024-05-24,6056,6061,5845,5916,115986,-0.023278850916295224
2024-05-27,5916,6713,5916,6152,430669,0.03989181879648407
2024-05-28,6181,6512,6011,6267,460476,0.01869310793237977
2024-05-29,6322,6332,6071,6077,163323,-0.03031753630126055
2024-05-30,6076,6157,5916,6102,68887,0.004113871976304084
2024-05-31,6101,6101,5915,5961,60593,-0.023107177974434623
2024-06-03,5920,6006,5840,5971,73690,0.0016775708773695275
2024-06-04,5915,6076,5840,5971,82208,0.0
2024-06-05,5971,6386,5850,5896,451065,-0.012560710098810879
2024-06-07,5891,5911,5655,5801,78233,-0.016112618724559047
2024-06-10,5956,5956,5610,5736,69773,-0.011204964661265304
2024-06-11,5740,7013,5645,5906,2118748,0.029637377963737777
2024-06-12,6091,6697,5855,5971,1402218,0.011005756857433102
2024-06-13,6016,6467,6016,6262,921425,0.04873555518338635
2024-06-14,6322,7499,6241,7359,3602795,0.17518364739699765
2024-06-17,7358,7914,6251,6422,2659032,-0.12732708248403313
2024-06-18,5059,6762,4899,6407,4352447,-0.0023357209592027584
2024-06-19,6186,7765,6151,7239,2515406,0.12985796784766657
2024-06-20,7239,8015,7093,7710,1730584,0.06506423539162864
2024-06-21,7715,7940,7489,7685,410110,-0.003242542153047978
2024-06-24,7680,7990,7584,7635,405904,-0.006506180871828193
2024-06-25,7499,7705,7334,7635,222579,0.0
2024-06-26,7624,7700,7389,7630,179137,-0.0006548788474132206
2024-06-27,7565,7640,7104,7550,487794,-0.010484927916120546
2024-06-28,7549,7985,7243,7885,348684,0.044370860927152256
2024-07-01,7885,8471,7424,7570,776830,-0.03994927076727961
2024-07-02,7569,7664,7343,7489,204259,-0.010700132100396331
2024-07-03,7489,7609,7188,7329,134270,-0.02136466817999738
2024-07-04,7329,7374,6813,7269,250462,-0.008186655751125649
2024-07-05,7274,7514,6963,7114,125045,-0.021323428256981747
2024-07-08,7113,7269,6988,7134,105210,0.002811357885858845
2024-07-09,7133,7178,6587,7008,164083,-0.01766190075693863
2024-07-10,7008,7669,6366,6948,1040157,-0.008561643835616417
2024-07-11,7364,8712,7224,8066,4425623,0.16090961427748995
2024-07-12,8165,9744,7955,9228,5576831,0.14406149268534585
2024-07-15,9288,9573,8361,8767,1887784,-0.04995665366276547
2024-07-16,8515,8515,6947,6988,3026661,-0.20292004106307748
2024-07-17,6943,7464,6337,6813,3171343,-0.025042930738408686
2024-07-18,6732,6732,5710,5986,1770761,-0.12138558637898134
2024-07-19,5946,5946,5355,5581,1215433,-0.06765786835950549
2024-07-22,5460,5485,5129,5250,910339,-0.05930836767604375
2024-07-23,5250,5455,5019,5035,632350,-0.04095238095238096
2024-07-24,5034,5510,5004,5155,736914,0.02383316782522349
2024-07-25,5154,5815,5009,5440,1651815,0.05528612997090199
2024-07-26,5394,5550,5299,5435,359068,-0.0009191176470588758
2024-07-29,5435,6111,5149,5195,2160410,-0.04415823367065319
2024-07-30,5220,5325,5059,5110,376565,-0.016361886429258954
2024-07-31,5110,5120,4934,5015,461275,-0.018590998043052864
2024-08-01,5015,5095,4924,5010,448697,-0.0009970089730807485
2024-08-02,0,0,0,5010,0,0.0
2024-08-05,0,0,0,5010,0,0.0
2024-08-06,0,0,0,5010,0,0.0
2024-08-07,0,0,0,5010,0,0.0
2024-08-08,0,0,0,5010,0,0.0
2024-08-09,0,0,0,5010,0,0.0
2024-08-12,0,0,0,5010,0,0.0
2024-08-13,0,0,0,5010,0,0.0
2024-08-14,0,0,0,5010,0,0.0
2024-08-16,0,0,0,5010,0,0.0
2024-08-19,0,0,0,5010,0,0.0
2024-08-20,0,0,0,5010,0,0.0
2024-08-21,0,0,0,5010,0,0.0
2024-08-22,0,0,0,5010,0,0.0
2024-08-23,0,0,0,5010,0,0.0
2024-08-26,0,0,0,5010,0,0.0
2024-08-27,5010,5180,3855,3980,2142302,-0.2055888223552894
2024-08-28,3900,3995,3755,3765,404171,-0.0540201005025126
2024-08-29,3660,3800,3360,3540,504271,-0.05976095617529875
2024-08-30,3510,3600,3235,3245,360595,-0.08333333333333337
2024-09-02,3250,3250,3010,3095,309607,-0.046224961479198745
2024-09-03,3070,3230,3010,3115,236293,0.00646203554119551
2024-09-04,3030,3070,2955,2985,154728,-0.0417335473515249
2024-09-05,2985,3060,2950,2970,78809,-0.005025125628140725
2024-09-06,2975,3760,2970,3380,2634839,0.13804713804713797
2024-09-09,3285,3335,3170,3180,241113,-0.059171597633136064
2024-09-10,3180,3185,2985,2985,206472,-0.061320754716981174
2024-09-11,2990,3365,2990,3100,672720,0.038525963149078635
2024-09-12,3110,3275,3100,3200,160219,0.032258064516129004
2024-09-13,3200,3230,3070,3075,120013,-0.0390625
2024-09-19,3100,3270,3090,3115,137338,0.01300813008130075
2024-09-20,3190,3190,3035,3060,151407,-0.017656500802568198
2024-09-23,3045,3070,2995,3020,97738,-0.013071895424836555
2024-09-24,3040,3065,2995,3020,88321,0.0
2024-09-25,3005,3045,2990,3010,131478,-0.0033112582781457123
2024-09-26,3040,3055,2975,3040,104801,0.009966777408637828
2024-09-27,3015,3050,2995,3000,101663,-0.013157894736842146
2024-09-30,3000,3295,2880,2970,828577,-0.010000000000000009
2024-10-02,2935,2970,2880,2885,122209,-0.028619528619528656
2024-10-04,2895,2900,2755,2770,129929,-0.03986135181975736
2024-10-07,2770,2790,2735,2760,75754,-0.0036101083032491488
2024-10-08,2760,2895,2735,2770,137492,0.0036231884057971175
2024-10-10,2770,2780,2685,2690,107853,-0.028880866425992746
2024-10-11,2665,2785,2655,2700,116111,0.0037174721189590088
2024-10-14,2670,3180,2650,2740,1564163,0.014814814814814836
2024-10-15,2740,2790,2590,2670,207589,-0.025547445255474477
2024-10-16,2670,2670,2590,2605,84372,-0.02434456928838946
2024-10-17,2560,2590,2545,2560,102917,-0.017274472168905985
2024-10-18,2560,2590,2540,2550,52123,-0.00390625
2024-10-21,2535,2620,2525,2575,45606,0.009803921568627416
2024-10-22,2550,2570,2450,2485,113144,-0.03495145631067964
2024-10-23,2485,2560,2425,2530,55746,0.01810865191146882
2024-10-24,2530,2540,2415,2435,87905,-0.03754940711462451
2024-10-25,2435,2980,2435,2520,947472,0.03490759753593431
2024-10-28,2575,2950,2535,2915,1097053,0.15674603174603186
2024-10-29,2860,3200,2770,3200,929410,0.097770154373928
2024-10-30,3175,3230,3015,3065,224817,-0.042187500000000044
2024-10-31,2990,3050,2820,2920,163874,-0.047308319738988636
2024-11-01,2920,2970,2815,2970,71688,0.017123287671232834
2024-11-04,2970,2970,2880,2900,69884,-0.023569023569023573
2024-11-05,2840,2990,2840,2955,95668,0.018965517241379404
2024-11-06,2930,3045,2890,3030,109437,0.025380710659898442
2024-11-07,3020,3020,2920,2950,61394,-0.02640264026402639
2024-11-08,2930,3130,2930,3090,107760,0.047457627118643986
2024-11-11,3090,3130,2845,2985,98712,-0.03398058252427183
2024-11-12,2985,2990,2885,2935,84422,-0.01675041876046901
2024-11-13,2875,2935,2725,2740,64353,-0.06643952299829647
2024-11-14,2740,2900,2715,2725,55782,-0.005474452554744547
2024-11-15,2705,2845,2705,2810,44140,0.031192660550458662
2024-11-18,2785,3090,2785,3065,198904,0.09074733096085419
2024-11-19,3065,3225,2980,3060,130288,-0.0016313213703099683
2024-11-20,3000,3185,2955,3100,87142,0.013071895424836555
2024-11-21,3190,3190,3020,3070,74698,-0.009677419354838679
2024-11-22,3070,3110,2835,2900,191949,-0.055374592833876246
2024-11-25,2880,3000,2860,2980,128977,0.02758620689655178
2024-11-26,2980,3045,2915,3040,79513,0.020134228187919545
2024-11-27,3035,3195,2980,3145,125944,0.03453947368421062
2024-11-28,3110,3145,2925,3135,140317,-0.0031796502384737746
2024-11-29,3140,3285,3110,3250,331343,0.03668261562998398
2024-12-02,3715,3740,3245,3300,923722,0.01538461538461533
2024-12-03,3300,3305,3075,3120,211608,-0.054545454545454564
2024-12-04,3035,3095,2970,3045,121309,-0.024038461538461564
2024-12-05,3040,3155,3005,3055,65972,0.003284072249589487
2024-12-06,3050,3080,2860,2910,125274,-0.04746317512274956
2024-12-09,2910,2910,2620,2620,120548,-0.09965635738831613
2024-12-10,2620,2835,2620,2720,128419,0.03816793893129766
2024-12-11,2600,3015,2600,2950,218463,0.08455882352941169
2024-12-12,2980,3010,2825,2860,70094,-0.03050847457627115
2024-12-13,2835,3145,2830,3025,133765,0.05769230769230771
2024-12-16,3030,3145,2950,2965,160683,-0.01983471074380161
2024-12-17,3000,3005,2830,2865,115016,-0.033726812816188834
2024-12-18,2865,2950,2840,2930,78504,0.022687609075043635
2024-12-19,2930,2930,2820,2855,46941,-0.025597269624573427
2024-12-20,2855,2880,2745,2765,61967,-0.031523642732048995
2024-12-23,2760,2830,2735,2765,39603,0.0
2024-12-24,2775,2835,2710,2710,42925,-0.019891500904159143
2024-12-26,2750,3020,2750,2860,200786,0.05535055350553497
2024-12-27,2700,2800,2600,2620,183155,-0.08391608391608396
2024-12-30,2580,2675,2540,2670,61074,0.01908396946564883
2025-01-02,2670,2720,2670,2705,61219,0.013108614232209659
2025-01-03,2715,2740,2675,2700,47999,-0.001848428835489857
2025-01-06,2700,2715,2650,2670,69484,-0.011111111111111072
2025-01-07,2930,2930,2700,2710,96693,0.014981273408239737
2025-01-08,2715,2720,2665,2705,50224,-0.0018450184501844769
2025-01-09,2735,2735,2680,2700,36854,-0.001848428835489857
2025-01-10,2690,2735,2675,2690,33050,-0.0037037037037036535
2025-01-13,2690,2725,2635,2665,52231,-0.009293680297397744
2025-01-14,2715,2715,2535,2655,35017,-0.0037523452157598447
2025-01-15,2710,2710,2610,2615,28531,-0.015065913370998163
2025-01-16,2620,2715,2575,2615,49531,0.0
2025-01-17,2615,2625,2520,2550,70245,-0.0248565965583174
2025-01-20,2580,2605,2535,2550,75393,0.0
2025-01-21,2600,2615,2490,2555,95688,0.0019607843137254832
2025-01-22,2580,2580,2470,2480,81501,-0.02935420743639927
2025-01-23,2475,2475,2300,2325,177462,-0.0625
2025-01-24,2325,2435,2325,2420,64536,0.04086021505376336
2025-01-31,2415,2415,2295,2365,46707,-0.022727272727272707
2025-02-03,2345,2350,2150,2195,98432,-0.07188160676532773
2025-02-04,2295,2380,2130,2265,69807,0.03189066059225509
2025-02-05,2250,2300,2250,2285,22889,0.008830022075055233
2025-02-06,2275,2485,2275,2370,86804,0.03719912472647713
2025-02-07,2345,2410,2285,2300,73543,-0.029535864978902926
2025-02-10,2320,2450,2260,2415,113911,0.050000000000000044
2025-02-11,2465,2695,2435,2625,317345,0.08695652173913038
2025-02-12,2560,2620,2490,2520,62034,-0.040000000000000036
2025-02-13,2515,2540,2460,2505,35319,-0.005952380952380931
2025-02-14,2480,2520,2465,2520,23533,0.0059880239520957446
2025-02-17,2520,2565,2500,2535,27110,0.005952380952380931
2025-02-18,2535,2770,2475,2760,229064,0.08875739644970415
2025-02-19,2715,2900,2710,2770,206200,0.0036231884057971175
2025-02-20,2735,2800,2715,2720,58790,-0.018050541516245522
2025-02-21,2725,2800,2690,2770,31152,0.018382352941176405
2025-02-24,2770,2790,2650,2700,76910,-0.02527075812274371
2025-02-25,2610,2675,2610,2665,43737,-0.012962962962962954
2025-02-26,2730,2730,2635,2685,27357,0.007504690431519689
2025-02-27,2685,2710,2630,2635,26971,-0.01862197392923648
2025-02-28,2630,2630,2560,2570,41853,-0.024667931688804545
2025-03-04,2570,2690,2465,2495,51201,-0.029182879377431914
2025-03-05,2500,2535,2470,2475,47016,-0.008016032064128265
2025-03-06,2480,2505,2400,2415,46716,-0.024242424242424288
2025-03-07,2425,2430,2325,2325,54503,-0.037267080745341574
2025-03-10,2325,2350,2250,2290,39243,-0.01505376344086018
2025-03-11,2290,2335,2210,2260,40914,-0.013100436681222738
2025-03-12,2260,2320,2245,2260,34447,0.0
2025-03-13,2260,2290,2245,2260,23091,0.0
2025-03-14,2375,2375,2140,2185,105684,-0.0331858407079646
2025-03-17,2240,2255,2175,2180,35953,-0.0022883295194507935
2025-03-18,2210,2220,2170,2180,28445,0.0
2025-03-19,2210,2210,2135,2145,56501,-0.016055045871559592
2025-03-20,2175,2175,2110,2115,31110,-0.013986013986013957
2025-03-21,2115,2130,1991,1992,167779,-0.0581560283687943
2025-03-24,1992,2015,1982,1984,41492,-0.004016064257028162
2025-03-25,1981,1998,1918,1924,65559,-0.030241935483870996
2025-03-26,1920,1984,1909,1924,35989,0.0
2025-03-27,1933,1933,1895,1897,36936,-0.014033264033263992
2025-03-28,1880,1895,1700,1767,91332,-0.06852925672113863
2025-03-31,1768,1831,1760,1795,51662,0.015846066779852785
2025-04-01,1840,1880,1799,1876,71757,0.04512534818941494
2025-04-02,1945,2195,1903,2020,438634,0.07675906183368864
2025-04-03,2020,2060,1892,2055,136611,0.017326732673267342
2025-04-04,1970,2165,1892,2060,216751,0.0024330900243310083
2025-04-07,2045,2045,1964,1999,39980,-0.029611650485436902
2025-04-08,1983,2040,1981,1996,25631,-0.0015007503751875984
2025-04-09,2040,2040,1937,1937,31116,-0.029559118236472948
2025-04-10,1937,2060,1937,2020,82476,0.04284976768198234
2025-04-11,2020,2025,1980,2020,43030,0.0
2025-04-14,2000,2045,1996,2040,52077,0.00990099009900991
2025-04-15,2040,2170,2020,2115,82986,0.03676470588235303
2025-04-16,2155,2155,2090,2090,40250,-0.011820330969267157
2025-04-17,2090,2195,2085,2115,37881,0.011961722488038173
2025-04-18,2100,2140,2060,2115,32656,0.0
2025-04-21,2115,2210,2095,2205,84337,0.042553191489361764
2025-04-22,2200,2240,2140,2205,35083,0.0
2025-04-23,2220,2330,2180,2240,73826,0.015873015873015817
2025-04-24,2225,2430,2225,2340,165597,0.044642857142857206
2025-04-25,2340,2440,2295,2390,96609,0.02136752136752129
2025-04-28,2360,2440,2340,2340,64076,-0.02092050209205021
2025-04-29,2365,2365,2235,2310,30724,-0.012820512820512775
2025-04-30,2305,2330,2260,2280,16780,-0.012987012987012991
2025-05-02,2280,2280,2225,2230,23072,-0.021929824561403466
2025-05-07,2205,2275,2200,2235,17752,0.0022421524663676085
2025-05-08,2225,2280,2210,2250,31004,0.006711409395973256
2025-05-09,2250,2250,2190,2200,18958,-0.022222222222222254
2025-05-12,2155,2200,2120,2135,29422,-0.02954545454545454
2025-05-13,2105,2135,2055,2095,50283,-0.0187353629976581
2025-05-14,2095,2190,2090,2170,37516,0.03579952267303099
2025-05-15,2200,2250,2135,2140,24495,-0.01382488479262678
2025-05-16,2140,2155,2050,2060,69537,-0.03738317757009346
2025-05-19,2060,2180,2060,2145,47043,0.04126213592233019
2025-05-20,2170,2275,2165,2260,82075,0.053613053613053685
2025-05-21,2260,2310,2195,2230,33651,-0.013274336283185861
2025-05-22,2240,2240,2120,2125,48455,-0.047085201793722
2025-05-23,2125,2130,2065,2065,40869,-0.028235294117647025
2025-05-26,2085,2085,2025,2025,41971,-0.01937046004842613
2025-05-27,2025,2100,2025,2045,25509,0.009876543209876631
2025-05-28,2045,2140,2045,2100,52869,0.02689486552567244
2025-05-29,2100,2330,2100,2240,272897,0.06666666666666665
2025-05-30,2300,2750,2275,2510,891343,0.12053571428571419
2025-06-02,2490,2680,2300,2655,266354,0.05776892430278879
2025-06-04,2700,2755,2600,2645,131988,-0.0037664783427495685
2025-06-05,2630,2750,2630,2710,224075,0.02457466918714557
2025-06-09,2710,2785,2645,2760,98903,0.01845018450184499
2025-06-10,2780,2800,2570,2680,135406,-0.02898550724637683
2025-06-11,2680,2680,2490,2510,110053,-0.06343283582089554
2025-06-12,2510,2510,2415,2440,52130,-0.027888446215139417
2025-06-13,2440,2440,2310,2345,74080,-0.03893442622950816
2025-06-16,2370,2370,2300,2335,50233,-0.004264392324093813
2025-06-17,2335,2460,2295,2355,49825,0.008565310492505418
2025-06-18,2345,2415,2300,2345,30616,-0.00424628450106157
2025-06-19,2345,2350,2245,2260,56058,-0.03624733475479747
2025-06-20,2260,2295,2200,2225,56032,-0.015486725663716783
2025-06-23,2295,2295,2195,2210,53387,-0.006741573033707815
2025-06-24,2210,2280,2200,2255,59510,0.020361990950226172
2025-06-25,2275,2275,2215,2240,27850,-0.006651884700665134
2025-06-26,2250,2250,2155,2185,34974,-0.024553571428571397
2025-06-27,2030,2180,2030,2100,128481,-0.0389016018306636
2025-06-30,2105,2185,2050,2135,47413,0.016666666666666607
2025-07-01,2140,2150,2065,2100,39398,-0.016393442622950838
2025-07-02,2085,2205,2080,2180,51562,0.03809523809523818
2025-07-03,2180,2215,2145,2190,66264,0.004587155963302836
2025-07-04,2190,2260,2170,2215,52892,0.011415525114155223
2025-07-07,2240,2240,2190,2210,18103,-0.0022573363431150906
2025-07-08,2210,2240,2170,2180,25535,-0.013574660633484115
2025-07-09,2180,2195,2150,2170,21168,-0.004587155963302725
2025-07-10,2200,2200,2150,2160,18490,-0.004608294930875556
2025-07-11,2160,2210,2150,2175,34885,0.00694444444444442
2025-07-14,2175,2190,2110,2150,15120,-0.011494252873563204
2025-07-15,2150,2165,2130,2145,21805,-0.0023255813953488857
2025-07-16,2130,2140,2075,2085,42051,-0.027972027972028024
2025-07-17,2085,2150,2075,2115,34957,0.014388489208633004
2025-07-18,2115,2115,2085,2105,25477,-0.004728132387706863
2025-07-21,2105,2130,2065,2095,33386,-0.004750593824228044
2025-07-22,2095,2095,2030,2065,46902,-0.014319809069212375
2025-07-23,2065,2065,1999,2010,66017,-0.0266343825665859
2025-07-24,2035,2035,1996,2020,43317,0.004975124378109541
2025-07-25,2015,2030,1999,2005,20824,-0.007425742574257432
2025-07-28,2005,2005,1971,1980,65547,-0.012468827930174564
2025-07-29,2090,2090,1955,1989,41760,0.00454545454545463
2025-07-30,1989,2010,1965,1972,38272,-0.008547008547008517
2025-07-31,1981,1995,1943,1955,43528,-0.008620689655172376
2025-08-01,1955,1979,1855,1870,111372,-0.04347826086956519
2025-08-04,1870,2030,1846,1898,35045,0.014973262032085488
2025-08-05,1900,1963,1898,1932,28953,0.017913593256059013
2025-08-06,1932,2010,1930,1945,32004,0.006728778467908869
2025-08-07,1945,2485,1925,2055,3315057,0.05655526992287907
2025-08-08,2040,2435,2035,2230,1957811,0.08515815085158152
2025-08-11,2200,2635,2175,2465,2244866,0.10538116591928248
2025-08-12,2490,2550,2305,2400,647500,-0.026369168356997985
2025-08-13,2400,2405,2280,2355,180630,-0.018750000000000044
2025-08-14,2330,2395,2245,2265,217087,-0.03821656050955413
2025-08-18,2300,2525,2300,2415,461315,0.0662251655629138
2025-08-19,2450,2450,2165,2230,182020,-0.07660455486542439
2025-08-20,2225,2420,2115,2160,832033,-0.03139013452914796
2025-08-21,2160,2185,2110,2140,84266,-0.0092592592592593
2025-08-22,2170,2180,2080,2120,86635,-0.009345794392523366
2025-08-25,2130,2175,2100,2125,86963,0.002358490566037652
2025-08-26,2110,2180,2020,2045,63172,-0.03764705882352937
2025-08-27,2050,2290,2050,2150,256909,0.05134474327628369
2025-08-28,2130,2165,2080,2120,40506,-0.013953488372092981
2025-08-29,2095,2150,2075,2135,34772,0.007075471698113178
2025-09-01,2130,2130,1996,2020,120771,-0.05386416861826693
2025-09-02,2020,2225,2000,2185,175686,0.08168316831683176
2025-09-03,2400,2400,2185,2260,175690,0.034324942791762014
2025-09-04,2260,2290,2070,2100,207259,-0.07079646017699115
2025-09-05,2100,2105,2060,2095,28800,-0.0023809523809523725
2025-09-08,2095,2200,2085,2120,77414,0.01193317422434359
2025-09-09,2100,2120,2085,2105,21179,-0.007075471698113178
2025-09-10,2100,2135,2070,2090,28588,-0.0071258907363420665
2025-09-11,2090,2140,2060,2090,40283,0.0
2025-09-12,2130,2175,2060,2065,61482,-0.011961722488038284
2025-09-15,2070,2120,2005,2065,28284,0.0
2025-09-16,2065,2065,1995,2030,94394,-0.016949152542372836
2025-09-17,2030,2085,1966,2055,72620,0.012315270935960632
2025-09-18,2055,2110,2015,2100,34586,0.021897810218978186
2025-09-19,2100,2130,2070,2090,28462,-0.004761904761904745
2025-09-22,2100,2100,2040,2070,34028,-0.009569377990430672
2025-09-23,2090,2090,2010,2025,42531,-0.021739130434782594
2025-09-24,2030,2040,1996,2040,50626,0.007407407407407307
2025-09-25,2040,2365,1920,2045,296543,0.002450980392156854
2025-09-26,2055,2060,1991,2005,50388,-0.019559902200488977
2025-09-29,2005,2035,1980,1996,23213,-0.0044887780548628076
2025-09-30,2030,2030,1968,1977,29740,-0.009519038076152286
2025-10-01,1977,2015,1790,1956,40437,-0.01062215477996964
2025-10-02,1956,2000,1930,1985,20874,0.014826175869120606
2025-10-10,1980,1985,1900,1923,62585,-0.031234256926952142
2025-10-13,1890,1949,1867,1928,45732,0.0026001040041601087
2025-10-14,1920,1992,1870,1897,63823,-0.016078838174273913
2025-10-15,1897,1936,1879,1895,50544,-0.0010542962572482883
2025-10-16,1905,1905,1850,1873,97020,-0.011609498680738795
2025-10-17,1877,1920,1841,1902,119726,0.015483182060864964
2025-10-20,1880,1903,1844,1849,52180,-0.02786540483701372
2025-10-21,1864,1864,1820,1831,46835,-0.009734991887506705
2025-10-22,1825,1990,1819,1970,174479,0.07591480065537959
2025-10-23,1976,1976,1930,1940,32111,-0.015228426395939132
2025-10-24,1936,1980,1930,1960,37360,0.010309278350515427
2025-10-27,1979,1979,1940,1946,28071,-0.0071428571428571175
2025-10-28,1911,1990,1911,1928,72753,-0.009249743062692661
2025-10-29,1929,1980,1855,1864,81488,-0.03319502074688796
2025-10-30,1864,1899,1847,1866,79758,0.0010729613733906351
2025-10-31,1900,2130,1770,1800,303855,-0.03536977491961413
2025-11-03,1786,1896,1786,1870,123773,0.03888888888888897
2025-11-04,1875,1875,1826,1861,49533,-0.004812834224598883
2025-11-05,1861,1894,1830,1847,41858,-0.007522837184309461
2025-11-06,1876,1876,1808,1816,31336,-0.01678397401191123
2025-11-07,1816,2095,1815,1985,506613,0.0930616740088106
2025-11-10,1985,2180,1953,2100,386740,0.057934508816120944
2025-11-11,2100,2365,2100,2250,506880,0.0714285714285714
2025-11-12,2245,2310,2120,2250,88221,0.0
