Date,Open,High,Low,Close,Volume,Change
2022-01-03,7920,7970,7870,7890,15341,-0.007547169811320753
2022-01-04,7990,7990,7860,7930,12049,0.005069708491761693
2022-01-05,7950,8150,7810,7910,33314,-0.0025220680958385477
2022-01-06,7850,8300,7820,8250,104048,0.04298356510745882
2022-01-07,8310,8310,8050,8150,39403,-0.012121212121212088
2022-01-10,8280,8290,7940,7990,24355,-0.019631901840490795
2022-01-11,7980,7980,7620,7720,37267,-0.03379224030037542
2022-01-12,7800,7940,7680,7840,15070,0.015544041450777257
2022-01-13,7840,7950,7710,7830,12437,-0.0012755102040816757
2022-01-14,7870,7870,7720,7730,11862,-0.012771392081736943
2022-01-17,7750,7770,7400,7480,24833,-0.03234152652005173
2022-01-18,7400,7570,7300,7320,19432,-0.021390374331550777
2022-01-19,7320,7500,7000,7290,22609,-0.004098360655737654
2022-01-20,7330,7540,7300,7530,17764,0.03292181069958855
2022-01-21,7520,7890,7440,7570,23422,0.005312084993359889
2022-01-24,7570,7700,7300,7320,14128,-0.03302509907529727
2022-01-25,7010,7310,6870,7000,67394,-0.04371584699453557
2022-01-26,6720,7190,6720,7090,25234,0.0128571428571429
2022-01-27,6970,7100,6720,6900,42765,-0.026798307475317307
2022-01-28,6830,7010,6700,7000,26678,0.01449275362318847
2022-02-03,7000,7250,7000,7160,18958,0.02285714285714291
2022-02-04,7160,7310,7150,7270,15959,0.015363128491620026
2022-02-07,7280,7370,7080,7250,10023,-0.0027510316368638543
2022-02-08,7400,7430,7190,7330,14363,0.011034482758620623
2022-02-09,7390,7420,7270,7420,21886,0.012278308321964637
2022-02-10,7400,7550,7270,7360,26865,-0.008086253369272267
2022-02-11,7360,7580,7210,7500,22629,0.01902173913043481
2022-02-14,7490,7490,7050,7100,37815,-0.053333333333333344
2022-02-15,7100,9130,7100,7410,2949135,0.04366197183098586
2022-02-16,7340,7540,7110,7540,189591,0.01754385964912286
2022-02-17,7590,7690,7310,7400,185969,-0.018567639257294433
2022-02-18,7250,7580,7250,7450,90673,0.006756756756756799
2022-02-21,7460,7640,7450,7460,89319,0.0013422818791946067
2022-02-22,7460,7870,7360,7390,295263,-0.009383378016085797
2022-02-23,7410,7570,7350,7390,83801,0.0
2022-02-24,7420,7650,7040,7140,218631,-0.03382949932341006
2022-02-25,7150,7250,7060,7130,77718,-0.0014005602240896309
2022-02-28,7130,7180,7020,7090,26761,-0.005610098176718092
2022-03-02,7090,7280,7090,7200,54423,0.015514809590973178
2022-03-03,7240,7240,7160,7200,40595,0.0
2022-03-04,7240,7650,7170,7200,379388,0.0
2022-03-07,7290,7740,7240,7700,529443,0.06944444444444442
2022-03-08,7700,7700,7160,7170,307556,-0.0688311688311688
2022-03-10,5320,6140,5020,5820,1950605,-0.18828451882845187
2022-03-11,5790,5790,5370,5690,302667,-0.022336769759450203
2022-03-14,5700,5960,5550,5650,185913,-0.007029876977152849
2022-03-15,5650,5740,5600,5740,57706,0.015929203539823078
2022-03-16,5800,5840,5690,5790,77338,0.008710801393728262
2022-03-17,5970,6350,5840,6160,175852,0.06390328151986191
2022-03-18,6350,6350,6040,6140,89537,-0.0032467532467532756
2022-03-21,6190,6460,6170,6400,91825,0.04234527687296419
2022-03-22,6400,6560,6280,6490,157245,0.014062500000000089
2022-03-23,6500,6500,6370,6440,79831,-0.007704160246533087
2022-03-24,6480,6690,6320,6400,83309,-0.006211180124223614
2022-03-25,6500,6520,6380,6390,75024,-0.0015625000000000222
2022-03-28,6390,6390,6160,6200,77233,-0.029733959311424085
2022-03-29,6450,6450,6130,6260,58812,0.00967741935483879
2022-03-30,6370,6370,6210,6230,27737,-0.004792332268370614
2022-03-31,6320,6450,6240,6400,63473,0.02728731942215079
2022-04-01,6400,6450,6300,6380,39892,-0.0031250000000000444
2022-04-04,6380,6460,6350,6440,28855,0.00940438871473348
2022-04-05,6440,6750,6410,6730,134700,0.045031055900621064
2022-04-06,6730,6730,6540,6660,40141,-0.010401188707280795
2022-04-07,6650,6650,6400,6460,45415,-0.03003003003003002
2022-04-08,6240,6560,6240,6400,36417,-0.009287925696594423
2022-04-11,6400,6590,6340,6490,30535,0.014062500000000089
2022-04-12,6140,6440,6140,6300,47338,-0.02927580893682591
2022-04-13,6300,6300,6200,6280,57877,-0.0031746031746031633
2022-04-14,6350,6510,6300,6420,47110,0.022292993630573354
2022-04-15,6420,6480,6360,6420,35365,0.0
2022-04-18,6380,6580,6380,6580,46965,0.024922118380062308
2022-04-19,6590,7120,6530,6870,322784,0.04407294832826758
2022-04-20,6920,7050,6830,6830,110210,-0.005822416302765698
2022-04-21,6830,6850,6580,6690,60790,-0.020497803806734938
2022-04-22,6640,7040,6530,7010,171589,0.04783258594917794
2022-04-25,6980,7670,6860,7070,644561,0.008559201141226769
2022-04-26,7000,7040,6620,6830,182809,-0.0339462517680339
2022-04-27,6660,6830,6300,6550,127663,-0.040995607613469986
2022-04-28,6550,6600,6390,6510,62086,-0.006106870229007688
2022-04-29,6530,6650,6480,6520,45081,0.001536098310291889
2022-05-02,6490,6850,6410,6680,82633,0.024539877300613577
2022-05-03,6700,6950,6600,6930,73752,0.03742514970059885
2022-05-04,6930,6970,6590,6600,70863,-0.04761904761904767
2022-05-06,6600,6600,6420,6460,41055,-0.021212121212121238
2022-05-09,6380,6430,6240,6290,50681,-0.02631578947368418
2022-05-10,6250,6270,6140,6160,34900,-0.020667726550079535
2022-05-11,6100,6260,6100,6180,19276,0.0032467532467532756
2022-05-12,5930,6340,5930,5980,50604,-0.032362459546925515
2022-05-13,6010,6130,5990,6110,21448,0.021739130434782705
2022-05-16,6110,6390,6110,6360,76660,0.04091653027823239
2022-05-17,6590,6750,6360,6430,106721,0.011006289308176154
2022-05-18,6410,6490,6370,6440,31198,0.0015552099533437946
2022-05-19,6200,6420,6200,6350,20653,-0.013975155279503104
2022-05-20,6300,6450,6300,6330,18081,-0.0031496062992125706
2022-05-23,6340,6360,6120,6230,41432,-0.01579778830963663
2022-05-24,6280,6390,6140,6260,35120,0.0048154093097914075
2022-05-25,6190,6280,6160,6180,14328,-0.012779552715655007
2022-05-26,6220,6300,6190,6250,13191,0.01132686084142387
2022-05-27,6300,6400,6200,6380,37897,0.02079999999999993
2022-05-30,6390,6640,6370,6640,66132,0.040752351097178785
2022-05-31,6610,6700,6570,6620,41966,-0.003012048192771122
2022-06-02,6530,6650,6500,6550,16179,-0.010574018126888185
2022-06-03,6540,6750,6490,6710,43822,0.02442748091603053
2022-06-07,6720,6830,6650,6760,33561,0.007451564828613977
2022-06-08,6720,6980,6720,6830,55299,0.010355029585798814
2022-06-09,6830,6950,6600,6600,19241,-0.03367496339677889
2022-06-10,6620,6620,6470,6580,17839,-0.00303030303030305
2022-06-13,6550,6550,6280,6280,29051,-0.045592705167173286
2022-06-14,6210,6230,6030,6200,36825,-0.01273885350318471
2022-06-15,6160,6200,5850,5920,41060,-0.04516129032258065
2022-06-16,5920,6140,5800,5880,34946,-0.006756756756756799
2022-06-17,5880,5880,5570,5730,23393,-0.025510204081632626
2022-06-20,5740,5790,5280,5290,49937,-0.07678883071553233
2022-06-21,5320,5500,5310,5440,22649,0.02835538752362954
2022-06-22,5480,5630,5080,5110,43858,-0.06066176470588236
2022-06-23,5110,5160,4720,4720,59885,-0.07632093933463802
2022-06-24,4555,5080,4555,4970,60220,0.052966101694915224
2022-06-27,5130,5190,5000,5160,27377,0.03822937625754519
2022-06-28,5160,5490,5110,5490,38919,0.06395348837209291
2022-06-29,5320,5490,5250,5490,31340,0.0
2022-06-30,5630,5710,5200,5450,40967,-0.007285974499089298
2022-07-01,5420,5430,5080,5370,21176,-0.014678899082568808
2022-07-04,5340,5340,4850,5220,70252,-0.027932960893854775
2022-07-05,5120,5280,5110,5240,24511,0.003831417624521105
2022-07-06,5380,5380,5100,5300,26847,0.011450381679389388
2022-07-07,5300,5360,5170,5340,16175,0.007547169811320753
2022-07-08,5390,5440,5270,5300,8454,-0.0074906367041198685
2022-07-11,5300,5410,5150,5330,12279,0.005660377358490676
2022-07-12,5330,5350,5180,5310,13519,-0.0037523452157598447
2022-07-13,5230,5500,5220,5350,20026,0.007532956685499137
2022-07-14,5400,5400,5250,5350,7568,0.0
2022-07-15,5290,5390,5290,5340,11530,-0.0018691588785046953
2022-07-18,5580,5690,5410,5500,62564,0.029962546816479474
2022-07-19,5500,5650,5410,5590,19438,0.016363636363636358
2022-07-20,5600,5710,5580,5600,21794,0.0017889087656528524
2022-07-21,5610,5670,5570,5630,8921,0.005357142857142838
2022-07-22,5630,5700,5580,5620,8870,-0.001776198934280604
2022-07-25,5560,5650,5560,5620,6072,0.0
2022-07-26,5620,5620,5540,5550,7308,-0.01245551601423489
2022-07-27,5510,5550,5480,5530,9609,-0.003603603603603567
2022-07-28,5560,5630,5500,5540,7893,0.001808318264014508
2022-07-29,5540,5600,5480,5480,14997,-0.010830324909747335
2022-08-01,5550,5610,5410,5600,10086,0.021897810218978186
2022-08-02,5600,5620,5480,5530,9080,-0.012499999999999956
2022-08-03,5490,5560,5420,5550,14881,0.003616636528029016
2022-08-04,5550,5640,5550,5570,12495,0.003603603603603567
2022-08-05,5620,5680,5510,5660,17557,0.016157989228007263
2022-08-08,5650,5740,5590,5700,10323,0.007067137809187329
2022-08-09,5730,6640,5730,6010,273689,0.05438596491228065
2022-08-10,6040,6040,5890,5930,24659,-0.01331114808652245
2022-08-11,5900,6070,5870,5940,30028,0.001686340640809414
2022-08-12,5940,6030,5940,6000,22579,0.010101010101010166
2022-08-16,5990,6040,5900,5930,13942,-0.011666666666666714
2022-08-17,5910,5920,5670,5920,26654,-0.001686340640809414
2022-08-18,5800,6000,5690,5980,21957,0.010135135135135087
2022-08-19,5980,6020,5850,5850,11958,-0.021739130434782594
2022-08-22,5800,6090,5740,6040,71830,0.032478632478632585
2022-08-23,6000,6100,5800,5950,44652,-0.01490066225165565
2022-08-24,5920,6000,5740,5800,24121,-0.025210084033613467
2022-08-25,5860,5890,5760,5850,20447,0.008620689655172376
2022-08-26,5920,6010,5820,5930,37245,0.013675213675213627
2022-08-29,5850,6060,5720,6050,37856,0.02023608768971341
2022-08-30,5950,6060,5920,6020,21949,-0.0049586776859503745
2022-08-31,6040,6040,5910,5960,13669,-0.009966777408637828
2022-09-01,5960,5960,5670,5670,28393,-0.04865771812080533
2022-09-02,5660,5770,5420,5490,33571,-0.031746031746031744
2022-09-05,5540,5540,5210,5250,32844,-0.04371584699453557
2022-09-06,5210,5320,5210,5260,12171,0.0019047619047618536
2022-09-07,5280,5290,5060,5140,19848,-0.02281368821292773
2022-09-08,5290,5300,5170,5220,10892,0.015564202334630295
2022-09-13,5240,5390,5210,5280,14336,0.011494252873563315
2022-09-14,5190,5300,5150,5270,23698,-0.0018939393939394478
2022-09-15,5220,5320,5220,5250,7065,-0.003795066413662229
2022-09-16,5230,5230,5110,5160,16655,-0.017142857142857126
2022-09-19,5100,5100,4930,4930,20256,-0.04457364341085268
2022-09-20,4930,5130,4930,5030,14109,0.020283975659229236
2022-09-21,5030,5060,4850,4995,10934,-0.006958250497017926
2022-09-22,4965,5030,4880,4955,11062,-0.00800800800800805
2022-09-23,4955,4955,4720,4955,22795,0.0
2022-09-26,4685,4885,4605,4690,52825,-0.05348133198789107
2022-09-27,4480,4725,4450,4575,27917,-0.024520255863539453
2022-09-28,4585,4645,4300,4300,25414,-0.060109289617486295
2022-09-29,4300,4430,4285,4360,18060,0.013953488372093092
2022-09-30,4350,4380,4245,4380,6140,0.004587155963302836
2022-10-04,4340,4535,4340,4445,16354,0.014840182648401923
2022-10-05,4515,4520,4440,4505,11878,0.013498312710911176
2022-10-06,4500,4625,4500,4610,10397,0.023307436182020025
2022-10-07,4635,4650,4550,4610,5464,0.0
2022-10-11,4600,4600,4335,4475,15175,-0.029284164859002204
2022-10-12,4410,4500,4345,4460,11092,-0.003351955307262622
2022-10-13,4460,4460,4220,4300,13008,-0.0358744394618834
2022-10-14,4300,4435,4290,4340,13799,0.009302325581395321
2022-10-17,4205,4385,4190,4385,34300,0.010368663594469973
2022-10-18,4480,4490,4340,4340,23552,-0.010262257696693311
2022-10-19,4390,4430,4230,4230,19785,-0.025345622119815614
2022-10-20,4265,4270,4190,4245,12362,0.0035460992907800915
2022-10-21,4205,4355,4200,4230,9631,-0.0035335689045936647
2022-10-24,4230,4300,4200,4235,8476,0.0011820330969267712
2022-10-25,4260,4260,4180,4205,7634,-0.00708382526564344
2022-10-26,4195,4260,4065,4150,41045,-0.013079667063020217
2022-10-27,4080,4325,4080,4230,17260,0.01927710843373487
2022-10-28,4230,4275,4175,4240,9855,0.0023640661938533203
2022-10-31,4240,4305,4225,4265,9454,0.005896226415094352
2022-11-01,4275,4340,4275,4325,6285,0.014067995310668158
2022-11-02,4155,4345,4155,4315,12624,-0.0023121387283236983
2022-11-03,4270,4305,4235,4290,8083,-0.005793742757821518
2022-11-04,4270,4340,4240,4300,3412,0.002331002331002363
2022-11-07,4215,4325,4215,4230,14051,-0.016279069767441867
2022-11-08,4235,4350,4235,4350,10645,0.028368794326241176
2022-11-09,4375,5580,4375,5380,2360279,0.23678160919540225
2022-11-10,5380,5420,5000,5000,309181,-0.07063197026022305
2022-11-11,5070,5290,4935,4975,213123,-0.0050000000000000044
2022-11-14,4910,4990,4860,4940,82528,-0.007035175879396949
2022-11-15,4890,5060,4880,4995,68171,0.011133603238866474
2022-11-16,5030,5040,4915,4970,49036,-0.005005005005005003
2022-11-17,4970,4970,4870,4925,33119,-0.00905432595573441
2022-11-18,4850,4985,4850,4915,21153,-0.0020304568527919065
2022-11-21,4915,4915,4540,4875,32184,-0.008138351983723258
2022-11-22,4870,4870,4760,4760,14558,-0.02358974358974364
2022-11-23,4720,4835,4720,4800,10203,0.008403361344537785
2022-11-24,4875,4875,4800,4865,11603,0.013541666666666563
2022-11-25,4890,4915,4795,4910,14197,0.009249743062692772
2022-11-28,4855,4910,4820,4895,11346,-0.003054989816700604
2022-11-29,4895,4895,4835,4890,11769,-0.0010214504596527396
2022-11-30,4915,4945,4860,4895,30467,0.0010224948875254825
2022-12-01,4945,4960,4920,4935,14074,0.008171603677221695
2022-12-02,4935,4955,4865,4915,16628,-0.004052684903748771
2022-12-05,4915,4955,4860,4940,14713,0.0050864699898269805
2022-12-06,4920,4920,4820,4825,11486,-0.023279352226720618
2022-12-07,4800,4805,4680,4710,31472,-0.023834196891191706
2022-12-08,4725,4785,4640,4700,7764,-0.002123142250530785
2022-12-09,4745,4800,4650,4725,21643,0.005319148936170137
2022-12-12,4750,4790,4710,4750,10184,0.005291005291005346
2022-12-13,4750,4805,4735,4740,13581,-0.002105263157894721
2022-12-14,4740,4800,4740,4780,6597,0.00843881856540074
2022-12-15,4795,4815,4700,4795,16325,0.003138075313807498
2022-12-16,4650,4745,4650,4710,3253,-0.017726798748696537
2022-12-19,4660,4780,4555,4735,14671,0.005307855626327074
2022-12-20,4690,4745,4590,4720,17997,-0.0031678986272439813
2022-12-21,4660,4715,4555,4605,9983,-0.024364406779661008
2022-12-22,4620,4775,4570,4585,18132,-0.004343105320304019
2022-12-23,4610,4610,4400,4475,18053,-0.02399127589967287
2022-12-26,4430,4475,4360,4390,13337,-0.018994413407821265
2022-12-27,4320,4465,4300,4340,14349,-0.011389521640091105
2022-12-28,4380,4380,4195,4320,20572,-0.004608294930875556
2022-12-29,4300,4335,4225,4265,6167,-0.01273148148148151
2023-01-02,4275,4330,4095,4110,18134,-0.036342321219226315
2023-01-03,4000,4100,3950,4095,26407,-0.0036496350364964014
2023-01-04,4120,4160,4095,4135,9733,0.009768009768009733
2023-01-05,4135,4190,4100,4160,8160,0.006045949214026569
2023-01-06,4160,4285,4140,4235,9281,0.018028846153846256
2023-01-09,4260,4405,4260,4300,10463,0.015348288075560879
2023-01-10,4320,4390,4310,4335,4545,0.008139534883720989
2023-01-11,4345,4380,4290,4350,11169,0.0034602076124568004
2023-01-12,4365,4395,4350,4390,10216,0.009195402298850519
2023-01-13,4415,4445,4390,4415,17077,0.005694760820045497
2023-01-16,4440,4500,4320,4445,9388,0.006795016987542368
2023-01-17,4420,4525,4340,4500,12422,0.012373453318335281
2023-01-18,4445,4550,4360,4490,14639,-0.0022222222222222365
2023-01-19,4490,4550,4435,4455,7396,-0.007795100222717122
2023-01-20,4455,4600,4375,4550,16840,0.021324354657688005
2023-01-25,4575,4595,4475,4570,16268,0.00439560439560438
2023-01-26,4535,4615,4505,4575,9945,0.001094091903719896
2023-01-27,4575,4600,4520,4595,7300,0.004371584699453646
2023-01-30,4575,4685,4490,4680,22639,0.018498367791077275
2023-01-31,4680,5140,4570,4820,418732,0.029914529914529808
2023-02-01,4835,4845,4730,4735,28273,-0.01763485477178428
2023-02-02,4880,4950,4745,4895,31934,0.0337909186906018
2023-02-03,4895,4980,4845,4935,18924,0.008171603677221695
2023-02-06,4860,5000,4855,4930,16812,-0.0010131712259371373
2023-02-07,4930,4965,4880,4930,12686,0.0
2023-02-08,4940,4940,4875,4930,11377,0.0
2023-02-09,4895,4910,4780,4830,20677,-0.020283975659229236
2023-02-10,4830,4835,4760,4760,12806,-0.01449275362318836
2023-02-13,4740,4775,4690,4760,4419,0.0
2023-02-14,4760,4780,4740,4750,4955,-0.0021008403361344463
2023-02-15,4755,4820,4660,4755,6486,0.001052631578947416
2023-02-16,4730,4900,4690,4820,19298,0.013669821240799074
2023-02-17,4890,4890,4695,4815,5300,-0.0010373443983402453
2023-02-20,4815,4815,4650,4815,7533,0.0
2023-02-21,4745,4860,4730,4840,6241,0.005192107995846351
2023-02-22,4800,4840,4665,4840,8464,0.0
2023-02-23,4785,4840,4720,4750,7465,-0.018595041322314043
2023-02-24,4750,4750,4650,4680,12028,-0.01473684210526316
2023-02-27,4680,4720,4600,4650,7560,-0.0064102564102563875
2023-02-28,4650,4655,4590,4630,4525,-0.004301075268817178
2023-03-02,4630,4645,4480,4510,17405,-0.02591792656587477
2023-03-03,4570,4570,4470,4495,9831,-0.003325942350332567
2023-03-06,4495,4510,4470,4495,8976,0.0
2023-03-07,4495,4560,4475,4525,13611,0.006674082313681939
2023-03-08,4520,4540,4480,4540,8301,0.0033149171270718814
2023-03-09,4520,4630,4500,4530,6894,-0.0022026431718061845
2023-03-10,4485,4510,4370,4405,6585,-0.02759381898454749
2023-03-13,4245,4370,4160,4350,13425,-0.012485811577752526
2023-03-14,4295,4350,4010,4160,40116,-0.04367816091954024
2023-03-15,4180,4285,4175,4185,6826,0.006009615384615419
2023-03-16,4185,4190,4020,4080,16966,-0.02508960573476704
2023-03-17,4095,4180,4095,4175,5587,0.023284313725490113
2023-03-20,4175,4600,4175,4290,123242,0.02754491017964078
2023-03-21,4310,4320,4210,4260,10063,-0.006993006993006978
2023-03-22,4260,4275,4160,4225,17064,-0.008215962441314506
2023-03-23,4220,4350,4215,4240,12102,0.0035502958579882726
2023-03-24,4205,4375,4005,4150,41533,-0.021226415094339646
2023-03-27,4150,4205,4055,4155,9711,0.00120481927710836
2023-03-28,4155,4180,4130,4160,15600,0.001203369434416457
2023-03-29,4025,4165,4025,4125,14937,-0.008413461538461564
2023-03-30,4195,4205,4125,4160,7527,0.00848484848484854
2023-03-31,4140,4160,4080,4095,10620,-0.015625
2023-04-03,4175,4175,4005,4065,23604,-0.0073260073260073
2023-04-04,4065,4085,3960,4080,33518,0.0036900369003689537
2023-04-05,4080,4200,4040,4195,30938,0.02818627450980382
2023-04-06,4140,4230,4110,4230,12861,0.008343265792610355
2023-04-07,4215,4255,4215,4255,13884,0.005910165484633634
2023-04-10,4225,4270,4105,4270,16936,0.003525264394829586
2023-04-11,4265,4265,4100,4215,9740,-0.012880562060889944
2023-04-12,4195,4240,4125,4180,17038,-0.008303677342823224
2023-04-13,4150,4185,4130,4130,7477,-0.011961722488038284
2023-04-14,4150,4210,4150,4190,9879,0.014527845036319542
2023-04-17,4190,4285,4185,4275,12789,0.02028639618138417
2023-04-18,4245,4285,4230,4285,9749,0.002339181286549641
2023-04-19,4285,4295,4235,4255,18609,-0.007001166861143493
2023-04-20,4255,4295,4205,4270,15382,0.003525264394829586
2023-04-21,4250,4310,4215,4280,19869,0.0023419203747072626
2023-04-24,4405,5450,4275,4280,1692054,0.0
2023-04-25,4205,4215,4005,4015,176472,-0.06191588785046731
2023-04-26,4015,4100,4000,4010,59504,-0.001245330012453305
2023-04-27,4010,4015,3800,3815,100814,-0.04862842892768082
2023-04-28,3895,3940,3805,3890,41046,0.019659239842725995
2023-05-02,3935,3980,3855,3980,28067,0.023136246786632286
2023-05-03,3980,4105,3975,3985,34000,0.0012562814070351536
2023-05-04,3985,4040,3970,4035,15200,0.012547051442910906
2023-05-08,4010,4180,4010,4105,35351,0.017348203221809078
2023-05-09,4060,4155,4060,4110,37698,0.0012180267965895553
2023-05-10,4115,4175,4000,4095,25721,-0.0036496350364964014
2023-05-11,4080,4200,4000,4065,51373,-0.0073260073260073
2023-05-12,4075,4075,3950,3950,36097,-0.028290282902828978
2023-05-15,3950,4120,3900,4110,37782,0.040506329113924044
2023-05-16,4115,4455,4110,4445,242162,0.08150851581508523
2023-05-17,4445,4540,4330,4485,64502,0.008998875140607376
2023-05-18,4485,4720,4460,4595,78202,0.024526198439241975
2023-05-19,4595,4705,4460,4460,24242,-0.029379760609357986
2023-05-22,4470,4560,4420,4465,12901,0.0011210762331839152
2023-05-23,4465,4585,4445,4510,20324,0.010078387458006821
2023-05-24,4515,4560,4440,4445,28349,-0.014412416851441234
2023-05-25,4420,4445,4175,4330,14665,-0.025871766029246346
2023-05-26,4330,4500,4180,4390,17396,0.01385681293302543
2023-05-30,4400,4800,4400,4650,177402,0.059225512528473745
2023-05-31,4650,4750,4615,4730,121887,0.017204301075268713
2023-06-01,4730,4825,4550,4795,103120,0.01374207188160681
2023-06-02,4795,4845,4715,4825,128302,0.006256517205422307
2023-06-05,4780,4845,4740,4840,55150,0.0031088082901553626
2023-06-07,4840,4905,4775,4870,59875,0.006198347107438051
2023-06-08,4875,5280,4875,5120,211050,0.05133470225872694
2023-06-09,5130,5410,5130,5330,180695,0.041015625
2023-06-12,5420,5750,5340,5580,260056,0.046904315196998114
2023-06-13,5680,5680,5320,5380,71857,-0.03584229390681004
2023-06-14,5380,5930,4770,5380,627299,0.0
2023-06-15,5160,5260,4675,4800,265301,-0.10780669144981414
2023-06-16,4805,4810,4635,4725,142195,-0.015625
2023-06-19,4725,4950,4665,4670,100624,-0.011640211640211673
2023-06-20,4715,5080,4670,5050,120236,0.0813704496788008
2023-06-21,5050,5050,4700,4700,127013,-0.06930693069306926
2023-06-22,4720,4855,4700,4805,53193,0.022340425531914843
2023-06-23,4820,5030,4815,4860,49700,0.01144640998959412
2023-06-26,4860,4900,4740,4900,36229,0.008230452674897082
2023-06-27,4975,5130,4805,4860,29410,-0.008163265306122436
2023-06-28,4815,4860,4765,4770,31926,-0.01851851851851849
2023-06-29,4770,4950,4710,4950,28045,0.037735849056603765
2023-06-30,4975,5110,4875,5000,27018,0.010101010101010166
2023-07-03,5050,5110,4940,4955,42321,-0.009000000000000008
2023-07-04,4955,5190,4910,5150,54603,0.039354187689202735
2023-07-05,5190,5200,5010,5080,35522,-0.013592233009708687
2023-07-06,5080,5090,4770,4970,50184,-0.021653543307086576
2023-07-07,4930,5190,4750,5130,43913,0.03219315895372232
2023-07-10,5110,5170,4940,4985,53000,-0.02826510721247566
2023-07-11,4985,5140,4825,4895,44588,-0.01805416248746239
2023-07-12,4940,4995,4690,4700,67768,-0.03983656792645551
2023-07-13,4720,5190,4655,5010,183106,0.06595744680851068
2023-07-14,5020,5470,4960,5450,235594,0.08782435129740529
2023-07-17,5440,5870,5250,5820,429684,0.06788990825688068
2023-07-18,5820,5820,5240,5540,163637,-0.04810996563573888
2023-07-19,5480,5540,5190,5340,102626,-0.03610108303249093
2023-07-20,5340,5360,5120,5340,43673,0.0
2023-07-21,5250,5510,5160,5280,49562,-0.011235955056179803
2023-07-24,5220,5400,5070,5240,64072,-0.007575757575757569
2023-07-25,5250,5390,5120,5330,87566,0.01717557251908386
2023-07-26,5270,5390,5150,5320,89565,-0.0018761726078799779
2023-07-27,5260,5430,5200,5300,57393,-0.003759398496240629
2023-07-28,5300,5300,4995,5100,83229,-0.037735849056603765
2023-07-31,5140,5260,5010,5130,65259,0.00588235294117645
2023-08-01,5200,5240,5030,5070,44927,-0.011695906432748537
2023-08-02,5070,5180,5020,5040,33983,-0.00591715976331364
2023-08-03,5000,5080,4835,4995,22340,-0.008928571428571397
2023-08-04,4995,5240,4920,5120,30967,0.025025025025025016
2023-08-07,5120,5120,4960,5070,27432,-0.009765625
2023-08-08,5030,5070,4980,4990,20870,-0.015779092702169595
2023-08-09,4990,5090,4955,5030,25042,0.008016032064128265
2023-08-10,5030,5150,5030,5080,18248,0.00994035785288272
2023-08-11,5080,5320,5080,5260,83941,0.03543307086614167
2023-08-14,5310,5320,4990,5090,50165,-0.03231939163498099
2023-08-16,4960,4960,4295,4500,255567,-0.11591355599214148
2023-08-17,4540,4540,4280,4400,48679,-0.022222222222222254
2023-08-18,4360,4360,4190,4315,38318,-0.01931818181818179
2023-08-21,4275,4405,4210,4295,25026,-0.004634994206257237
2023-08-22,4305,4485,4230,4365,21892,0.016298020954598424
2023-08-23,4405,4410,4260,4315,21509,-0.01145475372279492
2023-08-24,4210,4425,4210,4425,19503,0.02549246813441486
2023-08-25,4435,4605,4320,4575,33482,0.03389830508474567
2023-08-28,4575,4635,4420,4600,29398,0.005464480874316946
2023-08-29,4600,4780,4600,4715,32245,0.02499999999999991
2023-08-30,4670,4800,4665,4760,24973,0.009544008483563182
2023-08-31,4715,4945,4685,4835,59623,0.015756302521008347
2023-09-01,4745,4945,4710,4840,33633,0.0010341261633919352
2023-09-04,4840,4880,4720,4790,18513,-0.010330578512396715
2023-09-05,4665,5220,4665,4960,134311,0.035490605427974886
2023-09-06,4910,5000,4680,4720,105814,-0.048387096774193505
2023-09-07,4785,4785,4470,4470,40387,-0.052966101694915224
2023-09-08,4550,5580,4550,4630,1609891,0.03579418344519025
2023-09-11,4700,4705,4450,4460,98175,-0.036717062634989195
2023-09-12,4460,4685,4450,4535,84450,0.01681614349775784
2023-09-13,4490,4700,4490,4615,51299,0.01764057331863289
2023-09-14,4615,4635,4490,4525,48123,-0.01950162513542797
2023-09-15,4545,4620,4490,4595,26267,0.015469613259668558
2023-09-18,4580,4595,4470,4525,24212,-0.015233949945593017
2023-09-19,4485,4625,4385,4385,40929,-0.030939226519337004
2023-09-20,4345,4530,4270,4305,38145,-0.018244013683010207
2023-09-21,4280,4680,4250,4400,313912,0.022067363530778206
2023-09-22,4320,4550,4295,4410,24524,0.002272727272727204
2023-09-25,4315,4455,4225,4225,36931,-0.04195011337868482
2023-09-26,4300,4320,4175,4180,21044,-0.010650887573964485
2023-09-27,4170,4335,4120,4185,28971,0.0011961722488038617
2023-10-04,4200,4235,4070,4080,32650,-0.02508960573476704
2023-10-05,4020,4060,3800,3990,53858,-0.022058823529411797
2023-10-06,3980,4110,3980,4040,7329,0.012531328320801949
2023-10-10,4060,4200,3920,4130,22994,0.022277227722772297
2023-10-11,4150,4225,4080,4130,32673,0.0
2023-10-12,4150,4370,4150,4275,45972,0.03510895883777243
2023-10-13,4275,4800,4225,4310,493299,0.008187134502924076
2023-10-16,4325,4400,4200,4200,18864,-0.025522041763341052
2023-10-17,4270,4520,4180,4195,73369,-0.0011904761904761862
2023-10-18,4280,4280,4085,4120,23685,-0.017878426698450522
2023-10-19,4080,4165,3860,4150,21608,0.00728155339805836
2023-10-20,4010,4065,3980,3995,20224,-0.03734939759036149
2023-10-23,3940,4860,3765,3780,1537611,-0.053817271589486904
2023-10-24,3760,3950,3650,3795,56173,0.003968253968253954
2023-10-25,3815,4460,3755,3950,529267,0.040843214756258295
2023-10-26,3910,3995,3805,3865,77290,-0.021518987341772156
2023-10-27,3810,4020,3790,3815,46354,-0.012936610608020649
2023-10-30,3775,3880,3775,3830,18619,0.003931847968545288
2023-10-31,3755,3895,3750,3785,43474,-0.011749347258485643
2023-11-01,3750,3845,3600,3820,13079,0.009247027741083214
2023-11-02,3820,3960,3790,3875,26139,0.014397905759162333
2023-11-03,3900,3960,3825,3900,19995,0.006451612903225712
2023-11-06,4030,4030,3900,3930,18255,0.007692307692307665
2023-11-07,3930,5100,3930,5100,5957487,0.2977099236641221
2023-11-08,5060,5940,5000,5300,7368295,0.03921568627450989
2023-11-09,5440,5570,5090,5240,2397673,-0.01132075471698113
2023-11-10,5470,6490,4575,4575,15884377,-0.12690839694656486
2023-11-13,4545,4770,4225,4225,1776406,-0.07650273224043713
2023-11-14,4160,4525,4130,4365,1713973,0.03313609467455625
2023-11-15,4300,4580,4210,4480,857735,0.026345933562428314
2023-11-16,4500,4510,4250,4425,348356,-0.012276785714285698
2023-11-17,4425,4715,4290,4295,1386874,-0.029378531073446346
2023-11-20,4290,4295,4000,4200,397215,-0.02211874272409775
2023-11-21,4200,4210,4060,4160,181122,-0.00952380952380949
2023-11-22,4090,4150,3980,3990,283674,-0.04086538461538458
2023-11-23,4050,4085,3930,3935,184572,-0.013784461152882233
2023-11-24,3920,4020,3915,3995,136566,0.015247776365946653
2023-11-27,3995,4035,3825,3905,231149,-0.02252816020025028
2023-11-28,3930,3935,3770,3805,160261,-0.025608194622279146
2023-11-29,3805,3865,3730,3760,115238,-0.01182654402102501
2023-11-30,3780,3785,3710,3765,63171,0.0013297872340425343
2023-12-01,3765,3830,3725,3800,65151,0.009296148738379806
2023-12-04,3840,3920,3740,3810,70822,0.002631578947368318
2023-12-05,3850,3895,3775,3815,55703,0.001312335958005173
2023-12-06,3800,3890,3795,3835,53110,0.005242463958060384
2023-12-07,3835,3855,3755,3830,89628,-0.0013037809647978849
2023-12-08,3865,3920,3800,3860,131120,0.007832898172323688
2023-12-11,3860,3885,3780,3800,113503,-0.015544041450777257
2023-12-12,3790,3840,3755,3755,63260,-0.011842105263157876
2023-12-13,3760,3765,3640,3675,116730,-0.02130492676431428
2023-12-14,3675,3690,3450,3480,183637,-0.05306122448979589
2023-12-15,3530,3650,3485,3530,95735,0.014367816091954033
2023-12-18,3555,3600,3510,3570,64308,0.011331444759206777
2023-12-19,3610,3630,3575,3625,33909,0.01540616246498594
2023-12-20,3635,3660,3615,3650,20570,0.006896551724137945
2023-12-21,3650,3680,3540,3590,68005,-0.016438356164383605
2023-12-22,3595,3595,3480,3485,66410,-0.029247910863509752
2023-12-26,3455,3505,3435,3485,82905,0.0
2023-12-27,3420,3485,3420,3475,36653,-0.0028694404591105283
2023-12-28,3475,3515,3425,3505,25234,0.008633093525179936
2024-01-02,3540,3575,3495,3555,24223,0.014265335235378096
2024-01-03,3555,3580,3510,3570,37956,0.00421940928270037
2024-01-04,3555,3585,3515,3535,26889,-0.009803921568627416
2024-01-05,3535,3560,3520,3545,14465,0.0028288543140029265
2024-01-08,3545,3600,3525,3590,26120,0.012693935119887145
2024-01-09,3590,3645,3560,3630,43423,0.011142061281337101
2024-01-10,3600,3635,3545,3570,36936,-0.016528925619834656
2024-01-11,3565,3595,3535,3565,19936,-0.0014005602240896309
2024-01-12,3575,3575,3480,3485,54448,-0.02244039270687237
2024-01-15,3505,3505,3460,3475,19836,-0.0028694404591105283
2024-01-16,3455,3545,3390,3400,40029,-0.021582733812949617
2024-01-17,3395,3420,3235,3280,123913,-0.03529411764705881
2024-01-18,3240,3480,3240,3425,53914,0.044207317073170715
2024-01-19,3430,3455,3350,3390,35163,-0.010218978102189746
2024-01-22,3405,3455,3375,3415,31485,0.007374631268436627
2024-01-23,3370,3435,3370,3415,22074,0.0
2024-01-24,3415,3430,3350,3375,23581,-0.01171303074670571
2024-01-25,3380,3380,3280,3360,29452,-0.004444444444444473
2024-01-26,3340,3460,3305,3355,17130,-0.0014880952380952328
2024-01-29,3345,3355,3200,3285,48329,-0.02086438152011927
2024-01-30,3280,3370,3250,3250,20737,-0.010654490106544956
2024-01-31,3215,3250,3175,3200,28164,-0.01538461538461533
2024-02-01,3160,3185,3140,3165,35456,-0.010937500000000044
2024-02-02,3165,3220,3165,3215,25426,0.01579778830963674
2024-02-05,3215,3390,3215,3250,49832,0.010886469673405896
2024-02-06,3240,3330,3175,3190,33920,-0.018461538461538418
2024-02-07,3190,3300,3180,3215,47799,0.00783699059561127
2024-02-08,3215,3310,3210,3260,35150,0.013996889580093264
2024-02-13,3325,3325,3230,3265,24701,0.0015337423312884457
2024-02-14,3290,3290,3215,3255,27380,-0.003062787136294043
2024-02-15,3230,3325,3230,3285,15534,0.009216589861751112
2024-02-16,3280,3385,3250,3275,12309,-0.0030441400304414
2024-02-19,3330,3330,3105,3255,16609,-0.006106870229007688
2024-02-20,3215,3275,3215,3260,14020,0.001536098310291889
2024-02-21,3235,3290,3235,3260,10401,0.0
2024-02-22,3255,3285,3210,3245,24301,-0.004601226993865004
2024-02-23,3245,3280,3215,3240,9997,-0.0015408320493066618
2024-02-26,3225,3245,3195,3235,19366,-0.0015432098765432167
2024-02-27,3235,3270,3185,3195,17016,-0.012364760432766575
2024-02-28,3200,3270,3175,3215,18597,0.006259780907668322
2024-02-29,3215,3260,3120,3120,41634,-0.029548989113530322
2024-03-04,3120,3170,3095,3120,33914,0.0
2024-03-05,3150,3160,3030,3055,40807,-0.02083333333333337
2024-03-06,3040,3075,3000,3025,22849,-0.009819967266775809
2024-03-07,3025,3040,2935,2935,52970,-0.02975206611570247
2024-03-08,2920,2930,2865,2880,63744,-0.01873935264054516
2024-03-11,2880,3040,2865,3040,40709,0.05555555555555558
2024-03-12,3045,3150,3010,3040,14406,0.0
2024-03-13,3040,3135,2960,2995,34563,-0.014802631578947345
2024-03-14,2995,3045,2970,3025,12335,0.01001669449081799
2024-03-15,3025,3040,2985,3015,5676,-0.0033057851239669533
2024-03-18,3015,3030,2970,3000,15660,-0.00497512437810943
2024-03-19,3000,3000,2930,2930,28675,-0.023333333333333317
2024-03-20,2960,3000,2930,2980,23018,0.017064846416382284
2024-03-21,3010,3010,2965,2995,11091,0.005033557046979942
2024-03-22,2995,3000,2960,2995,17559,0.0
2024-03-25,2995,3045,2975,3030,28680,0.011686143572620988
2024-03-26,3030,3035,3000,3030,7974,0.0
2024-03-27,3030,3030,2990,2995,10753,-0.011551155115511524
2024-03-28,2995,3015,2980,2990,21529,-0.0016694490818029983
2024-03-29,2990,3200,2980,3050,80956,0.02006688963210701
2024-04-01,3050,3175,3010,3080,39218,0.009836065573770592
2024-04-02,3100,3110,3015,3040,22322,-0.012987012987012991
2024-04-03,3040,3040,2985,3000,15431,-0.013157894736842146
2024-04-04,2985,3030,2935,2980,19539,-0.00666666666666671
2024-04-05,2980,2980,2860,2915,24909,-0.021812080536912748
2024-04-08,2920,2920,2810,2810,40017,-0.03602058319039447
2024-04-09,2800,2840,2800,2835,15992,0.008896797153024938
2024-04-11,2800,2840,2800,2830,18567,-0.0017636684303351524
2024-04-12,2835,2850,2825,2840,6131,0.0035335689045936647
2024-04-15,2840,2840,2660,2725,56879,-0.040492957746478875
2024-04-16,2695,2750,2605,2635,39744,-0.03302752293577982
2024-04-17,2660,2770,2610,2645,48107,0.00379506641366234
2024-04-18,2670,2755,2670,2755,28257,0.041587901701323204
2024-04-19,2770,2825,2700,2825,45450,0.025408348457350183
2024-04-22,2790,2885,2790,2845,61040,0.0070796460176991705
2024-04-23,2800,2875,2700,2785,61495,-0.02108963093145866
2024-04-24,2750,2840,2750,2780,18376,-0.0017953321364452268
2024-04-25,2800,2800,2685,2745,37593,-0.01258992805755399
2024-04-26,2785,2785,2695,2725,14974,-0.007285974499089298
2024-04-29,2755,2755,2715,2745,8212,0.007339449541284404
2024-04-30,2760,2760,2735,2760,18948,0.005464480874316946
2024-05-02,2760,2785,2740,2770,12937,0.0036231884057971175
2024-05-03,2745,2775,2745,2750,10689,-0.0072202166064981865
2024-05-07,2750,2775,2750,2760,14962,0.0036363636363636598
2024-05-08,2760,2815,2750,2800,16821,0.01449275362318847
2024-05-09,2800,2815,2780,2795,7733,-0.0017857142857142794
2024-05-10,2765,2810,2765,2795,18793,0.0
2024-05-13,2795,2810,2720,2770,14107,-0.008944543828264706
2024-05-14,2730,2885,2730,2805,10054,0.012635379061371799
2024-05-16,2820,2835,2795,2825,19851,0.007130124777183555
2024-05-17,2855,3145,2835,2960,267609,0.04778761061946901
2024-05-20,2980,3085,2905,2960,64473,0.0
2024-05-21,2935,3035,2870,2945,39205,-0.0050675675675675436
2024-05-22,2945,3050,2915,3045,45080,0.03395585738539908
2024-05-23,3045,3045,2935,3010,34072,-0.011494252873563204
2024-05-24,3000,3000,2920,2955,25939,-0.01827242524916939
2024-05-27,2945,3030,2940,3020,15979,0.021996615905245376
2024-05-28,2990,3050,2980,3000,14958,-0.0066225165562914245
2024-05-29,3010,3030,2950,2985,17957,-0.0050000000000000044
2024-05-30,2930,2995,2910,2960,12538,-0.008375209380234505
2024-05-31,2930,3000,2900,2930,13654,-0.010135135135135087
2024-06-03,2920,2990,2850,2980,25553,0.017064846416382284
2024-06-04,2980,2995,2935,2960,16185,-0.006711409395973145
2024-06-05,2990,3005,2900,2905,41372,-0.01858108108108103
2024-06-07,2940,3000,2910,3000,17850,0.03270223752151469
2024-06-10,3020,3075,2980,3055,51642,0.018333333333333313
2024-06-11,3055,3105,3000,3060,32935,0.0016366612111293755
2024-06-12,3030,3085,3020,3060,28864,0.0
2024-06-13,3060,3085,3000,3035,14788,-0.008169934640522847
2024-06-14,3035,3035,2965,3015,10596,-0.00658978583196046
2024-06-17,2995,2995,2840,2925,26341,-0.02985074626865669
2024-06-18,2925,2945,2870,2920,6500,-0.0017094017094017033
2024-06-19,2950,2950,2885,2920,9822,0.0
2024-06-20,2920,2940,2850,2900,16049,-0.006849315068493178
2024-06-21,2860,2915,2850,2885,9897,-0.005172413793103403
2024-06-24,2840,2885,2780,2855,16277,-0.010398613518197597
2024-06-25,2845,2845,2780,2800,12367,-0.019264448336252182
2024-06-26,2790,2830,2740,2800,10148,0.0
2024-06-27,2810,2825,2790,2810,4021,0.0035714285714285587
2024-06-28,2785,2820,2760,2810,11019,0.0
2024-07-01,2810,2825,2765,2825,17639,0.005338078291814874
2024-07-02,2825,2830,2765,2780,22033,-0.015929203539822967
2024-07-03,2780,2805,2720,2725,20456,-0.01978417266187049
2024-07-04,2700,2725,2680,2695,12659,-0.011009174311926606
2024-07-05,2720,2720,2450,2640,68090,-0.020408163265306145
2024-07-08,2625,2680,2620,2640,13184,0.0
2024-07-09,2640,2670,2640,2670,4720,0.011363636363636465
2024-07-10,2670,2715,2640,2700,8516,0.011235955056179803
2024-07-11,2685,2810,2670,2720,7373,0.007407407407407307
2024-07-12,2720,2765,2690,2765,14859,0.016544117647058876
2024-07-15,2740,2795,2740,2765,5698,0.0
2024-07-16,2765,2775,2735,2770,5442,0.001808318264014508
2024-07-17,2770,2905,2765,2785,10678,0.005415162454873723
2024-07-18,2755,2770,2710,2710,13773,-0.026929982046678624
2024-07-19,2685,2730,2670,2675,6868,-0.01291512915129156
2024-07-22,2720,2720,2580,2640,10660,-0.013084112149532756
2024-07-23,2615,2660,2615,2620,9032,-0.007575757575757569
2024-07-24,2655,2830,2590,2610,33605,-0.003816793893129722
2024-07-25,2610,2675,2580,2610,12834,0.0
2024-07-26,2610,2625,2485,2620,46077,0.003831417624521105
2024-07-29,2620,2620,2525,2610,6524,-0.003816793893129722
2024-07-30,2610,2635,2500,2520,30628,-0.03448275862068961
2024-07-31,2520,2535,2485,2520,22919,0.0
2024-08-01,2520,2550,2270,2375,146611,-0.05753968253968256
2024-08-02,2375,2570,2370,2395,104543,0.008421052631578885
2024-08-05,2395,2410,2160,2325,88355,-0.029227557411273475
2024-08-06,2160,2350,2160,2260,57609,-0.027956989247311825
2024-08-07,2260,2305,2240,2295,16858,0.015486725663716783
2024-08-08,2295,2330,2275,2325,29471,0.013071895424836555
2024-08-09,2330,2370,2330,2360,20825,0.01505376344086029
2024-08-12,2380,2425,2380,2405,13727,0.019067796610169552
2024-08-13,2405,2485,2395,2450,27103,0.018711018711018657
2024-08-14,2470,2480,2410,2455,27962,0.0020408163265306367
2024-08-16,2455,2520,2435,2520,56595,0.026476578411405383
2024-08-19,2500,2595,2455,2535,38314,0.005952380952380931
2024-08-20,2535,2575,2440,2485,31369,-0.01972386587771202
2024-08-21,2500,2510,2445,2480,7801,-0.002012072434607659
2024-08-22,2500,2520,2395,2460,50185,-0.008064516129032251
2024-08-23,2400,2460,2400,2450,11368,-0.004065040650406471
2024-08-26,2450,2465,2385,2390,16823,-0.024489795918367308
2024-08-27,2410,2410,2335,2390,18139,0.0
2024-08-28,2380,2380,2350,2360,8893,-0.012552301255230103
2024-08-29,2360,2500,2340,2415,28544,0.02330508474576276
2024-08-30,2430,2470,2415,2450,15297,0.01449275362318847
2024-09-02,2440,2450,2400,2410,18428,-0.01632653061224487
2024-09-03,2400,2420,2340,2390,20718,-0.008298755186721962
2024-09-04,2350,2350,2295,2295,41770,-0.03974895397489542
2024-09-05,2310,2310,2210,2235,27124,-0.02614379084967322
2024-09-06,2230,2325,2165,2220,32405,-0.006711409395973145
2024-09-09,2155,2235,2145,2220,8862,0.0
2024-09-10,2220,2335,2220,2280,14438,0.027027027027026973
2024-09-11,2260,2280,2190,2230,9866,-0.021929824561403466
2024-09-12,2210,2235,2160,2235,16884,0.0022421524663676085
2024-09-13,2235,2330,2215,2260,27537,0.01118568232662187
2024-09-19,2260,2310,2260,2295,9448,0.015486725663716783
2024-09-20,2295,2315,2240,2260,9575,-0.015250544662309351
2024-09-23,2260,2265,2220,2230,13995,-0.013274336283185861
2024-09-24,2210,2290,2210,2260,8721,0.013452914798206317
2024-09-25,2240,2310,2235,2285,9682,0.01106194690265494
2024-09-26,2265,2385,2250,2345,26172,0.026258205689277947
2024-09-27,2350,2360,2300,2310,25736,-0.014925373134328401
2024-09-30,2320,2325,2270,2320,16598,0.0043290043290042934
2024-10-02,2300,2410,2270,2355,38262,0.015086206896551824
2024-10-04,2335,2405,2300,2315,21382,-0.01698513800424628
2024-10-07,2295,2335,2270,2295,9947,-0.008639308855291628
2024-10-08,2295,2295,2265,2275,13101,-0.008714596949891074
2024-10-10,2275,2310,2250,2290,8329,0.00659340659340657
2024-10-11,2270,2340,2220,2250,12823,-0.017467248908296984
2024-10-14,2245,2265,2230,2260,5873,0.004444444444444473
2024-10-15,2245,2270,2215,2235,16384,-0.011061946902654829
2024-10-16,2215,2250,2210,2245,10111,0.004474272930648837
2024-10-17,2225,2260,2220,2220,9333,-0.011135857461024523
2024-10-18,2210,2385,2205,2330,21120,0.04954954954954949
2024-10-21,2310,2355,2290,2300,16309,-0.012875536480686733
2024-10-22,2310,2310,2245,2260,12457,-0.017391304347826098
2024-10-23,2260,2295,2250,2285,12886,0.01106194690265494
2024-10-24,2285,2290,2245,2265,9124,-0.008752735229759279
2024-10-25,2250,2260,2220,2245,13048,-0.008830022075055233
2024-10-28,2225,2255,2210,2220,6125,-0.011135857461024523
2024-10-29,2225,2240,2210,2225,9883,0.0022522522522523403
2024-10-30,2225,2240,2200,2215,7866,-0.004494382022471877
2024-10-31,2215,2250,2200,2230,9456,0.006772009029345272
2024-11-01,2240,2245,2180,2230,13003,0.0
2024-11-04,2200,2250,2195,2240,6211,0.004484304932735439
2024-11-05,2255,2275,2225,2260,10255,0.008928571428571397
2024-11-06,2250,2275,2230,2250,6319,-0.004424778761061954
2024-11-07,2250,2275,2225,2260,14448,0.004444444444444473
2024-11-08,2255,2265,2225,2230,9905,-0.013274336283185861
2024-11-11,2250,2250,2155,2165,20359,-0.029147982062780242
2024-11-12,2165,2170,2050,2110,32628,-0.025404157043879882
2024-11-13,2110,2110,2015,2110,24302,0.0
2024-11-14,2095,2135,2085,2100,14162,-0.004739336492891044
2024-11-15,2100,2125,2025,2125,20674,0.011904761904761862
2024-11-18,2115,2155,2085,2155,14633,0.014117647058823568
2024-11-19,2150,2185,2100,2185,8334,0.0139211136890951
2024-11-20,2165,2195,2125,2190,14443,0.0022883295194509046
2024-11-21,2160,2290,2100,2235,30219,0.020547945205479534
2024-11-22,2155,2220,2145,2195,19599,-0.017897091722595126
2024-11-25,2170,2195,2160,2180,14397,-0.006833712984054663
2024-11-26,2180,2230,2165,2220,21198,0.0183486238532109
2024-11-27,2235,2395,2180,2350,107617,0.05855855855855863
2024-11-28,2325,2395,2280,2345,15493,-0.0021276595744680327
2024-11-29,2340,2340,2230,2275,24753,-0.02985074626865669
2024-12-02,2245,2350,2220,2220,28427,-0.0241758241758242
2024-12-03,2190,2245,2100,2155,27194,-0.029279279279279313
2024-12-04,2155,2190,1968,2150,61905,-0.002320185614849146
2024-12-05,2150,2165,2110,2150,9799,0.0
2024-12-06,2140,2165,2065,2140,16151,-0.0046511627906976605
2024-12-09,2040,2125,1965,2065,46479,-0.03504672897196259
2024-12-10,2065,2130,2040,2130,22858,0.0314769975786926
2024-12-11,2130,2135,2105,2135,12567,0.0023474178403755097
2024-12-12,2135,2150,2110,2130,14479,-0.0023419203747072626
2024-12-13,2130,2145,2095,2125,19906,-0.0023474178403756207
2024-12-16,2130,2155,2110,2140,34404,0.007058823529411784
2024-12-17,2125,2200,2125,2195,12056,0.025700934579439227
2024-12-18,2195,2210,2190,2200,7586,0.002277904328018332
2024-12-19,2180,2215,2150,2160,13135,-0.018181818181818188
2024-12-20,2110,2175,2110,2120,8819,-0.01851851851851849
2024-12-23,2120,2145,2100,2110,12472,-0.004716981132075526
2024-12-24,2115,2160,2090,2100,19142,-0.004739336492891044
2024-12-26,2095,2155,2055,2110,20787,0.004761904761904745
2024-12-27,2090,2100,2015,2045,26793,-0.03080568720379151
2024-12-30,1995,2050,1995,2020,26535,-0.012224938875305624
2025-01-02,2020,2075,2020,2075,3175,0.027227722772277252
2025-01-03,2075,2090,2045,2070,5455,-0.002409638554216831
2025-01-06,2070,2110,2060,2085,6412,0.007246376811594235
2025-01-07,2065,2100,2065,2070,4531,-0.007194244604316502
2025-01-08,2045,2085,2045,2070,6418,0.0
2025-01-09,2060,2085,2060,2065,3828,-0.0024154589371980784
2025-01-10,2065,2150,2060,2150,9850,0.041162227602905554
2025-01-13,2130,2195,2070,2100,10523,-0.023255813953488413
2025-01-14,2145,2150,2080,2095,8156,-0.0023809523809523725
2025-01-15,2100,2150,2065,2105,6880,0.004773269689737569
2025-01-16,2105,2135,2070,2120,14294,0.0071258907363420665
2025-01-17,2155,2225,2080,2130,21239,0.004716981132075526
2025-01-20,2105,2205,2105,2155,10211,0.011737089201877993
2025-01-21,2170,2170,2130,2165,2174,0.004640371229698292
2025-01-22,2145,2160,2125,2135,8418,-0.01385681293302543
2025-01-23,2110,2150,2110,2130,8326,-0.0023419203747072626
2025-01-24,2110,2165,2110,2130,12796,0.0
2025-01-31,2125,2165,2125,2145,8497,0.007042253521126751
2025-02-03,2145,2145,2090,2110,5397,-0.01631701631701632
2025-02-04,2110,2165,2085,2150,4198,0.018957345971563955
2025-02-05,2135,2190,2135,2185,6207,0.016279069767441756
2025-02-06,2165,2240,2165,2200,3088,0.006864988558352492
2025-02-07,2190,2215,2165,2195,2628,-0.002272727272727315
2025-02-10,2180,2210,2160,2190,1307,-0.002277904328018221
2025-02-11,2190,2255,2190,2230,30210,0.0182648401826484
2025-02-12,2245,2255,2200,2225,2317,-0.0022421524663677195
2025-02-13,2200,2290,2200,2285,22459,0.026966292134831482
2025-02-14,2285,2315,2255,2260,23091,-0.01094091903719907
2025-02-17,2275,2345,2275,2330,10691,0.030973451327433565
2025-02-18,2345,2345,2330,2330,4030,0.0
2025-02-19,2330,2345,2320,2340,5987,0.0042918454935623185
2025-02-20,2350,2355,2305,2350,16663,0.004273504273504258
2025-02-21,2350,2365,2240,2330,7037,-0.008510638297872353
2025-02-24,2330,2360,2305,2345,25095,0.006437768240343367
2025-02-25,2320,2365,2315,2320,4534,-0.010660980810234588
2025-02-26,2310,2395,2310,2350,9579,0.012931034482758674
2025-02-27,2315,2375,2315,2370,3987,0.008510638297872353
2025-02-28,2330,2400,2260,2270,13127,-0.04219409282700426
2025-03-04,2270,2380,2225,2225,3621,-0.01982378854625555
2025-03-05,2270,2335,2200,2310,2734,0.038202247191011285
2025-03-06,2295,2310,2165,2305,10741,-0.0021645021645021467
2025-03-07,2305,2310,2200,2205,6586,-0.04338394793926248
2025-03-10,2160,2275,2160,2205,12884,0.0
2025-03-11,2160,2205,2145,2190,10087,-0.006802721088435382
2025-03-12,2180,2270,2165,2210,1591,0.009132420091324311
2025-03-13,2225,2275,2210,2225,3591,0.006787330316742057
2025-03-14,2230,2270,2200,2235,3859,0.004494382022471877
2025-03-17,2210,2300,2200,2225,7744,-0.004474272930648726
2025-03-18,2200,2240,2185,2185,2322,-0.017977528089887618
2025-03-19,2075,2225,2040,2105,34283,-0.03661327231121281
2025-03-20,2120,2135,2105,2130,2083,0.01187648456057011
2025-03-21,2120,2230,2100,2110,5389,-0.009389671361502372
2025-03-24,2110,2170,2080,2165,7084,0.026066350710900466
2025-03-25,2150,2165,2130,2165,2028,0.0
2025-03-26,2165,2235,2125,2180,4572,0.006928406466512715
2025-03-27,2195,2235,2100,2160,6225,-0.00917431192660545
2025-03-28,2160,2305,2135,2150,34444,-0.00462962962962965
2025-03-31,2160,2205,2075,2135,21390,-0.006976744186046546
2025-04-01,2135,2185,2130,2155,3238,0.00936768149882905
2025-04-02,2180,2250,2165,2250,10368,0.044083526682134666
2025-04-03,2235,2275,2140,2270,15666,0.008888888888888946
2025-04-04,2255,2295,2180,2180,11698,-0.03964757709251099
2025-04-07,2170,2190,2100,2115,8962,-0.029816513761467878
2025-04-08,2115,2245,2100,2175,13008,0.028368794326241176
2025-04-09,2160,2180,2140,2140,6671,-0.016091954022988464
2025-04-10,2155,2260,2150,2150,18502,0.004672897196261738
2025-04-11,2170,2205,2135,2190,23807,0.018604651162790642
2025-04-14,2190,2210,2150,2205,17586,0.006849315068493178
2025-04-15,2205,2445,2205,2370,98069,0.0748299319727892
2025-04-16,2370,2410,2310,2395,25402,0.010548523206751037
2025-04-17,2375,2400,2285,2340,19595,-0.022964509394572064
2025-04-18,2340,2485,2310,2460,39654,0.05128205128205132
2025-04-21,2460,2510,2415,2450,48746,-0.004065040650406471
2025-04-22,2450,2525,2445,2510,26285,0.02448979591836742
2025-04-23,2510,2550,2485,2540,26232,0.01195219123505975
2025-04-24,2540,2590,2490,2535,21987,-0.0019685039370078705
2025-04-25,2535,2590,2520,2570,21534,0.013806706114398493
2025-04-28,2540,2605,2540,2550,36757,-0.0077821011673151474
2025-04-29,2545,2590,2455,2455,24386,-0.03725490196078429
2025-04-30,2455,2500,2400,2430,21549,-0.010183299389002087
2025-05-02,2430,2530,2430,2460,12338,0.012345679012345734
2025-05-07,2430,2500,2410,2420,7486,-0.016260162601625994
2025-05-08,2435,2510,2435,2470,8011,0.02066115702479343
2025-05-09,2510,2510,2455,2500,3260,0.012145748987854255
2025-05-12,2550,2555,2485,2550,6962,0.020000000000000018
2025-05-13,2580,2580,2535,2550,7809,0.0
2025-05-14,2550,2585,2525,2575,15928,0.009803921568627416
2025-05-15,2555,2660,2550,2630,45761,0.021359223300970953
2025-05-16,2690,2690,2600,2645,21050,0.005703422053231932
2025-05-19,2620,2655,2505,2655,26412,0.003780718336483968
2025-05-20,2610,2660,2565,2655,17911,0.0
2025-05-21,2635,2655,2600,2610,9839,-0.016949152542372836
2025-05-22,2585,2630,2565,2565,21468,-0.017241379310344862
2025-05-23,2540,2650,2540,2570,7197,0.0019493177387914784
2025-05-26,2550,2635,2550,2550,3327,-0.0077821011673151474
2025-05-27,2525,2600,2460,2505,15520,-0.01764705882352946
2025-05-28,2475,2620,2475,2560,15427,0.02195608782435121
2025-05-29,2560,2600,2520,2580,5714,0.0078125
2025-05-30,2625,2625,2550,2600,8626,0.007751937984496138
2025-06-02,2580,2635,2555,2595,6658,-0.0019230769230769162
2025-06-04,2595,2610,2530,2595,17784,0.0
2025-06-05,2630,2660,2570,2640,24538,0.01734104046242768
2025-06-09,2640,2675,2565,2640,31141,0.0
2025-06-10,2690,2740,2645,2710,38853,0.026515151515151603
2025-06-11,2710,2750,2685,2685,15054,-0.009225092250922495
2025-06-12,2660,2770,2660,2765,21058,0.029795158286778367
2025-06-13,2770,2800,2660,2795,13772,0.010849909584086825
2025-06-16,2790,2790,2685,2695,21813,-0.035778175313059046
2025-06-17,2695,2795,2675,2680,6473,-0.005565862708719838
2025-06-18,2680,2745,2680,2700,2478,0.00746268656716409
2025-06-19,2705,2790,2705,2725,13686,0.0092592592592593
2025-06-20,2750,2750,2680,2745,10557,0.007339449541284404
2025-06-23,2700,2745,2640,2640,13116,-0.03825136612021862
2025-06-24,2700,2700,2615,2630,13808,-0.0037878787878787845
2025-06-25,2630,2705,2600,2700,14606,0.026615969581748944
2025-06-26,2660,2710,2565,2565,9178,-0.050000000000000044
2025-06-27,2695,2695,2570,2680,9273,0.04483430799220267
2025-06-30,2705,2710,2640,2700,6923,0.00746268656716409
2025-07-01,2700,2795,2645,2700,84721,0.0
2025-07-02,2700,2725,2575,2655,29953,-0.01666666666666672
2025-07-03,2655,2705,2580,2610,41047,-0.016949152542372836
2025-07-04,2610,2655,2515,2550,11590,-0.02298850574712641
2025-07-07,2525,2535,2475,2485,11783,-0.025490196078431393
2025-07-08,2505,2530,2470,2475,19288,-0.004024144869215318
2025-07-09,2495,2600,2440,2600,19670,0.05050505050505061
2025-07-10,2625,2625,2480,2565,13629,-0.013461538461538414
2025-07-11,2590,2640,2530,2600,11013,0.013645224171539905
2025-07-14,2615,2645,2555,2555,9293,-0.017307692307692357
2025-07-15,2580,2580,2505,2520,7408,-0.013698630136986356
2025-07-16,2545,2545,2460,2475,11856,-0.017857142857142905
2025-07-17,2520,2570,2475,2475,7512,0.0
2025-07-18,2500,2540,2435,2535,6816,0.024242424242424176
2025-07-21,2550,2555,2450,2535,8168,0.0
2025-07-22,2570,2570,2490,2500,8894,-0.013806706114398382
2025-07-23,2520,2545,2415,2470,15041,-0.01200000000000001
2025-07-24,2515,2515,2430,2445,8491,-0.010121457489878583
2025-07-25,2465,2475,2435,2470,5003,0.010224948875255713
2025-07-28,2490,2505,2435,2460,4234,-0.004048582995951455
2025-07-29,2490,2495,2435,2435,8508,-0.010162601626016232
2025-07-30,2455,2465,2435,2435,4168,0.0
2025-07-31,2480,2480,2400,2435,4828,0.0
2025-08-01,2485,2520,2300,2365,15542,-0.028747433264887046
2025-08-04,2335,2395,2335,2370,8475,0.0021141649048626032
2025-08-05,2370,2415,2325,2380,12987,0.00421940928270037
2025-08-06,2400,2415,2350,2405,11035,0.010504201680672232
2025-08-07,2415,2585,2395,2450,24206,0.018711018711018657
2025-08-08,2460,2480,2365,2390,59944,-0.024489795918367308
2025-08-11,2390,2400,2340,2390,5762,0.0
2025-08-12,2400,2500,2390,2405,7121,0.006276150627614996
2025-08-13,2415,2455,2365,2385,20163,-0.008316008316008316
2025-08-14,2385,2405,2335,2370,13567,-0.0062893081761006275
2025-08-18,2370,2370,2295,2305,20944,-0.02742616033755274
2025-08-19,2305,2325,2255,2275,9142,-0.013015184381778733
2025-08-20,2295,2310,2215,2290,13469,0.00659340659340657
2025-08-21,2310,2320,2265,2290,6714,0.0
2025-08-22,2310,2310,2270,2305,6144,0.0065502183406114245
2025-08-25,2300,2320,2255,2280,17615,-0.010845986984815648
2025-08-26,2300,2345,2275,2280,3469,0.0
2025-08-27,2305,2320,2250,2250,15908,-0.013157894736842146
2025-08-28,2270,2310,2250,2295,12885,0.020000000000000018
2025-08-29,2305,2305,2210,2285,4170,-0.004357298474945481
2025-09-01,2280,2315,2210,2245,13901,-0.017505470459518557
2025-09-02,2240,2295,2190,2245,17746,0.0
2025-09-03,2225,2245,2200,2245,11245,0.0
2025-09-04,2270,2285,2220,2260,5461,0.006681514476614803
2025-09-05,2250,2270,2220,2240,3390,-0.008849557522123908
2025-09-08,2220,2270,2210,2240,12465,0.0
2025-09-09,2220,2245,2205,2205,15097,-0.015625
2025-09-10,2235,2295,2215,2280,7391,0.03401360544217691
2025-09-11,2280,2310,2250,2275,4309,-0.002192982456140302
2025-09-12,2255,2320,2255,2270,4034,-0.00219780219780219
2025-09-15,2250,2345,2250,2280,6054,0.004405286343612369
2025-09-16,2255,2345,2255,2290,12522,0.004385964912280604
2025-09-17,2270,2300,2225,2270,11513,-0.008733624454148492
2025-09-18,2260,2335,2200,2270,8909,0.0
2025-09-19,2265,2340,2205,2265,15791,-0.0022026431718061845
2025-09-22,2245,2270,2225,2265,11315,0.0
2025-09-23,2260,2285,2230,2270,4734,0.002207505518763808
2025-09-24,2250,2270,2205,2250,9999,-0.008810572687224627
2025-09-25,2230,2245,2210,2220,5592,-0.013333333333333308
2025-09-26,2200,2220,2135,2220,28736,0.0
2025-09-29,2295,2295,2175,2215,15890,-0.0022522522522522292
2025-09-30,2195,2325,2175,2215,15003,0.0
2025-10-01,2195,2315,2135,2140,25286,-0.033860045146726914
2025-10-02,2145,2170,2110,2120,19342,-0.009345794392523366
2025-10-10,2100,2135,2100,2135,9891,0.007075471698113178
2025-10-13,2090,2150,2090,2115,11771,-0.00936768149882905
2025-10-14,2170,2170,2100,2125,14815,0.004728132387706863
2025-10-15,2110,2155,2110,2130,3554,0.0023529411764706687
2025-10-16,2135,2255,2115,2195,7086,0.030516431924882736
2025-10-17,2180,2225,2125,2140,12439,-0.02505694760820043
2025-10-20,2140,2265,2140,2155,10681,0.007009345794392496
2025-10-21,2155,2225,2145,2170,8338,0.006960556844547661
2025-10-22,2155,2205,2125,2195,3232,0.011520737327188835
2025-10-23,2180,2260,2165,2240,5368,0.0205011389521641
2025-10-24,2240,2280,2150,2215,9550,-0.011160714285714302
2025-10-27,2195,2275,2150,2235,17294,0.009029345372460584
2025-10-28,2220,2295,2220,2270,15568,0.015659955257270708
2025-10-29,2270,2305,2215,2275,19199,0.0022026431718060735
2025-10-30,2290,2310,2180,2275,19859,0.0
2025-10-31,2260,2300,2230,2250,2666,-0.01098901098901095
2025-11-03,2235,2345,2135,2220,25651,-0.013333333333333308
2025-11-04,2165,2220,2125,2220,21428,0.0
2025-11-05,2205,2285,2140,2225,6924,0.0022522522522523403
2025-11-06,2210,2225,2175,2175,4391,-0.022471910112359605
2025-11-07,2160,2175,2145,2170,4344,-0.0022988505747126853
2025-11-10,2145,2185,2145,2185,39901,0.00691244239631339
2025-11-11,2185,2185,2150,2165,11259,-0.009153318077803174
2025-11-12,2170,2170,2145,2170,6005,0.002309468822170979
