Date,Open,High,Low,Close,Volume,Change
2022-01-03,9300,9580,9140,9450,613786,0.010695187165775444
2022-01-04,9300,10400,9250,9800,2990389,0.03703703703703698
2022-01-05,9670,9750,8930,9000,547048,-0.08163265306122447
2022-01-06,8720,8890,8310,8330,248261,-0.07444444444444442
2022-01-07,8330,9260,8320,8910,692635,0.06962785114045622
2022-01-10,8720,8860,8500,8850,194044,-0.006734006734006703
2022-01-11,8800,8800,8260,8340,175236,-0.057627118644067776
2022-01-12,8350,8660,8260,8400,184991,0.007194244604316502
2022-01-13,8390,8480,8180,8180,103117,-0.02619047619047621
2022-01-14,8030,8130,7700,7750,155625,-0.05256723716381417
2022-01-17,7780,7780,7300,7390,88895,-0.04645161290322586
2022-01-18,7430,9500,7350,8140,3903698,0.10148849797022996
2022-01-19,7830,9600,7750,8890,5503192,0.0921375921375922
2022-01-20,8900,9380,8670,8810,906474,-0.008998875140607376
2022-01-21,8930,9900,8720,9170,3100431,0.04086265607264483
2022-01-24,9110,9140,8040,8070,501171,-0.11995637949836424
2022-01-25,8180,8340,7500,7660,312925,-0.050805452292441156
2022-01-26,7560,8170,7560,7890,381480,0.030026109660574507
2022-01-27,7990,8460,7890,8020,606092,0.016476552598225558
2022-01-28,8100,8690,8040,8500,402721,0.05985037406483795
2022-02-03,8460,8750,8410,8510,282779,0.0011764705882353343
2022-02-04,8430,8920,8350,8700,473083,0.02232667450058745
2022-02-07,8700,8790,8430,8490,213106,-0.024137931034482807
2022-02-08,8530,8840,8220,8250,254548,-0.028268551236749095
2022-02-09,8280,8500,8280,8320,86875,0.00848484848484854
2022-02-10,8480,8730,8370,8510,198661,0.022836538461538547
2022-02-11,8300,8390,7880,7910,175393,-0.07050528789659227
2022-02-14,7610,7750,7350,7400,129882,-0.06447534766118834
2022-02-15,7390,7720,7250,7400,113155,0.0
2022-02-16,7520,7840,7520,7680,79376,0.037837837837837895
2022-02-17,7680,7820,7280,7410,98236,-0.03515625
2022-02-18,7290,7580,7290,7520,51712,0.014844804318488558
2022-02-21,7420,7470,7310,7450,38638,-0.009308510638297851
2022-02-22,7320,7340,7020,7050,96817,-0.05369127516778527
2022-02-23,7060,7380,6990,7290,91103,0.03404255319148941
2022-02-24,7320,7760,7290,7340,208918,0.006858710562414272
2022-02-25,7480,7880,7400,7700,217930,0.04904632152588562
2022-02-28,7870,8150,7780,7800,338191,0.01298701298701288
2022-03-02,7900,7900,7710,7770,75600,-0.0038461538461538325
2022-03-03,7890,7900,7760,7800,68658,0.0038610038610038533
2022-03-04,7800,7880,7610,7720,73286,-0.01025641025641022
2022-03-07,7620,7720,7450,7450,41587,-0.03497409326424872
2022-03-08,7270,7440,7130,7250,58212,-0.02684563758389258
2022-03-10,7260,7470,7250,7340,33502,0.012413793103448256
2022-03-11,7320,7460,7230,7330,38944,-0.0013623978201634523
2022-03-14,7250,7490,7140,7210,51971,-0.016371077762619368
2022-03-15,7100,7200,7030,7120,46962,-0.012482662968099856
2022-03-16,7170,7320,7170,7300,51400,0.02528089887640439
2022-03-17,7670,7970,7470,7480,305615,0.024657534246575352
2022-03-18,7510,8060,7460,8020,369156,0.07219251336898402
2022-03-21,8060,8070,7710,7900,148723,-0.014962593516209433
2022-03-22,7880,7910,7760,7890,63171,-0.0012658227848101333
2022-03-23,7860,7900,7720,7860,69594,-0.0038022813688213253
2022-03-24,7800,7870,7650,7790,49704,-0.008905852417302795
2022-03-25,7810,8270,7760,8200,270978,0.05263157894736836
2022-03-28,8350,10500,8280,9600,5723091,0.1707317073170731
2022-03-29,9590,9660,9330,9440,548352,-0.01666666666666672
2022-03-30,9400,9500,8940,9500,590842,0.006355932203389925
2022-03-31,9390,9500,9200,9290,301808,-0.02210526315789474
2022-04-01,9100,9190,8960,8960,205505,-0.03552206673842839
2022-04-04,8840,9100,8820,9020,135397,0.006696428571428603
2022-04-05,9020,9150,8850,9140,154942,0.013303769401330268
2022-04-06,9060,9290,9030,9050,247901,-0.009846827133479175
2022-04-07,8940,8950,8500,8500,194870,-0.06077348066298338
2022-04-08,8500,8580,8250,8420,138139,-0.009411764705882342
2022-04-11,8430,8610,8260,8550,101510,0.015439429928741033
2022-04-12,8550,8550,8190,8250,109596,-0.03508771929824561
2022-04-13,8350,8640,8280,8370,95931,0.014545454545454639
2022-04-14,8440,8630,8310,8310,108535,-0.007168458781361964
2022-04-15,8360,8510,8240,8500,63834,0.022864019253910906
2022-04-18,8400,8540,8350,8380,53488,-0.014117647058823568
2022-04-19,8360,8440,8320,8380,57651,0.0
2022-04-20,8380,8400,8230,8260,78311,-0.014319809069212375
2022-04-21,8390,8610,8300,8600,136064,0.041162227602905554
2022-04-22,8680,8820,8360,8560,208802,-0.0046511627906976605
2022-04-25,8440,8500,8260,8270,62688,-0.033878504672897214
2022-04-26,8280,8760,8260,8530,223563,0.03143893591293834
2022-04-27,8240,8500,8060,8350,114386,-0.021101992966002348
2022-04-28,8350,8570,8270,8480,62885,0.015568862275449069
2022-04-29,8530,8640,8430,8430,56564,-0.005896226415094352
2022-05-02,8260,8490,8240,8470,34512,0.004744958481613271
2022-05-03,8470,8910,8470,8880,327756,0.04840613931523019
2022-05-04,9200,9220,8720,8740,544577,-0.015765765765765716
2022-05-06,8500,8590,8270,8380,99477,-0.041189931350114395
2022-05-09,8260,8450,7970,7970,95118,-0.04892601431980903
2022-05-10,7680,7950,7310,7740,124140,-0.02885821831869506
2022-05-11,7600,7870,7600,7600,58209,-0.018087855297157618
2022-05-12,7600,7600,7200,7270,74186,-0.043421052631578916
2022-05-13,7270,7530,7270,7330,35041,0.008253094910591452
2022-05-16,7500,7520,7340,7460,35626,0.017735334242837686
2022-05-17,7550,7670,7450,7630,30817,0.02278820375335111
2022-05-18,7630,7870,7580,7670,64516,0.005242463958060384
2022-05-19,7410,7520,7350,7500,30586,-0.022164276401564487
2022-05-20,7500,7700,7440,7540,28189,0.005333333333333412
2022-05-23,7740,9240,7660,8450,3104511,0.1206896551724137
2022-05-24,8450,9190,8330,8420,886762,-0.0035502958579881616
2022-05-25,8470,8470,8050,8060,184280,-0.04275534441805229
2022-05-26,8150,8290,7960,8030,137256,-0.003722084367245637
2022-05-27,8150,8600,8060,8360,236932,0.041095890410958846
2022-05-30,8370,8460,8230,8300,90772,-0.0071770334928229484
2022-05-31,8420,8670,8350,8450,176757,0.01807228915662651
2022-06-02,8600,10200,8470,9820,8286204,0.16213017751479297
2022-06-03,10500,11500,9830,10000,6901473,0.018329938900203624
2022-06-07,10150,10350,9610,9610,1501253,-0.039000000000000035
2022-06-08,9620,10050,9310,10000,1994062,0.04058272632674287
2022-06-09,9750,9900,9520,9700,708481,-0.030000000000000027
2022-06-10,9400,9500,8780,8920,724827,-0.08041237113402067
2022-06-13,8780,9080,8640,8820,480578,-0.011210762331838597
2022-06-14,8530,9130,8530,9000,576017,0.020408163265306145
2022-06-15,8910,8930,8380,8390,385845,-0.06777777777777783
2022-06-16,8530,8760,7880,7880,398592,-0.060786650774731776
2022-06-17,7580,7680,7260,7570,430630,-0.03934010152284262
2022-06-20,7590,7890,6780,6950,340426,-0.0819022457067371
2022-06-21,6870,7030,6710,6920,186651,-0.004316546762589968
2022-06-22,7010,7050,6160,6160,239134,-0.10982658959537572
2022-06-23,6200,6370,5590,5610,233656,-0.0892857142857143
2022-06-24,5550,5980,5550,5850,128523,0.04278074866310155
2022-06-27,5940,6480,5940,6240,245099,0.06666666666666665
2022-06-28,6290,6350,6110,6310,89171,0.011217948717948678
2022-06-29,6180,6380,6100,6320,92580,0.0015847860538826808
2022-06-30,6340,6360,6010,6030,132005,-0.04588607594936711
2022-07-01,6000,6150,5660,5750,131950,-0.046434494195688236
2022-07-04,5890,5890,5580,5680,96853,-0.012173913043478257
2022-07-05,5640,6060,5640,6040,108513,0.06338028169014076
2022-07-06,6000,6090,5890,5910,67896,-0.021523178807947074
2022-07-07,5920,6320,5920,6150,166320,0.04060913705583746
2022-07-08,6230,6460,6190,6280,142958,0.021138211382113914
2022-07-11,6260,6380,6180,6250,51341,-0.004777070063694322
2022-07-12,6110,6120,5950,6040,70154,-0.03359999999999996
2022-07-13,6040,6140,5860,6030,63613,-0.0016556291390728006
2022-07-14,6030,6130,5840,6040,57999,0.0016583747927032544
2022-07-15,6050,6100,5760,5940,53742,-0.01655629139072845
2022-07-18,5950,6630,5950,6630,459302,0.11616161616161613
2022-07-19,6820,7040,6700,6720,736526,0.013574660633484115
2022-07-20,6980,6980,6640,6650,162764,-0.01041666666666663
2022-07-21,6690,6800,6560,6720,118335,0.010526315789473717
2022-07-22,6760,6760,6430,6430,117340,-0.04315476190476186
2022-07-25,6380,6750,6370,6540,92882,0.01710730948678063
2022-07-26,6550,6690,6540,6570,57732,0.004587155963302836
2022-07-27,6570,6630,6530,6550,33483,-0.0030441400304414
2022-07-28,6670,6740,6550,6590,56829,0.006106870229007688
2022-07-29,6640,6900,6600,6670,124290,0.012139605462822445
2022-08-01,6830,7350,6660,7350,743011,0.10194902548725637
2022-08-02,7440,9170,7430,8110,6554415,0.10340136054421767
2022-08-03,8130,8190,7900,7950,579300,-0.019728729963008673
2022-08-04,8110,8540,7930,7930,988352,-0.002515723270440251
2022-08-05,7940,8080,7850,7850,157622,-0.010088272383354302
2022-08-08,7800,8180,7800,7910,363994,0.007643312101910826
2022-08-09,7910,8180,7850,7920,143311,0.0012642225031604948
2022-08-10,7920,8050,7720,7730,147735,-0.023989898989899006
2022-08-11,7730,7970,7730,7970,138365,0.031047865459249646
2022-08-12,7970,8350,7800,8050,966219,0.010037641154328814
2022-08-16,8200,8340,8050,8250,342360,0.024844720496894457
2022-08-17,8500,8520,8080,8090,245737,-0.019393939393939408
2022-08-18,8130,8170,7850,8040,146999,-0.006180469715698411
2022-08-19,8140,8270,7770,7800,178988,-0.02985074626865669
2022-08-22,7730,7730,7350,7360,177285,-0.05641025641025643
2022-08-23,7200,7390,7160,7250,130890,-0.014945652173913082
2022-08-24,7210,7410,7140,7230,112683,-0.0027586206896551557
2022-08-25,7300,7480,7270,7420,117600,0.026279391424619547
2022-08-26,7450,7550,7170,7240,88252,-0.02425876010781669
2022-08-29,6870,7090,6830,6870,91314,-0.05110497237569056
2022-08-30,6870,7010,6870,7000,51703,0.018922852983988436
2022-08-31,6990,7020,6840,6980,53151,-0.0028571428571428914
2022-09-01,6910,6940,6570,6660,106176,-0.045845272206303744
2022-09-02,6650,6700,6480,6530,70871,-0.019519519519519468
2022-09-05,6420,6580,6220,6340,80806,-0.029096477794793296
2022-09-06,6240,6550,6240,6460,49761,0.018927444794952786
2022-09-07,6410,6440,6130,6210,62425,-0.03869969040247678
2022-09-08,6220,7970,6220,7480,4492367,0.20450885668276975
2022-09-13,7430,7650,7400,7630,700082,0.020053475935828846
2022-09-14,7330,7410,7150,7400,321502,-0.03014416775884665
2022-09-15,7440,8390,7220,7940,2997105,0.0729729729729729
2022-09-16,7960,9500,7900,8740,8305122,0.10075566750629728
2022-09-19,8650,8850,8130,8300,922928,-0.05034324942791757
2022-09-20,8700,9200,8450,8940,4100167,0.0771084337349397
2022-09-21,9040,9110,8620,8850,1152017,-0.010067114093959773
2022-09-22,8690,8900,8440,8670,518797,-0.02033898305084747
2022-09-23,8650,8900,8270,8310,439126,-0.04152249134948094
2022-09-26,8190,8240,7810,7820,338284,-0.05896510228640195
2022-09-27,7940,8900,7880,8620,1560083,0.10230179028132991
2022-09-28,8550,9200,7690,7790,1764425,-0.09628770301624134
2022-09-29,8130,9030,8100,8500,1826115,0.09114249037227218
2022-09-30,8340,9050,7750,8070,1660911,-0.0505882352941176
2022-10-04,8140,8400,7930,8110,541210,0.004956629491945419
2022-10-05,8330,8630,7940,7960,999552,-0.018495684340320562
2022-10-06,8220,9070,8170,9000,3475094,0.1306532663316582
2022-10-07,8850,9330,8690,8690,1790092,-0.0344444444444445
2022-10-11,8430,8800,8320,8510,686601,-0.020713463751438455
2022-10-12,8520,8540,8040,8060,651639,-0.05287896592244423
2022-10-13,8180,8230,7730,7730,540633,-0.04094292803970223
2022-10-14,7970,8220,7950,8110,267965,0.04915912031047864
2022-10-17,7820,7970,7610,7960,329532,-0.018495684340320562
2022-10-18,8190,8370,8050,8200,416772,0.03015075376884413
2022-10-19,8200,8290,7870,7880,282216,-0.039024390243902474
2022-10-20,7880,7950,7660,7790,201345,-0.011421319796954266
2022-10-21,7710,7900,7670,7670,163066,-0.015404364569961526
2022-10-24,7870,7940,7420,7520,173924,-0.019556714471968717
2022-10-25,7550,7720,7270,7270,223827,-0.0332446808510638
2022-10-26,7370,7380,6810,6820,270439,-0.061898211829436
2022-10-27,6830,6940,6660,6870,175297,0.007331378299120228
2022-10-28,6800,6960,6600,6610,151367,-0.03784570596797676
2022-10-31,6660,6820,6530,6800,107336,0.02874432677760974
2022-11-01,6830,6980,6610,6980,146764,0.026470588235294024
2022-11-02,6990,6990,6850,6880,88629,-0.014326647564469885
2022-11-03,6800,6960,6590,6910,111480,0.0043604651162789665
2022-11-04,6980,7200,6920,7030,175810,0.01736613603473236
2022-11-07,7020,7150,6940,7040,111607,0.0014224751066855834
2022-11-08,7180,7180,7020,7110,124416,0.009943181818181879
2022-11-09,7170,7250,7010,7020,110212,-0.012658227848101222
2022-11-10,6940,7030,6860,6910,100988,-0.015669515669515688
2022-11-11,7130,7190,7000,7140,158954,0.0332850940665701
2022-11-14,7140,7340,7080,7280,204505,0.019607843137254832
2022-11-15,7400,7550,7230,7250,234119,-0.004120879120879106
2022-11-16,7270,7320,7060,7100,142420,-0.020689655172413834
2022-11-17,7100,7300,6990,7050,136019,-0.007042253521126751
2022-11-18,7190,7340,7070,7110,191799,0.008510638297872353
2022-11-21,7180,7180,6870,6870,108714,-0.03375527426160341
2022-11-22,6810,7130,6740,6950,98998,0.011644832605531397
2022-11-23,6980,7040,6900,6900,73468,-0.007194244604316502
2022-11-24,6920,7050,6900,7030,67772,0.018840579710144967
2022-11-25,6950,7080,6930,6940,80658,-0.012802275960170695
2022-11-28,6940,6940,6540,6550,145379,-0.05619596541786742
2022-11-29,6490,6640,6480,6600,39840,0.007633587786259444
2022-11-30,6530,6630,6510,6540,49662,-0.009090909090909038
2022-12-01,6800,6800,6600,6650,49844,0.01681957186544336
2022-12-02,6650,6680,6510,6560,56702,-0.013533834586466176
2022-12-05,6580,6700,6550,6610,62302,0.007621951219512146
2022-12-06,6570,6650,6380,6400,64384,-0.0317700453857791
2022-12-07,6340,6340,6250,6290,64337,-0.017187500000000022
2022-12-08,6190,6340,6170,6230,36903,-0.009538950715421324
2022-12-09,6260,6280,6020,6090,87956,-0.022471910112359605
2022-12-12,6110,6210,5920,6090,48872,0.0
2022-12-13,6100,6270,6100,6190,41237,0.016420361247947435
2022-12-14,6180,6340,6170,6270,51477,0.01292407108239102
2022-12-15,6270,6350,6210,6210,30781,-0.009569377990430672
2022-12-16,6100,6190,5920,5920,68023,-0.04669887278582929
2022-12-19,6000,6090,5820,5980,61895,0.010135135135135087
2022-12-20,6010,6090,5910,5990,57841,0.0016722408026756952
2022-12-21,6000,6080,5920,5920,40723,-0.011686143572620988
2022-12-22,5930,5970,5870,5900,31320,-0.0033783783783783994
2022-12-23,5820,5840,5620,5620,57832,-0.0474576271186441
2022-12-26,5590,5630,5530,5550,37872,-0.01245551601423489
2022-12-27,5510,5610,5510,5520,46051,-0.00540540540540535
2022-12-28,5570,5700,5530,5550,47895,0.005434782608695565
2022-12-29,5550,5630,5320,5440,57681,-0.01981981981981984
2023-01-02,5440,5600,5140,5140,90448,-0.05514705882352944
2023-01-03,5390,5500,5140,5400,81060,0.05058365758754868
2023-01-04,5320,5520,5280,5510,48683,0.020370370370370372
2023-01-05,5510,5680,5450,5540,48116,0.005444646098003547
2023-01-06,5540,5860,5360,5680,67303,0.025270758122743597
2023-01-09,5850,6730,5740,6120,1260753,0.07746478873239426
2023-01-10,6140,6560,6140,6170,548332,0.008169934640522847
2023-01-11,6280,6330,6130,6220,75551,0.008103727714748876
2023-01-12,6170,6240,6080,6080,64663,-0.022508038585209
2023-01-13,6060,6310,6060,6280,111994,0.03289473684210531
2023-01-16,6400,6400,6200,6270,92957,-0.0015923566878981443
2023-01-17,6380,6720,6120,6120,386416,-0.02392344497607657
2023-01-18,6180,7420,6010,6640,5091146,0.08496732026143783
2023-01-19,6640,6860,6530,6640,506678,0.0
2023-01-20,6700,6840,6550,6700,275585,0.009036144578313143
2023-01-25,6700,6940,6660,6840,433747,0.020895522388059806
2023-01-26,6940,7400,6620,6650,1191331,-0.02777777777777779
2023-01-27,6670,6880,6590,6780,244885,0.019548872180451093
2023-01-30,7050,7730,6900,7270,1826621,0.07227138643067854
2023-01-31,7200,8000,7050,7670,2069483,0.05502063273727642
2023-02-01,7720,7800,7250,7260,532379,-0.0534550195567145
2023-02-02,7260,7420,7130,7300,293446,0.005509641873278293
2023-02-03,7350,7390,6980,7030,313339,-0.03698630136986303
2023-02-06,7040,7070,6830,6860,168499,-0.024182076813655806
2023-02-07,6870,6890,6750,6870,140846,0.001457725947521915
2023-02-08,6870,6900,6770,6870,221186,0.0
2023-02-09,6840,6850,6570,6640,205285,-0.033478893740902516
2023-02-10,6550,6700,6450,6590,133791,-0.0075301204819276935
2023-02-13,6500,6860,6500,6790,197302,0.030349013657056112
2023-02-14,6800,6980,6670,6680,200102,-0.016200294550810068
2023-02-15,6750,6760,6270,6300,156331,-0.05688622754491013
2023-02-16,6400,7200,6310,6760,559090,0.07301587301587298
2023-02-17,6610,6710,6560,6620,93274,-0.020710059171597628
2023-02-20,6650,6800,6460,6740,107090,0.01812688821752273
2023-02-21,6790,6890,6660,6680,121922,-0.008902077151335286
2023-02-22,6500,7430,6500,6920,1757380,0.03592814371257491
2023-02-23,6890,7320,6810,7240,689721,0.046242774566473965
2023-02-24,7320,7420,6970,7050,501637,-0.026243093922651894
2023-02-27,7020,7620,7000,7280,815786,0.03262411347517724
2023-02-28,7350,7490,7110,7150,430075,-0.017857142857142905
2023-03-02,7250,7250,6890,6990,220149,-0.02237762237762242
2023-03-03,7190,7430,7120,7160,308622,0.024320457796852546
2023-03-06,7190,7380,7020,7220,278426,0.008379888268156499
2023-03-07,7120,7220,7110,7110,102712,-0.015235457063711877
2023-03-08,7150,7350,6960,6970,189750,-0.019690576652601988
2023-03-09,7530,8220,7040,7110,3138616,0.020086083213773254
2023-03-10,7010,7500,6870,7380,850750,0.03797468354430378
2023-03-13,7370,7400,7090,7170,214823,-0.028455284552845517
2023-03-14,7380,7750,7100,7140,658383,-0.004184100418409997
2023-03-15,7350,7690,7200,7410,570035,0.037815126050420256
2023-03-16,7540,7730,7210,7560,679712,0.020242914979757165
2023-03-17,7880,8490,7740,7990,1941678,0.05687830687830697
2023-03-20,8160,9900,7960,9320,6930199,0.16645807259073853
2023-03-21,8990,9150,8570,8690,1321613,-0.06759656652360513
2023-03-22,8790,9630,8530,9070,2694563,0.04372842347525885
2023-03-23,8960,9500,8660,8730,1373542,-0.037486218302094865
2023-03-24,8980,9180,8740,9060,610525,0.037800687285223455
2023-03-27,8980,9220,8740,9190,388455,0.014348785871964642
2023-03-28,9400,9660,8880,8880,753218,-0.03373231773667029
2023-03-29,8880,8880,8410,8420,397587,-0.05180180180180183
2023-03-30,8550,8720,8280,8630,348149,0.02494061757719712
2023-03-31,8560,8570,8100,8150,335810,-0.055619930475086954
2023-04-03,8150,8250,8020,8130,164473,-0.0024539877300613355
2023-04-04,8240,8460,7810,7970,445535,-0.019680196801967975
2023-04-05,7950,8070,7710,7800,328011,-0.021329987452948562
2023-04-06,7820,7830,7500,7600,245512,-0.02564102564102566
2023-04-07,7740,7810,7440,7520,188466,-0.010526315789473717
2023-04-10,7530,7610,7290,7460,175916,-0.007978723404255317
2023-04-11,7460,7630,7200,7630,191820,0.02278820375335111
2023-04-12,7540,7950,7440,7600,361849,-0.003931847968545177
2023-04-13,7600,8190,7420,7920,610249,0.042105263157894646
2023-04-14,7920,7970,7710,7800,197601,-0.015151515151515138
2023-04-17,7820,8020,7710,7910,208098,0.014102564102564052
2023-04-18,7920,7920,7580,7650,167142,-0.03286978508217442
2023-04-19,7650,8010,7510,7750,187112,0.013071895424836555
2023-04-20,7800,7860,7230,7290,207629,-0.05935483870967739
2023-04-21,7420,7570,7210,7330,141655,0.005486968449931462
2023-04-24,7240,7360,7010,7110,132096,-0.030013642564802212
2023-04-25,7010,7110,6650,6920,139152,-0.026722925457102642
2023-04-26,6900,6990,6730,6800,79440,-0.017341040462427793
2023-04-27,6720,6950,6580,6860,87303,0.008823529411764675
2023-04-28,6930,6960,6570,6580,99493,-0.04081632653061229
2023-05-02,6580,6860,6580,6840,49172,0.03951367781155013
2023-05-03,6900,6900,6690,6720,28614,-0.01754385964912286
2023-05-04,6650,6820,6570,6730,42073,0.0014880952380953438
2023-05-08,6900,6960,6750,6870,55577,0.02080237741456159
2023-05-09,6790,7100,6730,6760,94134,-0.01601164483260553
2023-05-10,6770,6840,6600,6600,60433,-0.023668639053254448
2023-05-11,6610,6840,6610,6720,56609,0.018181818181818077
2023-05-12,6760,6760,6510,6630,46196,-0.013392857142857095
2023-05-15,6700,6740,6470,6510,59787,-0.018099547511312264
2023-05-16,6510,6560,6250,6310,81435,-0.030721966205837226
2023-05-17,6410,6410,6290,6340,44812,0.004754358161648264
2023-05-18,6420,6640,6390,6590,66141,0.039432176656151396
2023-05-19,6700,7460,6600,7110,576423,0.07890743550834589
2023-05-22,7100,7190,6980,7010,91692,-0.01406469760900142
2023-05-23,6980,7110,6970,7020,65660,0.0014265335235377208
2023-05-24,7040,7040,6800,6860,52539,-0.022792022792022748
2023-05-25,6770,6940,6770,6880,38159,0.00291545189504383
2023-05-26,6670,6830,6600,6610,90262,-0.03924418604651159
2023-05-30,6700,8590,6650,8590,6757601,0.2995461422087746
2023-05-31,8090,8450,7820,7980,4192901,-0.07101280558789291
2023-06-01,7990,8050,7700,7880,640894,-0.01253132832080206
2023-06-02,8000,8360,7900,8210,1621981,0.04187817258883242
2023-06-05,8250,8480,8080,8110,981077,-0.01218026796589522
2023-06-07,8200,8280,8080,8120,344129,0.0012330456226881115
2023-06-08,8100,8110,7850,7960,256092,-0.019704433497536922
2023-06-09,7970,8160,7860,8100,278506,0.017587939698492372
2023-06-12,8100,8100,7800,7820,241222,-0.03456790123456788
2023-06-13,7830,8010,7830,7870,183588,0.006393861892583175
2023-06-14,7890,7890,7530,7610,238047,-0.03303684879288438
2023-06-15,7650,7920,7630,7910,168727,0.03942181340341655
2023-06-16,7950,7960,7780,7820,98893,-0.011378002528445008
2023-06-19,7920,7970,7720,7740,146084,-0.010230179028132946
2023-06-20,7620,7710,7410,7420,225089,-0.04134366925064603
2023-06-21,7420,7590,7330,7370,178896,-0.006738544474393482
2023-06-22,7350,7820,7250,7790,348359,0.056987788331071876
2023-06-23,7810,7840,7560,7600,163229,-0.024390243902439046
2023-06-26,7610,7660,7450,7460,85570,-0.018421052631578894
2023-06-27,7400,7650,7360,7540,91280,0.01072386058981234
2023-06-28,7660,7700,7310,7310,107265,-0.0305039787798409
2023-06-29,7330,7420,7020,7260,134390,-0.0068399452804377425
2023-06-30,7260,7340,7060,7330,60640,0.009641873278236845
2023-07-03,7450,7590,7390,7510,85261,0.024556616643929052
2023-07-04,7460,7560,7310,7460,54368,-0.0066577896138482195
2023-07-05,7520,7520,7210,7210,76478,-0.03351206434316356
2023-07-06,7270,7270,6840,6950,129815,-0.03606102635228847
2023-07-07,6930,6950,6780,6890,66718,-0.008633093525179825
2023-07-10,7000,7000,6690,6800,53958,-0.013062409288824406
2023-07-11,6820,6960,6800,6890,60286,0.013235294117647012
2023-07-12,6850,6980,6700,6790,87395,-0.014513788098693747
2023-07-13,6790,7030,6760,6800,78870,0.0014727540500736325
2023-07-14,7010,7020,6700,6780,101306,-0.002941176470588225
2023-07-17,6880,7160,6760,7080,131320,0.04424778761061954
2023-07-18,7040,7190,6870,6930,98600,-0.021186440677966156
2023-07-19,6990,7200,6870,7180,109687,0.03607503607503615
2023-07-20,7180,7330,7010,7300,108414,0.01671309192200554
2023-07-21,7170,7350,7060,7140,112143,-0.021917808219178103
2023-07-24,7060,7150,6410,6740,164517,-0.05602240896358546
2023-07-25,6740,6740,6380,6450,149380,-0.04302670623145399
2023-07-26,6650,6650,5900,5960,241272,-0.07596899224806197
2023-07-27,6250,6500,6000,6440,132319,0.08053691275167796
2023-07-28,6440,6550,6250,6450,65726,0.0015527950310558758
2023-07-31,6490,6640,6310,6620,68160,0.02635658914728678
2023-08-01,6720,6950,6580,6740,78653,0.01812688821752273
2023-08-02,6880,6880,6430,6500,82775,-0.035608308605341255
2023-08-03,6530,6550,6300,6410,59100,-0.013846153846153841
2023-08-04,6390,6820,6310,6770,94850,0.05616224648985968
2023-08-07,6690,7100,6640,6930,195737,0.02363367799113747
2023-08-08,6930,7030,6720,6800,55396,-0.018759018759018753
2023-08-09,6690,7030,6690,6880,66386,0.0117647058823529
2023-08-10,6880,7020,6830,6840,63532,-0.005813953488372103
2023-08-11,6900,7220,6840,7140,258758,0.04385964912280693
2023-08-14,7130,7140,6950,7010,53694,-0.018207282913165312
2023-08-16,6950,6950,6400,6480,135415,-0.07560627674750353
2023-08-17,6460,6600,6210,6580,54364,0.015432098765432167
2023-08-18,6490,6490,6300,6360,45393,-0.033434650455927084
2023-08-21,6360,6450,6280,6360,33403,0.0
2023-08-22,6360,6470,6280,6280,33290,-0.012578616352201255
2023-08-23,6280,6280,6150,6180,51938,-0.015923566878980888
2023-08-24,6200,6410,6200,6370,27916,0.0307443365695792
2023-08-25,6260,6450,6220,6420,29085,0.007849293563579218
2023-08-28,6440,6780,6390,6740,77201,0.049844236760124616
2023-08-29,6780,6890,6640,6860,67854,0.017804154302670572
2023-08-30,6890,7060,6780,7040,109954,0.026239067055393583
2023-08-31,7020,7250,6870,7190,399418,0.02130681818181812
2023-09-01,7440,7960,6740,6800,2185289,-0.05424200278164115
2023-09-04,6780,7630,6740,7130,1286844,0.04852941176470593
2023-09-05,7150,7400,6970,7370,364715,0.033660589060308554
2023-09-06,7370,7470,7050,7230,346184,-0.018995929443690662
2023-09-07,7300,7750,7230,7420,845205,0.026279391424619547
2023-09-08,7330,7960,7170,7590,1107909,0.022911051212938016
2023-09-11,7680,8100,7280,7900,1141383,0.040843214756258295
2023-09-12,7890,7890,7220,7310,356743,-0.07468354430379742
2023-09-13,7310,7440,7070,7120,185155,-0.025991792065663488
2023-09-14,7190,7350,7010,7350,174097,0.032303370786516794
2023-09-15,7280,7300,7090,7190,98763,-0.0217687074829932
2023-09-18,7050,7190,6990,7100,69365,-0.012517385257301838
2023-09-19,7060,7090,6880,6940,74974,-0.022535211267605604
2023-09-20,7020,7150,6940,6950,102232,0.0014409221902016434
2023-09-21,6840,6950,6620,6670,91018,-0.0402877697841727
2023-09-22,6600,7250,6500,6920,291959,0.03748125937031488
2023-09-25,7000,7190,6700,6940,137061,0.0028901734104045396
2023-09-26,6940,7010,6550,6600,89036,-0.04899135446685876
2023-09-27,6450,7180,6440,6900,248886,0.045454545454545414
2023-10-04,6810,7180,6690,6820,168076,-0.011594202898550732
2023-10-05,6890,6940,6400,6410,110890,-0.06011730205278587
2023-10-06,6510,6660,6400,6480,49713,0.010920436817472678
2023-10-10,6490,6780,6280,6310,67273,-0.026234567901234573
2023-10-11,6470,6540,6310,6320,24197,0.0015847860538826808
2023-10-12,6370,6650,6360,6580,31156,0.04113924050632911
2023-10-13,6440,6540,6350,6510,26331,-0.010638297872340385
2023-10-16,6360,6440,6210,6220,44524,-0.044546850998463894
2023-10-17,6450,6450,6250,6250,22766,0.004823151125401992
2023-10-18,6280,6480,6210,6250,36311,0.0
2023-10-19,6260,6300,6010,6010,46600,-0.03839999999999999
2023-10-20,5990,6000,5630,5800,77201,-0.03494176372712143
2023-10-23,5670,5880,5620,5650,34506,-0.025862068965517238
2023-10-24,5640,5870,5510,5850,39283,0.03539823008849563
2023-10-25,5850,5920,5770,5880,15171,0.00512820512820511
2023-10-26,5650,5810,5550,5640,40087,-0.04081632653061229
2023-10-27,5530,5700,5500,5520,26441,-0.021276595744680882
2023-10-30,5520,5860,5470,5700,31555,0.032608695652173836
2023-10-31,5700,5920,5560,5620,27348,-0.01403508771929829
2023-11-01,5570,5980,5570,5810,25381,0.03380782918149472
2023-11-02,5820,6050,5820,6030,26169,0.03786574870912229
2023-11-03,6090,6230,5890,6130,36575,0.016583747927031434
2023-11-06,6180,6250,6080,6250,36814,0.019575856443719397
2023-11-07,6260,6260,6010,6220,23341,-0.0048000000000000265
2023-11-08,6240,6240,6020,6090,45333,-0.020900321543408373
2023-11-09,6190,6190,5980,6080,21275,-0.0016420361247947435
2023-11-10,6070,6070,5810,5850,25128,-0.03782894736842102
2023-11-13,5940,5940,5710,5760,16256,-0.01538461538461533
2023-11-14,5760,5970,5720,5940,11557,0.03125
2023-11-15,5960,6080,5940,6000,15086,0.010101010101010166
2023-11-16,6020,6170,6000,6080,26803,0.01333333333333342
2023-11-17,6020,6020,5910,5930,18767,-0.024671052631578982
2023-11-20,5900,6140,5890,6070,31750,0.02360876897133224
2023-11-21,6100,6130,6010,6070,18798,0.0
2023-11-22,6070,6190,6020,6050,30755,-0.0032948929159802853
2023-11-23,6100,6180,5980,6070,24752,0.0033057851239668423
2023-11-24,6010,6090,6010,6070,20216,0.0
2023-11-27,6080,6140,5930,5930,27960,-0.023064250411861664
2023-11-28,6000,6100,5970,6050,32078,0.02023608768971341
2023-11-29,6100,6170,6020,6050,62596,0.0
2023-11-30,6080,6480,6080,6340,131638,0.04793388429752077
2023-12-01,6250,6530,6240,6410,73077,0.011041009463722329
2023-12-04,6600,6650,6420,6450,55692,0.006240249609984483
2023-12-05,6500,6500,6270,6280,33981,-0.02635658914728678
2023-12-06,6430,6610,6240,6520,73443,0.03821656050955413
2023-12-07,6520,6520,6260,6370,21580,-0.02300613496932513
2023-12-08,6400,6440,6320,6400,26247,0.0047095761381474865
2023-12-11,6430,6530,6300,6440,23272,0.006250000000000089
2023-12-12,6440,6640,6380,6630,52874,0.029503105590062084
2023-12-13,6700,6890,6560,6860,112882,0.03469079939668185
2023-12-14,6830,7060,6770,6850,97870,-0.001457725947521915
2023-12-15,6820,7190,6820,7000,201058,0.021897810218978186
2023-12-18,7080,7240,6880,7100,84623,0.014285714285714235
2023-12-19,7190,7210,6910,7080,72056,-0.0028169014084507005
2023-12-20,7140,7190,6950,7000,90222,-0.011299435028248594
2023-12-21,7060,7480,6880,7480,278221,0.0685714285714285
2023-12-22,7400,7500,7190,7370,239236,-0.014705882352941124
2023-12-26,7300,7300,6990,7080,129850,-0.03934871099050208
2023-12-27,7020,7230,7020,7210,72154,0.01836158192090398
2023-12-28,7340,7750,7230,7720,311054,0.07073509015256585
2024-01-02,7930,8040,7260,7340,343903,-0.04922279792746109
2024-01-03,7390,7780,7140,7690,96332,0.04768392370572205
2024-01-04,7830,8140,7300,7690,570238,0.0
2024-01-05,7720,8120,7690,8110,242398,0.0546163849154746
2024-01-08,8120,8620,8120,8290,563732,0.022194821208384674
2024-01-09,8150,8150,7650,8010,365647,-0.033775633293124274
2024-01-10,8060,8350,7720,7950,256525,-0.0074906367041198685
2024-01-11,7990,8130,7710,8000,230824,0.0062893081761006275
2024-01-12,8120,8760,8010,8040,1224257,0.004999999999999893
2024-01-15,8040,8320,7900,8140,309448,0.01243781094527363
2024-01-16,7900,8160,7520,8060,244566,-0.009828009828009798
2024-01-17,8060,8300,7950,8160,276634,0.012406947890818865
2024-01-18,8200,8420,8090,8210,219678,0.006127450980392135
2024-01-19,8190,8610,8190,8610,289450,0.0487210718635811
2024-01-22,8770,9420,8770,9360,603419,0.08710801393728218
2024-01-23,9290,9380,9040,9220,234526,-0.014957264957264904
2024-01-24,9320,9470,9160,9390,209240,0.018438177874186445
2024-01-25,9380,9850,9030,9670,349758,0.029818956336528313
2024-01-26,9510,10000,9200,9200,424299,-0.04860392967942084
2024-01-29,9150,9170,8520,8790,304535,-0.04456521739130437
2024-01-30,8740,9450,8670,9400,291258,0.0693970420932879
2024-01-31,9450,9820,9310,9450,334768,0.005319148936170137
2024-02-01,9320,9900,9310,9810,386625,0.03809523809523818
2024-02-02,9830,10790,9560,10450,633179,0.06523955147808369
2024-02-05,10450,11490,10200,11320,763286,0.08325358851674647
2024-02-06,11340,11950,10650,11950,516594,0.055653710247349775
2024-02-07,11800,12810,11600,12750,369151,0.06694560669456062
2024-02-08,12810,13700,11560,11900,999402,-0.06666666666666665
2024-02-13,10970,12160,10250,11500,978286,-0.03361344537815125
2024-02-14,11420,13740,11420,13740,994055,0.19478260869565212
2024-02-15,14520,14750,13860,14320,676360,0.04221251819505101
2024-02-16,14200,14580,13820,14100,305674,-0.015363128491620137
2024-02-19,14200,15500,14200,15260,438959,0.08226950354609919
2024-02-20,15230,16060,15000,16050,403586,0.0517693315858454
2024-02-21,16290,18930,16290,18290,982032,0.13956386292834888
2024-02-22,18000,18600,17600,18130,308377,-0.00874794969928927
2024-02-23,18500,19740,18300,19220,408544,0.06012134583563156
2024-02-26,18950,19000,17260,18080,377543,-0.0593132154006244
2024-02-27,18080,18080,16280,17550,320561,-0.029314159292035402
2024-02-28,17000,18050,12290,12290,1979281,-0.2997150997150997
2024-02-29,11710,13700,9410,12300,2661926,0.0008136696501219731
2024-03-04,12300,12940,9220,10030,1874478,-0.1845528455284553
2024-03-05,10000,12500,9650,11900,1140641,0.18644067796610164
2024-03-06,11690,12350,9010,9640,1525224,-0.1899159663865546
2024-03-07,9940,10860,9610,10150,1049816,0.05290456431535273
2024-03-08,10630,11610,10560,10910,692206,0.07487684729064048
2024-03-11,11830,12970,11520,12970,770560,0.18881759853345548
2024-03-12,14250,14970,12150,12870,1141238,-0.00771010023130303
2024-03-13,12970,13260,12040,12540,499247,-0.02564102564102566
2024-03-14,12510,13780,12350,13570,618786,0.0821371610845294
2024-03-15,13700,14250,13570,14100,481785,0.03905674281503324
2024-03-18,14230,15360,13300,15270,562397,0.08297872340425538
2024-03-19,15270,15320,12620,13770,1325423,-0.0982318271119843
2024-03-20,13770,13780,11300,12760,1422860,-0.07334785766158314
2024-03-21,14000,14850,13000,14300,951642,0.1206896551724137
2024-03-22,14570,14970,10010,10010,3807382,-0.30000000000000004
2024-03-25,11000,11500,10510,10950,1471541,0.09390609390609383
2024-03-26,11200,11660,10530,11580,563475,0.05753424657534256
2024-03-27,11630,12290,11070,11930,621571,0.030224525043177852
2024-03-28,12250,13330,9870,11310,2048716,-0.05196982397317684
2024-03-29,11280,11770,10350,11090,1182127,-0.01945181255526085
2024-04-01,11400,12110,7770,7890,10833902,-0.2885482416591524
2024-04-02,8110,8350,7490,7830,2158771,-0.0076045627376425395
2024-04-03,8290,8540,7940,8360,1515789,0.0676883780332056
2024-04-04,8530,8530,8050,8320,494655,-0.004784688995215336
2024-04-05,8230,9350,8120,9130,1520874,0.09735576923076916
2024-04-08,9130,9390,8950,9100,312530,-0.003285870755750264
2024-04-09,9340,9450,9110,9160,331623,0.00659340659340657
2024-04-11,9050,9840,8940,9650,415601,0.053493449781659486
2024-04-12,9730,10040,9300,9390,542801,-0.02694300518134718
2024-04-15,9150,9280,8150,8840,597445,-0.058572949946751884
2024-04-16,8600,9170,8560,8800,357448,-0.004524886877828038
2024-04-17,8780,9230,7990,8670,558945,-0.01477272727272727
2024-04-18,8650,8770,7900,8120,520347,-0.06343713956170705
2024-04-19,8200,8260,7150,7440,985924,-0.08374384236453203
2024-04-22,7410,7480,6940,7060,489542,-0.051075268817204256
2024-04-23,7060,7200,6690,6860,353485,-0.028328611898016942
2024-04-24,6870,7450,6680,7370,432131,0.07434402332361523
2024-04-25,7400,8000,7370,7800,453790,0.05834464043419274
2024-04-26,7930,8920,7900,8780,630902,0.12564102564102564
2024-04-29,8860,9100,8300,8660,465876,-0.013667425968109326
2024-04-30,8800,8970,8500,8540,171785,-0.01385681293302543
2024-05-02,8650,8880,7600,7870,569576,-0.07845433255269318
2024-05-03,7950,8190,7880,8110,180250,0.030495552731893305
2024-05-07,8120,8160,7560,7790,293116,-0.039457459926017235
2024-05-08,7770,7790,7530,7630,142800,-0.020539152759948665
2024-05-09,7720,8510,7680,8240,527242,0.0799475753604193
2024-05-10,8430,8840,8130,8150,269762,-0.01092233009708743
2024-05-13,8150,8260,7700,7780,138141,-0.04539877300613493
2024-05-14,8000,8440,7880,8320,247477,0.06940874035989708
2024-05-16,8800,9750,8470,9610,1745195,0.15504807692307687
2024-05-17,9570,9800,9060,9380,540747,-0.02393340270551514
2024-05-20,9520,10260,9520,9800,684531,0.04477611940298498
2024-05-21,9770,9770,8820,8820,462161,-0.09999999999999998
2024-05-22,9130,9270,8460,8840,327504,0.0022675736961450532
2024-05-23,8910,9410,8790,8790,221800,-0.005656108597285048
2024-05-24,8800,8880,7870,8100,433622,-0.07849829351535831
2024-05-27,8420,9280,8420,9260,617581,0.14320987654320994
2024-05-28,9280,9710,9050,9080,267608,-0.01943844492440605
2024-05-29,9090,9180,8570,8710,246618,-0.040748898678414136
2024-05-30,9000,9650,8900,9110,663519,0.04592422502870264
2024-05-31,9120,9150,8890,9030,220559,-0.008781558726673966
2024-06-03,9180,9350,8780,9040,203660,0.001107419712070845
2024-06-04,9090,9440,8930,9000,266571,-0.004424778761061954
2024-06-05,9010,9220,8300,8800,298123,-0.022222222222222254
2024-06-07,8800,8900,8570,8700,141164,-0.011363636363636354
2024-06-10,8700,8800,8550,8660,67019,-0.0045977011494252595
2024-06-11,8540,8600,8230,8460,180555,-0.023094688221709014
2024-06-12,8630,8910,8330,8700,204017,0.028368794326241176
2024-06-13,8960,9040,8810,8950,164542,0.028735632183908066
2024-06-14,8950,9330,8740,9270,246103,0.03575418994413404
2024-06-17,9220,10110,9090,9750,641858,0.05177993527508096
2024-06-18,9790,10890,9740,10880,710408,0.11589743589743584
2024-06-19,11000,11960,10760,11810,756200,0.08547794117647056
2024-06-20,11810,11810,9480,9660,1932166,-0.18204911092294662
2024-06-21,9800,10900,9660,10620,821963,0.0993788819875776
2024-06-24,10970,11260,9920,10010,380966,-0.057438794726930364
2024-06-25,10180,10960,10070,10180,289078,0.016983016983016963
2024-06-26,10230,10410,9780,10190,245911,0.0009823182711199419
2024-06-27,10190,10290,9780,9800,198196,-0.03827281648675174
2024-06-28,9890,9950,9570,9730,140009,-0.0071428571428571175
2024-07-01,9750,10340,9730,10100,225591,0.03802672147995878
2024-07-02,9940,10190,9830,10050,88078,-0.004950495049504955
2024-07-03,10060,10730,9920,10610,316192,0.05572139303482593
2024-07-04,10610,10610,10060,10220,170273,-0.03675777568331762
2024-07-05,10300,10760,9970,10590,277342,0.03620352250489245
2024-07-08,10690,12100,10640,12030,908693,0.13597733711048154
2024-07-09,12040,12650,11000,12100,823227,0.005818786367414841
2024-07-10,12100,13190,12000,12730,688718,0.05206611570247932
2024-07-11,12850,14300,12850,13700,1081086,0.0761979575805185
2024-07-12,13550,14040,13200,13900,799688,0.014598540145985384
2024-07-15,14220,14630,13260,14110,707632,0.015107913669064832
2024-07-16,13800,14680,13520,13890,461403,-0.015591778880226781
2024-07-17,13540,13640,12600,13150,584631,-0.05327573794096474
2024-07-18,13140,13450,12570,13380,285958,0.017490494296577896
2024-07-19,13030,13490,11880,12200,542986,-0.08819133034379667
2024-07-22,12290,12510,11100,12280,314877,0.006557377049180246
2024-07-23,11990,12340,11710,12300,213650,0.0016286644951140072
2024-07-24,12500,13240,12500,13020,232841,0.05853658536585371
2024-07-25,12900,13110,12200,12730,181664,-0.022273425499231947
2024-07-26,12620,12880,12090,12500,160989,-0.01806755695208173
2024-07-29,12460,12490,11220,11670,244410,-0.06640000000000001
2024-07-30,11720,12650,11550,12520,213697,0.0728363324764354
2024-07-31,12300,12350,11560,11920,273942,-0.04792332268370603
2024-08-01,11900,11920,10910,11500,336696,-0.03523489932885904
2024-08-02,11000,11160,10340,10640,478810,-0.07478260869565212
2024-08-05,10540,10540,7780,8840,619958,-0.16917293233082709
2024-08-06,8560,10160,8560,10130,377570,0.14592760180995468
2024-08-07,10210,11130,10130,11050,232887,0.09081934846989137
2024-08-08,10700,11690,10470,10950,300007,-0.009049773755656076
2024-08-09,11050,11350,10650,10670,162330,-0.025570776255707806
2024-08-12,10950,10990,10540,10670,119043,0.0
2024-08-13,10610,10840,9610,9900,221197,-0.07216494845360821
2024-08-14,9920,10060,9660,9760,134500,-0.014141414141414121
2024-08-16,10000,10630,10000,10190,185218,0.044057377049180335
2024-08-19,10300,10890,10170,10250,175086,0.0058881256133465065
2024-08-20,10160,10650,10100,10190,140948,-0.005853658536585371
2024-08-21,10330,10520,10160,10460,108083,0.026496565260058835
2024-08-22,10450,10650,10250,10350,75724,-0.010516252390057379
2024-08-23,10260,10460,10100,10300,109278,-0.004830917874396157
2024-08-26,10430,11470,10430,11000,253819,0.06796116504854366
2024-08-27,10810,11750,10770,11690,238922,0.06272727272727274
2024-08-28,11750,11890,11220,11300,158547,-0.03336184773310524
2024-08-29,11300,11650,11110,11330,183017,0.0026548672566371057
2024-08-30,11230,11370,10560,10950,166265,-0.033539276257722905
2024-09-02,10950,10950,10110,10430,178992,-0.0474885844748858
2024-09-03,10400,10470,9770,9860,248231,-0.05465004793863859
2024-09-04,9650,9840,9070,9700,213425,-0.016227180527383367
2024-09-05,9830,9880,9020,9150,183915,-0.05670103092783507
2024-09-06,9070,9200,8590,8960,178120,-0.020765027322404372
2024-09-09,8490,8740,8300,8470,250725,-0.0546875
2024-09-10,8480,8490,7660,7940,427131,-0.06257378984651707
2024-09-11,7950,8250,7810,7900,199627,-0.005037783375314908
2024-09-12,7920,8380,7850,8270,137357,0.04683544303797471
2024-09-13,8410,9520,7960,9140,495774,0.10519951632406288
2024-09-19,9150,10050,9150,9790,256246,0.07111597374179435
2024-09-20,9670,9970,9630,9770,88435,-0.002042900919305368
2024-09-23,9800,9820,9260,9370,96488,-0.04094165813715456
2024-09-24,9250,9340,7830,8430,488596,-0.10032017075773747
2024-09-25,8410,8410,8070,8140,253994,-0.03440094899169632
2024-09-26,8250,8420,8120,8270,160383,0.01597051597051591
2024-09-27,8210,8370,8080,8180,130675,-0.010882708585247869
2024-09-30,8200,8270,7980,7980,125289,-0.02444987775061125
2024-10-02,7800,8140,7790,8000,84476,0.0025062656641603454
2024-10-04,8000,8020,7800,7800,115779,-0.025000000000000022
2024-10-07,7790,7900,7530,7590,209456,-0.02692307692307694
2024-10-08,7610,9160,7500,8070,5467590,0.06324110671936767
2024-10-10,7910,8010,7730,7750,497849,-0.039653035935563796
2024-10-11,7820,7980,7330,7390,407861,-0.04645161290322586
2024-10-14,7390,7700,6920,6950,499641,-0.05953991880920162
2024-10-15,7040,7100,6780,6910,213091,-0.0057553956834532904
2024-10-16,6820,6930,6720,6800,156535,-0.01591895803183796
2024-10-17,6790,6870,6680,6720,203645,-0.0117647058823529
2024-10-18,6720,6780,6470,6600,262421,-0.017857142857142905
2024-10-21,6490,6660,6340,6350,241157,-0.037878787878787845
2024-10-22,6390,6880,5740,5810,1253277,-0.08503937007874018
2024-10-23,5850,6540,5590,6300,729628,0.0843373493975903
2024-10-24,6310,6550,6180,6340,217697,0.006349206349206327
2024-10-25,6400,6510,5970,6000,203818,-0.05362776025236593
2024-10-28,6000,6250,6000,6130,113773,0.021666666666666723
2024-10-29,6150,6150,5450,5660,574496,-0.07667210440456773
2024-10-30,5690,5690,5500,5570,154525,-0.01590106007067138
2024-10-31,5570,5770,5360,5730,195542,0.02872531418312385
2024-11-01,5720,5730,5400,5450,180722,-0.048865619546247796
2024-11-04,5550,5600,5450,5550,91677,0.0183486238532109
2024-11-05,5550,5650,5430,5530,69973,-0.003603603603603567
2024-11-06,5560,5690,5440,5560,75020,0.005424954792043302
2024-11-07,5570,5880,5400,5670,191598,0.019784172661870603
2024-11-08,5630,5840,5560,5600,119704,-0.012345679012345734
2024-11-11,5600,5730,5090,5170,227030,-0.07678571428571423
2024-11-12,5180,5280,5070,5100,130989,-0.013539651837524147
2024-11-13,5010,6140,5000,5310,2446968,0.04117647058823537
2024-11-14,5320,5350,5080,5110,303864,-0.03766478342749524
2024-11-15,5100,5380,5040,5300,260413,0.03718199608610573
2024-11-18,5300,5400,5160,5170,129542,-0.024528301886792447
2024-11-19,5170,5450,5100,5220,139293,0.009671179883945946
2024-11-20,5250,5370,5060,5060,120085,-0.03065134099616862
2024-11-21,5070,5150,4800,4800,231459,-0.0513833992094862
2024-11-22,4835,5060,4765,4825,161691,0.005208333333333259
2024-11-25,4825,5080,4825,5080,141242,0.0528497409326425
2024-11-26,5130,5450,5090,5430,266140,0.06889763779527569
2024-11-27,5400,5560,5170,5530,201078,0.018416206261510082
2024-11-28,5530,5550,5260,5360,135478,-0.030741410488245968
2024-11-29,5450,5450,5110,5120,118165,-0.04477611940298509
2024-12-02,5120,5210,5020,5030,109140,-0.017578125
2024-12-03,5130,5210,5000,5050,75344,0.003976143141153132
2024-12-04,4990,4990,4700,4935,114442,-0.022772277227722793
2024-12-05,5020,5560,4875,5500,339850,0.11448834853090162
2024-12-06,5500,5560,5100,5280,210292,-0.040000000000000036
2024-12-09,5180,5230,4915,5110,100978,-0.032196969696969724
2024-12-10,5100,5240,5100,5230,129970,0.023483365949119372
2024-12-11,5300,5730,5270,5730,273960,0.09560229445506696
2024-12-12,5770,5980,5400,5790,330022,0.010471204188481575
2024-12-13,5930,6190,5520,5900,533132,0.01899827288428324
2024-12-16,5960,6400,5660,5740,493305,-0.027118644067796627
2024-12-17,5760,5850,5480,5840,239537,0.017421602787456525
2024-12-18,5900,5900,5670,5800,139775,-0.006849315068493178
2024-12-19,5640,5880,5570,5830,127730,0.005172413793103514
2024-12-20,5780,5930,5720,5830,138458,0.0
2024-12-23,5800,5980,5290,5290,386912,-0.09262435677530012
2024-12-24,5300,5570,5190,5440,191218,0.02835538752362954
2024-12-26,5500,5590,5140,5140,196155,-0.05514705882352944
2024-12-27,5170,5240,4925,5020,132320,-0.023346303501945553
2024-12-30,4995,5270,4890,5230,132257,0.041832669322709126
2025-01-02,5480,6090,5430,5920,683297,0.1319311663479923
2025-01-03,5860,5930,5630,5900,275203,-0.0033783783783783994
2025-01-06,6100,6260,5970,6150,323366,0.04237288135593231
2025-01-07,6100,6620,5970,6140,515204,-0.001626016260162566
2025-01-08,6140,6300,6020,6160,171571,0.0032573289902280145
2025-01-09,6110,6650,5900,6520,683426,0.05844155844155852
2025-01-10,6460,6600,6240,6250,440276,-0.04141104294478526
2025-01-13,6250,6370,6070,6170,181765,-0.012800000000000034
2025-01-14,6170,6250,6000,6090,199297,-0.012965964343598091
2025-01-15,6130,6180,5860,5990,210724,-0.016420361247947435
2025-01-16,6110,6200,6010,6050,153673,0.01001669449081799
2025-01-17,6050,6090,5900,6090,115032,0.006611570247933907
2025-01-20,6190,6390,6030,6060,245083,-0.0049261083743842304
2025-01-21,6140,6320,6020,6190,220456,0.021452145214521545
2025-01-22,6340,6340,6090,6090,176163,-0.016155088852988664
2025-01-23,6100,6150,5670,5670,147162,-0.06896551724137934
2025-01-24,5700,5840,5610,5770,80336,0.01763668430335108
2025-01-31,5640,6010,5640,5930,129784,0.02772963604852685
2025-02-03,5930,5940,5610,5690,120471,-0.0404721753794266
2025-02-04,5700,6150,5700,6030,252076,0.05975395430579966
2025-02-05,6030,7830,5940,7400,10649320,0.22719734660033164
2025-02-06,7450,7920,7280,7550,2847734,0.020270270270270174
2025-02-07,7590,8290,7510,8000,2510114,0.0596026490066226
2025-02-10,8220,9040,7920,8130,2437751,0.016250000000000098
2025-02-11,8160,8320,7780,7880,745749,-0.03075030750307506
2025-02-12,7810,7870,7230,7500,610546,-0.048223350253807085
2025-02-13,7380,7440,7110,7260,330127,-0.03200000000000003
2025-02-14,7210,7410,7120,7220,358126,-0.0055096418732781816
2025-02-17,7300,7310,7060,7210,281822,-0.0013850415512465242
2025-02-18,7270,7670,7210,7460,606761,0.03467406380027738
2025-02-19,7530,7540,7110,7230,303370,-0.030831099195710476
2025-02-20,7210,7210,6850,6930,257091,-0.04149377593360992
2025-02-21,6810,7200,6810,7040,183758,0.015873015873015817
2025-02-24,7040,7240,6900,6920,198463,-0.017045454545454586
2025-02-25,6900,7580,6880,7350,644474,0.06213872832369938
2025-02-26,7280,7890,7170,7490,533910,0.01904761904761898
2025-02-27,7490,7540,7090,7160,240344,-0.044058744993324406
2025-02-28,7030,7500,6770,7250,387638,0.012569832402234526
2025-03-04,7200,7720,7140,7700,459186,0.06206896551724128
2025-03-05,7700,7770,7340,7500,335572,-0.025974025974025983
2025-03-06,7440,7440,7030,7030,204161,-0.06266666666666665
2025-03-07,7030,7220,6980,7170,137962,0.019914651493598834
2025-03-10,7170,7350,7030,7050,112730,-0.01673640167364021
2025-03-11,6760,7050,6620,6980,145149,-0.009929078014184411
2025-03-12,7150,7150,6880,6900,116162,-0.011461318051575908
