Date,Open,High,Low,Close,Volume,Change
2022-01-03,8560,8800,8310,8450,2548522,0.014405762304922076
2022-01-04,8400,8700,7940,8630,2506624,0.02130177514792897
2022-01-05,8530,8700,8020,8070,1592900,-0.06488991888760143
2022-01-06,7770,8310,7730,8060,1227513,-0.0012391573729864103
2022-01-07,8100,9980,7890,9550,11911846,0.18486352357320102
2022-01-10,9400,9670,8670,8730,2610150,-0.08586387434554976
2022-01-11,8620,9030,8400,8600,1921209,-0.014891179839633395
2022-01-12,8600,9920,8580,9400,8336776,0.09302325581395343
2022-01-13,9380,9680,9120,9370,1742176,-0.0031914893617021045
2022-01-14,9270,9320,8880,9080,1203069,-0.03094983991462108
2022-01-17,9050,9500,8400,8550,1694917,-0.05837004405286339
2022-01-18,8530,8690,8160,8190,970604,-0.04210526315789476
2022-01-19,8050,8190,7550,7760,1619538,-0.05250305250305254
2022-01-20,7760,9860,7710,9210,12582840,0.18685567010309279
2022-01-21,9500,10500,8860,8960,18576046,-0.02714440825190012
2022-01-24,8730,8900,7920,8010,3450756,-0.1060267857142857
2022-01-25,7970,8050,7350,7740,3040980,-0.0337078651685393
2022-01-26,7640,7920,7450,7600,2043756,-0.018087855297157618
2022-01-27,7760,7860,6530,6600,2940808,-0.13157894736842102
2022-01-28,6600,7070,6430,6750,3002860,0.022727272727272707
2022-02-03,6950,7050,6640,6640,1535025,-0.016296296296296253
2022-02-04,6570,6800,6550,6710,1173586,0.010542168674698704
2022-02-07,6850,7420,6750,7160,3401346,0.06706408345752601
2022-02-08,7210,7370,6950,7070,1235192,-0.012569832402234637
2022-02-09,7190,7280,6970,7060,710387,-0.0014144271570014633
2022-02-10,7190,8670,7140,8100,20152899,0.14730878186968832
2022-02-11,7910,8190,7630,7650,3102011,-0.05555555555555558
2022-02-14,7460,7570,7020,7200,1951281,-0.05882352941176472
2022-02-15,7140,7200,6810,6830,1285590,-0.05138888888888893
2022-02-16,7120,7460,7110,7320,1478288,0.0717423133235724
2022-02-17,7420,8010,7230,7480,3190537,0.021857923497267784
2022-02-18,7400,8320,7300,7970,5256717,0.06550802139037426
2022-02-21,7750,8300,7700,8010,2486130,0.005018820577164407
2022-02-22,7700,7920,7630,7630,1403923,-0.04744069912609239
2022-02-23,7710,7960,7630,7750,1387447,0.01572739187418093
2022-02-24,7560,7670,7120,7120,1596230,-0.08129032258064517
2022-02-25,7370,7650,7310,7500,1256137,0.05337078651685401
2022-02-28,7390,7750,7300,7660,1052411,0.021333333333333426
2022-03-02,7630,7740,7520,7670,764763,0.0013054830287206887
2022-03-03,7830,7970,7590,7610,1252685,-0.007822685788787531
2022-03-04,7640,7650,7210,7300,1041912,-0.04073587385019706
2022-03-07,7210,7210,6960,6960,740816,-0.046575342465753455
2022-03-08,6740,7100,6670,6880,627503,-0.011494252873563204
2022-03-10,7210,7220,6670,6880,517852,0.0
2022-03-11,6890,7010,6830,6910,383402,0.0043604651162789665
2022-03-14,6970,7010,6640,6700,497280,-0.03039073806078152
2022-03-15,6700,6760,6560,6560,444068,-0.020895522388059695
2022-03-16,6710,6890,6500,6550,470588,-0.0015243902439023849
2022-03-17,6750,7400,6720,7050,3463122,0.07633587786259532
2022-03-18,7090,7120,6920,7000,479477,-0.007092198581560294
2022-03-21,7110,7110,6860,6860,434396,-0.020000000000000018
2022-03-22,6940,7160,6850,6930,649752,0.010204081632652962
2022-03-23,6980,7080,6870,6940,407593,0.0014430014430013571
2022-03-24,6940,6940,6780,6910,333027,-0.004322766570605152
2022-03-25,7030,7100,6900,6910,601702,0.0
2022-03-28,6910,6930,6750,6760,374795,-0.02170767004341534
2022-03-29,6810,6880,6750,6760,272092,0.0
2022-03-30,6830,7030,6790,6800,360137,0.00591715976331364
2022-03-31,6800,6910,6760,6890,223224,0.013235294117647012
2022-04-01,6860,6860,6770,6770,197555,-0.01741654571843254
2022-04-04,6770,6820,6740,6760,180986,-0.001477104874446078
2022-04-05,6840,6940,6770,6940,355629,0.026627218934911268
2022-04-06,6880,6910,6770,6780,241516,-0.023054755043227626
2022-04-07,6700,6750,6550,6570,316421,-0.030973451327433676
2022-04-08,6590,6730,6510,6730,202285,0.0243531202435312
2022-04-11,6720,6750,6630,6650,137247,-0.011887072808320909
2022-04-12,6530,6650,6380,6480,370461,-0.025563909774436122
2022-04-13,6430,6710,6430,6650,238484,0.026234567901234573
2022-04-14,6690,6870,6590,6850,311718,0.03007518796992481
2022-04-15,6940,7000,6770,6980,438550,0.01897810218978102
2022-04-18,6990,7000,6780,6820,245358,-0.022922636103151817
2022-04-19,6820,8000,6820,7740,10784440,0.13489736070381242
2022-04-20,7930,8650,7760,8250,10088253,0.06589147286821695
2022-04-21,8190,8420,8160,8260,1981194,0.00121212121212122
2022-04-22,8260,8390,7910,8270,1639895,0.001210653753026536
2022-04-25,8080,8330,8030,8170,988151,-0.01209189842805325
2022-04-26,8210,8440,8080,8190,1224945,0.00244798041615657
2022-04-27,7860,8140,7800,8080,783159,-0.013431013431013383
2022-04-28,8100,8360,7590,7690,1252016,-0.04826732673267331
2022-04-29,7750,7890,7630,7810,438058,0.015604681404421283
2022-05-02,7700,8450,7670,8300,1576129,0.06274007682458382
2022-05-03,8440,8870,8160,8180,3244628,-0.014457831325301207
2022-05-04,8180,8360,7790,7860,1210298,-0.03911980440097795
2022-05-06,7900,8140,7800,7940,612814,0.010178117048346147
2022-05-09,7910,8000,7390,7480,806825,-0.057934508816120944
2022-05-10,7220,7410,7010,7400,593861,-0.010695187165775444
2022-05-11,7420,7450,7300,7390,194949,-0.0013513513513513375
2022-05-12,7250,7520,7080,7180,448333,-0.02841677943166443
2022-05-13,7100,7340,7030,7090,447911,-0.012534818941504211
2022-05-16,7120,7280,7020,7100,452126,0.0014104372355430161
2022-05-17,7100,7290,7050,7260,363007,0.022535211267605604
2022-05-18,7320,7600,7290,7400,595509,0.019283746556473913
2022-05-19,7130,7960,7110,7890,1513568,0.06621621621621632
2022-05-20,7800,8900,7720,8570,8078223,0.08618504435994923
2022-05-23,8620,8690,8000,8150,1630581,-0.04900816802800467
2022-05-24,8180,8500,8120,8150,1424509,0.0
2022-05-25,8210,8260,7920,8150,601599,0.0
2022-05-26,8170,8230,8060,8090,531216,-0.007361963190184007
2022-05-27,8200,8700,8160,8240,2696732,0.018541409147095234
2022-05-30,8340,8490,8230,8250,486468,0.0012135922330096527
2022-05-31,8300,8400,8240,8350,501526,0.0121212121212122
2022-06-02,8370,8510,8260,8260,670046,-0.010778443113772407
2022-06-03,8380,9070,8350,8550,4788585,0.03510895883777243
2022-06-07,8540,8590,8190,8190,805325,-0.04210526315789476
2022-06-08,8200,8270,8110,8140,492384,-0.006105006105006083
2022-06-09,8230,8390,8060,8100,1312355,-0.004914004914004955
2022-06-10,8000,8050,7840,7950,485345,-0.01851851851851849
2022-06-13,7710,7800,7540,7690,567511,-0.03270440251572326
2022-06-14,7510,7700,7370,7670,469631,-0.002600780234070177
2022-06-15,7630,7670,6960,7020,862971,-0.0847457627118644
2022-06-16,7210,7440,7030,7110,572143,0.012820512820512775
2022-06-17,6820,7220,6790,7150,384258,0.005625879043600568
2022-06-20,7150,7190,6750,6890,459385,-0.036363636363636376
2022-06-21,6930,7030,6800,6930,200955,0.005805515239477588
2022-06-22,7060,7120,6360,6360,490415,-0.08225108225108224
2022-06-23,6320,6470,5790,5800,1031106,-0.08805031446540879
2022-06-24,5880,6100,5780,6070,512529,0.04655172413793096
2022-06-27,6200,6420,6160,6350,423435,0.04612850082372333
2022-06-28,6350,6640,6310,6570,374667,0.03464566929133861
2022-06-29,6410,6640,6330,6520,314840,-0.007610350076103556
2022-06-30,6480,6480,6090,6090,402061,-0.06595092024539873
2022-07-01,6080,6250,5850,5910,395656,-0.029556650246305383
2022-07-04,5910,6000,5420,5560,860936,-0.05922165820642977
2022-07-05,5630,5970,5630,5970,459369,0.07374100719424459
2022-07-06,5890,6070,5750,5770,385659,-0.03350083752093802
2022-07-07,5830,6310,5600,5810,1454112,0.006932409012131657
2022-07-08,5880,6430,5880,6030,2370010,0.03786574870912229
2022-07-11,6030,6110,5910,5960,356323,-0.011608623548922004
2022-07-12,5910,5940,5720,5750,361900,-0.03523489932885904
2022-07-13,5750,5920,5610,5830,277712,0.013913043478260834
2022-07-14,5860,6120,5790,5930,331729,0.0171526586620927
2022-07-15,5910,6090,5910,5960,509303,0.005059021922428242
2022-07-18,6100,6220,6060,6130,358549,0.028523489932885893
2022-07-19,6070,6190,6020,6170,246316,0.006525285481239873
2022-07-20,6300,6310,6160,6190,294560,0.0032414910858995505
2022-07-21,6200,6280,6150,6260,175628,0.011308562197092087
2022-07-22,6320,6520,6250,6320,485451,0.009584664536741228
2022-07-25,6260,6380,6230,6310,145315,-0.0015822784810126667
2022-07-26,6340,6760,6270,6660,922139,0.05546751188589538
2022-07-27,6950,6960,6680,6760,739539,0.01501501501501501
2022-07-28,6890,8780,6740,8780,17646148,0.29881656804733736
2022-07-29,9400,9540,8590,8590,11868175,-0.021640091116173155
2022-08-01,8540,8640,8370,8410,2412900,-0.020954598370197863
2022-08-02,8600,8640,8160,8170,3466939,-0.028537455410225898
2022-08-03,8130,8530,8130,8320,4204377,0.01835985312117505
2022-08-04,8220,8350,7940,8000,2051398,-0.038461538461538436
2022-08-05,8090,8330,8020,8100,2252893,0.012499999999999956
2022-08-08,8310,8430,8100,8160,2768549,0.007407407407407307
2022-08-09,8180,9090,8170,8440,13915204,0.03431372549019618
2022-08-10,8350,9000,8170,8530,7833225,0.010663507109004655
2022-08-11,8710,9500,8580,9040,11674233,0.05978898007033995
2022-08-12,8950,9140,8820,8850,2971219,-0.021017699115044253
2022-08-16,8300,8790,8290,8670,2579600,-0.02033898305084747
2022-08-17,8650,9580,8610,9370,15562860,0.08073817762399083
2022-08-18,9220,9450,9060,9230,3061709,-0.014941302027748127
2022-08-19,9180,9280,8800,8820,1970082,-0.044420368364030294
2022-08-22,8600,9380,8590,8980,3156938,0.018140589569161092
2022-08-23,8900,9790,8750,9720,11164253,0.08240534521158138
2022-08-24,10350,11850,10150,11300,24639299,0.1625514403292181
2022-08-25,11350,11950,11150,11700,8647761,0.03539823008849563
2022-08-26,11750,12050,11050,11150,5061485,-0.047008547008547064
2022-08-29,10750,11400,10750,11200,3488191,0.004484304932735439
2022-08-30,11150,11250,10600,11050,3017459,-0.013392857142857095
2022-08-31,10850,11200,10700,11100,2119406,0.004524886877828038
2022-09-01,10950,11300,10100,10250,3718096,-0.07657657657657657
2022-09-02,10400,10450,9990,10050,2194653,-0.019512195121951237
2022-09-05,10000,10300,9900,10150,1678479,0.00995024875621886
2022-09-06,10200,11150,10100,11050,5717304,0.08866995073891615
2022-09-07,11350,13750,11200,13250,27616300,0.19909502262443435
2022-09-08,13250,14900,13100,13850,17823456,0.04528301886792452
2022-09-13,14250,14750,13550,14450,7458638,0.04332129963898912
2022-09-14,13900,15500,13850,15450,9222844,0.0692041522491349
2022-09-15,15300,18300,15250,17050,15523724,0.10355987055016191
2022-09-16,17050,17600,16600,16950,6302184,-0.0058651026392961825
2022-09-19,17250,17450,13650,13900,8787602,-0.1799410029498525
2022-09-20,14350,14450,13400,13550,4277654,-0.025179856115107868
2022-09-21,13500,14200,13400,13850,3228206,0.022140221402213944
2022-09-22,13550,15650,13450,15450,10302292,0.1155234657039712
2022-09-23,15450,16450,15200,15550,6491751,0.006472491909385036
2022-09-26,14950,15100,13300,13600,5224186,-0.12540192926045013
2022-09-27,14350,15300,13950,15300,8069275,0.125
2022-09-28,16100,17450,14500,14500,18362716,-0.05228758169934644
2022-09-29,15500,16100,13800,13800,6936971,-0.0482758620689655
2022-09-30,13450,14200,12050,12250,7719310,-0.1123188405797102
2022-10-04,12950,14150,12550,14100,6651476,0.15102040816326534
2022-10-05,14550,15300,13850,14100,5625587,0.0
2022-10-06,14350,15100,14100,14750,5159668,0.046099290780141855
2022-10-07,14550,14750,13850,14000,2745635,-0.05084745762711862
2022-10-11,13350,14650,13000,14650,3346154,0.046428571428571486
2022-10-12,14750,15150,14100,14350,5366395,-0.020477815699658675
2022-10-13,15100,15600,14650,15000,11995803,0.04529616724738683
2022-10-14,15350,16000,14700,14950,7175066,-0.0033333333333332993
2022-10-17,14500,16000,14400,15900,7304369,0.0635451505016722
2022-10-18,16250,16400,15400,15750,4775513,-0.009433962264150941
2022-10-19,15800,16350,15150,15350,4046729,-0.025396825396825418
2022-10-20,15450,15850,15100,15200,2038378,-0.009771986970684043
2022-10-21,15200,15650,14750,15000,1955563,-0.013157894736842146
2022-10-24,15250,15600,15000,15350,1705515,0.023333333333333428
2022-10-25,15500,15750,15100,15250,1623341,-0.006514657980456029
2022-10-26,15350,15450,13650,14000,2820032,-0.08196721311475408
2022-10-27,14200,14300,13700,14050,1490683,0.0035714285714285587
2022-10-28,13900,15350,13750,14500,6963897,0.03202846975088969
2022-10-31,14650,14900,14200,14650,2191114,0.010344827586206806
2022-11-01,14500,15900,14500,15850,6796704,0.08191126279863492
2022-11-02,15800,16800,15000,15350,6738433,-0.03154574132492116
2022-11-03,15000,19950,14900,19950,28039772,0.2996742671009771
2022-11-04,20200,21350,19900,20700,14125694,0.03759398496240607
2022-11-07,20700,21700,19700,21050,10343717,0.01690821256038655
2022-11-08,20900,21050,19700,19700,5570655,-0.06413301662707838
2022-11-09,19900,23800,19450,21850,26718967,0.1091370558375635
2022-11-10,22100,25300,21850,22450,20871432,0.027459954233409523
2022-11-11,24200,25400,22750,23700,13538754,0.055679287305122394
2022-11-14,23150,24450,23100,23500,6842420,-0.008438818565400852
2022-11-15,23800,25700,23100,25200,15757446,0.07234042553191489
2022-11-16,25500,25500,23900,24300,4578826,-0.0357142857142857
2022-11-17,24150,25650,23600,24700,6125274,0.016460905349794164
2022-11-18,24550,24900,23700,23900,2079811,-0.03238866396761131
2022-11-21,23850,24700,23250,23800,2931201,-0.004184100418409997
2022-11-22,23800,24000,22050,22200,3585802,-0.0672268907563025
2022-11-23,22350,22600,21650,22200,2121870,0.0
2022-11-24,22350,23150,21750,23050,3145016,0.03828828828828823
2022-11-25,23000,23300,22300,22300,1707428,-0.03253796095444683
2022-11-28,22050,22200,20750,20800,2054212,-0.06726457399103136
2022-11-29,20500,21900,20350,20750,2543006,-0.0024038461538461453
2022-11-30,21200,21900,20550,20800,2431231,0.002409638554216942
2022-12-01,19000,21500,18800,20200,6576039,-0.028846153846153855
2022-12-02,20450,20600,18900,19350,2630541,-0.04207920792079212
2022-12-05,19500,19850,18250,18850,2814961,-0.025839793281653756
2022-12-06,18700,19050,18250,18500,1312237,-0.018567639257294433
2022-12-07,18250,19200,18250,18700,1618722,0.0108108108108107
2022-12-08,18950,19750,18550,18750,2736398,0.002673796791443861
2022-12-09,18800,18850,17000,17250,3188855,-0.07999999999999996
2022-12-12,17050,17250,16600,16900,1926797,-0.020289855072463725
2022-12-13,16950,17100,16200,16250,1592219,-0.038461538461538436
2022-12-14,16400,16550,16100,16100,1161544,-0.009230769230769265
2022-12-15,16100,16300,15800,16250,1086928,0.009316770186335477
2022-12-16,15950,16100,15400,15550,1526771,-0.043076923076923124
2022-12-19,15700,17500,15600,16600,5949986,0.067524115755627
2022-12-20,16350,16500,15400,15550,2110947,-0.06325301204819278
2022-12-21,15800,16350,15450,15500,1871408,-0.003215434083601254
2022-12-22,16150,16350,15500,15650,1700181,0.00967741935483879
2022-12-23,18750,19850,17850,18300,22175834,0.1693290734824282
2022-12-26,17950,18050,16600,16700,4505388,-0.08743169398907102
2022-12-27,16550,17100,16200,17100,4386238,0.0239520958083832
2022-12-28,16750,17050,15750,15850,2341495,-0.07309941520467833
2022-12-29,15800,16050,14800,15000,2387449,-0.05362776025236593
2023-01-02,15050,15300,14400,14550,1893159,-0.030000000000000027
2023-01-03,14950,15300,14550,15050,2751179,0.03436426116838498
2023-01-04,14650,15250,14600,15150,1042962,0.006644518272425293
2023-01-05,15500,15600,14850,14850,1525450,-0.01980198019801982
2023-01-06,14600,15050,14350,14750,988039,-0.006734006734006703
2023-01-09,14950,15200,14900,15150,926578,0.027118644067796627
2023-01-10,15350,15700,15100,15100,1492977,-0.0033003300330033403
2023-01-11,15250,15450,15150,15350,612816,0.01655629139072845
2023-01-12,15600,15700,15200,15550,1185245,0.013029315960912058
2023-01-13,15700,15800,15350,15450,638223,-0.006430868167202619
2023-01-16,15450,15500,15050,15100,720797,-0.02265372168284785
2023-01-17,15200,15250,14650,14750,670844,-0.023178807947019875
2023-01-18,14800,14850,13950,14050,1085110,-0.0474576271186441
2023-01-19,13900,14150,13600,14000,944293,-0.003558718861209953
2023-01-20,13900,14100,13750,13850,668746,-0.010714285714285676
2023-01-25,14040,14090,13740,13800,850538,-0.0036101083032491488
2023-01-26,13960,17480,13920,15900,19500044,0.15217391304347827
2023-01-27,16200,17460,16140,16400,12437391,0.03144654088050314
2023-01-30,16920,17340,16580,16610,4727026,0.012804878048780388
2023-01-31,17550,17580,16500,16710,3186705,0.006020469596628608
2023-02-01,16860,18240,16520,18000,10836521,0.07719928186714542
2023-02-02,18940,19040,18120,18170,4550367,0.009444444444444366
2023-02-03,17980,17980,17090,17240,2450503,-0.05118326912493121
2023-02-06,16990,18250,16900,18150,4678215,0.05278422273781902
2023-02-07,17930,18330,17810,17970,1871917,-0.00991735537190086
2023-02-08,18140,18180,17410,17450,1519610,-0.028937117417918712
2023-02-09,17400,18500,17280,18110,4566533,0.037822349570200586
2023-02-10,18260,18600,17640,17640,2738101,-0.025952512424075147
2023-02-13,17780,18340,17750,18000,2170064,0.020408163265306145
2023-02-14,18010,18420,17750,18320,1668398,0.01777777777777767
2023-02-15,18350,20150,18160,18920,9285283,0.03275109170305668
2023-02-16,19230,19800,18610,19460,3956644,0.02854122621564481
2023-02-17,19110,23150,19070,22100,20062899,0.1356628982528263
2023-02-20,22500,22600,20950,21100,3979766,-0.04524886877828049
2023-02-21,21100,22100,20750,21800,3918028,0.033175355450236976
2023-02-22,21100,23200,20600,21200,8136773,-0.02752293577981646
2023-02-23,21650,21900,20600,21300,2422867,0.004716981132075526
2023-02-24,21300,22500,21050,22400,4721518,0.05164319248826299
2023-02-27,22250,23150,22000,22200,3751252,-0.008928571428571397
2023-02-28,22500,24700,22400,23350,10665658,0.05180180180180183
2023-03-02,23450,25250,23150,23800,8728876,0.01927194860813697
2023-03-03,24200,24500,23100,23750,2666748,-0.0021008403361344463
2023-03-06,23800,24150,23150,23350,2161867,-0.01684210526315788
2023-03-07,23350,25400,23300,24450,10613071,0.047109207708779355
2023-03-08,27300,31250,26600,30150,23239065,0.2331288343558282
2023-03-09,30300,30450,25750,26500,9097519,-0.12106135986733002
2023-03-10,25400,27450,24900,25050,6807019,-0.05471698113207546
2023-03-13,24850,25750,24150,25500,3401379,0.017964071856287456
2023-03-14,25400,25700,23550,23800,2970510,-0.06666666666666665
2023-03-15,24500,24900,23750,24150,2404046,0.014705882352941124
2023-03-16,24050,24100,22750,23450,2816274,-0.02898550724637683
2023-03-17,23800,23850,21900,21950,2676554,-0.0639658848614072
2023-03-20,21550,22750,21350,22400,2038703,0.0205011389521641
2023-03-21,22600,26000,22550,25100,11197456,0.12053571428571419
2023-03-22,27450,29350,26350,26650,9146611,0.06175298804780871
2023-03-23,26150,31350,25900,28200,17479859,0.05816135084427776
2023-03-24,31200,33000,28800,32700,18266881,0.15957446808510634
2023-03-27,31850,34800,31300,33000,8799937,0.00917431192660545
2023-03-28,33650,33650,31000,31600,3568603,-0.042424242424242475
2023-03-29,31150,34200,31000,33100,6788501,0.04746835443037978
2023-03-30,33150,33300,31250,31250,2572503,-0.0558912386706949
2023-03-31,30700,32550,30000,31050,2768043,-0.006399999999999961
2023-04-03,32350,36900,30700,35850,16216340,0.15458937198067635
2023-04-04,35000,35050,32650,32950,4453426,-0.0808926080892608
2023-04-05,33450,34700,33200,34000,3324519,0.03186646433990892
2023-04-06,33750,36250,33250,34050,4520909,0.0014705882352941124
2023-04-07,34100,34650,33700,34150,2251380,0.002936857562408246
2023-04-10,34400,35400,32100,32650,4160766,-0.04392386530014636
2023-04-11,33150,33200,29700,31150,3144158,-0.04594180704441042
2023-04-12,30850,31000,28200,28200,2891140,-0.0947030497592295
2023-04-13,27650,28700,26750,28200,2244385,0.0
2023-04-14,29000,29950,27900,28900,1970453,0.024822695035461084
2023-04-17,29000,29750,28150,29050,1634084,0.00519031141868509
2023-04-18,29500,31300,28600,29150,3489370,0.0034423407917383297
2023-04-19,29200,29400,27600,27600,1589631,-0.053173241852487174
2023-04-20,27400,28200,26500,26850,1185447,-0.02717391304347827
2023-04-21,27150,27500,25800,25800,1231761,-0.03910614525139666
2023-04-24,25850,26650,25400,25800,1047329,0.0
2023-04-25,25800,26000,23950,24400,1505247,-0.054263565891472854
2023-04-26,24400,24800,23600,23600,1154978,-0.032786885245901676
2023-04-27,23350,24450,23100,24350,1233659,0.03177966101694918
2023-04-28,25150,25150,23050,23150,1354217,-0.04928131416837778
2023-05-02,22750,23450,22750,23100,778957,-0.002159827213822907
2023-05-03,22800,26900,22550,24450,4846949,0.05844155844155852
2023-05-04,24950,26600,24450,24950,2628663,0.020449897750511203
2023-05-08,25150,25400,23450,23450,858894,-0.06012024048096187
2023-05-09,23150,23350,21650,22250,1159755,-0.05117270788912576
2023-05-10,22100,22900,21800,21900,873805,-0.01573033707865168
2023-05-11,22700,23050,21400,21700,935173,-0.0091324200913242
2023-05-12,21600,22050,21500,21800,564482,0.004608294930875667
2023-05-15,21700,21950,20200,20850,1121700,-0.04357798165137616
2023-05-16,21000,21500,20500,20900,905432,0.0023980815347721673
2023-05-17,20700,21550,20550,21300,603814,0.019138755980861344
2023-05-18,21850,22000,21300,21500,595718,0.009389671361502261
2023-05-19,21700,22500,20750,21550,978139,0.0023255813953488857
2023-05-22,21600,24500,21450,23850,4048349,0.10672853828306272
2023-05-23,23950,25450,23550,24100,2570411,0.01048218029350112
2023-05-24,24350,24800,23850,24350,918198,0.010373443983402453
2023-05-25,24450,24500,23100,23100,635784,-0.05133470225872694
2023-05-26,23200,24200,23050,23200,755205,0.0043290043290042934
2023-05-30,23400,23750,22550,23000,523180,-0.008620689655172376
2023-05-31,23100,24950,23050,24950,1489435,0.08478260869565224
2023-06-01,25200,25400,24500,24800,963182,-0.006012024048096198
2023-06-02,25000,25750,24750,25650,914642,0.03427419354838701
2023-06-05,26150,27450,26000,26750,1643302,0.042884990253411415
2023-06-07,27100,27350,26250,26800,744552,0.0018691588785046953
2023-06-08,26650,27000,25400,25550,1079932,-0.04664179104477617
2023-06-09,26050,26400,24850,26050,1032699,0.019569471624266255
2023-06-12,26200,26200,25050,25200,810770,-0.03262955854126681
2023-06-13,25400,25800,24500,25500,819362,0.011904761904761862
2023-06-14,25550,26400,24150,24200,1576953,-0.050980392156862786
2023-06-15,24750,25050,23550,23900,937374,-0.012396694214875992
2023-06-16,24050,24100,23450,23650,676375,-0.010460251046025104
2023-06-19,23400,23750,22900,23650,554141,0.0
2023-06-20,23800,23800,22700,22700,728621,-0.04016913319238902
2023-06-21,22350,23100,22150,22400,665951,-0.013215859030836996
2023-06-22,22700,23000,22350,22450,617590,0.0022321428571427937
2023-06-23,22350,22450,21450,21700,735081,-0.03340757238307346
2023-06-26,21850,23250,21700,22300,954991,0.02764976958525356
2023-06-27,22300,22300,21400,21800,494257,-0.022421524663677084
2023-06-28,22250,23700,22250,22800,1449070,0.04587155963302747
2023-06-29,22800,23300,22000,22100,633454,-0.030701754385964897
2023-06-30,22050,22350,21650,22150,394960,0.002262443438914019
2023-07-03,22550,24350,22550,24300,1408949,0.09706546275395045
2023-07-04,24500,24550,23350,23750,944672,-0.02263374485596703
2023-07-05,23750,25400,23000,24750,1903855,0.042105263157894646
2023-07-06,24900,25000,23550,23700,871594,-0.042424242424242475
2023-07-07,23650,24650,23550,24350,783226,0.02742616033755274
2023-07-10,24550,24850,23650,23750,702451,-0.024640657084188944
2023-07-11,23750,24900,23600,24500,980924,0.03157894736842115
2023-07-12,24750,25350,24050,24200,927512,-0.01224489795918371
2023-07-13,24300,24600,23900,24200,585352,0.0
2023-07-14,24300,24650,23350,24500,868856,0.012396694214876103
2023-07-17,24800,28000,24600,28000,5733023,0.1428571428571428
2023-07-18,27300,27550,26300,26750,2901792,-0.044642857142857095
2023-07-19,27050,27300,24750,25300,2046518,-0.0542056074766355
2023-07-20,25000,26100,24550,25450,998098,0.005928853754940677
2023-07-21,24700,25700,24650,25350,761399,-0.003929273084479323
2023-07-24,25950,27250,25100,27000,2700665,0.06508875739644981
2023-07-25,28500,30650,28100,28600,8088789,0.059259259259259345
2023-07-26,30400,30700,24900,25400,7382280,-0.11188811188811187
2023-07-27,26000,26350,22800,22950,2836317,-0.09645669291338588
2023-07-28,22200,24100,21850,23950,1292177,0.04357298474945526
2023-07-31,24100,25600,24050,24950,1089781,0.04175365344467652
2023-08-01,25350,25500,23500,24000,1103044,-0.038076152304609256
2023-08-02,23550,24100,22650,22750,764960,-0.05208333333333337
2023-08-03,22750,25400,22050,23450,1804658,0.03076923076923066
2023-08-04,23300,23350,22700,22950,467730,-0.021321961620469065
2023-08-07,22450,22750,21650,21700,649617,-0.05446623093681913
2023-08-08,21750,22300,21350,21700,545584,0.0
2023-08-09,21600,22500,21600,22200,359866,0.02304147465437789
2023-08-10,22100,22200,21600,21950,267994,-0.011261261261261257
2023-08-11,22200,22400,21700,22000,335773,0.002277904328018332
2023-08-14,21600,22050,20850,21500,470762,-0.022727272727272707
2023-08-16,21100,21150,19970,20000,645128,-0.06976744186046513
2023-08-17,19800,20800,19400,20500,737996,0.02499999999999991
2023-08-18,20100,20200,19650,19900,408685,-0.029268292682926855
2023-08-21,19610,20550,19610,19990,340301,0.004522613065326642
2023-08-22,20600,20700,19600,19630,469250,-0.01800900450225118
2023-08-23,19640,19650,19040,19100,427007,-0.026999490575649543
2023-08-24,19200,19770,19140,19750,373384,0.03403141361256545
2023-08-25,19210,19780,19120,19340,296624,-0.02075949367088603
2023-08-28,19400,20000,19400,19900,285626,0.028955532574974185
2023-08-29,20200,20400,19810,20400,322624,0.025125628140703515
2023-08-30,20600,20750,20000,20100,308566,-0.014705882352941124
2023-08-31,20150,20450,20000,20350,265995,0.01243781094527363
2023-09-01,20200,20200,19820,19910,319855,-0.021621621621621623
2023-09-04,19920,21350,19910,21100,629828,0.05976896032144641
2023-09-05,21300,21350,20550,21300,440931,0.009478672985782088
2023-09-06,21200,21500,20450,20600,362126,-0.032863849765258246
2023-09-07,20300,20550,19900,19910,324991,-0.033495145631067924
2023-09-08,19920,20250,19480,19850,297189,-0.0030135610246107003
2023-09-11,19850,19930,18500,18510,666934,-0.06750629722921919
2023-09-12,18660,18890,18180,18210,479039,-0.01620745542949753
2023-09-13,18010,18560,17980,17990,364879,-0.012081274025260824
2023-09-14,18000,18530,18000,18490,311192,0.027793218454696955
2023-09-15,18490,18790,18250,18500,261852,0.0005408328826392861
2023-09-18,18450,18860,18230,18550,229590,0.002702702702702675
2023-09-19,18560,18650,18010,18090,196475,-0.024797843665768204
2023-09-20,17970,18330,17710,18250,254746,0.008844665561083431
2023-09-21,18120,18120,17520,17630,297804,-0.03397260273972602
2023-09-22,17220,17640,17140,17450,268617,-0.010209869540555916
2023-09-25,17200,17640,17080,17120,269893,-0.018911174785100293
2023-09-26,17000,17470,17000,17160,254502,0.002336448598130758
2023-09-27,16750,17660,16720,17660,223649,0.029137529137529095
2023-10-04,17660,17660,16730,16730,323228,-0.05266138165345413
2023-10-05,17080,18730,17080,17800,882405,0.06395696353855351
2023-10-06,17770,18300,17410,17710,404269,-0.0050561797752809445
2023-10-10,17720,17970,16610,16610,409005,-0.06211180124223603
2023-10-11,16760,18060,16760,17730,442023,0.06742925948223966
2023-10-12,18000,18410,17910,18340,319104,0.03440496333897358
2023-10-13,18570,18770,17800,18040,388478,-0.016357688113413316
2023-10-16,17780,17900,17200,17500,257138,-0.029933481152993324
2023-10-17,17660,19420,17660,18700,1427225,0.0685714285714285
2023-10-18,18500,18510,17400,17400,802956,-0.06951871657754005
2023-10-19,17240,17240,16520,16570,382321,-0.04770114942528736
2023-10-20,16250,16440,15590,15690,605980,-0.053108026554013255
2023-10-23,15500,16420,15440,16040,356584,0.02230720203951564
2023-10-24,16300,16970,15700,16920,372142,0.05486284289276799
2023-10-25,17100,17100,16000,16010,361207,-0.053782505910165535
2023-10-26,15500,15820,15000,15180,375507,-0.051842598376015014
2023-10-27,15270,16140,15270,15760,485968,0.03820816864295118
2023-10-30,15730,16230,15680,15940,242049,0.011421319796954377
2023-10-31,16140,16190,15140,15190,308336,-0.0470514429109159
2023-11-01,15350,16000,15240,15290,302808,0.006583278472679366
2023-11-02,15890,16150,15800,16150,272419,0.05624591236102017
2023-11-03,16520,16650,15870,16270,412324,0.007430340557275539
2023-11-06,17060,18310,16580,18190,1389510,0.11800860479409958
2023-11-07,18190,18190,16700,17180,621441,-0.055525013743815244
2023-11-08,17000,17360,16560,16600,259703,-0.033760186263096625
2023-11-09,16610,17020,16220,16340,216444,-0.015662650602409678
2023-11-10,16020,16120,15800,15810,170953,-0.03243574051407594
2023-11-13,16000,16160,15180,15210,272953,-0.0379506641366224
2023-11-14,15460,16120,15340,15800,256419,0.03879026955950038
2023-11-15,16500,16580,15940,16060,245221,0.016455696202531733
2023-11-16,16110,16420,15910,16370,194363,0.01930261519302623
2023-11-17,16410,16410,15780,15940,191717,-0.026267562614538775
2023-11-20,15940,16400,15850,16200,161590,0.016311166875784266
2023-11-21,16500,16590,16150,16230,188983,0.0018518518518517713
2023-11-22,16200,16230,15890,15900,172756,-0.020332717190388205
2023-11-23,15900,16200,15790,15800,189893,-0.0062893081761006275
2023-11-24,15850,16070,15830,15960,114747,0.010126582278481067
2023-11-27,16180,16180,15800,15840,165583,-0.007518796992481258
2023-11-28,15910,16220,15780,15780,201230,-0.0037878787878787845
2023-11-29,15880,15990,15500,15950,215103,0.010773130544993625
2023-11-30,15890,16770,15710,16600,458705,0.040752351097178785
2023-12-01,16670,16760,16340,16450,337858,-0.009036144578313254
2023-12-04,16570,16660,15850,15990,260726,-0.027963525835866254
2023-12-05,15840,16040,15500,15700,214007,-0.01813633520950597
2023-12-06,15650,15820,15570,15610,129035,-0.00573248407643312
2023-12-07,15700,15750,15410,15470,156013,-0.008968609865470878
2023-12-08,15700,15860,15590,15850,153336,0.024563671622495065
2023-12-11,15980,16000,15650,15660,152728,-0.011987381703470024
2023-12-12,15660,15780,15520,15600,145909,-0.003831417624521105
2023-12-13,15600,15630,15270,15270,192175,-0.02115384615384619
2023-12-14,15590,15790,15490,15680,269510,0.026850032743942265
2023-12-15,15840,18980,15800,17870,7023468,0.13966836734693877
2023-12-18,17870,18430,17520,17910,1088092,0.0022383883603804833
2023-12-19,17980,18230,17700,18000,697700,0.005025125628140614
2023-12-20,18000,18180,17740,18060,477137,0.0033333333333334103
2023-12-21,17780,18520,17600,17960,754336,-0.0055370985603543366
2023-12-22,18300,18510,17300,17350,486314,-0.03396436525612467
2023-12-26,17100,17410,16620,16630,339005,-0.04149855907780975
2023-12-27,16930,18400,16810,17860,1038960,0.073962717979555
2023-12-28,18290,18350,17680,17730,341718,-0.007278835386338223
2024-01-02,17710,17860,17400,17490,221665,-0.013536379018612488
2024-01-03,17300,17820,17050,17170,275463,-0.018296169239565452
2024-01-04,16950,17230,16880,16910,180638,-0.015142690739662235
2024-01-05,17010,17660,16940,17190,353576,0.016558249556475557
2024-01-08,17250,17480,17030,17160,191835,-0.0017452006980802626
2024-01-09,17360,17630,17340,17370,218532,0.012237762237762295
2024-01-10,17390,17450,16750,16780,226895,-0.0339666090961428
2024-01-11,16880,17130,16810,16840,150691,0.0035756853396902155
2024-01-12,17000,17000,16350,16430,230673,-0.02434679334916867
2024-01-15,16220,16400,16040,16140,170529,-0.017650639074863084
2024-01-16,15990,16370,15840,16060,154186,-0.00495662949194553
2024-01-17,16220,16220,15550,15620,197268,-0.0273972602739726
2024-01-18,15520,15940,15330,15410,239366,-0.013444302176696565
2024-01-19,15560,15820,15110,15190,267454,-0.014276443867618394
2024-01-22,15330,15350,14660,14690,310413,-0.03291639236339694
2024-01-23,14700,15000,14400,14540,231405,-0.010211027910142945
2024-01-24,14590,14660,14190,14340,265043,-0.01375515818431916
2024-01-25,14240,14360,13700,13990,374574,-0.02440725244072528
2024-01-26,13710,14460,13710,14250,301524,0.018584703359542543
2024-01-29,14260,14340,13760,13820,279033,-0.03017543859649119
2024-01-30,14170,14440,13790,13810,251506,-0.0007235890014472002
2024-01-31,13630,13940,13340,13470,220433,-0.024619840695148443
2024-02-01,13310,13550,12990,13470,271763,0.0
2024-02-02,13600,13970,13580,13960,200757,0.036377134372679976
2024-02-05,14010,14230,13690,13800,132508,-0.011461318051575908
2024-02-06,13740,13770,13370,13590,147907,-0.01521739130434785
2024-02-07,13800,14330,13600,13620,325517,0.002207505518763808
2024-02-08,13800,14220,13800,14040,253473,0.03083700440528636
2024-02-13,14040,14400,14020,14110,194393,0.004985754985755042
2024-02-14,14000,17140,13880,16080,5898345,0.13961729270021261
2024-02-15,15970,17920,15910,16730,4221387,0.040422885572139355
2024-02-16,17030,17610,16590,17050,1451383,0.019127316198445987
2024-02-19,16980,17270,16810,16910,675419,-0.008211143695014633
2024-02-20,18140,20550,17610,19380,11414121,0.146067415730337
2024-02-21,19450,21050,19080,19080,4240717,-0.015479876160990669
2024-02-22,19340,19350,18230,18650,1392796,-0.02253668763102723
2024-02-23,18600,18620,17610,17610,1008572,-0.05576407506702408
2024-02-26,17510,17870,17320,17420,626161,-0.010789324247586607
2024-02-27,17470,18250,17080,17780,1322921,0.02066590126291623
2024-02-28,19460,23000,19120,22100,15530428,0.2429696287964005
2024-02-29,23150,24850,22100,22350,9560603,0.011312217194570096
2024-03-04,22450,24200,22400,22700,4142259,0.015659955257270708
2024-03-05,23000,23600,21700,22950,2371721,0.011013215859030812
2024-03-06,22300,23500,21700,22850,1163738,-0.004357298474945481
2024-03-07,22750,25250,22050,22600,3702148,-0.01094091903719907
2024-03-08,22250,22450,19320,19960,3770131,-0.11681415929203542
2024-03-11,19700,20550,19670,20150,1326372,0.009519038076152286
2024-03-12,20600,20850,19740,20500,1321822,0.017369727047146455
2024-03-13,20750,20800,19800,19960,1124295,-0.02634146341463417
2024-03-14,19960,20100,18710,19040,1291504,-0.04609218436873752
2024-03-15,18360,18840,18270,18670,1064648,-0.01943277310924374
2024-03-18,18960,21800,18850,20850,4249175,0.1167648634172469
2024-03-19,20800,20800,19900,20050,1033877,-0.0383693045563549
2024-03-20,20200,20200,19250,19350,716716,-0.034912718204488824
2024-03-21,19810,19940,19100,19260,725093,-0.0046511627906976605
2024-03-22,18810,19580,18610,19180,481650,-0.004153686396677014
2024-03-25,19050,19690,18690,19180,652900,0.0
2024-03-26,19350,19690,18860,18870,645860,-0.016162669447341016
2024-03-27,18910,19490,18580,18840,521528,-0.0015898251192368873
2024-03-28,19100,19290,18270,18370,622232,-0.02494692144373678
2024-03-29,18300,18420,18000,18010,495057,-0.019597169297768113
2024-04-01,17960,18110,17830,18010,349221,0.0
2024-04-02,18010,18130,17350,17520,576402,-0.02720710716268737
2024-04-03,17330,17500,17000,17230,496037,-0.016552511415525162
2024-04-04,17240,17410,16800,16970,511711,-0.015089959373186357
2024-04-05,16680,16910,16260,16280,498058,-0.04065998821449612
2024-04-08,16280,17000,15710,16900,737404,0.03808353808353804
2024-04-09,17000,18690,16580,18010,1976205,0.06568047337278116
2024-04-11,17780,17870,17250,17270,477756,-0.04108828428650746
2024-04-12,17340,17680,16920,16990,380070,-0.01621308627678053
2024-04-15,16510,16730,16350,16450,357072,-0.03178340200117713
2024-04-16,16100,16270,15760,15760,369915,-0.04194528875379944
2024-04-17,15640,15900,15180,15180,351516,-0.03680203045685282
2024-04-18,15150,15850,15150,15640,250261,0.030303030303030276
2024-04-19,15600,15970,15150,15540,354915,-0.006393861892583175
2024-04-22,15860,16370,15850,16250,387438,0.045688545688545634
2024-04-23,16170,16360,15990,16100,253511,-0.009230769230769265
2024-04-24,16680,16820,16310,16480,271445,0.023602484472049712
2024-04-25,16310,16800,16260,16370,216177,-0.006674757281553423
2024-04-26,16510,16600,16150,16570,158081,0.01221747098350634
2024-04-29,16720,17000,16470,17000,214082,0.025950512975256412
2024-04-30,17500,17500,16910,16930,292032,-0.004117647058823559
2024-05-02,16620,17050,16620,16640,141852,-0.017129356172474908
2024-05-03,16750,17080,16710,16780,247237,0.008413461538461453
2024-05-07,16980,17020,16520,16620,175299,-0.009535160905840279
2024-05-08,16600,16650,16250,16480,166173,-0.008423586040914532
2024-05-09,16480,16500,16140,16200,160850,-0.016990291262135915
2024-05-10,16300,16360,15840,16000,170294,-0.012345679012345734
2024-05-13,16140,16260,15930,15960,162913,-0.0024999999999999467
2024-05-14,15960,16890,15960,16700,347294,0.0463659147869675
2024-05-16,16770,16820,16450,16460,188707,-0.014371257485029987
2024-05-17,16570,16660,16180,16220,178874,-0.014580801944106936
2024-05-20,16230,16400,16130,16190,145119,-0.0018495684340320562
2024-05-21,16210,16270,15800,15900,216923,-0.017912291537986458
2024-05-22,16050,16200,15500,15510,209118,-0.024528301886792447
2024-05-23,15370,15520,15170,15200,260286,-0.01998710509348811
2024-05-24,14940,15040,14830,14880,238450,-0.021052631578947323
2024-05-27,14880,14990,14210,14930,480571,0.0033602150537634934
2024-05-28,14930,15130,14720,14790,259675,-0.009377093101138656
2024-05-29,14780,14780,14200,14200,342338,-0.03989181879648407
2024-05-30,14150,14300,13930,13960,272653,-0.016901408450704203
2024-05-31,13850,14180,13470,13470,779619,-0.035100286532951275
2024-06-03,13490,13850,13420,13850,422033,0.02821083890126208
2024-06-04,13850,14600,13760,14270,461411,0.030324909747292406
2024-06-05,14160,15110,14030,14540,639994,0.01892081289418357
2024-06-07,14600,14970,14510,14930,378689,0.026822558459422385
2024-06-10,14930,15610,14610,15510,554397,0.0388479571332887
2024-06-11,15610,18200,15530,16050,3756594,0.03481624758220514
2024-06-12,16300,17300,16220,16500,1205562,0.028037383177569986
2024-06-13,16750,16750,16180,16260,564716,-0.014545454545454528
2024-06-14,16280,16400,15800,15800,427505,-0.028290282902828978
2024-06-17,15520,15860,15310,15350,272642,-0.02848101265822789
2024-06-18,15360,15480,14800,14860,355191,-0.0319218241042345
2024-06-19,14820,15880,14630,15720,407180,0.05787348586810226
2024-06-20,15720,16060,15350,15500,290075,-0.013994910941475869
2024-06-21,15250,15500,15000,15080,234415,-0.02709677419354839
2024-06-24,14960,14980,14560,14600,277649,-0.03183023872679047
2024-06-25,14550,14720,14280,14420,167209,-0.012328767123287676
2024-06-26,14420,14570,14250,14480,210693,0.004160887656033285
2024-06-27,14660,15970,14650,14950,926209,0.03245856353591159
2024-06-28,15110,15430,14730,14750,408085,-0.013377926421404673
2024-07-01,14620,14860,14410,14810,281603,0.004067796610169427
2024-07-02,14900,15070,14200,14200,302845,-0.041188386225523343
2024-07-03,14400,14890,14260,14270,295314,0.004929577464788837
2024-07-04,14480,14650,14090,14110,241846,-0.011212333566923638
2024-07-05,14080,14290,13900,14180,212460,0.0049610205527994555
2024-07-08,14020,14430,14020,14270,231089,0.006346967559943684
2024-07-09,14400,14450,14060,14180,208119,-0.00630693763139456
2024-07-10,14100,14180,13930,13980,198933,-0.014104372355430161
2024-07-11,14180,14270,13960,13960,185889,-0.0014306151645206988
2024-07-12,13960,14160,13880,14050,169620,0.006446991404011504
2024-07-15,14200,14390,13980,14290,208141,0.01708185053380773
2024-07-16,14290,14290,13730,13730,298806,-0.039188243526941946
2024-07-17,13750,13840,13390,13390,378402,-0.024763292061179887
2024-07-18,13350,13490,13140,13340,232417,-0.0037341299477221535
2024-07-19,13250,13910,13250,13830,243769,0.03673163418290848
2024-07-22,13710,13810,12870,12870,323222,-0.06941431670281994
2024-07-23,12930,13120,12460,12580,245852,-0.022533022533022584
2024-07-24,12260,12730,12260,12570,195527,-0.0007949125596183881
2024-07-25,12490,12540,12100,12350,203801,-0.017501988862370754
2024-07-26,12300,12400,12050,12280,229499,-0.005668016194331993
2024-07-29,12280,12450,12180,12270,131113,-0.0008143322475570036
2024-07-30,12220,12370,11990,12070,207382,-0.016299918500407462
2024-07-31,12050,12140,11840,12080,131482,0.0008285004142503105
2024-08-01,12100,12320,12000,12260,144336,0.01490066225165565
2024-08-02,12040,12140,11600,11600,196497,-0.0538336052202284
2024-08-05,11430,11450,9100,9710,538739,-0.16293103448275859
2024-08-06,9660,10720,9650,10520,514506,0.08341915550978363
2024-08-07,10420,10660,10380,10440,211882,-0.0076045627376425395
2024-08-08,10210,10490,10050,10190,149628,-0.023946360153256685
2024-08-09,10350,10710,10350,10640,195555,0.04416094210009813
2024-08-12,10680,10880,10550,10790,120881,0.014097744360902276
2024-08-13,10740,11050,10550,11030,215339,0.022242817423540284
2024-08-14,12000,13190,11320,11320,1693253,0.026291931097008225
2024-08-16,11700,11730,11220,11380,267582,0.005300353356890497
2024-08-19,11420,11510,10960,10980,191199,-0.03514938488576447
2024-08-20,11110,11920,11110,11660,503053,0.06193078324225865
2024-08-21,11490,12520,11340,12010,776974,0.030017152658662116
2024-08-22,12040,12370,11680,11700,371923,-0.025811823480432983
2024-08-23,11500,11770,11320,11600,150931,-0.008547008547008517
2024-08-26,11700,11780,11200,11220,141753,-0.03275862068965518
2024-08-27,11130,11350,11050,11190,89376,-0.002673796791443861
2024-08-28,11190,11290,10940,11030,131380,-0.01429848078641649
2024-08-29,10900,11380,10890,11320,156619,0.026291931097008225
2024-08-30,11310,11440,11150,11220,157139,-0.00883392226148405
2024-09-02,11230,12270,11230,11950,739355,0.06506238859180025
2024-09-03,11820,12020,11450,11450,281674,-0.04184100418410042
2024-09-04,10870,11100,10640,10700,289922,-0.06550218340611358
2024-09-05,10950,11150,10470,10600,194975,-0.009345794392523366
2024-09-06,10510,10860,10020,10050,270554,-0.05188679245283023
2024-09-09,9780,10180,9750,10030,169118,-0.0019900497512437276
2024-09-10,10050,10280,9720,9720,167295,-0.030907278165503538
2024-09-11,9730,10330,9730,10330,191476,0.06275720164609044
2024-09-12,10770,11030,10550,10920,377881,0.05711519845111335
2024-09-13,11000,11050,10520,10800,169235,-0.01098901098901095
2024-09-19,10800,10970,10410,10500,151200,-0.02777777777777779
2024-09-20,10680,10950,10630,10760,130518,0.024761904761904763
2024-09-23,10710,11050,10500,10900,149166,0.013011152416356975
2024-09-24,11020,11660,11020,11570,373686,0.0614678899082568
2024-09-25,11860,11860,11500,11530,231334,-0.0034572169403630504
2024-09-26,11670,12000,11460,11940,233643,0.03555941023417164
2024-09-27,12250,12270,11780,11940,282267,0.0
2024-09-30,12150,12150,11580,11700,164546,-0.02010050251256279
2024-10-02,11450,11980,11410,11630,169799,-0.005982905982905962
2024-10-04,11630,11790,11390,11520,130306,-0.009458297506448887
2024-10-07,11780,12730,11770,12600,610371,0.09375
2024-10-08,12390,12600,12020,12420,300698,-0.014285714285714235
2024-10-10,12610,12620,12060,12110,242939,-0.0249597423510467
2024-10-11,12070,12330,11690,11710,202531,-0.03303055326176718
2024-10-14,11630,11670,11330,11370,146671,-0.029035012809564442
2024-10-15,11400,11510,10990,11060,197339,-0.027264731750219928
2024-10-16,11120,11200,10910,10940,98144,-0.010849909584086825
2024-10-17,10950,11080,10700,10700,94452,-0.021937842778793404
2024-10-18,10670,10770,10390,10470,140776,-0.021495327102803774
2024-10-21,10480,10740,10440,10500,97367,0.002865329512893977
2024-10-22,10420,10500,10030,10040,163245,-0.043809523809523854
2024-10-23,10000,10470,9900,10350,176831,0.030876494023904355
2024-10-24,10440,10600,10020,10070,138960,-0.02705314009661841
2024-10-25,10300,10470,9960,10020,121863,-0.0049652432969214955
2024-10-28,9990,10470,9990,10400,165819,0.03792415169660668
2024-10-29,10300,10440,10120,10350,100793,-0.004807692307692291
2024-10-30,10400,10430,10160,10220,79334,-0.01256038647342994
2024-10-31,10070,10370,9990,10220,106276,0.0
2024-11-01,10050,10290,10050,10110,89579,-0.010763209393346407
2024-11-04,10160,10600,10100,10530,161176,0.041543026706231556
2024-11-05,10630,11090,10460,10660,262823,0.012345679012345734
2024-11-06,10760,10990,10130,10150,234201,-0.0478424015009381
2024-11-07,10200,10220,9800,9930,180197,-0.021674876847290636
2024-11-08,9990,10310,9870,9870,184100,-0.0060422960725075026
2024-11-11,9980,10040,9200,9260,334735,-0.06180344478216815
2024-11-12,9280,9380,8880,9050,262945,-0.022678185745140356
2024-11-13,8930,9150,8150,8600,265146,-0.04972375690607733
2024-11-14,8600,8890,8210,8260,231828,-0.03953488372093028
2024-11-15,8030,8190,7540,8090,536616,-0.020581113801452777
2024-11-18,8010,8320,7990,8150,201987,0.007416563658838138
2024-11-19,8090,8240,7940,8210,157332,0.007361963190184007
2024-11-20,8220,8310,8060,8100,121864,-0.013398294762484775
2024-11-21,8110,8230,8060,8180,132366,0.009876543209876631
2024-11-22,8290,8390,8100,8180,155802,0.0
2024-11-25,8270,8640,8260,8590,153341,0.05012224938875298
2024-11-26,8610,9000,8490,8590,156178,0.0
2024-11-27,8690,8690,8350,8370,124947,-0.025611175785797413
2024-11-28,8440,8540,8380,8500,120886,0.015531660692950977
2024-11-29,8460,8470,8010,8010,149131,-0.057647058823529385
2024-12-02,8090,8290,7950,7950,159655,-0.0074906367041198685
2024-12-03,7950,8130,7900,8080,112227,0.01635220125786163
2024-12-04,7810,8050,7780,7820,146712,-0.03217821782178221
2024-12-05,7850,7950,7640,7700,140389,-0.01534526854219953
2024-12-06,7630,7800,7100,7600,256117,-0.012987012987012991
2024-12-09,7420,7590,7000,7010,317682,-0.07763157894736838
2024-12-10,7010,7700,7010,7670,191145,0.0941512125534949
2024-12-11,7540,8200,7540,8160,224929,0.0638852672750978
2024-12-12,8170,8220,7870,8070,223076,-0.011029411764705843
2024-12-13,8100,8180,8000,8070,127565,0.0
2024-12-16,8140,8500,8130,8270,186084,0.024783147459727317
2024-12-17,8300,8300,8070,8170,89118,-0.01209189842805325
2024-12-18,8200,8390,8060,8360,114943,0.023255813953488413
2024-12-19,8200,8200,8030,8110,82263,-0.029904306220095656
2024-12-20,8100,8100,7780,7820,89253,-0.03575832305795312
2024-12-23,7900,8170,7820,8010,115152,0.024296675191815886
2024-12-24,8030,8150,7860,7910,76522,-0.012484394506866447
2024-12-26,7960,8020,7600,7840,106455,-0.008849557522123908
2024-12-27,7730,7820,7440,7550,119390,-0.036989795918367374
2024-12-30,7460,7680,7290,7620,87631,0.009271523178807861
2025-01-02,7540,7620,7460,7560,93271,-0.007874015748031482
2025-01-03,7470,8030,7470,7960,159749,0.05291005291005302
2025-01-06,7960,8190,7930,8140,167823,0.022613065326633208
2025-01-07,8160,8240,8040,8040,137392,-0.012285012285012331
2025-01-08,7940,8250,7920,8210,120977,0.021144278606965106
2025-01-09,8130,8190,8010,8150,78557,-0.0073081607795371095
2025-01-10,8090,8120,7970,8070,96849,-0.009815950920245453
2025-01-13,8000,8150,7910,7930,86254,-0.01734820322180919
2025-01-14,8000,8300,8000,8270,169032,0.04287515762925609
2025-01-15,8350,8390,8060,8130,125170,-0.016928657799274438
2025-01-16,8260,8410,8240,8280,98775,0.01845018450184499
2025-01-17,8290,9550,8260,8560,1253912,0.033816425120772875
2025-01-20,8700,8880,8530,8740,374117,0.02102803738317749
2025-01-21,8760,8770,8180,8230,333790,-0.0583524027459954
2025-01-22,8270,8320,8080,8180,170717,-0.0060753341433779084
2025-01-23,8190,8200,7900,7920,176448,-0.0317848410757946
2025-01-24,7990,7990,7860,7900,90550,-0.002525252525252486
2025-01-31,7850,7970,7770,7900,114362,0.0
2025-02-03,7720,7770,7270,7290,256265,-0.07721518987341769
2025-02-04,7400,7990,7390,7890,281867,0.08230452674897126
2025-02-05,7820,8480,7820,8370,364677,0.06083650190114076
2025-02-06,8430,8520,8080,8210,159997,-0.019115890083632014
2025-02-07,8210,8350,8070,8100,115654,-0.013398294762484775
2025-02-10,7980,8300,7800,8240,161145,0.01728395061728394
2025-02-11,8240,8280,8030,8100,97406,-0.016990291262135915
2025-02-12,8080,8250,7980,8100,115726,0.0
2025-02-13,8120,8440,8120,8350,189748,0.030864197530864113
2025-02-14,8480,8740,8270,8540,407358,0.022754491017964007
2025-02-17,8540,9050,8440,8750,377037,0.024590163934426146
2025-02-18,8780,8980,8640,8900,161646,0.017142857142857126
2025-02-19,9050,9560,8860,9000,713572,0.011235955056179803
2025-02-20,9000,9190,8820,8830,291534,-0.018888888888888844
2025-02-21,9000,9310,8770,9040,343633,0.023782559456398733
2025-02-24,8900,9200,8820,9050,191824,0.0011061946902655162
2025-02-25,9130,9180,8790,8850,175232,-0.02209944751381221
2025-02-26,8810,9990,8810,9140,2044415,0.03276836158192098
2025-02-27,9150,9230,8820,8830,351286,-0.03391684901531733
2025-02-28,8680,8680,8340,8360,246572,-0.053227633069082625
2025-03-04,8180,8320,8000,8000,173527,-0.0430622009569378
2025-03-05,8000,8350,7820,8300,355023,0.03750000000000009
2025-03-06,8490,8630,8000,8040,237299,-0.031325301204819245
2025-03-07,7920,8330,7920,8170,160702,0.016169154228855787
2025-03-10,8130,8340,8050,8200,124301,0.003671970624234966
2025-03-11,7950,8240,7780,8150,143536,-0.0060975609756097615
2025-03-12,8180,8480,8150,8380,179045,0.02822085889570558
