Date,Open,High,Low,Close,Volume,Change
2022-01-03,26850,27150,26450,26800,230829,0.01132075471698113
2022-01-04,26800,26800,25900,26150,217705,-0.02425373134328357
2022-01-05,26400,26950,25100,25350,312894,-0.030592734225621365
2022-01-06,24600,25250,23900,23900,223266,-0.05719921104536485
2022-01-07,24300,25550,24200,24600,231096,0.029288702928870203
2022-01-10,24100,24350,23250,24150,128649,-0.018292682926829285
2022-01-11,24150,24150,22500,22800,205383,-0.05590062111801242
2022-01-12,23300,23300,22600,22750,82867,-0.002192982456140302
2022-01-13,23100,23100,21850,22050,163578,-0.03076923076923077
2022-01-14,21650,22000,21300,21700,114090,-0.015873015873015928
2022-01-17,21700,22250,21500,22050,92038,0.016129032258064502
2022-01-18,21850,22600,21700,21850,76734,-0.009070294784580546
2022-01-19,23750,26100,22850,23250,3097344,0.06407322654462244
2022-01-20,23150,24850,23150,24200,714197,0.04086021505376336
2022-01-21,23900,24450,23000,23050,299205,-0.0475206611570248
2022-01-24,22450,22550,21350,21650,208210,-0.06073752711496749
2022-01-25,21750,21900,19800,20700,247788,-0.04387990762124716
2022-01-26,20600,21050,20150,20550,114447,-0.007246376811594235
2022-01-27,20600,20600,19150,19150,152707,-0.06812652068126523
2022-01-28,19250,19550,18750,18900,175665,-0.01305483028720622
2022-02-03,19450,20050,19400,19500,118448,0.031746031746031855
2022-02-04,19150,20150,19050,20050,109491,0.028205128205128105
2022-02-07,20100,20300,19600,20150,54777,0.004987531172069737
2022-02-08,20150,20950,19950,20950,145785,0.03970223325062028
2022-02-09,21250,21450,20350,20450,256771,-0.023866348448687402
2022-02-10,20650,21100,19800,19900,161028,-0.02689486552567233
2022-02-11,19600,19600,18950,19000,141169,-0.045226130653266305
2022-02-14,18450,18500,17200,17200,194043,-0.09473684210526312
2022-02-15,17200,19950,17050,18100,413411,0.05232558139534893
2022-02-16,18450,19400,18450,18700,121322,0.03314917127071815
2022-02-17,18450,19400,18000,18650,130843,-0.002673796791443861
2022-02-18,18150,18900,18000,18850,53267,0.01072386058981234
2022-02-21,18500,19000,18400,18900,35716,0.0026525198938991412
2022-02-22,18250,19000,18250,18550,45204,-0.01851851851851849
2022-02-23,18550,20350,18550,20150,136095,0.08625336927223715
2022-02-24,19800,20300,18700,18950,158985,-0.05955334987593053
2022-02-25,19600,20000,19050,19250,86276,0.0158311345646438
2022-02-28,19200,19750,19050,19250,87877,0.0
2022-03-02,19250,20100,19250,19650,190500,0.020779220779220786
2022-03-03,19850,20050,19700,19700,86794,0.0025445292620864812
2022-03-04,19800,20250,19650,19950,154203,0.012690355329949332
2022-03-07,19600,19750,19100,19250,73205,-0.03508771929824561
2022-03-08,18900,19150,18650,18700,53226,-0.02857142857142858
2022-03-10,19050,19450,18900,19150,42606,0.02406417112299475
2022-03-11,18900,19350,18900,19150,54274,0.0
2022-03-14,19000,19100,18000,18350,98946,-0.04177545691906004
2022-03-15,18300,18600,17850,18000,59624,-0.019073569482288777
2022-03-16,18450,18950,18400,18700,47043,0.03888888888888897
2022-03-17,19300,20750,19100,19900,643802,0.06417112299465244
2022-03-18,20050,20350,19750,19900,144864,0.0
2022-03-21,20250,20400,19550,19550,134029,-0.017587939698492483
2022-03-22,19950,20950,19900,20500,378547,0.04859335038363177
2022-03-23,20650,21050,20200,20300,188520,-0.009756097560975618
2022-03-24,20050,20400,19800,20400,69866,0.0049261083743843415
2022-03-25,20450,20600,20250,20350,71350,-0.002450980392156854
2022-03-28,20550,20550,19800,19850,97754,-0.02457002457002455
2022-03-29,20000,20250,19850,20250,87952,0.02015113350125941
2022-03-30,20400,20600,20050,20050,68823,-0.00987654320987652
2022-03-31,20050,20100,19850,20000,40538,-0.0024937655860348684
2022-04-01,19900,20000,19700,19750,40033,-0.012499999999999956
2022-04-04,20150,20150,19400,19700,41771,-0.0025316455696202667
2022-04-05,19700,20350,19700,20300,103673,0.030456852791878264
2022-04-06,20200,20500,20050,20400,80920,0.0049261083743843415
2022-04-07,20350,20350,19550,19650,80791,-0.03676470588235292
2022-04-08,19650,20050,19200,20000,90145,0.01781170483460559
2022-04-11,19950,20100,19700,19900,45630,-0.0050000000000000044
2022-04-12,19600,20200,19600,20150,50541,0.012562814070351758
2022-04-13,20200,20550,20050,20300,89511,0.007444168734491274
2022-04-14,20550,20550,19950,19950,52715,-0.017241379310344862
2022-04-15,19950,20300,19850,20050,27462,0.005012531328320913
2022-04-18,20050,20200,19850,19850,47487,-0.009975062344139696
2022-04-19,19850,20250,19850,20200,38251,0.017632241813602123
2022-04-20,20200,20250,19800,19850,51977,-0.017326732673267342
2022-04-21,19650,19950,19650,19800,51582,-0.0025188916876573986
2022-04-22,19700,19900,19500,19700,37529,-0.005050505050505083
2022-04-25,19600,19650,19000,19100,55617,-0.030456852791878153
2022-04-26,19100,19300,18900,18950,60333,-0.007853403141361293
2022-04-27,18250,18900,18250,18900,34184,-0.0026385224274406704
2022-04-28,19150,19600,18500,18500,52506,-0.021164021164021163
2022-04-29,18650,19150,18500,18750,37640,0.013513513513513598
2022-05-02,18200,18600,18150,18450,37911,-0.016000000000000014
2022-05-03,19250,19900,19250,19400,113956,0.051490514905149
2022-05-04,19750,19800,18950,19100,31244,-0.015463917525773141
2022-05-06,18700,19650,18700,19200,45671,0.005235602094240788
2022-05-09,18900,19550,18900,19000,36987,-0.01041666666666663
2022-05-10,18900,19200,18650,18850,41627,-0.007894736842105288
2022-05-11,18600,19050,18600,18700,16976,-0.007957559681697646
2022-05-12,18650,18800,17900,18100,47433,-0.03208556149732622
2022-05-13,17950,18350,17900,17950,43801,-0.008287292817679592
2022-05-16,18100,18500,18100,18200,26342,0.013927576601671321
2022-05-17,18050,18250,17800,18000,24961,-0.01098901098901095
2022-05-18,18050,18650,18000,18200,45141,0.011111111111111072
2022-05-19,17750,18200,17700,18200,29952,0.0
2022-05-20,17950,19300,17950,18650,96326,0.024725274725274637
2022-05-23,19000,19100,18650,18700,28204,0.002680965147453085
2022-05-24,18800,19600,18600,18700,56189,0.0
2022-05-25,18700,19600,18700,19050,69397,0.018716577540107027
2022-05-26,19400,19500,18650,18800,37370,-0.013123359580052507
2022-05-27,18900,19000,18500,18500,35013,-0.015957446808510634
2022-05-30,18600,18950,18600,18650,17903,0.008108108108108025
2022-05-31,18650,18850,18500,18600,17045,-0.002680965147453085
2022-06-02,18350,18950,18350,18600,27142,0.0
2022-06-03,18800,18900,18450,18600,24828,0.0
2022-06-07,18500,18600,18150,18400,21870,-0.010752688172043001
2022-06-08,18200,18450,18100,18150,15154,-0.013586956521739135
2022-06-09,18100,18400,17800,18050,23074,-0.0055096418732781816
2022-06-10,18050,18150,17750,18000,18849,-0.0027700831024930483
2022-06-13,17700,17700,16700,16850,45529,-0.06388888888888888
2022-06-14,16200,16750,15600,16100,54506,-0.04451038575667654
2022-06-15,16000,16200,14600,15050,51022,-0.06521739130434778
2022-06-16,16200,16250,15100,15100,42122,0.0033222591362125353
2022-06-17,14600,15600,14350,15600,46741,0.0331125827814569
2022-06-20,15450,15550,13900,14100,90425,-0.09615384615384615
2022-06-21,14100,14450,13950,14300,38600,0.014184397163120588
2022-06-22,14250,14500,13150,13200,57621,-0.07692307692307687
2022-06-23,12950,13550,11700,11950,104623,-0.09469696969696972
2022-06-24,11950,12750,11900,12650,57789,0.05857740585774063
2022-06-27,12800,13600,12800,13500,43515,0.06719367588932812
2022-06-28,13500,14000,13400,13900,42768,0.029629629629629672
2022-06-29,13350,14150,13350,14100,28122,0.014388489208633004
2022-06-30,14500,14500,13700,14000,50885,-0.007092198581560294
2022-07-01,13800,14200,13450,13750,36164,-0.017857142857142905
2022-07-04,14000,14000,12700,13000,84825,-0.054545454545454564
2022-07-05,13100,14200,13100,14000,55673,0.07692307692307687
2022-07-06,14200,16250,13850,15050,282719,0.07499999999999996
2022-07-07,15400,17150,14700,14800,681209,-0.01661129568106312
2022-07-08,14850,15000,14550,14600,65360,-0.013513513513513487
2022-07-11,14550,14900,14300,14750,57365,0.010273972602739656
2022-07-12,14450,14750,14150,14250,42761,-0.03389830508474578
2022-07-13,14750,14750,13900,14000,60734,-0.01754385964912286
2022-07-14,14100,14500,13850,14300,42029,0.021428571428571352
2022-07-15,14300,14550,13950,14250,54392,-0.0034965034965035446
2022-07-18,14300,14750,14300,14600,33079,0.024561403508772006
2022-07-19,14400,15150,14400,15050,46675,0.03082191780821919
2022-07-20,15200,15850,15100,15700,70288,0.04318936877076407
2022-07-21,15950,16550,15750,15850,101073,0.009554140127388644
2022-07-22,15800,16000,15650,15700,44539,-0.009463722397476393
2022-07-25,15650,15650,15000,15200,36047,-0.031847133757961776
2022-07-26,15300,15500,15200,15200,25231,0.0
2022-07-27,15150,15300,14900,15050,28945,-0.009868421052631526
2022-07-28,15400,15500,15050,15150,34429,0.006644518272425293
2022-07-29,15200,15350,15100,15100,29076,-0.0033003300330033403
2022-08-01,15200,15350,15000,15150,22886,0.0033112582781456013
2022-08-02,15150,15150,14850,14900,36077,-0.01650165016501648
2022-08-03,14750,14900,14350,14750,29428,-0.010067114093959773
2022-08-04,14900,15250,14900,15250,53455,0.03389830508474567
2022-08-05,15300,15300,14950,15000,25085,-0.016393442622950838
2022-08-08,14800,14850,14450,14600,29663,-0.026666666666666616
2022-08-09,14400,14550,14050,14050,42878,-0.03767123287671237
2022-08-10,14150,14150,13750,13800,27788,-0.017793594306049876
2022-08-11,14000,14250,14000,14100,15946,0.021739130434782705
2022-08-12,14300,14300,14000,14100,16274,0.0
2022-08-16,14100,14250,13950,14250,23905,0.010638297872340496
2022-08-17,14300,14300,13800,13800,22499,-0.03157894736842104
2022-08-18,13800,14400,13450,14000,37011,0.01449275362318847
2022-08-19,13950,14150,13650,13650,13402,-0.025000000000000022
2022-08-22,13550,16450,13200,13650,1838491,0.0
2022-08-23,13450,13950,13300,13600,109784,-0.00366300366300365
2022-08-24,13550,13850,13400,13500,62477,-0.007352941176470562
2022-08-25,13550,13800,13550,13600,42267,0.007407407407407307
2022-08-26,13750,14150,13600,14100,71269,0.03676470588235303
2022-08-29,13650,13850,13500,13550,42206,-0.03900709219858156
2022-08-30,13650,13850,13450,13650,26129,0.007380073800737907
2022-08-31,13300,13700,13150,13550,36699,-0.0073260073260073
2022-09-01,13550,13650,13150,13150,30077,-0.029520295202952074
2022-09-02,13350,14650,13150,13550,248649,0.03041825095057038
2022-09-05,13500,14450,13400,13800,135491,0.01845018450184499
2022-09-06,13750,14650,13750,14450,113198,0.047101449275362306
2022-09-07,14450,15000,14200,14600,109017,0.01038062283737018
2022-09-08,14600,14850,14000,14050,62949,-0.03767123287671237
2022-09-13,14300,14400,14150,14300,23877,0.017793594306049876
2022-09-14,13900,14250,13550,14050,37279,-0.0174825174825175
2022-09-15,14050,14200,13900,13900,24893,-0.010676156583629859
2022-09-16,13700,13950,13450,13500,44446,-0.02877697841726623
2022-09-19,13500,13800,13000,13050,40724,-0.033333333333333326
2022-09-20,13150,13450,12850,12900,30023,-0.011494252873563204
2022-09-21,12700,13100,12700,12700,19012,-0.015503875968992276
2022-09-22,12700,12700,12150,12400,34766,-0.023622047244094446
2022-09-23,12250,12600,12050,12050,25007,-0.028225806451612878
2022-09-26,11500,11850,10850,11000,56240,-0.08713692946058094
2022-09-27,10800,11200,10550,10900,37833,-0.009090909090909038
2022-09-28,10800,11100,10000,10150,57205,-0.06880733944954132
2022-09-29,10250,10900,10200,10200,33985,0.0049261083743843415
2022-09-30,10000,10450,9930,10200,25919,0.0
2022-10-04,10400,10750,10350,10650,22471,0.044117647058823595
2022-10-05,10900,11150,10300,10300,18935,-0.032863849765258246
2022-10-06,10350,12000,10350,11250,95222,0.09223300970873782
2022-10-07,11150,13200,10950,11850,367811,0.05333333333333323
2022-10-11,11700,12600,11100,11250,117760,-0.05063291139240511
2022-10-12,11250,11450,10850,11000,44820,-0.022222222222222254
2022-10-13,10850,11000,10400,10450,40731,-0.050000000000000044
2022-10-14,10600,11200,10600,11000,26997,0.05263157894736836
2022-10-17,10950,11450,10700,11250,25091,0.022727272727272707
2022-10-18,11700,12250,11450,11550,52947,0.026666666666666616
2022-10-19,11550,11950,11150,11150,21383,-0.03463203463203468
2022-10-20,11200,11300,10800,11050,15537,-0.008968609865470878
2022-10-21,10850,10950,10600,10800,23076,-0.022624434389140302
2022-10-24,10950,11300,10850,10950,23430,0.01388888888888884
2022-10-25,11150,11150,10700,10900,17564,-0.004566210045662156
2022-10-26,11000,11100,10600,10700,14568,-0.01834862385321101
2022-10-27,10650,10950,10550,10750,10900,0.004672897196261738
2022-10-28,10700,10800,10550,10650,11889,-0.009302325581395321
2022-10-31,10950,12500,10950,11250,391775,0.05633802816901401
2022-11-01,11250,11800,11000,11800,121308,0.04888888888888898
2022-11-02,11900,13100,11700,12150,665055,0.029661016949152463
2022-11-03,11800,12750,11650,12550,127150,0.03292181069958855
2022-11-04,12850,12950,12000,12000,79246,-0.043824701195219085
2022-11-07,12250,13350,11800,12000,389324,0.0
2022-11-08,12100,12250,12000,12050,46070,0.004166666666666652
2022-11-09,12100,12300,11900,11900,28449,-0.012448132780082943
2022-11-10,11850,12200,11600,11850,30872,-0.004201680672268893
2022-11-11,12300,12300,11950,12300,64958,0.03797468354430378
2022-11-14,12550,13450,12500,13400,369797,0.08943089430894302
2022-11-15,13450,13450,12650,12750,176535,-0.04850746268656714
2022-11-16,12800,12850,12350,12500,53686,-0.019607843137254943
2022-11-17,12500,13100,12500,12550,99570,0.0040000000000000036
2022-11-18,12350,12850,12300,12300,53028,-0.019920318725099584
2022-11-21,12200,12400,12000,12150,33004,-0.012195121951219523
2022-11-22,11900,12100,11750,11900,27654,-0.020576131687242816
2022-11-23,12050,12300,12000,12100,25785,0.01680672268907557
2022-11-24,12200,13350,12200,12850,202465,0.06198347107438007
2022-11-25,12650,13200,12650,12800,118393,-0.0038910505836575737
2022-11-28,13000,13150,12750,13050,84967,0.01953125
2022-11-29,12900,13200,12600,13150,57718,0.00766283524904221
2022-11-30,13050,15300,13050,13500,1604706,0.026615969581748944
2022-12-01,13900,14200,13500,13500,251234,0.0
2022-12-02,13600,14650,13500,14150,463827,0.04814814814814805
2022-12-05,14150,14300,13550,13600,123241,-0.03886925795053009
2022-12-06,13450,13500,13050,13250,54313,-0.02573529411764708
2022-12-07,13000,13350,12850,13300,36847,0.0037735849056603765
2022-12-08,13100,13350,12800,13000,52110,-0.022556390977443663
2022-12-09,13150,13700,13050,13600,53556,0.04615384615384621
2022-12-12,13650,13850,13250,13450,35720,-0.011029411764705843
2022-12-13,13300,13450,12850,12850,45295,-0.044609665427509326
2022-12-14,13000,13600,13000,13500,64676,0.05058365758754868
2022-12-15,13550,13550,12800,13300,33061,-0.014814814814814836
2022-12-16,12950,13200,12850,12900,29449,-0.03007518796992481
2022-12-19,12700,13650,12650,13350,37286,0.03488372093023262
2022-12-20,13300,13300,12700,12800,33620,-0.041198501872659166
2022-12-21,12800,13150,12550,12550,29964,-0.01953125
2022-12-22,12700,12900,12550,12650,20555,0.007968127490039834
2022-12-23,12500,12500,12050,12100,27400,-0.04347826086956519
2022-12-26,12100,12400,12000,12150,17066,0.004132231404958775
2022-12-27,12050,12400,12000,12150,12237,0.0
2022-12-28,11900,12800,11900,12450,25067,0.024691358024691468
2022-12-29,12250,12700,12250,12400,17281,-0.004016064257028162
2023-01-02,12350,12750,11550,11700,27339,-0.056451612903225756
2023-01-03,11700,11800,10750,11500,43197,-0.017094017094017144
2023-01-04,11250,11850,11150,11800,25016,0.026086956521739202
2023-01-05,11850,12100,11600,11700,16068,-0.008474576271186418
2023-01-06,11700,12000,11600,11900,10216,0.017094017094017033
2023-01-09,12000,12400,12000,12200,18866,0.025210084033613356
2023-01-10,12350,13400,12300,13150,68465,0.07786885245901631
2023-01-11,13100,14400,13000,13150,295446,0.0
2023-01-12,13150,13150,12700,12750,34060,-0.03041825095057038
2023-01-13,12700,13300,12700,13250,63241,0.03921568627450989
2023-01-16,13550,14000,13500,13800,129701,0.04150943396226414
2023-01-17,14000,14050,13500,13650,76394,-0.010869565217391353
2023-01-18,13950,15100,13500,13500,486048,-0.01098901098901095
2023-01-19,13300,14050,13300,13500,93471,0.0
2023-01-20,13650,14250,13500,14000,129191,0.03703703703703698
2023-01-25,14290,14750,14010,14700,136110,0.050000000000000044
2023-01-26,14700,14750,13950,14060,131766,-0.0435374149659864
2023-01-27,14030,15370,13850,14930,366743,0.06187766714082499
2023-01-30,14720,14830,14190,14350,158340,-0.0388479571332887
2023-01-31,14380,14850,14300,14370,138584,0.0013937282229965486
2023-02-01,14530,15650,14400,14810,613403,0.03061934585942927
2023-02-02,15190,15440,14880,14910,193098,0.006752194463200523
2023-02-03,15350,16200,15110,15630,780029,0.048289738430583595
2023-02-06,15650,15780,15050,15160,130187,-0.0300703774792066
2023-02-07,15120,19000,15060,17850,5210806,0.17744063324538262
2023-02-08,19180,20900,18940,18940,2988569,0.06106442577030813
2023-02-09,19300,19340,18420,18420,493648,-0.02745512143611406
2023-02-10,18290,18350,17250,17270,416519,-0.06243213897937028
2023-02-13,17340,17400,16800,17200,215835,-0.004053271569195105
2023-02-14,17210,17560,16540,16650,265221,-0.03197674418604646
2023-02-15,16680,16790,16170,16230,202537,-0.02522522522522519
2023-02-16,16530,16600,16200,16300,113775,0.004313000616142926
2023-02-17,15980,16680,15980,16230,111643,-0.004294478527607337
2023-02-20,16310,16700,16230,16500,85652,0.01663585951940849
2023-02-21,16770,16820,16470,16520,79810,0.00121212121212122
2023-02-22,16440,16700,16130,16700,59743,0.010895883777239712
2023-02-23,16710,17780,16710,17130,298282,0.02574850299401188
2023-02-24,17310,17620,17030,17470,153781,0.019848219497956787
2023-02-27,18780,19650,18000,18320,907512,0.04865483686319405
2023-02-28,18330,18400,17610,17710,161292,-0.033296943231441056
2023-03-02,17710,18280,17090,17900,187014,0.010728402032749829
2023-03-03,17940,18120,17200,17300,105893,-0.03351955307262566
2023-03-06,17300,17790,17300,17500,70236,0.011560693641618602
2023-03-07,17490,17690,17000,17200,40077,-0.017142857142857126
2023-03-08,17000,17200,16500,16550,77002,-0.03779069767441856
2023-03-09,16800,16800,16010,16230,84742,-0.01933534743202414
2023-03-10,15830,16120,15530,15740,86630,-0.03019100431300059
2023-03-13,15500,16370,15460,16150,83121,0.026048284625158846
2023-03-14,15950,16200,14900,14900,101771,-0.07739938080495357
2023-03-15,15310,15650,14660,15230,43692,0.022147651006711344
2023-03-16,15000,15500,14830,15050,35208,-0.011818778726198298
2023-03-17,15800,16300,15400,16270,78995,0.08106312292358808
2023-03-20,16060,16340,15810,15900,46219,-0.022741241548862923
2023-03-21,16090,16090,15430,15550,45446,-0.022012578616352196
2023-03-22,15900,16300,15400,15970,44607,0.02700964630225089
2023-03-23,15970,15970,15450,15680,41764,-0.018159048215403928
2023-03-24,15700,16180,15700,15770,43284,0.005739795918367374
2023-03-27,16400,16410,15450,15600,53296,-0.010779961953075512
2023-03-28,15510,17690,15510,17010,681746,0.09038461538461529
2023-03-29,16950,16950,16070,16150,137280,-0.05055849500293941
2023-03-30,16230,16310,15830,16100,77418,-0.003095975232198178
2023-03-31,16370,17150,16000,16000,213032,-0.006211180124223614
2023-04-03,16180,16200,15590,15990,61499,-0.0006249999999999867
2023-04-04,15800,16140,15470,15650,71759,-0.021263289555972453
2023-04-05,15570,16350,15310,16000,81494,0.022364217252396124
2023-04-06,15750,16300,15650,15900,67568,-0.006249999999999978
2023-04-07,15930,16630,15800,15940,71214,0.002515723270440251
2023-04-10,15950,16070,15470,15500,68956,-0.027603513174404015
2023-04-11,15430,15730,15050,15200,58818,-0.01935483870967747
2023-04-12,15200,15960,15130,15830,63691,0.041447368421052566
2023-04-13,15710,15710,15260,15600,67262,-0.014529374605180001
2023-04-14,15620,15790,15330,15360,40889,-0.01538461538461533
2023-04-17,15420,15480,15170,15360,27914,0.0
2023-04-18,15410,15650,14990,15000,47855,-0.0234375
2023-04-19,15000,15270,14880,15030,48045,0.0020000000000000018
2023-04-20,15020,16450,14820,15250,98833,0.014637391882900808
2023-04-21,15220,15850,15040,15060,37557,-0.012459016393442601
2023-04-24,14820,15500,14820,15070,32281,0.0006640106241699861
2023-04-25,15070,15300,14500,14760,41707,-0.020570670205706687
2023-04-26,14930,14970,14510,14510,43036,-0.01693766937669372
2023-04-27,14510,14690,14140,14280,34903,-0.015851137146795313
2023-04-28,14310,14780,14050,14090,26341,-0.013305322128851493
2023-05-02,14090,14630,14090,14430,23220,0.024130589070262554
2023-05-03,14100,14570,14100,14530,12191,0.006930006930006893
2023-05-04,14400,14650,14160,14450,23231,-0.00550584996558845
2023-05-08,14500,14700,14270,14450,12312,0.0
2023-05-09,14400,14480,14050,14140,20911,-0.02145328719723183
2023-05-10,13970,14140,13780,13840,22400,-0.021216407355021172
2023-05-11,13810,14190,13810,13950,19425,0.007947976878612817
2023-05-12,13880,14000,13740,13780,12756,-0.012186379928315394
2023-05-15,13680,13830,13440,13490,22462,-0.021044992743106006
2023-05-16,13500,14000,13200,13340,29849,-0.01111934766493694
2023-05-17,13160,13750,13100,13700,22711,0.026986506746626615
2023-05-18,13880,14000,13690,13710,8467,0.0007299270072993469
2023-05-19,13650,14210,13650,14170,27513,0.03355215171407733
2023-05-22,14150,14340,14020,14170,12217,0.0
2023-05-23,14210,14630,14110,14270,14782,0.007057163020465662
2023-05-24,14250,14400,14000,14200,9705,-0.004905395935529078
2023-05-25,14200,14440,14200,14330,13792,0.009154929577464888
2023-05-26,14340,14500,14010,14020,18667,-0.021632937892533177
2023-05-30,14020,14500,14020,14210,19605,0.013552068473609236
2023-05-31,14060,14630,14060,14270,35438,0.004222378606615118
2023-06-01,14210,14580,14210,14420,26751,0.010511562718990897
2023-06-02,14440,14630,14300,14320,15326,-0.006934812760055475
2023-06-05,14330,14470,14210,14410,14689,0.006284916201117374
2023-06-07,14400,14590,14180,14350,21933,-0.004163775156141525
2023-06-08,14200,14300,13960,14060,20600,-0.02020905923344951
2023-06-09,14150,14340,13910,14170,14463,0.007823613086771042
2023-06-12,14180,14300,14010,14050,8137,-0.008468595624558928
2023-06-13,14060,14950,13900,14080,101347,0.002135231316725994
2023-06-14,14080,14200,13610,13720,38116,-0.025568181818181768
2023-06-15,13670,13850,13500,13550,13519,-0.012390670553935834
2023-06-16,13710,14000,13670,13860,15272,0.022878228782287735
2023-06-19,13740,14090,13650,14000,16435,0.010101010101010166
2023-06-20,13840,14080,13840,14020,12996,0.0014285714285713347
2023-06-21,14000,14140,13850,13920,16010,-0.007132667617689048
2023-06-22,13960,14060,13820,14030,20639,0.007902298850574807
2023-06-23,14040,14230,13930,14070,22122,0.0028510334996436626
2023-06-26,14070,14200,13800,13960,17476,-0.00781805259417201
2023-06-27,13890,14070,13650,13900,13455,-0.004297994269340966
2023-06-28,13800,14150,13800,13910,17192,0.0007194244604316058
2023-06-29,13800,13980,13520,13670,23498,-0.017253774263120025
2023-06-30,13520,13740,13380,13480,16102,-0.013899049012435993
2023-07-03,13460,13700,13410,13480,10865,0.0
2023-07-04,13350,13530,12970,13010,37394,-0.034866468842729925
2023-07-05,13000,13050,12270,12480,78955,-0.04073789392774785
2023-07-06,12370,12550,11760,12300,54790,-0.014423076923076872
2023-07-07,12170,12350,11950,12200,19691,-0.008130081300813052
2023-07-10,12110,12440,11910,12210,20793,0.0008196721311475308
2023-07-11,12150,12370,12150,12270,7687,0.004914004914004844
2023-07-12,12310,12490,12160,12230,16926,-0.0032599837000815146
2023-07-13,12230,12460,12140,12400,20214,0.013900245298446468
2023-07-14,12580,12580,12310,12430,12795,0.0024193548387096975
2023-07-17,12450,12850,12150,12620,31541,0.01528559935639584
2023-07-18,12630,13300,12320,12790,71332,0.01347068145800323
2023-07-19,13130,13340,12420,12540,35291,-0.019546520719311955
2023-07-20,12690,12840,12420,12570,28239,0.0023923444976077235
2023-07-21,12550,12640,12310,12310,29300,-0.020684168655529023
2023-07-24,12320,12420,11860,11860,45750,-0.036555645816409466
2023-07-25,11650,11940,11290,11350,47873,-0.04300168634064083
2023-07-26,11120,11340,10510,10720,99592,-0.05550660792951545
2023-07-27,10250,11470,10250,11300,26046,0.05410447761194037
2023-07-28,11900,11900,11320,11500,11037,0.017699115044247815
2023-07-31,11480,11640,11260,11320,25814,-0.01565217391304352
2023-08-01,11400,12350,11400,12350,53839,0.0909893992932862
2023-08-02,12490,12530,12030,12100,26025,-0.020242914979757054
2023-08-03,11980,11980,11650,11760,19002,-0.028099173553719048
2023-08-04,11670,12780,11530,12690,92793,0.07908163265306123
2023-08-07,14440,15000,11710,11770,912981,-0.07249802994483845
2023-08-08,11650,11680,11120,11140,75087,-0.05352591333899748
2023-08-09,10990,11620,10910,11200,64054,0.0053859964093356805
2023-08-10,11000,11300,10900,11150,24161,-0.004464285714285698
2023-08-11,11190,11350,10930,10980,38734,-0.015246636771300448
2023-08-14,10980,11050,10820,10940,19513,-0.0036429872495445936
2023-08-16,10820,10940,10600,10660,22219,-0.025594149908592323
2023-08-17,10500,10900,10270,10610,31763,-0.004690431519699834
2023-08-18,10320,10730,10200,10480,28114,-0.012252591894439169
2023-08-21,10480,11300,10480,11080,33513,0.057251908396946494
2023-08-22,10970,11030,10600,10600,29857,-0.04332129963898912
2023-08-23,10700,10700,10310,10330,24098,-0.025471698113207597
2023-08-24,10410,10870,10410,10730,20931,0.038722168441432725
2023-08-25,10600,10880,10560,10590,22717,-0.013047530288909592
2023-08-28,10560,10850,10560,10740,10277,0.014164305949008416
2023-08-29,11110,11930,10750,10770,151741,0.0027932960893854997
2023-08-30,10810,11230,10800,11200,35491,0.03992571959145774
2023-08-31,11160,11380,10890,10970,22974,-0.020535714285714324
2023-09-01,10870,11300,10810,10900,24558,-0.006381039197812188
2023-09-04,10900,10970,10740,10880,12273,-0.0018348623853210455
2023-09-05,10800,10950,10740,10830,12402,-0.004595588235294157
2023-09-06,10800,11050,10710,10850,18467,0.001846722068328699
2023-09-07,10850,11150,10670,10770,25482,-0.007373271889400956
2023-09-08,10770,10840,10590,10760,10581,-0.0009285051067781103
2023-09-11,10760,10840,10500,10510,15256,-0.02323420074349447
2023-09-12,10550,10690,10520,10580,12985,0.006660323501427312
2023-09-13,10580,10600,10380,10470,11309,-0.010396975425330801
2023-09-14,10510,13600,10510,12840,2745225,0.22636103151862463
2023-09-15,13000,13500,12630,12690,712285,-0.011682242990654235
2023-09-18,12690,12900,12470,12800,153978,0.008668242710795804
2023-09-19,12650,12800,12000,12430,210638,-0.028906250000000022
2023-09-20,12290,12570,12030,12380,78340,-0.004022526146419958
2023-09-21,12380,12380,11830,11890,78056,-0.039579967689822304
2023-09-22,11800,13880,11360,11450,1213504,-0.03700588730025234
2023-09-25,11460,12420,10900,10920,270014,-0.046288209606986874
2023-09-26,11000,11070,10410,10460,88199,-0.042124542124542086
2023-09-27,10200,10900,10200,10780,42141,0.030592734225621365
2023-10-04,10780,10780,10210,10230,36497,-0.05102040816326525
2023-10-05,10230,10490,9960,9970,42910,-0.025415444770283457
2023-10-06,9790,10650,9790,10270,33740,0.030090270812437314
2023-10-10,10000,10580,9800,9890,55468,-0.03700097370983446
2023-10-11,10230,10330,10010,10100,27553,0.02123356926188058
2023-10-12,10010,10610,10010,10530,41490,0.04257425742574261
2023-10-13,10500,10800,10230,10370,21500,-0.015194681861348536
2023-10-16,10130,10340,9810,10130,55888,-0.02314368370298936
2023-10-17,10100,10420,10010,10210,32297,0.007897334649555665
2023-10-18,10220,10270,10030,10110,18912,-0.009794319294809006
2023-10-19,10000,10000,9800,9840,31459,-0.02670623145400597
2023-10-20,9660,9790,9360,9390,44574,-0.04573170731707321
2023-10-23,9190,9700,9190,9450,23404,0.006389776357827559
2023-10-24,9980,11490,9480,9660,565920,0.022222222222222143
2023-10-25,9790,10270,9630,9850,78678,0.019668737060041463
2023-10-26,9580,9690,9320,9380,58100,-0.04771573604060919
2023-10-27,9310,9560,9130,9220,25972,-0.017057569296375252
2023-10-30,9220,9560,9110,9230,18207,0.0010845986984815426
2023-10-31,9240,9450,8970,9010,35932,-0.023835319609967542
2023-11-01,8970,9860,8970,9200,125581,0.021087680355160954
2023-11-02,9340,9490,9300,9370,41334,0.018478260869565277
2023-11-03,9550,9660,9360,9590,15709,0.023479188900747072
2023-11-06,9730,9870,9700,9860,24716,0.028154327424400494
2023-11-07,9950,9960,9440,9750,17513,-0.011156186612576113
2023-11-08,9760,9960,9670,9800,24687,0.00512820512820511
2023-11-09,9730,10250,9730,9810,37203,0.0010204081632652073
2023-11-10,9660,9780,9500,9660,15611,-0.015290519877675823
2023-11-13,9670,9870,9400,9410,10466,-0.025879917184264967
2023-11-14,9340,9850,9320,9700,17379,0.03081827842720508
2023-11-15,9950,9990,9800,9900,15630,0.020618556701030855
2023-11-16,10040,11040,9770,9800,277036,-0.010101010101010055
2023-11-17,9800,9840,9530,9750,26573,-0.005102040816326481
2023-11-20,9750,10000,9710,9930,16205,0.01846153846153853
2023-11-21,10300,10440,9900,10230,90391,0.030211480362537735
2023-11-22,10220,10340,10080,10240,29194,0.0009775171065493637
2023-11-23,10470,10470,10210,10250,22261,0.0009765625
2023-11-24,10480,10480,10130,10180,28567,-0.006829268292682933
2023-11-27,10150,10180,9450,9920,29741,-0.025540275049115935
2023-11-28,9920,10180,9820,10000,9813,0.008064516129032251
2023-11-29,10000,10100,9910,10000,14160,0.0
2023-11-30,10000,10330,10000,10110,30985,0.010999999999999899
2023-12-01,10070,10200,10020,10060,12453,-0.004945598417408492
2023-12-04,10160,10190,9960,10070,19583,0.0009940357852882276
2023-12-05,10020,10150,9830,9890,19780,-0.01787487586891756
2023-12-06,9830,10000,9770,10000,15660,0.011122345803842304
2023-12-07,10000,10000,9850,9880,9874,-0.01200000000000001
2023-12-08,9930,10240,9920,10170,32247,0.029352226720647856
2023-12-11,10170,10580,10170,10300,47478,0.012782694198623323
2023-12-12,10230,10490,10230,10430,18973,0.012621359223300876
2023-12-13,10430,10630,10230,10230,25363,-0.019175455417066112
2023-12-14,10330,10630,9950,10370,41467,0.013685239491691092
2023-12-15,10350,10500,10220,10320,27089,-0.004821600771456103
2023-12-18,10320,10760,10320,10560,61902,0.023255813953488413
2023-12-19,10490,10820,10450,10670,45206,0.01041666666666674
2023-12-20,10700,10990,10650,10870,45619,0.018744142455482615
2023-12-21,10860,10860,10320,10530,26389,-0.031278748850046
2023-12-22,10550,10850,10300,10580,40628,0.0047483380816715215
2023-12-26,10510,10790,10350,10500,23276,-0.007561436672967825
2023-12-27,10340,10750,10340,10620,22541,0.011428571428571344
2023-12-28,10750,10890,10600,10840,34509,0.020715630885122405
2024-01-02,10840,11040,10780,11000,40101,0.014760147601476037
2024-01-03,10870,11000,10670,10990,28290,-0.0009090909090908594
2024-01-04,10990,11110,10700,10830,17009,-0.0145586897179254
2024-01-05,10720,11330,10610,11180,49214,0.03231763619575245
2024-01-08,11350,11550,11150,11370,53251,0.016994633273702986
2024-01-09,11560,12350,11430,12030,221277,0.05804749340369386
2024-01-10,12300,12300,11650,11720,75929,-0.02576891105569412
2024-01-11,11900,12000,11520,11690,37167,-0.0025597269624573205
2024-01-12,11900,12600,11200,11450,188620,-0.020530367835757013
2024-01-15,11470,11700,11260,11300,34134,-0.013100436681222738
2024-01-16,11350,11730,11160,11660,63876,0.031858407079645934
2024-01-17,11800,11840,11000,11000,89539,-0.05660377358490565
2024-01-18,10900,11200,10800,11040,27042,0.0036363636363636598
2024-01-19,11040,11470,11040,11370,49309,0.029891304347826164
2024-01-22,11450,11860,11400,11640,87902,0.0237467018469657
2024-01-23,11700,11880,11400,11760,62345,0.010309278350515427
2024-01-24,11750,11770,11310,11640,43142,-0.010204081632653073
2024-01-25,11640,11840,11430,11600,67842,-0.0034364261168384758
2024-01-26,11500,12420,11400,12180,235298,0.050000000000000044
2024-01-29,12360,12500,11590,11900,99945,-0.02298850574712641
2024-01-30,12130,12130,11410,11630,83092,-0.02268907563025213
2024-01-31,11620,12380,11380,11580,147002,-0.004299226139294898
2024-02-01,11490,11590,10900,11230,54646,-0.030224525043177852
2024-02-02,11220,11550,11220,11440,34111,0.018699910952804988
2024-02-05,11440,11610,10950,11010,49500,-0.037587412587412605
2024-02-06,11100,11140,10650,10980,39123,-0.0027247956403270157
2024-02-07,10980,11150,10800,10830,16228,-0.013661202185792365
2024-02-08,10670,11100,10670,10900,21615,0.006463527239150446
2024-02-13,11150,11150,10900,10980,23709,0.007339449541284404
2024-02-14,10890,11150,10610,11120,33847,0.012750455373406133
2024-02-15,11130,11210,10950,11000,21330,-0.010791366906474864
2024-02-16,11000,11090,10660,10900,28565,-0.009090909090909038
2024-02-19,10900,14110,10810,13600,3830582,0.2477064220183487
2024-02-20,14700,17560,14700,15450,6781172,0.13602941176470584
2024-02-21,15450,15970,14900,14980,1597921,-0.030420711974110004
2024-02-22,15400,16570,14800,14850,2950531,-0.00867823765020026
2024-02-23,15080,15090,13720,14240,617393,-0.041077441077441046
2024-02-26,14260,14450,13710,14130,471549,-0.0077247191011236005
2024-02-27,13830,13930,12810,13120,411812,-0.07147912243453647
2024-02-28,12980,14690,12910,14690,957150,0.11966463414634143
2024-02-29,14400,14500,12970,13160,661516,-0.10415248468345817
2024-03-04,13450,13550,12960,13100,181176,-0.00455927051671734
2024-03-05,13010,13190,12700,12970,157456,-0.00992366412213741
2024-03-06,12820,12890,12600,12750,113919,-0.016962220508866643
