Date,Open,High,Low,Close,Volume,Change
2022-01-03,3535,3540,3460,3480,318891,-0.009957325746799417
2022-01-04,3510,3560,3480,3520,368293,0.011494252873563315
2022-01-05,3545,3545,3430,3460,315879,-0.017045454545454586
2022-01-06,3360,3470,3330,3345,424968,-0.033236994219653204
2022-01-07,3345,3445,3345,3435,210645,0.026905829596412634
2022-01-10,3435,3445,3340,3360,170403,-0.02183406113537123
2022-01-11,3360,3395,3250,3260,303749,-0.029761904761904767
2022-01-12,3260,3520,3260,3425,778104,0.05061349693251538
2022-01-13,3480,3675,3425,3505,2724156,0.023357664233576658
2022-01-14,3435,3530,3420,3495,353621,-0.0028530670470755526
2022-01-17,3500,3500,3345,3430,704824,-0.01859799713876964
2022-01-18,3510,3950,3310,3310,23099841,-0.03498542274052474
2022-01-19,3210,3370,3200,3245,1213620,-0.01963746223564955
2022-01-20,3250,3320,3215,3285,680203,0.012326656394453073
2022-01-21,3265,3360,3265,3290,541574,0.0015220700152207556
2022-01-24,3250,3275,3060,3080,898988,-0.06382978723404253
2022-01-25,3080,3120,2925,2925,860627,-0.05032467532467533
2022-01-26,2885,2975,2870,2935,536209,0.0034188034188034067
2022-01-27,2945,3080,2720,2760,1110258,-0.05962521294718914
2022-01-28,2800,2875,2675,2840,391533,0.02898550724637672
2022-02-03,2880,2985,2875,2975,364686,0.04753521126760574
2022-02-04,2975,3040,2935,3010,250872,0.0117647058823529
2022-02-07,3045,3125,2980,3070,659004,0.019933554817275656
2022-02-08,3070,3110,2980,3050,472715,-0.006514657980456029
2022-02-09,3080,3100,3030,3060,433402,0.003278688524590123
2022-02-10,3070,3070,3000,3040,274710,-0.006535947712418277
2022-02-11,3010,3075,2965,2975,323008,-0.021381578947368474
2022-02-14,2915,2940,2810,2840,318859,-0.04537815126050415
2022-02-15,2810,2915,2770,2785,247549,-0.01936619718309862
2022-02-16,2845,2965,2845,2935,296196,0.05385996409335725
2022-02-17,2930,2965,2730,2875,290597,-0.020442930153321992
2022-02-18,2825,2905,2810,2885,206781,0.003478260869565153
2022-02-21,2875,2890,2800,2880,166122,-0.0017331022530329143
2022-02-22,2810,2865,2785,2795,233775,-0.02951388888888884
2022-02-23,2800,2825,2775,2810,146711,0.005366726296958779
2022-02-24,2795,2800,2690,2695,261156,-0.040925266903914626
2022-02-25,2730,2770,2700,2730,223194,0.01298701298701288
2022-02-28,2715,2800,2705,2785,115372,0.020146520146520075
2022-03-02,2795,2825,2785,2810,317138,0.008976660682226134
2022-03-03,2825,2885,2820,2875,192715,0.02313167259786475
2022-03-04,2845,2905,2815,2860,144549,-0.00521739130434784
2022-03-07,2840,2855,2790,2820,120463,-0.013986013986013957
2022-03-08,2785,2795,2740,2755,100339,-0.023049645390070927
2022-03-10,2775,2840,2765,2810,87704,0.019963702359346636
2022-03-11,2815,2830,2790,2820,85974,0.003558718861210064
2022-03-14,2820,2830,2740,2780,92930,-0.014184397163120588
2022-03-15,2765,2805,2730,2780,115810,0.0
2022-03-16,2780,2865,2780,2865,341847,0.030575539568345356
2022-03-17,2900,3090,2870,2925,1625891,0.020942408376963373
2022-03-18,2945,2950,2895,2910,265939,-0.00512820512820511
2022-03-21,2945,2980,2925,2950,425410,0.013745704467353903
2022-03-22,2965,2985,2940,2950,407065,0.0
2022-03-23,2985,3120,2935,2940,801050,-0.003389830508474523
2022-03-24,2940,2980,2920,2965,297880,0.008503401360544283
2022-03-25,2975,3000,2960,2970,285917,0.001686340640809414
2022-03-28,2990,2995,2945,2970,153904,0.0
2022-03-29,2970,3020,2965,2985,252432,0.005050505050504972
2022-03-30,3015,3040,2980,2990,262289,0.0016750418760469454
2022-03-31,2995,3065,2980,3060,232324,0.02341137123745818
2022-04-01,3060,3060,3010,3040,255468,-0.006535947712418277
2022-04-04,3040,3135,2990,3055,494448,0.004934210526315708
2022-04-05,3085,3085,3035,3050,214460,-0.0016366612111292644
2022-04-06,3020,3085,3010,3080,206087,0.009836065573770592
2022-04-07,3065,3065,2995,3010,193953,-0.022727272727272707
2022-04-08,2990,3090,2960,3055,226766,0.014950166112956742
2022-04-11,3055,3075,3005,3035,129925,-0.006546644844517169
2022-04-12,3040,3040,2990,3030,140614,-0.0016474464579900872
2022-04-13,2995,3080,2995,3040,168125,0.0033003300330032292
2022-04-14,3075,3090,3045,3060,146850,0.006578947368421018
2022-04-15,3060,3060,3025,3055,87033,-0.0016339869281045694
2022-04-18,3055,3060,3015,3015,99307,-0.013093289689034338
2022-04-19,3010,3050,3010,3040,107655,0.008291873963515828
2022-04-20,3060,3140,3030,3040,712187,0.0
2022-04-21,3040,3090,3040,3045,280686,0.00164473684210531
2022-04-22,3045,3045,2980,3010,205420,-0.011494252873563204
2022-04-25,2950,2980,2910,2915,186699,-0.031561461794019974
2022-04-26,2915,2955,2915,2930,69734,0.005145797598627766
2022-04-27,2870,2895,2855,2885,159156,-0.015358361774744034
2022-04-28,2890,2930,2820,2850,275741,-0.012131715771230511
2022-04-29,2850,2890,2845,2880,104590,0.010526315789473717
2022-05-02,2870,2900,2855,2875,63065,-0.0017361111111111605
2022-05-03,2900,2985,2880,2970,166222,0.03304347826086951
2022-05-04,2985,2995,2925,2960,89943,-0.0033670033670033517
2022-05-06,2910,2960,2895,2950,114288,-0.0033783783783783994
2022-05-09,2905,2930,2845,2850,96044,-0.03389830508474578
2022-05-10,2775,2815,2680,2790,181463,-0.021052631578947323
2022-05-11,2750,2835,2750,2800,89497,0.0035842293906809264
2022-05-12,2790,2910,2690,2690,283313,-0.03928571428571426
2022-05-13,2685,2775,2685,2750,157569,0.02230483271375472
2022-05-16,2770,2820,2755,2760,127457,0.0036363636363636598
2022-05-17,2760,2800,2750,2770,51103,0.0036231884057971175
2022-05-18,2800,2840,2765,2770,92256,0.0
2022-05-19,2685,2735,2655,2725,136978,-0.016245487364620947
2022-05-20,2735,2770,2735,2765,72334,0.014678899082568808
2022-05-23,2845,2950,2820,2875,630059,0.039783001808318286
2022-05-24,3140,3205,2840,2840,4628088,-0.012173913043478257
2022-05-25,2910,2940,2845,2845,441470,0.0017605633802817433
2022-05-26,2875,2895,2785,2800,364872,-0.01581722319859402
2022-05-27,2750,2870,2745,2805,486825,0.0017857142857142794
2022-05-30,2820,2895,2790,2880,299117,0.02673796791443861
2022-05-31,2880,2990,2850,2885,500706,0.0017361111111111605
2022-06-02,2860,2900,2850,2885,126435,0.0
2022-06-03,2875,3140,2875,2925,5378414,0.013864818024263537
2022-06-07,2925,2955,2895,2915,313829,-0.0034188034188034067
2022-06-08,2925,2930,2855,2885,301531,-0.010291595197255532
2022-06-09,2885,2890,2810,2830,200378,-0.01906412478336217
2022-06-10,2810,2860,2780,2840,201928,0.0035335689045936647
2022-06-13,2820,2855,2670,2675,408199,-0.05809859154929575
2022-06-14,2635,2665,2550,2590,273098,-0.03177570093457949
2022-06-15,2565,2605,2475,2475,204163,-0.044401544401544424
2022-06-16,2770,3215,2665,3215,22993646,0.2989898989898989
2022-06-17,3290,3885,3165,3570,58439690,0.11041990668740276
2022-06-20,3670,3720,3505,3600,14637938,0.008403361344537785
2022-06-21,3565,3870,3420,3605,17972496,0.001388888888888884
2022-06-22,3585,3640,3370,3420,3969836,-0.05131761442441052
2022-06-23,3375,3385,3160,3215,4604294,-0.059941520467836296
2022-06-24,3255,3420,3235,3310,8232604,0.029548989113530322
2022-06-27,3380,3540,3340,3450,7235665,0.04229607250755296
2022-06-28,3480,3630,3350,3515,9328007,0.018840579710144967
2022-06-29,3480,3675,3450,3510,6440332,-0.0014224751066855834
2022-06-30,3470,3585,3305,3305,3409044,-0.05840455840455838
2022-07-01,3295,3395,3185,3195,1976314,-0.033282904689863835
2022-07-04,3250,3320,3005,3065,2561169,-0.04068857589984354
2022-07-05,3080,3345,3080,3310,2934773,0.07993474714518767
2022-07-06,3300,3405,3240,3335,2145079,0.007552870090634434
2022-07-07,3400,3605,3310,3320,11116017,-0.004497751124437732
2022-07-08,3370,3475,3325,3400,2820692,0.024096385542168752
2022-07-11,3410,3420,3175,3185,2371488,-0.06323529411764706
2022-07-12,3175,3190,3030,3040,1325874,-0.04552590266875978
2022-07-13,3020,3365,3015,3365,2245614,0.10690789473684204
2022-07-14,3210,3340,3145,3145,1801344,-0.06537890044576522
2022-07-15,3100,3200,3015,3030,845670,-0.0365659777424483
2022-07-18,3020,3095,3010,3095,603058,0.021452145214521545
2022-07-19,3050,3100,3020,3075,458708,-0.00646203554119551
2022-07-20,3075,3135,3040,3050,757587,-0.008130081300813052
2022-07-21,3100,3260,3060,3210,2957489,0.05245901639344264
2022-07-22,3235,3350,3185,3190,2664948,-0.006230529595015577
2022-07-25,3135,3445,3120,3320,5698345,0.040752351097178785
2022-07-26,3335,3515,3275,3370,6096400,0.015060240963855387
2022-07-27,3325,3460,3305,3450,1688702,0.023738872403560762
2022-07-28,3500,3500,3300,3300,1666112,-0.04347826086956519
2022-07-29,3300,3540,3295,3425,6559506,0.037878787878787845
2022-08-01,3475,3540,3410,3415,2100653,-0.0029197080291970545
2022-08-02,3410,3455,3340,3350,1071158,-0.019033674963396807
2022-08-03,3370,3695,3370,3580,17004116,0.06865671641791038
2022-08-04,3550,3780,3510,3740,5044597,0.04469273743016755
2022-08-05,3615,3730,3550,3670,4014750,-0.018716577540106916
2022-08-08,3620,3645,3525,3525,1299302,-0.03950953678474112
2022-08-09,3520,3555,3395,3450,1301535,-0.021276595744680882
2022-08-10,3415,3515,3380,3430,963432,-0.005797101449275366
2022-08-11,3460,3515,3410,3435,979936,0.001457725947521915
2022-08-12,3425,3525,3415,3425,1164933,-0.0029112081513827937
2022-08-16,3470,3590,3435,3535,1989483,0.03211678832116793
2022-08-17,3535,3625,3450,3475,1908536,-0.016973125884017004
2022-08-18,3425,3440,3280,3320,1258146,-0.04460431654676256
2022-08-19,3315,3335,3220,3240,680256,-0.02409638554216864
2022-08-22,3160,3220,3120,3155,893824,-0.026234567901234573
2022-08-23,3085,3300,3085,3210,785550,0.017432646592709933
2022-08-24,3165,3225,3130,3150,484788,-0.01869158878504673
2022-08-25,3165,3220,3160,3205,308205,0.0174603174603174
2022-08-26,3210,3300,3150,3155,648977,-0.015600624024960985
2022-08-29,3015,3050,2920,3040,531184,-0.03645007923930266
2022-08-30,3040,3120,3040,3110,331253,0.023026315789473673
2022-08-31,3080,3180,3055,3175,266265,0.020900321543408262
2022-09-01,3125,3175,3050,3085,277038,-0.028346456692913358
2022-09-02,3075,3135,3000,3025,330017,-0.01944894651539708
2022-09-05,2975,3065,2970,3030,248005,0.0016528925619834212
2022-09-06,3030,3185,3030,3135,897287,0.034653465346534684
2022-09-07,3125,3160,3040,3120,378798,-0.004784688995215336
2022-09-08,3100,3220,3015,3015,760394,-0.033653846153846145
2022-09-13,3110,3160,3040,3100,717053,0.028192371475953548
2022-09-14,3000,3510,2975,3325,14523902,0.07258064516129026
2022-09-15,3325,3370,3250,3255,1921897,-0.021052631578947323
2022-09-16,3220,3305,3165,3245,1451437,-0.003072196620583667
2022-09-19,3265,3265,2930,2930,1873340,-0.09707241910631736
2022-09-20,2930,3000,2900,2905,611468,-0.008532423208191142
2022-09-21,2850,2895,2800,2840,574965,-0.022375215146299476
2022-09-22,2780,2890,2705,2850,802761,0.0035211267605634866
2022-09-23,2850,2850,2665,2665,582153,-0.06491228070175437
2022-09-26,2600,2645,2425,2425,979275,-0.09005628517823638
2022-09-27,2380,2510,2330,2415,689481,-0.004123711340206171
2022-09-28,2400,2440,2210,2240,739071,-0.07246376811594202
2022-09-29,2295,2410,2260,2280,515427,0.017857142857142794
2022-09-30,2215,2335,2215,2320,288922,0.01754385964912286
2022-10-04,2370,2400,2330,2390,249230,0.030172413793103425
2022-10-05,2430,2455,2360,2420,329993,0.012552301255230214
2022-10-06,2460,2525,2415,2495,306354,0.030991735537190035
2022-10-07,2475,2540,2460,2485,216249,-0.004008016032064132
2022-10-11,2430,2440,2300,2335,274890,-0.06036217303822933
2022-10-12,2315,2385,2310,2380,189267,0.01927194860813697
2022-10-13,2360,2370,2210,2220,382972,-0.0672268907563025
2022-10-14,2265,2490,2245,2405,1093751,0.08333333333333326
2022-10-17,2315,2455,2315,2455,324679,0.02079002079002068
2022-10-18,2515,2540,2430,2460,450359,0.0020366598778003286
2022-10-19,2485,2630,2430,2435,1292332,-0.010162601626016232
2022-10-20,2400,2460,2360,2380,204668,-0.022587268993839782
2022-10-21,2375,2845,2375,2530,10592945,0.06302521008403361
2022-10-24,2635,2705,2530,2560,2051572,0.011857707509881354
2022-10-25,2550,2600,2490,2540,688885,-0.0078125
2022-10-26,2535,2610,2445,2445,714961,-0.03740157480314965
2022-10-27,2445,3070,2445,2960,27498852,0.21063394683026582
2022-10-28,2960,2990,2875,2895,3718200,-0.02195945945945943
2022-10-31,2895,2910,2840,2865,1678543,-0.010362694300518172
2022-11-01,2810,2895,2790,2895,1421938,0.010471204188481575
2022-11-02,2830,2830,2715,2765,1399626,-0.04490500863557856
2022-11-03,2675,2750,2665,2745,741588,-0.007233273056057921
2022-11-04,2705,2750,2650,2740,579719,-0.0018214936247723523
2022-11-07,2740,2780,2730,2750,571887,0.0036496350364962904
2022-11-08,2740,2875,2730,2790,2000054,0.014545454545454639
2022-11-09,2790,2870,2760,2765,563774,-0.008960573476702538
2022-11-10,2725,2790,2710,2765,439583,0.0
2022-11-11,2830,2855,2780,2820,1233742,0.019891500904159143
2022-11-14,2825,3650,2785,3390,32870285,0.2021276595744681
2022-11-15,3360,3415,3295,3340,5840524,-0.014749262536873142
2022-11-16,3335,3340,3220,3245,2730802,-0.02844311377245512
2022-11-17,3240,3290,3165,3280,2375551,0.01078582434514641
2022-11-18,3195,3230,3100,3100,1691245,-0.054878048780487854
2022-11-21,3110,3220,3050,3050,2354768,-0.016129032258064502
2022-11-22,3050,3165,3050,3065,860665,0.004918032786885185
2022-11-23,3185,3360,3170,3220,16420493,0.05057096247960846
2022-11-24,3190,3295,3175,3225,2297844,0.0015527950310558758
2022-11-25,3220,3225,3125,3185,1096483,-0.012403100775193798
2022-11-28,3185,3190,3070,3095,735614,-0.028257456828885363
2022-11-29,3080,3220,3075,3155,847381,0.01938610662358653
2022-11-30,3170,3255,3165,3165,1146995,0.0031695721077653616
2022-12-01,3205,3235,3145,3150,649438,-0.004739336492891044
2022-12-02,3145,3210,3125,3165,680950,0.004761904761904745
2022-12-05,3200,3270,3050,3085,1369048,-0.025276461295418606
2022-12-06,3090,3100,2880,2900,1051607,-0.05996758508914102
2022-12-07,2855,2945,2825,2940,453911,0.01379310344827589
2022-12-08,2900,2940,2810,2850,398966,-0.030612244897959218
2022-12-09,2845,2870,2770,2805,365440,-0.015789473684210575
2022-12-12,2820,2820,2755,2795,255598,-0.0035650623885917776
2022-12-13,2805,2835,2775,2785,193255,-0.003577817531305927
2022-12-14,2785,2865,2770,2855,270193,0.025134649910233398
2022-12-15,2840,2875,2810,2840,199440,-0.005253940455341555
2022-12-16,2775,2905,2765,2845,384081,0.0017605633802817433
2022-12-19,2870,3080,2860,2860,2337338,0.005272407732864748
2022-12-20,2830,2860,2730,2730,436653,-0.045454545454545414
2022-12-21,2755,2770,2655,2665,378276,-0.023809523809523836
2022-12-22,2705,2885,2705,2730,1545714,0.024390243902439046
2022-12-23,2725,2725,2615,2625,316020,-0.038461538461538436
2022-12-26,2590,2725,2570,2570,313524,-0.020952380952380945
2022-12-27,2545,2620,2545,2580,222133,0.0038910505836575737
2022-12-28,2560,2585,2530,2580,141260,0.0
2022-12-29,2535,2660,2520,2520,330593,-0.023255813953488413
2023-01-02,2535,2680,2425,2450,327616,-0.02777777777777779
2023-01-03,2445,2560,2385,2560,385894,0.044897959183673564
2023-01-04,2550,2635,2550,2615,247786,0.021484375
2023-01-05,2640,2645,2585,2595,206816,-0.007648183556405397
2023-01-06,2595,2685,2595,2640,243741,0.01734104046242768
2023-01-09,2645,2725,2645,2725,201247,0.032196969696969724
2023-01-10,2795,2795,2705,2725,348226,0.0
2023-01-11,2760,2785,2725,2755,168330,0.011009174311926495
2023-01-12,2755,2810,2750,2780,201436,0.00907441016333932
2023-01-13,2780,2805,2755,2760,138693,-0.007194244604316502
2023-01-16,2770,2800,2730,2730,169186,-0.010869565217391353
2023-01-17,2715,2745,2680,2680,133902,-0.01831501831501836
2023-01-18,2690,2700,2650,2680,89000,0.0
2023-01-19,2630,2690,2630,2670,127408,-0.003731343283582045
2023-01-20,2645,2705,2645,2675,92492,0.001872659176029856
2023-01-25,2675,2810,2675,2755,354713,0.02990654205607468
2023-01-26,2755,2795,2745,2795,250807,0.014519056261343088
2023-01-27,2825,2955,2785,2810,1830343,0.005366726296958779
2023-01-30,2845,2860,2775,2830,299152,0.007117437722419906
2023-01-31,2905,2930,2815,2825,683712,-0.0017667844522968323
2023-02-01,2880,2910,2835,2885,837790,0.02123893805309729
2023-02-02,2920,2950,2875,2875,697290,-0.0034662045060658286
2023-02-03,2885,2925,2850,2860,472384,-0.00521739130434784
2023-02-06,2820,2935,2820,2885,383489,0.00874125874125875
2023-02-07,2880,2910,2870,2870,339247,-0.005199306759098743
2023-02-08,2875,2950,2875,2950,690723,0.027874564459930307
2023-02-09,2915,2925,2865,2870,459004,-0.027118644067796627
2023-02-10,2865,2865,2780,2790,354775,-0.027874564459930307
2023-02-13,2805,2945,2760,2835,720544,0.016129032258064502
2023-02-14,2840,2890,2830,2840,470975,0.0017636684303350414
2023-02-15,2840,2880,2740,2765,413064,-0.026408450704225372
2023-02-16,2800,2890,2780,2865,458815,0.03616636528028927
2023-02-17,2815,2910,2810,2885,403219,0.00698080279232105
2023-02-20,2885,2915,2840,2885,249814,0.0
2023-02-21,2885,2925,2855,2855,424244,-0.010398613518197597
2023-02-22,2800,2870,2790,2820,205135,-0.012259194395796813
2023-02-23,2825,2990,2825,2845,851141,0.00886524822695045
2023-02-24,2845,2855,2750,2785,391564,-0.02108963093145866
2023-02-27,2785,2785,2665,2700,215209,-0.030520646319569078
2023-02-28,2710,2775,2695,2730,201024,0.011111111111111072
2023-03-02,2730,2860,2730,2785,305729,0.020146520146520075
2023-03-03,2755,2950,2755,2925,3028423,0.050269299820466795
2023-03-06,3400,3540,3150,3250,18180616,0.11111111111111116
2023-03-07,3205,3260,3105,3105,3753017,-0.04461538461538461
2023-03-08,3215,3335,3070,3100,4642233,-0.0016103059581320522
2023-03-09,3025,3140,2910,2970,1970283,-0.041935483870967794
2023-03-10,2970,3095,2935,2995,2086373,0.008417508417508435
2023-03-13,2940,2960,2805,2935,962397,-0.02003338898163609
2023-03-14,2875,2900,2715,2715,845633,-0.07495741056218053
2023-03-15,2780,2905,2765,2850,1219631,0.04972375690607733
2023-03-16,2890,2920,2750,2835,680163,-0.0052631578947368585
2023-03-17,2880,2935,2850,2875,744154,0.014109347442680775
2023-03-20,2880,2920,2810,2885,423831,0.003478260869565153
2023-03-21,2870,2910,2850,2870,441430,-0.005199306759098743
2023-03-22,2900,2955,2860,2870,860277,0.0
2023-03-23,2845,3010,2830,2930,1595891,0.020905923344947785
2023-03-24,2990,3165,2920,3150,5314238,0.07508532423208192
2023-03-27,3210,3245,3070,3100,1662237,-0.015873015873015928
2023-03-28,3085,3150,3070,3080,932679,-0.006451612903225823
2023-03-29,3095,3275,3035,3190,3635253,0.03571428571428581
2023-03-30,3210,3235,3110,3110,1053473,-0.025078369905956133
2023-03-31,3100,3125,3025,3090,644245,-0.006430868167202619
2023-04-03,3100,3210,3030,3175,1524629,0.027508090614886793
2023-04-04,3190,3280,3110,3110,1601021,-0.020472440944881876
2023-04-05,3110,3290,3100,3275,2655107,0.05305466237942125
2023-04-06,3205,3210,3095,3165,1616871,-0.03358778625954195
2023-04-07,3165,3185,3095,3095,667978,-0.02211690363349128
2023-04-10,3060,3180,3035,3090,1426336,-0.001615508885298822
2023-04-11,3150,3350,3130,3190,4852011,0.032362459546925626
2023-04-12,3190,3345,3150,3305,3635871,0.036050156739811934
2023-04-13,3230,3235,3110,3155,1295553,-0.0453857791225416
2023-04-14,3175,3210,3110,3115,665206,-0.01267828843106178
2023-04-17,3145,3155,3055,3135,609394,0.006420545746388395
2023-04-18,3130,3165,3040,3110,726965,-0.00797448165869219
2023-04-19,3105,3355,3090,3355,2787435,0.0787781350482315
2023-04-20,3230,3245,3065,3075,1480214,-0.08345752608047685
2023-04-21,3095,3120,2965,2985,619137,-0.029268292682926855
2023-04-24,3020,3145,2960,3055,622239,0.02345058626465657
2023-04-25,3125,3260,2970,3210,1960602,0.0507364975450082
2023-04-26,3100,3175,3000,3015,1060194,-0.06074766355140182
2023-04-27,3005,3110,2920,3080,1021124,0.021558872305140975
2023-04-28,3100,3150,2965,2980,634961,-0.03246753246753242
2023-05-02,2950,3015,2940,2970,329156,-0.003355704697986628
2023-05-03,2970,3000,2935,2975,331182,0.0016835016835017313
2023-05-04,2950,2980,2870,2900,411519,-0.025210084033613467
2023-05-08,2925,2940,2870,2875,268350,-0.008620689655172376
2023-05-09,2850,2870,2725,2760,450272,-0.040000000000000036
2023-05-10,2750,2925,2740,2830,421474,0.0253623188405796
2023-05-11,2830,2910,2815,2825,217818,-0.0017667844522968323
2023-05-12,2830,2840,2745,2760,278452,-0.023008849557522137
2023-05-15,2760,2760,2625,2655,453574,-0.03804347826086951
2023-05-16,2645,2905,2645,2670,955714,0.005649717514124353
2023-05-17,2720,2835,2670,2820,422484,0.05617977528089879
2023-05-18,2825,2845,2790,2815,142561,-0.0017730496453900457
2023-05-19,2845,2845,2800,2815,135021,0.0
2023-05-22,2800,2940,2775,2860,380998,0.015985790408525657
2023-05-23,2840,2895,2830,2850,255040,-0.0034965034965035446
2023-05-24,2835,2970,2800,2825,814405,-0.00877192982456143
2023-05-25,2825,2890,2770,2775,249462,-0.017699115044247815
2023-05-26,2765,2810,2740,2745,175478,-0.010810810810810811
2023-05-30,2770,2820,2765,2815,142574,0.02550091074681249
2023-05-31,2780,2855,2780,2810,199169,-0.001776198934280604
2023-06-01,2795,2875,2795,2810,152169,0.0
2023-06-02,2835,2835,2780,2795,165165,-0.005338078291814985
2023-06-05,2810,2875,2785,2810,194449,0.005366726296958779
2023-06-07,2800,2850,2800,2820,187305,0.003558718861210064
2023-06-08,2775,2815,2775,2785,224400,-0.012411347517730542
2023-06-09,2810,2870,2800,2840,225223,0.019748653500897717
2023-06-12,2840,2905,2820,2885,301560,0.015845070422535246
2023-06-13,2895,2910,2855,2900,238420,0.005199306759098743
2023-06-14,2935,2945,2795,2815,424243,-0.02931034482758621
2023-06-15,2815,2875,2760,2780,346922,-0.01243339253996445
2023-06-16,2810,2815,2780,2790,112215,0.003597122302158251
2023-06-19,2800,2800,2750,2775,196827,-0.005376344086021501
2023-06-20,2760,2775,2725,2730,173964,-0.01621621621621616
2023-06-21,2760,2775,2695,2705,180612,-0.009157509157509125
2023-06-22,2725,2725,2670,2675,123337,-0.011090573012939031
2023-06-23,2660,2705,2630,2655,167235,-0.00747663551401867
2023-06-26,2635,2660,2605,2620,190457,-0.013182674199623379
2023-06-27,2605,2690,2605,2650,98774,0.011450381679389388
2023-06-28,2660,2665,2620,2620,114020,-0.01132075471698113
2023-06-29,2615,2640,2530,2560,233821,-0.022900763358778664
2023-06-30,2535,2595,2515,2585,137148,0.009765625
2023-07-03,2620,2680,2585,2640,165984,0.02127659574468077
2023-07-04,2620,2675,2615,2640,112726,0.0
2023-07-05,2625,2665,2625,2660,95438,0.007575757575757569
2023-07-06,2665,2675,2555,2575,155565,-0.03195488721804507
2023-07-07,2525,2680,2525,2575,191246,0.0
2023-07-10,2545,2570,2515,2530,112466,-0.01747572815533982
2023-07-11,2530,2585,2530,2535,80926,0.0019762845849802257
2023-07-12,2520,2580,2520,2555,114905,0.007889546351084853
2023-07-13,2555,2600,2555,2585,105946,0.011741682974559797
2023-07-14,2585,2600,2530,2540,133816,-0.01740812379110257
2023-07-17,2535,2560,2485,2500,114464,-0.015748031496062964
2023-07-18,2490,2520,2435,2440,201188,-0.02400000000000002
2023-07-19,2420,2470,2390,2420,164002,-0.008196721311475419
2023-07-20,2400,2595,2400,2490,459948,0.02892561983471076
2023-07-21,2450,2550,2450,2455,136429,-0.014056224899598346
2023-07-24,2435,2605,2350,2500,656147,0.018329938900203624
2023-07-25,2485,2545,2350,2355,357272,-0.05800000000000005
2023-07-26,2355,2375,2185,2205,549363,-0.06369426751592355
2023-07-27,2165,2330,2165,2285,188097,0.03628117913832196
2023-07-28,2270,2395,2270,2370,123083,0.03719912472647713
2023-07-31,2340,2405,2340,2375,116260,0.0021097046413502962
2023-08-01,2365,2400,2365,2380,107047,0.002105263157894832
2023-08-02,2360,2420,2345,2355,121165,-0.010504201680672232
2023-08-03,2355,2355,2265,2325,128874,-0.01273885350318471
2023-08-04,2325,2340,2285,2300,61315,-0.010752688172043001
2023-08-07,2295,2310,2220,2255,128114,-0.019565217391304346
2023-08-08,2255,2295,2220,2235,101641,-0.008869179600886956
2023-08-09,2215,2350,2215,2280,118410,0.020134228187919545
2023-08-10,2250,2330,2250,2325,107880,0.019736842105263053
2023-08-11,2325,2360,2275,2310,113946,-0.006451612903225823
2023-08-14,2315,2325,2275,2290,72755,-0.008658008658008698
2023-08-16,2265,2265,2185,2200,149979,-0.0393013100436681
2023-08-17,2190,2205,2140,2185,88506,-0.006818181818181834
2023-08-18,2185,2380,2145,2260,588866,0.034324942791762014
2023-08-21,2330,2390,2290,2345,275075,0.03761061946902644
2023-08-22,2315,2315,2235,2265,163727,-0.034115138592750505
2023-08-23,2245,2290,2240,2260,47750,-0.002207505518763808
2023-08-24,2240,2290,2235,2255,79577,-0.0022123893805309214
2023-08-25,2250,2260,2230,2245,50737,-0.0044345898004434225
2023-08-28,2315,2320,2240,2270,76274,0.011135857461024523
2023-08-29,2285,2300,2265,2270,65807,0.0
2023-08-30,2285,2325,2280,2295,76439,0.011013215859030812
2023-08-31,2290,2320,2260,2265,71795,-0.013071895424836555
2023-09-01,2275,2275,2235,2260,76239,-0.002207505518763808
2023-09-04,2260,2275,2195,2210,166022,-0.02212389380530977
2023-09-05,2210,2235,2195,2195,74409,-0.006787330316742057
2023-09-06,2195,2220,2170,2185,101937,-0.004555808656036442
2023-09-07,2175,2205,2135,2140,184377,-0.020594965675057253
2023-09-08,2145,2170,2130,2165,55119,0.011682242990654235
2023-09-11,2160,2180,2135,2150,69080,-0.006928406466512715
2023-09-12,2150,2175,2080,2090,147634,-0.027906976744186074
2023-09-13,2080,2115,2055,2065,101243,-0.011961722488038284
2023-09-14,2060,2105,2060,2090,79788,0.012106537530266248
2023-09-15,2095,2130,2085,2120,49129,0.014354066985645897
2023-09-18,2115,2115,2090,2090,54416,-0.014150943396226467
2023-09-19,2075,2110,2045,2045,88219,-0.021531100478468845
2023-09-20,2055,2075,1971,1988,280939,-0.027872860635696828
2023-09-21,1999,2015,1951,1985,181642,-0.0015090543259557165
2023-09-22,1963,1985,1923,1952,139944,-0.016624685138539097
2023-09-25,1952,1952,1867,1869,179076,-0.04252049180327866
2023-09-26,1870,1880,1850,1851,79065,-0.009630818619582704
2023-09-27,1850,2350,1818,1845,8641798,-0.0032414910858995505
2023-10-04,1825,1831,1738,1739,399984,-0.05745257452574526
2023-10-05,1740,1776,1681,1681,255957,-0.03335250143760782
2023-10-06,1652,1770,1652,1728,150110,0.027959547888161795
2023-10-10,1728,1771,1687,1710,165754,-0.01041666666666663
2023-10-11,1725,1769,1725,1766,89613,0.03274853801169586
2023-10-12,1765,1979,1757,1836,1661939,0.039637599093997666
2023-10-13,1836,1860,1720,1805,221081,-0.01688453159041392
2023-10-16,1805,1805,1704,1721,158511,-0.04653739612188368
2023-10-17,1723,1788,1723,1774,83808,0.030796048808832133
2023-10-18,1745,1779,1745,1761,80996,-0.007328072153325871
2023-10-19,1729,1743,1650,1680,110715,-0.04599659284497448
2023-10-20,1680,1703,1610,1679,129271,-0.0005952380952380931
2023-10-23,1615,1676,1615,1651,93132,-0.016676593210244173
2023-10-24,1660,1707,1619,1704,79842,0.03210175651120539
2023-10-25,1705,1739,1705,1711,65634,0.004107981220657253
2023-10-26,1698,1698,1625,1632,79698,-0.04617182933956754
2023-10-27,1623,1674,1607,1649,41604,0.01041666666666674
2023-10-30,1648,1690,1629,1680,35822,0.018799272286234014
2023-10-31,1670,1694,1630,1630,49709,-0.029761904761904767
2023-11-01,1630,1672,1627,1640,28384,0.006134969325153339
2023-11-02,1649,1692,1649,1688,71190,0.029268292682926855
2023-11-03,1691,1739,1677,1736,85838,0.028436018957346043
2023-11-06,1755,1823,1750,1813,162053,0.04435483870967749
2023-11-07,1833,1845,1764,1812,128823,-0.0005515719801434393
2023-11-08,1825,1825,1783,1789,92092,-0.012693156732891842
2023-11-09,1795,1795,1750,1768,36997,-0.01173840134153159
2023-11-10,1763,1766,1705,1760,112838,-0.004524886877828038
2023-11-13,1773,1790,1748,1755,46959,-0.0028409090909090606
2023-11-14,1757,1820,1757,1807,78403,0.029629629629629672
2023-11-15,1825,1857,1820,1841,83316,0.018815716657443193
2023-11-16,1851,1857,1829,1854,68746,0.007061379684953906
2023-11-17,1860,1860,1798,1808,62954,-0.02481121898597627
2023-11-20,1815,1830,1785,1814,45041,0.0033185840707965486
2023-11-21,1825,1834,1811,1833,41579,0.010474090407938341
2023-11-22,1839,1839,1811,1831,31413,-0.0010911074740862503
2023-11-23,1826,1840,1799,1804,37579,-0.014746040415073769
2023-11-24,1814,1823,1800,1801,32465,-0.001662971175166339
2023-11-27,1825,1825,1795,1799,21125,-0.001110494169905607
2023-11-28,1808,1808,1769,1773,61517,-0.014452473596442417
2023-11-29,1773,1794,1773,1777,36471,0.002256063169768785
2023-11-30,1777,1796,1748,1781,48593,0.0022509848058525073
2023-12-01,1781,1790,1769,1775,47836,-0.003368893879842738
2023-12-04,1775,1800,1754,1772,84451,-0.0016901408450704647
2023-12-05,1775,1775,1722,1737,91420,-0.01975169300225732
2023-12-06,1720,1749,1720,1740,36175,0.0017271157167531026
2023-12-07,1740,1749,1708,1727,27017,-0.007471264367816088
2023-12-08,1727,1743,1721,1734,52011,0.004053271569195216
2023-12-11,1752,1752,1642,1722,76593,-0.00692041522491349
2023-12-12,1735,1738,1720,1725,34904,0.0017421602787457413
2023-12-13,1729,1732,1710,1724,26039,-0.0005797101449275255
2023-12-14,1717,1727,1700,1708,59542,-0.009280742459396807
2023-12-15,1716,1721,1709,1718,47823,0.005854800936768045
2023-12-18,1718,1722,1712,1720,39713,0.0011641443538998875
2023-12-19,1708,1723,1708,1712,41248,-0.0046511627906976605
2023-12-20,1714,1735,1714,1720,33881,0.004672897196261738
2023-12-21,1724,1724,1706,1711,62943,-0.005232558139534937
2023-12-22,1711,1720,1702,1709,71276,-0.0011689070718877703
2023-12-26,1712,1715,1690,1694,81247,-0.008777062609713338
2023-12-27,1694,1704,1690,1692,62490,-0.0011806375442738881
2023-12-28,1692,1701,1688,1694,60296,0.0011820330969267712
2024-01-02,1694,1710,1694,1709,40196,0.008854781582054327
2024-01-03,1709,1716,1705,1714,44344,0.0029256875365710755
2024-01-04,1706,1714,1693,1699,83641,-0.00875145857642945
2024-01-05,1699,1716,1682,1706,46966,0.0041200706297821466
2024-01-08,1700,1710,1690,1701,48894,-0.0029308323563892458
2024-01-09,1709,1949,1702,1823,2095972,0.07172251616696057
2024-01-10,1840,1840,1755,1803,229026,-0.010970927043335132
2024-01-11,1804,1970,1763,1860,834381,0.03161397670549082
2024-01-12,1853,1930,1810,1875,469404,0.008064516129032251
2024-01-15,1854,1854,1807,1825,122562,-0.026666666666666616
2024-01-16,1825,2090,1825,1887,1541842,0.03397260273972602
2024-01-17,1887,1890,1815,1824,107971,-0.03338632750397452
2024-01-18,1824,1880,1792,1834,92758,0.005482456140350811
2024-01-19,1870,1920,1852,1883,144815,0.026717557251908497
2024-01-22,1890,1930,1845,1850,217480,-0.017525225703664327
2024-01-23,1850,1850,1810,1817,124091,-0.017837837837837878
2024-01-24,1817,1897,1790,1839,111894,0.012107870115575015
2024-01-25,1839,1840,1761,1777,150997,-0.033713974986405604
2024-01-26,1785,1805,1762,1797,70205,0.011254924029262758
2024-01-29,1802,1825,1781,1801,76022,0.0022259321090707385
2024-01-30,1811,1817,1775,1796,64429,-0.0027762354247640175
2024-01-31,1776,1794,1701,1701,95726,-0.05289532293986632
2024-02-01,1701,1730,1685,1698,83407,-0.0017636684303351524
2024-02-02,1698,1725,1691,1706,49000,0.004711425206124886
2024-02-05,1719,1719,1699,1699,56599,-0.004103165298944944
2024-02-06,1699,1704,1672,1679,112128,-0.011771630370806307
2024-02-07,1667,1670,1436,1466,1264027,-0.12686122692078616
2024-02-08,1483,1483,1430,1448,237870,-0.012278308321964526
2024-02-13,1465,1497,1463,1476,163328,0.01933701657458564
2024-02-14,1477,1490,1466,1488,86802,0.008130081300812941
2024-02-15,1488,1502,1488,1496,137466,0.005376344086021501
2024-02-16,1496,1503,1482,1488,112951,-0.005347593582887722
2024-02-19,1488,1497,1486,1496,64856,0.005376344086021501
2024-02-20,1496,1511,1491,1494,94126,-0.0013368983957219305
2024-02-21,1500,1503,1461,1462,121094,-0.021419009370816644
2024-02-22,1463,1477,1451,1469,83898,0.004787961696306464
2024-02-23,1489,1490,1457,1464,79338,-0.003403675970047648
2024-02-26,1464,1470,1448,1453,63977,-0.007513661202185773
2024-02-27,1450,1457,1433,1433,80907,-0.013764624913971124
2024-02-28,1433,1445,1400,1413,135770,-0.013956734124214942
2024-02-29,1413,1414,1359,1360,141361,-0.03750884642604391
2024-03-04,1360,1379,1300,1305,217907,-0.0404411764705882
2024-03-05,1305,1349,1299,1341,136386,0.02758620689655178
2024-03-06,1340,1351,1307,1309,96023,-0.023862788963460058
2024-03-07,1309,1439,1250,1316,563132,0.005347593582887722
2024-03-08,1316,1673,1316,1480,6582183,0.12462006079027366
2024-03-11,1466,1469,1400,1401,410681,-0.05337837837837833
2024-03-12,1416,1485,1416,1444,483959,0.03069236259814412
2024-03-13,1450,1450,1415,1425,195981,-0.013157894736842146
2024-03-14,1425,1440,1314,1409,141068,-0.011228070175438587
2024-03-15,1390,1427,1385,1390,98476,-0.01348474095102914
2024-03-18,1390,1480,1388,1436,242946,0.03309352517985609
2024-03-19,1436,1441,1383,1392,181260,-0.03064066852367686
2024-03-20,1385,1424,1385,1409,139602,0.012212643678160884
2024-03-21,1406,1440,1406,1415,136513,0.004258339247693366
2024-03-22,1415,1423,1399,1412,164256,-0.0021201413427561766
2024-03-25,1412,1422,1410,1411,112514,-0.0007082152974504652
2024-03-26,1418,1423,1394,1394,141598,-0.012048192771084376
2024-03-27,1405,1408,1380,1388,98787,-0.004304160688665681
2024-03-28,1389,1399,1382,1394,76251,0.004322766570605152
2024-03-29,1394,1413,1388,1400,77453,0.004304160688665792
2024-04-01,1409,1449,1409,1444,204923,0.03142857142857136
2024-04-02,1443,1506,1433,1479,394159,0.02423822714681445
2024-04-03,1469,1469,1426,1449,136784,-0.020283975659229236
2024-04-04,1447,1452,1416,1420,105850,-0.0200138026224983
2024-04-05,1420,1420,1350,1355,193358,-0.045774647887323994
2024-04-08,1355,1355,1300,1300,243466,-0.040590405904059046
2024-04-09,1300,1319,1279,1307,124444,0.005384615384615321
2024-04-11,1255,1310,1255,1283,100407,-0.018362662586074996
2024-04-12,1284,1290,1275,1288,81676,0.0038971161340608518
2024-04-15,1287,1296,1247,1292,102180,0.0031055900621117516
2024-04-16,1291,1291,1257,1262,112183,-0.023219814241486114
2024-04-17,1260,1289,1258,1264,47028,0.0015847860538826808
2024-04-18,1251,1283,1251,1282,46898,0.014240506329114
2024-04-19,1282,1283,1255,1271,59554,-0.00858034321372858
2024-04-22,1263,1277,1260,1270,35945,-0.0007867820613689513
2024-04-23,1270,1280,1256,1256,34468,-0.011023622047244053
2024-04-24,1264,1272,1259,1269,28107,0.010350318471337605
2024-04-25,1269,1269,1251,1258,57256,-0.008668242710795915
2024-04-26,1259,1260,1238,1253,70170,-0.003974562798092163
2024-04-29,1251,1264,1248,1256,57634,0.002394253790901857
2024-04-30,1260,1267,1256,1262,53045,0.004777070063694211
2024-05-02,1259,1264,1258,1262,56612,0.0
2024-05-03,1262,1270,1262,1267,40364,0.003961965134706924
2024-05-07,1267,1277,1266,1275,51864,0.006314127861089203
2024-05-08,1268,1286,1268,1283,44285,0.006274509803921635
2024-05-09,1286,1570,1284,1404,4825558,0.09431021044427124
2024-05-10,1415,1433,1362,1398,317037,-0.004273504273504258
2024-05-13,1394,1394,1342,1373,131775,-0.01788268955650929
2024-05-14,1373,1426,1313,1313,380878,-0.043699927166788055
2024-05-16,1330,1374,1329,1370,123276,0.0434120335110435
2024-05-17,1377,1378,1335,1354,82066,-0.011678832116788329
2024-05-20,1355,1355,1328,1340,75036,-0.010339734121122546
2024-05-21,1340,1340,1316,1329,34892,-0.008208955223880543
2024-05-22,1326,1339,1320,1325,57596,-0.0030097817908201208
2024-05-23,1326,1370,1311,1360,76615,0.026415094339622636
2024-05-24,1343,1358,1321,1341,47257,-0.013970588235294068
2024-05-27,1331,1341,1322,1330,34067,-0.00820283370618946
2024-05-28,1335,1348,1325,1334,51955,0.003007518796992459
2024-05-29,1345,1345,1324,1340,49950,0.004497751124437732
2024-05-30,1336,1336,1290,1291,84698,-0.03656716417910444
2024-05-31,1300,1304,1284,1290,62468,-0.0007745933384972759
2024-06-03,1292,1329,1290,1327,38356,0.028682170542635665
2024-06-04,1334,1334,1308,1315,26406,-0.009042954031650341
2024-06-05,1315,1316,1303,1316,35858,0.0007604562737641984
2024-06-07,1316,1328,1310,1321,37871,0.0037993920972645423
2024-06-10,1320,1320,1295,1305,57536,-0.012112036336109022
2024-06-11,1305,1315,1265,1280,101094,-0.019157088122605415
2024-06-12,1280,1299,1276,1290,46666,0.0078125
2024-06-13,1290,1302,1274,1281,64024,-0.006976744186046546
2024-06-14,1281,1281,1241,1261,75622,-0.015612802498048417
2024-06-17,1261,1261,1239,1240,62213,-0.016653449643140417
2024-06-18,1240,1240,1221,1234,55188,-0.004838709677419395
2024-06-19,1231,1242,1221,1240,35583,0.004862236628849326
2024-06-20,1262,1275,1235,1272,59554,0.02580645161290329
2024-06-21,1272,1272,1235,1256,35451,-0.012578616352201255
2024-06-24,1237,1265,1230,1236,42540,-0.015923566878980888
2024-06-25,1235,1245,1220,1230,39544,-0.004854368932038833
2024-06-26,1297,1440,1259,1279,2590070,0.0398373983739837
2024-06-27,1246,1267,1235,1246,179528,-0.025801407349491767
2024-06-28,1245,1284,1237,1267,82215,0.016853932584269593
2024-07-01,1270,1285,1266,1282,71308,0.011838989739542116
2024-07-02,1290,1295,1238,1243,50265,-0.030421216848673938
2024-07-03,1243,1257,1238,1250,33408,0.005631536604987941
2024-07-04,1248,1248,1223,1238,67453,-0.009600000000000053
2024-07-05,1258,1430,1258,1295,1306748,0.046042003231017814
2024-07-08,1283,1337,1280,1334,210362,0.03011583011583019
2024-07-09,1345,1349,1327,1330,179801,-0.0029985007496251548
2024-07-10,1366,1695,1356,1512,11115478,0.13684210526315788
2024-07-11,1524,1648,1523,1580,3044596,0.04497354497354489
2024-07-12,1587,1593,1500,1543,676909,-0.023417721518987356
2024-07-15,1565,1572,1505,1543,384144,0.0
2024-07-16,1529,1540,1425,1465,521190,-0.05055087491898902
2024-07-17,1465,1506,1456,1466,259586,0.0006825938566552558
2024-07-18,1466,1510,1410,1440,267913,-0.017735334242837686
2024-07-19,1440,1488,1427,1457,131349,0.011805555555555625
2024-07-22,1452,1457,1383,1404,171971,-0.03637611530542206
2024-07-23,1404,1420,1361,1385,159547,-0.013532763532763559
2024-07-24,1386,1430,1360,1393,142866,0.005776173285198638
2024-07-25,1390,1390,1310,1354,234685,-0.02799712849964109
2024-07-26,1390,1408,1363,1388,122904,0.025110782865583436
2024-07-29,1387,1395,1369,1388,123947,0.0
2024-07-30,1394,1394,1361,1368,127223,-0.014409221902017322
2024-07-31,1354,1369,1290,1310,181671,-0.042397660818713434
2024-08-01,1323,1343,1315,1343,46869,0.02519083969465652
2024-08-02,1335,1335,1275,1281,123483,-0.046165301563663386
2024-08-05,1278,1281,1070,1079,449759,-0.1576893052302888
2024-08-06,1011,1135,1011,1119,238173,0.03707136237256714
2024-08-07,1119,1126,1102,1119,127881,0.0
2024-08-08,1124,1124,1080,1119,77861,0.0
2024-08-09,1121,1147,1121,1146,45884,0.024128686327077764
2024-08-12,1146,1172,1146,1170,36211,0.020942408376963373
2024-08-13,1172,1173,1125,1171,41777,0.0008547008547008517
2024-08-14,1171,1197,1171,1194,49541,0.01964133219470532
2024-08-16,1191,1198,1163,1170,35814,-0.02010050251256279
2024-08-19,1170,1183,1122,1132,110943,-0.032478632478632474
2024-08-20,1131,1146,1121,1139,90869,0.006183745583038913
2024-08-21,1130,1144,1125,1130,33058,-0.007901668129938533
2024-08-22,1124,1140,1112,1113,50689,-0.015044247787610598
2024-08-23,1110,1113,1098,1107,55351,-0.005390835579514808
2024-08-26,1107,1122,1106,1108,45011,0.0009033423667570428
2024-08-27,1106,1106,1082,1096,53811,-0.010830324909747335
2024-08-28,1096,1099,1082,1082,45948,-0.012773722627737238
2024-08-29,1085,1108,1080,1090,74687,0.007393715341959428
2024-08-30,1085,1108,1082,1088,51880,-0.0018348623853210455
2024-09-02,1089,1100,1081,1095,38137,0.006433823529411686
2024-09-03,1095,1104,1092,1098,28804,0.00273972602739736
2024-09-04,1090,1090,1047,1048,86700,-0.04553734061930781
2024-09-05,1048,1055,1025,1047,57749,-0.000954198473282486
2024-09-06,1036,1042,1005,1017,112328,-0.028653295128939882
2024-09-09,1005,1017,999,1010,58262,-0.006882989183874089
2024-09-10,1008,1019,951,969,92844,-0.04059405940594063
2024-09-11,969,1006,966,981,112158,0.01238390092879249
2024-09-12,982,1014,982,1000,53865,0.019367991845056
2024-09-13,1000,1015,1000,1008,33256,0.008000000000000007
2024-09-19,1010,1011,985,999,59049,-0.008928571428571397
2024-09-20,1008,1012,999,1010,43166,0.011011011011011096
2024-09-23,1011,1019,999,1006,33565,-0.003960396039603964
2024-09-24,1004,1022,1002,1022,46653,0.015904572564612307
2024-09-25,1019,1040,1015,1032,84851,0.009784735812133016
2024-09-26,1032,1049,1032,1043,29135,0.01065891472868219
2024-09-27,1043,1089,1043,1084,65869,0.039309683604985546
2024-09-30,1084,1084,1048,1053,47988,-0.02859778597785978
2024-10-02,1054,1054,1028,1041,25531,-0.01139601139601143
2024-10-04,1042,1051,1017,1017,32069,-0.023054755043227626
2024-10-07,1033,1051,1016,1035,55799,0.017699115044247815
2024-10-08,1031,1035,1015,1029,24294,-0.005797101449275366
2024-10-10,1029,1032,1019,1025,16349,-0.0038872691933916625
2024-10-11,1034,1034,1023,1027,13065,0.0019512195121951237
2024-10-14,1032,1032,1015,1015,31116,-0.011684518013631906
2024-10-15,1013,1021,1003,1013,31986,-0.0019704433497537144
2024-10-16,1013,1019,1005,1005,31986,-0.007897334649555776
2024-10-17,1020,1020,953,958,145519,-0.04676616915422882
2024-10-18,955,975,944,974,64016,0.016701461377870652
2024-10-21,955,973,950,960,40810,-0.014373716632443578
2024-10-22,945,960,898,915,163716,-0.046875
2024-10-23,920,920,895,905,65235,-0.010928961748633892
2024-10-24,910,915,875,875,98386,-0.03314917127071826
2024-10-25,881,888,851,862,125582,-0.014857142857142902
2024-10-28,862,870,857,864,39211,0.002320185614849146
2024-10-29,873,890,865,866,48575,0.0023148148148148806
2024-10-30,875,878,866,866,27458,0.0
2024-10-31,863,886,863,872,61578,0.006928406466512715
2024-11-01,872,872,856,864,46424,-0.00917431192660545
2024-11-04,864,875,846,867,47514,0.003472222222222321
2024-11-05,879,899,870,891,94918,0.02768166089965396
2024-11-06,900,1002,895,902,413458,0.012345679012345734
2024-11-07,902,925,893,919,22532,0.018847006651884657
2024-11-08,910,924,901,918,40064,-0.0010881392818280489
2024-11-11,908,908,863,866,99829,-0.05664488017429192
2024-11-12,857,864,832,832,81980,-0.03926096997690531
2024-11-13,823,858,823,838,35371,0.007211538461538547
2024-11-14,840,840,800,800,48582,-0.04534606205250602
2024-11-15,800,808,788,800,47301,0.0
2024-11-18,792,804,780,800,59877,0.0
2024-11-19,800,863,793,831,63177,0.03875000000000006
2024-11-20,821,830,794,809,45577,-0.026474127557160054
2024-11-21,800,830,795,795,51878,-0.017305315203955507
2024-11-22,787,803,786,798,53417,0.0037735849056603765
2024-11-25,798,823,798,817,59509,0.023809523809523725
2024-11-26,817,820,790,808,18565,-0.011015911872705009
2024-11-27,799,813,799,804,9649,-0.004950495049504955
2024-11-28,795,814,795,813,10273,0.011194029850746245
2024-11-29,813,819,782,782,33104,-0.03813038130381308
2024-12-02,769,786,755,761,44934,-0.026854219948849067
2024-12-03,755,780,745,770,28908,0.01182654402102501
2024-12-04,730,774,730,737,87849,-0.042857142857142816
2024-12-05,730,745,698,698,101970,-0.052917232021709615
2024-12-06,695,702,670,671,84130,-0.0386819484240688
2024-12-09,665,670,600,602,202175,-0.10283159463487335
2024-12-10,600,660,600,653,85376,0.08471760797342198
2024-12-11,655,711,655,698,102883,0.06891271056661563
2024-12-12,698,726,698,725,59547,0.0386819484240688
2024-12-13,727,743,725,741,33029,0.022068965517241468
2024-12-16,742,753,739,751,30530,0.013495276653171295
2024-12-17,745,772,745,753,57280,0.0026631158455392434
2024-12-18,755,762,747,756,25709,0.003984063745019917
2024-12-19,755,769,748,763,24259,0.0092592592592593
2024-12-20,763,774,758,764,17369,0.001310615989515096
2024-12-23,764,764,750,759,28022,-0.00654450261780104
2024-12-24,757,762,751,758,23668,-0.0013175230566534468
2024-12-26,759,764,748,751,19940,-0.00923482849604218
2024-12-27,751,755,723,746,30647,-0.0066577896138482195
2024-12-30,737,740,721,721,62771,-0.03351206434316356
2025-01-02,721,734,721,726,67388,0.006934812760055475
2025-01-03,726,744,726,744,26240,0.024793388429751984
2025-01-06,744,758,739,755,34776,0.014784946236559238
2025-01-07,755,765,750,763,26602,0.01059602649006619
2025-01-08,763,780,761,775,34952,0.01572739187418093
2025-01-09,775,775,767,773,19387,-0.002580645161290307
2025-01-10,773,950,771,827,2662352,0.06985769728331181
2025-01-13,827,849,806,833,202617,0.007255139056831839
2025-01-14,820,851,815,833,91070,0.0
2025-01-15,833,842,816,822,59216,-0.013205282112845107
2025-01-16,825,967,810,875,381917,0.06447688564476883
2025-01-17,915,1137,915,1029,7441918,0.17599999999999993
2025-01-20,1014,1015,930,953,599584,-0.07385811467444126
2025-01-21,953,1203,932,1022,5452250,0.07240293809024134
2025-01-22,1008,1010,953,985,464229,-0.03620352250489234
2025-01-23,980,992,942,942,228360,-0.04365482233502538
2025-01-24,934,965,919,926,140373,-0.01698513800424628
2025-01-31,903,926,862,886,250382,-0.043196544276457916
2025-02-03,853,891,853,866,57915,-0.02257336343115124
2025-02-04,885,885,854,874,305491,0.009237875288683695
2025-02-05,874,892,864,867,66124,-0.008009153318077833
2025-02-06,867,875,838,844,124837,-0.026528258362168433
2025-02-07,845,847,832,837,43499,-0.008293838862559189
2025-02-10,836,839,825,831,57701,-0.007168458781361964
2025-02-11,832,868,832,853,55863,0.026474127557160054
2025-02-12,851,865,830,840,39082,-0.015240328253223967
2025-02-13,840,852,829,834,58495,-0.0071428571428571175
2025-02-14,833,834,770,776,309437,-0.0695443645083933
2025-02-17,776,776,748,754,155016,-0.028350515463917536
2025-02-18,755,809,755,774,144447,0.02652519893899208
2025-02-19,780,786,760,785,53718,0.01421188630490966
2025-02-20,785,804,770,780,73454,-0.006369426751592355
2025-02-21,805,805,760,780,81202,0.0
2025-02-24,780,793,754,771,76908,-0.011538461538461497
2025-02-25,771,785,760,765,75294,-0.0077821011673151474
2025-02-26,765,770,744,744,65396,-0.027450980392156876
2025-02-27,744,770,732,734,79811,-0.013440860215053752
2025-02-28,746,746,693,693,91366,-0.05585831062670299
2025-03-04,693,723,693,700,70618,0.010101010101010166
2025-03-05,700,725,700,712,36683,0.017142857142857126
2025-03-06,713,731,712,722,33466,0.014044943820224809
2025-03-07,722,744,700,724,28491,0.0027700831024930483
2025-03-10,724,724,705,715,35660,-0.012430939226519389
2025-03-11,708,715,670,713,44101,-0.002797202797202747
2025-03-12,713,730,704,713,20195,0.0
2025-03-13,738,738,707,716,33450,0.004207573632538653
2025-03-14,716,725,710,725,29252,0.012569832402234526
2025-03-17,725,736,716,719,22874,-0.008275862068965467
2025-03-18,719,730,711,713,24085,-0.008344923504867818
2025-03-19,713,729,705,710,34407,-0.0042075736325385416
2025-03-20,680,828,680,702,837778,-0.011267605633802802
2025-03-21,702,720,696,716,52479,0.019943019943019946
2025-03-24,716,723,708,712,45907,-0.005586592178770999
2025-03-25,715,719,705,710,23305,-0.002808988764044895
2025-03-26,710,715,706,715,26901,0.007042253521126751
2025-03-27,719,720,707,720,34262,0.006993006993007089
2025-03-28,720,720,701,704,26272,-0.022222222222222254
2025-03-31,704,720,685,690,52160,-0.019886363636363646
2025-04-01,696,710,690,701,17638,0.01594202898550723
2025-04-02,708,722,692,695,43713,-0.008559201141226769
2025-04-03,695,709,690,699,40991,0.0057553956834532904
2025-04-04,699,727,691,726,53889,0.03862660944205998
2025-04-07,711,719,697,697,52915,-0.03994490358126723
2025-04-08,697,720,697,710,42230,0.01865136298421799
2025-04-09,710,733,710,728,71834,0.025352112676056304
2025-04-10,728,748,724,744,83158,0.0219780219780219
2025-04-11,766,766,741,749,23434,0.006720430107526987
2025-04-14,749,769,748,749,33651,0.0
2025-04-15,755,767,749,760,21938,0.014686248331108098
2025-04-16,761,781,761,766,24354,0.007894736842105177
2025-04-17,774,779,766,776,24132,0.01305483028720622
2025-04-18,776,776,752,770,25285,-0.0077319587628865705
2025-04-21,760,780,754,776,12272,0.007792207792207684
2025-04-22,776,796,770,794,55938,0.02319587628865971
2025-04-23,794,800,785,795,40010,0.0012594458438286438
2025-04-24,795,797,788,795,15360,0.0
2025-04-25,795,803,788,802,25172,0.008805031446540879
2025-04-28,802,810,796,806,22707,0.004987531172069737
2025-04-29,813,813,786,805,21930,-0.001240694789081842
2025-04-30,805,812,790,790,20900,-0.018633540372670843
2025-05-02,790,796,783,789,35534,-0.0012658227848101333
2025-05-07,789,795,771,779,17619,-0.012674271229404344
2025-05-08,779,785,772,777,45660,-0.0025673940949936247
2025-05-09,777,793,777,790,20897,0.016731016731016624
2025-05-12,790,797,781,792,38043,0.0025316455696202667
2025-05-13,792,810,790,798,29294,0.007575757575757569
2025-05-14,798,799,788,797,13851,-0.0012531328320801727
2025-05-15,797,797,776,776,65986,-0.02634880803011297
2025-05-16,777,788,769,784,41318,0.010309278350515427
2025-05-19,776,781,770,779,8477,-0.0063775510204081565
2025-05-20,779,785,762,762,35344,-0.02182284980744542
2025-05-21,763,778,752,775,24036,0.017060367454068137
2025-05-22,775,782,749,750,37699,-0.032258064516129004
2025-05-23,745,756,720,721,86764,-0.03866666666666663
2025-05-26,721,785,721,743,51385,0.030513176144244092
2025-05-27,743,765,743,750,24250,0.009421265141319024
2025-05-28,750,780,750,770,22512,0.026666666666666616
2025-05-29,770,777,755,760,36083,-0.012987012987012991
2025-05-30,760,779,731,764,38556,0.0052631578947368585
2025-06-02,771,778,764,774,22874,0.01308900523560208
2025-06-04,775,797,775,797,48724,0.029715762273901714
2025-06-05,797,804,793,797,36762,0.0
2025-06-09,797,800,750,770,92365,-0.03387703889585947
2025-06-10,771,789,771,778,18510,0.010389610389610393
2025-06-11,778,794,778,790,46202,0.015424164524421524
2025-06-12,790,805,788,790,67868,0.0
2025-06-13,822,822,775,778,68438,-0.015189873417721489
2025-06-16,778,795,769,794,34376,0.020565552699228773
2025-06-17,795,804,785,785,92244,-0.01133501259445846
2025-06-18,785,804,785,787,21149,0.002547770700636942
2025-06-19,787,794,771,786,26691,-0.0012706480304955914
2025-06-20,786,792,775,787,26462,0.0012722646310432406
2025-06-23,787,787,777,779,21609,-0.010165184243964398
2025-06-24,770,785,770,781,41459,0.0025673940949935137
2025-06-25,774,788,766,775,67415,-0.007682458386683688
2025-06-26,775,782,760,767,53082,-0.010322580645161339
2025-06-27,767,790,751,767,55844,0.0
2025-06-30,767,789,763,772,24095,0.006518904823989535
2025-07-01,772,794,770,785,58259,0.01683937823834203
2025-07-02,775,788,766,787,54841,0.002547770700636942
2025-07-03,786,803,782,795,84920,0.010165184243964509
2025-07-04,795,795,786,793,37265,-0.002515723270440251
2025-07-07,783,789,770,782,38479,-0.013871374527112179
2025-07-08,772,782,772,779,23996,-0.0038363171355498826
2025-07-09,770,778,764,768,92550,-0.014120667522464658
2025-07-10,768,791,760,784,37960,0.02083333333333326
2025-07-11,776,791,776,780,19814,-0.005102040816326481
2025-07-14,780,780,752,775,27794,-0.0064102564102563875
2025-07-15,775,781,760,775,20561,0.0
2025-07-16,775,782,756,760,63075,-0.01935483870967747
2025-07-17,762,780,759,766,47835,0.007894736842105177
2025-07-18,773,995,773,916,11006674,0.19582245430809397
2025-07-21,885,973,836,840,2896080,-0.08296943231441045
2025-07-22,847,941,822,879,2084889,0.046428571428571486
2025-07-23,877,877,815,839,486616,-0.04550625711035272
2025-07-24,824,870,816,820,257240,-0.022646007151370662
2025-07-25,815,870,815,851,433607,0.03780487804878052
2025-07-28,851,851,820,831,121630,-0.023501762632197387
2025-07-29,831,831,804,820,84667,-0.013237063778580027
2025-07-30,803,858,803,826,204197,0.007317073170731714
2025-07-31,826,867,826,843,84416,0.02058111380145289
2025-08-01,843,843,810,823,107857,-0.023724792408066464
2025-08-04,815,850,814,850,81349,0.03280680437424066
2025-08-05,850,896,842,865,424515,0.01764705882352935
2025-08-06,865,883,849,852,96457,-0.015028901734104094
2025-08-07,844,889,844,860,61470,0.009389671361502261
2025-08-08,860,860,800,840,85869,-0.023255813953488413
2025-08-11,840,840,815,828,48243,-0.014285714285714235
2025-08-12,828,897,827,851,188589,0.02777777777777768
2025-08-13,852,889,832,853,81236,0.00235017626321965
2025-08-14,852,870,845,863,60667,0.011723329425556761
2025-08-18,863,863,835,837,50375,-0.030127462340672095
2025-08-19,834,837,820,820,56525,-0.020310633213859064
2025-08-20,810,825,806,825,60835,0.0060975609756097615
2025-08-21,837,864,817,861,47838,0.043636363636363695
2025-08-22,861,861,839,840,60831,-0.024390243902439046
2025-08-25,846,860,831,847,39904,0.008333333333333304
2025-08-26,839,839,824,830,28931,-0.02007083825265643
2025-08-27,830,849,823,845,49678,0.01807228915662651
2025-08-28,837,855,828,850,35496,0.00591715976331364
2025-08-29,845,859,831,831,32502,-0.022352941176470575
2025-09-01,841,841,810,810,54777,-0.02527075812274371
2025-09-02,807,835,805,835,32916,0.030864197530864113
2025-09-03,835,851,828,848,38419,0.015568862275449069
2025-09-04,848,862,830,846,75704,-0.002358490566037763
2025-09-05,850,851,836,844,34183,-0.0023640661938534313
2025-09-08,844,854,835,836,63814,-0.009478672985781977
2025-09-09,865,865,830,831,20251,-0.005980861244019087
2025-09-10,831,831,815,816,53957,-0.018050541516245522
2025-09-11,822,840,808,818,70028,0.002450980392156854
2025-09-12,818,835,801,809,47752,-0.011002444987775029
2025-09-15,809,823,803,816,56728,0.008652657601977642
2025-09-16,816,820,810,815,30675,-0.001225490196078427
2025-09-17,815,827,811,824,31784,0.01104294478527601
2025-09-18,817,840,817,835,70320,0.013349514563106846
2025-09-19,827,852,825,844,52335,0.010778443113772518
2025-09-22,844,855,830,845,60087,0.0011848341232227888
2025-09-23,845,855,827,850,62633,0.00591715976331364
2025-09-24,843,864,835,855,83530,0.00588235294117645
2025-09-25,855,890,839,860,54553,0.005847953216374213
2025-09-26,851,860,834,834,37877,-0.03023255813953485
2025-09-29,834,845,830,838,24525,0.004796163069544335
2025-09-30,829,855,829,844,22319,0.007159904534606243
2025-10-01,844,844,826,831,16628,-0.0154028436018957
2025-10-02,849,860,834,850,60990,0.022864019253910906
2025-10-10,889,889,846,855,49470,0.00588235294117645
2025-10-13,846,853,830,844,37796,-0.012865497076023358
2025-10-14,844,870,830,870,52191,0.0308056872037914
2025-10-15,870,874,856,864,85713,-0.006896551724137945
2025-10-16,863,867,850,860,60968,-0.00462962962962965
2025-10-17,859,866,850,859,82347,-0.0011627906976744429
2025-10-20,854,864,848,856,41357,-0.0034924330616996624
2025-10-21,860,866,839,848,56559,-0.009345794392523366
2025-10-22,848,868,838,846,103221,-0.002358490566037763
2025-10-23,846,858,843,850,53014,0.004728132387706863
2025-10-24,847,868,844,861,83174,0.012941176470588234
2025-10-27,861,861,848,856,79986,-0.005807200929152101
2025-10-28,840,859,838,845,73190,-0.012850467289719614
2025-10-29,845,859,841,842,70027,-0.0035502958579881616
2025-10-30,850,850,806,828,116177,-0.016627078384798155
2025-10-31,832,846,807,824,37092,-0.004830917874396157
2025-11-03,830,839,807,810,67891,-0.016990291262135915
2025-11-04,810,838,803,810,68298,0.0
2025-11-05,810,829,740,780,127270,-0.03703703703703709
2025-11-06,822,838,783,822,91980,0.05384615384615388
2025-11-07,822,822,785,787,208830,-0.04257907542579076
2025-11-10,787,796,770,796,44288,0.011435832274459878
2025-11-11,796,809,789,799,15115,0.0037688442211054607
2025-11-12,799,799,782,782,25211,-0.021276595744680882
2025-11-13,783,809,783,795,24729,0.01662404092071612
2025-11-14,795,873,795,808,234273,0.01635220125786163
2025-11-17,808,833,808,815,56929,0.00866336633663356
2025-11-18,829,829,801,821,30782,0.007361963190184007
2025-11-19,821,821,798,800,35642,-0.025578562728379994
2025-11-20,800,814,795,810,28307,0.012499999999999956
2025-11-21,810,817,798,801,23166,-0.011111111111111072
2025-11-24,791,800,774,795,46107,-0.0074906367041198685
2025-11-25,788,795,769,770,64449,-0.03144654088050314
