Date,Open,High,Low,Close,Volume,Change
2022-01-03,7920,8100,7890,8050,51064,0.011306532663316604
2022-01-04,8030,8100,7880,7970,55177,-0.009937888198757738
2022-01-05,7910,8010,7750,8000,73942,0.0037641154328733606
2022-01-06,7860,7970,7670,7890,87567,-0.01375000000000004
2022-01-07,7840,7840,7700,7770,80154,-0.01520912547528519
2022-01-10,7770,7820,7660,7760,27410,-0.0012870012870013214
2022-01-11,7710,7800,7470,7490,51510,-0.03479381443298968
2022-01-12,7500,7580,7490,7520,36464,0.004005340453938633
2022-01-13,7520,7560,7480,7530,26603,0.0013297872340425343
2022-01-14,7510,7570,7460,7550,20068,0.0026560424966799445
2022-01-17,7520,8130,7500,7600,189912,0.0066225165562914245
2022-01-18,7600,7730,7600,7650,50952,0.006578947368421018
2022-01-19,7670,7690,7460,7470,50521,-0.02352941176470591
2022-01-20,7450,7580,7320,7540,42571,0.009370816599732157
2022-01-21,7540,8200,7540,7830,283804,0.03846153846153855
2022-01-24,7860,8050,7600,7880,100653,0.0063856960408683605
2022-01-25,8440,10200,8020,9600,14102200,0.218274111675127
2022-01-26,9350,9670,9220,9430,2021763,-0.017708333333333326
2022-01-27,9290,9330,8370,8570,1193939,-0.09119830328738066
2022-01-28,8570,8670,8030,8370,576301,-0.023337222870478458
2022-02-03,8420,8840,8310,8790,767295,0.05017921146953408
2022-02-04,8790,8980,8640,8810,654574,0.0022753128555177415
2022-02-07,8930,9090,8750,9010,515040,0.022701475595913845
2022-02-08,9010,9120,8690,8850,453963,-0.017758046614872347
2022-02-09,8950,9170,8860,9040,310077,0.021468926553672274
2022-02-10,9040,9120,8700,8720,221630,-0.03539823008849563
2022-02-11,8550,8830,8500,8660,127863,-0.006880733944954143
2022-02-14,8420,9090,8200,8500,352517,-0.018475750577367167
2022-02-15,8450,9050,8430,8860,546239,0.04235294117647048
2022-02-16,8860,9070,8520,8940,324643,0.009029345372460584
2022-02-17,8940,9120,8550,8820,350995,-0.01342281879194629
2022-02-18,8710,9310,8650,9120,705173,0.03401360544217691
2022-02-21,9000,9040,8820,8980,213263,-0.015350877192982448
2022-02-22,8770,8910,8520,8520,202105,-0.05122494432071267
2022-02-23,8590,8830,8510,8790,102490,0.03169014084507049
2022-02-24,8650,8790,8150,8260,195969,-0.060295790671217264
2022-02-25,8360,8530,8290,8300,89217,0.004842615012106588
2022-02-28,8300,9120,8170,8500,699971,0.024096385542168752
2022-03-02,8520,8620,8400,8600,110182,0.0117647058823529
2022-03-03,8700,8730,8560,8640,135222,0.0046511627906977715
2022-03-04,9260,9260,8670,8910,1024814,0.03125
2022-03-07,8900,8900,8660,8820,120038,-0.010101010101010055
2022-03-08,8680,8820,8530,8580,121079,-0.027210884353741527
2022-03-10,8630,8770,8630,8660,58260,0.00932400932400923
2022-03-11,8660,8710,8560,8590,62575,-0.008083140877598205
2022-03-14,8590,8810,8570,8720,93899,0.015133876600698537
2022-03-15,8720,8810,8590,8590,65980,-0.014908256880733939
2022-03-16,8680,8680,8400,8550,58354,-0.00465657741559955
2022-03-17,8700,8920,8570,8920,161138,0.04327485380116958
2022-03-18,8950,9020,8760,8900,136408,-0.0022421524663677195
2022-03-21,8900,9070,8820,8980,109540,0.008988764044943753
2022-03-22,8990,9090,8900,9000,132129,0.00222717149220486
2022-03-23,9030,9030,8810,8940,106603,-0.00666666666666671
2022-03-24,8940,9010,8720,8770,132334,-0.019015659955257225
2022-03-25,8860,9440,8850,9440,1016820,0.07639680729760556
2022-03-28,9440,9560,9280,9470,305772,0.0031779661016948513
2022-03-29,9440,9660,9300,9600,342386,0.01372756071805692
2022-03-30,9560,9560,9180,9210,226342,-0.04062500000000002
2022-03-31,9210,9470,9100,9380,137675,0.018458197611292082
2022-04-01,9350,9590,9250,9570,174334,0.02025586353944564
2022-04-04,9580,9700,9300,9360,230834,-0.021943573667711602
2022-04-05,9430,9900,9350,9400,360041,0.004273504273504258
2022-04-06,9290,9480,9200,9400,101875,0.0
2022-04-07,9420,9450,9100,9160,132050,-0.025531914893617058
2022-04-08,9170,9350,9000,9320,83482,0.017467248908296984
2022-04-11,9400,9400,9120,9190,56254,-0.013948497854077258
2022-04-12,9190,9190,8770,8890,114427,-0.03264417845484224
2022-04-13,8830,9030,8830,9000,47837,0.012373453318335281
2022-04-14,9130,9170,9000,9100,53488,0.011111111111111072
2022-04-15,9100,9300,9020,9110,105663,0.001098901098901095
2022-04-18,9110,9110,8850,9060,46909,-0.005488474204171201
2022-04-19,9040,9110,8990,9020,54022,-0.004415011037527616
2022-04-20,9040,9270,9040,9220,73242,0.022172949002217335
2022-04-21,9230,9360,9120,9260,76965,0.00433839479392617
2022-04-22,9150,9210,9060,9190,57068,-0.0075593952483801186
2022-04-25,9190,9190,8940,8940,60735,-0.027203482045701888
2022-04-26,8970,9400,8960,9370,118150,0.04809843400447433
2022-04-27,9110,9770,9070,9280,413410,-0.009605122732123772
2022-04-28,9280,9420,9150,9240,95733,-0.004310344827586188
2022-04-29,9240,9570,9230,9490,154942,0.027056277056277
2022-05-02,9500,9610,9400,9590,118045,0.010537407797681864
2022-05-03,9600,9700,9450,9460,129258,-0.013555787278414999
2022-05-04,9510,9700,9380,9420,124376,-0.0042283298097252064
2022-05-06,9260,9540,9220,9490,93103,0.007430997876857859
2022-05-09,9490,9600,9200,9200,86401,-0.030558482613277094
2022-05-10,9010,9600,8730,9090,134012,-0.011956521739130421
2022-05-11,9100,9570,9100,9280,85311,0.020902090209020896
2022-05-12,9280,9510,9020,9030,134347,-0.026939655172413812
2022-05-13,9140,9200,9060,9170,48439,0.015503875968992276
2022-05-16,9200,9340,9100,9100,49068,-0.007633587786259555
2022-05-17,9100,9100,8800,8850,107815,-0.027472527472527486
2022-05-18,8800,8910,8440,8550,162645,-0.03389830508474578
2022-05-19,8380,8450,8260,8370,68630,-0.021052631578947323
2022-05-20,8360,8530,8310,8440,36308,0.008363201911588902
2022-05-23,8450,8450,8080,8200,89313,-0.028436018957345932
2022-05-24,8240,8240,8010,8050,81217,-0.018292682926829285
2022-05-25,8050,8180,8000,8060,33978,0.001242236024844745
2022-05-26,8150,8320,7860,7960,115904,-0.012406947890818865
2022-05-27,8050,8080,7930,7940,29621,-0.002512562814070307
2022-05-30,8000,8110,7980,8080,26083,0.017632241813602123
2022-05-31,8070,8210,8020,8140,41557,0.007425742574257432
2022-06-02,8130,8160,8030,8130,20211,-0.0012285012285012664
2022-06-03,8130,8170,8090,8130,25185,0.0
2022-06-07,8130,8130,8000,8000,27434,-0.01599015990159902
2022-06-08,8010,8060,7930,7950,41596,-0.006249999999999978
2022-06-09,7950,7950,7740,7810,42777,-0.017610062893081757
2022-06-10,7830,7890,7680,7730,19935,-0.010243277848911658
2022-06-13,7690,7730,7320,7340,57727,-0.05045278137128073
2022-06-14,7230,7300,7100,7230,58398,-0.01498637602179842
2022-06-15,7070,7280,6950,7000,52589,-0.0318118948824343
2022-06-16,7040,7380,7000,7000,50305,0.0
2022-06-17,6740,7180,6740,7170,38135,0.024285714285714244
2022-06-20,7110,7170,6580,6740,51050,-0.05997210599721059
2022-06-21,6520,6770,6520,6600,40591,-0.020771513353115778
2022-06-22,6610,6730,6080,6080,71491,-0.07878787878787874
2022-06-23,6100,6170,5630,5630,66285,-0.07401315789473684
2022-06-24,5360,6120,5360,6100,98022,0.08348134991119016
2022-06-27,6120,6360,6070,6290,30937,0.031147540983606614
2022-06-28,6300,6340,6130,6200,20557,-0.014308426073131986
2022-06-29,6050,6740,5990,6150,172055,-0.008064516129032251
2022-06-30,6140,6140,5810,5810,43755,-0.05528455284552847
2022-07-01,5910,5980,5600,5670,40899,-0.02409638554216864
2022-07-04,5670,5730,5400,5600,53515,-0.012345679012345734
2022-07-05,5560,5900,5560,5820,36555,0.03928571428571437
2022-07-06,5950,5950,5700,5740,25089,-0.013745704467353903
2022-07-07,5760,5950,5760,5930,24440,0.03310104529616731
2022-07-08,5930,6060,5860,6050,70995,0.02023608768971341
2022-07-11,6120,6440,5990,6060,79091,0.0016528925619834212
2022-07-12,6000,6010,5790,5930,38706,-0.021452145214521434
2022-07-13,5920,6400,5860,6100,85235,0.02866779089376048
2022-07-14,6100,6140,5960,6140,14447,0.006557377049180246
2022-07-15,6190,6190,5900,5970,19715,-0.027687296416938123
2022-07-18,6010,6100,5890,6100,20192,0.021775544388609624
2022-07-19,6050,6140,6020,6120,15877,0.003278688524590123
2022-07-20,6180,6360,6130,6240,47232,0.019607843137254832
2022-07-21,6300,6430,6240,6430,36322,0.03044871794871784
2022-07-22,6370,6450,6250,6320,25070,-0.017107309486780742
2022-07-25,6320,6320,6190,6250,19687,-0.011075949367088556
2022-07-26,6170,6280,6170,6200,24075,-0.008000000000000007
2022-07-27,6210,6390,6050,6180,40694,-0.003225806451612856
2022-07-28,6240,6410,6240,6320,28147,0.02265372168284796
2022-07-29,6360,6390,6260,6330,23926,0.0015822784810126667
2022-08-01,6340,6380,6230,6280,11966,-0.00789889415481837
2022-08-02,6280,6280,6070,6190,27565,-0.014331210191082855
2022-08-03,6190,6800,6160,6400,296371,0.03392568659127626
2022-08-04,6450,6590,6360,6460,57954,0.009374999999999911
2022-08-05,6460,6560,6390,6480,35781,0.003095975232198178
2022-08-08,6560,6560,6390,6450,27128,-0.00462962962962965
2022-08-09,6450,6460,6360,6460,30884,0.0015503875968991832
2022-08-10,6460,6680,6350,6350,55994,-0.017027863777089758
2022-08-11,6350,6450,6350,6450,27298,0.015748031496062964
2022-08-12,6450,6550,6370,6500,24760,0.007751937984496138
2022-08-16,6530,6580,6440,6510,16152,0.0015384615384614886
2022-08-17,6520,6530,6330,6410,25775,-0.015360983102918557
2022-08-18,6340,6580,6330,6510,60714,0.015600624024961096
2022-08-19,6450,6510,6370,6400,21596,-0.016897081413210446
2022-08-22,6330,6330,6030,6050,69988,-0.0546875
2022-08-23,6010,6100,5970,6030,41398,-0.0033057851239669533
2022-08-24,6040,6100,5960,6000,40996,-0.00497512437810943
2022-08-25,6050,6120,6000,6090,28007,0.014999999999999902
2022-08-26,6120,6280,6080,6130,35172,0.006568144499178974
2022-08-29,5940,5990,5870,5920,30167,-0.034257748776509
2022-08-30,5900,6100,5900,6080,22098,0.027027027027026973
2022-08-31,6100,6250,5950,6250,43710,0.02796052631578938
2022-09-01,6600,6630,5920,6030,182855,-0.03520000000000001
2022-09-02,6020,6090,5980,6030,25602,0.0
2022-09-05,5900,5990,5850,5850,27224,-0.02985074626865669
2022-09-06,5840,5940,5820,5890,16792,0.006837606837606813
2022-09-07,5910,5910,5580,5800,29342,-0.015280135823429575
2022-09-08,5810,5840,5750,5770,16133,-0.005172413793103403
2022-09-13,5790,5970,5780,5940,22083,0.029462738301559765
2022-09-14,5700,5830,5650,5800,22669,-0.023569023569023573
2022-09-15,5800,5880,5750,5810,22998,0.0017241379310344307
2022-09-16,5740,5810,5690,5800,16881,-0.0017211703958691649
2022-09-19,5770,5770,5510,5610,25957,-0.03275862068965518
2022-09-20,5560,6110,5530,5770,192010,0.028520499108734443
2022-09-21,5720,5790,5540,5580,43490,-0.032928942807625705
2022-09-22,5550,5570,5280,5490,25639,-0.016129032258064502
2022-09-23,5400,5550,5340,5500,24509,0.0018214936247722413
2022-09-26,5330,5480,5010,5070,59465,-0.07818181818181813
2022-09-27,4940,5100,4840,5000,29223,-0.013806706114398382
2022-09-28,5000,5020,4545,4820,38758,-0.03600000000000003
2022-09-29,4830,4960,4830,4870,14488,0.010373443983402453
2022-09-30,4665,4870,4655,4800,21969,-0.014373716632443578
2022-10-04,4700,4960,4700,4955,19067,0.03229166666666661
2022-10-05,4955,4980,4750,4795,14861,-0.03229061553985868
2022-10-06,4840,4900,4785,4900,26183,0.021897810218978186
2022-10-07,4895,4950,4855,4940,7602,0.008163265306122547
2022-10-11,4930,4930,4630,4710,12833,-0.046558704453441346
2022-10-12,4595,4710,4535,4610,14337,-0.02123142250530785
2022-10-13,4610,4610,4305,4355,25783,-0.05531453362255967
2022-10-14,4390,4500,4380,4485,20999,0.029850746268656803
2022-10-17,4420,4690,4315,4620,23420,0.030100334448160515
2022-10-18,4670,4750,4605,4665,17389,0.009740259740259827
2022-10-19,4665,4750,4630,4705,6556,0.008574490889603492
2022-10-20,4680,4710,4620,4650,4606,-0.011689691817215686
2022-10-21,4645,4695,4555,4695,7617,0.00967741935483879
2022-10-24,4655,4760,4620,4695,15023,0.0
2022-10-25,4680,4745,4625,4720,11230,0.005324813631522929
2022-10-26,4720,4770,4685,4725,16792,0.0010593220338983578
2022-10-27,4725,4785,4725,4785,6111,0.012698412698412653
2022-10-28,4785,4810,4750,4780,6188,-0.0010449320794148065
2022-10-31,4805,4815,4720,4790,5789,0.0020920502092049986
2022-11-01,4695,4810,4665,4790,12715,0.0
2022-11-02,4790,4850,4735,4820,11071,0.006263048016701411
2022-11-03,4780,4840,4745,4820,9299,0.0
2022-11-04,4790,4840,4775,4810,5642,-0.0020746887966804906
2022-11-07,4810,4850,4745,4845,8998,0.007276507276507305
2022-11-08,4845,4955,4845,4940,20449,0.019607843137254832
2022-11-09,4965,4965,4895,4925,9088,-0.0030364372469635637
2022-11-10,4860,4960,4860,4940,10807,0.003045685279187804
2022-11-11,5040,5040,4905,5000,18523,0.012145748987854255
2022-11-14,5050,5080,4950,5030,10685,0.006000000000000005
2022-11-15,5020,5050,4970,5030,15153,0.0
2022-11-16,4980,5030,4940,5010,19231,-0.003976143141153132
2022-11-17,5010,5010,4955,4985,8187,-0.004990019960079861
2022-11-18,4985,5020,4955,4985,5907,0.0
2022-11-21,4985,6480,4940,6330,5730327,0.26980942828485466
2022-11-22,6170,6240,5940,6150,702458,-0.028436018957345932
2022-11-23,6090,6090,5830,6080,369656,-0.011382113821138184
2022-11-24,6030,6670,5900,5900,1978048,-0.02960526315789469
2022-11-25,5900,5970,5800,5940,116206,0.006779661016949046
2022-11-28,5910,7420,5600,6580,7186582,0.1077441077441077
2022-11-29,6400,6850,6110,6560,2382507,-0.003039513677811523
2022-11-30,6600,6600,6300,6330,310824,-0.03506097560975607
2022-12-01,6460,6570,6310,6380,209262,0.00789889415481837
2022-12-02,6380,6510,6300,6300,178135,-0.01253918495297801
2022-12-05,6300,6850,6010,6070,1107820,-0.03650793650793649
2022-12-06,6020,6070,5870,5920,106396,-0.02471169686985175
2022-12-07,5790,5840,5700,5780,118946,-0.023648648648648685
2022-12-08,5710,5800,5490,5560,100316,-0.03806228373702425
2022-12-09,5610,6060,5610,5740,196225,0.03237410071942448
2022-12-12,5750,6150,5750,5980,128544,0.04181184668989557
2022-12-13,5910,6200,5820,6150,174721,0.028428093645485042
2022-12-14,6150,6270,6030,6210,126510,0.009756097560975618
2022-12-15,6160,6210,6080,6100,54182,-0.017713365539452464
2022-12-16,5990,6190,5950,6110,37305,0.0016393442622950616
2022-12-19,6170,6290,5990,6160,48591,0.008183306055646433
2022-12-20,6140,6140,5850,5940,61113,-0.0357142857142857
2022-12-21,5870,5930,5730,5900,44697,-0.006734006734006703
2022-12-22,5800,5940,5770,5800,26247,-0.016949152542372836
2022-12-23,5750,5850,5630,5740,27939,-0.010344827586206917
2022-12-26,5640,5780,5400,5590,32573,-0.026132404181184676
2022-12-27,5550,5650,5550,5580,29363,-0.0017889087656529634
2022-12-28,5520,5550,5350,5500,33793,-0.014336917562724039
2022-12-29,5450,5580,5370,5470,28175,-0.00545454545454549
2023-01-02,5420,5500,5220,5240,41903,-0.042047531992687404
2023-01-03,5100,5300,5000,5290,43201,0.009541984732824416
2023-01-04,5230,5460,5230,5380,16805,0.017013232514177634
2023-01-05,5380,5550,5380,5510,14639,0.024163568773234223
2023-01-06,5410,5640,5410,5580,29888,0.012704174228675091
2023-01-09,5640,5690,5600,5660,15718,0.014336917562723928
2023-01-10,5600,5730,5550,5660,19644,0.0
2023-01-11,5690,5800,5670,5800,29187,0.02473498233215543
2023-01-12,5750,5850,5740,5840,26896,0.006896551724137945
2023-01-13,6000,6870,5980,6130,6051001,0.04965753424657526
2023-01-16,6060,6400,5820,6010,679934,-0.019575856443719397
2023-01-17,5940,6140,5860,5900,168145,-0.01830282861896837
2023-01-18,5900,5960,5850,5940,71083,0.006779661016949046
2023-01-19,5830,5930,5760,5790,70971,-0.025252525252525304
2023-01-20,5750,6100,5740,6020,141019,0.039723661485319584
2023-01-25,6040,6050,5940,5970,66656,-0.00830564784053156
2023-01-26,5950,6080,5950,6000,61808,0.005025125628140614
2023-01-27,5970,7220,5970,6700,6881133,0.1166666666666667
2023-01-30,7380,8090,7040,7780,7410240,0.16119402985074638
2023-01-31,7710,7830,7450,7780,887412,0.0
2023-02-01,7680,8660,7550,8080,5236963,0.03856041131105403
2023-02-02,8010,8540,7810,7910,1782299,-0.02103960396039606
2023-02-03,7920,8440,7750,7940,2012495,0.0037926675094817064
2023-02-06,7990,8000,7550,7590,365062,-0.044080604534005086
2023-02-07,7540,7740,7490,7590,291339,0.0
2023-02-08,7690,8100,7650,8100,700781,0.06719367588932812
2023-02-09,8030,8500,7980,7990,1426100,-0.013580246913580285
2023-02-10,8020,8720,7360,7460,3388440,-0.06633291614518144
2023-02-13,7360,7370,7110,7260,256796,-0.02680965147453085
2023-02-14,7310,7380,6980,6980,211223,-0.038567493112947604
2023-02-15,6990,7130,6740,6840,234569,-0.02005730659025784
2023-02-16,6910,7220,6880,7090,475811,0.03654970760233911
2023-02-17,7580,7810,6980,6980,1769278,-0.015514809590973178
2023-02-20,6920,6980,6770,6770,226973,-0.03008595988538687
2023-02-21,6780,7050,6740,6880,248697,0.01624815361890697
2023-02-22,6750,7020,6690,6700,110575,-0.026162790697674465
2023-02-23,6710,6920,6640,6810,101220,0.016417910447761086
2023-02-24,6810,7050,6770,6930,160779,0.017621145374449254
2023-02-27,7180,7360,6950,7210,808422,0.04040404040404044
2023-02-28,7300,7310,7110,7170,170542,-0.00554785020804438
2023-03-02,7110,7190,6830,6860,160087,-0.04323570432357038
2023-03-03,6840,7090,6810,6840,63090,-0.002915451895043719
2023-03-06,6840,6940,6770,6840,90952,0.0
2023-03-07,6850,7040,6840,7010,115480,0.024853801169590684
2023-03-08,6920,7020,6820,6910,61416,-0.014265335235377985
2023-03-09,6910,7800,6910,7600,2168561,0.09985528219971052
2023-03-10,7710,8000,6800,6800,996254,-0.10526315789473684
2023-03-13,6800,6920,6320,6500,233129,-0.044117647058823484
2023-03-14,6500,6530,6070,6100,233754,-0.06153846153846154
2023-03-15,6170,6450,6160,6430,97384,0.0540983606557377
2023-03-16,6410,6850,6230,6590,352691,0.02488335925349916
2023-03-17,6700,7300,6630,7000,1332873,0.06221547799696503
2023-03-20,6920,7170,6850,6850,157526,-0.021428571428571463
2023-03-21,7050,7110,6660,6840,181280,-0.0014598540145985828
2023-03-22,6990,7130,6810,6870,179316,0.004385964912280604
2023-03-23,6740,7060,6670,6770,170818,-0.01455604075691408
2023-03-24,6770,7020,6750,7000,120055,0.033973412112259904
2023-03-27,7020,7020,6850,6910,80048,-0.0128571428571429
2023-03-28,6910,6980,6780,6860,65935,-0.00723589001447178
2023-03-29,6860,6860,6580,6600,110052,-0.03790087463556846
2023-03-30,6610,6680,6520,6600,60876,0.0
2023-03-31,6590,6590,6300,6410,78992,-0.028787878787878807
2023-04-03,6430,6550,6300,6550,43419,0.021840873634945357
2023-04-04,6560,6740,6490,6700,52175,0.022900763358778553
2023-04-05,6720,6720,6550,6620,38430,-0.011940298507462699
2023-04-06,6560,6560,6350,6400,62161,-0.033232628398791486
2023-04-07,6380,6450,6300,6390,45186,-0.0015625000000000222
2023-04-10,6390,6420,6200,6210,52664,-0.028169014084507005
2023-04-11,6150,6350,6090,6340,36055,0.02093397745571668
2023-04-12,6220,6470,6180,6470,48927,0.020504731861198833
2023-04-13,6410,6410,6250,6380,35131,-0.01391035548686248
2023-04-14,6370,6590,6370,6490,50627,0.01724137931034475
2023-04-17,6560,6660,6440,6560,62802,0.01078582434514641
2023-04-18,6550,6550,6350,6410,57556,-0.02286585365853655
2023-04-19,6410,6480,6290,6340,69280,-0.010920436817472678
2023-04-20,6360,6360,6030,6110,88590,-0.0362776025236593
2023-04-21,6010,6330,6000,6130,94171,0.003273322422258529
2023-04-24,5960,6280,5880,5940,122201,-0.030995106035889064
2023-04-25,5910,5950,5700,5850,68160,-0.015151515151515138
2023-04-26,5740,5840,5670,5760,34474,-0.01538461538461533
2023-04-27,5700,5720,5580,5710,42295,-0.00868055555555558
2023-04-28,5670,5740,5470,5590,60385,-0.021015761821365997
2023-05-02,5600,5790,5570,5790,38489,0.035778175313059046
2023-05-03,5720,5790,5640,5710,13877,-0.013816925734024155
2023-05-04,5640,5770,5530,5690,25101,-0.003502626970227629
2023-05-08,5640,5740,5640,5700,17954,0.0017574692442883233
2023-05-09,5700,5720,5610,5660,14369,-0.007017543859649145
2023-05-10,5660,5740,5600,5660,17787,0.0
2023-05-11,5650,5760,5620,5620,25780,-0.007067137809187329
2023-05-12,5620,5640,5470,5540,30492,-0.014234875444839812
2023-05-15,5540,5540,5330,5400,31152,-0.02527075812274371
2023-05-16,5340,5410,5210,5270,28149,-0.024074074074074026
2023-05-17,5220,5460,5220,5450,30125,0.034155597722960174
2023-05-18,5550,5690,5520,5670,32688,0.04036697247706411
2023-05-19,5720,5720,5610,5680,20951,0.0017636684303350414
2023-05-22,5680,5720,5580,5650,12735,-0.005281690140845119
2023-05-23,5530,5670,5530,5640,21398,-0.001769911504424737
2023-05-24,5590,5650,5530,5630,19954,-0.0017730496453900457
2023-05-25,5640,5710,5540,5620,16563,-0.001776198934280604
2023-05-26,5630,5820,5540,5680,38126,0.01067615658362997
2023-05-30,5660,5750,5590,5680,24566,0.0
2023-05-31,5650,5840,5640,5720,36390,0.007042253521126751
2023-06-01,5720,5810,5680,5770,24629,0.00874125874125875
2023-06-02,5790,5810,5710,5800,25782,0.005199306759098743
2023-06-05,5830,5880,5740,5860,25891,0.010344827586206806
2023-06-07,5810,5890,5810,5840,17624,-0.0034129692832765013
2023-06-08,5860,5860,5730,5780,18042,-0.010273972602739767
2023-06-09,5820,6010,5790,6000,66236,0.03806228373702414
2023-06-12,6000,6010,5820,5850,44992,-0.025000000000000022
2023-06-13,5800,6010,5800,5990,48704,0.023931623931623847
2023-06-14,5990,5990,5770,5810,60055,-0.03005008347245408
2023-06-15,5770,5890,5770,5830,19832,0.0034423407917383297
2023-06-16,5830,6010,5830,5880,39072,0.00857632933104635
2023-06-19,5910,5930,5790,5850,29184,-0.005102040816326481
2023-06-20,5850,5860,5700,5830,32809,-0.0034188034188034067
2023-06-21,5760,5800,5630,5640,28168,-0.032590051457976
2023-06-22,5570,5860,5540,5640,72317,0.0
2023-06-23,5970,6080,5620,5770,174709,0.023049645390070816
2023-06-26,5760,6400,5720,5980,473311,0.03639514731369142
2023-06-27,5980,6080,5900,6000,70613,0.0033444816053511683
2023-06-28,5960,6100,5940,6000,43555,0.0
2023-06-29,5960,6020,5790,5860,40768,-0.023333333333333317
2023-06-30,5800,5890,5650,5780,22063,-0.013651877133105783
2023-07-03,6080,7510,6060,6790,4834992,0.17474048442906565
2023-07-04,6860,7190,6660,6720,967609,-0.010309278350515427
2023-07-05,6730,6810,6580,6810,411547,0.013392857142857206
2023-07-06,7300,7500,6900,7040,1573678,0.03377386196769461
2023-07-07,7000,7250,6880,7130,333482,0.012784090909090828
2023-07-10,7080,7840,7030,7080,2271086,-0.007012622720897643
2023-07-11,7190,7490,7060,7470,532152,0.05508474576271194
2023-07-12,7630,7640,7410,7550,373061,0.010709504685408211
2023-07-13,7550,8680,7450,8350,3709737,0.10596026490066235
2023-07-14,8400,8970,8300,8600,1646870,0.029940119760478945
2023-07-17,8550,9120,8550,9090,757986,0.05697674418604648
2023-07-18,9980,10620,9420,10320,3712373,0.13531353135313529
2023-07-19,10600,12750,10350,11530,5847752,0.11724806201550386
2023-07-20,11450,12150,11450,12150,469645,0.053772766695576735
2023-07-21,12090,12140,11830,11970,304842,-0.014814814814814836
2023-07-24,11980,12490,11740,12200,446785,0.019214703425229684
2023-07-25,12670,12680,9550,9700,2587040,-0.20491803278688525
2023-07-26,8950,9150,7450,8340,2062941,-0.14020618556701026
2023-07-27,8040,8380,6840,7040,2116702,-0.15587529976019188
2023-07-28,7000,8250,6990,7820,1967953,0.11079545454545459
2023-07-31,7910,8430,7400,8210,922668,0.04987212276214836
2023-08-01,8070,8480,7500,7570,1083030,-0.07795371498172965
2023-08-02,7360,7870,7200,7320,564260,-0.03302509907529727
2023-08-03,7230,7230,6900,7020,582702,-0.040983606557377095
2023-08-04,7160,7870,6350,6500,6305348,-0.07407407407407407
2023-08-07,6410,6420,5970,6080,757252,-0.06461538461538463
2023-08-08,5990,6140,5830,5970,284020,-0.018092105263157854
2023-08-09,5960,6030,5810,5980,199550,0.0016750418760469454
2023-08-10,5980,5980,5740,5850,186764,-0.021739130434782594
2023-08-11,5870,6250,5870,5990,296321,0.023931623931623847
2023-08-14,5990,6240,5890,6130,308499,0.023372287145241977
2023-08-16,6010,6010,5610,5630,274999,-0.08156606851549753
2023-08-17,5580,5640,5420,5610,150400,-0.003552397868561319
2023-08-18,5500,5600,5350,5570,123678,-0.007130124777183555
2023-08-21,5420,5780,5420,5620,118347,0.008976660682226134
2023-08-22,5640,5680,5440,5510,90464,-0.019572953736654797
2023-08-23,5440,5520,5380,5470,71727,-0.007259528130671544
2023-08-24,5470,5600,5460,5570,60555,0.018281535648994485
2023-08-25,5540,5540,5410,5480,58112,-0.016157989228007152
2023-08-28,5530,5640,5420,5620,65028,0.025547445255474477
2023-08-29,5630,5780,5560,5660,72648,0.007117437722419906
2023-08-30,5670,5740,5630,5690,52915,0.005300353356890497
2023-08-31,5740,5770,5610,5620,52809,-0.012302284710017597
2023-09-01,5600,5720,5590,5630,55423,0.001779359430605032
2023-09-04,5580,5670,5530,5580,64114,-0.008880994671403242
2023-09-05,5520,5600,5500,5530,43530,-0.008960573476702538
2023-09-06,5510,5600,5500,5580,35907,0.009041591320072317
2023-09-07,5580,5580,5380,5420,70703,-0.028673835125448077
2023-09-08,5350,5450,5350,5420,37406,0.0
2023-09-11,5420,5680,5360,5560,106224,0.02583025830258312
2023-09-12,5590,5630,5390,5390,62950,-0.030575539568345356
2023-09-13,5390,5470,5350,5410,40168,0.0037105751391466324
2023-09-14,5420,6490,5420,5810,4335847,0.0739371534195934
2023-09-15,5810,5970,5630,5740,534985,-0.012048192771084376
2023-09-18,5780,5890,5630,5800,307410,0.010452961672473782
2023-09-19,5780,5780,5590,5600,223006,-0.03448275862068961
2023-09-20,5600,5680,5430,5560,106855,-0.0071428571428571175
2023-09-21,5520,5540,5290,5350,120911,-0.03776978417266186
2023-09-22,5200,5420,5200,5260,97242,-0.016822429906542036
2023-09-25,5110,5290,5050,5110,58538,-0.028517110266159662
2023-09-26,5130,5180,5050,5180,49306,0.013698630136986356
2023-09-27,5120,5270,5120,5260,27263,0.015444015444015413
2023-10-04,5210,5260,4945,4955,87775,-0.05798479087452468
2023-10-05,4970,5950,4895,4900,2887196,-0.011099899091826404
2023-10-06,4880,5120,4805,5060,133521,0.03265306122448974
2023-10-10,5060,5140,4900,4930,101190,-0.025691699604743046
2023-10-11,4990,5120,4955,5070,52507,0.028397565922920975
2023-10-12,5040,5170,5040,5170,36023,0.019723865877712132
2023-10-13,5170,5170,4965,5040,50628,-0.025145067698259194
2023-10-16,5040,5040,4880,4975,61944,-0.012896825396825351
2023-10-17,4955,5070,4945,5010,41714,0.007035175879396949
2023-10-18,4950,5050,4950,4975,40419,-0.006986027944111739
2023-10-19,4925,4955,4765,4780,79786,-0.039195979899497524
2023-10-20,4745,4775,4570,4570,72176,-0.043933054393305415
2023-10-23,4570,4685,4400,4615,44017,0.009846827133479286
2023-10-24,4595,4745,4450,4745,49448,0.028169014084507005
2023-10-25,4770,4820,4705,4785,17723,0.008429926238145313
2023-10-26,4670,4785,4520,4590,39661,-0.040752351097178674
2023-10-27,4585,4715,4490,4615,36929,0.005446623093681824
2023-10-30,4570,4670,4520,4655,36917,0.008667388949079147
2023-10-31,4615,4730,4450,4450,47275,-0.04403866809881851
2023-11-01,4430,4625,4430,4500,42337,0.011235955056179803
2023-11-02,4525,4690,4525,4690,31651,0.04222222222222216
2023-11-03,4695,4790,4645,4785,33155,0.02025586353944564
2023-11-06,4800,4885,4760,4850,66999,0.013584117032392928
2023-11-07,4850,4870,4715,4820,21771,-0.006185567010309256
2023-11-08,4825,4870,4750,4810,37667,-0.0020746887966804906
2023-11-09,4810,4840,4740,4810,30376,0.0
2023-11-10,4725,5500,4615,4665,1692195,-0.03014553014553012
2023-11-13,4665,4780,4620,4690,144181,0.005359056806002238
2023-11-14,4650,4820,4650,4770,93718,0.017057569296375252
2023-11-15,4800,4915,4800,4855,100118,0.017819706498951815
2023-11-16,4880,4945,4845,4885,62846,0.006179196704428458
2023-11-17,4840,4985,4835,4895,73009,0.0020470829068577334
2023-11-20,4870,4930,4860,4900,51543,0.0010214504596526286
2023-11-21,4905,4970,4895,4920,45391,0.004081632653061273
2023-11-22,4940,4940,4880,4910,26091,-0.002032520325203291
2023-11-23,4880,4930,4855,4880,25835,-0.006109979633401208
2023-11-24,4900,4940,4875,4920,14690,0.008196721311475308
2023-11-27,4920,4920,4830,4860,30657,-0.012195121951219523
2023-11-28,4860,4890,4785,4835,39716,-0.005144032921810648
2023-11-29,4835,4865,4810,4845,32965,0.0020682523267838704
2023-11-30,4820,4945,4800,4935,53678,0.018575851393188847
2023-12-01,4905,4950,4860,4930,23099,-0.0010131712259371373
2023-12-04,4915,4960,4875,4940,23163,0.0020283975659229903
2023-12-05,4895,4970,4865,4915,44306,-0.005060728744939236
2023-12-06,4880,5110,4880,5090,79593,0.03560528992878953
2023-12-07,5090,5130,5040,5080,35786,-0.0019646365422396617
2023-12-08,5090,5140,5020,5080,53853,0.0
2023-12-11,5100,5120,5050,5100,36118,0.003937007874015741
2023-12-12,5100,5140,5010,5070,47477,-0.00588235294117645
2023-12-13,5090,5090,5010,5060,25296,-0.0019723865877712132
2023-12-14,5070,6570,5010,6570,5231337,0.29841897233201586
2023-12-15,7460,8540,6870,7200,14713093,0.09589041095890405
2023-12-18,7060,7440,6930,7200,2327413,0.0
2023-12-19,7900,8080,6780,6790,2792529,-0.056944444444444464
2023-12-20,6810,7350,6800,6890,2041365,0.014727540500736325
2023-12-21,6680,6830,6420,6470,588548,-0.06095791001451378
2023-12-22,6370,6430,6010,6170,783904,-0.04636785162287482
2023-12-26,6190,6210,6000,6110,261115,-0.00972447325769854
2023-12-27,6070,6200,6020,6120,275495,0.0016366612111293755
2023-12-28,6200,7170,6030,6670,7624974,0.08986928104575154
2024-01-02,6710,7380,6580,6830,3465412,0.02398800599700146
2024-01-03,6950,7080,6710,7080,1253784,0.03660322108345526
2024-01-04,7170,8890,6980,8310,17665258,0.17372881355932202
2024-01-05,8240,9310,8100,8390,10745161,0.00962695547533099
2024-01-08,8280,8570,7830,8000,2238986,-0.04648390941597136
2024-01-09,8780,9730,8410,8770,9656676,0.09624999999999995
2024-01-10,8690,8720,8020,8340,1483488,-0.04903078677309003
2024-01-11,9550,10380,8640,8800,17044693,0.05515587529976029
2024-01-12,8450,8580,7780,7810,1242762,-0.11250000000000004
2024-01-15,7580,7890,7440,7640,1106336,-0.0217669654289373
2024-01-16,8370,8400,7550,7550,2268774,-0.011780104712041939
2024-01-17,7490,7490,6650,6770,759589,-0.10331125827814569
2024-01-18,6740,7340,6580,7250,702757,0.07090103397341219
2024-01-19,7050,7300,7000,7080,337191,-0.02344827586206899
2024-01-22,7100,7100,6740,7000,284963,-0.011299435028248594
2024-01-23,7000,7440,6830,7440,606550,0.06285714285714294
2024-01-24,7210,7360,6770,6800,439328,-0.08602150537634412
2024-01-25,6750,6790,6380,6420,300553,-0.055882352941176494
2024-01-26,6410,7790,6410,7300,4246312,0.1370716510903427
2024-01-29,7150,7360,6760,6790,498854,-0.06986301369863013
2024-01-30,6810,6950,6520,6600,287927,-0.027982326951399128
2024-01-31,6470,6640,6360,6440,237249,-0.024242424242424288
2024-02-01,6300,6420,6210,6250,185937,-0.029503105590062084
2024-02-02,6250,6510,6230,6430,162343,0.028799999999999937
2024-02-05,6450,6450,6280,6310,89787,-0.018662519440124425
2024-02-06,6340,8050,6240,7260,7863978,0.1505546751188589
2024-02-07,7390,7720,7150,7200,1496098,-0.008264462809917328
2024-02-08,7050,7170,6860,7120,531041,-0.011111111111111072
2024-02-13,7010,7040,6790,6790,417186,-0.0463483146067416
2024-02-14,6650,6850,6550,6830,200875,0.00589101620029453
2024-02-15,6770,7250,6650,7010,763148,0.026354319180087904
2024-02-16,6990,7110,6810,7060,282794,0.007132667617689048
2024-02-19,7060,7290,7060,7070,328351,0.0014164305949009304
2024-02-20,7050,7530,6920,7260,1061652,0.026874115983026803
2024-02-21,7200,7360,7010,7050,324866,-0.02892561983471076
2024-02-22,7000,7210,6760,6850,325657,-0.028368794326241176
2024-02-23,6910,6950,6760,6810,182863,-0.005839416058394109
2024-02-26,6810,6870,6650,6860,146296,0.007342143906020615
2024-02-27,6860,6860,6590,6660,166157,-0.029154518950437303
2024-02-28,6630,7260,6620,7260,885570,0.09009009009009006
2024-02-29,7820,9430,7670,9430,9868921,0.29889807162534443
2024-03-04,10200,10260,9110,9240,8250371,-0.020148462354188768
2024-03-05,9000,9350,8810,9140,2385518,-0.010822510822510845
2024-03-06,8730,8940,8430,8520,1649813,-0.06783369803063455
2024-03-07,8390,8490,8060,8270,782202,-0.02934272300469487
2024-03-08,8200,8310,8000,8050,501113,-0.026602176541717037
2024-03-11,7930,8100,7850,7900,361167,-0.018633540372670843
2024-03-12,7880,8130,7800,8030,458746,0.016455696202531733
2024-03-13,8130,8140,7850,7910,281953,-0.01494396014943955
2024-03-14,7910,7990,7530,7610,357883,-0.03792667509481673
2024-03-15,7540,8200,7400,8090,2112956,0.06307490144546657
2024-03-18,7930,8340,7780,7940,800160,-0.018541409147095234
2024-03-19,7960,8100,7600,7770,352530,-0.021410579345088165
2024-03-20,7670,7780,7420,7480,216614,-0.03732303732303732
2024-03-21,7480,8070,7480,7660,958929,0.02406417112299475
2024-03-22,7670,7800,7540,7540,228070,-0.015665796344647487
2024-03-25,7590,8110,7420,7820,884715,0.037135278514588865
2024-03-26,7740,7740,7560,7590,234818,-0.02941176470588236
2024-03-27,7550,8040,7510,7540,545175,-0.006587615283267456
2024-03-28,7640,7720,7510,7660,167696,0.01591511936339529
2024-03-29,7780,8070,7630,7660,537881,0.0
2024-04-01,7650,7760,7540,7700,144612,0.005221932114882533
2024-04-02,7700,7700,7460,7460,169042,-0.03116883116883118
2024-04-03,7360,7450,6960,7050,248234,-0.05495978552278824
2024-04-04,7090,7220,7030,7160,92852,0.015602836879432536
2024-04-05,7080,7080,6910,7060,103066,-0.013966480446927387
2024-04-08,7000,7060,6710,6820,147764,-0.03399433427762044
2024-04-09,6750,6870,6680,6700,88323,-0.017595307917888547
2024-04-11,6600,6720,6530,6630,70599,-0.010447761194029903
2024-04-12,6670,6800,6570,6760,86492,0.019607843137254832
2024-04-15,6760,6830,6630,6790,73354,0.004437869822485174
2024-04-16,6720,8190,6350,6400,4358226,-0.05743740795287189
2024-04-17,6370,6520,6270,6340,268933,-0.009375000000000022
2024-04-18,6280,6640,6270,6610,208179,0.04258675078864349
2024-04-19,6610,7020,6290,6410,655971,-0.030257186081694365
2024-04-22,6490,6620,6380,6460,98392,0.007800312012480548
2024-04-23,6450,7680,6380,6660,3508682,0.030959752321981338
2024-04-24,6700,7060,6620,6880,811845,0.033033033033033066
2024-04-25,6790,6890,6670,6710,311693,-0.02470930232558144
2024-04-26,6810,7010,6750,6920,365830,0.03129657228017879
2024-04-29,6990,7020,6800,6930,168841,0.0014450867052022698
2024-04-30,6890,6930,6750,6830,128534,-0.01443001443001446
2024-05-02,6740,6900,6730,6840,108488,0.0014641288433381305
2024-05-03,6880,6980,6780,6790,141628,-0.007309941520467822
2024-05-07,6850,6970,6840,6880,137339,0.013254786450662692
2024-05-08,6880,6940,6850,6910,96028,0.0043604651162789665
2024-05-09,6920,7470,6870,7250,1077935,0.04920405209840806
2024-05-10,7180,7240,6960,7030,301733,-0.030344827586206935
2024-05-13,7010,7020,6850,6960,137485,-0.009957325746799417
2024-05-14,6930,7160,6920,7040,179793,0.011494252873563315
2024-05-16,7020,7070,6900,6950,102903,-0.01278409090909094
2024-05-17,6970,6990,6810,6810,94248,-0.020143884892086295
2024-05-20,6830,6870,6660,6730,97481,-0.011747430249632873
2024-05-21,6670,7010,6640,7010,148688,0.0416047548291234
2024-05-22,6910,6970,6740,6740,105815,-0.03851640513552068
2024-05-23,6760,6780,6650,6710,65873,-0.004451038575667643
2024-05-24,6700,6710,6450,6510,93174,-0.02980625931445602
2024-05-27,6520,6640,6410,6620,63463,0.016897081413210335
2024-05-28,6620,6650,6540,6620,26180,0.0
2024-05-29,6540,6650,6490,6560,50058,-0.009063444108761365
2024-05-30,6580,6590,6450,6480,42103,-0.012195121951219523
2024-05-31,6420,6560,6350,6370,67955,-0.016975308641975273
2024-06-03,6330,6590,6330,6420,88200,0.007849293563579218
2024-06-04,6350,6650,6300,6360,106724,-0.009345794392523366
2024-06-05,6390,6450,6300,6350,53075,-0.0015723270440252124
2024-06-07,6410,6800,6410,6580,242038,0.03622047244094495
2024-06-10,6580,6940,6420,6770,361861,0.028875379939209633
2024-06-11,6950,6990,6580,6630,177240,-0.020679468242245203
2024-06-12,6630,6680,6520,6610,65800,-0.003016591251885359
2024-06-13,6620,6750,6580,6710,78625,0.015128593040847127
2024-06-14,6640,6700,6570,6630,48135,-0.011922503725782407
2024-06-17,6660,6710,6500,6540,66708,-0.013574660633484115
2024-06-18,6500,6610,6470,6610,59176,0.010703363914372988
2024-06-19,6600,6630,6500,6540,36395,-0.010590015128593033
2024-06-20,6530,6580,6450,6510,61188,-0.004587155963302725
2024-06-21,6500,6550,6370,6370,55960,-0.021505376344086002
2024-06-24,6390,6410,6230,6370,62241,0.0
2024-06-25,6370,6460,6290,6450,33515,0.012558869701726927
2024-06-26,6450,6460,6290,6400,21095,-0.007751937984496138
2024-06-27,6480,6750,6320,6320,155996,-0.012499999999999956
2024-06-28,6310,6490,6310,6360,31503,0.006329113924050667
2024-07-01,6360,6380,6250,6290,39717,-0.011006289308176154
2024-07-02,6230,6280,5910,5930,115007,-0.05723370429252783
2024-07-03,5880,5960,5750,5830,75238,-0.016863406408094472
2024-07-04,5780,5870,5750,5820,34618,-0.0017152658662092923
2024-07-05,5770,5870,5750,5840,29581,0.0034364261168384758
2024-07-08,5750,5980,5750,5940,41718,0.017123287671232834
2024-07-09,5870,6030,5870,5910,23554,-0.005050505050505083
2024-07-10,5930,6080,5880,6080,22250,0.02876480541455151
2024-07-11,6070,6220,6010,6090,58907,0.00164473684210531
2024-07-12,6030,6090,5930,5930,16953,-0.026272577996715896
2024-07-15,5930,6080,5850,6020,44515,0.015177065767284947
2024-07-16,5960,6030,5860,5910,31221,-0.01827242524916939
2024-07-17,5860,5930,5850,5900,20323,-0.0016920473773265332
2024-07-18,5910,5910,5690,5800,36483,-0.016949152542372836
2024-07-19,5750,5760,5590,5730,78473,-0.012068965517241348
2024-07-22,5730,5730,5460,5600,59204,-0.022687609075043635
2024-07-23,5420,5620,5420,5600,38868,0.0
2024-07-24,5550,5630,5500,5550,17487,-0.008928571428571397
2024-07-25,5420,5540,5340,5500,47537,-0.009009009009009028
2024-07-26,5500,5560,5430,5560,28977,0.01090909090909098
2024-07-29,5430,5630,5430,5630,29416,0.012589928057553879
2024-07-30,5630,5630,5450,5500,30520,-0.023090586145648295
2024-07-31,5500,5510,5320,5500,46260,0.0
2024-08-01,5440,5560,5440,5560,17896,0.01090909090909098
2024-08-02,5400,5480,5230,5290,57345,-0.04856115107913672
2024-08-05,5250,5260,4260,4385,152572,-0.1710775047258979
2024-08-06,4000,4885,4000,4750,203540,0.08323831242873436
2024-08-07,4655,5000,4655,4910,56352,0.03368421052631576
2024-08-08,4760,4970,4760,4950,28484,0.008146639511201537
2024-08-09,4885,5060,4885,4985,28487,0.007070707070707005
2024-08-12,4960,5210,4945,5190,28385,0.04112337011033107
2024-08-13,5190,5250,5070,5200,38677,0.0019267822736031004
2024-08-14,5210,5330,5200,5300,23746,0.019230769230769162
2024-08-16,5300,5420,5240,5300,27420,0.0
2024-08-19,5300,5380,5220,5330,30607,0.005660377358490676
2024-08-20,5290,5590,5290,5480,58648,0.02814258911819878
2024-08-21,5470,5530,5420,5470,9151,-0.0018248175182481452
2024-08-22,5400,5510,5330,5380,22856,-0.01645338208409508
2024-08-23,5380,5380,5270,5320,15571,-0.01115241635687736
2024-08-26,5310,5330,5170,5270,17997,-0.009398496240601517
2024-08-27,5270,5320,5170,5270,9593,0.0
2024-08-28,5260,5510,5210,5360,58711,0.017077798861480087
2024-08-29,5310,5340,5180,5320,19206,-0.007462686567164201
2024-08-30,5270,5380,5270,5350,37491,0.005639097744360999
2024-09-02,5350,5350,5190,5270,13928,-0.01495327102803734
2024-09-03,5170,5310,5140,5140,19938,-0.024667931688804545
2024-09-04,4970,5170,4870,4995,75431,-0.02821011673151752
2024-09-05,5010,5060,4895,4920,26192,-0.01501501501501501
2024-09-06,4900,4975,4755,4840,56894,-0.016260162601625994
2024-09-09,4795,4850,4645,4850,27855,0.0020661157024792765
2024-09-10,4810,4860,4665,4740,30812,-0.02268041237113405
2024-09-11,4695,4780,4665,4720,33671,-0.00421940928270037
2024-09-12,4770,4860,4730,4860,26401,0.029661016949152463
2024-09-13,4890,4895,4790,4870,9231,0.002057613168724215
2024-09-19,4835,4980,4775,4855,24707,-0.0030800821355235763
2024-09-20,4855,6100,4855,5520,4835836,0.13697219361483004
2024-09-23,5200,5400,5200,5280,343658,-0.04347826086956519
2024-09-24,5200,5300,5140,5280,125502,0.0
2024-09-25,5240,5320,5150,5190,96260,-0.017045454545454586
2024-09-26,5210,5310,5180,5280,65783,0.01734104046242768
2024-09-27,5290,5300,5210,5300,50117,0.0037878787878788955
2024-09-30,5310,5310,5110,5140,74278,-0.030188679245283012
2024-10-02,5060,5160,4940,5070,37980,-0.013618677042801508
2024-10-04,5020,5130,4970,5080,28741,0.0019723865877712132
2024-10-07,5040,5230,5020,5230,21760,0.029527559055118058
2024-10-08,5200,5200,5120,5180,19656,-0.009560229445506718
2024-10-10,5190,5190,5070,5070,19496,-0.021235521235521193
2024-10-11,5350,6590,5100,6590,10159744,0.29980276134122286
2024-10-14,7460,7600,6540,6590,8945468,0.0
2024-10-15,6330,6510,6010,6010,1274174,-0.08801213960546284
2024-10-16,6010,6790,5500,5550,6379210,-0.0765391014975042
2024-10-17,5750,5930,5480,5480,1095501,-0.012612612612612595
2024-10-18,5410,5550,5170,5170,357606,-0.05656934306569339
2024-10-21,5100,5190,5010,5100,245564,-0.013539651837524147
2024-10-22,5070,5210,4925,4930,330197,-0.033333333333333326
2024-10-23,4930,5070,4865,4945,148694,0.0030425963488844854
2024-10-24,4940,4970,4875,4920,79075,-0.005055611729019249
2024-10-25,4920,5060,4880,4985,150065,0.013211382113821113
2024-10-28,4950,5350,4930,5020,415076,0.007021063189568633
2024-10-29,5020,5220,4975,5190,148954,0.03386454183266929
2024-10-30,5310,5310,5050,5110,134072,-0.015414258188824692
2024-10-31,5100,5290,4980,5120,109227,0.001956947162426559
2024-11-01,4985,5100,4970,5020,62314,-0.01953125
2024-11-04,4960,5110,4960,5100,48290,0.015936254980079667
2024-11-05,5060,5190,5060,5130,43131,0.00588235294117645
2024-11-06,5130,5270,5060,5160,73103,0.005847953216374213
2024-11-07,5170,5230,5020,5150,44044,-0.0019379844961240345
2024-11-08,5090,5230,5090,5150,46845,0.0
2024-11-11,5200,5630,5060,5210,567342,0.011650485436893288
2024-11-12,5170,5210,4950,4990,143050,-0.04222648752399227
2024-11-13,4945,5110,4830,4885,116042,-0.02104208416833664
2024-11-14,4890,5010,4830,4940,64548,0.011258955987717423
2024-11-15,4890,4940,4755,4910,61847,-0.006072874493927127
2024-11-18,4940,5390,4900,5060,513606,0.03054989816700604
2024-11-19,5060,5090,4960,4995,54408,-0.012845849802371578
2024-11-20,4995,5030,4975,5020,28948,0.005005005005005003
2024-11-21,5030,5030,4925,5000,30348,-0.003984063745019917
2024-11-22,5000,5060,4970,4985,30713,-0.0030000000000000027
2024-11-25,5000,5160,4985,5100,87637,0.02306920762286868
2024-11-26,5130,5140,5060,5100,34957,0.0
2024-11-27,5100,5220,5050,5180,91865,0.015686274509803866
2024-11-28,5180,5250,5130,5200,68600,0.0038610038610038533
2024-11-29,5210,5220,5080,5080,50514,-0.023076923076923106
2024-12-02,5130,5180,5020,5100,53319,0.003937007874015741
2024-12-03,5060,5160,5060,5100,42041,0.0
2024-12-04,5010,5050,4860,4960,86830,-0.027450980392156876
2024-12-05,4990,5270,4800,4850,167832,-0.022177419354838745
2024-12-06,4855,4875,4565,4730,79257,-0.024742268041237137
2024-12-09,4625,4625,4300,4360,88929,-0.07822410147991543
2024-12-10,4310,4715,4310,4710,71743,0.08027522935779818
2024-12-11,4650,4955,4650,4950,110008,0.05095541401273884
2024-12-12,4970,4990,4865,4950,37304,0.0
2024-12-13,4900,5110,4900,5050,56454,0.02020202020202011
2024-12-16,5130,5240,5040,5160,73606,0.0217821782178218
2024-12-17,5180,5180,5040,5150,41372,-0.0019379844961240345
2024-12-18,5110,5170,5050,5150,31838,0.0
2024-12-19,5110,5110,4910,5060,41218,-0.01747572815533982
2024-12-20,5030,5030,4810,4830,58130,-0.045454545454545414
2024-12-23,4770,4945,4770,4945,26427,0.023809523809523725
2024-12-24,4900,4945,4870,4940,11462,-0.0010111223458038054
2024-12-26,4960,4960,4815,4845,20696,-0.019230769230769273
2024-12-27,4780,4855,4690,4795,28082,-0.01031991744066052
2024-12-30,4710,4860,4710,4850,14534,0.011470281543274341
2025-01-02,4800,4975,4785,4975,19608,0.025773195876288568
2025-01-03,4975,4995,4930,4965,12178,-0.0020100502512563345
2025-01-06,4995,5050,4915,5040,34867,0.015105740181268867
2025-01-07,5040,5420,4960,5010,176530,-0.005952380952380931
2025-01-08,5010,5050,4970,5040,35105,0.0059880239520957446
2025-01-09,5010,5040,4965,5030,26852,-0.001984126984126977
2025-01-10,4980,5080,4980,5030,15979,0.0
2025-01-13,5050,5050,4940,5010,25700,-0.003976143141153132
2025-01-14,4990,5040,4805,5000,35989,-0.001996007984031989
2025-01-15,4935,5130,4935,5130,86579,0.026000000000000023
2025-01-16,5140,5160,5050,5140,48995,0.0019493177387914784
2025-01-17,5090,5210,5090,5190,60428,0.009727626459143934
2025-01-20,5180,5190,5060,5110,37668,-0.015414258188824692
2025-01-21,5040,5090,4990,5060,49272,-0.009784735812133127
2025-01-22,5030,5060,4965,4965,42043,-0.018774703557312256
2025-01-23,4950,4960,4830,4905,29466,-0.012084592145015116
2025-01-24,4905,4910,4790,4890,46435,-0.003058103975535187
2025-01-31,4890,4890,4795,4875,52369,-0.0030674846625766694
2025-02-03,4825,4870,4680,4720,77446,-0.03179487179487184
2025-02-04,4720,4920,4720,4880,41327,0.03389830508474567
2025-02-05,4870,5070,4855,5050,57815,0.0348360655737705
2025-02-06,5040,5040,4945,5040,31571,-0.001980198019801982
2025-02-07,5050,5050,4930,4980,18202,-0.011904761904761862
2025-02-10,4980,4980,4855,4890,25915,-0.01807228915662651
2025-02-11,4910,4910,4855,4855,25625,-0.007157464212678932
2025-02-12,4955,5690,4930,5500,4732705,0.13285272914521107
2025-02-13,5310,5470,5100,5100,644548,-0.07272727272727275
2025-02-14,5120,5190,5040,5100,181432,0.0
2025-02-17,5090,5190,5050,5190,128434,0.01764705882352935
2025-02-18,5250,5260,5120,5180,128672,-0.0019267822736031004
2025-02-19,5180,5500,5180,5440,276527,0.05019305019305009
2025-02-20,5400,5710,5120,5250,421436,-0.03492647058823528
2025-02-21,5260,5440,5180,5440,173326,0.036190476190476106
2025-02-24,5360,5650,5250,5650,385263,0.03860294117647056
2025-02-25,6500,6990,5560,5570,11122880,-0.01415929203539823
2025-02-26,5580,5760,5510,5550,564939,-0.0035906642728904536
2025-02-27,5530,5530,5360,5430,302199,-0.021621621621621623
2025-02-28,5290,5500,5190,5380,373534,-0.009208103130755041
2025-03-04,5280,5320,5130,5190,157287,-0.03531598513011147
2025-03-05,5180,5300,5150,5300,112143,0.021194605009633882
2025-03-06,5360,5360,5220,5300,72912,0.0
2025-03-07,5220,5400,5170,5240,113557,-0.01132075471698113
2025-03-10,5250,5290,5120,5140,79484,-0.01908396946564883
2025-03-11,5030,5120,4955,5110,72291,-0.005836575875486361
2025-03-12,5070,5150,5070,5140,34033,0.005870841487279899
2025-03-13,5170,5205,5100,5160,33070,0.0038910505836575737
2025-03-14,5170,5470,5130,5220,330816,0.011627906976744207
2025-03-17,5220,5270,5180,5220,50940,0.0
2025-03-18,5220,5260,5190,5200,50590,-0.003831417624521105
2025-03-19,5200,5260,5160,5260,45269,0.011538461538461497
2025-03-20,5270,5290,5130,5150,45003,-0.020912547528517123
2025-03-21,5150,5190,5070,5150,52946,0.0
2025-03-24,5150,5220,5090,5140,47253,-0.001941747572815511
2025-03-25,5080,5580,5050,5280,775921,0.027237354085603016
2025-03-26,5250,5290,5140,5160,193097,-0.022727272727272707
2025-03-27,5100,5180,5020,5040,129039,-0.023255813953488413
2025-03-28,5040,5040,4905,4925,104464,-0.022817460317460347
2025-03-31,4870,4870,4700,4700,86885,-0.045685279187817285
2025-04-01,4680,4905,4680,4885,70070,0.03936170212765955
2025-04-02,4840,4885,4765,4810,42943,-0.015353121801433
2025-04-03,4805,4830,4715,4805,20565,-0.0010395010395010118
2025-04-04,4665,4860,4665,4815,60190,0.0020811654526535772
2025-04-07,4795,4795,4635,4680,50899,-0.028037383177570097
2025-04-08,4685,4785,4685,4725,40160,0.009615384615384581
2025-04-09,4695,4750,4660,4700,59204,-0.005291005291005346
2025-04-10,4770,4925,4770,4910,89256,0.044680851063829685
2025-04-11,4915,5310,4910,5090,346997,0.03665987780040725
2025-04-14,5390,5520,5240,5330,551631,0.047151277013752546
2025-04-15,5480,5780,5290,5390,664247,0.011257035647279645
2025-04-16,5700,6150,5250,5320,1806357,-0.012987012987012991
2025-04-17,5210,5430,5210,5400,172801,0.015037593984962516
2025-04-18,5400,5880,5340,5800,1200520,0.07407407407407418
2025-04-21,6080,7540,5850,7540,4273808,0.30000000000000004
2025-04-22,7720,8700,6550,6710,10415656,-0.11007957559681703
2025-04-23,6710,6800,6170,6170,914454,-0.0804769001490313
2025-04-24,6230,6380,6030,6060,685105,-0.017828200972447306
2025-04-25,6060,6420,5980,6290,939945,0.037953795379537913
2025-04-28,6190,6220,5750,5820,455042,-0.07472178060413359
2025-04-29,5820,6060,5670,5950,297186,0.022336769759450092
2025-04-30,5910,6040,5780,5840,189411,-0.01848739495798324
2025-05-02,5840,5930,5590,5810,135573,-0.005136986301369828
2025-05-07,5810,6130,5810,6040,261366,0.03958691910499135
2025-05-08,6040,6110,5940,6050,119877,0.0016556291390728006
2025-05-09,6080,6080,5900,5990,102181,-0.00991735537190086
2025-05-12,5950,6180,5950,6080,157905,0.015025041736226985
2025-05-13,6120,6300,6010,6260,324356,0.02960526315789469
2025-05-14,6250,6250,6030,6080,177555,-0.028753993610223683
2025-05-15,6130,6130,5830,6120,102477,0.006578947368421018
2025-05-16,5990,6030,5730,5860,167455,-0.042483660130718914
2025-05-19,5760,5870,5730,5810,87445,-0.008532423208191142
2025-05-20,5740,5980,5680,5780,205765,-0.005163511187607606
2025-05-21,5780,5870,5670,5780,75019,0.0
2025-05-22,5780,5780,5640,5680,99503,-0.01730103806228378
2025-05-23,5650,5730,5600,5600,104133,-0.014084507042253502
2025-05-26,5560,5710,5550,5660,59910,0.010714285714285676
2025-05-27,5610,5680,5510,5540,83873,-0.021201413427561877
2025-05-28,5540,5730,5520,5680,80956,0.025270758122743597
2025-05-29,5700,5720,5630,5720,26415,0.007042253521126751
2025-05-30,5670,5730,5620,5700,50000,-0.0034965034965035446
2025-06-02,5650,5850,5650,5760,70318,0.010526315789473717
2025-06-04,5760,6050,5750,5970,178382,0.03645833333333326
2025-06-05,6080,6500,5970,6390,930688,0.07035175879396993
2025-06-09,6570,6730,6390,6460,619894,0.010954616588419341
2025-06-10,6460,6490,6300,6380,186407,-0.012383900928792602
2025-06-11,6470,6490,6340,6430,178084,0.00783699059561127
2025-06-12,6440,6450,6270,6310,129332,-0.018662519440124425
2025-06-13,6310,6330,6050,6140,123066,-0.02694136291600635
2025-06-16,6140,6260,6070,6200,79269,0.009771986970684043
2025-06-17,6230,6330,6100,6200,132950,0.0
2025-06-18,6170,6350,6120,6270,142767,0.011290322580645107
2025-06-19,6440,6460,6270,6340,160390,0.011164274322169154
2025-06-20,6280,6450,6220,6450,124489,0.017350157728706517
2025-06-23,6360,6520,6260,6320,180976,-0.020155038759689936
2025-06-24,6350,6490,6320,6450,138681,0.020569620253164667
2025-06-25,6520,6520,6270,6380,105154,-0.010852713178294615
2025-06-26,6380,6380,6070,6070,105764,-0.048589341692789945
2025-06-27,6070,6120,5830,6040,73217,-0.0049423393739703725
2025-06-30,5970,6060,5940,6050,43120,0.0016556291390728006
2025-07-01,6030,6150,6010,6110,54835,0.009917355371900749
2025-07-02,6050,6050,5880,5980,73132,-0.021276595744680882
2025-07-03,5980,6090,5920,6030,46081,0.008361204013378032
2025-07-04,6030,6030,5890,5910,49761,-0.01990049751243783
2025-07-07,5910,5990,5830,5920,32433,0.0016920473773265332
2025-07-08,5890,6010,5880,6010,22405,0.01520270270270263
2025-07-09,6010,6200,5940,6180,74195,0.028286189683860208
2025-07-10,6190,6300,6150,6290,45798,0.017799352750809128
2025-07-11,6290,6370,6250,6330,45627,0.006359300476947549
2025-07-14,6360,6650,6250,6640,340865,0.048973143759873716
2025-07-15,6550,6760,6440,6480,165149,-0.02409638554216864
2025-07-16,6480,6480,6020,6250,228544,-0.035493827160493874
2025-07-17,6230,6270,6100,6230,72209,-0.0031999999999999806
2025-07-18,6180,6200,6110,6170,69314,-0.009630818619582704
2025-07-21,6390,6610,6270,6320,362009,0.024311183144246407
2025-07-22,6880,7480,6540,6690,5693614,0.058544303797468444
2025-07-23,6430,6890,6430,6560,514284,-0.019431988041853532
2025-07-24,6630,7010,6530,6530,627186,-0.004573170731707266
2025-07-25,6480,6750,6400,6580,202036,0.007656967840734996
2025-07-28,6710,6910,6550,6570,305231,-0.001519756838905817
2025-07-29,6600,6610,6390,6530,123889,-0.0060882800608828
2025-07-30,6530,6630,6430,6520,104637,-0.0015313935681470214
2025-07-31,6590,6980,6550,6950,381578,0.06595092024539873
2025-08-01,6840,7250,6610,7090,619236,0.020143884892086295
2025-08-04,7230,9190,6700,7400,15485701,0.0437235543018335
2025-08-05,7400,7490,6810,6890,1464530,-0.06891891891891888
2025-08-06,6880,6880,6280,6400,819046,-0.0711175616835994
2025-08-07,6400,6700,6360,6620,513270,0.034375000000000044
2025-08-08,6560,6840,6490,6570,333106,-0.007552870090634434
2025-08-11,6530,6620,6480,6580,147813,0.0015220700152207556
2025-08-12,6560,6970,6560,6720,413184,0.02127659574468077
2025-08-13,6790,7000,6680,6690,257329,-0.004464285714285698
2025-08-14,6650,6880,6620,6740,171618,0.007473841554558991
2025-08-18,6750,6830,6530,6640,109655,-0.014836795252225476
2025-08-19,6660,7050,6570,6630,291630,-0.001506024096385561
2025-08-20,6570,6570,6380,6470,111064,-0.02413273001508298
2025-08-21,6410,6580,6380,6480,83602,0.0015455950540959051
2025-08-22,6480,6640,6420,6540,60385,0.0092592592592593
2025-08-25,6560,6730,6450,6600,155522,0.00917431192660545
2025-08-26,6510,6590,6230,6280,219962,-0.048484848484848464
2025-08-27,6320,6330,6160,6260,64543,-0.0031847133757961776
2025-08-28,6200,6490,6180,6290,124218,0.004792332268370503
2025-08-29,6270,6350,6230,6350,52688,0.009538950715421324
2025-09-01,6330,6330,6130,6200,44518,-0.023622047244094446
2025-09-02,6230,6270,6150,6220,46643,0.003225806451612856
2025-09-03,6230,6240,6090,6220,56398,0.0
2025-09-04,6250,6320,6180,6260,28720,0.006430868167202508
2025-09-05,6240,6350,6240,6270,38585,0.0015974440894568342
2025-09-08,6250,6380,6220,6360,37374,0.014354066985645897
2025-09-09,6360,6500,6310,6490,100965,0.020440251572326984
2025-09-10,6490,6550,6450,6540,69786,0.007704160246533087
2025-09-11,6570,6640,6470,6540,146000,0.0
2025-09-12,6570,6610,6520,6570,63943,0.004587155963302836
2025-09-15,6570,6580,6420,6470,55349,-0.015220700152207
2025-09-16,6480,6490,6330,6330,60097,-0.021638330757341562
2025-09-17,6320,6390,6260,6390,35324,0.009478672985782088
2025-09-18,6370,6500,6350,6470,72335,0.012519561815336422
2025-09-19,6440,6500,6370,6370,27749,-0.015455950540958274
2025-09-22,6370,6370,6250,6310,40564,-0.009419152276295084
2025-09-23,6320,6360,6220,6250,49025,-0.009508716323296307
2025-09-24,6230,6270,6110,6120,55249,-0.02080000000000004
2025-09-25,6140,6210,5980,6120,104407,0.0
2025-09-26,6120,6120,5960,6060,61441,-0.009803921568627416
2025-09-29,6060,6140,5980,6080,44209,0.0033003300330032292
2025-09-30,6090,6140,5970,5990,45654,-0.014802631578947345
2025-10-01,6010,6030,5840,5930,64590,-0.01001669449081799
2025-10-02,5910,6040,5910,6020,28649,0.015177065767284947
2025-10-10,6020,6030,5840,5980,73973,-0.006644518272425293
2025-10-13,5810,5980,5810,5960,26395,-0.0033444816053511683
2025-10-14,5980,6030,5830,5940,61868,-0.003355704697986628
2025-10-15,5940,5970,5890,5970,33758,0.005050505050504972
2025-10-16,5950,5970,5830,5840,77365,-0.021775544388609736
2025-10-17,5840,5860,5650,5680,73009,-0.0273972602739726
2025-10-20,5680,5840,5680,5820,28457,0.02464788732394374
2025-10-21,5750,5950,5750,5810,43289,-0.0017182130584192379
2025-10-22,5770,5780,5660,5750,37277,-0.0103270223752151
2025-10-23,5760,5840,5680,5700,35464,-0.008695652173912993
2025-10-24,5720,5750,5570,5590,60041,-0.019298245614035037
2025-10-27,5640,5830,5600,5790,62154,0.035778175313059046
2025-10-28,5780,5880,5700,5740,56240,-0.008635578583765069
2025-10-29,5740,5800,5630,5670,34645,-0.012195121951219523
2025-10-30,5630,5730,5410,5510,89680,-0.02821869488536155
2025-10-31,5460,5590,5430,5570,42242,0.010889292196007316
2025-11-03,5640,5650,5440,5450,58707,-0.021543985637342944
2025-11-04,5410,5500,5360,5440,54536,-0.0018348623853210455
2025-11-05,5280,5640,5150,5480,141361,0.007352941176470562
2025-11-06,5440,5590,5380,5500,27096,0.0036496350364962904
2025-11-07,5440,6850,5350,5950,8835737,0.08181818181818179
2025-11-10,5950,6290,5850,5850,883065,-0.01680672268907568
2025-11-11,5870,5960,5640,5700,324333,-0.02564102564102566
2025-11-12,5670,5960,5670,5840,221221,0.024561403508772006
2025-11-13,5830,5980,5760,5780,144864,-0.010273972602739767
2025-11-14,5700,5860,5700,5720,110375,-0.01038062283737029
2025-11-17,5760,5810,5660,5710,83320,-0.0017482517482517723
2025-11-18,5630,5700,5450,5520,123323,-0.03327495621716292
2025-11-19,5480,5590,5390,5510,98427,-0.0018115942028985588
2025-11-20,5520,5690,5510,5660,66159,0.02722323049001818
2025-11-21,5540,5570,5490,5570,42981,-0.01590106007067138
2025-11-24,5580,5660,5470,5590,36680,0.0035906642728904536
2025-11-25,5660,5920,5600,5600,244528,0.0017889087656528524
