Date,Open,High,Low,Close,Volume,Change
2022-01-03,1370,1405,1370,1395,129417,0.018248175182481674
2022-01-04,1405,1405,1380,1395,279281,0.0
2022-01-05,1400,1445,1380,1425,622294,0.021505376344086002
2022-01-06,1395,1410,1340,1340,316846,-0.05964912280701751
2022-01-07,1335,1405,1335,1400,229579,0.04477611940298498
2022-01-10,1405,1420,1385,1390,139714,-0.0071428571428571175
2022-01-11,1380,1385,1300,1320,173929,-0.05035971223021585
2022-01-12,1320,1355,1315,1350,145167,0.022727272727272707
2022-01-13,1355,1385,1340,1365,151949,0.011111111111111072
2022-01-14,1360,1360,1310,1310,154168,-0.04029304029304026
2022-01-17,1310,1310,1225,1250,221408,-0.04580152671755722
2022-01-18,1235,1250,1200,1220,130835,-0.02400000000000002
2022-01-19,1215,1220,1180,1210,73600,-0.008196721311475419
2022-01-20,1205,1230,1190,1225,124047,0.012396694214876103
2022-01-21,1240,1250,1225,1230,65072,0.004081632653061273
2022-01-24,1220,1220,1145,1185,94758,-0.03658536585365857
2022-01-25,1175,1180,1105,1115,125991,-0.05907172995780585
2022-01-26,1115,1150,1110,1125,80179,0.008968609865470878
2022-01-27,1140,1145,1070,1090,172349,-0.03111111111111109
2022-01-28,1090,1145,1080,1145,70233,0.050458715596330306
2022-02-03,1155,1195,1155,1165,123707,0.017467248908296984
2022-02-04,1185,1245,1175,1225,187757,0.05150214592274671
2022-02-07,1235,1245,1210,1235,118630,0.008163265306122547
2022-02-08,1240,1280,1210,1235,109274,0.0
2022-02-09,1235,1260,1200,1225,58756,-0.0080971659919028
2022-02-10,1235,1270,1220,1250,62011,0.020408163265306145
2022-02-11,1245,1245,1220,1220,66190,-0.02400000000000002
2022-02-14,1195,1200,1160,1165,122182,-0.04508196721311475
2022-02-15,1145,1165,1125,1135,73845,-0.025751072961373356
2022-02-16,1135,1190,1120,1165,200351,0.026431718061673992
2022-02-17,1190,1230,1185,1215,131707,0.0429184549356223
2022-02-18,1225,1230,1205,1220,100265,0.004115226337448652
2022-02-21,1220,1330,1195,1230,342582,0.008196721311475308
2022-02-22,1220,1225,1185,1210,89678,-0.016260162601625994
2022-02-23,1195,1235,1190,1215,105195,0.004132231404958775
2022-02-24,1220,1325,1215,1280,707513,0.053497942386831365
2022-02-25,1280,1345,1260,1295,160622,0.01171875
2022-02-28,1300,1320,1275,1315,138543,0.015444015444015413
2022-03-02,1315,1330,1295,1320,127503,0.0038022813688212143
2022-03-03,1310,1330,1285,1295,102298,-0.018939393939393923
2022-03-04,1295,1305,1260,1280,71439,-0.01158301158301156
2022-03-07,1280,1280,1240,1240,57879,-0.03125
2022-03-08,1205,1270,1190,1195,138043,-0.03629032258064513
2022-03-10,1205,1240,1205,1220,60740,0.02092050209205021
2022-03-11,1240,1255,1230,1240,60085,0.016393442622950838
2022-03-14,1245,1260,1215,1215,105743,-0.020161290322580627
2022-03-15,1200,1210,1180,1190,86799,-0.020576131687242816
2022-03-16,1195,1220,1190,1220,73530,0.025210084033613356
2022-03-17,1235,1260,1235,1245,73232,0.020491803278688492
2022-03-18,1260,1260,1220,1230,77846,-0.012048192771084376
2022-03-21,1235,1285,1230,1255,156954,0.020325203252032464
2022-03-22,1255,1290,1250,1265,67819,0.007968127490039834
2022-03-23,1265,1305,1240,1290,277523,0.01976284584980248
2022-03-24,1290,1300,1270,1285,107740,-0.003875968992248069
2022-03-25,1300,1350,1285,1310,168554,0.01945525291828787
2022-03-28,1310,1330,1300,1330,64108,0.01526717557251911
2022-03-29,1330,1340,1290,1320,144720,-0.007518796992481258
2022-03-30,1320,1325,1290,1305,87770,-0.011363636363636354
2022-03-31,1305,1345,1305,1335,99964,0.02298850574712641
2022-04-01,1335,1385,1330,1365,302474,0.022471910112359605
2022-04-04,1365,1385,1335,1370,330524,0.00366300366300365
2022-04-05,1370,1390,1355,1360,97894,-0.007299270072992692
2022-04-06,1360,1370,1340,1350,74836,-0.007352941176470562
2022-04-07,1340,1355,1325,1345,170522,-0.0037037037037036535
2022-04-08,1330,1355,1330,1355,119000,0.0074349442379182396
2022-04-11,1345,1350,1295,1295,105361,-0.044280442804428
2022-04-12,1280,1310,1265,1275,97019,-0.015444015444015413
2022-04-13,1280,1295,1265,1265,96026,-0.007843137254901933
2022-04-14,1280,1300,1270,1290,111854,0.01976284584980248
2022-04-15,1290,1305,1260,1280,107993,-0.007751937984496138
2022-04-18,1270,1280,1260,1270,105761,-0.0078125
2022-04-19,1260,1290,1250,1290,98179,0.015748031496062964
2022-04-20,1295,1310,1270,1280,96659,-0.007751937984496138
2022-04-21,1285,1300,1280,1290,35715,0.0078125
2022-04-22,1290,1295,1260,1275,82960,-0.011627906976744207
2022-04-25,1245,1255,1220,1230,93647,-0.03529411764705881
2022-04-26,1225,1255,1225,1250,73902,0.016260162601626105
2022-04-27,1225,1225,1200,1215,96554,-0.028000000000000025
2022-04-28,1215,1235,1195,1205,61195,-0.008230452674897082
2022-04-29,1205,1235,1205,1210,72166,0.004149377593360981
2022-05-02,1210,1230,1195,1210,123375,0.0
2022-05-03,1210,1295,1210,1235,114458,0.02066115702479343
2022-05-04,1240,1270,1225,1250,132537,0.012145748987854255
2022-05-06,1235,1240,1220,1230,93342,-0.016000000000000014
2022-05-09,1215,1225,1205,1205,58859,-0.020325203252032575
2022-05-10,1165,1190,1140,1170,132143,-0.02904564315352698
2022-05-11,1170,1170,1150,1160,98267,-0.008547008547008517
2022-05-12,1155,1190,1135,1175,118818,0.012931034482758674
2022-05-13,1160,1195,1160,1190,61807,0.012765957446808418
2022-05-16,1195,1200,1165,1170,59568,-0.01680672268907568
2022-05-17,1200,1520,1200,1520,21837586,0.2991452991452992
2022-05-18,1540,1925,1455,1715,41035517,0.12828947368421062
2022-05-19,1730,1875,1680,1715,12854788,0.0
2022-05-20,1740,1785,1680,1715,3510871,0.0
2022-05-23,1790,1860,1695,1765,3622320,0.029154518950437414
2022-05-24,1785,1785,1695,1755,1299491,-0.005665722379603388
2022-05-25,1765,2020,1725,1750,8658510,-0.002849002849002802
2022-05-26,1780,1840,1725,1760,1764612,0.005714285714285783
2022-05-27,1740,1800,1680,1680,1055801,-0.045454545454545414
2022-05-30,1675,1695,1640,1690,992766,0.005952380952380931
2022-05-31,1675,1695,1615,1645,683047,-0.026627218934911268
2022-06-02,1640,1655,1575,1605,1130270,-0.024316109422492405
2022-06-03,1605,1670,1580,1665,1015381,0.03738317757009346
2022-06-07,1665,1740,1620,1740,1239247,0.04504504504504503
2022-06-08,1720,1740,1695,1740,746559,0.0
2022-06-09,1740,1745,1630,1690,853341,-0.028735632183908066
2022-06-10,1685,1685,1630,1675,347613,-0.00887573964497046
2022-06-13,1660,1660,1545,1575,564585,-0.05970149253731338
2022-06-14,1525,1575,1455,1560,533908,-0.00952380952380949
2022-06-15,1560,1595,1455,1495,392252,-0.04166666666666663
2022-06-16,1510,1570,1495,1510,252189,0.010033444816053505
2022-06-17,1470,1470,1400,1450,718013,-0.039735099337748325
2022-06-20,1470,1480,1340,1365,447278,-0.05862068965517242
2022-06-21,1380,1440,1350,1440,379064,0.05494505494505497
2022-06-22,1455,1465,1340,1400,545271,-0.02777777777777779
2022-06-23,1390,1410,1250,1270,853795,-0.09285714285714286
2022-06-24,1270,1325,1265,1310,199324,0.03149606299212593
2022-06-27,1355,1380,1320,1365,165626,0.041984732824427384
2022-06-28,1375,1430,1370,1400,219942,0.02564102564102555
2022-06-29,1400,1465,1390,1455,311011,0.03928571428571437
2022-06-30,1455,1465,1320,1380,276329,-0.05154639175257736
2022-07-01,1370,1405,1315,1355,292371,-0.018115942028985477
2022-07-04,1355,1390,1300,1320,245187,-0.02583025830258301
2022-07-05,1320,1380,1320,1380,139074,0.045454545454545414
2022-07-06,1395,1420,1370,1400,247274,0.01449275362318847
2022-07-07,1400,1445,1400,1430,166733,0.021428571428571352
2022-07-08,1440,1450,1395,1395,144413,-0.02447552447552448
2022-07-11,1400,1550,1400,1530,1649876,0.09677419354838701
2022-07-12,1525,1530,1450,1450,656672,-0.05228758169934644
2022-07-13,1450,1600,1450,1550,1626887,0.06896551724137923
2022-07-14,1555,1570,1505,1565,592695,0.00967741935483879
2022-07-15,1565,1565,1460,1505,551132,-0.03833865814696491
2022-07-18,1505,1525,1440,1515,330373,0.006644518272425293
2022-07-19,1515,1545,1480,1525,252175,0.0066006600660066805
2022-07-20,1540,1610,1495,1520,654882,-0.003278688524590123
2022-07-21,1525,1545,1490,1535,252813,0.009868421052631637
2022-07-22,1535,1535,1495,1525,218175,-0.006514657980456029
2022-07-25,1525,1605,1495,1590,969943,0.042622950819672045
2022-07-26,1590,1590,1530,1540,457244,-0.03144654088050314
2022-07-27,1520,1555,1515,1535,190550,-0.0032467532467532756
2022-07-28,1550,1570,1505,1510,291759,-0.016286644951140072
2022-07-29,1510,1530,1430,1450,494360,-0.039735099337748325
2022-08-01,1465,1510,1455,1505,279226,0.037931034482758585
2022-08-02,1510,1515,1480,1495,190896,-0.006644518272425293
2022-08-03,1485,1510,1460,1500,136020,0.0033444816053511683
2022-08-04,1505,1580,1505,1555,467210,0.036666666666666625
2022-08-05,1555,1565,1535,1565,205956,0.006430868167202508
2022-08-08,1570,1645,1545,1615,602507,0.03194888178913735
2022-08-09,1610,1645,1550,1595,274270,-0.012383900928792602
2022-08-10,1595,1595,1550,1565,138800,-0.018808777429467072
2022-08-11,1565,1625,1560,1590,229800,0.015974440894568787
2022-08-12,1600,1635,1590,1625,201474,0.022012578616352307
2022-08-16,1630,1680,1610,1645,514709,0.012307692307692353
2022-08-17,1635,1635,1435,1450,1579092,-0.1185410334346505
2022-08-18,1440,1475,1420,1465,394375,0.010344827586206806
2022-08-19,1465,1500,1450,1460,326779,-0.0034129692832765013
2022-08-22,1445,1450,1420,1450,193399,-0.006849315068493178
2022-08-23,1410,1430,1380,1380,237599,-0.0482758620689655
2022-08-24,1380,1425,1375,1420,196604,0.02898550724637672
2022-08-25,1435,1445,1425,1435,93221,0.010563380281690238
2022-08-26,1435,1475,1420,1420,209322,-0.010452961672473893
2022-08-29,1365,1385,1330,1375,289021,-0.03169014084507038
2022-08-30,1355,1420,1355,1420,161913,0.032727272727272716
2022-08-31,1420,1450,1370,1390,231365,-0.021126760563380254
2022-09-01,1390,1415,1370,1375,270195,-0.010791366906474864
2022-09-02,1365,1425,1355,1375,242287,0.0
2022-09-05,1360,1405,1355,1380,182546,0.0036363636363636598
2022-09-06,1365,1410,1350,1390,136230,0.007246376811594235
2022-09-07,1400,1400,1350,1360,178442,-0.021582733812949617
2022-09-08,1360,1415,1345,1375,174226,0.011029411764705843
2022-09-13,1380,1410,1380,1410,100108,0.025454545454545396
2022-09-14,1380,1400,1350,1385,153586,-0.01773049645390068
2022-09-15,1385,1405,1365,1375,165914,-0.0072202166064981865
2022-09-16,1370,1385,1355,1375,146329,0.0
2022-09-19,1370,1370,1280,1285,232645,-0.06545454545454543
2022-09-20,1285,1325,1285,1300,130422,0.011673151750972721
2022-09-21,1300,1355,1295,1350,82904,0.03846153846153855
2022-09-22,1350,1350,1295,1335,109136,-0.011111111111111072
2022-09-23,1335,1335,1280,1295,91544,-0.029962546816479363
2022-09-26,1250,1265,1190,1200,199718,-0.07335907335907332
2022-09-27,1190,1210,1165,1175,110870,-0.02083333333333337
2022-09-28,1175,1195,1130,1145,107348,-0.025531914893617058
2022-09-29,1155,1195,1145,1150,74206,0.004366812227074135
2022-09-30,1135,1155,1105,1155,103326,0.004347826086956497
2022-10-04,1155,1180,1140,1180,151723,0.02164502164502169
2022-10-05,1180,1205,1130,1135,173744,-0.03813559322033899
2022-10-06,1150,1215,1145,1185,170178,0.044052863436123246
2022-10-07,1185,1220,1150,1160,153586,-0.021097046413502074
2022-10-11,1160,1175,1090,1095,139541,-0.05603448275862066
2022-10-12,1085,1095,1040,1075,373708,-0.0182648401826484
2022-10-13,1070,1070,1010,1030,97295,-0.041860465116279055
2022-10-14,1040,1065,1040,1060,73720,0.029126213592232997
2022-10-17,1060,1085,1040,1070,95597,0.009433962264151052
2022-10-18,1085,1110,1085,1105,51227,0.032710280373831724
2022-10-19,1120,1120,1100,1100,74103,-0.004524886877828038
2022-10-20,1120,1120,1050,1050,71536,-0.045454545454545414
2022-10-21,1050,1100,1050,1050,140935,0.0
2022-10-24,1055,1090,1055,1085,91549,0.03333333333333344
2022-10-25,1095,1115,1075,1090,118397,0.004608294930875667
2022-10-26,1100,1105,1060,1065,65010,-0.022935779816513735
2022-10-27,1065,1115,1065,1115,96558,0.04694835680751175
2022-10-28,1115,1120,1090,1090,43012,-0.022421524663677084
2022-10-31,1090,1115,1085,1090,73235,0.0
2022-11-01,1100,1115,1080,1105,69998,0.013761467889908285
2022-11-02,1105,1110,1080,1095,48860,-0.009049773755656076
2022-11-03,1085,1090,1065,1080,110630,-0.013698630136986356
2022-11-04,1085,1100,1065,1100,43534,0.0185185185185186
2022-11-07,1105,1115,1090,1100,32836,0.0
2022-11-08,1100,1115,1095,1110,47214,0.009090909090909038
2022-11-09,1120,1125,1105,1110,60489,0.0
2022-11-10,1110,1120,1095,1120,44454,0.009009009009008917
2022-11-11,1130,1180,1110,1160,220345,0.03571428571428581
2022-11-14,1160,1250,1140,1250,339759,0.07758620689655182
2022-11-15,1300,1300,1245,1285,307727,0.028000000000000025
2022-11-16,1295,1365,1285,1350,694223,0.05058365758754868
2022-11-17,1355,1355,1285,1340,230454,-0.007407407407407418
2022-11-18,1340,1375,1320,1370,191897,0.02238805970149249
2022-11-21,1370,1380,1300,1350,235260,-0.014598540145985384
2022-11-22,1320,1340,1305,1340,112566,-0.007407407407407418
2022-11-23,1340,1345,1310,1345,83828,0.003731343283582156
2022-11-24,1355,1370,1350,1365,65765,0.014869888475836479
2022-11-25,1375,1410,1370,1400,163332,0.02564102564102555
2022-11-28,1400,1460,1365,1460,342586,0.04285714285714293
2022-11-29,1430,1515,1410,1510,489910,0.03424657534246567
2022-11-30,1525,1525,1475,1520,214893,0.0066225165562914245
2022-12-01,1535,1595,1525,1585,587174,0.04276315789473695
2022-12-02,1590,1610,1570,1605,278059,0.012618296529968376
2022-12-05,1605,1625,1465,1510,541280,-0.05919003115264798
2022-12-06,1510,1540,1480,1485,213370,-0.01655629139072845
2022-12-07,1480,1535,1440,1535,194096,0.03367003367003374
2022-12-08,1535,1540,1485,1495,107306,-0.026058631921824116
2022-12-09,1495,1535,1475,1515,114055,0.013377926421404673
2022-12-12,1530,1545,1515,1540,89848,0.01650165016501659
2022-12-13,1545,1570,1465,1465,137180,-0.04870129870129869
2022-12-14,1480,1515,1480,1515,101954,0.03412969283276457
2022-12-15,1530,1545,1500,1515,170621,0.0
2022-12-16,1500,1520,1450,1485,117111,-0.01980198019801982
2022-12-19,1485,1485,1450,1470,48835,-0.010101010101010055
2022-12-20,1460,1475,1400,1415,127999,-0.0374149659863946
2022-12-21,1415,1445,1400,1400,88982,-0.010600706713780883
2022-12-22,1415,1490,1415,1470,93963,0.050000000000000044
2022-12-23,1485,1485,1430,1440,157312,-0.020408163265306145
2022-12-26,1435,1450,1405,1450,94305,0.00694444444444442
2022-12-27,1435,1490,1430,1490,93089,0.02758620689655178
2022-12-28,1500,1510,1475,1475,97490,-0.010067114093959773
2022-12-29,1475,1475,1400,1405,84157,-0.0474576271186441
2023-01-02,1405,1445,1385,1435,132768,0.021352313167259718
2023-01-03,1425,1425,1320,1360,170913,-0.05226480836236935
2023-01-04,1360,1395,1340,1395,92432,0.025735294117646967
2023-01-05,1405,1455,1405,1440,89037,0.032258064516129004
2023-01-06,1455,1485,1390,1390,246113,-0.03472222222222221
2023-01-09,1400,1555,1400,1495,386029,0.07553956834532372
2023-01-10,1505,1580,1485,1545,277561,0.03344481605351168
2023-01-11,1545,1580,1530,1575,123855,0.01941747572815533
2023-01-12,1575,1600,1560,1560,197049,-0.00952380952380949
2023-01-13,1560,1610,1560,1605,228513,0.028846153846153744
2023-01-16,1600,1620,1580,1590,115748,-0.009345794392523366
2023-01-17,1590,1600,1470,1515,188001,-0.047169811320754707
2023-01-18,1520,1550,1505,1550,84454,0.02310231023102305
2023-01-19,1535,1535,1500,1520,101269,-0.01935483870967747
2023-01-20,1520,1535,1505,1520,42933,0.0
2023-01-25,1520,1549,1520,1535,79636,0.009868421052631637
2023-01-26,1537,1578,1537,1578,126434,0.028013029315960836
2023-01-27,1578,1596,1563,1563,76473,-0.009505703422053258
2023-01-30,1563,1600,1545,1595,113013,0.020473448496481028
2023-01-31,1595,1623,1573,1619,224124,0.015047021943573657
2023-02-01,1620,1628,1602,1626,103191,0.004323656578134605
2023-02-02,1625,1630,1604,1618,96689,-0.004920049200492049
2023-02-03,1618,1628,1588,1601,94050,-0.010506798516687232
2023-02-06,1601,1636,1599,1623,145072,0.013741411617739008
2023-02-07,1605,1651,1597,1650,177843,0.01663585951940849
2023-02-08,1650,1663,1617,1621,132519,-0.017575757575757578
2023-02-09,1633,1645,1605,1622,71855,0.0006169031462059937
2023-02-10,1622,1651,1588,1627,129005,0.0030826140567201676
2023-02-13,1627,1627,1578,1586,85099,-0.025199754148739983
2023-02-14,1586,1597,1550,1562,74255,-0.015132408575031508
2023-02-15,1562,1577,1460,1460,177689,-0.0653008962868118
2023-02-16,1460,1499,1442,1499,164605,0.026712328767123372
2023-02-17,1514,1526,1507,1518,97261,0.012675116744496284
2023-02-20,1518,1675,1518,1660,783303,0.09354413702239794
2023-02-21,1664,2155,1664,1948,11987431,0.17349397590361448
2023-02-22,1952,2145,1950,2050,4453350,0.05236139630390135
2023-02-23,2115,2665,2100,2415,9914511,0.17804878048780481
2023-02-24,2295,2380,2260,2335,1942773,-0.0331262939958592
2023-02-27,2365,2470,2215,2450,2513576,0.04925053533190571
2023-02-28,2405,2415,2285,2345,953773,-0.042857142857142816
2023-03-02,2345,2345,2080,2125,2064826,-0.093816631130064
2023-03-03,2125,2185,2105,2145,574673,0.009411764705882453
2023-03-06,2140,2145,2070,2135,494710,-0.004662004662004615
2023-03-07,2120,2120,1992,2000,968468,-0.06323185011709598
2023-03-08,1995,2100,1983,2095,748935,0.0475000000000001
2023-03-09,2075,2195,2045,2135,788893,0.019093078758949833
2023-03-10,2120,2125,1911,1911,1161601,-0.10491803278688527
2023-03-13,1808,1869,1760,1833,774107,-0.04081632653061229
2023-03-14,1802,1802,1672,1707,677915,-0.06873977086743044
2023-03-15,1707,1785,1707,1780,450876,0.04276508494434683
2023-03-16,1766,1822,1710,1799,285490,0.010674157303370846
2023-03-17,1817,1883,1805,1860,303098,0.03390772651473051
2023-03-20,1860,1903,1860,1897,335311,0.019892473118279463
2023-03-21,1897,1908,1815,1860,335812,-0.01950448075909328
2023-03-22,1860,1907,1843,1880,173615,0.010752688172043001
2023-03-23,1880,1880,1821,1843,291010,-0.019680851063829774
2023-03-24,1843,1897,1840,1866,240215,0.012479652740097658
2023-03-27,1866,1944,1811,1943,553605,0.0412647374062165
2023-03-28,1943,1951,1900,1944,265682,0.0005146680391148184
2023-03-29,1944,1997,1921,1969,397723,0.012860082304526843
2023-03-30,1989,2000,1906,1940,270012,-0.014728288471305251
2023-03-31,1940,1994,1911,1970,383912,0.015463917525773141
2023-04-03,1984,2150,1974,2120,879593,0.07614213197969533
2023-04-04,2115,2115,2000,2055,601885,-0.030660377358490587
2023-04-05,2055,2055,1971,2020,317971,-0.01703163017031628
2023-04-06,2015,2015,1930,1955,256069,-0.03217821782178221
2023-04-07,1955,2000,1918,1925,215424,-0.01534526854219953
2023-04-10,1925,1950,1870,1950,268895,0.01298701298701288
2023-04-11,1923,1950,1836,1931,300292,-0.009743589743589798
2023-04-12,1955,2145,1955,2145,1410369,0.11082340756084941
2023-04-13,2110,2110,1985,2005,657763,-0.06526806526806528
2023-04-14,2010,2145,2010,2065,621389,0.029925187032418865
2023-04-17,2065,2190,2035,2185,763186,0.05811138014527839
2023-04-18,2165,2165,2070,2070,481379,-0.052631578947368474
2023-04-19,2055,2075,2010,2020,365358,-0.024154589371980673
2023-04-20,2020,2065,1928,1960,621266,-0.02970297029702973
2023-04-21,1925,1944,1813,1813,852936,-0.07499999999999996
2023-04-24,1811,1845,1780,1826,393986,0.007170435741864267
2023-04-25,1817,1850,1771,1842,342588,0.008762322015334112
2023-04-26,1823,1846,1780,1800,182880,-0.0228013029315961
2023-04-27,1800,1835,1757,1816,191213,0.008888888888888946
2023-04-28,1835,1930,1835,1873,516434,0.03138766519823788
2023-05-02,1873,1964,1873,1937,322262,0.03416978109983981
2023-05-03,1937,2075,1924,2005,497175,0.03510583376355192
2023-05-04,2005,2060,2000,2025,222583,0.009975062344139696
2023-05-08,2025,2035,1970,2020,206980,-0.0024691358024691024
2023-05-09,2020,2030,1983,1986,173225,-0.016831683168316847
2023-05-10,1970,2150,1970,2130,912682,0.0725075528700907
2023-05-11,2150,2255,2140,2205,1016701,0.035211267605633756
2023-05-12,2210,2275,2160,2250,798055,0.020408163265306145
2023-05-15,2205,2420,2165,2310,2231339,0.026666666666666616
2023-05-16,2315,2530,2020,2025,4618550,-0.12337662337662336
2023-05-17,2025,2160,2025,2135,1048033,0.05432098765432092
2023-05-18,2155,2225,2135,2175,678156,0.0187353629976581
2023-05-19,2180,2220,2070,2070,468575,-0.0482758620689655
2023-05-22,2080,2090,2040,2080,312273,0.004830917874396157
2023-05-23,2090,2140,2075,2130,364372,0.024038461538461453
2023-05-24,2125,2125,2015,2035,482050,-0.04460093896713613
2023-05-25,2035,2055,1971,1982,365498,-0.02604422604422607
2023-05-26,1970,1990,1922,1933,336632,-0.02472250252270436
2023-05-30,1945,1967,1932,1950,201275,0.008794619762027889
2023-05-31,1951,2050,1951,1976,357907,0.01333333333333342
2023-06-01,1976,2045,1963,2035,270068,0.029858299595141746
2023-06-02,2035,2060,2005,2060,231537,0.01228501228501222
2023-06-05,2060,2110,2040,2090,247115,0.014563106796116498
2023-06-07,2090,2155,2070,2090,254805,0.0
2023-06-08,2090,2120,2060,2080,148694,-0.004784688995215336
2023-06-09,2080,2140,2080,2105,277968,0.012019230769230838
2023-06-12,2105,2140,2100,2120,190902,0.0071258907363420665
2023-06-13,2115,2155,2110,2145,177293,0.011792452830188704
2023-06-14,2145,2160,2030,2075,246301,-0.03263403263403264
2023-06-15,2075,2100,2030,2085,203338,0.004819277108433662
2023-06-16,2090,2135,2060,2070,192792,-0.007194244604316502
2023-06-19,2070,2090,2015,2040,138831,-0.01449275362318836
2023-06-20,2040,2040,1999,2030,156264,-0.004901960784313708
2023-06-21,2030,2115,2025,2090,267267,0.029556650246305383
2023-06-22,2070,2070,1998,2020,231471,-0.03349282296650713
2023-06-23,2020,2060,1978,1989,179767,-0.01534653465346536
2023-06-26,1982,2045,1960,2025,181309,0.018099547511312153
2023-06-27,2035,2190,2035,2165,979306,0.06913580246913575
2023-06-28,2165,2195,2110,2130,337910,-0.0161662817551963
2023-06-29,2155,2155,2055,2110,232992,-0.009389671361502372
2023-06-30,2090,2250,2085,2165,884497,0.026066350710900466
2023-07-03,2175,2245,2165,2235,477002,0.0323325635103926
2023-07-04,2235,2395,2220,2370,1093211,0.06040268456375841
2023-07-05,2380,2555,2365,2555,1772225,0.07805907172995785
2023-07-06,2570,2900,2500,2660,4082190,0.041095890410958846
2023-07-07,2610,2675,2505,2545,930084,-0.043233082706766957
2023-07-10,2540,2725,2440,2675,859126,0.05108055009823187
2023-07-11,2680,2770,2475,2620,1345497,-0.020560747663551426
2023-07-12,2630,2815,2630,2705,915770,0.03244274809160297
2023-07-13,2705,2750,2520,2590,776489,-0.04251386321626616
2023-07-14,2590,2645,2500,2605,507871,0.005791505791505891
2023-07-17,2550,2580,2390,2410,754112,-0.07485604606525909
2023-07-18,2410,2440,2335,2375,337580,-0.014522821576763434
2023-07-19,2375,2380,2320,2365,262679,-0.004210526315789442
2023-07-20,2360,2365,2210,2240,576401,-0.052854122621564525
2023-07-21,2240,2275,2190,2275,399758,0.015625
2023-07-24,2250,2290,2200,2265,285876,-0.00439560439560438
2023-07-25,2265,2410,2240,2400,491773,0.0596026490066226
2023-07-26,2400,2400,2055,2140,852138,-0.10833333333333328
2023-07-27,2125,2230,2110,2225,236352,0.03971962616822422
2023-07-28,2205,2310,2190,2310,174896,0.038202247191011285
2023-07-31,2310,2330,2240,2330,278966,0.008658008658008587
2023-08-01,2320,2380,2155,2350,553875,0.008583690987124415
2023-08-02,2335,2360,2260,2350,337595,0.0
2023-08-03,2325,2335,2225,2270,322986,-0.03404255319148941
2023-08-04,2270,2330,2225,2305,209412,0.01541850220264318
2023-08-07,2275,2320,2210,2305,264681,0.0
2023-08-08,2280,2370,2275,2350,262750,0.01952277657266821
2023-08-09,2335,2430,2325,2420,194560,0.029787234042553123
2023-08-10,2420,2430,2345,2370,183680,-0.02066115702479343
2023-08-11,2355,2515,2350,2500,332120,0.05485232067510548
2023-08-14,2475,2510,2275,2320,517008,-0.07199999999999995
2023-08-16,2300,2300,2180,2225,416708,-0.04094827586206895
2023-08-17,2225,2225,2045,2155,557873,-0.03146067415730336
2023-08-18,2130,2135,2000,2065,337813,-0.04176334106728541
2023-08-21,2065,2145,2010,2090,197461,0.012106537530266248
2023-08-22,2110,2135,2055,2110,135218,0.009569377990430672
2023-08-23,2110,2140,2085,2125,137805,0.007109004739336511
2023-08-24,2110,2140,2075,2095,119978,-0.014117647058823568
2023-08-25,2095,2105,2000,2050,304117,-0.021479713603818618
2023-08-28,2070,2095,2030,2090,159017,0.019512195121951237
2023-08-29,2100,2150,2070,2090,168134,0.0
2023-08-30,2110,2190,2100,2145,261068,0.026315789473684292
2023-08-31,2145,2160,2055,2115,259587,-0.013986013986013957
2023-09-01,2115,2115,1985,1993,502976,-0.05768321513002361
2023-09-04,1993,2030,1980,1997,349904,0.002007024586051287
2023-09-05,1997,2035,1969,1997,228626,0.0
2023-09-06,1999,2025,1973,1994,193192,-0.001502253380070151
2023-09-07,1999,2000,1919,1947,322179,-0.023570712136409266
2023-09-08,1947,1950,1890,1916,248149,-0.01592193117616847
2023-09-11,1916,1957,1900,1937,108629,0.01096033402922747
2023-09-12,1947,1967,1916,1937,151138,0.0
2023-09-13,1931,1937,1904,1926,113725,-0.005678884873515755
2023-09-14,1926,1964,1918,1963,121196,0.019210799584631344
2023-09-15,1980,1993,1963,1976,130051,0.0066225165562914245
2023-09-18,1974,1986,1923,1950,85073,-0.013157894736842146
2023-09-19,1932,1949,1875,1900,149452,-0.02564102564102566
2023-09-20,1899,1927,1877,1910,193531,0.0052631578947368585
2023-09-21,1910,1920,1835,1853,207885,-0.0298429319371728
2023-09-22,1837,1844,1800,1842,211012,-0.005936319481921193
2023-09-25,1842,1857,1761,1784,206910,-0.03148751357220414
2023-09-26,1784,1804,1757,1782,89993,-0.0011210762331838042
2023-09-27,1774,1780,1747,1780,181991,-0.001122334455667784
2023-10-04,1781,1785,1710,1731,196518,-0.02752808988764044
2023-10-05,1731,1770,1730,1768,130813,0.021374927787406017
2023-10-06,1771,1779,1747,1779,133145,0.0062217194570135526
2023-10-10,1790,1801,1735,1770,171128,-0.005059021922428353
2023-10-11,1755,1774,1720,1754,226236,-0.009039548022598876
2023-10-12,1763,1800,1753,1799,180291,0.025655644241733278
2023-10-13,1799,1799,1732,1787,148658,-0.006670372429127269
2023-10-16,1785,1791,1740,1791,108877,0.0022383883603804833
2023-10-17,1781,1800,1765,1790,87628,-0.0005583472920156485
2023-10-18,1800,1800,1777,1792,55167,0.0011173184357542443
2023-10-19,1775,1787,1734,1783,68117,-0.005022321428571397
2023-10-20,1756,1759,1720,1755,70827,-0.015703869882220944
2023-10-23,1744,1768,1738,1755,89136,0.0
2023-10-24,1755,1820,1746,1815,125140,0.03418803418803429
2023-10-25,1822,1865,1818,1850,138876,0.019283746556473913
2023-10-26,1842,1850,1800,1845,124037,-0.002702702702702675
2023-10-27,1845,1893,1831,1877,182543,0.017344173441734334
2023-10-30,1881,1914,1873,1913,196541,0.01917954182205639
2023-10-31,1913,1928,1865,1893,184657,-0.010454783063251427
2023-11-01,1893,1938,1893,1937,221264,0.02324352879027991
2023-11-02,1937,1975,1933,1974,216310,0.019101703665462155
2023-11-03,1974,2010,1973,2005,194742,0.015704154002026405
2023-11-06,2005,2025,1991,2015,137428,0.004987531172069737
2023-11-07,2015,2035,1970,2030,174924,0.007444168734491274
2023-11-08,2030,2030,1953,1953,90200,-0.037931034482758585
2023-11-09,1953,1997,1952,1979,78243,0.013312852022529409
2023-11-10,1970,1970,1903,1922,102600,-0.028802425467407744
2023-11-13,1922,1938,1866,1888,107157,-0.01768990634755463
2023-11-14,1888,1996,1887,1996,189748,0.05720338983050843
2023-11-15,2000,2120,1999,2045,356754,0.024549098196392727
2023-11-16,2040,2065,2000,2045,202401,0.0
2023-11-17,2040,2040,1979,1987,158900,-0.02836185819070902
2023-11-20,1978,2015,1971,1980,142550,-0.003522898842476141
2023-11-21,1980,1999,1978,1993,88909,0.0065656565656566634
2023-11-22,1993,1993,1958,1980,89403,-0.00652282990466635
2023-11-23,1980,1980,1948,1971,85218,-0.004545454545454519
2023-11-24,1968,1970,1928,1968,105730,-0.0015220700152207556
2023-11-27,1969,1979,1928,1951,121981,-0.008638211382113847
2023-11-28,1951,1964,1895,1924,122324,-0.013839056893900525
2023-11-29,1925,1950,1867,1887,292274,-0.019230769230769273
2023-11-30,1885,1887,1855,1880,172768,-0.0037095919448860704
2023-12-01,1880,1896,1835,1870,327863,-0.005319148936170248
2023-12-04,1870,1906,1852,1906,191074,0.019251336898395754
2023-12-05,1906,1906,1860,1869,169912,-0.01941238195173134
2023-12-06,1859,1868,1838,1866,198710,-0.0016051364365970988
2023-12-07,1865,1866,1825,1843,120598,-0.012325830653804881
2023-12-08,1843,1860,1795,1818,130977,-0.013564839934888773
2023-12-11,1819,1852,1818,1847,101922,0.01595159515951594
2023-12-12,1847,1885,1842,1882,129494,0.018949648077964287
2023-12-13,1882,1897,1856,1876,126777,-0.0031880977683315104
2023-12-14,1876,1891,1838,1855,92948,-0.011194029850746245
2023-12-15,1855,1860,1827,1827,148181,-0.015094339622641506
2023-12-18,1827,1878,1821,1878,159862,0.02791461412151075
2023-12-19,1879,1904,1863,1878,143489,0.0
2023-12-20,1878,1902,1878,1900,98370,0.011714589989350266
2023-12-21,1897,1915,1877,1900,139574,0.0
2023-12-22,1900,1916,1882,1894,116359,-0.0031578947368421373
2023-12-26,1893,1894,1823,1832,212290,-0.032734952481520585
2023-12-27,1832,1843,1790,1810,205975,-0.012008733624454093
2023-12-28,1810,1885,1805,1879,254699,0.03812154696132586
2024-01-02,1879,1909,1870,1909,187938,0.015965939329430467
2024-01-03,1909,1920,1895,1917,163507,0.004190675746464034
2024-01-04,1916,1917,1877,1896,118006,-0.010954616588419452
2024-01-05,1895,1912,1883,1903,121741,0.003691983122362963
2024-01-08,1903,1918,1830,1861,273429,-0.02207041513399899
2024-01-09,1861,1879,1839,1867,130220,0.003224073078989864
2024-01-10,1868,1875,1809,1833,245342,-0.01821103374397426
2024-01-11,1833,1858,1830,1841,111772,0.004364429896344779
2024-01-12,1840,1845,1803,1818,138315,-0.012493210211841355
2024-01-15,1805,1835,1788,1824,210736,0.0033003300330032292
2024-01-16,1811,1823,1792,1805,172178,-0.01041666666666663
2024-01-17,1805,1805,1759,1772,229593,-0.018282548476454274
2024-01-18,1763,1778,1751,1776,112598,0.0022573363431150906
2024-01-19,1776,1798,1752,1770,128600,-0.0033783783783783994
2024-01-22,1770,1773,1748,1772,108371,0.001129943502824915
2024-01-23,1762,1779,1752,1777,78509,0.0028216704288939187
2024-01-24,1781,1785,1755,1777,79463,0.0
2024-01-25,1770,1777,1750,1771,62725,-0.003376477208778872
2024-01-26,1764,1780,1747,1777,129097,0.0033879164313947996
2024-01-29,1780,1787,1759,1772,76208,-0.002813731007315745
2024-01-30,1762,1780,1755,1763,91954,-0.005079006772009009
2024-01-31,1760,1763,1740,1763,88412,0.0
2024-02-01,1752,1819,1752,1813,184659,0.02836074872376626
2024-02-02,1813,1849,1805,1848,149378,0.019305019305019266
2024-02-05,1848,1865,1842,1848,129106,0.0
2024-02-06,1848,1859,1814,1847,92218,-0.0005411255411255089
2024-02-07,1845,1855,1827,1837,105961,-0.005414185165132701
2024-02-08,1837,1860,1835,1860,59938,0.012520413718018597
2024-02-13,1860,1879,1857,1879,85210,0.010215053763440896
2024-02-14,1875,1907,1870,1903,120765,0.012772751463544507
2024-02-15,1903,1924,1886,1904,86894,0.0005254860746191081
2024-02-16,1904,1919,1855,1916,117309,0.006302521008403339
2024-02-19,1916,1994,1903,1977,371025,0.03183716075156573
2024-02-20,1977,1996,1919,1923,151645,-0.0273141122913505
2024-02-21,1919,1942,1900,1915,142689,-0.004160166406656285
2024-02-22,1912,1930,1900,1913,57724,-0.001044386422976551
2024-02-23,1913,1920,1877,1896,87527,-0.008886565603763774
2024-02-26,1886,1937,1815,1815,304767,-0.04272151898734178
2024-02-27,1815,1840,1776,1777,171824,-0.020936639118457334
2024-02-28,1775,1792,1751,1784,179060,0.003939223410241999
2024-02-29,1784,1784,1753,1762,116142,-0.012331838565022402
2024-03-04,1762,1800,1753,1777,123979,0.008513053348467636
2024-03-05,1762,1776,1728,1731,149872,-0.0258863252673045
2024-03-06,1725,1725,1703,1719,139994,-0.006932409012131768
2024-03-07,1709,1710,1673,1680,146781,-0.022687609075043635
2024-03-08,1680,1692,1670,1689,88170,0.005357142857142838
2024-03-11,1689,1690,1654,1690,150088,0.000592066311426942
2024-03-12,1734,1737,1692,1705,311751,0.008875739644970349
2024-03-13,1705,1718,1670,1695,217181,-0.0058651026392961825
2024-03-14,1688,1688,1650,1650,230092,-0.026548672566371723
2024-03-15,1650,1655,1621,1634,142061,-0.009696969696969648
2024-03-18,1633,1633,1580,1590,260236,-0.02692778457772338
2024-03-19,1590,1599,1559,1572,108104,-0.01132075471698113
2024-03-20,1570,1600,1567,1583,109757,0.006997455470737934
2024-03-21,1598,1620,1590,1611,108490,0.017687934301958252
2024-03-22,1600,1611,1566,1585,155814,-0.01613904407200495
2024-03-25,1586,1596,1565,1588,182702,0.0018927444794951676
2024-03-26,1585,1612,1580,1588,135058,0.0
2024-03-27,1588,1602,1583,1594,70344,0.0037783375314861534
2024-03-28,1585,1609,1579,1583,134611,-0.006900878293600976
2024-03-29,1583,1588,1542,1558,158064,-0.015792798483891368
2024-04-01,1551,1562,1538,1560,162284,0.0012836970474967568
2024-04-02,1558,1558,1510,1510,314402,-0.03205128205128205
2024-04-03,1500,1500,1449,1462,310132,-0.03178807947019868
2024-04-04,1453,1453,1417,1419,349089,-0.02941176470588236
2024-04-05,1415,1427,1404,1419,129268,0.0
2024-04-08,1415,1462,1400,1453,209447,0.023960535588442466
2024-04-09,1453,1459,1440,1451,98083,-0.0013764624913971124
2024-04-11,1428,1444,1408,1420,85781,-0.021364576154376258
2024-04-12,1420,1434,1409,1426,69823,0.004225352112676051
2024-04-15,1423,1423,1396,1402,110562,-0.016830294530154277
2024-04-16,1398,1398,1350,1357,168227,-0.032097004279600605
2024-04-17,1355,1375,1350,1354,84485,-0.002210759027265974
2024-04-18,1348,1382,1340,1365,120361,0.008124076809453484
2024-04-19,1365,1375,1330,1340,135961,-0.01831501831501836
2024-04-22,1337,1356,1335,1355,130710,0.011194029850746245
2024-04-23,1355,1373,1355,1363,81447,0.005904059040590326
2024-04-24,1364,1398,1364,1389,119576,0.019075568598679427
2024-04-25,1389,1427,1385,1424,97464,0.025197984161267062
2024-04-26,1423,1423,1400,1417,149995,-0.004915730337078705
2024-04-29,1417,1423,1400,1405,125416,-0.008468595624558928
2024-04-30,1401,1405,1370,1370,146375,-0.02491103202846978
2024-05-02,1370,1379,1355,1367,184182,-0.0021897810218978186
2024-05-03,1367,1378,1358,1367,73053,0.0
2024-05-07,1367,1371,1344,1346,106576,-0.0153621068032187
2024-05-08,1345,1376,1343,1373,91979,0.020059435364041533
2024-05-09,1373,1402,1359,1375,100748,0.0014566642388929019
2024-05-10,1376,1395,1376,1384,46952,0.006545454545454632
2024-05-13,1384,1397,1378,1391,50460,0.005057803468208055
2024-05-14,1394,1445,1392,1434,149779,0.030913012221423397
2024-05-16,1437,1536,1437,1532,394567,0.0683403068340307
2024-05-17,1536,1546,1511,1534,202002,0.0013054830287206887
2024-05-20,1538,1564,1530,1541,218873,0.0045632333767926525
2024-05-21,1541,1541,1488,1495,119224,-0.02985074626865669
2024-05-22,1495,1525,1466,1513,163045,0.012040133779264162
2024-05-23,1512,1513,1492,1506,59820,-0.004626569729015206
2024-05-24,1506,1507,1489,1504,57486,-0.0013280212483399723
2024-05-27,1500,1504,1486,1490,51395,-0.009308510638297851
2024-05-28,1490,1500,1476,1483,56489,-0.004697986577181235
2024-05-29,1465,1483,1437,1441,74436,-0.028320971004720197
2024-05-30,1441,1460,1421,1427,61555,-0.009715475364330373
2024-05-31,1416,1432,1414,1417,56019,-0.0070077084793273015
2024-06-03,1418,1479,1410,1479,134224,0.04375441072688768
2024-06-04,1480,1493,1455,1484,141239,0.0033806626098715764
2024-06-05,1484,1497,1473,1484,84866,0.0
2024-06-07,1483,1494,1475,1492,79837,0.005390835579514919
2024-06-10,1484,1486,1468,1483,76065,-0.0060321715817693855
2024-06-11,1483,1483,1466,1467,60480,-0.01078894133513153
2024-06-12,1467,1482,1452,1478,50000,0.00749829584185413
2024-06-13,1474,1477,1425,1445,101854,-0.022327469553450663
2024-06-14,1447,1448,1428,1440,56662,-0.0034602076124568004
2024-06-17,1435,1470,1433,1469,139476,0.02013888888888893
2024-06-18,1470,1480,1461,1476,134196,0.004765146358066685
2024-06-19,1476,1480,1467,1472,80346,-0.0027100271002710175
2024-06-20,1472,1475,1436,1454,109334,-0.012228260869565188
2024-06-21,1454,1454,1416,1437,71612,-0.011691884456671242
2024-06-24,1415,1431,1405,1429,59213,-0.005567153792623514
2024-06-25,1415,1439,1414,1437,65526,0.005598320503848786
2024-06-26,1430,1444,1419,1438,40608,0.0006958942240780086
2024-06-27,1436,1438,1418,1432,22842,-0.004172461752433909
2024-06-28,1429,1432,1418,1427,28663,-0.0034916201117318746
2024-07-01,1424,1432,1399,1422,66616,-0.003503854239663595
2024-07-02,1421,1421,1390,1403,38277,-0.013361462728551321
2024-07-03,1397,1400,1339,1350,181033,-0.037776193870277974
2024-07-04,1350,1363,1344,1356,73643,0.004444444444444473
2024-07-05,1356,1366,1290,1305,249559,-0.03761061946902655
2024-07-08,1305,1307,1288,1302,107454,-0.0022988505747126853
2024-07-09,1302,1310,1292,1309,86875,0.005376344086021501
2024-07-10,1308,1318,1296,1316,60452,0.005347593582887722
2024-07-11,1316,1354,1316,1343,82228,0.020516717325227862
2024-07-12,1345,1350,1329,1334,48740,-0.006701414743112477
2024-07-15,1334,1344,1328,1337,22292,0.002248875562218977
2024-07-16,1336,1338,1325,1331,20026,-0.004487658937920691
2024-07-17,1331,1345,1323,1338,75678,0.005259203606311047
2024-07-18,1322,1325,1306,1319,25673,-0.01420029895366215
2024-07-19,1315,1316,1305,1316,38935,-0.0022744503411675776
2024-07-22,1315,1315,1290,1311,32194,-0.0037993920972644313
2024-07-23,1297,1311,1293,1300,17710,-0.008390541571319576
2024-07-24,1295,1299,1277,1297,50061,-0.002307692307692344
2024-07-25,1285,1287,1266,1279,49543,-0.013878180416345365
2024-07-26,1277,1278,1255,1273,42762,-0.004691164972634887
2024-07-29,1273,1280,1268,1273,17283,0.0
2024-07-30,1274,1282,1273,1275,22532,0.0015710919088767206
2024-07-31,1275,1280,1266,1280,35349,0.0039215686274509665
2024-08-01,1280,1310,1276,1309,41911,0.022656250000000044
2024-08-02,1300,1305,1268,1270,59060,-0.029793735676088562
2024-08-05,1263,1263,1052,1115,197867,-0.1220472440944882
2024-08-06,1114,1186,1111,1168,86188,0.047533632286995475
2024-08-07,1179,1197,1168,1194,25728,0.022260273972602773
2024-08-08,1194,1195,1163,1174,32257,-0.01675041876046901
2024-08-09,1175,1217,1175,1208,55426,0.028960817717206044
2024-08-12,1213,1224,1201,1223,26638,0.012417218543046449
2024-08-13,1227,1235,1208,1222,32670,-0.0008176614881438837
2024-08-14,1222,1224,1155,1155,136621,-0.05482815057283141
2024-08-16,1166,1185,1156,1160,174992,0.0043290043290042934
2024-08-19,1160,1166,1103,1126,187908,-0.02931034482758621
2024-08-20,1120,1149,1118,1146,59415,0.017761989342806483
2024-08-21,1146,1170,1141,1154,50867,0.00698080279232105
2024-08-22,1153,1173,1140,1173,74149,0.016464471403812908
2024-08-23,1153,1165,1143,1156,37096,-0.01449275362318836
2024-08-26,1152,1156,1135,1153,45059,-0.002595155709342545
2024-08-27,1152,1160,1136,1156,36187,0.002601908065914982
2024-08-28,1156,1156,1131,1141,35157,-0.012975778546712835
2024-08-29,1141,1150,1138,1138,38270,-0.002629272567922891
2024-08-30,1138,1154,1138,1144,27057,0.005272407732864748
2024-09-02,1147,1148,1100,1130,75898,-0.012237762237762184
2024-09-03,1136,1149,1136,1142,37522,0.010619469026548645
2024-09-04,1141,1141,1094,1114,65873,-0.024518388791593737
2024-09-05,1113,1127,1101,1125,38080,0.009874326750448859
2024-09-06,1113,1117,1095,1096,34995,-0.02577777777777779
2024-09-09,1096,1108,1079,1108,64908,0.010948905109489093
2024-09-10,1108,1123,1108,1119,21600,0.009927797833934937
2024-09-11,1119,1123,1106,1107,12382,-0.01072386058981234
2024-09-12,1107,1113,1090,1110,67618,0.0027100271002709064
2024-09-13,1116,1133,1110,1131,22674,0.018918918918918948
2024-09-19,1131,1131,1095,1102,49300,-0.02564102564102566
2024-09-20,1099,1111,1092,1092,117013,-0.00907441016333943
2024-09-23,1092,1098,1062,1072,149577,-0.01831501831501836
2024-09-24,1072,1077,1065,1074,76939,0.001865671641791078
2024-09-25,1074,1082,1074,1075,32968,0.0009310986964619072
2024-09-26,1075,1085,1075,1079,35826,0.0037209302325580396
2024-09-27,1080,1090,1079,1081,21844,0.001853568118628468
2024-09-30,1081,1091,1076,1080,60997,-0.0009250693802035359
2024-10-02,1075,1080,1065,1072,50622,-0.007407407407407418
2024-10-04,1064,1080,1056,1067,24795,-0.004664179104477584
2024-10-07,1067,1086,1066,1067,33701,0.0
2024-10-08,1073,1077,1067,1076,11537,0.008434864104967188
2024-10-10,1073,1077,1069,1069,54348,-0.006505576208178487
2024-10-11,1069,1076,1065,1072,19825,0.00280636108512633
2024-10-14,1067,1071,1055,1069,33104,-0.002798507462686617
2024-10-15,1067,1072,1058,1071,71728,0.00187090739008422
2024-10-16,1069,1079,1060,1074,40919,0.0028011204481792618
2024-10-17,1074,1074,1063,1063,20389,-0.010242085661080091
2024-10-18,1063,1080,1053,1072,65261,0.008466603951081897
2024-10-21,1064,1068,1056,1060,33087,-0.011194029850746245
2024-10-22,1058,1076,1055,1070,57450,0.009433962264151052
2024-10-23,1070,1165,1052,1164,319361,0.08785046728971957
2024-10-24,1157,1173,1133,1145,176811,-0.01632302405498287
2024-10-25,1145,1155,1138,1155,36671,0.008733624454148492
2024-10-28,1155,1190,1141,1177,88874,0.01904761904761898
2024-10-29,1177,1195,1160,1174,37731,-0.002548853016142716
2024-10-30,1181,1182,1174,1181,21326,0.00596252129471897
2024-10-31,1170,1180,1158,1172,20523,-0.007620660457239636
2024-11-01,1172,1172,1149,1153,38554,-0.016211604095563104
2024-11-04,1140,1160,1137,1157,46122,0.003469210754553309
2024-11-05,1157,1160,1130,1157,12692,0.0
2024-11-06,1157,1160,1139,1155,14482,-0.0017286084701815252
2024-11-07,1146,1152,1140,1142,11763,-0.011255411255411296
2024-11-08,1137,1142,1134,1142,21348,0.0
2024-11-11,1141,1141,1130,1131,59925,-0.009632224168126147
2024-11-12,1128,1128,1088,1088,59153,-0.03801945181255528
2024-11-13,1088,1090,1031,1044,81697,-0.0404411764705882
2024-11-14,1039,1058,1021,1040,44932,-0.003831417624521105
2024-11-15,1039,1058,1028,1049,96552,0.008653846153846123
2024-11-18,1049,1049,1028,1037,64074,-0.011439466158245981
2024-11-19,1037,1043,1027,1035,26163,-0.0019286403085824189
2024-11-20,1035,1049,1029,1034,19073,-0.0009661835748792091
2024-11-21,1034,1044,1027,1030,28735,-0.003868471953578312
2024-11-22,1030,1040,1025,1038,47633,0.007766990291262044
2024-11-25,1038,1054,1030,1044,25141,0.005780346820809301
2024-11-26,1044,1050,1039,1042,9136,-0.0019157088122605526
2024-11-27,1050,1053,1040,1043,15184,0.0009596928982724684
2024-11-28,1043,1055,1039,1043,12882,0.0
2024-11-29,1039,1044,1031,1044,29192,0.0009587727708533222
2024-12-02,1044,1044,980,1014,65825,-0.028735632183908066
2024-12-03,1004,1029,1004,1016,70989,0.0019723865877712132
2024-12-04,1004,1015,981,983,94591,-0.032480314960629975
2024-12-05,983,987,951,952,70428,-0.03153611393692779
2024-12-06,950,952,918,930,126602,-0.02310924369747902
2024-12-09,910,928,865,880,95555,-0.053763440860215006
2024-12-10,884,945,884,944,69129,0.07272727272727275
2024-12-11,947,990,947,989,73520,0.04766949152542366
2024-12-12,999,999,980,991,41615,0.002022244691607611
2024-12-13,990,1000,987,995,20998,0.004036326942482349
2024-12-16,986,1000,980,997,40502,0.0020100502512563345
2024-12-17,997,1000,985,990,29887,-0.007021063189568744
2024-12-18,988,999,980,997,21403,0.007070707070707005
2024-12-19,990,998,980,996,20634,-0.0010030090270812808
2024-12-20,995,995,961,968,39363,-0.028112449799196804
2024-12-23,968,976,939,971,28264,0.0030991735537189147
2024-12-24,971,995,971,980,29584,0.009268795056642576
2024-12-26,980,986,973,986,46948,0.00612244897959191
2024-12-27,986,990,971,989,45243,0.0030425963488844854
2024-12-30,989,995,986,992,15887,0.0030333670374114163
2025-01-02,992,1092,987,1052,299986,0.06048387096774199
2025-01-03,1052,1070,1042,1050,26804,-0.0019011406844106071
2025-01-06,1045,1062,1040,1057,28667,0.006666666666666599
2025-01-07,1056,1057,1036,1049,27912,-0.007568590350047311
2025-01-08,1049,1049,1027,1042,32824,-0.006673021925643452
2025-01-09,1042,1055,1036,1050,51114,0.007677543186180413
2025-01-10,1050,1069,1046,1053,30272,0.0028571428571428914
2025-01-13,1053,1054,1045,1050,59912,-0.002849002849002802
2025-01-14,1050,1054,1040,1050,26729,0.0
2025-01-15,1050,1050,1025,1037,27212,-0.012380952380952381
2025-01-16,1037,1060,1015,1043,82417,0.005785920925747368
2025-01-17,1043,1050,1034,1043,25751,0.0
2025-01-20,1043,1044,1031,1040,25253,-0.0028763183125599667
2025-01-21,1038,1056,1035,1056,99157,0.01538461538461533
2025-01-22,1056,1056,1041,1043,19618,-0.012310606060606077
2025-01-23,1043,1045,1030,1040,41387,-0.0028763183125599667
2025-01-24,1036,1050,1015,1037,49341,-0.0028846153846153744
2025-01-31,1037,1040,1010,1015,31901,-0.02121504339440694
2025-02-03,1014,1020,1001,1009,56687,-0.005911330049261032
2025-02-04,1000,1018,991,1005,29957,-0.003964321110009883
2025-02-05,1005,1024,1003,1024,22809,0.018905472636815857
2025-02-06,1024,1024,1002,1017,46489,-0.0068359375
2025-02-07,1017,1017,996,1001,15879,-0.015732546705997996
2025-02-10,1001,1001,985,991,42732,-0.009990009990009985
2025-02-11,991,999,989,997,17403,0.006054490413723412
2025-02-12,990,997,979,996,16631,-0.0010030090270812808
2025-02-13,995,1008,993,1008,20640,0.012048192771084265
2025-02-14,999,1006,995,1003,12161,-0.004960317460317443
2025-02-17,1003,1003,996,1000,16203,-0.0029910269192422456
2025-02-18,1000,1004,995,1004,25744,0.0040000000000000036
2025-02-19,1000,1003,995,998,22823,-0.005976095617529875
2025-02-20,998,1010,997,999,46563,0.0010020040080160886
2025-02-21,999,1010,999,1003,29021,0.004004004004003914
2025-02-24,1003,1003,999,1001,18706,-0.001994017946161497
2025-02-25,1001,1005,1001,1001,31751,0.0
2025-02-26,1001,1010,1001,1009,18631,0.007992007992007943
2025-02-27,1009,1014,1000,1009,13950,0.0
2025-02-28,1009,1050,999,1025,39540,0.015857284440039754
2025-03-04,1025,1035,1016,1032,70764,0.006829268292682933
2025-03-05,1032,1035,1024,1035,21149,0.0029069767441860517
2025-03-06,1035,1038,1030,1034,14228,-0.0009661835748792091
2025-03-07,1034,1034,1021,1033,22782,-0.0009671179883945502
2025-03-10,1033,1033,1020,1033,9944,0.0
2025-03-11,1030,1032,1012,1020,18767,-0.012584704743465625
2025-03-12,1020,1020,962,1016,33942,-0.0039215686274509665
2025-03-13,1016,1025,1010,1015,29073,-0.0009842519685039353
2025-03-14,1015,1017,1010,1017,10634,0.0019704433497536034
