Date,Open,High,Low,Close,Volume,Change
2022-01-03,11258,11611,11090,11594,1340206,0.051800780186882056
2022-01-04,11728,12283,11426,11577,3549545,-0.0014662756598240456
2022-01-05,11678,12031,11493,11661,1178761,0.0072557657424203725
2022-01-06,11392,11997,11375,11527,1259085,-0.01149129577223218
2022-01-07,11627,11745,11274,11611,689357,0.007287238657065931
2022-01-10,11426,11577,11174,11292,501105,-0.02747394711911122
2022-01-11,11325,11459,10955,11107,638060,-0.016383280198370542
2022-01-12,11207,12283,11207,11981,4866024,0.07868911497253994
2022-01-13,11795,12047,11678,11796,1202941,-0.015441115098906555
2022-01-14,11611,11997,11510,11645,798422,-0.012800949474398138
2022-01-17,11594,11661,10854,10922,921772,-0.06208673250322028
2022-01-18,10905,11039,10468,10603,649105,-0.02920710492583778
2022-01-19,10401,10703,10283,10351,429160,-0.02376685843629156
2022-01-20,10401,10720,10334,10653,327299,0.029175925031397876
2022-01-21,10485,10619,10334,10418,320533,-0.022059513751994775
2022-01-24,10333,10384,9930,10048,327252,-0.03551545402188516
2022-01-25,10098,10250,9393,9393,677582,-0.065187101910828
2022-01-26,9359,9645,9308,9427,237352,0.0036197168103906385
2022-01-27,9493,9829,9359,9527,378444,0.010607828577490208
2022-01-28,9594,9997,9241,9998,443059,0.04943843812322868
2022-02-03,10233,10384,10031,10048,327984,0.005001000200040018
2022-02-04,9980,10283,9897,10233,256614,0.018411624203821697
2022-02-07,10300,10300,10048,10149,189576,-0.008208736440926456
2022-02-08,10149,10266,9745,9830,250204,-0.03143166814464482
2022-02-09,9964,10098,9897,10082,144743,0.025635808748728284
2022-02-10,10199,10216,9997,10099,209111,0.001686173378298017
2022-02-11,9964,10401,9829,9880,489065,-0.021685315377760195
2022-02-14,9661,9779,9443,9443,239632,-0.044230769230769185
2022-02-15,9409,9628,9225,9326,234332,-0.012390130255215515
2022-02-16,9577,9695,9544,9662,137985,0.03602830795625134
2022-02-17,9695,10350,9611,9847,1126554,0.019147174498033603
2022-02-18,9661,9964,9644,9931,201886,0.0085305169087031
2022-02-21,9729,9947,9695,9864,202838,-0.0067465512033028086
2022-02-22,9762,10065,9628,9695,398857,-0.017133008921330073
2022-02-23,9779,9846,9695,9780,148340,0.008767405879319234
2022-02-24,9644,9779,9393,9393,225873,-0.03957055214723926
2022-02-25,9829,10468,9712,10048,1545942,0.06973277972958591
2022-02-28,9997,10115,9863,9931,347295,-0.01164410828025475
2022-03-02,9930,10182,9779,9981,294936,0.005034739703957403
2022-03-03,10115,10149,9997,10099,292964,0.011822462679090373
2022-03-04,10048,10081,9913,9998,199018,-0.010000990197049253
2022-03-07,9829,9863,9577,9628,245321,-0.03700740148029602
2022-03-08,9460,9729,9409,9527,157267,-0.010490236809306164
2022-03-10,9796,9947,9729,9763,168283,0.024771701480004182
2022-03-11,9729,10250,9359,9578,1013903,-0.018949093516337223
2022-03-14,9577,9611,9409,9561,218246,-0.0017749008143662648
2022-03-15,9594,9678,9459,9511,169398,-0.005229578495973275
2022-03-16,9577,9644,9527,9595,148355,0.008831878877089583
2022-03-17,9729,9846,9678,9746,287503,0.015737363210005295
2022-03-18,9846,9997,9745,9847,310716,0.010363225938846643
2022-03-21,10014,10031,9846,9864,232047,0.0017264141362851593
2022-03-22,9829,9930,9829,9880,140217,0.0016220600162206722
2022-03-23,9947,9947,9762,9763,197929,-0.011842105263157876
2022-03-24,9712,9829,9628,9796,145106,0.0033801085731843816
2022-03-25,9863,10232,9796,10116,808301,0.03266639444671293
2022-03-28,10199,10250,10014,10250,317608,0.013246342427837066
2022-03-29,10250,10300,10081,10116,237314,-0.013073170731707329
2022-03-30,10182,10317,10081,10099,253653,-0.0016805061289046908
2022-03-31,10065,10451,10031,10401,753490,0.029903950886226438
2022-04-01,10283,10350,10250,10334,246455,-0.0064416882992019975
2022-04-04,10434,10451,10165,10216,244527,-0.011418618153667515
2022-04-05,10300,10300,10014,10032,293428,-0.018010963194988294
2022-04-06,9897,9913,9611,9729,540999,-0.03020334928229662
2022-04-07,9493,9997,9493,9998,537526,0.027649295919416117
2022-04-08,0,0,0,9998,0,0.0
2022-04-11,0,0,0,9998,0,0.0
2022-04-12,0,0,0,9998,0,0.0
2022-04-13,0,0,0,9998,0,0.0
2022-04-14,0,0,0,9998,0,0.0
2022-04-15,0,0,0,9998,0,0.0
2022-04-18,0,0,0,9998,0,0.0
2022-04-19,0,0,0,9998,0,0.0
2022-04-20,0,0,0,9998,0,0.0
2022-04-21,0,0,0,9998,0,0.0
2022-04-22,0,0,0,9998,0,0.0
2022-04-25,0,0,0,9998,0,0.0
2022-04-26,0,0,0,9998,0,0.0
2022-04-27,0,0,0,9998,0,0.0
2022-04-28,0,0,0,9998,0,0.0
2022-04-29,10081,10737,9745,10687,1378478,0.06891378275655136
2022-05-02,10518,10854,10451,10704,393027,0.0015907176943950052
2022-05-03,10653,11056,10518,10889,678674,0.01728325859491786
2022-05-04,11090,11493,11090,11342,1014591,0.04160161631003767
2022-05-06,11090,11493,10972,11359,462505,0.0014988538176687882
2022-05-09,11342,11342,10636,10754,418987,-0.0532617307861607
2022-05-10,10518,10670,10249,10502,384598,-0.02343314115677886
2022-05-11,10502,10922,10502,10788,205528,0.02723290801752043
2022-05-12,10670,11174,10586,10821,393795,0.0030589543937709074
2022-05-13,10955,11342,10922,11225,410828,0.03733481193974675
2022-05-16,11308,11644,11056,11208,611036,-0.0015144766146992783
2022-05-17,11325,13610,10955,12922,5941579,0.15292648108493934
2022-05-18,13039,14181,12703,13577,9032460,0.05068874787184652
2022-05-19,13156,13560,13039,13191,1896243,-0.028430433821904688
2022-05-20,13039,13274,12871,13006,1108049,-0.014024713820028789
2022-05-23,12938,13056,12451,12670,1054241,-0.0258342303552207
2022-05-24,12636,12787,12367,12401,787323,-0.021231254932912447
2022-05-25,12417,12770,12215,12502,818864,0.008144504475445569
2022-05-26,12400,12669,12014,12350,1034792,-0.012158054711246202
2022-05-27,12451,12619,12283,12518,519711,0.013603238866396694
2022-05-30,12535,12720,12400,12518,526757,0.0
2022-05-31,12518,12636,12131,12300,849028,-0.017414922511583275
2022-06-02,14450,15200,12700,13000,2238709,0.05691056910569103
2022-06-03,13250,13550,12350,12450,582268,-0.04230769230769227
2022-06-07,12400,12450,11700,11800,331612,-0.052208835341365445
2022-06-08,11950,12450,11850,11950,351535,0.012711864406779627
2022-06-09,11900,12250,11700,12100,310361,0.012552301255230214
2022-06-10,14400,15700,14150,15700,1347713,0.2975206611570247
2022-06-13,17900,20400,17900,20400,907431,0.2993630573248407
2022-06-14,24500,25900,16800,17600,6316492,-0.13725490196078427
2022-06-15,17150,17950,16000,17000,1820636,-0.03409090909090906
2022-06-16,16750,18200,15550,15800,2440251,-0.07058823529411762
2022-06-17,15400,15450,14500,15200,1009445,-0.03797468354430378
2022-06-20,15400,15600,14050,14400,710655,-0.052631578947368474
2022-06-21,14400,15050,13700,14700,720981,0.02083333333333326
2022-06-22,14450,14500,12900,12900,706522,-0.12244897959183676
2022-06-23,10800,12500,10750,11700,2019019,-0.09302325581395354
2022-06-24,11950,12200,11150,11650,880806,-0.004273504273504258
2022-06-27,11300,12300,11150,11800,2473988,0.012875536480686733
2022-06-28,11900,12200,11450,11650,1155412,-0.012711864406779627
2022-06-29,11300,12350,11050,12200,2337641,0.047210300429184615
2022-06-30,11950,12150,11200,11200,1157816,-0.08196721311475408
2022-07-01,11500,11700,10600,10900,1109037,-0.0267857142857143
2022-07-04,10900,11000,10350,10700,729856,-0.01834862385321101
2022-07-05,10950,11050,10450,11000,785924,0.028037383177569986
2022-07-06,10850,11150,10350,10350,710888,-0.05909090909090908
2022-07-07,10500,10750,10400,10650,453686,0.02898550724637672
2022-07-08,10750,11050,10700,10850,502295,0.018779342723004744
2022-07-11,10850,11200,10700,10900,524977,0.004608294930875667
2022-07-12,10750,10750,10050,10150,872692,-0.06880733944954132
2022-07-13,10050,10350,9960,10150,415942,0.0
2022-07-14,10150,10850,10050,10150,1048116,0.0
2022-07-15,10250,10700,10200,10300,1194614,0.014778325123152802
2022-07-18,10550,10850,10350,10700,696866,0.03883495145631066
2022-07-19,10600,10900,10500,10650,579479,-0.004672897196261627
2022-07-20,10900,11200,10750,10850,1014463,0.018779342723004744
2022-07-21,11100,11500,11050,11350,1732742,0.04608294930875578
2022-07-22,11400,11500,11050,11150,666824,-0.017621145374449365
2022-07-25,11250,11900,11200,11700,1787896,0.049327354260089606
2022-07-26,11750,12800,11700,12600,5675688,0.07692307692307687
2022-07-27,13000,13300,12250,12500,3146676,-0.007936507936507908
2022-07-28,12750,12800,12100,12550,1314638,0.0040000000000000036
2022-07-29,12450,12750,12300,12300,896459,-0.019920318725099584
2022-08-01,12300,12850,12300,12400,1339555,0.008130081300812941
2022-08-02,12450,12650,12050,12100,693404,-0.024193548387096753
2022-08-03,12350,12750,12350,12500,1272972,0.03305785123966931
2022-08-04,12600,12700,12400,12550,673232,0.0040000000000000036
2022-08-05,12650,12650,12100,12250,774907,-0.0239043824701195
2022-08-08,12200,12250,11850,12200,531402,-0.004081632653061273
2022-08-09,12300,12300,11900,11950,432020,-0.020491803278688492
2022-08-10,11900,12100,11800,11800,369540,-0.012552301255230103
2022-08-11,12050,12500,11950,12300,1037456,0.04237288135593231
2022-08-12,12350,12500,12100,12400,691664,0.008130081300812941
2022-08-16,12600,12750,12400,12450,876828,0.0040322580645162365
2022-08-17,12400,13250,12150,13250,2821228,0.06425702811244971
2022-08-18,13700,14300,12950,13100,5272779,-0.01132075471698113
2022-08-19,13000,13100,12450,12500,1009696,-0.04580152671755722
2022-08-22,12200,12300,11950,11950,678928,-0.04400000000000004
2022-08-23,11750,12200,11700,11950,493341,0.0
2022-08-24,12050,12100,11650,11900,503494,-0.004184100418409997
2022-08-25,11900,12550,11900,12250,873370,0.02941176470588225
2022-08-26,12450,12650,12250,12450,646163,0.01632653061224487
2022-08-29,11750,12100,11750,11900,432870,-0.04417670682730923
2022-08-30,12150,12850,12100,12650,1271609,0.06302521008403361
2022-08-31,12500,13200,12400,13200,1890547,0.04347826086956519
2022-09-01,13250,13350,12750,12850,1319675,-0.02651515151515149
2022-09-02,13050,13650,12650,13650,1920315,0.0622568093385214
2022-09-05,13600,13950,12450,12600,2428858,-0.07692307692307687
2022-09-06,12700,13200,12600,13000,1153087,0.031746031746031855
2022-09-07,12900,13550,12850,13550,1695410,0.04230769230769238
2022-09-08,13550,13650,13200,13200,1128299,-0.02583025830258301
2022-09-13,13450,13550,13150,13350,1001663,0.011363636363636465
2022-09-14,12900,14400,12850,14400,3925596,0.0786516853932584
2022-09-15,15350,15800,13950,14100,7445213,-0.02083333333333337
2022-09-16,13950,16450,13900,16450,12440120,0.16666666666666674
2022-09-19,16250,17550,15650,16200,11053904,-0.015197568389057725
2022-09-20,18100,18200,16300,16300,9329490,0.006172839506172867
2022-09-21,17250,18450,16850,17600,13419791,0.07975460122699385
2022-09-22,17050,18300,16700,18300,5830065,0.03977272727272729
2022-09-23,18150,18800,17550,18450,6662336,0.008196721311475308
2022-09-26,17700,17900,15700,16250,4893787,-0.1192411924119241
2022-09-27,16800,16950,15300,16650,4931410,0.024615384615384706
2022-09-28,16200,16350,15150,15500,3502823,-0.06906906906906907
2022-09-29,15600,15900,13800,13800,4478017,-0.10967741935483866
2022-09-30,13600,13900,13100,13400,2618774,-0.02898550724637683
2022-10-04,13850,14800,13750,14550,4274663,0.08582089552238803
2022-10-05,15000,15150,14350,14750,3105909,0.013745704467353903
2022-10-06,14700,15250,14500,15050,1651681,0.02033898305084736
2022-10-07,14700,15200,14200,14300,1946668,-0.04983388704318936
2022-10-11,13750,14050,13350,13800,1069283,-0.034965034965035
2022-10-12,13700,14400,13600,14350,1691327,0.03985507246376807
2022-10-13,14400,14650,13850,13850,1404646,-0.03484320557491294
2022-10-14,14500,15200,14450,14900,1977555,0.07581227436823101
2022-10-17,14650,15500,14550,15450,1481475,0.03691275167785224
2022-10-18,15700,16700,15250,16550,3203806,0.07119741100323629
2022-10-19,16450,17050,15950,16050,2358743,-0.030211480362537735
2022-10-20,16150,16400,15650,16100,1422519,0.0031152647975076775
2022-10-21,15800,15900,15000,15050,1452118,-0.06521739130434778
2022-10-24,15500,15950,15300,15400,1275365,0.023255813953488413
2022-10-25,15500,16250,15450,16100,1830615,0.045454545454545414
2022-10-26,16200,16900,15400,15400,2721870,-0.04347826086956519
2022-10-27,16400,16450,15550,15650,2099035,0.016233766233766156
2022-10-28,15300,16000,15250,15750,948054,0.006389776357827559
2022-10-31,15900,16100,15700,15700,938983,-0.0031746031746031633
2022-11-01,15550,15750,15150,15750,980365,0.0031847133757962887
2022-11-02,15750,15950,15300,15400,762468,-0.022222222222222254
2022-11-03,14900,15600,14850,15450,786959,0.0032467532467532756
2022-11-04,15350,16500,15300,16300,2371023,0.055016181229773364
2022-11-07,16800,17350,16450,16650,3487270,0.021472392638036908
2022-11-08,17000,17800,16600,16650,4027267,0.0
2022-11-09,16800,17400,16450,17150,2201087,0.03003003003003002
2022-11-10,17000,17750,16850,17250,2368141,0.005830903790087438
2022-11-11,17800,17950,17200,17400,1767871,0.008695652173912993
2022-11-14,17300,17350,16550,16750,1282457,-0.03735632183908044
2022-11-15,16750,17000,16550,16650,813840,-0.005970149253731294
2022-11-16,16700,17650,16550,17200,2452846,0.033033033033033066
2022-11-17,17050,17350,16750,16850,726421,-0.02034883720930236
2022-11-18,16850,17650,16600,16650,1402105,-0.011869436201780381
2022-11-21,16800,17150,16050,16300,826670,-0.02102102102102099
2022-11-22,16350,16550,15600,15850,968318,-0.027607361963190136
2022-11-23,16000,16250,15800,16100,605008,0.01577287066246047
2022-11-24,16250,16650,16250,16500,814217,0.024844720496894457
2022-11-25,16650,16650,15950,16100,691136,-0.024242424242424288
2022-11-28,16000,17300,15850,17100,3003475,0.06211180124223592
2022-11-29,17200,17950,17100,17850,2493596,0.04385964912280693
2022-11-30,17900,18150,17400,17950,1441289,0.0056022408963585235
2022-12-01,18250,20050,17500,18800,9673804,0.0473537604456824
2022-12-02,18750,19400,18100,18300,2476162,-0.02659574468085102
2022-12-05,18400,18650,17500,17600,1705310,-0.03825136612021862
2022-12-06,17800,17950,17050,17100,1807697,-0.02840909090909094
2022-12-07,16800,17150,16550,16900,918988,-0.011695906432748537
2022-12-08,16850,17150,16700,16950,496045,0.002958579881656709
2022-12-09,17050,17200,16200,16500,1211935,-0.026548672566371723
2022-12-12,16350,16750,16200,16500,490492,0.0
2022-12-13,16650,16850,16350,16600,353077,0.0060606060606061
2022-12-14,16600,17400,16600,17400,678963,0.04819277108433728
2022-12-15,17300,17600,16900,17250,608260,-0.008620689655172376
2022-12-16,16750,17150,16600,16600,472347,-0.03768115942028982
2022-12-19,16500,17500,16300,16650,1181535,0.003012048192771122
2022-12-20,16550,17000,15700,15800,1040915,-0.05105105105105101
2022-12-21,16000,16050,15000,15050,1365111,-0.04746835443037978
2022-12-22,15250,15600,15000,15200,743875,0.009966777408637828
2022-12-23,14800,15100,14550,14700,527291,-0.03289473684210531
2022-12-26,14650,15200,14500,14750,393856,0.00340136054421758
2022-12-27,14800,15150,14750,15050,506954,0.02033898305084736
2022-12-28,14850,14950,14400,14450,449444,-0.039867109634551534
2022-12-29,14350,14450,13550,13600,850227,-0.05882352941176472
2023-01-02,13700,14100,13500,13550,597322,-0.003676470588235281
2023-01-03,13500,13850,13150,13850,689574,0.022140221402213944
2023-01-04,13650,14350,13500,14250,723630,0.028880866425992746
2023-01-05,14350,14700,14100,14200,675594,-0.0035087719298245723
2023-01-06,14050,14650,14050,14350,510655,0.010563380281690238
2023-01-09,14750,14950,14600,14800,625914,0.03135888501742157
2023-01-10,14800,15100,14650,14800,526413,0.0
2023-01-11,14900,15150,14800,14950,461155,0.010135135135135087
2023-01-12,15050,15100,14800,14800,325108,-0.010033444816053505
2023-01-13,14900,15200,14850,14950,407486,0.010135135135135087
2023-01-16,15000,15200,14900,14900,462180,-0.0033444816053511683
2023-01-17,14950,14950,14200,14250,754510,-0.043624161073825496
2023-01-18,14400,14750,14300,14550,519899,0.021052631578947434
2023-01-19,14700,15550,14650,15500,1671997,0.06529209621993126
2023-01-20,15400,15550,15250,15500,581784,0.0
2023-01-25,15670,15670,15390,15410,608397,-0.005806451612903274
2023-01-26,15490,15860,15380,15830,631035,0.027255029201816994
2023-01-27,15980,16050,15680,15760,743094,-0.004421983575489619
2023-01-30,15840,15930,15270,15270,576150,-0.03109137055837563
2023-01-31,15150,15470,14910,15360,402928,0.005893909626718985
2023-02-01,15490,16580,15460,16300,2250870,0.06119791666666674
2023-02-02,16520,16730,16310,16480,933185,0.01104294478527601
2023-02-03,16560,17080,16300,16720,1154883,0.014563106796116498
2023-02-06,16580,16930,16420,16640,756689,-0.004784688995215336
2023-02-07,16700,16930,16440,16800,787545,0.009615384615384581
2023-02-08,16970,17540,16840,17390,1783400,0.035119047619047716
2023-02-09,17230,17770,16560,16620,1503032,-0.04427832087406558
2023-02-10,16580,17240,16450,16730,1119501,0.006618531889289958
2023-02-13,16800,16840,16160,16210,569081,-0.031081888822474646
2023-02-14,16300,16640,16270,16480,539115,0.016656384947563163
2023-02-15,16870,16870,15930,16110,703435,-0.022451456310679574
2023-02-16,16280,16460,16250,16280,406071,0.01055245189323406
2023-02-17,16090,16230,15690,15780,578151,-0.03071253071253066
2023-02-20,15750,16040,15650,15870,337615,0.005703422053231932
2023-02-21,15870,16450,15810,16380,708191,0.032136105860113506
2023-02-22,16100,17280,16100,17210,3763280,0.050671550671550714
2023-02-23,17310,18540,17130,17900,7478689,0.04009296920395111
2023-02-24,18180,18350,17490,17540,1862775,-0.020111731843575398
2023-02-27,17770,18480,17710,18340,2635288,0.04561003420752563
2023-02-28,18530,18770,18020,18250,1310629,-0.004907306434024039
2023-03-02,18310,18400,17610,18150,1342777,-0.005479452054794498
2023-03-03,18290,18620,17720,17740,1228969,-0.022589531680440755
2023-03-06,17830,19390,17500,18640,3883656,0.050732807215332576
2023-03-07,18450,19110,18300,18830,1638675,0.010193133047210257
2023-03-08,18880,20600,18860,19560,7537162,0.038767923526287884
2023-03-09,19420,19460,17830,18020,2122729,-0.07873210633946826
2023-03-10,17530,17880,16960,17170,1236366,-0.047169811320754707
2023-03-13,17000,17650,16990,17300,770000,0.007571345369831173
2023-03-14,17200,17200,16300,16400,917233,-0.052023121387283267
2023-03-15,16840,17140,16620,16920,592050,0.03170731707317076
2023-03-16,16710,17480,16510,17240,779782,0.01891252955082745
2023-03-17,17530,17820,17300,17490,759480,0.01450116009280733
2023-03-20,17540,18420,17200,18200,1486517,0.04059462550028581
2023-03-21,18390,18390,17850,17900,679265,-0.016483516483516536
2023-03-22,18200,18700,18080,18560,1297421,0.036871508379888285
2023-03-23,18310,19150,18200,18420,1956034,-0.007543103448275912
2023-03-24,18640,18700,17920,18260,899116,-0.008686210640608039
2023-03-27,18170,18500,17910,18150,653859,-0.0060240963855421326
2023-03-28,18170,18650,18000,18570,988124,0.023140495867768562
2023-03-29,18520,18530,18160,18250,583938,-0.017232094776521323
2023-03-30,18380,19330,18330,19000,2374500,0.041095890410958846
2023-03-31,19190,19290,18070,18090,1236644,-0.04789473684210521
2023-04-03,18210,18230,17590,17970,824283,-0.0066334991708125735
2023-04-04,18100,18590,17580,17700,1126297,-0.015025041736227096
2023-04-05,17500,17810,17450,17480,761503,-0.012429378531073398
2023-04-06,17490,17780,17230,17590,598568,0.0062929061784897655
2023-04-07,17600,18160,17560,18050,696481,0.026151222285389464
2023-04-10,18150,18170,17500,17580,603675,-0.026038781163434943
2023-04-11,17610,19300,17600,19130,6105040,0.08816837315130832
2023-04-12,20850,22800,20250,21850,16518296,0.1421850496602195
2023-04-13,21850,23600,21050,22350,9105093,0.022883295194507935
2023-04-14,22200,23150,21400,22500,4293967,0.006711409395973256
2023-04-17,21900,22150,20400,21150,2453649,-0.06000000000000005
2023-04-18,21000,21750,20600,21200,1741623,0.0023640661938533203
2023-04-19,21000,21700,20800,21450,1255824,0.011792452830188704
2023-04-20,21100,21200,20150,20200,1020420,-0.0582750582750583
2023-04-21,19990,20650,19570,20300,1077574,0.004950495049504955
2023-04-24,20650,21200,20050,20500,963441,0.009852216748768461
2023-04-25,20450,21050,19820,20350,1048233,-0.007317073170731714
2023-04-26,20950,21600,19900,19900,2364846,-0.02211302211302213
2023-04-27,19800,20400,19570,19610,1018430,-0.014572864321608092
2023-04-28,19980,20500,18950,19000,1230033,-0.03110657827638963
2023-05-02,19180,19690,18760,19630,579972,0.03315789473684205
2023-05-03,19490,20050,19300,19550,510726,-0.004075394803871646
2023-05-04,19550,19550,18820,19210,601100,-0.017391304347826098
2023-05-08,19380,20550,19360,20200,1018828,0.05153565851119213
2023-05-09,20600,20850,19940,20600,885973,0.01980198019801982
2023-05-10,20950,21200,20450,20600,1107293,0.0
2023-05-11,21150,21450,20650,20900,1503362,0.014563106796116498
2023-05-12,21150,21500,20350,20500,1133387,-0.019138755980861233
2023-05-15,20200,20600,19580,19830,891520,-0.03268292682926832
2023-05-16,19950,20250,19500,19700,595740,-0.00655572365103374
2023-05-17,19610,20900,19570,20800,809823,0.055837563451776706
2023-05-18,21150,21250,20500,20800,744970,0.0
2023-05-19,21650,21850,20650,21000,1366906,0.009615384615384581
2023-05-22,21000,21200,20700,20950,538041,-0.0023809523809523725
2023-05-23,21250,21750,20600,20650,1197321,-0.014319809069212375
2023-05-24,20650,21050,20350,20900,497182,0.012106537530266248
2023-05-25,21000,21750,20450,21550,1080707,0.031100478468899517
2023-05-26,21100,21550,20800,20800,714213,-0.03480278422273786
2023-05-30,21000,21050,20600,20900,412976,0.004807692307692291
2023-05-31,20900,21100,20700,20750,379672,-0.0071770334928229484
2023-06-01,20950,21150,20700,20900,499950,0.0072289156626506035
2023-06-02,20900,20950,20600,20600,421624,-0.014354066985645897
2023-06-05,20600,20800,20200,20300,446087,-0.014563106796116498
2023-06-07,20400,20450,20150,20300,304222,0.0
2023-06-08,20150,20450,19900,19980,420879,-0.015763546798029604
2023-06-09,20200,20450,20000,20250,306512,0.013513513513513598
2023-06-12,20350,20450,20000,20100,285486,-0.007407407407407418
2023-06-13,20250,21300,20200,21300,1310737,0.05970149253731338
2023-06-14,21300,21350,20100,20200,1035747,-0.05164319248826288
2023-06-15,20300,20700,19950,20100,430109,-0.004950495049504955
2023-06-16,20350,20350,19780,19890,562671,-0.010447761194029903
2023-06-19,19890,19890,19130,19320,674008,-0.02865761689291102
2023-06-20,19120,19130,18780,18860,557807,-0.023809523809523836
2023-06-21,18910,19330,18910,19130,368110,0.014316012725344551
2023-06-22,18910,19240,18500,19220,247004,0.00470465237846307
2023-06-23,19230,19450,19110,19250,282192,0.0015608740894901274
2023-06-26,19270,19440,19050,19110,259475,-0.0072727272727273196
2023-06-27,19400,19540,19190,19200,255832,0.0047095761381474865
2023-06-28,19330,19480,19080,19180,234832,-0.0010416666666667185
2023-06-29,19300,19330,18610,18650,307657,-0.027632950990615246
2023-06-30,18650,19210,18610,18860,267458,0.011260053619303045
2023-07-03,19020,19700,19020,19270,450692,0.021739130434782705
2023-07-04,19310,19460,19210,19290,201484,0.0010378827192527584
2023-07-05,19400,19400,18850,18860,340773,-0.022291342664593095
2023-07-06,18900,19330,18800,18900,418923,0.0021208907741250282
2023-07-07,18880,18880,18150,18240,426531,-0.03492063492063491
2023-07-10,18200,18220,17630,17880,338480,-0.019736842105263164
2023-07-11,17930,18280,17930,18250,197994,0.02069351230425065
2023-07-12,18410,18430,18090,18370,193163,0.006575342465753531
2023-07-13,18390,18500,18060,18120,362567,-0.013609145345672258
2023-07-14,18150,18350,17740,18170,403755,0.0027593818984548157
2023-07-17,18170,18770,17920,18540,529605,0.020363236103467353
2023-07-18,18950,19270,18260,18490,635989,-0.0026968716289104133
2023-07-19,18670,19650,18450,19410,1612757,0.04975662520281232
2023-07-20,19140,19420,18890,19020,503290,-0.020092735703245768
2023-07-21,18800,19190,18610,18690,365034,-0.017350157728706628
2023-07-24,18690,18690,18090,18110,513825,-0.031032637774210836
2023-07-25,18000,18350,17790,17810,445680,-0.01656543346217554
2023-07-26,17820,17850,16640,16720,861050,-0.06120157215047728
2023-07-27,16720,17960,16720,17410,591666,0.04126794258373212
2023-07-28,17610,18050,17370,17660,332340,0.014359563469270586
2023-07-31,17970,18700,17800,18420,478645,0.04303510758776907
2023-08-01,18500,18700,18050,18400,480701,-0.0010857763300760048
2023-08-02,18380,18520,17760,17780,292238,-0.033695652173913015
2023-08-03,17550,18200,17480,17920,274326,0.007874015748031482
2023-08-04,17970,18300,17770,18010,158725,0.005022321428571397
2023-08-07,18010,18010,17360,17450,267554,-0.031093836757356996
2023-08-08,17430,17560,17000,17020,261617,-0.024641833810888247
2023-08-09,17000,17980,16890,17900,441697,0.051703877790834296
2023-08-10,18100,18340,17400,17480,436433,-0.02346368715083802
2023-08-11,17500,18350,17500,18030,430315,0.031464530892448606
2023-08-14,18000,18000,17250,17360,283585,-0.03716028840820851
2023-08-16,17230,17230,16500,16510,415775,-0.04896313364055305
2023-08-17,16400,16780,15980,16450,278542,-0.00363416111447612
2023-08-18,16430,16890,16190,16750,216183,0.01823708206686936
2023-08-21,16830,16950,16580,16600,153879,-0.008955223880596996
2023-08-22,16620,16760,16320,16330,167072,-0.016265060240963858
2023-08-23,16280,16550,16260,16340,133898,0.0006123698714022296
2023-08-24,16340,16590,16340,16420,133110,0.004895960832313362
2023-08-25,16290,16320,16110,16130,143785,-0.017661388550548107
2023-08-28,16130,16410,16050,16320,140789,0.011779293242405453
2023-08-29,16400,16850,16400,16760,214666,0.026960784313725394
2023-08-30,17200,19200,17160,18400,5886023,0.09785202863961806
2023-08-31,19090,19090,18200,18200,1563393,-0.010869565217391353
2023-09-01,18360,18900,17950,18010,814494,-0.010439560439560402
2023-09-04,18010,18680,17630,18640,709847,0.03498056635202662
2023-09-05,18870,19000,18400,18680,595632,0.0021459227467810482
2023-09-06,18470,18950,18450,18540,591437,-0.00749464668094213
2023-09-07,18300,18900,18230,18540,522803,0.0
2023-09-08,18520,18800,18200,18290,218685,-0.013484358144552289
2023-09-11,18360,18870,18340,18700,534061,0.022416621104428547
2023-09-12,19700,19840,18260,18260,1771132,-0.02352941176470591
2023-09-13,18260,19250,18260,18570,893662,0.016976998904709717
2023-09-14,18630,19170,18320,19170,682361,0.03231017770597733
2023-09-15,19140,19190,18630,18660,375729,-0.026604068857590035
2023-09-18,18660,18750,18150,18190,312809,-0.02518756698821012
2023-09-19,18270,18320,17850,17850,216543,-0.01869158878504673
2023-09-20,17850,18330,17850,17900,205897,0.0028011204481792618
2023-09-21,17850,18300,17050,17050,368947,-0.04748603351955305
2023-09-22,16580,17070,16530,16810,211973,-0.014076246334310816
2023-09-25,16670,16850,16500,16510,184385,-0.01784651992861397
2023-09-26,16510,16740,16440,16440,136004,-0.004239854633555473
2023-09-27,16270,16830,16230,16770,116866,0.02007299270072993
2023-10-04,16520,17230,16360,16360,191971,-0.02444841979725698
2023-10-05,16700,17120,16150,16150,234664,-0.012836185819070867
2023-10-06,16010,16960,16010,16750,175755,0.037151702786377694
2023-10-10,16750,16940,16070,16160,215514,-0.03522388059701498
2023-10-11,16400,16590,16400,16480,103213,0.01980198019801982
2023-10-12,16580,17020,16580,16860,168112,0.02305825242718451
2023-10-13,16800,16930,16600,16850,121303,-0.0005931198102017143
2023-10-16,16790,16800,16370,16570,126957,-0.016617210682492556
2023-10-17,16670,17110,16670,16960,166080,0.023536511768255775
2023-10-18,16990,17080,16720,16850,118043,-0.006485849056603765
2023-10-19,16600,16640,16110,16130,196287,-0.04272997032640946
2023-10-20,16000,16080,15250,15290,294817,-0.05207687538747674
2023-10-23,15100,15400,14970,14970,148966,-0.02092871157619358
2023-10-24,15020,15400,14840,15370,186389,0.026720106880427474
2023-10-25,15480,15530,15080,15130,135178,-0.01561483409238773
2023-10-26,14600,14790,14260,14260,226017,-0.057501652346331755
2023-10-27,14290,14770,14210,14420,169089,0.011220196353436185
2023-10-30,14350,14970,14240,14810,185204,0.027045769764216354
2023-10-31,14830,15000,14170,14240,124797,-0.03848750844024307
2023-11-01,14350,14630,14350,14520,94321,0.0196629213483146
2023-11-02,14850,15130,14760,15070,140930,0.037878787878787845
2023-11-03,15200,15440,15060,15290,159153,0.014598540145985384
2023-11-06,15580,15880,15380,15880,227838,0.038587311968606874
2023-11-07,15950,15950,15250,15680,159511,-0.012594458438287104
2023-11-08,15720,15850,15520,15520,115903,-0.010204081632653073
2023-11-09,15520,15650,15300,15400,82882,-0.0077319587628865705
2023-11-10,15150,15280,14890,14980,112812,-0.027272727272727226
2023-11-13,15060,15480,14600,14600,144753,-0.025367156208277675
2023-11-14,14640,15180,14640,15120,104059,0.03561643835616435
2023-11-15,15390,15560,15260,15460,150394,0.022486772486772555
2023-11-16,15480,15930,15340,15750,237199,0.01875808538163004
2023-11-17,15920,15920,15320,15360,161097,-0.024761904761904763
2023-11-20,15430,15660,15350,15550,116163,0.01236979166666674
2023-11-21,15610,15860,15550,15760,135515,0.013504823151125445
2023-11-22,15630,16120,15470,15980,253264,0.013959390862944066
2023-11-23,15930,15930,15580,15650,262393,-0.020650813516896127
2023-11-24,15730,16360,15720,16190,661378,0.03450479233226833
2023-11-27,16180,16180,15780,16010,272691,-0.011117974058060476
2023-11-28,16200,16360,16010,16210,275128,0.012492192379762734
2023-11-29,16350,16450,16110,16200,273631,-0.0006169031462059937
2023-11-30,16290,16350,16120,16230,176806,0.0018518518518517713
2023-12-01,16170,16170,15780,15780,222618,-0.027726432532347522
2023-12-04,15820,15970,15460,15480,221815,-0.019011406844106515
2023-12-05,15440,15670,15150,15150,172769,-0.02131782945736438
2023-12-06,15150,15290,15020,15160,129411,0.0006600660066007347
2023-12-07,15050,15100,14800,14800,196782,-0.0237467018469657
2023-12-08,14910,15240,14910,15130,156597,0.022297297297297236
2023-12-11,15260,15530,15210,15530,146912,0.026437541308658385
2023-12-12,15530,15590,15380,15530,124708,0.0
2023-12-13,15500,15750,15270,15690,183537,0.010302640051513157
2023-12-14,15850,15920,15500,15720,526955,0.0019120458891013214
2023-12-15,15800,16070,15460,15510,304978,-0.013358778625954248
2023-12-18,15800,16000,15770,15880,201247,0.023855577047066312
2023-12-19,15830,15830,15550,15640,186196,-0.015113350125944613
2023-12-20,15630,16220,15610,16130,353121,0.031329923273657245
2023-12-21,16190,17050,16190,16630,1108910,0.030998140111593298
2023-12-22,16720,16900,16600,16670,336885,0.0024052916416115178
2023-12-26,16980,17410,16760,17000,607129,0.019796040791841607
2023-12-27,17100,17480,17000,17150,348732,0.008823529411764675
2023-12-28,17320,18650,17250,17850,1929785,0.04081632653061229
2024-01-02,18200,18460,17710,17750,782412,-0.0056022408963585235
2024-01-03,17580,18170,17510,17650,357476,-0.005633802816901401
2024-01-04,17550,17990,17150,17200,442022,-0.025495750708215303
2024-01-05,17130,17380,16970,17170,221629,-0.0017441860465116088
2024-01-08,17230,17280,16940,16980,286002,-0.011065812463599278
2024-01-09,16990,17330,16980,17180,283944,0.011778563015312216
2024-01-10,17200,17320,16980,17110,217331,-0.004074505238649606
2024-01-11,17110,17500,17000,17320,337060,0.012273524254821755
2024-01-12,17240,17370,16710,16740,364347,-0.03348729792147809
2024-01-15,16650,17050,16450,16790,267020,0.0029868578255674016
2024-01-16,16820,17000,16470,16630,182544,-0.009529481834425257
2024-01-17,16670,16790,15980,16080,289379,-0.03307276007215876
2024-01-18,16100,16420,15850,16130,191041,0.003109452736318463
2024-01-19,16320,16670,16290,16500,192963,0.02293862368257904
2024-01-22,16780,16780,16300,16390,167592,-0.00666666666666671
2024-01-23,16440,16500,16170,16270,161890,-0.007321537522879784
2024-01-24,16270,16290,15970,16180,159550,-0.005531653349723387
2024-01-25,16300,16300,15850,16030,166628,-0.009270704573547617
2024-01-26,16020,16190,15920,15950,172689,-0.004990642545227741
2024-01-29,16040,16040,15610,15680,212816,-0.01692789968652042
2024-01-30,15810,16330,15680,15700,244490,0.0012755102040815647
2024-01-31,15610,15890,15350,15410,178777,-0.01847133757961783
2024-02-01,15450,15950,15340,15610,271745,0.0129785853341986
2024-02-02,15750,16290,15750,16230,267536,0.03971812940422814
2024-02-05,16230,16300,15860,16020,154440,-0.012939001848428888
2024-02-06,16000,16150,15560,15570,190686,-0.028089887640449396
2024-02-07,15780,15950,15500,15630,135321,0.003853564547206201
2024-02-08,15660,16010,15660,15680,177695,0.0031989763275752647
2024-02-13,15700,16250,15700,16000,188079,0.020408163265306145
2024-02-14,15800,16290,15660,16160,190431,0.010000000000000009
2024-02-15,16340,16340,15850,15930,198836,-0.01423267326732669
2024-02-16,15990,16210,15930,16170,195735,0.015065913370998052
2024-02-19,16350,16420,16120,16150,178336,-0.0012368583797155441
2024-02-20,16140,16290,15910,15930,240277,-0.013622291021671784
2024-02-21,15890,16020,15760,15780,132454,-0.00941619585687381
2024-02-22,15790,15920,15730,15840,136746,0.0038022813688212143
2024-02-23,15840,15860,15500,15500,208943,-0.02146464646464652
2024-02-26,15380,15510,15340,15360,123820,-0.00903225806451613
2024-02-27,15360,15400,14940,14940,218667,-0.02734375
2024-02-28,14850,15080,14830,14940,129554,0.0
2024-02-29,14940,15170,14850,15070,183155,0.008701472556894352
2024-03-04,15080,15430,15080,15200,128787,0.00862641008626408
2024-03-05,15190,15190,14840,14860,173888,-0.022368421052631593
2024-03-06,14830,15070,14700,14700,166909,-0.010767160161507361
2024-03-07,14710,14830,14410,14420,204659,-0.01904761904761909
2024-03-08,14450,14750,14360,14370,145779,-0.0034674063800277377
2024-03-11,14200,14710,14120,14380,175481,0.0006958942240780086
2024-03-12,14480,14820,14430,14770,148987,0.02712100139082052
2024-03-13,14850,14890,14700,14730,89113,-0.0027081922816519777
2024-03-14,14730,15040,14680,14880,112042,0.010183299389002087
2024-03-15,14800,14800,14580,14660,106135,-0.014784946236559127
2024-03-18,14480,14850,14460,14580,124539,-0.00545702592087316
2024-03-19,14480,14580,14190,14200,221425,-0.026063100137174167
2024-03-20,14330,14490,14220,14270,106009,0.004929577464788837
2024-03-21,14370,14530,14330,14340,90468,0.004905395935529189
2024-03-22,14230,14370,14200,14270,135431,-0.004881450488145034
2024-03-25,14200,14450,14200,14200,145687,-0.004905395935529078
2024-03-26,14180,14320,13900,13920,265358,-0.019718309859154903
2024-03-27,14050,14270,13880,13900,213147,-0.001436781609195359
2024-03-28,13910,14120,13800,13810,169909,-0.006474820143884896
2024-03-29,13750,13890,13380,13400,376232,-0.029688631426502576
2024-04-01,13410,13870,13410,13850,192239,0.033582089552238736
2024-04-02,13850,13850,13550,13590,138986,-0.01877256317689535
2024-04-03,13550,13560,13360,13380,123006,-0.015452538631346546
2024-04-04,13400,13770,13280,13340,167058,-0.002989536621823663
2024-04-05,13210,13340,12940,12940,215870,-0.02998500749625188
2024-04-08,13190,13800,13190,13220,333128,0.021638330757341562
2024-04-09,13250,13560,13200,13210,177062,-0.0007564296520423675
2024-04-11,13050,13080,12710,12970,140797,-0.018168054504163478
2024-04-12,13090,13090,12450,12660,188464,-0.02390131071703927
2024-04-15,12470,12650,12120,12650,295424,-0.0007898894154818592
2024-04-16,13770,14260,12880,12890,2642871,0.018972332015810167
2024-04-17,12950,13200,12660,12660,278209,-0.01784328937160584
2024-04-18,12660,12880,12630,12700,169880,0.003159557661927437
2024-04-19,12630,12650,12070,12230,269488,-0.03700787401574801
2024-04-22,12300,13240,12300,13040,456917,0.06623058053965658
2024-04-23,13000,13120,12660,12980,187594,-0.004601226993865004
2024-04-24,13300,13630,13240,13280,364819,0.023112480739599484
2024-04-25,13200,13590,13150,13340,162622,0.004518072289156683
2024-04-26,13460,13470,13220,13360,115543,0.0014992503748125774
2024-04-29,13590,14160,13510,13960,473417,0.04491017964071853
2024-04-30,15290,15840,14420,14480,2665375,0.0372492836676217
2024-05-02,14250,14970,14190,14870,541985,0.026933701657458453
2024-05-03,15020,15160,14700,15020,524255,0.01008742434431742
2024-05-07,15030,15780,14950,15760,973578,0.04926764314247678
2024-05-08,15600,15600,14600,14700,1000686,-0.06725888324873097
2024-05-09,14700,14770,13900,14090,472935,-0.04149659863945576
2024-05-10,14150,14150,13670,13670,339491,-0.029808374733853782
2024-05-13,13680,13810,13300,13340,305359,-0.024140453547915164
2024-05-14,13340,13560,13210,13290,286527,-0.0037481259370314435
2024-05-16,13410,13650,13320,13420,207267,0.009781790820165615
2024-05-17,13410,13740,13380,13460,276317,0.0029806259314455463
2024-05-20,13460,13590,13370,13410,99006,-0.003714710252600284
2024-05-21,13410,13540,13250,13300,137200,-0.00820283370618946
2024-05-22,13310,13450,13180,13310,124416,0.0007518796992480592
2024-05-23,13320,13400,13110,13310,89730,0.0
2024-05-24,13130,13280,13100,13110,105008,-0.015026296018031515
2024-05-27,13110,13180,12920,13080,149563,-0.0022883295194507935
2024-05-28,13470,13650,13170,13200,268587,0.00917431192660545
2024-05-29,13130,13190,12970,13100,131262,-0.007575757575757569
2024-05-30,13030,13100,12930,13050,86106,-0.003816793893129722
2024-05-31,13070,13230,12980,13050,117655,0.0
2024-06-03,13050,13390,13000,13230,119422,0.01379310344827589
2024-06-04,13100,13350,13100,13110,103638,-0.009070294784580546
2024-06-05,13120,13550,13120,13510,189629,0.030511060259343914
2024-06-07,13490,13550,13350,13380,142016,-0.00962250185048108
2024-06-10,13340,13530,13160,13280,135624,-0.007473841554558991
2024-06-11,13290,13430,13170,13220,70263,-0.004518072289156572
2024-06-12,13140,13680,13080,13300,378256,0.00605143721633894
2024-06-13,13360,13390,13170,13230,167683,-0.0052631578947368585
2024-06-14,13300,13610,13240,13300,291476,0.005291005291005346
2024-06-17,13290,13470,13190,13210,120330,-0.006766917293233088
2024-06-18,13610,13840,13300,13390,527209,0.01362604087812258
2024-06-19,13810,13810,13530,13540,285914,0.011202389843166571
2024-06-20,13650,13810,13400,13600,205232,0.004431314623338345
2024-06-21,13610,13610,13310,13410,129866,-0.013970588235294068
2024-06-24,13410,13410,13200,13230,93717,-0.01342281879194629
2024-06-25,13140,13360,13130,13200,84777,-0.0022675736961451642
2024-06-26,13310,13420,13170,13270,74115,0.005303030303030365
2024-06-27,13330,13330,13030,13030,73871,-0.018085908063300682
2024-06-28,13020,13070,12940,12970,83555,-0.004604758250191909
2024-07-01,12970,13010,12910,12970,62467,0.0
2024-07-02,12970,12990,12620,12700,123010,-0.020817270624518103
2024-07-03,12740,13320,12710,12710,185128,0.0007874015748030594
2024-07-04,12850,12960,12590,12610,89636,-0.007867820613689958
2024-07-05,12610,12670,12340,12400,119311,-0.016653449643140417
2024-07-08,12320,12430,12210,12430,89527,0.0024193548387096975
2024-07-09,12390,12550,12390,12500,73317,0.005631536604987941
2024-07-10,12610,12620,12400,12430,73558,-0.005600000000000049
2024-07-11,12610,12730,12510,12520,104313,0.007240547063555924
2024-07-12,12450,12510,12400,12420,70490,-0.007987220447284393
2024-07-15,12470,12750,12410,12690,91216,0.021739130434782705
2024-07-16,12650,13240,12620,13050,273632,0.028368794326241176
2024-07-17,13020,13160,12720,12720,107558,-0.025287356321839094
2024-07-18,12700,12770,12450,12700,75095,-0.0015723270440252124
2024-07-19,12560,12780,12550,12620,59287,-0.006299212598425252
2024-07-22,12500,12590,12210,12280,127246,-0.02694136291600635
2024-07-23,12300,12470,12200,12210,113708,-0.005700325732899025
2024-07-24,12080,12440,12070,12210,128929,0.0
2024-07-25,12000,12090,11830,11900,137522,-0.025389025389025432
2024-07-26,11850,12050,11840,11840,68308,-0.005042016806722671
2024-07-29,11800,11950,11740,11740,75022,-0.008445945945945943
2024-07-30,11740,11740,11530,11530,79396,-0.017887563884156688
2024-07-31,11550,11570,11240,11340,100314,-0.01647875108412833
2024-08-01,11340,11660,11340,11600,56671,0.022927689594356204
2024-08-02,11400,11400,10980,10990,137022,-0.05258620689655169
2024-08-05,10850,10890,9200,9200,329185,-0.16287534121929026
2024-08-06,9200,9920,9200,9790,290405,0.0641304347826086
2024-08-07,9750,9950,9640,9640,190644,-0.01532175689479065
2024-08-08,9450,9750,9310,9490,149553,-0.01556016597510368
2024-08-09,9720,10150,9710,9870,305397,0.04004214963119068
2024-08-12,9890,10490,9850,10430,170088,0.05673758865248235
2024-08-13,10490,10500,10030,10150,105212,-0.02684563758389258
2024-08-14,10300,10500,10240,10380,104483,0.022660098522167438
2024-08-16,10640,10950,10470,10800,156799,0.040462427745664664
2024-08-19,10720,10860,10210,10250,177564,-0.05092592592592593
2024-08-20,10240,10500,10240,10400,117232,0.014634146341463428
2024-08-21,10300,10390,10220,10380,78617,-0.0019230769230769162
2024-08-22,10400,10450,10150,10230,76068,-0.014450867052023142
2024-08-23,10150,10230,10010,10140,69453,-0.008797653958944274
2024-08-26,10150,10260,9930,9950,97758,-0.018737672583826415
2024-08-27,9960,9990,9760,9910,84751,-0.004020100502512558
2024-08-28,10010,10180,9860,10110,195541,0.020181634712411745
2024-08-29,10980,12380,10430,10490,3867955,0.03758654797230454
2024-08-30,10490,10740,10420,10630,578636,0.013346043851286904
2024-09-02,11500,11930,11050,11180,1546658,0.05174035747883354
2024-09-03,11100,11220,10920,10970,295547,-0.01878354203935595
2024-09-04,10430,10700,10400,10590,229003,-0.034639927073837784
2024-09-05,10590,11160,10340,11160,576845,0.053824362606232246
2024-09-06,11830,12270,10810,10820,2731860,-0.03046594982078854
2024-09-09,10470,10970,10350,10880,319573,0.005545286506469571
2024-09-10,10880,10990,10340,10340,257647,-0.049632352941176516
2024-09-11,10540,10830,10250,10260,333792,-0.007736943907156624
2024-09-12,10800,11580,10660,10700,1474674,0.042884990253411415
2024-09-13,10720,11100,10680,11000,427518,0.028037383177569986
2024-09-19,11260,12620,10910,11990,4878274,0.09000000000000008
2024-09-20,12000,12220,11910,12070,875744,0.006672226855713115
2024-09-23,12070,12530,11950,12180,1053387,0.009113504556752305
2024-09-24,12580,12580,11970,12150,877998,-0.0024630541871921707
2024-09-25,12230,12230,11810,11900,361366,-0.020576131687242816
2024-09-26,12030,12220,12000,12220,394666,0.026890756302520913
2024-09-27,12220,12220,11940,11980,329126,-0.019639934533551506
2024-09-30,12100,12160,11880,12000,190944,0.0016694490818029983
2024-10-02,11870,12240,11610,11970,419325,-0.0024999999999999467
2024-10-04,11800,12090,11500,12080,310785,0.009189640768588081
2024-10-07,12310,12420,12040,12060,396835,-0.0016556291390728006
2024-10-08,11650,11810,11470,11480,293348,-0.04809286898839138
2024-10-10,11570,11600,11310,11460,174343,-0.0017421602787456303
2024-10-11,11460,12060,11080,11150,547694,-0.027050610820244292
2024-10-14,11000,11060,10710,10730,186316,-0.03766816143497753
2024-10-15,10700,10900,10620,10670,119119,-0.005591798695246952
2024-10-16,10650,10650,10430,10550,104995,-0.011246485473289547
2024-10-17,10550,10630,10420,10460,89948,-0.008530805687203769
2024-10-18,10460,10500,10140,10210,145670,-0.02390057361376674
