Date,Open,High,Low,Close,Volume,Change
2022-01-03,3890,3895,3845,3865,57676,-0.005148005148005175
2022-01-04,3850,3885,3835,3870,54605,0.001293661060802087
2022-01-05,3885,4040,3845,3965,266617,0.02454780361757103
2022-01-06,3930,3990,3895,3925,95866,-0.010088272383354302
2022-01-07,3915,4065,3915,4025,204946,0.02547770700636942
2022-01-10,4080,4080,3945,3945,145691,-0.019875776397515477
2022-01-11,3945,3965,3800,3820,212478,-0.03168567807351075
2022-01-12,3850,3870,3800,3840,59329,0.005235602094240788
2022-01-13,3845,4120,3790,3980,903477,0.03645833333333326
2022-01-14,3895,3925,3840,3880,252115,-0.025125628140703515
2022-01-17,3855,3885,3760,3775,182483,-0.027061855670103108
2022-01-18,3745,3805,3655,3665,153030,-0.029139072847682135
2022-01-19,3630,3675,3605,3635,74678,-0.008185538881309684
2022-01-20,3600,3730,3600,3685,77324,0.01375515818431916
2022-01-21,3670,3790,3670,3710,113071,0.006784260515603879
2022-01-24,3705,3800,3600,3630,94781,-0.021563342318059342
2022-01-25,3650,3670,3455,3465,191802,-0.045454545454545414
2022-01-26,3405,3545,3405,3465,96748,0.0
2022-01-27,3500,3520,3310,3350,130611,-0.03318903318903321
2022-01-28,3340,3440,3320,3415,69792,0.0194029850746269
2022-02-03,3415,3550,3415,3535,71166,0.03513909224011713
2022-02-04,3520,3615,3520,3570,67972,0.00990099009900991
2022-02-07,3580,3630,3540,3550,40789,-0.0056022408963585235
2022-02-08,3530,3575,3480,3535,42568,-0.004225352112676051
2022-02-09,3555,3575,3530,3550,58621,0.004243281471004279
2022-02-10,3585,3585,3535,3535,69820,-0.004225352112676051
2022-02-11,3490,3555,3455,3470,61812,-0.018387553041018356
2022-02-14,3430,3430,3350,3380,102957,-0.025936599423631135
2022-02-15,3370,3475,3350,3375,106926,-0.0014792899408283544
2022-02-16,3375,3530,3375,3500,107080,0.03703703703703698
2022-02-17,3500,3595,3400,3515,130383,0.004285714285714226
2022-02-18,3455,3585,3455,3565,108309,0.014224751066856278
2022-02-21,3555,3580,3510,3580,39368,0.004207573632538653
2022-02-22,3470,3550,3455,3460,67334,-0.03351955307262566
2022-02-23,3460,3555,3460,3510,48293,0.014450867052023142
2022-02-24,3480,3515,3370,3385,87800,-0.035612535612535634
2022-02-25,3410,3470,3380,3395,82276,0.002954209748892156
2022-02-28,3365,3440,3365,3425,30969,0.008836524300441795
2022-03-02,3425,3470,3400,3470,58528,0.013138686131386912
2022-03-03,3470,3515,3470,3510,77117,0.011527377521613813
2022-03-04,3490,3525,3470,3510,66817,0.0
2022-03-07,3480,3500,3390,3410,104683,-0.028490028490028463
2022-03-08,3345,3450,3345,3365,73318,-0.01319648093841641
2022-03-10,3390,3440,3370,3390,49034,0.007429420505200568
2022-03-11,3390,3440,3375,3425,38591,0.010324483775811188
2022-03-14,3400,3545,3390,3450,122167,0.007299270072992803
2022-03-15,3450,3480,3420,3470,57455,0.005797101449275255
2022-03-16,3470,3510,3450,3490,44942,0.0057636887608070175
2022-03-17,3500,3555,3490,3545,127407,0.015759312320916985
2022-03-18,3530,3560,3520,3540,54572,-0.0014104372355430161
2022-03-21,3545,3630,3545,3605,123715,0.01836158192090398
2022-03-22,3605,3620,3580,3600,48772,-0.001386962552011095
2022-03-23,3600,3615,3575,3585,59564,-0.004166666666666652
2022-03-24,3585,3585,3535,3585,40318,0.0
2022-03-25,3585,3590,3565,3580,33023,-0.001394700139469962
2022-03-28,3605,3625,3560,3620,58194,0.011173184357541999
2022-03-29,3605,3650,3595,3640,95907,0.005524861878453136
2022-03-30,3640,3660,3615,3620,74710,-0.005494505494505475
2022-03-31,3620,3640,3585,3630,67641,0.0027624309392264568
2022-04-01,3630,3705,3605,3700,142608,0.019283746556473913
2022-04-04,3720,3840,3665,3840,210078,0.037837837837837895
2022-04-05,3875,4035,3790,3830,734889,-0.0026041666666666297
2022-04-06,3830,3870,3775,3805,94056,-0.00652741514360311
2022-04-07,3760,3800,3675,3675,121745,-0.0341655716162943
2022-04-08,3675,3700,3525,3590,135956,-0.023129251700680253
2022-04-11,3550,3635,3550,3580,85976,-0.0027855153203342198
2022-04-12,3525,3580,3460,3535,84250,-0.012569832402234637
2022-04-13,3530,3580,3520,3580,53818,0.012729844413012836
2022-04-14,3585,3600,3550,3595,38543,0.0041899441340782495
2022-04-15,3570,3605,3555,3595,52775,0.0
2022-04-18,3585,3650,3575,3600,36061,0.0013908205841446364
2022-04-19,3600,3635,3595,3625,46117,0.00694444444444442
2022-04-20,3625,4375,3625,3950,11073524,0.08965517241379306
2022-04-21,4000,4085,3960,4075,1599066,0.03164556962025311
2022-04-22,4060,4210,4010,4065,1648078,-0.0024539877300613355
2022-04-25,3990,4280,3990,4100,986407,0.008610086100861114
2022-04-26,4190,4195,4075,4120,635926,0.004878048780487809
2022-04-27,4065,4065,3900,3955,441275,-0.040048543689320426
2022-04-28,4000,4000,3850,3890,199314,-0.01643489254108721
2022-04-29,3965,4085,3885,3945,436555,0.014138817480719768
2022-05-02,3880,4005,3875,3960,171548,0.0038022813688212143
2022-05-03,4040,4040,3930,3990,144640,0.007575757575757569
2022-05-04,4010,4010,3850,3855,182761,-0.03383458646616544
2022-05-06,3790,3870,3760,3820,157774,-0.009079118028534339
2022-05-09,3820,3860,3700,3710,113601,-0.028795811518324554
2022-05-10,3655,3735,3515,3715,182921,0.0013477088948787852
2022-05-11,3650,3820,3650,3755,320212,0.010767160161507361
2022-05-12,4585,4880,4325,4535,30834801,0.20772303595206387
2022-05-13,4280,4325,4055,4165,4417165,-0.08158765159867698
2022-05-16,4165,4275,4080,4175,2787050,0.0024009603841537164
2022-05-17,4130,5230,4100,4655,31114660,0.11497005988023945
2022-05-18,4585,4740,4540,4740,3782932,0.018259935553168738
2022-05-19,4550,4640,4370,4380,2410380,-0.07594936708860756
2022-05-20,4385,4770,4325,4660,4387961,0.06392694063926951
2022-05-23,4610,4715,4440,4465,1973187,-0.04184549356223177
2022-05-24,4465,4540,4205,4210,1071227,-0.0571108622620381
2022-05-25,4370,4545,4145,4145,2122136,-0.015439429928741144
2022-05-26,4100,4185,4000,4000,699758,-0.0349819059107358
2022-05-27,4005,4160,4005,4105,555381,0.026250000000000107
2022-05-30,4110,4220,4100,4170,375964,0.015834348355663774
2022-05-31,4150,4235,4140,4195,366360,0.005995203836930418
2022-06-02,4200,4270,4005,4240,435196,0.010727056019070424
2022-06-03,4230,4260,4170,4250,292550,0.002358490566037652
2022-06-07,4270,4280,4090,4090,400944,-0.03764705882352937
2022-06-08,4050,4120,3985,4015,311740,-0.01833740831295838
2022-06-09,3995,4015,3900,3975,335208,-0.00996264009962644
2022-06-10,3910,3945,3830,3870,302952,-0.026415094339622636
2022-06-13,3790,3940,3710,3790,374631,-0.02067183462532296
2022-06-14,3610,3805,3605,3755,377736,-0.00923482849604218
2022-06-15,3755,3765,3555,3575,279124,-0.04793608521970705
2022-06-16,3585,3700,3560,3575,231481,0.0
2022-06-17,3455,3550,3385,3500,278785,-0.020979020979020935
2022-06-20,3500,3575,3205,3280,379758,-0.06285714285714283
2022-06-21,3270,3385,3235,3335,175753,0.0167682926829269
2022-06-22,3320,3420,3110,3130,304787,-0.06146926536731634
2022-06-23,3095,3150,2855,2885,550256,-0.07827476038338654
2022-06-24,2860,3040,2860,3020,317165,0.04679376083188913
2022-06-27,3045,3205,3045,3175,197098,0.051324503311258374
2022-06-28,3155,3225,3145,3225,160860,0.015748031496062964
2022-06-29,3165,3310,3120,3290,186515,0.020155038759689825
2022-06-30,3350,3355,3190,3210,125864,-0.024316109422492405
2022-07-01,3175,3230,3100,3160,106586,-0.015576323987538943
2022-07-04,3160,3170,3010,3045,109461,-0.03639240506329111
2022-07-05,3075,3220,3075,3215,117774,0.05582922824302128
2022-07-06,3180,3260,3165,3185,59761,-0.009331259720062213
2022-07-07,3185,3295,3185,3245,106098,0.018838304552590168
2022-07-08,3295,3820,3245,3495,7385994,0.07704160246533132
2022-07-11,3430,3515,3335,3375,801577,-0.03433476394849788
2022-07-12,3350,3575,3270,3400,906515,0.007407407407407307
2022-07-13,3380,3520,3350,3355,420472,-0.013235294117647012
2022-07-14,3315,3450,3300,3350,253647,-0.0014903129657227732
2022-07-15,3325,3335,3270,3275,110286,-0.02238805970149249
2022-07-18,3290,3395,3290,3370,161458,0.02900763358778624
2022-07-19,3395,3490,3335,3435,245855,0.01928783382789323
2022-07-20,3440,3510,3420,3440,215665,0.0014556040756914523
2022-07-21,3430,3460,3400,3420,140835,-0.005813953488372103
2022-07-22,3425,3495,3410,3425,158962,0.0014619883040936088
2022-07-25,3375,3420,3375,3400,59682,-0.007299270072992692
2022-07-26,3390,3680,3390,3450,1547196,0.014705882352941124
2022-07-27,3415,3640,3415,3540,849159,0.026086956521739202
2022-07-28,3560,3560,3490,3495,218067,-0.012711864406779627
2022-07-29,3505,3515,3455,3460,116740,-0.010014306151645225
2022-08-01,3475,3480,3435,3455,86332,-0.0014450867052022698
2022-08-02,3455,3470,3425,3435,96717,-0.005788712011577379
2022-08-03,3410,3540,3410,3470,165562,0.010189228529839944
2022-08-04,3475,3505,3455,3505,85024,0.01008645533141217
2022-08-05,3505,3505,3475,3485,80789,-0.005706134094151216
2022-08-08,3520,3520,3470,3500,81201,0.004304160688665792
2022-08-09,3500,3500,3445,3490,91118,-0.0028571428571428914
2022-08-10,3485,3490,3440,3460,62522,-0.008595988538681931
2022-08-11,3480,3490,3450,3460,73021,0.0
2022-08-12,3460,3525,3455,3475,118054,0.004335260115607031
2022-08-16,3450,3495,3450,3475,68706,0.0
2022-08-17,3420,3470,3330,3360,278756,-0.03309352517985609
2022-08-18,3330,4140,3320,3605,14982468,0.07291666666666674
2022-08-19,3570,3665,3550,3550,1251265,-0.015256588072122046
2022-08-22,3530,3595,3415,3415,659743,-0.038028169014084456
2022-08-23,3400,3455,3330,3330,444288,-0.024890190336749662
2022-08-24,3330,3415,3325,3415,893260,0.02552552552552556
2022-08-25,3710,4180,3690,3775,24952791,0.1054172767203514
2022-08-26,3740,3855,3710,3715,1980671,-0.015894039735099286
2022-08-29,3620,3640,3560,3580,765801,-0.03633916554508754
2022-08-30,3555,3890,3550,3600,3576711,0.005586592178770999
2022-08-31,3560,3605,3550,3585,398328,-0.004166666666666652
2022-09-01,3560,3575,3420,3460,495932,-0.034867503486750384
2022-09-02,3450,3550,3410,3430,257247,-0.00867052023121384
2022-09-05,3410,3515,3410,3475,366727,0.013119533527696792
2022-09-06,3455,3580,3450,3520,424669,0.012949640287769792
2022-09-07,3530,3535,3435,3450,247531,-0.019886363636363646
2022-09-08,3460,3640,3440,3465,1170135,0.004347826086956497
2022-09-13,3500,3565,3480,3560,421497,0.02741702741702734
2022-09-14,3430,3525,3425,3495,230962,-0.018258426966292096
2022-09-15,3520,3560,3480,3485,249431,-0.0028612303290415086
2022-09-16,3455,3475,3405,3420,227419,-0.0186513629842181
2022-09-19,3450,3500,3305,3330,315257,-0.02631578947368418
2022-09-20,3330,3465,3310,3465,418824,0.04054054054054057
2022-09-21,3400,3495,3395,3450,281985,-0.0043290043290042934
2022-09-22,3410,3410,3305,3340,233004,-0.03188405797101446
2022-09-23,3315,3350,3120,3185,444024,-0.046407185628742464
2022-09-26,3080,3115,2940,2955,456961,-0.07221350078492939
2022-09-27,3065,3185,2855,2950,721291,-0.0016920473773265332
2022-09-28,2925,3000,2785,2825,310878,-0.0423728813559322
2022-09-29,2860,2950,2820,2820,147670,-0.001769911504424737
2022-09-30,2755,3030,2740,2835,382479,0.005319148936170137
2022-10-04,2885,2965,2850,2955,137922,0.042328042328042326
2022-10-05,2965,3000,2890,2915,107731,-0.013536379018612488
2022-10-06,2930,3065,2930,2995,160750,0.027444253859348233
2022-10-07,2995,3060,2950,3010,157723,0.005008347245408995
2022-10-11,2995,3025,2880,2900,188753,-0.03654485049833889
2022-10-12,2900,3200,2830,2845,541565,-0.018965517241379293
2022-10-13,2860,2900,2730,2730,202711,-0.040421792618629215
2022-10-14,2750,2855,2750,2830,157497,0.03663003663003672
2022-10-17,2740,2900,2740,2890,123735,0.021201413427561766
2022-10-18,2905,2990,2905,2970,137748,0.02768166089965396
2022-10-19,2960,3025,2945,2960,135461,-0.0033670033670033517
2022-10-20,2925,2965,2905,2940,69341,-0.006756756756756799
2022-10-21,2930,2965,2850,2910,65016,-0.010204081632653073
2022-10-24,2930,3005,2930,2950,97700,0.013745704467353903
2022-10-25,2955,2995,2905,2910,70837,-0.013559322033898313
2022-10-26,2950,2955,2900,2930,75100,0.0068728522336769515
2022-10-27,2915,2985,2910,2960,71868,0.010238907849829282
2022-10-28,2935,2990,2930,2945,62077,-0.0050675675675675436
2022-10-31,2960,2990,2945,2970,44944,0.008488964346349714
2022-11-01,2945,3020,2945,2995,114107,0.008417508417508435
2022-11-02,2995,3010,2960,2965,110877,-0.01001669449081799
2022-11-03,2925,2955,2895,2945,66016,-0.006745362563237767
2022-11-04,2905,2955,2895,2945,62663,0.0
2022-11-07,2945,2980,2935,2970,71941,0.008488964346349714
2022-11-08,3010,3015,2980,3005,94971,0.011784511784511675
2022-11-09,3030,3035,2990,2995,58138,-0.0033277870216306127
2022-11-10,2990,3040,2970,3015,103093,0.006677796327211993
2022-11-11,3080,3080,3025,3060,126783,0.014925373134328401
2022-11-14,3050,3100,3045,3060,59524,0.0
2022-11-15,3070,3105,3050,3100,101102,0.013071895424836555
2022-11-16,3125,3125,3015,3080,73279,-0.006451612903225823
2022-11-17,3070,3080,3010,3060,49229,-0.00649350649350644
2022-11-18,3070,3080,3015,3035,65908,-0.008169934640522847
2022-11-21,3035,3045,2930,2995,91054,-0.01317957166392092
2022-11-22,2975,3020,2950,2970,54606,-0.008347245409014992
2022-11-23,2975,3035,2970,3020,60824,0.01683501683501687
2022-11-24,3015,3120,3015,3090,148789,0.023178807947019875
2022-11-25,3070,3100,3055,3090,54799,0.0
2022-11-28,3080,3095,2980,2980,87407,-0.035598705501618144
2022-11-29,2915,3055,2915,3050,65908,0.02348993288590595
2022-11-30,3030,3060,2995,3060,47141,0.003278688524590123
2022-12-01,3070,3110,3065,3090,99609,0.009803921568627416
2022-12-02,3095,3100,3015,3070,40551,-0.006472491909385147
2022-12-05,3070,3110,3060,3095,66642,0.008143322475570036
2022-12-06,3080,3095,3030,3040,71405,-0.017770597738287597
2022-12-07,3020,3055,2960,3050,49809,0.00328947368421062
2022-12-08,3030,3055,2995,3005,49621,-0.014754098360655776
2022-12-09,3005,3025,2980,3010,44812,0.0016638935108153063
2022-12-12,2960,3030,2950,3020,70865,0.0033222591362125353
2022-12-13,3045,3220,3000,3065,1177509,0.01490066225165565
2022-12-14,3065,3120,3065,3110,346124,0.014681892332789603
2022-12-15,3200,3205,3080,3080,479053,-0.009646302250803873
2022-12-16,3035,3120,3020,3075,93960,-0.0016233766233766378
2022-12-19,3065,3160,3065,3120,156684,0.014634146341463428
2022-12-20,3085,3295,3080,3120,1937099,0.0
2022-12-21,3145,3150,3070,3120,235760,0.0
2022-12-22,3115,3150,3110,3110,129209,-0.0032051282051281937
2022-12-23,3100,3100,2975,3020,268640,-0.02893890675241162
2022-12-26,3020,3020,2895,2920,182017,-0.0331125827814569
2022-12-27,2880,2955,2880,2950,64738,0.010273972602739656
2022-12-28,2920,2960,2905,2945,53252,-0.0016949152542372614
2022-12-29,2920,2945,2805,2850,106739,-0.032258064516129004
2023-01-02,2805,2850,2765,2765,132811,-0.029824561403508754
2023-01-03,2735,2780,2690,2780,150278,0.005424954792043302
2023-01-04,2780,2815,2750,2810,60901,0.010791366906474753
2023-01-05,2830,2830,2795,2805,55882,-0.001779359430605032
2023-01-06,2805,2870,2795,2850,70417,0.016042780748663166
2023-01-09,2870,2930,2870,2915,70200,0.02280701754385972
2023-01-10,2900,2955,2895,2935,51646,0.006861063464836947
2023-01-11,2935,2965,2920,2950,32570,0.005110732538330387
2023-01-12,2970,2970,2920,2945,43788,-0.0016949152542372614
2023-01-13,2960,2975,2935,2965,95731,0.00679117147707986
2023-01-16,2965,2975,2945,2960,56484,-0.001686340640809414
2023-01-17,2935,2970,2925,2935,51065,-0.008445945945945943
2023-01-18,2945,2945,2905,2910,57722,-0.008517887563884163
2023-01-19,2905,2935,2890,2905,42259,-0.0017182130584192379
2023-01-20,2910,2960,2895,2945,68497,0.013769363166953541
2023-01-25,2960,2965,2930,2960,61235,0.005093378607809784
2023-01-26,2960,3000,2945,3000,108648,0.013513513513513598
2023-01-27,3050,3065,2995,3005,87292,0.0016666666666667052
2023-01-30,3000,3015,2960,2975,74092,-0.009983361064891838
2023-01-31,2950,3010,2945,2990,61524,0.005042016806722671
2023-02-01,2980,3010,2980,3005,48916,0.0050167224080268635
2023-02-02,3015,3040,3000,3035,82622,0.009983361064891838
2023-02-03,3040,3040,3005,3015,48852,-0.00658978583196046
2023-02-06,3015,3025,2975,3025,40626,0.0033167495854062867
2023-02-07,3010,3040,3000,3025,37338,0.0
2023-02-08,3035,3040,3005,3020,46529,-0.0016528925619834212
2023-02-09,3020,3100,3015,3100,201953,0.026490066225165476
2023-02-10,3100,3100,3015,3025,96696,-0.024193548387096753
2023-02-13,3050,3050,2990,2995,70198,-0.00991735537190086
2023-02-14,2980,3045,2980,3030,62021,0.011686143572620988
2023-02-15,3030,3030,2960,2970,100401,-0.01980198019801982
2023-02-16,2970,3020,2950,2990,72508,0.006734006734006703
2023-02-17,2970,3000,2945,2980,99926,-0.0033444816053511683
2023-02-20,2975,3005,2940,3000,40549,0.006711409395973256
2023-02-21,2985,3010,2960,3000,68097,0.0
2023-02-22,2970,3015,2960,3010,78203,0.0033333333333334103
2023-02-23,3010,3050,2990,3050,297359,0.013289036544850585
2023-02-24,3170,3190,2935,2965,782127,-0.02786885245901638
2023-02-27,2960,2965,2925,2925,100061,-0.013490725126475533
2023-02-28,2935,2960,2930,2940,64455,0.00512820512820511
2023-03-02,2940,2975,2930,2975,87477,0.011904761904761862
2023-03-03,2985,3090,2975,3090,246900,0.038655462184874034
2023-03-06,3035,3070,3015,3060,137137,-0.009708737864077666
2023-03-07,3030,3070,3015,3060,93414,0.0
2023-03-08,3050,3095,3015,3095,161124,0.011437908496731986
2023-03-09,3085,3095,2975,3045,140623,-0.016155088852988664
2023-03-10,3010,3030,2960,2980,108844,-0.021346469622331665
2023-03-13,2940,3045,2855,3000,136870,0.006711409395973256
2023-03-14,2990,2990,2850,2860,143321,-0.046666666666666634
2023-03-15,2890,2935,2880,2880,80241,0.006993006993007089
2023-03-16,2860,2890,2825,2845,57498,-0.01215277777777779
2023-03-17,2845,2910,2845,2855,79445,0.0035149384885764245
2023-03-20,2880,2900,2865,2885,41531,0.01050788091068311
2023-03-21,2900,2905,2845,2860,83556,-0.008665511265164683
2023-03-22,2875,2875,2805,2845,110396,-0.005244755244755206
2023-03-23,2840,2895,2815,2815,126933,-0.010544815465729385
2023-03-24,2835,2950,2835,2880,117843,0.023090586145648295
2023-03-27,2890,2890,2810,2850,54758,-0.01041666666666663
2023-03-28,2840,2870,2835,2860,74595,0.0035087719298245723
2023-03-29,2875,2885,2850,2865,62083,0.0017482517482516613
2023-03-30,2870,2905,2850,2885,65857,0.00698080279232105
2023-03-31,2880,2900,2850,2870,54593,-0.005199306759098743
2023-04-03,2860,2900,2850,2865,76279,-0.0017421602787456303
2023-04-04,2865,2900,2865,2895,44914,0.010471204188481575
2023-04-05,2895,2910,2880,2910,46270,0.005181347150259086
2023-04-06,2915,2915,2800,2840,100634,-0.02405498281786944
2023-04-07,2845,2870,2810,2835,69083,-0.0017605633802817433
2023-04-10,2825,2840,2755,2790,153869,-0.015873015873015928
2023-04-11,2770,2835,2765,2830,86656,0.014336917562723928
2023-04-12,2835,2890,2820,2880,111784,0.0176678445229681
2023-04-13,2865,2885,2830,2885,94476,0.0017361111111111605
2023-04-14,2885,2915,2885,2910,111628,0.008665511265164572
2023-04-17,2905,2915,2875,2910,60575,0.0
2023-04-18,2910,2935,2865,2885,69693,-0.00859106529209619
2023-04-19,2905,2930,2895,2905,54463,0.006932409012131657
2023-04-20,2915,2920,2870,2895,112408,-0.0034423407917383297
2023-04-21,2880,2910,2850,2865,87603,-0.010362694300518172
2023-04-24,2865,2880,2815,2825,89160,-0.013961605584642212
2023-04-25,2815,2865,2780,2795,109770,-0.010619469026548645
2023-04-26,2795,2860,2755,2790,86578,-0.0017889087656529634
2023-04-27,2790,2815,2755,2805,66351,0.005376344086021501
2023-04-28,2800,2810,2760,2780,58409,-0.0089126559714795
2023-05-02,2765,2795,2765,2780,27282,0.0
2023-05-03,2755,2790,2755,2765,70225,-0.0053956834532373765
2023-05-04,2770,2775,2725,2745,63474,-0.007233273056057921
2023-05-08,2765,2770,2745,2755,27717,0.0036429872495447047
2023-05-09,2750,2765,2745,2755,32907,0.0
2023-05-10,2745,2800,2740,2785,61063,0.010889292196007316
2023-05-11,2770,2815,2770,2805,44557,0.007181328545780907
2023-05-12,2805,2815,2780,2800,30406,-0.0017825311942959443
2023-05-15,2815,2830,2770,2800,36082,0.0
2023-05-16,2805,2825,2785,2785,35118,-0.005357142857142838
2023-05-17,2780,2815,2775,2800,39774,0.0053859964093356805
2023-05-18,2805,2815,2790,2810,62305,0.0035714285714285587
2023-05-19,2840,2840,2800,2815,54949,0.001779359430605032
2023-05-22,2825,2850,2805,2840,89026,0.008880994671403242
2023-05-23,2930,2930,2840,2840,157956,0.0
2023-05-24,2835,2865,2825,2860,60515,0.007042253521126751
2023-05-25,2855,2880,2810,2830,38497,-0.010489510489510523
2023-05-26,2815,2840,2800,2805,28350,-0.00883392226148405
2023-05-30,2815,2855,2810,2840,35695,0.012477718360071277
2023-05-31,2820,2855,2820,2820,32299,-0.007042253521126751
2023-06-01,2810,2830,2800,2830,29051,0.0035460992907800915
2023-06-02,2820,2845,2810,2825,46688,-0.0017667844522968323
2023-06-05,2820,2835,2815,2820,27299,-0.001769911504424737
2023-06-07,2820,2840,2815,2825,24183,0.0017730496453900457
2023-06-08,2825,2830,2815,2815,25412,-0.0035398230088495852
2023-06-09,2815,2830,2800,2815,38356,0.0
2023-06-12,2820,2845,2810,2820,45364,0.001776198934280604
2023-06-13,2815,2830,2810,2820,28709,0.0
2023-06-14,2825,2840,2820,2835,75205,0.005319148936170137
2023-06-15,2835,2890,2810,2860,150089,0.008818342151675429
2023-06-16,2865,2880,2845,2875,93207,0.005244755244755206
2023-06-19,2880,2890,2835,2880,59745,0.0017391304347826875
2023-06-20,2870,2885,2850,2860,62230,-0.00694444444444442
2023-06-21,2880,2910,2845,2855,155129,-0.0017482517482517723
2023-06-22,2840,2875,2840,2855,25777,0.0
2023-06-23,2855,2910,2835,2835,58668,-0.007005253940455369
2023-06-26,2805,2850,2805,2845,40304,0.003527336860670305
2023-06-27,2830,2855,2825,2830,26098,-0.005272407732864637
2023-06-28,2835,2880,2830,2875,56870,0.01590106007067127
2023-06-29,2855,2875,2815,2835,50465,-0.013913043478260834
2023-06-30,2835,2990,2830,2905,215722,0.024691358024691468
2023-07-03,2940,2955,2875,2920,127540,0.005163511187607606
2023-07-04,2890,2930,2885,2910,73442,-0.003424657534246589
2023-07-05,2905,2925,2870,2900,45186,-0.0034364261168384758
2023-07-06,2890,2895,2815,2850,71843,-0.017241379310344862
2023-07-07,2820,2850,2785,2805,60066,-0.015789473684210575
2023-07-10,2800,2815,2790,2815,32696,0.0035650623885918886
2023-07-11,2800,2850,2800,2825,28570,0.003552397868561208
2023-07-12,2835,2835,2805,2825,29148,0.0
2023-07-13,2825,2845,2805,2825,63518,0.0
2023-07-14,2820,2845,2810,2830,50521,0.001769911504424737
2023-07-17,2810,2835,2805,2825,35764,-0.0017667844522968323
2023-07-18,2820,2835,2790,2790,108709,-0.012389380530973493
2023-07-19,2800,2805,2745,2755,71339,-0.012544802867383464
2023-07-20,2735,2755,2695,2720,99123,-0.012704174228675091
2023-07-21,2695,2750,2695,2750,65796,0.011029411764705843
2023-07-24,2750,2760,2690,2695,94105,-0.020000000000000018
2023-07-25,2660,2720,2590,2680,162059,-0.005565862708719838
2023-07-26,2665,2670,2510,2525,181975,-0.057835820895522416
2023-07-27,2555,2640,2550,2590,77793,0.025742574257425765
2023-07-28,2590,2640,2570,2630,30682,0.015444015444015413
2023-07-31,2615,2680,2615,2675,44298,0.017110266159695797
2023-08-01,2655,2695,2655,2690,56245,0.005607476635514086
2023-08-02,2690,2710,2680,2685,51922,-0.0018587360594795044
2023-08-03,2660,2870,2660,2770,335822,0.03165735567970196
2023-08-04,2850,2855,2740,2740,295521,-0.010830324909747335
2023-08-07,2805,2805,2710,2710,72376,-0.010948905109489093
2023-08-08,2700,2745,2580,2640,114828,-0.02583025830258301
2023-08-09,2615,2690,2615,2660,37610,0.007575757575757569
2023-08-10,2645,2750,2645,2745,59606,0.03195488721804507
2023-08-11,2745,2780,2690,2720,57982,-0.00910746812386154
2023-08-14,2755,2760,2685,2685,67564,-0.012867647058823484
2023-08-16,2660,2685,2600,2625,67689,-0.022346368715083775
2023-08-17,2625,2625,2550,2550,119205,-0.02857142857142858
2023-08-18,2535,2595,2535,2590,49519,0.015686274509803866
2023-08-21,2560,2640,2560,2620,29065,0.01158301158301156
2023-08-22,2605,2665,2590,2610,25723,-0.003816793893129722
2023-08-23,2610,2785,2590,2680,127246,0.026819923371647514
2023-08-24,2680,2710,2610,2655,63743,-0.009328358208955279
2023-08-25,2650,2800,2635,2750,414304,0.03578154425612046
2023-08-28,2775,2795,2715,2750,111198,0.0
2023-08-29,2735,2835,2735,2755,149061,0.0018181818181817189
2023-08-30,2760,2775,2725,2740,84054,-0.005444646098003658
2023-08-31,2755,2770,2715,2750,72343,0.0036496350364962904
2023-09-01,2735,2765,2710,2715,29840,-0.012727272727272698
2023-09-04,2695,2725,2685,2695,34644,-0.007366482504604033
2023-09-05,2695,2715,2655,2705,70997,0.0037105751391466324
2023-09-06,2690,2715,2670,2690,33637,-0.00554528650646946
2023-09-07,2670,2700,2620,2645,44022,-0.016728624535315983
2023-09-08,2635,2715,2625,2685,35073,0.01512287334593565
2023-09-11,2700,2730,2670,2680,45918,-0.0018621973929237035
2023-09-12,2665,2715,2665,2700,31148,0.00746268656716409
2023-09-13,2675,2690,2650,2660,28670,-0.014814814814814836
2023-09-14,2650,2675,2620,2670,45251,0.003759398496240518
2023-09-15,2650,2695,2650,2665,43326,-0.0018726591760299671
2023-09-18,2680,2695,2660,2675,23047,0.0037523452157599557
2023-09-19,2665,2675,2625,2660,72703,-0.005607476635513975
2023-09-20,2660,2660,2630,2640,19703,-0.007518796992481258
2023-09-21,2615,2660,2585,2585,76148,-0.02083333333333337
2023-09-22,2560,2620,2555,2620,23614,0.013539651837524147
2023-09-25,2580,2600,2530,2530,73986,-0.03435114503816794
2023-09-26,2520,2540,2500,2500,47788,-0.011857707509881465
2023-09-27,2475,2515,2475,2495,19186,-0.0020000000000000018
2023-10-04,2505,2505,2450,2450,41850,-0.018036072144288595
2023-10-05,2425,2500,2420,2425,52238,-0.010204081632653073
2023-10-06,2400,2465,2400,2440,32752,0.006185567010309256
2023-10-10,2410,2480,2400,2405,33239,-0.014344262295082011
2023-10-11,2410,2470,2400,2460,47724,0.022869022869022926
2023-10-12,2470,2500,2455,2470,15752,0.004065040650406582
2023-10-13,2485,2485,2455,2465,12050,-0.002024291497975672
2023-10-16,2440,2480,2435,2455,35751,-0.0040567951318458695
2023-10-17,2445,2500,2430,2455,31328,0.0
2023-10-18,2475,2485,2445,2455,25514,0.0
2023-10-19,2440,2495,2440,2455,31644,0.0
2023-10-20,2425,2465,2395,2445,36889,-0.004073319755600768
2023-10-23,2395,2490,2395,2410,39546,-0.014314928425357865
2023-10-24,2410,2475,2410,2475,41000,0.026970954356846377
2023-10-25,2470,2695,2465,2695,265752,0.0888888888888888
2023-10-26,2560,2640,2515,2590,140087,-0.038961038961038974
2023-10-27,2560,2605,2465,2520,94339,-0.027027027027026973
2023-10-30,2520,2550,2480,2515,26542,-0.001984126984126977
2023-10-31,2520,2570,2510,2550,39782,0.013916500994035852
2023-11-01,2530,2575,2530,2565,33644,0.00588235294117645
2023-11-02,2540,2620,2540,2600,53068,0.013645224171539905
2023-11-03,2595,2615,2570,2615,37911,0.005769230769230749
2023-11-06,2615,2650,2590,2605,52709,-0.003824091778202643
2023-11-07,2590,2625,2560,2600,45144,-0.0019193857965451588
2023-11-08,2605,2620,2560,2565,24552,-0.013461538461538414
2023-11-09,2565,2580,2520,2545,40466,-0.007797270955165692
2023-11-10,2525,2570,2525,2570,16432,0.00982318271119853
2023-11-13,2565,2680,2555,2575,143973,0.0019455252918287869
2023-11-14,2545,2595,2545,2580,74014,0.001941747572815622
2023-11-15,2585,2640,2560,2585,58210,0.0019379844961240345
2023-11-16,2635,2635,2580,2595,41628,0.003868471953578423
2023-11-17,2600,2640,2570,2620,17750,0.009633911368015502
2023-11-20,2625,2645,2600,2610,34638,-0.003816793893129722
2023-11-21,2625,2635,2600,2625,25600,0.005747126436781658
2023-11-22,2625,2630,2600,2605,25747,-0.007619047619047636
2023-11-23,2605,2640,2605,2610,38329,0.0019193857965451588
2023-11-24,2595,2730,2570,2645,267664,0.013409961685823646
2023-11-27,2625,2735,2625,2695,244123,0.018903591682419618
2023-11-28,2660,2725,2650,2685,129707,-0.0037105751391465214
2023-11-29,2685,2690,2600,2600,113224,-0.03165735567970207
2023-11-30,2640,2660,2610,2650,24728,0.019230769230769162
2023-12-01,2630,2735,2625,2700,187518,0.018867924528301883
2023-12-04,2685,2695,2640,2670,47340,-0.011111111111111072
2023-12-05,2645,2740,2645,2685,164329,0.00561797752808979
2023-12-06,2770,2810,2700,2720,323977,0.013035381750465591
2023-12-07,2725,2780,2700,2740,152733,0.007352941176470562
2023-12-08,2710,2765,2700,2730,134533,-0.0036496350364964014
2023-12-11,2705,2750,2695,2700,79617,-0.01098901098901095
2023-12-12,2700,2740,2660,2670,61447,-0.011111111111111072
2023-12-13,2670,2670,2625,2635,98552,-0.01310861423220977
2023-12-14,2645,2680,2605,2655,50705,0.007590132827324458
2023-12-15,2650,2685,2630,2650,40435,-0.0018832391713747842
2023-12-18,2625,2660,2625,2660,47950,0.0037735849056603765
2023-12-19,2660,2670,2630,2655,27907,-0.001879699248120259
2023-12-20,2655,2675,2640,2670,43984,0.005649717514124353
2023-12-21,2665,2665,2630,2635,41986,-0.01310861423220977
2023-12-22,2630,2635,2605,2615,45088,-0.007590132827324458
2023-12-26,2615,2620,2590,2615,73611,0.0
2023-12-27,2610,2670,2605,2610,48063,-0.0019120458891013214
2023-12-28,2620,2625,2600,2625,25333,0.005747126436781658
2024-01-02,2615,2650,2610,2640,19780,0.005714285714285783
2024-01-03,2640,3295,2640,2875,17846330,0.0890151515151516
2024-01-04,2900,2910,2800,2845,1650815,-0.01043478260869568
2024-01-05,2845,2885,2815,2845,839910,0.0
2024-01-08,2850,2930,2825,2915,986323,0.024604569420035194
2024-01-09,2930,2975,2870,2935,694917,0.006861063464836947
2024-01-10,2960,3120,2895,2970,2518981,0.011925042589437718
2024-01-11,2950,3010,2925,2985,415748,0.005050505050504972
2024-01-12,2985,2990,2880,2885,268310,-0.03350083752093802
2024-01-15,2875,2965,2865,2935,230712,0.017331022530329365
2024-01-16,2935,2960,2900,2945,204033,0.0034071550255536653
2024-01-17,2915,2950,2815,2850,380349,-0.032258064516129004
2024-01-18,3045,3060,2870,2920,2138461,0.024561403508772006
2024-01-19,2920,3040,2890,2950,858253,0.010273972602739656
2024-01-22,2950,3015,2930,2955,363663,0.0016949152542373724
2024-01-23,2915,2990,2915,2940,231712,-0.005076142131979711
2024-01-24,2905,2955,2880,2905,204042,-0.011904761904761862
2024-01-25,2910,2935,2865,2880,144394,-0.008605851979345935
2024-01-26,2920,2975,2875,2895,153989,0.005208333333333259
2024-01-29,2890,2925,2860,2915,145263,0.006908462867012188
2024-01-30,2920,2950,2915,2940,124806,0.00857632933104635
2024-01-31,2930,2945,2805,2850,327281,-0.030612244897959218
2024-02-01,2850,2890,2810,2850,94440,0.0
2024-02-02,2840,2895,2840,2895,85154,0.015789473684210575
2024-02-05,2890,3055,2870,2950,857067,0.01899827288428324
2024-02-06,2950,2985,2915,2920,193548,-0.01016949152542368
2024-02-07,2925,2960,2910,2940,136143,0.006849315068493178
2024-02-08,2965,2975,2915,2925,77775,-0.005102040816326481
2024-02-13,2960,2970,2920,2970,99115,0.01538461538461533
2024-02-14,2935,3000,2920,2985,146868,0.005050505050504972
2024-02-15,2985,3020,2945,3000,198050,0.005025125628140614
2024-02-16,2995,3005,2955,2985,104142,-0.0050000000000000044
2024-02-19,2970,3000,2955,2995,108135,0.003350083752093891
2024-02-20,3010,3010,2950,2985,153004,-0.0033388981636059967
2024-02-21,2995,2995,2915,2920,173654,-0.021775544388609736
