Date,Open,High,Low,Close,Volume,Change
2022-01-03,1850,1860,1810,1825,995950,0.0027472527472527375
2022-01-04,1825,1840,1790,1820,681172,-0.002739726027397249
2022-01-05,1820,1820,1770,1780,581875,-0.02197802197802201
2022-01-06,1765,1785,1730,1765,489512,-0.008426966292134797
2022-01-07,1775,1965,1770,1855,8145365,0.05099150141643061
2022-01-10,1845,1855,1775,1775,1224855,-0.04312668463611857
2022-01-11,1775,1790,1700,1730,837883,-0.025352112676056304
2022-01-12,1740,1905,1735,1875,5994975,0.08381502890173409
2022-01-13,1870,1945,1830,1945,3057702,0.03733333333333344
2022-01-14,1950,1965,1855,1855,2807599,-0.046272493573264795
2022-01-17,1860,1910,1785,1895,1610180,0.02156334231805923
2022-01-18,1895,1910,1785,1800,1359577,-0.05013192612137207
2022-01-19,1760,1800,1735,1735,1013725,-0.036111111111111094
2022-01-20,1735,1785,1730,1780,510500,0.025936599423631135
2022-01-21,1780,1780,1695,1705,1213900,-0.042134831460674205
2022-01-24,1680,1705,1640,1650,737932,-0.032258064516129004
2022-01-25,1655,1680,1550,1555,793209,-0.05757575757575761
2022-01-26,1585,1595,1550,1565,522915,0.006430868167202508
2022-01-27,1565,1595,1490,1495,613076,-0.04472843450479236
2022-01-28,1500,1570,1470,1565,495346,0.04682274247491636
2022-02-03,1600,1635,1580,1600,400307,0.022364217252396124
2022-02-04,1600,1655,1600,1645,444884,0.028124999999999956
2022-02-07,1655,1665,1640,1645,224209,0.0
2022-02-08,1635,1655,1605,1650,416791,0.003039513677811634
2022-02-09,1655,1660,1635,1650,314788,0.0
2022-02-10,1660,1690,1625,1640,409949,-0.0060606060606061
2022-02-11,1620,1635,1585,1590,284016,-0.030487804878048808
2022-02-14,1545,1585,1510,1545,348550,-0.028301886792452824
2022-02-15,1535,1570,1510,1510,255278,-0.02265372168284785
2022-02-16,1535,1590,1530,1585,258097,0.04966887417218535
2022-02-17,1595,1625,1550,1585,472265,0.0
2022-02-18,1585,1615,1560,1595,316241,0.006309148264984188
2022-02-21,1565,1605,1560,1595,166739,0.0
2022-02-22,1580,1585,1530,1535,290809,-0.037617554858934144
2022-02-23,1545,1565,1535,1550,239429,0.009771986970684043
2022-02-24,1545,1550,1475,1480,481746,-0.04516129032258065
2022-02-25,1505,1545,1500,1535,490699,0.03716216216216206
2022-02-28,1545,1555,1520,1530,733021,-0.0032573289902280145
2022-03-02,1530,1555,1520,1540,374090,0.006535947712418277
2022-03-03,1560,1610,1555,1580,457634,0.025974025974025983
2022-03-04,1590,1590,1560,1590,196488,0.006329113924050667
2022-03-07,1580,1580,1540,1540,264632,-0.03144654088050314
2022-03-08,1520,1535,1510,1525,225858,-0.009740259740259716
2022-03-10,1550,1575,1545,1545,228412,0.013114754098360715
2022-03-11,1550,1560,1535,1555,162779,0.006472491909385036
2022-03-14,1555,1565,1515,1535,396573,-0.012861736334405127
2022-03-15,1535,1545,1515,1530,220521,-0.0032573289902280145
2022-03-16,1550,1590,1535,1570,520496,0.02614379084967311
2022-03-17,1590,1635,1590,1620,560106,0.031847133757961776
2022-03-18,1630,1645,1620,1630,263733,0.006172839506172867
2022-03-21,1635,1665,1630,1650,480893,0.012269938650306678
2022-03-22,1655,1670,1645,1660,179053,0.0060606060606061
2022-03-23,1665,1670,1645,1645,237619,-0.009036144578313254
2022-03-24,1645,1690,1635,1690,459009,0.02735562310030404
2022-03-25,1720,1720,1675,1675,298725,-0.00887573964497046
2022-03-28,1700,1705,1665,1685,250834,0.005970149253731405
2022-03-29,1740,1740,1675,1695,326108,0.005934718100890191
2022-03-30,1710,1715,1660,1665,267485,-0.017699115044247815
2022-03-31,1665,1695,1665,1680,228417,0.009009009009008917
2022-04-01,1680,1695,1665,1675,242933,-0.0029761904761904656
2022-04-04,1680,1700,1675,1700,362912,0.014925373134328401
2022-04-05,1705,1710,1685,1710,211081,0.00588235294117645
2022-04-06,1695,1695,1660,1665,259510,-0.02631578947368418
2022-04-07,1650,1650,1615,1615,261704,-0.03003003003003002
2022-04-08,1620,1650,1610,1645,183752,0.018575851393188847
2022-04-11,1645,1655,1610,1625,223366,-0.012158054711246202
2022-04-12,1615,1620,1575,1580,260204,-0.027692307692307683
2022-04-13,1580,1630,1580,1610,167872,0.018987341772152
2022-04-14,1615,1630,1605,1620,151729,0.006211180124223503
2022-04-15,1610,1610,1585,1590,126184,-0.01851851851851849
2022-04-18,1595,1610,1575,1595,146319,0.003144654088050425
2022-04-19,1600,1640,1600,1630,177375,0.021943573667711602
2022-04-20,1635,1660,1605,1655,260767,0.015337423312883347
2022-04-21,1645,1675,1625,1660,275449,0.0030211480362538623
2022-04-22,1655,1655,1620,1650,225254,-0.0060240963855421326
2022-04-25,1635,1640,1600,1615,329417,-0.021212121212121238
2022-04-26,1615,1660,1610,1645,266243,0.018575851393188847
2022-04-27,1610,1635,1610,1625,203659,-0.012158054711246202
2022-04-28,1635,1680,1620,1670,365633,0.027692307692307683
2022-04-29,1670,1685,1645,1665,284069,-0.0029940119760478723
2022-05-02,1655,1665,1625,1660,231251,-0.0030030030030030463
2022-05-03,1660,1720,1655,1680,513743,0.012048192771084265
2022-05-04,1680,1700,1675,1680,199841,0.0
2022-05-06,1675,1705,1655,1685,387167,0.0029761904761904656
2022-05-09,1685,1695,1610,1610,412284,-0.04451038575667654
2022-05-10,1590,1625,1540,1595,284443,-0.009316770186335366
2022-05-11,1575,1730,1575,1670,998387,0.047021943573667624
2022-05-12,1670,1680,1605,1625,339667,-0.026946107784431184
2022-05-13,1600,1665,1600,1625,222141,0.0
2022-05-16,1635,1745,1635,1730,1944656,0.06461538461538452
2022-05-17,1725,1725,1685,1710,630632,-0.011560693641618491
2022-05-18,1720,1745,1700,1705,531316,-0.0029239766081871066
2022-05-19,1665,1730,1665,1720,1137011,0.008797653958944274
2022-05-20,1725,1750,1690,1700,743957,-0.011627906976744207
2022-05-23,1710,1725,1680,1700,259116,0.0
2022-05-24,1700,1700,1650,1650,451869,-0.02941176470588236
2022-05-25,1655,1670,1630,1635,224169,-0.009090909090909038
2022-05-26,1640,1675,1640,1665,261516,0.0183486238532109
2022-05-27,1685,1715,1665,1715,558780,0.03003003003003002
2022-05-30,1750,1860,1715,1760,4935432,0.026239067055393583
2022-05-31,1765,1810,1745,1790,1126675,0.017045454545454586
2022-06-02,1795,1810,1775,1800,639666,0.005586592178770999
2022-06-03,1805,1810,1780,1800,469313,0.0
2022-06-07,1800,1805,1760,1780,291558,-0.011111111111111072
2022-06-08,1795,1815,1760,1780,354836,0.0
2022-06-09,1765,1790,1755,1775,276796,-0.002808988764044895
2022-06-10,1765,1880,1755,1775,2475744,0.0
2022-06-13,1730,1740,1625,1625,873518,-0.08450704225352113
2022-06-14,1605,1650,1565,1590,469689,-0.021538461538461506
2022-06-15,1600,1640,1525,1540,499689,-0.03144654088050314
2022-06-16,1565,1620,1565,1600,614429,0.03896103896103886
2022-06-17,1550,1575,1515,1550,399097,-0.03125
2022-06-20,1580,1585,1405,1450,799357,-0.06451612903225812
2022-06-21,1445,1465,1400,1430,547913,-0.01379310344827589
2022-06-22,1455,1465,1305,1310,1277599,-0.08391608391608396
2022-06-23,1315,1340,1200,1210,1229005,-0.07633587786259544
2022-06-24,1200,1315,1200,1300,472220,0.07438016528925617
2022-06-27,1340,1385,1300,1350,361384,0.03846153846153855
2022-06-28,1355,1395,1345,1380,239670,0.022222222222222143
2022-06-29,1350,1380,1330,1380,156978,0.0
2022-06-30,1370,1380,1345,1350,215444,-0.021739130434782594
2022-07-01,1345,1380,1290,1310,277550,-0.029629629629629672
2022-07-04,1320,1340,1280,1300,490591,-0.007633587786259555
2022-07-05,1300,1355,1300,1350,149241,0.03846153846153855
2022-07-06,1365,1385,1325,1335,196320,-0.011111111111111072
2022-07-07,1345,1370,1335,1360,174183,0.01872659176029967
2022-07-08,1380,1400,1360,1380,93462,0.014705882352941124
2022-07-11,1380,1420,1365,1405,230232,0.018115942028985588
2022-07-12,1395,1405,1350,1350,178012,-0.039145907473309594
2022-07-13,1345,1370,1330,1365,113091,0.011111111111111072
2022-07-14,1355,1380,1340,1375,102134,0.0073260073260073
2022-07-15,1370,1405,1365,1395,142348,0.014545454545454639
2022-07-18,1400,1450,1400,1435,152205,0.028673835125448077
2022-07-19,1430,1450,1410,1440,145810,0.0034843205574912606
2022-07-20,1460,1460,1400,1410,335297,-0.02083333333333337
2022-07-21,1420,1500,1410,1455,1311630,0.03191489361702127
2022-07-22,1450,1465,1430,1430,217706,-0.01718213058419249
2022-07-25,1435,1435,1405,1420,108077,-0.006993006993006978
2022-07-26,1420,1445,1415,1430,101019,0.007042253521126751
2022-07-27,1430,1510,1425,1500,1204471,0.04895104895104896
2022-07-28,1520,1640,1465,1480,3901970,-0.013333333333333308
2022-07-29,1490,1515,1470,1480,280680,0.0
2022-08-01,1485,1500,1465,1500,297940,0.013513513513513598
2022-08-02,1495,1510,1445,1460,231811,-0.026666666666666616
2022-08-03,1460,1500,1455,1490,194774,0.020547945205479534
2022-08-04,1505,1520,1490,1495,242462,0.003355704697986628
2022-08-05,1505,1515,1495,1510,151446,0.010033444816053505
2022-08-08,1510,1520,1495,1515,115864,0.0033112582781456013
2022-08-09,1505,1515,1470,1505,143847,-0.0066006600660065695
2022-08-10,1475,1490,1450,1465,283825,-0.02657807308970095
2022-08-11,1480,1525,1480,1510,266729,0.030716723549488067
2022-08-12,1510,1535,1500,1530,426146,0.013245033112582849
2022-08-16,1530,1560,1530,1540,360453,0.006535947712418277
2022-08-17,1560,1570,1515,1540,399551,0.0
2022-08-18,1525,1550,1495,1550,486646,0.006493506493506551
2022-08-19,1565,1585,1525,1575,639753,0.016129032258064502
2022-08-22,1560,1565,1515,1560,418317,-0.00952380952380949
2022-08-23,1545,1550,1485,1530,364988,-0.019230769230769273
2022-08-24,1530,1540,1485,1505,325981,-0.016339869281045805
2022-08-25,1510,1515,1500,1515,162633,0.006644518272425293
2022-08-26,1525,1535,1480,1480,299765,-0.02310231023102305
2022-08-29,1430,1445,1405,1410,243158,-0.04729729729729726
2022-08-30,1410,1440,1410,1430,168247,0.014184397163120588
2022-08-31,1430,1450,1405,1445,153895,0.010489510489510412
2022-09-01,1430,1465,1425,1445,157574,0.0
2022-09-02,1435,1655,1435,1495,7718297,0.03460207612456756
2022-09-05,1490,1535,1460,1480,728521,-0.010033444816053505
2022-09-06,1490,1525,1475,1525,901432,0.030405405405405483
2022-09-07,1495,1495,1435,1450,734510,-0.049180327868852514
2022-09-08,1460,1465,1430,1430,375823,-0.01379310344827589
2022-09-13,1450,1485,1440,1465,386072,0.02447552447552437
2022-09-14,1420,1455,1405,1445,196275,-0.013651877133105783
2022-09-15,1450,1470,1435,1455,135857,0.006920415224913601
2022-09-16,1440,1465,1420,1440,196361,-0.010309278350515427
2022-09-19,1430,1455,1365,1370,319365,-0.04861111111111116
2022-09-20,1370,1400,1360,1390,107379,0.014598540145985384
2022-09-21,1370,1390,1355,1375,193096,-0.010791366906474864
2022-09-22,1350,1370,1310,1355,262339,-0.014545454545454528
2022-09-23,1345,1350,1310,1330,186502,-0.01845018450184499
2022-09-26,1270,1330,1160,1215,1108785,-0.0864661654135338
2022-09-27,1200,1230,1170,1200,434574,-0.012345679012345734
2022-09-28,1200,1215,1135,1170,373002,-0.025000000000000022
2022-09-29,1190,1245,1185,1185,194137,0.012820512820512775
2022-09-30,1180,1195,1155,1185,142972,0.0
2022-10-04,1215,1255,1215,1255,143745,0.05907172995780585
2022-10-05,1310,1500,1280,1290,5465041,0.027888446215139417
2022-10-06,1305,1325,1280,1320,380881,0.023255813953488413
2022-10-07,1310,1335,1290,1300,283141,-0.015151515151515138
2022-10-11,1255,1270,1195,1215,362090,-0.06538461538461537
2022-10-12,1210,1235,1190,1215,256665,0.0
2022-10-13,1205,1225,1155,1160,307912,-0.04526748971193417
2022-10-14,1200,1235,1195,1225,162931,0.056034482758620774
2022-10-17,1220,1240,1170,1230,137953,0.004081632653061273
2022-10-18,1255,1290,1240,1270,164258,0.03252032520325199
2022-10-19,1275,1285,1240,1250,172267,-0.015748031496062964
2022-10-20,1235,1290,1230,1240,358105,-0.008000000000000007
2022-10-21,1240,1275,1230,1245,252665,0.0040322580645162365
2022-10-24,1270,1270,1250,1260,154665,0.012048192771084265
2022-10-25,1265,1310,1265,1290,371358,0.023809523809523725
2022-10-26,1305,1305,1285,1295,179797,0.003875968992248069
2022-10-27,1295,1330,1285,1295,200390,0.0
2022-10-28,1305,1325,1265,1300,381440,0.0038610038610038533
2022-10-31,1325,1330,1300,1315,234472,0.011538461538461497
2022-11-01,1315,1335,1300,1330,304879,0.011406844106463865
2022-11-02,1315,1335,1285,1315,250945,-0.011278195488721776
2022-11-03,1305,1345,1285,1330,408427,0.011406844106463865
2022-11-04,1330,1345,1285,1330,422993,0.0
2022-11-07,1335,1350,1325,1340,361189,0.007518796992481258
2022-11-08,1350,1365,1340,1360,505326,0.014925373134328401
2022-11-09,1370,1375,1335,1355,549827,-0.003676470588235281
2022-11-10,1350,1375,1320,1360,481610,0.0036900369003689537
2022-11-11,1395,1405,1355,1360,632030,0.0
2022-11-14,1350,1470,1350,1370,1305436,0.007352941176470562
2022-11-15,1370,1395,1365,1380,280916,0.007299270072992803
2022-11-16,1380,1395,1370,1390,351336,0.007246376811594235
2022-11-17,1390,1395,1360,1370,244485,-0.014388489208633115
2022-11-18,1365,1400,1365,1370,189542,0.0
2022-11-21,1375,1375,1325,1330,297530,-0.029197080291970767
2022-11-22,1320,1330,1300,1300,174163,-0.022556390977443663
2022-11-23,1305,1345,1305,1315,186327,0.011538461538461497
2022-11-24,1325,1350,1325,1350,196167,0.026615969581748944
2022-11-25,1355,1365,1335,1350,67556,0.0
2022-11-28,1350,1350,1280,1295,484091,-0.040740740740740744
2022-11-29,1285,1310,1270,1305,128864,0.007722007722007707
2022-11-30,1305,1335,1290,1325,129490,0.015325670498084198
2022-12-01,1350,1355,1330,1335,190712,0.007547169811320753
2022-12-02,1340,1340,1320,1330,60120,-0.0037453183520599342
2022-12-05,1325,1350,1325,1340,102243,0.007518796992481258
2022-12-06,1325,1330,1290,1300,119362,-0.02985074626865669
2022-12-07,1280,1300,1270,1295,177119,-0.0038461538461538325
2022-12-08,1290,1310,1265,1265,157433,-0.02316602316602312
2022-12-09,1280,1305,1270,1295,305268,0.02371541501976293
2022-12-12,1295,1310,1280,1295,143598,0.0
2022-12-13,1295,1315,1290,1315,180966,0.015444015444015413
2022-12-14,1325,1355,1310,1335,511291,0.015209125475285079
2022-12-15,1335,1340,1315,1330,99893,-0.0037453183520599342
2022-12-16,1305,1320,1295,1300,143524,-0.022556390977443663
2022-12-19,1300,1300,1275,1295,60530,-0.0038461538461538325
2022-12-20,1290,1290,1260,1260,148484,-0.027027027027026973
2022-12-21,1270,1290,1265,1270,156633,0.007936507936507908
2022-12-22,1275,1285,1275,1280,44113,0.007874015748031482
2022-12-23,1280,1280,1230,1235,158932,-0.03515625
2022-12-26,1235,1245,1210,1220,111209,-0.012145748987854255
2022-12-27,1205,1230,1205,1220,181595,0.0
2022-12-28,1220,1220,1205,1215,74857,-0.004098360655737654
2022-12-29,1215,1215,1155,1180,148789,-0.028806584362139898
2023-01-02,1160,1205,1150,1160,211054,-0.016949152542372836
2023-01-03,1150,1175,1125,1170,142007,0.008620689655172376
2023-01-04,1165,1225,1160,1210,152179,0.03418803418803429
2023-01-05,1215,1230,1185,1225,126711,0.012396694214876103
2023-01-06,1215,1275,1210,1260,118519,0.02857142857142847
2023-01-09,1260,1305,1260,1305,189386,0.03571428571428581
2023-01-10,1295,1315,1280,1290,89159,-0.011494252873563204
2023-01-11,1295,1310,1290,1305,171586,0.011627906976744207
2023-01-12,1310,1315,1295,1300,86541,-0.003831417624521105
2023-01-13,1300,1325,1295,1315,82084,0.011538461538461497
2023-01-16,1315,1330,1310,1325,77102,0.0076045627376426506
2023-01-17,1330,1330,1310,1315,50058,-0.007547169811320753
2023-01-18,1320,1320,1290,1300,56281,-0.011406844106463865
2023-01-19,1295,1335,1280,1305,135564,0.0038461538461538325
2023-01-20,1305,1325,1300,1315,33508,0.00766283524904221
2023-01-25,1332,1332,1295,1326,103689,0.008365019011406849
2023-01-26,1314,1344,1314,1340,92704,0.010558069381598756
2023-01-27,1343,1346,1332,1340,121547,0.0
2023-01-30,1341,1341,1318,1337,160388,-0.002238805970149249
2023-01-31,1337,1347,1321,1339,130482,0.0014958863126401933
2023-02-01,1350,1377,1344,1352,222233,0.009708737864077666
2023-02-02,1358,1376,1358,1368,131113,0.01183431952662728
2023-02-03,1368,1376,1356,1362,128454,-0.004385964912280715
2023-02-06,1362,1362,1323,1338,161599,-0.017621145374449365
2023-02-07,1336,1368,1336,1356,183974,0.013452914798206317
2023-02-08,1356,1382,1356,1375,187797,0.014011799410029502
2023-02-09,1381,1381,1362,1371,79028,-0.002909090909090861
2023-02-10,1371,1371,1348,1350,112780,-0.015317286652078765
2023-02-13,1366,1366,1328,1350,103879,0.0
2023-02-14,1345,1388,1345,1372,244784,0.016296296296296253
2023-02-15,1378,1383,1348,1363,230978,-0.006559766763848396
2023-02-16,1351,1406,1351,1394,587790,0.022743947175348556
2023-02-17,1389,1389,1373,1379,150561,-0.010760401721664259
2023-02-20,1379,1405,1370,1400,176587,0.015228426395939021
2023-02-21,1391,1400,1377,1388,104302,-0.008571428571428563
2023-02-22,1373,1373,1341,1362,262803,-0.018731988472622474
2023-02-23,1350,1376,1350,1362,142622,0.0
2023-02-24,1380,1380,1330,1364,94227,0.001468428781204123
2023-02-27,1357,1364,1340,1356,115705,-0.0058651026392961825
2023-02-28,1341,1383,1341,1373,130209,0.012536873156342221
2023-03-02,1373,1386,1363,1374,145252,0.0007283321194464509
2023-03-03,1376,1383,1359,1368,127414,-0.004366812227074246
2023-03-06,1359,1379,1352,1376,105043,0.005847953216374213
2023-03-07,1376,1405,1363,1404,241040,0.02034883720930236
2023-03-08,1402,1402,1370,1372,132821,-0.022792022792022748
2023-03-09,1372,1380,1353,1368,139531,-0.002915451895043719
2023-03-10,1359,1362,1327,1340,129015,-0.020467836257309968
2023-03-13,1330,1330,1297,1320,111489,-0.014925373134328401
2023-03-14,1315,1315,1249,1250,153483,-0.05303030303030298
2023-03-15,1271,1279,1259,1268,81918,0.014399999999999968
2023-03-16,1257,1285,1240,1280,116418,0.009463722397476282
2023-03-17,1295,1313,1280,1304,97626,0.018750000000000044
2023-03-20,1293,1310,1292,1299,64090,-0.0038343558282208923
2023-03-21,1300,1308,1267,1267,101557,-0.024634334103156297
2023-03-22,1273,1280,1261,1261,89441,-0.0047355958958168465
2023-03-23,1250,1265,1239,1255,132131,-0.004758128469468659
2023-03-24,1265,1304,1253,1304,211597,0.03904382470119527
2023-03-27,1291,1307,1270,1296,156994,-0.006134969325153339
2023-03-28,1301,1326,1290,1326,175460,0.02314814814814814
2023-03-29,1336,1353,1330,1344,165306,0.013574660633484115
2023-03-30,1355,1415,1355,1397,770222,0.039434523809523725
2023-03-31,1400,1413,1370,1397,201829,0.0
2023-04-03,1397,1402,1368,1394,265367,-0.0021474588403722628
2023-04-04,1394,1394,1371,1377,174252,-0.012195121951219523
2023-04-05,1373,1393,1366,1374,140019,-0.002178649237472796
2023-04-06,1375,1379,1325,1335,225568,-0.028384279475982543
2023-04-07,1344,1365,1326,1363,221717,0.0209737827715355
2023-04-10,1377,1378,1318,1318,186739,-0.03301540719002205
2023-04-11,1340,1470,1325,1450,3191901,0.10015174506828539
2023-04-12,1467,1470,1433,1458,854498,0.0055172413793103114
2023-04-13,1458,1458,1416,1443,419387,-0.010288065843621408
2023-04-14,1450,1473,1441,1452,470248,0.006237006237006293
2023-04-17,1452,1478,1452,1475,342348,0.015840220385674897
2023-04-18,1467,1474,1430,1460,421512,-0.01016949152542368
2023-04-19,1462,1494,1437,1483,567245,0.015753424657534154
2023-04-20,1483,1483,1422,1422,354043,-0.04113283884018881
2023-04-21,1422,1429,1382,1392,240076,-0.021097046413502074
2023-04-24,1392,1400,1362,1373,164585,-0.013649425287356354
2023-04-25,1363,1376,1339,1351,180257,-0.016023306627822254
2023-04-26,1330,1370,1330,1342,119978,-0.006661732050333047
2023-04-27,1380,1380,1315,1340,133658,-0.0014903129657227732
2023-04-28,1350,1355,1313,1340,125667,0.0
2023-05-02,1350,1373,1311,1369,152591,0.02164179104477615
2023-05-03,1368,1451,1353,1432,368214,0.04601899196493786
2023-05-04,1423,1423,1387,1410,119164,-0.015363128491620137
2023-05-08,1411,1451,1399,1410,133541,0.0
2023-05-09,1416,1425,1394,1425,144463,0.010638297872340496
2023-05-10,1440,1442,1415,1425,82825,0.0
2023-05-11,1458,1458,1417,1422,106944,-0.002105263157894721
2023-05-12,1430,1440,1403,1433,125680,0.007735583684950864
2023-05-15,1455,1455,1407,1425,104749,-0.005582693649685999
2023-05-16,1404,1427,1377,1379,158222,-0.03228070175438591
2023-05-17,1389,1403,1365,1389,56832,0.007251631617113841
2023-05-18,1411,1438,1400,1438,198775,0.03527717782577389
2023-05-19,1455,1482,1447,1450,406049,0.008344923504867818
2023-05-22,1460,1492,1450,1492,441268,0.028965517241379413
2023-05-23,1500,1500,1464,1466,273781,-0.017426273458445052
2023-05-24,1466,1472,1441,1459,135586,-0.004774897680764001
2023-05-25,1459,1472,1447,1454,128359,-0.0034270047978066653
2023-05-26,1457,1501,1450,1470,430344,0.011004126547455195
2023-05-30,1497,1539,1474,1538,854650,0.04625850340136051
2023-05-31,1540,1566,1508,1519,808915,-0.012353706111833507
2023-06-01,1519,1533,1494,1515,238246,-0.0026333113890717463
2023-06-02,1524,1535,1495,1507,220165,-0.005280528052805322
2023-06-05,1508,1514,1476,1482,169944,-0.016589250165892522
2023-06-07,1480,1488,1460,1478,185177,-0.0026990553306343035
2023-06-08,1475,1485,1441,1474,110449,-0.0027063599458727605
2023-06-09,1476,1508,1466,1488,184376,0.009497964721845387
2023-06-12,1488,1496,1463,1478,86720,-0.006720430107526876
2023-06-13,1479,1501,1441,1501,584537,0.01556156968876854
2023-06-14,1509,1509,1458,1480,277037,-0.013990672884743538
2023-06-15,1466,1520,1466,1506,299727,0.0175675675675675
2023-06-16,1500,1522,1496,1506,166242,0.0
2023-06-19,1508,1508,1465,1505,133108,-0.0006640106241699861
2023-06-20,1505,1510,1480,1507,84774,0.0013289036544850141
2023-06-21,1509,1509,1477,1493,116187,-0.00928998009289983
2023-06-22,1481,1493,1476,1477,85909,-0.010716677829872734
2023-06-23,1482,1486,1446,1446,77404,-0.02098849018280302
2023-06-26,1436,1461,1420,1460,129147,0.009681881051175623
2023-06-27,1447,1469,1416,1440,95123,-0.013698630136986356
2023-06-28,1443,1452,1413,1430,141301,-0.00694444444444442
2023-06-29,1430,1435,1400,1400,101350,-0.020979020979020935
2023-06-30,1400,1412,1380,1380,208198,-0.014285714285714235
2023-07-03,1375,1438,1375,1416,193419,0.026086956521739202
2023-07-04,1407,1452,1407,1452,106125,0.025423728813559254
2023-07-05,1455,1490,1422,1441,188203,-0.007575757575757569
2023-07-06,1441,1450,1389,1393,170497,-0.03331020124913253
2023-07-07,1393,1393,1370,1372,114367,-0.015075376884422065
2023-07-10,1375,1375,1338,1357,166223,-0.01093294460641403
2023-07-11,1358,1364,1347,1353,91883,-0.0029476787030213725
2023-07-12,1359,1360,1333,1333,110477,-0.014781966001478186
2023-07-13,1342,1386,1342,1382,186238,0.0367591897974493
2023-07-14,1412,1419,1380,1407,123357,0.01808972503617956
2023-07-17,1407,1422,1379,1414,156659,0.004975124378109541
2023-07-18,1460,1460,1375,1375,141605,-0.02758132956152759
2023-07-19,1400,1400,1350,1364,96450,-0.008000000000000007
2023-07-20,1365,1380,1346,1349,114226,-0.010997067448680342
2023-07-21,1333,1360,1333,1357,93672,0.005930318754633124
2023-07-24,1359,1359,1288,1290,243642,-0.04937361827560793
2023-07-25,1281,1292,1240,1258,235205,-0.024806201550387597
2023-07-26,1263,1282,1177,1203,461918,-0.043720190779014345
2023-07-27,1203,1266,1203,1266,256721,0.052369077306733125
2023-07-28,1247,1300,1247,1290,161997,0.018957345971563955
2023-07-31,1320,1320,1279,1291,134833,0.0007751937984497026
2023-08-01,1291,1314,1282,1299,169035,0.006196746707978207
2023-08-02,1299,1304,1256,1274,147477,-0.019245573518090864
2023-08-03,1284,1284,1231,1252,122708,-0.017268445839874413
2023-08-04,1253,1265,1245,1256,87123,0.0031948881789136685
2023-08-07,1245,1258,1235,1255,74316,-0.0007961783439490722
2023-08-08,1250,1255,1221,1239,83779,-0.012749003984063756
2023-08-09,1238,1246,1226,1241,58122,0.0016142050040355294
2023-08-10,1231,1240,1224,1235,97737,-0.00483481063658342
2023-08-11,1232,1251,1231,1239,130667,0.0032388663967610754
2023-08-14,1240,1241,1204,1209,152136,-0.02421307506053272
2023-08-16,1209,1209,1176,1180,167950,-0.023986765922249798
2023-08-17,1177,1188,1154,1188,190209,0.006779661016949046
2023-08-18,1176,1189,1154,1169,161822,-0.015993265993266004
2023-08-21,1169,1205,1169,1177,83621,0.006843455945252375
2023-08-22,1177,1190,1162,1165,139638,-0.010195412064570974
2023-08-23,1174,1178,1162,1166,92800,0.0008583690987125081
2023-08-24,1171,1200,1171,1198,129326,0.027444253859348233
2023-08-25,1191,1200,1179,1200,110377,0.0016694490818029983
2023-08-28,1212,1250,1203,1234,175995,0.02833333333333332
2023-08-29,1241,1251,1225,1233,121147,-0.0008103727714748876
2023-08-30,1237,1245,1225,1230,87751,-0.0024330900243308973
2023-08-31,1230,1245,1212,1215,166745,-0.012195121951219523
2023-09-01,1215,1330,1210,1277,763062,0.05102880658436204
2023-09-04,1280,1280,1236,1236,204365,-0.03210649960845735
2023-09-05,1236,1245,1228,1236,99036,0.0
2023-09-06,1236,1239,1216,1218,115384,-0.014563106796116498
2023-09-07,1215,1221,1189,1204,251475,-0.011494252873563204
2023-09-08,1204,1207,1194,1207,110652,0.002491694352159568
2023-09-11,1211,1211,1194,1206,180016,-0.0008285004142501995
2023-09-12,1206,1228,1204,1223,123141,0.014096185737976885
2023-09-13,1218,1237,1214,1226,103935,0.002452984464431651
2023-09-14,1226,1245,1218,1245,70484,0.015497553017944643
2023-09-15,1242,1252,1242,1244,95625,-0.0008032128514056103
2023-09-18,1241,1244,1217,1230,70037,-0.0112540192926045
2023-09-19,1230,1230,1210,1218,61738,-0.009756097560975618
2023-09-20,1217,1235,1217,1235,110715,0.013957307060755264
2023-09-21,1232,1237,1216,1227,180351,-0.006477732793522262
2023-09-22,1232,1251,1222,1237,173941,0.008149959250203676
2023-09-25,1220,1245,1196,1216,132622,-0.016976556184316927
2023-09-26,1216,1216,1164,1193,161967,-0.01891447368421051
2023-09-27,1193,1219,1175,1219,47322,0.021793797150041927
2023-10-04,1210,1210,1163,1172,185420,-0.03855619360131257
2023-10-05,1178,1205,1165,1195,223732,0.019624573378839605
2023-10-06,1204,1204,1172,1179,229167,-0.013389121338912124
2023-10-10,1179,1185,1143,1152,212042,-0.022900763358778664
2023-10-11,1152,1180,1152,1175,103515,0.01996527777777768
2023-10-12,1175,1195,1175,1187,95391,0.010212765957446912
2023-10-13,1187,1188,1174,1186,101849,-0.0008424599831508006
2023-10-16,1179,1182,1154,1178,104441,-0.006745362563237767
2023-10-17,1166,1185,1166,1177,68894,-0.000848896434634927
2023-10-18,1177,1184,1166,1175,205968,-0.001699235344095107
2023-10-19,1172,1172,1107,1121,435108,-0.04595744680851066
2023-10-20,1119,1121,1089,1120,151329,-0.000892060660124927
2023-10-23,1100,1120,1090,1102,111109,-0.016071428571428625
2023-10-24,1100,1123,1082,1123,64434,0.019056261343012748
2023-10-25,1125,1128,1105,1114,125403,-0.00801424755120217
2023-10-26,1111,1111,1070,1107,112884,-0.006283662477558294
2023-10-27,1096,1105,1066,1066,248314,-0.03703703703703709
2023-10-30,1065,1077,1059,1074,79514,0.007504690431519689
2023-10-31,1071,1080,1033,1033,141897,-0.038175046554934866
2023-11-01,1036,1065,1036,1049,46478,0.015488867376573179
2023-11-02,1052,1093,1052,1077,74156,0.026692087702573808
2023-11-03,1077,1100,1072,1087,55135,0.00928505106778088
2023-11-06,1100,1132,1087,1132,260667,0.041398344066237325
2023-11-07,1121,1175,1116,1172,275396,0.035335689045936425
2023-11-08,1157,1212,1157,1200,237655,0.023890784982935065
2023-11-09,1200,1247,1189,1236,272525,0.030000000000000027
2023-11-10,1233,1280,1233,1273,294908,0.0299352750809061
2023-11-13,1274,1311,1254,1298,346248,0.01963864886095834
2023-11-14,1319,1352,1280,1352,368071,0.04160246533127898
2023-11-15,1345,1345,1297,1345,324389,-0.005177514792899407
2023-11-16,1334,1380,1317,1367,211315,0.01635687732342017
2023-11-17,1363,1413,1351,1405,380756,0.027798098024871987
2023-11-20,1392,1434,1392,1433,428946,0.01992882562277587
2023-11-21,1424,1442,1422,1431,216963,-0.0013956734124215275
2023-11-22,1426,1426,1335,1336,386490,-0.06638714185883998
2023-11-23,1336,1370,1295,1295,209801,-0.030688622754491024
2023-11-24,1284,1310,1250,1262,312783,-0.025482625482625476
2023-11-27,1270,1273,1241,1246,125173,-0.01267828843106178
2023-11-28,1244,1255,1201,1211,301815,-0.028089887640449396
2023-11-29,1210,1210,1150,1150,389310,-0.05037159372419486
2023-11-30,1152,1155,1130,1130,305027,-0.017391304347826098
2023-12-01,1130,1134,1100,1124,326480,-0.005309734513274322
2023-12-04,1122,1162,1118,1140,565202,0.014234875444839812
2023-12-05,1146,1146,1128,1141,160812,0.0008771929824560321
2023-12-06,1141,1141,1120,1125,209865,-0.014022787028922012
2023-12-07,1125,1130,1092,1096,179323,-0.02577777777777779
2023-12-08,1106,1124,1096,1097,235358,0.0009124087591241281
2023-12-11,1108,1158,1107,1146,379182,0.04466727438468543
2023-12-12,1160,1188,1150,1170,311401,0.020942408376963373
2023-12-13,1212,1421,1180,1261,6958499,0.07777777777777772
2023-12-14,1271,1277,1214,1223,732041,-0.030134813639968283
2023-12-15,1220,1234,1193,1199,365691,-0.019623875715453765
2023-12-18,1200,1220,1197,1206,194675,0.005838198498749003
2023-12-19,1207,1225,1195,1213,170564,0.005804311774461057
2023-12-20,1213,1223,1210,1218,171343,0.004122011541632276
2023-12-21,1219,1221,1192,1197,244923,-0.017241379310344862
2023-12-22,1211,1249,1210,1223,295580,0.021720969089390252
2023-12-26,1228,1229,1215,1220,122732,-0.002452984464431762
2023-12-27,1221,1234,1214,1227,109139,0.0057377049180327155
2023-12-28,1227,1228,1213,1221,111558,-0.004889975550122272
2024-01-02,1221,1264,1218,1257,259046,0.029484029484029506
2024-01-03,1250,1256,1239,1250,111544,-0.005568814638027053
2024-01-04,1241,1258,1237,1248,141638,-0.0016000000000000458
2024-01-05,1247,1247,1225,1230,126862,-0.014423076923076872
2024-01-08,1236,1245,1221,1224,119417,-0.004878048780487809
2024-01-09,1245,1297,1242,1265,492014,0.033496732026143894
2024-01-10,1281,1288,1248,1257,200264,-0.006324110671936722
2024-01-11,1258,1280,1252,1280,142781,0.01829753381066035
2024-01-12,1277,1277,1229,1242,198363,-0.029687499999999978
2024-01-15,1252,1260,1235,1237,83774,-0.004025764895330131
2024-01-16,1232,1241,1218,1221,136840,-0.012934518997574806
2024-01-17,1221,1229,1161,1171,177579,-0.040950040950040956
2024-01-18,1171,1208,1171,1195,111581,0.020495303159692613
2024-01-19,1239,1275,1202,1273,293464,0.06527196652719658
2024-01-22,1290,1323,1290,1312,326184,0.03063629222309494
2024-01-23,1314,1345,1291,1345,317057,0.02515243902439024
2024-01-24,1345,1345,1299,1323,203860,-0.01635687732342006
2024-01-25,1332,1450,1332,1379,3277680,0.042328042328042326
2024-01-26,1410,1470,1385,1391,2302027,0.00870195794053652
2024-01-29,1399,1410,1332,1345,676271,-0.033069734004313456
2024-01-30,1351,1412,1314,1401,635085,0.04163568773234205
2024-01-31,1385,1420,1324,1335,495617,-0.047109207708779466
2024-02-01,1306,1361,1294,1324,537780,-0.008239700374531811
2024-02-02,1338,1390,1332,1352,385835,0.02114803625377637
2024-02-05,1352,1372,1294,1304,543346,-0.035502958579881616
2024-02-06,1304,1327,1275,1325,330340,0.01610429447852768
2024-02-07,1318,1325,1287,1300,226959,-0.018867924528301883
2024-02-08,1301,1351,1297,1333,246842,0.02538461538461534
2024-02-13,1348,1356,1330,1340,275225,0.005251312828207011
2024-02-14,1333,1353,1304,1352,221036,0.008955223880596996
2024-02-15,1353,1365,1322,1341,270123,-0.008136094674556227
2024-02-16,1341,1347,1310,1319,155213,-0.01640566741237881
2024-02-19,1319,1345,1309,1335,169231,0.012130401819560266
2024-02-20,1333,1333,1309,1313,96017,-0.016479400749063622
2024-02-21,1313,1319,1291,1301,122155,-0.009139375476009182
2024-02-22,1303,1421,1297,1377,1523659,0.058416602613374335
2024-02-23,1403,1410,1360,1372,405671,-0.0036310820624546603
2024-02-26,1383,1383,1323,1326,266365,-0.03352769679300294
2024-02-27,1327,1611,1327,1394,15042237,0.05128205128205132
2024-02-28,1375,1530,1375,1431,6499246,0.026542324246771942
2024-02-29,1464,1480,1394,1412,1308866,-0.01327742837176804
2024-03-04,1437,1466,1410,1420,600518,0.0056657223796034994
2024-03-05,1420,1427,1380,1394,557229,-0.018309859154929553
2024-03-06,1394,1413,1363,1377,437687,-0.012195121951219523
2024-03-07,1377,1390,1353,1353,358662,-0.017429193899782147
2024-03-08,1351,1440,1351,1410,674568,0.04212860310421296
2024-03-11,1410,1415,1368,1375,218601,-0.024822695035460973
2024-03-12,1386,1397,1360,1397,197248,0.016000000000000014
2024-03-13,1407,1410,1363,1380,258046,-0.012168933428775897
2024-03-14,1380,1395,1343,1356,441683,-0.017391304347826098
2024-03-15,1345,1368,1338,1365,131580,0.006637168141592875
2024-03-18,1365,1390,1352,1366,190834,0.00073260073260073
2024-03-19,1365,1371,1349,1370,150192,0.002928257686676483
2024-03-20,1371,1407,1362,1407,245939,0.02700729927007295
2024-03-21,1467,1570,1430,1500,3479256,0.06609808102345416
2024-03-22,1499,1499,1418,1463,726349,-0.024666666666666615
2024-03-25,1451,1464,1403,1415,505596,-0.03280929596719073
2024-03-26,1417,1466,1406,1465,506188,0.035335689045936425
2024-03-27,1465,1470,1423,1424,294864,-0.027986348122866933
2024-03-28,1436,1454,1426,1443,272246,0.01334269662921339
2024-03-29,1435,1449,1405,1406,295693,-0.02564102564102566
2024-04-01,1406,1459,1406,1454,311732,0.03413940256045511
2024-04-02,1532,1700,1470,1513,17503252,0.040577716643741324
2024-04-03,1513,1537,1460,1482,1388970,-0.020489094514210215
2024-04-04,1481,1517,1474,1490,970196,0.005398110661268607
2024-04-05,1461,1488,1441,1473,503470,-0.01140939597315438
2024-04-08,1481,1490,1355,1393,688615,-0.05431093007467758
2024-04-09,1380,1434,1380,1389,383829,-0.002871500358937573
2024-04-11,1389,1429,1371,1406,271864,0.012239020878329843
2024-04-12,1416,1477,1416,1465,470176,0.041963015647226154
2024-04-15,1431,1459,1393,1438,330890,-0.018430034129692796
2024-04-16,1431,1431,1343,1350,640613,-0.061196105702364445
2024-04-17,1350,1395,1350,1365,223636,0.011111111111111072
2024-04-18,1364,1387,1340,1378,325329,0.00952380952380949
2024-04-19,1377,1377,1288,1288,931594,-0.06531204644412192
2024-04-22,1288,1297,1264,1274,298591,-0.010869565217391353
2024-04-23,1278,1292,1247,1279,351128,0.00392464678178972
2024-04-24,1284,1327,1280,1316,289147,0.02892885066458173
2024-04-25,1305,1321,1265,1308,158928,-0.006079027355623046
2024-04-26,1330,1370,1314,1340,385867,0.024464831804281273
2024-04-29,1343,1356,1335,1346,183984,0.004477611940298498
2024-04-30,1342,1359,1335,1345,166546,-0.0007429420505200568
2024-05-02,1340,1360,1329,1349,122088,0.0029739776951673846
2024-05-03,1355,1360,1325,1338,200586,-0.00815418828762049
2024-05-07,1344,1384,1344,1379,338728,0.03064275037369213
2024-05-08,1372,1387,1369,1379,158924,0.0
2024-05-09,1378,1417,1350,1400,458315,0.015228426395939021
2024-05-10,1401,1405,1363,1390,193574,-0.0071428571428571175
2024-05-13,1388,1394,1363,1372,127747,-0.012949640287769792
2024-05-14,1372,1399,1350,1380,181983,0.005830903790087438
2024-05-16,1388,1411,1382,1409,297617,0.021014492753623104
2024-05-17,1409,1409,1384,1392,180205,-0.012065294535131277
2024-05-20,1379,1393,1341,1352,290035,-0.028735632183908066
2024-05-21,1351,1352,1334,1345,112043,-0.005177514792899407
2024-05-22,1338,1346,1323,1336,159240,-0.006691449814126393
2024-05-23,1333,1343,1299,1329,194818,-0.0052395209580838875
2024-05-24,1328,1328,1301,1301,123383,-0.02106847253574118
2024-05-27,1304,1310,1278,1303,213339,0.001537279016141424
2024-05-28,1303,1324,1293,1308,88519,0.0038372985418264616
2024-05-29,1300,1312,1296,1302,107898,-0.004587155963302725
2024-05-30,1302,1302,1274,1276,120280,-0.019969278033794113
2024-05-31,1277,1284,1250,1265,150304,-0.008620689655172376
2024-06-03,1250,1278,1250,1264,165494,-0.0007905138339920903
2024-06-04,1253,1267,1237,1241,232478,-0.018196202531645556
2024-06-05,1244,1256,1233,1243,188913,0.0016116035455278066
2024-06-07,1242,1266,1242,1260,147765,0.013676588897827857
2024-06-10,1260,1260,1237,1239,114795,-0.01666666666666672
2024-06-11,1236,1246,1233,1235,128079,-0.0032284100080710587
2024-06-12,1235,1249,1214,1234,82676,-0.0008097165991902688
2024-06-13,1236,1248,1230,1242,81650,0.006482982171799101
2024-06-14,1237,1242,1220,1232,132454,-0.008051529790660261
2024-06-17,1232,1241,1219,1220,76575,-0.009740259740259716
2024-06-18,1221,1242,1221,1224,51375,0.003278688524590123
2024-06-19,1225,1249,1217,1229,94172,0.004084967320261423
2024-06-20,1220,1238,1219,1234,92850,0.00406834825061031
2024-06-21,1233,1241,1200,1239,137998,0.004051863857374327
2024-06-24,1214,1236,1195,1211,175417,-0.02259887005649719
2024-06-25,1210,1222,1182,1219,107303,0.006606110652353392
2024-06-26,1209,1233,1209,1232,61346,0.01066447908121404
2024-06-27,1221,1230,1203,1205,54931,-0.021915584415584388
2024-06-28,1195,1212,1188,1192,83959,-0.010788381742738551
2024-07-01,1190,1210,1173,1197,128770,0.004194630872483174
2024-07-02,1197,1200,1167,1172,125695,-0.02088554720133673
2024-07-03,1165,1179,1146,1148,84413,-0.020477815699658675
2024-07-04,1143,1161,1135,1150,119774,0.0017421602787457413
2024-07-05,1150,1160,1125,1149,152638,-0.0008695652173913437
2024-07-08,1149,1158,1130,1148,249838,-0.0008703220191470518
2024-07-09,1146,1156,1140,1148,78639,0.0
2024-07-10,1148,1151,1113,1120,317361,-0.024390243902439046
2024-07-11,1131,1134,1119,1127,143509,0.006250000000000089
2024-07-12,1126,1127,1115,1117,54134,-0.008873114463176623
2024-07-15,1128,1129,1104,1114,131569,-0.0026857654431512445
2024-07-16,1114,1129,1105,1123,149129,0.008078994614003632
2024-07-17,1118,1126,1094,1094,227837,-0.02582368655387357
2024-07-18,1094,1113,1072,1104,216188,0.009140767824497242
2024-07-19,1088,1106,1081,1088,89123,-0.01449275362318836
2024-07-22,1088,1088,1064,1065,123738,-0.02113970588235292
2024-07-23,1063,1112,1063,1079,109690,0.013145539906103343
2024-07-24,1068,1089,1067,1070,48169,-0.008341056533827662
2024-07-25,1064,1070,1038,1056,119051,-0.013084112149532756
2024-07-26,1045,1059,1037,1048,76799,-0.007575757575757569
2024-07-29,1049,1069,1045,1052,75605,0.003816793893129722
2024-07-30,1052,1058,1038,1049,81299,-0.002851711026615966
2024-07-31,1049,1087,1042,1083,170292,0.0324118207816968
2024-08-01,1080,1099,1072,1086,66132,0.0027700831024930483
2024-08-02,1085,1085,1037,1053,163506,-0.03038674033149169
2024-08-05,1042,1042,888,910,421954,-0.13580246913580252
2024-08-06,900,954,900,930,348250,0.0219780219780219
2024-08-07,928,971,924,965,142442,0.037634408602150504
2024-08-08,959,975,934,957,53718,-0.00829015544041456
2024-08-09,956,1008,956,983,172974,0.027168234064785857
2024-08-12,984,1002,984,1002,160907,0.019328585961342792
2024-08-13,1002,1005,967,989,133906,-0.012974051896207595
2024-08-14,993,1003,986,997,133144,0.008088978766430666
2024-08-16,1015,1055,1007,1045,495413,0.0481444332998997
2024-08-19,1042,1055,1031,1045,78794,0.0
2024-08-20,1065,1066,1044,1050,129483,0.004784688995215225
2024-08-21,1049,1075,1045,1075,132759,0.023809523809523725
2024-08-22,1067,1072,1055,1065,80348,-0.009302325581395321
2024-08-23,1054,1069,1049,1068,102737,0.0028169014084507005
2024-08-26,1062,1068,1050,1058,46758,-0.009363295880149836
2024-08-27,1045,1064,1043,1061,51218,0.002835538752362865
2024-08-28,1051,1066,1040,1057,61841,-0.0037700282752121117
2024-08-29,1046,1050,1031,1043,109729,-0.013245033112582738
2024-08-30,1040,1055,1037,1055,65874,0.011505273250239645
2024-09-02,1049,1057,1034,1055,88970,0.0
2024-09-03,1054,1059,1050,1056,35974,0.0009478672985780978
2024-09-04,1025,1031,1005,1018,100764,-0.03598484848484851
2024-09-05,1011,1024,991,1007,93151,-0.01080550098231825
2024-09-06,1003,1014,985,994,45857,-0.012909632571996066
2024-09-09,963,988,951,988,76466,-0.006036217303822977
2024-09-10,988,1000,982,989,37397,0.0010121457489877805
2024-09-11,989,1000,974,974,21020,-0.015166835187057637
2024-09-12,975,1000,969,989,121671,0.015400410677617993
2024-09-13,989,999,981,997,36790,0.008088978766430666
2024-09-19,1000,1000,980,994,94725,-0.0030090270812437314
2024-09-20,997,1002,983,991,53519,-0.003018108651911433
2024-09-23,986,994,976,991,110327,0.0
2024-09-24,989,1000,981,1000,54602,0.00908173562058523
2024-09-25,1000,1006,988,1002,46813,0.0020000000000000018
2024-09-26,1048,1138,1013,1027,3403470,0.024950099800399306
2024-09-27,1031,1038,1017,1033,356453,0.0058422590068158975
2024-09-30,1033,1040,1019,1021,166997,-0.011616650532429773
2024-10-02,1007,1010,980,989,184188,-0.03134182174338884
2024-10-04,989,993,934,986,127899,-0.0030333670374115274
2024-10-07,986,1015,970,1005,78245,0.01926977687626774
2024-10-08,1003,1008,996,997,44985,-0.007960199004975133
2024-10-10,1000,1012,992,992,49758,-0.005015045135406182
2024-10-11,1002,1005,993,998,38746,0.006048387096774244
2024-10-14,998,1012,986,1008,79008,0.01002004008016022
2024-10-15,1009,1014,998,1010,132089,0.001984126984126977
2024-10-16,1005,1005,989,1000,96974,-0.00990099009900991
2024-10-17,998,1036,990,993,70320,-0.007000000000000006
2024-10-18,997,999,968,999,100849,0.0060422960725075026
2024-10-21,995,999,975,988,32404,-0.011011011011010985
2024-10-22,978,998,963,969,126663,-0.019230769230769273
2024-10-23,965,994,965,994,97977,0.02579979360165119
2024-10-24,994,1005,966,979,31537,-0.015090543259557387
2024-10-25,980,989,954,959,88393,-0.020429009193054126
2024-10-28,952,969,950,964,62508,0.005213764337852034
2024-10-29,961,969,946,949,99699,-0.01556016597510368
2024-10-30,950,955,944,944,23193,-0.005268703898840932
2024-10-31,934,947,925,946,47223,0.0021186440677967155
2024-11-01,945,949,931,945,118944,-0.0010570824524313016
2024-11-04,942,960,937,957,89574,0.012698412698412653
2024-11-05,957,967,951,951,66624,-0.006269592476489061
2024-11-06,953,975,943,958,76319,0.007360672975814886
2024-11-07,975,975,946,963,53222,0.005219206680584509
2024-11-08,961,963,948,955,57622,-0.00830737279335414
2024-11-11,954,956,912,921,146745,-0.03560209424083771
2024-11-12,921,921,876,880,178863,-0.0445168295331162
2024-11-13,887,894,847,848,102413,-0.036363636363636376
2024-11-14,842,855,812,835,99849,-0.015330188679245293
2024-11-15,841,880,840,870,211601,0.041916167664670656
2024-11-18,870,900,867,885,105358,0.01724137931034475
2024-11-19,890,894,875,885,149413,0.0
2024-11-20,884,890,873,873,94786,-0.013559322033898313
2024-11-21,870,882,867,873,30432,0.0
2024-11-22,872,892,870,874,105905,0.001145475372279492
2024-11-25,874,926,874,908,203477,0.0389016018306636
2024-11-26,906,911,898,908,44679,0.0
2024-11-27,909,910,893,902,61920,-0.0066079295154185536
2024-11-28,904,950,889,890,41983,-0.013303769401330379
2024-11-29,890,895,878,895,47826,0.00561797752808979
2024-12-02,886,889,874,874,52178,-0.02346368715083802
2024-12-03,865,891,865,878,36310,0.004576659038901587
2024-12-04,876,878,832,853,81443,-0.028473804100227817
2024-12-05,853,876,843,860,57533,0.008206330597889888
2024-12-06,859,864,800,850,97197,-0.011627906976744207
2024-12-09,838,848,783,784,222616,-0.0776470588235294
2024-12-10,784,844,784,812,303826,0.03571428571428581
2024-12-11,813,840,813,835,117568,0.028325123152709297
2024-12-12,841,854,824,853,145980,0.021556886227544814
2024-12-13,853,865,837,857,181507,0.004689331770222793
2024-12-16,871,884,860,881,182884,0.028004667444574194
2024-12-17,883,887,872,884,75560,0.0034052213393871433
2024-12-18,884,900,880,897,75040,0.014705882352941124
2024-12-19,896,898,877,898,53726,0.0011148272017837968
2024-12-20,891,898,878,898,52843,0.0
2024-12-23,891,905,880,901,73347,0.0033407572383072903
2024-12-24,902,910,895,907,71209,0.006659267480577213
2024-12-26,907,910,888,895,52368,-0.013230429988974612
2024-12-27,886,896,870,872,64989,-0.025698324022346397
2024-12-30,872,889,863,873,65777,0.0011467889908256534
2025-01-02,864,911,864,898,93199,0.028636884306987298
2025-01-03,898,915,895,912,92188,0.015590200445434244
2025-01-06,915,933,913,930,115437,0.019736842105263053
2025-01-07,930,1107,923,946,8157325,0.017204301075268713
2025-01-08,945,959,924,958,528553,0.012684989429175397
2025-01-09,958,965,947,953,217987,-0.005219206680584509
2025-01-10,955,974,953,956,146480,0.0031479538300105414
2025-01-13,956,958,936,936,78380,-0.02092050209205021
2025-01-14,944,947,917,936,140325,0.0
2025-01-15,932,937,922,929,97012,-0.007478632478632452
2025-01-16,929,938,924,924,60957,-0.005382131324004336
2025-01-17,931,941,925,941,113700,0.018398268398268414
2025-01-20,941,998,936,980,352065,0.04144527098831041
2025-01-21,980,983,956,969,138800,-0.011224489795918391
2025-01-22,970,980,960,980,103233,0.011351909184726505
2025-01-23,979,982,963,981,128902,0.0010204081632652073
2025-01-24,979,1012,978,1001,269065,0.020387359836901098
2025-01-31,1001,1001,962,980,179290,-0.020979020979020935
2025-02-03,973,973,931,941,229927,-0.03979591836734697
2025-02-04,941,966,941,958,123522,0.018065887353878818
2025-02-05,959,968,956,963,89715,0.005219206680584509
2025-02-06,963,980,961,972,63798,0.009345794392523255
2025-02-07,972,1011,972,1000,284599,0.028806584362139898
2025-02-10,998,1016,990,1006,299591,0.006000000000000005
2025-02-11,1008,1011,996,1010,125125,0.003976143141153132
2025-02-12,1004,1011,981,1000,109194,-0.00990099009900991
2025-02-13,990,1007,990,1003,57995,0.0029999999999998916
2025-02-14,1004,1022,999,1019,165079,0.0159521435692922
2025-02-17,1020,1035,1014,1033,200353,0.013738959764475034
2025-02-18,1029,1034,1015,1023,120780,-0.009680542110358181
2025-02-19,1017,1033,1012,1027,148255,0.003910068426197455
2025-02-20,1027,1029,995,1002,263093,-0.02434274586173324
2025-02-21,1003,1125,980,1008,5211294,0.0059880239520957446
2025-02-24,1006,1024,996,1016,340692,0.007936507936507908
2025-02-25,1001,1078,989,1003,2014769,-0.012795275590551158
2025-02-26,1010,1036,1002,1013,309803,0.009970089730807485
2025-02-27,1016,1018,1003,1008,118907,-0.0049358341559723184
2025-02-28,1000,1008,980,989,110358,-0.018849206349206393
2025-03-04,989,989,956,982,136438,-0.00707785642062686
2025-03-05,982,1005,979,1005,139322,0.023421588594704668
2025-03-06,1003,1003,983,983,184186,-0.02189054726368156
2025-03-07,981,983,963,975,158355,-0.008138351983723258
2025-03-10,973,973,963,968,37659,-0.007179487179487132
2025-03-11,960,960,880,953,193855,-0.015495867768595017
2025-03-12,952,974,950,969,29986,0.016789087093389332
2025-03-13,974,978,950,957,80511,-0.012383900928792602
2025-03-14,963,975,957,966,98571,0.00940438871473348
2025-03-17,966,984,966,980,54030,0.01449275362318847
2025-03-18,981,981,961,966,75063,-0.014285714285714235
2025-03-19,965,991,962,977,180012,0.011387163561076497
2025-03-20,977,984,961,980,95508,0.003070624360286489
2025-03-21,977,978,959,973,72836,-0.0071428571428571175
2025-03-24,973,980,957,969,66544,-0.004110996916752319
2025-03-25,969,973,940,970,128661,0.0010319917440659854
2025-03-26,970,970,952,960,111122,-0.010309278350515427
2025-03-27,955,962,936,936,50807,-0.025000000000000022
2025-03-28,929,936,914,919,46066,-0.01816239316239321
2025-03-31,914,914,891,891,143032,-0.030467899891186034
2025-04-01,891,923,890,919,79938,0.03142536475869817
2025-04-02,905,914,895,904,77475,-0.016322089227421066
2025-04-03,889,904,881,883,57577,-0.023230088495575174
2025-04-04,850,900,850,898,90763,0.016987542468856143
2025-04-07,855,896,835,835,157927,-0.07015590200445432
2025-04-08,845,855,832,834,121717,-0.0011976047904191933
2025-04-09,837,837,808,820,111482,-0.016786570743405282
2025-04-10,840,874,839,868,103231,0.05853658536585371
2025-04-11,868,895,856,894,48400,0.02995391705069128
2025-04-14,895,910,893,907,80632,0.014541387024608499
2025-04-15,899,922,892,912,85023,0.005512679162072764
2025-04-16,912,913,890,890,45951,-0.02412280701754388
2025-04-17,891,908,887,908,44105,0.020224719101123556
2025-04-18,909,918,894,910,35872,0.0022026431718060735
2025-04-21,911,921,906,920,45643,0.01098901098901095
2025-04-22,920,920,901,901,58201,-0.020652173913043526
2025-04-23,903,915,903,910,54899,0.009988901220865598
2025-04-24,918,923,909,921,67317,0.012087912087912045
2025-04-25,926,929,912,919,56158,-0.0021715526601520097
2025-04-28,921,931,907,908,56668,-0.01196953210010876
2025-04-29,923,923,903,915,60284,0.007709251101321479
2025-04-30,915,917,900,910,80688,-0.005464480874316946
2025-05-02,909,914,881,892,178806,-0.01978021978021982
2025-05-07,892,902,881,894,133380,0.0022421524663676085
2025-05-08,895,902,894,900,87606,0.006711409395973256
2025-05-09,900,909,893,902,93656,0.0022222222222221255
2025-05-12,910,917,903,910,128780,0.008869179600886845
2025-05-13,919,931,911,927,106099,0.018681318681318615
2025-05-14,932,936,915,933,96166,0.006472491909385036
2025-05-15,935,1028,917,943,1325985,0.010718113612004254
2025-05-16,942,958,929,954,232587,0.01166489925768821
2025-05-19,955,955,917,928,139661,-0.027253668763102756
2025-05-20,936,945,925,928,43439,0.0
2025-05-21,928,942,928,937,40829,0.00969827586206895
2025-05-22,938,938,916,916,83683,-0.022411953041622246
2025-05-23,921,931,911,921,34614,0.005458515283842891
2025-05-26,921,937,916,937,105667,0.017372421281216077
2025-05-27,926,948,925,932,73225,-0.005336179295624355
2025-05-28,935,961,935,943,153571,0.011802575107296098
2025-05-29,943,954,936,936,67465,-0.007423117709437932
2025-05-30,939,950,931,938,73028,0.002136752136752129
2025-06-02,944,957,928,941,79523,0.0031982942430703876
2025-06-04,942,950,931,945,100449,0.004250797024442088
2025-06-05,945,1000,945,976,316431,0.032804232804232836
2025-06-09,980,994,974,984,213170,0.008196721311475308
2025-06-10,990,1007,984,1003,262306,0.019308943089430874
2025-06-11,998,1020,996,1016,284363,0.012961116650049842
2025-06-12,1026,1026,1004,1013,235187,-0.0029527559055118058
2025-06-13,1015,1018,984,989,201130,-0.02369200394866733
2025-06-16,989,1017,987,1007,249031,0.018200202224469164
