Date,Open,High,Low,Close,Volume,Change
2022-01-03,10250,10400,10200,10250,11035,0.0
2022-01-04,10250,10800,10100,10700,23493,0.04390243902439028
2022-01-05,10700,10700,10200,10500,45170,-0.01869158878504673
2022-01-06,10200,10700,10200,10500,22378,0.0
2022-01-07,10500,10750,10500,10600,11845,0.00952380952380949
2022-01-10,10600,10650,10400,10550,10946,-0.004716981132075526
2022-01-11,10550,10550,10350,10450,8094,-0.009478672985781977
2022-01-12,10450,10550,10450,10450,5038,0.0
2022-01-13,10450,10550,10250,10450,12154,0.0
2022-01-14,10350,10550,10350,10450,9512,0.0
2022-01-17,10400,10550,10400,10450,11338,0.0
2022-01-18,10400,10500,10200,10300,16583,-0.014354066985645897
2022-01-19,10400,10400,10050,10050,23622,-0.024271844660194164
2022-01-20,10050,10250,10000,10150,9415,0.00995024875621886
2022-01-21,10000,10150,9980,10050,15090,-0.009852216748768461
2022-01-24,9950,11000,9450,10400,145585,0.03482587064676612
2022-01-25,10400,10500,9730,10300,68345,-0.009615384615384581
2022-01-26,10350,10350,9980,9980,18823,-0.031067961165048508
2022-01-27,9980,10050,9750,9930,14661,-0.00501002004008011
2022-01-28,9830,10000,9730,10000,9516,0.007049345417925457
2022-02-03,10000,10100,9710,10000,7689,0.0
2022-02-04,9910,10100,9820,9990,10254,-0.0010000000000000009
2022-02-07,9990,10050,9750,9880,9739,-0.011011011011010985
2022-02-08,9810,10200,9790,9790,12442,-0.009109311740890691
2022-02-09,9800,9990,9770,9800,3976,0.0010214504596526286
2022-02-10,9810,9980,9760,9840,4571,0.004081632653061273
2022-02-11,9840,9840,9730,9820,2566,-0.002032520325203291
2022-02-14,9720,9800,9510,9650,12162,-0.01731160896130346
2022-02-15,9550,9770,9450,9650,7853,0.0
2022-02-16,9670,9900,9670,9880,12306,0.023834196891191706
2022-02-17,9880,9980,9720,9740,6572,-0.014170040485829927
2022-02-18,9880,9880,9500,9630,13411,-0.011293634496919891
2022-02-21,9530,9700,9530,9660,8265,0.0031152647975076775
2022-02-22,9700,9700,9330,9500,8191,-0.0165631469979296
2022-02-23,9400,9540,9330,9350,8579,-0.015789473684210575
2022-02-24,9300,9400,9020,9360,41243,0.0010695187165774556
2022-02-25,9380,9500,9100,9280,9567,-0.008547008547008517
2022-02-28,9280,9280,9100,9170,3593,-0.0118534482758621
2022-03-02,9170,9270,9100,9150,9705,-0.0021810250817884125
2022-03-03,9210,9400,8980,9250,69819,0.010928961748633892
2022-03-04,9250,9280,8950,9070,26550,-0.019459459459459483
2022-03-07,9070,9070,8720,8790,29832,-0.030871003307607503
2022-03-08,8700,8730,8500,8530,30883,-0.029579067121729197
2022-03-10,8830,9690,8830,8900,235847,0.04337631887456039
2022-03-11,8810,9240,8700,9080,35575,0.020224719101123556
2022-03-14,9040,9190,9010,9020,11800,-0.0066079295154185536
2022-03-15,9020,9130,9010,9050,6110,0.003325942350332678
2022-03-16,9070,9200,9000,9200,16520,0.016574585635359185
2022-03-17,9350,9350,9020,9110,14536,-0.009782608695652173
2022-03-18,9210,9210,9020,9130,7498,0.002195389681668436
2022-03-21,9160,9190,9050,9170,18877,0.004381161007666945
2022-03-22,9160,9180,9080,9080,12453,-0.009814612868047967
2022-03-23,9170,9280,9110,9140,15852,0.0066079295154184425
2022-03-24,9200,9200,9110,9150,4930,0.001094091903719896
2022-03-25,9220,9220,9090,9110,8688,-0.0043715846994535346
2022-03-28,9210,9210,9080,9090,7488,-0.002195389681668547
2022-03-29,9090,9170,9060,9070,6219,-0.002200220022002153
2022-03-30,9060,9180,9030,9050,8371,-0.0022050716648290836
2022-03-31,9050,9110,9050,9050,2502,0.0
2022-04-01,9150,9190,9050,9070,12902,0.0022099447513812542
2022-04-04,9070,9230,9070,9120,10885,0.005512679162072764
2022-04-05,9120,9220,9060,9090,19360,-0.003289473684210509
2022-04-06,9150,9180,9080,9100,7291,0.0011001100110010764
2022-04-07,9090,9180,8850,9040,24879,-0.00659340659340657
2022-04-08,8990,9100,8940,9100,5834,0.006637168141592875
2022-04-11,9100,9100,9000,9000,9681,-0.01098901098901095
2022-04-12,8960,9060,8870,8990,4242,-0.0011111111111110628
2022-04-13,8900,9140,8900,9120,4181,0.014460511679644128
2022-04-14,9200,9200,8910,9000,9411,-0.013157894736842146
2022-04-15,9000,9190,9000,9000,3770,0.0
2022-04-18,9000,9140,9000,9140,2584,0.015555555555555545
2022-04-19,9090,9190,9050,9060,6682,-0.008752735229759279
2022-04-20,9060,9180,8980,9000,29771,-0.0066225165562914245
2022-04-21,9050,9070,9000,9010,2225,0.0011111111111110628
2022-04-22,9010,9050,8900,9040,6262,0.0033296337402886067
2022-04-25,8910,9130,8910,9030,6591,-0.0011061946902655162
2022-04-26,9080,9140,9000,9040,9593,0.001107419712070845
2022-04-27,9040,9060,8990,9020,4194,-0.0022123893805309214
2022-04-28,9020,9100,9010,9030,4920,0.0011086474501109667
2022-04-29,9000,9120,9000,9040,3426,0.001107419712070845
2022-05-02,9040,9040,8810,9040,6259,0.0
2022-05-03,9060,9080,9030,9050,5038,0.0011061946902655162
2022-05-04,9000,9060,9000,9030,6074,-0.0022099447513812542
2022-05-06,9020,9020,8850,8870,8612,-0.017718715393133966
2022-05-09,8880,8910,8690,8750,19526,-0.013528748590755368
2022-05-10,8450,8620,8380,8520,8462,-0.026285714285714246
2022-05-11,8510,8800,8490,8500,14332,-0.0023474178403756207
2022-05-12,8490,8490,8370,8410,6223,-0.010588235294117676
2022-05-13,8430,8630,8310,8420,5361,0.0011890606420927874
2022-05-16,8420,8590,8420,8430,3404,0.0011876484560569
2022-05-17,8440,8520,8390,8430,3256,0.0
2022-05-18,8480,8480,8320,8350,3421,-0.009489916963226541
2022-05-19,8380,8380,8190,8290,3553,-0.007185628742514938
2022-05-20,8250,8300,8250,8280,1384,-0.0012062726176115257
2022-05-23,8280,8280,8170,8200,2047,-0.009661835748792313
2022-05-24,8250,8250,8080,8100,5641,-0.012195121951219523
2022-05-25,8010,8110,7960,7960,5688,-0.01728395061728394
2022-05-26,7770,8110,7770,7990,17092,0.0037688442211054607
2022-05-27,8030,8400,8030,8090,2246,0.01251564455569465
2022-05-30,8090,8140,8040,8120,3408,0.003708281829418958
2022-05-31,8120,8200,8050,8130,10272,0.0012315270935960854
2022-06-02,8060,8230,8030,8100,6554,-0.0036900369003689537
2022-06-03,8140,8200,8120,8200,4346,0.012345679012345734
2022-06-07,8200,8220,8150,8200,9619,0.0
2022-06-08,8120,8180,8100,8160,6126,-0.004878048780487809
2022-06-09,8140,8280,8000,8000,10243,-0.019607843137254943
2022-06-10,8150,8150,7890,7930,9600,-0.008750000000000036
2022-06-13,7860,7900,7790,7870,22874,-0.007566204287515754
2022-06-14,7530,7860,7510,7630,11709,-0.030495552731893305
2022-06-15,7320,7630,7190,7380,19219,-0.032765399737876844
2022-06-16,7390,7530,7390,7480,4813,0.013550135501354976
2022-06-17,7470,7470,7160,7350,9317,-0.017379679144384985
2022-06-20,7250,7340,6680,7310,35194,-0.0054421768707483276
2022-06-21,7110,7290,7020,7220,4134,-0.012311901504788003
2022-06-22,7100,7230,6710,6710,14913,-0.0706371191135734
2022-06-23,6610,6910,5990,6220,45793,-0.07302533532041733
2022-06-24,6150,6250,6070,6220,34053,0.0
2022-06-27,6350,6350,6160,6250,24587,0.004823151125401992
2022-06-28,6300,6300,6210,6260,16193,0.0016000000000000458
2022-06-29,6160,6300,6160,6240,21239,-0.0031948881789137795
2022-06-30,6240,6260,6170,6200,11994,-0.0064102564102563875
2022-07-01,6150,6250,6140,6140,12219,-0.009677419354838679
2022-07-04,6150,6300,6150,6200,9839,0.009771986970684043
2022-07-05,6240,6300,6220,6260,2372,0.00967741935483879
2022-07-06,6330,6330,6230,6240,2102,-0.0031948881789137795
2022-07-07,6250,6360,6250,6310,5304,0.011217948717948678
2022-07-08,6320,6410,6320,6410,6988,0.015847860538827252
2022-07-11,6490,8330,6490,7380,782176,0.15132605304212166
2022-07-12,7390,7430,6750,6800,90309,-0.07859078590785906
2022-07-13,6820,8500,6760,7020,2055815,0.032352941176470695
2022-07-14,6940,7940,6930,7140,620791,0.017094017094017033
2022-07-15,7280,7370,6810,6910,112085,-0.03221288515406162
2022-07-18,6960,7360,6950,7110,87054,0.02894356005788712
2022-07-19,7080,7530,7060,7360,74237,0.035161744022503605
2022-07-20,7370,8400,7360,7680,402327,0.04347826086956519
2022-07-21,7660,8000,7600,7790,81316,0.01432291666666674
2022-07-22,7790,7900,7580,7650,81750,-0.01797175866495504
2022-07-25,7710,7890,7550,7730,46482,0.010457516339869244
2022-07-26,7600,7890,7480,7730,55873,0.0
2022-07-27,7620,8380,7620,7930,187897,0.025873221216041298
2022-07-28,7960,8490,7960,8370,116708,0.05548549810844894
2022-07-29,8550,8690,8010,8150,88588,-0.02628434886499398
2022-08-01,8140,8200,8020,8020,18917,-0.015950920245398792
2022-08-02,8020,8080,7570,7580,74137,-0.054862842892768104
2022-08-03,7700,7750,7580,7710,19415,0.01715039577836408
2022-08-04,7720,8490,7630,8090,133033,0.04928664072632949
2022-08-05,8010,8120,7910,7980,14911,-0.013597033374536438
2022-08-08,7930,8200,7840,7840,19012,-0.01754385964912286
2022-08-09,7770,7960,7770,7950,12277,0.014030612244897878
2022-08-10,7900,7970,7610,7960,33115,0.0012578616352201255
2022-08-11,7980,8000,7650,7670,51399,-0.03643216080402012
2022-08-12,7670,7810,7620,7690,7052,0.0026075619295957697
2022-08-16,7690,7820,7610,7610,20149,-0.01040312093628093
2022-08-17,7760,7760,7430,7540,19564,-0.009198423127463884
2022-08-18,7520,7590,7460,7590,11857,0.006631299734747964
2022-08-19,7480,7530,7440,7490,2736,-0.013175230566534912
2022-08-22,7480,7480,7280,7280,8769,-0.028037383177570097
2022-08-23,7270,7390,7260,7290,3487,0.0013736263736263687
2022-08-24,7290,7380,7280,7350,1614,0.008230452674897082
2022-08-25,7290,7420,7270,7300,16471,-0.006802721088435382
2022-08-26,7380,7390,7090,7090,27184,-0.02876712328767128
2022-08-29,7000,7060,6840,6900,29365,-0.026798307475317307
2022-08-30,6900,6930,6820,6900,20422,0.0
2022-08-31,6890,7140,6890,7120,3884,0.03188405797101446
2022-09-01,7050,7150,7030,7140,5008,0.002808988764045006
2022-09-02,7090,7090,6970,7000,7991,-0.019607843137254943
2022-09-05,6960,7000,6900,6930,8237,-0.010000000000000009
2022-09-06,6910,6970,6860,6930,18987,0.0
2022-09-07,6910,6910,6590,6600,13879,-0.04761904761904767
2022-09-08,6640,6980,6600,6600,27774,0.0
2022-09-13,6750,6860,6630,6850,11603,0.037878787878787845
2022-09-14,6770,6980,6660,6880,38706,0.004379562043795637
2022-09-15,6880,7050,6850,6950,7455,0.01017441860465107
2022-09-16,6910,7150,6850,6850,11992,-0.014388489208633115
2022-09-19,6820,7050,6800,6930,19393,0.011678832116788218
2022-09-20,6930,7130,6890,7100,9876,0.024531024531024626
2022-09-21,7160,7160,6970,7100,7619,0.0
2022-09-22,7060,7060,6830,7040,6021,-0.008450704225352101
2022-09-23,7100,7100,6760,6790,27581,-0.035511363636363646
2022-09-26,6750,6750,6380,6530,8770,-0.038291605301914555
2022-09-27,6540,6570,6190,6450,6456,-0.01225114854517606
2022-09-28,6300,6640,6270,6460,15507,0.0015503875968991832
2022-09-29,6310,6400,6050,6220,22696,-0.037151702786377694
2022-09-30,6060,6390,6040,6150,5139,-0.0112540192926045
2022-10-04,6110,6150,5920,6090,16936,-0.009756097560975618
2022-10-05,6090,6140,5970,5970,7373,-0.019704433497536922
2022-10-06,5970,6150,5930,5950,5820,-0.00335008375209378
2022-10-07,6010,6220,5950,6160,4748,0.03529411764705892
2022-10-11,6160,6160,5950,6000,8083,-0.025974025974025983
2022-10-12,5930,6030,5860,5870,4510,-0.021666666666666612
2022-10-13,5820,6000,5580,5650,10120,-0.03747870528109032
2022-10-14,5650,5860,5650,5650,12013,0.0
2022-10-17,5650,5700,5520,5700,5480,0.008849557522123908
2022-10-18,5700,6190,5650,6070,9646,0.06491228070175437
2022-10-19,6070,6130,5900,6040,5703,-0.0049423393739703725
2022-10-20,5980,6030,5800,6030,4012,-0.0016556291390728006
2022-10-21,6000,6030,5940,6030,2494,0.0
2022-10-24,6030,6150,6030,6070,1427,0.0066334991708125735
2022-10-25,5970,6190,5710,5950,7854,-0.01976935749588138
2022-10-26,5930,6090,5770,6090,4746,0.0235294117647058
2022-10-27,6350,6350,6020,6160,3447,0.011494252873563315
2022-10-28,6100,6160,6060,6140,1831,-0.0032467532467532756
2022-10-31,6180,6180,6040,6180,1946,0.006514657980456029
2022-11-01,6140,6290,5910,6200,11434,0.003236245954692629
2022-11-02,6200,6200,6090,6150,2837,-0.008064516129032251
2022-11-03,6080,6090,5900,6060,1745,-0.014634146341463428
2022-11-04,6000,6050,5950,6050,1054,-0.0016501650165016146
2022-11-07,6050,6230,6050,6100,1663,0.008264462809917328
2022-11-08,6090,6270,6090,6260,3914,0.026229508196721207
2022-11-09,6260,6290,6200,6280,2550,0.0031948881789136685
2022-11-10,6250,6310,6210,6260,17300,-0.0031847133757961776
2022-11-11,6330,6620,6290,6590,24385,0.05271565495207664
2022-11-14,6710,6800,6580,6760,17497,0.025796661608497695
2022-11-15,6760,6950,6690,6950,22509,0.028106508875739733
2022-11-16,6950,7000,6840,7000,9070,0.007194244604316502
2022-11-17,6930,7100,6630,6630,18381,-0.052857142857142825
2022-11-18,6590,6700,6450,6450,11058,-0.02714932126696834
2022-11-21,6450,6510,6230,6230,11342,-0.03410852713178292
2022-11-22,6080,6240,6080,6230,8157,0.0
2022-11-23,6140,6350,6120,6260,12290,0.0048154093097914075
2022-11-24,6290,6430,6220,6320,9338,0.009584664536741228
2022-11-25,6320,6420,6160,6240,9337,-0.012658227848101222
2022-11-28,6210,6350,6140,6230,11854,-0.0016025641025640969
2022-11-29,6160,6290,6160,6230,16423,0.0
2022-11-30,6230,6280,6170,6200,13204,-0.0048154093097912964
2022-12-01,6290,6380,6210,6350,15283,0.024193548387096753
2022-12-02,6350,6480,6010,6390,19229,0.006299212598425141
2022-12-05,6390,6480,6340,6450,16117,0.009389671361502261
2022-12-06,6490,6550,6310,6540,9885,0.013953488372093092
2022-12-07,6450,6610,6420,6580,5453,0.006116207951070374
2022-12-08,6520,6650,6520,6630,4002,0.0075987841945288626
2022-12-09,6630,6680,6330,6330,13294,-0.04524886877828049
2022-12-12,6340,6430,6270,6430,16087,0.01579778830963674
2022-12-13,6370,6480,6350,6430,9090,0.0
2022-12-14,6500,6570,6360,6540,16744,0.01710730948678063
2022-12-15,6490,6500,6390,6390,8676,-0.022935779816513735
2022-12-16,6370,8280,6180,6980,658893,0.09233176838810642
2022-12-19,6810,6840,6560,6810,176136,-0.024355300859598805
2022-12-20,6740,6800,6390,6470,78785,-0.04992657856093985
2022-12-21,6490,6670,6490,6620,43003,0.023183925811437467
2022-12-22,6620,6690,6530,6590,40952,-0.004531722054380682
2022-12-23,6570,6570,6270,6270,39381,-0.04855842185128978
2022-12-26,6260,7520,6250,6770,1808226,0.0797448165869219
2022-12-27,6700,7400,6700,6980,429431,0.03101920236336775
2022-12-28,6900,6990,6600,6850,79703,-0.01862464183381085
2022-12-29,6720,6820,6400,6400,56453,-0.06569343065693434
2023-01-02,6310,6430,6130,6130,47887,-0.042187500000000044
2023-01-03,6110,6310,6080,6240,40381,0.01794453507340954
2023-01-04,6130,6470,6130,6430,23182,0.03044871794871784
2023-01-05,6460,6550,6310,6350,16238,-0.01244167962674958
2023-01-06,6440,6570,6290,6550,29920,0.03149606299212593
2023-01-09,6550,6800,6550,6690,24786,0.021374045801526798
2023-01-10,6690,6790,6570,6600,26736,-0.013452914798206317
2023-01-11,6740,6850,6590,6810,23084,0.031818181818181746
2023-01-12,6810,6910,6730,6780,14768,-0.004405286343612369
2023-01-13,6780,6880,6600,6750,9847,-0.004424778761061954
2023-01-16,6790,6840,6690,6820,9659,0.010370370370370363
2023-01-17,6760,6850,6650,6700,11559,-0.017595307917888547
2023-01-18,6700,6790,6600,6750,12442,0.00746268656716409
2023-01-19,6710,6850,6700,6790,8579,0.00592592592592589
2023-01-20,6740,6990,6740,6890,26563,0.014727540500736325
2023-01-25,7000,7100,6810,7020,21053,0.018867924528301883
2023-01-26,7020,7120,6910,6990,15936,-0.004273504273504258
2023-01-27,7050,7050,6930,6930,14002,-0.008583690987124415
2023-01-30,6970,7100,6850,7040,38182,0.015873015873015817
2023-01-31,7040,7180,6990,7160,26746,0.017045454545454586
2023-02-01,7160,7270,7100,7140,16917,-0.0027932960893854997
2023-02-02,7280,7280,7140,7230,20174,0.012605042016806678
2023-02-03,7250,7270,7110,7130,15206,-0.013831258644536604
2023-02-06,7130,7180,7050,7070,13753,-0.008415147265077194
2023-02-07,7080,7120,6950,7030,19956,-0.005657708628005631
2023-02-08,7010,7250,6900,7090,31358,0.008534850640113723
2023-02-09,7090,7270,7030,7130,13006,0.005641748942172065
2023-02-10,7130,7570,7070,7280,74094,0.02103786816269282
2023-02-13,7280,7950,7210,7690,104087,0.05631868131868134
2023-02-14,7790,7790,7400,7520,42070,-0.022106631989596837
2023-02-15,7460,7600,7080,7140,32788,-0.05053191489361697
2023-02-16,7140,7270,7100,7270,14954,0.0182072829131652
2023-02-17,7220,7300,7150,7160,8330,-0.015130674002751032
2023-02-20,7160,7170,6810,7130,21513,-0.0041899441340782495
2023-02-21,7130,7190,7030,7110,17138,-0.0028050490883591017
2023-02-22,7070,7500,7050,7270,27587,0.02250351617440227
2023-02-23,7200,7490,7110,7310,38869,0.005502063273727709
2023-02-24,7390,7420,7210,7220,11219,-0.012311901504788003
2023-02-27,7150,7200,7080,7160,17824,-0.008310249307479256
2023-02-28,7090,7470,7090,7300,29171,0.019553072625698276
2023-03-02,7300,7500,7250,7280,19924,-0.002739726027397249
2023-03-03,7320,7420,7140,7180,9836,-0.013736263736263687
2023-03-06,7250,7260,7050,7200,11552,0.0027855153203342198
2023-03-07,7160,7300,7090,7250,26153,0.00694444444444442
2023-03-08,7240,7240,7080,7150,8989,-0.01379310344827589
2023-03-09,7160,7350,7090,7340,19902,0.02657342657342654
2023-03-10,7260,7350,7070,7120,14145,-0.02997275204359673
2023-03-13,7060,7120,6940,7030,15465,-0.012640449438202195
2023-03-14,6890,7150,6850,7090,10716,0.008534850640113723
2023-03-15,7040,7250,7040,7240,16640,0.021156558533145242
2023-03-16,7240,7300,7130,7280,12225,0.005524861878453136
2023-03-17,7240,7450,7150,7270,43164,-0.0013736263736263687
2023-03-20,7300,7620,7250,7400,49389,0.017881705639614776
2023-03-21,7400,7610,7400,7470,16164,0.009459459459459474
2023-03-22,7500,7550,7390,7490,10252,0.0026773761713521083
2023-03-23,7450,7500,7180,7330,23580,-0.021361815754339153
2023-03-24,7330,7420,7200,7240,5129,-0.012278308321964526
2023-03-27,7240,7350,7090,7270,18956,0.004143646408839796
2023-03-28,7240,7300,7110,7220,20359,-0.00687757909215958
2023-03-29,7220,7380,7200,7280,4803,0.008310249307479145
2023-03-30,7280,7430,7190,7330,25249,0.006868131868131844
2023-03-31,7330,7510,7280,7340,5170,0.0013642564802183177
2023-04-03,7480,7490,7270,7340,6986,0.0
2023-04-04,7250,7580,7250,7410,7731,0.0095367847411445
2023-04-05,7410,7600,7390,7470,11823,0.00809716599190291
2023-04-06,7450,7480,7390,7450,5703,-0.0026773761713521083
2023-04-07,7470,7470,7340,7430,14321,-0.0026845637583892135
2023-04-10,7370,7450,7220,7400,10710,-0.004037685060565233
2023-04-11,7390,7620,7200,7610,17927,0.02837837837837842
2023-04-12,7550,7700,7330,7330,34263,-0.036793692509855425
2023-04-13,7330,7560,7250,7340,10667,0.0013642564802183177
2023-04-14,7340,7610,7340,7400,20243,0.008174386920980936
2023-04-17,7390,7530,7300,7470,10357,0.009459459459459474
2023-04-18,7460,7550,7400,7410,8049,-0.008032128514056214
2023-04-19,7420,7500,7410,7420,9891,0.0013495276653170407
2023-04-20,7420,7590,7340,7450,11180,0.0040431266846361336
2023-04-21,7390,7580,7370,7570,9790,0.016107382550335503
2023-04-24,7630,7960,7630,7930,59190,0.047556142668428114
2023-04-25,7900,7940,7480,7720,32721,-0.02648171500630514
2023-04-26,7710,8140,7570,8140,43585,0.05440414507772018
2023-04-27,8200,8280,7950,8250,37640,0.013513513513513598
2023-04-28,8200,8410,8020,8250,22522,0.0
2023-05-02,8200,8490,8120,8380,20008,0.01575757575757586
2023-05-03,8380,8380,8000,8000,31725,-0.04534606205250602
2023-05-04,8000,8120,7980,8100,15217,0.012499999999999956
2023-05-08,8070,8350,8030,8300,12055,0.024691358024691468
2023-05-09,8280,8440,8280,8410,11671,0.013253012048192847
2023-05-10,8500,8730,8330,8700,53007,0.034482758620689724
2023-05-11,8710,8820,8480,8600,46236,-0.011494252873563204
2023-05-12,8600,8740,8380,8380,17853,-0.025581395348837188
2023-05-15,8340,8830,8090,8400,26700,0.0023866348448686736
2023-05-16,8290,8490,8080,8180,13807,-0.02619047619047621
2023-05-17,8150,8430,7980,8150,12325,-0.003667481662591676
2023-05-18,8100,8240,7780,7940,20874,-0.025766871165644134
2023-05-19,7910,8090,7780,8020,14327,0.010075566750629816
2023-05-22,8020,8100,7940,8020,4741,0.0
2023-05-23,7960,8290,7950,8000,5393,-0.0024937655860348684
2023-05-24,8040,8040,7900,7910,6065,-0.011249999999999982
2023-05-25,7910,7950,7700,7930,12695,0.0025284450063212116
2023-05-26,7860,8100,7860,8010,9487,0.010088272383354413
2023-05-30,8450,8470,7970,8200,79044,0.02372034956304625
2023-05-31,8200,8390,8200,8260,23364,0.007317073170731714
2023-06-01,8400,8480,8120,8340,19066,0.009685230024213176
2023-06-02,8380,8960,8340,8900,117398,0.06714628297362113
2023-06-05,8920,8940,8750,8930,25799,0.003370786516853963
2023-06-07,8860,9000,8610,8790,37242,-0.015677491601343796
2023-06-08,8790,8970,8570,8680,23763,-0.012514220705347023
2023-06-09,8680,8910,8670,8780,29825,0.011520737327188835
2023-06-12,8860,8900,8780,8840,3789,0.006833712984054774
2023-06-13,8790,8900,8580,8630,28919,-0.02375565610859731
2023-06-14,8700,8820,8650,8660,17835,0.0034762456546928444
2023-06-15,8660,8800,8660,8780,6380,0.01385681293302543
2023-06-16,8800,8990,8770,8950,60502,0.019362186788154823
2023-06-19,8950,8950,8690,8750,14962,-0.022346368715083775
2023-06-20,8670,8670,8350,8390,29292,-0.04114285714285715
2023-06-21,8310,8380,8230,8300,5888,-0.010727056019070313
2023-06-22,8280,8330,8100,8150,7172,-0.01807228915662651
2023-06-23,8140,8140,7830,7870,33726,-0.03435582822085892
2023-06-26,7910,7990,7790,7970,3655,0.01270648030495547
2023-06-27,7960,7960,7790,7790,4512,-0.02258469259723961
2023-06-28,7780,8170,7700,8160,15096,0.047496790757381335
2023-06-29,8160,8240,8020,8100,7593,-0.007352941176470562
2023-06-30,8060,8180,7950,8010,2905,-0.011111111111111072
2023-07-03,8090,8250,8000,8170,10179,0.019975031210986316
2023-07-04,8170,8200,8110,8120,8002,-0.006119951040391647
2023-07-05,8120,8300,8110,8110,7701,-0.0012315270935960854
2023-07-06,8110,8150,8000,8150,9997,0.004932182490752224
2023-07-07,8250,8250,7920,7960,16942,-0.0233128834355828
2023-07-10,7870,8020,7870,8010,2348,0.00628140703517599
2023-07-11,8090,8120,7890,7940,9450,-0.008739076154806513
2023-07-12,7980,8020,7780,7980,18623,0.005037783375314797
2023-07-13,7950,7970,7880,7930,7106,-0.006265664160400974
2023-07-14,7900,8090,7810,7950,8275,0.0025220680958386588
2023-07-17,7950,7990,7780,7790,7864,-0.020125786163522008
2023-07-18,7800,7840,7750,7800,13818,0.0012836970474967568
2023-07-19,7880,7950,7750,7750,14911,-0.0064102564102563875
2023-07-20,7820,7960,7650,7960,10685,0.02709677419354839
2023-07-21,7890,7930,7760,7850,8548,-0.013819095477386911
2023-07-24,7840,7840,7530,7560,20948,-0.03694267515923566
2023-07-25,7560,7710,7260,7260,34360,-0.03968253968253965
2023-07-26,7280,7280,7000,7000,29704,-0.03581267217630857
2023-07-27,6860,7420,6860,7390,16426,0.055714285714285605
2023-07-28,7390,7680,7190,7670,14457,0.03788903924221931
2023-07-31,7600,7960,7450,7600,26992,-0.009126466753585416
2023-08-01,7840,8000,7500,8000,14591,0.05263157894736836
2023-08-02,8000,8080,7690,7700,6546,-0.03749999999999998
2023-08-03,7700,7780,7560,7720,8366,0.0025974025974024872
2023-08-04,7670,8000,7570,7780,6524,0.007772020725388629
2023-08-07,8000,8000,7550,7790,12937,0.0012853470437017567
2023-08-08,8000,8000,7700,7800,6760,0.0012836970474967568
2023-08-09,8050,8050,7720,7830,2848,0.0038461538461538325
2023-08-10,7830,8040,7780,7880,1522,0.0063856960408683605
2023-08-11,7890,8000,7760,8000,5933,0.015228426395939021
2023-08-14,8000,8090,7850,7970,11732,-0.003750000000000031
2023-08-16,7690,7940,7570,7670,13147,-0.03764115432873272
2023-08-17,7650,7700,7410,7500,5935,-0.022164276401564487
2023-08-18,7500,7710,7450,7540,14269,0.005333333333333412
2023-08-21,7540,7550,7400,7400,9162,-0.018567639257294433
2023-08-22,7500,7500,7270,7280,9549,-0.01621621621621616
2023-08-23,7280,7300,6910,6910,15733,-0.050824175824175866
2023-08-24,6910,7690,6910,7520,40071,0.08827785817655576
2023-08-25,7700,7750,7140,7180,28197,-0.04521276595744683
2023-08-28,7250,7250,7080,7250,3563,0.009749303621169991
2023-08-29,7180,7360,7180,7220,10442,-0.004137931034482789
2023-08-30,7270,7350,7200,7260,6795,0.005540166204986097
2023-08-31,7320,7320,7210,7220,3162,-0.0055096418732781816
2023-09-01,7220,8160,7100,7550,61419,0.04570637119113563
2023-09-04,7580,7970,7560,7700,25771,0.019867549668874274
2023-09-05,7670,7940,7580,7700,9290,0.0
2023-09-06,7700,7810,7600,7730,8086,0.003896103896103842
2023-09-07,7720,7720,7630,7690,3778,-0.005174644243208237
2023-09-08,7680,7900,7610,7700,5028,0.0013003901170351995
2023-09-11,7700,7880,7620,7670,6879,-0.003896103896103842
2023-09-12,7720,7750,7650,7670,5024,0.0
2023-09-13,7690,7980,7620,7930,26075,0.03389830508474567
2023-09-14,7890,8450,7890,8430,101392,0.06305170239596469
2023-09-15,8500,8690,8350,8600,55332,0.02016607354685651
2023-09-18,8710,8930,8550,8800,75486,0.023255813953488413
2023-09-19,8800,9180,8800,9060,58513,0.02954545454545454
2023-09-20,9060,9450,8310,9100,85397,0.004415011037527616
2023-09-21,9400,9400,8340,8450,77183,-0.0714285714285714
2023-09-22,8450,8850,8110,8490,65510,0.004733727810650956
2023-09-25,8490,8500,7650,7650,41503,-0.09893992932862195
2023-09-26,7560,8050,7560,8000,48624,0.045751633986928164
2023-09-27,7700,8050,7080,7140,84468,-0.10750000000000004
2023-10-04,7030,7310,6880,7140,19322,0.0
2023-10-05,7170,7630,7160,7200,8747,0.008403361344537785
2023-10-06,7200,7400,7200,7250,3802,0.00694444444444442
2023-10-10,7270,7330,6910,6910,21533,-0.04689655172413798
2023-10-11,7440,7440,6710,6950,15903,0.005788712011577379
2023-10-12,7020,7350,7000,7130,6050,0.025899280575539585
2023-10-13,7160,7160,6940,6950,5137,-0.02524544179523147
2023-10-16,6940,6960,6850,6850,2006,-0.014388489208633115
2023-10-17,6850,7060,6850,6880,4592,0.004379562043795637
2023-10-18,6830,7000,6820,6990,1437,0.015988372093023173
2023-10-19,6960,6990,6850,6920,3265,-0.010014306151645225
2023-10-20,6850,6970,6700,6800,6078,-0.017341040462427793
2023-10-23,6870,6870,6600,6610,9216,-0.027941176470588247
2023-10-24,7060,8430,6570,6650,371230,0.00605143721633894
2023-10-25,6730,6730,6350,6590,44327,-0.009022556390977488
2023-10-26,6560,6560,6300,6420,16280,-0.025796661608497695
2023-10-27,6270,6420,6250,6400,10737,-0.0031152647975077885
2023-10-30,6340,6510,6300,6400,8828,0.0
2023-10-31,6320,6500,6230,6250,4735,-0.0234375
2023-11-01,6300,6470,6210,6470,11270,0.0351999999999999
2023-11-02,6480,6580,6390,6490,6428,0.0030911901081915882
2023-11-03,6590,6590,6410,6410,6015,-0.012326656394452962
2023-11-06,6380,6570,6380,6440,5097,0.004680187207488196
2023-11-07,6500,6500,6270,6330,3179,-0.017080745341614856
2023-11-08,6300,6400,6300,6330,1968,0.0
2023-11-09,6270,6360,6240,6320,2670,-0.0015797788309637184
2023-11-10,6460,6460,6250,6400,7742,0.012658227848101333
2023-11-13,6500,6580,6400,6490,6230,0.014062500000000089
2023-11-14,6490,6590,6380,6520,3601,0.0046224961479199855
2023-11-15,6550,6550,6340,6470,6274,-0.0076687116564416735
2023-11-16,6950,6950,6470,6490,13645,0.0030911901081915882
2023-11-17,6590,6590,6450,6480,1933,-0.0015408320493066618
2023-11-20,6550,6550,6320,6440,2856,-0.006172839506172867
2023-11-21,6500,6500,6380,6440,3726,0.0
2023-11-22,6440,6440,6380,6400,1435,-0.006211180124223614
2023-11-23,6400,6410,6380,6380,2902,-0.0031250000000000444
2023-11-24,6430,6440,6340,6420,4481,0.006269592476489061
2023-11-27,6420,6420,6350,6390,3203,-0.004672897196261627
2023-11-28,6390,6470,6370,6410,4167,0.003129890453834161
2023-11-29,6410,6470,6350,6460,6894,0.007800312012480548
2023-11-30,6480,6550,6420,6500,5109,0.006191950464396356
2023-12-01,6520,6540,6450,6510,1114,0.0015384615384614886
2023-12-04,6500,6630,6480,6540,4427,0.004608294930875667
2023-12-05,6540,6750,6470,6590,4114,0.007645259938837912
2023-12-06,6540,6740,6540,6600,3030,0.0015174506828528056
2023-12-07,6640,6680,6400,6430,9577,-0.025757575757575757
2023-12-08,6420,6520,6410,6430,4506,0.0
2023-12-11,6440,6520,6430,6440,2604,0.0015552099533437946
2023-12-12,6470,6550,6470,6510,2697,0.010869565217391353
2023-12-13,6520,6550,6440,6470,3881,-0.006144393241167445
2023-12-14,6490,6600,6440,6460,5155,-0.0015455950540957941
2023-12-15,6500,6550,6460,6490,2573,0.004643962848297267
2023-12-18,6450,6550,6450,6470,4310,-0.0030816640986132127
2023-12-19,6560,6610,6420,6470,7398,0.0
2023-12-20,6480,6560,6460,6470,8115,0.0
2023-12-21,6480,6500,6430,6490,3763,0.0030911901081915882
2023-12-22,6480,6540,6450,6520,6143,0.0046224961479199855
2023-12-26,6520,6530,6460,6520,4137,0.0
2023-12-27,6420,6580,6410,6520,5180,0.0
2023-12-28,6620,6620,6460,6600,4131,0.012269938650306678
2024-01-02,6640,6640,6510,6540,4993,-0.009090909090909038
2024-01-03,6540,6540,6480,6480,6296,-0.00917431192660545
2024-01-04,6480,6480,6390,6400,5604,-0.012345679012345734
2024-01-05,6400,6490,6360,6370,6093,-0.004687499999999956
2024-01-08,6370,6440,6320,6340,7103,-0.004709576138147598
2024-01-09,6400,6400,6330,6340,1613,0.0
2024-01-10,6400,6400,6330,6360,3229,0.003154574132492094
2024-01-11,6370,6490,6360,6360,5111,0.0
2024-01-12,6490,6490,6250,6390,3715,0.004716981132075526
2024-01-15,6390,6400,6350,6360,1722,-0.0046948356807511304
2024-01-16,6390,6430,6300,6330,7836,-0.004716981132075526
2024-01-17,6320,6420,6230,6240,3855,-0.014218009478673022
2024-01-18,6120,6370,6120,6320,21181,0.012820512820512775
2024-01-19,6330,6720,6320,6540,20630,0.034810126582278444
2024-01-22,6540,6730,6380,6400,5641,-0.021406727828746197
2024-01-23,6390,6690,6370,6500,8806,0.015625
2024-01-24,6550,6680,6500,6620,7446,0.01846153846153853
2024-01-25,6570,6690,6520,6600,8525,-0.0030211480362537513
2024-01-26,6600,6730,6560,6680,4044,0.0121212121212122
2024-01-29,6680,6750,6540,6540,3186,-0.020958083832335328
2024-01-30,6540,6550,6310,6540,18545,0.0
2024-01-31,6540,6650,6510,6560,1451,0.003058103975535076
2024-02-01,6560,6700,6540,6600,12004,0.0060975609756097615
2024-02-02,6610,6700,6560,6560,1614,-0.0060606060606061
2024-02-05,6530,6570,6450,6550,3431,-0.0015243902439023849
2024-02-06,6520,6560,6410,6530,1763,-0.003053435114503844
2024-02-07,6520,6560,6500,6500,2408,-0.004594180704441064
2024-02-08,6500,6740,6420,6600,5853,0.01538461538461533
2024-02-13,6670,6670,6380,6560,3389,-0.0060606060606061
2024-02-14,6540,6690,6420,6580,3846,0.0030487804878047697
2024-02-15,6580,6670,6470,6510,7759,-0.010638297872340385
2024-02-16,6520,6680,6420,6480,4219,-0.004608294930875556
2024-02-19,6460,6480,6130,6230,62317,-0.038580246913580196
2024-02-20,6240,6370,6220,6270,13349,0.006420545746388395
2024-02-21,6230,6270,6190,6220,5260,-0.00797448165869219
2024-02-22,6200,6270,6170,6240,6514,0.003215434083601254
2024-02-23,6240,6240,6150,6200,7468,-0.0064102564102563875
2024-02-26,6200,6210,6160,6200,4851,0.0
2024-02-27,6200,6220,6160,6170,3772,-0.004838709677419395
2024-02-28,6210,6210,6190,6190,1893,0.0032414910858995505
2024-02-29,6200,6220,5620,5940,89251,-0.04038772213247177
2024-03-04,6000,6070,5880,5990,12850,0.008417508417508435
2024-03-05,5990,6040,5900,6000,2382,0.0016694490818029983
2024-03-06,5940,6030,5500,5670,154612,-0.05500000000000005
2024-03-07,5700,5730,5530,5710,16680,0.007054673721340388
2024-03-08,5720,5790,5550,5740,15381,0.005253940455341555
2024-03-11,5740,5750,5640,5740,7189,0.0
2024-03-12,5740,5800,5670,5730,6555,-0.0017421602787456303
2024-03-13,5800,5800,5650,5760,6649,0.005235602094240788
2024-03-14,5760,5780,5670,5760,10162,0.0
2024-03-15,5760,5800,5720,5770,7358,0.0017361111111111605
2024-03-18,5760,5840,5720,5840,11368,0.0121317157712304
2024-03-19,5840,6140,5780,6050,43077,0.03595890410958913
