Date,Open,High,Low,Close,Volume,Change
2022-01-03,3586,3635,3564,3591,21856,0.0013943112102621225
2022-01-04,3599,3649,3577,3649,36948,0.016151489835700472
2022-01-05,3649,3649,3577,3649,18577,0.0
2022-01-06,3541,3621,3537,3564,49625,-0.023294053165250794
2022-01-07,3537,3706,3537,3653,98245,0.024971941638608275
2022-01-10,3670,4749,3657,4749,5508270,0.3000273747604709
2022-01-11,5238,5470,4641,4740,5344277,-0.0018951358180669953
2022-01-12,4740,4838,4570,4749,928088,0.0018987341772152
2022-01-13,4642,4677,4356,4544,711528,-0.0431669825226364
2022-01-14,4455,4455,4210,4264,386094,-0.06161971830985913
2022-01-17,4192,4606,4009,4023,1048270,-0.056519699812382695
2022-01-18,4022,4138,3920,3978,253185,-0.01118568232662187
2022-01-19,3987,4130,3934,3934,164711,-0.011060834590246316
2022-01-20,3933,4223,3933,3983,429130,0.01245551601423478
2022-01-21,3986,3995,3617,3684,370872,-0.07506904343459708
2022-01-24,3590,3702,3319,3426,402747,-0.07003257328990231
2022-01-25,3429,3447,3175,3216,154938,-0.06129597197898429
2022-01-26,3216,3528,3150,3306,178543,0.027985074626865725
2022-01-27,3225,3323,3038,3074,87724,-0.07017543859649122
2022-01-28,3105,3278,3033,3221,40023,0.047820429407937626
2022-02-03,3385,3474,3305,3430,91441,0.06488668115492091
2022-02-04,3439,3555,3430,3533,58488,0.030029154518950385
2022-02-07,3564,3613,3515,3591,47553,0.01641664307953583
2022-02-08,3608,3679,3563,3577,49847,-0.003898635477582846
2022-02-09,3577,3764,3577,3729,60080,0.04249370981269229
2022-02-10,3742,3773,3653,3760,58705,0.00831322070260132
2022-02-11,3781,3817,3523,3568,93420,-0.051063829787234005
2022-02-14,3524,3524,3345,3386,43309,-0.05100896860986548
2022-02-15,3332,3484,3257,3257,41205,-0.03809805079740103
2022-02-16,3261,3559,3261,3502,67581,0.07522259748234572
2022-02-17,3519,3640,3448,3493,83073,-0.0025699600228440422
2022-02-18,3493,3742,3377,3698,191492,0.05868880618379624
2022-02-21,3653,3737,3577,3671,129059,-0.007301243915630029
2022-02-22,3608,3652,3474,3528,62624,-0.03895396349768454
2022-02-23,3519,3648,3514,3613,25682,0.024092970521542023
2022-02-24,3613,3644,3528,3582,46536,-0.008580127318018271
2022-02-25,3581,3679,3523,3635,51093,0.014796203238414352
2022-02-28,3652,3746,3599,3666,96705,0.00852819807427796
2022-03-02,3621,3688,3550,3564,65747,-0.02782324058919805
2022-03-03,3603,3697,3577,3684,37999,0.03367003367003374
2022-03-04,3697,3706,3608,3680,33810,-0.0010857763300760048
2022-03-07,3586,3590,3514,3546,41928,-0.03641304347826091
2022-03-08,3510,3510,3421,3453,54007,-0.02622673434856171
2022-03-10,3448,3572,3448,3466,25631,0.003764842166232185
2022-03-11,3483,3652,3483,3635,34015,0.04875937680323128
2022-03-14,3644,3653,3532,3653,22990,0.004951856946354916
2022-03-15,3652,3652,3563,3595,27624,-0.015877361073090568
2022-03-16,3595,3711,3564,3689,25240,0.026147426981919297
2022-03-17,3706,3759,3674,3715,78523,0.007047980482515648
2022-03-18,3715,3751,3586,3662,62460,-0.014266487213997259
2022-03-21,3661,3733,3657,3702,22746,0.010922992900054718
2022-03-22,3769,3769,3648,3698,22974,-0.0010804970286332205
2022-03-23,3697,3702,3613,3671,47600,-0.007301243915630029
2022-03-24,3671,3671,3608,3671,15421,0.0
2022-03-25,3697,3711,3604,3711,34039,0.010896213565785962
2022-03-28,3746,3746,3604,3640,36923,-0.019132309350579413
2022-03-29,3644,3724,3644,3671,39363,0.008516483516483486
2022-03-30,3706,3773,3670,3751,37345,0.0217924271315717
2022-03-31,3750,3929,3697,3929,141350,0.047454012263396406
2022-04-01,3933,4005,3813,3925,128679,-0.0010180707559175328
2022-04-04,3897,4227,3897,4143,354570,0.055541401273885294
2022-04-05,4143,4321,4143,4264,206109,0.029205889452087908
2022-04-06,4263,4366,4143,4366,277428,0.023921200750468996
2022-04-07,4437,4437,4196,4268,119916,-0.02244617498854784
2022-04-08,4290,4490,4018,4219,219671,-0.01148078725398316
2022-04-11,4219,4219,4005,4032,73439,-0.04432329936003787
2022-04-12,3974,4014,3929,3992,33950,-0.009920634920634885
2022-04-13,3951,4067,3933,3974,35602,-0.0045090180360721765
2022-04-14,3983,3992,3854,3912,34665,-0.015601409159537005
2022-04-15,3894,4005,3831,3894,44020,-0.004601226993865004
2022-04-18,3894,3911,3760,3805,56361,-0.022855675398048225
2022-04-19,3827,3938,3787,3912,41865,0.02812089356110392
2022-04-20,3920,3920,3831,3863,25221,-0.01252556237218816
2022-04-21,3943,3943,3840,3854,25251,-0.002329795495728759
2022-04-22,3889,3889,3791,3876,15876,0.00570835495589006
2022-04-25,3826,3826,3728,3742,29211,-0.03457172342621262
2022-04-26,3719,3786,3719,3782,29737,0.010689470871191986
2022-04-27,3773,3773,3661,3684,49862,-0.025912215758857715
2022-04-28,3675,3697,3626,3626,39446,-0.01574375678610207
2022-04-29,3630,3715,3595,3595,29851,-0.008549365692222866
2022-05-02,3630,3733,3630,3684,43800,0.02475660639777466
2022-05-03,3688,3715,3666,3680,24556,-0.0010857763300760048
2022-05-04,3679,3714,3608,3617,18517,-0.01711956521739133
2022-05-06,3603,3603,3541,3577,22936,-0.011058888581697568
2022-05-09,3528,3568,3470,3475,19777,-0.02851551579535927
2022-05-10,3421,3465,3283,3448,76035,-0.007769784172661831
2022-05-11,3795,3910,3483,3519,402645,0.020591647331786644
2022-05-12,3528,3528,3403,3439,70166,-0.02273373117362887
2022-05-13,3439,3470,3412,3439,40110,0.0
2022-05-16,3505,3505,3447,3470,26036,0.009014248328002239
2022-05-17,3537,3537,3470,3493,11414,0.006628242074927959
2022-05-18,3493,3501,3435,3493,17312,0.0
2022-05-19,3448,3479,3386,3453,27853,-0.011451474377326076
2022-05-20,3439,3439,3327,3426,9370,-0.007819287576020906
2022-05-23,3457,3519,3408,3417,17002,-0.0026269702276707774
2022-05-24,3483,3483,3381,3426,6566,0.0026338893766462146
2022-05-25,3331,3407,3331,3363,25256,-0.01838879159369522
2022-05-26,3398,3474,3398,3421,12024,0.01724650609574785
2022-05-27,3426,3475,3417,3426,9282,0.0014615609470916002
2022-05-30,3435,3479,3417,3444,9537,0.005253940455341555
2022-05-31,3443,3488,3443,3488,11816,0.012775842044134622
2022-06-02,3448,3599,3430,3573,36252,0.024369266055045857
2022-06-03,3572,3590,3483,3528,19602,-0.012594458438287104
2022-06-07,3528,3564,3483,3533,17088,0.0014172335600906028
2022-06-08,3514,3523,3434,3497,10720,-0.010189640532125677
2022-06-09,3497,3497,3412,3475,8166,-0.006291106662853929
2022-06-10,3474,3474,3385,3421,20344,-0.015539568345323773
2022-06-13,3341,3341,3118,3252,43702,-0.04940076001169247
2022-06-14,3252,3252,3132,3141,26126,-0.03413284132841332
2022-06-15,3140,3140,2957,2998,39839,-0.04552690226042666
2022-06-16,2997,3087,2971,2989,9001,-0.0030020013342227925
2022-06-17,2984,2984,2832,2922,20171,-0.0224155235864838
2022-06-20,2837,3011,2815,2842,17087,-0.02737850787132101
2022-06-21,2837,2917,2636,2815,36505,-0.00950035186488385
2022-06-22,2828,2895,2672,2722,23300,-0.033037300177619855
2022-06-23,2716,2721,2583,2619,32612,-0.037839823659074234
2022-06-24,2619,2726,2601,2700,10550,0.030927835051546282
2022-06-27,2717,2895,2717,2878,9347,0.06592592592592594
2022-06-28,2904,3078,2842,2967,17520,0.030924252953439924
2022-06-29,2966,3059,2921,2962,7728,-0.001685203909673083
2022-06-30,2962,3113,2895,3029,7523,0.02261985145172174
2022-07-01,3015,3091,2904,2980,11988,-0.016176956091119132
2022-07-04,2970,2970,2837,2962,14993,-0.006040268456375841
2022-07-05,2953,3025,2900,3025,3237,0.02126941255908177
2022-07-06,3033,3087,2850,2940,6210,-0.028099173553719048
2022-07-07,2939,3233,2850,3020,14618,0.027210884353741527
2022-07-08,3047,3172,2989,3003,7980,-0.0056291390728476776
2022-07-11,3038,3042,2967,2976,2757,-0.00899100899100902
2022-07-12,2998,2998,2913,2927,2734,-0.016465053763440873
2022-07-13,2940,3230,2940,3043,38107,0.039631021523744536
2022-07-14,3069,3193,3011,3118,18971,0.024646730200460043
2022-07-15,3109,3876,3109,3386,752361,0.08595253367543298
2022-07-18,3438,3456,3332,3332,47015,-0.01594802126402839
2022-07-19,3322,3331,3251,3265,35298,-0.020108043217286875
2022-07-20,3283,3354,3261,3288,23226,0.007044410413476365
2022-07-21,3287,3287,3171,3225,25679,-0.019160583941605802
2022-07-22,3225,3243,3118,3243,26830,0.005581395348837281
2022-07-25,3243,3247,3131,3203,15891,-0.012334258402713516
2022-07-26,3198,3247,3118,3221,16548,0.00561973150171724
2022-07-27,3256,3314,3194,3297,24410,0.023595156783607685
2022-07-28,3305,3314,3221,3279,13924,-0.005459508644222066
2022-07-29,3296,3296,3229,3279,7487,0.0
2022-08-01,3216,3292,3207,3261,11721,-0.0054894784995425105
2022-08-02,3243,3310,3230,3297,9346,0.011039558417663242
2022-08-03,3332,3332,3216,3297,19231,0.0
2022-08-04,3296,3332,3220,3283,16303,-0.00424628450106157
2022-08-05,3297,3341,3203,3306,15857,0.007005787389582796
2022-08-08,3306,3306,3221,3257,6826,-0.014821536600120977
2022-08-09,3261,3261,3171,3212,10753,-0.013816395455941044
2022-08-10,3225,3225,3132,3150,20381,-0.019302615193026118
2022-08-11,3149,3198,3109,3163,17401,0.004126984126984201
2022-08-12,3158,3184,3104,3127,7454,-0.011381599747075533
2022-08-16,3127,3145,3029,3145,17857,0.005756315957786917
2022-08-17,3144,3238,3131,3167,11002,0.0069952305246423485
2022-08-18,3167,3171,3073,3163,11166,-0.001263024944742619
2022-08-19,3123,3136,3091,3132,10876,-0.009800822004426224
2022-08-22,3043,3047,2944,2994,36484,-0.044061302681992376
2022-08-23,2953,2953,2868,2913,16984,-0.027054108216432837
2022-08-24,2900,2905,2811,2856,30802,-0.019567456230690006
2022-08-25,2851,3016,2847,2847,6739,-0.0031512605042016695
2022-08-26,2847,3020,2847,2856,8252,0.0031612223393044925
2022-08-29,2811,2838,2748,2789,9728,-0.023459383753501428
2022-08-30,2766,2855,2766,2789,4937,0.0
2022-08-31,2815,2841,2766,2815,5321,0.009322337755467869
2022-09-01,2815,2824,2771,2771,7267,-0.015630550621669625
2022-09-02,2766,2886,2757,2802,7414,0.011187297004691343
2022-09-05,2775,2846,2770,2793,7147,-0.0032119914346895317
2022-09-06,3073,3144,2770,2815,89951,0.007876834944504196
2022-09-07,3011,3011,2757,2824,15387,0.003197158081705176
2022-09-08,2797,2886,2775,2829,8733,0.001770538243626163
2022-09-13,2829,2918,2766,2807,16603,-0.007776599505125437
2022-09-14,2775,2833,2739,2780,9603,-0.00961881011756327
2022-09-15,2798,2922,2740,2798,9770,0.006474820143884896
2022-09-16,2806,2820,2762,2771,6262,-0.009649749821300957
2022-09-19,2740,2762,2726,2740,11173,-0.011187297004691454
2022-09-20,2739,2748,2721,2744,24560,0.0014598540145984717
2022-09-21,2748,2775,2717,2744,3219,0.0
2022-09-22,2717,2722,2690,2722,15167,-0.008017492711370311
2022-09-23,2708,2842,2641,2646,11497,-0.02792064658339455
2022-09-26,2592,2597,2369,2410,33885,-0.08919123204837487
2022-09-27,2494,2494,2369,2374,13040,-0.014937759336099532
2022-09-28,2374,2445,2267,2379,18060,0.002106149957876946
2022-09-29,2356,2588,2272,2495,7243,0.04875998318621266
2022-09-30,2472,2650,2231,2441,8105,-0.021643286573146292
2022-10-04,2441,2449,2427,2441,4477,0.0
2022-10-05,2455,2504,2401,2455,10613,0.005735354362965905
2022-10-06,2400,2445,2400,2414,10136,-0.016700610997963383
2022-10-07,2431,2521,2396,2521,3676,0.04432477216238606
2022-10-11,2495,2495,2406,2406,11172,-0.04561681872272905
2022-10-12,2383,2383,2343,2348,8070,-0.024106400665004135
2022-10-13,2249,2312,2249,2299,8085,-0.020868824531516172
2022-10-14,2267,2387,2267,2379,4414,0.03479773814702036
2022-10-17,2378,2378,2280,2321,10140,-0.02437999159310633
2022-10-18,2312,2539,2312,2370,5746,0.021111589831968924
2022-10-19,2320,2450,2320,2370,5636,0.0
2022-10-20,2342,2374,2316,2374,2892,0.0016877637130801038
2022-10-21,2351,2365,2320,2365,746,-0.0037910699241785473
2022-10-24,2379,2593,2379,2406,18095,0.01733615221987317
2022-10-25,2383,2539,2378,2477,14544,0.029509559434746535
2022-10-26,2477,2940,2477,2758,132458,0.11344368187323384
2022-10-27,2802,2820,2641,2682,62052,-0.027556200145032683
2022-10-28,2681,2717,2628,2655,9985,-0.010067114093959773
2022-10-31,2628,2685,2596,2677,9355,0.008286252354049006
2022-11-01,2650,2722,2561,2700,16114,0.008591707134852467
2022-11-02,2703,2801,2699,2726,12322,0.009629629629629655
2022-11-03,2686,2855,2686,2798,7498,0.026412325752017685
2022-11-04,2779,2855,2766,2766,8254,-0.011436740528949274
2022-11-07,2771,2860,2766,2856,5124,0.03253796095444694
2022-11-08,2855,3037,2810,2971,15777,0.04026610644257711
2022-11-09,2940,3002,2904,2985,16020,0.004712218108380961
2022-11-10,2962,3006,2775,2873,20054,-0.03752093802345058
2022-11-11,2891,3011,2824,2842,23465,-0.010790114862513023
2022-11-14,2931,2931,2815,2860,4285,0.006333567909922566
2022-11-15,2859,2971,2850,2900,9163,0.013986013986013957
2022-11-16,3007,3038,2953,3003,16514,0.03551724137931034
2022-11-17,2998,3029,2838,2838,10805,-0.05494505494505497
2022-11-18,2806,2904,2806,2887,6357,0.01726568005637774
2022-11-21,2841,2922,2833,2833,16650,-0.018704537582265313
2022-11-22,2833,2868,2810,2833,5423,0.0
2022-11-23,2810,2949,2806,2851,1635,0.006353688669255231
2022-11-24,2846,2997,2846,2962,3098,0.03893370747106273
2022-11-25,2930,3006,2801,2882,6593,-0.0270087778528022
2022-11-28,2899,2899,2677,2677,17067,-0.0711311589174185
2022-11-29,2717,2771,2668,2771,4402,0.03511393350765779
2022-11-30,2771,2793,2628,2673,15449,-0.035366293756766476
2022-12-01,2699,3465,2659,2909,405333,0.08829031051253278
2022-12-02,2939,2939,2833,2833,34948,-0.026125816431763482
2022-12-05,2833,2935,2806,2833,21410,0.0
2022-12-06,2833,2895,2682,2682,16248,-0.053300388280974276
2022-12-07,2681,2752,2596,2668,15725,-0.00521998508575694
2022-12-08,2668,2748,2499,2593,35676,-0.028110944527736104
2022-12-09,2601,2753,2548,2557,30973,-0.013883532587736225
2022-12-12,2557,2619,2503,2526,22425,-0.012123582323034787
2022-12-13,2525,2601,2499,2575,4479,0.01939825811559781
2022-12-14,2574,2636,2556,2619,1989,0.017087378640776807
2022-12-15,2624,2664,2557,2660,7179,0.01565483008781987
2022-12-16,2659,2913,2659,2686,29836,0.009774436090225658
2022-12-19,2686,2735,2539,2691,8093,0.0018615040953089412
2022-12-20,2637,2668,2592,2624,10009,-0.024897807506503167
2022-12-21,2627,2663,2543,2610,3417,-0.005335365853658569
2022-12-22,2610,2668,2566,2584,3606,-0.009961685823754785
2022-12-23,2583,2619,2503,2606,3571,0.00851393188854499
2022-12-26,2592,2627,2574,2619,1410,0.004988488104374467
2022-12-27,2592,2681,2574,2673,4458,0.020618556701030855
2022-12-28,2646,2753,2637,2664,1283,-0.0033670033670033517
2022-12-29,2677,2677,2584,2642,5278,-0.008258258258258211
2023-01-02,2637,2664,2494,2664,4066,0.00832702498107496
2023-01-03,2596,2654,2503,2637,13120,-0.010135135135135087
2023-01-04,2601,2619,2521,2575,6417,-0.02351156617368222
2023-01-05,2574,2597,2539,2557,3230,-0.006990291262135906
2023-01-06,2512,2605,2512,2521,4140,-0.014078998826750122
2023-01-09,2547,2596,2530,2530,2303,0.0035700119000396935
2023-01-10,2548,2650,2534,2557,9757,0.010671936758893219
2023-01-11,2570,2597,2557,2593,3222,0.014078998826750011
2023-01-12,2601,2663,2539,2606,5258,0.005013497878904705
2023-01-13,2606,2690,2597,2633,11356,0.010360706062931602
2023-01-16,2633,2650,2584,2642,2964,0.003418154196733747
2023-01-17,2619,2655,2619,2651,2010,0.003406510219530645
2023-01-18,2668,2668,2623,2628,3151,-0.00867597133157294
2023-01-19,2628,2646,2619,2646,2677,0.006849315068493178
2023-01-20,2650,2664,2632,2664,1052,0.006802721088435382
2023-01-25,2593,2633,2579,2593,14326,-0.02665165165165162
2023-01-26,2583,2619,2579,2597,3847,0.001542614731970593
2023-01-27,2597,2605,2579,2597,8975,0.0
2023-01-30,2596,2596,2556,2588,3925,-0.0034655371582594796
2023-01-31,2578,2587,2556,2561,4471,-0.010432766615146805
2023-02-01,2561,2597,2539,2566,2320,0.001952362358453641
2023-02-02,2548,2597,2543,2566,3298,0.0
2023-02-03,2543,2601,2543,2597,5249,0.012081060015588507
2023-02-06,2601,2601,2570,2597,2646,0.0
2023-02-07,2597,2597,2539,2575,7286,-0.008471313053523333
2023-02-08,2574,2592,2556,2588,7462,0.005048543689320395
2023-02-09,2588,2597,2552,2593,9337,0.0019319938176198814
2023-02-10,2579,2579,2530,2544,13019,-0.01889703046664093
2023-02-13,2530,2557,2481,2557,12590,0.0051100628930818015
2023-02-14,2557,2615,2535,2544,10740,-0.005084082909659782
2023-02-15,2557,2610,2512,2535,8823,-0.003537735849056589
2023-02-16,2530,2534,2512,2526,4034,-0.0035502958579881616
2023-02-17,2526,2526,2401,2428,18550,-0.03879651623119562
2023-02-20,2427,2441,2378,2441,7565,0.00535420098846795
2023-02-21,2419,2450,2419,2446,2849,0.002048340843916474
2023-02-22,2445,2454,2325,2410,3385,-0.014717906786590351
2023-02-23,2382,2409,2369,2374,6607,-0.014937759336099532
2023-02-24,2379,2405,2361,2397,4429,0.009688289806234263
2023-02-27,2396,2440,2383,2392,10884,-0.0020859407592824786
2023-02-28,2392,2432,2369,2392,6278,0.0
2023-03-02,2391,2391,2347,2374,8696,-0.007525083612040184
2023-03-03,2374,2387,2347,2383,7667,0.0037910699241785473
2023-03-06,2383,2405,2361,2397,6332,0.005874947545111198
2023-03-07,2379,3047,2379,2495,339617,0.040884438881935825
2023-03-08,2494,2641,2467,2588,45750,0.0372745490981965
2023-03-09,2673,2673,2548,2633,21438,0.017387944358578045
2023-03-10,2673,2673,2450,2526,27208,-0.04063805545005694
2023-03-13,2552,2601,2445,2463,18708,-0.02494061757719712
2023-03-14,2486,2552,2383,2397,9510,-0.02679658952496955
2023-03-15,2396,2538,2378,2392,4391,-0.0020859407592824786
2023-03-16,2391,2471,2374,2374,2923,-0.007525083612040184
2023-03-17,2388,2521,2379,2406,2693,0.01347935973041281
2023-03-20,2405,2454,2351,2414,4301,0.0033250207813799726
2023-03-21,2432,2650,2414,2539,13338,0.05178127589063797
2023-03-22,2525,2632,2512,2512,12310,-0.010634107916502544
2023-03-23,2471,2587,2471,2512,7890,0.0
2023-03-24,2463,2553,2459,2504,2189,-0.0031847133757961776
2023-03-27,2503,2543,2414,2459,5530,-0.017971246006389774
2023-03-28,2459,2557,2432,2535,5911,0.030906872712484823
2023-03-29,2508,2521,2463,2477,6918,-0.022879684418145918
2023-03-30,2477,2593,2463,2495,9859,0.007266855066612843
2023-03-31,2579,2579,2490,2539,2012,0.01763527054108227
2023-04-03,2592,2636,2485,2588,13054,0.01929893658920845
2023-04-04,2623,2623,2467,2566,26807,-0.008500772797527034
2023-04-05,2552,2552,2468,2477,11872,-0.03468433359314105
2023-04-06,2467,2472,2369,2401,21422,-0.030682276947920917
2023-04-07,2406,2414,2334,2357,14525,-0.018325697625989124
2023-04-10,2369,2405,2245,2263,30508,-0.03988120492151037
2023-04-11,2263,2352,2236,2339,11353,0.03358373840035345
2023-04-12,2396,2467,2276,2276,12776,-0.026934587430525903
2023-04-13,2316,2512,2298,2388,50173,0.04920913884007039
2023-04-14,2365,2396,2338,2343,15923,-0.018844221105527637
2023-04-17,2347,2401,2347,2370,3253,0.011523687580025532
2023-04-18,2383,2388,2339,2339,8265,-0.013080168776371304
2023-04-19,2338,2378,2334,2334,6560,-0.0021376656690893503
2023-04-20,2334,2490,2334,2352,20567,0.007712082262210762
2023-04-21,2347,2351,2258,2334,19426,-0.007653061224489832
2023-04-24,2334,2499,2232,2232,27208,-0.04370179948586117
2023-04-25,2218,2325,2182,2263,17852,0.01388888888888884
2023-04-26,2232,2294,2200,2290,4570,0.011931064958020432
2023-04-27,2262,2289,2186,2227,11211,-0.02751091703056774
2023-04-28,2226,2271,2226,2267,12853,0.017961383026493083
2023-05-02,2267,2267,2231,2245,5825,-0.009704455227172448
2023-05-03,2245,2249,2102,2165,16097,-0.03563474387527843
2023-05-04,2147,2352,2138,2232,12770,0.030946882217089966
2023-05-08,2213,2266,2209,2218,5128,-0.006272401433691788
2023-05-09,2263,2321,2227,2272,3454,0.024346257889990897
2023-05-10,2272,2272,2223,2223,7495,-0.021566901408450745
2023-05-11,2204,2245,2204,2245,4997,0.00989653621232578
2023-05-12,2245,2329,2245,2254,7195,0.004008908685968926
2023-05-15,2254,2365,2227,2254,2965,0.0
2023-05-16,2298,2927,2298,2927,364122,0.29858030168589167
2023-05-17,3505,3714,2774,2815,2590285,-0.038264434574649786
2023-05-18,2909,3564,2851,2976,2752624,0.05719360568383669
2023-05-19,2989,3123,2838,2856,333923,-0.040322580645161255
2023-05-22,2855,2895,2739,2842,136212,-0.004901960784313708
2023-05-23,2807,2829,2753,2807,59181,-0.012315270935960632
2023-05-24,2806,2806,2682,2682,74718,-0.04453152832205198
2023-05-25,2682,2744,2677,2740,39353,0.02162565249813575
2023-05-26,2712,2748,2565,2646,51175,-0.03430656934306564
2023-05-30,2646,2655,2481,2566,94352,-0.03023431594860171
2023-05-31,2592,3252,2548,2780,2852042,0.08339828526890103
2023-06-01,2780,3056,2735,2740,578570,-0.014388489208633115
2023-06-02,2753,2788,2646,2731,118843,-0.003284671532846728
2023-06-05,2717,2735,2645,2735,62597,0.0014646649578908821
2023-06-07,2735,2913,2672,2802,215081,0.024497257769652725
2023-06-08,2788,2891,2748,2771,97272,-0.011063526052819461
2023-06-09,2770,2940,2770,2851,111673,0.028870443883074692
2023-06-12,2878,2882,2762,2838,76660,-0.004559803577692034
2023-06-13,2850,2890,2761,2815,46076,-0.008104298801973275
2023-06-14,2797,2926,2672,2686,105369,-0.04582593250444045
2023-06-15,2686,2713,2655,2713,23537,0.010052122114668549
2023-06-16,2712,2761,2708,2726,37062,0.004791743457427167
2023-06-19,2726,2793,2650,2749,31761,0.00843727072633893
2023-06-20,2792,2792,2681,2775,37136,0.009457984721716883
2023-06-21,2793,2793,2708,2731,24733,-0.015855855855855805
2023-06-22,2731,2731,2682,2691,22978,-0.014646649578908821
2023-06-23,2646,2704,2628,2655,23368,-0.013377926421404673
2023-06-26,2655,2682,2602,2660,26752,0.0018832391713747842
2023-06-27,2681,2726,2592,2646,38458,-0.0052631578947368585
2023-06-28,2668,2704,2637,2664,37720,0.006802721088435382
2023-06-29,2694,2694,2530,2539,55092,-0.046921921921921905
2023-06-30,2538,2538,2378,2432,77700,-0.042142575817250894
2023-07-03,2432,2525,2432,2450,48493,0.0074013157894736725
2023-07-04,2450,2494,2450,2468,25822,0.007346938775510292
2023-07-05,2468,2521,2450,2468,16157,0.0
2023-07-06,2467,2467,2352,2352,42171,-0.04700162074554293
2023-07-07,2352,2352,2276,2352,20312,0.0
2023-07-10,2329,2329,2280,2294,28721,-0.024659863945578286
2023-07-11,2294,2294,2258,2272,14189,-0.009590235396687019
2023-07-12,2271,2311,2267,2276,18260,0.0017605633802817433
2023-07-13,2285,2370,2267,2308,15633,0.014059753954305698
2023-07-14,2311,2316,2236,2254,15667,-0.023396880415944565
2023-07-17,2249,2249,2160,2196,30602,-0.025732031943212053
2023-07-18,2205,2263,2142,2241,30155,0.020491803278688492
2023-07-19,2218,2253,2173,2187,13994,-0.02409638554216864
2023-07-20,2187,2307,2138,2201,19206,0.006401463191586743
2023-07-21,2155,2227,2151,2227,13417,0.01181281235801901
2023-07-24,2205,2205,2138,2143,20382,-0.03771890435563541
2023-07-25,2142,2164,2058,2058,20644,-0.03966402239850675
2023-07-26,2057,2057,1852,1875,45575,-0.08892128279883382
2023-07-27,1848,2102,1848,1938,18427,0.033600000000000074
2023-07-28,1937,2048,1937,2013,11437,0.03869969040247678
2023-07-31,2017,2062,1973,1991,6354,-0.010928961748633892
2023-08-01,1990,2022,1977,2022,20479,0.01557006529382221
2023-08-02,2227,2262,2000,2000,42711,-0.010880316518298683
2023-08-03,2000,2111,1978,2036,11923,0.018000000000000016
2023-08-04,2035,2129,2009,2067,9743,0.015225933202357655
2023-08-07,2066,2102,2062,2080,4504,0.0062893081761006275
2023-08-08,2076,2116,2053,2103,12587,0.01105769230769238
2023-08-09,2062,2124,2044,2120,10477,0.00808368996671427
2023-08-10,2129,2245,2098,2174,20925,0.025471698113207486
2023-08-11,2173,2262,2173,2209,6979,0.01609935602575896
2023-08-14,2387,2387,2227,2232,28183,0.010411951109099205
2023-08-16,2222,2222,2138,2138,13130,-0.04211469534050183
2023-08-17,2125,2125,2049,2085,13660,-0.02478952291861558
2023-08-18,2030,2120,2030,2120,17372,0.01678657074340517
2023-08-21,2085,2120,2080,2094,8760,-0.01226415094339628
2023-08-22,2111,2138,2080,2116,5595,0.010506208213944657
2023-08-23,2115,2173,2098,2098,6584,-0.008506616257088817
2023-08-24,2098,2147,2098,2134,9178,0.01715919923736897
2023-08-25,2133,2168,2119,2160,14516,0.012183692596063667
2023-08-28,2160,2539,2160,2272,243571,0.051851851851851816
2023-08-29,2272,2299,2236,2250,17228,-0.009683098591549255
2023-08-30,2249,2753,2218,2330,475654,0.03555555555555556
2023-08-31,2383,2383,2294,2303,33008,-0.011587982832617971
2023-09-01,2280,2454,2280,2392,38186,0.038645245332175504
2023-09-04,2392,2401,2227,2370,19237,-0.009197324414715768
2023-09-05,2370,2459,2321,2330,29608,-0.016877637130801704
2023-09-06,2387,2423,2329,2392,26053,0.026609442060085753
2023-09-07,2392,2441,2356,2428,24822,0.015050167224080369
2023-09-08,2401,2486,2374,2406,18750,-0.00906095551894559
2023-09-11,2405,2410,2329,2361,22008,-0.018703241895261846
2023-09-12,2418,2418,2316,2316,11632,-0.019059720457433316
2023-09-13,2307,2334,2254,2312,7156,-0.0017271157167529916
2023-09-14,2298,2298,2205,2241,33644,-0.030709342560553687
2023-09-15,2227,2281,2218,2232,8028,-0.004016064257028162
2023-09-18,2200,2254,2183,2241,11127,0.0040322580645162365
2023-09-19,2218,2240,2178,2232,2261,-0.004016064257028162
2023-09-20,2227,2254,2187,2214,4780,-0.008064516129032251
2023-09-21,2201,2209,2134,2201,11353,-0.005871725383920556
2023-09-22,2178,2182,2129,2174,3821,-0.012267151294865997
2023-09-25,2133,2165,2093,2165,3197,-0.004139834406623688
2023-09-26,2093,2178,2084,2178,7849,0.006004618937644368
2023-09-27,2173,2178,2098,2165,5561,-0.005968778696051391
2023-10-04,2289,2289,2084,2165,11558,0.0
2023-10-05,2147,2160,2076,2076,20409,-0.04110854503464201
2023-10-06,2076,2102,2058,2085,4125,0.004335260115607031
2023-10-10,2070,2079,2044,2062,6340,-0.011031175059951992
2023-10-11,2062,2107,2031,2036,7809,-0.012609117361784716
2023-10-12,2058,2067,2022,2067,2986,0.015225933202357655
2023-10-13,2067,2089,2013,2085,2912,0.00870827285921627
2023-10-16,2085,2089,1955,2005,23560,-0.0383693045563549
2023-10-17,2004,2605,2004,2058,1096369,0.026433915211970138
2023-10-18,2058,2093,2018,2018,78889,-0.0194363459669582
2023-10-19,2004,2026,1960,1969,21568,-0.024281466798810714
2023-10-20,1968,1968,1884,1884,20056,-0.043169121381411935
2023-10-23,1874,1914,1790,1857,30479,-0.014331210191082855
2023-10-24,1857,1915,1822,1898,12502,0.02207862143241779
2023-10-25,1897,1960,1875,1960,10506,0.03266596417281353
2023-10-26,1955,2039,1910,1915,14779,-0.022959183673469385
2023-10-27,1915,1929,1871,1929,8862,0.0073107049608354124
2023-10-30,1924,1990,1879,1973,10611,0.022809745982374396
2023-10-31,1973,1995,1879,1982,10224,0.004561581348200727
2023-11-01,1981,1995,1941,1964,2780,-0.00908173562058523
2023-11-02,1964,2035,1964,1982,12191,0.009164969450101923
2023-11-03,2000,2040,1973,1996,3031,0.007063572149344166
2023-11-06,1982,2102,1982,2040,4382,0.022044088176352616
2023-11-07,2022,2071,1995,2027,6101,-0.0063725490196078205
2023-11-08,2004,2057,1910,1964,16813,-0.031080414405525447
2023-11-09,1964,2057,1910,1973,21405,0.0045824847250508505
2023-11-10,1982,1982,1906,1978,5944,0.0025342118601114905
2023-11-13,1942,1955,1915,1929,10907,-0.02477249747219412
2023-11-14,1919,2008,1843,1915,8568,-0.007257646448937227
2023-11-15,1924,1951,1884,1938,18629,0.01201044386422967
2023-11-16,1937,1942,1924,1942,3195,0.002063983488132193
2023-11-17,1941,1941,1915,1915,6008,-0.013903192584963975
2023-11-20,1875,1991,1875,1956,5210,0.021409921671018184
2023-11-21,1942,2035,1915,1960,8509,0.002044989775051187
2023-11-22,1960,2049,1955,1996,14244,0.01836734693877551
2023-11-23,1991,2076,1978,2036,11298,0.02004008016032066
2023-11-24,2071,2080,1995,2067,24420,0.015225933202357655
2023-11-27,2048,2097,2022,2080,11270,0.0062893081761006275
2023-11-28,2049,2102,2035,2085,6997,0.0024038461538462563
2023-11-29,2102,2102,2031,2085,13091,0.0
2023-11-30,2062,2080,1942,2027,43526,-0.027817745803357274
2023-12-01,2027,2080,1987,1987,6979,-0.019733596447952695
2023-12-04,1986,2004,1951,1951,6748,-0.018117765475591296
2023-12-05,1933,2071,1933,2036,6464,0.04356740133264991
2023-12-06,2035,2035,1977,2009,3469,-0.013261296660117883
2023-12-07,2009,2089,1960,2018,653,0.004479840716774541
2023-12-08,2017,2031,1977,2031,4453,0.006442021803766185
2023-12-11,2031,2054,1991,2005,1544,-0.012801575578532787
2023-12-12,2004,2097,1982,1982,4267,-0.011471321695760595
2023-12-13,1981,1999,1933,1933,12431,-0.02472250252270436
2023-12-14,1933,2053,1933,1942,18763,0.004655975168132542
2023-12-15,1950,2079,1923,1964,13344,0.011328527291452062
2023-12-18,1987,2094,1947,1947,12386,-0.00865580448065173
2023-12-19,1951,2521,1951,2005,1528031,0.029789419619928204
2023-12-20,2004,2031,1951,1951,95847,-0.026932668329177067
2023-12-21,1951,1951,1906,1911,47030,-0.02050230650948237
2023-12-22,1910,1941,1893,1893,21578,-0.009419152276295084
2023-12-26,1893,1911,1875,1907,25631,0.007395668251452658
2023-12-27,1857,1915,1817,1871,21063,-0.018877818563188264
2023-12-28,1870,1955,1821,1915,17904,0.023516835916622236
2024-01-02,1898,1938,1893,1907,16580,-0.004177545691905982
2024-01-03,1906,2013,1906,1938,126468,0.01625589931830107
2024-01-04,1955,1977,1906,1942,24857,0.002063983488132193
2024-01-05,1924,1978,1924,1929,6525,-0.006694129763130774
2024-01-08,1933,1960,1889,1889,16498,-0.0207361327112493
2024-01-09,1969,1973,1902,1938,15210,0.025939650608787668
2024-01-10,1938,1960,1897,1947,12871,0.004643962848297267
2024-01-11,1969,1969,1919,1969,16260,0.011299435028248483
2024-01-12,1964,1986,1933,1960,6442,-0.004570848146267181
2024-01-15,1933,1977,1915,1933,14930,-0.013775510204081631
2024-01-16,1928,2026,1919,1933,38554,0.0
2024-01-17,1932,1959,1897,1915,15349,-0.009311950336264863
2024-01-18,1915,1955,1906,1920,3770,0.0026109660574411553
2024-01-19,1951,1955,1906,1920,9219,0.0
2024-01-22,1942,1960,1906,1947,10447,0.014062500000000089
2024-01-23,1932,1986,1906,1915,14353,-0.016435541859270653
2024-01-24,1938,1938,1880,1898,10832,-0.008877284595300239
2024-01-25,1897,1897,1871,1880,15113,-0.009483667017913588
2024-01-26,1879,1955,1866,1875,8154,-0.0026595744680850686
2024-01-29,1901,1955,1826,1826,28373,-0.026133333333333342
2024-01-30,1870,1870,1834,1857,11029,0.016976998904709717
2024-01-31,1857,1920,1746,1898,24947,0.02207862143241779
2024-02-01,1844,1906,1839,1871,20639,-0.014225500526870438
2024-02-02,1901,1906,1884,1893,5818,0.011758417958311007
2024-02-05,1911,1933,1866,1907,5076,0.007395668251452658
2024-02-06,1906,1928,1884,1902,7688,-0.002621919244887305
2024-02-07,1915,1950,1892,1924,17402,0.011566771819137678
2024-02-08,1910,1950,1910,1942,6264,0.009355509355509328
2024-02-13,1942,1960,1889,1889,27432,-0.027291452111225523
2024-02-14,1883,1977,1866,1866,23603,-0.012175754367390157
2024-02-15,1907,1920,1857,1907,10955,0.021972132904608754
2024-02-16,1901,1923,1852,1866,22408,-0.02149973780807546
2024-02-19,1866,1906,1861,1902,1494,0.019292604501607746
2024-02-20,1897,1928,1871,1871,8377,-0.01629863301787593
2024-02-21,1911,1924,1871,1907,6146,0.019241047568145486
2024-02-22,1893,1942,1880,1898,10531,-0.004719454640797038
2024-02-23,1902,1937,1880,1880,9356,-0.009483667017913588
2024-02-26,1879,1919,1852,1866,12591,-0.007446808510638281
2024-02-27,1866,1875,1821,1875,9950,0.004823151125401992
2024-02-28,1853,1924,1835,1849,14900,-0.013866666666666694
2024-02-29,1874,1906,1817,1817,6188,-0.01730665224445649
2024-03-04,1834,1857,1803,1817,15982,0.0
2024-03-05,1817,1817,1780,1800,12310,-0.00935608145294442
2024-03-06,1799,1866,1772,1779,37209,-0.011666666666666714
2024-03-07,1803,1803,1770,1795,6849,0.008993816750983763
2024-03-08,1795,1822,1780,1782,11746,-0.007242339832869038
2024-03-11,1804,1826,1776,1780,12231,-0.001122334455667784
2024-03-12,1779,1786,1772,1779,23101,-0.0005617977528089568
2024-03-13,1795,1795,1761,1779,43224,0.0
2024-03-14,1770,1857,1702,1757,23256,-0.01236649803260259
2024-03-15,1756,1776,1751,1751,7998,-0.0034149117814455954
2024-03-18,1759,1759,1721,1721,9688,-0.01713306681896054
2024-03-19,1721,1817,1721,1759,22000,0.02208018593840788
2024-03-20,1758,1760,1751,1751,14271,-0.004548038658328646
2024-03-21,1751,1835,1734,1782,15122,0.017704169046259377
2024-03-22,1790,1826,1777,1782,4522,0.0
2024-03-25,1786,2254,1786,1920,1686751,0.07744107744107742
2024-03-26,1929,2031,1906,1987,169839,0.03489583333333335
2024-03-27,1987,2031,1915,1996,61347,0.00452944136889788
2024-03-28,1960,1995,1946,1969,24404,-0.013527054108216419
2024-03-29,1968,2013,1924,1951,43091,-0.009141696292534252
2024-04-01,1951,1951,1884,1907,28685,-0.022552537160430597
2024-04-02,1906,1986,1875,1893,48365,-0.007341373885684344
2024-04-03,1915,1915,1853,1862,144328,-0.01637612255678822
2024-04-04,1879,1923,1852,1875,12525,0.00698174006444674
2024-04-05,1835,1924,1835,1880,15884,0.002666666666666595
2024-04-08,1924,2057,1915,2049,236530,0.08989361702127652
2024-04-09,2067,2067,1964,1969,80687,-0.03904343582235237
2024-04-11,1973,2049,1933,1969,30434,0.0
2024-04-12,1969,2049,1942,1996,30219,0.013712544438801322
2024-04-15,1960,1991,1915,1938,37153,-0.029058116232464903
2024-04-16,1951,1956,1875,1907,33145,-0.015995872033023772
2024-04-17,1920,1920,1866,1880,9863,-0.014158363922391226
2024-04-18,1875,1959,1870,1884,21507,0.0021276595744681437
2024-04-19,1879,1928,1866,1866,36657,-0.009554140127388533
2024-04-22,1866,1991,1866,1902,31352,0.019292604501607746
2024-04-23,2022,2022,1906,1933,10478,0.01629863301787582
2024-04-24,1951,1960,1906,1911,17006,-0.011381272633212647
2024-04-25,1933,1933,1861,1902,29984,-0.004709576138147598
2024-04-26,1928,1933,1857,1871,38368,-0.01629863301787593
2024-04-29,1901,1919,1866,1884,4846,0.006948156066274747
2024-04-30,1889,1929,1790,1889,23876,0.002653927813163426
2024-05-02,1884,1924,1853,1911,18431,0.011646373742721039
2024-05-03,1893,1910,1870,1902,14481,-0.004709576138147598
2024-05-07,1928,1942,1870,1911,61575,0.004731861198738141
2024-05-08,1951,1951,1893,1898,12263,-0.006802721088435382
2024-05-09,1879,1923,1870,1915,24905,0.008956796628029506
2024-05-10,1933,1973,1902,1902,25985,-0.006788511749347248
2024-05-13,1955,1982,1902,1938,5954,0.018927444794952786
2024-05-14,1951,1959,1915,1951,10118,0.006707946336429238
2024-05-16,1919,1973,1893,1893,20029,-0.029728344438749388
2024-05-17,1920,1942,1835,1840,63115,-0.027997886951928175
2024-05-20,1808,1874,1808,1857,6875,0.009239130434782528
2024-05-21,1839,1888,1826,1826,17171,-0.016693591814754938
2024-05-22,1870,1870,1817,1862,5527,0.019715224534501585
2024-05-23,1862,1871,1831,1831,7185,-0.016648764769065516
2024-05-24,1804,2049,1804,1831,81530,0.0
2024-05-27,1830,1888,1817,1835,12489,0.0021845985800108547
2024-05-28,1861,1874,1830,1857,6790,0.011989100817438647
2024-05-29,1866,1870,1804,1804,18489,-0.02854065697361341
2024-05-30,1817,1826,1782,1782,22525,-0.012195121951219523
2024-05-31,1799,1861,1781,1786,16859,0.002244668911335568
2024-06-03,1812,1816,1785,1808,6835,0.012318029115341522
2024-06-04,1826,1826,1790,1822,11124,0.007743362831858391
2024-06-05,1848,1848,1785,1826,10430,0.002195389681668436
2024-06-07,1817,1826,1794,1826,3106,0.0
2024-06-10,1799,1853,1782,1782,13632,-0.02409638554216864
2024-06-11,1775,1816,1775,1808,4791,0.014590347923681302
2024-06-12,1808,1861,1777,1786,15548,-0.012168141592920345
2024-06-13,1791,1813,1786,1791,3565,0.0027995520716685984
2024-06-14,1790,1804,1781,1804,5171,0.007258514796203208
2024-06-17,1786,1804,1782,1782,8492,-0.012195121951219523
2024-06-18,1781,1790,1771,1786,17491,0.002244668911335568
2024-06-19,1781,1781,1773,1773,3612,-0.007278835386338223
2024-06-20,1756,1791,1755,1791,4069,0.010152284263959421
2024-06-21,1774,1826,1772,1791,2754,0.0
2024-06-24,1790,1790,1772,1780,1954,-0.006141820212172022
2024-06-25,1795,1795,1754,1759,9993,-0.01179775280898876
2024-06-26,1773,1817,1755,1772,3957,0.007390562819783897
2024-06-27,1772,1804,1757,1775,7948,0.0016930022573362624
2024-06-28,1775,1799,1772,1791,6433,0.00901408450704233
2024-07-01,1790,1790,1763,1770,18860,-0.011725293132328285
2024-07-02,1780,1780,1764,1766,6684,-0.002259887005649719
2024-07-03,1765,1776,1765,1768,7968,0.0011325028312569874
2024-07-04,1766,1817,1719,1777,22174,0.005090497737556543
2024-07-05,1770,1780,1733,1751,23422,-0.01463140123804163
2024-07-08,1737,1777,1737,1751,6338,0.0
2024-07-09,1765,1795,1737,1782,9702,0.017704169046259377
2024-07-10,1766,1773,1759,1759,12163,-0.01290684624017957
2024-07-11,1758,1774,1751,1752,7841,-0.003979533826037551
2024-07-12,1736,1772,1736,1751,8432,-0.0005707762557077833
2024-07-15,1751,1781,1749,1781,7554,0.01713306681896065
2024-07-16,1768,1779,1765,1771,6966,-0.005614823133071267
2024-07-17,1772,1772,1755,1756,4415,-0.008469791078486777
2024-07-18,1755,1803,1729,1759,4983,0.0017084282460135825
2024-07-19,1758,1781,1745,1747,3009,-0.006822057987492913
2024-07-22,1761,1795,1755,1757,1048,0.005724098454493509
2024-07-23,1738,1774,1736,1744,5791,-0.007398975526465512
2024-07-24,1744,1821,1729,1731,19620,-0.007454128440366969
2024-07-25,1726,1780,1713,1780,8278,0.028307336799537897
2024-07-26,1780,1780,1650,1675,130471,-0.0589887640449438
2024-07-29,1678,1701,1662,1676,17619,0.0005970149253731183
2024-07-30,1674,1681,1662,1663,7651,-0.007756563245823411
2024-07-31,1646,1673,1646,1655,5800,-0.0048105832832230355
2024-08-01,1672,1709,1653,1658,14092,0.0018126888217522286
2024-08-02,1657,1657,1600,1600,41214,-0.0349819059107358
2024-08-05,1600,1600,1391,1391,18469,-0.130625
2024-08-06,1423,1492,1423,1489,25032,0.0704529115744068
2024-08-07,1489,1504,1456,1485,35383,-0.002686366689053088
2024-08-08,1483,1523,1483,1496,14938,0.007407407407407307
2024-08-09,1502,1581,1487,1537,8436,0.027406417112299408
2024-08-12,1520,1547,1520,1547,2183,0.006506180871828304
2024-08-13,1548,1582,1547,1581,7247,0.0219780219780219
2024-08-14,1581,1613,1581,1604,12112,0.014547754585705341
2024-08-16,1603,1621,1591,1608,5084,0.0024937655860348684
2024-08-19,1621,1621,1603,1610,2058,0.0012437810945273853
2024-08-20,1612,1621,1587,1604,7890,-0.003726708074534124
2024-08-21,1604,1604,1577,1578,6027,-0.016209476309226978
2024-08-22,1577,1614,1562,1571,1054,-0.004435994930291454
2024-08-23,1569,1591,1555,1587,4393,0.010184595798854224
2024-08-26,1579,1617,1578,1581,8841,-0.003780718336483968
2024-08-27,1580,1580,1550,1570,6972,-0.006957621758380772
2024-08-28,1553,1582,1532,1541,481,-0.01847133757961783
2024-08-29,1556,1556,1531,1556,952,0.009733939000649006
2024-08-30,1539,1548,1527,1536,6616,-0.01285347043701801
2024-09-02,1536,1615,1496,1496,14532,-0.02604166666666663
2024-09-03,1498,1539,1493,1515,4148,0.012700534759358284
2024-09-04,1518,1518,1434,1479,1311,-0.023762376237623783
2024-09-05,1478,1920,1478,1920,948178,0.29817444219066935
2024-09-06,2098,2495,1960,2054,6980196,0.0697916666666667
2024-09-09,2026,2253,1825,1915,1930967,-0.06767283349561826
2024-09-10,2021,2048,1734,1826,682473,-0.046475195822454296
2024-09-11,1848,1848,1718,1741,245042,-0.046549835706462206
2024-09-12,1739,1739,1645,1661,220574,-0.045950603101665655
2024-09-13,1673,1673,1579,1579,176092,-0.049367850692354054
2024-09-19,1579,1595,1540,1595,113362,0.010132995566814351
2024-09-20,1577,1591,1557,1570,74932,-0.01567398119122254
2024-09-23,1564,1564,1529,1538,68789,-0.020382165605095537
2024-09-24,1533,1558,1507,1546,50370,0.005201560468140354
2024-09-25,1532,1557,1532,1553,78354,0.004527813712807305
2024-09-26,1552,1561,1515,1532,86635,-0.013522215067611087
2024-09-27,1525,1542,1515,1532,43770,0.0
2024-09-30,1532,1539,1519,1532,36264,0.0
2024-10-02,1515,1546,1497,1522,35924,-0.00652741514360311
2024-10-04,1522,1523,1508,1514,36430,-0.005256241787122251
2024-10-07,1545,1567,1514,1515,43945,0.0006605019815060231
2024-10-08,1530,1538,1513,1522,30774,0.004620462046204699
2024-10-10,1575,1575,1514,1540,24565,0.01182654402102501
2024-10-11,1577,1724,1537,1562,348753,0.014285714285714235
2024-10-14,1562,1773,1536,1537,701996,-0.016005121638924424
2024-10-15,1557,1557,1481,1481,102367,-0.03643461288223815
2024-10-16,1503,1503,1434,1462,45912,-0.01282916948008106
2024-10-17,1459,1504,1443,1444,11745,-0.012311901504788003
2024-10-18,1440,1443,1411,1418,53960,-0.018005540166205036
2024-10-21,1403,1415,1387,1413,43252,-0.0035260930888575404
2024-10-22,1411,1411,1337,1358,45306,-0.038924274593064356
2024-10-23,1358,1378,1349,1356,21964,-0.0014727540500736325
2024-10-24,1355,1355,1311,1311,39754,-0.0331858407079646
2024-10-25,1310,1332,1305,1314,20829,0.0022883295194509046
2024-10-28,1314,1708,1314,1708,1896922,0.29984779299847797
2024-10-29,1879,1888,1496,1522,2153061,-0.1088992974238876
2024-10-30,1541,1598,1436,1436,473819,-0.0565045992115637
2024-10-31,1449,1477,1406,1462,147323,0.01810584958217265
2024-11-01,1381,1439,1366,1368,111541,-0.06429548563611487
2024-11-04,1355,1404,1355,1404,66797,0.026315789473684292
2024-11-05,1403,1418,1372,1400,36869,-0.002849002849002802
2024-11-06,1400,1426,1377,1402,34393,0.0014285714285713347
2024-11-07,1402,1419,1364,1379,27837,-0.016405135520684788
2024-11-08,1379,1379,1363,1366,23113,-0.00942712110224797
2024-11-11,1365,1365,1313,1336,39511,-0.02196193265007318
2024-11-12,1364,1365,1266,1313,65408,-0.017215568862275488
2024-11-13,1291,1302,1247,1256,34305,-0.04341203351104339
2024-11-14,1256,1256,1236,1242,11033,-0.011146496815286677
2024-11-15,1247,1247,1127,1166,43980,-0.06119162640901776
2024-11-18,1165,1210,1165,1186,22634,0.0171526586620927
2024-11-19,1198,1198,1178,1196,15350,0.008431703204047292
2024-11-20,1198,1198,1166,1170,7240,-0.021739130434782594
2024-11-21,1169,1174,1164,1166,8809,-0.0034188034188034067
2024-11-22,1169,1185,1153,1154,14350,-0.010291595197255532
2024-11-25,1153,1171,1153,1166,10153,0.010398613518197486
2024-11-26,1166,1173,1140,1144,20516,-0.018867924528301883
2024-11-27,1143,1372,1143,1168,919723,0.020979020979021046
2024-11-28,1167,1178,1156,1157,24013,-0.009417808219178037
2024-11-29,1157,1167,1099,1120,65640,-0.03197925669835777
2024-12-02,1121,1321,1119,1121,572031,0.0008928571428572507
2024-12-03,1121,1139,1117,1131,12900,0.008920606601248826
2024-12-04,1131,1134,1110,1115,22490,-0.014146772767462457
2024-12-05,1112,1121,1087,1089,27998,-0.02331838565022426
2024-12-06,1089,1107,1017,1058,62214,-0.02846648301193755
2024-12-09,1120,1120,1007,1007,37008,-0.04820415879017015
2024-12-10,1026,1100,1020,1050,49714,0.04270109235352537
2024-12-11,1069,1088,1049,1081,49442,0.029523809523809508
2024-12-12,1081,1103,1075,1086,32214,0.0046253469010175685
2024-12-13,1086,1123,1086,1121,19989,0.03222836095764281
2024-12-16,1121,1130,1113,1113,11623,-0.007136485280999083
2024-12-17,1110,1110,1082,1091,13782,-0.019766397124887702
2024-12-18,1079,1111,1079,1111,10916,0.01833180568285986
2024-12-19,1098,1117,1098,1108,11414,-0.0027002700270026825
2024-12-20,1108,1108,1095,1100,1006,-0.0072202166064981865
2024-12-23,1100,1131,1084,1084,12899,-0.014545454545454528
2024-12-24,1100,1100,1074,1078,7957,-0.005535055350553542
2024-12-26,1096,1103,1053,1055,15252,-0.021335807050092748
2024-12-27,1055,1070,1032,1032,7405,-0.02180094786729858
2024-12-30,1032,1088,1028,1053,8470,0.02034883720930236
2025-01-02,1052,1087,1052,1087,5848,0.03228869895536568
2025-01-03,1087,1094,1071,1088,4102,0.0009199632014720294
2025-01-06,1092,1096,1087,1096,8360,0.007352941176470562
2025-01-07,1111,1120,1100,1120,10249,0.021897810218978186
2025-01-08,1122,1127,1117,1120,6532,0.0
2025-01-09,1121,1140,1114,1118,6955,-0.0017857142857142794
2025-01-10,1128,1157,1102,1125,5104,0.0062611806797854275
2025-01-13,1138,1145,1104,1104,2383,-0.01866666666666672
2025-01-14,1114,1141,1092,1138,6529,0.030797101449275388
2025-01-15,1137,1149,1105,1105,2515,-0.02899824253075567
2025-01-16,1111,1160,1108,1111,6449,0.005429864253393646
2025-01-17,1127,1127,1108,1121,3266,0.00900090009000909
2025-01-20,1123,1157,1100,1100,4960,-0.01873327386262269
2025-01-21,1113,1149,1100,1141,8951,0.037272727272727346
2025-01-22,1150,1327,1104,1113,228876,-0.024539877300613466
2025-01-23,1148,1155,1105,1107,13405,-0.005390835579514808
2025-01-24,1105,1129,1105,1110,7054,0.0027100271002709064
2025-01-31,1152,1152,1104,1104,13008,-0.00540540540540535
2025-02-03,1104,1104,1070,1095,6053,-0.008152173913043459
2025-02-04,1089,1089,1057,1068,11739,-0.024657534246575352
2025-02-05,1068,1068,1058,1063,7085,-0.004681647940074862
2025-02-06,1063,1063,1044,1063,9434,0.0
2025-02-07,1053,1062,1051,1052,7817,-0.010348071495766664
2025-02-10,1051,1051,1033,1049,2271,-0.002851711026615966
2025-02-11,1040,1057,1040,1045,5215,-0.0038131553860819567
2025-02-12,1045,1106,1036,1045,16154,0.0
2025-02-13,1045,1201,1000,1005,127734,-0.038277511961722466
2025-02-14,1004,1028,1004,1025,8952,0.01990049751243772
2025-02-17,1015,1047,1015,1036,8130,0.01073170731707318
2025-02-18,1035,1042,1025,1042,3157,0.005791505791505891
2025-02-19,1041,1041,1030,1039,5574,-0.0028790786948176272
2025-02-20,1039,1113,1039,1051,5843,0.011549566891241536
2025-02-21,1051,1066,1039,1064,3851,0.012369172216936342
2025-02-24,1055,1100,1055,1064,5928,0.0
2025-02-25,1063,1104,1049,1066,3367,0.001879699248120259
2025-02-26,1066,1066,1034,1034,3357,-0.030018761726078758
2025-02-27,1034,1095,1026,1095,6471,0.05899419729206956
2025-02-28,1074,1074,1026,1026,11546,-0.06301369863013695
2025-03-04,1026,1077,1025,1027,8625,0.0009746588693957392
2025-03-05,1026,1042,1025,1025,9107,-0.0019474196689386325
2025-03-06,1031,1031,1014,1014,5107,-0.01073170731707318
2025-03-07,1014,1022,1010,1014,4170,0.0
2025-03-10,1012,1013,1007,1008,9169,-0.00591715976331364
2025-03-11,998,1140,985,1006,109557,-0.001984126984126977
2025-03-12,993,1030,993,998,6578,-0.007952286282306154
2025-03-13,1008,1068,992,1017,7986,0.019038076152304573
2025-03-14,1007,1024,999,1015,1790,-0.001966568338249708
2025-03-17,1026,1042,987,987,3635,-0.02758620689655178
2025-03-18,986,1041,986,1033,3700,0.046605876393110535
2025-03-19,1033,1055,1025,1042,4501,0.00871248789932233
2025-03-20,1041,1041,1015,1015,2169,-0.025911708253358978
2025-03-21,1009,1024,1009,1014,2986,-0.0009852216748768017
2025-03-24,1013,1015,1002,1011,2788,-0.00295857988165682
2025-03-25,1002,1020,1002,1006,6186,-0.004945598417408492
2025-03-26,1005,1199,1002,1026,492401,0.01988071570576544
2025-03-27,1037,1037,1011,1028,14295,0.0019493177387914784
2025-03-28,1025,1025,1003,1003,10022,-0.024319066147859947
2025-03-31,1002,1002,984,985,18733,-0.017946161515453585
2025-04-01,985,1042,985,1034,10216,0.0497461928934011
2025-04-02,1046,1069,1022,1022,6028,-0.011605415860735047
2025-04-03,1017,1017,983,983,4213,-0.03816046966731901
2025-04-04,977,1026,975,1009,4081,0.0264496439471007
2025-04-07,1009,1063,986,1014,13806,0.0049554013875123815
2025-04-08,1014,1062,1006,1017,20958,0.002958579881656709
2025-04-09,1042,1070,997,1051,23831,0.03343166175024592
2025-04-10,1050,1167,1050,1129,133223,0.0742150333016176
2025-04-11,1155,1155,1113,1113,38153,-0.01417183348095663
2025-04-14,1081,1081,1051,1051,47950,-0.05570530098831983
2025-04-15,1045,1150,1045,1118,144353,0.06374881065651761
2025-04-16,1122,1168,1109,1118,23943,0.0
2025-04-17,1168,1168,1111,1123,12751,0.004472271914132353
2025-04-18,1112,1127,1097,1120,34027,-0.00267141585040076
2025-04-21,1103,1144,1091,1131,2471,0.009821428571428648
2025-04-22,1124,1129,1105,1122,3725,-0.007957559681697646
2025-04-23,1118,1130,1077,1106,18628,-0.014260249554367221
2025-04-24,1106,1157,1076,1076,6562,-0.027124773960216952
2025-04-25,1075,1147,1075,1089,10797,0.012081784386617
2025-04-28,1089,1100,1076,1089,2373,0.0
2025-04-29,1089,1141,1078,1096,9149,0.006427915518824712
2025-04-30,1095,1119,1046,1095,10677,-0.0009124087591241281
2025-05-02,1086,1130,1076,1107,13136,0.010958904109588996
2025-05-07,1121,1121,1064,1064,14232,-0.038843721770551065
2025-05-08,1063,1102,1058,1060,18199,-0.003759398496240629
2025-05-09,1069,1121,1056,1069,14404,0.008490566037735903
2025-05-12,1068,1121,1068,1077,5847,0.007483629560336658
2025-05-13,1094,1094,1055,1055,7652,-0.02042711234911787
2025-05-14,1066,1066,1055,1064,7169,0.008530805687203769
2025-05-15,1064,1074,1064,1064,4832,0.0
2025-05-16,1145,1383,1128,1383,857240,0.29981203007518786
2025-05-19,1580,1797,1230,1260,2998764,-0.08893709327548804
2025-05-20,1400,1638,1206,1293,2323149,0.026190476190476097
2025-05-21,1293,1293,1232,1280,197435,-0.010054137664346485
2025-05-22,1322,1322,1190,1199,154602,-0.06328124999999996
2025-05-23,1222,1558,1215,1558,2944471,0.29941618015012517
2025-05-26,1944,1995,1450,1519,3090750,-0.025032092426187424
2025-05-27,1564,1920,1474,1676,6632506,0.1033574720210666
2025-05-28,1601,1623,1570,1570,254424,-0.06324582338902152
2025-05-29,1587,1603,1567,1603,85070,0.021019108280254883
2025-05-30,1591,1591,1500,1500,103590,-0.06425452276980659
2025-06-02,1500,1500,1360,1360,359280,-0.09333333333333338
2025-06-04,1348,1443,1269,1287,273967,-0.053676470588235325
2025-06-05,1287,1370,1231,1287,266095,0.0
2025-06-09,1287,1287,1222,1263,88364,-0.018648018648018683
2025-06-10,1251,1338,1240,1290,51254,0.0213776722090262
2025-06-11,1290,1291,1230,1275,36000,-0.011627906976744207
2025-06-12,1275,1465,1275,1321,813992,0.03607843137254907
2025-06-13,1311,1320,1255,1299,90348,-0.01665404996214992
2025-06-16,1299,1342,1266,1271,71999,-0.021555042340261732
2025-06-17,1271,1293,1253,1265,46836,-0.004720692368214041
2025-06-18,1261,1308,1245,1251,22292,-0.011067193675889375
2025-06-19,1250,1311,1244,1250,24956,-0.0007993605115906854
2025-06-20,1250,1262,1215,1217,43688,-0.02639999999999998
2025-06-23,1280,1280,1150,1158,69451,-0.04847986852917008
2025-06-24,1227,1227,1142,1158,41204,0.0
2025-06-25,1159,1210,1125,1128,37761,-0.025906735751295318
2025-06-26,1148,1148,1080,1093,50055,-0.031028368794326244
2025-06-27,1093,1105,1080,1084,13881,-0.008234217749313766
2025-06-30,1085,1119,1084,1086,23813,0.0018450184501845879
2025-07-01,1059,1116,1059,1080,47154,-0.0055248618784530246
2025-07-02,1080,1082,1030,1054,132965,-0.024074074074074026
2025-07-03,1045,1077,1027,1077,35967,0.02182163187855779
2025-07-04,1077,1077,1065,1076,20128,-0.0009285051067781103
2025-07-07,1071,1072,1044,1048,21935,-0.026022304832713727
2025-07-08,1049,1362,1049,1362,1052846,0.29961832061068705
2025-07-09,1612,1770,1514,1634,9098600,0.19970631424375918
2025-07-10,1613,1699,1450,1470,1425441,-0.10036719706242347
2025-07-11,1211,1240,1115,1115,8026130,-0.24149659863945583
2025-07-14,1130,1162,1104,1104,1403554,-0.009865470852017943
2025-07-15,1110,1142,1063,1095,829971,-0.008152173913043459
2025-07-16,1095,1098,1071,1095,289600,0.0
2025-07-17,1088,1095,1074,1075,258235,-0.0182648401826484
2025-07-18,1070,1085,1055,1064,320086,-0.01023255813953483
2025-07-21,1064,1077,1049,1058,239213,-0.005639097744360888
2025-07-22,1058,1069,979,1009,491658,-0.046313799621928164
2025-07-23,1021,1021,969,992,407243,-0.01684836471754214
2025-07-24,995,996,980,992,163092,0.0
2025-07-25,994,1000,979,980,137811,-0.012096774193548376
2025-07-28,980,990,917,942,280325,-0.038775510204081653
2025-07-29,932,941,905,909,208224,-0.035031847133757954
2025-07-30,901,991,900,918,343960,0.00990099009900991
2025-07-31,916,935,902,915,88227,-0.0032679738562091387
2025-08-01,915,931,897,900,137776,-0.016393442622950838
2025-08-04,900,919,895,900,65395,0.0
2025-08-05,895,915,895,910,35111,0.011111111111111072
2025-08-06,919,949,912,935,123057,0.027472527472527375
2025-08-07,943,943,914,920,72018,-0.016042780748663055
2025-08-08,955,960,921,944,64044,0.026086956521739202
2025-08-11,944,962,920,922,51485,-0.02330508474576276
2025-08-12,922,949,919,921,76140,-0.0010845986984815426
2025-08-13,929,934,913,930,32444,0.009771986970684043
2025-08-14,932,947,921,927,40818,-0.003225806451612856
2025-08-18,938,941,892,907,54369,-0.02157497303128375
2025-08-19,922,944,892,892,107311,-0.016538037486218293
2025-08-20,892,914,880,888,83912,-0.004484304932735439
2025-08-21,888,893,851,886,108961,-0.0022522522522522292
2025-08-22,886,919,886,900,60511,0.015801354401805856
2025-08-25,913,914,884,884,51256,-0.01777777777777778
2025-08-26,885,912,883,894,47192,0.011312217194570096
2025-08-27,897,897,875,877,58111,-0.019015659955257225
2025-08-28,893,893,875,876,22987,-0.0011402508551880963
2025-08-29,876,884,862,864,38265,-0.013698630136986356
2025-09-01,853,875,815,838,65612,-0.03009259259259256
2025-09-02,815,838,815,829,61445,-0.010739856801909253
2025-09-03,830,875,825,829,61792,0.0
2025-09-04,836,870,828,848,89430,0.022919179734619988
2025-09-05,861,861,837,839,35997,-0.010613207547169767
2025-09-08,855,855,841,844,36747,0.005959475566150285
2025-09-09,858,858,837,844,39683,0.0
2025-09-10,847,852,836,844,47134,0.0
2025-09-11,850,850,839,840,38170,-0.004739336492891044
2025-09-12,840,850,835,838,52868,-0.0023809523809523725
2025-09-15,838,847,831,836,18371,-0.0023866348448687846
2025-09-16,836,843,833,841,11636,0.005980861244019087
2025-09-17,845,845,827,835,54740,-0.007134363852556502
2025-09-18,835,845,831,835,28492,0.0
2025-09-19,830,841,829,835,16738,0.0
2025-09-22,835,835,826,826,45832,-0.010778443113772407
2025-09-23,826,826,807,820,54473,-0.007263922518159771
2025-09-24,820,828,800,808,49275,-0.014634146341463428
2025-09-25,808,819,777,801,53543,-0.008663366336633671
2025-09-26,801,802,780,795,72370,-0.0074906367041198685
2025-09-29,785,795,779,779,36514,-0.020125786163522008
2025-09-30,785,809,782,784,58443,0.006418485237484006
2025-10-01,799,799,773,790,33783,0.007653061224489832
2025-10-02,780,792,771,782,48666,-0.010126582278481067
2025-10-10,777,786,759,771,83656,-0.014066496163682829
2025-10-13,750,771,741,757,120205,-0.01815823605706879
2025-10-14,787,787,745,758,45554,0.0013210039630118242
2025-10-15,758,760,743,753,30379,-0.006596306068601621
2025-10-16,762,765,735,748,49785,-0.006640106241699861
2025-10-17,748,756,734,737,65317,-0.014705882352941124
2025-10-20,729,746,724,733,56670,-0.005427408412483015
2025-10-21,746,746,718,722,87174,-0.01500682128240105
2025-10-22,718,738,716,722,46889,0.0
2025-10-23,722,741,722,730,38597,0.011080332409972193
2025-10-24,730,742,719,727,51565,-0.004109589041095929
2025-10-27,727,938,710,710,4051113,-0.023383768913342484
2025-10-28,709,733,672,698,577113,-0.016901408450704203
2025-10-29,712,903,690,816,7180435,0.1690544412607451
2025-10-30,850,850,730,765,903673,-0.0625
2025-10-31,748,768,717,721,333065,-0.05751633986928106
2025-11-03,711,759,696,700,208020,-0.029126213592232997
2025-11-04,710,730,694,709,112864,0.0128571428571429
2025-11-05,707,732,680,732,143325,0.03244005641748937
2025-11-06,730,730,696,701,198033,-0.042349726775956276
2025-11-07,692,699,684,690,91751,-0.015691868758915817
2025-11-10,684,698,682,698,67140,0.011594202898550732
2025-11-11,689,779,675,678,481536,-0.028653295128939882
2025-11-12,689,710,678,702,55682,0.03539823008849563
2025-11-13,702,703,685,695,30642,-0.009971509971509973
2025-11-14,695,719,687,701,59829,0.008633093525179936
2025-11-17,696,710,687,693,39125,-0.011412268188302432
2025-11-18,704,704,674,681,45427,-0.017316017316017285
2025-11-19,676,681,664,675,53106,-0.008810572687224627
2025-11-20,675,690,674,680,9539,0.007407407407407307
2025-11-21,680,696,665,678,34831,-0.002941176470588225
2025-11-24,678,688,670,677,9669,-0.001474926253687281
2025-11-25,669,686,663,664,47550,-0.019202363367799125
2025-11-26,680,680,662,669,24871,0.0075301204819278045
2025-11-27,661,679,660,665,22187,-0.005979073243647215
2025-11-28,665,679,665,667,14343,0.003007518796992459
2025-12-01,680,680,665,669,16029,0.0029985007496251548
2025-12-02,680,680,662,672,26306,0.004484304932735439
2025-12-03,672,672,665,672,67477,0.0
2025-12-04,680,680,661,665,28257,-0.01041666666666663
2025-12-05,666,679,660,668,55571,0.004511278195488799
2025-12-08,680,680,663,665,17297,-0.004491017964071808
2025-12-09,665,677,662,665,32825,0.0
2025-12-10,665,668,657,664,11532,-0.0015037593984962294
2025-12-11,675,675,652,656,55653,-0.012048192771084376
2025-12-12,657,662,650,651,41718,-0.007621951219512146
2025-12-15,660,670,651,662,121172,0.016897081413210335
2025-12-16,667,667,650,652,20901,-0.015105740181268867
2025-12-17,659,724,653,653,181700,0.0015337423312884457
2025-12-18,652,652,641,642,67034,-0.016845329249617125
2025-12-19,642,654,639,654,19515,0.01869158878504673
2025-12-22,648,654,643,654,23849,0.0
2025-12-23,655,655,639,643,29040,-0.016819571865443472
2025-12-24,642,649,635,635,37727,-0.01244167962674958
2025-12-26,635,649,620,627,47914,-0.012598425196850394
2025-12-29,627,634,626,629,26312,0.0031897926634769647
2025-12-30,627,631,619,623,13505,-0.009538950715421324
2026-01-02,630,630,620,621,64782,-0.0032102728731941976
2026-01-05,629,639,626,639,47234,0.02898550724637672
2026-01-06,658,720,641,643,249098,0.006259780907668322
2026-01-07,643,653,630,642,36108,-0.0015552099533436836
2026-01-08,636,638,628,628,26584,-0.02180685358255452
2026-01-09,631,631,623,623,8279,-0.0079617834394905
2026-01-12,624,630,623,625,41476,0.0032102728731941976
2026-01-13,625,630,619,630,10196,0.008000000000000007
2026-01-14,624,629,623,625,11201,-0.007936507936507908
2026-01-15,625,631,619,622,23973,-0.0048000000000000265
2026-01-16,620,629,619,629,16361,0.0112540192926045
2026-01-19,631,631,623,623,13770,-0.009538950715421324
2026-01-20,631,631,619,627,15618,0.006420545746388395
2026-01-21,628,629,620,623,23642,-0.006379585326953707
2026-01-22,623,630,621,622,25658,-0.0016051364365970988
2026-01-23,630,659,620,640,35128,0.02893890675241151
2026-01-26,630,660,630,658,25953,0.028124999999999956
2026-01-27,649,656,620,635,47224,-0.03495440729483279
2026-01-28,645,670,633,640,68200,0.007874015748031482
2026-01-29,640,644,629,642,54562,0.0031250000000000444
2026-01-30,636,699,636,647,201663,0.007788161993769416
2026-02-02,647,666,620,640,44829,-0.010819165378670781
2026-02-03,634,642,625,628,33035,-0.018750000000000044
