Date,Open,High,Low,Close,Volume,Change
2022-01-03,12250,12650,12250,12550,44693,0.02448979591836742
2022-01-04,12650,12700,12500,12650,38410,0.007968127490039834
2022-01-05,12650,12650,12450,12550,26993,-0.007905138339920903
2022-01-06,12350,12500,12150,12300,42130,-0.019920318725099584
2022-01-07,12300,12450,12250,12350,19956,0.004065040650406582
2022-01-10,12350,12450,12100,12300,24438,-0.004048582995951455
2022-01-11,12300,12300,11900,12000,40271,-0.024390243902439046
2022-01-12,12100,12250,11950,12150,13955,0.012499999999999956
2022-01-13,12100,12250,12100,12200,10413,0.004115226337448652
2022-01-14,12200,12200,12000,12100,21454,-0.008196721311475419
2022-01-17,12100,13000,11800,11900,208528,-0.016528925619834656
2022-01-18,11850,12000,11500,11650,48928,-0.021008403361344574
2022-01-19,11400,11650,11400,11500,39342,-0.012875536480686733
2022-01-20,11650,11950,11450,11900,18007,0.034782608695652195
2022-01-21,11800,11950,11700,11750,21636,-0.012605042016806678
2022-01-24,11650,12400,11600,11750,119963,0.0
2022-01-25,11750,12050,11500,11600,66701,-0.012765957446808529
2022-01-26,11500,11800,11500,11600,42249,0.0
2022-01-27,11550,11600,11000,11150,62691,-0.03879310344827591
2022-01-28,11150,11550,11050,11550,24901,0.03587443946188351
2022-02-03,11550,12700,11550,11850,238500,0.025974025974025983
2022-02-04,11850,12150,11800,12100,68442,0.021097046413502074
2022-02-07,12100,12150,11950,12100,38942,0.0
2022-02-08,12000,12200,11800,11950,37476,-0.012396694214875992
2022-02-09,11950,12200,11950,12050,21229,0.008368200836819994
2022-02-10,12150,12200,11950,12100,27837,0.004149377593360981
2022-02-11,11950,12700,11900,12600,207214,0.04132231404958686
2022-02-14,12500,13050,12200,12200,350105,-0.031746031746031744
2022-02-15,12400,13100,12250,12450,501744,0.020491803278688492
2022-02-16,12250,12350,11650,12250,122860,-0.016064257028112428
2022-02-17,12250,12500,12050,12150,80838,-0.008163265306122436
2022-02-18,11850,12350,11850,12200,69575,0.004115226337448652
2022-02-21,12250,12550,12250,12250,83986,0.004098360655737654
2022-02-22,12350,12800,12050,12400,228564,0.012244897959183598
2022-02-23,12550,12700,12300,12400,87020,0.0
2022-02-24,12500,12700,12200,12600,176353,0.016129032258064502
2022-02-25,12600,12700,12300,12550,119610,-0.003968253968253954
2022-02-28,12550,12550,12250,12400,51486,-0.01195219123505975
2022-03-02,12700,13000,12600,12850,209206,0.03629032258064524
2022-03-03,12900,12950,12600,12750,83722,-0.0077821011673151474
2022-03-04,12800,14050,12750,13100,1316611,0.027450980392156765
2022-03-07,13600,13950,13200,13600,568641,0.03816793893129766
2022-03-08,13400,13750,12750,12850,275960,-0.05514705882352944
2022-03-10,12800,12850,12400,12650,92627,-0.015564202334630295
2022-03-11,12800,13000,12500,12700,124571,0.0039525691699604515
2022-03-14,12800,13250,12750,12800,119684,0.007874015748031482
2022-03-15,12850,12950,12650,12650,68244,-0.01171875
2022-03-16,12750,12800,12550,12650,57972,0.0
2022-03-17,12700,12900,12600,12750,55596,0.007905138339920903
2022-03-18,12800,13100,12700,12850,63847,0.007843137254901933
2022-03-21,12950,13400,12750,13350,226879,0.03891050583657596
2022-03-22,13750,13950,13400,13650,593343,0.022471910112359605
2022-03-23,13650,13800,13450,13650,181262,0.0
2022-03-24,13800,13950,13650,13750,177774,0.0073260073260073
2022-03-25,13700,14350,13350,13650,396556,-0.0072727272727273196
2022-03-28,13800,13800,13450,13650,88319,0.0
2022-03-29,13650,13700,13300,13500,88400,-0.01098901098901095
2022-03-30,13350,13450,13250,13300,76895,-0.014814814814814836
2022-03-31,13400,13650,13350,13400,78103,0.007518796992481258
2022-04-01,13400,13550,13300,13450,64096,0.003731343283582156
2022-04-04,13450,13550,13300,13500,52917,0.0037174721189590088
2022-04-05,13750,13800,13500,13600,85100,0.007407407407407307
2022-04-06,13600,13650,13400,13550,39821,-0.003676470588235281
2022-04-07,13400,13650,13350,13450,49932,-0.0073800738007380184
2022-04-08,13450,13600,13250,13350,52319,-0.0074349442379182396
2022-04-11,13400,14000,13350,13850,251200,0.03745318352059934
2022-04-12,13800,13800,13300,13600,132008,-0.018050541516245522
2022-04-13,13950,14300,13700,13950,316315,0.025735294117646967
2022-04-14,13950,14400,13850,14000,323455,0.0035842293906809264
2022-04-15,14000,14300,13950,14250,170090,0.017857142857142794
2022-04-18,14150,14700,14050,14700,286398,0.03157894736842115
2022-04-19,14600,14850,14250,14550,269693,-0.010204081632653073
2022-04-20,14550,14550,14350,14350,114180,-0.013745704467353903
2022-04-21,14350,14400,14050,14150,102034,-0.013937282229965153
2022-04-22,14150,14650,14150,14350,248806,0.014134275618374659
2022-04-25,14250,14950,14150,14500,410411,0.010452961672473782
2022-04-26,14700,14750,14250,14450,140987,-0.0034482758620689724
2022-04-27,14350,14800,13950,14150,184008,-0.02076124567474047
2022-04-28,14150,14350,13950,14300,98637,0.010600706713780994
2022-04-29,14300,14300,14050,14100,68417,-0.013986013986013957
2022-05-02,13950,14700,13950,14250,216704,0.010638297872340496
2022-05-03,14400,14750,14150,14700,233323,0.03157894736842115
2022-05-04,14500,14550,14200,14200,110397,-0.03401360544217691
2022-05-06,14050,14400,13950,14100,77150,-0.007042253521126751
2022-05-09,14050,14200,13450,13500,100631,-0.04255319148936165
2022-05-10,13300,13550,12750,13150,119703,-0.025925925925925908
2022-05-11,13050,13450,13000,13050,38846,-0.0076045627376425395
2022-05-12,12950,13050,12550,12650,66526,-0.03065134099616862
2022-05-13,12600,12800,12500,12750,52331,0.007905138339920903
2022-05-16,13000,15200,12850,13900,1493423,0.09019607843137245
2022-05-17,14000,14150,13600,13700,211969,-0.014388489208633115
2022-05-18,13500,14050,13400,13550,161166,-0.010948905109489093
2022-05-19,13100,13450,13050,13150,113419,-0.029520295202952074
2022-05-20,13150,13400,13050,13200,55433,0.0038022813688212143
2022-05-23,13100,13200,12800,12900,71494,-0.022727272727272707
2022-05-24,13000,13050,12750,12800,39743,-0.007751937984496138
2022-05-25,12800,13200,12700,12950,35823,0.01171875
2022-05-26,12950,13150,12850,12950,58858,0.0
2022-05-27,13000,13650,13000,13250,166396,0.02316602316602312
2022-05-30,13400,13600,13300,13600,98677,0.026415094339622636
2022-05-31,13600,13650,13400,13500,49834,-0.007352941176470562
2022-06-02,13500,13600,13250,13500,54908,0.0
2022-06-03,13500,13600,13350,13350,35157,-0.011111111111111072
2022-06-07,13450,13600,13150,13500,74680,0.011235955056179803
2022-06-08,13400,13550,13350,13400,50104,-0.007407407407407418
2022-06-09,13400,13400,13150,13250,55602,-0.011194029850746245
2022-06-10,13250,13650,13150,13500,99028,0.018867924528301883
2022-06-13,13300,13600,13100,13350,138505,-0.011111111111111072
2022-06-14,13200,13500,12500,12650,141709,-0.05243445692883897
2022-06-15,12500,12900,12000,12100,104026,-0.04347826086956519
2022-06-16,12150,12550,12050,12050,59417,-0.004132231404958664
2022-06-17,11850,12250,11550,11950,118336,-0.008298755186721962
2022-06-20,11900,12000,11200,11300,93988,-0.05439330543933052
2022-06-21,12200,12950,11500,11700,459437,0.03539823008849563
2022-06-22,12150,12600,11900,12150,342863,0.03846153846153855
2022-06-23,11900,12050,10950,10950,184430,-0.09876543209876543
2022-06-24,10750,11150,10750,11100,113658,0.013698630136986356
2022-06-27,11100,11450,11050,11350,71916,0.022522522522522515
2022-06-28,11350,11450,11200,11300,37829,-0.004405286343612369
2022-06-29,11100,11300,11100,11150,38304,-0.013274336283185861
2022-06-30,11350,11450,11150,11150,73151,0.0
2022-07-01,11600,11600,10750,10850,83897,-0.026905829596412523
2022-07-04,10900,10900,10450,10600,56233,-0.02304147465437789
2022-07-05,10500,10850,10500,10750,29124,0.014150943396226356
2022-07-06,10650,10750,10500,10550,32387,-0.018604651162790753
2022-07-07,10600,10750,10550,10750,30915,0.018957345971563955
2022-07-08,10750,11000,10750,10850,33476,0.009302325581395321
2022-07-11,10900,10900,10700,10850,26092,0.0
2022-07-12,10750,10800,10450,10550,37889,-0.027649769585253448
2022-07-13,10600,10650,10400,10550,45756,0.0
2022-07-14,10700,10900,10650,10800,43906,0.023696682464454888
2022-07-15,10800,10800,10500,10700,18853,-0.0092592592592593
2022-07-18,10650,10900,10650,10800,34205,0.009345794392523255
2022-07-19,10750,10950,10750,10850,25938,0.004629629629629539
2022-07-20,11050,11050,10900,10950,36115,0.009216589861751112
2022-07-21,11050,11050,10900,10950,31037,0.0
2022-07-22,10950,11050,10850,10900,29099,-0.004566210045662156
2022-07-25,10900,11000,10850,10950,24665,0.004587155963302836
2022-07-26,10950,11150,10900,11100,51658,0.013698630136986356
2022-07-27,11050,11050,10900,11000,15610,-0.009009009009009028
2022-07-28,11050,11200,11000,11100,26833,0.009090909090909038
2022-07-29,11100,11200,11050,11150,31699,0.0045045045045044585
2022-08-01,11250,11450,11150,11400,59454,0.022421524663677195
2022-08-02,11500,11500,11200,11250,23637,-0.013157894736842146
2022-08-03,11150,11300,11100,11250,29726,0.0
2022-08-04,11250,11300,11050,11100,32371,-0.013333333333333308
2022-08-05,11150,11250,11100,11150,21408,0.0045045045045044585
2022-08-08,11150,11300,11000,11300,37984,0.013452914798206317
2022-08-09,11850,11900,11400,11400,127473,0.008849557522123908
2022-08-10,11600,11800,11600,11650,114010,0.021929824561403466
2022-08-11,11800,12000,11600,12000,116955,0.030042918454935563
2022-08-12,11900,12050,11750,11850,77942,-0.012499999999999956
2022-08-16,11950,12050,11700,11700,80051,-0.012658227848101222
2022-08-17,11650,11850,11400,11550,97358,-0.012820512820512775
2022-08-18,11500,11700,11400,11550,49692,0.0
2022-08-19,11550,11750,11400,11450,52337,-0.008658008658008698
2022-08-22,11400,11800,11400,11600,114254,0.013100436681222627
2022-08-23,11650,11800,11150,11300,99177,-0.025862068965517238
2022-08-24,11450,11450,11150,11250,38236,-0.004424778761061954
2022-08-25,11250,11700,11250,11600,67691,0.03111111111111109
2022-08-26,11700,12400,11650,11850,344011,0.02155172413793105
2022-08-29,11600,11850,11450,11550,60458,-0.025316455696202556
2022-08-30,11750,11750,11350,11550,75017,0.0
2022-08-31,11500,11550,11350,11500,31765,-0.0043290043290042934
2022-09-01,11500,11500,10950,10950,85814,-0.047826086956521685
2022-09-02,11150,11550,10850,11550,155290,0.0547945205479452
2022-09-05,12000,12000,11450,11550,181379,0.0
2022-09-06,11400,11400,10900,11000,146035,-0.04761904761904767
2022-09-07,10950,10950,10500,10550,83411,-0.040909090909090895
2022-09-08,10600,10800,10550,10550,54035,0.0
2022-09-13,10700,10950,10650,10900,57556,0.033175355450236976
2022-09-14,10500,10750,10500,10700,27958,-0.01834862385321101
2022-09-15,10700,10850,10650,10750,25601,0.004672897196261738
2022-09-16,10650,10800,10500,10550,44652,-0.018604651162790753
2022-09-19,10500,10650,10200,10250,48539,-0.028436018957345932
2022-09-20,10350,10400,10200,10250,36965,0.0
2022-09-21,10200,10300,10000,10150,60587,-0.009756097560975618
2022-09-22,9960,10450,9920,10200,115344,0.0049261083743843415
2022-09-23,10100,10250,9870,9980,57396,-0.021568627450980427
2022-09-26,9960,9960,9210,9220,92300,-0.0761523046092184
2022-09-27,9020,9290,8990,9140,63598,-0.008676789587852451
2022-09-28,9050,9320,8870,8870,46168,-0.029540481400437635
2022-09-29,9010,9110,8930,8930,23405,0.006764374295377573
2022-09-30,8710,9000,8710,8950,29136,0.002239641657334923
2022-10-04,9300,9300,9060,9160,10953,0.02346368715083802
2022-10-05,9250,9300,9050,9130,16116,-0.0032751091703057122
2022-10-06,9150,9270,9150,9210,11366,0.008762322015334112
2022-10-07,9240,9240,9050,9190,9925,-0.0021715526601520097
2022-10-11,9150,9150,8830,8880,22848,-0.03373231773667029
2022-10-12,8850,8940,8750,8900,22071,0.0022522522522523403
2022-10-13,8800,8900,8540,8540,29010,-0.04044943820224722
2022-10-14,8660,8820,8660,8740,13008,0.023419203747072626
2022-10-17,8610,8790,8610,8730,13823,-0.0011441647597254523
2022-10-18,8840,8980,8820,8930,12656,0.02290950744558984
2022-10-19,9000,9120,8960,9060,9439,0.014557670772676445
2022-10-20,9000,9130,9000,9070,4462,0.001103752759381793
2022-10-21,9070,9070,8940,8950,6037,-0.013230429988974612
2022-10-24,8980,9100,8950,9090,11016,0.015642458100558754
2022-10-25,9100,9130,8910,8910,9079,-0.01980198019801982
2022-10-26,8990,8990,8800,8820,17792,-0.010101010101010055
2022-10-27,8830,8990,8830,8940,13888,0.013605442176870763
2022-10-28,8990,9230,8980,9020,17865,0.008948545861297452
2022-10-31,9280,9320,9150,9190,29890,0.018847006651884657
2022-11-01,9130,9330,9120,9300,15791,0.01196953210010876
2022-11-02,9290,9320,9210,9300,6266,0.0
2022-11-03,9110,9300,9110,9250,7047,-0.005376344086021501
2022-11-04,9170,9320,9170,9210,6146,-0.00432432432432428
2022-11-07,9210,9390,9210,9280,17484,0.007600434310532034
2022-11-08,9300,9400,9220,9400,19732,0.012931034482758674
2022-11-09,9400,9470,9400,9460,22801,0.006382978723404209
2022-11-10,9460,9480,9320,9430,15399,-0.003171247357293905
2022-11-11,9580,9590,9470,9530,20267,0.010604453870625585
2022-11-14,9530,9620,9400,9600,23087,0.007345225603357708
2022-11-15,9530,9830,9530,9800,30032,0.02083333333333326
2022-11-16,9790,10150,9760,10050,51381,0.025510204081632626
2022-11-17,10050,10050,9910,9990,14234,-0.005970149253731294
2022-11-18,9990,10100,9920,9970,18364,-0.002002002002001957
2022-11-21,9970,9970,9400,9780,26235,-0.01905717151454367
2022-11-22,9770,9780,9600,9660,10225,-0.012269938650306789
2022-11-23,9670,9850,9670,9820,8230,0.016563146997929712
2022-11-24,9820,9880,9800,9880,7558,0.006109979633401208
2022-11-25,9880,9950,9850,9880,8986,0.0
2022-11-28,9880,12300,9650,10100,840003,0.022267206477732726
2022-11-29,10100,10350,9960,10050,132865,-0.004950495049504955
2022-11-30,10050,10400,9980,10150,64717,0.00995024875621886
2022-12-01,10300,10450,10250,10300,35052,0.014778325123152802
2022-12-02,10300,10350,10150,10300,23185,0.0
2022-12-05,10300,10350,10150,10250,17938,-0.004854368932038833
2022-12-06,10150,10250,10000,10050,25456,-0.019512195121951237
2022-12-07,10000,10250,10000,10150,18803,0.00995024875621886
2022-12-08,10150,10200,10000,10050,20881,-0.009852216748768461
2022-12-09,10050,10500,10000,10500,61204,0.04477611940298498
2022-12-12,10550,10650,10400,10550,22001,0.004761904761904745
2022-12-13,10600,10600,10450,10550,18887,0.0
2022-12-14,10550,10650,10450,10600,15748,0.004739336492890933
2022-12-15,10550,10700,10450,10600,24209,0.0
2022-12-16,10450,10550,10350,10550,12162,-0.004716981132075526
2022-12-19,10550,10600,10300,10500,12585,-0.004739336492891044
2022-12-20,10350,10450,10200,10400,17486,-0.00952380952380949
2022-12-21,10400,10400,10150,10250,19829,-0.014423076923076872
2022-12-22,10250,10500,10250,10450,13306,0.019512195121951237
2022-12-23,10350,10450,10300,10400,14159,-0.004784688995215336
2022-12-26,10400,10400,10250,10300,19797,-0.009615384615384581
2022-12-27,10300,10500,10300,10450,21080,0.014563106796116498
2022-12-28,10350,10400,10200,10350,12300,-0.009569377990430672
2022-12-29,10250,10350,10000,10100,27707,-0.024154589371980673
2023-01-02,10000,10250,9760,9850,38352,-0.024752475247524774
2023-01-03,9760,9950,9560,9950,25635,0.010152284263959421
2023-01-04,9900,10100,9850,10000,11141,0.005025125628140614
2023-01-05,10100,10200,10050,10150,11125,0.014999999999999902
2023-01-06,10100,10350,10100,10250,13796,0.009852216748768461
2023-01-09,10250,10500,10250,10400,17675,0.014634146341463428
2023-01-10,10450,10500,10300,10400,10004,0.0
2023-01-11,10400,10500,10300,10400,15067,0.0
2023-01-12,10450,10600,10350,10550,22467,0.014423076923076872
2023-01-13,10550,10600,10400,10600,15210,0.004739336492890933
2023-01-16,10650,10700,10550,10700,29026,0.009433962264151052
2023-01-17,10750,10750,10550,10700,17992,0.0
2023-01-18,10700,10700,10500,10600,11050,-0.009345794392523366
2023-01-19,10500,10600,10450,10550,21842,-0.004716981132075526
2023-01-20,10500,10700,10450,10650,21741,0.009478672985782088
2023-01-25,10650,10740,10600,10690,14362,0.00375586854460086
2023-01-26,10680,10750,10610,10700,14761,0.00093545369504211
2023-01-27,10710,10800,10690,10770,30427,0.006542056074766434
2023-01-30,10730,10840,10720,10770,19369,0.0
2023-01-31,10770,10900,10710,10900,40512,0.0120705663881151
2023-02-01,10870,10940,10730,10870,49277,-0.0027522935779816793
2023-02-02,10930,10930,10810,10850,22638,-0.0018399264029438367
2023-02-03,10850,10900,10810,10870,11826,0.0018433179723502668
2023-02-06,10870,10950,10810,10900,18829,0.002759889604415866
2023-02-07,10860,10940,10850,10900,11924,0.0
2023-02-08,10940,10940,10870,10920,11602,0.0018348623853210455
2023-02-09,10830,10950,10760,10780,32146,-0.012820512820512775
2023-02-10,10800,10800,10500,10630,29536,-0.013914656771799594
2023-02-13,10630,10840,10540,10830,17270,0.01881467544684856
2023-02-14,10780,10850,10740,10800,12334,-0.0027700831024930483
2023-02-15,10880,10880,10640,10770,30254,-0.002777777777777768
2023-02-16,10740,10850,10730,10800,24758,0.0027855153203342198
2023-02-17,10800,10830,10730,10800,9919,0.0
2023-02-20,10800,10850,10780,10830,14295,0.002777777777777768
2023-02-21,10870,11170,10840,11110,50906,0.025854108956602007
2023-02-22,11100,11200,10910,11010,29824,-0.009000900090008979
2023-02-23,11010,11010,10850,11000,12476,-0.0009082652134423386
2023-02-24,11050,11050,10710,10810,23448,-0.017272727272727217
2023-02-27,10810,10810,10500,10660,18204,-0.013876040703052706
2023-02-28,10650,10800,10630,10800,9383,0.013133208255159401
2023-03-02,10750,10880,10710,10780,11463,-0.0018518518518518823
2023-03-03,10780,10830,10720,10780,14315,0.0
2023-03-06,10760,11030,10660,10750,19569,-0.002782931354359919
2023-03-07,10750,10970,10680,10850,71150,0.009302325581395321
2023-03-08,10850,10850,10650,10730,26609,-0.011059907834101379
2023-03-09,10730,10730,10570,10670,17890,-0.005591798695246952
2023-03-10,10600,10610,10340,10380,34392,-0.027179006560449914
2023-03-13,10280,10360,9950,10240,30680,-0.013487475915221592
2023-03-14,10050,10160,9890,9900,36370,-0.033203125
2023-03-15,9990,10150,9940,10030,12728,0.013131313131313105
2023-03-16,9930,9990,9810,9900,16935,-0.012961116650049842
2023-03-17,9920,10090,9920,10050,9905,0.015151515151515138
2023-03-20,10050,10080,9950,10080,4562,0.0029850746268655914
2023-03-21,10080,10150,10020,10090,3404,0.0009920634920634885
2023-03-22,10150,10150,9910,10010,21217,-0.007928642220019877
2023-03-23,10050,10050,9840,9920,20954,-0.00899100899100902
2023-03-24,9930,10000,9880,9970,9723,0.00504032258064524
2023-03-27,9920,9970,9870,9900,9570,-0.007021063189568744
2023-03-28,9900,10100,9500,10030,35175,0.013131313131313105
2023-03-29,10020,10080,9980,10050,8916,0.001994017946161497
2023-03-30,10070,10180,9990,10180,15509,0.012935323383084674
2023-03-31,10180,10210,10100,10150,19217,-0.0029469548133594925
2023-04-03,10160,10240,10150,10210,16555,0.005911330049261032
2023-04-04,10210,10360,10190,10260,16457,0.004897159647404559
2023-04-05,10200,10330,10190,10260,19490,0.0
2023-04-06,10260,10260,10070,10160,14719,-0.00974658869395717
2023-04-07,10160,10200,10090,10130,16157,-0.0029527559055118058
2023-04-10,10140,10140,9930,9970,22167,-0.015794669299111552
2023-04-11,10070,10100,9910,10090,17198,0.012036108324974926
2023-04-12,10050,10180,10050,10080,15462,-0.0009910802775024985
2023-04-13,10180,10240,10020,10170,23977,0.008928571428571397
2023-04-14,10190,10270,10100,10240,13928,0.0068829891838742
2023-04-17,10200,10290,10140,10220,10052,-0.001953125
2023-04-18,10130,10220,10100,10100,32319,-0.011741682974559686
2023-04-19,10200,10240,10070,10180,22827,0.007920792079207928
2023-04-20,10100,10440,10100,10330,42498,0.014734774066797574
2023-04-21,10430,10840,10370,10530,121018,0.019361084220716362
2023-04-24,10540,10540,10270,10390,28209,-0.013295346628679927
2023-04-25,10390,10450,10140,10230,24012,-0.015399422521655493
2023-04-26,10170,10350,10110,10190,22577,-0.003910068426197455
2023-04-27,10120,10190,10070,10070,15016,-0.011776251226692791
2023-04-28,10050,10110,9980,10070,21414,0.0
2023-05-02,10080,10170,10060,10110,9910,0.003972194637537285
2023-05-03,10000,10260,10000,10230,16833,0.011869436201780381
2023-05-04,10230,10250,10140,10170,15277,-0.0058651026392961825
2023-05-08,10200,10350,10150,10290,19044,0.01179941002949847
2023-05-09,10200,10360,10200,10320,15146,0.00291545189504383
2023-05-10,10270,10480,10260,10360,18119,0.003875968992248069
2023-05-11,10360,10440,10340,10390,12405,0.0028957528957529455
2023-05-12,10390,10470,10180,10180,14191,-0.0202117420596728
2023-05-15,10180,10260,10090,10150,12653,-0.0029469548133594925
2023-05-16,10160,10300,10160,10300,15052,0.014778325123152802
2023-05-17,10300,10400,10260,10340,32126,0.003883495145631022
2023-05-18,10340,10430,10320,10340,16045,0.0
2023-05-19,10450,10540,10400,10530,38742,0.01837524177949712
2023-05-22,10600,10740,10550,10690,40995,0.015194681861348425
2023-05-23,10700,10780,10600,10700,32771,0.00093545369504211
2023-05-24,10750,10790,10580,10740,27442,0.0037383177570093906
2023-05-25,10610,10770,10570,10640,17782,-0.009310986964618295
2023-05-26,10640,10730,10490,10530,29383,-0.010338345864661647
2023-05-30,10500,10600,10470,10500,15846,-0.002849002849002802
2023-05-31,10500,10610,10470,10500,22889,0.0
2023-06-01,10500,10520,10430,10440,20884,-0.005714285714285672
2023-06-02,10400,10500,10400,10430,12294,-0.0009578544061302763
2023-06-05,10430,10540,10400,10490,13099,0.0057526366251199335
2023-06-07,10550,10610,10490,10550,26241,0.0057197330791229906
2023-06-08,10650,10860,10610,10630,58344,0.007582938388625671
2023-06-09,10730,10780,10460,10490,66820,-0.013170272812793926
2023-06-12,10490,10570,10450,10500,14797,0.0009532888465204614
2023-06-13,10480,10610,10480,10530,16431,0.0028571428571428914
2023-06-14,10540,10540,10390,10470,24350,-0.005698005698005715
2023-06-15,10470,10600,10370,10400,22277,-0.006685768863419317
2023-06-16,10390,10620,10390,10600,20304,0.019230769230769162
2023-06-19,10740,10750,10560,10710,19874,0.01037735849056598
2023-06-20,10710,10900,10550,10670,40804,-0.0037348272642390157
2023-06-21,10700,10900,10640,10780,36907,0.010309278350515427
2023-06-22,10840,10840,10670,10770,21879,-0.0009276437847866026
2023-06-23,10820,10820,10570,10650,40778,-0.011142061281337101
2023-06-26,10800,10800,10600,10780,30641,0.012206572769952961
2023-06-27,10780,10800,10650,10670,16901,-0.010204081632653073
2023-06-28,10680,10710,10550,10580,15734,-0.008434864104967188
2023-06-29,10590,10610,10420,10470,23499,-0.010396975425330801
2023-06-30,10500,10500,10390,10420,17575,-0.0047755491881565915
2023-07-03,10420,10500,10370,10450,25343,0.0028790786948176272
2023-07-04,10540,10540,10300,10390,28611,-0.005741626794258381
2023-07-05,10320,10380,10010,10080,55280,-0.029836381135707413
2023-07-06,10050,10120,9870,9930,30649,-0.014880952380952328
2023-07-07,9900,9900,9600,9810,28196,-0.012084592145015116
2023-07-10,9720,9940,9700,9910,16445,0.010193679918450549
2023-07-11,9910,9960,9810,9940,13600,0.003027245206861817
2023-07-12,9960,10080,9810,10070,22073,0.013078470824949617
2023-07-13,10080,10190,9970,10190,17435,0.011916583912611634
2023-07-14,10200,10200,10010,10070,15867,-0.011776251226692791
2023-07-17,10400,12530,10350,11800,5849906,0.17179741807348559
2023-07-18,11790,12200,11030,11160,949133,-0.05423728813559325
2023-07-19,11160,11160,10700,10780,334332,-0.03405017921146958
2023-07-20,11000,11190,10850,10850,366995,0.006493506493506551
2023-07-21,10680,11120,10660,10940,221260,0.008294930875575979
2023-07-24,10900,10940,10430,10500,207178,-0.04021937842778789
2023-07-25,10600,10850,10470,10840,153041,0.0323809523809524
2023-07-26,10890,10890,9590,9900,416538,-0.08671586715867163
2023-07-27,9860,10050,9800,9940,68071,0.004040404040404066
2023-07-28,9850,10060,9810,10030,37494,0.0090543259557343
2023-07-31,10040,10120,9980,10030,51578,0.0
2023-08-01,10080,10270,9990,10260,48551,0.022931206380857327
2023-08-02,10210,10220,9950,9990,74248,-0.02631578947368418
2023-08-03,9930,10160,9880,10110,59070,0.012012012012011963
2023-08-04,10110,10410,10050,10410,57259,0.029673590504450953
2023-08-07,10550,10760,10430,10760,161560,0.03362151777137368
2023-08-08,10770,10870,10490,10630,102926,-0.012081784386617112
2023-08-09,10850,11060,10520,11050,210113,0.03951081843838189
2023-08-10,10840,10840,10310,10350,213482,-0.06334841628959276
2023-08-11,10400,10400,10090,10210,92958,-0.01352657004830915
2023-08-14,10250,10250,9950,10070,89610,-0.013712047012732653
2023-08-16,10010,10130,9810,9960,64091,-0.010923535253227423
2023-08-17,9850,9960,9700,9940,45595,-0.002008032128514081
2023-08-18,9760,9980,9740,9950,33554,0.001006036217303885
2023-08-21,9900,10000,9850,9920,34596,-0.0030150753768843908
2023-08-22,9920,10050,9880,10010,25191,0.009072580645161255
2023-08-23,10010,10010,9840,9940,36179,-0.006993006993006978
2023-08-24,9900,9950,9850,9940,33607,0.0
2023-08-25,9880,9940,9850,9940,19358,0.0
2023-08-28,9980,10070,9820,9960,27692,0.002012072434607548
2023-08-29,9960,10040,9920,10020,20048,0.006024096385542244
2023-08-30,10070,10070,9980,9990,21323,-0.0029940119760478723
2023-08-31,9990,9990,9890,9910,20791,-0.00800800800800805
2023-09-01,9950,9950,9840,9880,25277,-0.003027245206861706
2023-09-04,9880,9890,9790,9870,21932,-0.0010121457489878916
2023-09-05,9870,9930,9820,9910,21983,0.004052684903748771
2023-09-06,9930,9930,9810,9850,23310,-0.006054490413723523
2023-09-07,9810,9860,9720,9730,97255,-0.012182741116751217
2023-09-08,11700,11920,9990,10000,2102503,0.027749229188078095
2023-09-11,10120,10120,9870,10020,182614,0.0020000000000000018
2023-09-12,10020,10030,9890,9890,115781,-0.012974051896207595
2023-09-13,9850,10650,9850,10040,783161,0.015166835187057526
2023-09-14,10030,10090,9920,10030,74306,-0.0009960159362549792
2023-09-15,10030,10170,9990,10050,72451,0.001994017946161497
2023-09-18,10120,10220,10040,10050,66586,0.0
2023-09-19,10070,10110,9920,9990,72214,-0.005970149253731294
2023-09-20,9960,10020,9940,9980,32206,-0.0010010010010009784
2023-09-21,9980,10010,9850,9860,69053,-0.012024048096192397
2023-09-22,9840,9920,9760,9850,37931,-0.0010141987829614951
2023-09-25,9810,9900,9720,9740,35332,-0.011167512690355319
2023-09-26,9730,9760,9580,9580,50128,-0.01642710472279263
2023-09-27,9440,9680,9440,9670,14767,0.009394572025052117
2023-10-04,9580,9670,9330,9340,41326,-0.03412616339193386
2023-10-05,9520,9520,9330,9340,21624,0.0
2023-10-06,9210,9560,9210,9400,27201,0.0064239828693790635
2023-10-10,9320,9620,9320,9450,25133,0.005319148936170137
2023-10-11,9400,9560,9390,9490,12645,0.004232804232804144
2023-10-12,9540,9580,9430,9580,8581,0.0094836670179137
2023-10-13,9580,9860,9490,9640,26754,0.006263048016701411
2023-10-16,9780,9780,9500,9650,20981,0.0010373443983402453
2023-10-17,9570,9740,9510,9590,19790,-0.006217616580310836
2023-10-18,9470,9570,9470,9540,19242,-0.005213764337851923
2023-10-19,9470,9530,9290,9470,30607,-0.007337526205450695
2023-10-20,9300,9370,9220,9340,22574,-0.01372756071805703
2023-10-23,9170,9330,9170,9190,22636,-0.016059957173447548
2023-10-24,9190,9360,9100,9360,26931,0.018498367791077275
2023-10-25,9360,10640,9340,9480,1722463,0.012820512820512775
2023-10-26,9370,9390,9210,9220,92282,-0.02742616033755274
2023-10-27,9190,9500,9120,9220,87251,0.0
2023-10-30,9130,9300,9130,9290,25843,0.00759219088937102
2023-10-31,9350,9830,9340,9420,148220,0.013993541442411273
2023-11-01,9440,9510,9330,9400,37752,-0.002123142250530785
2023-11-02,9400,9580,9400,9550,43426,0.015957446808510634
2023-11-03,9550,9580,9450,9550,40016,0.0
2023-11-06,9590,9670,9510,9620,41467,0.00732984293193728
2023-11-07,9900,12500,9760,12500,5568613,0.2993762993762994
2023-11-08,13600,13910,12250,12510,7509278,0.0007999999999999119
2023-11-09,12740,13760,12050,13340,11596017,0.06634692246203033
2023-11-10,13370,16150,13160,13350,16195903,0.0007496251874063997
2023-11-13,13310,14070,12230,12430,3907465,-0.06891385767790259
2023-11-14,12540,13880,12530,13250,7218717,0.06596942880128731
2023-11-15,13040,14100,12810,13590,3931001,0.02566037735849047
2023-11-16,13310,13730,13070,13190,890144,-0.02943340691685059
2023-11-17,12900,13510,12540,12540,864735,-0.04927975739196366
2023-11-20,12330,12400,11650,12030,603931,-0.04066985645933019
2023-11-21,11940,12020,11610,11910,327388,-0.009975062344139696
2023-11-22,11850,12220,11350,11470,501041,-0.03694374475230899
2023-11-23,11470,11710,11150,11200,352052,-0.023539668700959027
2023-11-24,11110,11260,10870,11150,231855,-0.004464285714285698
2023-11-27,11210,11400,10900,10960,181815,-0.01704035874439458
2023-11-28,11020,11260,10700,10750,256953,-0.019160583941605802
2023-11-29,10750,10780,10320,10400,340770,-0.032558139534883734
2023-11-30,10450,10470,10280,10450,108169,0.004807692307692291
2023-12-01,10330,10440,10210,10300,118765,-0.014354066985645897
2023-12-04,10700,10720,10230,10400,300094,0.009708737864077666
2023-12-05,10560,10650,10090,10110,371652,-0.027884615384615397
2023-12-06,10130,10220,10070,10160,111871,0.004945598417408492
2023-12-07,10160,10220,10030,10090,111814,-0.006889763779527547
2023-12-08,10400,10780,10130,10200,706125,0.01090188305252715
2023-12-11,10200,10310,10130,10190,105269,-0.0009803921568627416
2023-12-12,10230,10230,10080,10190,71382,0.0
2023-12-13,10140,10190,10000,10010,106522,-0.017664376840039298
2023-12-14,10050,10090,9870,9930,121210,-0.007992007992007943
2023-12-15,9910,10070,9910,10030,69022,0.010070493454179319
2023-12-18,10050,10130,9990,10080,48786,0.004985044865403854
2023-12-19,10080,10210,10010,10210,64527,0.012896825396825351
2023-12-20,10230,10230,10140,10180,44650,-0.002938295788442735
2023-12-21,10150,10240,10100,10240,81101,0.005893909626718985
2023-12-22,10250,10260,10100,10150,69172,-0.0087890625
2023-12-26,10150,10270,10080,10260,93420,0.010837438423645374
2023-12-27,10240,10240,10080,10120,69848,-0.013645224171540016
2023-12-28,10120,10210,10050,10170,40671,0.004940711462450675
2024-01-02,10170,10290,10170,10250,45804,0.007866273352999054
2024-01-03,10160,10270,10160,10220,43105,-0.0029268292682926855
2024-01-04,10210,10390,10140,10220,85149,0.0
2024-01-05,10250,10290,10140,10160,61693,-0.005870841487279899
