Date,Open,High,Low,Close,Volume,Change
2022-01-03,32850,32850,30750,30850,186477,-0.04636785162287482
2022-01-04,30900,32650,30850,31950,137342,0.03565640194489461
2022-01-05,32050,32900,30850,32750,208273,0.025039123630672844
2022-01-06,32200,35300,32000,34200,484792,0.04427480916030535
2022-01-07,34400,35250,33950,34800,257781,0.01754385964912286
2022-01-10,35300,36750,34350,34500,307203,-0.008620689655172376
2022-01-11,37600,37700,34200,34800,406125,0.008695652173912993
2022-01-12,34800,35400,32650,33000,226784,-0.051724137931034475
2022-01-13,33000,33300,31600,31850,187770,-0.034848484848484795
2022-01-14,31300,32850,31250,32100,130669,0.007849293563579218
2022-01-17,31800,31900,30300,30900,130217,-0.03738317757009346
2022-01-18,30800,32100,30000,30100,94710,-0.02588996763754048
2022-01-19,29300,30150,29100,29300,87075,-0.02657807308970095
2022-01-20,29450,30400,29350,30400,48113,0.03754266211604085
2022-01-21,29950,30350,29000,29350,86634,-0.03453947368421051
2022-01-24,29350,29650,28500,28850,78775,-0.017035775127768327
2022-01-25,29000,29200,27800,27900,143526,-0.032928942807625705
2022-01-26,28100,28700,27500,28100,97032,0.007168458781362075
2022-01-27,28400,28900,26350,26350,217045,-0.06227758007117434
2022-01-28,26550,28150,26300,28000,101424,0.06261859582542684
2022-02-03,28450,28950,27950,28650,59801,0.023214285714285632
2022-02-04,28650,29600,28550,28850,43237,0.00698080279232105
2022-02-07,28900,29000,27950,28000,57595,-0.029462738301559765
2022-02-08,28000,28250,26800,27050,129153,-0.03392857142857142
2022-02-09,27100,28500,26850,28250,79731,0.0443622920517559
2022-02-10,28000,28500,27250,27700,56416,-0.019469026548672552
2022-02-11,27600,27600,27000,27100,44817,-0.02166064981949456
2022-02-14,26700,27900,26600,27500,52144,0.014760147601476037
2022-02-15,28000,28250,27000,27150,52995,-0.012727272727272698
2022-02-16,27550,28700,24800,25450,632088,-0.06261510128913439
2022-02-17,25700,25900,24650,25100,172675,-0.013752455795677854
2022-02-18,24550,25250,24450,25150,107121,0.0019920318725099584
2022-02-21,24600,24950,24450,24850,135263,-0.011928429423459286
2022-02-22,24350,24600,24150,24200,113794,-0.026156941649899346
2022-02-23,24300,25600,24300,25550,100074,0.05578512396694224
2022-02-24,25100,25250,24500,24700,106191,-0.0332681017612525
2022-02-25,25100,25900,25100,25500,94470,0.03238866396761142
2022-02-28,25550,27750,25500,26750,258046,0.0490196078431373
2022-03-02,26500,27650,26400,27500,95452,0.028037383177569986
2022-03-03,26250,27000,25050,25800,417986,-0.06181818181818177
2022-03-04,25800,25800,24900,25200,127859,-0.023255813953488413
2022-03-07,25600,26950,25400,26700,311726,0.059523809523809534
2022-03-08,26400,26450,25000,25400,289118,-0.048689138576779034
2022-03-10,21150,22650,20500,21600,794166,-0.14960629921259838
2022-03-11,21750,22000,20550,20950,347077,-0.03009259259259256
2022-03-14,20700,21000,20200,20300,189117,-0.031026252983293534
2022-03-15,20000,20700,19750,20100,157825,-0.009852216748768461
2022-03-16,20200,20850,20200,20800,108768,0.03482587064676612
2022-03-17,21000,21550,21000,21350,140331,0.02644230769230771
2022-03-18,21450,21500,20950,21350,78163,0.0
2022-03-21,21500,21950,21450,21550,77517,0.00936768149882905
2022-03-22,21550,21800,21250,21500,71922,-0.002320185614849146
2022-03-23,21800,22400,21500,22200,121471,0.032558139534883734
2022-03-24,22200,22200,21650,21750,94946,-0.020270270270270285
2022-03-25,22000,22550,21700,22150,102670,0.01839080459770126
2022-03-28,22150,22150,21650,21650,75145,-0.02257336343115124
2022-03-29,21700,22300,21700,22050,69409,0.018475750577367167
2022-03-30,21950,22550,21950,22550,93817,0.0226757369614512
2022-03-31,23800,25400,23400,25300,838502,0.12195121951219523
2022-04-01,25400,25650,24850,25600,212709,0.011857707509881354
2022-04-04,25500,26150,25050,26000,163107,0.015625
2022-04-05,26000,26350,25700,26250,116216,0.009615384615384581
2022-04-06,26000,26500,25550,25550,135026,-0.026666666666666616
2022-04-07,25300,25800,24900,25600,118413,0.001956947162426559
2022-04-08,25500,26250,25450,26150,120231,0.021484375
2022-04-11,26150,26150,25650,25950,132189,-0.007648183556405397
2022-04-12,25700,26050,25550,26050,96767,0.003853564547206201
2022-04-13,26150,26500,25800,26400,172272,0.013435700575815668
2022-04-14,26400,26500,25650,25650,148859,-0.02840909090909094
2022-04-15,25300,25350,23750,23950,397083,-0.06627680311890838
2022-04-18,24000,24000,22800,23250,131026,-0.029227557411273475
2022-04-19,23150,27650,23150,26500,982065,0.13978494623655924
2022-04-20,26350,26400,24150,24700,388211,-0.06792452830188678
2022-04-21,24500,25500,24350,25150,138961,0.018218623481781382
2022-04-22,24750,25600,24750,24800,150301,-0.013916500994035741
2022-04-25,24800,24800,23900,23900,93890,-0.03629032258064513
2022-04-26,24000,24500,23850,24250,81322,0.014644351464435212
2022-04-27,23750,23800,23000,23350,117457,-0.03711340206185565
2022-04-28,23400,24100,23300,23500,87816,0.0064239828693790635
2022-04-29,23700,24350,23550,24050,60590,0.023404255319148914
2022-05-02,23600,24750,23550,24650,70455,0.02494802494802495
2022-05-03,24650,26300,24300,25800,217291,0.04665314401622722
2022-05-04,26050,26950,25550,26400,177124,0.023255813953488413
2022-05-06,26250,26700,26000,26400,86518,0.0
2022-05-09,26750,26750,24100,26100,166241,-0.011363636363636354
2022-05-10,25700,26500,25050,26000,136260,-0.003831417624521105
2022-05-11,25800,26350,25300,26050,104060,0.0019230769230769162
2022-05-12,25750,25750,24500,24500,124349,-0.05950095969289826
2022-05-13,24450,25250,24450,24850,72917,0.014285714285714235
2022-05-16,25150,25400,24200,24250,82839,-0.024144869215291798
2022-05-17,24300,24300,23600,23850,76470,-0.016494845360824795
2022-05-18,23750,24300,23150,23450,92156,-0.016771488469601636
2022-05-19,22800,23000,21950,22300,163565,-0.049040511727078906
2022-05-20,22900,23400,22400,23050,73459,0.03363228699551568
2022-05-23,23000,23150,22250,22550,67173,-0.021691973969631184
2022-05-24,22600,22650,21500,21700,57158,-0.037694013303769425
2022-05-25,21800,22350,21600,21800,64881,0.004608294930875667
2022-05-26,22100,22400,21500,21800,51821,0.0
2022-05-27,21850,22150,21550,21700,60934,-0.004587155963302725
2022-05-30,22000,22150,21800,21950,66607,0.011520737327188835
2022-05-31,22200,22650,21900,22200,326487,0.011389521640091216
2022-06-02,23150,23450,22500,22550,145707,0.015765765765765716
2022-06-03,22600,22800,22150,22350,65917,-0.008869179600886956
2022-06-07,22100,22150,21100,21250,95866,-0.04921700223713643
2022-06-08,21300,21450,20800,20950,73762,-0.014117647058823568
2022-06-09,20700,20850,20100,20350,118641,-0.02863961813842486
2022-06-10,20000,20650,20000,20050,78318,-0.014742014742014753
2022-06-13,19900,20000,19150,19200,74747,-0.04239401496259354
2022-06-14,18900,19450,18450,19100,98224,-0.00520833333333337
2022-06-15,18700,19250,18050,18300,87620,-0.041884816753926746
2022-06-16,18650,18900,17950,17950,64509,-0.01912568306010931
2022-06-17,17350,17800,17250,17600,95377,-0.01949860724233987
2022-06-20,17600,17900,16700,17250,79030,-0.019886363636363646
2022-06-21,17200,17850,17100,17750,46523,0.02898550724637672
2022-06-22,17700,17900,16450,16500,98194,-0.07042253521126762
2022-06-23,16500,17100,16200,16400,91722,-0.0060606060606061
2022-06-24,16200,17150,16200,17050,50799,0.03963414634146334
2022-06-27,17050,17750,16650,17550,62043,0.029325513196480912
2022-06-28,17800,17800,17000,17400,29685,-0.008547008547008517
2022-06-29,16900,17150,16800,16900,43715,-0.028735632183908066
2022-06-30,16900,16900,16200,16300,40169,-0.035502958579881616
2022-07-01,16550,16700,15800,16000,47185,-0.018404907975460127
2022-07-04,16000,16400,15850,16250,41435,0.015625
2022-07-05,16250,17250,16250,17200,66261,0.058461538461538565
2022-07-06,16800,17200,16500,16550,73933,-0.03779069767441856
2022-07-07,16700,16950,16550,16750,36649,0.012084592145015005
2022-07-08,16800,17400,16750,17000,37000,0.014925373134328401
2022-07-11,17000,17200,16800,17000,29773,0.0
2022-07-12,16850,16850,16200,16250,31890,-0.044117647058823484
2022-07-13,16350,16850,16150,16750,37395,0.03076923076923066
2022-07-14,16350,16750,16300,16550,51774,-0.011940298507462699
2022-07-15,16350,16750,15650,16300,77401,-0.015105740181268867
2022-07-18,16450,17200,16450,17200,59908,0.05521472392638027
2022-07-19,17000,17150,16750,17150,25420,-0.0029069767441860517
2022-07-20,17300,17550,16800,16850,58177,-0.017492711370262426
2022-07-21,16950,17450,16850,17300,62151,0.026706231454005858
2022-07-22,17150,17500,17050,17050,46768,-0.014450867052023142
2022-07-25,17000,17250,16700,16800,28843,-0.014662756598240456
2022-07-26,16750,17250,16700,17050,29837,0.014880952380952328
2022-07-27,17050,17500,17050,17250,23294,0.011730205278592365
2022-07-28,17450,17600,17050,17150,55536,-0.005797101449275366
2022-07-29,17150,17600,17100,17200,42244,0.00291545189504383
2022-08-01,17250,17350,16950,17200,46072,0.0
2022-08-02,17050,18500,16800,18100,154650,0.05232558139534893
2022-08-03,18050,18350,17600,18000,100080,-0.0055248618784530246
2022-08-04,18100,18250,17850,18100,69073,0.005555555555555536
2022-08-05,18100,18450,17900,18400,55393,0.016574585635359185
2022-08-08,18450,18450,18100,18150,52123,-0.013586956521739135
2022-08-09,17900,18200,17600,18100,67268,-0.0027548209366391463
2022-08-10,18200,18200,17400,17500,44045,-0.03314917127071826
2022-08-11,17850,18150,17700,17900,72123,0.02285714285714291
2022-08-12,17850,18100,17600,18000,44467,0.005586592178770999
2022-08-16,18150,18250,17850,17850,31081,-0.008333333333333304
2022-08-17,17900,17950,17050,17150,84476,-0.039215686274509776
2022-08-18,17000,17350,16700,17000,60057,-0.008746355685131157
2022-08-19,17100,17250,16650,16750,52028,-0.014705882352941124
2022-08-22,16750,16750,16350,16450,49847,-0.017910447761193993
2022-08-23,16200,16650,16100,16200,51997,-0.015197568389057725
2022-08-24,16200,16350,15950,16350,58381,0.0092592592592593
2022-08-25,16400,16600,16150,16600,52254,0.015290519877675823
2022-08-26,16750,16750,16350,16400,56869,-0.012048192771084376
2022-08-29,16100,16250,15750,15950,66870,-0.027439024390243927
2022-08-30,15950,16500,15950,16500,73474,0.034482758620689724
2022-08-31,16250,16350,16000,16200,53377,-0.018181818181818188
2022-09-01,16050,16150,15500,15500,71984,-0.043209876543209846
2022-09-02,16300,16300,15850,16000,103004,0.032258064516129004
2022-09-05,16150,16400,15650,15750,73497,-0.015625
2022-09-06,15700,16100,15700,15800,50764,0.0031746031746031633
2022-09-07,15750,17300,15200,15400,657187,-0.025316455696202556
2022-09-08,15500,15900,15350,15400,112132,0.0
2022-09-13,15600,16350,15600,16300,92243,0.05844155844155852
2022-09-14,15600,16200,15600,15950,67299,-0.021472392638036797
2022-09-15,16000,17400,15750,16300,506394,0.021943573667711602
2022-09-16,16350,16550,15950,16100,96615,-0.012269938650306789
2022-09-19,16300,16850,16100,16150,133088,0.0031055900621117516
2022-09-20,16450,17400,16400,17400,257296,0.07739938080495357
2022-09-21,17350,17800,17000,17100,105661,-0.017241379310344862
2022-09-22,16950,17100,16100,16750,143587,-0.020467836257309968
2022-09-23,16450,16750,16250,16500,110186,-0.014925373134328401
2022-09-26,16450,16800,15850,15850,143367,-0.039393939393939426
2022-09-27,16150,16200,15350,15950,107795,0.006309148264984188
2022-09-28,15900,16200,15250,15650,126786,-0.018808777429467072
2022-09-29,16100,16200,15650,15750,57974,0.006389776357827559
2022-09-30,15450,15850,15250,15550,90973,-0.012698412698412653
2022-10-04,15700,16500,15700,16200,92148,0.04180064308681675
2022-10-05,16500,16500,15650,15950,57831,-0.015432098765432056
2022-10-06,15950,16350,15800,16200,59997,0.01567398119122254
2022-10-07,15900,16250,15750,16050,58109,-0.0092592592592593
2022-10-11,15650,15800,15000,15200,99752,-0.052959501557632405
2022-10-12,15050,15450,15000,15150,59039,-0.003289473684210509
2022-10-13,15200,18150,15200,16200,1095257,0.06930693069306937
2022-10-14,16550,16800,15950,16750,316112,0.033950617283950546
2022-10-17,16500,17150,16350,16800,129074,0.0029850746268655914
2022-10-18,16900,17750,16850,17050,208600,0.014880952380952328
2022-10-19,17150,17200,16450,16550,146521,-0.029325513196480912
2022-10-20,16500,16550,15700,15750,122218,-0.048338368580060465
2022-10-21,15650,15650,15250,15300,73925,-0.02857142857142858
2022-10-24,15400,15950,15400,15800,68239,0.03267973856209161
2022-10-25,15800,16000,15650,15650,34504,-0.009493670886076
2022-10-26,15650,15750,15350,15400,48017,-0.015974440894568676
2022-10-27,15450,16350,15400,15800,52257,0.025974025974025983
2022-10-28,15700,16000,15400,15400,57310,-0.025316455696202556
2022-10-31,15750,15750,15250,15500,30328,0.006493506493506551
2022-11-01,15500,15750,15400,15700,25663,0.012903225806451646
2022-11-02,15650,15650,15300,15450,68080,-0.015923566878980888
2022-11-03,15150,15250,14950,15000,99886,-0.029126213592232997
2022-11-04,14950,14950,14400,14500,129431,-0.033333333333333326
2022-11-07,14600,14900,14450,14600,55214,0.006896551724137945
2022-11-08,14850,15500,14800,15300,118720,0.047945205479452024
2022-11-09,15300,15550,15100,15250,67392,-0.0032679738562091387
2022-11-10,15000,15300,14600,14950,122592,-0.01967213114754096
2022-11-11,15400,17600,15400,16900,1230347,0.13043478260869557
2022-11-14,17300,18200,17000,17200,541500,0.01775147928994092
2022-11-15,17250,17700,17250,17550,131635,0.02034883720930236
2022-11-16,17600,17600,17050,17350,93802,-0.01139601139601143
2022-11-17,17300,17750,17000,17500,104064,0.008645533141210304
2022-11-18,17650,19200,17550,18300,445624,0.04571428571428582
2022-11-21,18150,18400,16800,16950,202203,-0.07377049180327866
2022-11-22,17100,17100,16500,16750,77185,-0.01179941002949858
2022-11-23,16800,17500,16800,17350,65854,0.035820895522387985
2022-11-24,17250,17800,17200,17700,51619,0.020172910662824117
2022-11-25,17750,17850,17200,17300,59701,-0.02259887005649719
2022-11-28,17100,17100,16850,17000,54320,-0.017341040462427793
2022-11-29,17050,17600,16950,17500,55341,0.02941176470588225
2022-11-30,17350,17500,17150,17350,42798,-0.008571428571428563
2022-12-01,17650,17950,17400,17650,121209,0.01729106628242083
2022-12-02,17600,17600,17200,17250,57361,-0.022662889518413554
2022-12-05,17250,17900,17250,17750,78133,0.02898550724637672
2022-12-06,17500,18250,17400,17600,88401,-0.008450704225352101
2022-12-07,17600,18850,17600,18700,199548,0.0625
2022-12-08,18700,19000,18250,19000,405591,0.016042780748663166
2022-12-09,18750,19100,18100,18400,163808,-0.03157894736842104
2022-12-12,18200,18300,17800,17850,83103,-0.029891304347826053
2022-12-13,17800,17850,17200,17600,63261,-0.014005602240896309
2022-12-14,17650,20250,17500,18750,629421,0.06534090909090917
2022-12-15,18750,19150,18600,18750,84734,0.0
2022-12-16,18550,18650,18200,18450,48040,-0.016000000000000014
2022-12-19,18350,18500,18000,18500,33562,0.0027100271002709064
2022-12-20,18500,18550,17900,17950,68159,-0.02972972972972976
2022-12-21,18050,18100,17900,17950,20509,0.0
2022-12-22,17950,18100,17700,17900,42250,-0.0027855153203342198
2022-12-23,18000,18000,16850,16900,88268,-0.05586592178770955
2022-12-26,17050,17200,16550,16900,57663,0.0
2022-12-27,17150,17250,16700,16850,77293,-0.00295857988165682
2022-12-28,16700,17000,16500,16950,42161,0.005934718100890191
2022-12-29,16950,17000,16250,16300,53885,-0.03834808259587019
2023-01-02,16100,16600,15900,16100,41873,-0.012269938650306789
2023-01-03,15900,16300,15900,16150,23077,0.0031055900621117516
2023-01-04,15950,16600,15750,16550,26859,0.024767801857585203
2023-01-05,16550,16650,16400,16650,17701,0.0060422960725075026
2023-01-06,16650,17000,16450,16800,30225,0.009009009009008917
2023-01-09,16850,17000,16750,16850,29305,0.0029761904761904656
2023-01-10,16900,17100,16600,16750,34827,-0.005934718100890191
2023-01-11,16750,17000,16600,16850,39639,0.005970149253731405
2023-01-12,17000,19450,16600,17600,625544,0.04451038575667665
2023-01-13,17550,17800,17400,17450,47431,-0.008522727272727293
2023-01-16,17650,17650,17350,17550,57547,0.005730659025787954
2023-01-17,17650,17950,17550,17700,47879,0.008547008547008517
2023-01-18,17700,17850,17400,17400,26923,-0.016949152542372836
2023-01-19,17350,18100,17200,17800,49826,0.02298850574712641
2023-01-20,17900,18200,17600,17750,31732,-0.002808988764044895
2023-01-25,18050,18400,17800,18250,73938,0.028169014084507005
2023-01-26,18250,18380,17850,18230,42048,-0.0010958904109589218
2023-01-27,18350,18600,18130,18400,32331,0.009325287986834851
2023-01-30,18600,18640,18010,18220,27604,-0.009782608695652173
2023-01-31,18200,18250,17610,17750,89259,-0.025795828759604844
2023-02-01,17750,18160,17710,18050,44839,0.016901408450704203
2023-02-02,18180,18830,18070,18760,94620,0.0393351800554016
2023-02-03,18760,19610,18650,19420,210137,0.03518123667377404
2023-02-06,19610,20100,19110,19920,232730,0.025746652935118464
2023-02-07,19860,20800,19580,20150,340780,0.011546184738955745
2023-02-08,19850,20550,19420,19550,281135,-0.02977667493796521
2023-02-09,19800,20650,19620,20350,180109,0.04092071611253201
2023-02-10,20350,20450,19440,19540,90026,-0.03980343980343981
2023-02-13,19530,19540,18850,19040,73047,-0.025588536335721557
2023-02-14,19050,19330,18880,19050,49744,0.0005252100840336116
2023-02-15,18990,19400,18680,18710,44997,-0.01784776902887142
2023-02-16,18980,19600,18770,19600,55761,0.04756814537680376
2023-02-17,19040,19500,19040,19110,42002,-0.025000000000000022
2023-02-20,19470,19470,18990,19240,39061,0.006802721088435382
2023-02-21,20000,20050,18910,19040,114775,-0.01039501039501034
2023-02-22,18810,18980,18600,18700,64007,-0.017857142857142905
2023-02-23,18700,18970,18570,18720,27807,0.0010695187165774556
2023-02-24,18720,18860,18350,18480,31785,-0.012820512820512775
2023-02-27,18170,18480,17770,17850,70080,-0.03409090909090906
2023-02-28,17850,18120,17800,18050,27271,0.011204481792717047
2023-03-02,18060,18070,17630,17700,30309,-0.01939058171745156
2023-03-03,17710,17720,17450,17510,36892,-0.010734463276836137
2023-03-06,17760,18180,17500,18030,35157,0.029697315819531722
2023-03-07,18240,18240,17700,17850,31467,-0.009983361064891838
2023-03-08,17850,17860,17490,17650,36134,-0.011204481792717047
2023-03-09,17650,17800,17330,17370,33349,-0.015864022662889554
2023-03-10,17370,17370,16770,16780,52131,-0.0339666090961428
2023-03-13,16040,16700,16040,16670,73786,-0.006555423122765247
2023-03-14,16560,21650,16030,16600,540497,-0.004199160167966398
2023-03-15,16970,17450,16760,17150,123214,0.033132530120481896
2023-03-16,17090,17090,16500,16690,46223,-0.026822157434402305
2023-03-17,16940,17480,16810,17220,38309,0.031755542240862855
2023-03-20,17220,17950,17220,17430,47040,0.012195121951219523
2023-03-21,17450,17930,17430,17660,36196,0.013195639701663708
2023-03-22,17830,17840,17510,17540,33183,-0.006795016987542479
2023-03-23,17400,17960,17400,17540,38168,0.0
2023-03-24,17500,17960,17500,17710,52782,0.009692132269099263
2023-03-27,17790,17940,17210,17520,48855,-0.010728402032749829
2023-03-28,17520,17970,17450,17920,53504,0.022831050228310446
2023-03-29,17780,17780,16530,16870,195570,-0.05859375
2023-03-30,17070,18150,17040,17860,251339,0.058684054534676955
2023-03-31,17890,18250,17610,17970,117488,0.006159014557670872
2023-04-03,18250,18280,17750,18200,72695,0.012799109627156469
2023-04-04,18040,18290,17750,17770,43283,-0.023626373626373653
2023-04-05,17790,18480,17790,18430,82033,0.03714124929656726
2023-04-06,18450,18570,18050,18200,53714,-0.012479652740097658
2023-04-07,18200,18440,18120,18170,37726,-0.0016483516483516425
2023-04-10,18170,18170,17690,17950,63848,-0.012107870115575126
2023-04-11,18070,18100,17770,17830,46943,-0.006685236768802283
2023-04-12,17840,17970,17720,17840,27467,0.000560852495793629
2023-04-13,17890,17890,17670,17670,26173,-0.009529147982062836
2023-04-14,17740,17740,17410,17420,54804,-0.014148273910582931
2023-04-17,17420,17420,17050,17090,39869,-0.01894374282433986
2023-04-18,17010,17100,16900,17100,36877,0.0005851375073142595
2023-04-19,17300,17540,17150,17200,31475,0.005847953216374213
2023-04-20,17010,17190,16700,16760,47184,-0.025581395348837188
2023-04-21,16960,16960,16320,16350,50760,-0.02446300715990457
2023-04-24,16520,16850,16400,16420,76495,0.004281345565749328
2023-04-25,16640,16640,16030,16280,43683,-0.008526187576126665
2023-04-26,16280,16840,16230,16500,56809,0.013513513513513598
2023-04-27,16410,16710,16130,16260,26187,-0.014545454545454528
2023-04-28,16100,16300,15970,16090,42299,-0.01045510455104548
2023-05-02,16200,16600,16150,16360,47039,0.016780609073959063
2023-05-03,16170,16450,16170,16190,18177,-0.010391198044009786
2023-05-04,16200,16200,15840,16170,20182,-0.001235330450895633
2023-05-08,16210,16400,16210,16290,8987,0.007421150278293043
2023-05-09,16470,16470,15970,16160,15649,-0.007980356046654369
2023-05-10,16010,16190,16010,16070,11395,-0.005569306930693019
2023-05-11,16100,16470,16100,16300,20289,0.014312383322962141
2023-05-12,16150,16390,16150,16360,9895,0.0036809815950920033
2023-05-15,16280,16560,16280,16430,21561,0.0042787286063570296
2023-05-16,16370,16550,16090,16340,34879,-0.005477784540474762
2023-05-17,16120,16500,16120,16500,15829,0.009791921664626724
2023-05-18,16520,16880,16520,16780,24469,0.01696969696969708
2023-05-19,16940,17210,16820,17080,44342,0.017878426698450633
2023-05-22,17150,17230,16870,17080,19127,0.0
2023-05-23,17080,17180,16930,17000,9234,-0.004683840749414525
2023-05-24,16910,17000,16820,16890,19241,-0.006470588235294117
2023-05-25,16950,16980,16500,16730,33362,-0.009473060982830073
2023-05-26,16730,17120,16600,16820,28081,0.005379557680812885
2023-05-30,16900,17070,16730,17030,20772,0.012485136741973824
2023-05-31,17030,17240,16980,17100,30703,0.004110393423370606
2023-06-01,17100,17140,16910,16910,19650,-0.011111111111111072
2023-06-02,17010,17010,16730,16900,26438,-0.0005913660555884048
2023-06-05,16770,17080,16770,16960,24568,0.0035502958579882726
2023-06-07,16940,16960,16640,16700,25002,-0.015330188679245293
2023-06-08,16820,16820,16530,16680,13995,-0.0011976047904191933
2023-06-09,16600,16930,16600,16700,32261,0.0011990407673860837
2023-06-12,17100,17770,17050,17550,207524,0.05089820359281427
2023-06-13,17700,17950,17470,17490,88143,-0.0034188034188034067
2023-06-14,17500,17730,17100,17250,38765,-0.013722126929674117
2023-06-15,17430,17560,17130,17280,23064,0.0017391304347826875
2023-06-16,17430,17640,17200,17530,28038,0.01446759259259256
2023-06-19,17800,17800,17130,17320,49034,-0.01197946377638337
2023-06-20,17320,17960,17120,17810,60843,0.02829099307159355
2023-06-21,17660,17840,17300,17380,30434,-0.024143739472206605
2023-06-22,17460,17690,17250,17460,27542,0.004602991944764101
2023-06-23,17480,17810,17270,17490,31698,0.0017182130584192379
2023-06-26,17660,17740,17290,17600,22672,0.0062893081761006275
2023-06-27,17720,17720,17300,17450,31665,-0.008522727272727293
2023-06-28,17490,17670,17230,17550,35954,0.005730659025787954
2023-06-29,17760,17960,17200,17370,53363,-0.01025641025641022
2023-06-30,17370,17560,16900,17130,43565,-0.013816925734024155
2023-07-03,17300,17590,17110,17550,41269,0.024518388791593626
2023-07-04,17550,17590,17270,17450,16339,-0.005698005698005715
2023-07-05,17600,17600,17120,17250,24558,-0.011461318051575908
2023-07-06,17090,17300,16620,16620,43292,-0.03652173913043477
2023-07-07,16450,16980,16240,16530,26939,-0.005415162454873612
2023-07-10,16530,16770,16230,16360,15619,-0.010284331518451317
2023-07-11,16320,16480,16310,16410,12991,0.003056234718826323
2023-07-12,16450,16700,16330,16410,13221,0.0
2023-07-13,16410,16630,16370,16590,16078,0.010968921389396646
2023-07-14,16590,16720,16340,16500,14500,-0.005424954792043413
2023-07-17,16500,16500,16250,16440,18469,-0.0036363636363636598
2023-07-18,16440,16550,16010,16080,36514,-0.021897810218978075
2023-07-19,16240,16330,15850,15910,27549,-0.010572139303482553
2023-07-20,15890,16080,15680,15700,25445,-0.013199245757385292
2023-07-21,15700,15700,15400,15580,28483,-0.007643312101910826
2023-07-24,15720,16510,15640,16280,106056,0.0449293966623876
2023-07-25,16310,16320,15720,15920,51855,-0.02211302211302213
2023-07-26,15880,15880,14640,14870,144543,-0.06595477386934678
2023-07-27,14900,15560,14890,15430,52427,0.03765971755211828
2023-07-28,15450,15960,15280,15780,38278,0.02268308489954629
2023-07-31,15850,15850,15390,15570,19596,-0.013307984790874472
2023-08-01,15570,15800,15470,15800,15203,0.014771997430957029
2023-08-02,15800,15880,15480,15650,17013,-0.009493670886076
2023-08-03,15650,15990,15250,15860,22511,0.013418530351437807
2023-08-04,15650,16400,15570,16170,43062,0.01954602774274905
2023-08-07,16120,16970,16040,16480,75013,0.0191713048855906
2023-08-08,16510,16700,16070,16150,29356,-0.020024271844660158
2023-08-09,16230,16290,15760,16170,30466,0.0012383900928791824
2023-08-10,16170,16800,16040,16700,33379,0.032776747062461364
2023-08-11,16700,16920,16400,16480,26149,-0.013173652694610793
2023-08-14,16480,16480,16090,16150,12360,-0.020024271844660158
2023-08-16,16100,16140,15740,15880,29160,-0.016718266253869962
2023-08-17,15740,16090,15610,16090,27478,0.013224181360201426
2023-08-18,15820,16090,15810,16030,10368,-0.003729024238657508
2023-08-21,16000,16190,15930,15960,15865,-0.004366812227074246
2023-08-22,16230,16230,15850,15990,7553,0.001879699248120259
2023-08-23,16140,16140,15800,16010,8208,0.001250781738586726
2023-08-24,16070,16070,15900,16030,21370,0.0012492192379762734
2023-08-25,16020,16050,15860,16020,26138,-0.0006238303181534954
2023-08-28,15930,16100,15900,16000,6574,-0.0012484394506866447
2023-08-29,15900,16400,15900,16300,25062,0.018750000000000044
2023-08-30,16450,16480,16220,16440,24122,0.008588957055214674
2023-08-31,16490,16600,16380,16600,17660,0.009732360097323589
2023-09-01,16600,17180,16400,16890,69111,0.01746987951807233
2023-09-04,16980,17120,16700,16880,28238,-0.000592066311426831
2023-09-05,17080,17100,16580,16940,21724,0.0035545023696681444
2023-09-06,16940,17080,16610,16690,16149,-0.014757969303423879
2023-09-07,16680,16920,16480,16680,16372,-0.0005991611743558778
2023-09-08,16680,17140,16520,17000,16719,0.01918465227817756
2023-09-11,17390,17420,17130,17190,47933,0.011176470588235343
2023-09-12,17220,17970,17220,17940,99053,0.04363001745200701
2023-09-13,17940,18040,17570,18010,41155,0.0039018952062430667
2023-09-14,18030,18280,17810,18150,47847,0.007773459189339249
2023-09-15,18000,18240,16970,17740,44276,-0.022589531680440755
2023-09-18,17540,18670,17530,18520,114693,0.043968432919955
2023-09-19,18530,21900,18530,21750,1226967,0.17440604751619881
2023-09-20,21800,22950,20800,21400,544915,-0.016091954022988464
2023-09-21,21550,22300,20350,20750,258152,-0.030373831775700966
2023-09-22,20450,21900,20250,20800,257803,0.002409638554216942
2023-09-25,21200,21600,20300,20650,129029,-0.007211538461538436
2023-09-26,20750,21250,20000,20250,96824,-0.01937046004842613
2023-09-27,20800,21750,20350,20750,178073,0.024691358024691468
2023-10-04,20650,20950,19120,19480,129035,-0.06120481927710841
2023-10-05,19530,19930,19110,19180,92649,-0.015400410677618104
2023-10-06,19170,19680,19100,19460,59754,0.014598540145985384
2023-10-10,19410,19830,18750,18900,81722,-0.02877697841726623
2023-10-11,19140,20200,19140,19850,74419,0.050264550264550234
2023-10-12,19940,20100,19410,19480,84288,-0.018639798488665038
2023-10-13,19480,19760,18880,19040,56307,-0.022587268993839782
2023-10-16,19100,19100,17690,18380,130599,-0.034663865546218475
2023-10-17,18470,18950,18350,18700,36344,0.017410228509249226
2023-10-18,18800,18950,18280,18360,30968,-0.018181818181818188
2023-10-19,18450,18450,17510,17800,62122,-0.030501089324618702
2023-10-20,17780,17980,17170,17850,64320,0.002808988764045006
2023-10-23,17830,18210,17500,17910,40282,0.003361344537815114
2023-10-24,18140,18480,17600,18480,39483,0.031825795644891075
2023-10-25,18500,18970,18350,18600,38826,0.006493506493506551
2023-10-26,18380,18380,18020,18100,25239,-0.026881720430107503
2023-10-27,18260,18460,17810,18200,29750,0.005524861878453136
