Date,Open,High,Low,Close,Volume,Change
2024-02-01,46550,51700,36650,37100,17876835,
2024-02-02,42500,43300,33500,33900,3565882,-0.08625336927223715
2024-02-05,32750,39350,30750,35850,5485078,0.05752212389380529
2024-02-06,39000,40900,32700,33400,3602459,-0.0683403068340307
2024-02-07,33350,37700,32900,34950,2078493,0.046407185628742464
2024-02-08,34600,35250,32700,32700,598203,-0.06437768240343344
2024-02-13,32700,33050,31000,31050,384273,-0.050458715596330306
2024-02-14,31400,32400,29350,29700,507155,-0.04347826086956519
2024-02-15,30300,31350,28700,31200,653545,0.05050505050505061
2024-02-16,30500,30650,28850,29050,511919,-0.06891025641025639
2024-02-19,28600,28600,26900,26900,453035,-0.0740103270223752
2024-02-20,26900,27250,24900,25100,448226,-0.06691449814126393
2024-02-21,25050,25050,23300,23550,397721,-0.06175298804780871
2024-02-22,23400,25750,23300,23800,697669,0.010615711252653925
2024-02-23,23800,24100,22000,22000,311137,-0.07563025210084029
2024-02-26,21750,22800,20800,21750,232967,-0.011363636363636354
2024-02-27,22250,24850,21700,22050,840551,0.01379310344827589
2024-02-28,21800,24450,21800,23250,417363,0.054421768707483054
2024-02-29,23250,24300,22900,23000,301933,-0.010752688172043001
2024-03-04,21950,22600,21500,21550,362113,-0.06304347826086953
2024-03-05,21550,23700,20800,22150,510386,0.0278422273781902
2024-03-06,22250,23900,22250,22700,281379,0.02483069977426644
2024-03-07,22500,23100,21550,21750,173336,-0.04185022026431717
2024-03-08,21850,25400,21850,23450,1033435,0.07816091954022997
2024-03-11,23550,26150,23450,24550,1010567,0.046908315565032055
2024-03-12,25200,25650,23700,24100,346198,-0.018329938900203624
2024-03-13,24400,24400,22900,23800,207934,-0.012448132780082943
2024-03-14,23300,23950,22100,22850,232520,-0.03991596638655459
2024-03-15,22850,23400,22450,22800,104757,-0.002188183807439792
2024-03-18,23100,24150,22150,24050,242538,0.054824561403508776
2024-03-19,24250,24900,23800,23900,197003,-0.006237006237006182
2024-03-20,24100,24550,23150,23150,126696,-0.03138075313807531
2024-03-21,23550,24300,23200,23500,116282,0.015118790496760237
2024-03-22,23500,23750,22200,22400,169742,-0.04680851063829783
2024-03-25,22700,22700,21750,21800,98297,-0.0267857142857143
2024-03-26,21950,22450,21600,22000,66620,0.00917431192660545
2024-03-27,22000,22850,22000,22200,89363,0.009090909090909038
2024-03-28,22100,22200,21500,21550,87107,-0.029279279279279313
2024-03-29,21700,21800,21200,21400,49992,-0.00696055684454755
2024-04-01,21400,22550,21400,21900,95296,0.02336448598130847
2024-04-02,21950,22050,21200,21250,54640,-0.029680365296803624
2024-04-03,21050,21050,20100,20100,108937,-0.05411764705882349
2024-04-04,20100,20500,20000,20200,52461,0.004975124378109541
2024-04-05,20150,20150,19050,19150,93549,-0.051980198019802026
2024-04-08,19200,19440,18460,18740,62773,-0.021409921671018295
2024-04-09,18730,19270,18730,18800,33880,0.0032017075773747017
2024-04-11,18430,18800,18370,18570,22459,-0.012234042553191493
2024-04-12,18500,18510,18130,18270,39738,-0.016155088852988664
2024-04-15,18000,18390,17640,18380,36700,0.006020799124247356
2024-04-16,18010,18190,17110,17110,50462,-0.06909684439608266
2024-04-17,17300,17480,17120,17160,23930,0.0029222676797193703
2024-04-18,17540,17940,17160,17740,30462,0.03379953379953382
2024-04-19,17890,18150,16560,16940,46336,-0.045095828635851154
2024-04-22,16880,17350,16860,17050,21864,0.006493506493506551
2024-04-23,17320,17320,16710,16840,23330,-0.012316715542522005
2024-04-24,17310,17570,17050,17550,43752,0.04216152019002384
2024-04-25,17550,17640,17070,17430,24541,-0.006837606837606813
2024-04-26,17550,17550,17180,17210,23408,-0.012621916236374098
2024-04-29,17180,17500,17100,17390,25359,0.010459035444509102
2024-04-30,17620,18350,17400,17650,63582,0.014951121334100037
2024-05-02,16200,16670,16040,16380,311219,-0.07195467422096313
2024-05-03,16430,19450,16410,17900,1261178,0.09279609279609269
2024-05-07,17950,18300,17350,17710,188033,-0.010614525139664766
2024-05-08,17700,17750,16850,16910,129418,-0.04517221908526259
2024-05-09,17040,17040,16480,16690,110895,-0.013010053222945017
2024-05-10,16700,16780,16280,16350,112835,-0.020371479928100622
2024-05-13,16360,18350,16300,17430,821056,0.06605504587155964
2024-05-14,17480,17700,17000,17130,109520,-0.01721170395869187
2024-05-16,17290,17670,17130,17410,83724,0.016345592527729158
2024-05-17,17310,17510,16680,16720,94560,-0.039632395175186685
2024-05-20,16780,17060,16390,16440,53939,-0.01674641148325362
2024-05-21,16450,16540,16030,16110,72567,-0.02007299270072993
2024-05-22,16110,16260,15520,15920,76146,-0.011793916821849826
2024-05-23,16150,16210,15580,15600,68514,-0.02010050251256279
2024-05-24,15630,15630,14940,14940,110456,-0.04230769230769227
2024-05-27,15100,15720,15000,15720,91878,0.052208835341365445
2024-05-28,15910,15910,15210,15380,49508,-0.021628498727735423
2024-05-29,15250,15440,14930,14960,45616,-0.0273081924577373
2024-05-30,14960,14960,14500,14610,34383,-0.023395721925133728
2024-05-31,14610,14830,14560,14600,29542,-0.000684462696783017
2024-06-03,14600,14980,14470,14620,36173,0.00136986301369868
2024-06-04,14620,14650,14240,14280,41141,-0.023255813953488413
2024-06-05,14400,15450,14400,14550,113267,0.018907563025210017
2024-06-07,14620,15350,14610,15330,109657,0.053608247422680444
2024-06-10,15330,15540,15110,15300,44808,-0.00195694716242667
2024-06-11,15290,15830,15100,15250,91721,-0.0032679738562091387
2024-06-12,15250,15370,14990,14990,46605,-0.01704918032786884
2024-06-13,15120,15430,15000,15100,33441,0.007338225483655814
2024-06-14,15330,15330,14630,14640,43113,-0.030463576158940353
2024-06-17,14560,14780,14460,14520,28582,-0.008196721311475419
2024-06-18,14520,14570,14320,14440,33737,-0.0055096418732781816
2024-06-19,14330,14530,14100,14140,45582,-0.020775623268698085
2024-06-20,14150,14370,14130,14140,19526,0.0
2024-06-21,14260,14260,13110,13200,142807,-0.06647807637906644
2024-06-24,13260,13260,12880,13010,41457,-0.014393939393939403
2024-06-25,13480,15200,13480,13670,878489,0.050730207532667215
2024-06-26,13670,14300,13530,13800,85975,0.009509875640087762
2024-06-27,13800,13800,13250,13250,56339,-0.03985507246376807
2024-06-28,13500,13500,13230,13300,24772,0.0037735849056603765
2024-07-01,13300,13400,13200,13270,31477,-0.0022556390977443996
2024-07-02,13450,13450,12710,12720,54475,-0.04144687264506408
2024-07-03,12900,13400,12540,12550,50619,-0.013364779874213806
2024-07-04,12600,13830,12600,13370,188909,0.06533864541832668
2024-07-05,13300,13450,12830,12920,59623,-0.03365744203440535
2024-07-08,12800,13550,12800,13480,52539,0.04334365325077405
2024-07-09,13490,13790,13320,13610,38863,0.009643916913946615
2024-07-10,13900,13900,13030,13180,56208,-0.031594415870683346
2024-07-11,13190,13500,13090,13330,31167,0.011380880121396153
2024-07-12,13470,13470,12970,13010,35406,-0.02400600150037513
2024-07-15,13080,13170,12800,13090,27397,0.006149116064565696
2024-07-16,12980,13250,12730,12790,33529,-0.02291825821237581
2024-07-17,12790,12860,12640,12660,27146,-0.010164190774042181
2024-07-18,12550,12550,11920,11940,78213,-0.056872037914691975
2024-07-19,11950,12090,11710,11890,31838,-0.0041876046901172526
2024-07-22,11890,12040,11600,11740,23067,-0.012615643397813292
2024-07-23,11740,11870,11500,11510,25402,-0.01959114139693352
2024-07-24,11700,11780,11500,11500,17560,-0.0008688097306689402
2024-07-25,11490,11520,11090,11450,28595,-0.004347826086956497
2024-07-26,11370,11470,11200,11290,13625,-0.013973799126637543
2024-07-29,11180,11640,11180,11630,19628,0.030115146147032812
2024-07-30,11510,11680,11200,11330,20792,-0.02579535683576961
2024-07-31,11340,11400,11010,11340,14804,0.0008826125330980705
2024-08-01,11210,11410,10850,11060,106432,-0.024691358024691357
2024-08-02,10960,11030,10520,10560,44233,-0.0452079566003617
2024-08-05,10260,10490,9050,9270,88934,-0.12215909090909094
2024-08-06,9250,9900,8750,9810,49557,0.058252427184465994
2024-08-07,9460,11470,9460,10410,475039,0.06116207951070329
2024-08-08,10060,12380,10040,11400,822749,0.09510086455331401
2024-08-09,11270,11790,11100,11500,183679,0.00877192982456143
2024-08-12,11530,14950,11530,14950,1712658,0.30000000000000004
2024-08-13,15910,16550,14100,14850,3614068,-0.006688963210702337
2024-08-14,14780,14840,13930,14100,592607,-0.0505050505050505
2024-08-16,13930,15320,13460,14050,1835210,-0.0035460992907800915
2024-08-19,14620,15240,13700,14150,966062,0.007117437722419906
2024-08-20,13950,18390,13830,17580,7909782,0.2424028268551237
2024-08-21,17510,17920,16500,16670,1299183,-0.05176336746302612
2024-08-22,16600,16920,15700,15700,533366,-0.05818836232753455
2024-08-23,16470,20000,15700,17610,12665464,0.1216560509554141
2024-08-26,17540,19440,17530,17700,3739309,0.005110732538330387
2024-08-27,17330,17380,17000,17090,238711,-0.03446327683615824
2024-08-28,17250,17250,16380,16410,175165,-0.03978935049736687
2024-08-29,16700,17900,16700,17680,359305,0.07739183424741003
2024-08-30,17330,18040,16500,16850,653959,-0.04694570135746612
2024-09-02,16660,16670,15100,15270,443415,-0.09376854599406526
2024-09-03,15500,16130,14970,15220,456492,-0.0032743942370661028
2024-09-04,14750,14980,14100,14100,245814,-0.07358738501971096
2024-09-05,14070,14500,13250,14450,503987,0.024822695035461084
2024-09-06,15020,15900,13170,13200,1147909,-0.08650519031141868
2024-09-09,12730,12920,12310,12810,162681,-0.02954545454545454
2024-09-10,12810,13270,12130,12140,143518,-0.052302888368462086
2024-09-11,12110,12500,12080,12480,145929,0.028006589785831926
2024-09-12,12640,13040,12520,12580,113938,0.008012820512820484
2024-09-13,12720,14890,12600,13270,1616256,0.054848966613672445
2024-09-19,13600,13850,12880,13140,215993,-0.009796533534287888
2024-09-20,13250,13360,12790,12810,150359,-0.02511415525114158
2024-09-23,12810,12930,12520,12650,89489,-0.012490241998438734
2024-09-24,12660,13130,12570,12790,111406,0.011067193675889264
2024-09-25,12790,13060,12550,12600,103025,-0.014855355746677068
2024-09-26,12640,12940,12410,12860,104632,0.02063492063492056
2024-09-27,12830,12860,12440,12470,97955,-0.03032659409020222
2024-09-30,12470,12680,12210,12310,62875,-0.012830793905372895
2024-10-02,12060,12300,11550,11650,91035,-0.05361494719740045
2024-10-04,11560,11790,11530,11670,39452,0.0017167381974247942
2024-10-07,11840,13700,11840,12910,1123327,0.10625535561268218
2024-10-08,12600,12790,12400,12760,210593,-0.01161890007745936
2024-10-10,13980,15320,13510,13960,2870151,0.09404388714733547
2024-10-11,14260,14930,13740,13740,526431,-0.015759312320916874
2024-10-14,13420,13670,13320,13400,152140,-0.024745269286754024
2024-10-15,13330,13600,13100,13150,126024,-0.018656716417910446
2024-10-16,13250,13910,13020,13270,226366,0.009125475285171047
2024-10-17,13250,13250,12310,12400,180408,-0.06556141672946492
2024-10-18,12410,12510,12000,12050,72825,-0.028225806451612878
2024-10-21,12060,12250,11930,12120,53967,0.0058091286307053736
2024-10-22,12110,12110,11850,11880,55261,-0.01980198019801982
2024-10-23,11790,12300,11690,12190,67008,0.02609427609427617
2024-10-24,12100,12180,11820,11820,56222,-0.03035274815422473
2024-10-25,11910,12250,11610,11680,59467,-0.011844331641285955
2024-10-28,11580,12190,11580,11840,42608,0.013698630136986356
2024-10-29,11810,12150,11650,12150,38337,0.026182432432432456
2024-10-30,12070,12070,11740,11870,48968,-0.023045267489711918
2024-10-31,11730,12290,11550,12050,45268,0.015164279696714411
2024-11-01,11760,12100,11760,12000,29996,-0.004149377593360981
2024-11-04,11820,12200,11820,12050,35400,0.004166666666666652
2024-11-05,12010,12330,12010,12050,28648,0.0
2024-11-06,12250,12250,11750,11950,48169,-0.008298755186721962
2024-11-07,11800,11990,11700,11820,44753,-0.01087866108786606
2024-11-08,11830,12170,11830,12150,28709,0.027918781725888353
2024-11-11,12110,12170,11800,12070,43718,-0.006584362139917643
2024-11-12,11970,12160,11650,11650,69643,-0.03479701739850871
2024-11-13,11660,11750,10750,10930,76235,-0.06180257510729614
2024-11-14,10940,11160,10590,10650,71934,-0.025617566331198494
2024-11-15,10400,10600,9880,10210,73501,-0.04131455399061035
2024-11-18,9940,10640,9940,10440,24049,0.022526934378060748
2024-11-19,10290,10590,10260,10270,29640,-0.016283524904214586
2024-11-20,10310,10380,10000,10030,20069,-0.023369036027263923
2024-11-21,10000,10240,9920,10000,18984,-0.0029910269192422456
2024-11-22,9900,10300,9900,10070,18069,0.006999999999999895
2024-11-25,10270,10450,10100,10300,27039,0.022840119165839168
2024-11-26,10200,10360,10090,10230,22347,-0.006796116504854344
2024-11-27,10240,10240,9930,10010,33812,-0.021505376344086002
2024-11-28,10010,10910,9990,10190,55673,0.01798201798201804
2024-11-29,10190,10200,9920,9950,30687,-0.023552502453385693
2024-12-02,9950,10070,9660,9690,30485,-0.026130653266331683
2024-12-03,9690,10040,9660,10000,23605,0.031991744066047545
2024-12-04,9790,10000,9470,9540,35131,-0.04600000000000004
2024-12-05,9440,9570,9050,9180,46007,-0.037735849056603765
2024-12-06,9070,9180,8630,8880,60456,-0.0326797385620915
2024-12-09,8680,8960,8020,8020,69831,-0.09684684684684686
2024-12-10,7840,8880,7840,8880,45348,0.10723192019950134
2024-12-11,8900,9380,8730,9380,30642,0.056306306306306286
2024-12-12,9480,9480,9080,9240,19701,-0.014925373134328401
2024-12-13,9130,9500,9130,9500,10898,0.02813852813852824
2024-12-16,9550,9550,9350,9530,15287,0.0031578947368420263
2024-12-17,9580,9630,9380,9630,22902,0.01049317943336825
2024-12-18,9780,10750,9470,9580,124952,-0.005192107995846351
2024-12-19,9390,9770,9270,9510,23932,-0.007306889352818424
2024-12-20,9510,9770,9390,9530,28252,0.002103049421661396
2024-12-23,9530,9990,9480,9900,34134,0.03882476390346268
2024-12-24,9810,10040,9640,9800,27734,-0.010101010101010055
2024-12-26,9800,9940,9500,9750,27570,-0.005102040816326481
2024-12-27,9740,9800,9260,9350,18984,-0.04102564102564099
2024-12-30,9300,9520,9220,9300,6395,-0.005347593582887722
2025-01-02,9250,9720,9250,9510,11785,0.022580645161290214
2025-01-03,9430,9910,9430,9790,21387,0.029442691903259766
2025-01-06,10000,10490,9930,10140,40781,0.035750766087844665
2025-01-07,10090,10210,10000,10150,22846,0.0009861932938854956
2025-01-08,10150,10270,9950,10080,23950,-0.006896551724137945
2025-01-09,10090,10270,9680,10110,25838,0.0029761904761904656
2025-01-10,10110,10320,9800,10230,24143,0.011869436201780381
2025-01-13,10090,10210,9990,10200,15904,-0.0029325513196480912
2025-01-14,10100,10530,10060,10530,35098,0.032352941176470695
2025-01-15,10500,10570,10200,10360,17380,-0.01614434947768284
2025-01-16,10360,10620,10300,10380,15192,0.0019305019305020377
2025-01-17,10400,10740,10250,10500,19727,0.011560693641618602
2025-01-20,10470,10520,10320,10400,14155,-0.00952380952380949
2025-01-21,10450,10450,9980,10020,19529,-0.03653846153846152
2025-01-22,10030,10260,9920,10130,16652,0.010978043912175606
2025-01-23,10180,10180,9590,9590,31945,-0.05330700888450146
2025-01-24,9790,9850,9570,9650,11720,0.006256517205422307
2025-01-31,9650,9850,9300,9330,10881,-0.033160621761658016
2025-02-03,9220,9220,8810,8970,18190,-0.03858520900321538
2025-02-04,8910,9340,8910,9120,11056,0.01672240802675584
2025-02-05,9050,9310,8950,9300,12819,0.019736842105263053
2025-02-06,9350,9350,9190,9260,6609,-0.004301075268817178
2025-02-07,9360,9360,9100,9170,12698,-0.009719222462203025
2025-02-10,9170,9300,8930,9260,13123,0.009814612868048078
2025-02-11,9110,9260,9110,9170,9045,-0.009719222462203025
2025-02-12,9140,9650,8990,9500,47414,0.03598691384950925
2025-02-13,9470,9890,9180,9370,68655,-0.013684210526315743
2025-02-14,9430,9490,9210,9290,13119,-0.008537886872998945
2025-02-17,9290,9410,9190,9260,16602,-0.0032292787944026013
2025-02-18,9200,9420,9160,9300,18482,0.004319654427645814
2025-02-19,9300,9650,9210,9570,34126,0.029032258064516148
2025-02-20,9640,10080,9450,9700,41945,0.013584117032392928
2025-02-21,9950,9950,9600,9610,12779,-0.009278350515463885
2025-02-24,9850,11210,9760,10580,509038,0.10093652445369417
2025-02-25,10570,10580,10180,10200,71001,-0.03591682419659736
2025-02-26,10290,10960,10250,10380,169619,0.01764705882352935
2025-02-27,10400,10500,10130,10140,36542,-0.023121387283236983
2025-02-28,10000,10240,9910,10000,43212,-0.013806706114398382
2025-03-04,9950,10050,9610,9610,33530,-0.039000000000000035
2025-03-05,9610,10000,9600,9980,23876,0.03850156087408951
2025-03-06,10050,10050,9620,9630,17017,-0.0350701402805611
2025-03-07,9600,9650,9310,9430,18221,-0.020768431983385294
2025-03-10,9430,9650,9210,9540,14831,0.01166489925768821
2025-03-11,9350,9370,9100,9370,14539,-0.017819706498951815
2025-03-12,9300,9590,9300,9560,12548,0.02027748132337237
2025-03-13,9600,9600,9160,9160,13294,-0.04184100418410042
2025-03-14,9210,9580,9160,9490,11507,0.0360262008733625
2025-03-17,9510,9530,9300,9330,24307,-0.01685985247629085
2025-03-18,9250,9600,9200,9340,9323,0.001071811361200492
2025-03-19,9340,9480,9330,9410,5463,0.007494646680942241
2025-03-20,9550,9770,9400,9680,19402,0.02869287991498415
2025-03-21,9650,9650,9220,9290,22293,-0.04028925619834711
2025-03-24,9290,9380,9170,9250,12916,-0.0043057050592034685
2025-03-25,9110,9500,9080,9130,19237,-0.012972972972972951
2025-03-26,9080,9290,9070,9280,13186,0.016429353778751432
2025-03-27,9190,9190,8860,8860,32104,-0.04525862068965514
2025-03-28,8900,8910,8610,8610,16263,-0.028216704288939076
2025-03-31,8600,8600,7850,8170,23632,-0.05110336817653893
2025-04-01,8100,8630,8100,8590,17473,0.05140758873929019
2025-04-02,8520,8660,8250,8350,10253,-0.027939464493597188
2025-04-03,8250,8410,8200,8360,10135,0.0011976047904191933
2025-04-04,8020,8530,8020,8450,16687,0.010765550239234534
2025-04-07,8300,8450,7900,7900,31615,-0.0650887573964497
2025-04-08,8000,8190,7950,8000,8996,0.012658227848101333
2025-04-09,7850,8040,7700,7850,26992,-0.018750000000000044
2025-04-10,8100,8400,8080,8400,30686,0.07006369426751591
2025-04-11,8110,8500,8110,8370,6970,-0.0035714285714285587
2025-04-14,8500,8540,8350,8530,17556,0.019115890083632125
2025-04-15,8530,8650,8360,8600,6261,0.008206330597889888
2025-04-16,8700,8700,8430,8590,8313,-0.0011627906976744429
2025-04-17,8600,8620,8410,8590,5887,0.0
2025-04-18,8480,8630,8460,8570,4852,-0.002328288707799775
2025-04-21,8610,8610,8530,8550,3074,-0.002333722287047868
2025-04-22,8500,8600,8410,8530,9340,-0.002339181286549752
2025-04-23,8580,8800,8530,8760,7650,0.02696365767878084
2025-04-24,8760,8870,8640,8670,4434,-0.010273972602739767
2025-04-25,8660,8940,8610,8880,10624,0.02422145328719716
2025-04-28,8880,9020,8660,8870,8253,-0.0011261261261261701
2025-04-29,8850,8900,8750,8770,9000,-0.011273957158962844
2025-04-30,8820,8820,8550,8550,7150,-0.02508551881413912
2025-05-02,8590,9150,8100,8460,17304,-0.010526315789473717
2025-05-07,8460,8460,8210,8420,6858,-0.004728132387706863
2025-05-08,8320,8580,8320,8570,10080,0.017814726840855055
2025-05-09,8510,8570,8490,8560,4249,-0.001166861143523934
2025-05-12,8380,8600,8380,8540,11779,-0.002336448598130869
2025-05-13,8580,8620,8470,8550,12201,0.0011709601873535203
2025-05-14,8610,8610,8450,8560,9069,0.0011695906432749315
2025-05-15,8450,8560,8450,8480,7734,-0.009345794392523366
2025-05-16,8480,8510,8210,8320,16676,-0.018867924528301883
2025-05-19,8230,8330,8190,8200,13972,-0.014423076923076872
2025-05-20,8200,8280,8110,8140,9447,-0.007317073170731714
2025-05-21,8190,8220,8110,8160,4776,0.002457002457002533
2025-05-22,8160,8170,8010,8070,10091,-0.011029411764705843
2025-05-23,8010,8120,8000,8060,8570,-0.0012391573729864103
2025-05-26,8060,8260,8050,8220,4847,0.01985111662531014
2025-05-27,8200,8250,8060,8150,5548,-0.008515815085158196
2025-05-28,8150,8360,8010,8330,13220,0.022085889570552242
2025-05-29,8260,8490,8190,8420,8519,0.010804321728691502
2025-05-30,8420,8420,8270,8300,3951,-0.014251781472684133
2025-06-02,8300,8450,8200,8220,5126,-0.009638554216867434
2025-06-04,8030,8380,8030,8300,9428,0.009732360097323589
2025-06-05,8300,8500,8200,8500,10193,0.024096385542168752
2025-06-09,8550,8550,8360,8430,20951,-0.008235294117647007
2025-06-10,8420,8500,8290,8400,7293,-0.003558718861209953
2025-06-11,8400,8570,8400,8530,6919,0.015476190476190421
2025-06-12,8540,8650,8490,8500,9368,-0.003516998827667095
2025-06-13,8600,8600,8310,8420,19940,-0.009411764705882342
2025-06-16,8460,8470,8230,8340,9805,-0.009501187648456089
2025-06-17,8340,8350,8140,8210,13623,-0.015587529976019199
2025-06-18,8300,8300,7880,8090,13411,-0.01461632155907433
2025-06-19,8140,8250,8070,8190,5992,0.012360939431396822
2025-06-20,8250,8390,8010,8380,16287,0.023199023199023117
2025-06-23,8380,8380,8130,8180,10667,-0.023866348448687402
2025-06-24,8200,8360,8160,8300,16552,0.014669926650366705
2025-06-25,8400,8400,8220,8380,13242,0.009638554216867545
2025-06-26,8400,8400,8180,8230,11307,-0.017899761336515496
2025-06-27,8160,8260,7980,8080,24852,-0.018226002430133614
2025-06-30,8090,8170,8000,8090,8371,0.0012376237623761277
2025-07-01,8000,8160,8000,8130,8596,0.0049443757725586845
2025-07-02,8140,8200,7990,8190,18183,0.007380073800737907
2025-07-03,8150,8320,8120,8280,12504,0.01098901098901095
2025-07-04,8270,8330,8180,8230,10254,-0.006038647342995196
2025-07-07,8230,8230,8110,8200,5054,-0.0036452004860266785
2025-07-08,8330,8330,8020,8140,10736,-0.007317073170731714
2025-07-09,8060,8180,8040,8150,5348,0.0012285012285011554
2025-07-10,8100,8130,8050,8120,5795,-0.0036809815950920033
2025-07-11,8230,8230,8070,8120,11250,0.0
2025-07-14,8130,10550,8130,10550,3251320,0.2992610837438423
2025-07-15,10800,13510,10580,12450,9615217,0.1800947867298579
2025-07-16,12670,12880,11790,12180,1351435,-0.02168674698795181
2025-07-17,12090,12630,11230,11520,1268568,-0.054187192118226646
2025-07-18,11500,12150,10980,11190,736645,-0.02864583333333337
2025-07-21,11190,14110,11040,12580,7429296,0.12421805183199286
2025-07-22,12350,12570,11460,11600,765869,-0.07790143084260737
2025-07-23,11650,11660,11170,11220,226713,-0.03275862068965518
2025-07-24,11240,13790,11240,11830,7389172,0.054367201426025025
2025-07-25,11630,14020,11370,12520,5026858,0.058326289095519845
2025-07-28,12530,14700,12530,13070,2803858,0.04392971246006394
2025-07-29,13160,14290,12810,12850,1201395,-0.016832440703902107
2025-07-30,12770,13350,12200,12350,345087,-0.03891050583657585
2025-07-31,12780,13080,11560,11820,431893,-0.042914979757085026
2025-08-01,11810,13820,11360,12640,2641361,0.0693739424703892
2025-08-04,12840,13450,12610,12640,739854,0.0
2025-08-05,12730,13440,12520,12640,354911,0.0
2025-08-06,12620,12980,12120,12370,179476,-0.02136075949367089
2025-08-07,12500,12550,11970,12000,118997,-0.029911075181891622
2025-08-08,12140,14060,11910,13010,2867927,0.08416666666666672
2025-08-11,13150,13680,12860,13190,670784,0.013835511145272816
2025-08-12,13380,13640,12800,12950,456617,-0.0181956027293404
2025-08-13,13080,13100,12400,12470,192111,-0.037065637065637036
2025-08-14,12470,12780,12280,12320,128682,-0.012028869286287103
2025-08-18,12320,12390,11550,11690,96734,-0.051136363636363646
2025-08-19,11740,12130,11420,11460,105796,-0.019674935842600494
2025-08-20,11190,11570,11110,11310,52638,-0.01308900523560208
2025-08-21,11320,11710,11320,11420,50333,0.00972590627763048
2025-08-22,11310,11470,10840,10970,71860,-0.03940455341506133
2025-08-25,11150,11490,11150,11250,71176,0.025524156791248753
2025-08-26,11280,11330,11000,11200,37907,-0.004444444444444473
2025-08-27,11350,11350,10800,10920,45085,-0.025000000000000022
2025-08-28,10980,10980,10660,10700,44351,-0.020146520146520186
2025-08-29,10610,10840,10470,10620,51081,-0.00747663551401867
2025-09-01,10470,10890,10420,10580,51347,-0.0037664783427495685
2025-09-02,10520,10750,10510,10620,50675,0.003780718336483968
2025-09-03,10590,10690,10200,10300,54989,-0.030131826741996215
2025-09-04,10500,11540,10270,10670,282677,0.03592233009708745
2025-09-05,10700,10770,10410,10560,42755,-0.010309278350515427
2025-09-08,10560,10650,10430,10440,33243,-0.011363636363636354
2025-09-09,10440,10700,10400,10500,23385,0.005747126436781658
2025-09-10,10500,10740,10430,10700,29067,0.01904761904761898
2025-09-11,10700,10750,10500,10540,29538,-0.01495327102803734
2025-09-12,10520,10760,10520,10690,31613,0.014231499051233332
2025-09-15,10610,10750,10550,10660,28828,-0.00280636108512633
2025-09-16,10660,11360,10600,11040,106038,0.03564727954971847
2025-09-17,11050,11060,10630,10740,46677,-0.02717391304347827
2025-09-18,10870,11070,10760,10840,25028,0.009310986964618184
2025-09-19,10840,10860,10680,10680,30678,-0.014760147601476037
2025-09-22,10680,10730,10430,10540,28292,-0.01310861423220977
2025-09-23,10440,10710,10360,10360,32839,-0.017077798861480087
2025-09-24,10370,10510,10210,10310,27458,-0.004826254826254872
2025-09-25,10230,10500,10100,10300,22539,-0.0009699321047527132
2025-09-26,10260,10290,9920,10000,35451,-0.029126213592232997
2025-09-29,11330,11750,10300,10300,234077,0.030000000000000027
2025-09-30,10210,10420,10010,10010,49627,-0.028155339805825297
2025-10-01,10090,10140,9850,9990,31509,-0.0019980019980020414
2025-10-02,9990,10370,9960,10220,54809,0.02302302302302306
2025-10-10,10150,10150,9820,9900,24653,-0.03131115459882583
2025-10-13,9610,10100,9510,9980,26497,0.008080808080808133
2025-10-14,9980,10070,9600,9950,26258,-0.0030060120240480437
2025-10-15,9950,10030,9820,9970,15544,0.0020100502512563345
2025-10-16,9960,10530,9960,10330,65556,0.03610832497492478
2025-10-17,10210,13090,10200,12170,2927524,0.17812197483059045
2025-10-20,11920,12720,11740,11930,736916,-0.019720624486442073
2025-10-21,11830,13500,11540,11900,1776630,-0.0025146689019278634
2025-10-22,12200,12600,12030,12230,358053,0.02773109243697469
2025-10-23,12140,12230,11600,11700,139328,-0.04333605887162717
2025-10-24,11790,12960,11750,12300,525752,0.05128205128205132
2025-10-27,12380,12490,11870,11930,130156,-0.030081300813008083
2025-10-28,11890,12070,11600,11750,86117,-0.015088013411567514
2025-10-29,11750,11770,11340,11470,63900,-0.0238297872340425
2025-10-30,11660,11840,11010,11140,63001,-0.028770706190061057
2025-10-31,11250,11330,11010,11010,30489,-0.011669658886894085
2025-11-03,11050,11340,10920,10950,43799,-0.00544959128065392
2025-11-04,10950,12570,10950,11490,790807,0.049315068493150704
2025-11-05,11490,11500,10410,10750,74071,-0.06440382941688427
2025-11-06,10970,11220,10450,10520,61391,-0.021395348837209283
2025-11-07,10250,10480,9970,10070,87944,-0.04277566539923949
2025-11-10,10100,10350,10080,10250,23592,0.01787487586891756
2025-11-11,10180,11190,10180,10320,170284,0.006829268292682933
2025-11-12,10330,10740,10320,10460,41470,0.013565891472868241
2025-11-13,10460,10500,10250,10360,19703,-0.009560229445506718
2025-11-14,10280,10360,10000,10000,42608,-0.03474903474903479
2025-11-17,10190,10970,10050,10390,45362,0.038999999999999924
2025-11-18,10390,10440,9800,9890,46618,-0.04812319538017329
2025-11-19,9860,10110,9630,9740,34653,-0.015166835187057637
2025-11-20,9930,10240,9840,10100,19184,0.03696098562628336
2025-11-21,9910,9910,9600,9730,20376,-0.036633663366336666
2025-11-24,9990,9990,9520,9570,17191,-0.016443987667009274
2025-11-25,9580,9850,9280,9280,22779,-0.030303030303030276
2025-11-26,9420,9690,9410,9690,18822,0.044181034482758674
2025-11-27,9850,9850,9580,9630,15915,-0.006191950464396245
2025-11-28,9630,9900,9630,9830,11163,0.020768431983385183
2025-12-01,9930,10350,9730,9880,18485,0.0050864699898269805
2025-12-02,9660,9890,9660,9780,11186,-0.010121457489878583
2025-12-03,9960,9960,9640,9830,12275,0.005112474437627856
2025-12-04,9830,9950,9550,9740,24646,-0.00915564598168872
2025-12-05,9750,9940,9300,9940,23991,0.02053388090349073
2025-12-08,10000,10820,9920,10140,45754,0.02012072434607637
2025-12-09,10010,10250,10010,10100,19713,-0.0039447731755424265
2025-12-10,10120,10340,10040,10150,22381,0.004950495049504955
2025-12-11,10190,10240,9960,10000,22570,-0.014778325123152691
2025-12-12,10100,10380,9940,10300,19477,0.030000000000000027
2025-12-15,10300,10350,10120,10240,13589,-0.005825242718446644
2025-12-16,10120,10690,10000,10160,37683,-0.0078125
2025-12-17,10160,10300,10050,10200,11537,0.003937007874015741
2025-12-18,10200,10200,9940,10060,16857,-0.013725490196078383
2025-12-19,10030,10130,9750,10110,20471,0.00497017892644136
2025-12-22,10110,10220,10000,10070,19593,-0.003956478733926794
2025-12-23,10000,13090,9800,13090,1865023,0.2999006951340615
2025-12-24,14260,14400,11220,11520,1430626,-0.11993888464476699
2025-12-26,11670,14100,11630,12400,4674076,0.07638888888888884
2025-12-29,12300,13000,11600,11600,851430,-0.06451612903225812
2025-12-30,11550,11960,11080,11450,254084,-0.012931034482758674
2026-01-02,11400,11620,11150,11240,157919,-0.01834061135371179
2026-01-05,11190,11520,10990,11050,140656,-0.01690391459074736
2026-01-06,11130,11230,10770,10950,89539,-0.009049773755656076
2026-01-07,10950,11090,10520,10860,82864,-0.008219178082191747
2026-01-08,10860,10860,10510,10570,45687,-0.026703499079189674
2026-01-09,10510,10680,10350,10680,47677,0.010406811731314969
2026-01-12,10680,10880,10400,10720,59285,0.0037453183520599342
2026-01-13,10720,11160,10610,10860,67279,0.013059701492537323
2026-01-14,10780,10810,10400,10520,40026,-0.03130755064456725
2026-01-15,10530,10650,10300,10550,30997,0.002851711026615966
2026-01-16,10550,10830,10230,10230,50961,-0.03033175355450235
2026-01-19,10230,10850,10230,10800,73287,0.055718475073313734
2026-01-20,10700,11030,10450,10930,61410,0.012037037037037068
2026-01-21,10920,10920,10220,10580,39643,-0.0320219579139982
2026-01-22,10690,11200,10670,11030,121465,0.04253308128544431
2026-01-23,11100,11230,10680,11020,72070,-0.0009066183136899886
2026-01-26,11090,11310,11000,11160,86801,0.012704174228675091
2026-01-27,11000,11310,10830,11130,77455,-0.0026881720430107503
2026-01-28,11130,11340,11050,11320,81510,0.017070979335130243
2026-01-29,11430,11430,11040,11320,65181,0.0
2026-01-30,11210,11370,10550,10790,58863,-0.046819787985865724
2026-02-02,10440,11120,10440,10660,63757,-0.012048192771084376
2026-02-03,10820,10970,10540,10970,52259,0.02908067542213888
2026-02-04,11060,11280,10780,11110,42700,0.012762078395624377
2026-02-05,11110,11110,10700,10840,40192,-0.024302430243024253
2026-02-06,10650,10750,10110,10750,53167,-0.008302583025830312
2026-02-09,10900,11060,10820,10970,51473,0.02046511627906966
2026-02-10,10880,11160,10840,10950,18700,-0.001823154056517784
2026-02-11,11090,11090,10770,10960,27954,0.0009132420091324533
