Date,Open,High,Low,Close,Volume,Change
2022-01-03,3765,4000,3765,3800,47162,0.011984021304926706
2022-01-04,3810,4025,3810,3935,32498,0.03552631578947363
2022-01-05,3935,4005,3720,3720,83482,-0.054637865311308764
2022-01-06,3720,3790,3680,3680,29617,-0.010752688172043001
2022-01-07,3680,4045,3605,3750,83076,0.01902173913043481
2022-01-10,3995,3995,3760,3805,21732,0.014666666666666606
2022-01-11,3805,3805,3585,3615,68479,-0.04993429697766094
2022-01-12,3585,3800,3580,3705,42893,0.024896265560165887
2022-01-13,3720,4295,3720,4070,315007,0.09851551956815108
2022-01-14,4160,4310,4070,4255,106070,0.045454545454545414
2022-01-17,4255,4300,4095,4100,37747,-0.03642773207990602
2022-01-18,4100,4300,4085,4175,33121,0.018292682926829285
2022-01-19,4175,4175,4005,4145,21389,-0.007185628742514938
2022-01-20,4145,4160,4065,4130,14400,-0.003618817852834688
2022-01-21,4135,4350,4125,4205,57730,0.018159806295399594
2022-01-24,4190,4190,3980,4100,50689,-0.024970273483947647
2022-01-25,4050,4100,3870,4010,57375,-0.02195121951219514
2022-01-26,4100,4650,4010,4260,733665,0.06234413965087282
2022-01-27,4260,4285,3950,4050,94623,-0.04929577464788737
2022-01-28,4045,4090,3885,4020,50010,-0.007407407407407418
2022-02-03,4025,4180,4025,4080,60566,0.014925373134328401
2022-02-04,4125,4260,4085,4220,67663,0.03431372549019618
2022-02-07,4220,4270,4210,4235,29913,0.0035545023696681444
2022-02-08,4235,4270,4050,4110,34335,-0.029515938606847647
2022-02-09,4110,4215,4110,4150,16966,0.009732360097323589
2022-02-10,4160,4410,4160,4350,98241,0.04819277108433728
2022-02-11,4310,4520,4160,4415,151855,0.014942528735632177
2022-02-14,4325,4325,4055,4165,106719,-0.05662514156285392
2022-02-15,4105,4210,3995,4190,61665,0.006002400960384069
2022-02-16,4190,4400,4190,4325,48832,0.03221957040572798
2022-02-17,4365,4570,4200,4500,165223,0.040462427745664664
2022-02-18,4490,4490,4320,4470,42163,-0.00666666666666671
2022-02-21,4445,4445,4250,4285,50277,-0.04138702460850108
2022-02-22,4285,4285,4170,4210,38696,-0.017502917152858788
2022-02-23,4150,4265,4150,4245,27379,0.008313539192398967
2022-02-24,4245,4300,4040,4040,38139,-0.04829210836277975
2022-02-25,4040,4285,4040,4070,45589,0.007425742574257432
2022-02-28,4200,4235,4110,4215,15321,0.03562653562653573
2022-03-02,4235,4355,4215,4225,35410,0.0023724792408066353
2022-03-03,4225,4430,4225,4400,40912,0.041420118343195256
2022-03-04,4400,4455,4150,4315,24675,-0.01931818181818179
2022-03-07,4235,4235,4130,4160,17065,-0.035921205098493614
2022-03-08,4050,4175,3985,4080,20253,-0.019230769230769273
2022-03-10,4055,4220,4015,4070,31821,-0.002450980392156854
2022-03-11,4110,4270,4110,4165,38170,0.023341523341523285
2022-03-14,4190,4255,4180,4190,13899,0.006002400960384069
2022-03-15,4190,4190,4050,4095,31671,-0.022673031026252954
2022-03-16,4095,4185,4060,4180,12941,0.020757020757020683
2022-03-17,4220,4275,4160,4180,18292,0.0
2022-03-18,4200,4545,4200,4285,84868,0.02511961722488043
2022-03-21,4315,4415,4260,4405,22994,0.028004667444574194
2022-03-22,4405,4440,4310,4410,26521,0.0011350737797957144
2022-03-23,4410,4450,4300,4335,23961,-0.017006802721088454
2022-03-24,4335,4335,4140,4145,40384,-0.0438292964244521
2022-03-25,4190,4250,4140,4145,16263,0.0
2022-03-28,4150,4215,4135,4160,20033,0.003618817852834688
2022-03-29,4170,4235,4160,4185,14552,0.006009615384615419
2022-03-30,4225,4385,4185,4350,62186,0.03942652329749108
2022-03-31,4350,4410,4245,4245,46641,-0.024137931034482807
2022-04-01,4280,4460,4280,4330,90984,0.020023557126030544
2022-04-04,4400,4400,4330,4385,33292,0.012702078521940052
2022-04-05,4385,4395,4235,4335,33463,-0.011402508551881407
2022-04-06,4325,4365,4250,4330,21895,-0.0011534025374856371
2022-04-07,4280,4280,4060,4075,60055,-0.05889145496535797
2022-04-08,4055,4115,3955,4065,54086,-0.0024539877300613355
2022-04-11,4045,4045,3925,3965,21174,-0.024600246002460024
2022-04-12,3960,3960,3785,3810,48785,-0.0390920554854981
2022-04-13,3810,3935,3755,3910,21784,0.026246719160105014
2022-04-14,3910,4015,3910,4010,10090,0.025575447570332477
2022-04-15,4050,4050,3860,3890,16054,-0.029925187032418976
2022-04-18,3875,3935,3850,3850,14675,-0.010282776349614386
2022-04-19,3840,3880,3730,3775,37148,-0.01948051948051943
2022-04-20,3810,3850,3640,3640,53723,-0.03576158940397356
2022-04-21,3680,3730,3675,3720,4247,0.0219780219780219
2022-04-22,3730,3745,3580,3700,18165,-0.005376344086021501
2022-04-25,3580,3700,3410,3500,68972,-0.05405405405405406
2022-04-26,3500,3705,3465,3480,24874,-0.005714285714285672
2022-04-27,3485,3495,3340,3385,29336,-0.027298850574712596
2022-04-28,3375,3410,3300,3410,30399,0.007385524372230501
2022-04-29,3420,3490,3410,3490,11413,0.02346041055718473
2022-05-02,3500,3500,3390,3415,11133,-0.021489971346704828
2022-05-03,3425,3480,3425,3480,8199,0.019033674963396807
2022-05-04,3500,3835,3500,3650,40750,0.04885057471264376
2022-05-06,3650,3785,3625,3730,29951,0.021917808219177992
2022-05-09,3710,3750,3575,3730,28351,0.0
2022-05-10,3730,3860,3500,3730,50720,0.0
2022-05-11,3730,3745,3630,3740,7479,0.002680965147453085
2022-05-12,3740,3745,3600,3710,10873,-0.008021390374331583
2022-05-13,3675,3830,3560,3765,28413,0.014824797843665749
2022-05-16,3765,3790,3700,3705,12218,-0.015936254980079667
2022-05-17,3705,3830,3600,3710,14303,0.0013495276653170407
2022-05-18,3710,3785,3675,3675,19163,-0.009433962264150941
2022-05-19,3675,3685,3600,3670,6253,-0.0013605442176870541
2022-05-20,3630,3695,3600,3640,5364,-0.008174386920980936
2022-05-23,3615,3700,3535,3640,19414,0.0
2022-05-24,3640,3695,3490,3510,19572,-0.0357142857142857
2022-05-25,3495,3530,3450,3450,11461,-0.017094017094017144
2022-05-26,3490,3550,3200,3200,34793,-0.07246376811594202
2022-05-27,3210,4075,3210,3725,1180042,0.1640625
2022-05-30,3730,3750,3625,3650,73270,-0.020134228187919434
2022-05-31,3655,3685,3605,3605,30817,-0.012328767123287676
2022-06-02,3615,3685,3605,3680,22543,0.020804438280166426
2022-06-03,3640,3640,3550,3555,17205,-0.03396739130434778
2022-06-07,3555,3820,3555,3700,90646,0.04078762306610417
2022-06-08,3695,3695,3520,3520,25699,-0.048648648648648596
2022-06-09,3520,3580,3510,3520,16089,0.0
2022-06-10,3520,3520,3470,3470,12466,-0.014204545454545414
2022-06-13,3450,3455,3305,3330,22467,-0.04034582132564846
2022-06-14,3330,3330,2995,3160,70656,-0.05105105105105101
2022-06-15,3160,3175,3060,3155,22188,-0.0015822784810126667
2022-06-16,3155,3300,3120,3260,16138,0.033280507131537185
2022-06-17,3260,3260,3025,3190,13169,-0.021472392638036797
2022-06-20,3190,3190,2900,3055,37995,-0.042319749216300995
2022-06-21,3055,3075,2950,3010,29633,-0.014729950900163713
2022-06-22,3040,3200,2950,3200,25527,0.06312292358803995
2022-06-23,3170,3200,2950,3005,22928,-0.06093749999999998
2022-06-24,2975,3045,2950,2995,13212,-0.0033277870216306127
2022-06-27,3100,3200,3070,3105,9707,0.036727879799666185
2022-06-28,3135,3180,3090,3180,19184,0.024154589371980784
2022-06-29,3180,3205,3100,3205,9794,0.007861635220125729
2022-06-30,3205,3230,3040,3040,13501,-0.05148205928237126
2022-07-01,3000,3150,3000,3100,23497,0.019736842105263053
2022-07-04,3085,3085,2780,2940,34379,-0.05161290322580647
2022-07-05,2860,2975,2840,2945,21073,0.001700680272108901
2022-07-06,3090,3090,2975,3040,11798,0.032258064516129004
2022-07-07,3070,3095,3040,3095,9024,0.018092105263157965
2022-07-08,3115,3180,3095,3180,5794,0.02746365105008075
2022-07-11,3200,3290,3175,3265,9052,0.02672955974842761
2022-07-12,3245,3245,3110,3110,7356,-0.04747320061255744
2022-07-13,3035,3115,3035,3100,10360,-0.003215434083601254
2022-07-14,3085,3100,2950,2980,20580,-0.03870967741935483
2022-07-15,2980,3075,2955,3075,10681,0.03187919463087252
2022-07-18,3075,3275,3075,3150,8290,0.024390243902439046
2022-07-19,3150,3200,3115,3200,3941,0.015873015873015817
2022-07-20,3200,3200,3070,3100,8991,-0.03125
2022-07-21,3195,3195,3065,3100,18243,0.0
2022-07-22,3100,3150,3085,3095,7537,-0.001612903225806428
2022-07-25,3095,3110,3070,3095,7587,0.0
2022-07-26,3095,3110,3050,3090,11305,-0.001615508885298822
2022-07-27,3115,3150,3090,3140,2929,0.016181229773462702
2022-07-28,3140,3275,3140,3170,41435,0.009554140127388644
2022-07-29,3240,3295,3180,3195,23213,0.007886435331230235
2022-08-01,3210,3255,3195,3210,5869,0.0046948356807512415
2022-08-02,3210,3260,3190,3215,11664,0.0015576323987538387
2022-08-03,3215,3255,3195,3220,10394,0.0015552099533437946
2022-08-04,3285,3285,3195,3240,9734,0.006211180124223503
2022-08-05,3280,3280,3200,3225,11422,-0.00462962962962965
2022-08-08,3255,3255,3100,3175,28086,-0.015503875968992276
2022-08-09,3175,3265,3150,3230,6647,0.017322834645669305
2022-08-10,3230,3250,3185,3205,7657,-0.007739938080495334
2022-08-11,3240,3800,3230,3360,532953,0.04836193447737913
2022-08-12,3375,3375,3290,3315,41357,-0.013392857142857095
2022-08-16,3315,3315,3200,3290,33329,-0.007541478129713397
2022-08-17,3290,3385,3290,3385,53185,0.028875379939209633
2022-08-18,3380,3380,3310,3350,24235,-0.010339734121122546
2022-08-19,3350,3365,3255,3340,18236,-0.0029850746268657025
2022-08-22,3320,3320,3100,3105,55258,-0.07035928143712578
2022-08-23,3070,3080,3010,3050,17666,-0.017713365539452464
2022-08-24,3030,3095,3015,3015,21084,-0.011475409836065542
2022-08-25,3060,3115,3030,3030,31136,0.004975124378109541
2022-08-26,3555,3870,3170,3170,1712622,0.0462046204620461
2022-08-29,3180,3360,3075,3145,199598,-0.007886435331230235
2022-08-30,3100,3115,3030,3065,56957,-0.025437201907790197
2022-08-31,3065,3105,3050,3055,43443,-0.0032626427406199365
2022-09-01,3095,3195,3055,3150,65485,0.03109656301145658
2022-09-02,3115,3125,3035,3055,38254,-0.030158730158730163
2022-09-05,3020,3050,2940,3015,95718,-0.013093289689034338
2022-09-06,2995,3400,2985,3300,341161,0.0945273631840795
2022-09-07,3580,4170,3425,3470,3206024,0.051515151515151514
2022-09-08,3535,3850,3425,3430,423711,-0.011527377521613813
2022-09-13,3430,3515,3310,3510,126747,0.023323615160349753
2022-09-14,3405,3495,3350,3450,62727,-0.017094017094017144
2022-09-15,3450,3655,3380,3515,115057,0.018840579710144967
2022-09-16,3480,3490,3270,3270,97254,-0.06970128022759603
2022-09-19,3260,3320,3080,3105,96230,-0.050458715596330306
2022-09-20,3100,3295,2990,3205,96359,0.03220611916264082
2022-09-21,3185,3195,3045,3105,41028,-0.03120124804992197
2022-09-22,3110,3110,2950,3050,52769,-0.017713365539452464
2022-09-23,3050,3050,2970,2975,32806,-0.024590163934426257
2022-09-26,2960,2960,2705,2720,72005,-0.08571428571428574
2022-09-27,2705,3535,2705,3305,3053064,0.21507352941176472
2022-09-28,3310,3935,2980,3080,2293273,-0.0680786686838124
2022-09-29,3080,3600,3050,3165,1331974,0.02759740259740262
2022-09-30,3165,3400,3050,3050,652342,-0.0363349131121643
2022-10-04,3060,3290,3050,3215,189027,0.0540983606557377
2022-10-05,3230,3275,3075,3145,139191,-0.021772939346811793
2022-10-06,3150,3250,3150,3170,64927,0.007949125596184325
2022-10-07,3220,3320,3090,3090,83606,-0.025236593059936863
2022-10-11,3100,3150,2835,2940,125524,-0.04854368932038833
2022-10-12,2865,2890,2760,2885,85404,-0.018707482993197244
2022-10-13,2845,2910,2770,2910,47089,0.008665511265164572
2022-10-14,2910,3090,2910,3055,58621,0.04982817869415812
2022-10-17,3055,3170,2965,3130,44981,0.02454991816693952
2022-10-18,3145,3230,3125,3170,47007,0.012779552715654896
2022-10-19,3170,3215,3120,3125,45889,-0.014195583596214534
2022-10-20,3175,3180,3015,3015,23972,-0.03520000000000001
2022-10-21,3015,3035,2950,2950,25227,-0.021558872305140975
2022-10-24,2980,3105,2965,3070,23470,0.04067796610169494
2022-10-25,3085,3195,3075,3075,42529,0.0016286644951140072
2022-10-26,3135,3150,3000,3095,47435,0.006504065040650486
2022-10-27,3095,3140,3065,3115,18293,0.00646203554119551
2022-10-28,3130,3130,3020,3020,15916,-0.0304975922953451
2022-10-31,3030,3050,2895,2930,58671,-0.0298013245033113
2022-11-01,2975,2975,2830,2890,85158,-0.013651877133105783
2022-11-02,2915,2950,2880,2940,23357,0.01730103806228378
2022-11-03,2940,2950,2875,2895,18774,-0.015306122448979553
2022-11-04,2860,2985,2855,2950,20289,0.01899827288428324
2022-11-07,2965,3125,2955,3125,50005,0.05932203389830515
2022-11-08,3140,3160,3055,3060,36279,-0.02080000000000004
2022-11-09,3065,3140,3035,3065,26048,0.0016339869281045694
2022-11-10,3070,3100,3040,3070,9872,0.0016313213703098572
2022-11-11,3080,3125,3080,3080,18123,0.0032573289902280145
2022-11-14,3110,3130,3050,3090,23707,0.0032467532467532756
2022-11-15,3090,3150,2930,2935,77400,-0.05016181229773464
2022-11-16,2940,2970,2920,2965,24283,0.010221465076660996
2022-11-17,2965,3110,2935,3110,20016,0.04890387858347389
2022-11-18,3075,3140,3030,3085,41262,-0.008038585209003246
2022-11-21,3085,3110,3035,3060,50568,-0.008103727714748765
2022-11-22,3010,3230,3000,3140,70443,0.02614379084967311
2022-11-23,3140,3200,3120,3180,25432,0.01273885350318471
2022-11-24,3175,3220,3165,3220,35208,0.012578616352201255
2022-11-25,3220,3225,3185,3195,17644,-0.00776397515527949
2022-11-28,3195,3195,3075,3080,26696,-0.035993740219092296
2022-11-29,3030,3080,3025,3060,11156,-0.00649350649350644
2022-11-30,3060,3090,2860,3030,30790,-0.009803921568627416
2022-12-01,3030,3050,2960,2980,49660,-0.01650165016501648
2022-12-02,3010,3100,2995,3070,22472,0.030201342281879207
2022-12-05,3070,3080,2965,3005,28217,-0.021172638436482094
2022-12-06,3005,3030,2940,2950,15525,-0.01830282861896837
2022-12-07,2940,2950,2905,2905,21246,-0.015254237288135575
2022-12-08,2905,2920,2850,2860,29958,-0.015490533562822706
2022-12-09,2860,2955,2830,2955,31218,0.03321678321678312
2022-12-12,2955,3050,2915,3045,24652,0.030456852791878264
2022-12-13,3000,3015,2935,2970,8854,-0.024630541871921152
2022-12-14,2940,3000,2920,2975,17774,0.0016835016835017313
2022-12-15,2975,2995,2960,2980,6167,0.001680672268907557
2022-12-16,2980,2980,2940,2980,8768,0.0
2022-12-19,2950,2980,2905,2980,26887,0.0
2022-12-20,2950,3000,2930,2975,14196,-0.001677852348993314
2022-12-21,2970,2975,2885,2890,13787,-0.02857142857142858
2022-12-22,2890,2910,2870,2905,16207,0.00519031141868509
2022-12-23,2905,2905,2760,2895,51077,-0.0034423407917383297
2022-12-26,2880,2895,2815,2885,11444,-0.003454231433506094
2022-12-27,2865,3000,2855,2875,42594,-0.0034662045060658286
2022-12-28,2905,2970,2850,2920,18550,0.01565217391304352
2022-12-29,2890,2920,2820,2915,14662,-0.001712328767123239
2023-01-02,2825,2905,2825,2850,17092,-0.022298456260720356
2023-01-03,2820,2840,2800,2830,20482,-0.007017543859649145
2023-01-04,2810,2855,2800,2800,10350,-0.010600706713780883
2023-01-05,2800,2830,2800,2825,3562,0.008928571428571397
2023-01-06,2805,2825,2800,2825,6521,0.0
2023-01-09,2825,2855,2825,2825,5488,0.0
2023-01-10,2825,2865,2815,2820,11198,-0.001769911504424737
2023-01-11,2825,2865,2820,2825,14205,0.0017730496453900457
2023-01-12,2850,2930,2825,2905,14036,0.02831858407079646
2023-01-13,2905,2920,2860,2865,9974,-0.013769363166953541
2023-01-16,2870,2875,2800,2805,38083,-0.020942408376963373
2023-01-17,2810,2840,2805,2805,12854,0.0
2023-01-18,2805,2815,2775,2780,11373,-0.0089126559714795
2023-01-19,2780,2780,2700,2720,36955,-0.021582733812949617
2023-01-20,2725,2745,2720,2735,18733,0.005514705882353033
2023-01-25,2740,2995,2735,2740,46391,0.001828153564899404
2023-01-26,2805,2805,2700,2715,40959,-0.009124087591240837
2023-01-27,2730,2835,2730,2745,20425,0.011049723756906049
2023-01-30,2775,2830,2745,2765,14161,0.007285974499089187
2023-01-31,2765,2785,2745,2745,11197,-0.007233273056057921
2023-02-01,2745,2810,2740,2800,10566,0.020036429872495543
2023-02-02,2800,2815,2750,2800,12102,0.0
2023-02-03,2800,2880,2785,2815,7510,0.005357142857142838
2023-02-06,2815,2840,2775,2800,22235,-0.005328596802841923
2023-02-07,2800,2855,2790,2830,5750,0.010714285714285676
2023-02-08,2820,2900,2815,2890,30710,0.021201413427561766
2023-02-09,2890,2900,2860,2885,16313,-0.0017301038062284002
2023-02-10,2885,2895,2855,2895,20980,0.0034662045060658286
2023-02-13,2895,2915,2810,2840,33933,-0.01899827288428324
2023-02-14,2840,2890,2825,2890,5023,0.01760563380281699
2023-02-15,2875,2900,2815,2815,20659,-0.02595155709342556
2023-02-16,2790,2815,2760,2815,12502,0.0
2023-02-17,2800,2800,2700,2760,21109,-0.019538188277087087
2023-02-20,2760,2845,2750,2805,14610,0.016304347826086918
2023-02-21,2805,2830,2790,2820,9505,0.005347593582887722
2023-02-22,2820,2875,2790,2850,8363,0.010638297872340496
2023-02-23,2820,2880,2810,2850,10578,0.0
2023-02-24,2850,2900,2820,2860,15846,0.0035087719298245723
2023-02-27,2860,2860,2820,2840,32151,-0.006993006993006978
2023-02-28,2840,2880,2820,2820,17536,-0.007042253521126751
2023-03-02,2840,2860,2800,2820,7763,0.0
2023-03-03,2820,2865,2815,2845,18963,0.00886524822695045
2023-03-06,2845,2845,2800,2800,23190,-0.01581722319859402
2023-03-07,2800,2820,2780,2780,8603,-0.0071428571428571175
2023-03-08,2780,2795,2760,2785,15170,0.0017985611510791255
2023-03-09,2790,2835,2735,2775,25002,-0.0035906642728904536
2023-03-10,2760,2820,2735,2775,14191,0.0
2023-03-13,2730,2820,2680,2820,33640,0.016216216216216273
2023-03-14,2820,2820,2705,2715,9804,-0.037234042553191515
2023-03-15,2615,2725,2615,2695,16598,-0.007366482504604033
2023-03-16,2690,2750,2670,2735,24690,0.014842300556586308
2023-03-17,2735,2780,2695,2735,17038,0.0
2023-03-20,2735,2880,2735,2880,30840,0.05301645338208405
2023-03-21,2850,2915,2790,2880,32882,0.0
2023-03-22,2880,2995,2850,2940,59734,0.02083333333333326
2023-03-23,2940,2985,2910,2910,24655,-0.010204081632653073
2023-03-24,2910,2915,2850,2915,17449,0.0017182130584192379
2023-03-27,2885,2910,2810,2865,35924,-0.01715265866209259
2023-03-28,2860,2860,2820,2835,9376,-0.010471204188481686
2023-03-29,2835,2930,2835,2930,22358,0.0335097001763669
2023-03-30,2930,2930,2850,2855,43545,-0.025597269624573427
2023-03-31,2875,2925,2805,2895,35717,0.014010507880910739
2023-04-03,2895,2930,2870,2905,24935,0.003454231433505983
2023-04-04,2905,2985,2890,2980,83873,0.025817555938037806
2023-04-05,2980,3130,2950,3125,96368,0.04865771812080544
2023-04-06,3125,3500,3090,3390,419997,0.08479999999999999
2023-04-07,3360,3400,3260,3330,60697,-0.017699115044247815
2023-04-10,3300,3390,3200,3200,43892,-0.03903903903903905
2023-04-11,3200,3340,3190,3335,56745,0.042187500000000044
2023-04-12,3335,3695,3335,3695,259174,0.10794602698650668
2023-04-13,3695,3975,3585,3770,263598,0.020297699594046037
2023-04-14,3770,3770,3385,3595,193509,-0.04641909814323608
2023-04-17,3595,3925,3595,3900,175392,0.08484005563282326
2023-04-18,3910,4600,3905,4180,808335,0.07179487179487176
2023-04-19,4175,4180,3760,3835,212323,-0.08253588516746413
2023-04-20,3875,3875,3660,3735,108466,-0.026075619295958252
2023-04-21,3720,4090,3690,4050,244511,0.0843373493975903
2023-04-24,4050,4565,4045,4500,615355,0.11111111111111116
2023-04-25,4525,4910,4040,4195,504364,-0.06777777777777783
2023-04-26,4115,4155,3850,4020,134835,-0.04171632896305122
2023-04-27,4025,4180,3955,4075,83178,0.013681592039801016
2023-04-28,4090,4495,4080,4395,194522,0.07852760736196318
2023-05-02,4395,4395,4100,4210,131730,-0.04209328782707622
2023-05-03,4165,4290,4100,4180,82187,-0.0071258907363420665
2023-05-04,4135,4135,3980,3985,49054,-0.046650717703349276
2023-05-08,3950,4035,3845,3875,42005,-0.027603513174404015
2023-05-09,3875,3920,3800,3875,25331,0.0
2023-05-10,3875,3920,3840,3910,23524,0.00903225806451613
2023-05-11,3910,3930,3650,3885,123205,-0.006393861892583175
2023-05-12,3885,3970,3800,3880,44694,-0.0012870012870013214
2023-05-15,3880,3880,3600,3620,41171,-0.0670103092783505
2023-05-16,3620,3645,3470,3570,64158,-0.013812154696132617
2023-05-17,3570,3595,3470,3470,60314,-0.02801120448179273
2023-05-18,3490,3600,3475,3600,25270,0.03746397694524495
2023-05-19,3600,3700,3495,3540,36426,-0.01666666666666672
2023-05-22,3540,3540,3380,3400,58950,-0.039548022598870025
2023-05-23,3415,3630,3410,3620,73445,0.06470588235294117
2023-05-24,3620,3625,3560,3610,19915,-0.002762430939226568
2023-05-25,3610,3950,3610,3950,164972,0.09418282548476453
2023-05-26,3950,3950,3680,3770,60123,-0.04556962025316458
2023-05-30,3800,3800,3495,3500,102725,-0.07161803713527848
2023-05-31,3565,3580,3480,3530,27422,0.008571428571428674
2023-06-01,3530,3530,3430,3490,35080,-0.011331444759206777
2023-06-02,3460,3525,3455,3510,25014,0.005730659025787954
2023-06-05,3530,3610,3450,3595,41325,0.024216524216524205
2023-06-07,3570,3730,3570,3685,51126,0.025034770514603677
2023-06-08,3685,3920,3635,3900,178072,0.05834464043419274
2023-06-09,3945,4290,3720,4050,443196,0.03846153846153855
2023-06-12,4060,4125,3925,4045,82570,-0.0012345679012345512
2023-06-13,4010,4045,3950,3980,32130,-0.01606922126081578
2023-06-14,3950,3980,3790,3835,57583,-0.03643216080402012
2023-06-15,3860,3900,3685,3685,81446,-0.039113428943937434
2023-06-16,3730,3865,3725,3755,47502,0.01899592944369055
2023-06-19,3800,3865,3730,3795,84798,0.010652463382157196
2023-06-20,3795,3795,3745,3775,24060,-0.005270092226614009
2023-06-21,3770,3795,3520,3525,112796,-0.06622516556291391
2023-06-22,3530,3750,3525,3730,53142,0.0581560283687943
2023-06-23,3730,3780,3600,3695,47887,-0.009383378016085797
2023-06-26,3700,3840,3700,3800,59084,0.02841677943166432
2023-06-27,3785,3905,3755,3895,126260,0.02499999999999991
2023-06-28,3855,4070,3855,4030,158847,0.03465982028241332
2023-06-29,4030,4080,3900,4035,91040,0.001240694789081953
2023-06-30,4035,4080,3935,4060,97390,0.006195786864931829
2023-07-03,4100,4175,4050,4105,106201,0.011083743842364546
2023-07-04,4190,4190,3960,4040,70545,-0.015834348355663774
2023-07-05,3965,4020,3890,3890,67892,-0.03712871287128716
2023-07-06,3890,4070,3880,3935,67815,0.011568123393316254
2023-07-07,3895,3955,3895,3930,27544,-0.0012706480304955914
2023-07-10,3930,4125,3930,4075,114316,0.03689567430025442
2023-07-11,4075,4160,4020,4130,78243,0.013496932515337345
2023-07-12,4130,4140,4000,4020,56663,-0.0266343825665859
2023-07-13,4000,4055,3850,3890,79244,-0.03233830845771146
2023-07-14,3890,3930,3740,3900,57718,0.0025706940874035134
2023-07-17,3900,3900,3690,3750,63498,-0.038461538461538436
2023-07-18,3750,3780,3595,3780,70835,0.008000000000000007
2023-07-19,3780,3785,3630,3760,56109,-0.005291005291005346
2023-07-20,3750,3750,3605,3670,34458,-0.02393617021276595
2023-07-21,3650,3800,3525,3750,57601,0.021798365122615904
2023-07-24,3710,3750,3615,3685,53687,-0.01733333333333331
2023-07-25,3620,3645,3390,3420,118509,-0.07191316146540028
2023-07-26,3420,3530,3325,3525,117074,0.030701754385964897
2023-07-27,3415,3675,3415,3575,93429,0.014184397163120588
2023-07-28,3580,3605,3490,3550,53788,-0.006993006993006978
2023-07-31,3550,3560,3480,3545,57384,-0.0014084507042253502
2023-08-01,3480,3535,3455,3470,55037,-0.021156558533145242
2023-08-02,3450,3650,3445,3550,66504,0.023054755043227626
2023-08-03,3530,3780,3530,3740,96190,0.05352112676056331
2023-08-04,3745,3760,3610,3755,40397,0.00401069518716568
2023-08-07,3760,3805,3630,3790,67635,0.009320905459387463
2023-08-08,3750,3770,3600,3600,60221,-0.05013192612137207
2023-08-09,3590,3855,3590,3780,84745,0.050000000000000044
2023-08-10,3765,3870,3760,3840,46900,0.015873015873015817
2023-08-11,3840,3875,3800,3820,51791,-0.00520833333333337
2023-08-14,3850,3975,3800,3920,100632,0.02617801047120416
2023-08-16,3920,3920,3740,3790,60184,-0.03316326530612246
2023-08-17,3735,3790,3480,3775,83219,-0.00395778364116095
2023-08-18,3775,3775,3620,3700,49432,-0.019867549668874163
2023-08-21,3685,3700,3585,3625,33421,-0.020270270270270285
2023-08-22,3690,3690,3500,3545,64319,-0.022068965517241357
2023-08-23,3545,3805,3500,3775,101018,0.06488011283497874
2023-08-24,3710,4185,3710,4135,254526,0.09536423841059594
2023-08-25,4100,4140,3960,4065,90632,-0.016928657799274438
2023-08-28,4100,4295,4020,4185,111724,0.029520295202952074
2023-08-29,4150,4215,3985,4000,65877,-0.044205495818399054
2023-08-30,4005,4110,3800,3975,68551,-0.006249999999999978
2023-08-31,3860,3965,3860,3930,61801,-0.01132075471698113
2023-09-01,3900,4095,3855,4020,80568,0.022900763358778553
2023-09-04,3990,4010,3720,3725,102574,-0.0733830845771144
2023-09-05,3715,3950,3700,3875,51711,0.04026845637583887
2023-09-06,3885,3925,3810,3875,41940,0.0
2023-09-07,3920,4065,3905,3905,133133,0.007741935483871032
2023-09-08,3875,3920,3840,3855,54304,-0.012804097311139517
2023-09-11,3920,3920,3820,3875,51159,0.005188067444876765
2023-09-12,3875,3900,3670,3730,110916,-0.03741935483870973
2023-09-13,3730,3730,3600,3675,73711,-0.014745308310991967
2023-09-14,3645,3805,3610,3735,44511,0.01632653061224487
2023-09-15,3770,3785,3625,3645,57746,-0.02409638554216864
2023-09-18,3700,3700,3350,3585,109924,-0.016460905349794275
2023-09-19,3585,3650,3520,3520,44172,-0.018131101813110173
2023-09-20,3560,3560,3475,3475,42400,-0.01278409090909094
2023-09-21,3475,3960,3460,3750,463565,0.07913669064748197
2023-09-22,3770,3830,3580,3745,134328,-0.0013333333333332975
2023-09-25,3660,3830,3660,3765,74500,0.005340453938584844
2023-09-26,3730,3945,3710,3925,194793,0.04249667994687911
2023-09-27,3895,4725,3895,4695,1889752,0.19617834394904454
2023-10-04,4600,4600,3800,4010,849645,-0.14589989350372734
2023-10-05,4000,4625,3700,4200,1174300,0.04738154613466339
2023-10-06,4165,5050,4125,4730,1925015,0.1261904761904762
2023-10-10,4735,5690,4620,5030,1472142,0.06342494714587743
2023-10-11,5080,5230,4650,4700,706124,-0.0656063618290258
2023-10-12,4800,4840,4355,4695,696162,-0.0010638297872340718
2023-10-13,4645,4820,4500,4700,309258,0.0010649627263046302
2023-10-16,4640,5240,4430,5240,523341,0.11489361702127665
2023-10-17,5040,5870,5040,5400,1279481,0.03053435114503822
2023-10-18,5350,5350,4550,5010,559601,-0.07222222222222219
2023-10-19,4900,5430,4860,5280,588834,0.05389221556886237
2023-10-20,5210,5230,4805,4965,397657,-0.05965909090909094
2023-10-23,4965,5100,4755,5000,150281,0.007049345417925457
2023-10-24,5000,5420,4765,5410,408192,0.08200000000000007
2023-10-25,5450,5810,5170,5730,461361,0.05914972273567476
2023-10-26,5660,5780,4020,4020,2533543,-0.2984293193717278
2023-10-27,3310,3450,2815,2830,2634357,-0.2960199004975125
2023-10-30,2850,3030,2735,2925,588920,0.03356890459363959
2023-10-31,2950,2950,2745,2745,304536,-0.06153846153846154
2023-11-01,2715,2810,2600,2640,371000,-0.03825136612021862
2023-11-02,2640,2760,2635,2650,263224,0.0037878787878788955
2023-11-03,2680,2780,2500,2685,250950,0.013207547169811429
2023-11-06,2735,2985,2680,2745,509712,0.022346368715083775
2023-11-07,2745,2790,2500,2545,298339,-0.07285974499089254
2023-11-08,2555,2620,2545,2555,97783,0.003929273084479323
2023-11-09,2590,2595,2520,2550,62004,-0.00195694716242667
2023-11-10,2530,2550,2460,2480,90079,-0.027450980392156876
2023-11-13,2500,2510,2370,2440,124198,-0.016129032258064502
2023-11-14,2415,2600,2415,2560,88610,0.049180327868852514
2023-11-15,2560,2730,2560,2720,93020,0.0625
2023-11-16,2720,2765,2660,2725,69333,0.0018382352941177516
2023-11-17,2750,2750,2510,2535,130749,-0.06972477064220184
2023-11-20,2575,2650,2540,2635,43029,0.03944773175542404
2023-11-21,2650,2650,2555,2560,52772,-0.028462998102466774
2023-11-22,2560,2600,2525,2545,47607,-0.005859375
2023-11-23,2545,2585,2530,2545,32467,0.0
2023-11-24,2570,2670,2550,2620,71229,0.02946954813359537
2023-11-27,2650,2650,2555,2560,35273,-0.022900763358778664
2023-11-28,2565,2595,2500,2500,38043,-0.0234375
2023-11-29,2525,2525,2445,2500,51846,0.0
2023-11-30,2450,2455,2060,2190,1084171,-0.124
2023-12-01,2190,2210,2110,2130,204905,-0.0273972602739726
2023-12-04,2135,2170,2050,2150,152644,0.009389671361502261
2023-12-05,2135,2165,2105,2120,70875,-0.013953488372092981
2023-12-06,2105,2120,2045,2110,145327,-0.004716981132075526
2023-12-07,2110,2130,2065,2110,79374,0.0
2023-12-08,2110,2160,2070,2125,89613,0.007109004739336511
2023-12-11,2125,2220,2100,2190,126607,0.030588235294117583
2023-12-12,2195,2230,2170,2200,94644,0.004566210045662045
2023-12-13,2210,2285,2185,2200,78460,0.0
2023-12-14,2200,2235,2100,2175,108220,-0.011363636363636354
2023-12-15,2175,2395,2165,2320,269730,0.06666666666666665
2023-12-18,2320,2330,2170,2280,122511,-0.017241379310344862
2023-12-19,2280,2300,2225,2235,68725,-0.019736842105263164
2023-12-20,2280,2550,2270,2360,410428,0.055928411633109576
2023-12-21,2360,2470,2300,2350,192809,-0.004237288135593209
2023-12-22,2350,2380,2315,2350,123897,0.0
2023-12-26,2350,2450,2295,2380,121050,0.012765957446808418
2023-12-27,2380,2465,2355,2455,125593,0.03151260504201692
2023-12-28,2435,2580,2415,2570,101075,0.046843177189409335
2024-01-02,2525,2540,2430,2500,88803,-0.027237354085603127
2024-01-03,2490,2500,2330,2500,69558,0.0
2024-01-04,2430,2485,2400,2425,48472,-0.030000000000000027
2024-01-05,2425,2445,2315,2440,42003,0.006185567010309256
2024-01-08,2440,2480,2425,2425,35381,-0.006147540983606592
2024-01-09,2425,2440,2355,2385,41440,-0.016494845360824795
2024-01-10,2385,2430,2310,2315,83148,-0.02935010482180289
2024-01-11,2315,2355,2300,2315,56968,0.0
2024-01-12,2320,2390,2315,2385,54556,0.030237580993520474
2024-01-15,2365,2380,2295,2300,43271,-0.03563941299790352
2024-01-16,2300,2310,2230,2250,31940,-0.021739130434782594
2024-01-17,2250,2315,2225,2250,55589,0.0
2024-01-18,2250,2275,2200,2225,85278,-0.011111111111111072
2024-01-19,2225,2310,2225,2305,33124,0.035955056179775235
2024-01-22,2320,2330,2250,2260,36339,-0.0195227765726681
2024-01-23,2260,2280,2230,2240,35807,-0.008849557522123908
2024-01-24,2200,2245,2095,2110,112965,-0.0580357142857143
2024-01-25,2110,2135,2060,2110,48395,0.0
2024-01-26,2105,2160,2085,2135,29849,0.011848341232227444
2024-01-29,2140,2145,2050,2050,50088,-0.03981264637002346
2024-01-30,1993,2145,1993,2055,96101,0.0024390243902439046
2024-01-31,2075,2090,2040,2080,70777,0.012165450121654597
2024-02-01,2080,2150,2050,2150,34466,0.033653846153846256
2024-02-02,2145,2255,2090,2240,55537,0.041860465116279055
2024-02-05,2225,2240,2115,2180,47270,-0.0267857142857143
2024-02-06,2180,2185,2080,2180,28332,0.0
2024-02-07,2180,2180,2095,2100,32301,-0.03669724770642202
2024-02-08,2100,2125,2085,2115,17264,0.0071428571428571175
2024-02-13,2120,2130,2105,2125,18678,0.004728132387706863
2024-02-14,2125,2130,2090,2130,37728,0.0023529411764706687
2024-02-15,2130,2230,2115,2170,48902,0.018779342723004744
2024-02-16,2170,2200,2155,2185,15419,0.00691244239631339
2024-02-19,2185,2205,2170,2180,28417,-0.0022883295194507935
2024-02-20,2180,2200,2090,2140,49537,-0.01834862385321101
2024-02-21,2140,2150,2025,2095,65957,-0.0210280373831776
2024-02-22,2105,2120,2030,2050,60176,-0.021479713603818618
2024-02-23,2050,2100,1999,2100,76309,0.024390243902439046
2024-02-26,2080,2100,1997,2005,53941,-0.04523809523809519
2024-02-27,2005,2025,1999,2005,42223,0.0
2024-02-28,2005,2050,2000,2020,9545,0.007481296758104827
2024-02-29,2025,2030,1997,2000,29380,-0.00990099009900991
2024-03-04,2000,2080,2000,2050,75930,0.02499999999999991
2024-03-05,2050,2060,2005,2040,36589,-0.004878048780487809
2024-03-06,2020,2040,1995,2000,29480,-0.019607843137254943
2024-03-07,2000,2025,1990,2000,35420,0.0
2024-03-08,2000,2050,1998,2050,43889,0.02499999999999991
2024-03-11,2060,2140,2050,2085,42782,0.017073170731707332
2024-03-12,2085,2085,2045,2055,40650,-0.014388489208633115
2024-03-13,2055,2060,2000,2030,25446,-0.012165450121654486
2024-03-14,2030,2030,1986,2000,36835,-0.014778325123152691
2024-03-15,1994,2010,1987,1987,18833,-0.00649999999999995
2024-03-18,1987,2060,1987,2030,22279,0.02164066431806755
2024-03-19,2030,2045,1990,1998,17762,-0.015763546798029604
2024-03-20,1998,2090,1998,2055,42893,0.028528528528528607
2024-03-21,2055,2090,2055,2075,22289,0.009732360097323589
2024-03-22,2075,2130,2055,2130,35665,0.026506024096385472
2024-03-25,2120,2290,2100,2170,131273,0.018779342723004744
2024-03-26,2160,2170,2080,2085,93323,-0.03917050691244239
2024-03-27,2110,2155,2100,2150,29755,0.031175059952038398
2024-03-28,2150,2200,2100,2150,27364,0.0
2024-03-29,2150,2150,2095,2100,27524,-0.023255813953488413
2024-04-01,2100,2240,2080,2210,92210,0.05238095238095242
2024-04-02,2210,2210,2140,2210,77553,0.0
2024-04-03,2190,2205,2145,2175,19290,-0.015837104072398245
2024-04-04,2150,2180,2140,2170,24619,-0.0022988505747126853
2024-04-05,2170,2180,2115,2125,81655,-0.020737327188940058
2024-04-08,2125,2420,2120,2145,455415,0.009411764705882453
2024-04-09,2145,2225,2070,2100,143087,-0.020979020979020935
2024-04-11,2100,2145,2070,2130,35970,0.014285714285714235
2024-04-12,2130,2185,2105,2165,28906,0.016431924882629012
2024-04-15,2165,2165,2105,2125,33308,-0.018475750577367167
2024-04-16,2110,2110,2000,2030,33504,-0.04470588235294115
2024-04-17,2025,2030,1992,2015,33854,-0.007389162561576401
2024-04-18,2015,2075,2005,2075,42300,0.02977667493796532
2024-04-19,2075,2150,2020,2150,57997,0.03614457831325302
2024-04-22,2110,2180,2105,2125,34556,-0.011627906976744207
2024-04-23,2125,2150,2055,2055,20168,-0.03294117647058825
2024-04-24,2055,2110,2055,2065,15020,0.0048661800486617945
2024-04-25,2065,2080,2030,2030,29713,-0.016949152542372836
2024-04-26,2030,2070,2025,2070,16842,0.019704433497536922
2024-04-29,2045,2075,2010,2045,48709,-0.012077294685990392
2024-04-30,2045,2070,2035,2050,31984,0.0024449877750611915
2024-05-02,2050,2095,2040,2050,32308,0.0
2024-05-03,2050,2210,2050,2140,83102,0.04390243902439028
2024-05-07,2140,2200,2130,2190,88606,0.02336448598130847
2024-05-08,2175,2250,2130,2240,79379,0.022831050228310446
2024-05-09,2240,2400,2225,2275,142045,0.015625
2024-05-10,2275,2460,2255,2400,99798,0.05494505494505497
2024-05-13,2500,2510,2280,2415,178435,0.006250000000000089
2024-05-14,2415,2510,2320,2395,115592,-0.008281573498964856
2024-05-16,2395,2500,2370,2480,65809,0.035490605427974886
2024-05-17,2480,2500,2440,2440,136961,-0.016129032258064502
2024-05-20,2460,2470,2370,2455,44753,0.006147540983606481
2024-05-21,2455,2520,2425,2430,42228,-0.010183299389002087
2024-05-22,2390,2535,2360,2430,55345,0.0
2024-05-23,2405,2500,2375,2485,51233,0.02263374485596703
2024-05-24,2480,2915,2470,2915,380854,0.17303822937625757
2024-05-27,2925,2950,2680,2785,286633,-0.044596912521440824
2024-05-28,2795,2830,2645,2755,101977,-0.010771992818671472
2024-05-29,2730,2805,2625,2625,59475,-0.047186932849364815
2024-05-30,2625,3150,2625,2895,673484,0.10285714285714276
2024-05-31,2900,3550,2900,3245,1977441,0.12089810017271163
2024-06-03,3245,3245,3015,3120,422664,-0.03852080123266566
2024-06-04,3005,3005,2450,2480,1087720,-0.20512820512820518
2024-06-05,2495,2540,2380,2380,170606,-0.040322580645161255
2024-06-07,2380,2550,2380,2520,176058,0.05882352941176472
2024-06-10,2520,2575,2475,2480,90572,-0.015873015873015928
2024-06-11,2480,2500,2370,2400,93781,-0.032258064516129004
2024-06-12,2380,2440,2290,2350,94929,-0.02083333333333337
2024-06-13,2350,2400,2290,2300,84677,-0.021276595744680882
2024-06-14,2310,2325,2270,2315,42069,0.006521739130434856
2024-06-17,2315,2650,2315,2460,393745,0.06263498920086397
2024-06-18,2460,2490,2370,2490,110329,0.012195121951219523
2024-06-19,2490,2580,2330,2350,181751,-0.05622489959839361
2024-06-20,2350,2480,2340,2420,68075,0.029787234042553123
2024-06-21,2380,2400,2315,2330,42683,-0.037190082644628086
2024-06-24,2330,2360,2285,2300,48209,-0.012875536480686733
2024-06-25,2300,2360,2265,2355,63793,0.023913043478260843
2024-06-26,2355,2475,2305,2440,76011,0.03609341825902335
2024-06-27,2440,2600,2400,2515,123606,0.03073770491803285
2024-06-28,2515,2605,2505,2550,102070,0.013916500994035852
2024-07-01,2550,2625,2550,2575,83969,0.009803921568627416
2024-07-02,2555,2660,2500,2645,87372,0.027184466019417375
2024-07-03,2645,2720,2600,2720,67053,0.02835538752362954
2024-07-04,2720,2730,2605,2610,77305,-0.0404411764705882
2024-07-05,2600,2610,2430,2470,64303,-0.05363984674329503
2024-07-08,2470,2545,2450,2515,19571,0.018218623481781382
2024-07-09,2515,2540,2430,2435,39235,-0.031809145129224614
2024-07-10,2435,2455,2405,2420,9535,-0.006160164271047264
2024-07-11,2420,2435,2370,2400,26888,-0.008264462809917328
2024-07-12,2395,2405,2305,2305,29992,-0.039583333333333304
2024-07-15,2305,2380,2280,2285,38908,-0.008676789587852451
2024-07-16,2285,2340,2280,2305,23351,0.00875273522975939
2024-07-17,2310,2430,2310,2355,28685,0.021691973969631295
2024-07-18,2340,2355,2275,2280,45958,-0.031847133757961776
2024-07-19,2280,2325,2235,2245,50927,-0.015350877192982448
2024-07-22,2295,2295,2200,2240,24655,-0.00222717149220486
2024-07-23,2240,2360,2240,2340,55839,0.044642857142857206
2024-07-24,2340,2355,2285,2290,13484,-0.021367521367521403
2024-07-25,2305,2305,2250,2270,12929,-0.008733624454148492
2024-07-26,2255,2270,2220,2235,13647,-0.01541850220264318
2024-07-29,2235,2250,2195,2250,33450,0.006711409395973256
2024-07-30,2260,2265,2215,2230,17690,-0.008888888888888835
2024-07-31,2230,2250,2220,2240,13641,0.004484304932735439
2024-08-01,2240,2260,2235,2240,26644,0.0
2024-08-02,2245,2250,2185,2200,30039,-0.017857142857142905
2024-08-05,2200,2200,1800,1900,65426,-0.13636363636363635
2024-08-06,1900,1988,1900,1984,41997,0.04421052631578948
2024-08-07,1990,2030,1988,2025,15798,0.02066532258064524
2024-08-08,2030,2060,2025,2060,15878,0.01728395061728394
2024-08-09,2060,2090,2055,2065,26082,0.0024271844660195274
2024-08-12,2065,2095,2065,2095,13258,0.014527845036319542
2024-08-13,2100,2100,2015,2035,17211,-0.02863961813842486
2024-08-14,2050,2060,1967,1967,55118,-0.03341523341523345
2024-08-16,1967,2005,1882,1890,134595,-0.039145907473309594
2024-08-19,1899,1930,1802,1806,96411,-0.0444444444444444
2024-08-20,1806,1806,1751,1763,108421,-0.023809523809523836
2024-08-21,1763,1820,1763,1805,40941,0.02382302892796373
2024-08-22,1807,1822,1797,1822,14098,0.009418282548476542
2024-08-23,1813,1828,1768,1825,24252,0.0016465422612512715
2024-08-26,1805,1840,1782,1783,40582,-0.023013698630137025
2024-08-27,1783,1783,1755,1763,19734,-0.011217049915872135
2024-08-28,1763,1770,1716,1752,29711,-0.006239364719228591
2024-08-29,1752,1752,1730,1732,13165,-0.011415525114155223
2024-08-30,1730,1751,1718,1737,34119,0.0028868360277136684
2024-09-02,1737,2190,1736,1963,2977402,0.1301093839953944
2024-09-03,1914,1949,1786,1852,291766,-0.056546102903718753
2024-09-04,1815,1823,1750,1786,84918,-0.0356371490280778
2024-09-05,1784,1816,1750,1804,66709,0.010078387458006821
2024-09-06,1804,1904,1797,1797,102362,-0.0038802660753880502
2024-09-09,1788,1788,1694,1742,57089,-0.03060656649972171
2024-09-10,1742,1789,1741,1768,39889,0.014925373134328401
2024-09-11,1758,1780,1750,1778,31894,0.005656108597285048
2024-09-12,1778,1796,1760,1789,19215,0.00618672665916753
2024-09-13,1789,1789,1750,1750,30732,-0.021799888205701556
2024-09-19,1748,1748,1702,1730,31005,-0.011428571428571455
2024-09-20,1700,1733,1700,1732,34417,0.0011560693641619046
2024-09-23,1714,1730,1714,1727,17488,-0.0028868360277136684
2024-09-24,1727,1787,1714,1786,44350,0.034163288940358916
2024-09-25,1786,1798,1761,1778,38352,-0.004479283314669624
2024-09-26,1778,1810,1764,1810,30038,0.017997750281214753
2024-09-27,1810,1811,1789,1796,30927,-0.007734806629834279
2024-09-30,1779,1779,1720,1743,22561,-0.029510022271714953
2024-10-02,1743,1770,1727,1769,43584,0.014916810097532984
2024-10-04,1755,1778,1750,1778,9900,0.005087620124364145
2024-10-07,1759,1800,1751,1796,19848,0.01012373453318327
2024-10-08,1796,1799,1780,1791,10219,-0.0027839643652560753
2024-10-10,1773,1795,1765,1778,5037,-0.007258514796203208
2024-10-11,1772,1777,1749,1755,13320,-0.012935883014623117
2024-10-14,1753,1753,1730,1739,16377,-0.009116809116809121
2024-10-15,1737,1746,1730,1740,10472,0.0005750431282345314
2024-10-16,1734,1740,1716,1720,20346,-0.011494252873563204
2024-10-17,1718,1755,1711,1714,15813,-0.0034883720930232176
2024-10-18,1710,1724,1700,1717,24231,0.0017502917152858455
2024-10-21,1710,1714,1694,1696,28197,-0.012230634828188647
2024-10-22,1680,1736,1680,1699,16546,0.001768867924528239
2024-10-23,1692,1698,1667,1690,21677,-0.005297233666862855
2024-10-24,1688,1707,1680,1683,20090,-0.004142011834319503
2024-10-25,1682,1698,1674,1674,21134,-0.005347593582887722
2024-10-28,1678,1681,1654,1666,21097,-0.004778972520907976
2024-10-29,1669,1698,1666,1689,11465,0.013805522208883536
2024-10-30,1689,1700,1685,1686,6911,-0.001776198934280604
2024-10-31,1690,1706,1679,1697,18067,0.006524317912218303
2024-11-01,1680,1696,1668,1695,6062,-0.0011785503830288313
2024-11-04,1695,1695,1670,1688,16177,-0.004129793510324498
2024-11-05,1688,1688,1674,1687,9262,-0.0005924170616113944
2024-11-06,1683,1687,1671,1687,7230,0.0
2024-11-07,1680,1687,1665,1665,8760,-0.01304090100770594
2024-11-08,1665,1735,1661,1699,19386,0.02042042042042036
2024-11-11,1699,1699,1670,1682,10780,-0.010005885815185356
2024-11-12,1682,1682,1642,1648,20154,-0.02021403091557672
2024-11-13,1648,1665,1600,1600,28043,-0.029126213592232997
2024-11-14,1600,1630,1580,1600,15274,0.0
2024-11-15,1600,1600,1555,1556,15922,-0.02749999999999997
2024-11-18,1556,1587,1540,1540,22708,-0.010282776349614386
2024-11-19,1564,1617,1556,1600,23113,0.03896103896103886
2024-11-20,1600,1601,1588,1599,3190,-0.0006249999999999867
2024-11-21,1599,1601,1576,1580,4742,-0.011882426516572897
2024-11-22,1580,1620,1575,1604,13153,0.0151898734177216
2024-11-25,1605,1611,1595,1610,24661,0.0037406483790523026
2024-11-26,1610,1650,1605,1643,12417,0.02049689440993796
2024-11-27,1643,1650,1630,1646,7446,0.0018259281801582539
2024-11-28,1635,1651,1635,1649,7010,0.0018226002430132837
2024-11-29,1641,1649,1605,1609,14714,-0.024257125530624646
2024-12-02,1609,1609,1578,1580,24290,-0.01802361715351153
2024-12-03,1580,1587,1550,1550,17183,-0.01898734177215189
2024-12-04,1548,1549,1514,1528,20216,-0.014193548387096744
2024-12-05,1528,1534,1485,1485,22735,-0.02814136125654454
2024-12-06,1485,1509,1457,1463,32958,-0.014814814814814836
2024-12-09,1460,1460,1339,1340,72537,-0.08407382091592619
2024-12-10,1340,1372,1339,1346,55548,0.004477611940298498
2024-12-11,1353,1480,1346,1459,58388,0.08395245170876664
2024-12-12,1459,1496,1445,1479,67561,0.013708019191226883
2024-12-13,1479,1494,1479,1493,8954,0.009465855307640325
2024-12-16,1493,1500,1493,1500,18186,0.0046885465505692725
2024-12-17,1500,1508,1490,1490,12619,-0.00666666666666671
2024-12-18,1500,1550,1490,1534,14134,0.029530201342281792
2024-12-19,1534,1550,1480,1480,27765,-0.03520208604954367
2024-12-20,1519,1519,1480,1505,13760,0.016891891891891886
2024-12-23,1505,1512,1480,1505,10587,0.0
2024-12-24,1505,1505,1478,1478,8435,-0.017940199335548135
2024-12-26,1478,1493,1460,1460,7682,-0.012178619756427644
2024-12-27,1460,1480,1433,1452,11633,-0.005479452054794498
2024-12-30,1452,1455,1440,1455,7173,0.0020661157024792765
2025-01-02,1456,1500,1455,1497,10527,0.028865979381443196
2025-01-03,1497,1505,1497,1499,11224,0.0013360053440214514
2025-01-06,1499,1528,1490,1528,32797,0.019346230820546984
2025-01-07,1528,1535,1498,1499,16739,-0.018979057591622994
2025-01-08,1499,1510,1488,1509,9605,0.006671114076050699
2025-01-09,1509,1514,1495,1512,8355,0.001988071570576455
2025-01-10,1512,1543,1499,1540,17151,0.0185185185185186
2025-01-13,1540,1555,1519,1519,22269,-0.013636363636363669
2025-01-14,1519,1528,1495,1519,16003,0.0
2025-01-15,1519,1519,1498,1498,5009,-0.01382488479262678
2025-01-16,1498,1516,1498,1516,9866,0.012016021361815676
2025-01-17,1516,1530,1501,1530,11648,0.00923482849604218
2025-01-20,1530,1542,1518,1542,7217,0.007843137254901933
2025-01-21,1542,1572,1528,1550,16157,0.005188067444876765
2025-01-22,1550,1590,1540,1589,20134,0.02516129032258063
2025-01-23,1589,1610,1562,1562,18029,-0.016991818753933297
2025-01-24,1562,1571,1520,1560,21389,-0.001280409731113985
2025-01-31,1560,1570,1490,1517,17408,-0.027564102564102577
2025-02-03,1525,1525,1460,1517,18658,0.0
2025-02-04,1480,1530,1470,1500,15932,-0.011206328279498967
2025-02-05,1560,1580,1530,1548,38979,0.03200000000000003
2025-02-06,1548,1548,1525,1538,4503,-0.006459948320413411
2025-02-07,1537,1537,1519,1530,3456,-0.005201560468140465
2025-02-10,1529,1530,1510,1512,9581,-0.0117647058823529
2025-02-11,1511,1522,1505,1512,15811,0.0
2025-02-12,1512,1521,1504,1516,17170,0.002645502645502562
2025-02-13,1510,1513,1465,1513,19304,-0.0019788918205804196
2025-02-14,1513,1513,1497,1501,5047,-0.007931262392597449
2025-02-17,1490,1505,1489,1490,29956,-0.007328447701532292
2025-02-18,1493,1500,1490,1496,10818,0.00402684563758382
2025-02-19,1496,1540,1496,1525,23591,0.019385026737967825
2025-02-20,1525,1544,1520,1543,20458,0.011803278688524488
2025-02-21,1542,1546,1529,1530,18777,-0.008425145819831448
2025-02-24,1530,1560,1528,1548,21416,0.0117647058823529
2025-02-25,1548,1548,1532,1545,9205,-0.0019379844961240345
2025-02-26,1533,1545,1531,1544,12659,-0.0006472491909385036
2025-02-27,1543,1547,1530,1536,23257,-0.005181347150259086
2025-02-28,1536,1540,1531,1536,13873,0.0
2025-03-04,1530,1530,1508,1521,9703,-0.009765625
2025-03-05,1521,1526,1510,1515,7408,-0.0039447731755424265
2025-03-06,1514,1529,1514,1516,9104,0.0006600660066007347
2025-03-07,1523,1543,1520,1527,4206,0.0072559366754616494
2025-03-10,1527,1527,1500,1505,6792,-0.014407334643091074
2025-03-11,1505,1530,1498,1530,22525,0.01661129568106312
2025-03-12,1540,1542,1500,1530,3504,0.0
2025-03-13,1530,1540,1521,1522,17825,-0.005228758169934622
2025-03-14,1521,1526,1515,1523,10722,0.0006570302233903647
2025-03-17,1523,1523,1519,1519,2560,-0.0026263952724885353
2025-03-18,1516,1531,1505,1526,9960,0.004608294930875667
2025-03-19,1526,1526,1500,1503,12832,-0.015072083879423381
2025-03-20,1503,1514,1490,1500,36705,-0.001996007984031989
2025-03-21,1539,1539,1498,1520,20064,0.01333333333333342
2025-03-24,1520,1541,1500,1525,30709,0.00328947368421062
2025-03-25,1518,1535,1510,1525,33595,0.0
2025-03-26,1526,1908,1520,1668,1527253,0.09377049180327868
2025-03-27,1650,1650,1600,1635,80234,-0.01978417266187049
2025-03-28,1635,1635,1601,1630,39795,-0.003058103975535187
2025-03-31,1611,2025,1611,1822,3042949,0.11779141104294477
2025-04-01,1824,1910,1782,1885,221503,0.03457738748627892
2025-04-02,1857,1920,1808,1913,104026,0.01485411140583559
2025-04-03,1899,2025,1899,2025,159999,0.05854678515420808
2025-04-04,2020,2125,1985,1997,127806,-0.01382716049382715
2025-04-07,1997,1997,1800,1962,94958,-0.017526289434151243
2025-04-08,1962,1988,1947,1971,29321,0.004587155963302836
2025-04-09,1950,1967,1815,1903,26634,-0.03450025367833587
2025-04-10,1903,1960,1890,1960,21628,0.029952706253284278
2025-04-11,1960,2025,1941,2025,27017,0.03316326530612246
2025-04-14,2025,2025,1950,1950,40947,-0.03703703703703709
2025-04-15,1950,1950,1870,1913,33299,-0.01897435897435895
2025-04-16,1913,1948,1906,1942,20029,0.015159435441714608
2025-04-17,1932,1949,1923,1940,13440,-0.001029866117404743
2025-04-18,1940,1961,1940,1961,23823,0.010824742268041199
2025-04-21,1961,1990,1951,1982,39180,0.010708822029576792
2025-04-22,1982,2050,1967,1999,41164,0.008577194752775075
2025-04-23,2005,2395,1997,2200,694279,0.10055027513756887
2025-04-24,2200,2200,2070,2195,55090,-0.002272727272727315
2025-04-25,2170,2175,2050,2050,56957,-0.06605922551252852
2025-04-28,2055,2115,2000,2085,33575,0.017073170731707332
2025-04-29,2050,2135,2050,2080,45108,-0.0023980815347721673
2025-04-30,2080,2095,2020,2040,33659,-0.019230769230769273
2025-05-02,2055,2170,2000,2170,58368,0.06372549019607843
2025-05-07,2170,2325,2155,2315,74459,0.06682027649769595
2025-05-08,2280,2335,2280,2290,36815,-0.010799136069114423
2025-05-09,2290,2290,2220,2235,16001,-0.024017467248908297
2025-05-12,2220,2290,2215,2270,41351,0.015659955257270708
2025-05-13,2275,2375,2210,2210,39778,-0.026431718061673992
2025-05-14,2200,2320,2170,2310,64543,0.045248868778280604
2025-05-15,2310,2575,2305,2505,275234,0.0844155844155845
2025-05-16,2435,2590,2435,2480,72804,-0.009980039920159722
2025-05-19,2480,2560,2465,2525,65387,0.01814516129032251
2025-05-20,2525,2615,2515,2615,66751,0.035643564356435675
2025-05-21,2595,2780,2595,2600,155072,-0.005736137667303964
2025-05-22,2610,2620,2395,2420,130988,-0.0692307692307692
2025-05-23,2410,2465,2385,2385,29104,-0.01446280991735538
2025-05-26,2385,2485,2385,2460,28044,0.03144654088050314
2025-05-27,2445,2460,2390,2395,14593,-0.026422764227642226
2025-05-28,2380,2470,2350,2420,35471,0.010438413361169019
2025-05-29,2400,2400,2080,2085,320008,-0.13842975206611574
2025-05-30,2085,2200,2085,2200,190290,0.05515587529976029
2025-06-02,2200,2205,2120,2125,57180,-0.03409090909090906
2025-06-04,2125,2160,2055,2100,39259,-0.0117647058823529
2025-06-05,2100,2100,1980,2010,127393,-0.042857142857142816
2025-06-09,2010,2045,1997,2020,44126,0.004975124378109541
2025-06-10,2020,2020,1942,1942,50026,-0.03861386138613865
2025-06-11,2000,2060,1870,1910,121968,-0.016477857878475777
2025-06-12,1910,1978,1910,1942,41761,0.01675392670157061
2025-06-13,1942,1945,1870,1882,30423,-0.030895983522142068
2025-06-16,1886,1910,1858,1910,30374,0.014877789585547196
2025-06-17,1921,1938,1832,1880,66921,-0.015706806282722474
2025-06-18,1881,1885,1846,1861,44589,-0.01010638297872335
2025-06-19,1864,1882,1818,1839,84982,-0.01182160128962928
2025-06-20,1839,1849,1825,1839,13357,0.0
2025-06-23,1839,1850,1820,1829,17076,-0.0054377379010331905
2025-06-24,1831,1851,1818,1818,28652,-0.006014215418261304
2025-06-25,1818,1832,1780,1780,86318,-0.020902090209020896
2025-06-26,1784,1795,1772,1794,11792,0.00786516853932584
2025-06-27,1794,1825,1786,1820,24427,0.01449275362318847
2025-06-30,1819,1850,1800,1840,38800,0.01098901098901095
2025-07-01,1900,1900,1823,1856,79091,0.008695652173912993
2025-07-02,1870,1870,1820,1870,52688,0.007543103448275801
2025-07-03,1872,1902,1857,1857,23455,-0.006951871657754016
2025-07-04,1863,1863,1830,1850,22171,-0.003769520732364029
2025-07-07,1846,1846,1831,1845,19192,-0.002702702702702675
2025-07-08,1840,1840,1824,1837,3521,-0.0043360433604335835
2025-07-09,1837,1870,1827,1867,32738,0.016330974414806798
2025-07-10,1869,1870,1855,1855,6942,-0.006427423674343902
2025-07-11,1863,1869,1844,1849,23948,-0.0032345013477088624
2025-07-14,1851,1851,1807,1807,29718,-0.022714981070849127
2025-07-15,1810,1811,1712,1727,76928,-0.04427227448810178
2025-07-16,1710,1737,1681,1681,40723,-0.02663578459756799
2025-07-17,1698,1709,1680,1683,45553,0.0011897679952408424
2025-07-18,1700,1740,1700,1723,32422,0.023767082590612
2025-07-21,1723,1732,1683,1683,33027,-0.02321532211259436
2025-07-22,1684,1710,1683,1707,17597,0.01426024955436711
2025-07-23,1707,1707,1616,1645,48022,-0.036321031048623276
2025-07-24,1645,1657,1630,1655,34612,0.006079027355623046
2025-07-25,1655,1958,1640,1692,1764099,0.022356495468278004
2025-07-28,1710,1710,1635,1637,81151,-0.03250591016548465
2025-07-29,1637,1651,1587,1600,96922,-0.022602321319486918
2025-07-30,1600,1639,1597,1630,23573,0.018750000000000044
2025-07-31,1630,1670,1630,1664,20253,0.020858895705521574
2025-08-01,1664,1690,1652,1661,33421,-0.0018028846153845812
2025-08-04,1652,1675,1650,1668,8895,0.004214328717639937
2025-08-05,1668,1695,1668,1695,19765,0.01618705035971213
2025-08-06,1700,1705,1686,1695,10959,0.0
2025-08-07,1697,1700,1685,1692,6850,-0.001769911504424737
2025-08-08,1692,1705,1684,1690,15613,-0.0011820330969266601
2025-08-11,1690,1691,1658,1664,20415,-0.01538461538461533
2025-08-12,1664,1679,1660,1662,26314,-0.0012019230769231282
2025-08-13,1680,1690,1659,1685,33187,0.013838748495788256
2025-08-14,1685,1685,1666,1669,13295,-0.00949554896142435
2025-08-18,1665,1666,1638,1641,24463,-0.016776512881965244
2025-08-19,1641,1641,1619,1620,27918,-0.012797074954296161
2025-08-20,1620,1620,1606,1620,10302,0.0
2025-08-21,1620,1621,1614,1618,10806,-0.0012345679012345512
2025-08-22,1620,1779,1616,1629,54990,0.0067985166872681635
2025-08-25,1675,1730,1646,1664,15998,0.021485573971761873
2025-08-26,1664,1699,1610,1610,13739,-0.03245192307692313
2025-08-27,1639,1639,1590,1609,16217,-0.0006211180124223725
2025-08-28,1609,1609,1592,1604,9703,-0.003107520198881275
2025-08-29,1604,1636,1590,1605,6884,0.0006234413965087171
2025-09-01,1605,1639,1601,1629,18223,0.01495327102803734
2025-09-02,1629,1700,1629,1700,19597,0.04358502148557397
2025-09-03,1700,1729,1690,1710,23511,0.00588235294117645
2025-09-04,1710,1712,1690,1710,17649,0.0
2025-09-05,1694,1719,1694,1698,10678,-0.007017543859649145
2025-09-08,1690,1698,1680,1696,10930,-0.0011778563015312216
2025-09-09,1693,1696,1670,1695,4994,-0.000589622641509413
2025-09-10,1691,1695,1685,1694,34154,-0.0005899705014749124
2025-09-11,1694,1706,1659,1670,30502,-0.01416765053128688
2025-09-12,1670,1699,1665,1692,31510,0.013173652694610682
2025-09-15,1688,1699,1670,1687,40943,-0.002955082742316817
2025-09-16,1687,1694,1678,1689,13572,0.0011855364552459946
2025-09-17,1689,1722,1680,1715,36862,0.015393724097098938
2025-09-18,1710,1715,1696,1705,25669,-0.005830903790087438
2025-09-19,1705,1707,1695,1702,10357,-0.0017595307917888103
2025-09-22,1697,1697,1680,1688,7811,-0.008225616921269108
2025-09-23,1684,1687,1660,1669,10701,-0.01125592417061616
2025-09-24,1667,1669,1640,1653,21354,-0.009586578789694378
2025-09-25,1649,1653,1590,1634,45807,-0.011494252873563204
2025-09-26,1615,1634,1590,1632,20978,-0.001223990208078285
2025-09-29,1624,1630,1595,1604,16816,-0.01715686274509809
2025-09-30,1604,1630,1572,1605,17346,0.0006234413965087171
2025-10-01,1606,1623,1595,1610,23165,0.0031152647975076775
2025-10-02,1610,1620,1597,1612,17443,0.001242236024844745
2025-10-10,1612,1900,1580,1636,1165936,0.014888337468982549
2025-10-13,1636,1646,1550,1585,110756,-0.03117359413202936
