Date,Open,High,Low,Close,Volume,Change
2022-01-03,3415,3480,3410,3445,124540,0.008784773060029227
2022-01-04,3480,3495,3410,3495,122864,0.014513788098693858
2022-01-05,3500,3500,3390,3400,105172,-0.027181688125894166
2022-01-06,3395,3395,3250,3300,130030,-0.02941176470588236
2022-01-07,3295,3340,3265,3295,49997,-0.0015151515151514694
2022-01-10,3340,3495,3300,3330,87045,0.01062215477996964
2022-01-11,3300,3400,3190,3335,78422,0.0015015015015014122
2022-01-12,3335,3380,3325,3365,49138,0.008995502248875464
2022-01-13,3365,3500,3360,3460,186804,0.028231797919762158
2022-01-14,3465,3500,3375,3465,143493,0.0014450867052022698
2022-01-17,3460,3460,3350,3410,78577,-0.015873015873015928
2022-01-18,3405,3405,3300,3315,72733,-0.027859237536656867
2022-01-19,3255,3295,3245,3285,105033,-0.009049773755656076
2022-01-20,3230,3380,3230,3340,45665,0.016742770167427645
2022-01-21,3340,3340,3250,3270,49235,-0.020958083832335328
2022-01-24,3270,3280,3105,3215,266051,-0.016819571865443472
2022-01-25,3400,3440,3080,3210,559687,-0.0015552099533436836
2022-01-26,3180,3245,3140,3170,121192,-0.012461059190031154
2022-01-27,3175,3200,3015,3095,116983,-0.023659305993690816
2022-01-28,3095,3130,3000,3100,65917,0.001615508885298933
2022-02-03,3100,3180,3100,3125,53368,0.008064516129032251
2022-02-04,3150,3220,3100,3220,75949,0.030399999999999983
2022-02-07,3230,3240,3100,3225,48911,0.0015527950310558758
2022-02-08,3215,3245,3145,3210,85819,-0.0046511627906976605
2022-02-09,3210,3280,3190,3240,54509,0.009345794392523255
2022-02-10,3285,3285,3140,3195,63534,-0.01388888888888884
2022-02-11,3130,3190,3095,3160,193096,-0.010954616588419452
2022-02-14,3045,3130,2995,3050,160000,-0.034810126582278444
2022-02-15,3045,3060,2960,3000,100308,-0.016393442622950838
2022-02-16,3005,3080,3000,3080,94448,0.026666666666666616
2022-02-17,3080,3150,3000,3065,234076,-0.004870129870129913
2022-02-18,3060,3100,2975,3085,87372,0.006525285481239873
2022-02-21,3110,3140,2980,3075,130693,-0.0032414910858995505
2022-02-22,3045,3045,2970,3000,150033,-0.024390243902439046
2022-02-23,3005,3130,2995,3115,134104,0.03833333333333333
2022-02-24,3115,3115,2985,2990,89820,-0.0401284109149278
2022-02-25,3005,3070,3005,3065,41874,0.025083612040133874
2022-02-28,3100,3165,3065,3115,54075,0.01631321370309946
2022-03-02,3100,3150,3085,3140,50678,0.008025682182985605
2022-03-03,3185,3185,3140,3165,52512,0.0079617834394905
2022-03-04,3185,3255,3175,3250,151606,0.026856240126382325
2022-03-07,3250,3390,3250,3335,369422,0.026153846153846194
2022-03-08,3335,3335,3215,3325,176462,-0.0029985007496251548
2022-03-10,3330,3345,3260,3320,91649,-0.0015037593984962294
2022-03-11,3350,3395,3285,3305,184620,-0.004518072289156572
2022-03-14,3350,3350,3245,3305,110519,0.0
2022-03-15,3310,3320,3245,3305,123845,0.0
2022-03-16,3295,3360,3280,3320,54558,0.004538577912254205
2022-03-17,3320,3350,3285,3300,171435,-0.0060240963855421326
2022-03-18,3325,3350,3265,3310,85257,0.003030303030302939
2022-03-21,3320,3340,3285,3315,83220,0.0015105740181269312
2022-03-22,3345,3345,3275,3315,87062,0.0
2022-03-23,3360,3470,3355,3455,1108869,0.042232277526395245
2022-03-24,3460,3465,3330,3400,281343,-0.01591895803183796
2022-03-25,3445,3445,3320,3335,219584,-0.019117647058823573
2022-03-28,3305,3330,3260,3290,111837,-0.013493253373313308
2022-03-29,3315,3315,3215,3225,140501,-0.019756838905775065
2022-03-30,3230,3250,3185,3250,98796,0.007751937984496138
2022-03-31,3250,3255,3175,3200,121957,-0.01538461538461533
2022-04-01,3230,3230,3160,3210,97755,0.0031250000000000444
2022-04-04,3245,3250,3190,3250,56750,0.012461059190031154
2022-04-05,3275,3275,3215,3220,62752,-0.009230769230769265
2022-04-06,3200,3240,3195,3220,63984,0.0
2022-04-07,3260,3900,3260,3425,19765614,0.06366459627329202
2022-04-08,3355,3430,3310,3380,1141657,-0.013138686131386912
2022-04-11,3385,3480,3245,3245,1157484,-0.0399408284023669
2022-04-12,3195,3425,3180,3245,584703,0.0
2022-04-13,3315,3450,3280,3370,956117,0.03852080123266566
2022-04-14,3390,3410,3310,3310,372883,-0.017804154302670572
2022-04-15,3340,3350,3245,3330,341750,0.0060422960725075026
2022-04-18,3015,3055,2810,2885,3595270,-0.13363363363363367
2022-04-19,2925,2945,2860,2920,1088268,0.0121317157712304
2022-04-20,2930,3060,2890,3020,1294387,0.03424657534246567
2022-04-21,3040,3060,2975,3015,608488,-0.0016556291390728006
2022-04-22,2970,3055,2970,3010,394743,-0.0016583747927031434
2022-04-25,2980,2980,2920,2945,388698,-0.021594684385382035
2022-04-26,2945,2980,2930,2970,147042,0.008488964346349714
2022-04-27,2945,2945,2810,2920,201549,-0.01683501683501687
2022-04-28,2940,3235,2935,2940,3865581,0.006849315068493178
2022-04-29,2965,3075,2960,2975,985485,0.011904761904761862
2022-05-02,2965,3005,2940,2985,214670,0.003361344537815114
2022-05-03,2990,3030,2990,3015,249801,0.01005025125628145
2022-05-04,3020,3060,2990,3050,265602,0.011608623548922115
2022-05-06,3025,3035,2950,2975,215337,-0.024590163934426257
2022-05-09,2980,2980,2905,2915,243187,-0.020168067226890796
2022-05-10,2890,2890,2775,2840,324505,-0.02572898799313894
2022-05-11,2850,2875,2815,2845,95245,0.0017605633802817433
2022-05-12,2860,3050,2800,2805,1158429,-0.01405975395430581
2022-05-13,2785,2915,2785,2850,304065,0.016042780748663166
2022-05-16,2900,2900,2820,2870,187273,0.007017543859649145
2022-05-17,2825,2915,2825,2900,150636,0.010452961672473782
2022-05-18,2910,2995,2875,2900,98887,0.0
2022-05-19,2880,2880,2830,2830,127310,-0.024137931034482807
2022-05-20,2850,2900,2820,2880,195263,0.0176678445229681
2022-05-23,2870,2875,2825,2870,136792,-0.00347222222222221
2022-05-24,2860,2870,2795,2845,159797,-0.008710801393728262
2022-05-25,2825,2845,2795,2805,139677,-0.01405975395430581
2022-05-26,2805,2830,2770,2830,124373,0.00891265597147961
2022-05-27,2815,2840,2790,2825,109020,-0.0017667844522968323
2022-05-30,2810,2840,2795,2815,58704,-0.0035398230088495852
2022-05-31,2815,2835,2790,2825,57895,0.003552397868561208
2022-06-02,2825,2825,2780,2805,147078,-0.0070796460176991705
2022-06-03,2820,2820,2790,2815,67698,0.0035650623885918886
2022-06-07,2810,2815,2765,2795,117770,-0.007104795737122527
2022-06-08,2795,2795,2755,2760,82676,-0.012522361359570633
2022-06-09,2760,2760,2595,2730,167580,-0.010869565217391353
2022-06-10,2730,2730,2650,2710,88638,-0.0073260073260073
2022-06-13,2660,2660,2545,2550,185548,-0.059040590405904037
2022-06-14,2445,2575,2420,2480,184722,-0.027450980392156876
2022-06-15,2455,2495,2330,2350,262605,-0.05241935483870963
2022-06-16,2360,2490,2345,2415,119283,0.027659574468085202
2022-06-17,2400,2425,2275,2405,182344,-0.0041407867494823725
2022-06-20,2405,2410,2250,2250,159000,-0.0644490644490644
2022-06-21,2230,2280,2160,2245,142860,-0.0022222222222222365
2022-06-22,2245,2295,2165,2220,201646,-0.011135857461024523
2022-06-23,2220,2315,2165,2255,277370,0.015765765765765716
2022-06-24,2225,2395,2225,2390,169846,0.05986696230598665
2022-06-27,2350,2495,2350,2450,134507,0.025104602510460206
2022-06-28,2425,2485,2410,2440,45470,-0.004081632653061273
2022-06-29,2435,2455,2365,2435,52357,-0.002049180327868827
2022-06-30,2410,2445,2370,2375,57439,-0.024640657084188944
2022-07-01,2375,2400,2270,2325,66036,-0.021052631578947323
2022-07-04,2335,2380,2220,2380,72931,0.023655913978494647
2022-07-05,2380,2425,2370,2425,33912,0.018907563025210017
2022-07-06,2425,2460,2330,2420,96344,-0.0020618556701030855
2022-07-07,2420,2470,2390,2450,55838,0.012396694214876103
2022-07-08,2445,2505,2420,2495,95664,0.01836734693877551
2022-07-11,2495,2500,2445,2475,19588,-0.008016032064128265
2022-07-12,2450,2470,2375,2470,57570,-0.002020202020202033
2022-07-13,2430,2470,2400,2470,23082,0.0
2022-07-14,2465,2465,2410,2465,11311,-0.002024291497975672
2022-07-15,2410,2440,2390,2410,23958,-0.022312373225152116
2022-07-18,2410,2455,2390,2450,29334,0.016597510373443924
2022-07-19,2425,2455,2415,2455,16668,0.0020408163265306367
2022-07-20,2490,2490,2415,2470,43289,0.006109979633401208
2022-07-21,2470,2470,2350,2450,15885,-0.0080971659919028
2022-07-22,2445,2450,2415,2445,22964,-0.0020408163265306367
2022-07-25,2450,2450,2400,2435,23360,-0.004089979550102263
2022-07-26,2410,2440,2410,2435,15210,0.0
2022-07-27,2435,2435,2405,2420,25189,-0.006160164271047264
2022-07-28,2435,2470,2425,2460,37748,0.016528925619834656
2022-07-29,2450,2475,2450,2455,38380,-0.002032520325203291
2022-08-01,2470,2470,2440,2450,34286,-0.0020366598778004397
2022-08-02,2435,2450,2395,2450,55153,0.0
2022-08-03,2445,2470,2420,2455,45928,0.0020408163265306367
2022-08-04,2455,2470,2305,2420,278426,-0.014256619144602856
2022-08-05,2420,2435,2345,2435,104303,0.006198347107438051
2022-08-08,2410,2430,2350,2420,70599,-0.006160164271047264
2022-08-09,2400,2420,2360,2390,79607,-0.012396694214875992
2022-08-10,2385,2430,2365,2430,47785,0.01673640167364021
2022-08-11,2445,2450,2405,2440,67663,0.004115226337448652
2022-08-12,2410,2445,2410,2440,52533,0.0
2022-08-16,2460,2510,2460,2490,137031,0.020491803278688492
2022-08-17,2490,2500,2445,2490,93903,0.0
2022-08-18,2475,2500,2470,2490,75456,0.0
2022-08-19,2490,2490,2450,2490,66312,0.0
2022-08-22,2465,2495,2450,2490,47113,0.0
2022-08-23,2450,2535,2445,2535,210271,0.01807228915662651
2022-08-24,2510,2700,2510,2665,500519,0.05128205128205132
2022-08-25,2665,2685,2630,2660,139037,-0.0018761726078799779
2022-08-26,2695,2695,2620,2660,105318,0.0
2022-08-29,2595,2660,2550,2655,86862,-0.001879699248120259
2022-08-30,2625,2655,2600,2605,94610,-0.01883239171374762
2022-08-31,2600,2635,2560,2605,56024,0.0
2022-09-01,2640,2640,2500,2540,92551,-0.0249520153550864
2022-09-02,2510,2605,2500,2605,55963,0.025590551181102317
2022-09-05,2575,2605,2520,2605,75753,0.0
2022-09-06,2580,2615,2450,2530,135826,-0.028790786948176605
2022-09-07,2545,2570,2500,2555,141625,0.009881422924901129
2022-09-08,2545,2595,2515,2570,63207,0.005870841487279899
2022-09-13,2585,2600,2535,2600,55765,0.011673151750972721
2022-09-14,2565,2585,2510,2540,110567,-0.023076923076923106
2022-09-15,2540,2555,2495,2525,57858,-0.0059055118110236116
2022-09-16,2540,2630,2505,2560,162641,0.013861386138613874
2022-09-19,2515,2570,2455,2460,107680,-0.0390625
2022-09-20,2430,2505,2430,2505,88802,0.018292682926829285
2022-09-21,2505,2505,2460,2495,52669,-0.003992015968063867
2022-09-22,2490,2490,2400,2475,86023,-0.008016032064128265
2022-09-23,2440,2550,2440,2445,105143,-0.012121212121212088
2022-09-26,2435,2435,2285,2290,207082,-0.06339468302658491
2022-09-27,2220,2300,2180,2250,112848,-0.017467248908296984
2022-09-28,2250,2275,2040,2135,118437,-0.05111111111111111
2022-09-29,2175,2200,2140,2170,55347,0.016393442622950838
2022-09-30,2165,2165,2060,2150,90141,-0.009216589861751112
2022-10-04,2170,2195,2120,2195,89987,0.020930232558139528
2022-10-05,2195,2245,2150,2190,54444,-0.002277904328018221
2022-10-06,2225,2225,2160,2220,41517,0.013698630136986356
2022-10-07,2200,2290,2180,2260,35720,0.018018018018018056
2022-10-11,2190,2200,2125,2200,40546,-0.026548672566371723
2022-10-12,2290,2290,2105,2200,93386,0.0
2022-10-13,2200,2200,2115,2150,79960,-0.022727272727272707
2022-10-14,2155,2260,2155,2225,82226,0.03488372093023262
2022-10-17,2180,2270,2150,2250,49289,0.011235955056179803
2022-10-18,2245,2285,2230,2255,46866,0.0022222222222221255
2022-10-19,2260,2280,2220,2245,31897,-0.0044345898004434225
2022-10-20,2245,2245,2185,2210,30247,-0.015590200445434244
2022-10-21,2195,2215,2140,2170,25014,-0.018099547511312264
2022-10-24,2180,2230,2140,2145,44535,-0.011520737327188946
2022-10-25,2170,2170,2120,2140,20318,-0.002331002331002363
2022-10-26,2175,2175,2090,2140,27790,0.0
2022-10-27,2175,2180,2110,2145,38801,0.002336448598130758
2022-10-28,2115,2170,2115,2115,28036,-0.013986013986013957
2022-10-31,2180,2180,2105,2130,26898,0.007092198581560183
2022-11-01,2130,2145,2110,2140,44602,0.0046948356807512415
2022-11-02,2135,2155,2125,2155,39827,0.007009345794392496
2022-11-03,2150,2155,2120,2155,43007,0.0
2022-11-04,2155,2200,2120,2130,55529,-0.011600928074245953
2022-11-07,2175,2175,2115,2125,44330,-0.0023474178403756207
2022-11-08,2130,2170,2130,2165,38472,0.018823529411764683
2022-11-09,2200,2200,2145,2160,40862,-0.002309468822170868
2022-11-10,2160,2170,2140,2160,29113,0.0
2022-11-11,2220,2250,2160,2175,91217,0.00694444444444442
2022-11-14,2180,2200,2165,2180,48051,0.0022988505747125743
2022-11-15,2180,2190,2140,2145,114472,-0.016055045871559592
2022-11-16,2135,2170,2125,2145,122318,0.0
2022-11-17,2140,2165,2120,2130,92712,-0.006993006993006978
2022-11-18,2130,2155,2110,2125,72540,-0.0023474178403756207
2022-11-21,2130,2130,2070,2095,75129,-0.014117647058823568
2022-11-22,2075,2115,2075,2115,59310,0.009546539379474916
2022-11-23,2120,2130,2090,2110,30294,-0.0023640661938534313
2022-11-24,2100,2145,2100,2135,47862,0.011848341232227444
2022-11-25,2150,2150,2105,2125,14275,-0.004683840749414525
2022-11-28,2140,2140,2080,2085,39458,-0.018823529411764683
2022-11-29,2085,2100,2050,2100,23595,0.007194244604316502
2022-11-30,2100,2105,2085,2100,21659,0.0
2022-12-01,2115,2150,2000,2105,91825,0.0023809523809523725
2022-12-02,2125,2130,2075,2105,36569,0.0
2022-12-05,2105,2140,2080,2110,43209,0.002375296912114022
2022-12-06,2105,2165,2070,2120,52153,0.004739336492890933
2022-12-07,2110,2120,2070,2120,37536,0.0
2022-12-08,2110,2120,2050,2055,63671,-0.030660377358490587
2022-12-09,2055,2095,2050,2090,9183,0.017031630170316392
2022-12-12,2080,2080,2045,2050,25730,-0.019138755980861233
2022-12-13,2040,2050,2015,2050,27441,0.0
2022-12-14,2040,2065,2025,2055,14671,0.0024390243902439046
2022-12-15,2065,2065,2025,2040,28296,-0.007299270072992692
2022-12-16,2030,2035,2000,2015,42423,-0.01225490196078427
2022-12-19,2020,2045,2000,2020,40844,0.002481389578163684
2022-12-20,2020,2020,1910,1920,168743,-0.04950495049504955
2022-12-21,1935,1955,1875,1930,76122,0.005208333333333259
2022-12-22,1950,1950,1900,1920,43910,-0.005181347150259086
2022-12-23,1915,1915,1875,1880,82590,-0.02083333333333337
2022-12-26,1850,1875,1835,1875,58381,-0.0026595744680850686
2022-12-27,1860,1920,1860,1905,57333,0.016000000000000014
2022-12-28,1890,1950,1890,1910,41506,0.002624671916010568
2022-12-29,1945,1955,1880,1945,110749,0.018324607329842868
2023-01-02,1945,1945,1880,1920,109923,-0.01285347043701801
2023-01-03,1920,1995,1900,1995,80386,0.0390625
2023-01-04,2000,2065,1955,2025,92794,0.015037593984962516
2023-01-05,2050,2050,2010,2025,13569,0.0
2023-01-06,2020,2060,1995,2035,39271,0.004938271604938205
2023-01-09,2020,2040,2010,2025,41217,-0.004914004914004955
2023-01-10,2025,2190,2020,2140,417149,0.05679012345679002
2023-01-11,2170,2210,2150,2195,152665,0.025700934579439227
2023-01-12,2200,2220,2145,2145,26824,-0.02277904328018221
2023-01-13,2150,2170,2110,2130,23172,-0.006993006993006978
2023-01-16,2120,2145,2110,2140,28455,0.0046948356807512415
2023-01-17,2125,2165,2085,2130,44807,-0.004672897196261627
2023-01-18,2140,2150,2090,2125,55965,-0.0023474178403756207
2023-01-19,2115,2120,2050,2085,17588,-0.018823529411764683
2023-01-20,2055,2100,2055,2095,8557,0.004796163069544335
2023-01-25,2100,2100,2060,2080,29128,-0.007159904534606243
2023-01-26,2075,2125,2065,2115,63537,0.016826923076923128
2023-01-27,2130,2145,2115,2140,27833,0.011820330969267046
2023-01-30,2140,2165,2120,2140,30220,0.0
2023-01-31,2130,2155,2125,2140,12979,0.0
2023-02-01,2125,2150,2120,2130,24028,-0.004672897196261627
2023-02-02,2115,2195,2115,2195,77600,0.030516431924882736
2023-02-03,2195,2250,2170,2240,207388,0.0205011389521641
2023-02-06,2225,2250,2215,2245,49020,0.0022321428571427937
2023-02-07,2230,2255,2210,2225,31089,-0.008908685968819552
2023-02-08,2245,2245,2210,2240,45344,0.006741573033707926
2023-02-09,2235,2245,2220,2230,32424,-0.004464285714285698
2023-02-10,2255,2255,2180,2230,54975,0.0
2023-02-13,2195,2220,2180,2215,47506,-0.006726457399103158
2023-02-14,2200,2235,2200,2225,8757,0.004514672686230181
2023-02-15,2225,2240,2170,2200,37605,-0.011235955056179803
2023-02-16,2240,2245,2185,2220,24591,0.009090909090909038
2023-02-17,2190,2210,2185,2185,42052,-0.015765765765765716
2023-02-20,2200,2220,2180,2210,44990,0.011441647597254079
2023-02-21,2255,2270,2205,2210,82258,0.0
2023-02-22,2225,2225,2175,2185,25156,-0.011312217194570096
2023-02-23,2185,2235,2165,2175,33204,-0.004576659038901587
2023-02-24,2170,2185,2120,2150,46704,-0.011494252873563204
2023-02-27,2150,2150,2080,2100,28797,-0.023255813953488413
2023-02-28,2070,2105,2070,2075,33245,-0.011904761904761862
2023-03-02,2100,2100,2030,2050,63757,-0.012048192771084376
2023-03-03,2050,2080,2025,2045,91949,-0.0024390243902439046
2023-03-06,2085,2180,2050,2170,148984,0.06112469437652801
2023-03-07,2170,2180,2135,2135,30183,-0.016129032258064502
2023-03-08,2130,2130,2070,2075,28432,-0.02810304449648715
2023-03-09,2055,2100,2030,2075,54207,0.0
2023-03-10,2065,2080,2025,2070,20758,-0.002409638554216831
2023-03-13,2015,2070,1999,2035,27579,-0.016908212560386437
2023-03-14,2045,2055,1950,2035,109449,0.0
2023-03-15,2040,2110,2035,2080,106674,0.02211302211302213
2023-03-16,2065,2080,2045,2045,23101,-0.016826923076923128
2023-03-17,2035,2100,2030,2085,77881,0.019559902200489088
2023-03-20,2130,2130,2045,2045,46035,-0.01918465227817745
2023-03-21,2070,2070,1975,2050,25538,0.0024449877750611915
2023-03-22,2085,2085,2020,2025,49983,-0.012195121951219523
2023-03-23,2075,2075,2020,2030,27416,0.0024691358024691024
2023-03-24,2055,2055,2010,2030,45069,0.0
2023-03-27,2030,2030,1999,2005,44189,-0.012315270935960632
2023-03-28,2005,2040,1995,2040,19994,0.0174563591022443
2023-03-29,2040,2055,2025,2040,15925,0.0
2023-03-30,2090,2090,2015,2020,44342,-0.009803921568627416
2023-03-31,2035,2040,2020,2035,19412,0.007425742574257432
2023-04-03,2070,2070,2025,2025,47969,-0.004914004914004955
2023-04-04,2065,2065,2025,2035,21459,0.004938271604938205
2023-04-05,2045,2045,2030,2040,29926,0.002457002457002533
2023-04-06,2045,2045,2000,2020,53870,-0.009803921568627416
2023-04-07,2035,2035,2005,2020,22204,0.0
2023-04-10,2020,2020,1996,2000,73956,-0.00990099009900991
2023-04-11,2000,2010,1990,2000,110185,0.0
2023-04-12,2000,2025,1997,2020,54968,0.010000000000000009
2023-04-13,2015,2015,1996,2010,39400,-0.004950495049504955
2023-04-14,2025,2030,1999,2020,137249,0.004975124378109541
2023-04-17,2090,2090,2010,2060,69647,0.01980198019801982
2023-04-18,2060,2060,2025,2045,63556,-0.007281553398058249
2023-04-19,2045,2075,2025,2045,89385,0.0
2023-04-20,2045,2065,2030,2045,49920,0.0
2023-04-21,2035,2040,2000,2025,65699,-0.009779951100244544
2023-04-24,2025,2040,2010,2020,24294,-0.0024691358024691024
2023-04-25,2000,2020,2000,2015,67582,-0.0024752475247524774
2023-04-26,2015,2030,2000,2020,21181,0.002481389578163684
2023-04-27,2020,2040,2000,2040,45776,0.00990099009900991
2023-04-28,2080,2080,2020,2025,26353,-0.007352941176470562
2023-05-02,2010,2025,2005,2020,24726,-0.0024691358024691024
2023-05-03,2015,2015,2000,2005,35564,-0.007425742574257432
2023-05-04,2000,2015,1995,2000,35370,-0.0024937655860348684
2023-05-08,2040,2040,2005,2020,74238,0.010000000000000009
2023-05-09,2020,2030,2005,2025,47531,0.0024752475247524774
2023-05-10,2065,2065,2015,2050,31876,0.012345679012345734
2023-05-11,2055,2055,2025,2050,33874,0.0
2023-05-12,2055,2190,2055,2145,267862,0.04634146341463419
2023-05-15,2145,2185,2110,2170,60018,0.011655011655011593
2023-05-16,2165,2165,2050,2055,74812,-0.05299539170506917
2023-05-17,2055,2090,2050,2075,51848,0.009732360097323589
2023-05-18,2085,2105,2075,2100,38952,0.012048192771084265
2023-05-19,2100,2110,2085,2095,44629,-0.0023809523809523725
2023-05-22,2095,2095,2065,2090,18412,-0.0023866348448687846
2023-05-23,2105,2105,2050,2080,48428,-0.004784688995215336
2023-05-24,2080,2080,2035,2050,46092,-0.014423076923076872
2023-05-25,2050,2080,2030,2050,50697,0.0
2023-05-26,2050,2050,2015,2020,36488,-0.014634146341463428
2023-05-30,2020,2045,2010,2030,38461,0.004950495049504955
2023-05-31,2030,2030,2000,2010,52735,-0.009852216748768461
2023-06-01,2005,2025,1999,2010,38061,0.0
2023-06-02,2000,2015,1998,2015,38919,0.0024875621890547706
2023-06-05,2015,2025,2000,2010,43737,-0.002481389578163795
2023-06-07,2010,2035,2000,2015,105630,0.0024875621890547706
2023-06-08,2010,2040,2005,2040,28505,0.012406947890818865
2023-06-09,2040,2040,2005,2030,45723,-0.004901960784313708
2023-06-12,2030,2030,2000,2025,31509,-0.0024630541871921707
2023-06-13,2030,2030,2000,2010,39530,-0.007407407407407418
2023-06-14,2005,2015,1995,1998,45920,-0.005970149253731294
2023-06-15,1998,2040,1998,2040,111612,0.021021021021021102
2023-06-16,2040,2120,2040,2055,48494,0.007352941176470562
2023-06-19,2070,2070,2020,2020,44666,-0.01703163017031628
2023-06-20,2030,2030,2010,2010,10523,-0.004950495049504955
2023-06-21,2005,2020,1998,2000,86552,-0.00497512437810943
2023-06-22,2010,2015,1999,2005,32450,0.0024999999999999467
2023-06-23,2030,2035,1997,2000,36024,-0.0024937655860348684
2023-06-26,2000,2020,1990,2005,67709,0.0024999999999999467
2023-06-27,2005,2015,1999,2010,32490,0.0024937655860348684
2023-06-28,2020,2035,2000,2010,46220,0.0
2023-06-29,2020,2020,1989,1999,110467,-0.005472636815920362
2023-06-30,1999,2005,1920,2000,65713,0.0005002501250626068
2023-07-03,2030,2050,1993,2015,125764,0.007500000000000062
2023-07-04,2020,2025,1999,2015,45702,0.0
2023-07-05,2000,2015,1999,2010,36532,-0.002481389578163795
2023-07-06,2010,2010,1995,2005,48310,-0.0024875621890547706
2023-07-07,2005,2005,1991,1992,37968,-0.006483790523690747
2023-07-10,1993,2010,1993,1999,33532,0.003514056224899642
2023-07-11,1999,2005,1995,1999,23193,0.0
2023-07-12,1999,2005,1986,1995,43929,-0.002001000500250094
2023-07-13,1978,2000,1978,1985,110503,-0.005012531328320802
2023-07-14,2005,2005,1930,1943,160854,-0.021158690176322437
2023-07-17,1943,1980,1932,1933,41474,-0.00514668039114774
2023-07-18,1972,1972,1902,1902,57770,-0.016037247801345078
2023-07-19,1854,1902,1854,1888,68422,-0.007360672975814886
2023-07-20,1888,1888,1864,1878,42406,-0.005296610169491567
2023-07-21,1878,1989,1850,1878,80953,0.0
2023-07-24,1878,1890,1835,1835,119211,-0.02289669861554844
2023-07-25,1803,1879,1802,1819,54975,-0.00871934604904634
2023-07-26,1819,1819,1679,1719,233192,-0.054975261132490405
2023-07-27,1719,1798,1719,1797,37272,0.04537521815008727
2023-07-28,1797,1834,1797,1821,16360,0.013355592654423987
2023-07-31,1880,1880,1767,1841,38071,0.010982976386600729
2023-08-01,1894,1895,1801,1830,38727,-0.005975013579576305
2023-08-02,1830,1877,1802,1815,37425,-0.008196721311475419
2023-08-03,1810,1834,1803,1816,27651,0.000550964187327807
2023-08-04,1816,1852,1785,1812,11164,-0.0022026431718061845
2023-08-07,1810,1815,1780,1814,20988,0.001103752759381793
2023-08-08,1807,1829,1787,1804,29436,-0.005512679162072764
2023-08-09,1813,1813,1788,1796,15806,-0.0044345898004434225
2023-08-10,1796,1803,1768,1783,53000,-0.007238307349665907
2023-08-11,1783,1810,1783,1806,41613,0.012899607403253022
2023-08-14,1806,1825,1797,1809,54233,0.0016611295681063787
2023-08-16,1818,1995,1809,1979,441247,0.0939745715865119
2023-08-17,1979,1979,1810,1942,91665,-0.01869631126831728
2023-08-18,1941,1941,1871,1883,60745,-0.03038105046343975
2023-08-21,1883,1921,1852,1917,49604,0.018056293149229852
2023-08-22,1917,1917,1880,1907,43362,-0.005216484089723528
2023-08-23,1882,1935,1882,1890,13157,-0.008914525432616727
2023-08-24,1878,1894,1878,1892,77688,0.0010582010582009804
2023-08-25,1880,1920,1856,1903,35101,0.005813953488372103
2023-08-28,1928,1928,1888,1905,27898,0.0010509721492379942
2023-08-29,1905,1915,1885,1909,27405,0.0020997375328084544
2023-08-30,1909,1943,1895,1910,19697,0.0005238344683080598
2023-08-31,1910,1942,1902,1914,12730,0.0020942408376962707
2023-09-01,1929,1929,1900,1922,45952,0.004179728317659448
2023-09-04,1922,1942,1922,1940,42962,0.009365244536940764
2023-09-05,1940,1966,1940,1966,50418,0.013402061855670055
2023-09-06,1966,2005,1966,1993,62994,0.013733468972533025
2023-09-07,1993,1993,1975,1989,41504,-0.002007024586051176
2023-09-08,1967,1987,1967,1971,12942,-0.009049773755656076
2023-09-11,2000,2005,1975,1999,50448,0.014205986808726534
2023-09-12,2010,2010,1994,1999,27951,0.0
2023-09-13,2005,2005,1942,1985,39389,-0.007003501750875385
2023-09-14,1963,1993,1952,1953,13324,-0.01612090680100753
2023-09-15,1988,1988,1953,1974,22167,0.010752688172043001
2023-09-18,1973,1973,1925,1960,28900,-0.007092198581560294
2023-09-19,1958,1960,1935,1960,14308,0.0
2023-09-20,1960,1962,1940,1957,19928,-0.001530612244897922
2023-09-21,1950,1957,1887,1936,45223,-0.01073071027082273
2023-09-22,1921,1935,1855,1935,32795,-0.0005165289256198191
2023-09-25,1935,1954,1901,1954,61319,0.009819121447028456
2023-09-26,1954,1974,1951,1958,24663,0.0020470829068577334
2023-09-27,1958,1958,1932,1957,9530,-0.0005107252298263143
2023-10-04,2005,2005,1951,1983,37010,0.013285641287685168
2023-10-05,1983,2005,1966,1971,21734,-0.006051437216338829
2023-10-06,1972,1994,1970,1970,24433,-0.0005073566717402889
2023-10-10,1968,1968,1897,1899,48243,-0.03604060913705587
2023-10-11,1900,1970,1900,1900,51718,0.0005265929436546468
2023-10-12,1900,1950,1900,1935,5483,0.018421052631578894
2023-10-13,1918,1921,1894,1894,15818,-0.021188630490956095
2023-10-16,1894,1950,1894,1897,11035,0.0015839493136220462
2023-10-17,1897,1930,1897,1912,11018,0.007907221929362107
2023-10-18,1912,1931,1912,1927,2501,0.007845188284518745
2023-10-19,1995,1995,1889,1921,21027,-0.0031136481577581643
2023-10-20,1921,1921,1857,1859,24400,-0.032274856845392996
2023-10-23,1830,1876,1830,1874,13527,0.008068854222700317
2023-10-24,1894,1894,1870,1873,13265,-0.0005336179295624133
2023-10-25,1912,1912,1857,1866,28118,-0.0037373198077950143
2023-10-26,1864,1866,1828,1840,20600,-0.01393354769560562
2023-10-27,1840,1922,1814,1847,18298,0.0038043478260869623
2023-10-30,1847,1907,1828,1839,12591,-0.0043313481321061165
2023-10-31,1824,1852,1824,1837,23619,-0.0010875475802066825
2023-11-01,1823,1900,1823,1851,17615,0.007621121393576402
2023-11-02,1855,1868,1837,1851,12126,0.0
2023-11-03,1869,1900,1851,1860,46396,0.004862236628849326
2023-11-06,1880,1900,1863,1870,23289,0.005376344086021501
2023-11-07,1870,1910,1868,1884,28348,0.007486631016042855
2023-11-08,1921,1921,1856,1866,28801,-0.009554140127388533
2023-11-09,1866,1886,1850,1876,5267,0.005359056806002238
2023-11-10,1870,1920,1849,1920,17190,0.023454157782516027
2023-11-13,1920,1920,1869,1869,21265,-0.026562500000000044
2023-11-14,1869,1885,1760,1876,27938,0.0037453183520599342
2023-11-15,1894,1896,1858,1891,58294,0.007995735607675858
2023-11-16,1882,1883,1851,1868,47247,-0.012162876784770016
2023-11-17,1867,1867,1833,1838,33193,-0.016059957173447548
2023-11-20,1838,1875,1838,1875,28427,0.020130576713819348
2023-11-21,1871,1871,1848,1858,22407,-0.009066666666666667
2023-11-22,1858,1867,1827,1842,42579,-0.008611410118406937
2023-11-23,1843,1857,1836,1836,37911,-0.0032573289902280145
2023-11-24,1830,1839,1830,1839,11184,0.0016339869281045694
2023-11-27,1839,1842,1825,1841,39085,0.0010875475802065715
2023-11-28,1841,1862,1834,1858,14541,0.009234111895708885
2023-11-29,1857,1857,1842,1847,3629,-0.005920344456404769
2023-11-30,1847,1887,1835,1853,10063,0.003248511099079643
2023-12-01,1850,1859,1838,1840,23865,-0.007015650296815945
2023-12-04,1840,1844,1819,1819,26718,-0.011413043478260887
2023-12-05,1810,1838,1809,1824,23085,0.002748763056624526
2023-12-06,1824,1824,1806,1818,13594,-0.003289473684210509
2023-12-07,1818,1835,1793,1820,16801,0.0011001100110010764
2023-12-08,1820,1848,1810,1815,10257,-0.0027472527472527375
2023-12-11,1847,1849,1810,1819,21477,0.002203856749311228
2023-12-12,1860,1860,1812,1817,12886,-0.0010995052226497881
2023-12-13,1817,1822,1800,1819,26816,0.0011007154650521933
2023-12-14,1802,1829,1802,1812,24010,-0.003848268279274314
2023-12-15,1840,1840,1805,1806,19008,-0.0033112582781457123
2023-12-18,1806,1824,1798,1800,9953,-0.0033222591362126463
2023-12-19,1824,1824,1791,1793,40169,-0.0038888888888889417
2023-12-20,1828,1828,1789,1798,35743,0.002788622420524245
2023-12-21,1799,1818,1790,1790,20886,-0.004449388209121219
2023-12-22,1800,1801,1781,1801,40245,0.0061452513966480105
2023-12-26,1797,1800,1778,1785,50251,-0.008883953359244856
2023-12-27,1800,1800,1775,1786,21523,0.0005602240896358524
2023-12-28,1786,1797,1786,1797,11300,0.006159014557670872
2024-01-02,1797,1797,1784,1793,29945,-0.0022259321090706274
2024-01-03,1774,1809,1774,1794,14270,0.000557724484104849
2024-01-04,1794,1800,1770,1786,22717,-0.004459308807134854
2024-01-05,1810,1810,1773,1803,28248,0.009518477043672924
2024-01-08,1815,1815,1790,1790,31824,-0.007210205213532994
2024-01-09,1821,1821,1783,1800,12915,0.005586592178770999
2024-01-10,1803,1803,1777,1794,31617,-0.0033333333333332993
2024-01-11,1810,1810,1773,1787,9073,-0.0039018952062430667
2024-01-12,1810,1810,1782,1795,13733,0.0044767767207609666
2024-01-15,1782,1790,1765,1781,26322,-0.007799442896935904
2024-01-16,1767,1781,1764,1781,24961,0.0
2024-01-17,1780,1780,1727,1727,40544,-0.030320044918585087
2024-01-18,1727,1772,1631,1705,22228,-0.01273885350318471
2024-01-19,1750,1750,1707,1715,21111,0.0058651026392961825
2024-01-22,1702,1715,1701,1714,8408,-0.0005830903790087216
2024-01-23,1775,1775,1709,1710,17689,-0.002333722287047868
2024-01-24,1740,1740,1682,1710,15002,0.0
2024-01-25,1734,1734,1705,1717,17952,0.004093567251461927
2024-01-26,1717,1717,1710,1711,13006,-0.0034944670937682165
2024-01-29,1740,1740,1652,1711,19153,0.0
2024-01-30,1755,1756,1723,1755,44477,0.02571595558153117
2024-01-31,1760,1778,1753,1760,18425,0.002849002849002913
2024-02-01,1760,1770,1755,1764,30036,0.002272727272727204
2024-02-02,1799,1799,1762,1776,34957,0.006802721088435382
2024-02-05,1777,1778,1750,1775,25525,-0.0005630630630630851
2024-02-06,1775,1777,1739,1769,17101,-0.0033802816901408184
2024-02-07,1769,1774,1737,1770,8893,0.0005652911249294235
2024-02-08,1798,1798,1751,1784,10429,0.00790960451977396
2024-02-13,1798,1810,1767,1794,26255,0.005605381165919354
2024-02-14,1805,1805,1785,1795,47130,0.0005574136008918984
2024-02-15,1804,1804,1770,1796,47039,0.0005571030640667551
2024-02-16,1816,1816,1760,1794,39938,-0.00111358574610243
2024-02-19,1762,1793,1762,1792,21049,-0.0011148272017836858
2024-02-20,1792,1794,1780,1793,21540,0.0005580357142858094
2024-02-21,1789,1793,1778,1788,15415,-0.002788622420524245
2024-02-22,1789,1796,1784,1795,15637,0.0039149888143177325
2024-02-23,1786,1789,1770,1788,14425,-0.003899721448467952
2024-02-26,1779,1779,1761,1777,26012,-0.00615212527964204
2024-02-27,1770,1777,1746,1774,27280,-0.0016882386043893804
2024-02-28,1767,1793,1734,1767,54846,-0.003945885005636973
2024-02-29,1789,1789,1750,1761,44854,-0.00339558573853993
2024-03-04,1784,1784,1750,1768,63264,0.003975014196479165
2024-03-05,1740,1770,1740,1754,32842,-0.007918552036199067
2024-03-06,1740,1753,1740,1748,22498,-0.0034207525655644
2024-03-07,1746,1855,1746,1764,120917,0.009153318077803174
2024-03-08,1764,1764,1746,1760,33178,-0.0022675736961451642
2024-03-11,1760,1760,1650,1755,128338,-0.0028409090909090606
2024-03-12,1712,1750,1712,1738,29355,-0.009686609686609726
2024-03-13,1738,1738,1720,1730,50778,-0.004602991944764101
2024-03-14,1722,1765,1722,1739,76609,0.005202312138728349
2024-03-15,1759,1759,1729,1743,19103,0.0023001725129385697
2024-03-18,1743,1748,1730,1743,34940,0.0
2024-03-19,1760,1760,1739,1739,48848,-0.0022948938611588865
2024-03-20,1739,1765,1733,1751,33596,0.006900517538815487
2024-03-21,1760,1760,1735,1750,15862,-0.0005711022272987254
2024-03-22,1760,1765,1743,1757,46288,0.0040000000000000036
2024-03-25,1756,1756,1737,1751,8874,-0.0034149117814455954
2024-03-26,1737,1751,1735,1744,21705,-0.003997715591090856
2024-03-27,1744,1757,1728,1737,8259,-0.004013761467889898
2024-03-28,1725,1745,1724,1734,28976,-0.0017271157167529916
2024-03-29,1735,1758,1734,1756,59383,0.012687427912341454
2024-04-01,1755,1759,1731,1734,84838,-0.01252847380410027
2024-04-02,1735,1753,1734,1739,27502,0.0028835063437140374
2024-04-03,1726,1739,1726,1738,40073,-0.0005750431282346424
2024-04-04,1760,1760,1725,1750,12177,0.0069044879171460405
2024-04-05,1749,1749,1731,1748,7851,-0.0011428571428571122
2024-04-08,1746,1750,1732,1742,57398,-0.003432494279176246
2024-04-09,1725,1743,1725,1742,19750,0.0
2024-04-11,1712,1740,1712,1740,19554,-0.0011481056257175437
2024-04-12,1752,1752,1722,1746,26836,0.0034482758620688614
2024-04-15,1743,1743,1717,1734,10556,-0.0068728522336769515
2024-04-16,1734,1734,1600,1725,74946,-0.00519031141868509
2024-04-17,1724,1730,1700,1730,859091,0.0028985507246377384
2024-04-18,1732,1748,1731,1746,14883,0.009248554913294793
2024-04-19,1753,1754,1673,1716,18210,-0.01718213058419249
2024-04-22,1716,1722,1631,1716,39118,0.0
2024-04-23,1695,1738,1695,1719,19529,0.0017482517482516613
2024-04-24,1710,1727,1697,1715,36005,-0.0023269342641070168
2024-04-25,1721,1732,1690,1726,45713,0.00641399416909616
2024-04-26,1726,1728,1714,1727,36394,0.0005793742757822518
2024-04-29,1710,1730,1707,1719,10412,-0.00463231036479439
2024-04-30,1719,1730,1712,1719,18701,0.0
2024-05-02,1716,1733,1710,1723,35590,0.0023269342641070168
2024-05-03,1723,1726,1712,1723,24523,0.0
2024-05-07,1736,1786,1713,1765,142612,0.024376088218224012
2024-05-08,1770,1770,1733,1768,15410,0.0016997167138810276
2024-05-09,1760,1770,1742,1769,17220,0.0005656108597285048
2024-05-10,1770,1817,1743,1784,87344,0.00847936687394002
2024-05-13,1751,1785,1747,1779,23605,-0.002802690582959677
2024-05-14,1782,1813,1751,1809,21640,0.01686340640809436
2024-05-16,1809,1809,1792,1800,9875,-0.00497512437810943
2024-05-17,1779,1779,1729,1757,44112,-0.02388888888888885
2024-05-20,1742,1772,1742,1768,60572,0.00626067159931698
2024-05-21,1769,1800,1750,1770,36697,0.0011312217194570096
2024-05-22,1770,1900,1750,1888,442400,0.06666666666666665
2024-05-23,1931,1940,1760,1877,246781,-0.005826271186440635
2024-05-24,1875,1877,1825,1857,129066,-0.010655301012253648
2024-05-27,1857,1861,1820,1840,95705,-0.00915455035002688
2024-05-28,1840,1889,1812,1850,104725,0.005434782608695565
2024-05-29,1817,1848,1806,1834,46783,-0.008648648648648671
2024-05-30,1844,1875,1800,1800,58162,-0.018538713195201728
2024-05-31,1800,1848,1782,1803,75490,0.0016666666666667052
2024-06-03,1805,1818,1770,1800,83522,-0.0016638935108153063
2024-06-04,1818,1818,1750,1783,63215,-0.009444444444444478
2024-06-05,1783,1783,1759,1768,16648,-0.008412787436904101
2024-06-07,1768,1770,1750,1750,27351,-0.010180995475113086
2024-06-10,1750,1780,1734,1734,65342,-0.00914285714285712
2024-06-11,1748,1750,1714,1744,15245,0.005767012687427853
2024-06-12,1744,1752,1713,1726,18790,-0.010321100917431214
2024-06-13,1726,1778,1715,1740,12838,0.008111239860950192
2024-06-14,1740,1780,1715,1746,59939,0.0034482758620688614
2024-06-17,1741,1746,1715,1746,23178,0.0
2024-06-18,1746,1749,1729,1739,8558,-0.004009163802978222
2024-06-19,1772,1772,1719,1720,18762,-0.010925819436457762
2024-06-20,1729,1729,1700,1708,37356,-0.006976744186046546
2024-06-21,1725,1741,1680,1688,44087,-0.011709601873536313
2024-06-24,1741,1741,1670,1685,10969,-0.0017772511848340722
2024-06-25,1672,1704,1661,1699,21152,0.008308605341246222
2024-06-26,1749,1749,1672,1684,34051,-0.008828722778104758
2024-06-27,1671,1680,1660,1680,15451,-0.002375296912114022
2024-06-28,1700,1700,1655,1689,5462,0.005357142857142838
2024-07-01,1677,1701,1669,1694,22123,0.002960331557134488
2024-07-02,1681,1689,1672,1680,15306,-0.008264462809917328
2024-07-03,1666,1690,1662,1680,9244,0.0
2024-07-04,1667,1680,1641,1650,51499,-0.017857142857142905
2024-07-05,1645,1670,1645,1652,9662,0.00121212121212122
2024-07-08,1646,1660,1556,1630,65842,-0.013317191283293006
2024-07-09,1630,1630,1592,1626,67160,-0.0024539877300613355
2024-07-10,1626,1626,1580,1600,44490,-0.01599015990159902
2024-07-11,1599,1630,1597,1615,8245,0.009374999999999911
2024-07-12,1618,1618,1599,1605,10810,-0.006191950464396245
2024-07-15,1605,1622,1592,1603,14333,-0.0012461059190030932
2024-07-16,1603,1615,1592,1600,21109,-0.0018714909544603753
2024-07-17,1595,1607,1588,1599,28570,-0.0006249999999999867
2024-07-18,1600,1600,1571,1592,24464,-0.004377736085053208
2024-07-19,1592,1592,1582,1591,17561,-0.0006281407035175768
2024-07-22,1580,1589,1580,1587,22389,-0.0025141420490257804
2024-07-23,1587,1587,1574,1576,19360,-0.006931316950220534
2024-07-24,1567,1599,1555,1567,41665,-0.005710659898477188
2024-07-25,1567,1597,1567,1595,15090,0.01786853860880666
2024-07-26,1590,1610,1583,1605,48517,0.006269592476489061
2024-07-29,1593,1607,1589,1607,25346,0.0012461059190032042
2024-07-30,1600,1609,1585,1609,20391,0.001244555071561848
2024-07-31,1590,1600,1581,1586,18280,-0.01429459291485391
2024-08-01,1575,1610,1575,1590,7677,0.0025220680958386588
2024-08-02,1591,1600,1576,1578,6056,-0.007547169811320753
2024-08-05,1578,1578,1410,1502,82059,-0.04816223067173642
2024-08-06,1502,1569,1484,1567,33341,0.043275632490013205
2024-08-07,1580,1591,1560,1579,12823,0.007657945118060061
2024-08-08,1567,1599,1506,1599,18988,0.012666244458517939
2024-08-09,1587,1599,1574,1598,9924,-0.000625390869293363
2024-08-12,1598,1603,1578,1598,4630,0.0
2024-08-13,1598,1600,1580,1583,3714,-0.009386733416770987
2024-08-14,1567,1602,1520,1569,55772,-0.008843967150979126
2024-08-16,1560,1579,1538,1547,39524,-0.014021669853409802
2024-08-19,1532,1575,1530,1554,6247,0.004524886877828038
2024-08-20,1556,1559,1510,1559,20960,0.003217503217503248
2024-08-21,1543,1568,1504,1554,24293,-0.003207184092366866
2024-08-22,1553,1570,1525,1555,9466,0.0006435006435006052
2024-08-23,1555,1575,1552,1554,126541,-0.0006430868167202064
2024-08-26,1554,1554,1520,1531,20601,-0.014800514800514808
2024-08-27,1520,1526,1492,1502,33409,-0.01894186806009146
2024-08-28,1500,1510,1467,1504,54218,0.0013315579227697327
2024-08-29,1504,1520,1489,1510,19576,0.003989361702127603
2024-08-30,1529,1530,1486,1509,27962,-0.0006622516556291647
2024-09-02,1540,1540,1502,1513,40916,0.002650762094102088
2024-09-03,1500,1540,1497,1535,34051,0.014540647719762045
2024-09-04,1539,1539,1470,1499,19852,-0.02345276872964175
2024-09-05,1559,1580,1486,1551,46271,0.034689793195463725
2024-09-06,1577,1577,1489,1518,16163,-0.021276595744680882
2024-09-09,1518,1536,1496,1525,51754,0.004611330698287119
2024-09-10,1525,1550,1499,1503,33478,-0.01442622950819672
2024-09-11,1510,1510,1495,1504,40614,0.0006653359946773296
2024-09-12,1548,1548,1500,1536,8131,0.02127659574468077
2024-09-13,1556,1556,1510,1531,53720,-0.0032552083333333703
2024-09-19,1532,1532,1500,1525,5858,-0.003919007184846501
2024-09-20,1519,1530,1510,1528,26550,0.0019672131147541183
2024-09-23,1530,1575,1502,1510,25054,-0.011780104712041939
2024-09-24,1510,1524,1500,1520,13485,0.0066225165562914245
2024-09-25,1508,1569,1508,1524,12110,0.002631578947368318
2024-09-26,1554,1554,1505,1520,15284,-0.002624671916010457
2024-09-27,1518,1527,1507,1524,14039,0.002631578947368318
2024-09-30,1544,1544,1485,1520,29869,-0.002624671916010457
2024-10-02,1518,1518,1489,1497,17280,-0.015131578947368385
2024-10-04,1491,1507,1490,1498,7819,0.0006680026720107257
2024-10-07,1498,1503,1420,1503,57428,0.0033377837116155273
2024-10-08,1500,1503,1436,1472,30018,-0.020625415834996663
2024-10-10,1472,1472,1418,1425,87650,-0.03192934782608692
2024-10-11,1436,1575,1404,1500,247228,0.05263157894736836
2024-10-14,1490,1490,1428,1455,58890,-0.030000000000000027
2024-10-15,1453,1454,1414,1422,74302,-0.02268041237113405
2024-10-16,1421,1478,1411,1478,15700,0.039381153305203975
2024-10-17,1468,1505,1441,1505,25273,0.0182679296346413
