Date,Open,High,Low,Close,Volume,Change
2022-01-03,4370,5820,4370,5340,165,0.051181102362204633
2022-01-04,5300,5300,4540,5290,63,-0.009363295880149836
2022-01-05,6000,6000,5810,5810,2,0.09829867674858228
2022-01-06,5650,5780,4945,4950,232,-0.1480206540447504
2022-01-07,5060,5060,4305,4960,207,0.002020202020202033
2022-01-10,4255,5020,4250,5000,455,0.008064516129032251
2022-01-11,5700,5700,4255,5330,166,0.06600000000000006
2022-01-12,6000,6000,4540,5490,90,0.030018761726078758
2022-01-13,5500,5510,5500,5510,2,0.0036429872495447047
2022-01-14,6330,6330,4690,5490,5,-0.003629764065335772
2022-01-17,6220,6220,4670,5790,123,0.05464480874316946
2022-01-18,6560,6560,5690,5690,11,-0.01727115716753025
2022-01-19,5990,5990,5990,5990,1,0.05272407732864681
2022-01-20,5100,6860,5100,5100,43,-0.1485809682804674
2022-01-21,4340,4995,4340,4995,51,-0.020588235294117685
2022-01-24,4995,4995,4250,4960,50,-0.00700700700700696
2022-01-25,5580,5580,4220,5090,13,0.02620967741935476
2022-01-26,5800,5800,5320,5320,2,0.04518664047151266
2022-01-27,6070,6070,6070,6070,1,0.14097744360902253
2022-01-28,6960,6960,6550,6550,2,0.07907742998352552
2022-02-03,5570,6560,5570,6520,464,-0.004580152671755711
2022-02-04,5550,6600,5550,6200,15,-0.049079754601227044
2022-02-07,5270,6720,5270,5740,101,-0.0741935483870968
2022-02-08,6500,6500,4895,6350,125,0.10627177700348422
2022-02-09,5400,6590,5400,6280,93,-0.011023622047244053
2022-02-10,7150,7210,7100,7160,825,0.14012738853503182
2022-02-11,7440,7440,6090,7070,206,-0.012569832402234637
2022-02-14,7340,7340,6010,6870,217,-0.028288543140028266
2022-02-15,6880,6880,6880,6880,74,0.0014556040756914523
2022-02-16,7660,7660,5850,6490,112,-0.0566860465116279
2022-02-17,7390,7390,5520,6250,146,-0.036979969183358996
2022-02-18,6510,6510,6510,6510,1,0.04160000000000008
2022-02-21,6330,6330,5540,5540,208,-0.14900153609831024
2022-02-22,6150,6150,4710,4715,1367,-0.14891696750902528
2022-02-23,5420,5420,4670,5000,20,0.0604453870625663
2022-02-24,5210,5500,4255,5500,241,0.10000000000000009
2022-02-25,5890,5890,5890,5890,1,0.07090909090909081
2022-02-28,5010,5710,5010,5710,101,-0.03056027164685904
2022-03-02,4865,5800,4860,5400,1090,-0.05429071803852892
2022-03-03,5100,6210,5100,6210,2096,0.1499999999999999
2022-03-04,5280,5900,5280,5900,43,-0.0499194847020934
2022-03-07,5020,5900,5020,5900,887,0.0
2022-03-08,5990,5990,5980,5980,2,0.013559322033898313
2022-03-10,6000,6000,5090,5990,3,0.0016722408026756952
2022-03-11,5990,5990,5100,5960,54,-0.005008347245408995
2022-03-14,5070,5960,5070,5960,2,0.0
2022-03-15,5100,5950,5100,5770,298,-0.03187919463087252
2022-03-16,4915,5950,4915,4950,12,-0.1421143847487002
2022-03-17,5680,5690,5300,5300,1012,0.07070707070707072
2022-03-18,4765,5790,4765,5790,3,0.09245283018867934
2022-03-21,5990,5990,4935,4990,241,-0.13816925734024177
2022-03-22,5640,5640,5490,5490,2,0.1002004008016033
2022-03-23,5550,5550,4805,4805,31,-0.12477231329690341
2022-03-24,4145,5360,4085,4310,343,-0.10301768990634752
2022-03-25,4950,4950,4145,4945,28,0.14733178654292334
2022-03-28,4945,5090,4375,5090,316,0.029322548028311468
2022-03-29,5000,5000,4945,4945,21,-0.028487229862475427
2022-03-30,4220,5480,4220,4330,16,-0.12436804853387262
2022-03-31,4970,4970,4970,4970,1,0.14780600461893756
2022-04-01,5070,5070,5070,5070,1,0.02012072434607637
2022-04-04,5490,5490,5390,5390,2,0.0631163708086786
2022-04-05,5890,5890,4590,5330,141,-0.011131725417439675
2022-04-06,4800,5290,4800,5290,11,-0.007504690431519689
2022-04-07,5140,5430,5140,5430,201,0.026465028355387554
2022-04-08,6160,6160,6160,6160,1,0.13443830570902393
2022-04-11,6850,6850,5250,5880,133,-0.045454545454545414
2022-04-12,5710,5950,5010,5950,302,0.011904761904761862
2022-04-13,5070,6220,5060,6000,102,0.008403361344537785
2022-04-14,6720,6720,5100,5590,33,-0.06833333333333336
2022-04-15,5850,5850,5850,5850,1,0.04651162790697683
2022-04-18,4985,5990,4980,5950,182,0.017094017094017033
2022-04-19,5060,6160,5060,5850,1074,-0.01680672268907568
2022-04-20,5990,5990,4980,5440,1161,-0.07008547008547006
2022-04-21,6210,6210,5000,5530,27,0.016544117647058876
2022-04-22,6340,6340,4980,5790,98,0.047016274864376095
2022-04-25,5980,6480,4930,5490,1111,-0.051813471502590636
2022-04-26,5020,5890,4675,5340,205,-0.02732240437158473
2022-04-27,6120,6120,4540,5300,4152,-0.0074906367041198685
2022-04-28,6000,6090,5010,5990,3463,0.1301886792452831
2022-04-29,6870,6870,5210,6500,229,0.08514190317195336
2022-05-02,5530,7060,5530,6440,1073,-0.009230769230769265
2022-05-03,7160,7160,5680,6780,8,0.052795031055900665
2022-05-04,7700,7700,6010,6820,234,0.005899705014749346
2022-05-06,7400,7400,6630,7240,425,0.061583577712609916
2022-05-09,7990,7990,6160,6900,1204,-0.046961325966850875
2022-05-10,7930,7930,6950,6950,6,0.007246376811594235
2022-05-11,7690,7690,7690,7690,1,0.10647482014388499
2022-05-12,8800,8800,6540,7190,1297,-0.06501950585175553
2022-05-13,7990,7990,6120,7000,80,-0.026425591098748313
2022-05-16,7900,7900,6010,6800,165,-0.02857142857142858
2022-05-17,7750,7750,5800,7000,63,0.02941176470588225
2022-05-18,7610,7610,5960,7390,225,0.055714285714285605
2022-05-19,7790,7790,6290,6590,824,-0.10825439783491209
2022-05-20,7340,7340,7340,7340,1,0.11380880121396064
2022-05-23,7750,7750,6240,6310,1335,-0.14032697547683926
2022-05-24,7000,7000,5660,6950,4,0.10142630744849446
2022-05-25,5910,6750,5910,6630,290,-0.04604316546762588
2022-05-26,7170,7170,5800,6880,154,0.03770739064856721
2022-05-27,6880,7040,6880,7040,2,0.023255813953488413
2022-05-30,6840,6840,6840,6840,200,-0.02840909090909094
2022-05-31,7230,7230,6000,6980,631,0.020467836257309857
2022-06-02,7100,7100,6050,6200,869,-0.11174785100286533
2022-06-03,7050,7050,7050,7050,1,0.1370967741935485
2022-06-07,7050,7050,7050,7050,3,0.0
2022-06-08,7970,7970,6000,7090,32,0.005673758865248235
2022-06-09,7080,7080,6030,6500,1602,-0.08321579689703806
2022-06-10,6960,6960,6320,6950,1143,0.0692307692307692
2022-06-13,6950,7400,6210,7000,292,0.007194244604316502
2022-06-14,7980,7980,6020,6300,600,-0.09999999999999998
2022-06-15,6290,6290,5370,6160,262,-0.022222222222222254
2022-06-16,6660,6660,6660,6660,1,0.08116883116883122
2022-06-17,6980,6980,5670,5670,47,-0.14864864864864868
2022-06-20,6520,6520,5890,5890,19,0.03880070546737224
2022-06-21,6700,6700,6700,6700,2,0.13752122241086595
2022-06-22,7360,7360,6510,6590,214,-0.016417910447761197
2022-06-23,7200,7200,5610,6000,270,-0.08952959028831564
2022-06-24,6690,6690,6690,6690,1,0.11499999999999999
2022-06-27,7370,7370,6500,6880,202,0.0284005979073243
2022-06-28,7890,7890,7890,7890,2,0.14680232558139528
2022-06-29,6710,6710,6710,6710,200,-0.14955640050697083
2022-06-30,7700,7700,5710,6190,128,-0.07749627421758565
2022-07-01,6880,6880,5270,5820,251,-0.05977382875605819
2022-07-04,6560,6560,4955,5840,20,0.0034364261168384758
2022-07-05,5840,6320,5840,6320,103,0.08219178082191791
2022-07-06,6660,6660,5390,5410,108,-0.1439873417721519
2022-07-07,6110,6110,4600,5660,263,0.04621072088724576
2022-07-08,4820,6300,4820,5490,3138,-0.030035335689045928
2022-07-11,6160,6160,4670,5780,518,0.052823315118396996
2022-07-12,6360,6360,4920,5560,10,-0.03806228373702425
2022-07-13,6070,6070,5940,5950,12,0.07014388489208634
2022-07-14,6200,6200,5060,5060,32,-0.14957983193277313
2022-07-15,5770,5770,4310,5180,386,0.02371541501976293
2022-07-18,4410,4750,4410,4490,4067,-0.13320463320463316
2022-07-19,5160,5160,3820,4300,17,-0.04231625835189312
2022-07-20,4600,4600,4600,4600,3,0.06976744186046502
2022-07-21,5000,5000,3915,4780,12,0.03913043478260869
2022-07-22,5480,5480,5090,5090,10,0.06485355648535562
2022-07-25,5500,5500,5500,5500,1,0.08055009823182702
2022-07-26,5660,5660,4680,5400,39,-0.018181818181818188
2022-07-27,5950,5950,5950,5950,1,0.10185185185185186
2022-07-28,5290,5290,5290,5290,1,-0.11092436974789921
2022-07-29,5200,5200,5200,5200,1,-0.017013232514177745
2022-08-01,5880,5880,5880,5880,1,0.13076923076923075
2022-08-02,6460,6460,6460,6460,1,0.09863945578231292
2022-08-03,6960,6960,6960,6960,1,0.07739938080495357
2022-08-04,5920,5920,5920,5920,5,-0.14942528735632188
2022-08-05,5750,6070,5750,6070,201,0.02533783783783794
2022-08-08,6250,6250,5160,5160,207,-0.14991762767710048
2022-08-09,5850,5850,4390,4390,290,-0.14922480620155043
2022-08-10,4800,4800,3735,3800,4693,-0.13439635535307515
2022-08-11,4370,4370,3275,3895,1684,0.02499999999999991
2022-08-12,4475,4475,3500,3500,349,-0.10141206675224645
2022-08-16,4025,4025,3005,3005,1554,-0.14142857142857146
2022-08-17,3455,3455,3350,3435,49,0.14309484193011657
2022-08-18,3950,3950,3000,3000,725,-0.1266375545851528
2022-08-19,2800,3400,2800,3340,3,0.11333333333333329
2022-08-22,3695,3695,3695,3695,1,0.10628742514970058
2022-08-23,4245,4245,4200,4240,3,0.14749661705006756
2022-08-24,4875,4875,3605,4200,1453,-0.009433962264150941
2022-08-25,4000,4000,4000,4000,3,-0.04761904761904767
2022-08-26,3500,3500,3400,3400,213,-0.15000000000000002
2022-08-29,3910,3910,2890,3190,2745,-0.061764705882352944
2022-08-30,3295,3295,3295,3295,2,0.03291536050156729
2022-08-31,3005,3650,2855,3295,26,0.0
2022-09-01,3780,3780,3780,3780,1,0.14719271623672237
2022-09-02,3780,4340,3215,3215,16,-0.14947089947089942
2022-09-05,3295,3295,2735,3070,3288,-0.04510108864696738
2022-09-06,2960,2975,2960,2975,401,-0.030944625407166138
2022-09-07,2895,3405,2895,3405,116,0.14453781512605035
2022-09-08,2895,3795,2895,3795,510,0.1145374449339207
2022-09-13,3230,3230,3230,3230,9,-0.1488801054018445
2022-09-14,3705,3705,3705,3705,1,0.1470588235294117
2022-09-15,3705,4255,3705,4255,2,0.14844804318488536
2022-09-16,4255,4255,3620,3620,23,-0.14923619271445354
2022-09-19,3620,3620,3620,3620,2,0.0
2022-09-20,3080,3080,3080,3080,300,-0.149171270718232
2022-09-21,3535,3535,2620,3355,2641,0.08928571428571419
2022-09-22,3355,3850,2855,2855,1065,-0.1490312965722802
2022-09-23,3175,3175,2700,2700,3,-0.05429071803852892
2022-09-26,3095,3095,3040,3040,14,0.125925925925926
2022-09-27,3385,3385,3340,3340,3,0.09868421052631571
2022-09-28,3340,3835,3340,3835,4,0.14820359281437123
2022-09-29,3835,4385,3260,3260,4,-0.1499348109517601
2022-09-30,3260,3730,3260,3730,2,0.14417177914110435
2022-10-04,3175,3175,3175,3175,300,-0.1487935656836461
2022-10-05,2700,3585,2700,3585,291,0.12913385826771662
2022-10-06,3050,3050,3050,3050,0,-0.1492329149232915
2022-10-07,2595,2595,2595,2595,1075,-0.1491803278688525
2022-10-11,2595,2595,2500,2500,5054,-0.036608863198458574
2022-10-12,2310,2490,2300,2310,5111,-0.07599999999999996
2022-10-13,2655,2655,2400,2400,2,0.03896103896103886
2022-10-14,2395,2395,2210,2210,1557,-0.07916666666666672
2022-10-17,2210,2485,2210,2485,566,0.1244343891402715
2022-10-18,2485,2795,2250,2445,1950,-0.01609657947686116
2022-10-19,2300,2805,2300,2805,105,0.14723926380368102
2022-10-20,3095,3095,2390,2580,2407,-0.0802139037433155
2022-10-21,2505,2505,2505,2505,400,-0.029069767441860517
2022-10-24,2450,2845,2450,2845,301,0.1357285429141717
2022-10-25,2450,2645,2420,2645,503,-0.07029876977152905
2022-10-26,2270,3030,2270,2895,103,0.09451795841209831
2022-10-27,2895,3310,2895,3310,3,0.14335060449050085
2022-10-28,3310,3665,3310,3665,2,0.107250755287009
2022-10-31,3665,4205,3120,4175,23,0.13915416098226463
2022-11-01,4175,4175,4175,4175,2,0.0
2022-11-02,4170,4170,3550,3550,5,-0.14970059880239517
2022-11-03,3550,4075,3550,4075,2,0.147887323943662
2022-11-04,4075,4305,3465,3465,17,-0.14969325153374236
2022-11-07,3465,3975,3465,3975,4,0.1471861471861471
2022-11-08,3380,3380,3380,3380,30,-0.14968553459119494
2022-11-09,2875,3495,2875,3495,13,0.03402366863905315
2022-11-10,2975,3925,2975,2995,15,-0.14306151645207443
2022-11-11,2550,3095,2550,2960,813,-0.011686143572620988
2022-11-14,3200,3200,3200,3200,3,0.08108108108108114
2022-11-15,2720,2720,2720,2720,289,-0.15000000000000002
2022-11-16,2975,2975,2975,2975,1,0.09375
2022-11-17,3395,3395,3395,3395,1,0.14117647058823524
2022-11-18,2890,2890,2890,2890,34,-0.14874815905743743
2022-11-21,3110,3110,2460,2460,1120,-0.1487889273356401
2022-11-22,2810,2810,2700,2700,3,0.09756097560975618
2022-11-23,2495,2500,2450,2450,261,-0.09259259259259256
2022-11-24,2800,2800,2460,2800,1783,0.1428571428571428
2022-11-25,2800,2800,2435,2595,64,-0.07321428571428568
2022-11-28,2430,2590,2385,2590,3460,-0.0019267822736031004
2022-11-29,2595,2795,2500,2795,2778,0.0791505791505791
2022-11-30,3080,3080,2450,2795,1002,0.0
2022-12-01,3080,3080,3080,3080,2,0.10196779964221814
2022-12-02,2995,2995,2620,2620,45,-0.14935064935064934
2022-12-05,2595,2595,2565,2565,14,-0.020992366412213692
2022-12-06,2620,2620,2620,2620,1,0.021442495126705596
2022-12-07,2600,2600,2550,2585,25,-0.013358778625954248
2022-12-08,2545,2700,2500,2700,1190,0.044487427466150864
2022-12-09,2800,2800,2800,2800,2,0.03703703703703698
2022-12-12,3200,3200,2975,2975,2,0.0625
2022-12-13,2550,3000,2550,3000,202,0.008403361344537785
2022-12-14,2550,2550,2550,2550,25,-0.15000000000000002
2022-12-15,2400,2790,2400,2790,302,0.09411764705882364
2022-12-16,2375,2695,2375,2435,341,-0.12724014336917566
2022-12-19,2580,2580,2450,2450,100,0.006160164271047153
2022-12-20,2450,2450,2105,2450,829,0.0
2022-12-21,2450,2450,2445,2445,92,-0.0020408163265306367
2022-12-22,2445,2445,2140,2435,206,-0.004089979550102263
2022-12-23,2490,2490,2470,2470,6,0.014373716632443578
2022-12-26,2600,2600,2400,2465,65,-0.002024291497975672
2022-12-27,2745,2745,2745,2745,23,0.11359026369168368
2022-12-28,2350,2725,2350,2725,205,-0.007285974499089298
2022-12-29,2990,2990,2990,2990,1,0.0972477064220183
2023-01-02,2545,2985,2545,2985,2,-0.0016722408026755842
2023-01-03,2540,2540,2540,2540,7,-0.14907872696817426
2023-01-04,2525,2525,2525,2525,0,-0.0059055118110236116
2023-01-05,2850,2850,2150,2840,832,0.12475247524752486
2023-01-06,2840,2840,2820,2820,2,-0.007042253521126751
2023-01-09,2820,2890,2820,2890,2,0.024822695035461084
2023-01-10,2890,3305,2460,2460,74,-0.1487889273356401
2023-01-11,2825,2825,2825,2825,1,0.14837398373983746
2023-01-12,2825,3185,2405,2685,731,-0.04955752212389386
2023-01-13,3085,3085,2285,2790,783,0.03910614525139655
2023-01-16,2375,3195,2375,2895,938,0.037634408602150504
2023-01-17,2985,2985,2985,2985,1,0.031088082901554515
2023-01-18,3430,3430,2540,2540,14,-0.14907872696817426
2023-01-19,2915,2915,2915,2915,1,0.1476377952755905
2023-01-20,2480,2480,2480,2480,134,-0.14922813036020588
2023-01-25,2400,2535,2160,2535,91,0.022177419354838745
2023-01-26,2300,2510,2260,2500,710,-0.013806706114398382
2023-01-27,2875,2875,2155,2500,3,0.0
2023-01-30,2875,2875,2200,2200,900,-0.12
2023-01-31,2500,2500,2300,2300,3,0.045454545454545414
2023-02-01,2495,2495,2495,2495,1,0.08478260869565224
2023-02-02,2795,2795,2795,2795,1,0.12024048096192375
2023-02-03,2380,3210,2380,2860,804,0.023255813953488413
2023-02-06,2435,2435,2435,2435,112,-0.14860139860139865
2023-02-07,2430,2430,2165,2425,6,-0.004106776180698102
2023-02-08,2420,2420,2350,2400,73,-0.010309278350515427
2023-02-09,2395,2395,2380,2380,28,-0.008333333333333304
2023-02-10,2340,2370,2340,2370,242,-0.004201680672268893
2023-02-13,2725,2725,2025,2400,7,0.012658227848101333
2023-02-14,2760,2760,2390,2390,26,-0.004166666666666652
2023-02-15,2745,2745,2500,2500,31,0.046025104602510414
2023-02-16,2490,2490,2130,2390,710,-0.04400000000000004
2023-02-17,2745,2745,2040,2375,157,-0.006276150627615107
2023-02-20,2105,2410,2105,2410,2,0.01473684210526316
2023-02-21,2765,2765,2115,2435,625,0.010373443983402453
2023-02-22,2785,2785,2110,2770,11,0.1375770020533882
2023-02-23,2770,2770,2355,2595,75,-0.06317689530685922
2023-02-24,2210,2695,2210,2695,1047,0.038535645472061564
2023-02-27,3095,3095,2295,3035,72,0.12615955473098328
2023-02-28,2795,2795,2580,2675,59,-0.11861614497528827
2023-03-02,3070,3070,2275,3000,12,0.12149532710280364
2023-03-03,3445,3445,2550,2680,85,-0.10666666666666669
2023-03-06,3075,3075,2280,2780,13,0.03731343283582089
2023-03-07,3185,3185,3185,3185,1,0.14568345323741005
2023-03-08,3650,3650,2710,2710,60,-0.14913657770800626
2023-03-09,2750,2750,2750,2750,1,0.014760147601476037
2023-03-10,3000,3000,2340,2930,34,0.06545454545454543
2023-03-13,3360,3360,2495,2495,63,-0.14846416382252559
2023-03-14,2860,2860,2230,2705,3,0.08416833667334678
2023-03-15,3090,3090,2300,2585,64,-0.044362292051756014
2023-03-16,2970,2970,2970,2970,1,0.14893617021276606
2023-03-17,3390,3390,3390,3390,1,0.14141414141414144
2023-03-20,2885,3890,2885,3300,179,-0.026548672566371723
2023-03-21,2805,2805,2805,2805,12,-0.15000000000000002
2023-03-22,3220,3220,2385,2795,25,-0.0035650623885917776
2023-03-23,3200,3200,2380,2985,7,0.06797853309481217
2023-03-24,3425,3425,2995,2995,3,0.003350083752093891
2023-03-27,3300,3300,2550,2930,52,-0.02170283806343909
2023-03-28,3355,3355,3355,3355,1,0.1450511945392492
2023-03-29,3355,3855,2855,3835,5,0.1430700447093889
2023-03-30,3260,3260,3260,3260,1,-0.1499348109517601
2023-03-31,2775,2775,2775,2775,3,-0.14877300613496935
2023-04-03,3185,3185,3185,3185,1,0.1477477477477478
2023-04-04,2710,2710,2710,2710,68,-0.14913657770800626
2023-04-05,3110,3110,3110,3110,1,0.14760147601476015
2023-04-06,3565,3565,2800,3090,13,-0.006430868167202619
2023-04-07,3545,3545,2630,2630,12,-0.1488673139158576
2023-04-10,3020,3020,2240,2890,1507,0.09885931558935357
2023-04-11,2460,3195,2460,3195,2,0.10553633217993075
2023-04-12,2720,2945,2720,2720,5,-0.14866979655712054
2023-04-13,2315,3110,2315,3070,495,0.12867647058823528
2023-04-14,2610,2995,2610,2980,22,-0.02931596091205213
2023-04-17,2535,2995,2535,2995,19,0.005033557046979942
2023-04-18,2550,3300,2550,2900,203,-0.03171953255425708
2023-04-19,2465,2880,2465,2880,106,-0.006896551724137945
2023-04-20,3295,3295,2450,2785,502,-0.03298611111111116
2023-04-21,2380,2830,2380,2830,55,0.016157989228007263
2023-04-24,2410,2825,2410,2765,60,-0.02296819787985871
2023-04-25,2355,2730,2355,2730,11,-0.012658227848101222
2023-04-26,2325,2705,2325,2700,6,-0.01098901098901095
2023-04-27,2300,2680,2295,2680,6,-0.007407407407407418
2023-04-28,2550,2550,2550,2550,0,-0.04850746268656714
2023-05-02,2925,2925,2925,2925,1,0.1470588235294117
2023-05-03,2850,2850,2850,2850,0,-0.02564102564102566
2023-05-04,2500,3270,2500,3270,2,0.1473684210526316
2023-05-08,3745,3745,3745,3745,1,0.14525993883792054
2023-05-09,3185,3185,3185,3185,0,-0.14953271028037385
2023-05-10,3395,3395,3395,3395,1,0.06593406593406592
2023-05-11,2890,2890,2890,2890,0,-0.14874815905743743
2023-05-12,3315,3315,3315,3315,1,0.1470588235294117
2023-05-15,3800,3800,3800,3800,1,0.14630467571644035
2023-05-16,4340,4340,3230,3230,2,-0.15000000000000002
2023-05-17,2750,2750,2750,2750,0,-0.1486068111455109
2023-05-18,3070,3070,3070,3070,1,0.11636363636363645
2023-05-19,3490,3490,2610,2705,209,-0.11889250814332253
2023-05-22,2300,3080,2300,2970,686,0.09796672828096109
2023-05-23,2525,2525,2525,2525,160,-0.14983164983164987
2023-05-24,2205,2890,2160,2745,1515,0.0871287128712872
2023-05-25,2340,3080,2335,2500,1557,-0.08925318761384338
2023-05-26,2875,2875,2150,2730,2516,0.09200000000000008
2023-05-30,2325,2740,2325,2365,183,-0.13369963369963367
2023-05-31,2705,2705,2705,2705,1,0.14376321353065546
2023-06-01,2300,2305,2300,2300,526,-0.14972273567467653
2023-06-02,2600,2600,2600,2600,1,0.13043478260869557
2023-06-05,2795,2795,2210,2695,1504,0.03653846153846163
2023-06-07,2295,3000,2295,2300,637,-0.14656771799628943
2023-06-08,2300,2635,2300,2635,101,0.14565217391304341
2023-06-09,2635,2635,2240,2590,234,-0.017077798861480087
2023-06-12,2700,2700,2250,2590,5,0.0
2023-06-13,2895,2895,2235,2560,7,-0.01158301158301156
2023-06-14,2550,2560,2200,2315,2207,-0.095703125
2023-06-15,2450,2450,2020,2250,569,-0.02807775377969768
2023-06-16,2215,2300,2150,2300,704,0.022222222222222143
2023-06-19,2300,2300,2300,2300,8,0.0
2023-06-20,2325,2325,2000,2295,1089,-0.0021739130434782483
2023-06-21,2630,2630,2300,2300,120,0.002178649237472685
2023-06-22,2195,2195,2040,2150,18,-0.06521739130434778
2023-06-23,2315,2315,2150,2310,101,0.07441860465116279
2023-06-26,2460,2460,2460,2460,1,0.06493506493506485
2023-06-27,2600,2600,2235,2235,477,-0.09146341463414631
2023-06-28,2230,2230,2205,2205,29,-0.01342281879194629
2023-06-29,2290,2290,2235,2235,2,0.013605442176870763
2023-06-30,2265,2265,2265,2265,1,0.01342281879194629
2023-07-03,2240,2240,2235,2235,3,-0.013245033112582738
2023-07-04,2495,2495,2245,2250,446,0.006711409395973256
2023-07-05,1937,2235,1917,2235,117,-0.00666666666666671
2023-07-06,2485,2485,1900,2230,450,-0.0022371364653244186
2023-07-07,2225,2225,2225,2225,0,-0.0022421524663677195
2023-07-10,2215,2215,2200,2200,27,-0.011235955056179803
2023-07-11,2245,2245,2210,2210,8,0.00454545454545463
2023-07-12,2195,2195,2195,2195,1,-0.006787330316742057
2023-07-13,2175,2175,2175,2175,0,-0.009111617312072884
2023-07-14,2160,2160,2160,2160,0,-0.006896551724137945
2023-07-17,2190,2190,2185,2185,35,0.011574074074074181
2023-07-18,2205,2210,1901,2190,172,0.0022883295194509046
2023-07-19,2160,2160,2160,2160,0,-0.013698630136986356
2023-07-20,2290,2290,2095,2095,11,-0.03009259259259256
2023-07-21,2095,2280,2045,2045,52,-0.023866348448687402
2023-07-24,2285,2285,2075,2100,1365,0.02689486552567244
2023-07-25,2250,2260,2100,2260,496,0.07619047619047614
2023-07-26,2590,2590,2210,2250,747,-0.004424778761061954
2023-07-27,2290,2295,2010,2295,8,0.020000000000000018
2023-07-28,2300,2495,2200,2495,3118,0.08714596949891074
2023-07-31,2500,2645,2500,2570,449,0.03006012024048088
2023-08-01,2660,2720,2660,2700,247,0.05058365758754868
2023-08-02,2700,2840,2330,2840,3111,0.051851851851851816
2023-08-03,2840,2840,2840,2840,100,0.0
2023-08-04,3000,3100,3000,3095,201,0.08978873239436624
2023-08-07,2635,2635,2635,2635,802,-0.14862681744749595
2023-08-08,2635,2800,2500,2800,530,0.06261859582542684
2023-08-09,2500,3000,2500,2900,389,0.03571428571428581
2023-08-10,2505,2505,2495,2495,2401,-0.1396551724137931
2023-08-11,2700,2700,2700,2700,1,0.0821643286573146
2023-08-14,2700,2850,2330,2800,1655,0.03703703703703698
2023-08-16,2595,2595,2595,2595,0,-0.07321428571428568
2023-08-17,2585,2585,2585,2585,0,-0.003853564547206201
2023-08-18,2585,2585,2205,2580,3932,-0.0019342359767892114
2023-08-21,2215,2775,2210,2775,141,0.07558139534883712
2023-08-22,2370,2770,2370,2370,53,-0.1459459459459459
2023-08-23,2650,2650,2650,2650,1,0.1181434599156117
2023-08-24,2890,2890,2890,2890,1,0.09056603773584904
2023-08-25,2495,2495,2495,2495,0,-0.1366782006920415
2023-08-28,2845,2845,2845,2845,1,0.1402805611222444
2023-08-29,2420,2830,2420,2750,565,-0.033391915641476255
2023-08-30,2345,2495,2345,2495,501,-0.09272727272727277
2023-08-31,2130,2705,2130,2705,11,0.08416833667334678
2023-09-01,2895,2895,2745,2745,11,0.014787430683918634
2023-09-04,2595,2595,2595,2595,0,-0.05464480874316935
2023-09-05,2975,2975,2235,2745,236,0.05780346820809257
2023-09-06,2715,2715,2715,2715,0,-0.010928961748633892
2023-09-07,2715,2715,2715,2715,0,0.0
2023-09-08,3115,3115,3115,3115,1,0.1473296500920811
2023-09-11,2650,2650,2650,2650,9,-0.1492776886035313
2023-09-12,2650,2650,2650,2650,0,0.0
2023-09-13,2645,2645,2645,2645,0,-0.0018867924528301883
2023-09-14,2640,2640,2640,2640,0,-0.001890359168241984
2023-09-15,2640,2640,2640,2640,0,0.0
2023-09-18,2640,3000,2305,2635,1503,-0.0018939393939394478
2023-09-19,3025,3025,3025,3025,1,0.14800759013282727
2023-09-20,2575,2575,2575,2575,0,-0.14876033057851235
2023-09-21,2575,2575,2575,2575,0,0.0
2023-09-22,2945,2945,2940,2940,651,0.14174757281553396
2023-09-25,2515,2900,2515,2900,106,-0.013605442176870763
2023-09-26,2795,2795,2795,2795,0,-0.036206896551724155
2023-09-27,2700,2985,2700,2985,114,0.06797853309481217
2023-10-04,2970,2970,2970,2970,0,-0.005025125628140725
2023-10-05,2945,2945,2945,2945,0,-0.008417508417508435
2023-10-06,2920,2920,2920,2920,0,-0.008488964346349714
2023-10-10,2800,2800,2800,2800,0,-0.04109589041095896
2023-10-11,2685,2685,2685,2685,0,-0.04107142857142854
2023-10-12,2670,2670,2670,2670,0,-0.005586592178770999
2023-10-13,2275,2795,2275,2795,655,0.04681647940074907
2023-10-16,2675,2675,2675,2675,0,-0.04293381037567079
2023-10-17,2495,2495,2495,2495,250,-0.06728971962616825
2023-10-18,2395,2400,2150,2400,801,-0.038076152304609256
2023-10-19,2395,2395,2395,2395,0,-0.002083333333333326
2023-10-20,2500,2500,2500,2500,0,0.04384133611691032
2023-10-23,2155,2700,2155,2700,70,0.08000000000000007
2023-10-24,2685,2685,2685,2685,0,-0.005555555555555536
2023-10-25,2685,2685,2685,2685,0,0.0
2023-10-26,2685,2685,2685,2685,0,0.0
2023-10-27,2400,2715,2400,2715,426,0.011173184357541999
2023-10-30,2715,2715,2715,2715,0,0.0
2023-10-31,3115,3115,3115,3115,5,0.1473296500920811
2023-11-01,2650,2655,2650,2650,20,-0.1492776886035313
2023-11-02,3040,3040,2300,2975,13,0.12264150943396235
2023-11-03,2975,2975,2975,2975,0,0.0
2023-11-06,2530,2950,2530,2530,43,-0.14957983193277313
2023-11-07,2905,2905,2905,2905,1,0.14822134387351782
2023-11-08,2470,2470,2470,2470,96,-0.14974182444061968
2023-11-09,2470,2470,2470,2470,0,0.0
2023-11-10,2470,2470,2470,2470,0,0.0
2023-11-13,2795,2795,2795,2795,3,0.13157894736842102
2023-11-14,2450,2795,2450,2795,501,0.0
2023-11-15,2795,2795,2795,2795,0,0.0
2023-11-16,2795,2795,2795,2795,0,0.0
2023-11-17,2800,2800,2800,2800,1,0.0017889087656528524
2023-11-20,2780,2780,2780,2780,0,-0.0071428571428571175
2023-11-21,2400,2400,2400,2400,1010,-0.13669064748201443
2023-11-22,2400,2695,2400,2695,107,0.12291666666666656
2023-11-23,3095,3095,3095,3095,1,0.14842300556586263
2023-11-24,2635,3040,2635,3040,11,-0.017770597738287597
2023-11-27,3040,3040,3040,3040,5,0.0
2023-11-28,2900,2995,2585,2995,14,-0.014802631578947345
2023-11-29,2550,2990,2550,2990,13,-0.0016694490818029983
2023-11-30,2940,2940,2940,2940,0,-0.01672240802675584
2023-12-01,2920,2920,2920,2920,0,-0.006802721088435382
2023-12-04,2905,2905,2905,2905,0,-0.005136986301369828
2023-12-05,2905,2910,2480,2820,213,-0.029259896729776247
2023-12-06,2450,2895,2400,2895,503,0.02659574468085113
2023-12-07,2490,2900,2490,2900,7,0.0017271157167531026
2023-12-08,2905,2905,2905,2905,1,0.0017241379310344307
2023-12-11,2910,2910,2910,2910,1,0.001721170395869276
2023-12-12,2910,2915,2910,2915,98,0.0017182130584192379
2023-12-13,2920,2920,2920,2920,1,0.0017152658662091813
2023-12-14,2930,2930,2930,2930,1,0.003424657534246478
2023-12-15,2930,2930,2930,2930,2,0.0
2023-12-18,2930,2930,2930,2930,0,0.0
2023-12-19,2930,2930,2930,2930,10,0.0
2023-12-20,2935,2935,2935,2935,5,0.0017064846416381396
2023-12-21,2920,2920,2920,2920,0,-0.005110732538330498
2023-12-22,2930,2935,2930,2935,12,0.005136986301369939
2023-12-26,2505,2505,2500,2500,150,-0.14821124361158433
2023-12-27,2845,2845,2845,2845,20,0.1379999999999999
2023-12-28,3270,3270,3270,3270,1,0.14938488576449904
2024-01-02,2780,2780,2780,2780,0,-0.14984709480122327
2024-01-03,3000,3000,3000,3000,1,0.07913669064748197
2024-01-04,2985,2985,2985,2985,1,-0.0050000000000000044
2024-01-05,3000,3000,2850,2850,4,-0.045226130653266305
2024-01-08,2880,2880,2880,2880,3,0.010526315789473717
2024-01-09,2885,2885,2885,2885,2,0.0017361111111111605
2024-01-10,2870,2870,2870,2870,0,-0.005199306759098743
2024-01-11,2440,2440,2440,2440,14,-0.14982578397212543
2024-01-12,2700,2700,2700,2700,3,0.10655737704918034
2024-01-15,2300,2500,2295,2485,1250,-0.0796296296296296
2024-01-16,2795,2795,2795,2795,1,0.12474849094567397
2024-01-17,2380,2695,2380,2695,151,-0.035778175313059046
2024-01-18,2695,2695,2695,2695,0,0.0
2024-01-19,2695,2695,2695,2695,0,0.0
2024-01-22,2295,2295,2295,2295,770,-0.14842300556586274
2024-01-23,1956,2490,1956,2490,3,0.08496732026143783
2024-01-24,2785,2785,2785,2785,1,0.11847389558232924
2024-01-25,2370,2370,2370,2370,12,-0.14901256732495516
2024-01-26,2590,2590,2360,2360,3,-0.00421940928270037
2024-01-29,2710,2710,2710,2710,1,0.14830508474576276
2024-01-30,2710,2710,2710,2710,0,0.0
2024-01-31,2710,2710,2710,2710,0,0.0
2024-02-01,3105,3105,3105,3105,3,0.14575645756457556
2024-02-02,2640,2640,2640,2640,0,-0.1497584541062802
2024-02-05,2245,2245,2245,2245,311,-0.14962121212121215
2024-02-06,2570,2570,2570,2570,4,0.14476614699331858
2024-02-07,2570,2570,2570,2570,0,0.0
2024-02-08,2830,2830,2830,2830,3,0.10116731517509736
2024-02-13,2410,2410,2410,2410,6,-0.14840989399293292
2024-02-14,2485,2485,2400,2400,5,-0.004149377593360981
2024-02-15,2400,2400,2400,2400,0,0.0
2024-02-16,2730,2730,2500,2500,21,0.04166666666666674
2024-02-19,2500,2500,2500,2500,0,0.0
2024-02-20,2485,2790,2485,2790,22,0.1160000000000001
2024-02-21,2375,2375,2375,2375,210,-0.14874551971326166
2024-02-22,2375,2375,2375,2375,0,0.0
2024-02-23,2390,2390,2390,2390,7,0.006315789473684275
2024-02-26,2390,2390,2390,2390,0,0.0
2024-02-27,2385,2385,2385,2385,2,-0.0020920502092049986
2024-02-28,2300,2300,2300,2300,20,-0.03563941299790352
2024-02-29,2395,2395,2395,2395,1,0.04130434782608705
2024-03-04,2390,2390,2390,2390,4,-0.0020876826722338038
2024-03-05,2200,2200,2035,2100,1001,-0.12133891213389125
2024-03-06,2100,2415,2100,2410,570,0.14761904761904754
2024-03-07,2300,2300,2300,2300,10,-0.0456431535269709
2024-03-08,2395,2400,2395,2400,20,0.04347826086956519
2024-03-11,2350,2360,2050,2295,7762,-0.043749999999999956
2024-03-12,2290,2295,2110,2295,5333,0.0
2024-03-13,2245,2250,2215,2245,4433,-0.02178649237472763
2024-03-14,2300,2300,2295,2300,520,0.024498886414253906
2024-03-15,2305,2600,2305,2390,4857,0.03913043478260869
2024-03-18,2495,2595,2490,2595,476,0.08577405857740583
2024-03-19,2550,2695,2550,2695,4035,0.038535645472061564
2024-03-20,2695,2750,2695,2730,5025,0.01298701298701288
2024-03-21,2600,2720,2600,2720,587,-0.00366300366300365
2024-03-22,2740,2740,2740,2740,3,0.007352941176470562
2024-03-25,2740,2740,2730,2730,3000,-0.0036496350364964014
2024-03-26,2730,2775,2710,2775,5010,0.016483516483516425
2024-03-27,2600,2785,2600,2785,26,0.003603603603603567
2024-03-28,2600,2785,2600,2785,84,0.0
2024-03-29,2785,2785,2765,2765,9005,-0.007181328545781018
2024-04-01,2605,2785,2605,2785,10,0.00723327305605781
2024-04-02,2785,2805,2785,2795,3060,0.0035906642728904536
2024-04-03,2795,2815,2795,2815,1100,0.007155635062611854
2024-04-04,2815,2815,2795,2795,5000,-0.007104795737122527
2024-04-05,2800,2880,2800,2800,274,0.0017889087656528524
2024-04-08,2820,2895,2805,2895,3405,0.03392857142857153
2024-04-09,2895,2895,2875,2875,5000,-0.006908462867012077
2024-04-11,2800,2875,2800,2855,5000,-0.006956521739130417
2024-04-12,2895,2895,2895,2895,1117,0.014010507880910739
2024-04-15,2895,2895,2890,2890,1320,-0.0017271157167529916
2024-04-16,2890,2995,2885,2990,1755,0.03460207612456756
2024-04-17,2995,2995,2985,2985,1567,-0.0016722408026755842
2024-04-18,2995,3000,2995,3000,20,0.005025125628140614
2024-04-19,2900,2900,2900,2900,0,-0.033333333333333326
2024-04-22,2900,2900,2900,2900,0,0.0
2024-04-23,2900,2990,2900,2990,60,0.03103448275862064
2024-04-24,2800,2900,2800,2900,22,-0.030100334448160515
2024-04-25,2800,2900,2800,2900,22,0.0
2024-04-26,2960,2960,2960,2960,3,0.020689655172413834
2024-04-29,2960,2960,2955,2955,400,-0.0016891891891891442
2024-04-30,3000,3390,2985,2985,880,0.010152284263959421
2024-05-02,2985,2985,2985,2985,0,0.0
2024-05-03,2900,2985,2900,2985,155,0.0
2024-05-07,2995,3000,2990,3000,410,0.005025125628140614
2024-05-08,3000,3010,3000,3000,300,0.0
2024-05-09,3000,3000,3000,3000,11,0.0
2024-05-10,3000,3000,3000,3000,0,0.0
2024-05-13,3000,3000,3000,3000,0,0.0
2024-05-14,3000,3000,3000,3000,0,0.0
2024-05-16,2900,2900,2800,2800,20,-0.06666666666666665
2024-05-17,2900,2900,2900,2900,10,0.03571428571428581
2024-05-20,2995,2995,2995,2995,2,0.03275862068965507
2024-05-21,3000,3400,3000,3000,90,0.0016694490818029983
2024-05-22,2900,2900,2900,2900,10,-0.033333333333333326
2024-05-23,2800,2800,2465,2800,73,-0.03448275862068961
2024-05-24,2790,2790,2790,2790,0,-0.0035714285714285587
2024-05-27,2790,2790,2790,2790,0,0.0
2024-05-28,2750,2750,2750,2750,0,-0.014336917562724039
2024-05-29,2900,3000,2900,2900,20,0.05454545454545445
2024-05-30,2900,2900,2900,2900,0,0.0
2024-05-31,2900,2900,2900,2900,0,0.0
2024-06-03,2900,2900,2900,2900,0,0.0
2024-06-04,2900,2900,2900,2900,0,0.0
2024-06-05,2900,2900,2900,2900,0,0.0
2024-06-07,2990,2990,2990,2990,3,0.03103448275862064
2024-06-10,2990,2990,2990,2990,0,0.0
2024-06-11,2990,2990,2990,2990,0,0.0
2024-06-12,2990,2990,2990,2990,0,0.0
2024-06-13,2990,2990,2990,2990,0,0.0
2024-06-14,2800,2800,2545,2545,154,-0.1488294314381271
2024-06-17,2545,2545,2545,2545,0,0.0
2024-06-18,2585,2585,2585,2585,10,0.015717092337917515
2024-06-19,2585,2585,2585,2585,0,0.0
2024-06-20,2585,2585,2585,2585,0,0.0
2024-06-21,2585,2585,2585,2585,0,0.0
2024-06-24,2585,2585,2585,2585,0,0.0
2024-06-25,2585,2585,2585,2585,15,0.0
2024-06-26,2595,2595,2595,2595,15,0.003868471953578423
2024-06-27,2595,2600,2595,2600,15,0.0019267822736031004
2024-06-28,2695,2695,2695,2695,5,0.03653846153846163
2024-07-01,2695,2795,2695,2795,71,0.03710575139146566
2024-07-02,2795,2795,2795,2795,0,0.0
2024-07-03,2795,2795,2795,2795,0,0.0
2024-07-04,2790,2790,2790,2790,0,-0.0017889087656529634
2024-07-05,2790,2790,2790,2790,0,0.0
2024-07-08,2795,2800,2795,2800,20,0.0035842293906809264
2024-07-09,2700,2750,2700,2750,30,-0.017857142857142905
2024-07-10,2750,2750,2750,2750,10,0.0
2024-07-11,2750,2750,2750,2750,10,0.0
2024-07-12,2770,2770,2760,2760,25,0.0036363636363636598
2024-07-15,2760,2760,2760,2760,10,0.0
2024-07-16,2795,2795,2760,2760,30,0.0
2024-07-17,2760,2760,2760,2760,0,0.0
2024-07-18,2600,2795,2350,2350,929,-0.14855072463768115
2024-07-19,2355,2355,2355,2355,0,0.0021276595744681437
2024-07-22,2355,2355,2355,2355,70,0.0
2024-07-23,2395,2395,2395,2395,13,0.01698513800424628
2024-07-24,2375,2375,2375,2375,10,-0.008350730688935326
2024-07-25,2300,2300,2300,2300,0,-0.03157894736842104
2024-07-26,2300,2300,2300,2300,0,0.0
2024-07-29,2300,2300,2300,2300,0,0.0
2024-07-30,2300,2300,2300,2300,0,0.0
2024-07-31,2300,2300,2300,2300,0,0.0
2024-08-01,2300,2300,2300,2300,0,0.0
2024-08-02,2300,2300,2300,2300,0,0.0
2024-08-05,2300,2300,2300,2300,0,0.0
2024-08-06,2300,2300,2300,2300,0,0.0
2024-08-07,2395,2395,2395,2395,3,0.04130434782608705
2024-08-08,2395,2395,2395,2395,0,0.0
2024-08-09,2395,2395,2395,2395,10,0.0
2024-08-12,2395,2395,2395,2395,0,0.0
2024-08-13,2395,2395,2395,2395,0,0.0
2024-08-14,2395,2395,2395,2395,10,0.0
2024-08-16,2395,2395,2395,2395,13,0.0
2024-08-19,2390,2390,2390,2390,0,-0.0020876826722338038
2024-08-20,2395,2395,2395,2395,3,0.0020920502092049986
2024-08-21,2395,2395,2395,2395,0,0.0
2024-08-22,2395,2395,2395,2395,0,0.0
2024-08-23,2395,2395,2395,2395,0,0.0
2024-08-26,2200,2300,2200,2300,14,-0.039665970772442605
2024-08-27,2300,2300,2300,2300,0,0.0
2024-08-28,2300,2300,2300,2300,0,0.0
2024-08-29,2300,2300,2300,2300,0,0.0
2024-08-30,2300,2300,2300,2300,0,0.0
2024-09-02,2300,2300,2300,2300,0,0.0
2024-09-03,2300,2300,2300,2300,0,0.0
2024-09-04,2300,2300,2300,2300,0,0.0
2024-09-05,2300,2300,2300,2300,0,0.0
2024-09-06,2400,2400,2400,2400,10,0.04347826086956519
2024-09-09,2400,2400,2400,2400,0,0.0
2024-09-10,2400,2400,2400,2400,0,0.0
2024-09-11,2495,2495,2495,2495,3,0.039583333333333304
2024-09-12,2495,2500,2490,2500,49,0.002004008016031955
2024-09-13,2500,2500,2500,2500,0,0.0
2024-09-19,2500,2500,2500,2500,0,0.0
2024-09-20,2500,2500,2500,2500,0,0.0
2024-09-23,2500,2500,2500,2500,0,0.0
2024-09-24,2500,2500,2500,2500,0,0.0
2024-09-25,2400,2400,2400,2400,10,-0.040000000000000036
2024-09-26,2400,2400,2400,2400,0,0.0
2024-09-27,2495,2495,2495,2495,3,0.039583333333333304
2024-09-30,2495,2495,2495,2495,0,0.0
2024-10-02,2495,2495,2495,2495,10,0.0
2024-10-04,2495,2495,2495,2495,0,0.0
2024-10-07,2495,2495,2495,2495,0,0.0
2024-10-08,2495,2495,2495,2495,0,0.0
2024-10-10,2495,2495,2495,2495,0,0.0
2024-10-11,2300,2300,2300,2300,10,-0.07815631262525047
2024-10-14,2395,2500,1961,2400,165,0.04347826086956519
2024-10-15,2400,2400,2400,2400,0,0.0
2024-10-16,2400,2400,2400,2400,0,0.0
2024-10-17,2400,2400,2400,2400,0,0.0
