Date,Open,High,Low,Close,Volume,Change
2022-01-03,87200,87800,86000,86400,66460,-0.00917431192660545
2022-01-04,86400,88700,86000,88400,81980,0.02314814814814814
2022-01-05,87500,88700,86900,87400,79188,-0.011312217194570096
2022-01-06,86700,88000,86500,87600,86341,0.0022883295194509046
2022-01-07,87100,87900,86600,87700,51802,0.0011415525114155667
2022-01-10,86900,88000,85700,86800,71286,-0.010262257696693311
2022-01-11,86100,87200,85000,85300,79178,-0.017281105990783363
2022-01-12,85300,87300,85300,87200,73125,0.022274325908558046
2022-01-13,86800,88300,86400,87900,82835,0.008027522935779796
2022-01-14,87700,88000,85600,85900,69312,-0.022753128555176305
2022-01-17,85900,85900,83700,84400,75294,-0.0174621653084982
2022-01-18,84000,85400,82200,82700,111504,-0.020142180094786744
2022-01-19,82100,83100,81700,82400,59720,-0.0036275695284159193
2022-01-20,82200,82700,81700,82500,59288,0.0012135922330096527
2022-01-21,81600,82700,81500,82400,59635,-0.00121212121212122
2022-01-24,82300,82800,80500,81500,93342,-0.01092233009708743
2022-01-25,81700,81700,78700,78800,112411,-0.03312883435582825
2022-01-26,78400,80600,78400,79300,96514,0.006345177664974555
2022-01-27,79900,80000,76200,76600,105926,-0.034047919293820894
2022-01-28,77100,79700,76100,79700,80790,0.04046997389033935
2022-02-03,80300,82700,80000,81300,99592,0.020075282308657405
2022-02-04,81400,84900,81200,84400,99827,0.038130381303812966
2022-02-07,84400,85200,83200,84500,97255,0.0011848341232227888
2022-02-08,84400,87600,84300,86100,145931,0.018934911242603603
2022-02-09,87000,87200,85100,86000,91467,-0.0011614401858304202
2022-02-10,86000,86500,85100,85900,92263,-0.0011627906976744429
2022-02-11,85100,86600,84600,85400,94632,-0.005820721769499437
2022-02-14,84400,85900,83900,84500,49197,-0.010538641686182681
2022-02-15,85100,85300,83100,84000,60795,-0.00591715976331364
2022-02-16,84700,86100,84600,85600,55577,0.01904761904761898
2022-02-17,85500,87300,84100,85700,77540,0.001168224299065379
2022-02-18,85100,87300,84600,87000,55221,0.015169194865811031
2022-02-21,86100,87600,85300,87600,62256,0.006896551724137945
2022-02-22,86600,87500,86000,87200,66479,-0.004566210045662156
2022-02-23,87800,88000,86200,86400,53617,-0.00917431192660545
2022-02-24,85400,86000,84000,84600,81645,-0.02083333333333337
2022-02-25,85200,85700,84000,84200,82200,-0.004728132387706863
2022-02-28,84300,85500,84000,85300,77442,0.013064133016627011
2022-03-02,85100,86000,84500,84900,62468,-0.004689331770222793
2022-03-03,85400,87200,85200,87200,61958,0.027090694935217874
2022-03-04,86900,87300,86200,86700,46150,-0.005733944954128489
2022-03-07,85800,87000,84500,84900,62761,-0.02076124567474047
2022-03-08,84600,84900,83100,83600,65138,-0.01531213191990577
2022-03-10,85200,87200,84500,86000,100798,0.028708133971291794
2022-03-11,86000,91600,85700,91500,239445,0.06395348837209291
2022-03-14,92000,92800,89900,90200,113449,-0.014207650273224015
2022-03-15,90300,90700,88800,89700,77852,-0.005543237250554278
2022-03-16,90700,95900,90500,95900,214535,0.06911928651059096
2022-03-17,95500,96300,93400,93500,167427,-0.02502606882168923
2022-03-18,93600,94100,92100,93200,142882,-0.0032085561497325887
2022-03-21,94000,98500,94000,97000,256822,0.04077253218884125
2022-03-22,96600,97700,96200,96700,94866,-0.003092783505154628
2022-03-23,97000,97100,95300,96000,80040,-0.007238883143743546
2022-03-24,95100,96600,94500,96400,65248,0.004166666666666652
2022-03-25,96700,96800,94700,95000,71894,-0.014522821576763434
2022-03-28,95000,96300,94500,95700,57585,0.007368421052631469
2022-03-29,96200,96500,94900,95500,62441,-0.002089864158829724
2022-03-30,96100,96200,94900,95700,51528,0.0020942408376962707
2022-03-31,96200,97800,95100,95800,80738,0.0010449320794148065
2022-04-01,95200,97800,94800,97500,134392,0.017745302713987554
2022-04-04,98200,99600,97800,98900,117318,0.014358974358974264
2022-04-05,99300,99300,97600,98700,58411,-0.002022244691607722
2022-04-06,98100,99200,97600,97700,74041,-0.010131712259371817
2022-04-07,97600,97600,95600,95600,66125,-0.02149437052200609
2022-04-08,96000,96600,93400,94500,78778,-0.011506276150627603
2022-04-11,94500,96100,93700,95600,60762,0.011640211640211673
2022-04-12,94600,95000,93100,93600,79912,-0.02092050209205021
2022-04-13,93300,94500,93000,94500,67998,0.009615384615384581
2022-04-14,94400,95100,93800,94000,70638,-0.005291005291005346
2022-04-15,93600,94700,93300,94100,37748,0.0010638297872340718
2022-04-18,94700,97200,93600,96100,76343,0.02125398512221044
2022-04-19,96300,96500,95300,95500,66787,-0.00624349635796051
2022-04-20,96000,97900,95600,97200,70598,0.017801047120418856
2022-04-21,98100,98800,97100,98300,54820,0.011316872427983515
2022-04-22,98000,98200,96700,97800,51347,-0.0050864699898270915
2022-04-25,96100,96300,93100,93100,109284,-0.04805725971370145
2022-04-26,94000,95000,92900,94200,56145,0.011815252416756072
2022-04-27,92100,92500,91000,91600,76994,-0.027600849256900206
2022-04-28,92000,93800,91200,93600,49684,0.02183406113537112
2022-04-29,93000,94500,93000,94500,41683,0.009615384615384581
2022-05-02,93400,94900,93400,94500,27091,0.0
2022-05-03,94200,95100,94000,94300,31707,-0.002116402116402072
2022-05-04,94100,94900,93100,93500,40343,-0.008483563096500557
2022-05-06,92600,95000,92400,93600,65919,0.0010695187165774556
2022-05-09,93700,94900,92800,94300,83938,0.007478632478632452
2022-05-10,92600,93500,91800,93000,103632,-0.01378579003181335
2022-05-11,93000,97800,92700,96800,147296,0.04086021505376336
2022-05-12,95800,99800,95400,97600,207818,0.008264462809917328
2022-05-13,98900,103000,98000,101500,227599,0.03995901639344268
2022-05-16,102500,103000,100500,102000,91957,0.0049261083743843415
2022-05-17,101500,103000,100500,101000,61631,-0.009803921568627416
2022-05-18,101500,102500,99800,101000,59214,0.0
2022-05-19,99000,99500,96600,97000,118352,-0.03960396039603964
2022-05-20,97300,97700,96200,96300,69802,-0.007216494845360799
2022-05-23,96500,97600,94900,97600,54284,0.01349948078920038
2022-05-24,97600,97900,96600,97000,36618,-0.006147540983606592
2022-05-25,97500,97700,96400,97400,49144,0.004123711340206171
2022-05-26,97600,97700,96300,96500,42517,-0.00924024640657084
2022-05-27,98000,98500,97200,98100,62833,0.01658031088082912
2022-05-30,98300,101000,98300,100000,94010,0.019367991845056
2022-05-31,100500,101500,100000,101500,157268,0.014999999999999902
2022-06-02,100000,100500,98400,98500,80498,-0.029556650246305383
2022-06-03,99300,107000,99200,106500,357355,0.08121827411167515
2022-06-07,106500,107500,104500,105000,114553,-0.014084507042253502
2022-06-08,106000,110500,105500,108000,223944,0.02857142857142847
2022-06-09,107500,109000,105500,106000,112653,-0.01851851851851849
2022-06-10,105500,106000,104000,104000,62719,-0.018867924528301883
2022-06-13,102000,103500,100500,101000,114431,-0.028846153846153855
2022-06-14,99800,104500,99000,101500,164665,0.004950495049504955
2022-06-15,102000,102500,99700,100500,103389,-0.009852216748768461
2022-06-16,102500,103000,100500,101000,82987,0.004975124378109541
2022-06-17,99400,100000,97300,97900,129973,-0.03069306930693072
2022-06-20,98500,101000,97300,98100,90782,0.0020429009193054792
2022-06-21,98400,103500,98200,103000,100333,0.049949031600407645
2022-06-22,103000,103000,99200,99200,70504,-0.03689320388349515
2022-06-23,99500,101500,98600,98900,132953,-0.003024193548387122
2022-06-24,98900,101500,98800,101000,68722,0.02123356926188058
2022-06-27,101500,104000,100500,103500,106359,0.024752475247524774
2022-06-28,103500,103500,101500,103000,54114,-0.004830917874396157
2022-06-29,101500,103500,101000,102000,62603,-0.009708737864077666
2022-06-30,102000,104000,101500,104000,108302,0.019607843137254832
2022-07-01,104500,105000,100000,100500,94241,-0.033653846153846145
2022-07-04,101000,103500,100500,103500,75660,0.029850746268656803
2022-07-05,104000,104500,101000,102000,68348,-0.01449275362318836
2022-07-06,101500,102500,98700,99300,95472,-0.026470588235294135
2022-07-07,99900,100500,97000,98500,85545,-0.00805639476334341
2022-07-08,98800,101000,98200,99000,86853,0.0050761421319796
2022-07-11,99000,99900,94000,94300,144799,-0.04747474747474745
2022-07-12,93900,94200,89200,90100,125899,-0.044538706256627814
2022-07-13,89900,92100,89800,90500,69303,0.004439511653718142
2022-07-14,90600,92000,90100,90100,84143,-0.0044198895027623974
2022-07-15,90700,90700,85600,88800,99251,-0.01442841287458374
2022-07-18,89200,90400,88600,89900,49743,0.012387387387387427
2022-07-19,89500,89900,88900,89500,40242,-0.004449388209121219
2022-07-20,90600,96800,89100,93200,294681,0.04134078212290504
2022-07-21,94000,97500,93900,94600,154505,0.015021459227467782
2022-07-22,94700,95600,93100,93700,68386,-0.009513742071881603
2022-07-25,93100,95000,93100,94200,45062,0.005336179295624355
2022-07-26,93700,94900,92900,94900,52157,0.007430997876857859
2022-07-27,94500,94600,93000,94600,70799,-0.0031612223393044925
2022-07-28,94700,95300,93000,93100,67358,-0.015856236786469302
2022-07-29,93800,95500,93500,95400,92074,0.02470461868958118
2022-08-01,94700,96300,93000,93900,74904,-0.01572327044025157
2022-08-02,93800,93800,91400,91900,67028,-0.021299254526091604
2022-08-03,91200,94000,91200,94000,55610,0.02285092491838947
2022-08-04,94200,96400,94200,95500,67537,0.015957446808510634
2022-08-05,95800,97000,95200,97000,53506,0.015706806282722585
2022-08-08,99000,102000,98800,101500,166316,0.046391752577319645
2022-08-09,102000,104000,100000,101500,134747,0.0
2022-08-10,101000,102500,100500,101500,56072,0.0
2022-08-11,102000,103000,101000,103000,64260,0.014778325123152802
2022-08-12,103000,103000,100000,102000,63036,-0.009708737864077666
2022-08-16,103000,103000,99800,101000,56100,-0.009803921568627416
2022-08-17,101500,102500,100000,101000,35039,0.0
2022-08-18,100000,102500,99400,101500,51059,0.004950495049504955
2022-08-19,101500,101500,99900,100000,30580,-0.014778325123152691
2022-08-22,99200,102000,98300,101500,58681,0.014999999999999902
2022-08-23,101000,101500,98900,99500,48615,-0.019704433497536922
2022-08-24,99500,100500,98200,99600,48360,0.0010050251256281673
2022-08-25,99900,101000,99400,100500,31757,0.009036144578313143
2022-08-26,101000,101000,99400,100500,41395,0.0
2022-08-29,97000,98200,97000,97600,43998,-0.028855721393034828
2022-08-30,98500,99500,97400,99300,30214,0.01741803278688514
2022-08-31,98500,99300,97800,98800,47724,-0.0050352467270896595
2022-09-01,97800,98600,96000,96100,59543,-0.027327935222672073
2022-09-02,96200,97100,95200,96800,25705,0.007284079084287187
2022-09-05,96000,97900,95900,97000,25247,0.0020661157024792765
2022-09-06,97700,98400,96500,97300,36521,0.003092783505154628
2022-09-07,96800,97200,95200,95500,44833,-0.018499486125385434
2022-09-08,96600,98200,95500,97700,54226,0.023036649214659644
2022-09-13,98500,99300,97400,98000,51141,0.003070624360286489
2022-09-14,95400,96600,93500,93800,64519,-0.042857142857142816
2022-09-15,94100,94900,93000,94500,39841,0.00746268656716409
2022-09-16,93600,94800,92900,93400,42187,-0.011640211640211673
2022-09-19,94200,94200,91600,92300,41513,-0.011777301927194839
2022-09-20,93400,94500,93000,94400,33581,0.02275189599133265
2022-09-21,93500,95500,92700,94400,39913,0.0
2022-09-22,93100,94200,92300,93800,34168,-0.006355932203389814
2022-09-23,93400,93800,89700,90400,81015,-0.03624733475479747
2022-09-26,88500,89200,85200,86300,114062,-0.04535398230088494
2022-09-27,87100,90000,86100,89900,85920,0.04171494785631524
2022-09-28,89300,90400,86000,87800,78641,-0.023359288097886566
2022-09-29,89700,90300,87100,87300,61068,-0.005694760820045608
2022-09-30,87100,87900,86000,86500,51610,-0.009163802978235935
2022-10-04,87700,91100,87000,91100,73919,0.05317919075144517
2022-10-05,91600,91600,87400,87700,50520,-0.03732162458836441
2022-10-06,88400,89700,88000,88800,30351,0.012542759407069504
2022-10-07,87600,90000,87600,89400,45602,0.006756756756756799
2022-10-11,88400,89400,86500,88400,47729,-0.01118568232662187
2022-10-12,88100,89200,86600,89100,57229,0.007918552036199067
2022-10-13,89100,89600,87400,87400,48075,-0.019079685746352437
2022-10-14,88700,89400,87700,88900,33154,0.017162471395880896
2022-10-17,88400,88700,87000,88700,29863,-0.0022497187851518996
2022-10-18,89800,90500,88800,90500,37575,0.02029312288613294
2022-10-19,90900,92200,90000,90000,39543,-0.0055248618784530246
2022-10-20,89500,92800,89500,91800,106829,0.020000000000000018
2022-10-21,91700,91800,89300,90400,48238,-0.015250544662309351
2022-10-24,91200,91700,89600,89900,37570,-0.00553097345132747
2022-10-25,90600,90700,88000,88500,45387,-0.015572858731924377
2022-10-26,88600,88900,87700,88400,35375,-0.001129943502824804
2022-10-27,89100,90500,88900,89700,49852,0.014705882352941124
2022-10-28,89100,91800,89000,91400,48491,0.018952062430323213
2022-10-31,91200,91300,86600,87400,117887,-0.043763676148796504
2022-11-01,87000,88400,86600,88200,48712,0.009153318077803174
2022-11-02,88200,89800,87400,89600,56297,0.015873015873015817
2022-11-03,87700,89600,87000,89000,53736,-0.006696428571428603
2022-11-04,88600,90100,87000,89800,58244,0.008988764044943753
2022-11-07,90700,92800,88000,88900,137542,-0.010022271714922093
2022-11-08,89500,89800,88500,89100,75813,0.0022497187851517886
2022-11-09,90000,90500,89100,89400,65204,0.0033670033670034627
2022-11-10,88800,89400,87600,87600,69726,-0.020134228187919434
2022-11-11,89500,90200,88000,90100,96777,0.028538812785388057
2022-11-14,89700,91500,89200,90600,74874,0.005549389567147678
2022-11-15,91200,91300,90100,90300,44175,-0.0033112582781457123
2022-11-16,91000,91300,89200,91000,56234,0.007751937984496138
2022-11-17,90500,90800,88200,88300,54998,-0.029670329670329676
2022-11-18,88200,88300,86900,87400,60091,-0.010192525481313663
2022-11-21,86900,87700,85800,86800,63478,-0.006864988558352381
2022-11-22,86900,86900,85100,85300,55872,-0.017281105990783363
2022-11-23,86100,86500,85300,86100,35826,0.009378663540445586
2022-11-24,86000,86400,85100,85200,60215,-0.010452961672473893
2022-11-25,85700,85800,85200,85600,21834,0.0046948356807512415
2022-11-28,85500,85500,82900,83100,78651,-0.029205607476635476
2022-11-29,83100,84400,82600,84100,33043,0.012033694344163681
2022-11-30,83700,84800,83600,84500,53235,0.0047562425683709275
2022-12-01,85200,85800,84300,84400,72503,-0.0011834319526626835
2022-12-02,84400,85200,83900,83900,54859,-0.005924170616113722
2022-12-05,83900,86000,83500,85100,73324,0.014302741358760418
2022-12-06,84700,86900,84300,85800,87333,0.008225616921269108
2022-12-07,85900,90700,85600,90500,202934,0.05477855477855487
2022-12-08,90200,90400,87800,88200,103301,-0.02541436464088398
2022-12-09,88700,90400,88200,90100,87009,0.02154195011337867
2022-12-12,90000,91900,89000,91700,92217,0.017758046614872347
2022-12-13,92000,92300,90700,91300,63158,-0.004362050163576936
2022-12-14,91300,91500,89500,90000,68749,-0.014238773274917849
2022-12-15,89600,90400,87800,87800,75515,-0.02444444444444449
2022-12-16,87600,89300,87300,88500,66590,0.007972665148063829
2022-12-19,88000,88900,87400,87900,32025,-0.006779661016949157
2022-12-20,88500,88700,87000,87500,56511,-0.004550625711035261
2022-12-21,88000,88300,87200,87300,42330,-0.0022857142857143353
2022-12-22,87700,90000,87500,90000,58432,0.030927835051546282
2022-12-23,89300,89500,88400,88900,41862,-0.012222222222222245
2022-12-26,88900,89600,88400,89500,45402,0.006749156355455588
2022-12-27,90000,92700,89800,91000,113404,0.016759776536312776
2022-12-28,90200,93800,89300,92800,97891,0.01978021978021971
2022-12-29,92700,92900,90300,91000,66907,-0.0193965517241379
2023-01-02,90800,91800,89000,91100,50200,0.001098901098901095
2023-01-03,90800,93400,89600,92500,80668,0.015367727771679496
2023-01-04,93500,94200,92100,92500,63746,0.0
2023-01-05,92600,94700,92600,93900,72286,0.015135135135135203
2023-01-06,93200,94700,93000,94200,72825,0.0031948881789136685
2023-01-09,95100,98200,94500,97700,111923,0.03715498938428885
2023-01-10,97700,98500,97000,97300,79351,-0.004094165813715467
2023-01-11,97700,99300,97500,98900,82494,0.016443987667009274
2023-01-12,98700,98700,97000,98000,43439,-0.009100101112234582
2023-01-13,98400,99300,97100,97500,53798,-0.005102040816326481
2023-01-16,97200,99400,96900,99300,42055,0.01846153846153853
2023-01-17,99300,99400,97900,99200,34294,-0.001007049345417954
2023-01-18,98700,102000,98100,102000,70307,0.02822580645161299
2023-01-19,100500,102000,100000,101500,46856,-0.004901960784313708
2023-01-20,101000,102000,99800,100000,41397,-0.014778325123152691
2023-01-25,100000,100200,96100,96300,94758,-0.03700000000000003
2023-01-26,96500,97100,95500,96600,42936,0.0031152647975076775
2023-01-27,96200,97300,95600,96500,34226,-0.0010351966873706209
2023-01-30,96500,96500,95400,95400,30598,-0.011398963730569922
2023-01-31,96100,96200,93600,94000,55270,-0.014675052410901501
2023-02-01,94000,94600,93600,94300,45039,0.0031914893617022155
2023-02-02,94400,95400,93400,93500,63157,-0.008483563096500557
2023-02-03,93500,94400,93000,94100,40249,0.0064171122994651775
2023-02-06,93800,94300,93000,93000,41898,-0.011689691817215686
2023-02-07,93100,93500,92000,92100,49978,-0.009677419354838679
2023-02-08,92300,92600,91500,92500,41594,0.004343105320304019
2023-02-09,92600,93800,91700,91700,98000,-0.008648648648648671
2023-02-10,91700,93500,91200,92600,55101,0.009814612868048078
2023-02-13,92100,92400,90100,90800,71050,-0.01943844492440605
2023-02-14,91400,91400,89600,89700,78347,-0.01211453744493396
2023-02-15,89800,90300,88200,88600,80189,-0.012263099219620988
2023-02-16,89000,89800,88500,88900,54523,0.003386004514672747
2023-02-17,88800,89100,87500,88900,65483,0.0
2023-02-20,89500,90300,89000,90000,52349,0.012373453318335281
2023-02-21,90100,90300,89000,89400,53661,-0.00666666666666671
2023-02-22,88700,89200,88000,88200,44155,-0.01342281879194629
2023-02-23,88400,89200,87900,88600,44066,0.0045351473922903285
2023-02-24,88200,88500,87300,87400,51511,-0.013544018058690765
2023-02-27,87400,87500,85700,86700,42311,-0.008009153318077833
2023-02-28,87300,87800,86700,87000,65261,0.0034602076124568004
2023-03-02,87000,88600,87000,87100,41440,0.0011494252873562871
2023-03-03,88200,88400,86900,87600,43105,0.00574052812858783
2023-03-06,88000,88000,86900,87200,42490,-0.004566210045662156
2023-03-07,87300,87300,86500,86800,30039,-0.004587155963302725
2023-03-08,86600,86600,85200,85300,48638,-0.017281105990783363
2023-03-09,85500,86000,84900,85200,73847,-0.0011723329425556983
2023-03-10,84800,84900,83500,83600,66401,-0.018779342723004744
2023-03-13,83100,83600,81100,82300,104851,-0.015550239234449759
2023-03-14,81600,81700,79300,79400,114848,-0.03523693803159178
2023-03-15,79900,80600,79200,79300,86744,-0.0012594458438287548
2023-03-16,78800,79000,77600,78500,107231,-0.010088272383354302
2023-03-17,78900,79700,78500,78800,109412,0.003821656050955413
2023-03-20,78600,81400,78600,80500,61909,0.021573604060913798
2023-03-21,80300,81400,80100,81100,52119,0.007453416149068248
2023-03-22,81300,81500,80300,80800,71092,-0.0036991368680641123
2023-03-23,80700,81200,79100,79700,86283,-0.013613861386138626
2023-03-24,79600,79900,79000,79700,52245,0.0
2023-03-27,79600,79800,78500,79300,66186,-0.005018820577164407
2023-03-28,79400,80000,79000,79600,44951,0.003783102143757988
2023-03-29,79600,80600,79400,80100,49902,0.00628140703517599
2023-03-30,80400,82400,79600,81700,74612,0.019975031210986316
2023-03-31,81800,82400,80900,81900,58623,0.00244798041615657
2023-04-03,82100,83500,81900,82100,65904,0.0024420024420024333
2023-04-04,82100,82300,81100,82100,58330,0.0
2023-04-05,81900,82900,81000,81500,79551,-0.0073081607795371095
2023-04-06,81600,82000,80600,80700,47260,-0.009815950920245453
2023-04-07,80800,80800,79300,80000,61534,-0.008674101610904539
2023-04-10,79900,80500,79500,79800,47307,-0.0024999999999999467
2023-04-11,79700,81900,79600,81300,66270,0.018796992481203034
2023-04-12,81300,82700,81100,82700,84193,0.017220172201722006
2023-04-13,82000,82500,80800,82100,97057,-0.00725513905683195
2023-04-14,82300,83700,82200,83500,75891,0.01705237515225333
2023-04-17,83500,83600,82000,82700,66987,-0.009580838323353325
2023-04-18,82200,83500,82000,83300,46459,0.007255139056831839
2023-04-19,83500,83500,82900,83000,37827,-0.0036014405762304635
2023-04-20,82800,83000,81600,82600,50770,-0.004819277108433773
2023-04-21,81800,82000,80800,81700,62108,-0.010895883777239712
2023-04-24,81600,81700,80200,80800,40816,-0.011015911872705009
2023-04-25,81100,81300,79900,80400,43485,-0.004950495049504955
2023-04-26,79700,81300,79700,81200,32852,0.00995024875621886
2023-04-27,80700,81100,79700,79800,38672,-0.017241379310344862
2023-04-28,80000,80000,79000,79800,61364,0.0
2023-05-02,80100,81000,79800,80700,48350,0.011278195488721776
2023-05-03,80100,80800,79500,79900,47505,-0.009913258983890949
2023-05-04,79500,79800,79100,79600,46453,-0.003754693366708417
2023-05-08,79600,81700,79500,81300,52070,0.021356783919598055
2023-05-09,81000,82000,80700,81900,33226,0.007380073800737907
2023-05-10,81600,82600,80700,80800,35926,-0.013431013431013383
2023-05-11,80800,82000,80300,80300,76735,-0.006188118811881194
2023-05-12,81600,82700,80200,82500,159655,0.027397260273972712
2023-05-15,82100,82100,80600,81200,61584,-0.015757575757575748
2023-05-16,81000,81900,80700,81500,46111,0.003694581280788256
2023-05-17,81000,81800,80500,81100,55100,-0.004907975460122671
2023-05-18,81400,82300,81200,82200,56962,0.013563501849568338
2023-05-19,81800,82300,81600,82300,42628,0.0012165450121655041
2023-05-22,82600,83100,81800,82200,64076,-0.0012150668286755595
2023-05-23,82200,82700,82100,82400,30414,0.0024330900243310083
2023-05-24,82300,82300,81000,81400,66357,-0.012135922330097082
2023-05-25,81100,81600,80600,80600,74258,-0.009828009828009798
2023-05-26,80600,80700,79400,80000,124347,-0.007444168734491274
2023-05-30,80000,80100,78600,79300,118570,-0.008750000000000036
2023-05-31,79400,81400,79400,80000,1238300,0.008827238335435084
2023-06-01,80300,82000,80100,80300,98393,0.00374999999999992
2023-06-02,80500,80800,79700,80100,54565,-0.00249066002490661
2023-06-05,80600,81000,80300,80800,27192,0.008739076154806513
2023-06-07,80600,81000,80300,80300,52136,-0.006188118811881194
2023-06-08,81000,81300,80300,80700,46348,0.00498132004981322
2023-06-09,81200,82200,80700,81200,65508,0.006195786864931829
2023-06-12,81000,81400,79800,80200,41486,-0.012315270935960632
2023-06-13,80400,80700,80100,80400,45741,0.0024937655860348684
2023-06-14,80500,80600,79900,80200,42122,-0.0024875621890547706
2023-06-15,80700,80700,79700,79800,50187,-0.004987531172069848
2023-06-16,79800,80500,78700,79000,105511,-0.010025062656641603
2023-06-19,79200,79700,78700,78800,47048,-0.0025316455696202667
2023-06-20,78700,79300,78100,78200,63980,-0.0076142131979695105
2023-06-21,78100,78100,74900,75100,232547,-0.039641943734015306
2023-06-22,75400,75400,74500,74700,84199,-0.005326231691078598
2023-06-23,74700,74800,71900,72300,175929,-0.032128514056224855
2023-06-26,71600,71800,70700,71200,84764,-0.015214384508990264
2023-06-27,70700,71700,70700,71600,70353,0.00561797752808979
2023-06-28,71600,71900,71100,71100,52692,-0.006983240223463638
2023-06-29,71100,71200,68000,69000,182347,-0.029535864978902926
2023-06-30,69000,69300,68100,68600,87583,-0.005797101449275366
2023-07-03,68800,69800,68500,69800,86537,0.017492711370262315
2023-07-04,69200,69900,66800,67000,120761,-0.04011461318051579
2023-07-05,67300,67700,66800,67200,58357,0.0029850746268655914
2023-07-06,66500,67500,65700,66800,89142,-0.005952380952380931
2023-07-07,66300,66300,65000,65800,84346,-0.014970059880239472
2023-07-10,65900,67500,65600,67100,46320,0.019756838905775176
2023-07-11,67200,68500,67100,68100,41480,0.014903129657227954
2023-07-12,67900,69600,67800,69200,64260,0.01615271659324513
2023-07-13,69600,70000,68900,69200,79047,0.0
2023-07-14,69800,70300,69400,70100,51986,0.013005780346820872
2023-07-17,69800,70700,69600,70400,27419,0.004279600570613384
2023-07-18,70800,71200,69600,69800,41527,-0.008522727272727293
2023-07-19,69800,70800,69500,70100,68043,0.004297994269341077
2023-07-20,69300,70600,69300,70600,44471,0.007132667617689048
2023-07-21,70000,70700,69800,70400,25864,-0.0028328611898017497
2023-07-24,70000,70300,69100,69700,46445,-0.009943181818181768
2023-07-25,69700,70000,68800,69300,34482,-0.0057388809182209455
2023-07-26,68800,68800,66000,67500,98842,-0.025974025974025983
2023-07-27,66900,70500,66900,70400,81181,0.04296296296296287
2023-07-28,70000,70000,68800,69200,42978,-0.017045454545454586
2023-07-31,69200,70000,69100,70000,42833,0.011560693641618602
2023-08-01,69400,71800,69400,71600,64477,0.02285714285714291
2023-08-02,70900,72600,70900,71600,58981,0.0
2023-08-03,71600,72500,71000,72300,54556,0.009776536312849249
2023-08-04,72300,73800,71700,73600,78886,0.017980636237897585
2023-08-07,73900,74400,73300,74100,79152,0.006793478260869623
2023-08-08,74100,74600,72600,72700,36784,-0.018893387314439902
2023-08-09,72800,73100,72000,72600,48583,-0.0013755158184318717
2023-08-10,75000,77300,74100,76800,207888,0.05785123966942152
2023-08-11,76800,77700,74100,74200,134047,-0.03385416666666663
2023-08-14,74800,76800,74600,76400,101415,0.029649595687331498
2023-08-16,75500,75600,73000,73900,83293,-0.0327225130890052
2023-08-17,72700,73400,70700,71600,75037,-0.03112313937753719
2023-08-18,70700,72300,70600,70800,47669,-0.011173184357541888
2023-08-21,70700,71000,69800,70300,38159,-0.007062146892655385
2023-08-22,71000,71000,69800,69800,28678,-0.007112375533428139
2023-08-23,69700,70300,69500,69700,39750,-0.0014326647564469885
2023-08-24,69700,70500,69600,70100,30100,0.0057388809182210565
2023-08-25,69400,71200,69200,70900,35757,0.011412268188302432
2023-08-28,71900,72600,71400,72100,35751,0.016925246826516194
2023-08-29,72100,72400,71400,71800,32336,-0.004160887656033285
2023-08-30,72100,72600,70900,71100,39347,-0.00974930362116988
2023-08-31,71400,71600,70700,71000,43452,-0.0014064697609000865
2023-09-01,70700,72200,70700,71400,31149,0.005633802816901401
2023-09-04,71100,74200,71100,74200,65275,0.03921568627450989
2023-09-05,73600,74400,73300,73600,25907,-0.008086253369272267
2023-09-06,73100,73400,72400,72500,33348,-0.014945652173913082
2023-09-07,72100,72600,71700,72200,27116,-0.004137931034482789
2023-09-08,72300,73200,71700,73000,26405,0.011080332409972193
2023-09-11,72800,73800,72700,73400,28666,0.005479452054794498
2023-09-12,73700,73800,72500,72600,34961,-0.010899182561307952
2023-09-13,72200,73500,72200,73500,28589,0.012396694214876103
2023-09-14,73700,73800,72500,73100,35238,-0.0054421768707483276
2023-09-15,73500,74000,72900,73300,54402,0.002735978112175186
2023-09-18,73000,73700,72900,73000,23168,-0.004092769440654842
2023-09-19,73200,76400,73200,75800,114868,0.03835616438356171
2023-09-20,76200,76400,74800,75000,60236,-0.01055408970976257
2023-09-21,75600,75900,74100,74600,71523,-0.005333333333333301
2023-09-22,74500,75000,74000,74600,48659,0.0
2023-09-25,74300,75500,74300,74500,28298,-0.0013404825737265424
2023-09-26,74300,74500,71100,71900,87072,-0.03489932885906044
2023-09-27,71300,71600,70800,71500,31164,-0.0055632823365785455
2023-10-04,70800,71000,68700,69600,64582,-0.02657342657342654
2023-10-05,69800,71900,69800,70900,52610,0.018678160919540332
2023-10-06,71600,71600,70700,70800,32222,-0.0014104372355430161
2023-10-10,71900,73400,71500,72800,74756,0.02824858757062154
2023-10-11,72800,73200,72100,72500,37505,-0.004120879120879106
2023-10-12,72400,72700,71200,71700,65038,-0.011034482758620734
2023-10-13,71000,71800,70800,70900,36891,-0.01115760111576014
2023-10-16,70900,71000,69300,69900,37317,-0.014104372355430161
2023-10-17,70400,70700,69500,70000,34088,0.0014306151645206988
2023-10-18,70100,71300,70000,70700,61656,0.010000000000000009
2023-10-19,70300,70700,69500,69800,41203,-0.012729844413012725
2023-10-20,69500,70200,68100,68900,40232,-0.012893982808022897
2023-10-23,69400,71000,68400,69500,67472,0.00870827285921627
2023-10-24,69500,71200,69300,71000,44281,0.021582733812949728
2023-10-25,70900,73500,70500,73100,65096,0.029577464788732355
2023-10-26,72900,73100,71800,71900,37421,-0.01641586867305067
2023-10-27,72700,72700,69800,71300,37089,-0.008344923504867818
2023-10-30,71000,72000,70900,72000,29765,0.009817671809256634
2023-10-31,72600,73500,71700,72100,40025,0.001388888888888884
2023-11-01,72500,73300,72200,73200,36166,0.015256588072122046
2023-11-02,73500,73700,72500,73000,49655,-0.002732240437158473
2023-11-03,73600,74200,73000,73600,46972,0.008219178082191858
2023-11-06,74300,75800,73700,75800,108591,0.029891304347826164
2023-11-07,75900,76200,74500,75800,44536,0.0
2023-11-08,76300,80200,76200,79300,182663,0.04617414248021112
2023-11-09,78600,80300,78600,79600,80567,0.003783102143757988
2023-11-10,78900,79500,77400,77700,56103,-0.023869346733668362
2023-11-13,78400,78800,77600,77600,46453,-0.0012870012870013214
2023-11-14,78500,78600,77200,78400,36035,0.010309278350515427
2023-11-15,79500,79700,78100,78400,35602,0.0
2023-11-16,78800,79600,77900,79100,33869,0.008928571428571397
2023-11-17,79400,79700,78000,79200,30697,0.0012642225031604948
2023-11-20,79000,79700,78400,79200,25173,0.0
2023-11-21,79900,80300,79200,80100,36668,0.011363636363636465
2023-11-22,79700,80200,79400,79700,13591,-0.004993757802746579
2023-11-23,79400,80000,78900,79600,26135,-0.0012547051442910462
2023-11-24,79900,79900,78500,79200,22365,-0.005025125628140725
2023-11-27,79200,80800,79000,80700,52351,0.018939393939394034
2023-11-28,80900,80900,78500,78500,51207,-0.027261462205700138
2023-11-29,78300,78300,76500,76800,67288,-0.021656050955414008
2023-11-30,77500,77600,76300,76500,49671,-0.00390625
2023-12-01,76200,77100,76100,76900,33159,0.005228758169934622
2023-12-04,77400,77500,76000,76900,32695,0.0
2023-12-05,76400,77400,76200,76800,31758,-0.0013003901170350884
2023-12-06,76800,77400,76600,77100,20401,0.00390625
2023-12-07,76500,76800,75500,76300,32386,-0.01037613488975353
2023-12-08,77000,77200,75900,76900,30742,0.007863695937090354
2023-12-11,77200,77500,76800,77100,28522,0.002600780234070177
2023-12-12,77500,77600,76900,76900,31717,-0.0025940337224383825
2023-12-13,77400,77400,76900,77100,29021,0.002600780234070177
2023-12-14,77600,77600,76900,77300,67920,0.0025940337224383825
2023-12-15,77300,78500,77100,77900,51163,0.0077619663648125226
2023-12-18,77900,78500,77400,77700,37596,-0.0025673940949936247
2023-12-19,77800,78500,77500,77900,31298,0.002574002574002643
2023-12-20,78600,79300,78100,79100,62333,0.015404364569961526
2023-12-21,78600,79100,77800,79000,20890,-0.0012642225031606058
2023-12-22,79300,79500,78600,78800,29935,-0.0025316455696202667
2023-12-26,79200,81500,78900,81000,128689,0.027918781725888353
2023-12-27,79400,79400,75300,75600,159941,-0.06666666666666665
2023-12-28,75600,75900,74600,75000,77013,-0.007936507936507908
2024-01-02,75000,75100,73800,74200,48499,-0.010666666666666713
2024-01-03,74500,74500,73400,73600,45245,-0.008086253369272267
2024-01-04,73300,73700,72700,73700,49876,0.0013586956521738358
2024-01-05,73100,73300,70300,70600,108800,-0.042062415196743586
2024-01-08,71200,71600,70400,70400,43784,-0.0028328611898017497
2024-01-09,70700,71000,70000,71000,37600,0.008522727272727293
2024-01-10,70500,71000,68700,68900,104077,-0.029577464788732355
2024-01-11,69100,69700,69000,69000,47161,0.0014513788098693414
2024-01-12,69300,69800,68700,69800,39193,0.011594202898550732
2024-01-15,70000,70400,69100,70300,23243,0.007163323782235054
2024-01-16,69600,70400,69200,69700,24142,-0.008534850640113834
2024-01-17,69500,69500,67500,67700,67863,-0.028694404591104727
2024-01-18,67700,69300,67600,68800,59490,0.01624815361890697
2024-01-19,69500,69500,68600,68800,34661,0.0
2024-01-22,68500,72200,68000,71800,113889,0.043604651162790775
2024-01-23,71800,73300,71100,72500,105035,0.009749303621169991
2024-01-24,72100,73000,71200,72200,61774,-0.004137931034482789
2024-01-25,72200,73700,72000,73300,55025,0.015235457063711877
2024-01-26,73200,74000,72300,73100,30615,-0.0027285129604365244
2024-01-29,73800,80100,72800,79400,293263,0.08618331053351569
2024-01-30,79200,81300,78200,79900,166975,0.006297229219143663
2024-01-31,79900,82400,79000,82200,146342,0.028785982478097605
2024-02-01,81200,86500,81200,86000,242198,0.04622871046228716
2024-02-02,86400,87800,83500,86200,176540,0.0023255813953488857
2024-02-05,86400,87800,84500,87100,114070,0.010440835266821269
2024-02-06,86000,88900,85900,87400,127664,0.003444316877152742
2024-02-07,86900,91700,86600,91100,204146,0.042334096109839736
2024-02-08,91200,92000,89100,90100,95283,-0.010976948408342513
2024-02-13,90800,92100,82700,83200,238970,-0.07658157602663707
2024-02-14,82800,83700,81600,82400,88408,-0.009615384615384581
2024-02-15,84000,84100,79900,80100,114427,-0.027912621359223344
2024-02-16,81000,83500,80200,82900,97506,0.03495630461922605
2024-02-19,82900,86500,81100,85000,79493,0.02533172496984326
2024-02-20,84700,84900,82200,82700,53275,-0.027058823529411802
2024-02-21,83300,83900,80700,81100,84527,-0.019347037484885088
2024-02-22,81700,81900,79800,80100,76463,-0.012330456226880449
2024-02-23,80400,80700,79200,80000,45976,-0.0012484394506866447
2024-02-26,80300,80400,75600,76000,152283,-0.050000000000000044
2024-02-27,76300,78600,75700,76600,57697,0.007894736842105177
2024-02-28,77300,77900,76300,77500,46599,0.011749347258485532
2024-02-29,77100,78400,76900,77600,48863,0.001290322580645098
2024-03-04,78300,78800,76600,77000,44144,-0.0077319587628865705
2024-03-05,76300,77700,76300,76800,23353,-0.0025974025974025983
2024-03-06,76500,77200,75700,75900,29854,-0.01171875
2024-03-07,75900,76400,74500,75300,50335,-0.007905138339920903
2024-03-08,76500,76900,75200,75700,28800,0.005312084993359889
2024-03-11,75100,75800,75000,75600,33083,-0.0013210039630119352
2024-03-12,76000,76000,73500,74000,79844,-0.021164021164021163
2024-03-13,74200,74200,71500,72600,120824,-0.018918918918918948
2024-03-14,72600,73400,72500,72500,103724,-0.0013774104683195176
2024-03-15,72500,74000,71800,73600,75425,0.015172413793103523
2024-03-18,73800,74000,72600,72900,42556,-0.009510869565217406
2024-03-19,72700,74200,72700,73300,36280,0.005486968449931462
2024-03-20,73300,74000,72900,73300,40183,0.0
2024-03-21,74100,74400,72800,74000,58849,0.009549795361528002
2024-03-22,73500,74800,73500,74200,39253,0.002702702702702675
2024-03-25,74300,74400,72200,72900,71120,-0.01752021563342321
2024-03-26,73400,74200,73100,73800,37701,0.012345679012345734
2024-03-27,73500,74400,73300,73500,36892,-0.004065040650406471
2024-03-28,73500,74100,73100,73600,27470,0.0013605442176871652
2024-03-29,74000,74200,72200,72200,35158,-0.01902173913043481
2024-04-01,72700,75100,72400,74400,65670,0.030470914127423754
2024-04-02,73900,74200,72800,72900,44133,-0.020161290322580627
2024-04-03,73000,73300,72000,72000,56703,-0.012345679012345734
2024-04-04,72700,72800,71300,71500,40040,-0.00694444444444442
2024-04-05,71100,72000,70900,71300,21460,-0.002797202797202747
2024-04-08,71400,71900,70700,71100,41409,-0.0028050490883591017
2024-04-09,71500,72700,70100,71200,39853,0.0014064697609001975
2024-04-11,70600,71300,70000,70500,44552,-0.0098314606741573
2024-04-12,70300,70700,67500,68000,128914,-0.03546099290780147
2024-04-15,67300,68100,67000,67300,53552,-0.010294117647058787
2024-04-16,67000,67200,64500,65300,189973,-0.029717682020802383
2024-04-17,65400,66700,64800,65000,65911,-0.004594180704441064
2024-04-18,65000,65700,64900,65400,42573,0.006153846153846176
2024-04-19,65000,65200,63900,64500,57848,-0.013761467889908285
2024-04-22,65200,66900,64800,66900,51782,0.037209302325581506
2024-04-23,66900,67900,66400,67600,39944,0.010463378176382765
2024-04-24,67900,67900,66600,66800,34793,-0.011834319526627168
2024-04-25,66800,69800,66300,68200,82439,0.020958083832335328
2024-04-26,68400,69200,67200,68600,35557,0.0058651026392961825
2024-04-29,69100,70300,68700,69800,43120,0.017492711370262315
2024-04-30,70100,70300,69300,69700,30582,-0.0014326647564469885
2024-05-02,68800,70200,68800,69700,22740,0.0
2024-05-03,70200,70200,69600,69700,28644,0.0
2024-05-07,70400,70500,69600,70000,29411,0.004304160688665792
2024-05-08,70000,71300,69700,71300,57521,0.01857142857142846
2024-05-09,71100,71500,70600,70700,55171,-0.008415147265077194
2024-05-10,71300,71300,69700,70300,44530,-0.005657708628005631
2024-05-13,70300,70500,69500,69800,31987,-0.007112375533428139
2024-05-14,70300,70300,69000,69400,48786,-0.005730659025787954
2024-05-16,70400,70800,68800,69200,67720,-0.0028818443804035088
2024-05-17,69100,69800,68800,69100,33757,-0.0014450867052022698
2024-05-20,69000,69400,68000,68100,57711,-0.01447178002894356
2024-05-21,67900,68200,67000,67100,57903,-0.014684287812041119
2024-05-22,67100,68000,66700,67400,42843,0.0044709388971684305
2024-05-23,67400,67800,66300,66400,75935,-0.014836795252225476
2024-05-24,66000,66300,65400,65800,63325,-0.009036144578313254
2024-05-27,65900,67000,65600,66300,73232,0.0075987841945288626
2024-05-28,66300,66300,65700,65900,53650,-0.006033182503770718
2024-05-29,65500,65700,64900,65600,68495,-0.004552352048558417
2024-05-30,65100,65500,64800,65000,41146,-0.009146341463414642
2024-05-31,65500,66400,65300,65900,48815,0.013846153846153841
2024-06-03,66200,66900,65600,66100,40858,0.003034901365705611
2024-06-04,65800,65900,64800,65000,77500,-0.016641452344931973
2024-06-05,65200,65400,64500,64600,70827,-0.006153846153846176
2024-06-07,64600,65400,64600,64900,63636,0.004643962848297267
2024-06-10,64500,64600,63900,64100,67340,-0.012326656394452962
2024-06-11,64300,64900,64000,64400,71107,0.004680187207488196
2024-06-12,64300,65200,64300,65200,47187,0.012422360248447228
2024-06-13,65300,65600,64000,64000,100155,-0.018404907975460127
2024-06-14,64100,65100,63800,64800,61912,0.012499999999999956
2024-06-17,64500,64700,63800,64000,81425,-0.012345679012345734
2024-06-18,63900,64100,63400,63600,87875,-0.006249999999999978
2024-06-19,64000,64000,62600,63600,80731,0.0
2024-06-20,63800,65700,63300,65100,78820,0.02358490566037741
2024-06-21,65300,65400,64400,65400,59013,0.004608294930875667
2024-06-24,64900,65200,64200,64300,37827,-0.016819571865443472
2024-06-25,64600,64800,64000,64200,27645,-0.0015552099533436836
2024-06-26,63900,64100,63400,63700,42518,-0.007788161993769416
2024-06-27,63300,63700,62600,63000,74260,-0.01098901098901095
2024-06-28,63400,64200,63300,63500,41751,0.007936507936507908
2024-07-01,63500,64200,63400,63900,26939,0.006299212598425141
2024-07-02,63700,63700,62700,62800,59810,-0.017214397496087663
2024-07-03,63000,63400,62200,62200,62631,-0.009554140127388533
2024-07-04,62400,63200,62000,62400,52635,0.003215434083601254
2024-07-05,62600,63000,61700,61800,83999,-0.009615384615384581
2024-07-08,61800,62600,61500,62400,47925,0.009708737864077666
2024-07-09,62800,63300,62200,62600,76721,0.0032051282051281937
2024-07-10,62500,62700,62100,62200,44574,-0.006389776357827448
2024-07-11,62400,62800,62100,62200,75292,0.0
2024-07-12,62500,63400,62200,62900,67737,0.0112540192926045
2024-07-15,63000,63200,62100,62400,58967,-0.007949125596184436
2024-07-16,62400,62400,61100,61200,156040,-0.019230769230769273
2024-07-17,61400,62500,61100,62200,99421,0.016339869281045694
2024-07-18,62300,62500,61300,62300,62093,0.001607717041800738
2024-07-19,61800,62100,61200,61800,56332,-0.008025682182985605
2024-07-22,61900,62100,61300,61900,37149,0.0016181229773462036
2024-07-23,62000,62100,60300,60500,84864,-0.022617124394184174
2024-07-24,60400,61200,60200,60600,36793,0.0016528925619834212
2024-07-25,60400,60800,59700,60000,68548,-0.00990099009900991
2024-07-26,60500,61600,60100,61200,49129,0.020000000000000018
2024-07-29,61400,61400,60900,61400,38072,0.0032679738562091387
2024-07-30,61000,61300,60200,60200,58714,-0.019543973941368087
2024-07-31,60200,62100,60200,61800,75511,0.02657807308970095
2024-08-01,61800,64100,61600,63700,135345,0.0307443365695792
2024-08-02,63200,64100,62600,63300,85612,-0.006279434850863463
2024-08-05,63000,63100,58100,58300,135869,-0.07898894154818326
2024-08-06,59800,60900,58600,59600,91730,0.022298456260720467
2024-08-07,59200,61700,58800,60900,66463,0.02181208053691286
2024-08-08,60500,61100,58600,58600,118255,-0.0377668308702791
2024-08-09,59300,59700,57900,58400,109142,-0.0034129692832765013
2024-08-12,58800,59900,58500,59600,37910,0.020547945205479534
2024-08-13,59500,60300,58900,59500,40599,-0.001677852348993314
2024-08-14,59900,60100,59200,59900,46819,0.006722689075630228
2024-08-16,60400,60800,59400,59400,47328,-0.008347245409014992
2024-08-19,59500,60600,59500,60400,38051,0.01683501683501687
2024-08-20,60700,60700,59500,59800,33498,-0.009933774834437137
2024-08-21,59800,61000,59800,60800,48672,0.01672240802675584
2024-08-22,61000,61600,60500,61200,35899,0.006578947368421018
2024-08-23,61100,61700,60900,61300,39977,0.0016339869281045694
2024-08-26,61400,62000,61200,61300,36609,0.0
2024-08-27,61700,62700,61200,62500,58598,0.019575856443719397
2024-08-28,62500,62700,61200,61600,53782,-0.014399999999999968
2024-08-29,62000,62000,61000,61200,27645,-0.00649350649350644
2024-08-30,61500,62400,61100,62400,52965,0.019607843137254832
2024-09-02,62300,62500,61800,61900,48904,-0.008012820512820484
2024-09-03,61800,64000,61800,63300,79406,0.022617124394184174
2024-09-04,62500,62500,61600,61600,52279,-0.026856240126382325
2024-09-05,62100,64400,61700,63600,107643,0.032467532467532534
2024-09-06,64000,64100,62400,62700,42368,-0.014150943396226467
2024-09-09,62000,63300,61400,63100,42386,0.006379585326953707
2024-09-10,62800,64100,62600,62800,52755,-0.004754358161648153
2024-09-11,63200,63400,62200,62900,38559,0.0015923566878981443
2024-09-12,63000,63100,62100,62100,70370,-0.012718600953895098
2024-09-13,62500,63800,62300,62900,29403,0.012882447665056418
2024-09-19,63500,63800,61500,61900,66601,-0.015898251192368873
2024-09-20,62200,64300,61700,64000,200072,0.03392568659127626
2024-09-23,63900,64100,62600,62700,84598,-0.020312499999999956
2024-09-24,62700,63800,62700,63800,35860,0.01754385964912286
2024-09-25,64300,64700,62200,62200,72308,-0.025078369905956133
2024-09-26,62600,62700,61700,62200,71714,0.0
2024-09-27,62500,63400,62200,62600,68728,0.006430868167202508
2024-09-30,63100,63300,61400,61500,62562,-0.01757188498402551
2024-10-02,61300,62200,60300,61300,58357,-0.003252032520325243
2024-10-04,61400,61600,60800,61100,31279,-0.0032626427406199365
2024-10-07,61200,63700,61200,62800,81532,0.02782324058919805
2024-10-08,63400,63400,61900,61900,39217,-0.014331210191082855
2024-10-10,62500,62500,61500,61900,61880,0.0
2024-10-11,62200,64800,62200,63100,135050,0.01938610662358653
2024-10-14,63700,64300,62900,63500,53823,0.006339144215530945
2024-10-15,63800,64200,63100,63300,33826,-0.0031496062992125706
2024-10-16,62700,64500,62400,63600,119972,0.004739336492890933
2024-10-17,64000,65800,63800,64300,86907,0.011006289308176154
2024-10-18,64900,65400,63900,64200,57128,-0.0015552099533436836
2024-10-21,64400,64700,64100,64200,34363,0.0
2024-10-22,63800,64800,63400,64500,49321,0.004672897196261738
2024-10-23,64600,64800,63500,64000,32246,-0.007751937984496138
2024-10-24,64400,64400,63700,63900,8858,-0.0015625000000000222
2024-10-25,63700,63700,62600,63000,41551,-0.014084507042253502
2024-10-28,62700,64400,62700,64200,38308,0.01904761904761898
2024-10-29,64100,64900,63800,64600,39921,0.006230529595015577
2024-10-30,64500,65500,64100,65100,40374,0.007739938080495445
2024-10-31,65200,66000,64200,66000,55868,0.01382488479262678
2024-11-01,65800,66000,65000,65100,41912,-0.013636363636363669
2024-11-04,65300,65300,64400,64900,23852,-0.003072196620583667
2024-11-05,64400,65200,64200,64400,31494,-0.007704160246533087
2024-11-06,64400,65000,63800,64200,42632,-0.0031055900621117516
2024-11-07,63900,64400,63200,64000,33355,-0.0031152647975077885
2024-11-08,64800,64800,62600,63200,50560,-0.012499999999999956
2024-11-11,62800,62800,61600,61700,49108,-0.02373417721518989
2024-11-12,61400,61900,60700,60800,48947,-0.014586709886547866
2024-11-13,60500,61500,60200,60300,46589,-0.008223684210526327
2024-11-14,60400,62500,60100,62500,58395,0.036484245439469376
2024-11-15,62400,62700,61500,62100,33289,-0.006399999999999961
2024-11-18,61600,63000,56100,58000,439072,-0.06602254428341381
2024-11-19,58900,59800,57600,57900,146639,-0.0017241379310344307
2024-11-20,58100,58300,56400,56600,145209,-0.022452504317789335
2024-11-21,56500,58700,56400,58300,133652,0.030035335689045928
2024-11-22,58500,58600,57700,58000,59971,-0.005145797598627766
2024-11-25,58100,58100,56100,57100,138511,-0.01551724137931032
2024-11-26,57100,57300,55500,55700,159190,-0.024518388791593737
2024-11-27,56000,57100,55800,56100,108471,0.007181328545780907
2024-11-28,56500,58500,56500,58200,123680,0.03743315508021383
2024-11-29,57800,58300,56700,57200,82100,-0.01718213058419249
2024-12-02,57800,57800,56000,56500,68447,-0.012237762237762184
2024-12-03,56600,58700,56600,58400,123487,0.03362831858407089
2024-12-04,57400,57900,56500,56700,86726,-0.02910958904109584
2024-12-05,56900,57100,55800,56000,54609,-0.012345679012345734
2024-12-06,56200,56300,54100,55300,82499,-0.012499999999999956
2024-12-09,54900,54900,52600,52900,97196,-0.04339963833634719
2024-12-10,53200,55600,53200,55600,72158,0.051039697542533125
2024-12-11,55200,57300,55200,57100,51195,0.026978417266187105
2024-12-12,57300,57700,56500,57000,84255,-0.0017513134851138146
2024-12-13,56600,57600,56500,57100,53858,0.0017543859649122862
2024-12-16,57400,57600,56700,57100,50072,0.0
2024-12-17,57100,58900,56900,57700,105673,0.01050788091068311
2024-12-18,57300,58500,57300,58100,44450,0.006932409012131657
2024-12-19,57200,57900,56800,57100,68756,-0.01721170395869187
2024-12-20,57000,57400,56200,57000,65941,-0.0017513134851138146
2024-12-23,57300,57300,56100,57100,56277,0.0017543859649122862
2024-12-24,57200,58000,56900,57400,72015,0.005253940455341555
2024-12-26,57900,58200,57100,57400,65524,0.0
2024-12-27,56500,56500,54700,55000,117417,-0.04181184668989546
2024-12-30,54900,55100,53800,54100,60836,-0.016363636363636358
2025-01-02,54100,54100,52200,52300,90610,-0.03327171903881698
2025-01-03,52100,53900,52000,53200,61497,0.017208413001912115
2025-01-06,53100,53900,53100,53800,55228,0.011278195488721776
2025-01-07,53900,54500,53600,54000,37937,0.0037174721189590088
2025-01-08,53600,54700,53400,54300,53325,0.005555555555555536
2025-01-09,54000,54300,53700,53800,46215,-0.009208103130755041
2025-01-10,54000,54500,53500,53900,27588,0.0018587360594795044
2025-01-13,53700,54800,53000,53600,52430,-0.005565862708719838
2025-01-14,53600,54000,53400,53600,24586,0.0
2025-01-15,53800,54400,53600,53900,41511,0.005597014925373234
2025-01-16,54200,54200,53100,53700,50933,-0.0037105751391465214
2025-01-17,53500,53600,53100,53500,33053,-0.003724394785847296
2025-01-20,53600,54000,53300,53600,23908,0.0018691588785046953
2025-01-21,53900,54100,53100,53600,26397,0.0
2025-01-22,53800,54600,53500,54400,41521,0.014925373134328401
2025-01-23,54400,54400,53500,53500,28856,-0.016544117647058876
2025-01-24,53400,54400,53300,54200,31185,0.013084112149532645
2025-01-31,54600,54700,53600,54000,28589,-0.0036900369003689537
2025-02-03,53300,53400,51800,52500,62600,-0.02777777777777779
2025-02-04,53000,54100,52700,53800,51896,0.024761904761904763
2025-02-05,53800,54800,53800,54400,38302,0.011152416356877248
2025-02-06,54400,54900,54000,54400,42502,0.0
2025-02-07,54900,57000,54700,56000,113753,0.02941176470588225
2025-02-10,56000,56000,55100,55200,37603,-0.014285714285714235
2025-02-11,55200,56100,55100,55900,32131,0.0126811594202898
2025-02-12,56000,57200,55700,56800,74753,0.01610017889087656
2025-02-13,57100,57200,56400,56600,44110,-0.0035211267605633756
2025-02-14,57000,58200,56700,57600,67401,0.0176678445229681
2025-02-17,57800,59900,57500,59100,107394,0.02604166666666674
2025-02-18,58900,59900,58800,59600,62535,0.008460236886632888
2025-02-19,59500,62600,59400,62100,218576,0.04194630872483218
2025-02-20,62000,64600,61500,64000,154300,0.03059581320450877
2025-02-21,64000,66300,63700,66000,163032,0.03125
2025-02-24,65600,67100,65000,66800,137633,0.0121212121212122
2025-02-25,66200,66600,64700,65100,93886,-0.025449101796407136
2025-02-26,65200,65500,63400,64000,74251,-0.016897081413210446
2025-02-27,63700,64600,63500,64600,39242,0.009374999999999911
2025-02-28,64300,64300,62900,63100,56961,-0.023219814241486114
2025-03-04,63100,64200,62200,62500,36835,-0.009508716323296307
2025-03-05,63000,66400,62600,65900,123997,0.054400000000000004
2025-03-06,66200,67500,65500,67300,124688,0.02124430955993928
2025-03-07,67000,68600,66500,67600,107816,0.004457652303120341
2025-03-10,67600,68400,67000,67900,74699,0.004437869822485174
2025-03-11,66200,68100,65500,67500,65703,-0.00589101620029453
2025-03-12,66900,68200,66900,67200,54443,-0.004444444444444473
2025-03-13,66600,68500,66600,67100,65468,-0.0014880952380952328
2025-03-14,67100,67700,66100,66700,31410,-0.005961251862891204
2025-03-17,67100,67700,66000,66300,33302,-0.005997001499250421
2025-03-18,66700,66800,64200,64200,61957,-0.03167420814479638
2025-03-19,64900,65100,63400,63800,52511,-0.006230529595015577
2025-03-20,64300,65200,64200,64600,34082,0.012539184952978122
2025-03-21,64300,66100,64300,65400,86262,0.01238390092879249
2025-03-24,65100,66400,64900,65500,46636,0.001529051987767538
2025-03-25,65500,66000,64200,64500,49756,-0.01526717557251911
2025-03-26,65000,65100,64100,64100,33405,-0.006201550387596955
2025-03-27,64300,65300,63900,64400,67100,0.004680187207488196
2025-03-28,62200,63500,61500,63500,69049,-0.013975155279503104
2025-03-31,62800,62900,60100,60600,75308,-0.04566929133858266
2025-04-01,60100,60800,58900,59300,52461,-0.021452145214521434
2025-04-02,59200,61100,58600,60900,73203,0.026981450252951067
2025-04-03,59300,61500,59000,60300,52035,-0.009852216748768461
2025-04-04,59800,66100,59200,65800,171800,0.09121061359867322
2025-04-07,64300,66500,63200,65100,151084,-0.010638297872340385
2025-04-08,64900,65100,62700,63000,55003,-0.032258064516129004
2025-04-09,62800,64000,61400,62000,51319,-0.015873015873015928
2025-04-10,63000,63500,61400,62900,82506,0.014516129032257963
2025-04-11,62300,63500,61900,63100,30653,0.0031796502384737746
2025-04-14,62600,63300,62100,62600,28653,-0.007923930269413626
2025-04-15,62500,63700,62400,63100,46791,0.007987220447284393
2025-04-16,63300,63300,62200,62800,19026,-0.004754358161648153
2025-04-17,63000,63000,62000,62400,31006,-0.006369426751592355
2025-04-18,62200,65000,62200,64800,52425,0.03846153846153855
2025-04-21,65000,68600,64100,68100,102334,0.05092592592592582
2025-04-22,68500,68600,66800,67500,54204,-0.008810572687224627
2025-04-23,67700,67700,66000,66200,48728,-0.01925925925925931
2025-04-24,66400,68100,66400,67400,56962,0.01812688821752273
2025-04-25,67700,67700,66800,67000,34224,-0.005934718100890191
2025-04-28,66800,68000,66700,67400,39095,0.005970149253731405
2025-04-29,67900,67900,66600,67600,36478,0.0029673590504450953
2025-04-30,67200,68200,67000,67800,35957,0.002958579881656709
2025-05-02,67400,68000,66100,66800,53708,-0.014749262536873142
2025-05-07,67700,68300,66300,66700,53975,-0.0014970059880239361
2025-05-08,66500,66800,65400,66500,78441,-0.0029985007496251548
2025-05-09,67500,72500,67500,72100,288609,0.08421052631578951
2025-05-12,72900,77900,72800,75800,262913,0.05131761442441052
2025-05-13,75300,76200,74000,75500,87828,-0.00395778364116095
2025-05-14,75000,75100,72800,74300,72946,-0.015894039735099286
2025-05-15,74100,77300,73800,76800,95305,0.03364737550471064
2025-05-16,76800,76900,74200,74600,48890,-0.02864583333333337
2025-05-19,73900,75800,73800,74300,52781,-0.004021447721179627
2025-05-20,75200,76600,73600,75900,76078,0.021534320323014722
2025-05-21,76000,77100,74600,75300,44985,-0.007905138339920903
2025-05-22,75200,78200,75200,78000,116867,0.03585657370517925
2025-05-23,77300,78400,77000,77500,55726,-0.0064102564102563875
2025-05-26,77400,77900,75000,77900,50284,0.005161290322580614
2025-05-27,77200,77700,76500,77300,32754,-0.007702182284980763
2025-05-28,76700,78100,76300,77100,51229,-0.002587322121604174
2025-05-29,76900,79700,76700,78700,68430,0.02075226977950706
2025-05-30,79000,81500,79000,80600,118257,0.02414231257941557
2025-06-02,80500,81500,76700,77600,89603,-0.037220843672456594
2025-06-04,77500,79900,76800,79300,83302,0.021907216494845283
2025-06-05,79200,79400,76500,78100,101947,-0.015132408575031508
2025-06-09,78100,83900,78100,83100,165487,0.06402048655569792
2025-06-10,81700,81700,74800,75600,494825,-0.09025270758122739
2025-06-11,76600,78600,76400,76900,210716,0.01719576719576721
2025-06-12,76800,77700,75800,76500,122344,-0.005201560468140465
2025-06-13,76200,76400,73000,74100,189008,-0.03137254901960784
2025-06-16,74100,74400,72900,73400,76063,-0.009446693657219951
2025-06-17,73500,74400,72100,73000,114636,-0.00544959128065392
2025-06-18,72300,74800,72000,74400,104215,0.019178082191780854
2025-06-19,74500,76200,73500,74300,85793,-0.0013440860215053752
2025-06-20,74800,76400,73900,75000,77273,0.009421265141319024
2025-06-23,74200,74500,73500,74000,48658,-0.013333333333333308
2025-06-24,74500,75400,74400,75000,50393,0.013513513513513598
2025-06-25,75400,76200,74900,75800,68098,0.010666666666666602
2025-06-26,76100,76300,74500,76000,74736,0.0026385224274405594
2025-06-27,75000,75800,73800,74500,79535,-0.019736842105263164
2025-06-30,74700,75900,73300,74200,80733,-0.004026845637583931
2025-07-01,73900,77900,73900,77500,132958,0.04447439353099725
2025-07-02,77000,77400,75100,77400,61682,-0.001290322580645209
2025-07-03,77300,78000,76500,77200,56913,-0.0025839793281653423
2025-07-04,77500,77800,75600,76000,68782,-0.015544041450777257
2025-07-07,77000,77400,76000,76300,68234,0.003947368421052699
2025-07-08,76400,76800,75500,76200,64671,-0.001310615989515096
2025-07-09,76700,80400,76400,79600,123352,0.044619422572178546
2025-07-10,79700,80500,78500,78800,218471,-0.01005025125628145
2025-07-11,79200,79600,77800,78100,61302,-0.008883248730964466
2025-07-14,78300,80900,77700,80500,80662,0.030729833546734975
2025-07-15,80300,80300,78700,78700,55058,-0.022360248447204967
2025-07-16,78500,78700,75700,76100,109938,-0.03303684879288438
2025-07-17,76400,76500,74700,75900,75360,-0.0026281208935611255
2025-07-18,75900,76000,74400,74600,63361,-0.017127799736495364
2025-07-21,74800,75200,73800,74100,57790,-0.006702412868632712
