Date,Open,High,Low,Close,Volume,Change
2022-01-03,13850,14100,13550,13950,54642,0.0072202166064982976
2022-01-04,14200,14500,13550,14500,87239,0.03942652329749108
2022-01-05,14800,14850,14400,14750,83717,0.01724137931034475
2022-01-06,14900,15150,14300,15000,65257,0.016949152542372836
2022-01-07,15300,15300,14700,15000,32245,0.0
2022-01-10,15000,15150,14600,14650,36054,-0.023333333333333317
2022-01-11,14600,14800,14050,14450,27907,-0.013651877133105783
2022-01-12,14450,14600,14350,14400,20167,-0.0034602076124568004
2022-01-13,14400,14500,14100,14400,31457,0.0
2022-01-14,14200,14450,14150,14350,24911,-0.00347222222222221
2022-01-17,14650,14650,13800,14050,21149,-0.020905923344947785
2022-01-18,14200,14300,13600,13600,25919,-0.03202846975088969
2022-01-19,13300,13850,13150,13350,24027,-0.018382352941176516
2022-01-20,13350,14250,13300,14150,49282,0.059925093632958726
2022-01-21,14150,14350,13950,14200,51402,0.0035335689045936647
2022-01-24,14200,14400,13500,13900,23103,-0.021126760563380254
2022-01-25,14000,14100,13450,13450,25666,-0.03237410071942448
2022-01-26,13200,13900,13200,13500,19601,0.0037174721189590088
2022-01-27,13500,13900,13350,13550,30223,0.0037037037037037646
2022-01-28,13600,14250,13450,14000,60057,0.03321033210332103
2022-02-03,14050,14400,14050,14100,22326,0.0071428571428571175
2022-02-04,14150,14800,14100,14750,42112,0.046099290780141855
2022-02-07,14700,15000,14500,14700,45729,-0.003389830508474523
2022-02-08,14550,15100,14400,14700,39350,0.0
2022-02-09,14700,15100,14700,15000,29980,0.020408163265306145
2022-02-10,15000,15200,14750,14900,20964,-0.00666666666666671
2022-02-11,14700,14900,14500,14850,19235,-0.003355704697986628
2022-02-14,14800,14850,14150,14650,33995,-0.013468013468013518
2022-02-15,14650,16100,14500,15100,455304,0.030716723549488067
2022-02-16,15400,16200,15250,16150,164776,0.06953642384105962
2022-02-17,16250,16800,15900,16500,134660,0.021671826625387025
2022-02-18,16250,16700,15900,16550,57166,0.003030303030302939
2022-02-21,16550,16800,16250,16450,41595,-0.0060422960725075026
2022-02-22,16050,16700,16050,16350,62186,-0.006079027355623046
2022-02-23,16350,17050,16350,16650,74385,0.0183486238532109
2022-02-24,16650,17350,16450,16700,159693,0.0030030030030030463
2022-02-25,16700,17400,16700,17350,84389,0.038922155688622784
2022-02-28,17500,17650,16900,17100,84206,-0.014409221902017322
2022-03-02,17050,17950,17000,17550,127372,0.026315789473684292
2022-03-03,18700,22400,18500,20500,1863806,0.16809116809116809
2022-03-04,20850,24550,20700,23400,1882875,0.14146341463414625
2022-03-07,23200,24200,22850,23500,516462,0.004273504273504258
2022-03-08,22800,23650,22500,22500,177999,-0.04255319148936165
2022-03-10,22900,23500,22900,23450,125567,0.04222222222222216
2022-03-11,23950,24750,23950,24400,187936,0.04051172707889128
2022-03-14,23800,26000,23500,25450,623981,0.04303278688524581
2022-03-15,25200,25500,23550,24050,318587,-0.05500982318271119
2022-03-16,24050,25900,23550,25600,276017,0.06444906444906451
2022-03-17,25600,29500,25500,29350,1091817,0.146484375
2022-03-18,28750,28750,26650,26700,430113,-0.09028960817717202
2022-03-21,27100,28100,26400,27450,196030,0.028089887640449396
2022-03-22,27250,27700,26250,27700,99871,0.00910746812386165
2022-03-23,27450,29950,27300,29800,195305,0.07581227436823101
2022-03-24,28550,30050,27300,28000,263753,-0.06040268456375841
2022-03-25,28000,29400,27600,28450,126447,0.016071428571428514
2022-03-28,28950,29400,27500,28650,107415,0.007029876977152849
2022-03-29,28700,28750,26750,26900,140380,-0.061082024432809745
2022-03-30,27050,28100,26400,27600,148069,0.026022304832713727
2022-03-31,27600,28900,26850,28400,117380,0.02898550724637672
2022-04-01,29000,31750,28400,30100,547245,0.059859154929577496
2022-04-04,29700,30150,28250,28900,200864,-0.039867109634551534
2022-04-05,28700,29250,27900,28350,90639,-0.01903114186851207
2022-04-06,28350,28650,27200,27500,128691,-0.029982363315696703
2022-04-07,27500,27500,26000,26600,143560,-0.032727272727272716
2022-04-08,26600,28000,26150,27450,101163,0.03195488721804507
2022-04-11,27450,28550,27150,27850,55817,0.014571948998178597
2022-04-12,27550,28850,27300,28800,99814,0.03411131059245953
2022-04-13,28750,29000,27900,27950,63935,-0.02951388888888884
2022-04-14,28200,28200,27600,28000,28602,0.0017889087656528524
2022-04-15,27950,28950,27750,28500,60363,0.017857142857142794
2022-04-18,28550,28950,27750,28450,87814,-0.0017543859649122862
2022-04-19,28650,30750,28500,30250,234962,0.06326889279437609
2022-04-20,30650,31250,29200,29700,146274,-0.018181818181818188
2022-04-21,29550,29700,28950,29050,71923,-0.02188552188552184
2022-04-22,28950,29400,28700,29350,47906,0.010327022375215211
2022-04-25,28800,29100,27050,27550,135534,-0.061328790459965976
2022-04-26,28050,28100,25650,26150,192426,-0.05081669691470059
2022-04-27,25600,25900,24900,25650,103236,-0.019120458891013437
2022-04-28,25900,27350,25900,26200,98926,0.021442495126705596
2022-04-29,27300,27300,25750,26550,53921,0.013358778625954137
2022-05-02,25650,26150,24900,25700,115103,-0.032015065913371
2022-05-03,25800,26000,25150,25850,117853,0.005836575875486361
2022-05-04,25700,26800,25700,26050,75919,0.007736943907156624
2022-05-06,25850,26350,25500,26350,32668,0.011516314779270731
2022-05-09,26400,26450,24800,24850,98457,-0.05692599620493355
2022-05-10,24450,24450,22800,23750,164878,-0.044265593561368166
2022-05-11,23500,24000,23250,23750,105408,0.0
2022-05-12,23300,24500,23000,23400,83707,-0.01473684210526316
2022-05-13,23350,24000,23350,24000,40093,0.02564102564102555
2022-05-16,24150,25350,23750,25350,101154,0.05624999999999991
2022-05-17,25100,25600,24650,25200,86392,-0.00591715976331364
2022-05-18,25200,25550,23950,24150,70671,-0.04166666666666663
2022-05-19,23700,24400,23050,24050,41586,-0.0041407867494823725
2022-05-20,23750,24400,23700,24200,47025,0.006237006237006293
2022-05-23,24300,26500,24100,26100,108502,0.07851239669421495
2022-05-24,26900,27100,25900,26250,99157,0.005747126436781658
2022-05-25,26900,26900,25800,26200,37712,-0.0019047619047618536
2022-05-26,26200,27100,25900,26650,49175,0.01717557251908386
2022-05-27,26700,27650,26450,27400,68058,0.02814258911819878
2022-05-30,27500,28200,27450,28200,81117,0.029197080291970767
2022-05-31,27700,27700,25600,26300,239511,-0.06737588652482274
2022-06-02,26500,26500,23900,24400,152777,-0.07224334600760451
2022-06-03,24550,24700,23750,24500,70579,0.004098360655737654
2022-06-07,24350,24500,23600,23700,41312,-0.03265306122448974
2022-06-08,23700,24000,23450,23750,24544,0.0021097046413502962
2022-06-09,23550,23900,22000,23350,49081,-0.01684210526315788
2022-06-10,22950,23250,22500,23100,44299,-0.010706638115631661
2022-06-13,22550,22550,20850,21550,105048,-0.0670995670995671
2022-06-14,20900,21450,19950,21100,147248,-0.02088167053364265
2022-06-15,20650,21250,19950,20100,55610,-0.04739336492891
2022-06-16,20600,21000,20100,20100,48440,0.0
2022-06-17,19400,20300,19000,20100,84204,0.0
2022-06-20,20300,20500,19300,20000,56379,-0.00497512437810943
2022-06-21,19800,20850,19600,20600,58567,0.030000000000000027
2022-06-22,20600,20800,18700,18750,126707,-0.0898058252427184
2022-06-23,18750,19200,17500,17700,124233,-0.05600000000000005
2022-06-24,17650,18550,17650,18300,58644,0.03389830508474567
2022-06-27,18450,19850,18350,19700,69910,0.07650273224043724
2022-06-28,19850,19900,19100,19400,26513,-0.015228426395939132
2022-06-29,18750,19150,18750,19100,29765,-0.015463917525773141
2022-06-30,19100,19200,18500,18900,28734,-0.010471204188481686
2022-07-01,18700,19900,18450,19900,52907,0.05291005291005302
2022-07-04,19900,20400,18300,18750,67512,-0.05778894472361806
2022-07-05,18800,19550,18750,19200,21338,0.02400000000000002
2022-07-06,19200,19200,18350,18850,26932,-0.01822916666666663
2022-07-07,18850,19200,18600,18900,23236,0.0026525198938991412
2022-07-08,18850,19300,18300,18700,49111,-0.010582010582010581
2022-07-11,18800,18800,18200,18450,25686,-0.013368983957219305
2022-07-12,18500,18500,17300,17700,38533,-0.04065040650406504
2022-07-13,17600,17850,17000,17700,42033,0.0
2022-07-14,17600,17700,17200,17450,29023,-0.01412429378531077
2022-07-15,17300,17550,16600,17100,56540,-0.02005730659025784
2022-07-18,17350,18000,17300,17900,21080,0.04678362573099415
2022-07-19,18200,18450,17850,17900,24955,0.0
2022-07-20,18450,18450,17900,18000,18451,0.005586592178770999
2022-07-21,18150,18350,18000,18250,13703,0.01388888888888884
2022-07-22,18250,18600,18000,18400,12703,0.008219178082191858
2022-07-25,18250,18300,17900,18300,18687,-0.005434782608695676
2022-07-26,18050,18600,18050,18350,15734,0.002732240437158362
2022-07-27,18250,18700,18050,18550,30877,0.01089918256130784
2022-07-28,18600,19400,18550,19300,42066,0.040431266846361114
2022-07-29,19250,19850,19100,19750,44220,0.023316062176165886
2022-08-01,19800,19850,19350,19350,30033,-0.020253164556962022
2022-08-02,19450,20150,19200,20000,46574,0.03359173126614978
2022-08-03,19900,20000,19650,19700,24187,-0.015000000000000013
2022-08-04,19700,21000,19700,21000,75695,0.06598984771573613
2022-08-05,21300,22050,21050,21900,145130,0.04285714285714293
2022-08-08,22400,22900,21650,22350,149978,0.020547945205479534
2022-08-09,22300,22300,21050,21300,89458,-0.046979865771812124
2022-08-10,21050,21600,20900,21300,45076,0.0
2022-08-11,21600,22200,21300,22200,48370,0.04225352112676051
2022-08-12,22000,22350,21700,22150,34231,-0.0022522522522522292
2022-08-16,22250,22400,21150,21350,62207,-0.036117381489842004
2022-08-17,21100,21300,20300,20400,60637,-0.04449648711943799
2022-08-18,20350,20550,19850,20300,28334,-0.004901960784313708
2022-08-19,20150,20900,20150,20400,26316,0.0049261083743843415
2022-08-22,20400,20400,19850,19950,22987,-0.022058823529411797
2022-08-23,19800,19900,19350,19650,34316,-0.015037593984962405
2022-08-24,19650,20100,19450,20050,13285,0.020356234096692072
2022-08-25,20300,20350,20000,20050,13458,0.0
2022-08-26,20300,20600,20000,20100,29470,0.0024937655860348684
2022-08-29,19850,21450,19650,21150,172485,0.052238805970149294
2022-08-30,21000,21050,19700,20000,181073,-0.05437352245862881
2022-08-31,19900,19950,19250,19550,66167,-0.022499999999999964
2022-09-01,19400,19550,18350,18550,71573,-0.051150895140664954
2022-09-02,18400,18850,18300,18450,36158,-0.005390835579514808
2022-09-05,18150,18950,17750,17800,68254,-0.035230352303523005
2022-09-06,18100,18350,17650,17850,46458,0.002808988764045006
2022-09-07,17900,17950,17150,17400,49292,-0.025210084033613467
2022-09-08,17550,17800,17350,17550,23037,0.008620689655172376
2022-09-13,17650,18100,17550,17750,26934,0.01139601139601143
2022-09-14,17050,18000,16900,17400,57407,-0.019718309859154903
2022-09-15,17600,17700,17300,17450,28043,0.002873563218390718
2022-09-16,17350,17700,17000,17000,32626,-0.025787965616045794
2022-09-19,16850,17100,15950,16300,68241,-0.04117647058823526
2022-09-20,16350,16500,16100,16450,26885,0.009202453987730008
2022-09-21,16150,16400,15750,15750,34679,-0.04255319148936165
2022-09-22,15750,15850,15000,15500,83691,-0.015873015873015928
2022-09-23,15200,15750,15100,15500,32580,0.0
2022-09-26,15150,15250,13900,14950,97441,-0.03548387096774197
2022-09-27,14800,14900,14150,14600,46707,-0.02341137123745818
2022-09-28,14600,14750,13450,13550,85191,-0.07191780821917804
2022-09-29,14000,14550,13850,14300,39585,0.05535055350553497
2022-09-30,14000,15250,13800,15250,66809,0.06643356643356646
2022-10-04,16250,17400,15550,16000,148160,0.049180327868852514
2022-10-05,16500,17150,16150,16550,183061,0.034375000000000044
2022-10-06,16350,17200,16250,16550,90586,0.0
2022-10-07,16350,16900,16350,16800,45853,0.015105740181268867
2022-10-11,16200,16750,16100,16150,50597,-0.038690476190476164
2022-10-12,16050,16300,15450,15500,59579,-0.04024767801857587
2022-10-13,15500,15650,14300,14750,71931,-0.048387096774193505
2022-10-14,14950,16050,14950,15800,63227,0.07118644067796609
2022-10-17,15200,16050,15050,15650,57077,-0.009493670886076
2022-10-18,15950,16100,15050,15350,59432,-0.019169329073482455
2022-10-19,15300,15350,14800,14850,37917,-0.032573289902280145
2022-10-20,14600,14950,14450,14450,41039,-0.026936026936026924
2022-10-21,14600,15000,14150,14850,35593,0.02768166089965396
2022-10-24,15000,15900,15000,15700,76916,0.05723905723905731
2022-10-25,15800,16000,15350,15450,23169,-0.015923566878980888
2022-10-26,15450,16300,15100,16050,54097,0.03883495145631066
2022-10-27,15900,16500,15850,16300,48095,0.015576323987538832
2022-10-28,16300,16450,16050,16300,22279,0.0
2022-10-31,16900,17100,16600,16750,99061,0.027607361963190247
2022-11-01,16800,18600,16800,18250,536316,0.08955223880597019
2022-11-02,18450,18500,17600,17600,212796,-0.03561643835616435
2022-11-03,17200,19200,17150,18950,226668,0.07670454545454541
2022-11-04,18950,19200,18350,18350,110450,-0.0316622691292876
2022-11-07,18150,18300,17200,17600,141681,-0.04087193460490468
2022-11-08,17700,17850,17450,17700,67010,0.005681818181818121
2022-11-09,17700,17850,17300,17400,60029,-0.016949152542372836
2022-11-10,17150,18700,17100,18200,270683,0.04597701149425282
2022-11-11,18800,19000,18250,18950,197001,0.041208791208791284
2022-11-14,18850,18900,18300,18350,70516,-0.0316622691292876
2022-11-15,18200,18850,18150,18550,63212,0.01089918256130784
2022-11-16,18500,18500,18000,18150,35682,-0.021563342318059342
2022-11-17,18600,19600,17800,17950,245709,-0.011019283746556474
2022-11-18,17900,18250,17450,18000,43654,0.0027855153203342198
2022-11-21,18000,18200,17250,17250,41794,-0.04166666666666663
2022-11-22,17250,18950,16950,18550,265402,0.07536231884057965
2022-11-23,18600,18750,17900,18500,114089,-0.0026954177897574594
2022-11-24,18800,18850,18200,18250,62517,-0.013513513513513487
2022-11-25,18450,19750,18200,19750,292799,0.08219178082191791
2022-11-28,20300,20850,19850,19900,383046,0.0075949367088608
2022-11-29,19800,20300,19650,20150,174193,0.012562814070351758
2022-11-30,21150,21700,20600,20900,666502,0.037220843672456594
2022-12-01,21350,21400,20750,20950,217331,0.0023923444976077235
2022-12-02,21000,21000,19750,19750,163631,-0.05727923627684961
2022-12-05,19800,20050,19400,20050,84894,0.0151898734177216
2022-12-06,19900,20150,19550,19950,42566,-0.004987531172069848
2022-12-07,19950,20050,19450,19700,42629,-0.01253132832080206
2022-12-08,19500,19650,18950,19000,60527,-0.035532994923857864
2022-12-09,19200,19250,18350,18600,64864,-0.021052631578947323
2022-12-12,18300,18450,17550,17750,93002,-0.045698924731182755
2022-12-13,17850,18050,17550,17700,39073,-0.0028169014084507005
2022-12-14,17750,18050,17600,17700,37752,0.0
2022-12-15,17600,17950,17150,17200,72093,-0.02824858757062143
2022-12-16,16900,17100,16700,16850,43158,-0.02034883720930236
2022-12-19,16850,17300,16750,17250,25553,0.023738872403560762
2022-12-20,17150,17450,16650,16650,40968,-0.034782608695652195
2022-12-21,16650,16950,16650,16950,19107,0.018018018018018056
2022-12-22,17250,17250,16700,16900,37377,-0.002949852507374673
2022-12-23,16600,16750,15850,15900,73096,-0.059171597633136064
2022-12-26,15800,16000,15600,15600,27571,-0.018867924528301883
2022-12-27,15600,16750,15600,16700,80346,0.07051282051282048
2022-12-28,16700,17000,15900,16700,86727,0.0
2022-12-29,16600,17100,16400,16700,74672,0.0
2023-01-02,16850,16850,16000,16400,30580,-0.017964071856287456
2023-01-03,16200,16350,15600,16050,48189,-0.021341463414634165
2023-01-04,15800,16550,15600,16500,39329,0.028037383177569986
2023-01-05,16600,17200,16250,17100,40170,0.036363636363636376
2023-01-06,17000,17300,16600,17100,36320,0.0
2023-01-09,17300,17300,17050,17150,18565,0.0029239766081872176
2023-01-10,17150,17200,16850,17100,16852,-0.002915451895043719
2023-01-11,17100,17300,16850,17000,29423,-0.005847953216374324
2023-01-12,17000,17150,16900,17050,30803,0.002941176470588225
2023-01-13,17150,17600,17100,17350,33633,0.017595307917888547
2023-01-16,17600,17600,16950,17200,34863,-0.008645533141210415
2023-01-17,17200,17250,16900,17000,22943,-0.011627906976744207
2023-01-18,17100,17100,16700,17000,21731,0.0
2023-01-19,16850,17200,16800,17000,13355,0.0
2023-01-20,17200,17550,16800,17500,34025,0.02941176470588225
2023-01-25,17500,17750,17340,17650,65306,0.008571428571428674
2023-01-26,17400,17800,17390,17650,37795,0.0
2023-01-27,17800,18080,17510,17740,33559,0.005099150141643083
2023-01-30,17900,17900,17100,17150,44965,-0.033258173618940234
2023-01-31,17150,17350,16950,17200,38550,0.00291545189504383
2023-02-01,17300,17390,17010,17150,28230,-0.0029069767441860517
2023-02-02,17150,17250,17000,17000,29023,-0.008746355685131157
2023-02-03,16980,17100,16810,16910,21049,-0.0052941176470587825
2023-02-06,16910,16990,16600,16750,18322,-0.009461856889414588
2023-02-07,16610,17150,16610,17150,16333,0.023880597014925398
2023-02-08,17300,17340,17050,17160,16137,0.0005830903790087216
2023-02-09,17280,17280,16980,16990,20358,-0.009906759906759932
2023-02-10,16900,17150,16830,16910,20437,-0.004708652148322501
2023-02-13,17000,17160,16700,17000,26779,0.0053222945002957545
2023-02-14,17030,17550,16960,17090,46853,0.0052941176470588935
2023-02-15,17120,17200,16540,16540,43121,-0.03218256290228205
2023-02-16,16580,17420,16580,17340,36579,0.048367593712212775
2023-02-17,17210,17530,17100,17240,16018,-0.005767012687427964
2023-02-20,17240,17270,17040,17270,8715,0.0017401392111369152
2023-02-21,17270,17900,17270,17570,43875,0.01737116386797921
2023-02-22,17400,17500,17190,17190,21666,-0.021627774615822437
2023-02-23,17340,17350,17010,17110,15084,-0.0046538685282140335
2023-02-24,17090,17120,16690,16700,33766,-0.02396259497369957
2023-02-27,16670,16790,16430,16640,16170,-0.003592814371257469
2023-02-28,16640,17000,16600,16690,27541,0.0030048076923077094
2023-03-02,17100,17110,16520,16680,51875,-0.0005991611743558778
2023-03-03,16680,16680,15980,16270,57647,-0.024580335731414826
2023-03-06,16270,16270,15860,15970,61860,-0.018438844499078066
2023-03-07,16060,16100,15700,15960,47409,-0.0006261740763932044
2023-03-08,16040,16040,15600,15600,36487,-0.022556390977443663
2023-03-09,15690,15700,15370,15370,34733,-0.014743589743589691
2023-03-10,15030,15200,14800,14850,36206,-0.033832140533506805
2023-03-13,14710,14710,14350,14460,36858,-0.02626262626262621
2023-03-14,14360,14460,13700,13700,55502,-0.052558782849239316
2023-03-15,13970,14420,13970,14320,28243,0.045255474452554845
2023-03-16,14200,14390,13720,13980,18647,-0.023743016759776525
2023-03-17,14000,14400,13910,14400,24637,0.030042918454935563
2023-03-20,14420,14490,13900,14020,16147,-0.026388888888888906
2023-03-21,14030,14280,13880,13930,19439,-0.006419400855920077
2023-03-22,14070,14070,13890,14000,12327,0.005025125628140614
2023-03-23,14060,14580,14050,14220,36943,0.01571428571428579
2023-03-24,14280,14390,14000,14040,901540,-0.012658227848101222
2023-03-27,14040,14100,13840,13870,24426,-0.012108262108262102
2023-03-28,13740,13920,13740,13810,18384,-0.004325883201153569
2023-03-29,13740,14270,13740,14190,20770,0.027516292541636567
2023-03-30,14260,14530,13810,14520,36446,0.023255813953488413
2023-03-31,14530,15000,14210,14370,29989,-0.010330578512396715
2023-04-03,14370,14830,14130,14800,32521,0.029923451635351483
2023-04-04,14950,14980,14590,14790,19164,-0.0006756756756757243
2023-04-05,14790,15180,14710,15090,31087,0.020283975659229236
2023-04-06,15070,15090,14710,14870,25081,-0.014579191517561263
2023-04-07,14870,15000,14550,14550,19592,-0.02151983860121054
2023-04-10,14530,14540,14100,14370,48278,-0.012371134020618513
2023-04-11,14350,15290,14130,15270,60525,0.06263048016701456
2023-04-12,15200,15490,14910,15380,28320,0.007203667321545426
2023-04-13,15320,15420,15100,15220,15098,-0.01040312093628093
2023-04-14,15240,15680,15240,15500,30649,0.018396846254927768
2023-04-17,15610,15630,15250,15440,21096,-0.003870967741935516
2023-04-18,15460,15600,15210,15340,19341,-0.006476683937823857
2023-04-19,15340,15860,15240,15590,110212,0.01629726205997395
2023-04-20,15590,15600,15290,15320,47940,-0.01731879409878123
2023-04-21,15320,15560,15130,15540,26291,0.01436031331592691
2023-04-24,15410,15530,15150,15200,12518,-0.02187902187902191
2023-04-25,15400,15400,14920,15100,27673,-0.006578947368421018
2023-04-26,14900,15200,14730,15100,19116,0.0
2023-04-27,15060,15190,14740,14960,7829,-0.009271523178807972
2023-04-28,14850,15130,14500,15110,19487,0.010026737967914423
2023-05-02,15110,15180,14970,15080,12498,-0.0019854401058901905
2023-05-03,14990,15100,14850,14850,10947,-0.01525198938992045
2023-05-04,14850,14890,14560,14870,6697,0.0013468013468014295
2023-05-08,14870,15370,14760,15290,13288,0.02824478816408882
2023-05-09,15400,15400,15150,15350,11068,0.003924133420536213
2023-05-10,15250,15600,15220,15290,16752,-0.003908794788273662
2023-05-11,15290,15480,15290,15330,9938,0.002616088947024142
2023-05-12,15300,15390,15110,15320,14176,-0.000652315720808927
2023-05-15,15480,15490,15130,15310,20810,-0.0006527415143603443
2023-05-16,15310,15470,14840,15310,25181,0.0
2023-05-17,15200,15490,14950,15290,17590,-0.0013063357282822041
2023-05-18,15290,15380,15190,15290,6418,0.0
2023-05-19,15370,15680,15240,15500,20241,0.01373446697187708
2023-05-22,15420,15930,15350,15760,25686,0.016774193548387162
2023-05-23,15890,16050,15590,15750,12864,-0.0006345177664974777
2023-05-24,15750,15920,15590,15870,12637,0.007619047619047636
2023-05-25,15870,15960,15700,15870,10590,0.0
2023-05-26,15760,15940,15620,15840,15779,-0.001890359168241984
2023-05-30,15770,15950,15700,15840,14096,0.0
2023-05-31,15720,15930,15650,15850,18644,0.0006313131313131493
2023-06-01,15780,15940,15410,15640,13587,-0.013249211356466839
2023-06-02,15730,15730,15520,15580,13973,-0.0038363171355498826
2023-06-05,15580,15700,15470,15540,11774,-0.0025673940949936247
2023-06-07,15380,15540,15320,15320,29017,-0.014157014157014203
2023-06-08,15320,15400,15100,15360,13605,0.0026109660574411553
2023-06-09,15290,15870,15200,15810,31632,0.029296875
2023-06-12,15970,15970,15610,15700,9756,-0.006957621758380772
2023-06-13,15600,15680,15370,15440,17126,-0.016560509554140124
2023-06-14,15360,15440,15000,15300,22641,-0.0090673575129534
2023-06-15,15240,15350,15030,15140,18422,-0.010457516339869244
2023-06-16,15140,15200,15060,15200,16663,0.003963011889035695
2023-06-19,15200,16410,15170,16280,190508,0.07105263157894748
2023-06-20,16470,16500,15950,15960,79187,-0.019656019656019708
2023-06-21,15980,16300,15770,15920,31080,-0.0025062656641604564
2023-06-22,15810,15910,15430,15480,23330,-0.027638190954773822
2023-06-23,15350,15440,14910,14960,56310,-0.03359173126614989
2023-06-26,14960,15370,14810,15200,13829,0.016042780748663166
2023-06-27,15200,15250,15020,15240,10687,0.002631578947368318
2023-06-28,15250,16100,15250,15600,81275,0.023622047244094446
2023-06-29,15620,15710,15320,15480,20324,-0.007692307692307665
2023-06-30,15480,15490,15220,15490,16771,0.0006459948320414188
2023-07-03,15580,15630,15220,15250,21401,-0.015493867010974771
2023-07-04,15300,15450,15160,15290,11938,0.0026229508196722318
2023-07-05,15350,15350,15000,15100,17792,-0.012426422498364897
2023-07-06,15020,15080,14610,14990,25348,-0.007284768211920478
2023-07-07,14850,14980,14580,14950,16351,-0.0026684456304202353
2023-07-10,14900,14900,14580,14860,11770,-0.006020066889632081
2023-07-11,14890,15060,14710,15000,8358,0.009421265141319024
2023-07-12,15050,15190,14900,15020,13136,0.0013333333333334085
2023-07-13,15020,15020,14860,15020,17212,0.0
2023-07-14,15150,15150,14720,14920,25495,-0.0066577896138482195
2023-07-17,14800,15440,14800,15180,27924,0.01742627345844494
2023-07-18,15750,15950,15230,15230,71199,0.0032938076416337836
2023-07-19,15230,15330,15020,15230,21358,0.0
2023-07-20,15150,15450,14910,15230,17814,0.0
2023-07-21,15220,15800,15220,15360,36571,0.008535784635587573
2023-07-24,15360,15450,15200,15360,20083,0.0
2023-07-25,15260,15570,15190,15400,32001,0.0026041666666667407
2023-07-26,15270,15390,14700,15090,59063,-0.02012987012987011
2023-07-27,15000,15780,15000,15670,44230,0.038436050364479835
2023-07-28,15600,16070,15600,15730,34333,0.0038289725590299195
2023-07-31,15730,15900,15650,15760,11755,0.0019071837253654689
2023-08-01,15700,15790,15430,15460,16165,-0.019035532994923887
2023-08-02,15560,15640,15210,15280,19386,-0.011642949547218673
2023-08-03,15230,15540,15090,15430,14095,0.00981675392670156
2023-08-04,15430,15900,15380,15830,25151,0.025923525599481634
2023-08-07,16000,16000,15600,15750,13247,-0.005053695514845247
2023-08-08,15750,15790,15470,15700,9763,-0.0031746031746031633
2023-08-09,15800,15800,15580,15740,20125,0.002547770700636942
2023-08-10,15740,15740,15620,15680,7433,-0.003811944091486663
2023-08-11,15750,15870,15600,15810,16706,0.008290816326530503
2023-08-14,15850,15890,15730,15820,12286,0.0006325110689437974
2023-08-16,16610,18680,16300,18260,636832,0.1542351453855879
2023-08-17,18370,18500,16910,17420,210985,-0.04600219058050381
2023-08-18,17370,17840,16980,17840,81340,0.024110218140068973
2023-08-21,17860,17860,17100,17320,61287,-0.029147982062780242
2023-08-22,17400,17400,16830,16860,66238,-0.026558891454965372
2023-08-23,16800,18290,16800,18290,152149,0.08481613285883749
2023-08-24,17910,18120,17630,18030,48998,-0.014215418261344981
2023-08-25,17800,18080,17610,17900,24049,-0.007210205213532994
2023-08-28,18100,18180,17650,18000,30394,0.005586592178770999
2023-08-29,17830,18350,17830,18170,34942,0.009444444444444366
2023-08-30,18290,18690,17960,18390,47753,0.012107870115575015
2023-08-31,18460,19000,18180,18490,83899,0.0054377379010330795
2023-09-01,18450,18510,17960,18240,51194,-0.013520822065981597
2023-09-04,18100,18390,17830,18270,34850,0.00164473684210531
2023-09-05,18090,18270,17660,17830,28034,-0.024083196496989645
2023-09-06,17800,18090,17680,17780,10556,-0.0028042624789680337
2023-09-07,17780,18090,17110,17300,26978,-0.02699662542182224
2023-09-08,17300,17470,17120,17190,8490,-0.0063583815028901425
2023-09-11,17220,17550,17190,17380,17148,0.01105293775450833
2023-09-12,17260,17350,16850,16880,23322,-0.028768699654775576
2023-09-13,17020,17640,16890,17540,35106,0.0390995260663507
2023-09-14,17660,17750,17390,17580,14381,0.0022805017103761926
2023-09-15,17320,17920,17320,17810,22293,0.013083048919226403
2023-09-18,17610,18090,17550,17850,18770,0.002245929253228418
2023-09-19,17860,18320,17860,18130,30313,0.015686274509803866
2023-09-20,18110,18300,17810,18130,20246,0.0
2023-09-21,17820,18130,16680,17550,29149,-0.031991174848317705
2023-09-22,17310,17600,17240,17430,13145,-0.006837606837606813
2023-09-25,17430,17490,16810,16810,18667,-0.035570854847963296
2023-09-26,16510,16950,16400,16400,22304,-0.024390243902439046
2023-09-27,16240,16560,16160,16340,18530,-0.003658536585365857
2023-10-04,16550,16550,15940,15990,18374,-0.02141982864137082
2023-10-05,15880,16290,15820,15820,19888,-0.010631644777986282
2023-10-06,15820,16180,15820,16160,9805,0.02149178255372952
2023-10-10,16520,16520,15650,15710,20306,-0.027846534653465316
2023-10-11,15610,15890,15600,15830,4749,0.007638446849140612
2023-10-12,15830,16160,15830,16030,7972,0.012634238787113006
2023-10-13,15900,16190,15560,15780,12996,-0.015595757953836609
2023-10-16,15750,15750,15310,15380,11171,-0.025348542458808576
2023-10-17,15320,15800,15310,15730,13849,0.022756827048114436
2023-10-18,15700,15900,15300,15440,13817,-0.018436109345200236
2023-10-19,15300,15400,14970,15000,18248,-0.02849740932642486
2023-10-20,14800,15170,14580,14830,20845,-0.011333333333333306
2023-10-23,14700,14980,14480,14770,14820,-0.004045853000674282
2023-10-24,14770,15260,14770,15030,12148,0.01760324983073791
2023-10-25,15190,16200,15100,15900,33465,0.05788423153692612
2023-10-26,15800,17200,15140,15300,29231,-0.037735849056603765
2023-10-27,15280,15500,15100,15310,11323,0.0006535947712418277
2023-10-30,15460,15460,15150,15380,3426,0.004572175048987548
2023-10-31,15310,15550,15090,15200,7114,-0.011703511053316018
2023-11-01,15280,15570,15200,15510,9588,0.020394736842105354
2023-11-02,15510,15650,15210,15450,10644,-0.003868471953578312
2023-11-03,15530,15920,15220,15450,10616,0.0
2023-11-06,15420,15760,15420,15570,10496,0.007766990291262044
2023-11-07,15950,15950,15410,15600,15759,0.0019267822736031004
2023-11-08,15920,15920,15600,15750,8154,0.009615384615384581
2023-11-09,15750,15890,15520,15800,8112,0.0031746031746031633
2023-11-10,15800,16160,15650,16120,24548,0.020253164556962133
2023-11-13,16120,16300,16040,16150,12357,0.0018610421836229296
2023-11-14,16140,16610,16140,16550,10466,0.024767801857585203
2023-11-15,17250,17830,16850,17690,102699,0.06888217522658602
2023-11-16,17850,17850,17170,17250,29124,-0.024872809496890858
2023-11-17,17240,17240,16650,17170,36047,-0.004637681159420315
2023-11-20,17050,17550,17050,17320,17429,0.00873616773442043
2023-11-21,17200,17470,17050,17340,15339,0.0011547344110853786
2023-11-22,17360,17360,17080,17110,13437,-0.013264129181084217
2023-11-23,17110,17350,16830,17090,18360,-0.0011689070718877703
2023-11-24,17100,17400,16840,17310,15175,0.012873025160912821
2023-11-27,17300,17300,16910,17240,11426,-0.004043905257076874
2023-11-28,17050,17300,16910,17030,13230,-0.012180974477958184
2023-11-29,17030,17200,16400,16700,18383,-0.019377568995889605
2023-11-30,16700,16860,16600,16820,4996,0.007185628742514938
2023-12-01,16820,16930,16600,16890,8812,0.004161712247324534
2023-12-04,16990,17120,16590,16610,9967,-0.0165778567199526
2023-12-05,16520,16680,16460,16510,4809,-0.006020469596628497
2023-12-06,16420,16650,16390,16650,14892,0.008479709267110946
2023-12-07,16730,16730,16170,16640,7352,-0.0006006006006006315
2023-12-08,16750,16750,16550,16690,11473,0.0030048076923077094
2023-12-11,16740,16930,16520,16690,15628,0.0
2023-12-12,16850,16850,16520,16590,13750,-0.005991611743559
2023-12-13,16920,16920,16040,16150,19740,-0.026522001205545487
2023-12-14,16150,16460,16150,16320,10223,0.010526315789473717
2023-12-15,16300,16550,16300,16530,11703,0.012867647058823595
2023-12-18,16560,16770,16530,16690,7576,0.009679370840895318
2023-12-19,16540,16680,16450,16450,10525,-0.014379868184541622
2023-12-20,16460,16700,16460,16580,14175,0.007902735562310026
2023-12-21,16570,16730,16500,16650,18922,0.0042219541616406175
2023-12-22,16600,16670,16460,16460,31980,-0.011411411411411443
2023-12-26,16450,16850,16250,16730,22298,0.01640340218712022
2023-12-27,16830,16830,16260,16720,31660,-0.000597728631201444
2023-12-28,16870,16870,16590,16690,15611,-0.0017942583732057926
2024-01-02,16690,16690,15810,16370,15117,-0.019173157579388866
2024-01-03,16400,16420,16100,16130,19720,-0.014660965180207652
2024-01-04,16140,16140,15900,16010,15928,-0.007439553626782391
2024-01-05,16010,16010,15070,15900,13009,-0.006870705808869504
2024-01-08,15770,16000,15760,15810,11693,-0.005660377358490565
2024-01-09,15850,15860,15640,15850,18434,0.0025300442757747454
2024-01-10,15850,16070,15760,16030,24386,0.011356466876971671
2024-01-11,16030,16230,16000,16170,15376,0.008733624454148492
2024-01-12,16170,16200,15980,16090,11823,-0.0049474335188620655
2024-01-15,16080,16150,15760,15850,13170,-0.014916096954630254
2024-01-16,15880,16070,15730,15770,22171,-0.0050473186119873725
2024-01-17,15990,15990,15480,15590,18396,-0.011414077362079889
2024-01-18,15600,15700,15430,15650,43151,0.0038486209108403724
2024-01-19,15560,16050,15560,15770,14497,0.007667731629392938
2024-01-22,15850,15900,15600,15840,12029,0.00443880786303108
2024-01-23,15840,16040,15710,15900,9306,0.0037878787878788955
2024-01-24,15900,16080,15730,15830,16346,-0.004402515723270439
2024-01-25,15820,15930,15700,15900,12354,0.004421983575489508
2024-01-26,15850,16040,15800,15970,9371,0.00440251572327055
2024-01-29,16010,16860,15970,16480,46538,0.03193487789605509
2024-01-30,16550,16550,16100,16160,23013,-0.01941747572815533
2024-01-31,16480,16480,16190,16270,9977,0.0068069306930693685
2024-02-01,16300,16890,16200,16730,26076,0.02827289489858642
2024-02-02,16730,16990,16570,16800,14286,0.004184100418409997
2024-02-05,17030,17660,16810,17350,67593,0.032738095238095344
2024-02-06,17350,17800,17310,17750,57467,0.023054755043227626
2024-02-07,17750,17930,17560,17770,26750,0.0011267605633802358
2024-02-08,17850,17900,17450,17690,23526,-0.0045019696117051256
2024-02-13,17750,17900,17440,17860,29459,0.009609949123798867
2024-02-14,17800,18080,17600,17980,19542,0.006718924972004547
2024-02-15,17870,18100,17470,17650,22615,-0.01835372636262511
2024-02-16,17600,17950,17500,17800,11483,0.008498583569405138
2024-02-19,17800,17940,17630,17800,10385,0.0
2024-02-20,17630,17850,17610,17650,8825,-0.008426966292134797
2024-02-21,17800,17800,17460,17670,11342,0.001133144475920611
2024-02-22,17520,17800,17470,17730,10581,0.00339558573853993
2024-02-23,17740,17900,17600,17780,12811,0.0028200789622110367
2024-02-26,17790,17850,16730,17630,16683,-0.00843644544431943
2024-02-27,17630,18470,17620,18400,73027,0.04367555303460002
2024-02-28,18250,18600,17850,17980,19031,-0.022826086956521774
2024-02-29,18250,18290,17810,18250,33034,0.015016685205784253
2024-03-04,21050,23700,20050,23700,1363101,0.29863013698630136
2024-03-05,23000,24600,22100,22450,368277,-0.052742616033755296
2024-03-06,22350,23800,21800,23300,191015,0.03786191536748329
2024-03-07,23000,27500,22850,24850,782925,0.0665236051502145
2024-03-08,24600,25350,24250,24900,110127,0.002012072434607548
2024-03-11,24650,24650,23150,23650,117896,-0.050200803212851364
2024-03-12,23350,23550,22000,22950,167754,-0.029598308668076112
2024-03-13,22800,25800,22650,24550,292539,0.06971677559912859
2024-03-14,24150,24950,23750,24400,79189,-0.006109979633401208
2024-03-15,24250,24600,22200,23600,96004,-0.032786885245901676
2024-03-18,23550,23550,22600,23000,53958,-0.025423728813559365
2024-03-19,22850,23450,22550,23000,51731,0.0
2024-03-20,22800,23300,22800,23100,26064,0.004347826086956497
2024-03-21,23000,24300,23000,23850,51719,0.032467532467532534
2024-03-22,24200,24300,22900,23050,33566,-0.033542976939203384
2024-03-25,23150,23600,22850,23500,24151,0.01952277657266821
2024-03-26,23500,24100,23250,23600,34379,0.004255319148936065
2024-03-27,23600,25100,23500,24500,84730,0.03813559322033888
2024-03-28,24250,25550,23900,24350,108773,-0.006122448979591799
2024-03-29,24250,24750,22750,24550,92398,0.008213552361396204
2024-04-01,24500,24500,22850,23450,121552,-0.044806517311609007
2024-04-02,23450,23700,22900,22900,64826,-0.023454157782516027
2024-04-03,22900,23000,22100,22500,29410,-0.017467248908296984
2024-04-04,22800,22800,21000,21550,103531,-0.04222222222222227
2024-04-05,21700,22050,21350,21950,33252,0.018561484918793614
2024-04-08,21750,21800,20900,21300,37446,-0.029612756264236872
2024-04-09,21300,21450,20100,20650,80146,-0.030516431924882625
2024-04-11,20650,20950,20400,20650,20835,0.0
2024-04-12,21000,21000,20500,20650,17389,0.0
2024-04-15,20700,21100,20150,20950,23394,0.014527845036319542
2024-04-16,20700,21000,20600,20850,20420,-0.004773269689737458
2024-04-17,20650,21000,19000,19010,104395,-0.08824940047961627
2024-04-18,19100,20150,19100,19890,48167,0.04629142556549182
2024-04-19,20000,20050,19140,19660,44836,-0.011563599798893875
2024-04-22,19780,20450,19410,20450,33052,0.04018311291963372
2024-04-23,20700,21250,20250,20650,28691,0.009779951100244544
2024-04-24,20500,20750,20100,20150,30711,-0.02421307506053272
2024-04-25,20350,21050,20050,20750,24590,0.02977667493796532
2024-04-26,20800,21050,20350,20500,21676,-0.012048192771084376
2024-04-29,20700,21450,20400,20550,40712,0.0024390243902439046
2024-04-30,20550,20550,19670,19670,45225,-0.042822384428223836
2024-05-02,19500,19720,19410,19570,23419,-0.005083884087442758
2024-05-03,19620,19730,19370,19580,20638,0.0005109862033725321
2024-05-07,19600,19700,19400,19590,10847,0.0005107252298264253
2024-05-08,19850,20750,19580,20600,29641,0.05155691679428287
2024-05-09,20550,20900,19990,19990,13762,-0.029611650485436902
