Date,Open,High,Low,Close,Volume,Change
2022-01-03,16650,17200,16000,16100,775732,-0.0359281437125748
2022-01-04,16200,16750,15900,16750,625254,0.04037267080745344
2022-01-05,16700,16750,15900,15900,327950,-0.05074626865671639
2022-01-06,15450,15850,14350,14400,430278,-0.09433962264150941
2022-01-07,14450,14900,14350,14450,251384,0.003472222222222321
2022-01-10,14300,14550,13750,14500,208662,0.0034602076124568004
2022-01-11,14250,14300,13550,13600,236446,-0.06206896551724139
2022-01-12,13800,13950,13550,13750,173128,0.011029411764705843
2022-01-13,13700,13800,13000,13050,282058,-0.050909090909090904
2022-01-14,12950,13450,12900,13200,131578,0.011494252873563315
2022-01-17,13400,13500,12700,12850,121270,-0.02651515151515149
2022-01-18,12750,14250,12700,13000,666809,0.011673151750972721
2022-01-19,12950,13350,12750,13150,152203,0.011538461538461497
2022-01-20,13200,13850,13150,13550,173028,0.03041825095057038
2022-01-21,13300,13850,13250,13600,138695,0.0036900369003689537
2022-01-24,13550,13550,12500,12550,205761,-0.07720588235294112
2022-01-25,12600,12700,11600,11650,189474,-0.07171314741035861
2022-01-26,11650,12450,11650,12150,120505,0.0429184549356223
2022-01-27,12050,12150,11350,11700,96568,-0.03703703703703709
2022-01-28,11700,12500,11450,12250,104920,0.047008547008547064
2022-02-03,12550,12850,12400,12550,66110,0.02448979591836742
2022-02-04,12350,13100,12300,12900,134826,0.027888446215139417
2022-02-07,13150,13500,12650,13350,106967,0.03488372093023262
2022-02-08,13500,13650,13000,13150,95102,-0.014981273408239737
2022-02-09,13250,13800,13100,13600,82465,0.034220532319391594
2022-02-10,13450,13650,12750,13050,102622,-0.0404411764705882
2022-02-11,12850,13050,12600,12700,55194,-0.026819923371647514
2022-02-14,12400,12550,11850,11950,83169,-0.05905511811023623
2022-02-15,11900,12800,11350,11900,266496,-0.004184100418409997
2022-02-16,12200,12850,12050,12800,116228,0.07563025210084029
2022-02-17,12800,13050,12100,12650,90273,-0.01171875
2022-02-18,12350,12700,12250,12550,48157,-0.007905138339920903
2022-02-21,12500,12600,12050,12400,49929,-0.01195219123505975
2022-02-22,12200,12400,11700,11900,61385,-0.040322580645161255
2022-02-23,12000,12250,11900,12200,43400,0.025210084033613356
2022-02-24,11850,12000,11400,11400,87454,-0.06557377049180324
2022-02-25,11750,12150,11650,11950,75358,0.04824561403508776
2022-02-28,11950,12400,11900,12300,53452,0.029288702928870203
2022-03-02,12250,12500,12000,12450,56973,0.012195121951219523
2022-03-03,12550,12750,12300,12700,64917,0.02008032128514059
2022-03-04,12700,12700,12100,12100,96573,-0.047244094488189003
2022-03-07,12000,12000,11650,11700,36567,-0.03305785123966942
2022-03-08,11450,11900,11450,11650,41809,-0.004273504273504258
2022-03-10,11900,12100,11800,11950,66571,0.025751072961373467
2022-03-11,12000,12150,11700,11850,56003,-0.008368200836820106
2022-03-14,11850,11950,11400,11550,86586,-0.025316455696202556
2022-03-15,11450,11550,11100,11100,69044,-0.038961038961038974
2022-03-16,11350,11450,11200,11450,53623,0.03153153153153143
2022-03-17,11600,11900,11550,11850,76136,0.03493449781659397
2022-03-18,11850,12100,11700,11950,85681,0.00843881856540074
2022-03-21,11950,12050,11600,11900,65926,-0.004184100418409997
2022-03-22,11900,12250,11900,12200,54358,0.025210084033613356
2022-03-23,12250,12550,12150,12450,77115,0.020491803278688492
2022-03-24,12400,12700,12200,12700,49810,0.02008032128514059
2022-03-25,12900,12900,12400,12550,63783,-0.011811023622047223
2022-03-28,12600,12600,12200,12200,37046,-0.027888446215139417
2022-03-29,12350,12700,12300,12600,45804,0.032786885245901676
2022-03-30,12650,12650,12450,12550,30880,-0.003968253968253954
2022-03-31,12550,12700,12450,12550,27403,0.0
2022-04-01,12550,12800,12350,12700,60239,0.01195219123505975
2022-04-04,12700,13100,12500,13000,80611,0.023622047244094446
2022-04-05,12900,13400,12850,13300,117653,0.023076923076922995
2022-04-06,13100,14400,13000,13850,411646,0.041353383458646586
2022-04-07,13750,13850,12900,13050,142547,-0.0577617328519856
2022-04-08,13000,13250,12700,12700,67936,-0.026819923371647514
2022-04-11,12700,13250,12650,13050,52105,0.027559055118110187
2022-04-12,13150,14250,12900,13100,382827,0.003831417624521105
2022-04-13,13000,13150,12750,12950,80217,-0.011450381679389277
2022-04-14,13100,13600,13000,13500,105239,0.042471042471042386
2022-04-15,13400,13800,13250,13750,82848,0.0185185185185186
2022-04-18,13500,13600,13000,13000,114795,-0.054545454545454564
2022-04-19,13000,13350,13000,13050,56739,0.0038461538461538325
2022-04-20,13100,13150,12750,12800,58747,-0.019157088122605415
2022-04-21,12700,13050,12700,12950,30825,0.01171875
2022-04-22,12850,13000,12600,12800,46344,-0.01158301158301156
2022-04-25,12500,12600,12250,12250,69255,-0.04296875
2022-04-26,12300,12600,11950,12100,83769,-0.01224489795918371
2022-04-27,11700,12100,11650,11950,36526,-0.012396694214875992
2022-04-28,11950,12200,11750,11800,46255,-0.012552301255230103
2022-04-29,11850,12100,11750,11800,32740,0.0
2022-05-02,11750,11900,11600,11800,21152,0.0
2022-05-03,11950,12100,11850,12050,20852,0.021186440677966045
2022-05-04,12150,12250,12000,12150,36538,0.008298755186721962
2022-05-06,12050,12100,11700,11700,29131,-0.03703703703703709
2022-05-09,11700,11750,11000,11000,58909,-0.05982905982905984
2022-05-10,11000,11100,10450,10600,43548,-0.036363636363636376
2022-05-11,10600,11150,10600,10950,32233,0.03301886792452824
2022-05-12,10900,11050,10250,10450,59155,-0.045662100456621
2022-05-13,10450,10700,10450,10500,25801,0.004784688995215225
2022-05-16,10650,10900,10550,10650,27829,0.014285714285714235
2022-05-17,10650,10850,10600,10700,27173,0.0046948356807512415
2022-05-18,10750,10900,10550,10600,34670,-0.009345794392523366
2022-05-19,10300,10500,10200,10400,35512,-0.018867924528301883
2022-05-20,10500,10850,10300,10750,38445,0.033653846153846256
2022-05-23,10850,11200,10650,10950,44805,0.018604651162790642
2022-05-24,10850,11900,10650,11000,155836,0.004566210045662045
2022-05-25,11100,11800,11000,11650,122110,0.05909090909090908
2022-05-26,11650,12000,11350,11400,79042,-0.02145922746781115
2022-05-27,11500,11900,11450,11750,35618,0.030701754385964897
2022-05-30,11800,12050,11500,11950,50707,0.017021276595744705
2022-05-31,11850,11900,11600,11850,35446,-0.008368200836820106
2022-06-02,11850,11850,11450,11600,20322,-0.021097046413502074
2022-06-03,11600,11800,11550,11600,14876,0.0
2022-06-07,11600,11750,11000,11350,35422,-0.02155172413793105
2022-06-08,11250,11550,11200,11300,13651,-0.004405286343612369
2022-06-09,11200,11350,10850,11000,29126,-0.026548672566371723
2022-06-10,11000,11100,10700,11100,24338,0.009090909090909038
2022-06-13,10750,10900,10200,10200,63818,-0.08108108108108103
2022-06-14,9930,10150,9650,9830,147813,-0.03627450980392155
2022-06-15,9750,9880,9130,9340,121028,-0.04984740590030523
2022-06-16,9450,9660,9220,9220,63988,-0.012847965738758016
2022-06-17,8930,9390,8850,9350,59296,0.014099783080260275
2022-06-20,9310,9400,8570,8640,88577,-0.07593582887700534
2022-06-21,8660,8900,8650,8800,33620,0.0185185185185186
2022-06-22,8810,8930,8340,8420,47845,-0.04318181818181821
2022-06-23,8330,8470,8000,8000,69374,-0.049881235154394354
2022-06-24,7950,8600,7950,8480,44584,0.06000000000000005
2022-06-27,8690,8770,8370,8720,35424,0.028301886792452935
2022-06-28,8720,8800,8550,8780,18585,0.006880733944954143
2022-06-29,8540,8800,8540,8800,19502,0.002277904328018332
2022-06-30,8800,8830,8300,8540,29527,-0.02954545454545454
2022-07-01,8530,8690,8170,8500,22545,-0.004683840749414525
2022-07-04,8500,8600,8100,8350,21532,-0.01764705882352946
2022-07-05,8310,8670,8310,8620,23399,0.03233532934131733
2022-07-06,8620,8780,8540,8660,25519,0.004640371229698292
2022-07-07,8660,8950,8660,8910,22333,0.02886836027713624
2022-07-08,8900,9090,8900,9040,17997,0.014590347923681302
2022-07-11,9050,9050,8820,8910,23227,-0.014380530973451378
2022-07-12,8910,9040,8650,8650,17678,-0.029180695847362492
2022-07-13,8530,9090,8530,9090,24646,0.05086705202312136
2022-07-14,9090,9250,8940,9120,24873,0.0033003300330032292
2022-07-15,9170,9170,8820,8960,11111,-0.01754385964912286
2022-07-18,9140,9140,8920,9110,20775,0.016741071428571397
2022-07-19,9100,9190,8970,9130,18691,0.002195389681668436
2022-07-20,9200,9530,9140,9330,37537,0.02190580503833517
2022-07-21,9350,9840,9340,9840,56122,0.05466237942122176
2022-07-22,9890,9890,9540,9570,21563,-0.027439024390243927
2022-07-25,9470,9690,9470,9570,14624,0.0
2022-07-26,9570,9570,9320,9430,16995,-0.014629049111807735
2022-07-27,9430,9430,9300,9400,10691,-0.0031813361611876534
2022-07-28,9410,9490,9320,9390,12264,-0.0010638297872340718
2022-07-29,9390,9510,9390,9410,7182,0.0021299254526092604
2022-08-01,9500,9500,9320,9420,8966,0.0010626992561104665
2022-08-02,9420,9440,9210,9310,11744,-0.011677282377919318
2022-08-03,9310,9790,9210,9790,42517,0.05155746509129977
2022-08-04,9850,10250,9740,10050,54319,0.026557711950970342
2022-08-05,10050,10100,9790,9870,20508,-0.017910447761193993
2022-08-08,9870,9900,9620,9880,18338,0.0010131712259371373
2022-08-09,9890,10300,9830,9980,17134,0.010121457489878471
2022-08-10,10000,10000,9580,9750,25112,-0.023046092184368705
2022-08-11,9770,10350,9770,10150,68148,0.0410256410256411
2022-08-12,10050,10400,10000,10200,13601,0.0049261083743843415
2022-08-16,10200,10250,10000,10100,11573,-0.009803921568627416
2022-08-17,10200,10200,9760,9770,26812,-0.0326732673267327
2022-08-18,9790,9820,9610,9770,18673,0.0
2022-08-19,9700,9810,9510,9510,17497,-0.026612077789150423
2022-08-22,9440,9440,9190,9240,19405,-0.028391167192429068
2022-08-23,9190,9290,8970,8980,23285,-0.02813852813852813
2022-08-24,8990,9200,8890,9160,12160,0.020044543429844186
2022-08-25,9210,9310,9100,9260,11795,0.01091703056768556
2022-08-26,9240,9370,9040,9160,25632,-0.010799136069114423
2022-08-29,8960,8960,8670,8800,24106,-0.0393013100436681
2022-08-30,8550,9090,8550,9090,30295,0.03295454545454546
2022-08-31,9090,9300,8910,9240,17962,0.01650165016501659
2022-09-01,9280,9280,8750,8950,19404,-0.031385281385281405
2022-09-02,8950,8990,8740,8790,15522,-0.01787709497206702
2022-09-05,8780,8880,8510,8540,27139,-0.028441410693970437
2022-09-06,8480,8940,8480,8880,19434,0.03981264637002346
2022-09-07,8800,8880,8540,8630,9609,-0.028153153153153143
2022-09-08,8670,8870,8640,8700,13281,0.008111239860950192
2022-09-13,8840,8970,8790,8910,9478,0.024137931034482696
2022-09-14,8690,8740,8490,8700,27768,-0.023569023569023573
2022-09-15,8700,8840,8530,8630,13615,-0.008045977011494232
2022-09-16,8580,8580,8450,8510,13320,-0.01390498261877171
2022-09-19,8500,8520,8140,8220,35089,-0.034077555816686256
2022-09-20,8220,8380,8220,8350,8515,0.015815085158150888
2022-09-21,8200,8320,8140,8220,9982,-0.015568862275449069
2022-09-22,8150,8170,7800,7950,36058,-0.03284671532846717
2022-09-23,7930,7930,7540,7690,41711,-0.03270440251572326
2022-09-26,7540,7560,7070,7120,36460,-0.07412223667100126
2022-09-27,7020,7250,6940,7150,34155,0.004213483146067398
2022-09-28,7030,7190,6730,6850,23610,-0.04195804195804198
2022-09-29,6950,7120,6840,6880,13750,0.004379562043795637
2022-09-30,6640,6960,6630,6890,13154,0.0014534883720929148
2022-10-04,6970,7200,6950,7150,14283,0.037735849056603765
2022-10-05,7190,7250,6810,6850,29756,-0.04195804195804198
2022-10-06,6850,7050,6850,6970,10964,0.01751824817518255
2022-10-07,6920,7010,6790,6790,8266,-0.02582496413199431
2022-10-11,6720,6720,6260,6260,28259,-0.07805596465390274
2022-10-12,6110,6420,6110,6340,23281,0.012779552715654896
2022-10-13,6340,6340,5750,5830,37074,-0.08044164037854895
2022-10-14,5950,6320,5940,6210,33163,0.065180102915952
2022-10-17,6190,6470,6040,6350,16367,0.02254428341384873
2022-10-18,6430,6760,6420,6680,40199,0.051968503937007915
2022-10-19,6780,6830,6560,6560,11449,-0.017964071856287456
2022-10-20,6560,6740,6290,6460,11901,-0.015243902439024404
2022-10-21,6450,6460,6300,6320,8907,-0.021671826625387025
2022-10-24,6360,6590,6360,6520,13113,0.03164556962025311
2022-10-25,6640,6680,6450,6470,6229,-0.0076687116564416735
2022-10-26,6500,6630,6330,6410,8540,-0.009273570324574987
2022-10-27,6410,6640,6330,6640,12723,0.03588143525741039
2022-10-28,6620,6620,6360,6400,9705,-0.03614457831325302
2022-10-31,6460,6470,6280,6450,16561,0.0078125
2022-11-01,6380,6520,6370,6510,10134,0.009302325581395321
2022-11-02,6510,6840,6430,6650,14434,0.021505376344086002
2022-11-03,6580,6600,6410,6530,7254,-0.018045112781954864
2022-11-04,6500,6590,6370,6510,10868,-0.003062787136294043
2022-11-07,6520,6640,6490,6600,7953,0.01382488479262678
2022-11-08,6610,6780,6310,6760,14570,0.024242424242424176
2022-11-09,6720,7040,6720,6950,15661,0.028106508875739733
2022-11-10,6840,6900,6750,6840,10142,-0.015827338129496438
2022-11-11,7010,7260,7000,7120,35042,0.040935672514619936
2022-11-14,7100,7410,6970,7150,25915,0.004213483146067398
2022-11-15,7180,8990,7030,8280,1535587,0.15804195804195809
2022-11-16,8470,8480,7870,8000,138243,-0.033816425120772986
2022-11-17,8220,8670,7670,7880,220567,-0.015000000000000013
2022-11-18,7920,10100,7920,8870,4160111,0.12563451776649748
2022-11-21,8880,9000,8540,8640,291801,-0.025930101465614475
2022-11-22,8550,8630,8310,8470,141295,-0.01967592592592593
2022-11-23,8470,10350,8400,9040,2551622,0.06729634002361284
2022-11-24,8950,9430,8850,8950,524890,-0.009955752212389424
2022-11-25,8850,9000,8680,8840,155372,-0.012290502793296132
2022-11-28,8840,8890,8550,8550,139534,-0.03280542986425339
2022-11-29,8470,8610,8430,8590,46079,0.004678362573099504
2022-11-30,8530,8580,8320,8320,92434,-0.03143189755529685
2022-12-01,8450,8600,8400,8570,86562,0.030048076923076872
2022-12-02,8570,8640,8360,8450,48062,-0.014002333722287097
2022-12-05,8450,8500,8220,8330,52057,-0.014201183431952646
2022-12-06,8240,8270,7900,7910,75255,-0.050420168067226934
2022-12-07,7830,8290,7720,7980,53674,0.008849557522123908
2022-12-08,8110,8140,7800,7850,44252,-0.016290726817042578
2022-12-09,7860,8150,7860,8150,37731,0.03821656050955413
2022-12-12,8110,8390,8040,8260,32325,0.013496932515337345
2022-12-13,8260,8340,7960,8050,52315,-0.025423728813559365
2022-12-14,7980,8300,7980,8270,41678,0.027329192546583947
2022-12-15,8260,8310,8100,8110,23549,-0.019347037484885088
2022-12-16,7960,8060,7890,7940,24103,-0.020961775585696674
2022-12-19,7880,8090,7850,8010,15910,0.00881612090680095
2022-12-20,7950,7980,7660,7700,30731,-0.038701622971285876
2022-12-21,7800,7890,7670,7670,13492,-0.003896103896103842
2022-12-22,7700,7810,7700,7740,11663,0.009126466753585305
2022-12-23,7720,7720,7410,7550,31088,-0.02454780361757103
2022-12-26,7440,7630,7400,7460,13851,-0.01192052980132452
2022-12-27,7430,7910,7420,7910,29173,0.0603217158176943
2022-12-28,7910,7970,7700,7970,14269,0.007585335018963413
2022-12-29,8650,8650,7790,7790,357594,-0.02258469259723961
2023-01-02,7770,7800,7450,7500,53354,-0.03722721437740695
2023-01-03,7410,7690,7260,7690,68283,0.02533333333333343
2023-01-04,7690,8510,7690,8310,356828,0.08062418725617682
2023-01-05,8320,8430,8080,8160,95920,-0.018050541516245522
2023-01-06,8040,8230,8030,8120,50859,-0.004901960784313708
2023-01-09,8100,8320,8100,8210,39387,0.011083743842364546
2023-01-10,8210,8320,8120,8190,32603,-0.0024360535931789995
2023-01-11,8200,8380,8200,8280,42121,0.01098901098901095
2023-01-12,8290,8380,8170,8290,35073,0.0012077294685990392
2023-01-13,8290,8700,8270,8470,81591,0.02171290711700835
2023-01-16,8450,9290,8350,8680,607658,0.024793388429751984
2023-01-17,8660,8670,8360,8400,78332,-0.032258064516129004
2023-01-18,8440,9940,8440,9000,1744336,0.0714285714285714
2023-01-19,8950,8980,8640,8800,106506,-0.022222222222222254
2023-01-20,8740,8960,8740,8820,73385,0.002272727272727204
2023-01-25,8830,9120,8790,9050,106191,0.026077097505669
2023-01-26,9110,9280,8990,9090,148910,0.0044198895027625085
2023-01-27,9090,9180,8940,9120,90305,0.0033003300330032292
2023-01-30,9190,9200,8870,8880,61757,-0.02631578947368418
2023-01-31,8940,9030,8710,9000,49116,0.013513513513513598
2023-02-01,9100,9110,8850,8880,37012,-0.013333333333333308
2023-02-02,8930,9120,8880,9020,42924,0.015765765765765716
2023-02-03,9060,9420,9050,9210,204664,0.021064301552106368
2023-02-06,9210,9240,9020,9160,54509,-0.005428881650380024
2023-02-07,9160,9350,9140,9270,53800,0.012008733624454093
2023-02-08,9270,9320,9220,9300,32881,0.003236245954692629
2023-02-09,9300,9300,9120,9280,42571,-0.0021505376344086446
2023-02-10,9190,9280,8780,8810,100226,-0.0506465517241379
2023-02-13,8780,8780,8550,8690,26957,-0.01362088535754824
2023-02-14,8710,8900,8700,8810,22283,0.013808975834292303
2023-02-15,8810,8850,8460,8640,29506,-0.0192962542565267
2023-02-16,8600,9670,8600,9580,729333,0.10879629629629628
2023-02-17,9480,9600,9100,9250,135348,-0.034446764091857984
2023-02-20,9270,9470,9180,9370,76641,0.012972972972973063
2023-02-21,9400,9500,9280,9470,45981,0.01067235859124871
2023-02-22,9370,9470,8710,9100,67057,-0.03907074973600844
2023-02-23,9100,9190,9010,9120,19739,0.00219780219780219
2023-02-24,9120,9220,8780,9120,36126,0.0
2023-02-27,9030,9030,8660,8710,58151,-0.04495614035087714
2023-02-28,8740,8950,8580,8880,28136,0.019517795637198576
2023-03-02,8880,8960,8620,8770,19769,-0.012387387387387427
2023-03-03,8830,8850,8610,8640,20478,-0.014823261117445807
2023-03-06,8730,8780,8300,8780,26126,0.01620370370370372
2023-03-07,8780,8790,8550,8590,21654,-0.021640091116173155
2023-03-08,8580,8620,8400,8520,26459,-0.008149010477299212
2023-03-09,8520,8570,8290,8390,24677,-0.015258215962441368
2023-03-10,8380,8380,8020,8100,33934,-0.03456495828367101
2023-03-13,7930,8080,7750,8060,37229,-0.004938271604938316
2023-03-14,7970,8490,7780,8100,77271,0.00496277915632759
2023-03-15,8370,8370,8030,8090,24529,-0.0012345679012345512
2023-03-16,7930,8050,7740,8000,23851,-0.011124845488257096
2023-03-17,8000,8490,7960,8340,18211,0.04249999999999998
2023-03-20,8000,8240,7500,7560,155492,-0.09352517985611508
2023-03-21,7790,7840,7540,7600,55930,0.005291005291005346
2023-03-22,7670,7970,7610,7840,50786,0.03157894736842115
2023-03-23,7840,7880,7610,7660,43819,-0.022959183673469385
2023-03-24,7730,7950,7590,7930,33247,0.03524804177545682
2023-03-27,7930,7930,7630,7690,17938,-0.030264817150063017
2023-03-28,7690,7860,7690,7790,12140,0.013003901170351106
2023-03-29,7820,7840,7650,7740,23565,-0.006418485237484006
2023-03-30,7740,7780,7650,7660,20815,-0.01033591731266148
2023-03-31,7670,7740,7430,7500,57414,-0.02088772845953002
2023-04-03,7500,7520,7330,7350,42907,-0.020000000000000018
2023-04-04,7320,7460,7270,7420,29631,0.00952380952380949
2023-04-05,7420,7600,7400,7550,26161,0.017520215633423097
2023-04-06,7450,7560,7330,7340,20195,-0.027814569536423805
2023-04-07,7400,7410,7290,7340,15316,0.0
2023-04-10,7370,7370,7020,7070,35632,-0.03678474114441421
2023-04-11,7070,7140,6760,7090,21980,0.0028288543140029265
2023-04-12,7090,7340,7080,7250,15479,0.02256699576868826
2023-04-13,7320,7330,7120,7250,14930,0.0
2023-04-14,7220,7430,7220,7340,21237,0.012413793103448256
2023-04-17,7340,7440,7290,7410,17327,0.0095367847411445
2023-04-18,7490,7490,7220,7330,29274,-0.010796221322537103
2023-04-19,7440,7440,7240,7300,14127,-0.004092769440654842
2023-04-20,7290,7410,7120,7260,20555,-0.005479452054794498
2023-04-21,7250,7270,7040,7250,16532,-0.0013774104683195176
2023-04-24,7160,7190,7000,7100,13325,-0.020689655172413834
2023-04-25,7100,7120,6800,6900,32410,-0.028169014084507005
2023-04-26,6810,7090,6730,7090,14947,0.02753623188405796
2023-04-27,7070,7110,6860,6920,16606,-0.023977433004231274
2023-04-28,6940,7050,6850,6940,14033,0.0028901734104045396
2023-05-02,7020,7130,6890,7100,10593,0.023054755043227626
2023-05-03,7030,7260,6880,6880,18671,-0.030985915492957705
2023-05-04,6880,6910,6700,6820,16357,-0.008720930232558155
2023-05-08,6820,6930,6810,6850,12201,0.004398826979472137
2023-05-09,6850,6910,6780,6910,3920,0.008759124087591275
2023-05-10,6910,6950,6700,6720,14460,-0.02749638205499272
2023-05-11,6720,6820,6700,6740,6171,0.0029761904761904656
2023-05-12,6740,6740,6470,6540,26647,-0.029673590504451064
2023-05-15,6540,6540,6420,6430,9734,-0.016819571865443472
2023-05-16,6430,6490,6350,6370,14342,-0.009331259720062213
2023-05-17,6350,6460,6340,6430,11473,0.009419152276295195
2023-05-18,6500,6570,6370,6370,17936,-0.009331259720062213
2023-05-19,6430,6510,6400,6510,10767,0.0219780219780219
2023-05-22,6690,7120,6600,6890,100820,0.05837173579109067
2023-05-23,6890,6890,6710,6820,20860,-0.010159651669085612
2023-05-24,6760,6820,6680,6790,19994,-0.004398826979472137
2023-05-25,6790,6860,6710,6780,14039,-0.0014727540500736325
2023-05-26,6780,6780,6630,6750,13733,-0.004424778761061954
2023-05-30,6690,6750,6650,6750,11826,0.0
2023-05-31,6730,6800,6660,6660,7867,-0.013333333333333308
2023-06-01,6670,6840,6630,6830,12184,0.02552552552552556
2023-06-02,6770,6920,6770,6850,22658,0.002928257686676483
2023-06-05,6860,6900,6790,6850,7385,0.0
2023-06-07,6880,6900,6800,6860,10121,0.0014598540145984717
2023-06-08,6850,6980,6630,6820,17513,-0.005830903790087438
2023-06-09,6840,6860,6740,6810,6845,-0.0014662756598240456
2023-06-12,6820,6850,6730,6830,11509,0.002936857562408246
2023-06-13,6870,6870,6720,6780,16703,-0.007320644216691097
2023-06-14,6780,6780,6530,6680,25270,-0.014749262536873142
2023-06-15,6670,6670,6500,6590,8471,-0.013473053892215536
2023-06-16,6590,6760,6510,6600,14836,0.0015174506828528056
2023-06-19,6600,6640,6490,6520,7511,-0.012121212121212088
2023-06-20,6520,6700,6450,6700,18047,0.027607361963190247
2023-06-21,6700,6730,6470,6520,17897,-0.0268656716417911
2023-06-22,6490,6550,6210,6360,28847,-0.024539877300613466
2023-06-23,6360,6430,6250,6370,10546,0.0015723270440251014
2023-06-26,6250,6500,6250,6500,10484,0.020408163265306145
2023-06-27,6500,6600,6370,6540,12020,0.006153846153846176
2023-06-28,6540,6660,6480,6660,7810,0.0183486238532109
2023-06-29,6610,6710,6470,6700,16220,0.006006006006006093
2023-06-30,6700,6850,6530,6750,22230,0.00746268656716409
2023-07-03,6750,6850,6650,6810,17819,0.008888888888888946
2023-07-04,6810,6810,6670,6710,7454,-0.014684287812041119
2023-07-05,6740,6740,6480,6480,15788,-0.03427719821162445
2023-07-06,6480,6510,6230,6370,13551,-0.016975308641975273
2023-07-07,6330,6350,6180,6350,15073,-0.0031397174254317317
2023-07-10,6230,6330,6180,6270,21266,-0.012598425196850394
2023-07-11,6270,6450,6260,6430,7571,0.02551834130781505
2023-07-12,6430,6580,6390,6470,5750,0.0062208398133747345
2023-07-13,6510,6640,6450,6630,12463,0.02472952086553315
2023-07-14,6680,6700,6410,6670,27502,0.006033182503770718
2023-07-17,6630,6660,6540,6580,9499,-0.013493253373313308
2023-07-18,6510,6600,6250,6250,22353,-0.050151975683890626
2023-07-19,6200,6300,6130,6270,19856,0.0032000000000000917
2023-07-20,6190,6390,6190,6390,4499,0.019138755980861344
2023-07-21,6300,6330,6170,6220,22357,-0.026604068857590035
2023-07-24,6210,6210,5870,5870,39193,-0.0562700964630225
2023-07-25,5800,5870,5660,5660,21864,-0.035775127768313486
2023-07-26,5520,5720,5200,5440,20215,-0.03886925795053009
2023-07-27,5350,5600,5350,5590,26578,0.02757352941176472
2023-07-28,5590,5720,5510,5660,17675,0.012522361359570633
2023-07-31,5700,5850,5660,5830,6505,0.030035335689045928
2023-08-01,5830,5950,5830,5930,7410,0.0171526586620927
2023-08-02,5930,6320,5890,6240,36614,0.05227655986509272
2023-08-03,6230,6390,6040,6330,17463,0.014423076923076872
2023-08-04,6300,6390,6150,6380,10581,0.00789889415481837
2023-08-07,6380,6380,6160,6220,29349,-0.025078369905956133
2023-08-08,6220,6480,6180,6210,19846,-0.001607717041800627
2023-08-09,6100,6440,6100,6350,10553,0.02254428341384873
2023-08-10,7200,7590,6560,6600,522064,0.03937007874015741
2023-08-11,6690,6910,6530,6860,51852,0.039393939393939315
2023-08-14,6890,6890,6690,6800,24879,-0.008746355685131157
2023-08-16,6700,6780,6600,6740,26133,-0.008823529411764675
2023-08-17,6670,6710,6480,6570,26377,-0.02522255192878342
2023-08-18,6480,6620,6380,6620,12748,0.007610350076103556
2023-08-21,6630,6660,6350,6500,14586,-0.01812688821752262
2023-08-22,6550,6550,6300,6370,9523,-0.020000000000000018
2023-08-23,6420,6420,6230,6300,11279,-0.01098901098901095
2023-08-24,6300,6660,6190,6660,13575,0.05714285714285716
2023-08-25,6590,6590,6390,6450,13730,-0.03153153153153154
2023-08-28,6410,6690,6320,6670,12068,0.03410852713178292
2023-08-29,6650,6720,6540,6700,10668,0.004497751124437732
2023-08-30,6710,6730,6590,6640,6007,-0.008955223880596996
2023-08-31,6680,6690,6550,6690,4483,0.0075301204819278045
2023-09-01,6610,6740,6550,6660,14128,-0.004484304932735439
2023-09-04,6650,6670,6590,6670,5266,0.0015015015015014122
2023-09-05,6590,6700,6510,6690,9624,0.0029985007496251548
2023-09-06,6690,6690,6480,6520,11040,-0.025411061285500747
2023-09-07,6460,6600,6460,6600,6108,0.012269938650306678
2023-09-08,6600,8580,6550,7140,1661646,0.08181818181818179
2023-09-11,7070,8950,7070,8360,1682493,0.17086834733893563
2023-09-12,8300,9730,8070,8200,1097390,-0.019138755980861233
2023-09-13,8570,9090,8120,8260,196940,0.007317073170731714
2023-09-14,8500,9000,8030,8590,156699,0.03995157384987902
2023-09-15,8590,8660,8300,8560,52910,-0.0034924330616996624
2023-09-18,8560,8820,8350,8570,73631,0.001168224299065379
2023-09-19,8610,8610,8010,8100,70236,-0.05484247374562423
2023-09-20,8050,8350,7940,7990,37876,-0.013580246913580285
2023-09-21,8170,10220,7990,9130,2503955,0.14267834793491874
2023-09-22,8910,8920,8130,8320,269757,-0.08871851040525736
2023-09-25,8400,8950,7910,7910,371081,-0.049278846153846145
2023-09-26,7670,7770,7220,7220,120332,-0.08723135271807836
2023-09-27,7220,7220,6980,7130,43710,-0.012465373961218829
2023-10-04,7070,7120,6800,6850,52851,-0.03927068723702665
2023-10-05,6850,7030,6700,6900,26847,0.007299270072992803
2023-10-06,6810,7150,6810,7100,22339,0.02898550724637672
2023-10-10,7100,7160,6680,6740,54142,-0.05070422535211272
2023-10-11,7010,8170,6800,7400,413893,0.09792284866468837
2023-10-12,7560,7620,7190,7220,68595,-0.024324324324324298
2023-10-13,7400,7400,7110,7150,35584,-0.00969529085872578
2023-10-16,7310,7310,6860,7000,18260,-0.020979020979020935
2023-10-17,7090,8600,7020,7680,699009,0.0971428571428572
2023-10-18,7680,7680,7240,7240,101154,-0.05729166666666663
2023-10-19,7140,7170,6910,6910,60266,-0.045580110497237536
2023-10-20,6870,7470,6810,7190,76189,0.04052098408104188
2023-10-23,7060,7320,6880,6980,44327,-0.029207232267037586
2023-10-24,6950,7310,6850,7260,31189,0.04011461318051568
2023-10-25,7260,7480,7180,7190,34262,-0.009641873278236957
2023-10-26,7150,7150,6880,7030,23063,-0.022253129346314293
2023-10-27,7110,7300,6920,7250,25963,0.031294452347083945
2023-10-30,7270,7450,7030,7400,32069,0.020689655172413834
2023-10-31,7380,7460,7240,7270,21066,-0.01756756756756761
2023-11-01,7230,7380,7200,7280,15346,0.0013755158184318717
2023-11-02,7480,7570,7300,7450,32421,0.02335164835164827
2023-11-03,7410,7780,7410,7780,52884,0.04429530201342291
2023-11-06,7850,7900,7610,7800,47018,0.0025706940874035134
2023-11-07,7920,8200,7650,7870,53652,0.008974358974358942
2023-11-08,7870,10230,7820,10230,1494666,0.29987293519695046
2023-11-09,11080,13290,10190,13290,4618788,0.29912023460410553
2023-11-10,13740,13900,12500,13300,1287458,0.0007524454477050302
2023-11-13,12610,13450,12570,12800,187419,-0.03759398496240607
2023-11-14,13030,13770,12200,12790,326483,-0.0007812499999999556
2023-11-15,12810,12810,11180,11400,378070,-0.10867865519937447
2023-11-16,11420,11680,11220,11650,168839,0.021929824561403466
2023-11-17,11620,11880,10850,10930,150472,-0.06180257510729614
2023-11-20,10960,11290,10880,11270,83587,0.031107044830741115
2023-11-21,11390,11540,10950,11160,84040,-0.00976042590949422
2023-11-22,11170,11470,11160,11450,67959,0.025985663082437327
2023-11-23,11450,11800,11370,11720,98733,0.02358078602620095
2023-11-24,11520,11680,11150,11340,72910,-0.03242320819112632
2023-11-27,11280,11900,10090,10210,311550,-0.09964726631393295
2023-11-28,10120,10200,8670,9280,417426,-0.09108716944172379
2023-11-29,9390,9850,9150,9640,242013,0.0387931034482758
2023-11-30,9720,9930,9470,9840,94125,0.020746887966804906
2023-12-01,9840,10160,9400,9680,152142,-0.016260162601625994
2023-12-04,9700,10400,9700,9990,196365,0.03202479338842967
2023-12-05,9950,10220,9540,9800,82438,-0.019019019019019034
2023-12-06,9800,10430,9670,10430,100216,0.06428571428571428
2023-12-07,10640,10860,9770,9960,135781,-0.04506232023010548
2023-12-08,9850,10670,9830,10150,153729,0.01907630522088355
2023-12-11,10100,10170,9640,9860,86312,-0.02857142857142858
2023-12-12,9820,9980,9610,9860,68565,0.0
2023-12-13,9860,10050,9010,9650,62955,-0.02129817444219062
2023-12-14,9970,9970,9380,9470,49799,-0.01865284974093262
2023-12-15,9440,9610,9180,9560,46451,0.009503695881731833
2023-12-18,9560,9560,9160,9200,57595,-0.03765690376569042
2023-12-19,9210,9660,9120,9610,70225,0.04456521739130426
2023-12-20,9610,9850,9500,9750,59493,0.014568158168574374
2023-12-21,9520,9870,9350,9490,58881,-0.026666666666666616
2023-12-22,9550,9550,8460,8530,226805,-0.10115911485774498
2023-12-26,8660,8930,8170,8220,110889,-0.036342321219226315
2023-12-27,8220,8540,8210,8540,50517,0.038929440389294356
2023-12-28,8640,8700,8440,8700,34129,0.0187353629976581
2024-01-02,8700,8940,8550,8900,44693,0.02298850574712641
2024-01-03,8900,8900,8570,8630,43495,-0.030337078651685445
2024-01-04,8620,8620,8200,8350,90678,-0.03244495944380066
2024-01-05,8520,8770,8270,8530,53045,0.021556886227544814
2024-01-08,8530,9380,8450,9250,238666,0.08440797186400939
2024-01-09,9250,9490,9070,9490,85704,0.025945945945945903
2024-01-10,9720,9720,9080,9150,107671,-0.035827186512118026
2024-01-11,9110,9470,9110,9340,62328,0.02076502732240426
2024-01-12,9530,9530,9030,9180,52006,-0.017130620985010725
2024-01-15,9180,9180,8850,9170,31194,-0.0010893246187363426
2024-01-16,9080,9300,8800,9000,72844,-0.018538713195201728
2024-01-17,8910,9000,8600,8600,56226,-0.0444444444444444
2024-01-18,8520,9220,8520,9090,74527,0.05697674418604648
2024-01-19,9100,9440,9100,9250,60640,0.017601760176017667
2024-01-22,9320,9530,9140,9190,97117,-0.006486486486486531
2024-01-23,9150,10240,8960,9850,295141,0.07181719260065278
2024-01-24,10200,10200,9380,9410,172633,-0.044670050761421276
2024-01-25,9170,9320,8730,8810,103986,-0.0637619553666312
2024-01-26,8810,9550,8740,9450,93960,0.07264472190692395
2024-01-29,9680,10400,9480,9590,354484,0.014814814814814836
2024-01-30,9750,11350,9350,9540,1184403,-0.005213764337851923
2024-01-31,9450,9650,9030,9090,117487,-0.047169811320754707
2024-02-01,9040,9160,8700,8770,131988,-0.03520352035203522
2024-02-02,8810,9180,8770,8800,129810,0.003420752565564511
2024-02-05,8810,8870,8510,8520,68477,-0.03181818181818186
2024-02-06,8520,8590,8210,8350,64027,-0.0199530516431925
2024-02-07,8270,8400,8200,8210,74113,-0.016766467065868262
2024-02-08,8230,8460,8230,8340,35489,0.015834348355663774
2024-02-13,8360,9930,8360,8740,371584,0.04796163069544357
2024-02-14,8730,8800,8560,8790,37094,0.005720823798627039
2024-02-15,8790,9120,8750,8950,61502,0.018202502844141044
2024-02-16,9000,9090,8810,9010,29195,0.006703910614525244
2024-02-19,9000,9300,8940,8990,63537,-0.002219755826859071
2024-02-20,8990,9140,8860,8980,21269,-0.0011123470522803602
2024-02-21,8980,9020,8790,8880,27431,-0.011135857461024523
2024-02-22,8890,8910,8750,8800,16935,-0.009009009009009028
2024-02-23,8810,8940,8710,8800,25741,0.0
2024-02-26,8800,8920,8600,8770,22937,-0.003409090909090917
2024-02-27,8690,8850,8620,8700,30688,-0.007981755986317007
2024-02-28,8700,9040,8700,9040,58789,0.03908045977011487
2024-02-29,9050,9050,8790,8980,34166,-0.006637168141592875
2024-03-04,9080,9720,9000,9210,144615,0.025612472160356337
2024-03-05,9120,9440,8930,9250,67281,0.004343105320304019
2024-03-06,9210,9250,8930,8970,51723,-0.030270270270270294
2024-03-07,8910,9200,8800,9080,49133,0.012263099219620877
2024-03-08,9030,9360,8980,9290,49398,0.02312775330396466
2024-03-11,9330,9500,9200,9310,69353,0.0021528525296017342
2024-03-12,9310,9560,9220,9480,47270,0.018259935553168738
2024-03-13,9450,9660,9290,9370,71242,-0.011603375527426185
2024-03-14,9440,9440,9170,9400,35167,0.0032017075773747017
2024-03-15,9300,9310,9050,9080,27352,-0.03404255319148941
2024-03-18,9040,9450,9010,9350,39046,0.029735682819383324
2024-03-19,9300,11280,9270,10300,1329596,0.10160427807486627
2024-03-20,10210,10340,9730,9960,222644,-0.03300970873786413
2024-03-21,10160,10300,9840,10000,136744,0.004016064257028162
2024-03-22,10050,10070,9620,9670,68839,-0.03300000000000003
2024-03-25,9670,9750,9500,9680,39999,0.0010341261633919352
2024-03-26,9600,9710,9280,9380,77930,-0.030991735537190035
2024-03-27,9320,9570,9260,9400,43336,0.002132196162046851
2024-03-28,9380,9500,9100,9170,45890,-0.024468085106382986
2024-03-29,9250,9250,8970,8970,43501,-0.021810250817884458
2024-04-01,9000,9360,9000,9300,33235,0.03678929765886285
2024-04-02,9250,9300,8980,9030,31738,-0.029032258064516148
2024-04-03,9030,9110,8860,9090,39641,0.006644518272425293
2024-04-04,9080,9360,8940,8970,53775,-0.01320132013201325
2024-04-05,8890,9100,8830,8900,23336,-0.0078037904124860225
2024-04-08,8900,8940,8500,8650,49930,-0.028089887640449396
2024-04-09,8650,8800,8570,8680,20423,0.003468208092485492
2024-04-11,8510,8730,8450,8730,16975,0.005760368663594528
2024-04-12,8630,8840,8590,8640,17872,-0.010309278350515427
2024-04-15,8620,8770,8360,8630,31717,-0.0011574074074074403
2024-04-16,8630,8860,8450,8860,35678,0.02665121668597914
2024-04-17,8870,9040,8800,8800,27899,-0.006772009029345383
2024-04-18,8630,8930,8630,8920,9928,0.013636363636363669
2024-04-19,8920,8920,8680,8830,15822,-0.010089686098654682
2024-04-22,8990,8990,8710,8810,11838,-0.0022650056625141968
2024-04-23,8800,10800,8800,9040,916605,0.026106696935300766
2024-04-24,9040,9170,8980,9110,98111,0.007743362831858391
2024-04-25,9100,9120,8900,9090,27026,-0.002195389681668547
2024-04-26,9110,9300,9070,9210,48164,0.013201320132013139
2024-04-29,9210,9950,9210,9580,239986,0.04017372421281218
2024-04-30,9580,9580,9260,9360,51830,-0.022964509394572064
2024-05-02,9370,9450,9270,9450,26348,0.009615384615384581
2024-05-03,9410,9500,9270,9490,25935,0.004232804232804144
2024-05-07,9630,9640,9320,9390,23309,-0.010537407797681753
2024-05-08,9390,9610,9360,9590,37655,0.021299254526091493
2024-05-09,9590,9710,9420,9710,54997,0.012513034410844615
