Date,Open,High,Low,Close,Volume,Change
2022-01-03,11650,11650,11400,11600,2533,-0.0042918454935622075
2022-01-04,11600,11700,11400,11600,4100,0.0
2022-01-05,11450,11850,11000,11500,17088,-0.008620689655172376
2022-01-06,11450,11750,11300,11550,2052,0.004347826086956497
2022-01-07,11700,11700,11450,11600,2730,0.0043290043290042934
2022-01-10,11700,11700,11350,11550,2637,-0.004310344827586188
2022-01-11,11550,11700,11250,11350,4707,-0.017316017316017285
2022-01-12,11550,11550,11300,11400,2027,0.004405286343612369
2022-01-13,11250,11550,11250,11350,3184,-0.004385964912280715
2022-01-14,11400,11600,11250,11250,4616,-0.008810572687224627
2022-01-17,11250,11500,11250,11450,2488,0.01777777777777767
2022-01-18,11500,11750,11250,11650,19992,0.017467248908296984
2022-01-19,11800,12000,11600,11800,28959,0.012875536480686733
2022-01-20,11900,13500,11550,11600,195781,-0.016949152542372836
2022-01-21,11350,11350,10150,10250,120761,-0.11637931034482762
2022-01-24,10200,10350,9900,9990,46456,-0.025365853658536608
2022-01-25,10100,10100,9180,9450,22172,-0.05405405405405406
2022-01-26,9450,9570,9210,9510,9827,0.006349206349206327
2022-01-27,9430,9510,9020,9020,6031,-0.051524710830704534
2022-01-28,9000,9100,8780,9020,13576,0.0
2022-02-03,9040,9600,9040,9550,19324,0.058758314855875904
2022-02-04,9560,9600,9260,9440,10894,-0.011518324607329822
2022-02-07,9620,9960,9330,9940,18234,0.052966101694915224
2022-02-08,9980,10550,9970,10250,15186,0.031187122736418438
2022-02-09,10700,10700,10100,10150,2965,-0.009756097560975618
2022-02-10,10150,10350,9990,10100,6308,-0.0049261083743842304
2022-02-11,9710,10400,9710,10050,3590,-0.004950495049504955
2022-02-14,10550,10550,9660,10000,2514,-0.00497512437810943
2022-02-15,10000,10300,9720,9940,6619,-0.006000000000000005
2022-02-16,9720,10200,9620,9670,9774,-0.02716297786720323
2022-02-17,9780,9900,9710,9900,7194,0.02378490175801451
2022-02-18,9980,9980,9620,9920,2737,0.002020202020202033
2022-02-21,9920,10150,9730,10150,5620,0.02318548387096775
2022-02-22,10100,10100,9760,9980,5012,-0.016748768472906406
2022-02-23,9950,10000,9530,9610,22547,-0.03707414829659317
2022-02-24,9800,9800,9420,9500,5077,-0.01144640998959412
2022-02-25,9500,9770,9500,9730,3392,0.02421052631578946
2022-02-28,9950,9950,9710,9860,2829,0.013360739979445091
2022-03-02,9950,9950,9750,9900,1674,0.0040567951318457585
2022-03-03,10000,10250,9900,10100,4304,0.02020202020202011
2022-03-04,10450,10450,10000,10250,2975,0.014851485148514865
2022-03-07,10400,10400,9910,10200,1343,-0.004878048780487809
2022-03-08,9660,10200,9650,10050,1704,-0.014705882352941124
2022-03-10,10400,10400,9830,10000,2763,-0.00497512437810943
2022-03-11,10150,10150,9920,10100,4389,0.010000000000000009
2022-03-14,9950,10200,9900,10000,10863,-0.00990099009900991
2022-03-15,10000,10300,10000,10200,3467,0.020000000000000018
2022-03-16,10550,10550,9920,10300,4416,0.009803921568627416
2022-03-17,10550,10550,10250,10300,5175,0.0
2022-03-18,10300,10500,10300,10350,5060,0.004854368932038833
2022-03-21,10350,10500,10300,10450,4885,0.009661835748792313
2022-03-22,10450,10550,10400,10500,2801,0.004784688995215225
2022-03-23,10450,10700,10450,10550,992,0.004761904761904745
2022-03-24,10500,10600,10450,10550,2628,0.0
2022-03-25,10550,10600,10350,10500,3134,-0.004739336492891044
2022-03-28,10650,10650,10250,10350,14363,-0.014285714285714235
2022-03-29,10450,10600,10400,10600,910,0.024154589371980784
2022-03-30,10700,10700,10400,10600,912,0.0
2022-03-31,10600,10600,10050,10600,5692,0.0
2022-04-01,10600,10700,10400,10650,2402,0.004716981132075526
2022-04-04,10650,10650,10400,10550,3578,-0.009389671361502372
2022-04-05,10600,10600,10400,10450,5549,-0.009478672985781977
2022-04-06,10500,10600,10250,10600,13128,0.014354066985645897
2022-04-07,10650,10650,10500,10600,12933,0.0
2022-04-08,10600,10650,10400,10450,2277,-0.014150943396226467
2022-04-11,10550,10600,10350,10600,482,0.014354066985645897
2022-04-12,10550,10650,10400,10600,672,0.0
2022-04-13,10550,10650,10400,10500,2997,-0.009433962264150941
2022-04-14,10500,10650,10400,10650,4246,0.014285714285714235
2022-04-15,10700,10700,10500,10650,1510,0.0
2022-04-18,10600,10750,10500,10650,6213,0.0
2022-04-19,10650,10850,10500,10750,1911,0.009389671361502261
2022-04-20,10700,10800,10700,10750,2191,0.0
2022-04-21,10750,10900,10700,10800,1139,0.0046511627906977715
2022-04-22,10800,10850,10550,10800,1378,0.0
2022-04-25,10550,10750,10500,10750,2174,-0.00462962962962965
2022-04-26,10750,10750,10550,10700,1376,-0.0046511627906976605
2022-04-27,10550,10650,10500,10600,964,-0.009345794392523366
2022-04-28,10600,10600,10400,10600,7462,0.0
2022-04-29,10600,10700,10500,10650,1875,0.004716981132075526
2022-05-02,10650,10650,10500,10550,1201,-0.009389671361502372
2022-05-03,10500,10650,10450,10600,655,0.004739336492890933
2022-05-04,10600,10650,10300,10550,3068,-0.004716981132075526
2022-05-06,10400,10600,10300,10550,1494,0.0
2022-05-09,10550,10550,10350,10500,1527,-0.004739336492891044
2022-05-10,10300,10700,10050,10650,6879,0.014285714285714235
2022-05-11,10650,10800,10650,10700,725,0.0046948356807512415
2022-05-12,10750,10750,10400,10650,2198,-0.004672897196261627
2022-05-13,10600,10650,10400,10600,2083,-0.0046948356807511304
2022-05-16,10600,10700,10350,10350,3712,-0.02358490566037741
2022-05-17,10350,10550,10350,10500,1565,0.01449275362318847
2022-05-18,10450,10600,10400,10500,1979,0.0
2022-05-19,10450,10900,10350,10900,5177,0.03809523809523818
2022-05-20,10900,10900,10750,10750,1496,-0.013761467889908285
2022-05-23,10900,10900,10700,10750,763,0.0
2022-05-24,10750,11400,10700,11000,26165,0.023255813953488413
2022-05-25,11000,11100,10750,10900,5481,-0.009090909090909038
2022-05-26,10900,11050,10800,11050,1686,0.013761467889908285
2022-05-27,11050,12250,11000,12200,87059,0.10407239819004532
2022-05-30,12050,12550,12000,12500,270432,0.024590163934426146
2022-05-31,12600,12600,12200,12350,23317,-0.01200000000000001
2022-06-02,12350,12350,11800,11800,6652,-0.04453441295546556
2022-06-03,11800,11950,11600,11800,6276,0.0
2022-06-07,11700,11800,11400,11700,5382,-0.008474576271186418
2022-06-08,11600,11600,11250,11450,3561,-0.021367521367521403
2022-06-09,11400,11450,11000,11450,2968,0.0
2022-06-10,11250,11300,11000,11300,4255,-0.013100436681222738
2022-06-13,11200,11200,10600,10900,6462,-0.03539823008849563
2022-06-14,10400,10900,10400,10900,7610,0.0
2022-06-15,10750,10850,10700,10800,2266,-0.00917431192660545
2022-06-16,10800,10950,10650,10850,1412,0.004629629629629539
2022-06-17,10900,11000,10450,10950,5148,0.009216589861751112
2022-06-20,10950,11000,10600,10850,1754,-0.0091324200913242
2022-06-21,10800,10950,10600,10950,803,0.009216589861751112
2022-06-22,11000,11000,10600,10850,2033,-0.0091324200913242
2022-06-23,10650,10950,10550,10550,3324,-0.027649769585253448
2022-06-24,10550,10700,10400,10700,1691,0.014218009478673022
2022-06-27,10700,10850,10650,10700,3337,0.0
2022-06-28,10600,10850,10450,10850,1811,0.014018691588784993
2022-06-29,10750,10850,10700,10850,2500,0.0
2022-06-30,10800,11000,10600,10950,1846,0.009216589861751112
2022-07-01,10850,11050,10750,10950,1590,0.0
2022-07-04,10950,11300,10950,10950,8757,0.0
2022-07-05,11250,11250,10950,11200,3057,0.022831050228310446
2022-07-06,11250,11250,11050,11250,1998,0.0044642857142858094
2022-07-07,11250,11250,11000,11150,1501,-0.008888888888888835
2022-07-08,11150,11250,11050,11250,572,0.008968609865470878
2022-07-11,11100,11300,11000,11200,112,-0.004444444444444473
2022-07-12,11050,11250,10800,11050,872,-0.013392857142857095
2022-07-13,11050,11150,10750,11150,1149,0.009049773755656076
2022-07-14,11100,11250,11000,11200,1317,0.004484304932735439
2022-07-15,10900,11200,10850,11100,2213,-0.008928571428571397
2022-07-18,10950,11200,10950,11150,1448,0.0045045045045044585
2022-07-19,11150,11200,11000,11150,312,0.0
2022-07-20,11100,11100,10950,11050,4356,-0.008968609865470878
2022-07-21,11050,11050,10950,11000,2435,-0.004524886877828038
2022-07-22,11000,11200,10900,11150,3269,0.013636363636363669
2022-07-25,11250,11300,11050,11200,1014,0.004484304932735439
2022-07-26,11250,11250,10900,11050,5202,-0.013392857142857095
2022-07-27,10900,11000,10600,10650,6107,-0.03619909502262442
2022-07-28,10700,10750,10500,10750,2635,0.009389671361502261
2022-07-29,10750,10850,10700,10800,1273,0.0046511627906977715
2022-08-01,10650,10850,10600,10750,2471,-0.00462962962962965
2022-08-02,10650,10750,10000,10500,9341,-0.023255813953488413
2022-08-03,10400,10550,10250,10450,4158,-0.004761904761904745
2022-08-04,10450,10750,10400,10700,3391,0.02392344497607657
2022-08-05,10750,10800,10550,10600,353,-0.009345794392523366
2022-08-08,10600,10700,10450,10500,855,-0.009433962264150941
2022-08-09,10600,10700,10400,10700,3588,0.01904761904761898
2022-08-10,10700,10700,10350,10650,1231,-0.004672897196261627
2022-08-11,10650,10850,10550,10850,1635,0.018779342723004744
2022-08-12,10900,10900,10700,10800,390,-0.004608294930875556
2022-08-16,10750,10900,10700,10900,1129,0.0092592592592593
2022-08-17,10950,11150,10750,11100,3107,0.0183486238532109
2022-08-18,11150,11200,10550,11050,1396,-0.0045045045045044585
2022-08-19,11000,11000,10750,10950,976,-0.009049773755656076
2022-08-22,10900,11100,10650,11000,1433,0.004566210045662045
2022-08-23,11350,11350,11000,11250,6512,0.022727272727272707
2022-08-24,11250,11250,10950,11100,3095,-0.013333333333333308
2022-08-25,11100,11100,10850,11050,3575,-0.0045045045045044585
2022-08-26,11000,11150,10900,10950,3234,-0.009049773755656076
2022-08-29,10950,10950,10650,10900,1450,-0.004566210045662156
2022-08-30,10700,11100,10700,11100,7642,0.0183486238532109
2022-08-31,11350,11350,10900,11000,968,-0.009009009009009028
2022-09-01,11100,11100,10700,10900,4162,-0.009090909090909038
2022-09-02,10850,10900,10650,10750,4000,-0.013761467889908285
2022-09-05,10550,10750,10550,10700,1612,-0.0046511627906976605
2022-09-06,10500,10700,10450,10650,1651,-0.004672897196261627
2022-09-07,10700,10700,10400,10500,4698,-0.014084507042253502
2022-09-08,10500,10550,10450,10500,772,0.0
2022-09-13,10500,10650,10450,10450,1691,-0.004761904761904745
2022-09-14,10500,10500,10250,10250,4491,-0.019138755980861233
2022-09-15,10250,10350,10150,10150,2106,-0.009756097560975618
2022-09-16,10300,10300,10100,10200,1132,0.0049261083743843415
2022-09-19,10300,10300,10100,10200,3248,0.0
2022-09-20,10350,10350,10150,10200,169,0.0
2022-09-21,10250,10300,10150,10250,1106,0.004901960784313708
2022-09-22,10150,10300,9980,10050,5942,-0.019512195121951237
2022-09-23,10150,10200,9970,10150,5838,0.00995024875621886
2022-09-26,10150,10150,9800,10150,13759,0.0
2022-09-27,9990,10200,9860,10100,6411,-0.0049261083743842304
2022-09-28,10100,10100,9420,9980,6367,-0.011881188118811892
2022-09-29,9880,10250,9830,10150,18646,0.017034068136272618
2022-09-30,10000,10150,9950,9990,360,-0.015763546798029604
2022-10-04,9910,10100,9910,10000,628,0.0010010010010010895
2022-10-05,10150,10150,9750,9750,3940,-0.025000000000000022
2022-10-06,9940,9990,9850,9910,1649,0.016410256410256396
2022-10-07,9990,10050,9880,10050,13351,0.01412714429868811
2022-10-11,10050,10050,9610,9910,4220,-0.013930348258706426
2022-10-12,9910,10100,9870,10050,6235,0.01412714429868811
2022-10-13,10050,10050,9780,9920,8675,-0.012935323383084563
2022-10-14,9940,10050,9810,9920,17878,0.0
2022-10-17,9920,9990,9830,9880,6110,-0.0040322580645161255
2022-10-18,9970,10000,9830,9890,6977,0.0010121457489877805
2022-10-19,9980,10000,9820,9970,4322,0.008088978766430666
2022-10-20,9940,9980,9930,9970,7314,0.0
2022-10-21,9980,9980,9910,9970,4182,0.0
2022-10-24,9980,9980,9730,9910,4958,-0.006018054162487463
2022-10-25,10050,10050,9740,9740,6866,-0.017154389505549927
2022-10-26,9900,9930,9750,9840,7400,0.010266940451745477
2022-10-27,9820,9980,9760,9830,2173,-0.00101626016260159
2022-10-28,10050,10050,9850,9990,368,0.016276703967446515
2022-10-31,10150,10150,9930,9950,1398,-0.004004004004004025
2022-11-01,10000,10150,9850,9850,6318,-0.01005025125628145
2022-11-02,9850,10100,9770,9930,3042,0.008121827411167404
2022-11-03,9910,9950,9910,9950,221,0.002014098690835908
2022-11-04,9890,9980,9850,9950,1772,0.0
2022-11-07,9950,10100,9850,9860,543,-0.009045226130653283
2022-11-08,10200,10200,9850,9880,3464,0.0020283975659229903
2022-11-09,10000,10050,9850,9850,2146,-0.0030364372469635637
2022-11-10,9800,9920,9800,9800,3043,-0.005076142131979711
2022-11-11,9840,10150,9800,9980,29896,0.01836734693877551
2022-11-14,9980,9990,9980,9980,808,0.0
2022-11-15,10050,10300,9880,9880,1357,-0.01002004008016033
2022-11-16,9880,10300,9880,10000,3745,0.012145748987854255
2022-11-17,10000,10250,9950,9950,1671,-0.0050000000000000044
2022-11-18,10100,10100,9900,9900,1182,-0.005025125628140725
2022-11-21,9900,9930,9800,9800,2065,-0.010101010101010055
2022-11-22,9720,9870,9720,9870,110315,0.0071428571428571175
2022-11-23,9810,9900,9750,9770,2454,-0.010131712259371817
2022-11-24,9710,9850,9710,9810,818,0.004094165813715467
2022-11-25,10250,10250,9910,9920,2590,0.011213047910295648
2022-11-28,9880,9970,9850,9920,404,0.0
2022-11-29,9920,10250,9910,10050,600,0.013104838709677491
2022-11-30,10050,10200,9950,10150,1573,0.00995024875621886
2022-12-01,10100,10100,9540,9880,4545,-0.026600985221674867
2022-12-02,9730,10200,9730,9820,1431,-0.006072874493927127
2022-12-05,9820,9970,9800,9850,996,0.003054989816700715
2022-12-06,9800,9860,9730,9730,1176,-0.012182741116751217
2022-12-07,9810,9920,9710,9920,56144,0.019527235354573458
2022-12-08,9850,9920,9850,9910,4892,-0.0010080645161290036
2022-12-09,9980,10000,9890,10000,4387,0.00908173562058523
2022-12-12,10000,10200,9890,9890,2887,-0.01100000000000001
2022-12-13,9890,10000,9820,9970,1180,0.008088978766430666
2022-12-14,9910,9980,9840,9950,3037,-0.0020060180541624506
2022-12-15,9870,9980,9860,9960,418,0.0010050251256281673
2022-12-16,9960,9960,9760,9830,2593,-0.013052208835341417
2022-12-19,9840,9860,9760,9810,998,-0.0020345879959308144
2022-12-20,9800,9800,9750,9800,614,-0.0010193679918450993
2022-12-21,9730,9790,9710,9780,544,-0.0020408163265306367
2022-12-22,9730,9880,9700,9810,1623,0.0030674846625766694
2022-12-23,9910,9980,9580,9640,4078,-0.01732925586136591
2022-12-26,9540,9780,9540,9780,2272,0.014522821576763434
2022-12-27,9890,9900,9730,9900,1200,0.012269938650306678
2022-12-28,9860,9950,9640,9830,1216,-0.007070707070707116
2022-12-29,9810,9910,9710,9820,916,-0.0010172939979654627
2023-01-02,10000,10000,9730,9910,394,0.009164969450101923
2023-01-03,9980,9980,9930,9950,244,0.004036326942482349
2023-01-04,9940,10000,9750,9750,513,-0.02010050251256279
2023-01-05,9760,9960,9720,9740,219,-0.0010256410256410664
2023-01-06,9730,9800,9650,9650,837,-0.00924024640657084
2023-01-09,9630,9760,9500,9500,1612,-0.015544041450777257
2023-01-10,9430,9510,9400,9500,1755,0.0
2023-01-11,9550,9640,9510,9590,1583,0.0094736842105263
2023-01-12,9590,9600,9560,9560,106,-0.0031282586027111536
2023-01-13,9670,11700,9610,10300,214964,0.07740585774058584
2023-01-16,10400,10400,10150,10150,18055,-0.014563106796116498
2023-01-17,10200,10400,9910,10050,5595,-0.009852216748768461
2023-01-18,9970,10300,9860,10250,10427,0.01990049751243772
2023-01-19,10150,10200,9910,9950,2984,-0.029268292682926855
2023-01-20,9950,10000,9910,9960,4615,0.0010050251256281673
2023-01-25,9930,10050,9510,9980,8901,0.002008032128514081
2023-01-26,10010,10150,9810,10030,10121,0.005010020040080221
2023-01-27,10150,10150,9970,9970,1651,-0.005982053838484491
2023-01-30,10300,10300,9800,9940,1684,-0.0030090270812437314
2023-01-31,10040,10040,9860,9960,1813,0.002012072434607548
2023-02-01,10000,10000,9810,9850,1120,-0.011044176706827336
2023-02-02,9940,10080,9900,10040,5956,0.019289340101522834
2023-02-03,10250,10250,9860,9940,1358,-0.009960159362549792
2023-02-06,10210,10210,9860,10100,2118,0.016096579476861272
2023-02-07,10020,10180,9950,10140,281,0.003960396039603964
2023-02-08,10210,10240,10040,10130,695,-0.0009861932938856066
2023-02-09,10050,10190,9930,10050,2961,-0.007897334649555776
2023-02-10,10050,10190,9380,9750,8719,-0.02985074626865669
2023-02-13,9700,9980,9670,9800,10774,0.00512820512820511
2023-02-14,10180,10180,9790,9850,191,0.005102040816326481
2023-02-15,9740,9930,9690,9720,2123,-0.013197969543147225
2023-02-16,9670,10100,9660,9660,891,-0.006172839506172867
2023-02-17,9660,9910,9660,9900,1687,0.024844720496894457
2023-02-20,9820,10200,9820,10030,6057,0.013131313131313105
2023-02-21,10030,10100,9900,9940,1743,-0.008973080757726848
2023-02-22,10080,10080,9830,9890,3298,-0.005030181086519092
2023-02-23,9880,10180,9810,10160,554,0.027300303336703635
2023-02-24,10240,10240,9830,9830,2155,-0.032480314960629975
2023-02-27,9800,9910,9770,9820,3143,-0.0010172939979654627
2023-02-28,9790,10090,9650,9650,8572,-0.01731160896130346
2023-03-02,9730,9780,9560,9650,16488,0.0
2023-03-03,9670,9970,9660,9660,167,0.0010362694300518616
2023-03-06,9800,9980,9580,9590,4205,-0.007246376811594235
2023-03-07,9590,9770,9560,9700,21531,0.011470281543274341
2023-03-08,9700,9700,9580,9680,1978,-0.0020618556701030855
2023-03-09,9610,9780,9570,9700,785,0.0020661157024792765
2023-03-10,9680,9700,9600,9600,1323,-0.010309278350515427
2023-03-13,9790,10350,9400,9870,6302,0.028124999999999956
2023-03-14,9780,9990,9600,9650,4034,-0.02228976697061802
2023-03-15,9670,9750,9630,9660,3652,0.0010362694300518616
2023-03-16,9910,9940,9660,9730,1695,0.007246376811594235
2023-03-17,9780,9990,9780,9930,410,0.020554984583761593
2023-03-20,9940,10000,9810,9820,2182,-0.011077542799597162
2023-03-21,9750,10000,9620,9820,1382,0.0
2023-03-22,9820,9940,9780,9880,1054,0.006109979633401208
2023-03-23,9960,10000,9800,9820,2912,-0.006072874493927127
2023-03-24,9880,9960,9780,9780,1933,-0.004073319755600768
2023-03-27,9780,9880,9710,9720,5991,-0.006134969325153339
2023-03-28,9720,9890,9630,9630,3136,-0.0092592592592593
2023-03-29,9580,9780,9580,9590,6710,-0.004153686396677014
2023-03-30,9980,9980,9680,9770,3394,0.018769551616266922
2023-03-31,9730,9930,9730,9780,2169,0.0010235414534287557
2023-04-03,9950,9950,9730,9740,1352,-0.004089979550102263
2023-04-04,9660,9920,9640,9820,3213,0.008213552361396204
2023-04-05,9820,9970,9620,9750,5147,-0.007128309572301372
2023-04-06,9750,9950,9750,9890,1026,0.014358974358974264
2023-04-07,9970,9980,9780,9890,1496,0.0
2023-04-10,9890,9890,9600,9600,2804,-0.029322548028311468
2023-04-11,9650,9880,9650,9730,5641,0.013541666666666563
2023-04-12,9690,9860,9690,9730,6290,0.0
2023-04-13,9920,9920,9680,9720,642,-0.0010277492291880241
2023-04-14,9720,9770,9660,9670,3242,-0.005144032921810648
2023-04-17,9810,9870,9660,9700,3093,0.0031023784901758056
2023-04-18,9840,9880,9700,9710,4603,0.0010309278350515427
2023-04-19,9840,9850,9650,9670,4200,-0.004119464469618972
2023-04-20,9630,9790,9620,9740,712,0.007238883143743546
2023-04-21,9710,9750,9620,9620,722,-0.012320328542094416
2023-04-24,9850,9850,9610,9630,380,0.0010395010395010118
2023-04-25,9590,9750,9550,9680,1644,0.005192107995846351
2023-04-26,9600,9660,9330,9400,5784,-0.02892561983471076
2023-04-27,9600,9620,9390,9600,2640,0.02127659574468077
2023-04-28,9650,9650,9510,9590,1878,-0.0010416666666667185
2023-05-02,9440,9560,9420,9510,1599,-0.008342022940563076
2023-05-03,9590,9590,9370,9370,1437,-0.014721345951629883
2023-05-04,9490,9490,9380,9380,1707,0.0010672358591248265
2023-05-08,9570,9760,9330,9480,3428,0.010660980810234477
2023-05-09,9620,9750,9540,9540,6705,0.006329113924050667
2023-05-10,9800,9800,9660,9690,57,0.01572327044025168
2023-05-11,9770,9770,9400,9430,2246,-0.026831785345717285
2023-05-12,9430,9670,9400,9400,551,-0.0031813361611876534
2023-05-15,9410,9660,9360,9390,745,-0.0010638297872340718
2023-05-16,9390,9720,9380,9380,521,-0.0010649627263046302
2023-05-17,9390,9620,9350,9390,4545,0.0010660980810235365
2023-05-18,9440,9590,9350,9390,488,0.0
2023-05-19,9390,9630,9310,9380,3988,-0.0010649627263046302
2023-05-22,9450,9680,9370,9520,3934,0.014925373134328401
2023-05-23,9720,10000,9530,9730,4251,0.022058823529411686
2023-05-24,9700,9850,9700,9850,2272,0.012332990750256956
2023-05-25,9780,9880,9770,9840,2056,-0.0010152284263958977
2023-05-26,9890,9920,9840,9850,4382,0.00101626016260159
2023-05-30,9850,10040,9750,10030,24503,0.018274111675126825
2023-05-31,10030,10400,9970,10150,15652,0.011964107676968982
2023-06-01,10040,10170,9510,10110,9943,-0.003940886699507429
2023-06-02,10000,10180,10000,10180,2046,0.006923837784371889
2023-06-05,10090,10450,9970,10330,11541,0.014734774066797574
2023-06-07,10280,10810,10230,10780,23862,0.04356243949661187
2023-06-08,10730,11080,10680,11000,24508,0.020408163265306145
2023-06-09,11000,11580,10920,11400,45985,0.036363636363636376
2023-06-12,11340,11580,11340,11460,8590,0.0052631578947368585
2023-06-13,11620,11620,11350,11350,16003,-0.009598603839441555
2023-06-14,11350,11500,11320,11320,8990,-0.002643171806167355
2023-06-15,11360,11590,11330,11530,15201,0.018551236749116518
2023-06-16,11530,11570,11400,11530,12598,0.0
2023-06-19,11500,12040,11500,12000,49827,0.040763226366001826
2023-06-20,12000,12440,12000,12350,30781,0.029166666666666563
2023-06-21,12290,12430,12200,12350,15382,0.0
2023-06-22,12400,12500,12300,12370,27914,0.0016194331983805377
2023-06-23,12380,12400,11930,12340,19404,-0.0024252223120452276
2023-06-26,12050,15300,12050,14500,336602,0.17504051863857373
2023-06-27,14490,15100,13300,13300,98188,-0.08275862068965523
2023-06-28,13220,13850,13200,13640,48717,0.02556390977443601
2023-06-29,13500,13500,12040,13000,93572,-0.04692082111436946
2023-06-30,12840,14000,12730,13850,53642,0.06538461538461537
2023-07-03,13930,14800,13910,14500,72143,0.04693140794223827
2023-07-04,14900,15050,14280,14820,77806,0.022068965517241468
2023-07-05,14750,14900,14360,14620,14862,-0.013495276653171406
2023-07-06,14620,14800,14430,14520,26837,-0.0068399452804377425
2023-07-07,14940,14940,14240,14610,19985,0.006198347107438051
2023-07-10,14850,14870,14200,14450,39321,-0.010951403148528382
2023-07-11,14800,14800,13710,14290,21787,-0.01107266435986154
2023-07-12,14550,14550,13880,14140,19638,-0.01049685094471664
2023-07-13,14140,14600,14040,14310,30144,0.012022630834511938
2023-07-14,14180,14490,13930,14130,20732,-0.012578616352201255
2023-07-17,13720,13950,11230,13540,83907,-0.04175513092710548
2023-07-18,13560,13970,13000,13480,16109,-0.004431314623338234
2023-07-19,13050,13480,12700,12810,12027,-0.04970326409495551
2023-07-20,13140,13140,12350,12350,14720,-0.03590944574551136
2023-07-21,12210,12900,12210,12750,11682,0.03238866396761142
2023-07-24,12720,12720,11810,12190,26840,-0.043921568627451
2023-07-25,12190,12190,11360,11600,36520,-0.048400328137817916
2023-07-26,12000,12020,11000,11270,28241,-0.028448275862068995
2023-07-27,10810,12000,10810,11330,25003,0.0053238686779060185
2023-07-28,11330,11730,11020,11300,10824,-0.0026478375992938785
2023-07-31,11360,12400,11000,11790,30686,0.04336283185840717
2023-08-01,11510,12380,11510,11980,11030,0.016115351993214677
2023-08-02,11980,12180,11450,11450,18447,-0.04424040066777968
2023-08-03,11450,12000,11200,11520,26572,0.006113537117903967
2023-08-04,11190,13440,11190,13040,84163,0.13194444444444442
2023-08-07,13040,14400,13040,13750,65564,0.05444785276073616
2023-08-08,13750,14250,13600,13660,56742,-0.006545454545454521
2023-08-09,13600,13990,12800,13150,77931,-0.03733528550512444
2023-08-10,13220,13500,12830,12880,23961,-0.020532319391635023
2023-08-11,12860,13310,12500,13100,25514,0.017080745341614856
2023-08-14,12970,13190,12310,12700,23015,-0.03053435114503822
2023-08-16,12700,13040,12440,12470,12077,-0.018110236220472475
2023-08-17,13000,13010,11720,12000,23337,-0.03769045709703289
2023-08-18,12080,12190,11540,11700,15605,-0.025000000000000022
2023-08-21,11770,12300,11580,12020,39737,0.027350427350427253
2023-08-22,11920,11920,11570,11790,10278,-0.019134775374376023
2023-08-23,11790,11900,11570,11570,6966,-0.018659881255301047
2023-08-24,11570,12090,11310,11500,25804,-0.006050129645635227
2023-08-25,11400,13700,11400,13190,215430,0.14695652173913043
2023-08-28,14000,14000,12610,12690,69643,-0.037907505686125886
2023-08-29,12670,12960,12070,12290,47877,-0.03152088258471242
2023-08-30,12680,12680,11670,11960,40346,-0.026851098454027666
2023-08-31,11960,12100,11750,11820,24510,-0.01170568561872909
2023-09-01,12260,12260,11610,11740,32719,-0.006768189509306244
2023-09-04,11700,12650,11700,12100,34869,0.030664395229982988
2023-09-05,12010,12610,11810,12200,25714,0.008264462809917328
2023-09-06,12140,13140,12140,12980,44338,0.06393442622950829
2023-09-07,13100,13450,12660,12700,45670,-0.02157164869029271
2023-09-08,12930,12930,12110,12110,39799,-0.04645669291338583
2023-09-11,12110,12990,12110,12840,37183,0.06028075970272506
2023-09-12,12640,13310,12640,12850,37127,0.0007788161993769194
2023-09-13,12850,12940,12170,12330,41349,-0.04046692607003888
2023-09-14,12110,12510,11900,12050,39808,-0.02270884022708841
2023-09-15,12250,12250,11700,11860,19326,-0.01576763485477184
2023-09-18,11860,11860,11490,11740,20210,-0.010118043844856706
2023-09-19,11750,11880,11610,11610,25147,-0.011073253833049357
2023-09-20,12100,12100,11350,11550,42813,-0.0051679586563307955
2023-09-21,11570,11710,11200,11290,11451,-0.02251082251082248
2023-09-22,11200,11420,10650,11070,29111,-0.019486271036315284
2023-09-25,10760,10760,10050,10050,31305,-0.09214092140921404
2023-09-26,10050,10180,9230,9830,56953,-0.02189054726368156
2023-09-27,9840,10280,9830,10280,28789,0.04577822990844349
2023-10-04,10280,10420,9680,9940,38018,-0.03307392996108949
2023-10-05,10000,10150,9790,10000,13712,0.006036217303822866
2023-10-06,9910,10190,9860,10080,9276,0.008000000000000007
2023-10-10,10150,10150,9710,9920,13968,-0.015873015873015928
2023-10-11,9940,10900,9940,10720,27133,0.08064516129032251
2023-10-12,10720,11890,10650,11430,60635,0.06623134328358216
2023-10-13,11440,11570,10600,10610,36703,-0.07174103237095364
2023-10-16,10510,10520,10100,10110,10220,-0.047125353440150786
2023-10-17,10120,10640,10120,10480,15091,0.03659742828882284
2023-10-18,10700,10840,10130,10450,12463,-0.002862595419847347
2023-10-19,10110,10600,9910,10240,15118,-0.020095693779904278
2023-10-20,10240,10240,9710,9750,17316,-0.0478515625
2023-10-23,9740,9740,9430,9620,12494,-0.013333333333333308
2023-10-24,9710,10070,9540,10000,8210,0.03950103950103956
2023-10-25,9910,10380,9800,9920,14171,-0.008000000000000007
2023-10-26,9800,9910,9280,9460,41045,-0.0463709677419355
2023-10-27,9570,10060,9470,9510,36320,0.005285412262156397
2023-10-30,9840,9840,8820,9060,54293,-0.04731861198738174
2023-10-31,9080,9740,9080,9380,49528,0.03532008830022071
2023-11-01,9250,10190,9250,10110,56697,0.07782515991471217
2023-11-02,10160,11000,10160,10800,57757,0.06824925816023741
2023-11-03,10800,11320,10430,10950,87332,0.01388888888888884
2023-11-06,11170,12280,11170,11470,134205,0.0474885844748858
2023-11-07,11470,12000,11370,11700,58686,0.02005231037489108
2023-11-08,12000,12000,11210,11310,41330,-0.033333333333333326
2023-11-09,11310,11490,11200,11490,16709,0.01591511936339529
2023-11-10,11270,11490,10940,11300,33558,-0.01653611836379465
2023-11-13,13590,13940,11480,11500,489394,0.017699115044247815
2023-11-14,11240,12990,10760,12440,135173,0.08173913043478254
2023-11-15,14200,15280,11770,11930,413614,-0.04099678456591638
2023-11-16,12100,12410,11850,12100,70761,0.014249790444258226
2023-11-17,12000,12100,11640,11760,30027,-0.028099173553719048
2023-11-20,11500,11980,11500,11700,20590,-0.005102040816326481
2023-11-21,11680,12260,11520,12200,32715,0.042735042735042805
2023-11-22,12020,12590,12020,12120,21244,-0.006557377049180357
2023-11-23,12150,12900,12150,12660,38728,0.044554455445544594
2023-11-24,12600,14580,11940,12430,242431,-0.018167456556082096
2023-11-27,12430,12710,12080,12300,22264,-0.01045856798069189
2023-11-28,12190,12190,11740,11910,27516,-0.03170731707317076
2023-11-29,11900,12140,11500,11950,17099,0.0033585222502099388
2023-11-30,11850,12090,11840,11990,16548,0.0033472803347280866
2023-12-01,12170,12400,11700,12200,19888,0.017514595496246788
2023-12-04,12630,12630,11730,12080,20219,-0.00983606557377048
2023-12-05,11900,12750,11900,12370,87429,0.024006622516556275
2023-12-06,12340,12700,12310,12350,44358,-0.0016168148746968924
2023-12-07,12480,12500,11730,11890,83568,-0.03724696356275303
2023-12-08,12170,12170,11650,12010,79499,0.010092514718250678
2023-12-11,11800,12000,11530,11690,51443,-0.026644462947543746
2023-12-12,11550,11640,11350,11630,30930,-0.0051325919589392255
2023-12-13,11630,12300,11440,11920,30243,0.024935511607910632
2023-12-14,12180,12180,11490,11620,37304,-0.025167785234899376
2023-12-15,11700,11700,11260,11270,34338,-0.030120481927710885
2023-12-18,11270,11390,10600,10700,45934,-0.05057675244010651
2023-12-19,10890,10890,10220,10360,62008,-0.03177570093457949
2023-12-20,10380,10550,9870,9990,75401,-0.0357142857142857
2023-12-21,9900,10050,9760,9850,43508,-0.014014014014014031
2023-12-22,10050,10050,9320,9370,69060,-0.04873096446700509
2023-12-26,9500,9500,9060,9350,154312,-0.002134471718249764
2023-12-27,9100,9320,8990,9250,67493,-0.010695187165775444
2023-12-28,9210,9740,8910,9070,246277,-0.019459459459459483
2024-01-02,9070,9850,8950,9240,203365,0.018743109151047488
2024-01-03,9240,9590,9130,9440,47870,0.02164502164502169
2024-01-04,9650,9650,9060,9420,33845,-0.0021186440677966045
2024-01-05,9420,9670,9300,9670,35214,0.026539278131634925
2024-01-08,9700,9970,9630,9840,41005,0.0175801447776629
2024-01-09,10090,10090,9630,9980,37849,0.014227642276422703
2024-01-10,9720,9980,9710,9840,13991,-0.014028056112224463
2024-01-11,9840,9880,9650,9820,21258,-0.002032520325203291
2024-01-12,9880,9880,9620,9800,18006,-0.0020366598778004397
2024-01-15,9790,9790,9300,9320,36891,-0.048979591836734726
2024-01-16,9380,9590,9230,9440,42864,0.012875536480686733
2024-01-17,9500,9530,9120,9280,10067,-0.016949152542372836
2024-01-18,9200,9370,9200,9280,8584,0.0
2024-01-19,9280,9380,9180,9250,17963,-0.003232758620689613
2024-01-22,9250,9390,9100,9250,12321,0.0
2024-01-23,9250,9370,9130,9260,18712,0.00108108108108107
2024-01-24,9370,9890,9340,9680,90097,0.04535637149028071
2024-01-25,9680,10700,9460,10540,149840,0.08884297520661155
2024-01-26,10390,11000,10130,10400,59025,-0.013282732447817858
2024-01-29,10400,10820,9980,10150,34255,-0.024038461538461564
2024-01-30,10200,10550,9770,10080,46594,-0.006896551724137945
2024-01-31,10250,10250,9840,9900,33570,-0.017857142857142905
2024-02-01,10250,10250,9720,9990,16602,0.009090909090909038
2024-02-02,9900,10000,9830,9940,7853,-0.005005005005005003
2024-02-05,9990,10190,9780,9910,25032,-0.003018108651911433
2024-02-06,9910,10200,9870,10000,38217,0.00908173562058523
2024-02-07,9970,10190,9880,9950,18370,-0.0050000000000000044
2024-02-08,10100,10100,9920,10020,30212,0.007035175879396949
2024-02-13,10000,10100,9550,9570,50741,-0.04491017964071853
2024-02-14,9580,10040,9540,9980,50399,0.0428422152560084
2024-02-15,10050,10090,9780,9950,9468,-0.0030060120240480437
2024-02-16,9980,9980,9720,9770,15037,-0.018090452261306567
2024-02-19,9770,10000,9650,9800,29622,0.003070624360286489
2024-02-20,9850,10090,9760,9800,53939,0.0
2024-02-21,9800,10020,9750,9900,18452,0.010204081632652962
2024-02-22,9900,10080,9690,9770,26008,-0.013131313131313105
2024-02-23,9720,9860,9650,9760,22416,-0.0010235414534288667
2024-02-26,9760,9950,9660,9720,26616,-0.004098360655737654
2024-02-27,9880,10040,9750,9980,36728,0.026748971193415683
2024-02-28,9960,10040,9620,9700,32039,-0.028056112224448926
2024-02-29,9700,9810,9300,9350,91169,-0.03608247422680411
2024-03-04,9250,9270,8510,8890,110937,-0.04919786096256684
2024-03-05,8960,9080,8870,8910,50709,0.0022497187851517886
2024-03-06,8890,9180,8770,8860,33320,-0.0056116722783389195
2024-03-07,9000,9000,8490,8490,72387,-0.04176072234762984
2024-03-08,8520,8840,8260,8550,65912,0.007067137809187329
2024-03-11,8550,8910,8440,8640,59505,0.010526315789473717
2024-03-12,8640,8810,8310,8360,51438,-0.03240740740740744
2024-03-13,8540,9300,8320,9020,70062,0.07894736842105265
2024-03-14,9100,9110,8760,8990,37981,-0.003325942350332567
2024-03-15,8900,9190,8800,8980,35799,-0.0011123470522803602
2024-03-18,8980,8980,8500,8570,33760,-0.04565701559020041
2024-03-19,8570,8600,8320,8440,27527,-0.01516919486581092
2024-03-20,8460,8790,8240,8310,39140,-0.0154028436018957
2024-03-21,8400,8490,8190,8260,15146,-0.006016847172081841
2024-03-22,8440,8440,8190,8300,18495,0.004842615012106588
2024-03-25,8380,8420,8260,8270,17391,-0.0036144578313253017
2024-03-26,8280,8580,8280,8370,51061,0.012091898428053138
2024-03-27,8400,8470,8190,8210,18712,-0.019115890083632014
2024-03-28,8290,8540,8200,8330,29773,0.014616321559074219
2024-03-29,8200,8380,8190,8260,16351,-0.008403361344537785
2024-04-01,8210,8390,8200,8380,15596,0.014527845036319542
2024-04-02,8340,8370,8200,8300,21792,-0.009546539379474916
2024-04-03,8300,8300,8190,8280,7418,-0.002409638554216831
2024-04-04,8400,8400,8180,8210,11637,-0.008454106280193274
2024-04-05,8210,8270,8170,8260,10800,0.006090133982947554
2024-04-08,8260,8300,7940,8070,17871,-0.02300242130750607
2024-04-09,8100,8180,7830,7990,20923,-0.009913258983890949
2024-04-11,7990,8180,7700,7700,29419,-0.03629536921151444
2024-04-12,7900,7920,7410,7410,21728,-0.03766233766233762
2024-04-15,7220,7690,7140,7480,20096,0.009446693657219951
2024-04-16,7400,7400,7200,7330,12784,-0.020053475935828846
2024-04-17,7600,7600,7030,7030,26986,-0.04092769440654842
2024-04-18,7140,7910,6910,7400,105866,0.05263157894736836
2024-04-19,7490,7700,7140,7180,38973,-0.02972972972972976
2024-04-22,7470,7470,7090,7220,26433,0.0055710306406684396
2024-04-23,7300,7350,7150,7160,23117,-0.008310249307479256
2024-04-24,7160,7190,6970,7040,53772,-0.016759776536312887
2024-04-25,7120,7120,6920,6950,21189,-0.01278409090909094
2024-04-26,6990,6990,6600,6750,39976,-0.02877697841726623
2024-04-29,6800,6950,6690,6830,52976,0.01185185185185178
2024-04-30,6840,6940,6740,6740,27881,-0.013177159590043952
2024-05-02,6750,6750,6470,6580,53757,-0.023738872403560873
2024-05-03,6580,6660,6400,6450,33638,-0.019756838905775065
2024-05-07,6500,6630,6280,6610,116948,0.024806201550387597
2024-05-08,6640,6760,6590,6710,16666,0.015128593040847127
2024-05-09,6950,8250,6870,7540,706299,0.1236959761549925
2024-05-10,7410,7600,7270,7490,60759,-0.006631299734747964
2024-05-13,7490,7560,7280,7400,67872,-0.012016021361815787
2024-05-14,7530,7530,7220,7360,23284,-0.00540540540540535
2024-05-16,7330,7360,7150,7230,19657,-0.017663043478260865
2024-05-17,7230,7250,7110,7120,12510,-0.015214384508990264
2024-05-20,7230,7230,6980,7000,16104,-0.016853932584269704
2024-05-21,7000,7040,6900,6910,17370,-0.0128571428571429
2024-05-22,6920,7040,6760,7030,28099,0.01736613603473236
2024-05-23,7000,7750,7000,7650,92224,0.08819345661450928
2024-05-24,7510,8950,7510,8750,380465,0.14379084967320255
2024-05-27,8430,8750,8300,8330,77011,-0.04800000000000004
2024-05-28,8270,8420,8060,8150,23838,-0.021608643457383003
2024-05-29,8150,8960,8020,8050,50441,-0.012269938650306789
2024-05-30,7970,8300,7600,7800,25435,-0.03105590062111796
2024-05-31,7850,8080,7760,7900,28750,0.012820512820512775
2024-06-03,7660,8050,7660,7900,22236,0.0
2024-06-04,7730,8200,7650,7800,31202,-0.012658227848101222
2024-06-05,7800,7990,7630,7630,14651,-0.02179487179487183
2024-06-07,7880,7980,7200,7700,53187,0.00917431192660545
2024-06-10,7610,8000,7610,7690,10593,-0.0012987012987012436
2024-06-11,7630,7950,7420,7650,28622,-0.005201560468140465
2024-06-12,7640,7780,7350,7530,15072,-0.015686274509803977
2024-06-13,7640,7640,7390,7520,12146,-0.0013280212483399723
2024-06-14,7520,7600,7210,7540,21555,0.0026595744680850686
2024-06-17,7590,7630,7090,7230,13697,-0.04111405835543769
2024-06-18,7170,7290,7110,7160,9288,-0.009681881051175623
2024-06-19,7080,7310,7030,7170,19032,0.0013966480446927498
2024-06-20,7170,7290,7020,7240,6618,0.009762900976290068
2024-06-21,7210,7510,7070,7510,10576,0.037292817679557944
2024-06-24,7510,7510,7130,7270,9709,-0.031957390146471365
2024-06-25,7060,7680,7060,7350,24619,0.011004126547455195
2024-06-26,7330,7950,7310,7800,52065,0.061224489795918435
2024-06-27,7900,7900,7350,7430,25199,-0.04743589743589749
2024-06-28,7330,7850,7290,7610,14900,0.024226110363391617
2024-07-01,7610,7690,7290,7460,6668,-0.019710906701708275
2024-07-02,7460,7870,7460,7600,20345,0.018766756032171594
2024-07-03,7580,7640,7350,7370,8023,-0.03026315789473688
2024-07-04,7300,7640,7290,7400,5552,0.004070556309362372
2024-07-05,7500,7510,7100,7150,12793,-0.03378378378378377
2024-07-08,7160,7290,7020,7030,11938,-0.016783216783216814
2024-07-09,7110,7490,6910,6950,18889,-0.011379800853485111
2024-07-10,6950,7120,6950,6960,5765,0.0014388489208632116
2024-07-11,6960,7190,6870,6950,9325,-0.001436781609195359
2024-07-12,6940,6940,6830,6830,4077,-0.01726618705035976
2024-07-15,6990,6990,6830,6910,3403,0.01171303074670571
2024-07-16,7190,7310,6830,6910,17993,0.0
2024-07-17,6910,6960,6820,6830,8679,-0.01157742402315487
2024-07-18,6770,6870,6610,6720,6340,-0.016105417276720324
2024-07-19,6720,6910,6570,6680,11431,-0.005952380952380931
2024-07-22,6620,6730,6500,6530,10051,-0.022455089820359264
2024-07-23,6540,6730,6440,6600,8063,0.010719754977029039
2024-07-24,6540,6950,6500,6760,19309,0.024242424242424176
2024-07-25,6700,6860,6480,6740,18654,-0.00295857988165682
2024-07-26,6740,7060,6720,6980,21999,0.035608308605341144
2024-07-29,6990,7130,6780,6780,14300,-0.028653295128939882
2024-07-30,6780,6990,6750,6750,5390,-0.004424778761061954
2024-07-31,6940,6950,6700,6720,1531,-0.004444444444444473
2024-08-01,6890,6950,6610,6790,2930,0.01041666666666674
2024-08-02,6940,6940,6490,6690,8712,-0.014727540500736325
2024-08-05,6690,6690,5900,6100,14255,-0.08819133034379667
2024-08-06,6290,6400,5930,6270,18455,0.02786885245901649
2024-08-07,6270,6270,5850,6160,52022,-0.01754385964912286
2024-08-08,6100,6130,5740,5900,41398,-0.04220779220779225
2024-08-09,5870,6000,5710,5710,26311,-0.03220338983050852
2024-08-12,5710,6850,5710,5870,121491,0.028021015761821255
2024-08-13,5980,6280,5900,5910,30374,0.006814310051107331
2024-08-14,5910,6180,5910,6130,15109,0.0372250423011844
2024-08-16,6130,6290,5710,5800,32293,-0.0538336052202284
2024-08-19,5810,5880,5740,5800,6286,0.0
2024-08-20,5880,5890,5740,5890,24787,0.01551724137931032
2024-08-21,5890,6170,5750,6100,18296,0.035653650254668934
2024-08-22,6100,6400,6060,6160,22827,0.009836065573770592
2024-08-23,6150,6160,6030,6050,5790,-0.017857142857142905
2024-08-26,5990,6040,5900,5940,5713,-0.018181818181818188
2024-08-27,5940,6090,5940,5940,4475,0.0
2024-08-28,5950,6030,5890,5890,3149,-0.008417508417508435
2024-08-29,5900,7650,5900,6900,1440260,0.1714770797962648
2024-08-30,7110,7550,6630,6730,338605,-0.024637681159420333
2024-09-02,6680,7050,6540,6580,99391,-0.022288261515601815
2024-09-03,6570,6670,6430,6530,30815,-0.0075987841945288626
2024-09-04,6280,6470,6050,6140,45233,-0.0597243491577335
2024-09-05,6240,6370,6120,6170,44531,0.004885993485342022
2024-09-06,6370,7690,6250,7300,1112859,0.1831442463533226
2024-09-09,7130,7700,6820,6850,156278,-0.06164383561643838
2024-09-10,7000,7280,6880,7020,60950,0.02481751824817513
2024-09-11,6960,7280,6510,6790,68858,-0.03276353276353272
2024-09-12,6790,7080,6690,6900,46206,0.016200294550809957
2024-09-13,6930,7620,6930,7260,279938,0.05217391304347818
2024-09-19,7100,7170,6740,6940,67942,-0.0440771349862259
2024-09-20,6880,6980,6780,6910,58388,-0.004322766570605152
2024-09-23,6880,6880,6660,6750,40012,-0.02315484804630974
2024-09-24,6700,6950,6700,6850,15495,0.014814814814814836
2024-09-25,6870,6920,6710,6730,14539,-0.017518248175182438
2024-09-26,6700,6860,6600,6710,46914,-0.002971768202080227
2024-09-27,6660,7900,6660,7650,338801,0.14008941877794334
2024-09-30,7640,8320,7480,8190,253214,0.07058823529411762
2024-10-02,8180,8300,7930,8150,82152,-0.004884004884004867
2024-10-04,8290,8390,7670,7800,73386,-0.042944785276073594
2024-10-07,7730,7730,7300,7470,58852,-0.04230769230769227
2024-10-08,7400,8130,7360,7640,86131,0.022757697456492698
2024-10-10,7650,7750,7490,7720,25817,0.010471204188481575
2024-10-11,7650,7670,7350,7450,42511,-0.03497409326424872
2024-10-14,7450,7530,7180,7240,25531,-0.028187919463087296
2024-10-15,7220,7440,7040,7360,38765,0.016574585635359185
2024-10-16,7350,7350,7060,7190,21039,-0.02309782608695654
2024-10-17,7060,7680,7060,7270,75351,0.011126564673157091
2024-10-18,7230,7680,7230,7530,47271,0.03576341127922977
2024-10-21,7500,7910,7270,7570,79436,0.005312084993359889
2024-10-22,7440,7590,7160,7530,43836,-0.005284015852047519
2024-10-23,7370,7430,7210,7290,25975,-0.031872509960159334
2024-10-24,7130,7430,7120,7320,17892,0.004115226337448652
2024-10-25,7320,7680,7130,7200,53908,-0.016393442622950838
2024-10-28,7210,7370,7200,7240,11122,0.005555555555555536
2024-10-29,7340,7370,7110,7270,13952,0.004143646408839796
2024-10-30,7270,7270,7120,7170,6520,-0.01375515818431916
2024-10-31,7170,7240,7070,7170,17538,0.0
2024-11-01,7080,7270,6800,6850,26783,-0.04463040446304045
2024-11-04,6840,7260,6840,7170,25934,0.046715328467153316
2024-11-05,7290,7290,7000,7090,16318,-0.01115760111576014
2024-11-06,7090,7400,7010,7240,28364,0.021156558533145242
2024-11-07,7240,7390,7040,7390,16762,0.02071823204419898
2024-11-08,7320,7440,7180,7320,10620,-0.009472259810554773
2024-11-11,7250,7310,7050,7270,14568,-0.006830601092896127
2024-11-12,7290,7290,7030,7170,9296,-0.01375515818431916
2024-11-13,7260,7290,6860,7010,14259,-0.02231520223152017
2024-11-14,7120,7120,6430,6560,37366,-0.0641940085592011
2024-11-15,6500,6920,6070,6690,15148,0.01981707317073167
2024-11-18,6690,7000,6300,6390,23675,-0.04484304932735428
2024-11-19,6390,6550,6290,6380,9237,-0.0015649452269170805
2024-11-20,6440,6440,6170,6390,14644,0.0015673981191222097
2024-11-21,6380,6380,6150,6160,16870,-0.035993740219092296
2024-11-22,6170,6190,6040,6160,23331,0.0
2024-11-25,6210,6210,6050,6150,5992,-0.0016233766233766378
2024-11-26,6150,6220,6000,6170,18026,0.003252032520325132
2024-11-27,6170,6170,6040,6080,15262,-0.014586709886547866
2024-11-28,6080,6150,5950,6080,10062,0.0
2024-11-29,6080,6090,5820,5820,15333,-0.042763157894736836
2024-12-02,5930,5930,5670,5780,22268,-0.0068728522336769515
2024-12-03,5940,5940,5680,5840,6373,0.01038062283737018
2024-12-04,5710,5870,5580,5700,21053,-0.023972602739726012
2024-12-05,5860,5860,5570,5600,10614,-0.01754385964912286
2024-12-06,5650,5650,5350,5460,16758,-0.025000000000000022
2024-12-09,5450,5450,5050,5150,16254,-0.0567765567765568
2024-12-10,5230,5380,4965,5240,30905,0.01747572815533971
2024-12-11,5240,5580,5240,5550,7901,0.059160305343511466
2024-12-12,5660,5790,5580,5760,12364,0.037837837837837895
2024-12-13,5790,5830,5670,5780,6636,0.003472222222222321
2024-12-16,5800,5890,5540,5770,3822,-0.0017301038062284002
2024-12-17,5770,5770,5590,5610,4379,-0.02772963604852685
2024-12-18,5670,5790,5570,5640,6331,0.005347593582887722
2024-12-19,5590,5640,5530,5590,4431,-0.00886524822695034
2024-12-20,5690,5690,5470,5570,5531,-0.003577817531305927
2024-12-23,5600,5780,5560,5710,13705,0.025134649910233398
2024-12-24,5500,5850,5450,5450,43062,-0.045534150612959734
2024-12-26,5440,5600,5300,5400,15677,-0.00917431192660545
2024-12-27,5310,5430,5220,5250,6822,-0.02777777777777779
2024-12-30,5300,5300,5240,5250,2066,0.0
2025-01-02,5410,5410,5220,5390,9969,0.026666666666666616
2025-01-03,5440,5630,5390,5630,9385,0.04452690166975892
2025-01-06,5620,6610,5610,6490,100203,0.15275310834813505
2025-01-07,6480,6990,6300,6550,59321,0.009244992295839749
2025-01-08,6560,6750,6500,6690,21646,0.021374045801526798
2025-01-09,6800,8100,6740,7700,280762,0.1509715994020926
2025-01-10,7760,8230,7210,7710,103191,0.0012987012987013546
2025-01-13,7780,7910,7500,7740,44720,0.0038910505836575737
2025-01-14,8100,8150,7650,8090,78302,0.04521963824289399
2025-01-15,8080,8590,7920,8440,89853,0.043263288009888656
2025-01-16,8490,8500,8190,8320,44355,-0.014218009478673022
2025-01-17,8320,8410,7700,7940,42108,-0.04567307692307687
2025-01-20,7940,7990,7250,7450,41404,-0.0617128463476071
2025-01-21,7390,7790,7300,7580,16706,0.01744966442953011
2025-01-22,7490,7800,7150,7370,14954,-0.02770448548812665
2025-01-23,7220,7350,6950,7000,11525,-0.05020352781546811
2025-01-24,7000,7440,6800,7330,15770,0.04714285714285715
2025-01-31,7260,7260,6960,6990,16736,-0.04638472032742158
2025-02-03,6970,7290,6640,7290,14821,0.0429184549356223
2025-02-04,7540,7540,6790,7370,20443,0.010973936899862924
2025-02-05,7340,7350,6980,7270,14070,-0.013568521031207648
2025-02-06,7200,7200,6960,6960,6747,-0.04264099037138924
2025-02-07,6960,7200,6800,6970,11306,0.001436781609195359
2025-02-10,6990,7440,6990,7190,19466,0.031563845050215145
2025-02-11,7400,7400,7020,7020,5224,-0.02364394993045893
2025-02-12,7020,7290,6960,6980,6048,-0.005698005698005715
2025-02-13,6980,7140,6980,6980,4682,0.0
2025-02-14,7180,7180,6860,6950,4763,-0.004297994269340966
2025-02-17,7000,7280,6980,7140,4787,0.027338129496402797
2025-02-18,7400,7400,6980,7000,7838,-0.019607843137254943
2025-02-19,6970,7210,6960,7070,9686,0.010000000000000009
2025-02-20,7260,7260,6970,6990,15537,-0.011315417256011262
2025-02-21,6990,7340,6950,7260,21339,0.03862660944205998
2025-02-24,7600,8900,7410,8900,205567,0.22589531680440778
2025-02-25,8980,10000,8580,9740,352737,0.09438202247191008
2025-02-26,9740,11000,9300,9800,271257,0.006160164271047153
2025-02-27,9700,10380,9580,9800,176745,0.0
2025-02-28,9980,10190,9400,9650,84968,-0.015306122448979553
2025-03-04,9470,9780,9260,9500,53048,-0.015544041450777257
2025-03-05,9690,9770,9300,9650,59745,0.015789473684210575
2025-03-06,9700,10500,9500,10380,150990,0.07564766839378234
2025-03-07,10000,10220,9200,9400,100463,-0.09441233140655103
2025-03-10,9500,9510,9080,9390,48085,-0.0010638297872340718
2025-03-11,9100,9390,8910,9220,26168,-0.018104366347177825
2025-03-12,9220,9810,9220,9760,98438,0.05856832971800441
2025-03-13,9650,9780,8960,9450,59954,-0.03176229508196726
2025-03-14,9480,9480,7500,7850,431787,-0.1693121693121693
2025-03-17,7860,8210,7650,8080,113666,0.029299363057324834
2025-03-18,8080,8700,8070,8220,76832,0.017326732673267342
2025-03-19,8220,8250,7870,7870,267233,-0.04257907542579076
2025-03-20,7750,8060,7580,7920,73687,0.006353240152477735
2025-03-21,7800,8140,7800,8000,60287,0.010101010101010166
2025-03-24,8000,8610,8000,8440,78206,0.05499999999999994
2025-03-25,8440,8480,7940,8020,40934,-0.049763033175355464
2025-03-26,8020,8280,7830,7920,48404,-0.012468827930174564
2025-03-27,7850,8250,7700,8030,28485,0.01388888888888884
2025-03-28,8030,8190,7810,8040,23867,0.001245330012453305
2025-03-31,8040,8180,7550,7590,30952,-0.05597014925373134
2025-04-01,7580,7770,7110,7650,117267,0.007905138339920903
2025-04-02,7650,7870,7430,7510,54209,-0.018300653594771288
2025-04-03,7500,9760,7430,7910,256416,0.053262316910785534
2025-04-04,7600,8200,7600,8080,42219,0.02149178255372952
2025-04-07,8190,8820,7960,8170,210893,0.011138613861386037
2025-04-08,8170,8170,7710,7910,80080,-0.03182374541003674
2025-04-09,8260,8500,7580,8020,84928,0.013906447534766109
2025-04-10,8100,8340,8060,8310,61689,0.03615960099750626
2025-04-11,8310,8900,8160,8850,135147,0.06498194945848379
2025-04-14,8840,9110,8270,8440,374302,-0.04632768361581918
2025-04-15,8630,8630,8160,8330,36658,-0.013033175355450233
2025-04-16,8340,8340,7900,7990,44916,-0.04081632653061229
2025-04-17,7990,8270,7990,8230,30042,0.030037546933667114
2025-04-18,8240,8240,7930,8000,20062,-0.027946537059538312
2025-04-21,8000,8050,7650,7860,30251,-0.01749999999999996
2025-04-22,7780,8400,7660,8220,49355,0.04580152671755733
2025-04-23,8230,8350,8080,8170,15933,-0.006082725060827299
2025-04-24,8170,8170,7810,7990,12078,-0.022031823745410017
2025-04-25,7990,8470,7950,7960,16722,-0.003754693366708417
2025-04-28,7960,8150,7710,7830,26334,-0.01633165829145733
2025-04-29,7830,7990,7780,7910,16910,0.010217113665389466
2025-04-30,7830,8060,7810,7860,12055,-0.006321112515802807
2025-05-02,7820,7930,7710,7800,28408,-0.007633587786259555
2025-05-07,8060,8060,7440,7450,43360,-0.04487179487179482
2025-05-08,7450,7550,7320,7450,32253,0.0
2025-05-09,7360,7480,7360,7440,19705,-0.0013422818791946067
2025-05-12,7360,7530,7030,7070,51257,-0.04973118279569888
2025-05-13,7770,7770,6960,7000,66909,-0.00990099009900991
2025-05-14,7050,7050,6800,6890,25127,-0.01571428571428568
2025-05-15,6800,6970,6510,6750,61466,-0.020319303338171224
2025-05-16,6750,7290,6620,7170,82347,0.06222222222222218
2025-05-19,7140,7190,6740,6810,37721,-0.05020920502092052
2025-05-20,7050,7050,6770,6850,23795,0.005873715124816492
2025-05-21,6980,6980,6720,6800,14734,-0.007299270072992692
2025-05-22,6750,6880,6720,6830,20606,0.004411764705882337
2025-05-23,6800,6800,6180,6500,136795,-0.04831625183016108
2025-05-26,6500,6580,6340,6390,9685,-0.01692307692307693
2025-05-27,6390,7040,6390,6940,116444,0.0860719874804381
2025-05-28,7060,7450,7000,7220,108667,0.04034582132564846
2025-05-29,7220,7450,6910,7230,41655,0.0013850415512466352
2025-05-30,7230,7800,7130,7540,119994,0.042876901798063694
2025-06-02,7530,7790,6845,7380,121149,-0.021220159151193685
2025-06-04,7260,7560,6880,6980,124869,-0.054200542005420016
2025-06-05,7020,7520,6900,7420,139997,0.06303724928366772
2025-06-09,7590,7880,7270,7270,106149,-0.020215633423180557
2025-06-10,7480,7480,7150,7420,46553,0.02063273727647874
2025-06-11,7420,7710,7310,7530,94922,0.014824797843665749
2025-06-12,7450,7600,7290,7370,47677,-0.021248339973439556
2025-06-13,7370,7650,7250,7580,86589,0.028493894165535938
2025-06-16,7380,7500,7070,7150,86097,-0.05672823218997358
2025-06-17,7200,7260,6980,7050,43359,-0.013986013986013957
2025-06-18,7000,7200,6780,7100,32903,0.007092198581560183
2025-06-19,7180,7180,6970,7090,16210,-0.0014084507042253502
2025-06-20,7170,7190,6930,7010,46232,-0.01128349788434413
2025-06-23,6960,6970,6750,6800,40709,-0.029957203994293913
2025-06-24,6800,6910,6720,6800,19286,0.0
2025-06-25,6850,6850,6720,6790,17965,-0.0014705882352941124
2025-06-26,6900,6900,6590,6750,20720,-0.00589101620029453
2025-06-27,6750,6850,6560,6560,17610,-0.028148148148148144
2025-06-30,6720,6720,6500,6500,25705,-0.009146341463414642
2025-07-01,6590,6710,6520,6570,5198,0.010769230769230864
2025-07-02,6640,6640,6520,6590,9519,0.003044140030441511
2025-07-03,6640,6690,6140,6500,39409,-0.01365705614567525
2025-07-04,6450,6550,6370,6450,17717,-0.007692307692307665
2025-07-07,6410,6450,6250,6300,21048,-0.023255813953488413
2025-07-08,6380,6450,6220,6300,18719,0.0
2025-07-09,6400,6740,6290,6640,67047,0.053968253968254
2025-07-10,6800,6810,6510,6600,25457,-0.0060240963855421326
2025-07-11,6600,6810,6540,6700,36416,0.015151515151515138
2025-07-14,6700,6770,6500,6570,29669,-0.0194029850746269
2025-07-15,6580,6700,6520,6520,17785,-0.007610350076103556
2025-07-16,6500,6550,6400,6460,20848,-0.009202453987730008
2025-07-17,6470,6680,6420,6590,15957,0.020123839009287936
