Date,Open,High,Low,Close,Volume,Change
2022-01-03,26750,27550,26750,27250,24723,0.01869158878504673
2022-01-04,27400,27400,26650,27000,24438,-0.00917431192660545
2022-01-05,27150,27150,26050,26500,41128,-0.01851851851851849
2022-01-06,26350,26450,25750,25750,22757,-0.028301886792452824
2022-01-07,25950,26000,25600,25750,13099,0.0
2022-01-10,25750,25750,24800,25300,22960,-0.01747572815533982
2022-01-11,25300,25550,24900,24950,18283,-0.013833992094861691
2022-01-12,24800,25300,24800,25200,12108,0.01002004008016022
2022-01-13,25650,25650,25050,25500,8316,0.011904761904761862
2022-01-14,25200,26750,25150,26100,57411,0.0235294117647058
2022-01-17,26050,26050,25500,25950,28373,-0.005747126436781658
2022-01-18,25700,26200,25200,25400,14408,-0.021194605009633882
2022-01-19,25350,25350,24450,24600,19636,-0.03149606299212604
2022-01-20,24600,24850,23700,24800,49018,0.008130081300812941
2022-01-21,24900,24900,24300,24400,13694,-0.016129032258064502
2022-01-24,24500,24600,23000,24500,28136,0.004098360655737654
2022-01-25,24250,24500,23750,23950,25691,-0.022448979591836782
2022-01-26,23700,24250,23700,23900,10989,-0.0020876826722338038
2022-01-27,23450,23900,23150,23650,21704,-0.010460251046025104
2022-01-28,23250,23800,23250,23650,19308,0.0
2022-02-03,24200,24800,23900,24750,15798,0.04651162790697683
2022-02-04,24300,25300,24300,24850,10322,0.004040404040404066
2022-02-07,24600,25750,24200,24450,13868,-0.01609657947686116
2022-02-08,24450,26300,24250,25550,38232,0.04498977505112478
2022-02-09,25550,25650,25000,25250,7557,-0.011741682974559686
2022-02-10,25300,25500,24750,25100,8983,-0.005940594059405946
2022-02-11,24550,25100,24100,24600,9451,-0.019920318725099584
2022-02-14,24050,24550,23500,23550,9690,-0.04268292682926833
2022-02-15,23150,23750,23000,23150,11909,-0.01698513800424628
2022-02-16,23700,24200,23350,24200,11093,0.04535637149028071
2022-02-17,24000,24550,23750,24250,8920,0.0020661157024792765
2022-02-18,24000,24400,23500,24250,12808,0.0
2022-02-21,24000,24000,23400,23850,6138,-0.016494845360824795
2022-02-22,23800,23900,23350,23350,5796,-0.02096436058700213
2022-02-23,23400,24050,23400,23800,6442,0.01927194860813697
2022-02-24,23600,24200,23000,23200,14956,-0.025210084033613467
2022-02-25,23350,24250,23300,23800,11331,0.02586206896551735
2022-02-28,24800,25100,24350,24550,32210,0.03151260504201692
2022-03-02,24500,24950,24050,24200,23271,-0.014256619144602856
2022-03-03,24450,24600,24150,24600,20788,0.016528925619834656
2022-03-04,24400,24550,24250,24300,16406,-0.012195121951219523
2022-03-07,24100,24150,23550,23850,15723,-0.01851851851851849
2022-03-08,23250,23650,23100,23400,15021,-0.018867924528301883
2022-03-10,24000,24000,23000,23500,10798,0.004273504273504258
2022-03-11,23650,23650,23200,23400,8412,-0.004255319148936176
2022-03-14,23200,23450,22700,22750,15416,-0.02777777777777779
2022-03-15,23100,23100,22500,22500,10255,-0.01098901098901095
2022-03-16,22800,23000,22450,23000,7964,0.022222222222222143
2022-03-17,23100,23750,23100,23750,17542,0.032608695652173836
2022-03-18,24000,24100,23500,24100,12524,0.01473684210526316
2022-03-21,24450,25000,24150,24350,35800,0.010373443983402453
2022-03-22,24350,24750,24050,24450,12486,0.004106776180698102
2022-03-23,24750,24750,24150,24250,20941,-0.008179959100204526
2022-03-24,25050,25350,24600,25200,68462,0.039175257731958846
2022-03-25,25350,25350,24500,24750,38693,-0.017857142857142905
2022-03-28,24750,25500,24500,25000,28206,0.010101010101010166
2022-03-29,24750,25550,24700,25300,32720,0.01200000000000001
2022-03-30,25350,25700,24650,24650,52080,-0.025691699604743046
2022-03-31,24650,25950,24450,25600,54171,0.03853955375253548
2022-04-01,25600,25600,25050,25300,20526,-0.01171875
2022-04-04,26250,27450,25600,26850,242679,0.06126482213438744
2022-04-05,27200,28500,27050,28300,174384,0.05400372439478596
2022-04-06,28300,28650,27300,28200,125834,-0.0035335689045936647
2022-04-07,27750,28600,27300,28350,71262,0.005319148936170137
2022-04-08,27850,28550,27700,28250,42134,-0.003527336860670194
2022-04-11,28750,29150,27700,28800,78845,0.019469026548672552
2022-04-12,28450,28450,27350,27700,49992,-0.03819444444444442
2022-04-13,28150,28200,27050,27450,35167,-0.009025270758122761
2022-04-14,27450,27600,26700,26800,32731,-0.023679417122040025
2022-04-15,26700,27650,26350,27400,34441,0.02238805970149249
2022-04-18,27350,27350,26600,26950,26078,-0.01642335766423353
2022-04-19,26900,27200,25900,27000,75947,0.0018552875695732052
2022-04-20,27000,27050,26400,27000,11302,0.0
2022-04-21,27000,27800,26800,27700,34215,0.025925925925925908
2022-04-22,27250,27350,26800,26800,23567,-0.032490974729241895
2022-04-25,26250,26550,25500,25900,46744,-0.03358208955223885
2022-04-26,26000,26250,25600,25600,10554,-0.01158301158301156
2022-04-27,24950,25050,23200,24650,63720,-0.037109375
2022-04-28,24650,24950,23850,23850,33186,-0.032454361054766734
2022-04-29,24000,24800,23850,24500,19837,0.027253668763102645
2022-05-02,24300,24500,23950,24200,11655,-0.01224489795918371
2022-05-03,24200,25350,24050,24400,20648,0.008264462809917328
2022-05-04,24400,24500,24000,24300,11262,-0.004098360655737654
2022-05-06,24000,24500,23750,24450,17705,0.006172839506172867
2022-05-09,24400,24500,23550,23650,21815,-0.03271983640081799
2022-05-10,23500,23550,22050,22200,73120,-0.06131078224101483
2022-05-11,22300,22450,21800,21950,26333,-0.011261261261261257
2022-05-12,21950,21950,20300,20300,91221,-0.0751708428246014
2022-05-13,20550,20600,19650,19850,107456,-0.022167487684729092
2022-05-16,20100,20250,19500,19600,54800,-0.012594458438287104
2022-05-17,19650,19900,19400,19550,35888,-0.0025510204081632404
2022-05-18,19750,19900,19450,19450,41385,-0.005115089514066473
2022-05-19,19000,19100,18300,18800,78319,-0.033419023136246784
2022-05-20,19000,19200,18350,19150,43386,0.018617021276595702
2022-05-23,19200,19250,18750,18950,20043,-0.010443864229765065
2022-05-24,19200,19200,18500,18550,39619,-0.02110817941952503
2022-05-25,18800,18900,18350,18600,21577,0.0026954177897573484
2022-05-26,18750,19400,18700,19050,58766,0.024193548387096753
2022-05-27,19300,19300,18900,19250,25674,0.01049868766404205
2022-05-30,19300,19550,19100,19450,29937,0.010389610389610393
2022-05-31,19500,19550,19200,19450,25684,0.0
2022-06-02,19450,19550,19350,19550,16105,0.005141388174807249
2022-06-03,19600,19700,19450,19600,22187,0.002557544757033181
2022-06-07,19800,19800,19200,19400,27907,-0.010204081632653073
2022-06-08,19250,19500,18950,19100,21040,-0.015463917525773141
2022-06-09,19100,19100,18400,18650,33198,-0.023560209424083767
2022-06-10,18400,18600,18200,18350,22779,-0.01608579088471851
2022-06-13,17700,17750,16750,16850,82450,-0.08174386920980925
2022-06-14,16400,16600,15950,16250,111442,-0.035608308605341255
2022-06-15,16250,16250,15600,15850,45204,-0.024615384615384595
2022-06-16,16000,16550,15850,16050,61575,0.012618296529968376
2022-06-17,15350,16200,15250,15950,47401,-0.006230529595015577
2022-06-20,15850,16000,15000,15200,45958,-0.047021943573667735
2022-06-21,15150,15750,15100,15650,27638,0.02960526315789469
2022-06-22,15650,15750,14900,14900,30867,-0.04792332268370603
2022-06-23,14800,15050,14400,14400,69256,-0.03355704697986572
2022-06-24,14400,15450,14400,15250,103833,0.05902777777777768
2022-06-27,15650,16000,15350,15750,39894,0.032786885245901676
2022-06-28,15700,16200,15550,15900,24876,0.00952380952380949
2022-06-29,15900,15900,15400,15450,33127,-0.028301886792452824
2022-06-30,15750,15750,15300,15600,31094,0.009708737864077666
2022-07-01,15750,15750,15250,15450,42177,-0.009615384615384581
2022-07-04,15350,15600,15250,15550,29422,0.006472491909385036
2022-07-05,15650,16000,15350,15850,33383,0.019292604501607746
2022-07-06,15800,16350,15700,15950,75168,0.006309148264984188
2022-07-07,16300,16450,16100,16400,63131,0.028213166144200663
2022-07-08,16600,17000,16450,16450,48474,0.0030487804878047697
2022-07-11,16850,17300,16350,16650,37919,0.012158054711246091
2022-07-12,16650,16650,16000,16150,23718,-0.03003003003003002
2022-07-13,16000,16500,16000,16200,12951,0.003095975232198178
2022-07-14,16200,16550,16100,16450,13595,0.015432098765432167
2022-07-15,16600,16600,15900,15900,14010,-0.033434650455927084
2022-07-18,16250,16450,16000,16400,31526,0.03144654088050314
2022-07-19,16250,16550,16100,16550,8556,0.009146341463414531
2022-07-20,16850,17050,16500,16550,36411,0.0
2022-07-21,16600,16700,16400,16600,21580,0.0030211480362538623
2022-07-22,16600,16800,16300,16400,24395,-0.012048192771084376
2022-07-25,16200,16850,16200,16850,31081,0.027439024390243816
2022-07-26,16700,16900,16550,16700,15584,-0.008902077151335286
2022-07-27,16950,16950,16350,16650,23582,-0.0029940119760478723
2022-07-28,16800,16900,16400,16600,17022,-0.0030030030030030463
2022-07-29,16500,16750,16450,16600,16983,0.0
2022-08-01,16600,17250,16450,17150,19344,0.033132530120481896
2022-08-02,17150,17200,16700,16950,17461,-0.011661807580174877
2022-08-03,16950,17950,16850,17700,58283,0.04424778761061954
2022-08-04,17750,18250,17700,18000,31279,0.016949152542372836
2022-08-05,18350,18500,18000,18150,27683,0.008333333333333304
2022-08-08,18150,18550,17600,18450,27793,0.016528925619834656
2022-08-09,18200,19050,18100,18900,82117,0.024390243902439046
2022-08-10,18950,21300,18750,19800,477864,0.04761904761904767
2022-08-11,20200,20850,19900,20650,76642,0.04292929292929304
2022-08-12,20650,20800,19950,20100,32175,-0.0266343825665859
2022-08-16,20350,20850,20200,20800,28822,0.03482587064676612
2022-08-17,20800,21150,20300,20400,29931,-0.019230769230769273
2022-08-18,20500,21700,19950,21000,61295,0.02941176470588225
2022-08-19,21150,21150,20250,20350,20831,-0.030952380952380953
2022-08-22,20000,20100,19350,19500,33669,-0.041769041769041726
2022-08-23,19250,19400,18650,18650,34376,-0.043589743589743546
2022-08-24,18650,18950,18000,18750,39374,0.00536193029490617
2022-08-25,18550,18750,18250,18700,22878,-0.002666666666666706
2022-08-26,18750,19550,18750,19250,31505,0.02941176470588225
2022-08-29,18950,19700,18500,19450,37000,0.010389610389610393
2022-08-30,19300,20100,19300,20000,30175,0.028277634961439535
2022-08-31,19900,19950,19650,19850,9516,-0.007499999999999951
2022-09-01,20000,20000,18950,19100,21361,-0.03778337531486142
2022-09-02,19100,19500,18500,18850,21660,-0.01308900523560208
2022-09-05,18800,18800,18250,18350,15116,-0.02652519893899208
2022-09-06,18400,18850,18400,18850,10694,0.027247956403269713
2022-09-07,18650,18800,18150,18400,8588,-0.023872679045092826
2022-09-08,18500,18750,18350,18550,3906,0.008152173913043459
2022-09-13,18800,19100,18550,19000,4970,0.0242587601078168
2022-09-14,18200,18600,18100,18550,24822,-0.023684210526315752
2022-09-15,18950,18950,17600,17750,58481,-0.04312668463611857
2022-09-16,17750,18000,17200,17550,19669,-0.011267605633802802
2022-09-19,17550,17550,16650,16650,18594,-0.05128205128205132
2022-09-20,17150,17250,16700,16800,14911,0.009009009009008917
2022-09-21,16750,16850,16350,16650,23726,-0.008928571428571397
2022-09-22,16200,16750,16050,16500,18276,-0.009009009009009028
2022-09-23,16500,16500,15850,16100,16709,-0.024242424242424288
2022-09-26,15650,16000,15250,15500,37860,-0.037267080745341574
2022-09-27,15300,15500,14750,15200,54478,-0.01935483870967747
2022-09-28,15250,15500,14250,14450,36653,-0.049342105263157854
2022-09-29,14600,15050,14400,14500,41789,0.0034602076124568004
2022-09-30,14350,14700,14150,14650,25866,0.010344827586206806
2022-10-04,14750,14950,14600,14950,19066,0.020477815699658786
2022-10-05,15150,15150,14050,14350,45207,-0.04013377926421402
2022-10-06,14250,14800,14250,14800,25811,0.03135888501742157
2022-10-07,14600,14800,14500,14700,16915,-0.006756756756756799
2022-10-11,14500,14500,13900,13950,30895,-0.05102040816326525
2022-10-12,14000,14200,13900,14000,22154,0.0035842293906809264
2022-10-13,14000,14150,13600,13600,38053,-0.02857142857142858
2022-10-14,14100,14250,13950,14200,29878,0.044117647058823595
2022-10-17,14000,14350,13700,14300,16331,0.007042253521126751
2022-10-18,14500,14700,14300,14450,21124,0.010489510489510412
2022-10-19,14450,14750,14400,14450,19612,0.0
2022-10-20,14500,14500,13850,14200,24766,-0.01730103806228378
2022-10-21,14200,14400,14000,14350,9215,0.010563380281690238
2022-10-24,14500,14850,14350,14350,13456,0.0
2022-10-25,14700,14700,14000,14350,12851,0.0
2022-10-26,14400,14550,14250,14450,10484,0.006968641114982521
2022-10-27,14700,14950,14450,14700,17434,0.01730103806228378
2022-10-28,14700,15200,14550,15000,23728,0.020408163265306145
2022-10-31,15250,15250,14900,15000,18131,0.0
2022-11-01,15150,15150,14750,15050,12273,0.0033333333333334103
2022-11-02,15100,15100,14750,14800,5046,-0.01661129568106312
2022-11-03,14500,14800,14500,14750,12130,-0.0033783783783783994
2022-11-04,14500,14800,14400,14450,12370,-0.02033898305084747
2022-11-07,14450,14650,14400,14600,10389,0.01038062283737018
2022-11-08,14550,14900,14550,14900,13512,0.020547945205479534
2022-11-09,15050,15100,14800,14800,19959,-0.006711409395973145
2022-11-10,14850,14850,14550,14600,17180,-0.013513513513513487
2022-11-11,15100,15500,14850,15350,48990,0.051369863013698724
2022-11-14,15450,15600,15250,15400,21209,0.0032573289902280145
2022-11-15,15450,15650,15300,15550,17595,0.009740259740259827
2022-11-16,15650,15850,15450,15800,21480,0.016077170418006492
2022-11-17,15650,15700,15300,15300,18033,-0.03164556962025311
2022-11-18,15750,15750,14850,15000,14950,-0.019607843137254943
2022-11-21,15100,15100,14600,14600,14938,-0.026666666666666616
2022-11-22,14600,14950,14400,14800,11557,0.013698630136986356
2022-11-23,15000,15100,14650,15000,10943,0.013513513513513598
2022-11-24,15250,15400,14850,15300,12268,0.020000000000000018
2022-11-25,15450,15450,15000,15250,4832,-0.0032679738562091387
2022-11-28,15200,15350,14750,15150,11378,-0.006557377049180357
2022-11-29,15100,15200,14850,15150,5821,0.0
2022-11-30,15150,15300,14950,15150,6314,0.0
2022-12-01,15350,15500,15150,15450,25973,0.01980198019801982
2022-12-02,15450,15450,15100,15200,6139,-0.016181229773462813
2022-12-05,15250,15350,15100,15300,8110,0.006578947368421018
2022-12-06,15300,15300,14850,15100,17444,-0.013071895424836555
2022-12-07,15250,15250,14700,15250,7318,0.009933774834437026
2022-12-08,15050,15200,14900,15000,10142,-0.016393442622950838
2022-12-09,15000,15050,14650,15000,17310,0.0
2022-12-12,15350,15350,14950,15100,10014,0.006666666666666599
2022-12-13,15250,15250,14900,15100,6771,0.0
2022-12-14,15100,15300,15000,15300,14515,0.013245033112582849
2022-12-15,15400,15400,14950,15100,11137,-0.013071895424836555
2022-12-16,15000,15100,14800,15000,7975,-0.0066225165562914245
2022-12-19,15150,15150,14900,14950,6103,-0.0033333333333332993
2022-12-20,14900,15000,14500,14700,22126,-0.01672240802675584
2022-12-21,14850,14850,14350,14600,17707,-0.006802721088435382
2022-12-22,14600,14750,14550,14600,9381,0.0
2022-12-23,14750,14750,14000,14000,40229,-0.04109589041095896
2022-12-26,14450,14450,14000,14100,8100,0.0071428571428571175
2022-12-27,14200,14450,14100,14450,20647,0.024822695035461084
2022-12-28,14450,14500,14150,14500,5945,0.0034602076124568004
2022-12-29,14950,14950,14200,14500,30063,0.0
2023-01-02,14500,14550,14200,14200,12417,-0.020689655172413834
2023-01-03,14300,14350,13500,13850,19473,-0.02464788732394363
2023-01-04,13850,14050,13750,14050,8320,0.014440433212996373
2023-01-05,14300,14300,13950,14050,15113,0.0
2023-01-06,14050,14200,13900,14100,8897,0.003558718861210064
2023-01-09,14200,14650,14150,14600,18619,0.03546099290780136
2023-01-10,14400,14750,14400,14500,7703,-0.006849315068493178
2023-01-11,14700,14750,14450,14700,11373,0.01379310344827589
2023-01-12,14800,15100,14700,14950,25561,0.017006802721088343
2023-01-13,14950,15200,14850,15150,6205,0.013377926421404673
2023-01-16,15150,15300,15050,15200,12515,0.0033003300330032292
2023-01-17,15300,15300,14950,15150,9131,-0.003289473684210509
2023-01-18,15150,15200,14900,15000,8544,-0.00990099009900991
2023-01-19,14850,15150,14850,15100,10303,0.006666666666666599
2023-01-20,15150,15800,15000,15600,57659,0.0331125827814569
2023-01-25,15600,15870,15430,15830,24753,0.014743589743589691
2023-01-26,15680,15900,15560,15700,14377,-0.008212255211623498
2023-01-27,15850,15850,15540,15600,12422,-0.006369426751592355
2023-01-30,15700,15700,15350,15610,17053,0.0006410256410256387
2023-01-31,15630,16010,15510,15780,21188,0.010890454836643082
2023-02-01,15780,15950,15640,15840,14438,0.0038022813688212143
2023-02-02,15840,16100,15710,15940,16804,0.0063131313131312705
2023-02-03,16020,16040,15910,15960,15589,0.0012547051442910462
2023-02-06,15960,15980,15660,15780,9199,-0.011278195488721776
2023-02-07,15770,15770,15580,15700,13767,-0.005069708491761693
2023-02-08,15750,16970,15600,16340,132605,0.040764331210191074
2023-02-09,16500,17850,16010,17330,410868,0.0605875152998776
2023-02-10,17350,17390,16640,16810,107386,-0.030005770340450044
2023-02-13,16810,17650,16100,17500,222727,0.04104699583581195
2023-02-14,17880,17890,16500,16500,171770,-0.05714285714285716
2023-02-15,16570,16920,16160,16160,100097,-0.020606060606060628
2023-02-16,16350,17170,16200,16940,96529,0.0482673267326732
2023-02-17,16910,17140,16360,16940,46578,0.0
2023-02-20,17140,17190,16600,16800,37007,-0.008264462809917328
2023-02-21,16820,17140,16400,16990,65791,0.01130952380952377
2023-02-22,16760,16790,16110,16120,77556,-0.0512065921130076
2023-02-23,16160,16480,16000,16140,41407,0.001240694789081953
2023-02-24,16140,16200,15050,15620,56804,-0.03221809169764556
2023-02-27,15500,16050,15290,15860,37611,0.015364916773367376
2023-02-28,15860,16390,15860,16150,42896,0.01828499369482972
2023-03-02,16200,16310,15720,15870,23581,-0.017337461300309553
2023-03-03,16050,16400,15970,16010,26468,0.008821676118462518
2023-03-06,16030,17030,15700,16990,117480,0.061211742660836954
2023-03-07,16990,16990,16400,16510,50221,-0.028251912889935227
2023-03-08,16500,16950,15900,16700,64392,0.011508176862507602
2023-03-09,16700,16880,16250,16450,23667,-0.014970059880239472
2023-03-10,16160,16290,16010,16010,23739,-0.0267477203647416
2023-03-13,15980,16010,15360,15510,34815,-0.031230480949406614
2023-03-14,15360,15560,14810,15220,54405,-0.01869761444229534
2023-03-15,15650,16090,15510,15740,42735,0.0341655716162943
2023-03-16,15540,15730,15350,15400,23892,-0.021601016518424387
2023-03-17,15520,16100,15210,16090,40591,0.04480519480519485
2023-03-20,16080,16120,15650,15830,28122,-0.01615910503418272
2023-03-21,16100,16100,15490,15490,24369,-0.021478205938092243
2023-03-22,15520,15650,15100,15100,29043,-0.02517753389283406
2023-03-23,15100,15150,14500,14600,45044,-0.0331125827814569
2023-03-24,14620,14890,14600,14760,13650,0.010958904109588996
2023-03-27,14810,14940,14500,14760,18519,0.0
2023-03-28,14990,14990,14600,14830,15914,0.004742547425474308
2023-03-29,14840,14880,14600,14850,10199,0.0013486176668915384
2023-03-30,15050,15050,14670,14780,21216,-0.00471380471380467
2023-03-31,14780,14890,14660,14770,14527,-0.0006765899864682456
2023-04-03,14770,15000,14750,14950,15558,0.012186865267433955
2023-04-04,14830,15050,14830,15050,16539,0.006688963210702337
2023-04-05,15050,15050,14830,14830,25061,-0.0146179401993356
2023-04-06,14800,14970,14500,14570,20198,-0.017532029669588667
2023-04-07,14790,14790,14530,14550,13445,-0.0013726835964310569
2023-04-10,14600,14690,14470,14490,13183,-0.004123711340206171
2023-04-11,14500,14600,14480,14490,20517,0.0
2023-04-12,14630,14640,14060,14230,38192,-0.01794340924775706
2023-04-13,14230,14430,14000,14100,67264,-0.00913562895291642
2023-04-14,14350,14580,14120,14530,33707,0.03049645390070932
2023-04-17,14530,14540,14300,14400,11562,-0.008947006194081175
2023-04-18,14400,14400,14150,14230,17462,-0.011805555555555514
2023-04-19,14230,14600,14200,14530,22248,0.0210822206605763
2023-04-20,14530,14530,14180,14270,20745,-0.01789401238816246
2023-04-21,14270,14270,14050,14080,22548,-0.01331464611072175
2023-04-24,14050,14060,13900,13970,19255,-0.0078125
2023-04-25,13930,14140,13880,13970,11137,0.0
2023-04-26,13970,14090,13800,13970,9322,0.0
2023-04-27,13830,14100,13830,13960,6151,-0.0007158196134574579
2023-04-28,13900,14050,13900,14000,10783,0.002865329512893977
2023-05-02,14140,14140,13650,13990,14891,-0.0007142857142856673
2023-05-03,13820,14050,13820,13990,5474,0.0
2023-05-04,13600,14080,13600,14010,17068,0.0014295925661187425
2023-05-08,14010,14200,13970,14010,11348,0.0
2023-05-09,14010,14130,13960,14050,13476,0.002855103497501732
2023-05-10,14010,14290,14010,14260,12864,0.014946619217081958
2023-05-11,14230,14290,14120,14120,5538,-0.009817671809256634
2023-05-12,14120,14290,14100,14160,4644,0.0028328611898016387
2023-05-15,14280,14590,13990,14000,11038,-0.011299435028248594
2023-05-16,13900,14280,13580,13750,52371,-0.017857142857142905
2023-05-17,13530,13780,13490,13510,39043,-0.0174545454545455
2023-05-18,13520,13630,13440,13550,23703,0.002960769800148144
2023-05-19,13540,13760,13540,13720,20863,0.012546125461254665
2023-05-22,13750,13910,13600,13660,32007,-0.004373177842565634
2023-05-23,13760,13760,13550,13660,17188,0.0
2023-05-24,13600,13680,13460,13520,22418,-0.010248901903367469
2023-05-25,13620,13730,13300,13330,52808,-0.014053254437869866
2023-05-26,13330,13400,13110,13130,29454,-0.015003750937734428
2023-05-30,13140,13270,13140,13230,9342,0.007616146230007725
2023-05-31,13290,13390,13160,13200,23391,-0.0022675736961451642
2023-06-01,13330,13330,13100,13200,10834,0.0
2023-06-02,13160,13240,13100,13100,21821,-0.007575757575757569
2023-06-05,13120,13200,13010,13050,38324,-0.003816793893129722
2023-06-07,13030,13070,12990,13010,40629,-0.0030651340996168397
2023-06-08,13010,13080,12970,13030,30454,0.001537279016141424
2023-06-09,13050,13080,13000,13030,23760,0.0
2023-06-12,13070,13070,12820,12900,46473,-0.009976976208749044
2023-06-13,12660,12930,12660,12800,27543,-0.007751937984496138
2023-06-14,12850,12850,12440,12470,77089,-0.025781249999999978
2023-06-15,12560,12760,12200,12280,49595,-0.015236567762630271
2023-06-16,12340,12390,12260,12320,13924,0.0032573289902280145
2023-06-19,12360,12400,12170,12300,33417,-0.0016233766233766378
2023-06-20,12200,12500,12200,12360,10632,0.004878048780487809
2023-06-21,12450,12560,12300,12310,26565,-0.004045307443365731
2023-06-22,12310,12390,12210,12290,11173,-0.0016246953696181787
2023-06-23,12450,12450,12130,12140,12794,-0.012205044751830707
2023-06-26,12140,12290,12100,12110,18992,-0.0024711696869851307
2023-06-27,12110,12240,12080,12180,13849,0.005780346820809301
2023-06-28,12180,12250,12100,12220,13677,0.003284072249589487
2023-06-29,12350,12350,12070,12070,16996,-0.01227495908346976
2023-06-30,12070,12070,12000,12030,15641,-0.003314001657000798
2023-07-03,12260,12300,12080,12160,16354,0.010806317539484578
2023-07-04,12160,12210,12100,12100,12748,-0.004934210526315819
2023-07-05,12080,12090,12010,12050,12960,-0.004132231404958664
2023-07-06,12170,12170,11960,11960,37839,-0.007468879668049766
2023-07-07,11910,12700,11910,11970,40617,0.0008361204013378476
2023-07-10,11920,12280,11920,12220,14091,0.02088554720133673
2023-07-11,12200,12440,12200,12440,21324,0.018003273322422242
2023-07-12,12530,12620,12310,12560,29593,0.009646302250803762
2023-07-13,12590,12970,12590,12760,66818,0.015923566878981
2023-07-14,12780,12970,12680,12890,34410,0.010188087774294585
2023-07-17,12920,12990,12580,12600,38025,-0.022498060512024853
2023-07-18,12600,12740,12300,12490,23130,-0.0087301587301587
2023-07-19,12500,12950,12500,12920,37439,0.03442754203362686
2023-07-20,12860,12950,12610,12830,9329,-0.00696594427244579
2023-07-21,12630,12830,12570,12610,19083,-0.017147310989867548
2023-07-24,12820,12820,12150,12290,32554,-0.025376685170499624
2023-07-25,12070,12350,12020,12020,29595,-0.021969080553295384
2023-07-26,11900,12280,11800,11970,37260,-0.004159733777038266
2023-07-27,11810,12370,11810,12290,20326,0.026733500417710943
2023-07-28,12290,12400,12240,12370,22919,0.006509357200976451
2023-07-31,12290,12450,12270,12400,11535,0.0024252223120453387
2023-08-01,12410,13650,12350,12810,357345,0.03306451612903216
2023-08-02,12880,12920,12620,12800,48408,-0.0007806401249024209
2023-08-03,12700,13100,12540,12840,61193,0.0031250000000000444
2023-08-04,12790,12980,12700,12950,22794,0.008566978193146335
2023-08-07,12950,13170,12810,12810,33605,-0.010810810810810811
2023-08-08,12910,12990,12700,12820,21786,0.0007806401249024209
2023-08-09,12820,12890,12710,12850,14960,0.002340093603744098
2023-08-10,12850,13060,12770,12990,23773,0.010894941634241206
2023-08-11,12930,13040,12930,13000,25704,0.0007698229407235857
2023-08-14,12990,12990,12560,12650,26293,-0.02692307692307694
2023-08-16,12650,12650,12030,12130,28182,-0.04110671936758892
2023-08-17,12120,12130,11900,12020,15254,-0.00906842539159114
2023-08-18,12000,12000,11870,11950,17289,-0.005823627287853572
2023-08-21,11870,12120,11790,11800,28271,-0.012552301255230103
2023-08-22,11800,11800,11650,11720,20183,-0.006779661016949157
2023-08-23,11710,11720,11630,11670,15872,-0.004266211604095571
2023-08-24,11720,11880,11660,11680,6196,0.0008568980291345785
2023-08-25,11690,11790,11640,11650,5970,-0.0025684931506849695
2023-08-28,11840,11840,11680,11800,6305,0.012875536480686733
2023-08-29,11730,12020,11730,11990,9168,0.01610169491525415
2023-08-30,12030,12040,11900,11970,5494,-0.0016680567139282232
2023-08-31,12020,12050,11870,11900,5252,-0.005847953216374324
2023-09-01,11900,12000,11830,11900,8364,0.0
2023-09-04,11830,11980,11750,11800,10280,-0.008403361344537785
2023-09-05,11800,11800,11680,11720,8885,-0.006779661016949157
2023-09-06,11720,11850,11690,11770,6437,0.00426621160409546
2023-09-07,11770,11780,11620,11640,10788,-0.011045029736618472
2023-09-08,11660,11740,11600,11700,9028,0.005154639175257714
2023-09-11,11610,11840,11610,11650,9328,-0.004273504273504258
2023-09-12,11610,11850,11600,11620,11775,-0.0025751072961373023
2023-09-13,11780,11780,11580,11650,6706,0.002581755593803692
2023-09-14,11770,11770,11600,11600,7157,-0.0042918454935622075
2023-09-15,11600,11750,11600,11610,22944,0.0008620689655172153
2023-09-18,11610,11730,11540,11550,9920,-0.0051679586563307955
2023-09-19,11500,12350,11500,11640,18384,0.007792207792207684
2023-09-20,11610,11780,11610,11690,15891,0.004295532646048095
2023-09-21,11690,11770,11510,11550,17120,-0.0119760479041916
2023-09-22,11500,11880,11400,11800,38531,0.02164502164502169
2023-09-25,11830,11830,11760,11790,11795,-0.0008474576271186862
2023-09-26,11790,11850,11570,11800,20621,0.0008481764206955678
2023-09-27,11590,12040,11580,12000,23502,0.016949152542372836
2023-10-04,12000,12020,11790,11900,21180,-0.008333333333333304
2023-10-05,11680,11900,11680,11800,23850,-0.008403361344537785
2023-10-06,11790,11920,11700,11710,7706,-0.007627118644067843
2023-10-10,11710,11720,11400,11670,12791,-0.0034158838599487318
2023-10-11,11670,11780,11550,11700,8606,0.0025706940874035134
2023-10-12,11600,11700,11560,11630,14495,-0.005982905982905962
2023-10-13,11610,11710,11500,11600,12897,-0.002579535683576939
2023-10-16,11470,11600,11250,11250,13177,-0.030172413793103425
2023-10-17,11330,11700,11230,11390,13962,0.01244444444444448
2023-10-18,11300,11500,11250,11500,7308,0.009657594381035972
2023-10-19,11450,11500,11170,11400,29574,-0.008695652173912993
2023-10-20,11380,11380,10890,11050,21807,-0.030701754385964897
2023-10-23,10840,11000,10800,10970,15176,-0.007239819004524861
2023-10-24,10810,11200,10780,11190,25132,0.020054694621695512
2023-10-25,11190,11190,11060,11180,7326,-0.0008936550491510653
2023-10-26,10970,11070,10750,11070,12164,-0.009838998211091243
2023-10-27,11080,11100,10820,11000,10472,-0.006323396567298967
2023-10-30,10770,11050,10770,10870,4369,-0.011818181818181839
2023-10-31,10880,10980,10530,10630,9391,-0.022079116835326595
2023-11-01,10540,10700,10460,10480,15712,-0.01411100658513642
2023-11-02,10550,10650,10480,10530,13021,0.004770992366412319
2023-11-03,10570,10570,10470,10500,11079,-0.002849002849002802
2023-11-06,10520,10580,10450,10480,49357,-0.0019047619047618536
2023-11-07,10550,10550,10180,10240,40967,-0.022900763358778664
2023-11-08,10270,10290,10170,10170,27857,-0.0068359375
2023-11-09,10170,10240,10140,10140,16393,-0.002949852507374673
2023-11-10,10050,10130,9900,10000,27012,-0.013806706114398382
2023-11-13,10120,10130,9750,9770,25755,-0.02300000000000002
2023-11-14,9540,10000,9540,9750,25823,-0.0020470829068577334
2023-11-15,9770,9850,9560,9780,46658,0.003076923076922977
2023-11-16,9890,9920,9760,9800,77095,0.002044989775051187
2023-11-17,9800,9900,9660,9800,18662,0.0
2023-11-20,9800,9910,9760,9850,24176,0.005102040816326481
2023-11-21,9900,10040,9850,9860,37091,0.0010152284263960087
2023-11-22,9860,9900,9660,9670,28880,-0.01926977687626774
2023-11-23,9680,9780,9610,9680,20791,0.0010341261633919352
2023-11-24,9800,9980,9760,9900,20699,0.022727272727272707
2023-11-27,10000,10000,9730,9850,28041,-0.005050505050505083
2023-11-28,9850,9900,9490,9700,36941,-0.015228426395939132
2023-11-29,9700,9810,9640,9690,10701,-0.0010309278350515427
2023-11-30,9680,9760,9570,9680,19091,-0.0010319917440660964
2023-12-01,9610,9710,9570,9690,10890,0.0010330578512396382
2023-12-04,9620,9700,9590,9600,10718,-0.009287925696594423
2023-12-05,9510,9590,9300,9400,42897,-0.02083333333333337
2023-12-06,9360,9450,9330,9380,13680,-0.0021276595744680327
2023-12-07,9380,9470,9350,9400,21850,0.002132196162046851
2023-12-08,9360,9450,9320,9400,29735,0.0
2023-12-11,9410,9410,9300,9310,23423,-0.009574468085106425
2023-12-12,9410,9440,9320,9320,19796,0.0010741138560688146
2023-12-13,9300,9390,9180,9180,25763,-0.015021459227467782
2023-12-14,9230,9300,9190,9280,14771,0.01089324618736387
2023-12-15,9210,9300,9210,9300,22459,0.0021551724137931494
2023-12-18,9300,9300,9220,9230,27264,-0.007526881720430145
2023-12-19,9230,9290,9180,9270,18824,0.004333694474539573
2023-12-20,9270,9440,9250,9300,31820,0.003236245954692629
2023-12-21,9300,9300,9190,9280,18074,-0.0021505376344086446
2023-12-22,9280,9390,9180,9340,28241,0.006465517241379226
2023-12-26,9360,9370,9250,9290,14658,-0.005353319057815886
2023-12-27,9360,9370,9210,9300,15012,0.0010764262648008671
2023-12-28,9340,9490,9300,9380,26126,0.008602150537634357
2024-01-02,9380,9600,9290,9400,30135,0.002132196162046851
2024-01-03,9370,9430,9310,9420,16644,0.0021276595744681437
2024-01-04,9390,9390,9170,9190,50920,-0.02441613588110403
2024-01-05,9190,9410,9150,9280,29150,0.009793253536452662
2024-01-08,9300,9580,9280,9430,156197,0.016163793103448176
2024-01-09,9490,9490,9170,9240,115663,-0.020148462354188768
2024-01-10,9260,9340,9130,9260,46513,0.0021645021645022577
2024-01-11,9290,9300,9180,9250,32563,-0.001079913606911398
2024-01-12,9220,9280,9000,9020,93420,-0.024864864864864833
2024-01-15,8990,9010,8720,8730,94771,-0.032150776053215036
2024-01-16,8700,8800,8560,8710,74084,-0.002290950744558984
2024-01-17,8710,8790,8350,8390,54431,-0.036739380022962065
2024-01-18,8300,9120,8300,8700,126738,0.03694874851013119
2024-01-19,8810,9160,8780,9070,114767,0.042528735632183956
2024-01-22,9070,9170,8800,9040,60457,-0.003307607497243681
2024-01-23,8940,9100,8930,9010,29211,-0.0033185840707964376
2024-01-24,9010,9150,8950,9090,26197,0.008879023307436285
2024-01-25,9200,9500,9150,9450,162388,0.03960396039603964
2024-01-26,9450,9450,9110,9290,58865,-0.016931216931216908
2024-01-29,9430,9430,9100,9290,35617,0.0
2024-01-30,9300,9300,9150,9180,60817,-0.011840688912809427
2024-01-31,9120,9510,9110,9390,103244,0.02287581699346397
2024-02-01,9370,9480,9270,9370,81013,-0.0021299254526091493
2024-02-02,9310,9320,9190,9270,78492,-0.01067235859124871
2024-02-05,9270,9320,9220,9290,43173,0.0021574973031284195
2024-02-06,9250,9670,9250,9640,123921,0.03767491926803013
2024-02-07,9700,9720,9360,9400,122785,-0.024896265560165998
2024-02-08,9420,9990,9400,9900,199321,0.05319148936170204
2024-02-13,9900,9970,9720,9880,65896,-0.002020202020202033
2024-02-14,9700,9780,9570,9720,52445,-0.01619433198380571
2024-02-15,9700,9820,9600,9820,33781,0.010288065843621297
2024-02-16,9820,9820,9600,9600,30298,-0.022403258655804503
2024-02-19,9560,9620,9500,9510,18298,-0.009375000000000022
2024-02-20,9530,9570,9340,9490,38055,-0.002103049421661396
2024-02-21,9520,9970,9410,9910,109718,0.04425711275026334
2024-02-22,9980,10690,9910,10200,369085,0.029263370332996974
2024-02-23,10210,10300,10010,10080,98035,-0.0117647058823529
2024-02-26,10080,10410,9950,10360,89676,0.02777777777777768
2024-02-27,10360,10360,9820,9840,85545,-0.050193050193050204
2024-02-28,9850,10200,9850,10160,48404,0.03252032520325199
2024-02-29,10170,10280,10030,10210,29445,0.004921259842519676
2024-03-04,10220,10330,10000,10010,49169,-0.019588638589618013
2024-03-05,10000,10330,9900,10220,29493,0.020979020979021046
2024-03-06,10300,10440,10100,10330,47278,0.010763209393346296
2024-03-07,10330,10330,9900,9940,51323,-0.037754114230396874
2024-03-08,9960,10210,9950,10180,34065,0.024144869215291687
2024-03-11,10340,10340,10060,10230,35645,0.004911591355599265
2024-03-12,10210,10410,10160,10270,39969,0.003910068426197455
2024-03-13,10250,10580,10170,10540,66958,0.02629016553067176
2024-03-14,10490,10530,10180,10380,47593,-0.015180265654648917
2024-03-15,10370,10630,10170,10500,50806,0.011560693641618602
2024-03-18,10500,10700,10140,10230,75593,-0.02571428571428569
2024-03-19,10240,10500,10220,10290,37395,0.0058651026392961825
2024-03-20,10290,10390,10130,10130,51076,-0.01554907677356654
2024-03-21,10210,10250,10070,10180,24889,0.0049358341559724295
2024-03-22,10180,10390,10120,10250,31508,0.006876227897838927
2024-03-25,10280,10290,10040,10060,31211,-0.018536585365853675
2024-03-26,10110,10130,9780,9800,39587,-0.025844930417495027
2024-03-27,9890,9930,9670,9830,22217,0.003061224489795844
2024-03-28,9830,9900,9510,9580,32095,-0.025432349949135347
2024-03-29,9570,9580,9430,9430,22483,-0.01565762004175364
2024-04-01,9430,9620,9410,9560,11766,0.01378579003181346
2024-04-02,9600,9630,9500,9540,9474,-0.0020920502092049986
2024-04-03,9530,9530,9410,9410,13787,-0.013626834381551323
2024-04-04,9520,9600,9220,9420,17475,0.0010626992561104665
2024-04-05,9410,9410,9220,9300,20308,-0.01273885350318471
2024-04-08,9250,9300,9000,9000,30203,-0.032258064516129004
2024-04-09,8910,9120,8860,8910,18088,-0.010000000000000009
2024-04-11,8910,9100,8850,9040,8082,0.014590347923681302
2024-04-12,9130,9130,8860,8860,7871,-0.019911504424778736
2024-04-15,8670,8900,8660,8790,12092,-0.007900677200902928
2024-04-16,9130,9450,8750,8840,15730,0.005688282138794021
2024-04-17,8860,9060,8860,9000,5910,0.018099547511312153
2024-04-18,8960,9570,8960,9300,11753,0.03333333333333344
2024-04-19,9280,9420,9180,9300,9800,0.0
2024-04-22,9350,9400,9010,9070,12845,-0.02473118279569897
2024-04-23,9170,9200,9000,9040,8240,-0.003307607497243681
2024-04-24,9140,9200,8960,9090,5467,0.005530973451327359
2024-04-25,9120,9180,9020,9050,5208,-0.004400440044004417
2024-04-26,9050,9100,9000,9000,12653,-0.0055248618784530246
2024-04-29,9000,9110,9000,9040,5599,0.004444444444444473
2024-04-30,9040,9230,9030,9120,10384,0.008849557522123908
2024-05-02,9050,9200,9030,9110,6113,-0.0010964912280702066
2024-05-03,9170,9370,9050,9290,8222,0.019758507135016368
2024-05-07,9290,9330,9090,9150,13682,-0.015069967707212029
2024-05-08,9150,9260,9130,9210,3892,0.006557377049180246
2024-05-09,9210,9310,9140,9200,6315,-0.0010857763300760048
2024-05-10,9280,9280,9120,9220,5256,0.0021739130434783593
2024-05-13,9220,9220,9070,9080,8515,-0.015184381778741818
2024-05-14,9180,9190,9070,9140,12252,0.0066079295154184425
2024-05-16,9190,9190,9090,9120,6817,-0.002188183807439792
2024-05-17,9200,9200,9060,9080,9473,-0.004385964912280715
2024-05-20,9180,9180,8980,9050,4072,-0.0033039647577092213
2024-05-21,9060,9060,8880,8880,26986,-0.018784530386740328
2024-05-22,8890,9000,8840,8990,6343,0.012387387387387427
2024-05-23,8990,8990,8880,8930,2794,-0.006674082313681828
2024-05-24,8990,8990,8850,8920,5583,-0.0011198208286674616
2024-05-27,9080,9080,8790,8850,10675,-0.007847533632286963
2024-05-28,8990,8990,8870,8900,6073,0.005649717514124353
2024-05-29,8990,8990,8800,8810,6298,-0.010112359550561778
2024-05-30,8970,8970,8790,8790,8207,-0.002270147559591429
2024-05-31,8880,8970,8790,8870,4453,0.009101251422070522
2024-06-03,9110,9110,8850,8870,2571,0.0
2024-06-04,8800,9000,8770,8810,7691,-0.006764374295377684
2024-06-05,8850,9100,8730,8800,7355,-0.0011350737797957144
2024-06-07,8770,8850,8760,8770,6001,-0.003409090909090917
2024-06-10,8750,8750,8590,8620,17169,-0.01710376282782211
2024-06-11,8650,8650,8250,8410,29702,-0.02436194895591648
2024-06-12,8410,8450,8100,8220,49277,-0.022592152199762183
2024-06-13,8220,8450,8200,8340,12152,0.014598540145985384
2024-06-14,8250,8410,8150,8230,8588,-0.013189448441247031
2024-06-17,8150,8210,8110,8210,13786,-0.002430133657351119
2024-06-18,8150,8220,8080,8130,19381,-0.00974421437271622
2024-06-19,8150,8160,8060,8070,10242,-0.0073800738007380184
2024-06-20,8140,8220,8060,8190,14263,0.014869888475836479
2024-06-21,8140,8230,8120,8150,3783,-0.004884004884004867
2024-06-24,8150,8340,8090,8120,10086,-0.0036809815950920033
2024-06-25,8020,8280,7980,8070,12526,-0.006157635467980316
2024-06-26,7990,8100,7990,8060,10121,-0.0012391573729864103
2024-06-27,8030,10220,8030,8690,1634407,0.07816377171215882
2024-06-28,8520,8620,8310,8360,123169,-0.03797468354430378
2024-07-01,8390,8670,8230,8250,68677,-0.013157894736842146
2024-07-02,8250,8370,8180,8250,31280,0.0
2024-07-03,8260,8640,8250,8360,473446,0.01333333333333342
2024-07-04,8350,8440,8270,8370,24991,0.0011961722488038617
2024-07-05,8320,8630,8320,8430,20809,0.007168458781362075
2024-07-08,8390,8540,8390,8510,20892,0.009489916963226541
2024-07-09,8480,8700,8480,8690,26073,0.021151586368977737
2024-07-10,8740,8740,8530,8590,17208,-0.011507479861910253
2024-07-11,8590,8590,8370,8420,23587,-0.019790454016297976
2024-07-12,8340,8510,8340,8420,11040,0.0
2024-07-15,8360,8420,8240,8350,14617,-0.008313539192399078
2024-07-16,8240,8440,8240,8320,6943,-0.003592814371257469
2024-07-17,8250,8340,8150,8240,18245,-0.009615384615384581
2024-07-18,8170,8300,8150,8220,10006,-0.0024271844660194164
2024-07-19,8220,8280,8150,8260,5784,0.0048661800486617945
2024-07-22,8220,8350,8030,8090,13948,-0.020581113801452777
2024-07-23,8030,8150,7970,7990,21563,-0.012360939431396822
2024-07-24,7990,8030,7950,7970,8967,-0.0025031289111389077
2024-07-25,7930,7930,7730,7790,25540,-0.02258469259723961
2024-07-26,7720,7850,7710,7850,9129,0.007702182284980763
2024-07-29,7930,8000,7850,7930,2456,0.010191082802547768
2024-07-30,7940,8010,7840,7990,5362,0.007566204287515754
2024-07-31,7910,7980,7850,7930,4332,-0.007509386733416723
2024-08-01,7850,8060,7800,8050,7703,0.015132408575031508
2024-08-02,8010,8050,7780,7780,8120,-0.03354037267080745
2024-08-05,7770,7770,6760,6970,73662,-0.10411311053984573
2024-08-06,6800,7210,6800,7060,26216,0.012912482065997155
2024-08-07,6980,7280,6980,7210,7871,0.021246458923512845
2024-08-08,7020,7430,7020,7240,8300,0.004160887656033285
2024-08-09,7210,7330,7160,7240,7290,0.0
2024-08-12,7170,7490,7170,7440,10119,0.027624309392265234
2024-08-13,7370,7490,7280,7370,2962,-0.009408602150537626
2024-08-14,7300,7550,7300,7470,7174,0.013568521031207537
2024-08-16,7480,7600,7420,7480,9451,0.0013386880856760541
2024-08-19,7430,7600,7350,7350,2993,-0.017379679144384985
2024-08-20,7310,7500,7310,7500,4739,0.020408163265306145
2024-08-21,7630,7630,7360,7410,6175,-0.01200000000000001
2024-08-22,7340,7490,7340,7410,4126,0.0
2024-08-23,7340,7520,7340,7490,4160,0.010796221322537214
2024-08-26,7640,7640,7440,7490,2591,0.0
2024-08-27,7420,7530,7400,7520,3722,0.004005340453938633
2024-08-28,7450,7660,7420,7420,7219,-0.013297872340425565
2024-08-29,7370,7490,7250,7300,4221,-0.016172506738544423
2024-08-30,7260,7460,7260,7410,4819,0.015068493150685036
2024-09-02,7410,7480,7310,7410,2190,0.0
2024-09-03,7430,7490,7240,7240,6076,-0.022941970310391357
2024-09-04,7210,7240,7000,7100,20451,-0.01933701657458564
2024-09-05,7200,7360,6940,7000,10087,-0.014084507042253502
2024-09-06,7070,7070,6860,6890,8878,-0.01571428571428568
2024-09-09,6800,7120,6760,7120,11157,0.03338171262699574
2024-09-10,7100,7200,6860,7200,25166,0.011235955056179803
2024-09-11,7190,7190,6980,6990,12760,-0.029166666666666674
2024-09-12,7010,7150,6920,7070,8223,0.011444921316166035
2024-09-13,7060,7200,7060,7190,5077,0.016973125884016893
2024-09-19,7120,7250,7120,7220,9034,0.004172461752433909
2024-09-20,7220,7300,7200,7250,8603,0.0041551246537396835
2024-09-23,7300,7330,7180,7320,7753,0.009655172413793212
2024-09-24,7360,7520,7320,7420,22125,0.013661202185792254
2024-09-25,7400,7560,7400,7510,15597,0.0121293800539084
2024-09-26,7570,7570,7400,7500,11866,-0.0013315579227696217
2024-09-27,7500,7590,7420,7540,5118,0.005333333333333412
2024-09-30,7600,7600,7140,7310,9755,-0.0305039787798409
2024-10-02,7290,7480,7210,7350,4163,0.00547195622435015
2024-10-04,7360,7520,7340,7350,2878,0.0
2024-10-07,7350,7430,7210,7370,3190,0.0027210884353741083
2024-10-08,7290,7420,7290,7370,3379,0.0
2024-10-10,7440,7440,7110,7240,11237,-0.01763907734056991
2024-10-11,7240,7320,7010,7320,5902,0.011049723756906049
2024-10-14,7260,7290,7210,7290,4292,-0.004098360655737654
2024-10-15,7330,7390,7280,7380,5481,0.012345679012345734
2024-10-16,7310,7390,7250,7260,3439,-0.016260162601625994
2024-10-17,7220,8960,7220,7330,953657,0.009641873278236845
2024-10-18,7230,7400,7230,7270,27403,-0.008185538881309684
2024-10-21,7250,7310,7100,7280,20607,0.0013755158184318717
2024-10-22,7280,7500,7170,7210,11922,-0.009615384615384581
2024-10-23,7200,7350,7130,7220,10362,0.001386962552011095
2024-10-24,7150,7240,7150,7170,5554,-0.006925207756232732
2024-10-25,7140,7220,7020,7030,6304,-0.019525801952580246
2024-10-28,7010,7780,7010,7160,118705,0.01849217638691325
2024-10-29,7140,7220,7100,7200,6306,0.005586592178770999
2024-10-30,7180,7220,7070,7170,10326,-0.004166666666666652
2024-10-31,7100,7170,7060,7160,3557,-0.001394700139469962
2024-11-01,7200,7200,7090,7110,2420,-0.006983240223463638
2024-11-04,7090,7190,7090,7140,3643,0.00421940928270037
2024-11-05,7070,7160,7070,7110,4664,-0.004201680672268893
2024-11-06,7110,7180,7050,7090,7479,-0.002812939521800284
2024-11-07,7090,7200,7020,7050,8598,-0.005641748942172065
2024-11-08,7090,7360,7070,7260,15225,0.029787234042553123
2024-11-11,7260,7260,6990,7010,13431,-0.03443526170798894
2024-11-12,7000,7070,6770,6900,20162,-0.015691868758915817
2024-11-13,6880,6880,6750,6790,8837,-0.01594202898550723
2024-11-14,6750,6840,6660,6840,10885,0.007363770250368162
2024-11-15,6780,7040,6670,7030,15189,0.02777777777777768
2024-11-18,6960,7040,6910,7010,7264,-0.002844950213371278
2024-11-19,7010,7090,6910,7090,7910,0.011412268188302432
2024-11-20,7100,7100,6960,6980,5935,-0.015514809590973178
2024-11-21,6910,7010,6870,6970,5257,-0.0014326647564469885
2024-11-22,6960,6980,6720,6900,16982,-0.010043041606886627
2024-11-25,6900,6970,6830,6960,8897,0.008695652173912993
2024-11-26,6960,7120,6870,7070,7231,0.015804597701149392
2024-11-27,7110,7350,6960,7180,33211,0.01555869872701554
2024-11-28,7160,7190,7090,7190,4484,0.0013927576601671099
2024-11-29,7140,7180,7000,7010,7651,-0.025034770514603566
2024-12-02,7010,7070,6800,6950,10552,-0.008559201141226769
2024-12-03,6950,6950,6820,6880,13893,-0.010071942446043147
2024-12-04,6830,6830,6660,6800,19598,-0.011627906976744207
2024-12-05,6670,6790,6670,6680,17181,-0.01764705882352946
2024-12-06,6640,6770,6440,6770,21416,0.013473053892215647
2024-12-09,6500,6580,6300,6300,24840,-0.069423929098966
2024-12-10,6130,7310,6130,7020,274678,0.11428571428571432
2024-12-11,7010,9120,6980,9120,2073041,0.2991452991452992
2024-12-12,10070,11200,9790,10020,2612893,0.09868421052631571
2024-12-13,10390,12380,9370,10980,4150291,0.09580838323353302
2024-12-16,13590,13800,11100,11300,2169966,0.02914389799635697
2024-12-17,11000,11300,10400,10840,585677,-0.04070796460176995
2024-12-18,10580,10610,10040,10220,326880,-0.05719557195571956
2024-12-19,9760,10200,9430,9500,294380,-0.07045009784735812
2024-12-20,10080,10100,8880,9470,516280,-0.0031578947368421373
2024-12-23,9350,9350,8830,9310,195322,-0.0168954593453009
2024-12-24,9160,9580,9010,9400,182253,0.009667024704618665
2024-12-26,9310,9890,9070,9120,189568,-0.029787234042553234
2024-12-27,9110,9640,8890,9580,204461,0.05043859649122817
2024-12-30,9460,9910,9180,9770,170354,0.019832985386221358
2025-01-02,10070,10700,9910,10500,293943,0.07471852610030716
2025-01-03,10500,10500,9870,9950,258244,-0.05238095238095242
2025-01-06,9720,9850,9370,9530,187310,-0.042211055276381915
2025-01-07,9530,10200,9300,10000,285088,0.04931794333683115
2025-01-08,9880,10020,9730,9890,103244,-0.01100000000000001
2025-01-09,9610,10130,9590,9620,115317,-0.027300303336703746
2025-01-10,9640,10900,9480,10420,1441742,0.08316008316008316
2025-01-13,10580,10650,10150,10380,224813,-0.0038387715930902067
2025-01-14,10370,11090,10210,10970,416220,0.056840077071290906
2025-01-15,11270,11310,10150,10160,418572,-0.07383773928896997
2025-01-16,10090,10310,9640,9730,181684,-0.04232283464566933
2025-01-17,9730,11200,9670,10300,904966,0.058581706063720373
2025-01-20,10200,10480,9880,9890,186950,-0.03980582524271847
2025-01-21,9900,10470,9900,10150,267750,0.02628918099089983
2025-01-22,10210,10250,9930,9960,112946,-0.01871921182266012
2025-01-23,9980,10120,9030,9100,288315,-0.08634538152610438
2025-01-24,9100,9480,8730,9180,210298,0.00879120879120876
2025-01-31,9120,9290,8950,9230,72862,0.005446623093681824
2025-02-03,9020,9420,8730,9040,102054,-0.020585048754062862
2025-02-04,9040,9420,9030,9370,111661,0.036504424778761146
2025-02-05,9370,9550,9160,9470,92959,0.01067235859124871
2025-02-06,9550,9690,9290,9300,75229,-0.017951425554382228
2025-02-07,9300,9300,9070,9170,89532,-0.013978494623655968
2025-02-10,9170,9760,9110,9740,103063,0.062159214830970644
2025-02-11,9700,9700,9410,9590,50879,-0.015400410677618104
2025-02-12,9550,9610,9430,9550,36242,-0.004171011470281538
2025-02-13,9510,10050,9510,9910,175246,0.03769633507853398
2025-02-14,9930,10230,9770,9930,101431,0.0020181634712410634
2025-02-17,10040,10090,9810,9990,41641,0.0060422960725075026
2025-02-18,9900,10070,9870,10070,45396,0.00800800800800805
2025-02-19,9950,10300,9900,10250,74905,0.01787487586891756
2025-02-20,10210,10220,9720,9770,115827,-0.04682926829268297
2025-02-21,9950,10000,9720,9860,40739,0.00921187308085969
2025-02-24,9860,10280,9770,10100,85004,0.024340770791074995
2025-02-25,10060,10070,9780,10070,46275,-0.002970297029702973
2025-02-26,10030,10050,9720,9740,65489,-0.03277060575968227
2025-02-27,9750,9910,9700,9730,35777,-0.0010266940451745254
2025-02-28,9630,9800,9500,9660,44158,-0.007194244604316502
2025-03-04,9650,9700,9340,9500,38147,-0.0165631469979296
2025-03-05,9500,10200,9500,10000,98970,0.05263157894736836
2025-03-06,10000,10300,9810,10270,62597,0.026999999999999913
2025-03-07,10130,10270,9120,9800,184140,-0.04576436222005842
2025-03-10,9680,9790,9320,9590,53241,-0.021428571428571463
2025-03-11,9450,9670,8820,8940,147645,-0.0677789363920751
2025-03-12,8910,9390,8900,9250,56004,0.034675615212528044
2025-03-13,9140,9440,9140,9350,29378,0.0108108108108107
2025-03-14,9350,9990,9350,9990,59668,0.06844919786096249
2025-03-17,9860,10450,9860,10360,129449,0.03703703703703698
2025-03-18,10110,10440,9960,10010,158305,-0.03378378378378377
2025-03-19,10020,10300,9840,9950,137541,-0.005994005994006013
2025-03-20,9910,10020,9490,9540,106415,-0.04120603015075375
2025-03-21,9400,9450,9170,9230,48297,-0.032494758909853205
2025-03-24,9230,9540,8860,9160,55631,-0.007583965330444253
2025-03-25,9100,9210,8700,8700,78975,-0.05021834061135366
2025-03-26,8780,11110,8660,10900,578141,0.2528735632183907
2025-03-27,10780,10780,9850,9890,590724,-0.09266055045871557
2025-03-28,9950,10300,9600,10170,257208,0.028311425682507663
2025-03-31,9930,10200,9570,9920,188639,-0.024582104228121904
2025-04-01,9760,11700,9760,11300,1371466,0.1391129032258065
2025-04-02,11400,11490,10800,11090,514293,-0.018584070796460184
2025-04-03,11230,14410,11150,14080,6579567,0.26961226330027044
2025-04-04,14550,18300,13740,17450,11402531,0.23934659090909083
2025-04-07,17790,20750,16050,17630,9789441,0.010315186246418362
2025-04-08,16790,17500,16050,16740,1238711,-0.05048213272830404
2025-04-09,16740,16920,14510,14950,1029545,-0.1069295101553166
2025-04-10,14950,16210,14830,15810,610664,0.05752508361204023
2025-04-11,15500,16180,15010,15990,386742,0.011385199240986799
2025-04-14,15150,15530,14500,15480,589001,-0.031894934333958735
2025-04-15,15480,15500,11300,11610,2074085,-0.25
2025-04-16,11610,12320,11320,11400,621712,-0.018087855297157618
2025-04-17,11360,11970,10900,11880,497862,0.042105263157894646
2025-04-18,11920,12420,11550,12350,345837,0.039562289562289576
2025-04-21,12720,12880,12200,12600,413601,0.020242914979757165
2025-04-22,12500,12960,11890,12290,624396,-0.024603174603174627
2025-04-23,12180,12180,11280,11290,450827,-0.08136696501220508
2025-04-24,11320,11770,11290,11500,211688,0.01860053144375562
2025-04-25,11570,11700,11380,11430,135690,-0.006086956521739184
2025-04-28,11870,11870,11090,11510,442352,0.006999125109361293
2025-04-29,12120,12400,11670,11700,814795,0.01650738488271064
2025-04-30,11690,12720,11600,12360,1117233,0.05641025641025643
2025-05-02,11500,11970,11020,11620,450157,-0.05987055016181231
2025-05-07,11790,15100,11700,15100,6766458,0.29948364888123935
2025-05-08,16120,18910,15000,17620,18066386,0.16688741721854305
2025-05-09,17600,18260,17090,17800,3334677,0.010215664018161208
2025-05-12,18700,19240,17080,17230,4138688,-0.032022471910112316
2025-05-13,17090,17200,16170,16240,1030738,-0.057457922228670966
2025-05-14,16230,16230,15470,15600,864954,-0.039408866995073843
2025-05-15,15640,15850,15010,15060,734667,-0.0346153846153846
2025-05-16,15160,16150,14690,15830,2561971,0.05112881806108893
2025-05-19,14990,15160,13870,14000,782063,-0.1156032849020846
2025-05-20,14130,14570,13920,13980,669994,-0.0014285714285714457
2025-05-21,13740,15320,13500,14120,1129164,0.010014306151645114
2025-05-22,14120,14120,13280,13420,317071,-0.04957507082152979
2025-05-23,13430,13900,13130,13150,256693,-0.020119225037257826
2025-05-26,13010,14380,12960,13940,668374,0.06007604562737634
2025-05-27,13810,14500,13710,14440,414926,0.03586800573888094
2025-05-28,14720,14930,14300,14610,463766,0.011772853185595622
2025-05-29,14940,15680,14830,15250,897933,0.04380561259411353
2025-05-30,15190,15950,14140,14920,1114184,-0.02163934426229508
2025-06-02,15350,18850,15350,18160,9249230,0.21715817694369965
2025-06-04,21000,22050,17130,20550,16161754,0.13160792951541844
2025-06-05,20400,25150,19970,22050,14614224,0.07299270072992692
2025-06-09,24100,25400,21350,21750,5540182,-0.013605442176870763
2025-06-10,21500,21500,19990,20850,1956625,-0.04137931034482756
2025-06-11,20650,21050,20050,20300,1056113,-0.026378896882493952
2025-06-12,20150,21100,19500,19940,987825,-0.017733990147783207
2025-06-13,19910,20300,19080,19290,636870,-0.03259779338014046
2025-06-16,19000,20700,18970,19270,2031362,-0.0010368066355624928
2025-06-17,19910,20075,18000,18920,1017595,-0.018162947586922717
2025-06-18,19240,21900,19240,21400,6502708,0.13107822410147985
2025-06-19,22250,22900,21000,21400,2042854,0.0
2025-06-20,19130,19900,18000,18000,1780191,-0.15887850467289721
2025-06-23,17590,18430,17290,18130,1054681,0.007222222222222241
2025-06-24,18400,18730,17720,17990,751178,-0.007722007722007707
2025-06-25,17970,18150,17170,17200,476745,-0.0439132851584213
2025-06-26,17170,18300,16690,16690,832150,-0.029651162790697683
2025-06-27,16750,17320,16610,17220,227332,0.031755542240862855
2025-06-30,17260,17850,16830,16830,230521,-0.022648083623693416
2025-07-01,16830,17710,16830,17470,152612,0.03802733214497911
2025-07-02,17790,17800,16950,17010,88382,-0.02633085289066972
2025-07-03,17180,17250,16500,17170,100881,0.009406231628453776
2025-07-04,17170,17180,16530,16540,94133,-0.03669190448456605
2025-07-07,17550,20100,16750,18590,4014166,0.12394195888754544
2025-07-08,19000,19110,17550,17600,612356,-0.053254437869822535
2025-07-09,17660,17740,17350,17520,159944,-0.004545454545454519
2025-07-10,17150,17640,17020,17410,224307,-0.006278538812785395
2025-07-11,17510,17730,17080,17290,199988,-0.006892590465249815
2025-07-14,17160,17320,16960,17040,121054,-0.014459224985540753
2025-07-15,17200,17370,17120,17250,79086,0.012323943661971759
2025-07-16,17300,19880,17060,17780,3198041,0.030724637681159406
2025-07-17,17930,18130,17560,17770,257998,-0.0005624296962879471
