Date,Open,High,Low,Close,Volume,Change
2022-01-03,35000,36300,34600,35100,765,0.017391304347825987
2022-01-04,34500,34950,34300,34900,250,-0.005698005698005715
2022-01-05,35450,35450,34000,34850,542,-0.0014326647564469885
2022-01-06,35200,35250,33100,34350,462,-0.01434720229555242
2022-01-07,34150,35200,34000,35200,1051,0.024745269286754024
2022-01-10,34150,35600,34150,34800,340,-0.011363636363636354
2022-01-11,34800,35250,34100,35100,832,0.008620689655172376
2022-01-12,34500,35100,34200,34400,1064,-0.019943019943019946
2022-01-13,34100,34750,33650,34150,1023,-0.007267441860465129
2022-01-14,34100,34700,33750,34700,643,0.016105417276720324
2022-01-17,34050,34650,33500,33850,1028,-0.02449567723342938
2022-01-18,34100,34950,33200,33200,975,-0.019202363367799125
2022-01-19,32200,34550,32100,33100,1877,-0.003012048192771122
2022-01-20,33800,33800,32850,33400,212,0.009063444108761365
2022-01-21,33400,33400,32300,33050,470,-0.010479041916167664
2022-01-24,32050,33100,32000,32000,951,-0.0317700453857791
2022-01-25,32600,32600,30500,30600,1011,-0.043749999999999956
2022-01-26,31000,31750,30600,30850,1185,0.008169934640522847
2022-01-27,31100,31100,29600,29600,1183,-0.04051863857374394
2022-01-28,28700,30800,28700,30800,975,0.04054054054054057
2022-02-03,32300,32300,30250,31800,528,0.032467532467532534
2022-02-04,31800,33200,31150,33000,1321,0.037735849056603765
2022-02-07,33000,33600,31200,33400,1488,0.0121212121212122
2022-02-08,34200,34200,32800,32950,858,-0.013473053892215536
2022-02-09,32950,40250,31000,34400,49963,0.04400606980273136
2022-02-10,33950,34950,33300,33300,5999,-0.03197674418604646
2022-02-11,33100,34000,32800,33050,2503,-0.007507507507507505
2022-02-14,32800,32950,31850,31850,3384,-0.036308623298033305
2022-02-15,31300,33550,31200,31800,2170,-0.0015698587127158659
2022-02-16,32800,33600,32000,32700,1467,0.028301886792452935
2022-02-17,33000,33850,32100,32500,1213,-0.006116207951070374
2022-02-18,33000,33250,32350,32550,1648,0.0015384615384614886
2022-02-21,33100,34000,31500,32800,929,0.007680491551459223
2022-02-22,33100,33250,32100,32600,1511,-0.0060975609756097615
2022-02-23,33450,33450,32200,33000,578,0.012269938650306678
2022-02-24,32900,32900,32000,32000,1489,-0.030303030303030276
2022-02-25,33800,33800,31800,32000,1374,0.0
2022-02-28,32000,34000,31200,32000,2538,0.0
2022-03-02,32700,32850,31950,32700,1235,0.02187500000000009
2022-03-03,32700,37000,32700,33500,14908,0.024464831804281273
2022-03-04,33200,34350,33200,34000,2967,0.014925373134328401
2022-03-07,34000,34750,33200,34100,1994,0.002941176470588225
2022-03-08,32850,34000,32850,33500,702,-0.017595307917888547
2022-03-10,33850,34750,33600,33850,816,0.010447761194029903
2022-03-11,34150,34700,33400,33750,1930,-0.002954209748892156
2022-03-14,33750,34200,33100,33350,791,-0.011851851851851891
2022-03-15,33800,34050,33000,33400,2170,0.0014992503748125774
2022-03-16,33400,42900,33400,35700,321366,0.06886227544910173
2022-03-17,36600,38900,35600,35950,53304,0.007002801120448154
2022-03-18,35700,37500,35000,37200,39913,0.03477051460361613
2022-03-21,37200,40900,36900,38950,56911,0.04704301075268824
2022-03-22,39100,39100,37300,37650,15554,-0.033376123234916566
2022-03-23,38250,38250,36300,37150,18563,-0.013280212483399723
2022-03-24,36850,38300,36100,37650,18196,0.013458950201884257
2022-03-25,37700,37750,36900,37550,6285,-0.0026560424966799445
2022-03-28,37550,41000,37100,37600,24692,0.0013315579227697327
2022-03-29,38700,44400,37600,41550,175793,0.10505319148936176
2022-03-30,41000,41600,39800,40200,26110,-0.032490974729241895
2022-03-31,40200,40650,39900,40150,12607,-0.0012437810945273853
2022-04-01,40600,42900,40150,41150,39775,0.024906600249066102
2022-04-04,42000,43500,41050,41050,29304,-0.002430133657351119
2022-04-05,41550,41550,40150,40450,8378,-0.01461632155907433
2022-04-06,40200,42200,40100,40800,9949,0.008652657601977642
2022-04-07,40300,40950,40150,40750,5831,-0.001225490196078427
2022-04-08,40550,41100,40100,40550,5328,-0.004907975460122671
2022-04-11,40250,40750,39900,40300,5214,-0.006165228113440224
2022-04-12,40300,40850,39850,40300,4945,0.0
2022-04-13,40050,40500,40000,40400,3017,0.002481389578163684
2022-04-14,40700,40800,38850,39350,10080,-0.025990099009901013
2022-04-15,39600,39600,39050,39100,2594,-0.006353240152477735
2022-04-18,39650,43500,39350,41500,52992,0.0613810741687979
2022-04-19,40700,41800,40200,40400,12220,-0.026506024096385583
2022-04-20,41400,41400,39950,40900,5386,0.012376237623762387
2022-04-21,40800,40800,39900,40050,4371,-0.020782396088019572
2022-04-22,39950,40450,39600,39800,2916,-0.006242197253433224
2022-04-25,39400,40000,38900,39350,1514,-0.011306532663316604
2022-04-26,39350,39900,38800,39150,3051,-0.0050825921219822545
2022-04-27,38700,39300,38550,38850,1209,-0.007662835249042099
2022-04-28,38650,39950,38050,39100,1601,0.006435006435006496
2022-04-29,39200,39600,38800,38850,1380,-0.006393861892583175
2022-05-02,38850,39350,38500,38900,1632,0.0012870012870012104
2022-05-03,38800,39450,38050,39400,1183,0.01285347043701801
2022-05-04,39700,39700,38550,38600,2565,-0.02030456852791873
2022-05-06,38150,39000,38150,38450,1534,-0.0038860103626943143
2022-05-09,38200,38500,37600,37600,1199,-0.022106631989596837
2022-05-10,37250,38250,36400,37300,1364,-0.007978723404255317
2022-05-11,38000,38000,36850,37450,659,0.004021447721179516
2022-05-12,37000,37800,34450,35200,2399,-0.060080106809078826
2022-05-13,36400,36400,35350,35700,368,0.014204545454545414
2022-05-16,36000,36500,34750,35800,1260,0.0028011204481792618
2022-05-17,36650,36650,35000,36200,853,0.011173184357541999
2022-05-18,37200,37200,35500,35900,392,-0.008287292817679592
2022-05-19,34600,35200,33900,33900,5328,-0.055710306406685284
2022-05-20,33800,35250,33800,35200,1201,0.03834808259587019
2022-05-23,35900,35900,34600,34600,564,-0.017045454545454586
2022-05-24,35050,35050,33850,34050,327,-0.01589595375722541
2022-05-25,34700,34700,33000,33750,4060,-0.008810572687224627
2022-05-26,34000,34450,33400,33650,1328,-0.002962962962962945
2022-05-27,33750,35900,33750,34650,2482,0.029717682020802272
2022-05-30,34200,35950,34200,35050,747,0.011544011544011523
2022-05-31,35700,35700,34650,35000,709,-0.0014265335235378318
2022-06-02,36800,36800,34600,35200,593,0.005714285714285783
2022-06-03,35750,36000,34900,36000,1846,0.022727272727272707
2022-06-07,36800,36850,35350,36400,1916,0.011111111111111072
2022-06-08,35500,37500,35500,36350,2263,-0.0013736263736263687
2022-06-09,36050,37500,35800,35900,2299,-0.012379642365887178
2022-06-10,36500,37350,35850,36550,1542,0.01810584958217265
2022-06-13,36400,36400,35000,35700,801,-0.023255813953488413
2022-06-14,35000,36600,34600,36400,1406,0.019607843137254832
2022-06-15,36800,36950,35200,35950,1280,-0.012362637362637319
2022-06-16,35950,36900,35150,35150,874,-0.022253129346314293
2022-06-17,34150,36650,34150,35200,1784,0.0014224751066855834
2022-06-20,34750,35300,34250,34300,1219,-0.025568181818181768
2022-06-21,32550,39000,32550,35100,9106,0.023323615160349753
2022-06-22,35200,36000,34300,35000,2552,-0.002849002849002802
2022-06-23,34500,35500,33000,33250,2288,-0.050000000000000044
2022-06-24,34700,34700,33300,34200,919,0.02857142857142847
2022-06-27,33950,36250,33900,34350,10265,0.004385964912280604
2022-06-28,33850,36900,33850,36150,14491,0.05240174672489073
2022-06-29,36000,36500,34850,35100,3039,-0.02904564315352698
2022-06-30,35900,35900,34250,34250,1181,-0.024216524216524205
2022-07-01,34250,35200,34000,34000,1428,-0.007299270072992692
2022-07-04,34450,34450,32700,33000,1266,-0.02941176470588236
2022-07-05,33050,34350,31050,33700,5045,0.021212121212121238
2022-07-06,34350,34350,32000,32500,3243,-0.035608308605341255
2022-07-07,32500,33850,32000,33650,1790,0.03538461538461535
2022-07-08,33650,34400,33000,33700,412,0.0014858841010401136
2022-07-11,34400,34400,32900,33150,517,-0.016320474777448024
2022-07-12,33150,33150,31650,32000,2243,-0.03469079939668174
2022-07-13,32000,32400,31750,32250,1236,0.0078125
2022-07-14,32100,32200,31500,31900,629,-0.010852713178294615
2022-07-15,31850,31850,31350,31500,579,-0.01253918495297801
2022-07-18,31600,32700,31600,32300,473,0.025396825396825307
2022-07-19,32000,32600,32000,32350,324,0.001547987616099089
2022-07-20,32900,32950,31900,32200,1087,-0.004636785162287493
2022-07-21,32250,32600,32150,32350,205,0.004658385093167627
2022-07-22,32350,32500,31800,32000,1148,-0.010819165378670781
2022-07-25,32000,33000,32000,32200,1544,0.006250000000000089
2022-07-26,32700,32700,32050,32300,77,0.0031055900621117516
2022-07-27,32300,32850,31500,32050,3590,-0.007739938080495334
2022-07-28,32500,32500,32050,32400,1843,0.010920436817472678
2022-07-29,32450,33000,32150,32900,2412,0.015432098765432167
2022-08-01,33350,33350,33050,33250,1876,0.010638297872340496
2022-08-02,33300,33750,32750,33150,457,-0.003007518796992459
2022-08-03,33850,33850,33000,33550,1040,0.012066365007541435
2022-08-04,33600,34100,33450,33950,1833,0.011922503725782407
2022-08-05,34000,34450,33500,33550,2847,-0.01178203240058906
2022-08-08,34400,34400,32950,33050,666,-0.014903129657228065
2022-08-09,33500,34100,33050,33700,507,0.01966717095310133
2022-08-10,33700,34150,32500,33150,2895,-0.016320474777448024
2022-08-11,33250,33500,33000,33000,658,-0.004524886877828038
2022-08-12,33000,33800,33000,33100,401,0.003030303030302939
2022-08-16,33100,33950,33100,33350,1065,0.007552870090634434
2022-08-17,33350,34000,33350,33900,2593,0.016491754122938573
2022-08-18,33800,34200,33500,33950,349,0.001474926253687281
2022-08-19,33950,34150,33250,33400,947,-0.016200294550810068
2022-08-22,33400,33400,32100,32250,1471,-0.034431137724550864
2022-08-23,32250,32500,32000,32000,273,-0.007751937984496138
2022-08-24,32000,32800,32000,32650,433,0.020312499999999956
2022-08-25,32500,33100,32500,32750,345,0.003062787136294043
2022-08-26,32950,33650,32550,33450,723,0.021374045801526798
2022-08-29,33300,33300,32000,32100,1478,-0.04035874439461884
2022-08-30,32100,32300,31500,31500,3614,-0.01869158878504673
2022-08-31,31500,31500,30750,30850,2306,-0.020634920634920673
2022-09-01,31000,31600,28900,29000,5599,-0.05996758508914102
2022-09-02,29000,29950,29000,29150,1002,0.005172413793103514
2022-09-05,29150,29700,26300,27800,5340,-0.046312178387650116
2022-09-06,28350,29000,27100,27200,3073,-0.021582733812949617
2022-09-07,27200,27350,25300,25400,3561,-0.06617647058823528
2022-09-08,25950,26000,25300,25950,846,0.021653543307086576
2022-09-13,25950,27250,25950,26800,1170,0.032755298651252485
2022-09-14,25950,27950,25950,27650,1533,0.03171641791044766
2022-09-15,27700,28050,26600,27300,1286,-0.012658227848101222
2022-09-16,27700,27700,25600,26400,1202,-0.03296703296703296
2022-09-19,25700,26750,25700,26400,837,0.0
2022-09-20,27400,27400,26150,26550,617,0.005681818181818121
2022-09-21,27250,27250,26400,26600,866,0.0018832391713747842
2022-09-22,26600,26600,25700,25950,1230,-0.024436090225563922
2022-09-23,26000,26000,24300,24300,5589,-0.06358381502890176
2022-09-26,24500,25000,22000,22550,7836,-0.07201646090534974
2022-09-27,22600,23050,21600,22900,2210,0.015521064301552201
2022-09-28,23350,23500,22050,22550,4646,-0.015283842794759805
2022-09-29,23350,23350,22450,22500,959,-0.0022172949002217113
2022-09-30,22500,23000,22050,22350,1501,-0.00666666666666671
2022-10-04,22350,25650,22050,24950,6290,0.11633109619686799
2022-10-05,25000,25300,23300,23600,3029,-0.054108216432865786
2022-10-06,23650,24200,23550,24000,1025,0.016949152542372836
2022-10-07,24000,24100,23250,24000,1104,0.0
2022-10-11,24000,24000,23000,23500,526,-0.02083333333333337
2022-10-12,23500,24100,22500,22550,2143,-0.04042553191489362
2022-10-13,22300,22650,22050,22450,966,-0.0044345898004434225
2022-10-14,22150,22800,22150,22600,501,0.006681514476614803
2022-10-17,22200,22850,22200,22750,446,0.006637168141592875
2022-10-18,22800,23550,22700,23100,1432,0.01538461538461533
2022-10-19,23450,23450,22700,22800,566,-0.012987012987012991
2022-10-20,22800,22950,22600,22650,302,-0.006578947368421018
2022-10-21,22500,22950,22300,22400,628,-0.01103752759381893
2022-10-24,22800,23250,22150,22450,710,0.0022321428571427937
2022-10-25,22450,23150,22200,22300,449,-0.006681514476614692
2022-10-26,22100,22850,22100,22300,835,0.0
2022-10-27,22000,23400,22000,23100,1511,0.03587443946188351
2022-10-28,23400,23550,22650,23000,742,-0.0043290043290042934
2022-10-31,22900,23600,22750,23050,204,0.0021739130434783593
2022-11-01,22750,24650,22750,23900,1812,0.03687635574837311
2022-11-02,23500,24200,23000,24200,885,0.012552301255230214
2022-11-03,24050,24100,22800,24100,770,-0.004132231404958664
2022-11-04,24800,30000,24450,26300,66146,0.0912863070539418
2022-11-07,26900,26900,25050,25550,5629,-0.028517110266159662
2022-11-08,25400,26250,24500,24800,3507,-0.02935420743639927
2022-11-09,24500,26550,24500,25650,3095,0.03427419354838701
2022-11-10,26050,26050,24600,24950,1301,-0.02729044834307992
2022-11-11,25100,25700,24600,25050,4239,0.004008016032064132
2022-11-14,25200,25350,24700,24950,1041,-0.003992015968063867
2022-11-15,24600,25100,24400,24500,2304,-0.018036072144288595
2022-11-16,24700,24700,24250,24650,2544,0.00612244897959191
2022-11-17,24600,24750,24400,24650,268,0.0
2022-11-18,24650,24700,24200,24600,420,-0.0020283975659228792
2022-11-21,24650,25350,24300,25200,3868,0.024390243902439046
2022-11-22,25500,25500,24850,24900,796,-0.011904761904761862
2022-11-23,24600,25450,24300,25050,587,0.006024096385542244
2022-11-24,25500,25500,24900,25200,621,0.0059880239520957446
2022-11-25,25300,25850,24900,25350,2098,0.005952380952380931
2022-11-28,25700,25750,24950,25550,1637,0.007889546351084853
2022-11-29,25550,33200,25550,30900,206848,0.2093933463796478
2022-11-30,29400,34450,28000,29000,77387,-0.06148867313915862
2022-12-01,29000,30200,28050,28550,22091,-0.01551724137931032
2022-12-02,28700,29450,28200,28300,8969,-0.008756567425569184
2022-12-05,28050,30000,28050,29000,12843,0.02473498233215543
2022-12-06,28850,29850,28650,28750,4578,-0.008620689655172376
2022-12-07,28750,37350,28750,36000,328881,0.25217391304347836
2022-12-08,33000,33900,31100,31850,66855,-0.11527777777777781
2022-12-09,31850,33450,31250,31600,33153,-0.00784929356357933
2022-12-12,30750,39300,30750,33600,148465,0.06329113924050622
2022-12-13,34000,37300,33050,33350,65598,-0.007440476190476164
2022-12-14,33400,33800,32550,32850,12142,-0.014992503748125885
2022-12-15,32500,33250,32050,32550,8509,-0.0091324200913242
2022-12-16,32450,33200,31700,32600,7345,0.001536098310291889
2022-12-19,32650,32850,31950,32050,4465,-0.016871165644171793
2022-12-20,32050,32300,30750,31000,6005,-0.032761310452418146
2022-12-21,31300,31750,30750,31150,3223,0.004838709677419395
2022-12-22,31450,33450,31450,32150,17117,0.0321027287319422
2022-12-23,31600,32950,31250,31600,5312,-0.017107309486780742
2022-12-26,31600,32000,31150,31500,2476,-0.0031645569620253333
2022-12-27,34200,34350,32100,32450,16743,0.03015873015873005
2022-12-28,32050,32400,31100,31250,3663,-0.036979969183358996
2022-12-29,30950,31200,30000,30500,3530,-0.02400000000000002
2023-01-02,30750,30750,29050,29400,4645,-0.0360655737704918
2023-01-03,29900,30400,28800,30150,1503,0.025510204081632626
2023-01-04,30150,31950,29600,30900,5016,0.02487562189054726
2023-01-05,32000,32150,31050,31900,8457,0.032362459546925626
2023-01-06,31900,31900,30750,31600,3222,-0.009404388714733591
2023-01-09,32250,32250,31450,31900,4301,0.009493670886076
2023-01-10,31250,31850,31050,31050,1425,-0.026645768025078342
2023-01-11,31050,31400,30900,31300,1857,0.008051529790660261
2023-01-12,32000,32000,30750,30800,1366,-0.015974440894568676
2023-01-13,30650,31900,30650,30900,2376,0.0032467532467532756
2023-01-16,31150,31600,30800,31500,1482,0.01941747572815533
2023-01-17,31500,32000,31000,31000,1710,-0.015873015873015928
2023-01-18,31000,31500,31000,31100,1676,0.003225806451612856
2023-01-19,31300,31700,31050,31050,1315,-0.001607717041800627
2023-01-20,30850,31650,30800,31050,1321,0.0
2023-01-25,31100,31950,30750,31000,1524,-0.0016103059581320522
2023-01-26,30600,31750,30600,31100,1573,0.003225806451612856
2023-01-27,31100,31500,31000,31000,1908,-0.003215434083601254
2023-01-30,31050,31500,31050,31050,1664,0.001612903225806539
2023-01-31,30900,31300,30700,30700,1836,-0.011272141706924366
2023-02-01,30700,31750,30700,31400,2222,0.0228013029315961
2023-02-02,31450,31800,31000,31800,3728,0.01273885350318471
2023-02-03,31800,32000,31150,31200,3350,-0.018867924528301883
2023-02-06,31400,31500,30750,31400,2546,0.0064102564102563875
2023-02-07,31050,31500,31050,31200,1405,-0.006369426751592355
2023-02-08,31200,31600,31050,31400,2820,0.0064102564102563875
2023-02-09,31700,31700,31150,31500,1734,0.0031847133757962887
2023-02-10,31500,32700,31150,32150,8429,0.02063492063492056
2023-02-13,32150,32350,31300,31350,6349,-0.02488335925349927
2023-02-14,31700,32650,31200,31700,9464,0.011164274322169154
2023-02-15,31600,31800,31050,31350,4323,-0.01104100946372244
2023-02-16,31050,31750,31000,31350,2755,0.0
2023-02-17,31250,32350,31100,31400,4058,0.0015948963317384823
2023-02-20,31350,32150,31350,31850,2766,0.014331210191082855
2023-02-21,31950,32200,31550,31900,1716,0.0015698587127157548
2023-02-22,31500,31800,31200,31800,1303,-0.0031347962382445305
2023-02-23,31850,32700,31350,31950,11445,0.004716981132075526
2023-02-24,31950,33400,31400,31750,18209,-0.006259780907668211
2023-02-27,31500,31650,30850,31150,2976,-0.018897637795275646
2023-02-28,31150,31600,30800,30950,2295,-0.006420545746388395
2023-03-02,32350,32350,30750,30850,2882,-0.003231017770597755
2023-03-03,30850,31900,30850,31150,549,0.009724473257698651
2023-03-06,31150,31150,30800,31050,1419,-0.0032102728731941976
2023-03-07,31000,31150,30750,31050,3596,0.0
2023-03-08,31050,31350,30650,31150,4646,0.0032206119162641045
2023-03-09,31150,31750,30900,31150,4647,0.0
2023-03-10,31150,31200,30200,30200,9459,-0.0304975922953451
2023-03-13,30000,31600,29200,30850,17635,0.021523178807947074
2023-03-14,30950,30950,29300,29300,4201,-0.05024311183144248
2023-03-15,29500,30350,29350,29700,2780,0.013651877133105783
2023-03-16,29250,29250,28800,29000,2296,-0.023569023569023573
2023-03-17,29750,29750,29000,29150,1922,0.005172413793103514
2023-03-20,29300,29950,29050,29550,1267,0.013722126929674117
2023-03-21,29100,29800,28750,29100,1517,-0.015228426395939132
2023-03-22,29100,29100,28700,28850,2073,-0.00859106529209619
2023-03-23,28650,28850,27450,27600,14664,-0.04332755632582319
2023-03-24,27600,27950,27400,27400,1304,-0.007246376811594235
2023-03-27,27300,28000,26800,27400,1516,0.0
2023-03-28,27700,27700,27250,27400,2139,0.0
2023-03-29,27400,28250,27350,27550,1960,0.005474452554744547
2023-03-30,27700,28350,27550,28250,3203,0.025408348457350183
2023-03-31,28250,28500,27700,27900,1340,-0.012389380530973493
2023-04-03,27900,27900,27250,27700,1050,-0.007168458781361964
2023-04-04,27300,27600,27100,27600,4376,-0.0036101083032491488
2023-04-05,27600,27650,27350,27450,813,-0.005434782608695676
2023-04-06,27450,28200,26750,26750,3597,-0.025500910746812377
2023-04-07,26700,27150,26700,27050,1030,0.01121495327102795
2023-04-10,27450,27450,25900,26100,5073,-0.03512014787430684
2023-04-11,25950,27800,25600,26350,3422,0.009578544061302763
2023-04-12,26750,26850,26100,26850,1036,0.018975332068311257
2023-04-13,26500,26900,26250,26850,907,0.0
2023-04-14,26500,27300,26500,26900,2326,0.0018621973929235924
2023-04-17,27100,27100,26050,26050,3881,-0.03159851301115246
2023-04-18,26050,27000,25550,25700,6287,-0.013435700575815779
2023-04-19,25600,26000,25550,25750,2066,0.0019455252918287869
2023-04-20,25750,26400,25500,25500,3019,-0.009708737864077666
2023-04-21,25600,25650,25300,25650,1227,0.00588235294117645
2023-04-24,25650,26700,25500,25900,2524,0.00974658869395717
2023-04-25,26350,26350,25200,25300,1646,-0.02316602316602312
2023-04-26,25350,25650,25000,25300,901,0.0
2023-04-27,25300,25300,23800,24150,4285,-0.045454545454545414
2023-04-28,24950,24950,23650,24950,2801,0.0331262939958592
2023-05-02,24200,25350,24050,25350,2382,0.01603206412825653
2023-05-03,24600,25250,24100,25100,902,-0.009861932938856066
2023-05-04,25100,25100,24200,24600,1932,-0.019920318725099584
2023-05-08,25100,25750,24750,25550,1387,0.03861788617886175
2023-05-09,25050,25800,24650,25750,2530,0.007827788649706457
2023-05-10,25750,25850,24200,25000,3216,-0.029126213592232997
2023-05-11,25300,25750,24300,25250,1420,0.010000000000000009
2023-05-12,25300,25700,24700,25600,1059,0.013861386138613874
2023-05-15,25600,25800,24800,25300,692,-0.01171875
2023-05-16,25200,25200,24650,24700,502,-0.02371541501976282
2023-05-17,24900,25600,24700,25500,1017,0.03238866396761142
2023-05-18,25500,25500,24300,24500,4263,-0.039215686274509776
2023-05-19,24500,25300,24300,25000,1780,0.020408163265306145
2023-05-22,25750,25750,25050,25200,897,0.008000000000000007
2023-05-23,25200,25400,25050,25150,506,-0.001984126984126977
2023-05-24,25150,25700,24500,24900,1553,-0.00994035785288272
2023-05-25,25050,25050,24300,24450,1295,-0.01807228915662651
2023-05-26,24450,24500,24200,24250,1212,-0.008179959100204526
2023-05-30,24300,31500,24200,28450,239336,0.17319587628865984
2023-05-31,27050,36850,27000,34000,685634,0.195079086115993
2023-06-01,33450,35550,30150,31100,201976,-0.08529411764705885
2023-06-02,30200,31450,29500,29900,49948,-0.03858520900321538
2023-06-05,29500,30350,28850,29950,38306,0.0016722408026756952
2023-06-07,29400,29800,28150,28300,28563,-0.05509181969949917
2023-06-08,28100,29500,27750,28100,20521,-0.007067137809187329
2023-06-09,28100,28400,27150,27300,15799,-0.028469750889679735
2023-06-12,27350,28400,27250,28150,10287,0.031135531135531025
2023-06-13,28100,28350,27600,27900,5640,-0.008880994671403242
2023-06-14,27650,28200,27000,27000,14600,-0.032258064516129004
2023-06-15,26900,27700,26750,27150,5075,0.005555555555555536
2023-06-16,27150,31000,27150,28050,47344,0.03314917127071815
2023-06-19,28050,28250,27600,28050,5673,0.0
2023-06-20,28050,28550,27850,28200,2920,0.005347593582887722
2023-06-21,28000,28700,27250,27450,5423,-0.02659574468085102
2023-06-22,27250,27750,26850,26850,3829,-0.021857923497267784
2023-06-23,27000,27100,26000,26500,4788,-0.013035381750465591
2023-06-26,26100,27200,25550,26850,3782,0.013207547169811429
2023-06-27,26900,26900,26250,26750,2701,-0.003724394785847296
2023-06-28,26400,26650,26150,26350,2738,-0.01495327102803734
2023-06-29,26350,26800,26000,26150,2788,-0.007590132827324458
2023-06-30,26150,26900,25800,26650,3071,0.019120458891013437
2023-07-03,26650,26850,26300,26650,578,0.0
2023-07-04,26300,26600,26100,26200,1763,-0.016885553470919357
2023-07-05,26500,27000,26250,26550,2088,0.013358778625954137
2023-07-06,26850,27300,26150,26150,2380,-0.015065913370998163
2023-07-07,27200,27200,25900,25900,1482,-0.009560229445506718
2023-07-10,25850,26000,25500,25950,2040,0.0019305019305020377
2023-07-11,26450,26450,25450,25950,552,0.0
2023-07-12,26600,26600,25650,26000,883,0.0019267822736031004
2023-07-13,26000,26300,25400,26000,1881,0.0
2023-07-14,25700,26450,25700,26100,3315,0.0038461538461538325
2023-07-17,26100,26450,25700,25850,2853,-0.009578544061302652
2023-07-18,25650,26600,25600,25800,1738,-0.0019342359767892114
2023-07-19,25600,26350,25100,25300,2926,-0.019379844961240345
2023-07-20,25300,26000,25000,25050,2280,-0.00988142292490124
2023-07-21,25100,25150,24750,24800,1840,-0.009980039920159722
2023-07-24,24800,24800,24150,24500,4105,-0.012096774193548376
2023-07-25,24500,25350,24200,24600,4136,0.004081632653061273
2023-07-26,25300,25300,23800,23900,8139,-0.028455284552845517
2023-07-27,24350,24600,23550,24050,1347,0.006276150627614996
2023-07-28,24750,24750,23600,24150,2174,0.004158004158004047
2023-07-31,24100,24900,24100,24750,918,0.024844720496894457
2023-08-01,24500,25100,24500,24950,1101,0.008080808080808133
2023-08-02,24500,25150,24500,24650,1223,-0.012024048096192397
2023-08-03,24650,24650,24300,24350,1081,-0.012170385395537497
2023-08-04,24350,24500,24250,24350,583,0.0
2023-08-07,24350,25200,24200,25150,3065,0.03285420944558526
2023-08-08,26400,26400,25000,25450,3782,0.011928429423459175
2023-08-09,25450,26150,25150,25750,4540,0.011787819253438192
2023-08-10,25750,26950,25500,26700,12198,0.03689320388349504
2023-08-11,26950,27250,26250,26650,3785,-0.0018726591760299671
2023-08-14,26450,27250,25900,26150,2121,-0.018761726078799223
2023-08-16,25600,26200,25000,25400,2378,-0.028680688336520044
2023-08-17,25250,25850,24300,24700,2170,-0.027559055118110187
2023-08-18,24100,24850,24100,24800,1406,0.004048582995951344
2023-08-21,24550,25050,24400,24650,484,-0.006048387096774244
2023-08-22,24650,24650,24200,24200,854,-0.018255578093306246
2023-08-23,24200,24550,23950,24150,1110,-0.0020661157024793875
2023-08-24,24150,24700,23850,24100,2693,-0.0020703933747412417
2023-08-25,24150,24150,23500,24050,6829,-0.0020746887966804906
2023-08-28,24050,24950,24000,24200,1087,0.006237006237006293
2023-08-29,24250,24950,23850,24350,3009,0.006198347107438051
2023-08-30,24350,24600,24200,24500,735,0.006160164271047153
2023-08-31,24500,24650,24350,24400,849,-0.004081632653061273
2023-09-01,24450,24600,23950,24200,2789,-0.008196721311475419
2023-09-04,24350,24350,23900,24200,1210,0.0
2023-09-05,24200,24500,24000,24300,2209,0.004132231404958775
2023-09-06,24300,24350,24000,24200,864,-0.004115226337448541
2023-09-07,24050,24500,23850,24000,1355,-0.008264462809917328
2023-09-08,24050,24150,23900,24000,1264,0.0
2023-09-11,23900,24400,23750,24150,779,0.006250000000000089
2023-09-12,24400,24450,24100,24350,1753,0.008281573498964745
2023-09-13,24100,24500,24100,24350,3157,0.0
2023-09-14,24100,25600,24100,25400,9553,0.04312114989733051
2023-09-15,25650,26050,24700,24900,2747,-0.019685039370078705
2023-09-18,24950,25100,24600,24950,1674,0.002008032128514081
2023-09-19,24850,25200,24650,24700,759,-0.01002004008016033
2023-09-20,24600,24750,24550,24700,936,0.0
2023-09-21,24550,24900,24050,24400,2031,-0.012145748987854255
2023-09-22,24300,24650,24100,24550,984,0.006147540983606481
2023-09-25,24300,25350,24300,25050,1616,0.020366598778004175
2023-09-26,25450,25450,24600,24850,927,-0.007984031936127733
2023-09-27,24550,25350,24200,25250,1072,0.016096579476861272
2023-10-04,25050,25050,24550,24750,760,-0.01980198019801982
2023-10-05,24550,24950,24400,24400,659,-0.014141414141414121
2023-10-06,24450,24700,24150,24650,177,0.010245901639344357
2023-10-10,24500,24600,24050,24150,2246,-0.020283975659229236
2023-10-11,24500,24750,23950,24250,3078,0.0041407867494824835
2023-10-12,23600,24700,23600,24350,362,0.004123711340206171
2023-10-13,24050,24950,24000,24700,2158,0.014373716632443578
2023-10-16,24900,24900,23800,24200,1743,-0.020242914979757054
2023-10-17,23600,24200,23600,23950,1721,-0.010330578512396715
2023-10-18,24050,25650,23750,24800,10104,0.035490605427974886
2023-10-19,24750,25550,24150,25150,13659,0.014112903225806495
2023-10-20,25150,25150,24200,24550,1705,-0.02385685884691846
2023-10-23,24700,25400,23700,24300,4850,-0.010183299389002087
2023-10-24,24400,24500,23950,24300,1062,0.0
2023-10-25,24300,24400,23800,24150,701,-0.006172839506172867
2023-10-26,23200,23950,23200,23650,1623,-0.020703933747411973
2023-10-27,23700,24450,23700,24100,255,0.019027484143763207
2023-10-30,24050,27600,23800,24200,26684,0.004149377593360981
2023-10-31,24700,24700,23300,23300,14989,-0.037190082644628086
2023-11-01,23300,24600,23100,24000,4255,0.030042918454935563
2023-11-02,23850,24250,23550,23700,5345,-0.012499999999999956
2023-11-03,23700,23900,23250,23650,3455,-0.002109704641350185
2023-11-06,23750,24050,23300,24000,4552,0.014799154334038
2023-11-07,23800,24000,23600,23800,685,-0.008333333333333304
2023-11-08,23900,24150,23700,23950,1074,0.006302521008403339
2023-11-09,23950,24400,23850,24300,1566,0.014613778705636848
2023-11-10,24050,24400,23750,24100,2710,-0.008230452674897082
2023-11-13,23700,24200,23700,23800,695,-0.012448132780082943
2023-11-14,23600,24050,23550,23800,618,0.0
2023-11-15,24050,24750,23850,24350,2940,0.02310924369747891
2023-11-16,24050,24800,24000,24450,2689,0.004106776180698102
2023-11-17,24000,24850,24000,24650,5395,0.008179959100204526
2023-11-20,24650,24900,24200,24850,2366,0.008113590263691739
2023-11-21,24950,25300,24750,25150,6075,0.012072434607645954
2023-11-22,24950,25300,24850,25050,1275,-0.003976143141153132
2023-11-23,25250,25300,24900,25100,638,0.001996007984031989
2023-11-24,24950,25250,24600,25150,4235,0.0019920318725099584
2023-11-27,24800,25600,24800,25500,3186,0.013916500994035852
2023-11-28,25400,25500,25150,25500,4184,0.0
2023-11-29,25500,25500,24750,24750,2103,-0.02941176470588236
2023-11-30,24800,25400,24650,25350,2370,0.024242424242424176
2023-12-01,25350,26600,25250,26000,18131,0.02564102564102555
2023-12-04,25650,27000,25450,26300,10309,0.011538461538461497
2023-12-05,26000,26450,25300,26450,3268,0.005703422053231932
2023-12-06,25800,26200,25350,25950,4126,-0.018903591682419618
2023-12-07,25950,31000,25400,28200,73642,0.08670520231213863
2023-12-08,27400,30000,27100,28000,17286,-0.007092198581560294
2023-12-11,28100,29100,27450,28200,7189,0.0071428571428571175
2023-12-12,27750,28250,27350,28150,7414,-0.0017730496453900457
2023-12-13,28300,28300,26950,27050,5875,-0.039076376554174064
2023-12-14,27100,28600,26700,27750,8597,0.025878003696857776
2023-12-15,27750,28450,27100,28350,3203,0.021621621621621623
2023-12-18,28700,29350,27850,29000,4404,0.022927689594356204
2023-12-19,29100,29350,28400,29150,4603,0.005172413793103514
2023-12-20,29150,34100,29150,30700,104109,0.05317324185248706
2023-12-21,30700,31600,29500,30200,14587,-0.016286644951140072
2023-12-22,30300,30900,29700,30200,10328,0.0
2023-12-26,30200,30200,28200,28200,6757,-0.06622516556291391
2023-12-27,28250,28900,26800,27250,6353,-0.03368794326241131
2023-12-28,27700,28950,27250,28900,6017,0.06055045871559628
2024-01-02,29850,30500,28900,30250,7911,0.04671280276816603
2024-01-03,29850,31000,29250,29750,9526,-0.016528925619834656
2024-01-04,29550,30400,29400,29600,5735,-0.005042016806722671
2024-01-05,30600,31350,29250,30950,13901,0.045608108108108114
2024-01-08,30900,31450,29800,29800,6026,-0.037156704361874016
2024-01-09,29850,31100,29850,30050,5281,0.008389261744966348
2024-01-10,30050,30850,29550,30200,4368,0.004991680532445919
2024-01-11,30300,30900,29600,30350,2082,0.004966887417218624
2024-01-12,29700,30250,28400,29000,3725,-0.04448105436573313
2024-01-15,30000,33050,28950,29700,27510,0.024137931034482696
2024-01-16,29300,29500,28800,29150,3691,-0.01851851851851849
2024-01-17,29150,29450,28050,28550,2235,-0.020583190394511175
2024-01-18,29000,29000,27500,27850,3255,-0.024518388791593737
2024-01-19,28150,28200,26800,26850,3572,-0.03590664272890487
2024-01-22,26950,27800,26800,27050,764,0.007448789571694592
2024-01-23,27000,27650,26600,27450,929,0.014787430683918634
2024-01-24,26800,27600,26800,26900,1353,-0.02003642987249543
2024-01-25,26850,27250,26650,27250,1153,0.013011152416356975
2024-01-26,27250,28200,27000,28000,1147,0.02752293577981657
2024-01-29,27550,28250,27500,27700,635,-0.010714285714285676
2024-01-30,28400,28400,27500,27650,989,-0.0018050541516245744
2024-01-31,28400,29150,27500,28000,3925,0.012658227848101333
2024-02-01,29550,30200,28000,28400,10877,0.014285714285714235
2024-02-02,28350,28850,28000,28800,1874,0.014084507042253502
2024-02-05,29000,29000,28200,28300,1087,-0.01736111111111116
2024-02-06,28350,28400,27950,28400,1723,0.0035335689045936647
2024-02-07,28100,28800,28000,28400,1694,0.0
2024-02-08,28400,28450,27950,28400,3484,0.0
2024-02-13,28750,31600,28250,28500,17485,0.0035211267605634866
2024-02-14,28550,28700,27350,28100,5821,-0.01403508771929829
2024-02-15,28100,28100,27500,27900,2285,-0.007117437722419906
2024-02-16,28300,28400,27900,28350,1831,0.016129032258064502
2024-02-19,28100,28650,28100,28250,4282,-0.003527336860670194
2024-02-20,28400,28400,27500,28050,1750,-0.0070796460176991705
2024-02-21,27850,28150,27700,27850,2915,-0.007130124777183555
2024-02-22,27900,27950,27100,27800,2219,-0.0017953321364452268
2024-02-23,27850,27850,27600,27700,694,-0.003597122302158251
2024-02-26,27600,28300,27500,27900,3717,0.0072202166064982976
2024-02-27,27550,28300,27550,28100,3049,0.007168458781362075
2024-02-28,27750,28400,27750,27900,2351,-0.007117437722419906
2024-02-29,27900,27900,26950,27600,3969,-0.010752688172043001
2024-03-04,27550,27900,26750,26750,2235,-0.030797101449275388
2024-03-05,26750,26950,26250,26650,1600,-0.0037383177570093906
2024-03-06,26250,26350,25800,25900,1987,-0.02814258911819889
2024-03-07,26500,26500,25700,25950,271,0.0019305019305020377
2024-03-08,27100,27100,25750,25900,393,-0.0019267822736031004
2024-03-11,26400,26400,25450,25900,442,0.0
2024-03-12,25900,26050,25850,25950,206,0.0019305019305020377
2024-03-13,26000,26450,25800,26150,847,0.007707129094412402
2024-03-14,26400,26400,25900,26300,760,0.005736137667303964
2024-03-15,25850,25900,25350,25650,3045,-0.024714828897338448
2024-03-18,25650,26000,25350,25550,492,-0.003898635477582846
2024-03-19,25900,25900,25350,25500,385,-0.00195694716242667
2024-03-20,25750,25750,25100,25700,1572,0.007843137254901933
2024-03-21,25800,25950,25650,25800,2365,0.0038910505836575737
2024-03-22,25850,26000,25550,25850,1065,0.0019379844961240345
2024-03-25,25850,25850,25600,25700,475,-0.005802707930367523
2024-03-26,25800,27200,25600,26850,3668,0.04474708171206232
2024-03-27,27000,27000,26100,26150,634,-0.02607076350093107
2024-03-28,26350,26450,25900,25950,231,-0.007648183556405397
2024-03-29,25850,26550,25850,26400,647,0.01734104046242768
2024-04-01,25750,26600,25750,25850,1521,-0.02083333333333337
2024-04-02,25850,26050,25500,25600,1197,-0.009671179883945835
2024-04-03,25550,26000,25550,25800,1187,0.0078125
2024-04-04,25850,25900,25700,25850,374,0.0019379844961240345
2024-04-05,26300,26300,25650,25650,339,-0.007736943907156624
2024-04-08,25650,26450,25500,25800,366,0.005847953216374213
2024-04-09,26700,26700,25600,25600,794,-0.007751937984496138
2024-04-11,25500,25600,25150,25250,1821,-0.013671875
2024-04-12,25450,25550,25100,25150,403,-0.003960396039603964
2024-04-15,25150,25350,24950,24950,425,-0.007952286282306154
2024-04-16,25050,25050,24450,24450,806,-0.02004008016032066
2024-04-17,24400,25300,24400,25300,1237,0.03476482617586907
2024-04-18,25200,25700,25000,25000,600,-0.011857707509881465
2024-04-19,24800,24850,24150,24350,790,-0.026000000000000023
2024-04-22,24350,25500,24350,24850,553,0.02053388090349073
2024-04-23,24850,25100,24800,25000,416,0.006036217303822866
2024-04-24,24600,25300,24600,24800,387,-0.008000000000000007
2024-04-25,24800,24900,24800,24800,228,0.0
2024-04-26,24800,24950,24500,24700,630,-0.0040322580645161255
2024-04-29,24700,25350,24550,24750,567,0.002024291497975783
2024-04-30,24600,24950,24600,24800,512,0.002020202020202033
2024-05-02,24850,25000,24650,24900,872,0.0040322580645162365
2024-05-03,24850,24950,24750,24900,381,0.0
2024-05-07,25250,25300,24800,25050,1178,0.006024096385542244
2024-05-08,24950,25150,24850,25050,1374,0.0
2024-05-09,25050,25200,24900,25050,495,0.0
2024-05-10,25200,25250,24850,24900,879,-0.005988023952095856
2024-05-13,24900,25150,24800,24950,275,0.002008032128514081
2024-05-14,24950,25050,24850,25050,255,0.004008016032064132
2024-05-16,25200,25600,25200,25400,784,0.013972055888223478
2024-05-17,25350,25350,25100,25200,220,-0.007874015748031482
2024-05-20,25300,25350,24000,25200,1078,0.0
2024-05-21,25000,25150,24850,24900,155,-0.011904761904761862
2024-05-22,24850,25200,24850,24950,231,0.002008032128514081
2024-05-23,25000,25200,24700,24700,458,-0.01002004008016033
2024-05-24,24550,24700,24150,24300,896,-0.01619433198380571
2024-05-27,24350,24800,24300,24300,778,0.0
2024-05-28,24400,25000,24300,24350,513,0.002057613168724215
2024-05-29,24550,25000,24200,24200,271,-0.006160164271047264
2024-05-30,24550,24700,24100,24200,594,0.0
2024-05-31,24250,24650,24250,24650,429,0.018595041322314154
2024-06-03,24650,25250,24550,25200,584,0.022312373225152227
2024-06-04,24900,26050,24800,25700,3112,0.01984126984126977
2024-06-05,25600,25600,25150,25350,568,-0.013618677042801508
2024-06-07,25450,25600,25300,25600,191,0.009861932938856066
2024-06-10,25900,25900,25150,25350,514,-0.009765625
2024-06-11,25200,25900,25100,25300,496,-0.0019723865877712132
2024-06-12,25400,26000,25350,26000,1775,0.027667984189723382
2024-06-13,25800,26200,25550,25750,1225,-0.009615384615384581
2024-06-14,25750,26000,25450,25850,883,0.003883495145631022
2024-06-17,25800,25900,25600,25900,361,0.0019342359767891004
2024-06-18,25900,26050,25500,25700,761,-0.007722007722007707
2024-06-19,25650,25800,25450,25450,1338,-0.009727626459143934
2024-06-20,25450,25500,25200,25250,702,-0.007858546168958758
2024-06-21,25350,25800,25000,25000,738,-0.00990099009900991
2024-06-24,24950,25000,24850,24850,161,-0.006000000000000005
2024-06-25,24950,25100,24850,25000,277,0.006036217303822866
2024-06-26,24800,25000,24400,24800,890,-0.008000000000000007
2024-06-27,25050,26000,24250,24250,3083,-0.022177419354838745
2024-06-28,25500,25500,24250,24300,614,0.0020618556701030855
2024-07-01,24550,24800,24150,24300,151,0.0
2024-07-02,24600,24850,24300,24500,219,0.008230452674897082
2024-07-03,24500,24800,24300,24500,140,0.0
2024-07-04,24500,24750,24450,24550,116,0.0020408163265306367
2024-07-05,24700,24950,24650,24950,328,0.016293279022403295
2024-07-08,25150,25150,24700,24750,142,-0.008016032064128265
2024-07-09,25100,25150,24600,25000,176,0.010101010101010166
2024-07-10,25000,25050,24800,25000,102,0.0
2024-07-11,24600,25100,24600,24700,107,-0.01200000000000001
2024-07-12,24700,25000,24500,24700,923,0.0
2024-07-15,24700,25000,24000,24900,288,0.00809716599190291
2024-07-16,24850,24850,24650,24650,265,-0.010040160642570295
2024-07-17,24950,24950,24600,24950,171,0.012170385395537497
2024-07-18,24600,24900,24600,24700,130,-0.01002004008016033
2024-07-19,24850,24850,24350,24400,118,-0.012145748987854255
2024-07-22,24800,24800,23500,24000,1331,-0.016393442622950838
2024-07-23,24400,24400,22500,23550,1774,-0.018750000000000044
2024-07-24,23600,23650,23300,23350,453,-0.00849256900212314
2024-07-25,23300,23350,22900,23100,1955,-0.010706638115631661
2024-07-26,23100,23650,22800,23550,1938,0.01948051948051943
2024-07-29,23500,23750,23350,23700,270,0.006369426751592355
2024-07-30,24200,24200,23400,23400,499,-0.012658227848101222
2024-07-31,23750,24100,23100,23700,664,0.012820512820512775
2024-08-01,24100,24100,23200,23650,1161,-0.002109704641350185
2024-08-02,23500,23500,23100,23350,717,-0.012684989429175508
2024-08-05,23550,23550,21550,22000,2105,-0.05781584582441113
2024-08-06,23000,23600,21500,23400,802,0.06363636363636371
2024-08-07,23550,23550,22200,22700,1643,-0.02991452991452992
2024-08-08,22500,23000,22250,22950,717,0.011013215859030812
2024-08-09,22900,23350,22750,23300,111,0.015250544662309462
2024-08-12,23000,23450,23000,23400,171,0.0042918454935623185
2024-08-13,23100,23550,23100,23500,105,0.004273504273504258
2024-08-14,23150,23800,23150,23800,161,0.012765957446808418
2024-08-16,24000,24000,23400,23800,495,0.0
2024-08-19,23350,23900,23350,23600,809,-0.008403361344537785
2024-08-20,23850,23850,23350,23500,98,-0.004237288135593209
2024-08-21,23500,23650,23300,23600,715,0.004255319148936065
2024-08-22,23800,23800,23300,23450,928,-0.006355932203389814
2024-08-23,23500,23550,23350,23500,138,0.002132196162046851
2024-08-26,23250,24050,23250,23900,904,0.017021276595744705
2024-08-27,23600,24050,23600,24050,305,0.006276150627614996
2024-08-28,24000,24000,23700,24000,106,-0.0020790020790020236
2024-08-29,24000,24100,23450,23950,135,-0.002083333333333326
2024-08-30,23900,23950,23200,23900,1032,-0.0020876826722338038
2024-09-02,23900,24000,23100,23650,545,-0.010460251046025104
2024-09-03,23650,23700,23000,23550,2512,-0.0042283298097252064
2024-09-04,23100,23400,23050,23050,296,-0.02123142250530785
2024-09-05,23300,23400,22750,23050,543,0.0
2024-09-06,23250,23800,22700,23050,327,0.0
2024-09-09,22700,23100,22650,22900,366,-0.006507592190889366
2024-09-10,22550,23900,22550,23300,1121,0.017467248908296984
2024-09-11,23150,23550,23150,23250,73,-0.0021459227467811592
2024-09-12,23000,24050,23000,23800,1672,0.023655913978494647
2024-09-13,23600,23800,23550,23750,213,-0.0021008403361344463
2024-09-19,23800,24450,23700,24050,2127,0.012631578947368327
2024-09-20,24200,24350,23350,24000,813,-0.0020790020790020236
2024-09-23,23900,24350,23750,23900,1173,-0.004166666666666652
2024-09-24,23900,24100,23900,23900,589,0.0
2024-09-25,23800,25650,23800,25250,8179,0.05648535564853563
2024-09-26,25000,26450,25000,26100,6473,0.03366336633663369
2024-09-27,25950,26300,25300,26300,1378,0.00766283524904221
2024-09-30,25500,26000,24750,24750,1556,-0.05893536121673004
2024-10-02,24750,24900,24050,24200,523,-0.022222222222222254
2024-10-04,24300,24700,23800,24550,321,0.01446280991735538
2024-10-07,24350,24850,24350,24700,392,0.006109979633401208
2024-10-08,24350,25750,24350,25400,886,0.028340080971659853
2024-10-10,25000,25650,24000,25000,4230,-0.015748031496062964
2024-10-11,24800,25550,24550,25200,1720,0.008000000000000007
2024-10-14,25200,25650,25200,25500,1524,0.011904761904761862
2024-10-15,25200,25450,24600,25300,840,-0.007843137254901933
2024-10-16,25300,25600,25100,25550,570,0.009881422924901129
2024-10-17,25550,26050,25300,25850,2357,0.011741682974559797
2024-10-18,25850,26100,25300,25350,1457,-0.01934235976789167
2024-10-21,25700,25800,25350,25650,841,0.01183431952662728
2024-10-22,25450,25900,25100,25750,1312,0.003898635477582957
2024-10-23,25750,25750,24550,25450,998,-0.011650485436893177
2024-10-24,25100,25750,25050,25450,931,0.0
2024-10-25,25450,25850,24250,25000,2731,-0.017681728880157177
2024-10-28,25350,25350,24550,25000,1449,0.0
2024-10-29,25000,25000,24550,24750,1199,-0.010000000000000009
2024-10-30,24700,24950,24450,24900,377,0.0060606060606061
2024-10-31,24700,24950,24350,24900,1018,0.0
2024-11-01,24500,24900,24400,24900,597,0.0
2024-11-04,24900,24900,24600,24750,676,-0.0060240963855421326
2024-11-05,24750,24750,24400,24700,206,-0.002020202020202033
2024-11-06,24700,25250,24650,24800,881,0.004048582995951344
2024-11-07,24650,24650,24250,24400,664,-0.016129032258064502
2024-11-08,24450,25000,24350,24350,598,-0.002049180327868827
2024-11-11,24250,24350,24000,24000,319,-0.014373716632443578
2024-11-12,24000,24100,23250,23700,841,-0.012499999999999956
2024-11-13,23850,23850,23250,23250,638,-0.01898734177215189
2024-11-14,23250,23450,23100,23450,1261,0.008602150537634357
2024-11-15,23450,23450,23150,23400,720,-0.002132196162046962
2024-11-18,23400,23400,23150,23200,268,-0.008547008547008517
2024-11-19,23200,23500,23100,23150,534,-0.0021551724137931494
2024-11-20,23150,23900,23000,23450,2599,0.012958963282937441
2024-11-21,23100,23950,22850,23450,1118,0.0
2024-11-22,23700,23700,23250,23450,500,0.0
2024-11-25,23850,24000,23450,24000,1114,0.023454157782516027
2024-11-26,23900,24500,23450,24250,1316,0.01041666666666674
2024-11-27,24250,24550,23850,24400,1024,0.006185567010309256
2024-11-28,24650,24950,24000,24950,1039,0.02254098360655732
2024-11-29,25200,25200,23900,24150,3465,-0.03206412825651306
2024-12-02,24400,24750,23600,23650,1005,-0.020703933747411973
2024-12-03,23550,24700,23550,24100,1616,0.019027484143763207
2024-12-04,23950,23950,23250,23900,1761,-0.008298755186721962
2024-12-05,23900,23900,23300,23700,351,-0.008368200836820106
2024-12-06,23750,23750,23200,23400,980,-0.012658227848101222
2024-12-09,23100,23100,22650,22700,1647,-0.02991452991452992
2024-12-10,23000,23400,22850,23100,263,0.017621145374449254
2024-12-11,23150,24050,23150,23650,228,0.023809523809523725
2024-12-12,23900,24150,23600,23600,1061,-0.0021141649048626032
2024-12-13,23000,23500,22750,23500,1399,-0.004237288135593209
2024-12-16,23700,23900,23350,23600,450,0.004255319148936065
2024-12-17,23800,23800,23350,23500,83,-0.004237288135593209
2024-12-18,23400,23850,23400,23800,827,0.012765957446808418
2024-12-19,23800,23900,23300,23750,25,-0.0021008403361344463
2024-12-20,23300,23850,23200,23200,401,-0.023157894736842155
2024-12-23,23800,23800,23250,23300,162,0.004310344827586299
2024-12-24,23600,23750,23300,23300,345,0.0
2024-12-26,23100,23200,23000,23200,1105,-0.0042918454935622075
2024-12-27,23650,23650,22350,22950,414,-0.010775862068965525
2024-12-30,22500,23850,22100,23100,442,0.006535947712418277
2025-01-02,23600,23600,23100,23100,122,0.0
2025-01-03,23450,23500,23150,23400,84,0.01298701298701288
2025-01-06,23600,23800,23400,23800,479,0.017094017094017033
2025-01-07,23800,23900,23300,23650,203,-0.006302521008403339
2025-01-08,23800,23850,23650,23850,275,0.008456659619450413
2025-01-09,23850,23950,23450,23950,366,0.004192872117400492
2025-01-10,23950,24000,23450,24000,476,0.0020876826722338038
2025-01-13,24000,24200,23600,24100,1115,0.004166666666666652
2025-01-14,24150,24150,23750,24100,99,0.0
2025-01-15,24000,24050,23750,23750,331,-0.014522821576763434
2025-01-16,23950,24000,23550,23850,166,0.004210526315789442
2025-01-17,24050,24050,23600,23950,165,0.004192872117400492
2025-01-20,23550,23800,23300,23800,298,-0.006263048016701411
2025-01-21,23950,24000,23300,23650,548,-0.006302521008403339
2025-01-22,23650,24000,23600,23700,819,0.0021141649048626032
2025-01-23,23950,23950,23700,23700,72,0.0
2025-01-24,24000,24700,24000,24250,1726,0.02320675105485237
2025-01-31,24350,24550,24100,24400,282,0.006185567010309256
2025-02-03,24400,24400,23500,23650,590,-0.030737704918032738
2025-02-04,23700,24200,23650,24000,406,0.014799154334038
2025-02-05,24000,24500,24000,24450,535,0.018750000000000044
2025-02-06,24450,24600,24000,24550,594,0.004089979550102152
2025-02-07,24200,24550,24000,24000,122,-0.022403258655804503
2025-02-10,24200,24200,23900,23950,479,-0.002083333333333326
2025-02-11,24000,24400,23750,24000,311,0.0020876826722338038
2025-02-12,24000,24000,23800,23900,601,-0.004166666666666652
2025-02-13,23800,24550,23800,24300,1274,0.01673640167364021
2025-02-14,24250,24550,24150,24500,806,0.008230452674897082
2025-02-17,24550,24550,24250,24550,594,0.0020408163265306367
2025-02-18,24350,24550,24300,24500,780,-0.0020366598778004397
2025-02-19,24450,25250,24250,24700,2472,0.008163265306122547
2025-02-20,25200,25200,24300,24950,1560,0.010121457489878471
2025-02-21,25150,25150,24850,25100,839,0.006012024048096087
2025-02-24,25200,25200,24550,24800,762,-0.01195219123505975
2025-02-25,25100,25150,24550,24600,465,-0.008064516129032251
2025-02-26,24600,24800,24500,24800,492,0.008130081300812941
2025-02-27,24500,24800,24500,24600,264,-0.008064516129032251
2025-02-28,24500,24500,23600,24200,5270,-0.016260162601625994
2025-03-04,24000,24000,23200,23300,2151,-0.037190082644628086
2025-03-05,23300,23450,23100,23250,831,-0.0021459227467811592
2025-03-06,23400,23800,23250,23500,268,0.010752688172043001
2025-03-07,23500,23650,23450,23500,434,0.0
2025-03-10,23300,23800,23250,23300,562,-0.008510638297872353
2025-03-11,23300,23750,23300,23550,77,0.010729613733905685
2025-03-12,23550,23800,23300,23800,436,0.010615711252653925
2025-03-13,23400,23700,23200,23350,795,-0.018907563025210128
2025-03-14,23600,24000,23400,23600,398,0.010706638115631772
2025-03-17,24100,24100,23500,23850,79,0.010593220338983134
2025-03-18,23850,23950,23750,23750,63,-0.004192872117400381
2025-03-19,23900,24000,23450,23800,349,0.002105263157894832
2025-03-20,23550,23800,23300,23450,281,-0.014705882352941124
2025-03-21,23450,23500,23200,23300,715,-0.006396588486140775
2025-03-24,23300,23300,23100,23150,595,-0.006437768240343367
2025-03-25,23100,23450,23100,23350,168,0.008639308855291628
2025-03-26,23700,23700,22350,23300,973,-0.0021413276231263545
2025-03-27,23300,23300,23050,23250,121,-0.0021459227467811592
2025-03-28,23000,23400,22550,22700,2037,-0.023655913978494647
2025-03-31,22700,23200,22350,22400,524,-0.013215859030836996
2025-04-01,22700,22700,21500,21700,15061,-0.03125
2025-04-02,22100,22100,21250,21300,2701,-0.018433179723502335
2025-04-03,21300,21700,21100,21300,1039,0.0
2025-04-04,21700,21850,21250,21600,432,0.014084507042253502
2025-04-07,21100,21850,20500,20550,1143,-0.04861111111111116
2025-04-08,20550,21150,20550,21050,848,0.024330900243308973
2025-04-09,21050,21650,20500,20500,609,-0.026128266033254133
2025-04-10,20950,22250,20400,21400,647,0.04390243902439028
2025-04-11,20600,21850,20600,21750,484,0.016355140186915973
2025-04-14,21700,22000,21250,21600,421,-0.006896551724137945
2025-04-15,22000,22100,21550,22000,193,0.0185185185185186
2025-04-16,22000,22050,21700,21700,163,-0.013636363636363669
2025-04-17,22000,22000,21400,21450,698,-0.011520737327188946
2025-04-18,21650,21850,21200,21400,685,-0.002331002331002363
2025-04-21,21800,21800,21300,21450,1313,0.002336448598130758
2025-04-22,22000,22000,21350,21800,475,0.01631701631701632
2025-04-23,21800,22100,21550,21950,870,0.006880733944954143
2025-04-24,22100,22100,21850,21950,296,0.0
2025-04-25,21950,22450,21600,22000,915,0.002277904328018332
2025-04-28,22450,22450,21850,21850,485,-0.006818181818181834
2025-04-29,22000,22500,21700,22250,573,0.01830663615560635
2025-04-30,22500,22500,21850,22050,569,-0.008988764044943864
2025-05-02,21850,22100,21850,21850,649,-0.009070294784580546
2025-05-07,22500,22650,22000,22000,3250,0.006864988558352492
2025-05-08,22500,22500,22200,22500,982,0.022727272727272707
2025-05-09,22500,22500,21850,22400,341,-0.004444444444444473
2025-05-12,22400,22850,22350,22850,1474,0.02008928571428581
2025-05-13,29700,29700,27700,29700,227998,0.29978118161925593
2025-05-14,38600,38600,38600,38600,21427,0.29966329966329974
2025-05-15,39200,50100,39000,44700,1082234,0.15803108808290145
2025-05-16,49000,56900,44000,45500,848819,0.017897091722595126
2025-05-19,38700,43000,34850,36750,414980,-0.1923076923076923
2025-05-20,35250,40900,33950,36750,273048,0.0
2025-05-21,36350,37500,35000,35550,85463,-0.03265306122448974
2025-05-22,39100,40450,35250,36300,181047,0.021097046413502074
2025-05-23,35300,39650,35050,37600,180541,0.03581267217630857
2025-05-26,37100,48400,36900,43050,477605,0.14494680851063824
2025-05-27,42050,47650,39600,44100,305860,0.024390243902439046
2025-05-28,43900,57300,43100,50500,653069,0.14512471655328807
2025-05-29,52300,54500,47100,48150,230939,-0.046534653465346576
2025-05-30,48000,52700,46600,47300,164113,-0.017653167185877505
2025-06-02,46500,51100,46100,47800,74693,0.010570824524312794
2025-06-04,49200,50700,47000,49450,114041,0.03451882845188292
2025-06-05,49500,50800,45750,47000,84790,-0.04954499494438824
2025-06-09,45450,47400,42350,42500,73893,-0.0957446808510638
2025-06-10,43000,43850,40300,42300,39324,-0.004705882352941226
2025-06-11,42850,43850,40650,42100,31301,-0.004728132387706863
2025-06-12,42000,44350,41450,43150,56728,0.02494061757719712
2025-06-13,44000,45500,40500,41200,41830,-0.04519119351100809
2025-06-16,40450,40500,37700,38000,41748,-0.07766990291262132
2025-06-17,38150,38200,36200,37300,26521,-0.018421052631578894
2025-06-18,37250,38400,36100,37800,16593,0.013404825737265424
2025-06-19,37800,39000,35050,36750,14172,-0.02777777777777779
2025-06-20,36700,42800,36250,39400,93766,0.07210884353741487
2025-06-23,38150,39000,37000,37650,20654,-0.04441624365482233
2025-06-24,37900,39400,37200,37400,22478,-0.006640106241699861
2025-06-25,37400,37850,36550,37400,10806,0.0
2025-06-26,37900,37900,36400,36800,12147,-0.016042780748663055
2025-06-27,36850,36850,35850,36550,7759,-0.006793478260869512
2025-06-30,36550,37000,35850,36100,6629,-0.012311901504788003
2025-07-01,36900,39400,36150,37650,27850,0.04293628808864258
2025-07-02,38000,39600,36900,37700,17353,0.0013280212483399723
2025-07-03,37750,39550,37000,39350,27006,0.04376657824933683
2025-07-04,39350,39600,37900,38150,9631,-0.030495552731893305
2025-07-07,38150,39200,37600,37900,4935,-0.006553079947575369
2025-07-08,37900,39350,37900,38700,4966,0.02110817941952514
2025-07-09,38650,41900,38150,39550,25807,0.021963824289405576
2025-07-10,39800,41000,39300,41000,17376,0.036662452591656125
2025-07-11,40900,40900,39350,40200,12734,-0.019512195121951237
2025-07-14,39000,41600,39000,40600,12762,0.00995024875621886
2025-07-15,41250,41600,40000,40850,7579,0.006157635467980205
2025-07-16,40800,40900,39800,39950,3948,-0.022031823745410017
2025-07-17,39550,40550,38800,39450,5210,-0.01251564455569465
