Date,Open,High,Low,Close,Volume,Change
2022-01-03,7200,7280,7170,7250,66724,0.008344923504867818
2022-01-04,7250,7260,7160,7200,47356,-0.006896551724137945
2022-01-05,7170,7270,7130,7140,92028,-0.008333333333333304
2022-01-06,7060,7210,7060,7140,86405,0.0
2022-01-07,7150,7400,7150,7320,137084,0.025210084033613356
2022-01-10,7400,7430,7200,7280,64919,-0.005464480874316946
2022-01-11,7260,7290,7140,7160,70190,-0.016483516483516536
2022-01-12,7220,7220,7120,7200,107278,0.005586592178770999
2022-01-13,7130,7200,7000,7100,99746,-0.01388888888888884
2022-01-14,7090,7190,7010,7060,99874,-0.005633802816901401
2022-01-17,7060,7090,6990,7040,85088,-0.0028328611898017497
2022-01-18,7010,7130,6830,7000,67800,-0.005681818181818232
2022-01-19,6850,6980,6760,6760,134259,-0.03428571428571425
2022-01-20,6720,6790,6490,6680,201553,-0.011834319526627168
2022-01-21,6560,6650,6360,6470,171595,-0.03143712574850299
2022-01-24,6380,6460,6040,6180,258992,-0.04482225656877903
2022-01-25,6150,6160,5030,5080,1235120,-0.1779935275080906
2022-01-26,5050,5240,5050,5120,255113,0.007874015748031482
2022-01-27,5120,5920,5120,5470,1077583,0.068359375
2022-01-28,5550,6350,5480,6080,886342,0.11151736745886653
2022-02-03,6130,6340,6040,6300,315383,0.03618421052631571
2022-02-04,6250,6450,6150,6410,217296,0.0174603174603174
2022-02-07,6480,6570,6310,6520,170907,0.01716068642745716
2022-02-08,6520,6940,6480,6860,270684,0.0521472392638036
2022-02-09,6860,7010,6840,6970,165237,0.016034985422740622
2022-02-10,7000,7170,6930,7030,269506,0.008608321377331363
2022-02-11,6990,7680,6970,7290,423932,0.0369843527738265
2022-02-14,7200,7430,7090,7310,248865,0.00274348422496562
2022-02-15,7280,7440,7260,7320,262301,0.001367989056087593
2022-02-16,7400,7540,7210,7240,260353,-0.010928961748633892
2022-02-17,7240,7430,7160,7350,241041,0.015193370165745845
2022-02-18,7350,7500,7210,7420,238668,0.00952380952380949
2022-02-21,7420,7600,7340,7570,162964,0.020215633423180668
2022-02-22,7530,7600,7400,7550,181058,-0.0026420079260237594
2022-02-23,7600,7930,7560,7810,200550,0.03443708609271523
2022-02-24,7810,8050,7760,7950,222054,0.017925736235595346
2022-02-25,7960,8360,7960,8310,288707,0.04528301886792452
2022-02-28,8310,8320,8110,8110,211707,-0.024067388688327362
2022-03-02,8110,8380,8070,8260,157840,0.018495684340320562
2022-03-03,8380,8520,8280,8430,163224,0.02058111380145289
2022-03-04,8430,8440,7550,7570,259240,-0.10201660735468565
2022-03-07,7420,7500,6750,6900,239537,-0.08850726552179655
2022-03-08,6700,7210,6600,7100,133586,0.02898550724637672
2022-03-10,7040,7200,6980,6990,51751,-0.015492957746478853
2022-03-11,7000,7090,6950,7000,25074,0.0014306151645206988
2022-03-14,7010,7010,6740,6760,28250,-0.03428571428571425
2022-03-15,6750,6920,6730,6760,16228,0.0
2022-03-16,6760,6870,6700,6710,34570,-0.007396449704141994
2022-03-17,6730,6750,6650,6690,63515,-0.0029806259314456574
2022-03-18,6700,6840,6700,6710,17893,0.002989536621823552
2022-03-21,6700,6860,6610,6610,49174,-0.014903129657228065
2022-03-22,6610,6690,6530,6530,42261,-0.012102874432677768
2022-03-23,6590,6590,6510,6510,41450,-0.003062787136294043
2022-03-24,6500,6500,6380,6470,48038,-0.006144393241167445
2022-03-25,6450,6450,6350,6370,42183,-0.015455950540958274
2022-03-28,6370,6370,6120,6140,77063,-0.03610675039246469
2022-03-29,6180,6300,6130,6290,37733,0.02442996742671011
2022-03-30,6290,6330,6220,6280,36620,-0.0015898251192368873
2022-03-31,6280,6520,6280,6450,57672,0.027070063694267565
2022-04-01,6450,6610,6420,6420,61850,-0.0046511627906976605
2022-04-04,6360,6420,6290,6290,71658,-0.02024922118380057
2022-04-05,6230,6320,6230,6280,32717,-0.0015898251192368873
2022-04-06,6230,6230,6150,6180,31431,-0.015923566878980888
2022-04-07,6140,6140,6040,6080,39101,-0.016181229773462813
2022-04-08,6080,6110,6010,6010,31039,-0.011513157894736836
2022-04-11,6000,6040,5830,5840,77677,-0.028286189683860208
2022-04-12,5840,5950,5830,5910,30317,0.011986301369863117
2022-04-13,5880,6020,5840,5950,27201,0.006768189509306355
2022-04-14,5920,6020,5920,6010,14903,0.010084033613445342
2022-04-15,6010,6010,5900,5980,16739,-0.004991680532445919
2022-04-18,5930,5970,5890,5930,14940,-0.00836120401337792
2022-04-19,5910,6000,5900,6000,9891,0.01180438448566612
2022-04-20,6000,6000,5920,5950,19845,-0.008333333333333304
2022-04-21,5880,5980,5880,5920,22763,-0.005042016806722671
2022-04-22,5870,5900,5830,5860,17996,-0.010135135135135087
2022-04-25,5810,5820,5740,5750,23271,-0.018771331058020424
2022-04-26,5760,5930,5720,5730,37048,-0.003478260869565264
2022-04-27,5470,5700,5470,5570,41455,-0.027923211169284423
2022-04-28,5520,5570,5400,5540,19457,-0.0053859964093356805
2022-04-29,5540,5780,5540,5710,39089,0.03068592057761732
2022-05-02,5650,5680,5540,5580,30478,-0.02276707530647981
2022-05-03,5410,5590,5410,5460,48123,-0.021505376344086002
2022-05-04,5630,5800,5430,5460,78897,0.0
2022-05-06,5460,5490,5350,5420,21152,-0.0073260073260073
2022-05-09,5420,5460,5320,5400,35601,-0.0036900369003689537
2022-05-10,5140,5380,5140,5330,51664,-0.012962962962962954
2022-05-11,5420,5960,5420,5470,125185,0.026266416510319024
2022-05-12,5530,5530,5220,5230,58110,-0.04387568555758681
2022-05-13,5150,5280,5080,5190,68946,-0.007648183556405397
2022-05-16,5200,5300,5160,5240,33943,0.009633911368015502
2022-05-17,5210,5260,5170,5220,26566,-0.003816793893129722
2022-05-18,5220,5270,5150,5150,26035,-0.013409961685823757
2022-05-19,5100,5150,5040,5060,29917,-0.01747572815533982
2022-05-20,5050,5220,5050,5170,21244,0.021739130434782705
2022-05-23,5170,5190,5150,5170,10119,0.0
2022-05-24,5170,5220,5110,5120,31079,-0.009671179883945835
2022-05-25,5150,5300,5060,5150,33357,0.005859375
2022-05-26,5200,5320,5200,5240,32257,0.01747572815533971
2022-05-27,5250,5290,5220,5240,12309,0.0
2022-05-30,5240,5360,5240,5340,17760,0.01908396946564883
2022-05-31,5350,5380,5260,5300,26955,-0.0074906367041198685
2022-06-02,5330,5350,5290,5340,10917,0.007547169811320753
2022-06-03,5360,5380,5320,5330,13569,-0.0018726591760299671
2022-06-07,5330,5330,5120,5190,24440,-0.026266416510318913
2022-06-08,5190,5240,5170,5200,20717,0.0019267822736031004
2022-06-09,5130,5180,5050,5130,43655,-0.013461538461538414
2022-06-10,5200,5200,5080,5080,27531,-0.00974658869395717
2022-06-13,5050,5050,4805,4820,69266,-0.051181102362204745
2022-06-14,4700,4815,4555,4760,52023,-0.012448132780082943
2022-06-15,4760,4760,4390,4470,65513,-0.060924369747899165
2022-06-16,4550,4660,4430,4440,43559,-0.006711409395973145
2022-06-17,4290,4625,4270,4575,45845,0.030405405405405483
2022-06-20,4590,4780,4565,4570,43058,-0.0010928961748634114
2022-06-21,4570,4645,4470,4645,20316,0.01641137855579866
2022-06-22,4575,4700,4250,4340,43630,-0.06566200215285256
2022-06-23,4280,4440,4020,4025,68846,-0.07258064516129037
2022-06-24,4010,4200,4005,4190,35764,0.0409937888198757
2022-06-27,4200,4360,4155,4310,36890,0.02863961813842475
2022-06-28,4265,4380,4190,4215,30232,-0.022041763341067333
2022-06-29,4120,4215,4105,4195,32674,-0.004744958481613271
2022-06-30,4175,4265,4105,4105,39341,-0.021454112038140627
2022-07-01,4065,4160,4050,4060,17340,-0.010962241169305775
2022-07-04,4060,4075,3995,3995,18996,-0.016009852216748777
2022-07-05,4000,4160,4000,4130,14855,0.03379224030037542
2022-07-06,4100,5130,4085,4700,2021365,0.13801452784503643
2022-07-07,4730,4820,4555,4600,324912,-0.021276595744680882
2022-07-08,4650,4685,4550,4660,112062,0.01304347826086949
2022-07-11,4700,4700,4590,4670,66416,0.0021459227467810482
2022-07-12,4655,4655,4430,4430,64406,-0.051391862955032175
2022-07-13,4430,4550,4400,4445,41895,0.003386004514672747
2022-07-14,4465,4610,4455,4580,35785,0.030371203599550034
2022-07-15,4640,4640,4400,4445,31415,-0.029475982532751077
2022-07-18,4450,4530,4440,4515,23362,0.015748031496062964
2022-07-19,4500,4550,4475,4500,32187,-0.0033222591362126463
2022-07-20,4550,4650,4540,4650,31962,0.03333333333333344
2022-07-21,4650,4685,4570,4635,49029,-0.003225806451612856
2022-07-22,4635,4770,4570,4640,49905,0.0010787486515642097
2022-07-25,4635,4655,4575,4640,16506,0.0
2022-07-26,4600,4655,4585,4600,18641,-0.008620689655172376
2022-07-27,4635,4690,4600,4635,22080,0.007608695652173925
2022-07-28,4635,4750,4635,4675,85740,0.008629989212513456
2022-07-29,4730,4850,4695,4695,61840,0.004278074866310266
2022-08-01,4700,4800,4700,4725,17348,0.006389776357827559
2022-08-02,4725,4835,4680,4800,45500,0.015873015873015817
2022-08-03,4800,5030,4790,5020,212440,0.04583333333333339
2022-08-04,5110,5110,4815,4850,204214,-0.03386454183266929
2022-08-05,4940,5070,4850,5060,97447,0.04329896907216502
2022-08-08,5060,5060,4935,4970,47092,-0.017786561264822143
2022-08-09,4950,4950,4800,4840,58119,-0.026156941649899346
2022-08-10,4840,4840,4730,4740,36250,-0.02066115702479343
2022-08-11,4740,4860,4740,4810,32746,0.014767932489451407
2022-08-12,4810,4845,4750,4815,26951,0.0010395010395010118
2022-08-16,4815,4895,4815,4835,31018,0.004153686396677125
2022-08-17,4850,4850,4785,4800,15165,-0.007238883143743546
2022-08-18,4805,4830,4710,4810,15457,0.002083333333333437
2022-08-19,4830,4830,4720,4780,14557,-0.006237006237006182
2022-08-22,4700,4740,4510,4510,47995,-0.05648535564853552
2022-08-23,4480,4570,4400,4450,22091,-0.013303769401330379
2022-08-24,4520,4550,4350,4455,37539,0.0011235955056179137
2022-08-25,4520,5270,4425,4590,1415282,0.030303030303030276
2022-08-26,4605,4645,4435,4450,172071,-0.030501089324618702
2022-08-29,4335,4340,4270,4275,54480,-0.0393258426966292
2022-08-30,4275,4335,4265,4285,29989,0.002339181286549641
2022-08-31,4285,4350,4285,4320,23291,0.008168028004667427
2022-09-01,4280,4340,4265,4265,30629,-0.01273148148148151
2022-09-02,4265,4280,4175,4200,46488,-0.015240328253223967
2022-09-05,4205,4230,4145,4160,19898,-0.00952380952380949
2022-09-06,4030,4240,4030,4150,29345,-0.0024038461538461453
2022-09-07,4250,4745,4010,4100,1253500,-0.012048192771084376
2022-09-08,4110,4250,4035,4050,56197,-0.012195121951219523
2022-09-13,4055,4125,4045,4080,69384,0.007407407407407307
2022-09-14,4050,4065,4000,4035,32605,-0.011029411764705843
2022-09-15,4035,4090,4035,4035,30599,0.0
2022-09-16,4050,4080,4015,4050,33610,0.0037174721189590088
2022-09-19,4100,4120,4005,4040,41592,-0.0024691358024691024
2022-09-20,4040,4140,4040,4110,35385,0.017326732673267342
2022-09-21,4070,4135,4035,4045,27163,-0.015815085158150888
2022-09-22,4010,4070,4000,4065,30996,0.0049443757725586845
2022-09-23,4050,4050,3920,3925,37309,-0.03444034440344401
2022-09-26,3900,3900,3535,3555,83302,-0.09426751592356686
2022-09-27,3450,3665,3450,3520,62622,-0.009845288326300938
2022-09-28,3500,3595,3200,3365,61991,-0.04403409090909094
2022-09-29,3370,3560,3370,3410,36706,0.013372956909361022
2022-09-30,3320,3470,3320,3455,28536,0.01319648093841641
2022-10-04,3460,3550,3460,3550,29030,0.02749638205499272
2022-10-05,3550,3725,3410,3470,22791,-0.022535211267605604
2022-10-06,3455,3575,3455,3570,17118,0.028818443804034644
2022-10-07,3515,3645,3515,3565,9017,-0.0014005602240896309
2022-10-11,3480,3485,3400,3405,16751,-0.04488078541374474
2022-10-12,3295,3495,3295,3340,23306,-0.019089574155653488
2022-10-13,3295,3370,3135,3135,32193,-0.06137724550898205
2022-10-14,3155,3285,3155,3225,26152,0.028708133971291794
2022-10-17,3150,3300,3135,3240,16179,0.0046511627906977715
2022-10-18,3255,3370,3255,3310,19104,0.021604938271605034
2022-10-19,3310,3360,3305,3340,11457,0.009063444108761365
2022-10-20,3290,3335,3200,3290,22604,-0.014970059880239472
2022-10-21,3250,3280,3205,3250,7904,-0.012158054711246202
2022-10-24,3300,3320,3200,3200,16595,-0.01538461538461533
2022-10-25,3210,3300,3060,3075,65728,-0.0390625
2022-10-26,3080,3105,3050,3050,14649,-0.008130081300813052
2022-10-27,3150,3175,3050,3070,21285,0.006557377049180246
2022-10-28,3070,3110,3050,3085,20180,0.004885993485342022
2022-10-31,3085,3120,3085,3100,12920,0.004862236628849326
2022-11-01,3065,3150,3065,3135,19016,0.011290322580645107
2022-11-02,3135,3135,3090,3105,15219,-0.009569377990430672
2022-11-03,3080,3165,3060,3155,21061,0.016103059581320522
2022-11-04,3185,3185,3145,3180,17253,0.007923930269413626
2022-11-07,3210,3220,3160,3175,16911,-0.0015723270440252124
2022-11-08,3160,3325,3160,3260,35386,0.026771653543307128
2022-11-09,3300,3405,3280,3315,56021,0.016871165644171793
2022-11-10,3285,3320,3250,3285,21608,-0.009049773755656076
2022-11-11,3315,3375,3315,3365,33347,0.0243531202435312
2022-11-14,3475,3640,3410,3480,69408,0.034175334323922835
2022-11-15,3510,3590,3485,3530,32080,0.014367816091954033
2022-11-16,3550,3550,3430,3490,40739,-0.011331444759206777
2022-11-17,3465,3550,3465,3530,16977,0.011461318051575908
2022-11-18,3600,3600,3495,3500,25423,-0.008498583569405138
2022-11-21,3500,3500,3365,3395,26812,-0.030000000000000027
2022-11-22,3350,3415,3310,3335,15037,-0.0176730486008837
2022-11-23,3355,3385,3320,3335,15709,0.0
2022-11-24,3400,3500,3360,3405,26540,0.020989505247376306
2022-11-25,3405,4150,3400,3895,3307416,0.14390602055800295
2022-11-28,3900,3960,3670,3720,2012332,-0.04492939666238771
2022-11-29,3680,3720,3625,3660,195715,-0.016129032258064502
2022-11-30,3640,3700,3560,3630,179164,-0.008196721311475419
2022-12-01,3735,4010,3660,3660,1508914,0.008264462809917328
2022-12-02,3690,3690,3425,3425,1982315,-0.06420765027322406
2022-12-05,3435,3505,3230,3270,319413,-0.045255474452554734
2022-12-06,3230,3250,3150,3190,170778,-0.024464831804281384
2022-12-07,3185,3190,3130,3145,85116,-0.014106583072100332
2022-12-08,3115,3150,3095,3130,90803,-0.004769475357710662
2022-12-09,3140,3250,3140,3235,144784,0.033546325878594185
2022-12-12,3245,3320,3195,3200,111950,-0.010819165378670781
2022-12-13,3210,3260,3165,3260,47962,0.018750000000000044
2022-12-14,3285,3295,3215,3285,97828,0.0076687116564417845
2022-12-15,3285,3310,3230,3290,79746,0.0015220700152207556
2022-12-16,3250,3300,3190,3260,72930,-0.00911854103343468
2022-12-19,3230,3285,3210,3230,44696,-0.009202453987730008
2022-12-20,3210,3250,3065,3070,126468,-0.049535603715170295
2022-12-21,3070,3160,3045,3075,66281,0.0016286644951140072
2022-12-22,3075,3155,3075,3095,36990,0.006504065040650486
2022-12-23,3065,3065,2955,2995,101873,-0.03231017770597733
2022-12-26,2955,2970,2860,2885,156807,-0.036727879799666074
2022-12-27,2865,2935,2855,2885,105639,0.0
2022-12-28,2885,2910,2845,2860,72157,-0.008665511265164683
2022-12-29,2840,2950,2780,2900,91285,0.013986013986013957
2023-01-02,2885,2940,2875,2900,66387,0.0
2023-01-03,2880,2930,2775,2830,48339,-0.024137931034482807
2023-01-04,2775,2885,2765,2870,39236,0.014134275618374659
2023-01-05,2840,2960,2840,2875,42118,0.0017421602787457413
2023-01-06,2890,2945,2830,2925,49488,0.017391304347825987
2023-01-09,2925,2990,2925,2965,33728,0.013675213675213627
2023-01-10,2960,3000,2950,2990,37927,0.008431703204047292
2023-01-11,2980,3045,2980,3015,39282,0.008361204013378032
2023-01-12,3040,3045,2980,3005,48343,-0.0033167495854062867
2023-01-13,3030,3030,2950,3005,47532,0.0
2023-01-16,2990,3060,2990,3025,49081,0.006655574043261225
2023-01-17,3045,3045,2930,2985,65503,-0.013223140495867813
2023-01-18,2990,3000,2950,2960,19419,-0.008375209380234505
2023-01-19,2940,2950,2880,2945,58236,-0.0050675675675675436
2023-01-20,2905,3020,2895,3000,41125,0.018675721561969505
2023-01-25,3030,3060,2995,3060,79610,0.020000000000000018
2023-01-26,3060,3140,3060,3115,86700,0.017973856209150263
2023-01-27,3115,3150,3060,3075,79085,-0.012841091492776902
2023-01-30,3075,3115,3050,3055,30816,-0.006504065040650375
2023-01-31,3020,3100,3010,3060,41921,0.0016366612111293755
2023-02-01,3100,3130,3050,3120,128806,0.019607843137254832
2023-02-02,3155,3215,3130,3165,95735,0.014423076923076872
2023-02-03,3190,3200,3135,3180,74235,0.004739336492890933
2023-02-06,3165,3230,3125,3180,80480,0.0
2023-02-07,3180,3220,3150,3190,55819,0.003144654088050425
2023-02-08,3190,3235,3190,3220,69065,0.00940438871473348
2023-02-09,3205,3255,3185,3220,58246,0.0
2023-02-10,3220,3225,3110,3135,75380,-0.026397515527950333
2023-02-13,3135,3155,3055,3105,66177,-0.009569377990430672
2023-02-14,3090,3135,3085,3120,36525,0.004830917874396157
2023-02-15,3120,3160,2990,2995,88668,-0.04006410256410253
2023-02-16,3000,3100,3000,3100,72003,0.03505843071786319
2023-02-17,3040,3090,3025,3040,80485,-0.01935483870967747
2023-02-20,3020,3095,3015,3085,55087,0.014802631578947345
2023-02-21,3095,3120,3080,3100,46090,0.004862236628849326
2023-02-22,3065,3085,3005,3025,74964,-0.024193548387096753
2023-02-23,3030,3065,2980,3030,39470,0.0016528925619834212
2023-02-24,3045,3045,2900,2920,102736,-0.0363036303630363
2023-02-27,2915,2915,2825,2880,49494,-0.013698630136986356
2023-02-28,2935,2935,2855,2895,28953,0.005208333333333259
2023-03-02,2935,2935,2860,2910,38473,0.005181347150259086
2023-03-03,2895,2975,2880,2915,35340,0.0017182130584192379
2023-03-06,2960,2990,2915,2980,68910,0.022298456260720467
2023-03-07,2920,3155,2920,3055,124933,0.025167785234899265
2023-03-08,3020,3105,3010,3090,64785,0.011456628477905184
2023-03-09,3055,3110,3040,3070,42038,-0.006472491909385147
2023-03-10,3050,3060,3000,3020,46855,-0.016286644951140072
2023-03-13,2985,3020,2860,2970,123729,-0.01655629139072845
2023-03-14,2915,2970,2775,2775,167633,-0.06565656565656564
2023-03-15,2785,2920,2785,2845,70992,0.02522522522522519
2023-03-16,2825,2835,2715,2730,128507,-0.040421792618629215
2023-03-17,2795,2920,2730,2875,105047,0.05311355311355315
2023-03-20,2925,2925,2875,2890,22910,0.00521739130434784
2023-03-21,2900,2900,2860,2870,20325,-0.00692041522491349
2023-03-22,2900,2900,2815,2845,35828,-0.008710801393728262
2023-03-23,2805,2845,2780,2785,43339,-0.02108963093145866
2023-03-24,2785,2930,2750,2900,64689,0.04129263913824066
2023-03-27,2880,2920,2810,2890,52941,-0.0034482758620689724
2023-03-28,2875,3380,2875,3175,1530988,0.09861591695501737
2023-03-29,3215,3275,2990,3000,2429168,-0.055118110236220486
2023-03-30,3040,3110,2950,3045,411736,0.014999999999999902
2023-03-31,3045,3070,2895,2905,337478,-0.04597701149425293
2023-04-03,2910,2950,2880,2915,111312,0.0034423407917383297
2023-04-04,2890,2935,2835,2905,194078,-0.0034305317324184736
2023-04-05,2905,3020,2880,2945,185408,0.013769363166953541
2023-04-06,2955,2965,2845,2855,187785,-0.03056027164685904
2023-04-07,2865,2880,2800,2830,115169,-0.008756567425569184
2023-04-10,2805,2830,2760,2760,164220,-0.02473498233215543
2023-04-11,2760,2780,2670,2690,193241,-0.025362318840579712
2023-04-12,2665,2750,2655,2690,172662,0.0
2023-04-13,2705,2750,2660,2740,186757,0.018587360594795488
2023-04-14,2740,2815,2740,2805,121476,0.02372262773722622
2023-04-17,2805,2935,2750,2865,434332,0.021390374331550888
2023-04-18,2845,2990,2810,2840,380836,-0.008726003490401424
2023-04-19,2840,2895,2820,2865,94044,0.008802816901408494
2023-04-20,2865,2885,2760,2775,143769,-0.03141361256544506
2023-04-21,2775,2785,2700,2710,78183,-0.023423423423423406
2023-04-24,2700,2720,2650,2680,106444,-0.011070110701106972
2023-04-25,2640,2680,2630,2635,90205,-0.016791044776119368
2023-04-26,2620,2655,2580,2600,83316,-0.013282732447817858
2023-04-27,2605,2610,2490,2525,158303,-0.028846153846153855
2023-04-28,2545,2555,2470,2495,115352,-0.011881188118811892
2023-05-02,2500,2600,2500,2595,56734,0.04008016032064132
2023-05-03,2560,2640,2550,2580,40229,-0.005780346820809301
2023-05-04,2560,2630,2560,2625,51637,0.01744186046511631
2023-05-08,2625,2680,2595,2595,39907,-0.011428571428571455
2023-05-09,2575,2625,2575,2600,35268,0.0019267822736031004
2023-05-10,2600,2620,2575,2610,21110,0.0038461538461538325
2023-05-11,2590,2690,2590,2610,52756,0.0
2023-05-12,2600,2620,2580,2580,37543,-0.011494252873563204
2023-05-15,2595,3145,2585,2850,5707151,0.10465116279069764
2023-05-16,2830,2955,2745,2810,966666,-0.01403508771929829
2023-05-17,2805,2915,2765,2895,550963,0.030249110320284656
2023-05-18,2850,2925,2820,2870,220823,-0.008635578583765069
2023-05-19,2910,2960,2850,2880,257172,0.0034843205574912606
2023-05-22,2880,2940,2860,2925,131371,0.015625
2023-05-23,2950,2950,2855,2895,139985,-0.01025641025641022
2023-05-24,2895,2910,2855,2895,108045,0.0
2023-05-25,2895,3315,2890,3315,2408095,0.14507772020725396
2023-05-26,3365,3495,3160,3160,1912611,-0.04675716440422317
2023-05-30,3190,3260,3100,3160,346667,0.0
2023-05-31,3170,3980,3165,3665,10895680,0.15981012658227844
2023-06-01,3710,3780,3610,3625,1281252,-0.010914051841746208
2023-06-02,3640,3755,3585,3660,683893,0.009655172413793212
2023-06-05,3640,4500,3605,3905,12574627,0.06693989071038242
2023-06-07,3875,4460,3850,3950,7680736,0.011523687580025532
2023-06-08,3895,3895,3790,3790,2523212,-0.040506329113924044
2023-06-09,3820,3870,3820,3830,307238,0.01055408970976246
2023-06-12,3860,3900,3700,3700,388654,-0.03394255874673624
2023-06-13,3735,3750,3430,3465,1466404,-0.06351351351351353
2023-06-14,3495,3500,3280,3335,856386,-0.037518037518037506
2023-06-15,3330,3340,3195,3240,547175,-0.028485757121439303
2023-06-16,3240,3300,3215,3245,277992,0.0015432098765431057
2023-06-19,3245,3350,3200,3335,370629,0.027734976887519247
2023-06-20,3320,3415,3205,3260,506884,-0.022488755622188883
2023-06-21,3240,3240,3145,3200,284780,-0.018404907975460127
2023-06-22,3170,3220,3150,3185,114473,-0.004687499999999956
2023-06-23,3185,3270,3165,3250,191307,0.020408163265306145
2023-06-26,3220,3350,3185,3290,238355,0.012307692307692353
2023-06-27,3305,3380,3250,3255,236416,-0.010638297872340385
2023-06-28,3255,3310,3240,3255,119923,0.0
2023-06-29,3285,3285,3150,3170,219182,-0.02611367127496156
2023-06-30,3195,3245,3145,3245,129792,0.023659305993690927
2023-07-03,3240,3700,3225,3585,2349319,0.10477657935285056
2023-07-04,3830,4185,3820,3945,12593980,0.10041841004184104
2023-07-05,3940,4125,3895,3970,1892748,0.006337135614702172
2023-07-06,3975,4065,3910,4060,1100577,0.02267002518891692
2023-07-07,4010,4120,3975,4050,1228774,-0.0024630541871921707
2023-07-10,4125,4310,4020,4020,2009156,-0.007407407407407418
2023-07-11,4000,4375,4000,4275,4379401,0.06343283582089554
2023-07-12,4285,4540,4170,4540,2353959,0.06198830409356715
2023-07-13,4660,4700,4375,4465,2391959,-0.016519823788546217
2023-07-14,4450,4740,4360,4630,2263863,0.03695408734602457
2023-07-17,4540,4545,4150,4385,1334485,-0.05291576673866094
2023-07-18,4350,4560,4270,4525,1407484,0.03192702394526803
2023-07-19,4550,4920,4440,4810,2938219,0.06298342541436464
2023-07-20,4810,4880,4705,4830,1227701,0.004158004158004047
2023-07-21,4710,4955,4710,4890,965137,0.012422360248447228
2023-07-24,4975,5400,4900,5150,3212280,0.053169734151329306
2023-07-25,5150,6210,5100,5900,9073534,0.14563106796116498
2023-07-26,5850,5850,4735,4980,3436213,-0.1559322033898305
2023-07-27,5230,5420,5000,5100,1977132,0.024096385542168752
2023-07-28,4980,5220,4670,5060,1384406,-0.007843137254901933
2023-07-31,5070,5190,4565,4600,2290229,-0.09090909090909094
2023-08-01,4595,4715,4425,4650,1487277,0.010869565217391353
2023-08-02,4560,4585,4015,4015,2049310,-0.13655913978494627
2023-08-03,4015,4170,3915,4055,936638,0.00996264009962644
2023-08-04,4010,4120,3965,4090,520447,0.008631319358816336
2023-08-07,4030,4170,4000,4015,629035,-0.01833740831295838
2023-08-08,4065,4235,3960,3970,793585,-0.011207970112079746
2023-08-09,3970,4080,3950,4065,321156,0.023929471032745564
2023-08-10,3980,4080,3870,3880,463657,-0.045510455104551095
2023-08-11,3920,4135,3890,4020,453680,0.03608247422680422
2023-08-14,3995,4100,3965,4030,329539,0.0024875621890547706
2023-08-16,3990,4000,3710,3725,689129,-0.07568238213399503
2023-08-17,3725,3795,3635,3750,376615,0.006711409395973256
2023-08-18,3740,3815,3650,3720,314422,-0.008000000000000007
2023-08-21,3685,3800,3685,3705,263930,-0.0040322580645161255
2023-08-22,3750,3750,3580,3600,386375,-0.028340080971659964
2023-08-23,3615,3765,3505,3655,426272,0.015277777777777724
2023-08-24,3670,3870,3670,3800,473482,0.039671682626539084
2023-08-25,3780,3865,3715,3795,341287,-0.001315789473684159
2023-08-28,3790,3895,3775,3890,204710,0.025032938076416267
2023-08-29,3885,3920,3850,3890,242047,0.0
2023-08-30,3925,3975,3915,3960,222612,0.01799485861182526
2023-08-31,3975,4005,3875,3875,270722,-0.02146464646464652
2023-09-01,3900,3945,3795,3795,220105,-0.020645161290322567
2023-09-04,3795,3865,3735,3775,159355,-0.005270092226614009
2023-09-05,3775,3800,3680,3730,153064,-0.01192052980132452
2023-09-06,3700,3765,3615,3640,199094,-0.024128686327077764
2023-09-07,3630,3635,3540,3570,296292,-0.019230769230769273
2023-09-08,3530,3570,3420,3520,407245,-0.014005602240896309
2023-09-11,3525,3650,3525,3650,206679,0.03693181818181812
2023-09-12,3615,3735,3515,3515,198050,-0.03698630136986303
2023-09-13,3515,3530,3330,3440,282063,-0.02133712660028453
2023-09-14,3410,3480,3400,3425,115545,-0.0043604651162790775
2023-09-15,3440,3530,3430,3465,143311,0.011678832116788218
2023-09-18,3440,3440,3250,3380,186363,-0.024531024531024515
2023-09-19,3380,3380,3280,3290,199264,-0.026627218934911268
2023-09-20,3290,3330,3225,3255,174798,-0.010638297872340385
2023-09-21,3230,3280,3155,3175,181558,-0.02457757296466978
2023-09-22,3160,3225,3080,3190,139307,0.0047244094488188
2023-09-25,3165,3195,3060,3060,162586,-0.040752351097178674
2023-09-26,3060,3105,3040,3085,132947,0.008169934640522847
2023-09-27,3015,3110,3015,3065,87300,-0.00648298217179899
2023-10-04,3030,3080,2935,2945,142695,-0.039151712887438794
2023-10-05,2950,3015,2860,2860,182441,-0.028862478777589184
2023-10-06,2845,3005,2845,2925,218003,0.022727272727272707
2023-10-10,2925,2955,2780,2780,165785,-0.04957264957264962
2023-10-11,2850,2930,2840,2860,157633,0.02877697841726623
2023-10-12,2880,2955,2875,2930,72929,0.02447552447552437
2023-10-13,2935,2940,2815,2830,114617,-0.03412969283276446
2023-10-16,2805,2845,2750,2765,134694,-0.02296819787985871
2023-10-17,2775,2880,2775,2820,72347,0.019891500904159143
2023-10-18,2830,2855,2770,2805,78754,-0.005319148936170248
2023-10-19,2775,2780,2675,2710,138263,-0.033868092691622054
2023-10-20,2665,2680,2570,2600,244863,-0.040590405904059046
2023-10-23,2560,2700,2560,2565,169085,-0.013461538461538414
2023-10-24,2575,2680,2525,2680,161361,0.04483430799220267
2023-10-25,2725,2725,2580,2605,127107,-0.027985074626865725
2023-10-26,2540,2550,2495,2520,122205,-0.03262955854126681
2023-10-27,2505,2600,2480,2520,104625,0.0
2023-10-30,2490,2570,2490,2535,89122,0.005952380952380931
2023-10-31,2560,2585,2450,2485,208367,-0.01972386587771202
2023-11-01,2550,2610,2500,2520,175354,0.014084507042253502
2023-11-02,2520,2615,2520,2615,104926,0.037698412698412787
2023-11-03,2625,2680,2565,2680,94876,0.0248565965583174
2023-11-06,2710,2810,2695,2790,134222,0.04104477611940305
2023-11-07,2755,2785,2665,2725,109141,-0.023297491039426577
2023-11-08,2720,2775,2720,2735,75719,0.003669724770642091
2023-11-09,2735,2745,2665,2675,71720,-0.021937842778793404
2023-11-10,2650,2650,2560,2585,36211,-0.03364485981308407
2023-11-13,2600,2625,2535,2560,48429,-0.009671179883945835
2023-11-14,2555,2700,2555,2695,78325,0.052734375
2023-11-15,2715,2790,2700,2725,45007,0.011131725417439675
2023-11-16,2705,2770,2700,2750,63882,0.00917431192660545
2023-11-17,2750,2765,2690,2705,51786,-0.016363636363636358
2023-11-20,2710,2800,2695,2765,42080,0.022181146025878062
2023-11-21,2790,2820,2765,2820,75865,0.019891500904159143
2023-11-22,2815,2815,2730,2790,52548,-0.010638297872340385
2023-11-23,2815,2850,2750,2820,78328,0.010752688172043001
2023-11-24,2825,2850,2805,2830,33525,0.0035460992907800915
2023-11-27,2815,2850,2755,2850,81931,0.007067137809187329
2023-11-28,2850,2945,2835,2850,190098,0.0
2023-11-29,2850,2910,2820,2865,48686,0.0052631578947368585
2023-11-30,2880,2915,2855,2855,49177,-0.003490401396160525
2023-12-01,2860,2875,2770,2810,94498,-0.015761821366024553
2023-12-04,2790,2835,2755,2780,63592,-0.010676156583629859
2023-12-05,2775,2805,2725,2735,95204,-0.01618705035971224
2023-12-06,2735,2785,2710,2740,96585,0.001828153564899404
2023-12-07,2710,2805,2700,2775,91967,0.012773722627737127
2023-12-08,2775,2825,2775,2815,65375,0.01441441441441449
2023-12-11,2830,2945,2810,2900,145690,0.030195381882770933
2023-12-12,2900,2925,2850,2920,73888,0.006896551724137945
2023-12-13,2935,2960,2870,2880,85735,-0.013698630136986356
2023-12-14,2920,2920,2840,2875,77288,-0.0017361111111111605
2023-12-15,2880,2895,2840,2880,108727,0.0017391304347826875
2023-12-18,2885,2940,2855,2930,78691,0.01736111111111116
2023-12-19,2910,2920,2890,2905,76177,-0.008532423208191142
2023-12-20,2905,2975,2890,2940,123073,0.012048192771084265
2023-12-21,2940,2940,2860,2880,109684,-0.020408163265306145
2023-12-22,2875,2895,2850,2880,41736,0.0
2023-12-26,2915,2915,2780,2780,151241,-0.03472222222222221
2023-12-27,2780,2805,2765,2800,72347,0.007194244604316502
2023-12-28,2800,2860,2790,2855,47327,0.019642857142857073
2024-01-02,2860,2970,2860,2945,109597,0.031523642732049106
2024-01-03,2940,2960,2900,2950,51435,0.001697792869269854
2024-01-04,2950,3015,2930,2950,119732,0.0
2024-01-05,2950,2950,2850,2930,138727,-0.006779661016949157
2024-01-08,2930,2950,2870,2885,88552,-0.015358361774744034
2024-01-09,2875,2950,2875,2920,112164,0.0121317157712304
2024-01-10,2920,2990,2890,2990,112295,0.023972602739726012
2024-01-11,2990,3160,2980,3005,443852,0.0050167224080268635
2024-01-12,3045,3045,2865,2890,194371,-0.038269550748752046
2024-01-15,2865,2910,2835,2860,84592,-0.01038062283737029
2024-01-16,2860,2890,2780,2855,82111,-0.0017482517482517723
2024-01-17,2855,2855,2710,2735,214785,-0.042031523642731994
2024-01-18,2690,2775,2660,2705,82329,-0.010968921389396757
2024-01-19,2720,2820,2720,2775,52145,0.025878003696857776
2024-01-22,2795,2830,2750,2755,54576,-0.007207207207207245
2024-01-23,2755,3320,2710,3145,4680510,0.14156079854809445
2024-01-24,3170,3175,2995,3095,852996,-0.015898251192368873
2024-01-25,3060,3105,2960,3105,395012,0.003231017770597644
2024-01-26,3060,3090,2945,2995,433311,-0.03542673107890504
2024-01-29,3000,3060,2930,2935,251763,-0.02003338898163609
2024-01-30,2965,2985,2885,2915,136968,-0.006814310051107331
2024-01-31,2915,3000,2870,2980,132727,0.022298456260720467
2024-02-01,2970,3095,2945,3030,319949,0.016778523489932917
2024-02-02,3055,3120,3005,3020,276241,-0.0033003300330033403
2024-02-05,3055,3140,2960,3120,357623,0.0331125827814569
2024-02-06,3100,3120,2980,3000,258436,-0.038461538461538436
2024-02-07,3120,3670,3060,3440,10618269,0.14666666666666672
2024-02-08,3405,3460,3315,3405,2435539,-0.01017441860465118
2024-02-13,3820,3860,3445,3460,3939346,0.01615271659324513
2024-02-14,3395,3780,3355,3700,3100118,0.06936416184971095
2024-02-15,3950,4320,3825,3910,10914013,0.05675675675675684
2024-02-16,3905,4055,3790,3860,1425278,-0.012787723785166238
2024-02-19,4005,4140,3940,4030,1912673,0.04404145077720201
2024-02-20,4035,4145,3895,4030,1216102,0.0
2024-02-21,3935,4000,3770,3775,944348,-0.06327543424317617
2024-02-22,3785,3820,3650,3665,860655,-0.029139072847682135
2024-02-23,3690,3690,3515,3545,519611,-0.032742155525238736
2024-02-26,3530,4005,3470,3905,3447740,0.10155148095909738
2024-02-27,3870,3905,3675,3760,778969,-0.03713188220230479
2024-02-28,3705,3770,3595,3605,348923,-0.04122340425531912
2024-02-29,3570,3700,3570,3605,272045,0.0
2024-03-04,3635,3725,3560,3610,227896,0.001386962552011095
2024-03-05,3600,3600,3500,3510,324790,-0.027700831024930705
2024-03-06,3485,3510,3295,3320,667218,-0.054131054131054124
2024-03-07,3355,3355,3240,3295,346006,-0.0075301204819276935
2024-03-08,3285,3350,3245,3305,269569,0.003034901365705611
2024-03-11,3300,3465,3295,3315,251838,0.00302571860816947
2024-03-12,3340,3380,3245,3280,247444,-0.010558069381598756
2024-03-13,3280,3285,3200,3250,246396,-0.009146341463414642
2024-03-14,3285,3285,3185,3260,190989,0.003076923076922977
2024-03-15,3295,3320,3210,3220,201850,-0.012269938650306789
2024-03-18,3220,3285,3165,3225,174273,0.0015527950310558758
2024-03-19,3200,3225,3130,3150,155423,-0.023255813953488413
2024-03-20,3155,3255,3155,3180,134215,0.00952380952380949
2024-03-21,3205,3560,3205,3360,1204787,0.05660377358490565
2024-03-22,3290,3390,3275,3335,255740,-0.007440476190476164
2024-03-25,3345,3435,3295,3310,235659,-0.007496251874062998
2024-03-26,3295,3400,3275,3320,206112,0.0030211480362538623
2024-03-27,3355,3355,3190,3225,234572,-0.028614457831325324
2024-03-28,3170,3210,3040,3085,421943,-0.04341085271317835
2024-03-29,3105,3140,3035,3040,149216,-0.014586709886547866
2024-04-01,3095,3185,3055,3145,175617,0.03453947368421062
2024-04-02,3165,3180,3060,3085,135342,-0.019077901430842648
2024-04-03,3075,3115,3025,3065,147848,-0.00648298217179899
2024-04-04,3065,3125,3050,3050,84227,-0.004893964110929905
2024-04-05,3030,3045,2945,2995,167421,-0.0180327868852459
2024-04-08,2970,3045,2960,3010,128366,0.005008347245408995
2024-04-09,2990,3050,2930,2940,152168,-0.023255813953488413
2024-04-11,2900,2965,2870,2940,49380,0.0
2024-04-12,2940,3060,2930,3020,89760,0.027210884353741527
2024-04-15,2940,3000,2885,2915,136957,-0.03476821192052981
2024-04-16,2890,2925,2820,2915,120034,0.0
2024-04-17,2905,2950,2900,2915,43248,0.0
2024-04-18,2890,2990,2890,2970,81211,0.018867924528301883
2024-04-19,2970,3235,2945,2980,638685,0.0033670033670034627
2024-04-22,2980,3000,2910,2980,193260,0.0
2024-04-23,2980,3050,2980,3000,129479,0.006711409395973256
2024-04-24,3015,3065,3015,3045,130124,0.014999999999999902
2024-04-25,3025,3110,3025,3040,111797,-0.0016420361247947435
2024-04-26,3080,3080,2980,3025,78401,-0.004934210526315819
2024-04-29,3015,3075,3010,3070,87623,0.014876033057851235
2024-04-30,3030,3085,3030,3070,77861,0.0
2024-05-02,3065,3100,3045,3075,106686,0.0016286644951140072
2024-05-03,3075,3135,3055,3130,134469,0.01788617886178856
2024-05-07,3135,3170,3090,3090,150760,-0.012779552715655007
2024-05-08,3085,3155,3050,3150,109212,0.01941747572815533
2024-05-09,3150,3180,3130,3170,100927,0.006349206349206327
2024-05-10,3185,3240,3160,3235,206073,0.020504731861198833
2024-05-13,3280,3470,3250,3390,855799,0.04791344667697062
2024-05-14,3390,3515,3325,3395,564936,0.001474926253687281
2024-05-16,3645,3645,3470,3520,992918,0.036818851251841034
2024-05-17,3485,3535,3325,3380,312324,-0.03977272727272729
2024-05-20,3380,3405,3300,3350,171025,-0.00887573964497046
2024-05-21,3315,3350,3270,3290,170752,-0.017910447761193993
2024-05-22,3235,3555,3230,3460,1564585,0.05167173252279644
2024-05-23,3460,3545,3380,3485,323068,0.007225433526011571
2024-05-24,3460,3530,3435,3505,258993,0.0057388809182210565
2024-05-27,3530,3530,3385,3420,255848,-0.024251069900142697
2024-05-28,3390,3645,3350,3620,551061,0.0584795321637428
2024-05-29,3550,3600,3420,3420,392989,-0.05524861878453036
2024-05-30,3400,3480,3270,3350,211178,-0.020467836257309968
2024-05-31,3350,3450,3350,3385,130104,0.010447761194029903
2024-06-03,3385,3490,3385,3420,141436,0.010339734121122657
2024-06-04,3450,3480,3305,3305,215737,-0.033625730994152
2024-06-05,3345,3345,3240,3325,168156,0.00605143721633894
2024-06-07,3325,3350,3280,3280,108456,-0.013533834586466176
2024-06-10,3270,3270,3060,3250,115507,-0.009146341463414642
2024-06-11,3250,3280,3210,3220,71843,-0.009230769230769265
2024-06-12,3200,3275,3155,3165,136156,-0.017080745341614856
2024-06-13,3170,3195,3105,3120,140302,-0.014218009478673022
2024-06-14,3120,3140,3075,3100,141838,-0.0064102564102563875
2024-06-17,3095,3140,3070,3120,59534,0.006451612903225712
2024-06-18,3120,3290,3120,3165,128490,0.014423076923076872
2024-06-19,3140,3240,3135,3165,134362,0.0
2024-06-20,3165,3190,3070,3070,112093,-0.03001579778830965
2024-06-21,3050,3095,2995,3060,120079,-0.0032573289902280145
2024-06-24,3050,3120,3050,3080,81263,0.006535947712418277
2024-06-25,3075,3235,3070,3185,165311,0.03409090909090917
2024-06-26,3175,3450,3155,3390,477360,0.06436420722135017
2024-06-27,3350,3550,3350,3415,378553,0.007374631268436627
2024-06-28,3405,3480,3365,3400,162780,-0.004392386530014614
2024-07-01,3400,3455,3275,3290,168216,-0.032352941176470584
2024-07-02,3315,3325,3235,3290,175396,0.0
2024-07-03,3290,3425,3260,3275,252772,-0.00455927051671734
2024-07-04,3315,3320,3220,3265,111064,-0.003053435114503844
2024-07-05,3295,3335,3215,3230,124951,-0.01071975497702915
2024-07-08,3275,3430,3265,3430,217155,0.0619195046439629
2024-07-09,3425,3530,3375,3490,299941,0.017492711370262315
2024-07-10,3470,3490,3380,3385,161304,-0.03008595988538687
2024-07-11,3385,3430,3355,3400,93606,0.004431314623338345
2024-07-12,3400,3445,3340,3365,109690,-0.010294117647058787
2024-07-15,3365,3395,3295,3330,116388,-0.010401188707280795
2024-07-16,3330,3365,3285,3365,93848,0.010510510510510551
2024-07-17,3370,3600,3370,3560,689845,0.05794947994056465
2024-07-18,3475,3500,3185,3200,701368,-0.101123595505618
2024-07-19,3200,3690,3125,3415,1896666,0.06718749999999996
2024-07-22,3410,3525,3345,3385,393680,-0.008784773060029227
2024-07-23,3350,3420,3305,3305,267828,-0.02363367799113736
2024-07-24,3320,3360,3260,3295,206801,-0.00302571860816947
2024-07-25,3285,3360,3170,3255,218358,-0.012139605462822445
2024-07-26,3260,3300,3215,3215,104639,-0.01228878648233489
2024-07-29,3215,3280,3215,3275,88087,0.018662519440124425
2024-07-30,3275,3435,3235,3390,209818,0.03511450381679393
2024-07-31,3390,3460,3355,3370,138524,-0.005899705014749235
2024-08-01,3370,3500,3370,3435,271988,0.01928783382789323
2024-08-02,3360,3435,3230,3230,307739,-0.05967976710334788
2024-08-05,3165,3165,2565,2855,940602,-0.11609907120743035
2024-08-06,2810,2960,2770,2845,470347,-0.003502626970227629
2024-08-07,2810,2970,2720,2760,600183,-0.02987697715289983
2024-08-08,2725,2915,2690,2840,322990,0.02898550724637672
2024-08-09,2860,2970,2860,2905,199464,0.022887323943661997
2024-08-12,2905,2970,2890,2900,123373,-0.0017211703958691649
2024-08-13,2940,2940,2840,2915,96196,0.005172413793103514
2024-08-14,2925,2970,2895,2955,191962,0.013722126929674117
2024-08-16,3015,3015,2810,2835,360795,-0.040609137055837574
2024-08-19,2835,2890,2755,2755,148652,-0.02821869488536155
2024-08-20,2760,2875,2755,2860,188175,0.038112522686025496
2024-08-21,2860,2880,2795,2845,94993,-0.005244755244755206
2024-08-22,2830,2865,2765,2780,100269,-0.02284710017574687
2024-08-23,2760,2825,2755,2790,79867,0.003597122302158251
2024-08-26,2790,2815,2655,2685,174553,-0.037634408602150504
2024-08-27,2695,2765,2580,2750,95472,0.024208566108007368
2024-08-28,2750,2760,2690,2725,88278,-0.009090909090909038
2024-08-29,2715,2720,2580,2650,89323,-0.02752293577981646
2024-08-30,2650,2760,2635,2750,64625,0.037735849056603765
2024-09-02,2720,2750,2665,2715,44074,-0.012727272727272698
2024-09-03,2730,2760,2695,2715,28080,0.0
2024-09-04,2650,2680,2610,2635,74383,-0.029465930018416242
2024-09-05,2640,2695,2605,2670,88042,0.013282732447817747
2024-09-06,2640,2665,2550,2565,96951,-0.0393258426966292
2024-09-09,2485,2570,2470,2550,73742,-0.005847953216374324
2024-09-10,2570,2575,2515,2535,43097,-0.00588235294117645
2024-09-11,2500,2595,2500,2540,41233,0.0019723865877712132
2024-09-12,2545,2625,2545,2620,28760,0.03149606299212593
2024-09-13,2605,2645,2590,2620,15215,0.0
2024-09-19,2650,2655,2585,2600,35970,-0.007633587786259555
2024-09-20,2635,2740,2635,2715,65304,0.044230769230769296
2024-09-23,2700,2750,2670,2690,45303,-0.009208103130755041
2024-09-24,2690,2730,2670,2710,24888,0.0074349442379182396
2024-09-25,2720,2750,2685,2700,33283,-0.0036900369003689537
2024-09-26,2725,2730,2695,2725,35096,0.0092592592592593
2024-09-27,2740,2755,2725,2730,37856,0.0018348623853210455
2024-09-30,2730,2735,2680,2680,30971,-0.01831501831501836
2024-10-02,2680,2685,2630,2630,34392,-0.018656716417910446
2024-10-04,2625,2645,2580,2630,22018,0.0
2024-10-07,2630,2645,2600,2610,37529,-0.0076045627376425395
2024-10-08,2605,2635,2595,2625,45889,0.005747126436781658
2024-10-10,2620,2720,2620,2720,66511,0.036190476190476106
2024-10-11,2710,2730,2670,2700,50538,-0.007352941176470562
2024-10-14,2700,2725,2660,2680,32421,-0.007407407407407418
2024-10-15,2670,2715,2605,2660,39029,-0.007462686567164201
2024-10-16,2630,2745,2630,2730,94238,0.026315789473684292
2024-10-17,2730,2745,2665,2680,25682,-0.01831501831501836
2024-10-18,2655,2695,2610,2610,48905,-0.026119402985074647
2024-10-21,2610,2670,2610,2630,49941,0.00766283524904221
2024-10-22,2610,2655,2505,2600,56543,-0.011406844106463865
2024-10-23,2585,2605,2540,2560,39593,-0.01538461538461533
2024-10-24,2510,2565,2480,2505,63074,-0.021484375
2024-10-25,2510,2530,2475,2475,80642,-0.0119760479041916
2024-10-28,2470,2550,2470,2550,42269,0.030303030303030276
2024-10-29,2530,2555,2500,2540,26533,-0.0039215686274509665
2024-10-30,2510,2575,2510,2550,23047,0.003937007874015741
2024-10-31,2530,2560,2500,2545,39274,-0.0019607843137254832
2024-11-01,2530,2545,2490,2505,21932,-0.015717092337917515
2024-11-04,2485,2515,2465,2465,52886,-0.015968063872255467
2024-11-05,2460,2505,2460,2480,37512,0.006085192697768749
2024-11-06,2480,2540,2470,2530,64706,0.02016129032258074
2024-11-07,2530,2540,2480,2525,41730,-0.0019762845849802257
2024-11-08,2500,2545,2460,2490,62600,-0.013861386138613874
2024-11-11,2490,2495,2380,2425,99041,-0.026104417670682722
2024-11-12,2400,2400,2220,2295,325843,-0.053608247422680444
2024-11-13,2265,2330,2200,2230,136038,-0.028322440087146017
2024-11-14,2200,2265,2110,2190,96549,-0.017937219730941756
2024-11-15,2150,2230,2115,2225,80640,0.015981735159817267
2024-11-18,2200,2305,2185,2270,69265,0.020224719101123556
2024-11-19,2250,2290,2250,2270,34707,0.0
2024-11-20,2250,2280,2240,2240,27039,-0.013215859030836996
2024-11-21,2220,2250,2150,2150,65499,-0.0401785714285714
2024-11-22,2125,2175,2125,2150,82448,0.0
2024-11-25,2150,2200,2140,2200,51998,0.023255813953488413
2024-11-26,2200,2215,2155,2210,19520,0.00454545454545463
2024-11-27,2205,2220,2160,2185,57330,-0.011312217194570096
2024-11-28,2185,2220,2165,2205,48765,0.009153318077803174
2024-11-29,2205,2230,2135,2230,80457,0.01133786848072571
2024-12-02,2200,2220,2010,2180,204040,-0.022421524663677084
2024-12-03,2160,2215,2150,2185,64805,0.002293577981651307
2024-12-04,2100,2225,2095,2195,94731,0.004576659038901587
2024-12-05,2195,2220,2115,2165,69409,-0.013667425968109326
2024-12-06,2165,2210,2045,2210,234582,0.020785219399538146
2024-12-09,2160,2215,2020,2145,194205,-0.02941176470588236
2024-12-10,2145,2205,2140,2195,116960,0.02331002331002341
2024-12-11,2165,2355,2165,2325,226408,0.059225512528473745
2024-12-12,2325,2405,2290,2400,74967,0.032258064516129004
2024-12-13,2380,2455,2305,2450,182812,0.02083333333333326
2024-12-16,2425,2465,2405,2450,49415,0.0
2024-12-17,2445,2495,2400,2495,45279,0.01836734693877551
2024-12-18,2495,2495,2390,2490,80883,-0.002004008016032066
2024-12-19,2450,2495,2435,2485,30173,-0.002008032128514081
2024-12-20,2485,2495,2435,2450,49135,-0.014084507042253502
2024-12-23,2410,2585,2410,2585,99856,0.055102040816326525
2024-12-24,2580,2590,2510,2550,42790,-0.013539651837524147
2024-12-26,2515,2580,2495,2550,80808,0.0
2024-12-27,2540,2715,2540,2625,202093,0.02941176470588225
2024-12-30,2620,2795,2585,2760,440901,0.05142857142857138
2025-01-02,2790,2965,2740,2955,668470,0.07065217391304346
2025-01-03,2955,2955,2810,2820,391194,-0.045685279187817285
2025-01-06,2820,2835,2740,2790,197779,-0.010638297872340385
2025-01-07,2765,2850,2765,2850,126599,0.021505376344086002
2025-01-08,2860,3030,2800,3025,368714,0.06140350877192979
2025-01-09,3010,3010,2895,2925,232180,-0.03305785123966942
2025-01-10,2900,3010,2900,2930,305333,0.0017094017094017033
2025-01-13,2955,2980,2850,2925,230609,-0.0017064846416382506
2025-01-14,2910,2995,2875,2945,171901,0.006837606837606813
2025-01-15,2975,2990,2905,2905,72937,-0.01358234295415961
2025-01-16,2955,2955,2790,2860,317118,-0.015490533562822706
2025-01-17,2870,3135,2870,3055,1745819,0.06818181818181812
2025-01-20,2980,3280,2825,3210,2505293,0.0507364975450082
2025-01-21,3210,4170,3155,4170,32418958,0.2990654205607477
2025-01-22,4020,4265,3900,3955,24161306,-0.05155875299760193
2025-01-23,3970,4095,3950,4060,7440446,0.026548672566371723
2025-01-24,3960,4165,3885,4020,7589731,-0.009852216748768461
2025-01-31,4400,5110,4375,4740,36940060,0.17910447761194037
2025-02-03,4665,5080,4620,4795,9610365,0.011603375527426074
2025-02-04,4665,4790,4550,4760,1186485,-0.007299270072992692
2025-02-05,4790,4925,4730,4910,1069470,0.03151260504201692
2025-02-06,4945,5250,4945,5250,1578791,0.06924643584521384
2025-02-07,4990,5130,4650,4705,4315634,-0.1038095238095238
2025-02-10,4560,4955,4550,4705,3322065,0.0
2025-02-11,4800,4950,4360,4425,3950727,-0.05951115834218912
2025-02-12,4640,4880,4555,4680,5924223,0.057627118644067776
2025-02-13,4670,4710,4435,4530,1705221,-0.03205128205128205
2025-02-14,4725,4840,4635,4690,3374246,0.03532008830022071
2025-02-17,4810,4945,4665,4750,2517358,0.01279317697228155
2025-02-18,4700,4930,4660,4710,3363828,-0.008421052631578996
2025-02-19,4710,4710,4005,4115,6990423,-0.1263269639065817
2025-02-20,4070,4270,4070,4220,2408094,0.025516403402187082
2025-02-21,4155,4290,4105,4160,1401843,-0.014218009478673022
2025-02-24,4010,4240,3920,4180,1624522,0.004807692307692291
2025-02-25,4200,4430,4160,4285,2998917,0.02511961722488043
2025-02-26,4300,4425,4220,4285,1595141,0.0
2025-02-27,4275,4350,4220,4250,1158750,-0.008168028004667427
2025-02-28,4100,4500,4050,4490,3810364,0.05647058823529405
2025-03-04,4485,4655,4380,4510,2299773,0.00445434298440972
2025-03-05,4490,4490,4155,4255,2075592,-0.05654101995565408
2025-03-06,4260,4300,4030,4060,1506942,-0.04582843713278495
2025-03-07,3905,4135,3895,4020,1262349,-0.009852216748768461
2025-03-10,4005,4055,3830,3830,956339,-0.04726368159203975
2025-03-11,3670,3965,3645,3905,1127028,0.019582245430809442
2025-03-12,3920,3940,3855,3900,555172,-0.001280409731113985
2025-03-13,3905,3970,3885,3900,515163,0.0
2025-03-14,3905,4015,3880,3960,495136,0.01538461538461533
2025-03-17,3975,4040,3870,3890,713691,-0.017676767676767624
2025-03-18,3900,3935,3765,3780,862527,-0.028277634961439535
2025-03-19,3775,4190,3750,4130,6016046,0.09259259259259256
2025-03-20,4215,4245,3930,3930,1895337,-0.048426150121065326
2025-03-21,3980,4015,3815,3835,896202,-0.024173027989821905
2025-03-24,3835,3860,3455,3510,1839146,-0.0847457627118644
2025-03-25,3565,3760,3365,3365,1850597,-0.04131054131054135
2025-03-26,3365,3475,3365,3420,636323,0.01634472511144125
2025-03-27,3360,3445,3335,3400,425636,-0.005847953216374324
2025-03-28,3440,3440,3245,3300,905046,-0.02941176470588236
2025-03-31,3250,3285,3160,3230,483445,-0.021212121212121238
2025-04-01,3300,3335,3205,3215,455065,-0.004643962848297267
2025-04-02,3300,3390,3190,3200,955186,-0.004665629860031051
2025-04-03,3090,3240,3060,3160,521124,-0.012499999999999956
2025-04-04,3130,3270,3080,3190,473823,0.009493670886076
2025-04-07,3080,3120,2885,2885,740028,-0.09561128526645768
2025-04-08,2980,3030,2840,2850,586626,-0.012131715771230511
2025-04-09,2825,2895,2780,2835,465080,-0.0052631578947368585
2025-04-10,2970,3020,2930,2990,293934,0.05467372134038806
2025-04-11,2910,2995,2905,2985,381525,-0.0016722408026755842
2025-04-14,3045,3315,3005,3180,2570216,0.0653266331658291
2025-04-15,3180,3280,3120,3240,602398,0.018867924528301883
2025-04-16,3250,3305,2995,3005,1062589,-0.07253086419753085
2025-04-17,2970,3100,2950,3085,365178,0.0266222961730449
2025-04-18,3085,3095,3005,3070,262126,-0.004862236628849326
2025-04-21,3080,3100,3000,3025,335858,-0.014657980456026065
2025-04-22,2970,3020,2895,2910,448644,-0.0380165289256198
2025-04-23,3000,3025,2935,3025,395852,0.03951890034364269
2025-04-24,3065,3280,3015,3015,1216621,-0.0033057851239669533
2025-04-25,3080,3300,3050,3260,2028705,0.08126036484245436
2025-04-28,3330,3400,3020,3035,1176827,-0.0690184049079755
2025-04-29,3010,3055,2925,2935,622574,-0.0329489291598023
2025-04-30,2950,2955,2840,2870,453521,-0.022146507666098825
2025-05-02,2870,2980,2850,2915,346782,0.015679442508710784
2025-05-07,2935,2940,2885,2920,155350,0.0017152658662091813
2025-05-08,2910,3060,2910,3020,414173,0.03424657534246567
2025-05-09,2995,3020,2885,2950,393842,-0.023178807947019875
2025-05-12,2950,3035,2905,3015,328968,0.02203389830508473
2025-05-13,3015,3170,2985,3115,668699,0.03316749585406309
2025-05-14,3115,3140,3050,3115,317098,0.0
2025-05-15,3095,3095,2920,2940,497464,-0.0561797752808989
2025-05-16,2950,2970,2810,2835,453076,-0.0357142857142857
2025-05-19,2825,2860,2725,2800,322098,-0.012345679012345734
2025-05-20,2800,2810,2630,2680,645993,-0.042857142857142816
2025-05-21,2680,2845,2680,2755,502717,0.027985074626865725
2025-05-22,2725,2730,2650,2665,207109,-0.03266787658802173
2025-05-23,2710,2710,2645,2675,252141,0.0037523452157599557
2025-05-26,2675,2725,2650,2705,183285,0.01121495327102795
2025-05-27,2705,2710,2645,2650,231661,-0.020332717190388205
2025-05-28,2690,2850,2660,2810,616971,0.060377358490566024
2025-05-29,2815,2970,2815,2905,672812,0.03380782918149472
2025-05-30,2905,3185,2835,3175,1952953,0.09294320137693624
2025-06-02,3115,3210,3060,3085,1110154,-0.028346456692913358
2025-06-04,3090,3170,3050,3115,608283,0.009724473257698651
2025-06-05,3100,3300,2960,2965,2801617,-0.0481540930979133
2025-06-09,2900,2940,2670,2685,1818844,-0.09443507588532885
2025-06-10,2720,2785,2675,2765,615202,0.029795158286778367
2025-06-11,2800,3590,2775,3590,17775119,0.2983725135623869
2025-06-12,3510,4030,3510,3690,31015150,0.027855153203342642
2025-06-13,3715,3795,3595,3640,5007620,-0.013550135501354976
2025-06-16,3590,3930,3590,3795,13137218,0.04258241758241765
2025-06-17,3780,4090,3715,3810,10744094,0.0039525691699604515
2025-06-18,3720,3745,3585,3710,2323753,-0.026246719160105014
2025-06-19,3755,3755,3585,3640,1545748,-0.018867924528301883
2025-06-20,3690,3835,3465,3510,3069498,-0.0357142857142857
2025-06-23,3525,3620,3370,3450,1793925,-0.017094017094017144
2025-06-24,3650,3955,3605,3700,11282288,0.07246376811594213
2025-06-25,3705,3705,3450,3470,1812411,-0.06216216216216219
2025-06-26,3470,3470,3305,3305,1257155,-0.047550432276657006
2025-06-27,3330,3360,3200,3235,733521,-0.021180030257186067
2025-06-30,3280,3395,3215,3240,812401,0.0015455950540959051
2025-07-01,3175,3315,3175,3220,619627,-0.006172839506172867
2025-07-02,3225,3240,3115,3180,601190,-0.012422360248447228
2025-07-03,3250,3275,3170,3195,609370,0.004716981132075526
2025-07-04,3200,3235,3115,3160,587263,-0.010954616588419452
2025-07-07,3140,3185,3090,3115,330834,-0.014240506329113889
2025-07-08,3115,3210,3060,3190,748497,0.024077046548956593
2025-07-09,3195,3220,3145,3190,669656,0.0
2025-07-10,3380,3390,3200,3200,1466479,0.0031347962382444194
2025-07-11,3200,3310,3200,3250,659804,0.015625
2025-07-14,3225,3260,3135,3205,384545,-0.013846153846153841
2025-07-15,3200,3220,3120,3165,519727,-0.012480499219968744
2025-07-16,3165,3185,3130,3130,367596,-0.011058451816745696
2025-07-17,3140,3210,3135,3145,498304,0.004792332268370503
