Date,Open,High,Low,Close,Volume,Change
2022-01-03,236200,241500,211400,217500,874619,-0.08421052631578951
2022-01-04,216300,220600,199200,203000,805914,-0.06666666666666665
2022-01-05,203000,205600,192500,199500,541797,-0.017241379310344862
2022-01-06,192900,195300,176000,179800,906951,-0.0987468671679198
2022-01-07,185000,194000,182200,193600,935577,0.07675194660734141
2022-01-10,185700,190900,179600,181800,429455,-0.06095041322314054
2022-01-11,179900,181800,153700,163200,1279140,-0.10231023102310233
2022-01-12,168100,179500,160300,172900,890917,0.05943627450980382
2022-01-13,173000,175700,161400,161700,485121,-0.06477732793522262
2022-01-14,154000,164200,150100,160000,446789,-0.010513296227581903
2022-01-17,159900,165800,157000,161300,300258,0.008124999999999938
2022-01-18,161300,169400,153300,154400,399715,-0.04277743335399875
2022-01-19,157300,167200,155000,162800,616315,0.05440414507772018
2022-01-20,164900,181100,163400,181100,850872,0.11240786240786238
2022-01-21,176100,189500,174200,180400,846375,-0.003865267807841022
2022-01-24,177800,187400,170500,187400,497918,0.03880266075388028
2022-01-25,190000,194400,185700,186000,683891,-0.007470651013874119
2022-01-26,191000,198200,186700,190800,617136,0.02580645161290329
2022-01-27,190800,192400,176000,178500,426384,-0.06446540880503149
2022-01-28,180200,181400,153400,154500,919595,-0.134453781512605
2022-02-03,155500,158300,133700,135000,974960,-0.12621359223300976
2022-02-04,133300,143300,133300,138000,612837,0.022222222222222143
2022-02-07,143000,149600,138500,146300,599602,0.060144927536231796
2022-02-08,147500,154400,141100,143800,459518,-0.01708817498291182
2022-02-09,147600,148200,140000,143400,250243,-0.0027816411682892728
2022-02-10,135000,137000,112600,120900,1011518,-0.15690376569037656
2022-02-11,119400,143400,118800,139100,1591686,0.15053763440860224
2022-02-14,133600,136800,120300,125300,707958,-0.09920920201294037
2022-02-15,127800,132700,123600,126500,360211,0.009577015163607427
2022-02-16,133000,141700,130200,137500,558080,0.08695652173913038
2022-02-17,137000,140000,129300,132800,458740,-0.0341818181818182
2022-02-18,128700,133900,127200,131100,264894,-0.012801204819277157
2022-02-21,126300,137500,124000,137500,338303,0.048817696414950484
2022-02-22,131800,135000,128500,129000,329858,-0.06181818181818177
2022-02-23,132000,134500,129700,131600,217898,0.020155038759689825
2022-02-24,128500,133700,126500,126700,281193,-0.037234042553191515
2022-02-25,131200,135300,129200,130700,298038,0.03157063930544601
2022-02-28,129100,136200,128700,134000,297658,0.025248661055853105
2022-03-02,136900,143500,135900,142500,369195,0.06343283582089554
2022-03-03,145400,145700,139300,140200,221309,-0.01614035087719301
2022-03-04,139300,141200,131300,133400,279501,-0.04850213980028528
2022-03-07,129400,135100,129100,133800,131818,0.0029985007496251548
2022-03-08,132100,135500,131000,133600,154624,-0.001494768310911776
2022-03-10,140000,153000,138600,149100,674206,0.11601796407185638
2022-03-11,150300,155700,146800,151800,327803,0.01810865191146882
2022-03-14,153800,158500,142800,146400,371891,-0.035573122529644285
2022-03-15,147900,150200,135000,137700,301474,-0.05942622950819676
2022-03-16,142000,144600,138700,144600,219431,0.050108932461873534
2022-03-17,150000,152000,145700,147000,274251,0.016597510373443924
2022-03-18,149000,149200,143400,148500,164790,0.010204081632652962
2022-03-21,149000,149700,141900,145400,257882,-0.020875420875420825
2022-03-22,144700,150700,143500,145600,289438,0.0013755158184318717
2022-03-23,147000,148600,145200,145300,148974,-0.002060439560439553
2022-03-24,145900,145900,141600,144200,162877,-0.007570543702684063
2022-03-25,146600,151200,144700,144700,329856,0.0034674063800277377
2022-03-28,144000,144700,139500,140100,152366,-0.0317899101589495
2022-03-29,141900,142600,135900,138400,203960,-0.012134189864382638
2022-03-30,139900,139900,130200,132500,327631,-0.04263005780346818
2022-03-31,132500,133800,124400,124800,403964,-0.058113207547169865
2022-04-01,125400,126400,120500,123800,291302,-0.008012820512820484
2022-04-04,123800,125500,122200,123400,140519,-0.003231017770597755
2022-04-05,124300,125500,122000,123700,163914,0.002431118314424552
2022-04-06,123000,129000,122000,126400,336680,0.021827000808407382
2022-04-07,125200,125200,118100,118100,237177,-0.06566455696202533
2022-04-08,119500,119800,111700,112900,287979,-0.04403048264182896
2022-04-11,112300,113600,109000,110000,200762,-0.025686448184233823
2022-04-12,108400,110600,104500,105200,284782,-0.043636363636363584
2022-04-13,105200,106300,102000,102600,253494,-0.024714828897338448
2022-04-14,104000,105200,99700,102100,264428,-0.004873294346978585
2022-04-15,101800,104500,99800,103000,231910,0.008814887365328206
2022-04-18,102600,102700,96900,97100,253406,-0.057281553398058294
2022-04-19,96700,99100,96100,97100,145917,0.0
2022-04-20,97600,99200,95100,95100,153747,-0.02059732234809475
2022-04-21,94800,96500,93600,95000,142219,-0.001051524710830698
2022-04-22,93800,94600,91000,93200,150821,-0.0189473684210526
2022-04-25,91000,91700,88700,88800,194832,-0.047210300429184504
2022-04-26,89000,91100,87500,87500,134605,-0.014639639639639657
2022-04-27,84200,85100,82400,83900,205236,-0.04114285714285715
2022-04-28,84500,85200,80500,82700,151865,-0.014302741358760418
2022-04-29,83400,87400,82400,85500,157542,0.033857315598548876
2022-05-02,82800,84500,81700,83500,86257,-0.023391812865497075
2022-05-03,83900,86700,83800,84600,86059,0.013173652694610682
2022-05-04,84600,85300,82200,82500,67902,-0.024822695035460973
2022-05-06,80200,81000,79000,79300,101100,-0.038787878787878816
2022-05-09,78800,79800,76400,77400,99235,-0.023959646910466592
2022-05-10,74800,77700,72900,76100,158153,-0.01679586563307489
2022-05-11,75300,76000,73300,74100,96206,-0.026281208935611033
2022-05-12,71200,72000,64800,65500,414814,-0.11605937921727394
2022-05-13,65500,66900,63300,64400,291632,-0.016793893129770976
2022-05-16,64000,66500,63100,63100,135781,-0.02018633540372672
2022-05-17,62900,64100,61700,62100,129647,-0.015847860538827252
2022-05-18,62600,64000,60800,60800,119772,-0.020933977455716568
2022-05-19,59200,59500,57500,58800,144748,-0.03289473684210531
2022-05-20,59400,62100,58700,61900,158904,0.05272108843537415
2022-05-23,62900,67000,61000,64100,373772,0.035541195476575194
2022-05-24,64100,65900,61800,62300,214312,-0.02808112324492984
2022-05-25,62900,67400,62400,66600,301422,0.0690208667736758
2022-05-26,67500,80800,66100,74600,2159761,0.12012012012012008
2022-05-27,77900,78500,71300,71500,495435,-0.041554959785522816
2022-05-30,72600,74800,72300,74400,296016,0.040559440559440496
2022-05-31,74200,74300,71600,71900,194895,-0.03360215053763438
2022-06-02,70600,70600,68000,69200,183048,-0.037552155771905404
2022-06-03,70500,72000,66900,67600,203504,-0.023121387283236983
2022-06-07,68000,68300,66000,66500,122388,-0.016272189349112454
2022-06-08,66500,67600,65700,65800,88268,-0.010526315789473717
2022-06-09,65200,66600,63100,65700,138230,-0.001519756838905817
2022-06-10,64300,66000,63600,64600,108270,-0.016742770167427756
2022-06-13,62000,63100,60500,60900,141468,-0.05727554179566563
2022-06-14,59000,60700,58000,59500,174192,-0.02298850574712641
2022-06-15,59100,60100,55700,55800,166437,-0.06218487394957983
2022-06-16,57100,58400,54300,54300,211546,-0.026881720430107503
2022-06-17,52100,54500,51600,53800,137102,-0.009208103130755041
2022-06-20,54500,54800,50300,50600,151727,-0.059479553903345694
2022-06-21,50800,53500,50800,53000,127543,0.04743083003952564
2022-06-22,53000,53200,49650,49800,111878,-0.060377358490566024
2022-06-23,49850,50600,46700,46700,157741,-0.06224899598393574
2022-06-24,46700,50100,46700,49850,125811,0.06745182012847972
2022-06-27,50400,52800,49150,51900,115977,0.04112337011033107
2022-06-28,51200,52700,50000,51700,73820,-0.003853564547206201
2022-06-29,50900,53100,50200,52000,89950,0.005802707930367523
2022-06-30,52100,52200,49250,49250,99680,-0.05288461538461542
2022-07-01,49250,51000,47600,48200,87974,-0.02131979695431474
2022-07-04,48200,49350,46800,47250,61503,-0.01970954356846477
2022-07-05,47900,52100,47900,51800,170065,0.09629629629629632
2022-07-06,51400,53900,51100,51500,135073,-0.00579150579150578
2022-07-07,52600,55100,51800,52100,131889,0.011650485436893288
2022-07-08,53200,55500,52000,53600,162764,0.028790786948176494
2022-07-11,53600,54400,51900,53500,90572,-0.001865671641791078
2022-07-12,52500,52600,50400,51100,90524,-0.04485981308411213
2022-07-13,51200,53900,50800,53900,99688,0.0547945205479452
2022-07-14,53000,55500,52600,53000,94306,-0.016697588126159513
2022-07-15,53800,54600,50700,51400,120079,-0.030188679245283012
2022-07-18,52200,54500,51500,54500,121895,0.060311284046692615
2022-07-19,54800,55500,53100,54300,116436,-0.003669724770642202
2022-07-20,56500,57400,54100,54800,167321,0.009208103130755152
2022-07-21,55300,58200,55000,56600,231874,0.03284671532846706
2022-07-22,56800,56900,53500,53700,162913,-0.051236749116607805
2022-07-25,53200,54700,52700,54100,86074,0.007448789571694592
2022-07-26,53900,54300,53200,53500,56765,-0.011090573012939031
2022-07-27,53200,53200,51200,52100,113635,-0.0261682242990654
2022-07-28,53600,54500,52200,52500,100865,0.007677543186180413
2022-07-29,53300,56100,53200,54200,183911,0.0323809523809524
2022-08-01,54800,55900,54300,55100,96422,0.016605166051660625
2022-08-02,55400,55400,52800,52800,97349,-0.04174228675136116
2022-08-03,53100,58000,52600,56700,400839,0.07386363636363646
2022-08-04,58400,68400,57600,65500,1368504,0.15520282186948853
2022-08-05,64000,64100,61100,61800,400741,-0.056488549618320616
2022-08-08,61800,64500,60300,64300,293413,0.040453074433656866
2022-08-09,64300,68500,63500,64200,406818,-0.0015552099533436836
2022-08-10,64100,64500,61000,61500,188168,-0.04205607476635509
2022-08-11,63000,65500,61700,65000,354804,0.05691056910569103
2022-08-12,64500,64900,62000,62600,146511,-0.03692307692307695
2022-08-16,64000,68600,63200,66400,521927,0.060702875399361034
2022-08-17,65800,66500,63300,64600,206708,-0.027108433734939763
2022-08-18,63300,63300,61600,62100,162823,-0.03869969040247678
2022-08-19,62300,63400,61200,61300,139729,-0.012882447665056307
2022-08-22,59500,60900,58600,58600,127488,-0.0440456769983687
2022-08-23,57400,59200,56700,56900,105695,-0.029010238907849817
2022-08-24,57600,58400,56000,56900,71855,0.0
2022-08-25,56800,59000,56700,59000,90727,0.03690685413005279
2022-08-26,59300,59800,57900,58400,69719,-0.01016949152542368
2022-08-29,55200,56700,54800,56400,99986,-0.03424657534246578
2022-08-30,57300,58500,56600,58200,60952,0.03191489361702127
2022-08-31,57100,60400,57000,60200,73263,0.03436426116838498
2022-09-01,59300,60900,58600,59000,96540,-0.019933554817275767
2022-09-02,59600,60400,58100,58200,62171,-0.013559322033898313
2022-09-05,57600,59200,55500,57200,69704,-0.01718213058419249
2022-09-06,57300,58100,56700,57600,50875,0.006993006993007089
2022-09-07,57200,57900,54400,55000,81951,-0.04513888888888884
2022-09-08,55400,58200,55200,57000,85864,0.036363636363636376
2022-09-13,58500,61200,58500,60300,139047,0.05789473684210522
2022-09-14,57300,58300,56400,57200,93521,-0.051409618573797666
2022-09-15,57700,59700,56700,58800,79465,0.027972027972027913
2022-09-16,58000,62200,57800,58900,206291,0.001700680272108901
2022-09-19,58600,58900,53700,53800,146235,-0.08658743633276744
2022-09-20,54400,55400,53200,53500,50150,-0.005576208178438624
2022-09-21,52600,54600,52600,53500,54739,0.0
2022-09-22,52300,52900,51000,52800,78018,-0.013084112149532756
2022-09-23,52400,53000,49300,49400,101495,-0.06439393939393945
2022-09-26,48100,49200,46600,46600,116135,-0.05668016194331982
2022-09-27,46450,48000,45000,46750,104935,0.0032188841201716833
2022-09-28,46500,46550,42900,43050,91056,-0.07914438502673793
2022-09-29,44000,45600,42450,42450,73719,-0.013937282229965153
2022-09-30,42000,43500,41850,43400,60235,0.022379269729092988
2022-10-04,44350,44750,43450,44450,57016,0.024193548387096753
2022-10-05,45600,45600,42700,42850,46667,-0.03599550056242973
2022-10-06,43100,44050,43100,43650,33362,0.018669778296382722
2022-10-07,42750,43000,41350,41400,95621,-0.05154639175257736
2022-10-11,40000,40550,38500,38700,77283,-0.06521739130434778
2022-10-12,38450,39300,38000,38600,51319,-0.0025839793281653423
2022-10-13,38350,38400,36400,37000,82505,-0.041450777202072575
2022-10-14,37950,40450,37900,40050,104314,0.08243243243243237
2022-10-17,38350,40750,38050,40550,64272,0.012484394506866447
2022-10-18,42950,45700,42300,43250,257939,0.06658446362515402
2022-10-19,43450,45900,41800,41850,185025,-0.032369942196531776
2022-10-20,41750,42500,40950,41750,54937,-0.002389486260453988
2022-10-21,41500,41500,40550,40750,37434,-0.0239520958083832
2022-10-24,42100,42850,41600,41900,67650,0.02822085889570558
2022-10-25,42300,42450,40700,40700,45728,-0.02863961813842486
2022-10-26,40700,42300,39800,41100,86113,0.00982800982800991
2022-10-27,41800,45000,41150,44150,208195,0.07420924574209242
2022-10-28,42400,42750,41150,41250,131184,-0.06568516421291049
2022-10-31,42150,44300,41400,43250,98315,0.048484848484848575
2022-11-01,43250,44900,42700,44750,72940,0.034682080924855585
2022-11-02,44600,47300,44000,45500,200281,0.016759776536312776
2022-11-03,44150,44850,43750,44550,77681,-0.020879120879120916
2022-11-04,44600,45250,42500,45200,51845,0.014590347923681302
2022-11-07,45300,46500,45150,45700,86407,0.01106194690265494
2022-11-08,46400,51000,46100,47500,383918,0.03938730853391692
2022-11-09,47000,47350,46100,46700,106948,-0.01684210526315788
2022-11-10,45100,46200,44400,45400,113465,-0.027837259100642386
2022-11-11,48350,51000,46700,47850,281410,0.05396475770925102
2022-11-14,45950,45950,41200,42250,372478,-0.11703239289446188
2022-11-15,42800,45900,42150,45300,211037,0.07218934911242614
2022-11-16,45800,48650,45700,47000,183048,0.03752759381898452
2022-11-17,46950,48600,46000,46400,110314,-0.012765957446808529
2022-11-18,47100,48200,45850,45850,130003,-0.0118534482758621
2022-11-21,46000,46900,44150,44150,80664,-0.037077426390403456
2022-11-22,44100,44600,42600,42750,77158,-0.0317100792751982
2022-11-23,43850,45200,43600,44450,76409,0.039766081871345005
2022-11-24,45000,46550,44800,46250,119478,0.040494938132733305
2022-11-25,43900,44500,42550,43300,234497,-0.0637837837837838
2022-11-28,43400,43600,42350,42450,64063,-0.019630484988452657
2022-11-29,42350,44150,41800,43950,80962,0.035335689045936425
2022-11-30,43950,44000,43100,43350,39902,-0.013651877133105783
2022-12-01,45100,45500,44050,44200,105828,0.019607843137254832
2022-12-02,44450,45500,43950,44300,71857,0.002262443438914019
2022-12-05,45050,45300,43850,44300,48360,0.0
2022-12-06,44000,44000,42200,42300,58130,-0.04514672686230248
2022-12-07,41850,42550,41400,42000,56847,-0.007092198581560294
2022-12-08,41200,42150,40600,41700,63269,-0.0071428571428571175
2022-12-09,41750,43200,41650,42450,68355,0.017985611510791477
2022-12-12,42200,43400,41900,42850,46312,0.009422850412249772
2022-12-13,43100,43200,41700,42050,47968,-0.018669778296382722
2022-12-14,42300,43500,42000,43200,74613,0.027348394768133222
2022-12-15,42900,43200,41750,42150,42140,-0.02430555555555558
2022-12-16,41300,41950,41100,41950,36811,-0.004744958481613271
2022-12-19,41550,42200,41350,41850,21840,-0.0023837902264600697
2022-12-20,41500,41700,40250,40300,48538,-0.03703703703703709
2022-12-21,41000,41000,39800,39850,40844,-0.011166253101737023
2022-12-22,39950,40450,39850,40350,24143,0.012547051442910906
2022-12-23,39800,39850,38300,38300,59156,-0.050805452292441156
2022-12-26,38350,38550,37550,37550,24482,-0.019582245430809442
2022-12-27,37600,39100,37600,38900,43068,0.03595206391478034
2022-12-28,38800,39950,38500,38950,30636,0.0012853470437017567
2022-12-29,40300,40750,38750,38750,78683,-0.005134788189987138
2023-01-02,39200,39650,37700,37700,31268,-0.02709677419354839
2023-01-03,37350,37950,36900,37800,33773,0.0026525198938991412
2023-01-04,37150,39300,37150,39100,32651,0.03439153439153442
2023-01-05,38900,41000,38900,40200,78129,0.028132992327365658
2023-01-06,39700,41000,39700,40150,33114,-0.0012437810945273853
2023-01-09,41200,41250,40700,40850,27196,0.01743462017434627
2023-01-10,41500,42400,41100,41300,47198,0.01101591187270512
2023-01-11,42050,42200,41400,41400,29158,0.002421307506053294
2023-01-12,41950,42550,41050,42550,43020,0.02777777777777768
2023-01-13,42850,43050,42200,42950,36916,0.009400705052879044
2023-01-16,43000,46150,43000,44850,199760,0.0442374854481955
2023-01-17,45050,45350,43350,43400,77374,-0.032329988851728
2023-01-18,44000,45550,43750,44800,95356,0.032258064516129004
2023-01-19,44200,44300,43550,43750,45305,-0.0234375
2023-01-20,43550,44400,43450,43750,38427,0.0
2023-01-25,44900,45350,44450,44750,51494,0.02285714285714291
2023-01-26,44850,46000,44200,45100,73523,0.007821229050279266
2023-01-27,45300,45750,44850,45200,43632,0.0022172949002217113
2023-01-30,45300,46450,44050,44300,70151,-0.019911504424778736
2023-01-31,43700,45700,43350,45700,54424,0.03160270880361171
2023-02-01,45700,45900,44450,44900,49303,-0.017505470459518557
2023-02-02,45400,46000,45050,45950,65688,0.023385300668151476
2023-02-03,46400,47900,46100,47050,161902,0.02393906420021752
2023-02-06,46800,48100,45150,45350,110590,-0.03613177470775775
2023-02-07,45200,46000,45200,45350,36732,0.0
2023-02-08,45850,46450,45400,45550,38995,0.004410143329658167
2023-02-09,44850,45300,44050,44750,61820,-0.01756311745334793
2023-02-10,44800,44900,42650,42750,105181,-0.04469273743016755
2023-02-13,43500,43500,41200,41650,68505,-0.025730994152046827
2023-02-14,41900,50000,41750,44300,955856,0.06362545018007193
2023-02-15,44850,44850,42000,42650,96828,-0.03724604966139955
2023-02-16,43400,54600,43250,53000,2035088,0.24267291910902689
2023-02-17,51500,52900,50600,52300,448272,-0.013207547169811318
2023-02-20,53200,54900,51500,53700,471438,0.026768642447418722
2023-02-21,53000,54300,51800,53000,254500,-0.013035381750465591
2023-02-22,51500,54200,50700,51000,263840,-0.037735849056603765
2023-02-23,51300,51800,49350,50500,158675,-0.009803921568627416
2023-02-24,50600,51100,49200,49500,111374,-0.01980198019801982
2023-02-27,48900,49200,47950,48050,90600,-0.02929292929292926
2023-02-28,48600,50800,48500,50100,118343,0.042663891779396446
2023-03-02,49900,49900,48350,48950,85162,-0.022954091816367317
2023-03-03,50000,50700,49000,49500,82308,0.011235955056179803
2023-03-06,50200,50500,49500,50400,85865,0.018181818181818077
2023-03-07,50100,50800,49450,49600,73922,-0.015873015873015928
2023-03-08,48950,55500,48800,52600,660168,0.06048387096774199
2023-03-09,53200,53200,50700,52500,167826,-0.0019011406844106071
2023-03-10,51400,52500,49900,50100,125940,-0.04571428571428571
2023-03-13,50300,51600,48200,51100,129349,0.019960079840319445
2023-03-14,51400,52000,49400,49450,130081,-0.03228962818003911
2023-03-15,50500,50600,49300,49300,56173,-0.0030333670374115274
2023-03-16,49300,51700,46750,50400,142674,0.022312373225152227
2023-03-17,50500,53100,49650,52900,241686,0.04960317460317465
2023-03-20,53000,54400,50900,51300,126800,-0.03024574669187141
2023-03-21,52700,53100,49650,50100,152165,-0.023391812865497075
2023-03-22,50100,50400,49500,49800,67209,-0.005988023952095856
2023-03-23,49500,49500,47800,48000,111417,-0.03614457831325302
2023-03-24,48350,49100,47450,48600,80625,0.012499999999999956
2023-03-27,48600,48900,47150,47400,53789,-0.024691358024691357
2023-03-28,47850,49450,47400,48150,84469,0.015822784810126667
2023-03-29,48300,49200,47700,48800,66624,0.01349948078920038
2023-03-30,49400,49550,48300,48550,75044,-0.0051229508196721785
2023-03-31,48500,48600,47500,48100,45096,-0.009268795056642687
2023-04-03,48050,48400,47450,47600,47390,-0.01039501039501034
2023-04-04,47500,49900,47500,49050,141919,0.03046218487394947
2023-04-05,49700,50300,48850,49100,88974,0.0010193679918450993
2023-04-06,49150,49250,47750,48100,69504,-0.020366598778004064
2023-04-07,48700,49300,48150,48500,56820,0.008316008316008316
2023-04-10,48300,48300,47100,47150,67164,-0.027835051546391765
2023-04-11,47150,47150,46350,46600,56266,-0.01166489925768821
2023-04-12,46900,47350,46400,46700,34524,0.0021459227467810482
2023-04-13,46750,48700,46750,48550,84196,0.039614561027837336
2023-04-14,48700,49700,48350,48850,82747,0.006179196704428458
2023-04-17,49500,50400,48550,49000,72054,0.003070624360286489
2023-04-18,49200,49500,48000,48300,48675,-0.014285714285714235
2023-04-19,48600,49600,47300,47600,79561,-0.01449275362318836
2023-04-20,47500,47800,46500,47000,41840,-0.012605042016806678
2023-04-21,46900,47750,45250,45700,67740,-0.02765957446808509
2023-04-24,45000,45500,44100,44400,36835,-0.02844638949671774
2023-04-25,44400,44950,43250,43800,34622,-0.013513513513513487
2023-04-26,43250,44350,43250,43550,24475,-0.005707762557077611
2023-04-27,43700,44500,42400,43050,29598,-0.01148105625717566
2023-04-28,43700,44800,43100,43300,49416,0.005807200929152101
2023-05-02,43450,44350,42700,44000,35756,0.01616628175519641
2023-05-03,43300,44550,43050,43050,26440,-0.021590909090909105
2023-05-04,42900,43500,42450,42950,18593,-0.0023228803716608404
2023-05-08,43000,44250,43000,43600,27784,0.015133876600698537
2023-05-09,43300,43800,42800,43400,21113,-0.004587155963302725
2023-05-10,43850,43850,42700,42950,16413,-0.010368663594470084
2023-05-11,44000,45350,43650,44250,69992,0.030267753201397074
2023-05-12,44500,44550,42900,42900,35409,-0.03050847457627115
2023-05-15,42600,44200,42500,43150,32803,0.005827505827505908
2023-05-16,43600,45800,43600,44850,66577,0.03939745075318646
2023-05-17,44900,46950,44750,46500,69714,0.03678929765886285
2023-05-18,46650,47100,45700,46100,22023,-0.008602150537634357
2023-05-19,46550,46550,45000,45350,34681,-0.01626898047722347
2023-05-22,45300,46200,44700,45400,39080,0.0011025358324145973
2023-05-23,45400,48150,45400,47650,94596,0.049559471365638874
2023-05-24,47100,47650,46150,46500,42744,-0.02413431269674715
2023-05-25,46200,46650,45650,45900,19369,-0.012903225806451646
2023-05-26,45900,46550,45650,46100,22905,0.004357298474945592
2023-05-30,46100,46700,45700,46700,24399,0.013015184381778733
2023-05-31,46650,48300,46300,46600,42486,-0.0021413276231263545
2023-06-01,47000,47000,45950,46600,15959,0.0
2023-06-02,46950,46950,45800,46000,24704,-0.012875536480686733
2023-06-05,46000,46450,45550,45950,19309,-0.0010869565217391797
2023-06-07,45950,46250,45300,45300,27274,-0.014145810663764968
2023-06-08,45000,45250,44250,44800,28550,-0.01103752759381893
2023-06-09,44500,45650,44450,45650,25374,0.01897321428571419
2023-06-12,45450,45950,44400,44550,25109,-0.02409638554216864
2023-06-13,44550,44850,43700,44100,30159,-0.010101010101010055
2023-06-14,44000,44200,42400,43000,82453,-0.024943310657596363
2023-06-15,42750,43000,41550,41900,43574,-0.025581395348837188
2023-06-16,41900,43450,41900,42700,46163,0.019093078758949833
2023-06-19,42000,43100,41950,43000,25409,0.007025761124121788
2023-06-20,42800,44500,42800,44000,45347,0.023255813953488413
2023-06-21,44200,44600,43000,43300,32107,-0.015909090909090873
2023-06-22,43400,43800,43050,43350,14532,0.0011547344110853786
2023-06-23,43700,44400,43050,43500,27399,0.0034602076124568004
2023-06-26,43550,44900,43300,44000,42225,0.011494252873563315
2023-06-27,41900,42350,39250,41700,193220,-0.05227272727272725
2023-06-28,42000,44700,41550,41600,129131,-0.0023980815347721673
2023-06-29,41000,41550,38050,38200,160384,-0.08173076923076927
2023-06-30,38200,38500,37000,37700,66504,-0.01308900523560208
2023-07-03,37750,38350,37450,37900,46644,0.0053050397877985045
2023-07-04,37900,38150,36900,37400,49008,-0.01319261213720313
2023-07-05,37600,38450,37150,37200,32276,-0.005347593582887722
2023-07-06,37100,37500,36050,36050,35516,-0.03091397849462363
2023-07-07,35900,36150,34350,35050,57122,-0.0277392510402219
2023-07-10,35050,35500,34750,35150,26074,0.0028530670470756636
2023-07-11,35200,36300,35200,35700,20497,0.01564722617354186
2023-07-12,35800,35950,35200,35800,21402,0.0028011204481792618
2023-07-13,36100,36750,36100,36300,25394,0.013966480446927276
2023-07-14,36800,36800,35700,36250,23191,-0.0013774104683195176
2023-07-17,36450,36450,35300,35950,31899,-0.008275862068965467
2023-07-18,35650,36400,34950,35100,38184,-0.02364394993045893
2023-07-19,35000,35900,34250,34500,46703,-0.017094017094017144
2023-07-20,34300,35100,34200,35000,25883,0.01449275362318847
2023-07-21,34700,34950,33950,33950,51413,-0.030000000000000027
2023-07-24,34000,34000,32150,32250,71478,-0.050073637702503726
2023-07-25,31900,32250,31300,31650,51948,-0.018604651162790753
2023-07-26,31350,31650,29400,30100,102127,-0.048973143759873605
2023-07-27,29700,32100,29700,32000,55749,0.06312292358803995
2023-07-28,32000,32850,31550,32200,32068,0.006250000000000089
2023-07-31,32250,32700,31600,32550,39363,0.010869565217391353
2023-08-01,32800,33700,32600,33400,40558,0.02611367127496167
2023-08-02,32900,33700,32500,33350,29863,-0.0014970059880239361
2023-08-03,32700,32750,31350,32450,43369,-0.026986506746626726
2023-08-04,32850,32850,31600,31900,23244,-0.016949152542372836
2023-08-07,31800,33700,31800,33000,36076,0.034482758620689724
2023-08-08,32850,33100,31900,32200,26388,-0.024242424242424288
2023-08-09,31650,32700,31650,32600,15463,0.012422360248447228
2023-08-10,32900,32950,31950,32600,16589,0.0
2023-08-11,32400,34150,32350,33750,44680,0.03527607361963181
2023-08-14,34050,34050,32700,32800,21389,-0.028148148148148144
2023-08-16,32350,32500,31000,31000,25677,-0.054878048780487854
2023-08-17,30550,30850,29650,30100,31790,-0.029032258064516148
2023-08-18,29500,30350,29000,29550,35557,-0.01827242524916939
2023-08-21,29550,30750,29000,29800,28026,0.008460236886632888
2023-08-22,29900,30300,29250,29250,17776,-0.01845637583892612
2023-08-23,29250,29250,28050,28150,41287,-0.037606837606837584
2023-08-24,28200,29800,28200,29300,20364,0.04085257548845478
2023-08-25,29250,29600,28250,29100,11520,-0.0068259385665528916
2023-08-28,29250,30000,28900,29550,19343,0.015463917525773141
2023-08-29,29550,30700,29550,30350,19875,0.027072758037224975
2023-08-30,30500,31050,30350,30700,12080,0.011532125205930832
2023-08-31,30450,31000,29800,30150,13986,-0.01791530944625408
2023-09-01,30350,30550,29950,30400,9444,0.008291873963515828
2023-09-04,30100,30550,29700,30500,11721,0.00328947368421062
2023-09-05,30500,31850,30050,30500,27823,0.0
2023-09-06,30350,30400,29750,30000,17187,-0.016393442622950838
2023-09-07,29550,31950,29500,30550,40542,0.018333333333333313
2023-09-08,30550,30700,29800,30350,23653,-0.006546644844517169
2023-09-11,30200,31500,30200,30500,24583,0.0049423393739702615
2023-09-12,30550,31500,30550,30900,36436,0.013114754098360715
2023-09-13,30150,30750,29500,29750,32061,-0.03721682847896435
2023-09-14,30450,30450,29400,30100,16916,0.0117647058823529
2023-09-15,30400,30400,29750,29800,29203,-0.009966777408637828
2023-09-18,29700,30750,29700,30200,25827,0.01342281879194629
2023-09-19,29900,30400,29200,29550,26715,-0.021523178807947074
2023-09-20,29250,29500,28850,29050,18908,-0.016920473773265665
2023-09-21,29050,29650,28000,28250,29325,-0.027538726333907082
2023-09-22,27800,28250,27200,27400,22521,-0.030088495575221197
2023-09-25,27100,28250,27000,27050,23175,-0.012773722627737238
2023-09-26,26750,27350,26500,26600,17015,-0.01663585951940849
2023-09-27,26100,26950,26100,26650,18388,0.001879699248120259
2023-10-04,26500,26500,25400,25500,24579,-0.04315196998123827
2023-10-05,25500,27650,25000,25300,42073,-0.007843137254901933
2023-10-06,24900,26400,24900,26200,15123,0.035573122529644285
2023-10-10,26300,26350,25050,25300,16022,-0.03435114503816794
2023-10-11,25450,26100,25450,25900,7648,0.02371541501976293
2023-10-12,25750,27300,25750,26900,16512,0.03861003861003853
2023-10-13,26000,26850,26000,26250,11558,-0.024163568773234223
2023-10-16,26250,26250,24850,25000,20451,-0.04761904761904767
2023-10-17,25150,26850,25150,26300,21645,0.052000000000000046
2023-10-18,26100,26250,25150,25150,13546,-0.04372623574144485
2023-10-19,24900,24900,23800,23850,19146,-0.05168986083499005
2023-10-20,23600,24250,22850,23850,23791,0.0
2023-10-23,23600,24000,23150,23150,13486,-0.02935010482180289
2023-10-24,23250,25650,22650,25450,44116,0.09935205183585305
2023-10-25,25450,26550,24450,25000,28431,-0.017681728880157177
2023-10-26,24400,24400,23300,23600,17520,-0.05600000000000005
2023-10-27,23700,25600,23700,24600,31179,0.04237288135593231
2023-10-30,23950,25000,23900,24450,14043,-0.0060975609756097615
2023-10-31,24450,24900,23600,23800,14372,-0.026584867075664653
2023-11-01,24250,24350,23800,23850,11920,0.0021008403361344463
2023-11-02,24350,24900,23600,24700,14684,0.03563941299790363
2023-11-03,25150,26000,24700,25750,20831,0.04251012145748989
2023-11-06,26200,27300,26200,27150,33530,0.05436893203883497
2023-11-07,26900,27150,26250,26600,22190,-0.02025782688766109
2023-11-08,27150,34550,27100,32400,1238788,0.21804511278195493
2023-11-09,31600,36100,30650,34100,725144,0.05246913580246915
2023-11-10,34050,37300,33900,37100,498975,0.08797653958944274
2023-11-13,37250,38900,35100,35100,290567,-0.0539083557951483
2023-11-14,34400,37550,34400,35450,194935,0.009971509971509862
2023-11-15,35200,35450,33550,34700,186275,-0.021156558533145242
2023-11-16,34800,36700,34250,35250,152965,0.015850144092218965
2023-11-17,35200,35350,33250,33450,129566,-0.051063829787234005
2023-11-20,33750,34250,33300,33950,55938,0.014947683109117982
2023-11-21,33850,34600,33050,33200,71002,-0.022091310751104598
2023-11-22,33150,33450,31850,32800,55052,-0.012048192771084376
2023-11-23,33200,34600,32400,33450,85343,0.01981707317073167
2023-11-24,34000,34100,32600,32850,47255,-0.017937219730941756
2023-11-27,33850,35700,32800,34850,165965,0.060882800608828
2023-11-28,34550,34900,33150,33550,69370,-0.0373027259684362
2023-11-29,33950,35550,33900,34450,85325,0.02682563338301036
2023-11-30,34750,35050,33850,34900,32379,0.013062409288824295
2023-12-01,35200,37500,34750,36150,174249,0.035816618911174825
2023-12-04,37700,41300,36750,37600,528131,0.04011065006915637
2023-12-05,37700,38750,34750,34800,204079,-0.07446808510638303
2023-12-06,35600,45200,35000,45200,1546716,0.29885057471264376
2023-12-07,45200,49650,44000,47450,1612893,0.0497787610619469
2023-12-08,47200,49750,45700,49300,589071,0.03898840885142252
