Date,Open,High,Low,Close,Volume,Change
2022-01-03,27200,28950,27200,28700,90814,0.05514705882352944
2022-01-04,28950,29700,28100,29450,128711,0.026132404181184565
2022-01-05,29700,30350,28550,28800,107874,-0.022071307300509324
2022-01-06,28050,29050,27650,27650,51146,-0.03993055555555558
2022-01-07,27850,28500,27800,27900,29814,0.009041591320072317
2022-01-10,27700,27700,26950,27550,31316,-0.012544802867383464
2022-01-11,27400,27800,26250,26250,54381,-0.047186932849364815
2022-01-12,26500,26750,26100,26300,36952,0.0019047619047618536
2022-01-13,26400,26500,25000,25100,93212,-0.04562737642585546
2022-01-14,24700,25750,24000,25700,61114,0.0239043824701195
2022-01-17,25900,26000,24900,24900,35526,-0.0311284046692607
2022-01-18,24700,25550,23950,24300,54252,-0.02409638554216864
2022-01-19,24050,27200,23500,26000,139226,0.06995884773662553
2022-01-20,26050,26250,25250,25850,40438,-0.005769230769230749
2022-01-21,25550,25750,24800,24800,36784,-0.04061895551257255
2022-01-24,24650,24650,23600,23850,27686,-0.03830645161290325
2022-01-25,23850,24600,22400,22800,66352,-0.04402515723270439
2022-01-26,22500,23400,22050,22450,24765,-0.015350877192982448
2022-01-27,22450,22750,20750,21400,85988,-0.04677060133630284
2022-01-28,21300,22000,19650,21800,112261,0.01869158878504673
2022-02-03,22300,22400,21350,22200,52509,0.0183486238532109
2022-02-04,21600,22200,21600,21950,24358,-0.011261261261261257
2022-02-07,22000,23050,21600,22400,46549,0.0205011389521641
2022-02-08,22000,22650,21900,22150,30677,-0.011160714285714302
2022-02-09,22300,22500,22000,22100,15680,-0.0022573363431150906
2022-02-10,22500,23550,22000,22450,63232,0.015837104072398134
2022-02-11,21850,22250,20900,21200,43424,-0.055679287305122505
2022-02-14,20600,20600,19700,20200,49511,-0.047169811320754707
2022-02-15,20000,20050,18500,18550,66160,-0.08168316831683164
2022-02-16,19000,19750,19000,19750,31334,0.06469002695417791
2022-02-17,19550,20300,19100,19500,83950,-0.012658227848101222
2022-02-18,19000,19850,18950,19450,28612,-0.002564102564102555
2022-02-21,19050,19900,18800,19800,22533,0.01799485861182526
2022-02-22,19200,20450,19150,19700,35265,-0.005050505050505083
2022-02-23,19700,19950,19150,19400,28350,-0.015228426395939132
2022-02-24,19350,19350,17600,17600,120738,-0.09278350515463918
2022-02-25,18150,18650,17900,18250,50553,0.03693181818181812
2022-02-28,18050,18350,17600,18150,28965,-0.005479452054794498
2022-03-02,18200,19000,18150,19000,37611,0.04683195592286493
2022-03-03,19200,19550,18900,19500,42138,0.026315789473684292
2022-03-04,19500,19500,18800,19000,18563,-0.02564102564102566
2022-03-07,18650,18850,18350,18500,18079,-0.02631578947368418
2022-03-08,17950,18450,17850,18250,20099,-0.013513513513513487
2022-03-10,18500,19000,18300,18800,21374,0.03013698630136985
2022-03-11,18750,18800,18300,18750,14070,-0.0026595744680850686
2022-03-14,18750,20150,18550,19100,63745,0.01866666666666661
2022-03-15,19300,23550,18750,20950,732508,0.09685863874345557
2022-03-16,20650,22400,20650,21750,322884,0.038186157517899666
2022-03-17,22000,22300,21500,21650,146933,-0.0045977011494252595
2022-03-18,21500,25350,21450,24000,1486035,0.10854503464203225
2022-03-21,24250,24750,23800,24000,197329,0.0
2022-03-22,23700,24050,22800,23550,168672,-0.018750000000000044
2022-03-23,23700,24150,23100,23550,120339,0.0
2022-03-24,23300,23500,22150,22450,129188,-0.04670912951167727
2022-03-25,22550,23000,22300,22900,76323,0.020044543429844186
2022-03-28,22800,23550,22500,23000,99541,0.004366812227074135
2022-03-29,23100,24000,23000,23200,108031,0.008695652173912993
2022-03-30,23300,24350,23000,23100,99146,-0.004310344827586188
2022-03-31,23150,23150,22600,22850,35015,-0.010822510822510845
2022-04-01,22700,22700,22200,22650,31142,-0.008752735229759279
2022-04-04,22400,22650,22350,22600,22946,-0.002207505518763808
2022-04-05,22600,22650,22250,22400,41333,-0.008849557522123908
2022-04-06,22550,22700,21750,22450,46750,0.0022321428571427937
2022-04-07,22050,22100,20800,21100,72040,-0.060133630289532336
2022-04-08,21200,21350,20650,21100,37270,0.0
2022-04-11,21100,21500,20550,21000,27211,-0.004739336492891044
2022-04-12,20700,21100,20250,20850,21312,-0.0071428571428571175
2022-04-13,20500,21400,20500,21200,12306,0.01678657074340517
2022-04-14,21200,21250,20500,20700,36413,-0.02358490566037741
2022-04-15,20650,20650,20000,20150,27619,-0.02657004830917875
2022-04-18,20000,20000,19500,19600,30846,-0.027295285359801524
2022-04-19,19600,20200,19600,20000,16955,0.020408163265306145
2022-04-20,20000,20400,19800,20300,12553,0.014999999999999902
2022-04-21,20300,20300,19850,20000,17857,-0.014778325123152691
2022-04-22,19650,19950,19450,19850,22499,-0.007499999999999951
2022-04-25,19600,19600,18850,18850,39348,-0.05037783375314864
2022-04-26,19000,19400,18800,19200,18724,0.018567639257294433
2022-04-27,18500,19700,18500,19450,28823,0.01302083333333326
2022-04-28,19550,19600,18900,19400,17112,-0.0025706940874036244
2022-04-29,19400,19550,19050,19400,15203,0.0
2022-05-02,19350,19450,18600,19350,10465,-0.002577319587628857
2022-05-03,19450,19700,19000,19450,13732,0.0051679586563306845
2022-05-04,19700,19700,18900,19250,20832,-0.010282776349614386
2022-05-06,19000,19100,18150,18250,26141,-0.051948051948051965
2022-05-09,18400,20100,17650,18250,60625,0.0
2022-05-10,17850,18350,17450,18100,18138,-0.008219178082191747
2022-05-11,17950,18200,17900,18000,11647,-0.0055248618784530246
2022-05-12,18000,18000,16700,17350,38003,-0.036111111111111094
2022-05-13,17350,17550,17100,17150,22640,-0.011527377521613813
2022-05-16,17350,17600,17000,17400,19955,0.014577259475218707
2022-05-17,17150,17300,16600,17150,46205,-0.014367816091954033
2022-05-18,17200,19900,17200,18400,325772,0.07288629737609331
2022-05-19,17950,18250,17750,18100,36092,-0.016304347826086918
2022-05-20,18400,18950,17900,18650,41203,0.03038674033149169
2022-05-23,18900,18900,18150,18400,18169,-0.013404825737265424
2022-05-24,18300,19250,18100,18100,38979,-0.016304347826086918
2022-05-25,18400,18400,17850,17850,14736,-0.013812154696132617
2022-05-26,17950,18300,17800,17850,13698,0.0
2022-05-27,18150,18350,17650,17800,13581,-0.0028011204481792618
2022-05-30,17900,18200,17800,18000,13835,0.011235955056179803
2022-05-31,18250,18250,17850,18000,13495,0.0
2022-06-02,18000,18300,17900,18250,11946,0.01388888888888884
2022-06-03,18150,19200,18100,18700,35896,0.024657534246575352
2022-06-07,18900,18900,18000,18100,21711,-0.03208556149732622
2022-06-08,18100,18350,18000,18000,6945,-0.0055248618784530246
2022-06-09,17950,18000,17550,17900,14613,-0.005555555555555536
2022-06-10,17450,17800,17200,17700,15011,-0.011173184357541888
2022-06-13,17000,17450,16300,16600,27944,-0.062146892655367214
2022-06-14,15800,16400,15450,16150,40069,-0.027108433734939763
2022-06-15,16000,16250,15200,15650,34097,-0.03095975232198145
2022-06-16,16000,16400,15350,15350,22177,-0.019169329073482455
2022-06-17,14850,15500,14800,15350,20966,0.0
2022-06-20,15600,15600,14000,14300,43238,-0.0684039087947883
2022-06-21,14350,16800,14300,15350,181319,0.07342657342657333
2022-06-22,15350,16000,15000,15000,39557,-0.0228013029315961
2022-06-23,15000,15300,13550,13600,45945,-0.09333333333333338
2022-06-24,13550,14500,13550,14450,38550,0.0625
2022-06-27,14450,15100,14250,14950,18572,0.03460207612456756
2022-06-28,14750,15350,14750,15150,16229,0.013377926421404673
2022-06-29,14900,15150,14600,15100,13494,-0.0033003300330033403
2022-06-30,15000,15050,14600,14900,14507,-0.013245033112582738
2022-07-01,14850,15200,14000,14450,23665,-0.030201342281879207
2022-07-04,14400,14600,13550,13900,19275,-0.03806228373702425
2022-07-05,13750,15350,13750,15200,41485,0.09352517985611519
2022-07-06,15200,17300,15000,16150,192164,0.0625
2022-07-07,16450,17100,16200,16450,51942,0.018575851393188847
2022-07-08,16950,16950,16050,16400,34179,-0.003039513677811523
2022-07-11,16450,17200,15950,17000,42894,0.03658536585365857
2022-07-12,16800,17000,16300,16300,22960,-0.04117647058823526
2022-07-13,16350,16700,16050,16500,19243,0.012269938650306678
2022-07-14,16550,16700,16050,16150,15283,-0.021212121212121238
2022-07-15,16200,16200,15700,15900,17462,-0.015479876160990669
2022-07-18,16050,16600,16050,16550,17227,0.04088050314465419
2022-07-19,16350,17600,16300,17500,40896,0.05740181268882183
2022-07-20,18650,19900,18250,18400,275150,0.05142857142857138
2022-07-21,19000,19500,18000,18200,101916,-0.010869565217391353
2022-07-22,18100,18600,17850,18250,36315,0.0027472527472527375
2022-07-25,18050,19250,18000,18350,89218,0.005479452054794498
2022-07-26,18150,18450,17850,18050,29220,-0.016348773841961872
2022-07-27,17900,18300,17800,18200,21154,0.008310249307479145
2022-07-28,18250,18750,18250,18400,28592,0.01098901098901095
2022-07-29,18650,18650,18350,18500,31086,0.005434782608695565
2022-08-01,18350,18650,18300,18500,14470,0.0
2022-08-02,18250,19450,18250,18600,54362,0.00540540540540535
2022-08-03,18350,18700,17650,18550,23846,-0.0026881720430107503
2022-08-04,18800,19800,18800,19100,70745,0.029649595687331498
2022-08-05,19700,20200,19250,19350,85788,0.01308900523560208
2022-08-08,19850,19850,19150,19500,27389,0.007751937984496138
2022-08-09,19350,19750,19150,19300,24910,-0.01025641025641022
2022-08-10,19200,19900,18550,19150,28476,-0.007772020725388629
2022-08-11,19200,19200,18700,18800,17021,-0.018276762402088753
2022-08-12,18650,18850,18400,18400,18480,-0.021276595744680882
2022-08-16,18200,20000,18200,18850,82760,0.024456521739130377
2022-08-17,20000,20000,19000,19300,69678,0.023872679045092937
2022-08-18,19450,19800,19200,19650,51289,0.0181347150259068
2022-08-19,19850,19850,18900,18900,46249,-0.03816793893129766
2022-08-22,18850,18850,18050,18150,56747,-0.03968253968253965
2022-08-23,17950,17950,17350,17600,13798,-0.030303030303030276
2022-08-24,17600,17950,17400,17600,10877,0.0
2022-08-25,17850,18200,17500,18050,14990,0.02556818181818188
2022-08-26,18050,19500,18050,18500,45812,0.024930747922437657
2022-08-29,17750,18100,17350,17550,18430,-0.05135135135135138
2022-08-30,17500,18300,17500,18200,10964,0.03703703703703698
2022-08-31,17950,18250,17850,18250,6762,0.0027472527472527375
2022-09-01,18250,18300,17400,17550,19485,-0.0383561643835616
2022-09-02,17550,17750,17350,17500,8792,-0.002849002849002802
2022-09-05,17200,17450,16600,16650,9502,-0.0485714285714286
2022-09-06,16650,16850,16400,16750,9157,0.006006006006006093
2022-09-07,16550,17000,15900,16550,8386,-0.011940298507462699
2022-09-08,16500,17800,16500,17200,19289,0.0392749244712991
2022-09-13,17250,17550,17250,17450,4271,0.014534883720930258
2022-09-14,16950,17650,16900,17400,17136,-0.002865329512893977
2022-09-15,17200,17800,17200,17350,12576,-0.002873563218390829
2022-09-16,17150,17650,17000,17050,11048,-0.01729106628242072
2022-09-19,16800,17400,16600,16950,10932,-0.0058651026392961825
2022-09-20,16750,17300,16750,16850,6873,-0.005899705014749235
2022-09-21,16700,16950,16400,16400,3914,-0.02670623145400597
2022-09-22,16200,16250,15600,15950,14172,-0.027439024390243927
2022-09-23,15950,15950,15150,15250,9793,-0.043887147335423204
2022-09-26,14600,15250,14150,14150,20859,-0.0721311475409836
2022-09-27,13950,18350,13600,17900,480731,0.2650176678445231
2022-09-28,17450,17650,15300,15600,170802,-0.12849162011173187
2022-09-29,15600,16200,14350,14350,53056,-0.08012820512820518
2022-09-30,14200,15100,13950,15100,23571,0.05226480836236935
2022-10-04,15050,15700,14850,14850,27394,-0.01655629139072845
2022-10-05,15200,15200,14000,14450,22305,-0.026936026936026924
2022-10-06,14500,15050,14500,14900,11773,0.03114186851211076
2022-10-07,15050,15600,14850,15450,17390,0.03691275167785224
2022-10-11,15000,15000,13950,14300,27233,-0.0744336569579288
2022-10-12,13950,14250,13850,14100,11998,-0.013986013986013957
2022-10-13,13800,14000,12950,13800,31902,-0.021276595744680882
2022-10-14,13600,14300,13600,14000,20391,0.01449275362318847
2022-10-17,13650,13950,13400,13850,15149,-0.010714285714285676
2022-10-18,13900,14150,13650,13750,21907,-0.0072202166064981865
2022-10-19,13800,14300,13250,13250,23776,-0.036363636363636376
2022-10-20,13150,13550,13100,13200,10492,-0.0037735849056603765
2022-10-21,13100,13550,13000,13000,10767,-0.015151515151515138
2022-10-24,13150,13800,13100,13200,8756,0.01538461538461533
2022-10-25,13200,13400,12900,13000,9007,-0.015151515151515138
2022-10-26,13150,13800,13100,13500,22342,0.03846153846153855
2022-10-27,13350,13750,13350,13750,10088,0.0185185185185186
2022-10-28,13550,13950,13350,13800,8048,0.0036363636363636598
2022-10-31,13800,13900,13550,13600,8333,-0.01449275362318836
2022-11-01,13750,13800,13600,13800,5644,0.014705882352941124
2022-11-02,13700,13800,13700,13750,6471,-0.0036231884057971175
2022-11-03,13650,14050,13600,13800,9684,0.0036363636363636598
2022-11-04,13700,13900,13500,13800,15691,0.0
2022-11-07,13950,13950,13550,13800,6205,0.0
2022-11-08,13850,14100,13550,13900,12476,0.007246376811594235
2022-11-09,13900,14150,13800,13900,12140,0.0
2022-11-10,13700,14100,13700,14000,8856,0.007194244604316502
2022-11-11,14450,14450,14000,14100,15178,0.0071428571428571175
2022-11-14,14100,14100,13750,14000,11676,-0.007092198581560294
2022-11-15,14000,14850,13900,14700,23752,0.050000000000000044
2022-11-16,14650,14750,14300,14600,9299,-0.006802721088435382
2022-11-17,14500,14500,14000,14300,9918,-0.020547945205479423
2022-11-18,14150,14550,14150,14300,6956,0.0
2022-11-21,14300,14300,14000,14000,7222,-0.020979020979020935
2022-11-22,13850,14200,13850,14000,3403,0.0
2022-11-23,14050,14300,13900,14000,7645,0.0
2022-11-24,14050,14300,14000,14100,4384,0.0071428571428571175
2022-11-25,14000,14750,14000,14050,19093,-0.0035460992907800915
2022-11-28,14100,14250,13500,13600,13198,-0.03202846975088969
2022-11-29,13600,13800,13500,13700,3365,0.007352941176470562
2022-11-30,13700,13850,13450,13650,13859,-0.0036496350364964014
2022-12-01,13700,13950,13700,13700,6039,0.00366300366300365
2022-12-02,13650,16500,13650,14450,248852,0.054744525547445244
2022-12-05,14350,14600,14000,14550,39434,0.006920415224913601
2022-12-06,14300,14500,14200,14350,8350,-0.013745704467353903
2022-12-07,14350,14650,14100,14550,16014,0.013937282229965264
2022-12-08,14450,14650,14150,14350,10019,-0.013745704467353903
2022-12-09,14350,14500,13950,14050,13352,-0.020905923344947785
2022-12-12,13900,14100,13850,14050,4200,0.0
2022-12-13,13900,14500,13900,14100,13950,0.003558718861210064
2022-12-14,14200,15100,14100,14800,47259,0.049645390070921946
2022-12-15,14750,15200,14500,14700,25117,-0.006756756756756799
2022-12-16,14400,14650,14250,14600,12034,-0.006802721088435382
2022-12-19,14400,16000,14350,15050,239256,0.03082191780821919
2022-12-20,14950,15200,14650,14650,39404,-0.02657807308970095
2022-12-21,14850,14900,14500,14550,14841,-0.0068259385665528916
2022-12-22,14700,15400,14600,15150,17592,0.04123711340206193
2022-12-23,14950,14950,14350,14650,11954,-0.03300330033003296
2022-12-26,14650,14850,14250,14250,16777,-0.027303754266211566
2022-12-27,14150,15100,14150,14600,12680,0.024561403508772006
2022-12-28,15300,16200,14750,14800,108123,0.013698630136986356
2022-12-29,14700,15550,14050,15400,34556,0.04054054054054057
2023-01-02,15350,16150,15150,15400,51356,0.0
2023-01-03,15600,16150,15400,15400,42101,0.0
2023-01-04,15650,15700,15200,15500,14552,0.006493506493506551
2023-01-05,15450,16000,15200,15300,38834,-0.012903225806451646
2023-01-06,15150,16150,15150,15900,51770,0.03921568627450989
2023-01-09,16050,16500,15700,15850,63221,-0.0031446540880503138
2023-01-10,15800,17800,15550,16500,345130,0.04100946372239744
2023-01-11,16650,17800,16650,17000,98099,0.030303030303030276
2023-01-12,17000,17200,16450,16700,71077,-0.01764705882352946
2023-01-13,16700,17300,16650,17250,46864,0.03293413173652704
2023-01-16,17250,17500,16900,17050,32698,-0.011594202898550732
2023-01-17,16900,17200,16400,16600,29416,-0.02639296187683282
2023-01-18,16750,18400,16650,18050,286303,0.08734939759036142
2023-01-19,17800,18250,17350,17800,72722,-0.013850415512465353
2023-01-20,18200,18700,17450,17550,194519,-0.014044943820224698
2023-01-25,17610,18650,17610,17860,174668,0.01766381766381775
2023-01-26,18100,18100,17090,17250,79558,-0.03415453527435608
2023-01-27,17410,17480,17150,17470,41933,0.012753623188405783
2023-01-30,17610,18580,17400,18150,166197,0.03892386949055515
2023-01-31,17950,18600,17530,18400,100617,0.01377410468319562
2023-02-01,18350,18530,17470,17570,84680,-0.0451086956521739
2023-02-02,17620,18280,17570,17800,54163,0.013090495162208393
2023-02-03,17830,18330,17830,17870,45917,0.00393258426966292
2023-02-06,17880,17890,17440,17590,32969,-0.015668718522663716
2023-02-07,17760,18500,17400,18260,80433,0.038089823763501895
2023-02-08,18380,20000,18110,19900,371467,0.08981380065717426
2023-02-09,19810,20150,19050,19630,161645,-0.013567839195979925
2023-02-10,19450,19450,18320,18510,83550,-0.05705552725420271
2023-02-13,18510,18790,17940,18600,39427,0.004862236628849326
2023-02-14,18790,18790,18180,18330,27267,-0.014516129032258074
2023-02-15,18160,19180,17300,18000,113683,-0.018003273322422242
2023-02-16,18080,18080,17100,17340,71709,-0.036666666666666625
2023-02-17,17150,17150,16470,16650,62911,-0.03979238754325265
2023-02-20,16640,16820,16440,16790,18898,0.008408408408408397
2023-02-21,16700,16930,16640,16880,16045,0.005360333531864159
2023-02-22,16520,16800,16100,16350,28810,-0.03139810426540279
2023-02-23,16260,17050,15920,16830,105112,0.029357798165137616
2023-02-24,17000,17580,16850,17080,76986,0.01485442661913261
2023-02-27,17080,17630,16860,17200,51120,0.007025761124121788
2023-02-28,17200,17280,16920,17050,19197,-0.008720930232558155
2023-03-02,17400,17740,16860,17230,69689,0.010557184750733084
2023-03-03,17210,17290,16850,17000,29871,-0.013348810214741769
2023-03-06,17060,17060,16500,16640,44749,-0.02117647058823524
2023-03-07,16640,16640,16160,16380,31123,-0.015625
2023-03-08,16200,16250,15900,16120,23776,-0.015873015873015928
2023-03-09,16120,16120,15510,15660,17896,-0.028535980148883366
2023-03-10,15310,15450,14800,15080,44585,-0.03703703703703709
2023-03-13,14650,15070,14560,14990,26436,-0.005968169761273234
2023-03-14,14850,14920,14260,14260,27688,-0.04869913275517013
2023-03-15,14380,14660,14350,14470,25477,0.014726507713884951
2023-03-16,14450,14690,13850,13850,43209,-0.0428472702142364
2023-03-17,14130,15750,13960,15510,83277,0.11985559566786996
2023-03-20,15960,15960,15300,15450,26481,-0.003868471953578312
2023-03-21,15350,15640,14970,15080,22108,-0.023948220064724968
2023-03-22,15200,15200,14750,15070,19652,-0.0006631299734748408
2023-03-23,15010,15480,14780,15060,29804,-0.0006635700066357497
2023-03-24,15280,15810,15080,15730,31435,0.04448871181938907
2023-03-27,15810,15810,15020,15530,19555,-0.012714558169103607
2023-03-28,15400,15620,15090,15470,15849,-0.003863490019317406
2023-03-29,15540,15540,15040,15400,19600,-0.004524886877828038
2023-03-30,15400,15410,15080,15300,21634,-0.00649350649350644
2023-03-31,15230,15350,14800,14890,26061,-0.02679738562091505
2023-04-03,15000,15440,14650,15180,18676,0.019476158495634666
2023-04-04,15170,15350,15000,15150,13099,-0.0019762845849802257
2023-04-05,15150,15250,14880,15110,13806,-0.0026402640264026056
2023-04-06,15130,15130,14620,14950,23972,-0.010589013898080757
2023-04-07,14900,14950,14690,14850,19160,-0.006688963210702337
2023-04-10,14700,14700,14270,14400,27320,-0.030303030303030276
2023-04-11,14400,14500,13950,14440,23099,0.002777777777777768
2023-04-12,14730,15490,14730,15180,50819,0.05124653739612195
2023-04-13,15230,15230,14850,15160,13093,-0.0013175230566534468
2023-04-14,14950,15140,14760,14960,23019,-0.01319261213720313
2023-04-17,15200,15210,14770,14840,11428,-0.008021390374331583
2023-04-18,14960,14960,14500,14710,19955,-0.008760107816711549
2023-04-19,14730,14960,14420,14670,18851,-0.002719238613188346
2023-04-20,14670,14670,14230,14400,10367,-0.018404907975460127
2023-04-21,14130,14500,14070,14390,19936,-0.000694444444444442
2023-04-24,14390,14390,14050,14250,11013,-0.00972897845726195
2023-04-25,14060,14340,13930,14060,10224,-0.013333333333333308
2023-04-26,13860,14190,13860,13870,8320,-0.013513513513513487
2023-04-27,13710,13940,13700,13860,7387,-0.0007209805335256503
2023-04-28,13780,14320,13780,14030,9895,0.012265512265512202
2023-05-02,14040,14700,13900,14050,10476,0.0014255167498218313
2023-05-03,13980,14300,13850,14070,8699,0.00142348754448407
2023-05-04,14070,14400,13950,14090,4026,0.001421464108031234
2023-05-08,14100,14490,14070,14200,4832,0.0078069552874378
2023-05-09,14030,14390,14000,14180,4229,-0.0014084507042253502
2023-05-10,14250,14300,13930,14120,5478,-0.004231311706629048
2023-05-11,14010,14200,13970,13970,5263,-0.010623229461756423
2023-05-12,14180,14180,13920,14000,5372,0.0021474588403722628
2023-05-15,14110,14110,13620,13620,11373,-0.027142857142857135
2023-05-16,13620,13800,13470,13650,10121,0.0022026431718060735
2023-05-17,13510,13970,13440,13790,9727,0.01025641025641022
2023-05-18,13760,14060,13760,13900,3312,0.00797679477882518
2023-05-19,13780,14250,13780,14050,10841,0.010791366906474753
2023-05-22,14050,14190,13890,14180,7169,0.0092526690391459
2023-05-23,14400,14510,14180,14270,8958,0.006346967559943684
2023-05-24,14270,14320,14140,14250,6928,-0.0014015416958654825
2023-05-25,14330,14590,14260,14440,9931,0.01333333333333342
2023-05-26,14290,14450,14010,14300,8992,-0.00969529085872578
2023-05-30,14200,14500,13990,14270,8454,-0.00209790209790206
2023-05-31,14270,14270,14060,14200,5221,-0.004905395935529078
2023-06-01,14150,14210,13990,14100,5671,-0.007042253521126751
2023-06-02,14130,14130,13960,14050,7385,-0.0035460992907800915
2023-06-05,13920,14190,13920,14060,8689,0.000711743772241924
2023-06-07,14080,14180,14020,14150,9313,0.006401137980085458
2023-06-08,14150,14190,14020,14140,6574,-0.0007067137809186885
2023-06-09,14190,14190,14000,14100,5459,-0.0028288543140028155
2023-06-12,14100,14100,13820,14000,5669,-0.007092198581560294
2023-06-13,14000,14200,13980,14050,9607,0.0035714285714285587
2023-06-14,14010,14050,13730,13930,14352,-0.008540925266903865
2023-06-15,13860,14050,13590,13790,11061,-0.01005025125628145
2023-06-16,13890,13970,13670,13970,6056,0.013052936910805002
2023-06-19,13970,13970,13730,13900,5271,-0.005010737294201872
2023-06-20,13880,13880,13620,13740,10812,-0.01151079136690647
2023-06-21,13740,13740,13630,13730,5288,-0.0007278020378457262
2023-06-22,13580,14120,13580,13910,14050,0.013109978150036339
2023-06-23,13900,13910,13650,13760,6815,-0.010783608914450071
2023-06-26,13760,13760,13490,13730,13414,-0.0021802325581394832
2023-06-27,13720,13720,13510,13610,5366,-0.008739985433357633
2023-06-28,13570,14410,13570,14210,34674,0.04408523144746512
2023-06-29,14220,14260,13900,14030,11779,-0.012667135819845132
2023-06-30,14150,14920,14150,14620,108156,0.04205274411974336
2023-07-03,14880,15000,14530,14910,30635,0.019835841313269542
2023-07-04,15180,15180,14740,14870,23707,-0.0026827632461435824
2023-07-05,15220,15220,14800,15000,40927,0.008742434431741719
2023-07-06,14990,14990,14550,14870,25049,-0.008666666666666711
2023-07-07,14700,14780,14590,14700,19067,-0.01143241425689312
2023-07-10,14470,15100,14470,14960,22464,0.017687074829932037
2023-07-11,14810,15080,14730,14790,13209,-0.011363636363636354
2023-07-12,14930,14930,14510,14700,9035,-0.006085192697768749
2023-07-13,15000,15000,14500,14600,13103,-0.006802721088435382
2023-07-14,14600,14600,14330,14460,8847,-0.009589041095890427
2023-07-17,14500,14500,14030,14070,10922,-0.026970954356846488
2023-07-18,14010,14070,13810,13870,8858,-0.014214641080312673
2023-07-19,13900,13990,13750,13770,7840,-0.007209805335255948
2023-07-20,13800,14200,13540,14100,11731,0.023965141612200425
2023-07-21,14000,14090,13800,14000,7462,-0.007092198581560294
2023-07-24,13890,13990,13460,13460,16053,-0.03857142857142859
2023-07-25,13500,13540,13330,13530,18199,0.005200594353640398
2023-07-26,13500,13700,12910,13000,24434,-0.03917220990391723
2023-07-27,12810,13240,12810,12990,8248,-0.0007692307692307443
2023-07-28,12860,13500,12310,13280,13962,0.022324865280985318
2023-07-31,13300,13450,12990,13410,12966,0.009789156626506035
2023-08-01,13930,14250,13510,14050,27205,0.047725577926920115
2023-08-02,14050,14150,13300,13500,13243,-0.039145907473309594
2023-08-03,13400,13520,13190,13190,8215,-0.022962962962962963
2023-08-04,13290,13490,13110,13470,2390,0.021228203184230576
2023-08-07,13280,13700,13280,13500,5644,0.00222717149220486
2023-08-08,13400,13440,13250,13350,8584,-0.011111111111111072
2023-08-09,13400,13400,13230,13300,2758,-0.0037453183520599342
2023-08-10,13150,13350,12890,12940,20449,-0.02706766917293235
2023-08-11,12940,13210,12830,13100,8195,0.012364760432766575
2023-08-14,13000,13100,12910,13000,7676,-0.007633587786259555
2023-08-16,12850,13010,12650,12820,11872,-0.013846153846153841
2023-08-17,12630,12900,12540,12770,8292,-0.003900156006240274
2023-08-18,12520,13200,12520,12920,5849,0.011746280344557603
2023-08-21,12850,13240,12750,12750,3501,-0.013157894736842146
2023-08-22,12880,12880,12690,12880,3554,0.010196078431372602
2023-08-23,12880,12880,12640,12720,4665,-0.012422360248447228
2023-08-24,12720,12880,12650,12800,4100,0.0062893081761006275
2023-08-25,12610,12840,12600,12600,2815,-0.015625
2023-08-28,12500,12820,12470,12500,4659,-0.007936507936507908
2023-08-29,12440,12910,12440,12850,9076,0.028000000000000025
2023-08-30,12900,13270,12840,13170,9180,0.024902723735408472
2023-08-31,13110,14480,12940,13520,39111,0.026575550493545874
2023-09-01,13710,13710,13000,13100,9104,-0.031065088757396442
2023-09-04,13190,14350,13070,14000,41911,0.06870229007633588
2023-09-05,14000,14250,13760,13890,15109,-0.007857142857142896
2023-09-06,13970,14050,13760,13980,15449,0.00647948164146861
2023-09-07,13880,13880,13370,13370,15425,-0.043633762517882646
2023-09-08,13370,13420,13150,13240,5183,-0.00972326103216159
2023-09-11,13120,13380,13120,13220,6237,-0.0015105740181269312
2023-09-12,13220,13290,12700,12930,16030,-0.021936459909228434
2023-09-13,12830,12900,12050,12200,22999,-0.056457849961330187
2023-09-14,12070,12350,12020,12260,16898,0.004918032786885185
2023-09-15,12250,12480,12240,12340,4033,0.006525285481239873
2023-09-18,12340,12710,12300,12520,6767,0.014586709886547755
2023-09-19,12520,12590,12250,12370,4015,-0.011980830670926479
2023-09-20,12400,12470,12070,12100,5240,-0.021827000808407382
2023-09-21,12100,12300,11840,11850,9365,-0.02066115702479343
2023-09-22,11670,11850,11600,11630,12774,-0.018565400843881807
2023-09-25,11410,11600,11300,11300,9231,-0.02837489251934655
2023-09-26,11390,11450,10700,10800,14102,-0.04424778761061943
2023-09-27,10760,12650,10760,12540,102652,0.1611111111111112
2023-10-04,12350,12420,11700,11700,13000,-0.06698564593301437
2023-10-05,11730,11760,10950,10950,6760,-0.0641025641025641
2023-10-06,11300,13710,11240,13120,476072,0.19817351598173505
2023-10-10,12810,13100,11740,11740,58860,-0.10518292682926833
2023-10-11,12240,13740,12060,13230,217492,0.12691652470187398
2023-10-12,13230,14810,13030,13080,210277,-0.0113378684807256
2023-10-13,13050,13050,12670,12990,15575,-0.006880733944954143
2023-10-16,12820,12920,12390,12390,9945,-0.04618937644341803
2023-10-17,12470,12700,12370,12370,9882,-0.0016142050040355294
2023-10-18,12260,12490,12260,12400,5476,0.0024252223120453387
2023-10-19,12100,12310,11850,12030,10340,-0.029838709677419306
2023-10-20,11990,12020,11690,11690,13582,-0.02826267664172899
2023-10-23,11670,12110,11660,11820,4312,0.011120615911035081
2023-10-24,11610,12290,11610,11940,3741,0.010152284263959421
2023-10-25,11950,12450,11940,12000,4272,0.005025125628140614
2023-10-26,11900,11900,11050,11360,12429,-0.053333333333333344
2023-10-27,11500,14070,11500,12890,171178,0.13468309859154926
2023-10-30,12660,12880,12250,12840,10984,-0.0038789759503491394
2023-10-31,12840,12970,12320,12490,7826,-0.027258566978193177
2023-11-01,12430,12800,12400,12650,4689,0.012810248198558805
2023-11-02,12660,12980,12600,12970,6136,0.02529644268774711
2023-11-03,12970,13090,12580,12870,9133,-0.00771010023130303
2023-11-06,13080,13450,13030,13390,18647,0.04040404040404044
2023-11-07,13380,13500,13090,13410,4637,0.0014936519790889058
2023-11-08,13080,13500,13080,13270,5486,-0.010439970171513768
2023-11-09,13290,13290,13060,13180,2414,-0.0067822155237377
2023-11-10,13180,13180,12580,12800,5829,-0.028831562974203306
2023-11-13,12800,12800,12090,12400,10500,-0.03125
2023-11-14,12430,12560,12190,12450,3244,0.0040322580645162365
2023-11-15,12600,12640,12260,12260,6373,-0.015261044176706817
2023-11-16,12300,12930,12300,12870,9754,0.04975530179445342
2023-11-17,12720,13190,12640,13190,9040,0.024864024864024836
2023-11-20,13210,13300,12610,12950,11952,-0.0181956027293404
2023-11-21,12870,13270,12860,12970,6759,0.001544401544401497
2023-11-22,12970,13250,12820,12900,5505,-0.005397070161912154
2023-11-23,12900,13040,12840,12850,4633,-0.003875968992248069
2023-11-24,13260,13700,13000,13550,20051,0.054474708171206254
2023-11-27,13700,13870,13460,13500,11386,-0.0036900369003689537
2023-11-28,13410,13910,13400,13560,14478,0.004444444444444473
2023-11-29,13760,13760,13190,13270,8319,-0.02138643067846613
2023-11-30,13260,13480,13090,13210,4051,-0.0045214770158251705
2023-12-01,13040,13480,13040,13380,9134,0.012869038607115746
2023-12-04,13450,13590,13090,13090,5954,-0.02167414050822125
2023-12-05,12970,13250,12970,12980,4789,-0.008403361344537785
2023-12-06,13140,13250,12910,13080,2260,0.007704160246533087
2023-12-07,13080,13400,12950,13080,3244,0.0
2023-12-08,13150,13250,12900,13160,6767,0.006116207951070374
2023-12-11,13250,13380,13090,13090,5744,-0.005319148936170248
2023-12-12,13070,13130,12940,13090,2577,0.0
2023-12-13,13140,13140,12910,12950,2442,-0.010695187165775444
2023-12-14,13000,13050,12850,12930,5194,-0.001544401544401497
2023-12-15,12960,13100,12800,12880,3259,-0.003866976024748614
2023-12-18,12900,13030,12800,12900,2747,0.0015527950310558758
2023-12-19,13000,13050,12750,12900,2231,0.0
2023-12-20,12900,12900,12710,12750,4942,-0.011627906976744207
2023-12-21,12750,12900,12690,12690,3645,-0.004705882352941226
2023-12-22,12790,12800,12500,12520,7644,-0.013396375098502777
2023-12-26,12650,13470,12650,13230,35868,0.05670926517571884
2023-12-27,13390,13430,12840,12980,8258,-0.018896447467876
2023-12-28,12980,12980,12710,12940,8325,-0.0030816640986132127
2024-01-02,12880,12930,12720,12790,4553,-0.011591962905718733
2024-01-03,12600,12960,12600,12960,8199,0.013291634089132032
2024-01-04,12920,12920,12700,12780,3129,-0.01388888888888884
2024-01-05,12810,12810,12660,12750,4652,-0.0023474178403756207
2024-01-08,12720,13050,12000,12990,9513,0.018823529411764683
2024-01-09,12990,13210,12940,13190,6753,0.015396458814472602
2024-01-10,13380,13380,12970,13110,2992,-0.006065200909780133
2024-01-11,13110,13250,12940,12940,5795,-0.012967200610221163
2024-01-12,13050,13050,12690,12810,5387,-0.010046367851622828
2024-01-15,12570,12900,12570,12830,3443,0.0015612802498048417
2024-01-16,12900,12900,12700,12800,3594,-0.002338269680436489
2024-01-17,12900,12950,12530,12800,4517,0.0
2024-01-18,12900,12900,12600,12600,3181,-0.015625
2024-01-19,12650,12820,12580,12740,8875,0.011111111111111072
2024-01-22,12890,12890,12610,12730,2446,-0.0007849293563578774
2024-01-23,12720,12870,12540,12730,4401,0.0
2024-01-24,12570,12800,12570,12740,2209,0.0007855459544383603
2024-01-25,12780,12780,12570,12640,4819,-0.00784929356357933
2024-01-26,12590,12640,12500,12640,4297,0.0
2024-01-29,12780,12780,12270,12400,7340,-0.01898734177215189
2024-01-30,12260,12380,12200,12380,6363,-0.001612903225806428
2024-01-31,12200,12390,12120,12120,2340,-0.021001615508885352
2024-02-01,12120,12120,11300,11780,7171,-0.028052805280528004
2024-02-02,11730,11980,11650,11960,3105,0.015280135823429575
2024-02-05,11960,11980,11830,11960,3030,0.0
2024-02-06,11950,11960,11700,11960,2319,0.0
2024-02-07,11990,12300,11900,12300,3930,0.028428093645485042
2024-02-08,12950,12980,12400,12590,20910,0.02357723577235782
2024-02-13,12590,12750,11810,12320,12345,-0.0214455917394758
2024-02-14,12300,12480,12110,12320,1642,0.0
2024-02-15,12290,12500,12290,12400,1735,0.006493506493506551
2024-02-16,12450,12450,12220,12240,4775,-0.012903225806451646
2024-02-19,12270,12280,12120,12160,3290,-0.006535947712418277
2024-02-20,12200,12290,12040,12190,2065,0.002467105263157965
2024-02-21,12290,12290,12000,12150,4189,-0.003281378178835115
2024-02-22,11990,12290,11900,12220,3699,0.0057613168724279795
2024-02-23,12220,12220,12050,12190,2659,-0.002454991816693952
2024-02-26,12300,12300,12000,12040,1679,-0.012305168170631653
2024-02-27,11830,12040,11800,12000,3232,-0.0033222591362126463
2024-02-28,12090,12090,11600,11600,5969,-0.033333333333333326
2024-02-29,11590,11750,11570,11730,5388,0.011206896551724244
2024-03-04,11690,12450,11630,11980,3838,0.021312872975277175
2024-03-05,12050,12050,11500,11800,5281,-0.015025041736227096
2024-03-06,11550,11890,11550,11780,2278,-0.0016949152542372614
2024-03-07,11850,11890,11500,11560,3087,-0.018675721561969394
2024-03-08,11700,11700,11000,11360,10596,-0.01730103806228378
2024-03-11,11360,11440,11290,11380,5330,0.0017605633802817433
2024-03-12,11390,11440,11280,11400,1938,0.0017574692442883233
2024-03-13,11500,11500,11230,11500,5049,0.00877192982456143
2024-03-14,11580,11590,11470,11480,1618,-0.0017391304347825765
2024-03-15,11490,11550,11380,11390,2533,-0.007839721254355392
2024-03-18,11440,11440,11180,11200,6069,-0.01668129938542584
2024-03-19,11180,11280,10830,10840,13238,-0.03214285714285714
2024-03-20,10840,11330,10830,11310,8227,0.043357933579335706
2024-03-21,11500,11500,10960,11100,7672,-0.018567639257294433
2024-03-22,11100,11360,11100,11260,8639,0.01441441441441449
2024-03-25,11200,11450,11200,11430,4553,0.015097690941385356
2024-03-26,11320,11500,11030,11070,7292,-0.03149606299212604
2024-03-27,11070,11380,11070,11270,6004,0.01806684733513997
2024-03-28,11200,11350,11150,11230,3745,-0.003549245785270605
2024-03-29,11230,11320,11020,11140,3114,-0.00801424755120217
2024-04-01,11200,11690,11200,11560,9837,0.037701974865349985
2024-04-02,11830,11830,11310,11400,3274,-0.01384083044982698
2024-04-03,11400,11740,11210,11280,3284,-0.010526315789473717
2024-04-04,11280,11280,11120,11140,2323,-0.012411347517730542
2024-04-05,10960,11140,10960,11070,1795,-0.006283662477558294
2024-04-08,11100,11100,10840,11060,4266,-0.0009033423667570428
2024-04-09,11280,11320,10700,11090,2359,0.002712477396021651
2024-04-11,11040,11120,10860,11110,2520,0.0018034265103696878
2024-04-12,11110,11190,10880,11090,1593,-0.0018001800180017513
2024-04-15,11080,11080,10550,10800,4342,-0.026149684400360695
2024-04-16,10800,10800,10600,10650,4606,-0.01388888888888884
2024-04-17,10750,10750,10630,10630,2531,-0.00187793427230043
2024-04-18,10590,10800,10590,10700,2092,0.0065851364063969076
2024-04-19,10840,10990,10380,10450,13830,-0.02336448598130836
2024-04-22,10390,10600,10340,10340,6568,-0.010526315789473717
2024-04-23,10350,10590,10320,10500,3030,0.015473887814313247
2024-04-24,10590,10600,10460,10530,8045,0.0028571428571428914
2024-04-25,10520,10600,10520,10580,5455,0.0047483380816715215
2024-04-26,10560,10560,10290,10380,5626,-0.018903591682419618
2024-04-29,10380,10550,10100,10100,14576,-0.026974951830443183
2024-04-30,10120,10500,10120,10500,4981,0.03960396039603964
2024-05-02,10740,11430,10510,11250,26362,0.0714285714285714
2024-05-03,11250,11590,11130,11570,9988,0.028444444444444494
2024-05-07,11570,11590,11060,11060,10852,-0.04407951598962834
2024-05-08,11240,11360,11000,11290,4591,0.020795660036166286
2024-05-09,11190,11220,10980,11150,8875,-0.01240035429583708
2024-05-10,11090,11250,10970,11050,5532,-0.008968609865470878
2024-05-13,11050,11150,10950,10970,4556,-0.007239819004524861
2024-05-14,11000,11200,10900,11200,6524,0.02096627164995435
2024-05-16,11090,11100,10810,10980,9283,-0.019642857142857184
2024-05-17,10970,10980,10610,10850,8177,-0.011839708561020013
2024-05-20,10850,10950,10750,10880,6864,0.0027649769585254003
2024-05-21,10880,10880,10600,10660,6358,-0.020220588235294157
2024-05-22,10650,10650,10300,10620,12035,-0.0037523452157598447
2024-05-23,10500,10620,10090,10340,10308,-0.026365348399246757
2024-05-24,10340,10690,10250,10570,6481,0.022243713733075543
2024-05-27,10580,10590,10460,10490,3003,-0.007568590350047311
2024-05-28,10550,10760,10500,10750,5269,0.024785510009532885
2024-05-29,10650,10750,10450,10610,6690,-0.013023255813953472
2024-05-30,10350,10610,10350,10570,3629,-0.0037700282752121117
2024-05-31,10620,10620,10460,10570,4040,0.0
2024-06-03,10640,10690,10500,10560,3820,-0.0009460737937558861
2024-06-04,10560,10650,10400,10540,4033,-0.0018939393939394478
2024-06-05,10570,10590,10440,10490,4361,-0.004743833017077814
2024-06-07,10550,10590,10440,10550,2316,0.0057197330791229906
2024-06-10,10560,10650,10420,10520,4857,-0.0028436018957346265
2024-06-11,10600,10600,10390,10530,5425,0.000950570342205248
2024-06-12,10540,10540,10410,10410,1827,-0.01139601139601143
2024-06-13,10530,10530,10260,10410,3653,0.0
2024-06-14,10410,10410,10310,10340,2011,-0.00672430355427478
2024-06-17,10260,10410,10220,10320,1416,-0.0019342359767892114
2024-06-18,10350,10350,10250,10300,2542,-0.0019379844961240345
2024-06-19,10350,10350,10100,10140,3626,-0.01553398058252431
2024-06-20,10200,10420,10150,10370,1662,0.02268244575936884
2024-06-21,10450,10450,10200,10210,2115,-0.015429122468659573
2024-06-24,10280,10570,10050,10050,7232,-0.015670910871694366
2024-06-25,10050,10150,10020,10100,1567,0.004975124378109541
2024-06-26,10230,10230,9860,9860,8661,-0.023762376237623783
2024-06-27,9870,10030,9810,9960,2172,0.010141987829614507
2024-06-28,10030,10030,9620,9970,2623,0.0010040160642570406
2024-07-01,9970,10000,9960,10000,1266,0.0030090270812437314
2024-07-02,9960,9970,9740,9880,2173,-0.01200000000000001
2024-07-03,9930,9930,9590,9640,3950,-0.02429149797570851
2024-07-04,9610,9610,9480,9480,4922,-0.016597510373444035
2024-07-05,9530,9760,9380,9700,4895,0.02320675105485237
2024-07-08,9600,9740,9600,9650,1049,-0.005154639175257714
2024-07-09,9700,9730,9550,9690,3273,0.004145077720207224
2024-07-10,9700,9790,9510,9530,1748,-0.016511867905056765
2024-07-11,9550,9550,9300,9320,8316,-0.022035676810073457
2024-07-12,10130,10130,9400,9480,7569,0.01716738197424883
2024-07-15,9490,9960,9490,9640,1672,0.016877637130801704
2024-07-16,9600,9690,9530,9530,2312,-0.011410788381742698
2024-07-17,9250,9450,9250,9320,8430,-0.022035676810073457
2024-07-18,9320,9320,9050,9200,6773,-0.012875536480686733
2024-07-19,9190,9200,9050,9170,3478,-0.003260869565217428
2024-07-22,9080,9220,9000,9120,3296,-0.005452562704471142
2024-07-23,9100,9120,8940,8950,3194,-0.018640350877192957
2024-07-24,8950,9030,8950,8980,3508,0.003351955307262511
2024-07-25,8980,9000,8640,8640,6653,-0.03786191536748329
2024-07-26,8640,8690,8430,8440,5024,-0.02314814814814814
2024-07-29,8150,8400,8150,8250,8716,-0.02251184834123221
2024-07-30,8260,8310,8050,8120,5512,-0.015757575757575748
2024-07-31,8120,8330,8050,8060,3310,-0.007389162561576401
2024-08-01,8060,8290,8030,8080,4335,0.002481389578163684
2024-08-02,8130,8250,7980,8150,4761,0.00866336633663356
2024-08-05,8230,8240,7180,7180,16294,-0.11901840490797544
2024-08-06,7210,7360,7050,7180,15424,0.0
2024-08-07,7190,8800,7150,7630,49365,0.06267409470752083
2024-08-08,7620,7700,7530,7590,3622,-0.005242463958060273
2024-08-09,7660,8120,7500,8100,12826,0.06719367588932812
2024-08-12,8100,8230,7850,8100,5131,0.0
2024-08-13,8070,8100,7700,8080,7796,-0.0024691358024691024
2024-08-14,8060,8270,7800,8250,10850,0.021039603960395947
2024-08-16,8250,8490,8240,8260,5311,0.00121212121212122
2024-08-19,8300,8650,8300,8480,8506,0.026634382566586012
2024-08-20,8570,9100,8570,8920,7471,0.05188679245283012
2024-08-21,9100,9100,8840,8950,2517,0.0033632286995515237
2024-08-22,9030,9090,8680,8780,1681,-0.018994413407821265
2024-08-23,8800,8800,8410,8620,4041,-0.018223234624145768
2024-08-26,8710,8880,8500,8800,3517,0.02088167053364276
2024-08-27,8730,8780,8630,8650,1874,-0.017045454545454586
2024-08-28,8660,8720,8150,8620,4559,-0.003468208092485603
2024-08-29,8540,8690,8530,8690,1721,0.008120649651972123
2024-08-30,8650,8730,8590,8620,2597,-0.008055235903337121
2024-09-02,8620,8840,8440,8790,1958,0.019721577726218076
2024-09-03,8790,8830,8610,8700,1946,-0.010238907849829393
2024-09-04,8430,8720,8030,8290,4046,-0.047126436781609216
2024-09-05,8290,8340,8220,8230,1891,-0.007237635705669487
2024-09-06,8270,8280,7910,7910,3658,-0.03888213851761846
2024-09-09,7900,8030,7510,7970,9450,0.007585335018963413
2024-09-10,7880,8100,7880,7900,6371,-0.008782936010037656
2024-09-11,7900,8790,7900,8030,9756,0.016455696202531733
2024-09-12,8030,8190,8030,8100,5066,0.008717310087173136
2024-09-13,8160,8400,8060,8060,1540,-0.004938271604938316
2024-09-19,8110,8110,7730,8080,1106,0.002481389578163684
2024-09-20,8080,8490,8080,8220,1198,0.017326732673267342
2024-09-23,8260,8280,8000,8130,1257,-0.010948905109489093
2024-09-24,8110,8320,8000,8280,1316,0.01845018450184499
2024-09-25,8450,8630,8330,8580,5166,0.03623188405797095
2024-09-26,8630,8670,8500,8640,1496,0.006993006993007089
2024-09-27,8640,8690,8210,8250,3120,-0.04513888888888884
2024-09-30,8290,8350,7990,8000,3841,-0.030303030303030276
2024-10-02,8080,8850,7810,8010,15937,0.0012499999999999734
2024-10-04,8040,8220,8030,8160,2158,0.01872659176029967
2024-10-07,8120,8330,8100,8250,3155,0.011029411764705843
2024-10-08,8250,8590,8140,8290,3292,0.00484848484848488
2024-10-10,8290,8340,7900,7900,5055,-0.04704463208685161
2024-10-11,7980,9170,7980,8290,57377,0.04936708860759498
2024-10-14,8410,8450,8030,8360,6469,0.008443908323281013
2024-10-15,8360,8670,8300,8670,5402,0.037081339712918604
2024-10-16,8600,8880,8280,8820,7937,0.01730103806228378
2024-10-17,8820,8840,8500,8670,2182,-0.017006802721088454
2024-10-18,8670,8690,8060,8220,5734,-0.05190311418685123
2024-10-21,8310,8480,8310,8400,4243,0.021897810218978186
2024-10-22,8300,8490,8300,8460,7657,0.0071428571428571175
2024-10-23,8500,8500,8310,8430,2132,-0.0035460992907800915
2024-10-24,8430,8750,8260,8750,6582,0.03795966785290639
2024-10-25,8800,8920,8390,8800,8157,0.005714285714285783
2024-10-28,8880,8880,8540,8750,2741,-0.005681818181818232
2024-10-29,8730,8730,8400,8510,5276,-0.02742857142857147
2024-10-30,8510,8800,8500,8570,8369,0.007050528789659172
2024-10-31,8570,8620,8400,8530,4473,-0.004667444574095736
2024-11-01,8520,8950,8400,8530,10527,0.0
2024-11-04,8570,8820,8570,8800,5337,0.03165298944900341
2024-11-05,8850,9070,8520,8660,6710,-0.015909090909090873
2024-11-06,8660,8800,8370,8370,7559,-0.03348729792147809
2024-11-07,8420,8420,8030,8280,4858,-0.010752688172043001
2024-11-08,8280,8530,8230,8340,2918,0.007246376811594235
2024-11-11,8380,8380,7710,7840,13715,-0.05995203836930452
2024-11-12,7840,7890,7500,7500,10380,-0.04336734693877553
2024-11-13,7330,8040,7320,7500,7361,0.0
2024-11-14,7500,7620,7370,7390,1586,-0.014666666666666717
2024-11-15,7430,7600,7060,7600,3322,0.02841677943166432
2024-11-18,7540,7990,7540,7940,2654,0.044736842105263186
2024-11-19,7980,7980,7600,7700,4113,-0.030226700251889116
2024-11-20,7700,7730,7550,7620,1564,-0.010389610389610393
2024-11-21,7600,7780,7550,7780,2246,0.0209973753280841
2024-11-22,7860,7860,7560,7720,3438,-0.007712082262210762
2024-11-25,7760,7790,7700,7780,4034,0.007772020725388629
2024-11-26,7780,7860,7710,7760,1906,-0.0025706940874036244
2024-11-27,7800,7880,7740,7740,1615,-0.002577319587628857
2024-11-28,7770,7770,7570,7700,1872,-0.0051679586563307955
2024-11-29,7700,7740,7550,7600,1292,-0.012987012987012991
2024-12-02,7600,7600,7350,7420,3464,-0.023684210526315752
2024-12-03,7420,7470,7290,7450,3355,0.0040431266846361336
2024-12-04,6860,7220,6840,6920,30947,-0.07114093959731549
2024-12-05,6960,8480,6960,7350,34126,0.06213872832369938
2024-12-06,7170,7250,7010,7050,8445,-0.04081632653061229
2024-12-09,7000,7080,6600,6690,10368,-0.051063829787234005
2024-12-10,6700,7500,6690,7500,3456,0.12107623318385641
2024-12-11,7490,7530,7340,7520,2870,0.002666666666666595
2024-12-12,7440,7600,7130,7600,2270,0.010638297872340496
2024-12-13,7530,7980,7490,7700,2691,0.013157894736842035
2024-12-16,7700,7900,7690,7880,7966,0.023376623376623273
2024-12-17,7880,8130,7630,7870,5179,-0.0012690355329949554
