Date,Open,High,Low,Close,Volume,Change
2022-01-03,585,716,585,604,2430289,0.018549747048903775
2022-01-04,613,613,596,599,181385,-0.008278145695364225
2022-01-05,606,650,586,650,768303,0.08514190317195336
2022-01-06,640,649,629,649,390088,-0.0015384615384614886
2022-01-07,651,670,632,654,503301,0.007704160246533087
2022-01-10,670,673,644,669,536325,0.022935779816513735
2022-01-11,669,696,640,645,608411,-0.0358744394618834
2022-01-12,666,666,632,632,221864,-0.020155038759689936
2022-01-13,623,636,603,605,348964,-0.04272151898734178
2022-01-14,596,611,584,589,208882,-0.026446280991735516
2022-01-17,578,618,571,574,252687,-0.025466893039049254
2022-01-18,564,746,564,659,27920829,0.1480836236933798
2022-01-19,636,816,634,748,19804395,0.13505311077389992
2022-01-20,736,797,676,769,4030249,0.02807486631016043
2022-01-21,744,769,703,742,1700267,-0.03511053315994794
2022-01-24,708,713,660,660,1100424,-0.11051212938005395
2022-01-25,664,664,605,625,661728,-0.05303030303030298
2022-01-26,643,648,603,610,327891,-0.02400000000000002
2022-01-27,608,614,586,595,214765,-0.024590163934426257
2022-01-28,613,671,574,638,1320824,0.07226890756302518
2022-02-03,641,661,628,637,355372,-0.0015673981191222097
2022-02-04,626,658,601,620,968669,-0.026687598116169498
2022-02-07,621,641,592,599,422475,-0.03387096774193543
2022-02-08,611,611,592,605,215373,0.01001669449081799
2022-02-09,604,621,597,604,153172,-0.0016528925619834212
2022-02-10,609,610,594,597,149678,-0.011589403973509937
2022-02-11,591,608,590,604,69668,0.011725293132328396
2022-02-14,597,597,567,580,109135,-0.039735099337748325
2022-02-15,572,580,569,569,175743,-0.018965517241379293
2022-02-16,568,593,562,585,258322,0.02811950790861162
2022-02-17,586,595,554,554,369410,-0.052991452991453025
2022-02-18,549,585,526,553,1191991,-0.0018050541516245744
2022-02-21,545,617,536,555,1828580,0.003616636528029016
2022-02-22,559,596,547,557,827191,0.003603603603603567
2022-02-23,557,567,555,560,149298,0.0053859964093356805
2022-02-24,559,564,535,542,459725,-0.03214285714285714
2022-02-25,547,555,531,538,264773,-0.0073800738007380184
2022-02-28,539,556,525,539,114242,0.0018587360594795044
2022-03-02,537,546,527,534,238720,-0.00927643784786647
2022-03-03,534,546,533,542,106942,0.014981273408239737
2022-03-04,542,550,529,542,157090,0.0
2022-03-07,529,542,529,542,49163,0.0
2022-03-08,538,545,528,543,129617,0.0018450184501845879
2022-03-10,537,550,537,547,106178,0.007366482504604033
2022-03-11,546,546,530,544,132878,-0.005484460694698323
2022-03-14,544,544,533,538,257129,-0.011029411764705843
2022-03-15,538,543,535,542,60728,0.0074349442379182396
2022-03-16,539,561,532,542,209407,0.0
2022-03-17,540,566,540,550,68060,0.014760147601476037
2022-03-18,559,559,540,552,59244,0.0036363636363636598
2022-03-21,546,557,546,554,95377,0.0036231884057971175
2022-03-22,554,586,549,577,535281,0.041516245487364545
2022-03-23,580,686,575,602,2509766,0.0433275563258233
2022-03-24,597,608,587,605,233254,0.004983388704318914
2022-03-25,597,621,592,599,144708,-0.00991735537190086
2022-03-28,599,601,577,592,201383,-0.011686143572620988
2022-03-29,588,591,573,590,96857,-0.0033783783783783994
2022-03-30,588,592,577,590,130469,0.0
2022-03-31,589,591,584,589,133687,-0.0016949152542372614
2022-04-01,577,611,576,610,262464,0.035653650254668934
2022-04-04,600,611,591,610,144072,0.0
2022-04-05,614,630,608,627,415548,0.02786885245901649
2022-04-06,620,813,612,774,62844701,0.23444976076555024
2022-04-07,761,769,708,717,9280331,-0.0736434108527132
2022-04-08,709,932,684,932,68807977,0.29986052998605306
2022-04-11,1036,1193,981,1044,75296473,0.12017167381974247
2022-04-12,1005,1032,980,1032,3493539,-0.011494252873563204
2022-04-13,1030,1147,1030,1139,4024482,0.10368217054263562
2022-04-14,1138,1165,1099,1099,3024694,-0.03511852502194912
2022-04-15,1051,1243,1008,1060,12472525,-0.035486806187443154
2022-04-18,1068,1143,1006,1066,7087475,0.005660377358490676
2022-04-19,1055,1104,1017,1052,5020041,-0.013133208255159512
2022-04-20,1033,1085,1006,1076,3841660,0.02281368821292773
2022-04-21,1079,1399,1049,1399,42652306,0.30018587360594795
2022-04-22,1546,1819,1406,1819,58178523,0.3002144388849177
2022-04-25,1923,2363,1815,2363,37614708,0.2990654205607477
2022-04-26,2572,2822,2260,2363,50801943,0.0
2022-04-27,2233,2245,1891,2011,10820824,-0.1489631823952603
2022-04-28,2011,2060,1908,2036,6250079,0.012431626056688128
2022-04-29,1986,2073,1939,2019,3933631,-0.008349705304518618
2022-05-02,1981,2096,1979,2074,3902537,0.02724120851906875
2022-05-03,2073,2195,2030,2118,5851634,0.02121504339440694
2022-05-04,2110,2142,2060,2128,2164383,0.0047214353163360645
2022-05-06,2068,2186,2058,2186,2654971,0.02725563909774431
2022-05-09,2273,2747,2088,2598,8943980,0.18847209515096064
2022-05-10,2418,2798,2286,2561,9290160,-0.014241724403387224
2022-05-11,2488,2623,2453,2586,2864818,0.009761811792268649
2022-05-12,2510,2610,2323,2463,2655011,-0.047563805104408385
2022-05-13,2498,2635,2415,2623,3019695,0.06496142915144132
2022-05-16,2548,2685,2511,2636,1838185,0.004956157072054879
2022-05-17,2611,2648,2548,2636,1472272,0.0
2022-05-18,2673,3423,2635,3423,7331734,0.2985584218512898
2022-05-19,3947,4447,3523,3548,18877121,0.0365176745544844
2022-05-20,3498,4610,3323,4610,46260052,0.2993235625704622
2022-05-23,4496,5096,4297,4322,28816172,-0.062472885032538006
2022-05-24,4172,4322,3748,3748,7875723,-0.13280888477556685
2022-05-25,3822,3935,3573,3673,7423609,-0.02001067235859122
2022-05-26,3648,4247,3648,3873,24921499,0.054451402123604664
2022-05-27,3897,3972,3585,3610,5021670,-0.0679060160082623
2022-05-30,3609,3672,3447,3510,2591061,-0.027700831024930705
2022-05-31,3510,3834,3460,3610,6409870,0.028490028490028463
2022-06-02,3572,3797,3547,3735,2899863,0.03462603878116344
2022-06-03,3698,4372,3698,4198,18636251,0.12396251673360115
2022-06-07,4122,4447,4110,4260,5350233,0.01476893758932829
2022-06-08,4247,4371,4097,4247,2561723,-0.003051643192488296
2022-06-09,4210,4210,3585,3748,3679643,-0.11749470214268898
2022-06-10,3572,3610,2973,3098,8025002,-0.17342582710779086
2022-06-13,2923,3060,2835,2998,4832520,-0.032278889606197514
2022-06-14,2923,3160,2811,2836,7772038,-0.05403602401601071
2022-06-15,3010,3197,2623,2698,12123015,-0.04866008462623417
2022-06-16,2760,2773,2648,2686,3459719,-0.004447739065974843
2022-06-17,2610,2735,2560,2698,2723823,0.004467609828741725
2022-06-20,2373,2398,1898,1976,9747728,-0.2676056338028169
2022-06-21,2011,2523,1921,2221,38580713,0.12398785425101222
2022-06-22,2320,2440,1973,2006,9760875,-0.09680324178298061
2022-06-23,2033,2051,1691,1694,4357324,-0.15553339980059822
2022-06-24,1694,1798,1654,1714,2060018,0.011806375442739103
2022-06-27,1699,2138,1679,1944,18953413,0.13418903150525097
2022-06-28,1943,2081,1804,1844,4709826,-0.05144032921810704
2022-06-29,1838,2120,1826,1981,16922385,0.074295010845987
2022-06-30,1955,2060,1881,1911,4166822,-0.035335689045936425
2022-07-01,1911,1968,1749,1804,1529223,-0.05599162742019881
2022-07-04,1806,1806,1666,1729,906432,-0.041574279379157475
2022-07-05,1736,2013,1699,1809,6675676,0.04626951995373041
2022-07-06,1786,1973,1766,1891,7881182,0.04532891100055281
2022-07-07,1901,2403,1891,2271,32291147,0.20095187731359077
2022-07-08,2323,2848,2258,2536,30684067,0.11668868339938343
2022-07-11,2510,2547,2278,2343,6791991,-0.07610410094637221
2022-07-12,2285,2305,2103,2123,3970925,-0.0938967136150235
2022-07-13,2098,2320,1976,2001,9000295,-0.05746585021196415
2022-07-14,1988,2173,1941,1959,4274128,-0.020989505247376306
2022-07-15,1958,2011,1809,1814,3366027,-0.07401735579377233
2022-07-18,1891,1891,1784,1794,1429896,-0.011025358324145529
2022-07-19,1795,1840,1731,1771,1487115,-0.012820512820512775
2022-07-20,1771,2046,1724,1934,19535304,0.09203839638622258
2022-07-21,1951,2133,1923,2031,14544696,0.05015511892450886
2022-07-22,2038,2078,1911,1911,3764179,-0.05908419497784345
2022-07-25,1873,1878,1809,1824,1293847,-0.04552590266875978
2022-07-26,1801,1896,1786,1869,1728897,0.024671052631578982
2022-07-27,1863,1885,1823,1841,919078,-0.014981273408239737
2022-07-28,1861,1990,1818,1921,5027837,0.04345464421510048
2022-07-29,1956,2106,1944,2014,7614216,0.048412285268089494
2022-08-01,2013,2013,1884,1884,2181067,-0.06454816285998011
2022-08-02,1900,1913,1831,1846,945431,-0.02016985138004246
2022-08-03,1846,1993,1819,1899,2415582,0.028710725893824396
2022-08-04,1918,1943,1894,1904,913647,0.00263296471827279
2022-08-05,1916,1938,1859,1869,857785,-0.018382352941176516
2022-08-08,1850,1870,1818,1841,705725,-0.014981273408239737
2022-08-09,1841,1841,1764,1784,891877,-0.030961434003259125
2022-08-10,1764,1923,1764,1839,1647466,0.030829596412556004
2022-08-11,1873,1876,1804,1804,684951,-0.01903208265361611
2022-08-12,1811,1841,1786,1809,449796,0.0027716186252770836
2022-08-16,1808,1815,1766,1776,631934,-0.018242122719734688
2022-08-17,1775,1783,1736,1751,602929,-0.014076576576576572
2022-08-18,1783,1866,1754,1769,1721397,0.010279840091376391
2022-08-19,1783,1783,1724,1724,544245,-0.02543810062182028
2022-08-22,1705,1733,1671,1671,393265,-0.030742459396751687
2022-08-23,1655,1668,1586,1586,790553,-0.0508677438659485
2022-08-24,1585,1640,1553,1576,500884,-0.006305170239596425
2022-08-25,1573,1595,1563,1581,342702,0.0031725888324873885
2022-08-26,1593,1593,1543,1546,392933,-0.02213788741302969
2022-08-29,1476,1498,1459,1479,447483,-0.04333764553686936
2022-08-30,1523,1523,1434,1504,373156,0.01690331304935766
2022-08-31,1501,1861,1494,1719,20515860,0.14295212765957444
2022-09-01,1743,1836,1701,1714,7508229,-0.002908667830133771
2022-09-02,1696,1783,1546,1564,2175516,-0.08751458576429405
2022-09-05,1563,1578,1446,1446,1108328,-0.07544757033248084
2022-09-06,1449,1756,1449,1624,15219580,0.12309820193637622
2022-09-07,1626,2021,1624,1804,36444283,0.11083743842364524
2022-09-08,1781,1913,1676,1719,9708166,-0.04711751662971175
2022-09-13,1718,1823,1671,1756,4869802,0.021524141942990127
2022-09-14,1656,1723,1628,1691,1499368,-0.037015945330296174
2022-09-15,1696,1808,1649,1754,6048571,0.03725606150206984
2022-09-16,1725,1740,1651,1651,1494506,-0.05872291904218929
2022-09-19,1663,1696,1516,1519,1373821,-0.07995154451847364
2022-09-20,1524,1728,1524,1599,4388903,0.05266622778143515
2022-09-21,1586,1695,1576,1616,2146574,0.010631644777986171
2022-09-22,1574,1781,1566,1664,7411812,0.02970297029702973
2022-09-23,1693,1730,1618,1641,2339794,-0.013822115384615419
2022-09-26,1656,1671,1589,1629,2169717,-0.007312614259597838
2022-09-27,1691,1760,1633,1706,7402976,0.04726826273787599
2022-09-28,1783,1841,1596,1634,6427539,-0.042203985932004695
2022-09-29,1690,1730,1601,1641,2360816,0.004283965728274275
2022-09-30,1601,1686,1541,1569,3415454,-0.04387568555758681
2022-10-04,1569,1616,1554,1579,883561,0.006373486297004405
2022-10-05,1598,1600,1506,1506,892109,-0.046231792273590866
2022-10-06,1491,1683,1491,1581,5501245,0.04980079681274896
2022-10-07,1563,1610,1543,1586,1102345,0.003162555344718543
2022-10-11,1561,1571,1469,1539,789277,-0.029634300126103352
2022-10-12,1503,1520,1471,1471,612905,-0.044184535412605586
2022-10-13,1473,1511,1286,1354,1016748,-0.07953772943575799
2022-10-14,1363,1398,1351,1351,736464,-0.0022156573116691725
2022-10-17,1294,1396,1274,1369,908753,0.013323464100666094
2022-10-18,1459,1778,1434,1614,25600892,0.17896274653031408
2022-10-19,1630,1710,1468,1541,7939942,-0.04522924411400253
2022-10-20,1528,1540,1461,1476,1293703,-0.042180402336145395
2022-10-21,1468,1475,1376,1381,1232374,-0.06436314363143636
2022-10-24,1403,1425,1348,1391,1050244,0.007241129616220032
2022-10-25,1398,1435,1358,1386,962955,-0.0035945363048166534
2022-10-26,1416,1421,1276,1304,1773010,-0.059163059163059195
2022-10-27,1301,1341,1284,1319,674194,0.011503067484662566
2022-10-28,1311,1318,1286,1314,395482,-0.0037907505686125553
2022-10-31,1318,1333,1294,1314,498723,0.0
2022-11-01,1314,1359,1299,1359,692119,0.03424657534246567
2022-11-02,1336,1346,1314,1319,552721,-0.02943340691685059
2022-11-03,1288,1308,1278,1296,416164,-0.01743745261561791
2022-11-04,1280,1310,1251,1276,493941,-0.015432098765432056
2022-11-07,1293,1400,1281,1326,3500883,0.03918495297805635
2022-11-08,1336,1421,1331,1344,1568277,0.013574660633484115
2022-11-09,1358,1423,1341,1381,2043142,0.027529761904761862
2022-11-10,1354,1483,1331,1464,4541003,0.060101375814627156
2022-11-11,1471,1471,1419,1429,1458493,-0.02390710382513661
2022-11-14,1449,1493,1414,1474,1248990,0.03149055283414981
2022-11-15,1474,1506,1456,1499,966625,0.016960651289009476
2022-11-16,1500,1505,1423,1446,1020286,-0.03535690460306873
2022-11-17,1448,1458,1396,1411,471827,-0.024204702627939167
2022-11-18,1419,1561,1401,1489,4319370,0.055279943302622314
2022-11-21,1514,1934,1514,1934,49819287,0.2988582941571525
2022-11-22,1993,2148,1881,1934,34661604,0.0
2022-11-23,1926,2066,1894,1979,28872895,0.023267838676318542
2022-11-24,1978,2061,1939,1944,14642811,-0.017685699848408287
2022-11-25,1956,2060,1923,2006,17668021,0.03189300411522633
2022-11-28,2005,2340,1980,2128,56816011,0.060817547357926216
2022-11-29,2035,2035,1853,1881,7750876,-0.1160714285714286
2022-11-30,1896,1916,1801,1849,4962374,-0.017012227538543367
2022-12-01,1846,1886,1826,1854,4182665,0.0027041644131964304
2022-12-02,1845,1845,1776,1786,2864106,-0.036677454153182354
2022-12-05,1858,1878,1723,1751,5017984,-0.019596864501679745
2022-12-06,1710,1773,1661,1696,2540084,-0.03141062250142779
2022-12-07,1661,1671,1604,1654,1497596,-0.024764150943396235
2022-12-08,1643,1860,1643,1816,17614408,0.09794437726723104
2022-12-09,1926,1988,1766,1779,15113321,-0.020374449339207068
2022-12-12,1796,1911,1796,1849,7740287,0.03934794828555366
2022-12-13,1860,1873,1696,1696,3792617,-0.08274743104380744
2022-12-14,1678,1733,1623,1716,1950346,0.011792452830188704
2022-12-15,1715,1725,1628,1651,1201167,-0.037878787878787845
2022-12-16,1610,1628,1581,1586,1318603,-0.03937007874015752
2022-12-19,1568,1655,1548,1581,1327759,-0.0031525851197982124
2022-12-20,1548,1581,1454,1459,1943458,-0.07716635041113218
2022-12-21,1461,1488,1406,1419,993269,-0.027416038382453767
2022-12-22,1446,1473,1401,1414,786980,-0.0035236081747709314
2022-12-23,1386,1386,1349,1359,909530,-0.03889674681753885
2022-12-26,1371,1386,1326,1329,676515,-0.02207505518763797
2022-12-27,1324,1359,1324,1359,601368,0.02257336343115135
2022-12-28,1351,1398,1328,1381,572902,0.016188373804267853
2022-12-29,1366,1366,1311,1334,404475,-0.034033309196234596
2023-01-02,1323,1335,1236,1246,1016748,-0.06596701649175407
2023-01-03,1221,1243,1173,1220,824241,-0.020866773675762396
2023-01-04,1200,1217,1173,1213,462498,-0.0057377049180328266
2023-01-05,1224,1242,1178,1198,549663,-0.012366034624896938
2023-01-06,1180,1278,1170,1209,1008192,0.00918196994991649
2023-01-09,1209,1278,1208,1261,1263425,0.043010752688172005
2023-01-10,1263,1283,1251,1259,565067,-0.0015860428231562196
2023-01-11,1254,1568,1247,1449,30314361,0.15091342335186653
2023-01-12,1428,1458,1376,1391,2338757,-0.0400276052449966
2023-01-13,1396,1568,1396,1416,9914343,0.01797268152408349
2023-01-16,1428,1495,1388,1441,2746910,0.017655367231638408
2023-01-17,1425,1463,1406,1406,1307990,-0.024288688410825765
2023-01-18,1426,1426,1344,1349,810799,-0.04054054054054057
2023-01-19,1328,1428,1293,1326,1352479,-0.017049666419570064
2023-01-20,1323,1375,1323,1351,649883,0.018853695324283493
2023-01-25,1376,1376,1334,1344,422871,-0.005181347150259086
2023-01-26,1344,1411,1344,1394,1151800,0.03720238095238093
2023-01-27,1393,1395,1361,1371,555014,-0.016499282639885204
2023-01-30,1376,1381,1331,1339,560232,-0.02334062727935815
2023-01-31,1341,1360,1313,1351,446755,0.008961911874533213
2023-02-01,1365,1365,1333,1336,396451,-0.011102886750555152
2023-02-02,1346,1376,1341,1376,489139,0.029940119760478945
2023-02-03,1383,1733,1363,1611,43061267,0.17078488372093026
2023-02-06,1639,2094,1609,2094,86237610,0.2998137802607077
2023-02-07,2111,2163,2026,2064,27276380,-0.014326647564469885
2023-02-08,2086,2610,2036,2361,95936976,0.14389534883720922
2023-02-09,2298,2333,2251,2331,7182279,-0.01270648030495558
2023-02-10,2275,2288,2086,2111,6472748,-0.09438009438009443
2023-02-13,2086,2148,2054,2114,3798840,0.00142112742775935
2023-02-14,2098,2226,2061,2074,9615926,-0.018921475875118277
2023-02-15,2053,2085,1993,2061,2872206,-0.006268081002893
2023-02-16,2048,2173,1978,2011,7983202,-0.024260067928190243
2023-02-17,1998,2008,1924,1994,2149916,-0.008453505718547971
2023-02-20,1998,2105,1996,2006,7559602,0.006018054162487463
2023-02-21,1989,2108,1979,1994,4524911,-0.005982053838484491
2023-02-22,1998,2173,1998,2066,13725717,0.03610832497492478
2023-02-23,2045,2083,1943,1976,2964317,-0.04356243949661176
2023-02-24,1976,2248,1953,2171,22867520,0.09868421052631571
2023-02-27,2252,2265,2080,2153,8580573,-0.008291110087517262
2023-02-28,2170,2512,2163,2288,28462041,0.0627032048304692
2023-03-02,2250,2280,2138,2148,3630864,-0.06118881118881114
2023-03-03,2150,2238,2106,2116,3613940,-0.014897579143389184
2023-03-06,2116,2193,2001,2019,3433751,-0.045841209829867724
2023-03-07,2063,2066,1969,1974,1909374,-0.022288261515601815
2023-03-08,1940,1973,1873,1886,1681234,-0.04457953394123604
2023-03-09,1876,2330,1848,2101,46978644,0.11399787910922599
2023-03-10,2106,2126,1899,1904,5244627,-0.09376487386958587
2023-03-13,1860,1880,1773,1846,2005516,-0.030462184873949583
2023-03-14,1810,1843,1738,1751,1550589,-0.051462621885157045
2023-03-15,1771,2031,1771,1914,8918068,0.0930896630496858
2023-03-16,1891,1938,1824,1864,2130487,-0.02612330198537094
2023-03-17,1881,2061,1874,1934,6243728,0.037553648068669565
2023-03-20,1973,2235,1973,2116,13764331,0.09410548086866588
2023-03-21,2126,2141,1879,1884,5287808,-0.10964083175803407
2023-03-22,1881,1916,1811,1824,2992166,-0.031847133757961776
2023-03-23,1801,1878,1798,1806,1840782,-0.009868421052631526
2023-03-24,1824,1911,1799,1859,1882622,0.029346622369878173
2023-03-27,1883,1883,1774,1789,1251403,-0.037654653039268404
2023-03-28,1778,1815,1748,1806,903631,0.009502515371716092
2023-03-29,1808,1808,1748,1756,908313,-0.027685492801771905
2023-03-30,1766,1773,1651,1759,1173871,0.0017084282460135825
2023-03-31,1743,1746,1661,1684,1029974,-0.04263786242183054
2023-04-03,1684,1758,1659,1694,867117,0.005938242280284944
2023-04-04,1681,1731,1681,1731,721000,0.021841794569067208
2023-04-05,1730,1735,1698,1706,513338,-0.01444251877527436
2023-04-06,1685,1695,1611,1626,1204537,-0.04689331770222738
2023-04-07,1616,1628,1571,1584,695016,-0.02583025830258301
2023-04-10,1598,1598,1531,1551,614786,-0.02083333333333337
2023-04-11,1551,1586,1533,1586,634299,0.022566086395873652
2023-04-12,1598,1598,1443,1446,8051626,-0.08827238335435061
2023-04-13,1456,1478,1416,1434,1561354,-0.008298755186721962
2023-04-14,1436,1461,1434,1434,1158955,0.0
2023-04-17,1436,1455,1418,1441,761880,0.004881450488145145
2023-04-18,1431,1441,1396,1424,824858,-0.01179736294240108
2023-04-19,1421,1436,1401,1424,565567,0.0
2023-04-20,1431,1431,1354,1369,938963,-0.038623595505618
2023-04-21,1368,1375,1336,1341,641143,-0.020452885317750136
2023-04-24,1338,1380,1323,1341,465556,0.0
2023-04-25,1340,1358,1288,1316,642259,-0.01864280387770323
2023-04-26,1301,1328,1279,1289,385766,-0.020516717325227973
2023-04-27,1274,1321,1266,1299,517328,0.007757951900698279
2023-04-28,1301,1308,1254,1259,463467,-0.030792917628945315
2023-05-02,1284,1311,1259,1304,412062,0.03574265289912626
2023-05-03,1298,1323,1266,1289,360946,-0.011503067484662566
2023-05-04,1273,1281,1249,1249,505767,-0.031031807602792894
2023-05-08,1256,1290,1256,1266,330376,0.013610888710968716
2023-05-09,1268,1280,1223,1241,499716,-0.019747235387045814
2023-05-10,1238,1238,1210,1225,370843,-0.012892828364222453
2023-05-11,1224,1266,1202,1220,582555,-0.004081632653061273
2023-05-12,1209,1213,1182,1186,475981,-0.02786885245901638
2023-05-15,1187,1187,1160,1175,345407,-0.009274873524451888
2023-05-16,1164,1181,1140,1153,489499,-0.018723404255319154
2023-05-17,1155,1190,1140,1179,460841,0.02254986990459673
2023-05-18,1196,1225,1183,1221,576816,0.03562340966921118
2023-05-19,1223,1242,1179,1219,865497,-0.0016380016380016515
2023-05-22,1225,1243,1199,1224,459029,0.00410172272354381
2023-05-23,1222,1296,1221,1225,1478891,0.0008169934640522847
2023-05-24,1213,1218,1192,1201,454186,-0.01959183673469389
2023-05-25,1200,1215,1173,1176,472219,-0.020815986677768517
2023-05-26,1176,1192,1153,1155,648186,-0.017857142857142905
2023-05-30,1156,1182,1150,1150,810147,-0.0043290043290042934
2023-05-31,1151,1172,1142,1150,333029,0.0
2023-06-01,1157,1176,1148,1176,358133,0.022608695652173827
2023-06-02,1181,1529,1179,1529,62955394,0.3001700680272108
2023-06-05,1520,1560,1453,1461,20398392,-0.044473512099411416
2023-06-07,1480,1573,1436,1466,11568953,0.003422313483915085
2023-06-08,1411,1563,1394,1499,19595252,0.022510231923601687
2023-06-09,1711,1868,1574,1574,47348751,0.050033355570380245
2023-06-12,1623,1638,1556,1579,4706993,0.0031766200762388674
2023-06-13,1568,1810,1531,1661,46094378,0.051931602279924105
2023-06-14,1625,1673,1568,1586,4150734,-0.045153521974714006
2023-06-15,1598,1611,1509,1514,2873246,-0.045397225725094525
2023-06-16,1513,1625,1508,1526,6438424,0.00792602377807139
2023-06-19,1519,1663,1501,1569,9818926,0.02817824377457412
2023-06-20,1561,1715,1551,1566,17086458,-0.0019120458891013214
2023-06-21,1554,1703,1551,1684,19334721,0.07535121328224781
2023-06-22,1618,1660,1601,1621,3403821,-0.03741092636579568
2023-06-23,1611,1638,1474,1479,2914598,-0.08760024676125844
2023-06-26,1473,1478,1353,1366,1912684,-0.07640297498309667
2023-06-27,1371,1633,1311,1514,19548530,0.10834553440702788
2023-06-28,1493,1765,1488,1686,48364247,0.11360634081902243
2023-06-29,1631,1673,1521,1534,5200306,-0.09015421115065247
2023-06-30,1548,1700,1533,1561,13214067,0.017601043024771945
2023-07-03,1573,1658,1566,1586,3884116,0.01601537475976933
2023-07-04,1603,1605,1473,1481,2603923,-0.0662042875157629
2023-07-05,1480,1490,1426,1446,1243267,-0.02363268062120194
2023-07-06,1433,1433,1379,1379,820235,-0.04633471645919773
2023-07-07,1366,1428,1366,1399,775302,0.014503263234227681
2023-07-10,1386,1438,1358,1396,756553,-0.0021443888491780028
2023-07-11,1399,1436,1399,1424,613490,0.02005730659025784
2023-07-12,1448,1448,1366,1376,800158,-0.0337078651685393
2023-07-13,1383,1405,1361,1381,488370,0.00363372093023262
2023-07-14,1393,1393,1324,1339,665814,-0.03041274438812458
2023-07-17,1341,1411,1314,1344,801346,0.0037341299477222645
2023-07-18,1333,1378,1291,1304,621761,-0.029761904761904767
2023-07-19,1301,1318,1266,1279,668392,-0.01917177914110424
2023-07-20,1269,1291,1261,1269,437774,-0.007818608287724738
2023-07-21,1233,1276,1205,1243,524632,-0.02048857368006307
2023-07-24,1242,1253,1187,1209,642935,-0.027353177795655714
2023-07-25,1178,1207,1157,1165,691847,-0.03639371381306866
2023-07-26,1140,1164,1032,1081,1216331,-0.07210300429184546
2023-07-27,1044,1173,1044,1139,1196577,0.05365402405180397
2023-07-28,1116,1196,1116,1185,482532,0.04038630377524144
2023-07-31,1184,1217,1173,1191,447195,0.005063291139240533
2023-08-01,1237,1361,1186,1209,1960198,0.015113350125944613
2023-08-02,1187,1242,1156,1164,605426,-0.037220843672456594
2023-08-03,1163,1188,1121,1161,409041,-0.002577319587628857
2023-08-04,1162,1328,1162,1274,4020008,0.09732988802756237
2023-08-07,1276,1278,1201,1240,741850,-0.026687598116169498
2023-08-08,1223,1223,1163,1165,827651,-0.06048387096774188
2023-08-09,1156,1186,1149,1173,397091,0.006866952789699621
2023-08-10,1154,1184,1143,1158,294911,-0.012787723785166238
2023-08-11,1156,1205,1155,1159,340028,0.0008635578583764403
2023-08-14,1155,1180,1120,1129,373336,-0.025884383088869756
2023-08-16,1113,1128,1064,1064,638193,-0.057573073516386186
2023-08-17,1037,1063,1014,1049,387771,-0.014097744360902276
2023-08-18,1031,1061,1021,1038,279256,-0.010486177311725409
2023-08-21,1034,1095,1011,1069,351073,0.029865125240847723
2023-08-22,1071,1085,1024,1074,359590,0.00467726847521055
2023-08-23,1063,1067,1033,1040,265201,-0.03165735567970207
2023-08-24,1047,1288,1040,1199,10924701,0.15288461538461529
2023-08-25,1152,1158,1067,1099,1545486,-0.08340283569641371
2023-08-28,1098,1136,1086,1133,660960,0.030937215650591376
2023-08-29,1124,1171,1124,1134,700611,0.0008826125330980705
2023-08-30,1149,1473,1144,1299,46430020,0.14550264550264558
2023-08-31,1268,1283,1223,1235,2658292,-0.049268668206312594
2023-09-01,1235,1261,1199,1209,1475709,-0.021052631578947323
2023-09-04,1199,1246,1184,1199,1246009,-0.008271298593879206
2023-09-05,1202,1250,1202,1216,1243595,0.014178482068390341
2023-09-06,1216,1266,1190,1248,1364941,0.026315789473684292
2023-09-07,1273,1323,1219,1246,3932759,-0.0016025641025640969
2023-09-08,1245,1253,1207,1216,669448,-0.024077046548956704
2023-09-11,1217,1460,1217,1401,8470765,0.15213815789473695
2023-09-12,1378,1685,1343,1536,35887376,0.09635974304068529
2023-09-13,1503,1648,1491,1496,6168704,-0.02604166666666663
2023-09-14,1471,1581,1354,1514,5006106,0.012032085561497263
2023-09-15,1526,1578,1514,1539,2502091,0.01651254953764858
2023-09-18,1534,1653,1534,1589,4939339,0.03248862897985716
2023-09-19,1588,1588,1456,1556,1964252,-0.020767778477029597
2023-09-20,1561,1805,1558,1611,24980130,0.03534704370179953
2023-09-21,1616,1633,1494,1494,3094026,-0.07262569832402233
2023-09-22,1464,1623,1464,1574,3169482,0.0535475234270415
2023-09-25,1553,1653,1529,1549,2530376,-0.015883100381194448
2023-09-26,1628,1791,1245,1294,8372262,-0.16462233699160744
2023-09-27,1261,1608,1261,1549,8843477,0.1970633693972179
2023-10-04,1523,1560,1428,1441,1895104,-0.06972240154938669
2023-10-05,1446,1793,1423,1546,29464203,0.07286606523247752
2023-10-06,1523,1640,1513,1521,4975044,-0.016170763260025867
2023-10-10,1523,1585,1376,1381,4451616,-0.0920447074293228
2023-10-11,1401,1538,1401,1501,3021508,0.0868935553946415
2023-10-12,1501,1608,1498,1561,3376208,0.03997335109926725
2023-10-13,1588,1618,1528,1596,2356830,0.022421524663677195
2023-10-16,1583,1596,1519,1554,1077069,-0.02631578947368418
2023-10-17,1575,1680,1558,1566,2573592,0.007722007722007707
2023-10-18,1568,1578,1493,1511,994062,-0.03512132822477654
2023-10-19,1474,1696,1466,1549,6127981,0.025148908007941673
2023-10-20,1573,1658,1504,1539,1804072,-0.006455777921239525
2023-10-23,1538,1563,1511,1519,895043,-0.01299545159194282
2023-10-24,1518,1645,1516,1611,1922224,0.06056616194865039
2023-10-25,1610,1635,1553,1566,1246485,-0.027932960893854775
2023-10-26,1554,1633,1529,1604,1464716,0.024265644955300036
2023-10-27,1600,1608,1551,1561,1052949,-0.02680798004987528
2023-10-30,1553,1593,1553,1556,435457,-0.0032030749519538215
2023-10-31,1566,1603,1541,1574,600487,0.011568123393316254
2023-11-01,1586,1723,1578,1716,3052231,0.09021601016518432
2023-11-02,1724,1758,1694,1724,1740759,0.004662004662004726
2023-11-03,1758,1868,1691,1796,4572650,0.0417633410672853
2023-11-06,1793,1796,1711,1734,1318295,-0.034521158129176
2023-11-07,1668,1746,1598,1746,1655014,0.006920415224913601
2023-11-08,1706,1840,1706,1826,1467241,0.0458190148911799
2023-11-09,1839,1908,1811,1864,1585509,0.020810514786418377
2023-11-10,1821,1928,1821,1866,1009809,0.0010729613733906351
2023-11-13,1908,1908,1774,1814,1022911,-0.027867095391211127
2023-11-14,1814,1871,1814,1829,498843,0.008269018743109147
2023-11-15,1863,1893,1811,1811,869859,-0.009841443411700346
2023-11-16,1788,1826,1724,1774,511153,-0.02043070127001656
2023-11-17,1785,1788,1686,1776,759254,0.0011273957158963732
2023-11-20,1753,1773,1711,1749,639010,-0.015202702702702742
2023-11-21,1725,1808,1698,1701,1111393,-0.027444253859348233
2023-11-22,1708,1711,1536,1554,1264942,-0.0864197530864198
2023-11-23,1561,1685,1536,1651,911070,0.06241956241956248
2023-11-24,1651,1763,1626,1741,685067,0.05451241671714113
2023-11-27,1723,1755,1678,1726,536525,-0.008615738081562352
2023-11-28,1703,1735,1623,1666,454170,-0.03476245654692933
2023-11-29,1666,1758,1646,1649,542820,-0.010204081632653073
2023-11-30,1653,1691,1596,1609,548555,-0.024257125530624646
2023-12-01,1623,1908,1623,1861,7630875,0.1566190180236171
2023-12-04,1836,2011,1756,1959,3796034,0.05265986029016667
2023-12-05,1958,2048,1919,1944,3209193,-0.007656967840735107
2023-12-06,1943,1950,1731,1801,2517698,-0.07355967078189296
2023-12-07,1803,1823,1731,1749,857929,-0.028872848417545782
2023-12-08,1768,1918,1724,1724,1913184,-0.014293882218410547
2023-12-11,1690,1738,1508,1586,2888529,-0.08004640371229699
2023-12-12,1591,1621,1531,1599,816406,0.008196721311475308
2023-12-13,1598,1628,1549,1549,823065,-0.03126954346466537
2023-12-14,1564,1611,1556,1574,806257,0.0161394448030987
2023-12-15,1573,1600,1513,1541,869827,-0.02096569250317659
2023-12-18,1531,1556,1526,1549,412951,0.005191434133679396
2023-12-19,1534,1686,1534,1684,1231374,0.08715300193673348
2023-12-20,1649,1701,1646,1694,603329,0.005938242280284944
2023-12-21,1701,1813,1701,1776,1523232,0.04840613931523019
2023-12-22,1778,1783,1686,1704,596401,-0.04054054054054057
2023-12-26,1738,1748,1641,1666,627896,-0.02230046948356812
2023-12-27,1681,1835,1681,1786,1772798,0.07202881152460994
2023-12-28,1793,1858,1793,1806,1787437,0.011198208286674172
2024-01-02,1826,1883,1826,1861,722621,0.030454042081949018
2024-01-03,1853,1883,1724,1799,583283,-0.03331542181622782
2024-01-04,1798,1798,1714,1749,688941,-0.027793218454697066
2024-01-05,1791,1811,1729,1789,449632,0.022870211549456787
2024-01-08,1790,1818,1711,1761,477713,-0.015651201788708824
2024-01-09,1756,1813,1756,1779,368926,0.010221465076660996
2024-01-10,1795,1795,1743,1776,323645,-0.001686340640809414
2024-01-11,1783,1885,1781,1811,2866279,0.01970720720720731
2024-01-12,1810,1838,1728,1751,4725550,-0.03313086692435119
2024-01-15,1751,1766,1711,1719,473856,-0.01827527127355799
2024-01-16,1719,1724,1646,1724,389776,0.002908667830133771
2024-01-17,1688,1723,1651,1651,402086,-0.04234338747099764
2024-01-18,1651,1816,1651,1816,1516957,0.09993943064809208
2024-01-19,1800,1823,1723,1731,1194993,-0.04680616740088106
2024-01-22,1736,1795,1611,1756,1633600,0.01444251877527436
2024-01-23,1748,1776,1649,1734,1004675,-0.01252847380410027
2024-01-24,1729,1811,1706,1799,850902,0.037485582468281375
2024-01-25,1799,1806,1749,1799,636372,0.0
2024-01-26,1796,1811,1764,1764,469682,-0.01945525291828798
2024-01-29,1751,1825,1751,1806,992829,0.023809523809523725
2024-01-30,1823,1930,1711,1916,2986868,0.060908084163898035
2024-01-31,2011,2016,1646,1754,3432458,-0.08455114822546972
2024-02-01,1748,1811,1229,1229,5556803,-0.29931584948688716
2024-02-02,1126,1410,1052,1351,8431066,0.09926769731489005
2024-02-05,1391,1523,1289,1469,3026466,0.08734270910436703
2024-02-06,1474,1523,1426,1509,1472656,0.027229407760381186
2024-02-07,1470,1498,1388,1441,1502710,-0.045062955599734944
2024-02-08,1481,1543,1456,1529,1555479,0.06106870229007644
2024-02-13,1496,1508,1451,1489,634720,-0.026160889470241977
2024-02-14,1463,1478,1419,1459,715254,-0.020147750167897938
2024-02-15,1530,1530,1271,1351,1700371,-0.0740233036326251
2024-02-16,1373,1381,946,1049,39525003,-0.2235381199111769
2024-02-19,1073,1112,967,1020,7257043,-0.02764537654909438
2024-02-20,1034,1081,977,1057,6167315,0.03627450980392166
2024-02-21,1374,1374,1374,1374,61971,0.2999053926206243
2024-02-22,1786,1786,1786,1786,169817,0.29985443959243097
2024-02-23,1786,2270,1708,1796,14790683,0.005599104143336975
2024-02-26,1796,2080,1525,1724,11258148,-0.04008908685968815
2024-02-27,1724,1992,1650,1703,5511189,-0.012180974477958184
2024-02-28,1730,1850,1713,1725,1252524,0.012918379330593144
2024-02-29,1684,1815,1683,1721,721668,-0.002318840579710102
2024-03-04,1721,1789,1696,1700,499394,-0.01220220801859384
2024-03-05,1695,1709,1590,1590,595484,-0.06470588235294117
2024-03-06,1590,1613,1525,1532,346407,-0.03647798742138364
2024-03-07,1546,1548,1472,1475,306826,-0.03720626631853785
2024-03-08,1470,1530,1433,1491,306745,0.010847457627118695
2024-03-11,1491,1635,1462,1615,449869,0.08316566063044939
2024-03-12,1610,1740,1589,1636,516890,0.013003095975232304
2024-03-13,1636,1700,1565,1657,479457,0.012836185819070867
2024-03-14,1661,1998,1661,1921,5685327,0.15932407966203987
2024-03-15,1834,2110,1807,1987,3969787,0.034357105674128086
2024-03-18,1992,2060,1800,1955,2117844,-0.01610468042274782
2024-03-19,1932,2000,1739,1798,1261605,-0.08030690537084395
2024-03-20,1750,1750,1511,1520,1971174,-0.1546162402669633
2024-03-21,1120,1430,1101,1266,11311112,-0.16710526315789476
2024-03-22,1269,1279,1143,1220,2322707,-0.0363349131121643
2024-03-25,1100,1180,1087,1134,5315350,-0.07049180327868854
2024-03-26,1134,1292,1098,1200,7365881,0.05820105820105814
2024-03-27,1240,1330,1207,1282,8123647,0.06833333333333336
2024-03-28,1287,1505,1287,1426,12953726,0.11232449297971914
2024-03-29,1431,1510,1329,1350,4486495,-0.05329593267882193
2024-04-01,1349,1420,1285,1383,3192549,0.02444444444444449
2024-04-02,1404,1481,1330,1406,2089808,0.016630513376717282
2024-04-03,1410,1454,1343,1442,2258928,0.02560455192034139
2024-04-04,1443,1448,1396,1412,1605936,-0.020804438280166426
2024-04-05,1448,1539,1375,1510,5712742,0.06940509915014159
2024-04-08,1512,1553,1462,1514,2453425,0.0026490066225166586
2024-04-09,1505,1514,1400,1499,2353411,-0.009907529722589126
2024-04-11,1470,1498,1425,1427,1303351,-0.04803202134756501
2024-04-12,1432,1506,1415,1431,2009410,0.002803083391730965
2024-04-15,1402,1403,1326,1336,1391525,-0.06638714185883998
2024-04-16,1340,1350,1266,1300,1268239,-0.026946107784431184
2024-04-17,1336,1449,1310,1334,2061879,0.026153846153846194
2024-04-18,1330,1408,1295,1379,1425361,0.033733133433283324
2024-04-19,1379,1399,1355,1375,1251986,-0.0029006526468455807
2024-04-22,1399,1519,1365,1486,3281052,0.08072727272727276
2024-04-23,1484,1558,1426,1535,3261376,0.03297442799461647
2024-04-24,1533,1600,1450,1489,3469256,-0.029967426710097667
2024-04-25,1475,1475,1370,1381,1678597,-0.07253190060443249
2024-04-26,1389,1439,1313,1376,1375015,-0.003620564808110016
2024-04-29,1377,1403,1310,1312,1199207,-0.046511627906976716
2024-04-30,1280,1330,1277,1289,910289,-0.017530487804878092
2024-05-02,1293,1366,1287,1298,1059211,0.006982156710628296
2024-05-03,1309,1345,1285,1293,612934,-0.0038520801232665436
2024-05-07,1332,1332,1267,1280,534100,-0.010054137664346485
2024-05-08,1280,1292,1256,1270,503713,-0.0078125
2024-05-09,1280,1312,1273,1301,583175,0.024409448818897728
2024-05-10,1301,1391,1289,1384,1447741,0.06379707916986943
2024-05-13,1385,1460,1368,1377,1167911,-0.005057803468208055
2024-05-14,1399,1550,1398,1525,3495769,0.10748002904865639
2024-05-16,1602,1876,1575,1833,13466398,0.20196721311475407
2024-05-17,1895,1898,1536,1831,6413569,-0.0010911074740862503
2024-05-20,1849,1962,1676,1774,5342632,-0.031130529765155623
2024-05-21,1774,1790,1670,1680,2135908,-0.0529875986471251
2024-05-22,1695,1790,1670,1770,1494325,0.0535714285714286
2024-05-23,1773,1804,1580,1588,2655108,-0.10282485875706215
2024-05-24,1591,1762,1548,1670,4394692,0.05163727959697728
2024-05-27,1623,1673,1569,1627,1485434,-0.02574850299401199
2024-05-28,1659,1687,1570,1614,1131811,-0.007990165949600447
2024-05-29,1660,1668,1578,1639,1929788,0.015489467162329573
2024-05-30,1636,1636,1492,1500,2456560,-0.08480780964002443
2024-05-31,1503,1564,1495,1549,1658877,0.03266666666666662
2024-06-03,1550,1669,1550,1598,1736654,0.031633311814073695
2024-06-04,1600,1700,1530,1620,1665721,0.013767209011264159
2024-06-05,1619,1640,1555,1630,1146010,0.006172839506172867
2024-06-07,1640,1718,1640,1694,1637964,0.03926380368098159
2024-06-10,1725,1742,1660,1716,1150653,0.01298701298701288
2024-06-11,1721,1966,1681,1941,6881944,0.13111888111888104
2024-06-12,1950,2100,1865,1950,6058546,0.004636785162287493
2024-06-13,1910,1990,1365,1400,8383421,-0.28205128205128205
2024-06-14,1502,1631,1393,1416,8175043,0.011428571428571344
2024-06-17,1443,1570,1427,1541,2092625,0.08827683615819204
2024-06-18,1550,1630,1516,1579,1593914,0.024659312134977185
2024-06-19,1600,1610,1542,1584,785470,0.0031665611146294292
2024-06-20,1563,1581,1531,1544,796092,-0.025252525252525304
2024-06-21,1546,1570,1465,1490,1310260,-0.03497409326424872
2024-06-24,1490,1583,1450,1522,1274071,0.021476510067114152
2024-06-25,1539,1575,1467,1569,1359651,0.03088042049934292
2024-06-26,1565,1649,1545,1549,1570026,-0.01274697259400892
2024-06-27,1551,1573,1495,1500,1197067,-0.031633311814073584
2024-06-28,1501,1531,1426,1470,900365,-0.020000000000000018
2024-07-01,1502,1650,1485,1632,3556603,0.11020408163265305
2024-07-02,1610,1690,1560,1637,2050989,0.0030637254901961786
2024-07-03,1638,1655,1549,1595,1490225,-0.025656689065363447
2024-07-04,1567,1578,1515,1523,1045389,-0.04514106583072097
2024-07-05,1546,1572,1490,1514,1084162,-0.005909389363099149
2024-07-08,1545,1592,1494,1511,2346361,-0.0019815059445178473
2024-07-09,1513,1545,1491,1502,955095,-0.0059563203176704604
2024-07-10,1503,1600,1501,1572,2280345,0.046604527296937315
2024-07-11,1562,1670,1562,1621,1952756,0.031170483460559728
2024-07-12,1601,1700,1553,1646,2342034,0.015422578655151176
2024-07-15,1659,1740,1592,1628,1609962,-0.010935601458080146
2024-07-16,1683,1735,1602,1725,2677058,0.05958230958230959
2024-07-17,1780,1850,1630,1650,3197164,-0.04347826086956519
2024-07-18,1650,1750,1607,1620,1582828,-0.018181818181818188
2024-07-19,1601,1648,1461,1524,1876025,-0.059259259259259234
2024-07-22,1549,1720,1547,1705,3258673,0.11876640419947515
2024-07-23,1705,1739,1540,1566,2512065,-0.08152492668621703
2024-07-24,1588,1698,1530,1680,1990499,0.07279693486590033
2024-07-25,1650,1731,1601,1668,1429536,-0.0071428571428571175
2024-07-26,1667,1675,1547,1579,2043565,-0.053357314148681056
2024-07-29,1615,1705,1575,1691,3241227,0.07093096896770112
2024-07-30,1650,1690,1580,1610,1634716,-0.047900650502661124
2024-07-31,1585,1610,1560,1581,609359,-0.01801242236024847
2024-08-01,1605,1610,1581,1599,417205,0.011385199240986799
2024-08-02,1575,1596,1528,1550,684110,-0.03064415259537212
2024-08-05,1545,1599,1085,1085,4114860,-0.30000000000000004
2024-08-06,760,905,760,816,68850298,-0.247926267281106
2024-08-07,820,875,665,680,18048776,-0.16666666666666663
2024-08-08,696,780,690,707,12753157,0.03970588235294126
2024-08-09,720,761,712,724,3892625,0.0240452616690241
2024-08-12,736,817,725,796,7644797,0.09944751381215466
2024-08-13,814,835,728,732,4867962,-0.08040201005025127
2024-08-14,708,730,687,718,4089815,-0.01912568306010931
2024-08-16,615,692,545,636,10204816,-0.11420612813370479
2024-08-19,656,658,608,612,2529942,-0.037735849056603765
2024-08-20,595,646,534,639,4839206,0.044117647058823595
2024-08-21,624,705,610,662,3341138,0.03599374021909241
2024-08-22,662,695,650,670,1977446,0.012084592145015005
2024-08-23,669,738,653,736,3567662,0.09850746268656718
2024-08-26,725,753,690,707,2041664,-0.03940217391304346
2024-08-27,707,714,655,667,1453461,-0.05657708628005653
2024-08-28,673,674,644,654,599865,-0.019490254872563728
2024-08-29,649,670,635,670,795137,0.024464831804281273
2024-08-30,675,707,666,707,1086412,0.055223880597014885
2024-09-02,720,725,675,687,1137381,-0.028288543140028266
2024-09-03,691,691,655,673,792166,-0.020378457059679778
2024-09-04,667,720,653,678,979853,0.007429420505200568
2024-09-05,679,730,679,695,1139162,0.025073746312684442
2024-09-06,694,709,678,688,618551,-0.010071942446043147
2024-09-09,680,698,667,680,700362,-0.011627906976744207
2024-09-10,675,690,646,656,639562,-0.03529411764705881
2024-09-11,670,670,630,640,518274,-0.024390243902439046
2024-09-12,660,688,644,683,485783,0.06718749999999996
2024-09-13,682,714,668,681,778682,-0.002928257686676372
2024-09-19,699,699,662,663,480595,-0.026431718061673992
2024-09-20,663,676,647,654,474329,-0.013574660633484115
2024-09-23,654,654,614,615,639828,-0.059633027522935755
2024-09-24,628,631,603,617,366205,0.003252032520325132
2024-09-25,627,635,602,608,442769,-0.014586709886547866
2024-09-26,608,608,574,574,857536,-0.05592105263157898
2024-09-27,578,651,574,586,2220180,0.020905923344947785
2024-09-30,587,595,550,565,865418,-0.03583617747440271
2024-10-02,552,574,531,544,624749,-0.03716814159292037
2024-10-04,544,557,519,519,484587,-0.045955882352941124
2024-10-07,521,526,497,507,1194304,-0.023121387283236983
2024-10-08,501,516,490,499,790031,-0.015779092702169595
2024-10-10,505,506,445,467,1604100,-0.064128256513026
2024-10-11,440,489,418,433,2940748,-0.0728051391862955
2024-10-14,439,508,410,486,4097807,0.12240184757505768
2024-10-15,490,517,426,430,2742422,-0.1152263374485597
2024-10-16,0,0,0,430,0,0.0
2024-10-17,453,559,450,559,13541385,0.30000000000000004
2024-10-18,608,648,562,609,8591441,0.0894454382826475
2024-10-21,610,649,600,639,3441526,0.049261083743842304
2024-10-22,645,675,607,667,2357932,0.04381846635367759
2024-10-23,655,670,623,627,1361419,-0.05997001499250376
2024-10-24,654,719,620,684,4610092,0.09090909090909083
2024-10-25,662,674,640,654,895675,-0.04385964912280704
2024-10-28,654,697,651,676,1198176,0.033639143730886945
2024-10-29,685,685,625,633,2217794,-0.06360946745562135
2024-10-30,630,651,626,641,523274,0.012638230647709303
2024-10-31,634,650,630,649,730086,0.012480499219968744
2024-11-01,630,654,630,640,422164,-0.013867488443759624
2024-11-04,640,649,615,625,517790,-0.0234375
2024-11-05,625,648,612,635,364617,0.016000000000000014
2024-11-06,643,670,585,604,963496,-0.04881889763779523
2024-11-07,605,634,579,590,785893,-0.023178807947019875
2024-11-08,590,618,588,614,464750,0.04067796610169494
2024-11-11,614,624,596,602,425321,-0.019543973941368087
2024-11-12,602,603,571,591,412599,-0.01827242524916939
2024-11-13,592,630,585,597,450660,0.010152284263959421
2024-11-14,593,643,570,633,1102254,0.06030150753768848
2024-11-15,633,634,583,597,1133624,-0.056872037914691975
2024-11-18,586,596,561,576,853218,-0.035175879396984966
2024-11-19,581,600,575,595,330491,0.03298611111111116
2024-11-20,595,601,574,586,388305,-0.015126050420168013
2024-11-21,580,621,574,607,671713,0.03583617747440271
2024-11-22,615,624,580,586,654103,-0.034596375617792385
2024-11-25,587,597,567,577,532638,-0.015358361774744034
2024-11-26,578,614,565,603,816638,0.045060658578856216
2024-11-27,603,614,592,602,451575,-0.0016583747927031434
2024-11-28,602,635,592,604,882155,0.0033222591362125353
2024-11-29,601,630,600,624,565102,0.0331125827814569
2024-12-02,624,637,598,625,1004392,0.0016025641025640969
2024-12-03,591,633,582,622,965357,-0.0048000000000000265
2024-12-04,611,625,600,623,618964,0.001607717041800738
2024-12-05,653,809,651,809,7274878,0.2985553772070626
2024-12-06,933,951,803,833,6655078,0.02966625463535233
2024-12-09,840,846,723,742,3333579,-0.10924369747899154
2024-12-10,744,784,712,724,1675445,-0.02425876010781669
2024-12-11,725,748,713,722,1017766,-0.002762430939226568
2024-12-12,729,734,668,697,1310969,-0.03462603878116344
2024-12-13,760,779,672,703,1516682,0.008608321377331363
2024-12-16,700,700,592,624,2704616,-0.11237553342816498
2024-12-17,616,636,587,599,1371043,-0.04006410256410253
2024-12-18,615,668,602,654,1428623,0.09181969949916535
2024-12-19,651,651,619,637,774793,-0.025993883792048922
2024-12-20,630,641,621,627,438325,-0.015698587127158548
2024-12-23,627,663,624,632,775264,0.00797448165869219
2024-12-24,632,634,570,594,2215920,-0.060126582278481
2024-12-26,599,659,594,655,2392575,0.10269360269360273
2024-12-27,650,689,621,642,1299805,-0.01984732824427482
2024-12-30,637,645,611,641,705877,-0.0015576323987538387
2025-01-02,656,658,621,638,310760,-0.004680187207488307
2025-01-03,638,650,623,628,392604,-0.01567398119122254
2025-01-06,634,650,628,636,220137,0.01273885350318471
2025-01-07,636,647,631,644,337780,0.012578616352201255
2025-01-08,643,659,630,659,796451,0.02329192546583858
2025-01-09,658,662,626,638,510155,-0.03186646433990892
2025-01-10,629,644,623,628,218033,-0.01567398119122254
2025-01-13,628,658,623,637,606712,0.014331210191082855
2025-01-14,637,643,631,637,173387,0.0
2025-01-15,639,644,631,635,209615,-0.0031397174254317317
2025-01-16,635,643,600,635,360387,0.0
2025-01-17,629,637,618,630,260354,-0.007874015748031482
2025-01-20,630,636,602,614,549576,-0.025396825396825418
2025-01-21,610,615,580,599,1188349,-0.02442996742671011
2025-01-22,592,600,577,600,576813,0.0016694490818029983
2025-01-23,600,600,586,595,255867,-0.008333333333333304
2025-01-24,600,610,587,606,223580,0.018487394957983128
2025-01-31,615,641,593,615,615632,0.014851485148514865
2025-02-03,615,621,599,606,462374,-0.014634146341463428
2025-02-04,607,636,603,626,445216,0.03300330033003296
2025-02-05,626,632,590,608,455493,-0.028753993610223683
2025-02-06,608,611,593,605,208925,-0.004934210526315819
2025-02-07,605,610,590,605,498177,0.0
2025-02-10,605,605,583,600,339412,-0.008264462809917328
2025-02-11,598,609,585,596,249984,-0.00666666666666671
2025-02-12,602,658,596,653,1689515,0.09563758389261734
2025-02-13,652,660,600,616,912434,-0.05666156202143946
2025-02-14,615,624,596,600,386290,-0.025974025974025983
2025-02-17,600,604,590,594,422916,-0.010000000000000009
2025-02-18,594,606,586,604,380373,0.01683501683501687
2025-02-19,603,628,589,625,806361,0.0347682119205297
2025-02-20,625,637,600,611,953319,-0.022399999999999975
2025-02-21,606,606,584,593,841347,-0.029459901800327315
2025-02-24,582,591,565,581,664783,-0.0202360876897133
2025-02-25,580,586,573,583,222966,0.0034423407917383297
2025-02-26,590,620,586,603,746110,0.03430531732418518
2025-02-27,610,612,586,600,534888,-0.00497512437810943
2025-02-28,600,607,575,604,615918,0.006666666666666599
2025-03-04,604,616,594,606,666650,0.0033112582781456013
2025-03-05,604,607,598,603,183167,-0.004950495049504955
2025-03-06,605,606,595,600,319335,-0.00497512437810943
2025-03-07,600,600,585,595,213659,-0.008333333333333304
2025-03-10,595,602,589,596,123540,0.001680672268907557
2025-03-11,595,599,582,594,270386,-0.003355704697986628
2025-03-12,590,604,588,594,233860,0.0
2025-03-13,594,596,590,593,219337,-0.0016835016835017313
2025-03-14,590,616,583,610,560107,0.02866779089376048
2025-03-17,611,630,608,630,673716,0.032786885245901676
2025-03-18,628,735,625,704,2655510,0.11746031746031749
