Date,Open,High,Low,Close,Volume,Change
2022-01-03,4975,5070,4935,5020,172057,0.011077542799597273
2022-01-04,5040,5950,4960,5500,7039390,0.095617529880478
2022-01-05,5500,5550,5240,5250,1141057,-0.045454545454545414
2022-01-06,5170,5680,5150,5410,1752755,0.030476190476190546
2022-01-07,5380,5850,5300,5830,3284059,0.07763401109057311
2022-01-10,5650,5830,5520,5590,843355,-0.04116638078902235
2022-01-11,5590,5590,5300,5340,541474,-0.04472271914132375
2022-01-12,5350,5490,5260,5450,351985,0.020599250936329527
2022-01-13,5430,5580,5390,5570,417555,0.022018348623853212
2022-01-14,5450,5640,5440,5490,276600,-0.014362657091561926
2022-01-17,5490,5500,5240,5330,242773,-0.02914389799635697
2022-01-18,5330,5520,5240,5400,250376,0.013133208255159401
2022-01-19,5300,5470,5230,5350,223016,-0.0092592592592593
2022-01-20,5370,5410,5140,5390,199885,0.007476635514018781
2022-01-21,5350,5500,5290,5420,234699,0.005565862708719838
2022-01-24,5410,5410,5050,5070,256216,-0.06457564575645758
2022-01-25,5030,5110,4725,4825,287797,-0.0483234714003945
2022-01-26,4760,4950,4760,4870,122974,0.00932642487046631
2022-01-27,4880,4965,4700,4860,156906,-0.002053388090349051
2022-01-28,4845,4970,4700,4895,163823,0.007201646090535085
2022-02-03,4950,5060,4900,5000,109165,0.021450459652706755
2022-02-04,4995,5210,4975,5180,112108,0.03600000000000003
2022-02-07,5200,5240,5100,5200,70494,0.0038610038610038533
2022-02-08,5140,5290,5010,5140,122341,-0.011538461538461497
2022-02-09,5190,5240,5130,5150,73039,0.0019455252918287869
2022-02-10,5150,5200,5080,5090,55758,-0.011650485436893177
2022-02-11,5040,5090,4920,4920,85736,-0.03339882121807469
2022-02-14,4790,4950,4700,4760,110459,-0.03252032520325199
2022-02-15,4665,4830,4555,4600,111273,-0.03361344537815125
2022-02-16,4640,4850,4640,4815,75400,0.046739130434782616
2022-02-17,4900,4900,4580,4595,168380,-0.0456905503634476
2022-02-18,4500,4730,4490,4725,89270,0.028291621327529937
2022-02-21,4620,4700,4585,4650,40711,-0.015873015873015928
2022-02-22,4540,4640,4480,4480,99670,-0.03655913978494618
2022-02-23,4490,4715,4485,4695,221885,0.0479910714285714
2022-02-24,4620,4665,4400,4420,137177,-0.058572949946751884
2022-02-25,4455,4660,4455,4550,91740,0.02941176470588225
2022-02-28,4695,4720,4555,4620,37962,0.01538461538461533
2022-03-02,4620,4795,4580,4740,80936,0.025974025974025983
2022-03-03,4750,4915,4740,4785,92872,0.009493670886076
2022-03-04,4785,4920,4750,4790,76645,0.0010449320794148065
2022-03-07,4870,4870,4715,4755,97153,-0.007306889352818424
2022-03-08,4660,4750,4585,4625,86545,-0.02733964248159837
2022-03-10,4640,4700,4620,4620,48861,-0.00108108108108107
2022-03-11,4605,4690,4570,4660,56339,0.008658008658008587
2022-03-14,4625,4715,4590,4620,37208,-0.008583690987124415
2022-03-15,4710,5310,4710,4870,2639015,0.05411255411255422
2022-03-16,4895,4930,4830,4880,223594,0.002053388090349051
2022-03-17,4975,5040,4865,4880,273778,0.0
2022-03-18,4880,5050,4870,4965,241264,0.01741803278688514
2022-03-21,5060,5160,5020,5060,283894,0.019133937562940684
2022-03-22,5030,5260,4980,5200,315153,0.027667984189723382
2022-03-23,5230,5240,5110,5220,168896,0.0038461538461538325
2022-03-24,5210,5260,5100,5260,126132,0.00766283524904221
2022-03-25,5240,5280,5150,5180,137501,-0.01520912547528519
2022-03-28,5150,5440,5140,5400,981606,0.042471042471042386
2022-03-29,6010,6150,5410,5430,4859733,0.005555555555555536
2022-03-30,5380,5420,5060,5060,728190,-0.06813996316758753
2022-03-31,5020,5190,5020,5090,304019,0.005928853754940677
2022-04-01,5030,5100,4975,4995,287273,-0.018664047151277008
2022-04-04,4995,5090,4910,5090,198589,0.019019019019018923
2022-04-05,5090,5130,5030,5080,120890,-0.0019646365422396617
2022-04-06,5300,5440,5080,5160,719007,0.015748031496062964
2022-04-07,5090,6450,5090,6060,11618104,0.17441860465116288
2022-04-08,5830,6670,5450,5660,12354434,-0.06600660066006603
2022-04-11,6420,7270,6000,6700,30960295,0.18374558303886923
2022-04-12,6560,6740,6070,6180,6429299,-0.07761194029850749
2022-04-13,6200,7660,6200,6880,27319212,0.11326860841423958
2022-04-14,6610,6780,6310,6390,2479052,-0.07122093023255816
2022-04-15,6340,6390,6130,6310,2722806,-0.012519561815336422
2022-04-18,6780,6850,6190,6190,4689376,-0.019017432646592725
2022-04-19,6330,6600,6150,6460,2146182,0.043618739903069415
2022-04-20,6350,6360,6050,6060,1446521,-0.0619195046439629
2022-04-21,6000,6690,5920,6390,9243678,0.054455445544554504
2022-04-22,6210,7410,6130,7240,17314128,0.13302034428794984
2022-04-25,6770,6940,6700,6910,3349575,-0.045580110497237536
2022-04-26,6850,6930,6590,6590,1685462,-0.04630969609261937
2022-04-27,6670,7900,6430,7250,25790424,0.10015174506828539
2022-04-28,7050,7130,6600,6640,3888967,-0.08413793103448275
2022-04-29,6680,7200,6440,6640,10758409,0.0
2022-05-02,6640,6870,6490,6580,1429991,-0.009036144578313254
2022-05-03,6680,6890,6540,6580,2011315,0.0
2022-05-04,6670,7060,6210,6610,5014213,0.004559270516717229
2022-05-06,6820,7030,6410,6420,3078394,-0.02874432677760963
2022-05-09,6360,6470,5960,5960,901817,-0.07165109034267914
2022-05-10,5800,5830,5610,5770,610804,-0.03187919463087252
2022-05-11,5700,5840,5590,5600,667357,-0.029462738301559765
2022-05-12,5750,5910,5420,5430,1017676,-0.03035714285714286
2022-05-13,5500,5580,5340,5440,373950,0.0018416206261511192
2022-05-16,5740,6200,5630,5760,1250713,0.05882352941176472
2022-05-17,5710,6050,5660,6040,647242,0.04861111111111116
2022-05-18,6140,6410,6020,6060,1060980,0.0033112582781456013
2022-05-19,5870,6240,5840,6150,412074,0.014851485148514865
2022-05-20,6170,6310,6050,6240,355152,0.014634146341463428
2022-05-23,6240,6240,5960,6000,224355,-0.038461538461538436
2022-05-24,6030,6260,6020,6030,307907,0.004999999999999893
2022-05-25,6100,6250,6000,6170,270227,0.023217247097844007
2022-05-26,6210,6390,6140,6200,460096,0.004862236628849326
2022-05-27,6300,6520,6220,6440,755744,0.03870967741935494
2022-05-30,6440,6580,6340,6390,394458,-0.00776397515527949
2022-05-31,6420,6580,6340,6560,640965,0.026604068857589924
2022-06-02,6560,6770,6440,6700,621507,0.021341463414634054
2022-06-03,6660,6770,6590,6670,377403,-0.004477611940298498
2022-06-07,6670,6940,6590,6700,494985,0.004497751124437732
2022-06-08,6700,6970,6700,6880,658381,0.02686567164179099
2022-06-09,6780,7260,6400,6730,2825034,-0.021802325581395388
2022-06-10,6640,6730,6470,6520,421414,-0.031203566121842496
2022-06-13,6340,6470,6060,6250,544944,-0.04141104294478526
2022-06-14,6120,6300,6000,6200,392832,-0.008000000000000007
2022-06-15,6200,6260,5870,5880,322382,-0.05161290322580647
2022-06-16,5940,6360,5940,6100,504264,0.03741496598639449
2022-06-17,5950,6010,5760,5860,376502,-0.03934426229508192
2022-06-20,5950,5990,5420,5570,699257,-0.04948805460750849
2022-06-21,5870,6180,5680,5960,1431057,0.07001795332136451
2022-06-22,5990,6450,5780,5870,1384886,-0.015100671140939603
2022-06-23,5880,5990,5480,5650,674255,-0.03747870528109032
2022-06-24,5670,6350,5670,6010,4095502,0.06371681415929209
2022-06-27,6080,6500,6060,6490,1049255,0.0798668885191347
2022-06-28,7120,7140,6320,6400,2862538,-0.013867488443759624
2022-06-29,6410,6470,6240,6290,468946,-0.017187500000000022
2022-06-30,6340,6600,6110,6130,786936,-0.025437201907790197
2022-07-01,6150,6360,5820,5880,488426,-0.04078303425774876
2022-07-04,5950,5990,5530,5590,472261,-0.04931972789115646
2022-07-05,5730,6330,5710,6180,2290190,0.10554561717352406
2022-07-06,6670,7600,6450,7000,15239996,0.1326860841423949
2022-07-07,7040,7100,6790,7060,2173062,0.008571428571428674
2022-07-08,6990,7200,6860,7130,1936317,0.009915014164305846
2022-07-11,7070,7220,6910,6950,1432723,-0.02524544179523147
2022-07-12,6840,6940,6700,6840,800871,-0.015827338129496438
2022-07-13,6790,6800,6380,6480,1139215,-0.052631578947368474
2022-07-14,6430,6650,6380,6440,749908,-0.006172839506172867
2022-07-15,6450,6540,6080,6110,901023,-0.05124223602484468
2022-07-18,6170,6250,6080,6170,583872,0.009819967266775809
2022-07-19,6140,6220,6020,6050,894937,-0.01944894651539708
2022-07-20,6110,6380,6050,6330,913113,0.046280991735537125
2022-07-21,6340,6410,6220,6390,425011,0.009478672985782088
2022-07-22,6390,6390,6150,6150,418615,-0.03755868544600938
2022-07-25,6100,6350,6090,6350,359909,0.03252032520325199
2022-07-26,6290,6660,6230,6660,813799,0.04881889763779523
2022-07-27,6570,6820,6530,6690,673117,0.0045045045045044585
2022-07-28,6810,6950,6660,6850,836167,0.02391629297458886
2022-07-29,6770,6770,6500,6650,652497,-0.029197080291970767
2022-08-01,6650,7230,6560,7140,3146799,0.0736842105263158
2022-08-02,7090,7450,6950,7260,3278117,0.01680672268907557
2022-08-03,7750,9430,7320,9430,20357358,0.29889807162534443
2022-08-04,9950,10000,9060,9290,12985484,-0.014846235418875975
2022-08-05,9000,9340,8820,9220,3680807,-0.00753498385360607
2022-08-08,9120,9490,9030,9430,4933190,0.022776572668112838
2022-08-09,9220,9260,8770,8900,2223820,-0.056203605514316024
2022-08-10,8840,9830,8800,9450,10427599,0.061797752808988804
2022-08-11,9400,10250,9260,10100,8099515,0.06878306878306883
2022-08-12,9880,9950,9240,9300,2748434,-0.07920792079207917
2022-08-16,9300,9550,9070,9130,1786115,-0.018279569892473146
2022-08-17,9100,9220,8860,9010,1574398,-0.013143483023001057
2022-08-18,8960,9100,8820,9070,1163008,0.006659267480577213
2022-08-19,9000,9190,8490,8570,2070843,-0.055126791620727644
2022-08-22,8370,8530,7950,8060,2001864,-0.05950991831971997
2022-08-23,8000,8170,7840,8140,1664945,0.00992555831265518
2022-08-24,8140,8300,7910,8070,1239403,-0.008599508599508643
2022-08-25,8080,8430,8080,8280,1465515,0.026022304832713727
2022-08-26,8240,8310,7780,7850,1573196,-0.05193236714975846
2022-08-29,7550,7810,7520,7700,955625,-0.019108280254777066
2022-08-30,7710,7970,7690,7950,769126,0.032467532467532534
2022-08-31,8140,9000,8130,8610,9313251,0.08301886792452828
2022-09-01,8750,9120,8550,8680,4398081,0.008130081300812941
2022-09-02,8870,8930,8260,8260,1514315,-0.048387096774193505
2022-09-05,8120,8300,7980,8110,927548,-0.018159806295399483
2022-09-06,8110,8920,8070,8860,2714944,0.09247842170160303
2022-09-07,9000,9140,8690,9060,2821484,0.02257336343115135
2022-09-08,9120,9470,8910,9090,2785182,0.0033112582781456013
2022-09-13,9240,9360,8940,9150,1667694,0.0066006600660066805
2022-09-14,8820,9060,8690,9030,1054581,-0.013114754098360604
2022-09-15,9130,10050,8920,10000,6972520,0.10741971207087486
2022-09-16,9870,10750,9790,10200,6203255,0.020000000000000018
2022-09-19,10300,10300,8760,8800,3102302,-0.13725490196078427
2022-09-20,8900,9290,8860,9120,1498391,0.036363636363636376
2022-09-21,9090,9240,8500,8550,1793452,-0.0625
2022-09-22,8360,8800,8200,8730,1414356,0.021052631578947434
2022-09-23,8650,9060,8580,8640,1237512,-0.010309278350515427
2022-09-26,8430,8520,7830,7930,1124567,-0.08217592592592593
2022-09-27,7850,7990,7550,7910,835721,-0.0025220680958385477
2022-09-28,7950,8200,7090,7350,2092940,-0.07079646017699115
2022-09-29,7550,7910,7360,7360,1373512,0.0013605442176871652
2022-09-30,7250,7750,6910,7170,1534600,-0.025815217391304324
2022-10-04,7460,7890,7400,7790,928229,0.08647140864714076
2022-10-05,7840,7960,7260,7300,1347285,-0.06290115532734275
2022-10-06,7430,8100,7410,7850,2252068,0.07534246575342474
2022-10-07,7710,8000,7560,7640,1436184,-0.026751592356687892
2022-10-11,7400,7420,6850,6940,1113248,-0.09162303664921467
2022-10-12,7010,7090,6830,6910,653519,-0.004322766570605152
2022-10-13,6810,6850,6250,6280,1264638,-0.09117221418234445
2022-10-14,6580,6920,6480,6920,1010924,0.10191082802547768
2022-10-17,6660,6750,6280,6620,1776129,-0.043352601156069315
2022-10-18,6740,6840,6340,6550,1189615,-0.010574018126888185
2022-10-19,6620,6810,6440,6490,960272,-0.009160305343511421
2022-10-20,6610,6880,6440,6540,1408732,0.007704160246533087
2022-10-21,6510,6570,6160,6160,794751,-0.05810397553516822
2022-10-24,6310,6470,6180,6190,658000,0.004870129870129913
2022-10-25,6300,6300,5940,6030,675949,-0.02584814216478193
2022-10-26,6100,6150,5820,5860,503227,-0.028192371475953548
2022-10-27,5880,5950,5800,5850,452262,-0.0017064846416382506
2022-10-28,5800,5960,5690,5730,511962,-0.02051282051282055
2022-10-31,5840,5980,5760,5910,409838,0.03141361256544495
2022-11-01,5930,6370,5900,6340,1192781,0.07275803722504226
2022-11-02,6310,6320,6120,6230,391981,-0.017350157728706628
2022-11-03,6050,6370,6030,6300,364145,0.011235955056179803
2022-11-04,6270,6380,6180,6270,408559,-0.004761904761904745
2022-11-07,6330,6530,6280,6440,942039,0.027113237639553533
2022-11-08,6570,6570,6330,6340,648301,-0.01552795031055898
2022-11-09,6350,6530,6330,6360,592445,0.003154574132492094
2022-11-10,6330,6910,6270,6570,2829998,0.03301886792452824
2022-11-11,6720,6890,6550,6770,1701571,0.030441400304414
2022-11-14,6670,6790,6560,6610,698704,-0.02363367799113736
2022-11-15,6540,6660,6460,6610,533516,0.0
2022-11-16,6680,6700,6470,6630,427981,0.00302571860816947
2022-11-17,6660,6940,6580,6730,1342380,0.015082956259426794
2022-11-18,6740,6770,6520,6520,461841,-0.031203566121842496
2022-11-21,6540,6550,6220,6290,463765,-0.03527607361963192
2022-11-22,6250,6630,6250,6540,531324,0.03974562798092207
2022-11-23,6580,6690,6430,6640,418200,0.015290519877675823
2022-11-24,6670,6700,6570,6640,288107,0.0
2022-11-25,6630,6640,6500,6550,281498,-0.013554216867469826
2022-11-28,6550,6570,6200,6210,439474,-0.051908396946564905
2022-11-29,6110,6300,6090,6240,335737,0.004830917874396157
2022-11-30,6220,6270,6130,6260,182531,0.0032051282051281937
2022-12-01,6340,6430,6300,6360,238900,0.015974440894568787
2022-12-02,6340,6340,6120,6120,312316,-0.037735849056603765
2022-12-05,6120,6210,6050,6090,244175,-0.004901960784313708
2022-12-06,6030,6100,5890,5970,206098,-0.019704433497536922
2022-12-07,5860,6000,5830,5900,190176,-0.011725293132328285
2022-12-08,5880,5980,5710,5800,220949,-0.016949152542372836
2022-12-09,5810,5880,5600,5800,303819,0.0
2022-12-12,5860,5910,5620,5830,182081,0.005172413793103514
2022-12-13,5830,5920,5810,5840,128399,0.0017152658662091813
2022-12-14,5850,5970,5810,5970,101363,0.022260273972602773
2022-12-15,5940,6000,5810,5830,125613,-0.02345058626465657
2022-12-16,5690,5840,5670,5790,140165,-0.006861063464837058
2022-12-19,5800,5840,5690,5730,121444,-0.010362694300518172
2022-12-20,5670,5730,5500,5540,268080,-0.03315881326352532
2022-12-21,5540,5600,5490,5510,99869,-0.005415162454873612
2022-12-22,5550,5650,5530,5570,140083,0.010889292196007316
2022-12-23,5500,5510,5290,5290,261281,-0.050269299820466795
2022-12-26,5270,5360,5190,5260,140007,-0.005671077504725952
2022-12-27,5240,5410,5240,5400,119841,0.026615969581748944
2022-12-28,5380,5460,5250,5280,121088,-0.022222222222222254
2022-12-29,5230,5320,5050,5090,196829,-0.03598484848484851
2023-01-02,5060,5160,4965,4965,175815,-0.024557956777996104
2023-01-03,4965,5050,4770,5000,279180,0.007049345417925457
2023-01-04,4945,5200,4915,5160,201827,0.03200000000000003
2023-01-05,5160,5200,5010,5070,139566,-0.01744186046511631
2023-01-06,5020,5270,5020,5190,164169,0.023668639053254337
2023-01-09,5260,5780,5250,5430,944775,0.046242774566473965
2023-01-10,5440,5690,5410,5550,562931,0.022099447513812098
2023-01-11,5560,5630,5500,5570,148811,0.003603603603603567
2023-01-12,5600,5670,5530,5550,155144,-0.0035906642728904536
2023-01-13,5570,5760,5510,5560,448463,0.0018018018018017834
2023-01-16,5600,5650,5540,5540,160822,-0.003597122302158251
2023-01-17,5510,5590,5420,5460,146437,-0.014440433212996373
2023-01-18,5440,5540,5350,5430,181893,-0.005494505494505475
2023-01-19,5450,5510,5310,5400,136487,-0.0055248618784530246
2023-01-20,5400,5530,5340,5520,141707,0.022222222222222143
2023-01-25,5630,5650,5540,5570,211543,0.009057971014492683
2023-01-26,5550,5910,5550,5700,1092413,0.02333931777378817
2023-01-27,5750,5760,5640,5670,210681,-0.0052631578947368585
2023-01-30,5680,5800,5560,5580,293315,-0.015873015873015928
2023-01-31,5550,5900,5490,5780,856183,0.03584229390680993
2023-02-01,5860,5940,5640,5680,349532,-0.01730103806228378
2023-02-02,5750,5920,5680,5850,386590,0.029929577464788748
2023-02-03,5920,5920,5550,5600,609126,-0.042735042735042694
2023-02-06,5650,5710,5550,5650,242688,0.008928571428571397
2023-02-07,5650,5700,5610,5660,202658,0.001769911504424737
2023-02-08,5680,5810,5620,5780,334624,0.021201413427561766
2023-02-09,5770,5830,5670,5750,226287,-0.00519031141868509
2023-02-10,5730,6100,5650,6010,998578,0.045217391304347876
2023-02-13,6070,6190,5940,6000,935300,-0.0016638935108153063
2023-02-14,6040,6060,5880,5940,571812,-0.010000000000000009
2023-02-15,5860,5870,5490,5490,1309864,-0.0757575757575758
2023-02-16,5550,5560,5360,5410,528423,-0.014571948998178486
2023-02-17,5360,5450,5310,5390,225698,-0.003696857670979714
2023-02-20,5390,5520,5350,5480,246128,0.016697588126159513
2023-02-21,5460,5610,5460,5500,249840,0.0036496350364962904
2023-02-22,5660,7150,5610,7150,17888373,0.30000000000000004
2023-02-23,7040,7630,7020,7320,12774812,0.023776223776223793
2023-02-24,7250,7270,6710,6740,3779859,-0.0792349726775956
2023-02-27,6660,6900,6560,6820,2916844,0.011869436201780381
2023-02-28,6760,6860,6670,6670,1185242,-0.021994134897360684
2023-03-02,6740,6950,6700,6830,1627303,0.02398800599700146
2023-03-03,6900,6900,6620,6670,961160,-0.02342606149341142
2023-03-06,6730,6730,6510,6690,911556,0.0029985007496251548
2023-03-07,6700,6820,6550,6590,638394,-0.014947683109118093
2023-03-08,6530,6670,6430,6530,690826,-0.009104704097116834
2023-03-09,6850,6960,6470,6470,2524645,-0.009188361408882129
2023-03-10,6320,6500,6290,6290,507496,-0.02782071097372485
2023-03-13,6290,6400,6040,6290,591446,0.0
2023-03-14,6250,6270,5850,5900,524980,-0.062003179650238494
2023-03-15,5990,6270,5990,6190,560697,0.04915254237288136
2023-03-16,6270,6410,6090,6180,838088,-0.001615508885298822
2023-03-17,6630,7290,6430,6740,9996622,0.09061488673139162
2023-03-20,6890,7130,6680,6730,3137475,-0.0014836795252225476
2023-03-21,6850,6930,6650,6710,1075379,-0.002971768202080227
2023-03-22,6740,7050,6610,7030,1905257,0.04769001490312963
2023-03-23,7330,7840,7110,7210,8806568,0.02560455192034139
2023-03-24,7160,7330,6840,6840,1379772,-0.05131761442441052
2023-03-27,6780,6870,6660,6830,658531,-0.0014619883040936088
2023-03-28,7260,7390,6950,7050,1843274,0.03221083455344065
2023-03-29,7010,7320,6900,7230,1517756,0.025531914893617058
2023-03-30,7230,7250,6910,6970,962774,-0.03596127247579528
2023-03-31,6940,6960,6690,6700,616803,-0.038737446197991354
2023-04-03,6700,6840,6580,6800,406130,0.014925373134328401
2023-04-04,6800,6930,6750,6810,480988,0.0014705882352941124
2023-04-05,6810,6840,6690,6800,285180,-0.001468428781204123
2023-04-06,6780,6780,6330,6390,553076,-0.06029411764705883
2023-04-07,6420,6570,6330,6360,299998,-0.0046948356807511304
2023-04-10,6320,6380,6190,6240,419010,-0.018867924528301883
2023-04-11,6210,6450,6090,6440,425085,0.03205128205128216
2023-04-12,6450,6580,6330,6420,429076,-0.0031055900621117516
2023-04-13,6400,6520,6220,6490,377578,0.010903426791277315
2023-04-14,6510,6750,6490,6660,523059,0.026194144838212585
2023-04-17,6700,6870,6550,6800,516384,0.021021021021021102
2023-04-18,6850,6850,6650,6700,350002,-0.014705882352941124
2023-04-19,6670,6830,6610,6730,313262,0.004477611940298498
2023-04-20,6740,6800,6390,6400,462238,-0.04903417533432397
2023-04-21,6440,7260,6270,6370,6528136,-0.004687499999999956
2023-04-24,6400,6410,5950,5970,808818,-0.06279434850863419
2023-04-25,5980,6020,5600,5720,537026,-0.041876046901172526
2023-04-26,5670,5790,5540,5570,435749,-0.02622377622377625
2023-04-27,5580,5700,5460,5660,227674,0.016157989228007263
2023-04-28,5750,5790,5420,5440,309076,-0.03886925795053009
2023-05-02,5440,5680,5440,5640,155998,0.03676470588235303
2023-05-03,5580,5750,5530,5700,168536,0.010638297872340496
2023-05-04,5620,5770,5580,5630,146275,-0.012280701754386003
2023-05-08,5680,5850,5660,5720,155645,0.015985790408525657
2023-05-09,5710,5840,5610,5640,163072,-0.013986013986013957
2023-05-10,5600,5780,5540,5670,145630,0.005319148936170137
2023-05-11,5710,5860,5690,5740,215661,0.012345679012345734
2023-05-12,5780,5920,5660,5860,204223,0.020905923344947785
2023-05-15,5860,5880,5520,5540,371892,-0.05460750853242324
2023-05-16,5570,5590,5330,5330,274565,-0.03790613718411551
2023-05-17,5300,5460,5280,5410,138644,0.015009380863039379
2023-05-18,5500,5590,5460,5570,185487,0.02957486136783727
2023-05-19,5630,5750,5570,5700,221766,0.02333931777378817
2023-05-22,5650,5780,5650,5710,132473,0.0017543859649122862
2023-05-23,5730,5800,5680,5750,118750,0.007005253940455258
2023-05-24,5750,5790,5670,5700,121831,-0.008695652173912993
2023-05-25,5680,5800,5660,5660,129669,-0.007017543859649145
2023-05-26,5660,5690,5500,5530,150714,-0.02296819787985871
2023-05-30,5560,5670,5510,5660,142715,0.02350813743218816
2023-05-31,5560,5750,5560,5590,130013,-0.012367491166077715
2023-06-01,5650,5670,5510,5540,112700,-0.008944543828264706
2023-06-02,5540,5650,5540,5590,84762,0.00902527075812265
2023-06-05,5650,5890,5590,5780,295059,0.03398926654740597
2023-06-07,5850,5850,5720,5740,135603,-0.00692041522491349
2023-06-08,5790,5790,5620,5670,117507,-0.012195121951219523
2023-06-09,5710,5850,5620,5650,135797,-0.003527336860670194
2023-06-12,5700,5700,5550,5650,130658,0.0
2023-06-13,5650,5720,5610,5610,125302,-0.0070796460176991705
2023-06-14,5770,5770,5450,5460,219437,-0.0267379679144385
2023-06-15,5500,5530,5370,5470,125973,0.001831501831501825
2023-06-16,5470,5650,5470,5600,132436,0.02376599634369292
2023-06-19,5640,5880,5590,5780,432349,0.03214285714285725
2023-06-20,5780,5780,5680,5720,125439,-0.01038062283737029
2023-06-21,5690,5730,5590,5600,141477,-0.020979020979020935
2023-06-22,5570,5670,5530,5620,90106,0.0035714285714285587
2023-06-23,5660,5710,5510,5540,136677,-0.014234875444839812
2023-06-26,5590,5610,5470,5530,149176,-0.0018050541516245744
2023-06-27,5480,5540,5430,5440,132190,-0.016274864376130238
2023-06-28,5470,5510,5420,5430,160347,-0.0018382352941176405
2023-06-29,5430,5450,5180,5200,321835,-0.0423572744014733
2023-06-30,5200,5350,5150,5300,149923,0.019230769230769162
2023-07-03,5300,5590,5300,5540,308815,0.04528301886792452
2023-07-04,5540,5580,5410,5550,159617,0.0018050541516245744
2023-07-05,5560,5670,5530,5580,158981,0.00540540540540535
2023-07-06,5560,5580,5400,5400,185455,-0.032258064516129004
2023-07-07,5370,5450,5250,5290,134203,-0.020370370370370372
2023-07-10,5290,5550,5210,5440,225395,0.02835538752362954
2023-07-11,5440,5570,5440,5540,95575,0.018382352941176405
2023-07-12,5540,5750,5510,5650,440682,0.019855595667870096
2023-07-13,5680,5690,5560,5600,130445,-0.008849557522123908
2023-07-14,5610,5650,5460,5540,169090,-0.010714285714285676
2023-07-17,5540,5780,5460,5710,288837,0.03068592057761732
2023-07-18,5690,5750,5560,5590,133042,-0.021015761821365997
2023-07-19,5630,5700,5500,5590,153654,0.0
2023-07-20,5550,5650,5520,5630,87194,0.007155635062611854
2023-07-21,5560,5630,5520,5530,115502,-0.017761989342806372
2023-07-24,5510,5520,5220,5260,299709,-0.0488245931283906
2023-07-25,5220,5300,5050,5060,291562,-0.03802281368821292
2023-07-26,5040,5090,4600,4705,370735,-0.07015810276679846
2023-07-27,4610,4920,4610,4895,165455,0.040382571732199724
2023-07-28,4875,5060,4875,4995,82001,0.020429009193054126
2023-07-31,5090,5170,4935,5120,92518,0.025025025025025016
2023-08-01,5130,5210,5090,5150,67034,0.005859375
2023-08-02,5150,5210,5020,5070,58424,-0.01553398058252431
2023-08-03,5050,5090,4980,5070,70021,0.0
2023-08-04,5010,5150,4995,5100,61836,0.00591715976331364
2023-08-07,5110,5230,5060,5110,78723,0.0019607843137254832
2023-08-08,5180,5180,5040,5080,53139,-0.005870841487279899
2023-08-09,5120,5200,5070,5150,50132,0.013779527559055094
2023-08-10,5130,5150,5030,5040,68082,-0.021359223300970842
2023-08-11,5060,5450,5040,5290,421830,0.04960317460317465
2023-08-14,5290,5290,5170,5200,115511,-0.017013232514177745
2023-08-16,5510,5690,5280,5350,1984742,0.028846153846153744
2023-08-17,5290,5320,5130,5310,209383,-0.00747663551401867
2023-08-18,5250,5840,5180,5630,1516511,0.06026365348399243
2023-08-21,6120,6170,5550,5900,2059031,0.047957371225577194
2023-08-22,5690,5720,5420,5420,557063,-0.08135593220338988
2023-08-23,5420,5560,5330,5340,278763,-0.014760147601476037
2023-08-24,5340,5440,5320,5340,142470,0.0
2023-08-25,5300,5380,5260,5280,100834,-0.011235955056179803
2023-08-28,5280,5490,5200,5380,202562,0.018939393939394034
2023-08-29,5390,5480,5360,5440,133347,0.011152416356877248
2023-08-30,5490,5490,5410,5420,93474,-0.003676470588235281
2023-08-31,5430,5560,5380,5520,199903,0.01845018450184499
2023-09-01,5530,5580,5430,5500,167744,-0.0036231884057971175
2023-09-04,5520,5950,5520,5780,1315143,0.050909090909091015
2023-09-05,5710,5820,5630,5800,359639,0.0034602076124568004
2023-09-06,5740,5790,5640,5700,212549,-0.017241379310344862
2023-09-07,5710,5860,5500,5640,366938,-0.010526315789473717
2023-09-08,5660,5750,5610,5660,159415,0.0035460992907800915
2023-09-11,5710,5920,5670,5770,511296,0.019434628975264934
2023-09-12,5800,5810,5530,5570,188679,-0.03466204506065862
2023-09-13,5570,5580,5290,5300,245249,-0.04847396768402157
2023-09-14,5380,5410,5290,5390,102756,0.016981132075471805
2023-09-15,5390,5510,5390,5460,98606,0.01298701298701288
2023-09-18,5420,5500,5390,5410,116930,-0.009157509157509125
2023-09-19,5400,5440,5300,5330,102894,-0.014787430683918634
2023-09-20,5360,5380,5150,5260,150671,-0.013133208255159512
2023-09-21,5250,5260,5090,5090,126159,-0.03231939163498099
2023-09-22,5040,5180,5000,5110,106474,0.003929273084479323
2023-09-25,5050,5140,4990,5000,91341,-0.021526418786692814
2023-09-26,5010,5050,4880,4895,81866,-0.02100000000000002
2023-09-27,4820,5030,4820,5030,65498,0.027579162410623193
2023-10-04,5010,5020,4860,4870,89498,-0.031809145129224614
2023-10-05,4855,4915,4745,4775,150431,-0.019507186858316206
2023-10-06,4715,4860,4715,4830,43060,0.011518324607329822
2023-10-10,4800,4930,4750,4800,82663,-0.006211180124223614
2023-10-11,4805,4905,4805,4870,40112,0.014583333333333393
2023-10-12,4870,4950,4850,4945,42187,0.015400410677617993
2023-10-13,4895,4940,4850,4885,83429,-0.01213346814964611
2023-10-16,4810,4885,4740,4770,75070,-0.023541453428863823
2023-10-17,4785,4875,4785,4860,41257,0.018867924528301883
2023-10-18,4860,4890,4850,4875,34009,0.0030864197530864335
2023-10-19,4775,4830,4705,4725,81999,-0.03076923076923077
2023-10-20,4660,4695,4500,4565,133909,-0.033862433862433816
2023-10-23,4510,4615,4510,4555,50413,-0.0021905805038334725
2023-10-24,4535,4695,4455,4675,127498,0.026344676180021898
2023-10-25,4695,4770,4675,4735,53760,0.012834224598930577
2023-10-26,4680,4680,4565,4605,103806,-0.02745512143611406
2023-10-27,4605,4730,4535,4690,56193,0.018458197611292082
2023-10-30,4690,4770,4670,4760,51950,0.014925373134328401
2023-10-31,4760,4780,4635,4705,56368,-0.011554621848739455
2023-11-01,4675,4855,4675,4790,89695,0.018065887353878818
2023-11-02,4820,4930,4815,4900,59702,0.022964509394572064
2023-11-03,4950,4950,4850,4925,50057,0.005102040816326481
2023-11-06,4925,5000,4920,5000,78776,0.015228426395939021
2023-11-07,5000,5000,4870,4965,62316,-0.007000000000000006
2023-11-08,4965,5000,4950,4970,38349,0.001007049345417954
2023-11-09,4950,5010,4915,4975,42489,0.001006036217303885
2023-11-10,4965,4965,4880,4945,35611,-0.0060301507537688925
2023-11-13,4945,4945,4820,4835,27358,-0.022244691607684497
2023-11-14,4830,5080,4800,4940,66186,0.02171664943123064
2023-11-15,4945,5060,4940,5040,85531,0.020242914979757165
2023-11-16,5040,5070,4955,5030,35249,-0.001984126984126977
2023-11-17,4990,5050,4875,4910,52749,-0.02385685884691846
2023-11-20,4900,5000,4885,4985,55715,0.015274949083503131
2023-11-21,4980,5030,4980,4980,45371,-0.0010030090270812808
2023-11-22,4960,5040,4920,5010,52807,0.006024096385542244
2023-11-23,5070,5110,5000,5030,70341,0.003992015968063978
2023-11-24,5060,5060,4985,5000,20712,-0.005964214711729587
2023-11-27,5000,5020,4930,4960,35582,-0.008000000000000007
2023-11-28,4930,5020,4915,4950,68725,-0.0020161290322581182
2023-11-29,4945,4975,4895,4895,64508,-0.011111111111111072
2023-11-30,4895,4925,4830,4830,65401,-0.013278855975485171
2023-12-01,4845,4855,4755,4780,87741,-0.010351966873705987
2023-12-04,4780,4875,4740,4840,70033,0.012552301255230214
2023-12-05,4795,4865,4735,4750,66011,-0.018595041322314043
2023-12-06,4725,4765,4700,4745,51230,-0.001052631578947416
2023-12-07,4720,4765,4680,4720,43158,-0.005268703898840932
2023-12-08,4770,4780,4715,4760,40374,0.008474576271186418
2023-12-11,4760,4835,4760,4830,44720,0.014705882352941124
2023-12-12,4795,4865,4790,4865,42886,0.007246376811594235
2023-12-13,4865,4865,4805,4840,49240,-0.005138746145940343
2023-12-14,4840,4890,4805,4855,40510,0.0030991735537189147
2023-12-15,4855,4930,4825,4900,55773,0.009268795056642576
2023-12-18,4900,4985,4875,4965,59734,0.013265306122449028
2023-12-19,4965,4985,4900,4980,49109,0.0030211480362538623
2023-12-20,4990,4990,4905,4970,78363,-0.002008032128514081
2023-12-21,4960,5030,4925,4990,83088,0.004024144869215318
2023-12-22,4990,4990,4930,4980,55592,-0.002004008016032066
2023-12-26,4980,5000,4925,4950,78252,-0.0060240963855421326
2023-12-27,4925,4975,4900,4920,53963,-0.0060606060606061
2023-12-28,4925,4980,4890,4940,59031,0.004065040650406582
2024-01-02,4940,5040,4890,5000,78708,0.012145748987854255
2024-01-03,4965,5020,4945,4990,46158,-0.0020000000000000018
2024-01-04,5030,5030,4915,4930,60687,-0.012024048096192397
2024-01-05,4905,4930,4865,4900,58617,-0.006085192697768749
2024-01-08,4905,4920,4860,4895,40001,-0.0010204081632653184
2024-01-09,4895,4975,4895,4895,59159,0.0
2024-01-10,4895,5010,4895,4980,67949,0.01736465781409602
2024-01-11,5000,5050,4965,5000,59404,0.004016064257028162
2024-01-12,5000,5080,4960,4970,68230,-0.006000000000000005
2024-01-15,4980,4990,4900,4955,47608,-0.003018108651911433
2024-01-16,4930,5050,4920,4990,62879,0.007063572149344166
2024-01-17,5040,5040,4760,4820,126449,-0.034068136272545124
2024-01-18,4790,4850,4760,4820,40357,0.0
2024-01-19,4790,4895,4790,4885,35763,0.013485477178423189
2024-01-22,4885,4905,4760,4800,97379,-0.017400204708290734
2024-01-23,4810,4820,4675,4740,78706,-0.012499999999999956
2024-01-24,4740,4745,4630,4635,83092,-0.022151898734177222
2024-01-25,4635,4655,4550,4610,58088,-0.005393743257820938
2024-01-26,4605,4725,4585,4655,89164,0.009761388286334105
2024-01-29,4635,4685,4595,4605,57609,-0.01074113856068748
2024-01-30,4630,4685,4580,4630,57125,0.005428881650380024
2024-01-31,4595,4675,4595,4605,49851,-0.005399568034557212
2024-02-01,4630,4630,4550,4615,45316,0.0021715526601520097
2024-02-02,4625,4715,4620,4705,46489,0.019501625135427858
2024-02-05,4740,4795,4705,4790,65527,0.018065887353878818
2024-02-06,4805,4830,4740,4785,39138,-0.0010438413361169019
2024-02-07,4760,4810,4755,4800,26379,0.0031347962382444194
2024-02-08,4840,4840,4730,4795,49123,-0.0010416666666667185
2024-02-13,4760,4880,4760,4850,57294,0.011470281543274341
2024-02-14,4845,4845,4765,4815,125917,-0.007216494845360799
2024-02-15,4795,4875,4780,4835,46294,0.004153686396677125
2024-02-16,4860,4860,4790,4815,34649,-0.004136504653567741
2024-02-19,4825,4855,4780,4850,58085,0.007268951194184803
2024-02-20,4865,4865,4790,4805,33736,-0.009278350515463885
2024-02-21,4775,4830,4750,4795,53726,-0.002081165452653466
2024-02-22,4805,4805,4745,4765,75434,-0.006256517205422307
2024-02-23,4755,4765,4665,4685,84837,-0.016789087093389332
2024-02-26,4680,4680,4630,4665,32543,-0.004268943436499417
2024-02-27,4670,4675,4575,4585,62707,-0.017148981779206873
2024-02-28,4605,4665,4600,4645,26044,0.013086150490730697
2024-02-29,4650,4715,4580,4695,48184,0.010764262648008671
2024-03-04,4695,4715,4640,4685,28644,-0.0021299254526091493
2024-03-05,4655,4710,4635,4670,59192,-0.0032017075773745907
2024-03-06,4640,4685,4610,4650,59897,-0.004282655246252709
2024-03-07,4640,4665,4580,4595,60059,-0.011827956989247324
2024-03-08,4575,4630,4535,4595,79854,0.0
2024-03-11,4590,4595,4545,4555,31257,-0.008705114254624613
2024-03-12,4545,4570,4525,4530,41752,-0.005488474204171201
2024-03-13,4580,4580,4510,4550,36156,0.004415011037527616
2024-03-14,4555,4725,4510,4705,138332,0.03406593406593417
2024-03-15,4705,4705,4640,4690,55430,-0.0031880977683315104
2024-03-18,4670,4720,4650,4675,60506,-0.0031982942430703876
2024-03-19,4655,4685,4625,4675,70907,0.0
2024-03-20,4675,4695,4615,4625,53869,-0.010695187165775444
2024-03-21,4670,4675,4600,4620,57013,-0.00108108108108107
2024-03-22,4625,4645,4585,4630,72733,0.0021645021645022577
2024-03-25,4605,4640,4605,4625,31030,-0.001079913606911398
2024-03-26,4650,4660,4580,4605,51105,-0.00432432432432428
2024-03-27,4700,4995,4645,4660,1875154,0.011943539630836053
2024-03-28,4660,4700,4645,4655,85481,-0.0010729613733905241
2024-03-29,4650,4665,4605,4615,77542,-0.008592910848549962
2024-04-01,4615,4645,4600,4635,52810,0.004333694474539573
2024-04-02,4545,4585,4515,4520,104919,-0.02481121898597627
2024-04-03,4505,4520,4435,4460,96405,-0.013274336283185861
2024-04-04,4465,4475,4415,4450,94944,-0.0022421524663677195
2024-04-05,4455,4465,4420,4450,55020,0.0
2024-04-08,4425,4525,4410,4410,71088,-0.008988764044943864
2024-04-09,4480,4480,4410,4445,29730,0.007936507936507908
2024-04-11,4445,4470,4415,4445,20206,0.0
2024-04-12,4445,4500,4395,4430,60052,-0.003374578177727794
2024-04-15,4410,4440,4365,4395,33401,-0.007900677200902928
2024-04-16,4350,4400,4335,4335,50108,-0.013651877133105783
2024-04-17,4310,4400,4310,4325,30387,-0.0023068050749711633
2024-04-18,4330,4440,4320,4420,52330,0.021965317919075078
2024-04-19,4390,4475,4335,4420,61566,0.0
2024-04-22,4410,4470,4395,4430,46518,0.002262443438914019
2024-04-23,4420,4515,4420,4515,90123,0.019187358916478603
2024-04-24,4530,4575,4510,4570,74692,0.012181616832779518
2024-04-25,4550,4595,4530,4555,31190,-0.003282275711159688
2024-04-26,4550,4570,4510,4555,40467,0.0
2024-04-29,4555,4590,4535,4575,53217,0.004390779363337094
2024-04-30,4545,4650,4545,4620,46950,0.009836065573770592
2024-05-02,4600,4630,4570,4615,36404,-0.0010822510822511289
2024-05-03,4610,4680,4545,4575,185863,-0.008667388949079036
2024-05-07,4575,4595,4555,4580,41387,0.0010928961748633004
2024-05-08,4575,4665,4565,4650,61597,0.015283842794759916
2024-05-09,4615,4690,4615,4650,33954,0.0
2024-05-10,4680,4680,4580,4640,31382,-0.0021505376344086446
2024-05-13,4640,4910,4630,4910,474455,0.0581896551724137
2024-05-14,4840,5370,4815,5260,1209305,0.07128309572301417
2024-05-16,5360,5700,5320,5570,932510,0.05893536121673004
2024-05-17,5530,5560,5290,5390,207522,-0.032315978456014416
2024-05-20,5740,5930,5590,5710,1133033,0.05936920222634501
2024-05-21,5800,6000,5750,5860,741413,0.02626970227670755
2024-05-22,5860,5900,5690,5790,207565,-0.011945392491467532
2024-05-23,5660,5840,5450,5800,289965,0.0017271157167531026
2024-05-24,5800,5940,5630,5780,153861,-0.0034482758620689724
2024-05-27,5820,5840,5590,5740,273547,-0.00692041522491349
2024-05-28,5850,5910,5720,5780,231238,0.006968641114982521
2024-05-29,5780,5830,5400,5440,394066,-0.05882352941176472
2024-05-30,5510,5510,5290,5300,223378,-0.02573529411764708
2024-05-31,5370,5460,5240,5280,177075,-0.0037735849056603765
2024-06-03,5290,5500,5260,5370,107203,0.017045454545454586
2024-06-04,5400,5410,5200,5310,135251,-0.011173184357541888
2024-06-05,5360,5360,5090,5260,105133,-0.00941619585687381
2024-06-07,5280,5370,5250,5330,56640,0.013307984790874583
2024-06-10,5310,5370,5220,5360,49786,0.0056285178236397115
2024-06-11,5450,5450,5080,5180,128081,-0.03358208955223885
2024-06-12,5180,5220,5080,5210,95166,0.005791505791505891
2024-06-13,5180,5250,5130,5230,77629,0.0038387715930903177
2024-06-14,5230,5340,5160,5320,74114,0.017208413001912115
2024-06-17,5320,5320,5140,5210,112768,-0.020676691729323293
2024-06-18,5220,5220,5110,5180,42975,-0.0057581573896353655
2024-06-19,5180,5260,5100,5240,64795,0.01158301158301156
2024-06-20,5270,5300,5220,5280,40647,0.007633587786259444
2024-06-21,5280,5310,5100,5250,84992,-0.005681818181818232
2024-06-24,5210,5280,5140,5240,61577,-0.0019047619047618536
2024-06-25,5240,5500,5230,5410,190035,0.03244274809160297
2024-06-26,5400,5440,5310,5370,82948,-0.007393715341959317
2024-06-27,5400,5470,5360,5440,66590,0.013035381750465591
2024-06-28,5450,5510,5290,5340,68073,-0.018382352941176516
2024-07-01,5310,5430,5290,5350,44988,0.001872659176029856
2024-07-02,5350,5400,5200,5340,102661,-0.0018691588785046953
2024-07-03,5370,5400,5140,5180,96630,-0.029962546816479363
2024-07-04,5200,5200,5000,5150,75053,-0.00579150579150578
2024-07-05,5170,5170,5010,5010,74098,-0.027184466019417486
2024-07-08,5040,5160,5010,5130,71148,0.0239520958083832
2024-07-09,5130,5160,4995,5100,95264,-0.005847953216374324
2024-07-10,5120,5190,5050,5170,51075,0.013725490196078383
2024-07-11,5170,5170,5060,5090,45204,-0.015473887814313358
2024-07-12,5090,5100,5030,5090,42610,0.0
2024-07-15,5100,5160,5030,5160,55313,0.013752455795677854
2024-07-16,5160,5310,5090,5280,68493,0.023255813953488413
2024-07-17,5580,6090,5390,6020,2181413,0.14015151515151514
2024-07-18,6080,6100,5700,5770,533615,-0.0415282392026578
2024-07-19,5770,5770,5490,5590,387811,-0.03119584055459268
2024-07-22,5540,5660,5370,5610,319500,0.003577817531305927
2024-07-23,5600,5690,5550,5570,150283,-0.007130124777183555
2024-07-24,5570,5610,5460,5540,96120,-0.0053859964093356805
2024-07-25,5410,5470,5250,5270,142213,-0.04873646209386284
2024-07-26,5280,5610,5280,5560,190608,0.05502846299810238
2024-07-29,5620,5680,5510,5660,80385,0.017985611510791477
2024-07-30,5700,5700,5470,5520,76176,-0.02473498233215543
2024-07-31,5520,5570,5420,5560,51649,0.007246376811594235
2024-08-01,5530,5650,5440,5600,94458,0.007194244604316502
2024-08-02,5510,5510,5250,5290,139751,-0.05535714285714288
2024-08-05,5200,5200,4510,4700,344697,-0.11153119092627595
2024-08-06,4700,4935,4595,4660,314358,-0.008510638297872353
2024-08-07,4675,4920,4660,4920,94426,0.05579399141630903
2024-08-08,4870,4895,4735,4870,68410,-0.010162601626016232
2024-08-09,4975,5110,4885,5050,93721,0.03696098562628336
2024-08-12,5060,5150,5000,5100,56828,0.00990099009900991
2024-08-13,5060,5140,5010,5130,64968,0.00588235294117645
2024-08-14,5160,5430,4980,5030,294493,-0.01949317738791423
2024-08-16,5100,5120,4905,4955,236595,-0.01491053677932408
2024-08-19,4970,5020,4845,4860,146056,-0.019172552976791102
2024-08-20,4920,4935,4780,4845,146813,-0.0030864197530864335
2024-08-21,4825,4830,4665,4770,203436,-0.015479876160990669
2024-08-22,4815,4870,4720,4820,152072,0.01048218029350112
2024-08-23,4730,4840,4705,4810,124472,-0.0020746887966804906
2024-08-26,4810,4810,4660,4670,145747,-0.029106029106029108
2024-08-27,4640,4775,4590,4740,107756,0.01498929336188426
2024-08-28,4710,4755,4645,4680,79528,-0.012658227848101222
2024-08-29,4620,4655,4575,4590,71299,-0.019230769230769273
2024-08-30,4600,4690,4595,4675,30887,0.0185185185185186
2024-09-02,4675,4675,4550,4555,72729,-0.025668449197860932
2024-09-03,4555,4585,4420,4420,158200,-0.029637760702524663
2024-09-04,4335,4365,4155,4205,227547,-0.04864253393665163
2024-09-05,4200,4300,4115,4125,119385,-0.019024970273483932
2024-09-06,4150,4150,3950,4000,167559,-0.030303030303030276
2024-09-09,3925,4035,3910,4000,102685,0.0
2024-09-10,4000,4055,3965,3965,57923,-0.008750000000000036
2024-09-11,3930,4045,3930,4015,34673,0.01261034047919285
2024-09-12,4035,4105,4035,4100,33393,0.021170610211706187
2024-09-13,4135,4170,4100,4170,54460,0.017073170731707332
2024-09-19,4145,4190,4075,4170,45615,0.0
2024-09-20,4185,4270,4145,4180,67754,0.0023980815347721673
2024-09-23,4180,4200,4140,4150,26554,-0.0071770334928229484
2024-09-24,4140,4175,4120,4170,14112,0.004819277108433662
2024-09-25,4195,4205,4155,4175,27488,0.0011990407673860837
2024-09-26,4195,4280,4150,4280,24393,0.025149700598802394
2024-09-27,4280,4290,4230,4285,40394,0.001168224299065379
2024-09-30,4290,4300,4200,4230,31296,-0.012835472578763163
2024-10-02,4160,4225,4100,4160,27299,-0.01654846335697402
2024-10-04,4165,4190,4105,4140,30308,-0.004807692307692291
2024-10-07,4165,4225,4120,4215,30335,0.018115942028985588
2024-10-08,4210,4215,4160,4215,19997,0.0
2024-10-10,4400,4545,4335,4370,394773,0.03677342823250296
2024-10-11,4350,4395,4280,4330,50351,-0.009153318077803174
2024-10-14,4330,4345,4270,4300,45835,-0.006928406466512715
2024-10-15,4280,4320,4255,4305,37125,0.0011627906976743319
2024-10-16,4305,4305,4220,4250,44726,-0.012775842044134733
2024-10-17,4300,4305,4230,4255,28293,0.0011764705882353343
2024-10-18,4255,4275,4155,4170,45746,-0.0199764982373678
2024-10-21,4140,4210,4140,4195,21664,0.005995203836930418
2024-10-22,4120,4195,4000,4100,123033,-0.022646007151370662
2024-10-23,4120,4135,4035,4110,40494,0.0024390243902439046
2024-10-24,4110,4110,4010,4010,46647,-0.024330900243308973
2024-10-25,4035,4055,3910,3970,68975,-0.009975062344139696
2024-10-28,3950,4050,3950,4050,25945,0.02015113350125941
2024-10-29,4045,4060,3995,4025,24869,-0.006172839506172867
2024-10-30,4025,4065,4000,4025,32681,0.0
2024-10-31,4000,4055,4000,4055,19372,0.007453416149068248
2024-11-01,4045,4050,3995,4045,16028,-0.002466091245376112
2024-11-04,4030,4070,4010,4060,30702,0.003708281829418958
2024-11-05,4040,4090,4035,4090,22486,0.00738916256157629
2024-11-06,4090,4135,4055,4100,31607,0.0024449877750611915
2024-11-07,4100,4350,4075,4195,354694,0.023170731707317094
2024-11-08,4170,4205,4135,4175,41105,-0.004767580452920139
2024-11-11,4200,4230,4115,4160,54217,-0.003592814371257469
2024-11-12,4140,4160,3970,3970,82688,-0.04567307692307687
2024-11-13,3930,3990,3760,3835,128865,-0.03400503778337527
2024-11-14,3820,3830,3440,3485,502736,-0.09126466753585394
2024-11-15,3455,3615,3410,3560,195854,0.021520803443328518
2024-11-18,3560,3635,3480,3510,126192,-0.014044943820224698
2024-11-19,3490,3575,3490,3540,62791,0.008547008547008517
2024-11-20,3570,3655,3560,3640,87904,0.02824858757062154
2024-11-21,3655,3655,3500,3560,128379,-0.02197802197802201
2024-11-22,3580,3735,3550,3725,136794,0.0463483146067416
2024-11-25,3745,3810,3675,3770,67298,0.012080536912751683
2024-11-26,3770,3780,3690,3765,35547,-0.0013262599469495706
2024-11-27,3735,3785,3705,3735,28902,-0.007968127490039834
2024-11-28,3740,3820,3715,3800,42353,0.01740294511378848
2024-11-29,3770,3775,3680,3715,33953,-0.022368421052631593
2024-12-02,3710,3820,3630,3640,30675,-0.020188425302826385
2024-12-03,3600,3730,3600,3720,39943,0.0219780219780219
2024-12-04,3640,3725,3610,3650,51923,-0.018817204301075252
2024-12-05,3665,3670,3590,3590,35137,-0.016438356164383605
2024-12-06,3580,3595,3425,3550,51495,-0.011142061281337101
2024-12-09,3455,3550,3335,3375,63460,-0.04929577464788737
2024-12-10,3355,3560,3355,3540,40621,0.04888888888888898
2024-12-11,3515,3690,3510,3690,54241,0.04237288135593231
2024-12-12,3690,3695,3610,3660,37239,-0.008130081300813052
2024-12-13,3680,3710,3645,3660,12265,0.0
2024-12-16,3680,3800,3660,3780,48213,0.032786885245901676
2024-12-17,3795,3840,3705,3830,46953,0.013227513227513255
2024-12-18,3830,3905,3780,3855,44471,0.006527415143603221
2024-12-19,3735,3840,3730,3820,29223,-0.009079118028534339
2024-12-20,3825,3825,3705,3815,24475,-0.0013089005235602524
2024-12-23,3775,3870,3775,3840,34145,0.006553079947575258
2024-12-24,3840,3930,3790,3900,137056,0.015625
2024-12-26,3900,4020,3845,3990,178942,0.023076923076922995
2024-12-27,3960,4040,3870,3910,105593,-0.020050125313283207
2024-12-30,3875,3940,3855,3910,34269,0.0
2025-01-02,3910,4235,3900,4190,327946,0.07161125319693085
