Date,Open,High,Low,Close,Volume,Change
2022-01-03,183000,188100,179800,183900,1398879,0.033726812816188945
2022-01-04,182400,182900,168000,169200,1834411,-0.07993474714518756
2022-01-05,166200,166300,155100,156600,1627292,-0.07446808510638303
2022-01-06,150400,153700,138000,138200,2502052,-0.11749680715197952
2022-01-07,142400,155800,141800,150800,2442531,0.09117221418234434
2022-01-10,144000,153600,143700,151500,1135945,0.004641909814323553
2022-01-11,149000,149000,128000,138100,4228394,-0.08844884488448845
2022-01-12,143200,150800,135900,146000,2503030,0.05720492396813892
2022-01-13,148000,149500,140200,143100,1055622,-0.019863013698630083
2022-01-14,134500,138700,131100,137000,1160093,-0.04262753319357093
2022-01-17,135300,141300,134200,137800,632229,0.005839416058394109
2022-01-18,137800,141100,129000,129900,1205110,-0.05732946298984032
2022-01-19,131800,133700,125900,129400,954900,-0.0038491147036181506
2022-01-20,130900,138500,129500,138500,955399,0.07032457496136013
2022-01-21,135400,141300,134000,137000,946942,-0.010830324909747335
2022-01-24,136500,136500,125000,128800,1043646,-0.05985401459854012
2022-01-25,131600,133000,121700,123000,1364028,-0.045031055900621064
2022-01-26,128200,138900,127200,133400,2076219,0.08455284552845521
2022-01-27,133400,134100,124800,126600,964684,-0.050974512743628186
2022-01-28,128700,128800,106500,116400,2404141,-0.08056872037914697
2022-02-03,118600,123800,115500,116200,1107066,-0.0017182130584192379
2022-02-04,115500,134300,113600,134200,1774016,0.15490533562822728
2022-02-07,136700,143000,131000,136400,1305822,0.016393442622950838
2022-02-08,137700,149000,134500,144400,1892372,0.058651026392961825
2022-02-09,151200,153200,143500,149900,2185583,0.03808864265927969
2022-02-10,124500,133500,106400,106600,6041557,-0.2888592394929953
2022-02-11,101000,104700,95800,95800,4010040,-0.10131332082551592
2022-02-14,94500,99100,93800,97000,2135348,0.012526096033402823
2022-02-15,97700,101100,96400,97000,1184323,0.0
2022-02-16,102000,111600,98800,108700,2857423,0.12061855670103094
2022-02-17,109600,113800,105000,108200,1855086,-0.004599816007359703
2022-02-18,105100,110600,103900,108400,1008475,0.001848428835489857
2022-02-21,105000,107300,102800,105500,769886,-0.026752767527675303
2022-02-22,101500,104400,99300,100600,800545,-0.04644549763033179
2022-02-23,103200,105200,101200,102500,601098,0.018886679920477212
2022-02-24,100900,103100,98700,98900,698464,-0.035121951219512226
2022-02-25,102600,103800,100700,101900,605393,0.030333670374115274
2022-02-28,103100,111500,103000,109100,1265186,0.07065750736015697
2022-03-02,111300,112300,106400,109200,748585,0.0009165902841430373
2022-03-03,111700,111700,107200,108600,609291,-0.005494505494505475
2022-03-04,107700,108000,101500,102200,810054,-0.05893186003683237
2022-03-07,98700,101800,98600,99800,553430,-0.023483365949119372
2022-03-08,98000,102500,97400,101400,563380,0.01603206412825653
2022-03-10,104800,105600,102100,103400,747154,0.019723865877712132
2022-03-11,103200,104500,101400,103700,400499,0.0029013539651836506
2022-03-14,103700,103700,97200,97900,594865,-0.055930568948891035
2022-03-15,97800,98700,93200,94200,528608,-0.037793667007150145
2022-03-16,95800,97000,91200,94900,624782,0.007430997876857859
2022-03-17,97900,101000,97100,100300,764987,0.05690200210748153
2022-03-18,102000,102000,97600,102000,789957,0.016949152542372836
2022-03-21,101800,101800,99100,99500,329401,-0.02450980392156865
2022-03-22,99500,104700,98900,103000,676622,0.035175879396984966
2022-03-23,104200,108200,103000,103300,810454,0.002912621359223211
2022-03-24,102700,107800,101500,107300,687744,0.038722168441432725
2022-03-25,109200,109200,102200,102600,733586,-0.04380242311276794
2022-03-28,101300,102600,99300,99900,453508,-0.02631578947368418
2022-03-29,101400,102500,99500,100300,293703,0.004004004004003914
2022-03-30,100800,102400,99700,100000,360857,-0.0029910269192422456
2022-03-31,101500,105000,100500,103500,602677,0.03499999999999992
2022-04-01,103000,103000,100200,100600,343583,-0.02801932367149762
2022-04-04,100600,103800,98000,103300,541550,0.026838966202783254
2022-04-05,104200,107300,103500,105700,619704,0.023233301064859546
2022-04-06,104000,113500,103300,107800,1596719,0.019867549668874274
2022-04-07,106100,106100,101400,101600,767726,-0.0575139146567718
2022-04-08,103200,103200,99200,99900,557350,-0.0167322834645669
2022-04-11,99000,100800,96300,97100,503204,-0.028028028028028062
2022-04-12,95300,96100,85700,85800,1668990,-0.11637487126673529
2022-04-13,85800,87200,82600,85000,732028,-0.009324009324009341
2022-04-14,87100,91400,86100,89100,863384,0.048235294117647154
2022-04-15,87100,90400,85900,88200,465808,-0.010101010101010055
2022-04-18,87300,87900,85200,85200,409323,-0.03401360544217691
2022-04-19,86200,87200,84700,85000,413402,-0.0023474178403756207
2022-04-20,85800,86600,84500,84500,305016,-0.00588235294117645
2022-04-21,84600,85300,82900,83500,362097,-0.011834319526627168
2022-04-22,82100,83100,80200,82100,474037,-0.016766467065868262
2022-04-25,80500,81900,79800,79800,373407,-0.028014616321559105
2022-04-26,80700,83400,80300,81000,368611,0.015037593984962516
2022-04-27,77600,80000,76900,78100,583180,-0.03580246913580243
2022-04-28,79200,79400,76400,77500,307930,-0.007682458386683688
2022-04-29,77900,78700,75600,77600,440017,0.001290322580645098
2022-05-02,75000,78900,74000,78100,491783,0.006443298969072142
2022-05-03,78600,82800,77200,81000,502291,0.03713188220230479
2022-05-04,80700,82600,80200,81100,326917,0.0012345679012346622
2022-05-06,79000,79200,72100,72200,940822,-0.10974106041923548
2022-05-09,71000,72800,70300,71000,394425,-0.0166204986149584
2022-05-10,68000,70400,67400,69700,740977,-0.018309859154929553
2022-05-11,67500,70700,67400,69700,427849,0.0
2022-05-12,67800,68100,61900,62000,1215853,-0.11047345767575323
2022-05-13,62300,67500,62300,65300,719601,0.0532258064516129
2022-05-16,66300,68700,64400,65300,402035,0.0
2022-05-17,64800,67900,64800,67300,290125,0.030627871362940207
2022-05-18,68700,69900,67100,67300,293594,0.0
2022-05-19,64400,68100,64200,66400,324224,-0.013372956909361022
2022-05-20,66600,71500,66600,70500,465994,0.06174698795180733
2022-05-23,74400,83800,70700,75800,2718921,0.075177304964539
2022-05-24,76800,78600,73200,73200,1077752,-0.03430079155672827
2022-05-25,74500,83700,73000,81900,2557398,0.11885245901639352
2022-05-26,84000,86000,78600,79600,1868613,-0.028083028083028094
2022-05-27,82100,84200,78500,79000,946830,-0.007537688442211032
2022-05-30,81000,89000,80500,87000,2453281,0.10126582278481022
2022-05-31,87800,88500,83600,85400,1046922,-0.01839080459770115
2022-06-02,83000,83500,80300,81100,736060,-0.050351288056206034
2022-06-03,81900,83700,80600,81000,488956,-0.0012330456226880004
2022-06-07,81100,81200,78100,78300,425768,-0.033333333333333326
2022-06-08,79200,80800,78200,78300,329727,0.0
2022-06-09,77000,78200,75400,78000,435786,-0.003831417624521105
2022-06-10,76800,83400,75900,83400,787242,0.0692307692307692
2022-06-13,80400,83000,79800,79800,527706,-0.043165467625899234
2022-06-14,76000,77100,66500,68400,1771467,-0.1428571428571429
2022-06-15,69100,70600,65900,66700,890570,-0.024853801169590684
2022-06-16,69100,72300,67500,68100,722218,0.020989505247376306
2022-06-17,65800,69300,65700,69300,474301,0.017621145374449254
2022-06-20,70100,70900,64900,65400,474136,-0.05627705627705626
2022-06-21,65800,70900,65300,70100,757031,0.0718654434250765
2022-06-22,71600,71900,66500,67300,723046,-0.03994293865905851
2022-06-23,62600,62800,52000,53300,3076090,-0.20802377414561668
2022-06-24,54400,59600,54100,58500,1599487,0.09756097560975618
2022-06-27,60100,60700,55400,57600,942163,-0.01538461538461533
2022-06-28,58100,60500,57400,60500,1018521,0.05034722222222232
2022-06-29,61900,63200,59000,59400,1438814,-0.018181818181818188
2022-06-30,60100,61000,56900,57700,784696,-0.028619528619528656
2022-07-01,59500,61200,57400,59100,927891,0.024263431542461023
2022-07-04,56800,57000,51200,52200,1169251,-0.11675126903553301
2022-07-05,53300,56500,52900,55700,879030,0.06704980842911867
2022-07-06,56300,59400,55700,56700,766108,0.01795332136445249
2022-07-07,58200,60600,57300,58700,623656,0.03527336860670194
2022-07-08,60100,61200,58700,59100,433648,0.006814310051107331
2022-07-11,59100,59300,56500,58600,442504,-0.008460236886632777
2022-07-12,57700,59000,57000,57400,270941,-0.020477815699658675
2022-07-13,57200,61500,57200,60900,570964,0.060975609756097615
2022-07-14,60300,62300,59200,61700,424331,0.013136288998357948
2022-07-15,62700,64100,59700,60000,483270,-0.027552674230145846
2022-07-18,61100,61700,60200,60800,253881,0.01333333333333342
2022-07-19,61400,61700,60100,61600,256087,0.013157894736842035
2022-07-20,64000,67000,63000,63200,869415,0.025974025974025983
2022-07-21,63500,66700,62900,63600,768125,0.006329113924050667
2022-07-22,64300,64300,60600,60700,567414,-0.045597484276729605
2022-07-25,61500,65000,61400,61700,771928,0.016474464579901094
2022-07-26,61400,62600,60300,61700,340585,0.0
2022-07-27,59800,60000,57200,57300,1083468,-0.07131280388978933
2022-07-28,58200,59300,57700,58200,556678,0.015706806282722585
2022-07-29,59000,60300,58100,59300,469055,0.018900343642611617
2022-08-01,59400,59800,58500,58900,279856,-0.006745362563237767
2022-08-02,59100,59200,57000,57200,346065,-0.028862478777589184
2022-08-03,57300,59900,57300,59800,571654,0.045454545454545414
2022-08-04,61400,76800,60800,74900,6583841,0.2525083612040133
2022-08-05,73000,78000,71900,75200,2712595,0.004005340453938633
2022-08-08,74500,74800,71200,72000,832457,-0.04255319148936165
2022-08-09,72400,76200,71600,72500,1530285,0.00694444444444442
2022-08-10,71100,72500,69700,69700,626489,-0.0386206896551724
2022-08-11,72200,72700,70300,71000,545909,0.01865136298421799
2022-08-12,70300,70400,68600,69300,438498,-0.023943661971830954
2022-08-16,69900,71300,69100,70400,469634,0.015873015873015817
2022-08-17,69700,70900,68900,69000,293854,-0.019886363636363646
2022-08-18,68200,68500,66500,67900,364516,-0.01594202898550723
2022-08-19,67900,68200,65000,65000,397621,-0.04270986745213545
2022-08-22,63600,65400,63600,63700,258312,-0.020000000000000018
2022-08-23,63000,64400,62000,62400,264606,-0.020408163265306145
2022-08-24,63000,63700,62000,63100,190660,0.011217948717948678
2022-08-25,62800,65100,62700,64300,232947,0.019017432646592614
2022-08-26,65000,65100,62500,62900,307750,-0.021772939346811793
2022-08-29,59300,60700,59100,60100,285687,-0.04451510333863273
2022-08-30,61000,62100,60900,61600,191894,0.024958402662229595
2022-08-31,61000,62300,60800,62100,178961,0.008116883116883189
2022-09-01,61300,61700,59500,59800,259867,-0.03703703703703709
2022-09-02,60400,60400,58200,58400,246937,-0.02341137123745818
2022-09-05,57600,58500,56400,56800,305169,-0.0273972602739726
2022-09-06,56400,57800,56400,57100,167342,0.005281690140845008
2022-09-07,56500,56900,54300,55100,265035,-0.035026269702276736
2022-09-08,56000,57100,55500,55700,260901,0.010889292196007316
2022-09-13,57300,59300,57300,59200,350342,0.06283662477558338
2022-09-14,56200,57900,55500,56800,247139,-0.04054054054054057
2022-09-15,57300,57400,55000,56200,219287,-0.010563380281690127
2022-09-16,55000,56000,54300,54700,267974,-0.026690391459074703
2022-09-19,54100,54600,52300,52600,229920,-0.038391224862888484
2022-09-20,52900,53600,52100,52100,182652,-0.009505703422053258
2022-09-21,51800,53200,51500,52700,203119,0.011516314779270731
2022-09-22,51400,51500,49600,50600,348982,-0.03984819734345346
2022-09-23,50700,50900,48800,49050,258224,-0.03063241106719372
2022-09-26,48050,50000,47950,48300,421570,-0.015290519877675823
2022-09-27,48000,49100,46650,48150,334795,-0.0031055900621117516
2022-09-28,48150,49050,45600,46100,391409,-0.04257528556593981
2022-09-29,47050,47850,45700,45800,245849,-0.006507592190889366
2022-09-30,44600,46350,44500,45800,205155,0.0
2022-10-04,46650,47250,46250,47100,198113,0.028384279475982543
2022-10-05,48000,48100,44250,44550,311729,-0.05414012738853502
2022-10-06,44550,45600,44550,45400,180202,0.019079685746352437
2022-10-07,44950,45000,43200,43500,354970,-0.04185022026431717
2022-10-11,42300,42600,40600,40600,380945,-0.06666666666666665
2022-10-12,40500,41250,39800,40900,296292,0.00738916256157629
2022-10-13,40000,40300,38200,38800,357387,-0.05134474327628358
2022-10-14,40000,45700,40000,43300,1370173,0.115979381443299
2022-10-17,41800,44850,40850,43100,892999,-0.004618937644341847
2022-10-18,46150,54200,45500,50300,3374184,0.16705336426914164
2022-10-19,50600,59100,50500,50800,2710028,0.00994035785288272
2022-10-20,52300,52300,47000,47650,1436747,-0.06200787401574803
2022-10-21,46800,49150,45550,47100,742878,-0.011542497376705096
2022-10-24,49000,54300,48800,50800,2195815,0.07855626326963905
2022-10-25,50900,51700,47300,47700,838892,-0.0610236220472441
2022-10-26,48500,53400,46500,52700,2915749,0.10482180293501053
2022-10-27,53300,58100,52300,56200,2543087,0.06641366223908918
2022-10-28,47100,49450,43550,44650,4418232,-0.20551601423487542
2022-10-31,45400,46300,43200,44350,1136691,-0.006718924972004436
2022-11-01,44800,46950,44200,45850,1417666,0.03382187147688831
2022-11-02,45450,58600,45350,55700,7810654,0.2148309705561613
2022-11-03,54500,55800,52600,53600,1479968,-0.037701974865350096
2022-11-04,53800,54700,51000,52300,1119365,-0.02425373134328357
2022-11-07,54300,57300,53700,54800,1819494,0.04780114722753348
2022-11-08,56100,57500,51200,55300,2260890,0.009124087591240837
2022-11-09,53700,56200,53200,55000,1176374,-0.005424954792043413
2022-11-10,52600,57800,51900,55300,1773779,0.005454545454545379
2022-11-11,57100,61400,56600,57500,2688710,0.039783001808318286
2022-11-14,56000,56500,53200,54300,1131042,-0.055652173913043446
2022-11-15,54800,57000,53400,57000,989771,0.04972375690607733
2022-11-16,57700,58900,56600,57000,832770,0.0
2022-11-17,58600,60500,55100,56800,1520457,-0.0035087719298245723
2022-11-18,55700,55800,54100,54200,561337,-0.045774647887323994
2022-11-21,54300,55300,53500,53600,384272,-0.011070110701106972
2022-11-22,53600,54800,52400,53400,357622,-0.003731343283582045
2022-11-23,54700,57400,54100,57000,669474,0.0674157303370786
2022-11-24,57700,59900,54000,56200,1788315,-0.01403508771929829
2022-11-25,39400,39400,39400,39400,551646,-0.29893238434163705
2022-11-28,37550,38400,32200,34000,7612390,-0.13705583756345174
2022-11-29,33350,36200,33100,35450,4970270,0.04264705882352948
2022-11-30,34900,36500,34500,35450,2151292,0.0
2022-12-01,36350,39950,35800,38000,5448971,0.07193229901269405
2022-12-02,37900,44600,35050,39550,9814845,0.04078947368421049
2022-12-05,41300,42700,39100,39800,3468619,0.006321112515802696
2022-12-06,38100,40350,37450,37700,1857941,-0.05276381909547734
2022-12-07,38450,40550,34650,37700,4398952,0.0
2022-12-08,30250,31650,28600,30050,6481284,-0.20291777188328908
2022-12-09,30200,34600,29600,32600,8863213,0.08485856905158062
2022-12-12,32750,36000,32700,35900,4035984,0.10122699386503076
2022-12-13,36250,36750,34600,35450,2042049,-0.012534818941504211
2022-12-14,36200,40000,35650,38950,4380366,0.09873060648801135
2022-12-15,39000,40700,38150,38950,2054353,0.0
2022-12-16,37900,39750,37800,37950,1295023,-0.025673940949935803
2022-12-19,38000,38350,36450,37100,836597,-0.022397891963109373
2022-12-20,36800,37500,35700,35950,722318,-0.030997304582210283
2022-12-21,36450,36650,34550,34700,769850,-0.03477051460361613
2022-12-22,35200,35650,34300,35000,722588,0.008645533141210304
2022-12-23,34400,34650,33550,33950,624336,-0.030000000000000027
2022-12-26,34050,34650,33350,34200,461163,0.007363770250368162
2022-12-27,34000,34650,33400,33700,575471,-0.014619883040935644
2022-12-28,33700,34000,32500,32800,549832,-0.02670623145400597
2022-12-29,34050,35500,31550,31550,1791685,-0.038109756097560954
2023-01-02,32400,32750,30850,31150,440919,-0.01267828843106178
2023-01-03,30900,32200,30100,32050,535653,0.028892455858748
2023-01-04,31650,34450,31500,32850,1029652,0.024960998439937487
2023-01-05,32900,34350,32900,33100,872915,0.007610350076103556
2023-01-06,33100,33900,32500,33400,390006,0.009063444108761365
2023-01-09,34000,34800,33900,34750,541040,0.04041916167664672
2023-01-10,34800,36100,34550,34800,761839,0.0014388489208632116
2023-01-11,35500,35900,35100,35400,500185,0.01724137931034475
2023-01-12,35850,35900,34500,35200,438231,-0.005649717514124242
2023-01-13,35450,36550,34950,35450,781151,0.007102272727272707
2023-01-16,36100,38000,36000,37500,1346923,0.05782792665726366
2023-01-17,38300,39400,37400,38250,1443497,0.020000000000000018
2023-01-18,38750,38900,37200,38050,737339,-0.005228758169934622
2023-01-19,37450,37900,36350,36450,676707,-0.042049934296977676
2023-01-20,36300,36600,35600,36050,425467,-0.010973936899862813
2023-01-25,37100,38250,36700,37500,715756,0.04022191400832176
2023-01-26,37500,37850,36850,37350,455722,-0.0040000000000000036
2023-01-27,38050,38700,37350,37500,552311,0.004016064257028162
2023-01-30,38250,39500,37850,38150,1366693,0.017333333333333423
2023-01-31,37850,39900,36050,39000,1205931,0.022280471821756187
2023-02-01,39250,39300,37500,38050,820309,-0.024358974358974383
2023-02-02,38700,39650,38500,39150,1049287,0.028909329829172048
2023-02-03,39550,46050,39300,44500,5524077,0.13665389527458482
2023-02-06,45150,48200,44100,45700,3652612,0.026966292134831482
2023-02-07,44900,46150,44700,46100,937131,0.00875273522975939
2023-02-08,46500,46800,44600,44600,904638,-0.03253796095444683
2023-02-09,43900,45900,43250,43750,1048479,-0.01905829596412556
2023-02-10,42750,43050,40450,40700,1084790,-0.06971428571428573
2023-02-13,40800,42000,40300,41250,641326,0.013513513513513598
2023-02-14,43200,44250,42100,42300,1515745,0.025454545454545396
2023-02-15,43300,44450,41750,42200,1062651,-0.0023640661938534313
2023-02-16,43600,54800,43050,54800,7435191,0.2985781990521328
2023-02-17,53900,57300,52300,54500,5536227,-0.005474452554744547
2023-02-20,54400,59700,52500,58500,3850881,0.07339449541284404
2023-02-21,57900,60400,57100,58400,2699388,-0.0017094017094017033
2023-02-22,58500,64200,58200,59500,3774341,0.018835616438356073
2023-02-23,58700,59200,55600,56300,1525726,-0.05378151260504205
2023-02-24,56600,58400,55000,56800,1350104,0.008880994671403242
2023-02-27,56000,56100,51800,52400,1380968,-0.07746478873239437
2023-02-28,52400,54200,51700,53400,745668,0.01908396946564883
2023-03-02,53700,53900,51300,51500,721917,-0.035580524344569264
2023-03-03,52400,54500,51300,52400,836835,0.01747572815533971
2023-03-06,52700,53100,51500,52700,630745,0.005725190839694694
2023-03-07,52200,52400,49750,49850,946902,-0.054079696394686905
2023-03-08,49000,51000,48350,49500,644383,-0.007021063189568744
2023-03-09,48900,49800,47650,48650,647660,-0.01717171717171717
2023-03-10,47150,47900,46550,47700,567523,-0.019527235354573458
2023-03-13,49050,50800,48200,50700,1037285,0.06289308176100628
2023-03-14,51700,52400,49800,50100,875760,-0.011834319526627168
2023-03-15,51400,51700,50100,50200,502160,0.001996007984031989
2023-03-16,50300,51300,46650,50400,997457,0.003984063745019917
2023-03-17,50900,55600,49450,54500,2263656,0.08134920634920628
2023-03-20,52700,53400,51000,51100,1284421,-0.062385321100917435
2023-03-21,52000,52400,49550,50100,896602,-0.019569471624266144
2023-03-22,50500,50700,49000,49050,702707,-0.020958083832335328
2023-03-23,48300,48650,47150,47950,867077,-0.022426095820591185
2023-03-24,48050,49000,47000,47950,719954,0.0
2023-03-27,48100,48250,45450,45600,857466,-0.049009384775808185
2023-03-28,46900,53500,46800,50800,3627379,0.11403508771929816
2023-03-29,49750,49750,48150,48900,948827,-0.03740157480314965
2023-03-30,49700,52100,48550,49650,1078050,0.015337423312883347
2023-03-31,49700,50700,48700,50200,635146,0.011077542799597273
2023-04-03,49750,49800,47850,48100,738025,-0.041832669322709126
2023-04-04,47700,50600,47350,49300,906459,0.02494802494802495
2023-04-05,48750,51500,48150,51100,1152364,0.03651115618661249
2023-04-06,50700,53900,50200,51400,1336235,0.005870841487279899
2023-04-07,52100,53400,51100,52300,829787,0.017509727626459082
2023-04-10,51700,52200,50100,50500,717329,-0.03441682600382412
2023-04-11,49500,49700,48000,48550,914732,-0.03861386138613865
2023-04-12,48850,49300,48150,48400,582223,-0.003089598352214229
2023-04-13,48500,52400,48500,52200,1505147,0.07851239669421495
2023-04-14,52700,54900,52000,53900,1488449,0.03256704980842917
2023-04-17,54800,56500,54100,55700,1169572,0.033395176252319025
2023-04-18,57000,58400,53700,56700,1818284,0.01795332136445249
2023-04-19,57800,60700,53400,53900,2337962,-0.04938271604938271
2023-04-20,53100,54500,52400,53600,705476,-0.005565862708719838
2023-04-21,53600,54200,50700,50800,811082,-0.052238805970149294
2023-04-24,51200,52400,50300,51300,423164,0.009842519685039353
2023-04-25,50900,53500,49250,51700,1575466,0.007797270955165692
2023-04-26,52000,52500,49550,49550,850879,-0.0415860735009671
2023-04-27,49550,49900,46050,48200,1279326,-0.0272452068617558
2023-04-28,53000,57100,52300,55600,4566586,0.15352697095435675
2023-05-02,58200,58300,54100,54400,2079990,-0.021582733812949617
2023-05-03,55300,57500,53300,54400,1692590,0.0
2023-05-04,53300,54300,51900,52900,689139,-0.02757352941176472
2023-05-08,53400,55300,51000,51000,926727,-0.03591682419659736
2023-05-09,50400,56000,49200,53500,2417157,0.0490196078431373
2023-05-10,52200,53500,47600,48300,2141725,-0.09719626168224305
2023-05-11,48550,49750,47450,48850,994437,0.011387163561076497
2023-05-12,47350,47800,43800,44400,1737806,-0.09109518935516892
2023-05-15,42000,45600,42000,43650,1009047,-0.016891891891891886
2023-05-16,44500,47400,44500,46250,1085568,0.0595647193585338
2023-05-17,46800,46850,45100,45950,497000,-0.006486486486486531
2023-05-18,46650,46800,44700,45550,402416,-0.008705114254624613
2023-05-19,45800,47150,45700,46550,461203,0.021953896816685026
2023-05-22,45700,46800,45250,46550,371124,0.0
2023-05-23,46550,47150,45750,45900,378477,-0.013963480128893702
2023-05-24,45250,45400,44550,44600,425063,-0.028322440087146017
2023-05-25,44500,47850,44450,45450,999771,0.01905829596412567
2023-05-26,45900,46300,45000,45200,296372,-0.005500550055005493
2023-05-30,45600,47400,45550,47300,516342,0.04646017699115035
2023-05-31,47400,47750,46500,47450,311354,0.003171247357293794
2023-06-01,46600,47400,46450,46950,239676,-0.010537407797681753
2023-06-02,46450,47250,44900,46300,559966,-0.013844515441959526
2023-06-05,46250,46600,45550,46050,233489,-0.005399568034557212
2023-06-07,46000,46250,45100,45100,412900,-0.02062975027144409
2023-06-08,44800,46550,44200,46500,652999,0.03104212860310418
2023-06-09,46550,46850,45850,46150,258865,-0.007526881720430145
2023-06-12,45500,45550,44250,44350,560102,-0.03900325027085594
2023-06-13,44500,45100,44250,44750,314479,0.00901916572717032
2023-06-14,45300,45800,43600,43750,574117,-0.022346368715083775
2023-06-15,43850,44050,41900,42350,598270,-0.03200000000000003
2023-06-16,42950,45350,42950,43300,727634,0.022432113341204207
2023-06-19,44000,45250,43050,43500,408904,0.004618937644341736
2023-06-20,43700,44300,43200,43300,317654,-0.0045977011494252595
2023-06-21,43500,43950,42250,42550,299575,-0.01732101616628179
2023-06-22,42600,43500,42450,42650,194474,0.00235017626321965
2023-06-23,43000,43100,42200,42200,222246,-0.010550996483001174
2023-06-26,42200,42350,41400,41700,225849,-0.011848341232227444
2023-06-27,41550,42000,41400,41900,186715,0.004796163069544335
2023-06-28,41750,42300,40650,41050,289899,-0.02028639618138428
2023-06-29,41050,41550,40500,40600,193930,-0.010962241169305775
2023-06-30,40400,41650,37000,39050,725957,-0.03817733990147787
2023-07-03,38500,42250,38500,41950,568057,0.07426376440460958
2023-07-04,42000,42000,40500,41000,220044,-0.022646007151370662
2023-07-05,40800,41400,40250,40300,170632,-0.017073170731707332
2023-07-06,40500,40650,39200,39250,304202,-0.02605459057071957
2023-07-07,39150,39650,38500,38900,214528,-0.008917197452229297
2023-07-10,38900,39400,37700,37850,266099,-0.02699228791773778
2023-07-11,38000,39500,38000,39450,234435,0.04227212681638037
2023-07-12,41000,41050,39150,40200,249092,0.019011406844106515
2023-07-13,40200,41050,40200,40250,201100,0.0012437810945273853
2023-07-14,41050,41450,39700,40050,226942,-0.004968944099378869
2023-07-17,39550,40200,39100,39650,163388,-0.009987515605493158
2023-07-18,39600,40200,38550,38900,237524,-0.018915510718789386
2023-07-19,38950,39500,38500,38600,172748,-0.007712082262210762
2023-07-20,38900,39750,38700,38800,207121,0.005181347150259086
2023-07-21,38700,38750,37400,38000,295594,-0.020618556701030966
2023-07-24,37500,37800,36850,37300,364043,-0.018421052631578894
2023-07-25,37250,37450,36300,36350,322856,-0.025469168900804307
2023-07-26,35750,36300,34400,34400,626632,-0.05364511691884455
2023-07-27,34400,37800,34400,36350,384601,0.0566860465116279
2023-07-28,36350,36900,35200,35900,164940,-0.012379642365887178
2023-07-31,36350,36800,35250,36550,198153,0.01810584958217265
2023-08-01,36300,37900,35900,36700,272437,0.004103967168262557
2023-08-02,37000,42900,36100,42250,1883774,0.1512261580381471
2023-08-03,41500,43900,38800,43100,1153661,0.020118343195266286
2023-08-04,43700,44500,42400,43100,609074,0.0
2023-08-07,42750,44400,41800,42000,451062,-0.025522041763341052
2023-08-08,41250,43600,40500,42700,626210,0.016666666666666607
2023-08-09,40000,42950,39100,41500,778249,-0.02810304449648715
2023-08-10,42400,42450,37000,37050,2065374,-0.10722891566265058
2023-08-11,37300,39800,37050,38100,1095719,0.028340080971659853
2023-08-14,38400,40050,38100,39600,499187,0.03937007874015741
2023-08-16,38900,40200,38600,38800,333650,-0.02020202020202022
2023-08-17,38400,39100,37950,38100,212694,-0.01804123711340211
2023-08-18,37600,38700,37200,37950,242222,-0.003937007874015741
2023-08-21,38300,38850,37450,37600,159047,-0.00922266139657446
2023-08-22,37650,38200,37600,38000,120733,0.010638297872340496
2023-08-23,37800,38000,35750,35850,360906,-0.05657894736842106
2023-08-24,36300,37300,36150,36950,185321,0.030683403068340276
2023-08-25,36350,38300,36350,36650,275677,-0.008119079837618393
2023-08-28,37200,37750,36700,36900,171772,0.006821282401091366
2023-08-29,37100,37700,37000,37650,177398,0.020325203252032464
2023-08-30,38200,38600,37350,37400,220341,-0.006640106241699861
2023-08-31,37400,37450,35900,36100,406102,-0.03475935828877008
2023-09-01,36200,36500,35650,35850,245806,-0.006925207756232732
2023-09-04,35900,36350,35450,35800,166822,-0.001394700139469962
2023-09-05,35850,36000,35350,35550,163555,-0.006983240223463638
2023-09-06,35600,35800,34800,34850,249779,-0.019690576652601988
2023-09-07,34850,35800,34750,34900,195186,0.0014347202295552641
2023-09-08,35000,35250,34300,34500,182314,-0.011461318051575908
2023-09-11,34550,34950,33900,34100,205861,-0.011594202898550732
2023-09-12,34500,36050,34450,35050,317836,0.027859237536656867
2023-09-13,35150,35450,33950,34100,222804,-0.02710413694721825
2023-09-14,34450,34450,33350,34150,242097,0.0014662756598240456
2023-09-15,34150,34750,33900,34600,222555,0.013177159590043841
2023-09-18,34300,39500,34250,38250,1585695,0.1054913294797688
2023-09-19,37150,37200,34650,34700,613591,-0.09281045751633987
2023-09-20,35050,35050,33200,33550,534295,-0.033141210374639796
2023-09-21,37750,41250,37100,37500,5886541,0.11773472429210141
2023-09-22,35450,36450,34300,35000,911354,-0.06666666666666665
2023-09-25,36850,40250,35750,38250,2625312,0.09285714285714275
2023-09-26,37050,38650,36600,37850,667544,-0.010457516339869244
2023-09-27,37000,37400,36050,36900,396255,-0.02509907529722588
2023-10-04,36600,37450,35550,35750,319625,-0.031165311653116534
2023-10-05,36150,36450,35200,35250,247610,-0.013986013986013957
2023-10-06,34800,36850,34800,36100,204614,0.02411347517730489
2023-10-10,36250,36650,34800,35050,254704,-0.02908587257617734
2023-10-11,35400,36650,35400,35900,197411,0.024251069900142586
2023-10-12,36200,36850,36050,36600,185925,0.01949860724233976
2023-10-13,36300,36850,35550,35700,178106,-0.024590163934426257
2023-10-16,35700,35700,33200,33650,500833,-0.05742296918767509
2023-10-17,34100,35600,34050,35000,314999,0.04011887072808329
2023-10-18,34900,35650,34300,34300,172581,-0.020000000000000018
2023-10-19,33800,34300,33150,33850,232338,-0.013119533527696792
2023-10-20,33300,34350,33050,33800,233257,-0.001477104874446078
2023-10-23,33550,34400,33450,33650,184360,-0.004437869822485174
2023-10-24,34350,38500,33950,37400,794355,0.11144130757800896
2023-10-25,37500,38900,37000,38250,522681,0.022727272727272707
2023-10-26,37300,38200,36800,37200,294727,-0.027450980392156876
2023-10-27,37850,38500,36800,37400,246427,0.005376344086021501
2023-10-30,37400,39250,37400,39000,332092,0.04278074866310155
2023-10-31,39950,40500,38950,39250,393942,0.0064102564102563875
2023-11-01,40100,40550,39400,39450,252748,0.005095541401273884
2023-11-02,40150,40650,38900,40000,377978,0.013941698352344822
2023-11-03,39500,42650,39100,41650,737209,0.04125000000000001
2023-11-06,45000,46900,44100,46400,1738346,0.11404561824729886
2023-11-07,46400,47100,43700,44500,812391,-0.04094827586206895
2023-11-08,45000,55900,44950,53100,7238252,0.19325842696629203
2023-11-09,52700,60900,50600,57800,5448452,0.08851224105461397
2023-11-10,57200,60500,56800,58500,1905574,0.01211072664359869
2023-11-13,59000,62600,57400,59000,1774501,0.008547008547008517
2023-11-14,57500,60000,56800,59800,878421,0.013559322033898313
2023-11-15,58700,59000,54600,57200,1336698,-0.04347826086956519
2023-11-16,57600,59500,56700,57600,894547,0.006993006993007089
2023-11-17,57000,57200,51900,54300,1120562,-0.05729166666666663
2023-11-20,54200,55100,53000,54400,449721,0.0018416206261511192
2023-11-21,54900,55000,52700,53200,522277,-0.022058823529411797
2023-11-22,53200,53200,50600,51600,567828,-0.03007518796992481
2023-11-23,52500,54600,51200,54000,673967,0.04651162790697683
2023-11-24,54200,54200,51200,51600,488333,-0.0444444444444444
2023-11-27,52100,53600,50600,50800,517525,-0.015503875968992276
2023-11-28,51500,52200,49500,51500,432251,0.013779527559055094
2023-11-29,53900,56900,52400,53000,1398963,0.029126213592232997
2023-11-30,53000,54900,52400,53600,538872,0.01132075471698113
2023-12-01,54600,62000,54400,59900,2948706,0.11753731343283591
2023-12-04,62700,71700,61200,68600,4743175,0.14524207011686152
2023-12-05,70500,71600,64000,65900,2221968,-0.039358600583090375
2023-12-06,68100,71100,65900,69400,2105687,0.053110773899848196
2023-12-07,74800,77800,68200,69400,2434071,0.0
2023-12-08,71000,76400,70000,71500,3285572,0.030259365994236287
2023-12-11,71200,71200,66700,67600,1084934,-0.054545454545454564
2023-12-12,65900,73300,64700,71500,2000697,0.05769230769230771
2023-12-13,73500,74500,68700,69400,1226991,-0.029370629370629397
2023-12-14,70000,70500,68500,69800,697275,0.0057636887608070175
2023-12-15,67700,69200,64500,66700,1001084,-0.044412607449856756
2023-12-18,65300,66800,63800,65100,667233,-0.02398800599700146
2023-12-19,64300,67600,63200,67000,863411,0.029185867895545226
2023-12-20,67300,70000,65600,68900,849519,0.028358208955223896
2023-12-21,67500,71500,67100,71200,876027,0.03338171262699574
2023-12-22,70800,72000,60000,61700,2103022,-0.1334269662921348
2023-12-26,65600,67100,62000,62300,1074459,0.009724473257698651
2023-12-27,61100,63800,61100,61800,565557,-0.008025682182985605
2023-12-28,62500,62500,60300,60900,409970,-0.014563106796116498
2024-01-02,60900,61500,60300,61100,380349,0.003284072249589487
2024-01-03,62500,64300,58400,59300,1084748,-0.029459901800327315
2024-01-04,57600,57700,55100,56600,800076,-0.04553119730185495
2024-01-05,56200,57800,56100,56700,322505,0.0017667844522968323
2024-01-08,56300,57000,55200,56200,260426,-0.00881834215167554
2024-01-09,58500,61200,57200,60700,883273,0.08007117437722422
2024-01-10,61200,62000,59200,61700,451213,0.016474464579901094
2024-01-11,65800,66800,62600,63400,1524782,0.027552674230145957
2024-01-12,62000,62000,57600,57800,713604,-0.08832807570977919
2024-01-15,56600,58500,56600,57200,220018,-0.01038062283737029
2024-01-16,56600,57700,55500,56500,287239,-0.012237762237762184
2024-01-17,56300,56400,52500,53200,564726,-0.05840707964601766
2024-01-18,53700,54000,52100,52600,261626,-0.011278195488721776
2024-01-19,52700,55500,52400,54800,435890,0.041825095057034245
2024-01-22,55000,56100,51400,51700,541656,-0.05656934306569339
2024-01-23,52000,54900,49700,53800,806906,0.04061895551257244
2024-01-24,53800,53800,52500,53100,292686,-0.013011152416356864
2024-01-25,52800,53000,49900,50200,408901,-0.05461393596986819
2024-01-26,49500,51400,49500,50000,291939,-0.003984063745019917
2024-01-29,50100,51500,49800,50800,284982,0.016000000000000014
2024-01-30,51400,53000,50600,52400,288187,0.03149606299212593
2024-01-31,52000,52600,51100,51600,195507,-0.01526717557251911
2024-02-01,51000,51600,49850,51100,210785,-0.009689922480620172
2024-02-02,51900,53000,51700,52100,212371,0.019569471624266255
2024-02-05,52200,52200,50900,51100,161317,-0.019193857965451033
2024-02-06,50800,51300,49000,49950,223969,-0.022504892367906093
2024-02-07,48000,49800,47350,47600,493002,-0.0470470470470471
2024-02-08,48250,49650,46850,48350,433945,0.015756302521008347
2024-02-13,49000,49700,46750,46950,538203,-0.028955532574974185
2024-02-14,46750,50900,46250,50100,649826,0.06709265175718859
2024-02-15,51500,54600,51200,53900,853394,0.07584830339321358
2024-02-16,53600,53600,51200,51800,382738,-0.038961038961038974
2024-02-19,51900,52200,50700,51100,259869,-0.013513513513513487
2024-02-20,51100,51700,49400,49550,330782,-0.03033268101761255
2024-02-21,49550,52000,48900,50900,432569,0.02724520686175591
2024-02-22,50000,50300,48000,48200,591439,-0.05304518664047153
2024-02-23,48600,48650,47450,47550,261232,-0.013485477178423189
2024-02-26,47400,48300,47000,47100,220672,-0.009463722397476393
2024-02-27,47150,48700,46900,47150,289370,0.0010615711252655036
2024-02-28,49050,49800,47750,48100,379271,0.020148462354188768
2024-02-29,49050,49550,46350,46550,471931,-0.032224532224532254
2024-03-04,48700,52500,48550,48900,1029101,0.050483351235230955
2024-03-05,49600,51700,47250,48800,786335,-0.002044989775051076
2024-03-06,47600,48350,47100,47900,324778,-0.018442622950819665
2024-03-07,48300,49350,47250,49200,362098,0.02713987473903967
2024-03-08,49200,50500,49050,49950,328922,0.015243902439024293
2024-03-11,51900,55200,50800,55000,1722560,0.10110110110110115
2024-03-12,55000,61400,53900,60300,2477262,0.09636363636363643
2024-03-13,57900,70600,57600,69000,4364806,0.14427860696517403
2024-03-14,71200,74000,60300,63400,3565864,-0.08115942028985512
2024-03-15,59500,61700,53700,56200,3941349,-0.11356466876971605
2024-03-18,58500,71700,57500,69500,5459153,0.2366548042704626
2024-03-19,68400,74100,68200,72400,4077868,0.04172661870503602
2024-03-20,73500,80500,72700,76100,5081342,0.05110497237569067
2024-03-21,79800,79900,73000,75700,2084374,-0.005256241787122251
2024-03-22,73000,74300,68400,69700,2325300,-0.07926023778071334
2024-03-25,68500,69900,64300,64900,1844927,-0.06886657101865135
2024-03-26,65100,65100,62100,62700,1597582,-0.03389830508474578
2024-03-27,62900,66100,61300,62700,1997412,0.0
2024-03-28,62700,65200,60200,60600,1482906,-0.03349282296650713
2024-03-29,61300,61700,58100,60200,989207,-0.0066006600660065695
2024-04-01,60900,60900,58200,58700,791627,-0.02491694352159468
2024-04-02,58400,59000,56300,56900,707887,-0.030664395229982988
2024-04-03,56700,57800,54600,56000,865958,-0.01581722319859402
2024-04-04,57000,57600,55200,55500,521371,-0.008928571428571397
2024-04-05,57500,62100,57400,59100,2389734,0.06486486486486487
2024-04-08,57500,58200,55200,55500,687735,-0.060913705583756306
2024-04-09,56200,58800,55700,56900,644153,0.02522522522522519
2024-04-11,56000,57300,55500,55500,322587,-0.024604569420035194
2024-04-12,55100,55300,51100,51300,1171259,-0.07567567567567568
2024-04-15,48950,50100,48250,48400,816364,-0.05653021442495132
2024-04-16,47750,48950,47500,47500,573525,-0.018595041322314043
2024-04-17,47500,49150,47400,47400,474936,-0.002105263157894721
2024-04-18,45750,48400,45400,48000,448105,0.012658227848101333
2024-04-19,47950,48000,45450,45950,511910,-0.04270833333333335
2024-04-22,46450,46950,45600,46000,325341,0.0010881392818280489
2024-04-23,48000,53800,46850,47000,2265230,0.021739130434782705
2024-04-24,46950,47800,46600,47450,339755,0.009574468085106425
2024-04-25,46900,47000,45950,45950,353784,-0.03161222339304526
2024-04-26,46000,46650,45700,46050,237045,0.0021762785636560977
2024-04-29,46150,48350,45950,48000,363043,0.04234527687296419
2024-04-30,48000,48450,47150,47300,248180,-0.014583333333333282
2024-05-02,47400,48050,47050,47150,217749,-0.003171247357293905
2024-05-03,47900,48850,47150,48000,317435,0.018027571580063517
2024-05-07,48700,48900,47850,48050,308521,0.0010416666666666075
2024-05-08,49350,50600,47500,48200,687864,0.003121748178980255
2024-05-09,47700,48800,47050,47200,389442,-0.020746887966805017
2024-05-10,47750,49800,47500,48250,770706,0.022245762711864403
2024-05-13,47800,48900,47100,47250,404148,-0.020725388601036232
2024-05-14,47300,48400,47050,47050,350081,-0.004232804232804255
2024-05-16,47550,47750,45050,45550,710692,-0.03188097768331566
2024-05-17,45600,46050,45000,45250,268304,-0.00658616904500553
2024-05-20,45200,45400,43700,44250,334840,-0.02209944751381221
2024-05-21,44900,45100,43900,44250,228912,0.0
2024-05-22,44300,44500,43400,43550,229814,-0.015819209039548032
2024-05-23,43400,44300,43100,44250,213738,0.016073478760045834
2024-05-24,43550,44150,43050,43150,311426,-0.024858757062146908
2024-05-27,46400,47000,44250,44850,615250,0.03939745075318646
2024-05-28,44400,44850,43400,43550,258275,-0.02898550724637683
2024-05-29,43250,43950,42950,43000,230000,-0.012629161882893203
2024-05-30,43000,43150,41900,42150,267956,-0.019767441860465085
2024-05-31,42300,42750,41800,42700,158523,0.013048635824436605
2024-06-03,43100,44400,42850,43850,235182,0.02693208430913341
2024-06-04,44200,44400,43250,43350,139220,-0.011402508551881407
2024-06-05,43200,43650,42600,43250,136399,-0.0023068050749711633
2024-06-07,43250,43450,42650,42900,147174,-0.008092485549133
2024-06-10,42500,42550,41800,42050,174291,-0.019813519813519864
2024-06-11,41300,41400,39900,40750,354047,-0.030915576694411362
2024-06-12,40800,40900,39900,40300,231460,-0.011042944785276121
2024-06-13,40550,41300,40500,40750,221042,0.011166253101736912
2024-06-14,40750,40950,39900,40000,160921,-0.018404907975460127
2024-06-17,40000,40250,39550,40100,136270,0.0024999999999999467
2024-06-18,40150,43750,39300,42700,550704,0.06483790523690769
2024-06-19,42200,42950,41050,41150,260889,-0.03629976580796257
2024-06-20,41250,42650,41200,41600,175331,0.010935601458080146
2024-06-21,41100,41400,40350,41250,190150,-0.008413461538461564
2024-06-24,41400,41400,40250,40300,108614,-0.023030303030303068
2024-06-25,40300,41400,40150,41150,118421,0.021091811414392092
2024-06-26,43400,44650,42300,42600,603730,0.03523693803159178
2024-06-27,43000,43550,41550,41850,180986,-0.017605633802816878
2024-06-28,41850,43600,41700,42650,201843,0.019115890083632125
2024-07-01,42700,43500,42150,43400,139570,0.017584994138335253
2024-07-02,43350,44700,43000,43450,238641,0.0011520737327188613
2024-07-03,43400,43800,42700,43350,135587,-0.0023014959723820505
2024-07-04,43350,43400,42100,42450,145982,-0.02076124567474047
2024-07-05,42100,42850,42100,42400,112514,-0.0011778563015312216
2024-07-08,42200,43200,42100,43000,106164,0.014150943396226356
2024-07-09,42950,43400,42600,42950,108051,-0.0011627906976744429
2024-07-10,42900,43850,42150,43350,159610,0.0093131548311991
2024-07-11,43850,43850,42100,42100,196868,-0.028835063437139596
2024-07-12,42250,43850,42250,42550,190601,0.010688836104512989
2024-07-15,43250,45200,42700,43600,664238,0.024676850763807323
2024-07-16,43850,44250,40050,40600,885859,-0.06880733944954132
2024-07-17,41000,41150,40350,40350,231490,-0.006157635467980316
2024-07-18,39950,40700,39500,40300,158125,-0.0012391573729864103
2024-07-19,40100,40450,39800,40050,134545,-0.006203473945409432
2024-07-22,40000,40300,38850,39000,210683,-0.02621722846441943
2024-07-23,38900,38900,36000,37300,567898,-0.043589743589743546
2024-07-24,36900,37800,36800,37350,164321,0.0013404825737264314
2024-07-25,36750,37250,36500,37000,144821,-0.009370816599732268
2024-07-26,37050,38400,36450,37550,132012,0.014864864864864824
2024-07-29,37300,37950,37200,37600,78202,0.0013315579227697327
2024-07-30,37600,38100,36700,36700,116945,-0.02393617021276595
2024-07-31,36500,37800,36100,37500,125145,0.021798365122615904
2024-08-01,37450,39200,37300,38550,170912,0.028000000000000025
2024-08-02,38550,38550,37100,37750,128267,-0.02075226977950717
2024-08-05,36250,37100,32150,33150,383466,-0.12185430463576163
2024-08-06,32700,34800,32100,32850,418653,-0.009049773755656076
2024-08-07,31000,32800,30000,32150,699892,-0.0213089802130898
2024-08-08,31500,31850,30650,31400,202144,-0.023328149300155476
2024-08-09,32050,32600,31500,31650,213494,0.0079617834394905
2024-08-12,31100,31950,30950,31500,141145,-0.004739336492891044
2024-08-13,31500,32050,30500,31050,159131,-0.014285714285714235
2024-08-14,31500,32250,31200,32000,164988,0.03059581320450877
2024-08-16,32000,32250,30950,30950,205715,-0.03281250000000002
2024-08-19,31050,32850,30900,31300,275604,0.011308562197092087
2024-08-20,31650,32000,31200,31700,141330,0.012779552715654896
2024-08-21,31300,31600,31050,31300,86716,-0.012618296529968487
2024-08-22,31550,32000,31150,31300,121878,0.0
2024-08-23,31350,31550,30650,31350,136612,0.0015974440894568342
2024-08-26,31350,31450,30900,30900,106811,-0.014354066985645897
2024-08-27,31100,31400,29200,30150,376742,-0.024271844660194164
2024-08-28,30000,30250,29550,29800,116082,-0.011608623548922004
2024-08-29,29450,30350,29200,30100,147058,0.010067114093959662
2024-08-30,29900,33600,29900,33300,624435,0.10631229235880402
2024-09-02,33300,35000,32600,33950,348073,0.019519519519519468
2024-09-03,33450,36500,33400,34750,591156,0.02356406480117812
2024-09-04,34300,34400,32200,32550,253556,-0.06330935251798564
2024-09-05,32850,35800,32850,34500,381072,0.05990783410138256
2024-09-06,34500,34750,32800,33100,176282,-0.04057971014492756
2024-09-09,32350,34450,31900,34150,154183,0.031722054380664666
2024-09-10,34150,34850,33300,33700,302684,-0.013177159590043952
2024-09-11,37050,37600,32300,32500,752678,-0.035608308605341255
2024-09-12,32600,34300,32450,33800,225452,0.040000000000000036
2024-09-13,33950,34050,32500,33400,124038,-0.011834319526627168
2024-09-19,33500,34700,33250,33650,161211,0.007485029940119681
2024-09-20,33700,33950,32800,33000,246514,-0.019316493313521588
2024-09-23,33100,33150,32000,32550,134787,-0.013636363636363669
2024-09-24,32400,34400,32350,33850,228119,0.03993855606758823
2024-09-25,34050,36450,33600,34800,404173,0.028064992614475592
2024-09-26,34900,35300,34500,35000,119301,0.005747126436781658
2024-09-27,35000,35500,34550,35250,115718,0.0071428571428571175
2024-09-30,35550,35800,33900,34000,170047,-0.03546099290780147
2024-10-02,33450,34650,32800,34100,133086,0.002941176470588225
2024-10-04,34400,38750,34050,37550,806658,0.10117302052785915
2024-10-07,38000,38950,37250,37900,413226,0.009320905459387463
2024-10-08,38250,38300,37000,37150,142764,-0.01978891820580475
2024-10-10,37550,37850,35350,36100,204998,-0.02826379542395696
2024-10-11,36450,36800,35450,35500,112481,-0.0166204986149584
2024-10-14,35650,36800,35000,36750,157438,0.035211267605633756
2024-10-15,36750,36850,35700,35850,82514,-0.024489795918367308
2024-10-16,35550,35800,34250,34450,159077,-0.03905160390516038
2024-10-17,34650,34800,33950,34250,74301,-0.005805515239477477
2024-10-18,34600,34600,33350,33350,101421,-0.026277372262773713
2024-10-21,33550,34650,33500,34300,97942,0.028485757121439192
2024-10-22,34000,34350,31500,32700,145981,-0.04664723032069973
2024-10-23,32700,33800,32150,33200,93907,0.015290519877675823
2024-10-24,32550,32900,32250,32700,90772,-0.015060240963855387
2024-10-25,32950,33800,32650,33550,108320,0.025993883792049033
2024-10-28,33550,35050,33300,34950,125752,0.04172876304023854
2024-10-29,35150,39750,34500,39350,940861,0.1258941344778255
2024-10-30,39050,39700,38400,39000,317756,-0.008894536213468918
2024-10-31,39000,39350,37250,38900,283767,-0.002564102564102555
2024-11-01,38000,38850,37350,38400,154880,-0.01285347043701801
2024-11-04,38100,38150,36450,36650,280210,-0.04557291666666663
2024-11-05,36950,40800,36400,40100,547754,0.09413369713506148
2024-11-06,40200,44350,39500,42500,2194073,0.05985037406483795
2024-11-07,43250,44700,40950,41600,543087,-0.02117647058823524
2024-11-08,41550,41750,38900,40650,433574,-0.022836538461538436
2024-11-11,41900,42450,39450,39800,279613,-0.02091020910209107
2024-11-12,40300,43200,39800,40250,789410,0.011306532663316604
2024-11-13,38750,40100,37900,38150,260046,-0.05217391304347829
2024-11-14,39350,42700,38700,41850,512552,0.09698558322411532
2024-11-15,41300,42750,40700,41700,358504,-0.0035842293906810374
2024-11-18,42450,42450,40650,41050,281006,-0.015587529976019199
2024-11-19,41250,41250,39500,40800,314208,-0.006090133982947665
2024-11-20,40900,43500,39100,39350,487186,-0.035539215686274495
2024-11-21,39750,41150,39400,40450,283618,0.027954256670902122
2024-11-22,41050,42700,40150,41550,445838,0.027194066749072876
2024-11-25,43950,44300,42550,43200,558034,0.03971119133573997
2024-11-26,42100,44100,41600,43900,471744,0.01620370370370372
2024-11-27,43300,46500,43000,45650,723181,0.03986332574031892
2024-11-28,46600,47450,44650,44850,548062,-0.017524644030668113
2024-11-29,44450,45500,43500,45500,323748,0.01449275362318847
2024-12-02,46100,47100,45350,45900,513987,0.00879120879120876
2024-12-03,45900,47350,44600,44750,383618,-0.025054466230936767
2024-12-04,43450,45750,42700,45600,369999,0.018994413407821265
2024-12-05,46050,46550,44600,46400,443224,0.01754385964912286
2024-12-06,46050,46050,43000,43300,395168,-0.06681034482758619
2024-12-09,42850,43300,39450,39600,436008,-0.08545034642032334
2024-12-10,39700,40500,38750,39850,411482,0.0063131313131312705
2024-12-11,39650,39950,38600,39250,244327,-0.01505646173149311
2024-12-12,40000,41800,40000,41600,434553,0.05987261146496814
2024-12-13,41650,42500,40600,40900,256033,-0.016826923076923128
2024-12-16,41500,42250,40900,41650,255822,0.01833740831295838
2024-12-17,41850,42000,37700,38200,522653,-0.08283313325330133
2024-12-18,38250,39050,37750,38050,236354,-0.003926701570680646
2024-12-19,36950,37100,36000,36100,331034,-0.05124835742444156
2024-12-20,36150,36750,35000,36150,231716,0.0013850415512466352
2024-12-23,36150,37050,35800,36650,136368,0.013831258644536604
2024-12-24,36900,37750,36300,36800,111233,0.004092769440654953
2024-12-26,37200,37200,35700,35800,156781,-0.02717391304347827
2024-12-27,35500,36350,35200,35500,143227,-0.008379888268156388
2024-12-30,35100,35750,34900,35150,135792,-0.009859154929577452
2025-01-02,35100,35550,34650,34850,120126,-0.008534850640113834
