Date,Open,High,Low,Close,Volume,Change
2022-01-03,15950,16400,15700,16000,15369,0.045751633986928164
2022-01-04,16000,16200,15800,16000,12063,0.0
2022-01-05,16300,16350,13800,15200,9771,-0.050000000000000044
2022-01-06,15000,15500,15000,15100,12621,-0.006578947368421018
2022-01-07,15700,15700,15100,15200,6584,0.0066225165562914245
2022-01-10,15500,15700,15100,15700,13180,0.03289473684210531
2022-01-11,15900,15900,15350,15500,8392,-0.01273885350318471
2022-01-12,15500,15850,15450,15500,4694,0.0
2022-01-13,15850,15850,15100,15300,11765,-0.012903225806451646
2022-01-14,15300,15300,14600,15150,10353,-0.009803921568627416
2022-01-17,15500,15650,14600,14600,17168,-0.0363036303630363
2022-01-18,14850,14850,14400,14600,4638,0.0
2022-01-19,14700,14700,14250,14400,9006,-0.013698630136986356
2022-01-20,14200,15000,14200,14450,4541,0.003472222222222321
2022-01-21,14800,14800,14050,14200,7613,-0.01730103806228378
2022-01-24,14200,14400,13500,14050,12624,-0.010563380281690127
2022-01-25,14350,14350,13300,13500,10229,-0.039145907473309594
2022-01-26,13450,13950,13150,13250,13611,-0.01851851851851849
2022-01-27,14000,14000,12350,13000,12393,-0.018867924528301883
2022-01-28,13000,14500,12900,14400,7859,0.10769230769230775
2022-02-03,14700,14700,14100,14350,1913,-0.00347222222222221
2022-02-04,14700,14700,13750,13900,7956,-0.03135888501742157
2022-02-07,13800,14050,13550,13700,3147,-0.014388489208633115
2022-02-08,13800,14000,13000,13100,13546,-0.04379562043795615
2022-02-09,13200,13450,13000,13200,7739,0.007633587786259444
2022-02-10,13400,13700,13050,13100,6835,-0.007575757575757569
2022-02-11,13200,13450,13000,13000,5337,-0.007633587786259555
2022-02-14,13000,13100,12800,12950,4882,-0.0038461538461538325
2022-02-15,12950,13000,12850,12900,2809,-0.0038610038610038533
2022-02-16,12900,13300,12750,13000,3928,0.007751937984496138
2022-02-17,13000,13050,12700,12700,8914,-0.023076923076923106
2022-02-18,12500,13400,12450,13000,8915,0.023622047244094446
2022-02-21,12950,13200,12650,12900,1507,-0.007692307692307665
2022-02-22,13000,13050,12700,12800,2378,-0.007751937984496138
2022-02-23,12800,14000,12800,13300,9203,0.0390625
2022-02-24,13300,13900,12700,13400,4965,0.007518796992481258
2022-02-25,13200,13500,12850,13000,3826,-0.02985074626865669
2022-02-28,13450,14000,13150,13500,5350,0.03846153846153855
2022-03-02,13500,13700,13150,13450,3685,-0.0037037037037036535
2022-03-03,13850,14250,13350,14200,5318,0.055762081784386686
2022-03-04,15000,15250,14200,15000,24533,0.05633802816901401
2022-03-07,15200,15200,14500,14900,3983,-0.00666666666666671
2022-03-08,14950,15150,14300,14500,20199,-0.02684563758389258
2022-03-10,14950,14950,14150,14450,2315,-0.0034482758620689724
2022-03-11,14800,14800,14200,14400,1469,-0.0034602076124568004
2022-03-14,14950,14950,13850,14000,6208,-0.02777777777777779
2022-03-15,14200,14800,13250,13300,15670,-0.050000000000000044
2022-03-16,13800,14000,13150,13700,7329,0.03007518796992481
2022-03-17,13950,14400,13700,14200,1472,0.03649635036496357
2022-03-18,14800,14800,14200,14650,9427,0.03169014084507049
2022-03-21,15000,15000,14000,14100,6178,-0.03754266211604096
2022-03-22,14150,14900,13950,14900,11648,0.05673758865248235
2022-03-23,14900,15050,14300,14950,13819,0.003355704697986628
2022-03-24,15050,15050,14200,14350,9263,-0.04013377926421402
2022-03-25,14450,15000,13950,14950,4836,0.04181184668989557
2022-03-28,15000,15000,14150,14300,5298,-0.04347826086956519
2022-03-29,14300,14850,14300,14850,4862,0.03846153846153855
2022-03-30,14850,15000,14650,14900,7934,0.0033670033670034627
2022-03-31,14900,15200,14500,15150,17988,0.016778523489932917
2022-04-01,15150,15400,14850,15000,11122,-0.00990099009900991
2022-04-04,15350,15350,15000,15100,5145,0.006666666666666599
2022-04-05,15150,15250,14950,15100,5032,0.0
2022-04-06,15100,15150,14750,15000,17222,-0.0066225165562914245
2022-04-07,15100,15200,14350,14650,15018,-0.023333333333333317
2022-04-08,14950,14950,14450,14600,3308,-0.0034129692832765013
2022-04-11,15000,16150,14600,15550,46436,0.06506849315068486
2022-04-12,15750,16650,15650,15800,31492,0.016077170418006492
2022-04-13,15900,16200,15800,15850,7293,0.0031645569620253333
2022-04-14,16050,16050,15750,15850,5700,0.0
2022-04-15,16050,16050,15750,15900,16203,0.003154574132492094
2022-04-18,16050,16350,15550,15800,11669,-0.0062893081761006275
2022-04-19,16000,16200,15400,15550,15818,-0.015822784810126556
2022-04-20,15800,15950,15550,15900,10835,0.022508038585209
2022-04-21,16000,16450,15800,16000,9367,0.0062893081761006275
2022-04-22,15900,16000,15500,15800,7935,-0.012499999999999956
2022-04-25,16600,16600,15450,15800,8650,0.0
2022-04-26,16100,16100,15400,15400,6831,-0.025316455696202556
2022-04-27,15650,15950,15250,15700,9197,0.01948051948051943
2022-04-28,15950,15950,15400,15400,9235,-0.019108280254777066
2022-04-29,15750,15750,15250,15500,4356,0.006493506493506551
2022-05-02,15450,15700,15450,15550,2321,0.003225806451612856
2022-05-03,15850,15850,15450,15550,6737,0.0
2022-05-04,15550,15950,15400,15550,4657,0.0
2022-05-06,15750,15750,15250,15500,3056,-0.003215434083601254
2022-05-09,15500,15750,15150,15300,6146,-0.012903225806451646
2022-05-10,15050,15300,14800,15100,4573,-0.013071895424836555
2022-05-11,15450,15450,14800,14950,3287,-0.009933774834437137
2022-05-12,14750,14950,14400,14500,8200,-0.030100334448160515
2022-05-13,14950,14950,14450,14550,1545,0.0034482758620688614
2022-05-16,14950,15000,14650,14800,1865,0.01718213058419238
2022-05-17,15000,15000,14600,14850,1135,0.0033783783783782884
2022-05-18,15250,15250,14800,15000,3116,0.010101010101010166
2022-05-19,15000,15000,14150,14900,7380,-0.00666666666666671
2022-05-20,14900,14900,14750,14750,1868,-0.010067114093959773
2022-05-23,15000,15000,14500,14750,3594,0.0
2022-05-24,15000,15000,14400,14500,4377,-0.016949152542372836
2022-05-25,14900,14900,14450,14650,2736,0.010344827586206806
2022-05-26,14950,14950,14400,14700,4705,0.0034129692832765013
2022-05-27,14800,14850,14600,14600,5159,-0.006802721088435382
2022-05-30,14950,14950,14700,14750,2471,0.010273972602739656
2022-05-31,15000,15000,14700,14800,8754,0.003389830508474523
2022-06-02,15000,15000,14600,14750,3626,-0.0033783783783783994
2022-06-03,15000,15000,14600,14900,2030,0.01016949152542379
2022-06-07,15000,15000,14600,14800,3348,-0.006711409395973145
2022-06-08,15000,15000,14750,14850,3599,0.0033783783783782884
2022-06-09,14950,14950,14500,14900,3605,0.0033670033670034627
2022-06-10,14900,14900,14500,14700,5374,-0.01342281879194629
2022-06-13,14900,14950,14500,14950,12946,0.017006802721088343
2022-06-14,15000,15000,14650,14900,8382,-0.0033444816053511683
2022-06-15,14900,15300,14800,14850,9350,-0.003355704697986628
2022-06-16,14850,15500,14800,14900,6101,0.0033670033670034627
2022-06-17,15200,15200,14500,14800,5041,-0.006711409395973145
2022-06-20,14550,15000,14350,14550,7956,-0.016891891891891886
2022-06-21,14850,14850,14200,14550,5639,0.0
2022-06-22,14600,14800,13150,14100,10383,-0.030927835051546393
2022-06-23,14350,14900,13700,14050,4009,-0.0035460992907800915
2022-06-24,14500,14800,14000,14150,5867,0.007117437722419906
2022-06-27,14150,14400,13600,14100,7552,-0.0035335689045936647
2022-06-28,14200,14200,13850,14100,5202,0.0
2022-06-29,14100,14350,13800,14300,6692,0.014184397163120588
2022-06-30,15000,15200,13900,14450,9658,0.010489510489510412
2022-07-01,14300,14450,13800,14450,6162,0.0
2022-07-04,14450,14500,14000,14150,5458,-0.02076124567474047
2022-07-05,14200,14450,13950,14100,2454,-0.0035335689045936647
2022-07-06,14100,14100,13850,13950,2554,-0.010638297872340385
2022-07-07,14150,14500,13950,14100,3232,0.010752688172043001
2022-07-08,13950,14150,13950,14000,1974,-0.007092198581560294
2022-07-11,14500,14900,13900,14250,1754,0.017857142857142794
2022-07-12,13800,14300,13800,14150,2969,-0.007017543859649145
2022-07-13,14150,14150,13750,13900,5460,-0.017667844522968212
2022-07-14,13650,14000,13450,13900,6472,0.0
2022-07-15,13700,13850,13550,13850,3018,-0.003597122302158251
2022-07-18,14000,14000,13650,13750,4016,-0.0072202166064981865
2022-07-19,14000,14000,13650,13900,1710,0.01090909090909098
2022-07-20,13900,13900,13550,13700,5634,-0.014388489208633115
2022-07-21,13650,14050,13450,13950,7635,0.018248175182481674
2022-07-22,14200,14200,13650,14000,1113,0.0035842293906809264
2022-07-25,14000,14000,13300,13600,7856,-0.02857142857142858
2022-07-26,13650,13700,13200,13600,6254,0.0
2022-07-27,13600,13700,13550,13650,1264,0.003676470588235281
2022-07-28,13950,13950,13100,13250,15495,-0.02930402930402931
2022-07-29,13400,13400,13150,13400,5457,0.01132075471698113
2022-08-01,13400,13850,13200,13450,6139,0.003731343283582156
2022-08-02,13450,13850,13100,13300,5890,-0.01115241635687736
2022-08-03,13300,13300,12900,13300,10355,0.0
2022-08-04,13300,13600,12900,13000,9985,-0.022556390977443663
2022-08-05,13350,13500,12800,13100,4633,0.007692307692307665
2022-08-08,13250,13400,12950,13100,15398,0.0
2022-08-09,13150,13150,12950,13050,4001,-0.003816793893129722
2022-08-10,13100,13250,12950,13050,7873,0.0
2022-08-11,13400,13400,12950,13000,6744,-0.003831417624521105
2022-08-12,13400,13400,12750,12950,7757,-0.0038461538461538325
2022-08-16,13050,13350,12600,12750,8189,-0.015444015444015413
2022-08-17,12950,13200,12800,12850,18646,0.007843137254901933
2022-08-18,13000,13300,12700,13100,10089,0.01945525291828787
2022-08-19,13000,13500,12900,13100,7422,0.0
2022-08-22,13100,13150,12900,13000,2078,-0.007633587786259555
2022-08-23,12800,13500,12700,12900,1958,-0.007692307692307665
2022-08-24,13200,13200,12700,12850,2862,-0.003875968992248069
2022-08-25,12850,12950,12600,12800,10002,-0.0038910505836575737
2022-08-26,13300,13300,12650,12800,16849,0.0
2022-08-29,14050,14050,12550,12750,2250,-0.00390625
2022-08-30,12950,12950,12550,12750,3139,0.0
2022-08-31,12950,13000,12650,12750,2014,0.0
2022-09-01,12950,12950,12550,12600,4467,-0.0117647058823529
2022-09-02,12750,12750,12500,12600,4261,0.0
2022-09-05,12950,12950,12350,12400,5231,-0.015873015873015928
2022-09-06,12500,12500,12350,12500,2752,0.008064516129032251
2022-09-07,12500,12500,12250,12400,5553,-0.008000000000000007
2022-09-08,12400,12450,12250,12400,2087,0.0
2022-09-13,12400,12600,11850,12150,11953,-0.020161290322580627
2022-09-14,12500,12500,12050,12200,2569,0.004115226337448652
2022-09-15,12200,12250,11800,12050,10004,-0.012295081967213073
2022-09-16,12350,12450,11950,12100,2801,0.004149377593360981
2022-09-19,12100,12100,11850,11950,3971,-0.012396694214875992
2022-09-20,12050,12050,11700,12050,6279,0.008368200836819994
2022-09-21,12400,12400,11800,12000,4863,-0.004149377593360981
2022-09-22,11750,12050,11750,12000,2912,0.0
2022-09-23,12250,12250,11600,12000,6176,0.0
2022-09-26,12000,13400,12000,12550,29882,0.04583333333333339
2022-09-27,12550,13000,12300,12750,6667,0.015936254980079667
2022-09-28,12850,12850,12000,12300,5120,-0.03529411764705881
2022-09-29,12300,12300,11800,11900,5799,-0.03252032520325199
2022-09-30,12200,12200,11350,11750,6632,-0.012605042016806678
2022-10-04,12000,12000,11900,12000,1216,0.02127659574468077
2022-10-05,12450,12450,11750,12100,5077,0.008333333333333304
2022-10-06,12300,12300,11900,12100,2264,0.0
2022-10-07,12400,12400,11900,12000,1558,-0.008264462809917328
2022-10-11,12000,12100,11200,11500,5451,-0.04166666666666663
2022-10-12,11550,11550,10800,10900,5993,-0.05217391304347829
2022-10-13,11400,11400,10250,10500,4873,-0.03669724770642202
2022-10-14,10550,10950,10500,10850,4171,0.03333333333333344
2022-10-17,10900,11250,10750,10850,5120,0.0
2022-10-18,11200,11200,10500,10750,4978,-0.009216589861751112
2022-10-19,10950,10950,10200,10200,9210,-0.051162790697674376
2022-10-20,10200,10700,9990,10100,6782,-0.009803921568627416
2022-10-21,10100,10100,9990,10000,5479,-0.00990099009900991
2022-10-24,10000,10250,9990,10150,2204,0.014999999999999902
2022-10-25,11500,11500,10150,10600,533,0.044334975369458185
2022-10-26,10800,10800,10400,10750,509,0.014150943396226356
2022-10-27,10700,10750,9800,10250,2554,-0.046511627906976716
2022-10-28,10100,10500,10000,10500,2239,0.024390243902439046
2022-10-31,10400,10850,10400,10800,3425,0.02857142857142847
2022-11-01,10800,11450,10800,11200,4585,0.03703703703703698
2022-11-02,11450,11800,11000,11600,1490,0.03571428571428581
2022-11-03,11700,11800,11100,11750,1301,0.012931034482758674
2022-11-04,11500,11500,11000,11450,875,-0.025531914893617058
2022-11-07,11450,11750,10900,11250,1938,-0.017467248908296984
2022-11-08,10900,11350,10650,11300,1913,0.004444444444444473
2022-11-09,11100,11750,11100,11550,2171,0.022123893805309658
2022-11-10,11650,11650,11100,11400,3482,-0.012987012987012991
2022-11-11,11600,11800,11200,11550,1952,0.013157894736842035
2022-11-14,11700,11700,10950,11100,6329,-0.038961038961038974
2022-11-15,11100,11100,10400,10400,13626,-0.06306306306306309
2022-11-16,10350,10450,10300,10450,4127,0.004807692307692291
2022-11-17,10450,10450,10000,10350,5822,-0.009569377990430672
2022-11-18,10350,10350,10000,10150,4383,-0.019323671497584516
2022-11-21,10350,10350,10050,10200,4080,0.0049261083743843415
2022-11-22,10200,10800,10000,10100,2283,-0.009803921568627416
2022-11-23,10200,10200,9900,9990,3829,-0.0108910891089109
2022-11-24,10100,10100,9860,9990,2278,0.0
2022-11-25,10500,10500,9860,9990,1469,0.0
2022-11-28,10400,10400,9810,10000,4885,0.0010010010010010895
2022-11-29,10000,10000,9820,9960,2190,-0.0040000000000000036
2022-11-30,10000,10000,9900,10000,1114,0.004016064257028162
2022-12-01,10000,10450,9860,9900,3706,-0.010000000000000009
2022-12-02,9890,9980,9880,9960,1647,0.0060606060606061
2022-12-05,8520,9920,8520,9640,8602,-0.032128514056224855
2022-12-06,9980,9980,9300,9300,2253,-0.03526970954356845
2022-12-07,9600,9600,8660,9270,12170,-0.003225806451612856
2022-12-08,9300,9390,8810,9280,906,0.0010787486515642097
2022-12-09,9200,9550,9010,9510,1115,0.024784482758620774
2022-12-12,9610,9610,9300,9440,653,-0.007360672975814886
2022-12-13,9540,9540,9100,9280,1514,-0.016949152542372836
2022-12-14,9400,9550,9110,9220,5978,-0.006465517241379337
2022-12-15,9200,9200,8620,8940,5655,-0.030368763557483747
2022-12-16,9180,9180,8750,8930,1618,-0.0011185682326622093
2022-12-19,8990,9000,8650,8930,1493,0.0
2022-12-20,8920,8920,8660,8840,3774,-0.01007838745800671
2022-12-21,8840,8840,8500,8560,8209,-0.03167420814479638
2022-12-22,8800,8800,8210,8210,6180,-0.04088785046728971
2022-12-23,8090,9000,7510,8400,20458,0.023142509135200884
2022-12-26,8600,8790,8000,8150,7593,-0.029761904761904767
2022-12-27,8200,8400,8030,8340,702,0.02331288343558291
2022-12-28,8330,8330,8050,8170,1994,-0.020383693045563533
2022-12-29,8170,8170,8020,8100,5769,-0.008567931456548328
2023-01-02,8100,8400,8000,8050,4341,-0.006172839506172867
2023-01-03,8400,8400,8010,8270,812,0.027329192546583947
2023-01-04,8400,8800,8030,8600,4334,0.03990326481257567
2023-01-05,8800,9270,8600,9260,7290,0.07674418604651168
2023-01-06,9600,9650,9000,9440,4864,0.01943844492440605
2023-01-09,9500,9500,9220,9330,4982,-0.01165254237288138
2023-01-10,9580,9580,9200,9320,4182,-0.001071811361200381
2023-01-11,9400,9470,9250,9470,1342,0.016094420600858417
2023-01-12,9500,9690,9460,9650,2025,0.019007391763463666
2023-01-13,9680,10200,9670,9940,5353,0.030051813471502653
2023-01-16,9900,10200,9900,10000,9477,0.006036217303822866
2023-01-17,10000,10000,9830,9890,4671,-0.01100000000000001
2023-01-18,10000,10000,9350,9900,3592,0.0010111223458038054
2023-01-19,9890,9900,9400,9400,4779,-0.0505050505050505
2023-01-20,9400,9900,9340,9890,1911,0.05212765957446819
2023-01-25,9890,10000,9800,9900,5755,0.0010111223458038054
2023-01-26,10000,10000,9890,9940,6298,0.004040404040404066
2023-01-27,10000,10000,9860,9900,1997,-0.004024144869215318
2023-01-30,9900,10190,9850,9900,2521,0.0
2023-01-31,10150,10170,9810,10000,1845,0.010101010101010166
2023-02-01,9900,10200,9900,10100,5740,0.010000000000000009
2023-02-02,10240,10250,9910,9920,3978,-0.017821782178217838
2023-02-03,10300,10300,9860,10070,1772,0.015120967741935498
2023-02-06,10000,10450,9950,10040,6549,-0.002979145978152964
2023-02-07,10350,10350,9930,10150,8684,0.010956175298804771
2023-02-08,10270,10270,9900,10190,3634,0.003940886699507429
2023-02-09,10350,10800,10000,10780,5484,0.05789990186457317
2023-02-10,10780,12000,10780,11990,15409,0.11224489795918369
2023-02-13,12000,12490,11990,12000,20489,0.0008340283569641116
2023-02-14,12000,12000,11700,12000,4010,0.0
2023-02-15,12390,12990,12000,12700,7387,0.05833333333333335
2023-02-16,12990,13500,12710,13450,13369,0.059055118110236116
2023-02-17,13450,14570,13450,14430,24448,0.07286245353159848
2023-02-20,14740,15420,14740,15300,19261,0.06029106029106024
2023-02-21,15470,15470,14700,14710,11470,-0.03856209150326795
2023-02-22,15450,15450,14480,14860,7025,0.010197144799456215
2023-02-23,15000,15000,13250,14240,12430,-0.04172274562584122
2023-02-24,14240,14240,13650,14190,6736,-0.0035112359550562022
2023-02-27,14490,14970,13600,14330,11191,0.009866102889358741
2023-02-28,14450,14880,14200,14790,11505,0.032100488485694356
2023-03-02,14980,15400,14050,14490,7730,-0.020283975659229236
2023-03-03,14480,14490,14020,14110,2731,-0.026224982746721914
2023-03-06,14110,14350,13600,13830,12853,-0.01984408221119771
2023-03-07,13990,13990,13030,13600,14719,-0.016630513376717282
2023-03-08,13700,13800,13310,13800,3783,0.014705882352941124
2023-03-09,14000,14240,13400,13760,5264,-0.0028985507246376274
2023-03-10,13800,13800,13330,13650,1300,-0.007994186046511587
2023-03-13,13980,13980,13020,13210,6982,-0.03223443223443223
2023-03-14,13650,13650,12850,13030,2659,-0.01362604087812258
2023-03-15,13440,13440,12830,13120,8376,0.0069071373752878085
2023-03-16,13240,13240,12380,12990,5017,-0.009908536585365835
2023-03-17,13500,13690,12670,13180,2221,0.014626635873749017
2023-03-20,13490,13490,12620,13150,4823,-0.0022761760242792084
2023-03-21,13160,13160,12680,12750,3755,-0.03041825095057038
2023-03-22,13370,13370,12070,12480,1879,-0.02117647058823524
2023-03-23,12480,12800,10620,12180,7366,-0.024038461538461564
2023-03-24,12490,12490,11500,11830,5507,-0.028735632183908066
2023-03-27,11940,11940,11150,11600,3301,-0.019442096365173245
2023-03-28,11190,11600,11190,11560,1188,-0.0034482758620689724
2023-03-29,11490,12000,11490,11750,2718,0.016435986159169635
2023-03-30,12460,12460,11700,11860,5465,0.009361702127659521
2023-03-31,11860,12460,11790,12100,2435,0.02023608768971341
2023-04-03,12100,12500,11800,12020,4586,-0.006611570247933907
2023-04-04,11990,12470,11990,12040,2019,0.0016638935108153063
2023-04-05,12500,12970,11900,12270,2066,0.01910299003322269
2023-04-06,12980,12980,12200,12400,1057,0.010594947025264867
2023-04-07,12790,12790,12130,12550,4299,0.012096774193548487
2023-04-10,12890,13850,12370,13500,18222,0.07569721115537842
2023-04-11,13000,13900,13000,13400,11952,-0.007407407407407418
2023-04-12,13500,13690,13280,13460,6351,0.004477611940298498
2023-04-13,13030,13490,12530,13490,10131,0.0022288261515601704
2023-04-14,13010,13470,12800,13140,3483,-0.02594514455151964
2023-04-17,13140,13500,13000,13090,6720,-0.003805175038051778
2023-04-18,13440,13440,12990,13080,11385,-0.0007639419404125158
2023-04-19,13430,13430,12640,12800,4979,-0.021406727828746197
2023-04-20,13440,13440,12600,12700,4415,-0.0078125
2023-04-21,12800,12800,12310,12460,3777,-0.018897637795275646
2023-04-24,12780,12780,12120,12380,1152,-0.006420545746388395
2023-04-25,12380,12890,12150,12380,755,0.0
2023-04-26,12760,12760,12020,12440,910,0.004846526655896577
2023-04-27,12780,12780,12220,12290,2037,-0.01205787781350487
2023-04-28,12030,12740,11970,12000,5787,-0.02359641985353944
2023-05-02,12280,12290,11750,12090,1463,0.007500000000000062
2023-05-03,12000,12260,11980,12250,1267,0.013234077750206685
2023-05-04,12470,12470,11760,12000,2891,-0.020408163265306145
2023-05-08,12480,12480,11950,11990,556,-0.0008333333333333526
2023-05-09,11990,12290,11900,12000,3938,0.0008340283569641116
2023-05-10,12470,12470,12000,12290,6877,0.02416666666666667
2023-05-11,12480,12480,10700,12290,3090,0.0
2023-05-12,12280,12290,12100,12230,77601,-0.004882017900732283
2023-05-15,12500,12700,12080,12650,10280,0.03434178250204423
2023-05-16,12780,12820,12080,12080,9951,-0.04505928853754937
2023-05-17,12380,12980,12080,12550,6783,0.038907284768211925
2023-05-18,12900,12900,12380,12900,4295,0.027888446215139417
2023-05-19,12900,12980,12400,12950,4001,0.003875968992248069
2023-05-22,12900,13030,12800,12800,1746,-0.01158301158301156
2023-05-23,13120,13120,12880,13080,8230,0.02187500000000009
2023-05-24,13260,13290,13080,13080,7266,0.0
2023-05-25,13480,13480,12650,12810,4461,-0.020642201834862428
2023-05-26,12610,13390,12500,12840,3744,0.0023419203747072626
2023-05-30,12840,12980,12600,12840,6134,0.0
2023-05-31,12990,12990,12500,12980,16336,0.010903426791277315
2023-06-01,13440,14480,13010,13330,4518,0.026964560862865916
2023-06-02,13490,13490,13290,13440,1305,0.008252063015753874
2023-06-05,13500,13500,13000,13220,7927,-0.016369047619047672
2023-06-07,13370,13370,12800,12980,5657,-0.018154311649016597
2023-06-08,13280,13280,12550,13040,3554,0.0046224961479199855
2023-06-09,13160,13160,12740,13070,1672,0.0023006134969325576
2023-06-12,13070,13260,12770,13000,6164,-0.005355776587605221
2023-06-13,13000,13260,12750,12870,8362,-0.010000000000000009
2023-06-14,13160,13160,12800,13150,9700,0.02175602175602176
2023-06-15,12900,13190,12850,12980,4168,-0.012927756653992373
2023-06-16,13180,13180,12890,13080,4426,0.007704160246533087
2023-06-19,13170,13170,12790,12910,12784,-0.012996941896024516
2023-06-20,13140,13140,12120,12860,11670,-0.0038729666924864903
2023-06-21,12890,12980,12860,12960,1341,0.007776049766718529
2023-06-22,12970,12970,12950,12970,2257,0.0007716049382715529
2023-06-23,13000,13090,12710,13000,3722,0.0023130300693909867
2023-06-26,13160,13160,12750,12790,5369,-0.016153846153846185
2023-06-27,12790,12950,12700,12930,1016,0.010946051602814588
2023-06-28,13110,13110,12760,12760,2256,-0.013147718484145421
2023-06-29,13150,13150,12500,12790,6124,0.0023510971786833146
2023-06-30,13000,13150,12600,12890,45985,0.007818608287724738
2023-07-03,13100,13490,12700,13200,5884,0.024049650892164376
2023-07-04,13200,13470,13120,13400,9422,0.015151515151515138
2023-07-05,13400,13450,12830,13040,6869,-0.0268656716417911
2023-07-06,13430,13430,12860,13050,7893,0.0007668711656441118
2023-07-07,13380,13380,13000,13270,3754,0.01685823754789273
2023-07-10,13460,13460,13100,13370,1840,0.007535795026375247
2023-07-11,13400,13500,13080,13380,4797,0.0007479431563202077
2023-07-12,13480,13480,13300,13300,1547,-0.005979073243647215
2023-07-13,13480,13990,13010,13340,2849,0.003007518796992459
2023-07-14,13200,13940,13070,13300,3941,-0.0029985007496251548
2023-07-17,13080,13190,13020,13120,2584,-0.013533834586466176
2023-07-18,13900,13900,12800,12800,6947,-0.024390243902439046
2023-07-19,13000,13000,12700,12810,8742,0.0007812499999999556
2023-07-20,13180,13180,12790,12940,11705,0.010148321623731471
2023-07-21,12910,12940,12750,12900,2658,-0.0030911901081916993
2023-07-24,12900,13000,12550,12550,3341,-0.027131782945736482
2023-07-25,12960,12960,12410,12740,3115,0.015139442231075773
2023-07-26,12940,12940,12020,12210,7210,-0.04160125588697017
2023-07-27,12210,12730,12000,12060,4913,-0.012285012285012331
2023-07-28,12500,12500,11840,12150,1149,0.00746268656716409
2023-07-31,12720,12720,12010,12540,359,0.032098765432098775
2023-08-01,12700,12700,12150,12600,2966,0.004784688995215225
2023-08-02,12290,12400,10720,12380,18665,-0.01746031746031751
2023-08-03,11990,11990,11450,11470,8259,-0.07350565428109856
2023-08-04,11000,11640,10780,11600,14871,0.011333914559721103
2023-08-07,12000,12390,11060,11940,3002,0.02931034482758621
2023-08-08,11940,11940,11230,11540,7063,-0.03350083752093802
2023-08-09,12340,12340,11500,11760,1733,0.01906412478336228
2023-08-10,12000,12330,11200,11750,3758,-0.0008503401360544505
2023-08-11,12000,12360,11410,12280,3408,0.04510638297872349
2023-08-14,12330,12330,11200,11790,13393,-0.03990228013029318
2023-08-16,11400,11800,11350,11540,2584,-0.02120441051738764
2023-08-17,12000,12000,11160,11450,3394,-0.0077989601386482255
2023-08-18,11500,11990,11180,11490,3545,0.003493449781659441
2023-08-21,11240,11590,11130,11260,18940,-0.020017406440382968
2023-08-22,11990,11990,11150,11220,1473,-0.003552397868561319
2023-08-23,11800,11800,10850,10850,7246,-0.03297682709447414
2023-08-24,11500,11500,10700,11050,3199,0.018433179723502224
2023-08-25,11370,11370,11050,11300,1197,0.02262443438914019
2023-08-28,12400,12400,11300,12280,5574,0.08672566371681412
2023-08-29,12280,12390,11860,11860,2547,-0.03420195439739415
2023-08-30,11990,11990,11260,11880,3708,0.001686340640809414
2023-08-31,11990,11990,11800,11980,4860,0.008417508417508435
2023-09-01,12550,12550,11900,11900,3072,-0.006677796327211993
2023-09-04,12000,12000,10500,11070,36889,-0.06974789915966384
2023-09-05,11810,11810,10820,11390,4352,0.028906955736224038
2023-09-06,11970,12300,11130,12230,13788,0.07374890254609312
2023-09-07,12900,12900,11800,11840,9583,-0.031888798037612465
2023-09-08,12460,12500,11840,12000,13129,0.013513513513513598
2023-09-11,12500,12500,11910,12190,19308,0.015833333333333366
2023-09-12,12400,12400,11870,12020,9534,-0.013945857260049266
2023-09-13,12370,12370,11910,12200,12516,0.014975041597337757
2023-09-14,12000,12900,11820,12140,19283,-0.004918032786885296
2023-09-15,11800,12250,10500,11900,19675,-0.01976935749588138
2023-09-18,12450,12450,11500,11730,2741,-0.014285714285714235
2023-09-19,11890,11890,11400,11740,1469,0.0008525149190110604
2023-09-20,11890,11890,11520,11750,6250,0.0008517887563883608
2023-09-21,11620,11990,11580,11740,4749,-0.0008510638297872797
2023-09-22,11870,11870,11300,11330,3415,-0.034923339011925014
2023-09-25,11960,11960,11100,11520,1278,0.01676963812886134
2023-09-26,11850,11850,11370,11530,3556,0.0008680555555555802
2023-09-27,11800,11800,11270,11640,1675,0.0095403295750216
2023-10-04,11500,11910,11230,11460,2774,-0.015463917525773141
2023-10-05,11260,11860,11260,11490,956,0.002617801047120505
2023-10-06,11400,11770,10130,11020,3344,-0.04090513489991299
2023-10-10,10520,11430,10520,10890,3442,-0.011796733212341204
2023-10-11,10890,11200,10500,10980,1690,0.008264462809917328
2023-10-12,11560,11560,10780,10980,903,0.0
2023-10-13,10580,11000,10550,10790,4580,-0.01730418943533696
2023-10-16,11950,11950,10620,10810,1013,0.001853568118628468
2023-10-17,11440,11440,10510,10790,1937,-0.0018501387604070718
2023-10-18,11430,11430,10270,10540,3625,-0.023169601482854518
2023-10-19,10590,10590,9890,10030,44308,-0.048387096774193505
2023-10-20,9800,10400,9410,9410,3344,-0.061814556331006965
2023-10-23,9800,10000,8200,9220,9845,-0.020191285866099862
2023-10-24,9250,9250,8520,9090,5022,-0.014099783080260275
2023-10-25,9190,9190,8800,8820,2098,-0.02970297029702973
2023-10-26,9000,9000,8600,8800,5738,-0.0022675736961451642
2023-10-27,8980,8980,8600,8870,916,0.007954545454545547
2023-10-30,9000,9400,8870,9000,2485,0.014656144306651742
2023-10-31,8990,9000,8330,8720,747,-0.03111111111111109
2023-11-01,8800,8800,8020,8550,1890,-0.019495412844036664
2023-11-02,8400,8550,8220,8340,3959,-0.024561403508771895
2023-11-03,8600,8950,8380,8470,2656,0.015587529976019088
2023-11-06,8590,8800,8360,8410,8273,-0.00708382526564344
2023-11-07,8600,8600,8200,8500,7174,0.010701545778834642
2023-11-08,8590,8600,8300,8600,3752,0.0117647058823529
2023-11-09,8790,8790,8370,8430,4619,-0.019767441860465085
2023-11-10,8600,8600,8400,8510,3578,0.009489916963226541
2023-11-13,8800,9000,8500,8510,688,0.0
2023-11-14,8780,9080,8430,8870,6573,0.04230317273795525
2023-11-15,8990,8990,8790,8950,1882,0.00901916572717032
2023-11-16,8990,8990,8890,8950,2707,0.0
2023-11-17,9000,9200,8700,8980,3462,0.003351955307262511
2023-11-20,9000,9190,8830,9030,871,0.0055679287305121505
2023-11-21,9200,9400,8840,8890,1401,-0.015503875968992276
2023-11-22,9190,9190,8670,8770,2422,-0.013498312710911176
2023-11-23,8970,8970,8430,8540,4268,-0.026225769669327215
2023-11-24,8600,8600,8400,8550,2389,0.0011709601873535203
2023-11-27,8600,9830,8410,9550,5889,0.11695906432748537
2023-11-28,9410,10460,9410,10300,5417,0.07853403141361248
2023-11-29,10200,10200,9840,10000,2399,-0.029126213592232997
2023-11-30,10000,10500,9150,9880,4097,-0.01200000000000001
2023-12-01,9990,10500,9760,9900,913,0.002024291497975783
2023-12-04,10000,10500,10000,10100,1645,0.02020202020202011
2023-12-05,10460,10460,9900,10000,2092,-0.00990099009900991
2023-12-06,10480,10480,9880,10250,3449,0.02499999999999991
2023-12-07,10500,10600,9610,10000,7074,-0.024390243902439046
2023-12-08,10480,10480,9900,10260,3879,0.026000000000000023
2023-12-11,10260,10260,9350,9870,4124,-0.03801169590643272
2023-12-12,9870,10000,9600,9880,15927,0.0010131712259371373
2023-12-13,9880,9880,9670,9850,3007,-0.0030364372469635637
2023-12-14,10000,10200,9690,9800,7341,-0.005076142131979711
2023-12-15,8330,8330,8330,8330,4333,-0.15000000000000002
2023-12-18,7090,7090,7090,7090,5544,-0.14885954381752697
2023-12-19,6030,6800,6030,6030,239468,-0.14950634696755993
2023-12-20,6030,6350,5890,6260,32732,0.03814262023217241
2023-12-21,6350,6350,5980,5990,28588,-0.04313099041533541
2023-12-22,6080,6080,5700,5980,22046,-0.0016694490818029983
2023-12-26,5900,6400,5900,6100,10527,0.02006688963210701
2023-12-27,6100,6340,6100,6160,6192,0.009836065573770592
2023-12-28,6400,6400,6150,6220,8844,0.009740259740259827
2024-01-02,6220,6270,5890,6000,14989,-0.03536977491961413
2024-01-03,6000,6150,5900,6070,9125,0.011666666666666714
2024-01-04,6140,6140,5820,5900,8465,-0.028006589785831926
2024-01-05,6180,6180,5780,5790,11900,-0.01864406779661021
2024-01-08,5990,6000,5620,5660,15331,-0.022452504317789335
2024-01-09,5600,5750,4820,4820,42097,-0.14840989399293292
2024-01-10,4970,4970,4100,4300,73207,-0.10788381742738584
2024-01-11,4300,4945,4205,4795,54870,0.11511627906976751
2024-01-12,4995,4995,4200,4375,42578,-0.08759124087591241
2024-01-15,4300,4595,4165,4585,16784,0.04800000000000004
2024-01-16,4600,5270,4370,5000,29324,0.09051254089422023
2024-01-17,5000,5100,4610,4800,11043,-0.040000000000000036
2024-01-18,4795,4850,4520,4700,5930,-0.02083333333333337
2024-01-19,4500,4795,4500,4700,8037,0.0
2024-01-22,4700,4800,4515,4620,6407,-0.017021276595744705
2024-01-23,4590,4700,4360,4690,3719,0.015151515151515138
2024-01-24,4650,4700,4300,4695,6235,0.0010660980810235365
2024-01-25,4415,4740,4415,4600,6061,-0.020234291799786974
2024-01-26,4700,4995,4700,4850,7207,0.05434782608695654
2024-01-29,5000,5000,4500,4525,14907,-0.0670103092783505
2024-01-30,4690,4690,4315,4325,27640,-0.04419889502762431
2024-01-31,4400,4400,3835,3875,37799,-0.10404624277456642
2024-02-01,3990,3990,3640,3770,24583,-0.02709677419354839
2024-02-02,3890,3900,3225,3225,35836,-0.14456233421750664
2024-02-05,3200,3380,3015,3075,19318,-0.046511627906976716
2024-02-06,3195,3535,3020,3535,25755,0.1495934959349594
2024-02-07,3400,3800,3200,3380,5807,-0.04384724186704381
2024-02-08,3500,3600,3220,3595,6974,0.06360946745562135
2024-02-13,3600,4100,3600,3800,12779,0.057023643949930536
2024-02-14,3895,3900,3720,3880,32107,0.021052631578947434
2024-02-15,3735,3935,3730,3730,34100,-0.03865979381443296
2024-02-16,4000,4000,3455,3940,16268,0.05630026809651478
2024-02-19,4000,4000,3880,3880,6904,-0.015228426395939132
2024-02-20,4000,4000,3865,3900,2282,0.005154639175257714
2024-02-21,4280,4280,3855,4090,23730,0.04871794871794877
2024-02-22,4090,4090,3815,3830,9515,-0.0635696821515892
2024-02-23,3830,4100,3260,3740,19719,-0.023498694516971286
2024-02-26,3750,3750,3560,3750,3839,0.002673796791443861
2024-02-27,3770,3900,3665,3780,5365,0.008000000000000007
2024-02-28,3900,3900,3680,3780,7624,0.0
2024-02-29,3850,3850,3620,3650,10091,-0.03439153439153442
2024-03-04,3900,3900,3600,3600,4548,-0.013698630136986356
2024-03-05,3600,3640,3425,3635,2570,0.009722222222222188
2024-03-06,3520,3685,3450,3510,6239,-0.03438789546079779
2024-03-07,3510,3575,3365,3480,2368,-0.008547008547008517
2024-03-08,3515,3515,3400,3475,3994,-0.001436781609195359
2024-03-11,3540,3540,3240,3340,14940,-0.03884892086330938
2024-03-12,3490,3490,3240,3410,6184,0.020958083832335328
2024-03-13,3450,3450,3270,3390,5081,-0.0058651026392961825
2024-03-14,3500,3500,3285,3390,1774,0.0
2024-03-15,3390,3390,3330,3380,1956,-0.002949852507374673
2024-03-18,3450,3495,3365,3450,8338,0.020710059171597628
2024-03-19,3500,3500,3305,3450,5546,0.0
2024-03-20,3450,3500,3110,3325,10122,-0.036231884057971064
2024-03-21,3255,3325,2830,3290,34162,-0.010526315789473717
2024-03-22,3295,3700,2800,3700,61993,0.12462006079027366
2024-03-25,4255,4255,3935,4135,104933,0.11756756756756759
2024-03-26,4245,4245,3700,3710,34447,-0.10278113663845223
2024-03-27,3790,4265,3605,4100,16891,0.10512129380053903
2024-03-28,4715,4715,4200,4390,115330,0.07073170731707323
2024-03-29,4330,4585,4270,4385,41892,-0.001138952164009166
2024-04-01,4385,4500,4340,4385,31732,0.0
2024-04-02,4500,5040,4335,5040,17648,0.1493728620296466
2024-04-03,5200,5790,5200,5790,15898,0.14880952380952372
2024-04-04,6650,6650,6640,6650,9334,0.14853195164075994
2024-04-05,7640,7640,6640,7430,77236,0.11729323308270678
2024-04-08,7100,7590,6820,7160,19150,-0.03633916554508754
2024-04-09,6880,7180,6510,6800,11367,-0.05027932960893855
2024-04-11,6800,6800,5920,5920,16497,-0.12941176470588234
2024-04-12,5800,6120,5090,5590,39077,-0.0557432432432432
2024-04-15,5400,5600,4800,4855,24991,-0.13148479427549198
2024-04-16,4700,4910,4210,4405,32713,-0.09268795056642631
2024-04-17,4500,4990,4320,4720,12273,0.07150964812712823
2024-04-18,5000,5400,5000,5310,6997,0.125
2024-04-19,5490,5890,4990,5180,9812,-0.024482109227871973
2024-04-22,5320,5330,4805,4845,9346,-0.06467181467181471
2024-04-23,5050,5050,4415,4550,14046,-0.0608875128998968
2024-04-24,4550,4700,4430,4530,2526,-0.00439560439560438
2024-04-25,4700,4700,4350,4495,13047,-0.007726269315673329
2024-04-26,4360,5000,4360,4815,4559,0.07119021134593995
2024-04-29,4900,5000,4705,4900,8954,0.017653167185877505
2024-04-30,5000,5100,4800,4850,5263,-0.010204081632653073
2024-05-02,5000,5000,4510,4700,4731,-0.030927835051546393
2024-05-03,4800,4800,4550,4780,7584,0.017021276595744705
2024-05-07,4800,4875,4620,4620,1999,-0.03347280334728031
2024-05-08,4900,4900,4350,4450,9524,-0.03679653679653683
2024-05-09,4600,4600,4215,4295,14912,-0.03483146067415732
2024-05-10,4490,4490,4135,4230,5248,-0.015133876600698537
2024-05-13,4255,4280,4110,4280,6493,0.011820330969267046
2024-05-14,4905,4905,4075,4430,11851,0.035046728971962704
2024-05-16,4210,4390,4100,4150,8529,-0.06320541760722342
2024-05-17,4290,4290,3975,4005,12685,-0.034939759036144546
2024-05-20,4200,4200,4000,4000,3977,-0.0012484394506866447
2024-05-21,4190,4190,3880,3885,9465,-0.028750000000000053
2024-05-22,4095,4095,3600,3900,12536,0.0038610038610038533
2024-05-23,3850,4000,3315,3780,51704,-0.03076923076923077
2024-05-24,3470,3995,3470,3985,2406,0.05423280423280419
2024-05-27,4000,4160,3805,3965,4389,-0.005018820577164407
2024-05-28,4080,4080,3800,3990,3133,0.006305170239596425
2024-05-29,4000,4095,3905,4065,2029,0.018796992481203034
2024-05-30,4100,4190,4000,4080,3523,0.0036900369003689537
2024-05-31,4150,4200,4000,4090,10937,0.002450980392156854
2024-06-03,4085,4090,3915,4030,11069,-0.014669926650366705
2024-06-04,4200,4200,3900,4140,7004,0.027295285359801413
2024-06-05,4140,4140,3905,4040,3314,-0.024154589371980673
2024-06-07,4190,4190,3900,4005,4361,-0.008663366336633671
2024-06-10,4085,4090,4000,4080,10350,0.01872659176029967
2024-06-11,4100,4690,3955,4690,27283,0.14950980392156854
2024-06-12,4990,5320,4330,4950,24745,0.05543710021321968
2024-06-13,5000,5690,4990,5690,49146,0.14949494949494957
2024-06-14,6010,6540,6010,6540,81351,0.14938488576449904
2024-06-17,6540,6800,6230,6470,21999,-0.010703363914373099
2024-06-18,6510,6530,5500,5820,75567,-0.10046367851622873
2024-06-19,5900,6490,5600,6490,41176,0.11512027491408938
2024-06-20,7300,7430,6060,6200,46379,-0.044684129429892194
2024-06-21,6200,6200,5630,5900,11761,-0.048387096774193505
2024-06-24,5600,5900,5500,5740,3190,-0.027118644067796627
2024-06-25,6000,6000,5740,6000,5991,0.04529616724738683
2024-06-26,6200,6410,5790,5980,4778,-0.0033333333333332993
2024-06-27,6010,6010,5700,5810,5108,-0.02842809364548493
2024-06-28,5970,5970,5650,5810,2872,0.0
2024-07-01,5950,6140,5750,5900,3492,0.015490533562822817
2024-07-02,6000,6320,5430,5880,5571,-0.003389830508474523
2024-07-03,5600,6190,5600,5870,799,-0.00170068027210879
2024-07-04,6000,6000,5700,5850,508,-0.0034071550255536653
2024-07-05,5950,6090,5500,6060,16397,0.03589743589743599
2024-07-08,6960,6960,6550,6960,184187,0.14851485148514842
2024-07-09,7200,7380,6760,6760,58470,-0.028735632183908066
2024-07-10,6900,6900,6250,6420,27627,-0.050295857988165715
2024-07-11,6410,6800,6090,6770,22003,0.054517133956386354
2024-07-12,6780,6800,6380,6690,7091,-0.011816838995568735
2024-07-15,6500,6690,6090,6090,25437,-0.08968609865470856
2024-07-16,6490,6540,6070,6120,11911,0.0049261083743843415
2024-07-17,6320,6320,5900,5990,13076,-0.021241830065359513
2024-07-18,6000,6100,5450,6080,26190,0.015025041736226985
2024-07-19,6200,6200,5800,6190,5104,0.018092105263157965
2024-07-22,6200,6200,5920,5940,5250,-0.04038772213247177
2024-07-23,6160,6160,5820,5900,7734,-0.006734006734006703
2024-07-24,6150,6190,5280,6050,34923,0.025423728813559254
2024-07-25,6200,6200,5200,5970,18019,-0.013223140495867813
2024-07-26,5970,6390,5610,6110,3546,0.02345058626465657
2024-07-29,5880,6180,5830,6030,2650,-0.013093289689034338
2024-07-30,5810,6100,5500,6030,9587,0.0
2024-07-31,5970,6150,5810,5860,2682,-0.028192371475953548
2024-08-01,6100,6100,5760,6080,2437,0.03754266211604085
2024-08-02,5800,6100,5690,6100,4199,0.00328947368421062
2024-08-05,5800,6100,5500,5760,26488,-0.05573770491803276
2024-08-06,5800,5800,5550,5800,7815,0.00694444444444442
2024-08-07,5780,5970,5600,5930,11976,0.022413793103448265
2024-08-08,5990,6200,5710,5940,12540,0.001686340640809414
2024-08-09,5740,6070,5720,5890,10153,-0.008417508417508435
2024-08-12,5830,5840,5660,5760,7947,-0.022071307300509324
2024-08-13,5990,6040,5690,5760,20554,0.0
2024-08-14,5760,5970,5010,5760,31502,0.0
2024-08-16,5990,5990,5620,5790,9088,0.005208333333333259
2024-08-19,5630,5990,5460,5580,8958,-0.03626943005181349
2024-08-20,5770,5770,5290,5300,22530,-0.05017921146953408
2024-08-21,5570,5570,5120,5230,19326,-0.013207547169811318
2024-08-22,5400,5400,5150,5320,8187,0.017208413001912115
2024-08-23,5390,6110,5300,6110,22236,0.1484962406015038
2024-08-26,6400,6570,6020,6300,16727,0.03109656301145658
2024-08-27,6390,6390,6060,6280,6960,-0.0031746031746031633
2024-08-28,6170,6400,6130,6340,5785,0.009554140127388644
2024-08-29,6110,6590,6110,6350,11416,0.001577287066246047
2024-08-30,6230,6490,6210,6380,7822,0.0047244094488188
2024-09-02,6390,6570,6200,6500,9944,0.018808777429467183
2024-09-03,6310,6550,6310,6500,3240,0.0
2024-09-04,6490,6500,6010,6500,4056,0.0
2024-09-05,6550,6550,6300,6470,6600,-0.004615384615384577
2024-09-06,6500,6520,6200,6500,8356,0.004636785162287493
2024-09-09,6260,6530,6260,6460,6376,-0.006153846153846176
2024-09-10,6490,6490,6150,6220,23962,-0.037151702786377694
2024-09-11,6300,7150,6220,7080,38041,0.13826366559485526
2024-09-12,7300,8140,7140,8140,73389,0.14971751412429368
2024-09-13,8580,9080,8170,8450,36660,0.03808353808353804
2024-09-19,8550,8950,8270,8570,15187,0.014201183431952646
2024-09-20,8800,9200,8540,9110,41599,0.06301050175029177
2024-09-23,9190,9400,8500,9140,18728,0.003293084522502765
2024-09-24,9140,9350,8910,9340,10938,0.02188183807439814
2024-09-25,9390,9490,9320,9470,30983,0.013918629550321304
2024-09-26,9580,10890,9580,10890,61241,0.149947201689546
2024-09-27,12000,12450,11390,11940,40796,0.09641873278236912
2024-09-30,12300,12660,11950,12610,35850,0.05611390284757123
2024-10-02,12800,13000,12440,12790,25722,0.014274385408405976
2024-10-04,12820,12900,12500,12800,15422,0.0007818608287724071
2024-10-07,12800,12890,11500,11690,20759,-0.08671874999999996
2024-10-08,11400,12400,10720,11110,15104,-0.04961505560307955
2024-10-10,11130,11500,10450,11400,15857,0.026102610261026005
2024-10-11,11500,11990,10860,11300,20480,-0.00877192982456143
2024-10-14,11500,11680,10700,11350,10365,0.004424778761061843
2024-10-15,11400,11640,10910,11500,6299,0.013215859030837107
2024-10-16,11490,12000,11200,11700,5965,0.017391304347825987
2024-10-17,11750,12050,11400,11710,6836,0.0008547008547008517
2024-10-18,11900,11940,11390,11770,7341,0.005123825789923098
2024-10-21,11990,12000,11590,11590,10407,-0.015293118096856406
2024-10-22,11700,11700,11190,11400,7843,-0.016393442622950838
2024-10-23,11550,11550,10100,11300,3939,-0.00877192982456143
2024-10-24,11500,11760,11190,11330,6227,0.0026548672566371057
2024-10-25,11320,11330,10500,11060,13892,-0.02383053839364524
2024-10-28,11190,11190,10600,11040,17798,-0.001808318264014508
2024-10-29,11200,11590,9390,11040,8962,0.0
2024-10-30,11200,11300,10310,11180,11977,0.0126811594202898
2024-10-31,11470,11470,10760,11320,10326,0.012522361359570633
2024-11-01,11460,11590,11000,11380,9508,0.005300353356890497
2024-11-04,11450,12950,11380,12950,49142,0.1379613356766256
2024-11-05,13260,13290,12020,12750,18120,-0.015444015444015413
2024-11-06,12950,13000,12100,13000,14701,0.019607843137254832
2024-11-07,13200,13290,12850,13190,25200,0.014615384615384697
2024-11-08,13190,13190,12600,12800,7835,-0.029567854435178176
2024-11-11,13160,13160,12300,12810,13706,0.0007812499999999556
2024-11-12,13000,13200,12210,12560,14653,-0.01951600312256052
2024-11-13,12980,12980,12100,12800,12265,0.019108280254777066
2024-11-14,12800,13010,12320,12800,5473,0.0
2024-11-15,13000,13000,12500,12590,9151,-0.016406249999999956
2024-11-18,13000,13050,12400,12600,6391,0.000794281175536149
2024-11-19,12960,12960,12400,12430,9981,-0.013492063492063444
2024-11-20,12940,12940,12500,12550,8992,0.0096540627514079
2024-11-21,12930,12930,11500,11970,6562,-0.0462151394422311
2024-11-22,12400,12400,11720,11940,7950,-0.0025062656641604564
2024-11-25,12550,12550,11950,12280,5236,0.028475711892797406
2024-11-26,12800,12800,11670,12130,6963,-0.012214983713355054
2024-11-27,12380,12390,12000,12180,6329,0.004122011541632276
2024-11-28,12500,12880,12080,12590,14881,0.033661740558292186
2024-11-29,12800,12900,12200,12360,10548,-0.018268467037331204
2024-12-02,12410,12770,12200,12370,14943,0.0008090614886731018
2024-12-03,12400,12670,12260,12490,14952,0.009700889248181133
2024-12-04,12000,12470,11060,12300,11153,-0.01521216973578865
2024-12-05,12480,12490,12000,12380,6117,0.006504065040650486
2024-12-06,12500,12800,11950,12150,9068,-0.018578352180936952
2024-12-09,11570,12290,10330,12220,19719,0.0057613168724279795
2024-12-10,12220,12220,11940,12030,7545,-0.01554828150572829
2024-12-11,12500,12820,11990,12110,12840,0.006650041562759723
2024-12-12,12110,12540,12020,12510,25142,0.03303055326176718
2024-12-13,13500,14380,13500,14380,57481,0.14948041566746606
2024-12-16,16530,16530,16530,16530,20454,0.1495132127955494
2024-12-17,19000,19000,16010,18690,208590,0.13067150635208713
2024-12-18,18010,18950,16800,17950,30635,-0.03959336543606207
2024-12-19,17000,18000,17000,18000,18757,0.0027855153203342198
2024-12-20,18200,18500,17400,18160,16569,0.008888888888888946
2024-12-23,18470,18470,17700,17870,9064,-0.0159691629955947
2024-12-24,18100,18400,17710,17750,8378,-0.006715165081141561
2024-12-26,17990,18180,15430,17750,46935,0.0
2024-12-27,17940,18400,16000,17790,39956,0.0022535211267604716
2024-12-30,17960,18280,17610,17900,13290,0.006183249016301184
2025-01-02,17900,18500,17200,17930,9016,0.0016759776536312554
