Date,Open,High,Low,Close,Volume,Change
2022-01-03,2956,3056,2915,2961,242567,-0.0060422960725075026
2022-01-04,3001,3074,2979,3052,201866,0.030732860520094496
2022-01-05,3083,3088,2970,3043,189178,-0.002948885976408966
2022-01-06,3024,3461,2996,3211,2689289,0.05520867564903065
2022-01-07,3215,3220,3129,3170,343502,-0.012768607910308316
2022-01-10,3188,3188,3051,3079,240160,-0.028706624605678188
2022-01-11,3074,3124,2969,2988,263385,-0.029555050341019795
2022-01-12,3020,3138,3020,3052,219305,0.021419009370816644
2022-01-13,3070,3111,2988,3043,198172,-0.002948885976408966
2022-01-14,3043,3398,2997,3207,1830257,0.05389418337167262
2022-01-17,3143,3179,3015,3052,352767,-0.04833177424384161
2022-01-18,3006,3083,2933,2938,254014,-0.03735255570117957
2022-01-19,2888,2924,2828,2888,231619,-0.01701837985023824
2022-01-20,2888,2965,2869,2961,89069,0.02527700831024937
2022-01-21,2946,2978,2901,2924,142872,-0.012495778453225248
2022-01-24,2924,2942,2797,2838,193473,-0.02941176470588236
2022-01-25,2910,2910,2719,2733,308701,-0.03699788583509511
2022-01-26,2714,2805,2700,2719,172052,-0.005122575923893202
2022-01-27,2714,2732,2564,2587,232972,-0.048547260022066885
2022-01-28,2564,2696,2532,2674,103433,0.03362968689601864
2022-02-03,2751,2865,2692,2847,219825,0.06469708302169042
2022-02-04,2824,2888,2746,2838,108826,-0.0031612223393044925
2022-02-07,2837,2910,2801,2906,89495,0.023960535588442466
2022-02-08,2920,2920,2815,2870,114402,-0.012388162422574012
2022-02-09,2869,2901,2851,2879,90730,0.003135888501742068
2022-02-10,2919,2924,2783,2797,84572,-0.028482111844390423
2022-02-11,2787,2791,2705,2760,107767,-0.013228459063282072
2022-02-14,2759,2759,2623,2646,118848,-0.04130434782608694
2022-02-15,2669,2705,2601,2601,59393,-0.017006802721088454
2022-02-16,2614,2791,2614,2728,99955,0.04882737408688964
2022-02-17,2746,2755,2619,2715,148597,-0.004765395894428148
2022-02-18,2673,2751,2660,2733,47996,0.006629834254143541
2022-02-21,2733,3002,2660,2788,245825,0.020124405415294477
2022-02-22,2751,2792,2687,2697,92138,-0.03263988522238159
2022-02-23,2701,2742,2687,2738,53342,0.01520207638116422
2022-02-24,2732,2732,2619,2651,147946,-0.03177501826150475
2022-02-25,2701,2824,2651,2733,320894,0.03093172387778198
2022-02-28,2714,2851,2678,2842,145467,0.03988291255031107
2022-03-02,2841,2855,2750,2810,76993,-0.011259676284306797
2022-03-03,2851,2865,2797,2829,158784,0.006761565836298944
2022-03-04,2829,2847,2751,2779,118510,-0.017674089784376124
2022-03-07,2774,2778,2651,2706,147833,-0.026268441885570315
2022-03-08,2669,2760,2646,2738,90589,0.01182557280118246
2022-03-10,2801,2801,2765,2797,81822,0.021548575602629683
2022-03-11,2792,2869,2782,2833,102384,0.012870933142652863
2022-03-14,2847,2847,2733,2738,124055,-0.03353335686551362
2022-03-15,2687,2815,2687,2788,77298,0.018261504747991264
2022-03-16,2819,2887,2792,2824,154653,0.012912482065997155
2022-03-17,2878,2978,2828,2874,368990,0.01770538243626052
2022-03-18,2905,2960,2819,2915,384058,0.014265831593597733
2022-03-21,2892,2942,2883,2920,114700,0.0017152658662091813
2022-03-22,2924,2928,2860,2906,141095,-0.004794520547945158
2022-03-23,2897,2938,2856,2879,134363,-0.009291121816930481
2022-03-24,2879,2879,2824,2829,107378,-0.017367141368530792
2022-03-25,2828,2855,2787,2792,95102,-0.01307882644043834
2022-03-28,2801,2801,2733,2774,89885,-0.006446991404011504
2022-03-29,2760,2897,2760,2888,196883,0.041095890410958846
2022-03-30,2905,2905,2837,2865,117977,-0.007963988919667542
2022-03-31,2887,2910,2833,2906,133171,0.01431064572425833
2022-04-01,2906,2956,2879,2952,205519,0.015829318651066737
2022-04-04,2919,3138,2919,3038,571009,0.029132791327913354
2022-04-05,3070,3093,2988,3084,204895,0.015141540487162652
2022-04-06,3051,3206,3038,3143,306867,0.01913099870298307
2022-04-07,3193,3206,3065,3102,374667,-0.013044861597200086
2022-04-08,3107,3148,3006,3066,214030,-0.011605415860735047
2022-04-11,3065,3083,3010,3061,96869,-0.0016307893020222064
2022-04-12,3033,3051,2878,2915,228559,-0.04769683110094736
2022-04-13,2915,3034,2915,3025,152492,0.037735849056603765
2022-04-14,3133,3133,2997,2997,142979,-0.009256198347107447
2022-04-15,2997,3042,2969,3038,66027,0.013680347013680372
2022-04-18,3038,3156,3019,3120,193616,0.02699144173798551
2022-04-19,3143,3202,3097,3189,373390,0.022115384615384537
2022-04-20,3220,3243,3152,3234,250162,0.01411100658513642
2022-04-21,3247,3247,3156,3193,188587,-0.01267779839208416
2022-04-22,3152,3220,3115,3207,131197,0.004384591293454365
2022-04-25,3161,3352,3115,3325,673506,0.036794512004989066
2022-04-26,3429,3429,3306,3384,552121,0.017744360902255618
2022-04-27,3316,3512,3270,3371,628648,-0.0038416075650118398
2022-04-28,3370,3457,3306,3357,252031,-0.004153070305547346
2022-04-29,3370,3498,3329,3462,261920,0.031277926720286064
2022-05-02,3470,3470,3361,3430,149598,-0.009243212016175617
2022-05-03,3439,3476,3375,3435,133223,0.001457725947521915
2022-05-04,3480,3493,3293,3298,294582,-0.03988355167394464
2022-05-06,3266,3462,3216,3371,201378,0.022134627046694888
2022-05-09,3315,3361,3279,3325,91096,-0.013645802432512566
2022-05-10,3279,3297,3151,3220,231572,-0.03157894736842104
2022-05-11,3161,3261,3147,3166,144482,-0.016770186335403725
2022-05-12,3106,3161,2965,3034,269937,-0.04169298799747312
2022-05-13,3051,3443,3047,3307,890330,0.0899802241265657
2022-05-16,3334,3416,3239,3280,223108,-0.008164499546416737
2022-05-17,3224,3306,3206,3252,149638,-0.008536585365853666
2022-05-18,3261,3343,3211,3216,167333,-0.011070110701106972
2022-05-19,3111,3165,3097,3125,143447,-0.02829601990049746
2022-05-20,3148,3325,3111,3148,267141,0.007360000000000033
2022-05-23,3188,3188,3120,3161,93292,0.0041296060991105055
2022-05-24,3188,3188,3078,3097,101774,-0.020246757355267375
2022-05-25,3102,3156,3052,3084,86164,-0.004197610590894407
2022-05-26,3097,3160,3078,3097,75053,0.0042153047989623715
2022-05-27,3106,3143,3075,3075,84238,-0.00710364869228286
2022-05-30,3134,3134,3065,3125,82851,0.016260162601626105
2022-05-31,3101,3156,3088,3120,67694,-0.0016000000000000458
2022-06-02,3115,3128,3092,3097,51765,-0.007371794871794846
2022-06-03,3101,3119,3083,3097,53986,0.0
2022-06-07,3115,3115,3020,3020,86367,-0.02486277042299001
2022-06-08,3020,3092,2992,3061,96840,0.01357615894039732
2022-06-09,3087,3087,3001,3047,48952,-0.004573668735707304
2022-06-10,3006,3025,2961,2984,105608,-0.020676074827699398
2022-06-13,2910,2910,2769,2774,148859,-0.07037533512064342
2022-06-14,2651,2824,2623,2797,152257,0.008291276135544257
2022-06-15,2732,2791,2655,2687,122912,-0.03932785126921701
2022-06-16,2692,2783,2651,2656,100117,-0.01153703014514329
2022-06-17,2609,2687,2564,2678,96292,0.008283132530120474
2022-06-20,2687,2746,2505,2546,181777,-0.04929051530993278
2022-06-21,2582,2837,2505,2651,461372,0.04124116260801247
2022-06-22,2692,2701,2532,2583,124350,-0.025650697849867954
2022-06-23,2560,2582,2346,2346,273252,-0.09175377468060397
2022-06-24,2363,2491,2363,2455,88700,0.0464620630861039
2022-06-27,2468,2563,2450,2523,86576,0.027698574338085535
2022-06-28,2523,2587,2491,2569,74872,0.01823226317875548
2022-06-29,2569,2569,2487,2533,52445,-0.014013234721681589
2022-06-30,2532,2536,2455,2455,85665,-0.030793525463876814
2022-07-01,2454,2636,2381,2482,60950,0.010997963340122263
2022-07-04,2564,2564,2373,2437,77417,-0.018130539887187713
2022-07-05,2477,2586,2477,2564,88657,0.052113254000820675
2022-07-06,2573,2587,2505,2537,62900,-0.010530421216848662
2022-07-07,2577,2609,2555,2596,70306,0.023255813953488413
2022-07-08,2619,2628,2564,2592,39913,-0.0015408320493066618
2022-07-11,2641,2778,2600,2742,94984,0.05787037037037046
2022-07-12,2709,2727,2641,2687,81594,-0.02005835156819835
2022-07-13,2691,2878,2637,2701,315664,0.005210271678451894
2022-07-14,2687,2737,2632,2710,56182,0.0033320992225100987
2022-07-15,2696,2869,2696,2801,156183,0.033579335793358034
2022-07-18,2792,2869,2778,2856,96751,0.01963584434130672
2022-07-19,2897,3002,2824,2984,183453,0.04481792717086841
2022-07-20,3055,3055,2933,2974,128448,-0.0033512064343163006
2022-07-21,2974,2974,2915,2956,92512,-0.0060524546065904294
2022-07-22,2997,3038,2933,2988,114720,0.010825439783491264
2022-07-25,3042,3060,2905,2956,120125,-0.010709504685408322
2022-07-26,2960,2964,2855,2924,85580,-0.010825439783491153
2022-07-27,2883,2983,2879,2952,74853,0.009575923392612928
2022-07-28,2988,3006,2910,2979,93819,0.009146341463414531
2022-07-29,3001,3001,2919,2970,61596,-0.0030211480362537513
2022-08-01,2965,2988,2929,2970,79169,0.0
2022-08-02,2964,2969,2878,2924,88615,-0.01548821548821544
2022-08-03,2924,3206,2919,3184,668748,0.08891928864569087
2022-08-04,3188,3370,3151,3220,557304,0.011306532663316604
2022-08-05,3243,3407,3193,3371,557017,0.04689440993788829
2022-08-08,3343,3571,3343,3558,813274,0.055473153366953465
2022-08-09,3557,3680,3484,3621,541780,0.01770657672849918
2022-08-10,3599,3685,3462,3590,426223,-0.008561170947252172
2022-08-11,3553,3689,3525,3594,219551,0.0011142061281337323
2022-08-12,3594,3626,3434,3599,335863,0.0013912075681692393
2022-08-16,3598,3863,3557,3854,799792,0.07085301472631289
2022-08-17,3871,3912,3689,3726,522133,-0.03321224701608716
2022-08-18,3694,3876,3612,3822,442278,0.025764895330112614
2022-08-19,3826,3863,3517,3672,641090,-0.039246467817896424
2022-08-22,3639,3822,3516,3763,386790,0.02478213507625271
2022-08-23,3790,3790,3539,3576,352041,-0.049694392771724716
2022-08-24,3662,3798,3111,3307,1790949,-0.07522371364653246
2022-08-25,3357,3379,3202,3298,348489,-0.002721499848805542
2022-08-26,3270,3293,3115,3125,398336,-0.05245603395997578
2022-08-29,3052,3138,2974,3034,358678,-0.029120000000000035
2022-08-30,3029,3183,3024,3152,202675,0.03889255108767298
2022-08-31,3152,3211,3024,3152,232954,0.0
2022-09-01,3151,3151,2992,3006,190836,-0.04631979695431476
2022-09-02,3010,3083,2983,3056,169996,0.016633399866932796
2022-09-05,3051,3051,2842,2883,325257,-0.056609947643979086
2022-09-06,2887,2905,2801,2883,265059,0.0
2022-09-07,2878,2878,2728,2733,238700,-0.0520291363163371
2022-09-08,2737,2842,2692,2706,176766,-0.009879253567508184
2022-09-13,2737,2860,2601,2847,132141,0.05210643015521055
2022-09-14,2742,2846,2714,2783,99720,-0.022479803301721057
2022-09-15,2801,2819,2755,2765,55676,-0.0064678404599353145
2022-09-16,2819,2819,2687,2728,141821,-0.013381555153707092
2022-09-19,2755,2755,2664,2728,102937,0.0
2022-09-20,2728,2769,2710,2747,43975,0.006964809384164328
2022-09-21,2746,2750,2664,2710,58343,-0.013469239170003644
2022-09-22,2650,2718,2568,2637,138264,-0.026937269372693695
2022-09-23,2636,2636,2400,2441,532269,-0.074326886613576
2022-09-26,2441,2441,2282,2314,232535,-0.05202785743547722
2022-09-27,2313,2409,2272,2350,126736,0.015557476231633505
2022-09-28,2291,2518,2273,2314,270294,-0.015319148936170257
2022-09-29,2532,3001,2418,2810,5331137,0.21434745030250646
2022-09-30,2742,2810,2487,2510,845126,-0.10676156583629892
2022-10-04,2551,2706,2514,2656,541045,0.05816733067729074
2022-10-05,2674,2715,2505,2574,334977,-0.030873493975903665
2022-10-06,2573,2623,2554,2605,136872,0.012043512043512061
2022-10-07,2636,2636,2541,2564,111837,-0.015738963531669814
2022-10-11,2469,2551,2387,2410,188807,-0.06006240249609984
2022-10-12,2373,2451,2355,2369,92050,-0.017012448132780134
2022-10-13,2377,2409,2272,2291,196112,-0.03292528493035041
2022-10-14,2368,2464,2327,2460,128578,0.07376691401134883
2022-10-17,2437,2446,2295,2437,156476,-0.009349593495935005
2022-10-18,2477,2559,2468,2537,140919,0.041034058268362816
2022-10-19,2595,2595,2482,2514,83520,-0.009065825778478476
2022-10-20,2487,2564,2464,2551,94699,0.014717581543357117
2022-10-21,2587,2842,2482,2710,584822,0.06232849862798906
2022-10-24,2769,2778,2650,2710,268533,0.0
2022-10-25,2715,2779,2546,2656,215561,-0.019926199261992572
2022-10-26,2659,2718,2595,2605,112118,-0.019201807228915624
2022-10-27,2582,2664,2582,2605,159025,0.0
2022-10-28,2568,2586,2523,2523,93742,-0.03147792706333974
2022-10-31,2527,2568,2505,2537,69443,0.005548949663099378
2022-11-01,2537,2582,2509,2560,89510,0.009065825778478587
2022-11-02,2559,2659,2527,2605,105969,0.017578125
2022-11-03,2568,2623,2532,2587,58555,-0.006909788867562328
2022-11-04,2591,2605,2528,2551,49908,-0.013915732508697376
2022-11-07,2550,2600,2541,2564,46325,0.005096040768326038
2022-11-08,2546,2683,2546,2665,116089,0.039391575663026535
2022-11-09,2665,2687,2637,2665,59799,0.0
2022-11-10,2664,2705,2610,2683,82211,0.006754221388367787
2022-11-11,2733,2747,2674,2697,163024,0.005218039508013472
2022-11-14,2696,2783,2678,2756,90498,0.02187615869484616
2022-11-15,2732,2874,2732,2865,179027,0.039550072568940386
2022-11-16,2947,2970,2824,2870,227899,0.0017452006980802626
2022-11-17,2855,2987,2778,2915,284153,0.015679442508710784
2022-11-18,2897,2951,2860,2888,104242,-0.009262435677530045
2022-11-21,2943,2943,2806,2861,60487,-0.009349030470914177
2022-11-22,2855,2855,2728,2751,120299,-0.038448095071653254
2022-11-23,2805,2805,2714,2724,117615,-0.009814612868047967
2022-11-24,2737,2782,2705,2751,60854,0.009911894273127775
2022-11-25,2778,2778,2714,2760,53342,0.0032715376226826187
2022-11-28,2774,2774,2655,2697,92119,-0.022826086956521774
2022-11-29,2674,2769,2651,2706,59481,0.0033370411568409697
2022-11-30,2705,2750,2678,2710,41982,0.0014781966001478075
2022-12-01,2723,2791,2714,2728,38006,0.006642066420664117
2022-12-02,2705,2759,2705,2728,61157,0.0
2022-12-05,2760,2851,2733,2815,91549,0.0318914956011731
2022-12-06,2801,2838,2724,2788,60163,-0.009591474245115417
2022-12-07,2778,2778,2687,2733,60818,-0.01972740315638455
2022-12-08,2732,2746,2632,2651,85927,-0.030003658982802772
2022-12-09,2677,2700,2646,2646,36207,-0.0018860807242550015
2022-12-12,2605,2710,2605,2651,90497,0.0018896447467875443
2022-12-13,2677,2732,2655,2687,49009,0.013579781214635878
2022-12-14,2678,2778,2673,2724,72677,0.013770003721622626
2022-12-15,2792,2792,2696,2715,65159,-0.0033039647577092213
2022-12-16,2637,2705,2632,2701,96139,-0.0051565377532228895
2022-12-19,2700,2718,2673,2687,68324,-0.005183265457238018
2022-12-20,2714,2869,2596,2724,236365,0.013770003721622626
2022-12-21,2778,2833,2723,2733,109310,0.0033039647577093323
2022-12-22,2737,2801,2705,2742,85933,0.003293084522502765
2022-12-23,2742,2819,2551,2551,282290,-0.06965718453683445
2022-12-26,2568,2614,2513,2523,154711,-0.010976087808702517
2022-12-27,2523,2582,2486,2523,127347,0.0
2022-12-28,2509,2714,2487,2642,180083,0.047166072136345605
2022-12-29,2641,2659,2550,2637,89756,-0.0018925056775170868
2023-01-02,2646,2823,2646,2769,211120,0.05005688282138787
2023-01-03,2728,2796,2682,2733,163643,-0.013001083423618609
2023-01-04,2728,2791,2714,2751,59121,0.00658616904500553
2023-01-05,2751,2892,2741,2833,200334,0.02980734278444208
2023-01-06,2801,2960,2701,2856,393446,0.008118602188492696
2023-01-09,2865,2938,2751,2788,320328,-0.023809523809523836
2023-01-10,2742,2760,2642,2674,245406,-0.04088952654232425
2023-01-11,2687,2751,2632,2692,165788,0.006731488406880981
2023-01-12,2705,2910,2660,2897,592084,0.07615156017830604
2023-01-13,2887,2887,2778,2806,295879,-0.03141180531584398
2023-01-16,2801,2801,2706,2747,180104,-0.02102637205987168
2023-01-17,2746,2750,2637,2637,260421,-0.04004368401892977
2023-01-18,2642,2687,2628,2665,137173,0.01061812665908235
2023-01-19,2637,2710,2596,2633,116111,-0.012007504690431547
2023-01-20,2605,2659,2605,2637,54667,0.0015191796429927518
2023-01-25,2659,2673,2577,2637,155692,0.0
2023-01-26,2636,2655,2609,2646,70369,0.0034129692832765013
2023-01-27,2633,2656,2596,2656,184388,0.0037792894935753107
2023-01-30,2669,2719,2614,2619,104580,-0.013930722891566272
2023-01-31,2614,2632,2587,2619,75101,0.0
2023-02-01,2655,2783,2628,2747,382004,0.04887361588392514
2023-02-02,2746,2815,2728,2797,180365,0.018201674554058966
2023-02-03,2823,2823,2728,2751,137253,-0.016446192348945288
2023-02-06,2741,2741,2678,2701,104641,-0.01817520901490366
2023-02-07,2687,2778,2673,2683,92501,-0.0066641984450203084
2023-02-08,2714,2714,2655,2692,80199,0.003354453969437232
2023-02-09,2669,2696,2632,2660,122868,-0.011887072808320909
2023-02-10,2686,2723,2609,2646,116127,-0.0052631578947368585
2023-02-13,2646,2646,2605,2633,86033,-0.004913076341647726
2023-02-14,2678,2678,2610,2633,90076,0.0
2023-02-15,2686,2951,2641,2646,1274151,0.004937333839726499
2023-02-16,2687,3005,2641,2851,2988229,0.07747543461829176
2023-02-17,2787,2869,2746,2824,382571,-0.009470361276745054
2023-02-20,2806,2956,2806,2847,348119,0.008144475920679906
2023-02-21,2855,2887,2755,2810,191220,-0.012996136283807469
2023-02-22,2737,2810,2728,2797,115751,-0.00462633451957295
2023-02-23,2774,2833,2765,2797,154891,0.0
2023-02-24,2788,2797,2701,2738,195016,-0.02109402931712545
2023-02-27,2728,2783,2678,2774,109282,0.013148283418553675
2023-02-28,2742,2833,2742,2747,227200,-0.009733237202595557
2023-03-02,2751,2829,2747,2829,136547,0.029850746268656803
2023-03-03,2806,2870,2783,2870,158583,0.01449275362318847
2023-03-06,2887,2887,2778,2842,119608,-0.009756097560975618
2023-03-07,2824,2947,2806,2943,287818,0.03553835327234345
2023-03-08,2951,3179,2878,2906,849852,-0.012572205232755707
2023-03-09,2960,2964,2842,2924,163054,0.006194081211287061
2023-03-10,2910,2910,2805,2815,162235,-0.03727770177838574
2023-03-13,2760,2788,2724,2779,146813,-0.012788632326820593
2023-03-14,2773,2773,2696,2728,145447,-0.018351925152932713
2023-03-15,2760,2801,2719,2733,123394,0.001832844574780168
2023-03-16,2732,2742,2641,2651,201826,-0.030003658982802772
2023-03-17,2646,2774,2642,2756,108013,0.03960769520935492
2023-03-20,2742,2783,2724,2738,78075,-0.006531204644412147
2023-03-21,2778,2796,2728,2765,104281,0.009861212563915256
2023-03-22,2769,2778,2710,2733,114261,-0.011573236889692584
2023-03-23,2691,2723,2646,2651,163233,-0.030003658982802772
2023-03-24,2659,2723,2646,2669,70275,0.00678989060731805
2023-03-27,2650,2691,2600,2637,166352,-0.01198950917946795
2023-03-28,2677,2687,2623,2687,79850,0.018960940462646958
2023-03-29,2714,2714,2641,2669,93292,-0.006698920729438007
2023-03-30,2669,2706,2624,2656,134328,-0.004870738104158834
2023-03-31,2651,2870,2651,2747,700904,0.03426204819277112
2023-04-03,2778,2778,2674,2706,171218,-0.014925373134328401
2023-04-04,2760,2846,2691,2833,311690,0.04693274205469322
2023-04-05,2832,2905,2769,2842,300000,0.0031768443346276154
2023-04-06,2810,2892,2778,2883,210104,0.01442646023926808
2023-04-07,2883,2938,2733,2788,271369,-0.03295178633368023
2023-04-10,2774,2815,2715,2747,169629,-0.014705882352941124
2023-04-11,2773,2878,2728,2842,243651,0.034583181652712014
2023-04-12,2842,2937,2810,2897,201875,0.01935256861365242
2023-04-13,2933,2983,2869,2915,286050,0.006213324128408804
2023-04-14,2915,3088,2915,3038,369258,0.04219554030874795
2023-04-17,3075,3088,2938,2984,188580,-0.0177748518762344
2023-04-18,2983,3028,2878,2906,159338,-0.026139410187667522
2023-04-19,2887,2974,2851,2956,162933,0.01720578114246396
2023-04-20,2942,2942,2805,2842,254720,-0.03856562922868745
2023-04-21,2842,2911,2788,2902,151335,0.02111189303307537
2023-04-24,2888,2961,2792,2820,171818,-0.028256374913852467
2023-04-25,2819,2846,2732,2769,183448,-0.018085106382978777
2023-04-26,2796,2801,2705,2733,188040,-0.013001083423618609
2023-04-27,2710,2778,2692,2747,149661,0.005122575923893091
2023-04-28,2769,2778,2723,2751,92673,0.0014561339643246463
2023-05-02,2765,2797,2715,2797,87750,0.016721192293711384
2023-05-03,2782,2805,2760,2792,49244,-0.001787629603146268
2023-05-04,2787,2887,2778,2865,88205,0.02614613180515768
2023-05-08,2879,2938,2860,2911,161398,0.016055846422338593
2023-05-09,2905,2951,2846,2933,103248,0.007557540364136139
2023-05-10,2937,2951,2882,2892,73730,-0.013978861234231199
2023-05-11,2933,2947,2888,2888,128032,-0.0013831258644536604
2023-05-12,2888,2929,2824,2870,109592,-0.006232686980609414
2023-05-15,2860,2887,2769,2810,84785,-0.020905923344947785
2023-05-16,2788,2838,2774,2788,82282,-0.007829181494661941
2023-05-17,2755,2864,2755,2833,87212,0.01614060258249639
2023-05-18,2842,2883,2810,2856,85245,0.008118602188492696
2023-05-19,2864,2869,2805,2833,82112,-0.008053221288515378
2023-05-22,2828,2896,2824,2856,73418,0.008118602188492696
2023-05-23,2883,2883,2833,2870,68451,0.004901960784313708
2023-05-24,2865,2901,2838,2870,68990,0.0
2023-05-25,2879,2924,2838,2870,220631,0.0
2023-05-26,2897,2915,2788,2788,167028,-0.02857142857142858
2023-05-30,2806,2856,2787,2847,119908,0.021162123385939813
2023-05-31,2824,2915,2810,2911,163381,0.022479803301721057
2023-06-01,2961,3175,2924,3107,1021303,0.06733081415321185
2023-06-02,3151,3156,2983,3006,333406,-0.0325072417122626
2023-06-05,3006,3006,2915,2952,129375,-0.017964071856287456
2023-06-07,2942,3019,2915,2947,138813,-0.0016937669376694275
2023-06-08,2979,2979,2879,2943,100570,-0.001357312521207965
2023-06-09,2942,2955,2905,2933,101706,-0.003397893306150146
2023-06-12,2920,3024,2906,3002,157323,0.023525400613706005
2023-06-13,3015,3075,2961,3034,232450,0.01065956029313786
2023-06-14,3038,3038,2888,2920,216171,-0.037574159525379014
2023-06-15,2924,2942,2842,2865,135145,-0.018835616438356184
2023-06-16,2878,2960,2865,2865,112957,0.0
2023-06-19,2842,2919,2828,2865,135662,0.0
2023-06-20,2865,2892,2860,2879,66258,0.00488656195462478
2023-06-21,2892,2955,2846,2915,143582,0.012504341785342099
2023-06-22,2906,3038,2865,2979,279565,0.021955403087478453
2023-06-23,3006,3069,2969,2988,235643,0.0030211480362538623
2023-06-26,2960,3028,2933,2965,121015,-0.0076974564926372
2023-06-27,2955,3001,2896,2924,139424,-0.01382799325463746
2023-06-28,2938,3006,2901,2920,65688,-0.001367989056087593
2023-06-29,2915,3061,2892,3043,312497,0.04212328767123297
2023-06-30,3060,3060,2955,3015,153258,-0.009201445941505071
2023-07-03,3015,3042,2970,3011,160866,-0.001326699834162559
2023-07-04,3088,3115,2919,2929,220137,-0.02723347725008307
2023-07-05,2914,2946,2887,2924,135118,-0.0017070672584499347
2023-07-06,2924,2937,2874,2915,106588,-0.0030779753761970285
2023-07-07,2915,2933,2865,2888,89058,-0.009262435677530045
2023-07-10,2888,2915,2847,2870,79119,-0.006232686980609414
2023-07-11,2888,2928,2847,2888,98081,0.006271777003484358
2023-07-12,2888,2901,2842,2879,98087,-0.0031163434903047627
2023-07-13,2924,3033,2879,2920,340159,0.014241055922195267
2023-07-14,2951,2951,2832,2842,161789,-0.02671232876712326
2023-07-17,2842,2851,2733,2747,235444,-0.03342716396903589
2023-07-18,2750,2778,2687,2687,178517,-0.021842009464870804
2023-07-19,2687,2746,2609,2742,213701,0.020468924451060744
2023-07-20,2778,2778,2651,2724,99442,-0.006564551422319487
2023-07-21,2705,2787,2701,2733,127986,0.0033039647577093323
2023-07-24,2706,2747,2555,2615,288389,-0.04317599707281372
2023-07-25,2564,2632,2551,2592,153064,-0.008795411089866145
2023-07-26,2546,2564,2428,2551,261557,-0.015817901234567944
2023-07-27,2550,2664,2528,2560,114806,0.003528028224225821
2023-07-28,2555,2609,2514,2587,61908,0.010546874999999956
2023-07-31,2600,2628,2550,2578,79012,-0.0034789331271742885
2023-08-01,2555,2677,2555,2637,165737,0.022885958107059734
2023-08-02,2655,2705,2564,2569,127884,-0.02578687902919985
2023-08-03,2569,2614,2546,2601,122154,0.01245620864149477
2023-08-04,2600,2650,2568,2619,83322,0.006920415224913601
2023-08-07,2619,2701,2596,2610,91011,-0.0034364261168384758
2023-08-08,2632,2632,2532,2546,85995,-0.02452107279693483
2023-08-09,2569,2778,2550,2724,517028,0.06991358994501184
2023-08-10,2742,2774,2678,2724,148568,0.0
2023-08-11,2723,2801,2714,2742,117383,0.0066079295154184425
2023-08-14,2113,2186,1922,1922,2410928,-0.29905178701677604
2023-08-16,1839,1967,1818,1849,1704473,-0.03798126951092606
2023-08-17,1826,1876,1785,1849,721903,0.0
2023-08-18,1826,1840,1751,1753,622826,-0.051919956733369355
2023-08-21,1753,1854,1732,1753,506970,0.0
2023-08-22,1751,1793,1733,1741,222181,-0.0068454078722191
2023-08-23,1755,1755,1714,1720,221291,-0.012062033314187204
2023-08-24,1737,1980,1724,1744,1774915,0.013953488372093092
2023-08-25,1726,1781,1726,1770,278597,0.014908256880733939
2023-08-28,1770,1781,1750,1781,147956,0.00621468926553681
2023-08-29,1781,1813,1775,1805,150027,0.013475575519371175
2023-08-30,1810,1849,1793,1849,327072,0.02437673130193896
2023-08-31,1849,1930,1826,1890,324819,0.02217414818820984
2023-09-01,1903,1903,1821,1821,187493,-0.03650793650793649
2023-09-04,1894,1926,1821,1849,482846,0.01537616694124111
2023-09-05,1885,2031,1844,2031,1222512,0.09843158464034607
2023-09-06,1995,2045,1963,1986,347248,-0.02215657311669128
2023-09-07,2022,2154,1926,2045,769498,0.029707955689828758
2023-09-08,2077,2140,1867,1904,1660276,-0.06894865525672367
2023-09-11,1958,1963,1876,1927,522836,0.012079831932773066
2023-09-12,1926,1981,1917,1931,558336,0.002075765438505517
2023-09-13,1944,2017,1867,1990,854569,0.030554117037804307
2023-09-14,2004,2150,1778,1795,2171189,-0.09798994974874375
2023-09-15,1805,1898,1778,1820,408743,0.013927576601671321
2023-09-18,1820,1845,1800,1832,122146,0.00659340659340657
2023-09-19,1850,1850,1753,1772,294180,-0.03275109170305679
2023-09-20,1799,1799,1716,1733,140992,-0.02200902934537241
2023-09-21,1730,1730,1633,1685,156268,-0.027697634160415485
2023-09-22,1683,1745,1650,1685,178882,0.0
2023-09-25,1715,1812,1684,1684,129070,-0.0005934718100890635
2023-09-26,1684,1768,1671,1700,120467,0.009501187648456089
2023-09-27,1702,1724,1690,1702,68652,0.0011764705882353343
2023-10-04,1723,1733,1680,1690,72006,-0.007050528789659172
2023-10-05,1691,1750,1670,1671,111723,-0.011242603550295827
2023-10-06,1650,1705,1650,1671,63917,0.0
2023-10-10,1665,1665,1579,1583,264001,-0.05266307600239373
2023-10-11,1585,1618,1565,1600,185884,0.01073910296904601
2023-10-12,1610,1688,1551,1612,251878,0.007500000000000062
2023-10-13,1613,1615,1562,1576,159265,-0.022332506203473934
2023-10-16,1562,1576,1495,1510,180960,-0.04187817258883253
2023-10-17,1515,1604,1515,1604,274322,0.062251655629139035
2023-10-18,1604,1604,1526,1530,310955,-0.04613466334164584
2023-10-19,1550,1610,1474,1488,175018,-0.027450980392156876
2023-10-20,1452,1560,1437,1469,188108,-0.01276881720430112
2023-10-23,1469,1529,1454,1477,203776,0.005445881552076148
2023-10-24,1478,1577,1477,1540,574172,0.042654028436019065
2023-10-25,1545,1611,1532,1570,426540,0.01948051948051943
2023-10-26,1553,1563,1315,1317,483233,-0.1611464968152866
2023-10-27,1316,1395,1295,1343,291341,0.019741837509491322
2023-10-30,1343,1363,1323,1341,173761,-0.0014892032762472418
2023-10-31,1343,1412,1315,1356,377582,0.01118568232662187
2023-11-01,1357,1390,1320,1390,142727,0.025073746312684442
2023-11-02,1404,1483,1390,1479,266692,0.06402877697841736
2023-11-03,1499,1602,1467,1502,194337,0.015551048005409074
2023-11-06,1558,1614,1500,1614,284168,0.07456724367509993
2023-11-07,1605,1693,1554,1554,178604,-0.03717472118959109
2023-11-08,1560,1601,1500,1519,180145,-0.022522522522522515
2023-11-09,1540,1597,1484,1496,138831,-0.015141540487162652
2023-11-10,1520,1520,1445,1460,91238,-0.024064171122994638
2023-11-13,1460,1488,1434,1459,70501,-0.00068493150684934
2023-11-14,1404,1491,1404,1460,72962,0.0006854009595613775
2023-11-15,1500,1500,1455,1455,79347,-0.003424657534246589
2023-11-16,1200,1357,1166,1310,4734112,-0.09965635738831613
2023-11-17,1302,1383,1288,1328,862223,0.013740458015267132
2023-11-20,1336,1395,1266,1345,682879,0.012801204819277157
2023-11-21,1345,1394,1310,1378,239225,0.024535315985130035
2023-11-22,1365,1377,1324,1331,319421,-0.0341074020319303
2023-11-23,1331,1423,1315,1367,646370,0.02704733283245675
2023-11-24,1367,1389,1333,1340,248927,-0.019751280175566932
2023-11-27,1337,1354,1275,1323,204592,-0.012686567164179152
2023-11-28,1323,1570,1322,1443,2844599,0.09070294784580502
2023-11-29,1451,1830,1440,1702,5708792,0.17948717948717952
2023-11-30,1690,2080,1682,1804,4421559,0.059929494712103404
2023-12-01,1806,1860,1748,1780,1059347,-0.013303769401330379
2023-12-04,1753,1794,1674,1752,670084,-0.01573033707865168
2023-12-05,1744,1744,1627,1676,389638,-0.04337899543378998
2023-12-06,1652,1780,1593,1733,515697,0.03400954653937949
2023-12-07,1715,1866,1710,1820,732683,0.05020196191575299
2023-12-08,1825,1826,1736,1769,324596,-0.028021978021978033
2023-12-11,1730,1795,1729,1741,192623,-0.015828151498021525
2023-12-12,1741,1858,1733,1810,466964,0.039632395175186685
2023-12-13,1865,2050,1801,1820,2128567,0.005524861878453136
2023-12-14,1820,2180,1820,2170,4787664,0.1923076923076923
2023-12-15,2280,2300,1993,2170,2984803,0.0
2023-12-18,2170,2290,2125,2265,926721,0.04377880184331806
2023-12-19,2245,2335,2215,2255,566046,-0.004415011037527616
2023-12-20,2270,2410,2155,2250,1152522,-0.0022172949002217113
2023-12-21,2230,2330,2150,2280,441015,0.01333333333333342
2023-12-22,2390,2500,2155,2265,1318011,-0.006578947368421018
2023-12-26,2350,2350,2230,2245,402745,-0.008830022075055233
2023-12-27,2245,2365,2225,2325,609364,0.03563474387527843
2023-12-28,2365,2400,2310,2395,363406,0.03010752688172036
2024-01-02,2425,2515,2350,2510,490661,0.04801670146137793
2024-01-03,2520,2540,2440,2515,452220,0.0019920318725099584
2024-01-04,2525,2525,2290,2315,656935,-0.07952286282306165
2024-01-05,2380,2380,2200,2225,490520,-0.0388768898488121
2024-01-08,2200,2240,2120,2160,332677,-0.02921348314606742
2024-01-09,2135,2230,2135,2205,151460,0.02083333333333326
2024-01-10,2190,2250,2140,2160,191576,-0.020408163265306145
2024-01-11,2170,2190,2045,2085,516171,-0.03472222222222221
2024-01-12,2090,2140,1999,2080,360545,-0.0023980815347721673
2024-01-15,2080,2115,1994,2005,294591,-0.03605769230769229
2024-01-16,1995,2070,1992,1997,267515,-0.003990024937655878
2024-01-17,2035,2035,1910,1998,392665,0.0005007511266901243
2024-01-18,2015,2060,1922,1959,426078,-0.019519519519519468
2024-01-19,1959,1990,1928,1966,139927,0.0035732516590096797
2024-01-22,2000,2000,1911,1969,111350,0.0015259409969481386
2024-01-23,1975,2020,1923,1990,103384,0.01066531234129009
2024-01-24,1985,2140,1962,2050,513883,0.03015075376884413
2024-01-25,2070,2125,1950,1999,300808,-0.024878048780487827
2024-01-26,1990,2075,1963,1980,163836,-0.009504752376188086
2024-01-29,1980,2040,1968,1989,165528,0.00454545454545463
2024-01-30,2030,2060,1966,1985,213260,-0.002011060834590239
2024-01-31,1988,2005,1930,1975,142143,-0.005037783375314908
2024-02-01,2010,2010,1890,1966,154397,-0.004556962025316413
2024-02-02,1966,1995,1953,1969,92579,0.0015259409969481386
2024-02-05,1962,1970,1828,1939,102919,-0.01523616048755716
2024-02-06,1939,1965,1881,1955,168468,0.008251676121712181
2024-02-07,1980,1983,1915,1918,70695,-0.01892583120204605
2024-02-08,1923,1944,1892,1911,97287,-0.0036496350364964014
2024-02-13,1903,1990,1888,1955,175188,0.02302459445316596
2024-02-14,1948,1970,1930,1940,94592,-0.007672634271099765
2024-02-15,1940,1974,1914,1942,82631,0.0010309278350515427
2024-02-16,1942,1981,1912,1943,77628,0.000514933058702427
2024-02-19,1943,1957,1904,1931,69633,-0.006176016469377266
2024-02-20,1931,1960,1925,1928,55105,-0.0015535991714137332
2024-02-21,2000,2000,1912,1938,116643,0.005186721991701226
2024-02-22,1964,1965,1905,1910,129421,-0.014447884416924683
2024-02-23,1901,1988,1900,1974,149486,0.03350785340314144
2024-02-26,2000,2270,1960,2065,1111110,0.046099290780141855
2024-02-27,2060,2150,2020,2075,277490,0.004842615012106588
2024-02-28,2075,2080,1991,2030,209929,-0.02168674698795181
2024-02-29,2030,2045,1944,1950,221111,-0.039408866995073843
2024-03-04,1938,1948,1826,1869,284011,-0.041538461538461524
2024-03-05,1869,1876,1799,1827,291590,-0.022471910112359605
2024-03-06,1880,2100,1841,1990,1216749,0.08921729611384777
2024-03-07,2005,2035,1713,1831,797858,-0.07989949748743719
2024-03-08,1780,1964,1776,1964,485457,0.0726379027853632
2024-03-11,1974,2065,1901,1902,321893,-0.031568228105906315
2024-03-12,1940,1940,1870,1886,218858,-0.008412197686645584
2024-03-13,1886,1893,1834,1870,187355,-0.008483563096500557
2024-03-14,1861,1896,1848,1868,149654,-0.0010695187165775666
2024-03-15,1867,1878,1840,1844,116336,-0.012847965738758016
2024-03-18,1831,1960,1831,1890,227333,0.024945770065075923
2024-03-19,1920,1920,1839,1861,152767,-0.015343915343915326
2024-03-20,1862,1935,1842,1856,182561,-0.002686727565824776
2024-03-21,1856,1887,1852,1852,78483,-0.0021551724137931494
2024-03-22,1872,1877,1842,1850,104069,-0.001079913606911398
2024-03-25,1850,1900,1835,1900,101194,0.027027027027026973
2024-03-26,1870,1938,1860,1920,189703,0.010526315789473717
2024-03-27,1920,1937,1890,1892,109307,-0.014583333333333282
2024-03-28,1904,1960,1860,1860,346109,-0.016913319238900604
2024-03-29,1851,1910,1850,1874,123633,0.007526881720430145
2024-04-01,1929,1929,1860,1895,86436,0.011205976520811012
2024-04-02,1919,2460,1894,2460,5557152,0.29815303430079165
2024-04-03,2580,3050,2385,2530,14109349,0.028455284552845628
2024-04-04,2500,2535,2365,2415,1689832,-0.045454545454545414
2024-04-05,2310,2395,2275,2305,996862,-0.04554865424430643
2024-04-08,2280,2295,2125,2140,856085,-0.07158351409978303
2024-04-09,2135,2740,2060,2490,12990608,0.16355140186915884
2024-04-11,2440,2815,2335,2610,4134070,0.04819277108433728
2024-04-12,2560,2700,2485,2565,1324518,-0.017241379310344862
2024-04-15,2500,2520,2300,2335,1011604,-0.08966861598440545
2024-04-16,2285,2400,2245,2310,577103,-0.010706638115631661
2024-04-17,2345,2470,2305,2310,764029,0.0
2024-04-18,2390,2675,2310,2650,2552396,0.1471861471861471
2024-04-19,2795,2860,2580,2610,2820338,-0.015094339622641506
2024-04-22,2650,2750,2555,2660,816163,0.019157088122605304
2024-04-23,2685,2760,2625,2700,711804,0.015037593984962516
2024-04-24,2800,2880,2730,2850,1652678,0.05555555555555558
2024-04-25,2830,3110,2730,2975,2566780,0.04385964912280693
2024-04-26,2910,3025,2665,2675,1430535,-0.10084033613445376
2024-04-29,2675,2770,2630,2675,549955,0.0
2024-04-30,2710,2735,2600,2635,564248,-0.01495327102803734
