Date,Open,High,Low,Close,Volume,Change
2022-01-03,13150,13450,13000,13350,74603,0.015209125475285079
2022-01-04,13450,13450,13050,13100,72356,-0.01872659176029967
2022-01-05,13150,13250,12900,13000,82298,-0.007633587786259555
2022-01-06,12750,13000,12400,12600,86257,-0.03076923076923077
2022-01-07,12550,12800,12550,12550,58727,-0.003968253968253954
2022-01-10,12600,12600,12200,12400,58863,-0.01195219123505975
2022-01-11,12400,12400,12050,12150,63687,-0.020161290322580627
2022-01-12,12200,12450,12200,12350,42590,0.016460905349794164
2022-01-13,12350,12750,12250,12700,57224,0.028340080971659853
2022-01-14,12600,12850,12400,12650,50844,-0.003937007874015741
2022-01-17,12900,12900,12250,12450,47427,-0.015810276679841917
2022-01-18,12400,12600,12050,12050,67160,-0.032128514056224855
2022-01-19,11800,12350,11750,12350,52764,0.024896265560165887
2022-01-20,12350,12400,12150,12200,38351,-0.012145748987854255
2022-01-21,12100,12450,12050,12100,45722,-0.008196721311475419
2022-01-24,12000,12100,11600,11600,74372,-0.04132231404958675
2022-01-25,11600,11750,10550,10950,147445,-0.05603448275862066
2022-01-26,10750,11050,10550,10700,69506,-0.022831050228310557
2022-01-27,10650,10700,10050,10050,92604,-0.06074766355140182
2022-01-28,10000,10300,9870,10150,62729,0.00995024875621886
2022-02-03,10400,10700,10300,10400,50184,0.024630541871921263
2022-02-04,10500,10650,10350,10600,17511,0.019230769230769162
2022-02-07,10500,10550,10200,10400,40587,-0.018867924528301883
2022-02-08,10300,10450,10000,10150,58071,-0.024038461538461564
2022-02-09,10150,10450,10150,10450,30532,0.029556650246305383
2022-02-10,10600,10600,10250,10350,22542,-0.009569377990430672
2022-02-11,10400,10400,9950,9950,104653,-0.03864734299516903
2022-02-14,9700,9810,9270,9330,80276,-0.062311557788944705
2022-02-15,9330,9470,8900,9040,58975,-0.03108252947481238
2022-02-16,9120,9420,9120,9310,29940,0.02986725663716805
2022-02-17,9430,9640,9260,9490,35754,0.01933404940923733
2022-02-18,9410,9500,9250,9480,22253,-0.0010537407797681642
2022-02-21,9400,9600,9000,9490,21773,0.001054852320675037
2022-02-22,9380,9480,9250,9270,15207,-0.023182297154899945
2022-02-23,9300,9370,9250,9300,13623,0.003236245954692629
2022-02-24,9270,9270,8910,8910,36400,-0.041935483870967794
2022-02-25,9000,9200,8900,9050,33187,0.015712682379348974
2022-02-28,9140,9170,8990,9140,14683,0.009944751381215422
2022-03-02,9040,9280,9040,9230,14749,0.009846827133479286
2022-03-03,9290,9470,9250,9440,25039,0.02275189599133265
2022-03-04,9440,9950,9360,9920,53290,0.05084745762711873
2022-03-07,9890,9900,9460,9480,25105,-0.04435483870967738
2022-03-08,9380,9380,9150,9200,18504,-0.029535864978902926
2022-03-10,9300,9470,9290,9290,9123,0.009782608695652284
2022-03-11,9340,9440,9190,9350,13919,0.006458557588805203
2022-03-14,9360,9430,9120,9230,23059,-0.012834224598930466
2022-03-15,9110,9230,9020,9070,17793,-0.017334777898158182
2022-03-16,9300,9720,9260,9450,36208,0.04189636163175314
2022-03-17,9540,9700,9510,9620,30203,0.017989417989418
2022-03-18,9730,9730,9480,9600,23524,-0.0020790020790020236
2022-03-21,9600,9730,9570,9690,20201,0.009374999999999911
2022-03-22,9640,9780,9580,9630,14456,-0.006191950464396245
2022-03-23,9640,9720,9560,9650,14214,0.0020768431983384517
2022-03-24,9680,9790,9570,9660,18671,0.0010362694300518616
2022-03-25,9710,9880,9660,9730,27785,0.007246376811594235
2022-03-28,9720,9870,9600,9690,24109,-0.004110996916752319
2022-03-29,9790,9790,9650,9720,12938,0.003095975232198178
2022-03-30,9800,10500,9750,10200,119586,0.04938271604938271
2022-03-31,10250,10350,10050,10100,31292,-0.009803921568627416
2022-04-01,10000,10050,9940,10000,21649,-0.00990099009900991
2022-04-04,10000,10200,9910,9980,24293,-0.0020000000000000018
2022-04-05,10050,10100,9970,9990,9945,0.0010020040080160886
2022-04-06,10050,10050,9900,9970,22669,-0.002002002002001957
2022-04-07,9960,10000,9500,9530,42584,-0.04413239719157469
2022-04-08,9550,9670,9400,9580,12157,0.005246589716684236
2022-04-11,9650,9670,9460,9510,15925,-0.007306889352818424
2022-04-12,9420,9690,9210,9510,40610,0.0
2022-04-13,9450,10200,9450,9750,107649,0.025236593059936974
2022-04-14,9840,9840,9550,9560,25048,-0.019487179487179485
2022-04-15,9520,9600,9390,9590,17720,0.003138075313807498
2022-04-18,9550,9740,9550,9640,11620,0.005213764337852034
2022-04-19,9600,9840,9520,9800,11895,0.016597510373443924
2022-04-20,9890,9890,9750,9820,13015,0.0020408163265306367
2022-04-21,9850,9860,9760,9760,9397,-0.006109979633401208
2022-04-22,9760,9850,9510,9590,18044,-0.01741803278688525
2022-04-25,9500,9550,9310,9320,17323,-0.028154327424400383
2022-04-26,9320,9580,9320,9330,10512,0.0010729613733906351
2022-04-27,9080,9250,9050,9170,14989,-0.017148981779206873
2022-04-28,9170,9220,9070,9140,9316,-0.0032715376226826187
2022-04-29,9150,9350,9110,9240,12357,0.010940919037199182
2022-05-02,9240,9240,9070,9160,14510,-0.008658008658008698
2022-05-03,9160,9380,9160,9270,9340,0.012008733624454093
2022-05-04,9220,9350,9180,9230,7532,-0.004314994606256728
2022-05-06,9150,9210,9030,9080,13884,-0.01625135427952329
2022-05-09,9050,9300,8860,8880,23695,-0.022026431718061623
2022-05-10,8710,8880,8450,8740,15788,-0.015765765765765716
2022-05-11,8740,8880,8600,8800,10858,0.006864988558352492
2022-05-12,8750,8750,8340,8450,20136,-0.03977272727272729
2022-05-13,8370,8500,8370,8450,9890,0.0
2022-05-16,8450,8510,8400,8430,5633,-0.002366863905325478
2022-05-17,8420,8510,8400,8480,9594,0.005931198102016699
2022-05-18,8480,8800,8480,8500,9475,0.002358490566037652
2022-05-19,8280,8460,8220,8310,13411,-0.022352941176470575
2022-05-20,8280,8440,8200,8290,20003,-0.002406738868832692
2022-05-23,8320,8580,8290,8430,14078,0.016887816646562026
2022-05-24,8500,8500,8350,8370,4998,-0.007117437722419906
2022-05-25,8310,8510,8210,8340,14390,-0.0035842293906810374
2022-05-26,8360,8480,8360,8410,3173,0.008393285371702586
2022-05-27,8420,8530,8410,8510,3512,0.01189060642092743
2022-05-30,8520,8550,8430,8530,6457,0.00235017626321965
2022-05-31,8530,8560,8510,8550,23784,0.0023446658851113966
2022-06-02,8550,8880,8530,8760,15439,0.024561403508772006
2022-06-03,8760,8770,8670,8750,8885,-0.0011415525114155667
2022-06-07,8750,8750,8540,8650,9411,-0.011428571428571455
2022-06-08,8530,8670,8530,8660,7685,0.0011560693641619046
2022-06-09,8530,8660,8500,8570,7736,-0.010392609699769073
2022-06-10,8410,8470,8300,8430,8372,-0.016336056009334854
2022-06-13,8360,8360,7650,7650,39000,-0.09252669039145911
2022-06-14,7500,7600,7370,7510,30246,-0.018300653594771288
2022-06-15,7420,7500,7100,7190,23016,-0.04260985352862845
2022-06-16,7230,7500,7160,7270,15959,0.011126564673157091
2022-06-17,7200,7250,7010,7250,12230,-0.0027510316368638543
2022-06-20,7250,7250,6690,6890,24113,-0.049655172413793136
2022-06-21,6870,7050,6810,7010,11562,0.01741654571843254
2022-06-22,6990,7020,6550,6800,17200,-0.029957203994293913
2022-06-23,6740,6770,6070,6200,43346,-0.08823529411764708
2022-06-24,6110,6500,6110,6500,26177,0.048387096774193505
2022-06-27,6530,6860,6520,6720,10920,0.03384615384615386
2022-06-28,6950,6950,6690,6810,16818,0.013392857142857206
2022-06-29,6800,6830,6700,6830,4520,0.002936857562408246
2022-06-30,6790,6970,6710,6800,5917,-0.004392386530014614
2022-07-01,6690,6840,6460,6710,11082,-0.013235294117647012
2022-07-04,6650,6690,6340,6440,11767,-0.04023845007451565
2022-07-05,6440,6750,6440,6700,6041,0.04037267080745344
2022-07-06,6760,6980,6630,6840,20233,0.020895522388059806
2022-07-07,6840,7050,6840,6930,14489,0.013157894736842035
2022-07-08,7060,7140,6910,7000,10819,0.010101010101010166
2022-07-11,7080,7080,6900,7030,9641,0.004285714285714226
2022-07-12,6960,6960,6810,6960,7086,-0.009957325746799417
2022-07-13,6910,6960,6800,6950,16164,-0.001436781609195359
2022-07-14,6940,7070,6870,7070,7287,0.01726618705035965
2022-07-15,7070,7150,7000,7100,7192,0.004243281471004279
2022-07-18,7150,7230,7050,7200,9801,0.014084507042253502
2022-07-19,7090,7250,7090,7200,8558,0.0
2022-07-20,7220,7330,7120,7210,8538,0.001388888888888884
2022-07-21,7240,7290,7140,7250,5590,0.00554785020804438
2022-07-22,7200,7330,7200,7300,4850,0.006896551724137945
2022-07-25,7170,7340,7170,7220,4357,-0.010958904109588996
2022-07-26,7250,7340,7110,7260,4502,0.005540166204986097
2022-07-27,7270,7270,7080,7170,10690,-0.012396694214875992
2022-07-28,7310,7330,7180,7280,5391,0.015341701534170138
2022-07-29,7280,7660,7280,7550,37872,0.03708791208791218
2022-08-01,7550,7610,7470,7500,5735,-0.0066225165562914245
2022-08-02,7430,7660,7430,7560,14478,0.008000000000000007
2022-08-03,7590,7670,7560,7660,10053,0.013227513227513255
2022-08-04,7700,8460,7670,7770,62963,0.01436031331592691
2022-08-05,7800,7910,7750,7810,14259,0.005148005148005064
2022-08-08,7890,7910,7640,7640,10436,-0.0217669654289373
2022-08-09,7660,7700,7530,7630,10401,-0.0013089005235602524
2022-08-10,7690,7690,7430,7550,5501,-0.010484927916120546
2022-08-11,7500,7770,7500,7690,12100,0.018543046357615944
2022-08-12,7700,7710,7560,7710,4932,0.002600780234070177
2022-08-16,7710,7730,7520,7630,8181,-0.01037613488975353
2022-08-17,7630,7660,7310,7380,26989,-0.032765399737876844
2022-08-18,7280,7290,7190,7290,8097,-0.012195121951219523
2022-08-19,7200,7430,7190,7330,9583,0.005486968449931462
2022-08-22,7330,7330,7030,7030,7635,-0.04092769440654842
2022-08-23,6960,7000,6820,6840,14984,-0.027027027027026973
2022-08-24,6840,6970,6800,6950,8144,0.016081871345029253
2022-08-25,7020,7170,7010,7020,7102,0.010071942446043147
2022-08-26,7120,7120,7010,7080,5378,0.008547008547008517
2022-08-29,6800,6970,6770,6930,7992,-0.021186440677966156
2022-08-30,6860,6980,6840,6890,11257,-0.005772005772005762
2022-08-31,6950,7000,6860,7000,3481,0.0159651669085632
2022-09-01,7000,7070,6830,6830,6306,-0.024285714285714244
2022-09-02,6770,6830,6660,6790,8210,-0.005856515373352855
2022-09-05,7300,8820,7300,8820,532573,0.2989690721649485
2022-09-06,9950,11000,9060,9180,3576656,0.04081632653061229
2022-09-07,9020,9660,8820,9030,761894,-0.016339869281045805
2022-09-08,9200,9220,8310,8490,348318,-0.05980066445182719
2022-09-13,8520,8730,8310,8580,256016,0.010600706713780994
2022-09-14,8330,8340,8170,8170,120169,-0.04778554778554778
2022-09-15,8150,8670,8150,8530,243967,0.044063647490820035
2022-09-16,8340,8600,8060,8170,76136,-0.042203985932004695
2022-09-19,8110,8250,7710,7730,81176,-0.05385556915544676
2022-09-20,7720,8780,7690,8070,844087,0.043984476067270295
2022-09-21,8090,8430,7930,8150,158193,0.00991325898389106
2022-09-22,8000,8110,7800,7970,80882,-0.02208588957055213
2022-09-23,8250,8610,8110,8300,501432,0.04140526976160608
2022-09-26,8210,8650,7050,7100,376063,-0.14457831325301207
2022-09-27,7090,7320,6510,6810,130134,-0.04084507042253516
2022-09-28,6770,6840,6100,6330,111390,-0.07048458149779735
2022-09-29,6370,6710,6370,6560,47096,0.03633491311216419
2022-09-30,6330,6520,6250,6300,51870,-0.03963414634146345
2022-10-04,6360,6590,6360,6570,41507,0.04285714285714293
2022-10-05,6630,6730,6380,6410,24418,-0.0243531202435312
2022-10-06,6460,6610,6460,6600,23834,0.029641185647425905
2022-10-07,6710,6710,6450,6510,18781,-0.013636363636363669
2022-10-11,6320,6440,5930,5950,51072,-0.08602150537634412
2022-10-12,5890,6180,5890,6040,35215,0.015126050420168013
2022-10-13,5960,6090,5880,5980,34088,-0.009933774834437137
2022-10-14,5990,6190,5990,6040,55182,0.010033444816053505
2022-10-17,6250,6250,5950,6040,32417,0.0
2022-10-18,6090,6820,6090,6390,182826,0.057947019867549576
2022-10-19,6390,6530,6260,6260,23906,-0.020344287949921713
2022-10-20,6200,6290,6180,6230,23708,-0.004792332268370614
2022-10-21,6130,6200,6030,6030,20234,-0.0321027287319422
2022-10-24,6080,6230,6080,6160,20065,0.021558872305140975
2022-10-25,6250,6250,6100,6120,17132,-0.00649350649350644
2022-10-26,6120,7950,6120,7950,1839559,0.2990196078431373
2022-10-27,8400,8690,7830,8020,1409495,0.008805031446540879
2022-10-28,8050,8050,7430,7430,282218,-0.07356608478802995
2022-10-31,7450,7620,7300,7520,177768,0.01211305518169592
2022-11-01,7470,7470,7300,7300,105781,-0.0292553191489362
2022-11-02,7310,7320,7010,7120,145165,-0.024657534246575352
2022-11-03,7020,7170,6970,7140,94129,0.002808988764045006
2022-11-04,7100,7100,6850,6950,73961,-0.026610644257703098
2022-11-07,6970,7230,6970,7110,123141,0.02302158273381294
2022-11-08,7130,7220,7040,7210,64914,0.014064697609001309
2022-11-09,7170,7210,7050,7100,53719,-0.015256588072122046
2022-11-10,7100,7120,7000,7000,33234,-0.014084507042253502
2022-11-11,7160,7220,7060,7080,55432,0.011428571428571344
2022-11-14,7090,7290,7030,7280,98182,0.02824858757062154
2022-11-15,7290,7330,7200,7330,65857,0.006868131868131844
2022-11-16,7340,7360,7180,7300,44945,-0.004092769440654842
2022-11-17,7260,7460,7180,7380,66822,0.010958904109588996
2022-11-18,7480,7570,7350,7540,148124,0.021680216802167918
2022-11-21,7490,7490,7260,7280,69474,-0.03448275862068961
2022-11-22,7180,7180,6950,6960,60547,-0.04395604395604391
2022-11-23,6970,7040,6930,7030,18732,0.010057471264367734
2022-11-24,7100,7200,6960,7170,28704,0.019914651493598834
2022-11-25,7170,7240,7070,7150,15475,-0.002789400278940035
2022-11-28,7150,7150,6900,6920,28363,-0.032167832167832144
2022-11-29,6920,6990,6770,6940,16773,0.0028901734104045396
2022-11-30,7020,9020,7020,8650,4005712,0.24639769452449567
2022-12-01,8620,8850,8470,8660,827771,0.0011560693641619046
2022-12-02,8600,9270,8090,8160,1235775,-0.05773672055427248
2022-12-05,8150,8340,8100,8100,162261,-0.007352941176470562
2022-12-06,7990,8150,7840,7950,94377,-0.01851851851851849
2022-12-07,7860,8160,7710,8040,91709,0.01132075471698113
2022-12-08,7880,8060,7590,7750,79865,-0.03606965174129351
2022-12-09,7750,7950,7610,7850,67106,0.012903225806451646
2022-12-12,7850,7850,7610,7840,28539,-0.001273885350318471
2022-12-13,7830,8100,7700,8000,72029,0.020408163265306145
2022-12-14,8040,8190,7950,8050,97940,0.006250000000000089
2022-12-15,8090,8240,8010,8090,71268,0.00496894409937898
2022-12-16,7920,7950,7710,7730,72304,-0.04449938195302838
2022-12-19,7730,7810,7470,7750,54169,0.002587322121604174
2022-12-20,7680,7730,7540,7560,35741,-0.024516129032258083
2022-12-21,7560,7750,7430,7700,38873,0.0185185185185186
2022-12-22,7760,7930,7700,7900,34820,0.025974025974025983
2022-12-23,7940,8130,7470,7490,74874,-0.051898734177215244
2022-12-26,7490,7700,7490,7510,32691,0.002670226969292422
2022-12-27,7510,7700,7510,7630,18824,0.015978695073235683
2022-12-28,7630,7840,7630,7800,35762,0.022280471821756187
2022-12-29,7730,7770,7520,7650,41938,-0.019230769230769273
2023-01-02,7790,7900,7260,7530,69972,-0.015686274509803977
2023-01-03,7390,7550,7290,7550,34281,0.0026560424966799445
2023-01-04,7560,7700,7480,7650,28888,0.013245033112582849
2023-01-05,7660,7840,7470,7670,41048,0.002614379084967311
2023-01-06,7510,7760,7510,7730,27070,0.007822685788787531
2023-01-09,7880,7880,7700,7830,43406,0.012936610608020649
2023-01-10,7830,8110,7800,7900,80700,0.008939974457215838
2023-01-11,7910,8090,7850,7960,25492,0.0075949367088608
2023-01-12,8040,8050,7870,7970,24416,0.0012562814070351536
2023-01-13,7980,7980,7830,7860,30272,-0.013801756587201952
2023-01-16,7960,8170,7890,8130,40079,0.03435114503816794
2023-01-17,8130,8180,7880,7940,37985,-0.02337023370233704
2023-01-18,7950,8230,7870,8230,58864,0.03652392947103267
2023-01-19,8100,8230,7980,8010,30691,-0.026731470230862753
2023-01-20,7990,8050,7920,7990,16907,-0.0024968789013732895
2023-01-25,7990,8150,7990,8050,26271,0.007509386733416834
2023-01-26,8130,8260,8060,8250,48144,0.024844720496894457
2023-01-27,8250,8280,8170,8190,31612,-0.0072727272727273196
2023-01-30,8190,8250,8060,8150,28137,-0.004884004884004867
2023-01-31,8260,8260,8020,8170,29920,0.0024539877300613355
2023-02-01,8160,8160,8050,8060,15992,-0.01346389228886169
2023-02-02,8150,8410,8150,8340,84210,0.03473945409429291
2023-02-03,8450,8450,8250,8260,34280,-0.00959232613908878
2023-02-06,8260,8320,8100,8310,21080,0.006053268765133124
2023-02-07,8300,8340,8210,8300,17150,-0.001203369434416346
2023-02-08,8300,8420,8240,8350,23329,0.006024096385542244
2023-02-09,8350,8370,8270,8360,22956,0.0011976047904191933
2023-02-10,8360,8360,8050,8050,33668,-0.037081339712918715
2023-02-13,7960,8050,7840,7950,29025,-0.012422360248447228
2023-02-14,8030,8150,7960,8010,15099,0.007547169811320753
2023-02-15,8010,8080,7660,7760,34791,-0.031210986267166008
2023-02-16,7760,7870,7680,7850,19571,0.011597938144329856
2023-02-17,7850,7850,7590,7660,24021,-0.02420382165605095
2023-02-20,7730,7740,7560,7690,8195,0.003916449086161844
2023-02-21,7690,7920,7610,7850,18031,0.02080624187256186
2023-02-22,7800,7800,7580,7590,12930,-0.03312101910828025
2023-02-23,7550,7620,7400,7460,21311,-0.017127799736495364
2023-02-24,7530,7540,7130,7150,46920,-0.041554959785522816
2023-02-27,7150,7500,6990,7480,40355,0.04615384615384621
2023-02-28,7420,7480,7240,7450,14767,-0.004010695187165791
2023-03-02,7520,7650,7260,7450,13855,0.0
2023-03-03,7360,7540,7360,7390,15397,-0.008053691275167751
2023-03-06,7390,7550,7220,7330,24179,-0.008119079837618393
2023-03-07,7210,7820,7210,7600,38299,0.03683492496589369
2023-03-08,7560,7560,7330,7400,14983,-0.02631578947368418
2023-03-09,7320,7480,7180,7480,31764,0.0108108108108107
2023-03-10,7400,7600,7260,7440,16962,-0.005347593582887722
2023-03-13,7210,7410,7150,7210,22014,-0.03091397849462363
2023-03-14,7180,7210,6750,6810,42898,-0.0554785020804438
2023-03-15,6830,7080,6810,7080,16959,0.0396475770925111
2023-03-16,7080,7080,6800,6910,19457,-0.02401129943502822
2023-03-17,6950,7450,6950,7450,81965,0.07814761215629518
2023-03-20,7450,9280,7330,8050,1351801,0.08053691275167796
2023-03-21,7810,7820,7490,7490,161700,-0.06956521739130439
2023-03-22,7540,7570,7160,7230,93343,-0.03471295060080104
2023-03-23,7230,7370,7140,7210,37098,-0.0027662517289073207
2023-03-24,7250,7500,7250,7390,39323,0.02496532593619971
2023-03-27,7380,7430,7180,7240,20582,-0.020297699594046037
2023-03-28,7270,7520,7270,7460,30566,0.03038674033149169
2023-03-29,7410,7590,7400,7590,29035,0.01742627345844494
2023-03-30,7590,7780,7530,7770,71584,0.02371541501976293
2023-03-31,7750,8040,7630,7740,48237,-0.0038610038610038533
2023-04-03,7740,8000,7740,7940,43306,0.025839793281653645
2023-04-04,8040,8100,7830,8080,67213,0.017632241813602123
2023-04-05,8080,8190,7930,8100,56476,0.0024752475247524774
2023-04-06,8050,8300,7980,8200,54211,0.012345679012345734
2023-04-07,8200,8340,8090,8090,39797,-0.013414634146341475
2023-04-10,8090,8280,7550,7830,49188,-0.03213844252163167
2023-04-11,7760,8130,7740,7900,36232,0.008939974457215838
2023-04-12,7920,8200,7750,8130,31307,0.029113924050632844
2023-04-13,8100,8150,7820,7990,26444,-0.017220172201722006
2023-04-14,7990,8150,7920,8090,21366,0.01251564455569465
2023-04-17,8100,8230,7910,8170,55200,0.009888751545117369
2023-04-18,8040,8240,8040,8220,34040,0.006119951040391758
2023-04-19,8170,8420,8130,8320,75597,0.012165450121654597
2023-04-20,8260,8390,8120,8140,45396,-0.02163461538461542
2023-04-21,8100,8900,8090,8480,206022,0.041769041769041726
2023-04-24,8500,8610,7900,8200,69499,-0.03301886792452835
2023-04-25,8300,8300,7610,7830,65361,-0.045121951219512235
2023-04-26,7800,7880,7630,7640,44084,-0.024265644955300147
2023-04-27,7620,7850,7550,7670,19744,0.003926701570680535
2023-04-28,7710,7890,7510,7670,17056,0.0
2023-05-02,7670,8000,7630,7790,10144,0.015645371577575062
2023-05-03,7660,7850,7660,7850,16415,0.007702182284980763
2023-05-04,7790,8240,7730,7830,11688,-0.002547770700636942
2023-05-08,7950,7950,7800,7870,7352,0.005108556832694733
2023-05-09,7800,7920,7670,7770,15062,-0.01270648030495558
2023-05-10,7770,7960,7700,7900,8226,0.016731016731016624
2023-05-11,8080,8090,7800,7820,10226,-0.010126582278481067
2023-05-12,7800,7800,7460,7520,47554,-0.038363171355498715
2023-05-15,7600,7600,7200,7460,23987,-0.007978723404255317
2023-05-16,7460,7460,7130,7130,26023,-0.0442359249329759
2023-05-17,7130,7200,7040,7130,7671,0.0
2023-05-18,7140,7270,7140,7210,4835,0.011220196353436185
2023-05-19,7210,7320,7210,7290,7778,0.01109570041608876
2023-05-22,7290,7440,7220,7340,11699,0.006858710562414272
2023-05-23,7340,7410,7280,7280,8478,-0.008174386920980936
2023-05-24,7210,7280,7130,7170,13583,-0.015109890109890056
2023-05-25,7190,7190,7050,7140,14332,-0.004184100418409997
2023-05-26,7140,7170,7050,7050,9764,-0.012605042016806678
2023-05-30,7090,7130,6910,7000,24750,-0.007092198581560294
2023-05-31,7000,7190,6940,7050,16455,0.0071428571428571175
2023-06-01,7190,7190,6980,7070,6287,0.0028368794326241176
2023-06-02,7090,7210,7080,7140,6185,0.00990099009900991
2023-06-05,7150,7290,7120,7230,9228,0.012605042016806678
2023-06-07,7170,7340,7170,7270,8150,0.0055325034578146415
2023-06-08,7270,7380,7190,7330,11527,0.008253094910591452
2023-06-09,7300,7380,7210,7260,5504,-0.009549795361528002
2023-06-12,7300,7310,7170,7170,5627,-0.012396694214875992
2023-06-13,7220,7290,7140,7170,13583,0.0
2023-06-14,7190,7290,7120,7210,7429,0.00557880055788007
2023-06-15,7210,7450,7180,7390,15327,0.02496532593619971
2023-06-16,7390,7530,7320,7320,12476,-0.009472259810554773
2023-06-19,7320,7430,7010,7200,24476,-0.016393442622950838
2023-06-20,7210,7400,7070,7170,12224,-0.004166666666666652
2023-06-21,7170,7210,7090,7130,9680,-0.00557880055788007
2023-06-22,7050,7230,7030,7080,11850,-0.007012622720897643
2023-06-23,7110,7160,6910,7110,15643,0.004237288135593209
2023-06-26,7110,7150,6980,7120,4167,0.0014064697609001975
2023-06-27,7290,7290,7080,7130,4923,0.001404494382022392
2023-06-28,7130,7190,6940,6940,26241,-0.02664796633941091
2023-06-29,6940,6940,6860,6900,10716,-0.0057636887608069065
2023-06-30,6830,6930,6830,6880,5888,-0.0028985507246376274
2023-07-03,6880,7170,6880,7050,13087,0.024709302325581328
2023-07-04,7060,7390,7060,7160,23713,0.015602836879432536
2023-07-05,7160,7330,7000,7020,12397,-0.019553072625698276
2023-07-06,7120,7120,6890,6890,7254,-0.01851851851851849
2023-07-07,6720,6830,6680,6810,15132,-0.011611030478954953
2023-07-10,6710,6790,6680,6720,11306,-0.013215859030836996
2023-07-11,6940,6940,6650,6770,5216,0.007440476190476275
2023-07-12,6940,6940,6790,6840,4257,0.010339734121122657
2023-07-13,7030,7030,6850,6860,3506,0.0029239766081872176
2023-07-14,6930,6940,6730,6830,12766,-0.004373177842565634
2023-07-17,6840,6920,6810,6840,7177,0.0014641288433381305
2023-07-18,6840,6960,6840,6960,9499,0.01754385964912286
2023-07-19,6970,7020,6910,6960,12785,0.0
2023-07-20,6960,7080,6930,6970,6578,0.001436781609195359
2023-07-21,7070,7070,6790,6810,11696,-0.022955523672883782
2023-07-24,6810,6810,6650,6700,23288,-0.016152716593245242
2023-07-25,6700,6840,6370,6380,20516,-0.047761194029850795
2023-07-26,6360,6360,5880,6120,33876,-0.040752351097178674
2023-07-27,5960,6180,5960,6110,15142,-0.0016339869281045694
2023-07-28,6050,6200,6050,6200,8279,0.014729950900163713
2023-07-31,6210,6300,6200,6300,9825,0.016129032258064502
2023-08-01,6350,6350,6200,6310,6249,0.0015873015873015817
2023-08-02,6370,6550,6260,6420,9742,0.017432646592709933
2023-08-03,6360,6530,6210,6310,10702,-0.01713395638629278
2023-08-04,6310,6310,6190,6310,4965,0.0
2023-08-07,6250,6290,6130,6140,11705,-0.02694136291600635
2023-08-08,6170,6310,6000,6180,10976,0.006514657980456029
2023-08-09,6120,6240,6100,6210,2061,0.004854368932038833
2023-08-10,6210,6570,6100,6320,5880,0.017713365539452575
2023-08-11,6450,6450,6250,6370,2391,0.007911392405063333
2023-08-14,6370,6370,6100,6140,12546,-0.03610675039246469
2023-08-16,6030,6130,5890,6080,26769,-0.009771986970684043
2023-08-17,5920,6300,5920,6270,12937,0.03125
2023-08-18,6170,6340,6110,6260,14680,-0.0015948963317384823
2023-08-21,6240,6360,6100,6100,5926,-0.025559105431309903
2023-08-22,6250,6300,6060,6270,9539,0.02786885245901649
2023-08-23,6330,6330,6020,6220,4786,-0.00797448165869219
2023-08-24,6160,6450,6040,6120,21632,-0.01607717041800638
2023-08-25,6120,6190,6090,6120,3375,0.0
2023-08-28,6120,6310,6060,6280,6880,0.02614379084967311
2023-08-29,6280,6330,6060,6150,7503,-0.02070063694267521
2023-08-30,6200,6300,6160,6260,5971,0.01788617886178856
2023-08-31,6260,6350,6130,6200,7596,-0.009584664536741228
2023-09-01,6130,6300,6080,6090,10594,-0.01774193548387093
2023-09-04,6070,6140,6030,6090,8277,0.0
2023-09-05,6070,6210,6030,6210,3064,0.019704433497536922
2023-09-06,6210,6210,6000,6020,26526,-0.03059581320450888
2023-09-07,6020,6070,5920,6000,11604,-0.0033222591362126463
2023-09-08,6010,6260,5960,6010,18954,0.0016666666666667052
2023-09-11,6100,6150,5980,6000,11637,-0.0016638935108153063
2023-09-12,6000,6170,5960,5980,11429,-0.0033333333333332993
2023-09-13,5900,5990,5900,5920,8105,-0.010033444816053505
2023-09-14,5910,6090,5910,6050,5555,0.02195945945945943
2023-09-15,6200,6200,6010,6090,6829,0.006611570247933907
2023-09-18,6100,6150,5970,5970,8174,-0.019704433497536922
2023-09-19,5970,6060,5900,6030,8539,0.01005025125628145
2023-09-20,6030,6060,5950,6060,3612,0.004975124378109541
2023-09-21,6090,6090,5850,5890,15282,-0.028052805280528004
2023-09-22,5880,5880,5760,5830,10270,-0.01018675721561968
2023-09-25,5720,5870,5720,5720,6305,-0.018867924528301883
2023-09-26,5720,5720,5620,5640,8786,-0.013986013986013957
2023-09-27,5610,5840,5600,5840,4824,0.03546099290780136
2023-10-04,5840,5840,5470,5520,14188,-0.0547945205479452
2023-10-05,5520,5610,5440,5610,4169,0.016304347826086918
2023-10-06,5530,5610,5520,5610,2234,0.0
2023-10-10,5630,5670,5430,5530,7660,-0.014260249554367221
2023-10-11,5480,5550,5450,5520,15486,-0.001808318264014508
2023-10-12,5520,5580,5400,5440,26931,-0.01449275362318836
2023-10-13,5470,5480,5310,5330,12640,-0.020220588235294157
2023-10-16,5310,5330,5120,5150,6595,-0.0337711069418386
2023-10-17,5150,5230,5070,5150,16961,0.0
2023-10-18,5200,5330,4930,5040,42386,-0.021359223300970842
2023-10-19,5020,5020,4810,4830,10643,-0.04166666666666663
2023-10-20,4830,4830,4530,4820,31291,-0.0020703933747412417
2023-10-23,4700,4735,4450,4455,37776,-0.07572614107883813
2023-10-24,4500,4905,4355,4820,55350,0.08193041526374856
2023-10-25,4820,4820,4605,4670,27880,-0.03112033195020747
2023-10-26,4620,4620,4450,4490,13981,-0.03854389721627405
2023-10-27,4485,4525,4390,4490,5234,0.0
2023-10-30,4455,4590,4355,4420,8718,-0.015590200445434244
2023-10-31,4515,4570,4285,4410,13951,-0.002262443438914019
2023-11-01,4410,4540,4305,4400,17848,-0.0022675736961451642
2023-11-02,4590,4590,4430,4555,82358,0.03522727272727266
2023-11-03,4620,4685,4550,4660,17560,0.023051591657519133
2023-11-06,4660,4740,4650,4660,8058,0.0
2023-11-07,4775,4775,4470,4660,22628,0.0
2023-11-08,4650,4660,4580,4655,7891,-0.0010729613733905241
2023-11-09,4700,4745,4575,4640,10580,-0.0032223415682062218
2023-11-10,4640,4640,4470,4480,9482,-0.03448275862068961
2023-11-13,4525,4530,4450,4480,6733,0.0
2023-11-14,4480,4530,4400,4520,6036,0.008928571428571397
2023-11-15,4575,4630,4520,4630,10391,0.02433628318584069
2023-11-16,4635,4680,4585,4665,7422,0.0075593952483801186
2023-11-17,4665,4700,4600,4675,6901,0.002143622722400762
2023-11-20,4675,4850,4635,4740,22988,0.013903743315508033
2023-11-21,4740,4850,4695,4850,10187,0.02320675105485237
2023-11-22,4845,5000,4800,4810,13412,-0.008247422680412342
2023-11-23,4815,4885,4750,4770,5136,-0.008316008316008316
2023-11-24,4820,4820,4735,4810,2882,0.008385744234800763
2023-11-27,4780,4860,4705,4705,1998,-0.021829521829521803
2023-11-28,4710,4780,4650,4700,5095,-0.0010626992561104665
2023-11-29,4740,4745,4670,4730,4997,0.006382978723404209
2023-11-30,4710,4770,4680,4740,3865,0.0021141649048626032
2023-12-01,4740,4740,4670,4680,5793,-0.012658227848101222
2023-12-04,4680,4680,4605,4680,7610,0.0
2023-12-05,4540,4705,4540,4680,10777,0.0
2023-12-06,4585,4680,4585,4645,14276,-0.007478632478632452
2023-12-07,4645,4645,4570,4640,9554,-0.0010764262648008671
2023-12-08,4580,4740,4580,4680,2895,0.008620689655172376
2023-12-11,4680,4775,4680,4685,7450,0.0010683760683760646
2023-12-12,4735,4875,4730,4830,18914,0.03094983991462108
2023-12-13,4875,5150,4875,5080,29290,0.05175983436852993
2023-12-14,5080,5190,5030,5070,18535,-0.0019685039370078705
2023-12-15,5080,5100,4960,5050,7151,-0.0039447731755424265
2023-12-18,5050,5170,4945,5050,14097,0.0
2023-12-19,5050,5130,4995,5030,11376,-0.003960396039603964
2023-12-20,5030,5110,4965,5110,10739,0.015904572564612307
2023-12-21,5100,5390,5070,5120,40619,0.001956947162426559
2023-12-22,5120,5200,5020,5130,13560,0.001953125
2023-12-26,5130,5200,5110,5140,4310,0.0019493177387914784
2023-12-27,5140,5140,5000,5120,8621,-0.0038910505836575737
2023-12-28,5130,5130,5020,5080,12425,-0.0078125
2024-01-02,5080,5310,5020,5260,22379,0.03543307086614167
2024-01-03,5260,5410,5190,5350,10269,0.017110266159695797
2024-01-04,5350,5380,5210,5210,3900,-0.0261682242990654
2024-01-05,5260,5350,5070,5330,4439,0.02303262955854124
2024-01-08,5330,5340,5290,5310,5900,-0.0037523452157598447
2024-01-09,5310,5400,5240,5270,10141,-0.007532956685499026
2024-01-10,5250,5260,5200,5220,3681,-0.009487666034155628
2024-01-11,5220,5220,5050,5140,7051,-0.01532567049808431
2024-01-12,5130,5140,5050,5140,3268,0.0
2024-01-15,5010,5140,5010,5050,2226,-0.017509727626459193
2024-01-16,5050,5050,4970,4975,7460,-0.014851485148514865
2024-01-17,4975,4975,4870,4870,7905,-0.021105527638190957
2024-01-18,4835,4885,4800,4875,7573,0.0010266940451746365
2024-01-19,4875,4980,4870,4900,13971,0.00512820512820511
2024-01-22,4900,5100,4890,4890,7896,-0.0020408163265306367
2024-01-23,4890,4940,4830,4915,6496,0.005112474437627856
2024-01-24,4915,5040,4805,4935,6119,0.004069175991861629
2024-01-25,4885,4990,4750,4775,13980,-0.032421479229989836
2024-01-26,4775,4840,4725,4790,4359,0.003141361256544517
2024-01-29,4775,5010,4700,4910,10975,0.025052192066805867
2024-01-30,4860,4905,4785,4905,7933,-0.0010183299389001643
2024-01-31,4780,4810,4775,4775,6220,-0.02650356778797147
2024-02-01,4775,4830,4605,4775,9802,0.0
2024-02-02,4770,4810,4765,4765,16890,-0.0020942408376963817
2024-02-05,4805,4825,4600,4675,10546,-0.018887722980062915
2024-02-06,4675,4715,4600,4680,3293,0.0010695187165774556
2024-02-07,4665,4795,4590,4795,4602,0.024572649572649485
2024-02-08,4795,4915,4745,4805,3506,0.002085505735140769
2024-02-13,4805,4805,4730,4795,4210,-0.002081165452653466
2024-02-14,4800,4875,4680,4815,4722,0.004171011470281538
2024-02-15,4780,4815,4740,4740,7353,-0.015576323987538943
2024-02-16,4740,4805,4700,4805,3169,0.01371308016877637
2024-02-19,4805,4910,4790,4860,6339,0.01144640998959412
2024-02-20,4875,4965,4860,4900,2732,0.008230452674897082
2024-02-21,4900,4970,4855,4875,8091,-0.005102040816326481
2024-02-22,4870,4875,4790,4790,6279,-0.017435897435897463
2024-02-23,4790,4790,4650,4675,6790,-0.024008350730688965
2024-02-26,4675,4685,4625,4665,9853,-0.002139037433155133
2024-02-27,4630,4660,4575,4640,7992,-0.005359056806002127
2024-02-28,4640,4640,4560,4600,10063,-0.008620689655172376
2024-02-29,4660,4750,4570,4615,4115,0.003260869565217428
2024-03-04,4625,4625,4530,4595,8315,-0.004333694474539573
2024-03-05,4550,4585,4505,4530,5683,-0.014145810663764968
2024-03-06,4530,4620,4430,4435,7267,-0.020971302428256067
2024-03-07,4430,4435,4350,4380,11286,-0.012401352874859106
2024-03-08,4380,4380,4295,4300,11784,-0.0182648401826484
2024-03-11,4330,4490,4300,4440,8766,0.032558139534883734
2024-03-12,4385,4490,4340,4470,3012,0.006756756756756799
2024-03-13,4470,4470,4380,4450,4971,-0.004474272930648726
2024-03-14,4450,4450,4365,4445,2779,-0.0011235955056180247
2024-03-15,4495,4500,4330,4330,4061,-0.025871766029246346
2024-03-18,4335,4425,4335,4415,4029,0.019630484988452546
2024-03-19,4560,4570,4405,4525,2080,0.02491506228765572
2024-03-20,4535,4580,4435,4515,6597,-0.0022099447513812542
2024-03-21,4515,4620,4455,4570,6327,0.012181616832779518
2024-03-22,4525,4665,4475,4600,4087,0.006564551422319376
2024-03-25,4530,4670,4530,4540,4843,-0.013043478260869601
2024-03-26,4540,4715,4535,4605,2652,0.014317180616740144
2024-03-27,4605,4685,4605,4645,2784,0.008686210640608039
2024-03-28,4650,4695,4650,4660,2083,0.0032292787944026013
2024-03-29,4660,4710,4600,4660,1189,0.0
2024-04-01,4660,4705,4570,4685,4404,0.005364806866952732
2024-04-02,4715,4715,4590,4610,3269,-0.016008537886872953
2024-04-03,4565,4595,4565,4565,2783,-0.009761388286334105
2024-04-04,4520,4545,4445,4520,6649,-0.009857612267250793
2024-04-05,4505,4520,4425,4500,5360,-0.004424778761061954
2024-04-08,4410,4460,4360,4400,4579,-0.022222222222222254
2024-04-09,4400,4455,4395,4395,4656,-0.001136363636363602
2024-04-11,4540,4565,4420,4555,3053,0.03640500568828209
2024-04-12,4335,4680,4335,4545,2526,-0.002195389681668547
2024-04-15,4545,4705,4430,4450,5043,-0.020902090209020896
2024-04-16,4405,4450,4330,4380,3178,-0.01573033707865168
2024-04-17,4215,4375,4210,4375,9136,-0.0011415525114155667
2024-04-18,4320,4365,4285,4360,7166,-0.0034285714285714475
2024-04-19,4690,5660,4370,4390,2212124,0.006880733944954143
2024-04-22,4390,4390,4030,4080,159080,-0.07061503416856496
2024-04-23,4100,4120,4005,4040,38730,-0.009803921568627416
2024-04-24,4100,4280,4000,4085,27603,0.011138613861386037
2024-04-25,4085,4135,4040,4060,17253,-0.006119951040391647
2024-04-26,4140,4140,4015,4045,27207,-0.003694581280788145
2024-04-29,4045,4100,4005,4075,12617,0.007416563658838138
2024-04-30,4075,4190,4050,4110,13423,0.008588957055214674
2024-05-02,4115,4270,4115,4240,25290,0.031630170316301776
2024-05-03,4255,4280,4190,4245,23164,0.001179245283018826
2024-05-07,4245,4280,4195,4220,13548,-0.005889281507656108
2024-05-08,4280,4310,4130,4305,22031,0.020142180094786744
2024-05-09,4305,5590,4305,5590,331910,0.29849012775842043
2024-05-10,6700,7260,6050,7260,1361466,0.298747763864043
2024-05-13,7300,7520,6130,6510,1574386,-0.10330578512396693
2024-05-14,6580,7070,6210,6260,758910,-0.03840245775729645
2024-05-16,6150,7190,6000,6410,677958,0.023961661341852958
2024-05-17,6290,6450,6030,6200,149111,-0.032761310452418146
2024-05-20,6200,6220,5650,5920,124145,-0.04516129032258065
2024-05-21,5870,5910,5580,5710,115627,-0.03547297297297303
2024-05-22,5760,7420,5760,7420,1056359,0.29947460595446596
2024-05-23,7400,7750,6530,6800,1430896,-0.0835579514824798
2024-05-24,7230,8840,7230,8840,920025,0.30000000000000004
2024-05-27,10340,11490,10200,10250,3634932,0.159502262443439
2024-05-28,9900,11060,9640,10320,1511685,0.006829268292682933
2024-05-29,10730,11500,10020,10560,769472,0.023255813953488413
2024-05-30,11000,11280,10090,10110,293885,-0.042613636363636354
2024-05-31,10000,10930,9440,10700,414544,0.05835806132542043
2024-06-03,10750,10970,10220,10220,240668,-0.04485981308411213
2024-06-04,10050,10790,9820,10320,171280,0.009784735812133016
2024-06-05,10120,10880,10010,10480,161397,0.015503875968992276
2024-06-07,10650,11300,10280,10800,217186,0.03053435114503822
2024-06-10,10860,12970,10860,12640,770117,0.17037037037037028
2024-06-11,12700,12700,12140,12400,203598,-0.01898734177215189
2024-06-12,12140,12380,11500,11920,173906,-0.03870967741935483
2024-06-13,12000,12350,11590,11890,144705,-0.002516778523489971
2024-06-14,11780,11780,10700,11250,228823,-0.05382674516400332
2024-06-17,10550,10900,9850,10050,309202,-0.10666666666666669
2024-06-18,9930,10730,9840,10070,234572,0.0019900497512437276
2024-06-19,9950,10080,9350,9460,190857,-0.06057596822244293
2024-06-20,9420,9900,9080,9200,106357,-0.02748414376321351
2024-06-21,8940,9750,8900,9330,104346,0.01413043478260878
2024-06-24,9330,9330,8800,8840,113491,-0.052518756698821
2024-06-25,8600,9100,8600,8840,92887,0.0
2024-06-26,9080,9080,8510,8800,103953,-0.004524886877828038
2024-06-27,8700,8830,8280,8450,113429,-0.03977272727272729
2024-06-28,8500,8970,8420,8580,77368,0.01538461538461533
2024-07-01,8580,8600,8360,8490,46670,-0.010489510489510523
2024-07-02,8590,8700,8020,8300,79940,-0.0223792697290931
2024-07-03,8220,8300,7850,7940,93277,-0.04337349397590362
2024-07-04,7930,8270,7680,7830,87724,-0.013853904282115859
2024-07-05,7830,7970,7620,7880,46954,0.0063856960408683605
2024-07-08,8000,8390,7900,8170,55513,0.03680203045685282
2024-07-09,8200,8200,7760,7800,57443,-0.04528763769889843
2024-07-10,7830,8480,7680,8220,88993,0.05384615384615388
2024-07-11,8120,8380,8040,8270,44410,0.006082725060827299
2024-07-12,8250,8300,7860,8050,34638,-0.026602176541717037
2024-07-15,8040,8370,7800,8250,20490,0.024844720496894457
2024-07-16,8250,8250,7600,8000,54977,-0.030303030303030276
2024-07-17,8000,8140,7840,7990,26433,-0.0012499999999999734
2024-07-18,7990,8070,7320,7990,49297,0.0
2024-07-19,7990,8020,7300,7900,40840,-0.01126408010012514
2024-07-22,7900,7900,7490,7640,24784,-0.032911392405063244
2024-07-23,7640,7800,7500,7520,28595,-0.015706806282722474
2024-07-24,7500,7770,7200,7260,57244,-0.034574468085106336
2024-07-25,7260,7340,6990,7140,49833,-0.016528925619834656
2024-07-26,7460,7500,7000,7150,21924,0.0014005602240896309
2024-07-29,7000,7370,6970,7100,37462,-0.006993006993006978
2024-07-30,7100,7170,6890,7010,28207,-0.012676056338028152
2024-07-31,7010,7060,6700,7020,27606,0.0014265335235377208
2024-08-01,7020,7450,6930,6970,44178,-0.007122507122507171
2024-08-02,6930,6930,6320,6640,65005,-0.04734576757532283
2024-08-05,6590,6590,5850,6000,41803,-0.09638554216867468
2024-08-06,5990,6370,5990,6130,28256,0.021666666666666723
2024-08-07,6130,6320,6130,6130,28665,0.0
2024-08-08,6190,6260,5880,6180,19601,0.00815660685154973
2024-08-09,6210,6560,6120,6400,35894,0.03559870550161803
2024-08-12,6330,6500,6230,6330,13675,-0.010937500000000044
2024-08-13,6330,6530,6060,6240,14187,-0.014218009478673022
2024-08-14,6500,6680,6190,6610,28386,0.059294871794871806
2024-08-16,6570,6680,6310,6360,24261,-0.03782148260211804
2024-08-19,6360,6550,6080,6340,23978,-0.0031446540880503138
2024-08-20,6340,6580,6300,6340,15296,0.0
2024-08-21,6350,6370,6000,6240,13144,-0.01577287066246058
2024-08-22,6220,6430,6110,6200,11788,-0.0064102564102563875
2024-08-23,6090,6320,6010,6180,15803,-0.003225806451612856
2024-08-26,6230,6270,6040,6080,17022,-0.016181229773462813
2024-08-27,6330,6330,6010,6130,11121,0.008223684210526327
2024-08-28,6130,6220,6030,6040,16611,-0.014681892332789603
2024-08-29,6260,6260,5960,6080,15711,0.0066225165562914245
2024-08-30,6030,6220,5960,6220,24952,0.023026315789473673
2024-09-02,6230,6670,6120,6260,45680,0.006430868167202508
2024-09-03,6510,6510,6100,6100,18326,-0.025559105431309903
2024-09-04,5910,5950,5630,5710,47166,-0.06393442622950818
2024-09-05,5710,5980,5460,5560,22471,-0.02626970227670755
2024-09-06,5560,5560,5170,5420,35216,-0.025179856115107868
2024-09-09,5150,5560,5120,5560,10366,0.02583025830258312
2024-09-10,5510,5700,5280,5450,7789,-0.01978417266187049
2024-09-11,5450,5500,5310,5330,4425,-0.022018348623853212
2024-09-12,5410,5600,5330,5460,6728,0.024390243902439046
2024-09-13,5470,5720,5440,5440,5002,-0.00366300366300365
2024-09-19,5440,5680,5280,5280,13197,-0.02941176470588236
2024-09-20,5480,5480,5220,5220,10653,-0.011363636363636354
2024-09-23,5220,5350,5180,5210,5594,-0.0019157088122605526
2024-09-24,5160,5330,5090,5310,13077,0.019193857965451144
2024-09-25,5310,5390,5130,5190,6654,-0.02259887005649719
2024-09-26,5190,5330,5150,5270,6979,0.015414258188824581
2024-09-27,5260,6010,5210,5820,83508,0.10436432637571147
2024-09-30,5820,6010,5420,5600,24054,-0.037800687285223344
2024-10-02,5450,5540,5260,5340,20471,-0.046428571428571375
2024-10-04,5300,5310,5210,5310,12378,-0.005617977528089901
2024-10-07,5310,5450,5250,5350,9129,0.007532956685499137
2024-10-08,5350,5520,5310,5370,8882,0.0037383177570093906
2024-10-10,5310,5400,5300,5300,8320,-0.013035381750465591
2024-10-11,5620,5620,5260,5400,19547,0.018867924528301883
2024-10-14,5410,7020,5390,7020,594471,0.30000000000000004
2024-10-15,7050,7770,6100,6200,782450,-0.11680911680911676
2024-10-16,6140,6660,5990,6440,176050,0.03870967741935494
2024-10-17,6260,7890,6150,7190,1212194,0.11645962732919246
2024-10-18,7100,7690,6810,7290,288630,0.013908205841446364
2024-10-21,7290,7450,6890,7420,150928,0.017832647462277196
2024-10-22,7380,7400,6900,6980,75263,-0.05929919137466311
2024-10-23,7190,7190,6620,6820,85649,-0.022922636103151817
2024-10-24,6800,6800,6290,6380,62569,-0.06451612903225812
2024-10-25,6380,6990,6380,6680,71362,0.047021943573667624
2024-10-28,6620,6620,6400,6460,26302,-0.03293413173652693
2024-10-29,6460,6610,6400,6460,15160,0.0
2024-10-30,6360,6690,6350,6540,28081,0.01238390092879249
2024-10-31,6540,6540,6150,6250,25997,-0.04434250764525993
2024-11-01,6250,6250,5780,6060,44255,-0.030399999999999983
