Date,Open,High,Low,Close,Volume,Change
2022-01-03,14150,14450,14050,14350,19475,0.014134275618374659
2022-01-04,14350,14900,14350,14850,64784,0.03484320557491283
2022-01-05,14800,14950,14450,14700,37281,-0.010101010101010055
2022-01-06,14300,14600,14300,14600,23507,-0.006802721088435382
2022-01-07,14500,14850,14400,14650,53966,0.003424657534246478
2022-01-10,16350,17400,15250,16200,1038804,0.10580204778156999
2022-01-11,15950,15950,14650,14650,229045,-0.095679012345679
2022-01-12,14650,15500,14650,15400,129599,0.05119453924914685
2022-01-13,15400,15650,15000,15500,83738,0.006493506493506551
2022-01-14,15350,15350,14550,14900,94222,-0.03870967741935483
2022-01-17,14550,14600,13550,13850,123673,-0.07046979865771807
2022-01-18,13850,14350,13150,13300,150347,-0.03971119133574008
2022-01-19,13100,13450,12800,13450,84027,0.011278195488721776
2022-01-20,13400,13750,13350,13700,29092,0.018587360594795488
2022-01-21,13700,14350,13450,13750,63504,0.0036496350364962904
2022-01-24,13500,13650,12900,12950,50021,-0.05818181818181822
2022-01-25,12950,13550,12650,12900,89604,-0.0038610038610038533
2022-01-26,12800,13350,12750,13100,44183,0.015503875968992276
2022-01-27,13100,13600,12550,12700,45072,-0.03053435114503822
2022-01-28,12700,13150,12400,13150,41187,0.03543307086614167
2022-02-03,13500,13600,13350,13450,41132,0.02281368821292773
2022-02-04,13550,13900,13500,13650,41540,0.014869888475836479
2022-02-07,13700,13900,13600,13750,30540,0.0073260073260073
2022-02-08,13750,13850,13200,13550,33552,-0.014545454545454528
2022-02-09,13600,13800,13500,13750,20543,0.014760147601476037
2022-02-10,13850,14300,13200,13600,96217,-0.010909090909090868
2022-02-11,13600,13600,13000,13200,46770,-0.02941176470588236
2022-02-14,13000,13050,12500,13000,56462,-0.015151515151515138
2022-02-15,12850,13100,12450,12550,55145,-0.0346153846153846
2022-02-16,12700,13250,12700,13150,29386,0.047808764940239
2022-02-17,13250,13550,13000,13200,48328,0.0038022813688212143
2022-02-18,13150,13550,12950,13500,23516,0.022727272727272707
2022-02-21,13450,13500,13250,13450,22551,-0.0037037037037036535
2022-02-22,13100,13350,12800,12850,49396,-0.044609665427509326
2022-02-23,12800,13250,12800,13150,32151,0.023346303501945442
2022-02-24,13150,13350,12450,12700,54574,-0.034220532319391594
2022-02-25,12750,12950,12700,12850,21853,0.011811023622047223
2022-02-28,12900,13100,12800,12900,28186,0.0038910505836575737
2022-03-02,12900,13650,12900,13600,65982,0.054263565891472965
2022-03-03,13800,13950,13650,13900,53475,0.022058823529411686
2022-03-04,13900,14200,13700,13900,33916,0.0
2022-03-07,13850,13850,13450,13600,28696,-0.021582733812949617
2022-03-08,13650,14500,13100,13200,204728,-0.02941176470588236
2022-03-10,13200,13350,13100,13150,31097,-0.0037878787878787845
2022-03-11,13250,13550,13200,13450,31691,0.02281368821292773
2022-03-14,13450,13750,13100,13400,33382,-0.0037174721189591198
2022-03-15,13200,13300,13050,13100,22480,-0.02238805970149249
2022-03-16,13200,13400,13050,13300,19816,0.01526717557251911
2022-03-17,13400,13600,13350,13550,37222,0.018796992481203034
2022-03-18,13850,13950,13450,13700,47309,0.011070110701107083
2022-03-21,13700,14200,13600,14050,83438,0.025547445255474477
2022-03-22,14000,14150,13900,14100,29107,0.003558718861210064
2022-03-23,14400,14900,14300,14650,150130,0.03900709219858145
2022-03-24,14650,14650,14150,14400,62028,-0.017064846416382284
2022-03-25,14400,14400,14100,14100,29281,-0.02083333333333337
2022-03-28,14100,14350,13800,14200,41021,0.007092198581560183
2022-03-29,14150,14350,14000,14200,21684,0.0
2022-03-30,14100,14300,13950,14050,28534,-0.010563380281690127
2022-03-31,14050,14300,13950,14050,17926,0.0
2022-04-01,14050,14350,14000,14300,37715,0.017793594306049876
2022-04-04,14200,14200,13850,13900,61341,-0.027972027972028024
2022-04-05,13950,14050,13800,13800,26119,-0.007194244604316502
2022-04-06,13800,13950,13600,13900,19870,0.007246376811594235
2022-04-07,13850,13850,13400,13500,36120,-0.02877697841726623
2022-04-08,13350,13650,13350,13500,26146,0.0
2022-04-11,13500,13650,13300,13550,18366,0.0037037037037037646
2022-04-12,13350,13550,13100,13200,35149,-0.02583025830258301
2022-04-13,13200,13650,13200,13350,28059,0.011363636363636465
2022-04-14,13350,13800,13350,13450,35340,0.0074906367041198685
2022-04-15,13450,13600,13350,13400,20917,-0.0037174721189591198
2022-04-18,13400,13550,13250,13450,20100,0.003731343283582156
2022-04-19,13300,13700,13300,13700,18307,0.018587360594795488
2022-04-20,13600,14150,13500,13950,65010,0.018248175182481674
2022-04-21,13950,14050,13650,13700,57534,-0.017921146953404965
2022-04-22,13700,13800,13500,13650,24605,-0.0036496350364964014
2022-04-25,13350,13900,13300,13850,40502,0.0146520146520146
2022-04-26,13700,14000,13700,13800,25234,-0.0036101083032491488
2022-04-27,13600,13600,13350,13450,23284,-0.025362318840579712
2022-04-28,13400,14200,13350,14000,117152,0.040892193308550207
2022-04-29,14000,14250,13800,14100,66547,0.0071428571428571175
2022-05-02,13900,14050,13750,13950,38726,-0.010638297872340385
2022-05-03,14000,14050,13800,13900,19858,-0.0035842293906810374
2022-05-04,13900,14250,13800,13850,50880,-0.003597122302158251
2022-05-06,13750,13750,13150,13600,45767,-0.018050541516245522
2022-05-09,13400,13450,12850,13000,57747,-0.044117647058823484
2022-05-10,12650,12950,12400,12750,25618,-0.019230769230769273
2022-05-11,12700,12900,12650,12800,24480,0.0039215686274509665
2022-05-12,12800,12850,12200,12200,28919,-0.046875
2022-05-13,12200,12600,12150,12550,11902,0.028688524590164022
2022-05-16,12750,12750,12400,12400,19164,-0.01195219123505975
2022-05-17,12400,12850,12350,12850,24272,0.03629032258064524
2022-05-18,13050,13150,12850,12950,40774,0.0077821011673151474
2022-05-19,12500,12700,12400,12600,33205,-0.027027027027026973
2022-05-20,12650,13150,12650,12700,27879,0.007936507936507908
2022-05-23,12750,12750,12450,12500,39172,-0.015748031496062964
2022-05-24,12500,12550,12200,12250,28022,-0.020000000000000018
2022-05-25,12250,12350,12050,12300,20231,0.004081632653061273
2022-05-26,12300,12400,12150,12150,17644,-0.012195121951219523
2022-05-27,12200,12350,12150,12300,16617,0.012345679012345734
2022-05-30,12300,12400,12300,12350,13950,0.004065040650406582
2022-05-31,12350,12600,12300,12600,31228,0.020242914979757165
2022-06-02,12500,12550,12350,12350,19263,-0.019841269841269882
2022-06-03,12450,12700,12450,12500,12913,0.012145748987854255
2022-06-07,12500,12500,12300,12350,12553,-0.01200000000000001
2022-06-08,12350,12550,12350,12450,11765,0.00809716599190291
2022-06-09,12300,12450,12050,12300,15588,-0.012048192771084376
2022-06-10,12250,12250,12050,12050,22066,-0.020325203252032575
2022-06-13,11650,11900,11450,11500,32105,-0.0456431535269709
2022-06-14,11100,11450,10950,11250,37228,-0.021739130434782594
2022-06-15,11050,11300,10750,10800,24219,-0.040000000000000036
2022-06-16,10900,11550,10900,11300,33220,0.04629629629629628
2022-06-17,10950,11200,10750,11050,23844,-0.02212389380530977
2022-06-20,11100,11150,10250,10500,48522,-0.04977375565610864
2022-06-21,10500,10750,10450,10600,10662,0.00952380952380949
2022-06-22,10650,10700,9920,9920,40496,-0.0641509433962264
2022-06-23,9920,10000,9550,9550,41199,-0.037298387096774244
2022-06-24,9460,9930,9460,9880,16676,0.034554973821989465
2022-06-27,10050,10500,9900,10450,15751,0.05769230769230771
2022-06-28,10500,10600,10200,10450,10431,0.0
2022-06-29,10200,10350,10100,10350,7898,-0.009569377990430672
2022-06-30,10350,10350,9960,10000,19118,-0.033816425120772986
2022-07-01,9990,10200,9810,9860,13150,-0.014000000000000012
2022-07-04,9860,9860,9510,9730,24576,-0.013184584178498993
2022-07-05,9690,9950,9690,9900,17373,0.01747173689619741
2022-07-06,10050,10400,10000,10000,37647,0.010101010101010166
2022-07-07,10100,10450,10000,10400,23923,0.040000000000000036
2022-07-08,10450,12100,10350,11500,351443,0.10576923076923084
2022-07-11,11500,12150,11200,11950,207010,0.03913043478260869
2022-07-12,11700,11800,10950,11250,158049,-0.05857740585774063
2022-07-13,11250,11250,10600,10700,58668,-0.04888888888888887
2022-07-14,10700,10800,10150,10400,41473,-0.028037383177570097
2022-07-15,10350,10550,10000,10250,45284,-0.014423076923076872
2022-07-18,10400,11150,10400,11000,66219,0.07317073170731714
2022-07-19,10900,11350,10700,11250,45635,0.022727272727272707
2022-07-20,11450,11450,11100,11100,27770,-0.013333333333333308
2022-07-21,11100,11500,10950,11150,22747,0.0045045045045044585
2022-07-22,11150,13000,10950,11700,589426,0.049327354260089606
2022-07-25,11550,13350,11550,12350,1125316,0.05555555555555558
2022-07-26,12450,13000,12300,12550,226576,0.0161943319838056
2022-07-27,12550,13100,12000,12500,220840,-0.003984063745019917
2022-07-28,12700,13200,12450,12650,151378,0.01200000000000001
2022-07-29,12800,12800,12300,12500,74686,-0.011857707509881465
2022-08-01,12500,12500,11950,12050,115461,-0.03600000000000003
2022-08-02,12050,12450,11750,12350,103628,0.024896265560165887
2022-08-03,12050,12250,11900,12000,84347,-0.028340080971659964
2022-08-04,12050,12100,11800,11900,57062,-0.008333333333333304
2022-08-05,12000,12150,11750,12000,57972,0.008403361344537785
2022-08-08,11950,11950,11750,11900,22828,-0.008333333333333304
2022-08-09,11800,12000,11650,11800,48969,-0.008403361344537785
2022-08-10,11700,12400,11650,12000,80351,0.016949152542372836
2022-08-11,12100,12900,11900,12350,213929,0.029166666666666563
2022-08-12,12350,12450,12000,12100,81157,-0.020242914979757054
2022-08-16,12250,12400,11900,11900,57744,-0.016528925619834656
2022-08-17,11900,12000,11550,11650,42137,-0.021008403361344574
2022-08-18,11500,11600,11250,11550,48951,-0.008583690987124415
2022-08-19,11450,11700,11400,11400,40074,-0.012987012987012991
2022-08-22,11250,11450,11100,11300,25835,-0.00877192982456143
2022-08-23,11250,11500,11000,11100,46692,-0.017699115044247815
2022-08-24,11150,11600,11150,11450,34617,0.03153153153153143
2022-08-25,11450,11600,11400,11400,22505,-0.004366812227074246
2022-08-26,11500,11850,11450,11700,50545,0.026315789473684292
2022-08-29,11350,11400,11150,11200,32232,-0.042735042735042694
2022-08-30,11150,11550,11150,11450,29359,0.022321428571428603
2022-08-31,11450,11500,11250,11450,21470,0.0
2022-09-01,11400,11400,11000,11000,39101,-0.0393013100436681
2022-09-02,11050,11800,11000,11350,119589,0.031818181818181746
2022-09-05,11250,11400,11050,11200,28014,-0.013215859030836996
2022-09-06,11100,11500,11100,11200,22953,0.0
2022-09-07,11200,11250,10700,10900,54195,-0.0267857142857143
2022-09-08,11100,11450,11000,11150,71125,0.022935779816513735
2022-09-13,11250,11700,11250,11500,50154,0.03139013452914807
2022-09-14,11300,11850,11100,11550,33812,0.004347826086956497
2022-09-15,11550,11600,11300,11400,23370,-0.012987012987012991
2022-09-16,11200,11500,11200,11400,39270,0.0
2022-09-19,11400,11400,10600,10600,62685,-0.07017543859649122
2022-09-20,10650,10850,10600,10800,23587,0.018867924528301883
2022-09-21,10700,10850,10650,10800,13114,0.0
2022-09-22,10650,10650,10350,10550,19972,-0.02314814814814814
2022-09-23,10550,10950,10350,10550,36808,0.0
2022-09-26,10400,10450,9870,10000,61066,-0.05213270142180093
2022-09-27,10000,10200,9880,10050,26219,0.004999999999999893
2022-09-28,10050,10100,9210,9260,63654,-0.07860696517412935
2022-09-29,9400,9680,9330,9350,45731,0.009719222462202914
2022-09-30,9120,9460,9020,9340,34514,-0.0010695187165775666
2022-10-04,9520,9580,9400,9520,31031,0.01927194860813697
2022-10-05,9700,9730,9240,9240,38140,-0.02941176470588236
2022-10-06,9340,9720,9310,9650,21461,0.044372294372294396
2022-10-07,9680,9840,9630,9800,20776,0.015544041450777257
2022-10-11,9220,9580,9210,9260,20582,-0.055102040816326525
2022-10-12,9230,9260,9100,9250,11790,-0.001079913606911398
2022-10-13,9180,9200,8980,9000,17509,-0.027027027027026973
2022-10-14,9120,9300,9120,9250,15666,0.02777777777777768
2022-10-17,9200,9350,9100,9330,12750,0.00864864864864856
2022-10-18,9440,9490,9260,9440,12840,0.011789924973204746
2022-10-19,9480,9550,9330,9360,10793,-0.008474576271186418
2022-10-20,9390,9390,9220,9330,7240,-0.0032051282051281937
2022-10-21,9250,9300,9150,9150,5256,-0.019292604501607746
2022-10-24,9220,9400,9150,9170,14502,0.002185792349726823
2022-10-25,9280,9330,9200,9310,6837,0.01526717557251911
2022-10-26,9320,9450,9260,9380,8282,0.007518796992481258
2022-10-27,9380,9680,9370,9680,7545,0.031982942430703654
2022-10-28,9680,9680,9520,9630,9580,-0.005165289256198302
2022-10-31,9650,9790,9550,9630,8405,0.0
2022-11-01,9630,9910,9580,9900,12061,0.028037383177569986
2022-11-02,9900,9980,9750,9900,7699,0.0
2022-11-03,9900,9900,9590,9790,7579,-0.011111111111111072
2022-11-04,9760,9790,9530,9790,5760,0.0
2022-11-07,9830,9880,9730,9830,8483,0.004085801838610736
2022-11-08,9890,9900,9810,9900,7979,0.007121057985757906
2022-11-09,9930,9930,9830,9880,9110,-0.002020202020202033
2022-11-10,9880,9980,9640,9700,12617,-0.018218623481781382
2022-11-11,9900,10000,9870,9950,8445,0.025773195876288568
2022-11-14,9960,10150,9960,10000,16212,0.005025125628140614
2022-11-15,9910,10150,9800,10100,18983,0.010000000000000009
2022-11-16,10100,10100,9930,9990,14892,-0.0108910891089109
2022-11-17,9990,10050,9950,9950,14046,-0.004004004004004025
2022-11-18,9970,10050,9900,9950,8413,0.0
2022-11-21,9950,9950,9490,9670,19766,-0.028140703517587906
2022-11-22,9630,9670,9510,9620,9091,-0.005170630816959676
2022-11-23,9600,9720,9580,9640,10041,0.0020790020790020236
2022-11-24,9710,9720,9550,9720,13070,0.008298755186721962
2022-11-25,9730,9990,9730,9890,12963,0.017489711934156382
2022-11-28,9970,10050,9870,9900,16881,0.0010111223458038054
2022-11-29,9790,10050,9760,10050,13030,0.015151515151515138
2022-11-30,10050,10100,9960,10050,13820,0.0
2022-12-01,10100,10350,10050,10250,20413,0.01990049751243772
2022-12-02,10250,10350,10050,10200,11356,-0.004878048780487809
2022-12-05,10200,10250,10000,10100,7398,-0.009803921568627416
2022-12-06,10050,10100,9900,9980,10966,-0.011881188118811892
2022-12-07,9910,10000,9850,9980,9157,0.0
2022-12-08,9950,10050,9830,10000,12296,0.002004008016031955
2022-12-09,9960,10050,9910,9990,6652,-0.0010000000000000009
2022-12-12,9980,10350,9960,10300,26743,0.03103103103103111
2022-12-13,10300,10400,10050,10200,15569,-0.009708737864077666
2022-12-14,10200,10200,10100,10200,6820,0.0
2022-12-15,10200,10200,10050,10150,6905,-0.004901960784313708
2022-12-16,10050,10200,9980,10050,8346,-0.009852216748768461
2022-12-19,10050,10100,9980,9980,11222,-0.006965174129353269
2022-12-20,9970,10050,9900,9950,12482,-0.0030060120240480437
2022-12-21,9920,10050,9920,9930,8481,-0.0020100502512563345
2022-12-22,9990,10000,9890,9980,9581,0.0050352467270895485
2022-12-23,9980,9990,9870,9960,9812,-0.002004008016032066
2022-12-26,9940,9960,9810,9860,6653,-0.010040160642570295
2022-12-27,9710,9930,9710,9920,20158,0.006085192697768749
2022-12-28,9900,9900,9750,9810,15164,-0.011088709677419373
2022-12-29,9780,9780,9380,9390,34843,-0.042813455657492394
2023-01-02,9390,9430,9210,9230,17664,-0.017039403620873306
2023-01-03,9230,9230,9000,9130,26173,-0.010834236186348822
2023-01-04,9090,9160,9040,9140,10194,0.0010952902519167917
2023-01-05,9200,9230,9130,9160,14198,0.002188183807439792
2023-01-06,9150,9290,9100,9240,6685,0.008733624454148492
2023-01-09,9300,9400,9290,9370,10557,0.01406926406926412
2023-01-10,9370,9400,9350,9370,7322,0.0
2023-01-11,9400,9450,9370,9420,11581,0.005336179295624355
2023-01-12,9430,9440,9380,9430,8392,0.0010615711252655036
2023-01-13,9430,9520,9430,9460,8131,0.0031813361611876534
2023-01-16,9470,9480,9440,9460,5325,0.0
2023-01-17,9460,9460,9360,9420,7684,-0.0042283298097252064
2023-01-18,9420,9440,9330,9380,5625,-0.00424628450106157
2023-01-19,9400,9400,9300,9380,5250,0.0
2023-01-20,9360,9440,9330,9420,2929,0.004264392324093924
2023-01-25,9470,9520,9380,9520,17743,0.010615711252653925
2023-01-26,9520,9680,9490,9680,7325,0.01680672268907557
2023-01-27,9680,9780,9600,9670,6131,-0.0010330578512396382
2023-01-30,9750,9750,9560,9660,4812,-0.0010341261633919352
2023-01-31,9660,9720,9560,9640,12488,-0.0020703933747412417
2023-02-01,9770,9780,9610,9750,9072,0.011410788381742698
2023-02-02,9750,9870,9700,9820,7428,0.007179487179487243
2023-02-03,9810,9820,9670,9790,13890,-0.003054989816700604
2023-02-06,9790,9830,9680,9790,6658,0.0
2023-02-07,9790,9820,9640,9670,10767,-0.012257405515832431
2023-02-08,9720,9810,9640,9810,7603,0.014477766287487093
2023-02-09,9810,9870,9700,9870,9722,0.006116207951070374
2023-02-10,9940,9940,9770,9860,9965,-0.0010131712259371373
2023-02-13,9860,9860,9760,9860,5776,0.0
2023-02-14,9830,9870,9760,9830,8496,-0.0030425963488843744
2023-02-15,9810,9820,9630,9790,8760,-0.004069175991861629
2023-02-16,9750,9850,9690,9810,9827,0.0020429009193054792
2023-02-17,9800,10240,9790,10090,25513,0.02854230377166167
2023-02-20,10090,10300,9920,10300,22226,0.020812685827552135
2023-02-21,10380,10660,10350,10450,27677,0.014563106796116498
2023-02-22,10380,10380,10080,10230,8434,-0.021052631578947323
2023-02-23,10130,10280,10030,10110,13372,-0.011730205278592365
2023-02-24,10140,10140,9740,9880,20752,-0.022749752720079175
2023-02-27,9880,10860,9860,10100,65537,0.022267206477732726
2023-02-28,10030,10080,9930,9980,13348,-0.011881188118811892
2023-03-02,9980,10150,9920,10110,16044,0.013026052104208485
2023-03-03,10110,10150,10000,10090,12915,-0.001978239366963397
2023-03-06,10090,10090,9970,10040,13295,-0.0049554013875123815
2023-03-07,10020,10030,9890,9990,11700,-0.004980079681274896
2023-03-08,9970,10040,9910,10040,7998,0.005005005005005003
2023-03-09,10040,10040,9810,9960,8787,-0.007968127490039834
2023-03-10,9860,9940,9770,9860,7548,-0.010040160642570295
2023-03-13,9710,9770,9510,9640,10644,-0.022312373225152116
2023-03-14,9620,9620,9240,9450,14928,-0.01970954356846477
2023-03-15,9450,9650,9450,9610,8759,0.01693121693121702
2023-03-16,9630,9630,9400,9520,6870,-0.009365244536940653
2023-03-17,9540,9630,9420,9570,5592,0.005252100840336116
2023-03-20,9570,9660,9470,9620,6672,0.0052246603970742544
2023-03-21,9620,9670,9580,9650,1645,0.0031185031185030354
2023-03-22,9650,9680,9560,9670,5623,0.002072538860103723
2023-03-23,9520,9610,9500,9540,9614,-0.013443640124095158
2023-03-24,9500,9600,9440,9500,3843,-0.004192872117400381
2023-03-27,9500,9500,9230,9420,5312,-0.008421052631578996
2023-03-28,9370,9500,9360,9490,3371,0.007430997876857859
2023-03-29,9490,9530,9400,9470,6444,-0.0021074815595363283
2023-03-30,9470,9600,9470,9600,5486,0.01372756071805692
2023-03-31,9610,9990,9560,9980,14520,0.039583333333333304
2023-04-03,10010,10510,10010,10510,66714,0.05310621242484981
2023-04-04,10510,10680,10370,10600,19616,0.008563273073263655
2023-04-05,10600,10960,10600,10700,21046,0.009433962264151052
2023-04-06,10690,10690,10170,10170,21624,-0.04953271028037387
2023-04-07,10170,10260,10070,10150,8350,-0.001966568338249708
2023-04-10,10160,10160,10010,10070,10434,-0.007881773399014746
2023-04-11,10070,10580,10010,10560,10771,0.04865938430983108
2023-04-12,10560,10710,10450,10600,9550,0.0037878787878788955
2023-04-13,10580,10640,10440,10630,7682,0.002830188679245227
2023-04-14,10630,10790,10600,10660,11900,0.002822201317027373
2023-04-17,10660,10730,10550,10550,13825,-0.010318949343339545
2023-04-18,10650,10650,10300,10400,15013,-0.014218009478673022
2023-04-19,10450,10470,10250,10290,16416,-0.01057692307692304
2023-04-20,10290,10370,10130,10160,17978,-0.01263362487852282
2023-04-21,10050,10080,9810,9830,37374,-0.032480314960629975
2023-04-24,9720,9820,9540,9590,15432,-0.024415055951169884
2023-04-25,9570,9780,9560,9760,12571,0.01772679874869665
2023-04-26,9760,9930,9680,9800,7127,0.004098360655737654
2023-04-27,9800,9800,9650,9760,5749,-0.004081632653061273
2023-04-28,9900,9900,9520,9640,14785,-0.012295081967213073
2023-05-02,9650,9930,9640,9930,18598,0.030082987551867113
2023-05-03,9930,10000,9770,9860,16220,-0.007049345417925457
2023-05-04,9870,10030,9870,9950,6322,0.009127789046653234
2023-05-08,9950,10180,9950,10150,10368,0.0201005025125629
2023-05-09,10150,10200,10020,10030,6848,-0.011822660098522175
2023-05-10,10030,10170,9980,10030,11335,0.0
2023-05-11,10140,10210,9980,10000,8554,-0.0029910269192422456
2023-05-12,10000,10070,9860,9960,5836,-0.0040000000000000036
2023-05-15,9960,9960,9720,9880,8314,-0.008032128514056214
2023-05-16,9830,10350,9800,10290,32558,0.04149797570850211
2023-05-17,10290,10360,10160,10300,17404,0.0009718172983479434
2023-05-18,10310,10590,10100,10290,32296,-0.000970873786407811
2023-05-19,10290,10410,10230,10300,10939,0.0009718172983479434
2023-05-22,10300,10410,10230,10300,15967,0.0
2023-05-23,10300,10370,10250,10350,8581,0.004854368932038833
2023-05-24,10350,10490,10240,10490,7812,0.01352657004830915
2023-05-25,10490,10490,10320,10370,6529,-0.011439466158245981
2023-05-26,10340,10350,10050,10140,8753,-0.022179363548698205
2023-05-30,10190,10200,10050,10150,12775,0.0009861932938854956
2023-05-31,10150,10180,10040,10080,10562,-0.006896551724137945
2023-06-01,10000,10080,10000,10080,9482,0.0
2023-06-02,10080,10180,9980,10050,10235,-0.0029761904761904656
2023-06-05,10050,10190,10000,10190,11500,0.013930348258706537
2023-06-07,10190,10290,10030,10210,7463,0.001962708537782243
2023-06-08,10210,10250,10140,10190,5330,-0.0019588638589618235
2023-06-09,10190,10420,10180,10350,9666,0.015701668302257055
2023-06-12,10350,10350,10190,10200,4396,-0.01449275362318836
2023-06-13,10200,10270,10080,10150,5297,-0.004901960784313708
2023-06-14,10070,10170,9950,9950,10718,-0.019704433497536922
2023-06-15,9900,10070,9850,10010,8123,0.0060301507537687815
2023-06-16,9980,10080,9950,10050,4705,0.003996003996004083
2023-06-19,10050,10050,9970,10050,7255,0.0
2023-06-20,10010,10100,10010,10080,5945,0.0029850746268655914
2023-06-21,10080,10170,10000,10110,6842,0.0029761904761904656
2023-06-22,10010,10090,10010,10060,4456,-0.004945598417408492
2023-06-23,10060,10090,9970,10000,13778,-0.005964214711729587
2023-06-26,9940,10240,9920,10150,6489,0.014999999999999902
2023-06-27,10160,10370,10150,10370,10310,0.021674876847290747
2023-06-28,10370,10450,10150,10150,8057,-0.02121504339440694
2023-06-29,10150,10250,10070,10230,4339,0.007881773399014858
2023-06-30,10190,10370,10150,10220,6259,-0.0009775171065493637
2023-07-03,10230,10430,10230,10430,13355,0.020547945205479534
2023-07-04,10430,10550,10400,10530,9260,0.009587727708533
2023-07-05,10530,10550,10320,10400,5392,-0.012345679012345734
2023-07-06,10400,10430,10160,10160,5634,-0.023076923076923106
2023-07-07,10060,10110,9970,10070,9876,-0.008858267716535417
2023-07-10,10040,10040,9980,10010,4016,-0.005958291956305817
2023-07-11,10010,10130,9970,10130,7488,0.011988011988012026
2023-07-12,10160,10230,10090,10200,5508,0.006910167818361401
2023-07-13,10200,10300,10200,10240,4141,0.0039215686274509665
2023-07-14,10240,10240,9980,10070,8182,-0.0166015625
2023-07-17,10070,10100,9930,10030,10000,-0.003972194637537285
2023-07-18,10000,10070,9930,9960,5983,-0.006979062811565351
2023-07-19,9910,10370,9860,10040,6730,0.008032128514056325
2023-07-20,10040,10040,9980,9980,2415,-0.005976095617529875
2023-07-21,9980,9990,9880,9930,5021,-0.00501002004008011
2023-07-24,9930,9970,9750,9870,13342,-0.0060422960725075026
2023-07-25,9870,9960,9520,9590,11768,-0.028368794326241176
2023-07-26,9490,9590,9210,9260,15590,-0.03441084462982269
2023-07-27,9170,9360,9100,9270,15866,0.001079913606911509
2023-07-28,9200,9270,9130,9220,14129,-0.005393743257820938
2023-07-31,9310,9350,9230,9290,10563,0.00759219088937102
2023-08-01,9360,9500,9300,9480,12059,0.020452099031216253
2023-08-02,9480,9590,9310,9330,9825,-0.015822784810126556
2023-08-03,9330,9330,9140,9220,8785,-0.011789924973204746
2023-08-04,9220,9380,9100,9330,9897,0.01193058568329719
2023-08-07,9330,9420,9150,9300,5197,-0.003215434083601254
2023-08-08,9290,9350,9260,9300,6410,0.0
2023-08-09,9210,9370,9210,9300,7016,0.0
2023-08-10,9340,9340,9260,9300,7289,0.0
2023-08-11,9270,9330,9260,9290,7364,-0.0010752688172043223
2023-08-14,9300,9320,9260,9300,9504,0.0010764262648008671
2023-08-16,9290,9360,9250,9270,11989,-0.003225806451612856
2023-08-17,9270,9270,9150,9200,14268,-0.007551240560949246
2023-08-18,9200,9290,9140,9190,10477,-0.0010869565217391797
2023-08-21,9160,9230,9160,9220,4891,0.0032644178454841466
2023-08-22,9220,9230,9110,9180,8844,-0.004338394793926281
2023-08-23,9170,9170,9130,9170,7408,-0.0010893246187363426
2023-08-24,9170,9220,9140,9140,5969,-0.0032715376226826187
2023-08-25,9140,9170,9120,9140,4121,0.0
2023-08-28,9140,9200,9120,9170,9916,0.003282275711159688
2023-08-29,9170,9230,9120,9180,11443,0.0010905125408942062
2023-08-30,9180,9220,9170,9190,3622,0.0010893246187364536
2023-08-31,9190,9190,9140,9140,6995,-0.005440696409140355
2023-09-01,9140,9200,9130,9150,7583,0.001094091903719896
2023-09-04,9150,9170,9110,9140,8297,-0.0010928961748634114
2023-09-05,9140,9180,8970,8990,16476,-0.01641137855579866
2023-09-06,8990,9090,8990,9090,7200,0.011123470522803158
2023-09-07,9270,9270,9050,9100,9695,0.0011001100110010764
2023-09-08,9060,9100,9000,9050,5902,-0.005494505494505475
2023-09-11,9110,9180,9090,9120,11147,0.007734806629834168
2023-09-12,9120,9120,9060,9080,7783,-0.004385964912280715
2023-09-13,9080,9130,9060,9080,5710,0.0
2023-09-14,9060,9090,9010,9050,8842,-0.0033039647577092213
2023-09-15,9050,9140,9050,9090,4195,0.0044198895027625085
2023-09-18,9090,9180,9080,9080,8431,-0.0011001100110010764
2023-09-19,9090,9110,9050,9060,5990,-0.0022026431718061845
2023-09-20,9090,9090,9030,9050,3922,-0.001103752759381904
2023-09-21,9050,9050,8990,9000,7415,-0.0055248618784530246
2023-09-22,8920,9000,8920,8980,5452,-0.0022222222222222365
2023-09-25,8980,9020,8940,8940,7663,-0.0044543429844098315
2023-09-26,8940,8940,8860,8860,8195,-0.008948545861297563
2023-09-27,8860,9010,8840,9010,15330,0.016930022573363512
2023-10-04,8990,9010,8840,8840,14822,-0.018867924528301883
2023-10-05,8850,8930,8800,8860,12630,0.002262443438914019
2023-10-06,8860,8920,8860,8860,5059,0.0
2023-10-10,8880,8910,8770,8770,8559,-0.010158013544018019
2023-10-11,8810,8850,8780,8840,8790,0.007981755986316896
2023-10-12,8840,8920,8840,8880,3116,0.004524886877828038
2023-10-13,8880,8900,8830,8880,4058,0.0
2023-10-16,8880,8920,8830,8920,5255,0.0045045045045044585
2023-10-17,8910,8940,8880,8880,5648,-0.004484304932735439
2023-10-18,8880,8930,8850,8890,4047,0.0011261261261261701
2023-10-19,8870,8870,8800,8810,7135,-0.008998875140607376
2023-10-20,8770,8820,8740,8820,11692,0.0011350737797957144
2023-10-23,8810,8860,8760,8850,6282,0.00340136054421758
2023-10-24,8800,8860,8740,8830,5482,-0.002259887005649719
2023-10-25,8850,8890,8800,8820,5923,-0.0011325028312570984
2023-10-26,8820,8820,8720,8720,5883,-0.0113378684807256
2023-10-27,8730,8830,8730,8830,8081,0.012614678899082632
2023-10-30,8820,8870,8730,8870,5541,0.0045300113250283935
2023-10-31,8940,8960,8770,8800,13646,-0.007891770011273946
2023-11-01,8840,8940,8820,8940,9145,0.015909090909090873
2023-11-02,8940,9160,8940,9150,11399,0.02348993288590595
2023-11-03,9170,9170,8590,9080,7667,-0.007650273224043769
2023-11-06,9080,9250,9080,9230,10978,0.016519823788546217
2023-11-07,9190,9190,9110,9140,5262,-0.009750812567713929
2023-11-08,9140,9180,9010,9010,7914,-0.01422319474835887
2023-11-09,9010,9050,8960,9010,5777,0.0
2023-11-10,8990,9010,8910,8950,7176,-0.006659267480577102
2023-11-13,8940,8970,8840,8870,5986,-0.00893854748603351
2023-11-14,8870,8910,8840,8910,5760,0.004509582863585049
2023-11-15,8950,9000,8900,8920,20704,0.001122334455667895
2023-11-16,8940,8960,8900,8920,5925,0.0
2023-11-17,8920,8940,8900,8940,3548,0.0022421524663676085
2023-11-20,8950,8960,8900,8930,10257,-0.0011185682326622093
2023-11-21,8910,9010,8890,9010,14089,0.008958566629339249
2023-11-22,8990,9260,8970,9260,18125,0.027746947835738167
2023-11-23,9260,9260,9160,9180,7715,-0.008639308855291628
2023-11-24,9200,9210,9150,9170,3103,-0.0010893246187363426
2023-11-27,9100,9150,9030,9100,6899,-0.007633587786259555
2023-11-28,9090,9160,9080,9120,9438,0.00219780219780219
2023-11-29,9120,9260,9120,9190,8230,0.007675438596491224
2023-11-30,9190,9190,9080,9170,9487,-0.0021762785636560977
2023-12-01,9140,9140,8880,8900,17698,-0.0294438386041439
2023-12-04,8870,8970,8850,8890,8739,-0.0011235955056180247
2023-12-05,8870,8900,8850,8870,3720,-0.0022497187851518996
2023-12-06,8870,8900,8820,8880,7148,0.0011273957158963732
2023-12-07,8880,8910,8840,8880,4751,0.0
2023-12-08,8860,8950,8860,8950,1784,0.007882882882882969
2023-12-11,8950,8960,8830,8920,4664,-0.003351955307262622
2023-12-12,8920,8960,8910,8930,1774,0.0011210762331839152
2023-12-13,8860,8900,8850,8860,3126,-0.007838745800671898
2023-12-14,8860,8930,8860,8870,4371,0.0011286681715576563
2023-12-15,8870,8890,8830,8870,8515,0.0
2023-12-18,8850,8890,8850,8890,3266,0.0022547914317925244
2023-12-19,8880,8910,8870,8880,2175,-0.0011248593925758943
2023-12-20,8880,8920,8850,8900,6266,0.0022522522522523403
2023-12-21,8890,8950,8830,8860,7192,-0.004494382022471877
2023-12-22,8860,8860,8800,8830,7822,-0.003386004514672636
2023-12-26,8850,8880,8830,8840,11999,0.0011325028312569874
2023-12-27,8810,8840,8780,8840,5485,0.0
2023-12-28,8820,8820,8340,8780,12002,-0.006787330316742057
2024-01-02,8740,8780,8720,8780,11966,0.0
2024-01-03,8720,8770,8720,8770,7018,-0.001138952164009166
2024-01-04,8730,8790,8730,8770,6391,0.0
2024-01-05,8750,9030,8730,8890,20572,0.0136830102622576
2024-01-08,8900,8960,8750,8820,8892,-0.007874015748031482
2024-01-09,8830,8830,8770,8800,4851,-0.0022675736961451642
2024-01-10,8780,8800,8700,8750,8455,-0.005681818181818232
2024-01-11,8710,8780,8710,8760,5030,0.0011428571428571122
2024-01-12,8790,8800,8680,8730,5173,-0.003424657534246589
2024-01-15,8670,8720,8530,8700,10378,-0.0034364261168384758
2024-01-16,8620,8650,8540,8600,9611,-0.011494252873563204
2024-01-17,8600,8600,8370,8500,8970,-0.011627906976744207
2024-01-18,8420,8470,8380,8440,2780,-0.007058823529411784
2024-01-19,8390,8500,8390,8480,9422,0.004739336492890933
2024-01-22,8550,8550,8430,8540,4348,0.007075471698113178
2024-01-23,8470,8620,8450,8520,6668,-0.0023419203747072626
2024-01-24,8570,8570,8480,8490,7942,-0.0035211267605633756
2024-01-25,8460,8580,8460,8510,4145,0.002355712603062443
2024-01-26,8490,8600,8490,8570,3869,0.007050528789659172
2024-01-29,8520,8700,8510,8610,5813,0.004667444574095736
2024-01-30,8610,8710,8600,8620,7337,0.0011614401858304202
2024-01-31,8620,8720,8610,8680,13210,0.006960556844547661
2024-02-01,8680,8950,8520,8820,18445,0.016129032258064502
2024-02-02,8850,8950,8800,8910,19093,0.010204081632652962
2024-02-05,8960,9020,8890,8960,15710,0.0056116722783390305
2024-02-06,8930,8930,8850,8860,5887,-0.011160714285714302
2024-02-07,8840,8850,8750,8800,11698,-0.006772009029345383
2024-02-08,8790,8800,8730,8760,7696,-0.004545454545454519
2024-02-13,8750,8820,8740,8760,9911,0.0
2024-02-14,8760,8770,8700,8760,4659,0.0
2024-02-15,8710,8760,8650,8750,5065,-0.0011415525114155667
2024-02-16,8710,8740,8530,8700,26208,-0.005714285714285672
2024-02-19,8670,8710,8580,8710,13261,0.0011494252873562871
2024-02-20,8690,8690,8620,8620,10778,-0.010332950631458115
2024-02-21,8630,8770,8630,8710,11090,0.010440835266821269
2024-02-22,8670,8700,8630,8700,4327,-0.0011481056257175437
2024-02-23,8680,8720,8650,8650,4779,-0.005747126436781658
2024-02-26,8690,8710,8600,8600,2549,-0.005780346820809301
2024-02-27,8610,8620,8540,8550,3907,-0.005813953488372103
2024-02-28,8580,8620,8500,8600,12952,0.005847953216374213
2024-02-29,8530,8670,8530,8570,4828,-0.0034883720930232176
2024-03-04,8560,8640,8540,8610,6123,0.004667444574095736
2024-03-05,8540,8670,8490,8570,29901,-0.004645760743321681
2024-03-06,8570,8580,8450,8500,8715,-0.008168028004667427
2024-03-07,8430,8550,8430,8530,4216,0.003529411764705781
2024-03-08,8520,8620,8480,8540,5434,0.0011723329425556983
2024-03-11,8490,8540,8450,8510,7199,-0.003512880562060894
2024-03-12,8510,8540,8430,8500,11446,-0.001175088131609825
2024-03-13,8520,8530,8440,8480,6040,-0.0023529411764705577
2024-03-14,8500,8510,8460,8490,3954,0.001179245283018826
2024-03-15,8450,8500,8400,8500,19374,0.0011778563015312216
2024-03-18,8490,8500,8440,8460,4419,-0.004705882352941226
2024-03-19,8470,8500,8440,8470,2831,0.0011820330969267712
2024-03-20,8480,8480,8410,8450,8260,-0.0023612750885477762
2024-03-21,8450,8530,8400,8490,9446,0.004733727810650956
2024-03-22,8460,8510,8420,8490,7622,0.0
2024-03-25,8490,8550,8440,8480,2419,-0.0011778563015312216
2024-03-26,8420,8490,8420,8470,4496,-0.001179245283018826
2024-03-27,8470,8580,8450,8480,4365,0.0011806375442739991
2024-03-28,8450,8550,8450,8490,3093,0.001179245283018826
2024-03-29,8480,8640,8450,8600,8630,0.012956419316843437
2024-04-01,8420,8520,8420,8490,13098,-0.01279069767441865
2024-04-02,8460,8570,8430,8460,8476,-0.0035335689045936647
2024-04-03,8410,8500,8400,8500,8592,0.004728132387706863
2024-04-04,8510,8520,8420,8460,7913,-0.004705882352941226
2024-04-05,8400,8460,8350,8460,10880,0.0
2024-04-08,8460,8460,8390,8440,10713,-0.0023640661938534313
2024-04-09,8440,8440,8330,8370,8347,-0.008293838862559189
2024-04-11,8370,8390,8300,8300,6916,-0.008363201911589013
2024-04-12,8300,8370,8280,8300,7423,0.0
2024-04-15,8280,8400,8220,8350,10289,0.006024096385542244
2024-04-16,8350,8370,8130,8150,9014,-0.0239520958083832
2024-04-17,8160,8310,8130,8290,11041,0.01717791411042935
2024-04-18,8300,8390,8250,8310,16453,0.0024125452352230514
2024-04-19,8320,8370,8220,8350,10796,0.004813477737665384
2024-04-22,8320,8400,8310,8310,3831,-0.004790419161676662
2024-04-23,8320,8390,8320,8370,6138,0.0072202166064982976
2024-04-24,8460,8460,8390,8430,3947,0.007168458781362075
2024-04-25,8450,8460,8320,8340,5345,-0.010676156583629859
2024-04-26,8380,8490,8220,8350,9446,0.0011990407673860837
2024-04-29,8290,8470,8290,8320,6668,-0.003592814371257469
2024-04-30,8360,8370,8290,8290,8964,-0.0036057692307692735
2024-05-02,8290,8370,8230,8310,4309,0.0024125452352230514
2024-05-03,8310,8370,8160,8270,15503,-0.004813477737665495
2024-05-07,8240,8260,8150,8190,15820,-0.0096735187424426
2024-05-08,8190,8240,8150,8240,12518,0.006105006105006083
2024-05-09,8230,8230,8180,8180,4937,-0.007281553398058249
2024-05-10,8190,8240,8190,8190,2811,0.0012224938875304847
2024-05-13,8220,8220,8090,8160,30184,-0.00366300366300365
2024-05-14,8160,8200,8080,8140,12012,-0.002450980392156854
2024-05-16,8150,8220,8150,8210,6286,0.008599508599508532
2024-05-17,8210,8370,8200,8370,17070,0.01948842874543244
2024-05-20,8370,8410,8310,8350,18014,-0.002389486260453988
2024-05-21,8350,8380,8310,8350,10830,0.0
2024-05-22,8350,8430,8340,8430,6680,0.009580838323353325
2024-05-23,8430,8500,8380,8500,5760,0.008303677342823335
2024-05-24,8490,8500,8420,8430,5015,-0.008235294117647007
2024-05-27,8340,8420,8290,8350,4060,-0.009489916963226541
2024-05-28,8360,8440,8360,8430,4122,0.009580838323353325
2024-05-29,8420,8430,8360,8360,3390,-0.008303677342823224
2024-05-30,8360,8390,8300,8370,6350,0.0011961722488038617
2024-05-31,8370,8390,8230,8230,3012,-0.016726403823178027
2024-06-03,8230,8470,8230,8400,6307,0.020656136087484844
2024-06-04,8430,8500,8380,8380,4757,-0.0023809523809523725
2024-06-05,8400,8490,8360,8420,8808,0.004773269689737569
2024-06-07,8430,8450,8420,8420,2235,0.0
2024-06-10,8420,8470,8410,8460,2242,0.004750593824228044
2024-06-11,8450,8450,8390,8430,2791,-0.0035460992907800915
2024-06-12,8380,8450,8370,8380,2193,-0.005931198102016588
2024-06-13,8440,8450,8370,8390,2564,0.0011933174224343368
2024-06-14,8390,8400,8280,8370,2318,-0.0023837902264600697
2024-06-17,8360,8400,8310,8340,4662,-0.0035842293906810374
2024-06-18,8280,8410,8280,8370,2939,0.003597122302158251
2024-06-19,8350,8410,8150,8190,18515,-0.021505376344086002
2024-06-20,8270,8270,8130,8160,7061,-0.00366300366300365
2024-06-21,8090,8280,8090,8110,9902,-0.006127450980392135
2024-06-24,8110,8240,7650,8110,32450,0.0
2024-06-25,7420,8000,7420,8000,77505,-0.013563501849568449
2024-06-26,8000,8050,7900,7980,2179,-0.0024999999999999467
2024-06-27,8020,8070,7800,7880,5925,-0.01253132832080206
2024-06-28,7880,8180,7820,8050,4620,0.021573604060913798
2024-07-01,8100,8100,7940,7980,5984,-0.008695652173912993
2024-07-02,8200,8200,7940,7980,3424,0.0
2024-07-03,8100,8100,7810,7900,8457,-0.010025062656641603
2024-07-04,8010,8010,7850,7850,3027,-0.006329113924050667
2024-07-05,8120,8120,7880,7880,1160,0.003821656050955413
2024-07-08,7880,7950,7800,7900,1731,0.002538071065989911
2024-07-09,7970,7970,7880,7910,685,0.0012658227848101333
2024-07-10,7910,8120,7910,7990,2591,0.010113780025284402
2024-07-11,7990,8070,7990,8030,4349,0.005006257822277815
2024-07-12,8030,8070,7970,7970,1798,-0.007471980074719831
2024-07-15,7970,8000,7930,7950,3479,-0.0025094102885822034
2024-07-16,7910,8090,7890,8090,3130,0.017610062893081757
2024-07-17,8020,8070,8010,8010,1131,-0.00988875154511748
2024-07-18,7950,8010,7930,8000,2017,-0.0012484394506866447
2024-07-19,7980,7980,7850,7900,6948,-0.012499999999999956
2024-07-22,7830,7900,7810,7820,6115,-0.010126582278481067
2024-07-23,7820,7850,7800,7800,2169,-0.002557544757033292
2024-07-24,7800,7830,7800,7810,1896,0.0012820512820512775
2024-07-25,7800,7820,7760,7820,3825,0.001280409731113874
2024-07-26,7750,7920,7750,7800,2057,-0.002557544757033292
2024-07-29,7800,7880,7750,7800,1503,0.0
2024-07-30,7870,7870,7780,7820,1070,0.002564102564102555
2024-07-31,7800,7820,7740,7770,3045,-0.006393861892583175
2024-08-01,7870,7880,7730,7780,2854,0.0012870012870012104
2024-08-02,7760,8160,7690,7720,6010,-0.007712082262210762
2024-08-05,7680,7680,6980,7000,13748,-0.09326424870466321
2024-08-06,7000,7370,7000,7140,6805,0.020000000000000018
2024-08-07,7270,7290,7160,7210,3307,0.009803921568627416
2024-08-08,7390,7390,7190,7230,3919,0.00277392510402219
2024-08-09,7180,7450,7180,7450,4046,0.030428769017980528
2024-08-12,7590,7900,7390,7460,4625,0.0013422818791946067
2024-08-13,7470,7490,7400,7440,2906,-0.002680965147453085
2024-08-14,7440,7570,7410,7460,1218,0.0026881720430107503
2024-08-16,7640,7640,7400,7410,4171,-0.006702412868632712
2024-08-19,7410,7430,7400,7430,4530,0.0026990553306343035
2024-08-20,7440,7570,7410,7560,3552,0.01749663526244949
2024-08-21,7600,7600,7410,7410,4642,-0.019841269841269882
2024-08-22,7410,7410,7340,7390,3447,-0.0026990553306343035
2024-08-23,7350,7470,7350,7370,1805,-0.0027063599458727605
2024-08-26,7370,7590,7350,7410,1339,0.005427408412483015
2024-08-27,7410,7640,7360,7410,1510,0.0
2024-08-28,7410,7530,7360,7410,1631,0.0
2024-08-29,7350,7410,7230,7230,1992,-0.02429149797570851
2024-08-30,7230,7450,7230,7340,7154,0.015214384508990264
2024-09-02,7480,7670,7290,7590,9335,0.034059945504087086
2024-09-03,7530,7540,7430,7430,2381,-0.021080368906455815
2024-09-04,7400,7470,7270,7290,3420,-0.018842530282637937
2024-09-05,7230,7350,7200,7200,5338,-0.012345679012345734
2024-09-06,7200,7420,7020,7400,20228,0.02777777777777768
2024-09-09,7330,7380,7060,7160,10613,-0.032432432432432434
2024-09-10,7160,7250,7140,7170,3851,0.0013966480446927498
2024-09-11,7290,7430,7030,7070,15707,-0.013947001394700176
2024-09-12,7070,7290,7070,7170,10760,0.014144271570014189
2024-09-13,7200,7200,7090,7200,8344,0.004184100418409997
2024-09-19,7190,7250,7050,7160,8307,-0.005555555555555536
2024-09-20,7160,7280,7160,7190,6022,0.0041899441340782495
2024-09-23,7170,7200,7120,7150,3987,-0.0055632823365785455
2024-09-24,7150,7230,7150,7170,2821,0.002797202797202747
2024-09-25,7170,7290,7140,7190,4520,0.002789400278939924
2024-09-26,7190,7360,7190,7320,8185,0.018080667593880495
2024-09-27,7330,7400,7260,7380,2676,0.008196721311475308
2024-09-30,7370,7660,7350,7580,8453,0.027100271002709952
2024-10-02,7540,7690,7460,7590,3845,0.0013192612137202797
2024-10-04,7580,7780,7490,7490,3138,-0.013175230566534912
2024-10-07,7490,7670,7450,7520,2443,0.004005340453938633
2024-10-08,7510,7520,7460,7520,729,0.0
2024-10-10,7480,7600,7480,7590,1067,0.009308510638297962
2024-10-11,7560,7730,7560,7710,1479,0.015810276679841806
2024-10-14,7670,7710,7640,7710,1389,0.0
2024-10-15,7690,7740,7630,7700,2448,-0.0012970168612191912
2024-10-16,7700,7790,7660,7700,1312,0.0
2024-10-17,7700,7700,7470,7470,1037,-0.029870129870129825
2024-10-18,7480,7530,7430,7460,1532,-0.0013386880856760541
2024-10-21,7480,7590,7300,7470,2894,0.0013404825737264314
2024-10-22,7470,7470,7390,7440,801,-0.004016064257028162
2024-10-23,7380,7600,7380,7400,2566,-0.005376344086021501
2024-10-24,7390,7400,7250,7250,1474,-0.020270270270270285
2024-10-25,7260,7420,7010,7010,9801,-0.03310344827586209
2024-10-28,7050,7260,7050,7110,4900,0.014265335235378096
2024-10-29,7110,7260,7040,7140,18632,0.00421940928270037
2024-10-30,7220,7230,7060,7060,3506,-0.011204481792717047
2024-10-31,7080,7280,7080,7160,18248,0.014164305949008416
2024-11-01,7180,7390,7100,7130,23593,-0.0041899441340782495
2024-11-04,7290,7290,7080,7190,6410,0.008415147265077083
2024-11-05,7280,7330,7130,7290,19344,0.013908205841446364
2024-11-06,7370,7370,7230,7310,5011,0.00274348422496562
2024-11-07,7310,7350,7230,7340,1790,0.004103967168262557
2024-11-08,7310,7370,7300,7350,1937,0.0013623978201635634
2024-11-11,7350,7400,7260,7340,2544,-0.0013605442176870541
2024-11-12,7340,7340,7030,7300,11657,-0.00544959128065392
2024-11-13,7310,7310,7030,7040,16469,-0.03561643835616435
2024-11-14,7040,7280,7030,7070,4689,0.0042613636363635354
2024-11-15,7070,7500,7070,7260,11102,0.026874115983026803
2024-11-18,7290,7370,7170,7260,8478,0.0
2024-11-19,7260,7370,7120,7140,18515,-0.016528925619834656
2024-11-20,7160,7180,7090,7110,9049,-0.004201680672268893
2024-11-21,7110,7220,7070,7100,1841,-0.0014064697609000865
2024-11-22,7100,7170,7060,7130,2638,0.004225352112676051
2024-11-25,7150,7280,7140,7190,2604,0.008415147265077083
2024-11-26,7270,7370,7140,7140,4254,-0.006954102920723182
2024-11-27,7140,7320,7140,7230,1497,0.012605042016806678
2024-11-28,7280,7370,7190,7280,3408,0.006915629322268302
2024-11-29,7360,7370,7130,7280,4089,0.0
2024-12-02,7280,7300,7250,7300,8421,0.0027472527472527375
2024-12-03,7230,7350,7120,7120,5505,-0.024657534246575352
2024-12-04,6930,7360,6930,7060,9088,-0.008426966292134797
2024-12-05,7060,7280,7010,7070,4342,0.0014164305949009304
2024-12-06,7260,7260,6800,7000,11460,-0.00990099009900991
2024-12-09,6980,7000,6680,6740,15770,-0.037142857142857144
2024-12-10,6740,6930,6710,6840,2783,0.014836795252225476
2024-12-11,6870,7510,6860,7130,6042,0.042397660818713545
2024-12-12,7180,7180,7060,7120,3247,-0.0014025245441795509
2024-12-13,7120,7250,7120,7250,2518,0.018258426966292207
2024-12-16,7250,7310,7070,7120,12396,-0.017931034482758568
2024-12-17,7160,7260,7080,7160,2840,0.00561797752808979
2024-12-18,7160,7290,7080,7140,7474,-0.0027932960893854997
2024-12-19,7090,7260,7060,7250,963,0.01540616246498594
2024-12-20,7250,7290,7140,7220,1719,-0.004137931034482789
2024-12-23,7220,7280,7170,7240,5049,0.0027700831024930483
2024-12-24,7240,7320,7210,7250,2622,0.0013812154696133394
2024-12-26,7240,7360,7210,7330,6773,0.011034482758620623
2024-12-27,7330,7390,7130,7200,714,-0.017735334242837686
2024-12-30,7200,7210,7140,7150,1407,-0.00694444444444442
2025-01-02,7150,7180,7100,7110,2401,-0.005594405594405605
2025-01-03,7110,7270,7050,7250,955,0.019690576652601877
2025-01-06,7220,7400,7180,7270,2818,0.0027586206896552667
2025-01-07,7300,7390,7220,7260,2041,-0.0013755158184318717
2025-01-08,7260,7480,7260,7280,1523,0.0027548209366390353
2025-01-09,7280,7350,7200,7350,2107,0.009615384615384581
2025-01-10,7400,7400,7210,7330,1308,-0.0027210884353741083
2025-01-13,7320,7320,7230,7300,675,-0.004092769440654842
2025-01-14,7270,7270,7130,7250,4508,-0.006849315068493178
2025-01-15,7250,7270,7170,7200,3883,-0.006896551724137945
2025-01-16,7200,7200,7170,7200,1763,0.0
2025-01-17,7200,7490,7100,7310,4424,0.015277777777777724
2025-01-20,7310,7360,7230,7360,1949,0.0068399452804377425
2025-01-21,7360,7360,7220,7360,3699,0.0
2025-01-22,7320,7320,7250,7280,3017,-0.010869565217391353
2025-01-23,7280,7480,7200,7290,1441,0.0013736263736263687
2025-01-24,7230,7290,7230,7270,4531,-0.002743484224965731
2025-01-31,7270,7400,7210,7240,1370,-0.004126547455295726
2025-02-03,7240,7240,7010,7220,5145,-0.002762430939226568
2025-02-04,7160,7220,7020,7190,2909,-0.0041551246537395725
2025-02-05,7180,7190,7080,7090,2082,-0.013908205841446475
2025-02-06,7090,7230,7050,7160,3872,0.009873060648801113
2025-02-07,7160,7160,7080,7140,1280,-0.0027932960893854997
2025-02-10,7120,7490,7030,7190,2755,0.007002801120448154
2025-02-11,7190,7190,7110,7150,2143,-0.0055632823365785455
2025-02-12,7320,7320,7090,7150,3021,0.0
2025-02-13,7150,7190,7050,7170,12870,0.002797202797202747
2025-02-14,7170,7190,7070,7100,2018,-0.009762900976290068
2025-02-17,7200,7200,7130,7140,2234,0.005633802816901401
2025-02-18,7200,7220,7160,7200,8238,0.008403361344537785
2025-02-19,7200,7200,7150,7160,2399,-0.005555555555555536
2025-02-20,7160,7200,7150,7180,2015,0.0027932960893854997
2025-02-21,7130,7240,7130,7180,5915,0.0
2025-02-24,7180,7220,7140,7190,4835,0.0013927576601671099
2025-02-25,7230,7230,7180,7210,1313,0.0027816411682892728
2025-02-26,7190,7220,7190,7220,4987,0.001386962552011095
2025-02-27,7220,7290,7110,7250,2275,0.0041551246537396835
2025-02-28,7210,7210,7140,7140,2084,-0.015172413793103412
2025-03-04,7140,7140,7020,7090,3353,-0.007002801120448154
2025-03-05,7090,7170,7090,7160,2481,0.009873060648801113
2025-03-06,7130,7160,7090,7160,1445,0.0
2025-03-07,7160,7380,7090,7300,10482,0.019553072625698276
2025-03-10,7340,7340,7200,7300,4110,0.0
2025-03-11,7240,7240,7010,7200,2977,-0.013698630136986356
2025-03-12,7150,7260,7150,7240,2604,0.005555555555555536
2025-03-13,7240,7300,7150,7190,2896,-0.006906077348066253
2025-03-14,7190,7200,7120,7170,1708,-0.0027816411682892728
2025-03-17,7170,7170,7100,7150,1683,-0.002789400278940035
2025-03-18,7150,7210,7110,7120,2437,-0.004195804195804231
2025-03-19,7150,7240,7140,7220,1768,0.014044943820224809
2025-03-20,7250,7250,7150,7200,2241,-0.0027700831024930483
2025-03-21,7200,7200,7150,7170,1076,-0.004166666666666652
2025-03-24,7120,7130,7020,7060,4308,-0.015341701534170138
2025-03-25,7060,7150,6900,7070,14840,0.0014164305949009304
2025-03-26,7070,7140,7050,7100,6011,0.004243281471004279
2025-03-27,7110,7120,7010,7080,2378,-0.0028169014084507005
2025-03-28,7070,7070,6980,7020,3657,-0.008474576271186418
2025-03-31,7010,7010,6830,6830,4776,-0.027065527065527117
2025-04-01,6900,7020,6830,6980,3853,0.02196193265007329
2025-04-02,6980,7040,6980,7040,4959,0.008595988538681931
2025-04-03,7040,7040,6900,6900,1891,-0.019886363636363646
2025-04-04,6900,6970,6850,6900,3174,0.0
2025-04-07,6940,6940,6670,6670,6557,-0.033333333333333326
2025-04-08,6670,6870,6640,6690,7896,0.0029985007496251548
2025-04-09,6690,6770,6620,6740,3686,0.007473841554558991
2025-04-10,7000,7000,6840,6950,3236,0.03115727002967361
2025-04-11,6950,7080,6950,7000,2859,0.007194244604316502
2025-04-14,7090,7150,6930,7110,2766,0.01571428571428579
2025-04-15,7150,7150,7030,7120,2948,0.0014064697609001975
2025-04-16,7050,7150,7040,7110,2123,-0.001404494382022503
2025-04-17,7170,7170,7030,7110,2663,0.0
2025-04-18,7110,7130,7050,7100,889,-0.0014064697609000865
2025-04-21,7100,7130,7080,7130,4411,0.004225352112676051
2025-04-22,7030,7150,7030,7110,1063,-0.0028050490883591017
2025-04-23,7110,7150,7050,7100,6067,-0.0014064697609000865
2025-04-24,7140,7140,7050,7110,1410,0.0014084507042253502
2025-04-25,7080,7190,7080,7150,7520,0.005625879043600568
2025-04-28,7150,7210,7110,7110,8504,-0.005594405594405605
2025-04-29,7110,7200,7070,7190,7890,0.011251758087201136
2025-04-30,7200,7230,7090,7170,5295,-0.0027816411682892728
2025-05-02,7100,7190,7100,7180,1356,0.001394700139470073
2025-05-07,7170,7190,7050,7190,9676,0.0013927576601671099
2025-05-08,7190,7230,7100,7140,4615,-0.006954102920723182
2025-05-09,7140,7200,7100,7170,5259,0.004201680672268893
2025-05-12,7170,7260,7130,7200,6978,0.004184100418409997
2025-05-13,7210,7230,7110,7210,6062,0.001388888888888884
2025-05-14,7210,7220,7150,7170,4169,-0.00554785020804438
2025-05-15,7130,7250,7120,7220,3708,0.0069735006973501434
2025-05-16,7210,7230,7160,7220,5375,0.0
2025-05-19,7290,7290,7170,7250,4104,0.0041551246537396835
2025-05-20,7200,7290,7190,7270,7289,0.0027586206896552667
2025-05-21,7290,7350,7270,7330,4402,0.008253094910591452
2025-05-22,7330,7390,7220,7320,2664,-0.0013642564802183177
2025-05-23,7320,7340,7210,7330,3151,0.001366120218579292
