Date,Open,High,Low,Close,Volume,Change
2022-01-03,8810,10500,8810,9480,160783,0.08219178082191791
2022-01-04,9340,9690,9130,9450,24150,-0.0031645569620253333
2022-01-05,9540,9540,9140,9240,18873,-0.022222222222222254
2022-01-06,9200,9680,9200,9510,38178,0.02922077922077926
2022-01-07,9530,10300,9530,10000,62180,0.05152471083070442
2022-01-10,9990,10950,9910,10100,32906,0.010000000000000009
2022-01-11,10100,10300,9920,9980,12258,-0.011881188118811892
2022-01-12,10200,10250,9960,10050,7122,0.007014028056112176
2022-01-13,10100,10100,9760,9870,19320,-0.017910447761193993
2022-01-14,9850,11000,9760,10050,35152,0.01823708206686936
2022-01-17,10000,10350,9820,9900,15610,-0.014925373134328401
2022-01-18,10000,12850,10000,10700,968273,0.08080808080808088
2022-01-19,10300,11400,10300,11000,105534,0.028037383177569986
2022-01-20,11000,11050,10300,10550,44552,-0.040909090909090895
2022-01-21,10400,10400,9560,9830,101654,-0.06824644549763037
2022-01-24,9730,10200,9730,9800,16332,-0.003051881993896277
2022-01-25,9800,9850,9470,9740,38721,-0.006122448979591799
2022-01-26,9740,9980,9610,9610,6852,-0.013347022587268942
2022-01-27,9530,9690,9150,9370,8700,-0.024973985431841816
2022-01-28,9270,9780,9110,9780,8932,0.04375667022411944
2022-02-03,9800,9840,9700,9780,6185,0.0
2022-02-04,9780,10200,9730,9880,10307,0.010224948875255713
2022-02-07,9950,9990,9420,9800,6124,-0.0080971659919028
2022-02-08,9710,9790,9400,9460,14019,-0.03469387755102038
2022-02-09,9610,9830,9540,9640,8930,0.019027484143763207
2022-02-10,9700,9800,9520,9610,4607,-0.003112033195020736
2022-02-11,9500,9650,9380,9380,5283,-0.02393340270551514
2022-02-14,9100,9370,9070,9200,3130,-0.019189765458422214
2022-02-15,9200,9200,8830,8930,8933,-0.02934782608695652
2022-02-16,9060,9200,8970,9140,5183,0.023516237402015694
2022-02-17,9150,9440,9100,9260,9010,0.013129102844638973
2022-02-18,9120,10550,9120,9790,45276,0.057235421166306644
2022-02-21,9740,9900,9660,9860,5777,0.007150153217568844
2022-02-22,9670,10050,9670,9880,8388,0.0020283975659229903
2022-02-23,9900,10200,9780,10150,11334,0.027327935222672073
2022-02-24,10150,10200,9870,9940,6741,-0.020689655172413834
2022-02-25,10200,10450,9960,10250,18032,0.031187122736418438
2022-02-28,10150,10300,9880,9990,12199,-0.025365853658536608
2022-03-02,9980,9980,9680,9940,8558,-0.005005005005005003
2022-03-03,10000,10050,9870,9980,3146,0.004024144869215318
2022-03-04,9900,9980,9840,9900,1625,-0.008016032064128265
2022-03-07,9900,10000,9560,9560,4834,-0.03434343434343434
2022-03-08,9770,9770,9220,9360,8128,-0.02092050209205021
2022-03-10,9500,9610,9410,9480,1085,0.012820512820512775
2022-03-11,9480,9590,9410,9470,2380,-0.0010548523206751481
2022-03-14,9470,9470,9270,9440,2824,-0.0031678986272439813
2022-03-15,9550,9600,9350,9450,2692,0.0010593220338983578
2022-03-16,9510,10050,9510,10000,17688,0.05820105820105814
2022-03-17,9850,10100,9850,10000,7398,0.0
2022-03-18,10000,10250,9980,10100,19607,0.010000000000000009
2022-03-21,10150,10200,9940,10000,4843,-0.00990099009900991
2022-03-22,10000,10650,10000,10300,17347,0.030000000000000027
2022-03-23,10500,12500,10350,10950,169005,0.06310679611650483
2022-03-24,11000,11700,10700,11650,38008,0.06392694063926951
2022-03-25,11750,13950,11550,12450,153851,0.06866952789699576
2022-03-28,12650,13000,12250,12900,37044,0.03614457831325302
2022-03-29,12950,13200,11900,12200,32748,-0.054263565891472854
2022-03-30,12200,12450,11550,11900,21220,-0.024590163934426257
2022-03-31,11750,12050,11650,11800,7527,-0.008403361344537785
2022-04-01,11700,12000,11650,11800,6082,0.0
2022-04-04,11850,11850,11200,11650,11576,-0.012711864406779627
2022-04-05,11700,11900,11400,11550,5490,-0.008583690987124415
2022-04-06,11500,11550,11300,11500,8152,-0.0043290043290042934
2022-04-07,11350,12000,11300,11700,11961,0.017391304347825987
2022-04-08,11700,11750,11250,11550,6528,-0.012820512820512775
2022-04-11,11350,11650,11350,11650,3904,0.008658008658008587
2022-04-12,11400,11700,11200,11300,8236,-0.030042918454935674
2022-04-13,11300,11650,11300,11550,12407,0.022123893805309658
2022-04-14,11500,11650,11350,11450,6460,-0.008658008658008698
2022-04-15,11450,11900,11400,11800,20519,0.03056768558951961
2022-04-18,11700,11800,11450,11750,3869,-0.004237288135593209
2022-04-19,11850,12000,11700,11850,5626,0.008510638297872353
2022-04-20,11850,12250,11800,12000,7815,0.012658227848101333
2022-04-21,12200,12400,11650,11750,6867,-0.02083333333333337
2022-04-22,12000,12100,11400,11450,16749,-0.025531914893617058
2022-04-25,11400,11400,11100,11150,9226,-0.026200873362445365
2022-04-26,11100,11300,11100,11250,4166,0.008968609865470878
2022-04-27,10950,11250,10950,11250,1227,0.0
2022-04-28,11250,11500,11050,11350,2473,0.008888888888888946
2022-04-29,11400,11550,11250,11500,5056,0.013215859030837107
2022-05-02,11400,11400,11200,11400,236,-0.008695652173912993
2022-05-03,11350,11800,11200,11400,7704,0.0
2022-05-04,11500,14150,11500,12150,319248,0.06578947368421062
2022-05-06,11850,12500,11600,11750,34357,-0.03292181069958844
2022-05-09,12000,12350,10850,10950,31230,-0.06808510638297871
2022-05-10,10600,11150,10200,11100,20551,0.013698630136986356
2022-05-11,11200,11200,10850,11000,9770,-0.009009009009009028
2022-05-12,10850,10950,10600,10600,8531,-0.036363636363636376
2022-05-13,10750,11000,10650,10850,5923,0.02358490566037741
2022-05-16,10950,11050,10800,10800,4132,-0.004608294930875556
2022-05-17,10550,10600,10350,10550,8864,-0.02314814814814814
2022-05-18,10550,10900,10500,10600,4671,0.004739336492890933
2022-05-19,10400,10450,10200,10350,7282,-0.02358490566037741
2022-05-20,10400,10400,10000,10350,10413,0.0
2022-05-23,10400,10400,10000,10050,12212,-0.02898550724637683
2022-05-24,10100,10100,9880,9910,10381,-0.013930348258706426
2022-05-25,9920,10300,9910,10050,8532,0.01412714429868811
2022-05-26,10100,10250,9900,9990,2354,-0.005970149253731294
2022-05-27,10050,10100,9850,9880,10173,-0.011011011011010985
2022-05-30,9880,10000,9880,9990,2506,0.011133603238866474
2022-05-31,10050,10200,9970,9990,2866,0.0
2022-06-02,9960,10000,9700,9700,4466,-0.02902902902902904
2022-06-03,9700,9950,9530,9720,10471,0.0020618556701030855
2022-06-07,9650,9750,9600,9620,5025,-0.010288065843621408
2022-06-08,9780,9780,9530,9640,9524,0.0020790020790020236
2022-06-09,9660,9660,9470,9620,5922,-0.0020746887966804906
2022-06-10,9560,9570,9150,9540,4947,-0.008316008316008316
2022-06-13,9220,10950,8990,9020,75832,-0.0545073375262054
2022-06-14,8980,9190,8700,9110,14539,0.009977827050997812
2022-06-15,9110,9160,8720,8730,4358,-0.04171240395170139
2022-06-16,8820,9090,8790,8880,5884,0.01718213058419238
2022-06-17,8810,8810,8010,8240,54918,-0.07207207207207211
2022-06-20,8320,8320,8010,8030,9483,-0.025485436893203928
2022-06-21,8030,8170,7950,8170,3430,0.01743462017434627
2022-06-22,8150,8150,7510,7700,13421,-0.057527539779681724
2022-06-23,7700,7770,7320,7440,7885,-0.03376623376623378
2022-06-24,7420,7990,7420,7970,4910,0.071236559139785
2022-06-27,8000,8200,7700,8200,5747,0.028858218318695172
2022-06-28,8290,8290,8150,8280,3265,0.009756097560975618
2022-06-29,8130,8280,8030,8090,4532,-0.022946859903381633
2022-06-30,8090,8150,7990,8060,716,-0.003708281829419069
2022-07-01,8060,8060,7730,7760,3539,-0.037220843672456594
2022-07-04,7780,7780,7520,7580,1855,-0.023195876288659822
2022-07-05,7600,7870,7600,7790,2414,0.02770448548812654
2022-07-06,7780,7780,7550,7560,3902,-0.029525032092426184
2022-07-07,7600,7830,7600,7830,1761,0.03571428571428581
2022-07-08,7900,8070,7810,8010,1584,0.02298850574712641
2022-07-11,8010,8070,7740,8070,1208,0.0074906367041198685
2022-07-12,8060,8080,7650,7660,1822,-0.050805452292441156
2022-07-13,7740,7890,7740,7870,217,0.02741514360313313
2022-07-14,7870,8150,7860,8070,1464,0.02541296060991116
2022-07-15,8070,8140,7840,7970,4120,-0.012391573729863659
2022-07-18,8030,8400,8030,8240,2522,0.03387703889585958
2022-07-19,8230,8230,8070,8130,457,-0.013349514563106846
2022-07-20,8200,8310,8110,8140,2750,0.0012300123001229846
2022-07-21,8100,8280,8100,8270,773,0.01597051597051591
2022-07-22,8300,8340,8100,8150,3357,-0.0145102781136639
2022-07-25,8230,8300,8150,8270,1358,0.014723926380368013
2022-07-26,8200,8240,8140,8230,3888,-0.0048367593712213
2022-07-27,8200,8260,8150,8210,640,-0.002430133657351119
2022-07-28,8210,8220,8170,8170,686,-0.00487210718635811
2022-07-29,8200,8270,8190,8190,2361,0.00244798041615657
2022-08-01,8250,8390,8250,8320,3477,0.015873015873015817
2022-08-02,8350,8350,8210,8210,3964,-0.013221153846153855
2022-08-03,8250,8260,8180,8240,1418,0.0036540803897686658
2022-08-04,8300,8450,8280,8400,1044,0.01941747572815533
2022-08-05,8400,8440,8230,8350,4005,-0.005952380952380931
2022-08-08,8350,8350,8210,8220,1613,-0.015568862275449069
2022-08-09,8220,8260,8040,8170,4886,-0.006082725060827299
2022-08-10,8170,8170,7900,8010,4006,-0.019583843329253336
2022-08-11,8060,8100,8010,8080,449,0.008739076154806513
2022-08-12,8080,8220,8010,8200,706,0.014851485148514865
2022-08-16,8290,8480,8000,8010,12805,-0.023170731707317094
2022-08-17,8100,8100,7960,8010,2713,0.0
2022-08-18,8030,8030,7890,7980,6295,-0.0037453183520599342
2022-08-19,7980,7980,7890,7910,2965,-0.00877192982456143
2022-08-22,7910,7950,7820,7870,1753,-0.005056890012642201
2022-08-23,7880,8050,7710,8050,1624,0.02287166454891998
2022-08-24,8050,8050,7940,7940,2665,-0.013664596273291973
2022-08-25,7940,8040,7940,8030,438,0.01133501259445846
2022-08-26,8110,8230,8090,8180,4434,0.018679950186799577
2022-08-29,7920,8060,7870,7870,3684,-0.03789731051344747
2022-08-30,7860,8050,7810,7920,2334,0.006353240152477735
2022-08-31,7880,10100,7800,8150,255500,0.029040404040403978
2022-09-01,8140,8270,8010,8010,39390,-0.01717791411042946
2022-09-02,8090,8090,7800,7840,11369,-0.02122347066167296
2022-09-05,7750,7920,7590,7690,9713,-0.01913265306122447
2022-09-06,7610,7800,7610,7720,4433,0.0039011703511053764
2022-09-07,7750,7750,7510,7510,4953,-0.02720207253886009
2022-09-08,7700,7840,7660,7700,3814,0.025299600532623145
2022-09-13,7610,7820,7610,7750,2926,0.006493506493506551
2022-09-14,7690,7690,7300,7660,3419,-0.011612903225806437
2022-09-15,7620,7750,7620,7730,2037,0.009138381201044377
2022-09-16,7690,7840,7690,7750,1779,0.002587322121604174
2022-09-19,7630,7790,7600,7600,316,-0.01935483870967747
2022-09-20,7600,7700,7600,7690,772,0.011842105263157876
2022-09-21,7690,7740,7610,7610,2766,-0.01040312093628093
2022-09-22,7570,7730,7420,7520,7389,-0.01182654402102501
2022-09-23,7520,7570,7020,7020,6522,-0.06648936170212771
2022-09-26,6900,7000,6650,6650,4642,-0.05270655270655267
2022-09-27,6470,6690,6470,6650,2631,0.0
2022-09-28,6650,6650,6170,6370,1727,-0.04210526315789476
2022-09-29,6410,6410,6100,6100,7799,-0.042386185243328045
2022-09-30,5820,6270,5820,6200,1077,0.016393442622950838
2022-10-04,6150,6490,6070,6240,2940,0.006451612903225712
2022-10-05,6280,7820,6280,6570,125204,0.05288461538461542
2022-10-06,6580,8080,6500,6820,296546,0.03805175038051756
2022-10-07,6960,7300,6830,6890,55818,0.01026392961876832
2022-10-11,6710,6960,6520,6750,20389,-0.020319303338171224
2022-10-12,6610,7480,6610,6910,42653,0.023703703703703782
2022-10-13,6800,6910,6550,6550,18854,-0.05209840810419686
2022-10-14,6600,7250,6600,6950,35112,0.06106870229007644
2022-10-17,6680,7280,6680,7140,17061,0.027338129496402797
2022-10-18,7160,7570,7160,7510,18967,0.051820728291316565
2022-10-19,7330,7750,7330,7610,12323,0.013315579227696439
2022-10-20,7660,8000,7660,7850,21462,0.031537450722733285
2022-10-21,7840,7930,7560,7930,12614,0.010191082802547768
2022-10-24,7930,8130,7930,8070,8799,0.017654476670870167
2022-10-25,8100,8390,7960,8190,4395,0.014869888475836479
2022-10-26,8200,8370,7400,7550,12293,-0.0781440781440782
2022-10-27,7550,7800,7330,7440,9825,-0.014569536423841067
2022-10-28,7540,7540,7300,7470,1205,0.0040322580645162365
2022-10-31,7460,7790,7430,7470,5313,0.0
2022-11-01,7520,7750,7470,7490,1017,0.0026773761713521083
2022-11-02,7530,7740,7350,7400,1624,-0.012016021361815787
2022-11-03,7300,7800,7200,7320,11575,-0.010810810810810811
2022-11-04,7210,7510,7210,7350,2048,0.004098360655737654
2022-11-07,7360,7600,7360,7550,5489,0.027210884353741527
2022-11-08,7600,7950,7600,7760,5791,0.027814569536423805
2022-11-09,7750,7810,7680,7800,1643,0.005154639175257714
2022-11-10,7790,7950,7650,7760,1041,-0.00512820512820511
2022-11-11,7900,8010,7750,7860,7732,0.012886597938144284
2022-11-14,7720,7860,7690,7860,3776,0.0
2022-11-15,7860,8000,7750,8000,8214,0.01781170483460559
2022-11-16,8030,8030,7750,7870,7592,-0.016249999999999987
2022-11-17,7850,7850,7620,7620,1673,-0.031766200762388785
2022-11-18,7600,7690,7430,7560,4627,-0.007874015748031482
2022-11-21,7690,7690,7420,7450,581,-0.014550264550264536
2022-11-22,7470,7680,7400,7530,3121,0.010738255033557076
2022-11-23,7520,7690,7520,7600,289,0.009296148738379806
2022-11-24,7600,7750,7600,7700,365,0.013157894736842035
2022-11-25,7600,7750,7530,7540,2656,-0.020779220779220786
2022-11-28,7540,7650,7440,7620,724,0.010610079575596787
2022-11-29,7410,7620,7410,7540,675,-0.01049868766404205
2022-11-30,7540,7730,7540,7580,384,0.0053050397877985045
2022-12-01,7590,7800,7560,7770,4501,0.02506596306068598
2022-12-02,7790,7800,7600,7780,1524,0.0012870012870012104
2022-12-05,7790,7790,7600,7610,1046,-0.02185089974293064
2022-12-06,7600,7680,7450,7530,262,-0.010512483574244391
2022-12-07,7520,7690,7390,7500,2613,-0.003984063745019917
2022-12-08,7480,7480,7320,7330,2971,-0.022666666666666613
2022-12-09,7330,7600,7240,7550,3098,0.0300136425648021
2022-12-12,7600,7630,7540,7630,17,0.01059602649006619
2022-12-13,7630,7850,7400,7560,1811,-0.00917431192660545
2022-12-14,7560,7750,7350,7350,7366,-0.02777777777777779
2022-12-15,7390,7500,7340,7420,3777,0.00952380952380949
2022-12-16,7410,7490,7310,7490,1371,0.009433962264151052
2022-12-19,7490,7510,7350,7500,4952,0.001335113484646211
2022-12-20,7650,7850,7310,7330,7329,-0.022666666666666613
2022-12-21,7350,7450,7300,7330,2312,0.0
2022-12-22,7490,7490,7360,7360,24,0.004092769440654953
2022-12-23,7360,7550,7280,7290,3543,-0.009510869565217406
2022-12-26,7290,7580,7080,7150,2824,-0.019204389574759895
2022-12-27,7180,7200,7090,7090,4612,-0.008391608391608352
2022-12-28,7100,7380,7080,7100,4542,0.0014104372355430161
2022-12-29,7200,7200,6810,6820,1492,-0.03943661971830981
2023-01-02,7080,7080,6840,6890,144,0.01026392961876832
2023-01-03,6800,7460,6550,6820,2599,-0.010159651669085612
2023-01-04,6820,7480,6820,7100,2604,0.04105571847507328
2023-01-05,7130,7270,7110,7160,412,0.008450704225352101
2023-01-06,7130,7480,7110,7350,3230,0.026536312849162025
2023-01-09,7350,7410,7300,7370,1217,0.0027210884353741083
2023-01-10,7430,7430,7260,7340,96,-0.004070556309362261
2023-01-11,7380,7380,7270,7330,161,-0.0013623978201634523
2023-01-12,7440,7440,7160,7270,1170,-0.008185538881309684
2023-01-13,7390,7390,7160,7240,466,-0.004126547455295726
2023-01-16,7360,7360,7090,7190,1530,-0.006906077348066253
2023-01-17,7190,7220,7100,7100,2241,-0.012517385257301838
2023-01-18,7100,7100,7000,7080,2498,-0.0028169014084507005
2023-01-19,7180,7180,7120,7130,3344,0.007062146892655274
2023-01-20,7290,7290,7050,7170,4909,0.005610098176718203
2023-01-25,7300,7300,7130,7190,2589,0.002789400278939924
2023-01-26,7190,7400,7130,7150,3307,-0.0055632823365785455
2023-01-27,7250,7460,7140,7180,2278,0.00419580419580412
2023-01-30,7300,7300,7130,7140,1325,-0.005571030640668551
2023-01-31,7250,7250,7090,7160,1779,0.0028011204481792618
2023-02-01,7160,7190,7050,7190,1865,0.0041899441340782495
2023-02-02,7190,7310,7100,7200,1556,0.0013908205841446364
2023-02-03,7150,7250,7150,7230,4053,0.004166666666666652
2023-02-06,7390,7390,7110,7250,2346,0.0027662517289073207
2023-02-07,7900,9200,7630,8460,1368841,0.16689655172413786
2023-02-08,8710,10560,8010,9390,1657988,0.10992907801418439
2023-02-09,9660,10530,8830,9100,656663,-0.030883919062832832
2023-02-10,9090,9250,7910,8140,296195,-0.10549450549450545
2023-02-13,8120,8170,7670,7680,79974,-0.05651105651105648
2023-02-14,7730,8080,7630,7660,94583,-0.0026041666666666297
2023-02-15,7660,9950,7660,8390,2841546,0.09530026109660583
2023-02-16,8490,8980,8030,8140,454150,-0.02979737783075087
2023-02-17,8140,8360,7770,7770,149701,-0.045454545454545414
2023-02-20,7900,8270,7800,7950,85210,0.02316602316602312
2023-02-21,8140,8140,7860,7960,70799,0.0012578616352201255
2023-02-22,7860,7870,7520,7560,57906,-0.05025125628140703
2023-02-23,7650,7840,7600,7760,65147,0.02645502645502651
2023-02-24,7740,7820,7360,7470,71457,-0.037371134020618535
2023-02-27,7400,7510,7290,7350,21955,-0.016064257028112428
2023-02-28,7350,7460,7200,7200,39555,-0.020408163265306145
2023-03-02,7200,7340,7060,7100,21556,-0.01388888888888884
2023-03-03,7120,7200,7040,7110,11523,0.0014084507042253502
2023-03-06,7150,7480,7040,7310,31459,0.02812939521800284
2023-03-07,7370,7370,7110,7250,13433,-0.008207934336525335
2023-03-08,7240,7240,7040,7110,12309,-0.0193103448275862
2023-03-09,7120,7410,7070,7150,21025,0.005625879043600568
2023-03-10,7070,7190,6940,6940,8938,-0.029370629370629397
2023-03-13,6820,6910,6640,6830,12232,-0.015850144092218965
2023-03-14,6790,6790,6360,6420,13668,-0.060029282576866794
2023-03-15,6470,6650,6370,6440,7471,0.0031152647975076775
2023-03-16,6350,6500,6210,6330,11793,-0.017080745341614856
2023-03-17,6370,6700,6370,6570,13567,0.03791469194312791
2023-03-20,6580,6580,6210,6460,10050,-0.016742770167427756
2023-03-21,6560,6560,6370,6390,3207,-0.010835913312693513
2023-03-22,6450,6460,6220,6440,10830,0.00782472613458518
2023-03-23,6410,6450,6290,6310,10612,-0.02018633540372672
2023-03-24,6320,6640,6120,6540,46952,0.03645007923930277
2023-03-27,6530,6550,6390,6410,6238,-0.019877675840978548
2023-03-28,6420,6670,6410,6600,6779,0.029641185647425905
2023-03-29,6760,6850,6630,6700,17086,0.015151515151515138
2023-03-30,6820,6940,6680,6770,19298,0.010447761194029903
2023-03-31,6870,6870,6640,6700,11433,-0.010339734121122546
2023-04-03,6640,6730,6430,6560,6799,-0.020895522388059695
2023-04-04,6560,6600,6420,6430,11222,-0.01981707317073167
2023-04-05,6440,6530,6420,6500,19874,0.010886469673405896
2023-04-06,6480,6480,6400,6430,4326,-0.010769230769230753
2023-04-07,6430,6650,6430,6620,14633,0.029548989113530322
2023-04-10,6620,6620,6450,6450,3843,-0.025679758308157052
2023-04-11,6460,6670,6460,6570,5018,0.018604651162790642
2023-04-12,6560,6700,6510,6590,3320,0.003044140030441511
2023-04-13,6600,6640,6530,6600,1793,0.0015174506828528056
2023-04-14,6570,6790,6570,6630,8011,0.00454545454545463
2023-04-17,6630,6700,6600,6700,4780,0.010558069381598756
2023-04-18,6700,6700,6520,6590,8943,-0.016417910447761197
2023-04-19,6540,6770,6540,6720,13690,0.019726858877086473
2023-04-20,6720,6720,6580,6660,3105,-0.008928571428571397
2023-04-21,6600,6680,6550,6580,4017,-0.012012012012011963
2023-04-24,6550,6600,6420,6440,3379,-0.021276595744680882
2023-04-25,6420,6500,6300,6320,5656,-0.018633540372670843
2023-04-26,6320,6390,6250,6300,1950,-0.0031645569620253333
2023-04-27,6300,6310,6070,6220,7347,-0.012698412698412653
2023-04-28,6250,6250,6140,6170,5492,-0.008038585209003246
2023-05-02,6170,6250,6170,6200,1546,0.004862236628849326
2023-05-03,6200,6280,6150,6220,797,0.003225806451612856
2023-05-04,6250,6280,6140,6150,1396,-0.0112540192926045
2023-05-08,6180,6290,6180,6240,1112,0.014634146341463428
2023-05-09,6310,6310,6120,6200,1016,-0.0064102564102563875
2023-05-10,6240,6240,6120,6200,5783,0.0
2023-05-11,6250,6260,6220,6250,510,0.008064516129032251
2023-05-12,6220,6230,6160,6200,2279,-0.008000000000000007
2023-05-15,6260,6260,6050,6130,1808,-0.011290322580645107
2023-05-16,6130,6130,5650,5720,34694,-0.06688417618270803
2023-05-17,5750,5750,5590,5610,21391,-0.019230769230769273
2023-05-18,5680,5730,5630,5720,4617,0.019607843137254832
2023-05-19,5680,6980,5680,6120,341862,0.06993006993007
2023-05-22,6100,6230,5980,6050,14699,-0.011437908496731986
2023-05-23,6080,6100,5980,5980,11393,-0.011570247933884281
2023-05-24,5940,6010,5860,5880,7663,-0.01672240802675584
2023-05-25,6000,6010,5850,5900,6414,0.00340136054421758
2023-05-26,5970,6180,5870,6070,23686,0.028813559322034
2023-05-30,6250,6360,6180,6240,30272,0.028006589785831926
2023-05-31,6360,6990,6170,6360,250008,0.019230769230769162
2023-06-01,6290,6340,6150,6310,24091,-0.00786163522012584
2023-06-02,6350,6430,6230,6270,16033,-0.006339144215530945
2023-06-05,6320,6320,6120,6120,9271,-0.02392344497607657
2023-06-07,6170,6260,6100,6140,3810,0.0032679738562091387
2023-06-08,6240,6240,6060,6140,1314,0.0
2023-06-09,6170,7130,6150,6350,322789,0.03420195439739415
2023-06-12,6410,6420,6260,6280,28888,-0.011023622047244053
2023-06-13,6290,6580,6290,6420,31579,0.022292993630573354
2023-06-14,6510,6520,6300,6360,13417,-0.009345794392523366
2023-06-15,6360,6680,6360,6590,24740,0.036163522012578664
2023-06-16,6670,6860,6660,6750,18846,0.02427921092564489
2023-06-19,6760,6760,6550,6690,5480,-0.008888888888888835
2023-06-20,6690,6690,6450,6590,6670,-0.014947683109118093
2023-06-21,6610,6610,6420,6420,9582,-0.025796661608497695
2023-06-22,6420,6500,6310,6420,5049,0.0
2023-06-23,6460,6550,6340,6410,9852,-0.0015576323987538387
2023-06-26,6420,6480,6310,6450,5566,0.006240249609984483
2023-06-27,6440,6440,6310,6370,1527,-0.012403100775193798
2023-06-28,6420,6420,6310,6310,4004,-0.009419152276295084
2023-06-29,6370,6540,6340,6390,9123,0.01267828843106189
2023-06-30,6420,6480,6350,6370,1160,-0.003129890453834161
2023-07-03,6420,6550,6370,6380,4808,0.0015698587127157548
2023-07-04,6470,6470,6300,6330,5129,-0.00783699059561127
2023-07-05,6350,6560,6340,6440,9988,0.017377567140600236
2023-07-06,6400,6400,6170,6280,3992,-0.024844720496894457
2023-07-07,6180,6240,6140,6240,1201,-0.006369426751592355
2023-07-10,6220,6220,6090,6090,10317,-0.024038461538461564
2023-07-11,6090,6160,6090,6110,4472,0.003284072249589487
2023-07-12,6150,6260,5980,6200,7137,0.014729950900163713
2023-07-13,6200,6340,6190,6300,5530,0.016129032258064502
2023-07-14,6260,8120,6260,7280,1127517,0.15555555555555545
2023-07-17,7890,9200,7280,7390,1026929,0.015109890109890056
2023-07-18,7310,7690,6840,6930,130666,-0.06224627875507438
2023-07-19,6980,6980,6670,6760,43076,-0.024531024531024515
2023-07-20,6700,6880,6600,6780,48225,0.002958579881656709
2023-07-21,6660,6700,6570,6590,13622,-0.028023598820059004
2023-07-24,6590,6710,6380,6660,22382,0.01062215477996964
2023-07-25,6680,6800,6480,6480,15941,-0.027027027027026973
2023-07-26,6520,6600,6060,6120,31376,-0.05555555555555558
2023-07-27,6130,6350,6090,6300,15487,0.02941176470588225
2023-07-28,6300,6490,6170,6310,18530,0.0015873015873015817
2023-07-31,6380,6450,6310,6410,15105,0.015847860538827252
2023-08-01,6450,6710,6350,6670,12799,0.040561622464898583
2023-08-02,6600,6740,6420,6470,14940,-0.02998500749625188
2023-08-03,6400,6580,6220,6400,9175,-0.010819165378670781
2023-08-04,6260,6540,6260,6430,11096,0.004687499999999956
2023-08-07,6450,6450,6250,6430,2890,0.0
2023-08-08,6360,6500,6360,6440,1224,0.0015552099533437946
2023-08-09,6350,6510,6330,6440,1040,0.0
2023-08-10,6520,6520,6300,6400,1962,-0.006211180124223614
2023-08-11,6390,6470,6300,6430,4193,0.004687499999999956
2023-08-14,6280,6550,6250,6280,1782,-0.023328149300155476
2023-08-16,6280,6320,6120,6120,3648,-0.02547770700636942
2023-08-17,6180,6190,5960,6030,6396,-0.014705882352941124
2023-08-18,6020,6240,5970,6110,2866,0.013266998341625147
2023-08-21,6050,6110,6020,6090,1132,-0.00327332242225864
2023-08-22,6120,6290,6050,6050,3433,-0.006568144499178974
2023-08-23,6050,6120,6010,6070,778,0.0033057851239668423
2023-08-24,6060,6290,6060,6270,2365,0.03294892915980241
2023-08-25,6230,6230,6070,6220,3872,-0.00797448165869219
2023-08-28,6190,6350,6090,6250,2959,0.004823151125401992
2023-08-29,6200,6450,6200,6440,3049,0.030399999999999983
2023-08-30,6600,6690,6480,6620,6077,0.02795031055900621
2023-08-31,6450,6700,6440,6450,2912,-0.025679758308157052
2023-09-01,6550,6820,6380,6650,10789,0.03100775193798455
2023-09-04,6660,6700,6530,6570,1004,-0.012030075187969946
2023-09-05,6500,6650,6450,6560,2468,-0.0015220700152207556
2023-09-06,6470,6560,6440,6510,1912,-0.007621951219512146
2023-09-07,6510,6780,6430,6500,5209,-0.001536098310291889
2023-09-08,6500,6500,6350,6460,1852,-0.006153846153846176
2023-09-11,6460,6600,6330,6450,1155,-0.001547987616099089
2023-09-12,6330,6520,6330,6430,507,-0.0031007751937984773
2023-09-13,6400,6510,6350,6510,7879,0.012441679626749691
2023-09-14,6430,6540,6190,6520,5462,0.001536098310291889
2023-09-15,6560,6560,6470,6530,1895,0.0015337423312884457
2023-09-18,6390,6460,6380,6460,677,-0.01071975497702915
2023-09-19,6450,6460,6380,6430,863,-0.004643962848297267
2023-09-20,6390,6410,6350,6400,314,-0.004665629860031051
2023-09-21,6350,6350,6140,6140,6866,-0.04062500000000002
2023-09-22,6120,6210,6120,6130,1585,-0.0016286644951140072
2023-09-25,6130,6150,6030,6110,942,-0.0032626427406199365
2023-09-26,6150,6150,6020,6020,3062,-0.014729950900163713
2023-09-27,6100,6100,5990,6090,2488,0.011627906976744207
2023-10-04,6090,6090,5910,5950,1406,-0.02298850574712641
2023-10-05,5950,6200,5920,5970,2287,0.003361344537815114
2023-10-06,5970,6250,5970,6000,502,0.005025125628140614
2023-10-10,6000,6040,5860,5860,1277,-0.023333333333333317
2023-10-11,5880,6000,5880,6000,2014,0.023890784982935065
2023-10-12,5990,6100,5960,5990,4267,-0.0016666666666667052
2023-10-13,5990,6350,5950,6310,38260,0.05342237061769617
2023-10-16,6350,6350,6070,6170,4113,-0.022187004754358197
2023-10-17,6180,6780,6100,6300,62299,0.021069692058346856
2023-10-18,6300,6370,6210,6300,2782,0.0
2023-10-19,6260,6260,6140,6140,373,-0.025396825396825418
2023-10-20,6140,6140,6010,6010,525,-0.021172638436482094
2023-10-23,5960,6010,5940,5940,767,-0.011647254575707144
2023-10-24,6000,6070,5990,6020,1842,0.013468013468013407
2023-10-25,6300,6300,6030,6190,1336,0.028239202657807327
2023-10-26,6190,6190,5940,5940,1262,-0.04038772213247177
2023-10-27,5940,5970,5920,5920,1270,-0.0033670033670033517
2023-10-30,5910,5970,5910,5970,539,0.008445945945946054
2023-10-31,5850,5950,5850,5950,193,-0.00335008375209378
2023-11-01,5950,6000,5950,5950,261,0.0
2023-11-02,5990,6180,5950,6180,1825,0.038655462184874034
2023-11-03,6180,6270,6110,6180,991,0.0
2023-11-06,6140,6230,6140,6230,528,0.008090614886731462
2023-11-07,6060,6110,6030,6090,1686,-0.022471910112359605
2023-11-08,6090,6120,5950,5960,9208,-0.021346469622331665
2023-11-09,5970,6000,5900,5900,4939,-0.010067114093959773
2023-11-10,5900,5900,5750,5880,2173,-0.003389830508474523
2023-11-13,5880,5880,5720,5740,1580,-0.023809523809523836
2023-11-14,5780,5820,5740,5820,4007,0.013937282229965264
2023-11-15,5860,5960,5860,5960,6509,0.02405498281786933
2023-11-16,5900,6000,5870,5990,4221,0.005033557046979942
2023-11-17,5900,5970,5840,5930,6507,-0.01001669449081799
2023-11-20,5930,6070,5930,6070,3464,0.02360876897133224
2023-11-21,6030,6200,6030,6200,4946,0.021416803953871577
2023-11-22,6130,6460,6080,6460,12026,0.041935483870967794
2023-11-23,6530,6530,6210,6340,4391,-0.018575851393188847
2023-11-24,6250,6340,6140,6140,2617,-0.03154574132492116
2023-11-27,6120,7150,6120,6450,144307,0.050488599348534224
2023-11-28,6530,6680,6350,6620,14344,0.02635658914728678
2023-11-29,6500,6670,6500,6630,10525,0.0015105740181269312
2023-11-30,6670,6840,6670,6800,24840,0.02564102564102555
2023-12-01,6800,6880,6740,6850,14175,0.007352941176470562
2023-12-04,6890,7350,6890,6930,16701,0.011678832116788218
2023-12-05,6870,6870,6510,6790,3734,-0.02020202020202022
2023-12-06,6800,6890,6550,6700,8161,-0.013254786450662692
2023-12-07,6700,7150,6700,7010,12649,0.04626865671641789
2023-12-08,6990,7200,6850,7050,5313,0.005706134094151105
2023-12-11,7190,7290,7050,7140,12592,0.012765957446808418
2023-12-12,7180,7370,7080,7130,12045,-0.0014005602240896309
2023-12-13,7140,9260,7030,9260,1673755,0.29873772791023834
2023-12-14,9260,10440,7750,7840,2153682,-0.1533477321814255
2023-12-15,7880,7890,7150,7320,223171,-0.06632653061224492
2023-12-18,7620,8130,7320,7580,490449,0.03551912568306004
2023-12-19,7500,7630,7240,7320,112160,-0.03430079155672827
2023-12-20,7380,7510,7170,7330,61311,0.001366120218579292
2023-12-21,7370,7370,6940,7070,67556,-0.03547066848567526
2023-12-22,7450,7590,7050,7140,97782,0.00990099009900991
2023-12-26,7100,7130,6900,6960,34148,-0.025210084033613467
2023-12-27,6960,7050,6810,7030,22055,0.010057471264367734
2023-12-28,7090,7100,6890,7090,28770,0.008534850640113723
2024-01-02,7080,7450,6930,7380,54983,0.04090267983074747
2024-01-03,7230,7240,7060,7120,22587,-0.035230352303523005
2024-01-04,7090,7300,7010,7080,19274,-0.005617977528089901
2024-01-05,7150,7150,7000,7090,19308,0.0014124293785311437
2024-01-08,7170,7170,7010,7090,6403,0.0
2024-01-09,7180,7240,7030,7090,8247,0.0
2024-01-10,7130,7130,6890,6900,13709,-0.026798307475317307
2024-01-11,6880,6930,6650,6880,13357,-0.0028985507246376274
2024-01-12,6860,7030,6810,6900,9099,0.0029069767441860517
2024-01-15,6860,6970,6770,6850,2723,-0.007246376811594235
2024-01-16,6880,6920,6660,6670,8204,-0.026277372262773713
2024-01-17,6690,6940,6410,6510,11226,-0.02398800599700146
2024-01-18,6540,6650,6400,6500,6027,-0.001536098310291889
2024-01-19,6610,7000,6610,6860,16241,0.055384615384615365
2024-01-22,6940,7170,6860,7050,15018,0.0276967930029155
2024-01-23,7130,7160,6770,6890,10725,-0.02269503546099294
2024-01-24,7300,8600,6970,7120,956124,0.03338171262699574
2024-01-25,7040,7050,6750,6920,60564,-0.028089887640449396
2024-01-26,6930,6930,6660,6700,26051,-0.03179190751445082
2024-01-29,6710,7400,6710,7010,138936,0.04626865671641789
2024-01-30,7100,7100,6750,6900,18506,-0.015691868758915817
2024-01-31,6810,6940,6760,6770,7857,-0.018840579710144967
2024-02-01,6770,6770,6530,6600,11881,-0.025110782865583436
2024-02-02,6610,6850,6610,6700,11959,0.015151515151515138
2024-02-05,6770,6830,6590,6670,3923,-0.004477611940298498
2024-02-06,6610,6690,6500,6610,10371,-0.008995502248875575
2024-02-07,6600,6600,6520,6570,2305,-0.006051437216338829
2024-02-08,6620,6780,6580,6660,7579,0.013698630136986356
2024-02-13,6700,7980,6700,7020,418994,0.054054054054053946
2024-02-14,6820,7240,6780,7040,52548,0.002849002849002913
2024-02-15,7080,7650,7010,7240,96060,0.02840909090909083
2024-02-16,7230,7260,7050,7190,22018,-0.006906077348066253
2024-02-19,7220,7300,7090,7250,26559,0.008344923504867818
2024-02-20,7220,7220,7080,7150,12025,-0.01379310344827589
2024-02-21,7110,7180,7030,7150,11055,0.0
2024-02-22,7220,7380,7110,7280,31201,0.018181818181818077
2024-02-23,7350,7350,7140,7200,9619,-0.01098901098901095
2024-02-26,7090,7250,7030,7070,7618,-0.018055555555555602
2024-02-27,7070,7070,6940,6960,5892,-0.01555869872701554
2024-02-28,6960,7120,6960,7000,3166,0.005747126436781658
2024-02-29,6990,6990,6850,6900,5638,-0.014285714285714235
2024-03-04,6920,7170,6920,7150,14807,0.03623188405797095
2024-03-05,7200,7200,7000,7050,4588,-0.013986013986013957
2024-03-06,7000,7190,6910,7080,12255,0.004255319148936065
2024-03-07,7140,7200,6860,6990,18428,-0.012711864406779627
2024-03-08,7000,7190,6960,7070,7404,0.011444921316166035
2024-03-11,7030,7030,6920,6960,3188,-0.01555869872701554
2024-03-12,7030,7030,6680,6950,9720,-0.001436781609195359
2024-03-13,7000,7000,6670,6790,18718,-0.02302158273381294
2024-03-14,6790,6790,6560,6630,8461,-0.02356406480117823
2024-03-15,6610,6650,6450,6610,10688,-0.003016591251885359
2024-03-18,6640,6690,6520,6680,4588,0.010590015128593144
2024-03-19,6690,6690,6530,6650,735,-0.004491017964071808
2024-03-20,6650,6940,6560,6940,8816,0.043609022556390986
2024-03-21,6850,7010,6850,6960,5014,0.0028818443804035088
2024-03-22,7000,7000,6710,6820,4670,-0.02011494252873558
2024-03-25,6720,6800,6600,6730,4987,-0.01319648093841641
2024-03-26,6730,6830,6650,6710,2456,-0.002971768202080227
2024-03-27,6690,6740,6530,6600,5546,-0.016393442622950838
2024-03-28,6660,6670,6360,6580,9484,-0.00303030303030305
2024-03-29,6610,6610,6500,6610,2676,0.004559270516717229
2024-04-01,6670,6950,6600,6840,6497,0.03479576399394846
2024-04-02,6880,7020,6620,6910,7664,0.01023391812865504
2024-04-03,6950,6950,6720,6920,2849,0.0014471780028944004
2024-04-04,6880,7080,6800,7010,13476,0.013005780346820872
2024-04-05,6900,6950,6750,6810,5017,-0.02853067047075608
2024-04-08,6850,6860,6590,6640,2633,-0.02496328928046987
2024-04-09,6660,6680,6560,6620,4785,-0.003012048192771122
2024-04-11,6610,6610,6520,6580,2302,-0.0060422960725075026
2024-04-12,6580,6680,6580,6630,2351,0.0075987841945288626
2024-04-15,6550,6620,6500,6610,1388,-0.003016591251885359
2024-04-16,6350,6640,6320,6350,3263,-0.039334341906202774
2024-04-17,6350,6540,6350,6530,1856,0.02834645669291347
2024-04-18,6520,6700,6460,6700,4390,0.026033690658499253
2024-04-19,6650,6650,6350,6600,1640,-0.014925373134328401
2024-04-22,6560,6560,6380,6500,4929,-0.015151515151515138
2024-04-23,6540,6540,6430,6470,3630,-0.004615384615384577
2024-04-24,6520,6650,6470,6590,8964,0.018547140649149974
2024-04-25,6570,6570,6410,6540,4160,-0.007587253414264028
2024-04-26,6540,6540,6400,6530,4065,-0.001529051987767538
2024-04-29,6540,6670,6470,6570,2379,0.006125574272588086
2024-04-30,6670,6670,6510,6570,1183,0.0
2024-05-02,6500,6580,6500,6560,373,-0.0015220700152207556
2024-05-03,6640,6670,6530,6620,1749,0.009146341463414531
2024-05-07,6570,6680,6570,6680,2060,0.009063444108761365
2024-05-08,6690,6690,6600,6630,240,-0.007485029940119792
2024-05-09,6670,6670,6550,6550,3136,-0.012066365007541435
2024-05-10,6610,6610,6450,6570,1076,0.003053435114503733
2024-05-13,6560,6560,6410,6440,3624,-0.019786910197869156
2024-05-14,6500,6540,6420,6520,2226,0.012422360248447228
2024-05-16,6520,6690,6510,6670,4765,0.02300613496932513
2024-05-17,6560,6620,6370,6490,3617,-0.026986506746626726
2024-05-20,6500,6500,6120,6460,4446,-0.0046224961479198745
2024-05-21,6490,6550,6380,6540,2739,0.01238390092879249
2024-05-22,6540,6580,6420,6580,1629,0.006116207951070374
2024-05-23,6580,6660,6500,6640,1938,0.00911854103343468
2024-05-24,6680,6680,6460,6590,793,-0.0075301204819276935
2024-05-27,6590,6640,6440,6500,1521,-0.01365705614567525
2024-05-28,6450,6670,6420,6670,2248,0.026153846153846194
2024-05-29,6640,6830,6640,6660,10336,-0.0014992503748125774
2024-05-30,6560,6750,6430,6730,2641,0.010510510510510551
2024-05-31,6730,6800,6610,6790,2744,0.008915304606240682
2024-06-03,6700,6820,6700,6800,435,0.0014727540500736325
2024-06-04,6800,6820,6550,6780,1355,-0.002941176470588225
2024-06-05,6790,6850,6650,6810,2025,0.004424778761061843
2024-06-07,6840,6840,6730,6810,4706,0.0
2024-06-10,6650,6810,6610,6790,6244,-0.002936857562408246
2024-06-11,6790,6810,6610,6800,5018,0.0014727540500736325
2024-06-12,6790,6870,6780,6870,4618,0.010294117647058787
2024-06-13,6870,7150,6870,7110,21978,0.03493449781659397
2024-06-14,7100,7180,6970,7100,4836,-0.0014064697609000865
2024-06-17,7000,7100,6810,7080,1825,-0.0028169014084507005
2024-06-18,7080,7130,6920,7070,3878,-0.0014124293785310327
2024-06-19,7070,7120,7020,7070,1004,0.0
2024-06-20,6950,7110,6950,7090,1047,0.0028288543140029265
2024-06-21,7090,7090,6960,6990,2210,-0.014104372355430161
2024-06-24,7080,7080,6850,7040,956,0.007153075822603716
2024-06-25,6940,7040,6610,7040,3786,0.0
2024-06-26,7030,7110,6970,7100,1150,0.008522727272727293
2024-06-27,6980,7100,6980,7040,896,-0.008450704225352101
2024-06-28,7040,7080,6970,7020,388,-0.0028409090909090606
2024-07-01,7070,7440,7070,7210,28419,0.027065527065527117
2024-07-02,7160,7220,7090,7170,6533,-0.00554785020804438
2024-07-03,7180,7240,7100,7170,2253,0.0
2024-07-04,7300,7430,7200,7280,16905,0.015341701534170138
2024-07-05,7330,7330,7120,7160,3211,-0.016483516483516536
2024-07-08,7160,7250,7070,7240,3700,0.011173184357541999
2024-07-09,7240,7240,7100,7210,4046,-0.004143646408839796
2024-07-10,7160,7220,7000,7190,2036,-0.00277392510402219
2024-07-11,7190,7250,7030,7120,1767,-0.009735744089012566
2024-07-12,7120,7140,7000,7090,872,-0.004213483146067398
2024-07-15,7090,7090,6950,7080,1567,-0.0014104372355430161
2024-07-16,7080,7130,6900,7100,2170,0.0028248587570620654
2024-07-17,7100,7110,6780,6920,3393,-0.025352112676056304
2024-07-18,6900,7050,6800,6830,3457,-0.013005780346820761
2024-07-19,6870,7080,6720,6900,1368,0.01024890190336758
2024-07-22,6900,6920,6690,6790,1983,-0.01594202898550723
2024-07-23,6810,6850,6660,6780,2420,-0.0014727540500736325
2024-07-24,6720,6940,6700,6790,2428,0.001474926253687281
2024-07-25,6710,6710,6600,6690,1265,-0.014727540500736325
2024-07-26,6700,6870,6620,6710,390,0.002989536621823552
2024-07-29,6710,6730,6630,6720,1285,0.0014903129657228842
2024-07-30,6660,6740,6520,6690,1158,-0.004464285714285698
2024-07-31,6690,6790,6610,6770,452,0.01195814648729443
2024-08-01,6810,6920,6740,6890,574,0.017725258493352936
2024-08-02,6730,6780,6650,6650,394,-0.03483309143686497
2024-08-05,6550,6550,5440,5890,5400,-0.11428571428571432
2024-08-06,5890,6300,5890,6290,1938,0.06791171477079794
2024-08-07,6300,6300,6160,6210,528,-0.012718600953895098
2024-08-08,6140,6290,6070,6260,267,0.008051529790660261
2024-08-09,6290,6470,6290,6490,491,0.036741214057508076
2024-08-12,6380,6530,6380,6510,483,0.0030816640986133237
2024-08-13,6400,6450,6140,6390,1972,-0.018433179723502335
2024-08-14,6470,6490,6260,6390,172,0.0
2024-08-16,6480,6480,6250,6280,636,-0.017214397496087663
2024-08-19,6350,6370,6100,6170,1524,-0.017515923566879033
2024-08-20,6010,6220,6010,6210,1889,0.006482982171799101
2024-08-21,6210,6210,6010,6190,1171,-0.0032206119162641045
2024-08-22,6220,6220,6050,6110,3983,-0.012924071082390909
2024-08-23,6100,6100,5960,6020,1406,-0.014729950900163713
2024-08-26,6040,6080,6010,6030,3351,0.0016611295681063787
2024-08-27,6060,6090,5950,6090,122,0.00995024875621886
2024-08-28,6090,6140,6080,6140,334,0.008210180623973828
2024-08-29,6050,6100,5940,6020,1342,-0.019543973941368087
2024-08-30,6050,6120,5950,6120,167,0.01661129568106312
2024-09-02,6060,6060,6010,6050,139,-0.011437908496731986
2024-09-03,6090,6090,5970,6090,334,0.006611570247933907
2024-09-04,5930,6090,5930,6040,228,-0.008210180623973717
2024-09-05,6040,6110,5800,5940,497,-0.01655629139072845
2024-09-06,5940,5940,5610,5820,2954,-0.02020202020202022
2024-09-09,5560,5790,5560,5780,2158,-0.0068728522336769515
2024-09-10,5670,5840,5670,5780,571,0.0
2024-09-11,5770,5820,5610,5660,2753,-0.02076124567474047
2024-09-12,5690,5850,5690,5720,5397,0.010600706713780994
2024-09-13,5960,7300,5840,5840,309881,0.020979020979021046
2024-09-19,6000,6590,5880,6040,103960,0.03424657534246567
2024-09-20,6150,6760,5930,6110,77079,0.011589403973509826
2024-09-23,5980,6000,5800,5810,14042,-0.04909983633387893
2024-09-24,5810,5850,5750,5790,3910,-0.0034423407917383297
2024-09-25,5900,5900,5520,5790,2879,0.0
2024-09-26,5910,5970,5820,5900,6471,0.01899827288428324
2024-09-27,5880,5920,5810,5810,1981,-0.015254237288135575
2024-09-30,5750,5870,5690,5760,3002,-0.008605851979345935
2024-10-02,5700,5800,5560,5740,1578,-0.00347222222222221
2024-10-04,5790,5810,5680,5740,1985,0.0
2024-10-07,5740,5900,5630,5860,2308,0.020905923344947785
2024-10-08,5800,5950,5800,5830,8100,-0.005119453924914641
2024-10-10,5830,5880,5720,5830,2446,0.0
2024-10-11,5790,5900,5770,5850,881,0.0034305317324185847
2024-10-14,5830,5990,5810,5850,2839,0.0
2024-10-15,5890,5920,5830,5900,1037,0.008547008547008517
2024-10-16,5880,5880,5750,5860,310,-0.006779661016949157
2024-10-17,5770,5880,5770,5810,2189,-0.008532423208191142
2024-10-18,5790,5870,5770,5780,354,-0.005163511187607606
2024-10-21,5790,5890,5670,5870,1612,0.015570934256055269
2024-10-22,5840,5870,5670,5770,2284,-0.017035775127768327
2024-10-23,5670,5800,5670,5800,176,0.005199306759098743
2024-10-24,5840,5860,5620,5620,1610,-0.03103448275862064
2024-10-25,5600,5700,5550,5610,871,-0.001779359430605032
2024-10-28,5620,5830,5550,5820,1227,0.03743315508021383
2024-10-29,5990,5990,5550,5820,332,0.0
2024-10-30,5710,5800,5680,5680,463,-0.02405498281786944
2024-10-31,5700,5750,5510,5680,2736,0.0
2024-11-01,5650,5650,5570,5650,351,-0.005281690140845119
2024-11-04,5690,5980,5500,5810,760,0.02831858407079646
2024-11-05,5790,5840,5610,5820,566,0.001721170395869276
2024-11-06,5780,5900,5740,5790,414,-0.005154639175257714
2024-11-07,5800,5800,5620,5710,1434,-0.013816925734024155
2024-11-08,5740,5740,5660,5720,128,0.0017513134851139256
2024-11-11,5700,5750,5400,5430,3801,-0.05069930069930073
2024-11-12,5430,5430,5240,5260,481,-0.03130755064456725
2024-11-13,5340,5340,5080,5080,1107,-0.034220532319391594
2024-11-14,5150,5150,5010,5060,117,-0.003937007874015741
2024-11-15,5070,5190,4920,5110,552,0.009881422924901129
2024-11-18,5180,5290,5180,5290,67,0.03522504892367917
2024-11-19,5200,5280,5160,5190,431,-0.018903591682419618
2024-11-20,5190,5190,5100,5170,860,-0.003853564547206201
2024-11-21,5150,5280,5090,5280,129,0.02127659574468077
2024-11-22,5240,5440,5240,5350,436,0.01325757575757569
2024-11-25,5350,5430,5330,5430,137,0.01495327102803734
2024-11-26,5340,5450,5220,5410,271,-0.0036832412523020164
2024-11-27,5380,5440,5200,5200,2420,-0.038817005545286554
2024-11-28,5210,5290,5150,5180,2294,-0.0038461538461538325
2024-11-29,5100,5200,5100,5180,12,0.0
2024-12-02,5180,6520,5050,5050,168796,-0.025096525096525046
2024-12-03,5140,5140,4740,5060,10151,0.001980198019801982
2024-12-04,4905,5040,4810,4915,4811,-0.028656126482213384
2024-12-05,4930,5150,4930,4930,2011,0.003051881993896277
2024-12-06,4925,5000,4750,4830,2642,-0.020283975659229236
2024-12-09,4740,4860,4550,4570,1353,-0.053830227743271175
2024-12-10,4670,4850,4585,4815,1526,0.05361050328227579
2024-12-11,4820,4960,4820,4850,1067,0.007268951194184803
2024-12-12,4850,5040,4800,4855,458,0.0010309278350515427
2024-12-13,4855,5050,4750,4935,4877,0.016477857878475888
2024-12-16,5030,5040,4935,5040,960,0.02127659574468077
2024-12-17,5160,5190,4850,5120,2940,0.015873015873015817
2024-12-18,5060,5100,5060,5100,14,-0.00390625
2024-12-19,5210,5210,4850,5010,1807,-0.01764705882352946
2024-12-20,5000,5010,4930,5010,419,0.0
2024-12-23,4905,6010,4905,5140,122452,0.02594810379241519
2024-12-24,5080,5200,4980,5140,12281,0.0
2024-12-26,5100,5100,4940,5000,4964,-0.027237354085603127
2024-12-27,4920,5060,4920,5010,399,0.0020000000000000018
2024-12-30,4925,5040,4925,5030,331,0.003992015968063978
2025-01-02,5050,5090,5010,5080,1596,0.00994035785288272
2025-01-03,4990,5140,4990,5140,428,0.011811023622047223
2025-01-06,5170,5270,5170,5270,1457,0.02529182879377423
2025-01-07,5270,5300,5220,5260,1341,-0.00189753320683117
2025-01-08,5260,5310,5230,5290,1035,0.005703422053231932
2025-01-09,5320,5320,5220,5280,19,-0.001890359168241984
2025-01-10,5220,5310,5200,5310,151,0.005681818181818121
2025-01-13,5260,5290,5220,5240,1104,-0.013182674199623379
2025-01-14,5260,5270,5190,5240,75,0.0
2025-01-15,5260,5300,5120,5120,2143,-0.022900763358778664
2025-01-16,5150,5230,4910,5220,2868,0.01953125
2025-01-17,5220,5280,5160,5260,2041,0.00766283524904221
2025-01-20,5290,5360,5230,5340,3207,0.015209125475285079
2025-01-21,5360,5430,5260,5370,1162,0.00561797752808979
2025-01-22,5410,5690,5310,5410,2854,0.007448789571694592
2025-01-23,5560,5570,5380,5470,87,0.01109057301293892
2025-01-24,5470,5700,5400,5540,2569,0.01279707495429605
2025-01-31,5540,5640,5450,5540,430,0.0
2025-02-03,5440,5530,5350,5400,561,-0.02527075812274371
2025-02-04,5590,5720,5250,5470,2245,0.012962962962963065
2025-02-05,5590,5590,5440,5520,65,0.009140767824497242
2025-02-06,5520,5710,5300,5330,6210,-0.034420289855072506
2025-02-07,5440,5650,5360,5530,2554,0.03752345215759845
2025-02-10,5500,5520,5260,5520,2161,-0.001808318264014508
2025-02-11,5480,5660,5480,5570,839,0.009057971014492683
2025-02-12,5500,5700,5420,5560,129,-0.0017953321364452268
2025-02-13,5560,5700,5470,5510,289,-0.008992805755395739
2025-02-14,5710,6490,5520,5790,210623,0.05081669691470059
2025-02-17,6080,6140,5800,5910,29546,0.020725388601036343
2025-02-18,6030,6040,5850,6040,4653,0.021996615905245376
2025-02-19,6040,6150,5970,6140,6156,0.01655629139072845
2025-02-20,6050,6140,5970,5980,314,-0.026058631921824116
2025-02-21,6030,6130,5850,5940,511,-0.006688963210702337
2025-02-24,5770,6050,5710,6020,1031,0.013468013468013407
2025-02-25,5920,6150,5750,6000,1368,-0.0033222591362126463
2025-02-26,5800,6130,5800,6010,1794,0.0016666666666667052
2025-02-27,5880,6080,5830,5920,952,-0.014975041597337757
2025-02-28,5700,5970,5700,5860,415,-0.010135135135135087
2025-03-04,6110,6110,5700,5890,1588,0.005119453924914641
2025-03-05,5890,5940,5810,5840,435,-0.008488964346349714
2025-03-06,5820,5950,5530,5620,5408,-0.03767123287671237
2025-03-07,5440,5920,5400,5750,3691,0.02313167259786475
2025-03-10,5740,5820,5640,5720,1218,-0.00521739130434784
2025-03-11,5730,5750,5570,5650,215,-0.012237762237762184
2025-03-12,5790,6490,5560,5710,25518,0.010619469026548645
2025-03-13,5710,5750,5540,5630,2046,-0.014010507880910628
2025-03-14,5650,5900,5640,5750,573,0.02131438721136769
2025-03-17,5850,5850,5630,5850,3925,0.017391304347825987
2025-03-18,5870,5870,5750,5800,203,-0.008547008547008517
2025-03-19,5840,6130,5710,5890,3348,0.01551724137931032
2025-03-20,5860,5940,5850,5920,1046,0.005093378607809784
2025-03-21,5800,6080,5800,5970,3443,0.008445945945946054
2025-03-24,5900,6550,5900,6040,16753,0.011725293132328396
2025-03-25,6050,6090,5850,5870,1838,-0.028145695364238388
2025-03-26,5870,5980,5850,5970,898,0.017035775127768327
2025-03-27,5880,5970,5880,5920,408,-0.008375209380234505
2025-03-28,5840,6030,5810,5870,148,-0.008445945945945943
2025-03-31,5800,6030,5800,5870,439,0.0
2025-04-01,5890,6050,5890,5920,579,0.008517887563884052
2025-04-02,5910,5910,5900,5900,43,-0.0033783783783783994
2025-04-03,5920,5980,5920,5950,281,0.008474576271186418
2025-04-04,5710,6010,5710,5790,148,-0.026890756302521024
2025-04-07,5790,5790,5350,5370,2093,-0.07253886010362698
2025-04-08,5600,5600,5460,5520,219,0.027932960893854775
2025-04-09,5400,5490,5320,5350,850,-0.030797101449275388
2025-04-10,5600,6050,5510,5670,1040,0.059813084112149584
2025-04-11,5570,5720,5530,5650,486,-0.003527336860670194
2025-04-14,5650,5790,5650,5790,419,0.024778761061946986
2025-04-15,5790,5980,5755,5760,6059,-0.005181347150259086
2025-04-16,5750,5860,5510,5770,179,0.0017361111111111605
2025-04-17,5750,5870,5750,5860,110,0.015597920277296451
2025-04-18,5810,5940,5810,5900,121,0.006825938566553003
2025-04-21,5840,5980,5840,5970,87,0.011864406779660941
2025-04-22,5880,5950,5880,5920,737,-0.008375209380234505
2025-04-23,5920,6070,5900,5950,1659,0.0050675675675675436
2025-04-24,5940,6050,5940,5970,463,0.003361344537815114
2025-04-25,5970,6080,5840,5990,1160,0.003350083752093891
2025-04-28,5960,6080,5960,6000,358,0.0016694490818029983
2025-04-29,5970,6080,5840,6050,1034,0.008333333333333304
2025-04-30,6070,6080,5900,5920,3051,-0.02148760330578514
2025-05-02,6080,6080,5950,6040,19,0.020270270270270174
2025-05-07,6000,6040,5850,5990,9432,-0.008278145695364225
2025-05-08,6060,6060,5810,5810,3516,-0.03005008347245408
2025-05-09,5810,5930,5680,5690,4651,-0.02065404475043031
2025-05-12,5900,5900,5560,5850,2083,0.02811950790861162
2025-05-13,5880,5930,5800,5810,1547,-0.006837606837606813
2025-05-14,5810,6020,5810,5920,359,0.018932874354561147
2025-05-15,5820,6020,5820,5970,1594,0.008445945945946054
2025-05-16,6000,6000,5870,5950,200,-0.00335008375209378
2025-05-19,5880,5990,5680,5800,3843,-0.025210084033613467
2025-05-20,5800,5850,5540,5640,3695,-0.02758620689655178
2025-05-21,5660,5660,5350,5360,13141,-0.049645390070921946
2025-05-22,5560,5560,5290,5300,5057,-0.011194029850746245
2025-05-23,5460,5460,5300,5330,1704,0.005660377358490676
2025-05-26,5630,5630,5420,5440,237,0.02063789868667909
2025-05-27,5370,5570,5370,5440,163,0.0
2025-05-28,5350,5500,5350,5480,740,0.007352941176470562
2025-05-29,5580,5580,5400,5550,448,0.012773722627737127
2025-05-30,5610,5610,5420,5420,1158,-0.023423423423423406
2025-06-02,5500,5500,5330,5430,2544,0.0018450184501845879
2025-06-04,5330,5570,5330,5490,2259,0.011049723756906049
2025-06-05,5370,5680,5370,5680,1465,0.03460837887067392
2025-06-09,5700,5720,5520,5700,301,0.0035211267605634866
2025-06-10,5600,5720,5600,5710,172,0.0017543859649122862
2025-06-11,5620,5850,5600,5840,6445,0.022767075306479923
2025-06-12,5770,5900,5740,5870,1560,0.005136986301369939
2025-06-13,5700,5890,5700,5880,1500,0.0017035775127767216
2025-06-16,5770,5900,5640,5900,180,0.00340136054421758
2025-06-17,5900,6050,5800,5900,2661,0.0
2025-06-18,6060,6060,5900,5900,290,0.0
2025-06-19,5900,6060,5830,5920,573,0.003389830508474523
2025-06-20,5910,6080,5780,5780,4362,-0.023648648648648685
2025-06-23,5820,5820,5730,5730,119,-0.00865051903114189
2025-06-24,5780,5940,5470,5940,2178,0.03664921465968596
2025-06-25,5960,5980,5800,5950,84,0.0016835016835017313
2025-06-26,5990,5990,5720,5940,807,-0.001680672268907557
2025-06-27,5940,5960,5900,5930,118,-0.0016835016835017313
2025-06-30,5800,6000,5800,5930,288,0.0
2025-07-01,6020,6020,5660,5920,3066,-0.001686340640809414
2025-07-02,5920,5920,5700,5920,1626,0.0
2025-07-03,5920,6000,5800,5990,1241,0.011824324324324342
2025-07-04,5980,5980,5830,5970,74,-0.0033388981636059967
2025-07-07,5950,5970,5740,5950,321,-0.00335008375209378
2025-07-08,5890,6060,5890,6060,2022,0.018487394957983128
2025-07-09,5910,6060,5910,6060,377,0.0
2025-07-10,6000,6070,6000,6050,127,-0.0016501650165016146
2025-07-11,6020,6090,6010,6090,252,0.006611570247933907
2025-07-14,6080,6090,5970,6070,25,-0.003284072249589487
2025-07-15,6000,6190,5910,6120,1482,0.008237232289950658
2025-07-16,6180,6200,6050,6200,2346,0.013071895424836555
2025-07-17,6200,6210,6110,6200,48,0.0
2025-07-18,6150,6220,6150,6200,110,0.0
2025-07-21,6180,6220,6040,6190,407,-0.001612903225806428
2025-07-22,6200,6200,6100,6200,467,0.001615508885298933
2025-07-23,6130,6190,6090,6180,237,-0.003225806451612856
2025-07-24,6180,6220,6080,6180,715,0.0
2025-07-25,6100,6190,6010,6120,3274,-0.009708737864077666
2025-07-28,6080,6170,6000,6160,384,0.006535947712418277
2025-07-29,6000,6140,5950,6130,653,-0.004870129870129913
2025-07-30,6130,6280,6130,6280,10123,0.02446982055464919
2025-07-31,6110,6270,6100,6240,307,-0.006369426751592355
2025-08-01,6300,6300,6020,6100,163,-0.022435897435897467
2025-08-04,6050,6150,5860,6150,194,0.008196721311475308
2025-08-05,6150,6200,6150,6190,153,0.006504065040650486
2025-08-06,6000,6180,6000,6170,17,-0.003231017770597755
2025-08-07,6170,6220,6000,6130,76,-0.00648298217179899
2025-08-08,6150,6290,6150,6230,519,0.01631321370309946
2025-08-11,6200,6230,6000,6120,1735,-0.017656500802568198
2025-08-12,6100,6100,6040,6090,18,-0.004901960784313708
2025-08-13,6100,6200,6060,6180,1236,0.014778325123152802
2025-08-14,6080,6200,6000,6200,208,0.003236245954692629
2025-08-18,6130,6190,6130,6190,12,-0.001612903225806428
2025-08-19,6150,6190,6130,6170,7,-0.003231017770597755
2025-08-20,6060,6170,6030,6050,203,-0.01944894651539708
2025-08-21,6090,6090,5820,6090,519,0.006611570247933907
2025-08-22,6030,6140,5950,6030,107,-0.009852216748768461
2025-08-25,6000,6100,5750,6080,841,0.008291873963515828
2025-08-26,6080,6080,5990,6070,111,-0.00164473684210531
2025-08-27,6020,6140,6020,6140,71,0.011532125205930832
2025-08-28,6100,6140,6100,6140,9,0.0
2025-08-29,6110,6150,6110,6140,293,0.0
2025-09-01,6150,6150,6000,6130,152,-0.0016286644951140072
2025-09-02,6040,6130,6010,6130,168,0.0
2025-09-03,6100,6150,6100,6100,22,-0.004893964110929905
2025-09-04,6100,6150,6000,6140,117,0.006557377049180246
2025-09-05,6140,6170,6080,6150,1121,0.0016286644951140072
2025-09-08,6130,6180,6130,6150,83,0.0
2025-09-09,6140,7170,6140,6580,81327,0.06991869918699178
2025-09-10,6820,6880,6670,6720,15590,0.02127659574468077
2025-09-11,6750,6900,6660,6730,1215,0.0014880952380953438
2025-09-12,6740,6860,6560,6770,11743,0.005943536404160454
2025-09-15,6810,6900,6600,6780,2510,0.001477104874446189
2025-09-16,6780,6800,6740,6790,987,0.001474926253687281
2025-09-17,6610,6760,6610,6690,337,-0.014727540500736325
2025-09-18,6650,6830,6600,6770,1648,0.01195814648729443
2025-09-19,6770,6920,6750,6780,1346,0.001477104874446189
2025-09-22,6780,6940,6780,6930,1933,0.022123893805309658
2025-09-23,6900,6960,6790,6810,1941,-0.017316017316017285
2025-09-24,6800,6900,6570,6870,722,0.008810572687224738
2025-09-25,6900,6900,6640,6830,2123,-0.005822416302765698
2025-09-26,6810,6830,6550,6740,1923,-0.013177159590043952
2025-09-29,6800,6800,6700,6800,1902,0.008902077151335286
2025-09-30,6830,7100,6810,7020,11270,0.032352941176470695
2025-10-01,7110,7350,7030,7250,47220,0.03276353276353272
2025-10-02,7370,9420,7180,7910,1040740,0.0910344827586207
2025-10-10,8050,9430,8050,8140,558423,0.029077117572692712
2025-10-13,7760,7970,7400,7460,63950,-0.08353808353808356
2025-10-14,7540,7950,7140,7280,43063,-0.024128686327077764
2025-10-15,7370,7380,7090,7270,13077,-0.0013736263736263687
2025-10-16,7300,7300,7060,7200,16563,-0.009628610729023435
2025-10-17,7160,9160,7050,8070,608839,0.12083333333333335
2025-10-20,8090,8090,7560,7780,57247,-0.035935563816604676
2025-10-21,7930,9470,7700,8040,635984,0.033419023136246784
2025-10-22,7990,8200,7560,8120,33816,0.00995024875621886
2025-10-23,8000,8980,7770,8510,71569,0.04802955665024622
2025-10-24,8590,8630,8200,8450,26136,-0.007050528789659172
2025-10-27,8520,8930,8480,8550,17833,0.01183431952662728
2025-10-28,8540,8580,8070,8180,20849,-0.04327485380116958
2025-10-29,8190,8390,8010,8250,13919,0.008557457212713837
2025-10-30,8180,8180,7800,7800,12000,-0.054545454545454564
2025-10-31,7800,8000,7450,7900,5991,0.012820512820512775
2025-11-03,7850,7970,7620,7620,17659,-0.03544303797468351
2025-11-04,7630,7790,7500,7590,6933,-0.003937007874015741
2025-11-05,7560,8590,7150,8240,65676,0.08563899868247704
2025-11-06,8250,8550,7930,8300,12700,0.00728155339805836
2025-11-07,8250,8270,7850,7910,3701,-0.04698795180722892
2025-11-10,7850,8110,7670,8100,2765,0.02402022756005051
2025-11-11,8040,10110,8040,8570,404227,0.05802469135802468
2025-11-12,8580,9880,8380,9250,188532,0.07934655775962662
2025-11-13,8880,9490,8860,9190,32709,-0.006486486486486531
2025-11-14,8840,9080,8730,8810,10330,-0.041349292709466856
2025-11-17,9230,11450,9230,11450,213925,0.2996594778660613
2025-11-18,11010,12250,9540,10310,567875,-0.09956331877729263
2025-11-19,10500,12760,9340,11680,565737,0.1328806983511155
2025-11-20,12250,12600,11040,11190,78811,-0.04195205479452058
2025-11-21,10600,10820,9560,9680,109094,-0.1349419124218052
2025-11-24,9870,9940,9390,9710,34648,0.0030991735537189147
2025-11-25,10290,10590,9820,10210,51803,0.05149330587023693
2025-11-26,10240,10300,9950,10240,18071,0.002938295788442735
2025-11-27,10500,10620,10000,10620,25620,0.037109375
2025-11-28,10650,10690,10010,10230,34001,-0.03672316384180796
2025-12-01,10190,11690,10180,10910,164960,0.06647116324535673
2025-12-02,11010,11380,10410,10680,31330,-0.02108157653528875
2025-12-03,10680,11260,10680,11020,24251,0.03183520599250933
2025-12-04,10900,10900,10070,10450,17016,-0.051724137931034475
2025-12-05,10750,11320,10620,11180,54754,0.06985645933014362
2025-12-08,11290,11510,10820,11390,34839,0.01878354203935606
2025-12-09,11430,11970,11150,11820,32042,0.037752414398595224
2025-12-10,11760,12360,11660,12290,38691,0.03976311336717431
2025-12-11,12410,13230,12310,12870,42724,0.04719283970707888
2025-12-12,12870,12870,11610,11830,37273,-0.08080808080808077
2025-12-15,11350,11400,10700,11030,38483,-0.06762468300929836
2025-12-16,11000,11000,10090,10190,37761,-0.07615593834995471
2025-12-17,10190,10580,10190,10410,17849,0.02158979391560356
2025-12-18,10170,10590,9950,10590,16487,0.01729106628242083
2025-12-19,10700,10920,10030,10890,17232,0.028328611898017053
2025-12-22,10950,11480,10950,11400,12723,0.04683195592286493
2025-12-23,11310,11500,10670,11260,19507,-0.012280701754386003
2025-12-24,11340,11440,11120,11140,11024,-0.010657193605683846
2025-12-26,11230,11560,11050,11520,23977,0.03411131059245953
2025-12-29,11620,13130,11610,12900,63176,0.11979166666666674
2025-12-30,12950,14800,12520,14000,99548,0.0852713178294573
2026-01-02,14190,14190,12990,13510,40295,-0.03500000000000003
2026-01-05,13690,13950,13070,13900,26793,0.02886750555144335
2026-01-06,13750,13960,13180,13740,18290,-0.01151079136690647
2026-01-07,13850,14890,13680,14610,38829,0.06331877729257651
2026-01-08,14310,15480,13870,13930,21545,-0.04654346338124571
2026-01-09,13630,14290,13120,14010,30526,0.005743000717875146
2026-01-12,14050,14690,14050,14400,11064,0.027837259100642386
2026-01-13,14500,15340,14300,15310,21882,0.06319444444444455
2026-01-14,15320,16040,15110,15580,15359,0.017635532331809367
2026-01-15,15630,19500,15500,18990,160777,0.21887034659820293
2026-01-16,18840,20000,18300,19280,27912,0.015271195365982093
2026-01-19,19280,19680,18410,19170,19198,-0.005705394190871349
2026-01-20,19170,19380,17350,17700,37003,-0.07668231611893583
2026-01-21,17600,18690,17070,17250,26288,-0.025423728813559365
2026-01-22,17600,18990,16820,18110,36800,0.04985507246376808
2026-01-23,17900,18990,17710,18140,22434,0.001656543346217454
2026-01-26,18200,19890,17820,19850,27326,0.0942668136714444
2026-01-27,19750,19750,18050,18250,23587,-0.08060453400503775
2026-01-28,18770,19400,18430,18780,14929,0.02904109589041104
2026-01-29,19230,19680,17950,19450,22528,0.035676251331203446
2026-01-30,19450,21500,19450,19990,35712,0.027763496143958788
2026-02-02,19210,20050,18250,18400,21714,-0.07953976988494249
2026-02-03,19180,19180,17000,17500,32565,-0.048913043478260865
2026-02-04,17500,17500,16070,16490,34185,-0.05771428571428572
