Date,Open,High,Low,Close,Volume,Change
2022-01-03,5390,5600,5270,5550,1469033,0.03738317757009346
2022-01-04,5580,5760,5430,5600,1353367,0.009009009009008917
2022-01-05,5600,5850,5410,5720,2382510,0.021428571428571352
2022-01-06,5550,5730,5420,5420,895439,-0.05244755244755239
2022-01-07,5420,5520,5310,5340,366091,-0.014760147601476037
2022-01-10,5340,5360,5120,5180,301241,-0.029962546816479363
2022-01-11,5160,5280,5020,5240,394282,0.01158301158301156
2022-01-12,5310,6810,5310,6810,38669274,0.29961832061068705
2022-01-13,6730,6950,6520,6570,13554699,-0.03524229074889873
2022-01-14,6680,8040,6660,7040,42708349,0.07153729071537285
2022-01-17,7120,7370,6840,6840,8323737,-0.02840909090909094
2022-01-18,6730,6740,6340,6540,3507154,-0.04385964912280704
2022-01-19,6370,6600,6310,6600,2433001,0.00917431192660545
2022-01-20,6490,6540,6210,6490,2472471,-0.01666666666666672
2022-01-21,6370,6680,6250,6540,4200501,0.007704160246533087
2022-01-24,6350,6350,6080,6210,1326360,-0.050458715596330306
2022-01-25,6240,6680,5640,5640,7811172,-0.09178743961352653
2022-01-26,5550,5850,5400,5580,2169765,-0.010638297872340385
2022-01-27,5610,5700,4885,4890,1909855,-0.12365591397849462
2022-01-28,4960,5330,4885,5170,1532306,0.05725971370143146
2022-02-03,5280,5480,5230,5320,885274,0.029013539651837617
2022-02-04,5320,5660,5270,5610,1465467,0.05451127819548862
2022-02-07,5660,5670,5440,5650,582786,0.007130124777183555
2022-02-08,5600,5680,5340,5400,684913,-0.04424778761061943
2022-02-09,5510,5890,5470,5680,2050789,0.051851851851851816
2022-02-10,5700,5770,5600,5650,513776,-0.005281690140845119
2022-02-11,5510,5690,5380,5380,576884,-0.04778761061946901
2022-02-14,5230,5350,4985,5000,775336,-0.07063197026022305
2022-02-15,5000,5130,4900,4910,496548,-0.018000000000000016
2022-02-16,5040,5450,5040,5220,958369,0.06313645621181263
2022-02-17,5220,5410,5050,5250,544264,0.005747126436781658
2022-02-18,5140,5360,5120,5280,240055,0.005714285714285783
2022-02-21,5270,5450,5150,5300,493855,0.0037878787878788955
2022-02-22,5340,5780,5340,5400,3894709,0.018867924528301883
2022-02-23,5450,5500,5350,5430,512109,0.005555555555555536
2022-02-24,5330,5400,5060,5090,651335,-0.06261510128913439
2022-02-25,5220,5850,5220,5470,5183252,0.07465618860510803
2022-02-28,5470,5780,5410,5610,1622671,0.025594149908592323
2022-03-02,5550,5730,5500,5610,838810,0.0
2022-03-03,5710,6180,5610,6020,5348162,0.07308377896613183
2022-03-04,5860,5970,5720,5770,1545179,-0.0415282392026578
2022-03-07,5630,5700,5460,5460,572116,-0.05372616984402079
2022-03-08,5330,5740,5290,5550,796929,0.016483516483516425
2022-03-10,5700,5790,5630,5730,740819,0.03243243243243232
2022-03-11,5700,5820,5600,5600,547815,-0.022687609075043635
2022-03-14,5660,5730,5530,5560,430245,-0.0071428571428571175
2022-03-15,5580,5740,5560,5560,536481,0.0
2022-03-16,5700,5920,5660,5780,1407694,0.03956834532374098
2022-03-17,5840,5890,5740,5740,649885,-0.00692041522491349
2022-03-18,5720,5920,5700,5850,1174719,0.019163763066202044
2022-03-21,5850,6050,5820,5860,1459393,0.0017094017094017033
2022-03-22,5810,6030,5800,5930,832247,0.011945392491467643
2022-03-23,6010,6020,5850,5900,578415,-0.005059021922428353
2022-03-24,5900,6130,5810,5970,786423,0.011864406779660941
2022-03-25,5990,6020,5920,5920,543847,-0.008375209380234505
2022-03-28,5910,6010,5840,5870,444577,-0.008445945945945943
2022-03-29,5980,5980,5850,5870,238412,0.0
2022-03-30,5930,6000,5880,5910,464020,0.006814310051107331
2022-03-31,5910,6020,5870,5890,499835,-0.0033840947546531774
2022-04-01,5850,5910,5730,5870,434964,-0.00339558573853993
2022-04-04,5840,5870,5790,5850,250170,-0.0034071550255536653
2022-04-05,5880,6000,5840,5900,625032,0.008547008547008517
2022-04-06,5860,5880,5770,5780,256268,-0.02033898305084747
2022-04-07,5750,5900,5710,5750,402103,-0.00519031141868509
2022-04-08,5720,6020,5710,5880,807472,0.022608695652173827
2022-04-11,5880,6040,5860,5920,642695,0.006802721088435382
2022-04-12,5770,5860,5610,5660,438726,-0.04391891891891897
2022-04-13,5660,5810,5630,5680,217172,0.0035335689045936647
2022-04-14,6000,6440,5810,5870,10842025,0.03345070422535201
2022-04-15,5890,5890,5700,5770,585377,-0.017035775127768327
2022-04-18,5690,5790,5670,5670,444886,-0.017331022530329254
2022-04-19,5640,5730,5620,5710,315192,0.007054673721340388
2022-04-20,5740,5780,5660,5690,313650,-0.003502626970227629
2022-04-21,5660,5750,5660,5710,229508,0.0035149384885764245
2022-04-22,5680,5680,5500,5540,372823,-0.02977232924693518
2022-04-25,5430,5840,5380,5450,646600,-0.016245487364620947
2022-04-26,5470,5590,5470,5520,169732,0.012844036697247763
2022-04-27,5370,5380,5050,5350,274498,-0.030797101449275388
2022-04-28,5380,5480,5290,5320,140330,-0.005607476635513975
2022-04-29,5330,5580,5330,5360,280537,0.007518796992481258
2022-05-02,5290,5330,5210,5270,159756,-0.016791044776119368
2022-05-03,5330,5410,5270,5320,223841,0.009487666034155628
2022-05-04,5350,5600,5350,5380,502962,0.011278195488721776
2022-05-06,5300,5390,5270,5370,138757,-0.0018587360594795044
2022-05-09,5310,5460,5100,5130,311725,-0.04469273743016755
2022-05-10,4980,5090,4895,5030,274140,-0.01949317738791423
2022-05-11,4960,5080,4960,5000,145574,-0.005964214711729587
2022-05-12,4905,4970,4715,4735,281127,-0.05300000000000005
2022-05-13,4720,4950,4720,4875,174331,0.029567053854276715
2022-05-16,4885,5180,4885,4995,259488,0.024615384615384706
2022-05-17,4980,5180,4940,5150,175889,0.03103103103103111
2022-05-18,5170,5270,5120,5180,185492,0.005825242718446644
2022-05-19,4960,5130,4960,5100,130762,-0.015444015444015413
2022-05-20,5150,5180,5090,5140,98064,0.007843137254901933
2022-05-23,5140,5240,5110,5130,82849,-0.0019455252918287869
2022-05-24,5100,5170,5070,5080,120136,-0.00974658869395717
2022-05-25,5080,5540,5040,5100,1223040,0.003937007874015741
2022-05-26,5100,5490,5070,5220,1673617,0.0235294117647058
2022-05-27,5300,5340,5170,5200,271936,-0.003831417624521105
2022-05-30,5210,5270,5180,5230,127072,0.005769230769230749
2022-05-31,5280,5380,5230,5260,240069,0.005736137667303964
2022-06-02,5310,5310,5210,5240,98601,-0.0038022813688213253
2022-06-03,5250,5310,5220,5220,111001,-0.003816793893129722
2022-06-07,5220,5220,5070,5110,185100,-0.021072796934865856
2022-06-08,5150,5210,5100,5140,129853,0.005870841487279899
2022-06-09,5100,5140,4970,5000,156239,-0.027237354085603127
2022-06-10,5000,5030,4925,4955,173724,-0.009000000000000008
2022-06-13,4760,4925,4745,4775,257425,-0.03632694248234103
2022-06-14,4605,4715,4485,4540,417230,-0.049214659685863915
2022-06-15,4450,4560,4135,4220,515522,-0.07048458149779735
2022-06-16,4230,4520,4230,4320,359426,0.023696682464454888
2022-06-17,4160,4320,4120,4275,182862,-0.01041666666666663
2022-06-20,4285,4325,3905,3950,299881,-0.07602339181286555
2022-06-21,3950,4240,3925,4010,332411,0.0151898734177216
2022-06-22,4015,4115,3795,3810,174489,-0.04987531172069826
2022-06-23,3785,3925,3575,3575,237185,-0.061679790026246684
2022-06-24,3515,3815,3515,3785,182796,0.058741258741258795
2022-06-27,3845,4095,3835,4060,179561,0.07265521796565388
2022-06-28,4060,4185,4055,4105,120272,0.011083743842364546
2022-06-29,4020,4220,4010,4165,165680,0.014616321559074219
2022-06-30,4180,4230,3980,3985,154601,-0.043217286914765896
2022-07-01,4000,4080,3860,3905,95245,-0.020075282308657516
2022-07-04,3910,3970,3760,3855,114777,-0.012804097311139517
2022-07-05,3870,4800,3850,4310,4286578,0.11802853437094685
2022-07-06,4335,4400,4195,4235,645569,-0.01740139211136893
2022-07-07,4235,4745,4140,4380,5189608,0.03423848878394331
2022-07-08,4430,4460,4340,4340,436034,-0.0091324200913242
2022-07-11,4390,4480,4275,4275,373663,-0.01497695852534564
2022-07-12,4215,4460,4160,4160,289809,-0.026900584795321647
2022-07-13,4160,4640,4080,4265,2223813,0.02524038461538458
2022-07-14,4230,4495,4200,4315,691270,0.011723329425556761
2022-07-15,4345,4470,4270,4360,551148,0.010428736964078755
2022-07-18,4400,4455,4370,4430,255526,0.016055045871559592
2022-07-19,4360,4465,4360,4430,219831,0.0
2022-07-20,4495,4515,4400,4405,249488,-0.0056433408577878375
2022-07-21,4460,4470,4385,4410,126287,0.0011350737797957144
2022-07-22,4450,4730,4430,4480,1419582,0.015873015873015817
2022-07-25,4490,5040,4455,4605,6119541,0.02790178571428581
2022-07-26,4600,4610,4500,4500,502185,-0.0228013029315961
2022-07-27,4490,4570,4410,4540,254437,0.008888888888888946
2022-07-28,4595,4845,4580,4700,1270286,0.03524229074889873
2022-07-29,4835,4880,4700,4715,528422,0.0031914893617022155
2022-08-01,4715,4780,4650,4675,255155,-0.008483563096500557
2022-08-02,4675,4680,4580,4630,173143,-0.009625668449197877
2022-08-03,4600,4770,4590,4750,264859,0.02591792656587466
2022-08-04,4755,4765,4720,4745,132869,-0.001052631578947416
2022-08-05,4775,4775,4660,4695,146265,-0.010537407797681753
2022-08-08,4690,4835,4650,4770,258388,0.015974440894568787
2022-08-09,4775,4785,4670,4745,134647,-0.00524109014675056
2022-08-10,4750,4840,4655,4655,230403,-0.018967334035827177
2022-08-11,4685,4790,4685,4730,208787,0.01611170784103111
2022-08-12,4730,4810,4730,4760,173288,0.00634249471458781
2022-08-16,4760,4810,4740,4740,169794,-0.004201680672268893
2022-08-17,4740,4760,4575,4615,181841,-0.026371308016877593
2022-08-18,4560,4585,4500,4570,102019,-0.009750812567713929
2022-08-19,4550,4660,4520,4530,102655,-0.008752735229759279
2022-08-22,4450,4500,4155,4385,139110,-0.03200883002207511
2022-08-23,4225,4720,4225,4295,634225,-0.02052451539338651
2022-08-24,4295,4505,4295,4415,151686,0.0279394644935973
2022-08-25,4435,4575,4435,4510,121096,0.021517553793884536
2022-08-26,4565,4620,4500,4530,131085,0.0044345898004434225
2022-08-29,4395,4425,4310,4390,78668,-0.030905077262693204
2022-08-30,4355,4485,4355,4480,71516,0.0205011389521641
2022-08-31,4340,4570,4340,4570,77508,0.02008928571428581
2022-09-01,4450,4590,4450,4515,130978,-0.012035010940919078
2022-09-02,4520,4585,4415,4415,65768,-0.022148394241417457
2022-09-05,4410,4660,4380,4380,545015,-0.007927519818799578
2022-09-06,4380,4670,4380,4510,405492,0.029680365296803624
2022-09-07,4515,4520,4385,4395,125120,-0.0254988913525499
2022-09-08,4420,4510,4300,4375,188026,-0.004550625711035261
2022-09-13,4405,4565,4405,4565,152029,0.04342857142857137
2022-09-14,4400,4640,4360,4500,134659,-0.014238773274917849
2022-09-15,4520,4580,4440,4505,96685,0.0011111111111110628
2022-09-16,4440,4570,4375,4400,119447,-0.023307436182020025
2022-09-19,4425,4500,4160,4225,156019,-0.03977272727272729
2022-09-20,4225,4360,4225,4270,66619,0.010650887573964596
2022-09-21,4290,4410,4240,4280,94896,0.0023419203747072626
2022-09-22,4205,4305,4080,4210,64450,-0.016355140186915862
2022-09-23,4200,4240,4040,4075,88709,-0.03206650831353919
2022-09-26,4075,4075,3670,3705,310567,-0.09079754601226997
2022-09-27,3600,3780,3600,3765,162569,0.0161943319838056
2022-09-28,3695,3815,3500,3505,192938,-0.06905710491367867
2022-09-29,3545,3890,3510,3510,326824,0.0014265335235377208
2022-09-30,3425,3600,3405,3560,115799,0.014245014245014342
2022-10-04,3610,3800,3610,3775,122462,0.06039325842696619
2022-10-05,3775,3915,3720,3795,102801,0.005298013245033095
2022-10-06,3770,3890,3770,3835,78604,0.010540184453228019
2022-10-07,3785,3880,3785,3830,44263,-0.0013037809647978849
2022-10-11,3785,3785,3600,3600,77721,-0.06005221932114879
2022-10-12,3585,3740,3580,3610,67188,0.002777777777777768
2022-10-13,3570,3625,3360,3375,135945,-0.0650969529085873
2022-10-14,3425,3565,3425,3545,53260,0.0503703703703704
2022-10-17,3475,3590,3470,3590,30152,0.012693935119887145
2022-10-18,3690,3690,3470,3610,67960,0.0055710306406684396
2022-10-19,3655,3675,3535,3535,36383,-0.020775623268698085
2022-10-20,3495,3565,3450,3470,63401,-0.018387553041018356
2022-10-21,3425,3490,3355,3450,106150,-0.0057636887608069065
2022-10-24,3485,3565,3485,3505,57117,0.01594202898550723
2022-10-25,3510,3590,3505,3515,44641,0.0028530670470756636
2022-10-26,3560,4540,3490,3845,8732331,0.09388335704125184
2022-10-27,3895,4575,3890,4105,10174235,0.06762028608582571
2022-10-28,4165,4240,3905,3920,1220450,-0.045066991473812434
2022-10-31,3955,4065,3940,3940,641402,0.005102040816326481
2022-11-01,4100,4440,4010,4050,2816275,0.027918781725888353
2022-11-02,4080,4080,3930,4010,258255,-0.00987654320987652
2022-11-03,3865,4325,3860,4085,1303270,0.018703241895261735
2022-11-04,4005,4925,3930,4565,10858518,0.11750305997552024
2022-11-07,4730,5140,4635,4765,9131248,0.04381161007667034
2022-11-08,4765,4940,4690,4725,2402902,-0.008394543546694666
2022-11-09,4740,4880,4710,4770,1285544,0.00952380952380949
2022-11-10,4725,4860,4565,4685,697289,-0.017819706498951815
2022-11-11,4780,4880,4720,4720,707780,0.007470651013874008
2022-11-14,4790,5070,4775,4840,2758298,0.025423728813559254
2022-11-15,4870,4995,4765,4825,854368,-0.0030991735537190257
2022-11-16,4890,5170,4710,5050,2058008,0.04663212435233155
2022-11-17,5000,5010,4845,4885,488744,-0.0326732673267327
2022-11-18,4950,4950,4720,4720,374701,-0.03377686796315249
2022-11-21,4730,4800,4620,4765,260220,0.009533898305084776
2022-11-22,4730,4845,4725,4750,211945,-0.0031479538300105414
2022-11-23,4800,4935,4710,4765,557925,0.0031578947368420263
2022-11-24,4765,4845,4700,4820,182862,0.011542497376705096
2022-11-25,4800,4840,4720,4760,448401,-0.012448132780082943
2022-11-28,5210,5690,5050,5150,13018525,0.08193277310924363
2022-11-29,5070,5300,4985,5100,1841305,-0.009708737864077666
2022-11-30,5330,5560,5130,5310,5160172,0.04117647058823537
2022-12-01,5310,5460,5250,5350,1430938,0.007532956685499137
2022-12-02,5410,5740,5320,5460,5202072,0.020560747663551426
2022-12-05,5440,5500,5080,5260,1303188,-0.03663003663003661
2022-12-06,5100,5350,5090,5140,724732,-0.02281368821292773
2022-12-07,4895,4895,4455,4455,1391627,-0.13326848249027234
2022-12-08,4400,4485,4280,4475,476965,0.004489337822671136
2022-12-09,4470,4535,4405,4460,313810,-0.003351955307262622
2022-12-12,4440,4460,4355,4400,147658,-0.013452914798206317
2022-12-13,4400,4445,4330,4375,123272,-0.005681818181818232
2022-12-14,4355,4550,4355,4480,172344,0.02400000000000002
2022-12-15,4425,4780,4425,4545,740950,0.014508928571428603
2022-12-16,4535,4535,4380,4470,190258,-0.01650165016501648
2022-12-19,4425,4450,4375,4375,111346,-0.021252796420581643
2022-12-20,4345,4405,4260,4260,123699,-0.026285714285714246
2022-12-21,4255,4480,4225,4265,185536,0.0011737089201877549
2022-12-22,4270,5490,4270,4995,14375315,0.17116060961313018
2022-12-23,4800,4940,4620,4735,2585101,-0.0520520520520521
2022-12-26,4615,4680,4450,4605,1176484,-0.02745512143611406
2022-12-27,4540,4650,4510,4555,1037052,-0.010857763300760048
2022-12-28,4480,4585,4455,4485,557042,-0.015367727771679496
2022-12-29,4440,4475,4305,4400,394170,-0.018952062430323324
2023-01-02,4400,4485,4275,4305,318691,-0.021590909090909105
2023-01-03,4270,4350,4110,4325,335414,0.004645760743321681
2023-01-04,4255,4685,4255,4440,1746666,0.026589595375722475
2023-01-05,4450,4555,4380,4395,321773,-0.010135135135135087
2023-01-06,4545,4645,4285,4535,1048167,0.03185437997724683
2023-01-09,4575,4675,4575,4600,391581,0.014332965821389099
2023-01-10,4600,4700,4600,4660,398849,0.01304347826086949
2023-01-11,4665,4935,4665,4720,1010715,0.012875536480686733
2023-01-12,4720,4755,4645,4645,191624,-0.01588983050847459
2023-01-13,4645,4715,4605,4660,193945,0.0032292787944026013
2023-01-16,4680,4740,4660,4710,222878,0.010729613733905685
2023-01-17,4710,4750,4620,4675,163263,-0.007430997876857748
2023-01-18,4780,4800,4630,4635,274752,-0.00855614973262031
2023-01-19,4640,4675,4545,4615,146569,-0.004314994606256728
2023-01-20,4620,4795,4600,4705,376804,0.019501625135427858
2023-01-25,4745,4755,4690,4720,260320,0.0031880977683316214
2023-01-26,4700,4780,4700,4770,213680,0.010593220338983134
2023-01-27,4815,4820,4745,4775,274888,0.0010482180293500676
2023-01-30,4780,4835,4660,4810,317888,0.00732984293193728
2023-01-31,4740,4850,4735,4790,214153,-0.004158004158004158
2023-02-01,4805,4870,4720,4760,250114,-0.006263048016701411
2023-02-02,4820,4980,4545,4835,716819,0.015756302521008347
2023-02-03,4825,4860,4775,4780,206630,-0.011375387797311287
2023-02-06,4750,4840,4715,4755,149299,-0.005230125523012608
2023-02-07,4755,4875,4750,4825,215052,0.014721345951629772
2023-02-08,4840,5130,4810,4945,1191906,0.024870466321243567
2023-02-09,4940,5230,4885,4990,1362837,0.009100101112234471
2023-02-10,5060,5300,5010,5110,2053027,0.024048096192384794
2023-02-13,5060,5070,4870,4880,561705,-0.045009784735812186
2023-02-14,4880,5270,4880,5140,1730860,0.05327868852459017
2023-02-15,5150,5210,4880,4900,787700,-0.046692607003890996
2023-02-16,4910,5080,4910,4970,330435,0.014285714285714235
2023-02-17,4900,5020,4860,4905,270081,-0.013078470824949728
2023-02-20,4935,5020,4820,5020,208122,0.023445463812436396
2023-02-21,5040,5200,4980,5130,515083,0.021912350597609542
2023-02-22,5120,5200,4900,4930,718459,-0.03898635477582846
2023-02-23,4945,5160,4945,4955,649026,0.005070993914807254
2023-02-24,5000,5020,4765,4780,467980,-0.0353178607467205
2023-02-27,4720,4825,4625,4700,322183,-0.01673640167364021
2023-02-28,4780,4810,4725,4745,185598,0.009574468085106425
2023-03-02,4745,4865,4730,4815,213850,0.01475237091675452
2023-03-03,4825,4915,4825,4830,216015,0.0031152647975076775
2023-03-06,4920,5070,4820,5050,491974,0.04554865424430643
2023-03-07,5030,5120,4950,5060,320730,0.001980198019801982
2023-03-08,5050,5080,4935,4940,260577,-0.02371541501976282
2023-03-09,4935,5010,4880,4990,232314,0.010121457489878471
2023-03-10,4950,4950,4735,4735,402526,-0.05110220440881763
2023-03-13,4690,4730,4480,4665,263560,-0.014783526927138357
2023-03-14,4550,4600,4275,4300,396229,-0.07824222936763126
2023-03-15,4390,4565,4385,4505,209585,0.04767441860465116
2023-03-16,4495,4535,4340,4450,151056,-0.01220865704772478
2023-03-17,4495,4690,4495,4640,202629,0.04269662921348316
2023-03-20,4640,4705,4580,4650,81205,0.0021551724137931494
2023-03-21,4660,4695,4540,4570,126751,-0.017204301075268824
2023-03-22,4615,4615,4495,4540,106044,-0.006564551422319487
2023-03-23,4530,4585,4425,4500,115893,-0.008810572687224627
2023-03-24,4500,4645,4450,4640,149586,0.03111111111111109
2023-03-27,4635,4635,4490,4600,141520,-0.008620689655172376
2023-03-28,4580,5390,4570,4955,3996557,0.07717391304347831
2023-03-29,4925,4965,4825,4880,474854,-0.015136226034308753
2023-03-30,4880,4975,4870,4880,332685,0.0
2023-03-31,4925,5030,4900,4905,511955,0.0051229508196721785
2023-04-03,4960,5030,4900,4950,344879,0.00917431192660545
2023-04-04,4950,4995,4805,4910,286454,-0.008080808080808133
2023-04-05,5200,5300,5050,5200,1929531,0.05906313645621175
2023-04-06,5110,5190,4975,5090,553710,-0.02115384615384619
2023-04-07,5200,5750,5120,5320,6954631,0.04518664047151266
2023-04-10,5320,5410,5150,5260,1097730,-0.011278195488721776
2023-04-11,5280,5460,5200,5380,975618,0.02281368821292773
2023-04-12,5440,5690,5240,5650,1883921,0.05018587360594795
2023-04-13,6060,6850,5830,5860,15029476,0.03716814159292037
2023-04-14,5870,6040,5700,5940,1734766,0.013651877133105783
2023-04-17,5910,5910,5600,5670,1028665,-0.045454545454545414
2023-04-18,5670,5850,5600,5620,1126117,-0.00881834215167554
2023-04-19,5600,5780,5460,5690,720839,0.01245551601423478
2023-04-20,5620,5770,5380,5450,736252,-0.04217926186291743
2023-04-21,5330,5480,5280,5310,417453,-0.025688073394495414
2023-04-24,5240,5340,5000,5210,439708,-0.01883239171374762
2023-04-25,5120,5300,4975,5090,383450,-0.02303262955854124
2023-04-26,5070,5280,5010,5060,283457,-0.005893909626719096
2023-04-27,5060,5410,4960,5280,1228156,0.04347826086956519
2023-04-28,5310,5650,5040,5150,2022671,-0.024621212121212155
2023-05-02,5120,5310,5080,5250,354825,0.01941747572815533
2023-05-03,5230,5450,5120,5400,491118,0.02857142857142847
2023-05-04,5400,5630,5350,5420,932708,0.0037037037037037646
2023-05-08,5530,5570,5350,5430,343400,0.0018450184501845879
2023-05-09,5380,5410,5210,5320,245624,-0.02025782688766109
2023-05-10,5280,5600,5270,5370,963042,0.009398496240601517
2023-05-11,5390,5540,5340,5460,350267,0.016759776536312776
2023-05-12,5420,5590,5160,5230,821092,-0.042124542124542086
2023-05-15,5190,5370,5060,5220,473717,-0.0019120458891013214
2023-05-16,5290,5530,5180,5280,1056145,0.011494252873563315
2023-05-17,5260,5490,5190,5430,472320,0.02840909090909083
2023-05-18,5410,5540,5410,5530,347866,0.018416206261510082
2023-05-19,5500,5750,5440,5510,917439,-0.003616636528028905
2023-05-22,5520,5610,5440,5550,370515,0.007259528130671544
2023-05-23,5550,5730,5530,5650,702527,0.018018018018018056
2023-05-24,5650,5650,5470,5540,341692,-0.019469026548672552
2023-05-25,5510,5650,5470,5630,432993,0.016245487364620947
2023-05-26,5790,5950,5550,5890,1464906,0.04618117229129659
2023-05-30,5750,6250,5690,5950,3414452,0.01018675721561979
2023-05-31,5920,5930,5690,5690,747461,-0.043697478991596594
2023-06-01,5790,5920,5450,5680,635762,-0.0017574692442882123
2023-06-02,5690,5800,5630,5740,346820,0.010563380281690238
2023-06-05,5760,5990,5670,5950,857021,0.03658536585365857
2023-06-07,5980,6010,5780,5810,527198,-0.02352941176470591
2023-06-08,5850,5910,5680,5820,428665,0.001721170395869276
2023-06-09,5830,5830,5720,5770,280374,-0.00859106529209619
2023-06-12,5770,5800,5630,5690,304626,-0.013864818024263426
2023-06-13,5700,5830,5660,5670,461545,-0.0035149384885764245
2023-06-14,5680,5740,5330,5430,668470,-0.042328042328042326
2023-06-15,5470,5560,5390,5530,202783,0.018416206261510082
2023-06-16,5530,5580,5450,5460,144022,-0.012658227848101222
2023-06-19,5490,5530,5360,5500,141954,0.0073260073260073
2023-06-20,5430,5540,5250,5300,315833,-0.036363636363636376
2023-06-21,5310,5380,5220,5240,243252,-0.01132075471698113
2023-06-22,5270,5300,5160,5190,127153,-0.009541984732824416
2023-06-23,5220,5240,5120,5180,109698,-0.0019267822736031004
2023-06-26,5150,5270,5120,5230,148385,0.009652509652509744
2023-06-27,5220,5920,5140,5330,4263714,0.019120458891013437
2023-06-28,5340,5410,5230,5270,532039,-0.011257035647279534
2023-06-29,5250,5290,5160,5190,282572,-0.015180265654648917
2023-06-30,5190,5370,5170,5370,389432,0.034682080924855585
2023-07-03,5390,5700,5340,5630,968133,0.04841713221601496
2023-07-04,5600,5790,5560,5680,619203,0.008880994671403242
2023-07-05,5660,5740,5570,5660,359037,-0.0035211267605633756
2023-07-06,5690,5790,5480,5540,444492,-0.021201413427561877
2023-07-07,5450,5580,5350,5380,215203,-0.028880866425992746
2023-07-10,5360,5470,5270,5350,163277,-0.005576208178438624
2023-07-11,5350,5460,5280,5350,158270,0.0
2023-07-12,5410,5570,5310,5570,325118,0.04112149532710285
2023-07-13,5540,5540,5440,5460,197990,-0.019748653500897717
2023-07-14,5600,5850,5450,5760,1281852,0.05494505494505497
2023-07-17,5800,6030,5660,5820,1533300,0.01041666666666674
2023-07-18,5790,5920,5720,5820,482050,0.0
2023-07-19,5850,5940,5570,5650,530760,-0.029209621993127155
2023-07-20,5690,5920,5600,5840,751241,0.03362831858407089
2023-07-21,5730,5770,5640,5670,283001,-0.02910958904109584
2023-07-24,5670,5690,5260,5330,545833,-0.059964726631393295
2023-07-25,5300,5390,5100,5150,350534,-0.0337711069418386
2023-07-26,5120,5150,4655,4790,694111,-0.06990291262135917
2023-07-27,4760,4975,4760,4890,211682,0.02087682672233826
2023-07-28,4830,5080,4820,5020,150631,0.026584867075664542
2023-07-31,5080,5090,4995,5010,183415,-0.0019920318725099584
2023-08-01,5010,5070,4950,5020,144775,0.001996007984031989
2023-08-02,4960,5070,4835,4870,175911,-0.029880478087649376
2023-08-03,4865,4870,4715,4815,209508,-0.011293634496919891
2023-08-04,4785,4855,4750,4770,114950,-0.009345794392523366
2023-08-07,4785,4785,4580,4650,202553,-0.02515723270440251
2023-08-08,4650,4710,4580,4580,109505,-0.01505376344086018
2023-08-09,4585,4850,4505,4790,96450,0.04585152838427953
2023-08-10,4745,4780,4650,4675,90220,-0.024008350730688965
2023-08-11,4670,4885,4670,4800,142440,0.02673796791443861
2023-08-14,4845,4850,4655,4765,104091,-0.007291666666666696
2023-08-16,4655,4700,4540,4595,165965,-0.03567681007345225
2023-08-17,4515,4760,4355,4555,196274,-0.008705114254624613
2023-08-18,4465,4685,4460,4620,111724,0.014270032930845167
2023-08-21,4575,4665,4575,4650,48146,0.006493506493506551
2023-08-22,4610,4670,4580,4600,79200,-0.010752688172043001
2023-08-23,4600,4720,4560,4650,87777,0.010869565217391353
2023-08-24,4660,4730,4625,4670,63727,0.004301075268817289
2023-08-25,4600,4655,4600,4640,87260,-0.0064239828693790635
2023-08-28,4610,4735,4565,4730,112345,0.0193965517241379
2023-08-29,4755,4845,4715,4720,112902,-0.0021141649048626032
2023-08-30,4750,4875,4745,4810,115309,0.019067796610169552
2023-08-31,4800,4860,4720,4750,91188,-0.012474012474012475
2023-09-01,4750,5170,4710,4785,979568,0.007368421052631469
2023-09-04,4835,5100,4770,5020,637329,0.04911180773249746
2023-09-05,4970,5000,4850,4940,313352,-0.015936254980079667
2023-09-06,4900,4965,4850,4860,127930,-0.01619433198380571
2023-09-07,4820,4885,4755,4755,92518,-0.021604938271604923
2023-09-08,4700,4870,4700,4755,89841,0.0
2023-09-11,4755,4845,4700,4755,58743,0.0
2023-09-12,4760,4825,4745,4780,97269,0.00525762355415349
2023-09-13,4780,5090,4740,4830,1296305,0.010460251046025215
2023-09-14,4830,4910,4810,4825,196165,-0.0010351966873706209
2023-09-15,4825,4865,4550,4670,341663,-0.032124352331606265
2023-09-18,4625,4630,4515,4520,168472,-0.032119914346895095
2023-09-19,4515,4570,4370,4425,126256,-0.021017699115044253
2023-09-20,4410,4495,4385,4415,53507,-0.002259887005649719
2023-09-21,4385,4415,4200,4200,209138,-0.04869762174405434
2023-09-22,4150,4560,4100,4210,240538,0.0023809523809523725
2023-09-25,4135,4210,4020,4050,115770,-0.038004750593824244
2023-09-26,3995,4065,3975,3985,75520,-0.016049382716049387
2023-09-27,3965,4140,3925,4130,72906,0.03638644918444167
2023-10-04,4035,4125,3910,3930,85389,-0.048426150121065326
2023-10-05,3930,4015,3850,3850,73167,-0.020356234096692072
2023-10-06,3765,3985,3755,3975,42066,0.032467532467532534
2023-10-10,4000,4165,3950,4110,223833,0.03396226415094339
2023-10-11,4060,4170,4060,4115,120519,0.0012165450121655041
2023-10-12,4130,4185,4120,4155,54748,0.009720534629404698
2023-10-13,4155,4160,4035,4110,48370,-0.010830324909747335
2023-10-16,4025,4085,3960,4045,85930,-0.015815085158150888
2023-10-17,4045,4170,4045,4120,37355,0.018541409147095234
2023-10-18,4080,4190,4035,4070,65168,-0.012135922330097082
2023-10-19,4010,4035,3885,3890,127717,-0.04422604422604426
2023-10-20,3820,3890,3650,3775,205782,-0.029562982005141403
2023-10-23,3620,3835,3620,3670,69161,-0.027814569536423805
2023-10-24,3670,3870,3570,3860,79560,0.05177111716621252
2023-10-25,3845,3970,3840,3915,65143,0.014248704663212486
2023-10-26,3870,3870,3700,3730,44956,-0.047254150702426556
2023-10-27,3745,3795,3650,3680,70027,-0.013404825737265424
2023-10-30,3690,3835,3690,3835,56808,0.04211956521739135
2023-10-31,3830,3900,3665,3665,78540,-0.044328552803129084
2023-11-01,3670,3795,3670,3725,29205,0.016371077762619368
2023-11-02,3820,3910,3745,3890,50562,0.04429530201342291
2023-11-03,3925,3965,3895,3940,51285,0.01285347043701801
2023-11-06,4000,4085,3940,4080,84269,0.035532994923857864
2023-11-07,4060,4070,3940,4020,41484,-0.014705882352941124
2023-11-08,4020,4085,4005,4010,26638,-0.0024875621890547706
2023-11-09,3970,4010,3940,3980,27335,-0.007481296758104716
2023-11-10,3980,4000,3855,3945,39828,-0.008793969849246186
2023-11-13,4015,4115,3900,3910,153926,-0.008871989860583018
2023-11-14,3890,4100,3890,4100,78465,0.04859335038363177
2023-11-15,4150,4220,4145,4170,123073,0.017073170731707332
2023-11-16,4190,4385,4170,4280,210180,0.026378896882494063
2023-11-17,4285,4305,4215,4280,49258,0.0
2023-11-20,4265,4320,4250,4290,65868,0.002336448598130758
2023-11-21,4325,4400,4305,4380,68630,0.020979020979021046
2023-11-22,4380,4395,4310,4345,41381,-0.007990867579908634
2023-11-23,4345,4370,4265,4280,43108,-0.014959723820483273
2023-11-24,4240,4300,4230,4260,72096,-0.004672897196261627
2023-11-27,4275,4430,4230,4335,59271,0.01760563380281699
2023-11-28,4340,4385,4310,4330,47460,-0.0011534025374856371
2023-11-29,4355,4355,4200,4280,33392,-0.011547344110854452
2023-11-30,4300,4340,4275,4275,39543,-0.001168224299065379
2023-12-01,4275,4395,4210,4315,54877,0.009356725146198785
2023-12-04,4305,4310,4215,4225,51485,-0.02085747392815762
2023-12-05,4115,4220,4090,4100,108153,-0.029585798816568087
2023-12-06,4080,4185,4080,4110,41055,0.0024390243902439046
2023-12-07,4100,4130,4055,4070,45233,-0.009732360097323589
2023-12-08,4070,4145,4070,4105,36660,0.008599508599508532
2023-12-11,4120,4195,4120,4190,60538,0.020706455542021995
2023-12-12,4200,4250,4170,4250,52049,0.014319809069212486
2023-12-13,4250,4270,4165,4195,72628,-0.012941176470588234
2023-12-14,4250,4270,4160,4220,68373,0.005959475566150285
2023-12-15,4220,4265,4155,4175,78798,-0.010663507109004766
2023-12-18,4175,4290,4155,4180,63301,0.0011976047904191933
2023-12-19,4160,4200,4140,4180,58673,0.0
2023-12-20,4220,4220,4125,4140,60521,-0.009569377990430672
2023-12-21,4100,4150,4025,4090,66864,-0.012077294685990392
2023-12-22,4135,4220,4060,4160,77824,0.017114914425427896
2023-12-26,4160,4185,4000,4095,178124,-0.015625
2023-12-27,4010,4095,4000,4060,44339,-0.008547008547008517
2023-12-28,4080,4130,4025,4130,37948,0.01724137931034475
2024-01-02,4085,4870,4085,4525,8759417,0.09564164648910412
2024-01-03,4555,4555,4405,4525,518308,0.0
2024-01-04,4450,4890,4420,4450,1708075,-0.016574585635359074
2024-01-05,4420,4540,4420,4465,245351,0.003370786516853963
2024-01-08,4475,4555,4445,4495,185486,0.006718924972004547
2024-01-09,4540,4550,4435,4465,174966,-0.006674082313681828
2024-01-10,4515,4515,4420,4430,136461,-0.007838745800671898
2024-01-11,4460,4700,4450,4490,691382,0.013544018058690765
2024-01-12,4490,4760,4445,4555,932827,0.014476614699331813
2024-01-15,4510,4600,4465,4555,187949,0.0
2024-01-16,4520,4940,4460,4640,1558383,0.01866081229418226
2024-01-17,4640,4665,4465,4520,276148,-0.025862068965517238
2024-01-18,4525,4575,4405,4520,173745,0.0
2024-01-19,4520,4655,4520,4555,197889,0.007743362831858391
2024-01-22,4600,4715,4555,4670,318006,0.02524698133918779
2024-01-23,4670,4680,4535,4580,218528,-0.01927194860813708
2024-01-24,4580,4580,4465,4525,197601,-0.012008733624454093
2024-01-25,4480,4490,4245,4275,366896,-0.05524861878453036
2024-01-26,4290,4350,4245,4315,122927,0.009356725146198785
2024-01-29,4315,4395,4235,4290,126187,-0.005793742757821518
2024-01-30,4270,4345,4150,4175,139975,-0.026806526806526842
2024-01-31,4180,4250,4125,4125,100299,-0.0119760479041916
2024-02-01,4110,4170,4055,4110,110209,-0.0036363636363636598
2024-02-02,4135,4270,4120,4255,118531,0.035279805352798066
2024-02-05,4250,4450,4240,4280,189834,0.005875440658049458
2024-02-06,4310,4340,4180,4215,54008,-0.015186915887850483
2024-02-07,4310,4425,4265,4295,177604,0.018979833926453082
2024-02-08,4320,4335,4240,4290,88099,-0.0011641443538998875
2024-02-13,4265,4310,4205,4295,83553,0.0011655011655011815
2024-02-14,4250,4315,4200,4315,117322,0.00465657741559955
2024-02-15,4330,4345,4270,4310,62951,-0.0011587485515642815
2024-02-16,4300,4355,4240,4335,110256,0.0058004640371229765
2024-02-19,4315,4370,4300,4350,80122,0.0034602076124568004
2024-02-20,4350,4505,4325,4400,355770,0.011494252873563315
2024-02-21,4435,4435,4315,4395,100043,-0.001136363636363602
2024-02-22,4410,4410,4335,4345,77693,-0.011376564277588153
2024-02-23,4330,4385,4285,4290,89192,-0.012658227848101222
2024-02-26,4290,4385,4290,4355,92509,0.015151515151515138
2024-02-27,4395,4395,4220,4270,88823,-0.019517795637198576
2024-02-28,4195,4260,4125,4170,232555,-0.023419203747072626
2024-02-29,4125,4140,4020,4085,210929,-0.020383693045563533
2024-03-04,4085,4175,4085,4135,69201,0.012239902080783294
2024-03-05,4135,4135,3885,4000,135702,-0.03264812575574361
2024-03-06,4000,4050,3960,3990,71532,-0.0024999999999999467
2024-03-07,3960,4020,3880,3995,117579,0.0012531328320801727
2024-03-08,3965,4015,3950,3995,52573,0.0
2024-03-11,3960,3980,3905,3925,64862,-0.017521902377972465
2024-03-12,3935,4075,3885,4050,128966,0.031847133757961776
2024-03-13,4090,4090,3955,3995,69356,-0.013580246913580285
2024-03-14,4045,4045,3925,3945,75738,-0.01251564455569465
2024-03-15,3945,3965,3895,3915,50396,-0.0076045627376425395
2024-03-18,3915,3945,3890,3915,53221,0.0
2024-03-19,3900,3915,3845,3875,78293,-0.010217113665389577
2024-03-20,3875,3900,3860,3880,38888,0.001290322580645098
2024-03-21,3905,3960,3900,3910,53414,0.0077319587628865705
2024-03-22,3995,3995,3910,3920,43895,0.002557544757033181
2024-03-25,3920,3955,3900,3910,39919,-0.0025510204081632404
2024-03-26,3910,3960,3875,3930,32752,0.005115089514066584
2024-03-27,3930,4105,3900,3995,247959,0.01653944020356235
2024-03-28,4010,4015,3940,3990,195080,-0.0012515644555695093
2024-03-29,3990,4010,3890,3890,81441,-0.02506265664160401
2024-04-01,3890,3975,3890,3960,57427,0.01799485861182526
2024-04-02,3955,3980,3870,3875,101183,-0.02146464646464652
2024-04-03,3875,3875,3800,3820,73926,-0.014193548387096744
2024-04-04,3825,3875,3760,3835,127979,0.003926701570680535
2024-04-05,3830,3850,3745,3775,64105,-0.01564537157757495
2024-04-08,3765,3785,3705,3710,64504,-0.017218543046357615
2024-04-09,3700,3760,3700,3710,57102,0.0
2024-04-11,3710,3710,3650,3695,35497,-0.0040431266846361336
2024-04-12,3675,3815,3670,3770,53313,0.020297699594046037
2024-04-15,3740,4345,3720,3985,3896027,0.05702917771883298
2024-04-16,3935,3935,3805,3830,346678,-0.038895859473023875
2024-04-17,3865,4250,3835,4000,2502047,0.044386422976501416
2024-04-18,3950,4185,3935,4030,359142,0.007500000000000062
2024-04-19,4010,4055,3900,3975,231822,-0.013647642679900707
2024-04-22,3945,4020,3915,3945,117331,-0.007547169811320753
2024-04-23,3930,3980,3825,3830,178294,-0.0291508238276299
2024-04-24,3835,4000,3835,3960,143049,0.03394255874673635
2024-04-25,3935,3965,3885,3895,88189,-0.016414141414141437
2024-04-26,3925,3945,3860,3870,80446,-0.006418485237484006
2024-04-29,3870,3940,3870,3930,77000,0.015503875968992276
2024-04-30,3950,4005,3910,3965,95702,0.008905852417302906
2024-05-02,3965,3985,3910,3970,65476,0.0012610340479193294
2024-05-03,3990,4040,3950,3950,59538,-0.005037783375314908
2024-05-07,4050,4050,3960,4020,141945,0.017721518987341867
2024-05-08,4050,4065,4015,4045,98729,0.006218905472636926
2024-05-09,4045,4070,3975,3975,72567,-0.017305315203955507
2024-05-10,3975,4080,3975,3980,76173,0.0012578616352201255
2024-05-13,3990,4050,3965,3965,106146,-0.0037688442211055717
2024-05-14,3980,4165,3965,4100,262836,0.034047919293821005
2024-05-16,4105,4120,4060,4080,84335,-0.004878048780487809
2024-05-17,4080,4200,4080,4115,193398,0.008578431372548989
2024-05-20,4105,4135,4010,4055,105559,-0.014580801944106936
2024-05-21,4050,4075,4020,4050,42480,-0.0012330456226880004
2024-05-22,4100,4100,4020,4020,57206,-0.007407407407407418
2024-05-23,4020,4180,4000,4120,105601,0.02487562189054726
2024-05-24,4095,4130,4055,4080,68300,-0.009708737864077666
2024-05-27,4080,4120,4000,4055,71346,-0.006127450980392135
2024-05-28,4050,4230,4025,4170,229122,0.02836004932182501
2024-05-29,4180,4180,4080,4085,87160,-0.020383693045563533
2024-05-30,4065,4105,3975,3985,92026,-0.0244798041615667
2024-05-31,3970,4020,3955,4000,83419,0.0037641154328733606
2024-06-03,3975,4070,3970,4015,39529,0.00374999999999992
2024-06-04,4020,4055,3925,3925,86131,-0.02241594022415938
2024-06-05,3925,3955,3880,3930,65278,0.001273885350318471
2024-06-07,3865,3950,3865,3880,115576,-0.012722646310432517
2024-06-10,3880,3945,3805,3875,110480,-0.0012886597938144284
2024-06-11,3945,3945,3825,3845,54199,-0.007741935483870921
2024-06-12,3865,3945,3865,3910,57954,0.016905071521456483
2024-06-13,3910,3980,3905,3940,44802,0.007672634271099765
2024-06-14,3940,3940,3840,3865,56539,-0.019035532994923887
2024-06-17,3865,3895,3815,3825,48744,-0.010349288486416586
2024-06-18,3800,3900,3775,3795,67630,-0.007843137254901933
2024-06-19,4000,4395,3875,3900,1727640,0.027667984189723382
2024-06-20,3905,3935,3895,3895,119070,-0.0012820512820512775
2024-06-21,3890,3900,3810,3830,117801,-0.016688061617458283
2024-06-24,3785,3880,3785,3795,83334,-0.009138381201044377
2024-06-25,3770,3835,3770,3805,51768,0.0026350461133068936
2024-06-26,3805,3855,3805,3830,29312,0.006570302233902758
2024-06-27,3830,3860,3805,3825,40810,-0.0013054830287205776
2024-06-28,3805,3855,3800,3800,67651,-0.006535947712418277
2024-07-01,3800,3830,3770,3785,47656,-0.003947368421052588
2024-07-02,3800,3800,3720,3745,57261,-0.010568031704095149
2024-07-03,3745,3765,3680,3715,56678,-0.008010680907877155
2024-07-04,3715,3750,3680,3715,46746,0.0
2024-07-05,3750,3765,3710,3740,42024,0.006729475100942128
2024-07-08,3780,3780,3690,3750,40808,0.002673796791443861
2024-07-09,3740,3790,3730,3770,29867,0.005333333333333412
2024-07-10,3770,3805,3765,3795,26971,0.006631299734747964
2024-07-11,3815,3835,3790,3805,39409,0.0026350461133068936
2024-07-12,3805,3805,3730,3735,45153,-0.018396846254927768
2024-07-15,3735,3780,3730,3765,23328,0.008032128514056325
2024-07-16,3765,3785,3700,3735,35669,-0.007968127490039834
2024-07-17,3720,3780,3700,3710,37275,-0.00669344042838016
2024-07-18,3680,3705,3580,3585,173551,-0.03369272237196763
2024-07-19,3615,3615,3570,3605,37826,0.00557880055788007
2024-07-22,3570,3595,3485,3505,87925,-0.0277392510402219
2024-07-23,3500,3545,3480,3495,50854,-0.0028530670470755526
2024-07-24,3495,3515,3425,3450,55527,-0.012875536480686733
2024-07-25,3375,3480,3375,3415,47236,-0.010144927536231862
2024-07-26,3415,3440,3395,3425,52366,0.002928257686676483
2024-07-29,3425,3465,3410,3430,34941,0.0014598540145984717
2024-07-30,3445,3450,3350,3385,64134,-0.013119533527696792
2024-07-31,3380,3430,3295,3400,57374,0.004431314623338345
2024-08-01,3405,3530,3400,3470,59456,0.020588235294117574
2024-08-02,3440,3450,3125,3315,101529,-0.04466858789625361
2024-08-05,3270,3280,2725,2865,277249,-0.1357466063348416
2024-08-06,2755,3060,2755,3000,164320,0.04712041884816753
2024-08-07,3000,3180,3000,3145,62761,0.04833333333333334
2024-08-08,3145,3150,3055,3150,39915,0.0015898251192367763
2024-08-09,3150,3225,3150,3210,94530,0.01904761904761898
2024-08-12,3240,3275,3160,3210,53972,0.0
2024-08-13,3230,3240,3160,3235,23314,0.007788161993769416
2024-08-14,3240,3300,3235,3255,51415,0.0061823802163833985
2024-08-16,3260,3310,3250,3275,81945,0.006144393241167334
2024-08-19,3270,3310,3180,3180,59934,-0.02900763358778624
2024-08-20,3205,3280,3195,3270,30211,0.028301886792452935
2024-08-21,3220,3290,3195,3245,45529,-0.007645259938837912
2024-08-22,3225,3290,3185,3230,38180,-0.0046224961479198745
2024-08-23,3205,3210,3140,3170,39393,-0.018575851393188847
2024-08-26,3160,3190,3080,3080,55710,-0.028391167192429068
2024-08-27,3080,3115,3040,3115,26229,0.011363636363636465
2024-08-28,3085,3125,2995,3080,30306,-0.011235955056179803
2024-08-29,3030,3065,3010,3060,38733,-0.00649350649350644
2024-08-30,3040,3100,3040,3095,18110,0.011437908496731986
2024-09-02,3095,3140,3050,3060,24950,-0.011308562197092087
2024-09-03,3075,3080,3045,3050,23026,-0.0032679738562091387
2024-09-04,3000,3000,2880,2895,139099,-0.050819672131147575
2024-09-05,2890,2950,2850,2920,65058,0.008635578583765069
2024-09-06,2890,2935,2835,2855,43738,-0.022260273972602773
2024-09-09,2795,3055,2795,3030,84375,0.06129597197898429
2024-09-10,3060,3060,2965,2975,22943,-0.018151815181518205
2024-09-11,2975,2990,2950,2965,32630,-0.003361344537815114
2024-09-12,2970,3030,2950,3010,44279,0.015177065767284947
2024-09-13,3020,3030,3005,3025,18665,0.004983388704318914
2024-09-19,3020,3040,2990,3005,39545,-0.006611570247933907
2024-09-20,2995,3075,2995,3000,37812,-0.0016638935108153063
2024-09-23,3000,3020,2990,3015,12936,0.004999999999999893
2024-09-24,3010,3035,3000,3035,20180,0.0066334991708125735
2024-09-25,3035,3110,3035,3065,28020,0.009884678747940745
2024-09-26,3065,3125,3050,3125,42147,0.019575856443719397
2024-09-27,3115,3140,3090,3125,28827,0.0
2024-09-30,3095,3140,3055,3090,27968,-0.011199999999999988
2024-10-02,3065,3090,3010,3040,28295,-0.016181229773462813
2024-10-04,3010,3065,3010,3060,27653,0.006578947368421018
2024-10-07,3105,3115,3035,3105,38182,0.014705882352941124
2024-10-08,3105,3130,3035,3065,40642,-0.012882447665056307
2024-10-10,3065,3085,3020,3035,51079,-0.009787928221859699
2024-10-11,3035,3050,3000,3000,27581,-0.011532125205930832
2024-10-14,3000,3015,2985,2990,24856,-0.0033333333333332993
2024-10-15,2990,3020,2990,3020,13879,0.010033444816053505
2024-10-16,3020,3050,2990,3000,13458,-0.0066225165562914245
2024-10-17,3000,3010,2980,2995,22051,-0.0016666666666667052
2024-10-18,2995,2995,2950,2985,21589,-0.0033388981636059967
2024-10-21,2965,2990,2945,2990,23496,0.0016750418760469454
2024-10-22,2990,3005,2910,2920,30158,-0.02341137123745818
2024-10-23,2890,2940,2825,2880,82801,-0.013698630136986356
2024-10-24,2835,2870,2820,2820,55919,-0.02083333333333337
2024-10-25,2820,2845,2805,2845,27331,0.00886524822695045
2024-10-28,2805,2845,2805,2830,31127,-0.005272407732864637
2024-10-29,2830,2845,2785,2800,52950,-0.010600706713780883
2024-10-30,2800,2835,2765,2795,59540,-0.0017857142857142794
2024-10-31,2755,2785,2750,2755,42765,-0.014311270125223596
2024-11-01,2750,2830,2710,2815,61012,0.02177858439201441
2024-11-04,2815,2890,2805,2890,26975,0.026642984014209503
2024-11-05,2890,2895,2830,2870,24607,-0.00692041522491349
2024-11-06,2895,2895,2800,2810,36346,-0.020905923344947785
2024-11-07,2820,2830,2780,2825,18977,0.005338078291814874
2024-11-08,2825,2855,2800,2830,24869,0.001769911504424737
2024-11-11,2840,2845,2715,2720,59420,-0.03886925795053009
2024-11-12,2720,2730,2580,2580,108899,-0.05147058823529416
2024-11-13,2565,2580,2530,2560,47403,-0.007751937984496138
2024-11-14,2555,2575,2450,2450,90417,-0.04296875
2024-11-15,2435,2515,2380,2480,58765,0.012244897959183598
2024-11-18,2455,2530,2450,2470,42716,-0.0040322580645161255
2024-11-19,2470,2535,2470,2525,18298,0.022267206477732726
2024-11-20,2525,2600,2525,2585,21712,0.023762376237623783
2024-11-21,2585,2585,2515,2550,11419,-0.013539651837524147
2024-11-22,2520,2575,2520,2540,12245,-0.0039215686274509665
2024-11-25,2605,2645,2545,2615,32779,0.029527559055118058
2024-11-26,2600,2635,2575,2630,23939,0.005736137667303964
2024-11-27,2630,2635,2580,2585,23926,-0.017110266159695797
2024-11-28,2585,2600,2555,2560,12873,-0.009671179883945835
2024-11-29,2575,2575,2445,2470,30532,-0.03515625
2024-12-02,2450,2475,2395,2430,35033,-0.01619433198380571
2024-12-03,2430,2455,2410,2435,27087,0.002057613168724215
2024-12-04,2415,2435,2355,2380,58007,-0.022587268993839782
2024-12-05,2390,2395,2355,2370,28683,-0.004201680672268893
2024-12-06,2370,2490,2330,2440,67749,0.029535864978903037
2024-12-09,2425,2435,2200,2215,117098,-0.09221311475409832
2024-12-10,2175,2630,2175,2395,341031,0.08126410835214437
2024-12-11,2415,2565,2415,2495,103275,0.04175365344467652
2024-12-12,2495,2525,2430,2525,92415,0.012024048096192397
2024-12-13,2500,2650,2500,2630,77118,0.04158415841584162
2024-12-16,2630,2685,2615,2620,55391,-0.0038022813688213253
2024-12-17,2620,2650,2530,2580,65591,-0.01526717557251911
2024-12-18,2580,2670,2555,2635,52594,0.02131782945736438
2024-12-19,2600,2615,2565,2615,23881,-0.007590132827324458
2024-12-20,2615,2615,2515,2515,72685,-0.03824091778202676
2024-12-23,2530,2600,2530,2600,42484,0.03379721669980129
2024-12-24,2600,2635,2575,2625,25937,0.009615384615384581
2024-12-26,2600,2700,2600,2670,64428,0.017142857142857126
2024-12-27,2670,2670,2530,2575,28747,-0.035580524344569264
2024-12-30,2530,2590,2530,2575,18868,0.0
2025-01-02,2575,2575,2520,2540,42426,-0.013592233009708687
2025-01-03,2525,2605,2525,2565,26507,0.009842519685039353
2025-01-06,2580,2630,2580,2615,28486,0.01949317738791434
2025-01-07,2630,2640,2595,2630,30655,0.005736137667303964
2025-01-08,2600,2630,2600,2620,28965,-0.0038022813688213253
2025-01-09,2620,2630,2590,2630,17519,0.003816793893129722
2025-01-10,2630,2630,2575,2585,38256,-0.017110266159695797
2025-01-13,2585,2585,2500,2510,42163,-0.029013539651837505
2025-01-14,2525,2555,2510,2540,23922,0.01195219123505975
2025-01-15,2570,2570,2520,2520,22754,-0.007874015748031482
2025-01-16,2535,2565,2535,2550,7640,0.011904761904761862
2025-01-17,2550,2550,2480,2485,28522,-0.025490196078431393
2025-01-20,2500,2510,2440,2500,33319,0.006036217303822866
2025-01-21,2495,2815,2495,2640,571971,0.05600000000000005
2025-01-22,2640,2695,2595,2650,86480,0.0037878787878788955
2025-01-23,2680,2680,2580,2645,38729,-0.0018867924528301883
2025-01-24,2655,2660,2610,2615,38701,-0.011342155009451793
2025-01-31,2610,2645,2580,2625,36548,0.003824091778202643
2025-02-03,2600,2620,2525,2530,48157,-0.03619047619047622
2025-02-04,2530,2580,2530,2550,20931,0.007905138339920903
2025-02-05,2550,2620,2550,2620,51259,0.027450980392156765
2025-02-06,2590,2635,2585,2625,15770,0.001908396946564972
2025-02-07,2595,2645,2595,2610,20993,-0.005714285714285672
2025-02-10,2590,2630,2560,2600,28152,-0.003831417624521105
2025-02-11,2615,2630,2585,2590,29898,-0.0038461538461538325
2025-02-12,2590,2600,2545,2560,30929,-0.01158301158301156
2025-02-13,2560,2605,2560,2565,24964,0.001953125
2025-02-14,2580,2625,2540,2615,37047,0.01949317738791434
2025-02-17,2630,2645,2595,2605,34118,-0.003824091778202643
2025-02-18,2615,2625,2600,2625,38153,0.007677543186180413
2025-02-19,2630,2745,2610,2685,116819,0.02285714285714291
2025-02-20,2670,2700,2630,2675,66341,-0.003724394785847296
2025-02-21,2650,2705,2650,2690,40304,0.005607476635514086
2025-02-24,2690,2720,2670,2720,35430,0.011152416356877248
2025-02-25,2720,2720,2670,2700,24071,-0.007352941176470562
2025-02-26,2670,2715,2670,2700,25967,0.0
2025-02-27,2700,2720,2675,2720,26796,0.007407407407407307
2025-02-28,2685,2700,2640,2675,34425,-0.016544117647058876
2025-03-04,2675,2675,2585,2590,39705,-0.03177570093457949
2025-03-05,2590,2620,2580,2595,30426,0.0019305019305020377
2025-03-06,2600,2610,2575,2590,19316,-0.0019267822736031004
2025-03-07,2590,2600,2560,2580,18682,-0.0038610038610038533
2025-03-10,2555,2620,2545,2610,34603,0.011627906976744207
2025-03-11,2585,2660,2555,2660,53756,0.019157088122605304
2025-03-12,2685,3330,2685,2915,10235071,0.09586466165413543
2025-03-13,2970,3170,2880,2900,2162478,-0.005145797598627766
2025-03-14,2900,2932,2835,2900,347014,0.0
2025-03-17,2925,2995,2880,2960,276082,0.020689655172413834
2025-03-18,2950,2965,2880,2885,167652,-0.02533783783783783
2025-03-19,2855,2925,2835,2845,137606,-0.013864818024263426
2025-03-20,2855,2950,2845,2870,173236,0.008787346221441172
2025-03-21,2850,2865,2780,2830,93750,-0.013937282229965153
2025-03-24,2830,2870,2770,2790,115772,-0.014134275618374548
2025-03-25,2820,3225,2820,2930,3176679,0.05017921146953408
2025-03-26,2910,3065,2905,2920,490424,-0.0034129692832765013
2025-03-27,2920,2965,2805,2850,171011,-0.023972602739726012
2025-03-28,2890,2890,2755,2755,141030,-0.033333333333333326
2025-03-31,2720,2780,2630,2695,117613,-0.02177858439201452
2025-04-01,2705,2805,2685,2780,74119,0.03153988868274582
2025-04-02,2780,2810,2720,2750,43186,-0.010791366906474864
2025-04-03,2730,2810,2680,2790,71799,0.014545454545454639
2025-04-04,2820,2845,2695,2785,137850,-0.0017921146953404632
2025-04-07,2750,2750,2575,2590,154741,-0.0700179533213644
2025-04-08,2635,3100,2635,2780,2018494,0.07335907335907343
2025-04-09,2710,2780,2640,2665,293319,-0.04136690647482011
2025-04-10,2740,2855,2690,2790,306480,0.046904315196998114
2025-04-11,2790,2900,2750,2845,90079,0.019713261648745428
2025-04-14,2845,2910,2830,2885,143399,0.014059753954305698
2025-04-15,2935,2935,2885,2885,142906,0.0
2025-04-16,2885,2915,2875,2885,75525,0.0
2025-04-17,2850,2905,2850,2900,69013,0.005199306759098743
2025-04-18,2900,2970,2865,2945,70729,0.01551724137931032
2025-04-21,2940,2960,2890,2935,47956,-0.00339558573853993
2025-04-22,2875,2910,2865,2900,49025,-0.011925042589437829
2025-04-23,2910,3050,2910,3035,215376,0.04655172413793096
2025-04-24,3060,3120,2990,3045,254520,0.0032948929159801743
2025-04-25,3100,3100,2985,2995,75647,-0.016420361247947435
2025-04-28,2970,3030,2915,2915,79899,-0.026711185308848084
2025-04-29,2920,3005,2915,2970,59826,0.018867924528301883
2025-04-30,3000,3000,2840,2860,103481,-0.03703703703703709
2025-05-02,2860,2870,2820,2835,47650,-0.00874125874125875
2025-05-07,2835,2900,2835,2880,38275,0.015873015873015817
2025-05-08,2855,2900,2840,2845,31204,-0.01215277777777779
2025-05-09,2845,2870,2800,2870,32756,0.008787346221441172
2025-05-12,2925,2930,2850,2895,23142,0.008710801393728262
2025-05-13,2925,2935,2870,2895,42243,0.0
2025-05-14,2895,2895,2835,2860,64435,-0.012089810017271163
2025-05-15,2875,2875,2770,2785,89597,-0.02622377622377625
2025-05-16,2760,2815,2760,2795,48667,0.0035906642728904536
2025-05-19,2790,2790,2700,2705,55501,-0.03220035778175312
2025-05-20,2720,2760,2710,2725,43069,0.007393715341959428
2025-05-21,2740,2770,2725,2760,33513,0.012844036697247763
2025-05-22,2760,2760,2680,2695,40528,-0.023550724637681153
2025-05-23,2710,2710,2625,2630,96750,-0.024118738404452666
2025-05-26,2610,2670,2610,2650,23906,0.0076045627376426506
2025-05-27,2630,2670,2630,2645,28216,-0.0018867924528301883
2025-05-28,2750,2750,2645,2675,37013,0.011342155009451904
2025-05-29,2685,2715,2660,2700,31906,0.009345794392523255
2025-05-30,2740,2740,2680,2720,29450,0.007407407407407307
2025-06-02,2735,2735,2630,2650,68614,-0.02573529411764708
2025-06-04,2655,2735,2655,2725,36853,0.028301886792452935
2025-06-05,2740,2760,2705,2750,28895,0.00917431192660545
2025-06-09,2755,2775,2735,2775,63636,0.009090909090909038
2025-06-10,2775,2820,2735,2780,73218,0.0018018018018017834
2025-06-11,2780,2860,2775,2845,81145,0.023381294964028854
2025-06-12,2845,2850,2805,2840,34249,-0.0017574692442882123
2025-06-13,2845,2850,2750,2760,84222,-0.028169014084507005
2025-06-16,2760,2800,2740,2800,44360,0.01449275362318847
2025-06-17,2770,2810,2720,2750,57220,-0.017857142857142905
2025-06-18,2735,2775,2720,2755,55775,0.0018181818181817189
2025-06-19,2745,2795,2720,2755,29793,0.0
2025-06-20,2750,2810,2730,2795,43158,0.014519056261343088
2025-06-23,2690,2785,2680,2740,99432,-0.019677996422182487
2025-06-24,2735,2830,2735,2830,81780,0.03284671532846706
2025-06-25,2810,2860,2800,2850,63080,0.007067137809187329
2025-06-26,2850,2850,2780,2785,48616,-0.02280701754385961
2025-06-27,2785,2805,2735,2795,32378,0.0035906642728904536
2025-06-30,2795,2795,2750,2755,30913,-0.014311270125223596
2025-07-01,2755,2785,2740,2770,57967,0.005444646098003547
2025-07-02,2770,2770,2710,2740,25463,-0.010830324909747335
2025-07-03,2740,2820,2735,2815,46688,0.027372262773722733
2025-07-04,2815,2825,2760,2790,20682,-0.008880994671403242
2025-07-07,2790,2840,2755,2815,34959,0.008960573476702427
2025-07-08,2820,2840,2775,2815,26652,0.0
2025-07-09,2815,2850,2790,2825,20016,0.003552397868561208
2025-07-10,2805,2855,2800,2845,50598,0.0070796460176991705
2025-07-11,2845,2880,2840,2870,82334,0.008787346221441172
2025-07-14,2860,2890,2840,2860,23784,-0.0034843205574912606
2025-07-15,2860,2865,2820,2860,30419,0.0
2025-07-16,2860,2860,2795,2830,25721,-0.010489510489510523
2025-07-17,2830,2920,2805,2875,60110,0.01590106007067127
2025-07-18,2875,2875,2825,2875,27023,0.0
2025-07-21,2875,2900,2850,2880,25497,0.0017391304347826875
2025-07-22,2880,2915,2810,2840,33597,-0.01388888888888884
2025-07-23,2825,2885,2810,2845,18330,0.0017605633802817433
2025-07-24,2850,2940,2795,2810,67180,-0.012302284710017597
2025-07-25,2850,2850,2800,2800,28136,-0.003558718861209953
2025-07-28,2810,2850,2720,2720,42342,-0.02857142857142858
2025-07-29,2680,2770,2680,2745,33552,0.009191176470588314
2025-07-30,2745,2770,2740,2760,10066,0.005464480874316946
2025-07-31,2780,2780,2740,2755,20292,-0.0018115942028985588
2025-08-01,2760,2760,2585,2650,95934,-0.038112522686025385
2025-08-04,2650,2725,2630,2705,17316,0.020754716981132182
2025-08-05,2705,2735,2705,2720,17115,0.005545286506469571
2025-08-06,2715,2780,2690,2765,28386,0.016544117647058876
2025-08-07,2765,2795,2740,2765,25176,0.0
2025-08-08,2760,2770,2700,2735,67101,-0.010849909584086825
2025-08-11,2735,2735,2680,2695,38179,-0.014625228519195566
2025-08-12,2695,2775,2695,2700,41712,0.0018552875695732052
2025-08-13,2695,2740,2695,2740,21077,0.014814814814814836
2025-08-14,2745,2770,2680,2740,43697,0.0
2025-08-18,2740,2745,2690,2710,17078,-0.010948905109489093
2025-08-19,2680,2710,2665,2665,21774,-0.016605166051660514
2025-08-20,2670,2675,2610,2640,37918,-0.009380863039399667
2025-08-21,2660,2715,2660,2670,13582,0.011363636363636465
2025-08-22,2670,2715,2620,2650,18092,-0.0074906367041198685
2025-08-25,2650,2695,2645,2695,13688,0.016981132075471805
2025-08-26,2690,2725,2640,2650,29578,-0.016697588126159513
2025-08-27,2655,3305,2655,2855,14833963,0.07735849056603783
2025-08-28,2980,3230,2865,2915,4007806,0.021015761821365997
2025-08-29,2915,2960,2835,2860,445735,-0.018867924528301883
2025-09-01,2830,2975,2825,2880,774304,0.006993006993007089
2025-09-02,2885,2950,2830,2835,386615,-0.015625
2025-09-03,2970,3265,2890,2965,5771472,0.04585537918871263
2025-09-04,2965,3020,2920,2955,322283,-0.003372681281618939
2025-09-05,2960,3015,2910,2955,295017,0.0
2025-09-08,2945,3060,2930,3010,373930,0.01861252115059231
2025-09-09,3035,3055,2995,3040,268636,0.009966777408637828
2025-09-10,3065,3085,2995,3005,346584,-0.011513157894736836
2025-09-11,3005,3075,3000,3005,268519,0.0
2025-09-12,3050,3085,3005,3040,216712,0.011647254575707144
2025-09-15,3045,3080,3015,3060,117553,0.006578947368421018
2025-09-16,3055,3080,3020,3060,105299,0.0
2025-09-17,3070,3070,2985,3000,182053,-0.019607843137254943
2025-09-18,3015,3110,2995,3045,191225,0.014999999999999902
2025-09-19,3050,3145,3020,3065,149170,0.006568144499178974
2025-09-22,3070,3115,3055,3100,115141,0.011419249592169667
2025-09-23,3105,3125,3000,3035,115231,-0.020967741935483897
2025-09-24,3035,3070,2985,3030,96556,-0.0016474464579900872
2025-09-25,3020,3080,3005,3040,102521,0.0033003300330032292
2025-09-26,3010,3045,2920,2950,190468,-0.02960526315789469
2025-09-29,2935,3055,2910,3040,77752,0.03050847457627115
2025-09-30,3010,3065,2965,2970,68170,-0.023026315789473673
2025-10-01,2970,3040,2970,3010,66452,0.013468013468013407
2025-10-02,3050,3140,3045,3130,193367,0.039867109634551534
2025-10-10,3170,3240,3150,3230,421437,0.03194888178913735
2025-10-13,3080,3185,3075,3150,137164,-0.024767801857585092
2025-10-14,3240,3255,3070,3185,172709,0.011111111111111072
2025-10-15,3195,3255,3170,3255,201762,0.0219780219780219
2025-10-16,3300,3310,3195,3220,99469,-0.010752688172043001
2025-10-17,3225,3225,3100,3125,141903,-0.029503105590062084
2025-10-20,3215,3215,3090,3145,73270,0.006399999999999961
2025-10-21,3145,3210,3095,3135,96929,-0.0031796502384737746
2025-10-22,3135,3190,3070,3160,84184,0.00797448165869219
2025-10-23,3160,3160,3035,3035,108201,-0.039556962025316444
2025-10-24,3060,3220,3010,3020,136669,-0.0049423393739703725
2025-10-27,3090,3090,3015,3025,59585,0.0016556291390728006
2025-10-28,3000,3050,2970,2970,108372,-0.018181818181818188
2025-10-29,2970,3020,2940,2965,98766,-0.0016835016835017313
2025-10-30,2970,3025,2900,2965,171117,0.0
2025-10-31,2945,2975,2870,2870,163988,-0.03204047217537942
2025-11-03,2870,2945,2750,2810,164645,-0.020905923344947785
2025-11-04,2810,2865,2705,2730,166183,-0.028469750889679735
2025-11-05,2730,2745,2635,2710,152494,-0.0073260073260073
2025-11-06,2710,3495,2710,3265,6327604,0.2047970479704797
2025-11-07,3265,3915,3215,3340,12797322,0.02297090352220521
2025-11-10,3345,3800,3345,3640,2899749,0.08982035928143706
2025-11-11,3645,3975,3615,3840,2378036,0.05494505494505497
2025-11-12,3815,3975,3715,3840,741755,0.0
2025-11-13,3820,3930,3735,3845,419779,0.0013020833333332593
2025-11-14,3740,3845,3610,3695,630825,-0.03901170351105332
2025-11-17,3775,3870,3740,3850,420729,0.04194857916102834
2025-11-18,3800,3800,3505,3550,371972,-0.07792207792207795
2025-11-19,3550,3575,3420,3500,296752,-0.014084507042253502
2025-11-20,3510,3580,3460,3525,220237,0.0071428571428571175
2025-11-21,3450,3470,3315,3360,253872,-0.04680851063829783
2025-11-24,3400,3500,3320,3360,233200,0.0
2025-11-25,3460,3460,3275,3320,207910,-0.011904761904761862
2025-11-26,3335,3345,3220,3270,156512,-0.015060240963855387
2025-11-27,3325,3325,3140,3225,196326,-0.013761467889908285
2025-11-28,3230,3340,3205,3330,182563,0.032558139534883734
2025-12-01,3355,3420,3270,3320,167909,-0.0030030030030030463
2025-12-02,3320,3365,3270,3355,132814,0.010542168674698704
2025-12-03,3435,3435,3205,3315,110086,-0.011922503725782407
2025-12-04,3330,3390,3315,3340,184251,0.007541478129713397
2025-12-05,3390,3430,3305,3405,258267,0.019461077844311392
2025-12-08,3405,3405,3310,3350,139798,-0.016152716593245242
2025-12-09,3350,3350,3260,3330,90905,-0.005970149253731294
2025-12-10,3330,3370,3280,3285,80981,-0.013513513513513487
2025-12-11,3305,3365,3280,3325,172414,0.0121765601217656
2025-12-12,3325,3385,3295,3350,97050,0.007518796992481258
2025-12-15,3310,3375,3265,3375,104893,0.00746268656716409
2025-12-16,3335,3370,3230,3280,118088,-0.028148148148148144
2025-12-17,3310,3360,3260,3350,67393,0.021341463414634054
2025-12-18,3315,3350,3265,3285,86881,-0.0194029850746269
2025-12-19,3295,3380,3295,3365,101838,0.0243531202435312
2025-12-22,3370,3445,3345,3400,103832,0.010401188707280795
2025-12-23,3430,3430,3260,3260,108188,-0.04117647058823526
2025-12-24,3270,3305,3160,3205,91492,-0.016871165644171793
2025-12-26,3205,3255,3160,3205,64221,0.0
2025-12-29,3185,3245,3160,3190,41281,-0.004680187207488307
2025-12-30,3190,3230,3150,3200,57936,0.0031347962382444194
2026-01-02,3210,3420,3210,3390,157663,0.059374999999999956
2026-01-05,3410,3635,3410,3520,282889,0.03834808259587019
2026-01-06,3520,3525,3365,3420,171320,-0.02840909090909094
2026-01-07,3420,3450,3255,3300,157291,-0.03508771929824561
2026-01-08,3305,3325,3115,3130,206725,-0.051515151515151514
2026-01-09,3130,3185,3080,3185,64940,0.01757188498402562
2026-01-12,3185,3220,3130,3140,86127,-0.014128728414442682
2026-01-13,3140,3195,3085,3160,85884,0.006369426751592355
2026-01-14,3160,3190,3070,3100,69033,-0.01898734177215189
2026-01-15,3100,3100,2965,3090,156608,-0.003225806451612856
2026-01-16,3090,3090,3000,3025,93953,-0.021035598705501646
2026-01-19,3030,3100,2980,3065,98077,0.013223140495867813
2026-01-20,3065,3200,3015,3170,111931,0.034257748776509
2026-01-21,3155,3170,3015,3080,167145,-0.028391167192429068
2026-01-22,3135,3165,3080,3095,51382,0.004870129870129913
2026-01-23,3100,3175,3060,3170,79425,0.024232633279483107
2026-01-26,3170,3250,3130,3210,171291,0.012618296529968376
2026-01-27,3210,3245,3150,3230,70894,0.006230529595015577
2026-01-28,3235,3880,3230,3665,4196084,0.1346749226006192
2026-01-29,3630,3735,3530,3660,408587,-0.0013642564802183177
2026-01-30,3645,3660,3535,3600,244398,-0.016393442622950838
2026-02-02,3500,3665,3415,3465,206908,-0.03749999999999998
2026-02-03,3515,3765,3515,3740,322371,0.0793650793650793
2026-02-04,3740,3860,3700,3850,185723,0.02941176470588225
