Date,Open,High,Low,Close,Volume,Change
2022-01-03,20050,20150,19900,20050,75691,0.007537688442211143
2022-01-04,20150,20950,20100,20850,267118,0.03990024937655856
2022-01-05,20950,21100,20550,21000,221025,0.007194244604316502
2022-01-06,20600,21450,20550,20850,234332,-0.0071428571428571175
2022-01-07,20850,21000,20700,20800,102990,-0.0023980815347721673
2022-01-10,20800,21000,20200,20500,105781,-0.014423076923076872
2022-01-11,20500,20600,20100,20250,113849,-0.012195121951219523
2022-01-12,20300,20450,20050,20350,149809,0.004938271604938205
2022-01-13,20250,20600,20100,20350,122512,0.0
2022-01-14,20250,20300,19950,20100,111112,-0.012285012285012331
2022-01-17,19950,20050,19400,19500,143309,-0.02985074626865669
2022-01-18,19300,19900,19300,19900,144857,0.02051282051282044
2022-01-19,19500,19800,19350,19400,133355,-0.025125628140703515
2022-01-20,19300,19650,19250,19650,90935,0.012886597938144284
2022-01-21,19350,20150,19350,19850,117443,0.010178117048346147
2022-01-24,19600,19650,18900,19100,129967,-0.03778337531486142
2022-01-25,19100,19200,17550,17550,315892,-0.08115183246073299
2022-01-26,17450,17850,17150,17150,178459,-0.022792022792022748
2022-01-27,17100,17200,15750,15900,427456,-0.07288629737609331
2022-01-28,15900,17450,15850,17450,252024,0.09748427672955984
2022-02-03,17750,18500,17600,18450,217164,0.057306590257879764
2022-02-04,17950,19700,17900,19200,306667,0.04065040650406515
2022-02-07,19400,19550,18700,19150,199347,-0.0026041666666666297
2022-02-08,19100,20150,19100,19700,233204,0.02872062663185382
2022-02-09,19700,19800,19350,19600,125393,-0.005076142131979711
2022-02-10,19650,19750,19400,19450,63691,-0.007653061224489832
2022-02-11,19350,19350,18500,18550,112291,-0.046272493573264795
2022-02-14,18000,18200,17550,17850,129145,-0.037735849056603765
2022-02-15,18100,18450,17700,18100,88400,0.014005602240896309
2022-02-16,18400,19000,18400,18700,69652,0.03314917127071815
2022-02-17,19000,19450,18500,18750,117594,0.002673796791443861
2022-02-18,18550,19600,18400,19450,117594,0.03733333333333344
2022-02-21,19250,19650,19000,19600,77236,0.007712082262210762
2022-02-22,19200,19700,19100,19450,82803,-0.007653061224489832
2022-02-23,19400,19600,19250,19450,60267,0.0
2022-02-24,19200,19900,18900,19200,154236,-0.01285347043701801
2022-02-25,19500,20650,19450,20200,238122,0.05208333333333326
2022-02-28,20300,20800,20050,20400,146844,0.00990099009900991
2022-03-02,20450,21000,20250,20650,120305,0.01225490196078427
2022-03-03,20650,20950,20450,20700,91960,0.002421307506053294
2022-03-04,20700,20750,20000,20250,101359,-0.021739130434782594
2022-03-07,20150,20500,19950,20150,79302,-0.004938271604938316
2022-03-08,19800,20150,19700,19700,88974,-0.022332506203473934
2022-03-10,20200,20200,19700,19900,65406,0.010152284263959421
2022-03-11,20000,20200,19600,19750,83922,-0.007537688442211032
2022-03-14,19750,20850,19750,20600,269350,0.04303797468354431
2022-03-15,20600,20800,20150,20250,102029,-0.016990291262135915
2022-03-16,20600,20600,20200,20400,61372,0.007407407407407307
2022-03-17,20650,20850,20400,20650,111479,0.01225490196078427
2022-03-18,20550,20750,20450,20500,67992,-0.007263922518159771
2022-03-21,20600,20800,20100,20400,100953,-0.004878048780487809
2022-03-22,20400,20500,20300,20400,38484,0.0
2022-03-23,20450,20650,20200,20600,90498,0.009803921568627416
2022-03-24,20500,20700,20150,20200,56966,-0.01941747572815533
2022-03-25,20500,20650,20150,20550,89828,0.017326732673267342
2022-03-28,20650,20700,20200,20250,100476,-0.014598540145985384
2022-03-29,20500,20500,20100,20150,72749,-0.004938271604938316
2022-03-30,20300,20750,20100,20750,155440,0.02977667493796532
2022-03-31,20750,21550,20650,21450,321530,0.033734939759036076
2022-04-01,21500,21500,20950,21250,133857,-0.009324009324009341
2022-04-04,21250,21350,21000,21200,75799,-0.0023529411764705577
2022-04-05,20900,21450,20900,21400,96768,0.009433962264151052
2022-04-06,21250,21300,20800,20800,100953,-0.028037383177570097
2022-04-07,20700,20850,20200,20250,94404,-0.02644230769230771
2022-04-08,20300,21050,20250,20800,80348,0.02716049382716057
2022-04-11,20950,21500,20650,21500,139416,0.033653846153846256
2022-04-12,21200,21900,21050,21550,137024,0.0023255813953488857
2022-04-13,21600,22650,21350,22000,283968,0.02088167053364276
2022-04-14,22200,22500,21900,22300,150869,0.013636363636363669
2022-04-15,22300,22550,21850,22100,118749,-0.008968609865470878
2022-04-18,22150,22300,21400,21700,100867,-0.018099547511312264
2022-04-19,21700,21800,21300,21700,86711,0.0
2022-04-20,21800,22200,21550,22100,109991,0.018433179723502224
2022-04-21,22300,22700,22000,22600,206241,0.02262443438914019
2022-04-22,22300,22650,22000,22550,102196,-0.0022123893805309214
2022-04-25,22150,22200,21350,21400,128570,-0.0509977827050998
2022-04-26,21400,21700,20700,21250,144521,-0.007009345794392496
2022-04-27,20550,21500,20350,21250,117461,0.0
2022-04-28,21550,22150,21150,22000,151351,0.03529411764705892
2022-04-29,22200,22200,21700,21850,69020,-0.006818181818181834
2022-05-02,22400,23100,22100,22900,266250,0.048054919908466776
2022-05-03,23150,24800,22900,24050,765227,0.05021834061135366
2022-05-04,24150,24700,23900,24150,341635,0.004158004158004047
2022-05-06,24000,24650,23700,24400,210962,0.010351966873705987
2022-05-09,24400,24400,23350,23400,188254,-0.040983606557377095
2022-05-10,23000,24900,22750,24650,415960,0.05341880341880345
2022-05-11,24600,24850,23900,23950,181542,-0.028397565922920864
2022-05-12,23950,24700,23600,23850,314141,-0.0041753653444676075
2022-05-13,23850,24600,23850,24450,199860,0.02515723270440251
2022-05-16,24450,24800,24150,24500,209710,0.002044989775051187
2022-05-17,24300,24800,23450,23600,269947,-0.03673469387755102
2022-05-18,23900,24250,23350,23450,227605,-0.006355932203389814
2022-05-19,22800,23000,21100,21450,774726,-0.08528784648187637
2022-05-20,21700,21800,20550,21400,1302172,-0.002331002331002363
2022-05-23,21650,22050,21400,22050,434181,0.030373831775700966
2022-05-24,21950,22400,21550,21700,257773,-0.015873015873015928
2022-05-25,21850,22350,21300,21450,304196,-0.011520737327188946
2022-05-26,21550,22500,21550,22150,314691,0.03263403263403264
2022-05-27,22300,22650,21750,21850,374778,-0.013544018058690765
2022-05-30,22050,22600,21950,22100,204284,0.011441647597254079
2022-05-31,22100,22550,22100,22550,303006,0.020361990950226172
2022-06-02,22350,22950,22300,22400,280607,-0.006651884700665134
2022-06-03,22600,24850,22550,24700,1466799,0.1026785714285714
2022-06-07,24500,25250,23950,24350,609940,-0.014170040485829927
2022-06-08,24400,24650,23950,24050,354559,-0.012320328542094416
2022-06-09,23900,24200,23300,23850,282531,-0.008316008316008316
2022-06-10,23450,23750,23000,23500,218628,-0.014675052410901501
2022-06-13,22800,22950,22150,22350,321585,-0.04893617021276597
2022-06-14,21750,22200,21000,21550,441320,-0.03579418344519014
2022-06-15,21550,21600,20600,20900,293578,-0.030162412993039456
2022-06-16,21250,21450,20650,20650,196961,-0.011961722488038284
2022-06-17,19950,20850,19600,20600,182771,-0.002421307506053294
2022-06-20,20900,20900,19850,20150,180811,-0.021844660194174748
2022-06-21,20200,21850,19800,21350,368563,0.05955334987593042
2022-06-22,22200,23300,22100,22200,1039833,0.03981264637002346
2022-06-23,22350,24150,21500,23000,1080898,0.03603603603603611
2022-06-24,23000,24000,22300,23700,500732,0.0304347826086957
2022-06-27,23550,24150,22850,23150,368806,-0.02320675105485237
2022-06-28,23050,25800,23050,25800,1612961,0.11447084233261329
2022-06-29,25500,26200,25500,25850,684595,0.0019379844961240345
2022-06-30,25550,26150,24800,25350,557206,-0.01934235976789167
2022-07-01,25300,25600,24450,25000,418221,-0.013806706114398382
2022-07-04,25150,25650,24100,24550,553878,-0.018000000000000016
2022-07-05,24900,26550,23900,26500,965457,0.07942973523421593
2022-07-06,26250,26600,23400,23400,1127096,-0.11698113207547167
2022-07-07,23700,24050,22500,23450,609183,0.002136752136752129
2022-07-08,23600,24950,23600,23900,510087,0.019189765458422103
2022-07-11,24000,24300,23200,23550,244870,-0.014644351464435101
2022-07-12,23300,23600,22750,23050,241453,-0.02123142250530785
2022-07-13,22850,23050,21600,22050,608230,-0.04338394793926248
2022-07-14,21800,22950,21600,22450,340469,0.018140589569161092
2022-07-15,22550,23600,22000,22900,343972,0.020044543429844186
2022-07-18,23150,24000,22900,23900,237815,0.04366812227074246
2022-07-19,23750,24650,23650,24300,264398,0.01673640167364021
2022-07-20,24400,24400,23500,23500,195718,-0.03292181069958844
2022-07-21,23650,23850,22850,23100,230561,-0.017021276595744705
2022-07-22,23350,23700,23000,23300,137928,0.008658008658008587
2022-07-25,23300,25000,23200,24600,540249,0.05579399141630903
2022-07-26,24450,25350,23200,24000,771369,-0.024390243902439046
2022-07-27,24450,25200,23600,24000,614117,0.0
2022-07-28,24350,25800,24050,25200,883673,0.050000000000000044
2022-07-29,25850,27650,25200,27450,1499654,0.08928571428571419
2022-08-01,27450,28050,27150,27650,733699,0.007285974499089187
2022-08-02,27450,28350,26950,27200,442125,-0.016274864376130238
2022-08-03,27200,27900,26500,26750,430918,-0.016544117647058876
2022-08-04,26900,26950,26050,26400,338134,-0.013084112149532756
2022-08-05,26400,27000,26250,26450,221480,0.0018939393939394478
2022-08-08,26650,28500,26050,28500,774557,0.07750472589792068
2022-08-09,28300,28950,27700,27800,318049,-0.024561403508771895
2022-08-10,27800,30050,27700,29800,853467,0.07194244604316546
2022-08-11,29750,30600,29450,29900,508767,0.003355704697986628
2022-08-12,30000,30650,29400,30650,326864,0.025083612040133874
2022-08-16,30650,30650,29250,29800,428594,-0.027732463295269127
2022-08-17,29450,30000,29250,29400,237245,-0.01342281879194629
2022-08-18,28950,30800,28850,30350,401792,0.03231292517006801
2022-08-19,30200,31000,29850,30000,209667,-0.011532125205930832
2022-08-22,29500,30550,29450,29900,201289,-0.0033333333333332993
2022-08-23,29700,31450,29700,30800,453720,0.030100334448160515
2022-08-24,31150,33250,30800,33100,816861,0.07467532467532467
2022-08-25,33300,34100,31200,32100,719356,-0.030211480362537735
2022-08-26,32250,33950,31750,33000,413566,0.028037383177569986
2022-08-29,31700,34250,31600,34150,491475,0.034848484848484906
2022-08-30,34150,34300,32150,33400,820568,-0.02196193265007318
2022-08-31,33300,33400,31050,31950,719413,-0.04341317365269459
2022-09-01,32400,33500,31750,31850,708654,-0.003129890453834161
2022-09-02,32350,32600,31150,31550,317237,-0.009419152276295084
2022-09-05,31550,31750,30500,31200,316009,-0.011093502377179099
2022-09-06,31550,33150,31450,32500,459368,0.04166666666666674
2022-09-07,32500,33500,32150,32800,481082,0.009230769230769154
2022-09-08,33300,34450,32400,34000,602198,0.03658536585365857
2022-09-13,33900,34000,31450,31850,730888,-0.06323529411764706
2022-09-14,31000,32200,30900,31900,279301,0.0015698587127157548
2022-09-15,32000,33150,32000,32900,336337,0.03134796238244508
2022-09-16,32300,32800,30900,32000,490098,-0.027355623100303927
2022-09-19,31700,32200,30300,30550,359905,-0.04531249999999998
2022-09-20,30750,31250,30200,30950,227587,0.013093289689034338
2022-09-21,31150,31650,30450,31400,183460,0.01453957996768973
2022-09-22,30900,33400,30900,33250,334597,0.05891719745222934
2022-09-23,32850,33800,31950,32000,248141,-0.03759398496240607
2022-09-26,31350,31350,28750,28950,649102,-0.09531250000000002
2022-09-27,29000,29500,28300,29250,369816,0.010362694300518172
2022-09-28,29550,30500,28800,29000,385617,-0.008547008547008517
2022-09-29,29650,31400,29650,30250,489225,0.0431034482758621
2022-09-30,30000,32600,29900,31850,549757,0.05289256198347103
2022-10-04,32350,33350,31750,33300,415649,0.04552590266875978
2022-10-05,34200,34500,33200,33600,454445,0.009009009009008917
2022-10-06,33700,35000,33600,34950,424712,0.0401785714285714
2022-10-07,34600,35750,32500,33000,569773,-0.05579399141630903
2022-10-11,32300,33200,31650,32100,292365,-0.027272727272727226
2022-10-12,32100,33300,31750,33100,265296,0.031152647975077885
2022-10-13,33300,33500,32100,32100,215596,-0.030211480362537735
2022-10-14,33000,33650,32600,33300,214724,0.03738317757009346
2022-10-17,32300,32850,30950,32200,343175,-0.033033033033033066
2022-10-18,32600,33650,31950,33600,241275,0.04347826086956519
2022-10-19,33600,33850,32000,32400,182262,-0.0357142857142857
2022-10-20,32300,33050,32000,32400,128833,0.0
2022-10-21,32450,32600,30500,30700,302110,-0.05246913580246915
2022-10-24,31350,32150,31150,31950,323598,0.04071661237785018
2022-10-25,32050,32350,30200,31300,281990,-0.020344287949921713
2022-10-26,31550,33550,30750,33100,738512,0.057507987220447365
2022-10-27,33150,34400,32350,34400,572344,0.0392749244712991
2022-10-28,34200,35400,33850,34350,340767,-0.0014534883720930258
2022-10-31,34300,34950,33550,34350,187678,0.0
2022-11-01,34500,37350,34450,37200,824562,0.08296943231441056
2022-11-02,37050,37950,36550,36800,438763,-0.010752688172043001
2022-11-03,36050,38400,35900,38150,400439,0.036684782608695565
2022-11-04,38150,39600,38050,38400,433526,0.006553079947575258
2022-11-07,38400,39300,37250,38200,294034,-0.00520833333333337
2022-11-08,38200,38450,37100,38100,286110,-0.002617801047120394
2022-11-09,38350,39400,37450,38200,275592,0.002624671916010568
2022-11-10,37700,39650,37700,38400,277024,0.005235602094240788
2022-11-11,39500,39550,37800,38400,311684,0.0
2022-11-14,38550,38550,37250,38150,290696,-0.00651041666666663
2022-11-15,38450,40850,38200,40800,544783,0.06946264744429875
2022-11-16,41000,41850,40150,41800,295737,0.02450980392156854
2022-11-17,42000,42800,41050,41300,232455,-0.011961722488038284
2022-11-18,41200,43500,39550,41400,1027802,0.002421307506053294
2022-11-21,41800,43000,39850,40500,283845,-0.021739130434782594
2022-11-22,40100,43650,40100,42650,413288,0.05308641975308648
2022-11-23,43050,43850,41800,43550,207452,0.021101992966002348
2022-11-24,43100,44050,42900,43450,132095,-0.0022962112514350874
2022-11-25,43750,44400,42600,43100,138057,-0.008055235903337121
2022-11-28,42800,43600,42200,42600,150171,-0.011600928074245953
2022-11-29,42250,43900,42250,42850,171375,0.005868544600938996
2022-11-30,42850,43700,41300,42050,252226,-0.018669778296382722
2022-12-01,42100,42150,39400,39700,700780,-0.05588585017835912
2022-12-02,39300,39650,37250,38200,615471,-0.03778337531486142
2022-12-05,38200,38400,37650,37950,246725,-0.00654450261780104
2022-12-06,37600,38300,36450,37650,304341,-0.007905138339920903
2022-12-07,37400,38400,37000,38000,203553,0.009296148738379806
2022-12-08,38250,39700,38000,39350,323962,0.03552631578947363
2022-12-09,39500,39750,38750,39350,222951,0.0
2022-12-12,39250,41250,38850,41100,233475,0.044472681067344366
2022-12-13,41150,42600,40500,41500,249072,0.009732360097323589
2022-12-14,41900,42650,40450,40950,276703,-0.013253012048192736
2022-12-15,40950,42700,40600,41950,260163,0.024420024420024333
2022-12-16,41500,42900,41150,42350,212009,0.009535160905840279
2022-12-19,42550,43100,41950,42350,128665,0.0
2022-12-20,42700,44350,41250,42300,560032,-0.0011806375442738881
2022-12-21,42800,43900,42200,43050,243941,0.01773049645390068
2022-12-22,43050,43200,40900,41350,309354,-0.03948896631823462
2022-12-23,40500,41550,39700,41000,247014,-0.008464328899637219
2022-12-26,40350,41450,40300,41000,182322,0.0
2022-12-27,41000,43200,41000,42800,271601,0.04390243902439028
2022-12-28,42800,44000,42300,43750,248275,0.02219626168224309
2022-12-29,43650,44000,42200,42500,190241,-0.02857142857142858
2023-01-02,42050,43000,39600,40450,314158,-0.04823529411764704
2023-01-03,41200,41200,39050,40250,183318,-0.0049443757725586845
2023-01-04,39800,39950,38200,38650,366524,-0.039751552795031064
2023-01-05,38850,38850,36000,37500,627755,-0.02975420439844756
2023-01-06,37350,38250,36750,37200,325489,-0.008000000000000007
2023-01-09,37400,37950,36950,37450,277233,0.006720430107526987
2023-01-10,37700,37700,36750,37300,257729,-0.004005340453938633
2023-01-11,37500,38450,36150,38250,538052,0.025469168900804195
2023-01-12,38800,41600,38500,40150,697732,0.04967320261437913
2023-01-13,40300,40950,39650,40300,287057,0.0037359900373599153
2023-01-16,40300,40650,38500,38500,303720,-0.04466501240694787
2023-01-17,38950,40100,38450,39100,398281,0.01558441558441559
2023-01-18,39200,39400,37050,37150,336099,-0.04987212276214836
2023-01-19,37150,37650,36900,37100,166304,-0.0013458950201884479
2023-01-20,37100,37100,36300,36500,242928,-0.016172506738544423
2023-01-25,36600,36650,35700,36200,344285,-0.008219178082191747
2023-01-26,36200,36700,35850,36700,244139,0.013812154696132506
2023-01-27,36800,39300,36800,38800,592417,0.05722070844686655
2023-01-30,38850,39500,38250,38350,194086,-0.011597938144329856
2023-01-31,38000,40300,38000,40050,314654,0.04432855280312897
2023-02-01,40100,40300,38700,39550,296089,-0.012484394506866447
2023-02-02,39500,41950,38850,40350,657144,0.020227560050568805
2023-02-03,41100,41700,38550,38650,552750,-0.042131350681536506
2023-02-06,38550,39850,38450,39050,231617,0.010349288486416475
2023-02-07,39250,39650,38700,38750,197771,-0.007682458386683688
2023-02-08,39600,39950,39000,39200,225212,0.011612903225806548
2023-02-09,39200,39650,38600,39100,146301,-0.0025510204081632404
2023-02-10,39600,39600,38100,38500,207512,-0.01534526854219953
2023-02-13,38500,39600,38500,39450,203012,0.024675324675324628
2023-02-14,39400,39650,38900,39300,148774,-0.0038022813688213253
2023-02-15,39400,39650,37650,38150,161242,-0.029262086513994867
2023-02-16,38200,38950,38200,38400,105413,0.006553079947575258
2023-02-17,37900,39050,37750,38650,80236,0.006510416666666741
2023-02-20,38750,39100,37500,38600,151088,-0.001293661060802087
2023-02-21,38600,39150,38150,38300,150675,-0.007772020725388629
2023-02-22,37950,40300,37950,40200,370571,0.04960835509138373
2023-02-23,40450,41350,39950,40200,293711,0.0
2023-02-24,41000,41450,39800,39950,148935,-0.006218905472636815
2023-02-27,39800,41400,39750,41300,274383,0.03379224030037542
2023-02-28,41650,42900,41300,42050,303903,0.018159806295399594
2023-03-02,42400,45600,42250,45200,614676,0.07491082045184294
2023-03-03,45350,45900,44350,44900,285011,-0.006637168141592875
2023-03-06,44800,44800,41750,42100,425468,-0.062360801781737196
2023-03-07,42100,42450,41200,42050,237885,-0.001187648456057011
2023-03-08,41500,42550,41400,42050,166708,0.0
2023-03-09,42000,42450,41300,41350,129425,-0.01664684898929847
2023-03-10,40650,42050,40300,40350,152839,-0.024183796856106388
2023-03-13,40000,40500,39100,39850,144214,-0.012391573729863659
2023-03-14,40300,40450,38600,39500,175042,-0.008782936010037656
2023-03-15,39950,41500,39750,41200,165334,0.04303797468354431
2023-03-16,40750,40950,39900,40000,132737,-0.029126213592232997
2023-03-17,40850,40900,39050,39100,209896,-0.022499999999999964
2023-03-20,38900,40100,38800,39650,115769,0.01406649616368294
2023-03-21,39900,40100,38950,39400,140302,-0.006305170239596425
2023-03-22,39700,39700,38600,38850,193985,-0.013959390862944177
2023-03-23,38550,39250,37400,37550,350725,-0.03346203346203347
2023-03-24,37700,38200,37350,38150,175104,0.015978695073235683
2023-03-27,38550,38900,37750,38050,198267,-0.002621231979030192
2023-03-28,38050,39600,38050,38900,172703,0.02233902759526929
2023-03-29,38900,38950,37400,37600,304372,-0.033419023136246784
2023-03-30,37800,37900,36900,37650,244822,0.0013297872340425343
2023-03-31,37400,38150,37150,37900,214783,0.006640106241699861
2023-04-03,38400,40000,37950,38750,270238,0.02242744063324542
2023-04-04,39350,39750,38300,38600,151030,-0.003870967741935516
2023-04-05,39100,40250,39100,40050,346308,0.03756476683937815
2023-04-06,39550,40100,38800,39050,187837,-0.024968789013732784
2023-04-07,39300,39350,37700,38200,207414,-0.0217669654289373
2023-04-10,38350,38350,37400,38000,171752,-0.005235602094240788
2023-04-11,38250,38700,37350,38550,133714,0.014473684210526416
2023-04-12,38750,41250,38550,40900,589476,0.06095979247730221
2023-04-13,40800,45850,40200,45500,1372901,0.1124694376528117
2023-04-14,45550,48250,44950,47550,747933,0.04505494505494512
2023-04-17,47800,50800,47800,50000,681923,0.05152471083070442
2023-04-18,49950,50900,49250,50700,370554,0.014000000000000012
2023-04-19,50300,51100,49100,50100,255593,-0.011834319526627168
2023-04-20,50000,50000,47500,48350,389485,-0.03493013972055892
2023-04-21,48050,51900,46250,51000,594615,0.054808686659772565
2023-04-24,51800,53700,47200,50500,683541,-0.009803921568627416
2023-04-25,51400,54800,50800,53000,908011,0.04950495049504955
2023-04-26,52500,53600,50800,51500,307069,-0.028301886792452824
2023-04-27,51600,52000,49150,51400,313356,-0.001941747572815511
2023-04-28,50800,52400,49500,50600,343105,-0.015564202334630295
2023-05-02,50600,53600,49950,52900,315850,0.045454545454545414
2023-05-03,52000,53400,51100,51600,227329,-0.02457466918714557
2023-05-04,51500,53200,50900,51900,195922,0.005813953488372103
2023-05-08,51800,52200,49000,49200,414477,-0.052023121387283267
2023-05-09,49150,49900,48550,49000,219730,-0.004065040650406471
2023-05-10,49000,50400,48150,49200,222171,0.004081632653061273
2023-05-11,49200,49650,48200,48600,170739,-0.012195121951219523
2023-05-12,48000,48850,46600,47400,375438,-0.024691358024691357
2023-05-15,47000,49000,46800,47600,174892,0.00421940928270037
2023-05-16,48050,48050,46200,47250,159950,-0.007352941176470562
2023-05-17,46800,47550,46250,47300,132555,0.0010582010582009804
2023-05-18,47450,48100,46850,47500,174145,0.0042283298097252064
2023-05-19,47950,47950,45100,45600,590293,-0.040000000000000036
2023-05-22,45500,48800,45500,48400,315112,0.06140350877192979
2023-05-23,48750,49350,47950,48150,179027,-0.005165289256198302
2023-05-24,48750,50800,48350,50100,280448,0.04049844236760114
2023-05-25,50100,50500,48700,48950,212522,-0.022954091816367317
2023-05-26,49400,50200,48150,48250,149201,-0.01430030643513791
2023-05-30,48300,48600,46800,48100,196698,-0.0031088082901554737
2023-05-31,48800,50200,48200,48900,209669,0.016632016632016633
2023-06-01,48400,49150,47300,47800,192797,-0.02249488752556239
2023-06-02,48550,52500,48550,52400,687331,0.09623430962343105
2023-06-05,52500,53900,51800,52400,353200,0.0
2023-06-07,53100,53100,51600,52500,175521,0.001908396946564972
2023-06-08,52500,55000,52400,53200,338346,0.01333333333333342
2023-06-09,53300,54600,52500,54100,211563,0.016917293233082775
2023-06-12,54100,54200,51700,52400,265097,-0.031423290203327126
2023-06-13,52400,54100,51900,53200,173466,0.01526717557251911
2023-06-14,53800,54700,51700,52400,213985,-0.015037593984962405
2023-06-15,52400,54500,52000,53200,210179,0.01526717557251911
2023-06-16,53800,56500,53400,56000,504523,0.05263157894736836
2023-06-19,56000,58100,54800,57900,345665,0.03392857142857153
2023-06-20,58000,59500,56700,57500,276325,-0.006908462867012077
2023-06-21,57800,58700,56200,58300,251213,0.013913043478260834
2023-06-22,57100,58100,56100,57200,149826,-0.018867924528301883
2023-06-23,57200,57700,55700,56900,105626,-0.005244755244755206
2023-06-26,56600,59400,55800,57200,219099,0.005272407732864748
2023-06-27,57400,59200,56000,59000,194472,0.03146853146853146
2023-06-28,59800,59800,57700,57900,225120,-0.01864406779661021
2023-06-29,58400,61000,56900,60500,413798,0.04490500863557867
2023-06-30,61100,65900,59600,65100,784235,0.0760330578512396
2023-07-03,66500,67600,64300,64700,407323,-0.006144393241167445
2023-07-04,65000,69200,64900,67300,393254,0.040185471406491535
2023-07-05,67700,69000,66000,66900,302109,-0.005943536404160454
2023-07-06,66900,67700,65500,66200,227940,-0.010463378176382654
2023-07-07,65700,68300,65200,67700,201998,0.0226586102719033
2023-07-10,67900,71000,67200,68400,343928,0.010339734121122657
2023-07-11,68500,73000,68500,72500,406261,0.059941520467836185
2023-07-12,73000,74400,67500,69400,651435,-0.04275862068965519
2023-07-13,69600,69700,66600,69300,425077,-0.0014409221902017544
2023-07-14,69700,69700,66400,67800,553287,-0.02164502164502169
2023-07-17,68300,69800,67500,68700,272405,0.01327433628318575
2023-07-18,68700,68900,66200,67600,269603,-0.01601164483260553
2023-07-19,68000,68600,66400,67200,240678,-0.00591715976331364
2023-07-20,67000,71700,66600,70200,373145,0.044642857142857206
2023-07-21,70000,71200,68800,70300,189997,0.0014245014245013454
2023-07-24,70500,73300,68600,71800,378211,0.021337126600284417
2023-07-25,72100,81700,71000,80600,998076,0.12256267409470745
2023-07-26,82800,84000,68000,69600,1650564,-0.1364764267990074
2023-07-27,72000,74600,69000,70600,717461,0.014367816091954033
2023-07-28,69400,73900,68500,72900,329912,0.03257790368271962
2023-07-31,74600,76200,72400,74300,418255,0.019204389574760006
2023-08-01,74500,74700,71900,73700,352886,-0.008075370121130576
2023-08-02,73000,78000,73000,74800,621389,0.014925373134328401
2023-08-03,74500,75100,70300,73200,415586,-0.021390374331550777
2023-08-04,72800,74400,72500,73000,129720,-0.002732240437158473
2023-08-07,74000,76100,71900,72600,315396,-0.005479452054794498
2023-08-08,72600,77200,71600,76200,411778,0.04958677685950419
2023-08-09,75500,76800,73600,74300,209621,-0.02493438320209973
2023-08-10,73600,74300,71800,71900,268148,-0.032301480484522194
2023-08-11,72200,74600,69500,74000,273912,0.029207232267037586
2023-08-14,73600,76400,73100,75100,228992,0.014864864864864824
2023-08-16,74700,76400,72700,72900,263414,-0.02929427430093212
2023-08-17,72300,73600,68800,70400,293042,-0.03429355281207136
2023-08-18,70000,70500,68000,69800,272371,-0.008522727272727293
2023-08-21,70800,71200,68000,69400,252998,-0.005730659025787954
2023-08-22,69800,72600,69600,71900,180550,0.036023054755043304
2023-08-23,71500,72500,68200,68500,234974,-0.04728789986091797
2023-08-24,69200,70200,67500,70100,177709,0.023357664233576658
2023-08-25,68300,69500,66800,67400,299219,-0.03851640513552068
2023-08-28,67500,69800,67500,68800,161035,0.020771513353115667
2023-08-29,69200,70200,68300,69600,133565,0.011627906976744207
2023-08-30,70000,70200,68400,69800,170015,0.002873563218390718
2023-08-31,69400,71500,69000,70400,241656,0.008595988538681931
2023-09-01,70000,70000,61400,63100,1027895,-0.10369318181818177
2023-09-04,64000,65200,63200,64600,322702,0.023771790808240878
2023-09-05,64400,65300,63900,64700,201357,0.001547987616099089
2023-09-06,64700,65500,63400,64400,228767,-0.004636785162287493
2023-09-07,64200,65000,61900,62600,342450,-0.02795031055900621
2023-09-08,61900,63100,61500,62700,196587,0.0015974440894568342
2023-09-11,63000,68400,62400,67000,519110,0.06858054226475274
2023-09-12,68400,69700,67300,67500,372319,0.00746268656716409
2023-09-13,69000,69000,66000,67100,250377,-0.00592592592592589
2023-09-14,67100,68200,66600,67100,158520,0.0
2023-09-15,68400,71000,68000,70200,361165,0.046199701937406745
2023-09-18,70300,72400,69900,71900,216783,0.024216524216524205
2023-09-19,72200,74800,71000,74400,283182,0.03477051460361613
2023-09-20,74300,75000,71000,71200,200259,-0.043010752688172005
2023-09-21,70000,71100,69000,69200,187796,-0.028089887640449396
2023-09-22,67600,70600,67500,69800,161308,0.00867052023121384
2023-09-25,69300,70200,66300,67300,281404,-0.035816618911174825
2023-09-26,67300,67900,65100,65400,189574,-0.02823179791976227
2023-09-27,65000,67000,65000,66600,113698,0.0183486238532109
2023-10-04,66200,67500,64800,65100,146288,-0.022522522522522515
2023-10-05,66100,67700,65000,66000,122802,0.01382488479262678
2023-10-06,66000,67200,65400,66100,89400,0.0015151515151514694
2023-10-10,67000,71400,66800,67300,263843,0.018154311649016597
2023-10-11,67400,71300,67100,71200,213145,0.05794947994056465
2023-10-12,71500,72200,70100,70700,150113,-0.0070224719101124045
2023-10-13,70200,72200,70200,71600,165852,0.012729844413012836
2023-10-16,70600,74400,70500,73000,277280,0.019553072625698276
2023-10-17,73500,78000,73500,76000,469745,0.041095890410958846
2023-10-18,75700,77300,74100,75400,200982,-0.007894736842105288
2023-10-19,74100,74800,71000,71000,428520,-0.05835543766578244
2023-10-20,70300,73000,67700,72900,461365,0.026760563380281654
2023-10-23,70500,70800,65500,68500,745473,-0.060356652949245526
2023-10-24,69200,73500,69200,73500,332551,0.07299270072992692
2023-10-25,76800,78000,70300,74500,609584,0.013605442176870763
2023-10-26,72000,75000,71000,74000,295500,-0.006711409395973145
2023-10-27,74500,76800,73500,74400,340825,0.00540540540540535
2023-10-30,74400,75100,71400,73700,239714,-0.009408602150537626
2023-10-31,75000,77600,74000,75000,490711,0.01763907734056991
2023-11-01,76100,79000,75400,78700,504336,0.04933333333333323
2023-11-02,79600,79900,77000,77600,300624,-0.013977128335451061
2023-11-03,78500,78600,73600,76200,337911,-0.01804123711340211
2023-11-06,75400,77200,75100,77000,308176,0.01049868766404205
2023-11-07,76300,82000,76300,80200,499737,0.04155844155844157
2023-11-08,80600,85900,80200,82300,646459,0.026184538653366562
2023-11-09,82300,83300,81400,82100,182893,-0.002430133657351119
2023-11-10,82500,87200,82000,83500,640302,0.01705237515225333
2023-11-13,84000,87100,82500,84400,383598,0.010778443113772518
2023-11-14,85100,85100,80500,82900,343014,-0.017772511848341277
2023-11-15,83900,84500,81400,84200,181218,0.01568154402895061
2023-11-16,84800,88200,83800,86800,383425,0.030878859857482288
2023-11-17,86800,89800,86700,88000,342035,0.01382488479262678
2023-11-20,87300,87500,84800,85400,235879,-0.02954545454545454
2023-11-21,85400,85700,84100,85300,157368,-0.0011709601873536313
2023-11-22,84700,86800,83500,84600,175763,-0.008206330597889777
2023-11-23,84600,87000,83500,84100,219677,-0.005910165484633523
2023-11-24,85000,87600,84500,86800,325080,0.03210463733650415
2023-11-27,87000,89000,85100,86000,229413,-0.009216589861751112
2023-11-28,86500,87400,84400,85100,196416,-0.010465116279069764
2023-11-29,85500,86500,83200,86200,282807,0.01292596944770863
2023-11-30,87300,90800,83800,84100,429280,-0.02436194895591648
2023-12-01,84500,88400,84400,86300,299385,0.026159334126040434
2023-12-04,86900,86900,81800,83900,286931,-0.02780996523754342
2023-12-05,82800,85500,80800,83100,173636,-0.009535160905840279
2023-12-06,83100,83400,79000,80900,381593,-0.026474127557160054
2023-12-07,81000,81600,79800,80100,123900,-0.00988875154511748
2023-12-08,80100,80800,79100,80000,164608,-0.0012484394506866447
2023-12-11,80700,84200,80000,82500,204692,0.03125
2023-12-12,83500,84400,79400,80100,249281,-0.029090909090909056
2023-12-13,80100,83700,78800,81700,312590,0.019975031210986316
2023-12-14,82000,83400,80300,82200,735643,0.006119951040391758
2023-12-15,82100,85300,81600,82000,261559,-0.0024330900243308973
2023-12-18,82000,85500,82000,84500,209596,0.030487804878048808
2023-12-19,85000,85000,83400,84100,133653,-0.004733727810650845
2023-12-20,84300,86200,83900,84500,144766,0.0047562425683709275
2023-12-21,83400,85500,83300,84500,128991,0.0
2023-12-22,84900,84900,82500,82500,118030,-0.023668639053254448
2023-12-26,83200,83200,79500,80000,194187,-0.030303030303030276
2023-12-27,80300,81100,79000,80400,103438,0.004999999999999893
2023-12-28,80400,83000,79900,82200,145124,0.02238805970149249
2024-01-02,82200,82400,79400,80100,183124,-0.025547445255474477
2024-01-03,82500,90000,81300,85800,767960,0.07116104868913853
2024-01-04,85500,88900,83400,87100,288759,0.015151515151515138
2024-01-05,87200,92600,86500,90300,455850,0.036739380022962065
2024-01-08,90200,93700,89100,92800,338984,0.027685492801771794
2024-01-09,93200,94500,90400,91100,226227,-0.018318965517241326
2024-01-10,90900,93800,90100,90600,137921,-0.005488474204171201
2024-01-11,90700,93000,89600,89600,159879,-0.01103752759381893
2024-01-12,89500,93800,88500,92900,226453,0.036830357142857206
2024-01-15,93200,96400,92200,95600,275298,0.02906350914962319
2024-01-16,95700,96400,93000,93000,124471,-0.027196652719665315
2024-01-17,92600,95200,92400,93000,174757,0.0
2024-01-18,95000,98700,94900,97400,316264,0.047311827956989294
2024-01-19,98600,101500,97900,98700,305215,0.013347022587268942
2024-01-22,100200,100700,97100,100600,203556,0.019250253292806496
2024-01-23,100900,102400,97500,100000,249689,-0.005964214711729587
2024-01-24,101000,101700,96000,101200,327277,0.01200000000000001
2024-01-25,101000,105000,99200,104400,223563,0.031620553359683834
2024-01-26,103900,108400,103300,104400,202428,0.0
2024-01-29,104400,107700,101000,101200,219667,-0.03065134099616862
2024-01-30,101200,102000,98700,100000,266559,-0.011857707509881465
2024-01-31,101000,104600,100400,102700,368303,0.026999999999999913
2024-02-01,101900,102600,97500,99200,339798,-0.03407984420642651
2024-02-02,99500,100700,97700,99600,210954,0.0040322580645162365
2024-02-05,99600,103700,99400,100900,269447,0.013052208835341306
2024-02-06,101000,106900,101000,106800,434500,0.05847373637264619
2024-02-07,106700,106800,103300,103500,232295,-0.030898876404494402
2024-02-08,104300,109000,103600,107400,239095,0.037681159420289934
2024-02-13,106600,109700,106600,107600,182638,0.0018621973929235924
2024-02-14,106700,113500,106700,112300,396511,0.04368029739776946
2024-02-15,113700,119300,112700,116800,314855,0.040071237756010625
2024-02-16,118500,120300,115300,115900,264170,-0.0077054794520547976
2024-02-19,117500,124000,117000,123600,325039,0.0664365832614322
2024-02-20,127000,134500,125800,134400,619912,0.08737864077669899
2024-02-21,130500,133600,125200,130400,534905,-0.029761904761904767
2024-02-22,128100,129800,125900,128300,345289,-0.01610429447852757
2024-02-23,128400,134200,127000,134100,272771,0.0452065471551053
2024-02-26,135000,143500,134900,139300,323537,0.03877703206562266
2024-02-27,135700,138500,127100,129000,342256,-0.07394113424264181
2024-02-28,129000,129000,117400,123200,562434,-0.04496124031007753
2024-02-29,121200,127900,118600,124400,197397,0.009740259740259827
2024-03-04,125100,136700,125100,131600,375308,0.05787781350482324
2024-03-05,133000,135000,127700,129800,186257,-0.01367781155015202
2024-03-06,128600,136300,126300,136000,202176,0.04776579352850541
2024-03-07,136000,136000,126000,128700,244112,-0.053676470588235325
2024-03-08,130000,130000,125600,129400,204702,0.00543900543900544
2024-03-11,127400,134000,126800,132000,240621,0.020092735703245657
2024-03-12,130700,133800,128500,133500,200678,0.011363636363636465
2024-03-13,134500,147600,134400,147000,712286,0.101123595505618
2024-03-14,146000,157600,145600,156300,866890,0.06326530612244907
2024-03-15,153600,156900,145200,148000,581356,-0.05310300703774795
2024-03-18,149400,157500,149100,154600,441460,0.044594594594594694
2024-03-19,154000,154600,148100,149100,325801,-0.03557567917205695
2024-03-20,150900,153700,148100,149700,233706,0.004024144869215318
2024-03-21,151000,162700,150800,162600,459469,0.08617234468937873
2024-03-22,163500,171600,162000,166500,306616,0.023985239852398532
2024-03-25,167100,171100,161000,169500,270867,0.018018018018018056
2024-03-26,172100,184100,169200,184000,514054,0.08554572271386429
2024-03-27,180000,184100,175600,183100,467028,-0.004891304347826142
2024-03-28,181000,185000,177500,178700,403342,-0.02403058438012018
2024-03-29,179400,183900,175000,179400,353291,0.003917179630665846
2024-04-01,179400,183900,169300,181500,372836,0.0117056856187292
2024-04-02,180500,190500,177000,182000,458558,0.0027548209366390353
2024-04-03,181700,188100,178600,185300,321583,0.018131868131868067
2024-04-04,190000,202000,190000,198700,509667,0.07231516459794918
2024-04-05,193100,202000,189000,194400,451391,-0.021640664318067437
2024-04-08,193900,214000,191600,201000,570276,0.033950617283950546
2024-04-09,206500,225000,205000,211500,630433,0.052238805970149294
2024-04-11,210500,237000,208500,232000,812474,0.09692671394799057
2024-04-12,238500,265500,224000,235000,1268393,0.012931034482758674
2024-04-15,229500,246000,220000,241500,888915,0.027659574468085202
2024-04-16,234000,237000,200000,206500,1323307,-0.14492753623188404
2024-04-17,208500,222000,206000,213000,1116597,0.0314769975786926
2024-04-18,219000,239000,215500,239000,1139513,0.1220657276995305
2024-04-19,244500,250000,221000,244000,1477448,0.02092050209205021
2024-04-22,237000,248000,217500,227500,1016971,-0.06762295081967218
2024-04-23,229000,251500,210000,240000,2313046,0.05494505494505497
2024-04-24,245000,257000,232500,255000,1352522,0.0625
2024-04-25,250500,258500,241000,242000,935109,-0.050980392156862786
2024-04-26,249500,256000,246000,250000,728543,0.03305785123966931
2024-04-29,253500,256000,240000,244000,518614,-0.02400000000000002
2024-04-30,246000,263000,243000,247000,812711,0.012295081967213184
2024-05-02,243000,244500,235500,239500,469294,-0.030364372469635637
2024-05-03,242500,243500,229000,230000,432784,-0.039665970772442605
2024-05-07,235000,255000,234500,252000,957841,0.09565217391304337
2024-05-08,249000,262500,245500,259000,637015,0.02777777777777768
2024-05-09,262000,274500,261500,269000,620407,0.03861003861003853
2024-05-10,272000,272500,259000,262000,481723,-0.026022304832713727
2024-05-13,267000,267500,252000,257000,679627,-0.01908396946564883
2024-05-14,257000,260500,247000,256500,402723,-0.0019455252918287869
2024-05-16,259500,264500,246000,256000,753399,-0.0019493177387914784
2024-05-17,256000,258500,247500,250000,877160,-0.0234375
2024-05-20,254500,266500,253500,260000,710279,0.040000000000000036
2024-05-21,263000,264500,252000,255500,447440,-0.017307692307692357
2024-05-22,256500,263500,251000,252500,499756,-0.011741682974559686
2024-05-23,253500,259500,246000,255500,442364,0.011881188118811892
2024-05-24,251000,286000,250500,283000,1343225,0.10763209393346385
2024-05-27,285000,314000,276000,293500,1217611,0.03710247349823326
2024-05-28,296500,305500,294000,302500,504736,0.030664395229982988
2024-05-29,306000,309500,291000,296000,571078,-0.02148760330578514
2024-05-30,295500,304000,287500,289500,512355,-0.02195945945945943
2024-05-31,289500,301000,277000,301000,2566280,0.039723661485319584
2024-06-03,294500,302500,285000,291000,555237,-0.03322259136212624
2024-06-04,289000,302000,288000,299000,405719,0.027491408934707806
2024-06-05,296000,296000,275000,277000,521767,-0.0735785953177257
