Date,Open,High,Low,Close,Volume,Change
2022-01-03,16250,16800,16000,16600,8866,0.02786377708978338
2022-01-04,17700,17700,16350,16450,17429,-0.009036144578313254
2022-01-05,16550,17150,16450,16750,6018,0.01823708206686936
2022-01-06,16750,17650,16650,16650,6513,-0.005970149253731294
2022-01-07,16550,17250,16550,16600,6979,-0.0030030030030030463
2022-01-10,16600,16600,16100,16450,5548,-0.009036144578313254
2022-01-11,16050,16350,16000,16300,6560,-0.00911854103343468
2022-01-12,16150,16300,16050,16200,6079,-0.006134969325153339
2022-01-13,16150,16400,16050,16300,4174,0.006172839506172867
2022-01-14,16200,16400,16150,16200,4505,-0.006134969325153339
2022-01-17,16200,16650,16050,16450,7564,0.015432098765432167
2022-01-18,16450,16650,16200,16300,5730,-0.00911854103343468
2022-01-19,16300,16400,16100,16350,4328,0.0030674846625766694
2022-01-20,16350,16700,16350,16400,6114,0.003058103975535076
2022-01-21,16450,16550,16200,16350,3347,-0.0030487804878048808
2022-01-24,16150,16350,16100,16350,3170,0.0
2022-01-25,16300,16400,16200,16300,4697,-0.003058103975535187
2022-01-26,16300,16700,16300,16300,4618,0.0
2022-01-27,16800,17650,16300,16300,21008,0.0
2022-01-28,16250,16650,16250,16450,5354,0.009202453987730008
2022-02-03,16500,16900,16400,16550,4174,0.006079027355623046
2022-02-04,16500,16700,16300,16400,8238,-0.009063444108761365
2022-02-07,16500,16550,16400,16400,1738,0.0
2022-02-08,16450,17000,16400,16450,9101,0.0030487804878047697
2022-02-09,16500,16800,16500,16500,810,0.003039513677811634
2022-02-10,16600,16800,16500,16600,1737,0.0060606060606061
2022-02-11,16650,16850,16450,16600,1668,0.0
2022-02-14,16500,16850,16400,16500,2848,-0.0060240963855421326
2022-02-15,16400,17500,16400,16450,4219,-0.00303030303030305
2022-02-16,16500,16900,16450,16450,1553,0.0
2022-02-17,16700,16700,16400,16450,3833,0.0
2022-02-18,16700,16700,16450,16600,3093,0.00911854103343468
2022-02-21,16600,16750,16100,16500,7461,-0.0060240963855421326
2022-02-22,16500,16600,16250,16500,4945,0.0
2022-02-23,16500,16650,16500,16500,3156,0.0
2022-02-24,16450,16900,16200,16350,6619,-0.009090909090909038
2022-02-25,16400,17000,16250,16500,5976,0.00917431192660545
2022-02-28,16350,16600,16200,16250,4245,-0.015151515151515138
2022-03-02,16200,16450,16200,16450,4040,0.012307692307692353
2022-03-03,16400,16550,16300,16450,3735,0.0
2022-03-04,16450,16600,16400,16500,1772,0.003039513677811634
2022-03-07,16650,16850,16300,16500,4075,0.0
2022-03-08,16500,16850,16300,16550,9285,0.003030303030302939
2022-03-10,16800,16800,16500,16700,1678,0.009063444108761365
2022-03-11,16700,16900,16500,16600,1525,-0.005988023952095856
2022-03-14,16600,19600,16200,16550,54753,-0.003012048192771122
2022-03-15,16550,16900,16400,16500,7934,-0.0030211480362537513
2022-03-16,16500,16800,16300,16500,20399,0.0
2022-03-17,16600,16900,16400,16500,10775,0.0
2022-03-18,16600,16900,16500,16900,4829,0.024242424242424176
2022-03-21,16950,17250,16950,17150,3669,0.014792899408283988
2022-03-22,17200,17400,17050,17200,3981,0.00291545189504383
2022-03-23,17200,17400,16600,17300,10278,0.005813953488372103
2022-03-24,17300,17600,16700,16800,8030,-0.028901734104046284
2022-03-25,16800,17100,16600,16900,7557,0.005952380952380931
2022-03-28,16850,16850,16550,16600,8806,-0.017751479289940808
2022-03-29,16600,16750,16500,16700,3771,0.006024096385542244
2022-03-30,16700,16900,16450,16600,6607,-0.005988023952095856
2022-03-31,16600,16700,16450,16700,3610,0.006024096385542244
2022-04-01,16700,16700,16400,16700,4030,0.0
2022-04-04,16800,17200,16500,17100,10691,0.0239520958083832
2022-04-05,17100,17100,16550,16650,7469,-0.02631578947368418
2022-04-06,16600,16650,16500,16650,4045,0.0
2022-04-07,16550,16600,16450,16550,6043,-0.006006006006005982
2022-04-08,16500,16650,16500,16600,3362,0.0030211480362538623
2022-04-11,16650,16700,16400,16500,14796,-0.0060240963855421326
2022-04-12,16400,16500,16250,16400,6416,-0.0060606060606061
2022-04-13,16300,16450,16200,16400,6943,0.0
2022-04-14,16400,16450,16300,16450,3859,0.0030487804878047697
2022-04-15,16450,16650,16250,16600,7371,0.00911854103343468
2022-04-18,16600,16600,16450,16600,2232,0.0
2022-04-19,16550,16600,16450,16550,2931,-0.003012048192771122
2022-04-20,16500,16600,16450,16600,3787,0.0030211480362538623
2022-04-21,16600,16650,16500,16650,12021,0.003012048192771122
2022-04-22,16750,16750,16500,16550,3595,-0.006006006006005982
2022-04-25,16450,16550,16450,16550,23926,0.0
2022-04-26,16550,16700,16350,16550,8816,0.0
2022-04-27,16500,16600,16350,16550,11478,0.0
2022-04-28,16400,16550,16300,16450,9444,-0.0060422960725075026
2022-04-29,16300,16500,16300,16450,5012,0.0
2022-05-02,16300,16550,16300,16500,1330,0.003039513677811634
2022-05-03,16550,17200,16400,16850,17455,0.021212121212121238
2022-05-04,17200,17200,16650,16750,11316,-0.005934718100890191
2022-05-06,16800,17100,16550,16750,20316,0.0
2022-05-09,16800,17000,16750,16950,8461,0.011940298507462588
2022-05-10,16950,16950,16650,16850,8696,-0.005899705014749235
2022-05-11,16850,17050,16600,17000,13794,0.008902077151335286
2022-05-12,16900,17000,16600,16700,6264,-0.01764705882352946
2022-05-13,16700,16700,16350,16600,17102,-0.005988023952095856
2022-05-16,16700,17050,16550,16850,16856,0.015060240963855387
2022-05-17,16850,16950,16550,16700,4654,-0.008902077151335286
2022-05-18,16700,16750,16600,16750,5849,0.0029940119760478723
2022-05-19,16600,16650,16200,16600,10508,-0.008955223880596996
2022-05-20,16600,16900,16500,16650,8413,0.003012048192771122
2022-05-23,16650,16850,16650,16750,6099,0.006006006006006093
2022-05-24,16750,16850,16550,16650,6567,-0.005970149253731294
2022-05-25,16650,16750,16650,16650,7180,0.0
2022-05-26,16700,16850,16650,16700,522,0.0030030030030030463
2022-05-27,16700,16800,16500,16600,6579,-0.005988023952095856
2022-05-30,16750,16750,16600,16650,3825,0.003012048192771122
2022-05-31,16650,16800,16650,16700,964,0.0030030030030030463
2022-06-02,16700,16800,16500,16700,6768,0.0
2022-06-03,16750,17050,16700,16700,8689,0.0
2022-06-07,16750,16800,16700,16800,2957,0.0059880239520957446
2022-06-08,16800,16900,16800,16800,6252,0.0
2022-06-09,16800,18000,16800,17200,20623,0.023809523809523725
2022-06-10,17200,17300,16650,16750,5444,-0.026162790697674465
2022-06-13,16750,16900,16250,16500,11527,-0.014925373134328401
2022-06-14,16550,16650,16500,16600,9322,0.0060606060606061
2022-06-15,16600,17000,16500,16650,5944,0.003012048192771122
2022-06-16,16800,16850,16350,16400,3856,-0.01501501501501501
2022-06-17,16400,16450,16200,16200,6702,-0.012195121951219523
2022-06-20,16250,16700,16150,16250,4505,0.0030864197530864335
2022-06-21,16250,16700,16100,16350,925,0.006153846153846176
2022-06-22,16350,16350,16050,16250,6881,-0.006116207951070374
2022-06-23,16250,16450,16000,16150,2383,-0.006153846153846176
2022-06-24,16150,16300,16050,16250,2657,0.006191950464396356
2022-06-27,16250,16250,16000,16200,2556,-0.003076923076923088
2022-06-28,16200,16400,16150,16400,1746,0.012345679012345734
2022-06-29,16400,16400,16150,16350,1306,-0.0030487804878048808
2022-06-30,16300,16400,16200,16300,972,-0.003058103975535187
2022-07-01,16200,16350,16000,16050,3743,-0.015337423312883458
2022-07-04,16100,16300,15950,16100,3863,0.0031152647975076775
2022-07-05,16100,16200,16000,16200,1418,0.006211180124223503
2022-07-06,16200,16300,16050,16200,473,0.0
2022-07-07,16200,16300,16050,16050,993,-0.0092592592592593
2022-07-08,16150,16400,15950,16300,4694,0.015576323987538832
2022-07-11,16250,16500,16000,16000,3330,-0.018404907975460127
2022-07-12,16000,16200,16000,16100,2657,0.006250000000000089
2022-07-13,16100,16300,16000,16000,429,-0.006211180124223614
2022-07-14,16050,16300,16000,16150,352,0.009374999999999911
2022-07-15,16150,16300,16000,16150,2020,0.0
2022-07-18,16100,16150,16000,16100,1658,-0.003095975232198178
2022-07-19,16000,16100,15900,16000,2181,-0.006211180124223614
2022-07-20,16000,16100,16000,16000,1996,0.0
2022-07-21,16000,16100,16000,16050,1670,0.0031250000000000444
2022-07-22,16050,16050,16000,16050,1349,0.0
2022-07-25,16100,16100,16000,16100,535,0.0031152647975076775
2022-07-26,16000,16200,16000,16200,4049,0.006211180124223503
2022-07-27,16150,16200,16000,16050,916,-0.0092592592592593
2022-07-28,16150,16200,16000,16050,1008,0.0
2022-07-29,16050,16200,16000,16150,1016,0.006230529595015577
2022-08-01,16200,16200,16050,16150,1060,0.0
2022-08-02,16150,16150,16000,16050,288,-0.006191950464396245
2022-08-03,16000,16100,16000,16050,1866,0.0
2022-08-04,16100,16200,16000,16150,904,0.006230529595015577
2022-08-05,16150,16150,16000,16050,1356,-0.006191950464396245
2022-08-08,16000,16150,16000,16050,1195,0.0
2022-08-09,16100,16100,16000,16000,802,-0.0031152647975077885
2022-08-10,16000,16100,15950,16100,2714,0.006250000000000089
2022-08-11,16150,16150,16000,16100,1531,0.0
2022-08-12,16150,16150,16000,16050,1158,-0.0031055900621117516
2022-08-16,16100,16100,15950,16050,1552,0.0
2022-08-17,16050,16100,16000,16100,1926,0.0031152647975076775
2022-08-18,16100,16100,16000,16000,694,-0.006211180124223614
2022-08-19,16050,16100,16000,16100,1232,0.006250000000000089
2022-08-22,16050,16100,16000,16050,602,-0.0031055900621117516
2022-08-23,16050,16100,16050,16050,2378,0.0
2022-08-24,16100,16100,16050,16100,1221,0.0031152647975076775
2022-08-25,16100,16200,16000,16150,1448,0.0031055900621117516
2022-08-26,16150,16150,16000,16000,2546,-0.009287925696594423
2022-08-29,16000,16050,15850,16000,4442,0.0
2022-08-30,15950,16100,15950,16000,3022,0.0
2022-08-31,16000,16000,15850,15900,3477,-0.006249999999999978
2022-09-01,15900,16000,15750,15850,1397,-0.0031446540880503138
2022-09-02,15650,15950,15650,15900,1170,0.003154574132492094
2022-09-05,15850,15900,15650,15800,1099,-0.0062893081761006275
2022-09-06,15800,15900,15750,15800,1884,0.0
2022-09-07,15800,15950,15700,15800,2581,0.0
2022-09-08,15800,16000,15700,16000,1418,0.012658227848101333
2022-09-13,16050,16100,15750,15800,2091,-0.012499999999999956
2022-09-14,15750,16000,15550,15700,3032,-0.006329113924050667
2022-09-15,15700,16050,15600,15700,2149,0.0
2022-09-16,15700,15700,15550,15700,1289,0.0
2022-09-19,15700,15700,15550,15650,1064,-0.0031847133757961776
2022-09-20,15650,15650,15550,15650,837,0.0
2022-09-21,15600,15650,15400,15650,3249,0.0
2022-09-22,15600,15600,14900,15500,6517,-0.009584664536741228
2022-09-23,15500,15700,15350,15400,2089,-0.006451612903225823
2022-09-26,15400,15500,14950,15350,6403,-0.0032467532467532756
2022-09-27,15250,15400,15200,15300,757,-0.0032573289902280145
2022-09-28,15100,15200,14700,15100,4049,-0.013071895424836555
2022-09-29,14950,15200,14850,15150,1866,0.0033112582781456013
2022-09-30,15200,15250,14900,14900,793,-0.01650165016501648
2022-10-04,15000,15400,14900,15100,2809,0.01342281879194629
2022-10-05,15100,15250,15000,15200,688,0.0066225165562914245
2022-10-06,16000,16000,15150,15200,616,0.0
2022-10-07,15850,15850,15250,15250,2260,0.00328947368421062
2022-10-11,15550,15550,14700,14700,3595,-0.0360655737704918
2022-10-12,14700,14800,14550,14550,590,-0.010204081632653073
2022-10-13,14300,14550,14200,14500,4662,-0.0034364261168384758
2022-10-14,14450,15100,14350,14500,4241,0.0
2022-10-17,14750,15450,14200,14600,1860,0.006896551724137945
2022-10-18,15700,15700,14700,14900,2626,0.020547945205479534
2022-10-19,15600,15600,14750,14800,900,-0.006711409395973145
2022-10-20,14650,15000,14600,14650,1624,-0.010135135135135087
2022-10-21,14750,14950,14550,14700,1069,0.0034129692832765013
2022-10-24,14600,15150,14600,14800,386,0.006802721088435382
2022-10-25,14750,15500,14750,14900,578,0.006756756756756799
2022-10-26,14800,15200,14700,14800,14473,-0.006711409395973145
2022-10-27,14800,15000,14750,14850,830,0.0033783783783782884
2022-10-28,14850,15000,14650,14650,299,-0.013468013468013518
2022-10-31,14800,14950,14700,14850,490,0.013651877133105783
2022-11-01,14750,15000,14700,14750,486,-0.006734006734006703
2022-11-02,14850,14900,14700,14800,202,0.003389830508474523
2022-11-03,14800,15450,14650,14850,1574,0.0033783783783782884
2022-11-04,15350,15350,14750,14800,437,-0.0033670033670033517
2022-11-07,14750,15450,14750,14800,1609,0.0
2022-11-08,14800,15100,14700,14900,2030,0.006756756756756799
2022-11-09,14950,15050,14800,14900,1350,0.0
2022-11-10,14750,14950,14750,14900,620,0.0
2022-11-11,14900,15050,14850,14900,2173,0.0
2022-11-14,14900,15000,14700,14900,2775,0.0
2022-11-15,14900,15000,14850,14950,1793,0.003355704697986628
2022-11-16,14950,15000,14850,15000,2864,0.0033444816053511683
2022-11-17,14950,15000,14850,15000,1227,0.0
2022-11-18,15000,15000,14900,15000,841,0.0
2022-11-21,14950,15000,14850,15000,1735,0.0
2022-11-22,14950,15100,14900,15000,2425,0.0
2022-11-23,15000,15050,14850,15050,2312,0.0033333333333334103
2022-11-24,15000,15450,15000,15350,1574,0.019933554817275656
2022-11-25,15350,15350,15150,15300,787,-0.0032573289902280145
2022-11-28,15250,15600,15150,15200,1071,-0.006535947712418277
2022-11-29,15100,15500,15000,15100,4395,-0.006578947368421018
2022-11-30,15100,15100,15000,15050,2116,-0.0033112582781457123
2022-12-01,15050,15100,15000,15050,10177,0.0
2022-12-02,15100,15100,14950,15000,661,-0.0033222591362126463
2022-12-05,14950,15050,14950,15000,576,0.0
2022-12-06,14900,15000,14900,15000,436,0.0
2022-12-07,14900,15050,14850,15000,532,0.0
2022-12-08,14900,15000,14700,15000,2024,0.0
2022-12-09,14900,15150,14750,14850,1451,-0.010000000000000009
2022-12-12,15000,15000,14900,14950,710,0.006734006734006703
2022-12-13,14950,14950,14850,14900,302,-0.0033444816053511683
2022-12-14,14950,14950,14750,14900,1393,0.0
2022-12-15,14900,14950,14900,14950,254,0.003355704697986628
2022-12-16,14800,14900,14700,14900,2253,-0.0033444816053511683
2022-12-19,14900,14900,14750,14900,1051,0.0
2022-12-20,15150,15150,14700,14900,1455,0.0
2022-12-21,14900,14900,14750,14800,539,-0.006711409395973145
2022-12-22,14850,14900,14700,14900,1539,0.006756756756756799
2022-12-23,14900,14900,14750,14850,892,-0.003355704697986628
2022-12-26,14750,14900,14750,14900,1487,0.0033670033670034627
2022-12-27,14900,14900,14800,14900,1244,0.0
2022-12-28,14950,15050,14750,14900,2182,0.0
2022-12-29,14750,14900,14700,14800,1403,-0.006711409395973145
2023-01-02,14800,14800,14550,14800,2334,0.0
2023-01-03,14700,14800,14600,14800,1641,0.0
2023-01-04,14800,15100,14650,14800,1504,0.0
2023-01-05,14750,15050,14700,14800,786,0.0
2023-01-06,14800,14850,14650,14850,1299,0.0033783783783782884
2023-01-09,14800,14900,14750,14850,398,0.0
2023-01-10,14950,15100,14750,14800,26630,-0.0033670033670033517
2023-01-11,14700,14900,14600,14800,4634,0.0
2023-01-12,14800,14800,14600,14700,1524,-0.006756756756756799
2023-01-13,14750,14750,14600,14600,945,-0.006802721088435382
2023-01-16,14600,14700,14500,14600,1326,0.0
2023-01-17,14550,14700,14500,14650,1201,0.003424657534246478
2023-01-18,14650,14850,14650,14700,901,0.0034129692832765013
2023-01-19,14550,14900,14550,14700,1291,0.0
2023-01-20,14700,14850,14650,14750,266,0.00340136054421758
2023-01-25,14750,14840,14650,14780,234,0.0020338983050847137
2023-01-26,14780,14890,14660,14800,324,0.0013531799729364913
2023-01-27,14710,15100,14710,14820,1536,0.0013513513513514486
2023-01-30,14820,14980,14820,14890,1189,0.004723346828610087
2023-01-31,14770,15070,14730,14900,1382,0.000671591672263272
2023-02-01,15000,15600,14970,15540,14346,0.04295302013422808
2023-02-02,16200,16800,15540,15890,21609,0.022522522522522515
2023-02-03,15910,16890,15490,15500,19561,-0.024543738200125897
2023-02-06,15500,15510,14890,15120,10306,-0.024516129032258083
2023-02-07,15010,15240,14950,14980,3066,-0.0092592592592593
2023-02-08,14980,15460,14630,14840,12469,-0.009345794392523366
2023-02-09,14710,14920,14710,14900,5154,0.0040431266846361336
2023-02-10,14810,14910,14720,14900,3166,0.0
2023-02-13,14850,15000,14730,14930,3663,0.002013422818792021
2023-02-14,16370,16370,14940,15020,22264,0.00602813127930335
2023-02-15,15250,15250,14790,15000,6492,-0.0013315579227696217
2023-02-16,14850,15150,14780,14900,8793,-0.00666666666666671
2023-02-17,14710,14900,14710,14840,6156,-0.004026845637583931
2023-02-20,14710,15080,14710,15040,13152,0.013477088948786964
2023-02-21,14980,15180,14920,14980,3472,-0.003989361702127714
2023-02-22,14980,15130,14780,14880,7096,-0.006675567423230944
2023-02-23,14890,14900,14800,14830,4758,-0.0033602150537634934
2023-02-24,14840,14850,14550,14800,4545,-0.0020229265003371966
2023-02-27,14800,14800,14660,14700,2498,-0.006756756756756799
2023-02-28,14700,14810,14570,14800,10041,0.006802721088435382
2023-03-02,14800,15110,14700,14840,8207,0.002702702702702675
2023-03-03,14830,15040,14600,14760,13105,-0.005390835579514808
2023-03-06,14690,14960,14690,14790,6610,0.00203252032520318
2023-03-07,14790,14860,14610,14730,8826,-0.0040567951318458695
2023-03-08,14720,14750,14610,14650,2395,-0.005431093007467802
2023-03-09,14620,14750,14420,14600,5327,-0.0034129692832765013
2023-03-10,14490,14750,14480,14610,5950,0.00068493150684934
2023-03-13,14600,14610,14430,14600,6142,-0.000684462696783017
2023-03-14,14480,14660,14310,14490,2559,-0.007534246575342518
2023-03-15,14500,14980,14470,14660,5324,0.011732229123533555
2023-03-16,14850,14870,14320,14600,11890,-0.004092769440654842
2023-03-17,14530,14850,14480,14600,5987,0.0
2023-03-20,14500,14920,14420,14600,2079,0.0
2023-03-21,14600,14850,14570,14820,6044,0.015068493150685036
2023-03-22,14880,14890,14520,14680,4745,-0.009446693657219951
2023-03-23,14560,14710,14380,14600,4387,-0.00544959128065392
2023-03-24,14570,14860,14480,14610,2296,0.00068493150684934
2023-03-27,14950,14950,14540,14600,2205,-0.000684462696783017
2023-03-28,14420,14720,14420,14600,1829,0.0
2023-03-29,14570,14690,14470,14600,1926,0.0
2023-03-30,14470,14600,14460,14600,4038,0.0
2023-03-31,14510,14760,14500,14630,1464,0.00205479452054802
2023-04-03,14700,14700,14540,14650,389,0.0013670539986330166
2023-04-04,14630,15000,14570,14690,2711,0.0027303754266212454
2023-04-05,14780,14780,14570,14600,1826,-0.006126616746085722
2023-04-06,14550,14690,14500,14590,1619,-0.00068493150684934
2023-04-07,14600,14990,14450,14600,3648,0.0006854009595613775
2023-04-10,14550,14840,14520,14620,1709,0.00136986301369868
2023-04-11,14660,14790,14500,14600,3955,-0.001367989056087593
2023-04-12,14600,14630,14500,14600,5187,0.0
2023-04-13,14530,14780,14510,14510,899,-0.006164383561643838
2023-04-14,14600,14600,14450,14450,5914,-0.004135079255685681
2023-04-17,14390,14490,14200,14230,17155,-0.0152249134948097
2023-04-18,14230,14270,14110,14240,18158,0.0007027406886859211
2023-04-19,14210,14300,14210,14240,14408,0.0
2023-04-20,14240,14300,14150,14240,5012,0.0
2023-04-21,14190,14250,14140,14250,4806,0.000702247191011196
2023-04-24,14240,14270,14210,14260,1290,0.00070175438596487
2023-04-25,14250,14330,14100,14260,3579,0.0
2023-04-26,14230,14350,14200,14270,1422,0.0007012622720896644
2023-04-27,14270,14270,14120,14270,879,0.0
2023-04-28,14170,14350,14170,14350,1365,0.005606166783461708
2023-05-02,14350,14350,14230,14290,1075,-0.004181184668989535
2023-05-03,14290,14290,14220,14290,956,0.0
2023-05-04,14280,14350,14180,14300,2728,0.0006997900629810427
2023-05-08,14300,14320,14110,14300,3928,0.0
2023-05-09,14160,14290,14160,14290,1838,-0.0006993006993006867
2023-05-10,14220,14300,14200,14300,1952,0.0006997900629810427
2023-05-11,14270,14300,14260,14300,757,0.0
2023-05-12,14280,14300,14220,14300,1771,0.0
2023-05-15,14280,14300,14050,14300,6478,0.0
2023-05-16,14200,14310,14180,14310,4437,0.0006993006993007977
2023-05-17,14290,14300,14200,14290,2249,-0.0013976240391334604
2023-05-18,14210,14850,14200,14840,15311,0.0384884534639609
2023-05-19,14870,14990,14610,14610,4049,-0.015498652291105142
2023-05-22,14470,14610,14270,14270,2827,-0.02327173169062291
2023-05-23,14270,14330,14000,14250,12218,-0.0014015416958654825
2023-05-24,14200,14240,14110,14190,1228,-0.004210526315789442
2023-05-25,14180,14230,14100,14190,896,0.0
2023-05-26,14180,14200,14100,14190,1895,0.0
2023-05-30,14200,14390,14140,14180,2826,-0.0007047216349541641
2023-05-31,14180,14290,14110,14180,2472,0.0
2023-06-01,14650,14650,14110,14250,1789,0.0049365303244006675
2023-06-02,14230,14330,14160,14220,1668,-0.002105263157894721
2023-06-05,14170,14230,14120,14200,974,-0.0014064697609000865
2023-06-07,14180,14290,14120,14220,1870,0.0014084507042253502
2023-06-08,14220,14370,14130,14200,1958,-0.0014064697609000865
2023-06-09,14200,14300,14190,14270,887,0.004929577464788837
2023-06-12,14250,14250,14110,14200,1384,-0.004905395935529078
2023-06-13,14190,14460,14110,14300,3153,0.007042253521126751
2023-06-14,14500,14950,14130,14200,1313,-0.006993006993006978
2023-06-15,14200,14750,14070,14200,6553,0.0
2023-06-16,14140,14680,14140,14250,2024,0.0035211267605634866
2023-06-19,14730,14730,14120,14290,2266,0.0028070175438597023
2023-06-20,14270,14730,14160,14620,6447,0.02309307207837641
2023-06-21,14510,14890,14210,14210,2108,-0.028043775649794767
2023-06-22,14130,14440,14130,14200,929,-0.0007037297677692234
2023-06-23,14200,14200,14180,14200,1229,0.0
2023-06-26,14200,14220,14100,14220,3499,0.0014084507042253502
2023-06-27,14210,14220,14130,14200,775,-0.0014064697609000865
2023-06-28,14250,14250,14170,14200,570,0.0
2023-06-29,14250,14700,13980,14200,3496,0.0
2023-06-30,14200,14330,14140,14210,316,0.0007042253521127861
2023-07-03,14210,14340,14130,14200,5190,-0.0007037297677692234
2023-07-04,14200,14320,14130,14240,4774,0.0028169014084507005
2023-07-05,14250,14300,14090,14250,3776,0.000702247191011196
2023-07-06,14250,14300,14110,14300,3484,0.0035087719298245723
2023-07-07,14190,14300,14140,14240,4566,-0.004195804195804231
2023-07-10,14230,14250,14100,14240,4069,0.0
2023-07-11,14240,14600,14180,14300,2080,0.004213483146067398
2023-07-12,14300,14300,13580,14200,14392,-0.006993006993006978
2023-07-13,14200,14200,14030,14170,11997,-0.0021126760563380254
2023-07-14,14170,14290,14100,14240,3099,0.004940014114326097
2023-07-17,14280,14300,13800,14200,12423,-0.002808988764044895
2023-07-18,14090,14200,14000,14200,9795,0.0
2023-07-19,14200,14210,14060,14210,5986,0.0007042253521127861
2023-07-20,14180,14210,14100,14200,702,-0.0007037297677692234
2023-07-21,14130,14290,14070,14210,3277,0.0007042253521127861
2023-07-24,14660,14700,14130,14200,3340,-0.0007037297677692234
2023-07-25,14130,14240,14070,14210,4148,0.0007042253521127861
2023-07-26,14210,14290,13970,13970,6536,-0.01688951442646025
2023-07-27,13910,14080,13910,14060,2996,0.006442376521116788
2023-07-28,14450,14620,13900,14200,6011,0.009957325746799528
2023-07-31,14240,14490,14020,14240,1866,0.0028169014084507005
2023-08-01,14120,14290,14110,14270,1737,0.00210674157303381
2023-08-02,14230,14230,14030,14230,3494,-0.002803083391730854
2023-08-03,14320,14500,14150,14400,7573,0.01194659170765977
2023-08-04,14590,14590,14130,14240,2488,-0.011111111111111072
2023-08-07,14120,14120,13910,14000,7935,-0.016853932584269704
2023-08-08,14000,14180,13420,14000,12033,0.0
2023-08-09,13860,14000,13700,14000,10779,0.0
2023-08-10,14070,14070,13950,14000,4054,0.0
2023-08-11,14000,14260,13910,14210,3053,0.014999999999999902
2023-08-14,14210,14340,13960,14090,5557,-0.008444757213230125
2023-08-16,13960,14240,13800,14000,13912,-0.0063875088715400485
2023-08-17,13900,14260,13630,14000,17425,0.0
2023-08-18,13940,14440,13720,13970,2987,-0.002142857142857113
2023-08-21,13820,14080,13720,14080,4302,0.007874015748031482
2023-08-22,13950,14180,13900,14090,1435,0.0007102272727272929
2023-08-23,14090,14170,13860,13910,6348,-0.012775017743080208
2023-08-24,13910,14040,13820,14040,3585,0.009345794392523255
2023-08-25,14040,14150,13730,13890,120912,-0.010683760683760646
2023-08-28,13860,14090,13750,13980,10753,0.00647948164146861
2023-08-29,14120,14120,13850,14000,744,0.0014306151645206988
2023-08-30,14000,14060,13860,14000,3258,0.0
2023-08-31,14050,14130,13890,14030,5058,0.002142857142857224
2023-09-01,13980,14100,13860,14000,6704,-0.002138275124732747
2023-09-04,14000,14200,13900,14010,3311,0.0007142857142856673
2023-09-05,14010,14010,13760,14000,5920,-0.0007137758743754885
2023-09-06,14000,14030,13870,14030,1866,0.002142857142857224
2023-09-07,14100,14110,13900,14060,692,0.002138275124732747
2023-09-08,14060,14130,13920,14000,456,-0.004267425320056861
2023-09-11,13920,14010,13870,14010,1977,0.0007142857142856673
2023-09-12,14080,14110,13870,14000,2267,-0.0007137758743754885
2023-09-13,14000,14110,13930,14000,93,0.0
2023-09-14,14100,14100,13860,14000,2808,0.0
2023-09-15,13930,14070,13930,14020,4053,0.0014285714285713347
2023-09-18,13950,14110,13900,14000,2001,-0.0014265335235378318
2023-09-19,14000,14180,13940,14110,1770,0.007857142857142785
2023-09-20,14170,14400,14000,14130,1184,0.0014174344436570507
2023-09-21,14190,14400,13990,14120,4337,-0.0007077140835102247
2023-09-22,14120,14340,13420,14110,11215,-0.0007082152974504652
2023-09-25,14060,14420,13950,14120,2628,0.0007087172218285254
2023-09-26,14240,14260,14000,14100,2127,-0.0014164305949008194
2023-09-27,14100,14320,13990,14180,310,0.005673758865248235
2023-10-04,14250,14330,14060,14190,1011,0.0007052186177716191
2023-10-05,14200,14270,13510,14000,9162,-0.013389711064129672
2023-10-06,13930,14100,13900,14060,683,0.004285714285714226
2023-10-10,14060,14290,13900,14000,1121,-0.004267425320056861
2023-10-11,13990,14050,13930,14000,319,0.0
2023-10-12,13950,14050,13930,14030,1590,0.002142857142857224
2023-10-13,14360,14360,13950,14090,419,0.004276550249465494
2023-10-16,14090,14100,13920,14100,2424,0.0007097232079489313
2023-10-17,14240,14290,14000,14000,1432,-0.007092198581560294
2023-10-18,13980,14350,13970,14100,613,0.0071428571428571175
2023-10-19,14100,14300,13910,14100,2328,0.0
2023-10-20,14100,14210,13900,14100,2911,0.0
2023-10-23,14310,14310,14020,14160,2476,0.004255319148936065
2023-10-24,14330,14330,14050,14150,2884,-0.0007062146892655718
2023-10-25,14150,14150,14000,14100,2505,-0.0035335689045936647
2023-10-26,13980,14300,13970,14130,1687,0.0021276595744681437
2023-10-27,14310,14310,13990,14100,2452,-0.002123142250530785
2023-10-30,14100,14180,14030,14120,1883,0.0014184397163119478
2023-10-31,14070,14270,14020,14100,2227,-0.0014164305949008194
2023-11-01,14060,14250,14050,14110,1216,0.0007092198581559739
2023-11-02,14160,14300,14010,14120,1232,0.0007087172218285254
2023-11-03,14120,14120,14000,14120,2155,0.0
2023-11-06,14190,14200,14000,14180,2017,0.004249291784702569
2023-11-07,14070,14200,14020,14200,4026,0.0014104372355430161
2023-11-08,14200,14250,14020,14200,3495,0.0
2023-11-09,14200,14280,14100,14220,837,0.0014084507042253502
2023-11-10,14220,14290,14100,14220,1160,0.0
2023-11-13,14100,14270,14100,14230,2457,0.0007032348804500987
2023-11-14,14230,14340,14160,14300,4031,0.004919184820801226
2023-11-15,14290,14490,14250,14250,2633,-0.0034965034965035446
2023-11-16,14250,14250,14140,14160,1020,-0.0063157894736841635
2023-11-17,14160,14200,14100,14200,3733,0.0028248587570620654
2023-11-20,14160,14220,14140,14210,865,0.0007042253521127861
2023-11-21,14200,14250,14130,14230,1693,0.0014074595355384467
2023-11-22,14210,14220,14000,14200,2265,-0.0021082220660576523
2023-11-23,14200,14280,14110,14200,1779,0.0
2023-11-24,14270,14270,14160,14240,702,0.0028169014084507005
2023-11-27,14240,14250,14140,14230,930,-0.000702247191011196
2023-11-28,14270,14270,14190,14240,560,0.0007027406886859211
2023-11-29,14270,14270,14150,14240,1551,0.0
2023-11-30,14180,14250,14140,14250,1277,0.000702247191011196
2023-12-01,14240,14250,14180,14250,137,0.0
2023-12-04,14250,14260,14180,14260,715,0.00070175438596487
2023-12-05,14240,14250,14170,14230,1405,-0.0021037868162693263
2023-12-06,14230,14240,14200,14200,207,-0.0021082220660576523
2023-12-07,14200,14210,14170,14200,114,0.0
2023-12-08,14200,14220,14200,14210,227,0.0007042253521127861
2023-12-11,14200,14220,14050,14220,5435,0.0007037297677692234
2023-12-12,14210,14500,14180,14260,2578,0.002812939521800173
2023-12-13,14260,15000,14200,14360,3444,0.007012622720897532
2023-12-14,14360,14820,14280,14360,1009,0.0
2023-12-15,14360,14370,14310,14360,347,0.0
2023-12-18,14360,14430,14290,14360,5557,0.0
2023-12-19,14300,14390,14250,14300,1001,-0.004178272980501441
2023-12-20,14300,14400,14270,14330,742,0.002097902097902171
2023-12-21,14270,14500,14270,14340,1166,0.0006978367062107083
2023-12-22,14340,14380,14280,14350,1479,0.0006973500697349255
2023-12-26,14350,14390,14270,14360,1527,0.0006968641114981633
2023-12-27,14290,14360,14290,14350,471,-0.0006963788300835549
2023-12-28,14350,14350,14280,14340,455,-0.0006968641114982743
2024-01-02,14260,14330,14230,14300,1071,-0.002789400278940035
2024-01-03,14300,14340,14250,14340,2145,0.002797202797202747
2024-01-04,14350,14350,14270,14340,881,0.0
2024-01-05,14250,14330,14220,14320,1870,-0.001394700139469962
2024-01-08,14250,14320,14210,14320,1945,0.0
2024-01-09,14250,14320,14250,14320,569,0.0
2024-01-10,14320,14320,14210,14320,1585,0.0
2024-01-11,14340,14340,14280,14330,1546,0.0006983240223463749
2024-01-12,14270,14480,14270,14380,2385,0.0034891835310537633
2024-01-15,14440,14470,14250,14380,2225,0.0
2024-01-16,14340,14730,14240,14380,3495,0.0
2024-01-17,14380,14380,14240,14320,1551,-0.004172461752433909
2024-01-18,14320,14360,14220,14310,3053,-0.0006983240223463749
2024-01-19,14310,15000,14270,14360,3275,0.0034940600978337066
2024-01-22,14360,14360,14270,14300,501,-0.004178272980501441
2024-01-23,14310,14590,14250,14320,1475,0.0013986013986013734
2024-01-24,14410,14410,14270,14330,831,0.0006983240223463749
2024-01-25,14330,14700,14230,14370,1632,0.002791346824843055
2024-01-26,14280,14450,14260,14350,1972,-0.0013917884481559062
2024-01-29,14350,14350,14250,14350,3177,0.0
2024-01-30,14460,14810,14280,14350,2464,0.0
2024-01-31,14390,14390,14270,14350,1629,0.0
2024-02-01,14350,14350,14270,14300,2185,-0.0034843205574912606
2024-02-02,14300,14300,14210,14280,40972,-0.0013986013986013734
2024-02-05,14350,14480,14260,14350,3661,0.004901960784313708
2024-02-06,14360,14360,14010,14010,35671,-0.02369337979094077
2024-02-07,14080,14170,13930,14090,4854,0.005710206995003464
2024-02-08,14090,14240,13920,14240,3026,0.010645848119233525
2024-02-13,14240,14310,14090,14310,2440,0.004915730337078594
2024-02-14,14530,14530,14180,14320,2070,0.0006988120195667857
2024-02-15,14320,14400,14240,14310,658,-0.0006983240223463749
2024-02-16,14310,14440,14260,14350,3076,0.002795248078266921
2024-02-19,14350,14430,14230,14350,4606,0.0
2024-02-20,14370,14370,14250,14350,5760,0.0
2024-02-21,14280,14500,13500,14390,14290,0.0027874564459930973
2024-02-22,14410,14410,14280,14350,2680,-0.002779708130646319
2024-02-23,14310,14390,14270,14350,3166,0.0
2024-02-26,14340,14400,14260,14400,4251,0.0034843205574912606
2024-02-27,14300,14400,14270,14400,3452,0.0
2024-02-28,14490,14500,14270,14400,4989,0.0
2024-02-29,14380,14380,14310,14350,935,-0.00347222222222221
2024-03-04,14300,14440,14270,14360,1521,0.0006968641114981633
2024-03-05,14430,14440,14290,14360,2492,0.0
2024-03-06,14360,14380,14300,14370,1647,0.0006963788300835549
2024-03-07,14350,14380,14310,14370,1085,0.0
2024-03-08,14390,14400,14320,14390,826,0.0013917884481557952
2024-03-11,14390,14420,14300,14410,1143,0.001389854065323215
2024-03-12,14280,14500,14280,14400,1981,-0.000693962526023606
2024-03-13,14400,14490,14340,14390,1391,-0.000694444444444442
2024-03-14,14310,14440,14280,14400,1211,0.0006949270326614965
2024-03-15,14400,14410,14310,14400,994,0.0
2024-03-18,14400,14430,14320,14400,441,0.0
2024-03-19,14400,14430,14360,14430,2060,0.002083333333333437
2024-03-20,14430,14490,14350,14410,1972,-0.001386001386001423
2024-03-21,14350,14500,14330,14430,1556,0.001387925052047212
2024-03-22,14400,14410,13920,14400,5576,-0.0020790020790020236
2024-03-25,14330,14490,14320,14400,191,0.0
2024-03-26,14350,14440,14310,14400,1082,0.0
2024-03-27,14330,14410,14330,14410,4472,0.000694444444444553
2024-03-28,14360,14430,14360,14410,1965,0.0
2024-03-29,14400,14420,14350,14420,2742,0.000693962526023606
2024-04-01,14400,14500,14360,14450,4191,0.0020804438280166426
2024-04-02,14430,14490,14410,14440,754,-0.0006920415224913601
2024-04-03,14380,14460,14380,14450,5827,0.0006925207756232066
2024-04-04,14450,14470,14390,14450,444,0.0
2024-04-05,14440,14470,14360,14470,4132,0.0013840830449827202
2024-04-08,14470,14490,14410,14480,1091,0.0006910850034553828
2024-04-09,14480,14490,14380,14490,4130,0.0006906077348065587
2024-04-11,14490,14500,14400,14500,3222,0.0006901311249136732
2024-04-12,14500,14500,14440,14500,2667,0.0
2024-04-15,14440,14500,14420,14500,780,0.0
2024-04-16,15000,15000,14570,14740,9151,0.016551724137930934
2024-04-17,14740,14990,14460,14820,2093,0.005427408412483015
2024-04-18,14820,15000,14700,14950,20318,0.00877192982456143
2024-04-19,15480,15480,14650,15100,15878,0.010033444816053505
2024-04-22,15120,15300,14790,14960,2771,-0.009271523178807972
2024-04-23,15150,15150,14900,15080,2563,0.008021390374331583
2024-04-24,15270,15300,14950,14960,1397,-0.007957559681697646
2024-04-25,15000,16100,15000,15710,13007,0.050133689839572115
2024-04-26,15990,16300,15640,15870,12505,0.010184595798854224
2024-04-29,15710,15970,14520,14800,6547,-0.06742281033396347
2024-04-30,14640,15180,14500,14720,4750,-0.00540540540540535
2024-05-02,14840,14860,14420,14700,3075,-0.0013586956521739468
2024-05-03,14740,14740,14340,14470,3343,-0.0156462585034014
2024-05-07,14470,14560,14440,14550,1475,0.005528680027643507
2024-05-08,14530,14680,14430,14670,3856,0.008247422680412342
2024-05-09,14560,14750,14530,14680,1949,0.0006816632583503957
2024-05-10,14680,14750,14560,14700,1619,0.0013623978201635634
2024-05-13,14750,14760,14660,14730,3042,0.0020408163265306367
2024-05-14,14730,14750,14570,14690,4459,-0.0027155465037338455
2024-05-16,14690,14700,14580,14700,2320,0.000680735194009463
2024-05-17,14610,14710,14610,14710,1023,0.0006802721088434716
2024-05-20,14700,14730,14540,14700,3235,-0.0006798096532970588
2024-05-21,14610,14700,14580,14700,1498,0.0
2024-05-22,14700,14700,14590,14650,1162,-0.003401360544217691
2024-05-23,14650,14700,14600,14660,427,0.0006825938566552558
2024-05-24,14610,14660,14570,14650,375,-0.0006821282401091588
2024-05-27,14600,14600,14500,14550,5370,-0.0068259385665528916
2024-05-28,14550,14790,14540,14660,978,0.007560137457044647
2024-05-29,14600,15000,14560,14690,1550,0.0020463847203273655
2024-05-30,14630,14640,14560,14610,683,-0.005445881552076259
2024-05-31,14600,15200,14540,14650,1869,0.002737850787132068
2024-06-03,14580,14970,14580,14690,895,0.0027303754266212454
2024-06-04,14690,14950,14560,14650,1347,-0.002722940776038074
2024-06-05,14590,14690,14580,14670,1467,0.0013651877133105117
2024-06-07,14650,14870,14500,14710,1840,0.0027266530334015826
2024-06-10,14710,14810,14630,14700,1065,-0.0006798096532970588
2024-06-11,14700,14830,14600,14700,709,0.0
2024-06-12,14800,14980,14610,14710,1002,0.0006802721088434716
2024-06-13,14660,14750,14630,14700,710,-0.0006798096532970588
2024-06-14,14650,15000,14620,14900,2911,0.013605442176870763
2024-06-17,14900,14900,14710,14730,656,-0.01140939597315438
2024-06-18,14730,15000,14500,14730,4662,0.0
2024-06-19,14760,14930,14630,14770,490,0.0027155465037338455
2024-06-20,14680,14700,14650,14660,190091,-0.007447528774543022
2024-06-21,14660,14810,14580,14660,1631,0.0
2024-06-24,14620,14670,14590,14660,1380,0.0
2024-06-25,14780,14780,14560,14600,3611,-0.004092769440654842
2024-06-26,14540,14600,14470,14550,1873,-0.003424657534246589
2024-06-27,14470,14560,14460,14560,1162,0.0006872852233676952
2024-06-28,14560,14560,14510,14560,493,0.0
2024-07-01,14560,14560,14360,14420,18734,-0.009615384615384581
2024-07-02,14390,14500,14340,14500,2924,0.00554785020804438
2024-07-03,14500,14500,14420,14420,444,-0.0055172413793103114
2024-07-04,14420,14500,14360,14500,1667,0.00554785020804438
2024-07-05,14500,14500,14360,14500,1225,0.0
2024-07-08,14420,14420,14250,14300,1023,-0.01379310344827589
2024-07-09,14290,14390,14000,14340,7136,0.002797202797202747
2024-07-10,14300,14300,14000,14300,8075,-0.002789400278940035
2024-07-11,14290,14290,13980,14000,3844,-0.020979020979020935
2024-07-12,13990,14000,13860,14000,1705,0.0
2024-07-15,14000,14000,13690,13690,7806,-0.02214285714285713
2024-07-16,13570,14000,13430,14000,8103,0.02264426588750923
2024-07-17,13870,13990,13630,13990,7124,-0.0007142857142856673
2024-07-18,13890,14010,13710,14010,8542,0.0014295925661187425
2024-07-19,13920,14050,13820,14040,493,0.0021413276231263545
2024-07-22,14200,14200,13960,14100,598,0.004273504273504258
2024-07-23,14100,14100,13980,14100,1719,0.0
2024-07-24,14000,14200,14000,14160,4310,0.004255319148936065
2024-07-25,14030,14160,13650,14100,1474,-0.004237288135593209
2024-07-26,13980,14180,13980,14150,317,0.0035460992907800915
2024-07-29,14150,14200,14100,14190,777,0.002826855123674976
2024-07-30,14200,14200,14010,14120,1573,-0.0049330514446793705
2024-07-31,14000,14200,14000,14200,1259,0.0056657223796034994
2024-08-01,14200,14250,14080,14240,2647,0.0028169014084507005
2024-08-02,14110,14380,14080,14190,1639,-0.0035112359550562022
2024-08-05,14190,15000,13900,14170,2593,-0.0014094432699084392
2024-08-06,14170,14240,14020,14170,1493,0.0
2024-08-07,14040,14220,14030,14200,993,0.0021171489061397875
2024-08-08,14200,14200,14050,14200,1308,0.0
2024-08-09,14150,14270,14110,14200,289,0.0
2024-08-12,14100,14280,14080,14200,1635,0.0
2024-08-13,14130,14240,14050,14190,1321,-0.0007042253521126751
2024-08-14,14100,14290,14020,14200,4591,0.0007047216349542751
2024-08-16,14180,14250,14120,14200,1047,0.0
2024-08-19,14160,14250,14160,14190,12,-0.0007042253521126751
2024-08-20,14200,14240,14110,14190,2443,0.0
2024-08-21,14140,14200,14080,14200,2410,0.0007047216349542751
2024-08-22,14120,14270,14120,14270,817,0.004929577464788837
2024-08-23,14170,14340,14140,14300,2871,0.0021023125437982237
2024-08-26,14190,14440,14190,14240,5427,-0.004195804195804231
2024-08-27,14360,14370,14230,14300,1288,0.004213483146067398
2024-08-28,14280,14300,14210,14290,1758,-0.0006993006993006867
2024-08-29,14270,14330,14200,14290,839,0.0
2024-08-30,14280,14350,14230,14310,760,0.0013995801259623075
2024-09-02,14250,14340,14210,14300,2842,-0.0006988120195667857
2024-09-03,14290,15000,14180,14290,5439,-0.0006993006993006867
2024-09-04,14120,14460,14110,14230,4839,-0.0041987403778865895
2024-09-05,14220,14320,14220,14300,4715,0.004919184820801226
2024-09-06,14230,14440,14210,14300,3340,0.0
2024-09-09,15200,15200,14300,14390,3944,0.0062937062937062915
2024-09-10,14860,14860,14300,14380,3140,-0.0006949270326616075
2024-09-11,14450,14520,14310,14370,2084,-0.0006954102920723182
2024-09-12,14300,14400,14280,14350,779,-0.0013917884481559062
2024-09-13,14440,14440,14290,14380,1163,0.002090592334494712
2024-09-19,14330,14380,14200,14300,1185,-0.0055632823365785455
2024-09-20,14300,14440,14200,14300,2533,0.0
2024-09-23,14220,14380,14180,14310,3647,0.0006993006993007977
2024-09-24,14810,14810,14220,14220,35707,-0.0062893081761006275
2024-09-25,14220,14290,14060,14250,3499,0.0021097046413502962
2024-09-26,14250,14250,14100,14250,653,0.0
2024-09-27,14250,14290,14170,14250,543,0.0
