Date,Open,High,Low,Close,Volume,Change
2022-01-03,14500,15000,14400,14900,205848,0.03114186851211076
2022-01-04,15000,15100,14550,14700,181630,-0.01342281879194629
2022-01-05,14650,14700,14250,14450,147426,-0.017006802721088454
2022-01-06,14100,14600,14000,14300,147226,-0.01038062283737029
2022-01-07,14350,14800,14150,14750,162671,0.03146853146853146
2022-01-10,14750,14750,14200,14200,158041,-0.037288135593220306
2022-01-11,14300,14400,14050,14200,94566,0.0
2022-01-12,14300,14550,14200,14450,85982,0.01760563380281699
2022-01-13,14450,15200,14450,15100,528742,0.04498269896193774
2022-01-14,15250,15500,14800,15150,426519,0.0033112582781456013
2022-01-17,14950,15000,14300,14500,219567,-0.04290429042904287
2022-01-18,14400,14700,13900,14000,276794,-0.03448275862068961
2022-01-19,13750,14000,13550,13900,116373,-0.0071428571428571175
2022-01-20,13700,14200,13700,14200,77792,0.021582733812949728
2022-01-21,13850,14050,13850,14000,67436,-0.014084507042253502
2022-01-24,13750,13900,13250,13400,137899,-0.042857142857142816
2022-01-25,13300,13350,12500,12750,207036,-0.04850746268656714
2022-01-26,12550,13250,12550,12900,123823,0.0117647058823529
2022-01-27,12850,13050,12000,12300,154344,-0.046511627906976716
2022-01-28,12200,13100,11950,13050,168751,0.060975609756097615
2022-02-03,13300,14050,13250,13700,179612,0.04980842911877392
2022-02-04,13600,16000,13550,15550,1813816,0.13503649635036497
2022-02-07,15100,15850,14850,15500,988984,-0.003215434083601254
2022-02-08,16000,16700,15250,15600,1452358,0.006451612903225712
2022-02-09,16100,16400,15650,16000,554812,0.02564102564102555
2022-02-10,16400,16400,15700,16150,451696,0.009374999999999911
2022-02-11,15850,16400,15800,15850,516598,-0.018575851393188847
2022-02-14,15350,15900,15200,15500,340585,-0.02208201892744477
2022-02-15,15600,15700,14700,15000,312367,-0.032258064516129004
2022-02-16,15550,15800,15200,15800,324470,0.05333333333333323
2022-02-17,15850,16400,15100,15550,673293,-0.015822784810126556
2022-02-18,15200,16250,15200,15900,411772,0.022508038585209
2022-02-21,15450,16200,15450,16100,338937,0.012578616352201255
2022-02-22,15700,16000,15500,15650,331854,-0.02795031055900621
2022-02-23,15800,15900,15450,15750,175912,0.006389776357827559
2022-02-24,15400,15600,15000,15000,279219,-0.04761904761904767
2022-02-25,15300,15700,15250,15700,207210,0.046666666666666634
2022-02-28,16000,16150,15450,16000,367468,0.019108280254777066
2022-03-02,15850,16300,15750,16200,307037,0.012499999999999956
2022-03-03,16450,16500,16000,16500,355651,0.0185185185185186
2022-03-04,16600,16600,16050,16250,268430,-0.015151515151515138
2022-03-07,15900,16100,15500,15900,208486,-0.021538461538461506
2022-03-08,15400,15850,13050,14350,1263175,-0.09748427672955973
2022-03-10,15150,15450,14800,15050,412799,0.04878048780487809
2022-03-11,15350,16350,15150,16250,917210,0.07973421926910307
2022-03-14,16450,16500,15700,15750,487943,-0.03076923076923077
2022-03-15,15850,16250,15700,16000,371495,0.015873015873015817
2022-03-16,16650,16700,16100,16150,447068,0.009374999999999911
2022-03-17,16450,16450,15950,16200,311332,0.003095975232198178
2022-03-18,16200,16200,15700,15950,219346,-0.015432098765432056
2022-03-21,16300,16550,16050,16050,418504,0.006269592476489061
2022-03-22,16050,16100,15800,16000,159894,-0.0031152647975077885
2022-03-23,16050,16050,15700,15800,222332,-0.012499999999999956
2022-03-24,12400,14300,12400,14050,3300192,-0.11075949367088611
2022-03-25,14100,14150,13300,13550,991666,-0.03558718861209964
2022-03-28,13550,13750,13250,13550,405335,0.0
2022-03-29,13700,13750,13450,13600,263813,0.0036900369003689537
2022-03-30,13900,14100,13800,13950,396394,0.025735294117646967
2022-03-31,14000,14050,13700,13950,205481,0.0
2022-04-01,14000,14400,13850,14350,380450,0.028673835125448077
2022-04-04,14600,14750,14550,14700,339059,0.024390243902439046
2022-04-05,14950,14950,14200,14550,254412,-0.010204081632653073
2022-04-06,14350,14950,14300,14550,304766,0.0
2022-04-07,14850,14850,14300,14400,160537,-0.010309278350515427
2022-04-08,14400,14400,13950,14350,142215,-0.00347222222222221
2022-04-11,14500,14500,13900,14100,121907,-0.017421602787456414
2022-04-12,13850,14000,13700,13950,132027,-0.010638297872340385
2022-04-13,13950,14250,13700,14150,132567,0.014336917562723928
2022-04-14,14350,14400,13900,14100,120460,-0.0035335689045936647
2022-04-15,14050,14100,13800,14000,85359,-0.007092198581560294
2022-04-18,14050,14350,13950,14100,146059,0.0071428571428571175
2022-04-19,14100,14100,13800,13950,102080,-0.010638297872340385
2022-04-20,14100,14100,13700,13800,122026,-0.010752688172043001
2022-04-21,13800,13850,13600,13650,107744,-0.010869565217391353
2022-04-22,13650,13650,13400,13550,95192,-0.0073260073260073
2022-04-25,13400,13400,13100,13200,102390,-0.02583025830258301
2022-04-26,13100,13400,13050,13100,95397,-0.007575757575757569
2022-04-27,12800,13050,12550,13050,113898,-0.003816793893129722
2022-04-28,12950,13300,12800,12850,80623,-0.01532567049808431
2022-04-29,13100,13300,13000,13150,104330,0.023346303501945442
2022-05-02,13150,13500,12900,13150,96212,0.0
2022-05-03,13150,13200,12950,13050,61926,-0.0076045627376425395
2022-05-04,13050,13050,12600,12700,132221,-0.026819923371647514
2022-05-06,12600,12700,12350,12500,91954,-0.015748031496062964
2022-05-09,12400,12400,11900,11900,140290,-0.04800000000000004
2022-05-10,11700,11700,10850,11500,199957,-0.03361344537815125
2022-05-11,11500,11800,11250,11500,100159,0.0
2022-05-12,11300,11300,10650,10650,172682,-0.07391304347826089
2022-05-13,10550,10950,10500,10850,79405,0.018779342723004744
2022-05-16,11200,11400,11000,11250,77715,0.03686635944700467
2022-05-17,11350,11350,11050,11150,38826,-0.008888888888888835
2022-05-18,11300,11300,11000,11050,50484,-0.008968609865470878
2022-05-19,10600,11550,10600,11300,91129,0.02262443438914019
2022-05-20,11150,11300,11100,11200,53992,-0.008849557522123908
2022-05-23,11250,11250,10900,10950,51750,-0.022321428571428603
2022-05-24,10800,11150,10800,10800,42445,-0.013698630136986356
2022-05-25,10850,10900,10650,10800,42214,0.0
2022-05-26,10850,11150,10750,10950,51854,0.01388888888888884
2022-05-27,11200,11550,11100,11550,141724,0.0547945205479452
2022-05-30,11750,12050,11700,12000,111522,0.03896103896103886
2022-05-31,12250,12250,11800,12000,63860,0.0
2022-06-02,12000,12000,11400,11500,125560,-0.04166666666666663
2022-06-03,11800,11800,11500,11750,100198,0.021739130434782705
2022-06-07,11850,11900,11650,11750,47751,0.0
2022-06-08,11950,11950,11700,11750,36940,0.0
2022-06-09,11550,11750,11400,11450,59885,-0.025531914893617058
2022-06-10,11400,11400,10950,11050,122890,-0.03493449781659386
2022-06-13,10600,10750,10200,10250,132573,-0.07239819004524883
2022-06-14,9900,10200,9680,10150,134832,-0.009756097560975618
2022-06-15,10150,10200,9570,9620,124418,-0.05221674876847293
2022-06-16,9770,10100,9700,9700,69226,0.008316008316008316
2022-06-17,9600,9820,9000,9770,79998,0.007216494845360799
2022-06-20,9770,9770,8990,9110,127855,-0.06755373592630498
2022-06-21,9010,9520,8930,9410,79812,0.03293084522502743
2022-06-22,9400,9490,8900,8940,68202,-0.04994686503719448
2022-06-23,8900,9090,8200,8240,147532,-0.07829977628635343
2022-06-24,8120,8590,8120,8510,61994,0.03276699029126218
2022-06-27,8850,8980,8510,8950,63399,0.051703877790834296
2022-06-28,8920,9090,8850,9070,68263,0.013407821229050265
2022-06-29,8920,8980,8790,8920,45694,-0.016538037486218293
2022-06-30,8920,9010,8550,8660,45518,-0.029147982062780242
2022-07-01,8660,8820,8260,8290,54320,-0.04272517321016167
2022-07-04,8290,8480,8080,8160,39948,-0.0156815440289505
2022-07-05,8160,8430,8030,8340,36759,0.022058823529411686
2022-07-06,8340,8430,8130,8160,43150,-0.021582733812949617
2022-07-07,8200,8310,8060,8220,81280,0.007352941176470562
2022-07-08,8220,8360,8210,8230,69342,0.0012165450121655041
2022-07-11,8230,8230,7910,7950,116771,-0.03402187120291611
2022-07-12,7700,7870,6990,7300,221492,-0.08176100628930816
2022-07-13,7300,7590,7290,7470,95181,0.023287671232876672
2022-07-14,7470,7600,7420,7530,64774,0.008032128514056325
2022-07-15,7490,7580,7160,7290,82496,-0.031872509960159334
2022-07-18,7300,7450,7300,7450,49371,0.021947873799725626
2022-07-19,7420,7470,7350,7440,28028,-0.0013422818791946067
2022-07-20,7600,7610,7310,7500,46501,0.008064516129032251
2022-07-21,7460,7600,7450,7590,32217,0.01200000000000001
2022-07-22,7600,7670,7500,7510,41705,-0.010540184453227908
2022-07-25,7550,7550,7420,7520,29075,0.0013315579227697327
2022-07-26,7580,7580,7440,7460,22103,-0.007978723404255317
2022-07-27,7500,7500,7390,7410,33938,-0.006702412868632712
2022-07-28,7450,7500,7350,7360,37799,-0.006747638326585648
2022-07-29,7360,7600,7350,7540,56672,0.024456521739130377
2022-08-01,7560,7670,7540,7630,41578,0.011936339522546469
2022-08-02,7630,7700,7520,7560,30190,-0.00917431192660545
2022-08-03,7600,7720,7520,7680,38970,0.015873015873015817
2022-08-04,7750,7940,7710,7870,56491,0.02473958333333326
2022-08-05,7990,7990,7850,7910,42055,0.0050825921219821435
2022-08-08,7910,7910,7740,7810,32581,-0.012642225031605614
2022-08-09,7830,7880,7730,7830,23838,0.00256081946222797
2022-08-10,7830,7830,7660,7680,35032,-0.019157088122605415
2022-08-11,7810,7870,7700,7870,42168,0.02473958333333326
2022-08-12,7870,8300,7870,8100,74069,0.029224904701397714
2022-08-16,8250,8250,8090,8140,40136,0.004938271604938205
2022-08-17,8000,8200,7980,8010,50040,-0.01597051597051602
2022-08-18,8010,8050,7860,8050,30515,0.004993757802746579
2022-08-19,8050,8160,7860,7860,47794,-0.023602484472049712
2022-08-22,7860,7860,7610,7640,41735,-0.027989821882951627
2022-08-23,7500,7630,7390,7450,43321,-0.02486910994764402
2022-08-24,7460,7930,7460,7930,81752,0.06442953020134223
2022-08-25,8100,8280,8000,8020,85771,0.011349306431273742
2022-08-26,8150,8150,7760,7820,50811,-0.02493765586034913
2022-08-29,7530,8110,7500,8040,88977,0.028132992327365658
2022-08-30,8200,8380,8040,8310,161545,0.033582089552238736
2022-08-31,8320,8490,8150,8190,108180,-0.014440433212996373
2022-09-01,8190,8300,7860,7920,90606,-0.03296703296703296
2022-09-02,8120,8260,7900,7950,71023,0.0037878787878788955
2022-09-05,7950,8200,7700,7710,58698,-0.030188679245283012
2022-09-06,7650,8060,7650,8040,53617,0.04280155642023353
2022-09-07,8050,8050,7630,7830,39185,-0.026119402985074647
2022-09-08,8000,8040,7850,7900,33587,0.008939974457215838
2022-09-13,8380,8380,8040,8160,81895,0.032911392405063244
2022-09-14,7950,8040,7700,7980,38739,-0.022058823529411797
2022-09-15,8010,8220,7960,8130,67534,0.018796992481203034
2022-09-16,8270,8410,8040,8180,108372,0.006150061500614923
2022-09-19,8330,8350,8020,8050,91467,-0.0158924205378973
2022-09-20,8200,8340,8080,8330,108789,0.034782608695652195
2022-09-21,8350,8520,8300,8330,102123,0.0
2022-09-22,8260,8260,8020,8190,65504,-0.01680672268907568
2022-09-23,8190,8190,6440,7030,1423548,-0.1416361416361417
2022-09-26,7180,7200,6470,6560,280890,-0.06685633001422475
2022-09-27,6790,6800,6460,6800,145329,0.03658536585365857
2022-09-28,6980,7050,6520,6690,123868,-0.016176470588235348
2022-09-29,6780,6800,6640,6640,114694,-0.007473841554558991
2022-09-30,6440,6630,6390,6440,68486,-0.030120481927710885
2022-10-04,6460,6500,6330,6360,94290,-0.012422360248447228
2022-10-05,6970,6970,6400,6490,100408,0.020440251572326984
2022-10-06,6450,6970,6360,6570,210555,0.012326656394453073
2022-10-07,6470,6740,6400,6660,72851,0.013698630136986356
2022-10-11,6670,6670,6370,6400,70291,-0.03903903903903905
2022-10-12,6400,6540,6320,6400,46850,0.0
2022-10-13,6420,6490,5930,6000,79675,-0.0625
2022-10-14,6100,6150,6010,6090,67043,0.014999999999999902
2022-10-17,6090,6190,5900,6150,48063,0.009852216748768461
2022-10-18,6150,6500,6120,6480,78282,0.0536585365853659
2022-10-19,6540,6580,6300,6350,101673,-0.020061728395061706
2022-10-20,6460,6470,6170,6240,35349,-0.017322834645669305
2022-10-21,6240,6240,6070,6080,33669,-0.02564102564102566
2022-10-24,6180,6220,6100,6140,28488,0.009868421052631637
2022-10-25,6140,6190,6050,6090,25550,-0.008143322475570036
2022-10-26,6150,6150,5960,5960,52335,-0.021346469622331665
2022-10-27,5960,6020,5950,5980,28285,0.003355704697986628
2022-10-28,5970,5970,5800,5860,48065,-0.02006688963210701
2022-10-31,5860,5990,5800,5870,22005,0.0017064846416381396
2022-11-01,5870,5950,5800,5930,34907,0.010221465076660996
2022-11-02,5930,5930,5700,5840,40188,-0.015177065767284947
2022-11-03,5700,5810,5670,5800,32551,-0.006849315068493178
2022-11-04,5800,5950,5720,5900,35565,0.01724137931034475
2022-11-07,5940,6050,5860,6020,43268,0.02033898305084736
2022-11-08,6030,6190,6030,6140,51627,0.019933554817275656
2022-11-09,6300,6310,6100,6120,38498,-0.0032573289902280145
2022-11-10,6100,6130,6050,6110,18988,-0.0016339869281045694
2022-11-11,6330,6390,6210,6380,102734,0.04418985270049092
2022-11-14,6430,6550,6350,6460,60749,0.012539184952978122
2022-11-15,6310,6500,6300,6480,36113,0.003095975232198178
2022-11-16,6610,6610,6400,6500,29544,0.0030864197530864335
2022-11-17,6500,6540,6300,6390,54845,-0.01692307692307693
2022-11-18,6390,6660,6300,6300,50257,-0.014084507042253502
2022-11-21,6300,6300,6060,6060,38154,-0.03809523809523807
2022-11-22,6020,6090,5970,6000,32436,-0.00990099009900991
2022-11-23,6010,6230,6000,6180,30898,0.030000000000000027
2022-11-24,6180,6270,6050,6270,39406,0.014563106796116498
2022-11-25,6260,6300,6140,6230,11472,-0.006379585326953707
2022-11-28,6230,6230,5900,6060,42826,-0.027287319422150902
2022-11-29,6090,6290,6000,6240,35866,0.02970297029702973
2022-11-30,6270,6320,6200,6260,18841,0.0032051282051281937
2022-12-01,6350,6480,6280,6440,53305,0.028753993610223683
2022-12-02,6520,6800,6400,6580,97628,0.021739130434782705
2022-12-05,6810,7060,6700,7030,177633,0.06838905775075999
2022-12-06,7030,7600,6900,7370,379559,0.04836415362731161
2022-12-07,7110,7740,7110,7570,167867,0.027137042062415295
2022-12-08,7690,7690,7250,7350,95381,-0.029062087186261576
2022-12-09,7360,7560,7260,7380,55632,0.004081632653061273
2022-12-12,7650,7650,7260,7410,99528,0.004065040650406582
2022-12-13,7460,7590,7240,7270,56809,-0.018893387314439902
2022-12-14,7200,7200,6790,7090,116107,-0.024759284731774467
2022-12-15,6970,7140,6910,7000,59118,-0.012693935119887145
2022-12-16,6990,7090,6820,7050,45337,0.0071428571428571175
2022-12-19,7050,7250,6910,7220,58138,0.02411347517730489
2022-12-20,7220,7260,6940,7000,56816,-0.030470914127423865
2022-12-21,7150,7500,6860,7290,113255,0.04142857142857137
2022-12-22,7300,7440,7270,7360,73615,0.009602194787379892
2022-12-23,7290,7370,7180,7220,45385,-0.01902173913043481
2022-12-26,7350,7350,7000,7130,48604,-0.012465373961218829
2022-12-27,7360,7580,7220,7580,157028,0.06311360448807846
2022-12-28,7760,7940,7600,7940,217731,0.0474934036939314
2022-12-29,7940,7940,7500,7520,107380,-0.052896725440806036
2023-01-02,7480,7480,7110,7160,67453,-0.0478723404255319
2023-01-03,7100,7480,6930,7390,69221,0.032122905027933024
2023-01-04,7490,7630,7240,7440,47278,0.006765899864682012
2023-01-05,7590,7610,7430,7470,42705,0.0040322580645162365
2023-01-06,7480,7650,7420,7490,54552,0.0026773761713521083
2023-01-09,7650,7970,7650,7970,143138,0.06408544726301746
2023-01-10,8080,8230,7880,7920,125823,-0.006273525721455453
2023-01-11,7920,8240,7910,8130,91807,0.026515151515151603
2023-01-12,8150,8210,7950,7970,90041,-0.019680196801967975
2023-01-13,7900,8100,7900,8040,59276,0.008782936010037545
2023-01-16,8040,8360,8040,8330,121566,0.03606965174129351
2023-01-17,8490,8780,8420,8770,180168,0.05282112845138065
2023-01-18,8810,9170,8750,9080,230066,0.03534777651083232
2023-01-19,9080,9420,9040,9150,160762,0.007709251101321479
2023-01-20,9280,9350,8710,9310,179270,0.017486338797814138
2023-01-25,9430,9700,9100,9260,138965,-0.00537056928034374
2023-01-26,9390,9500,9180,9310,101564,0.005399568034557323
2023-01-27,9380,9450,9260,9300,69838,-0.0010741138560687036
2023-01-30,9360,9470,9200,9310,89494,0.0010752688172042113
2023-01-31,9310,9350,9190,9300,51039,-0.0010741138560687036
2023-02-01,9300,9390,9000,9110,123057,-0.02043010752688168
2023-02-02,9110,9260,9000,9130,60971,0.002195389681668436
2023-02-03,9130,9180,9000,9130,66344,0.0
2023-02-06,9100,9390,8970,9280,121883,0.016429353778751432
2023-02-07,9300,9300,9100,9200,57617,-0.008620689655172376
2023-02-08,9210,9210,9080,9190,54033,-0.0010869565217391797
2023-02-09,9170,9400,9150,9250,84797,0.006528835690968515
2023-02-10,9380,9560,9200,9300,116904,0.00540540540540535
2023-02-13,9420,9460,9200,9230,61223,-0.007526881720430145
2023-02-14,9300,9340,9230,9240,47885,0.0010834236186347823
2023-02-15,9270,9320,9190,9220,43562,-0.0021645021645021467
2023-02-16,9250,9330,9200,9230,62210,0.0010845986984815426
2023-02-17,9180,9220,9050,9160,44742,-0.007583965330444253
2023-02-20,9160,9180,8940,9090,68682,-0.007641921397379958
2023-02-21,9020,9090,8990,9030,49579,-0.0066006600660065695
2023-02-22,9020,9020,8770,8830,84895,-0.022148394241417457
2023-02-23,8850,9040,8850,8900,49707,0.007927519818799578
2023-02-24,8850,8860,8630,8730,67187,-0.019101123595505642
2023-02-27,8630,8700,8400,8650,51610,-0.009163802978235935
2023-02-28,8660,8990,8650,8930,78118,0.032369942196531776
2023-03-02,8950,9100,8870,8870,61264,-0.006718924972004436
2023-03-03,8900,9130,8900,8970,85073,0.011273957158962844
2023-03-06,8970,9000,8700,8860,65557,-0.012263099219620988
2023-03-07,8870,8970,8840,8940,35598,0.009029345372460584
2023-03-08,8940,8940,8600,8760,60477,-0.020134228187919434
2023-03-09,8860,9130,8770,8960,77315,0.022831050228310446
2023-03-10,8880,8940,8810,8900,49498,-0.006696428571428603
2023-03-13,8840,9040,8610,8980,73947,0.008988764044943753
2023-03-14,8700,9060,8670,8910,70864,-0.007795100222717122
2023-03-15,9500,9500,8640,8770,306230,-0.015712682379349086
2023-03-16,8570,8690,8250,8530,75068,-0.027366020524515422
2023-03-17,8550,8740,8530,8700,64885,0.01992966002344665
2023-03-20,8640,8900,8610,8670,49052,-0.0034482758620689724
2023-03-21,8670,8780,8470,8540,65441,-0.014994232987312617
2023-03-22,8490,8530,8380,8480,64885,-0.007025761124121788
2023-03-23,8380,8590,8290,8300,80103,-0.021226415094339646
2023-03-24,8300,8420,8150,8280,35082,-0.002409638554216831
2023-03-27,8430,8430,8070,8150,59475,-0.0157004830917874
2023-03-28,8280,8350,8160,8270,55712,0.014723926380368013
2023-03-29,8180,8400,8150,8330,70812,0.007255139056831839
2023-03-30,8330,8410,8250,8390,54715,0.007202881152460927
2023-03-31,8390,8440,8260,8310,51218,-0.009535160905840279
2023-04-03,8310,8400,8150,8270,41861,-0.004813477737665495
2023-04-04,8160,8270,8090,8180,50605,-0.010882708585247869
2023-04-05,8120,8230,8110,8150,31742,-0.003667481662591676
2023-04-06,8150,8200,8030,8040,42639,-0.013496932515337456
2023-04-07,8060,8070,8010,8070,29662,0.003731343283582156
2023-04-10,8100,8100,7810,7810,100443,-0.03221809169764556
2023-04-11,7810,8050,7710,7900,54528,0.011523687580025532
2023-04-12,7820,8000,7820,7920,32958,0.0025316455696202667
2023-04-13,7870,7980,7830,7930,33450,0.0012626262626262985
2023-04-14,7990,8100,7920,8060,48589,0.016393442622950838
2023-04-17,8060,8070,7900,8010,29871,-0.006203473945409432
2023-04-18,8010,8050,7880,7980,52834,-0.0037453183520599342
2023-04-19,7980,8080,7960,8050,41165,0.00877192982456143
2023-04-20,8090,8160,7910,7910,56713,-0.017391304347826098
2023-04-21,7910,7910,7630,7750,86670,-0.020227560050568916
2023-04-24,7750,7750,7530,7590,44711,-0.020645161290322567
2023-04-25,7590,7670,7030,7370,46303,-0.02898550724637683
2023-04-26,7480,7600,7080,7340,36233,-0.004070556309362261
2023-04-27,7270,7390,7120,7270,32909,-0.009536784741144388
2023-04-28,7270,7400,6850,7300,48987,0.004126547455295837
2023-05-02,7300,7550,7280,7530,31116,0.03150684931506853
2023-05-03,7530,7760,7400,7490,26365,-0.005312084993359889
2023-05-04,7620,7620,7430,7510,21012,0.002670226969292422
2023-05-08,7520,7570,7440,7440,18545,-0.009320905459387463
2023-05-09,7450,7500,7360,7390,18900,-0.006720430107526876
2023-05-10,7390,7590,7260,7330,31094,-0.008119079837618393
2023-05-11,7370,7520,7370,7510,54710,0.024556616643929052
2023-05-12,7590,7590,7370,7470,30087,-0.005326231691078598
2023-05-15,7470,7480,7300,7380,22704,-0.012048192771084376
2023-05-16,7380,7600,7330,7360,44879,-0.0027100271002710175
2023-05-17,7520,8080,7480,8010,271555,0.08831521739130443
2023-05-18,8150,8150,7850,7950,69746,-0.0074906367041198685
2023-05-19,7960,8040,7870,7980,69249,0.0037735849056603765
2023-05-22,7990,8020,7890,8000,43857,0.0025062656641603454
2023-05-23,8000,8000,7800,7910,48383,-0.011249999999999982
2023-05-24,7910,7950,7720,7880,22646,-0.0037926675094817064
2023-05-25,7820,7820,7650,7700,72272,-0.022842639593908642
2023-05-26,7700,7930,7670,7740,49043,0.0051948051948051965
2023-05-30,7750,7910,7640,7870,54077,0.01679586563307489
2023-05-31,8000,8000,7850,7900,45015,0.003811944091486552
2023-06-01,7900,7980,7800,7850,28140,-0.006329113924050667
2023-06-02,7850,8060,7820,7960,55624,0.014012738853503182
2023-06-05,8050,8050,7950,8000,47227,0.005025125628140614
2023-06-07,8000,8170,8000,8080,83668,0.010000000000000009
2023-06-08,8040,8080,7970,7970,35796,-0.013613861386138626
2023-06-09,8120,8120,7930,7940,41578,-0.0037641154328732496
2023-06-12,7940,8010,7820,7870,25959,-0.008816120906801062
2023-06-13,7800,7990,7800,7860,26338,-0.0012706480304955914
2023-06-14,7860,7940,7790,7860,38426,0.0
2023-06-15,7790,7890,7690,7730,43357,-0.01653944020356235
2023-06-16,7730,7930,7730,7880,52608,0.019404915912031084
2023-06-19,7880,8090,7860,8010,76748,0.016497461928933976
2023-06-20,8010,8230,8010,8100,80242,0.011235955056179803
2023-06-21,8100,8100,7840,7840,43407,-0.032098765432098775
2023-06-22,7830,7990,7690,7730,54143,-0.014030612244897989
2023-06-23,7740,7740,7510,7610,47253,-0.015523932729624823
2023-06-26,7610,7660,7490,7570,27648,-0.005256241787122251
2023-06-27,7650,7700,7560,7610,22161,0.005284015852047519
2023-06-28,7740,7740,7590,7610,18220,0.0
2023-06-29,7610,7610,7420,7440,45993,-0.0223390275952694
2023-06-30,7620,7620,7210,7360,64127,-0.010752688172043001
2023-07-03,7360,7460,7350,7430,29720,0.009510869565217295
2023-07-04,7550,7550,7000,7290,30263,-0.018842530282637937
2023-07-05,7260,7360,6900,7220,60869,-0.009602194787380003
2023-07-06,7230,7280,7040,7040,42261,-0.024930747922437657
2023-07-07,6990,7050,6900,6930,34253,-0.015625
2023-07-10,7000,7240,6900,7230,36671,0.04329004329004338
2023-07-11,7430,7640,7350,7600,74140,0.051175656984785656
2023-07-12,7700,7750,7490,7510,48609,-0.011842105263157876
2023-07-13,7530,7590,7420,7540,45334,0.003994673768308976
2023-07-14,7540,7560,7420,7480,22897,-0.007957559681697646
2023-07-17,7480,7480,7330,7390,26390,-0.012032085561497374
2023-07-18,7290,7390,7230,7310,30485,-0.010825439783491153
2023-07-19,7290,7290,7120,7180,40928,-0.017783857729138153
2023-07-20,7180,7290,7070,7260,32659,0.011142061281337101
2023-07-21,7280,7310,7140,7210,36955,-0.00688705234159781
2023-07-24,7210,7210,6990,7010,65865,-0.0277392510402219
2023-07-25,6910,6980,6800,6850,81212,-0.022824536376604865
2023-07-26,6830,6850,6270,6390,142095,-0.06715328467153281
2023-07-27,6810,6810,6500,6700,50110,0.04851330203442883
2023-07-28,6700,6800,6670,6780,29368,0.011940298507462588
2023-07-31,6680,6800,6660,6740,62926,-0.005899705014749235
2023-08-01,6700,6930,6700,6850,47163,0.016320474777448135
2023-08-02,6850,7030,6820,6900,44494,0.007299270072992803
2023-08-03,6710,6890,6700,6750,43649,-0.021739130434782594
2023-08-04,6950,6950,6790,6920,35822,0.0251851851851852
2023-08-07,6920,7150,6840,7100,48764,0.026011560693641522
2023-08-08,7190,7190,6970,6990,34845,-0.015492957746478853
2023-08-09,7020,7310,7020,7070,38252,0.011444921316166035
2023-08-10,8000,8300,7510,8300,1243648,0.17397454031117388
2023-08-11,8880,10500,8570,9030,2950634,0.0879518072289156
2023-08-14,9270,9530,9100,9130,640040,0.011074197120708673
2023-08-16,9150,9200,8620,8900,334417,-0.025191675794085433
2023-08-17,8750,8750,8010,8060,521705,-0.09438202247191008
2023-08-18,8050,8590,7800,7830,453500,-0.028535980148883366
2023-08-21,7740,7970,7510,7760,173487,-0.008939974457215838
2023-08-22,7760,7990,7550,7780,134853,0.002577319587628857
2023-08-23,7850,7970,7680,7800,125008,0.0025706940874035134
2023-08-24,7900,8230,7500,8010,220847,0.026923076923076827
2023-08-25,7850,7990,7700,7910,89279,-0.012484394506866447
2023-08-28,8210,8750,8080,8360,498550,0.05689001264222493
2023-08-29,8410,8420,8080,8260,124288,-0.011961722488038284
2023-08-30,8310,8330,8150,8330,139769,0.008474576271186418
2023-08-31,8310,8320,8080,8150,140748,-0.021608643457383003
2023-09-01,8210,8320,7900,8150,139127,0.0
2023-09-04,8150,8160,7950,7950,93155,-0.024539877300613466
2023-09-05,7950,8060,7830,7940,64568,-0.0012578616352201255
2023-09-06,7940,8010,7820,7900,36518,-0.005037783375314908
2023-09-07,7900,7900,7700,7710,76093,-0.024050632911392422
2023-09-08,7720,7760,7620,7750,44605,0.005188067444876765
2023-09-11,7750,7850,7650,7770,48096,0.002580645161290418
2023-09-12,7860,7880,7710,7740,56647,-0.0038610038610038533
2023-09-13,7750,7870,7590,7620,73900,-0.015503875968992276
2023-09-14,7590,7670,7500,7540,57295,-0.01049868766404205
2023-09-15,7600,7770,7540,7680,51596,0.018567639257294433
2023-09-18,7610,7860,7610,7850,52329,0.02213541666666674
2023-09-19,7850,7880,7690,7710,33463,-0.017834394904458595
2023-09-20,7690,7780,7510,7550,40683,-0.02075226977950717
2023-09-21,7560,7560,7200,7260,78505,-0.03841059602649011
2023-09-22,7260,7370,7070,7120,38636,-0.019283746556473802
2023-09-25,7060,7300,7060,7170,37498,0.0070224719101124045
2023-09-26,7170,7240,7000,7040,54383,-0.018131101813110173
2023-09-27,7030,7130,6960,7090,27879,0.007102272727272707
2023-10-04,7080,7080,6870,6910,74928,-0.02538787023977429
2023-10-05,7000,7000,6890,6910,30628,0.0
2023-10-06,6810,7000,6810,6860,26900,-0.00723589001447178
2023-10-10,6800,6970,6660,6660,62971,-0.029154518950437303
2023-10-11,6610,6780,6610,6720,17309,0.009009009009008917
2023-10-12,6720,6860,6700,6800,22159,0.011904761904761862
2023-10-13,6860,6860,6560,6610,39828,-0.027941176470588247
2023-10-16,6610,6760,6400,6540,31853,-0.010590015128593033
2023-10-17,6540,6760,6510,6580,22328,0.006116207951070374
2023-10-18,6590,6690,6500,6550,18774,-0.00455927051671734
2023-10-19,6420,6500,6320,6400,31453,-0.022900763358778664
2023-10-20,6400,6400,6140,6290,54251,-0.017187500000000022
2023-10-23,6290,6420,6220,6310,20649,0.0031796502384737746
2023-10-24,6310,6390,6150,6370,22448,0.009508716323296307
2023-10-25,6370,6630,6340,6550,26885,0.028257456828885363
2023-10-26,6480,6630,6410,6470,25542,-0.012213740458015265
2023-10-27,6680,6680,6380,6460,26168,-0.0015455950540957941
2023-10-30,6460,6570,6400,6520,17754,0.009287925696594534
2023-10-31,6530,6750,6520,6700,39003,0.027607361963190247
2023-11-01,6640,6750,6580,6700,13199,0.0
2023-11-02,6730,6760,6340,6700,60074,0.0
2023-11-03,6800,6800,6590,6710,30206,0.0014925373134329067
2023-11-06,6740,6800,6650,6800,45474,0.013412816691505292
2023-11-07,6880,6880,6710,6790,29228,-0.0014705882352941124
2023-11-08,6810,7050,6810,6960,62805,0.025036818851251752
2023-11-09,6940,7000,6820,6860,24833,-0.014367816091954033
2023-11-10,6830,6830,6600,6670,36820,-0.0276967930029155
2023-11-13,6670,6830,6500,6510,30556,-0.02398800599700146
2023-11-14,6510,6670,6510,6670,13940,0.02457757296466978
2023-11-15,6820,6890,6710,6880,53600,0.03148425787106457
2023-11-16,7050,7050,6910,7020,61178,0.02034883720930236
2023-11-17,7190,7190,6860,6900,33700,-0.017094017094017144
2023-11-20,6950,7020,6890,6970,32306,0.010144927536231974
2023-11-21,7030,7210,6910,7090,74331,0.017216642754662947
2023-11-22,7080,7080,6950,7060,27578,-0.004231311706629048
2023-11-23,7060,7060,6970,7000,30076,-0.008498583569405138
2023-11-24,7090,7090,6980,7000,16696,0.0
2023-11-27,7060,7090,6870,6890,45840,-0.01571428571428568
2023-11-28,7000,7000,6770,6790,33947,-0.014513788098693747
2023-11-29,6730,7030,6730,6770,24576,-0.002945508100147265
2023-11-30,6770,6830,6720,6810,16395,0.005908419497784312
2023-12-01,6960,6960,6740,6800,16222,-0.001468428781204123
2023-12-04,6910,6920,6760,6810,27428,0.0014705882352941124
2023-12-05,6810,6840,6750,6780,20709,-0.004405286343612369
2023-12-06,6780,6890,6720,6770,16540,-0.001474926253687281
2023-12-07,6740,6800,6730,6760,24120,-0.001477104874446078
2023-12-08,6980,6980,6750,6820,15960,0.008875739644970349
2023-12-11,6930,6930,6780,6810,23045,-0.0014662756598240456
2023-12-12,6810,6880,6750,6800,21056,-0.001468428781204123
2023-12-13,6970,6970,6750,6800,20943,0.0
2023-12-14,6800,6890,6760,6780,31864,-0.002941176470588225
2023-12-15,6770,6800,6740,6790,15497,0.001474926253687281
2023-12-18,6790,6800,6720,6740,18314,-0.007363770250368162
2023-12-19,6730,6730,6650,6700,17813,-0.005934718100890191
2023-12-20,6700,6730,6650,6710,35624,0.0014925373134329067
2023-12-21,6710,6710,6610,6620,38148,-0.01341281669150518
2023-12-22,6610,6720,6570,6690,35859,0.010574018126888296
2023-12-26,6650,6670,6610,6610,17711,-0.01195814648729443
2023-12-27,6550,6610,6510,6510,36680,-0.015128593040847238
2023-12-28,6580,6580,6480,6570,30552,0.009216589861751112
2024-01-02,6560,6660,6480,6640,33470,0.010654490106544845
2024-01-03,6560,6640,6560,6600,15977,-0.0060240963855421326
2024-01-04,6600,6700,6520,6600,33771,0.0
2024-01-05,6600,6730,6600,6690,25384,0.013636363636363669
2024-01-08,6690,6820,6620,6740,43122,0.007473841554558991
2024-01-09,6850,6850,6690,6740,27935,0.0
2024-01-10,6700,6790,6610,6770,37993,0.004451038575667754
2024-01-11,6770,6800,6620,6720,15655,-0.00738552437223039
2024-01-12,6760,6760,6620,6630,18629,-0.013392857142857095
2024-01-15,6630,6710,6600,6610,25135,-0.003016591251885359
2024-01-16,6610,6680,6500,6590,20376,-0.00302571860816947
2024-01-17,6550,6590,6340,6370,50038,-0.03338391502276172
2024-01-18,6370,6640,6370,6620,45063,0.03924646781789631
2024-01-19,6550,6720,6530,6640,39149,0.0030211480362538623
2024-01-22,6860,6860,6550,6640,37484,0.0
2024-01-23,6620,7100,6620,7020,200432,0.05722891566265065
2024-01-24,7000,7820,6950,7700,615893,0.09686609686609682
2024-01-25,7750,7800,7280,7730,201502,0.003896103896103842
2024-01-26,9450,9450,7600,7740,659627,0.001293661060802087
2024-01-29,8000,8160,7470,7630,216316,-0.014211886304909549
2024-01-30,7660,7790,7550,7780,81803,0.019659239842725995
2024-01-31,7670,7800,7630,7730,42926,-0.006426735218509005
2024-02-01,7730,8090,7650,7980,114110,0.03234152652005173
2024-02-02,8200,8200,7870,7910,150910,-0.00877192982456143
2024-02-05,7920,8440,7890,8070,125673,0.020227560050568805
2024-02-06,8070,8070,7650,7780,117193,-0.035935563816604676
2024-02-07,8000,8000,7650,7710,62045,-0.00899742930591263
2024-02-08,7790,7850,7670,7800,50086,0.011673151750972721
2024-02-13,7850,7920,7750,7850,84261,0.0064102564102563875
2024-02-14,7730,7880,7650,7870,49159,0.002547770700636942
2024-02-15,7870,7950,7460,7500,120510,-0.04701397712833544
2024-02-16,7500,7530,7280,7410,80573,-0.01200000000000001
2024-02-19,7340,7630,7340,7620,51192,0.028340080971659853
2024-02-20,7610,7610,7350,7420,65081,-0.026246719160105014
2024-02-21,7420,7490,7360,7380,26347,-0.005390835579514808
2024-02-22,7470,7480,7260,7400,28785,0.0027100271002709064
2024-02-23,7400,7400,7140,7190,51192,-0.02837837837837842
2024-02-26,7150,7280,7090,7160,51878,-0.004172461752433909
2024-02-27,7200,7200,6950,6970,53962,-0.026536312849162025
2024-02-28,7040,7040,6700,6890,157196,-0.011477761836441891
2024-02-29,6880,7000,6830,6900,34239,0.0014513788098693414
2024-03-04,6950,6950,6650,6760,97043,-0.020289855072463725
2024-03-05,6820,6820,6620,6740,48303,-0.00295857988165682
2024-03-06,6700,6740,6650,6710,22054,-0.004451038575667643
2024-03-07,6710,6710,6520,6650,33274,-0.008941877794336861
2024-03-08,6690,6770,6630,6730,31279,0.012030075187969835
2024-03-11,6720,6920,6690,6900,48774,0.02526002971768193
2024-03-12,6900,6900,6730,6740,40023,-0.023188405797101463
2024-03-13,6720,6840,6700,6790,28418,0.007418397626112849
2024-03-14,6790,6920,6760,6880,31938,0.013254786450662692
2024-03-15,6980,7060,6870,6900,64311,0.0029069767441860517
2024-03-18,7010,7190,6940,7020,80013,0.017391304347825987
2024-03-19,7060,7080,6950,6990,36195,-0.004273504273504258
2024-03-20,6990,7130,6800,6870,58691,-0.01716738197424894
2024-03-21,6890,7000,6880,6960,44675,0.013100436681222627
2024-03-22,6960,7100,6890,7090,68293,0.018678160919540332
2024-03-25,7110,7120,6900,6940,97890,-0.021156558533145242
2024-03-26,6860,7040,6850,7030,52975,0.012968299711815456
2024-03-27,7030,7090,6900,6960,36104,-0.009957325746799417
2024-03-28,6960,6980,6890,6890,44434,-0.010057471264367845
2024-03-29,7040,7040,6830,6840,44725,-0.007256894049346929
2024-04-01,6830,7130,6820,7130,114833,0.042397660818713545
2024-04-02,7120,7120,6940,7020,62212,-0.015427769985974726
2024-04-03,7000,7000,6870,6940,34911,-0.01139601139601143
2024-04-04,6900,6970,6800,6850,54754,-0.012968299711815567
2024-04-05,6870,6890,6750,6760,40015,-0.013138686131386912
2024-04-08,6770,6870,6660,6710,31696,-0.007396449704141994
2024-04-09,6710,6840,6670,6820,30594,0.016393442622950838
2024-04-11,6700,7060,6650,7000,92119,0.02639296187683282
2024-04-12,6980,7040,6830,6920,48719,-0.011428571428571455
2024-04-15,6800,6890,6780,6790,25313,-0.018786127167630062
2024-04-16,6790,6940,6610,6660,34681,-0.019145802650957333
2024-04-17,6660,6870,6660,6770,21777,0.016516516516516422
2024-04-18,6770,7140,6770,7090,90070,0.04726735598227472
2024-04-19,7090,7150,6820,7070,42472,-0.0028208744710860323
2024-04-22,6970,7300,6970,7170,57724,0.014144271570014189
2024-04-23,7170,7300,7070,7170,64256,0.0
2024-04-24,7170,7210,7100,7130,24161,-0.00557880055788007
2024-04-25,7120,7290,7010,7170,91904,0.005610098176718203
2024-04-26,7260,7320,7160,7260,59437,0.012552301255230214
2024-04-29,7320,7380,7210,7220,60435,-0.0055096418732781816
2024-04-30,7220,7340,7220,7320,48821,0.013850415512465464
2024-05-02,7320,7570,7310,7520,127167,0.02732240437158473
2024-05-03,7550,7550,7360,7410,62489,-0.0146276595744681
2024-05-07,7420,7480,7300,7440,42268,0.004048582995951344
2024-05-08,7390,7580,7380,7540,42205,0.013440860215053752
2024-05-09,7480,7530,7380,7380,40241,-0.021220159151193685
2024-05-10,7310,7450,7300,7380,57688,0.0
2024-05-13,7380,7380,7200,7320,56299,-0.008130081300813052
2024-05-14,7350,7400,7260,7300,16070,-0.002732240437158473
2024-05-16,7300,7380,7210,7250,41655,-0.006849315068493178
2024-05-17,7450,7450,7100,7250,72149,0.0
2024-05-20,7280,7440,7280,7290,54337,0.0055172413793103114
2024-05-21,7200,7520,7200,7420,86853,0.017832647462277196
2024-05-22,7480,7480,7180,7210,50778,-0.028301886792452824
2024-05-23,7320,7350,7120,7280,24185,0.009708737864077666
2024-05-24,7280,7830,7270,7790,290433,0.07005494505494503
2024-05-27,8000,8000,7520,7670,153481,-0.015404364569961526
2024-05-28,7700,7760,7610,7640,76403,-0.003911342894393766
2024-05-29,7580,7620,7460,7570,53799,-0.009162303664921434
2024-05-30,7460,7700,7450,7570,44290,0.0
2024-05-31,7570,7730,7560,7680,54483,0.014531043593130732
2024-06-03,7680,7730,7550,7610,53686,-0.00911458333333337
2024-06-04,7610,7610,7330,7390,75752,-0.02890932982917216
2024-06-05,7330,7440,7200,7230,88211,-0.021650879566982417
2024-06-07,7290,7330,7230,7280,27438,0.006915629322268302
2024-06-10,7210,7280,7180,7210,24618,-0.009615384615384581
2024-06-11,7210,7320,7180,7260,26471,0.006934812760055475
2024-06-12,7260,7400,7240,7310,27862,0.00688705234159781
2024-06-13,7420,7420,7260,7330,26658,0.002735978112175186
2024-06-14,7370,7370,7180,7310,46111,-0.0027285129604365244
2024-06-17,7310,7370,7140,7150,47918,-0.02188782489740082
2024-06-18,7150,7240,6970,7020,118141,-0.018181818181818188
2024-06-19,7020,7020,6760,6820,158827,-0.028490028490028463
2024-06-20,7000,7000,6750,6830,79734,0.0014662756598240456
2024-06-21,6830,6870,6700,6760,75816,-0.010248901903367469
2024-06-24,6760,6760,6660,6710,40771,-0.007396449704141994
2024-06-25,6700,6840,6620,6800,39804,0.013412816691505292
2024-06-26,6850,6850,6700,6730,29153,-0.010294117647058787
2024-06-27,6730,6750,6690,6730,24893,0.0
2024-06-28,6740,6760,6670,6720,25966,-0.0014858841010401136
2024-07-01,6730,6820,6700,6780,28008,0.008928571428571397
2024-07-02,6780,6780,6700,6740,18473,-0.005899705014749235
2024-07-03,6740,6830,6600,6720,30685,-0.0029673590504450953
2024-07-04,6720,6720,6590,6630,32890,-0.013392857142857095
2024-07-05,6570,6700,6570,6630,18586,0.0
2024-07-08,6650,6650,6470,6620,50914,-0.0015082956259426794
2024-07-09,6620,6620,6570,6620,20613,0.0
2024-07-10,6620,6720,6600,6680,27733,0.009063444108761365
2024-07-11,6700,6710,6620,6700,18781,0.0029940119760478723
2024-07-12,6700,6770,6680,6770,30617,0.010447761194029903
2024-07-15,6840,6840,6710,6730,22888,-0.005908419497784312
2024-07-16,6730,6780,6640,6690,26049,-0.005943536404160454
2024-07-17,6690,6810,6650,6670,19629,-0.002989536621823663
2024-07-18,6670,6670,6540,6620,24038,-0.007496251874062998
2024-07-19,6610,6610,6510,6540,23381,-0.012084592145015116
2024-07-22,6690,6690,6420,6500,27309,-0.006116207951070374
2024-07-23,6390,6700,6320,6360,49828,-0.021538461538461506
2024-07-24,6350,6380,5720,5750,285406,-0.09591194968553463
2024-07-25,5750,5950,5450,5820,147345,0.012173913043478368
2024-07-26,5940,6050,5780,5870,95661,0.00859106529209619
2024-07-29,5900,5940,5790,5910,31607,0.006814310051107331
2024-07-30,5850,6030,5590,5830,24249,-0.013536379018612488
2024-07-31,5830,6050,5750,5830,113094,0.0
2024-08-01,5880,5970,5840,5920,24087,0.015437392795883298
2024-08-02,5800,5880,5650,5670,36666,-0.042229729729729715
2024-08-05,5650,5670,5000,5090,196398,-0.10229276895943562
2024-08-06,5090,5450,5090,5250,35519,0.03143418467583503
2024-08-07,5260,5370,5230,5240,31403,-0.0019047619047618536
2024-08-08,5320,5320,5070,5100,35851,-0.026717557251908386
2024-08-09,5130,5240,5100,5140,16902,0.007843137254901933
2024-08-12,5060,5360,5060,5320,18423,0.035019455252918386
2024-08-13,5320,5650,5250,5260,16097,-0.011278195488721776
2024-08-14,5260,5360,5250,5270,22985,0.0019011406844107182
2024-08-16,5250,5330,5100,5130,58754,-0.026565464895635715
2024-08-19,5080,5130,5040,5080,39596,-0.00974658869395717
2024-08-20,5040,5140,5010,5120,27044,0.007874015748031482
2024-08-21,5200,5280,5030,5240,21707,0.0234375
2024-08-22,5330,5330,5120,5180,25341,-0.011450381679389277
2024-08-23,5180,5290,5120,5240,16576,0.01158301158301156
2024-08-26,5160,5290,5100,5210,25117,-0.005725190839694694
2024-08-27,5210,5330,5190,5280,28874,0.013435700575815668
2024-08-28,5230,5340,5220,5290,20619,0.0018939393939394478
2024-08-29,5240,5300,5190,5190,21510,-0.018903591682419618
2024-08-30,5220,5340,5170,5230,11132,0.007707129094412402
2024-09-02,5400,5400,5180,5200,22130,-0.005736137667303964
2024-09-03,5200,5390,5200,5370,49340,0.0326923076923078
2024-09-04,5190,5350,5190,5250,19806,-0.022346368715083775
2024-09-05,5260,5410,5260,5320,26464,0.01333333333333342
2024-09-06,5310,5310,5170,5190,28217,-0.024436090225563922
2024-09-09,5080,5230,5080,5200,14647,0.0019267822736031004
2024-09-10,5200,5450,5110,5230,15473,0.005769230769230749
2024-09-11,5230,5340,4950,5160,33851,-0.013384321223709361
2024-09-12,5150,5240,5150,5220,16552,0.011627906976744207
2024-09-13,5240,5310,5180,5180,9499,-0.007662835249042099
2024-09-19,5240,5240,5170,5170,9962,-0.0019305019305019266
2024-09-20,5170,5230,5000,5130,12066,-0.007736943907156624
2024-09-23,5130,5130,5040,5090,18897,-0.007797270955165692
2024-09-24,5080,5100,5000,5010,37522,-0.015717092337917515
2024-09-25,5090,5150,5040,5110,21549,0.019960079840319445
2024-09-26,5120,5140,4880,5120,17150,0.001956947162426559
2024-09-27,5120,5270,5090,5260,37013,0.02734375
2024-09-30,5250,5290,5170,5200,15494,-0.011406844106463865
2024-10-02,5200,5210,5070,5130,19831,-0.013461538461538414
2024-10-04,5010,5130,5010,5100,19782,-0.005847953216374324
2024-10-07,5120,5120,5030,5070,13399,-0.00588235294117645
2024-10-08,5070,5110,5020,5060,13603,-0.0019723865877712132
2024-10-10,5060,5100,4990,5000,25172,-0.011857707509881465
2024-10-11,5000,5010,4950,4950,27557,-0.010000000000000009
2024-10-14,5000,5000,4900,4915,22102,-0.007070707070707116
2024-10-15,4990,4990,4900,4925,17540,0.0020345879959309254
2024-10-16,4900,4900,4845,4855,35110,-0.014213197969543123
2024-10-17,4900,4900,4810,4855,14999,0.0
2024-10-18,4815,4855,4740,4785,29517,-0.01441812564366629
2024-10-21,4790,4820,4755,4790,13594,0.0010449320794148065
2024-10-22,4770,4790,4715,4725,18544,-0.013569937369519836
2024-10-23,4730,4730,4650,4725,19815,0.0
2024-10-24,4620,4660,4590,4590,34013,-0.02857142857142858
2024-10-25,4590,4620,4310,4380,60036,-0.04575163398692805
2024-10-28,4390,4500,4315,4500,28249,0.027397260273972712
2024-10-29,4525,4525,4395,4430,17166,-0.015555555555555545
2024-10-30,4430,4525,4430,4470,23592,0.009029345372460584
2024-10-31,4525,4525,4375,4515,28216,0.010067114093959662
2024-11-01,4450,4485,4390,4450,7308,-0.01439645625692132
2024-11-04,5160,5780,5160,5780,1244493,0.29887640449438213
2024-11-05,6280,7300,5380,5480,6651360,-0.05190311418685123
2024-11-06,5430,5470,5010,5020,539862,-0.08394160583941601
2024-11-07,5150,5260,4865,4940,403747,-0.015936254980079667
2024-11-08,4910,5400,4890,5090,774500,0.030364372469635637
2024-11-11,5100,5110,4850,4895,185235,-0.03831041257367385
2024-11-12,4825,4880,4630,4680,176051,-0.04392236976506636
2024-11-13,4510,4625,4510,4580,108927,-0.021367521367521403
2024-11-14,4505,4575,4425,4435,81932,-0.031659388646288256
2024-11-15,4390,5350,4150,4590,1361209,0.03494926719278468
2024-11-18,4610,4705,4545,4595,128850,0.0010893246187364536
2024-11-19,4610,4855,4610,4750,108542,0.0337323177366704
2024-11-20,4700,4845,4630,4805,76426,0.011578947368421133
2024-11-21,4760,4810,4695,4760,50059,-0.009365244536940653
2024-11-22,4705,4790,4685,4775,100578,0.0031512605042016695
2024-11-25,5280,5740,4850,4905,2179189,0.027225130890052407
2024-11-26,4910,5650,4905,5100,2147154,0.039755351681957096
2024-11-27,5040,5180,5040,5100,177167,0.0
2024-11-28,5100,5150,4945,4950,102586,-0.02941176470588236
2024-11-29,4950,5290,4770,4905,417179,-0.009090909090909038
2024-12-02,4880,5060,4810,4810,126604,-0.01936799184505611
2024-12-03,4800,4970,4760,4855,76153,0.009355509355509328
2024-12-04,4700,4855,4695,4780,88445,-0.015447991761071034
2024-12-05,4770,4775,4590,4620,75293,-0.03347280334728031
2024-12-06,4620,4690,4515,4610,78900,-0.0021645021645021467
2024-12-09,4355,4535,4350,4365,62900,-0.053145336225596584
2024-12-10,4365,4650,4365,4610,39001,0.056128293241695326
2024-12-11,4610,4865,4610,4775,34264,0.03579175704989157
2024-12-12,4865,4865,4690,4750,50040,-0.005235602094240788
2024-12-13,4720,4890,4685,4890,52402,0.02947368421052632
2024-12-16,4890,4930,4865,4930,50871,0.008179959100204526
2024-12-17,4930,5100,4890,4945,68520,0.0030425963488844854
2024-12-18,4935,5010,4850,4950,39390,0.0010111223458038054
2024-12-19,4840,4945,4800,4875,42481,-0.015151515151515138
2024-12-20,4875,4960,4655,4695,39943,-0.03692307692307695
2024-12-23,4695,4810,4695,4750,16666,0.011714589989350266
2024-12-24,4750,4845,4745,4745,20735,-0.001052631578947416
2024-12-26,4720,5370,4710,4820,857874,0.015806111696522684
2024-12-27,4730,4860,4680,4695,75427,-0.025933609958506243
2024-12-30,4560,4695,4435,4600,61021,-0.020234291799786974
2025-01-02,4600,4615,4485,4500,56366,-0.021739130434782594
2025-01-03,4500,4675,4500,4650,25085,0.03333333333333344
2025-01-06,4700,4775,4650,4730,25504,0.017204301075268713
2025-01-07,4740,4795,4675,4725,27255,-0.0010570824524313016
2025-01-08,4725,4840,4700,4825,34366,0.021164021164021163
2025-01-09,4815,4950,4765,4950,48836,0.02590673575129543
2025-01-10,4890,4950,4850,4945,32189,-0.0010101010101010166
2025-01-13,4890,4955,4825,4845,39584,-0.020222446916076886
2025-01-14,4895,4945,4835,4930,30753,0.01754385964912286
2025-01-15,4930,4990,4850,4865,16552,-0.013184584178498993
2025-01-16,4895,4895,4775,4865,13961,0.0
2025-01-17,4860,5010,4860,5000,62240,0.027749229188078095
2025-01-20,4945,5000,4915,4935,26972,-0.013000000000000012
2025-01-21,4995,5050,4875,4930,25933,-0.0010131712259371373
2025-01-22,4880,4930,4825,4875,27916,-0.011156186612576113
2025-01-23,4810,4855,4770,4810,19912,-0.013333333333333308
2025-01-24,4835,4835,4750,4770,21017,-0.008316008316008316
2025-01-31,4860,4860,4680,4740,17863,-0.0062893081761006275
2025-02-03,4740,4740,4575,4580,36401,-0.03375527426160341
2025-02-04,4625,4730,4620,4690,16352,0.024017467248908186
2025-02-05,4690,4730,4640,4690,12103,0.0
2025-02-06,4775,4775,4610,4650,14489,-0.008528784648187626
2025-02-07,4660,4710,4595,4600,29708,-0.010752688172043001
2025-02-10,4600,4690,4585,4680,15782,0.017391304347825987
2025-02-11,4680,4800,4640,4670,13949,-0.002136752136752129
2025-02-12,4670,4780,4650,4725,39006,0.01177730192719495
2025-02-13,4715,5520,4650,4835,823257,0.023280423280423346
2025-02-14,4835,4930,4815,4855,58450,0.004136504653567741
2025-02-17,4875,4890,4795,4860,45817,0.001029866117404632
2025-02-18,4860,4890,4810,4810,32912,-0.010288065843621408
2025-02-19,4820,4905,4820,4900,46736,0.018711018711018657
2025-02-20,5200,5280,4975,5120,257247,0.044897959183673564
2025-02-21,5120,5200,5070,5190,84359,0.013671875
2025-02-24,5230,5230,5050,5200,56635,0.0019267822736031004
2025-02-25,5200,5220,5090,5150,38880,-0.009615384615384581
2025-02-26,5100,5170,5100,5120,29311,-0.005825242718446644
2025-02-27,5120,5240,5110,5240,58236,0.0234375
2025-02-28,5210,5240,5070,5090,58931,-0.028625954198473247
2025-03-04,5020,5100,4950,5040,22384,-0.00982318271119842
2025-03-05,5000,5080,5000,5080,28553,0.007936507936507908
2025-03-06,5040,5150,5020,5040,17316,-0.007874015748031482
2025-03-07,5040,5200,4995,5160,56806,0.023809523809523725
2025-03-10,5120,5190,5100,5170,35416,0.0019379844961240345
2025-03-11,5100,5120,4955,5000,38998,-0.03288201160541582
2025-03-12,4960,5090,4960,5030,12475,0.006000000000000005
2025-03-13,5010,5040,4680,4840,69337,-0.03777335984095431
2025-03-14,4765,4895,4765,4830,28877,-0.0020661157024793875
2025-03-17,4995,5000,4855,4855,26082,0.005175983436852993
2025-03-18,4935,4995,4845,4850,16457,-0.001029866117404743
2025-03-19,4800,4940,4800,4850,16964,0.0
2025-03-20,4850,4925,4720,4720,58260,-0.026804123711340222
2025-03-21,5010,5100,4705,4780,126048,0.012711864406779627
2025-03-24,4720,4900,4720,4855,52003,0.01569037656903771
2025-03-25,4910,4910,4800,4865,36373,0.002059732234809486
2025-03-26,4865,4885,4830,4830,33684,-0.007194244604316502
2025-03-27,4885,4885,4790,4800,20554,-0.006211180124223614
2025-03-28,4800,4875,4700,4720,23090,-0.01666666666666672
2025-03-31,4720,4770,4590,4605,23000,-0.024364406779661008
2025-04-01,4650,4755,4605,4700,15149,0.02062975027144409
2025-04-02,4700,5030,4640,4655,104193,-0.009574468085106425
2025-04-03,4595,4740,4580,4630,39940,-0.00537056928034374
2025-04-04,4565,4740,4565,4695,44523,0.014038876889848728
2025-04-07,4690,4690,4475,4485,59296,-0.04472843450479236
2025-04-08,4575,4585,4485,4585,34995,0.02229654403567438
2025-04-09,4530,4540,4430,4450,36144,-0.0294438386041439
2025-04-10,4595,4595,4455,4550,20556,0.022471910112359605
2025-04-11,4550,4620,4500,4620,17866,0.01538461538461533
2025-04-14,4640,4730,4605,4680,17942,0.01298701298701288
2025-04-15,4680,4790,4675,4770,29005,0.019230769230769162
2025-04-16,4770,4830,4690,4705,19393,-0.013626834381551323
2025-04-17,4705,4810,4705,4785,18833,0.01700318809776835
2025-04-18,4785,4825,4750,4780,15474,-0.0010449320794148065
2025-04-21,4850,4850,4780,4815,21584,0.007322175732217495
2025-04-22,4815,4845,4760,4770,28581,-0.009345794392523366
2025-04-23,4800,5300,4700,4855,501339,0.017819706498951815
2025-04-24,5020,5020,4855,4865,67436,0.002059732234809486
2025-04-25,4870,4955,4820,4900,41749,0.007194244604316502
2025-04-28,4875,5010,4855,4950,35324,0.010204081632652962
2025-04-29,4995,5030,4875,4965,69623,0.003030303030302939
2025-04-30,4965,5040,4905,4905,20282,-0.012084592145015116
2025-05-02,5030,5030,4860,4915,27535,0.0020387359836901986
2025-05-07,5000,5000,4900,4930,38062,0.003051881993896277
2025-05-08,4860,5160,4860,4930,67708,0.0
2025-05-09,4905,4925,4840,4860,24428,-0.014198782961460488
2025-05-12,4870,4915,4860,4900,32112,0.008230452674897082
2025-05-13,4935,4955,4900,4915,26353,0.003061224489795844
2025-05-14,4940,4950,4865,4950,27774,0.007121057985757906
2025-05-15,4915,4945,4900,4915,14568,-0.007070707070707116
2025-05-16,4925,4925,4805,4810,36026,-0.021363173957273607
2025-05-19,4810,4835,4675,4700,48407,-0.022869022869022815
2025-05-20,4700,4795,4620,4685,32274,-0.0031914893617021045
2025-05-21,4685,4740,4655,4700,11243,0.0032017075773747017
2025-05-22,4660,4715,4660,4690,14504,-0.0021276595744680327
2025-05-23,4690,4690,4610,4620,27345,-0.014925373134328401
2025-05-26,4610,4650,4577,4620,29514,0.0
2025-05-27,4670,4720,4605,4680,50758,0.01298701298701288
2025-05-28,4715,4775,4685,4710,19447,0.0064102564102563875
2025-05-29,4810,4810,4715,4765,20416,0.011677282377919429
2025-05-30,4765,4835,4720,4790,27934,0.005246589716684236
2025-06-02,4795,4835,4775,4810,22051,0.0041753653444676075
2025-06-04,4845,4870,4810,4810,31752,0.0
2025-06-05,4835,4945,4800,4900,78639,0.018711018711018657
2025-06-09,4935,5030,4930,5000,82583,0.020408163265306145
2025-06-10,5010,5080,4950,5060,60279,0.01200000000000001
2025-06-11,5120,5120,5010,5060,38271,0.0
2025-06-12,5060,5200,5020,5070,62636,0.0019762845849802257
2025-06-13,5070,5130,4900,4940,66587,-0.02564102564102566
2025-06-16,4935,4970,4825,4950,45964,0.002024291497975783
2025-06-17,4950,4995,4880,4920,41745,-0.0060606060606061
2025-06-18,4920,5100,4870,5070,64969,0.030487804878048808
2025-06-19,5100,6590,5050,5670,8070981,0.11834319526627213
2025-06-20,5610,6720,5500,5820,5548630,0.02645502645502651
2025-06-23,5800,6200,5730,5900,1132331,0.013745704467353903
2025-06-24,5930,6020,5830,5860,452773,-0.006779661016949157
2025-06-25,5800,5990,5760,5860,271628,0.0
2025-06-26,5820,5830,5600,5740,262333,-0.020477815699658675
2025-06-27,5740,5760,5600,5720,128449,-0.0034843205574912606
2025-06-30,5660,5820,5650,5740,119341,0.0034965034965035446
2025-07-01,5690,5900,5660,5870,131575,0.022648083623693305
2025-07-02,5880,5890,5670,5710,157233,-0.027257240204429323
2025-07-03,5920,6510,5750,5750,1378290,0.007005253940455258
2025-07-04,5760,5860,5650,5670,175628,-0.013913043478260834
2025-07-07,5670,6090,5650,5910,426063,0.042328042328042326
2025-07-08,5910,5990,5820,5890,176329,-0.0033840947546531774
2025-07-09,5890,6030,5800,5910,227228,0.00339558573853993
2025-07-10,5920,5920,5750,5810,133197,-0.016920473773265665
2025-07-11,5920,5920,5780,5880,130036,0.012048192771084265
2025-07-14,6090,6730,5870,5930,3105958,0.008503401360544283
2025-07-15,5950,6310,5930,6030,629619,0.01686340640809436
2025-07-16,6060,6200,5960,6010,286036,-0.0033167495854062867
2025-07-17,6030,6040,5890,5900,146153,-0.01830282861896837
2025-07-18,5850,5960,5760,5790,147579,-0.01864406779661021
2025-07-21,5790,6160,5710,5990,212581,0.0345423143350605
2025-07-22,6040,6040,5750,5880,178288,-0.018363939899833093
2025-07-23,5830,5840,5600,5710,189281,-0.028911564625850317
2025-07-24,5720,5720,5500,5540,116910,-0.02977232924693518
2025-07-25,5530,5650,5530,5570,60119,0.005415162454873723
2025-07-28,5570,5600,5450,5460,80382,-0.019748653500897717
2025-07-29,5410,5750,5330,5430,73252,-0.005494505494505475
2025-07-30,5580,5580,5390,5400,56677,-0.0055248618784530246
2025-07-31,5390,5580,5380,5470,58698,0.012962962962963065
2025-08-01,5400,5460,5250,5250,77970,-0.04021937842778789
2025-08-04,5370,5560,5220,5420,57868,0.0323809523809524
2025-08-05,5530,5530,5380,5440,27964,0.0036900369003689537
2025-08-06,5440,7070,5440,6790,16022252,0.24816176470588225
2025-08-07,6690,6890,6590,6820,3997675,0.004418262150220897
2025-08-08,6570,6570,6200,6240,1728401,-0.08504398826979476
2025-08-11,6270,6490,6130,6400,1249228,0.02564102564102555
2025-08-12,6340,6410,6160,6330,725385,-0.010937500000000044
2025-08-13,6270,6360,6000,6130,635538,-0.03159557661927326
2025-08-14,6130,6210,5880,5960,468813,-0.027732463295269127
2025-08-18,5960,6050,5810,5940,258165,-0.003355704697986628
2025-08-19,5940,5940,5680,5800,317826,-0.023569023569023573
2025-08-20,5780,5850,5610,5850,233384,0.008620689655172376
2025-08-21,5850,5980,5810,5880,240708,0.00512820512820511
2025-08-22,5900,6040,5830,6010,235958,0.022108843537415046
2025-08-25,6060,6070,5850,5930,234864,-0.01331114808652245
2025-08-26,5860,5960,5740,5930,208691,0.0
2025-08-27,5950,5950,5780,5880,117996,-0.00843170320404718
2025-08-28,5800,5860,5760,5850,69895,-0.005102040816326481
2025-08-29,5850,5880,5760,5840,87626,-0.0017094017094017033
2025-09-01,5890,6030,5780,5980,279692,0.023972602739726012
2025-09-02,6030,6040,5820,5850,143450,-0.021739130434782594
2025-09-03,5850,6430,5790,5930,2376108,0.013675213675213627
2025-09-04,5940,6160,5930,6030,496375,0.01686340640809436
2025-09-05,6030,6120,6000,6020,226370,-0.0016583747927031434
2025-09-08,6160,6450,6050,6300,1674767,0.04651162790697683
2025-09-09,6300,6520,6240,6360,1016812,0.00952380952380949
2025-09-10,6360,6430,6250,6330,362190,-0.004716981132075526
2025-09-11,6400,6560,6360,6380,555483,0.00789889415481837
2025-09-12,6400,6450,6330,6430,233863,0.00783699059561127
2025-09-15,6460,6530,6280,6370,278099,-0.009331259720062213
2025-09-16,6380,6410,6240,6300,230024,-0.01098901098901095
2025-09-17,6390,7270,6360,6550,10443165,0.039682539682539764
2025-09-18,6630,6800,6520,6700,1364736,0.022900763358778553
2025-09-19,6700,6770,6520,6730,702559,0.004477611940298498
2025-09-22,6790,6860,6610,6700,558913,-0.004457652303120341
2025-09-23,6650,6650,6390,6560,475288,-0.020895522388059695
2025-09-24,6650,6650,6250,6340,326074,-0.03353658536585369
