Date,Open,High,Low,Close,Volume,Change
2022-01-03,4600,4700,4580,4650,38530,0.008676789587852562
2022-01-04,4670,4695,4565,4620,47277,-0.006451612903225823
2022-01-05,4620,4700,4510,4615,76257,-0.0010822510822511289
2022-01-06,4595,4620,4495,4495,47982,-0.026002166847237218
2022-01-07,4580,4590,4500,4590,28104,0.021134593993325845
2022-01-10,4640,4640,4505,4505,39092,-0.01851851851851849
2022-01-11,4505,4720,4370,4500,82011,-0.0011098779134295356
2022-01-12,4435,4510,4375,4495,43917,-0.0011111111111110628
2022-01-13,4495,4580,4400,4500,45272,0.0011123470522802492
2022-01-14,4490,4490,4400,4415,39645,-0.018888888888888844
2022-01-17,4425,4425,4230,4350,76433,-0.014722536806342057
2022-01-18,4315,4375,4070,4070,53684,-0.06436781609195408
2022-01-19,3970,4175,3965,4050,42852,-0.004914004914004955
2022-01-20,4150,4150,3900,4045,116940,-0.0012345679012345512
2022-01-21,4050,4070,3950,4045,53087,0.0
2022-01-24,4025,4190,3930,3985,80438,-0.014833127317676165
2022-01-25,4050,4050,3720,3900,197122,-0.021329987452948562
2022-01-26,3900,3950,3810,3920,49245,0.00512820512820511
2022-01-27,3925,3995,3635,3695,112696,-0.05739795918367352
2022-01-28,3700,3780,3535,3690,108051,-0.0013531799729363803
2022-02-03,3805,3985,3705,3880,83078,0.051490514905149
2022-02-04,3880,4660,3860,4295,828455,0.106958762886598
2022-02-07,4320,5330,4320,4850,2719895,0.12922002328288706
2022-02-08,4830,4940,4750,4800,291254,-0.010309278350515427
2022-02-09,4850,5060,4770,4840,225102,0.008333333333333304
2022-02-10,4855,4890,4760,4835,87823,-0.0010330578512396382
2022-02-11,4710,4820,4700,4755,58518,-0.016546018614270963
2022-02-14,4730,4730,4580,4590,51492,-0.034700315457413256
2022-02-15,4590,4675,4370,4500,79163,-0.019607843137254943
2022-02-16,4500,4830,4500,4800,138938,0.06666666666666665
2022-02-17,4800,4845,4610,4735,223896,-0.013541666666666674
2022-02-18,4610,4820,4600,4800,102563,0.01372756071805692
2022-02-21,4660,4830,4600,4720,46416,-0.01666666666666672
2022-02-22,4650,4715,4500,4570,67627,-0.03177966101694918
2022-02-23,4570,4695,4515,4570,27974,0.0
2022-02-24,4560,4580,4200,4300,96013,-0.05908096280087527
2022-02-25,4300,4500,4300,4455,38808,0.03604651162790695
2022-02-28,4550,4675,4440,4650,52063,0.04377104377104368
2022-03-02,4650,4650,4525,4630,28037,-0.004301075268817178
2022-03-03,4630,4675,4515,4600,37051,-0.006479481641468721
2022-03-04,4595,4600,4465,4495,36074,-0.022826086956521774
2022-03-07,4470,4470,4320,4370,35104,-0.027808676307007785
2022-03-08,4345,4370,4160,4280,67630,-0.020594965675057253
2022-03-10,4285,4400,4100,4350,45029,0.016355140186915973
2022-03-11,4350,4350,4150,4185,86879,-0.037931034482758585
2022-03-14,4130,4205,3975,4040,95330,-0.03464755077658299
2022-03-15,3965,4050,3905,4035,30276,-0.0012376237623762387
2022-03-16,4025,4105,3950,4060,45880,0.006195786864931829
2022-03-17,4100,4145,4015,4095,62242,0.008620689655172376
2022-03-18,4115,4140,4065,4120,36623,0.006105006105006083
2022-03-21,4240,4240,4090,4140,34625,0.004854368932038833
2022-03-22,4140,4230,4075,4180,21131,0.009661835748792313
2022-03-23,4180,4265,4100,4230,57585,0.011961722488038173
2022-03-24,4440,4440,4085,4255,86410,0.005910165484633634
2022-03-25,4215,4280,4190,4255,25192,0.0
2022-03-28,4320,4320,4100,4245,43649,-0.002350176263219761
2022-03-29,4225,4330,4150,4245,33647,0.0
2022-03-30,4245,4340,4170,4255,43298,0.002355712603062443
2022-03-31,4240,4350,4175,4205,35278,-0.011750881316098694
2022-04-01,4205,4230,4150,4225,29781,0.0047562425683709275
2022-04-04,4175,4320,4175,4280,75364,0.013017751479289963
2022-04-05,4345,4490,4245,4490,150545,0.0490654205607477
2022-04-06,4550,4550,4400,4465,88679,-0.0055679287305122616
2022-04-07,4460,4460,4265,4280,68328,-0.0414333706606943
2022-04-08,4265,4390,4185,4260,47696,-0.004672897196261627
2022-04-11,4255,4270,4150,4215,72538,-0.010563380281690127
2022-04-12,4185,4210,4075,4160,48978,-0.013048635824436494
2022-04-13,4230,4240,4135,4220,45926,0.014423076923076872
2022-04-14,4260,4280,4190,4200,64098,-0.004739336492891044
2022-04-15,4200,4200,4070,4110,71864,-0.021428571428571463
2022-04-18,4110,4170,4040,4080,57503,-0.007299270072992692
2022-04-19,4095,4185,4075,4095,38664,0.003676470588235281
2022-04-20,4125,4680,4110,4440,1457239,0.08424908424908417
2022-04-21,4425,4515,4325,4430,215464,-0.0022522522522522292
2022-04-22,4430,4800,4360,4695,1255134,0.0598194130925509
2022-04-25,4650,4680,4430,4510,250790,-0.03940362087326943
2022-04-26,4535,4590,4390,4575,122942,0.014412416851441234
2022-04-27,4490,4615,4380,4600,229158,0.005464480874316946
2022-04-28,4625,4670,4555,4650,169088,0.010869565217391353
2022-04-29,4640,4780,4630,4760,241805,0.023655913978494647
2022-05-02,4690,4940,4685,4930,410235,0.03571428571428581
2022-05-03,4940,5200,4865,5040,516294,0.022312373225152227
2022-05-04,5200,5200,4820,4930,377017,-0.02182539682539686
2022-05-06,4810,4965,4805,4850,180754,-0.016227180527383367
2022-05-09,4765,4855,4560,4595,226923,-0.0525773195876289
2022-05-10,4530,4650,4375,4605,185398,0.0021762785636560977
2022-05-11,4555,4940,4555,4905,200805,0.06514657980456029
2022-05-12,4885,4890,4750,4830,121341,-0.015290519877675823
2022-05-13,4830,4940,4795,4905,147669,0.01552795031055898
2022-05-16,4995,4995,4705,4725,208233,-0.03669724770642202
2022-05-17,4665,4780,4655,4725,71553,0.0
2022-05-18,4680,4800,4680,4720,48805,-0.0010582010582010914
2022-05-19,4595,4915,4550,4830,114598,0.02330508474576276
2022-05-20,4765,4895,4765,4785,53876,-0.009316770186335366
2022-05-23,4800,4800,4655,4685,106513,-0.020898641588296796
2022-05-24,4790,4790,4535,4535,101635,-0.03201707577374602
2022-05-25,4500,4645,4450,4575,57291,0.008820286659316334
2022-05-26,4560,4595,4460,4505,132137,-0.015300546448087426
2022-05-27,4440,4510,4325,4390,88062,-0.025527192008878985
2022-05-30,4390,4390,4190,4200,268671,-0.0432801822323462
2022-05-31,4260,4260,4020,4140,243813,-0.014285714285714235
2022-06-02,4140,4150,4060,4110,56524,-0.007246376811594235
2022-06-03,4110,4135,4000,4000,139277,-0.02676399026763987
2022-06-07,4000,4045,3860,3920,133702,-0.020000000000000018
2022-06-08,3865,3940,3820,3880,105416,-0.010204081632653073
2022-06-09,3880,3895,3760,3805,97708,-0.019329896907216537
2022-06-10,3805,3810,3680,3780,98211,-0.006570302233902758
2022-06-13,3705,3775,3650,3715,100453,-0.01719576719576721
2022-06-14,3650,3750,3580,3650,124636,-0.01749663526244949
2022-06-15,3650,3740,3590,3620,110641,-0.008219178082191747
2022-06-16,3615,3720,3540,3620,197503,0.0
2022-06-17,3515,3690,3450,3630,95149,0.0027624309392264568
2022-06-20,3605,3705,3490,3540,119013,-0.024793388429752095
2022-06-21,3500,3580,3480,3495,52783,-0.012711864406779627
2022-06-22,3460,3585,3435,3490,87049,-0.0014306151645206988
2022-06-23,3490,3505,3200,3240,278164,-0.07163323782234954
2022-06-24,3210,3430,3180,3330,174745,0.02777777777777768
2022-06-27,3295,3515,3295,3420,209890,0.027027027027026973
2022-06-28,3390,3645,3390,3515,57064,0.02777777777777768
2022-06-29,3435,3600,3435,3510,47970,-0.0014224751066855834
2022-06-30,3590,3590,3365,3425,69137,-0.024216524216524205
2022-07-01,3420,3460,3205,3280,81511,-0.04233576642335768
2022-07-04,3290,3300,3075,3145,119649,-0.041158536585365835
2022-07-05,3400,3400,3160,3275,46363,0.04133545310015907
2022-07-06,3275,3300,3190,3255,30240,-0.006106870229007688
2022-07-07,3290,3355,3260,3335,13924,0.02457757296466978
2022-07-08,3395,3440,3305,3405,31866,0.020989505247376306
2022-07-11,3425,3610,3425,3565,124288,0.04698972099853149
2022-07-12,3595,3595,3480,3570,41122,0.0014025245441795509
2022-07-13,3570,3590,3500,3540,55404,-0.008403361344537785
2022-07-14,3545,3545,3465,3540,34609,0.0
2022-07-15,3540,3540,3445,3490,37714,-0.01412429378531077
2022-07-18,3550,3900,3535,3595,345334,0.03008595988538687
2022-07-19,3600,3625,3520,3595,62653,0.0
2022-07-20,3595,3625,3555,3600,61046,0.0013908205841446364
2022-07-21,3595,3635,3570,3610,37488,0.002777777777777768
2022-07-22,3610,3620,3515,3515,44363,-0.02631578947368418
2022-07-25,3515,3515,3450,3490,19731,-0.007112375533428139
2022-07-26,3485,3520,3445,3510,25234,0.005730659025787954
2022-07-27,3475,3540,3475,3520,37383,0.002849002849002913
2022-07-28,3510,3550,3510,3530,21470,0.0028409090909091717
2022-07-29,3530,3560,3490,3530,243860,0.0
2022-08-01,3530,3555,3460,3485,42785,-0.012747875354107596
2022-08-02,3455,3455,3255,3300,201445,-0.05308464849354377
2022-08-03,3315,3410,3305,3350,28657,0.015151515151515138
2022-08-04,3360,3455,3350,3435,47862,0.025373134328358304
2022-08-05,3450,3490,3425,3475,29550,0.011644832605531397
2022-08-08,3475,3475,3385,3410,43325,-0.018705035971222972
2022-08-09,3405,3480,3390,3450,45725,0.011730205278592365
2022-08-10,3450,3650,3345,3415,177027,-0.010144927536231862
2022-08-11,3515,3515,3395,3420,27387,0.0014641288433381305
2022-08-12,3420,3445,3380,3420,40820,0.0
2022-08-16,3420,3450,3390,3390,25262,-0.00877192982456143
2022-08-17,3400,3420,3330,3420,39725,0.008849557522123908
2022-08-18,3445,3445,3340,3390,34964,-0.00877192982456143
2022-08-19,3360,3385,3280,3285,85762,-0.030973451327433676
2022-08-22,3280,3280,3155,3160,73711,-0.03805175038051756
2022-08-23,3120,3180,3080,3090,55829,-0.022151898734177222
2022-08-24,3120,3165,3095,3125,45422,0.01132686084142387
2022-08-25,3200,3200,3140,3175,16699,0.016000000000000014
2022-08-26,3240,3240,3130,3135,51939,-0.012598425196850394
2022-08-29,3125,3125,3025,3115,47309,-0.006379585326953707
2022-08-30,3080,3240,3080,3215,46289,0.0321027287319422
2022-08-31,3200,3245,3180,3210,25144,-0.0015552099533436836
2022-09-01,3190,3215,3075,3100,59197,-0.034267912772585674
2022-09-02,3215,3225,3060,3080,39193,-0.006451612903225823
2022-09-05,3070,3140,2980,3115,106362,0.011363636363636465
2022-09-06,3080,3135,3055,3090,29065,-0.008025682182985605
2022-09-07,3070,3110,2990,3025,62258,-0.021035598705501646
2022-09-08,3025,3090,2985,3035,40573,0.0033057851239668423
2022-09-13,3035,3155,3030,3125,58891,0.029654036243822013
2022-09-14,3055,3170,3020,3155,34681,0.009600000000000053
2022-09-15,3170,3170,3020,3025,91029,-0.04120443740095092
2022-09-16,3010,3060,2955,3000,87056,-0.008264462809917328
2022-09-19,2960,3015,2920,2960,61977,-0.013333333333333308
2022-09-20,2975,3020,2925,2925,37096,-0.011824324324324342
2022-09-21,2925,2970,2780,2815,164811,-0.037606837606837584
2022-09-22,2775,2860,2740,2770,70214,-0.01598579040852577
2022-09-23,2770,2775,2660,2770,108823,0.0
2022-09-26,2730,2770,2490,2770,239910,0.0
2022-09-27,2650,2700,2550,2640,118533,-0.04693140794223827
2022-09-28,2600,2630,2475,2475,102400,-0.0625
2022-09-29,2475,2570,2475,2475,46046,0.0
2022-09-30,2375,3010,2375,2845,1177889,0.14949494949494957
2022-10-04,2870,3155,2780,3150,434420,0.10720562390158173
2022-10-05,3160,3320,3100,3215,182745,0.02063492063492056
2022-10-06,3180,3320,3130,3275,111073,0.018662519440124425
2022-10-07,3275,3375,3200,3320,121460,0.013740458015267132
2022-10-11,3285,3310,3060,3260,129127,-0.01807228915662651
2022-10-12,3225,3300,3040,3060,139137,-0.06134969325153372
2022-10-13,3030,3090,2795,2810,129366,-0.0816993464052288
2022-10-14,2815,2965,2815,2815,64578,0.001779359430605032
2022-10-17,2815,3280,2775,3135,280782,0.11367673179396087
2022-10-18,3205,3450,3180,3425,329487,0.09250398724082931
2022-10-19,3425,3480,3345,3360,124870,-0.01897810218978102
2022-10-20,3325,3395,3130,3335,90335,-0.007440476190476164
2022-10-21,3275,3410,3275,3330,74583,-0.0014992503748125774
2022-10-24,3400,3555,3350,3525,226227,0.05855855855855863
2022-10-25,3525,3545,3425,3455,99232,-0.019858156028368823
2022-10-26,3420,3505,3360,3450,48785,-0.0014471780028944004
2022-10-27,3415,3520,3400,3520,67592,0.020289855072463725
2022-10-28,3520,3650,3320,3600,142413,0.022727272727272707
2022-10-31,3690,3690,3440,3500,143482,-0.02777777777777779
2022-11-01,3515,3515,3350,3390,99676,-0.03142857142857147
2022-11-02,3350,3450,3285,3285,95569,-0.030973451327433676
2022-11-03,3200,3345,3185,3325,46664,0.0121765601217656
2022-11-04,3230,3405,3230,3400,32278,0.022556390977443552
2022-11-07,3395,3440,3390,3405,18422,0.0014705882352941124
2022-11-08,3410,3425,3370,3395,19676,-0.002936857562408246
2022-11-09,3395,3450,3280,3280,37938,-0.03387334315169366
2022-11-10,3280,3315,3180,3235,46525,-0.013719512195121908
2022-11-11,3340,3340,3170,3260,87225,0.007727975270479082
2022-11-14,3220,3260,3120,3145,86970,-0.03527607361963192
2022-11-15,3035,3115,2985,3040,80994,-0.03338632750397452
2022-11-16,3040,3115,2855,2895,145316,-0.047697368421052655
2022-11-17,2890,2895,2780,2785,123472,-0.03799654576856648
2022-11-18,2810,2875,2730,2730,111098,-0.019748653500897717
2022-11-21,2745,3200,2745,3120,687380,0.1428571428571428
2022-11-22,3130,3145,2845,2935,235947,-0.059294871794871806
2022-11-23,2990,3000,2890,2920,48732,-0.005110732538330498
2022-11-24,2920,3000,2900,2955,55008,0.011986301369863117
2022-11-25,2905,2965,2855,2875,43379,-0.027072758037225086
2022-11-28,2850,2950,2745,2745,76646,-0.045217391304347876
2022-11-29,2745,2825,2735,2780,43791,0.012750455373406133
2022-11-30,2780,2780,2715,2755,34882,-0.008992805755395739
2022-12-01,2765,2800,2740,2745,53635,-0.003629764065335772
2022-12-02,2745,2790,2605,2605,129067,-0.051001821493624755
2022-12-05,2600,2670,2595,2650,24567,0.017274472168905985
2022-12-06,2650,3230,2635,2770,907492,0.04528301886792452
2022-12-07,2805,2830,2730,2755,105144,-0.005415162454873612
2022-12-08,2800,2800,2710,2755,23553,0.0
2022-12-09,2750,2830,2590,2775,81960,0.007259528130671544
2022-12-12,2775,2800,2650,2695,59215,-0.028828828828828867
2022-12-13,2705,2745,2690,2725,34682,0.011131725417439675
2022-12-14,2745,2775,2695,2770,49963,0.016513761467889854
2022-12-15,2745,2820,2735,2770,61308,0.0
2022-12-16,2765,2785,2675,2740,87786,-0.010830324909747335
2022-12-19,2710,2750,2655,2690,33671,-0.018248175182481785
2022-12-20,2690,2715,2520,2560,170868,-0.048327137546468446
2022-12-21,2595,2595,2480,2480,49398,-0.03125
2022-12-22,2530,2530,2460,2475,33657,-0.0020161290322581182
2022-12-23,2425,2550,2400,2485,102131,0.004040404040404066
2022-12-26,2460,2510,2385,2450,96131,-0.014084507042253502
2022-12-27,2400,2530,2400,2450,101446,0.0
2022-12-28,2435,2585,2380,2460,76545,0.004081632653061273
2022-12-29,2400,2460,2375,2400,75608,-0.024390243902439046
2023-01-02,2355,2405,2330,2380,98250,-0.008333333333333304
2023-01-03,2350,2430,2270,2310,144595,-0.02941176470588236
2023-01-04,2295,2350,2245,2330,50729,0.008658008658008587
2023-01-05,2340,2480,2330,2440,125210,0.047210300429184615
2023-01-06,2450,2470,2395,2450,59092,0.004098360655737654
2023-01-09,2450,2565,2440,2565,80584,0.04693877551020398
2023-01-10,2545,2630,2515,2540,85585,-0.00974658869395717
2023-01-11,2535,2625,2535,2610,34209,0.027559055118110187
2023-01-12,2650,2650,2565,2565,43863,-0.017241379310344862
2023-01-13,2575,2575,2505,2560,64763,-0.0019493177387914784
2023-01-16,2570,2670,2535,2635,69807,0.029296875
2023-01-17,2675,2675,2530,2590,77106,-0.017077798861480087
2023-01-18,2590,2605,2545,2575,53902,-0.00579150579150578
2023-01-19,2550,2570,2500,2550,38505,-0.009708737864077666
2023-01-20,2535,2630,2520,2600,21438,0.019607843137254832
2023-01-25,2630,2630,2560,2580,30621,-0.007692307692307665
2023-01-26,2595,2600,2520,2570,50290,-0.003875968992248069
2023-01-27,2600,2615,2515,2570,43777,0.0
2023-01-30,2620,2620,2530,2580,51220,0.0038910505836575737
2023-01-31,2780,3210,2615,2975,4876633,0.1531007751937985
2023-02-01,3000,3090,2950,2990,913179,0.005042016806722671
2023-02-02,3025,3025,2850,2980,535040,-0.0033444816053511683
2023-02-03,2945,2985,2890,2905,221732,-0.025167785234899376
2023-02-06,2890,2890,2800,2820,180957,-0.029259896729776247
2023-02-07,2795,2865,2795,2850,74185,0.010638297872340496
2023-02-08,2820,2875,2795,2850,100152,0.0
2023-02-09,2850,2920,2840,2900,97242,0.01754385964912286
2023-02-10,2880,2925,2790,2795,118451,-0.036206896551724155
2023-02-13,2835,2835,2735,2780,63252,-0.00536672629695889
2023-02-14,2755,2815,2750,2790,59333,0.003597122302158251
2023-02-15,2805,2840,2710,2750,83184,-0.014336917562724039
2023-02-16,2720,2765,2695,2725,71125,-0.009090909090909038
2023-02-17,2670,2725,2655,2710,57953,-0.0055045871559632475
2023-02-20,2695,2770,2675,2740,56811,0.011070110701107083
2023-02-21,2730,2765,2700,2720,62824,-0.007299270072992692
2023-02-22,2715,2720,2670,2715,39238,-0.0018382352941176405
2023-02-23,2700,2785,2700,2760,87281,0.016574585635359185
2023-02-24,2755,2780,2705,2725,47958,-0.0126811594202898
2023-02-27,2680,2720,2660,2715,48771,-0.003669724770642202
2023-02-28,2710,2765,2680,2690,47052,-0.009208103130755041
2023-03-02,2700,2725,2610,2645,151062,-0.016728624535315983
2023-03-03,2605,2660,2590,2635,80158,-0.003780718336483968
2023-03-06,2610,2735,2600,2730,67165,0.036053130929791344
2023-03-07,2700,2760,2670,2745,125784,0.005494505494505475
2023-03-08,2700,2710,2655,2670,45233,-0.02732240437158473
2023-03-09,2680,2695,2600,2695,44517,0.009363295880149725
2023-03-10,2620,2805,2620,2805,425566,0.04081632653061229
2023-03-13,2700,2825,2690,2820,519067,0.005347593582887722
2023-03-14,2800,2835,2670,2795,142477,-0.00886524822695034
2023-03-15,2800,2870,2700,2730,154672,-0.023255813953488413
2023-03-16,2645,2720,2640,2695,81897,-0.012820512820512775
2023-03-17,2685,2760,2675,2745,65505,0.01855287569573294
2023-03-20,2800,2930,2740,2860,221909,0.041894353369763104
2023-03-21,2835,2870,2745,2750,151845,-0.038461538461538436
2023-03-22,2810,2810,2730,2770,49870,0.0072727272727273196
2023-03-23,2740,2760,2675,2710,106200,-0.02166064981949456
2023-03-24,2710,2715,2660,2690,86781,-0.0073800738007380184
2023-03-27,2690,2880,2435,2745,4217031,0.020446096654274992
2023-03-28,2760,3075,2760,2990,724441,0.08925318761384338
2023-03-29,2990,3045,2850,2990,249720,0.0
2023-03-30,3010,3150,2910,3040,274160,0.01672240802675584
2023-03-31,3140,3140,2980,3080,131789,0.013157894736842035
2023-04-03,3085,3690,3085,3690,1448331,0.19805194805194803
2023-04-04,3550,3880,3540,3755,787286,0.017615176151761558
2023-04-05,3755,4155,3685,4050,1039936,0.07856191744340868
2023-04-06,4050,4230,3965,4105,494414,0.013580246913580174
2023-04-07,4080,4140,3920,4065,241417,-0.00974421437271622
2023-04-10,4070,4240,3970,4125,271099,0.014760147601476037
2023-04-11,4020,4405,4010,4335,396574,0.050909090909091015
2023-04-12,4335,4715,4335,4670,644363,0.07727797001153403
2023-04-13,4650,4990,4650,4990,769017,0.0685224839400429
2023-04-14,5050,5190,4655,5010,588609,0.004008016032064132
2023-04-17,5020,5200,4990,5150,342166,0.027944111776447178
2023-04-18,5190,5190,4830,5140,289537,-0.001941747572815511
2023-04-19,5130,5340,4995,5270,285487,0.02529182879377423
2023-04-20,5340,5500,5190,5440,280328,0.032258064516129004
2023-04-21,5540,5760,5400,5640,402761,0.03676470588235303
2023-04-24,5610,5720,5550,5600,205763,-0.007092198581560294
2023-04-25,5600,5600,4515,5050,1028905,-0.0982142857142857
2023-04-26,5070,5600,4910,5430,418174,0.07524752475247531
2023-04-27,5390,5390,4940,5210,266833,-0.04051565377532229
2023-04-28,5130,5410,4990,4995,289127,-0.041266794625719805
2023-05-02,4995,5200,4550,5100,247652,0.021021021021021102
2023-05-03,5050,5270,4995,5090,209100,-0.0019607843137254832
2023-05-04,5080,5320,5020,5090,295927,0.0
2023-05-08,5200,5240,4685,4885,418926,-0.04027504911591351
2023-05-09,4900,5130,4900,4950,154252,0.013306038894575156
2023-05-10,5000,5110,4890,4890,201553,-0.012121212121212088
2023-05-11,4975,5270,4915,5020,303193,0.026584867075664542
2023-05-12,5020,5030,4795,4895,130068,-0.02490039840637448
2023-05-15,4895,4980,4615,4730,159577,-0.0337078651685393
2023-05-16,4930,4935,4360,4700,356848,-0.006342494714587699
2023-05-17,4700,4995,4685,4865,262655,0.03510638297872348
2023-05-18,4810,4990,4650,4745,167101,-0.02466598150051391
2023-05-19,4725,5010,4725,4880,256303,0.028451001053740876
2023-05-22,4950,5280,4870,5220,455923,0.069672131147541
2023-05-23,5460,6300,4730,4735,4355233,-0.09291187739463602
2023-05-24,4760,4785,4500,4500,637774,-0.0496304118268216
2023-05-25,4500,4505,4140,4140,603107,-0.07999999999999996
2023-05-26,4195,4315,4070,4245,253424,0.0253623188405796
2023-05-30,4250,4300,4065,4065,182466,-0.04240282685512364
2023-05-31,4000,4200,3970,4000,326185,-0.01599015990159902
2023-06-01,4000,4135,3980,4025,186926,0.006250000000000089
2023-06-02,4020,4100,4000,4035,93633,0.00248447204968949
2023-06-05,4050,4160,4020,4125,114659,0.02230483271375472
2023-06-07,4135,4140,4040,4115,96565,-0.00242424242424244
2023-06-08,4085,4110,4040,4070,113054,-0.010935601458080146
2023-06-09,4055,4070,3855,3895,218154,-0.04299754299754299
2023-06-12,3870,3870,3690,3730,207915,-0.042362002567394086
2023-06-13,3710,3890,3710,3825,160397,0.025469168900804195
2023-06-14,3835,3885,3700,3775,121162,-0.013071895424836555
2023-06-15,3755,3880,3730,3740,109888,-0.009271523178807972
2023-06-16,3760,3840,3730,3735,89498,-0.0013368983957219305
2023-06-19,3735,3865,3700,3855,83971,0.032128514056224855
2023-06-20,3885,3885,3780,3825,95941,-0.0077821011673151474
2023-06-21,3780,3870,3730,3780,88593,-0.0117647058823529
2023-06-22,3825,3825,3545,3625,245686,-0.041005291005291045
2023-06-23,3650,3840,3580,3775,146040,0.04137931034482767
2023-06-26,3760,4390,3735,4060,661706,0.07549668874172188
2023-06-27,4010,4100,3860,3955,227322,-0.025862068965517238
2023-06-28,3960,4095,3855,3865,126870,-0.022756005056890016
2023-06-29,3835,4020,3805,3870,124831,0.001293661060802087
2023-06-30,3870,3905,3765,3840,151559,-0.007751937984496138
2023-07-03,3810,3895,3690,3720,194078,-0.03125
2023-07-04,3705,4030,3705,4020,233371,0.08064516129032251
2023-07-05,4020,4120,4000,4050,155163,0.00746268656716409
2023-07-06,4015,4235,3900,4190,516759,0.03456790123456788
2023-07-07,4325,4325,3950,3950,554954,-0.05727923627684961
2023-07-10,3950,4225,3770,3855,683366,-0.024050632911392422
2023-07-11,3860,3945,3800,3860,72352,0.0012970168612191912
2023-07-12,3840,3920,3780,3800,78519,-0.015544041450777257
2023-07-13,3800,3990,3750,3890,145421,0.023684210526315752
2023-07-14,4030,4070,3900,3930,154032,0.010282776349614497
2023-07-17,3995,4055,3865,4015,133694,0.021628498727735312
2023-07-18,4015,4130,3900,4065,251234,0.012453300124533051
2023-07-19,4065,4165,4000,4065,172554,0.0
2023-07-20,4040,4125,4000,4075,95972,0.002460024600245969
2023-07-21,4045,4085,3935,3970,127198,-0.025766871165644134
2023-07-24,3930,3970,3600,3600,233602,-0.09319899244332497
2023-07-25,3685,3690,3320,3320,353991,-0.07777777777777772
2023-07-26,3320,3650,3130,3645,437603,0.09789156626506035
2023-07-27,3655,3900,3655,3820,199579,0.0480109739368999
2023-07-28,3780,3885,3670,3870,112180,0.01308900523560208
2023-07-31,3810,4030,3810,3965,121887,0.02454780361757103
2023-08-01,3970,4005,3895,3970,92398,0.0012610340479193294
2023-08-02,3970,4045,3930,3980,73348,0.0025188916876575096
2023-08-03,3975,4170,3925,4150,225698,0.04271356783919589
2023-08-04,4130,4240,4065,4240,134307,0.02168674698795181
2023-08-07,4230,4275,4030,4265,228825,0.005896226415094352
2023-08-08,4215,4330,4195,4280,164856,0.003516998827667095
2023-08-09,4355,4595,4250,4450,332500,0.03971962616822422
2023-08-10,4430,4550,4370,4485,161205,0.00786516853932584
2023-08-11,4480,4550,4350,4485,140276,0.0
2023-08-14,4515,4540,4220,4465,197668,-0.004459308807134854
2023-08-16,4465,4575,4320,4500,207908,0.007838745800671898
2023-08-17,4485,4555,4350,4465,172217,-0.007777777777777772
2023-08-18,4400,4525,4380,4420,119165,-0.01007838745800671
2023-08-21,4480,4490,4290,4435,136328,0.0033936651583710287
2023-08-22,4470,4470,4340,4395,132009,-0.009019165727170209
2023-08-23,4360,4445,4195,4195,247521,-0.04550625711035272
2023-08-24,4245,4515,4230,4420,259191,0.05363528009535168
2023-08-25,4370,4795,4370,4740,424891,0.07239819004524883
2023-08-28,4675,4780,4655,4765,150062,0.0052742616033756295
2023-08-29,4810,5150,4760,4910,653459,0.030430220356768123
2023-08-30,4900,4990,4825,4905,165690,-0.0010183299389001643
2023-08-31,4870,5050,4850,5020,195574,0.023445463812436396
2023-09-01,5240,5240,4820,4880,502918,-0.027888446215139417
2023-09-04,4880,5130,4870,4925,268745,0.009221311475409832
2023-09-05,4905,4950,4825,4915,174129,-0.0020304568527919065
2023-09-06,4950,5050,4850,4910,144340,-0.0010172939979654627
2023-09-07,4860,5040,4850,4925,191383,0.003054989816700715
2023-09-08,4915,5070,4850,5070,287502,0.029441624365482255
2023-09-11,5510,5530,4975,5030,1430487,-0.007889546351084853
2023-09-12,5120,5250,4975,4990,387974,-0.007952286282306154
2023-09-13,4950,5060,4935,4985,222659,-0.0010020040080159776
2023-09-14,4985,5050,4945,5040,219390,0.011033099297893756
2023-09-15,5110,5200,4710,5040,678474,0.0
2023-09-18,4975,5040,4865,5030,217277,-0.001984126984126977
2023-09-19,5030,5030,4870,4880,248910,-0.02982107355864816
2023-09-20,4970,4970,4775,4775,238948,-0.021516393442622905
2023-09-21,4710,4885,4705,4770,173044,-0.0010471204188481353
2023-09-22,4650,4845,4645,4820,243795,0.01048218029350112
2023-09-25,4815,4850,4740,4800,64691,-0.004149377593360981
2023-09-26,4810,4875,4785,4800,121002,0.0
2023-09-27,4715,5040,4715,5030,264126,0.04791666666666661
2023-10-04,4965,5030,4915,4960,69746,-0.013916500994035741
2023-10-05,5070,5080,4840,4840,151246,-0.024193548387096753
2023-10-06,4895,4940,4840,4885,58947,0.009297520661156966
2023-10-10,4885,4910,4645,4815,159164,-0.014329580348004134
2023-10-11,4810,5050,4810,4960,155012,0.03011422637590866
2023-10-12,4940,5090,4935,4995,96688,0.007056451612903247
2023-10-13,4940,5090,4750,4930,96725,-0.013013013013013053
2023-10-16,4920,4930,4825,4840,78901,-0.018255578093306246
2023-10-17,4840,4890,4800,4810,74255,-0.006198347107438051
2023-10-18,4810,4840,4735,4735,96534,-0.015592515592515621
2023-10-19,4735,4780,4575,4575,166884,-0.03379091869060191
2023-10-20,4570,4660,4440,4530,156962,-0.00983606557377048
2023-10-23,4530,4635,4475,4515,58945,-0.0033112582781457123
2023-10-24,4505,4635,4350,4550,64960,0.007751937984496138
2023-10-25,4550,4845,4550,4820,148938,0.05934065934065935
2023-10-26,4745,5400,4145,4155,3418652,-0.13796680497925307
2023-10-27,4160,4210,3765,4195,537353,0.00962695547533099
2023-10-30,4195,4195,3915,3950,172601,-0.05840286054827171
2023-10-31,3885,4080,3885,3920,99825,-0.0075949367088608
2023-11-01,4010,4070,3860,3965,90612,0.011479591836734748
2023-11-02,3965,4095,3950,4080,57368,0.029003783102143688
2023-11-03,4080,4140,3940,4080,95356,0.0
2023-11-06,4185,4185,3900,4045,155051,-0.008578431372548989
2023-11-07,4065,4140,3950,3990,102268,-0.013597033374536438
2023-11-08,4200,4200,3885,4010,147311,0.005012531328320913
2023-11-09,4010,4050,3875,3935,114058,-0.018703241895261846
2023-11-10,3925,3965,3805,3840,135873,-0.02414231257941546
2023-11-13,3840,3935,3695,3730,113597,-0.02864583333333337
2023-11-14,3780,3875,3705,3725,121362,-0.0013404825737265424
2023-11-15,3755,3890,3740,3840,120422,0.03087248322147662
2023-11-16,3840,3885,3755,3820,70142,-0.00520833333333337
2023-11-17,3790,3790,3650,3690,126453,-0.03403141361256545
2023-11-20,3690,3765,3620,3695,108433,0.0013550135501354532
2023-11-21,3650,3945,3650,3835,70214,0.03788903924221931
2023-11-22,3745,3835,3685,3700,78564,-0.03520208604954367
2023-11-23,3700,3730,3515,3550,190237,-0.04054054054054057
2023-11-24,3560,3580,3540,3560,51788,0.0028169014084507005
2023-11-27,3530,3620,3510,3515,92484,-0.012640449438202195
2023-11-28,3515,3615,3505,3585,62796,0.019914651493598834
2023-11-29,3600,3620,3530,3530,52323,-0.015341701534170138
2023-11-30,3540,3690,3540,3625,109047,0.026912181303116123
2023-12-01,3635,3670,3490,3515,88028,-0.030344827586206935
2023-12-04,3520,3570,3455,3490,106767,-0.007112375533428139
2023-12-05,3450,3540,3370,3430,117255,-0.017191977077363862
2023-12-06,3400,3455,3290,3350,87793,-0.023323615160349864
2023-12-07,3300,3400,3300,3320,56157,-0.008955223880596996
2023-12-08,3330,3385,3250,3300,51834,-0.0060240963855421326
2023-12-11,3250,3350,3250,3280,32287,-0.0060606060606061
2023-12-12,3280,3470,3280,3310,36485,0.009146341463414531
2023-12-13,3310,3355,3215,3230,55333,-0.024169184290030232
2023-12-14,3270,3775,3170,3330,947660,0.030959752321981338
2023-12-15,3325,3375,3250,3300,97380,-0.009009009009009028
2023-12-18,3300,3430,3255,3425,61080,0.037878787878787845
2023-12-19,3485,3485,3355,3395,29304,-0.008759124087591275
2023-12-20,3380,3485,3380,3390,49714,-0.0014727540500736325
2023-12-21,3365,3460,3350,3385,70686,-0.001474926253687281
2023-12-22,3360,3440,3350,3385,43465,0.0
2023-12-26,3395,3450,3310,3330,148049,-0.01624815361890697
2023-12-27,3320,3410,3315,3360,48465,0.009009009009008917
2023-12-28,3355,3440,3320,3425,79841,0.019345238095238138
2024-01-02,3465,3465,3350,3410,42108,-0.004379562043795637
2024-01-03,3430,3430,3300,3335,45093,-0.021994134897360684
2024-01-04,3370,3370,3290,3325,48198,-0.0029985007496251548
2024-01-05,3370,3370,3310,3320,15867,-0.0015037593984962294
2024-01-08,3330,3400,3315,3380,46433,0.01807228915662651
2024-01-09,3355,3420,3340,3420,45387,0.01183431952662728
2024-01-10,3400,3460,3390,3430,25233,0.0029239766081872176
2024-01-11,3430,3490,3400,3485,50173,0.016034985422740622
2024-01-12,3480,3570,3435,3550,75593,0.01865136298421799
2024-01-15,3555,3710,3495,3635,97702,0.023943661971830954
2024-01-16,3650,3980,3650,3810,340200,0.04814305364511684
2024-01-17,3755,3870,3745,3770,100465,-0.01049868766404205
2024-01-18,3815,3815,3695,3780,62645,0.0026525198938991412
2024-01-19,3780,3845,3710,3770,47226,-0.002645502645502673
2024-01-22,3770,3800,3720,3765,78037,-0.0013262599469495706
2024-01-23,3720,3840,3720,3740,31314,-0.006640106241699861
2024-01-24,3700,3920,3700,3830,103749,0.02406417112299475
2024-01-25,3815,3850,3670,3720,91028,-0.02872062663185382
2024-01-26,3720,3755,3685,3700,67690,-0.005376344086021501
2024-01-29,3700,3830,3670,3790,66104,0.024324324324324298
2024-01-30,3790,3870,3765,3780,50974,-0.0026385224274406704
2024-01-31,3730,3960,3730,3885,125287,0.02777777777777768
2024-02-01,3900,3930,3805,3930,66201,0.01158301158301156
2024-02-02,3930,3955,3870,3870,110370,-0.01526717557251911
2024-02-05,3930,3950,3795,3940,72286,0.01808785529715773
2024-02-06,3940,4250,3905,4235,409507,0.0748730964467006
2024-02-07,4250,4490,4180,4480,297302,0.05785123966942152
2024-02-08,4530,4595,4450,4500,213887,0.0044642857142858094
2024-02-13,4550,4840,4455,4840,353511,0.0755555555555556
2024-02-14,4800,4890,4610,4630,219716,-0.04338842975206614
2024-02-15,4640,4745,4615,4620,114498,-0.002159827213822907
2024-02-16,4620,4720,4520,4570,94327,-0.010822510822510845
2024-02-19,4570,4660,4540,4555,37560,-0.003282275711159688
2024-02-20,4555,4585,4490,4540,68409,-0.003293084522502765
2024-02-21,4500,4560,4275,4345,175079,-0.04295154185022021
2024-02-22,4345,4405,4200,4370,151596,0.005753739930955071
2024-02-23,4400,4400,4190,4285,156771,-0.0194508009153318
2024-02-26,4285,4400,4120,4280,92155,-0.001166861143523934
2024-02-27,4280,4460,4195,4270,158025,-0.002336448598130869
2024-02-28,4270,4325,4150,4160,83694,-0.025761124121779888
2024-02-29,4200,4250,4035,4140,71458,-0.004807692307692291
2024-03-04,4145,4280,4065,4140,58317,0.0
2024-03-05,4090,4270,4090,4180,75422,0.009661835748792313
2024-03-06,4180,4290,4165,4250,35658,0.01674641148325362
2024-03-07,4210,4280,4135,4145,67838,-0.024705882352941133
2024-03-08,4145,4195,4060,4100,48469,-0.010856453558504175
2024-03-11,4055,4215,4050,4160,45781,0.014634146341463428
2024-03-12,4200,4200,4045,4170,60155,0.0024038461538462563
2024-03-13,4170,4260,4100,4255,92621,0.020383693045563644
2024-03-14,4255,4325,4165,4315,67974,0.014101057579318343
2024-03-15,4300,4445,4270,4395,105983,0.018539976825028948
2024-03-18,4420,4430,4315,4340,93144,-0.012514220705347023
2024-03-19,4370,4370,4205,4315,72272,-0.005760368663594417
2024-03-20,4315,4655,4315,4635,318597,0.07415990730011579
2024-03-21,4600,4700,4475,4645,359880,0.0021574973031284195
2024-03-22,4610,4795,4485,4670,269607,0.005382131324004336
2024-03-25,4795,4795,4545,4590,182212,-0.017130620985010725
2024-03-26,4540,4775,4540,4770,329050,0.03921568627450989
2024-03-27,4795,4820,4600,4645,187432,-0.026205450733752578
2024-03-28,4645,4705,4350,4375,252255,-0.05812701829924649
2024-03-29,4380,4420,4240,4380,68021,0.0011428571428571122
2024-04-01,4350,4470,4310,4440,67328,0.013698630136986356
2024-04-02,4435,4445,4340,4370,61421,-0.015765765765765716
2024-04-03,4370,4370,4205,4360,54540,-0.0022883295194507935
2024-04-04,4335,4400,4170,4210,85468,-0.0344036697247706
2024-04-05,4200,4340,4130,4170,150615,-0.009501187648456089
2024-04-08,4170,4285,4125,4165,48536,-0.0011990407673860837
2024-04-09,4200,4250,3985,4085,157499,-0.019207683073229287
2024-04-11,4085,4190,3990,4160,42089,0.01835985312117505
2024-04-12,4225,4795,4095,4285,495848,0.030048076923076872
2024-04-15,4230,4265,4085,4085,75169,-0.046674445740956805
2024-04-16,4025,4180,3995,4065,107678,-0.004895960832313362
2024-04-17,4070,4115,4000,4040,61717,-0.006150061500615034
2024-04-18,4035,4245,4020,4240,62150,0.04950495049504955
2024-04-19,4200,4260,4125,4195,71432,-0.010613207547169767
2024-04-22,4145,4275,4140,4230,35314,0.008343265792610355
2024-04-23,4265,4290,4210,4260,39846,0.007092198581560183
2024-04-24,4300,4350,4215,4235,52864,-0.005868544600938996
2024-04-25,4295,4295,4180,4200,36684,-0.008264462809917328
2024-04-26,4200,4300,4180,4200,167587,0.0
2024-04-29,4190,4260,4190,4200,62662,0.0
2024-04-30,4200,4290,4200,4215,59261,0.0035714285714285587
2024-05-02,4230,4270,4165,4200,48781,-0.003558718861209953
2024-05-03,4200,4225,4140,4185,41898,-0.0035714285714285587
2024-05-07,4185,4185,4095,4100,53842,-0.020310633213859064
2024-05-08,4060,4120,4000,4080,117161,-0.004878048780487809
2024-05-09,4080,4080,4000,4010,79152,-0.01715686274509809
2024-05-10,4030,4060,3945,4010,74242,0.0
2024-05-13,4065,4065,3750,3880,135265,-0.032418952618453845
2024-05-14,3885,4095,3800,3845,60595,-0.009020618556700999
2024-05-16,3880,3880,3730,3730,60118,-0.02990897269180759
2024-05-17,3730,3860,3670,3805,71428,0.020107238605898026
2024-05-20,3820,3820,3625,3635,92368,-0.0446780551905388
2024-05-21,3635,3745,3560,3615,91476,-0.005502063273727598
2024-05-22,3605,3655,3560,3580,43102,-0.009681881051175623
2024-05-23,3580,3595,3480,3500,77966,-0.022346368715083775
2024-05-24,3500,3650,3400,3500,87054,0.0
2024-05-27,3500,3570,3395,3470,57331,-0.008571428571428563
2024-05-28,3405,3515,3360,3370,63055,-0.028818443804034533
2024-05-29,3340,3425,3340,3380,51654,0.0029673590504450953
2024-05-30,3385,3450,3280,3280,56488,-0.029585798816568087
2024-05-31,3280,3300,3200,3275,58922,-0.0015243902439023849
2024-06-03,3305,3440,3270,3365,63483,0.027480916030534264
2024-06-04,3385,3575,3320,3500,95144,0.04011887072808329
2024-06-05,3500,3575,3330,3330,87699,-0.0485714285714286
2024-06-07,3345,3410,3160,3255,139645,-0.022522522522522515
2024-06-10,3250,3250,3130,3130,85981,-0.03840245775729645
2024-06-11,3130,3240,3075,3130,60402,0.0
2024-06-12,3250,3260,3130,3135,35604,0.0015974440894568342
2024-06-13,3220,3220,3120,3210,38347,0.02392344497607657
2024-06-14,3210,3280,3160,3190,49840,-0.006230529595015577
2024-06-17,3295,3990,3215,3760,1826745,0.17868338557993724
2024-06-18,3810,3930,3515,3730,411846,-0.007978723404255317
2024-06-19,3725,3725,3555,3615,100979,-0.030831099195710476
2024-06-20,3685,3685,3435,3510,142064,-0.02904564315352698
2024-06-21,3510,3565,3395,3395,76921,-0.03276353276353272
2024-06-24,3360,3480,3280,3390,60880,-0.0014727540500736325
2024-06-25,3390,3520,3320,3470,68451,0.02359882005899716
2024-06-26,3520,3560,3410,3550,39731,0.023054755043227626
2024-06-27,3550,3660,3470,3470,129391,-0.022535211267605604
2024-06-28,3465,3480,3415,3440,42395,-0.008645533141210415
2024-07-01,3445,3450,3365,3425,51038,-0.0043604651162790775
2024-07-02,3385,3515,3380,3450,52452,0.007299270072992803
2024-07-03,3475,3490,3440,3465,19969,0.004347826086956497
2024-07-04,3415,3475,3390,3405,38547,-0.017316017316017285
2024-07-05,3420,3470,3370,3405,42726,0.0
2024-07-08,3450,3465,3360,3410,79399,0.001468428781204123
2024-07-09,3405,3495,3390,3455,42874,0.01319648093841641
2024-07-10,3455,3480,3315,3325,129449,-0.0376266280752533
2024-07-11,3325,3335,3175,3180,141817,-0.043609022556390986
2024-07-12,3160,3265,3140,3145,52929,-0.011006289308176154
2024-07-15,3145,3300,3100,3160,26039,0.004769475357710551
2024-07-16,3170,3200,3080,3085,89895,-0.02373417721518989
2024-07-17,3155,3280,3100,3195,78525,0.03565640194489461
2024-07-18,3190,3290,2995,3165,114225,-0.009389671361502372
2024-07-19,3245,3245,3110,3170,21398,0.0015797788309637184
2024-07-22,3150,3275,3120,3245,37118,0.023659305993690927
2024-07-23,3290,3355,3210,3245,76025,0.0
2024-07-24,3235,3325,3220,3275,24158,0.009244992295839749
2024-07-25,3175,3320,3175,3215,26950,-0.018320610687022953
2024-07-26,3185,3285,3185,3250,33822,0.010886469673405896
2024-07-29,3220,3290,3145,3220,67825,-0.009230769230769265
2024-07-30,3215,3340,3165,3320,43130,0.03105590062111796
2024-07-31,3250,3420,3250,3340,68611,0.006024096385542244
2024-08-01,3330,3375,3300,3360,27440,0.0059880239520957446
2024-08-02,3330,3360,3225,3270,46657,-0.0267857142857143
2024-08-05,3205,3270,2800,3005,136178,-0.08103975535168195
2024-08-06,2840,3120,2840,3065,50105,0.019966722129783676
2024-08-07,3065,3175,3065,3130,32961,0.021207177814029254
2024-08-08,3130,3165,3100,3100,37005,-0.009584664536741228
2024-08-09,3080,3320,3080,3315,61890,0.0693548387096774
2024-08-12,3315,3325,3265,3300,15780,-0.004524886877828038
2024-08-13,3305,3320,3150,3175,40324,-0.037878787878787845
2024-08-14,3175,3215,3135,3165,19811,-0.0031496062992125706
2024-08-16,3165,3195,3130,3190,45350,0.00789889415481837
2024-08-19,3175,3230,3125,3125,45679,-0.020376175548589393
2024-08-20,3100,3120,3010,3045,62543,-0.025599999999999956
2024-08-21,3015,3050,2975,3015,68461,-0.009852216748768461
2024-08-22,3020,3165,3020,3120,68456,0.03482587064676612
2024-08-23,3155,3155,3040,3100,19151,-0.0064102564102563875
2024-08-26,3145,3145,3025,3045,20015,-0.01774193548387093
2024-08-27,3040,3115,2990,3035,35597,-0.003284072249589487
2024-08-28,3070,3100,2990,3030,12307,-0.0016474464579900872
2024-08-29,3030,3080,2850,3030,27144,0.0
2024-08-30,3000,3075,2970,2985,34373,-0.014851485148514865
2024-09-02,2980,3000,2830,2950,51167,-0.011725293132328285
2024-09-03,2975,2975,2915,2930,44806,-0.006779661016949157
2024-09-04,2895,2980,2820,2845,56808,-0.029010238907849817
2024-09-05,2815,2920,2765,2810,26352,-0.012302284710017597
2024-09-06,2795,3015,2760,2800,28348,-0.003558718861209953
2024-09-09,2730,2900,2730,2900,38196,0.03571428571428581
2024-09-10,2940,3770,2900,3500,2276441,0.2068965517241379
2024-09-11,3625,3625,3325,3440,307470,-0.017142857142857126
2024-09-12,3440,3670,3435,3580,167759,0.04069767441860472
2024-09-13,3600,3810,3420,3785,107892,0.0572625698324023
2024-09-19,3800,3880,3585,3625,136491,-0.042272126816380484
2024-09-20,3670,3735,3570,3700,49788,0.020689655172413834
2024-09-23,3665,3725,3600,3600,40187,-0.027027027027026973
2024-09-24,3600,3715,3515,3615,82196,0.004166666666666652
2024-09-25,3670,3670,3560,3565,42285,-0.013831258644536604
2024-09-26,3530,3565,3340,3390,107172,-0.04908835904628328
2024-09-27,3390,3405,3245,3315,42679,-0.02212389380530977
2024-09-30,3315,3325,3210,3255,50320,-0.018099547511312264
2024-10-02,3200,3200,2960,3085,374310,-0.05222734254992323
2024-10-04,3035,3400,3035,3235,160554,0.04862236628849281
2024-10-07,3490,4100,3470,3795,1682378,0.17310664605873272
2024-10-08,3800,4040,3800,3945,686729,0.03952569169960474
2024-10-10,3950,4110,3880,3950,284570,0.0012674271229404788
2024-10-11,3990,3990,3700,3955,273199,0.0012658227848101333
2024-10-14,3960,4100,3935,3960,151055,0.0012642225031604948
2024-10-15,3990,4030,3935,4000,178644,0.010101010101010166
2024-10-16,3995,4030,3890,3910,102293,-0.022499999999999964
2024-10-17,3960,4020,3900,3995,117128,0.021739130434782705
2024-10-18,3985,4025,3910,3950,136869,-0.01126408010012514
2024-10-21,3990,4030,3870,3990,180347,0.010126582278481067
2024-10-22,4000,4025,3920,4000,286601,0.0025062656641603454
2024-10-23,4050,4050,3970,4000,236645,0.0
2024-10-24,3890,4270,3855,4100,806026,0.02499999999999991
2024-10-25,4090,4135,3845,3965,363937,-0.03292682926829271
2024-10-28,4030,4150,3630,3945,746336,-0.0050441361916772065
2024-10-29,3995,4000,3775,3975,253715,0.0076045627376426506
2024-10-30,3905,3980,3850,3900,172860,-0.018867924528301883
2024-10-31,3825,3945,3800,3840,113207,-0.01538461538461533
2024-11-01,3835,3835,3695,3760,111813,-0.02083333333333337
2024-11-04,3795,3990,3775,3930,168872,0.04521276595744683
2024-11-05,3885,4100,3880,4015,352385,0.021628498727735312
2024-11-06,4005,4015,3860,3960,118866,-0.013698630136986356
2024-11-07,4000,4000,3850,3850,501541,-0.02777777777777779
2024-11-08,3855,3915,3670,3870,170317,0.0051948051948051965
2024-11-11,3835,3910,3690,3865,85913,-0.0012919896640827266
2024-11-12,3900,3900,3780,3890,88407,0.0064683053040104355
2024-11-13,3850,3940,3770,3830,64412,-0.015424164524421635
2024-11-14,3870,3870,3745,3850,74067,0.005221932114882533
2024-11-15,3930,4000,3800,3800,62995,-0.012987012987012991
2024-11-18,3835,3995,3735,3835,343815,0.009210526315789558
2024-11-19,3835,3920,3750,3800,107147,-0.009126466753585416
2024-11-20,3875,3875,3740,3765,93263,-0.009210526315789447
2024-11-21,3700,3800,3630,3755,99880,-0.0026560424966799445
2024-11-22,3645,3815,3645,3740,106674,-0.003994673768308976
2024-11-25,3800,3800,3440,3725,153522,-0.004010695187165791
2024-11-26,3745,3765,3675,3730,42208,0.0013422818791946067
2024-11-27,3730,3780,3600,3705,109396,-0.006702412868632712
2024-11-28,3735,3745,3545,3700,83344,-0.0013495276653171517
2024-11-29,3700,3790,3570,3670,83248,-0.008108108108108136
2024-12-02,3700,3735,3500,3545,191624,-0.0340599455040872
2024-12-03,3545,3585,3400,3440,176573,-0.02961918194640334
2024-12-04,3370,3430,3250,3325,200311,-0.03343023255813948
2024-12-05,3250,3330,3060,3260,503456,-0.019548872180451093
2024-12-06,3260,3530,3060,3490,213727,0.07055214723926384
2024-12-09,3400,3500,3100,3340,361079,-0.04297994269340977
2024-12-10,3330,3450,3140,3395,205180,0.01646706586826352
2024-12-11,3305,3415,3300,3350,125904,-0.013254786450662692
2024-12-12,3285,3400,3200,3315,94940,-0.010447761194029903
2024-12-13,3315,3560,3230,3450,304470,0.040723981900452566
2024-12-16,3415,3420,3100,3315,468209,-0.03913043478260869
2024-12-17,3305,3310,3030,3160,356496,-0.04675716440422317
2024-12-18,3160,3195,3000,3110,451146,-0.015822784810126556
2024-12-19,3005,3110,2955,3040,182783,-0.022508038585209
2024-12-20,3050,3200,2945,3135,300832,0.03125
2024-12-23,3135,3325,3110,3240,220746,0.03349282296650724
2024-12-24,3235,3285,3065,3210,182795,-0.0092592592592593
2024-12-26,3240,3260,3030,3130,167852,-0.024922118380062308
2024-12-27,3130,3170,2985,2990,79429,-0.04472843450479236
2024-12-30,3000,3070,2880,2905,176298,-0.02842809364548493
2025-01-02,2995,3280,2965,3130,501024,0.07745266781411364
2025-01-03,3085,3230,2980,3220,386089,0.028753993610223683
2025-01-06,3250,3255,2950,3000,541971,-0.06832298136645965
2025-01-07,3045,3045,2845,2925,279860,-0.025000000000000022
2025-01-08,2925,3010,2850,2890,176338,-0.011965811965811923
2025-01-09,2865,2890,2750,2790,241370,-0.03460207612456745
2025-01-10,2810,2840,2680,2680,427693,-0.03942652329749108
2025-01-13,2700,2915,2680,2700,330877,0.00746268656716409
2025-01-14,2715,2745,2575,2615,212480,-0.031481481481481444
2025-01-15,2615,2615,1835,1872,11671875,-0.2841300191204589
2025-01-16,1847,1929,1767,1793,2549521,-0.04220085470085466
2025-01-17,1777,1839,1723,1772,1461406,-0.01171221416620194
2025-01-20,1783,1880,1782,1822,802366,0.028216704288938965
2025-01-21,1823,1905,1803,1821,622551,-0.0005488474204171645
2025-01-22,1821,1843,1776,1789,512226,-0.01757276221856119
2025-01-23,1820,1820,1747,1805,379576,0.008943543879262217
2025-01-24,1786,1804,1741,1760,342451,-0.024930747922437657
2025-01-31,1779,1833,1750,1806,226265,0.026136363636363624
2025-02-03,1795,1827,1650,1719,307841,-0.048172757475083094
2025-02-04,1763,1765,1701,1760,192872,0.023851076207097144
2025-02-05,1760,1769,1710,1749,165645,-0.006249999999999978
2025-02-06,1781,1781,1610,1680,327768,-0.03945111492281306
2025-02-07,1680,1690,1628,1659,255138,-0.012499999999999956
2025-02-10,1633,1814,1629,1784,550357,0.0753465943339362
2025-02-11,1785,1833,1754,1796,281976,0.006726457399103047
2025-02-12,1796,1880,1778,1835,389712,0.02171492204899783
2025-02-13,1835,1850,1705,1757,283347,-0.04250681198910078
2025-02-14,1757,1797,1742,1750,166383,-0.003984063745019917
2025-02-17,1750,1770,1722,1739,88046,-0.006285714285714339
2025-02-18,1739,1743,1701,1734,169353,-0.002875215641173101
2025-02-19,1730,1749,1709,1740,107080,0.0034602076124568004
2025-02-20,1741,1785,1705,1720,103279,-0.011494252873563204
2025-02-21,1707,1760,1703,1757,142817,0.021511627906976694
2025-02-24,1753,1844,1740,1843,193092,0.048947068867387644
2025-02-25,1843,1862,1736,1765,243985,-0.042322300596852935
2025-02-26,1765,1870,1765,1798,260506,0.018696883852691304
2025-02-27,1798,1822,1780,1810,92841,0.006674082313681939
2025-02-28,1809,1866,1779,1857,236053,0.025966850828729182
2025-03-04,1852,1852,1773,1815,140057,-0.022617124394184174
2025-03-05,1815,1828,1785,1812,76783,-0.0016528925619834212
2025-03-06,1812,1827,1761,1824,121155,0.0066225165562914245
2025-03-07,1820,1820,1763,1763,82103,-0.0334429824561403
2025-03-10,1776,1813,1729,1767,119262,0.0022688598979012653
2025-03-11,1730,1760,1685,1704,257120,-0.035653650254668934
2025-03-12,1704,1820,1679,1713,154220,0.005281690140845008
2025-03-13,1713,1723,1681,1700,83194,-0.007589025102159974
2025-03-14,1699,1699,1620,1644,149124,-0.03294117647058825
2025-03-17,1644,1649,1620,1635,148398,-0.005474452554744547
2025-03-18,1630,1665,1400,1648,1475864,0.00795107033639142
2025-03-19,1648,1863,1632,1750,616007,0.061893203883495174
2025-03-20,1723,1785,1716,1740,108709,-0.005714285714285672
2025-03-21,1736,1820,1704,1807,127489,0.03850574712643673
2025-03-24,1801,1888,1789,1876,233430,0.03818483674598783
2025-03-25,1876,1876,1827,1848,89082,-0.014925373134328401
2025-03-26,1860,1905,1827,1860,225741,0.006493506493506551
2025-03-27,1883,1883,1792,1849,187477,-0.005913978494623606
2025-03-28,1841,1876,1805,1846,169997,-0.0016224986479177472
2025-03-31,1840,1895,1791,1857,166495,0.005958829902491969
2025-04-01,1852,1986,1805,1943,283850,0.046311254711900895
2025-04-02,1945,1978,1885,1900,186643,-0.022130725681935193
2025-04-03,1900,1990,1881,1956,209579,0.02947368421052632
2025-04-04,1956,2050,1935,1994,294160,0.01942740286298572
2025-04-07,1961,1989,1922,1950,198928,-0.0220661985957874
2025-04-08,1932,1994,1879,1970,209652,0.01025641025641022
2025-04-09,1951,1962,1688,1709,446925,-0.13248730964467004
2025-04-10,1750,1792,1727,1760,119142,0.029842012873025237
2025-04-11,1760,1760,1697,1699,93807,-0.03465909090909092
2025-04-14,1715,1757,1699,1719,71453,0.011771630370806418
2025-04-15,1705,1723,1677,1717,126610,-0.0011634671320535084
2025-04-16,1733,1764,1684,1686,84732,-0.01805474665113571
2025-04-17,1688,1728,1687,1714,43097,0.016607354685646447
2025-04-18,1695,1729,1655,1726,166165,0.007001166861143604
2025-04-21,1726,1736,1670,1670,148221,-0.03244495944380066
2025-04-22,1675,1725,1641,1680,255742,0.0059880239520957446
2025-04-23,1683,1723,1665,1680,180382,0.0
2025-04-24,1681,1698,1647,1686,152460,0.0035714285714285587
2025-04-25,1698,1713,1673,1688,138373,0.0011862396204034287
2025-04-28,1707,1730,1681,1701,299751,0.007701421800947905
2025-04-29,1681,1788,1663,1768,435503,0.03938859494415059
2025-04-30,1768,1794,1703,1792,250904,0.013574660633484115
2025-05-02,1792,1874,1661,1663,391119,-0.0719866071428571
2025-05-07,1663,1764,1663,1746,150572,0.049909801563439604
2025-05-08,1731,1776,1691,1742,134181,-0.002290950744558984
2025-05-09,1736,1750,1697,1714,211412,-0.016073478760045945
2025-05-12,1714,1793,1709,1790,236972,0.04434072345390905
2025-05-13,1795,2165,1790,2100,1563328,0.17318435754189943
2025-05-14,2140,2280,2065,2195,957304,0.0452380952380953
2025-05-15,2195,2200,2060,2080,258844,-0.05239179954441908
2025-05-16,2075,2180,1982,2165,351817,0.04086538461538458
2025-05-19,2105,2220,2055,2165,258656,0.0
2025-05-20,2165,2235,2120,2160,236257,-0.002309468822170868
2025-05-21,2175,2210,2075,2135,251652,-0.01157407407407407
2025-05-22,2100,2185,2075,2160,177869,0.011709601873536313
2025-05-23,2160,2180,1996,2000,276550,-0.07407407407407407
2025-05-26,2250,2280,1890,1890,620366,-0.05500000000000005
2025-05-27,1857,1936,1781,1903,419039,0.006878306878306928
2025-05-28,1903,1925,1835,1886,141160,-0.008933263268523395
2025-05-29,1886,1930,1807,1818,179674,-0.036055143160127257
2025-05-30,1818,1857,1750,1821,206642,0.0016501650165017256
2025-06-02,1820,1839,1781,1821,88292,0.0
2025-06-04,1821,1840,1770,1790,172315,-0.017023613399231197
2025-06-05,1789,1877,1720,1807,345133,0.009497206703910521
2025-06-09,1807,1815,1741,1806,260939,-0.0005534034311012181
2025-06-10,1782,1838,1782,1792,111124,-0.007751937984496138
2025-06-11,1783,1821,1760,1790,227167,-0.0011160714285713969
2025-06-12,1797,1843,1773,1807,134181,0.009497206703910521
2025-06-13,1790,1828,1738,1752,229632,-0.030437188710569996
2025-06-16,1855,1855,1699,1699,242453,-0.030251141552511407
2025-06-17,1698,1735,1635,1652,177468,-0.027663331371394984
2025-06-18,1653,1666,1581,1660,364030,0.004842615012106588
2025-06-19,1661,1699,1611,1669,97056,0.005421686746987842
2025-06-20,1669,1721,1660,1707,101452,0.022768124625524244
2025-06-23,1662,1700,1613,1625,255472,-0.04803749267721147
2025-06-24,1648,1671,1515,1627,497877,0.0012307692307691465
2025-06-25,1627,1639,1599,1630,110997,0.0018438844499077955
2025-06-26,1615,1632,1580,1630,98400,0.0
2025-06-27,1611,1695,1590,1648,171043,0.01104294478527601
2025-06-30,1648,1671,1590,1643,151670,-0.0030339805825242427
2025-07-01,1645,1677,1602,1662,172774,0.011564211807668867
2025-07-02,1669,1686,1631,1632,192891,-0.018050541516245522
2025-07-03,1635,1793,1619,1785,273467,0.09375
2025-07-04,1755,1929,1753,1911,355780,0.07058823529411762
2025-07-07,1911,1923,1862,1878,214235,-0.017268445839874413
2025-07-08,1908,1970,1878,1930,316257,0.027689030883919052
2025-07-09,1920,1955,1890,1930,229498,0.0
2025-07-10,1930,2285,1912,2230,1963544,0.15544041450777213
2025-07-11,2215,2350,2140,2235,580490,0.0022421524663676085
2025-07-14,2180,2380,2180,2355,508321,0.05369127516778516
2025-07-15,2550,2610,2065,2100,1686975,-0.10828025477707004
2025-07-16,2185,2265,2100,2170,422374,0.03333333333333344
2025-07-17,2150,2215,2130,2190,171536,0.009216589861751112
2025-07-18,2155,2230,2155,2180,208199,-0.004566210045662156
2025-07-21,2190,2580,2155,2505,882400,0.1490825688073394
2025-07-22,2455,2630,2440,2595,301016,0.03592814371257491
2025-07-23,2605,2650,2530,2575,339778,-0.0077071290944122905
2025-07-24,2575,2600,2225,2325,643689,-0.09708737864077666
2025-07-25,2325,2395,2170,2180,331577,-0.062365591397849474
2025-07-28,2235,2380,2135,2280,450612,0.04587155963302747
2025-07-29,2280,2325,2150,2255,186769,-0.010964912280701733
2025-07-30,2265,2350,2230,2320,174123,0.02882483370288247
2025-07-31,2320,2395,2190,2290,239826,-0.012931034482758674
2025-08-01,2280,2290,2170,2235,157678,-0.024017467248908297
2025-08-04,2235,2250,2110,2235,138969,0.0
2025-08-05,2200,2390,2200,2320,161698,0.03803131991051445
2025-08-06,2325,2465,2310,2405,308916,0.03663793103448265
2025-08-07,2410,2620,2410,2585,335341,0.07484407484407485
2025-08-08,2580,2590,2430,2535,271387,-0.01934235976789167
2025-08-11,2495,2575,2440,2455,181646,-0.0315581854043393
2025-08-12,2455,2575,2030,2065,930440,-0.15885947046843174
2025-08-13,2065,2185,1975,2060,468217,-0.002421307506053294
2025-08-14,2065,2230,2065,2205,228962,0.07038834951456319
2025-08-18,2180,2340,2165,2310,172496,0.04761904761904767
2025-08-19,2275,2320,2215,2245,160366,-0.02813852813852813
2025-08-20,2270,2290,2175,2240,103985,-0.00222717149220486
2025-08-21,2220,2340,2205,2300,112402,0.02678571428571419
2025-08-22,2305,2330,2235,2300,61108,0.0
2025-08-25,2300,2325,2255,2320,87434,0.008695652173912993
2025-08-26,2265,2365,2265,2360,84560,0.01724137931034475
2025-08-27,2360,2380,2285,2300,53661,-0.025423728813559365
2025-08-28,2300,2460,2300,2425,197383,0.05434782608695654
2025-08-29,2425,2445,2345,2405,124174,-0.008247422680412342
2025-09-01,2405,2525,2375,2410,233991,0.0020790020790020236
2025-09-02,2400,2440,2345,2400,192050,-0.004149377593360981
2025-09-03,2395,2435,2335,2370,129216,-0.012499999999999956
2025-09-04,2345,2440,2345,2435,111970,0.02742616033755274
2025-09-05,2540,2540,2425,2465,298240,0.012320328542094527
2025-09-08,2470,2575,2430,2470,181179,0.0020283975659229903
2025-09-09,2470,2660,2430,2605,404337,0.054655870445344146
2025-09-10,2610,2775,2375,2475,702823,-0.0499040307101728
2025-09-11,2490,2585,2340,2490,641745,0.0060606060606061
2025-09-12,2480,2480,2100,2280,1005344,-0.08433734939759041
2025-09-15,2285,2700,2285,2585,1567575,0.13377192982456143
2025-09-16,2575,2640,2490,2600,299064,0.005802707930367523
2025-09-17,2600,2635,2480,2495,248694,-0.04038461538461535
2025-09-18,2495,2590,2465,2520,127113,0.01002004008016022
2025-09-19,2520,2575,2440,2565,169569,0.017857142857142794
2025-09-22,2530,2655,2280,2355,602079,-0.08187134502923976
2025-09-23,2355,2395,2195,2310,510367,-0.019108280254777066
2025-09-24,2310,2310,2240,2310,123447,0.0
