Date,Open,High,Low,Close,Volume,Change
2022-01-03,463000,468500,458000,460000,96581,0.0
2022-01-04,459500,459500,442000,444000,232605,-0.034782608695652195
2022-01-05,442000,442500,413000,417000,454908,-0.060810810810810856
2022-01-06,410000,413000,400000,402000,372826,-0.03597122302158273
2022-01-07,402500,405500,393500,394500,339356,-0.018656716417910446
2022-01-10,393000,393500,373000,381500,438835,-0.03295310519645123
2022-01-11,380500,384500,364000,365000,391852,-0.04325032765399739
2022-01-12,369500,374000,364500,367500,368318,0.006849315068493178
2022-01-13,364000,365000,345000,346500,570811,-0.05714285714285716
2022-01-14,338500,354000,333500,343500,462339,-0.008658008658008698
2022-01-17,351500,354500,338000,341000,298123,-0.00727802037845704
2022-01-18,339000,343000,334000,340500,251142,-0.0014662756598240456
2022-01-19,341000,342500,323000,324500,415623,-0.0469897209985316
2022-01-20,323500,328500,316500,325000,297605,0.0015408320493066618
2022-01-21,320000,322500,306000,310000,706631,-0.0461538461538461
2022-01-24,308500,313500,299000,302000,442843,-0.02580645161290318
2022-01-25,303500,308000,290000,291000,465805,-0.03642384105960261
2022-01-26,294000,294500,276500,276500,808612,-0.04982817869415812
2022-01-27,279000,282500,264000,264000,717325,-0.0452079566003617
2022-01-28,267500,284500,257500,274500,783003,0.03977272727272729
2022-02-03,279000,286500,275500,275500,364038,0.0036429872495447047
2022-02-04,274500,297000,274500,288500,485012,0.047186932849364815
2022-02-07,290000,306000,283500,305000,534422,0.05719237435008662
2022-02-08,304500,314500,296500,299500,420619,-0.0180327868852459
2022-02-09,304000,306500,295000,297000,185777,-0.008347245409014992
2022-02-10,300000,306500,292500,297000,312108,0.0
2022-02-11,268500,270000,255500,259000,1242240,-0.12794612794612792
2022-02-14,252000,268500,248500,267500,548562,0.032818532818532864
2022-02-15,268000,289500,266000,281000,689509,0.05046728971962611
2022-02-16,286000,288000,277000,277500,296947,-0.01245551601423489
2022-02-17,277500,280500,269000,273000,319221,-0.01621621621621616
2022-02-18,266500,276500,265000,274000,215275,0.00366300366300365
2022-02-21,269500,279500,266500,273500,179499,-0.0018248175182481452
2022-02-22,268500,280000,268000,273500,238940,0.0
2022-02-23,277500,296500,275500,286000,475696,0.04570383912248621
2022-02-24,282000,287000,280000,285500,245896,-0.0017482517482517723
2022-02-25,290000,293000,283000,284000,210160,-0.005253940455341555
2022-02-28,283000,295000,279000,295000,197803,0.03873239436619724
2022-03-02,299000,306500,295000,298000,264742,0.01016949152542379
2022-03-03,300000,302500,298000,298500,121273,0.001677852348993314
2022-03-04,296500,297500,282000,282500,238713,-0.05360134003350081
2022-03-07,277500,278000,268500,271000,176042,-0.04070796460176995
2022-03-08,266500,281000,266500,273500,159115,0.009225092250922495
2022-03-10,281500,295000,280000,295000,292969,0.07861060329067637
2022-03-11,292000,293000,284500,285000,231836,-0.03389830508474578
2022-03-14,285000,292000,281000,281000,169976,-0.01403508771929829
2022-03-15,278500,282500,274000,277500,114644,-0.01245551601423489
2022-03-16,280500,286500,278500,281500,140323,0.01441441441441449
2022-03-17,287500,292000,284000,284000,198288,0.008880994671403242
2022-03-18,285000,291000,277500,286000,288541,0.007042253521126751
2022-03-21,287500,291000,276000,276000,283001,-0.034965034965035
2022-03-22,276000,281000,275500,279000,89046,0.010869565217391353
2022-03-23,282000,286500,279500,283000,179359,0.014336917562723928
2022-03-24,280000,283500,276500,280500,140646,-0.00883392226148405
2022-03-25,281000,282000,278000,278500,128623,-0.007130124777183555
2022-03-28,278500,279000,270500,271500,192699,-0.025134649910233398
2022-03-29,273000,275500,271000,273000,173269,0.005524861878453136
2022-03-30,274500,276500,271000,272500,147316,-0.001831501831501825
2022-03-31,272500,281500,272000,275500,187476,0.011009174311926495
2022-04-01,276500,278000,272000,278000,125727,0.00907441016333932
2022-04-04,275500,299500,275500,298500,507532,0.07374100719424459
2022-04-05,300500,301000,290500,293500,241079,-0.01675041876046901
2022-04-06,289000,296500,286000,287000,172907,-0.022146507666098825
2022-04-07,283000,288500,283000,284000,134315,-0.010452961672473893
2022-04-08,285500,287500,272000,280000,243269,-0.014084507042253502
2022-04-11,276500,282500,275000,281500,96798,0.005357142857142838
2022-04-12,277000,279500,267000,267000,759269,-0.05150976909413851
2022-04-13,266500,269000,263000,267500,144215,0.001872659176029856
2022-04-14,268500,271000,264000,266500,125573,-0.0037383177570093906
2022-04-15,265000,266500,263500,264500,113682,-0.007504690431519689
2022-04-18,263500,264500,260500,261000,94033,-0.013232514177693777
2022-04-19,261500,264500,260500,261500,56824,0.0019157088122605526
2022-04-20,262000,263000,258000,258000,127262,-0.013384321223709361
2022-04-21,259000,260500,257000,258000,64119,0.0
2022-04-22,257000,258000,247000,250000,286187,-0.03100775193798455
2022-04-25,246500,249000,242000,242500,162783,-0.030000000000000027
2022-04-26,244500,253000,244000,248500,170318,0.024742268041237025
2022-04-27,240000,242500,236000,238500,234396,-0.04024144869215296
2022-04-28,239500,242500,233000,240500,174851,0.008385744234800763
2022-04-29,241000,253000,239000,252000,184533,0.047817047817047875
2022-05-02,248000,252500,246000,251500,106610,-0.001984126984126977
2022-05-03,251000,259500,250500,256500,119305,0.01988071570576544
2022-05-04,256500,261500,254000,258000,143846,0.005847953216374213
2022-05-06,253500,258500,250000,256500,108855,-0.005813953488372103
2022-05-09,252000,256500,246500,251500,145967,-0.01949317738791423
2022-05-10,246000,247000,241500,245000,123155,-0.025844930417495027
2022-05-11,242500,259500,239500,257000,214893,0.048979591836734615
2022-05-12,253500,265000,242000,252000,673602,-0.01945525291828798
2022-05-13,259000,263500,246500,253500,576165,0.005952380952380931
2022-05-16,256000,258500,239500,241000,304344,-0.04930966469428011
2022-05-17,241500,245500,239500,240000,179189,-0.004149377593360981
2022-05-18,242000,248000,240500,247500,184124,0.03125
2022-05-19,240500,241000,236000,237000,238251,-0.042424242424242475
2022-05-20,237500,256000,237500,256000,324746,0.08016877637130793
2022-05-23,255000,259000,253000,256500,118636,0.001953125
2022-05-24,252500,258000,247500,247500,154928,-0.03508771929824561
2022-05-25,251500,258500,249000,257000,176409,0.03838383838383841
2022-05-26,256000,264500,254500,255000,204563,-0.0077821011673151474
2022-05-27,261000,261000,249000,249000,896244,-0.02352941176470591
2022-05-30,254000,260500,252500,259000,173129,0.04016064257028118
2022-05-31,258500,262000,256500,259500,393292,0.0019305019305020377
2022-06-02,256500,261000,249500,250000,201849,-0.036608863198458574
2022-06-03,253500,254500,250500,253000,126332,0.01200000000000001
2022-06-07,256500,269500,256500,268500,418115,0.06126482213438744
2022-06-08,269000,276000,266500,271500,280507,0.011173184357541999
2022-06-09,270000,280000,269000,276500,469081,0.018416206261510082
2022-06-10,273500,278500,268000,274000,194126,-0.009041591320072317
2022-06-13,267500,270500,257500,260000,223411,-0.051094890510948954
2022-06-14,256000,263500,252500,261000,163420,0.0038461538461538325
2022-06-15,259500,263000,249000,259500,228326,-0.005747126436781658
2022-06-16,263500,264000,251500,252000,146794,-0.028901734104046284
2022-06-17,247000,265000,246500,262500,251010,0.04166666666666674
2022-06-20,264500,266000,256500,259000,145360,-0.013333333333333308
2022-06-21,264000,272000,259500,268500,172166,0.03667953667953672
2022-06-22,271000,271000,259500,259500,124190,-0.03351955307262566
2022-06-23,261500,269500,258500,264500,197328,0.019267822736030782
2022-06-24,265000,277000,265000,273500,217031,0.03402646502835549
2022-06-27,277000,278500,265000,266000,187080,-0.027422303473491727
2022-06-28,266500,267000,257000,260000,180877,-0.022556390977443663
2022-06-29,253500,256500,238000,238000,400738,-0.08461538461538465
2022-06-30,236000,238500,219000,219000,434760,-0.0798319327731093
2022-07-01,222000,226500,212500,215500,255073,-0.01598173515981738
2022-07-04,219000,223500,216500,222500,172017,0.03248259860788871
2022-07-05,223000,231000,222500,226000,122203,0.01573033707865168
2022-07-06,226500,239500,223500,234000,238897,0.03539823008849563
2022-07-07,238000,242000,234000,240500,118420,0.02777777777777768
2022-07-08,241000,243000,236500,237000,99317,-0.014553014553014498
2022-07-11,237500,241000,234500,239500,69697,0.010548523206751037
2022-07-12,239000,241500,235500,237000,85038,-0.01043841336116913
2022-07-13,239000,243500,236500,242500,83448,0.02320675105485237
2022-07-14,240000,250500,239500,245000,149455,0.010309278350515427
2022-07-15,246000,247000,235000,235500,136215,-0.038775510204081653
2022-07-18,236500,239000,234500,238500,83031,0.01273885350318471
2022-07-19,237500,239500,233500,235000,152856,-0.014675052410901501
2022-07-20,239000,254000,239000,247500,344415,0.05319148936170204
2022-07-21,246000,260000,245500,258500,288427,0.04444444444444451
2022-07-22,259000,263000,257000,258000,151172,-0.0019342359767892114
2022-07-25,256500,261000,255000,256000,85011,-0.007751937984496138
2022-07-26,257500,262500,254500,257000,112346,0.00390625
2022-07-27,256000,256500,240500,241000,295526,-0.0622568093385214
2022-07-28,244500,246000,240000,244500,172505,0.014522821576763434
2022-07-29,224000,236000,221500,233500,576222,-0.04498977505112478
2022-08-01,234000,243500,231500,243000,207639,0.04068522483940051
2022-08-02,241500,244000,239000,242000,95530,-0.004115226337448541
2022-08-03,242500,254500,242500,252000,190062,0.04132231404958686
2022-08-04,257000,266500,256500,263000,249022,0.04365079365079372
2022-08-05,264000,264500,257000,257500,85301,-0.020912547528517123
2022-08-08,255500,261500,254000,260000,75875,0.009708737864077666
2022-08-09,260000,265500,258000,263000,104256,0.011538461538461497
2022-08-10,261500,265000,252000,253000,145254,-0.03802281368821292
2022-08-11,257000,263500,256500,263500,144836,0.04150197628458496
2022-08-12,264500,282000,264000,266000,538784,0.009487666034155628
2022-08-16,269000,270500,265000,269000,130901,0.011278195488721776
2022-08-17,269500,269500,263000,265500,105990,-0.013011152416356864
2022-08-18,264500,264500,257000,258000,120633,-0.02824858757062143
2022-08-19,259500,261000,253000,255000,86089,-0.011627906976744207
2022-08-22,253500,257000,248000,252500,91113,-0.009803921568627416
2022-08-23,251000,253500,243500,243500,142221,-0.035643564356435675
2022-08-24,245500,250000,240500,241000,130452,-0.010266940451745366
2022-08-25,242000,247000,241500,244500,74548,0.014522821576763434
2022-08-26,246000,247000,242000,244500,64253,0.0
2022-08-29,233500,237500,231000,232000,132493,-0.05112474437627812
2022-08-30,233500,241500,233500,239000,98314,0.030172413793103425
2022-08-31,236500,248000,234500,246500,134169,0.03138075313807542
2022-09-01,242500,243000,234000,236000,159233,-0.04259634888438135
2022-09-02,237000,238500,231500,232000,98119,-0.016949152542372836
2022-09-05,231000,239000,231000,236000,70630,0.01724137931034475
2022-09-06,237500,241000,233500,235500,67837,-0.0021186440677966045
2022-09-07,233000,234500,230000,233500,68457,-0.00849256900212314
2022-09-08,236000,241000,235000,237000,145257,0.01498929336188426
2022-09-13,242000,247000,241000,246500,122486,0.040084388185654074
2022-09-14,236500,241500,235000,238500,98958,-0.032454361054766734
2022-09-15,240500,240500,235500,239000,66639,0.002096436058700135
2022-09-16,235500,240500,234000,239000,131065,0.0
2022-09-19,242000,242000,226000,226000,226781,-0.05439330543933052
2022-09-20,230000,230500,223000,225500,103739,-0.0022123893805309214
2022-09-21,224000,225500,219000,222000,153173,-0.01552106430155209
2022-09-22,218000,218500,214000,216500,137971,-0.024774774774774744
2022-09-23,217000,218000,205000,205500,187309,-0.050808314087759765
2022-09-26,202500,210500,201500,209000,195696,0.017031630170316392
2022-09-27,210500,217500,206500,213000,142792,0.019138755980861344
2022-09-28,209000,211500,202000,205000,153971,-0.03755868544600938
2022-09-29,208500,212500,203500,205500,123527,0.0024390243902439046
2022-09-30,205000,212000,204000,210000,133112,0.021897810218978186
2022-10-04,212000,215000,210000,214000,99103,0.01904761904761898
2022-10-05,216000,216000,200500,202000,186576,-0.05607476635514019
2022-10-06,203000,204500,200500,201000,108788,-0.004950495049504955
2022-10-07,198000,200500,191000,191500,311611,-0.04726368159203975
2022-10-11,187500,188000,176500,178000,335329,-0.07049608355091386
2022-10-12,178000,181500,176000,180500,166675,0.014044943820224809
2022-10-13,179000,180000,169500,176000,313453,-0.024930747922437657
2022-10-14,180500,184500,178000,182000,188552,0.03409090909090917
2022-10-17,177000,180500,171000,179500,180445,-0.013736263736263687
2022-10-18,185000,190000,184500,189000,161828,0.052924791086351064
2022-10-19,190000,192000,183000,183000,108434,-0.031746031746031744
2022-10-20,180500,182000,171500,176000,312290,-0.03825136612021862
2022-10-21,173000,181000,172500,179000,119274,0.017045454545454586
2022-10-24,182500,185500,176500,178500,188341,-0.0027932960893854997
2022-10-25,179000,179500,172500,174500,133865,-0.022408963585434205
2022-10-26,175000,177500,172000,172500,130495,-0.011461318051575908
2022-10-27,174500,177500,173500,175000,148828,0.01449275362318847
2022-10-28,173000,180500,173000,175000,134146,0.0
2022-10-31,179000,180000,176000,177500,75491,0.014285714285714235
2022-11-01,177500,179500,175500,178000,93727,0.0028169014084507005
2022-11-02,177500,194500,177000,194000,361756,0.0898876404494382
2022-11-03,187500,188500,182500,183000,199494,-0.05670103092783507
2022-11-04,183000,189000,182000,188500,131621,0.030054644808743092
2022-11-07,190000,198000,188500,194000,185661,0.02917771883289122
2022-11-08,197000,198500,193000,194500,128521,0.002577319587628857
2022-11-09,197500,198000,193500,195000,152071,0.0025706940874035134
2022-11-10,191000,195000,190500,192000,183547,-0.01538461538461533
2022-11-11,202000,227000,201500,227000,738955,0.18229166666666674
2022-11-14,225000,230000,220000,224500,278254,-0.011013215859030812
2022-11-15,224000,226500,217500,220000,170839,-0.020044543429844075
2022-11-16,222000,224000,218500,221000,129198,0.00454545454545463
2022-11-17,220500,233000,220500,229500,307008,0.03846153846153855
2022-11-18,230500,235500,224500,230000,248585,0.002178649237472685
2022-11-21,234500,244500,233500,236500,332966,0.02826086956521734
2022-11-22,235500,235500,222500,224000,195303,-0.052854122621564525
2022-11-23,226000,229500,221000,223000,137849,-0.004464285714285698
2022-11-24,226000,232000,225500,228000,145171,0.022421524663677195
2022-11-25,227500,229500,218000,219500,150357,-0.037280701754385914
2022-11-28,219500,221500,215000,217000,120671,-0.011389521640091105
2022-11-29,218500,221000,216000,219000,81870,0.009216589861751112
2022-11-30,218500,227000,214000,227000,707331,0.0365296803652968
2022-12-01,235500,237500,218000,220000,371947,-0.03083700440528636
2022-12-02,220500,220500,200000,201500,585176,-0.0840909090909091
2022-12-05,200000,200500,183000,184500,755748,-0.08436724565756826
2022-12-06,184000,187000,178500,180000,375157,-0.024390243902439046
2022-12-07,179000,180000,176000,178500,463452,-0.008333333333333304
2022-12-08,178500,181500,177500,179500,325436,0.0056022408963585235
2022-12-09,180000,181500,179000,180500,252103,0.0055710306406684396
2022-12-12,180000,183500,179500,181500,179024,0.005540166204986097
2022-12-13,183500,183500,179000,181500,211430,0.0
2022-12-14,183000,187000,182500,185500,261095,0.02203856749311295
2022-12-15,183000,184000,179000,179500,206973,-0.03234501347708896
2022-12-16,177000,183500,176000,183500,252456,0.022284122562674202
2022-12-19,181000,184000,181000,182500,112809,-0.00544959128065392
2022-12-20,182000,183000,177500,179000,125925,-0.019178082191780854
2022-12-21,180000,181500,175000,176000,131665,-0.016759776536312887
2022-12-22,177500,179500,175500,179000,158087,0.017045454545454586
2022-12-23,177000,177500,172000,172500,151609,-0.03631284916201116
2022-12-26,172500,174000,171500,172000,97058,-0.0028985507246376274
2022-12-27,172500,174000,170500,172500,146822,0.0029069767441860517
2022-12-28,170500,171500,164500,169500,212217,-0.017391304347826098
2022-12-29,172500,178000,166000,168000,342547,-0.008849557522123908
2023-01-02,170500,171000,161500,164000,183942,-0.023809523809523836
2023-01-03,164500,167000,162000,166500,119343,0.015243902439024293
2023-01-04,164500,167000,161500,166000,173169,-0.0030030030030030463
2023-01-05,164500,168000,160500,165500,331718,-0.003012048192771122
2023-01-06,165000,168500,164000,165500,150674,0.0
2023-01-09,167000,172500,166500,171500,154937,0.03625377643504524
2023-01-10,171500,173000,169500,171500,99627,0.0
2023-01-11,172000,173500,169000,171000,158940,-0.002915451895043719
2023-01-12,171000,174000,170500,171500,155236,0.0029239766081872176
2023-01-13,173500,177500,172500,173500,206391,0.011661807580174877
2023-01-16,174500,178500,173000,175500,182658,0.011527377521613813
2023-01-17,177000,177000,169500,170000,217061,-0.031339031339031376
2023-01-18,169500,173000,169500,171000,113874,0.00588235294117645
2023-01-19,170000,172500,169500,172500,85169,0.00877192982456143
2023-01-20,171000,172500,170500,172500,90633,0.0
2023-01-25,173800,174700,172600,174000,110345,0.008695652173912993
2023-01-26,174500,182400,172600,182200,300702,0.047126436781609105
2023-01-27,181400,185000,180100,183900,155044,0.00933040614709113
2023-01-30,183700,185300,180200,180200,157043,-0.020119630233822683
2023-01-31,180000,182500,179000,179300,148715,-0.004994450610432799
2023-02-01,180200,182400,180000,181000,144770,0.009481316229782433
2023-02-02,184300,185800,182000,182000,234595,0.005524861878453136
2023-02-03,183100,187300,181100,186700,205938,0.025824175824175732
2023-02-06,185100,185100,179000,179000,222999,-0.04124263524370653
2023-02-07,178600,181100,178500,180600,108343,0.00893854748603351
2023-02-08,188500,197100,187500,192000,648464,0.06312292358803995
2023-02-09,190300,190600,181000,181000,495523,-0.05729166666666663
2023-02-10,180100,180600,176200,177100,248195,-0.021546961325966896
2023-02-13,176200,176900,172200,172200,213755,-0.02766798418972327
2023-02-14,173600,176700,172600,174300,175345,0.012195121951219523
2023-02-15,173900,174900,171500,171900,142617,-0.013769363166953541
2023-02-16,173200,180600,173100,178200,241899,0.03664921465968596
2023-02-17,175000,176700,173400,174600,95829,-0.02020202020202022
2023-02-20,175800,177500,173500,175800,101586,0.0068728522336769515
2023-02-21,174900,176400,173700,174500,93969,-0.007394766780432271
2023-02-22,171700,173000,170600,171700,115418,-0.016045845272206316
2023-02-23,173100,176300,172600,174200,109332,0.014560279557367606
2023-02-24,173700,178500,171800,172500,180059,-0.009758897818599288
2023-02-27,171200,172700,169000,172200,124946,-0.0017391304347825765
2023-02-28,173000,173700,169800,169800,140084,-0.013937282229965153
2023-03-02,170300,173800,168400,169000,183272,-0.004711425206124886
2023-03-03,170200,170600,168900,169800,79089,0.004733727810650956
2023-03-06,171000,173500,170200,173500,122698,0.021790341578327377
2023-03-07,172700,172700,169200,169200,153747,-0.02478386167146973
2023-03-08,168000,168900,165500,167400,152372,-0.010638297872340385
2023-03-09,167900,168500,164800,166000,175495,-0.008363201911589013
2023-03-10,163500,164300,161200,161900,147468,-0.024698795180722932
2023-03-13,161000,164100,161000,163500,131566,0.009882643607164843
2023-03-14,162200,164500,160700,161700,150262,-0.011009174311926606
2023-03-15,163400,163600,157800,158000,211108,-0.022881880024737122
2023-03-16,157200,157800,154000,156100,141193,-0.012025316455696156
2023-03-17,157000,164400,156800,164400,230024,0.05317104420243424
2023-03-20,164800,167300,163200,165200,110376,0.0048661800486617945
2023-03-21,167900,174700,167900,169200,267459,0.02421307506053272
2023-03-22,174000,177800,172400,177200,349777,0.047281323877068626
2023-03-23,175200,177800,174200,176500,137616,-0.003950338600451464
2023-03-24,176500,177400,172700,173000,122180,-0.019830028328611915
2023-03-27,174300,174900,171200,174900,84839,0.01098265895953765
2023-03-28,174000,180300,171800,179500,214545,0.02630074328187537
2023-03-29,178700,179800,172600,174300,230896,-0.028969359331476374
2023-03-30,174200,179700,173600,179100,216832,0.027538726333907082
2023-03-31,179800,183800,178100,183500,244132,0.024567280848687867
2023-04-03,182300,185900,181700,182800,152348,-0.003814713896457711
2023-04-04,183000,189500,182800,189400,218430,0.03610503282275701
2023-04-05,189400,189600,184200,184200,142008,-0.02745512143611406
2023-04-06,183000,185300,182300,182600,114465,-0.008686210640608039
2023-04-07,182700,185900,180600,183500,112304,0.004928806133625452
2023-04-10,182600,183700,179800,183000,123136,-0.0027247956403270157
2023-04-11,182200,188300,182200,185600,156057,0.014207650273224015
2023-04-12,184400,187700,183100,186600,119902,0.005387931034482651
2023-04-13,186500,189900,185600,189400,139057,0.015005359056806
2023-04-14,190000,195600,189800,191900,232350,0.013199577613516311
2023-04-17,191100,193400,186100,189200,118016,-0.014069828035435106
2023-04-18,189200,190900,186900,188400,113794,-0.0042283298097252064
2023-04-19,190000,195500,188900,192400,174171,0.02123142250530785
2023-04-20,192400,198100,191400,194500,214320,0.010914760914760846
2023-04-21,194500,199000,192400,193900,176937,-0.0030848329048843715
2023-04-24,192100,194700,188200,191000,123278,-0.014956162970603426
2023-04-25,190500,197400,190500,191500,136896,0.002617801047120505
2023-04-26,190000,192800,189200,190700,105307,-0.004177545691905982
2023-04-27,189300,191100,186000,189100,106649,-0.008390141583639266
2023-04-28,189300,193900,189300,192100,123134,0.015864621893178166
2023-05-02,190200,196200,190100,193600,88518,0.007808433107756363
2023-05-03,191800,195600,191800,192900,88118,-0.003615702479338845
2023-05-04,191400,199000,191400,198300,179706,0.027993779160186527
2023-05-08,198300,204500,196500,203000,248337,0.023701462430660625
2023-05-09,202000,204000,199900,201000,175401,-0.009852216748768461
2023-05-10,202500,205000,192100,200500,445426,-0.0024875621890547706
2023-05-11,200500,202500,196900,198800,198136,-0.008478802992518686
2023-05-12,197900,202000,196100,200500,147328,0.008551307847082468
2023-05-15,198400,202000,198400,200000,86647,-0.0024937655860348684
2023-05-16,198800,202000,198400,198800,63562,-0.006000000000000005
2023-05-17,198300,203000,196700,200000,110316,0.006036217303822866
2023-05-18,199300,201000,198600,199600,113331,-0.0020000000000000018
2023-05-19,200000,207000,199900,202500,207000,0.014529058116232507
2023-05-22,205000,205000,199900,200500,119485,-0.00987654320987652
2023-05-23,201000,203500,198500,199300,105190,-0.0059850374064838174
2023-05-24,200000,200000,186800,186900,294955,-0.062217762167586566
2023-05-25,187300,189800,186600,187500,120593,0.0032102728731941976
2023-05-26,188100,188900,185100,185200,87391,-0.012266666666666648
2023-05-30,187700,189500,185700,189000,90587,0.02051835853131756
2023-05-31,187100,191500,187100,189100,114873,0.0005291005291006012
2023-06-01,191500,194000,188000,189400,63346,0.0015864621893177944
2023-06-02,191000,191000,187200,189000,73903,-0.002111932418162654
2023-06-05,189800,191800,188800,191500,59436,0.013227513227513255
2023-06-07,192900,195700,191600,193600,97142,0.01096605744125334
2023-06-08,194600,194600,190700,192500,105930,-0.005681818181818232
2023-06-09,194300,200500,190900,199700,169634,0.037402597402597326
2023-06-12,201000,205000,200500,204500,160927,0.02403605408112175
2023-06-13,204500,205500,200500,203000,110728,-0.007334963325183352
2023-06-14,202000,207000,200000,205500,185170,0.012315270935960632
2023-06-15,204500,207000,202000,203500,92616,-0.009732360097323589
2023-06-16,201000,209000,201000,203500,218142,0.0
2023-06-19,203000,205000,198200,200500,88980,-0.014742014742014753
2023-06-20,198500,205500,198500,204500,95165,0.01995012468827939
2023-06-21,206500,206500,203000,205000,78616,0.0024449877750611915
2023-06-22,205500,205500,202000,203500,64726,-0.007317073170731714
2023-06-23,202500,205000,201000,201500,55971,-0.009828009828009798
2023-06-26,201500,207000,201000,204000,57927,0.012406947890818865
2023-06-27,204000,204500,201000,202500,52644,-0.007352941176470562
2023-06-28,202500,203000,197500,199000,78693,-0.01728395061728394
2023-06-29,198700,199400,194400,195000,82339,-0.02010050251256279
2023-06-30,197800,197900,193200,194800,53244,-0.0010256410256410664
2023-07-03,195000,196800,193400,194500,69904,-0.0015400410677618437
2023-07-04,193800,193800,182300,183000,196148,-0.059125964010282805
2023-07-05,183100,184200,178100,178300,138399,-0.025683060109289668
2023-07-06,178500,180100,176400,178500,116734,0.001121704991587258
2023-07-07,177700,181200,173900,174500,102069,-0.022408963585434205
2023-07-10,176000,176100,173700,175200,69282,0.0040114613180515235
2023-07-11,176300,183000,175400,182500,104529,0.04166666666666674
2023-07-12,183100,185700,181600,185300,86051,0.015342465753424683
2023-07-13,185500,194800,185400,192200,174884,0.03723691311386945
2023-07-14,193500,194800,190500,194600,75887,0.01248699271592102
2023-07-17,192000,193700,190100,191200,63099,-0.0174717368961973
2023-07-18,193600,193600,184000,184900,84089,-0.03294979079497906
2023-07-19,186000,186400,181500,183300,58112,-0.008653326122228244
2023-07-20,182300,185700,181000,181000,73951,-0.012547735951991323
2023-07-21,180100,181400,178100,180300,79826,-0.003867403314917084
2023-07-24,180300,180300,176000,177500,88520,-0.015529672767609526
2023-07-25,176400,177400,170800,171500,120465,-0.033802816901408406
2023-07-26,171100,171100,163200,166500,205512,-0.029154518950437303
2023-07-27,166000,171900,166000,170700,110320,0.02522522522522519
2023-07-28,168200,170000,166500,168800,68748,-0.011130638547158789
2023-07-31,170200,173600,169300,171800,92931,0.017772511848341166
2023-08-01,171000,178400,170700,178100,108226,0.036670547147846344
2023-08-02,176600,176700,172100,172900,97960,-0.029197080291970767
2023-08-03,173500,173500,169500,170600,103388,-0.01330248698669756
2023-08-04,170700,173300,168400,169400,78997,-0.007033997655334079
2023-08-07,168800,178300,168500,174500,106658,0.030106257378984758
2023-08-08,174600,176300,171600,171600,75242,-0.01661891117478509
2023-08-09,171600,175500,171000,174400,69562,0.01631701631701632
2023-08-10,172500,172700,159700,161100,493203,-0.07626146788990829
2023-08-11,162000,165100,162000,163100,160992,0.012414649286157653
2023-08-14,163100,163800,160600,161500,122595,-0.009809932556713696
2023-08-16,160400,160900,157900,158000,124595,-0.021671826625387025
2023-08-17,158100,160500,157600,159700,105570,0.010759493670886133
2023-08-18,158300,159100,155300,158000,113061,-0.01064495929868503
2023-08-21,158800,162300,157800,158300,108766,0.0018987341772152
2023-08-22,158600,161400,157100,157500,76681,-0.005053695514845247
2023-08-23,156500,158400,156000,156700,65365,-0.005079365079365128
2023-08-24,157600,158400,155500,155700,107691,-0.0063816209317166805
2023-08-25,154500,156100,153600,155100,83001,-0.003853564547206201
2023-08-28,156100,157800,154200,155400,75467,0.0019342359767891004
2023-08-29,155400,157300,155400,156100,58101,0.0045045045045044585
2023-08-30,157200,158700,156700,156800,47682,0.004484304932735439
2023-08-31,157400,157800,153900,155000,189157,-0.011479591836734748
2023-09-01,154300,157500,154300,155500,69304,0.003225806451612856
2023-09-04,154900,156800,154800,156700,52646,0.007717041800643143
2023-09-05,156500,158000,154800,155300,66535,-0.00893426930440333
2023-09-06,155300,156300,153700,154100,106820,-0.007726980038634923
2023-09-07,153800,154400,152300,152800,103087,-0.008436080467229101
2023-09-08,153000,153800,152200,153600,59913,0.005235602094240788
2023-09-11,153600,154400,152900,153000,80772,-0.00390625
2023-09-12,153600,155100,152700,152900,138609,-0.0006535947712418277
2023-09-13,152600,152800,149200,152000,117896,-0.005886200130804431
2023-09-14,153200,155500,151800,155300,149744,0.021710526315789513
2023-09-15,155300,157400,154600,157000,139998,0.010946555054732743
2023-09-18,156300,157500,153700,153700,96458,-0.021019108280254772
2023-09-19,153600,154600,152100,152300,52409,-0.009108653220559537
2023-09-20,152400,152900,150900,152000,45042,-0.001969796454366346
2023-09-21,152000,152300,148600,148600,105009,-0.022368421052631593
2023-09-22,146900,150500,146000,148600,76113,0.0
2023-09-25,149300,151600,148500,148900,64275,0.0020188425302827273
2023-09-26,147500,149800,147500,148700,55956,-0.001343183344526544
2023-09-27,147500,151600,147200,150600,69838,0.01277740416946882
2023-10-04,149300,152000,145900,146500,119792,-0.02722443559096943
2023-10-05,147000,149500,146300,148000,78211,0.010238907849829282
2023-10-06,148500,151800,147500,149400,59272,0.009459459459459474
2023-10-10,154000,154500,150200,151200,109221,0.012048192771084265
2023-10-11,152000,155200,151300,153200,77119,0.013227513227513255
2023-10-12,154700,154800,152400,154000,66983,0.005221932114882533
2023-10-13,151500,156100,151400,154900,67930,0.005844155844155763
2023-10-16,154400,155400,152500,154100,65920,-0.005164622336991553
2023-10-17,154200,155900,154000,154700,67619,0.0038935756002596023
2023-10-18,154700,156600,154200,154200,55717,-0.003232062055591456
2023-10-19,152700,153400,150900,153000,71879,-0.0077821011673151474
2023-10-20,153100,160800,152400,159400,289731,0.0418300653594772
2023-10-23,159500,160000,153300,155500,140474,-0.02446675031367629
2023-10-24,158400,164900,155700,163600,193876,0.05209003215434094
2023-10-25,162300,167300,162300,164800,139683,0.007334963325183352
2023-10-26,162500,165200,159700,163100,121472,-0.010315533980582492
2023-10-27,166300,168200,162300,165200,128056,0.012875536480686733
2023-10-30,165200,166600,161300,162000,85180,-0.01937046004842613
2023-10-31,163600,168800,162400,163800,121430,0.011111111111111072
2023-11-01,164500,167800,163900,166000,81027,0.013431013431013383
2023-11-02,168400,169700,165800,168900,98961,0.01746987951807233
2023-11-03,169100,172800,165000,169900,125403,0.005920663114268754
2023-11-06,171800,173400,167900,173400,153666,0.020600353148911177
2023-11-07,171000,172900,169700,172500,90525,-0.00519031141868509
2023-11-08,181200,193900,180300,190800,945555,0.10608695652173905
2023-11-09,189000,194300,186300,190800,585646,0.0
2023-11-10,188400,193300,187000,192900,117386,0.011006289308176154
2023-11-13,194000,195000,189800,193900,123965,0.005184033177812353
2023-11-14,193400,196000,190300,193000,162902,-0.004641567818463144
2023-11-15,197900,204500,192600,204000,225505,0.05699481865284972
2023-11-16,204000,206500,200500,203500,142474,-0.002450980392156854
2023-11-17,203500,205000,191800,193100,165836,-0.05110565110565113
2023-11-20,193900,203500,190900,203000,166287,0.05126877265665453
2023-11-21,203500,210500,202000,209000,163038,0.029556650246305383
2023-11-22,207000,210500,205000,208000,80514,-0.004784688995215336
2023-11-23,208000,211500,205000,210000,65636,0.009615384615384581
2023-11-24,210000,211000,204000,205500,76468,-0.021428571428571463
2023-11-27,208500,217500,208000,217000,148104,0.05596107055961075
2023-11-28,217500,218500,213000,216000,87428,-0.004608294930875556
2023-11-29,216500,220500,214500,216000,98653,0.0
2023-11-30,217500,218000,209500,213000,159654,-0.01388888888888884
2023-12-01,214000,219500,211500,217500,80376,0.021126760563380254
2023-12-04,217000,221500,216000,218000,83716,0.0022988505747125743
2023-12-05,218000,219000,211000,213000,91489,-0.022935779816513735
2023-12-06,213000,217500,210500,212000,80792,-0.0046948356807511304
2023-12-07,210000,214500,209000,212500,62224,0.002358490566037652
2023-12-08,214500,215000,204000,207000,141013,-0.025882352941176467
2023-12-11,209000,213000,206000,213000,76497,0.02898550724637672
2023-12-12,213000,215000,206500,208000,96153,-0.023474178403755874
2023-12-13,209500,214500,208500,211500,77766,0.016826923076923128
2023-12-14,216000,218000,209500,210000,263340,-0.007092198581560294
2023-12-15,210000,212000,205500,208500,138748,-0.0071428571428571175
2023-12-18,208000,212000,207000,208500,50061,0.0
2023-12-19,208500,212500,207500,209000,61267,0.0023980815347721673
2023-12-20,212000,213500,209000,209000,102865,0.0
2023-12-21,208500,210000,205000,207000,80852,-0.009569377990430672
2023-12-22,208500,208500,177000,178500,616485,-0.1376811594202898
2023-12-26,183100,185800,180700,181200,330425,0.015126050420168013
2023-12-27,182500,190500,182100,189400,178234,0.045253863134657735
2023-12-28,188500,194800,187200,193600,123609,0.022175290390707536
2024-01-02,193500,197900,191400,195800,112608,0.011363636363636465
2024-01-03,196300,199200,194100,194800,132017,-0.005107252298263587
2024-01-04,193600,202500,192300,200500,137394,0.029260780287474253
2024-01-05,201500,211000,199100,201500,138826,0.004987531172069737
2024-01-08,199800,202000,196800,201000,67791,-0.002481389578163795
2024-01-09,203500,208500,202000,206500,88719,0.027363184079602032
2024-01-10,207000,208000,199400,203000,87864,-0.016949152542372836
2024-01-11,205500,205500,201000,201000,69914,-0.009852216748768461
2024-01-12,200500,202500,199100,201500,42400,0.0024875621890547706
2024-01-15,203500,206000,200500,204000,60213,0.012406947890818865
2024-01-16,201500,204000,195000,195000,78967,-0.044117647058823484
2024-01-17,196400,197000,186000,186000,86708,-0.0461538461538461
2024-01-18,187300,188700,184400,184500,56737,-0.008064516129032251
2024-01-19,186000,194500,186000,193500,87504,0.04878048780487809
2024-01-22,195100,201500,193600,196000,57398,0.012919896640826822
2024-01-23,197400,205500,194200,204000,89271,0.04081632653061229
2024-01-24,206000,212500,203500,207500,157157,0.017156862745097978
2024-01-25,209500,209500,202500,207000,86069,-0.002409638554216831
2024-01-26,204500,215500,204000,210500,115167,0.01690821256038655
2024-01-29,220000,229000,212000,212500,249597,0.009501187648456089
2024-01-30,215000,226500,214000,218500,239273,0.028235294117647136
2024-01-31,218500,220000,212000,214500,102684,-0.01830663615560646
2024-02-01,212000,217500,208500,214000,99007,-0.002331002331002363
2024-02-02,215000,225000,214500,223000,144478,0.0420560747663552
2024-02-05,221000,222000,214000,220000,93404,-0.013452914798206317
2024-02-06,218000,222000,210000,211500,93543,-0.03863636363636369
2024-02-07,212000,217000,210500,212000,67863,0.0023640661938533203
2024-02-08,213000,216000,211500,214000,125582,0.009433962264151052
2024-02-13,219500,230000,219000,230000,285922,0.07476635514018692
2024-02-14,227500,243000,226500,239500,271909,0.04130434782608705
2024-02-15,242000,242000,235000,238000,83153,-0.006263048016701411
2024-02-16,243000,243500,236000,237500,64520,-0.0021008403361344463
2024-02-19,237500,239500,232500,235000,55699,-0.010526315789473717
2024-02-20,235000,238000,229000,232000,69317,-0.012765957446808529
2024-02-21,234500,235500,224000,226000,111295,-0.025862068965517238
2024-02-22,228000,228000,222000,225000,86029,-0.004424778761061954
2024-02-23,226000,229000,222500,224500,88710,-0.0022222222222222365
2024-02-26,226000,226000,217500,217500,90380,-0.031180400890868598
2024-02-27,219500,225500,217000,224000,98827,0.029885057471264354
2024-02-28,225000,229500,223000,225000,83055,0.0044642857142858094
2024-02-29,223000,227000,220000,227000,97956,0.008888888888888946
2024-03-04,226500,230000,216000,217500,127079,-0.04185022026431717
2024-03-05,215500,221000,215500,218000,68627,0.0022988505747125743
2024-03-06,215000,218000,210500,213000,70286,-0.022935779816513735
2024-03-07,214500,221000,213500,216000,74937,0.014084507042253502
2024-03-08,219500,226000,218500,222000,97789,0.02777777777777768
2024-03-11,225000,234500,224000,232500,120866,0.04729729729729737
2024-03-12,234500,239000,229500,234000,97830,0.006451612903225712
2024-03-13,234500,239500,231500,239000,80343,0.02136752136752129
2024-03-14,239000,241500,213500,235000,503053,-0.01673640167364021
2024-03-15,234000,234500,222000,230500,176385,-0.019148936170212738
2024-03-18,233000,240000,230500,238000,95801,0.03253796095444694
2024-03-19,234500,243000,234000,237000,114517,-0.004201680672268893
2024-03-20,241000,243000,234000,237500,72127,0.0021097046413502962
2024-03-21,239000,241000,234500,240500,81387,0.012631578947368327
2024-03-22,237500,240000,232500,236000,64214,-0.018711018711018657
2024-03-25,236000,242500,232500,240000,125503,0.016949152542372836
2024-03-26,242500,247000,238500,246500,129365,0.027083333333333348
2024-03-27,250000,265000,248000,257000,371514,0.04259634888438124
2024-03-28,255500,255500,247000,250000,155553,-0.027237354085603127
2024-03-29,250000,253000,243500,247000,104447,-0.01200000000000001
2024-04-01,252000,253500,248000,250500,74153,0.014170040485830038
2024-04-02,246000,257500,244500,252000,122469,0.0059880239520957446
2024-04-03,250000,256000,249000,253500,92064,0.005952380952380931
2024-04-04,255500,260000,250000,253000,104001,-0.0019723865877712132
2024-04-05,249500,253000,248500,249500,39956,-0.013833992094861691
2024-04-08,248500,251500,243500,243500,66121,-0.024048096192384794
2024-04-09,247000,249500,239000,242000,55846,-0.006160164271047264
2024-04-11,237500,248000,237000,247500,109169,0.022727272727272707
2024-04-12,244500,247000,237000,238500,86884,-0.036363636363636376
2024-04-15,235500,247500,231000,247000,86107,0.03563941299790363
2024-04-16,244000,255000,242500,254000,126646,0.028340080971659853
2024-04-17,254500,257500,249000,253000,100673,-0.003937007874015741
2024-04-18,255500,262000,252500,260000,126476,0.027667984189723382
2024-04-19,256000,261500,250500,254000,124042,-0.023076923076923106
2024-04-22,258000,262500,254000,259000,72912,0.019685039370078705
2024-04-23,243500,247000,232000,238000,1619683,-0.08108108108108103
2024-04-24,240000,245500,239500,240000,263898,0.008403361344537785
2024-04-25,237500,238000,225000,225500,320859,-0.060416666666666674
2024-04-26,227500,232500,227000,229500,176318,0.017738359201773912
2024-04-29,231500,241000,231500,240000,148646,0.045751633986928164
2024-04-30,238500,245000,238500,239500,122430,-0.002083333333333326
2024-05-02,237000,245500,236500,243000,119352,0.014613778705636848
2024-05-03,244500,253500,243500,251000,159261,0.03292181069958855
2024-05-07,254000,260500,254000,257500,192672,0.02589641434262946
2024-05-08,260000,265500,258500,260000,212701,0.009708737864077666
2024-05-09,269000,271000,255000,263500,430254,0.013461538461538414
2024-05-10,265000,267500,258000,259000,187175,-0.017077798861480087
2024-05-13,258500,260000,249500,259500,179601,0.0019305019305020377
2024-05-14,260000,265000,255000,257000,112229,-0.009633911368015391
2024-05-16,260500,262000,256500,258500,122777,0.005836575875486361
2024-05-17,257500,260000,256000,258000,74960,-0.0019342359767892114
2024-05-20,260000,260000,251000,252500,90498,-0.02131782945736438
2024-05-21,250000,254000,247500,252500,75619,0.0
2024-05-22,251000,255000,249500,254500,78621,0.007920792079207928
2024-05-23,252000,258500,252000,256000,78182,0.005893909626718985
2024-05-24,255500,261500,255000,260000,94601,0.015625
2024-05-27,262000,264000,258000,260000,136567,0.0
2024-05-28,258000,259500,241000,246500,164875,-0.05192307692307696
2024-05-29,244000,247000,240500,244000,127155,-0.010141987829614618
2024-05-30,242000,253000,241500,251000,88005,0.028688524590164022
2024-05-31,255000,257500,243500,250000,362249,-0.003984063745019917
2024-06-03,251000,254000,245500,247500,52047,-0.010000000000000009
2024-06-04,245000,251000,242500,249500,58607,0.008080808080808133
2024-06-05,249000,254000,246000,246000,58446,-0.014028056112224463
2024-06-07,248000,257500,248000,256000,99217,0.04065040650406515
2024-06-10,251500,258500,248000,254500,62029,-0.005859375
2024-06-11,256000,259000,253000,255500,61684,0.003929273084479323
2024-06-12,258000,267500,256000,265000,217577,0.03718199608610573
2024-06-13,266500,271000,264500,265500,256241,0.0018867924528302993
2024-06-14,263000,278000,259500,272000,249943,0.024482109227871973
2024-06-17,271000,277500,269000,274500,152334,0.009191176470588314
2024-06-18,277000,278000,273000,276500,160880,0.007285974499089187
2024-06-19,279000,297000,278500,290000,346197,0.0488245931283906
2024-06-20,287500,294500,284500,291500,108847,0.005172413793103514
2024-06-21,293000,297000,290000,297000,477134,0.018867924528301883
2024-06-24,299000,299000,273000,276000,217712,-0.07070707070707072
2024-06-25,278500,283500,275500,282500,83044,0.023550724637681153
2024-06-26,280000,293000,279500,289500,118745,0.024778761061946986
2024-06-27,287000,291500,278000,281500,118854,-0.02763385146804831
2024-06-28,280500,284000,271000,281500,156709,0.0
2024-07-01,278000,279000,271000,273500,88473,-0.028419182948490218
2024-07-02,271000,276000,269000,271000,74218,-0.009140767824497242
2024-07-03,273500,277000,269000,272500,77366,0.005535055350553542
2024-07-04,272000,277000,269000,272000,78875,-0.0018348623853210455
2024-07-05,272000,284000,269500,280000,124281,0.02941176470588225
2024-07-08,278000,286000,277000,278000,48069,-0.0071428571428571175
2024-07-09,283000,294000,282000,289500,130058,0.04136690647482011
2024-07-10,287500,290500,281500,283000,79090,-0.022452504317789335
2024-07-11,288000,291000,282000,284000,115139,0.0035335689045936647
2024-07-12,286500,289000,276500,280000,104303,-0.014084507042253502
2024-07-15,281000,284000,271000,275000,96960,-0.017857142857142905
2024-07-16,279000,279000,272000,275000,53232,0.0
2024-07-17,274500,278000,273000,276500,76330,0.005454545454545379
2024-07-18,279000,279000,268000,272000,85674,-0.016274864376130238
2024-07-19,269000,282000,268000,280500,106595,0.03125
2024-07-22,280500,287000,277000,281000,75649,0.0017825311942958333
2024-07-23,286000,295500,284000,292000,205759,0.039145907473309594
2024-07-24,289500,290500,284000,287000,65429,-0.017123287671232834
2024-07-25,289000,293000,283000,286500,110756,-0.0017421602787456303
2024-07-26,286500,288500,282500,285000,49045,-0.005235602094240788
2024-07-29,285000,293500,283500,292000,57283,0.024561403508772006
2024-07-30,289500,302000,289500,292500,99829,0.001712328767123239
2024-07-31,293000,298500,292500,294000,102272,0.00512820512820511
2024-08-01,291500,295500,289000,289500,56863,-0.015306122448979553
2024-08-02,285500,295000,284500,287500,70077,-0.006908462867012077
2024-08-05,285000,286500,260000,273000,173656,-0.050434782608695605
2024-08-06,282500,290000,279000,285500,115945,0.04578754578754585
2024-08-07,281000,287000,276000,277500,157494,-0.028021015761821366
2024-08-08,276500,284500,276000,282000,125275,0.016216216216216273
2024-08-09,282500,295000,278000,294500,130482,0.04432624113475181
2024-08-12,289000,300000,289000,293000,287768,-0.005093378607809895
2024-08-13,317500,331000,305500,331000,1281466,0.12969283276450505
2024-08-14,330000,332500,324500,331500,239178,0.0015105740181269312
2024-08-16,334500,335000,322500,324500,161699,-0.021116138763197623
2024-08-19,325000,334000,319000,325000,145441,0.0015408320493066618
2024-08-20,328000,336000,324000,333500,194990,0.026153846153846194
2024-08-21,332500,342000,331000,339500,141753,0.01799100449775115
2024-08-22,346500,355000,337000,346000,222471,0.019145802650957222
2024-08-23,343500,352000,342000,348000,152072,0.005780346820809301
2024-08-26,343500,351000,332500,349000,133479,0.002873563218390718
2024-08-27,350000,352000,338000,342000,96090,-0.02005730659025784
2024-08-28,339500,342000,326000,332000,142288,-0.0292397660818714
2024-08-29,331500,335000,326000,333000,79112,0.003012048192771122
2024-08-30,333000,333000,322500,327000,134848,-0.018018018018018056
2024-09-02,325000,326500,320500,323000,68230,-0.012232415902140636
2024-09-03,322500,324500,314000,317000,94557,-0.018575851393188847
2024-09-04,310000,318500,308000,310500,103206,-0.02050473186119872
2024-09-05,312500,329000,312500,324000,190550,0.04347826086956519
2024-09-06,327000,334500,319000,323000,101574,-0.0030864197530864335
2024-09-09,319500,329000,315500,328000,113416,0.015479876160990669
2024-09-10,327500,329500,319000,320500,77070,-0.02286585365853655
2024-09-11,323000,332000,320500,325000,78107,0.014040561622464809
2024-09-12,329000,337000,320000,321000,157904,-0.012307692307692353
2024-09-13,323500,339000,321500,338000,126368,0.052959501557632294
2024-09-19,341500,352000,340000,348000,156417,0.029585798816567976
2024-09-20,347500,347500,340000,341000,138252,-0.02011494252873558
2024-09-23,344000,345000,338500,340500,41345,-0.0014662756598240456
2024-09-24,342500,351500,342500,348500,100909,0.023494860499265746
2024-09-25,351500,353000,338500,339000,113502,-0.027259684361549463
2024-09-26,339500,343000,333000,343000,114355,0.01179941002949847
2024-09-27,345000,345000,337500,340500,56305,-0.007288629737609353
2024-09-30,343500,354000,341500,342500,162670,0.005873715124816492
2024-10-02,338500,343500,332500,338000,79273,-0.013138686131386912
2024-10-04,340500,343000,332000,335500,80857,-0.007396449704141994
2024-10-07,335500,336500,313500,319000,243322,-0.049180327868852514
2024-10-08,319500,328500,319000,326000,111584,0.021943573667711602
2024-10-10,331000,335000,324500,324500,116063,-0.004601226993865004
2024-10-11,327500,334000,324500,331500,74056,0.02157164869029282
2024-10-14,329000,336000,328000,330500,58154,-0.003016591251885359
2024-10-15,332500,342500,332000,340500,94286,0.030257186081694476
2024-10-16,338000,344000,335000,338500,68817,-0.005873715124816492
2024-10-17,340000,340000,330500,334500,67933,-0.011816838995568735
2024-10-18,338500,349000,337500,340500,148316,0.017937219730941756
2024-10-21,339500,346500,336500,343000,71905,0.007342143906020615
2024-10-22,340500,345500,333000,340500,86639,-0.007288629737609353
2024-10-23,342000,346000,333000,333000,69908,-0.022026431718061623
2024-10-24,336000,347000,333500,347000,104567,0.04204204204204198
2024-10-25,346000,350000,340500,344500,45863,-0.007204610951008661
2024-10-28,345000,349000,340000,345500,70768,0.002902757619738683
2024-10-29,346500,349500,343000,345000,65198,-0.0014471780028944004
2024-10-30,346000,350000,342000,344000,75825,-0.0028985507246376274
2024-10-31,345000,346500,331000,331000,105336,-0.03779069767441856
2024-11-01,330000,335500,325000,333500,59288,0.007552870090634434
2024-11-04,334500,346000,332000,337500,95757,0.011994002998500841
2024-11-05,335000,342500,330000,332500,105471,-0.014814814814814836
2024-11-06,336500,348000,336500,347500,195328,0.04511278195488733
2024-11-07,344500,352500,340500,351000,187403,0.010071942446043147
2024-11-08,340500,341000,320000,325000,409516,-0.07407407407407407
2024-11-11,324500,325000,312000,317500,321498,-0.023076923076923106
2024-11-12,318500,319500,295500,295500,289359,-0.06929133858267722
2024-11-13,293000,299500,291000,294000,148652,-0.005076142131979711
2024-11-14,297500,302000,293000,293500,179853,-0.00170068027210879
2024-11-15,293500,296500,281000,289500,164174,-0.013628620102214661
2024-11-18,288000,299000,287000,295000,98940,0.01899827288428324
2024-11-19,297000,313500,296500,305500,168377,0.035593220338983045
2024-11-20,304000,308500,301500,308000,79051,0.008183306055646433
2024-11-21,309000,312000,306000,307000,62694,-0.0032467532467532756
2024-11-22,307500,314000,307500,308500,65724,0.004885993485342022
2024-11-25,312000,312500,302500,307000,98907,-0.004862236628849326
2024-11-26,304000,310500,303500,307000,49594,0.0
2024-11-27,306500,314000,305000,310500,76554,0.01140065146579805
2024-11-28,310500,316000,306000,316000,66356,0.017713365539452575
2024-11-29,316500,321000,312000,312000,108516,-0.012658227848101222
2024-12-02,316500,330500,314000,327500,137586,0.049679487179487225
2024-12-03,326000,334000,314500,328500,150935,0.003053435114503733
2024-12-04,323000,332000,321000,327000,112478,-0.004566210045662156
2024-12-05,324000,324500,315500,316500,95739,-0.032110091743119296
2024-12-06,318000,318000,307000,310500,103101,-0.018957345971563955
2024-12-09,308000,309500,298000,301000,130103,-0.03059581320450888
2024-12-10,304500,307500,300500,302500,102315,0.004983388704318914
2024-12-11,305000,319500,303500,319500,117463,0.056198347107438096
2024-12-12,322500,328000,319500,325500,162274,0.018779342723004744
2024-12-13,327500,347500,326000,340500,251680,0.04608294930875578
2024-12-16,342500,344500,335000,344000,90093,0.010279001468428861
2024-12-17,345000,350000,340000,342000,118517,-0.005813953488372103
2024-12-18,342500,343000,325500,327500,130242,-0.042397660818713434
2024-12-19,318000,326000,316500,320500,99489,-0.021374045801526687
2024-12-20,318000,322000,309500,311500,175683,-0.02808112324492984
2024-12-23,315500,315500,307500,308500,87063,-0.009630818619582704
2024-12-24,311000,313000,304500,306000,82563,-0.008103727714748765
2024-12-26,310000,310000,301500,307000,97573,0.0032679738562091387
2024-12-27,309500,315000,305500,310000,89731,0.009771986970684043
2024-12-30,311000,318000,306000,312500,91745,0.008064516129032251
2025-01-02,315000,323500,314500,316500,81196,0.012799999999999923
2025-01-03,316500,336500,316500,335000,154502,0.05845181674565558
2025-01-06,335000,348500,333000,346500,182489,0.0343283582089553
2025-01-07,343500,350000,326500,331000,270944,-0.044733044733044736
2025-01-08,335500,342000,319500,325000,160839,-0.01812688821752262
2025-01-09,326000,331000,324500,326000,100147,0.003076923076922977
2025-01-10,328000,340000,328000,335000,119885,0.027607361963190247
2025-01-13,332000,341000,331500,333500,91424,-0.004477611940298498
2025-01-14,335000,345500,333000,342500,130104,0.026986506746626615
2025-01-15,342500,346000,331500,336000,124549,-0.01897810218978102
2025-01-16,339000,341500,330500,331500,103290,-0.013392857142857095
2025-01-17,331000,344000,330000,341500,101334,0.030165912518853588
2025-01-20,344000,355000,343500,345000,120305,0.01024890190336758
2025-01-21,346000,351000,344000,347000,79877,0.005797101449275255
2025-01-22,344000,346500,330000,337000,172903,-0.028818443804034533
2025-01-23,339000,340500,335500,337500,79034,0.0014836795252226587
2025-01-24,339500,346500,338000,343000,89161,0.016296296296296253
2025-01-31,349500,364000,347500,364000,244919,0.061224489795918435
2025-02-03,360000,362000,349000,360000,148663,-0.01098901098901095
2025-02-04,375500,384500,357000,362500,253679,0.00694444444444442
2025-02-05,362500,376000,359000,376000,191557,0.03724137931034477
2025-02-06,377000,382000,370500,381000,130837,0.013297872340425565
2025-02-07,378000,384000,375500,383000,109037,0.005249343832020914
2025-02-10,382000,390000,376500,377500,151611,-0.01436031331592691
2025-02-11,380000,389500,375000,375000,229062,-0.0066225165562914245
2025-02-12,351000,354000,321000,322500,828270,-0.14
2025-02-13,324500,324500,315000,317000,350331,-0.01705426356589146
2025-02-14,320000,324000,311500,312000,270169,-0.01577287066246058
2025-02-17,316000,323500,315000,322500,227869,0.033653846153846256
2025-02-18,324000,324500,316000,321500,228537,-0.0031007751937984773
2025-02-19,321500,338000,320500,335000,395262,0.04199066874028001
2025-02-20,336000,337000,328500,332000,167272,-0.008955223880596996
2025-02-21,335000,336000,326000,327500,144425,-0.013554216867469826
2025-02-24,322500,327000,320000,327000,121921,-0.0015267175572518665
2025-02-25,324500,335000,324000,325000,187059,-0.006116207951070374
2025-02-26,324000,343500,324000,340000,293523,0.04615384615384621
2025-02-27,335500,343000,333000,341500,162639,0.004411764705882337
2025-02-28,337000,345000,333500,343500,233576,0.005856515373352744
2025-03-04,339000,341000,330000,334000,170871,-0.027656477438136817
2025-03-05,336500,345000,336500,344000,163195,0.029940119760478945
2025-03-06,346000,349500,340000,348000,138858,0.011627906976744207
2025-03-07,346000,354000,343000,349000,108965,0.002873563218390718
2025-03-10,349000,358500,347000,350500,168746,0.004297994269341077
2025-03-11,340000,351000,339500,346000,132761,-0.012838801711840264
2025-03-12,346000,350000,344000,345500,103896,-0.0014450867052022698
2025-03-13,346000,358000,345500,358000,225941,0.0361794500723589
2025-03-14,357500,358500,351500,356000,81671,-0.005586592178770999
2025-03-17,359000,359500,344500,357500,157264,0.004213483146067398
2025-03-18,358500,361000,346500,351000,155238,-0.018181818181818188
2025-03-19,351000,356000,344000,348000,162501,-0.008547008547008517
2025-03-20,348500,353000,325000,328500,286432,-0.05603448275862066
2025-03-21,330500,335000,325000,325000,180468,-0.010654490106544956
2025-03-24,329000,337500,329000,335500,136601,0.03230769230769237
2025-03-25,335500,338000,330500,336000,86148,0.0014903129657228842
2025-03-26,338000,341000,332000,338500,75899,0.007440476190476275
2025-03-27,345000,350000,337500,338500,194137,0.0
2025-03-28,338000,365000,331500,359000,376221,0.06056129985228953
2025-03-31,347000,347000,328500,334500,294979,-0.06824512534818938
2025-04-01,338000,343000,331500,340000,166587,0.01644245142002987
2025-04-02,342000,349000,336500,347000,121352,0.020588235294117574
2025-04-03,339500,354500,339000,353500,133357,0.018731988472622474
2025-04-04,352000,372000,351500,372000,285615,0.05233380480905225
2025-04-07,361000,370500,354000,362000,185111,-0.026881720430107503
2025-04-08,368000,372500,360500,366500,143133,0.012430939226519389
2025-04-09,365000,371500,351500,354500,186218,-0.032742155525238736
2025-04-10,362500,377500,358000,377500,183393,0.06488011283497874
2025-04-11,368000,379000,366000,377000,143822,-0.0013245033112583293
2025-04-14,376500,384000,374500,375500,106798,-0.003978779840848823
2025-04-15,372000,374000,358500,369000,229949,-0.017310252996005304
2025-04-16,368500,381000,365000,377000,117799,0.021680216802167918
2025-04-17,379000,389000,378500,384000,161222,0.018567639257294433
2025-04-18,383000,388000,379500,386000,71267,0.005208333333333259
2025-04-21,386000,391000,381500,384500,86228,-0.0038860103626943143
2025-04-22,385000,386000,377500,379000,101737,-0.014304291287386195
2025-04-23,379500,380000,371500,373500,132795,-0.014511873350923521
2025-04-24,371500,379500,370000,376500,98340,0.008032128514056325
2025-04-25,374500,377500,369000,373000,129191,-0.009296148738379806
2025-04-28,371000,382000,371000,377000,115515,0.01072386058981234
2025-04-29,377000,377500,360500,370000,166709,-0.018567639257294433
2025-04-30,378000,381500,359500,371500,263173,0.004054054054054124
2025-05-02,365500,387000,365500,385000,214293,0.03633916554508754
2025-05-07,390000,393000,378500,385500,142419,0.0012987012987013546
2025-05-08,383000,386000,373500,379000,124362,-0.016861219195849597
2025-05-09,380500,385000,372500,375000,76143,-0.01055408970976257
2025-05-12,375500,379500,373500,376500,60723,0.0040000000000000036
2025-05-13,372000,374000,365500,369500,92427,-0.01859229747675961
2025-05-14,371000,374500,369500,373000,87330,0.009472259810554773
2025-05-15,371000,377000,371000,375000,56791,0.00536193029490617
2025-05-16,377000,386000,375500,382500,119157,0.020000000000000018
2025-05-19,378500,379000,367500,370500,111417,-0.03137254901960784
2025-05-20,373500,381500,370500,379500,96758,0.02429149797570851
2025-05-21,379000,386000,378500,386000,115851,0.017127799736495364
2025-05-22,380000,384000,372500,380000,112451,-0.015544041450777257
2025-05-23,378500,387000,377000,379500,79591,-0.001315789473684159
2025-05-26,380000,382500,376000,382500,64809,0.007905138339920903
2025-05-27,379000,384000,374500,381000,58781,-0.0039215686274509665
2025-05-28,379000,391000,379000,383000,130035,0.005249343832020914
2025-05-29,385500,385500,375500,377500,129230,-0.01436031331592691
2025-05-30,375000,378000,364000,369000,400973,-0.02251655629139071
2025-06-02,366500,372000,363000,368000,106227,-0.0027100271002710175
2025-06-04,369500,372500,364000,367500,163369,-0.0013586956521739468
2025-06-05,365000,375500,365000,369500,129540,0.0054421768707482165
2025-06-09,369500,374000,365000,373500,107584,0.010825439783491264
2025-06-10,371500,375500,365000,375500,138832,0.0053547523427042165
2025-06-11,375500,378000,369500,372500,143912,-0.007989347536617841
2025-06-12,371000,382000,371000,382000,220064,0.025503355704697972
2025-06-13,378500,382500,365500,366500,160781,-0.04057591623036649
2025-06-16,370000,370500,364000,370500,72768,0.01091405184174632
2025-06-17,368000,373000,364500,367500,97685,-0.0080971659919028
2025-06-18,363500,385000,362000,382500,279826,0.04081632653061229
2025-06-19,380500,382500,358500,360500,223443,-0.05751633986928106
2025-06-20,362500,365000,355000,358000,511726,-0.006934812760055475
2025-06-23,355500,359500,342500,350500,201774,-0.020949720670391025
2025-06-24,354500,364500,352500,361500,260927,0.031383737517831634
2025-06-25,359000,361000,346000,357000,171881,-0.012448132780082943
2025-06-26,355000,361000,354500,358500,96577,0.004201680672268893
2025-06-27,359000,359500,353500,357500,77468,-0.002789400278940035
2025-06-30,359500,368500,354500,363000,174279,0.01538461538461533
2025-07-01,363500,364500,358000,362000,121817,-0.0027548209366391463
2025-07-02,360000,366000,356500,358500,79814,-0.00966850828729282
2025-07-03,359000,372000,358500,365500,129370,0.019525801952580135
2025-07-04,364000,366500,359000,359500,45289,-0.01641586867305067
2025-07-07,361500,364000,357500,358000,74905,-0.004172461752433909
2025-07-08,361000,367500,358500,363500,79467,0.015363128491620026
2025-07-09,360000,360500,352000,360000,121952,-0.009628610729023435
2025-07-10,357000,358500,350000,353000,154957,-0.019444444444444486
2025-07-11,352000,358500,351500,353500,105967,0.0014164305949009304
2025-07-14,352000,352500,343500,347000,141270,-0.018387553041018356
2025-07-15,345000,349500,345000,347500,88480,0.0014409221902016434
2025-07-16,345000,350000,343000,345500,114294,-0.0057553956834532904
2025-07-17,347000,351500,340500,351500,113195,0.01736613603473236
2025-07-18,350500,359500,348500,354000,117965,0.007112375533428139
2025-07-21,354000,356000,350000,353500,64787,-0.0014124293785310327
2025-07-22,351500,354500,350500,352500,67077,-0.0028288543140028155
2025-07-23,355000,355000,343000,348000,112412,-0.012765957446808529
2025-07-24,348500,350000,338500,341000,109266,-0.02011494252873558
2025-07-25,338000,346500,337000,338500,84509,-0.007331378299120228
2025-07-28,338000,342500,334000,335500,79451,-0.008862629246676468
2025-07-29,332500,340500,327500,338000,100286,0.007451564828613977
2025-07-30,337000,339750,309000,326500,375375,-0.03402366863905326
2025-07-31,324000,332000,323500,328500,139251,0.006125574272588086
2025-08-01,323000,324000,314000,315500,121860,-0.0395738203957382
2025-08-04,314000,316500,311500,314500,104540,-0.0031695721077654726
2025-08-05,316000,321000,315500,317000,120904,0.007949125596184325
2025-08-06,315500,323000,315500,319500,166993,0.007886435331230235
2025-08-07,318500,328500,318000,325500,86016,0.018779342723004744
2025-08-08,325000,326000,319000,321000,87862,-0.01382488479262678
2025-08-11,322000,324000,318000,319000,63918,-0.006230529595015577
2025-08-12,317000,321000,315000,315500,68534,-0.010971786833855801
2025-08-13,314500,316000,309000,315000,136791,-0.0015847860538826808
2025-08-14,315000,317500,309500,315500,109805,0.0015873015873015817
2025-08-18,313000,316000,311500,313000,71102,-0.007923930269413626
2025-08-19,316500,336000,315500,328000,225509,0.04792332268370614
2025-08-20,329500,331000,323000,326500,125456,-0.004573170731707266
2025-08-21,324500,335000,324500,327500,92521,0.003062787136294043
2025-08-22,327500,330000,326000,328500,78528,0.003053435114503733
2025-08-25,329500,336000,327500,330000,80781,0.004566210045662045
2025-08-26,331000,344000,330000,337500,235586,0.022727272727272707
2025-08-27,338000,340500,335500,339000,82185,0.004444444444444473
2025-08-28,337000,339500,330000,332000,122414,-0.020648967551622377
2025-08-29,333000,336500,327500,327500,115347,-0.013554216867469826
2025-09-01,329500,337000,327500,331000,74207,0.010687022900763399
2025-09-02,331000,334000,329000,330000,78055,-0.0030211480362537513
2025-09-03,327000,330500,326500,329000,77851,-0.00303030303030305
2025-09-04,326500,334500,326000,332500,103632,0.010638297872340496
2025-09-05,329500,332500,325500,326000,84009,-0.019548872180451093
2025-09-08,327000,327000,322000,324500,66412,-0.004601226993865004
2025-09-09,323000,324000,317000,322500,120874,-0.006163328197226536
2025-09-10,320500,326000,318000,323000,106648,0.0015503875968991832
2025-09-11,322000,324500,319000,324500,113540,0.004643962848297267
2025-09-12,323500,325500,321000,322500,55516,-0.006163328197226536
2025-09-15,320500,326000,320000,321500,51818,-0.0031007751937984773
2025-09-16,320000,322000,316500,318500,74129,-0.009331259720062213
2025-09-17,316500,320000,315000,319500,67356,0.0031397174254317317
2025-09-18,319000,320000,316000,319500,87149,0.0
2025-09-19,317500,319000,312000,316500,181185,-0.009389671361502372
2025-09-22,317000,317500,308000,309000,124371,-0.023696682464455
2025-09-23,306500,310000,305000,307500,73219,-0.004854368932038833
2025-09-24,309500,310000,298500,302500,114056,-0.016260162601625994
