Date,Open,High,Low,Close,Volume,Change
2023-07-31,30000,30000,25500,25500,3310,
2023-08-01,21700,28950,21700,21700,114,-0.14901960784313728
2023-08-02,18450,18450,18450,18450,170,-0.14976958525345618
2023-08-03,15690,19900,15690,18700,4814,0.013550135501354976
2023-08-04,18700,20900,15900,18890,106,0.010160427807486716
2023-08-07,20800,20800,17000,19700,68,0.04287983059820011
2023-08-08,18900,20200,17500,18770,216,-0.04720812182741119
2023-08-09,18700,20000,15960,16300,1892,-0.13159296750133187
2023-08-10,17000,17000,14120,15960,358,-0.020858895705521463
2023-08-11,15000,15870,15000,15870,128,-0.005639097744360888
2023-08-14,17000,17000,17000,17000,10,0.07120352867044732
2023-08-16,16090,16090,15020,16070,10,-0.05470588235294116
2023-08-17,15990,16500,15990,16500,147,0.026757934038581288
2023-08-18,15790,15790,15680,15770,348,-0.044242424242424194
2023-08-21,15490,15490,15490,15490,67,-0.01775523145212432
2023-08-22,14700,15900,13170,13170,2371,-0.1497740477727566
2023-08-23,14000,14000,11300,13290,126,0.009111617312072884
2023-08-24,13300,14600,12500,13700,27,0.030850263355906682
2023-08-25,13000,13690,12300,13500,125,-0.014598540145985384
2023-08-28,14590,14590,12000,13490,154,-0.0007407407407407085
2023-08-29,13490,13500,13490,13500,38,0.000741289844329085
2023-08-30,13980,13980,13980,13980,1,0.03555555555555556
2023-08-31,13990,13990,13990,13990,2,0.0007153075822603494
2023-09-01,14000,14000,13980,13980,3,-0.0007147962830593713
2023-09-04,12510,13990,12510,13990,2,0.0007153075822603494
2023-09-05,13980,14300,13900,14300,142,0.022158684774839177
2023-09-06,14300,14300,14300,14300,1,0.0
2023-09-07,13870,13870,13870,13870,100,-0.030069930069930084
2023-09-08,14000,14000,13950,13950,2,0.005767844268204758
2023-09-11,13600,13600,11860,13480,372,-0.033691756272401396
2023-09-12,12990,12990,11460,12490,134,-0.07344213649851628
2023-09-13,11500,12440,10620,11950,288,-0.043234587670136104
2023-09-14,11990,12300,10160,10900,355,-0.08786610878661083
2023-09-15,10500,12500,9270,11000,1413,0.00917431192660545
2023-09-18,11000,12480,9350,10870,671,-0.011818181818181839
2023-09-19,9500,10200,9240,10000,438,-0.0800367985280589
2023-09-20,9860,9860,9860,9860,3,-0.014000000000000012
2023-09-21,10700,10700,10700,10700,1,0.0851926977687627
2023-09-22,10700,10700,10700,10700,5,0.0
2023-09-25,10370,10610,10370,10610,103,-0.008411214953271018
2023-09-26,10290,10450,10290,10450,101,-0.015080113100848225
2023-09-27,10450,12010,10000,10400,162,-0.004784688995215336
2023-10-04,9900,10400,9310,10400,217,0.0
2023-10-05,11950,11950,11950,11950,1,0.14903846153846145
2023-10-06,11900,13730,11900,12490,3,0.0451882845188285
2023-10-10,11990,12490,11990,12490,102,0.0
2023-10-11,10630,12470,10620,12470,35,-0.0016012810248198228
2023-10-12,12380,12380,10600,12360,4,-0.008821170809943824
2023-10-13,11980,11980,11980,11980,100,-0.03074433656957931
2023-10-16,12460,12460,10190,10960,139,-0.08514190317195325
2023-10-17,12470,12470,9500,12000,94,0.0948905109489051
2023-10-18,10200,12470,10200,12470,127,0.03916666666666657
2023-10-19,10670,12460,10600,11940,111,-0.042502004811547756
2023-10-20,10210,11870,10210,11870,2,-0.005862646566164198
2023-10-23,10200,11800,10090,11800,46,-0.005897219882055604
2023-10-24,11440,11440,10050,11440,176,-0.03050847457627115
2023-10-25,10000,11330,10000,11330,101,-0.009615384615384581
2023-10-26,9650,10290,9640,9990,416,-0.11827007943512802
2023-10-27,11260,11260,9000,10890,134,0.09009009009009006
2023-10-30,9990,10560,9310,10500,201,-0.03581267217630857
2023-10-31,11090,11090,10490,10500,3,0.0
2023-11-01,11750,11750,11750,11750,1,0.11904761904761907
2023-11-02,9990,11010,9990,11010,97,-0.06297872340425537
2023-11-03,9360,10970,9360,10300,596,-0.06448683015440504
2023-11-06,10850,10850,9000,9680,160,-0.060194174757281504
2023-11-07,10940,10940,10940,10940,1,0.1301652892561984
2023-11-08,10490,10610,10490,10610,100,-0.030164533820840944
2023-11-09,10290,10600,10290,10600,220,-0.0009425070688030557
2023-11-10,10600,10600,10000,10500,143,-0.009433962264150941
2023-11-13,12000,12000,12000,12000,1,0.1428571428571428
2023-11-14,11640,11990,11640,11990,101,-0.0008333333333333526
2023-11-15,11990,13490,11990,13490,21,0.12510425354462051
2023-11-16,11480,12900,11480,11480,64,-0.14899925871015562
2023-11-17,11800,12000,11000,12000,26,0.04529616724738683
2023-11-20,10500,12000,10200,11500,141,-0.04166666666666663
2023-11-21,10000,10980,9900,10980,106,-0.045217391304347876
2023-11-22,10880,10880,10650,10650,105,-0.030054644808743203
2023-11-23,11780,11780,9990,10670,203,0.001877934272300541
2023-11-24,10670,12000,10670,11500,611,0.07778819119025315
2023-11-27,9800,11170,9780,10940,371,-0.04869565217391303
2023-11-28,11850,11850,9950,10970,117,0.002742230347349217
2023-11-29,10000,10490,10000,10490,109,-0.04375569735642659
2023-11-30,10170,10400,10170,10400,150,-0.008579599618684486
2023-12-01,10080,10380,10000,10380,201,-0.0019230769230769162
2023-12-04,10380,10990,10000,10970,66,0.056840077071290906
2023-12-05,10000,10490,10000,10490,89,-0.04375569735642659
2023-12-06,10490,11000,10490,11000,18,0.04861773117254531
2023-12-07,10670,10980,10670,10980,101,-0.0018181818181818299
2023-12-08,10500,10970,10500,10970,101,-0.0009107468123861207
2023-12-11,10970,11800,10970,11490,33,0.04740200546946216
2023-12-12,11000,11140,11000,11140,100,-0.030461270670147922
2023-12-13,11000,11000,10800,11000,114,-0.012567324955116699
2023-12-14,10030,11000,10030,10900,156,-0.009090909090909038
2023-12-15,11800,11800,11800,11800,1,0.08256880733944949
2023-12-18,11440,11800,11440,11800,102,0.0
2023-12-19,11700,13570,11700,12500,63,0.05932203389830515
2023-12-20,12120,12120,12120,12120,100,-0.030399999999999983
2023-12-21,11750,11750,11750,11750,100,-0.03052805280528048
2023-12-22,12000,13510,10500,12800,700,0.08936170212765959
2023-12-26,12800,12800,12410,12410,120,-0.030468750000000044
2023-12-27,12410,13000,12000,12800,271,0.03142626913779201
2023-12-28,12410,12800,10880,12500,649,-0.0234375
2024-01-02,12390,12390,11200,12160,165,-0.027200000000000002
2024-01-03,11130,12150,11130,11800,234,-0.02960526315789469
2024-01-04,11780,11780,11120,11500,161,-0.025423728813559365
2024-01-05,12790,12790,10510,11670,4190,0.014782608695652177
2024-01-08,10530,11390,10520,11390,477,-0.023993144815766976
2024-01-09,10500,11190,10500,11190,460,-0.017559262510974505
2024-01-10,10070,10900,10070,10500,151,-0.06166219839142095
2024-01-11,10780,10780,10100,10690,1103,0.018095238095238164
2024-01-12,10790,10790,10790,10790,1,0.009354536950420878
2024-01-15,10780,10780,10100,10640,317,-0.013901760889712733
2024-01-16,10000,10740,9530,10640,170,0.0
2024-01-17,11990,11990,9600,10910,1386,0.025375939849624052
2024-01-18,11000,12000,9710,10490,1438,-0.03849679193400546
2024-01-19,10990,12000,9700,11780,2203,0.12297426120114396
2024-01-22,11750,11750,10020,10050,2141,-0.1468590831918506
2024-01-23,10870,10880,9600,10490,182,0.04378109452736312
2024-01-24,10500,10890,10050,10880,1912,0.03717826501429933
2024-01-25,10880,11780,10050,10900,128,0.0018382352941177516
2024-01-26,11780,11780,10700,10700,112,-0.01834862385321101
2024-01-29,11770,11770,10000,10890,379,0.017757009345794383
2024-01-30,10880,10880,10880,10880,1,-0.0009182736455464191
2024-01-31,10550,10820,10550,10820,101,-0.005514705882352922
2024-02-01,10870,10870,10870,10870,1,0.004621072088724532
2024-02-02,10880,10880,10870,10880,21,0.0009199632014720294
2024-02-05,10550,10830,10550,10830,101,-0.004595588235294157
2024-02-06,10500,10830,10500,10820,102,-0.0009233610341643494
2024-02-07,10490,10780,10490,10780,102,-0.003696857670979714
2024-02-08,10870,10870,9170,9460,816,-0.12244897959183676
2024-02-13,9490,9980,9200,9940,607,0.05073995771670181
2024-02-14,10840,10840,8530,9470,1029,-0.04728370221327971
2024-02-15,10810,10820,9000,10280,30,0.08553326293558605
2024-02-16,9020,10160,9000,10080,115,-0.01945525291828798
2024-02-19,10500,10500,10500,10500,2,0.04166666666666674
2024-02-20,9960,9960,9490,9960,231,-0.05142857142857138
2024-02-21,9660,9960,9660,9960,105,0.0
2024-02-22,9660,10000,9660,10000,105,0.004016064257028162
2024-02-23,9700,10000,9690,10000,118,0.0
2024-02-26,9700,10000,9110,10000,356,0.0
2024-02-27,9970,10000,9970,10300,52,0.030000000000000027
2024-02-28,9990,10260,9990,10260,102,-0.003883495145631022
2024-02-29,9110,10890,9110,9900,339,-0.03508771929824561
2024-03-04,9900,11000,9900,11000,10,0.11111111111111116
2024-03-05,11000,12000,9500,10690,282,-0.028181818181818197
2024-03-06,10360,10600,10360,10600,101,-0.008419083255378879
2024-03-07,10280,10500,10280,10500,102,-0.009433962264150941
2024-03-08,10900,12000,10900,11680,7,0.11238095238095247
2024-03-11,11330,11330,11330,11330,91,-0.02996575342465757
2024-03-12,11390,11390,11390,11390,76,0.005295675198587757
2024-03-13,11040,11040,11040,11040,100,-0.030728709394205467
2024-03-14,10700,10850,10700,10850,101,-0.017210144927536253
2024-03-15,10700,10700,10700,10700,0,-0.01382488479262678
2024-03-18,11390,11390,10500,10500,2,-0.01869158878504673
2024-03-19,11390,11390,10150,11000,3,0.04761904761904767
2024-03-20,10670,10670,10670,10670,100,-0.030000000000000027
2024-03-21,11000,11390,9110,11140,608,0.04404873477038418
2024-03-22,11390,11390,11000,11000,11,-0.012567324955116699
2024-03-25,11390,11390,9480,9480,118,-0.13818181818181818
2024-03-26,10680,10680,10680,10680,1,0.12658227848101267
2024-03-27,9780,10900,9780,10900,205,0.020599250936329527
2024-03-28,9850,9850,9830,9830,101,-0.09816513761467893
2024-03-29,9830,9830,9810,9810,25,-0.0020345879959308144
2024-04-01,9810,9810,9810,9810,10,0.0
2024-04-02,11180,11180,11180,11180,1,0.1396534148827726
2024-04-03,10480,10510,10480,10510,100,-0.059928443649373886
2024-04-04,10190,10190,9960,9960,102,-0.05233111322549955
2024-04-05,11000,11300,10520,10520,3,0.05622489959839361
2024-04-08,10990,11000,10000,10460,39,-0.005703422053231932
2024-04-09,10140,10470,9490,10470,302,0.0009560229445506607
2024-04-11,10000,10400,9610,10400,202,-0.006685768863419317
2024-04-12,10080,10080,10080,10080,100,-0.03076923076923077
2024-04-15,9770,9870,8600,8710,392,-0.13591269841269837
2024-04-16,9800,9800,8720,9340,139,0.0723306544202067
2024-04-17,9940,9950,9940,9950,2,0.06531049250535337
2024-04-18,9650,9900,9570,9900,111,-0.005025125628140725
2024-04-19,9850,9850,9850,9850,50,-0.005050505050505083
2024-04-22,9550,9660,8400,9660,321,-0.019289340101522834
2024-04-23,9480,9480,9480,9480,6,-0.018633540372670843
2024-04-24,9460,9700,9460,9700,34,0.02320675105485237
2024-04-25,9400,9540,8260,8920,321,-0.08041237113402067
2024-04-26,9270,9270,9080,9160,74,0.026905829596412634
2024-04-29,10250,10260,10250,10260,3,0.12008733624454138
2024-04-30,11520,11600,10040,10040,3,-0.021442495126705707
2024-05-02,9730,9890,9730,9890,104,-0.014940239043824688
2024-05-03,9890,10300,9890,10300,51,0.04145601617795758
2024-05-07,9990,9990,9990,9990,101,-0.030097087378640808
2024-05-08,9000,10000,9000,9970,30,-0.002002002002001957
2024-05-09,9900,9900,9850,9850,26,-0.012036108324974926
2024-05-10,9800,11310,9800,11310,83,0.14822335025380706
2024-05-13,10470,10470,10470,10470,100,-0.07427055702917773
2024-05-14,11980,12030,9800,10190,15,-0.026743075453677156
2024-05-16,10950,10990,10490,10490,6,0.02944062806673209
2024-05-17,10170,10170,10160,10160,115,-0.03145853193517634
2024-05-20,10110,10110,10040,10040,5,-0.011811023622047223
2024-05-21,9800,9800,9800,9800,0,-0.0239043824701195
2024-05-22,10950,10990,10950,10990,10,0.12142857142857144
2024-05-23,10980,10990,10980,10990,38,0.0
2024-05-24,10990,11900,10560,10560,95,-0.03912647861692453
2024-05-27,9800,10530,9700,10000,89,-0.05303030303030298
2024-05-28,10500,10500,10450,10450,27,0.04499999999999993
2024-05-29,10400,11500,10400,11500,50,0.1004784688995215
2024-05-30,10990,11150,10510,10510,101,-0.08608695652173914
2024-05-31,10190,10450,9800,10450,201,-0.0057088487155090295
2024-06-03,9510,10350,8890,10290,176,-0.015311004784688942
2024-06-04,10290,11200,8750,10250,121,-0.0038872691933916625
2024-06-05,10140,10140,9990,9990,19,-0.025365853658536608
2024-06-07,9990,10490,9500,10260,11,0.027027027027026973
2024-06-10,10980,10990,10980,10990,3,0.07115009746588696
2024-06-11,10660,10660,10660,10660,100,-0.030027297543221088
2024-06-12,10490,10850,9800,10000,1103,-0.06191369606003749
2024-06-13,10980,10980,9700,9900,903,-0.010000000000000009
2024-06-14,10970,10970,10970,10970,4,0.108080808080808
2024-06-17,10000,10000,9500,9500,212,-0.1340018231540565
2024-06-18,9120,10500,9100,9400,279,-0.010526315789473717
2024-06-19,9600,9840,8600,9840,373,0.04680851063829783
2024-06-20,10000,11000,10000,11000,36,0.11788617886178865
2024-06-21,10900,11000,10500,11000,23,0.0
2024-06-24,10000,10000,9990,9990,19,-0.0918181818181818
2024-06-25,10500,11000,9610,10990,56,0.10010010010010006
2024-06-26,10000,10000,10000,10000,1,-0.09008189262966337
2024-06-27,10500,11000,10000,10000,5,0.0
2024-06-28,10500,11000,9800,10000,13,0.0
2024-07-01,10400,10400,10400,10400,1,0.040000000000000036
2024-07-02,10510,11000,10000,10000,106,-0.038461538461538436
2024-07-03,11000,11000,9990,9990,9,-0.0010000000000000009
2024-07-04,10500,10500,9300,9990,239,0.0
2024-07-05,10500,10900,10000,10900,23,0.09109109109109115
2024-07-08,10900,10900,9800,9990,10,-0.08348623853211012
2024-07-09,10000,11450,10000,10000,10,0.0010010010010010895
2024-07-10,10500,11000,9700,9990,118,-0.0010000000000000009
2024-07-11,10000,11480,10000,10000,22,0.0010010010010010895
2024-07-12,10500,11000,9800,10000,33,0.0
2024-07-15,10900,10900,10500,10800,3,0.08000000000000007
2024-07-16,10980,10990,10000,10000,9,-0.07407407407407407
2024-07-17,10510,10800,10510,10800,3,0.08000000000000007
2024-07-18,10000,10000,10000,10000,1,-0.07407407407407407
2024-07-19,10400,11000,9000,10000,81,0.0
2024-07-22,10000,11000,10000,10500,10,0.050000000000000044
2024-07-23,10000,10000,10000,10000,1,-0.04761904761904767
2024-07-24,10290,11000,9800,9990,117,-0.0010000000000000009
2024-07-25,10000,10000,9500,9500,81,-0.049049049049049054
2024-07-26,9800,10900,9600,10000,34,0.05263157894736836
2024-07-29,9700,9700,9500,9500,114,-0.050000000000000044
2024-07-30,9800,10000,9500,9500,154,0.0
2024-07-31,9900,10880,9500,9500,59,0.0
2024-08-01,9800,10700,9300,9500,40,0.0
2024-08-02,9800,9800,8110,9800,128,0.03157894736842115
2024-08-05,9800,10000,9800,10000,3,0.020408163265306145
2024-08-06,10000,10500,9200,10500,55,0.050000000000000044
2024-08-07,10000,10000,10000,10000,100,-0.04761904761904767
2024-08-08,9800,10000,9010,9400,170,-0.06000000000000005
2024-08-09,9800,10500,9600,9600,94,0.02127659574468077
2024-08-12,9800,10500,9500,9500,24,-0.01041666666666663
2024-08-13,9800,10000,9500,9500,14,0.0
2024-08-14,9800,9800,9500,9500,68,0.0
2024-08-16,9800,9990,9600,9600,11,0.010526315789473717
2024-08-19,9800,9800,9500,9500,13,-0.01041666666666663
2024-08-20,9800,10000,9500,9500,13,0.0
2024-08-21,9790,9790,9790,9790,1,0.030526315789473735
2024-08-22,9400,9690,8600,9500,68,-0.02962206332992845
2024-08-23,9600,9900,9600,9800,18,0.03157894736842115
2024-08-26,9500,9500,9500,9500,140,-0.030612244897959218
2024-08-27,9700,9700,9000,9400,51,-0.010526315789473717
2024-08-28,9590,9770,9500,9770,45,0.03936170212765955
2024-08-29,9770,10500,9770,10500,151,0.07471852610030716
2024-08-30,10180,10500,10180,10180,101,-0.030476190476190435
2024-09-02,10500,10500,10500,10500,1,0.03143418467583503
2024-09-03,10500,10500,10500,10500,1,0.0
2024-09-04,10500,10500,10500,10500,19,0.0
2024-09-05,10490,10500,10490,10500,2,0.0
2024-09-06,10500,10500,10490,10500,3,0.0
2024-09-09,10490,10500,10490,10500,2,0.0
2024-09-10,10180,10180,10180,10180,17,-0.030476190476190435
2024-09-11,10490,10500,10000,10500,5,0.03143418467583503
2024-09-12,10490,10490,10490,10490,0,-0.0009523809523809268
2024-09-13,10460,10460,10460,10460,0,-0.0028598665395614953
2024-09-19,10500,10500,10500,10500,1,0.003824091778202643
2024-09-20,10000,10300,9800,10300,28,-0.01904761904761909
2024-09-23,10400,10400,10400,10400,1,0.009708737864077666
2024-09-24,10400,10510,10400,10510,259,0.01057692307692304
2024-09-25,10500,10500,9900,10500,315,-0.0009514747859181716
2024-09-26,10500,10500,10500,10500,2,0.0
2024-09-27,10500,10500,10500,10500,18,0.0
2024-09-30,10000,10500,9800,10500,55,0.0
2024-10-02,10180,10400,10180,10400,101,-0.00952380952380949
2024-10-04,10500,10500,10500,10500,1,0.009615384615384581
2024-10-07,10000,10500,9900,10490,104,-0.0009523809523809268
2024-10-08,10490,10490,10490,10490,0,0.0
2024-10-10,10490,10500,10490,10500,16,0.0009532888465204614
2024-10-11,10180,10500,10180,10500,101,0.0
2024-10-14,10500,10500,10500,10500,2,0.0
2024-10-15,10180,10500,10180,10500,101,0.0
2024-10-16,10500,10500,10100,10500,70,0.0
2024-10-17,10000,10500,10000,10500,65,0.0
2024-10-18,10500,10500,9900,10500,445,0.0
2024-10-21,10000,10500,9900,10500,106,0.0
2024-10-22,10000,11500,10000,11500,569,0.09523809523809534
2024-10-23,11300,11400,11300,11400,21,-0.008695652173912993
2024-10-24,11000,11150,9900,11150,378,-0.021929824561403466
2024-10-25,11300,12500,11300,12000,37,0.07623318385650224
2024-10-28,12000,13000,11700,12700,50,0.05833333333333335
2024-10-29,12490,12500,12490,12500,100,-0.015748031496062964
2024-10-30,12000,12000,10630,11160,25,-0.10719999999999996
2024-10-31,11500,12000,11400,11400,10,0.021505376344086002
2024-11-01,11400,11700,9800,11290,91,-0.009649122807017574
2024-11-04,10500,11500,10500,11400,21,0.009743135518157642
2024-11-05,10500,12000,10000,12000,693,0.05263157894736836
2024-11-06,11500,11890,10200,11690,777,-0.025833333333333375
2024-11-07,11100,11990,9940,10700,248,-0.08468776732249783
2024-11-08,10790,10790,9910,10790,502,0.008411214953271129
2024-11-11,9900,11000,9500,10900,159,0.010194624652456019
2024-11-12,10500,11500,10000,11500,44,0.05504587155963292
2024-11-13,10500,11500,10400,11500,43,0.0
2024-11-14,11500,11990,11500,11900,4,0.034782608695652195
2024-11-15,11800,11800,11800,11800,1,-0.008403361344537785
2024-11-18,12000,12500,10030,12200,39,0.03389830508474567
2024-11-19,11000,12300,10370,12290,372,0.007377049180327777
2024-11-20,12300,12300,10450,10500,406,-0.14564686737184707
2024-11-21,11000,11500,10000,10500,232,0.0
2024-11-22,10000,11500,9600,11000,21,0.04761904761904767
2024-11-25,11000,12400,10000,11490,39,0.044545454545454444
2024-11-26,11890,11990,11500,11990,106,0.04351610095735414
2024-11-27,10500,12000,10200,11900,519,-0.007506255212677226
2024-11-28,11100,12500,10300,12500,256,0.050420168067226934
2024-11-29,12500,14000,12500,13500,326,0.08000000000000007
2024-12-02,13000,15000,12000,14500,78,0.07407407407407418
2024-12-03,14000,15000,12330,14990,185,0.03379310344827591
2024-12-04,14000,14990,12750,14990,14,0.0
2024-12-05,13500,14990,13000,14990,175,0.0
2024-12-06,14000,16000,13000,16000,530,0.06737825216811211
2024-12-09,15000,16500,13600,16500,975,0.03125
2024-12-10,15500,16470,14100,15590,382,-0.055151515151515174
2024-12-11,15000,15000,14500,15000,4,-0.03784477228992944
2024-12-12,15000,15400,13000,15400,1177,0.026666666666666616
2024-12-13,14500,16000,13100,13110,601,-0.14870129870129867
2024-12-16,14000,14000,12000,14000,395,0.06788710907704032
2024-12-17,14000,14000,13000,14000,9,0.0
2024-12-18,14000,15000,13500,13500,21,-0.0357142857142857
2024-12-19,14000,14990,12500,14490,191,0.07333333333333325
2024-12-20,14500,14990,14000,14500,5,0.0006901311249136732
2024-12-23,14000,15900,13100,14980,270,0.03310344827586209
2024-12-24,14500,15990,13140,15990,211,0.06742323097463276
2024-12-26,15000,15000,14500,14500,4,-0.09318323952470298
2024-12-27,14000,15500,14000,15500,50,0.06896551724137923
2024-12-30,15000,15500,13520,15500,198,0.0
2025-01-02,15000,15490,14100,15490,34,-0.000645161290322549
2025-01-03,14500,15490,13620,15490,345,0.0
2025-01-06,14500,14860,14500,14860,2,-0.04067140090380894
2025-01-07,14410,14840,14410,14840,101,-0.0013458950201884479
2025-01-08,14390,14680,14390,14680,101,-0.010781671159029615
2025-01-09,14840,14840,13700,13700,8,-0.06675749318801094
2025-01-10,15000,15000,14000,14450,33,0.054744525547445244
2025-01-13,13700,14500,13000,14490,569,0.0027681660899654403
2025-01-14,13500,13890,13500,13890,39,-0.04140786749482406
2025-01-15,13060,14450,13000,14450,454,0.0403167746580273
2025-01-16,13800,14850,13150,14850,434,0.02768166089965396
2025-01-17,14180,14200,13100,13100,392,-0.11784511784511786
2025-01-20,13100,13500,13100,13460,36,0.027480916030534264
2025-01-21,13450,13450,12550,13000,133,-0.034175334323922724
2025-01-22,13000,13500,11330,13500,556,0.03846153846153855
2025-01-23,13000,13940,12010,12900,388,-0.0444444444444444
2025-01-24,12700,14000,12000,13870,587,0.07519379844961249
2025-01-31,13870,13870,13870,13870,1,0.0
2025-02-03,13500,13500,13000,13190,30,-0.049026676279740444
2025-02-04,13190,15000,12110,13660,1138,0.0356330553449582
2025-02-05,12700,13650,12700,13650,105,-0.0007320644216690653
2025-02-06,13240,13650,12710,13650,404,0.0
2025-02-07,13000,14500,12730,13580,195,-0.00512820512820511
2025-02-10,13170,13540,13170,13500,33,-0.00589101620029453
2025-02-11,13170,13500,13090,13440,131,-0.004444444444444473
2025-02-12,13000,13350,12000,12300,837,-0.0848214285714286
2025-02-13,12150,12600,11530,12600,102,0.024390243902439046
2025-02-14,12600,12600,12000,12490,69,-0.0087301587301587
2025-02-17,12000,12990,11510,12990,240,0.04003202562049646
2025-02-18,12000,12990,11560,11650,358,-0.10315627405696692
2025-02-19,11650,11940,11650,11650,162,0.0
2025-02-20,11520,12470,11520,12390,5,0.06351931330472094
2025-02-21,11700,12480,11520,12480,3,0.007263922518159882
2025-02-24,11700,12400,11520,11520,15,-0.07692307692307687
2025-02-25,12180,12180,11500,12120,13,0.05208333333333326
2025-02-26,12140,12190,11500,12140,470,0.0016501650165017256
2025-02-27,11990,11990,11120,11980,91,-0.01317957166392092
2025-02-28,11500,11890,11500,11890,32,-0.0075125208681134925
2025-03-04,11500,11960,11000,11940,10,0.00420521446593769
2025-03-05,11500,11890,11500,11890,13,-0.0041876046901172526
2025-03-06,11540,11840,11530,11840,81,-0.004205214465937801
2025-03-07,11530,11940,11530,11940,2,0.008445945945946054
2025-03-10,11900,11900,11900,11900,5,-0.00335008375209378
2025-03-11,11540,11790,11540,11790,53,-0.009243697478991564
2025-03-12,11530,11930,11300,11850,175,0.0050890585241729624
2025-03-13,11300,11890,11100,11840,136,-0.0008438818565400519
2025-03-14,11890,11890,11890,11890,5,0.004222972972973027
2025-03-17,11850,11850,11000,11760,134,-0.010933557611438216
2025-03-18,11300,11750,11000,11750,105,-0.0008503401360544505
2025-03-19,11000,11740,11000,11740,66,-0.0008510638297872797
2025-03-20,11010,11700,10020,11700,78,-0.0034071550255536653
2025-03-21,11000,11000,9960,10050,908,-0.14102564102564108
2025-03-24,9800,11400,9800,11400,397,0.13432835820895517
2025-03-25,10500,11250,10300,11000,253,-0.03508771929824561
2025-03-26,10500,11000,10010,10930,182,-0.006363636363636349
2025-03-27,10600,10890,10020,10880,252,-0.0045745654162854255
2025-03-28,10020,11000,10010,11000,301,0.011029411764705843
2025-03-31,10010,10990,10010,10990,101,-0.0009090909090908594
2025-04-01,10500,11380,10110,11380,157,0.035486806187443154
2025-04-02,11380,11450,10300,11360,15,-0.0017574692442882123
2025-04-03,11360,11370,10000,11370,134,0.0008802816901407606
2025-04-04,11030,11030,10500,11000,122,-0.03254177660510116
2025-04-07,11000,11280,10000,11000,210,0.0
2025-04-08,10900,10900,10500,10500,10,-0.045454545454545414
2025-04-09,11000,11200,11000,11200,12,0.06666666666666665
2025-04-10,11190,11190,10000,11190,84,-0.0008928571428571397
2025-04-11,10850,11490,10850,11490,160,0.02680965147453085
2025-04-14,10500,11490,10010,11300,1659,-0.01653611836379465
2025-04-15,10500,11490,10500,11480,47,0.015929203539823078
2025-04-16,11480,11490,10400,11490,146,0.0008710801393727596
2025-04-17,10500,10950,10150,10950,271,-0.04699738903394257
2025-04-18,10500,10790,10500,10790,32,-0.014611872146118698
2025-04-21,10500,10860,10020,10860,568,0.006487488415199305
2025-04-22,10530,10850,10530,10850,101,-0.0009208103130755596
2025-04-23,10300,10450,10160,10450,172,-0.03686635944700456
2025-04-24,10450,12000,10110,11000,356,0.05263157894736836
2025-04-25,10500,10500,10100,10490,1183,-0.046363636363636385
2025-04-28,10490,10490,10110,10110,15,-0.036224976167778866
2025-04-29,10900,10900,10900,10900,1,0.0781404549950544
2025-04-30,10300,11000,10000,10500,680,-0.03669724770642202
2025-05-02,10300,10450,10100,10450,241,-0.004761904761904745
2025-05-07,10130,10440,10130,10440,50,-0.000956937799043045
2025-05-08,10720,10720,10720,10720,30,0.026819923371647514
2025-05-09,10390,10960,10190,10960,106,0.02238805970149249
2025-05-12,10940,10940,10940,10940,0,-0.0018248175182481452
2025-05-13,10900,10900,10110,10600,242,-0.031078610603290646
2025-05-14,10300,10300,10020,10190,170,-0.038679245283018915
2025-05-15,10000,10000,10000,10000,100,-0.018645731108930308
2025-05-16,10300,11000,9700,10950,559,0.09499999999999997
2025-05-19,10500,11300,10000,10970,275,0.0018264840182649067
2025-05-20,10490,10500,10000,10480,933,-0.04466727438468554
2025-05-21,10500,11980,10000,11290,1051,0.07729007633587792
2025-05-22,11000,11000,10740,10740,2,-0.04871567759078832
2025-05-23,11490,11490,10100,10490,231,-0.02327746741154557
2025-05-26,10100,10390,10000,10390,241,-0.009532888465204947
2025-05-27,10300,10300,10300,10300,2,-0.008662175168431152
2025-05-28,10300,10300,10000,10300,184,0.0
2025-05-29,10270,10270,10270,10270,1,-0.002912621359223322
2025-05-30,10100,11000,10020,11000,290,0.07108081791626097
2025-06-02,10500,10500,10150,10380,223,-0.056363636363636394
2025-06-04,10380,10380,10050,10350,151,-0.0028901734104046506
2025-06-05,10340,10340,10340,10340,0,-0.0009661835748792091
2025-06-09,10120,10120,10120,10120,0,-0.021276595744680882
2025-06-10,10120,10900,10050,10280,144,0.015810276679841806
2025-06-11,10280,10280,10280,10280,8,0.0
2025-06-12,10050,10270,10000,10270,372,-0.0009727626459143934
2025-06-13,10140,10140,10140,10140,0,-0.012658227848101222
2025-06-16,10140,10140,10140,10140,1,0.0
2025-06-17,10010,10210,9700,10200,425,0.00591715976331364
2025-06-18,10000,10090,10000,10090,105,-0.010784313725490158
2025-06-19,10000,10100,10000,10100,24,0.0009910802775023875
2025-06-20,10000,10000,9600,10000,210,-0.00990099009900991
2025-06-23,10000,10200,9700,10150,128,0.014999999999999902
2025-06-24,10150,10200,9800,10190,303,0.003940886699507429
2025-06-25,10000,10190,10000,10190,13,0.0
2025-06-26,10190,10190,10180,10180,3,-0.0009813542688911214
2025-06-27,10150,10150,10140,10150,71,-0.0029469548133594925
2025-06-30,10150,10150,10140,10140,50,-0.0009852216748768017
2025-07-01,10140,10140,10120,10120,3,-0.0019723865877712132
2025-07-02,10500,11300,10490,11300,523,0.11660079051383399
2025-07-03,11300,11380,10500,11380,180,0.0070796460176991705
2025-07-04,11300,11300,11300,11300,0,-0.007029876977152849
2025-07-07,11300,11300,11300,11300,1,0.0
2025-07-08,10510,11200,10300,11180,101,-0.010619469026548645
2025-07-09,11180,11180,10300,11180,59,0.0
2025-07-10,11180,11190,11180,11190,11,0.0008944543828264262
2025-07-11,11180,11180,11180,11180,0,-0.0008936550491510653
2025-07-14,11180,11180,11180,11180,1,0.0
2025-07-15,10510,11180,10510,11180,3,0.0
2025-07-16,11220,11220,11200,11200,2,0.0017889087656528524
2025-07-17,10510,11130,10300,11130,164,-0.006249999999999978
2025-07-18,11000,11300,10300,10900,309,-0.020664869721473522
2025-07-21,10900,10950,10900,10950,11,0.004587155963302836
2025-07-22,10960,11300,10400,11300,203,0.03196347031963476
2025-07-23,11300,11690,11300,11690,107,0.03451327433628326
2025-07-24,11300,11330,11300,11330,100,-0.030795551753635575
2025-07-25,11490,11500,10610,11500,242,0.015004413062665423
2025-07-28,11400,11810,11150,11150,150,-0.0304347826086957
2025-07-29,11000,12000,11000,12000,13,0.07623318385650224
2025-07-30,11500,11500,10500,11500,248,-0.04166666666666663
2025-07-31,10500,11280,10500,11000,111,-0.04347826086956519
2025-08-01,10670,10890,10670,10890,101,-0.010000000000000009
2025-08-04,10800,10800,10800,10800,25,-0.008264462809917328
2025-08-05,11090,11090,11090,11090,4,0.026851851851851904
2025-08-06,11090,11100,11090,11100,40,0.0009017132551849549
2025-08-07,11100,12000,11100,12000,6,0.08108108108108114
2025-08-08,11800,13000,11500,13000,25,0.08333333333333326
2025-08-11,12500,12500,12500,12500,6,-0.038461538461538436
2025-08-12,12490,12500,12120,12120,321,-0.030399999999999983
2025-08-13,12000,12500,12000,12500,20,0.031353135313531455
2025-08-14,12790,12790,12700,12700,44,0.016000000000000014
2025-08-18,12790,12790,12700,12790,20,0.007086614173228423
2025-08-19,12800,13490,12000,13390,97,0.04691164972634865
2025-08-20,13300,13500,13300,13500,455,0.00821508588498876
2025-08-21,13000,13390,12510,13390,102,-0.008148148148148127
2025-08-22,12510,13390,12500,13390,64,0.0
2025-08-25,12500,12500,12500,12500,11,-0.06646751306945486
2025-08-26,13000,13400,13000,13400,23,0.07200000000000006
2025-08-27,13400,13990,13000,13990,179,0.04402985074626864
2025-08-28,12600,13990,12600,13990,58,0.0
2025-08-29,13700,14000,12500,14000,225,0.0007147962830593713
2025-09-01,13700,15500,13700,14000,17,0.0
2025-09-02,13000,14000,13000,14000,11,0.0
2025-09-03,13500,15000,13500,15000,25,0.0714285714285714
2025-09-04,15000,15200,13500,14790,90,-0.014000000000000012
2025-09-05,14000,14680,13000,14680,493,-0.007437457741717335
2025-09-08,14200,15000,13550,13990,13,-0.04700272479564027
2025-09-09,14000,15000,13000,15000,89,0.07219442458899206
2025-09-10,14300,14300,13010,14300,44,-0.046666666666666634
2025-09-11,14600,14600,14600,14600,10,0.020979020979021046
2025-09-12,14600,15500,14600,15500,12,0.06164383561643838
2025-09-15,14500,15500,13900,15500,241,0.0
2025-09-16,15030,15930,14500,15930,118,0.02774193548387105
2025-09-17,16500,16500,15500,16300,17,0.02322661644695545
2025-09-18,15950,16250,15950,16250,13,-0.0030674846625766694
2025-09-19,16300,16310,16000,16300,108,0.003076923076922977
2025-09-22,15810,16490,14000,16490,55,0.011656441717791344
2025-09-23,15990,16490,15990,16490,114,0.0
2025-09-24,15990,16400,15500,16400,112,-0.00545785324439052
2025-09-25,16300,16300,16300,16300,0,-0.0060975609756097615
2025-09-26,15900,16390,15900,16390,6,0.005521472392638005
2025-09-29,15890,16350,15890,15890,108,-0.030506406345332526
2025-09-30,15500,16380,15000,16380,93,0.03083700440528636
2025-10-01,16380,16380,16380,16380,6,0.0
2025-10-02,16350,16800,15100,16000,241,-0.023199023199023228
2025-10-10,16600,16600,15540,16500,44,0.03125
2025-10-13,15550,16400,15500,16400,47,-0.0060606060606061
2025-10-14,16800,16800,16800,16800,1,0.024390243902439046
2025-10-15,15910,16790,15910,16700,152,-0.005952380952380931
2025-10-16,16700,16760,15850,16760,14,0.00359281437125758
2025-10-17,15850,15850,15520,15560,275,-0.0715990453460621
2025-10-20,15500,15980,15090,15980,185,0.02699228791773778
2025-10-21,15960,16000,15500,15980,189,0.0
2025-10-22,15510,16430,15500,16430,217,0.02816020025031296
2025-10-23,15500,16300,15500,16300,187,-0.00791235544735236
2025-10-24,15510,16000,15000,16000,340,-0.018404907975460127
2025-10-27,15500,16000,15300,16000,143,0.0
2025-10-28,15500,15950,15200,15950,279,-0.0031250000000000444
2025-10-29,15940,15950,15100,15890,396,-0.0037617554858934144
2025-10-30,15840,15840,15840,15840,0,-0.003146633102580232
2025-10-31,15360,15780,15110,15760,119,-0.005050505050505083
2025-11-03,15280,15680,15280,15680,120,-0.005076142131979711
2025-11-04,15750,15750,15020,15680,364,0.0
2025-11-05,15020,15730,15010,15730,237,0.0031887755102040227
2025-11-06,15260,15730,14000,15730,268,0.0
2025-11-07,15700,15730,15000,15730,205,0.0
2025-11-10,15250,15700,15250,15700,102,-0.00190718372536558
2025-11-11,15690,15690,15500,15690,18,-0.0006369426751592355
2025-11-12,15010,18000,15000,17000,100,0.08349267049075837
2025-11-13,16800,19000,16800,17970,39,0.05705882352941183
2025-11-14,17000,18500,15300,16790,582,-0.0656649972175849
2025-11-17,16000,16790,15020,16300,400,-0.029184038117927358
2025-11-18,15810,15990,15010,15990,201,-0.01901840490797546
2025-11-19,15010,15700,15010,15700,232,-0.01813633520950597
