Date,Open,High,Low,Close,Volume,Change
2022-01-03,4160,4220,4135,4200,587061,0.020656136087484844
2022-01-04,4265,4370,4195,4200,1457105,0.0
2022-01-05,4205,4205,4125,4155,565848,-0.010714285714285676
2022-01-06,4020,4115,3940,3940,836793,-0.05174488567990376
2022-01-07,3925,4160,3925,3990,652261,0.012690355329949332
2022-01-10,3945,3990,3870,3880,496685,-0.027568922305764465
2022-01-11,3885,3885,3695,3720,591536,-0.04123711340206182
2022-01-12,3740,4250,3740,3915,5567693,0.05241935483870974
2022-01-13,3945,4080,3900,3900,1239324,-0.003831417624521105
2022-01-14,3880,3900,3785,3785,513918,-0.029487179487179493
2022-01-17,3775,3925,3735,3750,601604,-0.009247027741083214
2022-01-18,3730,3830,3695,3770,551138,0.005333333333333412
2022-01-19,3675,3715,3655,3655,357483,-0.0305039787798409
2022-01-20,3615,3700,3610,3685,387720,0.008207934336525335
2022-01-21,3650,3710,3605,3630,272083,-0.014925373134328401
2022-01-24,3600,3600,3385,3450,489884,-0.04958677685950408
2022-01-25,3460,3530,3210,3235,570202,-0.062318840579710155
2022-01-26,3175,3440,3125,3335,619626,0.03091190108191655
2022-01-27,3335,3460,3095,3135,1641219,-0.05997001499250376
2022-01-28,3090,3340,3025,3235,1088073,0.03189792663476876
2022-02-03,3290,3430,3265,3330,516340,0.029366306027820643
2022-02-04,3330,3800,3300,3455,3931679,0.037537537537537524
2022-02-07,3455,3560,3410,3440,612710,-0.00434153400868309
2022-02-08,3430,3520,3255,3395,457390,-0.013081395348837233
2022-02-09,3430,3540,3430,3510,528187,0.03387334315169377
2022-02-10,3555,3555,3450,3455,304650,-0.015669515669515688
2022-02-11,3420,3520,3370,3420,268163,-0.01013024602026047
2022-02-14,3325,3430,3270,3285,612363,-0.03947368421052633
2022-02-15,3320,3805,3215,3220,6005239,-0.019786910197869156
2022-02-16,3310,3480,3310,3420,898348,0.06211180124223592
2022-02-17,3400,3510,3305,3375,790811,-0.013157894736842146
2022-02-18,3355,3535,3350,3505,695448,0.03851851851851862
2022-02-21,3440,3510,3425,3495,277248,-0.0028530670470755526
2022-02-22,3415,3485,3310,3325,445734,-0.048640915593705314
2022-02-23,3350,3365,3275,3340,322388,0.004511278195488799
2022-02-24,3315,3340,3115,3125,527694,-0.06437125748502992
2022-02-25,3380,3380,3160,3165,594280,0.012799999999999923
2022-02-28,3170,3385,3150,3165,840113,0.0
2022-03-02,3165,3245,3150,3230,171300,0.020537124802527673
2022-03-03,3280,3370,3210,3285,254631,0.017027863777089758
2022-03-04,3245,3295,3215,3240,168455,-0.013698630136986356
2022-03-07,3150,3215,3100,3100,213138,-0.043209876543209846
2022-03-08,3020,3115,3005,3025,200739,-0.024193548387096753
2022-03-10,3060,3115,3050,3050,119458,0.008264462809917328
2022-03-11,3040,3110,3015,3100,169788,0.016393442622950838
2022-03-14,3065,3100,2975,3040,292649,-0.01935483870967747
2022-03-15,3005,3180,3000,3010,466885,-0.009868421052631526
2022-03-16,3015,3125,3015,3090,271495,0.02657807308970095
2022-03-17,3205,3220,3095,3140,585315,0.016181229773462702
2022-03-18,3140,3230,3110,3190,297967,0.015923566878981
2022-03-21,3205,3265,3170,3210,288654,0.006269592476489061
2022-03-22,3170,3230,3165,3210,110938,0.0
2022-03-23,3285,3285,3205,3210,240357,0.0
2022-03-24,3190,3245,3175,3230,233521,0.006230529595015577
2022-03-25,3280,3280,3205,3215,137768,-0.004643962848297267
2022-03-28,3205,3205,3100,3140,137079,-0.023328149300155476
2022-03-29,3160,3175,3095,3125,175064,-0.004777070063694322
2022-03-30,3350,3410,3205,3275,1651962,0.04800000000000004
2022-03-31,3255,3320,3230,3290,231927,0.004580152671755711
2022-04-01,3320,3320,3205,3210,176611,-0.024316109422492405
2022-04-04,3210,3245,3160,3220,140932,0.0031152647975076775
2022-04-05,3245,3365,3230,3265,273068,0.013975155279503104
2022-04-06,3265,3275,3190,3190,171093,-0.02297090352220521
2022-04-07,3195,3205,3050,3105,256260,-0.026645768025078342
2022-04-08,3105,3125,3050,3095,129038,-0.0032206119162641045
2022-04-11,3065,3160,3065,3080,194873,-0.004846526655896577
2022-04-12,3025,3095,2975,2995,332679,-0.02759740259740262
2022-04-13,2995,3065,2990,3050,146521,0.01836393989983298
2022-04-14,3045,3200,3045,3085,177183,0.011475409836065653
2022-04-15,3070,3070,3040,3070,107930,-0.004862236628849326
2022-04-18,3040,3065,2985,3000,240599,-0.0228013029315961
2022-04-19,2995,3025,2985,3020,121813,0.006666666666666599
2022-04-20,3010,3080,3010,3070,128770,0.01655629139072845
2022-04-21,3055,3105,3055,3070,127745,0.0
2022-04-22,3045,3050,2975,3010,167551,-0.019543973941368087
2022-04-25,2955,3000,2895,2900,188033,-0.03654485049833889
2022-04-26,2910,2950,2900,2950,112000,0.01724137931034475
2022-04-27,2885,2885,2780,2840,162310,-0.037288135593220306
2022-04-28,2840,2875,2770,2800,139750,-0.014084507042253502
2022-04-29,2790,2890,2790,2855,76770,0.019642857142857073
2022-05-02,2775,2900,2775,2900,117584,0.015761821366024442
2022-05-03,2900,2950,2885,2930,79618,0.010344827586206806
2022-05-04,2905,2980,2905,2930,127931,0.0
2022-05-06,2930,2930,2780,2890,104659,-0.013651877133105783
2022-05-09,2875,2875,2755,2785,195047,-0.03633217993079585
2022-05-10,2730,2745,2585,2700,216526,-0.030520646319569078
2022-05-11,2670,2770,2670,2725,111165,0.0092592592592593
2022-05-12,2725,3375,2620,3090,19459697,0.13394495412844032
2022-05-13,3555,3600,3005,3040,7979886,-0.016181229773462813
2022-05-16,3175,3230,3070,3075,1490599,0.011513157894736947
2022-05-17,3080,3275,3080,3080,2765364,0.001626016260162677
2022-05-18,3160,3460,3110,3220,7949682,0.045454545454545414
2022-05-19,3135,3215,3120,3130,847574,-0.02795031055900621
2022-05-20,3185,3205,3110,3130,736529,0.0
2022-05-23,3130,3135,3050,3060,1070159,-0.022364217252396124
2022-05-24,3400,3480,3090,3090,5849079,0.009803921568627416
2022-05-25,3140,3595,3105,3275,17872148,0.0598705501618122
2022-05-26,3255,3265,3130,3150,1441251,-0.03816793893129766
2022-05-27,3195,3235,3100,3110,909485,-0.012698412698412653
2022-05-30,3100,3205,3045,3185,845115,0.02411575562700974
2022-05-31,3170,3220,3160,3180,392936,-0.0015698587127158659
2022-06-02,3165,3330,3150,3270,932307,0.028301886792452935
2022-06-03,3250,3355,3250,3330,912364,0.0183486238532109
2022-06-07,3310,3330,3210,3215,392020,-0.03453453453453459
2022-06-08,3205,3265,3190,3200,353857,-0.004665629860031051
2022-06-09,3180,3205,3045,3130,295693,-0.021874999999999978
2022-06-10,3070,3280,3015,3030,992064,-0.03194888178913735
2022-06-13,2905,3210,2870,2880,1463074,-0.04950495049504955
2022-06-14,2815,2840,2700,2815,372181,-0.02256944444444442
2022-06-15,2750,2815,2650,2655,399616,-0.056838365896980436
2022-06-16,2670,2780,2660,2690,221470,0.013182674199623268
2022-06-17,2600,3210,2525,2815,10691135,0.04646840148698894
2022-06-20,2830,2835,2655,2675,749316,-0.04973357015985791
2022-06-21,2685,2870,2675,2720,740705,0.016822429906542036
2022-06-22,2730,2750,2495,2500,502536,-0.08088235294117652
2022-06-23,2500,2530,2200,2200,617240,-0.12
2022-06-24,2150,2395,2150,2350,363047,0.06818181818181812
2022-06-27,2375,2575,2375,2505,470275,0.06595744680851068
2022-06-28,2500,2565,2465,2505,106194,0.0
2022-06-29,2415,2570,2415,2510,138460,0.001996007984031989
2022-06-30,2490,2530,2425,2430,143466,-0.031872509960159334
2022-07-01,2500,2505,2360,2375,170377,-0.02263374485596703
2022-07-04,2375,2430,2230,2280,159265,-0.040000000000000036
2022-07-05,2305,2435,2300,2415,134279,0.05921052631578938
2022-07-06,2420,2490,2360,2390,82778,-0.010351966873705987
2022-07-07,2625,2625,2405,2420,365085,0.012552301255230214
2022-07-08,2490,2500,2430,2450,153661,0.012396694214876103
2022-07-11,2495,3185,2485,2950,11238010,0.20408163265306123
2022-07-12,2905,2940,2800,2815,1409564,-0.045762711864406724
2022-07-13,2810,2845,2705,2805,855915,-0.003552397868561319
2022-07-14,2745,3265,2715,3005,15463661,0.071301247771836
2022-07-15,3020,3030,2890,2890,1681293,-0.038269550748752046
2022-07-18,2890,2930,2865,2910,593100,0.006920415224913601
2022-07-19,2880,2940,2860,2915,630789,0.0017182130584192379
2022-07-20,2935,2970,2900,2905,558529,-0.0034305317324184736
2022-07-21,2930,2930,2865,2910,329424,0.001721170395869276
2022-07-22,3200,3780,3185,3275,22448771,0.1254295532646048
2022-07-25,3300,3335,3210,3210,1922549,-0.01984732824427482
2022-07-26,3210,3265,3120,3155,1290407,-0.01713395638629278
2022-07-27,3125,3190,3060,3100,764053,-0.017432646592709933
2022-07-28,3135,3160,3075,3080,709498,-0.006451612903225823
2022-07-29,3130,3170,3060,3085,626968,0.0016233766233766378
2022-08-01,3090,3150,3065,3135,475835,0.01620745542949753
2022-08-02,3135,3145,3040,3055,459200,-0.02551834130781494
2022-08-03,3080,3200,3065,3145,901852,0.029459901800327426
2022-08-04,3150,3235,3130,3195,858753,0.015898251192368873
2022-08-05,3215,3220,3135,3145,340525,-0.015649452269170583
2022-08-08,3145,3455,3085,3230,5830224,0.027027027027026973
2022-08-09,3275,3295,3155,3195,739505,-0.010835913312693513
2022-08-10,3245,3365,3205,3210,3297041,0.0046948356807512415
2022-08-11,3270,3270,3210,3230,374730,0.006230529595015577
2022-08-12,3230,3230,3160,3165,382081,-0.020123839009287936
2022-08-16,3195,3230,3160,3160,254860,-0.0015797788309637184
2022-08-17,3125,3180,3105,3130,244363,-0.009493670886076
2022-08-18,3095,3125,3030,3050,315381,-0.025559105431309903
2022-08-19,3050,3095,3020,3020,165691,-0.00983606557377048
2022-08-22,2950,3235,2940,2970,629182,-0.01655629139072845
2022-08-23,2925,3040,2885,2985,206454,0.005050505050504972
2022-08-24,2990,3020,2950,2965,178389,-0.00670016750418756
2022-08-25,2955,3040,2955,3025,169588,0.02023608768971341
2022-08-26,3015,3055,2965,2965,195744,-0.01983471074380161
2022-08-29,2825,2900,2815,2855,161458,-0.03709949409780777
2022-08-30,2860,2935,2855,2895,132507,0.014010507880910739
2022-08-31,2850,2930,2850,2905,59185,0.003454231433505983
2022-09-01,2870,2950,2870,2890,74444,-0.005163511187607606
2022-09-02,2910,2925,2860,2870,78590,-0.00692041522491349
2022-09-05,2855,2920,2810,2810,134641,-0.020905923344947785
2022-09-06,2770,2875,2750,2870,90014,0.021352313167259718
2022-09-07,2900,2910,2800,2805,124120,-0.022648083623693416
2022-09-08,2805,2885,2805,2815,71578,0.0035650623885918886
2022-09-13,2985,3280,2910,2995,3616330,0.06394316163410307
2022-09-14,2880,2950,2835,2910,248482,-0.028380634390651083
2022-09-15,2955,2955,2880,2885,291820,-0.00859106529209619
2022-09-16,2880,2925,2845,2870,171466,-0.005199306759098743
2022-09-19,2855,2870,2760,2775,175816,-0.0331010452961672
2022-09-20,2775,3410,2750,3340,24313073,0.20360360360360352
2022-09-21,3580,3615,3360,3385,11825893,0.013473053892215647
2022-09-22,3355,3715,3350,3440,14709247,0.01624815361890697
2022-09-23,3510,3580,3160,3395,5963252,-0.013081395348837233
2022-09-26,3685,3820,3160,3200,19036279,-0.05743740795287189
2022-09-27,3150,3180,2885,3105,4096288,-0.029687499999999978
2022-09-28,3270,3290,2850,2850,3688394,-0.08212560386473433
2022-09-29,2890,2995,2750,2760,1710568,-0.03157894736842104
2022-09-30,2690,2750,2570,2590,1443153,-0.061594202898550776
2022-10-04,2610,2700,2585,2690,1553970,0.03861003861003853
2022-10-05,2950,3270,2890,2995,20086419,0.11338289962825288
2022-10-06,2995,3065,2970,3065,2481066,0.023372287145241977
2022-10-07,3050,3145,2970,2975,2376239,-0.029363784665579096
2022-10-11,2855,2860,2730,2800,838449,-0.05882352941176472
2022-10-12,2770,2815,2685,2695,954566,-0.03749999999999998
2022-10-13,2810,2840,2590,2600,1361012,-0.03525046382189234
2022-10-14,2740,3010,2675,2805,5498594,0.07884615384615379
2022-10-17,2660,2815,2650,2800,783314,-0.0017825311942959443
2022-10-18,2855,2920,2810,2880,1308993,0.02857142857142847
2022-10-19,2910,2945,2800,2850,846403,-0.01041666666666663
2022-10-20,2850,2875,2715,2750,641345,-0.03508771929824561
2022-10-21,2705,2750,2655,2660,458652,-0.032727272727272716
2022-10-24,2695,2735,2650,2655,334103,-0.001879699248120259
2022-10-25,2655,2690,2610,2685,342816,0.011299435028248483
2022-10-26,2775,2780,2650,2660,1033917,-0.009310986964618295
2022-10-27,2640,2725,2640,2670,394185,0.003759398496240518
2022-10-28,2700,2745,2635,2645,399153,-0.009363295880149836
2022-10-31,2670,2720,2660,2710,260141,0.02457466918714557
2022-11-01,2695,2780,2695,2750,399506,0.014760147601476037
2022-11-02,2730,2810,2720,2780,475090,0.01090909090909098
2022-11-03,2710,2800,2660,2745,320160,-0.01258992805755399
2022-11-04,2720,2770,2685,2755,220684,0.0036429872495447047
2022-11-07,2755,2825,2745,2810,367807,0.019963702359346636
2022-11-08,2795,2830,2765,2810,385137,0.0
2022-11-09,2805,2845,2775,2815,267089,0.001779359430605032
2022-11-10,2785,2790,2720,2735,313877,-0.028419182948490218
2022-11-11,2835,2850,2765,2775,541017,0.014625228519195677
2022-11-14,2785,2825,2780,2790,284446,0.00540540540540535
2022-11-15,2755,2825,2750,2775,307547,-0.005376344086021501
2022-11-16,2785,2785,2690,2710,291108,-0.023423423423423406
2022-11-17,2710,2710,2655,2670,219593,-0.014760147601476037
2022-11-18,2655,2690,2655,2660,151903,-0.0037453183520599342
2022-11-21,2660,2670,2580,2600,259182,-0.022556390977443663
2022-11-22,2590,2625,2580,2585,108278,-0.005769230769230749
2022-11-23,2615,2635,2590,2615,115301,0.011605415860735047
2022-11-24,2645,2680,2640,2660,104395,0.017208413001912115
2022-11-25,2670,2800,2645,2705,1078632,0.016917293233082775
2022-11-28,2685,2715,2620,2620,298022,-0.031423290203327126
2022-11-29,2620,2680,2620,2645,129331,0.009541984732824416
2022-11-30,2635,2685,2610,2680,142137,0.013232514177693666
2022-12-01,2745,2745,2670,2680,186378,0.0
2022-12-02,2690,2690,2630,2650,99877,-0.011194029850746245
2022-12-05,2645,2680,2615,2620,120382,-0.01132075471698113
2022-12-06,2590,2670,2580,2595,112210,-0.009541984732824416
2022-12-07,2550,2580,2505,2505,251592,-0.034682080924855474
2022-12-08,2505,2515,2395,2415,332435,-0.0359281437125748
2022-12-09,2430,2455,2405,2430,111795,0.006211180124223503
2022-12-12,2410,2440,2395,2410,89077,-0.008230452674897082
2022-12-13,2405,2455,2405,2425,66536,0.006224066390041472
2022-12-14,2430,2500,2420,2460,131342,0.014432989690721598
2022-12-15,2485,2485,2445,2475,43375,0.0060975609756097615
2022-12-16,2410,2530,2410,2505,92400,0.0121212121212122
2022-12-19,2485,2500,2455,2460,66622,-0.017964071856287456
2022-12-20,2430,2490,2370,2370,124223,-0.03658536585365857
2022-12-21,2370,2400,2295,2300,148901,-0.029535864978902926
2022-12-22,2370,2925,2330,2610,20053775,0.13478260869565228
2022-12-23,2580,2610,2530,2610,1393994,0.0
2022-12-26,2550,2550,2395,2395,1152174,-0.0823754789272031
2022-12-27,2350,2430,2350,2375,441658,-0.008350730688935326
2022-12-28,2375,2410,2340,2370,248853,-0.002105263157894721
2022-12-29,2385,2400,2320,2325,304994,-0.01898734177215189
2023-01-02,2320,2345,2205,2230,373433,-0.04086021505376347
2023-01-03,2220,2265,2090,2220,335926,-0.004484304932735439
2023-01-04,2195,2275,2185,2250,189944,0.013513513513513598
2023-01-05,2250,2385,2240,2280,584165,0.01333333333333342
2023-01-06,2260,2355,2250,2320,192444,0.01754385964912286
2023-01-09,2330,2390,2330,2375,107995,0.0237068965517242
2023-01-10,2365,2410,2355,2370,175673,-0.002105263157894721
2023-01-11,2370,2400,2355,2390,161903,0.00843881856540074
2023-01-12,2395,2465,2365,2440,323337,0.02092050209205021
2023-01-13,2480,2480,2410,2420,146364,-0.008196721311475419
2023-01-16,2425,2425,2360,2385,111475,-0.01446280991735538
2023-01-17,2390,2550,2375,2375,1122198,-0.004192872117400381
2023-01-18,2370,2405,2345,2345,185587,-0.012631578947368438
2023-01-19,2325,2365,2305,2330,104388,-0.006396588486140775
2023-01-20,2320,2350,2320,2330,62094,0.0
2023-01-25,2400,2460,2360,2385,129869,0.023605150214592197
2023-01-26,2410,2410,2380,2410,222594,0.01048218029350112
2023-01-27,2410,2460,2390,2400,165362,-0.004149377593360981
2023-01-30,2450,2500,2400,2405,274287,0.002083333333333437
2023-01-31,2460,2460,2400,2415,203769,0.004158004158004047
2023-02-01,2440,2465,2405,2425,199615,0.0041407867494824835
2023-02-02,2440,2470,2435,2455,178283,0.012371134020618513
2023-02-03,2455,2470,2430,2445,149456,-0.004073319755600768
2023-02-06,2430,2455,2410,2445,160538,0.0
2023-02-07,2455,2455,2425,2450,107651,0.002044989775051187
2023-02-08,2460,2530,2440,2450,455359,0.0
2023-02-09,2450,2455,2425,2430,136669,-0.008163265306122436
2023-02-10,2430,2430,2365,2380,112830,-0.020576131687242816
2023-02-13,2380,2380,2330,2360,92837,-0.008403361344537785
2023-02-14,2340,2385,2340,2360,100476,0.0
2023-02-15,2380,2420,2300,2300,190614,-0.025423728813559365
2023-02-16,2305,2375,2305,2355,117830,0.023913043478260843
2023-02-17,2420,2480,2360,2370,770391,0.006369426751592355
2023-02-20,2390,2405,2340,2385,131856,0.006329113924050667
2023-02-21,2380,2410,2365,2400,160146,0.0062893081761006275
2023-02-22,2380,2380,2315,2330,155636,-0.029166666666666674
2023-02-23,2330,2370,2320,2340,98090,0.0042918454935623185
2023-02-24,2330,2405,2305,2375,254173,0.014957264957264904
2023-02-27,2330,2375,2320,2325,121178,-0.021052631578947323
2023-02-28,2335,2340,2315,2320,126655,-0.0021505376344086446
2023-03-02,2310,2325,2300,2310,102567,-0.004310344827586188
2023-03-03,2305,2320,2270,2300,157064,-0.0043290043290042934
2023-03-06,2300,2330,2260,2325,181920,0.010869565217391353
2023-03-07,2360,2470,2350,2370,979738,0.019354838709677358
2023-03-08,2335,2385,2330,2370,203404,0.0
2023-03-09,2355,2380,2310,2330,175378,-0.016877637130801704
2023-03-10,2285,2300,2260,2270,172400,-0.025751072961373356
2023-03-13,2230,2260,2160,2250,170226,-0.008810572687224627
2023-03-14,2215,2305,2140,2140,183870,-0.04888888888888887
2023-03-15,2165,2215,2160,2170,58384,0.014018691588784993
2023-03-16,2135,2190,2060,2190,137300,0.009216589861751112
2023-03-17,2170,2210,2170,2200,96787,0.004566210045662045
2023-03-20,2180,2240,2180,2225,53002,0.011363636363636465
2023-03-21,2220,2255,2185,2210,66211,-0.006741573033707815
2023-03-22,2225,2230,2175,2185,70495,-0.011312217194570096
2023-03-23,2170,2230,2130,2175,100969,-0.004576659038901587
2023-03-24,2180,2180,2140,2165,115170,-0.0045977011494252595
2023-03-27,2145,2150,2100,2145,95982,-0.009237875288683584
2023-03-28,2110,2190,2100,2160,97771,0.006993006993007089
2023-03-29,2160,2200,2140,2180,91836,0.0092592592592593
2023-03-30,2185,2450,2185,2245,1967789,0.029816513761467878
2023-03-31,2245,2245,2190,2200,221852,-0.020044543429844075
2023-04-03,2230,2305,2190,2260,339820,0.027272727272727337
2023-04-04,2240,2330,2235,2280,203077,0.008849557522123908
2023-04-05,2260,2295,2245,2255,137023,-0.010964912280701733
2023-04-06,2260,2785,2255,2540,13648407,0.12638580931263865
2023-04-07,2440,2515,2415,2480,2184352,-0.023622047244094446
2023-04-10,2590,2885,2430,2760,10988554,0.11290322580645151
2023-04-11,2690,2740,2425,2640,2775912,-0.04347826086956519
2023-04-12,2945,3085,2700,2700,6108370,0.022727272727272707
2023-04-13,2625,2675,2575,2635,1004293,-0.024074074074074026
2023-04-14,2640,2705,2590,2615,1058872,-0.007590132827324458
2023-04-17,2595,2665,2545,2605,611310,-0.003824091778202643
2023-04-18,2570,2635,2530,2590,595049,-0.0057581573896353655
2023-04-19,2615,2760,2615,2750,2046140,0.061776061776061875
2023-04-20,2705,2715,2530,2530,777679,-0.07999999999999996
2023-04-21,2525,2600,2490,2495,465122,-0.013833992094861691
2023-04-24,2440,2645,2435,2440,845972,-0.022044088176352727
2023-04-25,2440,2735,2385,2505,4111873,0.026639344262294973
2023-04-26,2450,2480,2365,2380,713266,-0.04990019960079839
2023-04-27,2365,2400,2340,2400,337427,0.008403361344537785
2023-04-28,2430,2455,2385,2410,473813,0.004166666666666652
2023-05-02,2410,2615,2395,2580,1064445,0.0705394190871369
2023-05-03,2540,2880,2535,2795,4718771,0.08333333333333326
2023-05-04,2815,2920,2720,2760,1777203,-0.012522361359570633
2023-05-08,2800,2825,2690,2710,628346,-0.018115942028985477
2023-05-09,2715,2810,2620,2730,596523,0.007380073800737907
2023-05-10,2730,2740,2625,2685,579131,-0.016483516483516536
2023-05-11,2655,2690,2590,2605,372676,-0.029795158286778367
2023-05-12,2565,2635,2525,2560,392090,-0.017274472168905985
2023-05-15,2560,2560,2450,2470,306212,-0.03515625
2023-05-16,2450,2660,2450,2585,800049,0.046558704453441235
2023-05-17,2760,3360,2735,3360,28419910,0.299806576402321
2023-05-18,3505,3570,3230,3365,33680524,0.0014880952380953438
2023-05-19,3310,3310,3060,3100,5147140,-0.07875185735512635
2023-05-22,3080,3250,3030,3060,7756815,-0.012903225806451646
2023-05-23,3050,3130,3010,3010,2601265,-0.016339869281045805
2023-05-24,2990,3055,2970,3045,1306841,0.011627906976744207
2023-05-25,3015,3020,2880,2930,1549815,-0.0377668308702791
2023-05-26,2920,2945,2875,2885,630470,-0.015358361774744034
2023-05-30,2905,2960,2860,2940,731192,0.01906412478336228
2023-05-31,2935,2960,2890,2930,509020,-0.003401360544217691
2023-06-01,2945,2995,2895,2905,843995,-0.008532423208191142
2023-06-02,3015,3255,2915,2960,10289558,0.018932874354561147
2023-06-05,2960,2970,2835,2860,992124,-0.03378378378378377
2023-06-07,2880,3020,2835,2910,1767774,0.0174825174825175
2023-06-08,2860,2875,2745,2780,916289,-0.044673539518900296
2023-06-09,2805,2810,2730,2775,386040,-0.0017985611510791255
2023-06-12,2750,2830,2745,2830,413330,0.01981981981981984
2023-06-13,2800,2820,2770,2785,313947,-0.01590106007067138
2023-06-14,2790,2810,2725,2740,435126,-0.016157989228007152
2023-06-15,2725,2765,2680,2720,340565,-0.007299270072992692
2023-06-16,2720,2875,2690,2735,2241469,0.005514705882353033
2023-06-19,2720,2745,2680,2705,276097,-0.010968921389396757
2023-06-20,2690,2735,2675,2685,270910,-0.007393715341959317
2023-06-21,2685,2720,2665,2685,240651,0.0
2023-06-22,2645,2680,2635,2640,307618,-0.016759776536312887
2023-06-23,2635,2665,2560,2665,463806,0.009469696969697017
2023-06-26,2610,2690,2610,2690,223118,0.009380863039399667
2023-06-27,2645,2715,2640,2675,257032,-0.005576208178438624
2023-06-28,2675,2700,2600,2610,214722,-0.024299065420560706
2023-06-29,2600,2625,2525,2565,319052,-0.017241379310344862
2023-06-30,2540,2615,2525,2600,181878,0.013645224171539905
2023-07-03,2600,2650,2535,2610,236979,0.0038461538461538325
2023-07-04,2860,2950,2650,2650,3243195,0.015325670498084198
2023-07-05,2720,3090,2650,2800,13017188,0.05660377358490565
2023-07-06,2810,2870,2740,2870,2084504,0.02499999999999991
2023-07-07,2925,2990,2750,2790,3398544,-0.027874564459930307
2023-07-10,2910,3000,2795,2795,2873979,0.0017921146953405742
2023-07-11,2795,2890,2795,2805,584119,0.003577817531305927
2023-07-12,2785,2890,2780,2815,898751,0.0035650623885918886
2023-07-13,2830,2920,2800,2800,1743298,-0.005328596802841923
2023-07-14,2850,2850,2700,2705,1070598,-0.03392857142857142
2023-07-17,2685,2685,2605,2645,424899,-0.02218114602587795
2023-07-18,2635,2655,2565,2590,367385,-0.020793950850661602
2023-07-19,2600,2635,2575,2580,269908,-0.0038610038610038533
2023-07-20,2560,2635,2560,2620,152815,0.015503875968992276
2023-07-21,2590,2630,2565,2575,277001,-0.01717557251908397
2023-07-24,2585,2605,2445,2460,441389,-0.044660194174757306
2023-07-25,2420,2460,2380,2380,353177,-0.03252032520325199
2023-07-26,2350,2395,2240,2310,553155,-0.02941176470588236
2023-07-27,2285,2410,2285,2350,184029,0.017316017316017396
2023-07-28,2320,2420,2305,2395,125547,0.01914893617021285
2023-07-31,2380,2465,2380,2430,87119,0.014613778705636848
2023-08-01,2450,2480,2410,2440,119081,0.004115226337448652
2023-08-02,2410,2475,2400,2400,161075,-0.016393442622950838
2023-08-03,2400,2400,2290,2335,165075,-0.027083333333333348
2023-08-04,2335,2350,2300,2320,93646,-0.0064239828693790635
2023-08-07,2320,2350,2280,2350,79788,0.012931034482758674
2023-08-08,2345,2355,2255,2270,191200,-0.03404255319148941
2023-08-09,2255,2440,2230,2410,162168,0.06167400881057272
2023-08-10,2385,2405,2340,2375,82268,-0.014522821576763434
2023-08-11,2380,2410,2360,2405,91849,0.012631578947368327
2023-08-14,2415,2415,2325,2355,87085,-0.02079002079002079
2023-08-16,2345,2345,2275,2320,134222,-0.014861995753715496
2023-08-17,2280,2315,2125,2275,178114,-0.0193965517241379
2023-08-18,2250,2640,2205,2440,1510483,0.07252747252747249
2023-08-21,2405,2440,2325,2325,287180,-0.047131147540983576
2023-08-22,2360,2365,2265,2275,173567,-0.021505376344086002
2023-08-23,2250,2375,2250,2310,147951,0.01538461538461533
2023-08-24,2340,2435,2285,2310,166046,0.0
2023-08-25,2300,2360,2285,2305,82353,-0.0021645021645021467
2023-08-28,2315,2370,2315,2365,64341,0.026030368763557465
2023-08-29,2410,2415,2350,2365,145133,0.0
2023-08-30,2400,2730,2365,2420,3991212,0.023255813953488413
2023-08-31,2450,2470,2345,2390,391389,-0.012396694214875992
2023-09-01,2390,2415,2340,2370,153539,-0.008368200836820106
2023-09-04,2355,2385,2335,2360,100163,-0.00421940928270037
2023-09-05,2335,2390,2335,2340,109223,-0.008474576271186418
2023-09-06,2365,2395,2345,2360,70611,0.008547008547008517
2023-09-07,2340,2350,2280,2285,117146,-0.03177966101694918
2023-09-08,2280,2375,2265,2285,85762,0.0
2023-09-11,2285,2330,2285,2320,46308,0.015317286652078765
2023-09-12,2325,2345,2270,2275,127474,-0.0193965517241379
2023-09-13,2295,2315,2245,2260,75478,-0.00659340659340657
2023-09-14,2260,2280,2250,2270,42779,0.004424778761061843
2023-09-15,2260,2300,2260,2295,26703,0.011013215859030812
2023-09-18,2295,2295,2275,2290,36131,-0.002178649237472796
2023-09-19,2270,2295,2255,2260,79981,-0.013100436681222738
2023-09-20,2260,2265,2250,2260,44613,0.0
2023-09-21,2240,2275,2235,2245,61659,-0.006637168141592875
2023-09-22,2215,2260,2210,2230,47482,-0.006681514476614692
2023-09-25,2210,2235,2155,2155,90526,-0.03363228699551568
2023-09-26,2160,2160,2060,2075,128487,-0.037122969837587005
2023-09-27,2050,2100,2050,2100,56533,0.012048192771084265
2023-10-04,2065,2085,2000,2000,93580,-0.04761904761904767
2023-10-05,1995,2040,1981,1981,102558,-0.009499999999999953
2023-10-06,1961,2045,1913,2030,99893,0.02473498233215543
2023-10-10,2025,2025,1966,1968,87933,-0.030541871921182295
2023-10-11,1980,2020,1980,2005,69778,0.01880081300813008
2023-10-12,1985,2120,1985,2090,113328,0.04239401496259343
2023-10-13,2050,2085,2020,2050,47684,-0.019138755980861233
2023-10-16,2045,2045,1996,2030,42894,-0.009756097560975618
2023-10-17,2015,2085,2015,2060,41026,0.014778325123152802
2023-10-18,2040,2290,2040,2150,555767,0.043689320388349495
2023-10-19,2145,2145,1999,2000,156569,-0.06976744186046513
2023-10-20,1950,1996,1930,1938,168929,-0.031000000000000028
2023-10-23,1900,1943,1900,1915,52906,-0.011867905056759498
2023-10-24,1896,1977,1883,1977,69417,0.032375979112271525
2023-10-25,1940,1967,1928,1932,51977,-0.022761760242792084
2023-10-26,1932,1932,1855,1863,88248,-0.0357142857142857
2023-10-27,1830,1875,1830,1865,36760,0.0010735373054213682
2023-10-30,1832,1915,1832,1907,32299,0.02252010723860587
2023-10-31,1907,1907,1859,1872,44745,-0.018353434714210803
2023-11-01,1872,1899,1855,1864,56609,-0.004273504273504258
2023-11-02,1865,1925,1865,1916,69683,0.027896995708154515
2023-11-03,1938,1954,1904,1926,43595,0.005219206680584509
2023-11-06,1928,2040,1928,2025,108617,0.051401869158878455
2023-11-07,2030,2050,1985,2050,70473,0.012345679012345734
2023-11-08,2100,2160,2030,2045,140632,-0.0024390243902439046
2023-11-09,2045,2045,1998,1998,37410,-0.022982885085574556
2023-11-10,1998,1998,1939,1942,47104,-0.028028028028028062
2023-11-13,1955,1963,1931,1936,22824,-0.003089598352214229
2023-11-14,1900,1965,1900,1965,24784,0.01497933884297531
2023-11-15,1985,2040,1985,1998,29455,0.016793893129771087
2023-11-16,2015,2020,1998,2010,45076,0.006006006006006093
2023-11-17,1998,2010,1977,2000,27474,-0.00497512437810943
2023-11-20,2005,2055,1998,2050,36042,0.02499999999999991
2023-11-21,2060,2075,2005,2040,34433,-0.004878048780487809
2023-11-22,2000,2070,1996,2045,48054,0.002450980392156854
2023-11-23,2030,2045,2005,2010,26478,-0.017114914425427896
2023-11-24,2010,2050,2000,2050,35917,0.01990049751243772
2023-11-27,2045,2045,1995,1998,86337,-0.025365853658536608
2023-11-28,1998,2065,1994,2050,47778,0.026026026026026106
2023-11-29,2025,2045,2000,2005,46762,-0.02195121951219514
2023-11-30,2005,2020,2000,2000,45268,-0.0024937655860348684
2023-12-01,1996,2020,1995,2010,37893,0.004999999999999893
2023-12-04,2015,2025,1995,1999,31883,-0.005472636815920362
2023-12-05,1999,2000,1968,1971,66626,-0.014007003501750881
2023-12-06,1971,2025,1964,2005,25204,0.017250126839168045
2023-12-07,2015,2020,1983,1992,41027,-0.006483790523690747
2023-12-08,2010,2015,1987,1995,24275,0.001506024096385561
2023-12-11,2005,2015,1990,1995,18907,0.0
2023-12-12,1992,1995,1979,1985,22810,-0.005012531328320802
2023-12-13,1994,1994,1976,1984,25753,-0.0005037783375314575
2023-12-14,1980,2005,1980,1987,23643,0.0015120967741935054
2023-12-15,2070,2540,2035,2040,5994623,0.02667337695017613
2023-12-18,2040,2085,2005,2035,294300,-0.002450980392156854
2023-12-19,2050,2070,2015,2015,263049,-0.009828009828009798
2023-12-20,2000,2030,2000,2015,143030,0.0
2023-12-21,1999,2100,1997,2085,289978,0.03473945409429291
2023-12-22,2100,2100,2010,2015,198662,-0.033573141486810565
2023-12-26,2030,2030,1959,1961,201193,-0.026799007444168743
2023-12-27,1911,1994,1911,1975,72660,0.007139214686384454
2023-12-28,1981,1993,1969,1985,51395,0.005063291139240533
2024-01-02,1989,2025,1989,2025,89141,0.02015113350125941
2024-01-03,2005,2050,1997,2025,88920,0.0
2024-01-04,2000,2030,2000,2010,45598,-0.007407407407407418
2024-01-05,2010,2055,2005,2040,67663,0.014925373134328401
2024-01-08,2035,2040,2010,2040,37958,0.0
2024-01-09,2055,2060,2020,2030,58963,-0.004901960784313708
2024-01-10,2045,2050,2015,2020,54015,-0.0049261083743842304
2024-01-11,2020,2040,2000,2040,104801,0.00990099009900991
2024-01-12,2030,2040,2005,2025,88812,-0.007352941176470562
2024-01-15,2060,2060,1935,1965,221081,-0.029629629629629672
2024-01-16,1960,1984,1948,1966,80137,0.0005089058524172518
2024-01-17,1947,1957,1886,1889,128892,-0.03916581892166837
2024-01-18,1885,1934,1885,1905,61212,0.00847008999470611
2024-01-19,1886,1936,1886,1913,43026,0.004199475065616909
2024-01-22,1913,1913,1886,1907,40060,-0.003136434918975417
2024-01-23,1893,1935,1887,1911,30291,0.002097535395909844
2024-01-24,1905,1919,1886,1886,49846,-0.013082155939298845
2024-01-25,1900,1900,1847,1854,49777,-0.016967126193001114
2024-01-26,1830,1896,1830,1861,31441,0.003775620280474623
2024-01-29,1875,1880,1847,1856,32810,-0.002686727565824776
2024-01-30,1848,1865,1848,1854,22475,-0.0010775862068965747
2024-01-31,1842,1859,1821,1821,57742,-0.017799352750809017
2024-02-01,1835,1835,1798,1812,78204,-0.0049423393739703725
2024-02-02,1812,1845,1812,1838,34558,0.014348785871964642
2024-02-05,1850,1850,1828,1836,31971,-0.0010881392818280489
2024-02-06,1820,1844,1809,1844,36415,0.004357298474945592
2024-02-07,1829,1865,1829,1853,15906,0.0048806941431669415
2024-02-08,1862,1877,1853,1858,25420,0.002698327037236936
2024-02-13,1858,1880,1858,1877,20739,0.010226049515608127
2024-02-14,1834,1884,1834,1876,29941,-0.0005327650506127268
2024-02-15,1854,1899,1854,1897,73393,0.011194029850746245
2024-02-16,1897,1904,1878,1902,47646,0.0026357406431207764
2024-02-19,1914,1914,1845,1891,38966,-0.005783385909568839
2024-02-20,1872,1910,1871,1900,54390,0.004759386567953383
2024-02-21,1900,1909,1884,1894,17656,-0.0031578947368421373
2024-02-22,1875,1914,1875,1875,43769,-0.010031678986272441
2024-02-23,1880,1885,1857,1882,21888,0.0037333333333333663
2024-02-26,1841,1871,1840,1847,46139,-0.018597236981934162
2024-02-27,1820,1874,1803,1820,71755,-0.01461829994585817
2024-02-28,1825,1836,1807,1835,38666,0.008241758241758212
2024-02-29,1800,1845,1800,1824,46506,-0.0059945504087193235
2024-03-04,1812,1835,1812,1820,38788,-0.002192982456140302
2024-03-05,1800,1821,1791,1804,55712,-0.00879120879120876
2024-03-06,1805,1805,1770,1785,45629,-0.010532150776053184
2024-03-07,1768,1786,1691,1763,44933,-0.012324929971988752
2024-03-08,1786,1835,1770,1770,62105,0.003970504821327214
2024-03-11,1785,1790,1761,1780,29399,0.005649717514124353
2024-03-12,1780,2210,1760,1841,6221071,0.034269662921348365
2024-03-13,1836,1868,1802,1825,256152,-0.00869092884302014
2024-03-14,1842,1869,1803,1827,178834,0.0010958904109588108
2024-03-15,1780,1849,1775,1821,104608,-0.003284072249589487
2024-03-18,1821,1880,1810,1812,125813,-0.0049423393739703725
2024-03-19,1801,1848,1797,1813,46377,0.0005518763796910076
2024-03-20,1813,1860,1811,1827,87138,0.007722007722007707
2024-03-21,1840,1874,1821,1845,79409,0.009852216748768461
2024-03-22,1840,1855,1829,1851,39223,0.003252032520325132
2024-03-25,1851,1874,1851,1860,45641,0.004862236628849326
2024-03-26,1850,1870,1840,1840,32164,-0.010752688172043001
2024-03-27,1840,1858,1832,1845,41078,0.0027173913043478937
2024-03-28,1864,1920,1830,1845,129893,0.0
2024-03-29,1827,1848,1823,1847,48466,0.0010840108401084514
2024-04-01,1847,1859,1828,1843,34661,-0.0021656740660530582
2024-04-02,1868,1868,1826,1846,31680,0.0016277807921867282
2024-04-03,1842,1845,1796,1803,70118,-0.02329360780065004
2024-04-04,1800,1898,1800,1829,141249,0.014420410427065988
2024-04-05,1800,1995,1791,1829,1295140,0.0
2024-04-08,1829,1848,1794,1801,94706,-0.015308911973756167
2024-04-09,1804,1814,1781,1793,54142,-0.004441976679622428
2024-04-11,1762,1788,1755,1774,51040,-0.010596765197992242
2024-04-12,1753,1786,1753,1778,19087,0.0022547914317925244
2024-04-15,1731,1767,1731,1752,29857,-0.01462317210348707
2024-04-16,1745,1747,1700,1714,74685,-0.02168949771689499
2024-04-17,1714,1735,1709,1709,7757,-0.0029171528588097795
2024-04-18,1693,1750,1693,1732,15488,0.01345816266822708
2024-04-19,1731,1745,1695,1703,20878,-0.016743648960738988
2024-04-22,1700,1717,1693,1712,23415,0.005284791544333478
2024-04-23,1712,1730,1705,1730,68319,0.010514018691588856
2024-04-24,1849,1849,1731,1736,58067,0.003468208092485492
2024-04-25,1736,1745,1709,1711,23733,-0.01440092165898621
2024-04-26,1700,1720,1699,1704,31860,-0.004091174751607252
2024-04-29,1699,1740,1699,1731,18946,0.015845070422535246
2024-04-30,1731,1740,1720,1731,48424,0.0
2024-05-02,1712,1727,1692,1695,61361,-0.020797227036395194
2024-05-03,1700,1703,1690,1692,39908,-0.001769911504424737
2024-05-07,1691,1700,1686,1687,43969,-0.002955082742316817
2024-05-08,1687,1759,1687,1718,138665,0.018375815056312916
2024-05-09,1713,1725,1695,1706,40680,-0.006984866123399325
2024-05-10,1708,1712,1670,1680,60425,-0.015240328253223967
2024-05-13,1674,1680,1640,1674,90429,-0.0035714285714285587
2024-05-14,1679,1683,1651,1663,35436,-0.00657108721624855
2024-05-16,1663,1680,1656,1656,23743,-0.004209260372820212
2024-05-17,1642,1665,1625,1638,48021,-0.010869565217391353
2024-05-20,1658,1658,1600,1606,49100,-0.019536019536019578
2024-05-21,1625,1625,1593,1600,44950,-0.0037359900373599153
2024-05-22,1590,1608,1570,1584,35487,-0.010000000000000009
2024-05-23,1584,1594,1570,1594,38606,0.0063131313131312705
2024-05-24,1561,1596,1561,1588,19132,-0.0037641154328732496
2024-05-27,1573,1602,1573,1580,29818,-0.005037783375314908
2024-05-28,1576,1595,1576,1584,15665,0.0025316455696202667
2024-05-29,1584,1595,1580,1582,18539,-0.0012626262626262985
2024-05-30,1562,1578,1538,1546,61752,-0.022756005056890016
2024-05-31,1532,1554,1508,1508,54200,-0.02457956015523932
2024-06-03,1507,1522,1450,1522,53332,0.009283819628647105
2024-06-04,1506,1517,1497,1507,44219,-0.009855453350854138
2024-06-05,1514,1514,1495,1509,33193,0.0013271400132714994
2024-06-07,1509,1520,1498,1506,28743,-0.001988071570576566
2024-06-10,1506,1506,1494,1494,28746,-0.007968127490039834
2024-06-11,1490,1502,1484,1494,41821,0.0
2024-06-12,1481,1591,1481,1513,75257,0.012717536813922292
2024-06-13,1514,1530,1509,1513,43146,0.0
2024-06-14,1507,1523,1495,1502,18258,-0.007270323859881023
2024-06-17,1487,1500,1479,1485,39405,-0.011318242343541951
2024-06-18,1495,1495,1472,1480,17028,-0.0033670033670033517
2024-06-19,1467,1484,1451,1478,53822,-0.0013513513513513375
2024-06-20,1478,1625,1478,1532,180490,0.03653585926928282
2024-06-21,1528,1538,1511,1513,21609,-0.012402088772845987
2024-06-24,1516,1550,1496,1512,52685,-0.0006609385327164263
2024-06-25,1495,1527,1495,1506,66010,-0.003968253968253954
2024-06-26,1898,1957,1768,1875,12707115,0.2450199203187251
2024-06-27,1892,1895,1621,1647,3184776,-0.12160000000000004
2024-06-28,1647,1647,1568,1581,464581,-0.04007285974499086
2024-07-01,1574,1580,1497,1516,235414,-0.041113219481340946
2024-07-02,1520,1650,1516,1586,637912,0.04617414248021112
2024-07-03,1618,1674,1529,1530,404667,-0.035308953341740223
2024-07-04,1514,1574,1512,1520,90842,-0.006535947712418277
2024-07-05,1510,1520,1491,1504,83390,-0.010526315789473717
2024-07-08,1504,1544,1489,1511,101567,0.00465425531914887
2024-07-09,1530,1570,1525,1536,146709,0.016545334215751106
2024-07-10,1553,1553,1510,1537,49230,0.0006510416666667407
2024-07-11,1560,1560,1522,1533,55242,-0.002602472348731344
2024-07-12,1517,1546,1501,1524,40096,-0.005870841487279899
2024-07-15,1530,1557,1510,1518,36564,-0.003937007874015741
2024-07-16,1510,1525,1503,1503,60255,-0.00988142292490124
2024-07-17,1522,1522,1483,1485,46990,-0.0119760479041916
2024-07-18,1486,1499,1452,1490,76138,0.0033670033670034627
2024-07-19,1499,1499,1464,1470,33795,-0.01342281879194629
2024-07-22,1457,1544,1453,1498,61538,0.01904761904761898
2024-07-23,1520,1520,1466,1472,38271,-0.01735647530040052
2024-07-24,1457,1470,1456,1459,32843,-0.008831521739130488
2024-07-25,1456,1456,1430,1438,78141,-0.014393420150788261
2024-07-26,1433,1440,1429,1439,41513,0.0006954102920724292
2024-07-29,1439,1540,1432,1446,125274,0.004864489228630919
2024-07-30,1442,1451,1429,1435,41211,-0.007607192254495132
2024-07-31,1431,1443,1412,1416,49909,-0.013240418118466879
2024-08-01,1414,1424,1414,1423,30595,0.004943502824858781
2024-08-02,1405,1414,1292,1292,212060,-0.09205903021784967
2024-08-05,1270,1275,1120,1176,211604,-0.08978328173374617
2024-08-06,1120,1248,1120,1248,106471,0.061224489795918435
2024-08-07,1235,1275,1233,1257,27603,0.007211538461538547
2024-08-08,1257,1258,1177,1254,53906,-0.0023866348448687846
2024-08-09,1247,1285,1247,1275,38354,0.01674641148325362
2024-08-12,1255,1285,1251,1281,33407,0.004705882352941115
2024-08-13,1281,1281,1265,1280,38078,-0.0007806401249024209
2024-08-14,1280,1345,1280,1313,51098,0.02578125000000009
2024-08-16,1320,1328,1304,1325,26277,0.009139375476009182
2024-08-19,1325,1329,1302,1312,16827,-0.009811320754717023
2024-08-20,1320,1330,1301,1326,23562,0.010670731707317138
2024-08-21,1335,1335,1312,1315,10615,-0.008295625942684737
2024-08-22,1301,1359,1290,1302,22944,-0.009885931558935357
2024-08-23,1295,1306,1287,1301,23476,-0.0007680491551459445
2024-08-26,1301,1310,1284,1305,31733,0.003074558032282848
2024-08-27,1300,1320,1289,1310,13960,0.003831417624521105
2024-08-28,1303,1329,1281,1292,9673,-0.013740458015267132
2024-08-29,1292,1299,1270,1283,21918,-0.00696594427244579
2024-08-30,1283,1305,1276,1302,5193,0.014809041309431059
2024-09-02,1288,1310,1285,1304,9915,0.001536098310291889
2024-09-03,1304,1320,1303,1309,14929,0.0038343558282207812
2024-09-04,1309,1309,1265,1285,27847,-0.018334606569900713
2024-09-05,1285,1295,1265,1288,21179,0.0023346303501945442
2024-09-06,1287,1287,1161,1197,83111,-0.07065217391304346
2024-09-09,1170,1205,1170,1201,42164,0.003341687552213868
2024-09-10,1188,1210,1179,1183,26705,-0.014987510407993287
2024-09-11,1183,1250,1171,1190,68435,0.00591715976331364
2024-09-12,1178,1215,1178,1207,24367,0.014285714285714235
2024-09-13,1215,1230,1182,1230,19441,0.0190555095277547
2024-09-19,1229,1244,1204,1229,30124,-0.0008130081300813385
2024-09-20,1218,1244,1210,1233,11732,0.0032546786004881145
2024-09-23,1235,1238,1227,1234,24140,0.0008110300081103361
2024-09-24,1245,1245,1230,1232,15594,-0.0016207455429497752
2024-09-25,1245,1245,1230,1237,19239,0.0040584415584414835
2024-09-26,1230,1275,1230,1251,19078,0.011317704122878025
2024-09-27,1260,1260,1248,1254,16268,0.0023980815347721673
2024-09-30,1254,1254,1233,1242,21864,-0.009569377990430672
2024-10-02,1242,1242,1229,1234,5852,-0.006441223832528209
2024-10-04,1234,1234,1210,1224,17795,-0.008103727714748765
2024-10-07,1222,1222,1196,1205,23072,-0.015522875816993409
2024-10-08,1205,1205,1190,1197,32448,-0.00663900414937757
2024-10-10,1197,1205,1188,1200,33308,0.0025062656641603454
2024-10-11,1188,1225,1188,1225,12885,0.02083333333333326
2024-10-14,1220,1224,1202,1202,10954,-0.018775510204081636
2024-10-15,1202,1210,1201,1209,5112,0.005823627287853572
2024-10-16,1196,1209,1195,1207,6384,-0.0016542597187758634
2024-10-17,1207,1207,1176,1181,20502,-0.02154101077050541
2024-10-18,1180,1190,1160,1163,26276,-0.015241320914479273
2024-10-21,1163,1163,1130,1148,28805,-0.012897678417884806
2024-10-22,1141,1142,1103,1111,55796,-0.03222996515679444
2024-10-23,1098,1118,1096,1105,35395,-0.005400540054005365
2024-10-24,1101,1115,1057,1080,99969,-0.022624434389140302
2024-10-25,1042,1057,999,1002,200409,-0.07222222222222219
2024-10-28,1002,1025,999,1024,43351,0.02195608782435121
2024-10-29,1030,1045,1029,1045,20592,0.0205078125
2024-10-30,1019,1051,1019,1049,17174,0.00382775119617218
2024-10-31,1048,1055,1036,1055,16332,0.0057197330791229906
2024-11-01,1055,1076,1055,1065,19681,0.009478672985782088
2024-11-04,1064,1079,1052,1065,13807,0.0
2024-11-05,1064,1069,1059,1059,8831,-0.005633802816901401
2024-11-06,1050,1066,1049,1055,23212,-0.0037771482530689626
2024-11-07,1063,1063,1031,1054,35150,-0.0009478672985782088
2024-11-08,1064,1085,1058,1060,23566,0.005692599620493288
2024-11-11,1059,1059,991,1004,69471,-0.05283018867924527
2024-11-12,1002,1004,984,996,83687,-0.007968127490039834
2024-11-13,1020,1294,1020,1294,2639744,0.2991967871485943
2024-11-14,1229,1278,1117,1132,2793354,-0.125193199381762
2024-11-15,1106,1160,1007,1043,948647,-0.07862190812720848
2024-11-18,1038,1050,1020,1042,203755,-0.0009587727708533222
2024-11-19,1042,1215,1033,1103,3816032,0.05854126679462568
2024-11-20,1115,1190,1057,1075,1696477,-0.025385312783318237
2024-11-21,1075,1140,1063,1065,296029,-0.009302325581395321
2024-11-22,1090,1090,1028,1035,172472,-0.028169014084507005
2024-11-25,1036,1056,1034,1055,87711,0.019323671497584627
2024-11-26,1075,1310,1075,1140,4135708,0.08056872037914697
2024-11-27,1146,1149,1080,1100,427452,-0.03508771929824561
2024-11-28,1115,1125,1080,1084,155891,-0.014545454545454528
2024-11-29,1147,1243,1111,1152,1834825,0.0627306273062731
2024-12-02,1162,1169,1107,1121,269373,-0.02690972222222221
2024-12-03,1121,1150,1105,1125,154117,0.003568242640499486
2024-12-04,1125,1190,1081,1111,359454,-0.01244444444444448
2024-12-05,1111,1120,1066,1100,143081,-0.00990099009900991
2024-12-06,1071,1085,996,1029,369627,-0.06454545454545457
2024-12-09,981,1010,953,970,205373,-0.05733722060252677
2024-12-10,958,1016,958,1008,109210,0.039175257731958846
2024-12-11,997,1039,995,1019,98840,0.010912698412698374
2024-12-12,1026,1065,1016,1025,63517,0.0058881256133465065
2024-12-13,1001,1050,1001,1007,170733,-0.017560975609756113
2024-12-16,1014,1033,1010,1027,74435,0.019860973187686204
2024-12-17,1027,1044,1011,1018,54410,-0.008763388510223957
2024-12-18,1008,1030,1008,1016,44824,-0.0019646365422396617
2024-12-19,1000,1013,993,1003,61474,-0.012795275590551158
2024-12-20,1000,1010,990,1001,76477,-0.001994017946161497
2024-12-23,1001,1029,998,1010,53605,0.00899100899100902
2024-12-24,1016,1018,1002,1005,25151,-0.004950495049504955
2024-12-26,1006,1010,997,1004,20216,-0.0009950248756218638
2024-12-27,1012,1012,990,1004,43458,0.0
2024-12-30,1010,1010,990,995,21668,-0.008964143426294813
2025-01-02,997,1016,990,992,35175,-0.0030150753768843908
2025-01-03,993,1007,975,1003,50915,0.011088709677419262
2025-01-06,1094,1187,1007,1020,854984,0.016949152542372836
2025-01-07,1024,1024,1007,1019,46005,-0.0009803921568627416
2025-01-08,1019,1054,1015,1032,125085,0.012757605495583801
2025-01-09,1034,1036,1019,1029,35619,-0.0029069767441860517
2025-01-10,1030,1034,1020,1027,39073,-0.0019436345966957758
2025-01-13,1033,1035,1018,1018,16424,-0.008763388510223957
2025-01-14,1022,1023,1009,1022,15010,0.003929273084479323
2025-01-15,1018,1019,1010,1017,37094,-0.004892367906066508
2025-01-16,1015,1099,1015,1026,56650,0.008849557522123908
2025-01-17,1032,1055,997,1023,127380,-0.0029239766081871066
2025-01-20,1022,1022,1000,1001,69310,-0.021505376344086002
2025-01-21,1002,1005,980,1000,62800,-0.0009990009990009652
2025-01-22,986,999,986,999,52126,-0.0010000000000000009
2025-01-23,999,1000,987,994,23878,-0.005005005005005003
2025-01-24,1000,1018,990,1003,25256,0.0090543259557343
2025-01-31,1003,1025,990,1000,16905,-0.0029910269192422456
2025-02-03,992,1020,965,988,81313,-0.01200000000000001
2025-02-04,988,1060,983,1013,161292,0.02530364372469629
2025-02-05,1013,1013,990,992,66261,-0.02073050345508387
2025-02-06,995,1005,992,996,21602,0.0040322580645162365
2025-02-07,996,998,987,993,29122,-0.003012048192771122
2025-02-10,981,996,981,985,50939,-0.00805639476334341
2025-02-11,986,1043,986,993,37296,0.008121827411167404
2025-02-12,985,1010,983,987,28044,-0.0060422960725075026
2025-02-13,985,996,983,992,20091,0.005065856129685908
2025-02-14,992,1001,982,993,37667,0.0010080645161290036
2025-02-17,993,998,987,993,38805,0.0
2025-02-18,989,996,985,988,36825,-0.0050352467270896595
2025-02-19,988,992,985,987,77301,-0.0010121457489878916
2025-02-20,984,995,976,977,129362,-0.010131712259371817
2025-02-21,977,981,970,977,23462,0.0
2025-02-24,977,977,969,977,42310,0.0
2025-02-25,982,984,975,978,32784,0.0010235414534287557
2025-02-26,972,1008,972,982,36386,0.004089979550102152
2025-02-27,977,994,977,981,17891,-0.0010183299389001643
2025-02-28,973,997,963,967,73274,-0.014271151885830835
2025-03-04,963,1000,963,966,48811,-0.0010341261633919352
2025-03-05,966,976,962,968,25238,0.0020703933747412417
2025-03-06,967,1028,966,967,62542,-0.0010330578512396382
2025-03-07,968,974,963,969,32916,0.0020682523267838704
2025-03-10,966,979,965,970,33868,0.0010319917440659854
2025-03-11,970,970,950,961,82865,-0.009278350515463885
2025-03-12,961,970,956,968,30744,0.007284079084287187
2025-03-13,979,979,963,968,20614,0.0
2025-03-14,972,978,960,962,23909,-0.006198347107438051
2025-03-17,952,969,952,960,23541,-0.0020790020790020236
2025-03-18,960,968,955,957,21306,-0.0031250000000000444
2025-03-19,958,959,953,956,11272,-0.0010449320794148065
2025-03-20,958,958,947,952,39378,-0.004184100418409997
2025-03-21,942,951,940,947,44112,-0.005252100840336116
2025-03-24,946,949,936,939,49193,-0.008447729672650506
2025-03-25,948,955,925,933,43345,-0.006389776357827448
2025-03-26,934,942,933,935,7340,0.002143622722400762
2025-03-27,935,935,918,920,55132,-0.016042780748663055
2025-03-28,918,918,889,898,85962,-0.023913043478260843
2025-03-31,897,898,840,881,164624,-0.018930957683741645
2025-04-01,880,893,860,892,62517,0.012485811577752637
2025-04-02,894,911,887,899,30943,0.007847533632286963
2025-04-03,899,914,876,903,21990,0.004449388209121219
2025-04-04,857,910,857,907,46973,0.0044296788482836025
2025-04-07,907,924,876,881,25118,-0.02866593164277842
2025-04-08,882,918,882,890,55730,0.010215664018161208
2025-04-09,879,879,861,872,45478,-0.020224719101123556
2025-04-10,882,908,882,893,48374,0.02408256880733939
2025-04-11,892,893,880,893,19525,0.0
2025-04-14,909,913,900,907,42964,0.015677491601343796
2025-04-15,907,918,901,907,28130,0.0
2025-04-16,913,916,902,904,23267,-0.003307607497243681
2025-04-17,904,913,898,902,6671,-0.0022123893805309214
2025-04-18,903,911,900,901,21133,-0.0011086474501108556
2025-04-21,901,904,893,900,13805,-0.0011098779134295356
2025-04-22,905,905,895,895,16551,-0.005555555555555536
2025-04-23,903,903,895,898,25166,0.003351955307262511
2025-04-24,892,901,892,895,29279,-0.0033407572383074013
2025-04-25,896,903,896,902,16945,0.007821229050279266
2025-04-28,902,904,899,903,14008,0.0011086474501109667
2025-04-29,904,904,895,897,32256,-0.006644518272425293
2025-04-30,898,902,896,898,18631,0.0011148272017837968
2025-05-02,900,904,895,897,19390,-0.00111358574610243
2025-05-07,898,902,891,896,12291,-0.0011148272017836858
2025-05-08,897,901,888,893,24743,-0.0033482142857143016
2025-05-09,893,898,887,898,53648,0.005599104143336975
2025-05-12,898,901,895,896,10780,-0.00222717149220486
2025-05-13,896,904,888,892,25518,-0.004464285714285698
2025-05-14,893,893,887,892,24999,0.0
2025-05-15,894,929,894,905,73970,0.014573991031390232
2025-05-16,900,912,899,901,29551,-0.0044198895027623974
2025-05-19,901,911,899,900,14766,-0.0011098779134295356
2025-05-20,904,913,896,898,15788,-0.0022222222222222365
2025-05-21,898,910,897,901,21795,0.0033407572383072903
2025-05-22,898,906,898,902,17169,0.0011098779134295356
2025-05-23,904,904,897,899,10023,-0.003325942350332567
2025-05-26,899,903,896,899,10410,0.0
2025-05-27,899,903,890,896,27574,-0.0033370411568409697
2025-05-28,903,903,896,903,14838,0.0078125
2025-05-29,895,902,892,898,22229,-0.0055370985603543366
2025-05-30,894,902,894,898,12613,0.0
2025-06-02,903,904,895,898,16220,0.0
2025-06-04,903,903,900,902,20459,0.00445434298440972
2025-06-05,899,910,899,910,39497,0.008869179600886845
2025-06-09,919,919,903,903,42238,-0.007692307692307665
2025-06-10,911,912,902,903,31274,0.0
2025-06-11,912,912,905,909,16239,0.006644518272425293
2025-06-12,904,937,901,920,92435,0.012101210121012063
2025-06-13,920,948,902,910,66534,-0.010869565217391353
2025-06-16,915,922,907,919,27961,0.009890109890109855
2025-06-17,913,920,907,912,38412,-0.007616974972796564
2025-06-18,912,920,908,913,31918,0.0010964912280702066
2025-06-19,913,925,910,916,17267,0.0032858707557503752
2025-06-20,917,917,905,909,41110,-0.007641921397379958
2025-06-23,901,909,880,903,19040,-0.0066006600660065695
2025-06-24,907,914,896,911,36276,0.008859357696566983
2025-06-25,935,935,906,910,32233,-0.001097694840834218
2025-06-26,923,923,903,910,16657,0.0
2025-06-27,919,919,900,906,48099,-0.00439560439560438
2025-06-30,906,906,899,904,12267,-0.002207505518763808
2025-07-01,904,908,900,903,15608,-0.0011061946902655162
2025-07-02,903,907,900,904,17337,0.001107419712070845
2025-07-03,915,915,902,907,18957,0.0033185840707965486
2025-07-04,907,914,902,903,42769,-0.004410143329658167
2025-07-07,917,922,897,902,75807,-0.001107419712070845
2025-07-08,907,907,898,903,21783,0.0011086474501109667
2025-07-09,903,922,898,902,24744,-0.001107419712070845
2025-07-10,907,918,900,901,16687,-0.0011086474501108556
2025-07-11,906,906,900,905,28288,0.004439511653718142
2025-07-14,963,963,904,916,55578,0.012154696132596676
2025-07-15,915,915,903,906,47883,-0.01091703056768556
2025-07-16,906,910,903,908,18887,0.002207505518763808
2025-07-17,911,911,901,906,47248,-0.0022026431718061845
2025-07-18,909,918,902,907,22999,0.001103752759381793
2025-07-21,927,928,902,909,17764,0.0022050716648291946
2025-07-22,901,926,901,904,28186,-0.005500550055005493
2025-07-23,924,924,904,904,17171,0.0
2025-07-24,902,909,901,907,34403,0.0033185840707965486
2025-07-25,914,914,901,906,10717,-0.0011025358324145973
2025-07-28,909,909,890,901,58201,-0.0055187637969095205
