Date,Open,High,Low,Close,Volume,Change
2022-01-03,74600,75300,73300,73600,364774,-0.008086253369272267
2022-01-04,73700,73800,70200,70700,638880,-0.03940217391304346
2022-01-05,71200,71200,66300,66600,875862,-0.057991513437057995
2022-01-06,64800,65700,61300,61900,925436,-0.07057057057057059
2022-01-07,62300,64400,62300,63700,463884,0.029079159935379684
2022-01-10,62800,64000,60700,63400,525077,-0.004709576138147598
2022-01-11,64100,67300,62500,66000,713070,0.04100946372239744
2022-01-12,66500,67800,66000,67500,418951,0.022727272727272707
2022-01-13,67500,69000,66300,69000,477214,0.022222222222222143
2022-01-14,67900,69300,66700,68200,372489,-0.011594202898550732
2022-01-17,67600,70400,67600,68400,410939,0.0029325513196480912
2022-01-18,68400,69900,67500,67900,289904,-0.007309941520467822
2022-01-19,67400,68800,65400,66300,327168,-0.02356406480117823
2022-01-20,66000,69700,66000,69500,411389,0.04826546003016596
2022-01-21,68200,70500,68000,69200,416191,-0.004316546762589968
2022-01-24,68800,68800,63200,63900,605946,-0.07658959537572252
2022-01-25,64900,65000,62500,63500,451037,-0.006259780907668211
2022-01-26,63400,64100,58000,60500,1271579,-0.047244094488189003
2022-01-27,60000,60600,55900,56000,821772,-0.07438016528925617
2022-01-28,56000,59600,54500,58900,767333,0.051785714285714324
2022-02-03,60600,63900,60000,62200,913886,0.05602716468590829
2022-02-04,61500,68200,61000,67300,620825,0.08199356913183276
2022-02-07,67300,69200,66500,67200,585266,-0.0014858841010401136
2022-02-08,67700,69700,65900,66200,590117,-0.014880952380952328
2022-02-09,66800,69500,66500,68800,531039,0.0392749244712991
2022-02-10,68800,69200,66300,66800,411700,-0.029069767441860517
2022-02-11,65500,67600,64600,65500,534049,-0.019461077844311392
2022-02-14,64200,66400,63700,65300,359576,-0.003053435114503844
2022-02-15,65100,67000,64500,65300,338195,0.0
2022-02-16,67000,68200,66100,68100,422084,0.04287901990811638
2022-02-17,68100,68800,65000,66600,563041,-0.022026431718061623
2022-02-18,65500,67700,65300,67300,375137,0.010510510510510551
2022-02-21,66100,70900,65900,70800,747389,0.0520059435364042
2022-02-22,69700,72500,69500,71800,779367,0.01412429378531077
2022-02-23,72600,74000,71200,71600,431170,-0.0027855153203342198
2022-02-24,71500,73900,70500,70500,799874,-0.015363128491620137
2022-02-25,71700,73000,67500,71400,1225043,0.012765957446808418
2022-02-28,70700,75000,70700,74200,724199,0.03921568627450989
2022-03-02,74400,75600,72000,75200,554504,0.013477088948786964
2022-03-03,75200,77200,74200,75000,400417,-0.0026595744680850686
2022-03-04,74500,76900,74000,75500,388302,0.006666666666666599
2022-03-07,74000,76100,74000,74700,399302,-0.01059602649006619
2022-03-08,73800,74800,72500,73500,318702,-0.016064257028112428
2022-03-10,74300,78700,73700,77300,732641,0.051700680272108945
2022-03-11,77000,81500,77000,79900,1102949,0.03363518758085382
2022-03-14,80600,83000,78800,80000,833532,0.0012515644555695093
2022-03-15,80800,82000,79100,79800,461014,-0.0024999999999999467
2022-03-16,80700,81300,76800,79200,689589,-0.007518796992481258
2022-03-17,79100,79800,74500,75000,1207215,-0.05303030303030298
2022-03-18,75300,76800,74500,76500,498994,0.020000000000000018
2022-03-21,76200,77100,72900,73900,589283,-0.033986928104575154
2022-03-22,73400,77100,73000,76600,622633,0.03653585926928282
2022-03-23,76900,77000,74000,75200,470035,-0.018276762402088753
2022-03-24,75500,79600,74800,77200,759794,0.02659574468085113
2022-03-25,77100,78800,75200,77800,635169,0.007772020725388629
2022-03-28,77800,77800,74800,75200,556042,-0.033419023136246784
2022-03-29,75800,77000,75200,76000,370327,0.010638297872340496
2022-03-30,76800,80100,76100,79600,899932,0.047368421052631504
2022-03-31,79700,85600,77400,81600,1954048,0.025125628140703515
2022-04-01,81100,90000,80300,85900,2511482,0.052696078431372584
2022-04-04,86200,86700,80800,82200,1206362,-0.043073341094295725
2022-04-05,82200,82600,79700,80500,594566,-0.020681265206812682
2022-04-06,79500,81900,79000,80400,560448,-0.001242236024844745
2022-04-07,79600,80300,77500,77900,570593,-0.031094527363184077
2022-04-08,77900,79100,75800,77000,676254,-0.011553273427471145
2022-04-11,77300,78100,74800,74900,420191,-0.027272727272727226
2022-04-12,74500,75200,73300,74700,332188,-0.002670226969292422
2022-04-13,74800,77100,74100,76400,442856,0.022757697456492698
2022-04-14,76600,79000,76500,76900,496598,0.00654450261780104
2022-04-15,76700,78500,75700,77200,277683,0.0039011703511053764
2022-04-18,77100,77200,72000,72400,738801,-0.06217616580310881
2022-04-19,72700,74300,72000,73800,370192,0.01933701657458564
2022-04-20,73800,73900,71300,71400,451198,-0.03252032520325199
2022-04-21,71800,72500,70200,70500,367317,-0.012605042016806678
2022-04-22,69800,70300,67700,68900,513245,-0.02269503546099294
2022-04-25,67800,69500,67500,67500,336796,-0.020319303338171224
2022-04-26,68200,70400,68100,68600,369095,0.016296296296296253
2022-04-27,66700,69200,65700,68800,403949,0.00291545189504383
2022-04-28,69100,69400,67600,68400,187358,-0.005813953488372103
2022-04-29,68500,69600,67800,68200,241805,-0.0029239766081871066
2022-05-02,67400,67800,65600,67000,269919,-0.017595307917888547
2022-05-03,67500,69200,67200,68300,249823,0.0194029850746269
2022-05-04,68500,69000,67500,67900,139278,-0.005856515373352855
2022-05-06,67100,68300,66200,66500,235794,-0.020618556701030966
2022-05-09,65900,66400,60700,61200,850379,-0.07969924812030071
2022-05-10,59200,62300,57900,61700,821698,0.008169934640522847
2022-05-11,61000,63600,60600,61500,367445,-0.0032414910858995505
2022-05-12,60600,61000,57500,58000,662620,-0.05691056910569103
2022-05-13,58500,61100,58500,60400,360500,0.04137931034482767
2022-05-16,61200,62500,59900,61300,506552,0.01490066225165565
2022-05-17,64900,69900,64400,68700,1714119,0.12071778140293632
2022-05-18,68800,72600,68600,71400,773782,0.0393013100436681
2022-05-19,70000,71400,69400,70200,534618,-0.01680672268907568
2022-05-20,70200,72800,69700,71800,480063,0.02279202279202286
2022-05-23,71600,71700,67600,68700,629247,-0.04317548746518107
2022-05-24,68700,70300,67800,68000,349169,-0.010189228529839833
2022-05-25,67800,68700,66200,68000,393682,0.0
2022-05-26,68400,70000,67200,67600,300087,-0.00588235294117645
2022-05-27,68300,70700,68000,68800,327575,0.01775147928994092
2022-05-30,70000,71900,69600,70300,321890,0.021802325581395277
2022-05-31,70500,70600,68900,69500,211777,-0.011379800853485111
2022-06-02,69500,69500,66500,67000,337466,-0.03597122302158273
2022-06-03,67700,68200,66500,66900,203651,-0.0014925373134327957
2022-06-07,66800,68100,64300,65500,401298,-0.020926756352765308
2022-06-08,66000,68500,65100,67900,398600,0.03664122137404591
2022-06-09,67700,71400,67200,70300,740053,0.0353460972017674
2022-06-10,69700,71500,69300,70900,459149,0.008534850640113723
2022-06-13,69800,70400,68000,68500,487095,-0.03385049365303239
2022-06-14,67000,68200,65400,67400,570807,-0.016058394160583966
2022-06-15,67100,68200,64300,67100,649959,-0.004451038575667643
2022-06-16,68100,71400,66600,69800,736150,0.04023845007451565
2022-06-17,68200,69600,67800,69200,342919,-0.008595988538681931
2022-06-20,69600,70500,67500,69200,329843,0.0
2022-06-21,69200,70800,68300,69400,307737,0.0028901734104045396
2022-06-22,69800,70000,64500,64500,557238,-0.07060518731988474
2022-06-23,64000,65700,60700,60700,652276,-0.058914728682170514
2022-06-24,62000,66600,61800,66100,621636,0.08896210873146626
2022-06-27,66100,69000,65300,68000,408057,0.02874432677760974
2022-06-28,67900,67900,66000,66600,228245,-0.020588235294117685
2022-06-29,65500,65900,63900,64500,266863,-0.03153153153153154
2022-06-30,65100,65700,62500,63100,324873,-0.02170542635658912
2022-07-01,63800,64400,61500,61900,309974,-0.019017432646592725
2022-07-04,63400,65700,62000,64600,528795,0.043618739903069415
2022-07-05,64700,66400,64100,64800,352389,0.003095975232198178
2022-07-06,65500,68600,63800,64800,875211,0.0
2022-07-07,65800,66900,64300,65300,439133,0.007716049382715973
2022-07-08,66100,70000,65500,68500,913197,0.049004594180704464
2022-07-11,68800,69500,67300,68300,384664,-0.0029197080291970545
2022-07-12,67500,68700,66400,67000,279601,-0.019033674963396807
2022-07-13,66900,69400,66800,68500,334304,0.02238805970149249
2022-07-14,68200,71700,67900,70500,723101,0.029197080291970767
2022-07-15,71200,71700,69600,69800,397797,-0.009929078014184411
2022-07-18,70500,70900,67300,69300,266016,-0.007163323782234943
2022-07-19,69200,70600,68800,69600,235604,0.0043290043290042934
2022-07-20,70500,73600,69900,70900,572366,0.018678160919540332
2022-07-21,71200,71700,70400,71400,198378,0.007052186177715081
2022-07-22,71200,72700,70800,70800,223183,-0.008403361344537785
2022-07-25,70400,72700,70400,72500,280974,0.024011299435028333
2022-07-26,71800,72400,70200,71200,315085,-0.017931034482758568
2022-07-27,71000,71200,68200,68200,440167,-0.042134831460674205
2022-07-28,68900,69500,67000,67900,341897,-0.004398826979472137
2022-07-29,68400,69300,67900,69100,262500,0.01767304860088359
2022-08-01,69200,69300,67700,68000,247584,-0.01591895803183796
2022-08-02,68100,69100,67700,68800,220204,0.0117647058823529
2022-08-03,68900,72500,68900,72400,591626,0.05232558139534893
2022-08-04,73100,73500,71800,72700,301716,0.004143646408839796
2022-08-05,72800,73400,71400,73000,183830,0.004126547455295837
2022-08-08,72900,74600,72300,74500,290077,0.020547945205479534
2022-08-09,74600,76800,74000,75900,515675,0.01879194630872494
2022-08-10,75000,75900,72900,72900,373245,-0.03952569169960474
2022-08-11,74000,75900,73900,75000,388307,0.028806584362139898
2022-08-12,74800,75500,73500,75000,225357,0.0
2022-08-16,75200,76300,73500,76200,338896,0.016000000000000014
2022-08-17,74300,74400,69900,70300,1530733,-0.07742782152230976
2022-08-18,70300,71300,69300,70300,456582,0.0
2022-08-19,70500,71500,68500,68600,521212,-0.024182076813655806
2022-08-22,67700,69200,67500,67800,351190,-0.011661807580174877
2022-08-23,67300,67700,66100,66100,426418,-0.02507374631268433
2022-08-24,66700,67200,65100,66800,356056,0.010590015128593144
2022-08-25,67000,67900,66500,67400,430253,0.008982035928143617
2022-08-26,68100,70000,67300,68200,510081,0.011869436201780381
2022-08-29,65500,66400,65000,66100,388972,-0.030791788856304958
2022-08-30,66600,67700,65900,67400,221950,0.01966717095310133
2022-08-31,67800,70000,67500,69200,471004,0.026706231454005858
2022-09-01,68700,69300,67500,68000,228691,-0.017341040462427793
2022-09-02,68000,68900,67400,67600,166428,-0.00588235294117645
2022-09-05,67600,68400,66100,66600,174784,-0.014792899408283988
2022-09-06,67500,67600,65700,67000,165647,0.006006006006006093
2022-09-07,66300,67500,65800,67200,208630,0.0029850746268655914
2022-09-08,67800,68400,67200,67600,275545,0.005952380952380931
2022-09-13,68800,69800,67800,68300,213738,0.010355029585798814
2022-09-14,66800,66900,65000,65600,334575,-0.039531478770131745
2022-09-15,66100,66200,63900,64500,497105,-0.01676829268292679
2022-09-16,75300,78400,71500,76500,5971797,0.18604651162790709
2022-09-19,75200,76400,72300,73300,1281848,-0.04183006535947709
2022-09-20,74400,78100,73400,77000,1789644,0.05047748976807642
2022-09-21,76400,79700,76200,77400,1071347,0.0051948051948051965
2022-09-22,77000,80200,75900,77100,1123209,-0.003875968992248069
2022-09-23,76600,77000,73200,74000,583740,-0.04020752269779504
2022-09-26,73900,74400,70000,70600,716015,-0.04594594594594592
2022-09-27,71500,73100,69600,73100,634573,0.03541076487252126
2022-09-28,72200,72600,67100,67800,856958,-0.0725034199726402
2022-09-29,69300,71700,68500,70200,648004,0.03539823008849563
2022-09-30,69100,71300,68800,70800,491352,0.008547008547008517
2022-10-04,71500,71700,68000,70000,664083,-0.011299435028248594
2022-10-05,70900,71100,66500,66900,560286,-0.04428571428571426
2022-10-06,67400,67600,66100,66600,477163,-0.004484304932735439
2022-10-07,65500,67300,64100,66600,616928,0.0
2022-10-11,64500,65000,61500,61600,710459,-0.07507507507507505
2022-10-12,61600,64400,61000,63400,531914,0.02922077922077926
2022-10-13,63800,65500,63100,63200,482535,-0.003154574132492094
2022-10-14,65000,71800,64900,69200,1866064,0.09493670886075956
2022-10-17,68000,69600,66800,68700,586663,-0.007225433526011571
2022-10-18,69900,70400,67100,69200,584606,0.00727802037845704
2022-10-19,69500,69900,67300,67400,388440,-0.026011560693641633
2022-10-20,67200,68000,64600,65300,438647,-0.03115727002967361
2022-10-21,64900,65800,64000,65000,296611,-0.004594180704441064
2022-10-24,66200,67800,66000,67000,395950,0.03076923076923066
2022-10-25,67000,70300,66500,70200,451943,0.047761194029850795
2022-10-26,70200,71000,68800,69800,316315,-0.005698005698005715
2022-10-27,70500,74700,70200,72800,730512,0.042979942693409656
2022-10-28,72200,73800,71000,71500,347192,-0.017857142857142905
2022-10-31,70900,71800,68500,71100,426295,-0.005594405594405605
2022-11-01,71200,73100,66100,66900,884416,-0.05907172995780585
2022-11-02,66300,66700,64800,65100,534785,-0.026905829596412523
2022-11-03,63900,65400,63200,63900,369951,-0.018433179723502335
2022-11-04,63400,63900,62000,63000,448030,-0.014084507042253502
2022-11-07,63000,64200,62400,64000,261341,0.015873015873015817
2022-11-08,64000,65500,63400,64800,316386,0.012499999999999956
2022-11-09,64800,65200,63200,63400,345266,-0.021604938271604923
2022-11-10,62900,64500,62100,62900,322645,-0.007886435331230235
2022-11-11,65600,66500,64900,65500,498774,0.04133545310015907
2022-11-14,65700,66900,62800,65800,1006368,0.004580152671755711
2022-11-15,66700,68400,66400,68100,684697,0.0349544072948329
2022-11-16,68600,72000,68100,71700,937508,0.052863436123347984
2022-11-17,71100,76700,71100,73900,1099181,0.030683403068340276
2022-11-18,73700,77000,72400,73900,687991,0.0
2022-11-21,74500,76400,73800,75200,564020,0.017591339648173276
2022-11-22,74900,75600,72600,73400,392936,-0.02393617021276595
2022-11-23,75800,78000,74700,76700,924310,0.04495912806539515
2022-11-24,76800,78400,74800,77200,564986,0.006518904823989535
2022-11-25,76600,77500,75100,77200,383263,0.0
2022-11-28,77100,78400,76300,77500,331447,0.0038860103626943143
2022-11-29,77400,81700,76900,80300,787961,0.03612903225806452
2022-11-30,79900,80300,77900,79300,472957,-0.012453300124533051
2022-12-01,80300,82400,80000,81700,427831,0.030264817150063017
2022-12-02,81100,82600,81000,82100,305177,0.004895960832313362
2022-12-05,82000,83300,81000,81400,303520,-0.008526187576126665
2022-12-06,80300,80900,78600,79200,434006,-0.027027027027026973
2022-12-07,78700,80200,78200,79200,251374,0.0
2022-12-08,79200,79700,77500,78000,410667,-0.015151515151515138
2022-12-09,78600,80600,78600,79000,288590,0.012820512820512775
2022-12-12,79000,81600,78700,79400,310706,0.005063291139240533
2022-12-13,80500,80500,78100,78800,237993,-0.007556675062972307
2022-12-14,78000,80300,78000,79100,301583,0.0038071065989848663
2022-12-15,79000,80200,77000,77800,450712,-0.01643489254108721
2022-12-16,76400,78400,75700,78000,222172,0.0025706940874035134
2022-12-19,78000,81400,77800,81200,487656,0.0410256410256411
2022-12-20,80700,81800,78400,78500,304209,-0.03325123152709364
2022-12-21,79600,79700,77100,78000,247487,-0.006369426751592355
2022-12-22,78800,80100,77400,79800,284080,0.023076923076922995
2022-12-23,77500,78400,76600,77100,447413,-0.03383458646616544
2022-12-26,77100,79200,76400,79100,281080,0.025940337224383825
2022-12-27,79200,80200,78000,79300,408417,0.0025284450063212116
2022-12-28,79000,79100,75000,76000,754554,-0.04161412358133665
2022-12-29,75100,77200,74200,76700,492722,0.009210526315789558
2023-01-02,77300,78000,73300,75200,425582,-0.019556714471968717
2023-01-03,74900,78400,74700,77200,462240,0.02659574468085113
2023-01-04,77200,77400,74200,75200,337977,-0.025906735751295318
2023-01-05,75600,76900,73600,74400,297806,-0.010638297872340385
2023-01-06,74000,74400,71700,73900,441861,-0.006720430107526876
2023-01-09,75100,78000,75000,76300,429310,0.03247631935047357
2023-01-10,75900,76500,74300,74600,305640,-0.022280471821756187
2023-01-11,75400,77000,74200,77000,417695,0.03217158176943702
2023-01-12,79600,80800,76300,77700,850735,0.009090909090909038
2023-01-13,77500,78000,74900,75500,509649,-0.028314028314028294
2023-01-16,76200,76300,74000,74500,395986,-0.013245033112582738
2023-01-17,74200,74800,73000,73400,322259,-0.014765100671140896
2023-01-18,73500,74400,72900,74100,277235,0.0095367847411445
2023-01-19,73700,77100,73300,76800,631496,0.036437246963562764
2023-01-20,77000,84500,76500,83100,1784248,0.08203125
2023-01-25,84100,84600,80100,80600,987947,-0.030084235860409092
2023-01-26,80800,81700,79500,80300,506709,-0.003722084367245637
2023-01-27,80600,83000,80400,82500,589600,0.027397260273972712
2023-01-30,82900,86300,82400,84700,839077,0.026666666666666616
2023-01-31,84100,88700,83300,88000,714377,0.03896103896103886
2023-02-01,87700,88000,86100,86700,410616,-0.01477272727272727
2023-02-02,86900,89900,86100,89100,683339,0.02768166089965396
2023-02-03,89900,95900,88100,91000,2363145,0.021324354657688005
2023-02-06,90500,93900,89600,92200,646786,0.01318681318681314
2023-02-07,93000,99700,85700,90100,3863446,-0.022776572668112838
2023-02-08,95000,99800,92100,98700,3644350,0.09544950055493895
2023-02-09,100000,103300,95700,98500,3078346,-0.0020263424518743856
2023-02-10,115200,117000,107300,114700,8882805,0.1644670050761421
2023-02-13,115000,118300,114500,116000,3271133,0.011333914559721103
2023-02-14,116700,119100,116100,116800,2116337,0.006896551724137945
2023-02-15,118700,127900,117600,122600,4502599,0.04965753424657526
2023-02-16,124900,133600,120700,131900,4440720,0.07585644371941269
2023-02-17,132300,132900,126000,130100,2031182,-0.013646702047005355
2023-02-20,125000,125500,121700,121800,1686067,-0.06379707916986932
2023-02-21,124400,125500,122000,123500,1069774,0.013957307060755264
2023-02-22,123400,125800,120100,121100,1166770,-0.019433198380566785
2023-02-23,122500,127300,120600,126300,1832085,0.04293971924029738
2023-02-24,126000,126000,120700,121000,1659938,-0.04196357878068091
2023-02-27,122000,127100,119300,120300,2114459,-0.005785123966942196
2023-02-28,121200,128000,118700,127600,3477054,0.060681629260182834
2023-03-02,126000,131100,123700,128000,1256953,0.0031347962382444194
2023-03-03,127400,131000,124500,129200,1073133,0.009374999999999911
2023-03-06,125300,134900,124700,130100,2431975,0.006965944272445901
2023-03-07,147200,149700,146500,149700,3609572,0.15065334358186
2023-03-08,154100,161200,150600,158500,2568990,0.05878423513694053
2023-03-09,157000,157000,152600,154900,1073416,-0.022712933753943232
2023-03-10,152000,154000,146000,147800,3601004,-0.045836023240800494
2023-03-13,135000,135000,111300,113100,5457572,-0.23477672530446547
2023-03-14,114400,118000,112500,115200,2469659,0.018567639257294433
2023-03-15,114600,116300,113400,113400,1124623,-0.015625
2023-03-16,112200,113900,111300,111600,971273,-0.015873015873015928
2023-03-17,111900,113000,107500,113000,1195671,0.012544802867383575
2023-03-20,111000,113700,109200,113300,826024,0.0026548672566371057
2023-03-21,115000,115000,111500,113500,753541,0.001765225066195919
2023-03-22,113200,113800,111100,112000,836391,-0.013215859030836996
2023-03-23,111400,112400,106100,107200,326147,-0.042857142857142816
2023-03-24,106400,110600,104100,107200,322573,0.0
2023-03-27,105800,106300,90500,91100,1695358,-0.1501865671641791
2023-03-28,88200,95700,87600,94300,2789272,0.03512623490669586
2023-03-29,94300,98400,93000,97400,843826,0.0328738069989396
2023-03-30,97900,98900,94100,94100,700700,-0.033880903490759784
2023-03-31,93200,94900,92500,93200,443511,-0.009564293304994642
2023-04-03,93200,96300,93200,94400,446579,0.012875536480686733
2023-04-04,94500,96800,93000,96100,420019,0.018008474576271194
2023-04-05,96200,98500,94400,96200,408617,0.0010405827263266776
2023-04-06,96200,101600,96100,98000,615805,0.018711018711018657
2023-04-07,98800,99400,93400,97600,364670,-0.004081632653061273
2023-04-10,97400,97400,94800,95800,295454,-0.018442622950819665
2023-04-11,96000,98500,95800,97400,252215,0.016701461377870652
2023-04-12,97400,98600,94100,95200,412709,-0.022587268993839782
2023-04-13,95500,104800,95500,101700,1271206,0.06827731092436973
2023-04-14,101000,108000,100000,105500,596209,0.03736479842674534
2023-04-17,106200,106800,103000,104800,273654,-0.006635071090047351
2023-04-18,106100,109100,101300,102700,564128,-0.020038167938931317
2023-04-19,102700,106000,101200,104500,314819,0.017526777020447915
2023-04-20,104200,106800,101900,103000,318058,-0.014354066985645897
2023-04-21,103000,104300,98800,100500,269352,-0.024271844660194164
2023-04-24,100400,106100,100400,104600,295906,0.04079601990049753
2023-04-25,104600,106700,102900,103300,281346,-0.0124282982791587
2023-04-26,103300,108800,103200,108300,441812,0.048402710551790795
2023-04-27,108300,109300,105900,106200,295182,-0.01939058171745156
2023-04-28,107300,110000,106400,107200,258476,0.009416195856873921
2023-05-02,107300,113900,106800,112600,361912,0.050373134328358216
2023-05-03,112600,116600,111200,112500,466539,-0.000888099467140302
2023-05-04,113300,113700,106200,107300,378978,-0.046222222222222276
2023-05-08,109300,110000,103800,104800,389863,-0.02329916123019571
2023-05-09,105700,107200,102900,103400,300289,-0.013358778625954248
2023-05-10,103400,107100,103400,105700,269870,0.022243713733075543
2023-05-11,106100,110700,101000,107800,658013,0.019867549668874274
2023-05-12,109000,110400,104800,106400,401751,-0.012987012987012991
2023-05-15,106200,106700,101600,102500,393503,-0.03665413533834583
2023-05-16,103200,110400,102000,109200,925106,0.06536585365853664
2023-05-17,109200,119100,108600,113300,991794,0.037545787545787634
2023-05-18,112700,112900,109300,111000,301823,-0.02030008826125329
2023-05-19,112200,112400,106300,107600,354534,-0.03063063063063065
2023-05-22,107600,107600,104500,106900,272770,-0.006505576208178487
2023-05-23,107000,108900,105400,108100,234544,0.011225444340505097
2023-05-24,108500,108500,104200,105100,313977,-0.02775208140610541
2023-05-25,103300,106100,102900,103600,206101,-0.014272121788772574
2023-05-26,104200,106900,103700,104800,244413,0.01158301158301156
2023-05-30,104800,109500,103700,109400,333103,0.043893129770992356
2023-05-31,110300,114900,109500,109700,574950,0.002742230347349217
2023-06-01,109700,114600,100600,101800,2092346,-0.07201458523245219
2023-06-02,102700,103200,101200,101900,444578,0.0009823182711199419
2023-06-05,102000,102500,98600,100500,506533,-0.013738959764474923
2023-06-07,100000,105700,99500,103300,528834,0.027860696517412853
2023-06-08,103300,103600,101400,103400,349972,0.0009680542110357404
2023-06-09,103200,105800,102000,102000,348743,-0.013539651837524147
2023-06-12,103000,105200,101800,104400,321475,0.0235294117647058
2023-06-13,105500,109400,103800,108000,439951,0.034482758620689724
2023-06-14,109700,118200,109500,114900,1038431,0.06388888888888888
2023-06-15,116000,117400,113000,114800,467487,-0.0008703220191470518
2023-06-16,115600,118500,113000,117600,453509,0.024390243902439046
2023-06-19,117600,122300,115400,118900,498769,0.011054421768707412
2023-06-20,120000,124300,118900,121900,436314,0.025231286795626584
2023-06-21,121800,123100,117400,118800,344778,-0.025430680885972112
2023-06-22,117800,119600,113400,114200,597643,-0.03872053872053871
2023-06-23,114900,115200,110800,111000,323657,-0.028021015761821366
2023-06-26,110300,112000,109400,109700,193953,-0.011711711711711703
2023-06-27,108600,110900,106400,109700,238510,0.0
2023-06-28,109100,110200,107300,107300,213378,-0.021877848678213296
2023-06-29,107400,110500,105300,107000,258872,-0.002795899347623476
2023-06-30,107000,108800,105200,106800,202510,-0.0018691588785046953
2023-07-03,107300,107400,103500,106800,220891,0.0
2023-07-04,106800,111600,105200,109300,277584,0.023408239700374533
2023-07-05,108000,110100,106600,108200,202211,-0.010064043915828047
2023-07-06,108100,110600,106500,106700,254382,-0.013863216266173706
2023-07-07,106600,107400,104200,105500,183745,-0.011246485473289547
2023-07-10,105300,109500,104600,106600,272706,0.010426540284360186
2023-07-11,108900,117700,107900,117100,592171,0.09849906191369606
2023-07-12,117200,126700,114900,122700,731218,0.04782237403928269
2023-07-13,122800,124000,118200,121000,437574,-0.013854930725346382
2023-07-14,121100,121700,116000,117900,274774,-0.025619834710743805
2023-07-17,119200,122100,116100,116600,285223,-0.011026293469041604
2023-07-18,117400,119000,115700,116800,238259,0.0017152658662091813
2023-07-19,117300,119300,114200,118000,235286,0.010273972602739656
2023-07-20,118100,123800,115400,122400,304235,0.03728813559322042
2023-07-21,121100,121300,117000,118400,221850,-0.0326797385620915
2023-07-24,118100,119400,116100,116600,190275,-0.015202702702702742
2023-07-25,116700,129900,116600,124900,723958,0.07118353344768447
2023-07-26,125500,125600,116900,116900,452799,-0.06405124099279424
2023-07-27,117000,124300,117000,123400,370524,0.055603079555175405
2023-07-28,123600,128500,122100,128000,258017,0.037277147487844386
2023-07-31,128000,133500,124600,130600,287530,0.020312499999999956
2023-08-01,130600,134700,125800,134700,511320,0.031393568147013884
2023-08-02,134000,141100,131900,136100,874749,0.010393466963622755
2023-08-03,136100,142700,128300,132600,699620,-0.02571638501102136
2023-08-04,133000,140900,133000,137700,441630,0.03846153846153855
2023-08-07,138900,142000,138500,139000,396397,0.009440813362382006
2023-08-08,140600,141500,133300,138000,278479,-0.007194244604316502
2023-08-09,138700,138700,133500,135400,253730,-0.018840579710144967
2023-08-10,135700,138800,133000,136300,280833,0.006646971935007295
2023-08-11,135200,137700,130700,136500,206736,0.0014673514306675628
2023-08-14,135400,137500,129100,136700,276753,0.00146520146520146
2023-08-16,135700,137500,130600,131300,194744,-0.039502560351133864
2023-08-17,131400,133800,130400,131700,162260,0.0030464584920031346
2023-08-18,128700,128800,125400,127300,231009,-0.03340926347760065
2023-08-21,127300,133300,127000,131000,159067,0.029065200314218442
2023-08-22,131100,134500,130000,130600,142169,-0.003053435114503844
2023-08-23,130800,137000,130800,132700,194762,0.01607963246554367
2023-08-24,133000,134400,131700,133200,110584,0.0037678975131876236
2023-08-25,131800,136300,131300,134200,127354,0.007507507507507505
2023-08-28,135200,141800,134300,141300,318396,0.05290611028315939
2023-08-29,139900,147000,136200,141400,388277,0.0007077140835103357
2023-08-30,142000,142000,138000,138000,214994,-0.0240452616690241
2023-08-31,137900,140200,135300,137500,226796,-0.0036231884057971175
2023-09-01,137100,137700,132200,132200,208168,-0.03854545454545455
2023-09-04,131900,135800,127500,133300,242845,0.008320726172466042
2023-09-05,133200,134000,129500,132500,111706,-0.006001500375093727
2023-09-06,132900,139600,132900,139000,236793,0.049056603773584895
2023-09-07,137900,138200,132000,132000,259400,-0.05035971223021585
2023-09-08,132800,134600,130800,132800,151981,0.0060606060606061
2023-09-11,134100,135000,129800,134200,145167,0.010542168674698704
2023-09-12,134500,142500,134500,137300,324157,0.023099850968703484
2023-09-13,137800,142800,136100,137400,289656,0.0007283321194464509
2023-09-14,138100,141500,137800,139200,172600,0.013100436681222627
2023-09-15,138900,139200,134200,135200,183642,-0.028735632183908066
2023-09-18,134100,136800,132700,133100,111570,-0.015532544378698221
2023-09-19,133200,135400,132400,133100,90099,0.0
2023-09-20,132700,134300,130900,132500,93029,-0.004507888805409421
2023-09-21,131500,131900,127900,127900,172527,-0.03471698113207544
2023-09-22,126000,131300,125800,130300,122703,0.018764659890539548
2023-09-25,129100,134000,129000,132000,174764,0.01304681504221028
2023-09-26,132600,135000,130500,131400,105401,-0.004545454545454519
2023-09-27,130100,130900,125700,128300,224022,-0.023592085235920823
2023-10-04,126600,126800,120400,121000,239344,-0.05689789555728764
2023-10-05,122500,127700,121200,125100,139304,0.033884297520661244
2023-10-06,125900,128500,125400,125900,75711,0.006394884092725928
2023-10-10,126000,126000,116900,117500,411831,-0.06671961874503574
2023-10-11,119900,123700,119500,121700,202961,0.03574468085106375
2023-10-12,123900,127800,122400,126200,177649,0.03697617091207883
2023-10-13,126000,129400,124100,124600,119647,-0.01267828843106178
2023-10-16,122300,123600,119800,121400,176915,-0.025682182985553803
2023-10-17,123000,123400,119000,120000,131637,-0.011532125205930832
2023-10-18,121000,122200,119800,120900,97822,0.007500000000000062
2023-10-19,118500,119900,115200,115500,175883,-0.04466501240694787
2023-10-20,114500,116300,111500,113400,176440,-0.018181818181818188
2023-10-23,111600,114000,110800,112700,133736,-0.006172839506172867
2023-10-24,112500,113000,106900,113000,293835,0.002661934338952898
2023-10-25,114000,114600,109300,110900,226788,-0.018584070796460184
2023-10-26,107400,107800,102400,105200,324468,-0.05139765554553655
2023-10-27,105000,105800,99300,103900,555341,-0.012357414448669224
2023-10-30,104400,105200,100300,103800,207601,-0.0009624639076034613
2023-10-31,103500,105500,100000,100800,208975,-0.028901734104046284
2023-11-01,101400,104600,100000,104100,169513,0.032738095238095344
2023-11-02,105800,109800,105800,107800,206877,0.03554274735830942
2023-11-03,108100,108800,105100,105700,178171,-0.01948051948051943
2023-11-06,107500,112700,104300,112000,260876,0.0596026490066226
2023-11-07,112000,112500,106800,109000,181680,-0.0267857142857143
2023-11-08,110100,113400,104200,106700,317348,-0.02110091743119269
2023-11-09,106700,107900,102400,103300,312113,-0.03186504217432051
2023-11-10,102500,103900,100500,103000,131624,-0.0029041626331074433
2023-11-13,103700,104300,94400,95800,631508,-0.06990291262135917
2023-11-14,95800,97500,94700,95800,276839,0.0
2023-11-15,97700,98300,95900,96900,263931,0.01148225469728592
2023-11-16,96800,98000,94900,95800,190859,-0.011351909184726505
2023-11-17,95700,95800,89400,90600,448772,-0.05427974947807934
2023-11-20,90000,91200,89200,90300,294389,-0.0033112582781457123
2023-11-21,90600,92600,90600,91200,193491,0.009966777408637828
2023-11-22,91300,91800,90200,91000,96678,-0.002192982456140302
2023-11-23,91800,94200,91400,93800,191991,0.03076923076923066
2023-11-24,93800,93800,92000,92200,76725,-0.017057569296375252
2023-11-27,92700,92700,88500,88700,270679,-0.037960954446854656
2023-11-28,88600,89300,87400,87800,172240,-0.01014656144306647
2023-11-29,88100,88800,86300,87000,156557,-0.009111617312072884
2023-11-30,86600,87400,86000,86700,103589,-0.0034482758620689724
2023-12-01,86800,87300,84800,85100,192874,-0.018454440599769306
2023-12-04,85200,85200,82900,83000,183148,-0.024676850763807323
2023-12-05,83700,84400,82500,82500,135280,-0.0060240963855421326
2023-12-06,82700,87800,82700,86900,362940,0.05333333333333323
2023-12-07,86900,87200,84600,84700,93844,-0.025316455696202556
2023-12-08,85000,90100,84200,88200,239749,0.04132231404958686
2023-12-11,88300,89400,85900,86400,144714,-0.020408163265306145
2023-12-12,85800,86300,83100,84100,190016,-0.02662037037037035
2023-12-13,84500,87100,83700,85800,208467,0.02021403091557672
2023-12-14,86900,87900,84100,84100,267464,-0.019813519813519864
2023-12-15,84800,86000,83900,85800,109416,0.02021403091557672
2023-12-18,85900,88100,85600,87200,198507,0.01631701631701632
2023-12-19,87200,93000,86800,90300,430448,0.03555045871559637
2023-12-20,91200,92600,88800,89400,246052,-0.009966777408637828
2023-12-21,88900,91700,88800,91000,225903,0.017897091722595126
2023-12-22,91300,92200,90000,90100,148550,-0.009890109890109855
2023-12-26,90100,91100,88600,90400,129738,0.0033296337402886067
2023-12-27,89900,94400,89500,93600,292209,0.03539823008849563
2023-12-28,93600,93700,91700,92100,147930,-0.01602564102564108
2024-01-02,91600,94500,91200,93300,155536,0.013029315960912058
2024-01-03,91500,93100,89900,90000,181257,-0.03536977491961413
2024-01-04,89700,91400,88500,90000,133666,0.0
2024-01-05,90500,93700,90300,93700,256448,0.0411111111111111
2024-01-08,94000,94100,92700,93300,128110,-0.004268943436499417
2024-01-09,93400,96100,92500,95000,219309,0.018220793140407254
2024-01-10,95100,96500,93600,94600,201261,-0.004210526315789442
2024-01-11,94900,95500,92500,95300,199239,0.007399577167019
2024-01-12,95300,95800,87800,88200,364786,-0.07450157397691504
2024-01-15,88300,88900,84100,85500,312839,-0.030612244897959218
2024-01-16,85000,85500,79600,80000,344328,-0.06432748538011701
2024-01-17,80500,81900,79000,79800,226625,-0.0024999999999999467
2024-01-18,79500,81700,78000,79300,188825,-0.006265664160400974
2024-01-19,79500,81500,78700,79100,131025,-0.0025220680958385477
2024-01-22,80000,80600,79100,80100,126424,0.012642225031605614
2024-01-23,79700,82100,79700,80900,101396,0.009987515605493158
2024-01-24,80900,82600,80200,82500,115817,0.01977750309023496
2024-01-25,81600,81800,79300,80900,89378,-0.019393939393939408
2024-01-26,80500,83300,80100,82500,137729,0.01977750309023496
2024-01-29,82500,82500,77600,78100,226444,-0.053333333333333344
2024-01-30,78300,79000,77300,77800,121681,-0.003841229193341844
2024-01-31,77600,78000,75400,76300,192612,-0.019280205655527016
2024-02-01,76000,76700,73000,74300,306622,-0.026212319790301475
2024-02-02,74300,77500,74200,76100,197306,0.024226110363391617
2024-02-05,76300,76800,74700,75000,71502,-0.014454664914586024
2024-02-06,74800,75400,72600,72900,165554,-0.028000000000000025
2024-02-07,72500,74000,72300,73200,120952,0.004115226337448652
2024-02-08,73200,73600,72200,73000,196835,-0.002732240437158473
2024-02-13,73400,74900,71700,74700,184980,0.023287671232876672
2024-02-14,74000,78500,73300,77400,221518,0.03614457831325302
2024-02-15,78200,80800,77200,80000,206367,0.03359173126614978
2024-02-16,80000,81400,80000,80100,140938,0.0012499999999999734
2024-02-19,80200,80700,78400,79700,97739,-0.004993757802746579
2024-02-20,79700,80800,78500,79700,86843,0.0
2024-02-21,79000,82600,79000,81700,160679,0.025094102885821812
2024-02-22,81700,82300,80100,80300,124873,-0.017135862913096656
2024-02-23,80300,80800,79700,80200,62083,-0.001245330012453305
2024-02-26,80400,82500,80000,80700,66349,0.006234413965087171
2024-02-27,80700,81100,76700,77900,177558,-0.03469640644361838
2024-02-28,78200,80600,78200,79500,90977,0.020539152759948553
2024-02-29,79600,79700,77600,78200,86369,-0.01635220125786163
2024-03-04,78200,79400,74200,74500,227904,-0.04731457800511507
2024-03-05,74500,75000,73100,73600,93296,-0.012080536912751683
2024-03-06,73100,74200,72100,72200,124457,-0.01902173913043481
2024-03-07,72000,72400,70000,70900,189511,-0.018005540166205036
2024-03-08,71400,73700,71100,73100,124925,0.031029619181946355
2024-03-11,73100,77200,72700,75800,213800,0.0369357045143639
2024-03-12,75500,76400,74600,75300,108485,-0.006596306068601621
2024-03-13,75300,75900,74200,75300,82193,0.0
2024-03-14,75300,76500,74900,75100,133430,-0.0026560424966799445
2024-03-15,75000,75700,73700,74900,77701,-0.0026631158455392434
2024-03-18,74900,76300,74500,75200,54676,0.004005340453938633
2024-03-19,75000,76300,74800,75800,80054,0.007978723404255428
2024-03-20,76300,76900,75500,75700,76623,-0.0013192612137202797
2024-03-21,76400,78300,75500,77300,118994,0.021136063408190298
2024-03-22,76900,77600,75600,77000,60183,-0.0038809831824062613
2024-03-25,77300,79700,76600,79100,123834,0.027272727272727337
2024-03-26,79500,87400,78600,87100,596811,0.10113780025284447
2024-03-27,87100,92700,86900,88400,470720,0.014925373134328401
2024-03-28,87800,89400,85000,85400,215329,-0.0339366515837104
2024-03-29,85600,88000,84500,87800,160617,0.02810304449648715
2024-04-01,87800,87800,81400,83200,440443,-0.05239179954441908
2024-04-02,83000,83600,80900,81800,213266,-0.016826923076923128
2024-04-03,81800,84200,81700,81900,130083,0.0012224938875304847
2024-04-04,82000,82200,80000,81300,87294,-0.0073260073260073
2024-04-05,80100,82700,80100,81800,94683,0.006150061500614923
2024-04-08,82200,83100,80700,81100,90838,-0.008557457212713948
2024-04-09,81100,81800,77300,77900,101374,-0.039457459926017235
2024-04-11,76600,77900,74500,77900,149468,0.0
2024-04-12,77500,77800,74200,75100,143715,-0.03594351732991019
2024-04-15,74500,75600,73900,75300,53705,0.0026631158455392434
2024-04-16,75200,76500,74300,76000,79166,0.009296148738379806
2024-04-17,76100,76700,74900,75000,56573,-0.013157894736842146
2024-04-18,75700,77000,75000,76100,73328,0.014666666666666606
2024-04-19,76200,79500,75700,78100,116217,0.026281208935611033
2024-04-22,78800,83500,78800,81600,273242,0.04481434058898848
2024-04-23,81200,87300,80300,86400,359525,0.05882352941176472
2024-04-24,86500,86900,84700,85200,141751,-0.01388888888888884
2024-04-25,84400,85100,82400,82500,84804,-0.03169014084507038
2024-04-26,82600,84200,80500,81000,112798,-0.018181818181818188
2024-04-29,81000,81700,79800,80400,115469,-0.007407407407407418
2024-04-30,80400,80400,79000,79300,103565,-0.013681592039801016
2024-05-02,78800,84000,78800,81600,197997,0.029003783102143688
2024-05-03,81600,86300,81500,85800,180074,0.05147058823529416
2024-05-07,86800,86800,84000,86000,105038,0.002331002331002363
2024-05-08,85000,87000,82600,84300,139082,-0.019767441860465085
2024-05-09,84000,84400,80800,82200,175474,-0.02491103202846978
2024-05-10,81900,86200,81500,83200,185940,0.012165450121654597
2024-05-13,83200,83200,77800,78500,226383,-0.05649038461538458
2024-05-14,78500,82000,78200,81000,125269,0.031847133757961776
2024-05-16,82100,82900,81200,82700,89643,0.020987654320987703
2024-05-17,83500,86300,82700,85900,216776,0.038694074969770176
2024-05-20,85900,86000,81300,81700,188569,-0.04889406286379516
2024-05-21,82000,82100,80700,81900,65450,0.00244798041615657
2024-05-22,82300,83300,81600,81600,65386,-0.00366300366300365
2024-05-23,81300,91100,81000,90800,498047,0.11274509803921573
2024-05-24,90000,92000,88900,91000,429545,0.0022026431718060735
2024-05-27,97200,100700,94600,95800,865729,0.05274725274725278
2024-05-28,91100,93000,90100,90700,1690416,-0.05323590814196244
2024-05-29,91200,91500,86500,86500,410048,-0.0463065049614112
2024-05-30,86400,90500,85200,90100,318715,0.04161849710982657
2024-05-31,88800,92000,87500,91300,277655,0.013318534961154205
2024-06-03,91600,92100,88800,89200,222296,-0.02300109529025196
2024-06-04,89200,90900,80500,81900,630725,-0.08183856502242148
2024-06-05,84900,86900,83500,85500,501351,0.04395604395604402
2024-06-07,85000,85300,83200,83500,165274,-0.023391812865497075
2024-06-10,82500,86500,82200,85600,156203,0.025149700598802394
2024-06-11,85600,86000,82700,83200,201576,-0.028037383177570097
2024-06-12,83200,84400,81200,81400,206323,-0.02163461538461542
2024-06-13,81800,82600,81100,82000,219280,0.0073710073710073765
2024-06-14,82000,82300,79900,79900,209365,-0.025609756097561
2024-06-17,79900,80300,78500,80000,136736,0.0012515644555695093
2024-06-18,80700,82200,80100,81300,110778,0.016250000000000098
2024-06-19,81300,81300,79400,80800,121762,-0.006150061500615034
2024-06-20,81000,81800,79900,79900,97976,-0.011138613861386149
2024-06-21,79700,80300,78200,79500,118272,-0.005006257822277815
2024-06-24,78900,80000,77600,77700,140169,-0.02264150943396226
2024-06-25,77700,78200,76200,76800,127178,-0.01158301158301156
2024-06-26,76800,78900,76000,77300,112218,0.006510416666666741
2024-06-27,77300,78200,75900,76300,118091,-0.012936610608020649
2024-06-28,77200,81000,77000,80400,246891,0.053735255570118046
2024-07-01,80100,80800,78300,80500,104311,0.0012437810945273853
2024-07-02,80300,81800,79300,80100,136308,-0.004968944099378869
2024-07-03,79900,80300,78600,78600,88982,-0.01872659176029967
2024-07-04,78600,79400,76500,78500,174532,-0.0012722646310432406
2024-07-05,78000,79000,77300,77600,115799,-0.01146496815286624
2024-07-08,77000,80000,76900,78800,152192,0.015463917525773141
2024-07-09,78800,79100,77800,78100,86766,-0.008883248730964466
2024-07-10,77900,79000,77900,78200,61879,0.001280409731113874
2024-07-11,78200,78500,76700,76700,175981,-0.019181585677749413
2024-07-12,76700,79400,76700,77800,192667,0.014341590612777066
2024-07-15,78000,78100,75300,75800,177143,-0.02570694087403602
2024-07-16,75800,76200,75000,75500,89785,-0.00395778364116095
2024-07-17,75300,76800,73900,73900,144679,-0.021192052980132492
2024-07-18,73300,74300,72300,73200,103597,-0.009472259810554773
2024-07-19,73000,73500,69600,73300,201310,0.001366120218579292
2024-07-22,73300,73600,71700,72100,64156,-0.016371077762619368
2024-07-23,72100,74700,72100,72800,111716,0.009708737864077666
2024-07-24,72000,73200,71300,71400,56844,-0.019230769230769273
2024-07-25,70400,71000,69700,70000,89844,-0.019607843137254943
2024-07-26,69900,70700,68700,69800,96381,-0.0028571428571428914
2024-07-29,69800,71100,69600,70000,49980,0.002865329512893977
2024-07-30,70000,71700,69300,69500,83529,-0.0071428571428571175
2024-07-31,69300,70800,69300,70600,65490,0.015827338129496438
2024-08-01,70600,71000,70000,70300,60412,-0.004249291784702569
2024-08-02,69600,72400,68900,70500,103135,0.002844950213371167
2024-08-05,69500,70300,61300,63700,214776,-0.09645390070921989
2024-08-06,64500,67500,63900,65300,138389,0.02511773940345363
2024-08-07,64700,73000,64700,70900,282179,0.08575803981623276
2024-08-08,69900,72400,69100,70400,139425,-0.007052186177715081
2024-08-09,71000,71300,67400,68200,151681,-0.03125
2024-08-12,67900,68700,67300,68100,60110,-0.0014662756598240456
2024-08-13,67600,68500,66700,66800,53112,-0.019089574155653488
2024-08-14,67100,67100,64500,64900,262695,-0.02844311377245512
2024-08-16,65900,66300,64900,65600,131643,0.01078582434514641
2024-08-19,65900,66900,64900,65200,99530,-0.0060975609756097615
2024-08-20,65300,65700,65000,65300,46374,0.0015337423312884457
2024-08-21,65100,66400,65000,65500,51653,0.003062787136294043
2024-08-22,65500,67400,65500,67200,92002,0.025954198473282508
2024-08-23,66600,67000,65500,66400,51802,-0.011904761904761862
2024-08-26,66200,67700,65900,66400,54994,0.0
2024-08-27,66400,66400,64800,65300,55567,-0.016566265060240948
2024-08-28,65900,66800,65400,65900,73539,0.009188361408882129
2024-08-29,64500,64600,62300,62700,217682,-0.04855842185128978
2024-08-30,62700,63300,62100,62800,67335,0.0015948963317384823
2024-09-02,62900,64200,62500,63200,46946,0.006369426751592355
2024-09-03,63200,64200,61600,61700,100448,-0.02373417721518989
2024-09-04,60300,61000,56600,57300,447998,-0.07131280388978933
2024-09-05,57300,60500,57300,59100,177402,0.03141361256544495
2024-09-06,59400,59400,56300,56300,130510,-0.04737732656514382
2024-09-09,55500,57100,55100,56900,77021,0.010657193605683846
2024-09-10,56900,57300,55900,56000,47195,-0.01581722319859402
2024-09-11,56100,58100,56100,57100,74246,0.019642857142857073
2024-09-12,57100,58900,56900,58000,79666,0.015761821366024442
2024-09-13,58100,58800,57200,58100,72978,0.0017241379310344307
2024-09-19,59000,59200,57800,58800,57813,0.012048192771084265
2024-09-20,59300,59500,58000,58000,54388,-0.013605442176870763
2024-09-23,58000,59700,57800,59100,47287,0.018965517241379404
2024-09-24,59700,61900,59400,61500,95406,0.04060913705583746
2024-09-25,62200,64400,61300,61700,151370,0.003252032520325132
2024-09-26,63400,66300,61700,66100,155738,0.07131280388978922
2024-09-27,66500,69200,65200,67800,169614,0.02571860816944027
2024-09-30,68700,68900,66300,66900,94566,-0.013274336283185861
2024-10-02,65700,67200,65600,66600,66465,-0.004484304932735439
2024-10-04,66500,68700,66100,67500,68929,0.013513513513513598
2024-10-07,67500,68200,66000,67300,49082,-0.002962962962962945
2024-10-08,67300,69600,66900,67200,92359,-0.0014858841010401136
2024-10-10,67300,67700,66100,67400,59997,0.0029761904761904656
2024-10-11,67400,67800,65100,65300,85569,-0.03115727002967361
2024-10-14,65300,67700,64700,67400,65345,0.03215926493108734
2024-10-15,67000,67800,65300,67100,91772,-0.004451038575667643
2024-10-16,66200,66900,65700,65700,50880,-0.02086438152011927
2024-10-17,66000,68100,66000,67200,95265,0.022831050228310446
2024-10-18,67800,69100,66800,67500,84659,0.0044642857142858094
2024-10-21,67500,70000,67100,68000,128637,0.007407407407407307
2024-10-22,68200,70700,67300,69800,183662,0.026470588235294024
2024-10-23,70500,71900,67900,71600,173419,0.025787965616045794
2024-10-24,71600,71600,69800,69800,96315,-0.025139664804469275
2024-10-25,70400,71000,68000,70300,105095,0.007163323782235054
2024-10-28,71300,71500,67800,70100,108543,-0.002844950213371278
2024-10-29,69500,70800,68900,70800,49046,0.009985734664764712
2024-10-30,70800,72100,69900,70000,60157,-0.011299435028248594
2024-10-31,69100,71000,68800,70900,53743,0.0128571428571429
2024-11-01,70600,70600,69100,69800,51362,-0.015514809590973178
2024-11-04,71000,76400,70800,74900,439475,0.07306590257879653
2024-11-05,74300,80800,74300,77300,523647,0.03204272363150862
2024-11-06,77000,78100,75100,77600,211746,0.0038809831824062613
2024-11-07,77000,77000,74000,75600,135322,-0.02577319587628868
2024-11-08,76300,76600,74500,74800,79186,-0.010582010582010581
2024-11-11,74500,75900,74300,74600,58366,-0.002673796791443861
2024-11-12,74200,74700,68500,68700,263223,-0.079088471849866
2024-11-13,68900,73000,68500,71500,174711,0.040756914119359555
2024-11-14,73900,75300,70600,74200,210327,0.03776223776223775
2024-11-15,74000,78000,72400,76900,189203,0.03638814016172498
2024-11-18,77000,78200,75700,77700,155581,0.01040312093628093
2024-11-19,77500,81000,77300,80700,269147,0.03861003861003853
2024-11-20,80400,81000,78500,79100,149816,-0.019826517967781898
2024-11-21,79400,80100,77400,78100,105398,-0.012642225031605614
2024-11-22,78100,81500,76800,80200,198902,0.02688860435339313
2024-11-25,82400,86100,81800,82600,308818,0.029925187032418865
2024-11-26,82100,84900,81800,84000,141326,0.016949152542372836
2024-11-27,84000,87400,83400,86500,243446,0.029761904761904656
2024-11-28,87000,88000,83300,83600,170046,-0.03352601156069368
2024-11-29,82600,86500,81300,84800,207832,0.014354066985645897
2024-12-02,85600,87500,83700,84600,190446,-0.002358490566037763
2024-12-03,84300,86400,81600,82000,238723,-0.030732860520094607
2024-12-04,79800,83100,79100,82300,218399,0.003658536585365857
2024-12-05,82000,83500,78300,78500,176109,-0.04617253948967193
2024-12-06,78900,79400,76600,78400,126742,-0.001273885350318471
2024-12-09,76700,76800,73400,74000,160927,-0.056122448979591844
2024-12-10,74800,77600,74700,75600,172782,0.021621621621621623
2024-12-11,74900,78100,74900,77600,88666,0.02645502645502651
2024-12-12,78500,79200,76100,76900,200472,-0.009020618556700999
2024-12-13,76900,83000,76700,81000,230107,0.053315994798439625
2024-12-16,81400,81900,78200,79300,92228,-0.020987654320987703
2024-12-17,79900,80000,75700,76000,204818,-0.04161412358133665
2024-12-18,76500,79500,75900,78200,107259,0.02894736842105261
2024-12-19,77100,79500,76700,78000,101748,-0.002557544757033292
2024-12-20,77200,78500,75800,75900,79024,-0.02692307692307694
2024-12-23,76200,78400,75000,77100,77925,0.015810276679841806
2024-12-24,77700,78000,75500,75800,57312,-0.016861219195849597
2024-12-26,76000,78900,75600,77000,96610,0.0158311345646438
2024-12-27,76700,76800,73800,74700,99749,-0.029870129870129825
2024-12-30,73300,76700,72900,75600,81568,0.012048192771084265
2025-01-02,75100,76500,70200,71500,184848,-0.05423280423280419
2025-01-03,71900,73600,71800,72600,101803,0.01538461538461533
2025-01-06,71900,72600,70000,70400,244234,-0.030303030303030276
2025-01-07,70700,72400,70200,70300,271376,-0.0014204545454545858
2025-01-08,70300,70400,68000,68700,221125,-0.022759601706970112
2025-01-09,68700,69500,68000,68300,164715,-0.005822416302765698
2025-01-10,68400,69400,67200,68900,216471,0.008784773060029227
2025-01-13,69500,72700,69200,72000,408318,0.044992743105950694
2025-01-14,72700,77200,71700,77000,305099,0.06944444444444442
2025-01-15,77200,77500,75600,77300,132602,0.003896103896103842
2025-01-16,78000,78100,75800,77100,126576,-0.002587322121604174
2025-01-17,76500,80100,76500,78400,155226,0.016861219195849486
2025-01-20,78800,80000,77200,78300,127925,-0.0012755102040816757
2025-01-21,79100,80300,78400,78800,79260,0.0063856960408683605
2025-01-22,78500,80700,77000,79900,161706,0.013959390862944066
2025-01-23,79900,84500,79500,81800,268400,0.02377972465581979
2025-01-24,82300,86300,81400,84000,236537,0.02689486552567244
2025-01-31,84100,85100,83300,83500,128773,-0.005952380952380931
2025-02-03,83400,85900,82700,83600,172289,0.0011976047904191933
2025-02-04,84300,87800,82900,86800,207505,0.038277511961722466
2025-02-05,87300,90200,86100,87900,240076,0.012672811059907918
2025-02-06,87700,89100,87000,87900,89701,0.0
2025-02-07,88400,89400,87400,87600,83063,-0.0034129692832765013
2025-02-10,93000,96900,90400,92300,648579,0.053652968036529636
2025-02-11,94500,95200,91100,95000,376637,0.02925243770314201
2025-02-12,95500,95500,91400,93600,199419,-0.01473684210526316
2025-02-13,94000,94100,90500,91400,245488,-0.023504273504273532
2025-02-14,91400,96200,90800,92300,266011,0.009846827133479286
2025-02-17,92200,92200,88100,89200,228314,-0.03358613217768147
2025-02-18,89200,91700,88400,91200,138799,0.022421524663677195
2025-02-19,91400,96600,90100,96500,307376,0.058114035087719396
2025-02-20,106900,107800,98400,101400,1052281,0.050777202072538774
2025-02-21,101400,101400,97200,99500,244318,-0.018737672583826415
2025-02-24,99200,101100,96000,100200,241560,0.007035175879396949
2025-02-25,100000,104700,98400,101900,301282,0.01696606786427135
2025-02-26,101000,102900,99100,99400,150463,-0.024533856722276703
2025-02-27,99400,103200,98600,102000,183825,0.026156941649899457
2025-02-28,100700,104800,100400,100400,255865,-0.015686274509803977
2025-03-04,95500,101600,93900,100900,212425,0.004980079681274896
2025-03-05,101000,102300,96900,98100,164058,-0.027750247770069403
2025-03-06,98900,99300,95700,96600,148731,-0.015290519877675823
2025-03-07,96900,100800,96400,98100,165355,0.01552795031055898
2025-03-10,97900,99000,90100,95500,243858,-0.02650356778797147
2025-03-11,92600,98200,92400,96800,126135,0.013612565445026092
2025-03-12,96100,97700,93500,93800,157956,-0.030991735537190035
2025-03-13,92800,94400,92400,93400,142466,-0.004264392324093813
2025-03-14,92800,93800,90500,91200,156717,-0.023554603854389677
2025-03-17,91200,95600,90100,93400,162679,0.02412280701754388
2025-03-18,94800,95700,91800,93700,141295,0.0032119914346895317
2025-03-19,94000,101500,94000,100000,290232,0.06723585912486651
2025-03-20,99700,100200,94000,95000,173514,-0.050000000000000044
2025-03-21,96700,100600,95900,100300,166619,0.05578947368421061
2025-03-24,99900,104200,99800,102700,152897,0.023928215353938187
2025-03-25,102700,105500,100300,103900,171472,0.011684518013632017
2025-03-26,104700,105500,101600,105000,99795,0.010587102983638186
2025-03-27,104300,110300,103700,108600,255721,0.03428571428571425
2025-03-28,110000,110000,106100,107000,76078,-0.014732965009208066
2025-03-31,106700,109000,104800,107300,182649,0.002803738317757043
2025-04-01,107300,109900,103000,106100,191030,-0.011183597390493905
2025-04-02,106100,107800,103000,104200,155476,-0.01790763430725728
2025-04-03,102500,109300,102500,108200,263133,0.03838771593090207
2025-04-04,109800,117300,105200,115900,743209,0.0711645101663585
2025-04-07,113300,114500,109000,109900,212753,-0.0517687661777394
2025-04-08,111600,112700,108000,110600,138320,0.006369426751592355
2025-04-09,111400,111400,101100,107700,230835,-0.02622061482820981
2025-04-10,110200,110800,103200,107300,349135,-0.00371402042711233
2025-04-11,106000,110000,105700,106400,169712,-0.008387698042870428
2025-04-14,105800,106400,102700,105400,272698,-0.009398496240601517
2025-04-15,105600,107800,104300,105700,135360,0.002846299810246755
2025-04-16,105700,110300,104900,106800,187413,0.010406811731314969
2025-04-17,108300,115500,107000,114500,281704,0.07209737827715346
2025-04-18,114000,118500,113900,116300,153076,0.015720524017467152
2025-04-21,116400,117500,111600,113500,112678,-0.02407566638005154
2025-04-22,113500,115000,111900,113600,83949,0.0008810572687225626
2025-04-23,114400,114400,110600,112500,93277,-0.009683098591549255
2025-04-24,111300,113000,110700,112200,62359,-0.002666666666666706
2025-04-25,113000,119700,111600,117000,181369,0.04278074866310155
2025-04-28,118000,119100,116000,119000,123086,0.017094017094017033
2025-04-29,121700,124900,119500,120800,157616,0.015126050420168013
2025-04-30,121500,124100,120900,123900,174468,0.025662251655629076
2025-05-02,125000,129100,124600,127500,258128,0.029055690072639306
2025-05-07,128000,134300,121100,125500,476207,-0.015686274509803977
2025-05-08,126200,126300,120300,122500,325783,-0.0239043824701195
2025-05-09,123400,128000,121900,126300,220379,0.031020408163265234
2025-05-12,124200,125000,118000,119900,277973,-0.05067300079176562
2025-05-13,118300,122300,117200,121100,142385,0.010008340283569561
2025-05-14,121200,125400,121100,124400,153667,0.02725020644095788
2025-05-15,123500,125000,119700,120500,149352,-0.031350482315112504
2025-05-16,120700,121200,118400,119700,164024,-0.00663900414937757
2025-05-19,118400,120400,116900,118900,102210,-0.006683375104427736
2025-05-20,120500,122100,119000,120600,131850,0.014297729184188368
2025-05-21,120600,124000,117100,123800,181852,0.026533996683250516
2025-05-22,122700,127900,121900,126800,139142,0.024232633279483107
2025-05-23,126800,132800,126300,132400,268948,0.04416403785488954
2025-05-26,133300,133300,129100,132700,234216,0.0022658610271903967
2025-05-27,132500,137500,128400,129900,325267,-0.02110022607385076
2025-05-28,132600,139500,126400,127900,2692052,-0.015396458814472713
2025-05-29,129300,139700,125100,137400,375434,0.07427677873338556
2025-05-30,136500,138200,127100,128300,346370,-0.0662299854439592
2025-06-02,129300,131700,128300,129900,168142,0.01247077162899446
2025-06-04,131800,131800,127600,128100,187778,-0.01385681293302543
2025-06-05,129100,136200,129100,134400,262324,0.049180327868852514
2025-06-09,137500,141500,136400,138200,179262,0.028273809523809534
2025-06-10,140000,144700,137400,140900,196111,0.01953690303907374
2025-06-11,142000,142500,138700,139600,150176,-0.009226401703335663
2025-06-12,138300,139700,137500,137500,265860,-0.015042979942693435
2025-06-13,137500,139300,130200,132300,332346,-0.03781818181818186
2025-06-16,132500,137200,131700,135500,131393,0.024187452758881234
2025-06-17,135300,135900,131500,135300,136315,-0.0014760147601475815
2025-06-18,133900,139100,133600,134900,123655,-0.002956393200295615
2025-06-19,136000,138800,132500,135000,161661,0.000741289844329085
2025-06-20,135600,138200,133200,138200,136711,0.023703703703703782
2025-06-23,137000,137800,131600,133300,197642,-0.0354558610709117
2025-06-24,134700,138600,134100,135800,175868,0.01875468867216812
2025-06-25,137200,137300,131500,134500,134234,-0.009572901325478611
2025-06-26,134000,135600,131500,133800,108969,-0.005204460966542701
2025-06-27,133900,139700,131300,137500,189327,0.027653213751868355
2025-06-30,137500,142800,137500,141000,169026,0.025454545454545396
2025-07-01,140300,146500,139500,143900,182508,0.020567375886524797
2025-07-02,144100,152500,141200,144500,191240,0.004169562195969423
2025-07-03,144600,145600,135300,135700,235074,-0.0608996539792388
2025-07-04,135600,136600,130400,130500,133931,-0.03831982313927784
2025-07-07,129700,132800,127400,129300,116576,-0.00919540229885063
2025-07-08,131800,136400,131200,133400,189231,0.031709203402938924
2025-07-09,133800,137100,130500,133900,118969,0.0037481259370315545
2025-07-10,134300,134700,130700,133800,147277,-0.0007468259895444529
2025-07-11,133900,138800,133800,136200,163359,0.017937219730941756
2025-07-14,136100,138500,133300,134400,119379,-0.013215859030836996
2025-07-15,134400,136300,132200,133700,127673,-0.00520833333333337
2025-07-16,133000,133900,130600,130800,91676,-0.02169035153328347
2025-07-17,130300,132600,129000,131700,100345,0.006880733944954143
2025-07-18,131500,132100,129800,130700,64506,-0.00759301442672744
2025-07-21,130500,141000,129900,139800,272368,0.06962509563886754
2025-07-22,138000,140500,137100,138200,102939,-0.011444921316165924
2025-07-23,139000,139400,132500,133100,122167,-0.0369030390738061
2025-07-24,133500,133600,128600,131100,125464,-0.015026296018031515
2025-07-25,131300,131500,123100,124700,243837,-0.04881769641495037
2025-07-28,123800,124300,119300,121500,213757,-0.02566158781074579
