Date,Open,High,Low,Close,Volume,Change
2022-01-03,59000,59800,58900,59100,716944,0.0016949152542373724
2022-01-04,59100,59200,57200,57300,1221416,-0.030456852791878153
2022-01-05,57400,57400,55000,55600,2068038,-0.029668411867364797
2022-01-06,55200,56700,54600,56000,2263007,0.007194244604316502
2022-01-07,55600,56200,55000,55000,1180315,-0.017857142857142905
2022-01-10,54200,54400,50600,51100,4158580,-0.07090909090909092
2022-01-11,50900,51200,49200,49350,3785349,-0.03424657534246578
2022-01-12,49500,50400,49200,49300,3316544,-0.0010131712259371373
2022-01-13,49450,50200,48800,48850,1860929,-0.009127789046653123
2022-01-14,48300,48350,46150,46300,3731973,-0.05220061412487209
2022-01-17,45800,46350,44750,45100,3038409,-0.02591792656587477
2022-01-18,45150,45350,43200,43300,3559369,-0.039911308203991136
2022-01-19,42100,43250,41150,41800,3714279,-0.034642032332563466
2022-01-20,42150,43200,40350,42750,4998251,0.022727272727272707
2022-01-21,42050,44900,42000,43800,5118066,0.024561403508772006
2022-01-24,43550,43700,41850,42000,1947137,-0.04109589041095896
2022-01-25,42050,42400,40200,40250,2238405,-0.04166666666666663
2022-01-26,40300,42500,40300,40550,3305595,0.007453416149068248
2022-01-27,40850,41100,39550,39650,2378780,-0.022194821208384674
2022-01-28,40000,41200,39550,41000,2106118,0.034047919293821005
2022-02-03,41850,42150,41050,41350,2175768,0.008536585365853666
2022-02-04,41350,42350,41150,42100,1646053,0.018137847642079707
2022-02-07,41650,44400,41600,42350,6206268,0.005938242280284944
2022-02-08,42500,44700,42500,44650,4619733,0.05430932703659974
2022-02-09,45250,45300,43800,44200,1795917,-0.01007838745800671
2022-02-10,44900,44950,42550,42800,4415967,-0.03167420814479638
2022-02-11,42200,43200,41550,42150,2236543,-0.015186915887850483
2022-02-14,41500,43950,41000,43950,2375865,0.04270462633451966
2022-02-15,43800,44800,43400,44200,2176377,0.005688282138794021
2022-02-16,45250,46500,45050,46450,2671604,0.05090497737556565
2022-02-17,46650,49900,46300,49400,6275312,0.06350914962325072
2022-02-18,48550,50300,47800,49350,2429903,-0.0010121457489878916
2022-02-21,48350,49500,48100,48900,1327359,-0.00911854103343468
2022-02-22,48100,48700,47000,47250,1860053,-0.033742331288343586
2022-02-23,47600,48000,47050,47100,987573,-0.0031746031746031633
2022-02-24,46550,48250,46300,46900,1672140,-0.00424628450106157
2022-02-25,47750,48950,47450,47750,1879588,0.01812366737739879
2022-02-28,47850,48650,47600,48000,1108458,0.005235602094240788
2022-03-02,47600,48150,47500,47900,813429,-0.002083333333333326
2022-03-03,48300,48800,48200,48600,1014446,0.014613778705636848
2022-03-04,48350,50300,48350,48700,1928618,0.002057613168724215
2022-03-07,48200,48200,47300,47350,1175263,-0.02772073921971252
2022-03-08,46650,48500,46100,48000,1817425,0.01372756071805692
2022-03-10,48500,49950,48100,48150,1492601,0.0031250000000000444
2022-03-11,48750,49150,48200,48900,935328,0.015576323987538832
2022-03-14,48950,50000,48900,49800,1481934,0.018404907975460016
2022-03-15,50200,52600,49850,52500,2845488,0.054216867469879526
2022-03-16,53100,53500,51400,52600,1531086,0.0019047619047618536
2022-03-17,53300,53600,52000,52100,1248069,-0.009505703422053258
2022-03-18,52300,52800,51800,52800,834273,0.013435700575815668
2022-03-21,52800,53000,50200,50500,1389894,-0.04356060606060608
2022-03-22,50300,51200,49900,50900,764010,0.007920792079207928
2022-03-23,51200,52300,51100,52300,1190716,0.027504911591355707
2022-03-24,51600,52100,50700,51400,728320,-0.017208413001912004
2022-03-25,51500,51800,51000,51000,510880,-0.0077821011673151474
2022-03-28,51000,51000,49800,50000,795384,-0.019607843137254943
2022-03-29,50100,50300,48800,49750,854459,-0.0050000000000000044
2022-03-30,50100,50300,49800,50300,630088,0.011055276381909618
2022-03-31,50300,52000,50000,51600,1458343,0.025844930417495027
2022-04-01,51600,51700,50200,50900,909935,-0.013565891472868241
2022-04-04,51000,51100,50300,50800,506591,-0.0019646365422396617
2022-04-05,51000,51100,49800,49800,1143188,-0.019685039370078705
2022-04-06,49500,49550,48300,48350,1560643,-0.029116465863453844
2022-04-07,47900,47900,46200,46200,1427208,-0.0444674250258531
2022-04-08,46500,47100,45350,46100,1061127,-0.0021645021645021467
2022-04-11,45850,47100,45350,45350,1053938,-0.01626898047722347
2022-04-12,45050,46000,44900,45300,893701,-0.0011025358324145973
2022-04-13,45400,46900,45150,46850,796378,0.034216335540838916
2022-04-14,46850,46900,46050,46700,762627,-0.0032017075773745907
2022-04-15,46150,46800,45600,46200,566334,-0.010706638115631661
2022-04-18,45800,45800,45350,45400,606716,-0.017316017316017285
2022-04-19,45600,46200,45550,45600,481474,0.004405286343612369
2022-04-20,45700,45700,45050,45150,869238,-0.009868421052631526
2022-04-21,45550,45600,45000,45050,618728,-0.0022148394241418012
2022-04-22,45000,45050,43500,43600,1718671,-0.0321864594894562
2022-04-25,42600,42900,42200,42450,1198617,-0.026376146788990806
2022-04-26,42800,43800,42700,43250,1091442,0.018845700824499323
2022-04-27,41750,42650,41700,42250,864720,-0.023121387283236983
2022-04-28,42450,42950,41900,42950,702336,0.016568047337278013
2022-04-29,42900,42950,42200,42350,1111677,-0.01396973224679865
2022-05-02,42200,42250,41000,41100,1273319,-0.029515938606847647
2022-05-03,41400,41750,41100,41250,1368156,0.0036496350364962904
2022-05-04,41300,41800,41050,41450,1283809,0.00484848484848488
2022-05-06,41100,41100,39950,40100,2241683,-0.03256936067551264
2022-05-09,39850,41150,39850,40900,1182506,0.01995012468827939
2022-05-10,40100,40200,39400,40050,1267511,-0.020782396088019572
2022-05-11,39900,40300,39600,40100,957524,0.0012484394506866447
2022-05-12,39500,39600,37550,37950,2795518,-0.05361596009975067
2022-05-13,37850,38550,37100,38450,1708351,0.013175230566534912
2022-05-16,38500,39750,38450,38850,1189121,0.01040312093628093
2022-05-17,38450,40250,38450,40000,1152307,0.029601029601029616
2022-05-18,40150,40300,39300,39400,726873,-0.015000000000000013
2022-05-19,38400,38750,38000,38650,1023492,-0.019035532994923887
2022-05-20,38650,40100,38650,39950,851181,0.03363518758085382
2022-05-23,40200,40500,39850,40000,647955,0.0012515644555695093
2022-05-24,40050,40200,39400,39400,661541,-0.015000000000000013
2022-05-25,39950,41150,39750,40150,1736547,0.019035532994923887
2022-05-26,40150,41400,40050,40650,1303023,0.012453300124533051
2022-05-27,41100,41400,40450,41250,1016331,0.014760147601476037
2022-05-30,41500,41750,40800,41300,914296,0.00121212121212122
2022-05-31,41500,41500,40000,40650,3768851,-0.0157384987893463
2022-06-02,40300,40500,39800,39850,1117195,-0.019680196801967975
2022-06-03,40300,41300,40150,41150,1406396,0.03262233375156831
2022-06-07,41100,41900,40700,41500,1678530,0.008505467800729027
2022-06-08,41500,41500,39600,40400,2070212,-0.026506024096385583
2022-06-09,40200,42300,39950,41050,6994591,0.016089108910890992
2022-06-10,40700,40750,39100,39150,3297078,-0.04628501827040199
2022-06-13,38300,38350,36000,36000,3679924,-0.08045977011494254
2022-06-14,35050,35750,34600,35350,2443473,-0.018055555555555602
2022-06-15,35150,36050,35000,35800,1589703,0.012729844413012836
2022-06-16,36450,37700,36200,36450,1921845,0.018156424581005526
2022-06-17,35700,36150,35400,36150,2210132,-0.008230452674897082
2022-06-20,36300,36350,35050,35600,1304530,-0.015214384508990264
2022-06-21,36400,36400,35650,36100,1054363,0.014044943820224809
2022-06-22,36200,36450,34000,34000,1864627,-0.05817174515235457
2022-06-23,34050,34600,32950,33750,1841487,-0.007352941176470562
2022-06-24,33750,35100,33700,34800,1340546,0.03111111111111109
2022-06-27,35000,35150,34000,34550,1250644,-0.007183908045977017
2022-06-28,34700,34850,33600,33750,1395917,-0.02315484804630974
2022-06-29,32550,32800,30650,31100,4292024,-0.07851851851851854
2022-06-30,31000,31200,30100,30250,2230180,-0.02733118971061088
2022-07-01,30400,30500,28600,28950,2655063,-0.04297520661157028
2022-07-04,29050,29800,28750,29450,1640600,0.017271157167530138
2022-07-05,29550,30750,29500,30600,1600485,0.039049235993208864
2022-07-06,30250,31800,29850,31300,2551934,0.02287581699346397
2022-07-07,31750,31950,31300,31750,780061,0.01437699680511173
2022-07-08,31950,32000,31200,31300,845872,-0.014173228346456734
2022-07-11,31350,31650,31100,31200,537764,-0.0031948881789137795
2022-07-12,31000,31000,29750,30000,1307531,-0.038461538461538436
2022-07-13,30350,31600,30150,31600,1340853,0.05333333333333323
2022-07-14,31000,31650,30300,30900,1255512,-0.022151898734177222
2022-07-15,30950,31000,29750,29900,1227196,-0.032362459546925515
2022-07-18,30350,30900,30100,30600,959544,0.02341137123745818
2022-07-19,30550,30600,30300,30600,530432,0.0
2022-07-20,31200,31450,30750,30850,830978,0.008169934640522847
2022-07-21,30850,31550,30650,31300,843077,0.014586709886547755
2022-07-22,31300,31450,30600,30900,905350,-0.012779552715655007
2022-07-25,30700,30750,30100,30450,1024850,-0.014563106796116498
2022-07-26,30400,30500,30000,30050,775675,-0.013136288998357948
2022-07-27,30000,30050,29800,29900,2156271,-0.004991680532445919
2022-07-28,30300,30800,29900,30050,1236983,0.0050167224080268635
2022-07-29,30100,31650,30100,30900,2320623,0.028286189683860208
2022-08-01,31000,31350,30800,30800,710808,-0.003236245954692518
2022-08-02,30750,30850,30300,30350,703411,-0.01461038961038963
2022-08-03,30650,31400,30500,31400,1910282,0.034596375617792496
2022-08-04,31650,33400,31150,32900,4508880,0.047770700636942776
2022-08-05,33000,33000,31950,32300,1537284,-0.018237082066869248
2022-08-08,32200,32500,31500,32000,1008583,-0.009287925696594423
2022-08-09,31750,33350,31750,33200,1703261,0.03750000000000009
2022-08-10,32950,33000,31500,31550,1726192,-0.04969879518072284
2022-08-11,32150,33200,32050,33150,2097603,0.05071315372424712
2022-08-12,32800,33500,32750,32950,965590,-0.006033182503770718
2022-08-16,33300,33300,32300,32400,1088816,-0.01669195751138086
2022-08-17,32850,33100,32400,32400,674516,0.0
2022-08-18,32000,32300,31100,31200,1501362,-0.03703703703703709
2022-08-19,29500,30100,27150,28650,29537451,-0.08173076923076927
2022-08-22,28650,28800,27900,28050,3505072,-0.020942408376963373
2022-08-23,27550,28300,27500,27800,2421829,-0.0089126559714795
2022-08-24,28000,28400,27550,28300,2411714,0.017985611510791477
2022-08-25,28400,28600,28200,28300,1713316,0.0
2022-08-26,28400,28600,28050,28100,1271311,-0.007067137809187329
2022-08-29,27200,27350,26900,26950,2467445,-0.040925266903914626
2022-08-30,27100,27450,27100,27300,1262354,0.01298701298701288
2022-08-31,27100,27400,26950,27300,1599488,0.0
2022-09-01,27100,27150,26000,26100,3236747,-0.04395604395604391
2022-09-02,26400,26600,25700,25850,1734680,-0.009578544061302652
2022-09-05,25600,26100,25400,25600,1578530,-0.009671179883945835
2022-09-06,25600,25850,25300,25600,1131133,0.0
2022-09-07,25400,25450,24800,24850,1562561,-0.029296875
2022-09-08,25150,25350,24850,25000,1695455,0.006036217303822866
2022-09-13,25500,26950,25500,26800,3069085,0.07200000000000006
2022-09-14,25850,26350,25400,26250,2203749,-0.020522388059701524
2022-09-15,26300,26500,25600,25600,1120056,-0.024761904761904763
2022-09-16,25500,25500,24800,25250,1964019,-0.013671875
2022-09-19,25250,25350,24900,25000,1138066,-0.00990099009900991
2022-09-20,25300,25700,25050,25250,1131063,0.010000000000000009
2022-09-21,25000,25250,24300,25050,1450014,-0.007920792079207928
2022-09-22,24550,24700,23850,24050,1861186,-0.03992015968063867
2022-09-23,23950,24050,23300,23450,1661681,-0.02494802494802495
2022-09-26,22850,22950,21800,21800,3982222,-0.07036247334754797
2022-09-27,21750,22000,20950,21500,3172907,-0.013761467889908285
2022-09-28,21250,22350,21250,21900,3269289,0.018604651162790642
2022-09-29,22050,22250,20450,20600,3270904,-0.05936073059360736
2022-09-30,20500,20550,19650,20050,3572107,-0.02669902912621358
2022-10-04,20400,20800,20250,20350,2381731,0.014962593516209433
2022-10-05,20650,21600,19900,20000,3706917,-0.017199017199017175
2022-10-06,20300,20650,20100,20250,1281487,0.012499999999999956
2022-10-07,19800,19900,18350,18350,6342105,-0.09382716049382711
2022-10-11,18100,18550,17650,17800,3147167,-0.02997275204359673
2022-10-12,17700,17800,17050,17750,3511517,-0.002808988764044895
2022-10-13,17350,17500,16500,16550,4515245,-0.06760563380281692
2022-10-14,17250,17950,17100,17500,5452407,0.05740181268882183
2022-10-17,16550,16700,15950,16600,6227448,-0.05142857142857138
2022-10-18,17000,17500,16900,17200,3062046,0.03614457831325302
2022-10-19,17350,18200,17350,17400,3804967,0.011627906976744207
2022-10-20,17450,17650,16550,16850,3722302,-0.031609195402298895
2022-10-21,16700,17150,16500,16750,1838153,-0.005934718100890191
2022-10-24,17200,17450,16600,16750,2174318,0.0
2022-10-25,16700,16950,16300,16350,1950396,-0.023880597014925398
2022-10-26,16400,16550,15900,15950,2635020,-0.024464831804281384
2022-10-27,16050,16450,16000,16250,1914446,0.018808777429467183
2022-10-28,16150,16300,15800,15850,3015918,-0.024615384615384595
2022-10-31,16150,17100,16100,17100,3901609,0.07886435331230279
2022-11-01,17000,17650,16850,17300,2557884,0.011695906432748648
2022-11-02,17650,20500,17650,20250,25181000,0.17052023121387294
2022-11-03,19600,20400,18800,19850,8661506,-0.01975308641975304
2022-11-04,19900,21800,19900,20950,11576493,0.055415617128463435
2022-11-07,21150,21150,20300,20500,3558867,-0.021479713603818618
2022-11-08,20700,21950,20650,21650,5516901,0.056097560975609806
2022-11-09,22000,23650,21950,23200,10376460,0.07159353348729791
2022-11-10,22550,23600,22300,22950,4964575,-0.010775862068965525
2022-11-11,25250,29400,25050,27600,32689166,0.20261437908496727
2022-11-14,28050,30250,27600,27900,18426232,0.010869565217391353
2022-11-15,28350,29050,27650,28700,7731617,0.028673835125448077
2022-11-16,29300,29400,28200,28300,7234826,-0.013937282229965153
2022-11-17,27900,28800,27550,28250,3864461,-0.0017667844522968323
2022-11-18,28300,28500,26950,27700,4459794,-0.019469026548672552
2022-11-21,27400,28350,26700,26850,3689255,-0.03068592057761732
2022-11-22,26600,26650,24900,25000,5517295,-0.06890130353817503
2022-11-23,25900,26750,24850,25000,5018825,0.0
2022-11-24,25150,26150,25150,25800,2999955,0.03200000000000003
2022-11-25,25550,26750,25050,26400,3857123,0.023255813953488413
2022-11-28,26400,26400,24700,25000,2891018,-0.05303030303030298
2022-11-29,24750,25350,24400,25050,2282850,0.0020000000000000018
2022-11-30,24800,25050,24450,25050,3987073,0.0
2022-12-01,26250,28150,26200,26500,8803813,0.05788423153692612
2022-12-02,26700,27450,26150,26250,3444549,-0.009433962264150941
2022-12-05,26550,27950,26500,27400,6193979,0.04380952380952374
2022-12-06,26950,28100,26600,27650,4010849,0.009124087591240837
2022-12-07,27350,27550,26600,26800,2459232,-0.030741410488245968
2022-12-08,26950,27650,26700,27450,2774536,0.02425373134328357
2022-12-09,27800,28150,27400,28100,3539550,0.023679417122040025
2022-12-12,28000,28650,27400,28000,2818746,-0.003558718861209953
2022-12-13,28500,29050,28250,29000,4514967,0.03571428571428581
2022-12-14,29500,29500,28400,28700,3122812,-0.010344827586206917
2022-12-15,28300,28500,25800,26050,5868570,-0.09233449477351918
2022-12-16,25250,26700,25100,26000,3220011,-0.0019193857965451588
2022-12-19,25600,26650,25550,25900,1859512,-0.0038461538461538325
2022-12-20,25800,26350,25600,25900,1732074,0.0
2022-12-21,26250,26400,25600,26300,1395898,0.015444015444015413
2022-12-22,26700,26800,26200,26350,131020654,0.0019011406844107182
2022-12-23,26000,26200,25050,25100,2382779,-0.04743833017077803
2022-12-26,25300,25400,24650,25100,1510762,0.0
2022-12-27,25100,25850,25100,25800,1518799,0.027888446215139417
2022-12-28,25500,25650,24900,25050,1716525,-0.029069767441860517
2022-12-29,24850,25400,23950,24300,1906638,-0.029940119760479056
2023-01-02,24450,24600,24000,24150,971436,-0.006172839506172867
2023-01-03,23950,24350,23150,24100,1989456,-0.0020703933747412417
2023-01-04,23850,25400,23750,25400,1904935,0.053941908713692976
2023-01-05,25850,27400,25800,27300,4962544,0.0748031496062993
2023-01-06,27100,27500,26250,27200,2002445,-0.00366300366300365
2023-01-09,28050,28750,27950,28500,3225903,0.047794117647058876
2023-01-10,28450,28750,28050,28350,1828228,-0.0052631578947368585
2023-01-11,28700,28800,27500,27800,2315273,-0.01940035273368612
2023-01-12,28100,28300,27150,27600,1995420,-0.007194244604316502
2023-01-13,28000,28850,27850,28150,3448219,0.019927536231884035
2023-01-16,28350,29700,28050,29450,4304796,0.04618117229129659
2023-01-17,29650,29700,28400,28450,2376726,-0.03395585738539897
2023-01-18,28350,28400,27500,27550,1690052,-0.03163444639718804
2023-01-19,27050,27450,26850,27200,1803219,-0.012704174228675091
2023-01-20,27250,27950,27200,27800,1294811,0.022058823529411686
2023-01-25,28300,28600,28050,28150,1428727,0.012589928057553879
2023-01-26,28300,28650,27800,28550,1323662,0.014209591474245054
2023-01-27,28800,29100,28500,28900,1824468,0.012259194395796813
2023-01-30,29050,29400,27850,27850,1764449,-0.03633217993079585
2023-01-31,27850,28350,27050,27100,1755874,-0.026929982046678624
2023-02-01,27500,27850,27400,27750,951018,0.023985239852398532
2023-02-02,28350,28550,28050,28100,1381642,0.012612612612612706
2023-02-03,28250,28950,28200,28850,2148959,0.026690391459074814
2023-02-06,28850,28850,28050,28200,1166927,-0.022530329289428108
2023-02-07,28250,28750,28050,28700,1312232,0.01773049645390068
2023-02-08,29450,30150,28200,28200,4043086,-0.017421602787456414
2023-02-09,28400,28400,27050,27400,4069345,-0.028368794326241176
2023-02-10,27250,27250,26550,26650,2730921,-0.027372262773722622
2023-02-13,26600,26600,25850,25900,1965789,-0.02814258911819889
2023-02-14,26300,26600,26100,26100,1342928,0.007722007722007707
2023-02-15,26100,26250,24200,24600,4523964,-0.05747126436781613
2023-02-16,24950,25800,24850,25500,2397713,0.03658536585365857
2023-02-17,24950,25700,24100,25300,1926428,-0.007843137254901933
2023-02-20,25300,26350,24900,26200,1865030,0.035573122529644285
2023-02-21,26250,26350,25700,25850,1113724,-0.013358778625954248
2023-02-22,25250,25700,25200,25500,1204244,-0.013539651837524147
2023-02-23,25550,25800,25400,25550,1090063,0.0019607843137254832
2023-02-24,25450,25650,25050,25250,1281843,-0.011741682974559686
2023-02-27,25050,25450,24900,25450,826499,0.007920792079207928
2023-02-28,25350,26800,25350,26650,3175120,0.047151277013752546
2023-03-02,26450,26600,26050,26050,1363282,-0.022514071294559068
2023-03-03,26200,26500,25800,26300,987135,0.009596928982725572
2023-03-06,26500,26800,26200,26600,1783482,0.011406844106463865
2023-03-07,26700,26700,26000,26200,999182,-0.015037593984962405
2023-03-08,25700,25700,25000,25000,2020022,-0.04580152671755722
2023-03-09,25150,25200,24650,24700,1873659,-0.01200000000000001
2023-03-10,24050,24200,23500,23950,2601759,-0.030364372469635637
2023-03-13,23700,24650,23500,24400,2459187,0.018789144050104456
2023-03-14,24050,24700,24000,24300,1609331,-0.004098360655737654
2023-03-15,24800,25100,24350,24350,1265438,0.002057613168724215
2023-03-16,24100,24150,23600,24150,1308474,-0.008213552361396315
2023-03-17,24400,24900,24300,24700,1334199,0.022774327122153215
2023-03-20,24600,24950,24400,24800,763901,0.004048582995951344
2023-03-21,24950,25000,24350,24500,751555,-0.012096774193548376
2023-03-22,24900,25000,24550,25000,808060,0.020408163265306145
2023-03-23,24750,25450,24450,25200,1223199,0.008000000000000007
2023-03-24,24800,25150,24650,24800,837199,-0.015873015873015928
2023-03-27,24800,24800,23500,23950,1826186,-0.03427419354838712
2023-03-28,24200,24650,24100,24650,1411520,0.029227557411273475
2023-03-29,24650,24700,24000,24100,1147386,-0.022312373225152116
2023-03-30,24250,24250,23850,23950,1074138,-0.006224066390041472
2023-03-31,24050,24250,23850,24150,1032187,0.008350730688935215
2023-04-03,24150,24450,23900,24000,1174184,-0.006211180124223614
2023-04-04,24100,24250,23850,24200,967757,0.008333333333333304
2023-04-05,24150,24350,24050,24250,662542,0.0020661157024792765
2023-04-06,24100,24150,23300,23300,1757879,-0.039175257731958735
2023-04-07,23400,23800,23100,23600,981812,0.012875536480686733
2023-04-10,23500,23550,22900,22950,1848861,-0.02754237288135597
2023-04-11,22950,22950,22300,22350,2059931,-0.02614379084967322
2023-04-12,22400,22550,22050,22100,1788024,-0.01118568232662187
2023-04-13,22100,22450,22000,22450,1597077,0.015837104072398134
2023-04-14,22600,24200,22600,23750,3559327,0.057906458797327476
2023-04-17,23600,23900,23250,23800,1431260,0.002105263157894832
2023-04-18,23850,24000,23500,23750,1147004,-0.0021008403361344463
2023-04-19,23750,23850,23350,23400,772764,-0.01473684210526316
2023-04-20,23250,23600,23100,23400,753462,0.0
2023-04-21,23150,23550,23000,23250,751113,-0.0064102564102563875
2023-04-24,23200,23200,22750,22900,624039,-0.01505376344086018
2023-04-25,22850,23000,22250,22400,908765,-0.02183406113537123
2023-04-26,22100,22600,22050,22200,788978,-0.008928571428571397
2023-04-27,22100,22200,21600,22050,1173282,-0.006756756756756799
2023-04-28,22200,22500,21950,22000,1043073,-0.0022675736961451642
2023-05-02,22000,22600,22000,22550,676863,0.02499999999999991
2023-05-03,23650,25150,23600,24100,8238190,0.06873614190687372
2023-05-04,24000,24100,22800,23550,3084116,-0.022821576763485507
2023-05-08,23850,24850,23800,24400,2582338,0.03609341825902335
2023-05-09,24300,24850,24150,24750,1285537,0.014344262295082011
2023-05-10,24750,25150,24250,25000,1940432,0.010101010101010166
2023-05-11,25150,25350,24800,25000,1351610,0.0
2023-05-12,25050,25150,24300,24450,1039130,-0.02200000000000002
2023-05-15,24300,24900,24100,24650,839407,0.008179959100204526
2023-05-16,24450,25400,24450,25150,1527116,0.020283975659229236
2023-05-17,25000,25350,24700,24850,740521,-0.011928429423459286
2023-05-18,25000,25300,24600,24950,747529,0.004024144869215318
2023-05-19,25000,25250,24750,25200,1042558,0.01002004008016022
2023-05-22,25300,25950,25300,25800,1448807,0.023809523809523725
2023-05-23,25700,26300,25650,26200,1297230,0.015503875968992276
2023-05-24,26000,26150,25250,25450,1123431,-0.028625954198473247
2023-05-25,25200,25550,25050,25300,703093,-0.005893909626719096
2023-05-26,25150,25400,24700,25000,837619,-0.011857707509881465
2023-05-30,25500,25950,24800,25950,1383900,0.038000000000000034
2023-05-31,25850,26600,25800,26200,3434951,0.009633911368015502
2023-06-01,26150,26450,26000,26250,1007379,0.001908396946564972
2023-06-02,26400,26600,26200,26550,1194424,0.011428571428571344
2023-06-05,26800,27200,26700,26950,1562561,0.015065913370998052
2023-06-07,26950,27200,26700,26900,923542,-0.0018552875695733162
2023-06-08,26850,26850,25700,26000,1597929,-0.03345724907063197
2023-06-09,26100,26300,25700,25850,1074264,-0.005769230769230749
2023-06-12,25950,27000,25900,26900,1811666,0.04061895551257244
2023-06-13,26850,26900,26450,26600,955094,-0.01115241635687736
2023-06-14,26600,26600,26000,26200,800120,-0.015037593984962405
2023-06-15,26100,26450,25350,25400,1145512,-0.03053435114503822
2023-06-16,25700,26200,25500,25850,3013691,0.017716535433070835
2023-06-19,25850,26000,24950,25150,1112228,-0.027079303675048405
2023-06-20,25150,25300,24900,24950,691185,-0.007952286282306154
2023-06-21,24900,25300,24300,24500,1204996,-0.018036072144288595
2023-06-22,24300,24700,24200,24450,578333,-0.0020408163265306367
2023-06-23,24300,24300,23500,23650,1195624,-0.03271983640081799
2023-06-26,23550,24100,23500,23850,515380,0.008456659619450413
2023-06-27,23800,24200,23700,24150,702479,0.012578616352201255
2023-06-28,24300,24350,23950,24150,470167,0.0
2023-06-29,24050,24250,23700,23750,491742,-0.0165631469979296
2023-06-30,24000,24000,23500,23750,477461,0.0
2023-07-03,23850,24650,23850,24500,846281,0.03157894736842115
2023-07-04,24400,24450,23700,23750,846382,-0.030612244897959218
2023-07-05,23750,24000,23150,23250,802032,-0.021052631578947323
2023-07-06,23100,23650,22600,23050,1215918,-0.008602150537634357
2023-07-07,23000,23050,22500,22850,1037389,-0.008676789587852451
2023-07-10,22700,23300,22500,23150,965777,0.013129102844638973
2023-07-11,23350,24100,23300,24050,1136518,0.0388768898488121
2023-07-12,24100,24600,23850,24550,984651,0.02079002079002068
2023-07-13,24800,25650,24600,25300,1756316,0.03054989816700604
2023-07-14,25550,26000,25450,25700,1320095,0.015810276679841806
2023-07-17,25300,26050,25150,25950,1082613,0.009727626459143934
2023-07-18,26000,26050,25500,25600,614541,-0.013487475915221592
2023-07-19,25900,26100,25250,25500,598623,-0.00390625
2023-07-20,25200,26000,25200,25450,592545,-0.0019607843137254832
2023-07-21,25200,25700,25150,25700,573631,0.00982318271119853
2023-07-24,25650,25650,24600,24800,1031344,-0.035019455252918275
2023-07-25,24650,24800,23900,24050,1235123,-0.030241935483870996
2023-07-26,23900,24300,23250,24100,1561184,0.0020790020790020236
2023-07-27,23900,25700,23900,25700,1664239,0.06639004149377592
2023-07-28,25650,25950,25250,25300,828272,-0.015564202334630295
2023-07-31,25400,26150,25150,26000,1006257,0.027667984189723382
2023-08-01,26000,29650,25950,29650,11636331,0.14038461538461533
2023-08-02,30150,30500,27750,28100,6048523,-0.05227655986509272
2023-08-03,27900,29100,27850,28350,3990762,0.008896797153024938
2023-08-04,28250,28950,27950,28700,1858396,0.012345679012345734
2023-08-07,28500,29200,28450,28750,1826564,0.0017421602787457413
2023-08-08,28950,29550,28100,28300,1806953,-0.01565217391304352
2023-08-09,27900,28500,27750,28050,1017248,-0.00883392226148405
2023-08-10,27700,27800,27300,27750,1125838,-0.010695187165775444
2023-08-11,27650,28050,27550,27600,1061949,-0.00540540540540535
2023-08-14,27450,27900,27000,27100,757808,-0.018115942028985477
2023-08-16,26700,27050,26400,26600,1024907,-0.01845018450184499
2023-08-17,26350,26600,25750,25850,983124,-0.02819548872180455
2023-08-18,25600,25850,25250,25600,836549,-0.009671179883945835
2023-08-21,25850,26100,25500,25650,631578,0.001953125
2023-08-22,25750,25950,25500,25550,523016,-0.003898635477582846
2023-08-23,25200,25750,25050,25600,604605,0.001956947162426559
2023-08-24,25750,25900,24850,25000,1274064,-0.0234375
2023-08-25,24550,24750,24300,24450,801046,-0.02200000000000002
2023-08-28,24450,24750,24400,24600,602819,0.006134969325153339
2023-08-29,24600,24950,24600,24750,427407,0.0060975609756097615
2023-08-30,25050,25900,25050,25850,1125488,0.04444444444444451
2023-08-31,25900,26350,25500,26350,1192751,0.01934235976789167
2023-09-01,26050,26200,25600,25600,666436,-0.028462998102466774
2023-09-04,25500,26300,25450,25850,719937,0.009765625
2023-09-05,25600,25950,25300,25700,528494,-0.005802707930367523
2023-09-06,25550,25850,25450,25750,401670,0.0019455252918287869
2023-09-07,25400,25550,24950,25100,941644,-0.025242718446601975
2023-09-08,24900,25450,24850,24950,665751,-0.005976095617529875
2023-09-11,24950,25050,24500,24700,686369,-0.01002004008016033
2023-09-12,24850,25150,24500,24650,632627,-0.002024291497975672
2023-09-13,24600,24900,24450,24750,585767,0.0040567951318457585
2023-09-14,24950,25050,24500,25050,812471,0.0121212121212122
2023-09-15,24950,26750,24950,26050,2046510,0.03992015968063867
2023-09-18,26000,26000,25000,25050,1275182,-0.03838771593090207
2023-09-19,25050,25450,24750,25050,833876,0.0
2023-09-20,24850,25200,24850,25100,537935,0.001996007984031989
2023-09-21,24900,24950,24000,24000,1264170,-0.043824701195219085
2023-09-22,23700,23900,23500,23750,589282,-0.01041666666666663
2023-09-25,23800,23900,23500,23750,535194,0.0
2023-09-26,23600,23900,22750,22800,988887,-0.040000000000000036
2023-09-27,22850,23500,22850,23350,605097,0.02412280701754388
2023-10-04,22950,23050,22500,22600,774453,-0.032119914346895095
2023-10-05,22850,23100,22550,22700,521482,0.004424778761061843
2023-10-06,22600,23350,22600,23200,384621,0.022026431718061623
2023-10-10,23900,24050,23200,23400,693911,0.008620689655172376
2023-10-11,23500,24050,23450,23850,643071,0.019230769230769162
2023-10-12,24200,24250,23600,24150,624601,0.012578616352201255
2023-10-13,23800,23800,23200,23250,511833,-0.037267080745341574
2023-10-16,23100,23350,22900,23150,490214,-0.004301075268817178
2023-10-17,23500,23600,22950,22950,380051,-0.008639308855291628
2023-10-18,22900,23300,22900,22900,318222,-0.002178649237472796
2023-10-19,22650,23100,22450,22950,612973,0.0021834061135370675
2023-10-20,22600,22650,21200,21800,1375693,-0.050108932461873645
2023-10-23,21200,21600,20850,20950,1354076,-0.03899082568807344
2023-10-24,21000,21250,20050,20950,1479091,0.0
2023-10-25,21000,21350,20350,20450,1106423,-0.023866348448687402
2023-10-26,19950,20250,19510,19510,1323705,-0.04596577017114911
2023-10-27,19500,19690,18110,18780,2686366,-0.037416709379805235
2023-10-30,18550,18840,18200,18460,1630760,-0.017039403620873306
2023-10-31,18580,18820,17970,18160,1452739,-0.01625135427952329
2023-11-01,18160,18900,18100,18760,1372606,0.033039647577092435
2023-11-02,19020,20750,19020,20300,2313634,0.08208955223880587
2023-11-03,20700,21500,20350,21100,1252204,0.039408866995073843
2023-11-06,22450,24750,22250,24600,4255042,0.16587677725118488
2023-11-07,24300,24300,22750,22850,1962792,-0.07113821138211385
2023-11-08,23800,24200,22800,23000,2033535,0.006564551422319376
2023-11-09,22650,24500,22600,24050,2654666,0.04565217391304355
2023-11-10,23600,23750,22950,22950,969618,-0.04573804573804574
2023-11-13,23350,23500,23050,23250,652602,0.013071895424836555
2023-11-14,23450,23800,23100,23450,776621,0.008602150537634357
2023-11-15,23950,24400,23650,24350,1397420,0.03837953091684443
2023-11-16,24100,24350,23750,24350,545498,0.0
2023-11-17,24200,24450,23350,23700,581807,-0.026694045174537995
2023-11-20,23650,24100,23300,23900,588247,0.00843881856540074
2023-11-21,24100,26750,24050,26000,6552880,0.08786610878661083
2023-11-22,25750,26400,25300,26000,1599398,0.0
2023-11-23,26050,26200,25350,26000,1195898,0.0
2023-11-24,25800,26100,25300,25550,648757,-0.017307692307692357
2023-11-27,25350,25650,25100,25250,577231,-0.011741682974559686
2023-11-28,25400,26300,25100,26300,1257268,0.04158415841584162
2023-11-29,26300,26350,25850,26000,723505,-0.011406844106463865
2023-11-30,26000,26200,25600,26200,776201,0.007692307692307665
2023-12-01,26100,26150,25450,25450,641374,-0.028625954198473247
2023-12-04,25650,25900,25350,25400,548069,-0.0019646365422396617
2023-12-05,25300,25500,25000,25250,620061,-0.0059055118110236116
2023-12-06,25450,26000,25350,25750,866884,0.01980198019801982
2023-12-07,25450,26000,25400,25850,543357,0.003883495145631022
2023-12-08,26100,26400,25850,26000,795584,0.005802707930367523
2023-12-11,26150,26250,25650,26250,775736,0.009615384615384581
2023-12-12,26300,26500,26000,26100,886538,-0.005714285714285672
2023-12-13,26150,26300,25750,25950,650370,-0.005747126436781658
2023-12-14,26500,27150,26300,26850,2481490,0.034682080924855585
2023-12-15,26950,27100,26700,27100,1158616,0.009310986964618184
2023-12-18,27150,27200,26150,26900,957925,-0.0073800738007380184
2023-12-19,26650,26750,26200,26250,681985,-0.024163568773234223
2023-12-20,26600,27450,26500,27400,1223701,0.04380952380952374
2023-12-21,26900,27500,26800,27500,576079,0.0036496350364962904
2023-12-22,27650,28100,27200,27200,625013,-0.010909090909090868
2023-12-26,27450,27850,27200,27450,634265,0.009191176470588314
2023-12-27,27850,27850,27300,27700,578358,0.00910746812386165
2023-12-28,27850,28500,27550,28500,1148062,0.028880866425992746
2024-01-02,28150,28350,27250,28000,907014,-0.01754385964912286
2024-01-03,27550,27750,27100,27200,830611,-0.02857142857142858
2024-01-04,26800,27050,26200,26200,763853,-0.03676470588235292
2024-01-05,26250,26550,25750,25900,559464,-0.011450381679389277
2024-01-08,25950,26300,25850,25950,467742,0.0019305019305020377
2024-01-09,26400,26850,26350,26500,614003,0.021194605009633882
2024-01-10,26600,27350,26450,27050,774088,0.020754716981132182
2024-01-11,27300,30800,27050,29700,12102465,0.09796672828096109
2024-01-12,29700,30050,28000,29400,2887044,-0.010101010101010055
2024-01-15,29400,31500,28450,31450,5505469,0.0697278911564625
2024-01-16,30900,31250,29750,30450,2682974,-0.031796502384737635
2024-01-17,30400,30450,28600,29000,2083180,-0.04761904761904767
2024-01-18,29000,29000,28300,28500,1134294,-0.017241379310344862
2024-01-19,29000,29300,28400,28400,941277,-0.0035087719298245723
2024-01-22,28700,29000,27800,27850,953313,-0.01936619718309862
2024-01-23,28200,29550,28200,29300,1763046,0.05206463195691202
2024-01-24,29400,29650,28800,29200,766479,-0.0034129692832765013
2024-01-25,29000,29500,28400,29250,864630,0.001712328767123239
2024-01-26,29050,29850,28950,29100,862657,-0.00512820512820511
2024-01-29,29250,29250,27600,27650,1388508,-0.04982817869415812
2024-01-30,27950,28100,27400,27600,792684,-0.001808318264014508
2024-01-31,27350,27550,26850,27300,558770,-0.010869565217391353
2024-02-01,26800,27250,26500,26850,1088283,-0.016483516483516536
2024-02-02,27250,29600,27150,29300,2664997,0.09124767225325892
2024-02-05,29050,29050,27300,27500,1604228,-0.061433447098976135
2024-02-06,27500,27750,26950,27300,811187,-0.0072727272727273196
2024-02-07,28000,31050,27950,28400,6674910,0.04029304029304037
2024-02-08,28400,29750,28250,29100,2480031,0.02464788732394374
2024-02-13,29450,30000,29450,29700,1450726,0.020618556701030855
2024-02-14,29000,30100,28650,29800,1138724,0.0033670033670034627
2024-02-15,30350,31200,29800,29800,2148690,0.0
2024-02-16,30250,30500,29750,30100,845770,0.010067114093959662
2024-02-19,30300,30600,29850,30000,973489,-0.0033222591362126463
2024-02-20,30000,30550,29450,29450,1039807,-0.018333333333333313
2024-02-21,29700,30100,29350,29600,608800,0.005093378607809784
2024-02-22,29850,30200,29500,29650,738712,0.0016891891891892552
2024-02-23,29600,30350,29400,30100,943380,0.015177065767284947
2024-02-26,30400,30450,29850,30150,686199,0.0016611295681063787
2024-02-27,30350,30650,29450,29550,705231,-0.01990049751243783
2024-02-28,29700,29900,28450,28650,912643,-0.030456852791878153
2024-02-29,28400,28850,28100,28450,928091,-0.006980802792321161
2024-03-04,28450,29150,28200,28400,789277,-0.0017574692442882123
2024-03-05,28150,28600,27500,27550,1025607,-0.029929577464788748
2024-03-06,27300,28150,27300,27650,562052,0.003629764065335772
2024-03-07,27900,28700,27850,28700,802632,0.03797468354430378
2024-03-08,29100,29500,28500,28750,706479,0.0017421602787457413
2024-03-11,28600,29100,28350,28900,394337,0.00521739130434784
2024-03-12,29150,29350,28650,28900,484305,0.0
2024-03-13,29150,29300,28750,29100,576957,0.006920415224913601
2024-03-14,29200,29600,28950,29250,1307093,0.005154639175257714
2024-03-15,29200,29200,28250,28400,996329,-0.029059829059829068
2024-03-18,28500,28550,27750,27950,802723,-0.015845070422535246
2024-03-19,27650,28100,27300,27850,806241,-0.003577817531305927
2024-03-20,28150,28800,27900,27900,863166,0.0017953321364452268
2024-03-21,28350,28500,28000,28250,749636,0.012544802867383575
2024-03-22,28000,28500,27950,28100,432870,-0.005309734513274322
2024-03-25,28100,28200,27650,27800,560631,-0.010676156583629859
2024-03-26,28150,29200,27900,28850,1083811,0.03776978417266186
2024-03-27,28450,28950,28050,28200,666492,-0.022530329289428108
2024-03-28,28400,28450,27950,28100,581963,-0.0035460992907800915
2024-03-29,28150,28150,27500,27550,690017,-0.019572953736654797
2024-04-01,27850,27850,27300,27400,530096,-0.005444646098003658
2024-04-02,27050,27050,26500,26550,1052402,-0.031021897810219023
2024-04-03,26500,26800,26200,26350,691274,-0.007532956685499026
2024-04-04,26550,26800,25850,25950,726128,-0.015180265654648917
2024-04-05,25750,25950,25300,25450,662472,-0.019267822736030782
2024-04-08,25450,25900,24800,25750,615157,0.011787819253438192
2024-04-09,25950,26400,25800,25900,449045,0.005825242718446644
2024-04-11,25000,26150,24950,26150,994151,0.009652509652509744
2024-04-12,25750,25900,24800,24850,1149992,-0.0497131931166348
2024-04-15,24550,24800,24000,24750,611917,-0.004024144869215318
2024-04-16,24300,24500,23700,23800,867090,-0.03838383838383841
2024-04-17,23850,24100,23200,23200,746824,-0.025210084033613467
2024-04-18,23400,24200,23300,24050,575099,0.03663793103448265
2024-04-19,23500,23850,23250,23750,758594,-0.012474012474012475
2024-04-22,24300,24700,24150,24700,490341,0.040000000000000036
2024-04-23,24550,24750,24400,24500,355484,-0.0080971659919028
2024-04-24,24750,24900,24600,24700,476435,0.008163265306122547
2024-04-25,24350,24750,24100,24400,464577,-0.012145748987854255
2024-04-26,24600,24950,24500,24650,442120,0.010245901639344357
2024-04-29,24850,25100,24650,25100,618041,0.018255578093306246
2024-04-30,25000,25250,24850,25100,662478,0.0
2024-05-02,24700,24950,24100,24800,641419,-0.01195219123505975
2024-05-03,25100,25450,25100,25300,589082,0.02016129032258074
2024-05-07,25600,26100,25350,25850,1053703,0.021739130434782705
2024-05-08,26150,26350,25350,25600,1355350,-0.009671179883945835
2024-05-09,25700,25750,23850,24050,3340432,-0.060546875
2024-05-10,24200,24300,23950,24050,1129104,0.0
2024-05-13,24100,24250,23800,23850,905299,-0.008316008316008316
2024-05-14,23850,24000,23700,23700,781017,-0.0062893081761006275
2024-05-16,24000,24300,23750,23800,1305491,0.00421940928270037
2024-05-17,23850,24000,23500,23500,805129,-0.012605042016806678
2024-05-20,23750,23850,23400,23500,612630,0.0
2024-05-21,23400,23500,22800,23050,920341,-0.019148936170212738
2024-05-22,23150,23400,22950,23300,590366,0.010845986984815648
2024-05-23,23000,23350,22950,23200,622275,-0.0042918454935622075
2024-05-24,22900,23000,22600,22650,865358,-0.023706896551724088
2024-05-27,22700,23400,22650,23300,666095,0.028697571743929284
2024-05-28,23100,23400,22850,22900,497883,-0.01716738197424894
2024-05-29,22700,22700,22450,22500,836388,-0.017467248908296984
2024-05-30,22300,22450,21850,22150,693816,-0.015555555555555545
2024-05-31,22350,22600,22150,22250,2478368,0.004514672686230181
2024-06-03,22400,23050,22300,22500,554407,0.011235955056179803
2024-06-04,22500,22750,22150,22250,529195,-0.011111111111111072
2024-06-05,22250,22450,22050,22200,508062,-0.0022471910112359383
2024-06-07,22350,22950,22300,22700,732578,0.022522522522522515
2024-06-10,22400,22800,22250,22400,441992,-0.013215859030836996
2024-06-11,22500,22650,22300,22350,537785,-0.0022321428571429047
2024-06-12,22300,22550,22150,22500,493544,0.006711409395973256
2024-06-13,22500,22800,22100,22100,1128015,-0.01777777777777778
2024-06-14,22000,22200,21600,21600,944886,-0.022624434389140302
2024-06-17,21650,21700,21050,21250,788489,-0.01620370370370372
2024-06-18,21350,21450,20900,20950,558742,-0.014117647058823568
2024-06-19,21050,21200,20800,21100,784179,0.007159904534606243
2024-06-20,21050,21450,20950,21150,512374,0.0023696682464455776
2024-06-21,21200,21800,21050,21400,744426,0.011820330969267046
2024-06-24,21400,21400,21000,21000,353125,-0.01869158878504673
2024-06-25,21200,21300,21000,21150,569960,0.0071428571428571175
2024-06-26,21000,21250,20900,21000,687885,-0.007092198581560294
2024-06-27,20750,20900,20050,20250,1177800,-0.0357142857142857
2024-06-28,20350,20450,20150,20300,744172,0.0024691358024691024
2024-07-01,20250,21100,20150,21000,756566,0.034482758620689724
2024-07-02,20750,21050,20600,20800,554391,-0.00952380952380949
2024-07-03,20800,21350,20750,20800,490166,0.0
2024-07-04,21000,21200,20700,21050,455718,0.012019230769230838
2024-07-05,21150,21700,21100,21400,742777,0.016627078384798155
2024-07-08,21200,21850,21150,21700,550978,0.014018691588784993
2024-07-09,21800,21950,21550,21750,452273,0.0023041474654377225
2024-07-10,21600,21650,21350,21500,358063,-0.011494252873563204
2024-07-11,21700,21750,21350,21700,644492,0.009302325581395321
2024-07-12,21700,22350,21650,22150,741543,0.02073732718894017
2024-07-15,22300,22350,21500,21500,550884,-0.02934537246049662
2024-07-16,21550,21800,21200,21250,463568,-0.011627906976744207
2024-07-17,21350,21750,21250,21550,490909,0.014117647058823568
2024-07-18,21650,21650,21000,21450,493495,-0.004640371229698403
2024-07-19,21150,21450,20850,21400,384334,-0.002331002331002363
2024-07-22,21350,21550,21100,21100,387022,-0.014018691588784993
2024-07-23,21450,23550,20000,20300,5426220,-0.03791469194312791
2024-07-24,20450,20950,19970,20400,1414547,0.0049261083743843415
2024-07-25,20450,22000,20250,21400,2472575,0.0490196078431373
2024-07-26,21350,21900,20950,21200,1047324,-0.009345794392523366
2024-07-29,21200,22000,21050,21850,911149,0.030660377358490587
2024-07-30,21650,21750,21150,21200,640052,-0.029748283752860427
2024-07-31,21300,21400,21000,21400,494491,0.009433962264151052
2024-08-01,21300,21750,21250,21550,492728,0.007009345794392496
2024-08-02,21200,21500,20750,21250,677940,-0.0139211136890951
2024-08-05,21050,21050,18490,19180,2077299,-0.09741176470588231
2024-08-06,19570,20350,19400,19680,1453951,0.026068821689259725
2024-08-07,19660,21750,19510,21400,2500498,0.08739837398373984
2024-08-08,21400,22150,20800,21850,2020691,0.02102803738317749
2024-08-09,22050,22100,21400,21550,777480,-0.013729977116704761
2024-08-12,21600,22050,21550,21850,571090,0.0139211136890951
2024-08-13,21750,21900,21400,21400,445863,-0.020594965675057253
2024-08-14,21600,21800,21350,21700,519115,0.014018691588784993
2024-08-16,22050,22300,21750,22000,704267,0.01382488479262678
2024-08-19,22050,22250,21600,21650,439476,-0.015909090909090873
2024-08-20,21850,21950,21450,21500,450582,-0.006928406466512715
2024-08-21,21700,21700,21300,21500,390385,0.0
2024-08-22,21700,21900,21550,21800,524571,0.013953488372093092
2024-08-23,21800,21950,21350,21900,554829,0.004587155963302836
2024-08-26,21900,22650,21850,22650,1175891,0.03424657534246567
2024-08-27,22700,23100,22350,22550,863558,-0.004415011037527616
2024-08-28,22650,22650,22050,22300,465629,-0.011086474501108667
2024-08-29,22300,22450,21950,22100,444942,-0.008968609865470878
2024-08-30,22350,22600,22100,22100,644290,0.0
2024-09-02,22100,22150,21150,21500,744077,-0.02714932126696834
2024-09-03,21600,21700,21350,21500,358961,0.0
2024-09-04,21000,21100,20200,20300,1148991,-0.05581395348837215
2024-09-05,20400,21000,20300,20500,514579,0.009852216748768461
2024-09-06,20500,20650,20150,20250,410138,-0.012195121951219523
2024-09-09,19710,20250,19450,20150,460914,-0.004938271604938316
2024-09-10,20300,20450,20050,20100,452822,-0.002481389578163795
2024-09-11,20100,20300,19870,20100,396865,0.0
2024-09-12,20300,20950,20050,20950,1153362,0.04228855721393043
2024-09-13,21150,21400,21050,21400,623476,0.021479713603818507
2024-09-19,21800,22050,21500,22050,805533,0.030373831775700966
2024-09-20,22100,22250,21400,21500,707442,-0.024943310657596363
2024-09-23,21650,21700,21250,21600,320163,0.0046511627906977715
2024-09-24,21650,22100,21500,22100,622510,0.02314814814814814
2024-09-25,22400,22600,21600,21600,662808,-0.022624434389140302
2024-09-26,21750,22350,21700,22350,613371,0.03472222222222232
2024-09-27,22400,22450,21650,21650,479897,-0.031319910514541416
2024-09-30,22000,22300,21100,21150,635056,-0.023094688221709014
2024-10-02,20850,21350,20700,21000,648445,-0.007092198581560294
2024-10-04,21150,21300,20800,21250,545725,0.011904761904761862
2024-10-07,21050,21500,20900,21300,319316,0.0023529411764706687
2024-10-08,21150,21350,20900,21300,416846,0.0
2024-10-10,21350,22350,21250,22000,1632037,0.032863849765258246
2024-10-11,21950,22350,21950,22100,477589,0.00454545454545463
2024-10-14,22100,22500,22050,22400,581502,0.013574660633484115
2024-10-15,22500,22650,22200,22600,515506,0.008928571428571397
2024-10-16,22400,22750,22250,22600,537049,0.0
2024-10-17,22800,22800,22400,22400,414967,-0.008849557522123908
2024-10-18,22600,22850,22400,22650,525314,0.01116071428571419
2024-10-21,22800,23200,22450,22450,671357,-0.008830022075055233
2024-10-22,22200,22450,21450,21750,550787,-0.031180400890868598
2024-10-23,21650,21800,21400,21700,357273,-0.0022988505747126853
2024-10-24,21700,21850,21500,21650,230399,-0.0023041474654378336
2024-10-25,21650,21950,21400,21650,411060,0.0
2024-10-28,21650,22200,21650,22200,426169,0.025404157043879882
2024-10-29,21950,22200,21750,22200,279524,0.0
2024-10-30,22150,22500,21900,22100,376915,-0.0045045045045044585
2024-10-31,21950,21950,21600,21650,425955,-0.020361990950226283
2024-11-01,21600,21850,21450,21750,254325,0.004618937644341736
2024-11-04,21800,22600,21700,22550,599256,0.0367816091954023
2024-11-05,22350,22600,22050,22450,461733,-0.0044345898004434225
2024-11-06,22950,23500,22300,22550,1061296,0.00445434298440972
2024-11-07,22350,22450,21600,22200,618968,-0.01552106430155209
2024-11-08,22450,22750,22000,22100,394826,-0.0045045045045044585
2024-11-11,21800,22050,21000,21050,670139,-0.04751131221719462
2024-11-12,20900,21200,20500,20500,686364,-0.026128266033254133
2024-11-13,20300,20800,20200,20250,522593,-0.012195121951219523
2024-11-14,20450,20900,20100,20100,656546,-0.007407407407407418
2024-11-15,20150,20450,20100,20250,491691,0.00746268656716409
2024-11-18,20100,20800,20100,20800,540728,0.02716049382716057
2024-11-19,20600,21350,20600,21100,439613,0.014423076923076872
2024-11-20,21100,21300,21000,21250,306508,0.007109004739336511
2024-11-21,21250,21400,21100,21100,364946,-0.007058823529411784
2024-11-22,21300,21450,21150,21300,344881,0.009478672985782088
2024-11-25,21500,21750,21300,21700,680730,0.018779342723004744
2024-11-26,21500,21800,21500,21750,385976,0.0023041474654377225
2024-11-27,21800,22650,21750,22500,1017594,0.034482758620689724
2024-11-28,22600,22600,22100,22550,458843,0.0022222222222221255
2024-11-29,22600,22650,21650,22350,782104,-0.008869179600886956
2024-12-02,22550,23500,22500,23350,1647647,0.044742729306487705
2024-12-03,23600,23700,23200,23450,845605,0.004282655246252709
2024-12-04,23250,24950,22750,24000,3600576,0.023454157782516027
2024-12-05,23600,23600,22400,22550,1198521,-0.060416666666666674
2024-12-06,22650,24050,22050,23650,2267589,0.04878048780487809
2024-12-09,23150,23750,22650,22700,1219518,-0.04016913319238902
2024-12-10,22950,23400,22850,23150,628631,0.01982378854625555
2024-12-11,23250,24150,23150,24150,1195907,0.043196544276457916
2024-12-12,24250,24250,23300,23700,1341360,-0.018633540372670843
2024-12-13,23550,24750,23400,24500,1320301,0.03375527426160341
2024-12-16,25050,25100,23750,24050,955459,-0.01836734693877551
2024-12-17,23900,24100,23100,23350,596007,-0.029106029106029108
2024-12-18,23400,23750,23300,23750,388582,0.017130620985010614
2024-12-19,23000,23100,22550,22600,712244,-0.04842105263157892
2024-12-20,22400,22700,22100,22100,616840,-0.02212389380530977
2024-12-23,22350,22550,21750,22500,415660,0.018099547511312153
2024-12-24,22450,22650,22100,22150,273805,-0.015555555555555545
2024-12-26,22250,22300,21800,21800,322607,-0.015801354401805856
2024-12-27,21650,22050,21400,21600,398812,-0.00917431192660545
2024-12-30,21550,21700,21050,21050,591590,-0.02546296296296291
2025-01-02,21150,21250,20850,20950,402178,-0.004750593824228044
2025-01-03,20900,21900,20900,21450,566429,0.023866348448687402
2025-01-06,21500,21950,21250,21750,448975,0.013986013986013957
2025-01-07,21750,22050,21400,21400,545817,-0.016091954022988464
2025-01-08,21250,22000,21250,21650,422301,0.011682242990654235
2025-01-09,21500,21850,21400,21650,571281,0.0
2025-01-10,21600,21750,21150,21400,648074,-0.011547344110854452
2025-01-13,21200,21500,21000,21100,687643,-0.014018691588784993
2025-01-14,21250,21400,20900,21100,538921,0.0
2025-01-15,21250,21550,20950,21100,701287,0.0
2025-01-16,21350,21600,21000,21150,623774,0.0023696682464455776
2025-01-17,21050,21100,20600,20650,819397,-0.023640661938534313
2025-01-20,20800,21000,20650,20800,431368,0.007263922518159882
2025-01-21,20950,21200,20650,20950,470191,0.007211538461538547
2025-01-22,21050,21100,20800,20950,339712,0.0
2025-01-23,21100,21150,20550,20550,520474,-0.019093078758949833
2025-01-24,20600,20800,20550,20650,269683,0.0048661800486617945
2025-01-31,20850,21250,20650,21200,741520,0.026634382566586012
2025-02-03,20700,21350,20350,21150,1117011,-0.002358490566037763
2025-02-04,21150,21750,21050,21300,1217036,0.007092198581560183
2025-02-05,21900,23150,21650,22850,2985066,0.07276995305164324
2025-02-06,23000,23500,22750,23500,1550054,0.02844638949671774
2025-02-07,23500,23500,22950,23000,758648,-0.021276595744680882
2025-02-10,23000,23500,23000,23150,767404,0.006521739130434856
2025-02-11,23350,23600,23150,23600,644916,0.01943844492440605
2025-02-12,23750,23750,23350,23650,627504,0.0021186440677967155
2025-02-13,23750,23800,23050,23450,1146938,-0.008456659619450302
2025-02-14,23550,23750,23250,23550,508041,0.004264392324093924
2025-02-17,23750,24150,23500,24100,741213,0.023354564755838636
2025-02-18,24000,24400,23550,23950,593714,-0.006224066390041472
2025-02-19,23900,24300,23600,23950,643562,0.0
2025-02-20,23700,24350,23650,24000,472148,0.0020876826722338038
2025-02-21,24050,24350,23950,24150,505041,0.006250000000000089
2025-02-24,23850,24100,23800,24100,342782,-0.0020703933747412417
2025-02-25,23900,24500,23850,24150,693512,0.0020746887966804906
2025-02-26,24150,25200,24050,25150,1527410,0.04140786749482395
2025-02-27,25000,25450,24600,25050,964626,-0.003976143141153132
2025-02-28,24850,24950,23700,24650,1189052,-0.015968063872255467
2025-03-04,24450,24450,22700,22700,1047979,-0.07910750507099396
2025-03-05,22700,23125,22650,22850,568737,0.0066079295154184425
2025-03-06,22900,23400,22850,23250,449539,0.017505470459518557
2025-03-07,23100,23300,22800,23050,390150,-0.008602150537634357
2025-03-10,22800,23200,22650,23100,269662,0.002169197396963085
2025-03-11,22450,22700,22300,22550,387227,-0.023809523809523836
2025-03-12,22450,23100,22400,22950,276113,0.017738359201773912
2025-03-13,22900,23600,22850,22950,765265,0.0
2025-03-14,23000,23250,22750,23000,295997,0.002178649237472685
2025-03-17,23200,23600,23050,23600,426778,0.026086956521739202
2025-03-18,23900,24000,23300,23300,464766,-0.012711864406779627
2025-03-19,23300,23750,23300,23650,359084,0.015021459227467782
2025-03-20,23700,23850,22900,23050,467485,-0.025369978858350906
2025-03-21,22800,23100,22600,22950,580105,-0.004338394793926281
2025-03-24,22750,23050,22700,22900,198266,-0.002178649237472796
2025-03-25,22700,23150,22700,23150,279887,0.01091703056768556
2025-03-26,23200,23300,22800,23150,332429,0.0
2025-03-27,22850,23150,22800,22800,212385,-0.015118790496760237
2025-03-28,22850,22850,22450,22750,220551,-0.002192982456140302
2025-03-31,22350,22450,21800,22050,561455,-0.03076923076923077
2025-04-01,22000,23050,21950,22600,488731,0.024943310657596474
2025-04-02,22650,22850,21650,21700,601428,-0.03982300884955747
2025-04-03,21100,21950,21050,21850,681362,0.00691244239631339
2025-04-04,21800,22650,21400,21900,796053,0.0022883295194509046
2025-04-07,21150,21150,20550,20950,637062,-0.04337899543378998
2025-04-08,21150,21300,20550,20550,626940,-0.019093078758949833
2025-04-09,20450,20750,19800,19800,689540,-0.03649635036496346
2025-04-10,20600,20800,20200,20700,721462,0.045454545454545414
2025-04-11,20400,20600,20300,20550,347816,-0.007246376811594235
2025-04-14,20600,20850,20550,20650,230056,0.0048661800486617945
2025-04-15,20750,20950,20700,20850,334334,0.009685230024213176
2025-04-16,21050,21150,20750,20850,277336,0.0
2025-04-17,21000,21150,20800,21000,240980,0.007194244604316502
2025-04-18,21100,21150,20950,21100,183913,0.004761904761904745
2025-04-21,21050,21200,20900,21100,140405,0.0
2025-04-22,21000,21250,20800,21150,244945,0.0023696682464455776
2025-04-23,21550,21600,21200,21600,430642,0.02127659574468077
2025-04-24,21650,21850,21500,21750,366622,0.00694444444444442
2025-04-25,21900,22000,21600,21900,470417,0.006896551724137945
2025-04-28,21850,22250,21850,22100,449766,0.009132420091324311
2025-04-29,22100,22350,21950,22150,381742,0.002262443438914019
2025-04-30,22000,22300,21850,22300,445304,0.006772009029345272
2025-05-02,22350,22350,21850,22100,280848,-0.008968609865470878
2025-05-07,22500,23400,22300,23300,1048381,0.05429864253393668
2025-05-08,22950,23400,22900,23100,684629,-0.008583690987124415
2025-05-09,23050,23150,22650,22700,266356,-0.017316017316017285
2025-05-12,22800,23050,22750,23050,223785,0.01541850220264318
2025-05-13,22800,23050,22650,22800,309233,-0.010845986984815648
2025-05-14,22850,23450,22850,23350,461108,0.02412280701754388
2025-05-15,23050,23500,23050,23150,260243,-0.008565310492505307
2025-05-16,23200,23350,23150,23250,237452,0.004319654427645814
2025-05-19,23000,23050,22000,22400,497510,-0.03655913978494618
2025-05-20,22500,22750,22000,22250,462381,-0.006696428571428603
2025-05-21,22250,23100,22250,22900,441751,0.02921348314606731
2025-05-22,22600,23200,22600,22700,537290,-0.008733624454148492
2025-05-23,22600,22900,22600,22750,227771,0.0022026431718060735
2025-05-26,22800,23100,22700,23100,405592,0.01538461538461533
2025-05-27,22850,23550,22850,23550,466027,0.01948051948051943
2025-05-28,23300,24100,23200,23700,649542,0.006369426751592355
2025-05-29,23900,24050,23700,23900,481766,0.00843881856540074
2025-05-30,23700,23900,23300,23500,1465889,-0.01673640167364021
2025-06-02,23150,24100,23150,24050,598504,0.023404255319148914
2025-06-04,24250,24350,23550,23700,606488,-0.014553014553014498
2025-06-05,23500,24450,23500,24250,662075,0.02320675105485237
2025-06-09,24650,29500,24550,29150,8989144,0.20206185567010304
2025-06-10,30650,30700,27750,28350,4148965,-0.027444253859348233
2025-06-11,27750,28900,27650,28350,1538679,0.0
2025-06-12,28000,28600,28000,28500,1854227,0.005291005291005346
2025-06-13,29500,29600,27550,27800,2099070,-0.024561403508771895
2025-06-16,27700,28200,27200,28050,1178418,0.008992805755395628
2025-06-17,28000,28450,27100,27450,1062121,-0.021390374331550777
2025-06-18,27050,28050,26900,27600,1168366,0.005464480874316946
2025-06-19,28000,28300,27200,28100,1444977,0.018115942028985588
2025-06-20,32000,32850,29750,32050,11125353,0.14056939501779353
2025-06-23,30650,31750,30000,31000,5491617,-0.032761310452418146
2025-06-24,31150,38750,30600,37000,24303988,0.19354838709677424
2025-06-25,35950,36800,35500,36600,2833709,-0.010810810810810811
2025-06-26,35200,35200,31050,31350,3873005,-0.14344262295081966
2025-06-27,30100,31450,30100,31450,2022611,0.0031897926634769647
2025-06-30,31900,32250,29900,30000,2805349,-0.04610492845786962
2025-07-01,30100,31400,29800,29850,2325939,-0.0050000000000000044
2025-07-02,30200,30800,28800,29600,1851298,-0.008375209380234505
2025-07-03,29550,30450,29450,29800,1420607,0.006756756756756799
2025-07-04,30200,30250,29050,29100,976863,-0.023489932885906062
2025-07-07,28750,30000,28700,29250,817858,0.005154639175257714
2025-07-08,29800,30550,29550,30050,1546519,0.027350427350427253
2025-07-09,30250,30550,29550,30250,1268519,0.006655574043261225
2025-07-10,30250,32000,29650,32000,2151531,0.05785123966942152
2025-07-11,34000,34800,31250,31350,4474171,-0.020312499999999956
2025-07-14,30850,31100,30150,30950,1499276,-0.012759170653907526
2025-07-15,30650,31150,29850,30100,1570215,-0.02746365105008075
2025-07-16,29650,30300,29550,29750,943037,-0.011627906976744207
2025-07-17,30400,30550,29150,29200,1187917,-0.01848739495798324
2025-07-18,29300,29750,29150,29400,782194,0.006849315068493178
2025-07-21,29200,29750,29200,29650,831286,0.008503401360544283
2025-07-22,29550,29650,29100,29300,608426,-0.01180438448566612
2025-07-23,29350,29650,28500,28700,1140192,-0.020477815699658675
2025-07-24,28800,29300,28200,28450,972181,-0.008710801393728262
2025-07-25,28100,28850,28050,28750,886380,0.010544815465729274
2025-07-28,28950,29550,28450,28600,631089,-0.00521739130434784
