Date,Open,High,Low,Close,Volume,Change
2022-01-03,12750,12900,12500,12850,133730,0.011811023622047223
2022-01-04,13050,13100,12600,12700,243887,-0.011673151750972721
2022-01-05,12700,12700,11650,11700,265397,-0.07874015748031493
2022-01-06,11200,11600,10800,10800,275038,-0.07692307692307687
2022-01-07,10950,11100,10650,10800,157653,0.0
2022-01-10,10850,11050,10550,10900,83931,0.0092592592592593
2022-01-11,10800,10950,10300,10650,121851,-0.022935779816513735
2022-01-12,10700,11200,10650,11150,107779,0.04694835680751175
2022-01-13,11200,11400,10950,10950,87934,-0.017937219730941756
2022-01-14,10950,12000,10800,11050,443231,0.009132420091324311
2022-01-17,11250,11250,10800,11000,100159,-0.004524886877828038
2022-01-18,11000,11050,10450,10700,80563,-0.027272727272727226
2022-01-19,10650,11000,10300,10450,133808,-0.02336448598130836
2022-01-20,10300,10750,10250,10700,86540,0.02392344497607657
2022-01-21,10500,10700,10000,10450,131498,-0.02336448598130836
2022-01-24,10200,10300,9570,9590,225180,-0.08229665071770331
2022-01-25,9510,9780,9190,9260,126303,-0.03441084462982269
2022-01-26,9130,10050,9130,9730,190616,0.050755939524838034
2022-01-27,9920,9920,9120,9400,92015,-0.03391572456320657
2022-01-28,9380,10200,9030,9790,223315,0.04148936170212769
2022-02-03,9970,10350,9820,9950,145708,0.01634320735444339
2022-02-04,9800,10150,9750,10000,58867,0.005025125628140614
2022-02-07,10000,10150,9900,10000,38681,0.0
2022-02-08,10000,10700,10000,10550,237744,0.05499999999999994
2022-02-09,10650,10800,10300,10550,110943,0.0
2022-02-10,10500,10550,10150,10400,80608,-0.014218009478673022
2022-02-11,10200,10250,9830,9990,86815,-0.039423076923076894
2022-02-14,9700,9810,9250,9700,152974,-0.02902902902902904
2022-02-15,9660,9900,9460,9720,66290,0.0020618556701030855
2022-02-16,9830,10150,9820,10050,110827,0.033950617283950546
2022-02-17,10150,10150,9500,9890,99913,-0.015920398009950265
2022-02-18,9600,9920,9600,9830,26324,-0.006066734074823055
2022-02-21,9690,10350,9610,10200,163874,0.03763987792472023
2022-02-22,9960,10150,9730,9950,108419,-0.02450980392156865
2022-02-23,9920,10050,9830,9870,60615,-0.008040201005025116
2022-02-24,10000,10850,9140,9140,734534,-0.07396149949341435
2022-02-25,9500,9750,9350,9650,285326,0.05579868708971558
2022-02-28,9750,10050,9710,9740,188508,0.00932642487046631
2022-03-02,9890,10800,9890,10650,560367,0.09342915811088304
2022-03-03,10900,11000,10500,10650,316379,0.0
2022-03-04,10500,10650,10200,10400,104719,-0.023474178403755874
2022-03-07,10450,10800,10150,10400,319062,0.0
2022-03-08,10300,10400,10050,10350,105740,-0.004807692307692291
2022-03-10,10450,10500,10150,10200,122450,-0.01449275362318836
2022-03-11,10050,10600,10050,10350,182911,0.014705882352941124
2022-03-14,10350,10750,10300,10700,230060,0.033816425120772875
2022-03-15,10500,10700,10450,10500,84172,-0.01869158878504673
2022-03-16,10550,10550,10200,10500,80014,0.0
2022-03-17,10550,10600,10350,10500,97745,0.0
2022-03-18,10500,11350,10350,11150,646037,0.06190476190476191
2022-03-21,11300,11350,10950,11100,221526,-0.004484304932735439
2022-03-22,11250,11950,11100,11800,674132,0.06306306306306309
2022-03-23,11850,12400,11600,11950,489472,0.012711864406779627
2022-03-24,11900,12100,11250,11450,265636,-0.04184100418410042
2022-03-25,11750,12650,11600,12100,794017,0.05676855895196509
2022-03-28,12100,12550,11900,12300,295472,0.016528925619834656
2022-03-29,12300,12400,11700,11850,197650,-0.03658536585365857
2022-03-30,11950,11950,11250,11450,156862,-0.03375527426160341
2022-03-31,11350,11750,10800,11450,290892,0.0
2022-04-01,11400,11650,11350,11500,73110,0.004366812227074135
2022-04-04,11500,11700,11400,11600,86873,0.008695652173912993
2022-04-05,11600,11600,11250,11450,78584,-0.012931034482758674
2022-04-06,11300,11450,10900,11050,100227,-0.03493449781659386
2022-04-07,10950,11050,10600,10900,119964,-0.013574660633484115
2022-04-08,10850,11200,10700,10750,80428,-0.013761467889908285
2022-04-11,10800,11000,10550,10600,61085,-0.013953488372092981
2022-04-12,10600,10700,10350,10700,55041,0.009433962264151052
2022-04-13,10750,11050,10700,11000,58075,0.028037383177569986
2022-04-14,11100,11100,10750,11000,47968,0.0
2022-04-15,10850,10900,10550,10600,46914,-0.036363636363636376
2022-04-18,10650,11650,10650,11000,371581,0.037735849056603765
2022-04-19,10950,11250,10900,11050,62292,0.00454545454545463
2022-04-20,11050,11200,10850,10850,63179,-0.018099547511312264
2022-04-21,10850,11300,10850,10900,172460,0.004608294930875667
2022-04-22,10900,10900,10600,10650,63206,-0.022935779816513735
2022-04-25,10400,10500,9980,10050,175043,-0.05633802816901412
2022-04-26,10050,10300,10000,10100,84148,0.004975124378109541
2022-04-27,9730,10050,9720,9980,60356,-0.011881188118811892
2022-04-28,10150,10150,9850,9950,44016,-0.0030060120240480437
2022-04-29,10100,10100,9910,9960,27365,0.0010050251256281673
2022-05-02,9860,10050,9840,9910,39726,-0.005020080321285092
2022-05-03,9920,10300,9920,9990,71529,0.008072653884964698
2022-05-04,10200,10200,9700,9720,74477,-0.027027027027026973
2022-05-06,9800,9800,9520,9570,39851,-0.015432098765432056
2022-05-09,9430,9500,9080,9200,74201,-0.03866248693834906
2022-05-10,8980,9070,8700,9030,72379,-0.018478260869565166
2022-05-11,9040,9310,8970,9090,48435,0.006644518272425293
2022-05-12,9010,9010,8570,8680,99273,-0.04510451045104513
2022-05-13,8700,9000,8700,8850,36444,0.019585253456221308
2022-05-16,8730,8960,8720,8770,49896,-0.009039548022598876
2022-05-17,8890,8890,8580,8770,49500,0.0
2022-05-18,8850,9010,8630,8880,47726,0.012542759407069504
2022-05-19,8510,8780,8510,8670,51772,-0.023648648648648685
2022-05-20,8670,8890,8670,8850,23516,0.02076124567474058
2022-05-23,8860,8980,8860,8960,22919,0.012429378531073398
2022-05-24,8960,9000,8730,8730,17377,-0.025669642857142905
2022-05-25,8660,9000,8630,9000,48293,0.030927835051546282
2022-05-26,9010,9130,8870,8960,27701,-0.004444444444444473
2022-05-27,8980,9200,8980,9090,19796,0.014508928571428603
2022-05-30,9170,9570,9120,9540,74570,0.04950495049504955
2022-05-31,9550,9600,9390,9540,39297,0.0
2022-06-02,9450,9560,9390,9530,10919,-0.0010482180293500676
2022-06-03,9600,9680,9530,9590,42981,0.006295907660021083
2022-06-07,9570,10300,9510,10000,258697,0.04275286757038588
2022-06-08,10000,10100,9750,9800,73446,-0.020000000000000018
2022-06-09,9800,9800,9520,9620,29909,-0.01836734693877551
2022-06-10,9550,9560,9330,9350,22767,-0.028066528066528096
2022-06-13,9150,9220,8500,8930,55327,-0.044919786096256686
2022-06-14,8540,8940,8540,8930,65715,0.0
2022-06-15,8770,9000,8400,8700,71071,-0.025755879059350506
2022-06-16,8710,9070,8650,8790,37606,0.010344827586206806
2022-06-17,8460,8650,8370,8580,26012,-0.023890784982935176
2022-06-20,8790,8790,8010,8010,47854,-0.06643356643356646
2022-06-21,8000,8240,7950,8050,21695,0.004993757802746579
2022-06-22,8070,8200,7600,7620,38644,-0.05341614906832293
2022-06-23,7570,7710,7000,7100,107008,-0.06824146981627299
2022-06-24,7010,8300,7010,8300,260122,0.16901408450704225
2022-06-27,8250,8650,8100,8470,50633,0.02048192771084345
2022-06-28,8470,8690,8310,8550,39891,0.009445100354191327
2022-06-29,8450,8450,8100,8220,23051,-0.038596491228070184
2022-06-30,8230,8230,7790,7790,26683,-0.05231143552311435
2022-07-01,7730,7930,7470,7620,30082,-0.02182284980744542
2022-07-04,7630,7760,7320,7530,29987,-0.011811023622047223
2022-07-05,7600,7860,7530,7790,23375,0.03452855245683928
2022-07-06,7800,8070,7740,7870,46025,0.010269576379974277
2022-07-07,7870,7990,7840,7930,17896,0.007623888182973326
2022-07-08,8150,8150,7910,7950,17049,0.0025220680958386588
2022-07-11,7960,8190,7860,8070,21657,0.015094339622641506
2022-07-12,7970,8030,7730,7990,26115,-0.009913258983890949
2022-07-13,7890,8090,7730,7800,12465,-0.02377972465581979
2022-07-14,7980,8160,7860,8030,28569,0.029487179487179382
2022-07-15,8000,8100,7810,8050,22399,0.00249066002490661
2022-07-18,8140,8200,8050,8180,13585,0.016149068322981464
2022-07-19,8180,8220,7930,8220,7270,0.004889975550122161
2022-07-20,8250,8390,8180,8350,14011,0.015815085158150888
2022-07-21,8350,8500,8310,8450,19224,0.011976047904191711
2022-07-22,8500,8500,8190,8210,20990,-0.028402366863905293
2022-07-25,8320,8360,8050,8340,16247,0.015834348355663774
2022-07-26,8240,8620,8240,8570,32094,0.027577937649880147
2022-07-27,8700,8730,8430,8450,33895,-0.014002333722287097
2022-07-28,8480,8600,8400,8560,13758,0.013017751479289963
2022-07-29,8510,8800,8510,8700,30602,0.016355140186915973
2022-08-01,8780,8930,8600,8920,25923,0.025287356321838983
2022-08-02,9000,9000,8790,8890,15319,-0.0033632286995515237
2022-08-03,8900,9450,8850,9240,151033,0.03937007874015741
2022-08-04,9240,9290,9060,9220,20551,-0.0021645021645021467
2022-08-05,9220,9250,9050,9170,9660,-0.005422993492407824
2022-08-08,9090,9140,8820,8980,20437,-0.02071973827699014
2022-08-09,9030,9070,8750,9070,15242,0.010022271714922093
2022-08-10,9050,9050,8860,8910,15062,-0.01764057331863289
2022-08-11,9000,9150,8900,9060,27509,0.01683501683501687
2022-08-12,9070,9110,8950,8960,11540,-0.01103752759381893
2022-08-16,9010,9190,9010,9150,38491,0.021205357142857206
2022-08-17,9150,9150,8850,8860,23140,-0.031693989071038264
2022-08-18,8930,9100,8730,9050,22450,0.021444695259593693
2022-08-19,9050,9390,9000,9240,59954,0.02099447513812147
2022-08-22,9190,9300,8940,9080,26394,-0.017316017316017285
2022-08-23,9080,9270,9000,9180,28008,0.011013215859030812
2022-08-24,9230,9590,9200,9460,85618,0.030501089324618702
2022-08-25,9500,9840,9420,9450,130810,-0.0010570824524313016
2022-08-26,9590,9600,9010,9030,106621,-0.0444444444444444
2022-08-29,8890,9040,8760,8900,28044,-0.01439645625692132
2022-08-30,8870,9420,8870,9230,45400,0.03707865168539315
2022-08-31,9290,9350,9050,9310,34137,0.008667388949079147
2022-09-01,9280,9310,8980,8990,13687,-0.034371643394199736
2022-09-02,9010,9190,8990,9040,12174,0.005561735261401468
2022-09-05,9020,9040,8760,8830,13382,-0.023230088495575174
2022-09-06,8830,8970,8730,8750,12458,-0.009060022650056676
2022-09-07,8830,8900,8570,8810,14190,0.006857142857142895
2022-09-08,8810,8870,8670,8790,7808,-0.002270147559591429
2022-09-13,8880,9390,8880,9310,54782,0.05915813424345839
2022-09-14,9200,9250,8930,9240,16101,-0.007518796992481258
2022-09-15,9240,9400,9240,9320,35437,0.008658008658008587
2022-09-16,9300,9300,9030,9220,16314,-0.010729613733905574
2022-09-19,9150,9190,8870,8970,11724,-0.027114967462039008
2022-09-20,8960,9090,8920,8980,12509,0.0011148272017837968
2022-09-21,8970,8970,8770,8830,8768,-0.016703786191536785
2022-09-22,8810,8810,8570,8730,20072,-0.011325028312570762
2022-09-23,8600,8720,8140,8340,72861,-0.044673539518900296
2022-09-26,8050,8380,7740,7740,42752,-0.07194244604316546
2022-09-27,8400,8400,7700,7970,48837,0.029715762273901714
2022-09-28,7970,7970,7340,7760,43315,-0.02634880803011297
2022-09-29,7760,8010,7670,7830,16840,0.009020618556700999
2022-09-30,7810,7840,7540,7790,8499,-0.005108556832694733
2022-10-04,7970,8120,7830,8100,22331,0.03979460847240057
2022-10-05,8140,8170,7900,7970,12536,-0.016049382716049387
2022-10-06,7970,8270,7970,8250,13000,0.035131744040150625
2022-10-07,8160,8190,8050,8150,6592,-0.012121212121212088
2022-10-11,8130,8150,7730,7730,18162,-0.05153374233128838
2022-10-12,7770,7800,7330,7420,29943,-0.040103492884864145
2022-10-13,7500,7500,6750,6750,160431,-0.09029649595687328
2022-10-14,6820,7220,6820,7050,52179,0.04444444444444451
2022-10-17,7000,7540,6950,7450,49182,0.05673758865248235
2022-10-18,7500,7840,7500,7840,25066,0.05234899328859055
2022-10-19,7880,7880,7460,7560,20477,-0.0357142857142857
2022-10-20,7430,7640,7270,7430,9884,-0.01719576719576721
2022-10-21,7350,7350,7090,7120,10066,-0.04172274562584122
2022-10-24,7180,7350,7180,7180,9899,0.008426966292134797
2022-10-25,7240,7290,7020,7180,8682,0.0
2022-10-26,7200,7390,7180,7210,10649,0.00417827298050133
2022-10-27,7250,7700,7240,7520,16658,0.04299583911234395
2022-10-28,7680,7680,7280,7330,11079,-0.025265957446808485
2022-10-31,7340,7480,7280,7450,13289,0.016371077762619368
2022-11-01,7340,7620,7340,7550,7584,0.01342281879194629
2022-11-02,7530,7530,7250,7380,8811,-0.02251655629139071
2022-11-03,7380,7480,7150,7470,4365,0.012195121951219523
2022-11-04,7360,7500,7330,7500,5514,0.004016064257028162
2022-11-07,7500,7660,7500,7600,11893,0.01333333333333342
2022-11-08,7600,7700,7570,7670,13440,0.009210526315789558
2022-11-09,7700,7790,7630,7720,9309,0.006518904823989535
2022-11-10,7690,7750,7550,7640,6422,-0.010362694300518172
2022-11-11,7800,7830,7740,7820,14495,0.023560209424083878
2022-11-14,7830,7990,7800,7990,50152,0.021739130434782705
2022-11-15,8000,8340,7940,8230,60901,0.030037546933667114
2022-11-16,8230,8260,8080,8130,16546,-0.012150668286755817
2022-11-17,8150,8280,8040,8130,14438,0.0
2022-11-18,8140,8560,8140,8440,46198,0.038130381303812966
2022-11-21,8440,10100,8350,8770,1464206,0.0390995260663507
2022-11-22,8770,8800,8440,8730,72896,-0.004561003420752607
2022-11-23,8730,8730,8560,8650,31726,-0.009163802978235935
2022-11-24,8660,9070,8590,9050,80504,0.046242774566473965
2022-11-25,9080,9080,8770,8800,18896,-0.027624309392265234
2022-11-28,8760,8760,8330,8450,36417,-0.03977272727272729
2022-11-29,8370,9150,8280,9070,83670,0.07337278106508882
2022-11-30,8960,9120,8860,9080,17752,0.0011025358324145973
2022-12-01,9080,9400,9080,9330,47688,0.02753303964757703
2022-12-02,9320,9380,9120,9280,23462,-0.005359056806002127
2022-12-05,9100,9250,9080,9240,7417,-0.004310344827586188
2022-12-06,9240,9240,8570,8850,21553,-0.04220779220779225
2022-12-07,8730,9000,8670,9000,10721,0.016949152542372836
2022-12-08,9080,9400,8920,9050,27509,0.005555555555555536
2022-12-09,9100,9180,8890,9090,11731,0.0044198895027625085
2022-12-12,9060,9280,9010,9130,11203,0.004400440044004306
2022-12-13,9130,9200,8940,9150,8404,0.0021905805038335835
2022-12-14,9170,9250,9000,9210,16244,0.006557377049180246
2022-12-15,9180,9200,8980,9200,11126,-0.0010857763300760048
2022-12-16,9170,9170,8950,9100,7561,-0.010869565217391353
2022-12-19,9020,9050,8890,9040,7820,-0.00659340659340657
2022-12-20,9020,9020,8560,8650,11802,-0.04314159292035402
2022-12-21,8650,8750,8450,8630,30326,-0.0023121387283236983
2022-12-22,8650,8750,8520,8590,5917,-0.004634994206257237
2022-12-23,8590,8800,8200,8600,25597,0.0011641443538998875
2022-12-26,8530,8800,8300,8790,16218,0.02209302325581386
2022-12-27,8840,8840,8530,8690,12972,-0.011376564277588153
2022-12-28,8780,8800,8630,8750,6488,0.0069044879171460405
2022-12-29,8720,8720,8220,8220,25439,-0.06057142857142861
2023-01-02,8220,8400,8080,8260,46646,0.0048661800486617945
2023-01-03,8080,8700,8050,8650,32042,0.04721549636803868
2023-01-04,8650,8690,8420,8680,14758,0.003468208092485492
2023-01-05,8700,8700,8590,8680,5210,0.0
2023-01-06,8640,8680,8350,8670,13846,-0.0011520737327188613
2023-01-09,9000,9100,8790,8860,38359,0.021914648212226107
2023-01-10,8860,9200,8840,9060,33953,0.02257336343115135
2023-01-11,9110,9160,9000,9070,15200,0.001103752759381793
2023-01-12,9200,9200,8990,9030,21488,-0.004410143329658167
2023-01-13,9070,9080,8980,9020,6100,-0.001107419712070845
2023-01-16,9090,9360,9020,9280,57630,0.02882483370288247
2023-01-17,9350,9350,9090,9180,15190,-0.010775862068965525
2023-01-18,9200,9690,9050,9250,88891,0.007625272331154731
2023-01-19,9240,9280,9010,9280,12949,0.00324324324324321
2023-01-20,9180,9320,9110,9270,15840,-0.0010775862068965747
2023-01-25,9330,9710,9330,9700,114522,0.04638619201725991
2023-01-26,9800,10000,9290,9540,102724,-0.016494845360824795
2023-01-27,9550,9910,9370,9740,67273,0.020964360587002018
2023-01-30,10050,10200,9770,9890,137165,0.015400410677617993
2023-01-31,9990,9990,9710,9900,73247,0.0010111223458038054
2023-02-01,9950,9950,9490,9730,72027,-0.01717171717171717
2023-02-02,9800,9820,9650,9780,33502,0.005138746145940454
2023-02-03,9780,10400,9610,10310,269574,0.05419222903885479
2023-02-06,10390,10410,9990,10160,120579,-0.014548981571290032
2023-02-07,10130,10560,10000,10510,122502,0.034448818897637734
2023-02-08,10490,10960,10470,10860,111966,0.033301617507136116
2023-02-09,10860,10870,10490,10860,91109,0.0
2023-02-10,10840,10840,10370,10680,68394,-0.016574585635359074
2023-02-13,10670,10750,10240,10550,48889,-0.01217228464419473
2023-02-14,10560,10870,10480,10810,73590,0.024644549763033208
2023-02-15,10850,10910,10480,10550,31042,-0.02405180388529138
2023-02-16,10590,10730,10410,10700,31621,0.014218009478673022
2023-02-17,10570,10650,10340,10390,30807,-0.028971962616822444
2023-02-20,10320,10510,10150,10500,32394,0.010587102983638186
2023-02-21,10500,10540,10170,10450,67389,-0.004761904761904745
2023-02-22,10450,10650,10210,10400,32519,-0.004784688995215336
2023-02-23,10400,11150,10360,11060,150190,0.06346153846153846
2023-02-24,11130,11260,10800,10980,83636,-0.007233273056057921
2023-02-27,10950,11630,10750,10990,198065,0.0009107468123861207
2023-02-28,10990,11150,10820,11090,49854,0.009099181073703333
2023-03-02,11080,11080,10610,10640,66851,-0.04057709648331831
2023-03-03,10650,10800,10560,10640,21030,0.0
2023-03-06,10690,10690,10340,10500,38333,-0.013157894736842146
2023-03-07,10410,10590,10230,10410,41556,-0.008571428571428563
2023-03-08,10400,10400,10010,10130,40389,-0.026897214217098897
2023-03-09,10130,10730,9990,10570,75135,0.04343534057255671
2023-03-10,10490,10490,10070,10330,34699,-0.022705771050141932
2023-03-13,10100,10370,10040,10370,39064,0.0038722168441431837
2023-03-14,10200,10200,9310,9320,105664,-0.1012536162005786
2023-03-15,9550,10000,9500,9940,65787,0.0665236051502145
2023-03-16,9940,9940,9450,9630,41918,-0.03118712273641855
2023-03-17,9680,10220,9680,10140,50571,0.052959501557632294
2023-03-20,10050,10180,9950,10060,40104,-0.007889546351084853
2023-03-21,10000,10140,9750,9900,31485,-0.015904572564612307
2023-03-22,9900,10110,9870,10000,25560,0.010101010101010166
2023-03-23,10160,10300,9750,10000,78395,0.0
2023-03-24,9930,10100,9850,10010,12408,0.0009999999999998899
2023-03-27,10010,10010,9620,9890,35447,-0.011988011988012026
2023-03-28,9990,10300,9860,10230,57317,0.03437815975733072
2023-03-29,10240,10490,10100,10400,61891,0.016617790811339184
2023-03-30,10300,10400,10100,10200,33615,-0.019230769230769273
2023-03-31,10200,10200,9940,10190,36905,-0.0009803921568627416
2023-04-03,10150,10330,10040,10270,43983,0.007850834151128527
2023-04-04,10200,10500,10170,10390,57072,0.011684518013632017
2023-04-05,10310,10630,10190,10500,53618,0.010587102983638186
2023-04-06,10450,10710,10170,10710,75834,0.020000000000000018
2023-04-07,10750,11190,10490,11150,135055,0.041083099906629394
2023-04-10,11060,11100,10800,10940,55839,-0.01883408071748882
2023-04-11,10860,11320,10570,11290,86017,0.03199268738574035
2023-04-12,11210,11510,11110,11300,79109,0.0008857395925598865
2023-04-13,11240,11400,10930,11290,43138,-0.0008849557522123686
2023-04-14,11300,11450,11070,11130,30750,-0.01417183348095663
2023-04-17,11140,11200,10810,11110,30320,-0.0017969451931716396
2023-04-18,11050,11100,10810,10960,25962,-0.013501350135013523
2023-04-19,10960,11220,10950,11200,30703,0.021897810218978186
2023-04-20,11150,11150,10440,10640,66120,-0.050000000000000044
2023-04-21,10600,10850,10420,10740,60953,0.009398496240601517
2023-04-24,10670,11090,10550,10990,80829,0.023277467411545683
2023-04-25,11050,11050,10710,11040,50980,0.0045495905368517775
2023-04-26,11040,11040,10680,10900,42153,-0.0126811594202898
2023-04-27,10750,10860,10460,10520,37778,-0.034862385321100864
2023-04-28,10570,10600,9990,10000,59324,-0.049429657794676785
2023-05-02,10000,10980,9900,10890,102447,0.08899999999999997
2023-05-03,10890,11390,10790,11060,80178,0.015610651974288237
2023-05-04,11150,11550,10800,11100,63545,0.003616636528029016
2023-05-08,11200,11290,10820,11110,46730,0.0009009009009008917
2023-05-09,10930,11290,10750,10850,33147,-0.023402340234023433
2023-05-10,10950,10990,10600,10900,27744,0.004608294930875667
2023-05-11,10940,11100,10830,10940,16875,0.003669724770642091
2023-05-12,10980,11000,10760,10990,24803,0.004570383912248621
2023-05-15,10810,11090,10510,11010,39542,0.0018198362147405778
2023-05-16,10970,11320,10850,11230,52986,0.019981834695731227
2023-05-17,11230,11950,11230,11770,157203,0.048085485307212794
2023-05-18,11770,12500,11690,12270,267672,0.042480883602378894
2023-05-19,12180,12690,11780,12590,154308,0.026079869600651895
2023-05-22,12460,12700,12110,12500,56683,-0.00714853057982523
2023-05-23,12510,13000,12450,12750,93958,0.020000000000000018
2023-05-24,12610,12860,12470,12750,41557,0.0
2023-05-25,12750,13180,12700,12880,73047,0.010196078431372602
2023-05-26,12880,13000,12700,12840,52117,-0.0031055900621117516
2023-05-30,12800,13010,12420,12940,36734,0.007788161993769416
2023-05-31,12970,14000,12840,13540,141326,0.04636785162287471
2023-06-01,13690,15200,13610,14080,373346,0.039881831610044216
2023-06-02,14100,14720,13870,14490,103980,0.02911931818181812
2023-06-05,14890,15200,14570,14820,87247,0.022774327122153215
2023-06-07,14820,16390,14680,16170,309560,0.09109311740890691
2023-06-08,16280,16800,16150,16460,163241,0.017934446505875057
2023-06-09,16540,17500,16540,17490,206018,0.06257594167679215
2023-06-12,17570,17600,15850,16680,157725,-0.046312178387650116
2023-06-13,16680,17640,16440,17170,83759,0.029376498800959272
2023-06-14,17300,17360,16610,17190,52698,0.0011648223645894795
2023-06-15,17190,17300,16700,17210,38227,0.0011634671320535084
2023-06-16,17210,17290,16060,16690,79739,-0.030214991284137183
2023-06-19,16680,17530,16100,17150,119620,0.02756141402037149
2023-06-20,17290,17290,16410,16750,51941,-0.023323615160349864
2023-06-21,16740,16740,16250,16350,30611,-0.023880597014925398
2023-06-22,16200,16620,15960,16490,31375,0.008562691131498434
2023-06-23,16400,17030,16260,16340,66856,-0.0090964220739842
2023-06-26,16380,17360,16100,17240,79306,0.055079559363525155
2023-06-27,17380,17380,16800,16880,31532,-0.02088167053364265
2023-06-28,16720,16990,16430,16740,33165,-0.008293838862559189
2023-06-29,16730,17300,16460,16880,45606,0.008363201911588902
2023-06-30,16880,17090,16500,16840,56509,-0.0023696682464454666
2023-07-03,16430,16430,11930,12200,1481948,-0.2755344418052257
2023-07-04,11940,12100,11040,11500,477590,-0.05737704918032782
2023-07-05,11490,12630,11350,12090,547653,0.05130434782608706
2023-07-06,11870,12380,11680,12200,194649,0.009098428453267138
2023-07-07,12290,12290,11400,11810,132015,-0.031967213114754145
2023-07-10,11820,11970,11460,11900,68795,0.007620660457239525
2023-07-11,11900,12220,11780,11980,75014,0.006722689075630228
2023-07-12,12030,12450,11800,12420,101346,0.036727879799666185
2023-07-13,12270,12910,12260,12850,96752,0.0346215780998389
2023-07-14,12850,13800,12800,13590,176263,0.05758754863813231
2023-07-17,13610,14120,13360,13850,112903,0.019131714495952856
2023-07-18,13850,14450,13750,14370,157135,0.0375451263537907
2023-07-19,14400,15400,14400,15240,189032,0.06054279749478075
2023-07-20,15500,15500,14270,14820,129433,-0.027559055118110187
2023-07-21,14770,14770,14000,14070,102027,-0.05060728744939269
2023-07-24,14350,14700,13640,14320,92227,0.01776830135039087
2023-07-25,14220,14500,13500,13910,69022,-0.02863128491620115
2023-07-26,13910,13970,12960,13140,97523,-0.05535585909417684
2023-07-27,13140,13430,12600,12740,63273,-0.030441400304414
2023-07-28,12740,13460,12740,13330,28426,0.046310832025117765
2023-07-31,13400,13710,12980,13180,42710,-0.011252813203300849
2023-08-01,13200,13340,13010,13200,40020,0.0015174506828528056
2023-08-02,13200,13900,12670,12670,131099,-0.04015151515151516
2023-08-03,12500,12670,11800,12300,73596,-0.02920284135753748
2023-08-04,12100,12630,12100,12490,40661,0.015447154471544655
2023-08-07,12510,12510,12080,12300,21097,-0.01521216973578865
2023-08-08,12200,12320,11850,12050,32829,-0.020325203252032575
2023-08-09,11920,12420,11870,12330,57198,0.023236514522821494
2023-08-10,12280,12280,11890,11910,46437,-0.03406326034063256
2023-08-11,12250,12250,11820,11890,22323,-0.0016792611251049694
2023-08-14,11880,11880,11400,11570,38593,-0.02691337258200166
2023-08-16,11570,11660,11110,11110,34962,-0.039757994814174635
2023-08-17,11110,11220,10700,11090,46215,-0.0018001800180017513
2023-08-18,11090,11090,10780,11040,42798,-0.0045085662759242195
2023-08-21,11070,11430,11070,11090,41732,0.004528985507246341
2023-08-22,11340,11340,11000,11210,21483,0.010820559062218127
2023-08-23,11250,11250,10810,11100,22591,-0.009812667261373753
2023-08-24,11050,11320,10740,11140,21482,0.003603603603603567
2023-08-25,10970,11650,10890,11500,27213,0.032315978456014305
2023-08-28,11500,11510,11130,11320,21415,-0.01565217391304352
2023-08-29,11330,11670,11320,11530,22259,0.018551236749116518
2023-08-30,11800,11860,11570,11760,18462,0.01994796183868175
2023-08-31,11770,12030,11720,11960,30121,0.017006802721088343
2023-09-01,11980,12400,11870,12010,51125,0.004180602006689016
2023-09-04,12010,12180,11530,11710,31053,-0.02497918401332222
2023-09-05,11560,11900,11550,11740,12209,0.00256191289496166
2023-09-06,12200,12640,11960,12200,111594,0.03918228279386704
2023-09-07,12790,15750,12750,12850,1822657,0.05327868852459017
2023-09-08,12960,13250,12330,13000,193896,0.011673151750972721
2023-09-11,13200,13900,13090,13300,206366,0.023076923076922995
2023-09-12,13300,13770,12920,13080,79256,-0.016541353383458635
2023-09-13,13190,13240,12590,12630,67868,-0.0344036697247706
2023-09-14,12720,13510,12700,13280,69853,0.051464766429137
2023-09-15,13390,13680,12900,13180,49936,-0.0075301204819276935
2023-09-18,13700,14500,13250,14010,211323,0.06297420333839154
2023-09-19,14050,14230,13400,13630,79125,-0.027123483226266898
2023-09-20,13500,13710,13160,13340,52712,-0.021276595744680882
2023-09-21,13140,13170,12810,13090,38644,-0.01874062968515744
2023-09-22,12900,13050,12320,12380,66053,-0.05423987776928951
2023-09-25,12600,12600,12250,12260,25384,-0.009693053311793265
2023-09-26,12020,12340,11930,11990,25574,-0.022022838499184294
2023-09-27,11780,12500,11780,12330,17944,0.028356964136780682
2023-10-04,12300,12590,11950,12010,16695,-0.025952960259529645
2023-10-05,11960,12270,11650,11800,24293,-0.017485428809325576
2023-10-06,11630,12090,11630,11800,36145,0.0
2023-10-10,11890,11910,11350,11350,26095,-0.03813559322033899
2023-10-11,11590,11730,11350,11570,17185,0.01938325991189438
2023-10-12,11520,11920,11520,11650,19610,0.006914433880726101
2023-10-13,11650,11700,11290,11380,19135,-0.023175965665236054
2023-10-16,11280,11580,11200,11520,18420,0.012302284710017597
2023-10-17,11540,11890,11540,11880,16161,0.03125
2023-10-18,11950,11950,11580,11840,11111,-0.0033670033670033517
2023-10-19,11580,11700,11350,11500,34611,-0.028716216216216228
2023-10-20,11300,11630,11100,11480,21719,-0.0017391304347825765
2023-10-23,11490,11620,11210,11240,10408,-0.020905923344947785
2023-10-24,11200,12150,11200,12100,36277,0.07651245551601416
2023-10-25,12200,12290,11830,12100,24387,0.0
2023-10-26,11900,12170,11790,11900,13358,-0.016528925619834656
2023-10-27,11900,12120,11800,12020,46707,0.010084033613445342
2023-10-30,12020,12120,11890,12010,9615,-0.0008319467554076532
2023-10-31,12000,12040,10990,11120,49903,-0.07410491257285601
2023-11-01,11290,11290,10690,10710,30605,-0.036870503597122295
2023-11-02,10810,11050,10750,10950,19890,0.022408963585434094
2023-11-03,11000,11390,10980,11330,25309,0.034703196347031895
2023-11-06,11540,11910,11250,11900,56426,0.05030891438658425
2023-11-07,12000,12040,11500,11630,18144,-0.02268907563025213
2023-11-08,11840,11840,11480,11570,53463,-0.005159071367153878
2023-11-09,11640,12270,11470,11820,70641,0.021607605877268732
2023-11-10,11700,11800,11460,11600,10029,-0.0186125211505922
2023-11-13,11610,11670,11230,11370,13199,-0.019827586206896508
2023-11-14,11380,11500,11260,11380,12394,0.0008795074758134458
2023-11-15,11410,11710,10770,11710,45622,0.02899824253075578
2023-11-16,11620,11700,11350,11580,18033,-0.01110162254483349
2023-11-17,11500,11640,11210,11240,12044,-0.029360967184801412
2023-11-20,11360,11550,11100,11400,8101,0.014234875444839812
2023-11-21,11430,11570,11280,11360,11411,-0.0035087719298245723
2023-11-22,11360,11360,11170,11170,8145,-0.016725352112676006
2023-11-23,11170,11290,11040,11040,14265,-0.011638316920322245
2023-11-24,11040,11140,10690,10820,41519,-0.019927536231884035
2023-11-27,10850,10850,10520,10580,26392,-0.02218114602587795
2023-11-28,10700,10720,10530,10550,19292,-0.002835538752362976
2023-11-29,10500,10600,10210,10550,29865,0.0
2023-11-30,10650,11000,10540,11000,15569,0.042654028436019065
2023-12-01,11000,11120,10790,10890,18398,-0.010000000000000009
2023-12-04,10990,11040,10710,10890,12869,0.0
2023-12-05,10890,10950,10610,10720,12637,-0.015610651974288348
2023-12-06,10670,11100,10600,11070,15432,0.0326492537313432
2023-12-07,10980,11600,10880,11460,79849,0.035230352303523116
2023-12-08,11310,11450,11190,11350,29198,-0.009598603839441555
2023-12-11,11470,11570,11270,11500,20674,0.013215859030837107
2023-12-12,11380,11550,11240,11240,10903,-0.022608695652173938
2023-12-13,11240,11370,11070,11110,14223,-0.011565836298932375
2023-12-14,11180,13450,11180,11200,446689,0.008100810081008047
2023-12-15,11350,11680,11150,11440,64933,0.021428571428571352
2023-12-18,11400,14290,11400,13110,753259,0.14597902097902105
2023-12-19,13120,13160,12370,12500,139744,-0.04652936689549958
2023-12-20,12440,12700,12240,12490,58190,-0.0008000000000000229
2023-12-21,12240,12620,12060,12450,64449,-0.0032025620496397567
2023-12-22,12450,13190,12210,12740,127004,0.02329317269076303
2023-12-26,12850,13000,12200,12510,39921,-0.01805337519623229
2023-12-27,12380,13500,12380,13180,176319,0.0535571542765787
2023-12-28,13170,13170,12590,12610,48330,-0.04324734446130496
2024-01-02,12610,12970,12520,12780,32183,0.013481363996827866
2024-01-03,12870,13420,12780,13380,51902,0.04694835680751175
2024-01-04,13450,13900,13120,13420,96931,0.002989536621823552
2024-01-05,13420,13590,13090,13380,32031,-0.0029806259314456574
2024-01-08,13400,14000,13110,13830,58472,0.03363228699551568
2024-01-09,14000,14110,13670,13770,58197,-0.004338394793926281
2024-01-10,14000,14000,13550,13850,21535,0.005809731299927456
2024-01-11,13990,14100,13650,13670,24524,-0.012996389891696714
2024-01-12,13740,13850,13160,13210,25391,-0.033650329188002925
2024-01-15,13500,14090,13300,13610,68309,0.0302800908402725
2024-01-16,13410,13520,13080,13460,37757,-0.01102130786186628
2024-01-17,13460,13470,12450,12800,44759,-0.04903417533432397
2024-01-18,12800,13820,12610,13010,27172,0.016406249999999956
2024-01-19,13350,14410,13210,14140,150427,0.08685626441199079
2024-01-22,14450,15220,14230,14750,189214,0.04314002828854324
2024-01-23,14750,14940,14180,14690,135839,-0.004067796610169538
2024-01-24,14690,15730,14290,15550,259660,0.058543226684819594
2024-01-25,15800,15880,14760,14840,125761,-0.04565916398713832
2024-01-26,14830,14990,14300,14560,82785,-0.018867924528301883
2024-01-29,15000,16000,14200,14450,268062,-0.007554945054945028
2024-01-30,14500,14900,13940,14550,71039,0.006920415224913601
2024-01-31,14480,14780,13760,14000,69490,-0.037800687285223344
2024-02-01,13970,14050,12960,13170,149016,-0.059285714285714275
2024-02-02,13410,13870,13140,13140,75655,-0.002277904328018221
2024-02-05,13480,13500,12650,12710,51674,-0.032724505327245024
2024-02-06,12610,12840,12460,12740,35217,0.002360346184107076
2024-02-07,13120,13120,12540,12640,44401,-0.00784929356357933
2024-02-08,12600,13070,12600,13000,37260,0.028481012658227778
2024-02-13,13050,13490,12810,13400,55011,0.03076923076923066
2024-02-14,13100,13480,13100,13300,39799,-0.007462686567164201
2024-02-15,13590,13590,13060,13060,43173,-0.018045112781954864
2024-02-16,13170,13170,12890,13110,34255,0.003828483920367498
2024-02-19,13350,13600,13110,13380,60022,0.020594965675057253
2024-02-20,13280,13980,13280,13480,39740,0.007473841554558991
2024-02-21,13840,14190,13560,13750,127655,0.02002967359050456
2024-02-22,13700,13700,13220,13420,40762,-0.02400000000000002
2024-02-23,13400,13400,12990,13300,27840,-0.008941877794336861
2024-02-26,13170,13300,12950,13030,26471,-0.020300751879699264
2024-02-27,13150,13150,12750,12810,25369,-0.016884113584036853
2024-02-28,12890,12940,12500,12880,21513,0.005464480874316946
2024-02-29,12570,12830,12570,12770,18167,-0.008540372670807428
2024-03-04,12790,12870,12420,12600,100786,-0.013312451057165275
2024-03-05,12600,12600,12430,12500,16905,-0.007936507936507908
2024-03-06,12520,12600,12140,12190,48832,-0.024800000000000044
2024-03-07,12190,12480,11580,12300,62033,0.009023789991796649
2024-03-08,12310,12650,12250,12480,16452,0.014634146341463428
2024-03-11,12570,12580,12160,12430,26914,-0.004006410256410242
2024-03-12,12520,13170,12520,13070,78998,0.05148833467417546
2024-03-13,13160,13720,12860,13370,91217,0.022953328232593773
2024-03-14,13490,13490,13040,13300,44789,-0.005235602094240788
2024-03-15,13300,13600,13080,13470,35089,0.012781954887218117
2024-03-18,13500,13500,13210,13350,16651,-0.008908685968819552
2024-03-19,13350,13350,12900,12930,22521,-0.03146067415730336
2024-03-20,12910,13080,12720,12930,32886,0.0
2024-03-21,12940,13050,12650,12870,36818,-0.004640371229698403
2024-03-22,12870,12960,12660,12680,16319,-0.014763014763014781
2024-03-25,12650,12770,12460,12560,25691,-0.009463722397476393
2024-03-26,12610,12990,12450,12760,34974,0.015923566878981
2024-03-27,13300,13310,12840,12900,54875,0.01097178683385569
2024-03-28,12890,13030,12490,12550,35733,-0.027131782945736482
2024-03-29,12690,12730,12410,12620,20369,0.005577689243027928
2024-04-01,12500,12800,12500,12680,18731,0.004754358161648264
2024-04-02,12680,12710,12470,12540,21433,-0.01104100946372244
2024-04-03,12420,12540,12180,12360,35067,-0.014354066985645897
2024-04-04,12240,12410,12130,12180,24179,-0.014563106796116498
2024-04-05,12110,12310,11960,12000,24706,-0.014778325123152691
2024-04-08,12060,12060,11740,11790,32966,-0.01749999999999996
2024-04-09,11790,12080,11790,11860,14766,0.00593723494486853
2024-04-11,11780,11930,11640,11860,8452,0.0
2024-04-12,11860,12140,11780,11820,11652,-0.003372681281618939
2024-04-15,11800,11850,11620,11730,20811,-0.0076142131979695105
2024-04-16,11730,11750,11370,11550,31734,-0.01534526854219953
2024-04-17,11500,11760,11500,11550,10131,0.0
2024-04-18,11550,11770,11520,11550,14741,0.0
2024-04-19,11670,11670,11280,11430,24552,-0.010389610389610393
2024-04-22,11440,11590,11290,11400,13428,-0.002624671916010457
2024-04-23,11460,11460,11300,11370,20191,-0.0026315789473684292
2024-04-24,11400,11590,11300,11450,21461,0.0070360598065084545
2024-04-25,11390,11560,11290,11300,15608,-0.013100436681222738
2024-04-26,11400,11400,11230,11280,16751,-0.001769911504424737
2024-04-29,11280,11560,11200,11490,24989,0.018617021276595702
2024-04-30,11580,11600,11110,11300,26291,-0.01653611836379465
2024-05-02,11300,11310,11030,11150,18479,-0.013274336283185861
2024-05-03,11150,11440,11150,11380,20351,0.020627802690583064
2024-05-07,11430,12400,11400,12000,126197,0.054481546572934914
2024-05-08,12000,12090,11700,11800,27752,-0.01666666666666672
2024-05-09,11750,12200,11720,11840,22829,0.003389830508474523
2024-05-10,11840,11910,11420,11600,58515,-0.020270270270270285
2024-05-13,11750,11770,11530,11680,23118,0.006896551724137945
2024-05-14,11670,11900,11500,11790,35131,0.009417808219178037
2024-05-16,11700,12230,11690,12170,48954,0.03223070398642913
2024-05-17,11490,12190,11490,11980,65547,-0.01561216105176666
2024-05-20,11980,12080,11680,11700,26254,-0.023372287145242088
2024-05-21,11700,11880,11680,11780,14521,0.006837606837606813
2024-05-22,11820,11860,11670,11790,18700,0.000848896434634927
2024-05-23,11790,11790,11530,11750,13956,-0.003392705682782049
2024-05-24,11750,11810,11540,11580,19297,-0.014468085106382977
2024-05-27,11580,11720,11400,11500,18098,-0.006908462867012077
2024-05-28,11410,11580,11090,11250,50024,-0.021739130434782594
2024-05-29,11150,11510,11010,11480,39268,0.020444444444444487
2024-05-30,11480,11480,11010,11010,20108,-0.0409407665505227
2024-05-31,11010,11150,10730,10760,36711,-0.02270663033605813
2024-06-03,10710,10870,10680,10800,12786,0.0037174721189590088
2024-06-04,10800,10800,10620,10710,18144,-0.008333333333333304
2024-06-05,10720,10780,10500,10560,14893,-0.014005602240896309
2024-06-07,10500,10700,10460,10530,15805,-0.0028409090909090606
2024-06-10,10460,10670,10340,10530,21566,0.0
2024-06-11,10590,10750,10400,10750,16406,0.02089268755935425
2024-06-12,10750,10880,10680,10880,12115,0.01209302325581385
2024-06-13,10970,10970,10650,10650,16200,-0.02113970588235292
2024-06-14,10650,10750,10500,10580,12053,-0.0065727699530516714
2024-06-17,10610,10710,10200,10200,21491,-0.03591682419659736
2024-06-18,10200,10350,9720,9840,82625,-0.03529411764705881
2024-06-19,9840,10000,9420,9570,100978,-0.027439024390243927
2024-06-20,9540,9610,9240,9450,53328,-0.01253918495297801
2024-06-21,9450,9450,9160,9260,65996,-0.02010582010582007
2024-06-24,9260,9310,9040,9310,44775,0.005399568034557323
2024-06-25,9390,9390,9020,9150,29678,-0.017185821697099923
2024-06-26,9020,9270,9020,9260,11579,0.012021857923497192
2024-06-27,9290,9290,9040,9170,29972,-0.009719222462203025
2024-06-28,9100,9270,9050,9100,39117,-0.007633587786259555
2024-07-01,9140,9250,9070,9250,4674,0.016483516483516425
2024-07-02,9250,9350,9190,9330,16728,0.00864864864864856
2024-07-03,9330,9330,8790,8810,50029,-0.055734190782422255
2024-07-04,8810,9050,8810,8980,7991,0.0192962542565267
2024-07-05,9020,9030,8850,8940,9615,-0.0044543429844098315
2024-07-08,8980,9100,8930,8990,14543,0.005592841163311046
2024-07-09,8900,9070,8840,8880,21475,-0.012235817575083408
2024-07-10,8930,8990,8810,8980,10290,0.011261261261261257
2024-07-11,8980,9020,8870,8940,8499,-0.0044543429844098315
2024-07-12,8940,8950,8750,8840,14193,-0.01118568232662187
2024-07-15,8760,8980,8760,8980,7831,0.015837104072398134
2024-07-16,9010,9020,8800,8930,12642,-0.0055679287305122616
2024-07-17,8910,8910,8560,8580,48088,-0.03919372900335949
2024-07-18,8580,8780,8450,8520,28104,-0.006993006993006978
2024-07-19,8520,8560,8310,8530,32400,0.0011737089201877549
2024-07-22,10010,10330,8700,9200,1575871,0.0785463071512309
2024-07-23,9000,9340,8880,8880,80255,-0.034782608695652195
2024-07-24,8830,9440,8830,9220,55623,0.03828828828828823
2024-07-25,9250,9250,8550,8950,38541,-0.029284164859002204
2024-07-26,8930,9030,8870,8960,11176,0.0011173184357542443
2024-07-29,9040,9040,8850,8870,10181,-0.010044642857142905
2024-07-30,8950,10110,8870,9220,337013,0.03945885005636973
2024-07-31,9310,11660,9250,10400,1488376,0.12798264642082424
2024-08-01,10510,11160,9930,9980,238751,-0.04038461538461535
2024-08-02,9750,10610,9580,9970,125182,-0.0010020040080159776
2024-08-05,10000,10000,8900,8990,106887,-0.09829488465396186
2024-08-06,9020,9730,9020,9250,41381,0.028921023359288034
2024-08-07,9370,9880,9370,9450,20173,0.021621621621621623
2024-08-08,9500,9820,9500,9690,20485,0.025396825396825307
2024-08-09,9930,10080,9720,9880,20618,0.019607843137254832
2024-08-12,9790,9920,9700,9750,14199,-0.013157894736842146
2024-08-13,9750,10050,9740,9800,9937,0.00512820512820511
2024-08-14,9870,10040,9420,10040,16443,0.02448979591836742
2024-08-16,10120,10230,9830,9950,22000,-0.008964143426294813
2024-08-19,9890,9990,9800,9890,12637,-0.0060301507537688925
2024-08-20,9890,9980,9730,9830,17991,-0.006066734074823055
2024-08-21,9830,9830,9520,9590,22738,-0.024415055951169884
2024-08-22,9590,9630,9280,9350,17927,-0.02502606882168923
2024-08-23,9350,9390,9200,9270,6994,-0.00855614973262031
2024-08-26,9300,9440,9150,9360,5663,0.009708737864077666
2024-08-27,9400,10700,9210,10160,252525,0.08547008547008539
2024-08-28,10850,11930,10000,10000,429326,-0.015748031496062964
2024-08-29,9780,10320,9780,9980,62085,-0.0020000000000000018
2024-08-30,10090,10490,10090,10150,57163,0.017034068136272618
2024-09-02,10170,10580,10170,10390,39480,0.02364532019704435
2024-09-03,10290,10330,10050,10050,17322,-0.0327237728585178
2024-09-04,9650,9970,9210,9800,26589,-0.02487562189054726
2024-09-05,9740,10320,9740,10000,44397,0.020408163265306145
2024-09-06,9830,10020,9600,9710,38263,-0.029000000000000026
2024-09-09,9620,9960,9590,9830,17559,0.012358393408856916
2024-09-10,9980,10100,9800,9800,24397,-0.003051881993896277
2024-09-11,9920,10170,9790,9980,19096,0.01836734693877551
2024-09-12,10000,10390,9870,9980,35527,0.0
2024-09-13,10020,10180,9970,9990,15009,0.0010020040080160886
2024-09-19,9990,10200,9850,10030,19660,0.004004004004003914
2024-09-20,10030,10260,9930,10200,23771,0.016949152542372836
2024-09-23,10200,10330,10060,10200,20811,0.0
2024-09-24,10390,10690,10050,10300,45055,0.009803921568627416
2024-09-25,10200,10380,10010,10050,22118,-0.024271844660194164
2024-09-26,10050,10650,10030,10040,23678,-0.0009950248756218638
2024-09-27,10080,10100,9860,10000,20546,-0.003984063745019917
2024-09-30,10000,10000,9730,9830,9335,-0.017000000000000015
2024-10-02,9800,9830,9620,9680,8116,-0.015259409969481164
2024-10-04,9600,9710,9510,9650,7828,-0.0030991735537190257
2024-10-07,9650,10350,9550,9940,42500,0.030051813471502653
2024-10-08,9900,10100,9900,9970,11703,0.003018108651911433
2024-10-10,9990,10180,9950,10070,15568,0.010030090270812364
2024-10-11,10070,10180,10000,10000,10104,-0.006951340615690138
2024-10-14,10050,10050,9930,10000,4747,0.0
2024-10-15,10010,10080,9850,9920,8089,-0.008000000000000007
2024-10-16,9920,9980,9840,9890,8652,-0.003024193548387122
2024-10-17,9920,9990,9740,9770,9168,-0.01213346814964611
2024-10-18,9780,9880,9550,9700,16676,-0.007164790174002067
2024-10-21,9720,10270,9710,10000,42969,0.030927835051546282
2024-10-22,10020,10050,9730,9730,16849,-0.027000000000000024
2024-10-23,9700,9930,9570,9730,17409,0.0
2024-10-24,9610,9720,9540,9570,6781,-0.016443987667009274
2024-10-25,9620,9670,9350,9540,10137,-0.0031347962382445305
2024-10-28,9510,9830,9470,9710,8530,0.017819706498951815
2024-10-29,9710,9820,9700,9700,5739,-0.001029866117404743
2024-10-30,9880,9950,9550,9690,10737,-0.0010309278350515427
2024-10-31,9690,9690,9570,9690,12588,0.0
2024-11-01,9700,9800,9680,9720,6470,0.003095975232198178
2024-11-04,9710,9860,9710,9790,8948,0.007201646090535085
2024-11-05,9820,10120,9820,9900,11183,0.011235955056179803
2024-11-06,9880,10020,9640,9660,33614,-0.024242424242424288
2024-11-07,9660,9780,9630,9690,6228,0.0031055900621117516
2024-11-08,9880,9880,9620,9650,10125,-0.0041279669762641635
2024-11-11,9970,10020,9410,9540,45449,-0.011398963730569922
2024-11-12,9520,9540,8850,8900,61970,-0.06708595387840666
2024-11-13,8900,9090,8890,9080,8848,0.020224719101123556
2024-11-14,9100,9590,9080,9430,26960,0.03854625550660784
2024-11-15,9430,9560,9170,9410,4177,-0.0021208907741251393
2024-11-18,9410,9790,9410,9610,15186,0.02125398512221044
2024-11-19,9610,9700,9080,9680,10084,0.007284079084287187
2024-11-20,9680,9730,9540,9540,7973,-0.01446280991735538
2024-11-21,9540,9750,9250,9610,4942,0.007337526205450695
2024-11-22,9510,9820,9510,9750,10263,0.014568158168574374
2024-11-25,9930,9930,9640,9800,6405,0.00512820512820511
2024-11-26,9940,10990,9850,10500,227120,0.0714285714285714
2024-11-27,10500,10540,10240,10530,33619,0.0028571428571428914
2024-11-28,10440,10570,10360,10480,11359,-0.0047483380816714105
2024-11-29,10360,10500,10130,10190,18803,-0.027671755725190872
2024-12-02,10190,10270,9840,10100,9079,-0.008832188420019649
2024-12-03,10070,10120,9900,10120,18351,0.001980198019801982
2024-12-04,9850,10120,9800,9980,17200,-0.013833992094861691
2024-12-05,10010,10070,9750,9860,11050,-0.012024048096192397
2024-12-06,9640,9900,9160,9370,71814,-0.049695740365111596
2024-12-09,9270,9300,8580,8900,29588,-0.050160085378868735
2024-12-10,8910,9340,8910,9340,15923,0.04943820224719109
2024-12-11,9480,9700,9340,9670,17892,0.03533190578158463
2024-12-12,9700,9720,9530,9600,11076,-0.007238883143743546
2024-12-13,9620,9760,9530,9740,9706,0.014583333333333393
2024-12-16,9850,9850,9610,9740,5575,0.0
2024-12-17,9690,9730,9500,9550,6434,-0.019507186858316206
2024-12-18,9470,9600,9460,9590,8578,0.004188481675392763
2024-12-19,9490,9560,9320,9360,8156,-0.023983315954118845
2024-12-20,9360,9380,9000,9260,22109,-0.010683760683760646
2024-12-23,9220,9380,9160,9300,12769,0.004319654427645814
2024-12-24,9530,9530,9250,9300,7795,0.0
2024-12-26,9230,9470,9230,9320,7351,0.0021505376344086446
2024-12-27,9290,9430,9190,9300,7154,-0.0021459227467811592
2024-12-30,9300,9430,9230,9330,8000,0.003225806451612856
2025-01-02,9430,9640,9330,9620,6039,0.031082529474812493
2025-01-03,9780,9960,9670,9940,27854,0.033264033264033266
2025-01-06,10140,10630,9950,10550,50553,0.06136820925553321
2025-01-07,10590,10690,10170,10380,33873,-0.01611374407582944
2025-01-08,10450,10840,10300,10690,32595,0.029865125240847723
2025-01-09,10860,10860,10400,10550,12937,-0.013096351730589317
2025-01-10,10550,10930,10450,10820,31643,0.025592417061611306
2025-01-13,10710,11050,10680,10920,22088,0.009242144177449063
2025-01-14,10800,11000,10800,10900,7620,-0.001831501831501825
2025-01-15,10800,11390,10800,11340,30052,0.04036697247706411
2025-01-16,11420,11420,11150,11270,26136,-0.006172839506172867
2025-01-17,11270,11290,10450,10820,21813,-0.03992901508429458
2025-01-20,10820,10920,10600,10710,13784,-0.010166358595194103
2025-01-21,10800,10870,10620,10870,8224,0.014939309056956063
2025-01-22,11000,11230,10870,10870,14454,0.0
2025-01-23,10980,10980,10500,10500,9222,-0.03403863845446187
2025-01-24,10640,10650,10250,10250,7848,-0.023809523809523836
2025-01-31,10470,11070,10260,10960,15383,0.06926829268292689
2025-02-03,11110,11710,10870,11550,85170,0.053832116788321116
2025-02-04,11550,11620,11150,11500,17523,-0.0043290043290042934
2025-02-05,11510,11880,11380,11600,25925,0.008695652173912993
2025-02-06,11860,11910,11400,11820,33058,0.018965517241379404
2025-02-07,11820,11880,11230,11280,26353,-0.045685279187817285
2025-02-10,11190,11480,10830,11210,17901,-0.006205673758865271
2025-02-11,11350,11350,10890,10930,15980,-0.024977698483496846
2025-02-12,10930,11050,10570,10730,17737,-0.018298261665141813
2025-02-13,10750,10750,10300,10700,16608,-0.002795899347623476
2025-02-14,10650,11110,10650,10860,17061,0.01495327102803734
2025-02-17,10960,11330,10850,11200,24722,0.03130755064456725
2025-02-18,11200,11430,10990,11070,14175,-0.011607142857142816
2025-02-19,11070,12100,10910,11670,116083,0.05420054200542013
2025-02-20,11800,11900,11070,11110,50656,-0.04798628963153384
2025-02-21,11230,11450,11190,11360,18884,0.022502250225022502
2025-02-24,11360,11440,11110,11180,13801,-0.015845070422535246
2025-02-25,11180,11230,11030,11190,13559,0.0008944543828264262
2025-02-26,11050,11180,10950,11060,11093,-0.011617515638963405
2025-02-27,11060,11060,10700,10800,17860,-0.023508137432188048
2025-02-28,10510,11050,10510,10970,20636,0.015740740740740833
2025-03-04,10970,10970,10570,10720,17007,-0.022789425706472244
2025-03-05,10760,10950,10760,10820,9401,0.009328358208955168
2025-03-06,10910,11050,10700,11030,10645,0.019408502772643166
2025-03-07,11030,11600,10870,10920,30087,-0.00997280145058932
2025-03-10,10930,10930,10700,10850,9732,-0.0064102564102563875
2025-03-11,10730,10850,10520,10820,12668,-0.0027649769585254003
2025-03-12,10810,10900,10670,10670,9455,-0.013863216266173706
2025-03-13,10670,10850,10630,10630,7144,-0.0037488284910964786
2025-03-14,10730,10950,10600,10930,9239,0.02822201317027284
2025-03-17,10980,10980,10770,10930,8085,0.0
2025-03-18,10930,11110,10810,11060,17031,0.011893870082342106
2025-03-19,11030,11050,10830,10950,7888,-0.009945750452079571
2025-03-20,10950,10950,10760,10770,10314,-0.016438356164383605
2025-03-21,10610,10730,10490,10560,11393,-0.01949860724233987
2025-03-24,10560,10600,10460,10550,7757,-0.0009469696969697239
2025-03-25,10580,10620,10300,10370,16248,-0.017061611374407537
2025-03-26,11460,13250,10880,11500,1850876,0.1089681774349085
2025-03-27,11460,11580,11080,11170,131175,-0.02869565217391301
2025-03-28,11300,11310,10900,10920,92384,-0.022381378692927445
2025-03-31,10740,11350,10290,11280,75982,0.03296703296703307
2025-04-01,11370,12330,11370,12060,181379,0.06914893617021267
2025-04-02,12350,15450,12120,12870,1509943,0.0671641791044777
2025-04-03,12640,13860,12560,13460,320008,0.04584304584304588
2025-04-04,13250,15390,13150,14250,368755,0.05869242199108471
2025-04-07,13920,13920,13100,13460,140152,-0.055438596491228065
2025-04-08,13460,13850,12580,12900,124807,-0.04160475482912329
2025-04-09,12900,13000,12290,12550,62864,-0.027131782945736482
2025-04-10,12850,13170,12750,12980,76216,0.03426294820717124
2025-04-11,12980,13430,12850,13120,61139,0.01078582434514641
2025-04-14,13160,14770,12730,14250,203955,0.08612804878048785
2025-04-15,14180,15150,14105,14850,142665,0.042105263157894646
2025-04-16,14670,14840,14040,14110,64248,-0.04983164983164978
2025-04-17,14120,14310,13600,13800,53620,-0.021970233876683176
2025-04-18,13880,15540,13640,15250,198728,0.10507246376811596
2025-04-21,15860,16420,15250,16140,190637,0.05836065573770499
2025-04-22,16140,17450,15700,16190,152315,0.0030978934324659146
2025-04-23,16360,18100,16320,16950,289508,0.04694255713403339
2025-04-24,16950,16960,16050,16100,77205,-0.05014749262536877
2025-04-25,16100,19720,15940,18710,620766,0.162111801242236
2025-04-28,22000,23550,17820,18240,888219,-0.02512025654730088
2025-04-29,18310,19350,17730,17830,191601,-0.02247807017543857
2025-04-30,17400,18280,17330,17410,94386,-0.023555804823331417
2025-05-02,17030,19960,17000,18590,698173,0.0677771395749569
2025-05-07,18590,19220,18010,18640,148120,0.002689618074233513
2025-05-08,18640,19070,17900,18030,104168,-0.03272532188841204
2025-05-09,18050,18340,17620,17900,59033,-0.007210205213532994
2025-05-12,17900,18480,17010,18320,70436,0.02346368715083802
2025-05-13,18320,18600,17150,18090,39568,-0.012554585152838471
2025-05-14,18110,19910,18090,18930,165271,0.046434494195688236
2025-05-15,18930,19720,18630,19450,92499,0.027469624933967207
2025-05-16,19570,19590,17900,18460,88336,-0.050899742930591296
2025-05-19,18160,18560,17900,18270,33167,-0.010292524377031431
2025-05-20,18350,18920,18010,18270,47786,0.0
2025-05-21,18450,18700,18200,18610,35275,0.018609742747673685
2025-05-22,18310,19440,18230,18800,82539,0.010209564750134348
2025-05-23,18890,19340,18510,19160,39144,0.01914893617021285
2025-05-26,19160,19550,18800,19000,44699,-0.008350730688935326
2025-05-27,19000,19020,18170,18680,46888,-0.01684210526315788
2025-05-28,18630,19660,18560,18780,76360,0.005353319057815886
2025-05-29,18790,18990,17970,17980,57950,-0.04259850905218321
2025-05-30,17870,18130,17500,17690,47584,-0.016129032258064502
2025-06-02,17520,17950,17290,17620,36515,-0.003957037874505409
2025-06-04,17620,18240,17440,18170,71954,0.03121452894438148
2025-06-05,18330,18780,17940,18370,37133,0.011007154650522821
2025-06-09,18370,19040,18190,19040,43345,0.0364725095264018
2025-06-10,19390,19480,18910,19300,38557,0.013655462184873901
2025-06-11,19430,21750,19340,20450,268613,0.059585492227979264
2025-06-12,20300,20750,19350,19430,88865,-0.049877750611246996
2025-06-13,19370,19430,18610,18860,80159,-0.029336078229541984
2025-06-16,18860,21300,18000,21250,176889,0.1267232237539766
2025-06-17,21600,21950,20300,21050,126859,-0.009411764705882342
2025-06-18,22300,22650,20650,21600,227144,0.026128266033254244
2025-06-19,22000,22650,20800,20900,102041,-0.03240740740740744
2025-06-20,21700,21700,20400,21400,78038,0.02392344497607657
2025-06-23,21600,21650,20900,21350,74234,-0.002336448598130869
2025-06-24,21700,22850,21650,22050,106992,0.032786885245901676
2025-06-25,22100,22400,21300,21750,67801,-0.013605442176870763
