Date,Open,High,Low,Close,Volume,Change
2022-01-03,8650,8900,8600,8670,32620,0.011668611435239118
2022-01-04,8750,8750,8450,8600,65390,-0.008073817762399127
2022-01-05,8600,8960,8510,8950,130670,0.04069767441860472
2022-01-06,8900,9000,8670,8690,37920,-0.029050279329608908
2022-01-07,8720,8880,8670,8720,56680,0.0034522439585731313
2022-01-10,8940,8940,8540,8800,14080,0.00917431192660545
2022-01-11,8730,8940,8660,8930,47970,0.014772727272727382
2022-01-12,8900,8980,8840,8950,33020,0.002239641657334923
2022-01-13,8870,8980,8820,8840,16100,-0.012290502793296132
2022-01-14,8750,9010,8650,8780,49770,-0.006787330316742057
2022-01-17,8770,8830,8670,8830,9280,0.005694760820045497
2022-01-18,8950,8950,8660,8700,29090,-0.014722536806342057
2022-01-19,8620,8780,8620,8740,7800,0.0045977011494253706
2022-01-20,8700,8900,8560,8760,48540,0.0022883295194509046
2022-01-21,8750,8900,8550,8710,27840,-0.005707762557077611
2022-01-24,8630,8740,8560,8700,39450,-0.0011481056257175437
2022-01-25,8690,8700,8470,8650,58150,-0.005747126436781658
2022-01-26,8550,8840,8540,8780,36760,0.015028901734104094
2022-01-27,8780,8880,8380,8510,97130,-0.03075170842824604
2022-01-28,8420,8910,8420,8800,36750,0.034077555816686145
2022-02-03,8950,8950,8650,8900,32500,0.011363636363636465
2022-02-04,8800,9200,8800,9150,82090,0.028089887640449396
2022-02-07,9150,9270,8930,9110,30790,-0.0043715846994535346
2022-02-08,9110,9200,9000,9090,18590,-0.002195389681668547
2022-02-09,9110,9200,8920,9180,56170,0.00990099009900991
2022-02-10,9180,9450,9100,9400,64710,0.023965141612200425
2022-02-11,9400,9440,9220,9400,32210,0.0
2022-02-14,9330,9480,9210,9440,61140,0.004255319148936065
2022-02-15,9300,9550,9100,9100,137950,-0.03601694915254239
2022-02-16,9100,9250,9010,9190,37260,0.009890109890109855
2022-02-17,9230,9230,8970,9100,52710,-0.009793253536452662
2022-02-18,9100,9130,8990,9130,62300,0.003296703296703285
2022-02-21,9120,9130,8980,9070,29680,-0.006571741511500528
2022-02-22,9020,9100,8930,9050,31340,-0.0022050716648290836
2022-02-23,9000,9170,8850,9160,56400,0.012154696132596676
2022-02-24,9140,9140,8960,9070,26630,-0.009825327510917026
2022-02-25,9180,9320,8990,9300,43070,0.025358324145534628
2022-02-28,9300,9330,9160,9310,23100,0.0010752688172042113
2022-03-02,9400,9450,9250,9440,44850,0.013963480128893702
2022-03-03,9480,9590,9390,9560,42560,0.012711864406779627
2022-03-04,9560,9700,9440,9520,24000,-0.004184100418409997
2022-03-07,9770,10250,9380,9520,148640,0.0
2022-03-08,9480,9610,9330,9550,54220,0.0031512605042016695
2022-03-10,9500,9600,9450,9570,10320,0.0020942408376962707
2022-03-11,9580,9630,9500,9610,19240,0.004179728317659448
2022-03-14,9600,9670,9500,9500,29140,-0.01144640998959412
2022-03-15,9500,9550,9280,9440,25810,-0.0063157894736841635
2022-03-16,9600,9600,9310,9600,20350,0.016949152542372836
2022-03-17,9530,9630,9460,9570,23250,-0.0031250000000000444
2022-03-18,9570,9600,9500,9600,10250,0.0031347962382444194
2022-03-21,9740,9740,9480,9600,22940,0.0
2022-03-22,9600,9720,9560,9560,19980,-0.004166666666666652
2022-03-23,9630,9670,9520,9610,8330,0.0052301255230124966
2022-03-24,9610,9640,9530,9620,6610,0.0010405827263266776
2022-03-25,9580,9670,9560,9620,9210,0.0
2022-03-28,9500,9630,9460,9620,20470,0.0
2022-03-29,9630,9650,9530,9620,4770,0.0
2022-03-30,9620,9640,9540,9600,12740,-0.0020790020790020236
2022-03-31,9600,9700,9530,9700,19710,0.01041666666666674
2022-04-01,9700,9750,9600,9740,24600,0.004123711340206171
2022-04-04,9740,9800,9600,9790,24860,0.005133470225872738
2022-04-05,9780,9790,9620,9790,40500,0.0
2022-04-06,9780,9780,9650,9750,14720,-0.0040858018386108474
2022-04-07,9720,9810,9550,9720,40610,-0.003076923076923088
2022-04-08,9680,9750,9500,9500,32330,-0.02263374485596703
2022-04-11,9470,9520,9390,9470,30730,-0.0031578947368421373
2022-04-12,9500,9500,9380,9450,14190,-0.002111932418162654
2022-04-13,9490,9840,9490,9740,19380,0.030687830687830653
2022-04-14,9740,9800,9590,9700,20230,-0.004106776180698102
2022-04-15,9940,9940,9520,9530,32510,-0.017525773195876337
2022-04-18,9580,9580,9410,9520,12660,-0.0010493179433368471
2022-04-19,9520,9740,9520,9720,19180,0.021008403361344463
2022-04-20,9720,9720,9590,9680,15630,-0.004115226337448541
2022-04-21,9630,9710,9440,9450,41720,-0.023760330578512345
2022-04-22,9450,9550,9250,9410,30300,-0.004232804232804255
2022-04-25,9370,9410,9250,9260,11430,-0.015940488841657774
2022-04-26,9260,9480,9260,9320,6740,0.00647948164146861
2022-04-27,9320,9350,9100,9300,17490,-0.0021459227467811592
2022-04-28,9350,9410,9200,9410,21760,0.011827956989247213
2022-04-29,9450,9470,9220,9360,27050,-0.005313496280552554
2022-05-02,9360,9410,9270,9310,6150,-0.005341880341880323
2022-05-03,9440,9470,9310,9400,8710,0.009667024704618665
2022-05-04,9440,9440,9260,9390,37730,-0.0010638297872340718
2022-05-06,9390,9400,9200,9400,23580,0.0010649627263046302
2022-05-09,9340,9410,9100,9410,45570,0.0010638297872340718
2022-05-10,9390,9410,9230,9410,11390,0.0
2022-05-11,9450,9450,9340,9420,7210,0.0010626992561104665
2022-05-12,9420,9440,9220,9300,23630,-0.01273885350318471
2022-05-13,9300,9320,9210,9290,15700,-0.0010752688172043223
2022-05-16,9290,9300,9210,9300,4650,0.0010764262648008671
2022-05-17,9300,9300,8790,9080,252660,-0.023655913978494647
2022-05-18,9030,9150,8900,9100,26540,0.0022026431718060735
2022-05-19,9100,9300,8900,9240,17990,0.01538461538461533
2022-05-20,9090,9240,9090,9240,10210,0.0
2022-05-23,9150,9280,9110,9250,14470,0.0010822510822510178
2022-05-24,9250,9310,9200,9240,14140,-0.00108108108108107
2022-05-25,9240,9300,9190,9250,13680,0.0010822510822510178
2022-05-26,9240,9250,9150,9160,12630,-0.009729729729729741
2022-05-27,9210,9300,9080,9250,34000,0.009825327510917026
2022-05-30,9220,9330,9180,9260,12830,0.00108108108108107
2022-05-31,9320,9320,9190,9230,26120,-0.003239740820734305
2022-06-02,9230,9350,8310,8800,250510,-0.04658721560130008
2022-06-03,8800,8900,8660,8900,34150,0.011363636363636465
2022-06-07,8990,9050,8820,8990,19250,0.010112359550561889
2022-06-08,8990,9050,8920,9050,4620,0.006674082313681939
2022-06-09,8970,9090,8970,9060,13620,0.0011049723756906271
2022-06-10,8960,9060,8950,9020,8580,-0.004415011037527616
2022-06-13,8820,9020,8820,8980,29320,-0.0044345898004434225
2022-06-14,8810,9000,8810,8970,75680,-0.00111358574610243
2022-06-15,9010,9010,8710,8880,19640,-0.010033444816053505
2022-06-16,8800,8900,8340,8800,92450,-0.009009009009009028
2022-06-17,8750,8890,8440,8810,50810,0.001136363636363713
2022-06-20,8820,8820,8650,8690,23870,-0.01362088535754824
2022-06-21,8680,8800,8500,8690,57190,0.0
2022-06-22,8800,8800,8660,8690,4400,0.0
2022-06-23,8770,8770,8500,8720,9200,0.0034522439585731313
2022-06-24,8800,8800,8620,8720,4300,0.0
2022-06-27,8720,8720,8620,8700,7800,-0.002293577981651418
2022-06-28,8680,8700,8680,8700,1740,0.0
2022-06-29,8700,8750,8530,8720,9730,0.0022988505747125743
2022-06-30,8670,8730,8620,8690,3570,-0.0034403669724770714
2022-07-01,8690,8790,8600,8690,4140,0.0
2022-07-04,8690,8690,8630,8680,990,-0.0011507479861909697
2022-07-05,8720,8720,8660,8680,2360,0.0
2022-07-06,8700,8700,8500,8680,25270,0.0
2022-07-07,8630,8730,8620,8700,3640,0.0023041474654377225
2022-07-08,8740,8740,8650,8700,4140,0.0
2022-07-11,8710,8710,8640,8700,2100,0.0
2022-07-12,8700,8730,8500,8700,28390,0.0
2022-07-13,8700,8800,8680,8790,20830,0.010344827586206806
2022-07-14,8790,8840,8710,8770,9920,-0.0022753128555176305
2022-07-15,8770,8770,8670,8760,5070,-0.0011402508551880963
2022-07-18,8700,8760,8670,8700,13710,-0.006849315068493178
2022-07-19,8660,8710,8640,8700,2540,0.0
2022-07-20,8700,8800,8650,8770,13770,0.008045977011494232
2022-07-21,8770,8800,8720,8780,3550,0.0011402508551880963
2022-07-22,8770,8800,8710,8780,10810,0.0
2022-07-25,8780,8840,8720,8780,4840,0.0
2022-07-26,8830,8840,8560,8610,32360,-0.019362186788154934
2022-07-27,8590,8700,8550,8690,11270,0.009291521486643362
2022-07-28,8850,8900,8730,8840,21370,0.017261219792865434
2022-07-29,8890,8900,8770,8840,7570,0.0
2022-08-01,8850,8950,8750,8840,18740,0.0
2022-08-02,8840,8840,8720,8720,41660,-0.013574660633484115
2022-08-03,8790,8790,8680,8720,1480,0.0
2022-08-04,8720,8720,8630,8690,6250,-0.0034403669724770714
2022-08-05,8690,8770,8660,8680,9460,-0.0011507479861909697
2022-08-08,8630,8750,8630,8680,3100,0.0
2022-08-09,8680,8700,8540,8600,14010,-0.009216589861751112
2022-08-10,8600,8600,8530,8600,4920,0.0
2022-08-11,8640,8790,8550,8790,9860,0.02209302325581386
2022-08-12,8780,8850,8690,8690,12330,-0.011376564277588153
2022-08-16,8690,8690,8630,8670,5950,-0.0023014959723820505
2022-08-17,8700,8700,8530,8530,6560,-0.016147635524798143
2022-08-18,8590,8660,8510,8590,9030,0.00703399765533419
2022-08-19,8590,8640,8480,8530,11760,-0.006984866123399325
2022-08-22,8520,8590,8400,8580,8400,0.0058616647127784915
2022-08-23,8590,8600,8470,8530,18230,-0.005827505827505797
2022-08-24,8530,8620,8450,8540,11540,0.0011723329425556983
2022-08-25,8540,8560,8430,8520,17890,-0.0023419203747072626
2022-08-26,8560,8600,8450,8560,18030,0.0046948356807512415
2022-08-29,8480,8570,8460,8550,9850,-0.001168224299065379
2022-08-30,8540,8550,8460,8500,11880,-0.005847953216374324
2022-08-31,8490,8600,8410,8530,12350,0.003529411764705781
2022-09-01,8500,8570,8440,8530,27820,0.0
2022-09-02,8520,8550,8470,8500,2260,-0.003516998827667095
2022-09-05,8500,8500,8360,8390,7510,-0.012941176470588234
2022-09-06,8390,8590,8370,8570,7680,0.021454112038140627
2022-09-07,8560,8570,8480,8540,1910,-0.003500583430571802
2022-09-08,8500,8530,8450,8510,7620,-0.003512880562060894
2022-09-13,8500,8500,8370,8400,13660,-0.01292596944770863
2022-09-14,8350,8440,8300,8350,16380,-0.005952380952380931
2022-09-15,8350,8350,8290,8300,650,-0.005988023952095856
2022-09-16,8300,8560,8220,8310,22860,0.00120481927710836
2022-09-19,8310,8310,8169,8310,12880,0.0
2022-09-20,8310,8350,8210,8300,12150,-0.001203369434416346
2022-09-21,8320,8320,8059,8300,45050,0.0
2022-09-22,8310,8350,8119,8310,63520,0.00120481927710836
2022-09-23,8340,8340,8220,8300,4500,-0.001203369434416346
2022-09-26,8240,8300,8020,8300,92900,0.0
2022-09-27,8169,8270,8110,8230,38050,-0.008433734939759074
2022-09-28,8280,8280,8050,8180,33870,-0.0060753341433779084
2022-09-29,8140,8230,8070,8200,31390,0.0024449877750611915
2022-09-30,8290,8290,8129,8200,15750,0.0
2022-10-04,8120,8250,8120,8220,4650,0.0024390243902439046
2022-10-05,8230,8380,8110,8190,12260,-0.0036496350364964014
2022-10-06,8240,8340,8140,8150,11410,-0.004884004884004867
2022-10-07,8089,8150,8080,8150,8300,0.0
2022-10-11,8140,8150,8039,8130,13290,-0.0024539877300613355
2022-10-12,8049,8250,8049,8200,25000,0.008610086100861114
2022-10-13,8150,8210,8040,8150,22310,-0.0060975609756097615
2022-10-14,8150,8250,8090,8100,24830,-0.006134969325153339
2022-10-17,8080,8150,8030,8140,12660,0.004938271604938205
2022-10-18,8150,8200,8059,8140,24310,0.0
2022-10-19,8100,8139,8100,8140,2610,0.0
2022-10-20,8110,8180,8100,8140,3230,0.0
2022-10-21,8320,8320,8089,8150,10280,0.0012285012285011554
2022-10-24,8150,8200,8030,8100,33780,-0.006134969325153339
2022-10-25,8050,8120,7989,8090,31750,-0.0012345679012345512
2022-10-26,8090,8189,8069,8120,7620,0.003708281829418958
2022-10-27,8290,8300,8130,8290,10760,0.020935960591133007
2022-10-28,8290,8350,8220,8280,4230,-0.0012062726176115257
2022-10-31,8230,8310,8170,8280,13200,0.0
2022-11-01,8280,8420,8200,8280,3580,0.0
2022-11-02,8340,8340,8200,8280,12560,0.0
2022-11-03,8280,8290,8100,8270,32990,-0.0012077294685990392
2022-11-04,8280,8290,8200,8280,1890,0.0012091898428052694
2022-11-07,8280,8300,8220,8300,6520,0.0024154589371980784
2022-11-08,8300,8390,8240,8350,2640,0.006024096385542244
2022-11-09,8260,8400,8260,8300,6770,-0.005988023952095856
2022-11-10,8300,8300,8210,8300,3750,0.0
2022-11-11,8300,8320,8240,8290,6450,-0.001204819277108471
2022-11-14,8270,8340,8190,8300,21730,0.0012062726176116367
2022-11-15,8390,8390,8270,8310,19850,0.00120481927710836
2022-11-16,8400,8400,8240,8300,7710,-0.001203369434416346
2022-11-17,8300,8350,8270,8300,2170,0.0
2022-11-18,8330,8330,8250,8300,5070,0.0
2022-11-21,8270,8300,8200,8300,9750,0.0
2022-11-22,8270,8300,8240,8300,5220,0.0
2022-11-23,8300,8300,8240,8290,7880,-0.001204819277108471
2022-11-24,8290,8340,8260,8310,3810,0.0024125452352230514
2022-11-25,8370,8390,8280,8390,10140,0.00962695547533099
2022-11-28,8320,8390,8310,8390,8760,0.0
2022-11-29,8360,8400,8330,8400,4200,0.0011918951132301459
2022-11-30,8480,8480,8400,8460,2330,0.0071428571428571175
2022-12-01,8490,8490,8400,8470,3790,0.0011820330969267712
2022-12-02,8470,8490,8420,8480,4020,0.0011806375442739991
2022-12-05,8420,8480,8400,8480,3610,0.0
2022-12-06,8480,8500,8430,8500,6420,0.002358490566037652
2022-12-07,8490,8550,8470,8520,9920,0.0023529411764706687
2022-12-08,8490,8520,8450,8520,9770,0.0
2022-12-09,8530,8560,8470,8520,28660,0.0
2022-12-12,8560,8570,8400,8520,22200,0.0
2022-12-13,8440,8510,8400,8430,25260,-0.010563380281690127
2022-12-14,8450,8470,8380,8460,26680,0.003558718861210064
2022-12-15,8400,8530,8400,8500,40870,0.004728132387706863
2022-12-16,8560,8560,8420,8500,28740,0.0
2022-12-19,8450,8550,8450,8540,15220,0.004705882352941115
2022-12-20,8550,8550,8420,8540,22340,0.0
2022-12-21,8570,8570,8470,8540,14850,0.0
2022-12-22,8540,8590,8470,8580,34790,0.004683840749414525
2022-12-23,8580,8580,8490,8570,44150,-0.0011655011655011815
2022-12-26,8580,8580,8490,8510,62160,-0.007001166861143493
2022-12-27,8510,8590,8450,8580,11130,0.008225616921269108
2022-12-28,8580,8670,8510,8590,60510,0.0011655011655011815
2022-12-29,8600,8600,8440,8600,36100,0.0011641443538998875
2023-01-02,8540,8650,8540,8630,13350,0.0034883720930232176
2023-01-03,8650,8650,8470,8620,37480,-0.0011587485515642815
2023-01-04,8680,8680,8540,8590,22630,-0.0034802784222738303
2023-01-05,8630,8640,8500,8570,40890,-0.002328288707799775
2023-01-06,8600,8600,8540,8590,6250,0.002333722287047868
2023-01-09,8520,8600,8520,8580,7520,-0.0011641443538998875
2023-01-10,8320,8650,8320,8560,103910,-0.002331002331002363
2023-01-11,8560,8580,8520,8560,9280,0.0
2023-01-12,8570,8650,8510,8550,17380,-0.001168224299065379
2023-01-13,8550,8590,8520,8560,8190,0.0011695906432749315
2023-01-16,8560,8590,8520,8590,7020,0.003504672897196359
2023-01-17,8570,8600,8550,8600,5710,0.0011641443538998875
2023-01-18,8600,8650,8520,8650,17160,0.005813953488372103
2023-01-19,8600,8630,8540,8600,22250,-0.005780346820809301
2023-01-20,8550,8590,8540,8570,14040,-0.0034883720930232176
2023-01-25,8570,8590,8500,8540,15730,-0.003500583430571802
2023-01-26,8500,8600,8500,8540,18870,0.0
2023-01-27,8530,8680,8530,8590,46560,0.005854800936768045
2023-01-30,8600,8680,8560,8600,33300,0.0011641443538998875
2023-01-31,8630,8670,8580,8650,12290,0.005813953488372103
2023-02-01,8650,8650,8600,8650,4060,0.0
2023-02-02,8680,8680,8600,8660,11880,0.0011560693641619046
2023-02-03,8660,8660,8620,8630,2110,-0.0034642032332563577
2023-02-06,8600,8680,8460,8680,39800,0.005793742757821629
2023-02-07,8670,8680,8660,8660,5420,-0.0023041474654378336
2023-02-08,8640,8680,8600,8670,11220,0.0011547344110853786
2023-02-09,8620,8670,8500,8590,83020,-0.009227220299884653
2023-02-10,8590,8650,8540,8580,29720,-0.0011641443538998875
2023-02-13,8640,8640,8500,8520,40930,-0.006993006993006978
2023-02-14,8520,8650,8470,8510,31540,-0.0011737089201877549
2023-02-15,8510,8530,8490,8490,2970,-0.002350176263219761
2023-02-16,8490,8590,8450,8510,7420,0.002355712603062443
2023-02-17,8450,8560,8420,8420,7060,-0.010575793184488869
2023-02-20,8420,8530,8410,8450,13330,0.0035629453681709222
2023-02-21,8450,8530,8420,8450,9450,0.0
2023-02-22,8370,8580,8370,8490,6770,0.004733727810650956
2023-02-23,8570,8570,8450,8500,6250,0.0011778563015312216
2023-02-24,8470,8500,8450,8490,2500,-0.0011764705882353343
2023-02-27,8540,8540,8440,8490,980,0.0
2023-02-28,8450,8510,8440,8490,6000,0.0
2023-03-02,8500,8500,8420,8440,3720,-0.005889281507656108
2023-03-03,8500,8500,8410,8450,2120,0.0011848341232227888
2023-03-06,8430,8490,8420,8460,4320,0.0011834319526626835
2023-03-07,8460,8500,8410,8460,4810,0.0
2023-03-08,8540,8540,8410,8460,6470,0.0
2023-03-09,8460,8550,8420,8550,18940,0.010638297872340496
2023-03-10,8540,8550,8220,8400,73000,-0.01754385964912286
2023-03-13,8300,8380,8270,8280,10750,-0.014285714285714235
2023-03-14,8210,8320,8029,8210,21650,-0.008454106280193274
2023-03-15,8210,8690,8010,8380,90810,0.020706455542021995
2023-03-16,8340,8490,8170,8300,30860,-0.009546539379474916
2023-03-17,8330,8500,8270,8270,14370,-0.0036144578313253017
2023-03-20,8270,8400,8200,8280,14230,0.0012091898428052694
2023-03-21,8300,8530,8220,8530,11350,0.030193236714975757
2023-03-22,8530,8640,8520,8600,7250,0.008206330597889888
2023-03-23,8650,8660,8600,8650,5190,0.005813953488372103
2023-03-24,8650,8730,8610,8710,8000,0.006936416184971206
2023-03-27,8780,8780,8540,8580,11570,-0.014925373134328401
2023-03-28,8600,8700,8210,8430,12920,-0.0174825174825175
2023-03-29,8350,8550,8320,8430,15230,0.0
2023-03-30,8400,8500,8370,8400,8650,-0.003558718861209953
2023-03-31,8390,8510,8350,8500,10080,0.011904761904761862
2023-04-03,8430,8650,8430,8590,6990,0.010588235294117565
2023-04-04,8700,8770,8560,8730,8370,0.016298020954598424
2023-04-05,8730,8800,8700,8750,8200,0.002290950744558984
2023-04-06,8710,8800,8600,8770,5750,0.0022857142857142243
2023-04-07,8850,8870,8570,8720,9400,-0.005701254275940704
2023-04-10,8720,8740,8600,8600,7670,-0.013761467889908285
2023-04-11,8540,8940,8540,8940,22600,0.03953488372093017
2023-04-12,8900,8940,8820,8840,5410,-0.01118568232662187
2023-04-13,8840,8840,8660,8680,6360,-0.018099547511312264
2023-04-14,8680,8750,8410,8630,10880,-0.005760368663594417
2023-04-17,8790,8790,8540,8580,10750,-0.005793742757821518
2023-04-18,8530,8670,8390,8520,15270,-0.006993006993006978
2023-04-19,0,0,0,8520,0,0.0
2023-04-20,0,0,0,8520,0,0.0
2023-04-21,0,0,0,8520,0,0.0
2023-04-24,8400,8660,8000,8530,30723,0.0011737089201877549
2023-04-25,8530,8650,8310,8530,12713,0.0
2023-04-26,8530,8680,8320,8440,13884,-0.010550996483001174
2023-04-27,8460,8490,8010,8430,28144,-0.0011848341232227888
2023-04-28,8460,8640,8360,8430,2475,0.0
2023-05-02,8420,8530,8250,8350,9032,-0.009489916963226541
2023-05-03,8280,8350,8230,8350,1957,0.0
2023-05-04,8220,8580,8220,8350,10615,0.0
2023-05-08,8340,8370,8200,8350,8597,0.0
2023-05-09,8340,8350,8170,8270,34903,-0.009580838323353325
2023-05-10,8270,8340,8100,8270,65534,0.0
2023-05-11,8270,8320,8200,8240,3426,-0.0036275695284159193
2023-05-12,6970,7490,5900,6210,13316620,-0.24635922330097082
2023-05-15,6320,6370,5960,6090,3524496,-0.019323671497584516
2023-05-16,6130,6170,5850,5880,985452,-0.03448275862068961
2023-05-17,5850,5960,5790,5820,808934,-0.010204081632653073
2023-05-18,5900,5990,5700,5770,648566,-0.00859106529209619
2023-05-19,5780,5850,5690,5740,627288,-0.005199306759098743
2023-05-22,5910,5980,5820,5880,709372,0.024390243902439046
2023-05-23,5930,6120,5920,6030,550875,0.025510204081632626
2023-05-24,6030,6030,5850,5940,334519,-0.014925373134328401
2023-05-25,5940,5950,5670,5770,859070,-0.028619528619528656
2023-05-26,5800,5800,5650,5650,558800,-0.020797227036395194
2023-05-30,5690,5700,5520,5690,416386,0.0070796460176991705
2023-05-31,5690,5700,5560,5580,191565,-0.019332161687170446
2023-06-01,5580,5680,5540,5660,209861,0.014336917562723928
2023-06-02,5670,5690,5610,5670,157359,0.0017667844522968323
2023-06-05,5690,5690,5620,5680,189770,0.0017636684303350414
2023-06-07,5680,5700,5620,5630,152142,-0.008802816901408494
2023-06-08,5630,5630,5540,5580,169579,-0.008880994671403242
2023-06-09,5580,5670,5570,5650,119373,0.012544802867383575
2023-06-12,5680,5680,5580,5680,104852,0.005309734513274433
2023-06-13,5680,5680,5560,5580,147787,-0.017605633802816878
2023-06-14,5580,5590,5470,5500,192589,-0.014336917562724039
2023-06-15,5510,5510,5150,5250,549615,-0.045454545454545414
2023-06-16,5290,5400,5250,5350,135877,0.01904761904761898
2023-06-19,5350,5410,5290,5380,93343,0.005607476635514086
2023-06-20,5380,5390,5260,5300,79140,-0.014869888475836479
2023-06-21,5300,5310,5150,5170,158983,-0.024528301886792447
2023-06-22,5150,5240,5110,5190,94308,0.003868471953578423
2023-06-23,5160,5220,5000,5130,214402,-0.011560693641618491
2023-06-26,5100,5140,5020,5080,176305,-0.00974658869395717
2023-06-27,5110,5130,5020,5080,81007,0.0
2023-06-28,5050,5090,5010,5080,90561,0.0
2023-06-29,5060,5060,4995,5030,134525,-0.009842519685039353
2023-06-30,5020,5310,4985,5240,221569,0.041749502982107334
2023-07-03,5240,5290,5160,5240,166712,0.0
2023-07-04,5500,5530,5290,5330,410867,0.01717557251908386
2023-07-05,5300,5410,5240,5370,127621,0.007504690431519689
2023-07-06,5320,5390,5230,5230,158935,-0.02607076350093107
2023-07-07,5190,5270,5160,5240,98153,0.0019120458891013214
2023-07-10,5180,5270,5160,5270,73383,0.005725190839694694
2023-07-11,5220,5380,5220,5310,48887,0.007590132827324458
2023-07-12,5360,5460,5310,5400,125405,0.016949152542372836
2023-07-13,5460,5580,5450,5560,336615,0.029629629629629672
2023-07-14,5590,5800,5570,5740,419250,0.03237410071942448
2023-07-17,5780,6010,5610,6000,643847,0.04529616724738683
2023-07-18,6080,6080,5790,5800,461258,-0.033333333333333326
2023-07-19,5860,5900,5600,5700,373865,-0.017241379310344862
2023-07-20,5670,5770,5670,5710,155783,0.0017543859649122862
2023-07-21,5660,5760,5660,5730,181142,0.003502626970227629
2023-07-24,5740,5790,5720,5760,203185,0.005235602094240788
2023-07-25,5740,5870,5690,5730,197213,-0.00520833333333337
2023-07-26,5730,5730,5350,5500,317179,-0.04013961605584637
2023-07-27,5430,5640,5430,5510,118139,0.0018181818181817189
2023-07-28,5470,5660,5460,5590,125969,0.014519056261343088
2023-07-31,5600,5670,5580,5620,102712,0.005366726296958779
2023-08-01,5620,5740,5610,5670,88557,0.008896797153024938
2023-08-02,5630,5740,5600,5680,127844,0.0017636684303350414
2023-08-03,5610,5660,5550,5630,80254,-0.008802816901408494
2023-08-04,5620,5620,5550,5550,76947,-0.014209591474245165
2023-08-07,5550,5590,5480,5500,66236,-0.009009009009009028
2023-08-08,5500,5510,5340,5400,91894,-0.018181818181818188
2023-08-09,5400,5500,5380,5500,38942,0.0185185185185186
2023-08-10,5500,5550,5440,5540,93289,0.0072727272727273196
2023-08-11,5530,5620,5500,5560,58291,0.0036101083032491488
2023-08-14,5560,5600,5540,5580,45869,0.003597122302158251
2023-08-16,5550,5570,5460,5550,89775,-0.005376344086021501
2023-08-17,5530,5530,5450,5520,111616,-0.00540540540540535
2023-08-18,5500,5500,5320,5450,90448,-0.0126811594202898
2023-08-21,5450,5470,5370,5440,65045,-0.0018348623853210455
2023-08-22,5470,5470,5400,5430,74660,-0.0018382352941176405
2023-08-23,5460,5460,5410,5420,61474,-0.0018416206261510082
2023-08-24,5400,5510,5380,5470,117403,0.009225092250922495
2023-08-25,5460,5550,5420,5540,110564,0.01279707495429605
2023-08-28,5550,5650,5510,5600,53796,0.010830324909747224
2023-08-29,5600,5630,5540,5600,52459,0.0
2023-08-30,5650,5650,5510,5540,118798,-0.010714285714285676
2023-08-31,5560,5650,5500,5580,112775,0.0072202166064982976
2023-09-01,5580,5650,5400,5550,125533,-0.005376344086021501
2023-09-04,5540,5630,5480,5530,177268,-0.003603603603603567
2023-09-05,5540,5690,5540,5640,285891,0.019891500904159143
2023-09-06,5640,5650,5490,5560,121600,-0.014184397163120588
2023-09-07,5510,5580,5510,5560,78875,0.0
2023-09-08,5510,5570,5510,5560,33789,0.0
2023-09-11,5570,5600,5510,5600,126193,0.007194244604316502
2023-09-12,5600,5660,5570,5630,151067,0.005357142857142838
2023-09-13,5630,5700,5530,5550,253119,-0.014209591474245165
2023-09-14,5560,5650,5550,5650,190850,0.018018018018018056
2023-09-15,5670,5860,5650,5750,195988,0.017699115044247815
2023-09-18,5750,5750,5680,5710,110694,-0.006956521739130417
2023-09-19,5700,5750,5670,5730,67433,0.003502626970227629
2023-09-20,5720,5820,5700,5780,158545,0.008726003490401313
2023-09-21,5780,5810,5700,5740,143775,-0.00692041522491349
2023-09-22,5710,5780,5570,5730,158326,-0.0017421602787456303
2023-09-25,5660,5680,5510,5600,129836,-0.022687609075043635
2023-09-26,5580,5600,5370,5370,94052,-0.04107142857142854
2023-09-27,5380,5390,5310,5390,62064,0.003724394785847407
2023-10-04,5390,5390,4945,5190,72000,-0.03710575139146566
2023-10-05,5220,5230,5070,5070,56227,-0.023121387283236983
2023-10-06,5010,5130,5010,5110,22496,0.007889546351084853
2023-10-10,5060,5190,5010,5090,57873,-0.003913894324853229
2023-10-11,5140,5140,5050,5060,48880,-0.005893909626719096
2023-10-12,5090,5090,5010,5070,96155,0.0019762845849802257
2023-10-13,5070,5080,5010,5070,53059,0.0
2023-10-16,5070,5200,5040,5180,57153,0.021696252465483346
2023-10-17,5410,5600,5260,5460,214213,0.054054054054053946
2023-10-18,5480,5550,5320,5520,65792,0.01098901098901095
2023-10-19,5470,5470,5380,5440,50609,-0.01449275362318836
2023-10-20,5400,5490,5330,5460,60629,0.003676470588235281
2023-10-23,5450,5490,5370,5450,85597,-0.001831501831501825
2023-10-24,5460,5480,5340,5440,31296,-0.0018348623853210455
2023-10-25,5440,5490,5400,5470,54963,0.005514705882353033
2023-10-26,5430,5450,5290,5420,78966,-0.009140767824497242
2023-10-27,5420,5460,5370,5460,20847,0.007380073800737907
2023-10-30,5460,5490,5420,5470,21129,0.001831501831501825
2023-10-31,5480,5510,5400,5470,84201,0.0
2023-11-01,5490,5510,5450,5510,17699,0.007312614259597838
2023-11-02,5510,5530,5480,5520,45333,0.001814882032667775
2023-11-03,5540,5550,5500,5530,43540,0.0018115942028984477
2023-11-06,5530,5570,5470,5560,85047,0.005424954792043302
2023-11-07,5560,5620,5500,5580,73911,0.003597122302158251
2023-11-08,5620,5620,5570,5600,40501,0.0035842293906809264
2023-11-09,5600,5670,5600,5640,31380,0.0071428571428571175
2023-11-10,5630,5650,5570,5640,43122,0.0
2023-11-13,5640,5670,5620,5660,51479,0.0035460992907800915
2023-11-14,5660,5720,5660,5700,33147,0.007067137809187329
2023-11-15,5690,5760,5590,5640,141599,-0.010526315789473717
2023-11-16,5640,5660,5580,5640,88549,0.0
2023-11-17,5610,5680,5610,5660,69314,0.0035460992907800915
2023-11-20,5660,5700,5630,5700,25951,0.007067137809187329
2023-11-21,5700,5720,5640,5670,28351,-0.0052631578947368585
2023-11-22,5660,5670,5640,5670,8057,0.0
2023-11-23,5670,5670,5590,5620,35783,-0.00881834215167554
2023-11-24,5620,5670,5580,5660,31491,0.007117437722419906
2023-11-27,5650,5680,5620,5660,70277,0.0
2023-11-28,5660,5730,5660,5700,83562,0.007067137809187329
2023-11-29,5700,5740,5690,5720,76595,0.0035087719298245723
2023-11-30,5720,5750,5690,5710,59723,-0.0017482517482517723
2023-12-01,5700,5810,5700,5770,123918,0.01050788091068311
2023-12-04,5770,5830,5770,5800,77777,0.005199306759098743
2023-12-05,5760,5850,5760,5820,92537,0.0034482758620688614
2023-12-06,5810,5850,5810,5840,37270,0.0034364261168384758
2023-12-07,5840,5880,5810,5870,67877,0.005136986301369939
2023-12-08,5880,5980,5880,5920,87290,0.008517887563884052
2023-12-11,5930,5930,5860,5920,62917,0.0
2023-12-12,5930,5930,5870,5920,98069,0.0
2023-12-13,5920,5960,5600,5770,173415,-0.02533783783783783
2023-12-14,5720,5790,5690,5730,56509,-0.006932409012131768
2023-12-15,5730,5740,5700,5700,50775,-0.005235602094240788
2023-12-18,5670,5750,5630,5660,72808,-0.007017543859649145
2023-12-19,5660,5670,5600,5660,42261,0.0
2023-12-20,5660,5700,5640,5650,47424,-0.0017667844522968323
2023-12-21,5650,5730,5650,5730,40516,0.014159292035398341
2023-12-22,5730,5800,5730,5760,52654,0.005235602094240788
2023-12-26,5760,5820,5750,5820,190138,0.01041666666666674
2023-12-27,5700,5720,5510,5580,114276,-0.04123711340206182
2023-12-28,5580,5630,5510,5620,45385,0.007168458781362075
2024-01-02,5640,5700,5620,5700,42991,0.014234875444839812
2024-01-03,5680,5740,5670,5730,27819,0.0052631578947368585
2024-01-04,5720,5820,5710,5730,36899,0.0
2024-01-05,5730,5810,5710,5760,186076,0.005235602094240788
2024-01-08,5760,5830,5750,5790,153982,0.005208333333333259
2024-01-09,5820,5830,5690,5750,176369,-0.006908462867012077
2024-01-10,5760,5870,5730,5790,252023,0.006956521739130528
2024-01-11,5790,5850,5750,5850,190107,0.010362694300518172
2024-01-12,5830,5920,5820,5890,215513,0.006837606837606813
2024-01-15,5880,5930,5780,5860,215669,-0.005093378607809895
2024-01-16,5870,5880,5810,5840,139019,-0.0034129692832765013
2024-01-17,5830,5840,5760,5800,180322,-0.006849315068493178
2024-01-18,5840,5840,5770,5830,65403,0.005172413793103514
2024-01-19,5830,5830,5550,5590,141674,-0.04116638078902235
2024-01-22,5590,5590,5480,5550,65634,-0.007155635062611854
2024-01-23,5550,5570,5500,5550,30631,0.0
2024-01-24,5550,5650,5490,5650,34906,0.018018018018018056
2024-01-25,5640,5690,5600,5690,20745,0.0070796460176991705
2024-01-26,5680,5720,5650,5680,11887,-0.0017574692442882123
2024-01-29,5680,5880,5630,5810,134096,0.022887323943661997
2024-01-30,5880,5900,5770,5820,61653,0.001721170395869276
2024-01-31,5830,5840,5780,5820,33505,0.0
2024-02-01,5770,6260,5770,6240,659420,0.07216494845360821
2024-02-02,6250,6250,5950,6180,275056,-0.009615384615384581
2024-02-05,6220,6390,6070,6250,334004,0.01132686084142387
2024-02-06,6480,6620,6350,6400,485265,0.02400000000000002
2024-02-07,6420,6570,6360,6550,155440,0.0234375
2024-02-08,6570,6600,6380,6450,126905,-0.01526717557251911
2024-02-13,6450,6450,6160,6350,252802,-0.015503875968992276
2024-02-14,6120,6350,6120,6260,80005,-0.014173228346456734
2024-02-15,6280,6410,6260,6370,64617,0.01757188498402562
2024-02-16,6380,6400,6250,6360,67117,-0.0015698587127158659
2024-02-19,6350,6500,6330,6460,101288,0.01572327044025168
2024-02-20,6410,6440,6380,6420,34322,-0.006191950464396245
2024-02-21,6420,6430,6260,6390,104243,-0.004672897196261627
2024-02-22,6340,6390,6230,6310,84929,-0.012519561815336422
2024-02-23,6300,6340,6240,6320,31707,0.0015847860538826808
2024-02-26,6240,6300,6100,6190,121369,-0.020569620253164556
2024-02-27,6190,6240,6100,6200,85970,0.001615508885298933
2024-02-28,6160,6230,6120,6230,47571,0.004838709677419395
2024-02-29,6230,6250,6070,6170,145088,-0.009630818619582704
2024-03-04,6200,6280,6150,6250,40042,0.01296596434359798
2024-03-05,6260,6290,6210,6290,52209,0.006399999999999961
2024-03-06,6290,6310,6200,6290,46587,0.0
2024-03-07,6280,6290,6170,6230,173485,-0.009538950715421324
2024-03-08,6270,6380,6190,6190,104388,-0.006420545746388395
2024-03-11,6250,6300,6200,6290,63528,0.016155088852988664
2024-03-12,6270,6310,6240,6300,77186,0.0015898251192367763
2024-03-13,6300,6350,6250,6350,28224,0.007936507936507908
2024-03-14,6350,6420,6300,6380,51466,0.0047244094488188
2024-03-15,6380,6430,6350,6430,43794,0.00783699059561127
2024-03-18,6430,6450,6350,6420,51789,-0.0015552099533436836
2024-03-19,6450,6450,6390,6410,56304,-0.0015576323987538387
2024-03-20,6410,6420,6320,6380,78026,-0.004680187207488307
2024-03-21,6380,6480,6350,6430,75897,0.00783699059561127
2024-03-22,6480,6480,6390,6470,56018,0.0062208398133747345
2024-03-25,6470,6480,6410,6450,66633,-0.0030911901081916993
2024-03-26,6420,6460,6360,6450,73181,0.0
2024-03-27,6450,6500,6420,6450,98496,0.0
2024-03-28,6440,6470,6200,6230,118755,-0.03410852713178292
2024-03-29,6170,6250,6130,6220,107655,-0.0016051364365970988
2024-04-01,6220,6350,6210,6350,110154,0.020900321543408262
2024-04-02,6310,6330,6180,6200,81788,-0.023622047244094446
2024-04-03,6170,6180,5960,6050,120790,-0.024193548387096753
2024-04-04,6040,6040,5800,5840,125066,-0.034710743801652844
2024-04-05,5780,5850,5700,5840,100079,0.0
2024-04-08,5790,5840,5630,5690,112798,-0.025684931506849362
2024-04-09,5690,5850,5650,5780,124676,0.01581722319859402
2024-04-11,5680,5910,5680,5880,58015,0.01730103806228378
2024-04-12,5880,5880,5710,5840,86717,-0.006802721088435382
2024-04-15,5750,5820,5660,5670,74811,-0.02910958904109584
2024-04-16,5670,5670,5550,5610,67049,-0.010582010582010581
2024-04-17,5610,5630,5510,5560,20775,-0.0089126559714795
2024-04-18,5570,5730,5550,5720,37989,0.02877697841726623
2024-04-19,5700,5700,5530,5670,26971,-0.00874125874125875
2024-04-22,5670,5700,5620,5700,13802,0.005291005291005346
2024-04-23,5720,5720,5630,5710,22328,0.0017543859649122862
2024-04-24,5710,5730,5650,5700,14143,-0.0017513134851138146
2024-04-25,5710,5710,5630,5700,11438,0.0
2024-04-26,5680,5690,5640,5670,22905,-0.0052631578947368585
2024-04-29,5680,5710,5620,5680,33450,0.0017636684303350414
2024-04-30,5680,5710,5670,5710,13151,0.005281690140845008
2024-05-02,5880,6040,5830,6020,121896,0.05429071803852881
2024-05-03,6010,6030,5950,6020,27243,0.0
2024-05-07,6020,6040,5960,6010,22385,-0.0016611295681062677
2024-05-08,6020,6040,5980,6030,10030,0.0033277870216306127
2024-05-09,6030,6110,6000,6050,37342,0.0033167495854062867
2024-05-10,6060,6080,6030,6070,45895,0.0033057851239668423
2024-05-13,6070,6110,6070,6110,27125,0.006589785831960571
2024-05-14,6110,6150,6100,6150,14149,0.00654664484451728
2024-05-16,6150,6250,6070,6230,106763,0.01300813008130075
2024-05-17,6210,6230,6140,6200,66275,-0.0048154093097912964
2024-05-20,6190,6210,6170,6190,38692,-0.001612903225806428
2024-05-21,6210,6210,6120,6190,46838,0.0
2024-05-22,6190,6190,6140,6170,65591,-0.003231017770597755
2024-05-23,6170,6190,6150,6190,67114,0.0032414910858995505
2024-05-24,6160,6190,6150,6180,77604,-0.001615508885298822
2024-05-27,6190,6240,6170,6210,29868,0.004854368932038833
2024-05-28,6210,6220,6170,6200,9636,-0.0016103059581320522
2024-05-29,6200,6200,6100,6170,69592,-0.004838709677419395
2024-05-30,6170,6210,6100,6160,66419,-0.0016207455429497752
2024-05-31,6160,6190,6130,6170,43480,0.0016233766233766378
2024-06-03,6170,6180,6130,6160,11458,-0.0016207455429497752
2024-06-04,6150,6190,6080,6140,24631,-0.0032467532467532756
2024-06-05,6100,6130,6040,6100,16962,-0.006514657980456029
2024-06-07,6100,6100,6050,6080,6705,-0.003278688524590123
2024-06-10,6080,6100,5990,6000,31670,-0.013157894736842146
2024-06-11,5940,6020,5820,5840,44725,-0.026666666666666616
2024-06-12,5840,5890,5820,5850,13276,0.001712328767123239
2024-06-13,5850,5890,5810,5860,15358,0.0017094017094017033
2024-06-14,5860,5860,5780,5820,24648,-0.0068259385665528916
2024-06-17,5810,5820,5780,5820,3322,0.0
2024-06-18,5820,5880,5610,5750,59051,-0.012027491408934665
2024-06-19,5740,5880,5710,5790,30932,0.006956521739130528
2024-06-20,5790,5800,5750,5780,9278,-0.0017271157167529916
2024-06-21,5780,5780,5680,5730,14374,-0.00865051903114189
2024-06-24,5810,5850,5750,5850,30161,0.020942408376963373
2024-06-25,5840,5910,5840,5910,9749,0.01025641025641022
2024-06-26,5910,5940,5840,5900,60842,-0.0016920473773265332
2024-06-27,5900,5910,5890,5910,41876,0.0016949152542373724
2024-06-28,5910,5960,5900,5930,29884,0.0033840947546530664
2024-07-01,5930,5970,5910,5940,50046,0.001686340640809414
2024-07-02,5970,6000,5880,6000,71934,0.010101010101010166
2024-07-03,6010,6060,5950,5990,59519,-0.0016666666666667052
2024-07-04,5990,6010,5960,5990,52708,0.0
2024-07-05,6000,6000,5960,5980,64550,-0.0016694490818029983
2024-07-08,5970,5990,5930,5950,56445,-0.0050167224080267525
2024-07-09,5930,5960,5850,5870,61206,-0.013445378151260456
2024-07-10,5850,5860,5810,5850,35996,-0.0034071550255536653
2024-07-11,5850,5850,5740,5740,15513,-0.018803418803418848
2024-07-12,5740,5830,5660,5700,36425,-0.006968641114982632
2024-07-15,5700,5780,5680,5720,5426,0.0035087719298245723
2024-07-16,5710,5780,5680,5720,9743,0.0
2024-07-17,5750,5840,5600,5710,22808,-0.0017482517482517723
2024-07-18,5710,5720,5630,5720,14069,0.0017513134851139256
2024-07-19,5720,5720,5590,5660,29768,-0.010489510489510523
2024-07-22,5660,5690,5570,5660,21440,0.0
2024-07-23,5650,5650,5600,5610,6482,-0.00883392226148405
2024-07-24,5630,5660,5590,5610,19240,0.0
2024-07-25,5610,5610,5540,5580,10375,-0.005347593582887722
2024-07-26,5540,5590,5530,5580,2603,0.0
2024-07-29,5600,5610,5550,5570,28212,-0.0017921146953404632
2024-07-30,5570,5570,5460,5470,17989,-0.01795332136445238
2024-07-31,5470,5480,5390,5470,16312,0.0
2024-08-01,5470,5570,5420,5530,31285,0.010968921389396646
2024-08-02,5530,5530,5250,5350,26141,-0.032549728752260365
2024-08-05,5330,5330,4800,4915,61124,-0.08130841121495325
2024-08-06,4920,5190,4920,5080,71205,0.033570701932858604
2024-08-07,5340,5800,5260,5480,190406,0.07874015748031504
2024-08-08,5550,5640,5420,5590,27839,0.02007299270072993
2024-08-09,5560,5690,5540,5690,21528,0.017889087656529412
2024-08-12,5650,5750,5580,5650,33717,-0.007029876977152849
2024-08-13,5650,5730,5560,5720,9516,0.012389380530973382
2024-08-14,5720,5770,5670,5740,4168,0.0034965034965035446
2024-08-16,5700,5740,5610,5610,27879,-0.022648083623693416
2024-08-19,5620,5690,5600,5600,11717,-0.0017825311942959443
2024-08-20,5600,5650,5600,5620,5251,0.0035714285714285587
2024-08-21,5620,5650,5580,5600,38014,-0.003558718861209953
2024-08-22,5620,5690,5610,5660,14879,0.010714285714285676
2024-08-23,5650,5680,5620,5640,4041,-0.0035335689045936647
2024-08-26,5630,5640,5610,5620,11739,-0.0035460992907800915
2024-08-27,5610,5670,5590,5600,4941,-0.003558718861209953
2024-08-28,5600,5670,5600,5600,8254,0.0
2024-08-29,5670,5670,5580,5650,9099,0.008928571428571397
2024-08-30,5640,5700,5610,5650,8947,0.0
2024-09-02,5650,5660,5580,5630,30455,-0.0035398230088495852
2024-09-03,5620,5630,5590,5590,11659,-0.007104795737122527
2024-09-04,5580,5630,5540,5590,31616,0.0
2024-09-05,5590,5630,5570,5590,44917,0.0
2024-09-06,5600,5600,5450,5490,66352,-0.017889087656529523
2024-09-09,5580,5590,5480,5580,50705,0.016393442622950838
2024-09-10,5580,5620,5580,5610,36037,0.005376344086021501
2024-09-11,5620,5640,5590,5610,12547,0.0
2024-09-12,5620,5640,5590,5600,5025,-0.0017825311942959443
2024-09-13,5630,5660,5600,5660,5517,0.010714285714285676
2024-09-19,5680,5680,5580,5650,3755,-0.0017667844522968323
2024-09-20,5650,5700,5630,5680,2106,0.005309734513274433
2024-09-23,5670,5680,5650,5670,2529,-0.0017605633802817433
2024-09-24,5680,5700,5630,5660,26347,-0.0017636684303351524
2024-09-25,5660,5670,5620,5660,17086,0.0
2024-09-26,5650,5730,5650,5730,37832,0.012367491166077826
2024-09-27,5760,5760,5710,5730,6785,0.0
2024-09-30,5730,5750,5600,5610,24951,-0.020942408376963373
2024-10-02,5600,5650,5590,5600,17349,-0.0017825311942959443
2024-10-04,5550,5630,5550,5610,14645,0.0017857142857142794
2024-10-07,5610,5650,5600,5650,10100,0.007130124777183555
2024-10-08,5650,5730,5650,5710,15826,0.010619469026548645
2024-10-10,5720,5720,5680,5700,10219,-0.0017513134851138146
2024-10-11,5730,5780,5720,5720,5822,0.0035087719298245723
2024-10-14,5730,5790,5680,5680,24234,-0.006993006993006978
2024-10-15,5690,5740,5680,5680,20700,0.0
2024-10-16,5680,5740,5660,5670,40955,-0.0017605633802817433
2024-10-17,5670,5760,5640,5720,8122,0.008818342151675429
2024-10-18,5720,5760,5680,5730,13111,0.0017482517482516613
2024-10-21,5730,5760,5700,5750,5098,0.003490401396160525
2024-10-22,5750,5760,5690,5720,11149,-0.00521739130434784
2024-10-23,5730,5800,5700,5780,14310,0.010489510489510412
2024-10-24,5770,5950,5730,5940,60758,0.02768166089965396
2024-10-25,5940,5950,5790,5850,19669,-0.015151515151515138
2024-10-28,5860,5880,5710,5850,75231,0.0
2024-10-29,5850,5910,5830,5890,22073,0.006837606837606813
2024-10-30,5910,5910,5740,5870,23880,-0.00339558573853993
2024-10-31,5840,5900,5840,5880,11916,0.0017035775127767216
2024-11-01,5880,5930,5860,5900,31809,0.00340136054421758
2024-11-04,5900,5920,5620,5900,53004,0.0
2024-11-05,5850,5980,5850,5930,35603,0.005084745762711895
2024-11-06,5940,5950,5820,5870,58634,-0.010118043844856706
2024-11-07,5880,5970,5880,5920,55145,0.008517887563884052
2024-11-08,5950,5980,5910,5930,29084,0.0016891891891892552
2024-11-11,5940,5980,5860,5980,30319,0.008431703204047292
2024-11-12,5980,6040,5960,6020,43456,0.006688963210702337
2024-11-13,6020,6030,5770,5770,79192,-0.0415282392026578
2024-11-14,5770,5890,5710,5810,84720,0.006932409012131657
2024-11-15,5810,5900,5810,5860,44609,0.008605851979345935
2024-11-18,5860,6000,5820,5960,42526,0.017064846416382284
2024-11-19,5960,6020,5930,5990,43441,0.005033557046979942
2024-11-20,5990,5990,5770,5780,49028,-0.035058430717863076
2024-11-21,5750,5780,5550,5550,17658,-0.03979238754325265
2024-11-22,5510,5600,5510,5590,11604,0.007207207207207134
2024-11-25,5590,5640,5580,5600,11886,0.0017889087656528524
2024-11-26,5600,5600,5510,5600,14082,0.0
2024-11-27,5600,5620,5540,5540,2761,-0.010714285714285676
2024-11-28,5540,5630,5520,5630,3935,0.016245487364620947
2024-11-29,5630,5820,5540,5630,3422,0.0
2024-12-02,5630,5630,5380,5380,37106,-0.04440497335701599
2024-12-03,5380,5600,5380,5520,18513,0.026022304832713727
2024-12-04,5330,5560,5330,5500,24275,-0.0036231884057971175
2024-12-05,5510,5650,5410,5500,39258,0.0
2024-12-06,5600,5600,5400,5510,27657,0.0018181818181817189
2024-12-09,5540,5970,5540,5740,93735,0.04174228675136127
2024-12-10,5740,5920,5740,5890,32171,0.026132404181184565
2024-12-11,5930,6000,5870,5930,34645,0.00679117147707986
2024-12-12,5980,6190,5900,5990,48400,0.010118043844856706
2024-12-13,5980,6050,5860,5980,49369,-0.0016694490818029983
2024-12-16,5990,5990,5850,5910,20125,-0.01170568561872909
2024-12-17,5920,6070,5920,5930,23525,0.0033840947546530664
2024-12-18,5940,6000,5840,5890,33899,-0.006745362563237767
2024-12-19,5880,5930,5740,5780,33345,-0.018675721561969394
2024-12-20,5780,5930,5730,5850,27211,0.01211072664359869
2024-12-23,5850,5920,5810,5830,12284,-0.0034188034188034067
2024-12-24,5820,5860,5820,5850,3014,0.0034305317324185847
2024-12-26,5850,5920,5790,5830,8210,-0.0034188034188034067
2024-12-27,5820,5820,5630,5670,25080,-0.027444253859348233
2024-12-30,5660,5730,5550,5730,28905,0.010582010582010692
2025-01-02,5710,5830,5660,5710,14373,-0.003490401396160525
2025-01-03,5710,5900,5610,5670,56446,-0.007005253940455369
2025-01-06,5680,5710,5670,5700,18661,0.005291005291005346
2025-01-07,5720,5730,5680,5690,29563,-0.0017543859649122862
2025-01-08,5690,5720,5670,5680,24205,-0.0017574692442882123
2025-01-09,5690,5710,5660,5710,27160,0.005281690140845008
2025-01-10,5710,5720,5690,5700,18679,-0.0017513134851138146
2025-01-13,5710,5730,5700,5710,22265,0.0017543859649122862
2025-01-14,5720,5770,5720,5720,27883,0.0017513134851139256
2025-01-15,5720,5780,5720,5740,23015,0.0034965034965035446
2025-01-16,5740,5810,5740,5780,16292,0.006968641114982521
2025-01-17,5830,5830,5740,5770,10575,-0.0017301038062284002
2025-01-20,5750,5810,5750,5760,5823,-0.0017331022530329143
2025-01-21,5720,5800,5720,5770,10870,0.0017361111111111605
2025-01-22,5780,5830,5750,5780,15341,0.0017331022530329143
2025-01-23,5780,5800,5760,5770,9429,-0.0017301038062284002
2025-01-24,5790,5850,5760,5810,29226,0.006932409012131657
2025-01-31,5820,5860,5770,5780,22469,-0.005163511187607606
2025-02-03,5770,5800,5710,5770,29206,-0.0017301038062284002
2025-02-04,5770,5830,5770,5800,8583,0.005199306759098743
2025-02-05,5790,5890,5790,5870,19341,0.012068965517241459
2025-02-06,5870,6030,5870,5920,47017,0.008517887563884052
2025-02-07,5910,5960,5880,5930,27470,0.0016891891891892552
2025-02-10,5920,5970,5910,5960,16935,0.005059021922428242
2025-02-11,6040,6040,5900,5930,3405,-0.005033557046979831
2025-02-12,5940,5960,5910,5940,14374,0.001686340640809414
2025-02-13,5950,5990,5930,5950,20050,0.0016835016835017313
2025-02-14,5960,6000,5930,5950,28028,0.0
2025-02-17,5950,5970,5930,5930,21491,-0.003361344537815114
2025-02-18,5950,6000,5850,5930,26879,0.0
2025-02-19,5940,5990,5930,5980,38283,0.008431703204047292
2025-02-20,6000,6030,5950,6020,14778,0.006688963210702337
2025-02-21,6030,6050,6000,6030,22431,0.0016611295681063787
2025-02-24,6030,6060,6000,6060,9759,0.004975124378109541
2025-02-25,6070,6090,5990,5990,10016,-0.011551155115511524
2025-02-26,6000,6050,5970,6000,37214,0.0016694490818029983
2025-02-27,5990,6020,5990,6000,19669,0.0
2025-02-28,6010,6080,5990,6010,27710,0.0016666666666667052
2025-03-04,6000,6050,5980,5990,22733,-0.0033277870216306127
2025-03-05,5990,6110,5990,6110,44931,0.02003338898163598
2025-03-06,6100,6150,6080,6150,16472,0.00654664484451728
2025-03-07,6140,6160,6100,6130,11847,-0.003252032520325243
2025-03-10,6140,6190,6090,6150,11510,0.0032626427406199365
2025-03-11,6110,6230,6050,6220,27636,0.011382113821138296
2025-03-12,6210,6250,6150,6180,18228,-0.006430868167202619
2025-03-13,6190,6320,6180,6270,35662,0.014563106796116498
2025-03-14,6210,6570,6210,6570,50111,0.04784688995215314
2025-03-17,6570,6770,6500,6580,41671,0.0015220700152207556
2025-03-18,6580,6580,6470,6470,48363,-0.016717325227963542
2025-03-19,6460,6580,6450,6580,28433,0.01700154559505407
2025-03-20,6620,7250,6580,7150,162921,0.08662613981762912
2025-03-21,7090,7090,6850,6850,52308,-0.04195804195804198
2025-03-24,6850,6940,6830,6930,13552,0.011678832116788218
2025-03-25,6930,7110,6830,6970,30287,0.005772005772005873
2025-03-26,7000,7010,6360,6840,22152,-0.0186513629842181
2025-03-27,6810,6870,6780,6800,10904,-0.005847953216374324
2025-03-28,7000,7000,6670,6940,11884,0.020588235294117574
2025-03-31,6830,7240,6750,6900,42019,-0.0057636887608069065
2025-04-01,6950,6950,6800,6880,13670,-0.0028985507246376274
2025-04-02,6900,7160,6890,7010,32957,0.018895348837209225
2025-04-03,6990,7040,6880,7040,15992,0.004279600570613384
2025-04-04,7030,7180,6970,7180,13681,0.019886363636363535
2025-04-07,7170,7170,6810,7020,48102,-0.02228412256267409
2025-04-08,7040,7210,6910,7160,24859,0.019943019943019946
2025-04-09,7170,7170,6910,7030,32345,-0.018156424581005637
2025-04-10,7030,7070,6990,7050,9026,0.002844950213371167
2025-04-11,7010,7250,6990,7180,36046,0.018439716312056653
2025-04-14,7190,7500,7110,7280,36325,0.013927576601671321
2025-04-15,7360,7800,7290,7790,64148,0.07005494505494503
2025-04-16,7840,8020,7330,7460,57926,-0.042362002567394086
2025-04-17,7400,7710,7320,7630,19815,0.02278820375335111
2025-04-18,7740,7750,7490,7650,18084,0.002621231979030192
2025-04-21,7630,7710,7530,7650,11558,0.0
2025-04-22,7620,7650,7410,7580,15067,-0.009150326797385588
2025-04-23,7550,7830,7540,7640,17843,0.0079155672823219
2025-04-24,7650,7860,7650,7780,29631,0.018324607329842868
2025-04-25,7830,7980,7800,7850,26534,0.008997429305912519
2025-04-28,7810,7950,7810,7910,45428,0.007643312101910826
2025-04-29,7920,8430,7900,8430,87166,0.06573957016434884
2025-04-30,8440,8650,8260,8540,47955,0.013048635824436605
2025-05-02,8490,8610,8000,8410,54622,-0.015222482435597207
2025-05-07,8410,8410,7700,7750,27161,-0.0784780023781213
2025-05-08,7750,7890,7300,7370,46666,-0.049032258064516165
2025-05-09,7240,7500,7190,7460,22741,0.012211668928086894
2025-05-12,7420,8740,7420,8340,261443,0.11796246648793574
2025-05-13,8340,8440,7920,8210,34630,-0.015587529976019199
2025-05-14,8200,8360,8080,8300,19755,0.010962241169305775
2025-05-15,8300,8450,7820,8290,24116,-0.001204819277108471
2025-05-16,8290,8480,8090,8200,34566,-0.010856453558504175
2025-05-19,8160,8300,8020,8200,17480,0.0
2025-05-20,8150,8770,8150,8670,60292,0.05731707317073176
2025-05-21,8670,8910,8670,8870,55115,0.023068050749711633
2025-05-22,8850,8900,8620,8850,41927,-0.0022547914317925244
2025-05-23,8850,8960,8750,8850,27879,0.0
2025-05-26,8860,8900,8740,8820,14426,-0.003389830508474523
2025-05-27,8830,8900,8740,8850,11152,0.00340136054421758
2025-05-28,8850,8970,8630,8910,29204,0.006779661016949046
2025-05-29,8900,9400,8870,9360,81234,0.05050505050505061
2025-05-30,9380,9580,9230,9550,63717,0.020299145299145227
2025-06-02,9550,9780,9540,9720,50338,0.017801047120418856
2025-06-04,9740,10400,9740,10300,98588,0.05967078189300401
2025-06-05,10400,10410,10000,10270,59369,-0.002912621359223322
2025-06-09,10340,12600,10270,11570,1683713,0.12658227848101267
2025-06-10,12040,13810,11620,12860,328300,0.11149524632670693
2025-06-11,13060,13900,12620,13850,133737,0.07698289269051317
2025-06-12,14000,14090,12590,12970,248935,-0.06353790613718413
2025-06-13,12970,13300,12810,12980,112022,0.0007710100231304029
2025-06-16,13120,13120,12480,12570,86658,-0.03158705701078579
2025-06-17,12700,12790,12500,12600,50434,0.0023866348448686736
2025-06-18,12450,13380,12440,13010,116868,0.032539682539682646
2025-06-19,13020,14425,13020,14390,171272,0.1060722521137587
2025-06-20,14800,14800,13780,14070,59783,-0.02223766504517022
2025-06-23,14080,14220,12820,13180,110185,-0.06325515280739158
2025-06-24,13310,13320,12840,13020,52108,-0.012139605462822445
2025-06-25,13100,13640,12950,13190,88292,0.013056835637480724
2025-06-26,13170,13170,12600,12740,39621,-0.03411675511751322
2025-06-27,12740,13060,12520,12740,47697,0.0
2025-06-30,12600,12700,12260,12410,28530,-0.02590266875981162
2025-07-01,12410,13380,11570,13110,134309,0.05640612409347301
2025-07-02,12980,13010,12440,12950,44540,-0.012204424103737566
2025-07-03,12900,13600,12790,13160,33727,0.016216216216216273
2025-07-04,13200,13200,12630,12680,29793,-0.03647416413373861
2025-07-07,13000,13500,12340,13060,26872,0.029968454258675115
2025-07-08,12960,13310,12880,13300,39670,0.018376722817764257
2025-07-09,13450,15800,13330,15170,435498,0.1406015037593984
2025-07-10,15070,15390,14680,14700,61784,-0.030982201713909086
2025-07-11,14700,15100,14560,14760,92596,0.004081632653061273
2025-07-14,14800,15360,14800,15220,52949,0.031165311653116534
2025-07-15,15200,15270,14200,15000,61741,-0.014454664914586024
2025-07-16,14780,15230,14540,14980,47559,-0.0013333333333332975
2025-07-17,14990,15090,14570,14630,37279,-0.02336448598130836
2025-07-18,14500,14630,14350,14490,27036,-0.009569377990430672
2025-07-21,14500,14650,13750,13880,55806,-0.04209799861973773
2025-07-22,14370,14390,13700,14100,41148,0.015850144092218965
2025-07-23,14100,14100,12700,12780,457107,-0.09361702127659577
2025-07-24,12780,12780,10230,10280,989580,-0.19561815336463229
2025-07-25,10360,10540,10250,10400,135072,0.011673151750972721
2025-07-28,10500,10500,10070,10170,88264,-0.022115384615384648
2025-07-29,10200,10500,10130,10400,72953,0.022615535889872085
2025-07-30,10410,10740,10160,10490,68009,0.008653846153846123
2025-07-31,10590,11240,10510,10900,131531,0.03908484270734025
2025-08-01,10920,10980,10320,10330,64344,-0.05229357798165135
2025-08-04,10330,11180,10330,10850,58437,0.0503388189738625
2025-08-05,10840,10940,10575,10620,38031,-0.021198156682027625
2025-08-06,10510,10750,10240,10420,53192,-0.01883239171374762
2025-08-07,10370,10630,10350,10510,31613,0.008637236084452882
2025-08-08,10510,10610,10300,10490,17547,-0.0019029495718363432
2025-08-11,10420,10570,10300,10500,38249,0.0009532888465204614
2025-08-12,10450,10940,10450,10450,46026,-0.004761904761904745
2025-08-13,10440,10480,10230,10340,33955,-0.010526315789473717
2025-08-14,10310,10350,10100,10110,27794,-0.022243713733075432
2025-08-18,10120,10300,9800,9860,36456,-0.024727992087042572
2025-08-19,10000,10000,9610,9870,31432,0.0010141987829614951
2025-08-20,9870,9900,9490,9760,41643,-0.011144883485309065
2025-08-21,9650,10060,9650,9980,34485,0.02254098360655732
2025-08-22,10100,10730,10070,10330,64483,0.0350701402805611
2025-08-25,10230,10430,10120,10340,23876,0.0009680542110357404
2025-08-26,10210,10370,10100,10290,17885,-0.004835589941972973
