Date,Open,High,Low,Close,Volume,Change
2022-01-03,9340,9850,9340,9780,138483,0.044871794871794934
2022-01-04,9780,9960,9690,9900,65619,0.012269938650306678
2022-01-05,9900,10350,9760,10050,173136,0.015151515151515138
2022-01-06,10050,10300,9910,10250,91168,0.01990049751243772
2022-01-07,10150,10300,9960,10000,52438,-0.024390243902439046
2022-01-10,10050,10050,9750,9900,34704,-0.010000000000000009
2022-01-11,9900,9900,9640,9720,18554,-0.018181818181818188
2022-01-12,9770,10050,9770,9970,42025,0.025720164609053464
2022-01-13,9950,10050,9750,9840,36520,-0.013039117352056206
2022-01-14,9840,10100,9840,9910,28164,0.007113821138211351
2022-01-17,9910,10100,9860,9890,34158,-0.0020181634712411745
2022-01-18,9890,10000,9530,9530,46377,-0.03640040444893833
2022-01-19,9570,9750,9440,9560,27131,0.0031479538300105414
2022-01-20,9560,9850,9550,9670,50492,0.011506276150627714
2022-01-21,9670,9840,9670,9740,27701,0.007238883143743546
2022-01-24,9740,9740,9460,9640,18529,-0.010266940451745366
2022-01-25,9550,9820,8920,8950,99060,-0.07157676348547715
2022-01-26,8950,9250,8600,9000,50490,0.005586592178770999
2022-01-27,8880,9070,8650,8700,69827,-0.033333333333333326
2022-01-28,8700,9000,8550,9000,32047,0.034482758620689724
2022-02-03,9010,10100,9010,9450,47794,0.050000000000000044
2022-02-04,9320,9690,9320,9580,21790,0.013756613756613856
2022-02-07,9580,9580,9330,9430,17165,-0.01565762004175364
2022-02-08,9690,9690,9100,9260,30774,-0.018027571580063628
2022-02-09,9350,9350,9120,9250,9958,-0.001079913606911398
2022-02-10,9290,9290,9110,9130,15751,-0.012972972972972951
2022-02-11,9030,9090,8810,8850,51075,-0.03066812705366917
2022-02-14,8730,8800,8300,8300,70491,-0.062146892655367214
2022-02-15,8260,8590,8170,8300,55533,0.0
2022-02-16,8300,8650,8300,8600,21463,0.03614457831325302
2022-02-17,8720,8970,8550,8770,24930,0.019767441860465196
2022-02-18,8770,8930,8650,8880,13269,0.012542759407069504
2022-02-21,8780,8870,8630,8790,26943,-0.010135135135135087
2022-02-22,8400,8800,8310,8550,99849,-0.027303754266211566
2022-02-23,8550,8660,8460,8600,9922,0.005847953216374213
2022-02-24,8570,8570,8150,8220,33720,-0.04418604651162794
2022-02-25,8900,8900,8230,8350,33158,0.015815085158150888
2022-02-28,8350,9670,8350,8830,116695,0.057485029940119725
2022-03-02,8760,9290,8760,9200,37443,0.04190260475651186
2022-03-03,9120,9260,8960,9100,24821,-0.010869565217391353
2022-03-04,8940,9110,8800,9040,12388,-0.00659340659340657
2022-03-07,8960,8960,8590,8890,27091,-0.0165929203539823
2022-03-08,8790,8790,8600,8790,6463,-0.011248593925759276
2022-03-10,8700,9070,8700,8820,10605,0.0034129692832765013
2022-03-11,8840,8980,8830,8950,8304,0.01473922902494329
2022-03-14,8770,9150,8600,8730,34625,-0.024581005586592153
2022-03-15,8730,8800,8580,8580,10447,-0.01718213058419249
2022-03-16,8790,8790,8500,8730,9763,0.0174825174825175
2022-03-17,8730,9180,8730,8880,30321,0.01718213058419238
2022-03-18,8910,9050,8870,8980,5526,0.011261261261261257
2022-03-21,9180,9180,8830,8930,12523,-0.0055679287305122616
2022-03-22,8780,9040,8780,9020,4438,0.010078387458006821
2022-03-23,9120,9150,8910,9040,8156,0.0022172949002217113
2022-03-24,9040,9150,8930,9110,19839,0.007743362831858391
2022-03-25,9180,9280,9000,9200,20075,0.009879253567508295
2022-03-28,9300,9300,9070,9190,5184,-0.0010869565217391797
2022-03-29,9200,9300,9160,9290,17404,0.01088139281828071
2022-03-30,9390,9390,9150,9350,10808,0.006458557588805203
2022-03-31,9350,9380,9230,9350,23348,0.0
2022-04-01,9280,9430,9240,9330,21768,-0.002139037433155133
2022-04-04,9330,9330,9060,9110,28360,-0.02357984994640938
2022-04-05,9290,9290,9020,9120,18810,0.001097694840834329
2022-04-06,9120,9120,8890,8950,24930,-0.018640350877192957
2022-04-07,8950,8950,8700,8780,32485,-0.018994413407821265
2022-04-08,8790,8950,8600,8740,30659,-0.004555808656036442
2022-04-11,8740,8950,8600,8670,6584,-0.008009153318077833
2022-04-12,8670,8780,8580,8690,28962,0.0023068050749712743
2022-04-13,8690,8750,8620,8630,27262,-0.0069044879171461515
2022-04-14,8630,8730,8540,8670,41361,0.004634994206257348
2022-04-15,8750,8880,8630,8880,14942,0.02422145328719716
2022-04-18,8880,8960,8770,8950,29957,0.007882882882882969
2022-04-19,8950,9120,8940,9120,44911,0.018994413407821265
2022-04-20,9160,9170,8980,9120,30647,0.0
2022-04-21,9110,9120,9050,9110,12846,-0.0010964912280702066
2022-04-22,9010,9100,8950,9050,11687,-0.00658616904500553
2022-04-25,8950,9030,8500,8780,26458,-0.029834254143646377
2022-04-26,8660,9000,8660,8860,12626,0.009111617312072884
2022-04-27,8640,8880,8640,8800,11608,-0.006772009029345383
2022-04-28,9170,9170,8740,8840,14413,0.00454545454545463
2022-04-29,8890,8900,8770,8820,11002,-0.002262443438914019
2022-05-02,8730,8880,8730,8830,12046,0.0011337868480725266
2022-05-03,8820,8970,8820,8900,15046,0.007927519818799578
2022-05-04,8870,9030,8770,8840,14163,-0.006741573033707815
2022-05-06,8750,8850,8610,8770,16359,-0.007918552036199067
2022-05-09,8710,8770,8510,8520,20002,-0.02850627137970352
2022-05-10,8180,8950,8180,8670,43061,0.01760563380281699
2022-05-11,8660,8850,8660,8820,13388,0.01730103806228378
2022-05-12,8820,8820,8600,8650,24612,-0.019274376417233507
2022-05-13,8900,8900,8510,8650,29845,0.0
2022-05-16,8650,8710,8510,8520,13958,-0.015028901734104094
2022-05-17,8710,8710,8370,8520,19180,0.0
2022-05-18,8350,8640,8350,8440,9970,-0.009389671361502372
2022-05-19,8430,8440,8230,8390,22880,-0.005924170616113722
2022-05-20,8210,8370,8150,8250,35416,-0.016686531585220488
2022-05-23,8250,8400,8240,8320,11680,0.00848484848484854
2022-05-24,8320,8460,8240,8300,14454,-0.0024038461538461453
2022-05-25,8340,8350,8100,8120,25228,-0.02168674698795181
2022-05-26,8090,8250,8090,8100,25298,-0.0024630541871921707
2022-05-27,8570,8570,8070,8070,24818,-0.0037037037037036535
2022-05-30,7840,8080,7840,8030,19880,-0.00495662949194553
2022-05-31,7990,8110,7960,8000,32754,-0.0037359900373599153
2022-06-02,8180,8180,7920,7960,9415,-0.0050000000000000044
2022-06-03,7960,8030,7850,8000,17305,0.005025125628140614
2022-06-07,8000,8050,7690,7750,37582,-0.03125
2022-06-08,7720,7880,7690,7740,7657,-0.001290322580645209
2022-06-09,7870,7870,7640,7800,10257,0.007751937984496138
2022-06-10,7700,7780,7500,7530,29231,-0.0346153846153846
2022-06-13,7530,7530,6960,7020,38195,-0.0677290836653387
2022-06-14,6900,6930,6560,6760,53638,-0.03703703703703709
2022-06-15,6580,6900,6500,6760,22459,0.0
2022-06-16,6740,6820,6610,6720,16164,-0.00591715976331364
2022-06-17,6410,6690,6410,6570,20830,-0.022321428571428603
2022-06-20,6510,6590,5920,6140,61096,-0.06544901065449016
2022-06-21,6050,6400,6050,6400,17474,0.04234527687296419
2022-06-22,6490,6490,6000,6250,17122,-0.0234375
2022-06-23,6250,6330,5860,5950,37736,-0.04800000000000004
2022-06-24,5950,6900,5950,6210,57050,0.043697478991596705
2022-06-27,6300,6440,6240,6400,9546,0.03059581320450877
2022-06-28,6400,6420,6330,6390,6524,-0.0015625000000000222
2022-06-29,6710,6780,6440,6710,35949,0.05007824726134591
2022-06-30,6800,6800,6570,6680,18989,-0.0044709388971684305
2022-07-01,6590,6860,6560,6570,12856,-0.01646706586826352
2022-07-04,6500,6570,6390,6500,19368,-0.010654490106544956
2022-07-05,6500,6810,6500,6670,5057,0.026153846153846194
2022-07-06,6680,6840,6670,6800,16104,0.019490254872563728
2022-07-07,6800,7170,6800,7160,28917,0.05294117647058827
2022-07-08,7310,7310,7120,7170,9651,0.0013966480446927498
2022-07-11,7180,7180,7000,7140,25319,-0.004184100418409997
2022-07-12,7090,7300,7040,7130,5075,-0.0014005602240896309
2022-07-13,7130,7200,7130,7180,7973,0.007012622720897532
2022-07-14,7180,7230,7150,7180,14818,0.0
2022-07-15,7180,7350,7180,7300,31224,0.01671309192200554
2022-07-18,7300,7590,7300,7540,34658,0.03287671232876721
2022-07-19,7540,8120,7540,8000,92451,0.0610079575596818
2022-07-20,8080,8150,7500,7610,71947,-0.04874999999999996
2022-07-21,7600,7600,7200,7210,44299,-0.05256241787122207
2022-07-22,7150,7180,7000,7110,15890,-0.01386962552011095
2022-07-25,7100,7100,6960,6980,19524,-0.01828410689170179
2022-07-26,6930,7230,6930,7230,13149,0.035816618911174825
2022-07-27,7230,7240,7080,7230,9612,0.0
2022-07-28,7230,7320,7160,7200,7416,-0.004149377593360981
2022-07-29,7360,7360,7180,7200,7049,0.0
2022-08-01,7210,7340,7010,7080,29417,-0.01666666666666672
2022-08-02,7060,7080,6850,6900,29123,-0.025423728813559365
2022-08-03,6820,6870,6700,6720,32618,-0.02608695652173909
2022-08-04,6750,6820,6640,6660,10254,-0.008928571428571397
2022-08-05,6820,6820,6670,6790,10952,0.019519519519519468
2022-08-08,6980,8500,6790,7210,984408,0.061855670103092786
2022-08-09,7210,7210,7060,7090,47771,-0.01664355062413314
2022-08-10,6980,7060,6870,6880,41388,-0.02961918194640334
2022-08-11,6880,7160,6880,7050,49341,0.024709302325581328
2022-08-12,7030,7060,6900,6900,21116,-0.021276595744680882
2022-08-16,6900,6950,6850,6900,35619,0.0
2022-08-17,6900,6930,6850,6920,24365,0.0028985507246377384
2022-08-18,7030,7700,6930,7480,282485,0.08092485549132955
2022-08-19,7550,7550,7240,7280,36112,-0.0267379679144385
2022-08-22,7280,7300,7090,7110,27367,-0.02335164835164838
2022-08-23,7110,7260,7000,7060,25518,-0.007032348804500654
2022-08-24,7100,7370,7060,7310,25046,0.03541076487252126
2022-08-25,7400,7490,7230,7450,23424,0.019151846785225635
2022-08-26,7560,7790,7470,7730,115330,0.037583892617449655
2022-08-29,7500,8100,7430,7860,147147,0.01681759379042691
2022-08-30,7770,7970,7570,7690,34191,-0.021628498727735423
2022-08-31,7690,7740,7490,7640,27538,-0.006501950585175553
2022-09-01,7630,7630,7410,7550,28076,-0.011780104712041939
2022-09-02,7510,7750,7510,7750,26443,0.026490066225165476
2022-09-05,7750,7850,7440,7510,28281,-0.030967741935483906
2022-09-06,7510,7790,7510,7760,21906,0.0332889480692411
2022-09-07,7800,7860,7680,7750,26190,-0.0012886597938144284
2022-09-08,7820,7930,7700,7810,25114,0.007741935483871032
2022-09-13,7870,8100,7800,8050,24741,0.030729833546734975
2022-09-14,7980,7980,7670,7950,17276,-0.012422360248447228
2022-09-15,7950,8220,7640,7670,30903,-0.035220125786163514
2022-09-16,7790,7790,7550,7620,21965,-0.006518904823989535
2022-09-19,7560,7650,7390,7400,16148,-0.02887139107611547
2022-09-20,7420,7480,7340,7400,7192,0.0
2022-09-21,7390,7390,7160,7160,12491,-0.032432432432432434
2022-09-22,7000,7030,6820,6980,27774,-0.025139664804469275
2022-09-23,6980,7000,6620,6770,16785,-0.03008595988538687
2022-09-26,6770,6770,6160,6200,47060,-0.08419497784342689
2022-09-27,6340,6630,5970,6180,52982,-0.003225806451612856
2022-09-28,6050,6260,5900,6040,40454,-0.02265372168284785
2022-09-29,6050,6210,5850,6080,11576,0.0066225165562914245
2022-09-30,6110,6110,5830,5950,24749,-0.021381578947368474
2022-10-04,6000,6290,6000,6290,20289,0.05714285714285716
2022-10-05,6580,6580,6050,6130,17155,-0.025437201907790197
2022-10-06,6130,6250,6130,6210,15004,0.013050570962479524
2022-10-07,6210,6210,6060,6180,12780,-0.004830917874396157
2022-10-11,6160,6180,5800,6000,33770,-0.029126213592232997
2022-10-12,6000,6000,5780,5970,12735,-0.0050000000000000044
2022-10-13,5810,5910,5680,5780,21193,-0.031825795644891075
2022-10-14,5790,5960,5790,5930,7012,0.02595155709342567
2022-10-17,5930,5990,5730,5930,860,0.0
2022-10-18,6080,6080,5720,5860,128733,-0.01180438448566612
2022-10-19,5910,5980,5790,5830,20504,-0.005119453924914641
2022-10-20,5830,6000,5750,5840,8296,0.0017152658662091813
2022-10-21,5760,5890,5710,5890,8127,0.008561643835616417
2022-10-24,5890,5980,5880,5910,39004,0.00339558573853993
2022-10-25,6030,6030,5720,5730,48183,-0.030456852791878153
2022-10-26,5810,5810,5690,5730,8392,0.0
2022-10-27,5730,5750,5630,5740,12474,0.0017452006980802626
2022-10-28,5740,5780,5650,5680,6273,-0.010452961672473893
2022-10-31,5680,5730,5640,5690,4604,0.0017605633802817433
2022-11-01,5690,5750,5610,5700,3787,0.0017574692442883233
2022-11-02,5700,5780,5590,5740,21640,0.007017543859649145
2022-11-03,5740,5990,5600,5890,23607,0.026132404181184565
2022-11-04,5880,5890,5700,5870,7609,-0.00339558573853993
2022-11-07,5830,5920,5830,5890,3894,0.0034071550255536653
2022-11-08,5900,5920,5860,5910,16106,0.00339558573853993
2022-11-09,5910,5930,5750,5760,24838,-0.025380710659898442
2022-11-10,5770,5810,5720,5720,9431,-0.00694444444444442
2022-11-11,5780,6500,5780,6100,673803,0.06643356643356646
2022-11-14,6100,6170,6000,6000,50181,-0.016393442622950838
2022-11-15,6000,6190,5950,6160,41864,0.026666666666666616
2022-11-16,6080,6160,6020,6080,31573,-0.012987012987012991
2022-11-17,6080,6170,6040,6060,46306,-0.003289473684210509
2022-11-18,6070,6090,5990,6080,20474,0.0033003300330032292
2022-11-21,6000,6080,5940,5950,17628,-0.021381578947368474
2022-11-22,5950,5970,5830,5930,21377,-0.003361344537815114
2022-11-23,5960,6020,5820,5910,17554,-0.003372681281618939
2022-11-24,5970,5980,5820,5930,13941,0.0033840947546530664
2022-11-25,5990,5990,5890,5890,15811,-0.006745362563237767
2022-11-28,5970,5990,5710,5800,31884,-0.015280135823429575
2022-11-29,5800,5940,5760,5900,2860,0.01724137931034475
2022-11-30,5900,5930,5810,5830,18940,-0.011864406779661052
2022-12-01,5850,5990,5850,5870,17412,0.006861063464836947
2022-12-02,5880,6040,5850,5930,25120,0.010221465076660996
2022-12-05,5940,6020,5870,6000,24396,0.01180438448566612
2022-12-06,6000,6000,5890,5950,11690,-0.008333333333333304
2022-12-07,5950,5950,5810,5880,15390,-0.0117647058823529
2022-12-08,5820,5940,5820,5870,11368,-0.00170068027210879
2022-12-09,5870,5990,5820,5950,18782,0.013628620102214661
2022-12-12,5950,5990,5830,5870,4846,-0.013445378151260456
2022-12-13,5870,5960,5800,5930,15526,0.010221465076660996
2022-12-14,5930,5950,5880,5880,15712,-0.00843170320404718
2022-12-15,5930,5930,5840,5860,11564,-0.003401360544217691
2022-12-16,5800,5890,5800,5860,3987,0.0
2022-12-19,5850,5880,5810,5830,14087,-0.005119453924914641
2022-12-20,5830,6410,5560,5650,557759,-0.030874785591766707
2022-12-21,5660,5700,5470,5640,56943,-0.001769911504424737
2022-12-22,5640,5690,5560,5670,19648,0.005319148936170137
2022-12-23,5670,5670,5510,5540,66608,-0.022927689594356315
2022-12-26,5540,5550,5410,5520,23638,-0.0036101083032491488
2022-12-27,5480,5540,5440,5500,15627,-0.0036231884057971175
2022-12-28,5520,5520,5350,5430,24979,-0.012727272727272698
2022-12-29,5410,5450,5240,5350,13126,-0.014732965009208066
2023-01-02,5350,5350,5100,5340,42568,-0.0018691588785046953
2023-01-03,5340,5430,5110,5350,30816,0.001872659176029856
2023-01-04,5350,5650,5240,5480,8775,0.024299065420560817
2023-01-05,5420,5700,5400,5660,53872,0.03284671532846706
2023-01-06,5700,5850,5600,5840,37101,0.03180212014134276
2023-01-09,5840,6710,5810,6050,672237,0.03595890410958913
2023-01-10,6050,6160,5980,6110,76270,0.009917355371900749
2023-01-11,6110,6190,6100,6100,24099,-0.0016366612111292644
2023-01-12,6340,6340,6070,6150,20292,0.008196721311475308
2023-01-13,6150,6150,5980,6140,29449,-0.001626016260162566
2023-01-16,6140,6140,5940,5980,20562,-0.026058631921824116
2023-01-17,5980,6000,5920,5960,13461,-0.0033444816053511683
2023-01-18,5960,6030,5920,5980,14082,0.003355704697986628
2023-01-19,5980,6040,5860,5990,26027,0.0016722408026756952
2023-01-20,5930,6020,5930,5950,11819,-0.006677796327211993
2023-01-25,5970,6130,5970,6030,24997,0.013445378151260456
2023-01-26,6000,6090,5970,5970,30164,-0.00995024875621886
2023-01-27,6010,6070,5970,6010,10479,0.00670016750418756
2023-01-30,6050,6090,5950,5990,23848,-0.0033277870216306127
2023-01-31,5990,6040,5960,6040,12947,0.008347245409014992
2023-02-01,6070,6250,5980,6230,63156,0.0314569536423841
2023-02-02,6230,6400,6170,6290,40308,0.009630818619582593
2023-02-03,6330,6500,6150,6300,45212,0.0015898251192367763
2023-02-06,6300,6390,6180,6220,22365,-0.012698412698412653
2023-02-07,6340,6340,6180,6290,15645,0.0112540192926045
2023-02-08,6320,6320,6100,6300,30541,0.0015898251192367763
2023-02-09,6220,6380,6210,6380,35184,0.012698412698412653
2023-02-10,6380,6390,6220,6280,20908,-0.01567398119122254
2023-02-13,6300,6300,6110,6290,27107,0.0015923566878981443
2023-02-14,6600,7410,6490,6840,1055777,0.08744038155802869
2023-02-15,6830,7280,6770,7080,293186,0.03508771929824572
2023-02-16,7120,7440,7090,7300,172039,0.031073446327683607
2023-02-17,7250,7500,7160,7300,123673,0.0
2023-02-20,7300,7430,6910,7300,86898,0.0
2023-02-21,7280,7310,7090,7190,40562,-0.015068493150684925
2023-02-22,7190,7200,6920,6950,33955,-0.033379694019471495
2023-02-23,6860,7170,6860,6940,24262,-0.0014388489208633226
2023-02-24,6990,7290,6810,7290,45668,0.050432276657060626
2023-02-27,7170,7380,7140,7330,55097,0.005486968449931462
2023-02-28,7330,7450,7180,7400,47380,0.009549795361528002
2023-03-02,7550,8250,7400,7720,521620,0.043243243243243246
2023-03-03,7720,7770,7530,7630,62971,-0.011658031088082943
2023-03-06,7650,7880,7310,7620,93079,-0.001310615989515096
2023-03-07,7620,8100,7590,7970,109988,0.04593175853018372
2023-03-08,7940,7960,7650,7900,61768,-0.008782936010037656
2023-03-09,7900,7920,7650,7650,72652,-0.03164556962025311
2023-03-10,7650,7780,7500,7570,38365,-0.010457516339869244
2023-03-13,7570,7890,7430,7670,81221,0.013210039630118908
2023-03-14,7940,7940,7200,7370,53270,-0.039113428943937434
2023-03-15,7700,7700,7360,7420,44343,0.006784260515603879
2023-03-16,7420,7650,7240,7590,45355,0.022911051212938016
2023-03-17,7590,8010,7590,7970,60631,0.050065876152832756
2023-03-20,7890,8080,7820,7980,37796,0.0012547051442910462
2023-03-21,7810,7940,7520,7540,62660,-0.05513784461152882
2023-03-22,7550,7680,7230,7520,54287,-0.0026525198938992522
2023-03-23,7430,7600,7270,7330,45906,-0.025265957446808485
2023-03-24,7330,8060,7270,7550,294541,0.0300136425648021
2023-03-27,7680,7930,7410,7890,114434,0.04503311258278142
2023-03-28,7900,8330,7890,8240,141459,0.04435994930291498
2023-03-29,8360,8480,8090,8130,71278,-0.013349514563106846
2023-03-30,8450,8450,8130,8150,77367,0.002460024600245969
2023-03-31,8350,8350,7970,8150,61490,0.0
2023-04-03,8330,8450,8130,8300,78016,0.018404907975460016
2023-04-04,8250,8410,8160,8290,47832,-0.001204819277108471
2023-04-05,8290,8490,8190,8340,49579,0.006031363088057962
2023-04-06,8340,8540,8190,8340,73398,0.0
2023-04-07,8300,8420,8210,8380,66227,0.004796163069544335
2023-04-10,8400,8400,8100,8390,75871,0.0011933174224343368
2023-04-11,8390,8600,8320,8590,59843,0.023837902264600697
2023-04-12,8590,8700,8520,8620,73526,0.0034924330616996624
2023-04-13,8550,8620,8330,8450,84228,-0.019721577726218076
2023-04-14,8580,8690,8420,8690,83856,0.028402366863905293
2023-04-17,8690,8690,8500,8680,64043,-0.0011507479861909697
2023-04-18,8580,8750,8570,8710,48445,0.003456221198156584
2023-04-19,8720,10020,8660,9650,403667,0.10792192881745111
2023-04-20,9740,9900,9540,9800,132015,0.015544041450777257
2023-04-21,9800,9850,9300,9490,183185,-0.031632653061224536
2023-04-24,9430,9430,8490,8550,216520,-0.09905163329820865
2023-04-25,8550,8690,8050,8270,106703,-0.03274853801169586
2023-04-26,8200,8490,8060,8260,63465,-0.0012091898428052694
2023-04-27,8260,8300,7960,8300,63279,0.004842615012106588
2023-04-28,8300,8300,7870,7930,86869,-0.04457831325301209
2023-05-02,7930,8000,7860,7990,37172,0.007566204287515754
2023-05-03,7870,8100,7870,8040,39541,0.006257822277847325
2023-05-04,7950,8000,7560,7800,79202,-0.02985074626865669
2023-05-08,7800,7860,7370,7860,47915,0.007692307692307665
2023-05-09,7820,7820,7510,7630,36308,-0.029262086513994867
2023-05-10,7630,7670,7440,7630,31523,0.0
2023-05-11,7620,7670,7440,7490,48394,-0.01834862385321101
2023-05-12,7490,7500,7250,7380,47488,-0.014686248331108098
2023-05-15,7390,7680,7220,7640,28944,0.035230352303523116
2023-05-16,7500,7620,7210,7350,60699,-0.0379581151832461
2023-05-17,7310,7540,7260,7460,53718,0.014965986394557929
2023-05-18,7580,7800,7430,7760,44305,0.04021447721179627
2023-05-19,7730,8030,7660,7970,47623,0.027061855670102997
2023-05-22,8000,8000,7790,7960,22945,-0.0012547051442910462
2023-05-23,7990,8150,7790,7940,27000,-0.002512562814070307
2023-05-24,7920,7970,7780,7950,19363,0.0012594458438286438
2023-05-25,7850,8070,7850,7990,28098,0.005031446540880502
2023-05-26,7990,8140,7920,8020,24268,0.003754693366708306
2023-05-30,8020,8130,7860,7920,22242,-0.012468827930174564
2023-05-31,7940,8120,7850,8040,43845,0.015151515151515138
2023-06-01,8040,8120,7500,7970,61984,-0.008706467661691586
2023-06-02,7970,8270,7900,8220,46978,0.031367628607277265
2023-06-05,8200,8240,7990,8080,27824,-0.01703163017031628
2023-06-07,8110,8150,7560,8100,62771,0.0024752475247524774
2023-06-08,8260,8260,7670,8050,63088,-0.006172839506172867
2023-06-09,8060,8130,7900,8050,28697,0.0
2023-06-12,8150,8380,8040,8250,51788,0.024844720496894457
2023-06-13,8290,8690,8240,8430,101406,0.021818181818181737
2023-06-14,8580,8680,8250,8420,94149,-0.0011862396204033177
2023-06-15,8350,8600,8270,8400,41240,-0.002375296912114022
2023-06-16,8450,8550,8370,8500,43748,0.011904761904761862
2023-06-19,8600,8730,8330,8390,66532,-0.012941176470588234
2023-06-20,8390,8430,8200,8330,24701,-0.007151370679380209
2023-06-21,8300,8480,8190,8360,87975,0.0036014405762305746
2023-06-22,8260,9300,8230,9290,662588,0.11124401913875603
2023-06-23,9380,10250,9380,9930,931529,0.06889128094725505
2023-06-26,9850,10030,9670,9890,189332,-0.004028197381671705
2023-06-27,9820,9840,9450,9760,197694,-0.013144590495449915
2023-06-28,9810,9860,9280,9320,158593,-0.04508196721311475
2023-06-29,9340,9510,9240,9370,91125,0.005364806866952732
2023-06-30,9380,9790,9150,9770,175983,0.042689434364994616
2023-07-03,9700,9950,9340,9420,178460,-0.035823950870010224
2023-07-04,9500,9500,9280,9380,29835,-0.00424628450106157
2023-07-05,9310,9360,8970,9050,99008,-0.03518123667377404
2023-07-06,9060,9130,8680,8750,70011,-0.03314917127071826
2023-07-07,8710,8930,8330,8540,110293,-0.02400000000000002
2023-07-10,8540,8740,8380,8620,35280,0.00936768149882905
2023-07-11,8670,8990,8630,8990,32690,0.04292343387470998
2023-07-12,9000,9120,8770,8980,32228,-0.0011123470522803602
2023-07-13,9040,9080,8860,9050,42146,0.007795100222717233
2023-07-14,9130,9500,9040,9500,142611,0.04972375690607733
2023-07-17,9600,10130,9360,10100,221269,0.06315789473684208
2023-07-18,10250,10370,9920,10070,188008,-0.002970297029702973
2023-07-19,10080,10150,9540,9740,119484,-0.03277060575968227
2023-07-20,9740,10160,9620,10100,104552,0.03696098562628336
2023-07-21,10000,10000,9610,9900,74741,-0.01980198019801982
2023-07-24,10000,10000,9470,9860,116174,-0.004040404040404066
2023-07-25,10000,10190,9750,10070,131928,0.02129817444219073
2023-07-26,10080,10300,9720,10020,161684,-0.0049652432969214955
2023-07-27,10060,10370,9920,10250,158969,0.022954091816367317
2023-07-28,10390,10900,10000,10380,302686,0.012682926829268304
2023-07-31,10500,12680,10500,11720,1245229,0.12909441233140662
2023-08-01,11670,11670,10550,10870,632423,-0.0725255972696246
2023-08-02,10820,11350,10580,10910,431169,0.0036798528058876734
2023-08-03,10910,11230,10180,10650,268853,-0.02383134738771764
2023-08-04,10490,13600,10480,12970,2841449,0.21784037558685454
2023-08-07,12840,13410,11870,12050,1329277,-0.07093292212798763
2023-08-08,12450,12580,11210,11350,678138,-0.05809128630705396
2023-08-09,11320,11600,11000,11370,235748,0.0017621145374449032
2023-08-10,11120,11220,10420,10740,332064,-0.0554089709762533
2023-08-11,10780,11200,10760,11030,131774,0.027001862197392867
2023-08-14,10980,11030,10470,10530,177145,-0.045330915684496875
2023-08-16,10360,10530,9940,10450,173450,-0.007597340930674212
2023-08-17,10450,11150,9960,11060,208433,0.058373205741626855
2023-08-18,10760,10980,10220,10290,162807,-0.069620253164557
2023-08-21,10150,10650,10030,10110,142310,-0.017492711370262426
2023-08-22,10140,10500,10040,10060,85791,-0.004945598417408492
2023-08-23,10070,10350,9980,10340,69473,0.027833001988071482
2023-08-24,10370,10930,10370,10650,202256,0.029980657640232167
2023-08-25,10430,10500,10000,10130,88036,-0.04882629107981218
2023-08-28,10200,10260,10040,10140,70986,0.000987166831194486
2023-08-29,10200,11290,10190,11010,329652,0.08579881656804744
2023-08-30,11500,11980,11310,11690,586530,0.061762034514078135
2023-08-31,11690,12400,11320,12150,244293,0.03934987168520099
2023-09-01,12150,13040,12000,12740,488824,0.04855967078189294
2023-09-04,12940,13330,12500,12600,287212,-0.01098901098901095
2023-09-05,12600,13330,12500,12590,327517,-0.0007936507936507908
2023-09-06,12380,13000,12100,12650,234932,0.004765687053216894
2023-09-07,12580,12780,11930,12460,221501,-0.015019762845849827
2023-09-08,12480,12620,11810,12000,216001,-0.036918138041733495
2023-09-11,12040,12040,11460,11670,185592,-0.02749999999999997
2023-09-12,11680,11880,11350,11580,150693,-0.007712082262210762
2023-09-13,11430,12500,11210,11550,182699,-0.002590673575129543
2023-09-14,11560,12700,11560,12610,286539,0.09177489177489173
2023-09-15,12610,12810,12420,12530,192266,-0.006344171292624878
2023-09-18,12540,13600,12150,12980,996183,0.03591380686352763
2023-09-19,13300,13850,13030,13300,620989,0.024653312788905923
2023-09-20,13310,13580,12490,12840,231063,-0.0345864661654135
2023-09-21,12510,12550,11750,11810,345652,-0.08021806853582558
2023-09-22,11490,11760,11300,11540,132728,-0.02286198137171891
2023-09-25,11540,12060,11300,11450,144573,-0.0077989601386482255
2023-09-26,11450,12020,11320,11910,174783,0.04017467248908302
2023-09-27,11720,12100,11600,12100,82104,0.015952980688497043
2023-10-04,11950,12040,11210,11400,157665,-0.05785123966942152
2023-10-05,11780,12500,11310,12200,371666,0.07017543859649122
2023-10-06,12270,12750,12040,12740,259381,0.04426229508196711
2023-10-10,12830,13070,12020,12200,246598,-0.042386185243328045
2023-10-11,12430,15140,12430,14730,3280757,0.20737704918032795
2023-10-12,14940,16290,14650,15940,2033591,0.08214528173794977
2023-10-13,16150,18700,15930,17690,3369455,0.10978670012547043
2023-10-16,17150,17690,16230,17330,914439,-0.020350480497456136
2023-10-17,17690,18980,17200,18640,1345250,0.0755914598961338
2023-10-18,18420,19450,17960,19380,891753,0.03969957081545061
2023-10-19,18860,19190,17440,18300,652667,-0.05572755417956654
2023-10-20,17560,17880,16530,16640,898694,-0.09071038251366115
2023-10-23,16640,17110,15740,16090,691676,-0.03305288461538458
2023-10-24,16500,18300,16100,18300,905268,0.1373523927905531
2023-10-25,18310,19290,18110,18470,862391,0.00928961748633883
2023-10-26,17290,18250,16860,17870,781408,-0.032485110990795873
2023-10-27,18110,18440,16560,16900,633478,-0.05428091773922772
2023-10-30,16560,17120,16390,17050,273231,0.008875739644970349
2023-10-31,17080,17450,14950,15120,781985,-0.11319648093841639
2023-11-01,15150,16240,14600,15970,925256,0.056216931216931165
2023-11-02,17000,18530,16870,17930,1593519,0.12273011897307451
2023-11-03,18400,21150,17900,20200,2389715,0.12660345789180139
2023-11-06,20300,21050,19500,20100,917123,-0.004950495049504955
2023-11-07,20300,22250,19750,20950,1084171,0.04228855721393043
2023-11-08,20750,21400,19940,20250,623455,-0.03341288782816232
2023-11-09,20100,20800,19580,19830,408256,-0.020740740740740726
2023-11-10,19750,21500,19390,19990,809343,0.008068582955118586
2023-11-13,19460,21000,17990,19280,1162334,-0.035517758879439754
2023-11-14,19630,22900,19240,22900,1293251,0.18775933609958506
2023-11-15,23850,24300,23100,24050,866213,0.05021834061135366
2023-11-16,24050,24350,22650,23600,563529,-0.018711018711018657
2023-11-17,23900,23900,21950,22800,513003,-0.03389830508474578
2023-11-20,22600,22600,21300,21950,522098,-0.037280701754385914
2023-11-21,22200,22650,21450,21550,402611,-0.018223234624145768
2023-11-22,21150,22900,20900,22700,557129,0.05336426914153125
2023-11-23,22500,22650,20500,20650,521210,-0.0903083700440529
2023-11-24,20300,21100,20250,20600,298075,-0.002421307506053294
2023-11-27,20800,20850,19290,20050,587767,-0.02669902912621358
2023-11-28,20400,21000,20100,20350,307441,0.014962593516209433
2023-11-29,20200,20300,18820,19090,790657,-0.06191646191646194
2023-11-30,19120,19570,18820,19240,407684,0.00785751702462023
2023-12-01,19000,21600,18860,21450,1031062,0.11486486486486491
2023-12-04,21150,21800,20350,20700,561521,-0.034965034965035
2023-12-05,20300,20750,18290,18400,724946,-0.11111111111111116
2023-12-06,18650,19350,18200,18650,328045,0.013586956521739024
2023-12-07,18480,19150,18030,18140,329413,-0.027345844504021444
2023-12-08,18770,19580,18530,19380,459901,0.06835722160970237
2023-12-11,19410,19600,18660,18820,203633,-0.028895768833849367
2023-12-12,19330,20500,19180,19690,378537,0.04622741764080773
2023-12-13,19730,19960,19030,19070,189553,-0.03148806500761803
2023-12-14,19450,19600,19050,19100,184123,0.0015731515469323831
2023-12-15,19200,19400,18580,19010,156542,-0.0047120418848167755
2023-12-18,19100,20600,19100,20200,328706,0.06259863229879015
2023-12-19,20450,20500,19730,20000,165466,-0.00990099009900991
2023-12-20,20600,20700,19190,19330,385877,-0.033499999999999974
2023-12-21,19190,19380,18750,19210,175719,-0.006207966890843242
2023-12-22,19460,19640,18860,18950,164948,-0.013534617386777748
2023-12-26,18930,18930,17500,18500,527739,-0.0237467018469657
2023-12-27,18500,19230,18500,18610,257313,0.005945945945945885
2023-12-28,18500,18580,18100,18400,124009,-0.011284255776464303
2024-01-02,18400,18430,17720,18180,290789,-0.011956521739130421
2024-01-03,18000,18720,17640,18600,263854,0.02310231023102305
2024-01-04,18500,22150,18170,21350,2214624,0.1478494623655915
2024-01-05,21150,21300,19990,20600,604498,-0.03512880562060894
2024-01-08,20500,20900,19860,20400,267543,-0.009708737864077666
2024-01-09,21200,22500,20900,21850,950740,0.07107843137254899
2024-01-10,21700,22000,20400,21200,290776,-0.029748283752860427
2024-01-11,21200,21700,20450,21500,216240,0.014150943396226356
2024-01-12,21200,21550,20150,20350,296531,-0.05348837209302326
2024-01-15,20300,20750,19700,19790,173550,-0.02751842751842748
2024-01-16,19650,19790,18700,18880,243851,-0.04598281960586159
2024-01-17,19130,19480,18080,18230,156849,-0.03442796610169496
2024-01-18,18250,19050,18030,18950,156751,0.03949533735600652
2024-01-19,19590,21550,19590,20950,754058,0.10554089709762526
2024-01-22,21600,22050,20750,21150,286770,0.009546539379474916
2024-01-23,20700,21250,20250,20850,154528,-0.014184397163120588
2024-01-24,21250,22900,20150,22600,655765,0.0839328537170263
2024-01-25,22800,22900,20300,20500,523355,-0.09292035398230092
2024-01-26,20050,20350,19170,19170,364959,-0.06487804878048775
2024-01-29,19170,20250,18550,18980,258212,-0.009911319770474658
2024-01-30,19100,19610,18530,19150,203042,0.008956796628029506
2024-01-31,18890,20400,18070,19200,615602,0.0026109660574411553
2024-02-01,19530,19770,18550,18980,273021,-0.011458333333333348
2024-02-02,19070,20800,19020,20000,366723,0.05374077976817704
2024-02-05,20000,20450,19610,19780,145239,-0.01100000000000001
2024-02-06,20100,20200,19090,19780,292882,0.0
2024-02-07,19800,19800,19100,19380,102004,-0.020222446916076886
2024-02-08,19550,22950,19280,22450,1568303,0.1584107327141382
2024-02-13,23250,23900,22550,23550,971544,0.04899777282850781
2024-02-14,23000,25000,22100,24500,791912,0.04033970276008492
2024-02-15,24950,25400,23100,23850,612765,-0.026530612244897944
2024-02-16,24000,24300,22250,22500,398455,-0.05660377358490565
2024-02-19,22300,23300,21650,23050,329119,0.02444444444444449
2024-02-20,22950,23500,22550,22750,231760,-0.013015184381778733
2024-02-21,22250,22550,21650,21850,227151,-0.03956043956043953
2024-02-22,23050,23400,21600,22700,448557,0.0389016018306636
2024-02-23,23450,23850,21250,21350,442169,-0.05947136563876654
2024-02-26,21300,22200,21000,21600,249261,0.011709601873536313
2024-02-27,22400,22650,21150,22100,386627,0.02314814814814814
2024-02-28,22250,23800,21800,23200,439478,0.04977375565610864
2024-02-29,22900,24350,22550,23200,306928,0.0
2024-03-04,23800,24800,23250,24800,520059,0.06896551724137923
2024-03-05,25000,25300,22550,22950,504045,-0.07459677419354838
2024-03-06,22600,23500,22100,22600,344381,-0.015250544662309351
2024-03-07,23300,23500,21150,21350,588634,-0.05530973451327437
2024-03-08,21800,22050,20700,20850,515082,-0.023419203747072626
2024-03-11,20250,20750,19500,20250,322197,-0.02877697841726623
2024-03-12,20500,21250,20200,20600,272215,0.01728395061728394
2024-03-13,21000,21300,19850,20000,248092,-0.029126213592232997
2024-03-14,19820,20500,19360,20000,232788,0.0
2024-03-15,19950,21900,19630,21500,572503,0.07499999999999996
2024-03-18,21150,21700,20700,21400,225670,-0.0046511627906976605
2024-03-19,21150,21200,20300,20300,236393,-0.051401869158878455
2024-03-20,20550,20700,19680,19710,255889,-0.029064039408867037
2024-03-21,20950,21200,20100,20400,398749,0.035007610350076046
2024-03-22,20700,20700,19220,19260,404605,-0.055882352941176494
2024-03-25,19260,19260,18250,18530,497209,-0.037902388369678075
2024-03-26,18600,19080,18210,18440,335975,-0.004856988667026441
2024-03-27,18330,19200,18250,19130,271651,0.037418655097613884
2024-03-28,19120,21250,18850,20850,712462,0.08991113434396247
2024-03-29,20850,20900,18860,18900,1042342,-0.09352517985611508
2024-04-01,19400,20150,19310,19630,615395,0.03862433862433856
2024-04-02,19700,19910,16750,16870,1108558,-0.14060112073357112
2024-04-03,17100,18300,16850,17950,575887,0.06401896858328393
2024-04-04,18150,18990,17300,18700,382081,0.04178272980501396
2024-04-05,18300,18600,17510,18030,296676,-0.03582887700534765
2024-04-08,18290,18290,17600,18100,142272,0.0038824181919023815
2024-04-09,18960,21300,18750,20200,1802373,0.11602209944751385
2024-04-11,19890,20450,19150,20200,425923,0.0
2024-04-12,20350,21750,19950,21400,616204,0.05940594059405946
2024-04-15,21150,23250,21000,22900,1182263,0.07009345794392519
2024-04-16,22350,22900,21300,21650,537808,-0.05458515283842791
2024-04-17,23900,28100,23300,28100,3953300,0.2979214780600461
2024-04-18,29650,30950,28200,30900,6810689,0.0996441281138789
2024-04-19,30350,30700,27850,29150,1607103,-0.05663430420711979
2024-04-22,28200,28450,26550,27450,1154120,-0.05831903945111494
2024-04-23,28050,29900,26600,27200,2402709,-0.00910746812386154
2024-04-24,27900,29050,27100,27350,995195,0.005514705882353033
2024-04-25,28400,31800,28100,29500,6008434,0.07861060329067637
2024-04-26,30400,32350,29550,30950,2394461,0.04915254237288136
2024-04-29,31800,32050,29800,31250,982290,0.009693053311793154
2024-04-30,31100,31150,28650,29300,1067201,-0.06240000000000001
2024-05-02,28600,29550,28150,29250,444594,-0.0017064846416382506
2024-05-03,29650,30100,27900,28350,466210,-0.03076923076923077
2024-05-07,29000,29350,27650,27700,545469,-0.022927689594356315
2024-05-08,27650,28000,26850,27300,308062,-0.014440433212996373
2024-05-09,27600,28100,26750,27250,349533,-0.001831501831501825
2024-05-10,27400,27400,25000,25350,681228,-0.06972477064220184
2024-05-13,25600,25700,24650,24800,334992,-0.021696252465483234
2024-05-14,24750,25700,24300,25400,497890,0.024193548387096753
2024-05-16,26900,29500,26700,28050,2329863,0.10433070866141736
2024-05-17,28200,28250,27150,27750,410159,-0.010695187165775444
2024-05-20,27700,27700,25950,26700,540688,-0.037837837837837784
2024-05-21,27650,27700,26300,27500,474424,0.029962546816479474
2024-05-22,28000,28000,26600,27400,381686,-0.0036363636363636598
2024-05-23,28100,28400,26300,26300,404744,-0.04014598540145986
2024-05-24,25950,25950,24200,24250,531903,-0.07794676806083645
2024-05-27,24100,25450,23800,25200,347754,0.039175257731958846
2024-05-28,25100,25600,24400,24700,228731,-0.019841269841269882
2024-05-29,25000,26000,24250,24400,295878,-0.012145748987854255
2024-05-30,24450,24650,23050,23200,319330,-0.049180327868852514
2024-05-31,22300,23450,22250,22450,291734,-0.032327586206896575
2024-06-03,22500,22700,21600,22400,282824,-0.00222717149220486
2024-06-04,22400,23150,21850,22700,219553,0.013392857142857206
2024-06-05,23200,23350,21700,22200,257701,-0.022026431718061623
2024-06-07,22000,23950,22000,23750,368651,0.06981981981981988
2024-06-10,23750,23750,22900,23200,201465,-0.023157894736842155
2024-06-11,23500,23500,22600,22900,111686,-0.012931034482758674
2024-06-12,23300,24400,23200,23750,321632,0.037117903930131035
2024-06-13,26000,26400,24500,24550,761779,0.03368421052631576
2024-06-14,24500,24900,22550,22850,448812,-0.06924643584521384
2024-06-17,23150,24750,23100,23900,420898,0.045951859956236296
2024-06-18,25300,27400,25250,25550,1418459,0.06903765690376562
2024-06-19,25400,26700,25150,25700,360673,0.005870841487279899
2024-06-20,26100,27150,25550,26200,508192,0.01945525291828787
2024-06-21,25800,26500,24700,26050,309634,-0.005725190839694694
2024-06-24,25500,26300,24800,25200,304142,-0.03262955854126681
2024-06-25,24100,24900,23550,24600,272449,-0.023809523809523836
2024-06-26,25150,27200,25150,27150,623376,0.10365853658536595
2024-06-27,26400,27000,25500,25800,340010,-0.04972375690607733
2024-06-28,25850,25900,24650,24850,289213,-0.036821705426356544
2024-07-01,25300,26400,24500,25000,474920,0.006036217303822866
2024-07-02,25100,25100,23950,24300,262110,-0.028000000000000025
2024-07-03,24400,24450,23650,23750,216996,-0.02263374485596703
2024-07-04,24200,26600,24000,24450,985120,0.02947368421052632
2024-07-05,24700,25250,24150,24300,322390,-0.006134969325153339
2024-07-08,24400,24550,23050,24000,259467,-0.012345679012345734
2024-07-09,24650,24750,24100,24250,177575,0.01041666666666674
2024-07-10,24200,24200,23200,23400,208584,-0.035051546391752564
2024-07-11,23600,23800,23050,23100,124683,-0.012820512820512775
2024-07-12,22400,22900,22200,22550,118134,-0.023809523809523836
2024-07-15,22600,22800,21750,22000,142741,-0.024390243902439046
2024-07-16,21950,22800,21100,22800,314902,0.036363636363636376
2024-07-17,22800,22800,21000,21000,210921,-0.07894736842105265
2024-07-18,20000,21000,19600,21000,197923,0.0
2024-07-19,20600,21850,20600,21450,107129,0.021428571428571352
2024-07-22,21400,21800,19600,19640,193404,-0.08438228438228434
2024-07-23,20000,20150,19120,19550,132224,-0.0045824847250509615
2024-07-24,19030,20200,19030,19640,144735,0.004603580562659859
2024-07-25,19000,19180,18340,18520,166714,-0.05702647657841142
2024-07-26,18510,19000,18340,18730,86213,0.011339092872570289
2024-07-29,18730,19150,18610,19070,62821,0.018152696209289942
2024-07-30,18750,19040,17780,18000,145217,-0.05610907184058733
2024-07-31,17810,19140,17510,19050,158043,0.05833333333333335
2024-08-01,19490,19780,18610,18700,113834,-0.018372703412073532
2024-08-02,17890,18030,16850,17050,211498,-0.08823529411764708
2024-08-05,16500,16690,13700,15300,282785,-0.1026392961876833
2024-08-06,15300,16290,15300,15680,205946,0.024836601307189454
2024-08-07,15380,16670,14930,16560,196261,0.05612244897959173
2024-08-08,16160,16700,15870,16390,102268,-0.010265700483091833
2024-08-09,16960,17250,16270,16510,100972,0.007321537522879895
2024-08-12,16460,17380,16460,17040,86321,0.03210175651120539
2024-08-13,17100,17230,16430,16930,55552,-0.006455399061032874
2024-08-14,17300,17870,17190,17210,120429,0.016538688718251704
2024-08-16,17900,19160,17770,18370,316537,0.06740267286461354
2024-08-19,18360,18360,17560,17630,139608,-0.04028307022319
2024-08-20,18000,18480,17620,17800,155423,0.0096426545660806
2024-08-21,17800,17900,17520,17650,88397,-0.008426966292134797
2024-08-22,17850,17900,17290,17390,83621,-0.014730878186968832
2024-08-23,17100,17470,16900,17370,48098,-0.0011500862564692849
2024-08-26,17400,17540,16780,16980,83606,-0.022452504317789335
2024-08-27,17080,17080,16520,16550,108153,-0.02532391048292104
2024-08-28,16580,16950,16210,16880,92032,0.01993957703927496
2024-08-29,16320,16320,15650,15820,160797,-0.0627962085308057
2024-08-30,15950,16180,15560,15820,98209,0.0
2024-09-02,15970,15970,15410,15460,66881,-0.022756005056890016
2024-09-03,15500,15530,15100,15100,50693,-0.023285899094437235
2024-09-04,14000,14530,13990,14390,134887,-0.047019867549668914
2024-09-05,14460,14930,14200,14220,81924,-0.011813759555246661
2024-09-06,13980,14460,13290,13450,130556,-0.05414908579465538
2024-09-09,13050,14400,12940,14340,143482,0.06617100371747209
2024-09-10,14350,14930,14350,14670,91847,0.023012552301255207
2024-09-11,14600,15070,14600,14910,87192,0.01635991820040905
2024-09-12,15380,16210,15270,15630,293284,0.048289738430583595
2024-09-13,15630,15630,14770,14870,102656,-0.04862444017914269
2024-09-19,14900,14900,14100,14420,55453,-0.030262273032952258
2024-09-20,14710,14950,14130,14140,90102,-0.01941747572815533
2024-09-23,14270,15090,14150,14930,78876,0.055869872701555856
2024-09-24,14840,15140,14640,15120,40679,0.012726054922973962
2024-09-25,15120,15360,14730,14740,63808,-0.025132275132275117
2024-09-26,15350,16910,15340,15960,1159524,0.0827679782903663
2024-09-27,15960,16170,15500,15610,142118,-0.021929824561403466
2024-09-30,15560,15560,15120,15210,69773,-0.025624599615631016
2024-10-02,14900,15210,14650,14840,64693,-0.024326101249178222
2024-10-04,14820,15880,14820,15610,115759,0.05188679245283012
2024-10-07,15670,15990,15390,15900,99862,0.018577834721332565
2024-10-08,15900,16010,15630,15920,55469,0.0012578616352201255
2024-10-10,16050,16310,15700,15960,94475,0.002512562814070307
2024-10-11,15660,15660,14120,14250,612168,-0.1071428571428571
2024-10-14,14440,14850,14010,14280,293164,0.002105263157894832
2024-10-15,14550,14700,13970,14140,166545,-0.009803921568627416
2024-10-16,13900,13940,13650,13750,96000,-0.02758132956152759
2024-10-17,13930,14040,13420,13610,156701,-0.01018181818181818
2024-10-18,13640,13640,12920,13010,173401,-0.04408523144746512
2024-10-21,13010,13900,12960,13790,119647,0.05995388162951576
2024-10-22,13790,13840,13350,13480,55995,-0.022480058013052973
2024-10-23,13350,13770,13070,13600,81202,0.008902077151335286
2024-10-24,13420,13510,13080,13460,109691,-0.010294117647058787
2024-10-25,13560,14100,13500,13820,111744,0.026745913818722045
2024-10-28,13700,14530,13700,14240,86662,0.03039073806078152
2024-10-29,14250,14340,13840,14220,78038,-0.001404494382022503
2024-10-30,14220,14450,13880,13880,49353,-0.023909985935302358
2024-10-31,13860,14550,13640,14140,102434,0.018731988472622474
2024-11-01,14010,14150,13770,13770,41541,-0.026166902404526127
2024-11-04,13760,14150,13480,13930,79058,0.01161946259985469
2024-11-05,13930,14530,13850,14080,73908,0.01076812634601576
2024-11-06,14140,14350,13300,13320,87345,-0.05397727272727271
2024-11-07,13480,13590,13180,13300,49512,-0.0015015015015015232
2024-11-08,13220,13940,13220,13400,48302,0.007518796992481258
2024-11-11,13400,13490,12210,12260,133535,-0.08507462686567169
2024-11-12,12260,12500,11550,11600,143364,-0.0538336052202284
2024-11-13,11310,11790,11200,11290,101642,-0.026724137931034453
2024-11-14,11170,11470,10950,10980,90880,-0.027457927369353374
2024-11-15,10820,11390,10820,11300,85595,0.02914389799635697
2024-11-18,11350,11440,10710,10780,85447,-0.046017699115044275
2024-11-19,10900,10990,10700,10920,57887,0.01298701298701288
2024-11-20,11030,11090,10650,10730,73206,-0.01739926739926745
2024-11-21,10720,10750,10450,10650,85404,-0.00745573159366264
2024-11-22,10790,11020,10590,10620,52124,-0.0028169014084507005
2024-11-25,10850,10930,10690,10850,33620,0.021657250470809686
2024-11-26,10850,10910,10650,10850,46868,0.0
2024-11-27,10850,10850,10000,10090,194197,-0.07004608294930881
2024-11-28,10090,10340,9990,10330,83727,0.02378592666005952
2024-11-29,10380,10380,9700,9850,129329,-0.046466602129719314
2024-12-02,9860,10140,9850,9860,98928,0.0010152284263960087
2024-12-03,9870,11180,9870,11140,280725,0.12981744421906694
2024-12-04,10900,11620,10760,11440,201019,0.026929982046678624
2024-12-05,11310,11700,10900,11440,109104,0.0
2024-12-06,11300,11300,10540,10820,82097,-0.054195804195804165
2024-12-09,10410,10620,10170,10180,82933,-0.05914972273567465
2024-12-10,10010,10910,10010,10790,43946,0.05992141453831046
2024-12-11,10860,11480,10780,11460,55540,0.062094531974050016
2024-12-12,11480,11890,11470,11750,64034,0.02530541012216414
2024-12-13,11860,12470,11610,12280,91714,0.04510638297872349
2024-12-16,12280,12950,12010,12750,122650,0.03827361563517906
2024-12-17,12850,13150,12250,13000,64788,0.019607843137254832
2024-12-18,13000,13120,12640,13030,31766,0.002307692307692344
2024-12-19,12870,13010,12500,12950,37461,-0.006139677666922472
2024-12-20,13090,13090,12480,12480,74390,-0.03629343629343629
2024-12-23,12630,13160,12630,13070,60545,0.04727564102564097
2024-12-24,13180,13380,12710,12900,59772,-0.013006885998469775
2024-12-26,13000,13000,12630,12800,28111,-0.007751937984496138
2024-12-27,12780,13380,12630,12750,66439,-0.00390625
2024-12-30,12820,12820,12340,12540,47685,-0.016470588235294126
2025-01-02,12530,12700,12340,12620,30124,0.006379585326953707
2025-01-03,12570,13690,12490,13390,102822,0.06101426307448499
2025-01-06,13500,13940,13500,13750,119308,0.026885735623599638
2025-01-07,13950,13950,12970,13050,120016,-0.050909090909090904
2025-01-08,12840,13480,12840,13420,126262,0.028352490421456045
2025-01-09,13340,13590,13180,13270,52044,-0.011177347242920965
2025-01-10,13290,13630,13110,13420,47050,0.01130369253956287
2025-01-13,13420,14250,13150,14020,476140,0.04470938897168408
2025-01-14,14080,14800,14080,14500,229777,0.0342368045649073
2025-01-15,14500,14960,14500,14800,116664,0.020689655172413834
2025-01-16,15050,16420,14940,16370,362722,0.10608108108108105
2025-01-17,16200,16790,15750,16610,184482,0.014660965180207652
2025-01-20,16500,16550,15820,16100,90615,-0.030704394942805524
2025-01-21,16100,16360,15340,15660,127913,-0.027329192546583836
2025-01-22,15730,19470,15710,18240,1224824,0.1647509578544062
2025-01-23,18280,18730,17870,18240,225661,0.0
2025-01-24,18280,19140,18090,18220,159568,-0.0010964912280702066
2025-01-31,16900,18250,16530,17160,254755,-0.05817782656421511
2025-02-03,16600,16760,15000,15870,164706,-0.07517482517482521
2025-02-04,15920,16650,15920,16090,91147,0.013862633900441068
2025-02-05,16020,16370,15730,15850,91340,-0.014916096954630254
2025-02-06,16250,17270,16020,17050,138840,0.0757097791798107
2025-02-07,17050,17300,16390,16930,71531,-0.007038123167155463
2025-02-10,16550,17080,15980,17070,106937,0.008269344359125741
2025-02-11,17110,18600,16770,18020,539613,0.05565319273579372
2025-02-12,18600,19000,17990,18340,259223,0.017758046614872347
2025-02-13,18340,18540,16900,17130,275607,-0.06597600872410037
2025-02-14,17220,18140,16880,17680,156740,0.0321074138937536
2025-02-17,17680,18250,17240,17640,109029,-0.002262443438914019
2025-02-18,17500,17840,17230,17430,86395,-0.011904761904761862
2025-02-19,17500,18390,17500,18380,214653,0.05450372920252433
2025-02-20,18400,18400,16840,17050,225875,-0.07236126224156691
2025-02-21,17050,17340,16760,17210,65565,0.009384164222873803
2025-02-24,16990,16990,16000,16000,225684,-0.0703079604880883
2025-02-25,15880,16440,15600,15880,130629,-0.007499999999999951
2025-02-26,15880,16090,15550,15550,58388,-0.020780856423173844
2025-02-27,15770,15990,15180,15210,67727,-0.021864951768488794
2025-02-28,14950,15050,14400,14690,115457,-0.03418803418803418
2025-03-04,14400,14670,14100,14510,46402,-0.012253233492171556
2025-03-05,14540,15120,14540,14870,86006,0.024810475534114307
2025-03-06,15190,15190,14060,14060,129619,-0.05447209145931409
2025-03-07,13800,14470,13720,13940,101036,-0.008534850640113834
2025-03-10,14010,14400,13650,13920,49758,-0.0014347202295552641
2025-03-11,13360,13910,13110,13910,102529,-0.0007183908045976795
2025-03-12,14040,14640,13810,14540,132117,0.04529115744069023
2025-03-13,14640,14800,13800,13800,80245,-0.050894085281980694
2025-03-14,13900,15280,13830,14710,162814,0.06594202898550727
2025-03-17,14850,15110,14560,14710,93339,0.0
2025-03-18,14710,14710,14310,14520,59809,-0.01291638341264445
2025-03-19,14510,15210,14370,15090,105528,0.03925619834710736
2025-03-20,15220,15550,14840,15220,77001,0.008614976805831676
2025-03-21,15110,15870,15060,15550,108851,0.021681997371879147
2025-03-24,15550,16200,15100,15800,90758,0.016077170418006492
2025-03-25,15990,15990,15120,15160,74627,-0.040506329113924044
2025-03-26,15110,16640,15110,16400,165153,0.08179419525065956
2025-03-27,16230,16580,15430,16430,194230,0.0018292682926828174
2025-03-28,16050,16240,15500,15690,94967,-0.04503956177723678
2025-03-31,15310,15380,14650,14650,59571,-0.06628425748884637
2025-04-01,15000,15490,14510,15390,68455,0.050511945392491375
2025-04-02,15410,15580,14990,15050,49074,-0.022092267706302793
2025-04-03,14600,14990,14530,14890,56359,-0.010631229235880446
2025-04-04,14320,14650,13170,13610,101663,-0.08596373404969782
2025-04-07,13150,13200,12400,12520,59466,-0.08008817046289496
2025-04-08,12980,13210,12330,12510,33051,-0.0007987220447284171
2025-04-09,12190,12510,12000,12300,47010,-0.016786570743405282
2025-04-10,13490,13520,13060,13400,57105,0.08943089430894302
2025-04-11,13150,13440,12510,13330,26216,-0.0052238805970149516
2025-04-14,13730,13900,13500,13780,28074,0.033758439609902435
2025-04-15,13900,14400,13770,13910,59464,0.009433962264151052
2025-04-16,13800,13900,13250,13340,50467,-0.040977713874910116
2025-04-17,13210,13620,13070,13620,16167,0.020989505247376306
2025-04-18,13850,13850,13420,13700,11588,0.005873715124816492
2025-04-21,13620,14000,13530,13650,40178,-0.0036496350364964014
2025-04-22,13400,13660,13000,13080,92877,-0.04175824175824172
2025-04-23,13550,13820,13240,13800,124951,0.05504587155963292
2025-04-24,13900,13950,13200,13330,97445,-0.034057971014492705
2025-04-25,13470,13800,13400,13600,58739,0.02025506376594155
2025-04-28,13600,13610,12910,12970,79337,-0.04632352941176465
2025-04-29,13090,13190,13000,13100,36909,0.010023130300693905
2025-04-30,13110,13110,12590,12750,71414,-0.026717557251908386
2025-05-02,12780,12920,12620,12810,28555,0.004705882352941115
2025-05-07,12760,13200,12710,13190,28626,0.029664324746291992
2025-05-08,13280,13550,13040,13120,63678,-0.005307050796057644
2025-05-09,13140,13250,12880,13070,31518,-0.003810975609756073
2025-05-12,13150,13520,12800,13500,59618,0.03289977046671777
2025-05-13,13710,13800,13220,13220,56250,-0.020740740740740726
2025-05-14,13440,13630,13300,13380,101503,0.012102874432677657
2025-05-15,13380,13530,13070,13160,63004,-0.01644245142002987
2025-05-16,12850,13120,12750,13030,75021,-0.009878419452887588
2025-05-19,13000,13000,12320,12420,51417,-0.046815042210283986
2025-05-20,12550,12930,12550,12850,45114,0.0346215780998389
2025-05-21,12850,12930,12540,12660,75410,-0.01478599221789878
2025-05-22,12680,12680,12000,12060,91505,-0.04739336492891
2025-05-23,12180,12180,11550,11790,125429,-0.02238805970149249
2025-05-26,11740,12240,11640,12120,72441,0.027989821882951738
2025-05-27,12130,12220,11850,11930,24809,-0.015676567656765727
2025-05-28,12210,12350,12100,12250,41333,0.026823134953897654
2025-05-29,12400,12470,12180,12470,48078,0.01795918367346938
2025-05-30,12450,12620,12210,12330,56399,-0.01122694466720131
2025-06-02,12330,12380,12110,12260,45203,-0.005677210056772131
2025-06-04,12450,12840,12410,12580,54202,0.02610114192495927
2025-06-05,12750,13120,12370,12840,102742,0.020667726550079424
2025-06-09,13200,14120,13100,13350,179429,0.03971962616822422
2025-06-10,13440,13560,13150,13430,50155,0.005992509363295984
2025-06-11,13600,14320,13500,14250,179556,0.06105733432613558
2025-06-12,14130,14400,13970,14000,79679,-0.01754385964912286
2025-06-13,14100,14190,13290,13420,81524,-0.04142857142857148
2025-06-16,13260,13610,13050,13530,48672,0.008196721311475308
2025-06-17,13780,14400,13480,13830,96600,0.022172949002217335
2025-06-18,13670,13800,13260,13530,92589,-0.021691973969631184
2025-06-19,13600,13620,13110,13210,58046,-0.023651145602365142
2025-06-20,13200,13410,13100,13410,37266,0.01514004542013625
2025-06-23,13050,13190,12580,13050,94604,-0.02684563758389258
2025-06-24,13320,14090,13300,13780,151443,0.0559386973180076
2025-06-25,14010,14190,13870,14120,71274,0.02467343976777947
2025-06-26,14400,15350,13480,14300,126019,0.012747875354107707
2025-06-27,14350,15600,12400,12830,808117,-0.10279720279720284
2025-06-30,12910,13230,12170,12260,171997,-0.044427123928293066
2025-07-01,12270,13430,12270,13290,230112,0.08401305057096242
2025-07-02,13290,13400,12560,12890,167090,-0.03009781790820165
2025-07-03,12950,13440,12840,13440,103190,0.0426687354538402
2025-07-04,13460,13800,13340,13460,80074,0.0014880952380953438
2025-07-07,13460,13590,13280,13450,44723,-0.0007429420505200568
2025-07-08,13430,14670,13140,14280,242357,0.06171003717472123
2025-07-09,14280,14280,13750,14080,169152,-0.014005602240896309
2025-07-10,14150,15100,14110,14800,186754,0.051136363636363535
2025-07-11,14800,15670,14710,15610,246193,0.05472972972972978
2025-07-14,15630,15810,14850,15100,143306,-0.03267136450992958
2025-07-15,15050,15440,14710,15290,87990,0.012582781456953684
2025-07-16,15330,15500,14950,15100,72450,-0.012426422498364897
2025-07-17,15100,15100,13630,14100,327252,-0.06622516556291391
2025-07-18,14110,14110,13590,13840,162413,-0.018439716312056764
2025-07-21,13740,13970,13720,13800,63830,-0.0028901734104046506
2025-07-22,13800,13990,13500,13550,97480,-0.018115942028985477
2025-07-23,13510,13510,13050,13350,119752,-0.014760147601476037
2025-07-24,13450,13650,13260,13370,54755,0.0014981273408238849
2025-07-25,13310,13550,13190,13240,68479,-0.00972326103216159
2025-07-28,13110,13470,12930,13440,97749,0.015105740181268867
2025-07-29,13440,13440,12950,13280,69628,-0.011904761904761862
2025-07-30,13220,13600,13200,13280,72598,0.0
2025-07-31,13430,13820,13260,13350,147640,0.005271084337349352
2025-08-01,13200,13350,12610,12640,138930,-0.05318352059925091
2025-08-04,12590,12840,12460,12690,75427,0.003955696202531556
2025-08-05,12790,13090,12720,12950,62062,0.02048857368006307
2025-08-06,12940,13010,12760,12880,51030,-0.00540540540540535
2025-08-07,13030,13180,12850,13040,62221,0.012422360248447228
2025-08-08,13040,13400,12820,12830,121854,-0.01610429447852757
2025-08-11,12910,12960,12610,12640,107380,-0.014809041309431059
2025-08-12,12640,12750,11480,12170,323613,-0.037183544303797444
2025-08-13,12230,12590,12230,12520,83294,0.028759244042728005
2025-08-14,12530,12670,12210,12450,44427,-0.005591054313099031
2025-08-18,12430,12430,11920,11950,108049,-0.04016064257028118
2025-08-19,11950,12090,11730,11810,54708,-0.011715481171548081
2025-08-20,11710,11790,11390,11760,53687,-0.0042337002540220325
2025-08-21,11770,11780,11100,11130,138004,-0.0535714285714286
2025-08-22,11300,11340,11070,11200,65224,0.0062893081761006275
2025-08-25,11260,11400,11250,11370,39128,0.015178571428571486
2025-08-26,11300,11650,11300,11600,45012,0.020228671943711474
