Date,Open,High,Low,Close,Volume,Change
2022-01-03,20122,20122,19265,19603,39562,-0.018180907542822755
2022-01-04,19576,19836,19369,19785,30653,0.009284293220425344
2022-01-05,19680,19680,19135,19447,17087,-0.017083649229214015
2022-01-06,19057,19239,18590,18668,52006,-0.040057592430709055
2022-01-07,18668,18953,18434,18721,32102,0.0028390829226483394
2022-01-10,18745,18979,18460,18980,33198,0.013834731050691662
2022-01-11,18979,19446,18797,19396,41310,0.021917808219177992
2022-01-12,19680,19758,19343,19629,36015,0.012012786141472498
2022-01-13,19836,20122,19576,19733,64091,0.005298283152478378
2022-01-14,19732,19914,19213,19214,65714,-0.026301119951350538
2022-01-17,19213,19940,19031,19551,41709,0.01753929426459866
2022-01-18,19628,19732,19135,19603,33336,0.002659710500741541
2022-01-19,19265,19576,19187,19214,18931,-0.019843901443656553
2022-01-20,19446,21290,19446,20720,247096,0.07838034766316238
2022-01-21,20771,20797,19914,19915,59547,-0.038851351351351315
2022-01-24,19784,20122,19317,19733,80573,-0.009138840070298748
2022-01-25,19732,20174,19525,19915,56709,0.009223128769066946
2022-01-26,19758,20095,19525,19733,80272,-0.009138840070298748
2022-01-27,20044,20044,18953,19058,63440,-0.034206658896265174
2022-01-28,19343,19654,18434,19629,86888,0.029961171161716926
2022-02-03,19836,20044,19109,19629,66015,0.0
2022-02-04,19680,19992,19525,19941,26255,0.015894849457435356
2022-02-07,20303,20303,19187,19291,61006,-0.03259615866807086
2022-02-08,19317,19628,19109,19343,15730,0.00269555751386652
2022-02-09,19343,19576,19317,19577,20685,0.01209739957607403
2022-02-10,19680,20148,19602,19811,38167,0.011952801757163956
2022-02-11,19732,20537,19602,20200,60567,0.01963555600424005
2022-02-14,19940,20200,19499,20097,31675,-0.0050990099009901035
2022-02-15,20095,20200,19446,19525,20381,-0.028461959496442257
2022-02-16,19784,19940,19628,19915,19140,0.019974391805377634
2022-02-17,19992,21134,19940,20746,171923,0.041727341200100465
2022-02-18,20589,21524,20122,20668,177220,-0.0037597609177673075
2022-02-21,20537,21108,20251,20823,83187,0.007499516160247799
2022-02-22,20719,21031,20200,20200,67233,-0.02991883974451326
2022-02-23,20511,20926,20303,20772,71874,0.028316831683168342
2022-02-24,20641,20771,19499,19992,100045,-0.037550548815713514
2022-02-25,20044,20641,19966,20512,81121,0.02601040416166467
2022-02-28,20356,20407,19992,20278,28818,-0.011407956318252754
2022-03-02,20251,20381,20044,20304,31824,0.0012821777295590753
2022-03-03,20511,21082,20407,20979,54032,0.0332446808510638
2022-03-04,20978,20978,20537,20979,43077,0.0
2022-03-07,20693,21862,20433,21551,137299,0.02726536059869389
2022-03-08,21160,22511,21031,21914,312568,0.016843765950535827
2022-03-10,21965,22095,21394,22018,81348,0.004745824587021996
2022-03-11,22017,22329,21627,22173,54378,0.007039694795167639
2022-03-14,22173,22173,21680,21862,32375,-0.014026067740044224
2022-03-15,21862,21913,21290,21524,36609,-0.015460616595005083
2022-03-16,21420,21680,20926,21317,41660,-0.009617171529455515
2022-03-17,21524,21835,21031,21680,52859,0.017028662569779973
2022-03-18,21680,21809,21472,21732,20246,0.0023985239852397644
2022-03-21,22822,22822,21212,21291,136775,-0.020292655991165143
2022-03-22,21290,21576,21186,21421,21402,0.006105866328495635
2022-03-23,21601,21601,21186,21343,34598,-0.003641286587927728
2022-03-24,21134,21731,21108,21680,34053,0.015789720282996855
2022-03-25,21680,21783,21394,21395,15246,-0.01314575645756455
2022-03-28,21446,21446,20823,20875,104877,-0.02430474409908856
2022-03-29,20875,20952,20356,20616,79178,-0.012407185628742545
2022-03-30,20745,21498,20381,21498,67771,0.0427823050058207
2022-03-31,21498,21550,20926,20979,61656,-0.024141780630756338
2022-04-01,20978,21031,20667,20772,42848,-0.009867009867009835
2022-04-04,20719,21005,20719,20902,14068,0.006258424802618956
2022-04-05,20875,21082,20823,20979,16430,0.003683858004018825
2022-04-06,20926,21031,20667,20772,19211,-0.009867009867009835
2022-04-07,20745,20978,20303,20564,50807,-0.010013479684190307
2022-04-08,20589,21005,20459,20720,24081,0.007586072748492434
2022-04-11,20719,20901,20537,20720,15485,0.0
2022-04-12,20485,20926,20381,20590,22600,-0.006274131274131234
2022-04-13,20589,21108,20589,21083,26788,0.023943661971830954
2022-04-14,21082,21212,20849,21005,27806,-0.0036996632357824133
2022-04-15,21082,21290,20771,21265,19495,0.012378005236848288
2022-04-18,21264,21264,20771,20875,17295,-0.01833999529743713
2022-04-19,21134,21134,20433,20746,54136,-0.006179640718562918
2022-04-20,20771,20797,20251,20382,76091,-0.017545550949580657
2022-04-21,20251,20771,20251,20408,32683,0.001275635364537342
2022-04-22,20459,20563,20277,20486,34582,0.0038220305762446394
2022-04-25,20459,20589,20122,20122,23636,-0.017768231963292025
2022-04-26,20148,20537,20148,20512,14964,0.019381771195706277
2022-04-27,19836,20407,19784,20097,15273,-0.020232059282371262
2022-04-28,20044,20407,19914,20174,20365,0.003831417624521105
2022-04-29,19992,20356,19914,20304,18165,0.006443937741647643
2022-05-02,20251,20693,20070,20668,22017,0.017927501970055104
2022-05-03,20667,20719,20407,20512,7970,-0.007547900135475127
2022-05-04,20511,20615,20200,20278,17804,-0.011407956318252754
2022-05-06,20226,20459,19992,20045,15530,-0.011490285037972225
2022-05-09,19992,20148,19213,20071,62871,0.0012970815664754554
2022-05-10,19525,19732,19317,19525,34060,-0.027203427831199223
2022-05-11,19628,19836,19473,19837,17416,0.01597951344430215
2022-05-12,19732,20356,19654,19915,32825,0.003932046176337245
2022-05-13,20018,20251,19810,20174,30271,0.01300527240773297
2022-05-16,20174,20589,19940,20434,34709,0.012887875483295286
2022-05-17,20200,20200,19265,19473,114788,-0.04702946070275027
2022-05-18,19576,19654,18694,19162,115778,-0.015970831407590036
2022-05-19,18694,18927,18304,18616,92334,-0.028493894165535938
2022-05-20,18590,18590,17240,17734,161121,-0.04737859905457675
2022-05-23,18175,18278,17707,17734,29026,0.0
2022-05-24,17863,17940,17318,17344,31018,-0.02199165444908091
2022-05-25,17473,17733,17084,17111,55506,-0.013434040590405871
2022-05-26,17395,17551,17110,17422,27467,0.0181754426976799
2022-05-27,17525,18045,17525,18045,26612,0.03575938468602913
2022-05-30,18175,18408,18045,18409,22959,0.020171792740371286
2022-05-31,18460,18460,17993,18435,20990,0.0014123526535934072
2022-06-02,18408,18408,17681,18253,53484,-0.00987252508814751
2022-06-03,18330,18330,17915,18071,27316,-0.009970963677203737
2022-06-07,17993,18175,17759,17837,22562,-0.012948923689889869
2022-06-08,18512,18824,17058,17215,277445,-0.034871334865728576
2022-06-09,17162,17681,16695,17500,122266,0.01655532965437123
2022-06-10,17499,17733,17188,17682,48381,0.010399999999999965
2022-06-13,17603,17603,16720,17033,85771,-0.03670399276099989
2022-06-14,16564,16876,15993,16643,130382,-0.022896729877296962
2022-06-15,16642,16695,16227,16435,45659,-0.012497746800456677
2022-06-16,16798,17032,16539,16617,35842,0.011073927593550303
2022-06-17,16383,16798,15993,16799,43147,0.010952638863814146
2022-06-20,16824,16824,15941,15942,53796,-0.05101494136555751
2022-06-21,16279,16305,15759,15968,44061,0.0016309120562036927
2022-06-22,16149,16149,15136,15137,61021,-0.05204158316633267
2022-06-23,14877,15318,14409,14566,98927,-0.03772213780802003
2022-06-24,14228,15552,14228,15553,63921,0.06776053823973638
2022-06-27,15604,15864,15396,15527,41919,-0.0016717032083842787
2022-06-28,15682,16045,15526,16020,39689,0.03175114316996197
2022-06-29,15941,16175,15682,15786,48580,-0.014606741573033655
2022-06-30,15967,15967,15500,15527,34075,-0.01640694286076272
2022-07-01,15759,15759,15422,15527,20732,0.0
2022-07-04,15682,15838,15422,15553,38211,0.0016745024795516983
2022-07-05,15552,16434,15552,16228,131692,0.043399987140744445
2022-07-06,16201,16201,15329,15435,131920,-0.04886615725905841
2022-07-07,15434,15593,15302,15435,21204,0.0
2022-07-08,15434,15540,15276,15382,45455,-0.0034337544541626075
2022-07-11,15382,15831,15276,15726,46094,0.022363801846313924
2022-07-12,15567,15699,15408,15541,16720,-0.011763957776929956
2022-07-13,15540,15804,15382,15805,27658,0.01698732385303381
2022-07-14,15804,16122,15699,16069,13712,0.01670357481809548
2022-07-15,15937,16174,15646,15805,34153,-0.016429149293671008
2022-07-18,15831,16042,15619,15911,37742,0.006706738373932319
2022-07-19,15857,15910,15699,15911,19448,0.0
2022-07-20,16016,16095,15831,15963,24380,0.0032681792470616866
2022-07-21,16095,16518,15831,16439,38046,0.029818956336528313
2022-07-22,16386,17364,16333,17259,108521,0.04988137964596384
2022-07-25,17364,17364,16782,17047,44702,-0.012283446317863156
2022-07-26,16888,17179,16544,16862,31317,-0.010852349386988869
2022-07-27,16862,16941,16333,16545,37396,-0.018799667892302252
2022-07-28,16544,16703,16386,16677,30619,0.007978241160471411
2022-07-29,16729,17020,16650,16915,37290,0.014271151885830724
2022-08-01,17020,17020,16412,16651,32348,-0.015607449009754637
2022-08-02,16465,16809,16465,16730,21958,0.004744459792204614
2022-08-03,16729,16809,16624,16783,20662,0.003167961745367709
2022-08-04,16782,17126,16624,17047,37178,0.01573020318179119
2022-08-05,17047,17284,16835,17047,28952,0.0
2022-08-08,16967,17126,16677,16783,27675,-0.01548659588197332
2022-08-09,16862,17575,16703,17364,79413,0.03461836382053263
2022-08-10,17311,17364,16914,17338,26941,-0.0014973508408200331
2022-08-11,17575,17575,17099,17364,34533,0.0014995962625445891
2022-08-12,17337,17839,17179,17629,64634,0.015261460492973944
2022-08-16,18236,18236,17602,17919,99423,0.01645016733790916
2022-08-17,18130,18950,17707,18950,285782,0.05753669289580898
2022-08-18,20350,20700,17000,17000,624822,-0.1029023746701847
2022-08-19,16800,17150,16650,17000,89183,0.0
2022-08-22,16450,17050,16250,17050,65015,0.002941176470588225
2022-08-23,16500,16850,16500,16750,38736,-0.017595307917888547
2022-08-24,16800,16900,16500,16800,23802,0.0029850746268655914
2022-08-25,16850,16850,16400,16400,35830,-0.023809523809523836
2022-08-26,16500,16600,16250,16250,18645,-0.009146341463414642
2022-08-29,16000,16000,15300,15400,38018,-0.05230769230769228
2022-08-30,14650,14850,13950,14800,208941,-0.038961038961038974
2022-08-31,14800,15000,14400,14900,61536,0.006756756756756799
2022-09-01,14750,14950,14500,14850,44117,-0.003355704697986628
2022-09-02,14900,15050,14450,14700,35715,-0.010101010101010055
2022-09-05,14300,14500,13950,14250,236189,-0.030612244897959218
2022-09-06,14200,14500,14050,14500,43000,0.01754385964912286
2022-09-07,14200,14550,13900,14250,137154,-0.017241379310344862
2022-09-08,14250,14400,13750,13900,110937,-0.024561403508771895
2022-09-13,14150,14250,13800,14050,49851,0.010791366906474753
2022-09-14,13650,14100,13600,13950,45879,-0.007117437722419906
2022-09-15,14000,14100,13400,13550,83577,-0.028673835125448077
2022-09-16,13500,13600,12950,13550,127890,0.0
2022-09-19,13650,13650,13150,13300,41480,-0.01845018450184499
2022-09-20,13400,13400,13100,13250,42220,-0.003759398496240629
2022-09-21,13150,13700,13050,13650,73318,0.030188679245283012
2022-09-22,13650,13700,13250,13700,32073,0.00366300366300365
2022-09-23,13550,13600,13150,13350,43459,-0.025547445255474477
2022-09-26,13050,13050,12300,12350,100361,-0.07490636704119846
2022-09-27,12250,12500,11700,11950,107718,-0.03238866396761131
2022-09-28,11950,12350,11500,11600,66630,-0.029288702928870314
2022-09-29,11800,12150,11600,11600,44960,0.0
2022-09-30,11500,11700,11000,11500,190937,-0.008620689655172376
2022-10-04,11800,11800,11350,11600,67848,0.008695652173912993
2022-10-05,11650,11850,11250,11650,52403,0.004310344827586299
2022-10-06,11550,11800,11500,11550,61136,-0.008583690987124415
2022-10-07,11550,11700,11400,11700,33819,0.01298701298701288
2022-10-11,11600,11750,11100,11750,64448,0.004273504273504258
2022-10-12,11750,12400,11450,12200,66080,0.038297872340425476
2022-10-13,12250,12250,11500,11500,61462,-0.05737704918032782
2022-10-14,11850,12250,11700,12150,29967,0.05652173913043468
2022-10-17,11800,12050,11450,12050,14914,-0.008230452674897082
2022-10-18,12200,12750,11900,12000,103638,-0.004149377593360981
2022-10-19,12150,12200,11800,12100,60249,0.008333333333333304
2022-10-20,12050,12200,11750,11750,18986,-0.02892561983471076
2022-10-21,11750,11900,11350,11450,53102,-0.025531914893617058
2022-10-24,11500,11700,11450,11650,34841,0.017467248908296984
2022-10-25,11650,11800,11600,11650,14503,0.0
2022-10-26,11700,11750,11500,11550,18400,-0.008583690987124415
2022-10-27,11550,11850,11550,11700,18950,0.01298701298701288
2022-10-28,11900,11900,11400,11800,22976,0.008547008547008517
2022-10-31,11800,12100,11650,11900,17050,0.008474576271186418
2022-11-01,11800,12200,11700,12150,21128,0.021008403361344463
2022-11-02,12150,12250,11950,12150,13744,0.0
2022-11-03,12000,12150,11800,12050,26482,-0.008230452674897082
2022-11-04,11950,12000,11100,11250,240252,-0.06639004149377592
2022-11-07,11350,11350,11000,11050,216023,-0.01777777777777778
2022-11-08,11100,11350,10950,11300,239771,0.02262443438914019
2022-11-09,11350,11550,11250,11400,78830,0.008849557522123908
2022-11-10,11350,11550,11200,11250,72359,-0.013157894736842146
2022-11-11,11800,11800,11450,11650,85742,0.03555555555555556
2022-11-14,11650,12150,11600,12150,120290,0.0429184549356223
2022-11-15,11450,11550,10200,10350,1292762,-0.14814814814814814
2022-11-16,10500,10550,10200,10400,349145,0.004830917874396157
2022-11-17,10400,10450,10250,10350,155213,-0.004807692307692291
2022-11-18,10350,10450,10250,10300,184534,-0.004830917874396157
2022-11-21,10300,10300,9970,9980,267964,-0.031067961165048508
2022-11-22,9980,10100,9940,9970,138799,-0.0010020040080159776
2022-11-23,9970,10050,9800,9800,292457,-0.017051153460381108
2022-11-24,9800,10150,9800,10000,211688,0.020408163265306145
2022-11-25,10100,10150,9960,9960,132658,-0.0040000000000000036
2022-11-28,9970,9970,9720,9760,129038,-0.02008032128514059
2022-11-29,9700,9990,9700,9990,84559,0.023565573770491843
2022-11-30,10000,10200,9940,9940,128483,-0.005005005005005003
2022-12-01,10000,10400,9990,10300,228566,0.03621730382293764
2022-12-02,10300,10300,10100,10200,70916,-0.009708737864077666
2022-12-05,10150,10300,10000,10200,107238,0.0
2022-12-06,10100,10300,10000,10050,80793,-0.014705882352941124
2022-12-07,10000,10150,9980,10050,54289,0.0
2022-12-08,10050,10100,9900,9960,112214,-0.008955223880596996
2022-12-09,9960,10150,9950,10150,59320,0.01907630522088355
2022-12-12,10100,10500,10100,10250,157052,0.009852216748768461
2022-12-13,10200,10300,10150,10300,97472,0.004878048780487809
2022-12-14,10350,10550,10250,10300,154819,0.0
2022-12-15,10300,10350,10100,10150,97429,-0.014563106796116498
2022-12-16,10000,10250,10000,10100,158274,-0.0049261083743842304
2022-12-19,10000,10300,10000,10100,89498,0.0
2022-12-20,10050,10600,10000,10300,455396,0.01980198019801982
2022-12-21,10350,10500,10150,10250,203377,-0.004854368932038833
2022-12-22,10300,10550,10300,10450,149917,0.019512195121951237
2022-12-23,10350,10350,10050,10100,123553,-0.03349282296650713
2022-12-26,10100,10200,9920,9980,187484,-0.011881188118811892
2022-12-27,9910,10350,9910,10350,122485,0.03707414829659328
2022-12-28,10300,10600,10300,10450,235344,0.009661835748792313
2022-12-29,10450,10450,9940,10150,209076,-0.028708133971291905
2023-01-02,10050,10250,9730,9800,268066,-0.03448275862068961
2023-01-03,9730,9840,9500,9630,129749,-0.01734693877551019
2023-01-04,9520,9720,9520,9540,195032,-0.009345794392523366
2023-01-05,9570,9640,9510,9530,97174,-0.0010482180293500676
2023-01-06,9500,9750,9440,9690,74456,0.016789087093389332
2023-01-09,9750,9910,9680,9760,311413,0.007223942208462342
2023-01-10,9760,9790,9700,9740,57380,-0.002049180327868827
2023-01-11,9760,9980,9760,9900,138048,0.01642710472279263
2023-01-12,9910,9990,9810,9890,70012,-0.0010101010101010166
2023-01-13,9890,10050,9890,10000,74482,0.011122345803842304
2023-01-16,10050,10200,9960,10000,137175,0.0
2023-01-17,10050,10200,9950,10050,120466,0.004999999999999893
2023-01-18,10100,10200,9950,10150,99442,0.00995024875621886
2023-01-19,10100,10300,10000,10150,86306,0.0
2023-01-20,10200,10250,10000,10150,57753,0.0
2023-01-25,10300,10370,10200,10300,101857,0.014778325123152802
2023-01-26,10300,10850,10300,10730,337476,0.04174757281553387
2023-01-27,10730,10950,10610,10840,168741,0.010251630941286116
2023-01-30,10840,10980,10590,10720,125077,-0.011070110701106972
2023-01-31,10610,11050,10570,10710,184113,-0.000932835820895539
2023-02-01,10710,11050,10710,10850,127050,0.013071895424836555
2023-02-02,10920,10970,10710,10780,198145,-0.006451612903225823
2023-02-03,10900,10920,10580,10710,155658,-0.00649350649350644
2023-02-06,10690,10700,10390,10550,96281,-0.014939309056956063
2023-02-07,10550,10640,10430,10600,139225,0.004739336492890933
2023-02-08,10690,10700,10430,10700,159589,0.009433962264151052
2023-02-09,10610,10700,10430,10570,168380,-0.012149532710280408
2023-02-10,10590,10590,10250,10340,146960,-0.021759697256386046
2023-02-13,10340,10500,10240,10460,193057,0.011605415860735047
2023-02-14,10550,10620,10380,10550,79852,0.008604206500955947
2023-02-15,10620,10620,10090,10090,140430,-0.04360189573459716
2023-02-16,10120,10280,10120,10220,53571,0.012884043607532147
2023-02-17,10210,10210,10050,10100,71859,-0.011741682974559686
2023-02-20,10100,10270,10050,10220,88544,0.011881188118811892
2023-02-21,10280,10310,10130,10130,75855,-0.008806262230919737
2023-02-22,10030,10110,9850,9940,150484,-0.01875616979269501
2023-02-23,9990,10050,9930,10000,47741,0.006036217303822866
2023-02-24,10010,10060,9890,9970,73916,-0.0030000000000000027
2023-02-27,9950,9980,9850,9880,63192,-0.009027081243731194
2023-02-28,9880,10050,9880,9970,31875,0.009109311740890691
2023-03-02,10000,10020,9940,9960,46545,-0.0010030090270812808
2023-03-03,10010,10020,9920,9990,42420,0.003012048192771122
2023-03-06,9990,10030,9930,9970,62828,-0.002002002002001957
2023-03-07,9970,9970,9770,9890,74512,-0.008024072216649913
2023-03-08,9830,9880,9740,9740,62692,-0.015166835187057637
2023-03-09,9840,9840,9700,9750,35301,0.0010266940451746365
2023-03-10,9730,10290,9630,9700,64102,-0.00512820512820511
2023-03-13,9590,9640,9420,9520,81768,-0.01855670103092788
2023-03-14,9520,9520,9050,9100,127575,-0.044117647058823484
2023-03-15,9200,9360,9030,9100,99604,0.0
2023-03-16,8920,9080,8840,8950,58461,-0.016483516483516536
2023-03-17,8970,9140,8940,9110,60712,0.01787709497206702
2023-03-20,9110,9190,8960,9020,66065,-0.009879253567508184
2023-03-21,8970,9050,8950,8950,56594,-0.0077605321507761005
2023-03-22,8950,9000,8750,8890,106160,-0.006703910614525133
2023-03-23,8860,8860,8670,8680,92683,-0.023622047244094446
2023-03-24,8720,8800,8650,8710,49556,0.003456221198156584
2023-03-27,8720,8800,8500,8570,95263,-0.016073478760045945
2023-03-28,8510,8800,8510,8760,66157,0.022170361726954413
2023-03-29,8760,8860,8760,8780,54475,0.0022831050228311334
2023-03-30,8840,8910,8810,8840,62693,0.006833712984054774
2023-03-31,8810,8950,8750,8850,48661,0.0011312217194570096
2023-04-03,8850,8880,8600,8700,96869,-0.016949152542372836
2023-04-04,8710,8910,8620,8890,112348,0.02183908045977012
2023-04-05,8980,9150,8910,9070,98232,0.020247469066366763
2023-04-06,9130,9130,8900,8930,70657,-0.015435501653803696
2023-04-07,9050,9180,8820,8900,99499,-0.0033594624860022737
2023-04-10,8980,8980,8700,8810,97502,-0.010112359550561778
2023-04-11,8810,9030,8700,9020,89113,0.023836549375709337
2023-04-12,8980,9350,8950,9320,159111,0.03325942350332589
2023-04-13,9420,9420,9100,9180,87303,-0.015021459227467782
2023-04-14,9200,9420,9140,9280,101315,0.01089324618736387
2023-04-17,9360,9360,9060,9110,84090,-0.018318965517241326
2023-04-18,9110,9220,9010,9110,81760,0.0
2023-04-19,9200,9250,9050,9180,96143,0.007683863885839637
2023-04-20,9140,9140,8840,8930,127079,-0.027233115468409563
2023-04-21,8830,8990,8740,8870,84159,-0.006718924972004436
2023-04-24,8930,8970,8710,8770,87661,-0.011273957158962844
2023-04-25,8670,8850,8550,8680,77125,-0.010262257696693311
2023-04-26,8670,8840,8550,8700,56909,0.0023041474654377225
2023-04-27,8790,8790,8540,8640,66336,-0.006896551724137945
2023-04-28,8660,8700,8570,8680,38791,0.004629629629629539
2023-05-02,8700,8820,8640,8770,34043,0.010368663594469973
2023-05-03,8800,8930,8770,8860,34736,0.010262257696693311
2023-05-04,8830,8900,8770,8860,30354,0.0
2023-05-08,8900,8970,8870,8910,26475,0.0056433408577878375
2023-05-09,8800,9190,8780,9050,95062,0.015712682379348974
2023-05-10,8960,9180,8960,9060,81672,0.0011049723756906271
2023-05-11,9000,9120,9000,9040,35820,-0.002207505518763808
2023-05-12,8990,9100,8860,8950,50449,-0.009955752212389424
2023-05-15,9010,9340,8910,9120,81955,0.018994413407821265
2023-05-16,9120,9140,8780,8850,83089,-0.02960526315789469
2023-05-17,8840,8920,8750,8780,34364,-0.00790960451977396
2023-05-18,8820,8890,8690,8740,52194,-0.004555808656036442
2023-05-19,8740,8810,8700,8800,46012,0.006864988558352492
2023-05-22,8840,8880,8770,8850,69223,0.005681818181818121
2023-05-23,8870,8870,8790,8860,38432,0.001129943502824915
2023-05-24,8810,8900,8790,8900,39940,0.004514672686230181
2023-05-25,8900,8910,8700,8760,55969,-0.01573033707865168
2023-05-26,8760,8770,8590,8600,79707,-0.0182648401826484
2023-05-30,8620,8680,8560,8610,34905,0.0011627906976743319
2023-05-31,8620,8620,8510,8560,57137,-0.005807200929152101
2023-06-01,8560,8580,8500,8550,49407,-0.001168224299065379
2023-06-02,8570,8800,8530,8730,80197,0.021052631578947434
2023-06-05,8790,8790,8650,8680,18237,-0.00572737686139746
2023-06-07,8740,8740,8600,8630,39066,-0.005760368663594417
2023-06-08,8630,8630,8530,8560,45070,-0.008111239860950192
2023-06-09,8580,8610,8530,8540,34660,-0.002336448598130869
2023-06-12,8560,8580,8410,8440,80869,-0.011709601873536313
2023-06-13,8440,8480,8320,8370,107612,-0.008293838862559189
2023-06-14,8370,8400,8220,8300,83389,-0.008363201911589013
2023-06-15,8350,8400,8170,8280,78857,-0.002409638554216831
2023-06-16,8210,8280,8160,8170,62513,-0.01328502415458932
2023-06-19,8190,8200,8070,8100,57093,-0.008567931456548328
2023-06-20,8100,8160,8010,8020,68790,-0.00987654320987652
2023-06-21,8020,8210,8000,8020,55645,0.0
2023-06-22,7990,8100,7950,8050,56604,0.0037406483790523026
2023-06-23,8040,8070,7940,7970,56021,-0.009937888198757738
2023-06-26,7960,7970,7820,7820,84672,-0.01882057716436636
2023-06-27,7890,7900,7720,7780,67474,-0.005115089514066473
2023-06-28,7800,8060,7800,8020,77308,0.03084832904884327
2023-06-29,8040,8120,7890,7920,63705,-0.012468827930174564
2023-06-30,7920,8050,7820,7860,41817,-0.007575757575757569
2023-07-03,7870,8030,7860,7890,46721,0.003816793893129722
2023-07-04,7870,8000,7850,7870,50293,-0.0025348542458808465
2023-07-05,7980,8080,7880,7960,53113,0.011435832274459878
2023-07-06,7900,7970,7790,7840,41752,-0.015075376884422065
2023-07-07,7810,7960,7800,7850,31660,0.0012755102040815647
2023-07-10,7800,8030,7800,7850,31636,0.0
2023-07-11,7850,8000,7830,7990,48035,0.017834394904458595
2023-07-12,7970,8420,7960,8350,135632,0.04505632040050056
2023-07-13,8390,8400,8230,8320,47877,-0.003592814371257469
2023-07-14,8280,8400,8230,8330,29861,0.0012019230769231282
2023-07-17,8300,8330,8170,8240,52576,-0.010804321728691502
2023-07-18,8220,8320,8200,8230,45009,-0.0012135922330097637
2023-07-19,8210,8290,7660,8110,47656,-0.014580801944106936
2023-07-20,8030,8190,7990,8120,17528,0.0012330456226881115
2023-07-21,8110,8220,8080,8170,26753,0.006157635467980205
2023-07-24,8170,8170,7780,7860,78847,-0.03794369645042839
2023-07-25,7880,7990,7740,7850,44056,-0.0012722646310432406
2023-07-26,8130,8130,7470,7780,113092,-0.008917197452229297
2023-07-27,7690,7990,7680,7990,41131,0.02699228791773778
2023-07-28,7860,8280,7860,8160,56468,0.02127659574468077
2023-07-31,8270,8270,8020,8120,28701,-0.004901960784313708
2023-08-01,8070,8270,8070,8220,49020,0.012315270935960632
2023-08-02,8220,8260,8000,8120,75616,-0.012165450121654486
2023-08-03,8030,8250,7970,8220,67059,0.012315270935960632
2023-08-04,8290,8290,8110,8160,16002,-0.007299270072992692
2023-08-07,8200,8330,8090,8220,39326,0.007352941176470562
2023-08-08,8230,8300,8100,8200,23284,-0.0024330900243308973
2023-08-09,8270,8270,8100,8200,21950,0.0
2023-08-10,8160,8760,8160,8760,295515,0.06829268292682933
2023-08-11,8830,8970,8640,8760,198412,0.0
2023-08-14,8900,9670,8870,9570,763422,0.09246575342465757
2023-08-16,9580,10420,9280,10330,1007608,0.07941483803552774
2023-08-17,10290,10340,9800,10100,512007,-0.022265246853823806
2023-08-18,10300,10800,9960,10440,599912,0.03366336633663369
2023-08-21,10550,10950,10320,10730,564102,0.02777777777777768
2023-08-22,10730,12300,10500,11660,2343554,0.0866728797763281
2023-08-23,11570,12680,11570,12330,1626311,0.05746140651801035
2023-08-24,12490,12650,11900,12100,689924,-0.018653690186536953
2023-08-25,12240,12680,12100,12550,589937,0.037190082644628086
2023-08-28,12740,12850,12160,12580,557047,0.0023904382470119057
2023-08-29,12650,13200,12250,12370,648029,-0.01669316375198726
2023-08-30,12810,12900,11960,12180,766207,-0.015359741309620034
2023-08-31,12100,12470,12000,12200,497245,0.0016420361247948545
2023-09-01,12130,12260,11700,11760,400630,-0.0360655737704918
2023-09-04,11810,11830,11190,11490,687822,-0.022959183673469385
2023-09-05,11420,11790,10990,11650,553063,0.013925152306353272
2023-09-06,11690,11870,11350,11590,328531,-0.0051502145922747156
2023-09-07,11590,11710,11210,11460,258928,-0.011216566005176842
2023-09-08,11460,12180,11410,12000,467879,0.04712041884816753
2023-09-11,11990,11990,11540,11660,460792,-0.02833333333333332
2023-09-12,11850,11850,11350,11490,216992,-0.014579759862778707
2023-09-13,11360,11490,11170,11280,156956,-0.018276762402088753
2023-09-14,11250,11370,10900,11320,209004,0.0035460992907800915
2023-09-15,11300,11800,11270,11330,194815,0.0008833922261484162
2023-09-18,11280,11750,11240,11480,195982,0.013239187996469504
2023-09-19,11350,11480,11150,11330,144812,-0.013066202090592283
2023-09-20,11450,11450,11130,11230,84742,-0.008826125330979706
2023-09-21,11120,11280,10910,10990,124091,-0.021371326803205748
2023-09-22,10880,11120,10550,10940,84402,-0.0045495905368516665
2023-09-25,11210,11310,10870,10870,73990,-0.006398537477148025
2023-09-26,10800,10980,10620,10790,70361,-0.007359705611775569
2023-09-27,10580,11140,10580,10890,93655,0.009267840593141896
2023-10-04,10850,10850,10400,10580,124372,-0.02846648301193755
2023-10-05,10700,10850,10400,10640,102626,0.005671077504725952
2023-10-06,10500,11050,10500,11040,69908,0.03759398496240607
2023-10-10,11040,11170,10620,10810,104741,-0.02083333333333337
2023-10-11,10900,11450,10900,11450,179701,0.059204440333024966
2023-10-12,11550,11560,11200,11420,130725,-0.0026200873362445254
2023-10-13,11400,11490,11020,11190,113535,-0.020140105078809145
2023-10-16,11060,11140,10600,10850,87030,-0.030384271671134888
2023-10-17,10750,11150,10750,10980,60020,0.011981566820276512
2023-10-18,10980,11000,10600,10740,78159,-0.021857923497267784
2023-10-19,10520,10550,10070,10280,166117,-0.04283054003724396
2023-10-20,9870,10330,9770,10330,250784,0.004863813229571967
2023-10-23,10110,10320,9960,10240,65133,-0.00871248789932233
2023-10-24,10180,10580,9990,10580,89642,0.033203125
2023-10-25,10790,10850,10470,10660,117933,0.007561436672967936
2023-10-26,10510,10790,10410,10660,138851,0.0
2023-10-27,10800,11420,10570,11400,356584,0.06941838649155718
2023-10-30,11610,13420,11550,13390,3011941,0.17456140350877192
2023-10-31,13250,13880,12560,12560,1134757,-0.06198655713218815
2023-11-01,12650,13570,12650,13340,916806,0.06210191082802541
2023-11-02,13320,13390,12990,13090,351259,-0.01874062968515744
2023-11-03,13070,13290,12760,13010,425285,-0.006111535523300238
2023-11-06,13070,13180,12220,12340,652163,-0.05149884704073793
2023-11-07,12340,12550,11800,12040,374818,-0.024311183144246407
2023-11-08,12020,12290,11810,12210,309534,0.014119601328903553
2023-11-09,12200,12330,11900,12010,191202,-0.016380016380016404
2023-11-10,11930,12570,11850,12450,350920,0.03663613655287268
2023-11-13,12630,12740,12310,12310,305235,-0.011244979919678766
2023-11-14,12480,12660,11640,11870,552698,-0.035743298131600376
2023-11-15,11820,12150,11570,11570,400846,-0.02527379949452402
2023-11-16,11670,12110,11430,12060,217094,0.04235090751944681
2023-11-17,12060,12060,11130,11140,489644,-0.07628524046434493
2023-11-20,11160,11290,10940,11030,291637,-0.009874326750448859
2023-11-21,11010,11260,10950,11100,184648,0.006346328195829587
2023-11-22,11100,11200,11010,11160,134768,0.00540540540540535
2023-11-23,11160,11160,10950,11120,131856,-0.0035842293906810374
2023-11-24,11150,11160,10770,11030,207427,-0.008093525179856065
2023-11-27,11100,11110,10810,10860,94919,-0.015412511332728918
2023-11-28,10810,10960,10570,10880,168930,0.0018416206261511192
2023-11-29,10770,10910,10680,10790,118424,-0.008272058823529438
2023-11-30,10840,11000,10620,10990,138804,0.01853568118628357
2023-12-01,11120,11120,10770,10870,141965,-0.010919017288444022
2023-12-04,10870,11140,10620,11030,164945,0.014719411223551138
2023-12-05,11170,11790,11100,11780,502712,0.06799637352674526
2023-12-06,11770,12090,11550,11800,268257,0.001697792869269854
2023-12-07,11940,12240,11450,11550,188726,-0.021186440677966156
2023-12-08,11450,11690,11370,11660,128946,0.00952380952380949
2023-12-11,11860,13450,11780,12800,1323938,0.097770154373928
2023-12-12,12800,13110,12320,12730,601338,-0.005468750000000022
2023-12-13,12800,13000,12280,12280,325527,-0.0353495679497251
2023-12-14,12400,12630,11960,12190,252013,-0.007328990228013033
2023-12-15,12190,12230,11580,11690,416659,-0.04101722723543888
2023-12-18,11770,12100,11690,11950,220072,0.022241231822070162
2023-12-19,12140,12650,11950,12580,363158,0.05271966527196659
2023-12-20,12580,12590,12350,12410,140863,-0.013513513513513487
2023-12-21,12330,12440,12100,12100,112415,-0.02497985495568089
2023-12-22,12300,12300,11960,12030,94334,-0.005785123966942196
2023-12-26,12000,12370,11860,12180,111679,0.012468827930174564
2023-12-27,12180,12180,11850,11900,110290,-0.02298850574712641
2023-12-28,11860,12220,11860,12140,66644,0.020168067226890685
2024-01-02,12150,12800,12150,12470,267666,0.027182866556836993
2024-01-03,12450,12720,12330,12590,104671,0.009623095429029727
2024-01-04,12590,12590,12150,12220,144859,-0.02938840349483718
2024-01-05,12170,12700,12110,12250,176635,0.002454991816693841
2024-01-08,12370,12380,11910,12210,155579,-0.0032653061224490187
2024-01-09,12250,12630,12190,12610,145927,0.03276003276003281
2024-01-10,12610,13230,12560,12900,505209,0.022997620935765184
2024-01-11,13000,13010,12560,12560,144428,-0.02635658914728678
2024-01-12,12650,12650,12060,12200,179127,-0.0286624203821656
2024-01-15,12210,12430,12050,12130,97207,-0.0057377049180328266
2024-01-16,12140,12160,11600,11830,284011,-0.024732069249793875
2024-01-17,11720,11840,11470,11480,126359,-0.029585798816568087
2024-01-18,11480,11830,11480,11790,108579,0.027003484320557547
2024-01-19,11870,12050,11590,11720,74619,-0.00593723494486853
2024-01-22,11750,11840,10940,11060,215938,-0.05631399317406138
2024-01-23,10910,11230,10910,11100,71685,0.003616636528029016
2024-01-24,11320,11320,11030,11100,54972,0.0
2024-01-25,11080,11350,10930,11230,84527,0.011711711711711814
2024-01-26,11290,11300,11000,11000,71752,-0.02048085485307216
2024-01-29,11010,11080,10720,10870,110553,-0.011818181818181839
2024-01-30,10930,10930,10590,10850,161789,-0.0018399264029438367
2024-01-31,10720,10850,10530,10610,107570,-0.022119815668202758
2024-02-01,10660,10700,10150,10400,278986,-0.01979264844486328
2024-02-02,10370,10600,10350,10400,164961,0.0
2024-02-05,10490,10700,10390,10490,89083,0.008653846153846123
2024-02-06,10490,10820,10280,10670,131000,0.01715919923736897
2024-02-07,10610,10760,10600,10600,56690,-0.006560449859418949
2024-02-08,10660,10690,10500,10620,62686,0.0018867924528302993
2024-02-13,10600,10950,10370,10380,205521,-0.02259887005649719
2024-02-14,10370,10650,10180,10570,76870,0.018304431599229343
2024-02-15,10570,10770,10260,10410,148545,-0.015137180700094621
2024-02-16,10420,10510,10110,10350,128121,-0.0057636887608069065
2024-02-19,10350,10410,10240,10270,53016,-0.007729468599033784
2024-02-20,10360,10450,10180,10290,73225,0.0019474196689386325
2024-02-21,10340,10340,10150,10230,63605,-0.005830903790087438
2024-02-22,10250,10300,10160,10210,80606,-0.0019550342130987275
2024-02-23,10210,10250,10030,10170,110367,-0.003917727717923647
2024-02-26,10050,10300,10050,10200,47698,0.002949852507374562
2024-02-27,10200,10250,10000,10020,59400,-0.01764705882352946
2024-02-28,10030,10190,9970,10150,95512,0.012974051896207595
2024-02-29,10150,10410,10040,10200,61465,0.0049261083743843415
2024-03-04,10290,10290,9950,9960,98386,-0.02352941176470591
2024-03-05,9940,10110,9890,9950,81980,-0.0010040160642570406
2024-03-06,9780,9950,9590,9750,177001,-0.02010050251256279
2024-03-07,9750,9760,9450,9670,159857,-0.008205128205128198
2024-03-08,9800,9800,9350,9430,212484,-0.024819027921406445
2024-03-11,9430,9920,9400,9680,133791,0.026511134676564074
2024-03-12,9810,9860,9520,9810,79417,0.013429752066115741
2024-03-13,9890,9890,9660,9830,67371,0.0020387359836901986
2024-03-14,9890,9890,9660,9700,50628,-0.01322482197355035
2024-03-15,9620,9770,9570,9590,53112,-0.01134020618556697
2024-03-18,9510,9650,9410,9550,62552,-0.004171011470281538
2024-03-19,9520,9590,9410,9580,60646,0.003141361256544517
2024-03-20,9620,9700,9500,9520,57410,-0.006263048016701411
2024-03-21,9690,9770,9500,9560,58852,0.004201680672268893
2024-03-22,9600,10060,9600,9920,117748,0.03765690376569042
2024-03-25,10080,10100,9930,9980,107232,0.006048387096774244
2024-03-26,10050,10050,9710,9750,121964,-0.023046092184368705
2024-03-27,9750,10010,9680,9980,100517,0.02358974358974364
2024-03-28,9980,10200,9890,10050,146646,0.007014028056112176
2024-03-29,10080,10090,9830,9850,78783,-0.01990049751243783
2024-04-01,9890,10260,9890,10250,118771,0.04060913705583746
2024-04-02,10290,10290,9920,10060,98453,-0.018536585365853675
2024-04-03,9950,10140,9840,10030,87575,-0.0029821073558647937
2024-04-04,10030,10040,9770,9820,117850,-0.02093718843469594
2024-04-05,9710,10030,9700,9890,74495,0.007128309572301372
2024-04-08,9950,9950,9670,9740,60695,-0.015166835187057637
2024-04-09,9670,9790,9560,9620,51715,-0.012320328542094416
2024-04-11,9590,9780,9390,9540,65415,-0.008316008316008316
2024-04-12,9620,9700,9220,9540,48407,0.0
2024-04-15,9420,9530,9190,9290,70258,-0.026205450733752578
2024-04-16,9290,9320,9050,9150,65359,-0.015069967707212029
2024-04-17,9110,9450,9110,9450,73984,0.032786885245901676
2024-04-18,9270,9690,9230,9540,88473,0.00952380952380949
2024-04-19,9490,9600,9150,9440,74161,-0.010482180293501009
2024-04-22,9560,9660,9420,9590,53911,0.01588983050847448
2024-04-23,9680,9790,9580,9580,53465,-0.0010427528675703845
2024-04-24,9720,9790,9650,9680,31287,0.010438413361169019
2024-04-25,9610,9740,9450,9530,18322,-0.015495867768595017
2024-04-26,9690,9690,9390,9460,47469,-0.007345225603357819
2024-04-29,9490,9690,9490,9630,41936,0.017970401691332016
2024-04-30,9640,10670,9640,10390,484728,0.07892004153686405
2024-05-02,10380,10580,10300,10390,173557,0.0
2024-05-03,10270,10410,10200,10380,95934,-0.0009624639076034613
2024-05-07,10380,10440,10150,10260,146081,-0.011560693641618491
2024-05-08,10180,10310,10010,10150,103266,-0.010721247563352798
2024-05-09,10170,10260,9990,10100,110555,-0.0049261083743842304
2024-05-10,10100,10370,10070,10180,117668,0.007920792079207928
2024-05-13,10270,10310,10100,10260,64897,0.007858546168958647
2024-05-14,10310,10500,10280,10300,176968,0.003898635477582957
2024-05-16,10120,10120,9430,9460,656153,-0.08155339805825246
2024-05-17,9410,9680,9360,9490,152665,0.003171247357293794
2024-05-20,9540,9620,9380,9390,103222,-0.010537407797681753
2024-05-21,9350,9390,9050,9180,147873,-0.022364217252396124
2024-05-22,9180,9380,9080,9080,74775,-0.01089324618736387
2024-05-23,9000,9150,8950,9070,104541,-0.0011013215859030367
2024-05-24,9050,9060,8890,8890,113414,-0.019845644983461974
2024-05-27,8900,9030,8840,8920,68560,0.003374578177727683
2024-05-28,8840,9120,8840,8970,93394,0.005605381165919354
2024-05-29,9000,9380,8930,9280,135286,0.03455964325529548
2024-05-30,9280,9950,9190,9750,346673,0.0506465517241379
2024-05-31,9650,9890,9600,9760,163328,0.0010256410256410664
2024-06-03,9870,10260,9710,9710,216644,-0.0051229508196721785
2024-06-04,9800,9880,9590,9650,104500,-0.006179196704428458
2024-06-05,9650,9790,9470,9540,59383,-0.011398963730569922
2024-06-07,9510,9640,9450,9530,67095,-0.0010482180293500676
2024-06-10,9480,9610,9440,9490,34825,-0.0041972717733472775
2024-06-11,9490,9590,9410,9560,44386,0.007376185458377149
2024-06-12,9520,9620,9410,9420,45716,-0.014644351464435101
2024-06-13,9400,9590,9370,9530,44535,0.011677282377919429
2024-06-14,9530,9600,9410,9450,46809,-0.008394543546694666
2024-06-17,9370,10180,9370,9990,260868,0.05714285714285716
2024-06-18,10010,10400,9780,10220,316625,0.02302302302302306
2024-06-19,10000,10220,9880,10130,155665,-0.008806262230919737
2024-06-20,10030,10130,9790,9800,100919,-0.03257650542941759
2024-06-21,9860,10240,9820,10090,204387,0.0295918367346939
2024-06-24,10400,11430,10220,11110,2854286,0.10109018830525263
2024-06-25,11330,11640,10800,11050,1027029,-0.005400540054005365
2024-06-26,11080,11300,10800,10870,325973,-0.01628959276018105
2024-06-27,10870,11130,10500,10570,283288,-0.027598896044158217
2024-06-28,10720,10830,10530,10560,112627,-0.0009460737937558861
2024-07-01,10910,11770,10910,11320,1878345,0.07196969696969702
2024-07-02,11390,11390,10630,10870,483322,-0.039752650176678395
2024-07-03,10870,10870,10250,10480,351517,-0.035878564857405704
2024-07-04,10480,10550,10210,10490,178552,0.000954198473282375
2024-07-05,10400,11000,10360,10800,319954,0.029551954242135414
2024-07-08,10870,11070,10690,10830,168069,0.002777777777777768
2024-07-09,10820,10940,10430,10520,250689,-0.028624192059095055
2024-07-10,10530,10990,10530,10950,212810,0.040874524714829
2024-07-11,11000,11000,10660,10840,143012,-0.010045662100456654
2024-07-12,10850,10990,10410,10420,205019,-0.03874538745387457
2024-07-15,10420,10470,10050,10120,218027,-0.028790786948176605
2024-07-16,10130,10280,10070,10100,74949,-0.0019762845849802257
2024-07-17,10110,10350,10100,10120,74858,0.001980198019801982
2024-07-18,10070,10290,9750,10250,163088,0.012845849802371578
2024-07-19,10100,10250,10030,10140,94665,-0.01073170731707318
2024-07-22,10010,10100,9800,9850,155257,-0.02859960552268248
2024-07-23,9910,10020,9800,9900,98384,0.0050761421319796
2024-07-24,9900,10160,9840,10110,63725,0.021212121212121238
2024-07-25,9950,10110,9770,9790,74293,-0.03165182987141446
2024-07-26,9810,9990,9790,9990,31516,0.020429009193054126
2024-07-29,9890,10050,9890,10000,32124,0.0010010010010010895
2024-07-30,9910,9990,9550,9580,88083,-0.04200000000000004
2024-07-31,9550,9790,9150,9330,161257,-0.02609603340292277
2024-08-01,9360,10160,9270,10060,275758,0.07824222936763126
2024-08-02,9900,10290,9810,10090,218710,0.0029821073558649047
2024-08-05,9910,9980,9070,9240,238232,-0.0842418235877106
2024-08-06,9260,9880,9260,9840,141951,0.06493506493506485
2024-08-07,9770,10140,9770,10130,71998,0.029471544715447218
2024-08-08,10130,10210,9840,9890,87778,-0.02369200394866733
2024-08-09,10240,10240,9910,10040,94824,0.015166835187057526
2024-08-12,10050,10310,10040,10260,98189,0.021912350597609542
2024-08-13,10260,11170,10260,10790,888987,0.05165692007797262
2024-08-14,10800,10960,10620,10670,237023,-0.011121408711770142
2024-08-16,10820,10960,10670,10740,172209,0.006560449859418949
2024-08-19,10740,10890,10470,10520,91112,-0.020484171322160183
2024-08-20,10650,10660,10300,10470,90707,-0.004752851711026573
2024-08-21,10410,10570,10230,10410,92958,-0.005730659025787954
2024-08-22,10410,10460,10080,10210,103225,-0.019212295869356355
2024-08-23,10110,10580,10110,10560,109450,0.03428011753183147
2024-08-26,10590,10900,10410,10850,200667,0.027462121212121104
2024-08-27,11160,11200,10710,10800,285666,-0.004608294930875556
2024-08-28,10810,10950,10650,10750,145464,-0.00462962962962965
2024-08-29,10670,10860,10340,10340,118662,-0.038139534883720905
2024-08-30,10450,10770,10340,10760,117958,0.04061895551257244
2024-09-02,10720,10780,10520,10670,102491,-0.008364312267657992
2024-09-03,10750,10760,10160,10310,186047,-0.03373945641986875
2024-09-04,9990,10100,9800,9810,118116,-0.04849660523763333
2024-09-05,9810,10210,9810,10000,95756,0.019367991845056
2024-09-06,9910,10090,9700,9700,68847,-0.030000000000000027
2024-09-09,9760,9950,9520,9900,41809,0.020618556701030855
2024-09-10,9920,10130,9590,9730,99644,-0.01717171717171717
2024-09-11,9800,10060,9700,9730,55156,0.0
2024-09-12,9780,9900,9600,9820,63442,0.009249743062692772
2024-09-13,9820,9870,9720,9810,32237,-0.0010183299389001643
2024-09-19,9820,9830,9550,9660,55469,-0.015290519877675823
2024-09-20,9710,9830,9650,9650,37920,-0.0010351966873706209
2024-09-23,9600,9650,9470,9560,53152,-0.00932642487046631
2024-09-24,9710,9780,9590,9670,46976,0.011506276150627714
2024-09-25,9800,9840,9680,9790,73939,0.012409513960703222
2024-09-26,9780,10050,9750,10000,72252,0.021450459652706755
2024-09-27,10000,10270,10000,10100,95510,0.010000000000000009
2024-09-30,10070,10090,9800,9820,34884,-0.027722772277227747
2024-10-02,9750,10500,9750,10030,299586,0.02138492871690434
2024-10-04,10030,10350,9960,10190,81492,0.0159521435692922
2024-10-07,10330,10330,9960,10040,92287,-0.014720314033366044
2024-10-08,9900,10050,9830,9880,51810,-0.015936254980079667
2024-10-10,9880,10190,9780,10140,87999,0.026315789473684292
2024-10-11,10070,10390,9990,10190,76862,0.004930966469427922
2024-10-14,10190,10450,10020,10420,80443,0.02257114818449457
2024-10-15,10420,11440,10320,11080,885296,0.06333973128598847
2024-10-16,11240,11440,11050,11250,423664,0.01534296028880866
2024-10-17,11310,11310,10780,10800,197090,-0.040000000000000036
2024-10-18,10800,11040,10610,10710,124038,-0.008333333333333304
2024-10-21,10700,10970,10600,10770,99052,0.0056022408963585235
2024-10-22,10800,10910,10440,10470,178430,-0.027855153203342642
2024-10-23,10590,10590,10280,10460,70833,-0.0009551098376313627
2024-10-24,10350,10540,10330,10440,36085,-0.0019120458891013214
2024-10-25,10440,10500,9670,9810,239850,-0.06034482758620685
2024-10-28,9810,9950,9560,9660,145690,-0.015290519877675823
2024-10-29,9660,9700,9480,9640,91215,-0.0020703933747412417
2024-10-30,9640,9890,9550,9750,54870,0.011410788381742698
2024-10-31,9750,9890,9600,9850,32309,0.01025641025641022
2024-11-01,9850,9850,9700,9760,60452,-0.009137055837563413
2024-11-04,9760,10240,9700,10140,98227,0.03893442622950816
2024-11-05,10160,10720,10140,10590,231844,0.044378698224851965
2024-11-06,10510,10840,10510,10640,163140,0.0047214353163360645
2024-11-07,10820,10820,10200,10640,195267,0.0
2024-11-08,10640,10800,10300,10380,78221,-0.024436090225563922
2024-11-11,10380,10480,9930,10040,159694,-0.032755298651252374
2024-11-12,9990,10000,9550,9800,160839,-0.0239043824701195
2024-11-13,9720,9730,9360,9410,117631,-0.03979591836734697
2024-11-14,9420,9620,7300,7600,330595,-0.1923485653560042
2024-11-15,7790,8530,7760,8020,538286,0.0552631578947369
2024-11-18,8020,8230,7860,8010,160348,-0.0012468827930174342
2024-11-19,8010,8080,7530,7680,285079,-0.041198501872659166
2024-11-20,7680,7690,7510,7650,133409,-0.00390625
2024-11-21,7650,7680,7470,7540,64763,-0.01437908496732021
2024-11-22,7540,7770,7540,7630,50077,0.011936339522546469
2024-11-25,7630,7740,7570,7630,77733,0.0
2024-11-26,7670,7700,7440,7670,90774,0.005242463958060384
2024-11-27,7670,7690,7450,7520,141602,-0.019556714471968717
2024-11-28,7520,7630,7470,7590,95248,0.009308510638297962
2024-11-29,7670,7670,7340,7340,132931,-0.03293807641633728
2024-12-02,7470,7470,7210,7340,71743,0.0
2024-12-03,7340,7550,7340,7500,47019,0.021798365122615904
2024-12-04,7000,7500,6900,7320,89640,-0.02400000000000002
2024-12-05,7320,7350,7000,7060,139934,-0.03551912568306015
2024-12-06,6980,7060,6810,7000,129911,-0.008498583569405138
2024-12-09,6900,6900,6650,6680,115854,-0.04571428571428571
2024-12-10,6680,7100,6680,7070,73991,0.058383233532934176
2024-12-11,7000,7210,6990,7200,43952,0.018387553041018467
2024-12-12,7210,7290,7160,7290,57857,0.012499999999999956
2024-12-13,7290,7410,7210,7380,34976,0.012345679012345734
2024-12-16,7500,7500,7280,7360,57939,-0.0027100271002710175
2024-12-17,7440,7490,7260,7460,35900,0.013586956521739024
2024-12-18,7460,7490,7280,7400,52704,-0.008042895442359255
2024-12-19,7280,7390,7280,7340,27528,-0.008108108108108136
2024-12-20,7340,7360,7150,7260,76653,-0.010899182561307952
2024-12-23,7390,7520,7300,7490,94861,0.031680440771349794
2024-12-24,7470,7620,7420,7530,57239,0.005340453938584844
2024-12-26,7510,7710,7490,7550,80615,0.0026560424966799445
2024-12-27,7550,7580,7410,7420,69764,-0.017218543046357615
2024-12-30,7420,7570,7420,7500,26733,0.010781671159029615
2025-01-02,7590,7590,7410,7470,52396,-0.0040000000000000036
2025-01-03,7580,7590,7440,7520,51601,0.006693440428380271
2025-01-06,7520,7600,7480,7560,29087,0.005319148936170137
2025-01-07,7560,7640,7490,7570,48691,0.001322751322751392
2025-01-08,7570,7610,7490,7550,55464,-0.0026420079260237594
2025-01-09,7550,7730,7500,7690,77620,0.018543046357615944
2025-01-10,7690,7720,7590,7700,44594,0.0013003901170351995
2025-01-13,7910,7910,7670,7740,96068,0.0051948051948051965
2025-01-14,7670,7760,7630,7690,38599,-0.006459948320413411
2025-01-15,7650,7760,7570,7590,38721,-0.013003901170351106
2025-01-16,7540,7690,7430,7480,61691,-0.01449275362318836
2025-01-17,7450,7590,7450,7500,34108,0.002673796791443861
2025-01-20,7460,7500,7310,7330,43565,-0.022666666666666613
2025-01-21,7320,7420,7240,7340,26449,0.0013642564802183177
2025-01-22,7340,7350,7250,7320,35475,-0.0027247956403270157
2025-01-23,7320,7370,7160,7210,80343,-0.015027322404371546
2025-01-24,7210,7280,7100,7140,45378,-0.009708737864077666
2025-01-31,7140,7200,7010,7120,48695,-0.0028011204481792618
2025-02-03,7090,7190,6940,7170,78415,0.0070224719101124045
2025-02-04,7120,7380,7120,7360,29411,0.02649930264993028
2025-02-05,7400,7650,7280,7570,56607,0.028532608695652106
2025-02-06,7570,7720,7500,7590,88081,0.0026420079260238705
2025-02-07,7590,7630,7480,7600,43865,0.0013175230566535578
2025-02-10,7540,7640,7500,7600,53546,0.0
2025-02-11,7530,7650,7520,7600,46754,0.0
2025-02-12,7600,7710,7520,7670,48543,0.009210526315789558
2025-02-13,7660,7750,7570,7710,72672,0.0052151238591917615
2025-02-14,7720,7960,7710,7960,105412,0.03242542153048
2025-02-17,7960,7980,7820,7910,59941,-0.006281407035175879
2025-02-18,7840,7970,7840,7910,48132,0.0
2025-02-19,7910,8040,7870,8030,54749,0.015170670037926604
2025-02-20,7980,8080,7490,7940,107344,-0.011207970112079746
2025-02-21,8020,8510,7920,8360,217937,0.05289672544080615
2025-02-24,8460,8500,8300,8320,63925,-0.004784688995215336
2025-02-25,8390,8390,8210,8300,40344,-0.0024038461538461453
2025-02-26,8300,8540,8280,8420,54150,0.014457831325301207
2025-02-27,8350,8630,8350,8590,81774,0.020190023752969077
2025-02-28,8550,8640,8420,8420,58391,-0.019790454016297976
2025-03-04,8420,8550,8160,8420,66624,0.0
2025-03-05,8420,8570,8420,8450,33852,0.0035629453681709222
2025-03-06,8560,8680,8300,8330,87348,-0.014201183431952646
2025-03-07,8330,8600,8250,8600,61812,0.032412965186074505
2025-03-10,8500,8680,8480,8610,35799,0.0011627906976743319
2025-03-11,8460,8580,8390,8490,72601,-0.013937282229965153
2025-03-12,8440,8820,8440,8750,42551,0.03062426383981154
2025-03-13,8730,9105,8650,8650,119871,-0.011428571428571455
2025-03-14,8700,8900,8660,8750,37316,0.011560693641618602
2025-03-17,8750,8790,8550,8720,86357,-0.0034285714285714475
2025-03-18,8720,8790,8400,8530,100169,-0.02178899082568808
2025-03-19,8500,8770,8500,8710,62369,0.021101992966002348
2025-03-20,8780,9080,8770,8990,81777,0.03214695752009189
2025-03-21,9000,9280,8820,8850,86674,-0.015572858731924377
2025-03-24,8850,9240,8850,8950,79602,0.011299435028248483
2025-03-25,8930,9040,8840,9000,86405,0.005586592178770999
2025-03-26,9070,9070,8930,8950,24792,-0.005555555555555536
2025-03-27,8870,9090,8870,9000,47970,0.005586592178770999
2025-03-28,8920,8970,8630,8810,57153,-0.02111111111111108
2025-03-31,8800,8950,8670,8850,63117,0.004540295119182858
2025-04-01,8950,9540,8950,9490,148744,0.072316384180791
2025-04-02,9370,9570,9180,9460,55968,-0.0031612223393044925
2025-04-03,9440,9720,9300,9550,82577,0.009513742071881603
2025-04-04,9450,9660,9250,9650,56379,0.010471204188481575
2025-04-07,9390,9650,9130,9340,103865,-0.032124352331606265
2025-04-08,9640,9660,9300,9320,65385,-0.0021413276231263545
2025-04-09,8990,9430,8990,9070,55656,-0.02682403433476399
2025-04-10,9150,9420,9150,9330,29848,0.02866593164277842
2025-04-11,9320,9470,9100,9250,33238,-0.008574490889603381
2025-04-14,9220,9490,9140,9430,39571,0.019459459459459483
2025-04-15,9430,9990,9320,9560,60088,0.01378579003181346
2025-04-16,9700,9930,9400,9510,98866,-0.005230125523012608
2025-04-17,9540,9710,9540,9710,52569,0.02103049421661418
2025-04-18,9720,9900,9710,9860,59008,0.015447991761071034
2025-04-21,9980,9980,9690,9700,32288,-0.016227180527383367
2025-04-22,9780,9880,9690,9760,39886,0.006185567010309256
2025-04-23,9890,9890,9530,9690,33037,-0.0071721311475410054
2025-04-24,9760,9800,9630,9790,28750,0.01031991744066052
2025-04-25,9890,9900,9620,9830,43825,0.004085801838610736
2025-04-28,9830,9880,9700,9710,21902,-0.012207527975584997
2025-04-29,9870,10130,9730,10130,84655,0.04325437693099898
2025-04-30,10390,10410,10130,10200,54116,0.006910167818361401
2025-05-02,10410,11370,10290,11260,485194,0.10392156862745106
2025-05-07,11180,11540,11170,11290,215266,0.002664298401420906
2025-05-08,11490,11920,11390,11560,182085,0.023914968999114272
2025-05-09,11650,11910,11320,11840,92054,0.02422145328719716
2025-05-12,11950,12040,11500,11950,168088,0.00929054054054057
2025-05-13,11900,12120,11860,11900,84552,-0.004184100418409997
2025-05-14,12000,14800,11870,14400,2250162,0.2100840336134453
2025-05-15,14620,16060,14060,14500,1774671,0.00694444444444442
2025-05-16,14510,15480,14430,15170,392775,0.046206896551724164
2025-05-19,15160,15160,14840,15140,190976,-0.0019775873434410007
2025-05-20,15450,15450,15230,15450,93894,0.020475561426684274
2025-05-21,15450,15880,15450,15750,144093,0.01941747572815533
2025-05-22,15520,15750,14880,15350,319203,-0.025396825396825418
2025-05-23,15230,15970,14910,15780,263391,0.028013029315960836
2025-05-26,15940,15980,15480,15870,91881,0.005703422053231932
2025-05-27,16000,16140,15400,15790,104234,-0.00504095778197855
2025-05-28,15910,16000,15350,15390,148511,-0.0253324889170361
2025-05-29,15240,15770,15080,15380,129131,-0.0006497725795971965
2025-05-30,15480,15640,15260,15400,102912,0.0013003901170351995
2025-06-02,16900,18480,16730,17690,1506782,0.14870129870129878
2025-06-04,17490,17920,17240,17700,233014,0.0005652911249294235
2025-06-05,17900,17930,17060,17130,189349,-0.03220338983050852
2025-06-09,17360,17910,17010,17520,216441,0.022767075306479923
2025-06-10,17480,17520,17000,17170,115219,-0.01997716894977164
2025-06-11,17260,18420,17210,18060,396299,0.051834595224228286
2025-06-12,18040,18040,17440,17550,124915,-0.028239202657807327
2025-06-13,17550,17710,16300,16750,485596,-0.04558404558404561
2025-06-16,17730,18740,17550,18590,541751,0.10985074626865665
2025-06-17,18600,18630,17210,17670,284061,-0.049488972565895684
2025-06-18,17670,18020,17260,17760,129541,0.005093378607809784
2025-06-19,17620,17910,17230,17760,108568,0.0
2025-06-20,18000,18350,17560,17800,109076,0.0022522522522523403
2025-06-23,18290,18530,17780,18150,160948,0.0196629213483146
2025-06-24,18500,18560,17740,18290,170548,0.007713498622589521
2025-06-25,18350,18650,17800,18280,160415,-0.0005467468562055933
2025-06-26,18400,18400,17780,18270,150282,-0.000547045951859948
2025-06-27,18270,18590,17940,18330,102947,0.003284072249589487
2025-06-30,18380,19980,18380,19720,478058,0.07583196944899062
2025-07-01,19720,19780,18120,19400,590368,-0.016227180527383367
2025-07-02,19020,19570,18130,18570,253874,-0.042783505154639134
2025-07-03,18450,18900,18080,18200,128246,-0.019924609585352693
2025-07-04,18200,18600,17410,17620,125272,-0.031868131868131866
2025-07-07,18010,20600,18010,19890,1356972,0.12883087400681048
2025-07-08,19520,20800,19030,20650,339925,0.03821015585721477
2025-07-09,21150,21150,20450,20750,206177,0.004842615012106588
2025-07-10,20750,21500,20450,20500,208851,-0.012048192771084376
2025-07-11,20350,21200,20000,20350,150621,-0.007317073170731714
2025-07-14,20350,20650,19820,20200,108849,-0.0073710073710073765
2025-07-15,20200,22100,20000,22000,380317,0.08910891089108919
2025-07-16,22050,22050,20900,21200,215839,-0.036363636363636376
2025-07-17,21200,21300,20700,21050,101217,-0.007075471698113178
2025-07-18,21150,21500,20400,21450,185397,0.019002375296912177
2025-07-21,21550,21550,19550,20150,473035,-0.06060606060606055
2025-07-22,20000,20300,19100,19580,237547,-0.028287841191066976
2025-07-23,19590,20050,19170,20050,138328,0.02400408580183866
2025-07-24,19920,20050,19130,19580,185048,-0.02344139650872823
2025-07-25,19590,19590,19190,19190,81572,-0.019918283963227812
2025-07-28,19020,19290,18230,18350,262137,-0.043772798332464835
2025-07-29,18360,19490,18250,19370,178651,0.05558583106267023
2025-07-30,19050,19360,18450,18580,210116,-0.040784718637067674
2025-07-31,18530,19110,18480,18940,142294,0.019375672766415608
2025-08-01,18500,19640,17820,19230,388110,0.015311510031678965
2025-08-04,19420,19720,18100,19240,285837,0.0005200208008320217
2025-08-05,19700,20400,18740,19350,171849,0.005717255717255787
2025-08-06,19100,19700,18880,19580,136260,0.011886304909560774
2025-08-07,19700,20500,19380,20300,181641,0.036772216547497516
2025-08-08,20400,20950,20000,20400,133879,0.0049261083743843415
2025-08-11,21950,21950,20550,20750,263972,0.017156862745097978
2025-08-12,20800,21250,20200,20350,124814,-0.01927710843373498
2025-08-13,20450,20850,19710,20150,147031,-0.009828009828009798
2025-08-14,20600,22000,18920,19440,1141521,-0.03523573200992558
2025-08-18,19520,20150,18840,19320,343116,-0.006172839506172867
2025-08-19,19400,19500,18810,18870,194936,-0.02329192546583847
2025-08-20,18330,18750,17660,18430,338086,-0.023317435082141014
2025-08-21,18420,19050,18230,18740,139425,0.016820401519262118
2025-08-22,18720,18970,18460,18550,98620,-0.010138740661686185
2025-08-25,18550,19800,18550,19410,200726,0.046361185983827546
2025-08-26,19410,19990,19250,19600,139895,0.00978876867594014
