Date,Open,High,Low,Close,Volume,Change
2022-01-03,5942,5966,5734,5966,263845,0.014453324264580791
2022-01-04,6073,7229,6011,6883,8165424,0.1537043245055314
2022-01-05,6860,7052,6459,6583,1921423,-0.04358564579398516
2022-01-06,6373,7113,6327,6806,3345730,0.033875132918122386
2022-01-07,6798,7445,6559,6968,3457388,0.023802527181898236
2022-01-10,6991,7090,6682,6991,679550,0.0033008036739379243
2022-01-11,7144,7576,6859,7045,2619833,0.007724216850236054
2022-01-12,7129,7345,6690,6791,907864,-0.036053938963804155
2022-01-13,6914,6976,6521,6691,675943,-0.014725371815638377
2022-01-14,6590,6783,6513,6529,299554,-0.0242116275594082
2022-01-17,6489,6527,6188,6243,402590,-0.04380456425179968
2022-01-18,6257,6534,6257,6366,250922,0.01970206631427196
2022-01-19,6281,6620,6242,6505,450128,0.021834747093936624
2022-01-20,6597,6713,6466,6567,307079,0.009531129900076873
2022-01-21,6552,6621,6227,6375,283598,-0.029237094563727695
2022-01-24,6281,6350,5657,5935,492639,-0.06901960784313721
2022-01-25,6019,6027,5387,5442,326432,-0.08306655433866894
2022-01-26,5440,5741,5440,5449,162609,0.0012862918044835858
2022-01-27,5441,5657,5225,5311,224661,-0.025325747843641055
2022-01-28,5455,5510,5247,5495,140796,0.03464507625682556
2022-02-03,5564,5695,5533,5542,138166,0.008553230209281226
2022-02-04,5541,5842,5417,5596,190957,0.009743774810537786
2022-02-07,5595,5595,5333,5434,147418,-0.02894924946390276
2022-02-08,5379,5456,5256,5326,135806,-0.019874861980125114
2022-02-09,5325,5533,5271,5426,120250,0.01877581674802853
2022-02-10,5440,5502,5101,5318,106629,-0.01990416513085147
2022-02-11,5240,5324,5070,5187,134528,-0.02463332079729219
2022-02-14,5125,5125,4777,4848,171246,-0.06535569693464427
2022-02-15,4847,4970,4701,4701,101131,-0.030321782178217793
2022-02-16,4894,4994,4832,4964,78375,0.0559455435013827
2022-02-17,4963,5040,4825,4918,113968,-0.009266720386784888
2022-02-18,4777,4978,4777,4971,52847,0.01077673851159
2022-02-21,4886,5009,4840,4964,56628,-0.001408167370750335
2022-02-22,4801,5025,4755,4817,64917,-0.029613215149073335
2022-02-23,4855,4885,4770,4794,57411,-0.004774756072244091
2022-02-24,4708,4746,4547,4578,125479,-0.04505632040050067
2022-02-25,4669,4739,4469,4624,45071,0.010048055919615662
2022-02-28,4624,4685,4546,4624,45560,0.0
2022-03-02,4562,4755,4562,4679,31020,0.011894463667819988
2022-03-03,4623,4916,4623,4871,92783,0.041034409061765365
2022-03-04,4946,4946,4739,4809,35843,-0.012728392527201815
2022-03-07,4809,4809,4616,4663,72872,-0.03035974215013515
2022-03-08,4531,4686,4524,4571,97151,-0.01972978769032807
2022-03-10,4700,4723,4593,4655,31295,0.018376722817764257
2022-03-11,4586,4786,4586,4725,43803,0.015037593984962516
2022-03-14,4754,4785,4562,4663,61801,-0.01312169312169309
2022-03-15,4662,4909,4555,4779,133789,0.02487668882693539
2022-03-16,4917,4955,4747,4802,83769,0.004812722326846597
2022-03-17,4948,6158,4825,5758,6956449,0.1990837151187006
2022-03-18,5818,5918,5679,5703,757506,-0.009551927752691869
2022-03-21,5703,5703,5425,5511,377083,-0.033666491320357705
2022-03-22,5510,5571,5433,5572,203906,0.011068771547813494
2022-03-23,5626,5741,5587,5642,424695,0.012562814070351758
2022-03-24,5750,5872,5518,5542,306354,-0.017724211272598378
2022-03-25,5627,5627,5480,5612,115869,0.012630819198845122
2022-03-28,5610,5610,5433,5503,97210,-0.01942266571632212
2022-03-29,5549,5549,5402,5442,95323,-0.011084862802107964
2022-03-30,5525,5541,5386,5395,107267,-0.008636530687247346
2022-03-31,5355,5433,5325,5395,83742,0.0
2022-04-01,5395,5926,5333,5550,833587,0.02873030583873959
2022-04-04,5579,5579,5448,5503,92118,-0.008468468468468493
2022-04-05,5526,5564,5464,5519,100363,0.002907504997274213
2022-04-06,5449,5518,5402,5473,72962,-0.008334843268708148
2022-04-07,5378,5433,5247,5287,126018,-0.03398501735793902
2022-04-08,5241,5387,5163,5234,69527,-0.010024588613580465
2022-04-11,5233,5325,5172,5172,40564,-0.011845624761176898
2022-04-12,5041,5148,4948,5041,96841,-0.025328692962103605
2022-04-13,5002,5164,5002,5095,40293,0.01071216028565769
2022-04-14,5164,5164,5017,5103,32691,0.0015701668302257055
2022-04-15,5102,5102,4994,5064,36175,-0.007642563198118735
2022-04-18,5070,5201,5016,5017,68517,-0.009281200631911513
2022-04-19,5001,5071,5001,5041,64574,0.0047837352999799965
2022-04-20,5132,5132,4933,4964,58603,-0.015274747073993233
2022-04-21,4963,5001,4863,4925,65305,-0.007856567284448057
2022-04-22,4946,4946,4785,4878,86951,-0.009543147208121883
2022-04-25,4801,4863,4686,4710,61892,-0.03444034440344401
2022-04-26,4732,4801,4732,4763,23472,0.011252653927813272
2022-04-27,4708,4762,4670,4717,37042,-0.009657778710896459
2022-04-28,4716,4816,4600,4732,58500,0.0031799872800508666
2022-04-29,4732,4840,4663,4756,69527,0.00507185122569731
2022-05-02,4779,4801,4662,4779,22771,0.0048359966358284545
2022-05-03,4778,4855,4754,4794,37415,0.003138731952291307
2022-05-04,4848,4909,4779,4779,55716,-0.0031289111389236623
2022-05-06,4716,4816,4647,4694,38746,-0.017786147729650592
2022-05-09,4661,4685,4508,4524,60668,-0.036216446527481905
2022-05-10,4400,4593,4323,4540,56330,0.0035366931918656697
2022-05-11,4540,4593,4509,4540,13167,0.0
2022-05-12,4608,4623,4377,4424,37822,-0.02555066079295154
2022-05-13,4532,4532,4385,4471,43916,0.010623869801084984
2022-05-16,4517,4524,4455,4517,25337,0.010288526056810632
2022-05-17,4515,4585,4484,4524,18628,0.0015497011290679374
2022-05-18,4577,4623,4469,4524,48611,0.0
2022-05-19,4431,4508,4401,4401,31391,-0.027188328912466808
2022-05-20,4400,4478,4362,4471,42402,0.01590547602817538
2022-05-23,4655,4655,4500,4617,65983,0.03265488704987707
2022-05-24,4577,4646,4478,4478,42599,-0.03010612952133418
2022-05-25,4431,4577,4424,4455,29573,-0.0051362215274676215
2022-05-26,4478,4555,4440,4440,30898,-0.0033670033670033517
2022-05-27,4516,4516,4409,4440,31746,0.0
2022-05-30,4423,4539,4423,4509,32569,0.015540540540540437
2022-05-31,4523,4578,4469,4578,27541,0.015302727877578137
2022-06-02,4608,4824,4524,4663,177196,0.018567059851463563
2022-06-03,4685,4747,4623,4632,37862,-0.006648080634784503
2022-06-07,4632,4701,4431,4471,60431,-0.03475820379965455
2022-06-08,4416,4501,4416,4440,14918,-0.0069335719078506
2022-06-09,4431,4431,4300,4378,49196,-0.013963963963963932
2022-06-10,4369,4400,4315,4393,14733,0.003426222019186742
2022-06-13,4369,4369,4146,4146,100850,-0.056225813794673396
2022-06-14,3969,4108,3860,4108,67768,-0.009165460684997573
2022-06-15,4084,4115,3721,3780,174837,-0.07984420642648493
2022-06-16,3922,3922,3614,3684,40844,-0.025396825396825418
2022-06-17,3607,3737,3487,3727,36214,0.01167209554831694
2022-06-20,3726,3760,3371,3503,108530,-0.06010195867990342
2022-06-21,3521,4469,3398,3842,705459,0.09677419354838701
2022-06-22,3818,3826,3414,3445,157930,-0.10333159812597603
2022-06-23,3452,3493,3270,3275,51749,-0.04934687953555883
2022-06-24,3236,3436,3236,3368,30749,0.02839694656488545
2022-06-27,3417,3502,3321,3472,23647,0.030878859857482288
2022-06-28,3471,3529,3421,3507,17426,0.010080645161290258
2022-06-29,3452,3582,3429,3572,19325,0.018534359851725135
2022-06-30,3571,3636,3448,3464,16537,-0.03023516237402013
2022-07-01,3467,3478,3328,3387,21135,-0.02222863741339487
2022-07-04,3376,3468,3294,3407,20015,0.005904930617065318
2022-07-05,3328,3505,3328,3464,29852,0.016730261226885812
2022-07-06,3529,3529,3449,3480,10852,0.004618937644341736
2022-07-07,3528,3579,3467,3564,25624,0.024137931034482696
2022-07-08,3622,3753,3576,3619,22943,0.015432098765432167
2022-07-11,3618,3660,3587,3634,11683,0.004144791378833945
2022-07-12,3560,3630,3498,3519,16156,-0.03164556962025311
2022-07-13,3517,3630,3517,3630,29683,0.03154305200341012
2022-07-14,3637,3672,3472,3584,28491,-0.012672176308539895
2022-07-15,3575,3656,3513,3599,10806,0.004185267857142794
2022-07-18,3568,3672,3564,3615,19013,0.004445679355376431
2022-07-19,3614,3687,3587,3665,23757,0.013831258644536604
2022-07-20,3691,3706,3644,3665,13700,0.0
2022-07-21,3722,3729,3629,3688,26945,0.0062755798090041726
2022-07-22,3687,3733,3625,3699,12279,0.002982646420824242
2022-07-25,3771,3802,3640,3668,14966,-0.008380643417139733
2022-07-26,3622,3726,3615,3677,8210,0.002453653217012075
2022-07-27,3671,3714,3644,3711,11626,0.009246668479738984
2022-07-28,3765,3765,3668,3677,13884,-0.009161950956615428
2022-07-29,3691,3733,3660,3688,12239,0.0029915692140332073
2022-08-01,3699,3783,3699,3761,20824,0.019793926247288596
2022-08-02,3783,3799,3699,3711,41497,-0.013294336612603042
2022-08-03,3722,3815,3715,3746,15557,0.00943142010239817
2022-08-04,3703,3838,3703,3823,22174,0.020555258942872356
2022-08-05,3845,4161,3822,3931,125535,0.02825006539366992
2022-08-08,3938,4000,3853,3985,16323,0.013736962604935066
2022-08-09,3961,4060,3883,3923,21870,-0.015558343789209506
2022-08-10,3914,4014,3867,3907,19193,-0.004078511343359681
2022-08-11,3946,3946,3869,3916,33189,0.0023035577169183696
2022-08-12,3946,3946,3869,3885,15964,-0.007916241062308482
2022-08-16,4014,4014,3775,3780,51329,-0.027027027027026973
2022-08-17,3778,3806,3725,3768,25069,-0.0031746031746031633
2022-08-18,3772,3772,3699,3715,13924,-0.014065817409766423
2022-08-19,3668,3714,3599,3630,35756,-0.02288021534320328
2022-08-22,3620,3620,3524,3529,27358,-0.027823691460055144
2022-08-23,3528,3528,3421,3452,34739,-0.021819212241428132
2022-08-24,3445,3507,3441,3488,14839,0.010428736964078755
2022-08-25,3579,3579,3452,3488,25055,0.0
2022-08-26,3532,3544,3460,3460,12552,-0.008027522935779796
2022-08-29,3360,3406,3279,3341,22782,-0.034393063583815
2022-08-30,3341,3432,3270,3341,25209,0.0
2022-08-31,3313,3422,3302,3422,23054,0.024244238252020267
2022-09-01,3386,3444,3336,3345,15314,-0.022501461133839884
2022-09-02,3345,3390,3336,3345,11886,0.0
2022-09-05,3359,3359,3229,3229,19889,-0.03467862481315398
2022-09-06,3237,3268,3198,3268,22885,0.012078042737689643
2022-09-07,3328,3328,3158,3194,16341,-0.022643818849449215
2022-09-08,3266,3266,3193,3198,6661,0.0012523481527864089
2022-09-13,3221,3287,3202,3249,15503,0.015947467166979257
2022-09-14,3140,3229,3129,3222,15336,-0.008310249307479256
2022-09-15,3221,3228,3101,3110,18726,-0.03476101800124143
2022-09-16,3128,3167,3074,3102,26594,-0.0025723472668810476
2022-09-19,3077,3081,3031,3055,18484,-0.015151515151515138
2022-09-20,3040,3097,3035,3071,21554,0.005237315875613824
2022-09-21,3070,3147,3051,3113,18250,0.013676326929338956
2022-09-22,3113,3113,2927,3017,27774,-0.030838419530999084
2022-09-23,3016,3046,2888,2909,31400,-0.03579714948624457
2022-09-26,2904,2904,2681,2832,66039,-0.026469577174286663
2022-09-27,2708,2824,2662,2667,23854,-0.05826271186440679
2022-09-28,2658,2743,2542,2551,19073,-0.04349456317960254
2022-09-29,2674,2682,2570,2586,35451,0.013720109760878119
2022-09-30,2542,2627,2542,2620,12497,0.01314771848414531
2022-10-04,2620,2697,2612,2682,10361,0.023664122137404542
2022-10-05,3024,3024,2643,2705,37882,0.008575689783743456
2022-10-06,2700,2809,2658,2809,16772,0.03844731977818849
2022-10-07,2835,2900,2800,2828,15151,0.006763972944108243
2022-10-11,2789,2789,2634,2701,11766,-0.04490806223479493
2022-10-12,2701,2773,2542,2701,7442,0.0
2022-10-13,2750,2750,2570,2570,3999,-0.04850055534987041
2022-10-14,2596,2692,2569,2574,18299,0.0015564202334630295
2022-10-17,2573,2573,2488,2558,11946,-0.006216006216006265
2022-10-18,2611,2642,2558,2589,8760,0.01211884284597331
2022-10-19,2589,2689,2582,2582,14562,-0.0027037466203166938
2022-10-20,2580,2677,2461,2512,25501,-0.0271107668474051
2022-10-21,2527,2573,2388,2474,28780,-0.015127388535031816
2022-10-24,2477,2504,2439,2439,19943,-0.014147130153597365
2022-10-25,2438,2480,2399,2450,17560,0.004510045100450943
2022-10-26,2465,2469,2410,2450,6156,0.0
2022-10-27,2851,2859,2500,2505,122573,0.022448979591836782
2022-10-28,2504,2566,2477,2528,16047,0.009181636726546927
2022-10-31,2527,2615,2465,2558,11901,0.011867088607594889
2022-11-01,2539,2581,2520,2551,9585,-0.002736512900703647
2022-11-02,2542,2542,2439,2470,50233,-0.03175225401803217
2022-11-03,2419,2477,2400,2462,4440,-0.0032388663967611864
2022-11-04,2457,2496,2411,2435,11736,-0.010966693744922873
2022-11-07,2433,2538,2433,2454,4540,0.007802874743326527
2022-11-08,2458,2515,2450,2474,34606,0.008149959250203676
2022-11-09,2472,2573,2472,2493,13731,0.007679870654810017
2022-11-10,2492,2520,2465,2520,15228,0.010830324909747224
2022-11-11,2576,2588,2488,2531,46479,0.00436507936507935
2022-11-14,2534,2585,2508,2570,16617,0.015408929276965688
2022-11-15,2568,2599,2534,2589,28830,0.00739299610894939
2022-11-16,2589,2646,2589,2636,26116,0.018153727307840928
2022-11-17,2723,2723,2592,2678,12236,0.01593323216995457
2022-11-18,2639,2677,2611,2620,21382,-0.02165795369678869
2022-11-21,2615,2619,2553,2574,16612,-0.017557251908396965
2022-11-22,2531,2572,2531,2531,10624,-0.016705516705516676
2022-11-23,2531,2565,2504,2555,12906,0.009482418016594218
2022-11-24,2566,2607,2557,2597,13108,0.016438356164383494
2022-11-25,2600,3194,2596,2859,585419,0.10088563727377742
2022-11-28,2907,2922,2780,2785,87368,-0.025883175935641822
2022-11-29,2773,2838,2727,2828,26874,0.01543985637342904
2022-11-30,2800,2870,2754,2759,18748,-0.024398868458274436
2022-12-01,2785,2823,2754,2766,31545,0.0025371511417180415
2022-12-02,2770,2909,2770,2890,64771,0.04483007953723783
2022-12-05,2889,2905,2820,2867,20887,-0.00795847750865053
2022-12-06,2859,2889,2819,2859,21080,-0.002790373212417152
2022-12-07,2916,2916,2811,2851,15647,-0.0027981811822315183
2022-12-08,2850,2869,2735,2751,45591,-0.035075412136092554
2022-12-09,2750,2804,2738,2747,15077,-0.001454016721192275
2022-12-12,2716,2843,2716,2728,24804,-0.006916636330542403
2022-12-13,2730,2804,2696,2739,25403,0.0040322580645162365
2022-12-14,2739,2816,2739,2782,9621,0.015699160277473423
2022-12-15,2778,2828,2778,2806,13728,0.008626887131560013
2022-12-16,2835,2835,2761,2797,20870,-0.0032074126870991204
2022-12-19,2773,2800,2761,2766,9799,-0.011083303539506595
2022-12-20,2764,2776,2627,2627,26920,-0.050253073029645656
2022-12-21,2727,2727,2665,2724,15470,0.036924248191853914
2022-12-22,2723,2773,2588,2697,16413,-0.009911894273127775
2022-12-23,2762,2762,2588,2697,18109,0.0
2022-12-26,2623,2750,2620,2651,12665,-0.017055988134964783
2022-12-27,2623,2665,2584,2620,18082,-0.011693700490380987
2022-12-28,2619,2658,2528,2528,23370,-0.03511450381679393
2022-12-29,2508,2508,2428,2428,28686,-0.039556962025316444
2023-01-02,2419,2541,2419,2531,22601,0.042421746293245466
2023-01-03,2531,2565,2404,2466,16784,-0.025681548794942666
2023-01-04,2464,2572,2457,2531,9788,0.026358475263584813
2023-01-05,2577,2577,2522,2543,10492,0.00474120900829722
2023-01-06,2523,2577,2507,2574,12553,0.012190326386158024
2023-01-09,2542,2670,2542,2670,14134,0.037296037296037365
2023-01-10,2669,2693,2627,2678,11580,0.002996254681647992
2023-01-11,2751,2751,2658,2732,24953,0.020164301717699784
2023-01-12,2666,2797,2658,2778,32625,0.01683748169838939
2023-01-13,2746,2835,2746,2813,31145,0.012598992080633531
2023-01-16,2827,2931,2819,2886,84158,0.025950942054745907
2023-01-17,2889,2927,2874,2905,35134,0.006583506583506482
2023-01-18,2928,3174,2882,3102,139149,0.0678141135972461
2023-01-19,3081,3101,3012,3036,58906,-0.021276595744680882
2023-01-20,3028,3028,2908,2948,50024,-0.02898550724637683
2023-01-25,2996,3197,2955,3144,107414,0.06648575305291726
2023-01-26,3305,3355,3159,3237,212891,0.029580152671755622
2023-01-27,3244,3306,3120,3306,83082,0.02131603336422616
2023-01-30,3379,3406,3305,3341,75810,0.010586811857229206
2023-01-31,3383,3718,3368,3519,665991,0.053277461837773155
2023-02-01,3582,3621,3436,3560,120507,0.011651037226484862
2023-02-02,3599,3656,3483,3488,89865,-0.020224719101123556
2023-02-03,3560,3891,3463,3499,715570,0.0031536697247707135
2023-02-06,3498,3537,3367,3391,104938,-0.03086596170334377
2023-02-07,3374,3505,3374,3464,31495,0.021527572987319443
2023-02-08,3529,3636,3474,3560,36775,0.02771362586605086
2023-02-09,3521,4100,3521,3796,632696,0.06629213483146068
2023-02-10,3875,3875,3533,3564,131270,-0.0611169652265543
2023-02-13,3582,3582,3417,3529,56546,-0.009820426487093137
2023-02-14,3548,3556,3463,3472,48933,-0.016151884386511717
2023-02-15,3483,3483,3244,3268,104188,-0.05875576036866359
2023-02-16,3298,3336,3209,3237,38511,-0.00948592411260707
2023-02-17,3236,3236,3132,3156,41265,-0.025023169601482875
2023-02-20,3174,3859,3151,3610,884549,0.143852978453739
2023-02-21,3644,3660,3507,3507,123307,-0.028531855955678642
2023-02-22,3467,3621,3398,3460,55595,-0.01340176789278591
2023-02-23,3613,4230,3460,3730,2068747,0.07803468208092479
2023-02-24,3737,4616,3737,4393,1906174,0.17774798927613933
2023-02-27,4462,4901,4454,4571,1587646,0.04051900751195081
2023-02-28,4577,4770,4307,4624,579788,0.011594837015970194
2023-03-02,4624,4739,4377,4540,204236,-0.018166089965397925
2023-03-03,4663,4816,4546,4694,257370,0.033920704845815
2023-03-06,4693,4770,4416,4617,132424,-0.016403919897741814
2023-03-07,4600,4624,4423,4447,81373,-0.036820446177171284
2023-03-08,4469,4585,4284,4339,93209,-0.024286035529570538
2023-03-09,4385,4431,4161,4409,115425,0.016132749481447384
2023-03-10,4223,4369,4123,4216,79692,-0.043774098435019226
2023-03-13,4122,4354,3991,4316,79866,0.02371916508538896
2023-03-14,4338,4423,3968,4069,70393,-0.05722891566265065
2023-03-15,4060,4577,4060,4493,180724,0.10420250675841736
2023-03-16,4492,4608,4385,4416,90687,-0.01713776986423321
2023-03-17,4416,4856,4416,4787,281451,0.0840126811594204
2023-03-20,4715,4831,4515,4624,112307,-0.03405055358261955
2023-03-21,4623,4777,4569,4578,117301,-0.009948096885813107
2023-03-22,4616,4678,4447,4540,54943,-0.00830056793359546
2023-03-23,4539,4593,4454,4509,48828,-0.006828193832599139
2023-03-24,4593,4593,4330,4401,71557,-0.0239520958083832
2023-03-27,4369,4546,4215,4308,63196,-0.0211315610088616
2023-03-28,4262,4385,4124,4124,87299,-0.04271123491179196
2023-03-29,4122,4169,3876,3954,155966,-0.04122211445198831
2023-03-30,4014,4045,3853,4023,107718,0.017450682852807375
2023-03-31,4007,4007,3814,3931,135832,-0.022868506089982588
2023-04-03,3976,3976,3787,3842,63861,-0.022640549478504246
2023-04-04,3833,4214,3833,4146,167743,0.0791254554919314
2023-04-05,4169,4338,4100,4239,97021,0.02243125904486254
2023-04-06,4284,4315,4006,4015,70448,-0.05284265156876622
2023-04-07,4131,4131,3923,3985,31637,-0.007471980074719831
2023-04-10,4046,4046,3761,3885,76814,-0.025094102885821812
2023-04-11,3810,3945,3714,3938,55448,0.01364221364221363
2023-04-12,3868,4138,3868,4054,58738,0.029456576942610502
2023-04-13,4029,4561,4014,4462,238328,0.10064134188455842
2023-04-14,4507,4654,4454,4547,142236,0.019049753473778575
2023-04-17,4547,5164,4547,5095,553343,0.12051902353199906
2023-04-18,5256,5263,4863,5064,178577,-0.006084396467124664
2023-04-19,5063,5125,4855,4948,138017,-0.02290679304897314
2023-04-20,4978,5109,4748,4779,69191,-0.034155214227970854
2023-04-21,4778,4901,4624,4717,83347,-0.012973425402803884
2023-04-24,4747,4747,4515,4663,65375,-0.01144795420818312
2023-04-25,4561,4616,4377,4393,56058,-0.05790263778683247
2023-04-26,4369,4624,4331,4409,32831,0.003642157978602345
2023-04-27,4423,4423,4277,4370,24686,-0.008845543207076423
2023-04-28,4369,4469,4177,4177,26520,-0.04416475972540046
2023-05-02,4223,4530,4076,4393,187672,0.051711754847977076
2023-05-03,4546,4746,4339,4339,93161,-0.012292283177782859
2023-05-04,4339,4609,4339,4471,83187,0.03042175616501508
2023-05-08,4493,4554,4431,4478,40313,0.0015656452695147483
2023-05-09,4515,4615,4377,4447,44039,-0.0069227333631085575
2023-05-10,4447,4847,4308,4756,197889,0.06948504609849326
2023-05-11,4778,5148,4778,4933,362140,0.03721614802354911
2023-05-12,4948,4948,4516,4756,177029,-0.03588080275694305
2023-05-15,4679,4809,4470,4710,136701,-0.009671993271656909
2023-05-16,4709,5001,4654,4771,75905,0.0129511677282379
2023-05-17,4778,5935,4778,5935,2045104,0.24397400964158455
2023-05-18,5972,6142,5541,5919,997971,-0.002695871946082562
2023-05-19,5919,5965,5657,5943,361850,0.0040547389761784736
2023-05-22,5972,6103,5771,5950,254039,0.0011778563015312216
2023-05-23,5981,6574,5981,6421,856095,0.07915966386554629
2023-05-24,6405,6882,6319,6783,790047,0.056377511291076265
2023-05-25,6851,7776,6851,7476,2397483,0.10216718266253877
2023-05-26,7399,7723,7199,7693,840199,0.029026217228464324
2023-05-30,7631,8787,7476,8595,1197055,0.11724944754972055
2023-05-31,8571,8617,7792,8487,843153,-0.012565445026177957
2023-06-01,8485,9889,8286,9427,1728896,0.11075762931542354
2023-06-02,9426,9780,9026,9373,786171,-0.005728227431844757
2023-06-05,9396,9559,8648,9559,575800,0.019844233436466352
2023-06-07,9827,9827,9327,9597,914401,0.003975311225023592
2023-06-08,9471,9557,8786,8856,667177,-0.07721162863394815
2023-06-09,9095,9095,8509,8903,705535,0.005307136404697488
2023-06-12,9134,9534,8146,8325,866431,-0.06492193642592381
2023-06-13,8533,8602,7801,7863,690318,-0.055495495495495484
2023-06-14,7946,8146,7645,8016,602981,0.019458222052651575
2023-06-15,7900,8308,7869,8109,254128,0.011601796407185727
2023-06-16,8347,9180,8162,8942,943645,0.10272536687631018
2023-06-19,8678,9094,8678,8926,228386,-0.0017893088794452838
2023-06-20,8926,9774,8926,9559,989338,0.0709164239300919
2023-06-21,9620,9658,9203,9559,520853,0.0
2023-06-22,9172,12124,9148,11485,4424323,0.2014855110367193
2023-06-23,11932,13097,11539,13097,3485142,0.1403569873748367
2023-06-26,13566,14645,12964,14183,3146766,0.08291975261510265
2023-06-27,14036,14414,12656,13189,1615331,-0.07008390326447156
2023-06-28,13381,14182,12440,12665,1754395,-0.03973007809538254
2023-06-29,12794,13057,11885,12418,1064909,-0.01950256612712198
2023-06-30,12416,12425,10289,11138,2032622,-0.10307617973908845
2023-07-03,11223,12156,11022,11871,891059,0.06581073801400605
2023-07-04,11732,12656,11315,12634,1015051,0.06427428186336459
2023-07-05,12811,13913,12040,13652,1473954,0.08057622289061261
2023-07-06,13781,14575,12717,12834,1583682,-0.059917960738353315
2023-07-07,12333,13335,12333,13220,492022,0.030076359669627628
2023-07-10,12948,12964,12209,12256,518928,-0.07291981845688356
2023-07-11,12256,12486,11792,12256,417386,0.0
2023-07-12,12301,13482,11700,13482,767063,0.10003263707571808
2023-07-13,13574,16958,13566,16805,4068129,0.24647678385996152
2023-07-14,17266,17806,16688,17344,1965079,0.03207378756322532
2023-07-17,17382,17382,15609,15726,1151330,-0.09328874538745391
2023-07-18,16495,18114,16226,17884,2252517,0.13722497774386366
2023-07-19,18538,23240,18422,21661,7850377,0.2111943636770297
2023-07-20,20851,25129,19771,24899,4201917,0.14948524998845847
2023-07-21,26208,27519,23895,24359,2402393,-0.02168761797662555
2023-07-24,24667,29369,23356,28522,4016518,0.17090192536639437
2023-07-25,27211,28482,22893,24436,2216718,-0.14325783605637754
2023-07-26,24552,24745,21430,22510,1684452,-0.07881813717466035
2023-07-27,24474,25785,23009,23357,1355860,0.03762772101288325
2023-07-28,24474,26362,22277,26132,1144954,0.11880806610437977
2023-07-31,26632,26632,24667,25207,562159,-0.03539721414357877
2023-08-01,24898,26208,24049,25438,781426,0.009164121077478438
2023-08-02,24551,25438,22817,23126,677503,-0.0908876484000315
2023-08-03,22509,23126,21198,23126,775069,0.0
2023-08-04,24089,25362,22817,24206,875836,0.04670068321369891
2023-08-07,23857,25168,22277,23087,716837,-0.046228207882343275
2023-08-08,23318,24282,22161,23203,637959,0.005024472646944167
2023-08-09,23125,26170,21776,26017,2642764,0.12127742102314354
2023-08-10,26594,27981,24705,27674,2510002,0.06368912634046975
2023-08-11,27095,30101,25475,26209,2111295,-0.05293777552937773
2023-08-14,26247,29639,25592,29139,1779124,0.11179365866687019
2023-08-16,27441,27866,24859,26479,1961569,-0.09128659185284327
2023-08-17,26054,27442,24975,25824,1090577,-0.02473658370784393
2023-08-18,25129,25785,23587,24706,897055,-0.04329306071871131
2023-08-21,24049,24204,22700,23472,776934,-0.04994738120294662
2023-08-22,23934,25129,23317,23704,610538,0.009884117246080404
2023-08-23,23702,24781,22123,22123,866051,-0.06669760377995271
2023-08-24,22277,23703,21467,22586,748652,0.02092844550919848
2023-08-25,22161,22700,21197,21391,808797,-0.05290888160807583
2023-08-28,21429,21815,20697,21199,541644,-0.008975737459679278
2023-08-29,21198,25360,21159,24783,2080274,0.1690645785178546
2023-08-30,24782,26363,24050,24976,1154376,0.007787596336198188
2023-08-31,24666,27403,24435,26209,2270736,0.04936739269698909
2023-09-01,26208,26864,24204,24976,672135,-0.0470449082376283
2023-09-04,24358,25360,23241,24051,685459,-0.037035554131966686
2023-09-05,24050,26440,23664,25824,1812382,0.0737183485094175
2023-09-06,25824,29486,24706,28754,2695158,0.11346034696406448
2023-09-07,28329,29833,26441,27058,1862609,-0.05898309800375601
2023-09-08,26479,27365,24859,26749,874868,-0.011419912779954133
2023-09-11,26826,27712,25361,26017,721089,-0.027365508990990328
2023-09-12,26518,26749,23319,23936,939074,-0.0799861628934927
2023-09-13,23972,24704,23163,23819,473320,-0.004888034759358284
2023-09-14,24011,25592,23818,25554,403385,0.07284100927830717
2023-09-15,25206,26362,23741,24513,598970,-0.04073726226813801
2023-09-18,24551,24551,22623,24166,576774,-0.014155754089666739
2023-09-19,24050,25476,23742,24976,446363,0.033518166018372986
2023-09-20,24974,25051,22970,23742,420979,-0.04940743113388857
2023-09-21,23125,23972,22662,22740,320308,-0.04220368966388677
2023-09-22,22122,23009,21814,22817,359185,0.0033861037818820883
2023-09-25,23085,23201,21736,21776,365262,-0.04562387693386505
2023-09-26,21892,23125,21083,21083,382354,-0.03182402645113891
2023-09-27,20889,21853,20195,21391,268259,0.014608926623345786
2023-10-04,20812,20966,18885,19464,424605,-0.09008461502501053
2023-10-05,20118,20504,18769,19156,342582,-0.01582408549116321
2023-10-06,19194,19811,18924,19118,252989,-0.001983712674879956
2023-10-10,19271,19578,16649,16843,851653,-0.11899780311748087
2023-10-11,17266,18037,16765,17190,494117,0.020602030517128833
2023-10-12,17382,18963,17382,18077,541964,0.05159976730657356
2023-10-13,17729,18037,17267,17807,188309,-0.014936106654865333
2023-10-16,17151,17267,16419,16728,452945,-0.060594148368619094
2023-10-17,17035,17613,16110,16458,407310,-0.01614060258249639
2023-10-18,16302,16302,14946,15070,721763,-0.08433588528375258
2023-10-19,14638,14761,13258,13575,884884,-0.09920371599203714
2023-10-20,13527,13805,13041,13220,483086,-0.02615101289134436
2023-10-23,13141,13466,12525,12973,334344,-0.018683812405446254
2023-10-24,13196,14107,12426,14107,657755,0.08741231789100445
2023-10-25,15292,15339,14052,14538,1723830,0.030552208123626468
2023-10-26,13589,16264,13203,15571,1345190,0.0710551657724583
2023-10-27,16341,18769,15801,17999,2606570,0.15593089718065634
2023-10-30,18886,18962,16958,17807,1281611,-0.010667259292182929
2023-10-31,18038,20157,17575,18385,1920201,0.03245914527994609
2023-11-01,18963,19965,17961,19927,1176563,0.0838727223279847
2023-11-02,20234,23434,19618,22355,2510839,0.12184473327645917
2023-11-03,23164,23781,22316,23242,1263080,0.039677924401699816
2023-11-06,22894,24282,21237,23242,1554317,0.0
2023-11-07,23241,23665,20466,21353,1200746,-0.08127527751484387
2023-11-08,21544,21737,19231,19271,1423240,-0.09750386362572006
2023-11-09,19270,20773,19000,19348,1725274,0.0039956411187795915
2023-11-10,19463,20157,18461,18963,1080765,-0.01989869753979745
2023-11-13,18384,19155,15841,16805,2020256,-0.11380055898328323
2023-11-14,16418,17652,16303,17152,1326328,0.020648616483189608
2023-11-15,18191,19270,17497,18616,1499223,0.08535447761194037
2023-11-16,19077,19077,17228,18924,911812,0.016544907606360182
2023-11-17,18500,19464,17729,18385,641200,-0.028482350454449357
2023-11-20,17998,18885,17729,18385,415625,0.0
2023-11-21,18461,18846,17575,18192,559067,-0.010497688332880117
2023-11-22,17767,17883,16996,17460,786831,-0.04023746701846964
2023-11-23,17690,17882,16765,16920,764478,-0.030927835051546393
2023-11-24,16997,17652,16341,17537,1173713,0.03646572104018908
2023-11-27,16958,17074,15956,16188,1057183,-0.07692307692307687
2023-11-28,16341,16650,15609,16265,651428,0.004756609834445369
2023-11-29,16148,19039,15840,18269,2403069,0.1232093452197971
2023-11-30,18268,18731,17536,18308,765973,0.00213476380754285
2023-12-01,18115,20234,18115,20158,1613888,0.10104872187022074
2023-12-04,20196,20658,18538,19310,1030753,-0.042067665443000335
2023-12-05,19116,19386,17729,17961,620911,-0.06986017607457273
2023-12-06,17729,17883,16765,17691,617469,-0.015032570569567416
2023-12-07,17536,17536,16612,16882,448845,-0.04572946696060143
2023-12-08,16882,17845,16149,17422,1046935,0.031986731429925364
2023-12-11,17112,18538,16881,18038,509192,0.035357593846860214
2023-12-12,18191,18422,17536,17768,291351,-0.01496840004435085
2023-12-13,17691,17691,16881,17075,234832,-0.03900270148581719
2023-12-14,17458,18499,17227,17382,736930,0.017979502196193264
2023-12-15,17458,17574,16726,17035,416263,-0.01996318030146127
2023-12-18,17265,17882,16996,17305,358150,0.01584972116231298
2023-12-19,17498,18191,17228,18038,513641,0.04235770008668016
2023-12-20,18114,19000,17382,17691,699641,-0.01923716598292491
2023-12-21,17807,18384,17459,17807,474532,0.006557006387428732
2023-12-22,17961,18037,16727,17075,552377,-0.041107429662492256
2023-12-26,16650,16920,15879,16381,537427,-0.04064421669106877
2023-12-27,16495,16996,16186,16573,346370,0.011720896160185568
2023-12-28,16650,16920,15994,16920,332500,0.020937669703734896
2024-01-02,16880,16880,15648,15918,598574,-0.05921985815602837
2024-01-03,15762,15840,14499,14800,843178,-0.07023495413996739
2024-01-04,14753,15130,14491,15039,363390,0.016148648648648622
2024-01-05,15084,15916,15084,15609,398436,0.037901456213844
2024-01-08,15725,16457,15455,16034,483036,0.027227881350502914
2024-01-09,16495,18731,15956,17961,1960334,0.12018211300985415
2024-01-10,19078,19193,16149,16805,1779454,-0.06436167251266633
2024-01-11,16573,17035,16149,16805,432709,0.0
2024-01-12,16495,16572,15362,15879,797939,-0.055102648021422174
2024-01-15,15724,16033,15377,15841,263471,-0.0023930978021285965
2024-01-16,15725,15995,15200,15379,321078,-0.029164825452938525
2024-01-17,15377,15416,13920,14006,600224,-0.0892775863190064
2024-01-18,13789,14992,13720,14607,349859,0.042910181350849674
2024-01-19,14800,15285,14792,14893,269456,0.019579653590744206
2024-01-22,14822,14822,13951,14800,451633,-0.006244544416840081
2024-01-23,15231,15801,14815,15124,522158,0.021891891891892
2024-01-24,15238,15238,14483,14561,194790,-0.03722560169267386
2024-01-25,14698,15007,13889,14468,308807,-0.006386923975001735
2024-01-26,14421,14468,14105,14468,195568,0.0
2024-01-29,14569,14569,13413,13714,313127,-0.05211501244124961
2024-01-30,13712,13821,12456,12850,594927,-0.06300131252734431
2024-01-31,12834,12949,12295,12295,322058,-0.04319066147859918
2024-02-01,12208,12841,11962,12387,329936,0.007482716551443724
2024-02-02,12524,12802,12047,12217,395725,-0.013724065552595421
2024-02-05,12341,12403,11308,11640,442781,-0.047229270688385006
2024-02-06,11553,11584,10620,11076,552476,-0.04845360824742273
2024-02-07,11022,11022,10621,10915,282574,-0.014535933550018032
2024-02-08,10945,11245,10559,11007,274129,0.008428767750801702
2024-02-13,11007,11754,10875,11624,440564,0.05605523757608788
2024-02-14,11338,12032,11338,11709,269383,0.007312456985547167
2024-02-15,11909,11909,11407,11447,262864,-0.02237595012383642
2024-02-16,11669,12255,11562,11624,615548,0.015462566611339268
2024-02-19,11654,12487,11639,11871,521027,0.021249139710942888
2024-02-20,11839,12471,11754,11909,501030,0.0032010782579394714
2024-02-21,11955,12024,11315,11370,291307,-0.04525988748005705
2024-02-22,11446,12479,11407,12449,677270,0.09489885664028153
2024-02-23,12494,12695,11932,12642,508443,0.015503253273355222
2024-02-26,12433,12486,10636,11624,938131,-0.08052523334915362
2024-02-27,11385,11516,10791,10846,373397,-0.0669304886441845
2024-02-28,10790,10906,10327,10475,306102,-0.034206158952609256
2024-02-29,10475,10475,9889,10044,366633,-0.04114558472553698
2024-03-04,10088,10212,9634,9712,360531,-0.03305455993628037
2024-03-05,9711,9788,9349,9519,254379,-0.0198723228995058
2024-03-06,9325,9888,9318,9650,211248,0.013761949784641292
2024-03-07,9789,10360,9635,10183,419102,0.05523316062176176
2024-03-08,10143,10274,9681,9774,192267,-0.04016498085043696
2024-03-11,9635,10020,9403,9489,217101,-0.02915899324739102
2024-03-12,9488,9943,9488,9605,212888,0.012224681209821897
2024-03-13,9711,10512,9711,10282,657896,0.07048412285268091
2024-03-14,10329,10514,9928,9975,196735,-0.029858004279323058
2024-03-15,10012,10791,9735,10715,555871,0.07418546365914791
2024-03-18,10636,10814,10405,10776,211182,0.005692953803079881
2024-03-19,10667,10667,10212,10298,160860,-0.04435783221974754
2024-03-20,10289,10351,9927,9982,127037,-0.030685570013594843
2024-03-21,10105,10297,10036,10129,178238,0.014726507713884951
2024-03-22,10066,10150,9927,9982,153073,-0.014512785072563927
2024-03-25,10020,10282,9750,10229,228472,0.024744540172310092
2024-03-26,10213,10213,9658,9736,265156,-0.048196304624107955
2024-03-27,9735,9735,9241,9420,270951,-0.032456861133935866
2024-03-28,9364,9565,9264,9512,106230,0.009766454352441611
2024-03-29,9504,9527,9226,9250,136344,-0.027544154751892314
2024-04-01,9342,9719,9264,9620,200861,0.040000000000000036
2024-04-02,9688,9750,8925,8934,300680,-0.07130977130977134
2024-04-03,8863,9171,8632,9080,140755,0.016342064025072656
2024-04-04,9133,9133,8547,8903,261884,-0.019493392070484616
2024-04-05,8717,8772,8339,8487,282989,-0.04672582275637427
2024-04-08,8733,8740,8093,8163,227608,-0.038176033934252396
2024-04-09,8170,8316,8023,8217,142276,0.006615214994487362
2024-04-11,8031,8170,7823,7978,127337,-0.029086041134233853
2024-04-12,7977,8278,7885,8140,108783,0.020305841062923102
2024-04-15,7969,7969,7629,7746,189764,-0.048402948402948454
2024-04-16,7700,7815,7399,7454,187607,-0.03769687580686809
2024-04-17,7476,7653,7392,7392,84161,-0.008317681781593755
2024-04-18,7392,7947,6952,7863,203507,0.06371753246753253
2024-04-19,7823,7846,7168,7369,147868,-0.06282589342490141
2024-04-22,7260,7669,7253,7631,118967,0.03555434930112633
2024-04-23,7645,7700,7253,7284,159207,-0.04547241514873546
2024-04-24,7391,7553,7261,7292,161206,0.001098297638659984
2024-04-25,7260,7260,6928,6937,202118,-0.048683488754799775
2024-04-26,6936,8809,6936,8086,2705034,0.1656335591754361
2024-04-29,7977,8069,7753,7901,392367,-0.02287905021023995
2024-04-30,7977,9480,7962,9242,1987880,0.16972535122136434
2024-05-02,9165,9450,8871,8942,420221,-0.032460506383899634
2024-05-03,9002,9086,8670,8995,303905,0.005927085663162579
2024-05-07,8995,9011,8540,8626,272612,-0.04102279043913282
2024-05-08,8663,10266,8486,9859,2491788,0.14293994899142137
2024-05-09,9935,11315,9789,11316,3048555,0.14778375088751394
2024-05-10,11485,11485,10567,10715,939109,-0.05311063980205022
2024-05-13,10721,10730,9673,9890,670745,-0.07699486700886604
2024-05-14,9866,10367,9596,10368,640937,0.04833164812942359
2024-05-16,10051,10097,9696,9836,387767,-0.051311728395061706
2024-05-17,9835,12239,9789,11724,5879735,0.19194794631964207
2024-05-20,11732,12156,11254,11255,1080323,-0.04000341180484479
2024-05-21,11253,11646,10952,11454,666386,0.01768103065304305
2024-05-22,11793,11855,10984,11046,525023,-0.03562074384494496
2024-05-23,10867,11175,9981,10552,724557,-0.04472207133804096
2024-05-24,10274,10428,9711,9820,570741,-0.06937073540561034
2024-05-27,9866,10752,9711,10383,829271,0.057331975560081405
2024-05-28,10443,11407,10389,11107,1283044,0.06972936530867768
2024-05-29,11107,11184,10506,10530,342470,-0.05194922121184842
2024-05-30,10297,13065,9843,12634,5441733,0.19981006647673305
2024-05-31,12856,13181,11985,12102,1431843,-0.04210859585246163
2024-06-03,12449,12719,12171,12303,768954,0.016608824987605297
2024-06-04,12302,12988,11824,12850,952782,0.04446070064211982
2024-06-05,12919,13342,12472,12966,905917,0.009027237354085615
2024-06-07,13273,13312,12186,12187,656646,-0.06008020977942308
2024-06-10,12324,12803,11654,12503,571648,0.02592926889308278
2024-06-11,12448,12625,12178,12287,329363,-0.017275853795089224
2024-06-12,12039,12502,11777,11932,338938,-0.02889232522177909
2024-06-13,11893,12047,11662,11971,358068,0.0032685216225276648
2024-06-14,11986,11993,10791,10892,665688,-0.09013449168824661
2024-06-17,10768,10775,10112,10306,475223,-0.05380095482923242
2024-06-18,10305,11022,10197,10568,438588,0.025422084222782804
2024-06-19,10583,10683,9743,10052,633094,-0.048826646479939395
2024-06-20,10058,10251,9811,9897,212911,-0.015419816951850351
2024-06-21,9804,9973,9426,9519,301074,-0.038193391936950594
2024-06-24,9596,12371,9596,12372,1791397,0.29971635676016395
2024-06-25,14012,14089,11684,12217,4635279,-0.012528289686388638
2024-06-26,11986,12989,11778,12226,2141242,0.0007366783989521952
2024-06-27,12248,12255,11477,11578,636372,-0.05300179944380823
2024-06-28,11577,11577,11138,11239,377869,-0.02927966833650031
2024-07-01,11292,11446,10852,11308,450591,0.006139336239878945
2024-07-02,11439,11478,10846,10908,320969,-0.03537318712415993
2024-07-03,10907,10998,10474,10622,298650,-0.026219288595526247
2024-07-04,10544,10613,10282,10560,254210,-0.005836942195443395
2024-07-05,10651,10975,10390,10421,448542,-0.013162878787878807
2024-07-08,10251,10837,10175,10761,237542,0.03262642740619892
2024-07-09,10868,12032,10752,11000,1300236,0.022209831800018565
2024-07-10,10968,10975,10236,10236,742013,-0.06945454545454544
2024-07-11,10337,10714,10174,10368,362823,0.01289566236811246
2024-07-12,10375,10961,10375,10784,599919,0.04012345679012341
2024-07-15,9202,9703,8270,8440,1738191,-0.21735905044510384
2024-07-16,8478,8740,8162,8710,452070,0.03199052132701419
2024-07-17,8772,11324,8471,11324,6614672,0.3001148105625717
2024-07-18,10721,11176,9788,10506,3159555,-0.07223595902507951
2024-07-19,10097,11963,9866,11879,4070372,0.13068722634684948
2024-07-22,11476,11492,9889,10028,2079170,-0.1558211970704605
2024-07-23,10012,12571,10004,11817,6361829,0.17840047865975261
2024-07-24,12171,12410,11269,11994,2093657,0.014978420919014912
2024-07-25,11485,11870,11339,11640,665922,-0.02951475737868936
2024-07-26,11416,11524,10822,10985,647945,-0.05627147766323026
2024-07-29,10868,11083,10544,10753,430873,-0.02111970869367319
2024-07-30,10799,11446,10167,10229,832198,-0.04873058681298237
2024-07-31,10328,10436,10004,10136,319877,-0.009091797829699821
2024-08-01,10467,10984,10282,10599,706087,0.045678768745067044
2024-08-02,10405,10536,10089,10190,345344,-0.03858854608925366
2024-08-05,10189,10967,8640,9481,1130059,-0.06957801766437688
2024-08-06,9481,10058,8864,9859,572712,0.03986921210842742
2024-08-07,10359,10428,9781,10036,451491,0.01795313926361697
2024-08-08,9865,10251,9418,9820,466668,-0.021522518931845314
2024-08-09,9974,10313,9950,9990,318692,0.01731160896130346
2024-08-12,10629,11268,10136,10622,1522958,0.06326326326326326
2024-08-13,10784,11169,10506,10908,830359,0.02692524948220676
2024-08-14,11366,11834,11132,11275,445457,0.03364503116978357
2024-08-16,11400,11784,11065,11300,328966,0.0022172949002217113
2024-08-19,11124,11233,10907,10966,720859,-0.029557522123893842
2024-08-20,11075,11785,11033,11209,562576,0.02215940178734277
2024-08-21,11284,11443,10941,10975,288948,-0.020876081720046402
2024-08-22,10932,11759,10932,11158,701974,0.016674259681093373
2024-08-23,11032,11032,10531,10715,374305,-0.039702455637210976
2024-08-26,10706,11158,10623,10732,311078,0.0015865608959402255
2024-08-27,10748,10790,10288,10339,225892,-0.03661945583302273
2024-08-28,10255,10823,9778,10297,436442,-0.004062288422478022
2024-08-29,10138,10297,9779,9863,277429,-0.042148198504418755
2024-08-30,9862,10105,9821,10030,141662,0.016931967961066663
2024-09-02,10021,10046,9787,9946,164690,-0.008374875373878377
2024-09-03,10080,10272,9837,9888,162901,-0.005831490046249721
2024-09-04,9796,10281,9495,9554,342679,-0.033778317152103554
2024-09-05,9704,9837,9110,9328,258873,-0.023655013606866282
2024-09-06,9244,9528,8834,9244,230603,-0.00900514579759859
2024-09-09,9051,9302,8650,9194,279879,-0.005408913890090905
2024-09-10,9344,10648,9336,9863,852473,0.07276484663911242
2024-09-11,9862,10012,9594,9712,165118,-0.015309743485754868
2024-09-12,9661,10146,9661,10038,157220,0.0335667215815485
2024-09-13,10138,10138,9520,9520,226422,-0.051603905160390484
2024-09-19,9678,10088,9202,10030,267095,0.0535714285714286
2024-09-20,10038,10824,10004,10824,559244,0.07916251246261208
2024-09-23,10957,11157,10581,10740,354362,-0.0077605321507761005
2024-09-24,10690,10824,10322,10557,238958,-0.017039106145251393
2024-09-25,10840,11919,10707,10891,1050122,0.03163777588330019
2024-09-26,10957,11668,10773,11409,646892,0.047562207327150885
2024-09-27,11760,11810,11158,11476,522233,0.005872556753440339
2024-09-30,11701,13740,11701,12788,3154216,0.11432554897176717
2024-10-02,13205,13456,11425,11601,2186750,-0.0928213950578668
2024-10-04,11743,11910,11133,11200,928882,-0.034565985690888756
2024-10-07,11492,12061,11334,11844,951769,0.05750000000000011
2024-10-08,11868,12052,11542,11827,465256,-0.001435325903411
2024-10-10,11827,11860,11041,11142,579638,-0.05791832248245543
2024-10-11,11242,11626,11041,11443,427689,0.02701489858194228
2024-10-14,11442,11617,10907,11158,426438,-0.024906056104168517
2024-10-15,11124,11576,10949,11576,261036,0.03746191073669114
2024-10-16,11459,12111,11133,12070,725316,0.0426744989633725
2024-10-17,12560,13350,12050,12180,1063625,0.009113504556752305
2024-10-18,12600,12750,11380,11970,459491,-0.017241379310344862
2024-10-21,12410,12500,11870,12120,287649,0.012531328320801949
2024-10-22,12030,12100,11500,11500,247904,-0.051155115511551164
2024-10-23,11570,11850,11070,11140,253409,-0.03130434782608693
2024-10-24,11010,11010,10420,10480,346859,-0.05924596050269304
2024-10-25,10200,10400,10000,10120,231376,-0.03435114503816794
2024-10-28,9200,9680,9090,9320,999162,-0.07905138339920947
2024-10-29,9320,9320,8740,8940,518905,-0.04077253218884125
2024-10-30,8880,9390,8710,9020,402855,0.008948545861297452
2024-10-31,9020,9160,8740,8740,303870,-0.03104212860310418
2024-11-01,8640,8690,8150,8180,410111,-0.06407322654462244
2024-11-04,8050,8550,7970,8440,380188,0.0317848410757946
2024-11-05,8400,8900,8300,8640,241738,0.023696682464454888
2024-11-06,8950,9400,8660,9040,1184038,0.04629629629629628
2024-11-07,8890,8890,7850,8220,735455,-0.09070796460176989
2024-11-08,8080,8310,7850,7950,388035,-0.03284671532846717
2024-11-11,7800,7890,7100,7340,611297,-0.07672955974842766
2024-11-12,7320,7340,6650,6850,626662,-0.06675749318801094
2024-11-13,6760,7040,6470,6700,585255,-0.021897810218978075
2024-11-14,6710,6950,6490,6570,308698,-0.0194029850746269
2024-11-15,6470,7030,6340,6910,292607,0.05175038051750391
2024-11-18,7020,7510,7020,7250,559164,0.04920405209840806
2024-11-19,7540,8590,7450,8110,2196199,0.11862068965517247
2024-11-20,8040,8350,7830,8170,492714,0.007398273736128225
2024-11-21,8350,8370,7550,7560,444675,-0.07466340269277849
2024-11-22,7560,7880,7300,7470,352417,-0.011904761904761862
2024-11-25,7700,8050,7660,8040,464024,0.0763052208835342
2024-11-26,8200,8520,7890,8330,647628,0.03606965174129351
2024-11-27,8440,8660,8240,8360,642141,0.0036014405762305746
2024-11-28,8360,8480,7930,8000,368973,-0.0430622009569378
2024-11-29,8050,8360,7950,8000,339663,0.0
2024-12-02,8000,8100,7440,7450,324405,-0.06874999999999998
2024-12-03,7360,7790,7350,7580,190529,0.01744966442953011
2024-12-04,7210,7450,7100,7130,246146,-0.05936675461741425
2024-12-05,7380,7860,7360,7470,564247,0.04768583450210384
2024-12-06,7410,7500,7040,7400,287899,-0.009370816599732268
2024-12-09,7350,7350,6760,6760,415493,-0.08648648648648649
2024-12-10,6780,7580,6780,7400,361443,0.09467455621301779
2024-12-11,7350,7600,7320,7480,227064,0.0108108108108107
2024-12-12,7700,8200,7560,7890,561730,0.05481283422459904
2024-12-13,8120,8320,7980,8160,543456,0.034220532319391594
2024-12-16,8160,8650,8070,8460,564979,0.03676470588235303
2024-12-17,8540,8630,8190,8510,336064,0.005910165484633634
2024-12-18,8560,8560,8090,8380,359214,-0.01527614571092828
2024-12-19,8090,8890,8040,8630,565473,0.029832935560859086
2024-12-20,8660,8700,8060,8100,390035,-0.06141367323290847
2024-12-23,8120,8230,8020,8090,154202,-0.0012345679012345512
2024-12-24,8070,8290,8000,8080,152325,-0.0012360939431397266
2024-12-26,8120,8250,7910,7910,175209,-0.02103960396039606
2024-12-27,7870,8020,7690,7760,192570,-0.01896333754740831
2024-12-30,7600,8190,7600,8150,147769,0.05025773195876293
2025-01-02,8270,8790,8150,8740,401186,0.07239263803680984
2025-01-03,8790,8920,8570,8870,313851,0.014874141876430214
2025-01-06,9230,9500,8870,8900,623890,0.0033821871476888976
2025-01-07,9690,9700,9170,9380,897739,0.053932584269662964
2025-01-08,9300,9390,9160,9190,299020,-0.02025586353944564
2025-01-09,9110,9400,8840,9350,327043,0.017410228509249226
2025-01-10,9350,9350,8950,8960,223286,-0.0417112299465241
2025-01-13,8950,8950,8630,8660,189849,-0.033482142857142905
2025-01-14,8840,8840,8480,8660,169422,0.0
2025-01-15,8750,8750,8210,8300,192259,-0.04157043879907618
2025-01-16,8390,8590,8390,8520,173297,0.026506024096385472
2025-01-17,8440,8440,8200,8210,200066,-0.03638497652582162
2025-01-20,8380,8500,8120,8460,196814,0.030450669914738215
2025-01-21,8590,8920,8470,8580,266345,0.014184397163120588
2025-01-22,8700,8850,8340,8370,290313,-0.02447552447552448
2025-01-23,8460,8520,8100,8310,315062,-0.007168458781361964
2025-01-24,8420,8440,8120,8180,228972,-0.01564380264741272
2025-01-31,8200,8390,7890,8360,281513,0.022004889975550057
2025-02-03,8220,8290,7840,7860,220720,-0.05980861244019142
2025-02-04,7930,8530,7930,8380,435196,0.0661577608142494
2025-02-05,8750,9320,8470,9180,1325272,0.09546539379474939
2025-02-06,9130,9470,9020,9220,980314,0.004357298474945592
2025-02-07,9480,9580,8810,9010,842582,-0.022776572668112838
2025-02-10,8830,9130,8700,8950,402674,-0.006659267480577102
2025-02-11,9000,9200,8810,8950,316903,0.0
2025-02-12,8950,9080,8500,8590,404264,-0.040223463687150796
2025-02-13,8600,8810,8370,8440,223020,-0.0174621653084982
2025-02-14,8440,8830,8400,8590,298612,0.017772511848341166
2025-02-17,8670,9350,8670,9140,857150,0.06402793946449359
2025-02-18,9170,9300,8890,9040,402338,-0.01094091903719907
2025-02-19,9210,9300,8900,9110,544803,0.007743362831858391
2025-02-20,8930,9000,8670,8670,396054,-0.04829857299670692
2025-02-21,8670,8810,8610,8770,147837,0.011534025374855927
2025-02-24,8590,8590,8440,8510,188166,-0.029646522234891726
2025-02-25,8410,8600,8370,8500,119871,-0.001175088131609825
2025-02-26,8500,9130,8330,8570,848685,0.008235294117647118
2025-02-27,8580,8580,8390,8410,200627,-0.018669778296382722
2025-02-28,8270,8270,8020,8030,256466,-0.045184304399524367
2025-03-04,7960,8150,7550,7900,142818,-0.016189290161892855
2025-03-05,8530,8550,8000,8090,249507,0.02405063291139231
2025-03-06,8180,8190,7850,7880,145153,-0.02595797280593326
2025-03-07,7800,8050,7700,7770,138421,-0.013959390862944177
2025-03-10,7770,8040,7740,7810,103947,0.005148005148005064
2025-03-11,7480,7690,7450,7490,190891,-0.04097311139564663
2025-03-12,7490,7630,7460,7540,105434,0.006675567423231055
2025-03-13,7620,7750,7350,7480,122010,-0.007957559681697646
2025-03-14,7490,7890,7350,7810,244672,0.044117647058823595
2025-03-17,7810,7880,7620,7810,126517,0.0
2025-03-18,7950,7950,7690,7920,160834,0.014084507042253502
2025-03-19,7930,7930,7700,7730,134469,-0.023989898989899006
2025-03-20,7730,7750,7440,7470,138483,-0.03363518758085382
2025-03-21,7400,7560,7150,7230,144508,-0.032128514056224855
2025-03-24,7280,7430,7230,7390,70065,0.022130013831258566
2025-03-25,7390,7520,7190,7280,110448,-0.014884979702300405
2025-03-26,7290,7580,7250,7390,104624,0.015109890109890056
2025-03-27,7390,7390,7170,7180,119210,-0.02841677943166443
2025-03-28,7180,7250,6820,6980,130932,-0.027855153203342642
2025-03-31,6720,6860,6420,6440,146259,-0.07736389684813749
2025-04-01,6690,6800,6580,6770,80544,0.05124223602484479
2025-04-02,6920,6920,6500,6520,65312,-0.03692762186115217
2025-04-03,6210,6810,6210,6530,65048,0.0015337423312884457
2025-04-04,6300,6670,6300,6620,62726,0.013782542113323082
2025-04-07,6350,6440,5960,5970,112903,-0.09818731117824775
2025-04-08,6020,6290,5900,6150,67956,0.03015075376884413
2025-04-09,6130,6200,5800,5880,124976,-0.04390243902439028
2025-04-10,6450,6450,6190,6330,55707,0.07653061224489788
2025-04-11,6200,6730,6200,6610,86044,0.04423380726698256
2025-04-14,6880,7250,6660,7060,91983,0.0680786686838124
2025-04-15,7200,7370,7080,7150,124707,0.012747875354107707
2025-04-16,7400,7480,6900,6970,118018,-0.025174825174825166
2025-04-17,6960,7150,6850,7110,46554,0.020086083213773254
2025-04-18,7200,7500,7110,7340,127447,0.03234880450070321
2025-04-21,7360,7490,7150,7200,93464,-0.019073569482288777
2025-04-22,7200,7260,7080,7170,41746,-0.004166666666666652
2025-04-23,7230,7280,7120,7240,53404,0.009762900976290068
2025-04-24,7250,7320,7100,7170,53942,-0.00966850828729282
2025-04-25,7230,7240,7000,7160,43097,-0.001394700139469962
2025-04-28,7160,7210,7000,7120,39181,-0.005586592178770999
2025-04-29,7120,7270,7010,7260,55362,0.0196629213483146
2025-04-30,7280,7280,7030,7120,55762,-0.019283746556473802
2025-05-02,6990,7130,6990,7120,35352,0.0
2025-05-07,7120,7290,7010,7290,58660,0.023876404494381998
2025-05-08,7330,7550,7260,7350,125596,0.008230452674897082
2025-05-09,7350,7450,7080,7190,80267,-0.0217687074829932
2025-05-12,7250,7460,7210,7270,73184,0.011126564673157091
2025-05-13,7420,7430,7250,7310,56874,0.005502063273727709
2025-05-14,7350,7370,6990,7050,122134,-0.035567715458276306
2025-05-15,7060,7120,6980,7020,79188,-0.004255319148936176
2025-05-16,7070,7070,6810,6850,113331,-0.024216524216524205
2025-05-19,6850,6880,6510,6550,93942,-0.04379562043795615
2025-05-20,6590,7200,6590,6640,223184,0.013740458015267132
2025-05-21,6690,6750,6440,6540,98788,-0.015060240963855387
2025-05-22,6500,6600,6380,6470,74480,-0.010703363914373099
2025-05-23,6520,6520,6200,6330,107906,-0.021638330757341562
2025-05-26,6180,6430,6180,6340,86554,0.0015797788309637184
2025-05-27,6370,6480,6300,6330,79815,-0.001577287066246047
2025-05-28,6400,6400,6160,6240,105077,-0.014218009478673022
2025-05-29,6310,6380,6250,6360,39673,0.019230769230769162
2025-05-30,6330,6390,6200,6230,87906,-0.020440251572327095
2025-06-02,6270,6290,6160,6200,85737,-0.0048154093097912964
2025-06-04,6310,6510,6280,6430,56473,0.0370967741935484
2025-06-05,6540,6540,6320,6380,72725,-0.007776049766718529
2025-06-09,6500,6600,6430,6600,91760,0.034482758620689724
2025-06-10,6720,6720,6510,6550,72542,-0.007575757575757569
2025-06-11,6570,6640,6400,6500,66137,-0.007633587786259555
2025-06-12,6500,6580,6280,6400,87929,-0.01538461538461533
2025-06-13,6410,6480,5800,5860,476446,-0.08437499999999998
2025-06-16,5900,5980,5680,5690,274957,-0.029010238907849817
2025-06-17,5820,5820,5530,5540,229188,-0.026362038664323406
2025-06-18,5650,5960,5500,5910,203283,0.06678700361010836
2025-06-19,5890,5890,5610,5850,155855,-0.010152284263959421
2025-06-20,5880,5980,5790,5950,101373,0.017094017094017033
2025-06-23,5710,6050,5640,6000,141303,0.008403361344537785
2025-06-24,6230,6230,5910,6200,155022,0.03333333333333344
2025-06-25,6200,7120,6190,7030,802014,0.1338709677419354
2025-06-26,6850,6900,6600,6760,190769,-0.038406827880512084
2025-06-27,7010,7010,6600,6650,140331,-0.016272189349112454
2025-06-30,6650,6650,6330,6490,94565,-0.024060150375939893
2025-07-01,6620,6890,6520,6700,124226,0.03235747303543923
2025-07-02,6930,6940,6450,6650,111396,-0.007462686567164201
2025-07-03,6650,6650,6560,6620,58101,-0.004511278195488688
2025-07-04,6620,6730,6500,6650,71446,0.004531722054380571
2025-07-07,6780,6780,6460,6570,88165,-0.012030075187969946
2025-07-08,6520,6520,6350,6440,84994,-0.019786910197869156
2025-07-09,6690,7030,6580,6840,180715,0.06211180124223592
2025-07-10,6840,6860,6370,6760,87419,-0.011695906432748537
2025-07-11,6760,6880,6630,6670,74082,-0.013313609467455634
2025-07-14,6670,6750,6470,6470,44263,-0.02998500749625188
2025-07-15,6550,6690,6500,6610,59222,0.021638330757341562
2025-07-16,6700,6700,6430,6540,77890,-0.010590015128593033
2025-07-17,6520,6700,6390,6560,96291,0.003058103975535076
2025-07-18,6540,6670,6500,6530,44069,-0.004573170731707266
2025-07-21,6610,6620,6430,6470,49843,-0.009188361408882129
2025-07-22,6520,6650,6300,6330,79283,-0.021638330757341562
2025-07-23,6330,6400,6180,6330,66602,0.0
2025-07-24,6360,6390,6000,6140,100621,-0.03001579778830965
2025-07-25,6140,6190,5800,6060,73797,-0.013029315960912058
2025-07-28,6130,6130,5890,5990,69077,-0.011551155115511524
2025-07-29,5910,6050,5820,5970,42457,-0.0033388981636059967
2025-07-30,5980,6020,5450,5840,114730,-0.021775544388609736
2025-07-31,5920,6280,5730,6280,170804,0.07534246575342474
2025-08-01,6260,6260,5860,5940,98823,-0.05414012738853502
2025-08-04,6000,6020,5860,5990,31382,0.008417508417508435
2025-08-05,6010,6100,5950,6050,49632,0.01001669449081799
2025-08-06,6050,6140,5890,6000,36451,-0.008264462809917328
2025-08-07,6100,6100,5920,6000,34569,0.0
2025-08-08,6010,6080,5920,5930,29273,-0.011666666666666714
2025-08-11,5930,5940,5830,5900,37742,-0.005059021922428353
2025-08-12,5900,5960,5830,5860,42521,-0.006779661016949157
2025-08-13,5870,5950,5840,5940,42669,0.013651877133105783
2025-08-14,6000,6020,5850,5930,29292,-0.0016835016835017313
2025-08-18,5850,5880,5640,5680,79079,-0.042158516020236125
2025-08-19,5740,5740,5530,5660,86417,-0.0035211267605633756
2025-08-20,5900,5900,5400,5480,147004,-0.03180212014134276
2025-08-21,5570,5690,5500,5500,50625,0.0036496350364962904
2025-08-22,5480,5650,5400,5590,42057,0.016363636363636358
2025-08-25,5720,5940,5680,5860,81126,0.04830053667262968
2025-08-26,5840,5890,5750,5770,34150,-0.015358361774744034
