Date,Open,High,Low,Close,Volume,Change
2022-01-03,17600,17600,17400,17500,4980,-0.005681818181818232
2022-01-04,17450,17450,17300,17450,5880,-0.0028571428571428914
2022-01-05,17350,17450,17200,17250,5561,-0.011461318051575908
2022-01-06,17200,17200,16950,17150,4687,-0.005797101449275366
2022-01-07,17100,17300,16850,17250,4365,0.005830903790087438
2022-01-10,17250,17300,17050,17100,4681,-0.008695652173912993
2022-01-11,17050,17250,17050,17050,2382,-0.0029239766081871066
2022-01-12,17050,17150,17000,17100,4794,0.0029325513196480912
2022-01-13,17050,17200,17050,17100,1971,0.0
2022-01-14,17050,17100,16950,17050,7891,-0.0029239766081871066
2022-01-17,17050,17100,16850,16950,6136,-0.0058651026392961825
2022-01-18,16900,16950,16800,16900,6787,-0.002949852507374673
2022-01-19,16900,16900,16650,16800,5607,-0.00591715976331364
2022-01-20,16800,17000,16600,17000,2514,0.011904761904761862
2022-01-21,17050,17050,16500,16700,6477,-0.01764705882352946
2022-01-24,16500,16500,16200,16350,6936,-0.020958083832335328
2022-01-25,16350,16400,15700,15700,9993,-0.03975535168195721
2022-01-26,15600,15950,15600,15900,19474,0.01273885350318471
2022-01-27,16050,16100,15350,15550,8281,-0.022012578616352196
2022-01-28,16050,16050,15450,15900,12133,0.022508038585209
2022-02-03,16200,17000,15950,16100,9136,0.012578616352201255
2022-02-04,16000,16650,16000,16100,5433,0.0
2022-02-07,16100,16200,16050,16150,3849,0.0031055900621117516
2022-02-08,16350,16350,16100,16250,4192,0.006191950464396356
2022-02-09,16250,16600,16250,16500,2743,0.01538461538461533
2022-02-10,16600,16650,16550,16550,2532,0.003030303030302939
2022-02-11,16550,16550,16250,16300,4807,-0.015105740181268867
2022-02-14,16300,16350,16000,16350,6122,0.0030674846625766694
2022-02-15,16200,16300,16000,16100,4019,-0.015290519877675823
2022-02-16,16150,16400,16150,16250,1704,0.009316770186335477
2022-02-17,16250,16550,16250,16300,1926,0.003076923076922977
2022-02-18,16250,16400,16150,16400,2456,0.006134969325153339
2022-02-21,16250,16450,16050,16150,12329,-0.015243902439024404
2022-02-22,16000,16000,15800,15950,13856,-0.012383900928792602
2022-02-23,15950,16100,15850,16000,5247,0.0031347962382444194
2022-02-24,15800,16000,15750,15950,7576,-0.0031250000000000444
2022-02-25,15950,16050,15850,16000,5327,0.0031347962382444194
2022-02-28,16150,16150,15950,16050,4326,0.0031250000000000444
2022-03-02,16050,16250,16000,16200,6151,0.009345794392523255
2022-03-03,16350,16400,16250,16400,5594,0.012345679012345734
2022-03-04,16300,16350,16000,16300,5401,-0.0060975609756097615
2022-03-07,16300,16300,15850,16000,8134,-0.018404907975460127
2022-03-08,16000,16000,15750,15900,9617,-0.006249999999999978
2022-03-10,15950,16100,15900,16050,4896,0.009433962264151052
2022-03-11,16050,16150,16000,16050,3972,0.0
2022-03-14,16050,16100,15950,16100,2797,0.0031152647975076775
2022-03-15,16100,16100,16000,16100,6399,0.0
2022-03-16,16300,16350,16050,16250,5048,0.009316770186335477
2022-03-17,16400,16400,16150,16300,4556,0.003076923076922977
2022-03-18,16350,16400,16250,16400,5709,0.006134969325153339
2022-03-21,16450,16600,16400,16550,4441,0.009146341463414531
2022-03-22,16550,16550,16350,16500,6054,-0.0030211480362537513
2022-03-23,16500,16600,16350,16550,4920,0.003030303030302939
2022-03-24,16450,16600,16350,16550,4708,0.0
2022-03-25,16650,16650,16350,16500,5935,-0.0030211480362537513
2022-03-28,16500,16550,16350,16550,2647,0.003030303030302939
2022-03-29,16500,16500,16400,16500,4799,-0.0030211480362537513
2022-03-30,16450,16700,16450,16600,4780,0.0060606060606061
2022-03-31,16600,16750,16500,16650,2224,0.003012048192771122
2022-04-01,16600,16750,16450,16750,7636,0.006006006006006093
2022-04-04,16750,17000,16650,17000,4902,0.014925373134328401
2022-04-05,17000,17250,16850,17000,5659,0.0
2022-04-06,16950,17000,16800,16950,2961,-0.002941176470588225
2022-04-07,16950,16950,16750,16950,2098,0.0
2022-04-08,16850,17100,16800,17000,2643,0.002949852507374562
2022-04-11,17000,17200,16900,17100,3990,0.00588235294117645
2022-04-12,17100,17100,16700,17050,5427,-0.0029239766081871066
2022-04-13,17050,17350,17000,17350,9522,0.017595307917888547
2022-04-14,17350,17400,17200,17350,6009,0.0
2022-04-15,17350,17700,17200,17600,8096,0.014409221902017322
2022-04-18,17650,17650,17400,17550,887,-0.0028409090909090606
2022-04-19,17550,17650,17400,17600,3847,0.002849002849002913
2022-04-20,17600,17750,17500,17750,2451,0.008522727272727293
2022-04-21,17750,17950,17600,17950,5829,0.011267605633802802
2022-04-22,17950,18150,17850,18050,6277,0.0055710306406684396
2022-04-25,17950,18200,17750,18100,10976,0.0027700831024930483
2022-04-26,17950,18400,17900,17950,4888,-0.008287292817679592
2022-04-27,17750,18050,17700,17800,5749,-0.00835654596100277
2022-04-28,17750,17850,17400,17500,8873,-0.016853932584269704
2022-04-29,17450,17800,17350,17400,5839,-0.005714285714285672
2022-05-02,17300,21800,17300,17750,717505,0.02011494252873569
2022-05-03,17800,17850,17350,17550,61854,-0.011267605633802802
2022-05-04,17500,17900,17300,17600,38097,0.002849002849002913
2022-05-06,17400,17600,17300,17350,20477,-0.014204545454545414
2022-05-09,17350,18200,17100,17150,34740,-0.011527377521613813
2022-05-10,16700,17050,16400,16850,23748,-0.017492711370262426
2022-05-11,16800,16800,16600,16800,10154,-0.0029673590504450953
2022-05-12,16800,17000,16500,16500,10426,-0.017857142857142905
2022-05-13,16400,17100,16350,17050,9873,0.03333333333333344
2022-05-16,17150,17150,16800,17050,5538,0.0
2022-05-17,16800,17150,16800,17100,7805,0.0029325513196480912
2022-05-18,17200,17200,16800,17100,9852,0.0
2022-05-19,16800,16850,16450,16450,14540,-0.03801169590643272
2022-05-20,16500,16900,16500,16800,6011,0.02127659574468077
2022-05-23,16800,16850,16450,16700,8690,-0.005952380952380931
2022-05-24,16600,16700,16200,16550,15196,-0.008982035928143728
2022-05-25,16450,16500,16150,16300,12650,-0.015105740181268867
2022-05-26,16300,16500,16300,16400,6248,0.006134969325153339
2022-05-27,16450,16500,16300,16400,6101,0.0
2022-05-30,16400,16550,16300,16450,7606,0.0030487804878047697
2022-05-31,16550,16700,16250,16700,7012,0.015197568389057725
2022-06-02,16750,16750,16550,16700,4106,0.0
2022-06-03,16750,16750,16500,16500,4504,-0.0119760479041916
2022-06-07,16350,16550,16350,16450,3622,-0.00303030303030305
2022-06-08,16400,16650,16300,16550,8813,0.006079027355623046
2022-06-09,16550,16550,16150,16500,5317,-0.0030211480362537513
2022-06-10,16400,16500,16300,16450,3402,-0.00303030303030305
2022-06-13,16200,16250,15950,16150,8466,-0.018237082066869248
2022-06-14,16000,16300,15400,16150,30293,0.0
2022-06-15,16000,16050,15700,15950,13839,-0.012383900928792602
2022-06-16,15900,16050,15700,15950,6618,0.0
2022-06-17,15800,15800,15400,15800,3917,-0.009404388714733591
2022-06-20,15800,15800,15250,15400,9313,-0.025316455696202556
2022-06-21,15400,15650,15300,15650,5193,0.016233766233766156
2022-06-22,15600,15600,15100,15500,8414,-0.009584664536741228
2022-06-23,15350,15800,15000,15800,11468,0.019354838709677358
2022-06-24,15600,15600,15200,15500,12051,-0.01898734177215189
2022-06-27,15500,15600,15400,15550,8452,0.003225806451612856
2022-06-28,15550,15750,15500,15750,11840,0.012861736334405238
2022-06-29,15400,15750,15400,15750,5300,0.0
2022-06-30,15700,15750,15400,15550,4465,-0.012698412698412653
2022-07-01,15550,15550,15150,15450,6918,-0.006430868167202619
2022-07-04,15450,15450,14850,15250,7050,-0.012944983818770184
2022-07-05,15250,15600,15150,15600,2047,0.022950819672131084
2022-07-06,15600,15700,15200,15500,3388,-0.0064102564102563875
2022-07-07,15500,15700,15350,15700,2692,0.012903225806451646
2022-07-08,15700,15700,15450,15450,4000,-0.015923566878980888
2022-07-11,15450,15450,15300,15350,1651,-0.006472491909385147
2022-07-12,15300,15300,15050,15300,2573,-0.0032573289902280145
2022-07-13,15150,15450,15100,15350,1148,0.0032679738562091387
2022-07-14,15350,15450,15300,15350,966,0.0
2022-07-15,15350,15350,15150,15300,1733,-0.0032573289902280145
2022-07-18,15300,15750,15250,15750,2673,0.02941176470588225
2022-07-19,15750,15800,15450,15650,9648,-0.006349206349206327
2022-07-20,15650,15800,15550,15550,4595,-0.006389776357827448
2022-07-21,15550,15750,15450,15700,2786,0.009646302250803762
2022-07-22,15700,17250,15450,15500,291879,-0.01273885350318471
2022-07-25,15650,15650,15350,15550,9422,0.003225806451612856
2022-07-26,15500,15700,15250,15500,8755,-0.003215434083601254
2022-07-27,15450,15600,15450,15550,6823,0.003225806451612856
2022-07-28,15650,15750,15550,15650,4204,0.006430868167202508
2022-07-29,15700,15800,15650,15700,7853,0.0031948881789136685
2022-08-01,15700,15700,15550,15700,5330,0.0
2022-08-02,15500,15600,15350,15600,9782,-0.006369426751592355
2022-08-03,15500,15650,15500,15600,4196,0.0
2022-08-04,15600,15600,15350,15450,20451,-0.009615384615384581
2022-08-05,15450,15500,15350,15500,13150,0.003236245954692629
2022-08-08,15500,15600,15350,15500,10595,0.0
2022-08-09,15500,15500,15200,15300,23408,-0.012903225806451646
2022-08-10,15250,16100,15100,15550,48335,0.016339869281045694
2022-08-11,15550,15850,15550,15700,23564,0.009646302250803762
2022-08-12,15700,15800,15650,15750,8855,0.0031847133757962887
2022-08-16,15750,15950,15700,15700,16102,-0.0031746031746031633
2022-08-17,15800,15850,15600,15700,5405,0.0
2022-08-18,15500,15800,15500,15750,6270,0.0031847133757962887
2022-08-19,15800,16400,15750,15950,65401,0.012698412698412653
2022-08-22,15850,15850,15550,15700,8044,-0.01567398119122254
2022-08-23,15550,16350,15300,15450,52277,-0.015923566878980888
2022-08-24,15600,15950,15500,15850,21391,0.025889967637540368
2022-08-25,15850,15950,15750,15800,59599,-0.003154574132492094
2022-08-26,15800,16850,15800,15950,326149,0.009493670886076
2022-08-29,15650,15900,15500,15600,31653,-0.021943573667711602
2022-08-30,15600,15950,15600,15750,27451,0.009615384615384581
2022-08-31,15750,16050,15650,15850,19612,0.006349206349206327
2022-09-01,15750,15850,15600,15600,20158,-0.01577287066246058
2022-09-02,15600,15750,15550,15650,12342,0.0032051282051281937
2022-09-05,15650,15900,15600,15850,19413,0.012779552715654896
2022-09-06,15800,16050,15800,15950,17704,0.006309148264984188
2022-09-07,16000,16000,15700,15850,14342,-0.006269592476489061
2022-09-08,15850,16100,15850,15950,11284,0.006309148264984188
2022-09-13,16000,16200,15800,16000,19141,0.0031347962382444194
2022-09-14,15650,16000,15650,15900,18512,-0.006249999999999978
2022-09-15,15900,16100,15900,15950,8552,0.003144654088050425
2022-09-16,15850,16150,15850,15900,18211,-0.0031347962382445305
2022-09-19,15850,16000,15800,15800,6913,-0.0062893081761006275
2022-09-20,15850,16050,15850,15950,4791,0.009493670886076
2022-09-21,15900,16000,15800,15900,5143,-0.0031347962382445305
2022-09-22,15900,15900,15700,15850,6067,-0.0031446540880503138
2022-09-23,15850,15850,15550,15650,6568,-0.012618296529968487
2022-09-26,15650,15650,14750,15000,24761,-0.04153354632587858
2022-09-27,15000,15000,14200,14600,23240,-0.026666666666666616
2022-09-28,14450,14600,13950,14150,19647,-0.03082191780821919
2022-09-29,14150,14400,14150,14350,8346,0.014134275618374659
2022-09-30,14100,14300,14100,14300,11975,-0.0034843205574912606
2022-10-04,14350,14600,14300,14600,7977,0.020979020979021046
2022-10-05,14800,14800,14400,14500,15815,-0.006849315068493178
2022-10-06,14500,14600,14450,14550,3999,0.0034482758620688614
2022-10-07,14550,14550,14300,14350,11596,-0.013745704467353903
2022-10-11,14350,14350,13900,14000,9309,-0.024390243902439046
2022-10-12,13900,13950,13850,13950,5678,-0.0035714285714285587
2022-10-13,13950,13950,13300,13450,19761,-0.03584229390681004
2022-10-14,13500,14000,13450,13900,13061,0.03345724907063197
2022-10-17,13900,13900,13550,13850,2498,-0.003597122302158251
2022-10-18,13850,14000,13750,13900,4390,0.0036101083032491488
2022-10-19,13900,14000,13800,13900,4472,0.0
2022-10-20,13750,13900,13550,13800,8621,-0.007194244604316502
2022-10-21,13700,14000,13650,14000,5462,0.01449275362318847
2022-10-24,14000,14150,13950,14100,10689,0.0071428571428571175
2022-10-25,14100,14200,13950,14150,7396,0.0035460992907800915
2022-10-26,14200,14200,13800,13800,5622,-0.02473498233215543
2022-10-27,13750,14050,13550,14050,6627,0.018115942028985588
2022-10-28,14050,14150,13900,14150,4094,0.007117437722419906
2022-10-31,14150,14450,14100,14300,5685,0.010600706713780994
2022-11-01,14200,14600,14200,14500,10448,0.013986013986013957
2022-11-02,14500,14600,14400,14600,7417,0.006896551724137945
2022-11-03,14550,14600,14200,14550,5208,-0.003424657534246589
2022-11-04,14350,14600,14350,14550,8699,0.0
2022-11-07,14550,14600,14350,14400,6116,-0.010309278350515427
2022-11-08,14400,14450,14250,14250,11032,-0.01041666666666663
2022-11-09,14300,14400,14250,14350,10192,0.007017543859649145
2022-11-10,14350,14450,14200,14350,19622,0.0
2022-11-11,14500,14650,14450,14550,19131,0.013937282229965264
2022-11-14,14550,14650,14450,14550,24087,0.0
2022-11-15,14600,14750,14500,14650,12807,0.0068728522336769515
2022-11-16,14700,14900,14500,14850,31891,0.013651877133105783
2022-11-17,14800,15750,14650,14750,79168,-0.006734006734006703
2022-11-18,14750,14850,14650,14700,11469,-0.003389830508474523
2022-11-21,15100,15200,14800,14850,25251,0.010204081632652962
2022-11-22,14950,14950,14650,14800,9252,-0.0033670033670033517
2022-11-23,14800,16200,14800,15300,268810,0.03378378378378377
2022-11-24,15400,15650,15300,15500,21547,0.013071895424836555
2022-11-25,15600,15600,15400,15450,13205,-0.003225806451612856
2022-11-28,15600,15850,15350,15700,28026,0.016181229773462702
2022-11-29,15650,15850,15550,15800,13901,0.006369426751592355
2022-11-30,15800,15950,15650,15850,8164,0.0031645569620253333
2022-12-01,16000,16350,15900,16350,24555,0.03154574132492116
2022-12-02,16350,16800,16350,16650,23241,0.0183486238532109
2022-12-05,16600,16950,16300,16750,19574,0.006006006006006093
2022-12-06,16700,16700,16050,16200,27563,-0.032835820895522394
2022-12-07,16000,16600,15800,16400,16533,0.012345679012345734
2022-12-08,16500,16500,15700,16000,18765,-0.024390243902439046
2022-12-09,15950,16550,15900,16300,11644,0.018750000000000044
2022-12-12,16000,16400,16000,16300,3823,0.0
2022-12-13,16050,16500,16050,16400,6557,0.006134969325153339
2022-12-14,16600,16700,16300,16600,11499,0.012195121951219523
2022-12-15,16700,16750,16400,16600,15346,0.0
2022-12-16,16450,16600,16150,16500,9096,-0.0060240963855421326
2022-12-19,16500,16850,16350,16400,7411,-0.0060606060606061
2022-12-20,16150,16450,16000,16150,18685,-0.015243902439024404
2022-12-21,16350,16450,16100,16300,3294,0.009287925696594534
2022-12-22,16350,16450,16150,16450,8577,0.009202453987730008
2022-12-23,16450,16600,15950,16200,14974,-0.015197568389057725
2022-12-26,16000,16750,15950,16400,29747,0.012345679012345734
2022-12-27,16300,16800,16200,16550,25912,0.009146341463414531
2022-12-28,16050,16450,16000,16000,9837,-0.033232628398791486
2022-12-29,16000,16150,15500,15700,10739,-0.018750000000000044
2023-01-02,15700,15950,15450,15550,5447,-0.009554140127388533
2023-01-03,15450,15550,15100,15550,3264,0.0
2023-01-04,15550,15750,15300,15600,3537,0.003215434083601254
2023-01-05,15550,16100,15250,15350,5506,-0.01602564102564108
2023-01-06,15350,16000,15250,15350,3548,0.0
2023-01-09,15650,15850,15500,15600,1899,0.016286644951140072
2023-01-10,15600,15950,15600,15900,2543,0.019230769230769162
2023-01-11,15900,16200,15800,16100,3769,0.012578616352201255
2023-01-12,16100,16400,15900,16050,2609,-0.0031055900621117516
2023-01-13,16050,16400,16000,16100,2933,0.0031152647975076775
2023-01-16,16250,16250,15850,16050,4280,-0.0031055900621117516
2023-01-17,16050,16050,15700,15750,1855,-0.01869158878504673
2023-01-18,15750,16000,15700,15700,1908,-0.0031746031746031633
2023-01-19,15650,16000,15650,15900,2752,0.01273885350318471
2023-01-20,15800,15950,15800,15950,599,0.003144654088050425
2023-01-25,16000,16150,15870,15950,3033,0.0
2023-01-26,15990,16100,15960,16000,6552,0.0031347962382444194
2023-01-27,16200,16200,15890,15960,18611,-0.0024999999999999467
2023-01-30,16010,16390,16000,16140,18566,0.011278195488721776
2023-01-31,16200,16250,16060,16110,7273,-0.0018587360594795044
2023-02-01,16260,16270,16050,16100,13881,-0.0006207324643079382
2023-02-02,16190,16190,16000,16100,11625,0.0
2023-02-03,16100,16240,16020,16050,7473,-0.0031055900621117516
2023-02-06,16050,16150,15930,16140,9664,0.005607476635514086
2023-02-07,16100,16190,16030,16120,2449,-0.0012391573729864103
2023-02-08,16190,16200,16020,16190,15548,0.004342431761786614
2023-02-09,16130,16240,16080,16150,4686,-0.002470660901791266
2023-02-10,16210,16210,15990,16040,4624,-0.0068111455108359475
2023-02-13,16070,16120,15910,15930,3647,-0.006857855361595999
2023-02-14,15930,16000,15800,15930,8855,0.0
2023-02-15,15950,16000,15680,15700,11154,-0.014438166980539902
2023-02-16,15800,15800,15630,15680,12306,-0.001273885350318471
2023-02-17,15700,16050,15570,15810,55238,0.008290816326530503
2023-02-20,15880,15990,15810,15880,3305,0.0044275774826059155
2023-02-21,15890,16280,15890,16240,18630,0.02267002518891692
2023-02-22,15870,16190,15770,16040,4282,-0.012315270935960632
2023-02-23,16000,16250,15870,16050,3573,0.0006234413965087171
2023-02-24,16190,16190,15850,15850,4357,-0.012461059190031154
2023-02-27,15850,15850,15600,15670,7318,-0.01135646687697156
2023-02-28,15650,15750,15650,15710,5646,0.002552648372686761
2023-03-02,15710,16190,15650,16050,13655,0.021642266072565253
2023-03-03,15970,16100,15960,16020,2943,-0.0018691588785046953
2023-03-06,16050,16150,16020,16150,3271,0.00811485642946308
2023-03-07,16230,16310,15960,16310,9832,0.009907120743034126
2023-03-08,16310,16500,16190,16450,13203,0.008583690987124415
2023-03-09,16450,16490,16310,16330,11451,-0.007294832826747699
2023-03-10,16050,16300,16030,16160,6350,-0.01041028781383957
2023-03-13,16050,16160,15840,16060,5317,-0.006188118811881194
2023-03-14,16020,16060,15610,15680,12276,-0.023661270236612686
2023-03-15,15700,16090,15690,16080,8324,0.025510204081632626
2023-03-16,16060,16060,15660,15780,8705,-0.018656716417910446
2023-03-17,15840,15880,15550,15610,18038,-0.010773130544993625
2023-03-20,15610,15730,15530,15670,7322,0.0038436899423446302
2023-03-21,15670,15670,15460,15520,5976,-0.00957243139757502
2023-03-22,15550,15640,15310,15470,14703,-0.003221649484536071
2023-03-23,15470,15530,15310,15400,6407,-0.004524886877828038
2023-03-24,15420,15530,15250,15280,6070,-0.007792207792207795
2023-03-27,15320,15460,15320,15420,4995,0.009162303664921545
2023-03-28,15590,15590,15300,15450,13116,0.0019455252918287869
2023-03-29,15490,15600,15300,15370,6529,-0.00517799352750814
2023-03-30,15590,15950,15370,15500,7669,0.008458035133376729
2023-03-31,15510,15510,15370,15490,3986,-0.000645161290322549
2023-04-03,15480,15580,15330,15470,7525,-0.0012911555842478606
2023-04-04,15470,15600,15330,15570,11322,0.006464124111182912
2023-04-05,15570,15590,15400,15500,3633,-0.004495825305073864
2023-04-06,15500,15600,15300,15600,8186,0.006451612903225712
2023-04-07,15600,15680,15370,15390,9002,-0.013461538461538414
2023-04-10,15390,15390,15110,15160,9474,-0.014944769330734298
2023-04-11,15120,15290,15090,15260,11361,0.006596306068601621
2023-04-12,15270,15370,15180,15340,12447,0.005242463958060384
2023-04-13,15270,15330,15190,15240,13002,-0.006518904823989535
2023-04-14,15260,15400,15250,15300,15616,0.003937007874015741
2023-04-17,15300,15470,15250,15400,6036,0.006535947712418277
2023-04-18,15400,15430,15200,15230,7410,-0.01103896103896107
2023-04-19,15250,15460,15240,15380,14375,0.009848982271831952
2023-04-20,15360,15940,15300,15560,33942,0.011703511053315907
2023-04-21,15580,15800,15460,15630,11551,0.004498714652956259
2023-04-24,15560,15960,15420,15650,8199,0.001279590531030106
2023-04-25,15650,15890,15440,15650,9924,0.0
2023-04-26,15650,15650,15440,15440,8155,-0.013418530351437696
2023-04-27,15310,15780,15290,15720,12937,0.0181347150259068
2023-04-28,15720,15850,15580,15630,5999,-0.005725190839694694
2023-05-02,15680,15760,15580,15650,3234,0.001279590531030106
2023-05-03,15650,15970,15600,15910,13796,0.016613418530351476
2023-05-04,15830,16190,15820,16120,12846,0.013199245757385292
2023-05-08,16010,16280,15980,16220,14241,0.006203473945409321
2023-05-09,16300,16300,16010,16010,11561,-0.012946979038224393
2023-05-10,16110,16110,15950,15990,11243,-0.0012492192379762734
2023-05-11,15990,16300,15990,16200,10876,0.013133208255159401
2023-05-12,16200,16310,16100,16240,12290,0.0024691358024691024
2023-05-15,16300,16300,16010,16090,11670,-0.009236453201970418
2023-05-16,16040,16270,16030,16230,12481,0.008701056556867703
2023-05-17,16200,16500,16160,16470,13001,0.014787430683918634
2023-05-18,16550,17220,16550,17140,40910,0.040680024286581684
2023-05-19,17140,17430,16950,17040,12589,-0.005834305717619559
2023-05-22,16950,17070,16860,17040,16321,0.0
2023-05-23,17030,17060,16770,16770,17404,-0.015845070422535246
2023-05-24,16900,16900,16570,16590,6836,-0.01073345259391767
2023-05-25,16570,16750,16000,16500,5738,-0.005424954792043413
2023-05-26,16460,16540,16250,16290,9151,-0.012727272727272698
2023-05-30,16690,16690,16280,16370,5199,0.0049109883364026885
2023-05-31,16370,16420,16200,16250,12070,-0.007330482590103826
2023-06-01,16250,16420,16220,16330,7657,0.00492307692307703
2023-06-02,16440,16500,16330,16440,3227,0.006736068585425636
2023-06-05,16440,16890,16440,16710,6275,0.01642335766423364
2023-06-07,16860,16860,16570,16620,3483,-0.0053859964093356805
2023-06-08,16740,16820,16570,16690,5309,0.004211793020457266
2023-06-09,16690,16960,16640,16700,5953,0.0005991611743558778
2023-06-12,17010,17010,16400,16610,7281,-0.005389221556886259
2023-06-13,16660,16770,16520,16570,5849,-0.0024081878386513766
2023-06-14,16570,17040,16450,16710,14873,0.00844900422450201
2023-06-15,16630,16800,16470,16660,14329,-0.0029922202274087484
2023-06-16,16660,16950,16460,16640,18002,-0.0012004801920768582
2023-06-19,16800,17150,16550,17020,22752,0.022836538461538547
2023-06-20,17190,17190,16650,16930,16190,-0.005287896592244379
2023-06-21,16790,17030,16640,16760,10740,-0.010041346721795574
2023-06-22,16700,16750,16650,16690,3015,-0.00417661097852029
2023-06-23,16700,16700,16500,16690,5931,0.0
2023-06-26,16680,16940,16360,16690,6944,0.0
2023-06-27,16690,17100,16570,16690,9661,0.0
2023-06-28,16630,16780,16580,16710,10690,0.0011983223487117556
2023-06-29,16600,16790,16520,16600,8841,-0.006582884500299202
2023-06-30,16640,16700,16400,16570,8246,-0.0018072289156626509
2023-07-03,16570,16600,16380,16550,5880,-0.001207000603500319
2023-07-04,16550,16980,16360,16430,5600,-0.007250755287009025
2023-07-05,16420,16580,16290,16380,9266,-0.0030432136335970528
2023-07-06,16250,16340,16020,16100,8675,-0.017094017094017144
2023-07-07,16000,16450,15790,16450,7172,0.021739130434782705
2023-07-10,16290,16330,16000,16000,4005,-0.027355623100303927
2023-07-11,15950,16100,15780,15910,7931,-0.005624999999999991
2023-07-12,15990,16130,15890,16080,5242,0.010685103708359511
2023-07-13,16080,16240,15900,15980,7409,-0.006218905472636815
2023-07-14,15980,16010,15830,15980,9535,0.0
2023-07-17,15980,16000,15810,15970,4670,-0.0006257822277847547
2023-07-18,15980,16000,15700,15820,4948,-0.00939261114589851
2023-07-19,15810,15820,15560,15630,4313,-0.012010113780025256
2023-07-20,15630,15680,15480,15620,3492,-0.000639795265515053
2023-07-21,15650,15660,15450,15500,2544,-0.007682458386683688
2023-07-24,15450,15500,15200,15210,6372,-0.01870967741935481
2023-07-25,15200,15230,15030,15190,8734,-0.0013149243918474385
2023-07-26,15090,15170,14660,14850,17086,-0.022383146807109955
2023-07-27,14900,15450,14900,15450,8067,0.04040404040404044
2023-07-28,15410,15590,15380,15510,2048,0.003883495145631022
2023-07-31,15520,15850,15500,15820,4743,0.01998710509348811
2023-08-01,15780,15920,15780,15900,9157,0.005056890012642201
2023-08-02,16000,16060,15740,15920,10341,0.0012578616352201255
2023-08-03,15900,15910,15700,15860,5519,-0.0037688442211055717
2023-08-04,15800,16280,15660,15860,5922,0.0
2023-08-07,15860,15890,15580,15870,6261,0.0006305170239595537
2023-08-08,15750,16000,15630,15900,3563,0.001890359168241984
2023-08-09,15710,15910,15710,15870,2452,-0.0018867924528301883
2023-08-10,15740,16000,15740,16000,10457,0.008191556395715116
2023-08-11,15850,16240,15850,16200,15935,0.012499999999999956
2023-08-14,16380,16380,16100,16190,4965,-0.0006172839506173311
2023-08-16,16000,16200,15690,15850,20667,-0.02100061766522543
2023-08-17,15850,15920,15300,15910,7810,0.003785488958990557
2023-08-18,15910,15910,15670,15900,3384,-0.0006285355122563896
2023-08-21,15900,16090,15810,16030,8121,0.008176100628930927
2023-08-22,16030,16040,15950,16020,1873,-0.0006238303181534954
2023-08-23,16020,16200,15800,16030,2661,0.0006242197253432114
2023-08-24,16010,16110,15880,16090,1615,0.0037429819089207506
2023-08-25,16000,16140,15940,16080,3078,-0.0006215040397762328
2023-08-28,16090,16230,16050,16190,5346,0.006840796019900397
2023-08-29,16190,16530,15940,16020,12428,-0.01050030883261277
2023-08-30,16160,16160,15870,16000,3905,-0.0012484394506866447
2023-08-31,16050,16120,15830,15990,5257,-0.0006249999999999867
2023-09-01,16250,16250,15700,15760,19185,-0.014383989993746127
2023-09-04,15750,15850,15700,15780,4599,0.0012690355329949554
2023-09-05,15800,15970,15310,15370,32021,-0.025982256020278816
2023-09-06,15360,15540,15140,15370,27683,0.0
2023-09-07,15350,15350,15050,15080,22206,-0.018867924528301883
2023-09-08,15020,15180,15020,15170,11843,0.005968169761273234
2023-09-11,15400,15400,15030,15280,16162,0.007251153592616966
2023-09-12,15280,15370,15190,15300,7585,0.0013089005235602524
2023-09-13,15290,15400,15240,15370,5452,0.004575163398692794
2023-09-14,15370,15480,15350,15430,2925,0.0039037085230968493
2023-09-15,15500,15600,15420,15530,3040,0.006480881399870464
2023-09-18,15600,15700,15500,15550,1665,0.0012878300064391723
2023-09-19,15500,15600,15300,15490,3785,-0.0038585209003215715
2023-09-20,15500,15560,15380,15470,5092,-0.0012911555842478606
2023-09-21,15500,15500,15130,15130,12098,-0.02197802197802201
2023-09-22,15130,15210,14990,15000,19845,-0.008592200925313986
2023-09-25,15010,15200,14840,15000,9028,0.0
2023-09-26,15190,15390,14950,15050,8294,0.0033333333333334103
2023-09-27,14900,15510,14900,15190,10776,0.009302325581395321
2023-10-04,15190,15190,14960,15000,8947,-0.012508229098090795
2023-10-05,15000,15160,14930,15100,4784,0.006666666666666599
2023-10-06,15100,15200,15050,15100,2396,0.0
2023-10-10,15110,15220,15080,15180,10244,0.005298013245033095
2023-10-11,15160,15260,15150,15240,3153,0.0039525691699604515
2023-10-12,15240,15290,15180,15290,3989,0.0032808398950130435
2023-10-13,15300,15400,15180,15310,3063,0.001308044473512071
2023-10-16,15180,15390,15180,15240,9941,-0.004572175048987548
2023-10-17,15090,16020,15090,16020,47446,0.051181102362204633
2023-10-18,16200,16450,15610,15740,32074,-0.017478152309613026
2023-10-19,15740,15870,15530,15750,5504,0.0006353240152476847
2023-10-20,15800,18240,15070,15380,782195,-0.023492063492063453
2023-10-23,15300,15920,15110,15220,44198,-0.01040312093628093
2023-10-24,15450,16160,15060,15410,51601,0.012483574244415152
2023-10-25,15310,15580,15220,15550,11059,0.009085009733938998
2023-10-26,15500,15870,15200,15440,22502,-0.0070739549839228255
2023-10-27,15400,15770,15400,15550,11874,0.007124352331606243
2023-10-30,15610,15870,15570,15840,16542,0.01864951768488754
2023-10-31,15890,16090,15700,16000,15917,0.010101010101010166
2023-11-01,16000,16010,15840,15950,8771,-0.0031250000000000444
2023-11-02,16000,16040,15940,16000,7585,0.0031347962382444194
2023-11-03,16000,16200,15900,16200,8245,0.012499999999999956
2023-11-06,16210,16410,16100,16250,9171,0.0030864197530864335
2023-11-07,16250,16390,15990,16330,15876,0.00492307692307703
2023-11-08,16430,16470,16210,16330,10383,0.0
2023-11-09,16330,16540,16330,16490,9721,0.009797917942437229
2023-11-10,16570,16650,16450,16560,7969,0.004244996967859294
2023-11-13,16660,16720,16560,16670,13234,0.0066425120772946045
2023-11-14,16670,16740,16590,16730,5410,0.003599280143971262
2023-11-15,16730,16990,16650,16970,11630,0.014345487148834435
2023-11-16,17030,17030,16730,17030,8593,0.003535651149086716
2023-11-17,16970,17190,16850,17060,14509,0.0017615971814444187
2023-11-20,17040,17220,17000,17210,5913,0.008792497069167737
2023-11-21,17130,17500,17130,17370,20273,0.009296920395119201
2023-11-22,17480,17480,17190,17300,7493,-0.004029936672423684
2023-11-23,17280,17280,16680,17050,10893,-0.014450867052023142
2023-11-24,17000,17330,16970,17100,13113,0.0029325513196480912
2023-11-27,17060,17360,17030,17300,6227,0.011695906432748648
2023-11-28,17300,17450,17120,17280,13442,-0.0011560693641619046
2023-11-29,17190,17280,16970,17130,18391,-0.00868055555555558
2023-11-30,16990,17180,16990,17110,3854,-0.0011675423234092097
2023-12-01,17110,17280,17040,17190,6699,0.004675628287551081
2023-12-04,17050,17250,17010,17230,9017,0.0023269342641070168
2023-12-05,17290,17720,17230,17660,18013,0.024956471271038838
2023-12-06,17830,17830,17610,17780,8668,0.006795016987542368
2023-12-07,17600,18400,17500,18240,39796,0.025871766029246235
2023-12-08,18290,18340,17870,17890,23730,-0.01918859649122806
2023-12-11,17800,18080,17620,18040,11205,0.008384572386808342
2023-12-12,17920,18040,17420,17450,10613,-0.03270509977827052
2023-12-13,17500,17500,17210,17500,8036,0.002865329512893977
2023-12-14,17600,17640,17290,17600,5912,0.005714285714285783
2023-12-15,17430,17680,17240,17480,7178,-0.006818181818181834
2023-12-18,17390,17430,17210,17290,11444,-0.010869565217391353
2023-12-19,17290,17590,17030,17590,17831,0.017351069982648903
2023-12-20,17680,17680,17410,17530,15647,-0.0034110289937464566
2023-12-21,17530,17570,17210,17250,13378,-0.01597261836851116
2023-12-22,17250,17430,17080,17110,9077,-0.008115942028985468
2023-12-26,17160,17170,16970,17060,17755,-0.0029222676797194813
2023-12-27,16900,17060,16900,17060,6746,0.0
2023-12-28,16980,17290,16970,17290,4071,0.013481828839390309
2024-01-02,17400,17400,16970,17250,10350,-0.0023134759976864983
2024-01-03,17240,17380,16930,16930,16549,-0.01855072463768115
2024-01-04,16910,17180,16910,17030,10982,0.005906674542232704
2024-01-05,17030,17350,17020,17330,8236,0.017615971814445075
2024-01-08,17110,17350,17020,17180,8934,-0.008655510675129818
2024-01-09,17170,17430,17000,17300,9115,0.006984866123399325
2024-01-10,17330,17430,17130,17330,5570,0.001734104046242857
2024-01-11,17320,17450,17070,17200,12614,-0.007501442585112539
2024-01-12,17490,17490,16930,17270,10093,0.0040697674418603835
2024-01-15,17200,17500,17090,17440,14231,0.009843659525188286
2024-01-16,17660,17660,17100,17320,10840,-0.006880733944954143
2024-01-17,17350,17470,17150,17300,20426,-0.0011547344110854896
2024-01-18,17300,17400,17220,17310,7438,0.0005780346820809523
2024-01-19,17300,17730,17300,17630,15910,0.018486424032351234
2024-01-22,17630,17670,17500,17500,8493,-0.007373794668179223
2024-01-23,17510,18150,17480,18000,9951,0.02857142857142847
2024-01-24,18000,18300,17920,18080,19067,0.004444444444444473
2024-01-25,18250,18250,17950,18000,15627,-0.004424778761061954
2024-01-26,18000,18380,17980,18280,30406,0.015555555555555545
2024-01-29,18410,19190,18230,19060,51735,0.04266958424507661
2024-01-30,19050,19380,19000,19080,34249,0.0010493179433368471
2024-01-31,19260,19410,18770,19300,45069,0.011530398322851187
2024-02-01,19300,20150,19090,20100,78666,0.041450777202072464
2024-02-02,20200,20300,19410,20300,58760,0.00995024875621886
2024-02-05,20850,20850,20000,20350,21712,0.0024630541871921707
2024-02-06,20200,20650,19760,19910,26271,-0.021621621621621623
2024-02-07,20150,20700,19840,20650,50416,0.03716725263686582
2024-02-08,20900,20950,20150,20550,23806,-0.004842615012106588
2024-02-13,20350,20800,20150,20750,21531,0.009732360097323589
2024-02-14,20300,22000,20300,22000,42040,0.06024096385542177
2024-02-15,22300,22300,20950,21100,29740,-0.040909090909090895
2024-02-16,21000,21000,20100,20550,56798,-0.026066350710900466
2024-02-19,20400,21700,20400,21700,21236,0.05596107055961075
2024-02-20,21750,22350,21100,21150,18696,-0.025345622119815614
2024-02-21,20900,21450,20550,20700,19689,-0.021276595744680882
2024-02-22,20850,20950,20400,20950,14279,0.012077294685990392
2024-02-23,21000,21500,20600,21400,17543,0.021479713603818507
2024-02-26,21400,21500,20600,20650,15173,-0.03504672897196259
2024-02-27,20650,20950,20100,20950,22364,0.014527845036319542
2024-02-28,20550,21350,20400,21350,10798,0.019093078758949833
2024-02-29,21450,22000,21300,21500,17661,0.007025761124121788
2024-03-04,21500,23900,21500,23200,82224,0.07906976744186056
2024-03-05,23500,24250,22350,23800,74837,0.02586206896551735
2024-03-06,23550,23950,23300,23900,28745,0.004201680672268893
2024-03-07,23900,23900,23200,23450,14887,-0.01882845188284521
2024-03-08,23450,23600,23100,23250,10005,-0.008528784648187626
2024-03-11,23250,23250,22200,22400,16558,-0.03655913978494618
2024-03-12,22400,22450,21500,21500,13723,-0.0401785714285714
2024-03-13,21500,21550,20800,21400,30659,-0.0046511627906976605
2024-03-14,21200,21500,20900,21000,28577,-0.01869158878504673
2024-03-15,21000,21550,20650,21350,11899,0.016666666666666607
2024-03-18,21050,21500,21000,21400,9057,0.0023419203747072626
2024-03-19,21650,21800,21150,21200,7984,-0.009345794392523366
2024-03-20,21150,21800,20300,20450,43481,-0.035377358490566
2024-03-21,20650,20900,20500,20550,16300,0.004889975550122161
2024-03-22,20550,21400,20550,21250,8099,0.03406326034063256
2024-03-25,21300,22900,20900,22500,54451,0.05882352941176472
2024-03-26,22050,22550,21500,21800,16952,-0.03111111111111109
2024-03-27,21600,22300,21550,22050,10357,0.011467889908256979
2024-03-28,22250,22550,22100,22250,11720,0.009070294784580435
2024-03-29,22900,27600,22300,23450,1016503,0.053932584269662964
2024-04-01,22850,23500,22600,23350,91569,-0.004264392324093813
2024-04-02,23100,23500,22700,22750,41620,-0.025695931477516032
2024-04-03,22300,22700,22150,22650,13371,-0.00439560439560438
2024-04-04,22500,23150,22400,22750,31165,0.004415011037527616
2024-04-05,22500,23850,22450,23850,32593,0.0483516483516484
2024-04-08,23900,24200,23450,23900,22701,0.002096436058700135
2024-04-09,23650,24400,23650,24300,15177,0.01673640167364021
2024-04-11,24300,24600,23600,24400,23185,0.004115226337448652
2024-04-12,24500,24750,23600,23800,29754,-0.024590163934426257
2024-04-15,23250,23750,23200,23750,13763,-0.0021008403361344463
2024-04-16,23700,23950,22600,22650,14479,-0.0463157894736842
2024-04-17,22950,22950,22450,22600,9107,-0.002207505518763808
2024-04-18,22350,22950,22350,22800,7186,0.008849557522123908
2024-04-19,22800,23050,22300,22600,12237,-0.00877192982456143
2024-04-22,22800,22800,22250,22500,4301,-0.004424778761061954
2024-04-23,22450,23850,22400,22650,17395,0.006666666666666599
2024-04-24,22550,23050,22550,22950,4439,0.013245033112582849
2024-04-25,23150,23200,22700,23000,5953,0.002178649237472685
2024-04-26,22750,23200,22650,22750,5630,-0.010869565217391353
2024-04-29,22650,23300,22500,22650,5279,-0.00439560439560438
2024-04-30,23000,23000,22350,22600,6371,-0.002207505518763808
2024-05-02,22850,22900,22450,22650,5192,0.0022123893805310324
2024-05-03,22500,22950,22450,22700,5715,0.002207505518763808
2024-05-07,22700,24000,22650,22950,77690,0.011013215859030812
2024-05-08,22900,24550,22650,24550,30629,0.06971677559912859
2024-05-09,24600,25300,24450,25150,34761,0.024439918533604832
2024-05-10,25150,25300,24250,24450,19098,-0.027833001988071593
2024-05-13,24400,27000,23950,25350,112834,0.036809815950920255
2024-05-14,25000,25300,24150,24150,17077,-0.047337278106508895
2024-05-16,24150,24500,24000,24300,11977,0.006211180124223503
2024-05-17,24300,24750,23700,23900,7252,-0.016460905349794275
2024-05-20,23900,23950,23350,23600,10600,-0.012552301255230103
2024-05-21,23500,23850,23500,23850,6142,0.010593220338983134
2024-05-22,23650,24300,23550,23700,8989,-0.0062893081761006275
2024-05-23,23700,24100,23450,23900,7256,0.00843881856540074
2024-05-24,24050,24150,23450,23550,10192,-0.014644351464435101
2024-05-27,23650,23950,23000,23050,8399,-0.02123142250530785
2024-05-28,23050,23400,22600,23050,16326,0.0
2024-05-29,23000,23000,21900,21900,17492,-0.049891540130151846
2024-05-30,21950,22400,21300,21300,10265,-0.0273972602739726
2024-05-31,21350,22150,21350,22000,5938,0.032863849765258246
2024-06-03,21950,22350,21850,22150,10632,0.006818181818181834
2024-06-04,21950,22550,21650,21650,20216,-0.02257336343115124
2024-06-05,21650,21950,21450,21500,8188,-0.006928406466512715
2024-06-07,21650,21850,21350,21400,4884,-0.0046511627906976605
2024-06-10,21200,21700,20950,21300,9115,-0.004672897196261627
2024-06-11,21300,21600,21200,21600,2889,0.014084507042253502
2024-06-12,21600,21650,20950,21100,6959,-0.02314814814814814
2024-06-13,21200,21450,20950,21200,13677,0.004739336492890933
2024-06-14,21200,22900,20950,22300,33721,0.05188679245283012
2024-06-17,22050,22500,21500,21500,6213,-0.0358744394618834
2024-06-18,21500,21850,21200,21500,12912,0.0
2024-06-19,21250,21700,21100,21200,7451,-0.013953488372092981
2024-06-20,21450,21450,20850,21400,13521,0.009433962264151052
2024-06-21,21200,21400,20850,21200,24876,-0.009345794392523366
2024-06-24,21300,21550,21000,21150,11801,-0.002358490566037763
2024-06-25,21200,21250,21000,21200,19684,0.0023640661938533203
2024-06-26,21250,21500,21150,21500,5386,0.014150943396226356
2024-06-27,21300,21500,21150,21250,14844,-0.011627906976744207
2024-06-28,21250,21750,21200,21500,9596,0.0117647058823529
2024-07-01,21800,21800,20850,20850,12147,-0.03023255813953485
2024-07-02,20850,20950,20450,20450,19755,-0.01918465227817745
2024-07-03,20450,20550,20250,20450,19478,0.0
2024-07-04,20450,21050,20300,21000,16695,0.02689486552567244
2024-07-05,21150,21500,20800,21500,11907,0.023809523809523725
2024-07-08,21700,21850,21300,21350,4642,-0.006976744186046546
2024-07-09,21350,26300,20950,22100,485608,0.03512880562060894
2024-07-10,21850,22100,21400,21750,56993,-0.015837104072398245
2024-07-11,21700,22000,21350,21450,17164,-0.01379310344827589
2024-07-12,21350,21850,21300,21800,16040,0.01631701631701632
2024-07-15,21900,22350,21750,22150,9591,0.016055045871559592
2024-07-16,22350,22350,21550,21550,11617,-0.02708803611738153
2024-07-17,21550,22200,21400,21600,14099,0.002320185614849146
2024-07-18,22000,23450,21000,22000,49000,0.0185185185185186
2024-07-19,21950,22200,21700,21800,13690,-0.009090909090909038
2024-07-22,21600,21950,21450,21700,7255,-0.004587155963302725
2024-07-23,21950,21950,21350,21550,7373,-0.00691244239631339
2024-07-24,21900,21900,21450,21550,7384,0.0
2024-07-25,21500,21550,21150,21200,7621,-0.016241299303944357
2024-07-26,21100,24000,21000,21750,101603,0.02594339622641506
2024-07-29,21700,22750,21300,22700,21315,0.04367816091954024
2024-07-30,22700,22700,22250,22350,6768,-0.01541850220264318
2024-07-31,22200,23700,22200,23400,19766,0.046979865771812124
2024-08-01,23350,23550,23050,23500,7302,0.004273504273504258
2024-08-02,22850,23100,22500,22650,20132,-0.036170212765957444
2024-08-05,22050,22750,20800,21050,26187,-0.07064017660044153
2024-08-06,20600,22250,20550,21600,17078,0.026128266033254244
2024-08-07,21400,22100,21400,21850,6299,0.011574074074074181
2024-08-08,21850,22600,21500,22300,6677,0.020594965675057253
2024-08-09,22300,22500,21900,22150,8711,-0.006726457399103158
2024-08-12,22150,22400,21800,21900,2472,-0.011286681715575675
2024-08-13,21950,22300,20800,21700,42128,-0.0091324200913242
2024-08-14,21500,22100,21500,22050,6635,0.016129032258064502
2024-08-16,22100,22550,22100,22250,14656,0.009070294784580435
2024-08-19,22250,22600,22150,22250,6422,0.0
2024-08-20,22650,22650,22000,22550,7738,0.01348314606741563
2024-08-21,22600,23200,22400,23000,40136,0.019955654101995624
2024-08-22,23000,23000,22450,22500,19006,-0.021739130434782594
2024-08-23,22550,22700,22300,22500,2712,0.0
2024-08-26,22750,22950,22250,22500,4366,0.0
2024-08-27,22600,22650,22200,22550,2842,0.0022222222222221255
2024-08-28,23100,23100,22250,22600,6864,0.0022172949002217113
2024-08-29,22600,22850,22200,22700,4372,0.004424778761061843
2024-08-30,22700,22950,22500,22500,2709,-0.008810572687224627
2024-09-02,22550,22550,21700,21800,10880,-0.03111111111111109
2024-09-03,21850,22400,21750,22350,6468,0.025229357798165042
2024-09-04,22150,22350,21700,22000,6220,-0.015659955257270708
2024-09-05,22000,22400,21750,21750,6777,-0.011363636363636354
2024-09-06,21900,21950,21550,21900,8524,0.006896551724137945
2024-09-09,21900,22450,21650,22450,15373,0.02511415525114158
2024-09-10,22450,22700,21900,22000,8761,-0.020044543429844075
2024-09-11,22000,22100,21750,22100,2219,0.00454545454545463
2024-09-12,22250,22400,21900,22100,2689,0.0
2024-09-13,22100,22300,22000,22200,2221,0.004524886877828038
2024-09-19,22200,22300,21850,21950,6417,-0.011261261261261257
2024-09-20,22300,22500,21800,22300,15564,0.015945330296127658
2024-09-23,22350,23300,22300,23100,25408,0.03587443946188351
2024-09-24,23150,23350,22700,22750,9316,-0.015151515151515138
2024-09-25,23250,23500,22450,22450,4876,-0.01318681318681314
2024-09-26,22450,22800,22450,22650,3490,0.008908685968819663
2024-09-27,22650,23050,22450,22850,4844,0.008830022075055233
2024-09-30,22850,22850,22350,22350,4877,-0.021881838074398252
2024-10-02,22350,22350,21550,22150,29007,-0.008948545861297563
2024-10-04,22200,23800,22100,22400,38483,0.011286681715575675
2024-10-07,23000,23000,22100,22400,21688,0.0
2024-10-08,22450,23100,22350,22950,11702,0.024553571428571397
2024-10-10,22950,23350,22700,23000,5122,0.002178649237472685
2024-10-11,23100,23600,22850,23000,5627,0.0
2024-10-14,23050,23250,22550,22700,10130,-0.013043478260869601
2024-10-15,22900,22950,22450,22750,10224,0.0022026431718060735
2024-10-16,22750,22850,22400,22700,4603,-0.00219780219780219
2024-10-17,22700,23000,22500,22800,5402,0.004405286343612369
2024-10-18,22800,23200,22650,23000,5089,0.00877192982456143
2024-10-21,23200,23350,22900,23200,7684,0.008695652173912993
2024-10-22,23250,24000,23200,23500,25253,0.012931034482758674
2024-10-23,23700,24300,23100,23150,34732,-0.014893617021276562
2024-10-24,23550,23550,22200,22550,33396,-0.02591792656587477
2024-10-25,22600,22750,22250,22650,9108,0.0044345898004434225
2024-10-28,22650,22800,22050,22200,22864,-0.019867549668874163
2024-10-29,22300,22550,22200,22400,11484,0.009009009009008917
2024-10-30,22450,22800,22400,22750,5171,0.015625
2024-10-31,22800,23150,22250,22750,30003,0.0
2024-11-01,22750,22800,22350,22700,5335,-0.00219780219780219
2024-11-04,22500,22700,22300,22650,7696,-0.0022026431718061845
2024-11-05,22650,22750,22150,22500,12499,-0.0066225165562914245
2024-11-06,22500,23050,22500,22950,4618,0.020000000000000018
2024-11-07,22800,23100,22750,22950,4850,0.0
2024-11-08,22950,23500,22800,23200,8108,0.01089324618736387
2024-11-11,23250,23450,22700,23150,10466,-0.0021551724137931494
2024-11-12,23100,23100,22250,22250,23797,-0.0388768898488121
2024-11-13,22200,22300,21850,21850,8968,-0.017977528089887618
2024-11-14,21950,21950,21650,21650,14369,-0.009153318077803174
2024-11-15,21700,21950,21450,21900,12766,0.011547344110854452
2024-11-18,21900,22300,21800,22100,9409,0.009132420091324311
2024-11-19,22100,22500,21800,22150,11407,0.002262443438914019
2024-11-20,22150,22550,22150,22450,7511,0.013544018058690765
2024-11-21,22450,22700,22350,22450,6851,0.0
2024-11-22,22700,22700,22450,22700,6213,0.011135857461024523
2024-11-25,22700,22950,22500,22550,7071,-0.0066079295154185536
2024-11-26,22550,22750,22000,22550,16936,0.0
2024-11-27,22550,22950,22250,22450,10865,-0.0044345898004434225
2024-11-28,22700,23050,22350,22900,6695,0.020044543429844186
2024-11-29,23100,23350,22650,22850,13974,-0.0021834061135370675
2024-12-02,22600,22800,22450,22600,6009,-0.01094091903719907
2024-12-03,22600,23100,22600,23000,7410,0.017699115044247815
2024-12-04,22750,22800,22000,22250,20629,-0.03260869565217395
2024-12-05,22300,22350,21700,21750,19702,-0.022471910112359605
2024-12-06,21800,21900,21150,21400,22888,-0.016091954022988464
2024-12-09,21350,21500,20800,21300,15127,-0.004672897196261627
2024-12-10,21300,22150,21300,21650,7161,0.016431924882629012
2024-12-11,21650,22400,21650,22400,8370,0.03464203233256358
2024-12-12,22750,22800,22200,22550,18432,0.006696428571428603
2024-12-13,22550,23000,22200,22600,34617,0.0022172949002217113
2024-12-16,22900,22900,22500,22650,2014,0.0022123893805310324
2024-12-17,22650,22750,22450,22750,8940,0.004415011037527616
2024-12-18,22800,23050,22600,22950,7471,0.00879120879120876
2024-12-19,23000,23100,22600,23100,6596,0.006535947712418277
2024-12-20,23200,23200,22550,22750,10215,-0.015151515151515138
2024-12-23,22750,24100,22750,23950,46662,0.05274725274725278
2024-12-24,23950,24400,23750,23950,20807,0.0
2024-12-26,24200,24200,23850,23850,8248,-0.0041753653444676075
2024-12-27,23750,23750,22550,22850,14019,-0.04192872117400415
2024-12-30,22850,22850,22500,22500,7181,-0.015317286652078765
2025-01-02,22600,23400,22000,22500,27158,0.0
2025-01-03,22500,22800,22000,22150,10139,-0.015555555555555545
2025-01-06,22450,22750,22150,22700,12110,0.02483069977426644
2025-01-07,22850,22850,22450,22650,8117,-0.0022026431718061845
2025-01-08,22650,22650,22200,22300,5293,-0.015452538631346546
2025-01-09,22800,22800,21950,22000,8759,-0.013452914798206317
2025-01-10,22150,22150,21650,21850,11564,-0.006818181818181834
2025-01-13,21850,21950,21400,21600,14702,-0.011441647597253968
2025-01-14,21850,22150,21700,22000,6389,0.0185185185185186
2025-01-15,22000,22750,22000,22200,13629,0.009090909090909038
2025-01-16,22900,23500,22800,23100,41789,0.04054054054054057
2025-01-17,23100,23500,22600,22700,7585,-0.017316017316017285
2025-01-20,22700,22950,22600,22650,7473,-0.0022026431718061845
2025-01-21,22950,23500,22750,23500,17763,0.03752759381898452
2025-01-22,23450,23550,22650,23150,17295,-0.014893617021276562
2025-01-23,23100,23100,22500,22750,12970,-0.017278617710583144
2025-01-24,22600,24400,22550,24350,34695,0.0703296703296703
2025-01-31,24350,26150,23950,25800,108355,0.05954825462012314
2025-02-03,25500,27000,25250,26400,60047,0.023255813953488413
2025-02-04,26400,26800,26050,26300,46890,-0.0037878787878787845
2025-02-05,26300,26950,26200,26500,20055,0.0076045627376426506
2025-02-06,26750,28800,26550,28700,153411,0.08301886792452828
2025-02-07,28700,28950,27750,28400,28596,-0.010452961672473893
2025-02-10,28300,28300,27600,28300,22042,-0.0035211267605633756
2025-02-11,28250,28500,27900,28350,12250,0.0017667844522968323
2025-02-12,28500,29300,28150,29200,20160,0.029982363315696592
2025-02-13,29000,29050,28750,28800,15458,-0.013698630136986356
2025-02-14,28950,29000,28300,28500,28782,-0.01041666666666663
2025-02-17,28500,28800,28150,28800,10775,0.010526315789473717
2025-02-18,28850,29900,28300,29850,43762,0.03645833333333326
2025-02-19,29850,30800,28800,30250,34736,0.01340033500837512
2025-02-20,30050,30700,29200,30250,31781,0.0
2025-02-21,30200,31450,29900,31400,29858,0.0380165289256198
2025-02-24,31400,31600,30200,30750,26796,-0.02070063694267521
2025-02-25,30750,31900,30450,31500,31823,0.024390243902439046
2025-02-26,31500,33950,31350,33350,63317,0.058730158730158744
2025-02-27,33350,34450,31950,32750,50279,-0.01799100449775115
2025-02-28,32350,32400,31400,32050,20301,-0.021374045801526687
2025-03-04,31800,32650,31500,32200,21897,0.004680187207488196
2025-03-05,31700,32850,31700,32450,20074,0.007763975155279601
2025-03-06,33250,33250,31200,31200,45787,-0.03852080123266566
2025-03-07,31800,31900,31150,31150,22613,-0.0016025641025640969
2025-03-10,31150,31750,30550,31450,20497,0.009630818619582593
2025-03-11,30500,31350,30500,31050,24264,-0.012718600953895098
2025-03-12,31050,31300,30050,30050,31279,-0.032206119162640934
2025-03-13,30550,31450,30250,31350,24150,0.043261231281197965
2025-03-14,31450,32150,31150,32000,19920,0.020733652312599604
2025-03-17,31900,32200,31600,32100,9673,0.0031250000000000444
2025-03-18,32250,32250,31350,32100,24547,0.0
2025-03-19,32050,32450,31750,32300,41201,0.006230529595015577
2025-03-20,32500,32500,31350,31800,13530,-0.015479876160990669
2025-03-21,31800,33100,31350,32150,60403,0.011006289308176154
2025-03-24,32100,33600,32100,33250,31649,0.034214618973561484
2025-03-25,33550,35850,33400,34950,76934,0.051127819548872244
2025-03-26,34950,34950,33300,33600,59604,-0.03862660944206009
2025-03-27,33300,33700,33000,33550,11290,-0.0014880952380952328
2025-03-28,33550,33550,31900,32100,41420,-0.0432190760059612
2025-03-31,32400,32400,30950,31850,47969,-0.007788161993769416
2025-04-01,31900,33450,31750,33150,16490,0.04081632653061229
2025-04-02,33650,34000,32700,33600,10426,0.013574660633484115
2025-04-03,33400,33550,32500,33250,17414,-0.01041666666666663
2025-04-04,33500,33500,31450,31800,27311,-0.043609022556390986
2025-04-07,31100,31250,29800,29800,22632,-0.06289308176100628
2025-04-08,31500,31500,29050,29350,31729,-0.015100671140939603
2025-04-09,29150,29900,28850,29650,22805,0.010221465076660996
2025-04-10,30250,31400,29750,31400,20615,0.0590219224283306
2025-04-11,31400,31500,30300,31400,13013,0.0
2025-04-14,32200,32300,31300,31750,8943,0.011146496815286566
2025-04-15,31800,32750,31600,32000,18641,0.007874015748031482
2025-04-16,32000,32050,31350,31450,6531,-0.017187500000000022
2025-04-17,31150,31600,31050,31400,5788,-0.0015898251192368873
2025-04-18,31450,32000,31100,31800,8677,0.01273885350318471
2025-04-21,31850,32050,31100,31100,7118,-0.022012578616352196
2025-04-22,31100,32450,31000,31950,8928,0.027331189710610992
2025-04-23,31950,33450,31950,32300,20190,0.010954616588419341
2025-04-24,32350,33800,32300,33500,17438,0.037151702786377694
2025-04-25,33500,33850,32700,32950,10619,-0.016417910447761197
2025-04-28,32450,33900,32450,33200,20167,0.007587253414264028
2025-04-29,33450,33450,32550,32900,9927,-0.009036144578313254
2025-04-30,33000,33700,32900,33150,17560,0.0075987841945288626
2025-05-02,33150,33200,32500,32950,12367,-0.006033182503770718
2025-05-07,32950,33850,32850,33850,23214,0.0273141122913505
2025-05-08,34350,35000,33700,34500,36143,0.019202363367799125
2025-05-09,34700,35600,33900,34350,36860,-0.004347826086956497
2025-05-12,34400,35700,34400,35700,29708,0.0393013100436681
2025-05-13,35800,36600,34750,36500,45146,0.022408963585434094
2025-05-14,36500,38000,36400,37500,29437,0.027397260273972712
2025-05-15,37500,38000,36950,37400,12769,-0.002666666666666706
2025-05-16,37950,39400,37400,39400,38871,0.053475935828877
2025-05-19,39300,39400,38500,38850,27788,-0.013959390862944177
2025-05-20,38850,40250,38550,40100,40581,0.03217503217503226
2025-05-21,40550,42200,39700,42150,41579,0.05112219451371569
2025-05-22,42150,42500,41150,41600,30250,-0.013048635824436494
2025-05-23,41600,43800,41400,43150,35189,0.03725961538461542
2025-05-26,43050,44000,42400,44000,27804,0.01969872537659323
2025-05-27,44000,46300,43150,46200,61899,0.050000000000000044
2025-05-28,46850,48950,45550,46700,82071,0.010822510822510845
2025-05-29,47000,51000,47000,50800,56685,0.08779443254817987
2025-05-30,50900,52600,50200,52000,55333,0.023622047244094446
2025-06-02,52000,53400,50900,52900,47555,0.017307692307692246
2025-06-04,53000,58750,52900,57500,126444,0.08695652173913038
2025-06-05,57900,61500,56500,57400,96556,-0.0017391304347825765
2025-06-09,59700,61150,57000,57900,49547,0.008710801393728262
2025-06-10,57900,59000,55800,56600,69139,-0.022452504317789335
2025-06-11,56600,56600,54300,55000,78725,-0.028268551236749095
2025-06-12,55000,58800,54000,55600,53390,0.01090909090909098
2025-06-13,55500,55800,53600,54400,40665,-0.021582733812949617
2025-06-16,54400,58400,53800,56600,38088,0.040441176470588314
2025-06-17,56600,58000,53800,54400,36521,-0.03886925795053009
2025-06-18,54400,55400,53700,53800,28635,-0.011029411764705843
2025-06-19,54500,54500,52100,52700,36262,-0.020446096654275103
2025-06-20,52900,54100,52000,53200,31119,0.009487666034155628
2025-06-23,53200,55700,52700,54700,40742,0.02819548872180455
2025-06-24,54700,55700,51700,54000,68572,-0.012797074954296161
2025-06-25,54000,61000,53900,57800,121274,0.07037037037037042
2025-06-26,56600,57800,54200,55800,44191,-0.03460207612456745
2025-06-27,55800,57400,54200,55100,25867,-0.012544802867383464
2025-06-30,54400,58400,53900,58000,39975,0.05263157894736836
2025-07-01,58000,63500,57600,60000,60988,0.034482758620689724
2025-07-02,63400,65100,54700,57800,96442,-0.036666666666666625
2025-07-03,56900,57700,54700,55100,26434,-0.04671280276816614
2025-07-04,56000,56100,50700,52000,29301,-0.056261343012704135
2025-07-07,51000,53200,50500,52400,17780,0.007692307692307665
2025-07-08,52500,55700,51900,54700,25701,0.043893129770992356
2025-07-09,55600,59000,55100,58800,44519,0.07495429616087756
2025-07-10,59600,61000,58400,60500,31308,0.028911564625850428
2025-07-11,60500,61300,58000,58700,15773,-0.02975206611570247
2025-07-14,58700,60800,57200,60600,21757,0.03236797274275971
2025-07-15,61900,62200,59700,60900,17459,0.004950495049504955
2025-07-16,60800,61300,56400,61200,11199,0.0049261083743843415
2025-07-17,61200,61200,57300,58900,35368,-0.037581699346405206
2025-07-18,58900,59800,56500,57600,16299,-0.022071307300509324
2025-07-21,56200,57300,55400,56500,38967,-0.01909722222222221
2025-07-22,56500,57000,55500,56200,29833,-0.005309734513274322
2025-07-23,55800,57000,55200,55500,16248,-0.01245551601423489
2025-07-24,60000,62300,54600,58000,132303,0.04504504504504503
2025-07-25,58000,58400,56700,57600,15652,-0.006896551724137945
2025-07-28,57200,57500,54800,55600,25431,-0.03472222222222221
2025-07-29,55600,57400,54700,57400,17390,0.03237410071942448
2025-07-30,57400,58200,56600,57700,10025,0.005226480836237002
2025-07-31,57700,58200,55300,55900,28417,-0.03119584055459268
2025-08-01,55800,55800,53500,54400,27194,-0.02683363148479423
2025-08-04,53600,55500,53600,55300,16515,0.016544117647058876
2025-08-05,55300,56900,54700,56400,12375,0.019891500904159143
2025-08-06,56400,56400,54800,55900,9977,-0.00886524822695034
2025-08-07,55900,55900,53600,53800,18111,-0.03756708407871201
2025-08-08,53700,53700,50600,51000,34734,-0.052044609665427455
2025-08-11,51300,51800,50000,50700,33364,-0.00588235294117645
2025-08-12,51700,53900,51300,52200,17361,0.029585798816567976
2025-08-13,53000,55300,52800,54500,34236,0.044061302681992265
2025-08-14,54100,55300,53500,54600,10743,0.0018348623853210455
2025-08-18,54600,55800,53500,55300,17403,0.012820512820512775
2025-08-19,55300,56400,54000,54000,15684,-0.023508137432188048
2025-08-20,52700,53900,51200,52300,27329,-0.031481481481481444
2025-08-21,52300,55900,52200,55000,26331,0.05162523900573612
2025-08-22,55000,56100,54600,55700,17483,0.012727272727272698
2025-08-25,55800,57000,55400,56900,20481,0.021543985637342944
2025-08-26,57000,59000,56600,58300,25542,0.024604569420035194
2025-08-27,58600,60000,58000,60000,29636,0.029159519725557415
2025-08-28,59900,63200,59100,62800,40749,0.046666666666666634
2025-08-29,64200,65800,63400,65000,54777,0.035031847133758065
2025-09-01,64700,65500,62900,64000,33477,-0.01538461538461533
2025-09-02,64100,65500,63100,64800,22228,0.012499999999999956
2025-09-03,65000,66800,64100,66800,34942,0.030864197530864113
2025-09-04,66800,70000,66100,69000,49619,0.03293413173652704
2025-09-05,69600,72600,67500,72600,34494,0.05217391304347818
