Date,Open,High,Low,Close,Volume,Change
2022-01-03,7890,7930,7780,7910,10109,0.0025348542458809575
2022-01-04,7900,7930,7850,7890,7008,-0.0025284450063211006
2022-01-05,7900,7900,7800,7890,8239,0.0
2022-01-06,7800,7850,7710,7850,10760,-0.005069708491761693
2022-01-07,7860,7880,7750,7830,5270,-0.002547770700636942
2022-01-10,7830,7830,7650,7700,9745,-0.016602809706257937
2022-01-11,7500,7750,7500,7750,10213,0.006493506493506551
2022-01-12,7760,7900,7550,7600,11602,-0.01935483870967747
2022-01-13,7640,7680,7500,7610,7661,0.001315789473684159
2022-01-14,7650,7650,7320,7560,12981,-0.006570302233902758
2022-01-17,7510,7600,7430,7490,6635,-0.0092592592592593
2022-01-18,7500,7500,7360,7390,14612,-0.013351134846461998
2022-01-19,7360,7390,7270,7380,17065,-0.0013531799729363803
2022-01-20,7450,7500,7340,7500,6145,0.016260162601626105
2022-01-21,7610,7700,7500,7590,16612,0.01200000000000001
2022-01-24,7590,7650,7360,7600,19026,0.0013175230566535578
2022-01-25,7540,7630,7300,7380,17085,-0.02894736842105261
2022-01-26,7400,7640,7370,7410,4473,0.004065040650406582
2022-01-27,7550,7550,7320,7360,7306,-0.006747638326585648
2022-01-28,7410,7410,6850,7400,34147,0.005434782608695565
2022-02-03,7330,7490,7330,7420,10755,0.002702702702702675
2022-02-04,7400,7480,7350,7390,9419,-0.0040431266846361336
2022-02-07,7490,7490,7320,7400,13478,0.0013531799729364913
2022-02-08,7350,7480,7300,7350,4965,-0.006756756756756799
2022-02-09,7370,7430,7230,7310,11190,-0.0054421768707483276
2022-02-10,7400,7400,7250,7370,4228,0.008207934336525335
2022-02-11,7380,7380,7290,7360,4622,-0.0013568521031207537
2022-02-14,7290,7330,7160,7260,8709,-0.013586956521739135
2022-02-15,7250,7290,7170,7290,5750,0.004132231404958775
2022-02-16,7290,7370,7210,7280,7348,-0.00137174211248281
2022-02-17,7340,7340,7200,7280,8111,0.0
2022-02-18,7270,7290,7200,7290,13855,0.0013736263736263687
2022-02-21,7200,7340,7180,7270,12402,-0.002743484224965731
2022-02-22,7290,7290,7140,7230,6072,-0.005502063273727598
2022-02-23,7220,7220,7170,7220,4509,-0.0013831258644536604
2022-02-24,7270,7270,6930,7050,32668,-0.023545706371191133
2022-02-25,7020,7170,7020,7100,15801,0.007092198581560183
2022-02-28,7250,7250,7060,7160,13573,0.008450704225352101
2022-03-02,7160,7160,6990,7160,29474,0.0
2022-03-03,7160,7230,7160,7180,10773,0.0027932960893854997
2022-03-04,7140,7150,7070,7090,10247,-0.012534818941504211
2022-03-07,7090,7090,7010,7050,9343,-0.005641748942172065
2022-03-08,7090,7140,6980,7140,7726,0.012765957446808418
2022-03-10,7150,7190,7060,7130,6521,-0.0014005602240896309
2022-03-11,7130,7130,7040,7100,13884,-0.0042075736325385416
2022-03-14,7100,7100,7030,7100,7980,0.0
2022-03-15,7100,7130,7000,7070,9904,-0.004225352112676051
2022-03-16,7070,7150,6970,7060,16749,-0.0014144271570014633
2022-03-17,7150,7150,7060,7130,15032,0.009915014164305846
2022-03-18,7160,7170,7100,7130,4116,0.0
2022-03-21,7160,7160,7130,7150,2817,0.0028050490883591017
2022-03-22,7160,7160,7100,7160,5171,0.0013986013986013734
2022-03-23,7200,7200,7060,7100,12927,-0.008379888268156388
2022-03-24,7100,7160,7090,7100,4356,0.0
2022-03-25,7070,7150,7020,7100,9212,0.0
2022-03-28,7130,7130,7080,7090,4860,-0.0014084507042253502
2022-03-29,7100,7190,7070,7180,22251,0.012693935119887145
2022-03-30,7180,7200,7090,7200,9700,0.0027855153203342198
2022-03-31,7200,7490,7160,7450,22466,0.03472222222222232
2022-04-01,7450,7600,7400,7500,9993,0.006711409395973256
2022-04-04,7530,7530,7440,7510,6961,0.0013333333333334085
2022-04-05,7580,7580,7450,7530,7518,0.0026631158455392434
2022-04-06,7500,7500,7320,7460,15823,-0.009296148738379806
2022-04-07,7310,7500,7290,7490,8369,0.004021447721179516
2022-04-08,7490,7500,7400,7480,4813,-0.001335113484646211
2022-04-11,7530,7530,7360,7450,6327,-0.004010695187165791
2022-04-12,7440,7440,7290,7400,8081,-0.006711409395973145
2022-04-13,7250,7420,7250,7400,10466,0.0
2022-04-14,7400,7400,7240,7350,6427,-0.006756756756756799
2022-04-15,7350,7570,7220,7500,12658,0.020408163265306145
2022-04-18,7500,7500,7350,7350,4988,-0.020000000000000018
2022-04-19,7350,7400,7180,7300,24563,-0.006802721088435382
2022-04-20,7380,7390,7200,7270,6497,-0.004109589041095929
2022-04-21,7310,7310,7220,7280,4710,0.0013755158184318717
2022-04-22,7320,7350,7190,7290,7164,0.0013736263736263687
2022-04-25,7250,7250,7100,7170,11617,-0.016460905349794275
2022-04-26,7100,7280,7100,7240,5394,0.009762900976290068
2022-04-27,7210,7210,7090,7200,15318,-0.0055248618784530246
2022-04-28,7170,7200,7090,7090,9811,-0.015277777777777724
2022-04-29,7070,7190,7070,7190,7932,0.014104372355430161
2022-05-02,7260,7260,7170,7190,2940,0.0
2022-05-03,7250,7250,7120,7200,3037,0.0013908205841446364
2022-05-04,7210,7210,7100,7160,6681,-0.005555555555555536
2022-05-06,6970,7160,6970,7150,4992,-0.0013966480446927498
2022-05-09,7220,7220,7040,7110,8031,-0.005594405594405605
2022-05-10,7100,7270,6950,7190,37213,0.011251758087201136
2022-05-11,7170,7170,7000,7080,26499,-0.015299026425591111
2022-05-12,7080,7090,6970,7090,7384,0.0014124293785311437
2022-05-13,7050,7100,6990,7090,3376,0.0
2022-05-16,7130,7190,7060,7060,4252,-0.004231311706629048
2022-05-17,6960,7100,6950,7100,9876,0.0056657223796034994
2022-05-18,7130,7230,7080,7150,22457,0.007042253521126751
2022-05-19,7100,7100,6990,7100,63033,-0.006993006993006978
2022-05-20,7060,7100,7000,7070,9283,-0.004225352112676051
2022-05-23,7050,7060,6990,7020,46498,-0.007072135785007094
2022-05-24,7020,7090,7000,7090,8832,0.009971509971509862
2022-05-25,7050,7080,7000,7040,9251,-0.007052186177715081
2022-05-26,7040,7040,6990,7000,25009,-0.005681818181818232
2022-05-27,6990,7200,6950,7200,75421,0.02857142857142847
2022-05-30,7240,7240,7110,7130,7605,-0.009722222222222188
2022-05-31,7130,7130,7010,7040,27118,-0.012622720897615736
2022-06-02,7040,7040,6980,7040,25220,0.0
2022-06-03,7020,7070,7000,7060,5107,0.0028409090909091717
2022-06-07,7080,7080,6980,6980,7334,-0.011331444759206777
2022-06-08,6960,7020,6960,7010,4572,0.004297994269341077
2022-06-09,6950,7000,6950,7000,11475,-0.0014265335235378318
2022-06-10,6930,7040,6900,7030,38540,0.004285714285714226
2022-06-13,7020,7020,6860,6990,82146,-0.005689900426742556
2022-06-14,6860,6970,6830,6970,55089,-0.0028612303290415086
2022-06-15,6960,6960,6790,6880,64928,-0.012912482065997155
2022-06-16,6880,7000,6850,6920,15700,0.005813953488372103
2022-06-17,6800,6950,6660,6950,65065,0.004335260115607031
2022-06-20,6950,6950,6640,6750,26517,-0.02877697841726623
2022-06-21,6760,6900,6710,6900,5212,0.022222222222222143
2022-06-22,6930,7070,6700,6910,52702,0.0014492753623187582
2022-06-23,6820,6950,6650,6750,31330,-0.02315484804630974
2022-06-24,6740,6890,6630,6870,16752,0.01777777777777767
2022-06-27,6850,6910,6760,6860,11132,-0.0014556040756914523
2022-06-28,6860,6890,6800,6830,2757,-0.004373177842565634
2022-06-29,6950,6950,6690,6750,11480,-0.01171303074670571
2022-06-30,6750,6920,6650,6760,9150,0.001481481481481417
2022-07-01,6760,6800,6610,6700,15972,-0.00887573964497046
2022-07-04,6710,6730,6480,6660,23506,-0.005970149253731294
2022-07-05,6640,6850,6610,6830,7327,0.02552552552552556
2022-07-06,6830,6830,6640,6760,5884,-0.010248901903367469
2022-07-07,6790,6990,6610,6680,8838,-0.011834319526627168
2022-07-08,6690,6800,6680,6780,4805,0.014970059880239583
2022-07-11,6820,6850,6630,6830,15420,0.007374631268436627
2022-07-12,6830,6830,6590,6690,60341,-0.020497803806734938
2022-07-13,6690,6740,6580,6600,1565,-0.013452914798206317
2022-07-14,6640,6750,6550,6720,37597,0.018181818181818077
2022-07-15,6760,6760,6650,6750,3227,0.0044642857142858094
2022-07-18,6750,6810,6740,6780,5621,0.004444444444444473
2022-07-19,6830,7620,6760,6970,48294,0.028023598820059004
2022-07-20,6970,6990,6770,6850,14362,-0.017216642754662836
2022-07-21,6930,7000,6760,6820,9195,-0.004379562043795637
2022-07-22,6850,6860,6770,6790,2787,-0.004398826979472137
2022-07-25,6790,6820,6700,6820,4791,0.004418262150220897
2022-07-26,6820,6820,6700,6810,1410,-0.0014662756598240456
2022-07-27,6720,6820,6720,6800,2908,-0.001468428781204123
2022-07-28,6800,6860,6700,6770,4269,-0.004411764705882337
2022-07-29,6770,6810,6700,6810,14876,0.005908419497784312
2022-08-01,6810,6820,6750,6800,4291,-0.001468428781204123
2022-08-02,6800,6800,6740,6770,1982,-0.004411764705882337
2022-08-03,6770,6770,6670,6740,6614,-0.004431314623338234
2022-08-04,6690,6740,6640,6710,26369,-0.004451038575667643
2022-08-05,6700,6700,6590,6680,20365,-0.0044709388971684305
2022-08-08,6660,6780,6660,6780,6118,0.014970059880239583
2022-08-09,6810,6810,6720,6800,4939,0.002949852507374562
2022-08-10,6840,6840,6710,6800,7641,0.0
2022-08-11,6790,6840,6740,6790,8777,-0.0014705882352941124
2022-08-12,6710,6800,6710,6800,8498,0.0014727540500736325
2022-08-16,6860,6860,6740,6820,6346,0.002941176470588225
2022-08-17,6810,6810,6700,6780,6889,-0.0058651026392961825
2022-08-18,6760,6760,6660,6700,3700,-0.01179941002949858
2022-08-19,6690,6690,6600,6660,19966,-0.005970149253731294
2022-08-22,6660,6700,6610,6610,5508,-0.007507507507507505
2022-08-23,6470,6610,6470,6570,16786,-0.006051437216338829
2022-08-24,6570,6570,6400,6540,13745,-0.004566210045662156
2022-08-25,6540,6600,6410,6600,13042,0.00917431192660545
2022-08-26,6620,6620,6550,6580,2717,-0.00303030303030305
2022-08-29,6420,6590,6380,6590,113835,0.001519756838905817
2022-08-30,6590,6610,6500,6600,7274,0.0015174506828528056
2022-08-31,6640,6640,6470,6560,8305,-0.0060606060606061
2022-09-01,6520,6550,6420,6550,14096,-0.0015243902439023849
2022-09-02,6560,6700,6500,6550,6016,0.0
2022-09-05,6550,6550,6480,6500,2184,-0.007633587786259555
2022-09-06,6430,6530,6430,6530,4849,0.004615384615384688
2022-09-07,6570,6570,6450,6450,12618,-0.01225114854517606
2022-09-08,6440,6460,6400,6400,6223,-0.007751937984496138
2022-09-13,6440,6500,6360,6390,12293,-0.0015625000000000222
2022-09-14,6380,6380,6260,6370,155234,-0.003129890453834161
2022-09-15,6400,6400,6280,6320,24160,-0.00784929356357933
2022-09-16,6320,6320,6270,6290,7730,-0.004746835443038
2022-09-19,6290,6290,6120,6150,17345,-0.022257551669316422
2022-09-20,6240,6240,6090,6200,15789,0.008130081300812941
2022-09-21,6200,6200,5980,6020,26123,-0.029032258064516148
2022-09-22,6010,6110,5900,5940,18845,-0.013289036544850474
2022-09-23,5940,5940,5830,5870,14194,-0.011784511784511786
2022-09-26,5880,5880,5450,5450,30031,-0.07155025553662686
2022-09-27,5440,5460,5380,5410,17233,-0.007339449541284404
2022-09-28,5440,5440,5130,5350,57968,-0.011090573012939031
2022-09-29,5400,5600,5300,5410,12730,0.01121495327102795
2022-09-30,5300,5490,5300,5330,11869,-0.014787430683918634
2022-10-04,5380,5380,5270,5300,12831,-0.0056285178236398226
2022-10-05,5320,5320,5000,5170,45434,-0.024528301886792447
2022-10-06,5160,5650,5160,5540,13560,0.07156673114119916
2022-10-07,5530,5530,5300,5440,12055,-0.018050541516245522
2022-10-11,5440,5440,5010,5210,18416,-0.04227941176470584
2022-10-12,5210,5500,5020,5390,22751,0.03454894433781197
2022-10-13,5190,5260,5150,5150,9308,-0.04452690166975881
2022-10-14,5140,5220,5130,5150,12790,0.0
2022-10-17,5340,5340,5120,5220,1789,0.013592233009708687
2022-10-18,5180,5260,5160,5250,3912,0.005747126436781658
2022-10-19,5250,5280,5170,5200,1960,-0.00952380952380949
2022-10-20,5200,5200,5090,5130,1423,-0.013461538461538414
2022-10-21,5130,5270,5040,5270,7126,0.02729044834308003
2022-10-24,5270,5290,5220,5230,5998,-0.007590132827324458
2022-10-25,5290,5290,5060,5100,15521,-0.0248565965583174
2022-10-26,5100,5200,5100,5160,1979,0.0117647058823529
2022-10-27,5160,5160,5000,5020,15475,-0.027131782945736482
2022-10-28,5010,5090,5000,5010,5910,-0.0019920318725099584
2022-10-31,5040,5040,5020,5040,695,0.0059880239520957446
2022-11-01,5100,5200,5010,5010,11159,-0.005952380952380931
2022-11-02,5010,5040,5000,5020,3409,0.001996007984031989
2022-11-03,5040,5040,4990,4990,10388,-0.005976095617529875
2022-11-04,4995,5080,4980,5020,9591,0.006012024048096087
2022-11-07,5040,5080,4950,4950,22480,-0.013944223107569709
2022-11-08,5000,5000,4960,4970,8786,0.004040404040404066
2022-11-09,5000,5000,4895,4940,22965,-0.006036217303822977
2022-11-10,4885,4940,4855,4875,18877,-0.013157894736842146
2022-11-11,4900,5000,4900,4930,12666,0.011282051282051286
2022-11-14,4950,6200,4950,5790,495636,0.17444219066937117
2022-11-15,5870,5870,5490,5580,64936,-0.03626943005181349
2022-11-16,5590,7160,5590,6850,2445703,0.22759856630824382
2022-11-17,6690,6700,6250,6470,270087,-0.05547445255474448
2022-11-18,6470,6940,6130,6270,394102,-0.03091190108191655
2022-11-21,6270,6320,5970,5970,71491,-0.04784688995215314
2022-11-22,5940,6410,5790,5950,221417,-0.00335008375209378
2022-11-23,5940,6080,5870,6010,61509,0.010084033613445342
2022-11-24,6000,6120,5930,6030,46684,0.0033277870216306127
2022-11-25,6030,6090,5860,5880,51799,-0.02487562189054726
2022-11-28,5880,5970,5680,5880,51387,0.0
2022-11-29,5800,5880,5750,5750,36925,-0.022108843537414935
2022-11-30,5750,5830,5720,5790,26518,0.006956521739130528
2022-12-01,5800,5970,5760,5760,45831,-0.005181347150259086
2022-12-02,5820,5850,5740,5800,24839,0.00694444444444442
2022-12-05,5790,6340,5790,5830,248451,0.005172413793103514
2022-12-06,5840,5860,5410,5490,157951,-0.05831903945111494
2022-12-07,5410,5490,5250,5270,51933,-0.04007285974499086
2022-12-08,5230,5330,5180,5200,34911,-0.013282732447817858
2022-12-09,5200,5480,5200,5330,39270,0.02499999999999991
2022-12-12,5470,5470,5300,5320,13426,-0.0018761726078799779
2022-12-13,5330,5340,5210,5230,54023,-0.016917293233082664
2022-12-14,5230,5580,5210,5280,59757,0.009560229445506607
2022-12-15,5340,5450,5270,5310,37487,0.005681818181818121
2022-12-16,5200,5400,5200,5370,16107,0.011299435028248483
2022-12-19,5360,5450,5300,5380,25216,0.0018621973929235924
2022-12-20,5260,5360,5140,5150,37042,-0.04275092936802971
2022-12-21,5150,5200,5030,5030,26018,-0.023300970873786353
2022-12-22,5030,5150,5030,5060,27129,0.005964214711729587
2022-12-23,4990,5150,4905,5080,39272,0.0039525691699604515
2022-12-26,5020,5080,4970,5010,25511,-0.013779527559055094
2022-12-27,5010,5300,4970,5050,21199,0.007984031936127733
2022-12-28,5050,5090,4955,5010,18049,-0.007920792079207928
2022-12-29,5010,5030,4900,4905,32581,-0.020958083832335328
2023-01-02,4905,5010,4905,4905,13522,0.0
2023-01-03,4905,5150,4695,4850,32330,-0.011213047910295648
2023-01-04,4885,4995,4855,4945,28683,0.019587628865979312
2023-01-05,4945,5080,4945,4985,26090,0.008088978766430666
2023-01-06,4875,5110,4875,5080,46682,0.01905717151454356
2023-01-09,5080,5220,5080,5220,31654,0.027559055118110187
2023-01-10,5250,5250,5100,5100,19421,-0.02298850574712641
2023-01-11,5100,5280,5080,5200,28942,0.019607843137254832
2023-01-12,5220,5220,5150,5170,14353,-0.005769230769230749
2023-01-13,5170,5250,5100,5120,32314,-0.009671179883945835
2023-01-16,5120,5200,5100,5180,23558,0.01171875
2023-01-17,5160,5200,5080,5080,13992,-0.019305019305019266
2023-01-18,5130,5130,4985,5010,23975,-0.013779527559055094
2023-01-19,5010,5060,4985,5030,6646,0.003992015968063978
2023-01-20,5030,5190,5030,5080,18571,0.00994035785288272
2023-01-25,5080,5150,5070,5130,17721,0.009842519685039353
2023-01-26,5120,5140,5060,5110,12515,-0.003898635477582846
2023-01-27,5270,5270,5060,5100,39044,-0.00195694716242667
2023-01-30,5130,5140,5000,5030,23802,-0.013725490196078383
2023-01-31,5030,5060,4960,5040,19996,0.001988071570576455
2023-02-01,5100,5100,5020,5060,8315,0.003968253968253954
2023-02-02,5040,5140,5040,5080,14067,0.0039525691699604515
2023-02-03,5080,5160,5040,5120,22031,0.007874015748031482
2023-02-06,5120,5150,5050,5150,13819,0.005859375
2023-02-07,5090,5140,5060,5120,22347,-0.005825242718446644
2023-02-08,5120,5150,5100,5130,11879,0.001953125
2023-02-09,5130,5150,5090,5140,17741,0.0019493177387914784
2023-02-10,5140,5580,5060,5120,236098,-0.0038910505836575737
2023-02-13,5130,5260,5080,5170,21437,0.009765625
2023-02-14,5150,5180,5100,5100,19835,-0.013539651837524147
2023-02-15,5150,5150,5000,5000,31377,-0.019607843137254943
2023-02-16,4990,5090,4990,5020,23564,0.0040000000000000036
2023-02-17,5040,5100,4985,5080,17265,0.01195219123505975
2023-02-20,5080,5140,5030,5120,15221,0.007874015748031482
2023-02-21,5160,5160,5020,5090,14861,-0.005859375
2023-02-22,5090,5090,4995,5010,28950,-0.015717092337917515
2023-02-23,5010,5030,4980,5010,16623,0.0
2023-02-24,5010,5020,4970,5010,17672,0.0
2023-02-27,4950,5030,4925,4955,12087,-0.010978043912175606
2023-02-28,4955,5050,4940,5030,7199,0.015136226034308864
2023-03-02,5030,5050,4995,5040,6653,0.001988071570576455
2023-03-03,5040,5040,4980,5020,14805,-0.003968253968253954
2023-03-06,5020,5040,4970,4995,14367,-0.004980079681274896
2023-03-07,5000,5010,4980,5000,5763,0.0010010010010010895
2023-03-08,4980,5050,4930,4960,13723,-0.008000000000000007
2023-03-09,4960,4960,4825,4890,61588,-0.014112903225806495
2023-03-10,4850,4880,4750,4850,9499,-0.008179959100204526
2023-03-13,4825,4825,4695,4780,27772,-0.014432989690721598
2023-03-14,4765,4770,4575,4575,55587,-0.042887029288702916
2023-03-15,4550,4765,4550,4600,13822,0.005464480874316946
2023-03-16,4555,4685,4555,4600,7694,0.0
2023-03-17,4555,4795,4555,4720,16928,0.026086956521739202
2023-03-20,4825,4825,4600,4710,14772,-0.0021186440677966045
2023-03-21,4650,4855,4650,4710,14157,0.0
2023-03-22,4740,4740,4610,4695,34213,-0.0031847133757961776
2023-03-23,4660,4700,4645,4665,28020,-0.006389776357827448
2023-03-24,4670,4690,4650,4690,11081,0.005359056806002238
2023-03-27,4750,4750,4660,4680,4485,-0.002132196162046962
2023-03-28,4700,4710,4655,4690,11004,0.002136752136752129
2023-03-29,4690,4700,4600,4660,28185,-0.006396588486140775
2023-03-30,4660,4750,4610,4750,12997,0.0193133047210301
2023-03-31,4740,4740,4665,4685,16530,-0.013684210526315743
2023-04-03,4630,4680,4605,4680,19501,-0.0010672358591248265
2023-04-04,4655,4695,4640,4670,5716,-0.002136752136752129
2023-04-05,4700,5370,4630,4780,281849,0.023554603854389677
2023-04-06,4785,4815,4670,4690,23992,-0.01882845188284521
2023-04-07,4655,4730,4655,4660,19796,-0.006396588486140775
2023-04-10,4660,4675,4610,4615,33733,-0.00965665236051505
2023-04-11,4635,4635,4570,4630,21668,0.003250270855904569
2023-04-12,4630,4630,4580,4615,16806,-0.003239740820734305
2023-04-13,4615,4640,4570,4595,41870,-0.004333694474539573
2023-04-14,4620,4620,4580,4600,32568,0.0010881392818280489
2023-04-17,4620,4620,4550,4595,31059,-0.0010869565217391797
2023-04-18,4610,4610,4575,4575,12709,-0.0043525571273123065
2023-04-19,4600,4785,4585,4745,56936,0.0371584699453551
2023-04-20,4775,4810,4680,4745,28412,0.0
2023-04-21,4695,4730,4615,4645,17943,-0.021074815595363505
2023-04-24,4585,4640,4580,4615,9621,-0.006458557588805203
2023-04-25,4580,4610,4570,4605,12239,-0.0021668472372697867
2023-04-26,4595,4595,4570,4575,10127,-0.006514657980456029
2023-04-27,4575,4700,4555,4625,8325,0.010928961748633892
2023-04-28,4625,4625,4555,4580,23433,-0.009729729729729741
2023-05-02,4580,4600,4565,4600,9133,0.004366812227074135
2023-05-03,4615,4630,4560,4560,6502,-0.008695652173912993
2023-05-04,4550,4640,4550,4580,15314,0.004385964912280604
2023-05-08,4650,4660,4590,4655,9763,0.01637554585152845
2023-05-09,4620,6050,4620,5640,1822681,0.2116004296455425
2023-05-10,5460,6660,5180,5330,1445371,-0.054964539007092195
2023-05-11,5400,5430,5140,5140,182794,-0.03564727954971858
2023-05-12,5150,5220,4845,4890,171889,-0.048638132295719894
2023-05-15,4960,4960,4815,4920,52885,0.006134969325153339
2023-05-16,4920,5150,4850,4855,111977,-0.013211382113821113
2023-05-17,4855,5060,4805,4870,84132,0.003089598352214118
2023-05-18,4930,5090,4855,5080,67211,0.04312114989733051
2023-05-19,5120,5230,5010,5080,60283,0.0
2023-05-22,5080,5300,5010,5240,103502,0.03149606299212593
2023-05-23,5260,5280,5030,5170,53006,-0.013358778625954248
2023-05-24,5150,5290,5140,5190,30539,0.003868471953578423
2023-05-25,5270,5270,5070,5150,43092,-0.0077071290944122905
2023-05-26,5150,5190,4835,4905,240201,-0.04757281553398063
2023-05-30,4935,5140,4895,5040,103874,0.02752293577981657
2023-05-31,5020,5220,5000,5090,29755,0.009920634920634885
2023-06-01,5150,5150,5020,5090,20285,0.0
2023-06-02,5090,5130,4985,4985,31189,-0.02062868369351667
2023-06-05,5000,5080,4990,5010,29090,0.005015045135406293
2023-06-07,4990,5060,4950,4950,22520,-0.0119760479041916
2023-06-08,4985,5000,4905,5000,16501,0.010101010101010166
2023-06-09,5060,5060,4950,5000,12318,0.0
2023-06-12,4920,4975,4910,4960,16276,-0.008000000000000007
2023-06-13,4960,5060,4940,4960,14143,0.0
2023-06-14,5010,5010,4805,4845,42560,-0.02318548387096775
2023-06-15,4885,4885,4750,4860,34809,0.003095975232198178
2023-06-16,4860,4900,4840,4840,10157,-0.004115226337448541
2023-06-19,4840,4895,4740,4810,13218,-0.006198347107438051
2023-06-20,4810,4810,4750,4760,16466,-0.01039501039501034
2023-06-21,4755,4775,4670,4730,24311,-0.006302521008403339
2023-06-22,4725,4780,4680,4715,10569,-0.003171247357293905
2023-06-23,4750,4750,4655,4670,15926,-0.009544008483563071
2023-06-26,4670,4780,4660,4775,14271,0.0224839400428265
2023-06-27,4780,5250,4755,4850,287687,0.015706806282722585
2023-06-28,4850,4895,4755,4790,21034,-0.012371134020618513
2023-06-29,4880,4880,4630,4645,60256,-0.030271398747390377
2023-06-30,4720,4730,4610,4725,62436,0.017222820236813874
2023-07-03,4745,4865,4745,4800,15205,0.015873015873015817
2023-07-04,4800,4950,4770,4915,13078,0.023958333333333304
2023-07-05,4840,5080,4840,4960,52424,0.00915564598168861
2023-07-06,4940,4960,4760,4760,25870,-0.040322580645161255
2023-07-07,4740,4760,4670,4700,14357,-0.012605042016806678
2023-07-10,4665,4900,4655,4775,21011,0.015957446808510634
2023-07-11,4775,4880,4770,4780,5926,0.0010471204188482464
2023-07-12,4765,4955,4735,4765,9284,-0.003138075313807498
2023-07-13,4765,4820,4710,4765,8676,0.0
2023-07-14,4765,4780,4720,4745,13314,-0.0041972717733472775
2023-07-17,4710,4755,4685,4710,22497,-0.00737618545837726
2023-07-18,4665,4740,4665,4690,4582,-0.00424628450106157
2023-07-19,4690,4725,4630,4715,16491,0.005330490405117239
2023-07-20,4720,4795,4635,4755,9851,0.008483563096500557
2023-07-21,4880,4880,4670,4670,14890,-0.017875920084121977
2023-07-24,4690,4690,4445,4445,52631,-0.04817987152034264
2023-07-25,4405,4480,4245,4245,57460,-0.044994375703037104
2023-07-26,4110,4195,4000,4100,56753,-0.0341578327444052
2023-07-27,4050,4460,4050,4230,10803,0.03170731707317076
2023-07-28,4235,4355,4210,4285,10036,0.013002364066193817
2023-07-31,4285,4965,4285,4365,406773,0.018669778296382722
2023-08-01,4330,4390,4280,4295,29740,-0.016036655211912998
2023-08-02,4370,4370,4205,4255,16370,-0.0093131548311991
2023-08-03,4220,4250,4155,4205,10851,-0.011750881316098694
2023-08-04,4155,4250,4155,4250,7348,0.010701545778834642
2023-08-07,4250,4345,4180,4255,5346,0.0011764705882353343
2023-08-08,4285,4330,4205,4265,18503,0.00235017626321965
2023-08-09,4205,4270,4205,4210,8405,-0.01289566236811257
2023-08-10,4105,4295,4105,4180,16026,-0.0071258907363420665
2023-08-11,4190,4280,4180,4250,5002,0.01674641148325362
2023-08-14,4155,4320,4155,4315,9835,0.015294117647058902
2023-08-16,4195,4300,4175,4275,6597,-0.009269988412514474
2023-08-17,4100,4240,4100,4195,7780,-0.018713450292397682
2023-08-18,4195,4840,4140,4240,482624,0.010727056019070424
2023-08-21,4245,4440,4245,4340,48654,0.02358490566037741
2023-08-22,4340,4440,4305,4385,37684,0.010368663594469973
2023-08-23,4315,4435,4305,4365,12238,-0.004561003420752607
2023-08-24,4365,4365,4230,4230,13317,-0.030927835051546393
2023-08-25,4230,4230,4140,4150,16005,-0.01891252955082745
2023-08-28,4150,4295,4115,4130,7502,-0.004819277108433773
2023-08-29,4205,4205,4140,4170,7118,0.009685230024213176
2023-08-30,4140,4800,4120,4370,315599,0.04796163069544357
2023-08-31,4400,4425,4310,4340,15066,-0.006864988558352381
2023-09-01,4285,4340,4270,4295,11517,-0.010368663594470084
2023-09-04,4205,4270,4155,4180,28916,-0.0267753201396973
2023-09-05,4170,4185,4150,4165,13003,-0.0035885167464114742
2023-09-06,4165,4165,4125,4165,31295,0.0
2023-09-07,4125,4200,4125,4200,7486,0.008403361344537785
2023-09-08,4200,4325,4200,4240,9195,0.00952380952380949
2023-09-11,4240,4345,4210,4300,4697,0.014150943396226356
2023-09-12,4300,4340,4180,4255,15690,-0.010465116279069764
2023-09-13,4250,4305,4200,4225,6454,-0.007050528789659172
2023-09-14,4245,4245,4185,4210,3179,-0.0035502958579881616
2023-09-15,4175,4300,4175,4195,6151,-0.0035629453681710332
2023-09-18,4190,4280,4165,4220,6727,0.005959475566150285
2023-09-19,4345,4345,4200,4200,3238,-0.004739336492891044
2023-09-20,4185,4295,4185,4280,5408,0.01904761904761898
2023-09-21,4180,4280,4150,4165,17164,-0.026869158878504718
2023-09-22,4080,4230,4080,4230,14584,0.015606242496998712
2023-09-25,4345,4345,4150,4155,10495,-0.01773049645390068
2023-09-26,4295,4295,4080,4110,7185,-0.010830324909747335
2023-09-27,4065,4230,4065,4155,4214,0.010948905109489093
2023-10-04,4110,4160,4045,4065,23533,-0.02166064981949456
2023-10-05,4010,4110,3900,3900,34612,-0.040590405904059046
2023-10-06,3900,4050,3900,4000,6924,0.02564102564102555
2023-10-10,3940,4100,3940,4065,6785,0.016250000000000098
2023-10-11,4035,4180,4025,4060,7167,-0.0012300123001229846
2023-10-12,4020,4145,4020,4085,10265,0.006157635467980205
2023-10-13,4020,4140,4020,4090,4646,0.001223990208078396
2023-10-16,4090,4095,4000,4025,9616,-0.0158924205378973
2023-10-17,4025,4190,4025,4120,4964,0.023602484472049712
2023-10-18,4165,4165,4050,4095,2172,-0.0060679611650485965
2023-10-19,4090,4090,3950,3950,43919,-0.035409035409035394
2023-10-20,3950,3965,3885,3900,7527,-0.012658227848101222
2023-10-23,3825,3895,3760,3840,10462,-0.01538461538461533
2023-10-24,3840,3935,3660,3870,14233,0.0078125
2023-10-25,3895,3895,3750,3775,15359,-0.02454780361757103
2023-10-26,3705,3810,3665,3810,16639,0.009271523178807861
2023-10-27,3730,3850,3710,3850,11345,0.01049868766404205
2023-10-30,3900,3900,3725,3875,2512,0.006493506493506551
2023-10-31,3885,3910,3735,3765,7355,-0.0283870967741936
2023-11-01,3900,3900,3710,3765,10967,0.0
2023-11-02,3900,3900,3810,3855,6217,0.0239043824701195
2023-11-03,3900,3900,3810,3855,2815,0.0
2023-11-06,3910,3965,3815,3830,11973,-0.006485084306095956
2023-11-07,3900,3900,3765,3855,6969,0.006527415143603221
2023-11-08,3855,3855,3805,3825,1859,-0.0077821011673151474
2023-11-09,3950,3950,3760,3815,5094,-0.002614379084967311
2023-11-10,3760,3845,3760,3815,2311,0.0
2023-11-13,3890,3890,3755,3825,5193,0.002621231979030192
2023-11-14,3785,3850,3780,3815,7130,-0.002614379084967311
2023-11-15,3815,3900,3750,3795,9309,-0.005242463958060273
2023-11-16,3795,3985,3760,3850,9845,0.01449275362318847
2023-11-17,3830,3885,3795,3830,6507,-0.0051948051948051965
2023-11-20,3800,3985,3800,3885,8086,0.01436031331592691
2023-11-21,3890,3960,3805,3900,4740,0.0038610038610038533
2023-11-22,3970,3970,3875,3920,2296,0.00512820512820511
2023-11-23,3925,3925,3865,3870,3959,-0.012755102040816313
2023-11-24,3870,3870,3850,3865,944,-0.0012919896640827266
2023-11-27,3865,3960,3820,3875,6005,0.002587322121604174
2023-11-28,3870,3900,3805,3885,16934,0.002580645161290418
2023-11-29,3900,4270,3890,4040,59723,0.039897039897039965
2023-11-30,4230,4240,4055,4210,34420,0.04207920792079212
2023-12-01,4240,4300,4100,4245,17657,0.008313539192398967
2023-12-04,4185,4245,4170,4245,8659,0.0
2023-12-05,4245,4295,4190,4280,2201,0.008244994110718551
2023-12-06,4235,4275,4200,4255,4421,-0.005841121495327117
2023-12-07,4255,4400,4180,4180,9405,-0.01762632197414804
2023-12-08,4180,4400,4140,4205,5915,0.005980861244019087
2023-12-11,4250,4250,4160,4160,4764,-0.010701545778834753
2023-12-12,4080,4300,4080,4100,15654,-0.014423076923076872
2023-12-13,4160,4190,4080,4110,5133,0.0024390243902439046
2023-12-14,4110,4270,4110,4130,3616,0.0048661800486617945
2023-12-15,4130,4290,4065,4085,16730,-0.010895883777239712
2023-12-18,4125,4150,4030,4050,5487,-0.008567931456548328
2023-12-19,4090,4090,4010,4050,2865,0.0
2023-12-20,4050,4160,4050,4150,5693,0.024691358024691468
2023-12-21,4150,4195,4110,4185,3013,0.008433734939758963
2023-12-22,4185,4225,4125,4220,4109,0.008363201911588902
2023-12-26,4220,4220,4095,4100,5370,-0.028436018957345932
2023-12-27,4100,4105,4075,4090,2283,-0.0024390243902439046
2023-12-28,4090,4120,4020,4120,6563,0.007334963325183352
2024-01-02,4150,4170,4065,4135,2628,0.00364077669902918
2024-01-03,4100,4210,4100,4135,4108,0.0
2024-01-04,4215,4215,4065,4135,3746,0.0
2024-01-05,4150,4150,4100,4140,5081,0.0012091898428052694
2024-01-08,4215,4215,4120,4170,2353,0.007246376811594235
2024-01-09,4250,4250,4135,4135,30126,-0.008393285371702586
2024-01-10,4190,4190,4075,4095,9372,-0.0096735187424426
2024-01-11,4135,4135,4010,4080,4781,-0.00366300366300365
2024-01-12,4065,4080,3990,4030,14462,-0.01225490196078427
2024-01-15,4035,4035,3990,4020,2937,-0.002481389578163795
2024-01-16,3930,4030,3850,3870,21649,-0.03731343283582089
2024-01-17,3870,3955,3800,3890,3396,0.0051679586563306845
2024-01-18,3815,3885,3795,3795,20274,-0.024421593830334154
2024-01-19,3835,3850,3800,3850,3377,0.01449275362318847
2024-01-22,3890,3895,3850,3885,4275,0.009090909090909038
2024-01-23,3810,3850,3795,3805,12762,-0.020592020592020588
2024-01-24,3890,3890,3810,3835,4791,0.007884362680683266
2024-01-25,3870,3880,3825,3870,4376,0.009126466753585305
2024-01-26,3950,3955,3795,3865,2825,-0.0012919896640827266
2024-01-29,3910,3910,3800,3840,1118,-0.0064683053040103244
2024-01-30,3805,3905,3790,3835,5126,-0.0013020833333333703
2024-01-31,3835,3835,3760,3770,7578,-0.016949152542372836
2024-02-01,3725,3835,3675,3790,11363,0.0053050397877985045
2024-02-02,3910,3910,3690,3690,32657,-0.02638522427440637
2024-02-05,3800,3855,3735,3770,5308,0.021680216802167918
2024-02-06,3795,3795,3710,3755,3650,-0.003978779840848823
2024-02-07,3755,3800,3705,3775,7019,0.005326231691078487
2024-02-08,3795,3795,3635,3670,40618,-0.027814569536423805
2024-02-13,3670,3735,3670,3700,7949,0.008174386920980936
2024-02-14,3710,3725,3670,3710,2788,0.002702702702702675
2024-02-15,3720,3730,3705,3720,10938,0.0026954177897573484
2024-02-16,3755,3755,3730,3740,1294,0.005376344086021501
2024-02-19,3780,3780,3725,3745,3347,0.0013368983957218195
2024-02-20,3800,3800,3720,3750,7459,0.001335113484646211
2024-02-21,3780,3785,3735,3755,4641,0.0013333333333334085
2024-02-22,3785,3800,3730,3745,3161,-0.0026631158455392434
2024-02-23,3720,3800,3720,3750,4099,0.001335113484646211
2024-02-26,3800,3800,3635,3730,6833,-0.005333333333333301
2024-02-27,3720,3775,3670,3695,4494,-0.009383378016085797
2024-02-28,3780,3780,3700,3735,890,0.010825439783491264
2024-02-29,3795,3795,3660,3675,12919,-0.016064257028112428
2024-03-04,3690,3710,3670,3675,3627,0.0
2024-03-05,3775,3785,3635,3675,5090,0.0
2024-03-06,3645,3695,3605,3605,9444,-0.01904761904761909
2024-03-07,3630,3695,3605,3610,10896,0.001386962552011095
2024-03-08,3610,3775,3590,3700,6089,0.024930747922437657
2024-03-11,3700,3700,3620,3690,12695,-0.002702702702702675
2024-03-12,3700,3700,3600,3650,9309,-0.010840108401083959
2024-03-13,3650,3700,3600,3660,11656,0.00273972602739736
2024-03-14,3700,3700,3635,3690,4197,0.008196721311475308
2024-03-15,3685,3700,3635,3690,6018,0.0
2024-03-18,3675,3700,3620,3680,3278,-0.0027100271002710175
2024-03-19,3680,3700,3615,3640,11460,-0.010869565217391353
2024-03-20,3655,3740,3620,3690,8645,0.013736263736263687
2024-03-21,3740,3740,3640,3670,5746,-0.005420054200542035
2024-03-22,3655,3725,3615,3665,7239,-0.0013623978201634523
2024-03-25,3720,3720,3660,3660,2793,-0.0013642564802183177
2024-03-26,3685,3690,3650,3660,4415,0.0
2024-03-27,3710,3710,3650,3700,5658,0.010928961748633892
2024-03-28,3745,3745,3680,3695,5852,-0.0013513513513513375
2024-03-29,3695,3710,3650,3700,4071,0.0013531799729364913
2024-04-01,3660,3750,3660,3690,7110,-0.002702702702702675
2024-04-02,3690,3690,3630,3670,13057,-0.005420054200542035
2024-04-03,3665,3680,3630,3680,10668,0.0027247956403269047
2024-04-04,3685,3695,3630,3665,7362,-0.0040760869565217295
2024-04-05,3630,3680,3615,3660,39295,-0.0013642564802183177
2024-04-08,3700,3705,3660,3665,7168,0.001366120218579292
2024-04-09,3740,3740,3660,3715,4853,0.013642564802182733
2024-04-11,3740,3740,3690,3720,3348,0.0013458950201883368
2024-04-12,3650,3715,3650,3705,13037,-0.0040322580645161255
2024-04-15,3640,3710,3640,3710,4918,0.0013495276653170407
2024-04-16,3710,3730,3570,3700,8382,-0.0026954177897574594
2024-04-17,3670,3745,3670,3715,2342,0.004054054054054124
2024-04-18,3740,3740,3705,3720,5140,0.0013458950201883368
2024-04-19,3730,3730,3640,3700,23189,-0.005376344086021501
2024-04-22,3690,3730,3655,3720,12025,0.00540540540540535
2024-04-23,3740,3740,3700,3705,4992,-0.0040322580645161255
2024-04-24,3735,3735,3695,3715,4806,0.0026990553306343035
2024-04-25,3740,3740,3665,3675,6664,-0.010767160161507361
2024-04-26,3725,3725,3675,3715,2057,0.010884353741496655
2024-04-29,3730,3730,3680,3700,10197,-0.004037685060565233
2024-04-30,3725,3725,3695,3710,1392,0.002702702702702675
2024-05-02,3695,3730,3670,3700,17626,-0.0026954177897574594
2024-05-03,3700,3725,3690,3720,6913,0.00540540540540535
2024-05-07,3740,4065,3740,4065,97380,0.092741935483871
2024-05-08,4090,4175,3920,3980,31617,-0.02091020910209107
2024-05-09,3950,4240,3950,4060,28909,0.0201005025125629
2024-05-10,4020,4195,4020,4150,16487,0.022167487684729092
2024-05-13,4150,4430,4125,4280,89984,0.031325301204819356
2024-05-14,4270,4490,4190,4190,69530,-0.0210280373831776
2024-05-16,4190,4390,3950,4390,32246,0.047732696897374804
2024-05-17,4380,4485,4350,4380,37756,-0.002277904328018221
2024-05-20,4270,4515,4270,4420,18811,0.009132420091324311
2024-05-21,4405,4560,4365,4555,38876,0.030542986425339258
2024-05-22,4555,4670,4505,4535,27717,-0.004390779363336983
2024-05-23,4650,4650,4505,4560,17940,0.005512679162072764
2024-05-24,4630,4630,4465,4560,9637,0.0
2024-05-27,4565,4565,4350,4390,12084,-0.037280701754385914
2024-05-28,4390,4390,4195,4260,15894,-0.029612756264236872
2024-05-29,4260,4490,4260,4390,41266,0.030516431924882736
2024-05-30,4375,4560,4345,4380,6352,-0.002277904328018221
2024-05-31,4440,4470,4265,4265,9613,-0.026255707762557035
2024-06-03,4225,4285,4120,4180,16084,-0.01992966002344665
2024-06-04,4180,4240,4105,4140,14713,-0.009569377990430672
2024-06-05,4200,4200,4095,4170,6823,0.007246376811594235
2024-06-07,4170,4195,4150,4180,2714,0.0023980815347721673
2024-06-10,4190,4190,4125,4165,2763,-0.0035885167464114742
2024-06-11,4160,4195,4110,4130,4911,-0.008403361344537785
2024-06-12,4190,4220,4130,4140,10105,0.002421307506053294
2024-06-13,4250,4265,4115,4135,4120,-0.0012077294685990392
2024-06-14,4335,4335,4130,4230,5534,0.022974607013301007
2024-06-17,4230,4245,4150,4165,2780,-0.015366430260047248
2024-06-18,4165,4200,4140,4160,1560,-0.0012004801920768582
2024-06-19,4150,4205,4100,4160,10473,0.0
2024-06-20,4155,4155,4065,4100,7012,-0.014423076923076872
2024-06-21,4110,4190,4000,4000,8413,-0.024390243902439046
2024-06-24,4155,4155,3985,4095,2331,0.023749999999999938
2024-06-25,4060,4140,4000,4140,3773,0.01098901098901095
2024-06-26,4140,4140,3990,4080,5711,-0.01449275362318836
2024-06-27,4080,4080,3920,3975,10179,-0.02573529411764708
2024-06-28,4085,4085,3880,3940,41147,-0.008805031446540879
2024-07-01,3940,4090,3910,4090,6980,0.038071065989847774
2024-07-02,4055,4090,3935,3960,2075,-0.0317848410757946
2024-07-03,4000,4030,3995,4005,2208,0.011363636363636465
2024-07-04,4075,4075,3965,4030,4706,0.006242197253433224
2024-07-05,4080,4080,4015,4060,3495,0.007444168734491274
2024-07-08,4090,4175,4055,4175,5174,0.028325123152709297
2024-07-09,4245,4250,4100,4115,3160,-0.014371257485029987
2024-07-10,4115,4310,4115,4180,1783,0.015795868772782606
2024-07-11,4260,4260,4115,4120,5427,-0.014354066985645897
2024-07-12,4295,4295,4040,4090,3160,-0.007281553398058249
2024-07-15,4050,4115,4025,4110,4811,0.004889975550122161
2024-07-16,4270,4270,4070,4100,3931,-0.0024330900243308973
2024-07-17,4100,4100,4055,4095,2529,-0.0012195121951219523
2024-07-18,4025,4140,4025,4085,5151,-0.0024420024420024333
2024-07-19,4050,4290,4050,4060,3442,-0.006119951040391647
2024-07-22,4060,4060,4000,4050,7038,-0.0024630541871921707
2024-07-23,4140,4140,3980,4000,2969,-0.012345679012345734
2024-07-24,4110,4120,3960,4020,4257,0.004999999999999893
2024-07-25,3880,4070,3880,4065,2934,0.011194029850746245
2024-07-26,4065,4070,4000,4065,3238,0.0
2024-07-29,4135,4135,3845,3935,19356,-0.03198031980319804
2024-07-30,3935,3990,3910,3985,2018,0.01270648030495547
2024-07-31,4020,4020,3950,3990,3998,0.0012547051442910462
2024-08-01,3990,3990,3970,3985,4760,-0.0012531328320801727
2024-08-02,3985,4045,3900,3970,1824,-0.0037641154328732496
2024-08-05,4040,4040,3725,3880,17724,-0.02267002518891692
2024-08-06,3870,3910,3580,3910,43778,0.0077319587628865705
2024-08-07,4060,4060,3895,3950,3883,0.010230179028132946
2024-08-08,4040,4040,3920,3990,1910,0.010126582278481067
2024-08-09,4050,4050,3870,3910,6183,-0.020050125313283207
2024-08-12,3910,4040,3910,4000,1081,0.023017902813299296
2024-08-13,4045,4045,3970,4015,2889,0.00374999999999992
2024-08-14,4015,4030,3980,4015,5686,0.0
2024-08-16,4055,4055,3975,4020,4107,0.001245330012453305
2024-08-19,4120,4120,3955,4000,1101,-0.00497512437810943
2024-08-20,3970,4110,3970,4060,6617,0.014999999999999902
2024-08-21,4060,4110,4030,4110,10293,0.012315270935960632
2024-08-22,4205,4210,3925,3955,29597,-0.03771289537712896
2024-08-23,4030,4045,3990,4040,8768,0.02149178255372952
2024-08-26,4040,4055,3910,3910,7072,-0.03217821782178221
2024-08-27,3960,4005,3920,4000,2024,0.023017902813299296
2024-08-28,4040,4040,3990,3995,1137,-0.0012499999999999734
2024-08-29,4030,4035,3980,3985,704,-0.0025031289111389077
2024-08-30,4025,4030,3925,3995,4506,0.0025094102885820924
2024-09-02,3995,4000,3900,3995,17102,0.0
2024-09-03,4005,4005,3965,3995,18185,0.0
2024-09-04,3960,4005,3920,3980,15576,-0.003754693366708417
2024-09-05,4005,4005,3925,3980,7280,0.0
2024-09-06,3980,4005,3855,3910,29016,-0.017587939698492483
2024-09-09,4015,4015,3870,3880,26981,-0.007672634271099765
2024-09-10,3980,3980,3865,3900,1965,0.005154639175257714
2024-09-11,3995,3995,3895,3900,1847,0.0
2024-09-12,4015,4015,3865,3925,2820,0.0064102564102563875
2024-09-13,3985,3985,3865,3890,10210,-0.008917197452229297
2024-09-19,4045,4045,3865,3900,6778,0.0025706940874035134
2024-09-20,3995,3995,3885,3945,1562,0.011538461538461497
2024-09-23,3990,3990,3940,3940,3607,-0.0012674271229404788
2024-09-24,4000,4000,3935,3980,2918,0.010152284263959421
2024-09-25,3995,4040,3970,4000,8290,0.005025125628140614
2024-09-26,4065,4065,3960,4030,3200,0.007500000000000062
2024-09-27,4065,4065,3955,4005,2437,-0.006203473945409432
2024-09-30,4070,4070,4000,4010,1243,0.0012484394506866447
2024-10-02,4085,4085,3960,4030,4016,0.004987531172069737
2024-10-04,4090,4090,3985,4005,3059,-0.006203473945409432
2024-10-07,4005,4090,3945,4005,13547,0.0
2024-10-08,4030,4030,3935,3985,2523,-0.004993757802746579
2024-10-10,4045,4045,3965,3985,343,0.0
2024-10-11,4025,4025,3930,3960,5801,-0.006273525721455453
2024-10-14,3960,3960,3920,3950,6761,-0.002525252525252486
2024-10-15,3945,4005,3925,3950,3339,0.0
2024-10-16,3950,4000,3850,4000,6819,0.012658227848101333
2024-10-17,3970,4010,3925,3990,2221,-0.0024999999999999467
2024-10-18,3935,4010,3925,4000,1278,0.0025062656641603454
2024-10-21,4010,4010,3790,3830,105358,-0.04249999999999998
2024-10-22,3900,3945,3830,3860,19349,0.007832898172323688
2024-10-23,3980,3980,3845,3850,3602,-0.002590673575129543
2024-10-24,3980,3980,3800,3835,8616,-0.003896103896103842
2024-10-25,3960,3960,3820,3835,2989,0.0
2024-10-28,3950,3950,3785,3865,1992,0.007822685788787531
2024-10-29,3810,3930,3810,3890,7674,0.0064683053040104355
2024-10-30,3980,3980,3835,3835,10183,-0.014138817480719768
2024-10-31,3835,3875,3830,3855,3443,0.0052151238591917615
2024-11-01,3995,3995,3835,3865,2415,0.0025940337224383825
2024-11-04,3885,3885,3720,3855,13313,-0.002587322121604174
2024-11-05,3855,3855,3790,3855,4045,0.0
2024-11-06,3980,3980,3800,3845,22587,-0.0025940337224383825
2024-11-07,3845,3845,3785,3810,38933,-0.00910273081924573
2024-11-08,3810,3810,3790,3810,4728,0.0
2024-11-11,3810,3840,3700,3790,6207,-0.005249343832021025
2024-11-12,3845,3845,3740,3745,2846,-0.01187335092348285
2024-11-13,3805,3805,3600,3720,14490,-0.006675567423230944
2024-11-14,3710,3730,3630,3730,3183,0.0026881720430107503
2024-11-15,3780,3780,3580,3630,12021,-0.02680965147453085
2024-11-18,3665,3665,3590,3625,1266,-0.0013774104683195176
2024-11-19,3835,3835,3570,3600,18211,-0.006896551724137945
2024-11-20,3600,3600,3335,3600,12981,0.0
2024-11-21,3550,3640,3550,3605,6588,0.001388888888888884
2024-11-22,3690,3690,3505,3660,9137,0.015256588072122046
2024-11-25,3660,3845,3650,3660,55413,0.0
2024-11-26,3650,3850,3645,3730,2472,0.0191256830601092
2024-11-27,3835,3840,3700,3765,1934,0.009383378016085686
2024-11-28,3840,3840,3740,3775,1374,0.0026560424966799445
2024-11-29,3790,3790,3740,3765,1295,-0.0026490066225165476
2024-12-02,3835,3835,3650,3710,9367,-0.014608233731739695
2024-12-03,3640,3795,3640,3665,8217,-0.0121293800539084
2024-12-04,3730,3730,3600,3650,8923,-0.004092769440654842
2024-12-05,3710,3710,3570,3595,20734,-0.015068493150684925
2024-12-06,3745,3750,3525,3550,13192,-0.012517385257301838
2024-12-09,3550,3670,3300,3500,29476,-0.014084507042253502
2024-12-10,3500,3630,3500,3625,10691,0.03571428571428581
2024-12-11,3625,3660,3595,3645,785,0.0055172413793103114
2024-12-12,3570,3650,3570,3640,6382,-0.00137174211248281
2024-12-13,3640,3690,3605,3635,2678,-0.0013736263736263687
2024-12-16,3560,3700,3560,3690,1822,0.015130674002751032
2024-12-17,3715,3715,3625,3660,1274,-0.008130081300813052
2024-12-18,3770,3770,3605,3685,1616,0.006830601092896238
2024-12-19,3630,3680,3585,3650,2667,-0.009497964721845276
2024-12-20,3690,3690,3600,3650,4580,0.0
2024-12-23,3680,3700,3615,3670,2164,0.005479452054794498
2024-12-24,3700,3700,3670,3685,1551,0.004087193460490468
2024-12-26,3700,3705,3640,3700,3179,0.004070556309362372
2024-12-27,3765,3765,3650,3680,400,-0.00540540540540535
2024-12-30,3775,3775,3600,3600,4114,-0.021739130434782594
2025-01-02,3785,3785,3550,3590,15224,-0.002777777777777768
2025-01-03,3775,3780,3590,3680,4039,0.025069637883008422
2025-01-06,3775,3775,3655,3680,3132,0.0
2025-01-07,3760,3770,3660,3675,272,-0.0013586956521739468
2025-01-08,3710,3725,3645,3670,1597,-0.0013605442176870541
2025-01-09,3715,3715,3630,3635,1275,-0.009536784741144388
2025-01-10,3690,3705,3620,3705,1145,0.01925722145804687
2025-01-13,3685,3690,3670,3670,876,-0.009446693657219951
2025-01-14,3670,3670,3615,3635,2068,-0.009536784741144388
2025-01-15,3670,3685,3580,3590,2293,-0.012379642365887178
2025-01-16,3770,3775,3550,3630,784,0.011142061281337101
2025-01-17,3670,3720,3620,3680,591,0.01377410468319562
2025-01-20,3755,3755,3650,3680,2930,0.0
2025-01-21,3730,3730,3630,3685,325,0.0013586956521738358
2025-01-22,3700,3700,3600,3600,4309,-0.023066485753052923
2025-01-23,3630,3630,3520,3520,6015,-0.022222222222222254
2025-01-24,3590,3600,3520,3580,910,0.017045454545454586
2025-01-31,3620,3620,3550,3570,4166,-0.0027932960893854997
2025-02-03,3600,3610,3535,3590,1398,0.0056022408963585235
2025-02-04,3655,3660,3555,3585,672,-0.0013927576601671099
2025-02-05,3605,3610,3560,3595,1305,0.002789400278939924
2025-02-06,3580,3680,3580,3595,1602,0.0
2025-02-07,3675,3675,3595,3610,4892,0.004172461752433909
2025-02-10,3665,3665,3580,3580,4998,-0.008310249307479256
2025-02-11,3580,3630,3580,3610,1699,0.008379888268156499
2025-02-12,3610,3640,3580,3620,7580,0.0027700831024930483
2025-02-13,3690,3690,3565,3565,4834,-0.015193370165745845
2025-02-14,3535,3655,3535,3650,3800,0.02384291725105192
2025-02-17,3685,3690,3625,3690,1969,0.010958904109588996
2025-02-18,3650,3705,3640,3705,2829,0.004065040650406582
2025-02-19,3670,3925,3670,3785,7601,0.021592442645074206
2025-02-20,3885,3885,3720,3760,736,-0.006605019815059454
2025-02-21,3850,3850,3730,3810,1677,0.013297872340425565
2025-02-24,3900,3900,3675,3805,1726,-0.001312335958005284
2025-02-25,3765,3970,3765,3830,1879,0.006570302233902758
2025-02-26,3830,3840,3795,3830,492,0.0
2025-02-27,3940,3945,3770,3820,2214,-0.0026109660574412663
2025-02-28,3885,3885,3750,3850,1188,0.007853403141361293
2025-03-04,3785,3850,3690,3830,1961,-0.0051948051948051965
2025-03-05,3850,3850,3790,3835,3120,0.0013054830287206887
2025-03-06,3850,3850,3750,3835,5982,0.0
2025-03-07,3815,3825,3790,3820,3547,-0.003911342894393766
2025-03-10,3830,3830,3715,3830,416,0.002617801047120505
2025-03-11,3830,3830,3780,3800,497,-0.007832898172323799
2025-03-12,3800,3850,3775,3825,635,0.006578947368421018
2025-03-13,3855,3855,3760,3785,536,-0.010457516339869244
2025-03-14,3785,3785,3730,3735,2389,-0.013210039630118908
2025-03-17,3830,3830,3685,3725,1367,-0.0026773761713521083
2025-03-18,3785,3800,3695,3765,238,0.010738255033557076
2025-03-19,3765,3790,3725,3785,26623,0.005312084993359889
2025-03-20,3840,3840,3750,3810,1892,0.006605019815059343
2025-03-21,3830,3830,3700,3750,3106,-0.015748031496062964
2025-03-24,3850,3850,3690,3700,5075,-0.013333333333333308
2025-03-25,3695,3795,3665,3730,1225,0.008108108108108025
2025-03-26,3735,3760,3700,3740,655,0.002680965147453085
2025-03-27,3845,3850,3695,3740,1395,0.0
2025-03-28,3745,3810,3745,3785,86,0.012032085561497263
2025-03-31,3815,3815,3745,3780,1610,-0.0013210039630119352
2025-04-01,3840,3840,3725,3780,853,0.0
2025-04-02,3845,3845,3725,3785,976,0.001322751322751392
2025-04-03,3795,3800,3720,3790,3378,0.0013210039630118242
2025-04-04,3825,3825,3705,3715,3165,-0.01978891820580475
2025-04-07,3705,3710,3470,3470,24650,-0.06594885598923284
2025-04-08,3600,3670,3510,3560,23748,0.025936599423631135
2025-04-09,3580,3690,3530,3675,4955,0.032303370786516794
2025-04-10,3770,3770,3640,3700,2747,0.006802721088435382
2025-04-11,3820,3820,3585,3705,6528,0.0013513513513514486
2025-04-14,3750,3750,3615,3710,2576,0.0013495276653170407
2025-04-15,3710,3750,3675,3705,1731,-0.0013477088948786742
2025-04-16,3710,3715,3655,3695,627,-0.0026990553306343035
2025-04-17,3700,3700,3650,3700,110,0.0013531799729364913
2025-04-18,3710,3720,3655,3710,388,0.002702702702702675
2025-04-21,3820,3820,3610,3690,3032,-0.005390835579514808
2025-04-22,3710,3710,3605,3655,2260,-0.009485094850948506
2025-04-23,3660,3670,3610,3665,3424,0.002735978112175186
2025-04-24,3825,3825,3615,3670,1481,0.0013642564802183177
2025-04-25,3705,3705,3605,3675,3643,0.0013623978201635634
2025-04-28,3790,3790,3645,3695,2306,0.0054421768707482165
2025-04-29,3725,3725,3630,3640,1049,-0.014884979702300405
2025-04-30,3735,3735,3640,3695,1168,0.015109890109890056
2025-05-02,3790,3790,3625,3665,3147,-0.008119079837618393
2025-05-07,3665,3665,3630,3665,1244,0.0
2025-05-08,3665,3700,3635,3670,1440,0.0013642564802183177
2025-05-09,3750,3750,3630,3640,319,-0.008174386920980936
2025-05-12,3640,3770,3640,3680,2288,0.01098901098901095
2025-05-13,3755,3755,3640,3650,2190,-0.008152173913043459
2025-05-14,3730,3730,3570,3640,7585,-0.002739726027397249
2025-05-15,3695,3700,3580,3595,2136,-0.012362637362637319
2025-05-16,3625,3625,3575,3615,1362,0.0055632823365785455
2025-05-19,3605,3625,3525,3550,2459,-0.017980636237897696
2025-05-20,3620,3620,3540,3590,1431,0.011267605633802802
2025-05-21,3615,3615,3435,3500,22911,-0.02506963788300831
2025-05-22,3535,3535,3425,3490,2886,-0.0028571428571428914
2025-05-23,3460,3505,3460,3475,2406,-0.004297994269340966
2025-05-26,3515,3515,3455,3475,714,0.0
2025-05-27,3475,3500,3435,3490,1098,0.004316546762589857
2025-05-28,3450,3500,3430,3460,14702,-0.008595988538681931
2025-05-29,3560,3560,3440,3480,5097,0.005780346820809301
2025-05-30,3550,3550,3455,3485,1063,0.001436781609195359
2025-06-02,3485,3495,3445,3485,2817,0.0
2025-06-04,3450,3475,3440,3450,1752,-0.010043041606886627
2025-06-05,3500,3500,3465,3485,1733,0.010144927536231974
2025-06-09,3475,3495,3450,3460,4520,-0.00717360114777621
2025-06-10,3470,3485,3430,3470,2768,0.0028901734104045396
2025-06-11,3450,3490,3435,3450,3068,-0.0057636887608069065
2025-06-12,3450,3470,3430,3455,5525,0.0014492753623187582
2025-06-13,3435,3460,3430,3450,14155,-0.0014471780028944004
2025-06-16,3480,3480,3420,3430,9586,-0.005797101449275366
2025-06-17,3505,3560,3320,3350,11603,-0.023323615160349864
2025-06-18,3350,3475,3350,3470,14662,0.035820895522387985
2025-06-19,3480,3480,3350,3430,3737,-0.011527377521613813
2025-06-20,3430,3475,3385,3465,3526,0.010204081632652962
2025-06-23,3480,3480,3385,3420,2830,-0.012987012987012991
2025-06-24,3430,3450,3415,3430,912,0.0029239766081872176
2025-06-25,3490,3490,3400,3435,574,0.001457725947521915
2025-06-26,3490,3540,3310,3350,7853,-0.024745269286754024
2025-06-27,3455,3455,3310,3340,5338,-0.0029850746268657025
2025-06-30,3405,3405,3310,3380,4581,0.011976047904191711
2025-07-01,3455,3455,3285,3300,23430,-0.023668639053254448
2025-07-02,3330,3330,3265,3315,13461,0.00454545454545463
2025-07-03,3285,3330,3280,3330,5793,0.004524886877828038
2025-07-04,3330,3350,3305,3350,4129,0.006006006006006093
2025-07-07,3370,3490,3320,3320,3334,-0.008955223880596996
2025-07-08,3290,3435,3290,3300,6018,-0.0060240963855421326
2025-07-09,3400,3400,3285,3305,1293,0.0015151515151514694
2025-07-10,3395,3395,3290,3350,4236,0.013615733736762392
2025-07-11,3395,3395,3325,3350,1720,0.0
2025-07-14,3350,3350,3320,3320,4515,-0.008955223880596996
2025-07-15,3350,3350,3315,3345,2964,0.0075301204819278045
2025-07-16,3355,3355,3315,3335,8238,-0.002989536621823663
2025-07-17,3380,3380,3310,3335,1621,0.0
2025-07-18,3335,3345,3265,3320,6581,-0.004497751124437732
2025-07-21,3440,3440,3305,3320,4566,0.0
2025-07-22,3430,3430,3295,3315,3938,-0.001506024096385561
2025-07-23,3480,3480,3290,3300,5984,-0.004524886877828038
2025-07-24,3335,3335,3250,3315,19816,0.00454545454545463
2025-07-25,3320,3320,3275,3300,4221,-0.004524886877828038
2025-07-28,3300,3300,3245,3245,16712,-0.01666666666666672
2025-07-29,3240,3240,3165,3205,14684,-0.012326656394452962
2025-07-30,3205,3205,3180,3190,14875,-0.004680187207488307
2025-07-31,3220,3220,3155,3155,28433,-0.010971786833855801
2025-08-01,3155,3215,3150,3215,19445,0.019017432646592614
2025-08-04,3225,3245,3180,3220,3634,0.0015552099533437946
2025-08-05,3195,3240,3160,3195,9782,-0.00776397515527949
2025-08-06,3215,3240,3190,3215,4425,0.006259780907668322
2025-08-07,3225,3225,3215,3225,2210,0.0031104199066873672
2025-08-08,3230,3230,3200,3225,999,0.0
2025-08-11,3225,3260,3225,3255,6187,0.009302325581395321
2025-08-12,3310,3310,3225,3265,2152,0.003072196620583778
2025-08-13,3325,3325,3270,3285,2213,0.006125574272588086
2025-08-14,3345,3345,3250,3290,3730,0.0015220700152207556
2025-08-18,3340,3340,3250,3250,1849,-0.012158054711246202
2025-08-19,3260,3260,3205,3205,2191,-0.013846153846153841
2025-08-20,3285,3285,3140,3140,34927,-0.020280811232449292
2025-08-21,3185,3185,3135,3140,13006,0.0
2025-08-22,3140,3235,3140,3160,1553,0.006369426751592355
2025-08-25,3340,3340,3110,3150,6829,-0.0031645569620253333
2025-08-26,3110,3195,3110,3110,19734,-0.012698412698412653
2025-08-27,3195,3195,3110,3110,3633,0.0
2025-08-28,3125,3125,3065,3120,2801,0.003215434083601254
2025-08-29,3145,3150,3110,3130,1072,0.0032051282051281937
2025-09-01,3105,3150,3065,3065,11758,-0.02076677316293929
2025-09-02,3185,3185,3065,3100,1100,0.011419249592169667
2025-09-03,3275,3275,3125,3130,968,0.00967741935483879
2025-09-04,3180,3180,3100,3155,255,0.007987220447284393
2025-09-05,3165,3165,3100,3100,5360,-0.017432646592709933
