Date,Open,High,Low,Close,Volume,Change
2022-01-03,2510,2575,2490,2560,1707479,0.030181086519114775
2022-01-04,2575,2590,2540,2560,1063050,0.0
2022-01-05,2560,2620,2550,2565,1855684,0.001953125
2022-01-06,2745,2820,2570,2570,12163991,0.0019493177387914784
2022-01-07,2585,2640,2535,2575,1602076,0.0019455252918287869
2022-01-10,2565,2820,2475,2750,9614033,0.06796116504854366
2022-01-11,2620,2685,2580,2590,2351537,-0.05818181818181822
2022-01-12,2620,2655,2580,2590,1558799,0.0
2022-01-13,2630,2750,2615,2675,4318402,0.032818532818532864
2022-01-14,2645,2660,2600,2615,1197131,-0.02242990654205612
2022-01-17,2620,2650,2505,2505,1335318,-0.042065009560229405
2022-01-18,2485,2525,2420,2425,898680,-0.031936127744510934
2022-01-19,2400,2475,2395,2395,919730,-0.012371134020618513
2022-01-20,2370,2440,2370,2415,677453,0.008350730688935215
2022-01-21,2400,2460,2395,2415,928336,0.0
2022-01-24,2395,2420,2315,2350,820090,-0.026915113871635588
2022-01-25,2350,2370,2220,2220,1225498,-0.05531914893617018
2022-01-26,2195,2275,2195,2225,896549,0.0022522522522523403
2022-01-27,2225,2245,2070,2070,1423813,-0.06966292134831464
2022-01-28,2085,2155,2030,2150,986528,0.03864734299516903
2022-02-03,2170,2255,2170,2240,837873,0.041860465116279055
2022-02-04,2205,2270,2205,2270,687315,0.013392857142857206
2022-02-07,2285,2285,2225,2270,440678,0.0
2022-02-08,2280,2320,2240,2255,498964,-0.0066079295154185536
2022-02-09,2310,2410,2290,2320,2503647,0.02882483370288247
2022-02-10,2375,2420,2325,2325,1206422,0.0021551724137931494
2022-02-11,2300,2355,2285,2335,589801,0.004301075268817289
2022-02-14,2295,2380,2220,2330,1712971,-0.0021413276231263545
2022-02-15,2365,2390,2235,2240,1223284,-0.03862660944206009
2022-02-16,2280,2325,2260,2290,455372,0.022321428571428603
2022-02-17,2300,2365,2250,2285,1067183,-0.0021834061135370675
2022-02-18,2235,2345,2230,2330,706342,0.01969365426695835
2022-02-21,2400,2480,2310,2320,3034125,-0.0042918454935622075
2022-02-22,2330,2400,2280,2370,2262036,0.02155172413793105
2022-02-23,2435,2450,2355,2370,1566702,0.0
2022-02-24,2390,2420,2310,2340,1713470,-0.012658227848101222
2022-02-25,2425,2460,2335,2345,2355708,0.002136752136752129
2022-02-28,2310,2370,2310,2340,795147,-0.002132196162046962
2022-03-02,2370,2490,2360,2490,3138813,0.0641025641025641
2022-03-03,2495,2505,2405,2465,1948325,-0.010040160642570295
2022-03-04,2485,2615,2470,2525,4251788,0.024340770791074995
2022-03-07,2565,2570,2470,2475,1400096,-0.01980198019801982
2022-03-08,2490,2565,2390,2400,1800279,-0.030303030303030276
2022-03-10,2405,2440,2210,2330,1423821,-0.029166666666666674
2022-03-11,2330,2380,2325,2370,1034416,0.01716738197424883
2022-03-14,2360,2470,2320,2435,1628228,0.02742616033755274
2022-03-15,2455,2575,2390,2390,4814931,-0.01848049281314168
2022-03-16,2450,2520,2415,2515,2410834,0.05230125523012563
2022-03-17,2545,2550,2455,2510,1898840,-0.001988071570576566
2022-03-18,2560,2560,2495,2530,1167899,0.007968127490039834
2022-03-21,2545,2560,2470,2550,1459831,0.007905138339920903
2022-03-22,2565,2620,2510,2550,1672532,0.0
2022-03-23,2555,2655,2540,2650,3808672,0.03921568627450989
2022-03-24,2705,2745,2625,2730,4358515,0.030188679245283012
2022-03-25,2740,2740,2650,2675,2201927,-0.020146520146520186
2022-03-28,2695,3475,2675,3475,105047806,0.2990654205607477
2022-03-29,3300,4270,3280,3570,208319115,0.027338129496402797
2022-03-30,3815,4420,3700,4220,265624814,0.18207282913165268
2022-03-31,4125,4600,4095,4320,18885546,0.023696682464454888
2022-04-01,3780,3945,3515,3730,15830673,-0.13657407407407407
2022-04-04,3895,4060,3770,4060,11832772,0.0884718498659518
2022-04-05,4390,4790,4010,4100,157797144,0.009852216748768461
2022-04-06,4230,4260,3745,3745,41801234,-0.0865853658536585
2022-04-07,3845,3870,3335,3365,26172453,-0.10146862483311081
2022-04-08,3310,3950,3280,3450,80473482,0.02526002971768193
2022-04-11,3335,3585,3320,3380,21001920,-0.020289855072463725
2022-04-12,3330,3595,3305,3515,27078805,0.03994082840236679
2022-04-13,3465,3550,3330,3330,10908032,-0.052631578947368474
2022-04-14,3350,3445,3225,3295,10222665,-0.010510510510510551
2022-04-15,3280,3410,3205,3205,10360901,-0.0273141122913505
2022-04-18,3210,3255,3115,3130,5922232,-0.023400936037441533
2022-04-19,3135,3310,3090,3205,13075235,0.023961661341852958
2022-04-20,3220,3355,3205,3295,15355626,0.02808112324492984
2022-04-21,3295,3300,3155,3155,6711582,-0.04248861911987856
2022-04-22,3160,3460,3160,3240,32300635,0.02694136291600624
2022-04-25,3310,3355,3145,3145,10553091,-0.029320987654321007
2022-04-26,3145,3200,3070,3070,5917413,-0.02384737678855331
2022-04-27,2955,3075,2955,3020,5044887,-0.016286644951140072
2022-04-28,3060,3075,2965,2980,4514412,-0.013245033112582738
2022-04-29,2985,3050,2965,3010,3482925,0.010067114093959662
2022-05-02,2975,3010,2945,2960,2307276,-0.01661129568106312
2022-05-03,2970,3040,2965,3025,2642477,0.02195945945945943
2022-05-04,3035,3080,2955,3040,4866294,0.0049586776859504855
2022-05-06,2960,2960,2890,2890,3329869,-0.049342105263157854
2022-05-09,2860,2875,2795,2810,2498942,-0.02768166089965396
2022-05-10,2750,2820,2675,2800,2852698,-0.003558718861209953
2022-05-11,2800,2840,2790,2810,1854373,0.0035714285714285587
2022-05-12,2745,2805,2685,2690,3345655,-0.042704626334519546
2022-05-13,2965,2990,2695,2700,12989973,0.0037174721189590088
2022-05-16,2725,2840,2710,2780,4794984,0.029629629629629672
2022-05-17,2790,2810,2725,2735,2479958,-0.01618705035971224
2022-05-18,2745,2755,2715,2725,1655994,-0.003656307129798919
2022-05-19,2650,2780,2615,2660,3633518,-0.023853211009174258
2022-05-20,2660,2725,2660,2695,1742760,0.013157894736842035
2022-05-23,2700,2730,2660,2710,1314827,0.005565862708719838
2022-05-24,2725,2735,2615,2620,1960587,-0.03321033210332103
2022-05-25,2620,2670,2585,2645,905119,0.009541984732824416
2022-05-26,2650,2725,2650,2680,1464884,0.013232514177693666
2022-05-27,2710,2725,2675,2705,1200929,0.009328358208955168
2022-05-30,2715,2785,2705,2760,1543979,0.020332717190388205
2022-05-31,2760,2795,2735,2780,1174168,0.007246376811594235
2022-06-02,2745,2790,2725,2775,1053041,-0.0017985611510791255
2022-06-03,2790,2810,2735,2745,1277132,-0.010810810810810811
2022-06-07,2745,2745,2680,2680,1033118,-0.023679417122040025
2022-06-08,2700,2745,2670,2675,971833,-0.001865671641791078
2022-06-09,2660,2665,2585,2635,1346785,-0.01495327102803734
2022-06-10,2585,2645,2580,2610,807483,-0.009487666034155628
2022-06-13,2540,2580,2460,2470,1991012,-0.05363984674329503
2022-06-14,2395,2485,2380,2440,1424249,-0.012145748987854255
2022-06-15,2415,2440,2295,2315,1814698,-0.05122950819672134
2022-06-16,2340,2445,2315,2320,1343271,0.002159827213822796
2022-06-17,2260,2340,2135,2300,1169141,-0.008620689655172376
2022-06-20,2305,2335,2150,2180,1868474,-0.05217391304347829
2022-06-21,2190,2225,2175,2195,1469679,0.006880733944954143
2022-06-22,2210,2260,2085,2085,2201949,-0.05011389521640086
2022-06-23,2080,2110,1960,1960,3216634,-0.05995203836930452
2022-06-24,1925,2100,1925,2085,2240649,0.06377551020408156
2022-06-27,2090,2195,2090,2165,1160691,0.0383693045563549
2022-06-28,2165,2205,2165,2195,947748,0.01385681293302543
2022-06-29,2155,2235,2155,2200,800812,0.002277904328018332
2022-06-30,2190,2200,2140,2145,856258,-0.025000000000000022
2022-07-01,2145,2175,2045,2075,792971,-0.03263403263403264
2022-07-04,2075,2105,2000,2040,814897,-0.016867469879518038
2022-07-05,2045,2110,2045,2105,532262,0.031862745098039325
2022-07-06,2110,2120,2050,2060,623979,-0.02137767220902609
2022-07-07,2070,2105,2050,2080,546636,0.009708737864077666
2022-07-08,2120,2160,2105,2130,777999,0.024038461538461453
2022-07-11,2135,2160,2110,2120,629020,-0.0046948356807511304
2022-07-12,2085,2115,2050,2055,932591,-0.030660377358490587
2022-07-13,2060,2370,2025,2090,7399412,0.017031630170316392
2022-07-14,2075,2115,2045,2090,1345063,0.0
2022-07-15,2095,2110,2025,2040,1544085,-0.02392344497607657
2022-07-18,2070,2140,2060,2140,1787122,0.0490196078431373
2022-07-19,2135,2185,2115,2165,923661,0.011682242990654235
2022-07-20,2195,2200,2155,2155,981011,-0.004618937644341847
2022-07-21,2155,2180,2150,2165,655901,0.004640371229698292
2022-07-22,2165,2205,2140,2140,1249875,-0.011547344110854452
2022-07-25,2125,2165,2105,2140,523781,0.0
2022-07-26,2130,2170,2130,2145,568089,0.002336448598130758
2022-07-27,2140,2165,2130,2160,744467,0.006993006993007089
2022-07-28,2230,2425,2200,2285,29221846,0.05787037037037046
2022-07-29,2265,2320,2235,2315,4142476,0.013129102844638973
2022-08-01,2290,2335,2250,2255,2729632,-0.02591792656587477
2022-08-02,2255,2280,2210,2215,1160976,-0.0177383592017738
2022-08-03,2215,2230,2200,2220,812538,0.0022573363431150906
2022-08-04,2240,2245,2215,2230,609457,0.0045045045045044585
2022-08-05,2230,2250,2225,2240,710725,0.004484304932735439
2022-08-08,2230,2250,2215,2230,760618,-0.004464285714285698
2022-08-09,2225,2290,2205,2255,1444713,0.011210762331838486
2022-08-10,2240,2280,2225,2230,1256972,-0.011086474501108667
2022-08-11,2250,2285,2250,2275,968248,0.020179372197309364
2022-08-12,2290,2340,2275,2295,2237574,0.00879120879120876
2022-08-16,2315,2320,2235,2240,1189840,-0.023965141612200425
2022-08-17,2230,2255,2215,2225,743620,-0.006696428571428603
2022-08-18,2200,2225,2170,2210,1835175,-0.006741573033707815
2022-08-19,2385,2515,2290,2300,33665548,0.040723981900452566
2022-08-22,2270,2360,2270,2280,4411737,-0.008695652173912993
2022-08-23,2280,2350,2245,2280,3486206,0.0
2022-08-24,2300,2350,2260,2275,2094482,-0.002192982456140302
2022-08-25,2270,2350,2265,2325,3153711,0.0219780219780219
2022-08-26,2335,2335,2300,2305,1384103,-0.008602150537634357
2022-08-29,2210,2350,2205,2245,2388653,-0.026030368763557465
2022-08-30,2260,2300,2255,2260,1070504,0.006681514476614803
2022-08-31,2230,2260,2225,2245,611394,-0.006637168141592875
2022-09-01,2250,2255,2155,2160,1344559,-0.03786191536748329
2022-09-02,2185,2200,2095,2105,1670913,-0.02546296296296291
2022-09-05,2080,2165,2080,2125,1180540,0.009501187648456089
2022-09-06,2115,2165,2115,2150,646215,0.0117647058823529
2022-09-07,2140,2145,2095,2100,663021,-0.023255813953488413
2022-09-08,2110,2140,2095,2095,662666,-0.0023809523809523725
2022-09-13,2145,2165,2120,2150,589987,0.026252983293556076
2022-09-14,2095,2105,2060,2100,760632,-0.023255813953488413
2022-09-15,2120,2125,2080,2085,739941,-0.0071428571428571175
2022-09-16,2065,2120,2060,2065,774490,-0.00959232613908878
2022-09-19,2065,2080,2025,2030,789042,-0.016949152542372836
2022-09-20,2020,2070,2020,2035,665764,0.0024630541871921707
2022-09-21,2030,2045,2000,2010,653623,-0.012285012285012331
2022-09-22,1990,1995,1920,1960,1281991,-0.02487562189054726
2022-09-23,1950,1995,1905,1910,961745,-0.025510204081632626
2022-09-26,1865,1890,1750,1775,1665775,-0.0706806282722513
2022-09-27,1750,1820,1735,1795,1581191,0.011267605633802802
2022-09-28,1775,1840,1690,1725,1614858,-0.03899721448467963
2022-09-29,1765,1795,1700,1715,908568,-0.005797101449275366
2022-09-30,1700,1780,1700,1715,1309254,0.0
2022-10-04,1760,1790,1750,1780,876661,0.03790087463556846
2022-10-05,1810,1845,1750,1765,965393,-0.008426966292134797
2022-10-06,1775,1860,1775,1850,1030680,0.04815864022662897
2022-10-07,1815,1845,1800,1815,439922,-0.018918918918918948
2022-10-11,1770,1795,1705,1710,755630,-0.05785123966942152
2022-10-12,1705,1720,1670,1710,572361,0.0
2022-10-13,1880,2190,1880,1965,44894951,0.14912280701754388
2022-10-14,1945,2005,1900,1945,12897898,-0.010178117048346036
2022-10-17,2175,2285,2110,2120,32537739,0.08997429305912585
2022-10-18,2140,2150,2090,2140,6198526,0.009433962264151052
2022-10-19,2235,2260,2120,2130,13340324,-0.004672897196261627
2022-10-20,2110,2180,2030,2060,4064064,-0.032863849765258246
2022-10-21,2050,2050,1980,1990,2759181,-0.03398058252427183
2022-10-24,2065,2160,2030,2080,6086449,0.045226130653266416
2022-10-25,2085,2170,2030,2125,8168906,0.02163461538461542
2022-10-26,2125,2125,2040,2045,2448983,-0.03764705882352937
2022-10-27,2050,2080,2020,2050,2107422,0.0024449877750611915
2022-10-28,2095,2250,2065,2080,16723702,0.014634146341463428
2022-10-31,2100,2120,2050,2080,1826375,0.0
2022-11-01,2075,2125,2065,2120,2433516,0.019230769230769162
2022-11-02,2105,2105,2060,2065,1594127,-0.02594339622641506
2022-11-03,2015,2105,2015,2085,1374779,0.009685230024213176
2022-11-04,2075,2085,2050,2075,654810,-0.004796163069544335
2022-11-07,2075,2110,2070,2095,1358470,0.009638554216867545
2022-11-08,2100,2115,2075,2095,1199025,0.0
2022-11-09,2110,2150,2090,2110,2620984,0.007159904534606243
2022-11-10,2040,2095,2035,2065,1641886,-0.021327014218009532
2022-11-11,2115,2120,2060,2090,1511032,0.012106537530266248
2022-11-14,2100,2210,2090,2175,5976750,0.04066985645933019
2022-11-15,2160,2185,2130,2185,1553372,0.0045977011494253706
2022-11-16,2190,2195,2140,2170,1222550,-0.006864988558352381
2022-11-17,2160,2220,2160,2185,1947120,0.00691244239631339
2022-11-18,2170,2190,2145,2150,1097517,-0.016018306636155555
2022-11-21,2200,2360,2180,2285,23133778,0.06279069767441858
2022-11-22,2545,2625,2355,2460,38550476,0.07658643326039383
2022-11-23,2470,2695,2435,2590,41034607,0.05284552845528445
2022-11-24,2570,2790,2565,2665,33487341,0.02895752895752901
2022-11-25,2640,2705,2625,2650,7602004,-0.0056285178236398226
2022-11-28,2620,2630,2500,2555,4386189,-0.03584905660377358
2022-11-29,2520,2565,2475,2540,4112128,-0.005870841487279899
2022-11-30,2560,2630,2530,2550,6587756,0.003937007874015741
2022-12-01,2560,2650,2530,2605,5272056,0.021568627450980316
2022-12-02,2595,2600,2495,2540,3319841,-0.0249520153550864
2022-12-05,2520,2550,2465,2540,3150416,0.0
2022-12-06,2500,2605,2410,2410,5232209,-0.051181102362204745
2022-12-07,2380,2465,2355,2365,2708705,-0.018672199170124526
2022-12-08,2370,2375,2290,2315,2454594,-0.02114164904862581
2022-12-09,2330,2400,2280,2365,3265908,0.021598272138228847
2022-12-12,2320,2355,2250,2275,3074364,-0.038054968287526414
2022-12-13,2285,2315,2250,2310,1509420,0.01538461538461533
2022-12-14,2310,2315,2280,2300,789718,-0.0043290043290042934
2022-12-15,2315,2360,2300,2335,1925260,0.01521739130434785
2022-12-16,2295,2370,2285,2355,1276377,0.008565310492505418
2022-12-19,2350,2365,2305,2325,809468,-0.01273885350318471
2022-12-20,2310,2340,2190,2215,2101912,-0.047311827956989294
2022-12-21,2220,2270,2185,2255,1422138,0.018058690744920947
2022-12-22,2310,2460,2255,2415,10470650,0.07095343680709543
2022-12-23,2330,2350,2265,2270,3335387,-0.06004140786749479
2022-12-26,2255,2290,2200,2210,1330613,-0.026431718061673992
2022-12-27,2200,2255,2190,2210,1975323,0.0
2022-12-28,2210,2250,2190,2240,1262246,0.013574660633484115
2022-12-29,2230,2240,2115,2130,1710234,-0.049107142857142905
2023-01-02,2140,2155,2045,2055,1627028,-0.035211267605633756
2023-01-03,2030,2060,1970,2020,1883229,-0.01703163017031628
2023-01-04,2005,2045,1990,2035,742305,0.007425742574257432
2023-01-05,2040,2080,2015,2045,966518,0.004914004914004844
2023-01-06,2020,2140,2020,2115,1656443,0.03422982885085579
2023-01-09,2120,2180,2115,2175,1281719,0.028368794326241176
2023-01-10,2185,2300,2125,2140,3983452,-0.016091954022988464
2023-01-11,2160,2220,2155,2200,1874484,0.028037383177569986
2023-01-12,2210,2225,2175,2210,1236724,0.00454545454545463
2023-01-13,2260,2285,2240,2260,2054849,0.02262443438914019
2023-01-16,2250,2320,2230,2300,1959892,0.017699115044247815
2023-01-17,2305,2325,2260,2295,1528931,-0.0021739130434782483
2023-01-18,2280,2280,2215,2230,1113655,-0.028322440087146017
2023-01-19,2210,2230,2190,2190,787108,-0.017937219730941756
2023-01-20,2185,2225,2185,2200,540646,0.004566210045662045
2023-01-25,2220,2325,2220,2305,2091638,0.04772727272727262
2023-01-26,2330,2475,2300,2475,8818206,0.07375271149674623
2023-01-27,2440,2475,2390,2445,3417974,-0.012121212121212088
2023-01-30,2440,2470,2385,2395,2357587,-0.020449897750511203
2023-01-31,2430,2430,2340,2350,1800955,-0.018789144050104345
2023-02-01,2365,2400,2330,2375,1758392,0.010638297872340496
2023-02-02,2390,2435,2380,2430,1924469,0.023157894736842044
2023-02-03,2425,2440,2390,2440,1477699,0.004115226337448652
2023-02-06,2405,2495,2390,2455,2391867,0.006147540983606481
2023-02-07,2520,2525,2425,2440,3182247,-0.006109979633401208
2023-02-08,2445,2480,2420,2435,1461077,-0.002049180327868827
2023-02-09,2435,2455,2405,2440,1127693,0.002053388090349051
2023-02-10,2435,2450,2380,2420,1780951,-0.008196721311475419
2023-02-13,2410,2495,2405,2470,2616472,0.02066115702479343
2023-02-14,2470,2570,2450,2545,3271526,0.030364372469635637
2023-02-15,2510,2520,2445,2470,3006870,-0.029469548133595258
2023-02-16,2490,2570,2355,2385,5996599,-0.03441295546558709
2023-02-17,2365,2395,2320,2325,1713914,-0.02515723270440251
2023-02-20,2315,2370,2310,2365,1001605,0.017204301075268713
2023-02-21,2365,2500,2365,2460,4315180,0.04016913319238902
2023-02-22,2440,2470,2385,2405,1763232,-0.022357723577235755
2023-02-23,2425,2435,2395,2410,1498169,0.0020790020790020236
2023-02-24,2410,2435,2290,2300,2424782,-0.0456431535269709
2023-02-27,2335,2380,2300,2335,3096721,0.01521739130434785
2023-02-28,2445,2520,2360,2485,8239226,0.06423982869379019
2023-03-02,2445,2495,2350,2370,3741496,-0.046277665995975825
2023-03-03,2385,2435,2360,2370,2116395,0.0
2023-03-06,2385,2405,2375,2395,1105346,0.010548523206751037
2023-03-07,2400,2405,2320,2350,1667039,-0.018789144050104345
2023-03-08,2320,2355,2295,2340,1252021,-0.004255319148936176
2023-03-09,2330,2340,2305,2330,1357931,-0.004273504273504258
2023-03-10,2305,2495,2300,2440,8108577,0.047210300429184615
2023-03-13,2410,2415,2325,2330,1954880,-0.04508196721311475
2023-03-14,2335,2335,2200,2205,2159387,-0.05364806866952787
2023-03-15,2245,2355,2225,2280,3571008,0.03401360544217691
2023-03-16,2240,2260,2205,2230,1653625,-0.021929824561403466
2023-03-17,2255,2290,2225,2275,1752162,0.020179372197309364
2023-03-20,2265,2320,2265,2295,796421,0.00879120879120876
2023-03-21,2305,2350,2290,2325,1490126,0.013071895424836555
2023-03-22,2340,2470,2335,2385,9453762,0.02580645161290329
2023-03-23,2360,2490,2335,2420,6383586,0.01467505241090139
2023-03-24,2425,2460,2410,2440,2741351,0.008264462809917328
2023-03-27,2440,2485,2400,2440,2065053,0.0
2023-03-28,2440,2470,2415,2470,2260172,0.012295081967213184
2023-03-29,2470,2495,2435,2495,2153758,0.010121457489878471
2023-03-30,2495,2520,2420,2470,2308933,-0.01002004008016033
2023-03-31,2480,2515,2450,2465,1860139,-0.002024291497975672
2023-04-03,2475,2510,2430,2475,2050541,0.0040567951318457585
2023-04-04,2480,2580,2420,2435,4913901,-0.016161616161616155
2023-04-05,2385,2435,2340,2410,1381019,-0.010266940451745366
2023-04-06,2405,2410,2315,2320,1862351,-0.03734439834024894
2023-04-07,2345,2395,2330,2350,1496708,0.012931034482758674
2023-04-10,2350,2400,2320,2325,1930910,-0.010638297872340385
2023-04-11,2330,2350,2250,2325,1946307,0.0
2023-04-12,2325,2400,2325,2365,1936408,0.017204301075268713
2023-04-13,2375,2375,2305,2325,1111295,-0.016913319238900604
2023-04-14,2335,2465,2335,2435,3078648,0.047311827956989294
2023-04-17,2455,2560,2445,2495,6165711,0.024640657084188833
2023-04-18,2515,2590,2455,2525,5774858,0.012024048096192397
2023-04-19,2525,2550,2475,2505,2822006,-0.007920792079207928
2023-04-20,2515,2515,2400,2410,2190260,-0.03792415169660679
2023-04-21,2410,2430,2355,2365,1694593,-0.018672199170124526
2023-04-24,2360,2385,2320,2320,1254885,-0.019027484143763207
2023-04-25,2310,2330,2215,2255,2342376,-0.028017241379310387
2023-04-26,2235,2305,2215,2250,989484,-0.0022172949002217113
2023-04-27,2240,2260,2220,2255,833703,0.0022222222222221255
2023-04-28,2265,2315,2235,2310,1599828,0.024390243902439046
2023-05-02,2320,2575,2315,2520,10588500,0.09090909090909083
2023-05-03,2495,2550,2475,2505,2955020,-0.005952380952380931
2023-05-04,2490,2530,2420,2445,1919769,-0.0239520958083832
2023-05-08,2460,2475,2415,2425,1124022,-0.008179959100204526
2023-05-09,2425,2555,2420,2435,3582808,0.004123711340206171
2023-05-10,2425,2485,2405,2450,1357242,0.006160164271047153
2023-05-11,2470,2630,2455,2580,9802705,0.05306122448979589
2023-05-12,2555,3170,2555,3015,91518910,0.16860465116279078
2023-05-15,3020,3070,2880,2915,18179516,-0.03316749585406298
2023-05-16,2950,3065,2880,2930,20891484,0.005145797598627766
2023-05-17,2900,2995,2855,2875,10140211,-0.018771331058020424
2023-05-18,2895,2935,2820,2885,7120162,0.003478260869565153
2023-05-19,2885,2905,2825,2835,4542060,-0.017331022530329254
2023-05-22,2835,2925,2825,2925,5776479,0.031746031746031855
2023-05-23,2925,3045,2900,2905,14941393,-0.006837606837606813
2023-05-24,2915,3185,2905,2985,35289685,0.027538726333907082
2023-05-25,3005,3065,2785,2815,10338981,-0.05695142378559459
2023-05-26,2825,2945,2760,2865,7404281,0.017761989342806483
2023-05-30,2870,2885,2765,2815,2849149,-0.017452006980802848
2023-05-31,2815,2920,2810,2840,3590874,0.008880994671403242
2023-06-01,2845,2945,2845,2935,3404067,0.03345070422535201
2023-06-02,2915,2960,2880,2945,3357391,0.0034071550255536653
2023-06-05,3010,3095,2940,2950,11502879,0.001697792869269854
2023-06-07,2980,3145,2970,3045,14232729,0.03220338983050852
2023-06-08,3045,3100,2985,3075,4450162,0.009852216748768461
2023-06-09,3090,3100,2955,2995,4557820,-0.026016260162601612
2023-06-12,3015,3115,2975,3055,7323834,0.02003338898163598
2023-06-13,3055,3070,2625,2710,14356232,-0.11292962356792147
2023-06-14,2740,2750,2655,2695,6125903,-0.005535055350553542
2023-06-15,2710,2810,2690,2715,4321659,0.007421150278293043
2023-06-16,2715,2735,2695,2730,1789141,0.005524861878453136
2023-06-19,2755,2920,2735,2875,7839820,0.05311355311355315
2023-06-20,2840,2930,2780,2810,3090931,-0.022608695652173938
2023-06-21,2815,2865,2780,2830,3376674,0.007117437722419906
2023-06-22,2830,2870,2800,2830,2306768,0.0
2023-06-23,2835,2875,2635,2675,3878252,-0.05477031802120136
2023-06-26,2800,2845,2670,2720,5066485,0.016822429906542036
2023-06-27,2770,2840,2700,2735,5165403,0.005514705882353033
2023-06-28,2730,2735,2665,2685,2055805,-0.018281535648994485
2023-06-29,2685,2700,2590,2625,2215649,-0.022346368715083775
2023-06-30,2600,2630,2550,2620,1323052,-0.0019047619047618536
2023-07-03,2620,2685,2620,2675,1289979,0.020992366412213803
2023-07-04,2660,2680,2590,2615,1503408,-0.02242990654205612
2023-07-05,2610,2645,2600,2610,1216021,-0.0019120458891013214
2023-07-06,2610,2640,2550,2590,1631219,-0.007662835249042099
2023-07-07,2560,2610,2505,2545,1378685,-0.01737451737451734
2023-07-10,2520,2620,2520,2595,1276208,0.01964636542239684
2023-07-11,2610,2630,2580,2615,1097864,0.007707129094412402
2023-07-12,2600,2655,2590,2615,1296754,0.0
2023-07-13,2620,2650,2550,2560,1956108,-0.021032504780114758
2023-07-14,2570,2570,2460,2485,2152261,-0.029296875
2023-07-17,2465,2510,2405,2495,1204091,0.004024144869215318
2023-07-18,2495,2520,2400,2420,1610693,-0.030060120240480992
2023-07-19,2425,2445,2380,2390,1048790,-0.012396694214875992
2023-07-20,2390,2690,2390,2585,8525760,0.08158995815899583
2023-07-21,2570,2620,2525,2555,1657324,-0.011605415860735047
2023-07-24,2585,2625,2415,2440,2624967,-0.045009784735812186
2023-07-25,2430,2500,2355,2420,2410680,-0.008196721311475419
2023-07-26,2410,2425,2225,2270,3315907,-0.06198347107438018
2023-07-27,2255,2360,2255,2305,1470047,0.01541850220264318
2023-07-28,2280,2390,2275,2370,1392682,0.02819956616052055
2023-07-31,2410,2425,2360,2415,870884,0.018987341772152
2023-08-01,2415,2450,2380,2405,923244,-0.0041407867494823725
2023-08-02,2390,2490,2375,2395,1387717,-0.004158004158004158
2023-08-03,2385,2415,2325,2415,1062855,0.008350730688935215
2023-08-04,2390,2585,2390,2565,3858106,0.06211180124223592
2023-08-07,2570,2570,2475,2505,1295266,-0.023391812865497075
2023-08-08,2510,2525,2425,2425,1591890,-0.031936127744510934
2023-08-09,2400,2460,2400,2430,632882,0.0020618556701030855
2023-08-10,2410,2515,2380,2495,1509746,0.026748971193415683
2023-08-11,2510,2590,2500,2545,1549088,0.02004008016032066
2023-08-14,2550,2580,2510,2550,856030,0.0019646365422396617
2023-08-16,2530,2560,2470,2495,1211946,-0.021568627450980427
2023-08-17,2480,2530,2350,2390,1476187,-0.04208416833667339
2023-08-18,2365,2390,2315,2325,1351333,-0.027196652719665315
2023-08-21,2335,2475,2335,2415,1221635,0.03870967741935494
2023-08-22,2395,2560,2345,2430,2293921,0.006211180124223503
2023-08-23,2400,2545,2380,2470,1824375,0.016460905349794164
2023-08-24,2480,2525,2455,2465,708636,-0.002024291497975672
2023-08-25,2440,2635,2425,2510,3119520,0.018255578093306246
2023-08-28,2545,2635,2535,2635,2507057,0.04980079681274896
2023-08-29,2635,2645,2590,2630,1142241,-0.00189753320683117
2023-08-30,2620,2635,2595,2620,933905,-0.0038022813688213253
2023-08-31,2610,2630,2550,2555,1420804,-0.024809160305343525
2023-09-01,2555,2605,2500,2570,1296800,0.005870841487279899
2023-09-04,2555,2660,2535,2545,1569095,-0.009727626459143934
2023-09-05,2545,2570,2515,2545,852620,0.0
2023-09-06,2555,2630,2300,2370,8991818,-0.06876227897838905
2023-09-07,2365,2385,2320,2350,1397398,-0.008438818565400852
2023-09-08,2345,2450,2345,2410,1747804,0.025531914893617058
2023-09-11,2420,2425,2370,2405,1068505,-0.0020746887966804906
2023-09-12,2405,2450,2340,2355,1331462,-0.02079002079002079
2023-09-13,2350,2375,2320,2350,584984,-0.002123142250530785
2023-09-14,2340,2420,2340,2375,752874,0.010638297872340496
2023-09-15,2375,2450,2365,2420,961467,0.0189473684210526
2023-09-18,2420,2460,2415,2420,1303965,0.0
2023-09-19,2420,2430,2345,2370,1041497,-0.02066115702479343
2023-09-20,2355,2450,2345,2425,1383745,0.02320675105485237
2023-09-21,2435,2540,2415,2465,6318259,0.016494845360824684
2023-09-22,2925,2965,2545,2600,41258689,0.05476673427991896
2023-09-25,2550,2725,2500,2590,15327655,-0.0038461538461538325
2023-09-26,2565,2645,2470,2525,6512644,-0.025096525096525046
2023-09-27,2210,2260,2130,2190,8447524,-0.13267326732673268
2023-10-04,2150,2160,2050,2050,2869587,-0.0639269406392694
2023-10-05,2060,2150,2040,2080,2037387,0.014634146341463428
2023-10-06,2055,2135,2050,2115,1309078,0.016826923076923128
2023-10-10,2115,2150,2000,2025,1971495,-0.04255319148936165
2023-10-11,2050,2110,2030,2090,1334515,0.032098765432098775
2023-10-12,2070,2215,2070,2175,2363020,0.04066985645933019
2023-10-13,2175,2180,2095,2110,1128921,-0.029885057471264354
2023-10-16,2080,2110,2040,2065,1272177,-0.021327014218009532
2023-10-17,2075,2120,2065,2100,1126656,0.016949152542372836
2023-10-18,2090,2120,2075,2100,719103,0.0
2023-10-19,2080,2085,2025,2030,1172277,-0.033333333333333326
2023-10-20,2025,2035,1979,2005,1185424,-0.012315270935960632
2023-10-23,1995,2030,1975,1985,585882,-0.009975062344139696
2023-10-24,1975,2030,1918,2005,1229050,0.010075566750629816
2023-10-25,2020,2050,1995,2020,548774,0.007481296758104827
2023-10-26,1994,2010,1938,1940,1095216,-0.03960396039603964
2023-10-27,1937,1988,1930,1954,512838,0.007216494845360799
2023-10-30,1926,1988,1917,1963,621596,0.004605936540429845
2023-10-31,1982,1990,1910,1915,695874,-0.024452368823229764
2023-11-01,1917,1956,1917,1937,354966,0.011488250652741616
2023-11-02,1946,1990,1946,1986,516953,0.025296850800206494
2023-11-03,2000,2015,1990,2015,502190,0.01460221550855989
2023-11-06,2050,2060,2015,2055,1092118,0.01985111662531014
2023-11-07,2055,2055,1999,2030,767924,-0.012165450121654486
2023-11-08,2030,2060,2005,2015,487134,-0.007389162561576401
2023-11-09,2010,2030,2005,2015,385770,0.0
2023-11-10,1996,2000,1955,1966,705399,-0.024317617866004948
2023-11-13,1984,1992,1961,1977,648412,0.005595116988809767
2023-11-14,2010,2040,1999,2010,1002337,0.01669195751138086
2023-11-15,2030,2055,2010,2045,827327,0.017412935323383172
2023-11-16,2035,2060,2020,2050,472923,0.0024449877750611915
2023-11-17,2050,2050,2010,2015,540613,-0.017073170731707332
2023-11-20,2025,2100,2025,2090,1282170,0.037220843672456594
2023-11-21,2090,2115,2065,2090,778239,0.0
2023-11-22,2075,2120,2070,2110,673860,0.009569377990430672
2023-11-23,2120,2120,2080,2090,574823,-0.009478672985781977
2023-11-24,2110,2110,2070,2090,343992,0.0
2023-11-27,2105,2110,2070,2090,388804,0.0
2023-11-28,2090,2135,2065,2125,816730,0.01674641148325362
2023-11-29,2180,2190,2080,2100,2461346,-0.0117647058823529
2023-11-30,2105,2380,2095,2290,17442741,0.09047619047619038
2023-12-01,2225,2315,2205,2270,4240023,-0.008733624454148492
2023-12-04,2330,2350,2270,2345,3957360,0.033039647577092435
2023-12-05,2325,2360,2275,2330,2239690,-0.006396588486140775
2023-12-06,2305,2345,2285,2320,1943385,-0.0042918454935622075
2023-12-07,2295,2330,2240,2300,2015332,-0.008620689655172376
2023-12-08,2300,2770,2300,2585,44453010,0.12391304347826093
2023-12-11,2660,2835,2620,2635,26917965,0.01934235976789167
2023-12-12,2600,2655,2510,2520,7368707,-0.0436432637571158
2023-12-13,2540,2550,2460,2470,5330899,-0.019841269841269882
2023-12-14,2615,2740,2465,2520,15497180,0.020242914979757165
2023-12-15,2430,2470,2365,2370,4133060,-0.059523809523809534
2023-12-18,2330,2375,2285,2360,3088813,-0.00421940928270037
2023-12-19,2330,2335,2280,2285,2109124,-0.03177966101694918
2023-12-20,2285,2315,2270,2290,1553848,0.002188183807439792
2023-12-21,2340,2390,2295,2305,2688816,0.0065502183406114245
2023-12-22,2300,2300,2230,2270,1331191,-0.015184381778741818
2023-12-26,2270,2350,2250,2325,1866902,0.02422907488986792
2023-12-27,2260,2320,2240,2300,1682184,-0.010752688172043001
2023-12-28,2310,2390,2300,2355,1673899,0.023913043478260843
2024-01-02,2490,2630,2425,2515,14327354,0.06794055201698512
2024-01-03,2430,2515,2390,2460,2961263,-0.021868787276341894
2024-01-04,2460,2500,2410,2455,2065052,-0.002032520325203291
2024-01-05,2465,2545,2455,2515,3545337,0.024439918533604832
2024-01-08,2545,2550,2455,2495,2727480,-0.007952286282306154
2024-01-09,2540,2545,2465,2495,3924560,0.0
2024-01-10,2495,2510,2385,2400,2529672,-0.038076152304609256
2024-01-11,2400,2505,2350,2355,3858592,-0.018750000000000044
2024-01-12,2345,2355,2250,2275,2881798,-0.03397027600849256
2024-01-15,2270,2380,2265,2360,1936316,0.03736263736263745
2024-01-16,2350,2400,2300,2305,1439372,-0.02330508474576276
2024-01-17,2310,2320,2230,2245,1496389,-0.026030368763557465
2024-01-18,2235,2265,2215,2235,1119936,-0.0044543429844098315
2024-01-19,2240,2280,2220,2240,1163302,0.0022371364653244186
2024-01-22,2280,2295,2140,2140,2001595,-0.044642857142857095
2024-01-23,2135,2165,2115,2140,1062603,0.0
2024-01-24,2160,2160,2110,2140,919755,0.0
2024-01-25,2155,2160,2120,2135,655259,-0.002336448598130869
2024-01-26,2130,2160,2110,2135,552988,0.0
2024-01-29,2155,2210,2145,2185,1104374,0.023419203747072626
2024-01-30,2190,2190,2145,2150,667459,-0.016018306636155555
2024-01-31,2135,2155,2100,2105,685670,-0.020930232558139528
2024-02-01,2100,2110,2060,2090,930409,-0.0071258907363420665
2024-02-02,2090,2125,2090,2115,802688,0.011961722488038173
2024-02-05,2100,2100,2050,2055,1305432,-0.028368794326241176
2024-02-06,2045,2055,2010,2030,827215,-0.012165450121654486
2024-02-07,2040,2060,2030,2055,550943,0.012315270935960632
2024-02-08,2065,2085,2050,2070,549761,0.007299270072992803
2024-02-13,2125,2180,2100,2155,1849920,0.04106280193236711
2024-02-14,2150,2160,2115,2140,655940,-0.00696055684454755
2024-02-15,2135,2155,2100,2125,678401,-0.007009345794392496
2024-02-16,2140,2165,2120,2160,686247,0.016470588235294015
2024-02-19,2140,2150,2100,2110,1157285,-0.02314814814814814
2024-02-20,2110,2120,2085,2100,982025,-0.004739336492891044
2024-02-21,2085,2110,2085,2090,627979,-0.004761904761904745
2024-02-22,2090,2090,2070,2075,682771,-0.0071770334928229484
2024-02-23,2080,2085,2050,2065,829067,-0.004819277108433773
2024-02-26,2055,2075,2040,2055,521202,-0.004842615012106588
2024-02-27,2050,2065,2030,2045,648612,-0.0048661800486617945
2024-02-28,2080,2145,2075,2115,1543105,0.03422982885085579
2024-02-29,2115,2120,2065,2065,929335,-0.023640661938534313
2024-03-04,2075,2125,2065,2075,1046679,0.004842615012106588
2024-03-05,2065,2070,2015,2025,1355728,-0.02409638554216864
2024-03-06,2025,2030,1998,2000,955816,-0.012345679012345734
2024-03-07,2000,2010,1991,1999,747103,-0.0004999999999999449
2024-03-08,1999,2025,1997,2010,649285,0.005502751375687787
2024-03-11,2010,2020,1999,2000,417776,-0.00497512437810943
2024-03-12,2000,2020,1975,2005,980810,0.0024999999999999467
2024-03-13,2005,2005,1998,2000,502916,-0.0024937655860348684
2024-03-14,2000,2025,1989,2010,824997,0.004999999999999893
2024-03-15,1997,2010,1991,2000,662098,-0.00497512437810943
2024-03-18,1995,2010,1989,1991,986679,-0.0044999999999999485
2024-03-19,1992,1993,1915,1925,2038876,-0.03314917127071826
2024-03-20,1925,1949,1925,1937,700564,0.006233766233766147
2024-03-21,1946,1957,1940,1949,632389,0.006195147134744561
2024-03-22,1949,1952,1938,1940,424629,-0.004617752693689026
2024-03-25,1939,1940,1918,1920,1029135,-0.010309278350515427
2024-03-26,1921,1928,1915,1922,509681,0.0010416666666666075
2024-03-27,1921,1922,1915,1918,471343,-0.002081165452653466
2024-03-28,1918,1923,1913,1914,441528,-0.002085505735140769
2024-03-29,1907,1915,1905,1909,520074,-0.0026123301985371272
2024-04-01,1906,1917,1899,1911,607364,0.0010476689366161196
2024-04-02,1908,1914,1895,1902,692004,-0.004709576138147598
2024-04-03,1902,1906,1886,1886,509027,-0.008412197686645584
2024-04-04,1887,1901,1882,1887,373597,0.0005302226935313126
2024-04-05,1880,1884,1856,1860,691927,-0.014308426073131986
2024-04-08,1857,1863,1807,1808,718093,-0.027956989247311825
2024-04-09,1803,1840,1803,1816,527337,0.004424778761061843
2024-04-11,1806,1809,1767,1802,998922,-0.00770925110132159
2024-04-12,1802,1819,1783,1803,463191,0.0005549389567147678
2024-04-15,1820,1947,1820,1902,3959014,0.05490848585690511
2024-04-16,1902,1926,1857,1860,1019717,-0.02208201892744477
2024-04-17,1877,1883,1860,1865,358943,0.0026881720430107503
2024-04-18,2000,2160,1911,1911,11786356,0.02466487935656847
2024-04-19,1938,1947,1857,1879,1804734,-0.016745159602302495
2024-04-22,1879,1892,1873,1880,629626,0.000532197977647586
2024-04-23,1909,1930,1879,1880,761156,0.0
2024-04-24,1881,1890,1875,1885,467061,0.0026595744680850686
2024-04-25,1881,1895,1870,1873,408526,-0.006366047745358094
2024-04-26,1927,1949,1888,1895,1336318,0.01174586225306995
2024-04-29,1896,1927,1894,1916,831161,0.011081794195250572
2024-04-30,1926,1957,1915,1924,1578264,0.0041753653444676075
2024-05-02,1922,1929,1910,1914,519911,-0.00519750519750517
2024-05-03,1915,1924,1896,1914,643028,0.0
2024-05-07,1914,1920,1905,1917,433185,0.0015673981191222097
2024-05-08,1901,1929,1900,1929,684655,0.006259780907668322
2024-05-09,1924,1933,1913,1913,517182,-0.00829445308449972
2024-05-10,1920,1928,1905,1916,636434,0.001568217459487764
2024-05-13,1916,1934,1909,1916,544206,0.0
2024-05-14,1925,1945,1918,1921,602461,0.0026096033402922547
2024-05-16,1922,1938,1921,1924,452086,0.001561686621551317
2024-05-17,1912,1924,1905,1915,531008,-0.004677754677754664
2024-05-20,1915,1955,1915,1948,1907929,0.017232375979112202
2024-05-21,1984,2020,1923,1923,2856712,-0.012833675564681735
2024-05-22,1938,1969,1927,1961,1339895,0.01976079043161727
2024-05-23,1961,1961,1927,1927,935439,-0.017338092809790928
2024-05-24,1908,1928,1892,1910,786749,-0.008822003113648114
2024-05-27,1910,1917,1900,1907,558271,-0.0015706806282722585
2024-05-28,1901,1911,1896,1903,387320,-0.002097535395909844
2024-05-29,1895,1909,1894,1895,467686,-0.004203888596952199
2024-05-30,1896,1907,1862,1863,726464,-0.016886543535620024
2024-05-31,1838,1858,1828,1830,709711,-0.017713365539452464
2024-06-03,1834,1879,1830,1873,556917,0.023497267759562845
2024-06-04,1851,1873,1850,1852,293371,-0.011211959423384932
2024-06-05,1850,1862,1841,1845,286249,-0.0037796976241900593
2024-06-07,1846,1858,1831,1831,384889,-0.007588075880758827
2024-06-10,1831,1838,1820,1822,301999,-0.00491534680502459
2024-06-11,1820,1825,1800,1805,486173,-0.00933040614709113
2024-06-12,1804,1825,1800,1809,286113,0.00221606648199435
2024-06-13,1810,1813,1807,1811,250811,0.001105583195135429
2024-06-14,1813,1832,1801,1804,416253,-0.003865267807841022
2024-06-17,1800,1818,1800,1805,344877,0.0005543237250553723
2024-06-18,1804,1805,1790,1797,372281,-0.004432132963988922
2024-06-19,1796,1796,1781,1788,325209,-0.005008347245408995
2024-06-20,1773,1788,1772,1780,216033,-0.004474272930648726
2024-06-21,1778,1785,1766,1767,382231,-0.007303370786516883
2024-06-24,1767,1774,1749,1749,373388,-0.01018675721561968
2024-06-25,1750,1753,1713,1724,315255,-0.014293882218410547
2024-06-26,1716,1745,1716,1717,168367,-0.004060324825986061
2024-06-27,1717,1725,1707,1710,227257,-0.004076878276062845
2024-06-28,1694,1709,1694,1706,308878,-0.002339181286549752
2024-07-01,1701,1726,1696,1724,244961,0.010550996483001063
2024-07-02,1709,1735,1698,1700,416757,-0.0139211136890951
2024-07-03,1710,1713,1689,1692,340325,-0.004705882352941226
2024-07-04,1692,1692,1619,1655,398459,-0.021867612293144156
2024-07-05,1655,1660,1621,1630,432266,-0.015105740181268867
2024-07-08,1630,1671,1630,1669,358929,0.023926380368098243
2024-07-09,1672,1672,1657,1665,220195,-0.002396644697423622
2024-07-10,1667,1668,1648,1651,247279,-0.008408408408408397
2024-07-11,1654,1664,1647,1647,263681,-0.0024227740763174133
2024-07-12,1643,1653,1641,1647,150275,0.0
2024-07-15,1638,1677,1638,1677,400467,0.01821493624772308
2024-07-16,1681,1681,1658,1662,359618,-0.008944543828264706
2024-07-17,1662,1703,1659,1667,393407,0.0030084235860408093
2024-07-18,1645,1659,1621,1635,334192,-0.01919616076784647
2024-07-19,1627,1640,1627,1636,114538,0.0006116207951070152
2024-07-22,1630,1642,1623,1624,248606,-0.007334963325183352
2024-07-23,1622,1632,1608,1608,376554,-0.009852216748768461
2024-07-24,1602,1607,1598,1601,270388,-0.0043532338308457375
2024-07-25,1591,1595,1560,1570,310434,-0.019362898188632127
2024-07-26,1556,1576,1543,1559,396514,-0.007006369426751591
2024-07-29,1559,1592,1559,1586,273731,0.017318794098781343
2024-07-30,1586,1589,1544,1550,228455,-0.022698612862547263
2024-07-31,1550,1563,1535,1563,233035,0.00838709677419347
2024-08-01,1562,1606,1562,1598,226339,0.022392834293026187
2024-08-02,1589,1591,1531,1544,387221,-0.03379224030037542
2024-08-05,1497,1538,1289,1340,1084864,-0.13212435233160624
2024-08-06,1295,1428,1295,1396,1019739,0.04179104477611939
2024-08-07,1380,1500,1380,1430,400222,0.024355300859598916
2024-08-08,1404,1427,1384,1407,269613,-0.016083916083916128
2024-08-09,1412,1465,1412,1450,508320,0.03056147832267242
2024-08-12,1450,1474,1450,1469,229289,0.013103448275862073
2024-08-13,1480,1484,1447,1478,295319,0.006126616746085833
2024-08-14,1480,1501,1479,1497,227163,0.012855209742895779
2024-08-16,1504,1505,1487,1491,218120,-0.004008016032064132
2024-08-19,1480,1496,1474,1480,187399,-0.007377598926894713
2024-08-20,1480,1513,1480,1513,377717,0.022297297297297236
2024-08-21,1509,1516,1494,1497,210171,-0.010575016523463265
2024-08-22,1487,1505,1405,1488,254226,-0.006012024048096198
2024-08-23,1453,1480,1449,1476,258689,-0.008064516129032251
2024-08-26,1480,1487,1453,1458,174034,-0.012195121951219523
2024-08-27,1458,1458,1437,1448,161602,-0.006858710562414272
2024-08-28,1442,1457,1419,1421,289059,-0.018646408839778972
2024-08-29,1421,1425,1403,1408,185713,-0.009148486980999349
2024-08-30,1407,1436,1407,1419,121948,0.0078125
2024-09-02,1419,1425,1411,1422,117638,0.0021141649048626032
2024-09-03,1427,1427,1414,1420,167715,-0.0014064697609000865
2024-09-04,1380,1395,1354,1366,552589,-0.038028169014084456
2024-09-05,1366,1373,1329,1331,418771,-0.025622254758418728
2024-09-06,1321,1339,1289,1297,287524,-0.02554470323065361
2024-09-09,1268,1329,1265,1324,280758,0.020817270624518214
2024-09-10,1316,1326,1302,1309,136390,-0.01132930513595165
2024-09-11,1300,1316,1294,1294,153729,-0.01145912910618796
2024-09-12,1290,1345,1290,1301,408155,0.005409582689335446
2024-09-13,1322,1368,1312,1334,491882,0.025365103766333608
2024-09-19,1335,1344,1311,1337,211276,0.002248875562218977
2024-09-20,1339,1374,1339,1356,323469,0.01421091997008217
2024-09-23,1368,1368,1345,1361,158478,0.0036873156342183133
2024-09-24,1362,1372,1360,1372,139019,0.008082292432035176
2024-09-25,1375,1408,1375,1397,423691,0.018221574344023272
2024-09-26,1390,1410,1385,1410,256435,0.009305654974946398
2024-09-27,1412,1449,1412,1440,378845,0.02127659574468077
2024-09-30,1447,1448,1413,1414,273662,-0.018055555555555602
2024-10-02,1392,1632,1371,1430,9327843,0.011315417256011262
2024-10-04,1637,1669,1459,1459,11368687,0.020279720279720248
2024-10-07,1457,1516,1441,1468,2210387,0.006168608636052175
2024-10-08,1465,1525,1438,1485,2164022,0.011580381471389734
2024-10-10,1500,1505,1453,1459,650322,-0.017508417508417473
2024-10-11,1445,1459,1409,1409,571613,-0.03427004797806721
2024-10-14,1405,1429,1405,1421,294472,0.008516678495386731
2024-10-15,1405,1432,1405,1410,315891,-0.007741027445460902
2024-10-16,1410,1411,1389,1399,261922,-0.007801418439716268
2024-10-17,1399,1402,1392,1393,218796,-0.0042887776983560055
2024-10-18,1400,1400,1370,1370,190091,-0.016511127063890907
2024-10-21,1365,1385,1361,1379,152631,0.006569343065693456
2024-10-22,1357,1379,1329,1338,240573,-0.029731689630166813
2024-10-23,1342,1387,1332,1387,243470,0.03662182361733923
2024-10-24,1374,1382,1343,1343,194473,-0.03172314347512617
2024-10-25,1330,1361,1330,1343,301903,0.0
2024-10-28,1330,1371,1330,1363,230412,0.014892032762471974
2024-10-29,1360,1374,1355,1372,187913,0.006603081438004477
2024-10-30,1377,1394,1357,1358,284406,-0.010204081632653073
2024-10-31,1358,1389,1350,1371,422581,0.009572901325478611
2024-11-01,1374,1379,1355,1357,260240,-0.010211524434719177
2024-11-04,1352,1387,1352,1386,185840,0.021370670596905006
2024-11-05,1372,1412,1372,1406,343470,0.01443001443001446
2024-11-06,1396,1419,1370,1397,366554,-0.006401137980085347
2024-11-07,1397,1410,1380,1398,127352,0.0007158196134573469
2024-11-08,1400,1441,1400,1426,545756,0.02002861230329045
2024-11-11,1436,1443,1397,1410,412282,-0.011220196353436185
2024-11-12,1408,1408,1342,1342,741452,-0.04822695035460989
2024-11-13,1329,1334,1284,1284,606252,-0.0432190760059612
2024-11-14,1274,1302,1260,1286,429093,0.0015576323987538387
2024-11-15,1269,1420,1232,1375,1801783,0.06920684292379464
2024-11-18,1375,1510,1358,1405,3239870,0.021818181818181737
2024-11-19,1405,1436,1390,1391,629507,-0.009964412811387935
2024-11-20,1399,1400,1366,1368,290433,-0.016534867002156672
2024-11-21,1373,1403,1355,1390,239648,0.016081871345029253
2024-11-22,1390,1405,1379,1400,331177,0.007194244604316502
2024-11-25,1415,1534,1340,1389,4022948,-0.007857142857142896
2024-11-26,1389,1448,1380,1402,788236,0.009359251259899226
2024-11-27,1400,1403,1369,1373,547430,-0.020684736091298173
2024-11-28,1373,1400,1358,1358,254102,-0.010924981791696986
2024-11-29,1358,1368,1329,1332,444225,-0.019145802650957333
2024-12-02,1332,1340,1302,1303,309998,-0.02177177177177181
2024-12-03,1291,1472,1291,1342,2741856,0.029930928626247022
2024-12-04,1338,1398,1320,1348,1187183,0.0044709388971684305
2024-12-05,1340,1348,1314,1337,537845,-0.008160237388724068
2024-12-06,1337,1338,1280,1280,752550,-0.04263275991024684
2024-12-09,1286,1288,1200,1202,833687,-0.06093749999999998
2024-12-10,1183,1338,1183,1329,1093752,0.10565723793677195
2024-12-11,1338,1510,1330,1482,3898638,0.1151241534988714
2024-12-12,1453,1454,1391,1435,1615409,-0.03171390013495279
2024-12-13,1424,1458,1407,1435,886614,0.0
2024-12-16,1507,1564,1462,1491,3520044,0.039024390243902474
2024-12-17,1494,1495,1453,1455,715429,-0.024144869215291798
2024-12-18,1454,1459,1426,1441,660664,-0.009621993127147732
2024-12-19,1410,1430,1401,1420,412990,-0.014573213046495503
2024-12-20,1432,1830,1405,1700,77182702,0.19718309859154926
2024-12-23,1706,1731,1570,1632,14422702,-0.040000000000000036
2024-12-24,1714,1799,1633,1653,41237558,0.012867647058823595
2024-12-26,1624,1666,1579,1580,4477852,-0.04416212946158504
2024-12-27,1581,1614,1498,1511,3047671,-0.04367088607594938
2024-12-30,1480,1508,1467,1495,1395724,-0.010589013898080757
2025-01-02,1499,1522,1486,1511,1356678,0.01070234113712365
2025-01-03,1516,1531,1506,1517,1333268,0.003970880211780381
2025-01-06,1511,1533,1494,1526,1270774,0.005932762030323113
2025-01-07,1520,1567,1515,1535,1441687,0.005897771952817932
2025-01-08,1534,1551,1514,1518,1484264,-0.011074918566775227
2025-01-09,1535,1535,1490,1514,1152825,-0.0026350461133070047
2025-01-10,1507,1517,1494,1502,547443,-0.00792602377807139
2025-01-13,1502,1511,1455,1479,571244,-0.015312916111850816
2025-01-14,1485,1550,1485,1514,1019325,0.023664638269100813
2025-01-15,1500,1535,1500,1514,1041957,0.0
2025-01-16,1520,1525,1480,1515,611013,0.0006605019815060231
2025-01-17,1515,1519,1501,1515,566135,0.0
2025-01-20,1530,1533,1502,1504,882712,-0.007260726072607304
2025-01-21,1507,1511,1457,1478,1097718,-0.017287234042553168
2025-01-22,1478,1489,1469,1478,488418,0.0
2025-01-23,1472,1477,1433,1433,831083,-0.030446549391069055
2025-01-24,1436,1486,1436,1478,781761,0.03140265177948365
2025-01-31,1463,1466,1425,1448,684286,-0.020297699594046037
2025-02-03,1427,1437,1370,1395,988707,-0.036602209944751385
2025-02-04,1389,1407,1389,1396,388804,0.0007168458781361409
2025-02-05,1392,1410,1392,1399,470776,0.0021489971346704273
2025-02-06,1400,1413,1396,1408,373975,0.006433166547533897
2025-02-07,1404,1418,1393,1400,517433,-0.005681818181818232
2025-02-10,1440,1519,1415,1415,3735668,0.010714285714285676
2025-02-11,1427,1455,1407,1426,1689702,0.007773851590106018
2025-02-12,1402,1409,1390,1396,797958,-0.02103786816269282
2025-02-13,1396,1405,1396,1398,350426,0.0014326647564470996
2025-02-14,1396,1407,1393,1397,307931,-0.0007153075822603494
2025-02-17,1396,1413,1396,1402,432784,0.0035790980672869566
2025-02-18,1401,1408,1391,1398,396345,-0.0028530670470755526
2025-02-19,1396,1410,1394,1408,499526,0.007153075822603716
2025-02-20,1408,1448,1406,1428,1155407,0.014204545454545414
2025-02-21,1420,1448,1420,1442,428274,0.009803921568627416
2025-02-24,1440,1445,1420,1441,372157,-0.0006934812760055475
2025-02-25,1441,1453,1417,1418,420158,-0.015961138098542715
2025-02-26,1418,1434,1417,1433,398555,0.010578279266572732
2025-02-27,1432,1432,1413,1417,348213,-0.011165387299371998
2025-02-28,1408,1416,1392,1392,516960,-0.017642907551164377
2025-03-04,1372,1391,1359,1377,483960,-0.010775862068965525
2025-03-05,1365,1399,1365,1395,413329,0.013071895424836555
2025-03-06,1392,1413,1392,1396,325362,0.0007168458781361409
2025-03-07,1396,1425,1383,1390,610978,-0.004297994269340966
2025-03-10,1385,1429,1365,1395,739832,0.003597122302158251
2025-03-11,1374,1380,1352,1374,331615,-0.01505376344086018
2025-03-12,1373,1405,1362,1394,507702,0.01455604075691408
2025-03-13,1395,1405,1365,1370,370340,-0.017216642754662836
2025-03-14,1359,1381,1359,1370,122174,0.0
2025-03-17,1370,1385,1363,1381,239967,0.008029197080291928
2025-03-18,1385,1392,1375,1377,192762,-0.002896451846488013
2025-03-19,1389,1398,1375,1393,339190,0.01161946259985469
2025-03-20,1397,1412,1388,1388,347067,-0.003589375448671883
2025-03-21,1376,1400,1374,1397,391729,0.006484149855907839
2025-03-24,1404,1440,1390,1428,951482,0.022190408017179752
2025-03-25,1429,1454,1420,1440,778603,0.008403361344537785
2025-03-26,1440,1448,1340,1353,1659205,-0.060416666666666674
2025-03-27,1315,1333,1309,1321,846166,-0.023651145602365142
2025-03-28,1302,1324,1260,1277,1069993,-0.03330809992429973
2025-03-31,1255,1275,1229,1231,520739,-0.03602192638997648
2025-04-01,1230,1281,1230,1262,643202,0.025182778229082103
2025-04-02,1275,1296,1235,1236,382400,-0.020602218700475405
2025-04-03,1215,1240,1207,1229,349535,-0.005663430420711935
2025-04-04,1205,1380,1205,1329,2162827,0.08136696501220508
2025-04-07,1318,1324,1275,1287,1234317,-0.03160270880361171
2025-04-08,1292,1364,1250,1311,1539389,0.018648018648018683
2025-04-09,1343,1538,1257,1404,31991783,0.07093821510297493
2025-04-10,1404,1544,1360,1431,16865728,0.019230769230769162
2025-04-11,1431,1441,1400,1419,2208770,-0.008385744234800874
2025-04-14,1411,1417,1355,1366,2051589,-0.03735024665257225
2025-04-15,1367,1379,1359,1378,854040,0.008784773060029227
2025-04-16,1370,1380,1343,1349,1162673,-0.021044992743106006
2025-04-17,1377,1392,1346,1380,1067206,0.022979985174203188
2025-04-18,1376,1383,1346,1380,1028511,0.0
2025-04-21,1385,1429,1376,1388,1112462,0.005797101449275255
2025-04-22,1385,1402,1375,1380,1310658,-0.0057636887608069065
2025-04-23,1392,1484,1384,1469,3926407,0.06449275362318851
2025-04-24,1472,1477,1443,1454,1264733,-0.010211027910142945
2025-04-25,1471,1471,1433,1440,750192,-0.009628610729023435
2025-04-28,1454,1513,1433,1460,3871565,0.01388888888888884
2025-04-29,1461,1476,1426,1441,1307862,-0.013013698630137016
2025-04-30,1454,1516,1415,1424,4555153,-0.01179736294240108
2025-05-02,1500,1628,1438,1446,14399636,0.015449438202247201
2025-05-07,1436,1455,1409,1409,2002772,-0.025587828492392828
2025-05-08,1407,1408,1377,1380,1455197,-0.02058197303051812
2025-05-09,1377,1400,1358,1358,1227158,-0.01594202898550723
2025-05-12,1250,1310,1231,1299,2754161,-0.04344624447717227
2025-05-13,1292,1302,1288,1290,977051,-0.006928406466512715
2025-05-14,1299,1300,1281,1292,612487,0.0015503875968991832
2025-05-15,1290,1292,1270,1272,703858,-0.015479876160990669
2025-05-16,1274,1279,1238,1240,1147134,-0.02515723270440251
2025-05-19,1233,1250,1229,1236,538748,-0.003225806451612856
2025-05-20,1236,1242,1228,1237,410626,0.0008090614886731018
2025-05-21,1236,1253,1236,1252,291221,0.01212611156022625
2025-05-22,1244,1249,1238,1244,340300,-0.006389776357827448
2025-05-23,1247,1250,1236,1241,343419,-0.002411575562700996
2025-05-26,1254,1260,1241,1249,314566,0.006446414182111226
2025-05-27,1249,1272,1234,1238,1242496,-0.008807045636509248
2025-05-28,1238,1245,1221,1229,552828,-0.007269789983844865
2025-05-29,1233,1238,1231,1234,498604,0.00406834825061031
2025-05-30,1236,1241,1230,1230,439606,-0.0032414910858995505
2025-06-02,1215,1227,1214,1222,604330,-0.006504065040650375
2025-06-04,1222,1239,1208,1239,790137,0.013911620294599025
2025-06-05,1236,1249,1234,1248,449778,0.007263922518159882
2025-06-09,1248,1263,1246,1263,592514,0.012019230769230838
2025-06-10,1263,1268,1252,1257,502725,-0.004750593824228044
2025-06-11,1257,1267,1255,1260,374396,0.0023866348448686736
2025-06-12,1261,1269,1260,1265,578673,0.003968253968253954
2025-06-13,1265,1268,1240,1250,952707,-0.011857707509881465
2025-06-16,1250,1255,1231,1238,600513,-0.009600000000000053
2025-06-17,1238,1251,1226,1237,761284,-0.0008077544426494665
2025-06-18,1231,1232,1218,1225,732904,-0.009700889248181133
2025-06-19,1225,1231,1211,1216,549102,-0.007346938775510181
2025-06-20,1216,1236,1212,1235,505887,0.015625
2025-06-23,1230,1230,1209,1211,851497,-0.019433198380566785
2025-06-24,1213,1226,1213,1218,746706,0.005780346820809301
2025-06-25,1220,1228,1215,1227,648937,0.00738916256157629
2025-06-26,1227,1229,1204,1218,747992,-0.007334963325183352
2025-06-27,1212,1221,1208,1210,294233,-0.006568144499178974
2025-06-30,1211,1214,1203,1206,359233,-0.0033057851239669533
2025-07-01,1206,1224,1206,1216,494927,0.008291873963515828
2025-07-02,1215,1222,1205,1221,483434,0.004111842105263053
2025-07-03,1217,1232,1215,1226,507868,0.004095004095004073
2025-07-04,1224,1236,1216,1221,322874,-0.004078303425774865
2025-07-07,1222,1222,1211,1213,186262,-0.006552006552006606
2025-07-08,1213,1435,1211,1234,9808193,0.01731244847485569
2025-07-09,1239,1271,1239,1256,2263606,0.017828200972447306
2025-07-10,1257,1266,1244,1244,763732,-0.009554140127388533
2025-07-11,1244,1259,1242,1256,617911,0.009646302250803762
2025-07-14,1256,1260,1246,1249,479678,-0.005573248407643283
2025-07-15,1245,1262,1245,1255,413389,0.0048038430744594685
2025-07-16,1250,1258,1245,1250,319044,-0.003984063745019917
2025-07-17,1250,1257,1236,1257,505870,0.005600000000000049
2025-07-18,1257,1259,1241,1252,373211,-0.003977724741447863
2025-07-21,1252,1294,1252,1273,1204857,0.016773162939297093
2025-07-22,1273,1273,1240,1247,629443,-0.0204241948153967
2025-07-23,1247,1260,1237,1250,386993,0.002405773857257376
2025-07-24,1250,1257,1228,1229,516177,-0.016800000000000037
2025-07-25,1225,1236,1220,1220,448515,-0.007323026851098424
2025-07-28,1216,1323,1211,1218,5640735,-0.0016393442622950616
2025-07-29,1218,1242,1207,1221,905438,0.0024630541871921707
2025-07-30,1221,1228,1218,1219,552020,-0.0016380016380016515
2025-07-31,1229,1229,1204,1208,831603,-0.009023789991796538
2025-08-01,1200,1207,1168,1170,1248671,-0.0314569536423841
2025-08-04,1179,1183,1160,1163,528841,-0.005982905982905962
2025-08-05,1163,1174,1156,1159,730061,-0.0034393809114359186
2025-08-06,1159,1173,1153,1172,473340,0.011216566005176842
2025-08-07,1172,1183,1165,1176,449119,0.0034129692832765013
2025-08-08,1176,1193,1168,1187,558915,0.009353741496598733
2025-08-11,1188,1214,1187,1209,686113,0.018534119629317614
2025-08-12,1200,1230,1192,1220,702325,0.009098428453267138
2025-08-13,1226,1226,1203,1207,439375,-0.010655737704918011
2025-08-14,1207,1216,1200,1206,310354,-0.0008285004142501995
2025-08-18,1201,1205,1180,1187,295916,-0.015754560530679917
2025-08-19,1187,1192,1166,1171,475887,-0.01347935973041281
2025-08-20,1163,1172,1146,1168,498752,-0.002561912894961549
2025-08-21,1168,1175,1166,1175,347159,0.0059931506849315586
2025-08-22,1230,1319,1162,1162,5889782,-0.01106382978723408
2025-08-25,1167,1186,1159,1162,494073,0.0
2025-08-26,1162,1168,1158,1159,296712,-0.002581755593803803
2025-08-27,1159,1162,1156,1158,257920,-0.0008628127696289623
2025-08-28,1158,1161,1155,1159,319537,0.0008635578583764403
2025-08-29,1159,1162,1148,1148,554733,-0.009490940465918918
2025-09-01,1148,1150,1125,1125,479093,-0.020034843205574915
2025-09-02,1126,1140,1124,1136,282313,0.009777777777777885
2025-09-03,1131,1143,1131,1143,178594,0.0061619718309859906
2025-09-04,1141,1154,1135,1141,242292,-0.0017497812773403787
2025-09-05,1143,1149,1130,1132,246364,-0.007887817703768674
2025-09-08,1138,1138,1127,1133,195663,0.0008833922261484162
2025-09-09,1133,1146,1130,1144,305641,0.009708737864077666
2025-09-10,1144,1158,1140,1151,452174,0.006118881118881037
2025-09-11,1151,1168,1150,1163,452183,0.010425716768027726
2025-09-12,1160,1168,1158,1163,330736,0.0
2025-09-15,1160,1168,1154,1162,278101,-0.0008598452278589797
2025-09-16,1160,1164,1151,1152,302243,-0.008605851979345935
2025-09-17,1156,1169,1145,1145,302670,-0.0060763888888888395
2025-09-18,1145,1153,1143,1152,261102,0.006113537117903967
2025-09-19,1155,1156,1132,1132,2037169,-0.01736111111111116
2025-09-22,1133,1136,1126,1133,420263,0.0008833922261484162
2025-09-23,1133,1133,1121,1125,522522,-0.007060900264783787
2025-09-24,1126,1128,1107,1111,898275,-0.01244444444444448
2025-09-25,1123,1150,1111,1113,696735,0.0018001800180018623
2025-09-26,1113,1117,1079,1080,899524,-0.029649595687331498
2025-09-29,1074,1091,1074,1090,438620,0.0092592592592593
2025-09-30,1091,1099,1079,1091,282467,0.0009174311926605228
2025-10-01,1091,1093,1079,1088,290112,-0.002749770852429001
2025-10-02,1089,1110,1084,1107,408220,0.01746323529411775
2025-10-10,1107,1109,1072,1081,768892,-0.023486901535682003
2025-10-13,1065,1098,1059,1095,466566,0.01295097132284928
2025-10-14,1097,1113,1092,1108,641477,0.01187214611872145
2025-10-15,1109,1133,1105,1124,512798,0.014440433212996373
2025-10-16,1124,1136,1121,1127,389910,0.002669039145907437
2025-10-17,1117,1145,1115,1124,527714,-0.0026619343389530092
2025-10-20,1123,1127,1107,1125,372533,0.000889679715302405
2025-10-21,1125,1134,1116,1118,510195,-0.00622222222222224
2025-10-22,1112,1130,1103,1128,372077,0.008944543828264706
2025-10-23,1129,1137,1120,1125,380635,-0.0026595744680850686
2025-10-24,1136,1136,1111,1118,483748,-0.00622222222222224
2025-10-27,1118,1132,1111,1115,560206,-0.0026833631484793896
2025-10-28,1113,1122,1108,1120,347610,0.004484304932735439
2025-10-29,1121,1122,1104,1107,640348,-0.011607142857142816
2025-10-30,1107,1115,1080,1084,639722,-0.020776874435410986
2025-10-31,1085,1094,1060,1069,589467,-0.013837638376383743
2025-11-03,1071,1071,1038,1043,1035797,-0.024321796071094526
2025-11-04,1032,1059,1029,1040,617070,-0.0028763183125599667
2025-11-05,1030,1042,1004,1036,777347,-0.0038461538461538325
2025-11-06,1035,1048,1027,1044,281398,0.007722007722007707
2025-11-07,1028,1039,1009,1025,522045,-0.01819923371647514
2025-11-10,1019,1059,1016,1058,598902,0.03219512195121954
2025-11-11,1058,1073,1035,1042,257901,-0.015122873345935761
2025-11-12,1042,1078,1042,1074,568846,0.030710172744721653
2025-11-13,1074,1081,1067,1073,321361,-0.0009310986964617962
2025-11-14,1073,1073,1054,1060,352626,-0.012115563839701804
2025-11-17,1060,1060,1031,1033,252509,-0.025471698113207597
2025-11-18,1047,1047,1012,1012,341523,-0.020329138431752214
2025-11-19,1012,1029,1006,1020,228012,0.007905138339920903
2025-11-20,1020,1050,1020,1038,356746,0.01764705882352935
2025-11-21,1029,1038,1017,1026,195926,-0.011560693641618491
2025-11-24,1026,1030,1015,1022,138532,-0.003898635477582846
2025-11-25,1027,1040,1016,1017,202699,-0.004892367906066508
2025-11-26,1016,1037,1016,1031,223804,0.013765978367748177
2025-11-27,1033,1048,1030,1030,120492,-0.0009699321047527132
2025-11-28,1030,1054,1030,1053,269257,0.022330097087378542
2025-12-01,1053,1076,1046,1048,265042,-0.0047483380816714105
2025-12-02,1039,1062,1039,1055,169563,0.006679389312977069
2025-12-03,1060,1069,1053,1060,158676,0.004739336492890933
2025-12-04,1056,1060,1031,1046,371153,-0.013207547169811318
2025-12-05,1052,1058,1035,1052,133820,0.005736137667303964
2025-12-08,1052,1069,1048,1051,228164,-0.0009505703422053591
2025-12-09,1051,1061,1033,1047,175564,-0.0038058991436726863
2025-12-10,1046,1050,1036,1036,139338,-0.010506208213944657
2025-12-11,1040,1053,1035,1047,417149,0.010617760617760652
2025-12-12,1048,1057,1035,1051,247777,0.0038204393505252288
2025-12-15,1040,1055,1040,1047,300598,-0.0038058991436726863
2025-12-16,1040,1048,1027,1030,248129,-0.01623686723973261
2025-12-17,1030,1039,1026,1028,143121,-0.001941747572815511
2025-12-18,1021,1026,1014,1021,203190,-0.006809338521400754
2025-12-19,1023,1038,1005,1033,334920,0.011753183153770719
2025-12-22,1025,1048,1025,1042,222967,0.00871248789932233
2025-12-23,1040,1040,1013,1013,367251,-0.027831094049904026
2025-12-24,1013,1019,1006,1008,373348,-0.0049358341559723184
2025-12-26,1007,1310,1000,1310,53754096,0.29960317460317465
2025-12-29,1320,1534,1189,1369,154160530,0.04503816793893134
2025-12-30,1369,1437,1282,1282,33025644,-0.0635500365230095
2026-01-02,1309,1450,1309,1320,40477234,0.029641185647425905
2026-01-05,1330,1394,1280,1301,15888298,-0.014393939393939403
2026-01-06,1305,1326,1232,1245,6148507,-0.043043812451959984
2026-01-07,1250,1395,1222,1270,30457673,0.02008032128514059
2026-01-08,1270,1279,1227,1231,3337018,-0.03070866141732287
2026-01-09,1254,1324,1232,1267,12546925,0.02924451665312744
2026-01-12,1255,1285,1241,1241,2981270,-0.020520915548539853
2026-01-13,1244,1253,1204,1206,3021410,-0.028203062046736505
2026-01-14,1198,1247,1182,1205,3150131,-0.0008291873963516272
2026-01-15,1219,1243,1193,1209,2985034,0.003319502074688785
2026-01-16,1207,1340,1200,1252,15114754,0.03556658395368073
2026-01-19,1242,1266,1228,1240,3783320,-0.009584664536741228
2026-01-20,1242,1268,1225,1252,3178553,0.00967741935483879
2026-01-21,1241,1264,1200,1212,2612197,-0.03194888178913735
2026-01-22,1219,1247,1213,1234,2422954,0.018151815181518094
2026-01-23,1244,1259,1218,1224,1935999,-0.008103727714748765
2026-01-26,1245,1260,1223,1230,1484551,0.004901960784313708
2026-01-27,1230,1232,1207,1211,1324328,-0.015447154471544766
2026-01-28,1222,1239,1209,1222,2772217,0.009083402146985886
2026-01-29,1252,1271,1210,1239,3370663,0.013911620294599025
