Date,Open,High,Low,Close,Volume,Change
2022-01-03,13500,13800,13500,13750,66526,0.0185185185185186
2022-01-04,13800,13850,13600,13750,47133,0.0
2022-01-05,13750,13950,13550,13750,95952,0.0
2022-01-06,13650,13850,13550,13600,66141,-0.010909090909090868
2022-01-07,13700,13750,13550,13600,31653,0.0
2022-01-10,13550,13700,13400,13400,51610,-0.014705882352941124
2022-01-11,13400,13450,13200,13250,76984,-0.011194029850746245
2022-01-12,13300,13450,13250,13400,59366,0.01132075471698113
2022-01-13,13400,13450,13300,13450,44902,0.003731343283582156
2022-01-14,13400,13500,13250,13250,53968,-0.014869888475836479
2022-01-17,13300,13400,13100,13100,46459,-0.01132075471698113
2022-01-18,13150,13150,12850,12850,84238,-0.01908396946564883
2022-01-19,12800,12900,12500,12600,100104,-0.01945525291828798
2022-01-20,12500,12700,12450,12500,95884,-0.007936507936507908
2022-01-21,12450,12650,12450,12600,78956,0.008000000000000007
2022-01-24,12550,12600,12000,12150,198994,-0.0357142857142857
2022-01-25,12100,12150,11650,11750,152735,-0.03292181069958844
2022-01-26,11650,11950,11650,11750,79823,0.0
2022-01-27,11800,11850,11250,11700,145023,-0.004255319148936176
2022-01-28,11650,11800,11500,11600,138425,-0.008547008547008517
2022-02-03,11850,12150,11800,12100,67480,0.0431034482758621
2022-02-04,12100,12450,12100,12450,106379,0.02892561983471076
2022-02-07,12450,12500,12200,12400,79984,-0.004016064257028162
2022-02-08,12400,12500,12100,12200,79187,-0.016129032258064502
2022-02-09,12200,12300,12150,12250,47680,0.004098360655737654
2022-02-10,12250,12400,12200,12300,49153,0.004081632653061273
2022-02-11,12200,12400,12150,12250,80394,-0.004065040650406471
2022-02-14,12100,12350,12000,12300,67266,0.004081632653061273
2022-02-15,12300,13450,12100,12300,412087,0.0
2022-02-16,12500,12600,12350,12450,62402,0.012195121951219523
2022-02-17,12500,12600,12150,12400,80261,-0.004016064257028162
2022-02-18,12200,12500,12200,12400,42984,0.0
2022-02-21,12300,12600,12250,12550,43958,0.012096774193548487
2022-02-22,12350,12500,12200,12300,68352,-0.019920318725099584
2022-02-23,12300,12500,12300,12450,40825,0.012195121951219523
2022-02-24,12400,12400,12100,12200,66151,-0.02008032128514059
2022-02-25,12250,12400,12200,12200,50703,0.0
2022-02-28,12200,12300,12150,12300,46479,0.008196721311475308
2022-03-02,12300,12600,12250,12550,62969,0.020325203252032464
2022-03-03,12650,12750,12550,12700,87002,0.01195219123505975
2022-03-04,12600,12700,12450,12650,90517,-0.003937007874015741
2022-03-07,12500,12550,12250,12300,73169,-0.02766798418972327
2022-03-08,12100,12300,12100,12200,52181,-0.008130081300813052
2022-03-10,12350,12400,12300,12350,30627,0.012295081967213184
2022-03-11,12350,12600,12300,12550,49149,0.0161943319838056
2022-03-14,12500,12550,12300,12450,37729,-0.007968127490039834
2022-03-15,12450,12500,12350,12450,29465,0.0
2022-03-16,12500,12550,12400,12500,34626,0.004016064257028162
2022-03-17,12600,12650,12500,12600,72788,0.008000000000000007
2022-03-18,12600,12700,12500,12600,48730,0.0
2022-03-21,12650,13050,12550,12950,140885,0.02777777777777768
2022-03-22,13050,13350,12900,13200,149874,0.019305019305019266
2022-03-23,13300,13300,13050,13100,80330,-0.007575757575757569
2022-03-24,13100,13200,13000,13150,39487,0.003816793893129722
2022-03-25,13250,13450,13150,13350,74729,0.015209125475285079
2022-03-28,13400,13500,13200,13300,42483,-0.0037453183520599342
2022-03-29,13300,13500,13150,13500,62853,0.015037593984962516
2022-03-30,13500,13500,13250,13300,36941,-0.014814814814814836
2022-03-31,13350,13500,13300,13400,40230,0.007518796992481258
2022-04-01,13400,13500,13300,13300,52374,-0.007462686567164201
2022-04-04,13400,13650,13250,13600,98733,0.022556390977443552
2022-04-05,13650,14000,13450,13600,212108,0.0
2022-04-06,13700,13850,13500,13550,71039,-0.003676470588235281
2022-04-07,13550,13700,13350,13650,73594,0.007380073800737907
2022-04-08,14000,14000,13550,13650,110127,0.0
2022-04-11,13750,13850,13500,13500,62147,-0.01098901098901095
2022-04-12,13400,13900,13350,13750,136001,0.0185185185185186
2022-04-13,13800,13950,13650,13950,106308,0.014545454545454639
2022-04-14,13900,14450,13850,14450,300731,0.03584229390680993
2022-04-15,14450,14450,14000,14100,183318,-0.02422145328719727
2022-04-18,14100,14350,13950,14150,118610,0.0035460992907800915
2022-04-19,14200,14250,14000,14250,77881,0.007067137809187329
2022-04-20,14300,14650,14100,14600,191934,0.024561403508772006
2022-04-21,14700,14700,14200,14250,136261,-0.023972602739726012
2022-04-22,14250,15050,14150,15000,416695,0.05263157894736836
2022-04-25,14750,15000,14500,14550,189398,-0.030000000000000027
2022-04-26,14850,15250,14650,14750,297104,0.013745704467353903
2022-04-27,14550,14600,14250,14350,127282,-0.027118644067796627
2022-04-28,14650,14850,14450,14600,115087,0.017421602787456525
2022-04-29,14650,14750,14350,14650,97999,0.003424657534246478
2022-05-02,14550,14650,14400,14500,47013,-0.010238907849829393
2022-05-03,14500,14500,14250,14400,81327,-0.006896551724137945
2022-05-04,14400,14400,14150,14150,38363,-0.01736111111111116
2022-05-06,13950,14300,13850,14150,79872,0.0
2022-05-09,14150,14150,13800,13800,57448,-0.02473498233215543
2022-05-10,13700,13700,13350,13600,159636,-0.01449275362318836
2022-05-11,13600,13900,13500,13700,69980,0.007352941176470562
2022-05-12,13600,14000,13500,13650,80290,-0.0036496350364964014
2022-05-13,13650,13850,13600,13750,52005,0.0073260073260073
2022-05-16,13850,14100,13800,14100,68227,0.025454545454545396
2022-05-17,14100,14200,13850,13850,53993,-0.01773049645390068
2022-05-18,13850,14000,13800,13800,36825,-0.0036101083032491488
2022-05-19,13500,13700,13400,13550,76841,-0.018115942028985477
2022-05-20,13550,14000,13550,14000,49857,0.03321033210332103
2022-05-23,14000,14050,13450,13600,110713,-0.02857142857142858
2022-05-24,13800,13800,13500,13600,88592,0.0
2022-05-25,13950,14900,13650,13650,603916,0.003676470588235281
2022-05-26,13750,14200,13700,14000,198776,0.02564102564102555
2022-05-27,14150,14200,13850,14100,114904,0.0071428571428571175
2022-05-30,14100,14300,14000,14200,87453,0.007092198581560183
2022-05-31,14250,14600,14150,14500,221631,0.021126760563380254
2022-06-02,14400,14600,14300,14500,111372,0.0
2022-06-03,14600,14600,14450,14550,47821,0.0034482758620688614
2022-06-07,14550,14550,14150,14250,70517,-0.020618556701030966
2022-06-08,14200,14250,14050,14050,52003,-0.01403508771929829
2022-06-09,14000,14150,13850,13850,82969,-0.014234875444839812
2022-06-10,13800,14100,13750,13800,96968,-0.0036101083032491488
2022-06-13,13650,13750,13300,13400,92303,-0.02898550724637683
2022-06-14,13150,13500,12900,13400,119665,0.0
2022-06-15,13300,13600,13000,13500,141126,0.00746268656716409
2022-06-16,13500,14250,13500,13850,179534,0.025925925925925908
2022-06-17,13700,14000,13600,13850,71755,0.0
2022-06-20,13900,13900,13350,13550,100102,-0.02166064981949456
2022-06-21,13450,13550,13200,13450,66932,-0.0073800738007380184
2022-06-22,13500,13550,12800,12900,148344,-0.040892193308550207
2022-06-23,12800,12900,12350,12350,131296,-0.04263565891472865
2022-06-24,12300,13000,12300,12800,80807,0.036437246963562764
2022-06-27,12900,12950,12750,12900,122454,0.0078125
2022-06-28,12800,13350,12800,13250,105378,0.027131782945736482
2022-06-29,13050,13100,12700,12700,112467,-0.04150943396226414
2022-06-30,12700,12750,12450,12550,119173,-0.011811023622047223
2022-07-01,12550,13000,12550,12850,65284,0.0239043824701195
2022-07-04,12800,13000,12650,12900,68748,0.0038910505836575737
2022-07-05,13000,13150,12900,13150,53287,0.019379844961240345
2022-07-06,13150,13200,12850,12950,68741,-0.01520912547528519
2022-07-07,13000,13200,13000,13050,38427,0.007722007722007707
2022-07-08,13050,13400,13050,13300,83273,0.019157088122605304
2022-07-11,13400,13400,12900,13050,40682,-0.018796992481203034
2022-07-12,13000,13100,12500,12600,46754,-0.03448275862068961
2022-07-13,12600,12900,12600,12850,34888,0.01984126984126977
2022-07-14,12850,13000,12700,12800,26909,-0.0038910505836575737
2022-07-15,12800,13150,12700,13050,28764,0.01953125
2022-07-18,13150,13200,13000,13050,23629,0.0
2022-07-19,13000,13150,13000,13050,19843,0.0
2022-07-20,13200,13250,13050,13100,51922,0.003831417624521105
2022-07-21,13200,13600,13150,13500,91881,0.03053435114503822
2022-07-22,13500,13950,13450,13850,96508,0.025925925925925908
2022-07-25,13750,14000,13700,13850,51620,0.0
2022-07-26,13950,14450,13750,14000,158845,0.010830324909747224
2022-07-27,14050,14100,13800,14100,51538,0.0071428571428571175
2022-07-28,14100,14900,14000,14300,589752,0.014184397163120588
2022-07-29,14500,14500,14100,14250,277427,-0.0034965034965035446
2022-08-01,14400,14400,13950,14200,134865,-0.0035087719298245723
2022-08-02,14100,14200,13700,13950,128190,-0.017605633802816878
2022-08-03,13900,14300,13900,14150,138761,0.014336917562723928
2022-08-04,14350,14450,14250,14250,89159,0.007067137809187329
2022-08-05,14300,14500,14100,14400,75720,0.010526315789473717
2022-08-08,14400,14500,14250,14450,69534,0.003472222222222321
2022-08-09,14350,15050,14100,14850,335245,0.02768166089965396
2022-08-10,14800,14850,14600,14700,129486,-0.010101010101010055
2022-08-11,14750,15000,14750,14900,123249,0.013605442176870763
2022-08-12,14900,15400,14800,15250,237415,0.02348993288590595
2022-08-16,15250,15550,15050,15200,167055,-0.003278688524590123
2022-08-17,15250,15350,14800,15100,140278,-0.006578947368421018
2022-08-18,15000,15300,14750,15200,124686,0.0066225165562914245
2022-08-19,15350,15400,15150,15150,58749,-0.003289473684210509
2022-08-22,15000,15000,14750,14850,94691,-0.01980198019801982
2022-08-23,14850,15150,14800,14800,64971,-0.0033670033670033517
2022-08-24,14850,15500,14850,15500,166331,0.04729729729729737
2022-08-25,15500,15500,15200,15350,107781,-0.009677419354838679
2022-08-26,15400,15500,14900,14950,86407,-0.026058631921824116
2022-08-29,14700,15250,14550,15000,92417,0.0033444816053511683
2022-08-30,15000,15650,15000,15650,226293,0.043333333333333224
2022-08-31,15700,15800,15450,15700,119169,0.0031948881789136685
2022-09-01,15750,15750,15400,15450,92866,-0.015923566878980888
2022-09-02,15500,16250,15450,16000,428487,0.03559870550161803
2022-09-05,15950,16150,15800,16050,141972,0.0031250000000000444
2022-09-06,15950,16200,15400,16000,176179,-0.0031152647975077885
2022-09-07,16000,16300,15750,16100,184467,0.006250000000000089
2022-09-08,16150,16400,15800,16000,127904,-0.006211180124223614
2022-09-13,16150,16600,16000,16400,198227,0.02499999999999991
2022-09-14,16050,17150,16050,16950,486774,0.03353658536585358
2022-09-15,17150,17200,16700,16950,207525,0.0
2022-09-16,16850,17150,16450,16650,178662,-0.017699115044247815
2022-09-19,16900,17550,16850,17250,474258,0.03603603603603611
2022-09-20,17400,17450,16450,16800,284010,-0.02608695652173909
2022-09-21,16700,16850,16200,16500,176185,-0.017857142857142905
2022-09-22,16200,17100,16100,16950,220578,0.027272727272727337
2022-09-23,16950,17000,16150,16200,130312,-0.04424778761061943
2022-09-26,15850,16050,15400,15600,212635,-0.03703703703703709
2022-09-27,15500,15950,15300,15650,159016,0.0032051282051281937
2022-09-28,15600,15600,14700,15100,168196,-0.03514376996805113
2022-09-29,15400,15600,14950,15100,166603,0.0
2022-09-30,15100,15150,14700,15000,96892,-0.0066225165562914245
2022-10-04,15150,15300,14900,15100,164928,0.006666666666666599
2022-10-05,15350,15700,15000,15000,134043,-0.0066225165562914245
2022-10-06,15100,16000,15100,15800,157821,0.05333333333333323
2022-10-07,15650,16250,15550,15700,92238,-0.006329113924050667
2022-10-11,15450,15550,15100,15400,79950,-0.019108280254777066
2022-10-12,15400,15850,15100,15750,166589,0.022727272727272707
2022-10-13,15750,15800,15250,15350,77014,-0.025396825396825418
2022-10-14,15600,15600,14650,14800,248301,-0.03583061889250816
2022-10-17,14650,14900,14350,14850,106679,0.0033783783783782884
2022-10-18,14900,15050,14700,15050,119816,0.013468013468013407
2022-10-19,15050,15150,14750,14800,90374,-0.01661129568106312
2022-10-20,14800,14900,14100,14250,315785,-0.03716216216216217
2022-10-21,14300,14400,13750,14050,188514,-0.01403508771929829
2022-10-24,14250,14400,14000,14100,100380,0.003558718861210064
2022-10-25,14300,14700,14250,14500,141142,0.028368794326241176
2022-10-26,14450,14500,13850,14000,184948,-0.03448275862068961
2022-10-27,14000,14350,13800,13950,292325,-0.0035714285714285587
2022-10-28,13950,14250,13650,13700,251969,-0.017921146953404965
2022-10-31,13850,13900,13250,13650,290405,-0.0036496350364964014
2022-11-01,13650,13750,13500,13700,231483,0.00366300366300365
2022-11-02,13800,13850,13550,13600,132834,-0.007299270072992692
2022-11-03,13400,13650,13300,13550,159505,-0.003676470588235281
2022-11-04,13500,13500,13250,13400,139793,-0.011070110701106972
2022-11-07,13450,13650,13450,13550,116354,0.011194029850746245
2022-11-08,13650,13700,13500,13650,82051,0.007380073800737907
2022-11-09,13750,13750,13450,13600,245218,-0.00366300366300365
2022-11-10,13500,13600,13350,13400,153172,-0.014705882352941124
2022-11-11,13700,13700,13400,13500,166318,0.00746268656716409
2022-11-14,13550,13750,13450,13600,154944,0.007407407407407307
2022-11-15,13700,14000,13650,13900,173883,0.022058823529411686
2022-11-16,13950,13950,13700,13900,100472,0.0
2022-11-17,13900,13900,13650,13750,109268,-0.010791366906474864
2022-11-18,13750,13900,13650,13700,66091,-0.0036363636363636598
2022-11-21,13700,13800,13550,13550,91176,-0.010948905109489093
2022-11-22,13600,13950,13600,13950,124027,0.029520295202952074
2022-11-23,14000,14250,13950,14150,182850,0.014336917562723928
2022-11-24,14250,14350,14050,14050,130699,-0.007067137809187329
2022-11-25,14150,14200,13950,14200,72420,0.01067615658362997
2022-11-28,14250,14250,13850,13850,76625,-0.02464788732394363
2022-11-29,13800,14100,13700,14000,68274,0.010830324909747224
2022-11-30,14050,14100,13900,13950,96796,-0.0035714285714285587
2022-12-01,14100,14150,13900,13950,107930,0.0
2022-12-02,14000,14450,13900,14350,281506,0.028673835125448077
2022-12-05,14400,14450,14150,14350,127205,0.0
2022-12-06,14350,14350,13850,13950,145107,-0.027874564459930307
2022-12-07,13900,14250,13850,14200,120332,0.017921146953405076
2022-12-08,14200,14300,13950,14100,90806,-0.007042253521126751
2022-12-09,14200,14300,14100,14200,85660,0.007092198581560183
2022-12-12,14250,14350,14150,14250,82685,0.0035211267605634866
2022-12-13,14250,14300,14050,14150,86411,-0.007017543859649145
2022-12-14,14200,14400,14150,14250,97912,0.007067137809187329
2022-12-15,14300,14300,14050,14050,67046,-0.01403508771929829
2022-12-16,13850,14050,13800,13900,105974,-0.010676156583629859
2022-12-19,13900,14000,13750,13850,94063,-0.003597122302158251
2022-12-20,13850,13900,13550,13650,91612,-0.014440433212996373
2022-12-21,13750,13750,13550,13700,87692,0.00366300366300365
2022-12-22,13700,13850,13650,13800,62034,0.007299270072992803
2022-12-23,13750,13750,13450,13700,71440,-0.007246376811594235
2022-12-26,13700,13850,13650,13800,55209,0.007299270072992803
2022-12-27,13750,14000,13750,13950,93270,0.010869565217391353
2022-12-28,13650,13650,13400,13450,88259,-0.03584229390681004
2022-12-29,13400,13450,13000,13250,99217,-0.014869888475836479
2023-01-02,13150,13350,12450,12450,142978,-0.060377358490566024
2023-01-03,12250,12500,12200,12350,84598,-0.008032128514056214
2023-01-04,12350,12700,12350,12650,70871,0.02429149797570851
2023-01-05,12650,13000,12650,12900,29189,0.01976284584980248
2023-01-06,12850,13100,12650,12750,57346,-0.011627906976744207
2023-01-09,12850,13100,12850,13050,36939,0.0235294117647058
2023-01-10,13050,13100,12850,12900,46833,-0.011494252873563204
2023-01-11,12950,12950,12750,12800,61134,-0.007751937984496138
2023-01-12,12850,12900,12700,12800,67423,0.0
2023-01-13,12800,13050,12800,12950,46874,0.01171875
2023-01-16,13000,13050,12900,12950,66970,0.0
2023-01-17,13000,13050,12850,12900,42591,-0.0038610038610038533
2023-01-18,12900,12900,12750,12850,39505,-0.003875968992248069
2023-01-19,12750,12950,12750,12900,31722,0.0038910505836575737
2023-01-20,12850,13000,12850,13000,24629,0.007751937984496138
2023-01-25,13100,13100,12870,12890,77843,-0.00846153846153841
2023-01-26,12890,12950,12820,12880,66304,-0.0007757951900698723
2023-01-27,12900,12950,12860,12910,62986,0.0023291925465838137
2023-01-30,12950,13160,12910,13070,67385,0.012393493415956636
2023-01-31,12950,13070,12950,13050,49801,-0.0015302218821728886
2023-02-01,13100,13150,13020,13020,54305,-0.0022988505747126853
2023-02-02,13120,13170,12990,13060,96181,0.003072196620583778
2023-02-03,13130,13150,13040,13150,36368,0.006891271056661541
2023-02-06,13170,13180,13070,13120,41075,-0.0022813688212928174
2023-02-07,13120,13160,13040,13140,44585,0.0015243902439023849
2023-02-08,13150,13170,12990,13010,99100,-0.009893455098934578
2023-02-09,13020,13040,12850,12870,99425,-0.010760953112989968
2023-02-10,12900,12940,12720,12780,112582,-0.006993006993006978
2023-02-13,12780,12780,12570,12620,94820,-0.012519561815336422
2023-02-14,12640,12660,12610,12650,40499,0.002377179080824021
2023-02-15,12620,12680,12500,12500,115640,-0.011857707509881465
2023-02-16,12490,12620,12410,12550,124230,0.0040000000000000036
2023-02-17,12500,12640,12430,12560,46509,0.0007968127490038945
2023-02-20,12560,12680,12520,12650,61562,0.007165605095541316
2023-02-21,12620,12740,12600,12640,56136,-0.0007905138339920903
2023-02-22,12620,12650,12540,12570,78331,-0.005537974683544333
2023-02-23,12580,12640,12530,12590,36366,0.0015910898965791898
2023-02-24,12600,12610,12460,12530,54796,-0.004765687053216894
2023-02-27,12520,12520,12210,12380,117446,-0.011971268954509173
2023-02-28,12380,12420,12200,12250,185318,-0.01050080775444262
2023-03-02,12250,12430,12240,12380,56929,0.010612244897959089
2023-03-03,12420,12470,12300,12430,58190,0.0040387722132471104
2023-03-06,12430,12430,12300,12350,76761,-0.006436041834271933
2023-03-07,12380,12380,12280,12300,50601,-0.004048582995951455
2023-03-08,12260,12260,12180,12190,57921,-0.00894308943089428
2023-03-09,12200,12260,12020,12040,102260,-0.012305168170631653
2023-03-10,12010,12010,11750,11790,139210,-0.020764119601328956
2023-03-13,11730,11760,11540,11660,81365,-0.011026293469041604
2023-03-14,11600,11610,11270,11300,116362,-0.030874785591766707
2023-03-15,11310,11410,11310,11330,68089,0.0026548672566371057
2023-03-16,11260,11300,10970,11160,78522,-0.015004413062665534
2023-03-17,11250,11420,11210,11270,68091,0.009856630824372825
2023-03-20,11250,11440,11200,11340,47307,0.006211180124223503
2023-03-21,11350,11450,11330,11400,48899,0.005291005291005346
2023-03-22,11400,11480,11270,11300,45121,-0.00877192982456143
2023-03-23,11300,11300,11160,11290,52938,-0.0008849557522123686
2023-03-24,11290,11340,11220,11300,29093,0.0008857395925598865
2023-03-27,11300,11320,11110,11110,47161,-0.016814159292035447
2023-03-28,11150,11280,11110,11180,47116,0.006300630063006407
2023-03-29,11220,11960,11210,11580,75045,0.035778175313059046
2023-03-30,11580,11700,11480,11680,70125,0.008635578583765069
2023-03-31,11780,12000,11690,11770,107831,0.0077054794520547976
2023-04-03,11780,12020,11760,11790,82952,0.001699235344095218
2023-04-04,11810,12010,11810,11930,69515,0.01187446988973706
2023-04-05,11820,11980,11810,11870,54687,-0.005029337803855838
2023-04-06,11850,11900,11620,11630,81199,-0.020219039595619215
2023-04-07,11730,11730,11590,11620,46160,-0.0008598452278589797
2023-04-10,11740,11740,11420,11460,85373,-0.013769363166953541
2023-04-11,11490,11820,11460,11780,70050,0.027923211169284423
2023-04-12,11810,11900,11740,11880,66328,0.008488964346349714
2023-04-13,11870,11870,11300,11700,89031,-0.015151515151515138
2023-04-14,11760,11780,11560,11630,110542,-0.005982905982905962
2023-04-17,11580,11800,11560,11750,104537,0.010318142734307756
2023-04-18,11760,11860,11690,11840,110822,0.007659574468085184
2023-04-19,11850,11920,11770,11850,139520,0.0008445945945945166
2023-04-20,11850,11950,11690,11750,95873,-0.008438818565400852
2023-04-21,11700,11830,11670,11830,66747,0.006808510638297793
2023-04-24,11820,11820,11570,11570,108284,-0.02197802197802201
2023-04-25,11540,11620,11330,11400,126176,-0.014693171996542742
2023-04-26,11400,11470,11260,11360,60295,-0.0035087719298245723
2023-04-27,11360,11360,11250,11270,57823,-0.007922535211267623
2023-04-28,11290,12410,11150,11350,629768,0.00709849157054121
2023-05-02,11290,11430,11280,11350,79672,0.0
2023-05-03,11310,11350,11190,11220,111029,-0.011453744493392093
2023-05-04,11220,11250,11140,11210,68534,-0.0008912655971479166
2023-05-08,11230,11420,11210,11400,72881,0.016949152542372836
2023-05-09,11430,11460,11330,11360,46318,-0.0035087719298245723
2023-05-10,11370,11400,11330,11330,46035,-0.002640845070422504
2023-05-11,11330,11430,11330,11390,43171,0.005295675198587757
2023-05-12,11420,11420,11290,11360,45659,-0.0026338893766462146
2023-05-15,11360,11380,11270,11350,31018,-0.0008802816901408717
2023-05-16,11320,11350,11240,11260,43607,-0.007929515418502175
2023-05-17,11250,11280,11190,11200,58390,-0.005328596802841923
2023-05-18,11300,11300,11170,11200,68561,0.0
2023-05-19,11200,11250,11170,11230,54303,0.00267857142857153
2023-05-22,11280,11340,11240,11330,40395,0.008904719501335645
2023-05-23,11300,11380,11300,11340,50093,0.0008826125330980705
2023-05-24,11290,11360,11290,11340,38965,0.0
2023-05-25,11330,11380,11210,11250,62106,-0.007936507936507908
2023-05-26,11250,11280,11170,11180,68821,-0.00622222222222224
2023-05-30,11170,11240,11170,11230,33674,0.004472271914132353
2023-05-31,11230,11270,11180,11180,46793,-0.0044523597506678225
2023-06-01,11250,11250,11170,11180,42854,0.0
2023-06-02,11180,11290,11180,11290,55481,0.009838998211091132
2023-06-05,11300,11390,11240,11330,71360,0.003542958370239102
2023-06-07,11340,11420,11220,11260,75809,-0.0061782877316858276
2023-06-08,11280,11290,11190,11210,72508,-0.004440497335701621
2023-06-09,11230,11390,11220,11370,78096,0.014272970561998166
2023-06-12,11400,11470,11300,11320,58290,-0.004397537379067673
2023-06-13,11320,11390,11260,11310,53088,-0.0008833922261484162
2023-06-14,11320,11320,11230,11250,56426,-0.0053050397877983935
2023-06-15,11250,11360,11210,11260,60110,0.000888888888888939
2023-06-16,11390,11390,11260,11270,78312,0.000888099467140302
2023-06-19,11280,11400,11280,11370,39596,0.008873114463176623
2023-06-20,11370,11390,11320,11330,42600,-0.0035180299032542273
2023-06-21,11310,11330,11220,11230,64493,-0.008826125330979706
2023-06-22,11240,11350,11200,11240,41778,0.0008904719501334757
2023-06-23,11290,11290,11170,11170,68323,-0.00622775800711739
2023-06-26,11170,11210,11080,11170,36905,0.0
2023-06-27,11200,11220,11120,11190,33348,0.001790510295434089
2023-06-28,11200,11260,11170,11200,43002,0.0008936550491509543
2023-06-29,11210,11210,11060,11080,98595,-0.010714285714285676
2023-06-30,11100,11260,11040,11180,65924,0.00902527075812265
2023-07-03,11180,11260,11170,11200,34469,0.0017889087656528524
2023-07-04,11240,11240,11130,11220,46442,0.0017857142857142794
2023-07-05,11260,11260,11180,11190,38269,-0.002673796791443861
2023-07-06,11190,11190,10720,10820,171358,-0.03306523681858797
2023-07-07,10800,10910,10580,10770,119140,-0.004621072088724532
2023-07-10,10770,10800,10650,10800,42709,0.0027855153203342198
2023-07-11,10930,10930,10710,10790,36252,-0.0009259259259258856
2023-07-12,10840,10840,10720,10740,42516,-0.004633920296570948
2023-07-13,10800,10900,10760,10770,42945,0.0027932960893854997
2023-07-14,10790,10800,10680,10800,52578,0.0027855153203342198
2023-07-17,10810,10850,10540,10650,158611,-0.01388888888888884
2023-07-18,10650,10680,10510,10520,64280,-0.012206572769953072
2023-07-19,10520,10610,10510,10520,31100,0.0
2023-07-20,10540,10540,10480,10510,53052,-0.0009505703422053591
2023-07-21,10510,10510,10420,10430,41460,-0.007611798287345373
2023-07-24,10460,10460,10180,10300,101007,-0.012464046021092967
2023-07-25,10250,10310,10020,10020,121248,-0.027184466019417486
2023-07-26,10020,10240,9690,10240,196902,0.02195608782435121
2023-07-27,10230,10230,10080,10180,67676,-0.005859375
2023-07-28,10180,10370,10100,10280,52693,0.00982318271119853
2023-07-31,10360,10670,10360,10580,156079,0.029182879377431803
2023-08-01,10630,10790,10560,10710,98947,0.012287334593572785
2023-08-02,10700,11000,10620,10800,107310,0.008403361344537785
2023-08-03,10850,10850,10620,10660,90210,-0.012962962962962954
2023-08-04,10700,10910,10610,10880,84124,0.02063789868667909
2023-08-07,10950,10950,10630,10720,77766,-0.014705882352941124
2023-08-08,10750,10790,10500,10580,85948,-0.013059701492537323
2023-08-09,10560,10630,10540,10620,54809,0.003780718336483968
2023-08-10,10560,10670,10520,10630,75554,0.0009416195856872811
2023-08-11,10600,10830,10600,10730,29219,0.00940733772342428
2023-08-14,10680,10710,10550,10590,72635,-0.013047530288909592
2023-08-16,10590,10590,10380,10480,91929,-0.010387157695939564
2023-08-17,10520,10530,10200,10310,77917,-0.016221374045801484
2023-08-18,10310,10410,10210,10400,42003,0.008729388942773975
2023-08-21,10400,10450,10280,10300,32992,-0.009615384615384581
2023-08-22,10430,10430,10230,10290,59008,-0.000970873786407811
2023-08-23,10310,10320,10190,10310,59763,0.0019436345966958868
2023-08-24,10310,10370,10210,10320,54030,0.0009699321047527132
2023-08-25,10300,10370,10230,10350,21259,0.0029069767441860517
2023-08-28,10350,10480,10350,10420,49739,0.006763285024154575
2023-08-29,10420,10610,10420,10540,49929,0.011516314779270731
2023-08-30,10540,10640,10500,10560,42920,0.00189753320683117
2023-08-31,10600,10640,10480,10570,77418,0.0009469696969697239
2023-09-01,10580,10880,10540,10740,84700,0.016083254493850507
2023-09-04,10740,10820,10650,10670,33450,-0.0065176908752327956
2023-09-05,10670,10730,10500,10600,72772,-0.006560449859418949
2023-09-06,10600,10640,10500,10520,38204,-0.007547169811320753
2023-09-07,10560,10570,10400,10550,39503,0.002851711026615966
2023-09-08,10480,10680,10480,10670,42788,0.011374407582938284
2023-09-11,10720,10740,10590,10620,23507,-0.004686035613870709
2023-09-12,10650,10660,10580,10660,27146,0.0037664783427495685
2023-09-13,10660,10840,10630,10780,61321,0.011257035647279645
2023-09-14,10780,10830,10730,10810,37597,0.002782931354359919
2023-09-15,10810,10840,10750,10830,98984,0.0018501387604070718
2023-09-18,10830,10880,10750,10770,45812,-0.005540166204986097
2023-09-19,10750,10830,10750,10780,24877,0.0009285051067779992
2023-09-20,10840,10840,10680,10790,62316,0.0009276437847867136
2023-09-21,10790,10810,10640,10640,36187,-0.013901760889712733
2023-09-22,10600,10760,10530,10670,62742,0.0028195488721804995
2023-09-25,10650,11000,10510,10680,113198,0.0009372071227742307
2023-09-26,10670,10670,10350,10430,127374,-0.023408239700374533
2023-09-27,10270,10500,10270,10450,31060,0.0019175455417066445
2023-10-04,10430,10430,10190,10200,61664,-0.02392344497607657
2023-10-05,10280,10280,10090,10160,44924,-0.0039215686274509665
2023-10-06,10160,10240,10080,10160,26570,0.0
2023-10-10,10230,10230,9600,10000,71088,-0.015748031496062964
2023-10-11,10020,10250,10000,10170,40151,0.016999999999999904
2023-10-12,10190,10200,10110,10160,35775,-0.000983284169124854
2023-10-13,10160,10240,10080,10160,46433,0.0
2023-10-16,10160,10160,9990,10070,33160,-0.008858267716535417
2023-10-17,10140,10220,10100,10220,24329,0.014895729890764597
2023-10-18,10240,10240,10160,10210,20399,-0.0009784735812132794
2023-10-19,10200,10200,10070,10160,48997,-0.004897159647404559
2023-10-20,10080,10130,10010,10130,49939,-0.0029527559055118058
2023-10-23,10180,10190,10040,10120,20075,-0.000987166831194486
2023-10-24,10100,10190,10030,10190,39592,0.006916996047430901
2023-10-25,10160,10230,10130,10190,27955,0.0
2023-10-26,10120,10170,10000,10020,63458,-0.016683022571148176
2023-10-27,10070,10080,9960,9980,57126,-0.003992015968063867
2023-10-30,9970,10000,9890,9950,50149,-0.0030060120240480437
2023-10-31,10010,10040,9940,9980,37245,0.0030150753768845018
2023-11-01,10040,10050,9880,9910,67455,-0.007014028056112176
2023-11-02,9970,9970,9900,9940,71442,0.003027245206861817
2023-11-03,9980,10080,9910,10080,71771,0.014084507042253502
2023-11-06,10150,10260,10130,10210,97184,0.012896825396825351
2023-11-07,10200,10200,10020,10180,96632,-0.002938295788442735
2023-11-08,10210,10210,10090,10170,45806,-0.0009823182711198308
2023-11-09,10180,10220,10140,10170,35437,0.0
2023-11-10,10150,10160,10060,10100,22479,-0.006882989183874089
2023-11-13,10100,10150,10000,10050,38281,-0.004950495049504955
2023-11-14,10100,10120,10050,10100,20671,0.004975124378109541
2023-11-15,10140,10190,10110,10190,35668,0.008910891089108919
2023-11-16,10190,10280,10140,10270,38141,0.007850834151128527
2023-11-17,10290,10530,10240,10440,115324,0.0165530671859786
2023-11-20,10470,10470,10360,10430,26169,-0.0009578544061302763
2023-11-21,10380,10450,10380,10430,23515,0.0
2023-11-22,10430,10430,10330,10390,28229,-0.003835091083413178
2023-11-23,10400,10430,10340,10380,23503,-0.0009624639076034613
2023-11-24,10400,10450,10360,10440,20055,0.005780346820809301
2023-11-27,10450,10540,10370,10450,36282,0.0009578544061301653
2023-11-28,10480,10490,10420,10470,16961,0.00191387559808609
2023-11-29,10470,10470,10360,10400,26812,-0.006685768863419317
2023-11-30,10390,10450,10290,10390,35524,-0.0009615384615384581
2023-12-01,10400,10450,10330,10340,21548,-0.004812319538017307
2023-12-04,10350,10490,10280,10450,42754,0.010638297872340496
2023-12-05,10450,10570,10410,10500,27854,0.004784688995215225
2023-12-06,10500,10540,10380,10450,50402,-0.004761904761904745
2023-12-07,10430,10440,10360,10410,38275,-0.003827751196172291
2023-12-08,10420,10440,10370,10440,38698,0.0028818443804035088
2023-12-11,10450,10450,10290,10380,53265,-0.005747126436781658
2023-12-12,10360,10390,10310,10350,40531,-0.0028901734104046506
2023-12-13,10370,10390,10290,10370,39178,0.0019323671497584183
2023-12-14,10400,11300,10340,10430,606996,0.005785920925747368
2023-12-15,10410,10700,10380,10380,147704,-0.0047938638542665
2023-12-18,10420,10550,10380,10530,49909,0.014450867052023142
2023-12-19,10490,10670,10480,10570,88222,0.003798670465337217
2023-12-20,10600,10680,10590,10650,69888,0.007568590350047311
2023-12-21,10670,10810,10500,10610,132325,-0.003755868544600971
2023-12-22,10680,10680,10540,10600,54094,-0.0009425070688030557
2023-12-26,10600,10650,10550,10650,112002,0.004716981132075526
2023-12-27,10580,10640,10420,10490,76862,-0.015023474178403773
2023-12-28,10460,10660,10430,10640,57043,0.014299332697807365
2024-01-02,10640,10640,10570,10620,35363,-0.001879699248120259
2024-01-03,10600,10600,10490,10590,38800,-0.0028248587570621764
2024-01-04,10530,10580,10500,10560,35468,-0.0028328611898017497
2024-01-05,10570,10570,10430,10480,35422,-0.007575757575757569
2024-01-08,10480,10530,10400,10470,40377,-0.000954198473282486
2024-01-09,10490,10540,10440,10530,21944,0.005730659025787954
2024-01-10,10460,10570,10460,10570,30415,0.003798670465337217
2024-01-11,10600,10640,10550,10580,34123,0.0009460737937558861
2024-01-12,10550,10580,10420,10450,39527,-0.012287334593572785
2024-01-15,10570,10570,10400,10520,36190,0.006698564593301537
2024-01-16,10520,10520,10410,10490,24491,-0.002851711026615966
2024-01-17,10500,10500,10240,10290,57465,-0.019065776930409895
2024-01-18,10220,10340,10220,10330,30784,0.0038872691933915515
2024-01-19,10340,10420,10260,10340,26569,0.0009680542110357404
2024-01-22,10300,10410,10290,10350,26927,0.0009671179883945502
2024-01-23,10350,10370,10300,10370,21159,0.0019323671497584183
2024-01-24,10260,10300,10220,10230,54336,-0.013500482160077154
2024-01-25,10300,10320,10230,10300,17417,0.006842619745845546
2024-01-26,10330,10440,10300,10440,57121,0.013592233009708687
2024-01-29,10450,10540,10430,10540,43517,0.009578544061302763
2024-01-30,10550,10640,10550,10620,66891,0.007590132827324458
2024-01-31,10620,10730,10540,10720,78698,0.009416195856873921
2024-02-01,10690,11040,10650,10940,177517,0.020522388059701413
2024-02-02,10970,10970,10790,10890,90139,-0.004570383912248621
2024-02-05,10900,11050,10850,11050,107968,0.01469237832874204
2024-02-06,11050,11050,10910,10950,78886,-0.009049773755656076
2024-02-07,11000,11020,10850,10990,74690,0.0036529680365295913
2024-02-08,11000,11000,10900,10970,54931,-0.0018198362147406888
2024-02-13,10980,11120,10960,11110,78031,0.012762078395624377
2024-02-14,11090,11190,11030,11150,77118,0.0036003600360035026
2024-02-15,11150,11150,10890,10910,90057,-0.021524663677130018
2024-02-16,10910,11080,10900,11010,32547,0.00916590284142993
2024-02-19,10990,11190,10990,11170,71664,0.014532243415077195
2024-02-20,11180,11230,11080,11160,62475,-0.0008952551477170445
2024-02-21,11200,11200,11090,11120,28463,-0.0035842293906810374
2024-02-22,11120,11180,11010,11060,40892,-0.0053956834532373765
2024-02-23,11060,11090,10970,10970,39167,-0.008137432188065064
2024-02-26,10970,10970,10750,10760,40028,-0.019143117593436676
2024-02-27,10760,10830,10690,10730,38062,-0.0027881040892193676
2024-02-28,10760,10760,10640,10730,33027,0.0
2024-02-29,10760,10830,10690,10760,31562,0.002795899347623587
2024-03-04,10760,10810,10610,10700,66239,-0.005576208178438624
2024-03-05,10650,10700,10570,10570,41006,-0.012149532710280408
2024-03-06,10570,10610,10500,10590,29572,0.0018921475875117721
2024-03-07,10670,10670,10410,10460,61869,-0.01227573182247399
2024-03-08,10470,10540,10440,10540,32041,0.007648183556405286
2024-03-11,10540,10590,10470,10560,20567,0.00189753320683117
2024-03-12,10580,10580,10470,10560,21337,0.0
2024-03-13,10560,10560,10480,10480,28885,-0.007575757575757569
2024-03-14,10510,10520,10330,10360,121953,-0.011450381679389277
2024-03-15,10400,10490,10300,10300,127616,-0.00579150579150578
2024-03-18,10310,10470,10310,10450,25051,0.014563106796116498
2024-03-19,10450,10540,10370,10450,26512,0.0
2024-03-20,10450,10530,10400,10470,35189,0.00191387559808609
2024-03-21,10520,10530,10440,10450,41188,-0.0019102196752626144
2024-03-22,10450,10510,10430,10480,52582,0.002870813397129135
2024-03-25,10500,10520,10390,10500,34640,0.001908396946564972
2024-03-26,10520,10580,10490,10530,37430,0.0028571428571428914
2024-03-27,10530,10580,10430,10430,62236,-0.009496676163342821
2024-03-28,10340,10390,10300,10360,54462,-0.006711409395973145
2024-03-29,10390,10400,10300,10300,47482,-0.00579150579150578
2024-04-01,10300,10330,10230,10280,65034,-0.001941747572815511
2024-04-02,10280,10300,10180,10230,52585,-0.004863813229571967
2024-04-03,10220,10550,10120,10190,55038,-0.003910068426197455
2024-04-04,10220,10260,10130,10170,30386,-0.001962708537782132
2024-04-05,10130,10170,10100,10120,29302,-0.004916420845624381
2024-04-08,10140,10160,10040,10050,33183,-0.00691699604743079
2024-04-09,10050,10110,10010,10050,35709,0.0
2024-04-11,10010,10040,9930,10000,68315,-0.00497512437810943
2024-04-12,10020,10020,9970,10000,21771,0.0
2024-04-15,10000,10000,9900,9950,46017,-0.0050000000000000044
2024-04-16,9970,9970,9890,9930,64393,-0.0020100502512563345
2024-04-17,9940,9970,9880,9930,46279,0.0
2024-04-18,9980,10040,9910,10040,37523,0.011077542799597273
2024-04-19,10000,10090,9980,10080,30993,0.003984063745019917
2024-04-22,10100,10270,10100,10250,41211,0.016865079365079305
2024-04-23,10250,10280,10140,10160,22394,-0.008780487804878057
2024-04-24,10220,10340,10170,10310,45409,0.014763779527559029
2024-04-25,10310,10400,10220,10320,30251,0.0009699321047527132
2024-04-26,10360,10440,10310,10420,44199,0.009689922480620172
2024-04-29,10450,11080,10370,10800,332137,0.03646833013435691
2024-04-30,10880,10910,10730,10780,133760,-0.0018518518518518823
2024-05-02,10800,11090,10720,10950,209787,0.01576994434137302
2024-05-03,10980,11040,10830,10950,57400,0.0
2024-05-07,11000,11000,10730,10770,91605,-0.016438356164383605
2024-05-08,10770,10860,10760,10850,52494,0.00742804085422466
2024-05-09,10900,10900,10780,10790,29506,-0.0055299539170506895
2024-05-10,10890,10990,10810,10900,53909,0.010194624652456019
2024-05-13,10900,10980,10830,10920,82678,0.0018348623853210455
2024-05-14,11020,11050,10890,10950,70186,0.0027472527472527375
2024-05-16,11020,11110,10980,11070,130632,0.010958904109588996
2024-05-17,11070,11190,11010,11120,99036,0.004516711833784992
2024-05-20,11160,11360,11070,11350,234088,0.020683453237410054
2024-05-21,11260,11490,11260,11450,181169,0.008810572687224738
2024-05-22,11470,11490,11120,11390,101536,-0.005240174672489051
2024-05-23,11390,11590,11310,11550,158523,0.014047410008779737
2024-05-24,11520,11530,11360,11360,71079,-0.016450216450216493
2024-05-27,11360,11460,11180,11290,78476,-0.0061619718309858795
2024-05-28,11350,11350,11100,11110,97081,-0.01594331266607618
2024-05-29,11120,11270,11110,11180,38534,0.006300630063006407
2024-05-30,11180,11200,10950,11010,56390,-0.015205724508050134
2024-05-31,10960,11070,10930,11010,37612,0.0
2024-06-03,10930,11140,10930,11070,56049,0.005449591280654031
2024-06-04,11040,11270,11020,11200,87800,0.011743450767841113
2024-06-05,11200,11230,11020,11130,55864,-0.006249999999999978
2024-06-07,11060,11140,10910,10920,84308,-0.018867924528301883
2024-06-10,10860,11270,10860,11240,90849,0.0293040293040292
2024-06-11,11260,11290,11150,11240,46702,0.0
2024-06-12,11230,11270,11160,11200,28044,-0.003558718861209953
2024-06-13,11250,11250,11120,11210,63251,0.0008928571428572507
2024-06-14,11250,11360,11060,11360,162119,0.01338090990187335
2024-06-17,11380,11500,11250,11480,135002,0.010563380281690238
2024-06-18,11360,11430,11230,11290,72509,-0.016550522648083654
2024-06-19,11310,11340,11130,11130,47714,-0.01417183348095663
2024-06-20,11090,11320,11080,11300,50027,0.015274034141958603
2024-06-21,11300,11370,11230,11320,51009,0.001769911504424737
2024-06-24,11350,11410,11230,11230,42759,-0.007950530035335635
2024-06-25,11210,11370,11200,11350,46567,0.010685663401602818
2024-06-26,11300,11370,11270,11350,26223,0.0
2024-06-27,11350,11360,11210,11210,21825,-0.012334801762114544
2024-06-28,11250,11260,11180,11240,23523,0.00267618198037467
2024-07-01,11210,11240,11110,11110,34035,-0.011565836298932375
2024-07-02,11100,11150,10800,10840,134243,-0.024302430243024253
2024-07-03,10950,11000,10790,10850,61793,0.0009225092250921829
2024-07-04,10850,10970,10820,10850,53259,0.0
2024-07-05,10900,10910,10710,10730,65143,-0.011059907834101379
2024-07-08,10800,10890,10720,10820,21113,0.00838769804287054
2024-07-09,10860,10860,10740,10800,26573,-0.001848428835489857
2024-07-10,10730,10800,10630,10640,46257,-0.014814814814814836
2024-07-11,10720,10720,10610,10620,23661,-0.001879699248120259
2024-07-12,10640,10670,10550,10590,23903,-0.0028248587570621764
2024-07-15,10610,10620,10460,10480,67688,-0.010387157695939564
2024-07-16,10480,10480,10370,10400,53394,-0.007633587786259555
2024-07-17,10380,10480,10380,10380,27410,-0.0019230769230769162
2024-07-18,10380,10450,10290,10380,56900,0.0
2024-07-19,10380,10380,10330,10340,33165,-0.003853564547206201
2024-07-22,10430,10430,10170,10190,90050,-0.014506769825918808
2024-07-23,10190,10260,10190,10230,22291,0.003925417075564264
2024-07-24,10260,10420,10260,10350,24102,0.011730205278592365
2024-07-25,10320,10330,10200,10250,24112,-0.009661835748792313
2024-07-26,10250,10380,10250,10380,17827,0.012682926829268304
2024-07-29,10410,10510,10380,10450,30796,0.00674373795761074
2024-07-30,10520,10520,10350,10390,55497,-0.005741626794258381
2024-07-31,10250,10290,10110,10270,65970,-0.011549566891241536
2024-08-01,10270,10390,10270,10290,41327,0.0019474196689386325
2024-08-02,10290,10290,10050,10060,90272,-0.02235179786200192
2024-08-05,10030,10040,9500,9560,142511,-0.04970178926441349
2024-08-06,9790,9880,9600,9710,55900,0.01569037656903771
2024-08-07,9710,9880,9700,9840,54783,0.013388259526261548
2024-08-08,9810,9940,9720,9830,47951,-0.00101626016260159
2024-08-09,9860,9930,9800,9900,30667,0.007121057985757906
2024-08-12,9900,9920,9810,9830,51177,-0.007070707070707116
2024-08-13,9870,9870,9710,9720,58947,-0.011190233977619535
2024-08-14,9840,9840,9700,9730,32870,0.0010288065843622185
2024-08-16,9820,9820,9730,9760,26262,0.0030832476875641834
2024-08-19,9780,9820,9720,9820,45871,0.006147540983606481
2024-08-20,9830,9880,9800,9850,50905,0.003054989816700715
2024-08-21,9850,9900,9830,9890,51239,0.004060913705583813
2024-08-22,9860,9910,9830,9900,33802,0.0010111223458038054
2024-08-23,9900,9900,9800,9840,59165,-0.0060606060606061
2024-08-26,9840,9850,9790,9800,22456,-0.004065040650406471
2024-08-27,9810,9810,9720,9760,31311,-0.004081632653061273
2024-08-28,9750,9790,9720,9760,24443,0.0
2024-08-29,9730,9760,9710,9760,26358,0.0
2024-08-30,9760,9800,9740,9800,24668,0.004098360655737654
2024-09-02,9830,9850,9760,9800,20171,0.0
2024-09-03,9850,9940,9780,9840,28310,0.004081632653061273
2024-09-04,9790,9800,9670,9690,56581,-0.015243902439024404
2024-09-05,9690,9790,9590,9670,79142,-0.0020639834881320818
2024-09-06,9660,9670,9550,9580,57047,-0.009307135470527417
2024-09-09,9510,9570,9450,9490,84289,-0.009394572025052228
2024-09-10,9550,9550,9430,9450,58168,-0.004214963119072657
2024-09-11,9450,9490,9400,9430,20825,-0.002116402116402072
2024-09-12,9480,9490,9400,9470,21785,0.0042417815482502785
2024-09-13,9500,9500,9450,9500,22621,0.0031678986272438703
2024-09-19,9520,9550,9450,9480,44499,-0.002105263157894721
2024-09-20,9500,9580,9500,9580,25685,0.010548523206751037
2024-09-23,9550,9590,9460,9520,46045,-0.006263048016701411
2024-09-24,9520,9550,9470,9530,51283,0.0010504201680672232
2024-09-25,9550,9550,9430,9470,66792,-0.006295907660020972
2024-09-26,9530,9570,9470,9510,54968,0.004223864836325308
2024-09-27,9490,9530,9440,9490,39411,-0.002103049421661396
2024-09-30,9510,9520,9430,9440,36384,-0.005268703898840932
2024-10-02,9400,9500,9270,9310,63714,-0.013771186440677985
2024-10-04,9340,9350,9300,9340,12768,0.0032223415682062218
2024-10-07,9360,9370,9320,9360,12561,0.0021413276231263545
2024-10-08,9390,9390,9300,9350,14639,-0.0010683760683760646
2024-10-10,9360,9480,9330,9380,23033,0.0032085561497325887
2024-10-11,9470,9540,9420,9490,30015,0.011727078891258014
2024-10-14,9580,10350,9530,9950,1006108,0.04847207586933622
2024-10-15,10150,10240,9580,9580,387404,-0.03718592964824119
2024-10-16,9590,9670,9500,9580,67379,0.0
2024-10-17,9540,9580,9440,9470,83496,-0.011482254697286032
2024-10-18,9470,9470,9400,9430,51068,-0.004223864836325197
2024-10-21,9430,9490,9400,9420,26585,-0.0010604453870625141
2024-10-22,9440,9450,9350,9360,46255,-0.006369426751592355
2024-10-23,9380,9430,9320,9400,31182,0.004273504273504258
2024-10-24,9390,9420,9370,9380,19996,-0.0021276595744680327
2024-10-25,9370,9430,9320,9350,29882,-0.0031982942430703876
2024-10-28,9400,9420,9320,9410,24115,0.0064171122994651775
2024-10-29,9410,9470,9350,9380,18500,-0.0031880977683315104
2024-10-30,9350,9410,9340,9390,19642,0.0010660980810235365
2024-10-31,9350,9430,9350,9370,37913,-0.0021299254526091493
2024-11-01,9200,9210,9130,9170,81706,-0.021344717182497308
2024-11-04,9160,9260,9160,9240,37971,0.007633587786259444
2024-11-05,9210,9270,9210,9210,18533,-0.0032467532467532756
2024-11-06,9200,9240,9160,9180,19707,-0.0032573289902280145
2024-11-07,9170,9250,9120,9240,17077,0.006535947712418277
2024-11-08,9230,9280,9190,9230,21381,-0.0010822510822511289
2024-11-11,9230,9250,9160,9220,27572,-0.0010834236186348933
2024-11-12,9160,9190,9060,9060,58591,-0.017353579175705014
2024-11-13,9080,9150,8930,8930,63384,-0.014348785871964642
2024-11-14,8920,9020,8870,8890,48053,-0.004479283314669624
2024-11-15,8900,8930,8810,8920,34309,0.003374578177727683
2024-11-18,8910,8990,8880,8880,25994,-0.004484304932735439
2024-11-19,8880,8920,8840,8910,22083,0.0033783783783782884
2024-11-20,8920,8930,8890,8900,12724,-0.001122334455667784
2024-11-21,8900,8930,8870,8870,22059,-0.003370786516853963
2024-11-22,8840,8980,8840,8950,22225,0.00901916572717032
2024-11-25,8950,9000,8930,9000,20283,0.005586592178770999
2024-11-26,9020,9040,8960,9020,15083,0.0022222222222221255
2024-11-27,9050,9060,9000,9010,17216,-0.0011086474501108556
2024-11-28,9050,9100,8760,9040,17756,0.0033296337402886067
2024-11-29,9100,9100,8930,8970,16464,-0.007743362831858391
2024-12-02,8980,9050,8820,8860,35319,-0.012263099219620988
2024-12-03,8820,8910,8820,8870,33340,0.0011286681715576563
2024-12-04,8780,8850,8750,8750,45873,-0.013528748590755368
2024-12-05,8760,8790,8740,8760,11411,0.0011428571428571122
2024-12-06,8770,8930,8640,8820,43522,0.006849315068493178
2024-12-09,8640,8810,8510,8550,55473,-0.030612244897959218
2024-12-10,8520,8690,8510,8560,66456,0.0011695906432749315
2024-12-11,8560,8760,8560,8750,27074,0.02219626168224309
2024-12-12,8760,8840,8720,8770,23691,0.0022857142857142243
2024-12-13,8740,8940,8740,8840,36601,0.007981755986316896
2024-12-16,8920,8920,8840,8890,18673,0.005656108597285048
2024-12-17,8910,8930,8850,8870,26777,-0.0022497187851518996
2024-12-18,8870,8920,8850,8920,31176,0.005636978579481422
2024-12-19,8840,8940,8830,8870,21406,-0.005605381165919243
2024-12-20,8830,8930,8650,8670,33425,-0.022547914317925577
2024-12-23,8780,8810,8630,8800,21226,0.014994232987312506
2024-12-24,8820,8820,8720,8780,36884,-0.002272727272727315
2024-12-26,8800,8930,8790,8890,64778,0.01252847380410027
2024-12-27,8880,8880,8600,8680,30235,-0.023622047244094446
2024-12-30,8680,8680,8600,8610,17815,-0.008064516129032251
2025-01-02,8590,8680,8590,8620,14053,0.0011614401858304202
2025-01-03,8600,8710,8590,8670,52693,0.0058004640371229765
2025-01-06,8740,8740,8650,8720,12241,0.005767012687427853
2025-01-07,8750,8810,8700,8730,26443,0.0011467889908256534
2025-01-08,8770,8770,8630,8730,26318,0.0
2025-01-09,8760,8790,8680,8690,24816,-0.004581901489117968
2025-01-10,8690,8760,8610,8660,61049,-0.0034522439585730202
2025-01-13,8660,8740,8600,8640,33791,-0.002309468822170868
2025-01-14,8690,8710,8610,8700,21361,0.00694444444444442
2025-01-15,8730,8790,8690,8700,14812,0.0
2025-01-16,8760,8760,8660,8660,19946,-0.0045977011494252595
2025-01-17,8720,8720,8610,8690,26036,0.0034642032332563577
2025-01-20,8720,8720,8600,8670,24617,-0.0023014959723820505
2025-01-21,8700,8710,8580,8600,36954,-0.008073817762399127
2025-01-22,8660,8660,8560,8570,29407,-0.0034883720930232176
2025-01-23,8570,8740,8470,8530,57627,-0.004667444574095736
2025-01-24,8530,8610,8480,8600,25279,0.008206330597889888
2025-01-31,8600,8650,8450,8490,83306,-0.01279069767441865
2025-02-03,8450,8500,8370,8390,81589,-0.011778563015312105
2025-02-04,8390,8480,8380,8440,22539,0.005959475566150285
2025-02-05,8430,8500,8430,8440,30370,0.0
2025-02-06,8500,8560,8450,8550,19265,0.013033175355450233
2025-02-07,8560,8590,8450,8500,31706,-0.005847953216374324
2025-02-10,8460,8550,8450,8550,38839,0.00588235294117645
2025-02-11,8560,8570,8450,8460,65913,-0.010526315789473717
2025-02-12,8490,8500,8390,8460,85536,0.0
2025-02-13,8420,8500,8420,8500,55281,0.004728132387706863
2025-02-14,8500,8550,8460,8550,54182,0.00588235294117645
2025-02-17,8560,8750,8530,8710,86221,0.01871345029239757
2025-02-18,8710,8820,8660,8770,69886,0.006888633754305484
2025-02-19,8750,8870,8740,8800,107710,0.003420752565564511
2025-02-20,8800,8870,8730,8870,33753,0.007954545454545547
2025-02-21,8870,8900,8840,8870,28640,0.0
2025-02-24,8870,8910,8850,8860,47238,-0.0011273957158962622
2025-02-25,8860,8900,8830,8860,48167,0.0
2025-02-26,8900,8940,8850,8930,40712,0.007900677200902928
2025-02-27,8930,8940,8850,8930,36496,0.0
2025-02-28,8850,8870,8710,8770,58467,-0.017917133258678608
2025-03-04,8770,8770,8640,8690,73885,-0.009122006841505104
2025-03-05,8770,8890,8720,8850,84329,0.018411967779056404
2025-03-06,8970,8990,8890,8960,86077,0.012429378531073398
2025-03-07,8960,9020,8870,8970,40607,0.0011160714285713969
2025-03-10,9030,9050,8880,8970,62153,0.0
2025-03-11,8830,8930,8770,8910,53000,-0.006688963210702337
2025-03-12,8840,8890,8750,8800,78831,-0.012345679012345734
2025-03-13,8800,8820,8720,8760,81570,-0.004545454545454519
2025-03-14,8800,8800,8590,8630,96207,-0.014840182648401812
2025-03-17,8670,8720,8610,8650,54311,0.002317497103128563
2025-03-18,8650,8690,8620,8670,27389,0.0023121387283238093
2025-03-19,8670,8680,8610,8670,48135,0.0
2025-03-20,8700,8700,8620,8660,46260,-0.0011534025374856371
2025-03-21,8660,8690,8590,8610,64211,-0.005773672055427226
2025-03-24,8630,8650,8570,8570,41810,-0.004645760743321681
2025-03-25,8640,8640,8430,8490,132952,-0.009334889148191361
2025-03-26,8550,8550,8460,8540,32087,0.005889281507656108
2025-03-27,8540,8540,8430,8430,58302,-0.012880562060889944
2025-03-28,8340,8340,8210,8260,96464,-0.02016607354685651
2025-03-31,8260,8260,8040,8110,68807,-0.018159806295399483
2025-04-01,8140,8150,8010,8070,98893,-0.004932182490752113
2025-04-02,8090,8110,8000,8030,57479,-0.00495662949194553
2025-04-03,7980,7980,7880,7940,75874,-0.011207970112079746
2025-04-04,7890,8380,7830,8290,155440,0.044080604534004975
2025-04-07,8230,8230,7970,8000,69792,-0.0349819059107358
2025-04-08,8140,8140,7950,8030,62094,0.00374999999999992
2025-04-09,7940,7990,7720,7760,109230,-0.03362391033623913
2025-04-10,7950,8050,7860,8000,75736,0.030927835051546282
2025-04-11,7990,8060,7850,7980,46633,-0.0024999999999999467
2025-04-14,8040,8220,7980,8170,36047,0.023809523809523725
2025-04-15,8200,8230,8100,8230,42580,0.007343941248469932
2025-04-16,8240,8240,8070,8070,30734,-0.019441069258809285
2025-04-17,8140,8200,8090,8160,21559,0.011152416356877248
2025-04-18,8190,8260,8160,8230,29321,0.008578431372548989
2025-04-21,8230,8310,8200,8310,32893,0.009720534629404698
2025-04-22,8310,8440,8250,8280,56673,-0.0036101083032491488
2025-04-23,8300,8390,8240,8370,59024,0.010869565217391353
2025-04-24,8370,8420,8320,8420,30831,0.005973715651135025
2025-04-25,8430,8450,8390,8420,29262,0.0
2025-04-28,8430,8470,8350,8400,35818,-0.002375296912114022
2025-04-29,8420,8420,8300,8390,45397,-0.0011904761904761862
2025-04-30,8390,8420,8320,8370,44712,-0.0023837902264600697
2025-05-02,8400,8410,8300,8390,33306,0.002389486260454099
2025-05-07,8390,8390,8270,8310,44900,-0.009535160905840279
2025-05-08,8300,8370,8300,8370,30412,0.0072202166064982976
2025-05-09,8370,8410,8330,8380,27285,0.0011947431302270495
2025-05-12,8400,8590,8390,8570,83664,0.022673031026253065
2025-05-13,8570,8600,8520,8590,53825,0.002333722287047868
2025-05-14,8600,8630,8510,8590,30828,0.0
2025-05-15,8590,8590,8410,8440,39726,-0.0174621653084982
2025-05-16,8440,8480,8310,8350,55362,-0.010663507109004766
2025-05-19,8340,8370,8230,8280,43774,-0.008383233532934131
2025-05-20,8300,8370,8260,8270,33669,-0.0012077294685990392
2025-05-21,8280,8340,8260,8330,45862,0.007255139056831839
2025-05-22,8310,8380,8260,8350,35689,0.0024009603841537164
2025-05-23,8350,8420,8310,8360,38746,0.0011976047904191933
2025-05-26,8360,8450,8350,8450,27125,0.010765550239234534
2025-05-27,8450,8480,8400,8480,24671,0.0035502958579882726
2025-05-28,8490,8600,8450,8560,62113,0.009433962264151052
2025-05-29,8560,8640,8530,8640,47983,0.009345794392523255
2025-05-30,8640,8670,8570,8650,31758,0.0011574074074074403
2025-06-02,8650,8650,8480,8560,48146,-0.010404624277456698
2025-06-04,8560,8700,8520,8690,85238,0.015186915887850372
2025-06-05,8720,8770,8650,8740,91373,0.005753739930955071
2025-06-09,8760,8920,8760,8860,84960,0.013729977116704761
2025-06-10,8870,8920,8790,8880,110767,0.0022573363431150906
2025-06-11,8880,8940,8810,8900,47027,0.0022522522522523403
2025-06-12,8900,8970,8810,8900,122933,0.0
2025-06-13,8900,8900,8510,8650,209543,-0.028089887640449396
2025-06-16,8650,8690,8540,8690,37291,0.0046242774566473965
2025-06-17,8710,8740,8600,8690,64524,0.0
2025-06-18,8630,8740,8630,8700,26889,0.0011507479861909697
2025-06-19,8690,8720,8620,8670,33908,-0.0034482758620689724
2025-06-20,8670,8710,8630,8690,39501,0.0023068050749712743
2025-06-23,8690,8690,8560,8600,42712,-0.010356731875719172
2025-06-24,8610,8820,8610,8810,80839,0.024418604651162745
2025-06-25,8830,8870,8760,8860,60035,0.00567536889897835
2025-06-26,8800,8860,8600,8670,89395,-0.021444695259593693
2025-06-27,8690,8800,8650,8730,47946,0.006920415224913601
2025-06-30,8730,8780,8680,8750,31068,0.002290950744558984
2025-07-01,8790,8930,8790,8880,98337,0.014857142857142902
2025-07-02,8880,8950,8770,8890,40503,0.0011261261261261701
2025-07-03,8830,9000,8830,8990,100633,0.011248593925759387
2025-07-04,9000,9050,8940,8960,66398,-0.0033370411568409697
2025-07-07,8990,9010,8910,8930,40248,-0.0033482142857143016
2025-07-08,8960,8970,8840,8890,78113,-0.004479283314669624
2025-07-09,8890,9060,8860,9060,90219,0.01912260967379087
2025-07-10,9080,9180,9050,9170,93286,0.012141280353200834
2025-07-11,9180,9220,9130,9150,64825,-0.0021810250817884125
2025-07-14,9140,9270,9130,9260,107259,0.012021857923497192
2025-07-15,9270,9280,9180,9220,84635,-0.004319654427645814
2025-07-16,9260,9260,9100,9130,87080,-0.009761388286334105
2025-07-17,9130,9150,9010,9090,75883,-0.004381161007667056
2025-07-18,9040,9100,8850,8940,93110,-0.01650165016501648
2025-07-21,8900,9050,8900,8990,74346,0.005592841163311046
2025-07-22,8990,9060,8850,8870,46131,-0.013348164627363768
2025-07-23,8930,8970,8800,8970,52588,0.011273957158962844
2025-07-24,8970,9040,8890,8920,37414,-0.005574136008918651
2025-07-25,8880,8920,8780,8800,58334,-0.013452914798206317
2025-07-28,8840,8850,8620,8630,58103,-0.01931818181818179
2025-07-29,8620,8680,8500,8610,61107,-0.002317497103128674
2025-07-30,8580,8700,8570,8610,62649,0.0
2025-07-31,8600,8630,8510,8550,51285,-0.006968641114982632
2025-08-01,8500,8670,8310,8380,135883,-0.019883040935672502
2025-08-04,8400,8590,8350,8580,65735,0.023866348448687402
2025-08-05,8590,8750,8590,8740,50920,0.018648018648018683
2025-08-06,8730,8840,8700,8810,61541,0.008009153318077722
2025-08-07,8880,8880,8770,8810,24414,0.0
2025-08-08,8830,8830,8750,8770,22517,-0.004540295119182747
2025-08-11,8800,8800,8730,8760,33875,-0.0011402508551880963
2025-08-12,8800,8880,8780,8790,34524,0.003424657534246478
2025-08-13,8810,8870,8700,8740,102483,-0.005688282138794132
2025-08-14,8740,8790,8700,8710,41061,-0.003432494279176246
2025-08-18,8700,8720,8550,8580,47190,-0.014925373134328401
2025-08-19,8600,8600,8510,8530,33814,-0.005827505827505797
2025-08-20,8480,8500,8400,8490,63003,-0.004689331770222793
2025-08-21,8500,8570,8490,8510,24579,0.002355712603062443
2025-08-22,8510,8630,8490,8530,33869,0.00235017626321965
2025-08-25,8580,8620,8540,8540,23830,0.0011723329425556983
2025-08-26,8540,8610,8540,8590,15645,0.005854800936768045
2025-08-27,8590,8610,8550,8600,31849,0.0011641443538998875
2025-08-28,8580,8660,8550,8660,21809,0.006976744186046435
2025-08-29,8660,8670,8550,8570,30427,-0.010392609699769073
2025-09-01,8560,8640,8470,8540,41979,-0.003500583430571802
2025-09-02,8510,8560,8510,8540,10391,0.0
2025-09-03,8570,8610,8430,8580,20124,0.004683840749414525
2025-09-04,8620,8660,8580,8630,21368,0.005827505827505908
2025-09-05,8630,8660,8590,8630,18103,0.0
2025-09-08,8640,8640,8600,8630,21551,0.0
2025-09-09,8630,8670,8620,8630,30134,0.0
2025-09-10,8630,8690,8630,8680,28989,0.005793742757821629
2025-09-11,8670,8700,8660,8670,18888,-0.0011520737327188613
2025-09-12,8670,8700,8660,8670,30536,0.0
2025-09-15,8670,8700,8650,8670,40423,0.0
2025-09-16,8670,8700,8620,8640,51542,-0.0034602076124568004
2025-09-17,8650,8650,8590,8630,59209,-0.0011574074074074403
2025-09-18,8630,8660,8600,8650,29916,0.002317497103128563
2025-09-19,8650,8680,8640,8670,36779,0.0023121387283238093
2025-09-22,8670,8730,8630,8670,43821,0.0
2025-09-23,8650,8720,8600,8620,57434,-0.005767012687427964
2025-09-24,8640,8640,8490,8510,75787,-0.012761020881670526
2025-09-25,8540,9390,8470,8690,416792,0.021151586368977737
2025-09-26,8690,8750,8660,8710,95318,0.0023014959723819395
2025-09-29,8510,8610,8500,8540,83599,-0.019517795637198576
2025-09-30,8540,8550,8480,8490,33941,-0.005854800936768156
2025-10-01,8490,8550,8480,8490,33257,0.0
2025-10-02,8490,8530,8420,8470,70541,-0.002355712603062443
2025-10-10,8470,8470,8320,8360,67386,-0.012987012987012991
2025-10-13,8310,8330,8250,8290,60159,-0.00837320574162681
2025-10-14,8290,8320,8250,8280,41804,-0.0012062726176115257
2025-10-15,8290,8340,8280,8340,21551,0.007246376811594235
2025-10-16,8350,8450,8320,8410,50506,0.008393285371702586
2025-10-17,8430,8450,8330,8360,83324,-0.005945303210463715
2025-10-20,8360,8390,8290,8350,23738,-0.0011961722488038617
2025-10-21,8350,8380,8300,8340,26590,-0.0011976047904191933
2025-10-22,8340,8370,8260,8370,35815,0.003597122302158251
2025-10-23,8370,8460,8310,8390,45833,0.002389486260454099
2025-10-24,8380,8420,8360,8390,32749,0.0
2025-10-27,8390,8470,8380,8410,59940,0.0023837902264600697
2025-10-28,8400,8460,8370,8450,56817,0.0047562425683709275
2025-10-29,8450,8530,8430,8500,53282,0.00591715976331364
2025-10-30,8480,8520,8230,8230,98005,-0.03176470588235292
2025-10-31,8220,8260,8080,8130,192853,-0.012150668286755817
2025-11-03,8150,8150,8000,8010,93371,-0.014760147601476037
2025-11-04,8010,8060,7910,8000,72845,-0.0012484394506866447
2025-11-05,8000,8010,7850,7990,111373,-0.0012499999999999734
2025-11-06,8030,8130,7990,8090,38983,0.01251564455569465
2025-11-07,8070,8120,7970,8030,44990,-0.007416563658838027
2025-11-10,8040,8210,8040,8180,87263,0.018679950186799577
2025-11-11,8180,8280,8060,8130,86645,-0.006112469437652757
2025-11-12,8120,8340,8120,8290,103062,0.019680196801967975
2025-11-13,8290,8400,8290,8380,41810,0.010856453558504287
2025-11-14,8360,8530,8310,8440,83204,0.007159904534606243
2025-11-17,8400,8470,8360,8440,33156,0.0
2025-11-18,8430,8440,8240,8250,44323,-0.02251184834123221
2025-11-19,8300,8380,8200,8350,35074,0.0121212121212122
2025-11-20,8370,8500,8330,8420,46427,0.008383233532934131
2025-11-21,8400,8470,8350,8440,29325,0.002375296912114022
2025-11-24,8410,8510,8410,8430,22498,-0.0011848341232227888
2025-11-25,8440,8450,8270,8310,29234,-0.014234875444839812
2025-11-26,8340,8390,8290,8370,23443,0.0072202166064982976
2025-11-27,8370,8400,8350,8380,15038,0.0011947431302270495
2025-11-28,8400,8430,8340,8430,16750,0.005966587112171906
2025-12-01,8450,8490,8410,8430,15793,0.0
2025-12-02,8430,8470,8420,8460,26538,0.003558718861210064
2025-12-03,8480,8500,8440,8490,30674,0.0035460992907800915
2025-12-04,8490,8490,8440,8480,15642,-0.0011778563015312216
2025-12-05,8430,8490,8420,8480,15956,0.0
2025-12-08,8480,8490,8340,8410,54947,-0.008254716981132115
2025-12-09,8400,8400,8330,8390,15620,-0.0023781212841854638
2025-12-10,8390,8390,8310,8370,17736,-0.0023837902264600697
2025-12-11,8390,8450,8330,8430,39026,0.007168458781362075
2025-12-12,8450,8500,8420,8490,29523,0.007117437722419906
2025-12-15,8480,8570,8430,8460,51895,-0.0035335689045936647
2025-12-16,8480,8480,8410,8480,32896,0.0023640661938533203
2025-12-17,8490,8500,8460,8500,16048,0.002358490566037652
2025-12-18,8500,8510,8430,8490,23806,-0.0011764705882353343
2025-12-19,8450,8550,8450,8520,28840,0.0035335689045936647
2025-12-22,8550,8550,8470,8520,22615,0.0
2025-12-23,8520,8540,8460,8470,24989,-0.005868544600938996
2025-12-24,8450,8490,8450,8470,18933,0.0
2025-12-26,8530,8530,8430,8440,27273,-0.0035419126328217754
2025-12-29,8390,8400,8300,8310,40115,-0.0154028436018957
2025-12-30,8310,8360,8290,8310,15146,0.0
2026-01-02,8280,8300,8160,8200,77325,-0.013237063778580027
2026-01-05,8170,8200,8090,8090,101339,-0.013414634146341475
2026-01-06,8060,8130,8010,8030,81336,-0.007416563658838027
2026-01-07,8060,8060,7940,7970,71983,-0.007471980074719831
2026-01-08,7970,7990,7870,7900,95123,-0.008782936010037656
2026-01-09,7910,8000,7860,7970,26392,0.008860759493670933
2026-01-12,7970,8000,7930,7970,28910,0.0
2026-01-13,7970,8000,7950,8000,31287,0.0037641154328733606
2026-01-14,8000,8050,7960,8050,36004,0.006250000000000089
2026-01-15,8050,8080,8000,8050,30766,0.0
2026-01-16,8040,8050,7990,8030,44041,-0.00248447204968949
2026-01-19,8030,8050,7970,8010,38202,-0.00249066002490661
2026-01-20,8010,8050,7960,8050,36704,0.004993757802746579
2026-01-21,8050,8050,7950,7980,63197,-0.008695652173912993
2026-01-22,8000,8050,7990,8050,43133,0.00877192982456143
2026-01-23,8050,8300,8040,8240,110281,0.023602484472049712
2026-01-26,8250,8380,8220,8310,68035,0.008495145631068013
2026-01-27,8340,8380,8270,8380,72708,0.008423586040914532
2026-01-28,8380,8460,8300,8370,82414,-0.0011933174224343368
2026-01-29,8370,8400,8260,8400,66932,0.0035842293906809264
