Date,Open,High,Low,Close,Volume,Change
2022-01-03,2675,2705,2655,2665,79789,0.011385199240986799
2022-01-04,2690,2690,2645,2660,79527,-0.0018761726078799779
2022-01-05,2670,2670,2640,2650,60053,-0.003759398496240629
2022-01-06,2650,2650,2590,2595,54690,-0.02075471698113207
2022-01-07,2590,2635,2575,2615,58572,0.007707129094412402
2022-01-10,2605,2620,2600,2605,23609,-0.003824091778202643
2022-01-11,2620,2620,2530,2570,107083,-0.013435700575815779
2022-01-12,2600,2680,2600,2650,143626,0.03112840466926059
2022-01-13,2670,2770,2660,2735,206949,0.03207547169811331
2022-01-14,2710,2740,2625,2645,168451,-0.03290676416819016
2022-01-17,2665,2705,2600,2640,95379,-0.001890359168241984
2022-01-18,2650,2675,2600,2665,245922,0.009469696969697017
2022-01-19,2660,2720,2640,2720,237513,0.02063789868667909
2022-01-20,2740,2790,2710,2775,203463,0.020220588235294157
2022-01-21,2790,2795,2725,2765,85033,-0.003603603603603567
2022-01-24,2740,2740,2655,2655,122508,-0.039783001808318286
2022-01-25,2655,2655,2590,2605,176766,-0.01883239171374762
2022-01-26,2585,2720,2585,2610,44894,0.0019193857965451588
2022-01-27,2600,2630,2595,2595,139102,-0.005747126436781658
2022-01-28,2570,2725,2570,2700,202312,0.040462427745664664
2022-02-03,2745,2780,2710,2725,144492,0.0092592592592593
2022-02-04,2730,2760,2715,2760,160003,0.012844036697247763
2022-02-07,2770,2855,2725,2825,206150,0.023550724637681153
2022-02-08,2825,2900,2800,2850,240687,0.008849557522123908
2022-02-09,2855,2870,2805,2810,78570,-0.01403508771929829
2022-02-10,2815,2990,2785,2860,1174330,0.017793594306049876
2022-02-11,2820,2880,2775,2790,167754,-0.02447552447552448
2022-02-14,2730,2950,2720,2865,712530,0.026881720430107503
2022-02-15,2865,2925,2775,2780,204820,-0.029668411867364797
2022-02-16,2840,2950,2830,2950,325478,0.06115107913669071
2022-02-17,2935,2975,2805,2855,343563,-0.03220338983050852
2022-02-18,2810,2910,2810,2895,272397,0.014010507880910739
2022-02-21,2890,3100,2860,3025,1345896,0.04490500863557867
2022-02-22,3020,3065,2900,3000,546227,-0.008264462809917328
2022-02-23,2990,3055,2975,3015,774054,0.004999999999999893
2022-02-24,3015,3055,2965,3025,788889,0.0033167495854062867
2022-02-25,3025,3080,3015,3015,1295520,-0.0033057851239669533
2022-02-28,2985,3030,2955,3000,282936,-0.00497512437810943
2022-03-02,2995,3035,2975,3020,247000,0.006666666666666599
2022-03-03,3065,3090,3020,3030,813505,0.0033112582781456013
2022-03-04,3030,3510,3020,3325,7753002,0.09735973597359737
2022-03-07,3325,3465,3310,3360,2382077,0.010526315789473717
2022-03-08,3365,3870,3325,3640,5518846,0.08333333333333326
2022-03-10,3640,3680,3510,3630,1253955,-0.0027472527472527375
2022-03-11,3635,3645,3515,3565,719838,-0.017906336088154284
2022-03-14,3560,3605,3455,3535,545441,-0.008415147265077194
2022-03-15,3495,3660,3495,3600,426573,0.018387553041018467
2022-03-16,3570,3720,3535,3680,561975,0.022222222222222143
2022-03-17,3660,4070,3610,3750,2445043,0.01902173913043481
2022-03-18,3755,3840,3725,3780,479947,0.008000000000000007
2022-03-21,3815,3815,3735,3780,296451,0.0
2022-03-22,3770,3905,3770,3795,433200,0.003968253968253954
2022-03-23,3845,3880,3775,3790,315269,-0.0013175230566534468
2022-03-24,3750,3830,3745,3770,200876,-0.00527704485488123
2022-03-25,3760,3890,3755,3770,206573,0.0
2022-03-28,3800,3835,3750,3815,361126,0.011936339522546469
2022-03-29,3830,3845,3670,3690,402382,-0.032765399737876844
2022-03-30,3685,3685,3605,3650,195762,-0.010840108401083959
2022-03-31,3650,3725,3595,3645,199392,-0.00136986301369868
2022-04-01,3645,3720,3585,3660,140212,0.004115226337448652
2022-04-04,3670,3750,3655,3740,220550,0.021857923497267784
2022-04-05,3765,3825,3730,3780,169677,0.010695187165775444
2022-04-06,3780,3880,3745,3765,585727,-0.003968253968253954
2022-04-07,3830,3850,3770,3800,750266,0.009296148738379806
2022-04-08,3805,3970,3800,3945,449290,0.03815789473684217
2022-04-11,3945,4045,3910,4015,1092079,0.017743979721166037
2022-04-12,4030,4140,3960,4000,390934,-0.0037359900373599153
2022-04-13,4045,4380,3985,4135,593081,0.03374999999999995
2022-04-14,4155,4155,3985,4010,519061,-0.030229746070132957
2022-04-15,4000,4205,4000,4175,504346,0.041147132169575995
2022-04-18,4170,4180,4070,4170,228202,-0.0011976047904191933
2022-04-19,4130,4165,4075,4155,181965,-0.003597122302158251
2022-04-20,4140,4210,4055,4115,376259,-0.009626955475330878
2022-04-21,4110,4125,4050,4065,164188,-0.012150668286755817
2022-04-22,4080,4130,4045,4115,167488,0.012300123001230068
2022-04-25,4045,4080,3925,3975,360793,-0.03402187120291611
2022-04-26,3975,4050,3925,4000,210365,0.0062893081761006275
2022-04-27,3875,4020,3825,3880,248274,-0.030000000000000027
2022-04-28,3910,3970,3770,3935,234719,0.014175257731958713
2022-04-29,3990,3995,3870,3935,87729,0.0
2022-05-02,3950,3985,3900,3925,66788,-0.0025412960609910717
2022-05-03,3950,3965,3825,3945,135591,0.005095541401273884
2022-05-04,3965,3965,3875,3920,83987,-0.006337135614702172
2022-05-06,3880,3945,3850,3900,107832,-0.005102040816326481
2022-05-09,3900,3900,3670,3685,271294,-0.055128205128205154
2022-05-10,3685,3890,3500,3630,659165,-0.014925373134328401
2022-05-11,3575,3685,3495,3515,193777,-0.031680440771349905
2022-05-12,3490,3540,3325,3370,206028,-0.04125177809388336
2022-05-13,3450,3450,3385,3435,73782,0.01928783382789323
2022-05-16,3440,3495,3435,3490,49850,0.01601164483260553
2022-05-17,3435,3505,3400,3490,53264,0.0
2022-05-18,3490,3550,3450,3520,87827,0.008595988538681931
2022-05-19,3460,3485,3420,3465,77459,-0.015625
2022-05-20,3440,3585,3440,3555,79886,0.025974025974025983
2022-05-23,3555,3635,3500,3615,66687,0.016877637130801704
2022-05-24,3620,3620,3525,3540,89554,-0.020746887966805017
2022-05-25,3615,3615,3400,3540,105111,0.0
2022-05-26,3630,3630,3480,3540,28593,0.0
2022-05-27,3585,3615,3510,3560,30256,0.005649717514124353
2022-05-30,3620,3620,3500,3560,83013,0.0
2022-05-31,3580,3610,3520,3600,65471,0.011235955056179803
2022-06-02,3630,3990,3600,3840,1170787,0.06666666666666665
2022-06-03,3880,4005,3850,3930,232461,0.0234375
2022-06-07,3940,4050,3885,3970,138496,0.010178117048346147
2022-06-08,3970,3970,3840,3880,78722,-0.02267002518891692
2022-06-09,3885,3910,3805,3850,55198,-0.0077319587628865705
2022-06-10,3850,3850,3680,3690,112816,-0.04155844155844157
2022-06-13,3635,3805,3465,3480,202357,-0.05691056910569103
2022-06-14,3460,3460,3260,3380,218027,-0.028735632183908066
2022-06-15,3370,3430,3190,3205,193020,-0.05177514792899407
2022-06-16,3215,3300,3125,3185,182869,-0.006240249609984372
2022-06-17,3100,3190,2990,3185,153686,0.0
2022-06-20,3130,3180,2900,2990,198244,-0.061224489795918324
2022-06-21,2990,3085,2820,3075,138627,0.028428093645485042
2022-06-22,3075,3090,2655,2830,280649,-0.07967479674796751
2022-06-23,2710,2840,2675,2735,155415,-0.03356890459363959
2022-06-24,2790,2870,2680,2810,133574,0.027422303473491727
2022-06-27,2840,2945,2835,2870,99669,0.021352313167259718
2022-06-28,2870,2965,2850,2920,49124,0.017421602787456525
2022-06-29,2850,2935,2850,2900,35700,-0.006849315068493178
2022-06-30,2880,2980,2855,2980,77034,0.02758620689655178
2022-07-01,2980,3000,2895,3000,54974,0.006711409395973256
2022-07-04,3020,3025,2840,2945,53219,-0.018333333333333313
2022-07-05,2990,2990,2890,2965,57642,0.00679117147707986
2022-07-06,2920,2920,2800,2840,90708,-0.042158516020236125
2022-07-07,2820,2875,2810,2865,26677,0.008802816901408494
2022-07-08,2830,2940,2830,2925,34699,0.020942408376963373
2022-07-11,2975,2975,2860,2885,23707,-0.013675213675213627
2022-07-12,2830,2885,2750,2825,86087,-0.020797227036395194
2022-07-13,2825,2900,2750,2900,34466,0.026548672566371723
2022-07-14,2900,2900,2820,2900,30286,0.0
2022-07-15,2875,3460,2850,2955,2468269,0.018965517241379404
2022-07-18,2980,3025,2940,2960,249269,0.0016920473773265332
2022-07-19,2980,3240,2915,3125,592001,0.0557432432432432
2022-07-20,3135,3190,3095,3190,174079,0.02079999999999993
2022-07-21,3190,3255,3140,3235,87833,0.014106583072100332
2022-07-22,3235,3350,3160,3300,113515,0.020092735703245657
2022-07-25,3350,3375,3260,3375,55749,0.022727272727272707
2022-07-26,3375,3450,3340,3425,114309,0.014814814814814836
2022-07-27,3460,3500,3340,3455,191584,0.008759124087591275
2022-07-28,3445,3510,3440,3470,102198,0.004341534008682979
2022-07-29,3475,3515,3435,3460,90468,-0.0028818443804035088
2022-08-01,3460,3500,3430,3450,25950,-0.0028901734104046506
2022-08-02,3495,3680,3415,3455,323385,0.0014492753623187582
2022-08-03,3465,3560,3440,3540,74453,0.02460202604920414
2022-08-04,3555,3650,3510,3560,64686,0.005649717514124353
2022-08-05,3560,3635,3530,3595,55894,0.00983146067415741
2022-08-08,3595,3620,3555,3595,26011,0.0
2022-08-09,3615,3645,3535,3590,112056,-0.0013908205841446364
2022-08-10,3630,3665,3525,3655,237687,0.01810584958217265
2022-08-11,3695,3930,3655,3875,741800,0.06019151846785231
2022-08-12,3875,4030,3825,4010,687300,0.03483870967741942
2022-08-16,4030,4150,4030,4055,1025619,0.01122194513715713
2022-08-17,4055,4180,4040,4170,376411,0.02836004932182501
2022-08-18,4170,4240,4070,4130,201453,-0.00959232613908878
2022-08-19,4130,4195,4100,4135,87462,0.001210653753026536
2022-08-22,4110,4165,4010,4125,128139,-0.00241837968561065
2022-08-23,4145,4160,4055,4145,114916,0.00484848484848488
2022-08-24,4180,4260,4120,4240,325363,0.022919179734619988
2022-08-25,4225,4465,4225,4420,364409,0.04245283018867929
2022-08-26,4400,4600,4370,4560,698925,0.03167420814479649
2022-08-29,4500,4650,4400,4635,236549,0.016447368421052655
2022-08-30,4650,4900,4640,4850,365341,0.04638619201725991
2022-08-31,4850,4865,4715,4750,205296,-0.020618556701030966
2022-09-01,4710,4785,4565,4700,201285,-0.010526315789473717
2022-09-02,4700,4700,4380,4490,465960,-0.044680851063829796
2022-09-05,4490,4640,4480,4610,284931,0.026726057906458767
2022-09-06,4610,5060,4370,4510,3694918,-0.021691973969631184
2022-09-07,4510,4685,4470,4630,635335,0.026607538802660757
2022-09-08,4665,4830,4645,4815,395112,0.03995680345572361
2022-09-13,4835,4950,4740,4770,243238,-0.009345794392523366
2022-09-14,4675,4860,4630,4815,169732,0.009433962264151052
2022-09-15,4820,4935,4790,4795,138891,-0.004153686396677014
2022-09-16,4835,4850,4735,4795,188136,0.0
2022-09-19,4845,4885,4785,4810,155530,0.0031282586027112647
2022-09-20,4810,4990,4810,4900,297264,0.018711018711018657
2022-09-21,4935,5050,4800,4910,372871,0.0020408163265306367
2022-09-22,4910,4995,4875,4995,106144,0.01731160896130346
2022-09-23,5000,5090,4935,5000,148312,0.0010010010010010895
2022-09-26,5040,5040,4705,4810,376499,-0.038000000000000034
2022-09-27,4815,4865,4720,4795,208396,-0.0031185031185031464
2022-09-28,4795,4845,4565,4600,604749,-0.040667361835245
2022-09-29,4605,4780,4470,4615,240647,0.003260869565217428
2022-09-30,4550,4665,4390,4540,372401,-0.01625135427952329
2022-10-04,4540,4890,4405,4890,203897,0.0770925110132159
2022-10-05,4910,4970,4750,4860,213705,-0.006134969325153339
2022-10-06,4860,4940,4800,4940,249531,0.016460905349794164
2022-10-07,4895,5120,4895,5030,390672,0.018218623481781382
2022-10-11,5030,5170,4900,5140,195210,0.021868787276341894
2022-10-12,5250,5650,5110,5280,1210372,0.027237354085603016
2022-10-13,5360,5450,5230,5430,212394,0.02840909090909083
2022-10-14,5500,5850,5450,5780,717634,0.0644567219152854
2022-10-17,5810,6500,5800,6470,1477847,0.11937716262975773
2022-10-18,6500,6530,6270,6390,555312,-0.012364760432766575
2022-10-19,6390,6490,6350,6420,199258,0.0046948356807512415
2022-10-20,6350,6500,6350,6480,218386,0.009345794392523255
2022-10-21,6430,6780,6410,6690,865265,0.03240740740740744
2022-10-24,6760,6980,6670,6690,479723,0.0
2022-10-25,6740,6880,6680,6800,208556,0.01644245142002987
2022-10-26,6840,6900,6290,6700,318262,-0.014705882352941124
2022-10-27,6700,6880,6640,6780,188994,0.011940298507462588
2022-10-28,6800,6960,6750,6800,229670,0.002949852507374562
2022-10-31,6890,7110,6690,7050,300003,0.03676470588235303
2022-11-01,7140,7500,7040,7440,400781,0.05531914893617018
2022-11-02,7420,7550,7280,7440,413434,0.0
2022-11-03,7400,7510,7260,7440,361996,0.0
2022-11-04,7400,7690,7400,7600,334542,0.021505376344086002
2022-11-07,7640,7640,7020,7340,454882,-0.03421052631578947
2022-11-08,7340,7350,7140,7250,330008,-0.012261580381471404
2022-11-09,7240,7380,7120,7290,170590,0.0055172413793103114
2022-11-10,7270,7440,7200,7290,130533,0.0
2022-11-11,7380,7660,7230,7640,647192,0.0480109739368999
2022-11-14,7700,7910,7700,7880,347315,0.03141361256544495
2022-11-15,7990,8000,7440,7510,925793,-0.04695431472081213
2022-11-16,7550,7930,7530,7860,431232,0.046604527296937315
2022-11-17,7860,7930,7600,7750,191236,-0.013994910941475869
2022-11-18,7660,7830,7660,7750,101454,0.0
2022-11-21,7680,7850,7560,7750,290202,0.0
2022-11-22,7780,7960,7720,7850,289841,0.012903225806451646
2022-11-23,7870,7940,7810,7860,112488,0.001273885350318471
2022-11-24,7860,8300,7800,8260,424168,0.05089058524173029
2022-11-25,8370,8570,8230,8400,240048,0.016949152542372836
2022-11-28,8400,8480,8020,8140,327283,-0.030952380952380953
2022-11-29,8200,8200,7880,8090,166726,-0.00614250614250611
2022-11-30,8010,8130,7960,7960,263848,-0.01606922126081578
2022-12-01,7980,8150,7940,7960,113292,0.0
2022-12-02,7960,8020,7840,7920,193919,-0.005025125628140725
2022-12-05,8000,8240,7890,8000,319399,0.010101010101010166
2022-12-06,7910,8090,7910,7950,202275,-0.006249999999999978
2022-12-07,7870,8050,7860,7980,216094,0.0037735849056603765
2022-12-08,7980,8000,7600,7950,762957,-0.003759398496240629
2022-12-09,7900,8240,7870,8160,233713,0.026415094339622636
2022-12-12,8200,8350,8070,8170,298595,0.001225490196078427
2022-12-13,8230,8230,8040,8090,120421,-0.009791921664626724
2022-12-14,8090,8130,7900,7990,287035,-0.012360939431396822
2022-12-15,7920,8000,7730,7730,136133,-0.03254067584480602
2022-12-16,7690,7750,5420,5420,5357663,-0.2988357050452781
2022-12-19,5500,5880,5280,5310,2509637,-0.020295202952029467
2022-12-20,5310,5360,4635,4900,3025579,-0.07721280602636538
2022-12-21,4950,5160,4730,5110,1369105,0.04285714285714293
2022-12-22,5090,5300,4930,4945,727861,-0.03228962818003911
2022-12-23,4895,4915,4485,4590,855464,-0.07178968655207285
2022-12-26,4570,4910,4480,4830,663120,0.05228758169934644
2022-12-27,4830,4930,4600,4800,593613,-0.006211180124223614
2022-12-28,4810,5080,4730,5070,428047,0.05624999999999991
2022-12-29,5070,5080,4780,4780,375471,-0.05719921104536485
2023-01-02,4705,5000,4665,4700,160497,-0.01673640167364021
2023-01-03,4670,4745,4325,4665,506564,-0.007446808510638281
2023-01-04,4630,4945,4595,4925,383049,0.055734190782422255
2023-01-05,4930,5070,4855,5000,192220,0.015228426395939021
2023-01-06,4995,5220,4900,5160,345410,0.03200000000000003
2023-01-09,5160,5280,5120,5180,180283,0.003875968992248069
2023-01-10,5200,5750,5140,5600,1156661,0.08108108108108114
2023-01-11,5620,5770,5550,5600,305636,0.0
2023-01-12,5700,5890,5600,5800,606932,0.03571428571428581
2023-01-13,5800,5900,5740,5830,221237,0.005172413793103514
2023-01-16,5820,5920,5760,5850,198111,0.0034305317324185847
2023-01-17,5850,5860,5570,5630,285773,-0.037606837606837584
2023-01-18,5630,5700,5460,5600,265291,-0.005328596802841923
2023-01-19,5550,5640,5510,5610,205522,0.0017857142857142794
2023-01-20,5610,5780,5610,5760,83224,0.02673796791443861
2023-01-25,5760,5890,5690,5740,132025,-0.00347222222222221
2023-01-26,5740,5840,5520,5540,155929,-0.03484320557491294
2023-01-27,5610,5720,5540,5630,112565,0.016245487364620947
2023-01-30,5640,5690,5410,5520,123679,-0.019538188277087087
2023-01-31,5510,5650,5460,5580,60919,0.010869565217391353
2023-02-01,5610,5680,5530,5620,101132,0.007168458781362075
2023-02-02,5670,5670,5490,5500,148905,-0.02135231316725983
2023-02-03,5550,5750,5510,5670,184581,0.030909090909090997
2023-02-06,5670,5920,5570,5900,274892,0.040564373897707284
2023-02-07,5850,5970,5770,5830,162887,-0.011864406779661052
2023-02-08,5800,5920,5780,5890,82000,0.010291595197255532
2023-02-09,5890,6000,5840,5940,186979,0.008488964346349714
2023-02-10,6000,6060,5850,5930,298814,-0.0016835016835017313
2023-02-13,5920,5920,5660,5760,191711,-0.028667790893760592
2023-02-14,5760,5880,5730,5770,72620,0.0017361111111111605
2023-02-15,5770,5850,5540,5640,135753,-0.022530329289428108
2023-02-16,5660,5810,5650,5770,104201,0.023049645390070816
2023-02-17,5770,6300,5680,6160,442938,0.06759098786828432
2023-02-20,6190,6510,6130,6370,370744,0.03409090909090917
2023-02-21,6390,6720,6300,6460,437511,0.014128728414442682
2023-02-22,6370,6650,6370,6500,123690,0.006191950464396356
2023-02-23,6480,6730,6400,6510,191846,0.0015384615384614886
2023-02-24,6490,6750,6450,6660,202392,0.02304147465437789
2023-02-27,6660,6700,6430,6480,155895,-0.027027027027026973
2023-02-28,6570,6600,6410,6550,58795,0.010802469135802406
2023-03-02,6550,6600,6420,6520,113644,-0.004580152671755711
2023-03-03,6530,6680,6470,6610,177192,0.013803680981595123
2023-03-06,6610,7110,6550,6980,1040140,0.05597579425113475
2023-03-07,6990,7210,6960,7180,301630,0.02865329512893977
2023-03-08,7150,7320,7050,7180,239212,0.0
2023-03-09,7180,7350,7010,7240,164786,0.008356545961002881
2023-03-10,7170,7330,7150,7280,159281,0.005524861878453136
2023-03-13,7250,7250,7010,7160,214937,-0.016483516483516536
2023-03-14,7160,7250,6970,7000,341671,-0.022346368715083775
2023-03-15,7010,7140,6950,7080,236181,0.011428571428571344
2023-03-16,7120,7120,6950,7070,168997,-0.0014124293785310327
2023-03-17,7130,7130,6960,7070,161097,0.0
2023-03-20,7070,7190,7010,7050,248112,-0.0028288543140028155
2023-03-21,7120,7120,6970,7090,245763,0.005673758865248235
2023-03-22,7090,7120,7020,7090,142006,0.0
2023-03-23,7090,7300,6960,7180,344861,0.012693935119887145
2023-03-24,7150,7290,7100,7120,83590,-0.00835654596100277
2023-03-27,7120,7330,7040,7300,607405,0.02528089887640439
2023-03-28,7270,7300,7160,7180,124688,-0.016438356164383605
2023-03-29,7180,7280,7170,7190,79407,0.0013927576601671099
2023-03-30,7180,7300,7160,7290,139382,0.013908205841446364
2023-03-31,7290,7410,7180,7200,135787,-0.012345679012345734
2023-04-03,7170,7290,7100,7270,135248,0.009722222222222188
2023-04-04,7270,7350,7150,7250,142626,-0.0027510316368638543
2023-04-05,7250,7270,7210,7230,104687,-0.0027586206896551557
2023-04-06,7210,7300,7180,7250,332682,0.0027662517289073207
2023-04-07,7290,7320,7190,7300,261885,0.006896551724137945
2023-04-10,7260,7570,7210,7500,426136,0.027397260273972712
2023-04-11,7580,7590,7380,7460,183524,-0.005333333333333301
2023-04-12,7460,7640,7400,7470,167550,0.0013404825737264314
2023-04-13,7450,7540,7420,7450,101320,-0.0026773761713521083
2023-04-14,7450,7650,7380,7380,385267,-0.00939597315436247
2023-04-17,7380,7530,7370,7520,120269,0.01897018970189701
2023-04-18,7480,7630,7470,7490,395810,-0.003989361702127714
2023-04-19,7490,7630,7480,7570,154687,0.010680907877169465
2023-04-20,7510,7580,7490,7560,88265,-0.0013210039630119352
2023-04-21,7630,7630,7450,7560,202320,0.0
2023-04-24,7560,7560,7340,7450,290742,-0.014550264550264536
2023-04-25,7400,7470,7340,7450,304341,0.0
2023-04-26,7450,7460,7250,7380,220838,-0.00939597315436247
2023-04-27,7390,7440,7230,7410,338211,0.004065040650406582
2023-04-28,7340,7420,7200,7420,307293,0.0013495276653170407
2023-05-02,7420,7440,7270,7350,218904,-0.009433962264150941
2023-05-03,7300,7350,7150,7290,245780,-0.008163265306122436
2023-05-04,7260,7850,7250,7680,661738,0.053497942386831365
2023-05-08,7650,7730,7530,7640,107467,-0.00520833333333337
2023-05-09,7640,7730,7550,7630,62528,-0.0013089005235602524
2023-05-10,7590,7720,7590,7670,81100,0.005242463958060384
2023-05-11,7690,7810,7660,7740,251792,0.009126466753585305
2023-05-12,7680,7810,7670,7740,92184,0.0
2023-05-15,7740,7760,7610,7680,234573,-0.007751937984496138
2023-05-16,7680,7710,7180,7620,735389,-0.0078125
2023-05-17,7600,7610,7420,7570,210272,-0.006561679790026198
2023-05-18,7590,7590,7210,7340,450142,-0.0303830911492734
2023-05-19,7360,7660,7300,7570,139789,0.03133514986376018
2023-05-22,7710,7800,7320,7560,514239,-0.0013210039630119352
2023-05-23,7560,7560,7300,7370,270809,-0.025132275132275117
2023-05-24,7490,7490,7340,7450,253799,0.01085481682496603
2023-05-25,7380,7530,7340,7450,79274,0.0
2023-05-26,7550,7550,7320,7450,74382,0.0
2023-05-30,7380,7400,7320,7400,210882,-0.006711409395973145
2023-05-31,7330,7500,7330,7400,69231,0.0
2023-06-01,7340,7470,7300,7390,98039,-0.0013513513513513375
2023-06-02,7370,7390,7280,7380,113195,-0.0013531799729363803
2023-06-05,7310,7400,7310,7370,141192,-0.0013550135501354532
2023-06-07,7380,7420,7250,7360,139553,-0.0013568521031207537
2023-06-08,7360,7380,7280,7310,136745,-0.006793478260869512
2023-06-09,7350,7430,7170,7390,803962,0.010943912448700521
2023-06-12,7360,7390,7260,7340,225135,-0.006765899864682012
2023-06-13,7310,7370,7200,7290,616383,-0.006811989100817484
2023-06-14,7320,7320,5110,5110,938276,-0.299039780521262
2023-06-15,0,0,0,5110,0,0.0
2023-06-16,0,0,0,5110,0,0.0
2023-06-19,0,0,0,5110,0,0.0
2023-06-20,0,0,0,5110,0,0.0
2023-06-21,0,0,0,5110,0,0.0
2023-06-22,0,0,0,5110,0,0.0
2023-06-23,0,0,0,5110,0,0.0
2023-06-26,0,0,0,5110,0,0.0
2023-06-27,0,0,0,5110,0,0.0
2023-06-28,0,0,0,5110,0,0.0
2023-06-29,0,0,0,5110,0,0.0
2023-06-30,0,0,0,5110,0,0.0
2023-07-03,3580,3580,3580,3580,131565,-0.29941291585127205
2023-07-04,3000,3130,2660,2830,13883801,-0.2094972067039106
2023-07-05,2840,2910,2690,2745,3610581,-0.030035335689045928
2023-07-06,2705,2725,2330,2430,2446640,-0.11475409836065575
2023-07-07,2365,2645,2360,2465,2285655,0.014403292181069949
2023-07-10,2490,2675,2405,2575,1003060,0.04462474645030423
2023-07-11,2605,2615,2475,2485,508224,-0.03495145631067964
2023-07-12,2515,2580,2475,2515,450800,0.012072434607645954
2023-07-13,2530,2570,2410,2460,440891,-0.021868787276341894
2023-07-14,2475,2475,2240,2410,612334,-0.020325203252032575
2023-07-17,2415,2485,2365,2450,233679,0.016597510373443924
2023-07-18,2490,2490,2390,2445,284839,-0.0020408163265306367
2023-07-19,2440,2445,2370,2415,221458,-0.012269938650306789
2023-07-20,2390,2410,2335,2385,239344,-0.012422360248447228
2023-07-21,2400,2410,2340,2340,202148,-0.018867924528301883
2023-07-24,2350,2365,2150,2215,493040,-0.05341880341880345
2023-07-25,2180,2215,2125,2155,438872,-0.02708803611738153
2023-07-26,2155,2155,2030,2065,388412,-0.04176334106728541
2023-07-27,2100,2225,2050,2170,158026,0.05084745762711873
2023-07-28,2130,2265,2130,2260,280781,0.041474654377880116
2023-07-31,2260,2350,2260,2340,283486,0.03539823008849563
2023-08-01,2315,2430,2305,2385,207354,0.019230769230769162
2023-08-02,2385,2415,2320,2375,149144,-0.004192872117400381
2023-08-03,2370,2405,2300,2395,118680,0.008421052631578885
2023-08-04,2395,2410,2300,2365,158467,-0.012526096033402934
2023-08-07,2365,2440,2335,2420,252670,0.023255813953488413
2023-08-08,2420,2430,2300,2325,161013,-0.039256198347107474
2023-08-09,2400,2400,2325,2360,255327,0.01505376344086029
2023-08-10,2395,2395,2305,2360,145068,0.0
2023-08-11,2350,2405,2345,2355,106008,-0.0021186440677966045
2023-08-14,2355,2365,2310,2330,84257,-0.010615711252653925
2023-08-16,2325,2330,2220,2240,112682,-0.03862660944206009
2023-08-17,2230,2245,2185,2240,66055,0.0
2023-08-18,2240,2240,2180,2185,57159,-0.024553571428571397
2023-08-21,2200,2200,2160,2175,75079,-0.004576659038901587
2023-08-22,2160,2230,2135,2165,90831,-0.0045977011494252595
2023-08-23,2165,2180,2140,2145,132266,-0.009237875288683584
2023-08-24,2125,2165,2125,2165,76090,0.00932400932400923
2023-08-25,2165,2180,2120,2170,33990,0.002309468822170979
2023-08-28,2175,2200,2160,2200,44324,0.01382488479262678
2023-08-29,2180,2250,2175,2210,90254,0.00454545454545463
2023-08-30,2215,2230,2180,2205,73607,-0.002262443438914019
2023-08-31,2205,2215,2140,2160,82269,-0.020408163265306145
2023-09-01,2130,2160,2120,2140,126503,-0.0092592592592593
2023-09-04,2140,2140,2100,2115,85318,-0.011682242990654235
2023-09-05,2115,2135,2085,2115,142368,0.0
2023-09-06,2115,2135,2065,2085,104252,-0.014184397163120588
2023-09-07,2105,2140,2045,2105,108518,0.00959232613908867
2023-09-08,2110,2245,2110,2150,238366,0.0213776722090262
2023-09-11,2170,2195,2135,2170,118400,0.009302325581395321
2023-09-12,2160,2255,2125,2150,103657,-0.009216589861751112
2023-09-13,2125,2145,2090,2090,96415,-0.027906976744186074
2023-09-14,2090,2130,2085,2125,40950,0.01674641148325362
2023-09-15,2110,2170,2110,2150,54091,0.0117647058823529
2023-09-18,2150,2275,2030,2200,200603,0.023255813953488413
2023-09-19,2195,2315,2180,2300,146880,0.045454545454545414
2023-09-20,2320,2355,2235,2315,158374,0.006521739130434856
2023-09-21,2305,2535,2305,2495,776577,0.0777537796976242
2023-09-22,2475,2480,2270,2295,225186,-0.08016032064128253
2023-09-25,2295,2350,2245,2300,70884,0.002178649237472685
2023-09-26,2350,2350,2010,2010,412708,-0.12608695652173918
2023-09-27,2010,2185,2010,2130,320413,0.05970149253731338
2023-10-04,2190,2190,1988,2010,318348,-0.05633802816901412
2023-10-05,1991,2100,1965,1965,137373,-0.02238805970149249
2023-10-06,1959,2030,1959,2020,95874,0.027989821882951738
2023-10-10,1997,2020,1938,1985,63132,-0.017326732673267342
2023-10-11,1985,2010,1977,1977,160393,-0.004030226700251882
2023-10-12,2015,2020,1982,1999,83788,0.011127971674253834
2023-10-13,1984,2075,1984,2015,88448,0.008004002001000599
2023-10-16,2005,2015,1980,1998,86031,-0.008436724565756837
2023-10-17,1983,2020,1983,1998,36532,0.0
2023-10-18,1998,2015,1998,2000,55946,0.0010010010010010895
2023-10-19,1999,2060,1986,2050,104463,0.02499999999999991
2023-10-20,2045,2045,1997,1998,75669,-0.025365853658536608
2023-10-23,2000,2005,1950,1951,118724,-0.023523523523523493
2023-10-24,1920,1964,1877,1953,175669,0.001025115325474113
2023-10-25,1971,2070,1959,2000,87060,0.02406554019457241
2023-10-26,1999,2030,1977,1992,92635,-0.0040000000000000036
2023-10-27,1989,2015,1989,1989,34168,-0.001506024096385561
2023-10-30,1993,2030,1983,1990,38248,0.0005027652086475598
2023-10-31,2010,2010,1980,2010,39764,0.01005025125628145
2023-11-01,2015,2040,1978,2005,30959,-0.0024875621890547706
2023-11-02,2015,2030,1900,2015,43309,0.004987531172069737
2023-11-03,2020,2020,1989,2000,17946,-0.007444168734491274
2023-11-06,2030,2060,2010,2040,88166,0.020000000000000018
2023-11-07,2035,2040,1996,2030,54206,-0.004901960784313708
2023-11-08,2045,2085,2040,2040,27843,0.0049261083743843415
2023-11-09,2035,2040,2000,2010,14432,-0.014705882352941124
2023-11-10,2020,2020,1963,1991,71147,-0.009452736318407928
2023-11-13,1991,2000,1954,1964,75735,-0.013561024610748373
2023-11-14,1950,1963,1905,1946,41819,-0.009164969450101812
2023-11-15,1953,1962,1942,1956,21118,0.005138746145940454
2023-11-16,1956,1969,1933,1954,49126,-0.0010224948875255935
2023-11-17,1963,1979,1925,1961,60371,0.003582395087001089
2023-11-20,1981,1981,1943,1981,55166,0.010198878123406363
2023-11-21,1981,2010,1968,2000,47118,0.009591115598182709
2023-11-22,1990,2010,1985,2010,42352,0.004999999999999893
2023-11-23,2015,2015,1990,2000,39157,-0.00497512437810943
2023-11-24,2010,2015,1984,1993,19499,-0.0034999999999999476
2023-11-27,2000,2000,1972,1999,21841,0.0030105368790767084
2023-11-28,2000,2000,1939,1963,72722,-0.01800900450225118
2023-11-29,1963,1980,1951,1960,30769,-0.0015282730514518672
2023-11-30,1978,1995,1953,1962,78815,0.0010204081632652073
2023-12-01,1980,1980,1962,1968,18278,0.003058103975535076
2023-12-04,1968,1978,1951,1967,35915,-0.000508130081300795
2023-12-05,1975,1994,1953,1965,25629,-0.0010167768174885738
2023-12-06,1967,1991,1955,1982,12652,0.00865139949109417
2023-12-07,1982,1994,1961,1979,18493,-0.0015136226034309086
2023-12-08,1981,1982,1950,1970,17796,-0.004547751389590737
2023-12-11,1970,1987,1945,1987,76168,0.00862944162436552
2023-12-12,1976,1976,1961,1970,13761,-0.008555611474584834
2023-12-13,1963,1980,1945,1972,43351,0.0010152284263960087
2023-12-14,1972,1981,1952,1972,44294,0.0
2023-12-15,1960,1982,1957,1976,44981,0.0020283975659229903
2023-12-18,1979,1979,1964,1976,31822,0.0
2023-12-19,1962,1984,1962,1978,14032,0.0010121457489877805
2023-12-20,1978,1981,1963,1979,71242,0.0005055611729019027
2023-12-21,1972,1994,1965,1994,42058,0.0075795856493179325
2023-12-22,1995,2250,1965,2045,539430,0.025576730190571606
2023-12-26,2080,2220,2040,2210,490345,0.0806845965770171
2023-12-27,2210,2210,2110,2115,169230,-0.042986425339366474
2023-12-28,2110,2205,2110,2170,122673,0.026004728132387633
2024-01-02,2170,2175,2110,2170,36008,0.0
2024-01-03,2170,2200,2125,2185,64099,0.00691244239631339
2024-01-04,2165,2220,2145,2205,104618,0.009153318077803174
2024-01-05,2235,2235,2150,2160,86615,-0.020408163265306145
2024-01-08,2160,2205,2130,2195,53432,0.01620370370370372
2024-01-09,2175,2205,2170,2200,62646,0.002277904328018332
2024-01-10,2200,2210,2155,2205,52821,0.002272727272727204
2024-01-11,2205,2455,2205,2395,690008,0.08616780045351469
2024-01-12,2395,2450,2355,2440,203518,0.018789144050104456
2024-01-15,2490,2490,2320,2420,262901,-0.008196721311475419
2024-01-16,2435,2535,2380,2470,209470,0.02066115702479343
2024-01-17,2450,2490,2435,2435,94535,-0.014170040485829927
2024-01-18,2405,2460,2300,2305,179953,-0.05338809034907599
2024-01-19,2305,2410,2300,2330,102553,0.010845986984815648
2024-01-22,2320,2360,2300,2300,62499,-0.012875536480686733
2024-01-23,2300,2320,2250,2310,119570,0.004347826086956497
2024-01-24,2290,2310,2190,2200,168620,-0.04761904761904767
2024-01-25,2205,2295,2185,2280,113338,0.036363636363636376
2024-01-26,2260,2330,2210,2330,99312,0.021929824561403466
2024-01-29,2350,2350,2220,2240,134937,-0.03862660944206009
2024-01-30,2220,2275,2215,2245,124514,0.0022321428571427937
2024-01-31,2245,2250,2150,2160,126511,-0.03786191536748329
2024-02-01,2125,2175,2095,2165,163368,0.0023148148148148806
2024-02-02,2165,2245,2160,2215,64371,0.023094688221708903
2024-02-05,2205,2240,2145,2230,134294,0.006772009029345272
2024-02-06,2230,2395,2230,2340,144996,0.049327354260089606
2024-02-07,2390,2390,2260,2285,66725,-0.023504273504273532
2024-02-08,2325,2390,2280,2355,83720,0.03063457330415753
2024-02-13,2400,2400,2315,2355,41584,0.0
2024-02-14,2355,2380,2310,2360,20159,0.002123142250530785
2024-02-15,2355,2375,2275,2285,88450,-0.03177966101694918
2024-02-16,2310,2320,2245,2250,73140,-0.015317286652078765
2024-02-19,2255,2355,2250,2315,146298,0.028888888888888964
2024-02-20,2345,2350,2250,2300,66190,-0.006479481641468721
2024-02-21,2295,2300,2170,2230,366717,-0.0304347826086957
2024-02-22,2230,2240,2200,2235,60815,0.0022421524663676085
2024-02-23,2250,2265,2225,2265,30362,0.01342281879194629
2024-02-26,2230,2285,2220,2255,37905,-0.004415011037527616
2024-02-27,2255,2265,2195,2225,102703,-0.013303769401330379
2024-02-28,2220,2220,2185,2190,127137,-0.01573033707865168
2024-02-29,2190,2190,2135,2140,98075,-0.022831050228310557
2024-03-04,2130,2200,2115,2185,91333,0.02102803738317749
2024-03-05,2150,2235,2150,2210,72308,0.011441647597254079
2024-03-06,2210,2245,2175,2200,32203,-0.004524886877828038
2024-03-07,2200,2200,2115,2135,42421,-0.02954545454545454
2024-03-08,2120,2145,2050,2065,200186,-0.032786885245901676
2024-03-11,2065,2090,2010,2065,153337,0.0
2024-03-12,2045,2090,2035,2090,32773,0.012106537530266248
2024-03-13,2090,2090,2065,2075,33535,-0.0071770334928229484
2024-03-14,2075,2100,2050,2070,24041,-0.002409638554216831
2024-03-15,2050,2070,2025,2070,18665,0.0
2024-03-18,2070,2130,2045,2115,28971,0.021739130434782705
2024-03-19,2145,2145,2050,2095,54790,-0.009456264775413725
2024-03-20,2070,2120,2055,2060,67967,-0.01670644391408116
2024-03-21,2060,2100,2020,2070,53624,0.004854368932038833
2024-03-22,2075,2225,2075,2195,163074,0.06038647342995174
2024-03-25,2120,2180,2110,2135,40698,-0.02733485193621865
2024-03-26,2120,2180,2100,2145,22917,0.004683840749414525
2024-03-27,2145,2145,2120,2145,12673,0.0
2024-03-28,2150,2175,2125,2145,42721,0.0
2024-03-29,2130,2180,2105,2145,30369,0.0
2024-04-01,2130,2200,2080,2200,22898,0.02564102564102555
2024-04-02,2200,2215,2115,2155,78156,-0.020454545454545503
2024-04-03,2155,2170,2120,2130,51298,-0.011600928074245953
2024-04-04,2150,2160,2120,2160,30853,0.014084507042253502
2024-04-05,2155,2155,2100,2155,83636,-0.0023148148148147696
2024-04-08,2155,2155,2080,2080,48895,-0.03480278422273786
2024-04-09,2100,2105,2035,2055,56806,-0.012019230769230727
2024-04-11,2040,2055,2030,2055,6103,0.0
2024-04-12,2055,2070,2040,2065,9471,0.0048661800486617945
2024-04-15,2030,2050,2020,2040,16339,-0.01210653753026636
2024-04-16,2040,2075,2020,2065,26250,0.01225490196078427
2024-04-17,2060,2095,2040,2055,18580,-0.004842615012106588
2024-04-18,2100,2100,2045,2075,17535,0.009732360097323589
2024-04-19,2075,2075,2025,2055,69612,-0.009638554216867434
2024-04-22,2055,2115,2040,2085,114721,0.014598540145985384
2024-04-23,2080,2115,2070,2090,101764,0.0023980815347721673
2024-04-24,2085,2120,2080,2120,11814,0.014354066985645897
2024-04-25,2120,2120,2090,2120,3513,0.0
2024-04-26,2105,2105,2080,2095,13855,-0.011792452830188704
2024-04-29,2060,2115,2060,2095,18237,0.0
2024-04-30,2080,2125,2065,2125,29875,0.014319809069212486
2024-05-02,2110,2125,2085,2115,9350,-0.004705882352941226
2024-05-03,2110,2115,2060,2090,61043,-0.011820330969267157
2024-05-07,2090,2115,2090,2110,30989,0.009569377990430672
2024-05-08,2110,2135,2080,2135,29766,0.011848341232227444
2024-05-09,2120,2145,2115,2130,2793,-0.0023419203747072626
2024-05-10,2130,2140,2100,2130,7064,0.0
2024-05-13,2105,2155,2105,2135,21385,0.0023474178403755097
2024-05-14,2140,2150,2115,2135,13849,0.0
2024-05-16,2115,2160,2115,2150,45399,0.007025761124121788
2024-05-17,2150,2155,2115,2155,14106,0.0023255813953488857
2024-05-20,2155,2230,2145,2215,53687,0.0278422273781902
2024-05-21,2210,2290,2195,2270,189225,0.02483069977426644
2024-05-22,2270,2420,2245,2415,281309,0.0638766519823788
2024-05-23,2410,2550,2370,2510,454516,0.039337474120082705
2024-05-24,2505,2550,2405,2450,139818,-0.0239043824701195
2024-05-27,2445,2445,2325,2365,134002,-0.03469387755102038
2024-05-28,2365,2390,2315,2390,37941,0.010570824524312794
2024-05-29,2370,2385,2300,2320,68660,-0.029288702928870314
2024-05-30,2310,2380,2300,2340,39158,0.008620689655172376
2024-05-31,2340,2420,2340,2390,31319,0.02136752136752129
2024-06-03,2415,2440,2360,2415,141349,0.010460251046025215
2024-06-04,2420,2440,2295,2355,390572,-0.024844720496894457
2024-06-05,2355,2425,2330,2400,187564,0.019108280254777066
2024-06-07,2415,2485,2400,2450,62437,0.02083333333333326
2024-06-10,2500,2535,2425,2510,150183,0.02448979591836742
2024-06-11,2510,2695,2460,2680,418249,0.06772908366533859
2024-06-12,2650,2670,2580,2600,157075,-0.02985074626865669
2024-06-13,2640,2655,2585,2600,102926,0.0
2024-06-14,2645,2645,2515,2530,105408,-0.02692307692307694
2024-06-17,2550,2555,2490,2495,108797,-0.013833992094861691
2024-06-18,2495,2550,2485,2550,92443,0.022044088176352616
2024-06-19,2590,2590,2490,2505,117684,-0.01764705882352946
2024-06-20,2500,2545,2490,2540,23659,0.013972055888223478
2024-06-21,2540,2570,2525,2540,56877,0.0
2024-06-24,2540,2625,2540,2575,249012,0.013779527559055094
2024-06-25,2535,2595,2525,2595,171195,0.007766990291262044
2024-06-26,2595,2645,2535,2625,92446,0.011560693641618602
2024-06-27,2575,2690,2575,2645,136587,0.007619047619047636
2024-06-28,2605,2815,2605,2800,310840,0.05860113421550084
2024-07-01,2760,2840,2625,2695,272843,-0.03749999999999998
2024-07-02,2695,2710,2630,2685,83127,-0.0037105751391465214
2024-07-03,2685,2725,2650,2710,92107,0.009310986964618184
2024-07-04,2670,2750,2600,2645,175841,-0.023985239852398532
2024-07-05,2675,2675,2595,2650,44024,0.001890359168241984
2024-07-08,2680,2685,2600,2640,56288,-0.0037735849056603765
2024-07-09,2640,2660,2520,2540,154677,-0.037878787878787845
2024-07-10,2530,2610,2530,2585,51382,0.017716535433070835
2024-07-11,2575,2645,2570,2635,48233,0.01934235976789167
2024-07-12,2635,2695,2615,2680,121166,0.017077798861480087
2024-07-15,2690,2690,2645,2665,33879,-0.005597014925373123
2024-07-16,2710,2710,2645,2660,84879,-0.0018761726078799779
2024-07-17,2645,2675,2605,2660,29172,0.0
2024-07-18,2635,2640,2595,2595,39372,-0.024436090225563922
2024-07-19,2620,2650,2550,2595,15947,0.0
2024-07-22,2620,2625,2540,2590,60469,-0.0019267822736031004
2024-07-23,2600,2650,2590,2610,79209,0.007722007722007707
2024-07-24,2640,2640,2540,2580,100523,-0.011494252873563204
2024-07-25,2560,2595,2515,2515,137849,-0.025193798449612448
