Date,Open,High,Low,Close,Volume,Change
2022-01-03,17054,19013,16624,18297,3956703,0.0911855916030535
2022-01-04,18202,18584,17485,18202,1738567,-0.005192107995846351
2022-01-05,18009,18009,16003,16290,2345270,-0.10504340182397542
2022-01-06,15763,16432,15237,15382,1404159,-0.05573971761817065
2022-01-07,15907,16432,15572,16051,1078145,0.043492393706930255
2022-01-10,15716,16098,15381,15956,502066,-0.005918634352999774
2022-01-11,15955,16099,15000,15335,600383,-0.03891952870393578
2022-01-12,15716,16862,15381,16338,1124956,0.06540593413759366
2022-01-13,16432,16910,16193,16481,725244,0.00875260129758848
2022-01-14,16050,16577,16003,16147,503240,-0.020265760572780733
2022-01-17,16098,16336,15524,15669,338626,-0.02960302223323219
2022-01-18,15858,16336,14998,15095,624299,-0.03663284191716132
2022-01-19,14809,15382,14618,15192,532112,0.006425968863862153
2022-01-20,15191,15669,14953,15574,483250,0.02514481305950511
2022-01-21,15335,15478,14666,14953,622131,-0.03987414922306409
2022-01-24,14617,14712,14235,14427,303517,-0.03517688758108739
2022-01-25,14522,14665,13423,13567,610019,-0.05961045262355302
2022-01-26,13757,14092,13519,13806,274920,0.017616274784403307
2022-01-27,13852,14043,13040,13089,399715,-0.05193394176445021
2022-01-28,13184,13853,12658,13663,402484,0.04385361754144701
2022-02-03,13996,14330,13613,13758,347192,0.006953084974017365
2022-02-04,13757,14236,13519,14236,218674,0.034743422009013036
2022-02-07,14283,14331,13901,14093,164209,-0.010044956448440612
2022-02-08,13995,14186,13374,13614,367190,-0.033988504931526275
2022-02-09,13805,13900,13566,13758,183705,0.010577346848832159
2022-02-10,13901,14331,13662,13711,472646,-0.0034161942142753032
2022-02-11,13422,13566,12992,13089,327371,-0.04536503537305814
2022-02-14,12754,12801,11989,12086,465061,-0.07662923065169225
2022-02-15,12133,12325,11703,11800,333761,-0.023663743173920282
2022-02-16,12180,12419,12037,12277,288347,0.04042372881355938
2022-02-17,12181,12802,12038,12230,689257,-0.003828296815182819
2022-02-18,12086,12611,11943,12325,322401,0.0077677841373671175
2022-02-21,11989,12229,11799,12134,368768,-0.01549695740365109
2022-02-22,11799,11989,11559,11656,321105,-0.03939343992088351
2022-02-23,11751,12038,11656,11943,191216,0.024622512010981534
2022-02-24,11656,11799,10987,11131,524156,-0.06798961734907483
2022-02-25,11416,11702,11320,11465,265634,0.03000628874314981
2022-02-28,11463,11989,11416,11895,156608,0.03750545137374628
2022-03-02,11799,12277,11799,12182,203119,0.0241277847835224
2022-03-03,12277,12420,12133,12230,126605,0.003940239697914905
2022-03-04,12181,12373,11943,12325,153460,0.0077677841373671175
2022-03-07,12132,12132,11702,11895,180855,-0.03488843813387421
2022-03-08,11656,11895,11465,11800,206599,-0.007986548970155494
2022-03-10,12181,12468,11989,12038,469833,0.0201694915254238
2022-03-11,11990,12515,11990,12325,219998,0.023841169629506664
2022-03-14,12229,12420,12133,12325,183826,0.0
2022-03-15,12228,12657,12180,12277,304678,-0.0038945233265720303
2022-03-16,12468,12611,12276,12468,230236,0.015557546631913333
2022-03-17,13137,13710,12945,12994,850223,0.04218800128328515
2022-03-18,13042,13614,13042,13424,400939,0.033092196398337714
2022-03-21,13422,13469,13040,13089,239136,-0.024955303933253847
2022-03-22,13089,13137,12850,12994,193091,-0.007258002903201111
2022-03-23,13184,13231,12657,12707,258195,-0.022087117130983547
2022-03-24,12706,12945,12611,12755,161794,0.0037774455024790488
2022-03-25,12850,13137,12802,12994,197452,0.018737749901999168
2022-03-28,12994,12994,12515,12612,323144,-0.029398183777127884
2022-03-29,12657,12706,12228,12277,452512,-0.026562004440215614
2022-03-30,12419,12467,11942,12086,404787,-0.015557546631913333
2022-03-31,12085,12611,11989,12564,288093,0.03954989243753104
2022-04-01,12612,13806,12468,13281,1899133,0.05706781279847184
2022-04-04,13423,13423,12993,13328,472007,0.003538890143814477
2022-04-05,13375,13661,13279,13376,468862,0.0036014405762305746
2022-04-06,13279,13613,13088,13471,408144,0.007102272727272707
2022-04-07,13280,13327,12993,13137,252101,-0.024794001930071974
2022-04-08,13185,13470,13088,13185,269755,0.0036538022379539736
2022-04-11,13184,13326,12992,13089,164191,-0.0072810011376563954
2022-04-12,12898,12993,12658,12755,200082,-0.025517610207044128
2022-04-13,12754,13470,12754,13328,229357,0.04492355938847514
2022-04-14,13422,13422,13040,13089,133460,-0.01793217286914761
2022-04-15,12993,12993,12754,12850,194617,-0.018259607303842906
2022-04-18,12706,12706,12085,12134,475884,-0.05571984435797661
2022-04-19,12181,12325,11464,12325,191694,0.015740893357507835
2022-04-20,12372,12467,12133,12134,162747,-0.01549695740365109
2022-04-21,12133,12276,12037,12134,120002,0.0
2022-04-22,12086,12133,11894,12038,122775,-0.007911653205867841
2022-04-25,11702,11893,11511,11560,252846,-0.03970759262335932
2022-04-26,11655,11846,11607,11847,128009,0.024826989619377127
2022-04-27,11464,12276,11417,12134,342556,0.024225542331391958
2022-04-28,12228,12275,11845,11990,149013,-0.011867479808801762
2022-04-29,12038,12133,11894,11943,120336,-0.0039199332777314355
2022-05-02,11751,12086,11703,12038,96777,0.007954450305618366
2022-05-03,11990,12133,11943,11943,96198,-0.007891676358198985
2022-05-04,11943,12229,11846,11943,180709,0.0
2022-05-06,11750,11894,11655,11847,107739,-0.008038181361466945
2022-05-09,11702,11798,11081,11178,283616,-0.05646999240313999
2022-05-10,10891,11083,10605,10988,193963,-0.01699767400250496
2022-05-11,10890,11081,10699,10796,201501,-0.017473607571896643
2022-05-12,10555,10651,10125,10222,387629,-0.05316783994071883
2022-05-13,10270,10462,10222,10319,284917,0.009489336724711306
2022-05-16,10461,11177,10461,10748,498933,0.04157379591045651
2022-05-17,10890,11129,10746,10891,254168,0.013304800893189528
2022-05-18,11034,11082,10795,10844,96338,-0.00431548985400787
2022-05-19,10462,10796,10414,10701,126780,-0.013187015861305773
2022-05-20,10891,11274,10748,11083,268603,0.03569759835529385
2022-05-23,11176,11176,10842,10939,102060,-0.012992871966074127
2022-05-24,10939,11034,10604,10701,137318,-0.021757016180638078
2022-05-25,10747,10843,10508,10748,96209,0.0043921128866462045
2022-05-26,10699,11176,10699,10891,170044,0.013304800893189528
2022-05-27,11034,11130,10795,11035,167243,0.013221926361215663
2022-05-30,11083,11226,10987,11083,166693,0.004349796103307657
2022-05-31,11081,11129,10842,10891,133792,-0.017323829288098835
2022-06-02,10842,10938,10746,10891,62703,0.0
2022-06-03,10986,10986,10699,10748,200890,-0.013130107428151683
2022-06-07,10795,10795,10318,10414,233554,-0.031075548939337505
2022-06-08,10413,10413,9839,9936,395821,-0.045899750336086065
2022-06-09,9887,10030,9648,9840,285853,-0.009661835748792313
2022-06-10,9696,9888,9696,9745,140442,-0.009654471544715437
2022-06-13,9543,9543,8979,8990,426581,-0.07747562852744994
2022-06-14,8769,9199,8712,9172,338549,0.0202447163515016
2022-06-15,9055,9199,8655,8665,275801,-0.05527692978630616
2022-06-16,8836,9046,8635,8665,206420,0.0
2022-06-17,8291,8702,8282,8665,212387,0.0
2022-06-20,8684,8731,8034,8159,408467,-0.058395845354875964
2022-06-21,8158,8320,7977,8254,291962,0.01164358377252106
2022-06-22,8272,8483,7642,7653,470753,-0.0728131814877635
2022-06-23,7642,7890,7375,7442,317019,-0.02757088723376455
2022-06-24,7404,8005,7404,7949,299043,0.06812684762160703
2022-06-27,8033,8253,7928,8206,188299,0.03233111083155116
2022-06-28,8176,8310,8061,8311,115439,0.012795515476480723
2022-06-29,8130,8415,8130,8350,72903,0.004692576103958679
2022-06-30,8368,8368,7928,7968,118179,-0.04574850299401201
2022-07-01,8006,8331,7834,7901,122061,-0.00840863453815266
2022-07-04,7909,7976,7441,7604,135942,-0.03759017845842294
2022-07-05,7651,8005,7651,8006,129059,0.0528669121514993
2022-07-06,8023,8166,7833,7891,122457,-0.014364226829877591
2022-07-07,7956,8119,7861,8101,103193,0.026612596629071117
2022-07-08,8158,8235,8015,8092,102410,-0.0011109739538328611
2022-07-11,8100,8215,8005,8063,52753,-0.0035837864557587418
2022-07-12,7976,7986,7718,7758,92430,-0.037827111496961385
2022-07-13,7681,7987,7662,7911,156516,0.019721577726218076
2022-07-14,7891,8063,7814,7911,150040,0.0
2022-07-15,8024,8206,7795,7901,133545,-0.0012640626975097824
2022-07-18,7996,8216,7996,8131,139830,0.029110239210226485
2022-07-19,8043,8167,7986,8140,70236,0.0011068749231337716
2022-07-20,8311,8369,8159,8188,122465,0.005896805896805857
2022-07-21,8216,8913,8197,8618,590342,0.05251587689301407
2022-07-22,8618,8636,8254,8293,328739,-0.03771176607101412
2022-07-25,8139,8187,7833,7882,286708,-0.049559869769685294
2022-07-26,7881,7948,7813,7863,73836,-0.0024105556965237085
2022-07-27,7832,7861,7775,7824,88979,-0.004959938954597454
2022-07-28,7881,7995,7813,7853,108978,0.003706543967280096
2022-07-29,7890,7956,7861,7891,109856,0.00483891506430667
2022-08-01,7861,7994,7842,7929,98781,0.004815612723355622
2022-08-02,7976,7976,7689,7709,188892,-0.027746247950561242
2022-08-03,7738,7843,7680,7815,100011,0.013750162148138623
2022-08-04,7862,8331,7844,8236,508324,0.05387076135636604
2022-08-05,8253,8263,8119,8168,125484,-0.00825643516270036
2022-08-08,8186,8186,7956,7996,133011,-0.02105778648383938
2022-08-09,7995,8071,7889,7996,113298,0.0
2022-08-10,7929,7996,7834,7844,143367,-0.019009504752376172
2022-08-11,7986,8071,7947,7996,73465,0.019377868434472312
2022-08-12,8023,8061,7938,8006,101865,0.001250625312656295
2022-08-16,8054,8177,8005,8054,141095,0.0059955033724705675
2022-08-17,8034,8082,7834,7911,165864,-0.01775515271914574
2022-08-18,7834,7910,7786,7844,69856,-0.008469220073315631
2022-08-19,7844,7939,7844,7844,103711,0.0
2022-08-22,7738,7776,7432,7433,305475,-0.05239673635900055
2022-08-23,7355,7441,7174,7270,179138,-0.021929234494820427
2022-08-24,7280,7365,7193,7242,94673,-0.0038514442916093294
2022-08-25,7279,7489,7269,7461,81241,0.03024026512013256
2022-08-26,7498,7546,7393,7433,65325,-0.0037528481436804872
2022-08-29,7098,7231,7088,7175,120590,-0.034710076685053104
2022-08-30,7175,7385,7165,7376,51778,0.028013937282229895
2022-08-31,7364,7469,7279,7461,63204,0.011523861171366612
2022-09-01,7451,7451,7316,7356,68906,-0.0140731805388018
2022-09-02,7365,7509,7365,7414,62267,0.007884719956498198
2022-09-05,7374,7479,7259,7299,66229,-0.015511195036417624
2022-09-06,7231,7528,7231,7490,83136,0.026167968214823922
2022-09-07,7604,7748,7404,7481,164175,-0.0012016021361815898
2022-09-08,7479,7623,7365,7366,62394,-0.015372276433631815
2022-09-13,7452,7634,7424,7596,103269,0.03122454520771112
2022-09-14,7364,7718,7316,7471,120391,-0.016456029489204882
2022-09-15,7480,7537,7365,7442,62015,-0.0038816758131441365
2022-09-16,7393,7423,7231,7280,100270,-0.021768341843590444
2022-09-19,7211,7316,7011,7079,122916,-0.027609890109890123
2022-09-20,7079,7212,7022,7032,54946,-0.006639355841220551
2022-09-21,6974,7070,6897,7032,63529,0.0
2022-09-22,6964,7002,6735,6917,85501,-0.016353811149033004
2022-09-23,6925,6944,6619,6697,141175,-0.03180569611103079
2022-09-26,6457,6686,6132,6162,241057,-0.07988651635060473
2022-09-27,6122,6247,5788,6162,162952,0.0
2022-09-28,6065,6199,5722,5837,210222,-0.052742616033755296
2022-09-29,5894,6123,5818,5828,143331,-0.001541887956141852
2022-09-30,5712,5923,5646,5923,79849,0.01630061770761837
2022-10-04,6017,6093,5988,6085,66814,0.027351004558500813
2022-10-05,6171,6210,5846,5895,67734,-0.03122432210353332
2022-10-06,5931,6170,5931,6123,85534,0.038676844783714914
2022-10-07,6105,6133,5961,6000,67810,-0.020088192062714394
2022-10-11,5922,5998,5540,5560,146095,-0.07333333333333336
2022-10-12,5521,5636,5454,5541,86180,-0.003417266187050405
2022-10-13,5520,5549,5187,5245,122638,-0.05341996029597551
2022-10-14,5359,5618,5340,5618,116109,0.07111534795042895
2022-10-17,5443,5797,5424,5798,86182,0.0320398718405126
2022-10-18,5932,5970,5855,5961,80643,0.028113142462918184
2022-10-19,5979,6009,5856,5866,49113,-0.015936923335010955
2022-10-20,5874,5932,5722,5751,47936,-0.019604500511421707
2022-10-21,5749,5806,5606,5636,33207,-0.019996522343940226
2022-10-24,5740,5835,5702,5703,54797,0.0118878637331441
2022-10-25,5702,5807,5674,5732,32532,0.005085042959845687
2022-10-26,5741,5780,5665,5675,62046,-0.009944173063503148
2022-10-27,5674,5761,5646,5761,37515,0.015154185022026478
2022-10-28,5761,5761,5550,5618,68038,-0.024822079500086747
2022-10-31,5692,5702,5559,5627,44424,0.00160199359202573
2022-11-01,5635,5921,5568,5798,68697,0.030389194952905596
2022-11-02,5798,5798,5684,5751,51729,-0.008106243532252533
2022-11-03,5654,5788,5568,5741,54439,-0.0017388280299078795
2022-11-04,5692,5807,5616,5770,55580,0.005051384776171508
2022-11-07,5854,5854,5740,5741,41345,-0.00502599653379554
2022-11-08,5740,6017,5721,5980,127279,0.0416303779829299
2022-11-09,5979,6009,5913,5923,55794,-0.009531772575250841
2022-11-10,5856,5923,5789,5923,47639,0.0
2022-11-11,6085,6114,5951,6000,151847,0.013000168833361414
2022-11-14,6038,6143,5989,6038,83833,0.006333333333333302
2022-11-15,6028,6199,6018,6143,87411,0.017389864193441573
2022-11-16,6142,6199,6009,6133,73512,-0.0016278691193227779
2022-11-17,6115,6123,5990,6067,52686,-0.010761454426871042
2022-11-18,6066,6123,5941,5961,45844,-0.017471567496291418
2022-11-21,5961,5961,5712,5751,103478,-0.035228988424760965
2022-11-22,5665,5761,5646,5723,54672,-0.0048687184837419295
2022-11-23,5740,6131,5740,6018,213540,0.05154639175257736
2022-11-24,6045,6399,5998,6257,525560,0.039714190761050094
2022-11-25,6314,6380,6094,6162,96599,-0.015182995045548986
2022-11-28,6151,6161,5903,5923,116324,-0.03878610840636154
2022-11-29,5875,6018,5828,6000,58554,0.013000168833361414
2022-11-30,5978,6113,5978,6085,54217,0.01416666666666666
2022-12-01,6227,6294,6113,6152,107097,0.01101068200493005
2022-12-02,6209,7575,6171,7318,7925889,0.18953185955786744
2022-12-05,7384,7670,7136,7251,1837610,-0.009155506969117266
2022-12-06,7203,7633,7040,7385,1940730,0.018480209626258404
2022-12-07,7308,7910,7270,7414,2128614,0.003926878808395484
2022-12-08,7392,7469,6887,7107,838200,-0.04140814674939308
2022-12-09,7117,7452,7070,7242,921627,0.018995356690586718
2022-12-12,7242,7709,7137,7691,1264791,0.06199944766639054
2022-12-13,7575,7595,7365,7433,631000,-0.033545702769470775
2022-12-14,7403,7986,7326,7786,2101895,0.04749091887528589
2022-12-15,7794,7947,7737,7824,667636,0.0048805548420240985
2022-12-16,7594,7718,7498,7538,483265,-0.036554192229038884
2022-12-19,7451,7662,7423,7557,267146,0.0025205624834172546
2022-12-20,7489,7594,6973,7051,461926,-0.06695778748180492
2022-12-21,7135,7259,7059,7117,271067,0.009360374414976613
2022-12-22,7211,7423,7203,7261,285282,0.020233244344527224
2022-12-23,7126,7136,6916,6974,187058,-0.03952623605563976
2022-12-26,7012,7070,6879,6879,195194,-0.013622024663034082
2022-12-27,6878,7070,6858,7070,121027,0.02776566361389743
2022-12-28,7080,8013,7040,7414,2831309,0.048656294200848604
2022-12-29,7414,7640,7286,7532,488165,0.015915834906932824
2023-01-02,7531,7609,6726,6736,498012,-0.10568242166755182
2023-01-03,6677,6755,6186,6530,539985,-0.030581947743467897
2023-01-04,6579,7031,6579,6982,445594,0.06921898928024506
2023-01-05,7001,7080,6903,7041,167134,0.008450300773417352
2023-01-06,6923,7090,6903,6992,114857,-0.006959238744496554
2023-01-09,7070,7129,6942,6982,256100,-0.0014302059496567043
2023-01-10,7050,7246,6981,7109,240840,0.018189630478372854
2023-01-11,7158,7286,7089,7198,226346,0.012519341679561036
2023-01-12,7227,7227,6952,6992,175607,-0.028619060850236133
2023-01-13,6952,7060,6913,6972,102552,-0.0028604118993135197
2023-01-16,6981,7285,6961,7217,317787,0.03514056224899598
2023-01-17,7247,7777,7188,7738,1525173,0.07219066093944848
2023-01-18,8012,8346,7609,7767,3332334,0.0037477384337039066
2023-01-19,7845,8061,7659,7728,889683,-0.005021243723445368
2023-01-20,8180,8730,8052,8141,5668745,0.05344202898550732
2023-01-25,8150,8336,7924,8278,966880,0.016828399459525967
2023-01-26,8445,8445,7836,7925,820451,-0.04264315051944911
2023-01-27,7953,8208,7875,8150,366570,0.028391167192429068
2023-01-30,8150,8199,7924,7974,366389,-0.021595092024539908
2023-01-31,8032,8307,7993,8180,498174,0.025833960371206333
2023-02-01,8277,8317,7973,8160,478922,-0.0024449877750610804
2023-02-02,8385,9181,8248,8651,3617257,0.06017156862745088
2023-02-03,8759,9466,8651,9231,4356032,0.06704427233845789
2023-02-06,9162,9368,8916,9064,1075043,-0.01809121438630701
2023-02-07,9063,9476,8965,9172,1131917,0.011915269196822509
2023-02-08,9299,9299,9064,9182,535085,0.0010902747492367304
2023-02-09,9122,9171,8720,8838,786560,-0.037464604661293865
2023-02-10,8778,8778,8386,8396,595668,-0.05001131477709886
2023-02-13,8395,8591,8228,8474,321337,0.009290138161029082
2023-02-14,8543,8592,8356,8455,276403,-0.0022421524663677195
2023-02-15,8464,8504,7836,7905,560958,-0.06505026611472497
2023-02-16,8062,8170,7905,7925,362371,0.0025300442757747454
2023-02-17,7835,7983,7757,7934,164419,0.0011356466876970561
2023-02-20,7933,8150,7816,8150,185472,0.02722460297453999
2023-02-21,8219,8533,8180,8416,536786,0.03263803680981603
2023-02-22,8248,8297,8101,8131,188979,-0.0338640684410646
2023-02-23,8160,8926,8111,8789,1727072,0.08092485549132955
2023-02-24,8984,9083,8670,8926,1120092,0.015587666401183364
2023-02-27,8876,9004,8680,8759,436185,-0.01870938830383151
2023-02-28,8769,9142,8651,9015,535901,0.029227080716976772
2023-03-02,9249,9249,8916,8916,579227,-0.010981697171380977
2023-03-03,8994,9033,8837,8916,275659,0.0
2023-03-06,8916,8926,8612,8740,354556,-0.019739793629430236
2023-03-07,8729,8749,8474,8563,292810,-0.020251716247139617
2023-03-08,8533,8700,8298,8573,209169,0.0011678150181011482
2023-03-09,8739,8916,8660,8710,310639,0.01598040359267472
2023-03-10,8543,9142,8474,8779,736271,0.00792192881745124
2023-03-13,8847,9151,8513,8759,448991,-0.002278163799977251
2023-03-14,8877,9093,8592,8779,829576,0.002283365681013727
2023-03-15,9014,9869,8936,9820,3341418,0.11857842578881428
2023-03-16,9653,10016,9289,9771,1239759,-0.004989816700611049
2023-03-17,9800,10104,9594,9869,1088211,0.010029679664312674
2023-03-20,10212,10398,9515,9525,1320019,-0.0348566217448576
2023-03-21,9476,9623,9280,9280,519833,-0.0257217847769029
2023-03-22,9456,10232,9348,10046,2423623,0.08254310344827576
2023-03-23,10065,10507,9682,9820,1507335,-0.022496516026279112
2023-03-24,9908,9986,9613,9653,452081,-0.017006109979633366
2023-03-27,9506,9604,9181,9290,539302,-0.03760488967160469
2023-03-28,9329,9692,9319,9398,483757,0.01162540365984932
2023-03-29,9535,9633,9319,9457,391758,0.006277931474781839
2023-03-30,9573,9583,9112,9132,602091,-0.034366078037432635
2023-03-31,9112,9112,8719,8818,520801,-0.034384581690757754
2023-04-03,8838,8896,8680,8838,265675,0.002268088001814439
2023-04-04,8789,8907,8661,8691,254850,-0.016632722335369943
2023-04-05,8740,8759,8612,8691,192080,0.0
2023-04-06,8690,8690,8406,8465,277513,-0.026003912092969705
2023-04-07,8514,8533,8278,8406,217373,-0.006969875959834559
2023-04-10,8385,8385,8051,8209,353835,-0.023435641208660485
2023-04-11,8248,8444,8042,8278,219041,0.008405408697770733
2023-04-12,8278,8356,8229,8298,188537,0.002416042522348283
2023-04-13,8278,8287,8052,8170,183693,-0.015425403711737729
2023-04-14,8130,8376,8130,8327,166769,0.01921664626682995
2023-04-17,8199,8238,7953,8101,313800,-0.027140626876426044
2023-04-18,8091,8091,7845,7875,266078,-0.0278977903962474
2023-04-19,7885,8032,7875,7974,178477,0.012571428571428678
2023-04-20,7954,7954,7571,7640,323434,-0.04188612992224727
2023-04-21,7640,7689,7404,7483,275311,-0.020549738219895253
2023-04-24,7452,7560,7315,7443,180702,-0.005345449685954851
2023-04-25,7531,7541,7158,7384,197834,-0.007926911191723729
2023-04-26,7335,7424,7139,7267,141268,-0.015845070422535246
2023-04-27,7198,7276,7041,7267,138517,0.0
2023-04-28,7325,7482,7109,7129,200898,-0.018989954589239022
2023-05-02,7079,7256,6971,7168,157108,0.005470612989199042
2023-05-03,7168,7236,7060,7070,98988,-0.013671875
2023-05-04,7050,7070,6952,7070,99711,0.0
2023-05-08,7080,7433,7070,7247,272435,0.02503536067892509
2023-05-09,7246,7295,7020,7070,105540,-0.024423899544639194
2023-05-10,7089,7256,7050,7109,116951,0.005516265912305585
2023-05-11,7168,7325,7148,7227,104274,0.016598677732451828
2023-05-12,7217,7315,7040,7041,113608,-0.02573682025736823
2023-05-15,7021,7041,6776,6776,138337,-0.03763669933248115
2023-05-16,6677,6834,6579,6668,158241,-0.015938606847697767
2023-05-17,6578,7050,6578,7011,155108,0.05143971205758846
2023-05-18,7010,7177,6961,7060,114956,0.006989017258593577
2023-05-19,7119,7286,7079,7188,83783,0.018130311614730887
2023-05-22,7128,7227,7040,7178,69667,-0.0013912075681691283
2023-05-23,7188,7325,7119,7159,118271,-0.002646976873781015
2023-05-24,7158,7168,7050,7090,61048,-0.009638217628160306
2023-05-25,7099,7227,7021,7031,58443,-0.008321579689703817
2023-05-26,7119,7139,6884,6884,65411,-0.020907410041245966
2023-05-30,6883,7109,6883,7080,62375,0.028471818710052332
2023-05-31,7070,7227,7070,7080,75633,0.0
2023-06-01,7207,7207,7011,7041,45058,-0.005508474576271238
2023-06-02,7158,7158,6981,7001,91083,-0.005681011219997201
2023-06-05,7001,7099,6942,7041,69032,0.005713469504356583
2023-06-07,7050,7129,7040,7090,90049,0.006959238744496554
2023-06-08,7079,7089,6932,6962,86906,-0.01805359661495065
2023-06-09,7001,7119,6962,6972,80155,0.0014363688595231405
2023-06-12,6972,7031,6923,6933,75207,-0.005593803786574925
2023-06-13,6952,7089,6952,7011,72757,0.011250540891388994
2023-06-14,6982,7011,6697,6766,143619,-0.03494508629296822
2023-06-15,6775,6844,6647,6756,68698,-0.0014779781259237623
2023-06-16,6736,6844,6677,6697,64734,-0.00873297809354645
2023-06-19,6706,6736,6539,6589,123905,-0.01612662386143049
2023-06-20,6599,6609,6481,6560,73032,-0.004401274852026127
2023-06-21,6579,6608,6353,6363,133190,-0.030030487804878048
2023-06-22,6294,6667,6294,6383,69659,0.0031431714600032024
2023-06-23,6363,6422,6176,6285,101247,-0.015353282155726178
2023-06-26,6195,6500,6195,6294,42164,0.0014319809069212042
2023-06-27,6255,6334,6157,6226,65667,-0.010803940260565636
2023-06-28,6235,6284,6108,6118,56323,-0.01734661098618695
2023-06-29,6117,6725,5989,6235,438911,0.019123896698267417
2023-06-30,6186,6334,6078,6118,99261,-0.018765036086607845
2023-07-03,6098,6343,6098,6275,77434,0.025661981039555304
2023-07-04,6274,6314,6137,6216,56180,-0.009402390438246977
2023-07-05,6216,6343,6196,6216,82808,0.0
2023-07-06,6166,6205,5901,5911,126475,-0.049066924066924034
2023-07-07,5990,5990,5823,5833,53485,-0.013195736761969168
2023-07-10,5783,6000,5744,5892,61438,0.010114863706497612
2023-07-11,5902,5980,5872,5902,41735,0.0016972165648336812
2023-07-12,5950,5950,5812,5862,57446,-0.006777363605557474
2023-07-13,5862,6451,5862,6059,797431,0.03360627772091429
2023-07-14,6059,6088,5931,6010,104463,-0.00808714309291958
2023-07-17,5960,6088,5892,6059,78670,0.008153078202995045
2023-07-18,6136,6677,6127,6353,864956,0.0485228585575177
2023-07-19,6343,6363,6156,6255,149136,-0.015425783094600964
2023-07-20,6274,6441,6186,6383,114119,0.020463629096722613
2023-07-21,6402,6402,6196,6216,116464,-0.026163246122512973
2023-07-24,6186,6205,5812,5921,187342,-0.04745817245817241
2023-07-25,5891,5931,5803,5823,111795,-0.01655125823340653
2023-07-26,5754,5793,5283,5342,342965,-0.08260346900223248
2023-07-27,5302,5646,5273,5519,96818,0.03313365780606525
2023-07-28,5420,5685,5420,5607,70573,0.015944917557528582
2023-07-31,5616,5695,5548,5666,44920,0.010522561084358895
2023-08-01,5675,5901,5675,5813,79032,0.025944228732792007
2023-08-02,5823,6058,5685,5725,69891,-0.01513848271116458
2023-08-03,5695,5744,5508,5656,70644,-0.012052401746724839
2023-08-04,5655,5753,5557,5695,54073,0.006895332390381981
2023-08-07,5685,5774,5646,5735,44620,0.0070237050043897575
2023-08-08,5774,5774,5597,5627,82276,-0.018831734960767177
2023-08-09,5596,5724,5537,5695,47380,0.012084592145015005
2023-08-10,5695,5724,5626,5656,40604,-0.006848112379280069
2023-08-11,5695,5803,5617,5735,79252,0.013967468175388964
2023-08-14,5685,5714,5547,5597,55037,-0.024062772449869207
2023-08-16,5557,5596,5420,5479,70440,-0.021082722887260985
2023-08-17,5400,5430,5233,5381,109707,-0.01788647563423984
2023-08-18,5302,5352,5204,5244,104055,-0.025459951681843562
2023-08-21,5243,5940,5243,5440,958125,0.037376048817696406
2023-08-22,5459,5498,5321,5361,84136,-0.014522058823529416
2023-08-23,5351,5498,5331,5361,72284,0.0
2023-08-24,5390,5842,5390,5597,255596,0.044021637754150245
2023-08-25,5597,5695,5499,5558,63244,-0.006968018581382851
2023-08-28,5567,5774,5508,5666,53815,0.01943145016192882
2023-08-29,5626,5832,5528,5803,153836,0.024179315213554542
2023-08-30,5803,5901,5764,5843,84324,0.006892986386351829
2023-08-31,5862,5940,5754,5823,57000,-0.003422899195618667
2023-09-01,5823,5842,5666,5676,39193,-0.025244719216898526
2023-09-04,5675,5734,5606,5705,27594,0.005109231853417828
2023-09-05,5695,5833,5666,5784,36290,0.013847502191060457
2023-09-06,5764,5832,5646,5656,48927,-0.022130013831258677
2023-09-07,5656,5774,5499,5568,64504,-0.01555869872701554
2023-09-08,5528,5646,5488,5597,62354,0.005208333333333259
2023-09-11,5547,5753,5547,5685,77356,0.01572270859388958
2023-09-12,5685,5823,5676,5735,77621,0.008795074758135346
2023-09-13,5715,5774,5587,5627,56017,-0.018831734960767177
2023-09-14,5607,6226,5607,5794,2960836,0.02967833659143415
2023-09-15,5754,6078,5754,6049,445524,0.04401104590956151
2023-09-18,5999,6137,5950,6088,194264,0.0064473466688708125
2023-09-19,6087,6097,5852,5911,177276,-0.02907358738501975
2023-09-20,5960,6264,5940,6029,378932,0.01996278125528672
2023-09-21,5950,6087,5812,5862,140026,-0.02769945264554652
2023-09-22,5783,5852,5646,5646,135341,-0.03684749232343909
2023-09-25,5636,5725,5489,5519,79850,-0.022493800921006057
2023-09-26,5518,7168,5498,7168,6631142,0.29878601195868826
2023-09-27,7177,8277,7168,7335,18427565,0.023297991071428603
2023-10-04,7472,7894,7177,7394,6399369,0.008043626448534402
2023-10-05,7953,8081,7089,7168,5260274,-0.030565323235055453
2023-10-06,7129,7689,6972,7434,2642838,0.037109375
2023-10-10,7433,7580,7069,7168,1222357,-0.03578154425612057
2023-10-11,7266,7777,7237,7522,2761985,0.04938616071428581
2023-10-12,7581,7679,7433,7532,880993,0.0013294336612603708
2023-10-13,7531,7609,7020,7109,823539,-0.0561603823685608
2023-10-16,7020,7020,6460,6510,788734,-0.08425938950625966
2023-10-17,6599,6795,6589,6766,464406,0.03932411674347169
2023-10-18,6726,6795,6461,6471,422999,-0.04360035471475021
2023-10-19,6284,6353,6049,6049,359345,-0.06521403183433783
2023-10-20,6029,6255,5744,5794,354280,-0.04215572821954039
2023-10-23,5793,6048,5724,5774,197381,-0.0034518467380048046
2023-10-24,5823,6019,5607,5990,280006,0.037409075164530625
2023-10-25,6048,6205,5989,6088,205497,0.016360601001669473
2023-10-26,5940,5960,5675,5764,235103,-0.05321944809461232
2023-10-27,5793,5852,5577,5705,201800,-0.010235947258848022
2023-10-30,5685,5891,5577,5862,135147,0.027519719544259358
2023-10-31,5881,5989,5626,5744,164253,-0.020129648584100934
2023-11-01,5754,5852,5725,5794,81779,0.008704735376044548
2023-11-02,5871,6038,5852,5970,150344,0.030376251294442547
2023-11-03,5872,5940,5656,5941,312799,-0.004857621440536031
2023-11-06,6029,6117,5891,6108,183734,0.028109745834034694
2023-11-07,6107,6117,5881,5980,120044,-0.02095612311722328
2023-11-08,6176,6324,6078,6167,300881,0.031270903010033546
2023-11-09,6235,6245,5921,6010,122325,-0.025458083346846072
2023-11-10,6009,6009,5764,5764,158417,-0.0409317803660566
2023-11-13,5803,5832,5567,5587,188586,-0.030707841776544065
2023-11-14,5587,5793,5587,5774,95967,0.03347055664936449
2023-11-15,5951,6186,5931,6010,252656,0.04087287842050569
2023-11-16,6029,6088,5931,6010,62801,0.0
2023-11-17,5990,5990,5774,5833,145790,-0.029450915141430944
2023-11-20,5832,6029,5832,5931,133487,0.016800960054860203
2023-11-21,5960,6009,5852,5872,107274,-0.009947732254257269
2023-11-22,5822,5871,5724,5803,106175,-0.011750681198910096
2023-11-23,5812,5891,5783,5803,98352,0.0
2023-11-24,5783,5822,5695,5705,83855,-0.016887816646562137
2023-11-27,5705,5783,5597,5666,90859,-0.0068361086765994505
2023-11-28,5626,5724,5587,5666,118257,0.0
2023-11-29,5665,5744,5586,5744,146029,0.013766325450052852
2023-11-30,5744,5744,5636,5676,122410,-0.011838440111420656
2023-12-01,5665,5665,5469,5538,258039,-0.024312896405919715
2023-12-04,5538,5587,5440,5509,116645,-0.005236547490068633
2023-12-05,5479,5587,5440,5440,118097,-0.012524959157741877
2023-12-06,5459,5518,5410,5479,92357,0.0071691176470587425
2023-12-07,5469,5479,5341,5381,114202,-0.01788647563423984
2023-12-08,5400,5537,5370,5528,85929,0.027318342315554744
2023-12-11,5538,5616,5488,5538,71011,0.0018089725036178894
2023-12-12,5547,5656,5518,5656,88507,0.0213073311664862
2023-12-13,5656,5656,5489,5548,86186,-0.019094766619519143
2023-12-14,5577,5636,5489,5519,73569,-0.005227108868060548
2023-12-15,5518,5567,5459,5499,99783,-0.0036238448994383443
2023-12-18,5498,5586,5488,5577,63133,0.014184397163120588
2023-12-19,5528,5606,4516,4728,1318865,-0.1522323830016138
2023-12-20,5007,5714,4938,5047,6394017,0.06747038917089676
2023-12-21,5008,5047,4821,4905,406968,-0.028135526055082183
2023-12-22,4929,5047,4905,5028,206837,0.025076452599388288
2023-12-26,5037,5067,4910,4920,116571,-0.021479713603818618
2023-12-27,4990,5050,4980,5000,86265,0.016260162601626105
2023-12-28,5000,5060,4960,5040,86423,0.008000000000000007
2024-01-02,5030,5090,5000,5090,52840,0.009920634920634885
2024-01-03,5090,5120,4730,4990,100605,-0.01964636542239684
2024-01-04,4955,4990,4805,4820,177962,-0.034068136272545124
2024-01-05,4820,4925,4810,4920,75156,0.020746887966804906
2024-01-08,4875,5120,4875,5100,152025,0.03658536585365857
2024-01-09,5180,5410,5110,5280,351335,0.03529411764705892
2024-01-10,5250,5280,5100,5120,95723,-0.030303030303030276
2024-01-11,5130,5340,5100,5260,124345,0.02734375
2024-01-12,5210,5280,5100,5130,94650,-0.024714828897338448
2024-01-15,5160,5160,5020,5110,71482,-0.003898635477582846
2024-01-16,5060,5210,5010,5040,64273,-0.013698630136986356
2024-01-17,5000,5070,4890,4920,90946,-0.023809523809523836
2024-01-18,4920,5050,4895,4970,53684,0.010162601626016343
2024-01-19,4985,5120,4985,5050,88152,0.016096579476861272
2024-01-22,5090,5170,4960,4985,73804,-0.012871287128712883
2024-01-23,4960,5100,4870,4990,62413,0.0010030090270811698
2024-01-24,4950,6430,4880,6010,6301666,0.20440881763527052
2024-01-25,6610,6730,5570,5670,5436577,-0.056572379367720416
2024-01-26,6020,7050,6000,6250,12807321,0.10229276895943573
2024-01-29,6180,6360,5810,5900,1318405,-0.05600000000000005
2024-01-30,5810,5850,5560,5600,738498,-0.05084745762711862
2024-01-31,5560,5680,5330,5340,459634,-0.046428571428571375
2024-02-01,5340,5510,5200,5330,371933,-0.0018726591760299671
2024-02-02,5400,6000,5400,5640,3357860,0.05816135084427776
2024-02-05,5610,5700,5460,5520,384480,-0.021276595744680882
2024-02-06,5520,5660,5430,5570,432251,0.009057971014492683
2024-02-07,5580,5590,5400,5450,240147,-0.021543985637342944
2024-02-08,5480,6940,5410,6640,8855508,0.21834862385321108
2024-02-13,6810,8070,6690,7220,16820515,0.08734939759036142
2024-02-14,7090,7430,7000,7060,2568362,-0.02216066481994461
2024-02-15,7010,7210,6830,7110,1787128,0.007082152974504208
2024-02-16,7020,7700,7020,7180,4785588,0.009845288326300938
2024-02-19,7250,8200,7100,7650,9949128,0.06545961002785505
2024-02-20,7520,7930,7130,7430,3811479,-0.02875816993464053
2024-02-21,7250,7390,6950,6950,1009714,-0.06460296096904439
2024-02-22,7150,7820,6910,7460,4051464,0.07338129496402868
2024-02-23,7520,7660,7190,7260,1517633,-0.02680965147453085
2024-02-26,7190,7240,6910,7000,531011,-0.03581267217630857
2024-02-27,6910,6940,6570,6690,621661,-0.04428571428571426
2024-02-28,6660,6930,6510,6750,446585,0.008968609865470878
2024-02-29,6770,6780,6420,6420,314127,-0.04888888888888887
2024-03-04,6480,7190,6440,6830,845694,0.06386292834890961
2024-03-05,6850,6880,6630,6660,366260,-0.024890190336749662
2024-03-06,6530,6740,6500,6710,233736,0.007507507507507505
2024-03-07,6740,6750,6590,6730,269037,0.0029806259314455463
2024-03-08,6740,6930,6670,6670,311496,-0.008915304606240682
2024-03-11,6560,6670,6500,6550,189055,-0.01799100449775115
2024-03-12,6630,6950,6450,6900,427404,0.05343511450381677
2024-03-13,6980,7410,6950,7230,1239888,0.047826086956521685
2024-03-14,7250,7250,6870,6930,334836,-0.04149377593360992
2024-03-15,6880,7160,6680,7130,352996,0.02886002886002892
2024-03-18,7130,7170,6940,7050,237873,-0.011220196353436185
2024-03-19,7020,7140,6940,6980,222999,-0.009929078014184411
2024-03-20,6980,7030,6790,6810,202681,-0.024355300859598805
2024-03-21,6880,7300,6860,6990,390973,0.026431718061673992
2024-03-22,6970,7110,6920,7060,236428,0.010014306151645114
2024-03-25,7240,7540,7100,7450,1508838,0.055240793201133176
2024-03-26,7600,7780,7440,7660,1648474,0.028187919463087185
2024-03-27,7790,8100,7400,7440,2380916,-0.02872062663185382
2024-03-28,7310,7310,7100,7150,738454,-0.03897849462365588
2024-03-29,7200,7290,7000,7130,360208,-0.002797202797202747
2024-04-01,7090,7210,7010,7120,260134,-0.0014025245441795509
2024-04-02,7070,7180,6710,6760,526974,-0.050561797752809
2024-04-03,6680,6710,6460,6480,338530,-0.041420118343195256
2024-04-04,6420,6540,6270,6280,328290,-0.030864197530864224
2024-04-05,6180,6250,6020,6120,273411,-0.02547770700636942
2024-04-08,6120,6170,5910,5980,188284,-0.022875816993464082
2024-04-09,5950,6050,5690,5770,235123,-0.03511705685618727
2024-04-11,5600,5710,5600,5680,131330,-0.01559792027729634
2024-04-12,5740,6720,5670,5940,1079636,0.045774647887323994
2024-04-15,5790,5850,5690,5850,121202,-0.015151515151515138
2024-04-16,5780,5850,5560,5560,166767,-0.04957264957264962
2024-04-17,5540,5660,5520,5570,103651,0.0017985611510791255
2024-04-18,5540,5740,5520,5660,95887,0.016157989228007263
2024-04-19,5660,5690,5420,5530,124697,-0.02296819787985871
2024-04-22,5500,5590,5450,5510,81724,-0.003616636528028905
2024-04-23,5570,5640,5470,5510,81916,0.0
2024-04-24,5580,5900,5540,5700,241061,0.034482758620689724
2024-04-25,5700,5750,5590,5600,70594,-0.01754385964912286
2024-04-26,5670,5670,5530,5540,101386,-0.010714285714285676
2024-04-29,5580,5750,5540,5750,84621,0.03790613718411562
2024-04-30,5750,5820,5600,5610,133385,-0.024347826086956514
2024-05-02,5570,5690,5560,5610,82444,0.0
2024-05-03,5630,5760,5630,5750,88154,0.024955436720142554
2024-05-07,5810,5950,5750,5860,141483,0.019130434782608674
2024-05-08,5860,6020,5810,5950,180800,0.015358361774743923
2024-05-09,5990,5990,5800,5830,110508,-0.020168067226890796
2024-05-10,5850,5940,5740,5760,81222,-0.012006861063464824
2024-05-13,5760,5760,5630,5670,73498,-0.015625
2024-05-14,5670,5840,5650,5770,113720,0.01763668430335108
2024-05-16,5800,5820,5650,5660,101934,-0.01906412478336217
2024-05-17,5660,5720,5570,5720,89765,0.010600706713780994
2024-05-20,5720,5720,5600,5640,67577,-0.013986013986013957
2024-05-21,5660,5680,5510,5520,87315,-0.021276595744680882
2024-05-22,5520,5580,5470,5540,55529,0.0036231884057971175
2024-05-23,5540,7090,5390,6380,6133346,0.15162454873646203
2024-05-24,6300,6920,6300,6350,3187568,-0.00470219435736674
2024-05-27,6460,6780,6200,6410,2099468,0.009448818897637823
2024-05-28,6310,6350,6160,6170,472443,-0.03744149765990634
2024-05-29,6160,6170,5990,6040,278188,-0.021069692058346856
2024-05-30,6000,6040,5860,5930,175289,-0.018211920529801362
2024-05-31,5900,5950,5740,5840,136964,-0.015177065767284947
2024-06-03,5880,5950,5800,5810,177538,-0.005136986301369828
2024-06-04,5820,5900,5790,5790,140640,-0.0034423407917383297
2024-06-05,5760,5820,5670,5700,126591,-0.015544041450777257
2024-06-07,5800,5800,5670,5710,84322,0.0017543859649122862
2024-06-10,5660,5770,5610,5770,76341,0.01050788091068311
2024-06-11,5720,5750,5670,5680,77164,-0.01559792027729634
2024-06-12,5710,5790,5680,5690,74480,0.0017605633802817433
2024-06-13,5700,5800,5670,5690,72426,0.0
2024-06-14,5700,5710,5530,5590,132742,-0.017574692442882234
2024-06-17,5610,5610,5520,5540,59462,-0.008944543828264706
2024-06-18,5520,5600,5510,5520,65576,-0.0036101083032491488
2024-06-19,5500,5600,5430,5450,131489,-0.0126811594202898
2024-06-20,5420,5490,5420,5480,49703,0.005504587155963359
2024-06-21,5450,5480,5350,5360,90119,-0.021897810218978075
2024-06-24,5360,5410,5250,5250,72849,-0.020522388059701524
2024-06-25,5190,5300,5190,5270,54144,0.003809523809523707
2024-06-26,5280,5330,5220,5320,58019,0.009487666034155628
2024-06-27,5270,5320,5120,5150,98879,-0.03195488721804507
2024-06-28,5130,5640,5130,5160,260443,0.001941747572815622
2024-07-01,5100,5230,5100,5170,38669,0.0019379844961240345
2024-07-02,5140,5230,5050,5110,77280,-0.011605415860735047
2024-07-03,5090,5130,5000,5030,81254,-0.015655577299412915
2024-07-04,5020,5060,5000,5020,64915,-0.001988071570576566
2024-07-05,5110,5110,5000,5020,56189,0.0
2024-07-08,5020,5090,5010,5080,23240,0.01195219123505975
2024-07-09,5040,5120,5030,5090,63372,0.0019685039370078705
2024-07-10,5100,5110,5000,5020,67545,-0.013752455795677854
2024-07-11,5030,5250,5030,5100,143655,0.015936254980079667
2024-07-12,5100,5180,5080,5110,66287,0.0019607843137254832
2024-07-15,5100,5170,5080,5170,40786,0.011741682974559797
2024-07-16,5130,5180,5070,5090,53436,-0.015473887814313358
2024-07-17,5070,5280,5070,5160,103522,0.013752455795677854
2024-07-18,5110,5140,5020,5070,46262,-0.01744186046511631
2024-07-19,5040,5100,5040,5060,22121,-0.0019723865877712132
2024-07-22,5020,5090,4955,4995,63452,-0.012845849802371578
2024-07-23,4980,5050,4950,4955,48328,-0.00800800800800805
2024-07-24,4930,5030,4880,4880,44333,-0.015136226034308753
2024-07-25,4875,4875,4720,4775,86267,-0.021516393442622905
