Date,Open,High,Low,Close,Volume,Change
2022-01-03,4335,4500,4305,4460,177719,0.028835063437139485
2022-01-04,4470,4500,4380,4420,109911,-0.008968609865470878
2022-01-05,4420,4455,4320,4380,102548,-0.009049773755656076
2022-01-06,4290,4370,4255,4310,105987,-0.01598173515981738
2022-01-07,4310,4380,4290,4370,115963,0.0139211136890951
2022-01-10,4455,4470,4335,4445,196162,0.017162471395880896
2022-01-11,4405,4555,4305,4375,172030,-0.015748031496062964
2022-01-12,4370,4520,4370,4475,214991,0.02285714285714291
2022-01-13,4500,4550,4415,4465,151334,-0.0022346368715083775
2022-01-14,4470,4470,4330,4380,137142,-0.01903695408734607
2022-01-17,4335,4500,4250,4280,83238,-0.022831050228310557
2022-01-18,4215,4290,4170,4250,63777,-0.007009345794392496
2022-01-19,4155,4235,4100,4115,108948,-0.03176470588235292
2022-01-20,4130,4180,4080,4130,24224,0.0036452004860267895
2022-01-21,4055,4170,4055,4095,46517,-0.008474576271186418
2022-01-24,4095,4095,3940,3965,122435,-0.031746031746031744
2022-01-25,3965,4130,3780,3825,211367,-0.035308953341740223
2022-01-26,3785,3895,3735,3815,101787,-0.002614379084967311
2022-01-27,3800,3880,3670,3675,113069,-0.03669724770642202
2022-01-28,3695,3830,3665,3810,38746,0.03673469387755102
2022-02-03,3825,3960,3825,3890,86189,0.0209973753280841
2022-02-04,3900,4100,3900,4000,58448,0.028277634961439535
2022-02-07,4000,4140,3970,4125,71368,0.03125
2022-02-08,4115,4220,4065,4085,67803,-0.009696969696969648
2022-02-09,4160,4160,4055,4105,21589,0.004895960832313362
2022-02-10,4090,4140,4090,4095,39105,-0.0024360535931789995
2022-02-11,4115,4115,4020,4030,56986,-0.015873015873015928
2022-02-14,3990,4000,3865,3925,59228,-0.02605459057071957
2022-02-15,3975,4730,3890,4000,3162554,0.019108280254777066
2022-02-16,4000,4125,4000,4090,172622,0.022499999999999964
2022-02-17,4095,4175,4000,4060,218022,-0.007334963325183352
2022-02-18,4020,4100,3990,4065,47815,0.0012315270935960854
2022-02-21,4060,4060,3980,4030,42674,-0.008610086100861003
2022-02-22,4025,4025,3955,4000,90938,-0.007444168734491274
2022-02-23,4000,4085,3985,4085,81950,0.02124999999999999
2022-02-24,4085,4235,4055,4155,236349,0.017135862913096656
2022-02-25,4165,4220,4065,4075,90374,-0.019253910950661868
2022-02-28,4160,4160,4045,4075,42958,0.0
2022-03-02,4075,4175,4050,4155,61263,0.019631901840490906
2022-03-03,4175,4385,4175,4355,195829,0.048134777376654725
2022-03-04,4420,4420,4325,4360,82278,0.0011481056257176547
2022-03-07,4355,4550,4350,4355,295383,-0.0011467889908256534
2022-03-08,4440,4490,4275,4355,284423,0.0
2022-03-10,4480,4545,4435,4435,237084,0.018369690011481143
2022-03-11,4495,4565,4470,4490,143797,0.012401352874858995
2022-03-14,4500,4540,4450,4525,145199,0.007795100222717233
2022-03-15,4440,4480,4350,4400,116943,-0.027624309392265234
2022-03-16,4405,4405,4230,4285,193205,-0.026136363636363624
2022-03-17,4300,4355,4255,4305,121806,0.004667444574095736
2022-03-18,4330,4365,4275,4340,51031,0.008130081300812941
2022-03-21,4350,4460,4345,4450,97654,0.025345622119815614
2022-03-22,4470,4490,4395,4440,60314,-0.0022471910112359383
2022-03-23,4460,4480,4420,4440,60611,0.0
2022-03-24,4490,4700,4460,4615,599105,0.0394144144144144
2022-03-25,4620,4620,4465,4465,179594,-0.03250270855904658
2022-03-28,4470,4650,4470,4580,170441,0.025755879059350395
2022-03-29,4625,4625,4525,4550,103093,-0.0065502183406113135
2022-03-30,4600,4600,4440,4450,114102,-0.02197802197802201
2022-03-31,4450,4490,4400,4465,89188,0.003370786516853963
2022-04-01,4430,4485,4345,4455,126142,-0.002239641657334812
2022-04-04,4410,4495,4390,4470,71319,0.0033670033670034627
2022-04-05,4500,5120,4500,4675,7994416,0.045861297539149914
2022-04-06,4690,4770,4605,4615,745862,-0.012834224598930466
2022-04-07,4615,4665,4430,4450,464096,-0.03575297941495126
2022-04-08,4435,4495,4380,4465,187238,0.003370786516853963
2022-04-11,4450,4575,4415,4560,127217,0.02127659574468077
2022-04-12,4545,4545,4430,4470,144886,-0.019736842105263164
2022-04-13,4470,4525,4425,4505,77263,0.007829977628635243
2022-04-14,4510,4625,4510,4585,298684,0.017758046614872347
2022-04-15,4830,5130,4500,4500,3987005,-0.018538713195201728
2022-04-18,4535,4725,4530,4590,652668,0.020000000000000018
2022-04-19,4665,4730,4600,4630,428946,0.008714596949890963
2022-04-20,4610,5430,4590,4970,8490389,0.07343412526997839
2022-04-21,5030,5140,4920,4975,2874553,0.001006036217303885
2022-04-22,4915,5850,4845,5450,19593045,0.09547738693467345
2022-04-25,5420,5810,5300,5690,5629960,0.044036697247706424
2022-04-26,5760,5830,5460,5510,6082965,-0.03163444639718804
2022-04-27,5410,5560,5040,5140,2735077,-0.06715063520871145
2022-04-28,5130,5140,5000,5000,956582,-0.027237354085603127
2022-04-29,5040,5170,4990,5060,769699,0.01200000000000001
2022-05-02,5020,5260,5020,5190,1401843,0.025691699604743157
2022-05-03,5290,5310,5030,5100,744101,-0.017341040462427793
2022-05-04,5160,5240,5050,5100,646017,0.0
2022-05-06,5050,5340,5030,5130,1426771,0.00588235294117645
2022-05-09,5210,5210,4905,4905,897786,-0.04385964912280704
2022-05-10,4870,4870,4660,4830,702876,-0.015290519877675823
2022-05-11,4820,5080,4775,4790,1131246,-0.008281573498964856
2022-05-12,4760,4910,4650,4715,451730,-0.01565762004175364
2022-05-13,4720,4790,4680,4705,359383,-0.0021208907741251393
2022-05-16,4745,4940,4740,4860,407325,0.032943676939426236
2022-05-17,4885,4885,4725,4755,381630,-0.021604938271604923
2022-05-18,4760,4800,4690,4705,365343,-0.01051524710830709
2022-05-19,4630,4775,4570,4675,491592,-0.006376195536663132
2022-05-20,4710,4710,4630,4650,208878,-0.005347593582887722
2022-05-23,4705,4760,4630,4685,220602,0.007526881720430145
2022-05-24,4705,4720,4465,4465,629897,-0.046958377801494144
2022-05-25,4935,5150,4535,4540,4515759,0.016797312430011146
2022-05-26,4565,4670,4565,4605,428441,0.014317180616740144
2022-05-27,4735,5080,4675,4910,3024051,0.0662323561346363
2022-05-30,4905,5080,4855,4965,1292589,0.011201629327902252
2022-05-31,4955,4985,4875,4915,381610,-0.010070493454179208
2022-06-02,4915,4940,4850,4860,224617,-0.011190233977619535
2022-06-03,4875,4895,4790,4825,215056,-0.007201646090534974
2022-06-07,4825,4935,4825,4880,280503,0.011398963730570033
2022-06-08,4860,4895,4775,4855,144042,-0.0051229508196721785
2022-06-09,4885,4970,4715,4770,736658,-0.01750772399588052
2022-06-10,4750,4795,4715,4715,132713,-0.011530398322851187
2022-06-13,4610,4700,4475,4475,326320,-0.05090137857900323
2022-06-14,4360,4420,4245,4300,302611,-0.03910614525139666
2022-06-15,4280,4375,4050,4085,334590,-0.050000000000000044
2022-06-16,4125,4200,4070,4115,272838,0.007343941248469932
2022-06-17,3955,4055,3955,4020,260695,-0.023086269744835963
2022-06-20,4020,4055,3825,3865,275487,-0.03855721393034828
2022-06-21,3865,3985,3865,3955,156721,0.023285899094437346
2022-06-22,3975,4105,3880,3880,261963,-0.01896333754740831
2022-06-23,3855,3880,3700,3715,354904,-0.04252577319587625
2022-06-24,3680,4400,3680,3915,2106390,0.053835800807537026
2022-06-27,3960,4030,3925,3980,327041,0.016602809706258048
2022-06-28,3980,4030,3955,3995,143054,0.0037688442211054607
2022-06-29,3945,4070,3930,4070,163296,0.018773466833541974
2022-06-30,4070,4090,3965,3985,165260,-0.020884520884520863
2022-07-01,4040,4045,3840,3880,165970,-0.02634880803011297
2022-07-04,3880,3915,3765,3780,168004,-0.02577319587628868
2022-07-05,3780,4155,3780,3965,347470,0.04894179894179884
2022-07-06,3935,3980,3820,3855,192662,-0.02774274905422447
2022-07-07,3880,3930,3880,3910,115417,0.014267185473411104
2022-07-08,3930,4005,3930,3970,85936,0.01534526854219953
2022-07-11,4000,4005,3930,3980,99733,0.0025188916876575096
2022-07-12,3960,3965,3780,3815,230069,-0.041457286432160845
2022-07-13,3795,3865,3790,3840,66771,0.006553079947575258
2022-07-14,3845,3860,3795,3860,44253,0.005208333333333259
2022-07-15,3885,3885,3780,3845,80603,-0.0038860103626943143
2022-07-18,3850,3940,3845,3930,134343,0.022106631989596837
2022-07-19,3930,4075,3900,4055,210412,0.03180661577608146
2022-07-20,4075,4125,4060,4090,118977,0.008631319358816336
2022-07-21,4100,4120,4055,4110,156324,0.004889975550122161
2022-07-22,4115,4150,4095,4100,133058,-0.0024330900243308973
2022-07-25,4065,4160,4065,4130,101328,0.007317073170731714
2022-07-26,4320,4580,4190,4190,2430036,0.014527845036319542
2022-07-27,4245,4320,4215,4215,310552,0.005966587112171906
2022-07-28,4270,4365,4250,4325,267845,0.02609727164887299
2022-07-29,4400,4575,4395,4490,678759,0.03815028901734108
2022-08-01,4605,4605,4450,4465,277398,-0.0055679287305122616
2022-08-02,4415,4475,4390,4430,118718,-0.007838745800671898
2022-08-03,4430,4645,4395,4600,250864,0.038374717832957206
2022-08-04,4635,4635,4465,4515,162141,-0.018478260869565166
2022-08-05,4485,4560,4430,4495,184241,-0.0044296788482834915
2022-08-08,4625,4630,4445,4530,211633,0.007786429365962189
2022-08-09,4530,4570,4480,4525,129269,-0.001103752759381904
2022-08-10,4525,4660,4485,4615,267211,0.019889502762430844
2022-08-11,4650,4845,4620,4780,505166,0.03575297941495115
2022-08-12,4810,4860,4765,4810,266682,0.006276150627614996
2022-08-16,4900,5200,4705,4855,1644840,0.009355509355509328
2022-08-17,4580,4595,4450,4510,1031523,-0.07106076210092693
2022-08-18,4460,4535,4425,4470,294158,-0.008869179600886956
2022-08-19,4515,4635,4465,4540,331948,0.015659955257270708
2022-08-22,4515,4515,4410,4450,198265,-0.01982378854625555
2022-08-23,4855,5050,4475,4475,2823596,0.00561797752808979
2022-08-24,4515,4875,4515,4730,1880857,0.056983240223463794
2022-08-25,4725,4780,4665,4725,366261,-0.0010570824524313016
2022-08-26,4775,4780,4625,4665,352740,-0.012698412698412653
2022-08-29,4485,4685,4480,4565,320018,-0.02143622722400862
2022-08-30,4620,4695,4605,4640,214329,0.016429353778751432
2022-08-31,4670,4800,4645,4735,461276,0.020474137931034475
2022-09-01,4735,4735,4580,4680,240507,-0.011615628299894376
2022-09-02,4680,4680,4595,4630,232632,-0.010683760683760646
2022-09-05,4620,4775,4605,4630,407866,0.0
2022-09-06,4630,4770,4620,4760,337173,0.02807775377969768
2022-09-07,4720,4845,4700,4810,495972,0.010504201680672232
2022-09-08,4835,4925,4710,4810,323343,0.0
2022-09-13,4830,4840,4730,4805,234099,-0.0010395010395010118
2022-09-14,4680,4850,4655,4825,158189,0.004162330905306932
2022-09-15,5020,5130,4900,5130,1321597,0.06321243523316067
2022-09-16,5120,5450,5010,5280,2588684,0.029239766081871288
2022-09-19,5410,5430,5180,5230,1993021,-0.009469696969697017
2022-09-20,5240,5290,5140,5190,679245,-0.007648183556405397
2022-09-21,5270,5350,5120,5230,798798,0.007707129094412402
2022-09-22,5140,5320,5050,5300,617070,0.013384321223709472
2022-09-23,5280,5330,5100,5130,437514,-0.0320754716981132
2022-09-26,5030,5110,4810,4865,728705,-0.051656920077972734
2022-09-27,4795,4920,4660,4795,409132,-0.014388489208633115
2022-09-28,4715,4780,4450,4550,525662,-0.051094890510948954
2022-09-29,4630,4720,4480,4520,353200,-0.00659340659340657
2022-09-30,4430,4570,4390,4405,401661,-0.025442477876106206
2022-10-04,4500,4520,4420,4485,172789,0.018161180476730987
2022-10-05,4515,4530,4245,4310,508084,-0.039018952062430334
2022-10-06,4315,4950,4315,4565,3982048,0.05916473317865423
2022-10-07,4535,4580,4380,4390,498443,-0.03833515881708649
2022-10-11,4295,4350,4110,4115,350688,-0.06264236902050113
2022-10-12,4100,4190,4070,4125,180222,0.002430133657351119
2022-10-13,4110,4190,3950,3960,417009,-0.040000000000000036
2022-10-14,4020,4085,3990,4035,225284,0.018939393939394034
2022-10-17,3955,4125,3945,4110,231039,0.018587360594795488
2022-10-18,4175,4380,4155,4270,388970,0.038929440389294356
2022-10-19,4300,4470,4250,4390,459099,0.02810304449648715
2022-10-20,4410,4445,4265,4265,132432,-0.028473804100227817
2022-10-21,4270,4380,4200,4270,365343,0.0011723329425556983
2022-10-24,4355,4375,4235,4265,123750,-0.0011709601873536313
2022-10-25,4290,4345,4230,4260,121710,-0.0011723329425556983
2022-10-26,4265,4310,4195,4225,106880,-0.008215962441314506
2022-10-27,4255,4360,4235,4335,110423,0.026035502958579926
2022-10-28,4370,4640,4300,4445,1022615,0.025374855824682907
2022-10-31,4490,4560,4430,4530,301393,0.01912260967379087
2022-11-01,4540,4940,4530,4880,898197,0.07726269315673284
2022-11-02,4805,4945,4745,4760,319976,-0.024590163934426257
2022-11-03,4740,4860,4615,4845,227903,0.017857142857142794
2022-11-04,4820,4895,4765,4800,242114,-0.009287925696594423
2022-11-07,4820,4880,4735,4820,189976,0.004166666666666652
2022-11-08,4850,4875,4665,4725,266530,-0.01970954356846477
2022-11-09,4740,4740,4620,4655,288838,-0.014814814814814836
2022-11-10,4635,4695,4510,4570,213183,-0.018259935553168627
2022-11-11,4670,4670,4530,4560,203283,-0.002188183807439792
2022-11-14,4600,4600,4495,4525,230731,-0.007675438596491224
2022-11-15,4540,4655,4540,4635,259101,0.024309392265193353
2022-11-16,4660,4720,4605,4660,248310,0.005393743257820827
2022-11-17,4705,4720,4650,4695,163054,0.007510729613734002
2022-11-18,4660,4725,4555,4585,288593,-0.023429179978700754
2022-11-21,4580,4680,4540,4580,207616,-0.0010905125408942062
2022-11-22,4580,4630,4515,4630,164891,0.01091703056768556
2022-11-23,4655,4820,4630,4815,731303,0.03995680345572361
2022-11-24,4975,4980,4720,4730,1278813,-0.017653167185877505
2022-11-25,4710,4780,4675,4725,200194,-0.0010570824524313016
2022-11-28,4715,4720,4540,4540,280856,-0.03915343915343916
2022-11-29,4475,4610,4465,4580,102657,0.008810572687224738
2022-11-30,4580,4620,4545,4615,82021,0.007641921397379958
2022-12-01,4660,4660,4605,4620,130199,0.0010834236186347823
2022-12-02,4600,4670,4550,4550,126935,-0.015151515151515138
2022-12-05,4535,4580,4505,4520,116091,-0.00659340659340657
2022-12-06,4450,4790,4410,4435,778051,-0.01880530973451322
2022-12-07,4390,4435,4380,4425,131876,-0.0022547914317925244
2022-12-08,4415,4415,4325,4335,125242,-0.02033898305084747
2022-12-09,4360,4375,4325,4355,99811,0.0046136101499423265
2022-12-12,4355,4400,4320,4400,93024,0.010332950631458004
2022-12-13,4560,4735,4475,4675,787114,0.0625
2022-12-14,4675,4675,4560,4585,227333,-0.019251336898395754
2022-12-15,4625,4625,4545,4580,109819,-0.0010905125408942062
2022-12-16,4520,4570,4505,4565,80344,-0.0032751091703057122
2022-12-19,4545,4695,4535,4655,172780,0.019715224534501585
2022-12-20,4620,4705,4545,4590,138435,-0.013963480128893702
2022-12-21,4555,4640,4550,4615,124231,0.005446623093681824
2022-12-22,4640,4680,4610,4670,169064,0.011917659804983716
2022-12-23,4635,4640,4540,4550,185273,-0.025695931477516032
2022-12-26,4530,4580,4455,4505,133374,-0.009890109890109855
2022-12-27,4460,4625,4460,4625,297354,0.02663706992230863
2022-12-28,4520,4555,4440,4440,145711,-0.040000000000000036
2022-12-29,4450,4485,4230,4350,244276,-0.020270270270270285
2023-01-02,4310,4380,4200,4205,119281,-0.033333333333333326
2023-01-03,4180,4315,4105,4175,128663,-0.007134363852556502
2023-01-04,4115,4215,4115,4170,108402,-0.0011976047904191933
2023-01-05,4170,4220,4115,4180,130766,0.0023980815347721673
2023-01-06,4180,4315,4105,4225,160236,0.010765550239234534
2023-01-09,4255,4300,4205,4245,176299,0.004733727810650956
2023-01-10,4260,4350,4240,4255,176608,0.002355712603062443
2023-01-11,4320,4325,4265,4300,83883,0.010575793184488758
2023-01-12,4345,4345,4280,4300,91807,0.0
2023-01-13,4320,4320,4290,4315,94835,0.0034883720930232176
2023-01-16,4335,4335,4300,4315,64712,0.0
2023-01-17,4305,4330,4190,4195,164767,-0.02780996523754342
2023-01-18,4205,4210,4150,4170,54974,-0.005959475566150174
2023-01-19,4165,4170,4140,4170,95427,0.0
2023-01-20,4210,4210,4160,4195,43032,0.005995203836930418
2023-01-25,4215,4245,4190,4210,77792,0.0035756853396902155
2023-01-26,4200,4250,4195,4250,68745,0.009501187648456089
2023-01-27,4265,4290,4240,4240,97624,-0.0023529411764705577
2023-01-30,4240,4265,4190,4190,104687,-0.011792452830188704
2023-01-31,4200,4225,4180,4220,50573,0.007159904534606243
2023-02-01,4235,4250,4210,4230,74836,0.0023696682464455776
2023-02-02,4250,4255,4195,4245,119734,0.0035460992907800915
2023-02-03,4245,4285,4210,4230,88084,-0.0035335689045936647
2023-02-06,4260,4360,4230,4340,210348,0.026004728132387633
2023-02-07,4370,4370,4305,4325,133904,-0.003456221198156695
2023-02-08,4340,4340,4270,4280,147399,-0.010404624277456698
2023-02-09,4285,4300,4265,4275,83867,-0.001168224299065379
2023-02-10,4275,4275,4235,4260,90107,-0.0035087719298245723
2023-02-13,4260,4285,4000,4210,135327,-0.011737089201877882
2023-02-14,4220,4240,4160,4195,54657,-0.0035629453681710332
2023-02-15,4235,4240,4170,4205,107038,0.0023837902264600697
2023-02-16,4195,4240,4190,4215,68030,0.0023781212841855748
2023-02-17,4170,4265,4170,4220,91094,0.0011862396204034287
2023-02-20,4285,4285,4195,4220,88914,0.0
2023-02-21,4220,4295,4210,4290,143504,0.016587677725118377
2023-02-22,4270,4270,4190,4200,107345,-0.020979020979020935
2023-02-23,4195,4205,4125,4160,140149,-0.00952380952380949
2023-02-24,4140,4175,4135,4140,90533,-0.004807692307692291
2023-02-27,4115,4135,4050,4060,264817,-0.019323671497584516
2023-02-28,4400,4400,4025,4025,1034726,-0.008620689655172376
2023-03-02,4045,4060,3970,3995,292500,-0.007453416149068359
2023-03-03,3990,4030,3990,3990,122135,-0.0012515644555695093
2023-03-06,4000,4070,4000,4050,139379,0.015037593984962516
2023-03-07,4050,4090,4015,4030,183823,-0.004938271604938316
2023-03-08,4050,4050,3930,3980,110629,-0.012406947890818865
2023-03-09,3985,4010,3925,3940,139568,-0.01005025125628145
2023-03-10,3920,3930,3840,3865,185830,-0.019035532994923887
2023-03-13,3840,3855,3750,3755,249702,-0.028460543337645583
2023-03-14,3730,3780,3590,3645,315550,-0.02929427430093212
2023-03-15,3655,3735,3650,3690,100103,0.012345679012345734
2023-03-16,3645,3680,3575,3600,166782,-0.024390243902439046
2023-03-17,3615,3665,3600,3625,91878,0.00694444444444442
2023-03-20,3620,3670,3605,3650,64390,0.006896551724137945
2023-03-21,3670,3685,3625,3670,98216,0.005479452054794498
2023-03-22,3670,3680,3630,3645,135588,-0.006811989100817484
2023-03-23,3640,3640,3575,3600,129872,-0.012345679012345734
2023-03-24,3585,3650,3585,3610,94607,0.002777777777777768
2023-03-27,3630,3740,3580,3700,136765,0.024930747922437657
2023-03-28,3685,3745,3685,3700,89488,0.0
2023-03-29,3705,3810,3705,3770,108079,0.018918918918918948
2023-03-30,3760,3785,3730,3770,73816,0.0
2023-03-31,3775,3785,3735,3745,143361,-0.006631299734747964
2023-04-03,3730,3810,3700,3805,188635,0.01602136181575431
2023-04-04,3775,3880,3775,3880,136178,0.019710906701708275
2023-04-05,3870,3880,3760,3770,139996,-0.028350515463917536
2023-04-06,3750,3760,3690,3700,82219,-0.018567639257294433
2023-04-07,3700,3750,3685,3715,119758,0.004054054054054124
2023-04-10,3710,3725,3650,3670,117173,-0.012113055181695809
2023-04-11,3660,3715,3645,3715,77014,0.012261580381471404
2023-04-12,3715,3785,3715,3770,106079,0.014804845222072593
2023-04-13,3740,3790,3715,3755,92280,-0.003978779840848823
2023-04-14,3780,3780,3745,3760,67972,0.0013315579227697327
2023-04-17,3780,3850,3750,3835,201561,0.019946808510638236
2023-04-18,3855,3885,3825,3840,154119,0.0013037809647979959
2023-04-19,3840,3900,3815,3885,126900,0.01171875
2023-04-20,3885,3890,3820,3830,98559,-0.014157014157014203
2023-04-21,3835,3835,3720,3755,97677,-0.019582245430809442
2023-04-24,3750,3755,3680,3680,101142,-0.01997336884154466
2023-04-25,3700,3705,3630,3675,83869,-0.0013586956521739468
2023-04-26,3675,3695,3615,3645,71894,-0.008163265306122436
2023-04-27,3630,3730,3610,3635,86280,-0.002743484224965731
2023-04-28,3650,3690,3585,3650,123579,0.004126547455295837
2023-05-02,3650,3695,3640,3650,93651,0.0
2023-05-03,3640,3680,3640,3655,59150,0.00136986301369868
2023-05-04,3655,3670,3620,3655,69676,0.0
2023-05-08,3680,3715,3660,3715,32788,0.01641586867305067
2023-05-09,3700,3710,3680,3695,36776,-0.0053835800807536804
2023-05-10,3695,3720,3675,3685,37612,-0.0027063599458727605
2023-05-11,3685,3725,3685,3705,35988,0.005427408412483015
2023-05-12,3680,3710,3630,3635,75929,-0.018893387314439902
2023-05-15,3670,3670,3580,3600,69375,-0.009628610729023435
2023-05-16,3595,4265,3580,3645,3306894,0.012499999999999956
2023-05-17,3645,3690,3550,3660,332797,0.004115226337448652
2023-05-18,3675,3730,3675,3675,156236,0.004098360655737654
2023-05-19,3680,3720,3680,3720,88870,0.012244897959183598
2023-05-22,3720,3750,3710,3730,114874,0.0026881720430107503
2023-05-23,3730,3745,3710,3730,98738,0.0
2023-05-24,3730,3740,3695,3705,113641,-0.006702412868632712
2023-05-25,3715,3750,3650,3660,104414,-0.012145748987854255
2023-05-26,3655,3685,3630,3635,65422,-0.006830601092896127
2023-05-30,3635,3730,3635,3640,88575,0.0013755158184318717
2023-05-31,3665,3670,3625,3625,71216,-0.004120879120879106
2023-06-01,3600,3660,3570,3580,128485,-0.012413793103448256
2023-06-02,3615,3660,3580,3630,60099,0.013966480446927276
2023-06-05,3640,3685,3595,3630,62687,0.0
2023-06-07,3635,3655,3620,3650,73300,0.005509641873278293
2023-06-08,3660,3685,3625,3660,96787,0.00273972602739736
2023-06-09,3665,4105,3630,3995,8425995,0.09153005464480879
2023-06-12,3880,3900,3810,3810,1146584,-0.04630788485607007
2023-06-13,3815,3845,3745,3770,525180,-0.01049868766404205
2023-06-14,3780,3810,3700,3705,392226,-0.017241379310344862
2023-06-15,3715,3745,3635,3690,319361,-0.004048582995951455
2023-06-16,3660,3715,3660,3715,175789,0.006775067750677488
2023-06-19,3715,3755,3700,3755,173326,0.010767160161507361
2023-06-20,3755,3785,3725,3730,198976,-0.0066577896138482195
2023-06-21,3730,3760,3670,3690,133155,-0.01072386058981234
2023-06-22,3680,3835,3675,3730,557345,0.01084010840108407
2023-06-23,3730,3760,3690,3730,165477,0.0
2023-06-26,3735,3805,3700,3780,173122,0.013404825737265424
2023-06-27,3755,3830,3750,3800,151279,0.005291005291005346
2023-06-28,3795,3815,3730,3750,155744,-0.013157894736842146
2023-06-29,3750,3760,3680,3700,111656,-0.013333333333333308
2023-06-30,3700,3710,3670,3675,94219,-0.006756756756756799
2023-07-03,3680,3735,3680,3690,71434,0.004081632653061273
2023-07-04,3700,3735,3685,3695,63362,0.0013550135501354532
2023-07-05,3685,3715,3675,3700,94103,0.0013531799729364913
2023-07-06,3700,3705,3630,3650,150381,-0.013513513513513487
2023-07-07,3630,3650,3560,3580,147392,-0.019178082191780854
2023-07-10,3580,3605,3545,3575,67301,-0.0013966480446927498
2023-07-11,3580,3595,3500,3570,82240,-0.0013986013986013734
2023-07-12,3580,3605,3570,3600,69927,0.008403361344537785
2023-07-13,3605,3640,3595,3610,41252,0.002777777777777768
2023-07-14,3620,3730,3610,3645,287514,0.00969529085872578
2023-07-17,3635,3660,3610,3635,62290,-0.002743484224965731
2023-07-18,3675,3675,3605,3625,65160,-0.0027510316368638543
2023-07-19,3600,3635,3560,3570,114643,-0.015172413793103412
2023-07-20,3570,3600,3550,3565,53003,-0.0014005602240896309
2023-07-21,3575,3590,3540,3550,60114,-0.0042075736325385416
2023-07-24,3570,3570,3455,3480,159956,-0.019718309859154903
2023-07-25,3465,3470,3350,3370,174819,-0.031609195402298895
2023-07-26,3370,3410,3190,3250,316377,-0.035608308605341255
2023-07-27,3310,3335,3255,3290,106953,0.012307692307692353
2023-07-28,3255,3380,3255,3375,76415,0.02583586626139822
2023-07-31,3380,3455,3380,3425,62250,0.014814814814814836
2023-08-01,3445,3480,3410,3430,49385,0.0014598540145984717
2023-08-02,3420,3470,3380,3410,55796,-0.005830903790087438
2023-08-03,3420,3420,3360,3410,45158,0.0
2023-08-04,3380,3445,3380,3430,34724,0.0058651026392961825
2023-08-07,3385,3420,3380,3410,57781,-0.005830903790087438
2023-08-08,3420,3425,3365,3385,52366,-0.007331378299120228
2023-08-09,3375,3450,3370,3430,57498,0.013293943870014813
2023-08-10,3400,3445,3400,3430,58634,0.0
2023-08-11,3430,3470,3430,3445,59892,0.004373177842565523
2023-08-14,3445,3455,3365,3370,81327,-0.021770682148040676
2023-08-16,3365,3365,3290,3310,83914,-0.017804154302670572
2023-08-17,3310,3310,3210,3275,73597,-0.010574018126888185
2023-08-18,3255,3310,3240,3300,31355,0.007633587786259444
2023-08-21,3320,3450,3285,3365,120996,0.01969696969696977
2023-08-22,3365,3365,3315,3325,36723,-0.011887072808320909
2023-08-23,3325,3355,3285,3310,36527,-0.004511278195488688
2023-08-24,3310,3330,3300,3310,34090,0.0
2023-08-25,3335,3335,3300,3310,19289,0.0
2023-08-28,3310,3385,3280,3365,53911,0.0166163141993958
2023-08-29,3365,3385,3355,3365,44975,0.0
2023-08-30,3380,3385,3340,3385,45287,0.005943536404160454
2023-08-31,3400,3400,3350,3355,52756,-0.008862629246676468
2023-09-01,3355,3380,3300,3320,78956,-0.010432190760059634
2023-09-04,3305,3340,3295,3320,61483,0.0
2023-09-05,3350,3350,3270,3310,124943,-0.003012048192771122
2023-09-06,3310,3310,3285,3300,30606,-0.0030211480362537513
2023-09-07,3290,3305,3265,3290,43767,-0.00303030303030305
2023-09-08,3290,3315,3280,3290,26651,0.0
2023-09-11,3300,3315,3280,3290,40480,0.0
2023-09-12,3295,3320,3275,3280,51984,-0.003039513677811523
2023-09-13,3285,3325,3255,3270,42165,-0.0030487804878048808
2023-09-14,3260,3285,3255,3280,46767,0.003058103975535076
2023-09-15,3290,3300,3275,3285,53257,0.0015243902439023849
2023-09-18,3270,3295,3270,3285,32394,0.0
2023-09-19,3275,3295,3255,3270,49077,-0.004566210045662156
2023-09-20,3245,3275,3240,3255,63407,-0.004587155963302725
2023-09-21,3245,3250,3200,3210,84715,-0.01382488479262678
2023-09-22,3190,3205,3165,3195,75485,-0.004672897196261627
2023-09-25,3195,3215,3130,3140,69126,-0.017214397496087663
2023-09-26,3165,3180,3095,3130,57912,-0.0031847133757961776
2023-09-27,3090,3170,3090,3170,55186,0.012779552715654896
2023-10-04,3140,3145,3090,3095,74082,-0.023659305993690816
2023-10-05,3125,3125,3060,3080,38623,-0.004846526655896577
2023-10-06,3045,3100,3045,3100,25124,0.006493506493506551
2023-10-10,3100,3125,3065,3100,22425,0.0
2023-10-11,3105,3140,3105,3135,22061,0.011290322580645107
2023-10-12,3110,3155,3110,3150,37099,0.004784688995215225
2023-10-13,3150,3160,3120,3130,19855,-0.006349206349206327
2023-10-16,3100,3165,3100,3140,21248,0.0031948881789136685
2023-10-17,3135,3175,3120,3150,43093,0.0031847133757962887
2023-10-18,3155,3175,3140,3145,29314,-0.0015873015873015817
2023-10-19,3125,3135,3065,3070,64705,-0.02384737678855331
2023-10-20,3070,3235,3000,3045,249596,-0.008143322475570036
2023-10-23,3080,3095,3005,3005,43471,-0.013136288998357948
2023-10-24,3010,3040,2975,3040,42325,0.011647254575707144
2023-10-25,3035,3070,3035,3050,34387,0.00328947368421062
2023-10-26,3005,3095,3005,3010,48201,-0.013114754098360604
2023-10-27,3025,3045,3005,3030,23878,0.006644518272425293
2023-10-30,3010,3070,3010,3055,18712,0.008250825082508184
2023-10-31,3065,3070,3030,3060,36275,0.0016366612111293755
2023-11-01,3075,3075,3030,3055,40148,-0.0016339869281045694
2023-11-02,3065,3115,3060,3110,32765,0.018003273322422242
2023-11-03,3095,3160,3095,3150,47954,0.012861736334405238
2023-11-06,3150,3170,3135,3160,48664,0.0031746031746031633
2023-11-07,3165,3165,3085,3130,60568,-0.009493670886076
2023-11-08,3125,3170,3125,3160,64639,0.009584664536741228
2023-11-09,3155,3180,3130,3150,32121,-0.0031645569620253333
2023-11-10,3160,3160,3090,3100,56717,-0.015873015873015928
2023-11-13,3115,3120,3050,3100,46697,0.0
2023-11-14,3090,3125,3085,3120,27648,0.006451612903225712
2023-11-15,3100,3130,3100,3125,91835,0.0016025641025640969
2023-11-16,3140,3140,3115,3130,25884,0.0016000000000000458
2023-11-17,3115,3145,3115,3135,21303,0.0015974440894568342
2023-11-20,3120,3155,3120,3145,31960,0.0031897926634769647
2023-11-21,3165,3175,3150,3160,35734,0.004769475357710551
2023-11-22,3150,3175,3145,3165,37089,0.0015822784810126667
2023-11-23,3170,3180,3145,3155,38403,-0.003159557661927326
2023-11-24,3150,3165,3150,3165,18843,0.0031695721077653616
2023-11-27,3180,3200,3165,3180,66178,0.004739336492890933
2023-11-28,3195,3205,3165,3170,84374,-0.0031446540880503138
2023-11-29,3170,3185,3155,3160,65276,-0.003154574132492094
2023-11-30,3155,3175,3145,3160,39266,0.0
2023-12-01,3160,3170,3140,3140,44433,-0.006329113924050667
2023-12-04,3130,3165,3130,3140,28402,0.0
2023-12-05,3125,3150,3125,3135,25478,-0.0015923566878981443
2023-12-06,3150,3150,3125,3135,36570,0.0
2023-12-07,3140,3140,3100,3130,70692,-0.0015948963317384823
2023-12-08,3140,3140,3100,3120,59563,-0.0031948881789137795
2023-12-11,3130,3155,3115,3145,27182,0.008012820512820484
2023-12-12,3135,3170,3125,3165,46261,0.006359300476947549
2023-12-13,3165,3165,3130,3130,40563,-0.011058451816745696
2023-12-14,3150,3150,3120,3125,86719,-0.0015974440894568342
2023-12-15,3120,3155,3095,3095,147920,-0.009600000000000053
2023-12-18,3090,3115,3085,3115,27816,0.00646203554119551
2023-12-19,3110,3120,3100,3100,34410,-0.0048154093097912964
2023-12-20,3095,3135,3095,3115,45245,0.004838709677419395
2023-12-21,3115,3135,3110,3125,47359,0.0032102728731941976
2023-12-22,3135,3160,3125,3145,33439,0.006399999999999961
2023-12-26,3150,3160,3115,3155,108751,0.0031796502384737746
2023-12-27,3150,3150,3110,3135,73433,-0.006339144215530945
2023-12-28,3105,3180,3105,3170,75423,0.011164274322169154
2024-01-02,3170,3175,3135,3145,62057,-0.007886435331230235
2024-01-03,3145,3145,3115,3120,75860,-0.007949125596184436
2024-01-04,3130,3145,3110,3115,62485,-0.0016025641025640969
2024-01-05,3120,3135,3110,3125,40401,0.0032102728731941976
2024-01-08,3125,3140,3090,3140,66378,0.0047999999999999154
2024-01-09,3145,3145,3070,3110,85522,-0.009554140127388533
2024-01-10,3120,3180,3100,3130,95517,0.006430868167202508
2024-01-11,3125,3150,3125,3145,44439,0.004792332268370503
2024-01-12,3140,3145,3105,3120,62322,-0.007949125596184436
2024-01-15,3120,3160,3120,3130,47214,0.0032051282051281937
2024-01-16,3130,3150,3115,3135,28552,0.0015974440894568342
2024-01-17,3145,3145,3055,3060,114470,-0.02392344497607657
2024-01-18,3070,3095,3055,3070,48871,0.0032679738562091387
2024-01-19,3090,3100,3060,3075,43508,0.0016286644951140072
2024-01-22,3070,3085,3050,3070,33947,-0.001626016260162566
2024-01-23,3050,3080,3050,3080,41522,0.0032573289902280145
2024-01-24,3100,3100,3065,3065,12883,-0.004870129870129913
2024-01-25,3065,3160,3055,3110,73517,0.014681892332789603
2024-01-26,3110,3145,3085,3120,43683,0.003215434083601254
2024-01-29,3120,3140,3080,3130,82294,0.0032051282051281937
2024-01-30,3135,3155,3115,3145,59602,0.004792332268370503
2024-01-31,3140,3150,3110,3125,44042,-0.006359300476947549
2024-02-01,3125,3340,3095,3165,779409,0.012799999999999923
2024-02-02,3165,3210,3160,3210,128799,0.014218009478673022
2024-02-05,3220,3255,3200,3215,93859,0.0015576323987538387
2024-02-06,3210,3250,3190,3210,81541,-0.0015552099533436836
2024-02-07,3220,3240,3205,3225,56128,0.004672897196261738
2024-02-08,3225,3250,3200,3210,54992,-0.0046511627906976605
2024-02-13,3205,3225,3195,3215,31508,0.0015576323987538387
2024-02-14,3200,3220,3185,3205,47369,-0.0031104199066873672
2024-02-15,3205,3220,3170,3175,37970,-0.009360374414976613
2024-02-16,3175,3210,3160,3190,38745,0.0047244094488188
2024-02-19,3190,3260,3180,3250,123294,0.018808777429467183
2024-02-20,3260,3265,3200,3225,50067,-0.007692307692307665
2024-02-21,3225,3235,3205,3230,34620,0.0015503875968991832
2024-02-22,3225,3225,3195,3200,40025,-0.009287925696594423
2024-02-23,3250,3250,3190,3215,30967,0.004687499999999956
2024-02-26,3200,3200,3115,3120,112434,-0.029548989113530322
2024-02-27,3105,3135,3105,3105,54852,-0.004807692307692291
2024-02-28,3115,3125,3100,3120,32444,0.004830917874396157
2024-02-29,3110,3125,3050,3105,44058,-0.004807692307692291
2024-03-04,3105,3130,3085,3105,36272,0.0
2024-03-05,3090,3105,3075,3085,53573,-0.006441223832528209
2024-03-06,3065,3105,3065,3075,42619,-0.0032414910858995505
2024-03-07,3055,3095,3035,3040,82167,-0.011382113821138184
2024-03-08,3040,3060,3025,3030,40862,-0.003289473684210509
2024-03-11,3010,3030,3005,3025,58035,-0.0016501650165016146
2024-03-12,3015,3045,3010,3045,27200,0.006611570247933907
2024-03-13,3025,3050,3020,3040,14036,-0.0016420361247947435
2024-03-14,3035,3080,3020,3040,22625,0.0
2024-03-15,3030,3070,3000,3040,64031,0.0
2024-03-18,3035,3090,3025,3075,50056,0.011513157894736947
2024-03-19,3050,3075,3035,3040,44889,-0.011382113821138184
2024-03-20,3040,3055,3025,3050,26719,0.00328947368421062
2024-03-21,3040,3075,3035,3045,39545,-0.0016393442622950616
2024-03-22,3060,3060,3025,3045,29794,0.0
2024-03-25,3065,3070,3045,3055,55999,0.003284072249589487
2024-03-26,3045,3095,3045,3080,38119,0.008183306055646433
2024-03-27,3070,3090,3050,3065,35372,-0.004870129870129913
2024-03-28,3065,3095,3060,3070,10927,0.0016313213703098572
2024-03-29,3100,3185,3040,3080,332259,0.0032573289902280145
2024-04-01,3110,3175,3100,3145,142196,0.02110389610389607
2024-04-02,3135,3160,3100,3100,65307,-0.014308426073131986
2024-04-03,3100,3150,3085,3085,63158,-0.004838709677419395
2024-04-04,3085,3140,3085,3100,14911,0.004862236628849326
2024-04-05,3100,3130,3065,3120,51762,0.006451612903225712
2024-04-08,3095,3120,3090,3105,40334,-0.004807692307692291
2024-04-09,3090,3115,3085,3090,18764,-0.004830917874396157
2024-04-11,3065,3120,3065,3080,26297,-0.003236245954692518
2024-04-12,3080,3110,3065,3085,19624,0.0016233766233766378
2024-04-15,3075,3075,3040,3050,40216,-0.011345218800648316
2024-04-16,3050,3050,3015,3025,60710,-0.008196721311475419
2024-04-17,3025,3050,3000,3020,54244,-0.0016528925619834212
2024-04-18,3030,3045,3000,3025,65203,0.0016556291390728006
2024-04-19,3035,3040,3000,3025,65972,0.0
2024-04-22,3035,3060,3010,3055,45298,0.009917355371900749
2024-04-23,3025,3070,3025,3060,28550,0.0016366612111293755
2024-04-24,3075,3080,3050,3080,29042,0.006535947712418277
2024-04-25,3050,3100,3050,3070,19494,-0.0032467532467532756
2024-04-26,3090,3090,3045,3070,24142,0.0
2024-04-29,3080,3095,3055,3085,32139,0.004885993485342022
2024-04-30,3085,3135,3080,3110,50626,0.008103727714748876
2024-05-02,3105,3140,3100,3105,12452,-0.001607717041800627
2024-05-03,3120,3130,3095,3120,18866,0.004830917874396157
2024-05-07,3130,3135,3080,3135,52445,0.004807692307692291
2024-05-08,3100,3145,3100,3130,26116,-0.0015948963317384823
2024-05-09,3120,3145,3120,3120,18760,-0.0031948881789137795
2024-05-10,3145,3185,3125,3125,62170,0.0016025641025640969
2024-05-13,3150,3150,3095,3110,27158,-0.0048000000000000265
2024-05-14,3115,3125,3085,3115,39536,0.001607717041800738
2024-05-16,3160,3160,3080,3120,49617,0.0016051364365972098
2024-05-17,3100,3145,3080,3115,108913,-0.0016025641025640969
2024-05-20,3100,3150,3095,3105,69093,-0.0032102728731941976
2024-05-21,3105,3120,3055,3100,68229,-0.0016103059581320522
2024-05-22,3075,3100,3070,3075,37514,-0.008064516129032251
2024-05-23,3090,3115,3080,3090,33401,0.004878048780487809
2024-05-24,3165,3165,3100,3100,90841,0.003236245954692629
2024-05-27,3135,3155,3090,3095,64637,-0.001612903225806428
2024-05-28,3090,3130,3090,3105,64192,0.003231017770597644
2024-05-29,3095,3180,3095,3115,159576,0.0032206119162641045
2024-05-30,3090,3125,3080,3100,31064,-0.0048154093097912964
2024-05-31,3125,3125,3080,3090,45941,-0.003225806451612856
2024-06-03,3085,3140,3085,3120,72383,0.009708737864077666
2024-06-04,3090,3140,3090,3130,47905,0.0032051282051281937
2024-06-05,3110,3140,3110,3110,39861,-0.006389776357827448
2024-06-07,3115,3145,3115,3130,48779,0.006430868167202508
2024-06-10,3130,3205,3120,3175,103307,0.01437699680511173
2024-06-11,3155,3210,3155,3195,94174,0.006299212598425141
2024-06-12,3200,3205,3190,3205,63064,0.003129890453834161
2024-06-13,3205,3205,3180,3180,44591,-0.007800312012480548
2024-06-14,3200,3200,3160,3170,39328,-0.0031446540880503138
2024-06-17,3160,3180,3155,3170,38403,0.0
2024-06-18,3155,3185,3135,3135,56029,-0.01104100946372244
2024-06-19,3170,3170,3120,3125,39110,-0.0031897926634768536
2024-06-20,3120,3155,3105,3145,42341,0.006399999999999961
2024-06-21,3120,3275,3120,3215,345546,0.022257551669316422
2024-06-24,3185,3230,3175,3210,50824,-0.0015552099533436836
2024-06-25,3220,3220,3180,3180,59013,-0.009345794392523366
2024-06-26,3220,3220,3165,3195,51618,0.004716981132075526
2024-06-27,3180,3210,3175,3175,56537,-0.006259780907668211
2024-06-28,3215,3215,3160,3190,41485,0.0047244094488188
2024-07-01,3215,3215,3165,3190,52266,0.0
2024-07-02,3180,3200,3175,3175,60349,-0.00470219435736674
2024-07-03,3175,3195,3115,3115,81263,-0.018897637795275646
2024-07-04,3115,3120,3045,3050,148537,-0.020866773675762396
2024-07-05,3070,3095,3050,3075,55086,0.008196721311475308
2024-07-08,3055,3105,3055,3085,27346,0.003252032520325132
2024-07-09,3055,3095,3055,3080,32341,-0.0016207455429497752
2024-07-10,3080,3115,3075,3115,22741,0.011363636363636465
2024-07-11,3095,3140,3055,3070,72091,-0.014446227929374
2024-07-12,3070,3100,3055,3065,62713,-0.0016286644951140072
2024-07-15,3090,3100,3065,3090,25653,0.00815660685154973
2024-07-16,3125,3200,3125,3155,219012,0.021035598705501535
2024-07-17,3155,3205,3155,3190,65228,0.011093502377178988
2024-07-18,3185,3195,3150,3175,94630,-0.00470219435736674
2024-07-19,3170,3185,3100,3120,51306,-0.017322834645669305
2024-07-22,3170,3170,3090,3130,44310,0.0032051282051281937
2024-07-23,3170,3170,3120,3145,47266,0.004792332268370503
2024-07-24,3150,3205,3145,3185,72740,0.012718600953895098
2024-07-25,3155,3215,3150,3200,75212,0.0047095761381474865
2024-07-26,3170,3215,3155,3200,71505,0.0
2024-07-29,3200,3210,3140,3160,66037,-0.012499999999999956
2024-07-30,3150,3190,3145,3150,35152,-0.0031645569620253333
2024-07-31,3170,3190,3145,3175,34036,0.007936507936507908
2024-08-01,3190,3195,3160,3175,20407,0.0
2024-08-02,3135,3170,3085,3110,140813,-0.020472440944881876
2024-08-05,3060,3110,2840,2920,241618,-0.06109324758842438
2024-08-06,2880,3030,2880,2985,78725,0.022260273972602773
2024-08-07,2985,3015,2920,3005,47871,0.00670016750418756
2024-08-08,2990,3015,2955,2970,29923,-0.011647254575707144
2024-08-09,2975,3020,2975,3020,30334,0.01683501683501687
2024-08-12,3010,3095,3000,3095,84306,0.024834437086092676
2024-08-13,3095,3100,3030,3045,32186,-0.016155088852988664
2024-08-14,3090,3090,3040,3060,34010,0.0049261083743843415
2024-08-16,3225,3225,3065,3100,133266,0.013071895424836555
2024-08-19,3075,3150,3070,3150,68743,0.016129032258064502
2024-08-20,3150,3175,3125,3165,52313,0.004761904761904745
2024-08-21,3140,3175,3130,3160,52547,-0.0015797788309637184
2024-08-22,3180,3180,3125,3130,57003,-0.009493670886076
2024-08-23,3110,3160,3085,3130,34043,0.0
2024-08-26,3160,3160,3090,3090,25889,-0.012779552715655007
2024-08-27,3100,3120,3075,3075,23130,-0.004854368932038833
2024-08-28,3100,3100,3060,3075,14128,0.0
2024-08-29,3060,3080,3010,3035,82822,-0.013008130081300862
2024-08-30,3060,3070,3025,3040,20358,0.0016474464579900872
2024-09-02,3045,3045,3010,3010,21644,-0.009868421052631526
2024-09-03,3040,3045,3000,3010,20600,0.0
2024-09-04,2980,3025,2940,2945,84424,-0.021594684385382035
2024-09-05,2970,3000,2910,2925,36333,-0.006791171477079749
2024-09-06,2900,2980,2855,2900,55004,-0.008547008547008517
2024-09-09,2855,2935,2830,2890,24570,-0.0034482758620689724
2024-09-10,2940,2940,2875,2910,25138,0.006920415224913601
2024-09-11,2885,2925,2865,2895,41173,-0.005154639175257714
2024-09-12,2900,2920,2870,2915,43136,0.006908462867012188
2024-09-13,2935,2940,2905,2920,16226,0.0017152658662091813
2024-09-19,2915,2940,2875,2940,56028,0.006849315068493178
2024-09-20,2950,2990,2925,2985,24814,0.015306122448979664
2024-09-23,2995,3000,2940,2955,18278,-0.01005025125628145
2024-09-24,2955,2975,2930,2975,14995,0.006768189509306355
2024-09-25,2995,2995,2925,2975,35466,0.0
2024-09-26,2975,2975,2940,2945,43864,-0.010084033613445342
2024-09-27,2955,2955,2910,2925,38546,-0.006791171477079749
2024-09-30,2945,2945,2890,2910,35229,-0.00512820512820511
2024-10-02,2885,2910,2875,2890,30699,-0.0068728522336769515
2024-10-04,2870,2955,2870,2905,64700,0.00519031141868509
2024-10-07,2890,2925,2885,2905,23652,0.0
2024-10-08,2905,2910,2875,2910,65733,0.001721170395869276
2024-10-10,2905,2930,2860,2870,41964,-0.013745704467353903
2024-10-11,2880,2885,2860,2865,22920,-0.0017421602787456303
2024-10-14,2935,3090,2875,2965,968025,0.034904013961605695
2024-10-15,2975,2985,2905,2905,101270,-0.0202360876897133
2024-10-16,2925,2925,2870,2880,49667,-0.008605851979345935
2024-10-17,2885,2885,2850,2860,45614,-0.00694444444444442
2024-10-18,2865,2870,2835,2845,46959,-0.005244755244755206
2024-10-21,2845,2855,2830,2830,37446,-0.005272407732864637
2024-10-22,2870,2870,2805,2815,29552,-0.005300353356890497
2024-10-23,2830,2830,2810,2810,29667,-0.001776198934280604
2024-10-24,2790,2840,2775,2775,57184,-0.01245551601423489
2024-10-25,2775,2805,2725,2735,120819,-0.014414414414414378
2024-10-28,2720,2790,2720,2755,16832,0.007312614259597838
2024-10-29,2755,2800,2745,2760,15247,0.001814882032667775
2024-10-30,2785,2785,2745,2750,35970,-0.0036231884057971175
2024-10-31,2735,2755,2700,2750,112002,0.0
2024-11-01,2705,2750,2700,2710,48912,-0.014545454545454528
2024-11-04,2705,2755,2705,2750,34638,0.014760147601476037
2024-11-05,2750,2760,2720,2745,39172,-0.0018181818181818299
2024-11-06,2770,2770,2720,2740,23584,-0.0018214936247723523
2024-11-07,2785,2785,2695,2715,48297,-0.009124087591240837
2024-11-08,2705,2750,2685,2695,46931,-0.007366482504604033
2024-11-11,2720,2720,2625,2650,74185,-0.016697588126159513
2024-11-12,2680,2680,2535,2560,168230,-0.03396226415094339
2024-11-13,2580,2590,2480,2505,100125,-0.021484375
2024-11-14,2540,2540,2470,2500,43560,-0.001996007984031989
2024-11-15,2490,2545,2465,2525,41405,0.010000000000000009
2024-11-18,2520,2575,2510,2565,83967,0.015841584158415856
2024-11-19,2570,2635,2550,2630,62641,0.025341130604288553
2024-11-20,2630,2635,2590,2630,45459,0.0
2024-11-21,2605,2650,2590,2635,55787,0.0019011406844107182
2024-11-22,2640,2655,2580,2620,71585,-0.005692599620493399
2024-11-25,2620,2650,2600,2625,40210,0.001908396946564972
2024-11-26,2625,2635,2580,2595,47978,-0.011428571428571455
2024-11-27,2630,2660,2570,2655,54175,0.023121387283236983
2024-11-28,2655,2665,2590,2590,56467,-0.024482109227871973
2024-11-29,2585,2635,2575,2595,27151,0.0019305019305020377
2024-12-02,2610,2615,2575,2580,26643,-0.005780346820809301
2024-12-03,2580,2640,2575,2605,24616,0.009689922480620172
2024-12-04,2550,2585,2550,2565,58871,-0.015355086372360827
2024-12-05,2600,2605,2530,2530,38340,-0.013645224171540016
2024-12-06,2525,2540,2440,2500,65683,-0.011857707509881465
2024-12-09,2500,2500,2355,2360,122981,-0.05600000000000005
2024-12-10,2340,2455,2340,2370,181555,0.004237288135593209
2024-12-11,2395,2435,2370,2430,47249,0.025316455696202445
2024-12-12,2430,2460,2420,2450,30606,0.008230452674897082
2024-12-13,2440,2495,2435,2490,31251,0.01632653061224487
2024-12-16,2580,2580,2510,2515,38494,0.010040160642570184
2024-12-17,2535,2545,2515,2545,21000,0.011928429423459175
2024-12-18,2555,2580,2530,2565,26772,0.007858546168958647
2024-12-19,2540,2570,2515,2545,21850,-0.007797270955165692
2024-12-20,2570,2570,2485,2495,36019,-0.01964636542239684
2024-12-23,2495,2595,2495,2570,48796,0.03006012024048088
2024-12-24,2565,2600,2530,2540,29201,-0.011673151750972721
2024-12-26,2580,2590,2540,2575,36393,0.013779527559055094
2024-12-27,2570,2835,2485,2730,873969,0.060194174757281615
2024-12-30,2700,2865,2660,2835,277669,0.03846153846153855
2025-01-02,2850,3425,2810,2950,11289904,0.040564373897707284
2025-01-03,2995,3025,2855,2955,1077672,0.0016949152542373724
2025-01-06,2905,3050,2860,2895,803070,-0.02030456852791873
2025-01-07,2895,3055,2825,2880,1202764,-0.005181347150259086
2025-01-08,2850,2895,2825,2845,211521,-0.01215277777777779
2025-01-09,2805,2835,2650,2700,455854,-0.05096660808435849
2025-01-10,2685,2735,2660,2715,183338,0.005555555555555536
2025-01-13,2690,2810,2670,2810,426551,0.03499079189686927
2025-01-14,2750,2750,2715,2730,134467,-0.028469750889679735
2025-01-15,2720,3170,2690,2710,5034021,-0.0073260073260073
2025-01-16,2770,2850,2745,2770,490715,0.022140221402213944
2025-01-17,2745,2775,2715,2735,190426,-0.012635379061371799
2025-01-20,2715,2775,2700,2750,113690,0.005484460694698434
2025-01-21,2770,2785,2730,2785,94038,0.012727272727272698
2025-01-22,2800,2810,2750,2770,161016,-0.0053859964093356805
2025-01-23,2800,2800,2705,2710,113173,-0.02166064981949456
2025-01-24,2700,2755,2700,2710,37948,0.0
2025-01-31,2700,2700,2665,2675,48755,-0.01291512915129156
2025-02-03,2675,2675,2600,2615,88893,-0.02242990654205612
2025-02-04,2605,2705,2605,2690,102103,0.028680688336520044
2025-02-05,2685,2690,2650,2655,55496,-0.013011152416356864
2025-02-06,2655,2715,2655,2705,55412,0.01883239171374762
2025-02-07,2690,2720,2625,2655,80516,-0.01848428835489835
2025-02-10,2640,2680,2630,2660,29633,0.0018832391713747842
2025-02-11,2665,2680,2655,2660,30470,0.0
2025-02-12,2675,2685,2650,2650,22221,-0.003759398496240629
2025-02-13,2650,2690,2650,2690,27223,0.015094339622641506
2025-02-14,2675,2710,2675,2700,37431,0.0037174721189590088
2025-02-17,2710,2730,2690,2720,40752,0.007407407407407307
2025-02-18,2715,2735,2690,2710,78418,-0.003676470588235281
2025-02-19,2710,2745,2690,2740,78623,0.011070110701107083
2025-02-20,2715,2755,2715,2730,80980,-0.0036496350364964014
2025-02-21,2715,2755,2710,2745,41385,0.005494505494505475
2025-02-24,2715,2785,2715,2785,109480,0.014571948998178597
2025-02-25,2765,2790,2760,2770,46875,-0.0053859964093356805
2025-02-26,2750,2775,2750,2770,49769,0.0
2025-02-27,2780,2780,2745,2745,37381,-0.009025270758122761
2025-02-28,2745,2755,2705,2705,72795,-0.014571948998178486
2025-03-04,2675,2745,2675,2720,56126,0.005545286506469571
2025-03-05,2695,2745,2695,2720,17428,0.0
2025-03-06,2700,3245,2700,2855,4494882,0.049632352941176405
2025-03-07,2810,2855,2750,2805,335326,-0.017513134851138368
2025-03-10,2810,2895,2810,2850,288389,0.016042780748663166
2025-03-11,2765,2865,2750,2815,181296,-0.012280701754386003
2025-03-12,2840,2900,2815,2825,119622,0.003552397868561208
2025-03-13,2800,3240,2800,2920,5450699,0.03362831858407089
2025-03-14,2915,2995,2830,2905,557014,-0.005136986301369828
2025-03-17,2960,2985,2915,2945,448438,0.013769363166953541
2025-03-18,2930,2980,2915,2935,159199,-0.00339558573853993
2025-03-19,2935,2960,2875,2960,145322,0.008517887563884052
2025-03-20,2960,2975,2900,2910,197713,-0.016891891891891886
2025-03-21,2880,2925,2850,2900,104992,-0.0034364261168384758
2025-03-24,2860,2900,2860,2870,97710,-0.010344827586206917
2025-03-25,2875,2940,2870,2900,138257,0.010452961672473782
2025-03-26,2900,2960,2855,2945,155035,0.01551724137931032
2025-03-27,2950,3230,2870,2890,4627205,-0.018675721561969394
2025-03-28,2900,3165,2865,2980,3002127,0.03114186851211076
2025-03-31,2960,3125,2945,2985,837722,0.001677852348993314
2025-04-01,2960,3120,2960,3035,699546,0.01675041876046901
2025-04-02,3050,3050,2925,2965,321481,-0.023064250411861664
2025-04-03,2880,2965,2855,2865,349342,-0.033726812816188834
2025-04-04,2815,3020,2790,3020,480673,0.054101221640488584
2025-04-07,3000,3010,2890,2890,309016,-0.04304635761589404
2025-04-08,2890,2980,2885,2935,135856,0.015570934256055269
2025-04-09,2935,3020,2840,2845,533627,-0.030664395229982988
2025-04-10,2900,2990,2895,2990,194447,0.05096660808435849
2025-04-11,2965,3000,2940,2990,189255,0.0
2025-04-14,3005,3010,2905,2965,199907,-0.00836120401337792
2025-04-15,2965,3010,2955,2990,148605,0.008431703204047292
2025-04-16,2980,2995,2930,2935,196259,-0.018394648829431426
2025-04-17,2920,2965,2900,2965,109038,0.010221465076660996
2025-04-18,2955,3020,2930,3020,114433,0.018549747048903775
2025-04-21,3035,3035,2960,2970,75931,-0.01655629139072845
2025-04-22,2965,3160,2950,3015,912227,0.015151515151515138
2025-04-23,3020,3050,3000,3025,159402,0.0033167495854062867
2025-04-24,3040,3045,2990,2995,118001,-0.00991735537190086
2025-04-25,3005,3040,3000,3020,108544,0.008347245409014992
2025-04-28,3005,3055,2980,2980,124353,-0.013245033112582738
2025-04-29,2975,3015,2950,2970,129165,-0.003355704697986628
2025-04-30,2970,3000,2950,2975,68577,0.0016835016835017313
2025-05-02,2950,2970,2905,2910,124682,-0.021848739495798353
2025-05-07,2900,2930,2895,2925,65287,0.005154639175257714
2025-05-08,2915,2945,2915,2930,57172,0.0017094017094017033
2025-05-09,2930,2940,2875,2875,86447,-0.018771331058020424
2025-05-12,2865,2935,2860,2930,44740,0.019130434782608674
2025-05-13,2935,2940,2915,2925,29834,-0.0017064846416382506
2025-05-14,2950,2970,2900,2940,88280,0.00512820512820511
2025-05-15,2980,2980,2915,2915,47386,-0.008503401360544172
2025-05-16,2925,2925,2830,2835,165335,-0.027444253859348233
2025-05-19,2835,2855,2785,2805,84242,-0.010582010582010581
2025-05-20,2805,2860,2805,2830,23969,0.00891265597147961
2025-05-21,2860,2870,2800,2805,34457,-0.00883392226148405
2025-05-22,2805,2835,2785,2805,53248,0.0
