Date,Open,High,Low,Close,Volume,Change
2022-01-03,303500,307000,296000,297500,44041,-0.026186579378068786
2022-01-04,297500,299500,293000,293000,30829,-0.015126050420168013
2022-01-05,291500,294000,284500,288000,58582,-0.017064846416382284
2022-01-06,282500,287000,276500,277000,69308,-0.03819444444444442
2022-01-07,281500,287000,277500,281000,57891,0.014440433212996373
2022-01-10,280000,283500,272000,273000,54141,-0.028469750889679735
2022-01-11,274000,278500,267500,269000,61600,-0.0146520146520146
2022-01-12,271000,281500,271000,278500,48893,0.03531598513011147
2022-01-13,278500,284000,272000,273500,40762,-0.01795332136445238
2022-01-14,273000,273000,262500,264000,98028,-0.034734917733089565
2022-01-17,264000,267000,257000,261000,72893,-0.011363636363636354
2022-01-18,259500,263000,253000,256000,90390,-0.019157088122605415
2022-01-19,251500,255500,246000,248000,72746,-0.03125
2022-01-20,248000,255000,247000,254000,66745,0.024193548387096753
2022-01-21,250000,258000,249000,253000,66285,-0.003937007874015741
2022-01-24,250000,253500,244000,245500,48386,-0.029644268774703608
2022-01-25,245500,246000,231500,232500,114346,-0.05295315682281054
2022-01-26,234000,234500,221500,228000,129742,-0.01935483870967747
2022-01-27,232000,233000,214500,218000,163606,-0.04385964912280704
2022-01-28,216500,220500,208000,213000,189311,-0.022935779816513735
2022-02-03,216500,217500,208000,213500,151110,0.0023474178403755097
2022-02-04,215000,226500,212500,224500,148061,0.051522248243559776
2022-02-07,225500,227000,218000,223000,147710,-0.006681514476614692
2022-02-08,226500,231000,220500,224500,102845,0.006726457399103047
2022-02-09,228000,232000,225500,227500,51179,0.013363028953229383
2022-02-10,228000,233500,226500,232500,64991,0.0219780219780219
2022-02-11,227500,228000,221500,223000,74737,-0.04086021505376347
2022-02-14,218000,220500,212500,216000,98127,-0.03139013452914796
2022-02-15,213000,220500,206500,215000,79330,-0.00462962962962965
2022-02-16,217500,222500,214000,220000,72199,0.023255813953488413
2022-02-17,220000,225000,215000,218500,64964,-0.006818181818181834
2022-02-18,214000,221500,211500,219500,41406,0.004576659038901587
2022-02-21,215500,217500,213000,217000,26614,-0.011389521640091105
2022-02-22,213000,216500,211000,211000,50197,-0.027649769585253448
2022-02-23,211500,217000,210500,217000,45985,0.028436018957346043
2022-02-24,211500,221000,207500,208000,47974,-0.04147465437788023
2022-02-25,212500,222500,210000,217000,57123,0.04326923076923084
2022-02-28,216500,218500,214000,214500,34239,-0.011520737327188946
2022-03-02,216500,225000,213000,223000,133609,0.03962703962703973
2022-03-03,226500,226500,221000,223000,63344,0.0
2022-03-04,222000,222000,215500,217000,73284,-0.026905829596412523
2022-03-07,212000,214000,207500,207500,82903,-0.04377880184331795
2022-03-08,205000,205000,198000,199000,81066,-0.04096385542168679
2022-03-10,204500,212500,199000,209000,121797,0.05025125628140703
2022-03-11,207000,209000,201000,204000,33275,-0.02392344497607657
2022-03-14,202000,202500,193500,198000,70028,-0.02941176470588236
2022-03-15,196500,199500,193000,195500,48910,-0.012626262626262652
2022-03-16,198000,209000,198000,201000,152918,0.028132992327365658
2022-03-17,210500,216500,210000,212000,108786,0.054726368159204064
2022-03-18,211500,226500,209500,225500,126925,0.06367924528301883
2022-03-21,228000,230500,222500,222500,68554,-0.013303769401330379
2022-03-22,225000,231000,220000,223500,72017,0.004494382022471877
2022-03-23,227000,230000,222000,228000,77231,0.020134228187919545
2022-03-24,224500,229000,222500,227500,39043,-0.002192982456140302
2022-03-25,230500,236500,228500,235000,92699,0.03296703296703307
2022-03-28,235000,236000,229000,233000,52734,-0.008510638297872353
2022-03-29,236000,238500,230000,232500,53985,-0.0021459227467811592
2022-03-30,235500,238500,233000,236000,51695,0.01505376344086029
2022-03-31,235500,248000,234000,245500,100316,0.0402542372881356
2022-04-01,241500,242000,232000,236500,123974,-0.03665987780040736
2022-04-04,233500,238500,231500,236500,32592,0.0
2022-04-05,238000,245000,237500,240000,51934,0.014799154334038
2022-04-06,235500,240000,235000,235000,38290,-0.02083333333333337
2022-04-07,232000,236000,230000,231000,44766,-0.017021276595744705
2022-04-08,232000,237000,232000,236500,38451,0.023809523809523725
2022-04-11,235500,235500,225000,226000,65515,-0.04439746300211411
2022-04-12,222000,223000,217000,221000,71557,-0.02212389380530977
2022-04-13,223000,223500,218000,220000,48277,-0.004524886877828038
2022-04-14,220500,227500,217500,224500,59801,0.020454545454545503
2022-04-15,220500,221500,215500,216000,71653,-0.03786191536748329
2022-04-18,216500,221000,213000,218000,30971,0.0092592592592593
2022-04-19,218500,232000,218000,231000,74260,0.059633027522935755
2022-04-20,228000,232000,227000,230500,54723,-0.0021645021645021467
2022-04-21,232000,244000,231500,236500,88067,0.026030368763557465
2022-04-22,233000,237500,230500,235500,37297,-0.0042283298097252064
2022-04-25,231500,231500,226000,231000,45466,-0.019108280254777066
2022-04-26,231000,232500,227000,228500,75858,-0.010822510822510845
2022-04-27,222000,232500,221500,231000,54790,0.010940919037199182
2022-04-28,233500,239500,230500,235000,76534,0.017316017316017396
2022-04-29,235000,247000,232000,246500,87376,0.04893617021276597
2022-05-02,243000,247000,239000,243000,89334,-0.014198782961460488
2022-05-03,242000,248500,241500,244000,78029,0.004115226337448652
2022-05-04,247500,257500,247000,248500,83011,0.018442622950819665
2022-05-06,243500,245000,238000,242000,112126,-0.026156941649899346
2022-05-09,240000,241500,234000,237000,51125,-0.02066115702479343
2022-05-10,230500,237000,226500,235000,103264,-0.008438818565400852
2022-05-11,233000,237500,231000,236000,59719,0.004255319148936065
2022-05-12,229500,234000,223000,228000,91369,-0.03389830508474578
2022-05-13,234000,245000,234000,243000,151125,0.06578947368421062
2022-05-16,248000,249500,241500,243500,78914,0.002057613168724215
2022-05-17,247000,268000,246000,265500,207060,0.09034907597535935
2022-05-18,265500,270000,261000,264500,133227,-0.0037664783427495685
2022-05-19,258500,269500,258000,262000,129220,-0.009451795841209809
2022-05-20,266500,280000,263500,270500,158365,0.03244274809160297
2022-05-23,271500,272000,263000,266000,77274,-0.01663585951940849
2022-05-24,264000,264000,251500,252500,119288,-0.050751879699248104
2022-05-25,254500,257500,247000,252500,102124,0.0
2022-05-26,254500,258000,246000,250000,98969,-0.00990099009900991
2022-05-27,257000,262500,254500,255000,59227,0.020000000000000018
2022-05-30,260000,267000,257000,266500,66452,0.045098039215686336
2022-05-31,267000,269000,263000,265500,90201,-0.0037523452157598447
2022-06-02,264000,266500,254000,256000,69891,-0.03578154425612057
2022-06-03,259500,261000,256500,258500,40949,0.009765625
2022-06-07,256000,258000,248000,251500,64061,-0.027079303675048405
2022-06-08,251500,254000,248500,252500,54240,0.003976143141153132
2022-06-09,250000,253000,247500,252000,52909,-0.001980198019801982
2022-06-10,248000,250500,244000,250000,48326,-0.007936507936507908
2022-06-13,241500,245500,237000,237000,55637,-0.052000000000000046
2022-06-14,236000,242000,231000,240000,63828,0.012658227848101333
2022-06-15,239000,242500,233000,235500,40812,-0.018750000000000044
2022-06-16,238500,244000,234000,234500,56453,-0.00424628450106157
2022-06-17,226500,231500,219000,228500,140591,-0.02558635394456288
2022-06-20,231500,232000,222000,225000,60921,-0.015317286652078765
2022-06-21,228000,228000,220000,223000,47296,-0.008888888888888835
2022-06-22,225000,225000,210000,211000,101465,-0.053811659192825156
2022-06-23,209000,215500,204000,206000,84195,-0.023696682464455
2022-06-24,206000,217500,205000,217000,58785,0.05339805825242716
2022-06-27,218500,224000,213500,222500,41435,0.025345622119815614
2022-06-28,223000,225000,217000,220000,33276,-0.011235955056179803
2022-06-29,215000,218500,211500,216500,39812,-0.015909090909090873
2022-06-30,215500,216000,202500,204000,58509,-0.05773672055427248
2022-07-01,203000,208000,199000,201000,103301,-0.014705882352941124
2022-07-04,201000,203000,195500,200500,89436,-0.0024875621890547706
2022-07-05,204500,216500,201500,214500,67789,0.06982543640897765
2022-07-06,211500,220000,210500,210500,47319,-0.018648018648018683
2022-07-07,215000,217500,212500,216000,33043,0.026128266033254244
2022-07-08,218000,219000,213000,214000,42630,-0.0092592592592593
2022-07-11,214000,222500,212500,214500,45398,0.002336448598130758
2022-07-12,212500,213000,205000,209500,47100,-0.023310023310023298
2022-07-13,212500,218500,209500,217000,41837,0.03579952267303099
2022-07-14,218000,220000,213000,213500,38104,-0.016129032258064502
2022-07-15,216000,220500,211000,216000,48815,0.011709601873536313
2022-07-18,220000,223000,219000,220500,31030,0.02083333333333326
2022-07-19,222500,222500,216000,222000,29071,0.006802721088435382
2022-07-20,227000,227000,221500,223500,31936,0.006756756756756799
2022-07-21,221500,225500,220500,224500,24640,0.004474272930648837
2022-07-22,221000,225000,219000,219500,25698,-0.022271714922049046
2022-07-25,217500,221000,215500,220000,27372,0.002277904328018332
2022-07-26,219000,223500,218000,223500,16803,0.015909090909090873
2022-07-27,221000,223500,215000,217000,50586,-0.029082774049216997
2022-07-28,220000,223500,219500,223000,63237,0.02764976958525356
2022-07-29,224000,226000,217000,219500,61484,-0.015695067264574036
2022-08-01,218500,227500,217000,225000,55928,0.02505694760820054
2022-08-02,223000,227500,221000,226000,42293,0.004444444444444473
2022-08-03,225500,226500,222000,224500,28064,-0.006637168141592875
2022-08-04,226000,228500,223000,224000,44897,-0.00222717149220486
2022-08-05,225000,226000,222000,224000,25226,0.0
2022-08-08,222000,224000,216000,217000,76228,-0.03125
2022-08-09,217000,218500,209000,211000,83840,-0.027649769585253448
2022-08-10,209500,214500,209000,210500,62569,-0.0023696682464454666
2022-08-11,214000,217000,211500,215000,81327,0.0213776722090262
2022-08-12,214500,222500,213500,222000,65178,0.032558139534883734
2022-08-16,222500,240000,222500,234000,139997,0.054054054054053946
2022-08-17,234000,235500,229000,230500,58494,-0.014957264957264904
2022-08-18,229500,232500,228000,230500,38706,0.0
2022-08-19,230500,231500,225500,226000,33167,-0.0195227765726681
2022-08-22,221500,226500,220500,224000,31227,-0.008849557522123908
2022-08-23,223000,226500,221000,224500,41605,0.0022321428571427937
2022-08-24,224000,228500,222500,226000,40322,0.006681514476614803
2022-08-25,226000,228500,224000,226500,26122,0.0022123893805310324
2022-08-26,227000,229500,224000,224500,30446,-0.008830022075055233
2022-08-29,213500,217000,209500,210000,87951,-0.06458797327394206
2022-08-30,211500,213000,210000,212000,47027,0.00952380952380949
2022-08-31,210500,220500,209500,218500,44050,0.030660377358490587
2022-09-01,213500,216500,210500,210500,41753,-0.03661327231121281
2022-09-02,213000,218000,212000,215000,44253,0.0213776722090262
2022-09-05,216000,216500,205000,207500,57053,-0.03488372093023251
2022-09-06,207500,211500,206000,211000,29702,0.01686746987951815
2022-09-07,208000,211500,207000,208000,31565,-0.014218009478673022
2022-09-08,210500,213000,209500,210500,24941,0.012019230769230838
2022-09-13,213500,218500,213500,217500,47023,0.03325415676959631
2022-09-14,209500,213000,209000,210000,29111,-0.03448275862068961
2022-09-15,211500,215500,209500,215000,26472,0.023809523809523725
2022-09-16,213000,217000,212500,214000,31784,-0.0046511627906976605
2022-09-19,214000,215500,199500,200000,73759,-0.06542056074766356
2022-09-20,203000,203500,183000,187000,185843,-0.06499999999999995
2022-09-21,183000,189000,180000,189000,143659,0.010695187165775444
2022-09-22,185500,195500,184000,195500,87926,0.03439153439153442
2022-09-23,196000,196500,183500,186500,52498,-0.04603580562659848
2022-09-26,184500,184500,177000,178000,58402,-0.04557640750670244
2022-09-27,180000,181000,172000,176500,67685,-0.008426966292134797
2022-09-28,173500,176500,169500,172000,73419,-0.025495750708215303
2022-09-29,174000,177000,170500,172500,49487,0.0029069767441860517
2022-09-30,171000,171500,167000,170000,58243,-0.01449275362318836
2022-10-04,172500,177000,171500,176000,51330,0.03529411764705892
2022-10-05,180000,183000,178500,181000,63932,0.02840909090909083
2022-10-06,181000,185500,180500,184000,26737,0.016574585635359185
2022-10-07,180500,188500,179500,184500,50116,0.0027173913043478937
2022-10-11,176000,180000,170500,173000,68072,-0.06233062330623307
2022-10-12,171000,174000,168000,174000,37340,0.005780346820809301
2022-10-13,174000,174500,165000,165000,46486,-0.051724137931034475
2022-10-14,169500,172000,167000,171000,36977,0.036363636363636376
2022-10-17,168000,173000,166000,171500,24786,0.0029239766081872176
2022-10-18,176000,179000,173500,178500,31350,0.04081632653061229
2022-10-19,181500,186000,176500,180500,37899,0.011204481792717047
2022-10-20,179000,180000,173000,173500,34177,-0.03878116343490301
2022-10-21,171000,177000,171000,174000,25860,0.0028818443804035088
2022-10-24,176500,179500,170500,172000,46072,-0.011494252873563204
2022-10-25,173500,184000,173000,181500,66744,0.05523255813953498
2022-10-26,182000,183000,178000,180000,51331,-0.008264462809917328
2022-10-27,183500,190000,182000,188000,59363,0.04444444444444451
2022-10-28,188000,188500,183500,184000,40784,-0.021276595744680882
2022-10-31,186500,187500,182000,185500,26065,0.008152173913043459
2022-11-01,185500,187000,184000,185500,33497,0.0
2022-11-02,184500,187500,182000,182000,31195,-0.018867924528301883
2022-11-03,177500,184000,177000,181500,25904,-0.0027472527472527375
2022-11-04,181000,184000,178500,182000,27174,0.0027548209366390353
2022-11-07,183500,190500,182000,190500,47202,0.04670329670329676
2022-11-08,191500,193000,185500,187000,42472,-0.018372703412073532
2022-11-09,189000,201500,186000,197000,74305,0.053475935828877
2022-11-10,195000,203500,193500,197000,53013,0.0
2022-11-11,205000,218000,204000,215500,142914,0.09390862944162426
2022-11-14,212000,214500,200500,202000,118711,-0.06264501160092806
2022-11-15,204000,211500,203000,210000,62379,0.03960396039603964
2022-11-16,211000,216000,209000,209000,63591,-0.004761904761904745
2022-11-17,208000,211000,204000,204000,35343,-0.02392344497607657
2022-11-18,205000,212500,204000,210000,53996,0.02941176470588225
2022-11-21,210000,210500,199500,201500,61676,-0.04047619047619044
2022-11-22,202000,202500,197000,199000,28774,-0.012406947890818865
2022-11-23,202500,204000,197000,203500,25464,0.022613065326633208
2022-11-24,205000,210000,204000,208500,25236,0.024570024570024662
2022-11-25,210500,211000,207500,208500,34534,0.0
2022-11-28,206000,208000,201000,205000,29151,-0.016786570743405282
2022-11-29,205000,211500,204000,209500,35221,0.02195121951219514
2022-11-30,207000,214000,206500,210000,57998,0.0023866348448686736
2022-12-01,213000,214000,208000,211000,77890,0.004761904761904745
2022-12-02,211500,212000,206000,206000,25331,-0.023696682464455
2022-12-05,206000,208000,203500,207000,22966,0.004854368932038833
2022-12-06,205500,207500,203000,204500,25617,-0.012077294685990392
2022-12-07,201000,204500,200500,203000,29670,-0.007334963325183352
2022-12-08,203500,205000,199500,200500,36040,-0.012315270935960632
2022-12-09,200500,204000,199000,202000,29771,0.007481296758104827
2022-12-12,204000,204500,199500,201000,17622,-0.004950495049504955
2022-12-13,203000,210500,199000,210500,73347,0.04726368159203975
2022-12-14,209500,209500,203500,208500,34824,-0.009501187648456089
2022-12-15,208500,209000,200500,201000,34673,-0.03597122302158273
2022-12-16,198000,200500,197000,197500,26929,-0.01741293532338306
2022-12-19,197000,198500,194000,194000,17496,-0.017721518987341756
2022-12-20,195000,195000,188500,189000,23227,-0.02577319587628868
2022-12-21,191000,191000,184000,187500,20569,-0.007936507936507908
2022-12-22,188500,197000,184000,196500,32383,0.04800000000000004
2022-12-23,192000,194500,187500,188500,34615,-0.040712468193384255
2022-12-26,190000,193000,186000,191500,25836,0.01591511936339529
2022-12-27,196000,196000,188500,194000,35540,0.01305483028720622
2022-12-28,189500,197500,188500,194500,33524,0.002577319587628857
2022-12-29,191500,193000,185500,185500,19248,-0.046272493573264795
2023-01-02,187000,194000,182500,186000,37769,0.0026954177897573484
2023-01-03,186500,187500,178000,181000,51286,-0.026881720430107503
2023-01-04,179500,185000,176000,185000,52121,0.022099447513812098
2023-01-05,185000,187500,181500,182000,32258,-0.01621621621621616
2023-01-06,178500,186000,178500,185000,47700,0.016483516483516425
2023-01-09,189000,192000,186000,188000,38634,0.016216216216216273
2023-01-10,189000,192000,186500,188500,34956,0.0026595744680850686
2023-01-11,189000,198500,189000,196000,89302,0.039787798408488007
2023-01-12,197000,202500,192000,198000,44857,0.010204081632652962
2023-01-13,201000,202000,194500,196500,39623,-0.007575757575757569
2023-01-16,196000,200000,194500,198000,24964,0.007633587786259444
2023-01-17,200000,204000,196500,201000,35458,0.015151515151515138
2023-01-18,202500,202500,197500,199000,22165,-0.00995024875621886
2023-01-19,198500,202000,196000,201000,17609,0.01005025125628145
2023-01-20,201000,202500,198000,201000,25199,0.0
2023-01-25,203500,209000,201000,205500,29149,0.02238805970149249
2023-01-26,205500,207000,201000,202500,41726,-0.014598540145985384
2023-01-27,201000,206000,200000,206000,42665,0.01728395061728394
2023-01-30,204500,208500,203500,208000,33228,0.009708737864077666
2023-01-31,208500,211500,205500,211000,41536,0.014423076923076872
2023-02-01,209000,211500,207500,209000,41565,-0.009478672985781977
2023-02-02,214500,218000,209000,210000,69266,0.004784688995215225
2023-02-03,209000,210500,207000,209000,31562,-0.004761904761904745
2023-02-06,208000,210500,206000,207000,37850,-0.009569377990430672
2023-02-07,206000,211000,206000,210000,27463,0.01449275362318847
2023-02-08,211500,215000,211500,214000,36384,0.01904761904761898
2023-02-09,214000,218000,211500,216500,68320,0.011682242990654235
2023-02-10,217000,220000,214500,217000,65264,0.002309468822170979
2023-02-13,215500,216500,210000,211500,106488,-0.025345622119815614
2023-02-14,213000,217000,211000,211000,25226,-0.0023640661938534313
2023-02-15,212000,216500,208500,210500,40548,-0.0023696682464454666
2023-02-16,212500,224000,212500,222000,58452,0.05463182897862229
2023-02-17,221500,231500,212500,215000,59312,-0.03153153153153154
2023-02-20,215500,219000,210000,216500,43768,0.006976744186046435
2023-02-21,215000,215500,206500,210500,93794,-0.02771362586605086
2023-02-22,210000,211500,206000,207500,36939,-0.014251781472684133
2023-02-23,207500,209000,203000,206000,51298,-0.0072289156626506035
2023-02-24,205500,208000,198200,199800,69118,-0.030097087378640808
2023-02-27,198000,199800,196100,199400,52187,-0.002002002002001957
2023-02-28,200000,204500,199500,204500,37894,0.025576730190571606
2023-03-02,204500,208500,202500,202500,41226,-0.009779951100244544
2023-03-03,203000,213500,202500,213000,55639,0.051851851851851816
2023-03-06,213500,213500,207500,211000,57725,-0.009389671361502372
2023-03-07,212000,217000,210000,211000,64083,0.0
2023-03-08,209500,210000,201500,203000,48325,-0.03791469194312791
2023-03-09,204500,204500,199200,201500,54974,-0.007389162561576401
2023-03-10,199100,202000,196500,198700,33748,-0.013895781637717097
2023-03-13,198700,199700,193100,198600,37606,-0.0005032712632109249
2023-03-14,197500,197600,193500,196000,33966,-0.01309164149043307
2023-03-15,198300,199000,190900,195000,28371,-0.005102040816326481
2023-03-16,192800,202000,192400,199500,33217,0.023076923076922995
2023-03-17,203500,203500,196700,199800,44820,0.0015037593984963404
2023-03-20,199600,205000,199000,200000,29272,0.0010010010010010895
2023-03-21,201000,203000,198900,199100,17262,-0.0044999999999999485
2023-03-22,200500,200500,195400,196700,37470,-0.012054244098443023
2023-03-23,195300,196300,192600,192900,49730,-0.01931875953228268
2023-03-24,193300,198000,193300,195700,59827,0.014515292897874454
2023-03-27,197400,199100,194500,195500,22125,-0.0010219724067450642
2023-03-28,195500,200000,193100,199700,41680,0.021483375959079343
2023-03-29,200000,212000,200000,211000,86450,0.05658487731597406
2023-03-30,215000,237500,214000,235000,230033,0.11374407582938395
2023-03-31,235000,239500,230000,239500,98613,0.01914893617021285
2023-04-03,239500,239500,226000,231500,96137,-0.03340292275574108
2023-04-04,232000,234500,219500,223000,98757,-0.036717062634989195
2023-04-05,222000,228000,220500,224500,48318,0.006726457399103047
2023-04-06,221000,223000,216000,217500,52405,-0.031180400890868598
2023-04-07,222500,253000,220500,247000,239742,0.13563218390804588
2023-04-10,251000,251500,242500,245500,105286,-0.006072874493927127
2023-04-11,248500,256000,244000,250000,114747,0.018329938900203624
2023-04-12,255000,256000,240500,243000,77253,-0.028000000000000025
2023-04-13,238500,243000,233500,238000,76928,-0.020576131687242816
2023-04-14,241500,242000,234000,236500,51465,-0.006302521008403339
2023-04-17,238000,240500,232000,236500,38530,0.0
2023-04-18,236500,237500,229000,233500,52420,-0.012684989429175508
2023-04-19,233000,235000,226500,229500,88295,-0.017130620985010725
2023-04-20,228000,228500,221000,223000,58398,-0.028322440087146017
2023-04-21,222500,228000,221500,224000,50933,0.004484304932735439
2023-04-24,223500,225500,218000,220500,31223,-0.015625
2023-04-25,221000,222000,209000,211000,66759,-0.04308390022675734
2023-04-26,209000,215000,208000,211000,36154,0.0
2023-04-27,210500,218000,208000,212000,71023,0.004739336492890933
2023-04-28,214500,225000,214000,222000,96171,0.04716981132075482
2023-05-02,219500,220500,211000,218500,63665,-0.015765765765765716
2023-05-03,216000,225000,211000,222000,50531,0.016018306636155666
2023-05-04,220500,223500,218000,221500,26535,-0.0022522522522522292
2023-05-08,224000,224500,220000,223000,34087,0.006772009029345272
2023-05-09,222500,222500,214000,217500,53119,-0.024663677130044803
2023-05-10,216500,218000,213000,214000,25539,-0.016091954022988464
2023-05-11,214500,215500,209000,209000,44125,-0.02336448598130836
2023-05-12,208000,210500,205500,209500,37180,0.0023923444976077235
2023-05-15,206500,207000,201500,206500,48466,-0.014319809069212375
2023-05-16,207000,217500,207000,214500,51225,0.03874092009685226
2023-05-17,212000,215500,206500,208000,63388,-0.030303030303030276
2023-05-18,209000,217000,207500,215500,78254,0.03605769230769229
2023-05-19,217500,230000,216000,227000,187582,0.05336426914153125
2023-05-22,227000,233500,226500,227500,62499,0.0022026431718060735
2023-05-23,229000,231000,224500,227500,47423,0.0
2023-05-24,227500,233500,224000,231500,61372,0.01758241758241752
2023-05-25,235000,237000,226000,227000,63404,-0.01943844492440605
2023-05-26,228000,232000,221500,223500,101288,-0.01541850220264318
2023-05-30,227000,239000,225000,236000,110487,0.055928411633109576
2023-05-31,231500,234000,229500,231500,61428,-0.01906779661016944
2023-06-01,229500,233500,229000,230000,47880,-0.006479481641468721
2023-06-02,233500,239500,232000,237500,50012,0.032608695652173836
2023-06-05,238000,238500,231000,234500,49121,-0.012631578947368438
2023-06-07,236500,237000,231000,232500,36000,-0.008528784648187626
2023-06-08,232500,236500,230500,234500,41896,0.008602150537634357
2023-06-09,236500,238000,229500,231500,88145,-0.01279317697228144
2023-06-12,233000,235500,230500,232500,45218,0.004319654427645814
2023-06-13,236000,242500,234000,235500,66763,0.012903225806451646
2023-06-14,236500,237000,230500,232000,47471,-0.014861995753715496
2023-06-15,232000,233500,225500,231000,85754,-0.004310344827586188
2023-06-16,231500,232000,226500,228500,60997,-0.010822510822510845
2023-06-19,228500,228500,223000,227500,50631,-0.004376367614879695
2023-06-20,227500,234500,224000,233500,55719,0.02637362637362628
2023-06-21,233500,233500,224500,227500,72685,-0.025695931477516032
2023-06-22,226000,234000,225000,227500,47419,0.0
2023-06-23,227500,230000,225000,228500,34371,0.00439560439560438
2023-06-26,227000,231500,225000,229000,33240,0.002188183807439792
2023-06-27,229000,232500,227000,232000,32719,0.013100436681222627
2023-06-28,233500,234000,226500,230500,44552,-0.006465517241379337
2023-06-29,232000,239000,230500,232000,56538,0.006507592190889477
2023-06-30,233000,243000,229000,240000,90705,0.034482758620689724
2023-07-03,240000,243000,236500,241000,66421,0.004166666666666652
2023-07-04,241000,245000,238500,240000,47733,-0.004149377593360981
2023-07-05,239000,241000,235000,236000,38698,-0.01666666666666672
2023-07-06,234000,234000,212000,217000,204478,-0.0805084745762712
2023-07-07,216000,216000,200000,206500,220592,-0.048387096774193505
2023-07-10,206500,212000,205000,209500,52855,0.014527845036319542
2023-07-11,210000,213500,208500,211500,45890,0.009546539379474916
2023-07-12,213000,220500,213000,219500,67110,0.0378250591016549
2023-07-13,222500,222500,214500,217500,71959,-0.009111617312072884
2023-07-14,220000,221500,213500,214500,81173,-0.01379310344827589
2023-07-17,214000,218000,211500,216000,64708,0.006993006993007089
2023-07-18,218500,219000,213000,216000,56514,0.0
2023-07-19,218500,218500,209000,212500,57983,-0.01620370370370372
2023-07-20,210500,214500,209000,212500,45896,0.0
2023-07-21,209500,210000,204000,205500,95879,-0.03294117647058825
2023-07-24,205500,208000,202500,208000,54674,0.012165450121654597
2023-07-25,208500,208500,200500,204500,82100,-0.016826923076923128
2023-07-26,202500,205500,197200,197200,105132,-0.035696821515892374
2023-07-27,198500,199000,191900,196500,148706,-0.003549695740365122
2023-07-28,195000,196400,191400,193300,107303,-0.016284987277353724
2023-07-31,195000,199000,194600,196000,79144,0.013967925504397405
2023-08-01,196100,204000,194900,203500,102376,0.03826530612244894
2023-08-02,201000,205000,199200,199900,54763,-0.01769041769041768
2023-08-03,199500,200500,195100,196800,57236,-0.01550775387693848
2023-08-04,196200,196700,190400,192000,77983,-0.024390243902439046
2023-08-07,190400,191400,188300,188300,60812,-0.019270833333333348
2023-08-08,190000,192800,186400,187800,37609,-0.0026553372278279586
2023-08-09,187700,189600,185800,188800,37114,0.005324813631522929
2023-08-10,187000,188800,181100,183200,126541,-0.029661016949152574
2023-08-11,183200,186600,182000,183000,69050,-0.0010917030567685337
2023-08-14,182900,186700,178300,184500,87753,0.008196721311475308
2023-08-16,183500,183500,177000,178000,73823,-0.035230352303523005
2023-08-17,178400,179200,174700,178900,51269,0.0050561797752808335
2023-08-18,176000,181900,174200,176900,47952,-0.011179429849077716
2023-08-21,178200,178900,173300,175000,54499,-0.01074053137365738
2023-08-22,177100,180400,171600,173400,64978,-0.00914285714285712
2023-08-23,172200,173700,168700,169500,77288,-0.02249134948096887
2023-08-24,171000,174200,164800,168300,177899,-0.0070796460176991705
2023-08-25,166600,168800,165400,167500,46692,-0.004753416518122444
2023-08-28,169400,170000,167100,168600,33641,0.006567164179104523
2023-08-29,168800,170000,167700,168600,28770,0.0
2023-08-30,170800,172100,167500,168100,53032,-0.0029655990510083496
2023-08-31,168300,168500,160900,161500,154891,-0.039262343842950576
2023-09-01,161700,166800,161600,166400,143873,0.030340557275541746
2023-09-04,168700,173700,168600,170600,130162,0.02524038461538458
2023-09-05,171000,172000,168200,170900,52063,0.0017584994138335475
2023-09-06,169200,170500,167500,168600,68197,-0.01345816266822708
2023-09-07,167400,170000,166300,169400,58028,0.004744958481613271
2023-09-08,169000,169000,166400,168400,46324,-0.005903187721369552
2023-09-11,168400,168400,163400,165500,52703,-0.017220902612826605
2023-09-12,166000,166700,163800,165000,42005,-0.0030211480362537513
2023-09-13,164000,165900,162000,163100,59609,-0.011515151515151478
2023-09-14,164500,181500,164300,180000,252655,0.10361741263028823
2023-09-15,182000,186500,180100,181800,152157,0.010000000000000009
2023-09-18,179600,180900,174100,175600,77318,-0.034103410341034146
2023-09-19,176600,181000,175600,177400,55948,0.010250569476081939
2023-09-20,177500,177700,172400,175000,58284,-0.013528748590755368
2023-09-21,173400,175000,166300,167300,86071,-0.04400000000000004
2023-09-22,165500,167500,162500,166800,66459,-0.00298864315600722
2023-09-25,168000,170800,166300,168200,30224,0.008393285371702586
2023-09-26,167300,170000,164100,167400,36756,-0.0047562425683710385
2023-09-27,164900,168300,164800,167800,36520,0.002389486260454099
2023-10-04,167000,167000,162600,164500,58371,-0.01966626936829563
2023-10-05,165300,168000,161600,167100,58276,0.015805471124620052
2023-10-06,166000,167500,163600,165500,39076,-0.00957510472770795
2023-10-10,168400,170000,163400,164200,45363,-0.007854984894259842
2023-10-11,168100,173300,167800,171500,107326,0.04445797807551766
2023-10-12,173000,173300,170100,171600,52660,0.0005830903790087216
2023-10-13,170200,173000,168000,168700,49544,-0.01689976689976691
2023-10-16,168500,169100,161000,164000,95810,-0.027860106698280984
2023-10-17,165300,171000,164400,168500,63131,0.027439024390243816
2023-10-18,168600,170900,166600,167600,66700,-0.005341246290801238
2023-10-19,165400,166000,160400,162000,61061,-0.03341288782816232
2023-10-20,159100,161500,144000,152500,207377,-0.058641975308642014
2023-10-23,152000,154800,151000,152700,47539,0.0013114754098360049
2023-10-24,153900,156800,149500,156200,61329,0.02292075965946294
2023-10-25,156400,156600,153600,154600,48312,-0.010243277848911658
2023-10-26,152000,152600,145600,148200,61097,-0.04139715394566623
2023-10-27,149400,151300,147500,148900,31499,0.004723346828610087
2023-10-30,147100,152700,147100,151600,36842,0.01813297515110812
2023-10-31,153400,153400,148800,150200,35182,-0.00923482849604218
2023-11-01,150500,153600,150500,151000,35450,0.005326231691078487
2023-11-02,154800,159400,154000,158500,60333,0.04966887417218535
2023-11-03,161000,162300,158600,160100,48777,0.010094637223974745
2023-11-06,163600,170800,163200,170100,79280,0.06246096189881323
2023-11-07,168400,170800,164100,167700,44327,-0.014109347442680775
2023-11-08,170000,170800,164800,165500,31022,-0.013118664281455028
2023-11-09,165000,169500,165000,167300,35145,0.010876132930513593
2023-11-10,165700,170000,164200,168800,35000,0.00896592946802155
2023-11-13,174900,182500,170500,176700,182934,0.0468009478672986
2023-11-14,179500,182600,177400,180400,96069,0.02093944538766279
2023-11-15,183000,185300,179300,180600,64062,0.0011086474501109667
2023-11-16,179800,183500,177900,181700,35193,0.006090808416389759
2023-11-17,181000,186400,178100,182600,45056,0.004953219592735314
2023-11-20,182600,183600,179500,180100,36495,-0.013691128148959453
2023-11-21,182800,188400,180700,183400,87622,0.018323153803442516
2023-11-22,181700,187900,181700,186900,54171,0.01908396946564883
2023-11-23,186800,187900,183700,183900,53002,-0.0160513643659711
2023-11-24,183400,186000,183400,184300,32756,0.002175095160413365
2023-11-27,184100,184200,178900,181300,59409,-0.016277807921866505
2023-11-28,183100,183900,181600,182600,53727,0.007170435741864267
2023-11-29,180200,187800,180200,187100,67918,0.024644030668127037
2023-11-30,188700,201000,188500,201000,179728,0.0742918225547835
2023-12-01,200500,205000,196900,202000,86848,0.004975124378109541
2023-12-04,205000,205000,199800,204000,63110,0.00990099009900991
2023-12-05,201500,206000,200500,201000,64730,-0.014705882352941124
2023-12-06,204000,209500,196600,209000,92948,0.03980099502487566
2023-12-07,208000,211000,201000,207500,61027,-0.0071770334928229484
2023-12-08,209500,213000,207500,208500,52561,0.004819277108433662
2023-12-11,211500,213500,205000,212500,61235,0.01918465227817756
2023-12-12,215500,218000,209000,209000,62800,-0.016470588235294126
2023-12-13,208500,213500,206500,210000,43324,0.004784688995215225
2023-12-14,215000,216500,211000,212500,54166,0.011904761904761862
2023-12-15,212000,216500,205000,213500,93409,0.004705882352941115
2023-12-18,212500,216000,212500,216000,32731,0.011709601873536313
2023-12-19,214000,218500,212500,217000,33506,0.004629629629629539
2023-12-20,219000,220000,216500,220000,35373,0.01382488479262678
2023-12-21,219500,227500,218500,224000,50439,0.018181818181818077
2023-12-22,227000,227000,221000,223500,31998,-0.0022321428571429047
2023-12-26,225500,225500,218000,220500,31471,-0.01342281879194629
2023-12-27,219000,233000,219000,228000,64808,0.03401360544217691
2023-12-28,229500,230500,225000,227000,41276,-0.004385964912280715
2024-01-02,224000,238000,221500,231500,80325,0.01982378854625555
2024-01-03,227000,229000,217000,219500,81097,-0.05183585313174943
2024-01-04,216000,219000,213000,215500,37764,-0.018223234624145768
2024-01-05,215500,217500,211500,213500,32072,-0.009280742459396807
2024-01-08,212500,215500,210500,214000,26361,0.0023419203747072626
2024-01-09,220000,223000,212500,215000,45848,0.004672897196261738
2024-01-10,216000,216000,207500,211000,81694,-0.018604651162790753
2024-01-11,210000,214000,208500,211500,46526,0.0023696682464455776
2024-01-12,214500,214500,209500,212000,29011,0.0023640661938533203
2024-01-15,212500,217500,210500,215500,48025,0.01650943396226423
2024-01-16,213500,216000,211000,214000,24887,-0.00696055684454755
2024-01-17,216000,218000,208000,211500,54767,-0.011682242990654235
2024-01-18,211500,213000,206500,209000,49679,-0.011820330969267157
2024-01-19,211500,218500,211500,217000,59146,0.038277511961722466
2024-01-22,221000,221500,212000,213000,66979,-0.018433179723502335
2024-01-23,213000,214500,204500,207000,53640,-0.028169014084507005
2024-01-24,207000,208500,202500,204000,38299,-0.01449275362318836
2024-01-25,205000,214500,203500,212500,55977,0.04166666666666674
2024-01-26,210500,215000,207000,211000,35717,-0.007058823529411784
2024-01-29,212000,213000,205500,207000,31963,-0.018957345971563955
2024-01-30,207500,212000,201000,211000,63874,0.019323671497584627
2024-01-31,206000,210500,198500,200000,93093,-0.05213270142180093
2024-02-01,197800,198300,189500,190600,123087,-0.04700000000000004
2024-02-02,190600,196800,189500,191500,101253,0.004721930745015701
2024-02-05,191500,191600,185600,188000,64479,-0.018276762402088753
2024-02-06,186200,188900,183700,188000,66446,0.0
2024-02-07,189000,189700,185300,187100,45968,-0.004787234042553212
2024-02-08,187100,187900,184200,186400,70165,-0.0037413148049171285
2024-02-13,186400,187200,182500,183200,97610,-0.01716738197424894
2024-02-14,180700,186500,177200,184900,72767,0.009279475982532759
2024-02-15,186300,187300,181100,182100,54324,-0.015143320713899455
2024-02-16,183300,184100,177100,178400,118939,-0.02031850631521137
2024-02-19,178400,179000,176100,177900,86987,-0.002802690582959677
2024-02-20,176900,177100,174700,176500,64495,-0.00786958965711071
2024-02-21,174300,176000,173800,175400,82623,-0.006232294617563694
2024-02-22,177300,180300,175300,176700,92764,0.007411630558722848
2024-02-23,177700,178600,175300,177000,65650,0.001697792869269854
2024-02-26,177000,178300,173000,173000,56716,-0.02259887005649719
2024-02-27,172900,174300,169200,169300,51968,-0.021387283236994237
2024-02-28,169300,173400,168600,169400,81352,0.0005906674542233148
2024-02-29,169000,171200,166400,170300,88625,0.005312868949232552
2024-03-04,172700,182000,172600,179100,191087,0.05167351732237235
2024-03-05,179100,188900,178500,187000,151165,0.04410943606923512
2024-03-06,186500,193700,183300,190700,121400,0.019786096256684482
2024-03-07,195300,196200,187600,189800,80536,-0.004719454640797038
2024-03-08,192800,192800,185000,187900,62060,-0.01001053740779767
2024-03-11,185700,187900,180700,181700,77599,-0.03299627461415644
2024-03-12,181700,186300,180200,186000,57850,0.023665382498624155
2024-03-13,187900,192000,187200,191500,133384,0.029569892473118253
2024-03-14,191500,191500,187000,188700,65324,-0.014621409921671047
2024-03-15,186800,186800,181500,183700,43356,-0.026497085320614677
2024-03-18,184800,191300,183700,187900,42289,0.02286336418072943
2024-03-19,188400,188400,183700,185100,43225,-0.014901543374135184
2024-03-20,184400,204000,182500,200000,181256,0.08049702863317121
2024-03-21,205000,214000,203500,210500,190896,0.05249999999999999
2024-03-22,211000,211000,201000,201000,80285,-0.04513064133016631
2024-03-25,202000,207000,201500,201500,33852,0.0024875621890547706
2024-03-26,204500,205500,197500,199000,72893,-0.012406947890818865
2024-03-27,197000,201500,196100,200500,63394,0.007537688442211143
2024-03-28,199000,204000,196800,200500,94511,0.0
2024-03-29,200000,210000,198300,204500,111479,0.01995012468827939
2024-04-01,207500,209000,200000,202500,64744,-0.009779951100244544
2024-04-02,204500,212000,203000,207000,135078,0.022222222222222143
2024-04-03,204500,212000,204000,209500,141220,0.012077294685990392
2024-04-04,213500,213500,204500,207500,89970,-0.009546539379474916
2024-04-05,203500,209500,202500,206500,64697,-0.004819277108433773
2024-04-08,205500,206000,198000,198500,61444,-0.03874092009685226
2024-04-09,199100,199600,192700,195800,51353,-0.01360201511335013
2024-04-11,193300,197200,192400,194300,50113,-0.00766087844739527
2024-04-12,194500,196000,190100,191500,69003,-0.014410705095213583
2024-04-15,188000,189000,183800,188000,97890,-0.018276762402088753
2024-04-16,186000,189000,184500,185100,54346,-0.015425531914893598
2024-04-17,186300,193000,186000,188000,57683,0.015667206915181087
2024-04-18,189600,193100,189200,191000,37368,0.015957446808510634
2024-04-19,188800,188800,181000,185700,60151,-0.02774869109947642
2024-04-22,187600,194500,186500,190300,45815,0.02477113624124927
2024-04-23,193200,193200,186500,187100,43337,-0.016815554387808684
2024-04-24,190700,193500,189200,190800,61812,0.019775521111704997
2024-04-25,189000,193900,189000,189500,33877,-0.006813417190775661
2024-04-26,190200,194800,190100,192300,44172,0.014775725593667577
2024-04-29,192300,194000,189600,193900,44442,0.00832033281331257
2024-04-30,193900,196900,192900,193800,31680,-0.000515729757607053
2024-05-02,191200,192200,186500,190500,62760,-0.017027863777089758
2024-05-03,192000,193500,189700,190000,26723,-0.002624671916010457
2024-05-07,192400,194200,191200,193400,47414,0.017894736842105186
2024-05-08,193900,197100,191600,196000,79720,0.013443640124095158
2024-05-09,197200,197600,193400,193700,47182,-0.011734693877550995
2024-05-10,194900,195000,186100,186500,98055,-0.0371708828084667
2024-05-13,186100,188000,183100,186000,39868,-0.002680965147453085
2024-05-14,186300,186700,183000,185000,80043,-0.005376344086021501
2024-05-16,189400,189900,185000,185100,47514,0.000540540540540535
2024-05-17,184100,185900,182300,182700,49597,-0.012965964343598091
2024-05-20,183900,184500,176200,179300,109640,-0.018609742747673796
2024-05-21,178000,180100,174800,175700,71487,-0.020078081427774674
2024-05-22,175700,177300,173500,176000,76736,0.0017074558907228532
2024-05-23,176200,183000,174900,179000,55969,0.017045454545454586
2024-05-24,177300,177400,173500,173900,64125,-0.028491620111731897
2024-05-27,175000,179300,173800,177300,33971,0.019551466359976954
2024-05-28,177400,186400,176100,181800,75996,0.025380710659898442
2024-05-29,181700,184000,176600,177100,39712,-0.02585258525852585
2024-05-30,178200,184700,175300,181100,55349,0.022586109542631183
2024-05-31,185700,190300,185400,189500,92364,0.046383213694091596
2024-06-03,189300,189900,181800,183000,70973,-0.03430079155672827
2024-06-04,181500,186200,181000,182200,43994,-0.0043715846994535346
2024-06-05,185000,185300,180700,181100,43793,-0.006037321624588365
2024-06-07,181700,188300,181500,187900,56320,0.03754831584759799
2024-06-10,186100,189000,185000,186800,30749,-0.0058541777541245565
2024-06-11,187000,188800,181600,182200,64363,-0.024625267665952855
2024-06-12,182200,182200,174900,176000,104408,-0.034028540065861645
2024-06-13,179800,181400,176000,176000,72680,0.0
2024-06-14,176000,178900,173500,174500,82821,-0.008522727272727293
2024-06-17,174500,177600,173100,175700,40298,0.006876790830945501
2024-06-18,177600,188400,177000,185800,136419,0.05748434832100169
2024-06-19,186800,188100,184200,185900,59214,0.0005382131324003225
2024-06-20,185600,187700,183800,186600,41844,0.0037654653039267405
2024-06-21,186200,187400,183000,185900,82004,-0.0037513397642015
2024-06-24,185000,187600,182700,182700,43572,-0.017213555675094083
2024-06-25,182700,184200,176000,177100,62944,-0.03065134099616862
2024-06-26,177200,181600,176700,181200,28179,0.023150762281197057
2024-06-27,180100,180100,175200,177500,45794,-0.02041942604856517
2024-06-28,178300,184100,176400,182700,46199,0.02929577464788724
2024-07-01,181000,186200,180500,183700,28104,0.005473453749315738
2024-07-02,181900,183700,174600,175000,76477,-0.047359825802939626
2024-07-03,176500,179000,173100,174000,46507,-0.005714285714285672
2024-07-04,176600,188000,175500,187900,104858,0.0798850574712644
2024-07-05,189500,194200,185300,187900,87427,0.0
2024-07-08,191000,191000,184400,185900,71871,-0.010643959552953719
2024-07-09,187700,189700,182100,184100,51231,-0.009682625067240491
2024-07-10,182400,184000,179200,180000,49159,-0.022270505160238985
2024-07-11,181800,185700,179100,184600,45604,0.025555555555555554
2024-07-12,181800,185500,181800,185500,39993,0.0048754062838569645
2024-07-15,187000,187000,182200,185300,21384,-0.0010781671159029171
2024-07-16,185200,186200,180000,181900,32841,-0.01834862385321101
2024-07-17,182500,183000,177500,178300,52761,-0.01979109400769652
2024-07-18,175500,178600,172100,178200,72224,-0.000560852495793629
2024-07-19,174600,181300,174600,181000,27833,0.015712682379348974
2024-07-22,181000,181000,174900,176100,37860,-0.02707182320441992
2024-07-23,176500,178400,174800,174900,22029,-0.006814310051107331
2024-07-24,173200,177000,170800,172400,43957,-0.014293882218410547
2024-07-25,169000,170500,163600,163700,79182,-0.050464037122969874
2024-07-26,163500,164900,158700,163200,63651,-0.0030543677458766405
2024-07-29,164500,164600,160200,161400,41610,-0.011029411764705843
2024-07-30,159800,162800,158100,159000,47456,-0.014869888475836479
2024-07-31,159000,163400,156400,162700,71721,0.023270440251572433
2024-08-01,164700,165600,161600,164500,34445,0.011063306699446773
2024-08-02,159800,161000,152400,153700,66189,-0.06565349544072951
2024-08-05,150500,151000,132300,138900,96276,-0.09629147690305795
2024-08-06,141400,154700,141000,152000,96246,0.09431245500359964
2024-08-07,150100,154500,148400,151300,47265,-0.004605263157894779
2024-08-08,148200,150200,143800,146000,50360,-0.03502974223397226
