Date,Open,High,Low,Close,Volume,Change
2022-01-03,35200,35750,34900,35100,15166,-0.007072135785007094
2022-01-04,35700,36100,35250,35750,27170,0.0185185185185186
2022-01-05,35750,36150,34050,34400,37961,-0.03776223776223775
2022-01-06,34000,34900,32000,32900,45960,-0.043604651162790664
2022-01-07,33150,33350,32750,33200,28801,0.00911854103343468
2022-01-10,33150,33150,32000,32250,24940,-0.028614457831325324
2022-01-11,32300,32450,30900,31300,62510,-0.029457364341085257
2022-01-12,33200,35550,33200,34600,289347,0.10543130990415328
2022-01-13,34650,35400,33700,34350,100564,-0.007225433526011571
2022-01-14,34050,34050,32950,33650,64723,-0.020378457059679778
2022-01-17,34550,38500,34550,36450,432755,0.08320950965824658
2022-01-18,36650,37000,34650,34800,118952,-0.04526748971193417
2022-01-19,34550,36200,34000,34500,108648,-0.008620689655172376
2022-01-20,34900,36250,34900,35850,88784,0.03913043478260869
2022-01-21,35150,35700,33500,33900,103089,-0.05439330543933052
2022-01-24,33600,34400,32950,33650,80819,-0.007374631268436627
2022-01-25,34050,34250,32700,33250,58981,-0.011887072808320909
2022-01-26,33000,33950,32800,32900,33095,-0.010526315789473717
2022-01-27,33100,33100,31550,32000,48323,-0.027355623100303927
2022-01-28,32050,33150,31600,32750,37580,0.0234375
2022-02-03,33800,34100,33350,33500,50040,0.022900763358778553
2022-02-04,33300,34700,33300,34600,45673,0.032835820895522394
2022-02-07,34600,34600,33100,33950,82047,-0.018786127167630062
2022-02-08,34700,36300,33600,33650,109367,-0.008836524300441795
2022-02-09,34150,36800,34050,36100,197274,0.07280832095096579
2022-02-10,36500,36500,35350,35650,56859,-0.012465373961218829
2022-02-11,35450,36750,35200,35750,89300,0.0028050490883591017
2022-02-14,35200,35250,33450,33450,83994,-0.06433566433566429
2022-02-15,33500,34000,32750,33700,54031,0.007473841554558991
2022-02-16,34250,35150,34250,35100,34056,0.041543026706231556
2022-02-17,35350,36200,34050,35200,107765,0.002849002849002913
2022-02-18,34250,35300,34250,34900,36344,-0.008522727272727293
2022-02-21,34400,36200,34100,36000,81003,0.03151862464183375
2022-02-22,35100,36000,34800,34950,66107,-0.029166666666666674
2022-02-23,35450,35700,34950,35200,38564,0.007153075822603716
2022-02-24,34650,35600,34500,34800,80127,-0.011363636363636354
2022-02-25,35350,35850,34900,35600,76238,0.02298850574712641
2022-02-28,35550,36650,35100,36550,68210,0.026685393258427004
2022-03-02,36550,36800,35900,36450,47809,-0.002735978112175075
2022-03-03,37100,39200,36850,38600,172550,0.058984910836762605
2022-03-04,38700,39350,38200,38850,75859,0.006476683937823857
2022-03-07,38550,38700,38000,38300,62015,-0.014157014157014203
2022-03-08,37850,39100,37300,38150,101181,-0.003916449086161844
2022-03-10,38650,39000,37300,37750,61246,-0.010484927916120546
2022-03-11,37700,38500,37450,38250,35294,0.013245033112582849
2022-03-14,38250,38350,37700,37900,48380,-0.009150326797385588
2022-03-15,37900,38200,37100,37600,50107,-0.0079155672823219
2022-03-16,38300,40350,38000,39950,206684,0.0625
2022-03-17,40350,40800,39450,39950,123257,0.0
2022-03-18,40300,41600,40050,40750,138501,0.020025031289111483
2022-03-21,41000,41000,39750,40000,73351,-0.018404907975460127
2022-03-22,39950,40200,38550,39500,102053,-0.012499999999999956
2022-03-23,39650,40000,39000,39400,55840,-0.0025316455696202667
2022-03-24,39100,40300,39100,40050,55282,0.016497461928933976
2022-03-25,40100,40350,39700,40000,29164,-0.0012484394506866447
2022-03-28,40000,40300,38950,39850,67240,-0.003750000000000031
2022-03-29,40100,40600,39750,40200,70436,0.008782936010037545
2022-03-30,40550,40550,39150,39350,74204,-0.021144278606965217
2022-03-31,39250,40300,39050,40150,53926,0.020330368487928796
2022-04-01,40150,40650,39300,40050,54309,-0.00249066002490661
2022-04-04,40200,42550,40050,42100,140424,0.05118601747815221
2022-04-05,42500,43200,41900,42100,58060,0.0
2022-04-06,41650,42250,40600,41700,81291,-0.009501187648456089
2022-04-07,41500,42450,40850,41350,55542,-0.008393285371702586
2022-04-08,41350,43700,41350,42750,88395,0.033857315598548876
2022-04-11,42400,43000,41750,42200,48029,-0.012865497076023358
2022-04-12,42500,42850,41300,42600,44367,0.009478672985782088
2022-04-13,42950,43500,42400,42950,43475,0.008215962441314506
2022-04-14,42650,43250,42600,42650,32438,-0.006984866123399325
2022-04-15,42950,44100,42600,43850,74933,0.028135990621336537
2022-04-18,44100,44100,42650,43350,64079,-0.011402508551881407
2022-04-19,43350,43700,42000,42500,76225,-0.019607843137254943
2022-04-20,42500,42850,41800,42600,83421,0.0023529411764706687
2022-04-21,42600,42600,41600,42100,50240,-0.011737089201877882
2022-04-22,42050,42550,41500,42500,27704,0.009501187648456089
2022-04-25,41800,42000,40500,41300,81109,-0.028235294117647025
2022-04-26,41350,41550,40900,41300,39132,0.0
2022-04-27,40500,40700,39600,40400,52918,-0.021791767554479424
2022-04-28,40600,40850,39950,40000,40386,-0.00990099009900991
2022-04-29,40000,40600,40000,40400,16919,0.010000000000000009
2022-05-02,39850,42150,39850,42050,50223,0.04084158415841577
2022-05-03,42500,42500,39400,39950,134521,-0.049940546967895405
2022-05-04,40000,40100,38550,38550,105638,-0.03504380475594493
2022-05-06,38550,38650,37350,38300,56873,-0.006485084306095956
2022-05-09,37850,38300,36450,36800,55709,-0.03916449086161877
2022-05-10,36200,36550,35000,36350,52443,-0.012228260869565188
2022-05-11,36400,36950,36050,36150,26720,-0.005502063273727598
2022-05-12,35800,36800,35300,35550,37270,-0.016597510373444035
2022-05-13,36250,36700,35800,36400,14813,0.02390998593530247
2022-05-16,36900,38500,36750,37700,47486,0.03571428571428581
2022-05-17,37850,38100,37500,37950,19712,0.006631299734747964
2022-05-18,38000,38400,37400,37400,32396,-0.01449275362318836
2022-05-19,36800,37350,35600,36050,63156,-0.03609625668449201
2022-05-20,36250,36850,36050,36550,22777,0.01386962552011095
2022-05-23,36550,36950,36300,36800,9295,0.0068399452804377425
2022-05-24,36800,37150,36500,36550,23149,-0.006793478260869512
2022-05-25,36650,36700,36000,36100,24258,-0.012311901504788003
2022-05-26,36200,37350,36100,36800,31747,0.01939058171745156
2022-05-27,36800,37300,36550,36650,12314,-0.0040760869565217295
2022-05-30,36950,37800,36800,37700,22963,0.028649386084584005
2022-05-31,37800,37950,37500,37850,19913,0.003978779840848823
2022-06-02,37950,38000,37300,37400,17000,-0.011889035667106973
2022-06-03,37500,37900,37350,37350,13180,-0.0013368983957219305
2022-06-07,37450,37450,36400,36600,15477,-0.02008032128514059
2022-06-08,36900,37800,36500,37750,24684,0.031420765027322384
2022-06-09,37300,37750,37300,37750,13618,0.0
2022-06-10,37400,37600,37100,37400,10320,-0.009271523178807972
2022-06-13,36500,36500,35300,35300,32288,-0.05614973262032086
2022-06-14,34500,35600,33900,34900,39869,-0.011331444759206777
2022-06-15,34450,34800,32350,32800,50435,-0.06017191977077363
2022-06-16,33500,34000,33300,33600,21143,0.024390243902439046
2022-06-17,32750,33700,32100,33700,25858,0.0029761904761904656
2022-06-20,33850,33850,31750,32250,27475,-0.04302670623145399
2022-06-21,32550,33500,32300,33450,21785,0.037209302325581506
2022-06-22,33450,33650,31500,31500,38008,-0.058295964125560484
2022-06-23,31600,31600,29950,29950,33988,-0.049206349206349254
2022-06-24,30250,31500,29800,30550,39981,0.02003338898163598
2022-06-27,31300,31600,30350,30900,31982,0.011456628477905184
2022-06-28,31200,32200,31150,32150,38986,0.040453074433656866
2022-06-29,31650,32000,31250,31750,19671,-0.01244167962674958
2022-06-30,31950,31950,30500,30750,27455,-0.03149606299212604
2022-07-01,30650,31100,28900,29150,94699,-0.052032520325203224
2022-07-04,29300,30050,28200,29300,46652,0.005145797598627766
2022-07-05,29550,31000,29300,30800,32203,0.05119453924914685
2022-07-06,31150,31850,30500,30550,35236,-0.008116883116883078
2022-07-07,30550,31150,30300,30700,19628,0.004909983633387904
2022-07-08,31150,31250,30300,30350,25614,-0.01140065146579805
2022-07-11,30850,30850,29800,30000,17794,-0.011532125205930832
2022-07-12,29600,30250,28850,29100,28557,-0.030000000000000027
2022-07-13,28950,29500,28800,29450,30146,0.012027491408934665
2022-07-14,28950,29750,28850,29650,23368,0.00679117147707986
2022-07-15,29650,29650,28400,29150,38267,-0.016863406408094472
2022-07-18,29300,30400,29250,30300,22703,0.039451114922812947
2022-07-19,30250,31150,29850,31150,29488,0.028052805280528004
2022-07-20,31600,32150,30900,30950,41168,-0.006420545746388395
2022-07-21,30850,31250,30700,31100,16920,0.004846526655896577
2022-07-22,31600,31600,30550,30600,13989,-0.01607717041800638
2022-07-25,30600,31850,30450,31650,24708,0.03431372549019618
2022-07-26,31900,33300,31700,32150,63480,0.01579778830963674
2022-07-27,32250,33400,32050,33300,38766,0.035769828926905056
2022-07-28,33300,33800,32500,32850,27126,-0.013513513513513487
2022-07-29,32850,33600,32850,33050,20698,0.0060882800608828
2022-08-01,33050,34000,32600,33250,21950,0.00605143721633894
2022-08-02,33250,33250,31850,32700,29287,-0.016541353383458635
2022-08-03,32900,32900,31850,32200,33307,-0.015290519877675823
2022-08-04,32500,32900,32250,32500,25306,0.009316770186335477
2022-08-05,32500,32700,32050,32650,26020,0.004615384615384688
2022-08-08,32800,35600,32150,35100,173029,0.07503828483920372
2022-08-09,35850,35850,34350,34950,116314,-0.004273504273504258
2022-08-10,34900,36600,34650,35650,145271,0.02002861230329045
2022-08-11,36300,36300,35000,36000,61498,0.009817671809256634
2022-08-12,35800,36200,35400,35850,25666,-0.004166666666666652
2022-08-16,36100,36100,35100,35300,40184,-0.015341701534170138
2022-08-17,35300,35650,34150,34250,39458,-0.029745042492917873
2022-08-18,34050,35000,33450,34850,36984,0.01751824817518255
2022-08-19,34800,35200,33800,33800,30960,-0.03012912482065999
2022-08-22,33450,34350,33200,33800,16717,0.0
2022-08-23,33100,33700,32700,32700,29987,-0.03254437869822491
2022-08-24,32700,33100,31600,32250,64634,-0.013761467889908285
2022-08-25,32750,33050,32400,32850,23217,0.018604651162790642
2022-08-26,33200,33250,32500,32950,11754,0.003044140030441511
2022-08-29,31650,32600,31650,32200,19667,-0.022761760242792084
2022-08-30,32600,32700,32200,32400,13397,0.006211180124223503
2022-08-31,32700,33800,32250,33650,28185,0.03858024691358031
2022-09-01,33550,33550,32650,33150,32326,-0.014858841010401136
2022-09-02,33150,34300,33150,33950,44453,0.02413273001508287
2022-09-05,34550,34550,33500,33500,29830,-0.013254786450662692
2022-09-06,33300,34350,33300,34250,19485,0.02238805970149249
2022-09-07,34000,34450,33700,34000,26631,-0.007299270072992692
2022-09-08,34500,34500,33700,34000,17691,0.0
2022-09-13,34150,35050,34150,34750,20679,0.022058823529411686
2022-09-14,33900,34700,33750,34450,14132,-0.008633093525179825
2022-09-15,34950,35350,34550,34850,35618,0.011611030478954953
2022-09-16,35000,35400,34400,34400,20145,-0.012912482065997155
2022-09-19,34400,34400,32650,32700,24233,-0.04941860465116277
2022-09-20,32950,33200,32750,33100,8267,0.012232415902140747
2022-09-21,33050,33050,32250,32400,10359,-0.02114803625377648
2022-09-22,32400,32400,31750,31950,15131,-0.01388888888888884
2022-09-23,31950,32200,31350,31350,18326,-0.018779342723004744
2022-09-26,31000,31350,28650,29400,73631,-0.062200956937799035
2022-09-27,28800,29850,28800,29650,21286,0.008503401360544283
2022-09-28,29650,29900,28550,29100,21617,-0.018549747048903886
2022-09-29,29950,30600,29500,29500,17578,0.013745704467353903
2022-09-30,29000,30300,29000,29800,15911,0.01016949152542379
2022-10-04,30650,31350,30450,30950,22287,0.038590604026845554
2022-10-05,31200,31550,30500,30950,18317,0.0
2022-10-06,31250,31700,31000,31550,20195,0.01938610662358653
2022-10-07,30950,32300,30800,31800,13924,0.007923930269413626
2022-10-11,30700,31200,29750,29800,40700,-0.06289308176100628
2022-10-12,29800,29950,29000,29500,30640,-0.010067114093959773
2022-10-13,29500,29550,28700,29150,22654,-0.011864406779661052
2022-10-14,29900,30150,29700,29900,11225,0.02572898799313883
2022-10-17,29150,30300,29150,29950,7287,0.0016722408026756952
2022-10-18,30300,30900,30300,30700,8731,0.025041736227044975
2022-10-19,30950,31100,30550,30850,8204,0.004885993485342022
2022-10-20,31050,31150,30400,30600,7539,-0.008103727714748765
2022-10-21,30800,30800,30300,30300,3867,-0.009803921568627416
2022-10-24,31000,31000,30100,30400,12141,0.0033003300330032292
2022-10-25,30550,30700,29900,29950,9184,-0.014802631578947345
2022-10-26,29950,30400,29700,30000,6755,0.0016694490818029983
2022-10-27,30650,30650,30200,30500,8099,0.016666666666666607
2022-10-28,30800,30800,30050,30200,4124,-0.00983606557377048
2022-10-31,30600,30600,29900,30150,6511,-0.0016556291390728006
2022-11-01,30250,30900,30150,30800,13874,0.021558872305140975
2022-11-02,31000,31250,30650,31100,18136,0.009740259740259827
2022-11-03,30950,31050,30700,30800,11185,-0.009646302250803873
2022-11-04,30700,31100,30650,31000,11887,0.006493506493506551
2022-11-07,31100,31750,30800,31500,9461,0.016129032258064502
2022-11-08,31500,32900,31500,32300,40022,0.025396825396825307
2022-11-09,32700,32900,32200,32300,22379,0.0
2022-11-10,32250,32950,31950,32250,16549,-0.001547987616099089
2022-11-11,33000,33300,32500,32700,28097,0.013953488372093092
2022-11-14,32700,33100,32250,32250,20551,-0.013761467889908285
2022-11-15,32250,32900,32250,32900,20394,0.020155038759689825
2022-11-16,33100,34250,32600,33800,51587,0.02735562310030404
2022-11-17,34000,34150,33550,33700,15483,-0.00295857988165682
2022-11-18,33950,34250,33600,33850,27707,0.004451038575667754
2022-11-21,34000,34000,32600,32650,31714,-0.03545051698670609
2022-11-22,32950,32950,32150,32300,14248,-0.01071975497702915
2022-11-23,32300,32750,32150,32500,48498,0.006191950464396356
2022-11-24,32850,32850,32100,32300,16896,-0.006153846153846176
2022-11-25,32700,32700,32250,32650,22597,0.010835913312693402
2022-11-28,32800,32900,31550,31800,17907,-0.026033690658499253
2022-11-29,31800,32250,31750,32250,5837,0.014150943396226356
2022-11-30,32250,32550,32000,32100,16190,-0.0046511627906976605
2022-12-01,32300,32500,32000,32050,9783,-0.0015576323987538387
2022-12-02,32300,32600,31800,32450,17040,0.012480499219968744
2022-12-05,32950,32950,32100,32300,16207,-0.0046224961479198745
2022-12-06,32000,32350,31700,31800,32645,-0.015479876160990669
2022-12-07,31800,32050,31550,32050,9409,0.007861635220125729
2022-12-08,32050,32050,31500,31550,17550,-0.015600624024960985
2022-12-09,32200,32200,31700,32050,21682,0.015847860538827252
2022-12-12,32250,32250,31650,31700,5215,-0.010920436817472678
2022-12-13,31700,32200,31600,32000,5651,0.009463722397476282
2022-12-14,32400,32500,31700,32050,28387,0.0015624999999999112
2022-12-15,31800,31850,31400,31700,11218,-0.010920436817472678
2022-12-16,31200,31850,31050,31550,19937,-0.004731861198738141
2022-12-19,31250,31450,31000,31200,16924,-0.011093502377179099
2022-12-20,31200,31300,30400,30500,16617,-0.022435897435897467
2022-12-21,30500,31800,30150,31600,38068,0.0360655737704918
2022-12-22,31900,32650,31600,32350,41998,0.023734177215189778
2022-12-23,31950,31950,31000,31750,22017,-0.018547140649149974
2022-12-26,31800,33150,31450,32850,63058,0.03464566929133861
2022-12-27,33100,33800,32800,33700,67151,0.025875190258751957
2022-12-28,33700,34400,33150,33950,47291,0.007418397626112849
2022-12-29,33700,33950,32550,32800,26427,-0.03387334315169366
2023-01-02,32850,33000,31800,32000,24963,-0.024390243902439046
2023-01-03,32050,32300,30850,31900,26789,-0.0031250000000000444
2023-01-04,31650,32400,31400,32050,14205,0.004702194357366851
2023-01-05,31950,32100,31500,31650,10801,-0.012480499219968744
2023-01-06,31600,32000,31200,31750,14341,0.003159557661927437
2023-01-09,32000,32300,31850,32150,10824,0.012598425196850505
2023-01-10,31850,32050,31300,31650,23183,-0.015552099533437058
2023-01-11,31950,32950,31600,32850,48971,0.03791469194312791
2023-01-12,33300,33950,32900,33800,66673,0.028919330289193246
2023-01-13,33600,33900,33150,33450,28119,-0.010355029585798814
2023-01-16,33300,33300,32750,33000,29046,-0.013452914798206317
2023-01-17,32900,33400,32400,32750,14098,-0.007575757575757569
2023-01-18,32800,33100,32700,32850,25893,0.003053435114503733
2023-01-19,32350,34650,32350,34300,120353,0.04414003044140036
2023-01-20,34650,34700,33950,34650,47101,0.010204081632652962
2023-01-25,35050,35850,35000,35100,103821,0.01298701298701288
2023-01-26,35100,35900,34550,35850,64298,0.02136752136752129
2023-01-27,35850,35900,35400,35600,35969,-0.006973500697350032
2023-01-30,35600,35600,34000,34800,38000,-0.022471910112359605
2023-01-31,34600,35500,34150,35500,33838,0.02011494252873569
2023-02-01,35950,35950,34600,35450,82452,-0.0014084507042253502
2023-02-02,35750,35800,34700,34950,71622,-0.014104372355430161
2023-02-03,35100,35100,34200,34300,60209,-0.01859799713876964
2023-02-06,34300,34550,33750,34350,34372,0.001457725947521915
2023-02-07,34300,34550,33800,34300,42897,-0.0014556040756914523
2023-02-08,34300,34450,33850,34300,47746,0.0
2023-02-09,34300,34600,33800,34250,44777,-0.001457725947521915
2023-02-10,33950,34250,33350,33750,42387,-0.014598540145985384
2023-02-13,33750,34650,33500,34350,52020,0.01777777777777767
2023-02-14,34350,34600,34000,34150,29197,-0.005822416302765698
2023-02-15,34350,34350,33300,33500,57154,-0.019033674963396807
2023-02-16,33650,34300,33500,34050,32685,0.016417910447761086
2023-02-17,33750,34300,33550,34150,19229,0.002936857562408246
2023-02-20,34150,34400,33800,34350,39731,0.005856515373352744
2023-02-21,34450,34450,33700,34150,33205,-0.005822416302765698
2023-02-22,33650,33850,33500,33600,22557,-0.016105417276720324
2023-02-23,34000,34300,33600,34000,22423,0.011904761904761862
2023-02-24,33850,34000,33200,33200,22434,-0.02352941176470591
2023-02-27,33100,33550,32750,32900,20510,-0.009036144578313254
2023-02-28,32850,33100,32500,32500,24168,-0.012158054711246202
2023-03-02,32900,33450,32600,33150,18557,0.020000000000000018
2023-03-03,33350,34200,33000,33900,33035,0.02262443438914019
2023-03-06,33700,33950,32900,33250,32313,-0.019174041297935096
2023-03-07,33250,33400,32750,33050,22637,-0.006015037593984918
2023-03-08,32850,32850,32300,32450,26117,-0.018154311649016597
2023-03-09,32450,32750,31650,32050,41885,-0.012326656394452962
2023-03-10,31600,31900,31050,31300,30631,-0.023400936037441533
2023-03-13,30800,31200,30500,31200,26507,-0.0031948881789137795
2023-03-14,31150,31150,29950,30100,34458,-0.03525641025641024
2023-03-15,30350,31000,30350,30650,15538,0.0182724252491695
2023-03-16,30650,30900,29900,30250,13950,-0.013050570962479635
2023-03-17,30450,31000,30350,30950,35532,0.023140495867768562
2023-03-20,30900,31000,30300,30400,39008,-0.017770597738287597
2023-03-21,30650,30650,29700,29800,55033,-0.019736842105263164
2023-03-22,30350,30500,29850,30000,36580,0.006711409395973256
2023-03-23,29950,30150,29650,29900,20174,-0.0033333333333332993
2023-03-24,30150,30650,29800,30550,22486,0.021739130434782705
2023-03-27,30850,30850,30050,30400,18513,-0.004909983633387904
2023-03-28,30350,30500,30100,30350,28360,-0.00164473684210531
2023-03-29,30650,32250,30100,32100,93418,0.05766062602965394
2023-03-30,32200,32500,31350,32000,39320,-0.0031152647975077885
2023-03-31,32000,32550,31550,32500,40928,0.015625
2023-04-03,32200,32350,31700,31950,31590,-0.01692307692307693
2023-04-04,31950,32350,31500,32150,29369,0.006259780907668322
2023-04-05,32150,33950,31950,33600,81293,0.04510108864696738
2023-04-06,33900,34300,33050,33300,79565,-0.008928571428571397
2023-04-07,33100,33250,32550,32650,52623,-0.019519519519519468
2023-04-10,32650,34450,32650,34000,113599,0.04134762633996947
2023-04-11,34350,35300,34300,34950,91282,0.027941176470588136
2023-04-12,34950,36450,34750,35850,99901,0.025751072961373467
2023-04-13,36500,40450,35850,39600,362211,0.10460251046025104
2023-04-14,39600,39700,38400,39000,91206,-0.015151515151515138
2023-04-17,39000,39500,38300,38550,66017,-0.011538461538461497
2023-04-18,38950,39450,38150,39050,59397,0.012970168612191912
2023-04-19,39400,39850,38450,38800,63715,-0.006402048655569814
2023-04-20,39050,39200,38300,38350,84665,-0.011597938144329856
2023-04-21,37900,38550,37300,37900,49532,-0.011734028683181186
2023-04-24,37950,39150,37750,38200,36035,0.0079155672823219
2023-04-25,38200,38900,37200,37500,45098,-0.01832460732984298
2023-04-26,37350,37950,36900,37050,45278,-0.01200000000000001
2023-04-27,37050,38150,36900,37850,35474,0.021592442645074206
2023-04-28,38150,38500,37500,38500,34546,0.017173051519154603
2023-05-02,38900,41000,38500,41000,144987,0.06493506493506485
2023-05-03,41000,41950,40700,41850,88336,0.02073170731707319
2023-05-04,41950,44550,41850,43000,143957,0.027479091995221028
2023-05-08,43300,43350,42550,42550,66759,-0.010465116279069764
2023-05-09,42400,43250,42300,42600,51915,0.001175088131609936
2023-05-10,42800,44000,42300,43700,44864,0.025821596244131495
2023-05-11,43700,43950,38200,39000,267561,-0.10755148741418763
2023-05-12,39000,39150,37300,38950,136994,-0.0012820512820512775
2023-05-15,38450,38600,36400,36900,124975,-0.052631578947368474
2023-05-16,36800,37050,36000,36050,67835,-0.023035230352303482
2023-05-17,36250,36800,35650,36200,57752,0.004160887656033285
2023-05-18,36750,36750,36200,36250,41885,0.0013812154696133394
2023-05-19,36200,36650,36100,36200,48083,-0.0013793103448276334
2023-05-22,36200,36200,35000,35650,108853,-0.015193370165745845
2023-05-23,35750,36050,35250,35650,47798,0.0
2023-05-24,35650,35700,35150,35150,36965,-0.014025245441795287
2023-05-25,35400,35600,34250,34500,119961,-0.01849217638691325
2023-05-26,34650,34900,34350,34450,23596,-0.0014492753623188692
2023-05-30,34500,34650,33450,34150,55108,-0.00870827285921627
2023-05-31,34400,34700,33850,34250,34100,0.002928257686676483
2023-06-01,34300,34900,33850,34900,46774,0.01897810218978102
2023-06-02,34900,36000,34750,35600,60435,0.02005730659025784
2023-06-05,35800,35800,35050,35150,36672,-0.012640449438202195
2023-06-07,35050,36150,35000,35250,35735,0.002844950213371167
2023-06-08,35150,35500,34800,35250,39354,0.0
2023-06-09,35500,36050,35200,35750,54685,0.014184397163120588
2023-06-12,36200,36850,35950,36100,51454,0.009790209790209836
2023-06-13,36450,36450,35250,35350,57118,-0.020775623268698085
2023-06-14,35450,35450,34350,34550,43387,-0.022630834512022635
2023-06-15,34600,35500,34150,34250,51636,-0.00868306801736618
2023-06-16,34600,34800,34050,34300,56747,0.0014598540145984717
2023-06-19,34550,34550,33700,33900,38216,-0.011661807580174877
2023-06-20,34200,36150,34000,35900,113511,0.05899705014749257
2023-06-21,36300,36300,35550,35800,60503,-0.0027855153203342198
2023-06-22,35800,35800,35000,35000,30283,-0.022346368715083775
2023-06-23,35400,35400,33950,34050,45005,-0.027142857142857135
2023-06-26,34100,34100,33250,33800,40804,-0.007342143906020504
2023-06-27,33500,33850,33300,33600,21482,-0.00591715976331364
2023-06-28,33700,34150,33550,33800,24759,0.005952380952380931
2023-06-29,34200,34200,33000,33000,38870,-0.023668639053254448
2023-06-30,33100,33200,32500,32900,24087,-0.00303030303030305
2023-07-03,32950,33650,32900,33250,35922,0.010638297872340496
2023-07-04,33100,33100,32650,33000,24931,-0.007518796992481258
2023-07-05,33550,40650,33250,39600,1257246,0.19999999999999996
2023-07-06,38800,40200,38150,39400,291035,-0.005050505050505083
2023-07-07,39250,40850,36700,37450,196100,-0.04949238578680204
2023-07-10,38150,40950,38150,38550,324125,0.029372496662216196
2023-07-11,38550,39150,37450,38100,115210,-0.011673151750972721
2023-07-12,38450,43100,37150,39950,719662,0.04855643044619429
2023-07-13,39500,39750,38100,38900,149359,-0.026282853566958697
2023-07-14,38600,41300,38250,40900,186598,0.05141388174807204
2023-07-17,40600,42000,39150,39500,100763,-0.03422982885085579
2023-07-18,39850,40250,37950,38500,153696,-0.025316455696202556
2023-07-19,38650,39050,38000,38100,100095,-0.010389610389610393
2023-07-20,38150,38650,37450,37800,77541,-0.007874015748031482
2023-07-21,37850,38200,37000,37150,88897,-0.01719576719576721
2023-07-24,37150,37350,36000,36100,78847,-0.02826379542395696
2023-07-25,36100,36200,35350,35400,88308,-0.01939058171745156
2023-07-26,35200,35350,33550,33850,147667,-0.043785310734463234
2023-07-27,34000,34950,34000,34300,49509,0.013293943870014813
2023-07-28,34300,35150,33650,34800,63953,0.014577259475218707
2023-07-31,35600,35850,34700,35650,78082,0.024425287356321768
2023-08-01,35800,36200,34950,35500,60947,-0.0042075736325385416
2023-08-02,35500,35900,34500,34500,38421,-0.028169014084507005
2023-08-03,34750,36150,34050,35750,111923,0.03623188405797095
2023-08-04,36000,36300,35050,35500,61652,-0.006993006993006978
2023-08-07,35200,35900,34600,35300,49624,-0.005633802816901401
2023-08-08,35800,38700,35200,36950,261590,0.04674220963172804
2023-08-09,37450,38700,35100,38000,254136,0.02841677943166432
2023-08-10,37400,37950,36850,37700,59484,-0.007894736842105288
2023-08-11,37900,38500,37200,37700,46716,0.0
2023-08-14,37850,38200,36650,36800,52524,-0.023872679045092826
2023-08-16,36150,36800,35400,35450,61495,-0.036684782608695676
2023-08-17,35050,35450,34050,34800,60691,-0.01833568406205921
2023-08-18,34350,35300,34150,35300,37843,0.014367816091954033
2023-08-21,34850,35100,34550,34600,27930,-0.019830028328611915
2023-08-22,34550,35450,34350,34600,45444,0.0
2023-08-23,34650,34950,33750,33900,34897,-0.020231213872832332
2023-08-24,34250,34500,33250,34250,53254,0.010324483775811188
2023-08-25,34200,34450,33500,33900,46382,-0.010218978102189746
2023-08-28,34150,34500,33450,33900,38161,0.0
2023-08-29,34050,34500,33650,34200,42017,0.008849557522123908
2023-08-30,34600,34600,34050,34200,28959,0.0
2023-08-31,34250,34450,33550,34350,40960,0.004385964912280604
2023-09-01,34450,36200,34100,35700,103250,0.0393013100436681
2023-09-04,35700,36150,34450,35850,112910,0.004201680672268893
2023-09-05,35650,36400,35400,36000,30540,0.004184100418409997
2023-09-06,35950,36050,34900,34950,39823,-0.029166666666666674
2023-09-07,34800,34950,34350,34350,31513,-0.01716738197424894
2023-09-08,34350,35000,34200,34700,26593,0.010189228529839944
2023-09-11,35000,35200,34500,34750,29376,0.0014409221902016434
2023-09-12,35050,35050,33600,33650,55712,-0.031654676258992764
2023-09-13,35000,37350,34900,35750,330513,0.06240713224368499
2023-09-14,36250,36650,34400,35000,198704,-0.020979020979020935
2023-09-15,35050,35050,33800,34050,219685,-0.027142857142857135
2023-09-18,33900,34700,33650,34200,96455,0.004405286343612369
2023-09-19,34250,34250,32500,32700,134144,-0.04385964912280704
2023-09-20,33050,33300,32450,32650,58437,-0.001529051987767538
2023-09-21,32400,32950,31800,32150,72256,-0.015313935681470103
2023-09-22,31750,33300,31650,33300,115519,0.035769828926905056
2023-09-25,32900,33150,32550,32650,21331,-0.019519519519519468
2023-09-26,33000,33000,31850,32200,38522,-0.013782542113323082
2023-09-27,31950,32650,31700,32050,24053,-0.004658385093167738
2023-10-04,32000,32050,30800,31350,76720,-0.021840873634945357
2023-10-05,31900,32600,31250,31800,71296,0.014354066985645897
2023-10-06,31900,32550,31900,32450,21923,0.020440251572326984
2023-10-10,32750,32950,31900,32150,50330,-0.009244992295839749
2023-10-11,32150,32700,31900,32150,34563,0.0
2023-10-12,32450,32850,31700,32750,34541,0.018662519440124425
2023-10-13,32300,32700,31700,31800,36861,-0.02900763358778624
2023-10-16,32150,32700,31250,32000,60650,0.0062893081761006275
2023-10-17,32500,32750,32100,32250,31437,0.0078125
2023-10-18,32050,32700,31750,32300,34076,0.0015503875968991832
2023-10-19,31700,32150,31450,31500,26337,-0.024767801857585092
2023-10-20,31400,31800,30850,31450,44143,-0.0015873015873015817
2023-10-23,31100,31800,30850,31150,36994,-0.009538950715421324
2023-10-24,31600,31850,30850,31850,42456,0.022471910112359605
2023-10-25,32200,32200,30350,30600,79615,-0.039246467817896424
2023-10-26,30000,30600,29600,29950,76551,-0.021241830065359513
2023-10-27,30250,31000,30000,30700,37263,0.025041736227044975
2023-10-30,30950,30950,30050,30550,27824,-0.004885993485342022
2023-10-31,30500,30650,29000,29000,71774,-0.0507364975450082
2023-11-01,29450,29850,29000,29600,48370,0.020689655172413834
2023-11-02,30200,31100,30100,30800,61011,0.04054054054054057
2023-11-03,31000,31000,30050,30850,35648,0.0016233766233766378
2023-11-06,31450,31450,30500,31300,71489,0.014586709886547755
2023-11-07,31250,31300,30450,30750,34171,-0.01757188498402551
2023-11-08,31100,31400,30800,31200,28622,0.014634146341463428
2023-11-09,30550,31600,30500,30850,62827,-0.011217948717948678
2023-11-10,30600,30650,30100,30450,22022,-0.012965964343598091
2023-11-13,30950,31200,29400,29500,53300,-0.031198686371100126
2023-11-14,29700,30300,29600,30150,21164,0.02203389830508473
2023-11-15,30450,30900,30250,30700,26835,0.018242122719734688
2023-11-16,30950,33350,30550,32550,113168,0.06026058631921827
2023-11-17,32700,33650,31650,32700,102102,0.004608294930875667
2023-11-20,32400,33950,32400,33700,81765,0.030581039755351647
2023-11-21,33550,33700,33000,33400,25930,-0.008902077151335286
2023-11-22,33500,33500,32550,33050,25125,-0.010479041916167664
2023-11-23,33050,33150,32750,32850,8526,-0.006051437216338829
2023-11-24,32950,33050,32500,32600,7840,-0.007610350076103556
2023-11-27,32600,33250,32150,33150,15264,0.016871165644171793
2023-11-28,32850,33000,32200,32250,30601,-0.02714932126696834
2023-11-29,32200,32600,31950,32400,23265,0.0046511627906977715
2023-11-30,32150,32550,32000,32100,17355,-0.0092592592592593
2023-12-01,32100,32350,31150,31700,74213,-0.012461059190031154
2023-12-04,31900,31900,31150,31550,31229,-0.004731861198738141
2023-12-05,31800,31850,31250,31250,34497,-0.009508716323296307
2023-12-06,31250,31700,31150,31400,18055,0.0047999999999999154
2023-12-07,31250,32050,31250,31350,33157,-0.0015923566878981443
2023-12-08,31600,31850,31250,31450,29092,0.0031897926634769647
2023-12-11,31650,31950,31500,31950,26884,0.015898251192368873
2023-12-12,31950,32150,31700,31850,13500,-0.003129890453834161
2023-12-13,32000,32350,31650,32100,29061,0.007849293563579218
2023-12-14,32600,33100,31900,32850,98123,0.02336448598130847
2023-12-15,32950,33000,32150,32500,42928,-0.010654490106544956
2023-12-18,32800,32850,32100,32200,14633,-0.009230769230769265
2023-12-19,32250,33000,31500,32800,33984,0.01863354037267073
2023-12-20,32550,33100,32550,33000,22631,0.0060975609756097615
2023-12-21,32900,33200,32550,32950,43545,-0.0015151515151514694
2023-12-22,32650,32800,32250,32500,35172,-0.01365705614567525
2023-12-26,32750,33100,32200,32750,46757,0.007692307692307665
2023-12-27,32500,33000,32300,32800,40395,0.0015267175572519776
2023-12-28,32500,33250,32350,33250,46443,0.013719512195121908
2024-01-02,33250,33750,32900,33300,52997,0.0015037593984963404
2024-01-03,32950,33350,32550,33150,52168,-0.0045045045045044585
2024-01-04,33000,33000,31750,31750,56732,-0.042232277526395134
2024-01-05,32000,32000,31350,31500,36711,-0.007874015748031482
2024-01-08,31500,31650,31250,31350,17744,-0.004761904761904745
2024-01-09,31450,32050,31450,31850,24220,0.01594896331738438
2024-01-10,31850,32000,31500,31750,24863,-0.0031397174254317317
2024-01-11,32250,32250,31550,31700,19402,-0.0015748031496063408
2024-01-12,31900,31900,30950,31050,36956,-0.02050473186119872
2024-01-15,31500,31500,30750,30950,24074,-0.0032206119162641045
2024-01-16,30950,31800,30600,31050,44596,0.003231017770597644
2024-01-17,31700,31950,30900,31000,28235,-0.0016103059581320522
2024-01-18,31700,32850,31350,32800,82065,0.058064516129032295
2024-01-19,32800,32850,32100,32500,25402,-0.009146341463414642
2024-01-22,32950,33100,32400,33100,37662,0.01846153846153853
2024-01-23,33400,33400,32650,32650,33169,-0.013595166163142047
2024-01-24,32650,32800,32200,32350,24555,-0.009188361408882129
2024-01-25,32100,32550,32050,32350,13087,0.0
2024-01-26,32100,32800,32050,32650,20046,0.009273570324574987
2024-01-29,32650,32700,32050,32100,23536,-0.016845329249617125
2024-01-30,32100,32400,31500,31550,19322,-0.01713395638629278
2024-01-31,31550,32350,31450,32100,27226,0.017432646592709933
2024-02-01,32500,32500,31550,31900,31736,-0.006230529595015577
2024-02-02,32400,32400,31800,32150,29554,0.00783699059561127
2024-02-05,31850,31900,31050,31200,34433,-0.029548989113530322
2024-02-06,30800,31000,30100,30300,68976,-0.028846153846153855
2024-02-07,30300,31000,30100,30400,34159,0.0033003300330032292
2024-02-08,30500,30750,30300,30500,15808,0.00328947368421062
2024-02-13,30550,31000,30550,30900,21716,0.013114754098360715
2024-02-14,30600,30650,30150,30450,25244,-0.014563106796116498
2024-02-15,30450,30600,30150,30350,29604,-0.003284072249589487
2024-02-16,30450,30800,30300,30650,18351,0.009884678747940745
2024-02-19,30650,31050,30600,30700,29110,0.0016313213703098572
2024-02-20,30900,30950,30600,30650,14334,-0.0016286644951140072
2024-02-21,30500,30900,30450,30500,21642,-0.004893964110929905
2024-02-22,30900,31050,30550,30950,22510,0.014754098360655776
2024-02-23,30950,31100,30650,30800,28514,-0.004846526655896577
2024-02-26,31000,31100,30350,30450,22543,-0.011363636363636354
2024-02-27,30450,30700,29800,29950,48227,-0.016420361247947435
2024-02-28,29950,30200,29850,29950,34635,0.0
2024-02-29,29900,30600,29800,30400,37207,0.015025041736226985
2024-03-04,30200,30650,29950,30200,32522,-0.006578947368421018
2024-03-05,30200,30400,29950,30200,27753,0.0
2024-03-06,30000,30400,29950,30200,25169,0.0
2024-03-07,30150,30200,29850,30100,19164,-0.0033112582781457123
2024-03-08,30100,30950,30100,30800,33044,0.023255813953488413
2024-03-11,30500,30700,30100,30250,24897,-0.017857142857142905
2024-03-12,30300,30850,30150,30750,17096,0.016528925619834656
2024-03-13,30900,31100,30600,30900,21951,0.004878048780487809
2024-03-14,30800,31400,30800,30950,28803,0.0016181229773462036
2024-03-15,30750,30950,30600,30900,16451,-0.001615508885298822
2024-03-18,30600,31000,30450,30500,13364,-0.012944983818770184
2024-03-19,30300,30500,30100,30150,18851,-0.011475409836065542
2024-03-20,30150,30500,30000,30200,13128,0.0016583747927032544
2024-03-21,30200,30700,30200,30500,11558,0.009933774834437026
2024-03-22,30450,30800,30300,30450,11872,-0.0016393442622950616
2024-03-25,30300,30750,30300,30600,9847,0.0049261083743843415
2024-03-26,30600,30800,30300,30600,13034,0.0
2024-03-27,30700,30850,30450,30800,10581,0.006535947712418277
2024-03-28,30800,30950,30500,30550,13408,-0.008116883116883078
2024-03-29,30700,30700,30400,30400,8377,-0.004909983633387904
2024-04-01,30750,31650,30450,31300,55564,0.02960526315789469
2024-04-02,31050,31300,30800,31300,23131,0.0
2024-04-03,31350,31400,30850,31150,16962,-0.004792332268370614
2024-04-04,31600,31650,30700,31150,22450,0.0
2024-04-05,30750,31150,30650,31000,19576,-0.0048154093097912964
2024-04-08,30850,30850,30050,30050,34833,-0.030645161290322576
2024-04-09,30100,30450,29900,30000,18748,-0.0016638935108153063
2024-04-11,29900,30200,29700,30150,41780,0.004999999999999893
2024-04-12,30000,30150,29750,29750,21646,-0.013266998341625258
2024-04-15,29750,29800,29350,29500,19315,-0.008403361344537785
2024-04-16,29500,29550,29050,29250,21794,-0.008474576271186418
2024-04-17,29400,29700,29250,29400,9523,0.00512820512820511
2024-04-18,29000,29950,29000,29800,10739,0.013605442176870763
2024-04-19,29400,29700,29300,29400,19457,-0.01342281879194629
2024-04-22,29950,29950,29450,29700,9558,0.010204081632652962
2024-04-23,29600,30150,29600,29700,9809,0.0
2024-04-24,30000,30100,29600,29900,14604,0.006734006734006703
2024-04-25,29650,29900,29450,29450,10986,-0.015050167224080258
2024-04-26,29650,29650,29400,29600,8071,0.005093378607809784
2024-04-29,29700,30000,29400,29800,14970,0.006756756756756799
2024-04-30,29800,29950,29300,29450,28617,-0.011744966442952975
2024-05-02,29450,29950,29150,29900,17772,0.015280135823429575
2024-05-03,30150,30250,29900,30150,16258,0.008361204013378032
2024-05-07,30350,30400,30150,30400,15012,0.008291873963515828
2024-05-08,30400,30650,30150,30400,10988,0.0
2024-05-09,30450,30650,30250,30350,20356,-0.00164473684210531
2024-05-10,30550,30650,30000,30250,20418,-0.0032948929159802853
2024-05-13,30350,30500,29900,29900,12702,-0.011570247933884281
2024-05-14,30200,30250,29950,30050,11786,0.0050167224080268635
2024-05-16,30300,30300,29750,29950,36825,-0.0033277870216306127
2024-05-17,30100,30600,30000,30150,52253,0.006677796327211993
2024-05-20,30300,30300,29350,29500,58100,-0.021558872305140975
2024-05-21,29400,29400,29050,29200,52879,-0.01016949152542368
2024-05-22,29300,29500,28950,29250,38692,0.001712328767123239
2024-05-23,29150,29450,28800,29300,21985,0.0017094017094017033
2024-05-24,29000,29350,28950,29200,20506,-0.0034129692832765013
2024-05-27,29350,29350,28800,29050,30183,-0.005136986301369828
2024-05-28,29050,29100,28850,28950,17191,-0.0034423407917383297
2024-05-29,29100,29100,28500,28500,45515,-0.015544041450777257
2024-05-30,28450,28450,27300,27300,100309,-0.04210526315789476
2024-05-31,27450,27900,26700,26700,161267,-0.02197802197802201
2024-06-03,27100,27400,27000,27150,36884,0.016853932584269593
2024-06-04,27300,27300,26850,27050,19633,-0.0036832412523020164
2024-06-05,26850,27100,26550,26850,30895,-0.007393715341959317
2024-06-07,26850,27050,26600,26650,31131,-0.007448789571694592
2024-06-10,26650,27450,26500,27300,32761,0.024390243902439046
2024-06-11,27050,27600,27000,27200,22541,-0.00366300366300365
2024-06-12,26950,27400,26850,27300,16805,0.003676470588235281
2024-06-13,27300,27650,27200,27200,64020,-0.00366300366300365
2024-06-14,27250,27550,26700,27000,39008,-0.007352941176470562
2024-06-17,27150,27250,26900,27100,14521,0.0037037037037037646
2024-06-18,27150,27250,26800,27100,16960,0.0
2024-06-19,27000,27200,26650,26700,25521,-0.014760147601476037
2024-06-20,26700,27250,26700,27200,24485,0.01872659176029967
2024-06-21,27100,27100,26550,26650,41620,-0.020220588235294157
2024-06-24,26650,26800,26200,26300,41545,-0.013133208255159512
2024-06-25,26300,26600,26200,26400,19292,0.0038022813688212143
2024-06-26,26400,27200,26400,26800,18385,0.015151515151515138
2024-06-27,26600,27100,26400,26450,10842,-0.013059701492537323
2024-06-28,26450,26950,26450,26950,11190,0.018903591682419618
2024-07-01,26950,27050,26650,27000,12693,0.0018552875695732052
2024-07-02,26750,27000,26100,26400,32579,-0.022222222222222254
2024-07-03,26300,26500,26000,26200,27030,-0.007575757575757569
2024-07-04,25900,26500,25900,26000,15349,-0.007633587786259555
2024-07-05,26000,26350,26000,26100,13476,0.0038461538461538325
2024-07-08,26150,26600,26150,26500,11112,0.015325670498084198
2024-07-09,26350,26650,26350,26500,12633,0.0
2024-07-10,26300,26800,26150,26250,20194,-0.009433962264150941
2024-07-11,26250,26550,26250,26450,10905,0.007619047619047636
2024-07-12,26650,26900,26400,26750,18905,0.011342155009451904
2024-07-15,26850,27450,26550,27250,43947,0.01869158878504673
2024-07-16,27050,27400,26700,26900,23232,-0.012844036697247652
2024-07-17,27200,27450,26700,26850,25610,-0.0018587360594795044
2024-07-18,26800,27350,26600,27000,69440,0.005586592178770999
2024-07-19,26800,27250,26550,26700,22396,-0.011111111111111072
2024-07-22,26450,26700,25400,25800,80399,-0.0337078651685393
2024-07-23,25800,26150,25450,25500,27090,-0.011627906976744207
2024-07-24,25400,25750,25300,25650,14665,0.00588235294117645
2024-07-25,25300,25900,25250,25900,36233,0.00974658869395717
2024-07-26,25900,26450,25800,26400,18549,0.019305019305019266
2024-07-29,26500,26500,25950,26150,22237,-0.009469696969697017
2024-07-30,26100,26400,25550,26000,19556,-0.005736137667303964
2024-07-31,25900,25900,25300,25700,26561,-0.011538461538461497
2024-08-01,25950,26050,25550,26050,15954,0.013618677042801508
2024-08-02,25900,25900,25250,25350,38062,-0.026871401151631447
2024-08-05,25000,25150,23050,23250,114646,-0.08284023668639051
2024-08-06,25000,25350,23950,24550,44718,0.05591397849462365
2024-08-07,24350,26150,24350,25850,42030,0.05295315682281054
2024-08-08,25350,26200,25300,25850,26328,0.0
2024-08-09,25450,25450,24500,24850,79412,-0.03868471953578334
2024-08-12,24650,25100,24600,25000,24181,0.006036217303822866
2024-08-13,24750,24950,24500,24550,13577,-0.018000000000000016
2024-08-14,24900,24900,24550,24750,11573,0.008146639511201537
2024-08-16,24900,25000,24450,24700,24248,-0.002020202020202033
2024-08-19,24500,24850,24500,24550,22158,-0.006072874493927127
2024-08-20,24500,24800,24450,24750,27409,0.008146639511201537
2024-08-21,24550,24850,24550,24600,23146,-0.0060606060606061
2024-08-22,24750,24800,24150,24350,32611,-0.010162601626016232
2024-08-23,24250,24400,24000,24350,15966,0.0
2024-08-26,24350,24600,23900,23950,22545,-0.01642710472279263
2024-08-27,23950,24100,23700,23950,14256,0.0
2024-08-28,23950,24250,23600,23750,14782,-0.008350730688935326
2024-08-29,23500,23950,23500,23700,8022,-0.002105263157894721
2024-08-30,23700,24000,23600,24000,15081,0.012658227848101333
2024-09-02,24000,24050,23750,23900,10626,-0.004166666666666652
2024-09-03,23900,24000,23400,23450,20608,-0.01882845188284521
2024-09-04,23350,23350,22700,22700,31674,-0.031982942430703654
2024-09-05,23000,23500,22950,23400,19105,0.03083700440528636
2024-09-06,23550,23550,22750,23100,16334,-0.012820512820512775
2024-09-09,23050,23650,22750,23650,14638,0.023809523809523725
2024-09-10,23500,23500,22850,22850,12614,-0.03382663847780132
2024-09-11,23200,23300,22750,22850,9179,0.0
2024-09-12,22850,23400,22850,23000,21407,0.006564551422319376
2024-09-13,22900,23300,22850,23300,8118,0.01304347826086949
2024-09-19,23450,23500,23100,23400,10115,0.0042918454935623185
2024-09-20,23650,23750,23250,23700,13995,0.012820512820512775
2024-09-23,23700,24100,23400,23950,15265,0.010548523206751037
2024-09-24,24050,24050,23750,23950,6689,0.0
2024-09-25,24100,24300,23950,24150,11333,0.008350730688935215
2024-09-26,24350,24600,24050,24400,16357,0.010351966873705987
2024-09-27,24200,24500,23850,24200,19724,-0.008196721311475419
2024-09-30,24400,24550,23850,24150,20177,-0.0020661157024793875
2024-10-02,24000,24150,23550,23900,12268,-0.010351966873705987
2024-10-04,23900,24550,23850,24500,22949,0.025104602510460206
2024-10-07,24300,24500,24150,24250,6228,-0.010204081632653073
2024-10-08,24100,25000,24050,24550,23759,0.012371134020618513
2024-10-10,24750,24900,24200,24350,9462,-0.008146639511201648
2024-10-11,24550,24550,23900,23900,8765,-0.01848049281314168
2024-10-14,24200,24200,23400,23750,17906,-0.006276150627615107
2024-10-15,23650,23950,23550,23650,8756,-0.004210526315789442
2024-10-16,23500,23850,23400,23850,8063,0.008456659619450413
2024-10-17,23950,23950,23500,23550,22283,-0.012578616352201255
2024-10-18,23700,23700,23050,23150,22296,-0.01698513800424628
2024-10-21,23300,23400,23050,23150,4001,0.0
2024-10-22,22900,23200,22800,22950,13306,-0.008639308855291628
2024-10-23,23150,23600,22800,23500,10590,0.023965141612200425
2024-10-24,23750,23750,22900,23100,7528,-0.017021276595744705
2024-10-25,23250,23250,22650,23000,13409,-0.0043290043290042934
2024-10-28,23200,23450,23000,23350,6261,0.01521739130434785
2024-10-29,23550,25900,23000,23150,324091,-0.008565310492505307
2024-10-30,23150,23450,22750,22900,42883,-0.010799136069114423
2024-10-31,22900,23000,22600,22750,23289,-0.0065502183406113135
2024-11-01,22600,22950,22550,22850,22427,0.00439560439560438
2024-11-04,22850,23400,22700,23350,23680,0.02188183807439814
2024-11-05,23150,23400,23050,23300,10631,-0.0021413276231263545
2024-11-06,23400,23450,22700,22850,23209,-0.01931330472102999
2024-11-07,22800,22950,22600,22800,24418,-0.002188183807439792
2024-11-08,22150,22800,22150,22550,40248,-0.010964912280701733
2024-11-11,22300,22550,20800,21600,58243,-0.04212860310421285
2024-11-12,21600,21650,19960,20200,85887,-0.06481481481481477
2024-11-13,20100,20350,19810,20000,49924,-0.00990099009900991
2024-11-14,20050,20950,19660,19990,46488,-0.0004999999999999449
2024-11-15,19790,20350,19760,20250,44546,0.013006503251625778
2024-11-18,20250,20550,20000,20250,21614,0.0
2024-11-19,20400,20600,20200,20500,17549,0.012345679012345734
2024-11-20,20300,20500,20000,20400,17948,-0.004878048780487809
2024-11-21,20450,20600,20150,20300,20777,-0.004901960784313708
2024-11-22,20350,20500,20100,20400,12452,0.0049261083743843415
2024-11-25,20200,20600,20200,20500,14139,0.004901960784313708
2024-11-26,20300,20750,20300,20550,13939,0.0024390243902439046
2024-11-27,20600,20600,20300,20300,16078,-0.012165450121654486
2024-11-28,20500,20650,20300,20600,9422,0.014778325123152802
2024-11-29,20400,20500,20100,20400,11841,-0.009708737864077666
2024-12-02,20500,20500,20000,20000,11409,-0.019607843137254943
2024-12-03,20050,20350,20000,20200,9318,0.010000000000000009
2024-12-04,20000,20050,19420,20000,23156,-0.00990099009900991
2024-12-05,19600,19950,19510,19640,19351,-0.018000000000000016
2024-12-06,19800,20150,19490,20000,27584,0.018329938900203624
2024-12-09,20000,20000,19500,19500,25359,-0.025000000000000022
2024-12-10,19670,19940,19490,19840,17936,0.017435897435897463
2024-12-11,19820,20200,19710,19900,23363,0.003024193548387011
2024-12-12,19900,20100,19240,19450,301062,-0.022613065326633208
2024-12-13,19460,20300,19460,19900,57054,0.023136246786632286
2024-12-16,19820,20150,19820,20050,32128,0.007537688442211143
2024-12-17,20100,20100,19810,19930,16313,-0.0059850374064838174
2024-12-18,19770,20000,19640,19850,25102,-0.004014049172102352
2024-12-19,19740,19740,19560,19600,13540,-0.012594458438287104
2024-12-20,19790,19790,19160,19200,31057,-0.020408163265306145
2024-12-23,19190,19460,19180,19360,18893,0.008333333333333304
2024-12-24,19480,19480,19290,19320,6033,-0.0020661157024793875
2024-12-26,19360,19440,19150,19150,18103,-0.008799171842650111
2024-12-27,19100,19200,18730,18800,19347,-0.018276762402088753
2024-12-30,18970,18970,18790,18880,18489,0.004255319148936065
2025-01-02,18980,19000,18820,18840,12042,-0.0021186440677966045
2025-01-03,18870,19410,18870,19300,21784,0.02441613588110414
2025-01-06,19300,19680,19290,19670,13564,0.01917098445595844
2025-01-07,19670,19750,19560,19600,11950,-0.003558718861209953
2025-01-08,19410,19670,19410,19620,11500,0.0010204081632652073
2025-01-09,19620,19830,19590,19690,12220,0.0035677879714577365
2025-01-10,19690,19750,19430,19480,16031,-0.010665312341289979
2025-01-13,19480,19520,19150,19180,13424,-0.015400410677618104
2025-01-14,19400,19580,19090,19400,23124,0.011470281543274341
2025-01-15,19490,19600,19220,19250,12818,-0.0077319587628865705
2025-01-16,19280,19420,19280,19320,5548,0.0036363636363636598
2025-01-17,19300,19370,19160,19220,48234,-0.005175983436852993
2025-01-20,19220,19220,18900,18910,29889,-0.016129032258064502
2025-01-21,18990,19010,18610,18790,42412,-0.0063458487572712885
2025-01-22,18870,18900,18680,18680,26354,-0.0058541777541245565
2025-01-23,18770,19060,18520,18950,42203,0.014453961456102782
2025-01-24,19000,19320,18930,19220,22286,0.014248021108179465
2025-01-31,19220,19240,18990,19070,12538,-0.007804370447450526
2025-02-03,18930,19060,18500,18590,25304,-0.025170424750917686
2025-02-04,18670,19090,18630,18870,18299,0.015061861215707406
2025-02-05,18870,19080,18750,19060,4822,0.010068892421833509
2025-02-06,19030,19290,19010,19200,6918,0.007345225603357708
2025-02-07,19200,19280,18930,19040,23062,-0.008333333333333304
2025-02-10,19190,19200,18950,19170,11774,0.0068277310924369505
2025-02-11,19110,19290,19020,19020,15999,-0.007824726134585291
2025-02-12,19020,19200,18940,18960,14340,-0.003154574132492094
2025-02-13,18960,19140,18940,19110,7047,0.007911392405063333
2025-02-14,19100,19340,19100,19280,15016,0.008895866038723277
2025-02-17,19300,20350,19290,20200,105001,0.047717842323651505
2025-02-18,19790,20250,19660,19930,54977,-0.013366336633663378
2025-02-19,20150,20600,19990,20600,71832,0.03361766181635728
2025-02-20,20750,21300,20600,20900,66734,0.014563106796116498
2025-02-21,20800,21250,20650,20700,22069,-0.009569377990430672
2025-02-24,20500,22500,20350,21150,131866,0.021739130434782705
2025-02-25,20600,20950,20400,20750,46535,-0.01891252955082745
2025-02-26,20900,21450,20650,21350,39128,0.028915662650602414
2025-02-27,21500,21500,20950,21050,16057,-0.014051522248243575
2025-02-28,20650,20900,20250,20250,30884,-0.038004750593824244
2025-03-04,20000,20700,19990,20050,19551,-0.00987654320987652
2025-03-05,20050,20750,20050,20450,15875,0.01995012468827939
2025-03-06,20600,21300,20600,21300,26429,0.041564792176039145
2025-03-07,21250,21400,20850,21300,30780,0.0
2025-03-10,21300,21300,20800,20900,10858,-0.018779342723004744
2025-03-11,20700,20700,20000,20700,21819,-0.009569377990430672
2025-03-12,20750,21250,20500,21000,15459,0.01449275362318847
2025-03-13,21000,21050,20550,20650,12189,-0.01666666666666672
2025-03-14,20500,21000,20500,20750,13530,0.004842615012106588
2025-03-17,20850,21250,20850,21050,16203,0.014457831325301207
2025-03-18,21100,21250,20800,21100,17958,0.002375296912114022
2025-03-19,21100,21300,21000,21150,15903,0.0023696682464455776
2025-03-20,21100,21550,21050,21100,19895,-0.0023640661938534313
2025-03-21,21050,21200,20800,21200,13095,0.004739336492890933
2025-03-24,21200,21350,21000,21200,10847,0.0
2025-03-25,21200,21450,21050,21300,20315,0.004716981132075526
2025-03-26,21450,21950,21250,21800,46297,0.023474178403755763
2025-03-27,21700,21750,21200,21250,17072,-0.025229357798165153
2025-03-28,21250,21300,20550,20950,21096,-0.014117647058823568
2025-03-31,20850,20850,20100,20250,10691,-0.03341288782816232
2025-04-01,20300,21100,20300,20900,9340,0.032098765432098775
2025-04-02,21000,21450,20900,21350,16361,0.021531100478468845
2025-04-03,21100,21550,20900,21200,26237,-0.007025761124121788
2025-04-04,20850,21450,20800,21400,14416,0.009433962264151052
2025-04-07,21000,21000,19200,20000,24695,-0.06542056074766356
2025-04-08,20050,20350,20000,20150,14700,0.007500000000000062
