Date,Open,High,Low,Close,Volume,Change
2022-01-03,19200,19200,18450,18950,220696,-0.0026315789473684292
2022-01-04,18900,20000,18600,20000,948509,0.0554089709762533
2022-01-05,20500,21900,20000,20800,2984499,0.040000000000000036
2022-01-06,20300,22000,20050,20350,2182456,-0.02163461538461542
2022-01-07,20700,20850,18650,19600,637761,-0.03685503685503688
2022-01-10,19750,20550,18950,20000,608354,0.020408163265306145
2022-01-11,20200,20300,19000,19200,407402,-0.040000000000000036
2022-01-12,19500,20200,19100,19800,450007,0.03125
2022-01-13,20250,20700,19300,19550,625521,-0.012626262626262652
2022-01-14,19300,20200,19200,19850,462244,0.01534526854219953
2022-01-17,19850,20000,19200,19450,260569,-0.02015113350125941
2022-01-18,19650,20050,18200,18250,626423,-0.06169665809768643
2022-01-19,17800,18500,17500,18450,242887,0.010958904109588996
2022-01-20,18400,18500,17900,18150,161796,-0.016260162601625994
2022-01-21,17850,18050,16250,16600,523093,-0.08539944903581265
2022-01-24,16300,16300,15800,15900,179110,-0.04216867469879515
2022-01-25,16000,16450,15100,15250,276379,-0.04088050314465408
2022-01-26,15200,15750,15100,15150,151570,-0.006557377049180357
2022-01-27,15250,15400,14100,14300,198552,-0.05610561056105612
2022-01-28,14500,14550,13500,14350,202443,0.0034965034965035446
2022-02-03,14600,14900,14400,14650,120120,0.020905923344947785
2022-02-04,14400,15350,14300,15300,196164,0.04436860068259385
2022-02-07,15300,15300,14750,14900,94816,-0.02614379084967322
2022-02-08,14900,16700,14900,15850,735254,0.06375838926174504
2022-02-09,16100,16150,15700,16000,99560,0.009463722397476282
2022-02-10,16200,16900,15700,15800,285541,-0.012499999999999956
2022-02-11,15400,15700,15150,15300,89063,-0.03164556962025311
2022-02-14,14800,15000,14100,14150,161302,-0.07516339869281041
2022-02-15,14250,14950,13950,14050,171334,-0.007067137809187329
2022-02-16,14450,14850,14400,14700,68856,0.0462633451957295
2022-02-17,14700,15100,14300,14600,104956,-0.006802721088435382
2022-02-18,14300,15000,14300,14900,60164,0.020547945205479534
2022-02-21,14550,14950,14500,14950,53089,0.003355704697986628
2022-02-22,14500,14850,14200,14350,94223,-0.04013377926421402
2022-02-23,14500,14650,14350,14400,54680,0.0034843205574912606
2022-02-24,14200,14300,13600,13600,139965,-0.05555555555555558
2022-02-25,13800,14300,13750,13950,86886,0.025735294117646967
2022-02-28,13800,14150,13700,13950,58490,0.0
2022-03-02,13700,14150,13700,14050,52138,0.007168458781362075
2022-03-03,14350,14600,14100,14600,73736,0.039145907473309594
2022-03-04,14500,16050,14350,14850,593986,0.017123287671232834
2022-03-07,14650,14650,14200,14400,72267,-0.030303030303030276
2022-03-08,13950,14600,13850,14000,137963,-0.02777777777777779
2022-03-10,14450,14650,14200,14250,68929,0.017857142857142794
2022-03-11,14250,14400,14200,14300,52811,0.0035087719298245723
2022-03-14,14300,14350,13900,14150,64038,-0.010489510489510523
2022-03-15,14200,14850,13850,14050,197445,-0.007067137809187329
2022-03-16,14250,14350,14050,14200,70478,0.01067615658362997
2022-03-17,14600,14800,14400,14500,118008,0.021126760563380254
2022-03-18,14700,15300,14550,15050,247728,0.037931034482758585
2022-03-21,15100,15250,14850,15000,100521,-0.0033222591362126463
2022-03-22,14900,15050,14650,14750,64206,-0.01666666666666672
2022-03-23,14900,15100,14650,14950,88652,0.013559322033898313
2022-03-24,14750,15050,14700,14800,55430,-0.010033444816053505
2022-03-25,14900,15350,14850,15100,115443,0.020270270270270174
2022-03-28,15550,15650,15150,15350,176379,0.01655629139072845
2022-03-29,15400,15500,15100,15100,66327,-0.016286644951140072
2022-03-30,15250,15550,15050,15050,130790,-0.0033112582781457123
2022-03-31,15050,15600,14900,15550,226905,0.03322259136212624
2022-04-01,15250,15500,15050,15050,93600,-0.032154340836012874
2022-04-04,15150,15400,14900,15050,87654,0.0
2022-04-05,15100,15250,14950,15050,54303,0.0
2022-04-06,14850,15050,14800,15000,50066,-0.0033222591362126463
2022-04-07,14800,15500,14750,15100,115358,0.006666666666666599
2022-04-08,15100,15150,14800,15050,46150,-0.0033112582781457123
2022-04-11,14900,15400,14900,15100,108087,0.0033222591362125353
2022-04-12,15000,15650,14950,15150,167032,0.0033112582781456013
2022-04-13,15150,15600,15100,15400,117996,0.01650165016501659
2022-04-14,15850,16450,15500,15500,627834,0.006493506493506551
2022-04-15,15300,15700,15050,15150,165137,-0.022580645161290325
2022-04-18,15150,15350,14900,14900,123836,-0.01650165016501648
2022-04-19,14900,15150,14850,14900,83835,0.0
2022-04-20,15000,15000,14750,14750,65291,-0.010067114093959773
2022-04-21,14700,15100,14700,14850,65211,0.006779661016949046
2022-04-22,14750,15200,14700,15000,81188,0.010101010101010166
2022-04-25,14700,14850,14400,14500,74908,-0.033333333333333326
2022-04-26,14750,15750,14750,14950,190826,0.03103448275862064
2022-04-27,14350,15000,14350,14750,71181,-0.013377926421404673
2022-04-28,14800,14850,14500,14600,44127,-0.01016949152542368
2022-04-29,14650,15050,14600,14700,64997,0.006849315068493178
2022-05-02,14600,14700,14300,14550,46680,-0.010204081632653073
2022-05-03,14550,14950,14550,14750,53047,0.013745704467353903
2022-05-04,14800,14900,14450,14500,65762,-0.016949152542372836
2022-05-06,14450,14450,14100,14250,50259,-0.017241379310344862
2022-05-09,14150,14400,13800,13900,42527,-0.024561403508771895
2022-05-10,13850,14100,13450,14100,67825,0.014388489208633004
2022-05-11,14300,14400,13900,13900,30390,-0.014184397163120588
2022-05-12,14050,14050,13300,13300,63968,-0.043165467625899234
2022-05-13,13300,13700,13300,13600,34212,0.022556390977443552
2022-05-16,13600,13700,12950,13000,86438,-0.044117647058823484
2022-05-17,12900,13900,12900,13500,76944,0.03846153846153855
2022-05-18,13950,14800,13950,14300,251221,0.059259259259259345
2022-05-19,13900,15000,13600,14900,206609,0.04195804195804187
2022-05-20,14800,16850,14550,14600,1520615,-0.020134228187919434
2022-05-23,14900,15800,14700,15000,637537,0.027397260273972712
2022-05-24,15100,15200,14650,14800,133924,-0.013333333333333308
2022-05-25,14650,14900,14400,14450,96576,-0.023648648648648685
2022-05-26,14450,14600,14100,14100,75875,-0.02422145328719727
2022-05-27,14200,14600,14100,14150,53859,0.0035460992907800915
2022-05-30,14250,14550,14200,14250,29230,0.007067137809187329
2022-05-31,14300,14500,14200,14400,31174,0.010526315789473717
2022-06-02,14350,14450,14200,14250,24191,-0.01041666666666663
2022-06-03,14200,14350,14150,14250,31396,0.0
2022-06-07,14250,14300,13650,13750,52246,-0.03508771929824561
2022-06-08,13750,13950,13650,13700,39640,-0.0036363636363636598
2022-06-09,13600,13700,13250,13450,59455,-0.018248175182481785
2022-06-10,14000,14800,13950,14050,526483,0.044609665427509215
2022-06-13,13700,14400,13200,13300,177781,-0.053380782918149516
2022-06-14,13700,13750,13200,13550,111884,0.018796992481203034
2022-06-15,13250,13500,12550,12550,181487,-0.07380073800738007
2022-06-16,12900,13950,12850,13600,327643,0.08366533864541825
2022-06-17,13200,14400,12950,14050,151317,0.03308823529411775
2022-06-20,13950,14800,12900,14000,433252,-0.003558718861209953
2022-06-21,14400,14500,13550,13850,129537,-0.010714285714285676
2022-06-22,14050,14050,12700,12700,122586,-0.0830324909747292
2022-06-23,12600,12800,11600,11700,168020,-0.07874015748031493
2022-06-24,11550,12350,11550,12100,99881,0.03418803418803429
2022-06-27,12150,12700,12100,12400,59410,0.024793388429751984
2022-06-28,12350,12700,12150,12250,45622,-0.012096774193548376
2022-06-29,12050,12200,11900,11950,54806,-0.024489795918367308
2022-06-30,11800,12050,11300,11600,107716,-0.029288702928870314
2022-07-01,11500,11800,11150,11450,66307,-0.012931034482758674
2022-07-04,11600,11600,10350,10450,104581,-0.0873362445414847
2022-07-05,10650,10950,10450,10700,53351,0.02392344497607657
2022-07-06,10700,11000,10550,11000,41241,0.028037383177569986
2022-07-07,11100,11450,10850,11000,68031,0.0
2022-07-08,11200,11350,10950,10950,58606,-0.004545454545454519
2022-07-11,10900,11150,10800,10850,45303,-0.0091324200913242
2022-07-12,10650,10800,10400,10500,48605,-0.032258064516129004
2022-07-13,10600,10800,10350,10600,40854,0.00952380952380949
2022-07-14,10600,10800,10450,10550,25052,-0.004716981132075526
2022-07-15,10550,10650,10200,10300,32289,-0.023696682464455
2022-07-18,10450,10650,10300,10500,68124,0.01941747572815533
2022-07-19,10450,10850,10250,10750,55328,0.023809523809523725
2022-07-20,10950,11050,10700,10800,55526,0.0046511627906977715
2022-07-21,10900,11200,10750,10950,67567,0.01388888888888884
2022-07-22,11050,11100,10600,10850,76548,-0.0091324200913242
2022-07-25,10700,11150,10700,10950,34263,0.009216589861751112
2022-07-26,11050,11300,10950,11250,44593,0.027397260273972712
2022-07-27,11050,11250,11000,11050,37699,-0.01777777777777778
2022-07-28,11250,11400,10600,10800,89063,-0.022624434389140302
2022-07-29,11050,12800,11050,11300,1273716,0.04629629629629628
2022-08-01,11300,11650,11150,11500,137147,0.017699115044247815
2022-08-02,11550,11800,11400,11600,100920,0.008695652173912993
2022-08-03,11650,12000,11500,11750,179144,0.012931034482758674
2022-08-04,11800,12000,11650,11850,103851,0.008510638297872353
2022-08-05,11800,11800,11550,11800,69522,-0.00421940928270037
2022-08-08,11700,11800,11500,11700,43250,-0.008474576271186418
2022-08-09,11750,11800,11550,11750,36910,0.004273504273504258
2022-08-10,11750,11800,11400,11450,56577,-0.025531914893617058
2022-08-11,11600,11750,11450,11700,54411,0.02183406113537112
2022-08-12,11800,11900,11500,11600,78428,-0.008547008547008517
2022-08-16,11650,11650,11450,11500,38093,-0.008620689655172376
2022-08-17,11500,12600,11500,11750,507749,0.021739130434782705
2022-08-18,11900,12850,11750,12850,472632,0.09361702127659566
2022-08-19,13200,13200,12450,12550,319949,-0.023346303501945553
2022-08-22,12450,12850,12050,12400,182083,-0.01195219123505975
2022-08-23,12250,15400,12150,13300,7072198,0.07258064516129026
2022-08-24,13400,13600,13050,13450,884502,0.011278195488721776
2022-08-25,14700,15850,13700,13700,4893807,0.018587360594795488
2022-08-26,13650,14500,13650,14050,805248,0.025547445255474477
2022-08-29,13300,13400,12700,12750,555656,-0.09252669039145911
2022-08-30,12800,13850,12750,13600,649357,0.06666666666666665
2022-08-31,13650,14200,13150,14050,470451,0.03308823529411775
2022-09-01,13850,14050,13250,13350,285096,-0.04982206405693945
2022-09-02,13700,13700,13050,13100,171500,-0.01872659176029967
2022-09-05,13050,13200,12500,12700,139506,-0.03053435114503822
2022-09-06,12850,13450,12800,13300,185825,0.04724409448818889
2022-09-07,13150,13550,12850,13000,177879,-0.022556390977443663
2022-09-08,13200,14500,12900,12900,1225204,-0.007692307692307665
2022-09-13,13200,13800,13000,13550,377354,0.050387596899224896
2022-09-14,12950,13350,12950,13150,179016,-0.029520295202952074
2022-09-15,13650,15000,13250,13800,1417555,0.049429657794676896
2022-09-16,13700,14250,13550,14150,371298,0.0253623188405796
2022-09-19,14150,14200,13450,13550,318884,-0.04240282685512364
2022-09-20,14250,14500,13500,13550,771432,0.0
2022-09-21,13650,14200,13550,13850,425558,0.022140221402213944
2022-09-22,13550,14150,13500,14000,248804,0.010830324909747224
2022-09-23,13850,13850,12800,12900,268551,-0.07857142857142863
2022-09-26,12500,12500,11300,11350,238246,-0.12015503875968991
2022-09-27,11300,11550,10800,11250,131893,-0.008810572687224627
2022-09-28,11300,11300,10400,10600,103250,-0.05777777777777782
2022-09-29,10750,11000,10200,10200,103025,-0.037735849056603765
2022-09-30,9910,10350,9900,10150,79548,-0.004901960784313708
2022-10-04,10300,10950,10300,10700,107376,0.054187192118226646
2022-10-05,11000,11100,10200,10200,82481,-0.04672897196261683
2022-10-06,10300,10700,10300,10600,36705,0.03921568627450989
2022-10-07,10400,10750,10400,10550,34073,-0.004716981132075526
2022-10-11,10200,10300,9950,9970,68757,-0.05497630331753556
2022-10-12,9830,10150,9830,9990,71761,0.0020060180541625616
2022-10-13,10200,10500,9580,9590,138320,-0.040040040040040026
2022-10-14,9800,9990,9750,9880,49163,0.030239833159541263
2022-10-17,9600,9660,9300,9490,127049,-0.03947368421052633
2022-10-18,9670,9830,9550,9620,80558,0.013698630136986356
2022-10-19,9690,9960,9490,9500,72006,-0.012474012474012475
2022-10-20,9490,9560,8820,8850,195909,-0.06842105263157894
2022-10-21,8840,8880,8480,8480,82759,-0.041807909604519744
2022-10-24,8680,8850,8560,8670,59120,0.022405660377358583
2022-10-25,8510,8660,8430,8560,89493,-0.012687427912341454
2022-10-26,8610,8660,8000,8030,148286,-0.06191588785046731
2022-10-27,8140,8290,7920,8000,131097,-0.0037359900373599153
2022-10-28,7840,7960,7710,7710,125538,-0.036250000000000004
2022-10-31,7930,7930,7670,7790,70256,0.01037613488975353
2022-11-01,7790,7950,7780,7900,72228,0.01412066752246477
2022-11-02,8000,8000,7780,7900,32867,0.0
2022-11-03,7770,7890,7700,7850,27602,-0.006329113924050667
2022-11-04,7880,8270,7760,8250,69760,0.05095541401273884
2022-11-07,8270,8320,8120,8250,54483,0.0
2022-11-08,8260,8410,8260,8310,49338,0.0072727272727273196
2022-11-09,8400,8710,8250,8700,121805,0.04693140794223827
2022-11-10,8660,8690,8510,8610,46457,-0.010344827586206917
2022-11-11,8890,8940,8700,8910,95811,0.03484320557491283
2022-11-14,9160,9240,8930,9020,110506,0.012345679012345734
2022-11-15,9040,9040,8880,8950,48356,-0.0077605321507761005
2022-11-16,9020,9030,8690,8800,51604,-0.016759776536312887
2022-11-17,8750,8760,8640,8720,25062,-0.009090909090909038
2022-11-18,8650,8840,8650,8660,36603,-0.006880733944954143
2022-11-21,8670,8720,8390,8390,37482,-0.03117782909930711
2022-11-22,8430,8550,8160,8340,34050,-0.005959475566150174
2022-11-23,8450,8790,8370,8700,47474,0.043165467625899234
2022-11-24,8880,9080,8700,9010,83249,0.03563218390804601
2022-11-25,9010,9310,8940,9030,55408,0.002219755826859071
2022-11-28,9000,9010,8750,8850,33522,-0.019933554817275767
2022-11-29,8670,9520,8670,9170,197674,0.0361581920903955
2022-11-30,9260,9260,9000,9130,48237,-0.004362050163576936
2022-12-01,9250,9330,9080,9200,62104,0.00766703176341732
2022-12-02,9280,9650,9140,9410,121876,0.022826086956521774
2022-12-05,9440,9490,9120,9190,46184,-0.023379383634431483
2022-12-06,9100,9180,8730,8760,38221,-0.04678998911860721
2022-12-07,8770,9450,8770,9380,175857,0.07077625570776247
2022-12-08,9390,9450,9170,9280,45346,-0.010660980810234588
2022-12-09,9270,9280,8960,9000,47168,-0.030172413793103425
2022-12-12,9000,9050,8870,8950,34677,-0.005555555555555536
2022-12-13,9130,9370,9020,9200,38896,0.027932960893854775
2022-12-14,9250,9930,9100,9780,142228,0.06304347826086953
2022-12-15,9790,9910,9630,9840,39175,0.006134969325153339
2022-12-16,9690,9780,9490,9530,40015,-0.0315040650406504
2022-12-19,9530,9670,9380,9450,32789,-0.008394543546694666
2022-12-20,9350,9460,9050,9390,41010,-0.006349206349206327
2022-12-21,9280,9380,9010,9300,43428,-0.009584664536741228
2022-12-22,9210,10200,9210,10000,285409,0.07526881720430101
2022-12-23,9840,9890,9530,9610,68251,-0.039000000000000035
2022-12-26,9590,10050,9510,9750,82517,0.014568158168574374
2022-12-27,9570,9950,9570,9880,44885,0.01333333333333342
2022-12-28,9760,10000,9690,9780,32323,-0.010121457489878583
2022-12-29,9770,9770,9300,9460,42305,-0.03271983640081799
2023-01-02,9600,9600,8950,8950,70740,-0.05391120507399583
2023-01-03,8950,9190,8870,9150,26586,0.022346368715083775
2023-01-04,9000,9680,9000,9600,45363,0.049180327868852514
2023-01-05,9700,9950,9540,9600,57896,0.0
2023-01-06,9610,9970,9600,9970,60523,0.038541666666666696
2023-01-09,10050,10050,9770,9860,44914,-0.011033099297893645
2023-01-10,9870,10000,9790,9870,18187,0.0010141987829614951
2023-01-11,9960,9990,9780,9820,28774,-0.005065856129685908
2023-01-12,9870,9900,9780,9820,18748,0.0
2023-01-13,9920,10850,9820,10850,306387,0.10488798370672092
2023-01-16,10850,11100,10750,10800,70615,-0.004608294930875556
2023-01-17,10800,10950,10600,10700,46223,-0.0092592592592593
2023-01-18,10700,11400,10550,11250,175804,0.051401869158878455
2023-01-19,11150,11350,10500,11200,107974,-0.004444444444444473
2023-01-20,11050,11300,10950,11050,52370,-0.013392857142857095
2023-01-25,11110,11690,11020,11450,123398,0.03619909502262453
2023-01-26,11450,11960,11210,11450,177660,0.0
2023-01-27,11800,12470,11250,12280,440886,0.07248908296943224
2023-01-30,12280,12500,11700,11800,176604,-0.039087947882736174
2023-01-31,11690,12200,11330,11880,133032,0.006779661016949046
2023-02-01,12010,12160,11680,11730,89766,-0.012626262626262652
2023-02-02,11750,11850,11510,11790,101639,0.005115089514066584
2023-02-03,11800,11950,11540,11560,108916,-0.019508057675996615
2023-02-06,11340,11470,10600,11130,259439,-0.037197231833909994
2023-02-07,11050,11400,11050,11400,93242,0.0242587601078168
2023-02-08,11450,11900,11300,11780,142764,0.03333333333333344
2023-02-09,11900,12400,11890,12100,246115,0.02716468590831922
2023-02-10,11860,12090,11510,11830,139584,-0.022314049586776852
2023-02-13,11830,12010,11520,11860,90119,0.002535925612848766
2023-02-14,11780,12400,11780,12120,171313,0.021922428330522825
2023-02-15,12170,12280,11500,11530,126239,-0.048679867986798686
2023-02-16,11570,11760,11470,11660,50293,0.011274934952298254
2023-02-17,11590,11590,11150,11210,113400,-0.038593481989708356
2023-02-20,11210,11380,10920,11210,68088,0.0
2023-02-21,11210,11340,11090,11240,70504,0.00267618198037467
2023-02-22,11190,11190,10730,11010,123343,-0.020462633451957313
2023-02-23,11140,11860,10980,11840,150382,0.07538601271571288
2023-02-24,11860,12180,11550,11690,109863,-0.01266891891891897
2023-02-27,11490,11680,11150,11550,62686,-0.0119760479041916
2023-02-28,12700,14160,12330,13910,2290590,0.20432900432900425
2023-03-02,14300,14860,13810,14000,1089371,0.006470165348670065
2023-03-03,14110,14160,13700,13880,339712,-0.008571428571428563
2023-03-06,13900,14340,13440,14240,475875,0.025936599423631135
2023-03-07,14240,14500,13540,13540,346630,-0.0491573033707865
2023-03-08,13350,13390,12900,13000,236828,-0.03988183161004433
2023-03-09,13060,15180,12750,14360,1900199,0.10461538461538455
2023-03-10,14340,14490,13170,13210,548124,-0.08008356545961004
2023-03-13,13100,13180,12000,12710,323828,-0.037850113550340625
2023-03-14,12800,12800,12050,12070,213083,-0.050354051927616106
2023-03-15,12330,12520,12090,12270,283967,0.016570008285004212
2023-03-16,12240,12240,11650,11850,175115,-0.03422982885085579
2023-03-17,12000,12540,12000,12300,152891,0.03797468354430378
2023-03-20,12600,13730,12560,13310,638348,0.08211382113821131
2023-03-21,13230,13250,12820,13000,158211,-0.023290758827948954
2023-03-22,13200,13220,12910,13020,128638,0.0015384615384614886
2023-03-23,13200,13690,12640,12950,296388,-0.005376344086021501
2023-03-24,13070,13270,12680,13100,140903,0.01158301158301156
2023-03-27,13240,13240,12630,12630,160397,-0.03587786259541981
2023-03-28,12720,12800,12410,12520,132765,-0.008709422011084711
2023-03-29,12520,12650,12200,12570,108150,0.003993610223642197
2023-03-30,12600,12700,12300,12610,145175,0.0031821797931583795
2023-03-31,12560,12750,12350,12360,87463,-0.019825535289452856
2023-04-03,12350,12700,12210,12650,98334,0.023462783171521062
2023-04-04,12650,12690,12360,12370,104683,-0.02213438735177864
2023-04-05,12440,12590,12270,12430,81060,0.004850444624090455
2023-04-06,12310,12580,12010,12420,111279,-0.0008045052292839916
2023-04-07,12350,12490,12200,12450,106581,0.0024154589371980784
2023-04-10,12290,12490,11980,11990,128208,-0.03694779116465863
2023-04-11,11950,12160,11310,12000,130341,0.0008340283569641116
2023-04-12,12200,13950,12150,13530,1288457,0.12749999999999995
2023-04-13,13530,13530,12860,13250,366529,-0.020694752402069527
2023-04-14,13200,13200,12840,12980,215772,-0.02037735849056599
2023-04-17,13000,13000,12350,12550,154207,-0.03312788906009245
2023-04-18,12530,12530,12030,12050,184913,-0.03984063745019917
2023-04-19,12170,12360,12060,12260,80038,0.01742738589211612
2023-04-20,12260,12270,11900,11960,89052,-0.024469820554649302
2023-04-21,11920,12130,11580,12110,73034,0.012541806020066826
2023-04-24,12100,12110,11620,11880,52119,-0.018992568125516085
2023-04-25,11670,11930,11540,11740,54319,-0.011784511784511786
2023-04-26,11990,12200,11600,11600,76487,-0.011925042589437829
2023-04-27,11600,11830,11380,11390,58202,-0.018103448275862077
2023-04-28,11500,11510,11230,11390,39280,0.0
2023-05-02,11400,11640,11330,11600,28290,0.01843722563652328
2023-05-03,11590,12040,11490,11620,47052,0.0017241379310344307
2023-05-04,11890,12000,11610,11710,19343,0.007745266781411297
2023-05-08,12100,12100,11700,11700,24217,-0.0008539709649871829
2023-05-09,11650,11900,11400,11750,40582,0.004273504273504258
2023-05-10,11770,11770,11610,11620,29843,-0.01106382978723408
2023-05-11,11510,12180,11510,11600,116706,-0.0017211703958691649
2023-05-12,11660,11890,11430,11730,43880,0.011206896551724244
2023-05-15,11710,11780,11160,11360,41459,-0.03154305200341001
2023-05-16,11370,11600,10980,11100,52965,-0.022887323943661997
2023-05-17,11100,11200,10910,11070,37911,-0.002702702702702675
2023-05-18,11070,11330,11050,11250,28637,0.016260162601626105
2023-05-19,11620,11790,11100,11390,67857,0.01244444444444448
2023-05-22,11330,11590,11310,11470,14108,0.0070237050043897575
2023-05-23,11750,11750,11360,11390,32556,-0.006974716652136004
2023-05-24,11390,11470,11120,11130,32465,-0.022827041264266934
2023-05-25,11130,11290,11070,11130,25974,0.0
2023-05-26,11130,11370,11060,11060,30039,-0.0062893081761006275
2023-05-30,11100,11160,10830,10970,41942,-0.008137432188065064
2023-05-31,11030,11460,10970,11220,47005,0.022789425706472244
2023-06-01,11250,11250,10970,11200,35247,-0.0017825311942959443
2023-06-02,11250,11400,11140,11330,51037,0.011607142857142927
2023-06-05,11500,12250,11500,11950,199784,0.054721977052074156
2023-06-07,12030,12200,11860,12020,59616,0.0058577405857740406
2023-06-08,12020,12350,11930,12090,59001,0.005823627287853572
2023-06-09,12150,12330,12030,12180,56514,0.007444168734491274
2023-06-12,12110,12350,12060,12140,37961,-0.003284072249589487
2023-06-13,12140,12340,12000,12140,63506,0.0
2023-06-14,12250,12320,11810,12070,88825,-0.005766062602965416
2023-06-15,12140,12330,12000,12210,57388,0.011599005799502793
2023-06-16,12340,12490,12220,12370,71589,0.013104013104013212
2023-06-19,12420,12430,12100,12110,48604,-0.021018593371059047
2023-06-20,12110,12170,11920,11980,49992,-0.01073492981007429
2023-06-21,12080,12080,11650,11650,54355,-0.027545909849749584
2023-06-22,11570,12500,11500,11800,99956,0.012875536480686733
2023-06-23,11640,12370,11630,11840,49777,0.003389830508474523
2023-06-26,11840,11840,11570,11670,79447,-0.014358108108108114
2023-06-27,12620,12810,11220,11300,1603829,-0.03170522707797774
2023-06-28,11300,11390,11130,11180,131892,-0.010619469026548645
2023-06-29,11170,11190,10680,10690,145787,-0.043828264758497326
2023-06-30,10750,10920,10620,10780,66178,0.008419083255378768
2023-07-03,10720,11050,10720,10940,48450,0.014842300556586308
2023-07-04,10940,11100,10740,10970,58109,0.002742230347349217
2023-07-05,10980,10980,10710,10760,39168,-0.019143117593436676
2023-07-06,10760,10850,10670,10700,51568,-0.005576208178438624
2023-07-07,10620,10740,10250,10410,67575,-0.02710280373831775
2023-07-10,10320,10420,10000,10340,37165,-0.00672430355427478
2023-07-11,10340,10480,10270,10460,30151,0.011605415860735047
2023-07-12,10450,10850,10290,10720,65412,0.0248565965583174
2023-07-13,10680,10830,10600,10730,29992,0.000932835820895539
2023-07-14,10790,11040,10590,10730,44062,0.0
2023-07-17,10510,10940,10510,10840,34811,0.010251630941286116
2023-07-18,10920,10920,10560,10640,46479,-0.01845018450184499
2023-07-19,10640,10730,10400,10490,37029,-0.014097744360902276
2023-07-20,10450,10650,10360,10500,21706,0.0009532888465204614
2023-07-21,10320,10430,10210,10280,38966,-0.020952380952380945
2023-07-24,10130,10170,9480,9540,133708,-0.07198443579766534
2023-07-25,9690,9740,8910,9220,129121,-0.033542976939203384
2023-07-26,9080,9240,8180,8480,140649,-0.08026030368763559
2023-07-27,8540,9150,8540,9110,67060,0.0742924528301887
2023-07-28,9120,9350,9070,9310,31079,0.021953896816685026
2023-07-31,9210,9340,8990,9310,35523,0.0
2023-08-01,9310,9590,9270,9520,33482,0.022556390977443552
2023-08-02,9560,9780,9420,9460,46367,-0.006302521008403339
2023-08-03,9400,9410,8810,9020,45400,-0.046511627906976716
2023-08-04,9060,9120,8870,8960,38162,-0.006651884700665134
2023-08-07,9100,9230,8840,8990,30709,0.0033482142857141906
2023-08-08,8910,9070,8780,8820,32534,-0.018909899888765347
2023-08-09,8710,9160,8710,9150,17936,0.03741496598639449
2023-08-10,9150,9250,9000,9190,13774,0.004371584699453646
2023-08-11,9010,9710,9010,9150,50873,-0.0043525571273123065
2023-08-14,9250,9250,8890,9050,43370,-0.010928961748633892
2023-08-16,9050,9050,8730,8870,22197,-0.019889502762430955
2023-08-17,8770,9000,8500,9000,28115,0.014656144306651742
2023-08-18,9000,9000,8750,8910,19481,-0.010000000000000009
2023-08-21,8730,9000,8620,8690,29335,-0.024691358024691357
2023-08-22,8650,8770,8520,8590,19434,-0.011507479861910253
2023-08-23,8720,8720,8460,8460,23752,-0.015133876600698537
2023-08-24,8470,8720,8460,8670,16769,0.024822695035461084
2023-08-25,8580,8710,8430,8530,8253,-0.016147635524798143
2023-08-28,8500,8760,8190,8660,15980,0.015240328253223856
2023-08-29,8590,8880,8590,8790,19134,0.01501154734411081
2023-08-30,8980,9850,8840,9200,283490,0.04664391353811159
2023-08-31,9140,9350,8950,9290,61025,0.009782608695652284
2023-09-01,9220,9340,9060,9120,36147,-0.01829924650161463
2023-09-04,9200,9390,8780,8900,37393,-0.02412280701754388
2023-09-05,9700,11240,9480,9950,1022115,0.1179775280898876
2023-09-06,10080,10540,10010,10240,251527,0.029145728643216184
2023-09-07,10320,10340,9840,10260,105429,0.001953125
2023-09-08,10260,10450,10020,10450,108129,0.0185185185185186
2023-09-11,10220,10350,9980,10030,67595,-0.04019138755980867
2023-09-12,10410,10450,9530,9580,157926,-0.04486540378863413
2023-09-13,9580,9670,9260,9580,47160,0.0
2023-09-14,9650,10610,9650,10090,291166,0.05323590814196244
2023-09-15,10090,10100,9860,9950,42975,-0.013875123885034646
2023-09-18,9850,9870,9680,9730,26777,-0.022110552763819125
2023-09-19,9680,9730,9450,9610,25731,-0.012332990750256956
2023-09-20,9550,9710,9480,9610,20356,0.0
2023-09-21,9610,9610,8970,9020,41977,-0.06139438085327786
2023-09-22,8760,9230,8750,8900,26441,-0.013303769401330379
2023-09-25,9000,9100,8720,8790,21519,-0.012359550561797716
2023-09-26,8810,8810,8630,8730,30615,-0.0068259385665528916
2023-09-27,8600,8800,8560,8740,26715,0.001145475372279492
2023-10-04,8550,8640,8370,8460,28091,-0.03203661327231122
2023-10-05,8430,10790,8430,8910,1951112,0.05319148936170204
2023-10-06,9560,10640,9340,9910,1332576,0.11223344556677883
2023-10-10,9800,9820,9070,9100,202667,-0.0817356205852674
2023-10-11,9230,9700,9220,9460,149120,0.03956043956043964
2023-10-12,9560,9870,9550,9550,79875,0.009513742071881603
2023-10-13,9410,10050,9390,9430,291318,-0.012565445026177957
2023-10-16,9380,9420,9010,9050,54385,-0.040296924708377535
2023-10-17,9060,9800,9060,9580,99293,0.05856353591160213
2023-10-18,9670,9710,9350,9440,45251,-0.014613778705636737
2023-10-19,9290,9380,8820,8820,80381,-0.06567796610169496
2023-10-20,8730,8780,8470,8510,38937,-0.035147392290249435
2023-10-23,8360,8580,8190,8190,47181,-0.03760282021151584
2023-10-24,8210,8550,8000,8540,40338,0.042735042735042805
2023-10-25,8650,8770,8460,8660,24516,0.014051522248243575
2023-10-26,8650,8650,8200,8350,25394,-0.035796766743648956
2023-10-27,8340,8590,8200,8490,32501,0.016766467065868262
2023-10-30,8540,8980,8400,8840,33449,0.04122497055359253
2023-10-31,8970,8970,8550,8660,25828,-0.020361990950226283
2023-11-01,8740,8770,8620,8700,21393,0.004618937644341736
2023-11-02,8900,9080,8790,8910,44575,0.024137931034482696
2023-11-03,9110,9160,8850,9090,28950,0.02020202020202011
2023-11-06,9260,9260,9010,9230,29488,0.015401540154015292
2023-11-07,9210,9260,8930,9060,22892,-0.018418201516793076
2023-11-08,9090,9150,8990,9050,13794,-0.001103752759381904
2023-11-09,8980,9140,8400,8950,26973,-0.011049723756906049
2023-11-10,8950,8950,8610,8790,9916,-0.01787709497206702
2023-11-13,8700,9100,8560,8740,16607,-0.005688282138794132
2023-11-14,8890,8940,8740,8760,20117,0.0022883295194509046
2023-11-15,9090,9330,8860,9190,40423,0.04908675799086759
2023-11-16,9290,9370,9050,9250,40792,0.006528835690968515
2023-11-17,9250,9370,9130,9130,13660,-0.012972972972972951
2023-11-20,9100,9290,8990,9200,9562,0.00766703176341732
2023-11-21,9160,9350,9160,9300,13337,0.010869565217391353
2023-11-22,9330,9330,9110,9160,18394,-0.01505376344086018
2023-11-23,9160,9390,9160,9240,14904,0.008733624454148492
2023-11-24,9230,9410,9220,9270,18049,0.0032467532467532756
2023-11-27,9210,9490,9120,9400,27894,0.014023732470334505
2023-11-28,9410,9480,9230,9340,32198,-0.006382978723404209
2023-11-29,9360,9430,9160,9360,32305,0.0021413276231263545
2023-11-30,9360,9370,9220,9330,19461,-0.0032051282051281937
2023-12-01,9300,9330,9040,9180,24927,-0.01607717041800638
2023-12-04,9070,9250,9040,9180,21489,0.0
2023-12-05,9120,9130,8770,8850,32806,-0.03594771241830064
2023-12-06,8780,8940,8780,8930,15205,0.009039548022598876
2023-12-07,8900,9030,8800,9000,27997,0.007838745800671898
2023-12-08,8950,9080,8890,8900,10043,-0.011111111111111072
2023-12-11,8880,10400,8880,10130,691638,0.13820224719101115
2023-12-12,9980,10000,9300,9740,100993,-0.038499506416584395
2023-12-13,9750,9920,9640,9840,73455,0.010266940451745477
2023-12-14,9980,9980,9610,9720,51782,-0.012195121951219523
2023-12-15,9720,10000,9210,10000,113116,0.028806584362139898
2023-12-18,10000,10370,9780,9870,141949,-0.013000000000000012
2023-12-19,9870,9910,9410,9910,64587,0.004052684903748771
2023-12-20,9910,10130,9850,9980,88594,0.007063572149344166
2023-12-21,9870,10100,9750,9940,56066,-0.004008016032064132
2023-12-22,10000,10040,9760,9770,38371,-0.017102615694164935
2023-12-26,9770,9770,9520,9730,39993,-0.004094165813715467
2023-12-27,9600,10080,9570,10060,65176,0.033915724563206684
2023-12-28,10000,10450,9960,10430,117884,0.036779324055665974
2024-01-02,10400,10490,10240,10450,37582,0.0019175455417066445
2024-01-03,10450,10580,10250,10520,57258,0.006698564593301537
2024-01-04,10660,10660,10120,10120,64956,-0.03802281368821292
2024-01-05,10150,10400,10050,10180,32551,0.005928853754940677
2024-01-08,10400,10540,10220,10410,45188,0.022593320235756442
2024-01-09,10330,10450,10150,10220,80170,-0.018251681075888593
2024-01-10,10220,10400,9830,10030,161279,-0.018590998043052864
2024-01-11,9900,10130,9860,9950,47600,-0.0079760717846461
2024-01-12,9930,9960,9550,9550,54821,-0.04020100502512558
2024-01-15,9400,9800,9360,9790,30073,0.025130890052355914
2024-01-16,9860,9860,9420,9560,28997,-0.023493360572012234
2024-01-17,9700,9740,9160,9680,64583,0.012552301255230214
2024-01-18,9670,9740,9500,9660,24672,-0.0020661157024793875
2024-01-19,9660,9780,9470,9500,21921,-0.0165631469979296
2024-01-22,9530,9530,9260,9260,27294,-0.025263157894736876
2024-01-23,9270,9600,9210,9280,53712,0.002159827213822796
2024-01-24,9280,9300,8990,9270,30984,-0.0010775862068965747
2024-01-25,9300,9300,8900,9030,37035,-0.02588996763754048
2024-01-26,8990,9260,8960,9150,18435,0.013289036544850585
2024-01-29,9160,9190,8850,8950,42339,-0.021857923497267784
2024-01-30,8870,9400,8770,9070,33637,0.013407821229050265
2024-01-31,9060,9060,8670,8690,42700,-0.04189636163175303
2024-02-01,8790,8790,8230,8610,75997,-0.009205983889528202
2024-02-02,8530,8710,8500,8590,25858,-0.0023228803716608404
2024-02-05,8630,8630,8370,8410,29685,-0.020954598370197863
2024-02-06,8300,8470,8280,8400,16933,-0.0011890606420927874
2024-02-07,8510,8550,8380,8510,10248,0.013095238095238049
2024-02-08,8570,8650,8480,8650,13024,0.016451233842538215
2024-02-13,8680,8890,8630,8840,19808,0.021965317919075078
2024-02-14,8700,8920,8700,8910,15547,0.007918552036199067
2024-02-15,9200,9200,8290,8380,179302,-0.05948372615039277
2024-02-16,8420,8700,8350,8550,42910,0.02028639618138417
2024-02-19,8580,8610,8410,8530,20273,-0.002339181286549752
2024-02-20,8530,8620,8440,8510,24635,-0.0023446658851113966
2024-02-21,8510,8540,8340,8380,47870,-0.01527614571092828
2024-02-22,8550,8550,8350,8390,41463,0.0011933174224343368
2024-02-23,8390,8460,8290,8340,34883,-0.005959475566150174
2024-02-26,8350,8440,8270,8430,18009,0.010791366906474753
2024-02-27,8440,8440,8290,8290,23921,-0.016607354685646447
2024-02-28,8370,8370,8290,8340,31653,0.006031363088057962
2024-02-29,8330,8400,8270,8280,22755,-0.007194244604316502
2024-03-04,8250,8270,7950,7970,109682,-0.037439613526570104
2024-03-05,8060,8060,7850,7960,37970,-0.0012547051442910462
2024-03-06,8050,8050,7840,7890,23325,-0.008793969849246186
2024-03-07,8190,8190,7900,7930,10594,0.005069708491761693
2024-03-08,7930,7930,7730,7790,54833,-0.017654476670870167
2024-03-11,7730,8070,7720,8040,19125,0.03209242618741981
2024-03-12,8140,8150,7920,8090,14345,0.006218905472636926
2024-03-13,8050,8150,7910,8100,11484,0.0012360939431397266
2024-03-14,8100,8260,7900,8240,24857,0.01728395061728394
2024-03-15,8210,8240,8090,8120,20280,-0.014563106796116498
2024-03-18,8110,8200,8000,8060,14561,-0.007389162561576401
2024-03-19,8170,8250,7940,8020,19397,-0.00496277915632759
2024-03-20,8100,8100,7970,7990,7415,-0.0037406483790524137
2024-03-21,8090,8090,7930,8000,19794,0.0012515644555695093
2024-03-22,8040,8220,8010,8180,40811,0.022499999999999964
2024-03-25,8230,8230,7990,8020,21308,-0.019559902200488977
2024-03-26,7950,8140,7950,8060,16202,0.004987531172069737
2024-03-27,8090,8090,7750,8060,17284,0.0
2024-03-28,8050,8060,7930,7960,16960,-0.012406947890818865
2024-03-29,8070,8070,7930,7930,13165,-0.0037688442211055717
2024-04-01,7930,8130,7900,8060,20277,0.016393442622950838
2024-04-02,8060,8060,7770,7950,38567,-0.013647642679900707
2024-04-03,7940,7940,7760,7840,24238,-0.01383647798742138
2024-04-04,7810,7940,7560,7570,55451,-0.034438775510204134
2024-04-05,7570,7650,7320,7340,41720,-0.0303830911492734
2024-04-08,7340,7440,7160,7160,37222,-0.02452316076294281
2024-04-09,7160,7400,7160,7330,12133,0.023743016759776525
2024-04-11,7340,7340,7160,7280,9138,-0.006821282401091366
2024-04-12,7330,7480,7160,7430,14132,0.02060439560439553
2024-04-15,7440,7440,7210,7280,15073,-0.020188425302826385
2024-04-16,7410,7690,7150,7170,33256,-0.015109890109890056
2024-04-17,7270,7340,7170,7230,9834,0.008368200836819994
2024-04-18,7250,7370,7200,7250,16261,0.0027662517289073207
2024-04-19,7270,7390,7000,7150,31484,-0.01379310344827589
2024-04-22,7250,7310,7150,7160,13569,0.0013986013986013734
2024-04-23,7340,7340,7180,7180,7300,0.0027932960893854997
2024-04-24,7280,7550,7200,7340,16833,0.022284122562674202
2024-04-25,7290,7450,7290,7390,8780,0.006811989100817373
2024-04-26,7400,7470,7260,7340,13034,-0.006765899864682012
2024-04-29,7490,7540,7340,7410,14918,0.0095367847411445
2024-04-30,7590,7890,7460,7570,40710,0.021592442645074206
2024-05-02,7540,7560,7400,7550,5795,-0.0026420079260237594
2024-05-03,7560,7630,7410,7530,7825,-0.0026490066225165476
2024-05-07,7660,7660,7440,7520,7492,-0.0013280212483399723
2024-05-08,7530,7580,7470,7530,4689,0.0013297872340425343
2024-05-09,7470,7690,7440,7590,30600,0.007968127490039834
2024-05-10,7570,7600,7470,7480,10033,-0.01449275362318836
2024-05-13,7450,7450,7300,7350,9640,-0.017379679144384985
2024-05-14,7350,7350,7210,7260,12444,-0.01224489795918371
2024-05-16,7180,7350,7180,7290,8723,0.004132231404958775
2024-05-17,7290,7360,7170,7220,16920,-0.009602194787380003
2024-05-20,7220,7250,7100,7170,15003,-0.006925207756232732
2024-05-21,7170,7260,7000,7000,75947,-0.023709902370990243
2024-05-22,7070,7080,7000,7030,10561,0.004285714285714226
2024-05-23,7030,7040,6920,6990,24229,-0.005689900426742556
2024-05-24,7060,7060,6930,7000,13244,0.0014306151645206988
2024-05-27,6940,7280,6930,7010,12538,0.0014285714285713347
2024-05-28,7020,7400,6980,7200,31840,0.02710413694721825
2024-05-29,7270,7270,7030,7140,21978,-0.008333333333333304
2024-05-30,7010,7130,6950,7040,16964,-0.014005602240896309
2024-05-31,7200,7200,6950,7050,12063,0.0014204545454545858
2024-06-03,7050,7130,7010,7080,6995,0.004255319148936065
2024-06-04,7000,7120,7000,7020,6380,-0.008474576271186418
2024-06-05,7090,7090,6960,7010,18798,-0.0014245014245014564
2024-06-07,7020,7040,6990,7010,11011,0.0
2024-06-10,7010,7010,6900,6960,6817,-0.007132667617689048
2024-06-11,6970,7050,6950,6950,16967,-0.001436781609195359
2024-06-12,6970,7070,6920,7040,16465,0.012949640287769792
2024-06-13,7040,7700,6950,7060,74898,0.0028409090909091717
2024-06-14,6980,7030,6940,6980,24058,-0.011331444759206777
2024-06-17,6990,7080,6930,6940,24109,-0.005730659025787954
2024-06-18,6970,7030,6920,6950,12622,0.0014409221902016434
2024-06-19,7050,7050,6900,6930,19046,-0.0028776978417266452
2024-06-20,6930,7040,6880,6930,9547,0.0
2024-06-21,7000,7080,6870,6870,11128,-0.008658008658008698
2024-06-24,6990,7000,6590,6590,21129,-0.040756914119359555
2024-06-25,6790,6790,6590,6650,11787,0.009104704097116834
2024-06-26,6600,6710,6370,6570,50779,-0.012030075187969946
2024-06-27,6570,6570,6390,6400,14503,-0.025875190258751957
2024-06-28,6470,6480,6340,6400,18939,0.0
2024-07-01,6410,6450,6280,6330,15975,-0.010937500000000044
2024-07-02,6360,6410,6230,6300,11144,-0.004739336492891044
2024-07-03,6300,6330,6130,6330,27794,0.004761904761904745
2024-07-04,6250,7500,6200,6720,232115,0.06161137440758302
2024-07-05,6720,6750,6530,6700,11472,-0.0029761904761904656
2024-07-08,6750,6860,6650,6850,14674,0.02238805970149249
2024-07-09,6780,6870,6750,6810,7936,-0.005839416058394109
2024-07-10,6810,6870,6770,6870,11939,0.008810572687224738
2024-07-11,6870,6880,6780,6850,13733,-0.0029112081513827937
2024-07-12,6810,6930,6770,6930,5526,0.011678832116788218
2024-07-15,7000,7050,6870,7020,11225,0.01298701298701288
2024-07-16,7000,7200,6970,7120,17914,0.014245014245014342
2024-07-17,7100,7210,7040,7060,19324,-0.008426966292134797
2024-07-18,7020,7020,6860,6870,8802,-0.026912181303116123
2024-07-19,6870,7020,6800,6930,2058,0.008733624454148492
2024-07-22,6880,6990,6810,6890,6121,-0.005772005772005762
2024-07-23,6910,7420,6910,6990,19440,0.014513788098693858
2024-07-24,6990,7040,6950,6990,4769,0.0
2024-07-25,6920,7070,6810,7010,13984,0.0028612303290413976
2024-07-26,7020,7090,6950,7010,12066,0.0
2024-07-29,7090,7090,6980,6980,4401,-0.004279600570613384
2024-07-30,7040,7040,6910,6970,3880,-0.0014326647564469885
2024-07-31,6900,7000,6800,6970,8984,0.0
2024-08-01,6970,7150,6970,7060,10618,0.012912482065997155
2024-08-02,7050,7050,6800,6930,9934,-0.018413597733711096
2024-08-05,6930,6930,6130,6430,27859,-0.07215007215007219
2024-08-06,6140,6540,6140,6410,20162,-0.0031104199066873672
2024-08-07,6350,6530,6350,6460,15984,0.007800312012480548
2024-08-08,6470,6490,6270,6270,35294,-0.02941176470588236
2024-08-09,6260,6330,6200,6250,23905,-0.0031897926634768536
2024-08-12,6250,6390,6190,6230,19144,-0.0031999999999999806
2024-08-13,6210,6300,6170,6200,6435,-0.0048154093097912964
2024-08-14,6380,6490,6170,6200,8947,0.0
2024-08-16,6360,6360,6180,6190,8347,-0.001612903225806428
2024-08-19,6160,6270,6130,6170,21273,-0.003231017770597755
2024-08-20,6200,6300,6200,6280,11342,0.017828200972447306
2024-08-21,6300,6540,6290,6410,34685,0.02070063694267521
2024-08-22,6400,6410,6210,6380,18641,-0.004680187207488307
2024-08-23,6380,6470,6250,6340,7258,-0.006269592476489061
2024-08-26,6340,6380,6270,6300,753,-0.006309148264984188
2024-08-27,6200,6370,6190,6300,4383,0.0
2024-08-28,6350,6350,6190,6260,5451,-0.006349206349206327
2024-08-29,6450,6690,6300,6500,86584,0.03833865814696491
2024-08-30,6500,6500,6330,6330,10839,-0.026153846153846194
2024-09-02,6430,6430,6280,6360,7077,0.004739336492890933
2024-09-03,6360,6450,6330,6360,9745,0.0
2024-09-04,6330,6340,6070,6120,25733,-0.037735849056603765
2024-09-05,6120,6270,6040,6140,7385,0.0032679738562091387
2024-09-06,6190,6580,6080,6200,31794,0.009771986970684043
2024-09-09,6150,6150,6010,6070,7996,-0.020967741935483897
2024-09-10,6120,6230,6020,6020,18457,-0.008237232289950547
2024-09-11,6250,6250,6020,6020,4167,0.0
2024-09-12,6070,6170,6040,6050,4663,0.004983388704318914
2024-09-13,6150,6150,6030,6140,8282,0.014876033057851235
2024-09-19,6240,6240,6050,6100,9244,-0.006514657980456029
2024-09-20,6250,6250,6090,6130,10003,0.004918032786885185
2024-09-23,6250,6880,6100,6880,79777,0.1223491027732464
2024-09-24,6900,6950,6660,6790,60074,-0.013081395348837233
2024-09-25,6790,6900,6600,6750,15507,-0.00589101620029453
2024-09-26,6750,6750,6620,6680,8098,-0.010370370370370363
2024-09-27,6680,6790,6510,6550,9735,-0.019461077844311392
2024-09-30,6530,6620,6380,6580,23240,0.004580152671755711
2024-10-02,6580,6700,6450,6620,17402,0.006079027355623046
2024-10-04,6560,6650,6480,6490,13812,-0.01963746223564955
2024-10-07,6550,6680,6370,6540,28920,0.007704160246533087
2024-10-08,6550,6910,6350,6600,20268,0.00917431192660545
2024-10-10,6600,6650,6400,6540,17339,-0.009090909090909038
2024-10-11,6540,6590,6420,6540,15757,0.0
2024-10-14,6540,6540,6290,6410,13842,-0.019877675840978548
2024-10-15,6350,6650,6350,6560,27145,0.023400936037441422
2024-10-16,6550,6690,6410,6570,9439,0.0015243902439023849
2024-10-17,6570,6800,6410,6650,14772,0.0121765601217656
2024-10-18,6650,6800,6590,6710,32093,0.009022556390977376
2024-10-21,6690,6820,6640,6750,9296,0.005961251862891315
2024-10-22,6750,6920,6540,6720,32331,-0.004444444444444473
2024-10-23,6690,6820,6390,6760,13601,0.005952380952380931
2024-10-24,6750,6890,6500,6770,9298,0.0014792899408284654
2024-10-25,6770,6810,6670,6770,10334,0.0
2024-10-28,6770,6800,6610,6720,3145,-0.00738552437223039
2024-10-29,6720,6750,6640,6650,8859,-0.01041666666666663
2024-10-30,6630,6740,6360,6540,22815,-0.016541353383458635
2024-10-31,6550,6880,6470,6570,22624,0.004587155963302836
2024-11-01,6570,6640,6460,6540,4254,-0.004566210045662156
2024-11-04,6540,6600,6450,6560,4168,0.003058103975535076
2024-11-05,6590,6680,6210,6570,5547,0.0015243902439023849
2024-11-06,6580,6590,6470,6580,4225,0.0015220700152207556
2024-11-07,6500,6600,6500,6590,6023,0.001519756838905817
2024-11-08,6530,6710,6520,6680,22798,0.01365705614567525
2024-11-11,6620,6750,6500,6570,11194,-0.01646706586826352
2024-11-12,6570,6730,6410,6530,27721,-0.0060882800608828
2024-11-13,6510,6560,6270,6380,11701,-0.02297090352220521
2024-11-14,6320,6450,6290,6390,10292,0.0015673981191222097
2024-11-15,6450,6540,6370,6500,12049,0.017214397496087663
2024-11-18,6500,6950,6420,6640,63515,0.021538461538461506
2024-11-19,6650,6870,6610,6620,25012,-0.003012048192771122
2024-11-20,6650,6680,6530,6550,12000,-0.010574018126888185
2024-11-21,6550,6650,6430,6650,12983,0.01526717557251911
2024-11-22,6640,6640,6450,6570,7949,-0.012030075187969946
2024-11-25,6570,6650,6470,6640,11456,0.010654490106544845
2024-11-26,6630,6840,6630,6840,25898,0.030120481927710774
2024-11-27,6820,6930,6800,6930,9157,0.013157894736842035
2024-11-28,6930,6990,6780,6900,17893,-0.0043290043290042934
2024-11-29,6900,6990,6710,6840,21941,-0.008695652173912993
2024-12-02,6710,6860,6670,6860,12263,0.0029239766081872176
2024-12-03,6850,6860,6620,6710,16867,-0.02186588921282795
2024-12-04,6440,6710,6380,6420,32794,-0.0432190760059612
2024-12-05,6420,6510,6330,6400,4570,-0.0031152647975077885
2024-12-06,6280,6530,6040,6230,16002,-0.026562500000000044
2024-12-09,5970,6190,5750,5780,27022,-0.07223113964687
2024-12-10,5780,6080,5780,5880,16285,0.01730103806228378
2024-12-11,6010,6010,5830,5850,9768,-0.005102040816326481
2024-12-12,5910,6000,5850,5970,19452,0.02051282051282044
2024-12-13,6060,6210,6000,6190,6630,0.03685092127303191
2024-12-16,6190,6460,6160,6440,10622,0.04038772213247177
2024-12-17,6500,6500,6190,6240,3523,-0.03105590062111796
2024-12-18,6320,6450,6110,6200,9838,-0.0064102564102563875
2024-12-19,6350,6350,6080,6120,4732,-0.012903225806451646
2024-12-20,6110,6220,6000,6100,7626,-0.0032679738562091387
2024-12-23,6130,6150,6060,6110,2963,0.0016393442622950616
2024-12-24,6060,6110,5980,6090,8463,-0.00327332242225864
2024-12-26,6160,6160,6030,6150,3982,0.009852216748768461
2024-12-27,6150,6240,6090,6240,5322,0.014634146341463428
2024-12-30,6150,6300,5830,6290,13796,0.008012820512820484
2025-01-02,6210,6560,6190,6520,11461,0.0365659777424483
2025-01-03,6520,6650,6420,6500,3809,-0.0030674846625766694
2025-01-06,6500,6500,6310,6410,22470,-0.013846153846153841
2025-01-07,6430,6500,6270,6370,3529,-0.006240249609984372
2025-01-08,6360,6410,6260,6410,5302,0.006279434850863463
2025-01-09,6340,6390,6280,6350,11328,-0.009360374414976613
2025-01-10,6300,6900,6270,6360,47046,0.0015748031496063408
2025-01-13,6340,6440,6300,6360,3350,0.0
2025-01-14,6400,6480,6280,6470,6138,0.01729559748427678
2025-01-15,6480,6480,6370,6370,4980,-0.015455950540958274
2025-01-16,6400,6520,6380,6490,6182,0.018838304552590168
2025-01-17,6490,6490,6400,6470,2956,-0.0030816640986132127
2025-01-20,6470,6500,6430,6460,7932,-0.0015455950540957941
2025-01-21,6410,6520,6410,6460,2080,0.0
2025-01-22,6500,6500,6400,6440,2182,-0.003095975232198178
2025-01-23,6450,6650,6340,6510,15436,0.010869565217391353
2025-01-24,6550,6550,6390,6550,5026,0.006144393241167334
2025-01-31,6550,6550,6440,6540,4139,-0.0015267175572518665
2025-02-03,6530,6530,6340,6480,5484,-0.00917431192660545
2025-02-04,6480,6510,6400,6430,9541,-0.007716049382716084
2025-02-05,6520,6520,6380,6470,8479,0.0062208398133747345
2025-02-06,6480,6630,6450,6580,15981,0.01700154559505407
2025-02-07,6570,6600,6500,6540,6357,-0.006079027355623046
2025-02-10,6540,6550,6430,6510,7601,-0.004587155963302725
2025-02-11,6510,6790,6450,6560,9589,0.007680491551459223
2025-02-12,6600,6600,6210,6430,14017,-0.01981707317073167
2025-02-13,6490,6490,6310,6410,8201,-0.0031104199066873672
2025-02-14,6410,6570,6350,6460,5248,0.007800312012480548
2025-02-17,6390,6440,6260,6310,10828,-0.023219814241486114
2025-02-18,6310,6330,6190,6240,15890,-0.011093502377179099
2025-02-19,6290,6290,6140,6270,7846,0.004807692307692291
2025-02-20,6270,6300,6160,6290,3456,0.0031897926634769647
2025-02-21,6290,6380,6190,6350,10118,0.009538950715421324
2025-02-24,6260,6330,6130,6190,11626,-0.025196850393700787
2025-02-25,6150,6190,6070,6180,9150,-0.001615508885298822
2025-02-26,6100,6210,6100,6210,7180,0.004854368932038833
2025-02-27,6240,6250,6150,6200,4184,-0.0016103059581320522
2025-02-28,6140,6160,6010,6070,6246,-0.020967741935483897
2025-03-04,6090,6170,6050,6130,1730,0.009884678747940745
2025-03-05,6100,6200,6010,6190,9246,0.00978792822185981
2025-03-06,6160,6250,6040,6130,5411,-0.009693053311793265
2025-03-07,6110,6150,6060,6120,3547,-0.0016313213703099683
2025-03-10,6120,6200,6000,6090,6803,-0.004901960784313708
2025-03-11,5940,6150,5800,5870,20067,-0.03612479474548436
2025-03-12,5970,5970,4980,4985,395458,-0.15076660988074952
2025-03-13,5130,5130,4920,4940,46546,-0.009027081243731194
2025-03-14,4935,4985,4880,4960,39522,0.004048582995951344
2025-03-17,4960,4975,4900,4925,24164,-0.007056451612903247
2025-03-18,4985,4985,4855,4920,15238,-0.0010152284263958977
2025-03-19,4925,4955,4850,4945,19624,0.005081300813008172
2025-03-20,4945,5020,4875,4995,28792,0.010111223458038499
2025-03-21,4960,4980,4890,4965,7148,-0.006006006006005982
2025-03-24,5010,5010,4930,4955,9635,-0.002014098690835797
2025-03-25,4965,5190,4940,5130,49779,0.035317860746720386
2025-03-26,5120,5400,4630,4905,151402,-0.04385964912280704
2025-03-27,4900,4900,4750,4840,15228,-0.013251783893985736
2025-03-28,4895,4895,4740,4790,8346,-0.010330578512396715
2025-03-31,4790,4790,4670,4740,10318,-0.01043841336116913
2025-04-01,4740,4820,4665,4800,18101,0.012658227848101333
2025-04-02,4760,4845,4730,4785,3121,-0.0031250000000000444
2025-04-03,4750,4805,4660,4780,6990,-0.0010449320794148065
2025-04-04,4730,4860,4690,4820,5788,0.008368200836819994
2025-04-07,4820,4820,4500,4500,14561,-0.06639004149377592
2025-04-08,4500,4615,4500,4535,10116,0.007777777777777883
