Date,Open,High,Low,Close,Volume,Change
2022-01-03,8450,8570,8310,8450,326128,0.0
2022-01-04,8520,8520,8330,8420,290843,-0.0035502958579881616
2022-01-05,8370,8420,8250,8320,306834,-0.01187648456057011
2022-01-06,8180,8370,8180,8200,385360,-0.014423076923076872
2022-01-07,8210,8570,8210,8560,666463,0.04390243902439028
2022-01-10,8520,8560,8300,8330,350541,-0.026869158878504718
2022-01-11,8320,8420,8170,8290,257929,-0.004801920768307322
2022-01-12,8360,8410,8260,8380,277930,0.010856453558504287
2022-01-13,8380,8540,8330,8340,331212,-0.004773269689737458
2022-01-14,8280,8440,8230,8390,226265,0.005995203836930418
2022-01-17,8490,8530,8310,8370,271557,-0.0023837902264600697
2022-01-18,8380,8510,8240,8300,351818,-0.008363201911589013
2022-01-19,8150,8320,8110,8320,379472,0.002409638554216942
2022-01-20,8270,8450,8270,8420,339064,0.012019230769230838
2022-01-21,8380,8380,8090,8100,417754,-0.038004750593824244
2022-01-24,8040,8140,7880,7940,395392,-0.01975308641975304
2022-01-25,7970,8310,7950,8080,783142,0.017632241813602123
2022-01-26,8110,8270,8010,8090,261103,0.0012376237623761277
2022-01-27,8180,8180,7810,7820,400290,-0.03337453646477129
2022-01-28,7940,8070,7700,8020,360195,0.025575447570332477
2022-02-03,8030,8320,8030,8140,354885,0.014962593516209433
2022-02-04,8110,8540,8110,8500,684892,0.04422604422604426
2022-02-07,8660,8770,8420,8490,693003,-0.0011764705882353343
2022-02-08,8560,8660,8350,8460,518398,-0.0035335689045936647
2022-02-09,8570,8730,8420,8600,509346,0.016548463356973908
2022-02-10,8700,8870,8640,8750,778401,0.01744186046511631
2022-02-11,8600,8760,8460,8530,470707,-0.025142857142857133
2022-02-14,8330,8440,8110,8170,418400,-0.042203985932004695
2022-02-15,8270,8570,8110,8190,637545,0.00244798041615657
2022-02-16,8380,8530,8300,8410,495226,0.026862026862026767
2022-02-17,8420,8660,8110,8290,894036,-0.014268727705113005
2022-02-18,8180,8410,8150,8370,481669,0.00965018094089265
2022-02-21,8280,8330,8170,8310,379825,-0.007168458781361964
2022-02-22,8180,8210,7700,8100,452630,-0.02527075812274371
2022-02-23,8100,8160,7970,8100,500544,0.0
2022-02-24,8030,8080,7780,7870,473477,-0.02839506172839501
2022-02-25,7940,8060,7900,7920,264920,0.006353240152477735
2022-02-28,7970,7970,7740,7850,353451,-0.008838383838383868
2022-03-02,7820,7960,7810,7880,266656,0.003821656050955413
2022-03-03,7980,8050,7880,7940,314874,0.0076142131979695105
2022-03-04,7900,7940,7680,7800,437300,-0.017632241813602012
2022-03-07,7790,7790,7550,7550,464058,-0.03205128205128205
2022-03-08,7510,7510,7320,7330,613529,-0.029139072847682135
2022-03-10,7400,7640,7400,7520,382916,0.02592087312414737
2022-03-11,7470,7660,7440,7650,219157,0.017287234042553168
2022-03-14,7640,7640,7510,7590,206225,-0.007843137254901933
2022-03-15,7590,7620,7510,7540,162211,-0.006587615283267456
2022-03-16,7640,7680,7520,7660,293453,0.01591511936339529
2022-03-17,7730,7760,7650,7660,246094,0.0
2022-03-18,7670,7690,7570,7680,254248,0.0026109660574411553
2022-03-21,7660,7760,7620,7630,187924,-0.00651041666666663
2022-03-22,7680,7700,7570,7690,141916,0.007863695937090354
2022-03-23,7690,7750,7600,7670,328818,-0.002600780234070177
2022-03-24,7630,7840,7530,7770,393820,0.01303780964797907
2022-03-25,7850,7880,7720,7870,312873,0.01287001287001277
2022-03-28,7890,7900,7780,7870,235849,0.0
2022-03-29,7900,7970,7870,7950,249672,0.010165184243964509
2022-03-30,7980,7980,7890,7900,192491,-0.0062893081761006275
2022-03-31,7850,7940,7850,7920,177710,0.0025316455696202667
2022-04-01,7920,7920,7750,7750,249643,-0.02146464646464652
2022-04-04,7750,7860,7730,7780,275183,0.003870967741935516
2022-04-05,7840,7980,7820,7920,347082,0.01799485861182526
2022-04-06,7840,7870,7760,7780,222426,-0.017676767676767624
2022-04-07,7740,7810,7650,7800,194042,0.0025706940874035134
2022-04-08,7800,7880,7710,7880,183059,0.01025641025641022
2022-04-11,7850,7880,7780,7800,163657,-0.010152284263959421
2022-04-12,7730,7820,7710,7800,162276,0.0
2022-04-13,7760,7980,7760,7930,388051,0.016666666666666607
2022-04-14,7970,7980,7870,7930,186626,0.0
2022-04-15,7890,7970,7820,7900,185925,-0.003783102143757877
2022-04-18,7940,8260,7860,8260,707132,0.04556962025316458
2022-04-19,8300,8330,8150,8300,350522,0.004842615012106588
2022-04-20,8310,8340,8220,8230,249068,-0.008433734939759074
2022-04-21,8290,8360,8220,8230,237695,0.0
2022-04-22,8180,8250,8000,8200,285650,-0.0036452004860266785
2022-04-25,8030,8200,8030,8070,167106,-0.01585365853658538
2022-04-26,8100,8160,8030,8110,214652,0.004956629491945419
2022-04-27,7870,7980,7830,7930,281510,-0.022194821208384674
2022-04-28,7970,7980,7780,7830,248325,-0.01261034047919296
2022-04-29,7840,7940,7630,7800,743262,-0.003831417624521105
2022-05-02,7770,7780,7640,7750,314714,-0.0064102564102563875
2022-05-03,7790,7800,7650,7650,308817,-0.012903225806451646
2022-05-04,7660,7700,7480,7490,383498,-0.0209150326797386
2022-05-06,7380,7470,7280,7360,367917,-0.01735647530040052
2022-05-09,7280,7330,7060,7070,475513,-0.03940217391304346
2022-05-10,6910,7090,6910,7000,336935,-0.00990099009900991
2022-05-11,6950,7030,6940,6980,281606,-0.0028571428571428914
2022-05-12,6910,6950,6700,6770,415589,-0.03008595988538687
2022-05-13,6790,6960,6790,6900,193293,0.019202363367799125
2022-05-16,6980,7090,6880,6900,185960,0.0
2022-05-17,6860,6940,6820,6850,200764,-0.007246376811594235
2022-05-18,6870,7010,6850,6980,235738,0.01897810218978102
2022-05-19,6810,6900,6790,6860,212555,-0.017191977077363862
2022-05-20,6860,6990,6850,6930,157538,0.010204081632652962
2022-05-23,6940,6980,6870,6900,88358,-0.0043290043290042934
2022-05-24,6950,6950,6750,6750,212876,-0.021739130434782594
2022-05-25,6720,7000,6720,6930,223348,0.026666666666666616
2022-05-26,6940,7060,6910,6940,123046,0.0014430014430013571
2022-05-27,7030,7070,6960,7010,102044,0.01008645533141217
2022-05-30,7040,7170,7040,7090,178650,0.011412268188302432
2022-05-31,7090,7120,6990,7020,208858,-0.009873060648801113
2022-06-02,7010,7040,6910,6910,127349,-0.015669515669515688
2022-06-03,7000,7070,6920,6990,97159,0.011577424023154759
2022-06-07,6940,7020,6880,6960,127616,-0.0042918454935622075
2022-06-08,6960,7020,6920,7000,103764,0.005747126436781658
2022-06-09,6950,7030,6850,7000,211456,0.0
2022-06-10,6890,6980,6880,6910,115550,-0.0128571428571429
2022-06-13,6800,6830,6640,6650,332371,-0.0376266280752533
2022-06-14,6610,6650,6400,6610,329131,-0.006015037593984918
2022-06-15,6530,6630,6310,6500,277675,-0.016641452344931973
2022-06-16,6540,6700,6540,6630,104087,0.020000000000000018
2022-06-17,6480,6620,6440,6610,175370,-0.003016591251885359
2022-06-20,6650,6660,6260,6400,288284,-0.0317700453857791
2022-06-21,6330,6430,6280,6340,167496,-0.009375000000000022
2022-06-22,6370,6400,6070,6110,249096,-0.0362776025236593
2022-06-23,6050,6230,5920,5950,338432,-0.026186579378068786
2022-06-24,5950,6300,5950,6220,197423,0.04537815126050426
2022-06-27,6280,6420,6220,6360,138013,0.022508038585209
2022-06-28,6320,6410,6250,6400,102586,0.0062893081761006275
2022-06-29,6330,6330,6200,6330,147847,-0.010937500000000044
2022-06-30,6330,6330,6110,6150,163675,-0.028436018957345932
2022-07-01,6120,6200,6000,6080,146320,-0.011382113821138184
2022-07-04,6060,6110,5910,6110,135503,0.004934210526315708
2022-07-05,6110,6380,6080,6380,195924,0.04418985270049092
2022-07-06,6320,6320,6190,6200,177059,-0.028213166144200663
2022-07-07,6210,6250,6160,6220,109245,0.003225806451612856
2022-07-08,6270,6280,6170,6200,113791,-0.003215434083601254
2022-07-11,6200,6240,6080,6150,85635,-0.008064516129032251
2022-07-12,6060,6100,5990,6000,95632,-0.024390243902439046
2022-07-13,5950,6190,5950,6160,110703,0.026666666666666616
2022-07-14,6100,6320,6060,6210,156505,0.008116883116883189
2022-07-15,6270,6280,6090,6200,122853,-0.0016103059581320522
2022-07-18,6290,6370,6250,6350,106764,0.024193548387096753
2022-07-19,6350,6390,6250,6330,132607,-0.0031496062992125706
2022-07-20,6410,6510,6320,6430,134417,0.01579778830963674
2022-07-21,6430,6440,6370,6410,63685,-0.0031104199066873672
2022-07-22,6440,6500,6360,6410,121154,0.0
2022-07-25,6490,6550,6330,6540,124611,0.020280811232449292
2022-07-26,6460,6590,6460,6530,72980,-0.001529051987767538
2022-07-27,6520,6630,6440,6590,119230,0.009188361408882129
2022-07-28,6630,6690,6580,6630,71352,0.006069802731411222
2022-07-29,6690,6890,6610,6740,245771,0.016591251885369473
2022-08-01,6730,6770,6630,6640,115197,-0.014836795252225476
2022-08-02,6600,6640,6480,6530,171270,-0.016566265060240948
2022-08-03,6510,6600,6470,6580,51015,0.007656967840734996
2022-08-04,6580,6660,6540,6580,61217,0.0
2022-08-05,6590,6670,6540,6660,80018,0.012158054711246091
2022-08-08,6610,6660,6540,6640,56084,-0.0030030030030030463
2022-08-09,6630,6690,6560,6670,69844,0.004518072289156683
2022-08-10,6670,6670,6550,6610,126611,-0.008995502248875575
2022-08-11,6690,6750,6660,6710,113527,0.015128593040847127
2022-08-12,6650,6740,6640,6690,69950,-0.0029806259314456574
2022-08-16,6690,6730,6620,6690,119558,0.0
2022-08-17,6660,6720,6580,6620,130994,-0.010463378176382654
2022-08-18,6610,6730,6530,6690,166369,0.010574018126888296
2022-08-19,6690,6790,6630,6640,188090,-0.007473841554558991
2022-08-22,6560,6630,6490,6540,123404,-0.015060240963855387
2022-08-23,6520,6560,6400,6430,102978,-0.016819571865443472
2022-08-24,6430,6660,6430,6650,123729,0.034214618973561484
2022-08-25,6670,6760,6620,6760,105204,0.016541353383458635
2022-08-26,6780,6790,6680,6700,92131,-0.00887573964497046
2022-08-29,6500,6540,6400,6410,107942,-0.043283582089552186
2022-08-30,6420,6470,6380,6430,120191,0.0031201248049921304
2022-08-31,6370,6600,6370,6600,124481,0.026438569206842955
2022-09-01,6460,6560,6360,6390,133697,-0.03181818181818186
2022-09-02,6390,6480,6350,6470,57276,0.012519561815336422
2022-09-05,6350,6470,6290,6370,176607,-0.015455950540958274
2022-09-06,6470,6510,6390,6420,52434,0.007849293563579218
2022-09-07,6360,6410,6200,6210,112965,-0.032710280373831724
2022-09-08,6230,6290,6010,6200,245808,-0.0016103059581320522
2022-09-13,6270,6390,6270,6330,114781,0.020967741935483897
2022-09-14,6190,6220,6100,6150,89822,-0.028436018957345932
2022-09-15,6210,6210,6070,6090,99425,-0.009756097560975618
2022-09-16,6020,6170,6010,6140,146407,0.008210180623973828
2022-09-19,6140,6210,6080,6140,72596,0.0
2022-09-20,6170,6240,6010,6190,104041,0.008143322475570036
2022-09-21,6110,6180,6060,6110,70946,-0.012924071082390909
2022-09-22,6110,6140,5970,6110,124530,0.0
2022-09-23,6050,6110,5960,6000,124317,-0.018003273322422242
2022-09-26,5870,5960,5680,5680,233501,-0.053333333333333344
2022-09-27,5650,5800,5560,5590,232855,-0.015845070422535246
2022-09-28,5570,5630,5250,5310,420905,-0.05008944543828264
2022-09-29,5380,5510,5260,5310,245087,0.0
2022-09-30,5250,5350,5200,5270,146906,-0.007532956685499026
2022-10-04,5330,5440,5330,5430,120716,0.030360531309297834
2022-10-05,5490,5530,5300,5320,142965,-0.02025782688766109
2022-10-06,5320,5420,5300,5390,112716,0.013157894736842035
2022-10-07,5370,5410,5300,5320,155629,-0.012987012987012991
2022-10-11,5280,5280,4970,5010,243205,-0.05827067669172936
2022-10-12,4960,5080,4955,5020,174493,0.001996007984031989
2022-10-13,4985,5050,4890,4990,150288,-0.005976095617529875
2022-10-14,5080,5220,5050,5140,120231,0.03006012024048088
2022-10-17,5090,5170,5000,5100,91884,-0.0077821011673151474
2022-10-18,5170,5230,4910,5170,139068,0.013725490196078383
2022-10-19,5200,5300,5090,5120,135265,-0.009671179883945835
2022-10-20,5080,5190,5070,5190,125093,0.013671875
2022-10-21,5150,5190,5100,5110,71982,-0.015414258188824692
2022-10-24,5180,5290,5180,5220,184920,0.021526418786692814
2022-10-25,5190,5250,5180,5210,74967,-0.0019157088122605526
2022-10-26,5190,5280,5160,5220,84222,0.0019193857965451588
2022-10-27,5280,5340,5220,5280,74374,0.011494252873563315
2022-10-28,5240,5310,5160,5160,74515,-0.022727272727272707
2022-10-31,5220,5250,5060,5080,128784,-0.015503875968992276
2022-11-01,5120,5140,4990,5120,245978,0.007874015748031482
2022-11-02,5100,5240,5070,5150,147869,0.005859375
2022-11-03,5090,5150,4995,5020,180280,-0.025242718446601975
2022-11-04,5020,5050,4945,5030,150608,0.0019920318725099584
2022-11-07,4995,5160,4990,5140,127946,0.021868787276341894
2022-11-08,5190,5290,5160,5290,142551,0.029182879377431803
2022-11-09,5310,5430,5290,5320,139433,0.005671077504725952
2022-11-10,5310,5310,5220,5250,103822,-0.013157894736842146
2022-11-11,5420,5490,5290,5360,255005,0.020952380952381056
2022-11-14,5310,5480,5310,5450,187084,0.01679104477611948
2022-11-15,5440,5510,5380,5490,185571,0.007339449541284404
2022-11-16,5490,5490,5360,5450,155130,-0.007285974499089298
2022-11-17,5410,5460,5360,5440,148356,-0.0018348623853210455
2022-11-18,5440,5500,5360,5370,161337,-0.012867647058823484
2022-11-21,5360,5390,5170,5190,205811,-0.03351955307262566
2022-11-22,5200,5240,5070,5150,190575,-0.0077071290944122905
2022-11-23,5200,5420,5170,5410,375161,0.05048543689320395
2022-11-24,5390,5450,5330,5400,127655,-0.001848428835489857
2022-11-25,5400,5440,5340,5350,80903,-0.0092592592592593
2022-11-28,5350,5390,5140,5180,164079,-0.03177570093457949
2022-11-29,5130,5280,5100,5200,134583,0.0038610038610038533
2022-11-30,5240,5300,5120,5200,471644,0.0
2022-12-01,5300,5410,5200,5280,708737,0.01538461538461533
2022-12-02,5280,5300,5180,5200,164923,-0.015151515151515138
2022-12-05,5200,5330,5200,5310,206634,0.02115384615384608
2022-12-06,5220,5290,5140,5140,164468,-0.032015065913371
2022-12-07,5130,5220,5010,5040,435279,-0.01945525291828798
2022-12-08,5080,5110,4955,4955,239332,-0.016865079365079416
2022-12-09,4980,5210,4970,5200,228780,0.04944500504540872
2022-12-12,5100,5160,5000,5090,181085,-0.02115384615384619
2022-12-13,5110,5130,5010,5030,134520,-0.011787819253438081
2022-12-14,5040,5120,5000,5050,359151,0.003976143141153132
2022-12-15,5030,5200,5010,5070,214359,0.003960396039603964
2022-12-16,4990,5110,4990,5000,247899,-0.013806706114398382
2022-12-19,5020,5020,4740,4750,654231,-0.050000000000000044
2022-12-20,4720,4775,4550,4710,408723,-0.008421052631578996
2022-12-21,4730,4930,4695,4900,355543,0.04033970276008492
2022-12-22,4900,4970,4885,4920,161287,0.004081632653061273
2022-12-23,4895,4895,4690,4730,289735,-0.03861788617886175
2022-12-26,4735,4765,4655,4750,113682,0.0042283298097252064
2022-12-27,4710,4840,4710,4840,234444,0.0189473684210526
2022-12-28,4760,4760,4635,4670,248863,-0.03512396694214881
2022-12-29,4625,4655,4400,4405,350002,-0.05674518201284795
2023-01-02,4430,4490,4315,4320,218375,-0.0192962542565267
2023-01-03,4285,4535,4275,4495,271023,0.0405092592592593
2023-01-04,4430,4540,4430,4515,134238,0.004449388209121219
2023-01-05,4520,4545,4475,4515,121319,0.0
2023-01-06,4480,4695,4480,4650,216136,0.029900332225913706
2023-01-09,4660,4740,4470,4480,589697,-0.03655913978494618
2023-01-10,4475,4565,4460,4550,306545,0.015625
2023-01-11,4590,4790,4550,4770,415143,0.0483516483516484
2023-01-12,4780,4785,4675,4685,169897,-0.017819706498951815
2023-01-13,4685,4760,4670,4715,140555,0.006403415154749181
2023-01-16,4760,4790,4690,4730,131645,0.0031813361611876534
2023-01-17,4730,4760,4685,4690,122190,-0.008456659619450302
2023-01-18,4665,4780,4655,4740,167867,0.010660980810234477
2023-01-19,4690,4775,4655,4755,110374,0.0031645569620253333
2023-01-20,4720,4810,4710,4720,107907,-0.007360672975814886
2023-01-25,4785,4825,4725,4745,203867,0.005296610169491567
2023-01-26,4750,4775,4715,4755,153440,0.0021074815595363283
2023-01-27,4755,4815,4670,4690,337618,-0.013669821240799185
2023-01-30,4685,4745,4585,4625,377901,-0.013859275053304865
2023-01-31,4570,4690,4570,4670,176713,0.00972972972972963
2023-02-01,4655,4830,4655,4760,392139,0.01927194860813697
2023-02-02,4815,4830,4760,4800,232567,0.008403361344537785
2023-02-03,4775,4820,4760,4805,190691,0.0010416666666666075
2023-02-06,4775,4800,4675,4680,247884,-0.026014568158168605
2023-02-07,4645,4755,4645,4725,218317,0.009615384615384581
2023-02-08,4740,4845,4740,4795,280521,0.014814814814814836
2023-02-09,4770,4825,4725,4785,120385,-0.002085505735140769
2023-02-10,4790,4795,4700,4735,161410,-0.010449320794148398
2023-02-13,4725,4735,4415,4430,684296,-0.06441393875395984
2023-02-14,4470,4525,4425,4510,273886,0.018058690744920947
2023-02-15,4480,4525,4345,4370,459100,-0.03104212860310418
2023-02-16,4395,4830,4385,4805,1116415,0.09954233409610991
2023-02-17,4755,4870,4720,4800,373734,-0.0010405827263267886
2023-02-20,4795,4990,4685,4855,410202,0.011458333333333348
2023-02-21,4855,4860,4740,4770,201223,-0.01750772399588052
2023-02-22,4705,4720,4620,4680,223504,-0.018867924528301883
2023-02-23,4670,4745,4655,4725,172671,0.009615384615384581
2023-02-24,4730,4780,4700,4710,189750,-0.0031746031746031633
2023-02-27,4680,4700,4570,4645,198507,-0.013800424628450103
2023-02-28,4630,4730,4630,4650,258394,0.0010764262648008671
2023-03-02,4650,4680,4500,4550,295171,-0.021505376344086002
2023-03-03,4550,4650,4535,4570,222339,0.00439560439560438
2023-03-06,4575,4655,4555,4645,486110,0.01641137855579866
2023-03-07,4610,4980,4595,4920,1021025,0.05920344456404747
2023-03-08,4880,4940,4820,4895,344907,-0.005081300813008172
2023-03-09,4915,4980,4750,4865,310406,-0.006128702757916216
2023-03-10,4770,4805,4660,4710,259341,-0.031860226104830414
2023-03-13,4710,4735,4585,4665,198361,-0.009554140127388533
2023-03-14,4620,4665,4365,4380,508721,-0.06109324758842438
2023-03-15,4525,4730,4385,4685,749396,0.06963470319634713
2023-03-16,4690,5480,4540,5320,2996020,0.13553895410885808
2023-03-17,5250,5280,4920,5000,1985414,-0.06015037593984962
2023-03-20,5000,5130,4840,5010,794819,0.0020000000000000018
2023-03-21,5050,5170,4940,4990,724397,-0.003992015968063867
2023-03-22,5030,5090,4835,4860,625566,-0.02605210420841686
2023-03-23,4850,4855,4515,4580,1422698,-0.057613168724279795
2023-03-24,4630,4650,4540,4595,371459,0.0032751091703056012
2023-03-27,4595,4665,4505,4590,324992,-0.0010881392818280489
2023-03-28,4600,4710,4575,4695,278412,0.02287581699346397
2023-03-29,4710,4790,4700,4770,326448,0.015974440894568787
2023-03-30,4735,4810,4720,4790,310195,0.004192872117400492
2023-03-31,4810,4840,4730,4775,255553,-0.0031315240083507057
2023-04-03,4765,4855,4730,4840,272793,0.013612565445026092
2023-04-04,4865,4870,4770,4825,278021,-0.0030991735537190257
2023-04-05,4825,4875,4755,4775,287392,-0.010362694300518172
2023-04-06,4780,4790,4620,4635,273318,-0.029319371727748678
2023-04-07,4685,4710,4630,4685,163801,0.010787486515641875
2023-04-10,4685,4685,4565,4580,311675,-0.022411953041622246
2023-04-11,4565,4700,4560,4660,316902,0.017467248908296984
2023-04-12,4705,4750,4650,4700,232316,0.008583690987124415
2023-04-13,4735,4745,4605,4660,202255,-0.008510638297872353
2023-04-14,4665,4725,4660,4665,248672,0.0010729613733906351
2023-04-17,4675,4705,4610,4635,217311,-0.006430868167202619
2023-04-18,4620,4635,4550,4585,216207,-0.010787486515641875
2023-04-19,4600,4610,4555,4605,238438,0.004362050163576825
2023-04-20,4700,4700,4470,4520,393560,-0.018458197611292082
2023-04-21,4490,4500,4395,4440,302745,-0.017699115044247815
2023-04-24,4390,4520,4390,4465,223570,0.005630630630630629
2023-04-25,4465,4510,4405,4455,184236,-0.002239641657334812
2023-04-26,4460,4490,4410,4440,144442,-0.0033670033670033517
2023-04-27,4420,4475,4350,4450,176986,0.0022522522522523403
2023-04-28,4480,4485,4395,4395,199626,-0.012359550561797716
2023-05-02,4400,4480,4375,4465,117653,0.015927189988623525
2023-05-03,4445,4475,4410,4410,128591,-0.012318029115341522
2023-05-04,4410,4550,4405,4520,726681,0.024943310657596474
2023-05-08,4610,4955,4515,4515,4136726,-0.0011061946902655162
2023-05-09,4500,4545,4410,4425,547483,-0.019933554817275767
2023-05-10,4425,4485,4405,4445,293300,0.004519774011299438
2023-05-11,4480,4630,4445,4575,403447,0.02924634420697414
2023-05-12,4575,4605,4525,4550,239122,-0.005464480874316946
2023-05-15,4550,4620,4490,4600,312215,0.01098901098901095
2023-05-16,4570,4600,4395,4405,729240,-0.04239130434782612
2023-05-17,4405,4480,4400,4420,227301,0.0034052213393871433
2023-05-18,4435,4460,4405,4420,156205,0.0
2023-05-19,4450,4520,4420,4505,278470,0.019230769230769162
2023-05-22,4480,4550,4475,4505,171974,0.0
2023-05-23,4510,4555,4500,4535,136728,0.006659267480577213
2023-05-24,4500,4545,4485,4515,154160,-0.004410143329658167
2023-05-25,4520,4555,4455,4485,164298,-0.006644518272425293
2023-05-26,4500,4500,4425,4455,131975,-0.006688963210702337
2023-05-30,4470,4490,4405,4470,146291,0.0033670033670034627
2023-05-31,4500,4590,4500,4535,270600,0.014541387024608499
2023-06-01,4535,4565,4505,4530,124174,-0.0011025358324145973
2023-06-02,4560,4565,4520,4550,131875,0.004415011037527616
2023-06-05,4555,4625,4545,4605,200385,0.012087912087912045
2023-06-07,4605,4665,4575,4575,308653,-0.006514657980456029
2023-06-08,4605,4615,4510,4600,173160,0.005464480874316946
2023-06-09,4555,4610,4450,4540,194224,-0.013043478260869601
2023-06-12,4545,4570,4500,4515,122047,-0.005506607929515406
2023-06-13,4510,4535,4460,4485,160653,-0.006644518272425293
2023-06-14,4475,4535,4455,4505,177977,0.004459308807134965
2023-06-15,4505,4510,4400,4425,363125,-0.017758046614872347
2023-06-16,4415,4480,4415,4440,135861,0.003389830508474523
2023-06-19,4445,4495,4390,4465,125989,0.005630630630630629
2023-06-20,4430,4520,4430,4480,132112,0.0033594624860022737
2023-06-21,4450,4550,4435,4535,303446,0.01227678571428581
2023-06-22,4510,4535,4475,4485,140821,-0.011025358324145529
2023-06-23,4490,4490,4425,4430,131071,-0.012263099219620988
2023-06-26,4415,4500,4400,4455,89846,0.0056433408577878375
2023-06-27,4455,4605,4450,4565,406381,0.024691358024691468
2023-06-28,4605,4630,4540,4590,450374,0.005476451259583737
2023-06-29,4575,4595,4450,4505,237097,-0.01851851851851849
2023-06-30,4485,4545,4465,4540,153429,0.007769145394006749
2023-07-03,4540,4610,4505,4555,265758,0.0033039647577093323
2023-07-04,4540,4555,4465,4480,154479,-0.016465422612513714
2023-07-05,4465,4495,4410,4415,183962,-0.014508928571428603
2023-07-06,4410,4420,4210,4235,489728,-0.040770101925254765
2023-07-07,4235,4235,4035,4145,431835,-0.02125147579693032
2023-07-10,4075,4150,4075,4100,251177,-0.010856453558504175
2023-07-11,4095,4240,4095,4215,192900,0.028048780487804903
2023-07-12,4205,4240,4175,4220,127936,0.0011862396204034287
2023-07-13,4220,4290,4175,4230,176334,0.0023696682464455776
2023-07-14,4205,4255,4150,4170,141429,-0.014184397163120588
2023-07-17,4130,4170,4110,4130,116159,-0.00959232613908878
2023-07-18,4125,4170,4060,4060,180790,-0.016949152542372836
2023-07-19,4075,4100,4010,4020,165717,-0.009852216748768461
2023-07-20,4015,4045,3940,4020,198707,0.0
2023-07-21,4020,4030,3955,4020,157546,0.0
2023-07-24,4015,4130,3905,4050,423055,0.00746268656716409
2023-07-25,3960,4090,3960,4010,211795,-0.00987654320987652
2023-07-26,3970,4045,3750,3790,512487,-0.054862842892768104
2023-07-27,3795,3955,3795,3935,230554,0.03825857519788922
2023-07-28,4260,4480,4055,4200,1972618,0.06734434561626435
2023-07-31,4225,4430,4090,4400,435304,0.04761904761904767
2023-08-01,4425,4500,4370,4410,322714,0.002272727272727204
2023-08-02,4360,4525,4360,4430,313809,0.0045351473922903285
2023-08-03,4430,5100,4355,5010,3050239,0.13092550790067725
2023-08-04,5050,5320,4980,5280,1854294,0.05389221556886237
2023-08-07,5200,5280,5100,5140,530188,-0.02651515151515149
2023-08-08,5150,5170,4795,4810,1084619,-0.06420233463035019
2023-08-09,4820,4910,4785,4840,339769,0.006237006237006293
2023-08-10,4840,4930,4765,4880,276697,0.008264462809917328
2023-08-11,4845,5050,4835,4990,297425,0.02254098360655732
2023-08-14,4950,5090,4905,4995,380712,0.0010020040080160886
2023-08-16,4935,5010,4795,4970,577299,-0.005005005005005003
2023-08-17,4925,4955,4800,4920,347853,-0.010060362173038184
2023-08-18,4890,4940,4810,4920,314967,0.0
2023-08-21,4965,5870,4955,5550,3392212,0.12804878048780477
2023-08-22,5580,6010,5540,5780,2277646,0.04144144144144146
2023-08-23,5730,5890,5710,5840,643985,0.01038062283737018
2023-08-24,5840,6370,5770,6110,2238944,0.046232876712328785
2023-08-25,6040,6270,5980,6110,692091,0.0
2023-08-28,6160,6370,6080,6270,799852,0.026186579378068675
2023-08-29,6310,6790,6250,6790,1466482,0.08293460925039864
2023-08-30,7110,7480,6850,7460,2344892,0.09867452135493382
2023-08-31,7530,7550,6860,7180,1895135,-0.03753351206434319
2023-09-01,7070,7300,6920,7010,956105,-0.0236768802228412
2023-09-04,6870,7010,6650,6650,1284012,-0.051355206847360946
2023-09-05,6720,6780,6560,6590,694903,-0.009022556390977488
2023-09-06,6550,6660,6400,6480,544783,-0.01669195751138086
2023-09-07,6490,6610,6270,6380,746531,-0.015432098765432056
2023-09-08,6380,6570,6340,6570,428299,0.029780564263322873
2023-09-11,6720,6930,6490,6870,742305,0.04566210045662111
2023-09-12,6850,7000,6650,6770,666049,-0.01455604075691408
2023-09-13,6770,6840,6680,6780,290251,0.001477104874446189
2023-09-14,6830,7240,6800,7130,936488,0.05162241887905594
2023-09-15,7130,7420,6980,7190,1048168,0.008415147265077083
2023-09-18,7180,7570,7100,7560,1345931,0.05146036161335177
2023-09-19,7620,7640,7040,7090,1471122,-0.06216931216931221
2023-09-20,7020,7300,6960,7150,415918,0.008462623413258097
2023-09-21,6970,7300,6960,7140,463756,-0.0013986013986013734
2023-09-22,7100,7160,6970,7060,411985,-0.011204481792717047
2023-09-25,7000,7110,6670,6820,566042,-0.03399433427762044
2023-09-26,6830,6930,6710,6830,287615,0.0014662756598240456
2023-09-27,6790,7220,6750,7160,473707,0.04831625183016097
2023-10-04,7130,7370,7060,7190,613406,0.0041899441340782495
2023-10-05,7340,7480,7220,7340,545064,0.020862308762169768
2023-10-06,7400,7420,7180,7200,515357,-0.019073569482288777
2023-10-10,7130,7310,6960,7120,451914,-0.011111111111111072
2023-10-11,7060,7320,7060,7170,332809,0.0070224719101124045
2023-10-12,7140,7280,7130,7280,250956,0.015341701534170138
2023-10-13,7450,7560,7090,7330,681973,0.006868131868131844
2023-10-16,7220,7900,7180,7890,1057351,0.07639836289222379
2023-10-17,7890,7960,7660,7690,729906,-0.025348542458808576
2023-10-18,7650,8280,7650,8150,1592582,0.05981794538361518
2023-10-19,8080,8520,7950,8460,1360425,0.03803680981595092
2023-10-20,8380,8450,7990,8200,1023473,-0.030732860520094607
2023-10-23,8090,8100,6580,6970,2580887,-0.15000000000000002
2023-10-24,6880,7170,6820,6980,873422,0.0014347202295552641
2023-10-25,7030,7520,7030,7330,637448,0.05014326647564471
2023-10-26,7210,7310,7060,7200,422778,-0.017735334242837686
2023-10-27,7200,7370,7140,7250,328165,0.00694444444444442
2023-10-30,7270,7540,7260,7440,341261,0.026206896551724146
2023-10-31,7460,7590,7330,7340,353116,-0.013440860215053752
2023-11-01,7370,7480,7060,7200,394971,-0.019073569482288777
2023-11-02,7320,7350,7120,7180,348987,-0.002777777777777768
2023-11-03,7200,7380,7080,7350,384024,0.023676880222841312
2023-11-06,7300,7320,6620,6940,1727942,-0.05578231292517011
2023-11-07,6920,7010,6610,6860,835676,-0.011527377521613813
2023-11-08,6840,7000,6780,6940,394740,0.011661807580174877
2023-11-09,6940,7310,6910,7180,556161,0.03458213256484144
2023-11-10,7160,7340,7060,7340,368396,0.022284122562674202
2023-11-13,7380,7490,7190,7260,420452,-0.010899182561307952
2023-11-14,7230,7430,7220,7430,339288,0.023415977961432466
2023-11-15,7460,7740,7380,7720,630487,0.03903095558546443
2023-11-16,7710,7930,7700,7770,488918,0.006476683937823857
2023-11-17,7780,8150,7730,8010,789526,0.030888030888030826
2023-11-20,7960,8090,7820,7990,365079,-0.0024968789013732895
2023-11-21,8030,8720,8030,8400,1476558,0.051314142678347885
2023-11-22,8330,8700,8330,8600,673557,0.023809523809523725
2023-11-23,8660,8950,8620,8890,762143,0.033720930232558066
2023-11-24,8900,9010,8650,8760,607542,-0.01462317210348707
2023-11-27,8800,9100,8700,9000,657932,0.027397260273972712
2023-11-28,9000,9430,8960,9430,730763,0.0477777777777777
2023-11-29,9430,9860,9310,9800,905759,0.03923647932131491
2023-11-30,9790,10780,9740,10780,1736098,0.10000000000000009
2023-12-01,10970,11850,10160,11850,2575775,0.09925788497217058
2023-12-04,11900,11980,11000,11800,1530076,-0.00421940928270037
2023-12-05,11790,12920,11220,11790,2663309,-0.0008474576271186862
2023-12-06,11600,12120,11600,11810,936696,0.0016963528413909135
2023-12-07,11810,12180,11470,11640,808731,-0.014394580863674844
2023-12-08,11700,12000,11010,11320,985365,-0.027491408934707917
2023-12-11,11380,11690,10300,10450,1904630,-0.07685512367491165
2023-12-12,10470,10670,8840,8950,4012419,-0.1435406698564593
2023-12-13,9230,9470,8200,8500,4903660,-0.05027932960893855
2023-12-14,8480,8480,7470,7560,4496271,-0.11058823529411765
2023-12-15,7500,7880,6830,7870,6697540,0.041005291005290934
2023-12-18,7850,7850,6870,6900,3507825,-0.12325285895806859
2023-12-19,6780,6850,6460,6550,3119892,-0.050724637681159424
2023-12-20,6600,6940,6330,6400,2619573,-0.022900763358778664
2023-12-21,6450,6500,5880,6060,3006497,-0.05312499999999998
2023-12-22,6060,6480,5610,5730,4919902,-0.054455445544554504
2023-12-26,0,0,0,5730,0,0.0
2023-12-27,0,0,0,5730,0,0.0
2023-12-28,0,0,0,5730,0,0.0
2024-01-02,0,0,0,5730,0,0.0
2024-01-03,0,0,0,5730,0,0.0
2024-01-04,0,0,0,5730,0,0.0
2024-01-05,0,0,0,5730,0,0.0
2024-01-08,0,0,0,5730,0,0.0
2024-01-09,0,0,0,5730,0,0.0
2024-01-10,0,0,0,5730,0,0.0
2024-01-11,0,0,0,5730,0,0.0
2024-01-12,0,0,0,5730,0,0.0
2024-01-15,0,0,0,5730,0,0.0
2024-01-16,0,0,0,5730,0,0.0
2024-01-17,0,0,0,5730,0,0.0
2024-01-18,0,0,0,5730,0,0.0
2024-01-19,0,0,0,5730,0,0.0
2024-01-22,0,0,0,5730,0,0.0
2024-01-23,0,0,0,5730,0,0.0
2024-01-24,0,0,0,5730,0,0.0
2024-01-25,0,0,0,5730,0,0.0
2024-01-26,0,0,0,5730,0,0.0
2024-01-29,0,0,0,5730,0,0.0
2024-01-30,0,0,0,5730,0,0.0
2024-01-31,0,0,0,5730,0,0.0
2024-02-01,0,0,0,5730,0,0.0
2024-02-02,4880,4905,3420,3815,9966714,-0.3342059336823735
2024-02-05,3780,3845,3495,3495,2119829,-0.08387942332896459
2024-02-06,3520,3650,3260,3295,3829554,-0.05722460658082973
2024-02-07,3270,3420,3175,3195,1157891,-0.030349013657056112
2024-02-08,3275,4150,3230,3985,25491550,0.24726134585289516
2024-02-13,3920,4055,3795,3835,4384841,-0.03764115432873272
2024-02-14,3700,3765,3600,3605,1956636,-0.059973924380704036
2024-02-15,3665,4105,3480,3670,14801291,0.018030513176144236
2024-02-16,3635,3840,3570,3625,2769579,-0.012261580381471404
2024-02-19,3640,3690,3555,3555,941561,-0.0193103448275862
2024-02-20,3555,3575,3425,3430,1466623,-0.035161744022503494
2024-02-21,3450,3610,3405,3410,3200993,-0.005830903790087438
2024-02-22,3420,3550,3355,3415,1195329,0.0014662756598240456
2024-02-23,3420,3450,3390,3390,552994,-0.007320644216691097
2024-02-26,3395,3395,3305,3305,750757,-0.02507374631268433
2024-02-27,3340,3360,3205,3230,664372,-0.0226928895612708
2024-02-28,3240,3425,3225,3320,832671,0.02786377708978338
2024-02-29,3290,3435,3290,3365,563481,0.013554216867469826
2024-03-04,3385,3445,3280,3285,440295,-0.02377414561664193
2024-03-05,3280,3340,3240,3285,383007,0.0
2024-03-06,3260,3320,3215,3215,395973,-0.0213089802130898
2024-03-07,3215,3245,3050,3085,948232,-0.04043545878693622
2024-03-08,3035,3135,3030,3030,494507,-0.017828200972447306
2024-03-11,3030,3240,2985,3160,749200,0.04290429042904287
2024-03-12,3200,3250,3130,3160,477490,0.0
2024-03-13,3175,3280,3165,3225,524422,0.020569620253164667
2024-03-14,3230,3245,3160,3185,262324,-0.012403100775193798
2024-03-15,3160,3205,3125,3125,204252,-0.01883830455259028
2024-03-18,3120,3380,3100,3325,896180,0.06400000000000006
2024-03-19,3305,3335,3155,3160,637347,-0.049624060150375904
2024-03-20,3165,3250,3165,3205,228260,0.014240506329114
2024-03-21,3220,3360,3205,3205,604659,0.0
2024-03-22,3225,3225,3160,3200,259688,-0.0015600624024960652
2024-03-25,3200,3215,3160,3160,277952,-0.012499999999999956
2024-03-26,3165,3185,3125,3135,244215,-0.007911392405063333
2024-03-27,3135,3195,3125,3130,178503,-0.0015948963317384823
2024-03-28,3165,3340,3160,3220,889445,0.028753993610223683
2024-03-29,3225,3280,3175,3195,337035,-0.00776397515527949
2024-04-01,3200,3280,3190,3280,274479,0.026604068857589924
2024-04-02,3270,3290,3150,3155,417151,-0.038109756097560954
2024-04-03,3145,3155,3095,3095,278594,-0.019017432646592725
2024-04-04,3105,3145,3050,3055,249452,-0.012924071082390909
2024-04-05,3055,3065,2995,3050,217092,-0.0016366612111292644
2024-04-08,3050,3060,2990,3020,234128,-0.00983606557377048
2024-04-09,3005,3090,3000,3000,199186,-0.0066225165562914245
2024-04-11,2995,3020,2920,2990,190766,-0.0033333333333332993
2024-04-12,2990,3010,2950,2965,158124,-0.00836120401337792
2024-04-15,2925,2960,2910,2945,153049,-0.006745362563237767
2024-04-16,2915,2940,2895,2900,132566,-0.015280135823429575
2024-04-17,2905,3110,2905,3055,564883,0.053448275862068906
2024-04-18,3040,3260,3030,3185,756952,0.042553191489361764
2024-04-19,3205,3205,3035,3040,349421,-0.04552590266875978
2024-04-22,3055,3230,3055,3090,328196,0.016447368421052655
2024-04-23,3100,3145,3055,3090,167050,0.0
2024-04-24,3130,3195,3120,3155,296800,0.021035598705501535
2024-04-25,3125,3160,3105,3105,106733,-0.015847860538827252
2024-04-26,3135,3170,3085,3095,126598,-0.0032206119162641045
2024-04-29,3100,3175,3100,3165,116499,0.022617124394184174
2024-04-30,3170,3215,3145,3200,203141,0.011058451816745585
2024-05-02,3200,3210,3150,3185,124630,-0.004687499999999956
2024-05-03,3200,3515,3150,3150,3766181,-0.01098901098901095
2024-05-07,3170,3235,3170,3220,305907,0.022222222222222143
2024-05-08,3190,3225,3180,3200,214790,-0.006211180124223614
2024-05-09,3200,3230,3140,3145,300675,-0.017187500000000022
2024-05-10,3175,3205,3155,3165,173090,0.006359300476947549
2024-05-13,3195,3195,3080,3120,189488,-0.014218009478673022
2024-05-14,3125,3200,3105,3180,196410,0.019230769230769162
2024-05-16,3195,3245,3130,3150,195690,-0.009433962264150941
2024-05-17,3180,3180,3050,3055,636774,-0.030158730158730163
2024-05-20,3080,3105,3025,3025,205810,-0.009819967266775809
2024-05-21,3060,3060,2955,2970,324544,-0.018181818181818188
2024-05-22,2970,3010,2960,2975,146706,0.0016835016835017313
2024-05-23,2990,2990,2915,2975,104546,0.0
2024-05-24,2950,2990,2935,2950,119026,-0.008403361344537785
2024-05-27,2955,2975,2855,2880,342756,-0.023728813559321993
2024-05-28,2880,2930,2870,2895,157809,0.005208333333333259
2024-05-29,2905,2905,2805,2810,227246,-0.029360967184801412
2024-05-30,2820,2835,2780,2810,108819,0.0
2024-05-31,2810,2895,2810,2840,166034,0.01067615658362997
2024-06-03,2840,2950,2840,2915,166771,0.02640845070422526
2024-06-04,2905,2935,2875,2890,112112,-0.00857632933104635
2024-06-05,2895,2940,2860,2910,133982,0.006920415224913601
2024-06-07,2890,2930,2860,2860,147208,-0.01718213058419249
2024-06-10,2850,2855,2775,2795,191922,-0.022727272727272707
2024-06-11,2790,2895,2790,2830,139349,0.012522361359570633
2024-06-12,2835,2865,2785,2800,122090,-0.010600706713780883
2024-06-13,2805,2835,2770,2820,532635,0.0071428571428571175
2024-06-14,2820,2820,2740,2740,223981,-0.028368794326241176
2024-06-17,2735,2750,2675,2685,153175,-0.02007299270072993
2024-06-18,2675,2740,2665,2690,143194,0.0018621973929235924
2024-06-19,2690,2710,2640,2655,139490,-0.013011152416356864
2024-06-20,2665,2670,2640,2650,107587,-0.0018832391713747842
2024-06-21,2655,2660,2600,2615,163190,-0.013207547169811318
2024-06-24,2615,2625,2550,2560,197784,-0.021032504780114758
2024-06-25,2550,2670,2535,2665,307034,0.041015625
2024-06-26,2665,2665,2600,2625,124160,-0.015009380863039379
2024-06-27,2625,2625,2545,2545,168948,-0.030476190476190435
2024-06-28,2545,2795,2540,2665,695232,0.047151277013752546
2024-07-01,2700,2810,2660,2750,351909,0.031894934333958735
2024-07-02,2750,2795,2665,2670,123089,-0.029090909090909056
2024-07-03,2665,2690,2615,2615,98159,-0.02059925093632964
2024-07-04,2665,2750,2615,2700,164976,0.03250478011472269
2024-07-05,2720,2720,2625,2660,110229,-0.014814814814814836
2024-07-08,2655,2675,2650,2665,44105,0.001879699248120259
2024-07-09,2650,2685,2635,2650,61585,-0.0056285178236398226
2024-07-10,2650,2670,2610,2610,74050,-0.015094339622641506
2024-07-11,2610,2640,2585,2620,73123,0.003831417624521105
2024-07-12,2625,2645,2600,2635,56978,0.005725190839694694
2024-07-15,2655,2730,2635,2670,120519,0.013282732447817747
2024-07-16,2675,2685,2635,2640,79119,-0.011235955056179803
2024-07-17,2665,2665,2615,2620,68857,-0.007575757575757569
2024-07-18,2610,2650,2560,2595,112456,-0.009541984732824416
2024-07-19,2585,2650,2570,2635,73365,0.015414258188824581
2024-07-22,2605,2635,2555,2555,102177,-0.030360531309297945
2024-07-23,2550,2610,2550,2590,104914,0.013698630136986356
2024-07-24,2580,2695,2580,2615,101537,0.009652509652509744
2024-07-25,2555,2615,2545,2580,115915,-0.013384321223709361
2024-07-26,2565,2650,2565,2610,133645,0.011627906976744207
2024-07-29,2640,2725,2615,2690,143805,0.03065134099616862
2024-07-30,2690,2700,2605,2605,84250,-0.03159851301115246
2024-07-31,2640,2640,2585,2595,35939,-0.0038387715930902067
2024-08-01,2605,2675,2605,2640,71000,0.01734104046242768
2024-08-02,2600,2630,2535,2535,161066,-0.03977272727272729
2024-08-05,2505,2520,2040,2155,536536,-0.14990138067061143
2024-08-06,2135,2370,2135,2335,319681,0.08352668213457082
2024-08-07,2275,2360,2255,2320,106615,-0.0064239828693790635
2024-08-08,2310,2390,2170,2295,121956,-0.010775862068965525
2024-08-09,2295,2340,2290,2320,84093,0.01089324618736387
2024-08-12,2330,2390,2315,2335,67135,0.006465517241379226
2024-08-13,2365,2365,2260,2280,101911,-0.023554603854389677
2024-08-14,2300,2355,2300,2330,57131,0.021929824561403466
2024-08-16,2360,2500,2360,2365,216581,0.015021459227467782
2024-08-19,2385,2390,2315,2345,68531,-0.008456659619450302
2024-08-20,2340,2395,2340,2390,50257,0.019189765458422103
2024-08-21,2390,2405,2350,2370,26420,-0.008368200836820106
2024-08-22,2400,2400,2310,2340,87233,-0.012658227848101222
2024-08-23,2340,2345,2275,2285,68658,-0.023504273504273532
2024-08-26,2290,2320,2230,2240,72125,-0.01969365426695846
2024-08-27,2230,2295,2210,2265,42078,0.01116071428571419
2024-08-28,2245,2285,2175,2200,171091,-0.028697571743929395
2024-08-29,2200,2200,2160,2165,57062,-0.015909090909090873
2024-08-30,2170,2215,2155,2215,79814,0.023094688221708903
2024-09-02,2210,2215,2175,2195,32946,-0.009029345372460473
2024-09-03,2185,2220,2180,2195,70676,0.0
2024-09-04,2175,2180,2090,2100,155393,-0.0432801822323462
2024-09-05,2105,2195,2075,2095,92678,-0.0023809523809523725
2024-09-06,2135,2135,2035,2045,78906,-0.023866348448687402
2024-09-09,1996,2080,1993,2075,79620,0.014669926650366705
2024-09-10,2075,2120,2020,2030,52004,-0.02168674698795181
2024-09-11,2030,2100,2030,2060,66542,0.014778325123152802
2024-09-12,2080,2165,2080,2140,75826,0.03883495145631066
2024-09-13,2175,2175,2115,2130,46619,-0.004672897196261627
2024-09-19,2115,2170,2100,2105,51121,-0.011737089201877882
2024-09-20,2110,2160,2110,2130,30853,0.01187648456057011
2024-09-23,2150,2170,2110,2155,55196,0.011737089201877993
2024-09-24,2155,2200,2155,2200,41421,0.02088167053364276
2024-09-25,2200,2415,2200,2280,586332,0.036363636363636376
2024-09-26,2280,2475,2255,2375,891605,0.04166666666666674
2024-09-27,2370,2485,2350,2365,311414,-0.004210526315789442
2024-09-30,2355,2420,2325,2330,233714,-0.014799154334038
2024-10-02,2365,2365,2255,2325,141546,-0.0021459227467811592
2024-10-04,2355,2355,2255,2280,96005,-0.01935483870967747
2024-10-07,2290,2335,2255,2305,97728,0.010964912280701844
2024-10-08,2315,2345,2270,2270,61964,-0.015184381778741818
2024-10-10,2290,2860,2265,2790,8843209,0.2290748898678414
2024-10-11,2755,2850,2545,2600,1535864,-0.06810035842293904
2024-10-14,2630,2650,2520,2545,565019,-0.02115384615384619
2024-10-15,2570,2570,2440,2495,498880,-0.01964636542239684
