Date,Open,High,Low,Close,Volume,Change
2022-01-03,71000,71500,70800,71000,1952,0.0028248587570620654
2022-01-04,71000,71200,70400,70700,3848,-0.004225352112676051
2022-01-05,71100,71100,70100,70400,3669,-0.004243281471004279
2022-01-06,69500,70200,69300,69400,5600,-0.014204545454545414
2022-01-07,70500,70500,69600,70200,3366,0.011527377521613813
2022-01-10,70200,70300,69200,69700,3158,-0.007122507122507171
2022-01-11,69700,70500,68700,68900,3966,-0.011477761836441891
2022-01-12,69200,70000,69200,70000,2569,0.0159651669085632
2022-01-13,70400,70400,69700,69900,2180,-0.0014285714285714457
2022-01-14,69500,70300,69300,69300,3517,-0.008583690987124415
2022-01-17,69300,69500,68600,68800,3259,-0.00721500721500723
2022-01-18,68500,69000,67800,68000,4833,-0.011627906976744207
2022-01-19,67800,68700,67100,67100,6574,-0.013235294117647012
2022-01-20,67000,71200,66900,70700,14853,0.053651266766020944
2022-01-21,71300,73500,69600,72300,26656,0.022630834512022524
2022-01-24,72300,72600,70500,70700,12262,-0.022130013831258677
2022-01-25,70500,72300,69400,72000,16120,0.018387553041018467
2022-01-26,72000,72900,70800,71400,7754,-0.008333333333333304
2022-01-27,71400,71400,68300,68900,9028,-0.03501400560224088
2022-01-28,68900,70300,68200,70000,4133,0.0159651669085632
2022-02-03,72400,75000,71400,74500,33437,0.06428571428571428
2022-02-04,74800,77000,74100,77000,38274,0.033557046979865834
2022-02-07,77900,80500,76300,79700,49045,0.03506493506493502
2022-02-08,80100,81000,77300,78400,23978,-0.016311166875784155
2022-02-09,77800,81200,77600,81000,36736,0.03316326530612246
2022-02-10,81000,84000,80100,83000,43386,0.024691358024691468
2022-02-11,82500,83800,81100,81600,27976,-0.016867469879518038
2022-02-14,80000,83000,79300,81500,22736,-0.001225490196078427
2022-02-15,81300,82000,80000,81200,16151,-0.0036809815950920033
2022-02-16,83000,83000,81100,81400,9363,0.0024630541871921707
2022-02-17,81100,82300,79400,80600,12225,-0.009828009828009798
2022-02-18,80000,84400,78200,83700,25866,0.03846153846153855
2022-02-21,83000,83600,82000,82700,9962,-0.01194743130227005
2022-02-22,82200,82500,81600,82400,8296,-0.0036275695284159193
2022-02-23,82300,83400,81600,82500,11351,0.0012135922330096527
2022-02-24,83100,83200,80000,80100,10770,-0.029090909090909056
2022-02-25,80700,82000,78300,80900,16142,0.009987515605493158
2022-02-28,82700,85100,81900,84100,30724,0.0395550061804697
2022-03-02,87400,91800,85700,90200,150619,0.07253269916765759
2022-03-03,90100,91800,88100,88400,56192,-0.019955654101995512
2022-03-04,88900,91300,88200,89700,39874,0.014705882352941124
2022-03-07,91000,94900,83400,85900,126492,-0.0423634336677815
2022-03-08,84000,84500,80100,80500,46614,-0.0628637951105937
2022-03-10,82500,85700,81800,84900,42155,0.05465838509316767
2022-03-11,85500,87800,85500,87700,26706,0.03297997644287398
2022-03-14,89100,94300,89100,93100,106375,0.061573546180159644
2022-03-15,95200,98100,91700,93600,96287,0.005370569280343629
2022-03-16,94500,95500,92000,94700,41098,0.01175213675213671
2022-03-17,94800,96400,92600,95200,47238,0.0052798310454065245
2022-03-18,95200,95300,93600,95100,27689,-0.0010504201680672232
2022-03-21,96700,97000,92500,92500,29225,-0.02733964248159837
2022-03-22,92100,93500,91300,92700,19709,0.00216216216216214
2022-03-23,93000,93800,90300,90900,36035,-0.01941747572815533
2022-03-24,91200,92400,89300,92400,40178,0.01650165016501659
2022-03-25,92700,93300,90200,90700,14671,-0.018398268398268414
2022-03-28,90800,91000,89000,91000,17612,0.00330760749724357
2022-03-29,91100,92000,89200,91200,20961,0.00219780219780219
2022-03-30,91200,91900,90300,91500,11315,0.00328947368421062
2022-03-31,91500,93300,89700,89900,26318,-0.01748633879781425
2022-04-01,90200,90200,88300,88700,22774,-0.013348164627363768
2022-04-04,89000,93300,89000,92000,41800,0.03720405862457721
2022-04-05,92500,96600,91200,95700,65626,0.04021739130434776
2022-04-06,96100,97100,93700,95100,25926,-0.006269592476489061
2022-04-07,95000,95000,93000,93500,17049,-0.01682439537329128
2022-04-08,94100,94600,92400,93300,14336,-0.002139037433155133
2022-04-11,93400,95700,93000,94100,15000,0.008574490889603492
2022-04-12,94000,94000,91400,92400,14114,-0.018065887353878818
2022-04-13,92400,93000,91100,91600,12426,-0.008658008658008698
2022-04-14,91600,93300,90900,92500,14615,0.009825327510917026
2022-04-15,92500,93500,91300,93200,8916,0.00756756756756749
2022-04-18,93700,96800,92100,95500,28222,0.02467811158798283
2022-04-19,94500,94800,92600,92600,15532,-0.030366492146596813
2022-04-20,92600,96400,92600,95600,27572,0.03239740820734349
2022-04-21,97100,97400,93200,95000,17101,-0.006276150627615107
2022-04-22,94400,97000,93900,95900,22111,0.0094736842105263
2022-04-25,96000,96700,93900,93900,16376,-0.02085505735140769
2022-04-26,93900,96000,93800,95300,14490,0.014909478168264156
2022-04-27,94500,94500,91000,92800,24210,-0.026232948583420734
2022-04-28,92800,93300,90100,90700,13623,-0.022629310344827624
2022-04-29,90700,91500,90000,90000,8742,-0.007717750826901848
2022-05-02,89700,91700,88300,91200,11703,0.01333333333333342
2022-05-03,92100,92100,89600,89800,10927,-0.015350877192982448
2022-05-04,90100,90700,88300,88500,7836,-0.014476614699331813
2022-05-06,88000,88900,84200,84900,23002,-0.04067796610169494
2022-05-09,84900,84900,82100,82800,19588,-0.02473498233215543
2022-05-10,81700,85200,80100,83500,26644,0.008454106280193274
2022-05-11,85400,86900,83600,83600,17083,0.0011976047904191933
2022-05-12,83600,85300,80200,80800,10647,-0.03349282296650713
2022-05-13,81000,84000,81000,81400,5985,0.007425742574257432
2022-05-16,83800,84600,82700,84100,6601,0.033169533169533194
2022-05-17,84000,84000,81000,81800,13218,-0.027348394768133222
2022-05-18,81800,82800,79600,79600,21824,-0.02689486552567233
2022-05-19,78900,78900,76200,77300,17541,-0.028894472361809087
2022-05-20,78000,79400,77400,78500,9265,0.015523932729624823
2022-05-23,78600,79300,78300,78300,3806,-0.002547770700636942
2022-05-24,78400,79300,76400,76600,12389,-0.02171136653895278
2022-05-25,76700,77500,76400,76600,9011,0.0
2022-05-26,76500,77200,76200,76300,6188,-0.003916449086161844
2022-05-27,76800,77200,75700,75800,10930,-0.006553079947575369
2022-05-30,76800,76800,76100,76400,7014,0.0079155672823219
2022-05-31,76900,77300,76200,76300,13896,-0.0013089005235602524
2022-06-02,76300,76500,75600,76300,6375,0.0
2022-06-03,76500,76900,74700,75500,15209,-0.010484927916120546
2022-06-07,76000,76200,74200,75400,9950,-0.0013245033112583293
2022-06-08,76000,76000,74500,74600,6324,-0.010610079575596787
2022-06-09,75300,75400,74300,74800,5690,0.002680965147453085
2022-06-10,74800,74900,74200,74200,4825,-0.008021390374331583
2022-06-13,73900,73900,70800,71000,15035,-0.04312668463611857
2022-06-14,69700,70700,68100,69600,17240,-0.019718309859154903
2022-06-15,68500,71000,68500,69600,11062,0.0
2022-06-16,74000,74000,71100,72100,14421,0.03591954022988508
2022-06-17,71600,71700,69800,70300,10753,-0.02496532593619971
2022-06-20,70300,71700,69700,69800,8720,-0.007112375533428139
2022-06-21,68900,70600,68900,69800,7255,0.0
2022-06-22,69500,72400,68500,69800,14642,0.0
2022-06-23,70500,70500,68400,68400,10308,-0.02005730659025784
2022-06-24,68400,70200,68100,69900,7857,0.021929824561403466
2022-06-27,70900,73500,69800,73000,13093,0.044349070100142995
2022-06-28,73000,73700,71600,73100,8643,0.00136986301369868
2022-06-29,72600,72700,70100,70800,10676,-0.03146374829001364
2022-06-30,72100,73500,69900,71000,30602,0.0028248587570620654
2022-07-01,72500,76300,71600,76000,36815,0.07042253521126751
2022-07-04,76200,82000,76200,80900,69279,0.06447368421052624
2022-07-05,82000,83500,79300,80900,26916,0.0
2022-07-06,81000,84300,79700,82500,34411,0.01977750309023496
2022-07-07,81700,83000,80500,81500,17833,-0.012121212121212088
2022-07-08,81600,81700,80400,80900,11840,-0.007361963190184007
2022-07-11,80700,80700,77500,78000,19855,-0.03584672435105063
2022-07-12,78300,80100,76600,79900,19409,0.024358974358974272
2022-07-13,78700,82800,78500,80300,18193,0.005006257822277815
2022-07-14,80000,81500,78500,80100,5485,-0.00249066002490661
2022-07-15,80100,80200,77600,77900,10493,-0.027465667915106073
2022-07-18,78100,79000,77600,78000,8521,0.0012836970474967568
2022-07-19,77900,79100,77900,78700,4895,0.008974358974358942
2022-07-20,79400,79400,77600,78000,8154,-0.008894536213468918
2022-07-21,78000,78900,77300,78400,4459,0.00512820512820511
2022-07-22,78500,79800,77800,79500,8938,0.014030612244897878
2022-07-25,79500,81000,79000,81000,9500,0.018867924528301883
2022-07-26,81000,81400,80000,81000,2996,0.0
2022-07-27,81200,81200,79300,80100,5997,-0.011111111111111072
2022-07-28,81400,81400,78100,78400,10792,-0.02122347066167296
2022-07-29,78700,79200,78100,79000,7661,0.007653061224489832
2022-08-01,79000,79200,78000,78500,8376,-0.006329113924050667
2022-08-02,79000,80300,78500,79500,8082,0.01273885350318471
2022-08-03,80100,81100,79200,80700,15014,0.015094339622641506
2022-08-04,81500,81500,79500,79700,8386,-0.012391573729863659
2022-08-05,80500,80600,78600,80300,8474,0.007528230865746499
2022-08-08,80600,83000,79700,82900,16437,0.03237858032378571
2022-08-09,82700,84900,81400,84500,21751,0.0193003618817853
2022-08-10,87100,88400,84400,88000,68129,0.041420118343195256
2022-08-11,87200,89300,85500,87100,21608,-0.010227272727272751
2022-08-12,86600,87200,85800,86500,8474,-0.006888633754305373
2022-08-16,86500,86500,84900,85500,16229,-0.011560693641618491
2022-08-17,86100,86800,85100,86200,14863,0.008187134502924076
2022-08-18,86100,87100,85500,86600,9134,0.004640371229698292
2022-08-19,86600,89000,86300,87700,16726,0.012702078521940052
2022-08-22,87700,88500,85500,86700,9392,-0.011402508551881407
2022-08-23,85300,86200,79800,82900,13079,-0.0438292964244521
2022-08-24,83000,84400,82100,82400,7411,-0.006031363088057851
2022-08-25,83900,84100,82500,83600,6500,0.014563106796116498
2022-08-26,85600,85700,81800,82000,8019,-0.019138755980861233
2022-08-29,81500,82000,79500,79600,8397,-0.029268292682926855
2022-08-30,79600,80400,79000,80000,6000,0.005025125628140614
2022-08-31,80000,80800,79500,80800,3372,0.010000000000000009
2022-09-01,80800,80800,78800,79100,4660,-0.02103960396039606
2022-09-02,79700,80300,79300,80000,4407,0.011378002528444897
2022-09-05,80200,80700,78400,78600,5082,-0.01749999999999996
2022-09-06,79400,79800,78100,78700,3725,0.0012722646310432406
2022-09-07,78500,81900,77000,81500,10995,0.03557814485387545
2022-09-08,81500,81500,79600,79600,4747,-0.0233128834355828
2022-09-13,79900,80900,79200,79600,3072,0.0
2022-09-14,79000,79700,78000,78500,5805,-0.013819095477386911
2022-09-15,78600,79000,77600,77900,5891,-0.007643312101910826
2022-09-16,77900,78300,76800,76800,3051,-0.014120667522464658
2022-09-19,76800,77600,76100,76600,2903,-0.0026041666666666297
2022-09-20,78400,79200,76900,78500,4976,0.024804177545691974
2022-09-21,79400,81000,78500,79100,8864,0.007643312101910826
2022-09-22,79100,84200,79100,84200,34350,0.06447534766118834
2022-09-23,84000,85800,82700,84800,14309,0.0071258907363420665
2022-09-26,84900,85100,80200,80800,8306,-0.047169811320754707
2022-09-27,82300,86500,80700,85200,30996,0.054455445544554504
2022-09-28,85500,86600,83500,85000,20772,-0.0023474178403756207
2022-09-29,85000,85500,82900,83100,5622,-0.022352941176470575
2022-09-30,82000,86000,80200,85700,14065,0.03128760529482544
2022-10-04,85600,85600,83500,84400,5945,-0.01516919486581092
2022-10-05,84600,85400,81100,82300,8007,-0.024881516587677677
2022-10-06,81500,83000,81300,82500,5890,0.002430133657351119
2022-10-07,81800,82700,80300,81000,7105,-0.018181818181818188
2022-10-11,80900,80900,78700,80100,5039,-0.011111111111111072
2022-10-12,79900,79900,77600,77600,9215,-0.031210986267166008
2022-10-13,77600,78500,76700,77800,6056,0.002577319587628857
2022-10-14,77600,79100,77600,78800,5915,0.01285347043701801
2022-10-17,77100,78200,72600,76800,26658,-0.025380710659898442
2022-10-18,77500,78300,75000,76800,11753,0.0
2022-10-19,76800,76800,73000,74000,36087,-0.03645833333333337
2022-10-20,74000,74000,71800,72300,20863,-0.02297297297297296
2022-10-21,72200,72300,69800,71400,37713,-0.012448132780082943
2022-10-24,70200,70700,67200,68200,92912,-0.0448179271708683
2022-10-25,68200,74800,68200,73600,115568,0.07917888563049846
2022-10-26,73700,75800,70200,70700,42863,-0.03940217391304346
2022-10-27,70600,71700,69400,70000,35487,-0.00990099009900991
2022-10-28,70400,71500,69700,70900,23805,0.0128571428571429
2022-10-31,71500,71900,70000,70500,26280,-0.005641748942172065
2022-11-01,70200,70400,69500,70100,29100,-0.005673758865248235
2022-11-02,69600,70500,69600,70000,36032,-0.0014265335235378318
2022-11-03,69300,70400,69000,70000,12669,0.0
2022-11-04,70000,72700,69800,72500,32570,0.03571428571428581
2022-11-07,71900,72000,70900,71600,14573,-0.012413793103448256
2022-11-08,71400,71800,70600,71100,26231,-0.006983240223463638
2022-11-09,70800,71100,69500,69800,44697,-0.01828410689170179
2022-11-10,69800,70400,69500,69800,22083,0.0
2022-11-11,70900,71100,69700,70600,31842,0.011461318051575908
2022-11-14,71400,71800,70600,71200,19814,0.008498583569405138
2022-11-15,71700,71800,70800,71300,21131,0.001404494382022392
2022-11-16,71600,73400,71300,73000,33261,0.02384291725105192
2022-11-17,73100,74100,72300,72700,14434,-0.004109589041095929
2022-11-18,72700,73100,71900,71900,15058,-0.011004126547455306
2022-11-21,72300,73000,72000,72400,9691,0.006954102920723182
2022-11-22,72400,72500,71500,71600,7530,-0.011049723756906049
2022-11-23,71900,72200,71200,71700,7538,0.0013966480446927498
2022-11-24,71700,72900,71200,71400,14610,-0.004184100418409997
2022-11-25,71400,71600,69800,70200,28069,-0.01680672268907568
2022-11-28,70000,70000,69200,69500,21763,-0.009971509971509973
2022-11-29,69500,69800,69000,69500,21239,0.0
2022-11-30,69500,70100,69300,69800,16816,0.004316546762589857
2022-12-01,70400,70600,69800,70200,14424,0.005730659025787954
2022-12-02,69900,70600,69800,70500,14708,0.004273504273504258
2022-12-05,70500,70800,69800,70400,14722,-0.0014184397163120588
2022-12-06,70300,70400,69500,69800,10070,-0.008522727272727293
2022-12-07,69600,70100,69600,70000,7047,0.002865329512893977
2022-12-08,70000,70100,68400,68600,18854,-0.020000000000000018
2022-12-09,69400,70200,68700,69900,12073,0.01895043731778423
2022-12-12,70800,72400,70600,71700,38116,0.025751072961373467
2022-12-13,72200,72300,70900,71800,11845,0.001394700139470073
2022-12-14,72200,72200,71200,71500,11523,-0.004178272980501441
2022-12-15,71500,71500,70400,71200,10255,-0.004195804195804231
2022-12-16,70500,71500,70100,71300,10428,0.001404494382022392
2022-12-19,71100,71600,70600,70900,11379,-0.005610098176718092
2022-12-20,71400,71400,70300,70700,8388,-0.0028208744710860323
2022-12-21,70800,72700,69900,72200,26966,0.021216407355021172
2022-12-22,73000,73000,71700,72300,14737,0.0013850415512466352
2022-12-23,71400,73700,71400,72900,28859,0.008298755186721962
2022-12-26,72900,73100,72100,72900,11241,0.0
2022-12-27,73600,73600,72200,72700,20586,-0.002743484224965731
2022-12-28,72300,72600,71500,72100,13158,-0.008253094910591452
2022-12-29,72100,72100,70000,71300,15341,-0.01109570041608876
2023-01-02,71400,71500,70100,70700,9179,-0.008415147265077194
2023-01-03,70100,70400,68700,68900,26415,-0.02545968882602545
2023-01-04,68500,69500,68100,69100,11917,0.002902757619738683
2023-01-05,69400,71400,69000,70600,14290,0.02170767004341534
2023-01-06,70600,72500,69700,70300,15505,-0.004249291784702569
2023-01-09,70400,71300,70400,71300,10535,0.014224751066856278
2023-01-10,71100,71600,70600,71000,6401,-0.0042075736325385416
2023-01-11,71000,71500,70200,70800,8920,-0.0028169014084507005
2023-01-12,71400,71500,70500,70600,6658,-0.0028248587570621764
2023-01-13,70800,71100,70100,70900,8936,0.004249291784702569
2023-01-16,70900,71600,70600,71300,13832,0.005641748942172065
2023-01-17,71800,71800,70300,70500,7862,-0.011220196353436185
2023-01-18,70500,71000,70200,70400,5274,-0.0014184397163120588
2023-01-19,70400,70700,69900,70400,4575,0.0
2023-01-20,70200,70900,69900,70500,8248,0.0014204545454545858
2023-01-25,70600,71900,70600,71200,13210,0.0099290780141843
2023-01-26,71200,71900,71000,71000,8770,-0.002808988764044895
2023-01-27,71000,72900,70800,72200,16823,0.016901408450704203
2023-01-30,72900,72900,71300,71300,8912,-0.012465373961218829
2023-01-31,71400,73000,71200,72600,15977,0.018232819074333717
2023-02-01,73000,73400,72200,72300,9556,-0.004132231404958664
2023-02-02,72900,72900,71600,71800,9837,-0.006915629322268302
2023-02-03,72400,72800,71600,72500,5504,0.009749303621169991
2023-02-06,72500,72800,71800,72200,6904,-0.004137931034482789
2023-02-07,72000,72500,71500,71500,6735,-0.00969529085872578
2023-02-08,72100,72100,71000,71500,11129,0.0
2023-02-09,72400,75000,72300,73500,49600,0.027972027972027913
2023-02-10,73800,74500,72600,73000,10958,-0.006802721088435382
2023-02-13,72400,73500,72000,72500,7881,-0.006849315068493178
2023-02-14,72600,73000,71700,72300,8460,-0.0027586206896551557
2023-02-15,72100,72400,71100,71300,11999,-0.013831258644536604
2023-02-16,71400,71800,71000,71500,6750,0.0028050490883591017
2023-02-17,71300,71800,70700,71000,4348,-0.006993006993006978
2023-02-20,71000,72300,70600,71900,6419,0.012676056338028152
2023-02-21,71900,72000,71400,71700,3156,-0.0027816411682892728
2023-02-22,70900,71400,70400,70500,6636,-0.01673640167364021
2023-02-23,70700,71700,70400,71500,5750,0.014184397163120588
2023-02-24,71200,71500,70700,70700,5365,-0.01118881118881121
2023-02-27,70700,71100,70400,70700,4613,0.0
2023-02-28,70600,70900,70400,70400,6402,-0.004243281471004279
2023-03-02,70400,70600,70100,70300,4895,-0.0014204545454545858
2023-03-03,70400,71100,70100,70800,5293,0.007112375533428139
2023-03-06,72300,72300,70600,70800,7534,0.0
2023-03-07,71500,71500,70000,70300,11359,-0.007062146892655385
2023-03-08,69900,70800,69200,69300,12596,-0.014224751066856278
2023-03-09,69400,70000,69400,69700,4066,0.005772005772005873
2023-03-10,69700,69700,68800,68900,7447,-0.011477761836441891
2023-03-13,68500,69700,66800,68200,11673,-0.010159651669085612
2023-03-14,67100,67700,66200,66800,14454,-0.02052785923753664
2023-03-15,67000,67300,66700,66800,7683,0.0
2023-03-16,66600,66700,66100,66400,4907,-0.005988023952095856
2023-03-17,66500,67400,66500,66800,3654,0.006024096385542244
2023-03-20,67300,67500,66800,66900,3496,0.0014970059880239361
2023-03-21,67000,69200,67000,68400,7545,0.022421524663677195
2023-03-22,68600,69000,67800,68600,4993,0.0029239766081872176
2023-03-23,68600,68600,67600,68000,5777,-0.008746355685131157
2023-03-24,68000,68100,67100,67800,7003,-0.002941176470588225
2023-03-27,67700,67700,66400,66800,8513,-0.014749262536873142
2023-03-28,66800,68000,66500,68000,5384,0.017964071856287456
2023-03-29,67900,68300,67600,67900,3876,-0.0014705882352941124
2023-03-30,68500,68500,67300,67800,5982,-0.0014727540500736325
2023-03-31,67800,68500,67600,68200,6991,0.005899705014749346
2023-04-03,68200,69300,68000,68600,5361,0.0058651026392961825
2023-04-04,69400,70100,68900,69500,13404,0.013119533527696792
2023-04-05,70400,70700,69600,69800,9430,0.004316546762589857
2023-04-06,70000,73500,70000,72600,51387,0.04011461318051568
2023-04-07,72700,73800,71500,73500,21205,0.012396694214876103
2023-04-10,74100,74100,71800,72500,17184,-0.013605442176870763
2023-04-11,74900,74900,72600,73700,16115,0.016551724137930934
2023-04-12,73700,74500,71500,71700,14012,-0.027137042062415184
2023-04-13,72300,73600,71000,72300,11289,0.008368200836819994
2023-04-14,73600,75700,72800,74100,32882,0.024896265560165887
2023-04-17,74800,75200,72900,73500,18074,-0.0080971659919028
2023-04-18,72900,74800,71900,73800,13835,0.004081632653061273
2023-04-19,73800,76200,73500,76000,17663,0.02981029810298108
2023-04-20,75300,77000,75200,75300,15308,-0.009210526315789447
2023-04-21,75100,75300,73700,75000,10225,-0.003984063745019917
2023-04-24,75000,75700,72800,73000,16002,-0.026666666666666616
2023-04-25,73800,73800,72300,73300,12174,0.004109589041095818
2023-04-26,72800,75000,72600,73800,9555,0.006821282401091366
2023-04-27,74000,74500,73200,73200,4880,-0.008130081300813052
2023-04-28,73600,73900,72100,72600,6798,-0.008196721311475419
2023-05-02,72900,73600,72500,73400,6627,0.011019283746556363
2023-05-03,72700,76300,72700,75300,22549,0.02588555858310637
2023-05-04,75500,76000,74500,75100,8426,-0.0026560424966799445
2023-05-08,75700,76900,75100,76400,13284,0.017310252996005415
2023-05-09,77000,77400,75000,76000,15998,-0.005235602094240788
2023-05-10,77200,77200,75800,76100,9619,0.001315789473684159
2023-05-11,76800,76900,75500,76600,7485,0.006570302233902758
2023-05-12,76500,76500,74200,74200,7549,-0.031331592689295085
2023-05-15,74900,76000,73700,74300,10777,0.0013477088948787852
2023-05-16,74900,76500,74100,75800,12732,0.020188425302826385
2023-05-17,75100,77200,75000,77000,9886,0.0158311345646438
2023-05-18,76600,76900,75800,76100,5543,-0.011688311688311637
2023-05-19,76200,76700,75700,76400,4459,0.003942181340341744
2023-05-22,76200,77400,75600,75800,9914,-0.007853403141361293
2023-05-23,76400,77200,74900,77100,9013,0.01715039577836408
2023-05-24,76900,78900,76500,78700,16035,0.02075226977950706
2023-05-25,78300,80900,78000,79600,18938,0.011435832274459878
2023-05-26,79900,79900,77900,78700,4095,-0.011306532663316604
2023-05-30,78800,78800,76400,77800,6511,-0.01143583227445999
2023-05-31,77200,78300,77200,77700,3109,-0.0012853470437017567
2023-06-01,77200,77900,76800,77200,3052,-0.006435006435006385
2023-06-02,77900,77900,76700,77000,2807,-0.002590673575129543
2023-06-05,77200,77800,76700,77700,2731,0.009090909090909038
2023-06-07,77600,77600,76700,76800,3104,-0.01158301158301156
2023-06-08,76500,76900,74900,75200,7203,-0.02083333333333337
2023-06-09,75600,76100,73900,74400,14149,-0.010638297872340385
2023-06-12,74900,74900,72000,72100,21923,-0.03091397849462363
2023-06-13,72500,73400,71600,72700,9373,0.00832177531206657
2023-06-14,73800,73800,72300,72900,7104,0.0027510316368637433
2023-06-15,72400,73600,72100,72500,5649,-0.005486968449931462
2023-06-16,73000,74200,72500,74200,6582,0.02344827586206888
2023-06-19,74200,74900,72800,72800,6431,-0.018867924528301883
2023-06-20,73300,73900,72600,72800,4471,0.0
2023-06-21,72800,73400,72300,72800,4202,0.0
2023-06-22,73000,73300,71800,72100,5279,-0.009615384615384581
2023-06-23,72500,72500,71000,71600,4565,-0.006934812760055475
2023-06-26,70900,72300,70900,71100,4884,-0.006983240223463638
2023-06-27,71100,71400,67800,69400,29369,-0.023909985935302358
2023-06-28,69400,69700,68600,69000,5883,-0.0057636887608069065
2023-06-29,68900,69400,66700,67000,32386,-0.02898550724637683
2023-06-30,67500,68400,67000,68100,5344,0.016417910447761086
2023-07-03,69000,69000,68200,68700,6013,0.008810572687224738
2023-07-04,68700,69100,68000,69100,6257,0.005822416302765587
2023-07-05,69100,69500,68400,68500,4822,-0.00868306801736618
2023-07-06,68700,69000,67000,67500,8982,-0.014598540145985384
2023-07-07,67100,67500,66000,66800,13180,-0.010370370370370363
2023-07-10,66800,68100,66800,67200,6069,0.0059880239520957446
2023-07-11,66800,68100,66700,68100,7033,0.013392857142857206
2023-07-12,68400,68400,67000,67500,12322,-0.008810572687224627
2023-07-13,68200,68200,67200,67500,7871,0.0
2023-07-14,67500,68000,67300,67800,7062,0.004444444444444473
2023-07-17,67800,68000,67000,67600,9171,-0.002949852507374673
2023-07-18,67700,67900,67200,67600,5820,0.0
2023-07-19,67800,67900,67500,67700,2927,0.0014792899408284654
2023-07-20,67700,68400,67300,68300,5837,0.008862629246676468
2023-07-21,68300,69100,68000,68800,5005,0.007320644216691097
2023-07-24,68400,68500,66800,67100,9552,-0.02470930232558144
2023-07-25,67500,67500,66000,66300,11262,-0.011922503725782407
2023-07-26,66100,66800,62700,63300,23769,-0.04524886877828049
2023-07-27,63200,67000,63200,66500,9055,0.05055292259083721
2023-07-28,66900,66900,65500,66000,4117,-0.007518796992481258
2023-07-31,65600,66600,65500,66000,4217,0.0
2023-08-01,66300,66600,65900,66400,7445,0.0060606060606061
2023-08-02,66900,67000,66200,66200,6202,-0.003012048192771122
2023-08-03,66200,67300,65900,66500,4071,0.004531722054380571
2023-08-04,66500,67700,66500,67500,3717,0.015037593984962516
2023-08-07,67500,69100,67500,68800,8473,0.01925925925925931
2023-08-08,69100,69300,66800,66800,8813,-0.029069767441860517
2023-08-09,66700,68200,65900,67500,7041,0.010479041916167775
2023-08-10,67400,68200,67100,67700,6488,0.002962962962963056
2023-08-11,67100,68400,67100,68400,6636,0.010339734121122657
2023-08-14,68200,69800,67900,69800,15423,0.020467836257309857
2023-08-16,69800,69800,67500,68000,9151,-0.025787965616045794
2023-08-17,67300,68000,65000,66700,6357,-0.019117647058823573
2023-08-18,66700,67100,66000,66500,4148,-0.0029985007496251548
2023-08-21,67000,67300,65700,66600,2610,0.0015037593984963404
2023-08-22,67200,68400,66600,67300,7284,0.010510510510510551
2023-08-23,67300,68300,67000,67800,3707,0.007429420505200568
2023-08-24,68300,68300,67300,67500,2690,-0.004424778761061954
2023-08-25,67700,68000,66900,67200,3666,-0.004444444444444473
2023-08-28,67500,68000,67200,68000,4783,0.011904761904761862
2023-08-29,67900,68300,67600,68000,2955,0.0
2023-08-30,67700,68000,66800,67100,6634,-0.013235294117647012
2023-08-31,67300,68700,66400,68700,5851,0.023845007451564815
2023-09-01,68000,68000,66800,67000,6824,-0.024745269286754024
2023-09-04,67000,67000,66200,66900,2323,-0.0014925373134327957
2023-09-05,66800,67000,66700,66900,1510,0.0
2023-09-06,67100,67100,66500,67000,3196,0.001494768310911887
2023-09-07,67200,67200,66500,66600,2874,-0.005970149253731294
2023-09-08,66700,67400,66400,67000,2514,0.006006006006006093
2023-09-11,67000,67000,66500,66900,2771,-0.0014925373134327957
2023-09-12,66900,67000,66500,66800,2150,-0.001494768310911776
2023-09-13,66800,67000,66400,67000,3321,0.0029940119760478723
2023-09-14,67500,67500,66900,67300,3407,0.004477611940298498
2023-09-15,67300,67300,66600,66600,7385,-0.010401188707280795
2023-09-18,66600,67200,66600,66900,1487,0.0045045045045044585
2023-09-19,67100,67300,66700,67100,2712,0.002989536621823552
2023-09-20,67300,67300,66500,66700,3161,-0.005961251862891204
2023-09-21,66900,66900,65800,66200,5632,-0.007496251874062998
2023-09-22,66500,66600,65400,65500,2979,-0.010574018126888185
2023-09-25,65700,66700,65600,66500,2759,0.01526717557251911
2023-09-26,66800,66800,65800,66500,2512,0.0
2023-09-27,65700,66700,65700,66400,2575,-0.0015037593984962294
2023-10-04,65700,66400,65700,65700,4032,-0.010542168674698815
2023-10-05,65500,66500,65500,65600,1463,-0.0015220700152207556
2023-10-06,65600,66100,64800,64800,3436,-0.012195121951219523
2023-10-10,64800,65500,64500,65000,2750,0.0030864197530864335
2023-10-11,65100,65800,64700,65200,4287,0.003076923076922977
2023-10-12,65200,65300,64700,65100,2240,-0.0015337423312883347
2023-10-13,65100,65100,63700,63800,6307,-0.019969278033794113
2023-10-16,63800,64200,62500,63400,7407,-0.006269592476489061
2023-10-17,63400,63700,62800,63100,2832,-0.004731861198738141
2023-10-18,62800,64000,62800,63800,2057,0.011093502377178988
2023-10-19,63200,63300,62700,62800,2608,-0.01567398119122254
2023-10-20,62800,64000,62500,63400,2388,0.009554140127388644
2023-10-23,64000,65000,63400,64300,3920,0.014195583596214423
2023-10-24,64300,64900,63100,64100,6695,-0.0031104199066873672
2023-10-25,64100,64400,63500,63500,2968,-0.009360374414976613
2023-10-26,63400,64500,63000,64400,5404,0.014173228346456623
2023-10-27,63600,64700,63600,64100,2357,-0.004658385093167738
2023-10-30,64100,64800,63300,64000,4393,-0.0015600624024960652
2023-10-31,64100,65800,64000,64700,6476,0.010937500000000044
2023-11-01,64700,65600,64200,64600,3771,-0.0015455950540957941
2023-11-02,64600,66100,64300,64900,4712,0.004643962848297267
2023-11-03,65800,65800,64700,65100,2496,0.0030816640986133237
2023-11-06,66000,66000,63900,64600,12114,-0.007680491551459334
2023-11-07,65000,65000,63100,63500,7498,-0.017027863777089758
2023-11-08,63500,64100,63200,63400,3781,-0.0015748031496063408
2023-11-09,63400,64500,63200,64100,6020,0.011041009463722329
2023-11-10,63300,64800,63300,63900,5046,-0.0031201248049922414
2023-11-13,63700,64400,63600,63900,2315,0.0
2023-11-14,63900,64900,63900,64700,3705,0.012519561815336422
2023-11-15,64400,64900,64000,64500,6460,-0.0030911901081916993
2023-11-16,64200,65000,64100,64400,3048,-0.0015503875968991832
2023-11-17,64500,64500,63800,63900,7553,-0.00776397515527949
2023-11-20,64500,64500,64000,64100,3590,0.003129890453834161
2023-11-21,64500,64500,64000,64300,3624,0.0031201248049921304
2023-11-22,64400,64400,63800,64100,6257,-0.0031104199066873672
2023-11-23,64400,64400,63100,63200,12816,-0.01404056162246492
2023-11-24,63400,63700,63200,63400,3720,0.0031645569620253333
2023-11-27,63400,63600,63000,63100,5315,-0.004731861198738141
2023-11-28,63100,63200,62800,62900,6017,-0.0031695721077654726
2023-11-29,63000,63100,62800,62900,4550,0.0
2023-11-30,63100,63100,62200,62200,30314,-0.011128775834658211
2023-12-01,62500,63600,62100,62200,10918,0.0
2023-12-04,62700,63000,62000,62800,8425,0.009646302250803762
2023-12-05,62800,63700,62500,63300,7254,0.0079617834394905
2023-12-06,63300,63500,62900,63300,3993,0.0
2023-12-07,63300,63300,62700,63000,4928,-0.004739336492891044
2023-12-08,62900,63700,62700,63400,5193,0.006349206349206327
2023-12-11,63400,63400,62800,63000,5157,-0.006309148264984188
2023-12-12,63000,63300,62500,62700,7895,-0.004761904761904745
2023-12-13,62700,62900,62400,62900,8490,0.0031897926634769647
2023-12-14,63300,63300,62400,62500,6157,-0.006359300476947549
2023-12-15,62500,62900,62400,62600,6167,0.0016000000000000458
2023-12-18,63000,63100,62500,62800,4023,0.0031948881789136685
2023-12-19,62700,63100,62500,62800,5199,0.0
2023-12-20,62700,63200,62700,62900,11952,0.0015923566878981443
2023-12-21,63000,63100,62700,62900,4849,0.0
2023-12-22,62900,63200,62700,63000,4780,0.0015898251192367763
2023-12-26,63100,63100,62600,62800,6520,-0.0031746031746031633
2023-12-27,62500,62900,62000,62300,14185,-0.0079617834394905
2023-12-28,62000,62800,62000,62600,3210,0.0048154093097914075
2024-01-02,62600,62600,62300,62400,7050,-0.0031948881789137795
2024-01-03,62400,62400,62000,62000,5645,-0.0064102564102563875
2024-01-04,62100,62300,62000,62100,5074,0.001612903225806539
2024-01-05,62100,62200,61800,62000,6236,-0.0016103059581320522
2024-01-08,62000,62100,61700,61800,5132,-0.003225806451612856
2024-01-09,61800,63000,61600,62000,6920,0.003236245954692629
2024-01-10,61600,62700,61600,62000,4121,0.0
2024-01-11,62000,62000,61600,61700,4946,-0.004838709677419395
2024-01-12,61600,62000,61500,62000,3690,0.004862236628849326
2024-01-15,62000,62000,61300,61500,4574,-0.008064516129032251
2024-01-16,61600,62000,61100,61300,5052,-0.003252032520325243
2024-01-17,61300,61800,60600,60600,6600,-0.011419249592169667
2024-01-18,60200,60800,60000,60300,4683,-0.004950495049504955
2024-01-19,60600,61200,59500,59600,9463,-0.011608623548922004
2024-01-22,59700,60000,59100,59300,5977,-0.005033557046979831
2024-01-23,59300,59400,59000,59200,3424,-0.001686340640809414
2024-01-24,59000,59800,59000,59400,4934,0.0033783783783782884
2024-01-25,59400,59400,58700,58900,6962,-0.008417508417508435
2024-01-26,58600,59200,58600,58800,5723,-0.001697792869269965
2024-01-29,59000,59500,58800,59300,5170,0.008503401360544283
2024-01-30,59400,59800,59100,59300,3329,0.0
2024-01-31,59300,59800,58900,59700,5236,0.006745362563237878
2024-02-01,60500,61500,60300,61100,9529,0.02345058626465657
2024-02-02,61100,61100,60100,60800,7946,-0.004909983633387904
2024-02-05,60800,60800,59800,60300,5243,-0.008223684210526327
2024-02-06,60400,60500,59700,59800,4067,-0.008291873963515717
2024-02-07,59800,59800,59200,59500,5902,-0.0050167224080267525
2024-02-08,59800,59800,59400,59800,5762,0.005042016806722671
2024-02-13,60000,60100,59600,60000,3665,0.0033444816053511683
2024-02-14,59900,60200,59500,60000,2148,0.0
2024-02-15,60000,60000,59600,59800,4189,-0.0033333333333332993
2024-02-16,59800,60000,59600,60000,5098,0.0033444816053511683
2024-02-19,60000,60200,59700,60100,5208,0.0016666666666667052
2024-02-20,60100,60100,59600,60000,2157,-0.0016638935108153063
2024-02-21,60000,60000,59600,59600,2768,-0.00666666666666671
2024-02-22,59600,59800,59300,59700,3544,0.001677852348993314
2024-02-23,59500,59900,59300,59800,3041,0.0016750418760469454
2024-02-26,59900,60000,58900,59100,5944,-0.01170568561872909
2024-02-27,59300,59300,58700,58700,4114,-0.006768189509306244
2024-02-28,58700,59400,58700,59300,1840,0.010221465076660996
2024-02-29,59300,59300,58700,59000,2673,-0.005059021922428353
2024-03-04,59300,59300,58800,58900,3520,-0.0016949152542372614
2024-03-05,58600,59100,58400,58500,4755,-0.006791171477079749
2024-03-06,58600,58600,58000,58100,4849,-0.006837606837606813
2024-03-07,58100,58500,57200,57200,8314,-0.015490533562822706
2024-03-08,57300,57700,57200,57200,6252,0.0
2024-03-11,57200,57400,56900,57100,4998,-0.0017482517482517723
2024-03-12,57100,57300,56200,56300,14409,-0.014010507880910628
2024-03-13,56300,57500,55800,57100,11610,0.014209591474245054
2024-03-14,57300,57300,56800,56900,4631,-0.003502626970227629
2024-03-15,56900,57100,56200,56200,6316,-0.012302284710017597
2024-03-18,56200,56900,55700,56500,9785,0.005338078291814874
2024-03-19,56600,56900,56200,56200,3305,-0.005309734513274322
2024-03-20,56200,56700,56000,56400,4811,0.003558718861210064
2024-03-21,56500,57100,56400,57000,4786,0.010638297872340496
2024-03-22,57000,57000,56200,56500,3844,-0.00877192982456143
2024-03-25,56500,57600,56500,57400,5800,0.015929203539823078
2024-03-26,58000,58400,57500,58300,9219,0.015679442508710784
2024-03-27,58100,58100,56700,57300,10426,-0.01715265866209259
2024-03-28,57500,57600,57000,57500,3767,0.003490401396160525
2024-03-29,57900,58200,57200,57600,8211,0.0017391304347826875
2024-04-01,58400,59300,57300,58900,11543,0.02256944444444442
2024-04-02,58900,60400,57800,60000,23789,0.018675721561969505
2024-04-03,59800,60200,58700,59800,6023,-0.0033333333333332993
2024-04-04,59500,59800,58800,59100,8992,-0.01170568561872909
2024-04-05,58700,59600,57800,57800,4047,-0.021996615905245376
2024-04-08,57800,58200,57000,57700,5723,-0.0017301038062284002
2024-04-09,58000,58100,57300,57500,4754,-0.0034662045060658286
2024-04-11,57100,57800,56900,57800,2101,0.00521739130434784
2024-04-12,57800,57800,56800,57000,4056,-0.01384083044982698
2024-04-15,56800,56800,56300,56500,4524,-0.00877192982456143
2024-04-16,56200,57500,55800,57100,5131,0.010619469026548645
2024-04-17,57000,57600,56700,57300,2439,0.003502626970227629
2024-04-18,56400,57700,56400,57700,3477,0.00698080279232105
2024-04-19,57700,57700,56700,57100,4174,-0.010398613518197597
2024-04-22,57100,59300,56800,58900,10398,0.031523642732049106
2024-04-23,58900,59500,57800,58000,3590,-0.015280135823429575
2024-04-24,58100,58300,57800,58000,3864,0.0
2024-04-25,58000,59400,57700,58900,8833,0.01551724137931032
2024-04-26,59500,59500,58000,58600,3731,-0.005093378607809895
2024-04-29,58600,59000,58300,58400,5243,-0.0034129692832765013
2024-04-30,58900,58900,58000,58400,4898,0.0
2024-05-02,58400,59000,58400,58600,4659,0.003424657534246478
2024-05-03,58900,58900,58200,58300,3558,-0.005119453924914641
2024-05-07,58400,58800,58300,58600,4661,0.005145797598627766
2024-05-08,58800,59100,58400,58700,3451,0.0017064846416381396
2024-05-09,58900,58900,58300,58300,3763,-0.006814310051107331
2024-05-10,58500,58700,58300,58300,3243,0.0
2024-05-13,58500,58500,58100,58200,3010,-0.0017152658662092923
2024-05-14,58500,58500,57700,57900,4674,-0.005154639175257714
2024-05-16,58400,58400,57800,57900,1674,0.0
2024-05-17,58200,59900,57800,58300,9263,0.006908462867012188
2024-05-20,59500,59500,58100,58600,9209,0.005145797598627766
2024-05-21,58600,59200,58100,58200,6806,-0.0068259385665528916
2024-05-22,58300,58500,57900,58500,3159,0.005154639175257714
2024-05-23,58600,58600,57500,57700,6574,-0.013675213675213627
2024-05-24,57800,57800,57200,57700,2503,0.0
2024-05-27,57700,57800,57100,57500,6305,-0.0034662045060658286
2024-05-28,57500,57500,56900,57400,6433,-0.0017391304347825765
2024-05-29,56900,57100,56200,56300,10217,-0.019163763066202044
2024-05-30,57000,59400,56600,58000,18265,0.030195381882770933
2024-05-31,58800,58800,57300,57500,5279,-0.008620689655172376
2024-06-03,57700,58300,57200,58300,5307,0.013913043478260834
2024-06-04,58300,58300,57300,57400,6680,-0.015437392795883409
2024-06-05,57600,57700,57200,57400,6205,0.0
2024-06-07,57500,57700,57200,57300,3238,-0.0017421602787456303
2024-06-10,57200,60500,57200,59600,36043,0.04013961605584648
2024-06-11,60300,60300,58500,58800,15302,-0.01342281879194629
2024-06-12,59400,61000,59000,60900,23369,0.03571428571428581
2024-06-13,61300,61300,60000,60200,18768,-0.011494252873563204
2024-06-14,60800,66700,60500,65500,177429,0.08803986710963452
2024-06-17,65500,65700,63100,63300,40511,-0.03358778625954195
2024-06-18,63500,63800,61700,62500,30254,-0.012638230647709303
2024-06-19,63200,64100,60800,60800,34127,-0.027200000000000002
2024-06-20,61100,63500,60700,63400,17909,0.04276315789473695
2024-06-21,63200,64100,61500,61700,10390,-0.02681388012618302
2024-06-24,61900,62500,59600,60000,12995,-0.027552674230145846
2024-06-25,60100,60100,59000,59400,11745,-0.010000000000000009
2024-06-26,60000,60000,57600,57800,24635,-0.026936026936026924
2024-06-27,58100,58100,57000,57500,9950,-0.00519031141868509
2024-06-28,57500,57500,56000,57100,24642,-0.006956521739130417
2024-07-01,57300,57300,56100,56400,20877,-0.012259194395796813
2024-07-02,56300,56900,56000,56700,6986,0.005319148936170137
2024-07-03,56700,57400,55800,55900,14817,-0.014109347442680775
2024-07-04,56200,56400,55900,56300,3802,0.007155635062611854
2024-07-05,56300,56600,56000,56000,7571,-0.005328596802841923
2024-07-08,56000,56300,55700,56200,5565,0.0035714285714285587
2024-07-09,56400,56600,55900,56100,6824,-0.001779359430605032
2024-07-10,56100,56100,55600,55900,6992,-0.0035650623885917776
2024-07-11,56200,56200,55600,55800,10203,-0.0017889087656529634
2024-07-12,56000,56000,55600,55900,6696,0.0017921146953405742
2024-07-15,55900,56200,55500,56100,6429,0.003577817531305927
2024-07-16,56200,56300,55900,56100,5676,0.0
2024-07-17,55800,56200,55800,56100,3382,0.0
2024-07-18,56000,56200,55400,55800,12879,-0.005347593582887722
2024-07-19,55800,55800,55200,55400,5657,-0.007168458781361964
2024-07-22,55600,55600,54700,54700,6634,-0.012635379061371799
2024-07-23,55100,55100,54700,54800,2398,0.001828153564899404
2024-07-24,55300,55300,54700,54800,2955,0.0
2024-07-25,54800,54900,54300,54500,5420,-0.005474452554744547
2024-07-26,54600,54900,54200,54200,4774,-0.0055045871559632475
2024-07-29,54400,54500,54100,54200,3789,0.0
2024-07-30,54300,54300,54100,54100,3076,-0.0018450184501844769
2024-07-31,54000,54600,54000,54600,2051,0.009242144177449063
2024-08-01,54600,54900,54600,54800,2410,0.00366300366300365
2024-08-02,54800,54800,53800,54000,7798,-0.014598540145985384
2024-08-05,53700,54000,49500,51100,15567,-0.0537037037037037
2024-08-06,51100,52200,51000,51400,11916,0.005870841487279899
2024-08-07,51300,52200,50800,51800,5606,0.0077821011673151474
2024-08-08,51700,51700,50800,51100,4644,-0.013513513513513487
2024-08-09,51200,51500,50900,51100,9319,0.0
2024-08-12,51100,51400,51000,51300,4076,0.00391389432485334
2024-08-13,51400,51600,51100,51600,3641,0.005847953216374213
2024-08-14,52000,52000,51400,51600,5918,0.0
2024-08-16,52600,52600,51500,51700,8726,0.0019379844961240345
2024-08-19,52000,52900,51500,52100,12114,0.007736943907156624
2024-08-20,52100,52300,51700,52100,4052,0.0
2024-08-21,52500,52500,51700,52200,6336,0.0019193857965451588
2024-08-22,52300,54600,52300,54000,15364,0.034482758620689724
2024-08-23,54000,54000,53100,53800,7120,-0.0037037037037036535
2024-08-26,54200,54200,52900,53000,4288,-0.014869888475836479
2024-08-27,53400,53400,52700,52900,3687,-0.0018867924528301883
2024-08-28,53400,54400,52500,54400,4749,0.02835538752362954
2024-08-29,53700,53700,52500,52700,7051,-0.03125
2024-08-30,52700,52900,52300,52500,3403,-0.003795066413662229
2024-09-02,52600,53000,52400,52400,2978,-0.0019047619047618536
2024-09-03,52900,53100,52400,52600,4202,0.003816793893129722
2024-09-04,52300,52300,51500,51600,5940,-0.019011406844106515
2024-09-05,51900,52500,51000,51100,7743,-0.009689922480620172
2024-09-06,51300,52500,50000,50500,7042,-0.011741682974559686
2024-09-09,50200,50900,49850,50600,2554,0.001980198019801982
2024-09-10,51000,51000,50200,50600,2606,0.0
2024-09-11,50600,50600,50000,50000,4971,-0.011857707509881465
2024-09-12,50000,50600,50000,50100,4928,0.0020000000000000018
2024-09-13,50600,51300,50300,51100,4399,0.019960079840319445
2024-09-19,52000,52000,50600,50900,3619,-0.003913894324853229
2024-09-20,51100,51400,50400,50400,4363,-0.00982318271119842
2024-09-23,50400,51600,50400,51100,3827,0.01388888888888884
2024-09-24,51100,51500,50800,51300,2866,0.00391389432485334
2024-09-25,52000,52000,51100,51200,3691,-0.0019493177387914784
2024-09-26,51900,51900,51000,51600,4082,0.0078125
2024-09-27,51800,54500,51300,52100,14242,0.009689922480620172
2024-09-30,52100,52700,51200,51600,4559,-0.009596928982725572
2024-10-02,52000,52000,50600,50900,4328,-0.013565891472868241
2024-10-04,50900,51100,50500,50700,4256,-0.003929273084479323
2024-10-07,51100,51300,50600,50700,3430,0.0
2024-10-08,50700,50900,50200,50400,4247,-0.00591715976331364
2024-10-10,50500,50600,50100,50300,3708,-0.001984126984126977
2024-10-11,50400,50500,49950,50300,3518,0.0
2024-10-14,50200,50500,50100,50500,2750,0.003976143141153132
2024-10-15,50700,50700,50100,50600,5126,0.001980198019801982
2024-10-16,50600,50600,50100,50500,2205,-0.0019762845849802257
2024-10-17,50600,50700,50300,50500,3123,0.0
2024-10-18,50500,50600,50200,50500,2294,0.0
2024-10-21,50500,50500,50100,50400,3321,-0.001980198019801982
2024-10-22,50400,50600,50000,50200,3409,-0.003968253968253954
2024-10-23,50100,50300,49950,50000,6066,-0.003984063745019917
2024-10-24,50000,50100,49450,49600,8383,-0.008000000000000007
2024-10-25,49900,49900,48850,49000,9301,-0.012096774193548376
2024-10-28,49300,49300,48800,49200,4435,0.004081632653061273
2024-10-29,49300,49300,49000,49150,2624,-0.00101626016260159
2024-10-30,49100,49400,49100,49250,3384,0.0020345879959309254
2024-10-31,49250,49750,48850,49650,2831,0.008121827411167404
2024-11-01,49850,49850,48850,49050,6796,-0.012084592145015116
2024-11-04,49050,49300,48850,49100,2782,0.0010193679918450993
2024-11-05,49100,49350,48900,49100,3906,0.0
2024-11-06,49400,49400,48600,48800,7058,-0.006109979633401208
2024-11-07,49000,49000,48300,48400,8854,-0.008196721311475419
2024-11-08,48400,48600,48000,48350,10593,-0.0010330578512396382
2024-11-11,48350,48850,48050,48250,6593,-0.0020682523267838704
2024-11-12,48150,48150,46900,46900,11285,-0.02797927461139893
2024-11-13,47300,47300,43350,44200,18689,-0.05756929637526653
2024-11-14,44200,44900,43800,44750,5583,0.012443438914027105
2024-11-15,44700,46400,44700,46400,7472,0.036871508379888285
2024-11-18,46350,46500,45650,45900,8331,-0.010775862068965525
2024-11-19,45900,46250,45600,46150,4977,0.005446623093681824
2024-11-20,46500,47100,45900,47000,5307,0.018418201516793076
2024-11-21,47000,47000,46400,46600,3993,-0.008510638297872353
2024-11-22,46600,46900,46450,46900,2974,0.006437768240343367
2024-11-25,46900,47300,46850,46900,5301,0.0
2024-11-26,46950,47950,46950,47750,5584,0.01812366737739879
2024-11-27,47800,47900,47150,47450,4596,-0.006282722513089034
2024-11-28,47000,47800,47000,47450,3305,0.0
2024-11-29,47450,47500,46700,47100,3993,-0.00737618545837726
2024-12-02,47150,47300,46250,46600,4092,-0.010615711252653925
2024-12-03,46300,47550,46300,47550,3182,0.020386266094420513
2024-12-04,46400,47400,45950,47400,4465,-0.003154574132492094
2024-12-05,47400,47400,46650,46700,3258,-0.014767932489451518
2024-12-06,46650,47000,45900,46850,12530,0.0032119914346895317
2024-12-09,46000,46050,45200,45200,7659,-0.03521878335112061
2024-12-10,45200,46400,45200,46300,4167,0.02433628318584069
2024-12-11,45850,47200,45850,47200,3960,0.01943844492440605
2024-12-12,47150,48400,47000,48150,7053,0.020127118644067687
2024-12-13,48350,49100,47950,49100,9746,0.019730010384215957
2024-12-16,49200,49300,48550,48600,5221,-0.010183299389002087
2024-12-17,48650,49150,48150,48800,5209,0.004115226337448652
2024-12-18,48900,49250,48450,49250,5008,0.009221311475409832
2024-12-19,48300,49300,48000,49050,4659,-0.004060913705583702
2024-12-20,48900,49250,48400,48700,6060,-0.007135575942915362
2024-12-23,48700,49350,48500,49200,4315,0.010266940451745477
2024-12-24,49200,49750,49200,49450,7522,0.005081300813008172
2024-12-26,49900,51500,49100,51300,28095,0.037411526794742134
2024-12-27,51500,53300,50300,50300,45617,-0.01949317738791423
2024-12-30,49000,50900,49000,50300,8236,0.0
2025-01-02,51400,52700,50800,52200,23462,0.0377733598409542
2025-01-03,52500,53400,51500,52500,19219,0.005747126436781658
2025-01-06,53300,56300,52800,55500,75185,0.05714285714285716
2025-01-07,55600,55600,54200,54300,19260,-0.021621621621621623
2025-01-08,56500,56700,52500,53900,80911,-0.007366482504604033
2025-01-09,54500,54700,50800,50800,56504,-0.0575139146567718
2025-01-10,51000,51700,50700,50800,19997,0.0
2025-01-13,50900,52000,50600,51300,16389,0.009842519685039353
2025-01-14,51000,51300,49450,49600,24999,-0.033138401559454245
2025-01-15,49850,50700,49050,49150,12945,-0.009072580645161255
2025-01-16,49250,49850,49000,49700,9546,0.011190233977619535
2025-01-17,49100,49700,48750,49100,10615,-0.012072434607645843
2025-01-20,49100,49100,48000,48600,15226,-0.010183299389002087
2025-01-21,48600,49050,48100,48850,7689,0.005144032921810648
2025-01-22,48850,48850,47950,48200,10425,-0.013306038894575267
2025-01-23,48200,48200,46950,47000,10915,-0.024896265560165998
