Date,Open,High,Low,Close,Volume,Change
2022-01-03,201500,205000,200000,204500,75926,0.012376237623762387
2022-01-04,203000,208000,201000,207000,112514,0.012224938875305513
2022-01-05,206000,215000,205500,210500,188347,0.01690821256038655
2022-01-06,212500,213500,208000,212000,97863,0.0071258907363420665
2022-01-07,209500,215000,208000,214500,107178,0.011792452830188704
2022-01-10,213500,223500,213500,222500,173843,0.037296037296037365
2022-01-11,218500,222000,213500,214000,111736,-0.038202247191011285
2022-01-12,214500,220000,214000,218000,90565,0.01869158878504673
2022-01-13,218000,220000,215000,216500,81859,-0.006880733944954143
2022-01-14,216500,218500,212500,217500,80862,0.004618937644341736
2022-01-17,214500,217000,212500,214500,53891,-0.01379310344827589
2022-01-18,216000,216500,210500,213500,79783,-0.004662004662004615
2022-01-19,214500,220000,214500,216500,107796,0.014051522248243575
2022-01-20,217500,217500,207000,207500,115323,-0.04157043879907618
2022-01-21,206000,210000,205500,209000,62424,0.0072289156626506035
2022-01-24,208500,210500,206000,208500,69277,-0.0023923444976076125
2022-01-25,206000,208500,202000,203500,79984,-0.023980815347721784
2022-01-26,206500,208500,203500,207500,75547,0.019656019656019597
2022-01-27,208500,210000,197500,199000,121451,-0.04096385542168679
2022-01-28,201000,202500,197500,200500,133953,0.007537688442211143
2022-02-03,205000,211500,204000,209000,115915,0.04239401496259343
2022-02-04,211000,212500,208000,211000,75819,0.009569377990430672
2022-02-07,210000,214000,208500,213500,84861,0.011848341232227444
2022-02-08,216500,219000,212500,214500,82874,0.004683840749414525
2022-02-09,214500,217000,214000,216500,51838,0.00932400932400923
2022-02-10,216500,218500,214000,218000,75510,0.006928406466512715
2022-02-11,216500,218000,214500,216000,65943,-0.00917431192660545
2022-02-14,216500,217500,211000,212500,59077,-0.01620370370370372
2022-02-15,213000,213500,210000,212000,59741,-0.0023529411764705577
2022-02-16,212500,215500,210500,213500,74048,0.007075471698113178
2022-02-17,215000,217000,212500,215500,88797,0.00936768149882905
2022-02-18,212500,217000,212500,216000,44963,0.002320185614849146
2022-02-21,212000,214000,210000,211000,65384,-0.02314814814814814
2022-02-22,207000,207000,194500,197500,397835,-0.06398104265402849
2022-02-23,198500,199000,196000,197500,158430,0.0
2022-02-24,195000,196500,191500,192500,194120,-0.025316455696202556
2022-02-25,193000,194000,188500,190000,184818,-0.012987012987012991
2022-02-28,190000,190500,187500,190500,110816,0.002631578947368318
2022-03-02,190500,190500,187000,188000,176655,-0.013123359580052507
2022-03-03,189000,190500,187500,189500,107526,0.007978723404255428
2022-03-04,189500,191000,188000,189500,81486,0.0
2022-03-07,186000,186500,180000,181000,196068,-0.04485488126649073
2022-03-08,178000,183000,177000,181000,140918,0.0
2022-03-10,186000,186500,181500,185500,158869,0.024861878453038777
2022-03-11,184500,187000,183000,185500,62252,0.0
2022-03-14,184000,186500,183000,184500,80376,-0.005390835579514808
2022-03-15,184000,185000,181500,183000,79349,-0.008130081300813052
2022-03-16,183500,188000,182000,184500,90274,0.008196721311475308
2022-03-17,187000,188500,184500,184500,85777,0.0
2022-03-18,184500,188000,183000,188000,184481,0.01897018970189701
2022-03-21,188000,191000,188000,188500,61749,0.0026595744680850686
2022-03-22,191000,198000,189500,198000,198054,0.05039787798408479
2022-03-23,198000,202500,197500,201500,146384,0.017676767676767735
2022-03-24,199000,201000,198500,200000,72672,-0.007444168734491274
2022-03-25,199000,202000,198000,201000,87175,0.004999999999999893
2022-03-28,198500,210000,198000,208000,145643,0.03482587064676612
2022-03-29,209500,211500,205000,207500,92615,-0.0024038461538461453
2022-03-30,208500,209500,205500,207500,74696,0.0
2022-03-31,208500,221000,207500,219000,273026,0.055421686746987886
2022-04-01,216000,221000,215500,220000,121387,0.004566210045662045
2022-04-04,216500,221000,216500,219500,84100,-0.002272727272727315
2022-04-05,218500,219000,212000,215000,74038,-0.02050113895216399
2022-04-06,214000,221000,213500,220500,134152,0.0255813953488373
2022-04-07,220000,223500,220000,220000,143528,-0.0022675736961451642
2022-04-08,219500,219500,215500,216500,113383,-0.015909090909090873
2022-04-11,215500,221000,214000,219500,90991,0.01385681293302543
2022-04-12,218500,220000,216000,216500,67183,-0.013667425968109326
2022-04-13,218500,220000,214000,216500,81887,0.0
2022-04-14,215500,219500,215000,217500,100337,0.004618937644341736
2022-04-15,216500,217000,210000,213000,164649,-0.020689655172413834
2022-04-18,211000,211000,206500,208000,108265,-0.023474178403755874
2022-04-19,208500,210500,206500,207000,85793,-0.004807692307692291
2022-04-20,207000,210500,207000,208000,84173,0.004830917874396157
2022-04-21,210000,211500,209000,210000,73584,0.009615384615384581
2022-04-22,207500,217000,207500,214500,134782,0.021428571428571352
2022-04-25,212000,213000,209500,210000,52077,-0.020979020979020935
2022-04-26,211500,211500,206000,207000,61614,-0.014285714285714235
2022-04-27,203500,207000,202000,205000,83789,-0.009661835748792313
2022-04-28,209500,210500,206500,210000,72524,0.024390243902439046
2022-04-29,209000,211000,207000,210000,74462,0.0
2022-05-02,209500,211000,202500,206000,84008,-0.01904761904761909
2022-05-03,204500,206500,204000,204000,56685,-0.009708737864077666
2022-05-04,204000,208500,204000,207500,75515,0.017156862745097978
2022-05-06,206000,207000,202500,205500,77997,-0.009638554216867434
2022-05-09,203500,206500,201000,203000,46652,-0.012165450121654486
2022-05-10,202000,202000,195000,199500,94186,-0.017241379310344862
2022-05-11,196500,198500,194500,196000,86555,-0.01754385964912286
2022-05-12,195500,206000,195500,199500,153302,0.017857142857142794
2022-05-13,202000,206000,199000,203000,89619,0.01754385964912286
2022-05-16,205000,209000,202000,204500,72512,0.00738916256157629
2022-05-17,204500,207000,199500,200000,81278,-0.022004889975550168
2022-05-18,200000,202500,200000,201500,46947,0.007500000000000062
2022-05-19,198500,201500,198000,198500,83496,-0.01488833746898266
2022-05-20,199500,202500,198500,199500,116467,0.005037783375314797
2022-05-23,199500,201000,196000,199500,124930,0.0
2022-05-24,199500,204000,196500,196500,82260,-0.015037593984962405
2022-05-25,199000,199000,197000,198500,47670,0.010178117048346147
2022-05-26,197000,199000,195000,196000,81588,-0.012594458438287104
2022-05-27,197500,199500,196500,199500,79750,0.017857142857142794
2022-05-30,200000,203500,198000,199000,76550,-0.0025062656641604564
2022-05-31,199500,200500,196500,199000,329951,0.0
2022-06-02,197500,198500,195500,197000,84040,-0.01005025125628145
2022-06-03,198500,198500,195000,197000,55389,0.0
2022-06-07,197500,197500,195000,195500,106065,-0.0076142131979695105
2022-06-08,195500,199500,194500,199000,100051,0.01790281329923271
2022-06-09,199000,200000,196000,200000,122355,0.005025125628140614
2022-06-10,198000,199000,195500,198000,69142,-0.010000000000000009
2022-06-13,197000,202500,194000,195000,114925,-0.015151515151515138
2022-06-14,196500,196500,191000,192000,105311,-0.01538461538461533
2022-06-15,192500,196000,190000,194500,80080,0.01302083333333326
2022-06-16,194000,196500,192000,192500,84759,-0.010282776349614386
2022-06-17,191500,199500,190500,196000,140498,0.018181818181818077
2022-06-20,195500,196500,192500,194500,68947,-0.007653061224489832
2022-06-21,197500,198500,194500,195500,52356,0.005141388174807249
2022-06-22,197000,202000,194500,199000,163869,0.01790281329923271
2022-06-23,199500,202000,195500,196000,124096,-0.015075376884422065
2022-06-24,198000,198500,194500,196500,54257,0.0025510204081633514
2022-06-27,196000,201500,196000,199500,70280,0.01526717557251911
2022-06-28,201000,201500,198000,200500,54177,0.005012531328320913
2022-06-29,199000,201000,199000,200000,46893,-0.0024937655860348684
2022-06-30,201000,203500,199500,201000,98669,0.004999999999999893
2022-07-01,204000,204000,197500,202500,103980,0.00746268656716409
2022-07-04,200500,202500,198000,201500,90107,-0.004938271604938316
2022-07-05,202500,202500,196000,196500,142772,-0.02481389578163773
2022-07-06,195500,197000,183500,184500,184048,-0.06106870229007633
2022-07-07,186500,191000,183500,190000,88036,0.02981029810298108
2022-07-08,189000,198500,189000,196500,136612,0.03421052631578947
2022-07-11,196500,197500,194500,196000,47122,-0.0025445292620864812
2022-07-12,195500,202500,194500,201500,111842,0.028061224489795977
2022-07-13,203000,203500,198000,198500,76894,-0.01488833746898266
2022-07-14,197500,200500,195000,197000,80597,-0.007556675062972307
2022-07-15,196500,199000,192000,195500,77228,-0.0076142131979695105
2022-07-18,195500,201500,195000,199000,72531,0.01790281329923271
2022-07-19,197500,201000,197500,200000,47545,0.005025125628140614
2022-07-20,201000,203500,197500,198500,84137,-0.007499999999999951
2022-07-21,197500,199000,195500,198500,78153,0.0
2022-07-22,197000,200500,194000,194500,74042,-0.02015113350125941
2022-07-25,195500,195500,193000,193500,57429,-0.005141388174807249
2022-07-26,193000,194500,191000,192000,76744,-0.007751937984496138
2022-07-27,193000,194500,192000,193500,52398,0.0078125
2022-07-28,193500,197000,193500,197000,86853,0.01808785529715773
2022-07-29,198000,198500,196000,197500,52227,0.002538071065989911
2022-08-01,196000,198000,196000,197500,46966,0.0
2022-08-02,196500,198500,196000,197000,43647,-0.0025316455696202667
2022-08-03,196500,202000,196500,201500,69638,0.02284263959390853
2022-08-04,200500,203000,200500,201500,50465,0.0
2022-08-05,202500,206500,201000,205500,67825,0.01985111662531014
2022-08-08,204500,209500,204000,205000,78426,-0.0024330900243308973
2022-08-09,203500,208000,201500,205000,78522,0.0
2022-08-10,205500,207000,202000,203500,48988,-0.007317073170731714
2022-08-11,203000,204500,201000,202000,81342,-0.0073710073710073765
2022-08-12,202000,205000,198000,200000,116767,-0.00990099009900991
2022-08-16,200000,200000,196500,197000,126120,-0.015000000000000013
2022-08-17,197000,199000,196000,198000,80125,0.0050761421319796
2022-08-18,197000,200500,195500,198500,97939,0.002525252525252597
2022-08-19,198000,201500,197000,201000,90681,0.012594458438287104
2022-08-22,199500,201000,199000,200000,60397,-0.00497512437810943
2022-08-23,200000,200000,196000,198500,53222,-0.007499999999999951
2022-08-24,198500,198500,196000,196000,52352,-0.012594458438287104
2022-08-25,196000,197500,195500,197500,52895,0.007653061224489832
2022-08-26,197000,199000,196500,196500,72576,-0.005063291139240533
2022-08-29,195500,196000,192000,193000,56496,-0.01781170483460559
2022-08-30,193500,195500,192000,194000,53107,0.005181347150259086
2022-08-31,192500,195000,190500,195000,91787,0.005154639175257714
2022-09-01,193000,194500,191000,192000,74003,-0.01538461538461533
2022-09-02,191500,193000,190000,192000,68309,0.0
2022-09-05,193500,194500,192000,193000,38217,0.005208333333333259
2022-09-06,194000,194000,191000,192500,61568,-0.002590673575129543
2022-09-07,192000,194000,190000,192500,59843,0.0
2022-09-08,194500,194500,190500,192000,77693,-0.0025974025974025983
2022-09-13,193500,199000,193000,197500,91304,0.02864583333333326
2022-09-14,194500,197000,192000,192500,63749,-0.025316455696202556
2022-09-15,193500,195000,192500,193000,37666,0.0025974025974024872
2022-09-16,192000,192500,189000,189500,100732,-0.01813471502590669
2022-09-19,190000,193000,189000,193000,74768,0.01846965699208436
2022-09-20,194500,195500,191500,195000,66085,0.010362694300518172
2022-09-21,194000,195500,192500,192500,59384,-0.012820512820512775
2022-09-22,192500,194000,191500,193000,52725,0.0025974025974024872
2022-09-23,194500,196500,192000,196500,82835,0.0181347150259068
2022-09-26,196000,200000,193000,196000,125950,-0.0025445292620864812
2022-09-27,197000,197000,189500,192500,120388,-0.017857142857142905
2022-09-28,190000,193000,189000,191000,133331,-0.007792207792207795
2022-09-29,191000,195500,188000,188500,131520,-0.01308900523560208
2022-09-30,184500,188500,184000,184000,180981,-0.023872679045092826
2022-10-04,184500,192500,184500,191000,99012,0.03804347826086962
2022-10-05,192000,193500,189500,190000,64433,-0.005235602094240788
2022-10-06,190500,190500,188500,189500,41321,-0.0026315789473684292
2022-10-07,189000,197000,188000,196000,77252,0.03430079155672816
2022-10-11,193500,195500,190500,191500,90296,-0.022959183673469385
2022-10-12,191000,191500,187000,187500,69539,-0.02088772845953002
2022-10-13,188500,190000,188000,188000,70180,0.002666666666666595
2022-10-14,189000,193500,186500,192500,57783,0.02393617021276606
2022-10-17,192000,195500,191000,194500,50394,0.010389610389610393
2022-10-18,196500,197000,192500,195500,52679,0.005141388174807249
2022-10-19,196000,197000,194000,196500,61095,0.005115089514066584
2022-10-20,194500,198500,194500,198000,99989,0.007633587786259444
2022-10-21,196500,198000,195000,196500,89215,-0.007575757575757569
2022-10-24,199000,199000,194500,196000,55530,-0.0025445292620864812
2022-10-25,196500,196500,193500,194500,39950,-0.007653061224489832
2022-10-26,194000,198000,194000,196500,69733,0.010282776349614497
2022-10-27,198000,198500,195500,196500,94680,0.0
2022-10-28,197000,204000,197000,204000,99637,0.03816793893129766
2022-10-31,202000,204000,198500,200000,99125,-0.019607843137254943
2022-11-01,201000,203000,199500,200500,53580,0.0024999999999999467
2022-11-02,202000,205000,202000,204000,75040,0.0174563591022443
2022-11-03,202000,204500,199000,201500,75557,-0.01225490196078427
2022-11-04,205500,207000,203500,206000,116752,0.022332506203474045
2022-11-07,206500,207000,202000,204000,67571,-0.009708737864077666
2022-11-08,206000,207000,199000,202000,98240,-0.009803921568627416
2022-11-09,203500,204000,200000,202500,61594,0.0024752475247524774
2022-11-10,202500,203000,200000,201000,63714,-0.007407407407407418
2022-11-11,202500,203000,198500,200500,106115,-0.0024875621890547706
2022-11-14,200000,201000,199000,200000,60639,-0.0024937655860348684
2022-11-15,201000,201000,194000,195000,121326,-0.025000000000000022
2022-11-16,194500,195500,191000,193500,169283,-0.007692307692307665
2022-11-17,193000,195500,192500,193500,57623,0.0
2022-11-18,193500,195000,192500,194000,63974,0.0025839793281654533
2022-11-21,195000,197000,193000,195000,61189,0.005154639175257714
2022-11-22,194500,197000,194000,197000,54989,0.01025641025641022
2022-11-23,195500,197500,195000,196500,52940,-0.0025380710659898
2022-11-24,197500,200500,197000,200500,60397,0.020356234096692072
2022-11-25,199500,203500,199500,203500,76073,0.014962593516209433
2022-11-28,201000,203500,199500,201000,45841,-0.012285012285012331
2022-11-29,201500,205500,200000,204500,60060,0.017412935323383172
2022-11-30,203500,206000,203500,205500,124510,0.004889975550122161
2022-12-01,204000,206000,202000,203500,78408,-0.009732360097323589
2022-12-02,203000,203000,196500,197000,116690,-0.03194103194103193
2022-12-05,198000,199000,195000,197000,94438,0.0
2022-12-06,197500,199000,195500,198000,96737,0.0050761421319796
2022-12-07,199500,205000,198000,203000,195673,0.025252525252525304
2022-12-08,203500,205500,202000,204500,133789,0.00738916256157629
2022-12-09,205500,207000,202500,207000,79727,0.012224938875305513
2022-12-12,207000,210000,205000,209500,54265,0.012077294685990392
2022-12-13,211500,214500,209500,212500,125931,0.014319809069212486
2022-12-14,214500,214500,210500,212500,91245,0.0
2022-12-15,213000,214500,210000,210500,72891,-0.009411764705882342
2022-12-16,211500,214000,209000,214000,137373,0.016627078384798155
2022-12-19,212000,215000,212000,214500,81754,0.002336448598130758
2022-12-20,214500,216000,213000,216000,58861,0.006993006993007089
2022-12-21,216000,216500,212500,215000,38738,-0.00462962962962965
2022-12-22,213500,217500,213500,217500,65676,0.011627906976744207
2022-12-23,217500,218000,215000,216500,29019,-0.0045977011494252595
2022-12-26,215000,216500,214500,215000,46968,-0.006928406466512715
2022-12-27,216000,216000,211500,213000,111521,-0.009302325581395321
2022-12-28,202000,206500,199000,206000,106997,-0.032863849765258246
2022-12-29,203500,204500,198500,200000,66949,-0.029126213592232997
2023-01-02,200500,201000,194500,194500,51688,-0.02749999999999997
2023-01-03,196500,197000,191500,194000,56028,-0.0025706940874036244
2023-01-04,192500,196000,190500,195000,69045,0.005154639175257714
2023-01-05,194000,197500,194000,195500,71174,0.002564102564102555
2023-01-06,195000,205000,195000,204000,87101,0.04347826086956519
2023-01-09,205000,207500,200000,201500,76413,-0.01225490196078427
2023-01-10,201500,204000,198000,201000,77604,-0.002481389578163795
2023-01-11,202000,202500,198500,200500,53752,-0.0024875621890547706
2023-01-12,200000,204000,200000,201000,65861,0.0024937655860348684
2023-01-13,203000,203500,197500,201000,102703,0.0
2023-01-16,200000,204000,198500,200500,52975,-0.0024875621890547706
2023-01-17,200500,207500,200000,206000,86312,0.027431421446383997
2023-01-18,206500,207000,201500,203000,104680,-0.014563106796116498
2023-01-19,202000,210000,201500,207500,133346,0.022167487684729092
2023-01-20,207000,212500,205000,206000,56445,-0.0072289156626506035
2023-01-25,205000,208000,204000,206000,58111,0.0
2023-01-26,205000,209000,204500,205500,73560,-0.0024271844660194164
2023-01-27,205000,210000,204500,209500,67539,0.019464720194647178
2023-01-30,207500,209500,201000,201000,128488,-0.04057279236276845
2023-01-31,203000,206000,202000,203000,139174,0.00995024875621886
2023-02-01,204000,209000,203000,208000,104852,0.024630541871921263
2023-02-02,209000,209000,202000,203000,148698,-0.024038461538461564
2023-02-03,203000,205500,202000,205000,104937,0.009852216748768461
2023-02-06,204000,205500,201000,202000,75569,-0.014634146341463428
2023-02-07,202000,205000,201000,202500,80995,0.0024752475247524774
2023-02-08,203000,205000,202000,203500,67228,0.004938271604938205
2023-02-09,202000,203500,199600,199900,91301,-0.01769041769041768
2023-02-10,199700,203500,199200,203500,50269,0.01800900450225118
2023-02-13,202000,204500,200500,203000,51195,-0.002457002457002422
2023-02-14,204000,204500,202000,204500,50061,0.00738916256157629
2023-02-15,203500,205500,202000,205000,73593,0.0024449877750611915
2023-02-16,205000,206500,202500,205000,77965,0.0
2023-02-17,204000,207000,202500,206500,90552,0.007317073170731714
2023-02-20,205500,206000,203000,205000,62711,-0.007263922518159771
2023-02-21,204000,206000,203500,206000,39981,0.004878048780487809
2023-02-22,206500,208500,205500,207500,73578,0.00728155339805836
2023-02-23,208500,215500,207000,212500,155605,0.024096385542168752
2023-02-24,211000,217500,211000,213500,96779,0.004705882352941115
2023-02-27,213500,217500,212500,216500,96180,0.014051522248243575
2023-02-28,216000,216500,211000,214500,111624,-0.009237875288683584
2023-03-02,215000,219500,214500,218000,104536,0.01631701631701632
2023-03-03,217500,218000,210500,211000,81281,-0.032110091743119296
2023-03-06,212500,217000,212000,215500,66702,0.021327014218009532
2023-03-07,215500,216500,213500,214500,55112,-0.004640371229698403
2023-03-08,213000,213500,207000,209500,93360,-0.023310023310023298
2023-03-09,210500,215500,209000,213000,146524,0.01670644391408116
2023-03-10,212500,216000,211500,214000,83293,0.0046948356807512415
2023-03-13,215500,218000,213500,218000,102903,0.01869158878504673
2023-03-14,215500,217500,213000,215500,132218,-0.011467889908256867
2023-03-15,215000,217000,214000,216000,84342,0.002320185614849146
2023-03-16,214500,215500,211000,212500,72982,-0.01620370370370372
2023-03-17,214500,216000,213000,215500,98668,0.014117647058823568
2023-03-20,214500,215500,207500,208500,88379,-0.0324825986078886
2023-03-21,209500,212500,207500,207500,86991,-0.004796163069544335
2023-03-22,209000,210500,207500,209000,63048,0.0072289156626506035
2023-03-23,209000,210000,205500,208000,79255,-0.004784688995215336
2023-03-24,205500,206500,201000,202500,78816,-0.02644230769230771
2023-03-27,203000,203000,199800,200500,55599,-0.00987654320987652
2023-03-28,201500,203000,200500,202500,41441,0.009975062344139696
2023-03-29,203000,208000,203000,207500,63322,0.024691358024691468
2023-03-30,206000,208000,205000,207000,75078,-0.002409638554216831
2023-03-31,207000,209500,204500,206000,104204,-0.004830917874396157
2023-04-03,206000,208000,205000,207000,54933,0.004854368932038833
2023-04-04,208000,208000,204000,207000,70266,0.0
2023-04-05,209000,210000,206500,206500,32626,-0.0024154589371980784
2023-04-06,206500,207500,204500,204500,48424,-0.009685230024213065
2023-04-07,204500,204500,201500,202500,58148,-0.009779951100244544
2023-04-10,201500,205500,201000,202000,49469,-0.0024691358024691024
2023-04-11,202500,206000,202000,204500,63268,0.012376237623762387
2023-04-12,203500,207000,203500,206500,57556,0.009779951100244544
2023-04-13,205000,207000,203500,205500,94334,-0.004842615012106588
2023-04-14,205500,208500,205500,207500,85721,0.009732360097323589
2023-04-17,207500,208000,205500,206500,63230,-0.004819277108433773
2023-04-18,206500,212000,206000,211000,109277,0.021791767554479424
2023-04-19,210000,213000,210000,212500,104344,0.007109004739336511
2023-04-20,212000,218500,211000,218000,82483,0.025882352941176467
2023-04-21,215500,217500,214500,216500,100694,-0.006880733944954143
2023-04-24,216500,217500,212500,217500,171829,0.004618937644341736
2023-04-25,217500,231500,216500,230500,244146,0.05977011494252871
2023-04-26,226500,229000,222000,225000,94537,-0.02386117136659438
2023-04-27,224000,224500,219000,223500,73186,-0.00666666666666671
2023-04-28,222000,226000,221500,225000,141115,0.006711409395973256
2023-05-02,229500,232000,225500,227500,102506,0.011111111111111072
2023-05-03,226000,230500,226000,227000,48013,-0.00219780219780219
2023-05-04,226000,229000,225500,227000,71453,0.0
2023-05-08,225500,234500,225500,232000,96780,0.022026431718061623
2023-05-09,233500,233500,228000,230500,73883,-0.006465517241379337
2023-05-10,230000,233000,229000,231000,42954,0.002169197396963085
2023-05-11,230500,233000,228500,230000,67256,-0.0043290043290042934
2023-05-12,230500,230500,222000,225500,167152,-0.019565217391304346
2023-05-15,224000,231500,224000,227500,73397,0.008869179600886845
2023-05-16,225000,232000,224000,227500,46297,0.0
2023-05-17,228000,232000,227000,227500,61043,0.0
2023-05-18,230000,230000,226000,230000,42056,0.01098901098901095
2023-05-19,229000,236500,229000,235500,79675,0.023913043478260843
2023-05-22,237500,239000,234000,236000,63584,0.002123142250530785
2023-05-23,239000,239500,235500,236500,46684,0.0021186440677967155
2023-05-24,236000,239500,235500,238500,57172,0.008456659619450413
2023-05-25,238000,239000,233000,235000,83642,-0.014675052410901501
2023-05-26,233000,235500,230000,232000,53437,-0.012765957446808529
2023-05-30,233500,234000,221000,225500,121267,-0.028017241379310387
2023-05-31,226000,230000,224500,225500,165397,0.0
2023-06-01,226000,229500,223500,224500,59684,-0.0044345898004434225
2023-06-02,225500,228500,224500,228000,73147,0.015590200445434244
2023-06-05,229000,232000,227500,231500,61621,0.015350877192982448
2023-06-07,238000,242500,233500,235500,123358,0.017278617710583255
2023-06-08,237000,244500,236000,242000,158990,0.027600849256900206
2023-06-09,245000,245000,234000,235000,81872,-0.02892561983471076
2023-06-12,236500,237000,231500,234000,60661,-0.004255319148936176
2023-06-13,233500,234000,225000,226500,108675,-0.03205128205128205
2023-06-14,225500,226000,220000,223000,113578,-0.015452538631346546
2023-06-15,224000,226500,222500,225500,90537,0.011210762331838486
2023-06-16,225500,226500,220500,224000,154326,-0.006651884700665134
2023-06-19,223000,223000,219000,220000,68720,-0.017857142857142905
2023-06-20,219000,221000,215500,217500,63074,-0.011363636363636354
2023-06-21,216000,222000,215000,221500,76865,0.01839080459770126
2023-06-22,222500,230000,222000,226500,81818,0.02257336343115135
2023-06-23,225000,226000,222000,223000,61149,-0.015452538631346546
2023-06-26,224000,226000,221500,225000,134042,0.008968609865470878
2023-06-27,224000,227500,224000,227000,74590,0.008888888888888946
2023-06-28,228000,232000,227000,229000,46377,0.008810572687224738
2023-06-29,227500,230000,224500,228500,67795,-0.0021834061135370675
2023-06-30,230000,233500,227000,230000,82311,0.006564551422319376
2023-07-03,229500,233000,228000,231500,54583,0.006521739130434856
2023-07-04,229000,231000,224500,226000,42432,-0.023758099352051865
2023-07-05,225000,230000,224500,226500,48543,0.0022123893805310324
2023-07-06,227500,232000,221500,223000,119852,-0.015452538631346546
2023-07-07,222000,224000,220500,222000,71456,-0.004484304932735439
2023-07-10,223500,233500,222000,232500,120782,0.04729729729729737
2023-07-11,235000,242000,233500,240000,115834,0.032258064516129004
2023-07-12,242000,245000,239000,243000,116820,0.012499999999999956
2023-07-13,247500,248500,236000,238500,124250,-0.01851851851851849
2023-07-14,240000,246000,239000,244500,83049,0.02515723270440251
2023-07-17,242500,244500,238500,240500,70247,-0.01635991820040905
2023-07-18,241500,243000,237000,238500,52931,-0.008316008316008316
2023-07-19,239000,241500,235500,237500,46097,-0.004192872117400381
2023-07-20,237500,238000,233000,234500,48599,-0.012631578947368438
2023-07-21,238000,241000,235500,240000,72280,0.023454157782516027
2023-07-24,238500,240000,233000,236500,52126,-0.014583333333333282
2023-07-25,241000,244500,237000,241500,49295,0.02114164904862581
2023-07-26,239500,241000,234000,239500,93448,-0.008281573498964856
2023-07-27,239500,246000,239500,245000,70963,0.022964509394572064
2023-07-28,241000,244000,238000,242500,60878,-0.010204081632653073
2023-07-31,244500,245000,241000,244000,61010,0.006185567010309256
2023-08-01,240500,242500,236500,240500,83456,-0.014344262295082011
2023-08-02,240500,245000,237000,242500,78908,0.008316008316008316
2023-08-03,245000,245500,239000,240000,56869,-0.010309278350515427
2023-08-04,239500,247500,239000,247500,95290,0.03125
2023-08-07,245500,251000,245000,247500,46154,0.0
2023-08-08,250000,253000,248500,253000,70846,0.022222222222222143
2023-08-09,253500,253500,247500,249000,100091,-0.015810276679841917
2023-08-10,247500,251500,245000,248000,105900,-0.004016064257028162
2023-08-11,246500,252500,246000,250500,111091,0.010080645161290258
2023-08-14,249500,251000,246500,250500,42862,0.0
2023-08-16,249000,251500,244500,249000,47593,-0.005988023952095856
2023-08-17,249500,251000,245500,249000,58623,0.0
2023-08-18,248000,256000,248000,251000,82241,0.008032128514056325
2023-08-21,252500,254500,249000,253500,55948,0.009960159362549792
2023-08-22,252000,253500,249500,252500,69117,-0.0039447731755424265
2023-08-23,250000,257000,249500,254500,49354,0.007920792079207928
2023-08-24,257000,257000,247500,251500,59001,-0.011787819253438081
2023-08-25,249500,256500,249000,254500,66437,0.011928429423459175
2023-08-28,256500,256500,253000,255000,37140,0.0019646365422396617
2023-08-29,256000,257500,254000,254500,34281,-0.0019607843137254832
2023-08-30,253500,255000,243000,246000,123935,-0.03339882121807469
2023-08-31,246000,248500,245000,246500,99044,0.00203252032520318
2023-09-01,243000,247500,242500,246500,66585,0.0
2023-09-04,242500,245000,239000,245000,63002,-0.006085192697768749
2023-09-05,243500,246500,242500,246000,33693,0.004081632653061273
2023-09-06,244500,251000,244500,248500,67199,0.010162601626016343
2023-09-07,246000,250500,246000,250500,55137,0.008048289738430636
2023-09-08,251000,259000,249500,259000,83215,0.03393213572854292
2023-09-11,259000,270000,257000,267000,119572,0.030888030888030826
2023-09-12,267000,269500,263000,264500,56629,-0.009363295880149836
2023-09-13,263500,271000,263500,265000,111638,0.001890359168241984
2023-09-14,265000,265500,259000,261500,122908,-0.013207547169811318
2023-09-15,262000,270000,259000,267500,128841,0.02294455066921608
2023-09-18,265000,267500,262500,263000,50350,-0.016822429906542036
2023-09-19,263000,271000,263000,269000,85542,0.02281368821292773
2023-09-20,269000,269000,264000,265500,58035,-0.013011152416356864
2023-09-21,267500,274500,262000,263500,105162,-0.007532956685499026
2023-09-22,262500,272000,262500,268500,92656,0.018975332068311257
2023-09-25,266500,271000,264500,267000,124203,-0.005586592178770999
2023-09-26,264500,268000,262000,267000,74258,0.0
2023-09-27,265000,266000,257000,260500,111855,-0.02434456928838946
2023-10-04,261500,262500,252500,259500,136849,-0.0038387715930902067
2023-10-05,258000,259500,251500,254500,112438,-0.019267822736030782
2023-10-06,258000,260000,253500,260000,76247,0.0216110019646365
2023-10-10,263000,265000,258000,262500,100535,0.009615384615384581
2023-10-11,263500,267500,253500,257500,152205,-0.01904761904761909
2023-10-12,258500,259500,254500,258000,88391,0.001941747572815622
2023-10-13,255500,260500,255500,258000,71133,0.0
2023-10-16,257500,261500,256000,260500,70102,0.009689922480620172
2023-10-17,262000,262000,255000,257000,86879,-0.013435700575815779
2023-10-18,258000,266500,257000,266000,91448,0.035019455252918386
2023-10-19,264000,265000,260000,261000,79127,-0.018796992481203034
2023-10-20,261000,263000,258000,260000,82609,-0.003831417624521105
2023-10-23,261500,261500,254000,255500,48696,-0.017307692307692357
2023-10-24,257500,258000,251000,251500,47966,-0.015655577299412915
2023-10-25,253000,261500,252000,259500,75950,0.031809145129224614
2023-10-26,260500,260500,254500,258500,71567,-0.003853564547206201
2023-10-27,259000,259000,250500,251000,69069,-0.029013539651837505
2023-10-30,250500,254500,247500,252500,59725,0.005976095617529875
2023-10-31,255000,262000,254000,258500,68247,0.023762376237623783
2023-11-01,259500,262000,256500,260000,65475,0.005802707930367523
2023-11-02,260500,264000,253000,253500,98310,-0.025000000000000022
2023-11-03,254000,254000,234000,248500,141534,-0.01972386587771202
2023-11-06,249000,263000,244000,263000,154502,0.05835010060362178
2023-11-07,256500,256500,244000,248000,101477,-0.057034220532319435
2023-11-08,249500,250000,241000,244000,90698,-0.016129032258064502
2023-11-09,242000,249500,239000,248500,82957,0.018442622950819665
2023-11-10,246500,250000,245500,250000,45118,0.006036217303822866
2023-11-13,250500,253000,248500,251500,85193,0.006000000000000005
2023-11-14,254000,255500,247500,248500,72634,-0.011928429423459286
2023-11-15,248500,250000,239000,245500,153942,-0.012072434607645843
2023-11-16,247000,249500,245500,249500,84014,0.016293279022403295
2023-11-17,250500,252000,245000,245000,56416,-0.018036072144288595
2023-11-20,246000,251500,245000,249500,45697,0.01836734693877551
2023-11-21,251500,251500,247500,248500,57005,-0.004008016032064132
2023-11-22,248000,254000,248000,254000,44417,0.02213279678068414
2023-11-23,254000,264000,253500,262000,79321,0.03149606299212593
2023-11-24,263000,268500,261000,261500,74308,-0.001908396946564861
2023-11-27,264000,266000,260500,265000,68360,0.013384321223709472
2023-11-28,267500,272000,265000,271000,98577,0.02264150943396226
2023-11-29,267000,268500,261000,262000,58997,-0.03321033210332103
2023-11-30,261000,263000,255000,260000,181267,-0.007633587786259555
2023-12-01,258500,260000,255000,257500,52261,-0.009615384615384581
2023-12-04,257500,260000,256000,257500,39099,0.0
2023-12-05,259000,261000,254500,260500,64630,0.011650485436893288
2023-12-06,263500,269000,260500,266000,60982,0.02111324376199608
2023-12-07,263000,263500,256000,256000,74783,-0.03759398496240607
2023-12-08,258000,258500,252000,252500,72120,-0.013671875
2023-12-11,254000,255000,250500,253000,46949,0.001980198019801982
2023-12-12,255000,258500,253500,255000,70092,0.007905138339920903
2023-12-13,255500,259000,253500,255000,42582,0.0
2023-12-14,256000,256000,250500,255000,127149,0.0
2023-12-15,255000,260000,254500,260000,138296,0.019607843137254832
2023-12-18,257500,259500,253500,254000,54757,-0.023076923076923106
2023-12-19,253000,253500,250000,252000,81173,-0.007874015748031482
2023-12-20,254000,257000,253500,255000,59364,0.011904761904761862
2023-12-21,254500,257000,254500,257000,78299,0.007843137254901933
2023-12-22,257500,257500,254500,255500,38517,-0.005836575875486361
2023-12-26,257500,260000,255500,258000,62956,0.009784735812133016
2023-12-27,255000,257000,253000,257000,36943,-0.003875968992248069
2023-12-28,255000,263000,254000,263000,66221,0.023346303501945442
2024-01-02,259000,261000,256000,260000,43559,-0.011406844106463865
2024-01-03,258500,260000,253500,253500,85079,-0.025000000000000022
2024-01-04,252000,253000,250000,250000,73018,-0.013806706114398382
2024-01-05,251000,252500,246500,248000,58014,-0.008000000000000007
2024-01-08,249500,250500,247000,248000,33389,0.0
2024-01-09,250500,254000,247500,248500,53449,0.002016129032258007
2024-01-10,248000,249500,245500,245500,30625,-0.012072434607645843
2024-01-11,247000,250000,246000,247500,59031,0.008146639511201537
2024-01-12,249000,255000,247500,254500,63706,0.028282828282828243
2024-01-15,254500,258500,253000,257000,38753,0.00982318271119853
2024-01-16,254000,254500,250000,250000,49217,-0.027237354085603127
2024-01-17,248000,250000,243000,243500,85391,-0.026000000000000023
2024-01-18,240500,243000,235000,237000,125612,-0.026694045174537995
2024-01-19,237000,238000,231000,231500,123609,-0.02320675105485237
2024-01-22,232500,236500,231000,234000,47858,0.010799136069114423
2024-01-23,236000,236500,234000,236000,51213,0.008547008547008517
2024-01-24,236500,241000,234000,237000,63878,0.004237288135593209
2024-01-25,235500,241500,232000,241000,71477,0.016877637130801704
2024-01-26,239000,244000,238000,241000,40286,0.0
2024-01-29,240500,251500,240000,247500,85638,0.026970954356846377
2024-01-30,249000,257000,248500,255000,103714,0.030303030303030276
2024-01-31,255000,264500,253000,264000,97131,0.03529411764705892
2024-02-01,267000,298000,265000,289500,315038,0.09659090909090917
2024-02-02,292000,301000,287500,299000,176113,0.032815198618307395
2024-02-05,302000,305500,288500,298500,149815,-0.0016722408026755842
2024-02-06,291500,301000,291500,293000,137825,-0.018425460636515956
2024-02-07,292500,305000,291000,302500,138128,0.03242320819112621
2024-02-08,304500,333000,303000,333000,327364,0.1008264462809918
2024-02-13,333000,340000,313500,319000,203165,-0.042042042042042094
2024-02-14,316500,318500,295000,295500,165439,-0.07366771159874608
2024-02-15,297000,298500,290500,292000,102807,-0.011844331641285955
2024-02-16,294000,307000,291500,304000,111466,0.041095890410958846
2024-02-19,304000,319500,303500,317500,130511,0.044407894736842035
2024-02-20,317000,317500,299000,303000,121515,-0.04566929133858266
2024-02-21,299000,306500,297500,302000,126460,-0.0033003300330033403
2024-02-22,305500,306000,296000,301000,80186,-0.0033112582781457123
2024-02-23,304500,321500,304500,308500,123013,0.024916943521594792
2024-02-26,305000,308000,292500,300000,127261,-0.027552674230145846
2024-02-27,297500,298500,292000,293500,80944,-0.021666666666666612
2024-02-28,293500,297000,286500,291000,107979,-0.008517887563884163
2024-02-29,290500,301500,285500,298000,181620,0.02405498281786933
2024-03-04,295000,306500,288000,305000,126402,0.02348993288590595
2024-03-05,298500,313500,298500,303500,151407,-0.004918032786885296
2024-03-06,301000,303500,295500,299000,100177,-0.014827018121911006
2024-03-07,299000,308500,297500,306500,89914,0.025083612040133874
2024-03-08,309500,322000,305000,310000,165143,0.011419249592169667
2024-03-11,307500,317500,305000,316000,72706,0.019354838709677358
2024-03-12,319000,319500,304500,307000,125363,-0.02848101265822789
2024-03-13,309000,314000,306500,309500,85078,0.008143322475570036
2024-03-14,308500,319000,298500,316500,192951,0.022617124394184174
2024-03-15,313500,321000,308000,309500,287442,-0.02211690363349128
2024-03-18,312500,314000,301500,314000,107606,0.01453957996768973
2024-03-19,309500,315500,307500,307500,99130,-0.02070063694267521
2024-03-20,312000,325500,310500,315500,130049,0.026016260162601723
2024-03-21,319000,345000,319000,343000,222949,0.08716323296354989
2024-03-22,337500,346000,330000,335000,135910,-0.023323615160349864
2024-03-25,335500,342000,331000,334000,121753,-0.0029850746268657025
2024-03-26,322000,325500,314500,315000,178633,-0.05688622754491013
2024-03-27,312000,316500,305500,307000,138787,-0.025396825396825418
2024-03-28,308000,313000,307000,309000,105969,0.006514657980456029
2024-03-29,307000,311000,305000,306000,59395,-0.009708737864077666
2024-04-01,310500,314000,303000,305000,61336,-0.0032679738562091387
2024-04-02,301500,315000,301000,310000,93947,0.016393442622950838
2024-04-03,307000,310500,299000,301500,120249,-0.02741935483870972
2024-04-04,304500,305000,299000,302000,75632,0.0016583747927032544
2024-04-05,303000,307000,296500,300000,81482,-0.0066225165562914245
2024-04-08,304000,314000,301500,308000,102655,0.026666666666666616
2024-04-09,315000,318500,306000,306500,70239,-0.004870129870129913
2024-04-11,297500,301500,288500,295000,198945,-0.037520391517128826
2024-04-12,291000,291500,280500,288500,158726,-0.02203389830508473
2024-04-15,287500,290000,278500,289500,62257,0.0034662045060658286
2024-04-16,289500,290500,278500,282000,156133,-0.025906735751295318
2024-04-17,285000,286500,275000,277000,69900,-0.01773049645390068
2024-04-18,278000,280500,275000,277000,79332,0.0
2024-04-19,282000,283000,272500,277500,137845,0.0018050541516245744
2024-04-22,282000,303000,282000,300500,145388,0.08288288288288292
2024-04-23,309000,312000,301000,308000,126448,0.024958402662229595
2024-04-24,304000,308500,297500,297500,69670,-0.03409090909090906
2024-04-25,295000,303500,292500,299500,50561,0.006722689075630228
2024-04-26,302000,318000,300000,311500,83057,0.04006677796327218
2024-04-29,304500,315000,303500,309500,78462,-0.006420545746388395
2024-04-30,309000,317500,308500,310000,112554,0.001615508885298933
2024-05-02,303500,310500,300000,301000,90932,-0.029032258064516148
2024-05-03,302500,309500,301000,301000,54230,0.0
2024-05-07,309000,311500,304000,310000,78689,0.029900332225913706
2024-05-08,312500,317500,310500,316000,63453,0.019354838709677358
2024-05-09,317500,317500,311500,316000,79348,0.0
2024-05-10,319000,331000,316500,326500,92012,0.03322784810126578
2024-05-13,334000,339000,329500,335500,62382,0.027565084226646164
2024-05-14,329500,342000,326000,336500,116911,0.0029806259314455463
2024-05-16,338000,375000,338000,370000,293197,0.09955423476968805
2024-05-17,373000,380000,365500,371000,139260,0.002702702702702675
2024-05-20,365500,374500,362500,373500,79439,0.006738544474393482
2024-05-21,368500,374000,367000,374000,74858,0.0013386880856760541
2024-05-22,367000,368500,343500,344000,182467,-0.0802139037433155
2024-05-23,337500,350000,332000,347500,98905,0.01017441860465107
2024-05-24,337500,340000,329000,335000,136211,-0.03597122302158273
2024-05-27,336000,349000,336000,342000,107718,0.020895522388059806
2024-05-28,338000,347000,337500,344000,40053,0.005847953216374213
2024-05-29,337500,344000,336000,341000,69362,-0.008720930232558155
2024-05-30,337000,345000,332500,341500,58553,0.0014662756598240456
2024-05-31,348500,356000,341000,348500,151102,0.020497803806734938
2024-06-03,358500,364000,349500,357000,78564,0.024390243902439046
2024-06-04,353500,354500,339500,343000,82287,-0.039215686274509776
2024-06-05,343000,349000,337500,343500,66697,0.001457725947521915
2024-06-07,344500,354000,341000,343000,80938,-0.0014556040756914523
2024-06-10,337500,345000,330500,337500,77089,-0.01603498542274051
2024-06-11,341000,345000,333000,334500,78374,-0.008888888888888835
2024-06-12,334000,338000,331000,334500,86340,0.0
2024-06-13,331500,340500,330500,330500,203328,-0.01195814648729443
2024-06-14,329000,336000,324000,333000,70214,0.0075642965204236745
2024-06-17,333000,338500,333000,335500,58173,0.007507507507507505
2024-06-18,337500,338000,327000,334000,53901,-0.0044709388971684305
2024-06-19,337000,347000,334000,344500,91402,0.0314371257485031
2024-06-20,342000,361000,340000,360000,105457,0.044992743105950694
2024-06-21,367000,370000,358500,369000,142672,0.02499999999999991
2024-06-24,369000,369000,349500,351500,86042,-0.04742547425474253
2024-06-25,355000,358000,352000,357500,101699,0.017069701280227667
2024-06-26,347500,373500,347500,373500,104756,0.04475524475524484
2024-06-27,370000,377000,368000,377000,73828,0.009370816599732157
2024-06-28,381500,393500,378500,389000,103060,0.03183023872679036
2024-07-01,383500,389000,370000,372000,84870,-0.04370179948586117
2024-07-02,361000,375500,359000,368500,124547,-0.009408602150537626
2024-07-03,371500,375000,366000,368500,63052,0.0
2024-07-04,374000,393000,370000,375000,122254,0.01763907734056991
2024-07-05,383000,386500,376500,382000,179407,0.01866666666666661
2024-07-08,372000,376500,368000,368000,71881,-0.03664921465968585
2024-07-09,371500,371500,359000,366000,87726,-0.005434782608695676
2024-07-10,374500,385000,369000,378000,100745,0.032786885245901676
2024-07-11,378000,388000,376000,388000,115695,0.02645502645502651
2024-07-12,374500,382500,369000,382000,153904,-0.015463917525773141
2024-07-15,390000,390000,370000,371500,91304,-0.027486910994764413
2024-07-16,370000,373500,365000,370000,95921,-0.004037685060565233
2024-07-17,369000,371000,360000,367500,121376,-0.006756756756756799
2024-07-18,371000,373000,362000,367000,78749,-0.0013605442176870541
2024-07-19,371500,372500,359000,363000,85916,-0.010899182561307952
2024-07-22,363000,371000,361500,366500,79008,0.009641873278236845
2024-07-23,372000,373500,365500,365500,48213,-0.0027285129604365244
2024-07-24,362000,365500,352000,356000,87852,-0.025991792065663488
2024-07-25,359500,362500,345000,347000,73418,-0.0252808988764045
2024-07-26,352000,359500,349500,352500,84381,0.015850144092218965
2024-07-29,352500,360000,352000,353500,66898,0.0028368794326241176
2024-07-30,353000,362500,348000,360000,63841,0.018387553041018467
2024-07-31,362000,376000,361000,372500,95051,0.03472222222222232
2024-08-01,366500,374500,354000,374500,77475,0.005369127516778427
2024-08-02,365000,365500,351000,364000,71859,-0.028037383177570097
2024-08-05,350000,352000,324000,328000,119256,-0.09890109890109888
2024-08-06,349000,349500,331500,333500,96359,0.0167682926829269
2024-08-07,335000,358000,333000,356000,92462,0.06746626686656665
2024-08-08,352000,354500,343500,349000,120507,-0.0196629213483146
2024-08-09,347500,354500,345500,351000,69412,0.005730659025787954
2024-08-12,355500,357000,350000,354500,48598,0.009971509971509862
2024-08-13,351500,364500,351500,360000,78876,0.015514809590973178
2024-08-14,360000,364000,335000,336500,153543,-0.06527777777777777
2024-08-16,339500,343000,334500,341000,114835,0.013372956909361022
2024-08-19,341000,350500,339500,346500,87346,0.016129032258064502
2024-08-20,347500,362000,344000,356000,97387,0.02741702741702734
2024-08-21,355500,358500,346000,352000,72475,-0.011235955056179803
2024-08-22,352000,353500,345000,352500,65380,0.0014204545454545858
2024-08-23,354500,361000,352500,356000,99785,0.0099290780141843
2024-08-26,354000,359500,352000,353500,48030,-0.0070224719101124045
2024-08-27,356000,356500,342500,346500,64009,-0.01980198019801982
2024-08-28,347500,353500,341000,341000,66464,-0.015873015873015928
2024-08-29,342500,353000,334500,344500,89835,0.01026392961876832
2024-08-30,349500,350000,344000,346500,116474,0.005805515239477588
2024-09-02,345500,361000,343000,360000,132202,0.03896103896103886
2024-09-03,362000,383500,360000,377000,146605,0.047222222222222276
2024-09-04,368000,372000,362500,366500,107740,-0.02785145888594165
2024-09-05,369000,369500,359000,359000,70527,-0.02046384720327421
2024-09-06,361000,361500,349000,352000,57387,-0.01949860724233987
2024-09-09,349500,355500,341500,345500,68450,-0.01846590909090906
2024-09-10,344000,349000,338000,347000,81790,0.004341534008682979
2024-09-11,350000,351000,337000,343000,80546,-0.011527377521613813
2024-09-12,345000,350500,339000,350500,112789,0.02186588921282806
2024-09-13,353500,358000,347500,357500,73335,0.0199714693295292
2024-09-19,350000,366500,347000,366500,136395,0.025174825174825166
2024-09-20,362000,369500,357000,369500,173001,0.008185538881309684
2024-09-23,373000,375000,353000,359000,83345,-0.02841677943166443
2024-09-24,360500,362000,351500,362000,93620,0.008356545961002881
2024-09-25,363500,365000,345000,345000,131731,-0.046961325966850875
2024-09-26,347000,361000,347000,356000,115447,0.03188405797101446
2024-09-27,353000,360000,352500,352500,82557,-0.0098314606741573
2024-09-30,355000,356000,344500,344500,111936,-0.02269503546099294
2024-10-02,337500,341000,332000,333500,135454,-0.03193033381712629
2024-10-04,338000,342500,331000,335000,112470,0.004497751124437732
2024-10-07,336000,338500,332500,336500,79523,0.004477611940298498
2024-10-08,331500,332500,324500,327500,106499,-0.026745913818722156
2024-10-10,335000,341000,332000,334000,130078,0.01984732824427482
2024-10-11,337000,340000,335000,336000,63883,0.0059880239520957446
2024-10-14,335000,356000,335000,351000,144747,0.044642857142857206
2024-10-15,349000,354000,348500,354000,85553,0.008547008547008517
2024-10-16,350500,355500,346000,352500,87553,-0.004237288135593209
2024-10-17,355000,356000,346500,348000,80832,-0.012765957446808529
2024-10-18,347500,353500,346000,352500,73210,0.012931034482758674
2024-10-21,353500,356000,348000,349000,106586,-0.009929078014184411
2024-10-22,351000,362000,349500,359000,194511,0.02865329512893977
2024-10-23,357000,366500,356000,365500,112570,0.01810584958217265
2024-10-24,362500,362500,345000,346500,205904,-0.051983584131326976
2024-10-25,349000,358500,346500,356500,133395,0.02886002886002892
2024-10-28,357500,359500,349500,353500,63016,-0.008415147265077194
2024-10-29,353500,358000,352000,355500,214691,0.005657708628005631
2024-10-30,358000,358000,343000,346500,116743,-0.025316455696202556
2024-10-31,345500,346000,336500,336500,151977,-0.028860028860028808
2024-11-01,336000,346500,335000,344000,68592,0.022288261515601704
2024-11-04,341000,345000,338500,343500,61248,-0.0014534883720930258
2024-11-05,339500,346500,336500,346000,68955,0.00727802037845704
2024-11-06,349500,352000,339500,351500,75774,0.01589595375722541
2024-11-07,346000,351500,342500,342500,61584,-0.02560455192034139
2024-11-08,345500,347500,342000,345000,39873,0.007299270072992803
2024-11-11,340500,351000,340500,348500,56223,0.010144927536231974
2024-11-12,345500,353500,344000,344000,87449,-0.012912482065997155
2024-11-13,342500,346000,335500,336000,94661,-0.023255813953488413
2024-11-14,340000,340500,331500,335500,120667,-0.0014880952380952328
2024-11-15,336500,340000,331500,334000,55776,-0.0044709388971684305
2024-11-18,332000,370500,332000,369000,171975,0.10479041916167664
2024-11-19,365000,368000,362500,364500,133019,-0.012195121951219523
2024-11-20,360000,376500,359500,374000,96507,0.026063100137174278
2024-11-21,374500,375000,369000,371500,193293,-0.006684491978609652
2024-11-22,378500,389000,376000,381000,223943,0.025572005383580176
2024-11-25,387500,387500,371000,375000,205248,-0.015748031496062964
2024-11-26,370500,375500,368000,370000,50450,-0.013333333333333308
2024-11-27,370500,395000,370000,387500,121300,0.04729729729729737
2024-11-28,386000,391500,384000,387000,70805,-0.001290322580645209
2024-11-29,389500,394500,383000,392500,153356,0.01421188630490966
2024-12-02,398500,402500,394500,397500,123758,0.01273885350318471
2024-12-03,401500,435000,401000,435000,176469,0.09433962264150941
2024-12-04,418000,421500,402500,413500,235861,-0.04942528735632179
2024-12-05,403000,408000,390000,392000,221387,-0.051995163240628806
2024-12-06,374000,388500,374000,378500,260279,-0.034438775510204134
2024-12-09,372500,375000,364500,365000,148217,-0.03566710700132103
2024-12-10,366000,368000,359000,364000,137752,-0.002739726027397249
2024-12-11,360500,376500,360500,370500,190070,0.017857142857142794
2024-12-12,373500,379000,370000,372000,160100,0.004048582995951344
2024-12-13,371500,371500,365000,368000,89769,-0.010752688172043001
2024-12-16,370000,374000,360000,361500,89140,-0.017663043478260865
2024-12-17,358000,366000,356000,360500,151357,-0.0027662517289073207
2024-12-18,363000,372000,362500,366500,83282,0.01664355062413314
2024-12-19,358000,371500,353500,369000,107851,0.006821282401091366
2024-12-20,365000,367500,357500,361000,197015,-0.02168021680216803
2024-12-23,364000,373000,363000,372000,51762,0.030470914127423754
2024-12-24,370500,371500,368000,370000,46360,-0.005376344086021501
2024-12-26,370000,372000,366000,370000,50233,0.0
2024-12-27,364500,369000,361000,365000,38926,-0.013513513513513487
2024-12-30,359000,367000,357500,358500,42252,-0.017808219178082174
2025-01-02,356000,363500,355000,355500,56023,-0.008368200836820106
2025-01-03,356000,364500,355000,356500,74387,0.002812939521800173
2025-01-06,360000,365000,351500,365000,80324,0.02384291725105192
2025-01-07,368000,371000,357000,358000,91563,-0.019178082191780854
2025-01-08,355000,361500,354500,359000,57958,0.0027932960893854997
2025-01-09,358000,369000,357500,361000,77491,0.0055710306406684396
2025-01-10,359000,363000,354500,354500,69206,-0.018005540166205036
2025-01-13,355500,360000,351000,359500,93783,0.014104372355430161
2025-01-14,357500,362000,356500,358500,65363,-0.0027816411682892728
2025-01-15,361500,369500,355500,358000,96376,-0.001394700139469962
2025-01-16,360500,371500,358500,370000,84992,0.033519553072625774
2025-01-17,367000,372000,362500,365500,60382,-0.012162162162162149
2025-01-20,365500,370000,356500,358000,76360,-0.020519835841313228
2025-01-21,360000,360500,354000,355000,58112,-0.008379888268156388
2025-01-22,354000,356000,342500,344500,128716,-0.029577464788732355
2025-01-23,347000,350500,342000,342000,92061,-0.007256894049346929
2025-01-24,344500,347000,340000,341500,89258,-0.0014619883040936088
2025-01-31,350000,383500,348000,381500,272051,0.1171303074670571
2025-02-03,370500,375000,366500,373500,140953,-0.020969855832241202
2025-02-04,379000,383000,369000,370000,150434,-0.009370816599732268
2025-02-05,373500,379500,361500,361500,115425,-0.02297297297297296
2025-02-06,363500,372500,361000,372500,128537,0.030428769017980528
2025-02-07,369000,374000,367000,370000,63895,-0.006711409395973145
2025-02-10,369500,372500,366000,366000,99049,-0.010810810810810811
2025-02-11,369500,370000,365500,367500,47216,0.004098360655737654
2025-02-12,363500,376000,363500,373500,115460,0.01632653061224487
2025-02-13,368000,370000,354000,358500,265042,-0.04016064257028118
2025-02-14,363000,393500,362000,392000,238237,0.0934449093444909
2025-02-17,392000,427500,389500,425000,212310,0.08418367346938771
2025-02-18,408500,413500,398500,404000,167273,-0.04941176470588238
2025-02-19,399500,412000,399000,403000,104249,-0.0024752475247524774
2025-02-20,403500,413500,394000,396000,111448,-0.017369727047146455
2025-02-21,396000,396000,388000,389500,72004,-0.016414141414141437
2025-02-24,385000,395500,383000,388000,80703,-0.0038510911424903815
2025-02-25,384000,391500,381000,387000,69735,-0.002577319587628857
2025-02-26,391000,400000,388000,393500,69020,0.01679586563307489
2025-02-27,394000,394000,385000,391000,52682,-0.006353240152477735
2025-02-28,391000,391000,381500,382500,166189,-0.021739130434782594
2025-03-04,378000,388000,378000,382500,54895,0.0
2025-03-05,389000,398500,379000,387500,82538,0.013071895424836555
2025-03-06,386000,388000,374500,386000,89012,-0.003870967741935516
2025-03-07,386000,386500,372500,372500,139336,-0.03497409326424872
2025-03-10,369000,396500,369000,396500,90915,0.06442953020134223
2025-03-11,391500,394500,385500,391500,79701,-0.01261034047919296
2025-03-12,395000,398500,388500,394500,82752,0.00766283524904221
2025-03-13,391500,398000,381500,387500,105647,-0.017743979721166037
2025-03-14,389500,390000,376000,377000,77786,-0.02709677419354839
2025-03-17,380500,388000,379500,388000,57489,0.02917771883289122
2025-03-18,393000,395000,389000,394500,52183,0.01675257731958757
2025-03-19,394500,398000,393000,397500,84233,0.0076045627376426506
2025-03-20,400500,405500,393500,397000,73665,-0.0012578616352201255
2025-03-21,391500,397500,389500,390500,82233,-0.016372795969773257
2025-03-24,390500,395000,388000,391000,44919,0.001280409731113874
2025-03-25,377500,378500,370500,372500,84078,-0.04731457800511507
2025-03-26,371000,371000,359500,359500,104823,-0.03489932885906044
2025-03-27,356000,363000,356000,358000,96915,-0.004172461752433909
2025-03-28,358000,358000,352000,357000,117308,-0.0027932960893854997
2025-03-31,355500,359000,353500,357500,62227,0.0014005602240896309
2025-04-01,356500,365000,355500,361000,57033,0.009790209790209836
2025-04-02,367000,367000,357500,361500,67091,0.0013850415512466352
2025-04-03,354000,357500,349000,357000,60181,-0.012448132780082943
2025-04-04,354000,358000,350000,353500,56015,-0.009803921568627416
2025-04-07,341500,346000,334500,344500,95862,-0.02545968882602545
2025-04-08,350000,352000,337000,343000,208648,-0.004354136429608135
2025-04-09,343000,343000,327000,327500,109793,-0.04518950437317781
2025-04-10,340000,352000,336000,352000,68775,0.07480916030534357
2025-04-11,342000,346500,337500,342500,86675,-0.026988636363636354
2025-04-14,341500,351500,341500,348500,63177,0.01751824817518255
2025-04-15,349000,352000,346000,351000,57405,0.007173601147776099
2025-04-16,352000,356000,348500,350500,54106,-0.0014245014245014564
2025-04-17,352000,354000,348500,352500,65466,0.005706134094151105
2025-04-18,351500,354500,350000,352000,16801,-0.0014184397163120588
2025-04-21,352000,354500,348500,354500,18311,0.007102272727272707
2025-04-22,355500,360000,353000,357000,54143,0.007052186177715081
2025-04-23,367000,367500,359000,361000,52900,0.011204481792717047
2025-04-24,358500,362000,358000,362000,34841,0.0027700831024930483
2025-04-25,362000,365000,360000,360500,38979,-0.004143646408839796
2025-04-28,359000,365000,359000,364000,43137,0.009708737864077666
2025-04-29,364000,371000,362500,369000,52991,0.013736263736263687
2025-04-30,372000,377500,370000,374500,108573,0.01490514905149043
2025-05-02,382000,385000,372000,377000,94438,0.006675567423231055
2025-05-07,403000,403000,371500,377000,90936,0.0
2025-05-08,374000,381500,374000,378000,69869,0.0026525198938991412
2025-05-09,374000,379500,374000,375500,51665,-0.006613756613756627
2025-05-12,376000,382000,374000,382000,48888,0.017310252996005415
2025-05-13,374500,378500,374000,377500,100636,-0.011780104712041939
2025-05-14,376500,379500,370000,378000,77330,0.0013245033112583293
2025-05-15,371500,376500,367500,370000,89585,-0.021164021164021163
2025-05-16,367500,371500,367000,370000,40400,0.0
2025-05-19,369500,377500,369000,371500,70490,0.004054054054054124
2025-05-20,375000,375500,371500,374500,66899,0.008075370121130465
2025-05-21,377000,379000,368500,373500,95995,-0.002670226969292422
2025-05-22,375000,382000,363000,363500,119446,-0.02677376171352075
2025-05-23,367500,382000,363000,380000,99171,0.0453920220082531
2025-05-26,383000,398000,381500,398000,94917,0.047368421052631504
2025-05-27,393000,399000,390500,395000,62140,-0.007537688442211032
2025-05-28,391000,395500,386000,391500,70837,-0.008860759493670933
2025-05-29,393000,402000,388500,399500,99415,0.020434227330779153
2025-05-30,395500,404500,395500,404500,247976,0.01251564455569465
2025-06-02,400000,403500,386000,388000,81302,-0.040791100123609425
2025-06-04,396000,426000,392000,425500,162127,0.09664948453608257
2025-06-05,425000,447000,418000,445500,187803,0.047003525264394774
2025-06-09,446500,466000,441000,444500,267876,-0.002244668911335568
2025-06-10,440000,446000,429500,434000,199749,-0.023622047244094446
2025-06-11,429500,444500,429500,440000,116166,0.01382488479262678
2025-06-12,429000,442500,427000,439000,270622,-0.002272727272727315
2025-06-13,429500,440500,424000,436500,131674,-0.005694760820045608
2025-06-16,443000,445500,431000,444500,66222,0.01832760595647187
2025-06-17,438000,452500,435000,444500,62789,0.0
2025-06-18,435500,439000,421000,422500,154537,-0.04949381327334079
2025-06-19,424000,432500,424000,428000,127402,0.013017751479289963
2025-06-20,431000,432500,424000,428500,98501,0.001168224299065379
2025-06-23,424000,429500,420000,425500,87663,-0.007001166861143493
2025-06-24,429500,445000,428000,444000,128263,0.04347826086956519
2025-06-25,447000,453000,438000,440500,88585,-0.007882882882882858
2025-06-26,440000,442500,430000,441500,72305,0.002270147559591429
2025-06-27,439000,439000,431000,435000,85938,-0.014722536806342057
2025-06-30,441000,448000,434000,434000,76620,-0.0022988505747126853
2025-07-01,438500,456500,437500,439500,119538,0.012672811059907918
2025-07-02,430000,444000,429000,439500,76958,0.0
2025-07-03,441500,446000,434500,441000,61305,0.0034129692832765013
2025-07-04,438000,442500,432000,432500,53616,-0.019274376417233507
2025-07-07,437000,441500,430000,440500,156610,0.018497109826589586
2025-07-08,444500,465000,440000,463000,118188,0.05107832009080582
2025-07-09,465000,479500,462500,478500,120493,0.03347732181425478
2025-07-10,474500,481000,469000,471000,140880,-0.01567398119122254
2025-07-11,466000,473500,463000,473000,109234,0.00424628450106157
2025-07-14,476000,526000,476000,518000,169547,0.09513742071881603
2025-07-15,500000,505000,478000,485500,316382,-0.06274131274131278
2025-07-16,475500,481500,468500,470000,211613,-0.03192584963954681
2025-07-17,475000,479000,470000,477500,187761,0.015957446808510634
2025-07-18,480500,485000,460000,466500,83245,-0.023036649214659644
2025-07-21,462000,466500,453500,461500,146685,-0.010718113612004254
2025-07-22,462000,474500,459500,463000,119264,0.003250270855904569
2025-07-23,465500,466000,458000,463000,186461,0.0
2025-07-24,470000,470000,452000,456000,146180,-0.015118790496760237
2025-07-25,451000,461000,451000,456000,59932,0.0
2025-07-28,451500,452500,434000,435500,142685,-0.04495614035087714
2025-07-29,431000,441000,430500,439000,110264,0.008036739380022917
2025-07-30,435000,444500,435000,444000,78901,0.011389521640091216
2025-07-31,440000,448500,437500,440500,61396,-0.007882882882882858
2025-08-01,432000,436500,417000,418500,80913,-0.049943246311010214
2025-08-04,414500,421500,412000,417500,56066,-0.002389486260453988
2025-08-05,420000,435000,419500,434000,84618,0.03952095808383227
2025-08-06,434000,439000,431500,437500,50728,0.008064516129032251
2025-08-07,436500,443000,435500,443000,43844,0.012571428571428678
2025-08-08,438000,441000,432000,433500,65535,-0.021444695259593693
2025-08-11,446500,446500,435000,438500,56546,0.011534025374855927
2025-08-12,436500,446000,436000,440500,51072,0.004561003420752607
2025-08-13,441000,445500,430500,438500,87878,-0.004540295119182747
2025-08-14,442500,447000,432750,441000,99685,0.005701254275940704
2025-08-18,440000,446000,436000,441000,83872,0.0
2025-08-19,449500,449500,437000,443000,69208,0.0045351473922903285
2025-08-20,446000,446000,432000,439500,69263,-0.007900677200902928
2025-08-21,442500,451500,438500,442000,90160,0.005688282138794021
2025-08-22,442500,449000,440000,443000,116313,0.002262443438914019
2025-08-25,444000,445000,439000,441000,72845,-0.004514672686230292
2025-08-26,438500,440500,432500,436500,203587,-0.010204081632653073
2025-08-27,437500,440500,435500,440000,80225,0.008018327605956443
2025-08-28,437500,458000,437000,452000,155216,0.027272727272727337
2025-08-29,452500,453500,443000,444000,68972,-0.017699115044247815
2025-09-01,447500,457500,444000,454000,75806,0.022522522522522515
2025-09-02,453500,461000,453000,459500,114746,0.012114537444933848
2025-09-03,465500,467500,454000,457000,141127,-0.005440696409140355
2025-09-04,451000,456500,445500,453000,72896,-0.008752735229759279
2025-09-05,449000,460500,449000,457500,82698,0.009933774834437026
2025-09-08,465000,465000,456500,460000,93912,0.005464480874316946
2025-09-09,462500,468000,458500,465500,112792,0.011956521739130421
2025-09-10,461500,476000,461000,472000,151215,0.013963480128893702
2025-09-11,467500,473000,463000,473000,150946,0.0021186440677967155
2025-09-12,474500,476500,468000,470000,80699,-0.006342494714587699
2025-09-15,470000,471500,465500,470000,92955,0.0
2025-09-16,467500,470000,460000,464500,93652,-0.011702127659574457
2025-09-17,460500,464500,448000,449000,158487,-0.03336921420882666
2025-09-18,450500,455000,446500,455000,82936,0.013363028953229383
2025-09-19,450000,455000,450000,454500,146641,-0.001098901098901095
2025-09-22,454500,459500,453500,457500,40968,0.0066006600660066805
2025-09-23,453000,459000,453000,458500,63530,0.002185792349726823
2025-09-24,459500,459500,450000,453000,81245,-0.01199563794983638
2025-09-25,453500,460500,448500,450000,76721,-0.0066225165562914245
2025-09-26,450000,456500,449000,451000,75425,0.0022222222222221255
2025-09-29,458000,465000,456000,461000,89888,0.022172949002217335
2025-09-30,457500,459500,451500,451500,76604,-0.02060737527114964
2025-10-01,457000,457500,449500,451500,41120,0.0
2025-10-02,454500,455500,450000,450000,123500,-0.0033222591362126463
2025-10-10,448000,460000,441000,451500,114568,0.0033333333333334103
2025-10-13,456000,456000,442500,450000,66550,-0.0033222591362126463
2025-10-14,444000,451000,439500,445000,78237,-0.011111111111111072
2025-10-15,444500,449000,442000,447500,48876,0.00561797752808979
2025-10-16,448500,454000,446000,450500,60862,0.006703910614525244
2025-10-17,446000,448000,436500,436500,99389,-0.031076581576026663
2025-10-20,437000,447000,436500,444500,109493,0.01832760595647187
2025-10-21,446500,457000,446000,454000,114244,0.021372328458942658
2025-10-22,457000,457000,446500,454500,63109,0.0011013215859030367
2025-10-23,455500,463000,450500,454500,127076,0.0
2025-10-24,456000,461500,452000,455500,60094,0.002200220022002153
2025-10-27,450500,457500,449500,452500,71963,-0.00658616904500553
2025-10-28,452500,452500,445000,449000,79941,-0.007734806629834279
2025-10-29,453500,454000,441500,445000,75941,-0.008908685968819552
2025-10-30,441500,455500,441500,446500,71167,0.003370786516853963
2025-10-31,450500,451000,441500,441500,75125,-0.011198208286674172
2025-11-03,438000,446500,437500,442500,54128,0.0022650056625141968
2025-11-04,439000,444500,438000,444500,63584,0.004519774011299438
2025-11-05,447000,469000,443000,469000,144366,0.055118110236220375
2025-11-06,466500,496500,462000,493500,165472,0.052238805970149294
2025-11-07,500000,500000,480000,488000,114316,-0.011144883485309065
2025-11-10,501000,520000,499500,511000,102863,0.04713114754098369
2025-11-11,513000,528000,500000,501000,132482,-0.019569471624266144
2025-11-12,495500,528000,493500,522000,100438,0.041916167664670656
2025-11-13,515000,515000,500000,500000,127043,-0.04214559386973182
2025-11-14,506000,525000,487500,494500,96733,-0.01100000000000001
2025-11-17,490000,498500,474500,476500,112538,-0.03640040444893833
2025-11-18,476000,479500,464000,464000,57756,-0.026232948583420734
2025-11-19,473500,478000,468000,469000,61488,0.010775862068965525
2025-11-20,478500,479000,467000,467000,47037,-0.004264392324093813
2025-11-21,476000,476500,463000,470000,75340,0.0064239828693790635
2025-11-24,475000,481000,464000,473000,187839,0.006382978723404209
