Date,Open,High,Low,Close,Volume,Change
2022-01-03,20600,20600,20200,20600,6157,-0.023696682464455
2022-01-04,20300,20300,19850,20200,8162,-0.01941747572815533
2022-01-05,20000,20000,18900,19100,11076,-0.054455445544554504
2022-01-06,18900,19100,18750,18800,5737,-0.015706806282722474
2022-01-07,19600,19650,19350,19550,7379,0.039893617021276695
2022-01-10,19050,19850,19050,19850,6215,0.01534526854219953
2022-01-11,19650,19950,19500,19550,4963,-0.015113350125944613
2022-01-12,19700,19700,19500,19500,2857,-0.002557544757033292
2022-01-13,19600,19600,18800,19300,3656,-0.01025641025641022
2022-01-14,19400,19550,19000,19350,4085,0.002590673575129543
2022-01-17,20900,24250,20900,24250,89802,0.25322997416020665
2022-01-18,23000,25150,21200,21200,89480,-0.12577319587628866
2022-01-19,22500,23500,21600,23500,67464,0.10849056603773577
2022-01-20,24800,25700,24150,24300,70059,0.03404255319148941
2022-01-21,23000,24200,22150,24200,33757,-0.004115226337448541
2022-01-24,25000,25000,22400,22950,23250,-0.051652892561983466
2022-01-25,24000,24000,21600,24000,27578,0.045751633986928164
2022-01-26,23100,23950,23100,23400,15220,-0.025000000000000022
2022-01-27,22500,22500,22000,22000,12462,-0.05982905982905984
2022-01-28,22200,22350,21550,22000,8659,0.0
2022-02-03,21500,22000,21000,21000,10150,-0.045454545454545414
2022-02-04,20500,22600,20500,21800,15071,0.03809523809523818
2022-02-07,22000,22000,21550,21600,4785,-0.00917431192660545
2022-02-08,21700,22000,21450,21700,6026,0.004629629629629539
2022-02-09,21700,22100,21300,21950,5850,0.011520737327188835
2022-02-10,21950,22000,21300,21300,3627,-0.029612756264236872
2022-02-11,21150,22150,21150,21500,3795,0.009389671361502261
2022-02-14,21050,21050,20500,20500,4688,-0.046511627906976716
2022-02-15,20500,20800,19650,19650,4415,-0.04146341463414638
2022-02-16,20350,20650,19950,19950,2202,0.01526717557251911
2022-02-17,20200,20500,20000,20350,6941,0.020050125313283207
2022-02-18,21850,25500,21850,25500,72393,0.2530712530712531
2022-02-21,23250,23900,22350,22900,34827,-0.10196078431372546
2022-02-22,21200,21900,21200,21300,18529,-0.06986899563318782
2022-02-23,21550,22000,21100,22000,9536,0.032863849765258246
2022-02-24,21300,21300,20500,20500,14363,-0.06818181818181823
2022-02-25,21100,21700,20600,20600,10525,0.004878048780487809
2022-02-28,20000,20350,20000,20250,12354,-0.016990291262135915
2022-03-02,20400,20450,20150,20150,8127,-0.004938271604938316
2022-03-03,24000,24000,20600,21000,35935,0.042183622828784184
2022-03-04,20900,20900,20450,20600,7565,-0.01904761904761909
2022-03-07,20400,20500,20050,20400,16057,-0.009708737864077666
2022-03-08,19500,20050,19500,19850,15598,-0.026960784313725505
2022-03-10,20400,20400,19700,19700,17639,-0.007556675062972307
2022-03-11,20150,21500,20150,20950,18220,0.06345177664974622
2022-03-14,21800,21800,20400,20550,8224,-0.019093078758949833
2022-03-15,20500,20500,19650,19900,7699,-0.031630170316301665
2022-03-16,20100,20350,19750,20350,12716,0.022613065326633208
2022-03-17,20550,20550,20150,20200,4257,-0.0073710073710073765
2022-03-18,20200,20300,20150,20250,3741,0.0024752475247524774
2022-03-21,20500,20500,20300,20300,4909,0.0024691358024691024
2022-03-22,20550,20550,20100,20250,1933,-0.0024630541871921707
2022-03-23,20500,20500,20300,20350,3869,0.004938271604938205
2022-03-24,20350,20400,20000,20400,5322,0.002457002457002533
2022-03-25,20350,20350,20000,20150,5433,-0.01225490196078427
2022-03-28,20400,20900,20400,20800,13321,0.032258064516129004
2022-03-29,20850,21550,20850,21350,28667,0.02644230769230771
2022-03-30,21850,21850,20700,20800,14457,-0.025761124121779888
2022-03-31,20900,21100,20800,21100,6540,0.014423076923076872
2022-04-01,21350,21350,20900,21000,4327,-0.004739336492891044
2022-04-04,21000,21000,20950,21000,5041,0.0
2022-04-05,21100,21100,20950,21050,4289,0.0023809523809523725
2022-04-06,21150,21150,20950,21050,3165,0.0
2022-04-07,22150,22300,21100,21500,26321,0.0213776722090262
2022-04-08,21800,21800,21000,21500,8589,0.0
2022-04-11,21500,21500,21000,21000,5687,-0.023255813953488413
2022-04-12,21200,21200,20600,20950,4833,-0.0023809523809523725
2022-04-13,21500,21500,21000,21150,3407,0.009546539379474916
2022-04-14,21350,21350,21100,21200,3087,0.0023640661938533203
2022-04-15,21200,21200,20800,20800,3589,-0.018867924528301883
2022-04-18,20750,20800,20550,20700,3668,-0.004807692307692291
2022-04-19,20850,20850,20500,20500,3702,-0.009661835748792313
2022-04-20,20400,21150,20300,21050,7880,0.02682926829268295
2022-04-21,21300,21300,20950,21200,5889,0.0071258907363420665
2022-04-22,21100,21150,21000,21150,1618,-0.002358490566037763
2022-04-25,21000,21000,20800,20800,2145,-0.01654846335697402
2022-04-26,20900,21000,20650,20700,2086,-0.004807692307692291
2022-04-27,20500,20650,20400,20400,4106,-0.01449275362318836
2022-04-28,21000,21000,20400,20750,1862,0.017156862745097978
2022-04-29,20750,20850,20700,20850,1210,0.004819277108433662
2022-05-02,20850,21000,20800,20800,829,-0.0023980815347721673
2022-05-03,21000,21000,20700,20800,1457,0.0
2022-05-04,20800,20800,20600,20650,1910,-0.007211538461538436
2022-05-06,20650,20700,20450,20700,2908,0.002421307506053294
2022-05-09,20850,20850,20400,20500,2416,-0.009661835748792313
2022-05-10,20350,20350,20050,20300,4621,-0.009756097560975618
2022-05-11,20150,20150,20050,20100,2374,-0.009852216748768461
2022-05-12,20100,20100,19650,19700,4350,-0.01990049751243783
2022-05-13,19800,20700,19700,20700,3232,0.050761421319796884
2022-05-16,20750,20750,20100,20300,446,-0.019323671497584516
2022-05-17,20300,20350,20050,20250,945,-0.0024630541871921707
2022-05-18,20150,20350,20050,20050,3075,-0.00987654320987652
2022-05-19,19750,20000,19750,20000,1810,-0.0024937655860348684
2022-05-20,19950,20000,19750,19850,1036,-0.007499999999999951
2022-05-23,19550,20250,19550,19850,2829,0.0
2022-05-24,19850,19850,19600,19700,2525,-0.007556675062972307
2022-05-25,19500,19500,19400,19500,2405,-0.010152284263959421
2022-05-26,19550,19550,19250,19250,1724,-0.012820512820512775
2022-05-27,19150,19250,19150,19150,1734,-0.0051948051948051965
2022-05-30,19250,19800,19250,19400,1483,0.01305483028720622
2022-05-31,19750,20200,19450,20150,3130,0.038659793814433074
2022-06-02,20100,20100,19600,19600,1481,-0.027295285359801524
2022-06-03,19700,19950,19600,19650,1012,0.0025510204081633514
2022-06-07,19950,19950,19350,19350,1045,-0.01526717557251911
2022-06-08,19350,19450,19300,19350,2995,0.0
2022-06-09,19200,19400,19200,19200,1344,-0.007751937984496138
2022-06-10,19200,19700,19150,19650,1269,0.0234375
2022-06-13,19250,19300,18750,19100,3134,-0.027989821882951627
2022-06-14,19100,19100,18350,18350,8829,-0.03926701570680624
2022-06-15,18350,18350,17500,17500,2693,-0.0463215258855586
2022-06-16,17600,18000,17600,17950,1272,0.0257142857142858
2022-06-17,17550,17550,16900,17350,1277,-0.03342618384401119
2022-06-20,17350,17350,16550,16800,736,-0.03170028818443804
2022-06-21,16750,16750,16200,16350,1229,-0.0267857142857143
2022-06-22,16400,16400,15600,15850,1489,-0.030581039755351647
2022-06-23,15350,15350,14550,14550,2497,-0.082018927444795
2022-06-24,14600,15100,14600,14600,1818,0.0034364261168384758
2022-06-27,14600,15050,14600,14950,701,0.023972602739726012
2022-06-28,15300,16000,14950,16000,2014,0.07023411371237454
2022-06-29,16450,16450,15400,15550,1153,-0.028124999999999956
2022-06-30,15550,15750,15450,15450,345,-0.006430868167202619
2022-07-01,15500,15500,14750,14750,1624,-0.04530744336569581
2022-07-04,14900,14900,14650,14700,822,-0.003389830508474523
2022-07-05,14700,15000,14700,14950,1098,0.017006802721088343
2022-07-06,15000,15100,14850,15100,1279,0.010033444816053505
2022-07-07,15150,15200,15100,15100,736,0.0
2022-07-08,15250,15250,14900,15000,825,-0.0066225165562914245
2022-07-11,15200,15300,14900,15150,1354,0.010000000000000009
2022-07-12,14700,14750,14550,14550,3418,-0.03960396039603964
2022-07-13,14700,15150,14600,14950,847,0.027491408934707806
2022-07-14,15050,15050,14900,15050,115,0.006688963210702337
2022-07-15,15050,15050,14750,14750,219,-0.019933554817275767
2022-07-18,14900,15050,14850,15000,501,0.016949152542372836
2022-07-19,15100,16500,15100,16200,3761,0.08000000000000007
2022-07-20,16250,16250,15950,15950,671,-0.015432098765432056
2022-07-21,16150,16350,15900,16200,818,0.01567398119122254
2022-07-22,16350,17400,16150,17000,1447,0.04938271604938271
2022-07-25,17150,17150,16750,17100,231,0.00588235294117645
2022-07-26,17150,17150,16450,17050,836,-0.0029239766081871066
2022-07-27,17600,17600,16400,16850,1794,-0.011730205278592365
2022-07-28,16950,16950,16250,16850,1610,0.0
2022-07-29,16700,16700,16250,16400,866,-0.02670623145400597
2022-08-01,16150,16600,16100,16600,981,0.012195121951219523
2022-08-02,16200,16250,16050,16100,1490,-0.030120481927710885
2022-08-03,16000,16800,16000,16500,1285,0.024844720496894457
2022-08-04,16600,16650,16450,16650,867,0.009090909090909038
2022-08-05,16650,17100,16650,16900,1860,0.01501501501501501
2022-08-08,16850,17150,16850,17100,938,0.01183431952662728
2022-08-09,17150,17200,17000,17200,728,0.005847953216374213
2022-08-10,17300,17300,17100,17200,439,0.0
2022-08-11,17400,17400,17100,17300,237,0.005813953488372103
2022-08-12,17300,17550,17000,17550,565,0.014450867052023142
2022-08-16,17500,17550,16400,16650,1532,-0.05128205128205132
2022-08-17,16850,16850,16700,16850,362,0.012012012012011963
2022-08-18,16600,16900,16600,16900,431,0.0029673590504450953
2022-08-19,16950,16950,16500,16600,241,-0.017751479289940808
2022-08-22,16400,16500,16350,16400,106,-0.012048192771084376
2022-08-23,16500,16500,16000,16000,758,-0.024390243902439046
2022-08-24,15950,15950,15650,15750,465,-0.015625
2022-08-25,15750,16000,15700,15900,568,0.00952380952380949
2022-08-26,15600,15600,15550,15600,933,-0.018867924528301883
2022-08-29,15450,15450,15000,15100,925,-0.03205128205128205
2022-08-30,15300,15300,14950,14950,1356,-0.009933774834437137
2022-08-31,15150,15150,14700,14900,378,-0.0033444816053511683
2022-09-01,14900,16600,14900,15200,4189,0.020134228187919545
2022-09-02,15250,16950,15250,16400,3800,0.07894736842105265
2022-09-05,16350,18950,16100,18750,25736,0.14329268292682928
2022-09-06,18800,20150,17200,19600,68535,0.045333333333333226
2022-09-07,18500,19600,18050,19100,15913,-0.025510204081632626
2022-09-08,19650,19750,18550,18550,13598,-0.028795811518324554
2022-09-13,18450,18450,17650,17800,2566,-0.040431266846361225
2022-09-14,17700,18200,17450,17850,826,0.002808988764045006
2022-09-15,17900,18000,17650,18000,2459,0.008403361344537785
2022-09-16,18000,18200,17000,17300,1404,-0.03888888888888886
2022-09-19,17300,17450,16500,16800,1333,-0.028901734104046284
2022-09-20,17000,17100,16450,16600,1100,-0.011904761904761862
2022-09-21,16600,16700,16200,16550,552,-0.003012048192771122
2022-09-22,16750,16750,16100,16100,905,-0.027190332326283984
2022-09-23,16100,16100,15650,15700,499,-0.024844720496894457
2022-09-26,15550,15550,14650,14700,1773,-0.06369426751592355
2022-09-27,14450,14600,14250,14600,1540,-0.006802721088435382
2022-09-28,14700,14700,13550,13550,2577,-0.07191780821917804
2022-09-29,13550,15450,13550,14500,1066,0.07011070110701101
2022-09-30,14300,15500,14300,14500,2675,0.0
2022-10-04,15200,15250,14800,15150,558,0.04482758620689653
2022-10-05,15350,15350,14600,14850,730,-0.01980198019801982
2022-10-06,15000,15500,15000,15500,1518,0.04377104377104368
2022-10-07,15550,15650,15400,15550,426,0.003225806451612856
2022-10-11,15250,15250,15100,15150,1308,-0.025723472668810254
2022-10-12,15250,16300,15200,16050,1688,0.05940594059405946
2022-10-13,15950,15950,15200,15250,964,-0.049844236760124616
2022-10-14,15850,15850,15200,15250,1381,0.0
2022-10-17,15250,15750,15250,15450,441,0.013114754098360715
2022-10-18,15800,16000,15300,15400,1456,-0.003236245954692518
2022-10-19,15600,15800,15600,15750,246,0.022727272727272707
2022-10-20,15750,15900,15700,15850,241,0.006349206349206327
2022-10-21,15850,15850,15500,15850,149,0.0
2022-10-24,15950,15950,15600,15600,442,-0.01577287066246058
2022-10-25,16050,16100,15850,16050,496,0.028846153846153744
2022-10-26,16150,16150,15950,16050,428,0.0
2022-10-27,16200,16200,15750,16000,454,-0.0031152647975077885
2022-10-28,16200,16200,16000,16100,137,0.006250000000000089
2022-10-31,16250,16250,16050,16150,158,0.0031055900621117516
2022-11-01,16150,16150,15700,15950,310,-0.012383900928792602
2022-11-02,16000,16000,15400,15500,517,-0.028213166144200663
2022-11-03,15500,15500,15250,15400,317,-0.006451612903225823
2022-11-04,15400,15400,15200,15350,148,-0.0032467532467532756
2022-11-07,15650,15700,15650,15700,936,0.0228013029315961
2022-11-08,15700,15700,15500,15600,335,-0.006369426751592355
2022-11-09,15700,15700,15300,15500,474,-0.0064102564102563875
2022-11-10,15500,15500,15250,15500,96,0.0
2022-11-11,15800,15800,15400,15800,1729,0.019354838709677358
2022-11-14,15800,15950,15700,15750,1521,-0.0031645569620253333
2022-11-15,15950,15950,15550,15900,951,0.00952380952380949
2022-11-16,16000,16000,15900,15900,403,0.0
2022-11-17,15700,15700,15500,15700,417,-0.012578616352201255
2022-11-18,15700,15700,15500,15500,1321,-0.01273885350318471
2022-11-21,15650,15650,15450,15550,351,0.003225806451612856
2022-11-22,15450,15700,15400,15400,151,-0.009646302250803873
2022-11-23,15600,15600,15250,15300,225,-0.00649350649350644
2022-11-24,15300,15300,15000,15050,9169,-0.016339869281045805
2022-11-25,15450,15450,15050,15150,1159,0.006644518272425293
2022-11-28,15200,15200,14850,14900,254,-0.01650165016501648
2022-11-29,14850,15100,14850,15050,1204,0.010067114093959662
2022-11-30,15000,15000,14850,15000,966,-0.0033222591362126463
2022-12-01,15050,18700,15050,17300,27383,0.15333333333333332
2022-12-02,17050,17050,15700,16200,10359,-0.06358381502890176
2022-12-05,15700,15900,15550,15600,3637,-0.03703703703703709
2022-12-06,15500,15950,15400,15600,1304,0.0
2022-12-07,15400,15750,15400,15750,672,0.009615384615384581
2022-12-08,15750,15750,15300,15550,686,-0.012698412698412653
2022-12-09,15750,15750,15200,15450,1084,-0.006430868167202619
2022-12-12,15200,15400,15100,15100,1755,-0.02265372168284785
2022-12-13,15500,15600,15150,15500,723,0.026490066225165476
2022-12-14,15600,15700,15600,15700,242,0.012903225806451646
2022-12-15,15700,15700,15150,15400,1364,-0.019108280254777066
2022-12-16,15000,15350,15000,15300,1576,-0.00649350649350644
2022-12-19,15200,15450,15200,15300,685,0.0
2022-12-20,15200,15250,15050,15050,1341,-0.016339869281045805
2022-12-21,15250,15500,15000,15100,3745,0.0033222591362125353
2022-12-22,15050,15250,15050,15100,2419,0.0
2022-12-23,14950,15200,14900,14900,3088,-0.013245033112582738
2022-12-26,15000,15150,14900,15000,331,0.006711409395973256
2022-12-27,14850,15200,14850,15150,767,0.010000000000000009
2022-12-28,14850,15250,14850,15200,162,0.0033003300330032292
2022-12-29,15200,15300,15000,15300,288,0.006578947368421018
2023-01-02,15300,15300,14900,15050,563,-0.016339869281045805
2023-01-03,14850,14950,14700,14950,284,-0.006644518272425293
2023-01-04,15150,15700,15000,15000,7860,0.0033444816053511683
2023-01-05,14950,15200,14650,15200,2133,0.01333333333333342
2023-01-06,14850,15050,14850,15050,778,-0.009868421052631526
2023-01-09,15100,15100,14950,15050,1140,0.0
2023-01-10,15100,15100,14850,15000,381,-0.0033222591362126463
2023-01-11,15000,15200,15000,15050,354,0.0033333333333334103
2023-01-12,15100,15100,15000,15000,1575,-0.0033222591362126463
2023-01-13,15250,15350,15050,15200,1913,0.01333333333333342
2023-01-16,15200,15200,15100,15100,1594,-0.006578947368421018
2023-01-17,15150,15150,15050,15150,1031,0.0033112582781456013
2023-01-18,15100,15200,15100,15100,892,-0.0033003300330033403
2023-01-19,15100,15300,15050,15300,3246,0.013245033112582849
2023-01-20,15350,15500,15300,15500,1420,0.013071895424836555
2023-01-25,15950,15950,15330,15500,2502,0.0
2023-01-26,15490,15490,15300,15360,1303,-0.00903225806451613
2023-01-27,15700,15700,15320,15380,716,0.0013020833333332593
2023-01-30,15740,15840,15540,15540,868,0.01040312093628093
2023-01-31,15500,15530,15350,15480,427,-0.0038610038610038533
2023-02-01,15590,15590,15270,15370,725,-0.00710594315245483
2023-02-02,15370,15490,15360,15470,1419,0.006506180871828304
2023-02-03,15470,15530,15470,15470,752,0.0
2023-02-06,15700,15700,15370,15370,239,-0.006464124111182912
2023-02-07,15270,15280,15180,15190,1146,-0.011711125569290881
2023-02-08,15480,15480,15150,15170,2619,-0.0013166556945358732
2023-02-09,15190,15500,15030,15490,2163,0.021094264996704082
2023-02-10,15490,15920,15240,15670,3443,0.01162040025823119
2023-02-13,15870,15870,15420,15500,1207,-0.01084875558391829
2023-02-14,15410,15420,15210,15210,612,-0.01870967741935481
2023-02-15,15300,15300,14900,15030,3109,-0.011834319526627168
2023-02-16,15030,15050,15000,15020,5231,-0.0006653359946773296
2023-02-17,15100,15100,14920,15010,797,-0.0006657789613848664
2023-02-20,15010,15010,14850,14990,231,-0.0013324450366422047
2023-02-21,15100,15200,15030,15170,81,0.01200800533689117
2023-02-22,15010,15140,15010,15050,248,-0.007910349373764003
2023-02-23,15290,15290,15010,15010,91,-0.0026578073089701393
2023-02-24,14820,14930,14820,14930,776,-0.00532978014656893
2023-02-27,14930,14930,14800,14800,290,-0.008707300736771617
2023-02-28,14800,14800,14710,14720,2300,-0.00540540540540535
2023-03-02,14720,14850,14700,14750,1756,0.0020380434782609758
2023-03-03,14770,14970,14770,14930,1065,0.012203389830508504
2023-03-06,14830,15000,14830,14910,521,-0.0013395847287340779
2023-03-07,15090,15090,14930,14950,114,0.0026827632461434714
2023-03-08,14950,14950,14700,14760,749,-0.012709030100334417
2023-03-09,14760,14900,14690,14760,1028,0.0
2023-03-10,14890,14890,14700,14740,1158,-0.0013550135501354532
2023-03-13,14430,14600,14400,14590,5936,-0.010176390773405708
2023-03-14,14800,14800,14230,14230,2806,-0.024674434544208368
2023-03-15,14270,14630,14230,14470,2087,0.016865776528460996
2023-03-16,14400,14640,14200,14390,583,-0.005528680027643396
2023-03-17,14390,14550,14380,14540,420,0.010423905489923557
2023-03-20,14650,14650,14380,14380,1298,-0.011004126547455306
2023-03-21,14490,14490,14380,14380,499,0.0
2023-03-22,14500,14500,14200,14250,797,-0.009040333796940248
2023-03-23,14250,14250,14180,14240,1100,-0.00070175438596487
2023-03-24,14180,14180,14090,14160,527,-0.005617977528089901
2023-03-27,14200,14200,14060,14080,621,-0.005649717514124242
2023-03-28,13810,13900,13810,13860,1329,-0.015625
2023-03-29,13990,13990,13810,13970,730,0.007936507936507908
2023-03-30,14280,14280,13980,14160,515,0.013600572655690701
2023-03-31,14000,14010,13910,14010,1611,-0.010593220338983023
2023-04-03,13900,14000,13800,14000,1577,-0.0007137758743754885
2023-04-04,14130,14400,14000,14400,2271,0.02857142857142847
2023-04-05,14500,14500,14100,14470,2555,0.004861111111111205
2023-04-06,14470,14470,14220,14290,1228,-0.012439530062197668
2023-04-07,14310,14500,14310,14470,3295,0.01259622113365988
2023-04-10,14470,14700,14300,14650,8991,0.012439530062197557
2023-04-11,14600,14790,14290,14790,3003,0.009556313993174026
2023-04-12,14770,14770,14520,14560,2372,-0.015551048005409074
2023-04-13,14600,14600,14400,14570,1283,0.0006868131868131844
2023-04-14,14620,14620,14500,14560,1898,-0.0006863417982154729
2023-04-17,14560,14560,14420,14420,1078,-0.009615384615384581
2023-04-18,14410,14410,14060,14060,3395,-0.02496532593619971
2023-04-19,14000,14670,14000,14300,9370,0.017069701280227667
2023-04-20,14600,14600,14110,14110,2155,-0.01328671328671327
2023-04-21,14010,14010,13780,13860,3247,-0.017717930545712246
2023-04-24,13660,13660,13560,13580,3685,-0.02020202020202022
2023-04-25,13360,13520,13310,13380,1518,-0.014727540500736325
2023-04-26,13380,13440,13320,13440,426,0.004484304932735439
2023-04-27,13440,13490,13340,13440,1714,0.0
2023-04-28,13440,13440,13430,13440,383,0.0
2023-05-02,13270,13410,13270,13410,3393,-0.0022321428571429047
2023-05-03,13590,14440,13500,14070,9006,0.04921700223713654
2023-05-04,13650,13830,13530,13730,1492,-0.024164889836531644
2023-05-08,14000,14000,13490,13500,3795,-0.016751638747268704
2023-05-09,13500,13670,13500,13670,1582,0.012592592592592489
2023-05-10,13660,13700,13530,13690,664,0.001463057790782818
2023-05-11,13550,13780,13550,13670,617,-0.0014609203798392478
2023-05-12,13600,13670,13470,13540,1653,-0.009509875640087762
2023-05-15,13690,13690,13600,13650,437,0.008124076809453484
2023-05-16,13410,13650,13410,13620,324,-0.00219780219780219
2023-05-17,13600,13600,13500,13600,940,-0.001468428781204123
2023-05-18,13600,13600,13480,13570,340,-0.0022058823529411686
2023-05-19,13550,13550,13500,13550,289,-0.0014738393515106862
2023-05-22,13550,13670,13550,13590,200,0.002952029520295163
2023-05-23,13590,13680,13550,13550,749,-0.0029433406916851146
2023-05-24,13450,13560,13450,13550,859,0.0
2023-05-25,13500,13600,13490,13500,1137,-0.0036900369003689537
2023-05-26,13500,13680,13500,13590,385,0.006666666666666599
2023-05-30,13590,13800,13500,13800,340,0.015452538631346657
2023-05-31,13790,13790,13680,13700,586,-0.007246376811594235
2023-06-01,13680,13700,13620,13700,603,0.0
2023-06-02,13780,13780,13560,13560,507,-0.010218978102189746
2023-06-05,13560,13690,13540,13540,622,-0.001474926253687281
2023-06-07,13540,13700,13540,13680,460,0.010339734121122657
2023-06-08,13540,13690,13540,13690,521,0.0007309941520468044
2023-06-09,13570,13680,13570,13680,3311,-0.0007304601899196239
2023-06-12,13680,13680,13570,13650,678,-0.002192982456140302
2023-06-13,13640,13650,13600,13600,257,-0.00366300366300365
2023-06-14,13570,13580,13550,13550,1019,-0.003676470588235281
2023-06-15,13560,13680,13560,13630,290,0.005904059040590326
2023-06-16,13570,13630,13550,13600,75,-0.002201027146001455
2023-06-19,13980,13980,13600,13600,814,0.0
2023-06-20,13600,13700,13600,13700,121,0.007352941176470562
2023-06-21,13990,13990,13600,13690,601,-0.0007299270072992359
2023-06-22,13760,13760,13710,13710,756,0.0014609203798392478
2023-06-23,13710,13800,13420,13800,1837,0.006564551422319376
2023-06-26,13610,13880,13600,13770,850,-0.0021739130434782483
2023-06-27,13770,13770,13760,13760,238,-0.000726216412490932
2023-06-28,13890,13890,13640,13780,59,0.0014534883720929148
2023-06-29,13820,13820,13500,13580,990,-0.014513788098693747
2023-06-30,13500,13580,13480,13580,351,0.0
2023-07-03,13580,13580,13400,13400,596,-0.013254786450662692
2023-07-04,13300,13300,13230,13230,3310,-0.012686567164179152
2023-07-05,13400,13400,13200,13220,602,-0.0007558578987150177
2023-07-06,13390,13390,13220,13230,247,0.0007564296520423675
2023-07-07,13450,13450,12980,12980,1119,-0.018896447467876
2023-07-10,13200,13200,12800,12940,849,-0.0030816640986132127
2023-07-11,13100,13100,12810,12820,547,-0.009273570324574987
2023-07-12,12800,12800,12770,12780,356,-0.0031201248049922414
2023-07-13,12950,12950,12490,12490,2490,-0.022691705790297334
2023-07-14,12490,12620,12490,12620,1639,0.01040832666132907
2023-07-17,12650,12650,12520,12570,644,-0.003961965134706813
2023-07-18,12460,12690,12460,12690,781,0.009546539379474916
2023-07-19,12700,12700,12500,12550,1001,-0.011032308904649346
2023-07-20,12610,12610,12380,12440,710,-0.008764940239043839
2023-07-21,12340,12340,12140,12140,957,-0.024115755627009627
2023-07-24,12140,12140,11720,11730,1289,-0.03377265238879734
2023-07-25,11510,11510,11370,11380,1055,-0.02983802216538789
2023-07-26,11300,11300,10500,10600,2107,-0.06854130052724072
2023-07-27,10370,10600,10370,10550,895,-0.004716981132075526
2023-07-28,10550,10980,10550,10950,1313,0.03791469194312791
2023-07-31,11000,11370,11000,11350,627,0.0365296803652968
2023-08-01,11380,11530,11380,11460,404,0.009691629955947079
2023-08-02,11460,11460,11280,11390,524,-0.00610820244328103
2023-08-03,11530,11530,11200,11370,140,-0.0017559262510974394
2023-08-04,11550,11550,11520,11550,22,0.0158311345646438
2023-08-07,11210,11580,11210,11580,363,0.0025974025974024872
2023-08-08,11600,11650,11580,11580,336,0.0
2023-08-09,11580,11580,11310,11560,687,-0.0017271157167529916
2023-08-10,11590,11590,11500,11580,831,0.0017301038062282892
2023-08-11,11570,11570,11350,11440,231,-0.012089810017271163
2023-08-14,11250,11430,11160,11430,785,-0.0008741258741258306
2023-08-16,11550,11550,11310,11310,581,-0.01049868766404205
2023-08-17,11100,11100,11050,11060,452,-0.02210433244915999
2023-08-18,11000,11050,10900,10900,841,-0.01446654611211573
2023-08-21,11100,11100,10750,10880,198,-0.0018348623853210455
2023-08-22,10890,10890,10610,10610,859,-0.024816176470588203
2023-08-23,10610,10780,10610,10720,1249,0.01036757775683328
2023-08-24,10630,11000,10630,11000,1301,0.026119402985074647
2023-08-25,11150,11880,11150,11880,8152,0.08000000000000007
2023-08-28,15430,15440,15430,15440,38656,0.29966329966329974
2023-08-29,17150,20050,15050,20050,165865,0.2985751295336787
2023-08-30,19100,25000,19100,21400,156426,0.06733167082294256
2023-08-31,22000,25500,22000,25500,105419,0.19158878504672905
2023-09-01,25600,26000,23800,24000,93227,-0.05882352941176472
2023-09-04,24750,24750,23000,23400,56633,-0.025000000000000022
2023-09-05,22850,22850,20750,20750,47825,-0.11324786324786329
2023-09-06,20600,22100,19980,21400,33761,0.031325301204819356
2023-09-07,21000,21650,18270,18270,34208,-0.14626168224299063
2023-09-08,18340,19220,17800,18960,19918,0.03776683087027921
2023-09-11,19500,21500,19110,20300,34013,0.07067510548523215
2023-09-12,20300,20400,19500,19610,21559,-0.03399014778325127
2023-09-13,22000,25450,21000,25450,83717,0.2978072412034676
2023-09-14,23350,24500,21600,22700,55158,-0.10805500982318272
2023-09-15,22050,23900,22000,23900,22193,0.052863436123347984
2023-09-18,23200,27200,23200,27200,68371,0.13807531380753146
2023-09-19,26500,26500,25550,25850,32559,-0.049632352941176516
2023-09-20,24450,24450,23000,23000,22528,-0.11025145067698261
2023-09-21,22800,24400,21250,23500,26442,0.021739130434782705
2023-09-22,24200,24200,19450,19490,40070,-0.17063829787234042
2023-09-25,19190,20700,18800,18800,21515,-0.03540277065161623
2023-09-26,18800,19240,18270,18500,9264,-0.015957446808510634
2023-09-27,16400,18020,16400,18020,27034,-0.025945945945945903
2023-10-04,18200,18200,17360,17900,15937,-0.006659267480577102
2023-10-05,17900,17900,16300,16380,17681,-0.08491620111731846
2023-10-06,16500,17880,16500,17810,12351,0.08730158730158721
2023-10-10,17900,18000,17250,17700,16221,-0.006176305446378483
2023-10-11,17800,19000,17800,18820,8634,0.06327683615819213
2023-10-12,18820,21600,18820,20450,27119,0.08660998937300746
2023-10-13,19720,20800,19010,19260,23615,-0.058190709046454736
2023-10-16,19600,20750,19300,20400,14610,0.05919003115264787
2023-10-17,20550,20850,20150,20200,10580,-0.009803921568627416
2023-10-18,20000,21700,19930,19930,10924,-0.013366336633663378
2023-10-19,19930,20250,19300,19900,9497,-0.0015052684395383542
2023-10-20,19400,21050,19400,20900,8041,0.05025125628140703
2023-10-23,21700,21700,19960,19960,9409,-0.04497607655502389
2023-10-24,19890,20000,19500,19770,4703,-0.009519038076152286
2023-10-25,19700,19700,18860,19390,6919,-0.01922104198280228
2023-10-26,19290,19480,18900,18930,3836,-0.02372356884992266
2023-10-27,18520,18800,17790,17880,4084,-0.05546751188589538
2023-10-30,17890,18700,17890,18400,2983,0.029082774049216997
2023-10-31,18410,18640,17700,17720,4694,-0.036956521739130443
2023-11-01,17770,18380,17770,17800,4043,0.004514672686230181
2023-11-02,17780,17780,17430,17550,5932,-0.014044943820224698
2023-11-03,17400,17660,17400,17400,4182,-0.008547008547008517
2023-11-06,17600,17600,17200,17200,4361,-0.011494252873563204
2023-11-07,17110,18680,16950,17850,4423,0.03779069767441867
2023-11-08,17650,17870,17650,17800,2697,-0.0028011204481792618
2023-11-09,17800,18440,17800,18200,1801,0.022471910112359605
2023-11-10,18000,18990,18000,18850,8991,0.03571428571428581
2023-11-13,18670,19200,18340,18850,3053,0.0
2023-11-14,18600,18850,18460,18600,2232,-0.01326259946949604
2023-11-15,18610,19500,18600,19500,4436,0.048387096774193505
2023-11-16,19700,20700,19500,20000,15884,0.02564102564102555
2023-11-17,19900,19900,19510,19530,5190,-0.023499999999999965
2023-11-20,20300,20900,20300,20800,24586,0.06502816180235538
2023-11-21,21000,21000,20250,20350,9299,-0.02163461538461542
2023-11-22,21400,21500,20350,20700,11903,0.017199017199017286
2023-11-23,20400,20400,19660,19850,8434,-0.04106280193236711
2023-11-24,19990,19990,19340,19620,5363,-0.011586901763224189
2023-11-27,19520,19520,18410,18520,7868,-0.05606523955147813
2023-11-28,18600,20500,18600,19700,7946,0.06371490280777548
2023-11-29,20000,20000,19550,19590,3571,-0.005583756345177715
2023-11-30,20400,25450,20400,22850,57666,0.16641143440530892
2023-12-01,21700,23100,21700,22150,24392,-0.03063457330415753
2023-12-04,25000,27350,22900,25900,59055,0.16930022573363424
2023-12-05,24600,24600,22900,23600,41901,-0.08880308880308885
2023-12-06,23800,24000,22900,23800,15308,0.008474576271186418
2023-12-07,23500,27100,23500,25500,39660,0.0714285714285714
2023-12-08,24700,24700,22400,22400,19206,-0.1215686274509804
2023-12-11,22200,22200,20750,20750,26924,-0.0736607142857143
2023-12-12,20800,23850,20800,22500,38959,0.0843373493975903
2023-12-13,22000,22400,20800,21650,9172,-0.0377777777777778
2023-12-14,22000,22000,20200,20900,17835,-0.034642032332563466
2023-12-15,20200,21650,20200,21650,14244,0.03588516746411474
2023-12-18,21500,22500,20800,20800,11609,-0.03926096997690531
2023-12-19,20850,20850,19600,20150,14138,-0.03125
2023-12-20,20600,20750,19690,19920,11485,-0.011414392059553302
2023-12-21,19570,19570,18500,18920,32260,-0.050200803212851364
2023-12-22,19010,19790,19010,19640,9615,0.038054968287526414
2023-12-26,19200,19800,18830,18830,40235,-0.04124236252545821
2023-12-27,17830,17950,17530,17530,9666,-0.06903876792352626
2023-12-28,18050,18350,17650,17650,6375,0.0068454078722191
2024-01-02,17650,17700,16850,16900,21806,-0.04249291784702547
2024-01-03,17290,19400,17290,18200,40614,0.07692307692307687
2024-01-04,17900,17930,17450,17450,9571,-0.04120879120879117
2024-01-05,17440,17780,17440,17440,3772,-0.0005730659025787732
2024-01-08,17400,17980,17400,17640,3323,0.011467889908256979
2024-01-09,17850,17850,17200,17500,4150,-0.007936507936507908
2024-01-10,17600,17600,16900,17080,6210,-0.02400000000000002
2024-01-11,17080,17080,16600,16690,5619,-0.022833723653395754
2024-01-12,16750,16750,16330,16400,5540,-0.017375674056321122
2024-01-15,16550,16550,16190,16390,4456,-0.0006097560975609762
2024-01-16,16400,16400,16250,16260,2470,-0.007931665649786424
2024-01-17,16300,16300,16010,16010,3201,-0.01537515375153753
2024-01-18,16150,16150,15660,15910,1736,-0.006246096189881367
2024-01-19,15910,16020,15830,15910,1938,0.0
2024-01-22,15630,15630,15400,15420,3261,-0.030798240100565644
2024-01-23,15420,16190,15260,16190,7949,0.049935149156939085
2024-01-24,16190,16190,15740,15990,1130,-0.012353304508956109
2024-01-25,15990,15990,15420,15540,1533,-0.02814258911819889
2024-01-26,15310,15550,15310,15550,1243,0.0006435006435006052
2024-01-29,15800,16250,15500,16000,3168,0.02893890675241151
2024-01-30,16180,16990,16150,16590,8458,0.03687499999999999
2024-01-31,16420,16420,15890,16200,1573,-0.023508137432188048
2024-02-01,16180,16400,15900,16400,913,0.012345679012345734
2024-02-02,16200,16400,16190,16190,496,-0.0128048780487805
2024-02-05,16250,16250,15900,15920,806,-0.016676961087090825
2024-02-06,15920,16000,15780,15930,3452,0.0006281407035175768
2024-02-07,16000,16000,15700,15710,19203,-0.01381042059008164
2024-02-08,15840,20400,15840,20400,89546,0.2985359643539147
2024-02-13,19050,19190,17900,17900,106441,-0.12254901960784315
2024-02-14,17270,18500,17210,17440,35665,-0.025698324022346397
2024-02-15,17290,17290,16760,16770,20737,-0.0384174311926605
2024-02-16,16850,17110,16800,16800,12855,0.0017889087656528524
2024-02-19,16660,16820,16510,16800,8576,0.0
2024-02-20,16830,16830,16340,16590,6254,-0.012499999999999956
2024-02-21,16410,16600,16410,16410,4830,-0.010849909584086825
2024-02-22,16670,16670,16400,16410,4920,0.0
2024-02-23,16550,16550,16190,16210,6428,-0.01218769043266299
2024-02-26,16210,16330,16210,16250,2906,0.002467612584824197
2024-02-27,16100,16240,15760,15780,5783,-0.02892307692307694
2024-02-28,16110,16110,15800,15940,3351,0.010139416983523386
2024-02-29,16040,16040,15600,15600,7015,-0.021329987452948562
2024-03-04,15600,15790,15570,15660,3974,0.0038461538461538325
2024-03-05,15550,16350,15550,15700,6122,0.0025542784163474774
2024-03-06,15700,15700,15570,15570,2307,-0.008280254777070062
2024-03-07,15580,15580,15350,15570,4822,0.0
2024-03-08,15550,15890,15550,15790,2478,0.014129736673089255
2024-03-11,15800,15800,15590,15590,2424,-0.01266624445851805
2024-03-12,15580,15580,15200,15200,2509,-0.025016035920461865
2024-03-13,15390,15390,14500,14680,7503,-0.03421052631578947
2024-03-14,14880,14880,14670,14670,2193,-0.0006811989100817817
2024-03-15,14670,14890,14600,14870,2560,0.013633265167007469
2024-03-18,14720,14720,14580,14580,4861,-0.01950235373234699
2024-03-19,14710,15400,14600,15110,7498,0.036351165980795574
2024-03-20,15130,15160,15000,15030,3111,-0.005294506949040323
2024-03-21,15160,15160,14960,14960,3245,-0.004657351962741196
2024-03-22,14750,14930,14580,14930,2352,-0.00200534759358284
2024-03-25,14990,14990,14780,14870,822,-0.004018754186202234
2024-03-26,14960,14960,14600,14680,1944,-0.012777404169468709
2024-03-27,14680,14680,14200,14200,4777,-0.032697547683923744
2024-03-28,14610,14610,14250,14250,1540,0.0035211267605634866
2024-03-29,14110,14150,14100,14100,1659,-0.010526315789473717
2024-04-01,14170,14650,14110,14600,1164,0.03546099290780136
2024-04-02,14610,14610,14200,14330,860,-0.018493150684931514
2024-04-03,14410,14410,14020,14100,1322,-0.016050244242847178
2024-04-04,14160,14240,14010,14020,1052,-0.005673758865248235
2024-04-05,14020,14050,13890,13910,1253,-0.007845934379457908
2024-04-08,13910,13910,13660,13660,1567,-0.017972681524083378
2024-04-09,13650,13800,13500,13500,4462,-0.01171303074670571
2024-04-11,13770,13770,13010,13090,4150,-0.03037037037037038
2024-04-12,13270,13380,13260,13360,458,0.02062643239113826
2024-04-15,13490,13490,13210,13480,945,0.008982035928143617
2024-04-16,13480,13480,13110,13120,1263,-0.02670623145400597
2024-04-17,13000,13110,12900,13020,1588,-0.007621951219512146
2024-04-18,13250,13600,13250,13410,2219,0.02995391705069128
2024-04-19,13830,13830,13000,13190,6662,-0.01640566741237881
2024-04-22,13370,13370,13140,13280,1514,0.006823351023502733
2024-04-23,13450,13500,13340,13500,1497,0.016566265060240948
2024-04-24,13400,13550,13400,13550,1359,0.0037037037037037646
2024-04-25,13550,13720,13490,13720,1771,0.012546125461254665
2024-04-26,13720,14300,13720,14270,1607,0.04008746355685133
2024-04-29,14290,14290,13800,13800,3660,-0.03293622985283817
2024-04-30,14000,14000,13740,13900,1437,0.007246376811594235
2024-05-02,14000,14080,13900,14000,2454,0.007194244604316502
2024-05-03,14340,14560,13870,13970,12992,-0.002142857142857113
2024-05-07,14010,14530,14010,14530,2829,0.04008589835361498
2024-05-08,14300,14500,14000,14480,1754,-0.0034411562284927255
2024-05-09,14520,14700,14500,14590,1600,0.007596685082873034
2024-05-10,14730,14730,14360,14510,1255,-0.005483207676490798
2024-05-13,14360,14650,14360,14640,2626,0.008959338387318994
2024-05-14,14640,14900,14640,14880,3729,0.016393442622950838
2024-05-16,14860,15000,14830,15000,3372,0.008064516129032251
2024-05-17,15000,15840,15000,15200,13331,0.01333333333333342
2024-05-20,15100,15200,15050,15180,3696,-0.001315789473684159
2024-05-21,15180,15180,15100,15160,1666,-0.0013175230566534468
2024-05-22,15500,16000,15500,15900,7334,0.04881266490765168
2024-05-23,15900,15900,15460,15900,3217,0.0
2024-05-24,15660,16020,15580,16020,1188,0.007547169811320753
2024-05-27,16050,16050,15890,15950,1074,-0.004369538077403257
2024-05-28,16200,16200,15600,15600,5774,-0.021943573667711602
2024-05-29,15600,15690,15590,15600,1776,0.0
2024-05-30,15600,15600,15360,15590,895,-0.0006410256410256387
2024-05-31,15580,15580,15200,15200,2464,-0.025016035920461865
2024-06-03,15150,15530,15000,15000,2281,-0.013157894736842146
2024-06-04,15100,15100,14810,14810,384,-0.012666666666666715
2024-06-05,14990,14990,14710,14710,704,-0.006752194463200523
2024-06-07,14710,14770,14600,14600,586,-0.007477906186267869
2024-06-10,14820,14850,14590,14620,589,0.00136986301369868
2024-06-11,14620,15400,14620,14790,3230,0.011627906976744207
2024-06-12,14780,14860,14720,14820,1211,0.0020283975659229903
2024-06-13,14900,14900,14700,14820,837,0.0
2024-06-14,14900,14950,14780,14890,1311,0.004723346828610087
2024-06-17,14900,15150,14720,14980,1849,0.006044325050369448
2024-06-18,14980,15000,14850,14980,663,0.0
2024-06-19,14720,14990,14700,14990,1589,0.0006675567423231055
2024-06-20,14970,14970,14830,14830,1146,-0.010673782521681163
2024-06-21,14830,14910,14650,14650,773,-0.012137559002022957
2024-06-24,14660,14660,14500,14630,1206,-0.0013651877133106227
2024-06-25,14400,14630,14400,14620,172,-0.0006835269993165083
2024-06-26,14590,14590,14550,14590,422,-0.0020519835841312783
2024-06-27,14450,14570,14360,14370,809,-0.015078821110349527
2024-06-28,14370,14460,14190,14190,1020,-0.012526096033402934
2024-07-01,14150,14460,14150,14460,63,0.019027484143763207
2024-07-02,14500,14500,14190,14360,469,-0.006915629322268302
2024-07-03,14470,14490,14100,14430,1072,0.004874651810584885
2024-07-04,14100,14210,14100,14120,511,-0.021483021483021503
2024-07-05,14210,14400,14210,14330,276,0.01487252124645888
2024-07-08,14320,14320,14200,14200,355,-0.009071877180739651
2024-07-09,14200,14580,14200,14540,2642,0.023943661971830954
2024-07-10,14310,14550,14300,14500,1168,-0.0027510316368638543
2024-07-11,14650,14680,14490,14560,274,0.004137931034482678
2024-07-12,14690,14690,14600,14610,151,0.003434065934065922
2024-07-15,14420,14700,14420,14690,63,0.005475701574264136
2024-07-16,14750,14750,14690,14690,309,0.0
2024-07-17,14770,14770,14560,14670,74,-0.001361470388019037
2024-07-18,14670,14670,14460,14630,856,-0.0027266530334014716
2024-07-19,14700,14700,14500,14580,116,-0.0034176349965823194
2024-07-22,14200,14700,14200,14580,833,0.0
2024-07-23,14580,14660,14310,14480,347,-0.006858710562414272
2024-07-24,14450,14530,14220,14520,927,0.0027624309392264568
2024-07-25,14700,14700,14020,14350,1080,-0.011707988980716233
2024-07-26,14500,14500,14300,14300,340,-0.0034843205574912606
2024-07-29,14290,15050,14280,14960,1552,0.04615384615384621
2024-07-30,14990,14990,14600,14600,517,-0.024064171122994638
2024-07-31,14600,15060,14600,14900,565,0.020547945205479534
2024-08-01,14800,14960,14650,14960,887,0.00402684563758382
2024-08-02,14960,14960,14760,14780,711,-0.012032085561497374
2024-08-05,14200,14200,13340,13340,1977,-0.09742895805142082
2024-08-06,13340,13840,13300,13840,765,0.03748125937031488
2024-08-07,13830,14350,13830,14300,405,0.03323699421965309
2024-08-08,14300,14300,14080,14080,279,-0.01538461538461533
2024-08-09,13930,14300,13930,14250,177,0.012073863636363535
2024-08-12,14250,14260,14060,14220,962,-0.002105263157894721
2024-08-13,14100,14450,14100,14430,367,0.014767932489451407
2024-08-14,14430,14500,14430,14500,253,0.00485100485100487
2024-08-16,14650,14690,14350,14670,488,0.01172413793103444
2024-08-19,14300,14300,14090,14090,862,-0.039536468984321727
2024-08-20,14280,14390,14120,14300,588,0.014904187366926891
2024-08-21,14390,14390,14210,14240,230,-0.004195804195804231
2024-08-22,14470,14470,14120,14300,1097,0.004213483146067398
2024-08-23,14450,14450,14300,14300,82,0.0
2024-08-26,14530,14530,14210,14300,992,0.0
2024-08-27,14490,14490,14290,14300,212,0.0
2024-08-28,14480,14480,14200,14200,274,-0.006993006993006978
2024-08-29,14240,14240,14200,14200,377,0.0
2024-08-30,14200,14200,14110,14190,204,-0.0007042253521126751
2024-09-02,14350,14350,14100,14250,3419,0.0042283298097252064
2024-09-03,14250,14340,14110,14110,851,-0.009824561403508736
2024-09-04,14110,14110,13800,13890,842,-0.015591778880226781
2024-09-05,13890,14100,13760,13950,429,0.004319654427645814
2024-09-06,13600,13630,13550,13580,867,-0.026523297491039433
2024-09-09,13800,13800,13500,13720,620,0.010309278350515427
2024-09-10,13800,14500,13700,13700,764,-0.001457725947521915
2024-09-11,13700,13890,13660,13780,404,0.005839416058394109
2024-09-12,13950,14200,13900,14200,230,0.030478955007256836
2024-09-13,14270,14270,13900,14080,883,-0.008450704225352101
2024-09-19,14080,14190,14010,14190,392,0.0078125
2024-09-20,14190,14190,13900,14040,2334,-0.010570824524312905
2024-09-23,14040,14040,13900,14020,268,-0.0014245014245014564
2024-09-24,14070,14070,13950,14050,235,0.0021398002853068032
2024-09-25,14050,14050,13950,14040,758,-0.000711743772242035
2024-09-26,14000,14040,13930,13930,518,-0.007834757834757844
2024-09-27,14050,14050,13900,13960,221,0.002153625269203152
2024-09-30,13960,13960,13500,13550,1642,-0.02936962750716332
2024-10-02,13740,13880,13560,13880,562,0.024354243542435317
2024-10-04,13900,14000,13900,14000,39,0.008645533141210304
2024-10-07,13980,13980,13980,13980,79,-0.0014285714285714457
2024-10-08,13850,13970,13850,13930,515,-0.003576537911301858
2024-10-10,14000,14000,13840,13920,152,-0.000717875089734421
2024-10-11,13910,13910,13830,13830,156,-0.006465517241379337
2024-10-14,13940,13940,13600,13600,220,-0.016630513376717282
2024-10-15,13770,13770,13090,13290,1792,-0.022794117647058854
2024-10-16,13340,13490,13340,13490,270,0.015048908954100826
2024-10-17,13640,13640,13230,13230,589,-0.01927353595255743
2024-10-18,13300,13300,13000,13240,1699,0.0007558578987150177
2024-10-21,13250,13800,13240,13800,1038,0.04229607250755296
2024-10-22,13650,13880,13650,13830,595,0.0021739130434783593
2024-10-23,13700,13940,13620,13940,291,0.00795372378886472
2024-10-24,13700,13700,12800,12800,4981,-0.0817790530846485
2024-10-25,12910,12980,12740,12910,1044,0.008593749999999956
2024-10-28,12910,12910,12810,12880,165,-0.0023237800154918276
2024-10-29,12880,13100,12860,12970,323,0.006987577639751663
2024-10-30,12970,12970,12900,12960,135,-0.0007710100231302919
2024-10-31,12960,12960,12830,12950,590,-0.0007716049382715529
2024-11-01,12860,12940,12860,12940,137,-0.0007722007722007485
2024-11-04,12870,12970,12870,12950,412,0.0007727975270479526
2024-11-05,12950,13040,12940,13040,551,0.006949806949806847
2024-11-06,13040,13080,13040,13060,60,0.0015337423312884457
2024-11-07,13060,13060,12980,13060,278,0.0
2024-11-08,12950,13060,12950,12950,1625,-0.008422664624808562
2024-11-11,12630,12650,12380,12380,3248,-0.044015444015443994
2024-11-12,12380,12380,12100,12120,962,-0.021001615508885352
2024-11-13,12020,12040,12000,12040,640,-0.0066006600660065695
2024-11-14,12200,12340,12190,12200,366,0.013289036544850585
2024-11-15,12200,12200,11260,11910,1865,-0.023770491803278726
2024-11-18,12080,12470,11800,12450,960,0.04534005037783384
2024-11-19,12450,12560,12430,12560,310,0.008835341365461824
2024-11-20,12450,12500,12120,12210,261,-0.027866242038216527
2024-11-21,11980,12180,11660,12150,1501,-0.004914004914004955
2024-11-22,12150,12150,12060,12140,815,-0.0008230452674896638
2024-11-25,12120,12250,12000,12150,741,0.0008237232289951546
2024-11-26,12150,12180,12150,12160,223,0.0008230452674897748
2024-11-27,12220,12220,12170,12170,140,0.000822368421052655
2024-11-28,12250,12250,12120,12120,130,-0.004108463434675413
2024-11-29,12100,12190,12100,12110,173,-0.0008250825082508628
2024-12-02,12100,12450,11900,12450,425,0.02807597027250197
2024-12-03,12200,12440,12190,12370,1094,-0.006425702811244993
2024-12-04,12370,13000,12250,12870,1398,0.0404203718674212
2024-12-05,12650,13120,12600,13120,588,0.019425019425019396
2024-12-06,13120,13120,12350,12990,1515,-0.009908536585365835
2024-12-09,12790,12790,12000,12160,1227,-0.06389530408006161
2024-12-10,12000,12160,11800,12160,2020,0.0
2024-12-11,11920,12460,11920,12460,1335,0.024671052631578982
2024-12-12,12500,13120,12500,12800,1484,0.02728731942215079
2024-12-13,12650,13100,12600,13100,610,0.0234375
2024-12-16,12910,13100,12910,13100,1749,0.0
2024-12-17,12900,13210,12900,13150,524,0.003816793893129722
2024-12-18,13250,13250,13130,13240,820,0.00684410646387823
2024-12-19,13000,13240,13000,13220,912,-0.0015105740181269312
2024-12-20,13300,13580,13250,13500,1125,0.021180030257186067
2024-12-23,13550,13550,13210,13390,354,-0.008148148148148127
2024-12-24,13020,13500,12990,13300,1380,-0.006721433905899965
2024-12-26,13100,13270,13010,13270,443,-0.0022556390977443996
2024-12-27,13000,13130,12770,13130,905,-0.010550113036925435
2024-12-30,12850,12850,12800,12850,557,-0.021325209444021276
2025-01-02,12940,12950,12860,12910,32,0.0046692607003890885
2025-01-03,12990,12990,12800,12910,393,0.0
2025-01-06,12910,12910,12910,12910,118,0.0
2025-01-07,12900,12900,12900,12900,36,-0.0007745933384972759
2025-01-08,12860,13000,12860,12940,109,0.0031007751937983663
2025-01-09,12940,12940,12820,12930,28,-0.0007727975270479526
2025-01-10,13000,13000,12810,12950,17,0.0015467904098993568
2025-01-13,12950,12950,12870,12870,195,-0.00617760617760621
2025-01-14,12700,12990,12700,12990,1417,0.00932400932400923
2025-01-15,12990,12990,12940,12980,204,-0.0007698229407235857
2025-01-16,13080,13080,12990,13070,201,0.006933744221879756
2025-01-17,13070,13080,12960,12990,138,-0.006120887528691665
2025-01-20,12990,12990,12760,12920,355,-0.005388760585065433
2025-01-21,12710,12710,12680,12680,320,-0.018575851393188847
2025-01-22,12740,12740,12600,12600,154,-0.006309148264984188
2025-01-23,12530,12530,12050,12360,759,-0.01904761904761909
2025-01-24,12500,12500,12440,12450,674,0.00728155339805836
2025-01-31,12020,12020,11950,11950,2210,-0.04016064257028118
2025-02-03,11900,11900,11750,11750,147,-0.01673640167364021
2025-02-04,11610,11610,11450,11610,2119,-0.01191489361702125
2025-02-05,11610,12130,11610,12000,1742,0.03359173126614978
2025-02-06,12000,12000,11990,11990,69,-0.0008333333333333526
2025-02-07,11900,12000,11900,11900,872,-0.007506255212677226
2025-02-10,11900,11900,11800,11880,673,-0.001680672268907557
2025-02-11,11800,11800,11750,11800,1943,-0.006734006734006703
2025-02-12,11610,11770,11610,11730,650,-0.0059322033898304705
2025-02-13,11990,11990,11860,11930,294,0.01705029838022165
2025-02-14,11990,11990,11820,11820,680,-0.009220452640402388
2025-02-17,11650,12000,11650,12000,699,0.015228426395939021
2025-02-18,11910,11990,11910,11990,84,-0.0008333333333333526
2025-02-19,11990,11990,11880,11950,493,-0.0033361134278565574
2025-02-20,12000,12000,11850,11990,293,0.0033472803347280866
2025-02-21,11990,11990,11980,11980,490,-0.0008340283569641116
2025-02-24,12000,12000,11740,11990,1487,0.0008347245409014992
2025-02-25,12000,12150,12000,12150,2153,0.01334445371142623
2025-02-26,12160,12250,12050,12240,1201,0.007407407407407307
2025-02-27,12240,12240,11750,11920,931,-0.02614379084967322
2025-02-28,11720,11900,11720,11720,300,-0.016778523489932917
2025-03-04,11800,11800,11800,11800,4,0.006825938566553003
2025-03-05,11660,12250,11580,12250,2438,0.03813559322033888
2025-03-06,12200,12200,12000,12140,243,-0.00897959183673469
2025-03-07,12000,12150,11800,12150,1590,0.0008237232289951546
2025-03-10,12150,12150,12010,12100,98,-0.004115226337448541
2025-03-11,12190,12190,12150,12170,152,0.005785123966942196
2025-03-12,12000,12100,12000,12070,539,-0.008216926869350827
2025-03-13,12070,12070,11920,12000,100,-0.0057995028997513964
2025-03-14,12050,12270,12000,12270,534,0.022499999999999964
2025-03-17,12300,12320,12200,12300,271,0.0024449877750611915
2025-03-18,12700,12700,12410,12690,651,0.03170731707317076
2025-03-19,12800,12800,12610,12790,178,0.007880220646178104
2025-03-20,12790,12790,12680,12790,780,0.0
2025-03-21,12600,12770,12600,12700,58,-0.0070367474589523304
2025-03-24,12790,12790,12650,12770,465,0.005511811023622082
2025-03-25,12800,12900,12670,12760,321,-0.000783085356303892
2025-03-26,12900,12900,12670,12850,127,0.007053291536050166
2025-03-27,12900,12900,12500,12850,465,0.0
2025-03-28,12530,12800,12530,12800,73,-0.0038910505836575737
2025-03-31,12800,12900,12800,12800,43,0.0
2025-04-01,12540,12820,12540,12820,392,0.0015624999999999112
2025-04-02,12850,12930,12850,12890,22,0.00546021840873645
2025-04-03,12690,12810,12510,12810,531,-0.006206361520558534
2025-04-04,12550,12750,12550,12550,708,-0.020296643247462942
2025-04-07,12500,12500,11900,11900,703,-0.05179282868525892
2025-04-08,11900,12110,11900,12080,309,0.015126050420168013
2025-04-09,12080,12210,12080,12190,220,0.009105960264900625
2025-04-10,12340,12340,11790,12100,1519,-0.007383100902379036
2025-04-11,12090,12090,11950,12090,472,-0.0008264462809917106
2025-04-14,12200,12290,12200,12290,951,0.016542597187758412
2025-04-15,12300,12300,12040,12230,1847,-0.004882017900732283
2025-04-16,12230,12550,12230,12540,624,0.025347506132461062
2025-04-17,12540,12690,12490,12690,857,0.011961722488038173
2025-04-18,12900,13280,12740,13280,943,0.046493301812450705
2025-04-21,13780,13780,13200,13750,2266,0.03539156626506035
2025-04-22,13800,13950,13680,13950,932,0.014545454545454639
2025-04-23,13950,13950,13700,13880,1738,-0.00501792114695343
2025-04-24,14000,14000,13820,14000,385,0.008645533141210304
2025-04-25,14100,14100,13740,14000,1836,0.0
2025-04-28,14150,14150,13750,13770,1141,-0.01642857142857146
2025-04-29,13980,13980,13720,13850,1170,0.005809731299927456
2025-04-30,14120,14120,13650,13700,528,-0.010830324909747335
2025-05-02,13810,13810,13670,13690,603,-0.0007299270072992359
2025-05-07,13870,13870,13000,13100,2402,-0.043097151205259365
2025-05-08,13100,13230,12950,13020,816,-0.006106870229007688
2025-05-09,12850,12900,12800,12890,795,-0.009984639016897057
2025-05-12,12500,12750,12220,12240,3694,-0.05042668735453837
2025-05-13,12540,12540,12250,12420,1823,0.014705882352941124
2025-05-14,12590,12590,12350,12350,1093,-0.005636070853462183
2025-05-15,12750,12750,12350,12740,3378,0.03157894736842115
2025-05-16,12850,12850,12740,12750,361,0.0007849293563579884
2025-05-19,13200,13200,13090,13100,1310,0.027450980392156765
2025-05-20,13390,13390,13030,13340,2153,0.018320610687022842
2025-05-21,13370,13370,13250,13350,1270,0.0007496251874063997
2025-05-22,13350,13600,13350,13590,1576,0.01797752808988773
2025-05-23,13810,13810,13600,13690,1104,0.00735835172921262
2025-05-26,13760,14000,13760,13880,1507,0.013878743608473298
2025-05-27,14250,14290,14170,14260,1697,0.027377521613832778
2025-05-28,14300,14330,14000,14300,2032,0.0028050490883591017
2025-05-29,14290,14310,14080,14080,1160,-0.01538461538461533
2025-05-30,14100,14120,13800,13800,1787,-0.019886363636363646
2025-06-02,13620,13900,13620,13880,368,0.005797101449275255
2025-06-04,14150,14260,13890,14260,507,0.027377521613832778
2025-06-05,14340,14400,14060,14360,2618,0.007012622720897532
2025-06-09,14340,14820,14340,14820,2904,0.03203342618384397
2025-06-10,15030,15270,15010,15210,3112,0.026315789473684292
2025-06-11,15210,15210,14820,15050,2034,-0.01051939513477973
2025-06-12,15440,15440,15250,15250,1383,0.013289036544850585
2025-06-13,15250,15250,14820,15240,2191,-0.0006557377049180024
2025-06-16,15350,15440,15110,15370,3284,0.00853018372703418
2025-06-17,15440,15440,15100,15150,3678,-0.014313597918022114
2025-06-18,15150,15150,14640,14640,944,-0.03366336633663369
2025-06-19,14750,14940,14400,14500,623,-0.0095628415300546
2025-06-20,14410,15190,14410,15120,1908,0.04275862068965508
2025-06-23,15290,15300,15190,15290,3251,0.011243386243386277
2025-06-24,15350,15610,15350,15510,1449,0.014388489208633004
2025-06-25,15620,15620,15360,15520,2727,0.0006447453255964408
2025-06-26,15150,15360,15100,15360,974,-0.010309278350515427
2025-06-27,15600,15780,15310,15550,899,0.01236979166666674
2025-06-30,15550,15550,15370,15480,397,-0.004501607717041778
2025-07-01,15540,15710,15500,15530,1445,0.00322997416020665
2025-07-02,16000,16000,15470,15710,362,0.011590470057952329
2025-07-03,15710,15710,15450,15600,823,-0.00700190961171232
2025-07-04,16000,16000,15280,15650,683,0.0032051282051281937
2025-07-07,15650,15650,13550,15490,940,-0.010223642172523917
2025-07-08,15550,15630,15310,15530,655,0.002582311168495721
2025-07-09,15310,15380,15230,15270,1109,-0.016741790083708907
2025-07-10,15350,15350,15130,15250,686,-0.0013097576948264411
2025-07-11,15490,15490,15250,15460,566,0.013770491803278606
2025-07-14,15750,15750,15540,15700,344,0.015523932729624823
2025-07-15,15750,15750,15620,15750,2313,0.0031847133757962887
2025-07-16,16200,16200,16060,16060,41248,0.019682539682539746
2025-07-17,16250,16250,15750,16000,2154,-0.0037359900373599153
2025-07-18,16430,16430,15940,16090,1216,0.005624999999999991
2025-07-21,16350,16350,15900,16060,757,-0.0018645121193288094
2025-07-22,16060,16130,15970,16000,325,-0.0037359900373599153
2025-07-23,15800,15800,15600,15750,531,-0.015625
2025-07-24,15750,15750,15400,15400,1625,-0.022222222222222254
2025-07-25,15300,15300,14900,14930,2833,-0.030519480519480502
2025-07-28,14850,14930,14800,14930,241,0.0
2025-07-29,14650,14650,14430,14570,4496,-0.024112525117213623
2025-07-30,14300,14300,14150,14290,3133,-0.019217570350034352
2025-07-31,14210,14280,14150,14210,675,-0.005598320503848897
2025-08-01,13930,13930,13750,13750,1207,-0.032371569317382165
2025-08-04,13740,13740,13600,13600,569,-0.010909090909090868
2025-08-05,13610,13860,13600,13600,2049,0.0
2025-08-06,13600,13600,13360,13480,1742,-0.008823529411764675
2025-08-07,13480,13480,13460,13460,412,-0.0014836795252225476
2025-08-08,13480,13480,13450,13470,2250,0.0007429420505200568
2025-08-11,13400,13550,13400,13500,3571,0.00222717149220486
2025-08-12,13500,13750,13430,13570,842,0.005185185185185182
2025-08-13,13420,13420,13320,13320,658,-0.018422991893883522
2025-08-14,13300,13340,13260,13340,746,0.0015015015015014122
2025-08-18,13310,13310,12910,13190,871,-0.011244377811094441
2025-08-19,13050,13050,12920,12940,1618,-0.018953752843062888
2025-08-20,12940,12940,12830,12930,150,-0.0007727975270479526
2025-08-21,12830,12930,12830,12930,1716,0.0
2025-08-22,12930,12930,12900,12900,823,-0.002320185614849146
2025-08-25,12930,12930,12830,12830,7935,-0.005426356589147252
2025-08-26,12830,12930,12830,12930,432,0.0077942322681214815
2025-08-27,12920,12930,12900,12930,1464,0.0
2025-08-28,12930,13550,12920,12920,11766,-0.0007733952049496784
2025-08-29,12930,12930,12860,12920,3229,0.0
2025-09-01,12800,12920,12700,12910,2155,-0.0007739938080495445
2025-09-02,12920,12920,12810,12810,456,-0.0077459333849728695
2025-09-03,12800,12800,12660,12660,2626,-0.011709601873536313
2025-09-04,12650,12660,12550,12650,2419,-0.0007898894154818592
2025-09-05,12950,12950,12900,12930,785,0.02213438735177875
2025-09-08,12730,13170,12730,13170,8209,0.018561484918793614
2025-09-09,13290,13750,13290,13630,3278,0.03492786636294598
2025-09-10,13840,13840,13600,13680,1326,0.003668378576669129
2025-09-11,14000,14000,13810,13900,743,0.016081871345029253
2025-09-12,14050,14050,13630,13950,1136,0.003597122302158251
2025-09-15,14100,14100,13940,13940,111,-0.0007168458781362519
2025-09-16,14090,14090,13710,13800,95,-0.010043041606886627
2025-09-17,13990,13990,13780,13790,41,-0.0007246376811593791
2025-09-18,13790,13900,13640,13900,421,0.00797679477882518
2025-09-19,14150,14150,13800,13880,167,-0.0014388489208633226
2025-09-22,14000,14000,13700,13800,860,-0.0057636887608069065
2025-09-23,13990,13990,13700,13820,56,0.0014492753623187582
2025-09-24,13990,13990,13830,13890,228,0.005065123010130179
2025-09-25,13890,13890,13690,13690,98,-0.014398848092152639
2025-09-26,13990,13990,13160,13350,1507,-0.0248356464572681
2025-09-29,13330,13490,13330,13480,4080,0.009737827715355696
2025-09-30,13480,13570,13340,13490,104,0.0007418397626113293
2025-10-01,13740,13740,13500,13730,789,0.01779095626389915
2025-10-02,13900,13900,13540,13740,306,0.0007283321194464509
