Date,Open,High,Low,Close,Volume,Change
2022-01-03,10900,11000,10800,10850,64551,-0.004587155963302725
2022-01-04,10900,11150,10850,11100,63482,0.02304147465437789
2022-01-05,11050,11450,11000,11250,143338,0.013513513513513598
2022-01-06,11050,11200,10850,11000,79602,-0.022222222222222254
2022-01-07,11050,11250,11000,11050,80546,0.00454545454545463
2022-01-10,11100,11100,10800,10850,88172,-0.018099547511312264
2022-01-11,10850,10950,10500,10850,132433,0.0
2022-01-12,10900,11200,10900,11100,107945,0.02304147465437789
2022-01-13,11100,11100,10900,11000,56082,-0.009009009009009028
2022-01-14,10900,10900,10700,10750,84871,-0.022727272727272707
2022-01-17,10750,10800,10450,10600,82524,-0.013953488372092981
2022-01-18,10550,11050,10450,10850,349628,0.02358490566037741
2022-01-19,10900,11100,10650,10800,249393,-0.004608294930875556
2022-01-20,10700,10950,10500,10950,108318,0.01388888888888884
2022-01-21,10850,10950,10550,10700,128602,-0.022831050228310557
2022-01-24,10600,11000,10550,10600,358053,-0.009345794392523366
2022-01-25,10650,10700,10100,10100,316115,-0.047169811320754707
2022-01-26,10150,10350,10000,10200,100616,0.00990099009900991
2022-01-27,10200,10300,9790,9810,126353,-0.038235294117647034
2022-01-28,9840,10250,9800,10150,76113,0.03465851172273182
2022-02-03,10300,10750,10300,10500,115417,0.034482758620689724
2022-02-04,10450,10700,10400,10700,81060,0.01904761904761898
2022-02-07,10800,11000,10550,10750,177932,0.004672897196261738
2022-02-08,10750,10800,10500,10700,66924,-0.0046511627906976605
2022-02-09,10750,11050,10650,10900,116250,0.01869158878504673
2022-02-10,11000,11000,10700,10800,48819,-0.00917431192660545
2022-02-11,10650,10750,10550,10700,64609,-0.0092592592592593
2022-02-14,10750,11400,10650,11000,611396,0.028037383177569986
2022-02-15,10900,11000,10500,10600,168709,-0.036363636363636376
2022-02-16,10750,10850,10600,10750,84208,0.014150943396226356
2022-02-17,10800,11050,10650,10850,187503,0.009302325581395321
2022-02-18,10400,10650,10350,10650,173540,-0.018433179723502335
2022-02-21,10600,10800,10450,10650,110768,0.0
2022-02-22,10600,11650,10550,10950,1023245,0.028169014084507005
2022-02-23,10950,11000,10800,10900,165039,-0.004566210045662156
2022-02-24,10900,12200,10850,11650,2022708,0.0688073394495412
2022-02-25,10850,11250,10600,10800,922987,-0.07296137339055797
2022-02-28,10800,10900,10500,10650,316974,-0.01388888888888884
2022-03-02,10900,11250,10850,11100,422119,0.04225352112676051
2022-03-03,11150,11800,11100,11700,621232,0.054054054054053946
2022-03-04,11550,11550,11250,11400,271239,-0.02564102564102566
2022-03-07,11800,11850,11300,11350,417370,-0.004385964912280715
2022-03-08,11350,11700,10850,11150,304523,-0.017621145374449365
2022-03-10,10850,11100,10700,11100,150938,-0.004484304932735439
2022-03-11,10950,11100,10900,10950,129908,-0.013513513513513487
2022-03-14,10950,11150,10800,10950,115991,0.0
2022-03-15,10900,11000,10800,10900,71558,-0.004566210045662156
2022-03-16,10950,11050,10900,11000,88348,0.00917431192660545
2022-03-17,11050,11050,10900,11050,71286,0.00454545454545463
2022-03-18,11100,11450,11000,11300,158912,0.02262443438914019
2022-03-21,11400,11650,11300,11400,155285,0.008849557522123908
2022-03-22,11500,11850,11450,11600,197793,0.01754385964912286
2022-03-23,11550,11750,11400,11650,165705,0.004310344827586299
2022-03-24,11650,11750,11400,11450,143594,-0.01716738197424894
2022-03-25,11500,12600,11350,12500,1058377,0.09170305676855905
2022-03-28,12500,12900,12400,12400,742718,-0.008000000000000007
2022-03-29,12500,13550,12500,12750,1289893,0.02822580645161299
2022-03-30,12600,12650,12100,12250,328826,-0.039215686274509776
2022-03-31,12200,12450,11950,12200,204176,-0.004081632653061273
2022-04-01,12150,12750,12100,12250,269326,0.004098360655737654
2022-04-04,12250,12850,12000,12750,273036,0.04081632653061229
2022-04-05,12650,12700,12400,12550,142253,-0.015686274509803977
2022-04-06,12350,12650,12300,12500,125320,-0.003984063745019917
2022-04-07,12450,13200,12300,12350,379307,-0.01200000000000001
2022-04-08,12350,12350,11800,11850,238583,-0.04048582995951422
2022-04-11,11900,12300,11600,12300,156593,0.03797468354430378
2022-04-12,12100,13000,12050,12600,583748,0.024390243902439046
2022-04-13,12700,12700,12300,12550,166251,-0.003968253968253954
2022-04-14,12600,13100,12400,13050,388957,0.03984063745019917
2022-04-15,13050,13050,12650,12900,214684,-0.011494252873563204
2022-04-18,12800,13250,12500,12700,228824,-0.015503875968992276
2022-04-19,12650,12800,12550,12800,110782,0.007874015748031482
2022-04-20,13050,13650,12450,12450,697624,-0.02734375
2022-04-21,12350,12500,12050,12300,255243,-0.012048192771084376
2022-04-22,12150,12450,12050,12400,112902,0.008130081300812941
2022-04-25,12150,12350,11950,12000,187782,-0.032258064516129004
2022-04-26,12050,12300,11850,12250,176898,0.02083333333333326
2022-04-27,12200,12700,11950,12500,294930,0.020408163265306145
2022-04-28,12450,12550,12100,12200,143927,-0.02400000000000002
2022-04-29,12250,13200,12250,13000,868625,0.06557377049180335
2022-05-02,12800,13250,12750,12900,287408,-0.007692307692307665
2022-05-03,12900,13600,12650,13600,636085,0.054263565891472965
2022-05-04,13550,13750,13250,13550,444993,-0.003676470588235281
2022-05-06,13350,14400,12800,12900,956499,-0.047970479704797064
2022-05-09,12600,12900,12200,12750,380373,-0.011627906976744207
2022-05-10,12450,12650,12000,12200,236798,-0.04313725490196074
2022-05-11,12150,12600,12000,12000,178579,-0.016393442622950838
2022-05-12,11850,12200,11600,11600,246608,-0.033333333333333326
2022-05-13,11700,11850,11600,11700,112427,0.008620689655172376
2022-05-16,11850,12200,11800,11950,147455,0.02136752136752129
2022-05-17,12050,12250,11900,11950,103555,0.0
2022-05-18,12150,12150,11750,11850,144156,-0.008368200836820106
2022-05-19,11600,11800,11550,11650,109524,-0.016877637130801704
2022-05-20,11700,11950,11650,11800,114761,0.012875536480686733
2022-05-23,11900,12600,11850,12600,281901,0.06779661016949157
2022-05-24,12550,12600,12050,12100,129002,-0.03968253968253965
2022-05-25,12100,13000,12100,12750,438735,0.05371900826446274
2022-05-26,12900,13800,12700,13350,1042641,0.04705882352941182
2022-05-27,13600,13650,12950,12950,294170,-0.029962546816479363
2022-05-30,13050,13300,12650,12850,204449,-0.007722007722007707
2022-05-31,12900,13600,12800,13250,331994,0.03112840466926059
2022-06-02,13150,13450,12800,12800,185806,-0.03396226415094339
2022-06-03,12750,12900,12550,12700,121389,-0.0078125
2022-06-07,12700,12900,12400,12650,153321,-0.003937007874015741
2022-06-08,12750,13050,12650,12650,166540,0.0
2022-06-09,12750,13500,12750,13400,504056,0.059288537549407216
2022-06-10,13200,13800,13150,13450,394458,0.003731343283582156
2022-06-13,13150,13150,12000,12050,401238,-0.10408921933085502
2022-06-14,11600,11950,11050,11450,443571,-0.049792531120331995
2022-06-15,11300,11500,10750,10900,260501,-0.048034934497816595
2022-06-16,11250,11550,11050,11050,176639,0.013761467889908285
2022-06-17,10750,11150,10500,10900,93561,-0.013574660633484115
2022-06-20,11150,11150,10150,10350,244748,-0.050458715596330306
2022-06-21,10450,10850,10400,10550,123802,0.019323671497584627
2022-06-22,10700,10950,9990,9990,258728,-0.05308056872037914
2022-06-23,10000,10150,9330,9350,272640,-0.06406406406406406
2022-06-24,9320,9870,9320,9870,149760,0.05561497326203213
2022-06-27,9910,10350,9850,10200,108237,0.033434650455927084
2022-06-28,10100,10350,10050,10250,53050,0.004901960784313708
2022-06-29,10100,10650,10050,10500,120122,0.024390243902439046
2022-06-30,10500,10850,10350,10700,150130,0.01904761904761898
2022-07-01,10650,10700,9980,10000,133821,-0.06542056074766356
2022-07-04,10200,10200,9570,9740,101918,-0.026000000000000023
2022-07-05,9820,10350,9820,10300,84627,0.05749486652977409
2022-07-06,10300,10500,10200,10350,64742,0.004854368932038833
2022-07-07,10400,10500,10200,10400,46676,0.004830917874396157
2022-07-08,10550,10550,10100,10200,74445,-0.019230769230769273
2022-07-11,10250,10400,10100,10300,45731,0.009803921568627416
2022-07-12,10200,10200,9990,10050,71156,-0.024271844660194164
2022-07-13,9960,10150,9880,10100,105813,0.004975124378109541
2022-07-14,10000,10100,9850,10050,56605,-0.004950495049504955
2022-07-15,10050,10150,9780,9980,77777,-0.006965174129353269
2022-07-18,10100,10350,10000,10350,78856,0.03707414829659328
2022-07-19,10250,10450,10200,10400,48427,0.004830917874396157
2022-07-20,10500,10750,10300,10500,74805,0.009615384615384581
2022-07-21,10550,10600,10400,10500,34224,0.0
2022-07-22,10450,10700,10350,10500,66032,0.0
2022-07-25,10450,10550,10350,10550,41144,0.004761904761904745
2022-07-26,10600,10750,10500,10700,46600,0.014218009478673022
2022-07-27,10650,10800,10500,10750,42027,0.004672897196261738
2022-07-28,10800,10850,10500,10600,55318,-0.013953488372092981
2022-07-29,10600,10650,10450,10650,59549,0.004716981132075526
2022-08-01,10650,10750,10600,10700,33716,0.0046948356807512415
2022-08-02,10650,10700,10500,10700,50880,0.0
2022-08-03,10700,10900,10650,10850,65453,0.014018691588784993
2022-08-04,10850,11000,10750,10900,66604,0.004608294930875667
2022-08-05,10850,11000,10800,10900,48227,0.0
2022-08-08,10900,11000,10800,10950,28727,0.004587155963302836
2022-08-09,10950,11000,10800,10850,33950,-0.0091324200913242
2022-08-10,10850,10850,10600,10750,40367,-0.009216589861751112
2022-08-11,10850,10950,10750,10950,41082,0.018604651162790642
2022-08-12,10950,11050,10600,10950,94173,0.0
2022-08-16,11000,11050,10850,10900,30069,-0.004566210045662156
2022-08-17,10750,10850,10600,10650,90758,-0.022935779816513735
2022-08-18,10650,10750,10450,10750,60791,0.009389671361502261
2022-08-19,10800,10900,10700,10750,53105,0.0
2022-08-22,10700,10700,10400,10500,70403,-0.023255813953488413
2022-08-23,10350,11150,10150,10400,321708,-0.00952380952380949
2022-08-24,10350,10450,10200,10350,45943,-0.004807692307692291
2022-08-25,10350,10500,10350,10500,47819,0.01449275362318847
2022-08-26,10450,10550,10350,10450,39190,-0.004761904761904745
2022-08-29,10050,10200,10000,10100,91965,-0.03349282296650713
2022-08-30,10150,10300,10100,10250,61214,0.014851485148514865
2022-08-31,10250,10300,10100,10300,23103,0.004878048780487809
2022-09-01,10200,10200,9990,10050,57681,-0.024271844660194164
2022-09-02,10100,10200,10050,10200,37463,0.014925373134328401
2022-09-05,10100,10200,9970,10050,53865,-0.014705882352941124
2022-09-06,10000,10150,10000,10100,24152,0.004975124378109541
2022-09-07,10100,10100,9840,9880,73523,-0.0217821782178218
2022-09-08,9950,10000,9810,9850,46257,-0.0030364372469635637
2022-09-13,9990,10150,9930,10150,58994,0.030456852791878264
2022-09-14,9850,10050,9830,10050,36863,-0.009852216748768461
2022-09-15,10050,10050,9910,10050,34283,0.0
2022-09-16,10000,10000,9900,9970,17404,-0.007960199004975133
2022-09-19,10000,10050,9770,9770,46955,-0.02006018054162484
2022-09-20,9780,9950,9780,9920,22140,0.01535312180143289
2022-09-21,9830,9930,9820,9860,20585,-0.006048387096774244
2022-09-22,9780,9830,9430,9680,83089,-0.018255578093306246
2022-09-23,9680,9680,8950,9110,107786,-0.058884297520661155
2022-09-26,9110,9140,8400,8560,116949,-0.060373216245883654
2022-09-27,8390,8670,8340,8650,99444,0.010514018691588856
2022-09-28,8510,8690,7800,8300,114294,-0.040462427745664775
2022-09-29,8400,8810,8400,8540,121379,0.028915662650602414
2022-09-30,8350,8600,8170,8520,62322,-0.0023419203747072626
2022-10-04,8620,8750,8530,8750,28955,0.02699530516431925
2022-10-05,8890,8920,8500,8630,38045,-0.013714285714285679
2022-10-06,8630,8840,8630,8820,22237,0.022016222479721792
2022-10-07,8820,8840,8630,8770,25249,-0.005668934240362855
2022-10-11,8620,8620,8190,8420,76917,-0.039908779931584926
2022-10-12,8300,8490,8190,8360,94350,-0.0071258907363420665
2022-10-13,8290,8350,7900,7900,71571,-0.055023923444976086
2022-10-14,8040,8370,7980,8370,45751,0.059493670886076044
2022-10-17,8190,8420,8110,8420,24340,0.005973715651135025
2022-10-18,8540,8680,8390,8680,29016,0.030878859857482288
2022-10-19,8720,8720,8510,8580,18604,-0.011520737327188946
2022-10-20,8650,8720,8450,8560,18493,-0.002331002331002363
2022-10-21,8640,8640,8410,8460,20087,-0.011682242990654235
2022-10-24,8550,8670,8440,8510,24574,0.005910165484633634
2022-10-25,8580,8580,8000,8480,24155,-0.003525264394829586
2022-10-26,8480,8550,8320,8450,16530,-0.003537735849056589
2022-10-27,8410,8550,8410,8480,19069,0.0035502958579882726
2022-10-28,8480,8540,8390,8480,13360,0.0
2022-10-31,8510,8650,8490,8640,34739,0.018867924528301883
2022-11-01,8590,8740,8590,8670,11730,0.003472222222222321
2022-11-02,8670,8750,8570,8690,14807,0.0023068050749712743
2022-11-03,8590,8670,8530,8670,24259,-0.0023014959723820505
2022-11-04,8630,8720,8520,8700,16714,0.0034602076124568004
2022-11-07,9000,9070,8800,8980,98919,0.03218390804597693
2022-11-08,8980,9100,8960,9090,22232,0.012249443207126953
2022-11-09,9090,9160,8850,9000,53371,-0.00990099009900991
2022-11-10,8870,8980,8840,8940,12240,-0.00666666666666671
2022-11-11,9090,9140,8980,9080,55498,0.015659955257270708
2022-11-14,9160,9280,9020,9080,61366,0.0
2022-11-15,9200,9280,9070,9260,35792,0.01982378854625555
2022-11-16,9300,9300,9100,9210,39000,-0.005399568034557212
2022-11-17,9210,9250,9140,9180,15274,-0.0032573289902280145
2022-11-18,9210,9290,9050,9130,37488,-0.005446623093681935
2022-11-21,9120,9120,8820,8930,46577,-0.02190580503833517
2022-11-22,8930,8940,8830,8930,22427,0.0
2022-11-23,8900,8990,8860,8980,28926,0.005599104143336975
2022-11-24,8940,9110,8940,9110,20646,0.014476614699331813
2022-11-25,9120,9150,9040,9110,14404,0.0
2022-11-28,9100,9100,8790,8900,49378,-0.023051591657519244
2022-11-29,8840,8970,8790,8970,17430,0.00786516853932584
2022-11-30,8980,9060,8920,8990,20634,0.0022296544035673715
2022-12-01,9000,9400,8990,9140,37341,0.016685205784204626
2022-12-02,9140,9160,8980,9070,29286,-0.007658643326039383
2022-12-05,9110,10650,9100,9510,5850501,0.04851157662624028
2022-12-06,9530,9530,9260,9270,245236,-0.025236593059936863
2022-12-07,9200,9260,9010,9050,216297,-0.02373247033441206
2022-12-08,8960,9050,8860,8930,168068,-0.013259668508287303
2022-12-09,8950,9130,8890,9080,91113,0.016797312430011146
2022-12-12,9060,9330,9060,9150,113377,0.007709251101321479
2022-12-13,9150,9370,9150,9250,113083,0.010928961748633892
2022-12-14,9320,9750,9320,9470,546039,0.023783783783783763
2022-12-15,9560,9560,9380,9400,105149,-0.007391763463569179
2022-12-16,9220,9550,9150,9450,97605,0.005319148936170137
2022-12-19,9450,9520,9250,9330,80112,-0.012698412698412653
2022-12-20,9370,9370,9010,9060,95363,-0.02893890675241162
2022-12-21,9080,9360,8950,9300,75008,0.026490066225165476
2022-12-22,9310,9510,9170,9250,37852,-0.005376344086021501
2022-12-23,9210,9210,8950,8980,58409,-0.029189189189189224
2022-12-26,8900,9040,8850,8890,66490,-0.010022271714922093
2022-12-27,8830,9020,8820,8940,38610,0.0056242969628796935
2022-12-28,8860,8940,8750,8810,54123,-0.014541387024608499
2022-12-29,8720,8820,8520,8540,56694,-0.030646992054483513
2023-01-02,8550,8700,8320,8320,32420,-0.025761124121779888
2023-01-03,8310,8470,8100,8400,51237,0.009615384615384581
2023-01-04,8270,8590,8260,8590,28199,0.02261904761904754
2023-01-05,8600,8710,8440,8580,22183,-0.0011641443538998875
2023-01-06,8580,8720,8490,8720,27591,0.01631701631701632
2023-01-09,8840,8900,8740,8900,36053,0.020642201834862428
2023-01-10,8900,8990,8820,8990,28863,0.010112359550561889
2023-01-11,9000,9110,8940,9050,53718,0.006674082313681939
2023-01-12,9080,9090,8990,9080,28368,0.0033149171270718814
2023-01-13,9100,9150,9020,9110,38503,0.0033039647577093323
2023-01-16,9130,9220,9080,9170,24181,0.00658616904500553
2023-01-17,9210,10400,9000,9050,1407399,-0.013086150490730697
2023-01-18,9080,9260,9000,9030,88992,-0.0022099447513812542
2023-01-19,8970,9090,8970,9020,55713,-0.001107419712070845
2023-01-20,9000,9220,8970,9220,46228,0.022172949002217335
2023-01-25,9260,9310,9200,9240,40575,0.002169197396963085
2023-01-26,9200,9320,9200,9260,44057,0.0021645021645022577
2023-01-27,9350,9370,9230,9320,36451,0.00647948164146861
2023-01-30,9390,9440,9200,9260,34739,-0.006437768240343367
2023-01-31,9260,9730,9210,9500,218724,0.02591792656587466
2023-02-01,9590,9590,9310,9450,63741,-0.0052631578947368585
2023-02-02,9530,9590,9410,9500,50574,0.005291005291005346
2023-02-03,9540,9730,9440,9640,82955,0.01473684210526316
2023-02-06,9600,9700,9510,9640,40819,0.0
2023-02-07,9640,9840,9550,9700,57570,0.006224066390041472
2023-02-08,9710,9800,9650,9710,37967,0.0010309278350515427
2023-02-09,9660,9780,9600,9670,42059,-0.004119464469618972
2023-02-10,9670,9720,9380,9430,84533,-0.024819027921406445
2023-02-13,9430,9570,9410,9490,42324,0.006362672322375307
2023-02-14,9490,9660,9470,9490,59096,0.0
2023-02-15,9550,9550,9180,9260,92203,-0.02423603793466811
2023-02-16,9260,9380,9250,9300,42038,0.004319654427645814
2023-02-17,9260,9430,9200,9370,17440,0.007526881720430145
2023-02-20,9410,9510,9210,9510,21165,0.014941302027748238
2023-02-21,9510,9690,9490,9570,47369,0.006309148264984188
2023-02-22,9570,9630,9290,9330,45771,-0.025078369905956133
2023-02-23,9310,9400,9240,9300,38233,-0.003215434083601254
2023-02-24,9300,9310,9100,9230,52338,-0.007526881720430145
2023-02-27,9230,9700,9230,9500,171156,0.02925243770314201
2023-02-28,9560,9580,9410,9510,25087,0.001052631578947416
2023-03-02,9540,9610,9460,9560,38764,0.00525762355415349
2023-03-03,9680,9730,9550,9600,47561,0.004184100418409997
2023-03-06,9600,9660,9500,9550,37218,-0.00520833333333337
2023-03-07,9550,9720,9490,9620,97067,0.00732984293193728
2023-03-08,9580,9580,9160,9180,181587,-0.04573804573804574
2023-03-09,9160,9410,9150,9290,51188,0.011982570806100323
2023-03-10,9120,9280,9020,9030,67135,-0.027987082884822434
2023-03-13,9030,9090,8770,8980,64769,-0.0055370985603543366
2023-03-14,8900,9040,8540,8560,95263,-0.04677060133630284
2023-03-15,8670,8810,8650,8760,25244,0.02336448598130847
2023-03-16,8760,8810,8600,8630,44398,-0.014840182648401812
2023-03-17,8650,8940,8640,8870,36807,0.02780996523754342
2023-03-20,8870,8950,8710,8840,33405,-0.0033821871476887866
2023-03-21,8970,8970,8820,8900,22999,0.006787330316742057
2023-03-22,8920,8970,8780,8860,35579,-0.004494382022471877
2023-03-23,8850,8850,8610,8700,70859,-0.018058690744920947
2023-03-24,8650,8790,8640,8720,25037,0.0022988505747125743
2023-03-27,8720,8830,8520,8730,41603,0.0011467889908256534
2023-03-28,8760,8840,8680,8790,25835,0.0068728522336769515
2023-03-29,8810,8820,8660,8800,26355,0.0011376564277587597
2023-03-30,8750,8890,8720,8850,44994,0.005681818181818121
2023-03-31,8830,8910,8730,8910,43399,0.006779661016949046
2023-04-03,8890,8950,8820,8920,24945,0.001122334455667895
2023-04-04,8950,9150,8920,9080,77569,0.017937219730941756
2023-04-05,9150,9230,9050,9090,49408,0.0011013215859030367
2023-04-06,9310,9310,8940,8970,45100,-0.01320132013201325
2023-04-07,9020,9140,8870,9130,31992,0.01783723522853964
2023-04-10,9130,9180,8860,8960,59816,-0.018619934282584905
2023-04-11,8960,9050,8770,9010,108494,0.005580357142857206
2023-04-12,8980,9160,8980,9100,52183,0.009988901220865598
2023-04-13,9100,9500,9080,9250,106820,0.016483516483516425
2023-04-14,9280,9430,9270,9290,86245,0.00432432432432428
2023-04-17,9390,9430,9140,9320,88723,0.0032292787944026013
2023-04-18,9300,9450,9180,9290,58643,-0.0032188841201716833
2023-04-19,9290,9380,9250,9320,39388,0.0032292787944026013
2023-04-20,9220,9320,8970,9000,96802,-0.03433476394849788
2023-04-21,9000,9050,8830,8940,38906,-0.00666666666666671
2023-04-24,8940,9120,8880,8880,27341,-0.006711409395973145
2023-04-25,8880,9000,8710,8800,52058,-0.009009009009009028
2023-04-26,8780,8870,8570,8810,47910,0.001136363636363713
2023-04-27,8810,8830,8550,8710,79831,-0.011350737797956922
2023-04-28,8720,8750,8560,8640,56201,-0.008036739380022917
2023-05-02,8640,8880,8630,8790,35970,0.01736111111111116
2023-05-03,8690,8900,8690,8690,25054,-0.011376564277588153
2023-05-04,8620,8810,8620,8780,26435,0.010356731875719172
2023-05-08,8780,8890,8770,8890,27467,0.01252847380410027
2023-05-09,8910,8960,8800,8840,26689,-0.0056242969628796935
2023-05-10,8810,8910,8760,8770,23642,-0.007918552036199067
2023-05-11,8950,9460,8950,9080,391146,0.03534777651083232
2023-05-12,9040,9270,8990,9210,99328,0.014317180616740144
2023-05-15,9220,9230,8950,9070,97643,-0.015200868621064068
2023-05-16,9220,9910,9060,9550,939280,0.05292171995589867
2023-05-17,9490,9800,9360,9390,314022,-0.01675392670157072
2023-05-18,9390,9460,9210,9210,161485,-0.019169329073482455
2023-05-19,9210,9360,9150,9320,85231,0.011943539630836053
2023-05-22,9320,9580,9320,9400,93135,0.008583690987124415
2023-05-23,9350,9470,9290,9400,53549,0.0
2023-05-24,9650,9800,9500,9500,335437,0.010638297872340496
2023-05-25,9500,9580,9250,9280,84528,-0.023157894736842155
2023-05-26,9280,9360,9160,9230,57772,-0.0053879310344827624
2023-05-30,9250,9300,9150,9240,45218,0.0010834236186347823
2023-05-31,9200,9320,9190,9190,23761,-0.005411255411255422
2023-06-01,9280,9300,9080,9200,36659,0.0010881392818280489
2023-06-02,9200,9300,9190,9260,35505,0.006521739130434856
2023-06-05,9220,9430,9220,9310,46824,0.005399568034557323
2023-06-07,9280,9380,9200,9230,39831,-0.008592910848549962
2023-06-08,9230,9230,9010,9110,39170,-0.013001083423618609
2023-06-09,9130,9180,9000,9050,41228,-0.00658616904500553
2023-06-12,9130,9130,9010,9040,32497,-0.0011049723756906271
2023-06-13,9040,9160,8970,8980,62162,-0.006637168141592875
2023-06-14,9030,9030,8850,8850,69819,-0.014476614699331813
2023-06-15,8900,8950,8770,8800,40718,-0.005649717514124242
2023-06-16,8890,8970,8840,8920,15737,0.013636363636363669
2023-06-19,8900,9120,8870,9070,38661,0.01681614349775784
2023-06-20,9040,9260,9010,9190,71080,0.013230429988974723
2023-06-21,9190,9320,9140,9280,45643,0.009793253536452662
2023-06-22,9190,9340,9160,9160,61389,-0.012931034482758674
2023-06-23,9160,9260,9090,9130,42142,-0.0032751091703057122
2023-06-26,9130,9420,9090,9300,47421,0.018619934282584794
2023-06-27,9280,9370,9170,9230,36212,-0.007526881720430145
2023-06-28,9260,9380,9230,9270,39665,0.004333694474539573
2023-06-29,9280,9380,9110,9120,33453,-0.016181229773462813
2023-06-30,9100,9240,9040,9240,23358,0.013157894736842035
2023-07-03,9210,9330,9140,9150,47961,-0.009740259740259716
2023-07-04,9150,9150,9070,9130,25079,-0.002185792349726823
2023-07-05,9100,9150,8950,8950,48026,-0.019715224534501696
2023-07-06,8950,9020,8810,8820,47257,-0.01452513966480451
2023-07-07,8780,8860,8700,8730,36362,-0.010204081632653073
2023-07-10,8710,8930,8690,8900,23437,0.019473081328751363
2023-07-11,8860,8970,8840,8900,23796,0.0
2023-07-12,8880,8950,8850,8920,18571,0.0022471910112360494
2023-07-13,8920,9150,8920,8970,41161,0.005605381165919354
2023-07-14,8960,9030,8800,8920,31140,-0.005574136008918651
2023-07-17,8940,9150,8930,9020,34178,0.011210762331838486
2023-07-18,8950,9070,8870,8960,44298,-0.006651884700665134
2023-07-19,8950,9050,8900,8960,25146,0.0
2023-07-20,8960,9210,8930,9090,51691,0.014508928571428603
2023-07-21,9020,9260,9010,9030,67052,-0.0066006600660065695
2023-07-24,9080,9090,8790,8830,63755,-0.022148394241417457
2023-07-25,8790,8880,8620,8620,61621,-0.023782559456398622
2023-07-26,8620,8680,8130,8240,156697,-0.044083526682134555
2023-07-27,8130,8450,8130,8360,43974,0.014563106796116498
2023-07-28,8360,8600,8320,8570,28297,0.02511961722488043
2023-07-31,8600,8650,8530,8650,22156,0.009334889148191472
2023-08-01,8700,8700,8580,8650,37356,0.0
2023-08-02,8600,8660,8440,8550,32498,-0.011560693641618491
2023-08-03,8510,8580,8380,8580,22504,0.0035087719298245723
2023-08-04,8600,8670,8530,8670,24812,0.010489510489510412
2023-08-07,8670,8750,8600,8700,29226,0.0034602076124568004
2023-08-08,8630,8700,8550,8650,36715,-0.005747126436781658
2023-08-09,8650,8840,8570,8780,50040,0.015028901734104094
2023-08-10,8780,8940,8750,8910,37850,0.01480637813211838
2023-08-11,8940,9150,8810,8910,108545,0.0
2023-08-14,9100,9180,8940,9090,106461,0.02020202020202011
2023-08-16,9090,9090,8780,8900,66632,-0.020902090209020896
2023-08-17,8890,9050,8670,8870,41826,-0.003370786516853963
2023-08-18,8870,8870,8710,8810,27350,-0.006764374295377684
2023-08-21,8810,8950,8720,8820,25668,0.0011350737797957144
2023-08-22,8760,8950,8730,8770,31733,-0.005668934240362855
2023-08-23,8770,8860,8720,8780,24588,0.0011402508551880963
2023-08-24,8780,8930,8720,8860,29417,0.009111617312072884
2023-08-25,8790,9010,8760,9010,47925,0.016930022573363512
2023-08-28,9050,9270,8960,9050,46313,0.004439511653718142
2023-08-29,9050,9130,9010,9070,31207,0.0022099447513812542
2023-08-30,9140,9170,8960,9130,55058,0.006615214994487362
2023-08-31,9170,9330,9120,9140,69984,0.0010952902519167917
2023-09-01,9160,9160,9060,9060,26872,-0.008752735229759279
2023-09-04,9060,9170,8990,9130,33069,0.007726269315673218
2023-09-05,9060,9250,9060,9180,35327,0.005476451259583737
2023-09-06,9180,9400,9120,9270,83880,0.009803921568627416
2023-09-07,9240,9350,9120,9250,34713,-0.0021574973031284195
2023-09-08,9240,9360,9160,9330,38352,0.00864864864864856
2023-09-11,9330,9370,9030,9330,53599,0.0
2023-09-12,9320,9700,9270,9300,192240,-0.003215434083601254
2023-09-13,9300,9380,9100,9150,58092,-0.016129032258064502
2023-09-14,9150,9240,8990,9220,29754,0.007650273224043769
2023-09-15,9280,9340,9160,9230,23542,0.0010845986984815426
2023-09-18,9180,9500,9170,9400,67297,0.018418201516793076
2023-09-19,9380,9450,9090,9090,66494,-0.03297872340425534
2023-09-20,9110,9210,9000,9020,46232,-0.007700770077007646
2023-09-21,9060,9060,8780,8870,70487,-0.016629711751662946
2023-09-22,8800,8900,8780,8810,27649,-0.006764374295377684
2023-09-25,8890,8890,8670,8700,33355,-0.012485811577752526
2023-09-26,8760,8790,8620,8640,31936,-0.006896551724137945
2023-09-27,8690,8800,8610,8800,21649,0.0185185185185186
2023-10-04,8800,8800,8500,8500,43656,-0.03409090909090906
2023-10-05,8510,8650,8380,8420,37836,-0.009411764705882342
2023-10-06,8570,8590,8420,8580,13424,0.019002375296912177
2023-10-10,8600,9030,8600,8920,183966,0.03962703962703973
2023-10-11,8720,8870,8430,8810,69576,-0.012331838565022402
2023-10-12,8800,8880,8700,8780,34826,-0.0034052213393870323
2023-10-13,8850,8880,8580,8740,85874,-0.004555808656036442
2023-10-16,8860,9620,8860,9280,898404,0.06178489702517154
2023-10-17,9290,9360,9050,9280,132820,0.0
2023-10-18,9400,9410,8900,9070,147572,-0.022629310344827624
2023-10-19,9000,9000,8640,8710,139132,-0.03969128996692395
2023-10-20,8610,8920,8500,8850,140143,0.016073478760045834
2023-10-23,9680,9690,9020,9220,735778,0.041807909604519855
2023-10-24,9160,9340,8720,8790,259301,-0.04663774403470711
2023-10-25,8570,8570,8200,8270,354396,-0.059158134243458504
2023-10-26,8150,8340,8150,8210,115646,-0.00725513905683195
2023-10-27,8210,8560,8210,8300,84236,0.010962241169305775
2023-10-30,8400,8520,8230,8310,62030,0.00120481927710836
2023-10-31,8390,8630,8280,8280,105173,-0.0036101083032491488
2023-11-01,8350,8370,8160,8260,78104,-0.0024154589371980784
2023-11-02,8270,8610,8260,8580,91091,0.03874092009685226
2023-11-03,8800,8820,8480,8700,131231,0.013986013986013957
2023-11-06,8700,8730,8500,8650,77547,-0.005747126436781658
2023-11-07,8600,9790,8580,8930,2387586,0.032369942196531776
2023-11-08,9020,10410,8970,9500,5785610,0.06382978723404253
2023-11-09,9350,9500,9050,9130,600862,-0.03894736842105262
2023-11-10,8960,9680,8850,8900,916840,-0.025191675794085433
2023-11-13,8890,9080,8550,8550,254380,-0.0393258426966292
2023-11-14,8550,8850,8550,8730,108512,0.021052631578947434
2023-11-15,8790,9160,8760,9110,184503,0.043528064146620915
2023-11-16,9110,9110,8860,8970,133703,-0.015367727771679496
2023-11-17,8980,9210,8860,8990,164915,0.0022296544035673715
2023-11-20,9000,9130,8920,9070,75183,0.008898776418242438
2023-11-21,9140,9140,8930,9030,78404,-0.004410143329658167
2023-11-22,9030,9070,8860,8920,65929,-0.01218161683277963
2023-11-23,8930,9050,8900,9000,38637,0.008968609865470878
2023-11-24,8940,9030,8930,8980,45244,-0.0022222222222222365
2023-11-27,8980,9120,8800,8900,64976,-0.008908685968819552
2023-11-28,8920,8920,8790,8820,46618,-0.008988764044943864
2023-11-29,8820,8820,8700,8710,46946,-0.012471655328798237
2023-11-30,8710,8770,8650,8710,27194,0.0
2023-12-01,8780,8810,8710,8750,22307,0.004592422502870175
2023-12-04,8750,8890,8650,8780,53080,0.0034285714285713365
2023-12-05,8880,9500,8780,9150,524213,0.04214123006833703
2023-12-06,9120,9190,8910,9050,106183,-0.010928961748633892
2023-12-07,9090,9320,9000,9020,191238,-0.0033149171270717703
2023-12-08,9070,9210,9030,9160,72183,0.015521064301552201
2023-12-11,9290,9320,9070,9100,84712,-0.0065502183406113135
2023-12-12,9140,9170,9000,9160,47338,0.00659340659340657
2023-12-13,9200,9200,8960,8960,59257,-0.02183406113537123
2023-12-14,9060,9120,8960,8990,35556,0.0033482142857141906
2023-12-15,8970,9200,8940,9140,83760,0.016685205784204626
2023-12-18,9200,9200,8980,9000,57895,-0.015317286652078765
2023-12-19,9080,9090,8960,8970,35723,-0.0033333333333332993
2023-12-20,8930,9100,8930,9070,37550,0.011148272017837302
2023-12-21,9080,9080,8860,8910,60766,-0.01764057331863289
2023-12-22,8940,9080,8870,9020,39169,0.012345679012345734
2023-12-26,9030,9220,8980,9020,83622,0.0
2023-12-27,9080,9120,9010,9050,52796,0.003325942350332678
2023-12-28,9080,9130,8960,9050,50370,0.0
2024-01-02,9130,9270,9080,9210,96251,0.017679558011049812
2024-01-03,9200,9300,9100,9240,85464,0.0032573289902280145
2024-01-04,9260,9290,9030,9070,87807,-0.018398268398268414
2024-01-05,9100,9270,9040,9040,47190,-0.003307607497243681
2024-01-08,9040,9110,8910,9000,53530,-0.004424778761061954
2024-01-09,9000,9200,8950,9150,61208,0.016666666666666607
2024-01-10,9220,9220,8940,9050,50546,-0.010928961748633892
2024-01-11,9060,9100,8980,9010,32265,-0.0044198895027623974
2024-01-12,9030,9030,8770,8840,101169,-0.018867924528301883
2024-01-15,8750,8920,8750,8880,32550,0.004524886877828038
2024-01-16,8850,8930,8710,8760,41460,-0.013513513513513487
2024-01-17,8760,8830,8600,8610,70585,-0.017123287671232834
2024-01-18,8650,8800,8600,8640,35361,0.0034843205574912606
2024-01-19,8640,8880,8640,8830,45003,0.0219907407407407
2024-01-22,8880,8880,8670,8690,35176,-0.015855039637599044
2024-01-23,8670,8810,8670,8770,23681,0.009205983889528202
2024-01-24,8740,8860,8660,8720,29075,-0.005701254275940704
2024-01-25,8670,8710,8630,8630,35834,-0.010321100917431214
2024-01-26,8740,8780,8610,8700,22699,0.008111239860950192
2024-01-29,8680,8760,8650,8720,29034,0.0022988505747125743
2024-01-30,8660,8770,8650,8770,21879,0.005733944954128489
2024-01-31,8770,8770,8650,8700,23315,-0.007981755986317007
2024-02-01,8610,8710,8560,8710,62844,0.0011494252873562871
2024-02-02,8800,8800,8670,8720,31576,0.0011481056257176547
2024-02-05,8700,8730,8630,8700,38107,-0.002293577981651418
2024-02-06,8700,8700,8600,8670,27849,-0.0034482758620689724
2024-02-07,8670,8680,8610,8680,19962,0.0011534025374855261
2024-02-08,8630,8680,8610,8630,46344,-0.005760368663594417
2024-02-13,8600,8670,8580,8650,29882,0.002317497103128563
2024-02-14,8600,8640,8600,8630,20149,-0.0023121387283236983
2024-02-15,8650,8650,8540,8560,62944,-0.008111239860950192
2024-02-16,8570,8640,8540,8630,33323,0.008177570093457875
2024-02-19,8570,8620,8550,8620,42261,-0.0011587485515642815
2024-02-20,8620,8620,8560,8570,16291,-0.0058004640371229765
2024-02-21,8570,8580,8440,8440,62482,-0.01516919486581092
2024-02-22,8440,8440,8380,8380,44135,-0.007109004739336511
2024-02-23,8380,8390,8350,8350,41346,-0.0035799522673031214
2024-02-26,8360,8470,8350,8460,35599,0.013173652694610682
2024-02-27,8490,8490,8390,8440,24315,-0.0023640661938534313
2024-02-28,8420,8520,8400,8500,19738,0.007109004739336511
2024-02-29,8450,8520,8390,8420,25508,-0.009411764705882342
2024-03-04,8420,8430,8350,8400,28639,-0.002375296912114022
2024-03-05,8360,8400,8320,8350,26198,-0.005952380952380931
2024-03-06,8320,8450,8310,8450,14529,0.011976047904191711
2024-03-07,8410,8420,8200,8310,49206,-0.016568047337278125
2024-03-08,8310,8310,8200,8210,29789,-0.012033694344163681
2024-03-11,8220,8320,8160,8220,34779,0.0012180267965895553
2024-03-12,8220,8220,8120,8120,36750,-0.012165450121654486
2024-03-13,8150,8180,8100,8150,39700,0.003694581280788256
2024-03-14,8250,8290,8160,8200,24031,0.006134969325153339
2024-03-15,8170,8290,8130,8190,21411,-0.0012195121951219523
2024-03-18,8190,8240,8150,8200,15528,0.0012210012210012167
2024-03-19,8200,8220,8130,8220,18889,0.0024390243902439046
2024-03-20,8220,8400,8210,8380,47838,0.019464720194647178
2024-03-21,8380,8430,8320,8350,27750,-0.0035799522673031214
2024-03-22,8350,8400,8260,8390,24449,0.004790419161676551
2024-03-25,8390,8510,8340,8470,50547,0.009535160905840279
2024-03-26,8470,8490,8340,8430,25249,-0.0047225501770956635
2024-03-27,8370,8460,8280,8320,31599,-0.013048635824436494
2024-03-28,8280,8340,8260,8340,18093,0.0024038461538462563
2024-03-29,8290,8380,8270,8320,24702,-0.0023980815347721673
2024-04-01,8340,8350,8290,8350,27262,0.0036057692307691624
2024-04-02,8310,8360,8180,8210,38455,-0.016766467065868262
2024-04-03,8160,8190,8120,8150,29796,-0.0073081607795371095
2024-04-04,8200,8200,8110,8170,20139,0.0024539877300613355
2024-04-05,8130,8200,8100,8100,26729,-0.008567931456548328
2024-04-08,8120,8120,8010,8050,26739,-0.006172839506172867
2024-04-09,8010,8090,8000,8060,16671,0.001242236024844745
2024-04-11,8120,8170,8020,8070,21436,0.001240694789081953
2024-04-12,8050,8070,8000,8050,34784,-0.0024783147459727095
2024-04-15,8000,8000,7890,7950,40175,-0.012422360248447228
2024-04-16,7950,7950,7700,7830,81812,-0.015094339622641506
2024-04-17,7760,7880,7760,7880,21288,0.0063856960408683605
2024-04-18,7860,7910,7770,7870,20828,-0.0012690355329949554
2024-04-19,7860,8120,7800,7920,70807,0.006353240152477735
2024-04-22,7930,7980,7820,7910,127425,-0.0012626262626262985
2024-04-23,7900,7930,7670,7720,72861,-0.024020227560050622
2024-04-24,7730,7880,7730,7880,22262,0.020725388601036343
2024-04-25,7850,7960,7850,7940,10570,0.0076142131979695105
2024-04-26,7910,7990,7890,7950,12440,0.0012594458438286438
2024-04-29,8000,8040,7950,8010,10793,0.007547169811320753
2024-04-30,8010,8050,7860,8000,21366,-0.0012484394506866447
2024-05-02,7950,8080,7930,8050,18114,0.006250000000000089
2024-05-03,8060,8090,7990,8030,10903,-0.00248447204968949
2024-05-07,8030,8130,7990,8030,18757,0.0
2024-05-08,7900,8210,7900,8100,40699,0.008717310087173136
2024-05-09,8060,8140,8010,8050,12421,-0.006172839506172867
2024-05-10,8100,8100,7950,8000,20811,-0.006211180124223614
2024-05-13,8040,8040,7910,7930,25254,-0.008750000000000036
2024-05-14,7900,8010,7900,8000,15024,0.008827238335435084
2024-05-16,8000,8080,7970,8080,26381,0.010000000000000009
2024-05-17,8090,8200,8040,8160,51260,0.00990099009900991
2024-05-20,8160,8190,8030,8110,40501,-0.006127450980392135
2024-05-21,8040,8170,8040,8100,17882,-0.0012330456226880004
2024-05-22,8070,8230,8070,8110,27608,0.0012345679012346622
2024-05-23,8050,8140,8030,8090,25273,-0.002466091245376112
2024-05-24,8090,8120,8020,8070,14465,-0.0024721878862793423
2024-05-27,8070,8100,7960,8010,27912,-0.0074349442379182396
2024-05-28,8000,8080,8000,8060,14651,0.006242197253433224
2024-05-29,8060,8380,8060,8220,118098,0.01985111662531014
2024-05-30,8210,8330,8150,8230,36498,0.0012165450121655041
2024-05-31,8230,8260,8050,8110,34765,-0.014580801944106936
2024-06-03,8070,8430,8060,8280,180025,0.020961775585696563
2024-06-04,8400,8640,7980,8180,402940,-0.012077294685990392
2024-06-05,8180,8260,7990,8150,87481,-0.003667481662591676
2024-06-07,8120,8200,8080,8110,40570,-0.004907975460122671
2024-06-10,8040,8160,8030,8130,26230,0.002466091245376001
2024-06-11,8110,8130,7920,7920,63788,-0.02583025830258301
2024-06-12,7920,7950,7840,7860,63315,-0.007575757575757569
2024-06-13,7880,7890,7830,7890,27883,0.003816793893129722
2024-06-14,7900,7900,7800,7860,50784,-0.0038022813688213253
2024-06-17,7900,8070,7810,7940,83612,0.010178117048346147
2024-06-18,7910,8040,7910,7960,30576,0.0025188916876575096
2024-06-19,7960,8010,7840,7870,25763,-0.011306532663316604
2024-06-20,7870,7870,7800,7800,20932,-0.008894536213468918
2024-06-21,7800,7820,7720,7730,26275,-0.008974358974358942
2024-06-24,7730,7750,7680,7720,22854,-0.001293661060802087
2024-06-25,7680,7740,7580,7630,42394,-0.011658031088082943
2024-06-26,7650,7670,7590,7640,20556,0.001310615989515096
2024-06-27,7640,7660,7600,7600,16688,-0.005235602094240788
2024-06-28,7590,7680,7580,7630,11793,0.003947368421052699
2024-07-01,7650,7760,7630,7630,17563,0.0
2024-07-02,7620,7770,7550,7630,24994,0.0
2024-07-03,7630,7710,7590,7690,20473,0.007863695937090354
2024-07-04,7650,7700,7650,7700,9891,0.0013003901170351995
2024-07-05,7700,7770,7700,7770,20660,0.009090909090909038
2024-07-08,7770,7840,7730,7840,19169,0.009009009009008917
2024-07-09,7840,7980,7750,7770,18594,-0.008928571428571397
2024-07-10,7770,7770,7650,7770,22900,0.0
2024-07-11,7730,10100,7730,9600,4897646,0.2355212355212355
2024-07-12,10220,11300,9320,10560,13878155,0.10000000000000009
2024-07-15,10470,11700,10350,10570,4025563,0.0009469696969697239
2024-07-16,10800,11080,10210,10570,1534474,0.0
2024-07-17,10390,10440,9960,10280,932388,-0.027436140018921473
2024-07-18,9770,9970,9460,9890,858073,-0.037937743190661455
2024-07-19,9720,11560,9560,10640,8811713,0.07583417593528807
2024-07-22,10660,10660,9930,10110,921095,-0.049812030075187974
2024-07-23,9920,10240,9720,9720,620978,-0.03857566765578635
2024-07-24,9670,10080,9520,9780,488262,0.006172839506172867
2024-07-25,9360,9380,9070,9200,507396,-0.059304703476482645
2024-07-26,9110,9530,9090,9350,272822,0.016304347826086918
2024-07-29,9270,9820,9220,9530,355292,0.019251336898395754
2024-07-30,9470,9790,9300,9700,329935,0.01783840503672618
2024-07-31,9790,10040,9290,9700,637336,0.0
2024-08-01,9590,9870,9540,9600,235892,-0.010309278350515427
2024-08-02,9400,9630,9200,9320,223846,-0.029166666666666674
2024-08-05,9070,9200,7900,8440,447630,-0.09442060085836912
2024-08-06,8440,9000,8400,8860,281631,0.04976303317535535
2024-08-07,8860,9430,8860,9160,262277,0.0338600451467268
2024-08-08,9220,9440,9040,9310,140386,0.01637554585152845
2024-08-09,9320,9610,9320,9360,175566,0.005370569280343629
2024-08-12,9410,9580,9360,9440,81581,0.008547008547008517
2024-08-13,9610,9610,9170,9240,155416,-0.021186440677966156
2024-08-14,9240,9420,9100,9190,108942,-0.005411255411255422
2024-08-16,9300,9340,9110,9170,103458,-0.0021762785636560977
2024-08-19,9260,9380,9070,9350,104407,0.019629225736095934
2024-08-20,9480,9590,9250,9290,104369,-0.0064171122994652885
2024-08-21,9390,9390,8950,9030,104827,-0.027987082884822434
2024-08-22,9040,9100,8860,8920,77526,-0.01218161683277963
2024-08-23,8810,9080,8800,8840,54244,-0.008968609865470878
2024-08-26,8840,9170,8830,8850,65315,0.0011312217194570096
2024-08-27,8970,9220,8870,9070,64465,0.024858757062146797
2024-08-28,9170,9240,9030,9100,51007,0.00330760749724357
2024-08-29,9080,9190,8830,8830,78821,-0.029670329670329676
2024-08-30,8860,9250,8860,9200,61262,0.04190260475651186
2024-09-02,9410,9420,9000,9110,70699,-0.009782608695652173
2024-09-03,9180,9210,8920,8920,53691,-0.020856201975850697
2024-09-04,8760,8850,8470,8470,140812,-0.05044843049327352
2024-09-05,8590,8610,8280,8410,107945,-0.00708382526564344
2024-09-06,8410,8570,8200,8250,62285,-0.019024970273483932
2024-09-09,8250,8500,8050,8400,45215,0.018181818181818077
2024-09-10,8400,8550,8270,8350,87733,-0.005952380952380931
2024-09-11,8350,8580,8270,8370,27706,0.0023952095808383866
2024-09-12,8350,8500,8310,8480,35339,0.0131421744324971
2024-09-13,8480,8530,8260,8270,45826,-0.024764150943396235
2024-09-19,8350,8510,8250,8430,61251,0.0193470374848852
2024-09-20,8430,8620,8350,8620,71022,0.022538552787663146
2024-09-23,8680,8680,8470,8500,44611,-0.0139211136890951
2024-09-24,8570,8570,8350,8450,38551,-0.00588235294117645
2024-09-25,8460,8840,8400,8500,95047,0.00591715976331364
2024-09-26,8510,8680,8460,8670,31860,0.020000000000000018
2024-09-27,8670,8670,8430,8470,72950,-0.023068050749711633
2024-09-30,8420,8490,8210,8280,63188,-0.022432113341204207
2024-10-02,8250,8310,8110,8120,65573,-0.019323671497584516
2024-10-04,8120,8540,8120,8460,66657,0.041871921182266014
2024-10-07,8430,8500,8260,8450,52959,-0.0011820330969266601
2024-10-08,8370,8530,8250,8270,76342,-0.02130177514792897
2024-10-10,8270,8330,8190,8220,41738,-0.006045949214026569
2024-10-11,8220,8300,8200,8230,20503,0.0012165450121655041
2024-10-14,8200,8260,8080,8190,49024,-0.004860267314702349
2024-10-15,8190,8310,8140,8300,30531,0.013431013431013383
2024-10-16,8300,8540,8180,8200,128806,-0.012048192771084376
2024-10-17,8200,8400,8170,8250,35645,0.0060975609756097615
2024-10-18,8250,8350,8100,8150,87820,-0.012121212121212088
2024-10-21,8080,8190,8080,8130,32817,-0.0024539877300613355
2024-10-22,8080,8130,7730,7750,114577,-0.04674046740467408
2024-10-23,7690,7860,7690,7850,47615,0.012903225806451646
2024-10-24,7770,7840,7710,7710,37153,-0.017834394904458595
2024-10-25,7720,7770,7600,7660,32174,-0.006485084306095956
2024-10-28,7620,7760,7610,7710,16604,0.006527415143603221
2024-10-29,7710,7740,7600,7680,44200,-0.0038910505836575737
2024-10-30,7650,7770,7650,7720,48177,0.005208333333333259
2024-10-31,7840,8000,7790,7800,72222,0.010362694300518172
2024-11-01,7750,7760,7680,7700,39423,-0.012820512820512775
2024-11-04,7760,7900,7660,7800,39412,0.01298701298701288
2024-11-05,7740,7840,7740,7790,10039,-0.0012820512820512775
2024-11-06,7790,7940,7700,7790,35007,0.0
2024-11-07,7790,7820,7650,7720,34627,-0.00898587933247752
2024-11-08,7720,7780,7680,7720,22397,0.0
2024-11-11,7720,7740,7430,7550,88013,-0.022020725388601003
2024-11-12,7550,7580,7080,7150,185631,-0.052980132450331174
2024-11-13,7060,7180,6970,7030,133294,-0.016783216783216814
2024-11-14,7030,7080,6870,6870,73928,-0.022759601706970112
2024-11-15,6920,7170,6850,7120,51675,0.0363901018922852
2024-11-18,7060,7170,7030,7090,30194,-0.004213483146067398
2024-11-19,7020,7110,7000,7100,27343,0.0014104372355430161
2024-11-20,7100,7150,7010,7060,40721,-0.005633802816901401
2024-11-21,7060,7110,6930,6990,31286,-0.009915014164305958
2024-11-22,6990,7430,6990,7260,168207,0.03862660944205998
2024-11-25,7260,7290,7100,7240,27113,-0.0027548209366391463
2024-11-26,7210,7340,7200,7240,29179,0.0
2024-11-27,7240,7320,7170,7220,21096,-0.002762430939226568
2024-11-28,7150,7210,7130,7180,17503,-0.005540166204986097
2024-11-29,7180,7180,6910,6980,82874,-0.027855153203342642
2024-12-02,6980,7030,6860,6860,51602,-0.017191977077363862
2024-12-03,6850,7050,6850,7030,27159,0.02478134110787167
2024-12-04,6850,7020,6780,6840,68385,-0.027027027027026973
2024-12-05,6810,6880,6690,6690,68106,-0.021929824561403466
2024-12-06,6670,6740,6390,6600,109237,-0.013452914798206317
2024-12-09,6390,6450,6180,6250,98648,-0.05303030303030298
2024-12-10,6220,6610,6220,6500,63987,0.040000000000000036
2024-12-11,6410,6810,6410,6790,71283,0.04461538461538472
2024-12-12,6740,7040,6740,6850,63948,0.008836524300441795
2024-12-13,6920,7270,6920,7020,100695,0.02481751824817513
2024-12-16,7020,7100,6970,7030,34012,0.0014245014245013454
2024-12-17,7090,7150,7040,7090,22482,0.008534850640113723
2024-12-18,7150,7150,6950,7030,28360,-0.008462623413258097
2024-12-19,7010,7010,6820,6950,44338,-0.011379800853485111
2024-12-20,6890,6990,6770,6790,46041,-0.02302158273381294
2024-12-23,6800,7080,6800,7040,22565,0.036818851251841034
2024-12-24,7040,7090,6980,7050,16210,0.0014204545454545858
2024-12-26,7060,7090,6920,7020,32692,-0.004255319148936176
2024-12-27,6920,6950,6690,6790,59835,-0.03276353276353272
2024-12-30,6790,6970,6740,6870,22977,0.01178203240058906
2025-01-02,6870,6970,6850,6870,12223,0.0
2025-01-03,6820,7100,6820,7040,36489,0.024745269286754024
2025-01-06,7080,8420,7050,8250,1517452,0.171875
2025-01-07,8080,8420,7630,7950,938244,-0.036363636363636376
2025-01-08,8180,8210,7640,7710,596754,-0.030188679245283012
2025-01-09,7870,8030,7690,7750,457920,0.005188067444876765
2025-01-10,7710,7730,7530,7610,131829,-0.01806451612903226
2025-01-13,7630,7680,7270,7340,145097,-0.03547963206307492
2025-01-14,7340,7460,7250,7380,90396,0.005449591280654031
2025-01-15,7390,7410,7290,7300,57032,-0.010840108401083959
2025-01-16,7310,7410,7300,7310,31255,0.00136986301369868
2025-01-17,7330,7390,7220,7250,51961,-0.008207934336525335
2025-01-20,7310,7350,7160,7350,57751,0.01379310344827589
2025-01-21,7310,7430,7190,7300,78494,-0.006802721088435382
2025-01-22,7280,7500,7280,7340,102020,0.005479452054794498
2025-01-23,7340,7430,7260,7270,54895,-0.009536784741144388
2025-01-24,7270,7300,7110,7270,51556,0.0
2025-01-31,7270,7360,7000,7110,67065,-0.022008253094910613
2025-02-03,7030,7050,6810,6930,89547,-0.025316455696202556
2025-02-04,6930,7130,6930,7100,34996,0.024531024531024626
2025-02-05,7050,7190,7050,7140,21900,0.005633802816901401
2025-02-06,7190,7210,7070,7100,21902,-0.0056022408963585235
2025-02-07,7150,7150,7010,7050,29030,-0.007042253521126751
2025-02-10,7030,7090,6920,7080,22163,0.004255319148936065
2025-02-11,7070,7100,7010,7010,25852,-0.009887005649717562
2025-02-12,7010,7070,6890,6910,41838,-0.014265335235377985
2025-02-13,6890,6990,6870,6880,36675,-0.00434153400868309
2025-02-14,6880,7140,6880,6910,62244,0.0043604651162789665
2025-02-17,6910,7050,6910,7030,27125,0.01736613603473236
2025-02-18,7020,7080,6950,7040,28669,0.0014224751066855834
2025-02-19,7050,7090,6980,7060,31849,0.0028409090909091717
2025-02-20,7090,7090,7020,7060,24540,0.0
2025-02-21,7070,7100,6980,7020,38730,-0.005665722379603388
2025-02-24,7050,7150,7040,7120,61327,0.014245014245014342
2025-02-25,7100,7150,7060,7120,32052,0.0
2025-02-26,7070,7210,7060,7190,41966,0.00983146067415741
2025-02-27,7170,7210,7100,7210,45573,0.0027816411682892728
2025-02-28,7140,7240,7060,7070,51618,-0.01941747572815533
2025-03-04,7020,7050,6940,6950,40192,-0.016973125884017004
2025-03-05,6950,7090,6920,7090,16243,0.020143884892086295
2025-03-06,7100,7110,6990,7040,51196,-0.007052186177715081
2025-03-07,7030,7070,6970,6970,42043,-0.009943181818181768
2025-03-10,6960,7000,6900,6960,25665,-0.0014347202295552641
2025-03-11,6950,7070,6880,7070,58524,0.015804597701149392
2025-03-12,7070,7240,7040,7050,44001,-0.0028288543140028155
2025-03-13,7050,7100,6990,7060,27082,0.0014184397163119478
2025-03-14,7090,7140,7040,7100,47830,0.0056657223796034994
2025-03-17,7160,7360,7130,7170,78857,0.009859154929577452
2025-03-18,7180,7250,7080,7160,19386,-0.001394700139469962
2025-03-19,7140,7140,7020,7040,50248,-0.016759776536312887
2025-03-20,7070,7130,7010,7040,14857,0.0
2025-03-21,7030,7120,6930,6930,49138,-0.015625
2025-03-24,6930,7090,6890,6990,27676,0.008658008658008587
2025-03-25,7010,7090,6940,7020,18914,0.0042918454935623185
2025-03-26,7020,7130,6930,6950,26849,-0.009971509971509973
2025-03-27,6920,6960,6870,6870,36503,-0.01151079136690647
2025-03-28,6820,6870,6760,6840,34989,-0.004366812227074246
2025-03-31,6760,6810,6510,6530,89874,-0.04532163742690054
2025-04-01,6540,6810,6540,6810,31057,0.04287901990811638
2025-04-02,6810,6810,6650,6700,39677,-0.016152716593245242
2025-04-03,6600,6760,6570,6690,30281,-0.0014925373134327957
2025-04-04,6550,6760,6520,6710,35611,0.002989536621823552
2025-04-07,6510,6600,6320,6340,100228,-0.05514157973174372
2025-04-08,6400,6530,6300,6390,49382,0.007886435331230235
2025-04-09,6400,6400,6260,6290,35659,-0.015649452269170583
2025-04-10,6450,6660,6450,6660,32311,0.05882352941176472
2025-04-11,6600,6760,6580,6740,35311,0.012012012012011963
2025-04-14,6740,6800,6690,6780,15219,0.005934718100890191
2025-04-15,6730,6840,6730,6820,13033,0.005899705014749346
2025-04-16,6950,6950,6740,6800,14409,-0.0029325513196480912
2025-04-17,6810,6860,6770,6850,10897,0.007352941176470562
2025-04-18,6800,6890,6800,6870,11778,0.0029197080291971655
2025-04-21,6820,6970,6820,6890,12251,0.0029112081513829047
2025-04-22,6840,7080,6840,7030,71325,0.020319303338171224
2025-04-23,7060,7090,6960,6970,21091,-0.008534850640113834
2025-04-24,6970,7010,6880,6990,33890,0.0028694404591105283
2025-04-25,6990,7050,6980,7010,18552,0.0028612303290413976
2025-04-28,7010,7050,6940,6950,12032,-0.008559201141226769
2025-04-29,6900,7030,6900,6950,11300,0.0
2025-04-30,6950,7000,6890,6930,15738,-0.0028776978417266452
2025-05-02,6880,6900,6730,6800,55009,-0.018759018759018753
2025-05-07,6790,6820,6740,6820,18510,0.002941176470588225
2025-05-08,6820,6880,6780,6840,19963,0.0029325513196480912
2025-05-09,6840,6880,6800,6830,9497,-0.0014619883040936088
2025-05-12,6820,6850,6800,6840,23925,0.0014641288433381305
2025-05-13,6860,6930,6800,6910,42246,0.01023391812865504
2025-05-14,6850,6910,6820,6910,31768,0.0
2025-05-15,6910,6910,6830,6890,18030,-0.0028943560057886897
2025-05-16,6890,6890,6770,6810,39692,-0.011611030478954953
2025-05-19,6810,7030,6690,6840,143395,0.004405286343612369
2025-05-20,6850,6950,6720,6810,52498,-0.004385964912280715
2025-05-21,6810,7000,6800,6990,72945,0.026431718061673992
2025-05-22,6940,7140,6930,6990,93328,0.0
2025-05-23,6990,7120,6950,7020,41952,0.0042918454935623185
2025-05-26,7020,7870,6990,7300,1292091,0.03988603988603989
2025-05-27,7300,7380,7190,7250,105061,-0.006849315068493178
2025-05-28,7200,8750,7150,7460,5582336,0.028965517241379413
2025-05-29,7330,7610,7330,7470,388138,0.0013404825737264314
2025-05-30,7540,7600,7400,7440,160653,-0.004016064257028162
2025-06-02,7410,7500,7290,7350,108860,-0.012096774193548376
2025-06-04,7440,7500,7320,7350,85079,0.0
2025-06-05,7450,7475,7350,7410,72334,0.008163265306122547
2025-06-09,7450,7580,7400,7520,127093,0.014844804318488558
2025-06-10,7500,7620,7480,7620,106022,0.013297872340425565
2025-06-11,7620,7680,7570,7590,74159,-0.003937007874015741
2025-06-12,7620,7700,7550,7650,93381,0.007905138339920903
2025-06-13,7670,8810,7450,8380,3785521,0.0954248366013073
2025-06-16,8310,8460,7820,7910,567727,-0.05608591885441527
2025-06-17,7640,7940,7580,7940,360861,0.0037926675094817064
2025-06-18,7870,7870,7670,7750,191747,-0.023929471032745564
2025-06-19,7770,7890,7640,7810,128368,0.007741935483871032
2025-06-20,7770,7820,7670,7690,107393,-0.015364916773367487
2025-06-23,7900,8320,7630,7650,1286330,-0.005201560468140465
2025-06-24,7500,7680,7350,7590,213677,-0.007843137254901933
2025-06-25,7590,7595,7430,7450,129828,-0.01844532279314892
2025-06-26,7450,7520,7220,7290,136897,-0.02147651006711404
2025-06-27,7300,7420,7240,7360,79178,0.009602194787379892
2025-06-30,7360,7550,7310,7420,67102,0.008152173913043459
2025-07-01,7440,7600,7400,7440,85658,0.0026954177897573484
2025-07-02,7430,7630,7420,7600,81004,0.021505376344086002
2025-07-03,7600,7710,7560,7670,72823,0.009210526315789558
2025-07-04,7600,7670,7530,7600,48025,-0.009126466753585416
2025-07-07,7600,7670,7510,7570,33861,-0.003947368421052588
2025-07-08,7520,7650,7480,7550,34440,-0.0026420079260237594
2025-07-09,7550,7640,7500,7620,58814,0.009271523178807861
2025-07-10,7660,7760,7620,7730,71964,0.014435695538057791
2025-07-11,7730,7770,7640,7700,36966,-0.0038809831824062613
2025-07-14,7800,7810,7670,7710,54576,0.0012987012987013546
2025-07-15,7720,7720,7540,7710,50867,0.0
2025-07-16,7710,7750,7600,7660,47778,-0.006485084306095956
2025-07-17,7690,7860,7580,7770,83679,0.01436031331592691
2025-07-18,7760,7870,7700,7840,65081,0.009009009009008917
2025-07-21,7840,7900,7730,7770,60702,-0.008928571428571397
2025-07-22,7760,7810,7530,7580,104426,-0.02445302445302444
2025-07-23,7590,7640,7490,7560,44035,-0.0026385224274406704
2025-07-24,7540,7650,7350,7410,104710,-0.019841269841269882
2025-07-25,7410,7550,7390,7490,29416,0.010796221322537214
2025-07-28,7430,7510,7290,7350,61556,-0.01869158878504673
2025-07-29,7350,7360,7240,7290,27684,-0.008163265306122436
2025-07-30,7350,7350,7230,7260,38518,-0.004115226337448541
2025-07-31,7300,7330,7240,7260,28595,0.0
2025-08-01,7260,7260,7010,7010,127375,-0.03443526170798894
2025-08-04,7010,7140,6940,7080,23496,0.009985734664764712
2025-08-05,7100,7290,7100,7250,20907,0.024011299435028333
2025-08-06,7250,7280,7170,7260,8161,0.0013793103448276334
2025-08-07,7260,7260,7140,7200,27839,-0.008264462809917328
2025-08-08,7210,7260,7170,7200,25214,0.0
2025-08-11,7220,7260,7150,7250,9057,0.00694444444444442
2025-08-12,7240,7310,7200,7220,20372,-0.004137931034482789
2025-08-13,7160,7250,7140,7210,21299,-0.0013850415512465242
2025-08-14,7190,7280,7160,7260,15711,0.006934812760055475
2025-08-18,7240,7240,7130,7190,23983,-0.009641873278236957
2025-08-19,7140,7220,7110,7180,16181,-0.0013908205841446364
2025-08-20,6970,7160,6910,7060,35086,-0.01671309192200554
2025-08-21,7060,7200,7060,7070,9782,0.0014164305949009304
2025-08-22,7010,7190,6990,7050,20901,-0.0028288543140028155
2025-08-25,7060,7130,7050,7050,13570,0.0
2025-08-26,7050,7120,7000,7040,9994,-0.0014184397163120588
2025-08-27,7030,7040,6970,7010,7491,-0.0042613636363636465
2025-08-28,6970,7070,6960,7030,8195,0.0028530670470756636
2025-08-29,7000,7050,6910,6980,24332,-0.007112375533428139
2025-09-01,6970,6970,6880,6940,23398,-0.005730659025787954
2025-09-02,6900,6990,6870,6970,18242,0.004322766570605152
2025-09-03,6950,7000,6750,6950,22869,-0.0028694404591105283
2025-09-04,6950,6990,6910,6940,7659,-0.0014388489208633226
2025-09-05,6950,7020,6920,6930,13451,-0.0014409221902017544
2025-09-08,6940,7020,6900,7010,24864,0.011544011544011523
2025-09-09,7010,7020,6880,6970,29598,-0.005706134094151216
2025-09-10,6970,6980,6900,6970,22396,0.0
2025-09-11,6970,6970,6930,6930,16630,-0.0057388809182209455
2025-09-12,6930,6940,6880,6910,25688,-0.0028860028860029363
2025-09-15,6950,6990,6880,6960,31606,0.00723589001447178
2025-09-16,6940,6970,6930,6950,14661,-0.001436781609195359
2025-09-17,6950,7000,6930,6970,14605,0.0028776978417266452
2025-09-18,6980,7090,6910,7040,25735,0.010043041606886627
2025-09-19,7070,7070,6910,6990,24885,-0.007102272727272707
2025-09-22,7000,7210,6970,7180,35757,0.027181688125894166
2025-09-23,7160,7160,7000,7040,39577,-0.01949860724233987
2025-09-24,7040,7040,6910,6920,29608,-0.017045454545454586
2025-09-25,6920,6920,6840,6850,29900,-0.010115606936416222
2025-09-26,6850,6890,6740,6810,66697,-0.005839416058394109
2025-09-29,6810,6900,6800,6870,13577,0.008810572687224738
2025-09-30,6870,6880,6800,6870,15810,0.0
2025-10-01,6860,6890,6800,6870,15506,0.0
2025-10-02,6870,6940,6840,6890,10754,0.0029112081513829047
2025-10-10,6890,6940,6770,6780,35866,-0.01596516690856309
2025-10-13,6660,6840,6660,6740,21248,-0.005899705014749235
2025-10-14,6810,6810,6670,6750,19242,0.0014836795252226587
2025-10-15,6750,6810,6710,6800,16863,0.007407407407407307
2025-10-16,6810,6840,6740,6750,28889,-0.007352941176470562
2025-10-17,6790,6790,6670,6730,29610,-0.002962962962962945
2025-10-20,6720,6730,6650,6660,28159,-0.010401188707280795
2025-10-21,6670,6700,6610,6650,30882,-0.0015015015015015232
2025-10-22,6680,6680,6590,6660,14168,0.0015037593984963404
2025-10-23,6660,6780,6630,6670,18001,0.0015015015015014122
2025-10-24,6680,6780,6650,6710,22491,0.0059970014992503096
2025-10-27,6670,6770,6650,6730,26214,0.0029806259314455463
2025-10-28,6750,6810,6700,6790,23277,0.008915304606240682
2025-10-29,6770,6770,6650,6680,58904,-0.016200294550810068
2025-10-30,6680,6730,6570,6600,43588,-0.0119760479041916
2025-10-31,6600,6640,6560,6560,37944,-0.0060606060606061
2025-11-03,6560,6590,6440,6440,54395,-0.018292682926829285
2025-11-04,6440,6530,6430,6440,26582,0.0
2025-11-05,6490,6510,6310,6480,41419,0.006211180124223503
2025-11-06,6430,6570,6430,6510,24037,0.004629629629629539
2025-11-07,6500,6500,6380,6420,44615,-0.01382488479262678
2025-11-10,6430,6610,6430,6520,16671,0.015576323987538832
2025-11-11,6580,6610,6490,6530,17497,0.0015337423312884457
2025-11-12,6580,6660,6490,6650,39940,0.018376722817764257
2025-11-13,6700,6710,6620,6680,9797,0.004511278195488799
2025-11-14,6650,6790,6610,6740,23787,0.008982035928143617
2025-11-17,6750,6780,6650,6680,27270,-0.008902077151335286
2025-11-18,6630,6720,6530,6570,41638,-0.01646706586826352
2025-11-19,6610,6610,6480,6570,13323,0.0
2025-11-20,6570,6670,6570,6670,9291,0.015220700152207112
2025-11-21,6670,6700,6540,6660,10610,-0.0014992503748125774
2025-11-24,6600,6690,6570,6570,15608,-0.013513513513513487
2025-11-25,6590,6660,6550,6650,16148,0.0121765601217656
2025-11-26,6590,6690,6580,6640,14455,-0.0015037593984962294
2025-11-27,6640,6710,6590,6670,12962,0.004518072289156683
2025-11-28,6670,6810,6600,6790,23572,0.01799100449775115
2025-12-01,6850,6870,6680,6680,29663,-0.016200294550810068
2025-12-02,6660,6990,6660,6950,64430,0.04041916167664672
2025-12-03,6900,6930,6820,6830,21500,-0.01726618705035976
2025-12-04,6830,6900,6800,6860,18166,0.004392386530014614
2025-12-05,6860,6860,6780,6800,13743,-0.008746355685131157
