Date,Open,High,Low,Close,Volume,Change
2022-01-03,50300,50600,49500,50400,10454,0.009009009009008917
2022-01-04,51100,53400,51000,53400,48110,0.059523809523809534
2022-01-05,53800,55300,52700,54000,40009,0.011235955056179803
2022-01-06,52800,54800,52000,54500,38464,0.0092592592592593
2022-01-07,54600,55300,53300,54300,29174,-0.003669724770642202
2022-01-10,54100,56500,54100,56400,37925,0.03867403314917128
2022-01-11,56500,56700,55000,56000,26052,-0.007092198581560294
2022-01-12,56700,58400,56300,56700,27417,0.012499999999999956
2022-01-13,57500,58100,55600,56500,18341,-0.003527336860670194
2022-01-14,56300,57200,55100,57000,31844,0.008849557522123908
2022-01-17,56500,57400,54300,56100,26047,-0.015789473684210575
2022-01-18,56100,56700,54400,54400,12247,-0.030303030303030276
2022-01-19,53100,55600,53100,54600,20126,0.003676470588235281
2022-01-20,54100,56800,54100,56700,12482,0.03846153846153855
2022-01-21,56000,56900,54200,54700,17194,-0.03527336860670194
2022-01-24,54000,56200,52100,55200,42289,0.009140767824497242
2022-01-25,55900,55900,52500,55000,30833,-0.0036231884057971175
2022-01-26,54500,55600,53800,54100,13305,-0.016363636363636358
2022-01-27,54100,54800,52500,53500,18542,-0.011090573012939031
2022-01-28,53000,54800,52500,54600,11010,0.020560747663551426
2022-02-03,55200,55900,54800,55100,12251,0.009157509157509125
2022-02-04,54400,55800,53800,55600,13508,0.00907441016333932
2022-02-07,55400,56200,55000,56100,7284,0.008992805755395628
2022-02-08,55900,56900,54500,55300,22184,-0.014260249554367221
2022-02-09,55300,56700,55000,55700,9037,0.00723327305605781
2022-02-10,56500,56500,55100,55100,4660,-0.010771992818671472
2022-02-11,55000,55300,54000,55300,6520,0.003629764065335772
2022-02-14,54800,55000,53700,54500,4972,-0.01446654611211573
2022-02-15,53700,54800,53700,54700,10091,0.003669724770642091
2022-02-16,54200,56000,54200,55800,6698,0.02010968921389389
2022-02-17,56000,56200,55000,55500,7401,-0.005376344086021501
2022-02-18,55000,56300,54800,56100,9542,0.0108108108108107
2022-02-21,56100,59600,54900,59500,59310,0.06060606060606055
2022-02-22,59300,60800,58600,59800,51214,0.005042016806722671
2022-02-23,60400,60700,59000,59700,18065,-0.0016722408026755842
2022-02-24,59300,59900,58100,59000,30397,-0.011725293132328285
2022-02-25,59000,60000,58400,59200,16784,0.003389830508474523
2022-02-28,59700,59700,58000,58000,16563,-0.020270270270270285
2022-03-02,58000,58400,57200,57800,11844,-0.0034482758620689724
2022-03-03,57800,58200,56100,57000,25034,-0.01384083044982698
2022-03-04,56800,57000,55500,56500,14933,-0.00877192982456143
2022-03-07,55900,56900,54900,56300,16511,-0.0035398230088495852
2022-03-08,55500,56100,54700,54800,14075,-0.026642984014209614
2022-03-10,55600,56400,54800,54800,6193,0.0
2022-03-11,54800,55400,54800,54800,5464,0.0
2022-03-14,54800,54800,52800,54400,18611,-0.007299270072992692
2022-03-15,54400,55100,53800,54400,7059,0.0
2022-03-16,54900,56300,54400,56300,11690,0.03492647058823528
2022-03-17,56600,57100,55600,56100,9223,-0.003552397868561319
2022-03-18,56600,56600,55300,55800,11546,-0.005347593582887722
2022-03-21,56200,56200,55100,55200,4900,-0.010752688172043001
2022-03-22,55100,56500,54800,56500,10237,0.023550724637681153
2022-03-23,56500,57200,56100,57000,10032,0.008849557522123908
2022-03-24,57000,57100,56100,56400,7211,-0.010526315789473717
2022-03-25,56600,56700,56200,56200,4040,-0.0035460992907800915
2022-03-28,56200,56600,55000,56300,9841,0.001779359430605032
2022-03-29,56500,56500,55100,55200,14481,-0.019538188277087087
2022-03-30,55800,55800,54400,55400,10008,0.0036231884057971175
2022-03-31,55500,55700,54500,55000,7485,-0.0072202166064981865
2022-04-01,55000,55700,54400,55500,8756,0.009090909090909038
2022-04-04,55500,56400,54700,56300,11828,0.01441441441441449
2022-04-05,56400,57400,56000,57200,12230,0.015985790408525657
2022-04-06,56400,57000,55400,55700,13656,-0.02622377622377625
2022-04-07,55000,56600,54700,56100,9512,0.007181328545780907
2022-04-08,56500,56800,55200,55400,5559,-0.012477718360071277
2022-04-11,55400,55900,54800,54800,3235,-0.010830324909747335
2022-04-12,54800,55500,54100,55400,5506,0.010948905109489093
2022-04-13,55600,55600,54300,54600,10162,-0.014440433212996373
2022-04-14,54900,55000,54300,55000,6407,0.0073260073260073
2022-04-15,54300,54900,53900,54800,10935,-0.0036363636363636598
2022-04-18,54300,54800,54200,54600,3073,-0.0036496350364964014
2022-04-19,54500,54800,54200,54600,4290,0.0
2022-04-20,54600,54800,53200,53900,12605,-0.012820512820512775
2022-04-21,54400,54400,52600,53400,16301,-0.00927643784786647
2022-04-22,53300,53500,52000,52900,13138,-0.009363295880149836
2022-04-25,52000,53300,51300,52200,9635,-0.013232514177693777
2022-04-26,52200,54100,52200,52700,13089,0.009578544061302763
2022-04-27,51900,52500,50600,52000,13712,-0.013282732447817858
2022-04-28,52000,53300,52000,53300,6539,0.02499999999999991
2022-04-29,53000,54100,53000,53500,4316,0.0037523452157599557
2022-05-02,53400,54200,52500,53500,3972,0.0
2022-05-03,53700,54300,52800,54200,4803,0.013084112149532645
2022-05-04,54500,54500,53400,53800,2134,-0.0073800738007380184
2022-05-06,53200,56500,52800,56100,42490,0.04275092936802971
2022-05-09,56000,56000,53800,55100,31497,-0.017825311942959
2022-05-10,54000,55300,52600,54800,19502,-0.005444646098003658
2022-05-11,54800,55200,54500,54800,9424,0.0
2022-05-12,54800,54800,53000,53500,12238,-0.02372262773722633
2022-05-13,53600,54300,52700,53500,11484,0.0
2022-05-16,53500,54300,52500,53300,7864,-0.0037383177570093906
2022-05-17,53100,54100,53100,54000,5089,0.013133208255159401
2022-05-18,54200,54500,53300,54300,6056,0.005555555555555536
2022-05-19,54300,54900,53300,54300,11206,0.0
2022-05-20,54300,54800,54000,54500,7911,0.0036832412523020164
2022-05-23,54300,54400,53800,53800,4355,-0.012844036697247652
2022-05-24,53800,54200,52500,52500,9192,-0.024163568773234223
2022-05-25,52600,53100,52000,52000,6001,-0.00952380952380949
2022-05-26,52700,53300,52000,53200,5959,0.023076923076922995
2022-05-27,52900,54100,52800,53900,3749,0.013157894736842035
2022-05-30,54400,54500,53300,53500,5732,-0.007421150278293154
2022-05-31,53300,54700,53100,54500,8164,0.01869158878504673
2022-06-02,54000,54500,53500,53800,3804,-0.012844036697247652
2022-06-03,54200,54200,53000,53200,8469,-0.01115241635687736
2022-06-07,53200,53400,52300,52600,4119,-0.011278195488721776
2022-06-08,52600,52900,50500,51600,17165,-0.019011406844106515
2022-06-09,51700,51800,50500,51000,7861,-0.011627906976744207
2022-06-10,51000,51100,49950,50000,18042,-0.019607843137254943
2022-06-13,49900,49900,47650,49150,18933,-0.017000000000000015
2022-06-14,47950,49150,47200,48500,12066,-0.01322482197355035
2022-06-15,47700,48450,46300,46500,18206,-0.04123711340206182
2022-06-16,46900,48700,46900,48250,8634,0.037634408602150504
2022-06-17,47300,49500,46950,47250,14958,-0.020725388601036232
2022-06-20,48150,48200,46550,47150,5315,-0.002116402116402072
2022-06-21,46750,48950,46750,48450,4998,0.0275715800636267
2022-06-22,48450,48500,46600,47500,5746,-0.019607843137254943
2022-06-23,46600,47650,44950,46650,14536,-0.017894736842105297
2022-06-24,45350,47450,45350,46950,13709,0.006430868167202508
2022-06-27,47450,47500,46000,47150,5442,0.004259850905218299
2022-06-28,46850,47550,46650,47500,3094,0.007423117709437932
2022-06-29,46500,47500,46500,47500,3135,0.0
2022-06-30,47200,47650,46000,47650,8077,0.0031578947368420263
2022-07-01,47150,47950,46250,47400,7177,-0.005246589716684125
2022-07-04,47500,47500,46500,47200,3005,-0.00421940928270037
2022-07-05,47000,47800,46950,47700,2743,0.010593220338983134
2022-07-06,47700,50600,47500,49450,22945,0.0366876310272537
2022-07-07,50000,50000,48850,49600,4098,0.0030333670374114163
2022-07-08,49500,50200,48850,50000,6074,0.008064516129032251
2022-07-11,50000,50300,49200,49850,2886,-0.0030000000000000027
2022-07-12,50300,50300,49350,49700,3391,-0.0030090270812437314
2022-07-13,49550,50300,48800,49850,4461,0.003018108651911433
2022-07-14,49650,50200,49650,50200,1292,0.007021063189568633
2022-07-15,50400,50400,49200,49550,3644,-0.01294820717131473
2022-07-18,50100,50100,49300,49300,4989,-0.005045408678102881
2022-07-19,49350,50500,49050,50400,3742,0.022312373225152227
2022-07-20,50500,50700,49900,50500,3031,0.001984126984126977
2022-07-21,50200,50600,49900,50500,4120,0.0
2022-07-22,50500,50500,49400,49950,4702,-0.0108910891089109
2022-07-25,49700,50400,49350,49950,1260,0.0
2022-07-26,50500,50700,49950,50700,2656,0.01501501501501501
2022-07-27,50700,51200,49800,51000,3203,0.00591715976331364
2022-07-28,51100,51400,51000,51100,1864,0.0019607843137254832
2022-07-29,51400,52000,51000,52000,4237,0.017612524461839474
2022-08-01,52000,52700,51300,52000,3398,0.0
2022-08-02,52600,52600,51000,51700,5158,-0.005769230769230749
2022-08-03,51800,54000,51700,53900,34239,0.042553191489361764
2022-08-04,55000,55000,53700,54300,13680,0.007421150278293043
2022-08-05,54300,54500,53600,54400,7815,0.0018416206261511192
2022-08-08,55200,56400,54600,55800,49396,0.025735294117646967
2022-08-09,56200,57700,55800,57300,61809,0.026881720430107503
2022-08-10,57500,58600,56900,56900,28220,-0.006980802792321161
2022-08-11,57900,58400,56600,57800,13878,0.01581722319859402
2022-08-12,57800,58200,57200,57900,5348,0.0017301038062282892
2022-08-16,58300,58500,57000,58500,13702,0.010362694300518172
2022-08-17,58800,58800,55800,56100,13767,-0.04102564102564099
2022-08-18,55800,56100,54500,54700,8627,-0.024955436720142554
2022-08-19,54500,55200,53900,54000,4800,-0.012797074954296161
2022-08-22,53500,54000,52400,52800,6738,-0.022222222222222254
2022-08-23,52100,53000,51700,52300,23357,-0.009469696969697017
2022-08-24,52300,52900,51700,52700,8509,0.007648183556405286
2022-08-25,52300,54100,52300,53900,7132,0.022770398481973375
2022-08-26,53900,53900,53100,53700,3924,-0.0037105751391465214
2022-08-29,52600,52600,51600,51700,10958,-0.03724394785847296
2022-08-30,52000,53200,51700,52500,8514,0.015473887814313247
2022-08-31,52200,52900,52000,52600,3524,0.0019047619047618536
2022-09-01,52600,52600,51900,52100,6367,-0.009505703422053258
2022-09-02,52500,53500,52000,52500,5082,0.007677543186180413
2022-09-05,52200,52800,51700,52000,13751,-0.00952380952380949
2022-09-06,52500,52500,51600,51800,7242,-0.0038461538461538325
2022-09-07,52100,52100,50100,51700,12855,-0.0019305019305019266
2022-09-08,51400,52100,50500,51700,10582,0.0
2022-09-13,51700,52400,51400,51600,7440,-0.0019342359767892114
2022-09-14,51000,51400,50200,50600,4780,-0.019379844961240345
2022-09-15,50900,50900,50000,50700,5369,0.0019762845849802257
2022-09-16,50200,50900,50200,50200,2608,-0.009861932938856066
2022-09-19,50700,50700,49100,49750,8539,-0.008964143426294813
2022-09-20,49800,50000,49700,49700,1448,-0.0010050251256281673
2022-09-21,49400,50200,49400,49600,3407,-0.002012072434607659
2022-09-22,49600,52000,49000,51600,8860,0.040322580645161255
2022-09-23,51600,51600,50500,51100,3400,-0.009689922480620172
2022-09-26,51000,51000,49300,49700,12824,-0.0273972602739726
2022-09-27,49150,50100,48450,49700,17877,0.0
2022-09-28,49400,51000,48400,50400,11877,0.014084507042253502
2022-09-29,50300,50500,49400,49450,13286,-0.018849206349206393
2022-09-30,49050,50400,49050,50300,5862,0.01718907987866536
2022-10-04,50300,51100,50300,50700,5499,0.007952286282306265
2022-10-05,51100,51200,49900,50400,6174,-0.00591715976331364
2022-10-06,50000,50800,49950,50600,3801,0.003968253968253954
2022-10-07,50600,50600,49950,50200,1217,-0.007905138339920903
2022-10-11,50200,50400,49000,50200,5119,0.0
2022-10-12,49600,50400,49000,49900,5710,-0.005976095617529875
2022-10-13,50100,50100,49200,49200,3880,-0.014028056112224463
2022-10-14,49350,50200,49350,49950,4305,0.015243902439024293
2022-10-17,58600,59300,47000,48750,385861,-0.024024024024024038
2022-10-18,49050,50200,47900,49600,52796,0.017435897435897463
2022-10-19,49600,54500,49050,52200,123890,0.05241935483870974
2022-10-20,52600,53300,50200,51900,34698,-0.005747126436781658
2022-10-21,51100,52600,50700,52100,21209,0.003853564547206201
2022-10-24,52100,53100,51700,52000,11790,-0.0019193857965451588
2022-10-25,51900,52900,51000,52000,12249,0.0
2022-10-26,51800,52600,51300,51700,5167,-0.005769230769230749
2022-10-27,51700,53000,51500,52500,8767,0.015473887814313247
2022-10-28,52500,53000,51100,51900,20425,-0.011428571428571455
2022-10-31,52000,52200,51400,51400,3601,-0.009633911368015391
2022-11-01,51600,53500,51400,53100,13859,0.0330739299610896
2022-11-02,52900,53400,52400,52800,4212,-0.005649717514124242
2022-11-03,52100,54200,52000,54000,13338,0.022727272727272707
2022-11-04,54300,55100,53400,54400,15144,0.007407407407407307
2022-11-07,55100,55200,53800,54000,8400,-0.007352941176470562
2022-11-08,54300,54300,53100,53500,6476,-0.0092592592592593
2022-11-09,53400,53400,52300,53100,10159,-0.00747663551401867
2022-11-10,52900,52900,52000,52500,14192,-0.011299435028248594
2022-11-11,53300,53600,52400,52400,17451,-0.0019047619047618536
2022-11-14,52300,54300,52200,53700,12811,0.024809160305343525
2022-11-15,53700,55000,53600,54600,18038,0.016759776536312776
2022-11-16,54100,57900,54100,57500,31476,0.05311355311355315
2022-11-17,57300,57500,56100,56300,10423,-0.02086956521739125
2022-11-18,56200,57000,56100,56600,4389,0.005328596802841812
2022-11-21,56600,57500,55200,56700,10227,0.0017667844522968323
2022-11-22,56500,56900,55400,56000,9864,-0.012345679012345734
2022-11-23,56400,56600,55900,56400,2086,0.0071428571428571175
2022-11-24,56400,57200,55600,56700,8372,0.005319148936170137
2022-11-25,56700,56700,54200,54300,14777,-0.042328042328042326
2022-11-28,54300,54500,52500,52700,11742,-0.029465930018416242
2022-11-29,52500,53300,50200,51700,38808,-0.018975332068311146
2022-11-30,51800,52300,51200,51800,11469,0.0019342359767891004
2022-12-01,51800,52500,51200,51900,17362,0.0019305019305020377
2022-12-02,51900,53600,51300,52400,17714,0.009633911368015502
2022-12-05,52500,53000,51500,51500,22697,-0.01717557251908397
2022-12-06,51500,51800,50100,50400,23457,-0.021359223300970842
2022-12-07,50400,52000,50000,51700,26413,0.025793650793650702
2022-12-08,51700,51900,51100,51700,18290,0.0
2022-12-09,52000,52200,51300,51500,12970,-0.003868471953578312
2022-12-12,51500,52700,51400,52400,10709,0.01747572815533971
2022-12-13,52700,53400,52100,53400,12660,0.01908396946564883
2022-12-14,53100,53600,52300,53600,11993,0.0037453183520599342
2022-12-15,53100,54000,52700,53000,6875,-0.011194029850746245
2022-12-16,52800,53300,52100,52700,9649,-0.005660377358490565
2022-12-19,52900,54400,52500,52800,19692,0.00189753320683117
2022-12-20,52700,53400,52500,53000,10660,0.0037878787878788955
2022-12-21,53000,53400,52700,53200,2892,0.0037735849056603765
2022-12-22,53200,53500,52700,52900,4199,-0.005639097744360888
2022-12-23,52800,53500,52600,52800,26151,-0.001890359168241984
2022-12-26,52600,53400,52600,53000,5331,0.0037878787878788955
2022-12-27,53400,55000,53000,54800,20333,0.03396226415094339
2022-12-28,54900,55400,54400,54600,4632,-0.0036496350364964014
2022-12-29,54100,55800,54100,54600,19782,0.0
2023-01-02,54600,56400,54600,56300,31764,0.031135531135531025
2023-01-03,56600,57300,55300,56000,16212,-0.005328596802841923
2023-01-04,56600,57100,53900,54600,31762,-0.025000000000000022
2023-01-05,54900,55100,53700,53800,10381,-0.0146520146520146
2023-01-06,53500,57000,53500,56800,41724,0.055762081784386686
2023-01-09,57200,58800,56700,58500,31973,0.029929577464788748
2023-01-10,58500,59200,57600,57900,21279,-0.01025641025641022
2023-01-11,58400,59800,57800,59800,40436,0.032815198618307395
2023-01-12,59800,61000,59300,60600,40812,0.013377926421404673
2023-01-13,60600,61200,60100,61000,27532,0.0066006600660066805
2023-01-16,61300,62700,58200,58200,47575,-0.04590163934426228
2023-01-17,58600,58700,56900,57100,18634,-0.018900343642611728
2023-01-18,57200,58700,57200,58400,19714,0.022767075306479923
2023-01-19,58300,60100,57500,59900,20861,0.02568493150684925
2023-01-20,59600,60200,59000,59900,11268,0.0
2023-01-25,60400,66200,60400,65500,121570,0.09348914858096835
2023-01-26,65600,65700,62900,63700,40216,-0.027480916030534375
2023-01-27,63800,64200,62700,63700,15948,0.0
2023-01-30,64200,65200,61900,62800,27578,-0.014128728414442682
2023-01-31,62100,63500,61300,63500,19332,0.011146496815286566
2023-02-01,63500,63500,62500,63100,13485,-0.006299212598425252
2023-02-02,63400,64900,62400,63900,25013,0.01267828843106189
2023-02-03,63300,64400,62700,63200,12613,-0.010954616588419452
2023-02-06,63200,63600,61000,61700,23862,-0.02373417721518989
2023-02-07,61500,62700,61000,62600,14542,0.014586709886547755
2023-02-08,63700,64400,62100,62700,34355,0.0015974440894568342
2023-02-09,62600,63900,61300,62800,26539,0.0015948963317384823
2023-02-10,62700,64200,61600,63000,24000,0.0031847133757962887
2023-02-13,63000,67200,62200,66500,63030,0.05555555555555558
2023-02-14,66700,67400,65200,65800,31965,-0.010526315789473717
2023-02-15,64600,66800,62700,66300,57056,0.0075987841945288626
2023-02-16,66300,67200,64500,65500,25693,-0.012066365007541435
2023-02-17,65600,65600,63700,63800,21128,-0.025954198473282397
2023-02-20,63300,63700,61600,62700,21633,-0.017241379310344862
2023-02-21,63500,63500,60700,61400,21179,-0.020733652312599715
2023-02-22,60600,61100,59000,59900,39761,-0.02442996742671011
2023-02-23,60000,61700,59000,61200,19532,0.02170283806343898
2023-02-24,64000,69900,63300,69400,139133,0.13398692810457513
2023-02-27,68400,70000,68000,69300,64071,-0.0014409221902017544
2023-02-28,70000,72400,69700,70800,80497,0.02164502164502169
2023-03-02,70600,71000,68100,69000,47718,-0.025423728813559365
2023-03-03,69600,69600,66500,68000,34831,-0.01449275362318836
2023-03-06,67700,69000,66500,67700,20546,-0.004411764705882337
2023-03-07,67600,68200,66500,66600,13737,-0.01624815361890697
2023-03-08,66100,67900,65800,67200,14490,0.009009009009008917
2023-03-09,67000,67800,66000,66900,11460,-0.004464285714285698
2023-03-10,66000,66400,64400,65800,18116,-0.01644245142002987
2023-03-13,64500,65000,61900,63200,58478,-0.03951367781155013
2023-03-14,63100,63500,61200,62800,21042,-0.006329113924050667
2023-03-15,63000,64300,61700,62500,27141,-0.004777070063694322
2023-03-16,62000,63600,61100,63300,22437,0.012799999999999923
2023-03-17,64500,64500,62700,63500,20633,0.003159557661927437
2023-03-20,63500,63800,61500,62400,19083,-0.017322834645669305
2023-03-21,63200,66000,61600,65300,36844,0.04647435897435903
2023-03-22,65800,65800,63400,63400,18335,-0.029096477794793296
2023-03-23,63100,63900,62500,63100,12998,-0.004731861198738141
2023-03-24,63800,64700,63400,64000,10027,0.014263074484944571
2023-03-27,64200,64200,62500,63000,11080,-0.015625
2023-03-28,62900,62900,61500,62400,12420,-0.00952380952380949
2023-03-29,62500,62800,60400,61000,20324,-0.022435897435897467
2023-03-30,61100,61500,58000,60500,51874,-0.008196721311475419
2023-03-31,60500,61400,59000,61400,23547,0.014876033057851235
2023-04-03,61500,61500,59000,59000,24391,-0.039087947882736174
2023-04-04,59000,59300,57600,58000,33766,-0.016949152542372836
2023-04-05,58000,59600,57500,58800,10283,0.01379310344827589
2023-04-06,58800,59200,57500,57800,12194,-0.017006802721088454
2023-04-07,58000,58100,56300,57800,23512,0.0
2023-04-10,57600,57800,56500,57300,9704,-0.00865051903114189
2023-04-11,57300,58500,56200,57700,10783,0.00698080279232105
2023-04-12,57700,58800,56700,58200,11971,0.008665511265164572
2023-04-13,58200,59000,57600,58800,9137,0.010309278350515427
2023-04-14,58900,59100,57900,58800,8351,0.0
2023-04-17,58900,59100,57500,58700,12010,-0.00170068027210879
2023-04-18,58700,58700,54300,57800,13640,-0.015332197614991494
2023-04-19,58200,58200,55800,55900,15250,-0.03287197231833905
2023-04-20,55900,56700,55100,55400,9493,-0.008944543828264706
2023-04-21,55100,56300,54500,55400,10115,0.0
2023-04-24,55400,56400,55000,55200,8685,-0.0036101083032491488
2023-04-25,55300,55500,53800,54500,12387,-0.0126811594202898
2023-04-26,54500,54900,53800,54200,10087,-0.0055045871559632475
2023-04-27,54300,54600,53800,54300,10608,0.0018450184501845879
2023-04-28,54800,55100,53800,54500,6880,0.0036832412523020164
2023-05-02,54500,56500,54400,56300,9805,0.03302752293577971
2023-05-03,56600,56700,55500,55900,6099,-0.007104795737122527
2023-05-04,55800,56100,55100,55800,4522,-0.0017889087656529634
2023-05-08,56700,59300,56000,57900,45380,0.037634408602150504
2023-05-09,58000,60000,58000,58700,23068,0.013816925734024155
2023-05-10,58600,59000,55400,56100,38575,-0.04429301533219765
2023-05-11,55800,56400,55100,55300,12854,-0.014260249554367221
2023-05-12,55100,56300,54900,56100,6457,0.014466546112115841
2023-05-15,56600,56600,53700,54000,14001,-0.03743315508021394
2023-05-16,54000,54800,53500,54200,8381,0.0037037037037037646
2023-05-17,54000,54200,53800,53800,7413,-0.0073800738007380184
2023-05-18,54200,54200,53100,53300,6120,-0.009293680297397744
2023-05-19,53600,53600,52000,52600,15636,-0.013133208255159512
2023-05-22,52600,53800,52100,52400,11270,-0.0038022813688213253
2023-05-23,53000,54000,52000,53700,29053,0.024809160305343525
2023-05-24,53100,53500,52500,52500,7312,-0.022346368715083775
2023-05-25,53100,54700,52700,52800,23284,0.005714285714285783
2023-05-26,53900,55300,53500,54400,29663,0.030303030303030276
2023-05-30,55100,58500,54300,58200,94763,0.06985294117647056
2023-05-31,59300,60500,57700,59400,123185,0.020618556701030855
2023-06-01,60900,65000,60900,61600,230213,0.03703703703703698
2023-06-02,61700,63800,61300,62500,104990,0.014610389610389518
2023-06-05,64000,67200,62500,66900,148687,0.07040000000000002
2023-06-07,67000,69000,66200,66300,98761,-0.008968609865470878
2023-06-08,65600,65700,63300,64400,77548,-0.02865761689291102
2023-06-09,64500,66900,63900,65000,36297,0.009316770186335477
2023-06-12,64600,64600,62200,63500,48296,-0.023076923076923106
2023-06-13,63600,66500,63400,65200,48987,0.026771653543307128
2023-06-14,65700,68000,64500,65700,70829,0.0076687116564417845
2023-06-15,66200,69600,66200,68600,97404,0.04414003044140036
2023-06-16,70000,74800,69300,74000,173769,0.07871720116618075
2023-06-19,74000,74000,70000,70900,64524,-0.04189189189189191
2023-06-20,70300,72300,70200,70500,28018,-0.005641748942172065
2023-06-21,71100,71100,69000,69600,46709,-0.012765957446808529
2023-06-22,68700,70200,68300,68600,23037,-0.014367816091954033
2023-06-23,70100,73700,69700,71000,109427,0.03498542274052485
2023-06-26,71800,73800,70000,72700,61394,0.023943661971830954
2023-06-27,72500,72500,68700,69900,47149,-0.038514442916093516
2023-06-28,70500,71000,67300,68000,37642,-0.027181688125894166
2023-06-29,68800,70300,67000,67900,46838,-0.0014705882352941124
2023-06-30,68200,68400,64700,65300,76469,-0.038291605301914555
2023-07-03,65500,67000,65000,66100,29394,0.012251148545176171
2023-07-04,66700,67000,63300,65600,57703,-0.0075642965204235635
2023-07-05,65600,67100,64100,66000,25736,0.0060975609756097615
2023-07-06,65800,66700,63900,63900,27209,-0.03181818181818186
2023-07-07,63200,64200,62300,63400,32477,-0.007824726134585291
2023-07-10,63000,63800,61800,63100,22107,-0.004731861198738141
2023-07-11,63900,64900,63300,63500,20820,0.006339144215530945
2023-07-12,63100,64900,62900,64900,24220,0.022047244094488105
2023-07-13,65600,66800,64100,65800,35097,0.013867488443759735
2023-07-14,67500,69300,66100,67000,60444,0.01823708206686936
2023-07-17,67300,68600,65600,68300,34875,0.0194029850746269
2023-07-18,68000,68000,65400,67000,44658,-0.019033674963396807
2023-07-19,67900,78500,66600,77100,311707,0.15074626865671648
2023-07-20,79100,82200,75100,77300,205491,0.0025940337224383825
2023-07-21,75500,75800,70500,70900,146931,-0.08279430789133246
2023-07-24,70300,71400,69000,69900,44752,-0.014104372355430161
2023-07-25,69300,71300,68400,69500,46828,-0.005722460658083017
2023-07-26,70600,70900,65600,66400,86127,-0.04460431654676256
2023-07-27,66200,67300,65100,65100,41814,-0.01957831325301207
2023-07-28,65000,67400,64500,67400,25702,0.03533026113671278
2023-07-31,67500,67900,66100,66200,35177,-0.017804154302670572
2023-08-01,66000,71500,66000,71000,96116,0.0725075528700907
2023-08-02,71100,72000,67600,68000,56808,-0.04225352112676062
2023-08-03,67200,68400,65900,67500,27007,-0.007352941176470562
2023-08-04,67200,69500,66500,66800,26933,-0.010370370370370363
2023-08-07,66800,69900,65600,68900,39457,0.0314371257485031
2023-08-08,69500,71200,67700,69900,54154,0.014513788098693858
2023-08-09,69900,70000,68200,68300,23038,-0.022889842632331958
2023-08-10,68200,68200,65800,66600,34259,-0.024890190336749662
2023-08-11,66600,68300,65900,66000,21932,-0.009009009009009028
2023-08-14,65900,65900,64100,65300,21827,-0.010606060606060619
2023-08-16,65300,65300,62800,63300,26322,-0.030627871362940318
2023-08-17,62100,66400,61700,65700,37090,0.03791469194312791
2023-08-18,64700,66200,61700,64600,39485,-0.016742770167427756
2023-08-21,65500,67200,64800,66200,17693,0.024767801857585203
2023-08-22,66700,67200,65300,65400,8420,-0.012084592145015116
2023-08-23,65400,66000,64800,65500,7955,0.001529051987767538
2023-08-24,68100,71000,67500,69500,75198,0.06106870229007644
2023-08-25,69000,71300,68400,68400,37832,-0.015827338129496438
2023-08-28,68700,69600,67400,67800,14885,-0.00877192982456143
2023-08-29,67900,70500,67900,69700,32844,0.028023598820059004
2023-08-30,70500,70500,68700,70200,20293,0.007173601147776099
2023-08-31,70300,71200,68500,70400,31830,0.002849002849002913
2023-09-01,71000,72000,69500,71100,39258,0.009943181818181879
2023-09-04,69900,70800,65900,68000,29909,-0.043600562587904346
2023-09-05,67700,68800,66500,67200,21576,-0.0117647058823529
2023-09-06,67500,69200,66500,68400,17376,0.017857142857142794
2023-09-07,67600,68100,65900,66000,16206,-0.03508771929824561
2023-09-08,66000,67300,65800,67200,10210,0.018181818181818077
2023-09-11,67000,67800,66100,67200,11480,0.0
2023-09-12,67200,67200,66000,66800,20236,-0.005952380952380931
2023-09-13,66200,66800,64600,64700,20860,-0.03143712574850299
2023-09-14,65000,72300,64800,72300,101116,0.1174652241112828
2023-09-15,72300,73300,70200,71000,32057,-0.017980636237897696
2023-09-18,71000,71700,68700,69500,33833,-0.021126760563380254
2023-09-19,69500,71200,69200,71000,26472,0.021582733812949728
2023-09-20,71000,71300,68000,69300,25417,-0.023943661971830954
2023-09-21,68400,69600,67400,67500,18324,-0.025974025974025983
2023-09-22,67300,72400,66600,70500,38752,0.04444444444444451
2023-09-25,70800,72200,70200,71300,20424,0.01134751773049647
2023-09-26,72100,74000,70600,71500,57235,0.0028050490883591017
2023-09-27,72900,81700,72700,77800,329469,0.08811188811188808
2023-10-04,77000,80500,75800,78200,124034,0.005141388174807249
2023-10-05,78200,84400,78200,82900,125918,0.06010230179028131
2023-10-06,82900,90100,82100,89000,117966,0.07358262967430629
2023-10-10,90000,91500,82500,83500,83362,-0.061797752808988804
2023-10-11,84300,87700,83900,86100,53712,0.031137724550898138
2023-10-12,86600,87500,83100,83700,48270,-0.027874564459930307
2023-10-13,84100,87700,82800,83900,40147,0.002389486260454099
2023-10-16,83200,83200,79900,82500,40531,-0.016686531585220488
2023-10-17,81900,84000,80700,82600,40302,0.00121212121212122
2023-10-18,82500,85500,82000,85000,25880,0.029055690072639306
2023-10-19,84000,85400,81000,81000,23997,-0.04705882352941182
2023-10-20,80000,80300,75400,78200,39757,-0.03456790123456788
2023-10-23,77900,80600,77900,78700,18190,0.006393861892583175
2023-10-24,78700,83400,77300,82900,26743,0.053367217280813284
2023-10-25,82900,88900,82000,86100,75863,0.0386007237635706
2023-10-26,84000,84500,81600,82200,37186,-0.04529616724738672
2023-10-27,84300,89300,84300,87400,46944,0.06326034063260333
2023-10-30,87300,87800,83900,84900,28132,-0.028604118993134975
2023-10-31,85200,87600,83800,85000,29113,0.0011778563015312216
2023-11-01,84500,85600,83800,85000,17020,0.0
2023-11-02,86700,90100,85500,89100,34971,0.048235294117647154
2023-11-03,90000,94600,87900,90800,76332,0.019079685746352437
2023-11-06,91000,92500,82500,88900,59926,-0.020925110132158586
2023-11-07,89000,91600,85500,86300,52258,-0.02924634420697414
2023-11-08,87600,89300,85400,88300,69429,0.023174971031286296
2023-11-09,88100,89500,86600,88100,36008,-0.0022650056625141968
2023-11-10,88100,89500,87300,88000,30571,-0.0011350737797957144
2023-11-13,89000,89000,82500,83000,60512,-0.05681818181818177
2023-11-14,83200,85200,79400,80400,50649,-0.031325301204819245
2023-11-15,81500,82300,79800,80700,34459,0.003731343283582156
2023-11-16,81200,81200,77700,80000,35486,-0.008674101610904539
2023-11-17,80000,84000,79800,82900,43248,0.03624999999999989
2023-11-20,82900,85100,81600,84700,23206,0.02171290711700835
2023-11-21,85600,85900,82800,84100,24207,-0.00708382526564344
2023-11-22,84100,85400,82700,83000,10404,-0.013079667063020217
2023-11-23,85000,88300,83600,87000,40616,0.04819277108433728
2023-11-24,86700,87400,85300,85300,17743,-0.019540229885057436
2023-11-27,85300,85700,81600,82300,25878,-0.035169988276670616
2023-11-28,82400,84300,80700,82900,35778,0.007290400972053357
2023-11-29,82800,83300,79900,82900,51221,0.0
2023-11-30,83200,83500,81000,83200,19277,0.003618817852834688
2023-12-01,84400,89600,83300,89200,62957,0.07211538461538458
2023-12-04,89000,89300,86200,86500,38209,-0.030269058295964157
2023-12-05,85300,85900,82000,82600,52870,-0.04508670520231217
2023-12-06,82700,84100,81800,83100,17010,0.006053268765133124
2023-12-07,82600,83400,81200,82500,38514,-0.0072202166064981865
2023-12-08,83000,88400,83000,88000,66211,0.06666666666666665
2023-12-11,89500,98100,88500,95800,151352,0.08863636363636362
2023-12-12,99000,100000,95300,96400,72331,0.006263048016701411
2023-12-13,94500,96500,93800,94600,32330,-0.018672199170124526
2023-12-14,94400,98700,93500,98500,52609,0.04122621564482021
2023-12-15,99300,112700,97100,111700,278901,0.13401015228426405
2023-12-18,113400,114600,109200,112000,72120,0.0026857654431513556
2023-12-19,111400,116000,95900,99300,269491,-0.11339285714285718
2023-12-20,98200,101200,96400,100100,85270,0.00805639476334341
2023-12-21,97900,102300,97200,100400,52515,0.0029970029970030065
2023-12-22,100400,100800,96000,97800,53755,-0.02589641434262946
2023-12-26,97800,97800,94700,95100,33011,-0.027607361963190136
2023-12-27,95200,97000,94800,95300,18426,0.002103049421661396
2023-12-28,96000,100500,94800,99700,49761,0.04616998950682061
2024-01-02,99900,101900,95300,95700,55415,-0.04012036108324979
2024-01-03,95500,95900,87900,93700,32216,-0.020898641588296796
2024-01-04,92700,96800,91600,94100,29692,0.004268943436499528
2024-01-05,94000,99900,91700,98400,50381,0.0456960680127525
2024-01-08,103100,105400,99500,99500,66923,0.011178861788617933
2024-01-09,101900,109500,99800,105500,66612,0.06030150753768848
2024-01-10,104500,109700,103600,108000,38191,0.023696682464454888
2024-01-11,107000,110000,105700,106400,28298,-0.014814814814814836
2024-01-12,106400,109400,104000,106700,27178,0.0028195488721804995
2024-01-15,105700,106100,103300,106000,16427,-0.006560449859418949
2024-01-16,106000,107000,103000,103800,21196,-0.02075471698113207
2024-01-17,104000,108400,101500,107000,48268,0.030828516377649384
2024-01-18,108200,115000,106100,110600,64270,0.03364485981308407
2024-01-19,111000,120700,108600,119000,82256,0.07594936708860756
2024-01-22,124000,130500,118100,120000,108017,0.008403361344537785
2024-01-23,118300,119200,113100,115100,68614,-0.04083333333333339
2024-01-24,115100,123400,115100,123300,52706,0.07124239791485665
2024-01-25,122900,123200,118000,118000,28936,-0.042984590429845926
2024-01-26,118000,119700,111000,115200,30322,-0.023728813559321993
2024-01-29,114800,118500,108500,111500,59628,-0.03211805555555558
2024-01-30,111500,112400,105900,109400,64356,-0.01883408071748882
2024-01-31,109400,109400,103300,107900,94716,-0.013711151736745864
2024-02-01,105600,107200,102000,103800,62122,-0.037998146431881374
2024-02-02,104100,106300,101600,102200,41333,-0.015414258188824692
2024-02-05,100300,103600,99500,102400,34055,0.001956947162426559
2024-02-06,100200,108200,100200,106400,42858,0.0390625
2024-02-07,106500,109300,98100,101400,66350,-0.046992481203007475
2024-02-08,101400,105500,99800,103400,39696,0.019723865877712132
2024-02-13,105800,110400,105000,108800,59365,0.05222437137330749
2024-02-14,108400,108800,105100,106600,34307,-0.020220588235294157
2024-02-15,107800,109800,102000,104100,44113,-0.023452157598499057
2024-02-16,103200,105000,100800,102800,40437,-0.012487992315081686
2024-02-19,101200,103900,100500,102400,46594,-0.0038910505836575737
2024-02-20,101400,105000,101400,103100,32919,0.0068359375
2024-02-21,103100,103100,94600,95000,131680,-0.0785645004849661
2024-02-22,98300,99700,97000,98200,70780,0.03368421052631576
2024-02-23,99000,101400,95600,95600,44818,-0.02647657841140527
2024-02-26,96000,99500,94600,95200,38541,-0.004184100418409997
2024-02-27,96700,96700,92500,92900,30593,-0.024159663865546244
2024-02-28,92900,93500,90800,92100,33899,-0.008611410118406937
2024-02-29,92100,92900,90000,92200,46141,0.0010857763300760048
2024-03-04,93000,93200,89500,90700,44172,-0.01626898047722347
2024-03-05,91500,91500,88000,90000,52844,-0.007717750826901848
2024-03-06,89700,89700,86900,88300,51369,-0.018888888888888844
2024-03-07,88100,89000,86000,87000,31396,-0.014722536806342057
2024-03-08,87900,88200,85400,86800,22960,-0.0022988505747126853
2024-03-11,86000,93200,84000,91700,83808,0.056451612903225756
2024-03-12,91100,92300,89000,90200,32960,-0.016357688113413316
2024-03-13,93300,99300,92700,95100,119054,0.05432372505543248
2024-03-14,98200,101000,95900,97200,83663,0.02208201892744488
2024-03-15,98100,98100,93000,95800,40148,-0.014403292181069949
2024-03-18,97800,100800,95800,97000,68551,0.012526096033402823
2024-03-19,98000,98100,94100,96400,25749,-0.006185567010309256
2024-03-20,97300,99500,94900,98100,36094,0.01763485477178417
2024-03-21,99400,101700,97000,100400,62052,0.023445463812436396
2024-03-22,101100,101200,98800,101100,28141,0.006972111553784854
2024-03-25,101500,101500,97600,98600,24556,-0.024727992087042572
2024-03-26,98500,98500,94300,96000,64693,-0.026369168356997985
2024-03-27,96000,96000,90700,92300,101320,-0.038541666666666696
2024-03-28,92500,96800,92100,95200,43923,0.031419284940411796
2024-03-29,96000,98000,93500,97400,50735,0.02310924369747891
2024-04-01,100000,100100,94900,96500,54617,-0.00924024640657084
2024-04-02,97300,97600,91700,92100,58615,-0.0455958549222798
2024-04-03,92200,94300,90100,91600,35079,-0.005428881650380024
2024-04-04,92000,93800,91800,93700,19483,0.022925764192139653
2024-04-05,91900,93700,91100,92000,19522,-0.018143009605122717
2024-04-08,92300,93800,90300,90700,17335,-0.01413043478260867
2024-04-09,90800,91500,90000,90700,21392,0.0
2024-04-11,88800,90700,88700,89100,15695,-0.01764057331863289
2024-04-12,89700,94400,89700,91400,35482,0.02581369248035914
2024-04-15,91400,91400,88500,89500,15320,-0.020787746170678356
2024-04-16,89300,89300,86200,86200,26902,-0.036871508379888285
2024-04-17,86500,88500,85500,86500,15988,0.0034802784222738303
2024-04-18,86300,92800,86300,92000,21975,0.06358381502890165
2024-04-19,92000,93000,89400,90400,17189,-0.017391304347826098
2024-04-22,89700,92100,88300,88800,8656,-0.017699115044247815
2024-04-23,90100,91300,89500,90000,8307,0.013513513513513598
2024-04-24,91200,92400,89100,90100,15053,0.0011111111111110628
2024-04-25,90000,91600,89700,90100,10987,0.0
2024-04-26,92200,94200,90800,93300,26413,0.035516093229744694
2024-04-29,93200,93900,91700,92300,12741,-0.010718113612004254
2024-04-30,91900,92800,91400,92700,15479,0.004333694474539573
2024-05-02,92600,97400,91500,95700,37177,0.032362459546925626
2024-05-03,96800,97000,94100,94400,11921,-0.013584117032392928
2024-05-07,95200,95300,92900,94000,15605,-0.004237288135593209
2024-05-08,92600,93800,87600,88400,64475,-0.05957446808510636
2024-05-09,88400,89700,87700,88100,33640,-0.0033936651583710287
2024-05-10,88400,89000,87100,88300,12324,0.002270147559591429
2024-05-13,88300,89800,88000,89600,11658,0.014722536806341946
2024-05-14,89600,90000,88000,88100,13490,-0.016741071428571397
2024-05-16,88300,89900,87300,89200,35390,0.012485811577752637
2024-05-17,89200,89600,88100,88200,8242,-0.011210762331838597
2024-05-20,89000,89200,86800,87700,22927,-0.005668934240362855
2024-05-21,88500,88900,86700,86900,19664,-0.009122006841505104
2024-05-22,86800,88700,86700,87500,10266,0.0069044879171460405
2024-05-23,88200,88300,85900,86400,17205,-0.012571428571428567
2024-05-24,85600,86500,84100,84500,49286,-0.0219907407407407
2024-05-27,84500,84900,80200,82400,50286,-0.02485207100591713
2024-05-28,82900,83400,80700,82200,34114,-0.0024271844660194164
2024-05-29,82000,84400,81200,81500,24986,-0.008515815085158196
2024-05-30,81500,82000,80100,81000,15369,-0.006134969325153339
2024-05-31,80900,81600,78600,80500,23387,-0.006172839506172867
2024-06-03,80500,82000,78800,81300,26650,0.009937888198757738
2024-06-04,81300,81500,78900,78900,16971,-0.029520295202952074
2024-06-05,78900,80500,77000,79700,29795,0.010139416983523386
2024-06-07,79700,79900,77600,77700,13720,-0.025094102885821812
2024-06-10,77500,79800,77000,79000,13064,0.016731016731016624
2024-06-11,78900,79200,75700,76000,19751,-0.03797468354430378
2024-06-12,76100,77400,75700,77400,27171,0.018421052631578894
2024-06-13,77100,78300,75400,76400,28151,-0.012919896640826822
2024-06-14,77700,78000,75600,76200,14579,-0.002617801047120394
2024-06-17,77100,77200,75500,76800,15604,0.007874015748031482
2024-06-18,76800,77300,74400,74800,23198,-0.02604166666666663
2024-06-19,74200,75600,74100,74200,17512,-0.008021390374331583
2024-06-20,74700,84400,74700,80400,90979,0.0835579514824798
2024-06-21,79300,79800,77200,77600,21914,-0.03482587064676612
2024-06-24,76600,80000,76600,80000,19990,0.030927835051546282
2024-06-25,79600,84200,79600,83500,41071,0.043749999999999956
2024-06-26,82300,84200,82300,83100,18660,-0.004790419161676662
2024-06-27,83600,86400,82900,84700,27150,0.019253910950661757
2024-06-28,85000,85000,83100,83300,12220,-0.016528925619834656
2024-07-01,83300,83300,79900,80000,20357,-0.03961584633853543
2024-07-02,80000,80200,77300,77700,23185,-0.028750000000000053
2024-07-03,77700,78700,75600,76500,20087,-0.015444015444015413
2024-07-04,75800,77400,75200,76200,11965,-0.0039215686274509665
2024-07-05,76200,77900,75700,77400,13867,0.015748031496062964
2024-07-08,77400,79200,77400,78100,6281,0.009043927648578753
2024-07-09,78000,80000,78000,79300,14146,0.015364916773367376
2024-07-10,79000,79000,77400,77700,10071,-0.020176544766708715
2024-07-11,78000,78600,76200,76600,14306,-0.014157014157014203
2024-07-12,76000,79900,76000,78500,18441,0.024804177545691974
2024-07-15,77700,82400,77700,79600,22052,0.014012738853503182
2024-07-16,78900,81900,78600,81400,12798,0.022613065326633208
2024-07-17,81500,84700,81200,83200,32267,0.02211302211302213
2024-07-18,82300,82700,80000,80500,17646,-0.03245192307692313
2024-07-19,81200,81200,78300,78500,13245,-0.024844720496894457
2024-07-22,79500,83200,79400,80900,18970,0.030573248407643305
2024-07-23,81500,82000,78600,79900,10537,-0.012360939431396822
2024-07-24,80100,82000,78100,79000,11846,-0.01126408010012514
2024-07-25,78500,78500,73800,75400,30307,-0.04556962025316458
2024-07-26,76300,76300,74000,74000,12677,-0.018567639257294433
2024-07-29,73800,74700,70700,72300,27377,-0.02297297297297296
2024-07-30,72300,77100,71100,76100,26158,0.052558782849239316
2024-07-31,74600,78400,74300,74900,20872,-0.015768725361366642
2024-08-01,75500,76600,74500,75900,11405,0.013351134846461887
2024-08-02,74500,74600,71800,72900,36810,-0.03952569169960474
2024-08-05,70800,72100,61500,64100,70521,-0.12071330589849105
2024-08-06,64100,69900,64100,67400,51111,0.05148205928237126
2024-08-07,66700,69500,66700,67700,11541,0.004451038575667754
2024-08-08,65500,66900,63100,63200,40915,-0.06646971935007384
2024-08-09,65000,66900,64400,65000,47959,0.028481012658227778
2024-08-12,65200,66000,62900,63800,28746,-0.018461538461538418
2024-08-13,64200,64400,62700,63600,23097,-0.0031347962382445305
2024-08-14,64800,65200,63400,64000,18194,0.0062893081761006275
2024-08-16,64700,65900,63400,64700,27225,0.010937500000000044
2024-08-19,64400,67500,64400,66200,25264,0.023183925811437467
2024-08-20,66200,71000,66200,70000,32036,0.05740181268882183
2024-08-21,69500,71500,68800,69400,13957,-0.008571428571428563
2024-08-22,70700,70700,69000,69900,13116,0.007204610951008661
2024-08-23,69600,69900,68300,69100,9341,-0.011444921316165924
2024-08-26,67900,70100,67900,69000,8323,-0.0014471780028944004
2024-08-27,69800,69800,67700,68700,8043,-0.004347826086956497
2024-08-28,68700,71500,68700,69900,11326,0.017467248908296984
2024-08-29,69100,70500,69000,69500,5361,-0.005722460658083017
2024-08-30,69200,70800,69200,70200,7219,0.010071942446043147
2024-09-02,71100,72600,70200,71400,11430,0.017094017094017033
2024-09-03,71700,71700,70000,70200,13252,-0.01680672268907568
2024-09-04,68800,70200,67900,70200,20204,0.0
2024-09-05,70000,70500,66900,67900,17800,-0.03276353276353272
2024-09-06,67300,69700,66200,66600,9308,-0.019145802650957333
2024-09-09,65000,68600,64800,68100,17188,0.022522522522522515
2024-09-10,66600,69100,65700,65800,10610,-0.03377386196769461
2024-09-11,66200,68600,65900,67400,19886,0.024316109422492405
2024-09-12,67200,70600,67200,69900,19672,0.0370919881305638
2024-09-13,69100,71600,67800,70800,27415,0.012875536480686733
2024-09-19,70600,71000,69300,70600,8005,-0.0028248587570621764
2024-09-20,70500,72100,70400,70700,15876,0.0014164305949009304
2024-09-23,71500,71800,70800,71800,6296,0.01555869872701554
2024-09-24,71900,73700,71600,72300,10069,0.0069637883008355494
2024-09-25,72500,73700,72300,73300,15182,0.013831258644536604
2024-09-26,72800,74800,72800,74500,8949,0.016371077762619368
2024-09-27,74500,76200,73700,75000,19232,0.006711409395973256
2024-09-30,74600,75600,74400,75400,9933,0.005333333333333412
2024-10-02,74600,79000,74600,76100,22753,0.009283819628647105
2024-10-04,75900,78000,75900,77300,8908,0.01576872536136653
2024-10-07,78400,78400,77000,77700,8128,0.005174644243208348
2024-10-08,76800,78800,76800,78400,5330,0.009009009009008917
2024-10-10,78800,79300,78000,78400,10245,0.0
2024-10-11,79000,79000,77800,78500,6564,0.0012755102040815647
2024-10-14,78500,80300,78500,79400,8720,0.01146496815286624
2024-10-15,79400,80900,78600,80600,10363,0.015113350125944613
2024-10-16,80600,81400,78200,79600,11437,-0.012406947890818865
2024-10-17,79600,79800,74900,75300,26817,-0.0540201005025126
2024-10-18,75300,75300,72900,72900,11913,-0.031872509960159334
2024-10-21,72900,74800,72900,74000,4712,0.015089163237311354
2024-10-22,73800,74300,72800,73300,4945,-0.009459459459459474
2024-10-23,72500,74400,71800,73100,9101,-0.0027285129604365244
2024-10-24,73100,73100,70600,71300,8640,-0.024623803009575895
2024-10-25,70600,71700,70600,70900,6105,-0.005610098176718092
2024-10-28,71800,74900,71800,74300,15913,0.04795486600846255
2024-10-29,74300,74300,72100,72600,7161,-0.02288021534320328
2024-10-30,72700,72900,70000,70100,9488,-0.03443526170798894
2024-10-31,70300,70700,69300,70200,12715,0.0014265335235377208
2024-11-01,70200,70600,69700,69900,7971,-0.004273504273504258
2024-11-04,69900,70800,67600,67600,19975,-0.03290414878397707
2024-11-05,67700,68400,67000,67700,6969,0.0014792899408284654
2024-11-06,67800,67800,64100,65100,29009,-0.03840472673559825
2024-11-07,65200,68400,65000,68100,12499,0.04608294930875578
2024-11-08,68400,68500,65600,66400,11319,-0.02496328928046987
2024-11-11,66300,66300,63400,63400,24748,-0.04518072289156627
2024-11-12,63900,63900,62000,62600,20291,-0.012618296529968487
2024-11-13,62600,67800,62300,64300,30232,0.02715654952076685
2024-11-14,64100,64600,61200,61200,33740,-0.04821150855365475
2024-11-15,61200,66200,61100,65400,23740,0.06862745098039214
2024-11-18,65300,65900,64000,65300,15569,-0.001529051987767538
2024-11-19,65300,67100,65000,66700,10512,0.0214395099540583
2024-11-20,66700,67000,65200,66200,9714,-0.007496251874062998
2024-11-21,66400,66500,65300,65300,12267,-0.013595166163142047
2024-11-22,65000,65900,64000,64400,19237,-0.013782542113323082
2024-11-25,64700,65800,64000,64600,22945,0.0031055900621117516
2024-11-26,64300,71500,63800,70900,43252,0.0975232198142415
2024-11-27,72300,75200,70500,73100,65041,0.031029619181946355
2024-11-28,73000,74400,71700,72500,15888,-0.008207934336525335
2024-11-29,72500,76600,71800,74800,29445,0.03172413793103446
2024-12-02,76600,77000,74500,74900,30111,0.0013368983957218195
2024-12-03,74900,76500,71000,72000,72615,-0.03871829105473967
2024-12-04,70600,72400,69800,72200,38955,0.002777777777777768
2024-12-05,72100,72800,69000,69300,38398,-0.040166204986149534
2024-12-06,68700,70400,67500,69100,29274,-0.0028860028860029363
2024-12-09,67500,68900,64100,64300,31755,-0.06946454413892911
2024-12-10,64500,68500,63800,68500,24797,0.06531881804043538
2024-12-11,68500,70600,67500,70000,15271,0.021897810218978186
2024-12-12,70800,70800,67800,69500,19721,-0.0071428571428571175
2024-12-13,68800,70500,68100,69200,24285,-0.004316546762589968
2024-12-16,69900,70300,68100,68800,17878,-0.005780346820809301
2024-12-17,69300,75900,68900,74500,71771,0.08284883720930236
2024-12-18,77900,83500,77300,80100,125420,0.07516778523489931
2024-12-19,78900,80800,78100,78600,32175,-0.01872659176029967
2024-12-20,78400,78400,74000,74000,41048,-0.058524173027989845
2024-12-23,75400,76400,73700,73700,28087,-0.004054054054054013
2024-12-24,73900,75600,73900,74500,9960,0.01085481682496603
2024-12-26,74600,80000,74600,79900,43884,0.0724832214765101
2024-12-27,79400,79800,76500,76500,16830,-0.04255319148936165
2024-12-30,77600,78400,75000,76500,14743,0.0
2025-01-02,76300,77900,75600,77300,11654,0.010457516339869244
2025-01-03,77800,79100,76200,77800,26482,0.0064683053040104355
2025-01-06,78700,80500,76500,77700,32371,-0.0012853470437017567
2025-01-07,77700,77800,75500,76000,12951,-0.02187902187902191
2025-01-08,76200,78700,75500,77000,11435,0.013157894736842035
2025-01-09,77100,77100,74300,75000,23820,-0.025974025974025983
2025-01-10,75200,75300,73700,74000,8514,-0.013333333333333308
2025-01-13,73300,74700,72800,73700,11421,-0.004054054054054013
2025-01-14,73700,74500,72900,73000,8250,-0.009497964721845276
2025-01-15,72900,73500,72200,73000,6251,0.0
2025-01-16,73800,73800,72100,73100,19761,0.00136986301369868
2025-01-17,73200,73200,71600,71800,10118,-0.017783857729138153
2025-01-20,71800,72800,71000,72500,7173,0.009749303621169991
2025-01-21,72500,74400,71400,74300,15631,0.024827586206896513
2025-01-22,74900,76700,74700,76100,29816,0.024226110363391617
2025-01-23,76800,76900,74000,75800,20751,-0.003942181340341633
2025-01-24,75800,75800,74200,75000,11503,-0.01055408970976257
2025-01-31,74000,74900,72500,72700,31265,-0.03066666666666662
2025-02-03,71600,72600,69500,72000,26492,-0.009628610729023435
2025-02-04,72500,73300,71100,72700,11523,0.009722222222222188
2025-02-05,72700,75100,72100,73200,24629,0.00687757909215958
2025-02-06,74000,75100,73500,74700,15276,0.020491803278688492
2025-02-07,74700,83600,73500,80700,163719,0.08032128514056236
2025-02-10,83100,86100,79600,84100,111208,0.04213135068153662
2025-02-11,84600,84600,79800,80300,61224,-0.045184304399524367
2025-02-12,79800,81400,78400,78500,26983,-0.02241594022415938
2025-02-13,78500,82100,78500,80300,29637,0.02292993630573248
2025-02-14,80900,81800,80000,80600,18654,0.0037359900373599153
2025-02-17,81400,81500,79500,80800,18526,0.002481389578163684
2025-02-18,81100,81800,79200,80000,22925,-0.00990099009900991
2025-02-19,81400,86000,79800,81200,82400,0.014999999999999902
2025-02-20,81800,81800,79300,80000,19449,-0.014778325123152691
2025-02-21,80200,80200,77100,78300,27162,-0.02124999999999999
2025-02-24,77000,79200,77000,78000,20346,-0.003831417624521105
2025-02-25,78000,78000,75900,76200,26994,-0.023076923076923106
2025-02-26,76500,76500,75600,76000,9898,-0.002624671916010457
2025-02-27,76100,76700,75000,75100,11962,-0.011842105263157876
2025-02-28,73600,75100,73200,73800,11143,-0.017310252996005304
2025-03-04,73700,77100,72200,77100,31636,0.04471544715447151
2025-03-05,77100,77100,74300,75400,18795,-0.022049286640726362
2025-03-06,76200,76200,73300,73900,17698,-0.019893899204244003
2025-03-07,73100,75300,72800,72800,12365,-0.014884979702300405
2025-03-10,72500,74100,72500,72700,8164,-0.0013736263736263687
2025-03-11,71100,73700,70500,72600,10354,-0.0013755158184318717
2025-03-12,72600,74900,72600,73900,6681,0.017906336088154173
2025-03-13,74000,74800,73200,74000,10909,0.0013531799729364913
2025-03-14,74000,76000,73600,74800,28578,0.0108108108108107
2025-03-17,74800,75800,74000,75500,11760,0.009358288770053402
2025-03-18,75500,75500,73500,74200,17518,-0.017218543046357615
2025-03-19,74300,75200,73500,74900,8788,0.009433962264151052
2025-03-20,75000,76400,74700,75400,16761,0.006675567423231055
2025-03-21,74900,76600,73900,75500,29664,0.0013262599469496816
2025-03-24,75300,77600,74400,76300,16308,0.01059602649006619
2025-03-25,76300,77400,75300,75300,16058,-0.013106159895150737
2025-03-26,74600,75800,73900,75400,9335,0.0013280212483399723
2025-03-27,75800,77500,75400,76200,18963,0.010610079575596787
2025-03-28,76000,77000,71800,72100,26032,-0.0538057742782152
2025-03-31,71300,74400,71300,73400,25390,0.018030513176144236
2025-04-01,74100,75500,73700,75100,16489,0.023160762942779245
2025-04-02,75700,79300,75200,79100,46008,0.053262316910785534
2025-04-03,78000,79700,78000,79400,12700,0.0037926675094817064
2025-04-04,79000,80000,78400,79500,25746,0.0012594458438286438
2025-04-07,77200,79300,76700,78300,35273,-0.015094339622641506
2025-04-08,80300,80900,77300,78200,53580,-0.0012771392081737387
2025-04-09,77000,77100,72300,73000,37322,-0.06649616368286448
2025-04-10,76000,77500,74500,76600,17332,0.049315068493150704
2025-04-11,76500,79300,75200,78000,10883,0.018276762402088753
2025-04-14,78800,82400,78100,80200,26584,0.028205128205128105
2025-04-15,80500,82300,80100,81500,19159,0.016209476309226867
2025-04-16,82200,82700,80000,81500,21725,0.0
2025-04-17,82000,83100,80800,81800,23017,0.0036809815950920033
2025-04-18,81800,83600,81500,83200,20525,0.017114914425427896
2025-04-21,83500,83500,75200,80500,27318,-0.03245192307692313
2025-04-22,79300,80000,77000,78300,14797,-0.027329192546583836
2025-04-23,79000,79500,77900,78400,11661,0.0012771392081736277
2025-04-24,78700,78800,76400,76600,24874,-0.022959183673469385
2025-04-25,76800,77900,76500,77200,10903,0.007832898172323688
2025-04-28,77700,78200,76500,77700,9690,0.006476683937823857
2025-04-29,77800,78900,77000,78900,13569,0.015444015444015413
2025-04-30,79000,79100,77000,78800,13279,-0.0012674271229404788
2025-05-02,78900,78900,75900,76800,20047,-0.025380710659898442
2025-05-07,76800,80500,76800,80300,24243,0.04557291666666674
2025-05-08,79000,82000,79000,81500,17500,0.014943960149439661
2025-05-09,80500,80500,78100,79100,18624,-0.02944785276073625
2025-05-12,79700,80600,77500,78400,12107,-0.008849557522123908
2025-05-13,78700,79900,78700,79100,6952,0.008928571428571397
2025-05-14,79100,79600,78400,78700,11222,-0.005056890012642201
2025-05-15,78800,79400,77600,79300,9920,0.007623888182973326
2025-05-16,79300,81200,77700,78000,23095,-0.016393442622950838
2025-05-19,78000,78000,75600,75800,18669,-0.028205128205128216
2025-05-20,76000,77900,75800,77300,12256,0.01978891820580464
2025-05-21,77600,78200,76500,77700,6716,0.005174644243208348
2025-05-22,78000,79700,76800,78700,9228,0.01287001287001277
2025-05-23,77600,80400,77100,79500,16839,0.010165184243964509
2025-05-26,79500,80500,78200,80100,10795,0.007547169811320753
2025-05-27,80200,80800,79200,79300,9971,-0.009987515605493158
2025-05-28,79200,81100,77400,77500,25614,-0.022698612862547263
2025-05-29,77500,78300,76600,77700,10032,0.002580645161290418
2025-05-30,77700,77800,76600,76700,9345,-0.012870012870012881
2025-06-02,76700,80400,76600,79000,14383,0.02998696219035213
2025-06-04,80000,81200,79300,80400,16459,0.017721518987341867
2025-06-05,81100,84000,80600,83800,36660,0.04228855721393043
2025-06-09,84600,87700,82400,82900,35584,-0.010739856801909253
2025-06-10,82900,84300,82100,83500,12733,0.007237635705669376
2025-06-11,83500,83500,80700,81000,34023,-0.029940119760479056
2025-06-12,82800,87800,82500,86000,68565,0.06172839506172845
2025-06-13,88000,88800,80500,88100,72457,0.024418604651162745
2025-06-16,88100,89200,86000,87800,33922,-0.0034052213393870323
2025-06-17,87500,90500,87000,89200,43688,0.015945330296127658
2025-06-18,89800,91400,86500,90800,30652,0.017937219730941756
2025-06-19,91500,94200,91200,92300,47935,0.016519823788546217
2025-06-20,92300,93700,89500,91500,33445,-0.008667388949079036
2025-06-23,91500,99900,90700,99900,96731,0.09180327868852456
2025-06-24,98800,98800,95900,97200,56176,-0.027027027027026973
2025-06-25,97000,99000,93300,98500,59564,0.01337448559670773
2025-06-26,98500,99000,90300,98100,53996,-0.004060913705583702
2025-06-27,98500,99500,95100,98400,44612,0.003058103975535076
2025-06-30,99500,102000,97400,98000,30300,-0.004065040650406471
2025-07-01,99000,99000,95150,96500,54458,-0.015306122448979553
2025-07-02,96200,97000,92600,93400,49259,-0.032124352331606265
2025-07-03,93200,95200,90100,90500,53462,-0.031049250535331918
2025-07-04,90900,92200,88300,89100,32056,-0.015469613259668558
2025-07-07,89000,90000,86700,87400,22592,-0.019079685746352437
2025-07-08,88100,90600,87400,89900,12579,0.028604118993134975
2025-07-09,89900,91500,88400,91000,23643,0.012235817575083408
2025-07-10,91000,91000,87700,89000,38637,-0.02197802197802201
2025-07-11,89000,91100,89000,90200,30778,0.01348314606741563
2025-07-14,91400,91400,88500,90500,18940,0.003325942350332678
2025-07-15,91900,94900,91900,94300,36943,0.041988950276243164
2025-07-16,93700,95400,92800,95000,24549,0.007423117709437932
2025-07-17,95200,95900,92900,94200,28089,-0.008421052631578996
2025-07-18,93600,94300,91100,91900,20698,-0.02441613588110403
2025-07-21,92300,93200,89100,89400,24044,-0.027203482045701888
2025-07-22,89400,91100,88200,89900,22003,0.005592841163311046
2025-07-23,90900,90900,88500,89500,11229,-0.004449388209121219
2025-07-24,89300,89600,87800,87800,11430,-0.018994413407821265
2025-07-25,87600,88100,86400,87400,13838,-0.004555808656036442
2025-07-28,87000,87700,86700,87200,8213,-0.0022883295194507935
2025-07-29,87000,88600,86500,87900,8312,0.008027522935779796
2025-07-30,88300,88600,87100,88000,8541,0.0011376564277587597
2025-07-31,88100,90400,88100,90400,14351,0.027272727272727337
2025-08-01,90400,90400,87900,88200,12859,-0.02433628318584069
2025-08-04,88200,88800,87600,88000,8677,-0.0022675736961451642
2025-08-05,88100,89600,86900,87300,11737,-0.007954545454545436
2025-08-06,86200,87300,84400,84900,47732,-0.027491408934707917
2025-08-07,84900,85300,82200,82900,39720,-0.02355712603062421
2025-08-08,82900,82900,79200,80400,43626,-0.030156815440289475
2025-08-11,80800,81500,79900,80700,13610,0.003731343283582156
2025-08-12,80600,82800,80600,80700,18065,0.0
2025-08-13,81000,81600,80500,81500,8914,0.00991325898389106
2025-08-14,81800,83500,81600,82800,17259,0.01595092024539868
2025-08-18,82800,82900,79900,80800,18933,-0.024154589371980673
2025-08-19,80800,81800,80200,81100,10060,0.003712871287128605
2025-08-20,80900,81000,79600,80200,8734,-0.011097410604192337
2025-08-21,80000,81600,80000,80500,7831,0.0037406483790523026
2025-08-22,80500,81600,80400,81100,4593,0.007453416149068248
2025-08-25,81100,82800,81100,82000,7729,0.011097410604192337
2025-08-26,81800,83200,81200,82500,9905,0.0060975609756097615
2025-08-27,83400,83600,82000,82000,9560,-0.0060606060606061
2025-08-28,82000,83300,81600,83300,8047,0.01585365853658538
2025-08-29,83200,83600,81800,82900,9510,-0.004801920768307322
2025-09-01,82900,83500,81600,82000,9911,-0.010856453558504175
2025-09-02,82000,83800,82000,83600,12238,0.019512195121951237
2025-09-03,83900,85300,82700,84300,17809,0.00837320574162681
2025-09-04,85300,85300,84000,84700,10953,0.004744958481613271
2025-09-05,84400,87900,84400,86600,21612,0.022432113341204207
2025-09-08,85400,87200,85400,87000,14388,0.004618937644341736
2025-09-09,87400,87700,86900,87100,15403,0.0011494252873562871
2025-09-10,88500,93300,88500,90800,63747,0.042479908151549894
2025-09-11,93000,93000,89300,91500,26398,0.007709251101321479
2025-09-12,91500,92000,90300,91000,17185,-0.005464480874316946
2025-09-15,91100,92200,89800,91100,17680,0.001098901098901095
2025-09-16,91200,92300,90500,92100,19123,0.010976948408342402
2025-09-17,92100,92600,90200,91900,9300,-0.0021715526601520097
2025-09-18,91900,93000,91900,92900,13039,0.01088139281828071
2025-09-19,92700,93500,92000,92700,8888,-0.0021528525296017342
2025-09-22,92100,92100,89700,91100,13364,-0.017259978425027023
2025-09-23,91200,93000,91200,92200,10125,0.01207464324917673
2025-09-24,92200,92400,90500,91800,9360,-0.004338394793926281
2025-09-25,91200,92600,90600,92400,16143,0.006535947712418277
2025-09-26,92800,92900,90900,91000,9442,-0.015151515151515138
2025-09-29,94500,98000,93600,96000,53244,0.05494505494505497
2025-09-30,96400,98500,95600,96100,22063,0.0010416666666666075
2025-10-01,95900,96700,94300,96100,17903,0.0
2025-10-02,97000,98800,94800,95500,17746,-0.00624349635796051
2025-10-10,95500,97800,93600,95800,21816,0.003141361256544517
2025-10-13,93600,94900,93600,93800,7727,-0.02087682672233826
2025-10-14,93800,95000,92400,93100,15083,-0.007462686567164201
2025-10-15,93600,96300,93200,96200,14153,0.03329752953813103
2025-10-16,96300,96500,95600,95900,9136,-0.0031185031185031464
2025-10-17,95900,95900,92000,92000,17171,-0.040667361835245
2025-10-20,91900,94000,91900,92600,12769,0.006521739130434856
2025-10-21,92600,92600,89000,89400,18191,-0.03455723542116629
2025-10-22,90200,90200,88100,89900,7231,0.005592841163311046
2025-10-23,89900,89900,88400,88700,6895,-0.013348164627363768
2025-10-24,88800,90000,87300,88000,13736,-0.007891770011273946
2025-10-27,88000,90000,87700,89200,24497,0.013636363636363669
2025-10-28,89500,89800,87900,89000,16445,-0.0022421524663677195
2025-10-29,88300,92400,88200,91400,18731,0.026966292134831482
2025-10-30,92400,93300,91300,93000,22134,0.017505470459518557
2025-10-31,93300,93400,90300,93000,11505,0.0
2025-11-03,93000,95200,92700,93500,80208,0.005376344086021501
2025-11-04,93800,94400,92600,93500,15816,0.0
2025-11-05,93500,93800,90400,93200,30862,-0.0032085561497325887
2025-11-06,94100,94500,90600,91100,13168,-0.022532188841201672
2025-11-07,91100,93200,90200,91500,21003,0.004390779363337094
2025-11-10,91400,93300,91000,92500,15492,0.010928961748633892
2025-11-11,93100,93400,89700,89900,14709,-0.028108108108108154
2025-11-12,90000,90000,84900,85000,36783,-0.05450500556173521
2025-11-13,85100,88400,85100,88300,27796,0.0388235294117647
2025-11-14,88200,88200,85300,86800,10889,-0.016987542468856143
2025-11-17,86700,87100,84700,86100,18868,-0.008064516129032251
2025-11-18,85600,87000,80000,83200,17932,-0.03368176538908241
2025-11-19,83200,84200,81600,83000,11705,-0.0024038461538461453
2025-11-20,83400,86100,83400,85800,7077,0.033734939759036076
2025-11-21,84000,85800,82600,84700,24245,-0.012820512820512775
2025-11-24,85700,88800,84900,88000,12636,0.03896103896103886
2025-11-25,89400,96000,88100,94500,56132,0.07386363636363646
2025-11-26,95000,115400,95000,112100,340963,0.18624338624338632
2025-11-27,107800,108000,98900,105000,79000,-0.06333630686886704
2025-11-28,104500,105300,102300,103800,31893,-0.011428571428571455
2025-12-01,104600,107500,102500,104600,36102,0.007707129094412402
2025-12-02,104500,106900,103000,104400,44717,-0.0019120458891013214
2025-12-03,106600,107400,104400,106000,16835,0.015325670498084198
2025-12-04,106100,107200,104000,106000,20410,0.0
2025-12-05,105900,110700,105600,110300,34432,0.04056603773584899
