Date,Open,High,Low,Close,Volume,Change
2022-01-03,6170,6500,6080,6340,8977819,0.030894308943089532
2022-01-04,6340,6480,5930,5970,4081461,-0.05835962145110407
2022-01-05,5970,6280,5710,5980,4815636,0.0016750418760469454
2022-01-06,5810,5930,5330,5380,2914471,-0.10033444816053516
2022-01-07,5360,5960,5360,5700,4884591,0.059479553903345694
2022-01-10,5630,5940,5600,5810,2103976,0.019298245614035148
2022-01-11,5780,5790,5270,5450,1537802,-0.061962134251290824
2022-01-12,5600,5670,5300,5550,1039399,0.0183486238532109
2022-01-13,5550,5600,5260,5260,1081314,-0.052252252252252274
2022-01-14,5110,5200,5040,5140,961097,-0.02281368821292773
2022-01-17,5100,5170,5000,5010,632147,-0.02529182879377434
2022-01-18,5030,5290,5000,5020,791363,0.001996007984031989
2022-01-19,4910,5150,4805,4980,601503,-0.007968127490039834
2022-01-20,4970,5400,4915,5250,1273637,0.054216867469879526
2022-01-21,5210,5370,5100,5220,675440,-0.005714285714285672
2022-01-24,5130,5180,4905,4995,647404,-0.0431034482758621
2022-01-25,4995,5070,4655,4720,674482,-0.055055055055055035
2022-01-26,4680,5460,4520,5070,4041334,0.07415254237288127
2022-01-27,5080,5080,4620,4635,1121377,-0.08579881656804733
2022-01-28,4680,4725,4440,4505,811296,-0.028047464940668787
2022-02-03,4600,4730,4430,4430,722089,-0.01664816870144281
2022-02-04,4575,4780,4460,4550,1663541,0.02708803611738153
2022-02-07,4570,4745,4570,4645,782940,0.020879120879120805
2022-02-08,4710,4820,4620,4680,715129,0.00753498385360607
2022-02-09,4740,4740,4550,4550,581763,-0.02777777777777779
2022-02-10,4585,4650,4310,4360,654564,-0.04175824175824172
2022-02-11,4280,4460,4200,4240,544397,-0.02752293577981646
2022-02-14,4150,4180,3955,3960,689106,-0.06603773584905659
2022-02-15,3965,4055,3870,3920,429440,-0.010101010101010055
2022-02-16,4005,4460,4000,4230,2212360,0.07908163265306123
2022-02-17,4210,4530,4010,4130,2386255,-0.023640661938534313
2022-02-18,4040,4240,3985,4195,430529,0.0157384987893463
2022-02-21,4085,4170,4045,4135,360033,-0.014302741358760418
2022-02-22,4050,4120,3980,3995,422624,-0.03385731559854899
2022-02-23,4010,4090,3995,4025,294727,0.007509386733416834
2022-02-24,3995,4005,3795,3825,743573,-0.0496894409937888
2022-02-25,3950,3975,3855,3900,378180,0.019607843137254832
2022-02-28,3925,4020,3865,3925,361319,0.0064102564102563875
2022-03-02,3925,4010,3925,3990,312456,0.016560509554140124
2022-03-03,4080,4170,3990,4040,549009,0.012531328320801949
2022-03-04,4005,4075,3915,3950,362591,-0.022277227722772297
2022-03-07,3930,3930,3810,3820,328603,-0.032911392405063244
2022-03-08,3725,3850,3720,3745,283933,-0.01963350785340312
2022-03-10,3865,3945,3820,3860,259352,0.030707610146862407
2022-03-11,3910,3975,3850,3915,229940,0.014248704663212486
2022-03-14,3945,3950,3745,3765,408642,-0.03831417624521072
2022-03-15,3765,3820,3735,3795,234016,0.007968127490039834
2022-03-16,3870,3910,3805,3870,494613,0.01976284584980248
2022-03-17,4270,4280,4000,4025,2386367,0.040051679586563305
2022-03-18,4025,5110,3950,4540,13548968,0.1279503105590063
2022-03-21,4585,4840,4560,4580,3432149,0.008810572687224738
2022-03-22,4740,4880,4630,4670,3825662,0.01965065502183405
2022-03-23,4575,4870,4555,4725,1954315,0.01177730192719495
2022-03-24,4650,4685,4560,4675,629795,-0.010582010582010581
2022-03-25,4675,4985,4620,4755,3814847,0.01711229946524062
2022-03-28,4765,4830,4610,4765,696385,0.002103049421661396
2022-03-29,4900,4900,4720,4740,830814,-0.005246589716684125
2022-03-30,4790,4790,4625,4630,451211,-0.02320675105485237
2022-03-31,4630,4760,4615,4695,474890,0.014038876889848728
2022-04-01,4615,4780,4590,4685,481535,-0.0021299254526091493
2022-04-04,4685,4685,4610,4655,430279,-0.006403415154749181
2022-04-05,4655,4705,4615,4630,312814,-0.00537056928034374
2022-04-06,4635,4800,4605,4670,1072666,0.008639308855291628
2022-04-07,4670,4670,4370,4380,599556,-0.062098501070663836
2022-04-08,4330,4460,4280,4410,338644,0.006849315068493178
2022-04-11,4410,4470,4250,4250,273647,-0.03628117913832196
2022-04-12,4235,4320,4090,4090,377001,-0.03764705882352937
2022-04-13,4105,4520,4080,4185,1715302,0.023227383863080764
2022-04-14,4230,4280,4135,4170,335239,-0.0035842293906810374
2022-04-15,4110,4210,4105,4155,230583,-0.003597122302158251
2022-04-18,4155,4225,4140,4140,248998,-0.0036101083032491488
2022-04-19,4120,4210,4100,4150,219147,0.0024154589371980784
2022-04-20,4170,4250,4135,4180,318454,0.0072289156626506035
2022-04-21,4190,4240,4165,4215,225234,0.00837320574162681
2022-04-22,4210,4210,4025,4090,327043,-0.029655990510083052
2022-04-25,4000,4075,3950,3965,265356,-0.030562347188264005
2022-04-26,3970,4070,3970,3990,165131,0.006305170239596425
2022-04-27,3850,3980,3850,3960,258150,-0.007518796992481258
2022-04-28,4000,4030,3750,3885,201973,-0.018939393939393923
2022-04-29,3890,4010,3890,3930,162913,0.01158301158301156
2022-05-02,3890,3955,3865,3950,150801,0.0050890585241729624
2022-05-03,3970,4000,3900,3975,136009,0.006329113924050667
2022-05-04,3980,3980,3885,3920,180841,-0.01383647798742138
2022-05-06,3820,3870,3795,3840,238408,-0.020408163265306145
2022-05-09,3840,3900,3630,3695,290147,-0.03776041666666663
2022-05-10,3595,3685,3400,3610,345978,-0.023004059539918797
2022-05-11,3640,3685,3490,3500,488823,-0.030470914127423865
2022-05-12,3470,3490,3225,3240,538446,-0.07428571428571429
2022-05-13,3230,3340,3215,3290,247707,0.015432098765432167
2022-05-16,3290,3465,3290,3370,228489,0.024316109422492405
2022-05-17,3370,3420,3335,3375,127142,0.0014836795252226587
2022-05-18,3410,3420,3290,3295,236141,-0.02370370370370367
2022-05-19,3150,3285,3100,3150,272683,-0.04400606980273136
2022-05-20,3200,3400,3175,3315,357964,0.05238095238095242
2022-05-23,3330,3495,3225,3300,552913,-0.004524886877828038
2022-05-24,3310,3350,3095,3175,180772,-0.037878787878787845
2022-05-25,3210,3490,3115,3240,805835,0.020472440944881987
2022-05-26,3240,3450,3240,3410,691151,0.05246913580246915
2022-05-27,3425,3425,3355,3385,202035,-0.007331378299120228
2022-05-30,3500,3550,3430,3490,479591,0.03101920236336775
2022-05-31,3525,3595,3475,3530,299602,0.011461318051575908
2022-06-02,3585,3590,3440,3440,197732,-0.025495750708215303
2022-06-03,3445,3930,3400,3525,2754552,0.024709302325581328
2022-06-07,3510,3530,3420,3420,277856,-0.029787234042553234
2022-06-08,3450,3450,3345,3365,169050,-0.016081871345029253
2022-06-09,3335,3385,3280,3300,134584,-0.019316493313521588
2022-06-10,3235,3345,3235,3260,138194,-0.012121212121212088
2022-06-13,3200,3230,3050,3080,392814,-0.05521472392638038
2022-06-14,3010,3100,2970,3015,208751,-0.02110389610389607
2022-06-15,2970,3020,2835,2865,240537,-0.04975124378109452
2022-06-16,2910,2985,2870,2890,139594,0.008726003490401313
2022-06-17,2785,2930,2770,2930,171943,0.01384083044982698
2022-06-20,2640,2925,2640,2770,304920,-0.05460750853242324
2022-06-21,2740,2860,2700,2780,171976,0.0036101083032491488
2022-06-22,2820,2825,2540,2570,263379,-0.07553956834532372
2022-06-23,2595,2615,2415,2430,264167,-0.054474708171206254
2022-06-24,2375,2560,2375,2555,206762,0.05144032921810693
2022-06-27,2545,2680,2520,2610,218386,0.021526418786692814
2022-06-28,2605,2715,2605,2635,141551,0.009578544061302763
2022-06-29,2575,2695,2555,2690,113665,0.020872865275142205
2022-06-30,2720,2720,2590,2600,116399,-0.03345724907063197
2022-07-01,2570,2655,2490,2540,105668,-0.023076923076923106
2022-07-04,2515,2595,2420,2490,172707,-0.019685039370078705
2022-07-05,2500,2590,2480,2555,90574,0.026104417670682833
2022-07-06,2550,2730,2530,2610,252891,0.021526418786692814
2022-07-07,2615,2655,2605,2645,99168,0.013409961685823646
2022-07-08,2690,2720,2645,2695,100010,0.018903591682419618
2022-07-11,2780,2795,2675,2735,178639,0.014842300556586308
2022-07-12,2730,2730,2600,2640,146029,-0.034734917733089565
2022-07-13,2640,3165,2600,2735,2607657,0.0359848484848484
2022-07-14,2705,3230,2640,2945,12029788,0.07678244972577697
2022-07-15,2990,3075,2930,3030,1973080,0.028862478777589073
2022-07-18,3080,3100,2950,2950,1420242,-0.02640264026402639
2022-07-19,2940,3000,2925,2990,314249,0.013559322033898313
2022-07-20,3020,3060,2925,2930,567568,-0.02006688963210701
2022-07-21,2935,3040,2920,2995,458545,0.022184300341296925
2022-07-22,2995,3200,2940,3000,1094692,0.0016694490818029983
2022-07-25,2965,3160,2960,3110,656402,0.036666666666666625
2022-07-26,3130,3130,3040,3060,370831,-0.01607717041800638
2022-07-27,3070,3095,3030,3040,196368,-0.006535947712418277
2022-07-28,3075,3090,2985,2985,249960,-0.018092105263157854
2022-07-29,2995,3035,2995,3010,118727,0.008375209380234505
2022-08-01,3000,3030,2965,3005,157133,-0.0016611295681062677
2022-08-02,3035,3035,2920,2970,217671,-0.011647254575707144
2022-08-03,2965,3055,2930,3035,289518,0.02188552188552184
2022-08-04,3060,3350,3035,3230,3063116,0.06425041186161451
2022-08-05,3205,3215,3115,3115,467653,-0.035603715170278605
2022-08-08,3115,3170,3035,3140,328972,0.008025682182985605
2022-08-09,3140,3170,3090,3140,181969,0.0
2022-08-10,3080,3145,3025,3025,264038,-0.0366242038216561
2022-08-11,3030,3095,3000,3030,172612,0.0016528925619834212
2022-08-12,3030,3050,2995,3020,105619,-0.0033003300330033403
2022-08-16,3020,3035,2995,3000,134082,-0.0066225165562914245
2022-08-17,2985,3000,2925,2925,215609,-0.025000000000000022
2022-08-18,2930,2930,2785,2870,212522,-0.018803418803418848
2022-08-19,2875,2910,2765,2795,138182,-0.026132404181184676
2022-08-22,2745,2845,2720,2770,168456,-0.008944543828264706
2022-08-23,2745,2745,2680,2710,184541,-0.02166064981949456
2022-08-24,2720,2750,2695,2720,88555,0.0036900369003689537
2022-08-25,2740,2855,2735,2795,183838,0.02757352941176472
2022-08-26,2815,2815,2760,2790,114315,-0.0017889087656529634
2022-08-29,2685,2740,2680,2720,119982,-0.02508960573476704
2022-08-30,2720,2770,2720,2750,45274,0.011029411764705843
2022-08-31,2720,2775,2700,2765,72764,0.005454545454545379
2022-09-01,2750,2770,2675,2680,116185,-0.030741410488245968
2022-09-02,2685,2720,2600,2610,181607,-0.026119402985074647
2022-09-05,2580,2645,2560,2605,102966,-0.0019157088122605526
2022-09-06,2600,2685,2595,2670,144322,0.0249520153550864
2022-09-07,2670,2670,2580,2610,99352,-0.022471910112359605
2022-09-08,2650,2660,2615,2620,63865,0.003831417624521105
2022-09-13,2645,3080,2645,2950,4928446,0.12595419847328237
2022-09-14,2905,3080,2880,2905,1426486,-0.015254237288135575
2022-09-15,2890,2910,2750,2790,750508,-0.03958691910499135
2022-09-16,2735,2805,2680,2695,326402,-0.03405017921146958
2022-09-19,2680,2695,2580,2585,397143,-0.04081632653061229
2022-09-20,2660,2660,2595,2625,110168,0.015473887814313247
2022-09-21,2585,2630,2535,2545,248427,-0.030476190476190435
2022-09-22,2490,3150,2440,2715,8711168,0.06679764243614938
2022-09-23,2740,2965,2665,2690,2990883,-0.009208103130755041
2022-09-26,2675,2675,2415,2415,874723,-0.10223048327137552
2022-09-27,2370,2455,2350,2405,259423,-0.0041407867494823725
2022-09-28,2405,2435,2200,2220,326293,-0.07692307692307687
2022-09-29,2235,2420,2235,2275,258661,0.024774774774774855
2022-09-30,2195,2555,2180,2305,635513,0.01318681318681314
2022-10-04,2320,2550,2315,2385,666344,0.03470715835141003
2022-10-05,2440,2445,2325,2325,167166,-0.02515723270440251
2022-10-06,2330,2390,2330,2360,167154,0.01505376344086029
2022-10-07,2340,2440,2330,2380,171916,0.008474576271186418
2022-10-11,2380,2380,2270,2280,122230,-0.04201680672268904
2022-10-12,2280,2340,2245,2280,62602,0.0
2022-10-13,2245,2295,2210,2220,139532,-0.02631578947368418
2022-10-14,2245,2325,2245,2285,115622,0.029279279279279313
2022-10-17,2295,2420,2245,2375,185137,0.03938730853391692
2022-10-18,2405,2490,2400,2430,160417,0.023157894736842044
2022-10-19,2490,2510,2430,2440,128807,0.004115226337448652
2022-10-20,2440,2470,2380,2420,98098,-0.008196721311475419
2022-10-21,2405,2405,2350,2365,66047,-0.022727272727272707
2022-10-24,2445,2450,2380,2400,50865,0.014799154334038
2022-10-25,2395,2420,2385,2390,50859,-0.004166666666666652
2022-10-26,2390,2425,2385,2395,46314,0.0020920502092049986
2022-10-27,2355,2480,2300,2425,173244,0.012526096033402823
2022-10-28,2395,2430,2345,2360,81392,-0.026804123711340222
2022-10-31,2370,2445,2350,2410,67818,0.021186440677966045
2022-11-01,2450,2450,2395,2435,96667,0.010373443983402453
2022-11-02,2435,2440,2395,2415,38174,-0.008213552361396315
2022-11-03,2380,2420,2375,2400,60113,-0.006211180124223614
2022-11-04,2400,2425,2370,2400,106870,0.0
2022-11-07,2400,2440,2390,2425,109146,0.01041666666666674
2022-11-08,2425,2500,2425,2490,152514,0.02680412371134011
2022-11-09,2530,2530,2470,2495,154853,0.002008032128514081
2022-11-10,2460,2485,2430,2440,73210,-0.022044088176352727
2022-11-11,2510,2535,2450,2535,205569,0.03893442622950816
2022-11-14,2595,2600,2530,2555,159421,0.007889546351084853
2022-11-15,2600,2600,2510,2570,118878,0.005870841487279899
2022-11-16,2580,2595,2490,2520,166723,-0.01945525291828798
2022-11-17,2520,2545,2490,2530,93448,0.003968253968253954
2022-11-18,2555,2620,2535,2540,183695,0.0039525691699604515
2022-11-21,2545,2585,2500,2515,107048,-0.009842519685039353
2022-11-22,2465,2525,2460,2480,89107,-0.013916500994035741
2022-11-23,2585,2700,2530,2560,1125542,0.032258064516129004
2022-11-24,2565,2890,2535,2745,1262230,0.072265625
2022-11-25,2745,2840,2730,2775,525918,0.010928961748633892
2022-11-28,2855,3115,2790,2920,3189007,0.05225225225225216
2022-11-29,2925,2925,2805,2810,455066,-0.03767123287671237
2022-11-30,2855,2880,2755,2755,325722,-0.019572953736654797
2022-12-01,2755,3055,2735,2880,1832652,0.04537205081669682
2022-12-02,2880,3010,2830,3000,868597,0.04166666666666674
2022-12-05,3065,3065,2860,2870,532137,-0.043333333333333335
2022-12-06,2850,2855,2785,2785,171649,-0.029616724738675937
2022-12-07,2800,3165,2595,2995,3035024,0.07540394973070019
2022-12-08,3020,3270,2860,2975,2244673,-0.006677796327211993
2022-12-09,3065,3685,3060,3455,22873140,0.16134453781512614
2022-12-12,3490,3635,3360,3405,6773280,-0.01447178002894356
2022-12-13,3390,3390,3115,3150,1559739,-0.07488986784140972
2022-12-14,3135,3205,3045,3075,1152573,-0.023809523809523836
2022-12-15,3065,3070,2935,2990,697334,-0.027642276422764178
2022-12-16,2900,3145,2890,2950,2296226,-0.013377926421404673
2022-12-19,3245,3435,3050,3125,4822701,0.05932203389830515
2022-12-20,3100,3100,2880,2905,860058,-0.07040000000000002
2022-12-21,2860,2965,2825,2825,716040,-0.027538726333907082
2022-12-22,2820,2855,2790,2800,372975,-0.008849557522123908
2022-12-23,2745,2770,2650,2655,451939,-0.051785714285714324
2022-12-26,2675,2700,2630,2635,273546,-0.007532956685499026
2022-12-27,2620,2650,2565,2585,355690,-0.018975332068311146
2022-12-28,2585,2695,2560,2680,256397,0.03675048355899424
2022-12-29,2685,2755,2630,2640,246424,-0.014925373134328401
2023-01-02,2605,2695,2535,2540,177355,-0.037878787878787845
2023-01-03,2500,2625,2480,2605,275175,0.025590551181102317
2023-01-04,2570,2625,2540,2610,148371,0.0019193857965451588
2023-01-05,2610,2670,2560,2580,193191,-0.011494252873563204
2023-01-06,2580,2625,2565,2615,126852,0.013565891472868241
2023-01-09,2615,2660,2615,2660,216746,0.017208413001912115
2023-01-10,2670,2690,2610,2660,210752,0.0
2023-01-11,2665,2720,2660,2690,224308,0.011278195488721776
2023-01-12,2715,2750,2660,2660,156088,-0.01115241635687736
2023-01-13,2675,2710,2655,2700,104063,0.015037593984962516
2023-01-16,2740,2995,2690,2785,1446522,0.031481481481481444
2023-01-17,2805,2870,2790,2830,397628,0.016157989228007263
2023-01-18,2865,2865,2735,2750,214458,-0.028268551236749095
2023-01-19,2740,3010,2685,2800,2338087,0.018181818181818077
2023-01-20,2810,2875,2755,2840,382650,0.014285714285714235
2023-01-25,2870,2950,2850,2900,643956,0.021126760563380254
2023-01-26,2900,2950,2865,2905,423566,0.0017241379310344307
2023-01-27,2905,2940,2865,2915,273409,0.0034423407917383297
2023-01-30,2930,2940,2875,2930,216912,0.005145797598627766
2023-01-31,2925,2930,2865,2890,200991,-0.013651877133105783
2023-02-01,2875,2945,2865,2930,278897,0.01384083044982698
2023-02-02,2980,2980,2910,2925,176537,-0.0017064846416382506
2023-02-03,2940,2970,2895,2955,249077,0.01025641025641022
2023-02-06,2970,2985,2900,2920,198914,-0.011844331641285955
2023-02-07,2965,2965,2885,2890,272889,-0.010273972602739767
2023-02-08,2890,2905,2830,2865,433224,-0.00865051903114189
2023-02-09,2900,2950,2865,2900,365086,0.01221640488656206
2023-02-10,2885,2900,2730,2805,452378,-0.03275862068965518
2023-02-13,2810,3450,2760,2985,9832579,0.06417112299465244
2023-02-14,3025,3160,2930,2975,3381625,-0.00335008375209378
2023-02-15,2955,2970,2835,2835,597323,-0.04705882352941182
2023-02-16,2860,2895,2820,2860,271006,0.008818342151675429
2023-02-17,2830,2835,2800,2800,286172,-0.020979020979020935
2023-02-20,2775,2850,2730,2825,200182,0.008928571428571397
2023-02-21,2805,2850,2800,2805,117546,-0.0070796460176991705
2023-02-22,2770,2825,2755,2795,235532,-0.0035650623885917776
2023-02-23,2795,2805,2725,2730,245216,-0.023255813953488413
2023-02-24,2730,2730,2640,2640,348065,-0.03296703296703296
2023-02-27,2620,2645,2575,2610,159255,-0.011363636363636354
2023-02-28,2610,2850,2610,2720,659902,0.04214559386973171
2023-03-02,2680,2730,2675,2690,135909,-0.011029411764705843
2023-03-03,2690,2710,2670,2680,124075,-0.0037174721189591198
2023-03-06,2700,2740,2685,2720,114405,0.014925373134328401
2023-03-07,2720,2735,2680,2690,110389,-0.011029411764705843
2023-03-08,2665,2705,2630,2640,113320,-0.018587360594795488
2023-03-09,2605,2665,2585,2615,139917,-0.009469696969697017
2023-03-10,2580,2580,2530,2545,158219,-0.026768642447418722
2023-03-13,2545,2620,2500,2570,89879,0.00982318271119853
2023-03-14,2530,2570,2430,2435,176364,-0.05252918287937747
2023-03-15,2480,2510,2450,2475,60377,0.01642710472279263
2023-03-16,2450,2450,2310,2440,109910,-0.014141414141414121
2023-03-17,2440,2555,2435,2535,65081,0.03893442622950816
2023-03-20,2535,2560,2490,2510,106742,-0.009861932938856066
2023-03-21,2510,2575,2465,2465,127846,-0.017928286852589626
2023-03-22,2490,2530,2445,2445,110360,-0.008113590263691739
2023-03-23,2430,2520,2405,2465,160382,0.008179959100204526
2023-03-24,2545,2545,2415,2535,126564,0.028397565922920975
2023-03-27,2525,2560,2485,2545,151768,0.0039447731755424265
2023-03-28,2520,2645,2520,2605,184712,0.023575638506876162
2023-03-29,2635,2640,2575,2585,91843,-0.007677543186180413
2023-03-30,2565,2605,2555,2595,86705,0.003868471953578423
2023-03-31,2595,2615,2560,2585,99732,-0.003853564547206201
2023-04-03,2585,2605,2510,2600,114881,0.005802707930367523
2023-04-04,2580,2640,2575,2635,125353,0.013461538461538414
2023-04-05,2630,2670,2620,2670,93967,0.013282732447817747
2023-04-06,2685,2685,2585,2610,151479,-0.022471910112359605
2023-04-07,2610,2635,2550,2570,140450,-0.01532567049808431
2023-04-10,2570,2600,2505,2520,143330,-0.01945525291828798
2023-04-11,2520,2545,2495,2535,124442,0.005952380952380931
2023-04-12,2555,2555,2500,2545,85561,0.0039447731755424265
2023-04-13,2520,2595,2515,2595,121080,0.01964636542239684
2023-04-14,2595,2640,2585,2600,113063,0.0019267822736031004
2023-04-17,2580,2620,2570,2620,92779,0.007692307692307665
2023-04-18,2595,2620,2580,2610,84755,-0.003816793893129722
2023-04-19,2600,2610,2495,2580,376640,-0.011494252873563204
2023-04-20,2560,2575,2490,2500,223664,-0.03100775193798455
2023-04-21,2500,2505,2450,2495,80736,-0.0020000000000000018
2023-04-24,2495,2495,2435,2440,107695,-0.022044088176352727
2023-04-25,2505,2695,2450,2460,542538,0.008196721311475308
2023-04-26,2480,2500,2435,2435,118002,-0.010162601626016232
2023-04-27,2435,2455,2405,2450,80023,0.006160164271047153
2023-04-28,2465,2475,2425,2440,60966,-0.004081632653061273
2023-05-02,2440,2480,2420,2450,53533,0.004098360655737654
2023-05-03,2440,2485,2430,2465,80311,0.00612244897959191
2023-05-04,2445,2480,2430,2465,85959,0.0
2023-05-08,2460,2490,2460,2475,82976,0.0040567951318457585
2023-05-09,2460,2495,2450,2450,53218,-0.010101010101010055
2023-05-10,2465,2465,2420,2440,92325,-0.004081632653061273
2023-05-11,2440,2440,2400,2405,131575,-0.014344262295082011
2023-05-12,2405,2415,2370,2370,105574,-0.014553014553014498
2023-05-15,2385,2385,2315,2335,115674,-0.014767932489451518
2023-05-16,2335,2365,2320,2325,74835,-0.004282655246252709
2023-05-17,2350,2395,2320,2375,131946,0.021505376344086002
2023-05-18,2380,2405,2345,2350,57356,-0.010526315789473717
2023-05-19,2360,2395,2355,2370,110954,0.008510638297872353
2023-05-22,2370,2410,2370,2400,55171,0.012658227848101333
2023-05-23,2390,2420,2390,2405,36856,0.002083333333333437
2023-05-24,2425,2425,2380,2380,46575,-0.01039501039501034
2023-05-25,2370,2390,2360,2370,49286,-0.004201680672268893
2023-05-26,2370,2380,2330,2335,98268,-0.014767932489451518
2023-05-30,2370,2390,2350,2385,79899,0.021413276231263323
2023-05-31,2400,2400,2365,2370,29851,-0.0062893081761006275
2023-06-01,2350,2390,2350,2370,36310,0.0
2023-06-02,2385,2400,2365,2370,61107,0.0
2023-06-05,2390,2400,2370,2390,50017,0.00843881856540074
2023-06-07,2390,2405,2380,2395,57385,0.0020920502092049986
2023-06-08,2395,2395,2365,2380,58026,-0.006263048016701411
2023-06-09,2380,2405,2380,2395,58000,0.006302521008403339
2023-06-12,2400,2410,2380,2400,85132,0.0020876826722338038
2023-06-13,2425,2425,2395,2400,39475,0.0
2023-06-14,2400,2425,2355,2360,99372,-0.01666666666666672
2023-06-15,2380,2380,2310,2350,125489,-0.004237288135593209
2023-06-16,2350,2375,2310,2340,71303,-0.004255319148936176
2023-06-19,2370,2370,2325,2350,52069,0.004273504273504258
2023-06-20,2330,2750,2330,2425,1958313,0.03191489361702127
2023-06-21,2470,2475,2400,2400,241912,-0.010309278350515427
2023-06-22,2390,2420,2380,2385,69635,-0.006249999999999978
2023-06-23,2385,2415,2360,2370,68044,-0.0062893081761006275
2023-06-26,2360,2585,2350,2515,620141,0.06118143459915615
2023-06-27,2515,2545,2480,2505,136496,-0.003976143141153132
2023-06-28,2500,2525,2460,2460,56587,-0.017964071856287456
2023-06-29,2485,2555,2475,2495,190996,0.014227642276422703
2023-06-30,2530,2530,2460,2460,73070,-0.014028056112224463
2023-07-03,2465,2540,2465,2470,110979,0.004065040650406582
2023-07-04,2460,2475,2440,2470,80079,0.0
2023-07-05,2470,2490,2430,2435,74300,-0.014170040485829927
2023-07-06,2435,2455,2375,2385,90906,-0.02053388090349073
2023-07-07,2410,2410,2340,2360,59895,-0.010482180293501009
2023-07-10,2355,2365,2330,2340,43756,-0.008474576271186418
2023-07-11,2380,2380,2335,2350,32857,0.004273504273504258
2023-07-12,2390,2390,2320,2320,60727,-0.012765957446808529
2023-07-13,2320,2345,2320,2330,66823,0.004310344827586299
2023-07-14,2325,2350,2315,2325,82401,-0.0021459227467811592
2023-07-17,2350,2355,2195,2240,318464,-0.03655913978494618
2023-07-18,2225,2275,2225,2235,75172,-0.0022321428571429047
2023-07-19,2225,2255,2200,2210,71439,-0.01118568232662187
2023-07-20,2200,2210,2185,2200,74716,-0.004524886877828038
2023-07-21,2185,2235,1962,1976,909388,-0.10181818181818181
2023-07-24,1976,2055,1807,1874,461594,-0.05161943319838058
2023-07-25,1789,1864,1771,1859,274769,-0.008004268943436532
2023-07-26,1859,1862,1630,1649,544513,-0.11296395911780532
2023-07-27,1670,1870,1670,1809,348256,0.09702850212249858
2023-07-28,1791,1850,1791,1840,90360,0.01713653952459926
2023-07-31,1831,1868,1786,1868,80934,0.01521739130434785
2023-08-01,1884,1885,1851,1869,70920,0.0005353319057814776
2023-08-02,1851,1870,1818,1830,135302,-0.020866773675762396
2023-08-03,1835,1860,1797,1855,59147,0.013661202185792254
2023-08-04,1856,1931,1852,1893,117786,0.020485175202156425
2023-08-07,1893,1932,1850,1893,86606,0.0
2023-08-08,1900,1902,1834,1841,100175,-0.027469624933967207
2023-08-09,1807,1902,1807,1895,88662,0.02933188484519289
2023-08-10,1895,1975,1877,1973,179206,0.04116094986807384
2023-08-11,1974,2040,1973,2005,136872,0.016218955904713672
2023-08-14,1995,2150,1995,2070,200499,0.032418952618453956
2023-08-16,2020,2055,1944,1947,120110,-0.05942028985507242
2023-08-17,1956,1974,1901,1939,49138,-0.004108885464817691
2023-08-18,1939,1964,1923,1925,45347,-0.0072202166064981865
2023-08-21,1906,1955,1906,1934,39745,0.00467532467532461
2023-08-22,1937,1950,1927,1927,40142,-0.003619441571871773
2023-08-23,1950,1950,1880,1894,81389,-0.01712506486766996
2023-08-24,1851,1927,1838,1843,249323,-0.02692713833157334
2023-08-25,1845,1869,1837,1863,30715,0.01085187194791093
2023-08-28,1855,1908,1855,1903,71583,0.021470746108427363
2023-08-29,1946,1946,1908,1921,23126,0.009458749343142392
2023-08-30,1916,1930,1914,1920,34526,-0.0005205622071837723
2023-08-31,1920,1936,1916,1933,59976,0.0067708333333333925
2023-09-01,1941,1980,1922,1932,59674,-0.0005173305742369738
2023-09-04,1932,1932,1900,1906,74911,-0.01345755693581785
2023-09-05,1918,1918,1875,1882,43152,-0.012591815320041944
2023-09-06,1881,1949,1864,1890,38260,0.004250797024442088
2023-09-07,1862,1883,1838,1871,63638,-0.010052910052910091
2023-09-08,1865,1920,1835,1846,140999,-0.013361838588989872
2023-09-11,1850,1864,1840,1864,75766,0.009750812567713929
2023-09-12,1864,1920,1861,1886,70287,0.011802575107296098
2023-09-13,1868,1890,1857,1862,66413,-0.012725344644750836
2023-09-14,1890,1915,1861,1912,71786,0.02685284640171859
2023-09-15,1914,1944,1870,1907,24100,-0.0026150627615062483
2023-09-18,1907,1944,1907,1908,177617,0.000524383848977461
2023-09-19,1900,1937,1900,1929,58607,0.011006289308176154
2023-09-20,1922,2225,1922,2140,2090823,0.10938310005184038
2023-09-21,2140,2165,2000,2005,378754,-0.06308411214953269
2023-09-22,2005,2005,1891,1913,206547,-0.04588528678304238
2023-09-25,1990,1990,1836,1841,166796,-0.03763721902770523
2023-09-26,1840,1874,1814,1829,101827,-0.00651819663226505
2023-09-27,1830,1844,1777,1817,130957,-0.006560962274466897
2023-10-04,1817,1818,1668,1694,193122,-0.06769400110071544
2023-10-05,1702,1720,1681,1688,56278,-0.0035419126328217754
2023-10-06,1673,1718,1673,1698,37171,0.005924170616113722
2023-10-10,1711,1743,1656,1660,72676,-0.0223792697290931
2023-10-11,1655,1698,1655,1683,32363,0.013855421686747027
2023-10-12,1683,1717,1665,1704,33545,0.012477718360071277
2023-10-13,1714,1714,1682,1704,34894,0.0
2023-10-16,1704,1780,1704,1737,77435,0.01936619718309851
2023-10-17,1730,1779,1730,1745,27597,0.004605641911341385
2023-10-18,1745,1760,1691,1696,56659,-0.028080229226360998
2023-10-19,1696,1696,1620,1644,43676,-0.030660377358490587
2023-10-20,1644,1650,1618,1618,79319,-0.015815085158150888
2023-10-23,1601,1620,1565,1565,42281,-0.032756489493201535
2023-10-24,1556,1994,1500,1649,1546781,0.053674121405750785
2023-10-25,1730,1730,1624,1644,169953,-0.003032140691328067
2023-10-26,1644,1675,1581,1591,78443,-0.03223844282238442
2023-10-27,1560,1620,1541,1589,77752,-0.0012570710245128902
2023-10-30,1590,1593,1569,1589,27301,0.0
2023-10-31,1589,1612,1566,1573,41366,-0.010069225928256764
2023-11-01,1580,1585,1565,1580,21442,0.004450095359186168
2023-11-02,1580,1604,1578,1595,50890,0.009493670886076
2023-11-03,1602,1629,1595,1622,45362,0.01692789968652031
2023-11-06,1622,1674,1622,1653,72711,0.019112207151664506
2023-11-07,1640,1665,1635,1655,33109,0.001209921355111998
2023-11-08,1657,1693,1620,1685,99188,0.01812688821752273
2023-11-09,1673,1686,1650,1658,34203,-0.016023738872403603
2023-11-10,1658,1660,1570,1576,94586,-0.049457177322074775
2023-11-13,1580,1598,1563,1578,55836,0.0012690355329949554
2023-11-14,1571,1630,1571,1612,100477,0.02154626108998725
2023-11-15,1649,1649,1616,1640,38892,0.017369727047146455
2023-11-16,1650,1663,1625,1654,45775,0.008536585365853666
2023-11-17,1665,1668,1632,1653,54586,-0.0006045949214026347
2023-11-20,1652,1688,1652,1681,97270,0.016938898971566863
2023-11-21,1680,1697,1671,1695,83630,0.008328375966686563
2023-11-22,1679,1697,1662,1684,42870,-0.006489675516224147
2023-11-23,1688,1703,1685,1700,39180,0.009501187648456089
2023-11-24,1703,1730,1702,1728,73478,0.016470588235294015
2023-11-27,1730,1737,1683,1702,87076,-0.01504629629629628
2023-11-28,1698,2075,1686,1973,5812125,0.15922444183313744
2023-11-29,1800,1819,1736,1753,946999,-0.11150532184490625
2023-11-30,1732,1798,1700,1779,495788,0.01483171705647468
2023-12-01,1779,1790,1752,1762,267389,-0.009555930297920234
2023-12-04,1763,2065,1733,1854,3263333,0.05221339387060153
2023-12-05,1827,1840,1770,1805,283345,-0.026429341963322583
2023-12-06,1805,1895,1785,1870,423096,0.03601108033241007
2023-12-07,1842,1910,1842,1870,231674,0.0
2023-12-08,1872,1934,1862,1889,224612,0.010160427807486716
2023-12-11,1890,1993,1890,1935,380877,0.024351508734780314
2023-12-12,1935,1940,1851,1880,217700,-0.028423772609819098
2023-12-13,1860,1893,1824,1831,174175,-0.026063829787234094
2023-12-14,1835,1888,1828,1852,122461,0.011469142545057265
2023-12-15,1834,1924,1830,1864,314457,0.00647948164146861
2023-12-18,1869,1869,1835,1842,167596,-0.011802575107296098
2023-12-19,1842,1865,1827,1845,107713,0.0016286644951140072
2023-12-20,1845,1992,1831,1868,431338,0.012466124661246525
2023-12-21,1859,1860,1830,1832,136419,-0.01927194860813708
2023-12-22,1834,1835,1794,1812,159597,-0.01091703056768556
2023-12-26,1813,1900,1785,1880,255859,0.03752759381898452
2023-12-27,1880,1880,1813,1847,71045,-0.01755319148936174
2023-12-28,1847,1950,1815,1834,203785,-0.0070384407146724115
2024-01-02,1839,1850,1834,1840,141016,0.0032715376226826187
2024-01-03,1837,2045,1811,1830,3371313,-0.005434782608695676
2024-01-04,1810,1886,1782,1811,596270,-0.01038251366120213
2024-01-05,1852,1852,1782,1782,154296,-0.016013252346769757
2024-01-08,1800,1824,1790,1801,90088,0.010662177328844002
2024-01-09,1804,1822,1801,1803,56684,0.001110494169905607
2024-01-10,1815,1815,1783,1791,125679,-0.006655574043261225
2024-01-11,1791,1860,1791,1831,298887,0.022333891680625273
2024-01-12,1856,1856,1730,1757,254769,-0.040415073730202034
2024-01-15,1757,1758,1715,1741,104500,-0.009106431417188365
2024-01-16,1741,1750,1704,1721,78481,-0.01148765077541647
2024-01-17,1725,1725,1662,1670,119493,-0.029633933759442233
2024-01-18,1700,1716,1670,1704,61150,0.020359281437125842
2024-01-19,1712,1756,1712,1716,28135,0.007042253521126751
2024-01-22,1740,1740,1672,1672,81898,-0.02564102564102566
2024-01-23,1672,1709,1663,1691,60198,0.011363636363636465
2024-01-24,1700,1708,1675,1689,50075,-0.0011827321111768097
2024-01-25,1690,1692,1655,1666,32383,-0.013617525162818223
2024-01-26,1661,1700,1651,1700,62351,0.020408163265306145
2024-01-29,1699,1703,1663,1681,47626,-0.011176470588235343
2024-01-30,1681,1688,1655,1663,47317,-0.010707911957168359
2024-01-31,1663,1673,1627,1627,82209,-0.021647624774503882
2024-02-01,1653,1653,1610,1627,44554,0.0
2024-02-02,1627,1655,1620,1651,33227,0.014751075599262364
2024-02-05,1646,1646,1622,1629,52049,-0.013325257419745662
2024-02-06,1628,1634,1605,1625,57385,-0.0024554941682013443
2024-02-07,1617,1649,1617,1627,48619,0.0012307692307691465
2024-02-08,1649,1649,1623,1626,74159,-0.0006146281499692652
2024-02-13,1633,1647,1626,1638,40244,0.007380073800737907
2024-02-14,1615,1740,1615,1707,162424,0.0421245421245422
2024-02-15,1708,1728,1671,1719,77438,0.007029876977152849
2024-02-16,1717,1789,1690,1751,183038,0.018615474112856356
2024-02-19,1769,1769,1720,1726,48526,-0.014277555682467136
2024-02-20,1750,1753,1714,1728,33724,0.0011587485515642815
2024-02-21,1728,1729,1630,1708,70229,-0.01157407407407407
2024-02-22,1708,1727,1697,1698,42767,-0.005854800936768156
2024-02-23,1728,1728,1680,1687,35659,-0.006478209658421719
2024-02-26,1671,1707,1650,1670,53468,-0.010077059869590954
2024-02-27,1699,1699,1640,1640,57037,-0.017964071856287456
2024-02-28,1640,1660,1632,1640,41912,0.0
2024-02-29,1641,1655,1628,1635,28677,-0.0030487804878048808
2024-03-04,1635,1650,1548,1627,147853,-0.004892966360856232
2024-03-05,1610,1612,1580,1603,96027,-0.014751075599262475
2024-03-06,1590,1614,1580,1600,47501,-0.0018714909544603753
2024-03-07,1586,1598,1567,1583,68137,-0.010624999999999996
2024-03-08,1568,1580,1560,1566,71217,-0.010739102969046121
2024-03-11,1572,1585,1541,1576,64730,0.0063856960408683605
2024-03-12,1566,1584,1558,1575,51278,-0.0006345177664974777
2024-03-13,1614,1614,1540,1552,152534,-0.014603174603174618
2024-03-14,1541,1552,1525,1535,114692,-0.010953608247422641
2024-03-15,1530,1539,1515,1527,100504,-0.005211726384364845
2024-03-18,1527,1549,1521,1538,60569,0.007203667321545426
2024-03-19,1557,1557,1517,1538,43531,0.0
2024-03-20,1537,1538,1519,1533,64684,-0.0032509752925877766
2024-03-21,1533,1562,1532,1561,115888,0.0182648401826484
2024-03-22,1552,1650,1552,1619,211661,0.03715566944266491
2024-03-25,1615,1720,1590,1636,149281,0.01050030883261277
2024-03-26,1632,1653,1605,1605,53998,-0.018948655256723734
2024-03-27,1588,1618,1580,1600,85569,-0.0031152647975077885
2024-03-28,1590,1614,1579,1600,45770,0.0
2024-03-29,1602,1603,1540,1540,211005,-0.03749999999999998
2024-04-01,1556,1616,1538,1613,140932,0.047402597402597335
2024-04-02,1630,1630,1580,1608,44838,-0.0030998140111593298
2024-04-03,1590,1606,1573,1604,48367,-0.0024875621890547706
2024-04-04,1586,1594,1571,1588,44317,-0.009975062344139696
2024-04-05,1584,1600,1560,1574,41401,-0.008816120906801062
2024-04-08,1584,1629,1560,1569,71040,-0.0031766200762388674
2024-04-09,1572,1599,1500,1566,135268,-0.0019120458891013214
2024-04-11,1545,1598,1523,1569,44665,0.0019157088122605526
2024-04-12,1569,1589,1552,1579,36304,0.006373486297004405
2024-04-15,1549,1588,1545,1564,56624,-0.00949968334388851
2024-04-16,1562,1595,1470,1556,89240,-0.005115089514066473
2024-04-17,1556,1579,1475,1530,75408,-0.016709511568123392
2024-04-18,1530,1570,1510,1559,28849,0.018954248366013005
2024-04-19,1557,1574,1531,1541,40739,-0.011545862732520895
2024-04-22,1624,1624,1542,1558,72607,0.011031797534068799
2024-04-23,1561,1596,1551,1556,36022,-0.0012836970474967568
2024-04-24,1589,1589,1556,1560,26105,0.0025706940874035134
2024-04-25,1550,1579,1532,1532,39474,-0.017948717948717996
2024-04-26,1520,1560,1502,1502,76426,-0.019582245430809442
2024-04-29,1511,1538,1488,1500,61944,-0.0013315579227696217
2024-04-30,1486,1521,1485,1490,52853,-0.00666666666666671
2024-05-02,1490,1497,1484,1490,62923,0.0
2024-05-03,1479,1496,1473,1496,40624,0.00402684563758382
2024-05-07,1499,1510,1496,1505,36616,0.006016042780748743
2024-05-08,1505,1505,1470,1491,72360,-0.009302325581395321
2024-05-09,1488,1508,1474,1502,43600,0.007377598926894713
2024-05-10,1497,1515,1480,1499,64803,-0.001997336884154488
2024-05-13,1500,1500,1470,1495,99993,-0.0026684456304202353
2024-05-14,1480,1520,1480,1484,72301,-0.0073578595317725926
2024-05-16,1495,1500,1485,1494,31324,0.006738544474393482
2024-05-17,1489,1490,1455,1470,73119,-0.016064257028112428
2024-05-20,1476,1476,1443,1457,52981,-0.008843537414966018
2024-05-21,1463,1463,1439,1450,47601,-0.0048043925875085325
2024-05-22,1436,1449,1400,1449,49609,-0.0006896551724138167
2024-05-23,1449,1459,1443,1449,23685,0.0
2024-05-24,1421,1447,1421,1435,28627,-0.009661835748792313
2024-05-27,1435,1440,1409,1418,43665,-0.01184668989547033
2024-05-28,1438,1438,1419,1419,49136,0.0007052186177716191
2024-05-29,1425,1425,1415,1419,47261,0.0
2024-05-30,1419,1419,1398,1404,63925,-0.010570824524312905
2024-05-31,1363,1405,1358,1373,112881,-0.022079772079772075
2024-06-03,1373,1398,1304,1375,142908,0.0014566642388929019
2024-06-04,1395,1408,1375,1395,38191,0.014545454545454639
2024-06-05,1397,1410,1389,1404,63816,0.006451612903225712
2024-06-07,1410,1420,1375,1399,74733,-0.0035612535612535856
2024-06-10,1399,1410,1377,1400,67479,0.0007147962830593713
2024-06-11,1400,1429,1383,1402,53841,0.0014285714285713347
2024-06-12,1419,1419,1390,1406,42421,0.0028530670470756636
2024-06-13,1406,1419,1388,1397,18778,-0.006401137980085347
2024-06-14,1395,1397,1372,1392,15293,-0.0035790980672870676
2024-06-17,1381,1392,1364,1370,34203,-0.015804597701149392
2024-06-18,1364,1364,1320,1330,59405,-0.029197080291970767
2024-06-19,1330,1332,1316,1330,68966,0.0
2024-06-20,1330,1330,1322,1324,24337,-0.004511278195488688
2024-06-21,1324,1390,1315,1327,38681,0.0022658610271903967
2024-06-24,1327,1360,1316,1318,16912,-0.0067822155237377
2024-06-25,1318,1332,1300,1320,30508,0.0015174506828528056
2024-06-26,1332,1332,1310,1323,16503,0.002272727272727204
2024-06-27,1329,1334,1305,1306,51275,-0.012849584278155746
2024-06-28,1306,1314,1240,1307,74728,0.0007656967840734552
2024-07-01,1307,1328,1290,1328,48334,0.016067329762815552
2024-07-02,1329,1344,1313,1313,31872,-0.011295180722891596
