Date,Open,High,Low,Close,Volume,Change
2022-01-03,4020,4025,3955,4005,185323,0.003759398496240518
2022-01-04,3980,4545,3980,4255,6368798,0.062421972534332015
2022-01-05,4225,4245,4125,4175,669594,-0.018801410105757976
2022-01-06,4100,4175,3965,4030,721397,-0.03473053892215572
2022-01-07,4025,4215,4010,4145,625396,0.028535980148883366
2022-01-10,4145,4315,4090,4160,1332184,0.003618817852834688
2022-01-11,4190,4235,4070,4085,453335,-0.018028846153846145
2022-01-12,4085,4210,4085,4095,393426,0.00244798041615657
2022-01-13,4090,4120,4010,4030,271624,-0.015873015873015928
2022-01-14,4010,4070,3990,3995,211439,-0.008684863523573227
2022-01-17,4000,4025,3865,3865,313620,-0.03254067584480602
2022-01-18,3850,3930,3790,3795,301285,-0.018111254851228997
2022-01-19,3700,3785,3680,3700,442661,-0.025032938076416378
2022-01-20,3700,3800,3700,3780,204688,0.021621621621621623
2022-01-21,3760,3950,3760,3800,354550,0.005291005291005346
2022-01-24,3800,3820,3620,3620,356444,-0.047368421052631615
2022-01-25,3625,3690,3360,3365,748555,-0.0704419889502762
2022-01-26,3345,3460,3320,3375,330076,0.002971768202080227
2022-01-27,3360,3695,3280,3305,1019267,-0.020740740740740726
2022-01-28,3295,3410,3220,3395,438782,0.027231467473525006
2022-02-03,3415,3525,3415,3460,336326,0.019145802650957222
2022-02-04,3410,3550,3410,3540,185217,0.023121387283236983
2022-02-07,3605,3975,3570,3625,2920555,0.024011299435028333
2022-02-08,3620,3690,3555,3570,312350,-0.015172413793103412
2022-02-09,3585,3800,3570,3595,877693,0.007002801120448154
2022-02-10,3640,3875,3600,3755,1953311,0.044506258692628586
2022-02-11,3710,3720,3605,3605,390388,-0.039946737683089206
2022-02-14,3540,3600,3350,3350,479478,-0.07073509015256585
2022-02-15,3340,3440,3300,3305,249862,-0.013432835820895495
2022-02-16,3375,3600,3375,3515,347195,0.0635400907715582
2022-02-17,3570,3720,3400,3530,691579,0.004267425320056972
2022-02-18,3485,3570,3430,3550,183456,0.0056657223796034994
2022-02-21,3485,3670,3475,3565,327570,0.004225352112676051
2022-02-22,3475,3580,3410,3510,287659,-0.015427769985974726
2022-02-23,3515,3615,3515,3580,252555,0.019943019943019946
2022-02-24,3810,3920,3450,3450,2482303,-0.03631284916201116
2022-02-25,3595,3620,3510,3520,359303,0.020289855072463725
2022-02-28,3540,3640,3530,3565,393812,0.012784090909090828
2022-03-02,3620,3680,3590,3650,339557,0.02384291725105192
2022-03-03,3695,3705,3635,3660,309434,0.00273972602739736
2022-03-04,3660,3685,3600,3605,190081,-0.015027322404371546
2022-03-07,3565,3685,3495,3505,217871,-0.0277392510402219
2022-03-08,3405,3510,3405,3425,195308,-0.022824536376604865
2022-03-10,3495,3605,3495,3600,300316,0.051094890510948954
2022-03-11,3610,3725,3545,3675,408124,0.02083333333333326
2022-03-14,3740,3740,3605,3660,292827,-0.004081632653061273
2022-03-15,3660,3695,3620,3635,258712,-0.006830601092896127
2022-03-16,3650,4135,3650,3805,5853339,0.04676753782668497
2022-03-17,3815,3960,3780,3865,2003131,0.01576872536136653
2022-03-18,3875,3895,3725,3780,1139980,-0.021992238033635148
2022-03-21,3800,3955,3740,3820,1020837,0.010582010582010692
2022-03-22,3855,3915,3815,3835,515740,0.003926701570680535
2022-03-23,3845,3995,3840,3905,1732279,0.018252933507170832
2022-03-24,3950,3960,3850,3870,611852,-0.008962868117797673
2022-03-25,3910,3910,3845,3875,368033,0.0012919896640826156
2022-03-28,3900,4030,3845,3995,1138213,0.030967741935483906
2022-03-29,3980,4005,3930,3955,508047,-0.010012515644555742
2022-03-30,3980,3980,3880,3885,455971,-0.017699115044247815
2022-03-31,3870,4130,3860,3920,2513829,0.009009009009008917
2022-04-01,3855,3920,3845,3855,413275,-0.01658163265306123
2022-04-04,3855,3875,3830,3860,342083,0.0012970168612191912
2022-04-05,3865,3920,3850,3880,346061,0.005181347150259086
2022-04-06,3880,3880,3780,3805,244473,-0.019329896907216537
2022-04-07,3760,3820,3665,3665,341452,-0.036793692509855425
2022-04-08,3700,3750,3620,3695,194948,0.008185538881309684
2022-04-11,3725,3745,3650,3680,156559,-0.004059539918809252
2022-04-12,3650,3715,3500,3640,231199,-0.010869565217391353
2022-04-13,3605,3965,3605,3770,897001,0.03571428571428581
2022-04-14,3770,3805,3725,3780,267217,0.0026525198938991412
2022-04-15,3780,3830,3760,3770,251058,-0.002645502645502673
2022-04-18,3820,3870,3750,3770,338988,0.0
2022-04-19,3750,3800,3730,3800,171873,0.007957559681697646
2022-04-20,3800,3840,3715,3715,186816,-0.022368421052631593
2022-04-21,3730,3755,3690,3710,154021,-0.0013458950201884479
2022-04-22,3700,3710,3655,3670,130818,-0.010781671159029615
2022-04-25,3600,3645,3540,3575,216727,-0.02588555858310626
2022-04-26,3555,3625,3555,3565,138630,-0.002797202797202747
2022-04-27,3555,3555,3475,3515,152702,-0.014025245441795287
2022-04-28,3515,3540,3475,3485,111532,-0.008534850640113834
2022-04-29,3485,3540,3470,3480,150799,-0.0014347202295552641
2022-05-02,3395,3510,3395,3510,83429,0.008620689655172376
2022-05-03,3510,3860,3510,3555,1277352,0.012820512820512775
2022-05-04,3545,3595,3515,3550,163300,-0.0014064697609000865
2022-05-06,3480,3540,3480,3490,121333,-0.016901408450704203
2022-05-09,3455,3500,3375,3400,178518,-0.025787965616045794
2022-05-10,3310,3385,3220,3335,261562,-0.019117647058823573
2022-05-11,3295,3370,3295,3345,111659,0.0029985007496251548
2022-05-12,3270,3355,3215,3215,192896,-0.038863976083707064
2022-05-13,3215,3310,3215,3275,116118,0.018662519440124425
2022-05-16,3285,3395,3280,3290,228284,0.004580152671755711
2022-05-17,3280,3365,3280,3355,132078,0.019756838905775176
2022-05-18,3365,3445,3360,3390,139917,0.010432190760059523
2022-05-19,3330,3340,3285,3325,85322,-0.019174041297935096
2022-05-20,3325,3425,3325,3370,99761,0.013533834586466176
2022-05-23,3355,3390,3330,3360,90935,-0.0029673590504450953
2022-05-24,3335,3380,3290,3325,79127,-0.01041666666666663
2022-05-25,3305,3515,3260,3330,436530,0.0015037593984963404
2022-05-26,3320,3380,3230,3310,146507,-0.006006006006005982
2022-05-27,3315,3355,3300,3310,99717,0.0
2022-05-30,3320,3380,3315,3360,120208,0.015105740181268867
2022-05-31,3365,3390,3340,3365,116325,0.0014880952380953438
2022-06-02,3355,3400,3355,3380,69926,0.004457652303120341
2022-06-03,3395,3435,3370,3370,96914,-0.00295857988165682
2022-06-07,3370,3410,3330,3370,160268,0.0
2022-06-08,3360,3400,3360,3370,105676,0.0
2022-06-09,3350,3390,3255,3270,159691,-0.029673590504451064
2022-06-10,3265,3480,3235,3385,948935,0.03516819571865448
2022-06-13,3340,3670,3210,3210,1975515,-0.05169867060561295
2022-06-14,3145,3170,3010,3040,379932,-0.052959501557632405
2022-06-15,3000,3065,2840,2840,324056,-0.06578947368421051
2022-06-16,2840,3000,2815,2850,408377,0.0035211267605634866
2022-06-17,2800,2980,2725,2890,254338,0.01403508771929829
2022-06-20,2895,2920,2680,2680,252719,-0.0726643598615917
2022-06-21,2680,2760,2675,2700,210892,0.00746268656716409
2022-06-22,2705,2760,2465,2505,267871,-0.07222222222222219
2022-06-23,2480,2520,2285,2300,525496,-0.08183632734530943
2022-06-24,2300,2480,2290,2460,342211,0.06956521739130439
2022-06-27,2460,2605,2460,2575,145530,0.04674796747967469
2022-06-28,2555,3100,2545,2695,5540290,0.046601941747572706
2022-06-29,2635,2855,2635,2830,1041538,0.05009276437847876
2022-06-30,2810,2830,2700,2700,402229,-0.04593639575971731
2022-07-01,2730,2755,2615,2615,205273,-0.031481481481481444
2022-07-04,2625,2705,2540,2705,296655,0.03441682600382401
2022-07-05,2650,2740,2640,2695,274270,-0.003696857670979714
2022-07-06,2730,2885,2680,2775,800719,0.029684601113172615
2022-07-07,2745,2790,2730,2760,242384,-0.00540540540540535
2022-07-08,2780,2800,2740,2745,177090,-0.005434782608695676
2022-07-11,2800,2970,2795,2840,907561,0.03460837887067392
2022-07-12,2795,2830,2715,2720,207161,-0.04225352112676062
2022-07-13,2705,2855,2630,2725,366634,0.0018382352941177516
2022-07-14,2700,2795,2700,2755,173321,0.011009174311926495
2022-07-15,2815,2815,2685,2720,142200,-0.012704174228675091
2022-07-18,2750,2785,2710,2755,94068,0.012867647058823595
2022-07-19,2745,2810,2740,2790,141346,0.012704174228675091
2022-07-20,2840,2875,2810,2815,175208,0.008960573476702427
2022-07-21,2815,2905,2810,2860,181182,0.015985790408525657
2022-07-22,2865,2890,2820,2835,116368,-0.00874125874125875
2022-07-25,2830,2885,2820,2850,109543,0.005291005291005346
2022-07-26,2830,3100,2825,2910,2628008,0.021052631578947434
2022-07-27,2885,2920,2860,2920,277505,0.0034364261168384758
2022-07-28,2910,3085,2880,2905,1061053,-0.005136986301369828
2022-07-29,2925,2935,2875,2915,265209,0.0034423407917383297
2022-08-01,2930,3200,2860,2980,1764194,0.022298456260720467
2022-08-02,3025,3025,2955,2985,240085,0.001677852348993314
2022-08-03,2990,3045,2960,3020,207072,0.011725293132328396
2022-08-04,3025,3250,3025,3070,1613552,0.01655629139072845
2022-08-05,3100,3100,3040,3100,220798,0.009771986970684043
2022-08-08,3085,3130,3030,3080,163420,-0.006451612903225823
2022-08-09,3085,3130,3055,3100,119164,0.006493506493506551
2022-08-10,3080,3110,3025,3065,129360,-0.011290322580645107
2022-08-11,3075,3085,2990,3030,213121,-0.011419249592169667
2022-08-12,3035,3065,3000,3055,115969,0.008250825082508184
2022-08-16,3030,3065,3030,3060,107266,0.0016366612111293755
2022-08-17,3040,3060,3010,3050,96386,-0.0032679738562091387
2022-08-18,3040,3040,2950,3040,298070,-0.003278688524590123
2022-08-19,3030,3090,2975,3055,616009,0.004934210526315708
2022-08-22,2965,3050,2920,2970,389467,-0.02782324058919805
2022-08-23,2955,3015,2865,2870,233427,-0.03367003367003363
2022-08-24,2855,2890,2830,2835,110473,-0.012195121951219523
2022-08-25,2850,2905,2810,2900,86217,0.022927689594356204
2022-08-26,2925,2955,2895,2925,84822,0.008620689655172376
2022-08-29,2805,2835,2780,2795,130680,-0.0444444444444444
2022-08-30,2775,2875,2775,2825,99280,0.01073345259391778
2022-08-31,2870,2955,2800,2860,173358,0.012389380530973382
2022-09-01,2855,2855,2750,2755,87365,-0.036713286713286664
2022-09-02,2755,2785,2715,2720,93416,-0.012704174228675091
2022-09-05,2695,2725,2660,2680,86612,-0.014705882352941124
2022-09-06,2670,2735,2670,2735,85280,0.020522388059701413
2022-09-07,2735,2750,2610,2625,113003,-0.04021937842778789
2022-09-08,2640,2705,2635,2650,122185,0.00952380952380949
2022-09-13,2660,2790,2660,2770,147445,0.04528301886792452
2022-09-14,2660,2745,2655,2725,52227,-0.016245487364620947
2022-09-15,2745,2995,2690,2850,2016554,0.04587155963302747
2022-09-16,2770,2920,2745,2770,768909,-0.028070175438596467
2022-09-19,2780,2780,2655,2665,164843,-0.03790613718411551
2022-09-20,2675,2825,2675,2770,217691,0.039399624765478425
2022-09-21,2730,2810,2730,2775,122728,0.0018050541516245744
2022-09-22,2765,2795,2700,2775,88715,0.0
2022-09-23,2775,2790,2640,2670,147679,-0.037837837837837784
2022-09-26,2620,2640,2385,2410,323447,-0.09737827715355807
2022-09-27,2375,2670,2290,2365,1247031,-0.018672199170124526
2022-09-28,2335,2410,2250,2260,231491,-0.04439746300211411
2022-09-29,2280,2480,2260,2260,521649,0.0
2022-09-30,2210,2340,2210,2305,152168,0.019911504424778848
2022-10-04,2335,2420,2335,2365,136215,0.026030368763557465
2022-10-05,2380,2425,2315,2330,98006,-0.014799154334038
2022-10-06,2345,2410,2345,2385,73801,0.023605150214592197
2022-10-07,2380,2420,2355,2390,49089,0.002096436058700135
2022-10-11,2350,2355,2250,2275,106202,-0.04811715481171552
2022-10-12,2235,2285,2200,2230,104006,-0.01978021978021982
2022-10-13,2210,2230,2070,2105,280289,-0.056053811659192876
2022-10-14,2170,2355,2140,2340,507500,0.1116389548693586
2022-10-17,2280,2505,2280,2435,684402,0.040598290598290676
2022-10-18,2445,2595,2445,2450,920095,0.006160164271047153
2022-10-19,2450,2510,2415,2430,140820,-0.008163265306122436
2022-10-20,2430,2445,2385,2390,46419,-0.016460905349794275
2022-10-21,2350,2390,2330,2330,55723,-0.025104602510460206
2022-10-24,2340,2405,2340,2365,52969,0.015021459227467782
2022-10-25,2380,2405,2330,2365,68556,0.0
2022-10-26,2365,2680,2300,2315,4295515,-0.02114164904862581
2022-10-27,2315,2370,2310,2365,153880,0.021598272138228847
2022-10-28,2360,2385,2315,2330,93490,-0.014799154334038
2022-10-31,2345,2405,2335,2340,197921,0.0042918454935623185
2022-11-01,2340,2490,2340,2415,946720,0.03205128205128216
2022-11-02,2390,2460,2390,2405,200282,-0.0041407867494823725
2022-11-03,2375,2400,2330,2380,113599,-0.01039501039501034
2022-11-04,2360,2570,2330,2390,893381,0.004201680672268893
2022-11-07,2390,2455,2390,2440,321756,0.02092050209205021
2022-11-08,2450,2605,2425,2495,1734486,0.02254098360655732
2022-11-09,2495,2605,2495,2540,410252,0.018036072144288484
2022-11-10,2525,2595,2490,2505,232042,-0.013779527559055094
2022-11-11,2560,2595,2520,2530,304946,0.009980039920159722
2022-11-14,2545,2620,2505,2590,293093,0.02371541501976293
2022-11-15,2565,2670,2535,2560,511939,-0.01158301158301156
2022-11-16,2555,2560,2505,2550,143468,-0.00390625
2022-11-17,2535,2540,2450,2465,209360,-0.033333333333333326
2022-11-18,2465,2490,2450,2460,96096,-0.0020283975659228792
2022-11-21,2460,2465,2315,2350,302950,-0.04471544715447151
2022-11-22,2375,2375,2315,2320,69191,-0.012765957446808529
2022-11-23,2330,2375,2330,2340,94585,0.008620689655172376
2022-11-24,2345,2440,2345,2415,121397,0.03205128205128216
2022-11-25,2415,2435,2385,2410,73215,-0.0020703933747412417
2022-11-28,2410,2410,2300,2305,149643,-0.04356846473029041
2022-11-29,2300,2340,2290,2340,125667,0.015184381778741818
2022-11-30,2340,2355,2320,2330,50504,-0.004273504273504258
2022-12-01,2365,2400,2360,2375,74065,0.0193133047210301
2022-12-02,2385,2425,2370,2405,83202,0.012631578947368327
2022-12-05,2420,2445,2400,2430,104185,0.01039501039501034
2022-12-06,2455,2475,2360,2360,448675,-0.028806584362139898
2022-12-07,2345,2355,2310,2330,123931,-0.012711864406779627
2022-12-08,2335,2335,2250,2250,133425,-0.03433476394849788
2022-12-09,2260,2295,2250,2270,75287,0.008888888888888946
2022-12-12,2250,2295,2240,2275,68067,0.0022026431718060735
2022-12-13,2275,2320,2270,2295,49165,0.00879120879120876
2022-12-14,2295,2345,2295,2345,71250,0.02178649237472774
2022-12-15,2315,2380,2305,2340,84073,-0.002132196162046962
2022-12-16,2270,2300,2255,2270,81756,-0.02991452991452992
2022-12-19,2270,2270,2230,2245,62651,-0.011013215859030812
2022-12-20,2230,2245,2160,2170,138649,-0.03340757238307346
2022-12-21,2185,2190,2130,2130,77172,-0.018433179723502335
2022-12-22,2140,2175,2135,2135,67210,0.0023474178403755097
2022-12-23,2125,2130,2065,2080,100217,-0.025761124121779888
2022-12-26,2080,2150,2080,2120,93916,0.019230769230769162
2022-12-27,2135,2160,2105,2105,68105,-0.007075471698113178
2022-12-28,2120,2200,2105,2145,147013,0.019002375296912177
2022-12-29,2150,2160,2080,2105,84652,-0.018648018648018683
2023-01-02,2105,2140,2015,2045,129655,-0.028503562945368155
2023-01-03,2005,2060,1965,2045,142094,0.0
2023-01-04,2000,2140,2000,2120,138335,0.03667481662591676
2023-01-05,2120,2645,2120,2350,9532068,0.10849056603773577
2023-01-06,2365,2390,2320,2325,902684,-0.010638297872340385
2023-01-09,2325,2360,2310,2315,464895,-0.004301075268817178
2023-01-10,2315,2365,2295,2355,483493,0.017278617710583255
2023-01-11,2395,2575,2320,2505,5013129,0.06369426751592355
2023-01-12,2690,2700,2385,2385,2965518,-0.04790419161676651
2023-01-13,2445,2450,2365,2375,255846,-0.004192872117400381
2023-01-16,2375,2415,2345,2390,287177,0.006315789473684275
2023-01-17,2380,2500,2380,2400,962736,0.004184100418409997
2023-01-18,2400,2410,2345,2375,195941,-0.01041666666666663
2023-01-19,2340,2460,2325,2410,387281,0.01473684210526316
2023-01-20,2400,2460,2400,2440,301066,0.012448132780082943
2023-01-25,2500,2565,2450,2560,1799790,0.049180327868852514
2023-01-26,2610,2645,2500,2505,956089,-0.021484375
2023-01-27,2545,2860,2515,2655,7334634,0.05988023952095811
2023-01-30,2655,2770,2625,2700,1864353,0.016949152542372836
2023-01-31,2660,2710,2650,2690,591442,-0.0037037037037036535
2023-02-01,2690,2705,2585,2605,596624,-0.03159851301115246
2023-02-02,2610,2670,2610,2640,433765,0.013435700575815668
2023-02-03,2665,2860,2640,2820,3885820,0.06818181818181812
2023-02-06,2920,2935,2680,2745,1970741,-0.02659574468085102
2023-02-07,2745,2860,2690,2775,960894,0.010928961748633892
2023-02-08,2825,2840,2775,2825,791286,0.018018018018018056
2023-02-09,2795,2845,2745,2775,429030,-0.017699115044247815
2023-02-10,2805,2880,2660,2755,2472953,-0.007207207207207245
2023-02-13,2790,2795,2670,2725,495543,-0.010889292196007205
2023-02-14,2745,2790,2680,2700,364154,-0.00917431192660545
2023-02-15,2700,2745,2545,2550,545005,-0.05555555555555558
2023-02-16,2565,2620,2550,2605,184611,0.021568627450980316
2023-02-17,2545,2575,2540,2545,131720,-0.02303262955854124
2023-02-20,2545,2600,2540,2595,98744,0.01964636542239684
2023-02-21,2595,2850,2595,2675,1747897,0.030828516377649384
2023-02-22,2630,2635,2580,2585,267821,-0.03364485981308407
2023-02-23,2595,2650,2585,2645,219597,0.023210831721470093
2023-02-24,2655,2680,2605,2605,181363,-0.015122873345935761
2023-02-27,2605,2615,2555,2585,109126,-0.007677543186180413
2023-02-28,2585,2650,2560,2645,168388,0.023210831721470093
2023-03-02,2630,2665,2580,2590,132701,-0.020793950850661602
2023-03-03,2615,2680,2610,2635,152237,0.01737451737451745
2023-03-06,2700,2770,2675,2680,788005,0.017077798861480087
2023-03-07,2680,2740,2650,2685,232678,0.001865671641791078
2023-03-08,2660,2685,2630,2630,177810,-0.020484171322160183
2023-03-09,2680,2785,2625,2750,1138728,0.04562737642585546
2023-03-10,2730,2740,2625,2625,497490,-0.045454545454545414
2023-03-13,2590,2590,2510,2555,243362,-0.026666666666666616
2023-03-14,2530,2555,2385,2385,346691,-0.06653620352250489
2023-03-15,2420,2520,2415,2495,245839,0.04612159329140453
2023-03-16,2445,2500,2400,2435,124882,-0.024048096192384794
2023-03-17,2455,2535,2440,2530,215118,0.03901437371663241
2023-03-20,2545,2545,2470,2475,271810,-0.021739130434782594
2023-03-21,2495,2505,2455,2460,181553,-0.0060606060606061
2023-03-22,2475,2500,2445,2455,128210,-0.002032520325203291
2023-03-23,2440,2445,2375,2380,284222,-0.03054989816700615
2023-03-24,2410,2465,2375,2450,197897,0.02941176470588225
2023-03-27,2490,2490,2375,2395,180905,-0.022448979591836782
2023-03-28,2395,2480,2395,2475,175596,0.03340292275574108
2023-03-29,2470,2475,2445,2465,86572,-0.004040404040404066
2023-03-30,2470,2490,2430,2475,152324,0.0040567951318457585
2023-03-31,2500,2515,2425,2445,187245,-0.012121212121212088
2023-04-03,2475,2490,2420,2465,180998,0.008179959100204526
2023-04-04,2450,2510,2450,2490,254297,0.010141987829614507
2023-04-05,2495,2520,2450,2495,219797,0.002008032128514081
2023-04-06,2485,2485,2395,2410,299536,-0.034068136272545124
2023-04-07,2415,2440,2395,2405,174820,-0.0020746887966804906
2023-04-10,2410,2420,2315,2345,266677,-0.02494802494802495
2023-04-11,2320,2390,2310,2380,132092,0.014925373134328401
2023-04-12,2390,2410,2345,2395,143863,0.006302521008403339
2023-04-13,2420,2440,2380,2430,201603,0.014613778705636848
2023-04-14,2435,2460,2420,2440,143658,0.004115226337448652
2023-04-17,2455,2480,2420,2470,204123,0.012295081967213184
2023-04-18,2470,2500,2440,2475,245097,0.002024291497975783
2023-04-19,2495,2520,2465,2505,252422,0.0121212121212122
2023-04-20,2505,2520,2425,2460,170669,-0.017964071856287456
2023-04-21,2430,2450,2380,2385,159470,-0.030487804878048808
2023-04-24,2365,2395,2355,2360,148391,-0.010482180293501009
2023-04-25,2355,2370,2270,2300,195501,-0.025423728813559365
2023-04-26,2295,2330,2235,2280,112264,-0.008695652173912993
2023-04-27,2260,2295,2240,2280,141627,0.0
2023-04-28,2290,2305,2240,2275,170343,-0.002192982456140302
2023-05-02,2265,2350,2265,2335,102276,0.02637362637362628
2023-05-03,2320,2385,2315,2365,104330,0.012847965738758127
2023-05-04,2340,2365,2310,2345,80118,-0.008456659619450302
2023-05-08,2365,2400,2355,2360,96966,0.006396588486140775
2023-05-09,2340,2370,2305,2350,80062,-0.004237288135593209
2023-05-10,2350,2405,2350,2355,152595,0.0021276595744681437
2023-05-11,2355,2385,2355,2360,49646,0.002123142250530785
2023-05-12,2365,2410,2360,2375,108313,0.006355932203389925
2023-05-15,2365,2415,2300,2340,176953,-0.01473684210526316
2023-05-16,2300,2410,2285,2300,218890,-0.017094017094017144
2023-05-17,2295,2340,2280,2300,168036,0.0
2023-05-18,2310,2335,2300,2330,80865,0.01304347826086949
2023-05-19,2330,2360,2320,2355,86928,0.010729613733905685
2023-05-22,2345,2370,2340,2355,56014,0.0
2023-05-23,2360,2375,2340,2345,100470,-0.00424628450106157
2023-05-24,2325,2345,2305,2305,115979,-0.017057569296375252
2023-05-25,2305,2320,2285,2290,82609,-0.006507592190889366
2023-05-26,2300,2300,2245,2260,144921,-0.013100436681222738
2023-05-30,2265,2285,2260,2275,84762,0.006637168141592875
2023-05-31,2265,2310,2260,2295,80605,0.00879120879120876
2023-06-01,2275,2315,2265,2300,83287,0.002178649237472685
2023-06-02,2300,2350,2300,2335,100717,0.01521739130434785
2023-06-05,2365,2365,2320,2345,73591,0.004282655246252709
2023-06-07,2340,2355,2325,2345,71772,0.0
2023-06-08,2330,2345,2310,2320,66760,-0.010660980810234588
2023-06-09,2335,2335,2305,2310,76272,-0.004310344827586188
2023-06-12,2295,2335,2295,2315,120850,0.0021645021645022577
2023-06-13,2320,2395,2315,2335,142525,0.008639308855291628
2023-06-14,2345,2350,2285,2285,152732,-0.021413276231263434
2023-06-15,2285,2305,2255,2265,99381,-0.008752735229759279
2023-06-16,2270,2305,2265,2275,117482,0.004415011037527616
2023-06-19,2265,2290,2240,2290,97335,0.00659340659340657
2023-06-20,2280,2695,2265,2435,5380375,0.06331877729257651
2023-06-21,2430,2450,2385,2420,636477,-0.006160164271047264
2023-06-22,2410,2650,2350,2535,5149515,0.04752066115702469
2023-06-23,2535,2545,2465,2515,613805,-0.007889546351084853
2023-06-26,2495,2645,2470,2485,1191293,-0.011928429423459286
2023-06-27,2520,2765,2505,2555,7901046,0.028169014084507005
2023-06-28,2555,2585,2520,2545,740829,-0.003913894324853229
2023-06-29,2560,2570,2500,2510,594106,-0.013752455795677854
2023-06-30,2490,2550,2455,2520,323729,0.003984063745019917
2023-07-03,2590,2895,2590,2615,8492694,0.037698412698412787
2023-07-04,2570,2655,2560,2600,609888,-0.005736137667303964
2023-07-05,2600,2605,2500,2530,522489,-0.02692307692307694
2023-07-06,2530,2780,2515,2595,4162371,0.025691699604743157
2023-07-07,2560,2575,2500,2505,441416,-0.034682080924855474
2023-07-10,2555,2790,2545,2630,3300339,0.04990019960079839
2023-07-11,2610,2730,2605,2715,1208814,0.0323193916349811
2023-07-12,2740,2745,2655,2655,636127,-0.02209944751381221
2023-07-13,2690,2715,2625,2655,444717,0.0
2023-07-14,2665,2670,2590,2610,292574,-0.016949152542372836
2023-07-17,2615,2670,2565,2660,319193,0.019157088122605304
2023-07-18,2675,2685,2590,2620,310936,-0.015037593984962405
2023-07-19,2620,2635,2505,2520,488524,-0.03816793893129766
2023-07-20,2505,2520,2465,2515,203697,-0.001984126984126977
2023-07-21,2485,2570,2480,2555,187436,0.015904572564612307
2023-07-24,2550,2555,2425,2445,276713,-0.043052837573385516
2023-07-25,2430,2465,2355,2370,298788,-0.030674846625766916
2023-07-26,2345,2380,2265,2295,455586,-0.03164556962025311
2023-07-27,2285,2365,2285,2320,200488,0.01089324618736387
2023-07-28,2300,2385,2295,2365,147044,0.0193965517241379
2023-07-31,2355,2470,2345,2425,234843,0.025369978858351017
2023-08-01,2425,2455,2390,2425,152214,0.0
2023-08-02,2405,2455,2390,2400,107454,-0.010309278350515427
2023-08-03,2415,2850,2380,2695,11984372,0.12291666666666656
2023-08-04,2815,3020,2625,2660,9966731,-0.012987012987012991
2023-08-07,2605,2720,2585,2715,1357288,0.020676691729323293
2023-08-08,2705,2705,2520,2530,1139575,-0.06813996316758753
2023-08-09,2530,2600,2530,2560,548667,0.011857707509881354
2023-08-10,2535,2600,2515,2560,352986,0.0
2023-08-11,2560,2610,2545,2565,415702,0.001953125
2023-08-14,2565,2620,2535,2610,397517,0.01754385964912286
2023-08-16,2600,2600,2440,2470,622406,-0.05363984674329503
2023-08-17,2460,2470,2335,2385,450591,-0.03441295546558709
2023-08-18,2375,2380,2310,2320,272343,-0.027253668763102756
2023-08-21,2370,2420,2345,2350,347595,0.012931034482758674
2023-08-22,2375,2420,2360,2370,210967,0.008510638297872353
2023-08-23,2370,2565,2350,2460,1017497,0.03797468354430378
2023-08-24,2465,2525,2450,2520,354853,0.024390243902439046
2023-08-25,2510,2515,2450,2470,177854,-0.019841269841269882
2023-08-28,2465,2500,2400,2500,184596,0.012145748987854255
2023-08-29,2500,2790,2495,2665,6869209,0.06600000000000006
2023-08-30,2735,2780,2665,2690,1813004,0.009380863039399667
2023-08-31,2715,2715,2620,2640,481496,-0.018587360594795488
2023-09-01,2670,2820,2635,2705,2321992,0.024621212121212155
2023-09-04,2690,2895,2560,2755,2480327,0.01848428835489835
2023-09-05,2700,2730,2630,2645,743368,-0.03992740471869327
2023-09-06,2745,2760,2650,2695,1169941,0.018903591682419618
2023-09-07,2730,2730,2615,2655,443359,-0.014842300556586308
2023-09-08,2630,2715,2600,2620,272195,-0.013182674199623379
2023-09-11,2615,2690,2615,2665,346355,0.01717557251908386
2023-09-12,2665,2710,2580,2585,392899,-0.030018761726078758
2023-09-13,2570,2595,2520,2550,298303,-0.013539651837524147
2023-09-14,2560,2600,2540,2560,164063,0.0039215686274509665
2023-09-15,2550,2630,2550,2620,361238,0.0234375
2023-09-18,2675,2685,2580,2580,409730,-0.01526717557251911
2023-09-19,2540,2565,2455,2495,350101,-0.032945736434108475
2023-09-20,2475,2500,2405,2450,228352,-0.018036072144288595
2023-09-21,2450,2470,2370,2370,305639,-0.03265306122448974
2023-09-22,2310,2390,2310,2355,191057,-0.006329113924050667
2023-09-25,2360,2420,2335,2360,278925,0.002123142250530785
2023-09-26,2355,2370,2250,2250,297254,-0.04661016949152541
2023-09-27,2235,2295,2225,2275,161775,0.011111111111111072
2023-10-04,2270,2270,2180,2195,325190,-0.03516483516483515
2023-10-05,2200,2275,2165,2240,232083,0.0205011389521641
2023-10-06,2210,2355,2210,2325,243760,0.0379464285714286
2023-10-10,2360,2380,2235,2235,335534,-0.03870967741935483
2023-10-11,2260,2635,2260,2360,3082960,0.055928411633109576
2023-10-12,2380,2495,2345,2385,681328,0.010593220338983134
2023-10-13,2370,2420,2365,2375,248539,-0.004192872117400381
2023-10-16,2360,2370,2265,2310,167596,-0.027368421052631597
2023-10-17,2300,2355,2300,2335,105044,0.010822510822510845
2023-10-18,2335,2335,2295,2300,120346,-0.01498929336188437
2023-10-19,2300,2300,2215,2215,168133,-0.036956521739130443
2023-10-20,2190,2240,2165,2165,180654,-0.02257336343115124
2023-10-23,2150,2210,2150,2160,90760,-0.002309468822170868
2023-10-24,2165,2225,2125,2210,126705,0.02314814814814814
2023-10-25,2220,2265,2215,2240,101009,0.013574660633484115
2023-10-26,2215,2215,2140,2140,159282,-0.044642857142857095
2023-10-27,2145,2160,2120,2140,101056,0.0
2023-10-30,2110,2180,2110,2180,58656,0.01869158878504673
2023-10-31,2180,2200,2105,2110,193038,-0.032110091743119296
2023-11-01,2120,2160,2120,2155,71398,0.021327014218009532
2023-11-02,2160,2220,2160,2215,177652,0.0278422273781902
2023-11-03,2220,2280,2195,2270,202761,0.02483069977426644
2023-11-06,2285,2295,2260,2285,159837,0.0066079295154184425
2023-11-07,2265,2285,2230,2260,110592,-0.01094091903719907
2023-11-08,2285,2315,2255,2260,117674,0.0
2023-11-09,2255,2275,2175,2245,100931,-0.006637168141592875
2023-11-10,2225,2240,2195,2195,60285,-0.022271714922049046
2023-11-13,2195,2215,2150,2160,80041,-0.015945330296127547
2023-11-14,2160,2205,2160,2200,35861,0.0185185185185186
2023-11-15,2205,2250,2205,2235,66605,0.015909090909090873
2023-11-16,2235,2250,2220,2250,27226,0.006711409395973256
2023-11-17,2250,2530,2225,2450,4451117,0.0888888888888888
2023-11-20,2350,2390,2315,2340,837246,-0.04489795918367345
2023-11-21,2380,2430,2350,2350,724518,0.004273504273504258
2023-11-22,2375,2610,2330,2450,7297800,0.042553191489361764
2023-11-23,2435,2645,2370,2465,4549786,0.00612244897959191
2023-11-24,2475,2610,2415,2600,3326103,0.05476673427991896
2023-11-27,2490,2505,2385,2420,1101907,-0.0692307692307692
2023-11-28,2395,2440,2340,2355,490187,-0.02685950413223137
2023-11-29,2360,2385,2330,2360,358124,0.002123142250530785
2023-11-30,2360,2380,2340,2345,136093,-0.006355932203389814
2023-12-01,2355,2390,2345,2380,214768,0.014925373134328401
2023-12-04,2370,2530,2365,2515,830073,0.05672268907563027
2023-12-05,2460,2530,2435,2475,531313,-0.015904572564612307
2023-12-06,2475,2515,2460,2510,454726,0.014141414141414232
2023-12-07,2525,2580,2400,2430,968299,-0.031872509960159334
2023-12-08,2430,2570,2430,2515,1035027,0.034979423868312765
2023-12-11,2550,2555,2490,2525,430759,0.003976143141153132
2023-12-12,2525,2595,2460,2570,1183813,0.017821782178217838
2023-12-13,2555,2570,2500,2500,316483,-0.027237354085603127
2023-12-14,2480,2565,2470,2540,384729,0.016000000000000014
2023-12-15,2535,2540,2460,2460,280664,-0.03149606299212604
2023-12-18,2475,2505,2465,2480,291314,0.008130081300812941
2023-12-19,2480,2535,2420,2425,464239,-0.022177419354838745
2023-12-20,2445,2525,2410,2465,420625,0.016494845360824684
2023-12-21,2460,2495,2425,2440,159069,-0.010141987829614618
2023-12-22,2445,2450,2385,2395,156226,-0.018442622950819665
2023-12-26,2395,2430,2360,2420,155313,0.010438413361169019
2023-12-27,2395,2480,2395,2480,183925,0.024793388429751984
2023-12-28,2480,2495,2445,2465,208408,-0.006048387096774244
2024-01-02,2465,2510,2450,2500,261297,0.014198782961460488
2024-01-03,2480,2520,2475,2515,234466,0.006000000000000005
2024-01-04,2520,2540,2465,2465,271879,-0.01988071570576544
2024-01-05,2470,2570,2465,2535,504280,0.028397565922920975
2024-01-08,2560,2625,2520,2590,754376,0.021696252465483346
2024-01-09,2615,2795,2550,2550,3197993,-0.015444015444015413
2024-01-10,2555,2670,2510,2670,1440306,0.04705882352941182
2024-01-11,2670,2730,2610,2610,1720629,-0.022471910112359605
2024-01-12,2580,2585,2515,2540,551087,-0.026819923371647514
2024-01-15,2600,2685,2560,2565,1475105,0.009842519685039353
2024-01-16,2565,2620,2520,2525,352860,-0.015594541910331383
2024-01-17,2520,2520,2390,2400,546751,-0.04950495049504955
2024-01-18,2390,2455,2390,2445,205464,0.018750000000000044
2024-01-19,2430,2540,2425,2515,452287,0.02862985685071573
2024-01-22,2560,2585,2525,2565,306075,0.01988071570576544
2024-01-23,2550,2800,2540,2605,4443928,0.015594541910331383
2024-01-24,2700,2780,2615,2645,3516412,0.015355086372360827
2024-01-25,2640,2640,2560,2595,712662,-0.018903591682419618
2024-01-26,2650,3065,2630,2940,23191907,0.13294797687861282
2024-01-29,3040,3045,2795,2810,4583025,-0.04421768707482998
2024-01-30,2850,2860,2685,2750,1999200,-0.02135231316725983
2024-01-31,2705,2765,2550,2570,1733154,-0.06545454545454543
2024-02-01,2550,2770,2505,2745,5107589,0.06809338521400776
2024-02-02,2675,2705,2600,2600,1422381,-0.05282331511839711
2024-02-05,2590,2600,2510,2535,669310,-0.025000000000000022
2024-02-06,2525,2555,2465,2490,642071,-0.017751479289940808
2024-02-07,2510,2520,2465,2500,392154,0.004016064257028162
2024-02-08,2495,2515,2475,2480,316039,-0.008000000000000007
2024-02-13,2520,2600,2500,2570,738867,0.03629032258064524
2024-02-14,2530,2600,2520,2590,340823,0.0077821011673151474
2024-02-15,2595,2650,2570,2635,542860,0.01737451737451745
2024-02-16,2660,2665,2590,2605,343816,-0.011385199240986688
2024-02-19,2640,2670,2600,2610,434159,0.0019193857965451588
2024-02-20,2630,2655,2600,2600,326340,-0.003831417624521105
2024-02-21,2600,2605,2550,2550,316779,-0.019230769230769273
2024-02-22,2550,2595,2535,2565,230105,0.00588235294117645
2024-02-23,2585,2590,2505,2540,327231,-0.00974658869395717
2024-02-26,2550,2555,2505,2530,187709,-0.003937007874015741
2024-02-27,2530,2540,2430,2475,341119,-0.021739130434782594
2024-02-28,2485,2645,2485,2535,1000156,0.024242424242424176
2024-02-29,2540,2565,2495,2495,196475,-0.015779092702169595
2024-03-04,2520,2530,2455,2475,287674,-0.008016032064128265
2024-03-05,2455,2485,2440,2450,221587,-0.010101010101010055
2024-03-06,2430,2470,2400,2410,237311,-0.01632653061224487
2024-03-07,2415,2440,2320,2355,401779,-0.022821576763485507
2024-03-08,2360,2390,2350,2380,224396,0.010615711252653925
2024-03-11,2380,2450,2370,2425,204226,0.018907563025210017
2024-03-12,2420,2425,2370,2380,180138,-0.01855670103092788
2024-03-13,2405,2435,2380,2415,146093,0.014705882352941124
2024-03-14,2405,2435,2370,2385,169744,-0.012422360248447228
2024-03-15,2375,2390,2360,2385,74968,0.0
2024-03-18,2380,2425,2380,2385,94778,0.0
2024-03-19,2385,2475,2385,2455,325277,0.029350104821803003
2024-03-20,2475,2555,2410,2490,1000731,0.014256619144602745
2024-03-21,2485,2495,2455,2475,247370,-0.0060240963855421326
2024-03-22,2485,2490,2450,2460,220544,-0.0060606060606061
2024-03-25,2460,2525,2410,2500,296155,0.016260162601626105
2024-03-26,2500,2650,2480,2620,2495504,0.04800000000000004
2024-03-27,2580,2585,2530,2530,559497,-0.03435114503816794
2024-03-28,2550,2600,2525,2535,672007,0.0019762845849802257
2024-03-29,2535,2615,2535,2535,562756,0.0
2024-04-01,2540,2570,2535,2560,225663,0.009861932938856066
2024-04-02,2555,2570,2465,2485,296813,-0.029296875
2024-04-03,2505,2575,2450,2465,287527,-0.008048289738430636
2024-04-04,2465,2490,2450,2470,165258,0.0020283975659229903
2024-04-05,2450,2465,2410,2415,194957,-0.022267206477732837
2024-04-08,2410,2415,2360,2380,209227,-0.01449275362318836
2024-04-09,2375,2400,2360,2370,135886,-0.004201680672268893
2024-04-11,2335,2395,2335,2385,69560,0.006329113924050667
2024-04-12,2405,2430,2370,2410,128131,0.01048218029350112
2024-04-15,2405,2405,2360,2380,105355,-0.012448132780082943
2024-04-16,2355,2380,2280,2285,251721,-0.03991596638655459
2024-04-17,2285,2345,2275,2335,151075,0.02188183807439814
2024-04-18,2335,2370,2335,2365,93411,0.012847965738758127
2024-04-19,2375,2430,2300,2385,257403,0.008456659619450413
2024-04-22,2400,2425,2365,2380,107325,-0.002096436058700246
2024-04-23,2380,2420,2375,2380,111887,0.0
2024-04-24,2380,2405,2380,2405,92560,0.010504201680672232
2024-04-25,2415,2420,2350,2355,70259,-0.02079002079002079
2024-04-26,2375,2375,2295,2300,182657,-0.023354564755838636
2024-04-29,2310,2375,2310,2360,138937,0.026086956521739202
2024-04-30,2355,2415,2345,2360,239661,0.0
2024-05-02,2345,2470,2345,2470,592350,0.04661016949152552
2024-05-03,2455,2590,2390,2400,972239,-0.028340080971659964
2024-05-07,2405,2425,2400,2400,119280,0.0
2024-05-08,2380,2470,2380,2420,212534,0.008333333333333304
2024-05-09,2420,2455,2420,2435,110285,0.006198347107438051
2024-05-10,2440,2470,2405,2455,130322,0.008213552361396204
2024-05-13,2455,2500,2425,2440,153821,-0.006109979633401208
2024-05-14,2430,2485,2430,2445,102435,0.002049180327868827
2024-05-16,2460,2470,2425,2435,122663,-0.004089979550102263
2024-05-17,2430,2440,2415,2415,122820,-0.008213552361396315
2024-05-20,2415,2425,2385,2390,120934,-0.010351966873705987
2024-05-21,2390,2405,2370,2405,96764,0.006276150627614996
2024-05-22,2420,2480,2390,2390,431558,-0.006237006237006182
2024-05-23,2390,2415,2365,2400,103020,0.004184100418409997
2024-05-24,2375,2415,2375,2410,130322,0.004166666666666652
2024-05-27,2405,2450,2380,2405,145508,-0.0020746887966804906
2024-05-28,2400,2425,2390,2405,96780,0.0
2024-05-29,2395,2400,2360,2360,122480,-0.018711018711018657
2024-05-30,2360,2485,2335,2485,870461,0.052966101694915224
2024-05-31,2460,2460,2400,2400,308572,-0.03420523138832998
2024-06-03,2400,2530,2395,2505,772324,0.043749999999999956
2024-06-04,2495,2545,2480,2480,365948,-0.009980039920159722
2024-06-05,2500,2515,2435,2435,192507,-0.01814516129032262
2024-06-07,2430,2465,2420,2450,99310,0.006160164271047153
2024-06-10,2450,2565,2435,2550,1058521,0.04081632653061229
2024-06-11,2550,2560,2505,2540,361981,-0.0039215686274509665
2024-06-12,2550,2550,2490,2520,245903,-0.007874015748031482
2024-06-13,2510,2525,2475,2505,194157,-0.005952380952380931
2024-06-14,2510,2510,2450,2475,182060,-0.0119760479041916
2024-06-17,2475,2530,2420,2420,866626,-0.022222222222222254
2024-06-18,2415,2435,2365,2380,229170,-0.016528925619834656
2024-06-19,2360,2410,2360,2390,141072,0.004201680672268893
2024-06-20,2400,2445,2385,2435,134354,0.01882845188284521
2024-06-21,2420,2440,2390,2400,134887,-0.014373716632443578
2024-06-24,2410,2420,2350,2355,174400,-0.018750000000000044
2024-06-25,2355,2400,2350,2385,105844,0.01273885350318471
2024-06-26,2395,2450,2385,2400,212001,0.0062893081761006275
2024-06-27,2385,2475,2380,2390,206367,-0.004166666666666652
2024-06-28,2390,2400,2365,2375,86540,-0.006276150627615107
2024-07-01,2380,2395,2325,2395,135315,0.008421052631578885
2024-07-02,2405,2415,2325,2335,244396,-0.025052192066805867
