Date,Open,High,Low,Close,Volume,Change
2022-01-03,8600,8675,8450,8675,105248,0.017595307917888547
2022-01-04,8700,8700,8375,8450,212412,-0.025936599423631135
2022-01-05,8500,8500,8125,8175,252328,-0.03254437869822491
2022-01-06,8000,8349,7874,8150,129752,-0.003058103975535187
2022-01-07,8225,8250,7949,8075,242314,-0.009202453987730008
2022-01-10,8075,8125,7800,7875,97500,-0.024767801857585092
2022-01-11,7875,7900,7550,7650,122554,-0.02857142857142858
2022-01-12,7700,8250,7700,8200,315068,0.07189542483660127
2022-01-13,8200,8225,7875,8050,139172,-0.018292682926829285
2022-01-14,7850,8024,7750,7850,130642,-0.024844720496894457
2022-01-17,7900,7900,7350,7350,244904,-0.06369426751592355
2022-01-18,7325,7475,6950,7025,266124,-0.04421768707482998
2022-01-19,6825,7150,6750,6925,148004,-0.014234875444839812
2022-01-20,6725,7125,6725,7100,226158,0.025270758122743597
2022-01-21,6950,7150,6924,7050,59376,-0.007042253521126751
2022-01-24,6950,6950,6650,6850,157246,-0.028368794326241176
2022-01-25,6875,6900,6375,6400,317148,-0.06569343065693434
2022-01-26,6374,6500,6150,6150,185932,-0.0390625
2022-01-27,6224,6275,5750,5850,210860,-0.04878048780487809
2022-01-28,5800,6350,5800,6300,106970,0.07692307692307687
2022-02-03,6425,6750,6400,6625,105736,0.051587301587301626
2022-02-04,6650,6875,6525,6575,71924,-0.007547169811320753
2022-02-07,6574,6574,6250,6550,56042,-0.0038022813688213253
2022-02-08,6550,6625,6350,6425,51164,-0.01908396946564883
2022-02-09,6375,6675,6350,6625,40830,0.03112840466926059
2022-02-10,6675,6725,6475,6475,35694,-0.02264150943396226
2022-02-11,6400,6550,6325,6400,49732,-0.01158301158301156
2022-02-14,6174,6350,5874,5950,147970,-0.0703125
2022-02-15,5949,6075,5800,5875,65882,-0.012605042016806678
2022-02-16,6024,6250,6024,6250,43024,0.06382978723404253
2022-02-17,6250,6250,5900,6000,99484,-0.040000000000000036
2022-02-18,5850,6200,5850,6175,57796,0.029166666666666563
2022-02-21,6125,6300,6075,6200,24494,0.004048582995951344
2022-02-22,6150,6150,5950,6000,57944,-0.032258064516129004
2022-02-23,6000,6124,6000,6050,32824,0.008333333333333304
2022-02-24,6075,6075,5750,5850,73684,-0.03305785123966942
2022-02-25,5900,6200,5875,6200,81806,0.05982905982905984
2022-02-28,6200,6250,6100,6250,25776,0.008064516129032251
2022-03-02,6025,6400,6025,6325,36140,0.01200000000000001
2022-03-03,6350,6425,6300,6425,35422,0.015810276679841806
2022-03-04,6474,6474,6300,6350,28340,-0.011673151750972721
2022-03-07,6325,6325,6050,6075,42300,-0.04330708661417326
2022-03-08,5900,6125,5900,5975,21988,-0.016460905349794275
2022-03-10,6024,6200,6024,6050,21226,0.012552301255230214
2022-03-11,6100,6250,6050,6200,26262,0.024793388429751984
2022-03-14,6149,6225,5949,5975,51284,-0.03629032258064513
2022-03-15,5975,7250,5900,6500,938758,0.08786610878661083
2022-03-16,6550,6650,6325,6550,110514,0.007692307692307665
2022-03-17,6575,6600,6400,6475,111070,-0.011450381679389277
2022-03-18,6475,6875,6450,6775,130156,0.04633204633204624
2022-03-21,6775,6800,6400,6400,148260,-0.05535055350553508
2022-03-22,6500,6549,6325,6475,84004,0.01171875
2022-03-23,6475,6625,6400,6475,66836,0.0
2022-03-24,6450,6450,6275,6375,71376,-0.015444015444015413
2022-03-25,6375,6475,6325,6425,52494,0.007843137254901933
2022-03-28,6425,6425,6275,6300,65782,-0.01945525291828798
2022-03-29,6350,6525,6300,6525,52430,0.03571428571428581
2022-03-30,6600,6625,6475,6525,45670,0.0
2022-03-31,6525,6650,6525,6550,37106,0.003831417624521105
2022-04-01,6450,6525,6350,6350,82586,-0.03053435114503822
2022-04-04,6375,6425,6275,6325,63918,-0.003937007874015741
2022-04-05,6350,6475,6350,6450,59296,0.01976284584980248
2022-04-06,6400,6825,6400,6675,170948,0.03488372093023262
2022-04-07,6650,6700,6550,6600,53850,-0.011235955056179803
2022-04-08,6725,6725,6400,6475,56324,-0.018939393939393923
2022-04-11,6500,6500,6200,6200,77118,-0.0424710424710425
2022-04-12,6100,6150,5925,6100,88794,-0.016129032258064502
2022-04-13,6025,6200,6025,6200,33340,0.016393442622950838
2022-04-14,6225,6225,6050,6150,33670,-0.008064516129032251
2022-04-15,6300,6300,6000,6125,29276,-0.004065040650406471
2022-04-18,6050,6250,6025,6175,31340,0.008163265306122547
2022-04-19,6125,6200,6100,6150,22638,-0.004048582995951455
2022-04-20,6225,6225,6125,6200,14272,0.008130081300812941
2022-04-21,6225,6250,6125,6150,29624,-0.008064516129032251
2022-04-22,6075,6125,6000,6075,31970,-0.012195121951219523
2022-04-25,5975,5975,5900,5925,32704,-0.024691358024691357
2022-04-26,5925,6000,5900,5950,17906,0.00421940928270037
2022-04-27,5825,5900,5800,5900,44992,-0.008403361344537785
2022-04-28,5900,5949,5749,5875,30878,-0.004237288135593209
2022-04-29,5900,5925,5800,5925,28030,0.008510638297872353
2022-05-02,5775,5925,5775,5925,30372,0.0
2022-05-03,5925,6000,5875,6000,27166,0.012658227848101333
2022-05-04,5950,6025,5875,5900,36852,-0.01666666666666672
2022-05-06,5849,5849,5725,5825,41446,-0.012711864406779627
2022-05-09,5750,5750,5225,5350,221346,-0.08154506437768239
2022-05-10,5175,5350,5050,5325,73620,-0.004672897196261627
2022-05-11,5325,5400,5225,5225,35404,-0.018779342723004744
2022-05-12,5275,5275,4950,5000,107666,-0.0430622009569378
2022-05-13,5025,5150,5000,5050,84154,0.010000000000000009
2022-05-16,5075,5225,4975,4995,59098,-0.0108910891089109
2022-05-17,4995,5150,4975,5100,50342,0.021021021021021102
2022-05-18,5150,5175,5025,5075,31686,-0.004901960784313708
2022-05-19,4940,5000,4905,4965,68434,-0.021674876847290636
2022-05-20,4975,5050,4975,5000,20048,0.007049345417925457
2022-05-23,5025,5175,4980,5150,48942,0.030000000000000027
2022-05-24,5125,5150,5000,5000,62250,-0.029126213592232997
2022-05-25,5025,5100,4995,5075,27160,0.014999999999999902
2022-05-26,5125,5150,5025,5050,19872,-0.0049261083743842304
2022-05-27,5050,5175,5050,5075,44486,0.004950495049504955
2022-05-30,5075,5175,5000,5175,30290,0.019704433497536922
2022-05-31,5200,5425,5150,5350,85262,0.033816425120772875
2022-06-02,5350,5425,5250,5375,35742,0.004672897196261738
2022-06-03,5350,5425,5300,5350,13570,-0.0046511627906976605
2022-06-07,5275,5300,5075,5125,23108,-0.04205607476635509
2022-06-08,5125,5200,5025,5025,64826,-0.019512195121951237
2022-06-09,5050,5050,4980,5050,39552,0.004975124378109541
2022-06-10,5025,5125,4965,4970,49996,-0.015841584158415856
2022-06-13,4905,4925,4545,4595,112392,-0.07545271629778671
2022-06-14,4255,4550,4255,4490,100250,-0.02285092491838958
2022-06-15,4450,4495,4255,4290,77308,-0.04454342984409798
2022-06-16,4295,4450,4225,4285,39000,-0.0011655011655011815
2022-06-17,4135,4345,4075,4280,48632,-0.001166861143523934
2022-06-20,4460,5550,4460,5550,947286,0.2967289719626167
2022-06-21,6675,7200,5725,6900,12679460,0.2432432432432432
2022-06-22,6625,6625,5900,5900,1816088,-0.14492753623188404
2022-06-23,5900,7649,5800,6225,16370600,0.05508474576271194
2022-06-24,6050,7324,5924,6850,9302902,0.10040160642570273
2022-06-27,7100,8475,7075,7925,8576580,0.15693430656934315
2022-06-28,7800,8050,7550,7850,1563538,-0.009463722397476393
2022-06-29,7775,9225,7750,8225,6420770,0.047770700636942776
2022-06-30,8375,8400,7575,7600,1325248,-0.07598784194528874
2022-07-01,7525,7574,6925,7150,1379500,-0.05921052631578949
2022-07-04,7075,7150,6800,6800,839010,-0.04895104895104896
2022-07-05,6800,6975,6750,6825,736326,0.003676470588235281
2022-07-06,6774,7074,6425,6550,1468066,-0.04029304029304026
2022-07-07,6675,6900,6625,6800,727484,0.03816793893129766
2022-07-08,6875,6875,6425,6600,704178,-0.02941176470588236
2022-07-11,6649,6950,6600,6925,1016360,0.04924242424242431
2022-07-12,6825,7775,6800,7375,4848754,0.06498194945848379
2022-07-13,7349,7375,6925,7075,801888,-0.04067796610169494
2022-07-14,7050,7050,5949,5975,1758646,-0.15547703180212014
2022-07-15,5975,6100,5800,5925,489634,-0.008368200836820106
2022-07-18,5949,5975,5675,5875,590240,-0.008438818565400852
2022-07-19,5925,6000,5750,5925,332578,0.008510638297872353
2022-07-20,6000,6049,5825,5825,366208,-0.016877637130801704
2022-07-21,5800,5925,5575,5625,407020,-0.03433476394849788
2022-07-22,5650,5775,5525,5550,328596,-0.013333333333333308
2022-07-25,5550,5675,5375,5500,230508,-0.009009009009009028
2022-07-26,5400,5550,5350,5350,253540,-0.027272727272727226
2022-07-27,5375,5650,5325,5575,310812,0.0420560747663552
2022-07-28,5650,5700,5325,5375,361678,-0.0358744394618834
2022-07-29,5450,6775,5350,5800,7066400,0.07906976744186056
2022-08-01,5675,6075,5600,5625,2310262,-0.030172413793103425
2022-08-02,5650,5675,5350,5375,552538,-0.0444444444444444
2022-08-03,5275,5375,5250,5300,297716,-0.013953488372092981
2022-08-04,5300,5525,5300,5450,267570,0.028301886792452935
2022-08-05,5450,5650,5400,5600,360114,0.02752293577981657
2022-08-08,5600,5700,5500,5600,198552,0.0
2022-08-09,5625,5625,5400,5450,247872,-0.0267857142857143
2022-08-10,5425,5425,5225,5325,278028,-0.022935779816513735
2022-08-11,5350,5450,5275,5325,96686,0.0
2022-08-12,5300,5400,5275,5375,95872,0.009389671361502261
2022-08-16,5325,5400,5225,5250,189952,-0.023255813953488413
2022-08-17,5225,5225,5075,5125,197610,-0.023809523809523836
2022-08-18,5125,5125,5000,5050,169190,-0.014634146341463428
2022-08-19,5075,5675,5000,5125,826036,0.014851485148514865
2022-08-22,5100,5150,4930,4935,138012,-0.03707317073170735
2022-08-23,4915,5025,4795,4820,161474,-0.023302938196555267
2022-08-24,4825,4925,4745,4885,77242,0.013485477178423189
2022-08-25,4900,5050,4895,5025,88390,0.028659160696008268
2022-08-26,5000,5200,4975,5000,88970,-0.00497512437810943
2022-08-29,4775,4900,4755,4845,64616,-0.031000000000000028
2022-08-30,4895,4970,4790,4850,88230,0.0010319917440659854
2022-08-31,4805,5025,4800,4995,79412,0.02989690721649474
2022-09-01,4935,4995,4865,4900,57198,-0.019019019019019034
2022-09-02,4920,4985,4815,4900,88040,0.0
2022-09-05,4855,4915,4730,4775,65510,-0.025510204081632626
2022-09-06,4785,4890,4785,4810,32648,0.00732984293193728
2022-09-07,4810,4810,4680,4700,73708,-0.022869022869022815
2022-09-08,4700,4825,4695,4705,44994,0.0010638297872340718
2022-09-13,4740,4825,4715,4805,47970,0.02125398512221044
2022-09-14,4725,4790,4660,4775,38510,-0.00624349635796051
2022-09-15,4815,4815,4650,4650,77260,-0.02617801047120416
2022-09-16,4595,4650,4375,4465,94080,-0.03978494623655915
2022-09-19,4420,4440,4320,4375,71140,-0.02015677491601342
2022-09-20,4400,4490,4275,4315,52082,-0.013714285714285679
2022-09-21,4315,4415,4255,4390,37420,0.017381228273464666
2022-09-22,4205,4355,4200,4335,72306,-0.01252847380410027
2022-09-23,4300,4300,4100,4135,79162,-0.046136101499423265
2022-09-26,4110,4110,3810,3870,157112,-0.06408706166868194
2022-09-27,3870,3940,3655,3765,139202,-0.027131782945736482
2022-09-28,3785,3890,3655,3810,45724,0.01195219123505975
2022-09-29,3840,4125,3840,3840,88322,0.007874015748031482
2022-09-30,3905,4105,3835,4000,98930,0.04166666666666674
2022-10-04,4005,4070,3950,4070,41226,0.01750000000000007
2022-10-05,4070,4200,3820,3940,89708,-0.03194103194103193
2022-10-06,3950,4250,3850,4160,108220,0.055837563451776706
2022-10-07,4185,4240,4100,4185,36996,0.006009615384615419
2022-10-11,4220,4220,3885,3950,59454,-0.056152927120669105
2022-10-12,3940,3970,3710,3880,37614,-0.017721518987341756
2022-10-13,3910,4050,3675,3760,98112,-0.030927835051546393
2022-10-14,3820,3985,3800,3960,68564,0.05319148936170204
2022-10-17,3930,3995,3850,3990,30958,0.007575757575757569
2022-10-18,4005,4120,3990,4095,38174,0.026315789473684292
2022-10-19,4065,4135,4015,4040,29492,-0.013431013431013383
2022-10-20,4060,4060,3885,3955,55600,-0.02103960396039606
2022-10-21,3945,3945,3860,3870,24350,-0.02149178255372941
2022-10-24,3895,4015,3850,3885,39504,0.003875968992248069
2022-10-25,3850,3970,3850,3900,24554,0.0038610038610038533
2022-10-26,3865,3990,3810,3825,34736,-0.019230769230769273
2022-10-27,3875,3950,3825,3845,37082,0.005228758169934622
2022-10-28,3870,3870,3750,3815,43540,-0.007802340702210642
2022-10-31,3850,3950,3795,3865,29846,0.013106159895150737
2022-11-01,3885,3890,3805,3890,19374,0.0064683053040104355
2022-11-02,4055,5050,4050,4410,4801302,0.13367609254498714
2022-11-03,4340,4380,4170,4225,321504,-0.04195011337868482
2022-11-04,4175,4205,3995,4000,275428,-0.053254437869822535
2022-11-07,3960,4110,3960,4015,130338,0.00374999999999992
2022-11-08,4005,4120,4005,4100,120812,0.021170610211706187
2022-11-09,4105,4180,4070,4100,112900,0.0
2022-11-10,4090,4090,3985,4065,73812,-0.008536585365853666
2022-11-11,4135,4165,4080,4140,94586,0.01845018450184499
2022-11-14,4150,4200,4100,4175,79884,0.008454106280193274
2022-11-15,4175,4310,4175,4290,104316,0.02754491017964078
2022-11-16,4290,4325,4230,4240,56542,-0.011655011655011704
2022-11-17,4240,4265,4125,4160,61760,-0.018867924528301883
2022-11-18,4160,4220,4115,4135,42302,-0.006009615384615419
2022-11-21,4135,4150,4005,4025,73004,-0.026602176541717037
2022-11-22,4145,4145,3975,3975,43040,-0.012422360248447228
2022-11-23,4030,4030,3900,4000,35310,0.0062893081761006275
2022-11-24,4005,4080,4000,4065,39628,0.016250000000000098
2022-11-25,4065,4085,4005,4040,32676,-0.006150061500615034
2022-11-28,4040,4050,3900,3905,61620,-0.033415841584158446
2022-11-29,3895,3955,3895,3910,20840,0.001280409731113874
2022-11-30,3945,3955,3915,3950,16054,0.010230179028132946
2022-12-01,3990,4015,3965,3995,20442,0.0113924050632912
2022-12-02,3995,4065,3975,4030,29778,0.008760951188986343
2022-12-05,4030,4120,4015,4070,32246,0.00992555831265518
2022-12-06,4110,4110,3990,4010,23814,-0.014742014742014753
2022-12-07,3965,4030,3950,4025,34662,0.0037406483790523026
2022-12-08,4065,4065,3915,3960,36814,-0.016149068322981353
2022-12-09,4005,4220,3925,4120,155262,0.04040404040404044
2022-12-12,4095,4095,3970,4020,57856,-0.024271844660194164
2022-12-13,3985,4070,3980,3990,42734,-0.007462686567164201
2022-12-14,4040,4105,4000,4080,37760,0.022556390977443552
2022-12-15,4110,4140,4085,4085,29080,0.001225490196078427
2022-12-16,4050,4925,4035,4320,4049198,0.057527539779681724
2022-12-19,4320,4345,4200,4240,205108,-0.01851851851851849
2022-12-20,4240,5475,4240,4810,6903892,0.13443396226415105
2022-12-21,5200,5325,4730,4740,1651080,-0.014553014553014498
2022-12-22,4675,4830,4605,4610,434200,-0.02742616033755274
2022-12-23,4625,4625,4365,4365,411822,-0.053145336225596584
2022-12-26,4455,4890,4315,4315,1487702,-0.01145475372279492
2022-12-27,4410,4500,4320,4405,294896,0.02085747392815751
2022-12-28,4420,4670,4355,4650,522062,0.055618615209988675
2022-12-29,4645,4775,4375,4375,331624,-0.05913978494623651
2023-01-02,4445,4475,4125,4140,249102,-0.053714285714285714
2023-01-03,4280,4280,4030,4120,158556,-0.004830917874396157
2023-01-04,4120,4235,4080,4180,96096,0.014563106796116498
2023-01-05,4200,4275,4100,4150,124942,-0.0071770334928229484
2023-01-06,4150,4315,4110,4270,154762,0.028915662650602414
2023-01-09,4270,4390,4265,4345,119992,0.017564402810304358
2023-01-10,4415,4460,4265,4310,164878,-0.008055235903337121
2023-01-11,4315,4430,4275,4350,104654,0.009280742459396807
2023-01-12,4355,4435,4310,4410,81440,0.01379310344827589
2023-01-13,4435,4440,4275,4310,102276,-0.0226757369614512
2023-01-16,4315,4335,4250,4335,76180,0.0058004640371229765
2023-01-17,4325,4350,4225,4225,57324,-0.025374855824682796
2023-01-18,4270,4290,4215,4240,66430,0.0035502958579882726
2023-01-19,4215,4585,4205,4395,250156,0.03655660377358494
2023-01-20,4360,4435,4350,4385,60406,-0.0022753128555176305
2023-01-25,4480,4480,4350,4355,81234,-0.0068415051311288
2023-01-26,4325,4420,4305,4340,87214,-0.003444316877152742
2023-01-27,4370,4370,4295,4360,73800,0.004608294930875667
2023-01-30,4360,4445,4320,4320,64674,-0.00917431192660545
2023-01-31,4320,4395,4315,4325,50480,0.0011574074074074403
2023-02-01,4395,4460,4330,4450,100906,0.028901734104046284
2023-02-02,4500,4560,4435,4525,125338,0.016853932584269593
2023-02-03,4470,4545,4455,4500,69658,-0.0055248618784530246
2023-02-06,4495,4515,4420,4475,47566,-0.005555555555555536
2023-02-07,4475,4545,4420,4525,82886,0.011173184357541999
2023-02-08,4535,4550,4485,4525,55966,0.0
2023-02-09,4475,4510,4370,4380,122498,-0.03204419889502763
2023-02-10,4390,4395,4250,4350,116586,-0.006849315068493178
2023-02-13,4395,4950,4350,4750,981818,0.09195402298850586
2023-02-14,4825,5075,4750,4935,591146,0.03894736842105262
2023-02-15,4975,5150,4500,4650,1128232,-0.05775075987841949
2023-02-16,4655,4745,4595,4700,227956,0.010752688172043001
2023-02-17,4630,4685,4525,4645,129232,-0.011702127659574457
2023-02-20,4645,5000,4600,4890,360014,0.05274488697524227
2023-02-21,4890,4990,4725,4775,148146,-0.023517382413087984
2023-02-22,4700,4870,4700,4815,127562,0.008376963350785305
2023-02-23,4770,4885,4600,4655,104554,-0.03322949117341645
2023-02-24,4615,4740,4615,4685,98352,0.0064446831364124435
2023-02-27,4755,4890,4695,4710,213800,0.005336179295624355
2023-02-28,5090,5330,4585,4660,336700,-0.010615711252653925
2023-03-02,4670,4780,4495,4500,103386,-0.03433476394849788
2023-03-03,4430,4540,4430,4495,54222,-0.0011111111111110628
2023-03-06,4500,4500,4350,4350,83610,-0.032258064516129004
2023-03-07,4360,4690,4360,4490,57798,0.03218390804597693
2023-03-08,4490,4640,4320,4450,80796,-0.008908685968819552
2023-03-09,4495,4500,4260,4450,29281,0.0
2023-03-10,4400,4440,4360,4425,22487,-0.005617977528089901
2023-03-13,4325,4400,4300,4350,44959,-0.016949152542372836
2023-03-14,4295,4540,4175,4210,101894,-0.03218390804597704
2023-03-15,4215,4710,4215,4510,260632,0.07125890736342044
2023-03-16,4550,4615,4350,4445,36270,-0.014412416851441234
2023-03-17,4470,4595,4400,4535,44443,0.020247469066366763
2023-03-20,4535,4605,4400,4480,41641,-0.012127894156560126
2023-03-21,4490,4755,4450,4650,59244,0.0379464285714286
2023-03-22,4700,4700,4530,4530,21449,-0.02580645161290318
2023-03-23,4320,4520,4295,4500,73314,-0.0066225165562914245
2023-03-24,4440,4600,4430,4540,29633,0.008888888888888946
2023-03-27,4325,4385,4005,4075,312949,-0.10242290748898675
2023-03-28,4075,4125,3950,4000,126200,-0.018404907975460127
2023-03-29,4065,4130,3940,3970,93639,-0.007499999999999951
2023-03-30,3975,4120,3850,4005,92634,0.00881612090680095
2023-03-31,3985,4045,3890,3925,66888,-0.019975031210986316
2023-04-03,3960,3960,3790,3910,91770,-0.003821656050955413
2023-04-04,3915,4075,3815,4075,95951,0.0421994884910486
2023-04-05,4075,4390,4020,4280,211315,0.0503067484662576
2023-04-06,4305,4360,4080,4125,90210,-0.03621495327102808
2023-04-07,4130,4215,4035,4070,73142,-0.013333333333333308
2023-04-10,3990,4070,3900,3915,129407,-0.03808353808353804
2023-04-11,3905,4070,3845,4060,84927,0.03703703703703698
2023-04-12,4060,4200,3990,4105,77595,0.011083743842364546
2023-04-13,4220,4220,3970,4120,64707,0.0036540803897686658
2023-04-14,4100,4420,4080,4335,264176,0.05218446601941751
2023-04-17,4300,4335,4150,4155,109793,-0.04152249134948094
2023-04-18,4080,4200,4000,4135,61091,-0.004813477737665495
2023-04-19,4155,4200,4025,4065,85938,-0.016928657799274438
2023-04-20,4025,4040,3910,3925,105941,-0.03444034440344401
2023-04-21,3910,3955,3820,3830,86705,-0.02420382165605095
2023-04-24,3830,3870,3730,3770,101390,-0.015665796344647487
2023-04-25,3770,3800,3695,3745,52101,-0.006631299734747964
2023-04-26,3675,3815,3665,3715,23315,-0.008010680907877155
2023-04-27,3730,3750,3580,3700,58640,-0.004037685060565233
2023-04-28,3700,3780,3600,3700,57185,0.0
2023-05-02,3700,3720,3630,3690,38213,-0.002702702702702675
2023-05-03,3685,3690,3515,3525,151654,-0.04471544715447151
2023-05-04,3545,3735,3545,3610,74018,0.02411347517730489
2023-05-08,3650,3715,3505,3520,79388,-0.024930747922437657
2023-05-09,3535,3590,3505,3535,29653,0.0042613636363635354
2023-05-10,3585,3585,3450,3470,42772,-0.018387553041018356
2023-05-11,3500,3575,3480,3505,24142,0.01008645533141217
2023-05-12,3495,3575,3460,3465,30126,-0.011412268188302432
2023-05-15,3450,3475,3295,3325,89942,-0.04040404040404044
2023-05-16,3320,3470,3320,3370,52893,0.013533834586466176
2023-05-17,3365,3435,3310,3375,20321,0.0014836795252226587
2023-05-18,3375,3460,3365,3425,18166,0.014814814814814836
2023-05-19,3430,3465,3370,3435,44355,0.0029197080291971655
2023-05-22,3430,3480,3355,3430,26368,-0.0014556040756914523
2023-05-23,3435,3540,3420,3525,31447,0.0276967930029155
2023-05-24,3495,3675,3470,3560,43084,0.0099290780141843
2023-05-25,3570,3570,3485,3485,23389,-0.021067415730337102
2023-05-26,3485,3545,3375,3375,43696,-0.031563845050215256
2023-05-30,3430,3450,3330,3355,22723,-0.00592592592592589
2023-05-31,3375,3450,3330,3360,12385,0.0014903129657228842
2023-06-01,3340,3450,3330,3355,14081,-0.0014880952380952328
2023-06-02,3355,3500,3330,3410,25826,0.016393442622950838
2023-06-05,3385,3470,3350,3435,16980,0.007331378299120228
2023-06-07,3400,3465,3340,3350,35938,-0.024745269286754024
2023-06-08,3345,3410,3305,3305,33321,-0.013432835820895495
2023-06-09,3450,4295,3400,4295,922211,0.2995461422087746
2023-06-12,4990,5050,3985,3985,4015129,-0.0721769499417928
2023-06-13,3980,5180,3935,4690,15352045,0.17691342534504395
2023-06-14,5280,5840,4870,4900,8047274,0.04477611940298498
2023-06-15,4800,6080,4730,5340,11849766,0.0897959183673469
2023-06-16,5160,5380,5030,5250,1263728,-0.016853932584269704
2023-06-19,5160,5320,4980,5050,663916,-0.03809523809523807
2023-06-20,4930,4990,4770,4985,587566,-0.012871287128712883
2023-06-21,4915,5020,4705,4795,437223,-0.03811434302908723
2023-06-22,4795,4850,4580,4790,356107,-0.0010427528675703845
2023-06-23,4735,4755,4500,4535,299732,-0.05323590814196244
2023-06-26,4495,4670,4450,4560,238488,0.005512679162072764
2023-06-27,4620,4620,4410,4420,202738,-0.030701754385964897
2023-06-28,4455,4570,4410,4550,153488,0.02941176470588225
2023-06-29,4480,4495,4205,4220,345925,-0.07252747252747249
2023-06-30,4195,4250,4060,4110,200758,-0.026066350710900466
2023-07-03,4140,4550,4080,4105,986202,-0.0012165450121655041
2023-07-04,4105,4160,4000,4020,135574,-0.020706455542021884
2023-07-05,4020,4185,4005,4170,185450,0.03731343283582089
2023-07-06,4130,4145,3940,3975,157305,-0.046762589928057596
2023-07-07,3900,3975,3750,3800,143706,-0.04402515723270439
2023-07-10,3775,3935,3760,3835,86594,0.009210526315789558
2023-07-11,3855,3910,3730,3730,90580,-0.027379400260756248
2023-07-12,3820,3820,3650,3710,108585,-0.00536193029490617
2023-07-13,3700,3920,3700,3825,113360,0.030997304582210283
2023-07-14,3835,3850,3720,3760,51102,-0.016993464052287632
2023-07-17,3760,3765,3570,3600,99176,-0.04255319148936165
2023-07-18,3565,3915,3520,3595,428630,-0.001388888888888884
2023-07-19,3595,3695,3525,3575,82413,-0.0055632823365785455
2023-07-20,3575,3605,3500,3500,76937,-0.020979020979020935
2023-07-21,3485,3825,3480,3655,139385,0.04428571428571426
2023-07-24,3710,3750,3595,3665,128778,0.002735978112175186
2023-07-25,3600,4350,3540,3920,2023682,0.06957708049113243
2023-07-26,3840,3840,3505,3595,345114,-0.08290816326530615
2023-07-27,3515,3760,3515,3615,160040,0.0055632823365785455
2023-07-28,3610,3725,3540,3665,72000,0.013831258644536604
2023-07-31,3650,3840,3650,3740,93737,0.02046384720327432
2023-08-01,3715,3850,3710,3820,88012,0.021390374331550888
2023-08-02,3820,3870,3610,3625,112934,-0.05104712041884818
2023-08-03,3600,4220,3525,3950,623120,0.08965517241379306
2023-08-04,4040,4440,3960,4040,1311882,0.022784810126582178
2023-08-07,4040,4130,3805,4040,207154,0.0
2023-08-08,3995,3995,3780,3820,151557,-0.054455445544554504
2023-08-09,4150,4915,4020,4235,3509421,0.1086387434554974
2023-08-10,4180,4420,4085,4280,665902,0.010625737898465104
2023-08-11,4200,4300,4105,4185,237522,-0.02219626168224298
2023-08-14,4135,4250,4065,4070,203959,-0.027479091995221028
2023-08-16,4010,4145,3950,4025,136911,-0.011056511056511065
2023-08-17,4100,4350,3820,3860,485711,-0.04099378881987581
2023-08-18,3840,3840,3640,3685,120458,-0.04533678756476689
2023-08-21,3675,3950,3675,3770,111657,0.023066485753052923
2023-08-22,3840,3850,3660,3760,62481,-0.0026525198938992522
2023-08-23,3760,3830,3610,3640,121356,-0.03191489361702127
2023-08-24,3700,3815,3615,3790,73021,0.041208791208791284
2023-08-25,3680,3970,3680,3850,91440,0.0158311345646438
2023-08-28,3855,3960,3825,3850,53081,0.0
2023-08-29,3900,3995,3840,3990,63110,0.036363636363636376
2023-08-30,4000,4070,3910,4000,58980,0.0025062656641603454
2023-08-31,3985,4075,3935,3940,35742,-0.015000000000000013
2023-09-01,3920,4010,3810,3850,71259,-0.022842639593908642
2023-09-04,3805,3850,3680,3720,67003,-0.03376623376623378
2023-09-05,3720,3790,3690,3760,41167,0.010752688172043001
2023-09-06,3830,4500,3740,4090,1647541,0.0877659574468086
2023-09-07,4185,4205,3930,4000,170755,-0.022004889975550168
2023-09-08,4010,4470,4010,4205,730060,0.05125000000000002
2023-09-11,4350,4875,4205,4515,1597823,0.07372175980975038
2023-09-12,4750,4850,4225,4290,1021731,-0.04983388704318936
2023-09-13,4215,4530,4105,4215,325993,-0.0174825174825175
2023-09-14,4165,4425,4135,4260,153326,0.01067615658362997
2023-09-15,4195,4305,4130,4135,86532,-0.02934272300469487
2023-09-18,4135,4215,4050,4175,58909,0.0096735187424426
2023-09-19,4175,4280,3925,3940,156612,-0.05628742514970064
2023-09-20,3935,3980,3740,3860,131875,-0.02030456852791873
2023-09-21,3805,3845,3670,3670,90539,-0.04922279792746109
2023-09-22,3665,3785,3565,3715,42576,0.012261580381471404
2023-09-25,3690,3740,3625,3625,49992,-0.024226110363391617
2023-09-26,3625,3765,3495,3525,71735,-0.02758620689655178
2023-09-27,3385,3650,3350,3635,58599,0.031205673758865293
2023-10-04,3635,3635,3460,3460,75845,-0.04814305364511695
2023-10-05,3475,3625,3450,3530,44901,0.020231213872832443
2023-10-06,3485,3750,3485,3680,67042,0.04249291784702547
2023-10-10,3640,3785,3535,3550,47134,-0.03532608695652173
2023-10-11,3535,3730,3535,3605,27075,0.015492957746478853
2023-10-12,3715,3740,3465,3590,38039,-0.004160887656033285
2023-10-13,3590,3710,3535,3570,18211,-0.005571030640668551
2023-10-16,3475,4570,3415,3520,1133521,-0.014005602240896309
2023-10-17,3530,4135,3530,3780,800765,0.07386363636363646
2023-10-18,3865,4465,3690,3940,920788,0.042328042328042326
2023-10-19,3810,3930,3685,3720,157039,-0.055837563451776595
2023-10-20,3720,3930,3470,3620,161390,-0.026881720430107503
2023-10-23,3620,3725,3485,3505,62030,-0.03176795580110492
2023-10-24,3505,3645,3420,3615,71455,0.031383737517831634
2023-10-25,3650,3790,3555,3775,97787,0.044260027662517354
2023-10-26,3590,3745,3550,3595,46908,-0.04768211920529797
2023-10-27,3595,3705,3500,3500,52452,-0.026425591098748313
2023-10-30,3500,3640,3465,3525,26609,0.0071428571428571175
2023-10-31,3550,3555,3355,3400,96575,-0.03546099290780147
2023-11-01,3495,3495,3355,3410,43671,0.002941176470588225
2023-11-02,3410,3595,3400,3530,60508,0.035190615835777095
2023-11-03,3600,3600,3495,3585,29007,0.015580736543909346
2023-11-06,3630,3670,3460,3595,91574,0.002789400278939924
2023-11-07,3570,3585,3470,3485,50780,-0.030598052851182223
2023-11-08,3485,3625,3485,3555,41044,0.020086083213773254
2023-11-09,3535,3780,3520,3555,29977,0.0
2023-11-10,3555,3615,3470,3475,43301,-0.02250351617440227
2023-11-13,3480,3560,3415,3415,44900,-0.01726618705035976
2023-11-14,3370,3555,3370,3445,13555,0.008784773060029227
2023-11-15,3565,3565,3455,3515,31488,0.020319303338171224
2023-11-16,3535,3590,3465,3530,29719,0.004267425320056972
2023-11-17,3585,3585,3425,3440,34130,-0.025495750708215303
2023-11-20,3435,3715,3410,3630,143733,0.05523255813953498
2023-11-21,3595,3675,3555,3660,42468,0.008264462809917328
2023-11-22,3660,3660,3550,3575,30034,-0.023224043715846965
2023-11-23,3575,3640,3510,3570,19076,-0.0013986013986013734
2023-11-24,3570,3570,3515,3540,18727,-0.008403361344537785
2023-11-27,3520,3560,3465,3510,33718,-0.008474576271186418
2023-11-28,3540,3545,3420,3465,60245,-0.012820512820512775
2023-11-29,3465,3515,3430,3465,32677,0.0
2023-11-30,3490,3495,3450,3480,18066,0.0043290043290042934
2023-12-01,3480,3535,3440,3515,23232,0.010057471264367734
2023-12-04,3480,3590,3450,3490,25820,-0.007112375533428139
2023-12-05,3450,3525,3420,3480,24105,-0.002865329512893977
2023-12-06,3455,3580,3455,3505,30900,0.007183908045977017
2023-12-07,3495,3625,3470,3560,77557,0.015691868758915817
2023-12-08,3520,3620,3520,3575,18022,0.004213483146067398
2023-12-11,3575,3605,3545,3570,54445,-0.0013986013986013734
2023-12-12,3520,3600,3485,3580,60043,0.0028011204481792618
2023-12-13,3555,3555,3450,3450,56028,-0.03631284916201116
2023-12-14,3470,3545,3445,3530,56301,0.023188405797101463
2023-12-15,3545,3550,3495,3530,31203,0.0
2023-12-18,3545,3560,3500,3525,22668,-0.0014164305949008194
2023-12-19,3525,3555,3510,3515,23231,-0.0028368794326241176
2023-12-20,3500,3590,3500,3575,31208,0.017069701280227667
2023-12-21,3545,3785,3530,3665,108874,0.025174825174825166
2023-12-22,3670,3685,3585,3620,29982,-0.012278308321964526
2023-12-26,3585,3670,3560,3565,45137,-0.015193370165745845
2023-12-27,3565,3635,3565,3595,28228,0.008415147265077083
2023-12-28,3630,3630,3515,3605,67863,0.0027816411682892728
2024-01-02,3605,3685,3535,3635,68208,0.00832177531206657
2024-01-03,3565,3735,3565,3685,71006,0.01375515818431916
2024-01-04,3600,3890,3580,3635,115684,-0.013568521031207648
2024-01-05,3660,3695,3585,3685,32644,0.01375515818431916
2024-01-08,3685,3710,3560,3570,63881,-0.031207598371777445
2024-01-09,3610,3625,3545,3590,41435,0.0056022408963585235
2024-01-10,3555,3585,3495,3510,48885,-0.02228412256267409
2024-01-11,3580,3690,3515,3620,82270,0.031339031339031376
2024-01-12,3580,3610,3510,3520,30714,-0.027624309392265234
2024-01-15,3520,3550,3405,3480,52815,-0.011363636363636354
2024-01-16,3480,3505,3380,3410,45152,-0.02011494252873558
2024-01-17,3400,3470,3150,3200,127450,-0.061583577712609916
2024-01-18,3230,3360,3170,3265,54011,0.020312499999999956
2024-01-19,3230,3320,3220,3265,38146,0.0
2024-01-22,3265,3270,3135,3205,54803,-0.018376722817764146
2024-01-23,3130,3260,3085,3220,34687,0.004680187207488196
2024-01-24,3220,3220,3075,3090,57045,-0.04037267080745344
2024-01-25,3160,3160,2950,2980,97454,-0.035598705501618144
2024-01-26,3005,3020,2950,2975,44321,-0.001677852348993314
2024-01-29,2975,3120,2955,2975,32056,0.0
2024-01-30,2975,3055,2975,3045,24360,0.0235294117647058
2024-01-31,3045,3045,2975,2990,21080,-0.01806239737274218
2024-02-01,3000,3180,2960,3015,30129,0.008361204013378032
2024-02-02,3015,3055,3010,3050,26770,0.011608623548922115
2024-02-05,3150,3965,3150,3965,975980,0.30000000000000004
2024-02-06,4000,4190,3470,3505,2677781,-0.11601513240857508
2024-02-07,3615,3720,3350,3385,749755,-0.0342368045649073
2024-02-08,3285,3335,3185,3310,277388,-0.02215657311669128
2024-02-13,3250,3275,3190,3210,174258,-0.030211480362537735
2024-02-14,3190,3210,3115,3185,69703,-0.007788161993769416
2024-02-15,3170,3245,3160,3215,79950,0.009419152276295195
2024-02-16,3215,3360,3215,3350,149204,0.04199066874028001
2024-02-19,3345,3380,3190,3290,211935,-0.017910447761193993
2024-02-20,3245,3320,3185,3280,93870,-0.003039513677811523
2024-02-21,3280,3365,3200,3255,61392,-0.007621951219512146
2024-02-22,3255,3290,3215,3220,43896,-0.010752688172043001
2024-02-23,3220,3300,3200,3215,48546,-0.0015527950310558758
2024-02-26,3290,3290,3100,3210,57870,-0.0015552099533436836
2024-02-27,3120,3245,3120,3210,54905,0.0
2024-02-28,3210,3250,3145,3165,30254,-0.014018691588784993
2024-02-29,3165,3195,3070,3100,97028,-0.020537124802527673
2024-03-04,3105,3200,3020,3105,51183,0.001612903225806539
2024-03-05,3105,3230,3080,3100,69095,-0.0016103059581320522
2024-03-06,3100,3195,3035,3095,61560,-0.001612903225806428
2024-03-07,3075,3135,3035,3085,19143,-0.003231017770597755
2024-03-08,3085,3220,3070,3200,62583,0.037277147487844386
2024-03-11,3190,3295,3190,3225,53881,0.0078125
2024-03-12,3205,3265,3205,3265,63527,0.01240310077519391
2024-03-13,3370,3375,3170,3250,88895,-0.004594180704441064
2024-03-14,3250,3290,3165,3250,39948,0.0
2024-03-15,3220,3230,3160,3170,33964,-0.024615384615384595
2024-03-18,3140,3225,3140,3200,12271,0.009463722397476282
2024-03-19,3260,3260,3115,3150,63613,-0.015625
2024-03-20,3155,3220,3140,3150,52008,0.0
2024-03-21,3210,3960,3180,3430,1993936,0.0888888888888888
2024-03-22,3400,3410,3285,3300,265318,-0.03790087463556846
2024-03-25,3280,3660,3270,3510,654055,0.06363636363636371
2024-03-26,3500,3505,3395,3505,139337,-0.0014245014245014564
2024-03-27,3420,3490,3390,3400,71049,-0.029957203994293913
2024-03-28,3360,3400,3325,3350,63016,-0.014705882352941124
2024-03-29,3325,3405,3250,3290,84629,-0.017910447761193993
2024-04-01,3265,3335,3245,3290,52540,0.0
2024-04-02,3275,3335,3135,3170,78010,-0.03647416413373861
2024-04-03,3125,3160,3090,3120,33764,-0.01577287066246058
2024-04-04,3125,3175,3085,3100,25294,-0.0064102564102563875
2024-04-05,3100,3100,3010,3045,64588,-0.01774193548387093
2024-04-08,3020,3145,2975,3030,34206,-0.0049261083743842304
2024-04-09,3000,3050,2940,2965,85217,-0.021452145214521434
2024-04-11,2940,3150,2850,2880,76157,-0.028667790893760592
2024-04-12,2885,2895,2600,2600,192244,-0.09722222222222221
2024-04-15,2570,2680,2400,2670,81215,0.026923076923076827
2024-04-16,2665,2800,2580,2625,38376,-0.016853932584269704
2024-04-17,2625,2750,2625,2675,21336,0.01904761904761898
2024-04-18,2620,2755,2615,2745,14977,0.026168224299065512
2024-04-19,2750,2800,2600,2630,31993,-0.041894353369763215
2024-04-22,2635,2700,2635,2660,15841,0.011406844106463865
2024-04-23,2700,2730,2625,2625,16782,-0.013157894736842146
2024-04-24,2625,3080,2625,2735,355894,0.04190476190476189
2024-04-25,2790,2790,2665,2665,29567,-0.025594149908592323
2024-04-26,2675,2790,2665,2750,31351,0.031894934333958735
2024-04-29,2750,2790,2710,2750,25933,0.0
2024-04-30,2750,2895,2745,2825,38217,0.027272727272727337
2024-05-02,2830,2900,2780,2835,13067,0.003539823008849474
2024-05-03,2790,2875,2785,2810,19557,-0.00881834215167554
2024-05-07,2925,2925,2790,2790,35747,-0.007117437722419906
2024-05-08,2765,2885,2755,2860,26894,0.02508960573476693
2024-05-09,2830,2910,2775,2825,18446,-0.012237762237762184
2024-05-10,2835,2920,2755,2770,16686,-0.019469026548672552
2024-05-13,2770,2780,2680,2730,15829,-0.014440433212996373
2024-05-14,2730,2765,2655,2715,11671,-0.005494505494505475
2024-05-16,2715,2755,2665,2730,21303,0.005524861878453136
2024-05-17,2700,2740,2685,2730,20888,0.0
2024-05-20,2730,2780,2650,2660,26713,-0.02564102564102566
2024-05-21,2660,2710,2635,2705,34261,0.016917293233082775
2024-05-22,2725,3260,2605,2720,542029,0.005545286506469571
2024-05-23,2680,3105,2680,2875,355896,0.05698529411764697
2024-05-24,2810,2940,2800,2810,42644,-0.022608695652173938
2024-05-27,2810,2835,2740,2755,60370,-0.019572953736654797
2024-05-28,2755,2970,2700,2845,220677,0.03266787658802173
2024-05-29,2905,3100,2805,2820,161000,-0.008787346221441172
2024-05-30,2820,2845,2765,2800,41302,-0.007092198581560294
2024-05-31,2760,2800,2750,2755,22046,-0.016071428571428625
2024-06-03,2760,2795,2720,2785,17674,0.010889292196007316
2024-06-04,2780,2840,2755,2805,21186,0.007181328545780907
2024-06-05,2805,2835,2765,2775,13548,-0.010695187165775444
2024-06-07,2830,3050,2765,2850,215583,0.027027027027026973
2024-06-10,2815,2900,2805,2830,26822,-0.007017543859649145
2024-06-11,2860,2925,2820,2885,41638,0.019434628975264934
2024-06-12,2855,2925,2820,2885,33289,0.0
2024-06-13,2940,2940,2855,2860,18710,-0.008665511265164683
2024-06-14,2845,2930,2775,2815,17983,-0.01573426573426573
2024-06-17,2785,2815,2735,2760,20261,-0.019538188277087087
2024-06-18,2760,2830,2640,2700,36707,-0.021739130434782594
2024-06-19,2700,2700,2575,2595,34858,-0.03888888888888886
2024-06-20,2595,2655,2555,2615,25272,0.007707129094412402
2024-06-21,2600,2670,2570,2615,22029,0.0
2024-06-24,2615,2680,2605,2665,22487,0.019120458891013437
2024-06-25,2670,3135,2625,2675,582990,0.0037523452157599557
2024-06-26,2760,2760,2640,2680,48741,0.0018691588785046953
2024-06-27,2695,2750,2620,2620,35839,-0.02238805970149249
2024-06-28,2690,2875,2635,2765,133157,0.055343511450381744
2024-07-01,2780,2925,2780,2820,75188,0.019891500904159143
2024-07-02,2895,3095,2780,2830,174293,0.0035460992907800915
2024-07-03,2830,2890,2750,2775,26732,-0.019434628975265045
2024-07-04,2775,3000,2740,2995,110882,0.07927927927927936
2024-07-05,3040,3045,2845,2965,60221,-0.01001669449081799
2024-07-08,2950,3030,2855,2950,43746,-0.005059021922428353
2024-07-09,2920,3085,2920,3000,94828,0.016949152542372836
2024-07-10,3000,3065,2915,2955,43720,-0.015000000000000013
2024-07-11,2940,3120,2925,2950,203552,-0.0016920473773265332
2024-07-12,2955,3085,2925,2925,97092,-0.008474576271186418
2024-07-15,2910,2930,2840,2895,44567,-0.01025641025641022
2024-07-16,2895,2950,2750,2815,60204,-0.02763385146804831
2024-07-17,2810,2960,2805,2815,20933,0.0
2024-07-18,2815,2925,2725,2850,37707,0.01243339253996445
2024-07-19,2850,2850,2770,2785,24228,-0.02280701754385961
2024-07-22,2765,2795,2745,2780,24105,-0.0017953321364452268
2024-07-23,2755,2795,2740,2740,18488,-0.014388489208633115
2024-07-24,2720,2870,2715,2765,24192,0.009124087591240837
2024-07-25,2765,2810,2695,2750,30924,-0.005424954792043413
2024-07-26,2790,3100,2730,3100,328420,0.1272727272727272
2024-07-29,3225,3665,3050,3150,1536620,0.016129032258064502
2024-07-30,3100,3565,3055,3170,819836,0.006349206349206327
2024-07-31,3170,3255,3075,3130,144957,-0.012618296529968487
2024-08-01,3130,3595,3070,3125,858889,-0.0015974440894568342
2024-08-02,3200,3470,3080,3295,468361,0.054400000000000004
2024-08-05,3295,3295,2780,2870,253061,-0.1289833080424886
2024-08-06,2870,3090,2870,2940,118683,0.024390243902439046
2024-08-07,2900,3820,2895,3820,4561307,0.2993197278911566
2024-08-08,3850,4015,3565,3700,2693481,-0.03141361256544506
2024-08-09,3770,3810,3525,3645,775570,-0.014864864864864824
2024-08-12,3645,3720,3570,3570,446860,-0.020576131687242816
2024-08-13,3520,3565,3220,3370,587984,-0.05602240896358546
2024-08-14,3470,3525,3330,3410,418820,0.011869436201780381
2024-08-16,3440,3545,3305,3480,352953,0.02052785923753664
2024-08-19,3530,3585,3350,3425,303693,-0.015804597701149392
2024-08-20,3430,3450,3260,3360,194961,-0.01897810218978102
2024-08-21,3330,3490,3130,3130,272595,-0.06845238095238093
2024-08-22,3190,3190,3010,3075,157974,-0.01757188498402551
2024-08-23,3050,3145,2985,3050,108369,-0.008130081300813052
2024-08-26,3090,3120,2960,3045,122977,-0.0016393442622950616
2024-08-27,2310,2365,2135,2155,3185464,-0.2922824302134647
2024-08-28,2155,2205,2050,2080,699409,-0.03480278422273786
2024-08-29,2060,2065,1955,1970,499442,-0.05288461538461542
2024-08-30,1997,2015,1950,1964,188016,-0.003045685279187804
2024-09-02,2080,2550,2020,2550,3711682,0.2983706720977597
2024-09-03,2910,3085,2375,2460,10290691,-0.03529411764705881
2024-09-04,2455,2455,2170,2170,1196216,-0.11788617886178865
