Date,Open,High,Low,Close,Volume,Change
2022-01-03,11050,11600,11050,11600,254580,0.04977375565610864
2022-01-04,11650,11800,11450,11600,244967,0.0
2022-01-05,11500,11600,11050,11050,154535,-0.04741379310344829
2022-01-06,10750,11050,10750,10900,95210,-0.013574660633484115
2022-01-07,10900,11150,10800,10850,62309,-0.004587155963302725
2022-01-10,10750,10850,10550,10700,99491,-0.01382488479262678
2022-01-11,10700,10800,10450,10600,64464,-0.009345794392523366
2022-01-12,10700,10900,10700,10700,47064,0.009433962264151052
2022-01-13,10700,10750,10600,10700,43223,0.0
2022-01-14,10600,10600,10400,10400,77115,-0.028037383177570097
2022-01-17,10350,10500,10200,10300,69900,-0.009615384615384581
2022-01-18,10350,10500,10050,10100,41866,-0.01941747572815533
2022-01-19,9990,10200,9900,10200,89933,0.00990099009900991
2022-01-20,10150,10300,10000,10300,31953,0.009803921568627416
2022-01-21,10150,10350,9930,10000,75741,-0.029126213592232997
2022-01-24,9880,10000,9620,9640,71704,-0.03600000000000003
2022-01-25,9660,9750,9360,9570,81199,-0.007261410788381717
2022-01-26,9430,9620,9430,9600,47532,0.0031347962382444194
2022-01-27,9600,9650,9330,9490,59134,-0.011458333333333348
2022-01-28,9410,9750,9350,9730,46836,0.025289778714436162
2022-02-03,9830,9880,9730,9840,32333,0.01130524152106882
2022-02-04,9790,9960,9780,9940,26194,0.010162601626016343
2022-02-07,10000,10000,9760,9880,47621,-0.006036217303822977
2022-02-08,9810,9910,9700,9800,49842,-0.0080971659919028
2022-02-09,9800,9950,9800,9910,11497,0.011224489795918391
2022-02-10,10000,10000,9850,9950,26400,0.004036326942482349
2022-02-11,9900,9940,9780,9780,21638,-0.0170854271356784
2022-02-14,9520,9630,9410,9460,38984,-0.03271983640081799
2022-02-15,9460,9570,9300,9380,22217,-0.008456659619450302
2022-02-16,9500,9640,9500,9600,20304,0.023454157782516027
2022-02-17,9600,9820,9580,9780,53839,0.018750000000000044
2022-02-18,9760,9800,9620,9800,16288,0.002044989775051187
2022-02-21,9700,9800,9550,9780,14363,-0.0020408163265306367
2022-02-22,9550,9780,9550,9700,27289,-0.008179959100204526
2022-02-23,9680,9800,9680,9750,15330,0.005154639175257714
2022-02-24,9700,9770,9470,9500,31956,-0.02564102564102566
2022-02-25,9680,9680,9530,9580,21445,0.008421052631578885
2022-02-28,9580,9620,9530,9610,12912,0.0031315240083507057
2022-03-02,9520,9690,9520,9630,15765,0.0020811654526535772
2022-03-03,9680,11500,9640,10700,948330,0.11111111111111116
2022-03-04,10550,11050,10500,10750,357352,0.004672897196261738
2022-03-07,10450,10550,10200,10300,126995,-0.041860465116279055
2022-03-08,10100,10400,9970,10300,81258,0.0
2022-03-10,10500,10500,10200,10200,53408,-0.009708737864077666
2022-03-11,10150,10500,10100,10400,54884,0.019607843137254832
2022-03-14,10550,10550,10000,10100,124859,-0.028846153846153855
2022-03-15,10050,10400,10000,10150,105776,0.004950495049504955
2022-03-16,10300,10300,10150,10250,44442,0.009852216748768461
2022-03-17,10450,10500,10300,10400,49655,0.014634146341463428
2022-03-18,10350,10500,10300,10500,38208,0.009615384615384581
2022-03-21,10450,10550,10350,10500,38983,0.0
2022-03-22,10550,10900,10450,10750,130996,0.023809523809523725
2022-03-23,10800,10850,10600,10650,67968,-0.009302325581395321
2022-03-24,10700,10700,10450,10650,41133,0.0
2022-03-25,10650,10800,10500,10600,60284,-0.0046948356807511304
2022-03-28,10500,10650,10400,10650,60860,0.004716981132075526
2022-03-29,10650,10700,10500,10500,37829,-0.014084507042253502
2022-03-30,10550,10700,10550,10550,64391,0.004761904761904745
2022-03-31,10600,10700,10500,10700,45081,0.014218009478673022
2022-04-01,10600,10700,10450,10600,64414,-0.009345794392523366
2022-04-04,10650,10650,10450,10550,57855,-0.004716981132075526
2022-04-05,10500,10650,10450,10650,34592,0.009478672985782088
2022-04-06,10500,10900,10500,10800,112802,0.014084507042253502
2022-04-07,10800,11200,10650,10850,297440,0.004629629629629539
2022-04-08,10800,10850,10550,10700,111029,-0.01382488479262678
2022-04-11,10600,10600,10300,10300,75710,-0.03738317757009346
2022-04-12,10200,10350,10000,10250,65753,-0.004854368932038833
2022-04-13,10250,10500,10200,10400,45860,0.014634146341463428
2022-04-14,10400,10550,10350,10500,30809,0.009615384615384581
2022-04-15,10450,10500,10250,10450,44398,-0.004761904761904745
2022-04-18,10400,10600,10350,10600,35661,0.014354066985645897
2022-04-19,10650,10700,10500,10650,39115,0.004716981132075526
2022-04-20,10600,10700,10500,10550,50282,-0.009389671361502372
2022-04-21,10600,10850,10500,10750,99242,0.018957345971563955
2022-04-22,10850,11050,10750,10950,151293,0.018604651162790642
2022-04-25,10900,11100,10700,10750,148863,-0.0182648401826484
2022-04-26,10900,10950,10800,10900,69619,0.013953488372093092
2022-04-27,10600,11000,10550,10950,64187,0.004587155963302836
2022-04-28,10900,11100,10800,10950,41931,0.0
2022-04-29,10950,11050,10850,11000,55121,0.004566210045662045
2022-05-02,10850,11000,10800,10850,53664,-0.013636363636363669
2022-05-03,10800,11400,10800,10900,372901,0.004608294930875667
2022-05-04,10900,10950,10700,10750,65713,-0.013761467889908285
2022-05-06,10650,10700,10550,10600,53479,-0.013953488372092981
2022-05-09,10600,10600,10200,10400,101796,-0.018867924528301883
2022-05-10,10200,10400,9940,10400,96921,0.0
2022-05-11,10400,10450,10250,10400,27045,0.0
2022-05-12,10300,10400,9990,10100,91429,-0.028846153846153855
2022-05-13,10100,10500,10050,10500,50079,0.03960396039603964
2022-05-16,10400,10450,10250,10250,46731,-0.023809523809523836
2022-05-17,10250,10350,10150,10300,26418,0.004878048780487809
2022-05-18,10400,10400,10100,10150,48179,-0.014563106796116498
2022-05-19,9970,10100,9860,10100,54179,-0.0049261083743842304
2022-05-20,10100,10200,10050,10150,37391,0.004950495049504955
2022-05-23,10250,10250,10050,10200,28351,0.0049261083743843415
2022-05-24,10200,10200,10000,10100,28236,-0.009803921568627416
2022-05-25,10100,10200,9970,10050,47208,-0.004950495049504955
2022-05-26,10100,10250,9950,9950,41356,-0.00995024875621886
2022-05-27,10100,10150,9970,9980,21445,0.0030150753768845018
2022-05-30,10050,10150,9980,10100,22328,0.012024048096192397
2022-05-31,10100,10150,10000,10150,17477,0.004950495049504955
2022-06-02,10050,10150,10000,10100,50044,-0.0049261083743842304
2022-06-03,10150,10150,9980,10100,61169,0.0
2022-06-07,10100,10100,9970,9970,35476,-0.012871287128712883
2022-06-08,9970,10050,9940,10000,29099,0.0030090270812437314
2022-06-09,9950,10000,9910,10000,42148,0.0
2022-06-10,9950,9950,9840,9940,22901,-0.006000000000000005
2022-06-13,9680,9790,9420,9420,59053,-0.0523138832997988
2022-06-14,9200,9330,9030,9250,64592,-0.018046709129511673
2022-06-15,9210,9300,8790,8980,75777,-0.029189189189189224
2022-06-16,9030,9200,8880,9050,44598,0.007795100222717233
2022-06-17,8700,9080,8690,9080,30117,0.0033149171270718814
2022-06-20,9140,9140,8550,8750,40627,-0.03634361233480177
2022-06-21,8750,8900,8600,8720,69082,-0.0034285714285714475
2022-06-22,8840,8840,8240,8460,112374,-0.029816513761467878
2022-06-23,8400,8450,7700,7900,125490,-0.06619385342789597
2022-06-24,8010,8270,7850,8270,37724,0.04683544303797471
2022-06-27,8250,8480,7940,8450,74292,0.021765417170495738
2022-06-28,8520,8530,8330,8530,24945,0.00946745562130169
2022-06-29,8440,8440,8260,8400,24042,-0.015240328253223967
2022-06-30,8410,8450,8110,8330,55854,-0.008333333333333304
2022-07-01,8260,8370,8070,8220,45194,-0.013205282112845107
2022-07-04,8220,8340,7960,8180,35290,-0.0048661800486617945
2022-07-05,8140,8290,8140,8290,10709,0.01344743276283622
2022-07-06,8280,8280,8150,8200,26005,-0.010856453558504175
2022-07-07,8210,8340,8210,8250,41309,0.0060975609756097615
2022-07-08,8260,8420,8250,8320,51124,0.00848484848484854
2022-07-11,8320,8350,8250,8340,15504,0.0024038461538462563
2022-07-12,8340,8340,8110,8330,31838,-0.0011990407673860837
2022-07-13,8230,8420,8190,8420,31258,0.010804321728691502
2022-07-14,8450,8550,8320,8500,30675,0.009501187648456089
2022-07-15,8420,8650,8420,8600,31362,0.0117647058823529
2022-07-18,8650,8830,8640,8750,39353,0.01744186046511631
2022-07-19,8750,8810,8650,8800,18213,0.005714285714285783
2022-07-20,8860,8880,8740,8840,36344,0.00454545454545463
2022-07-21,8780,8850,8760,8820,28254,-0.002262443438914019
2022-07-22,8830,8830,8740,8750,33882,-0.007936507936507908
2022-07-25,8710,8800,8700,8770,28936,0.0022857142857142243
2022-07-26,8710,8890,8710,8880,39814,0.012542759407069504
2022-07-27,8880,9260,8790,9200,106404,0.03603603603603611
2022-07-28,9250,9270,9080,9200,23816,0.0
2022-07-29,9200,9390,9050,9200,47420,0.0
2022-08-01,9200,9200,9060,9150,23218,-0.005434782608695676
2022-08-02,9140,9140,8950,8950,37168,-0.021857923497267784
2022-08-03,8950,9070,8920,9020,7439,0.007821229050279266
2022-08-04,9020,9130,8920,9070,24480,0.005543237250554389
2022-08-05,9070,9240,8970,9230,37011,0.01764057331863289
2022-08-08,9230,9290,9110,9250,21881,0.0021668472372697867
2022-08-09,9240,9300,9020,9060,40539,-0.020540540540540553
2022-08-10,9060,9160,8950,9000,33542,-0.0066225165562914245
2022-08-11,9000,9070,8830,8910,74065,-0.010000000000000009
2022-08-12,8920,8950,8790,8940,26376,0.0033670033670034627
2022-08-16,8940,9070,8830,8910,46501,-0.003355704697986628
2022-08-17,8840,8900,8750,8880,50884,-0.0033670033670033517
2022-08-18,8770,9020,8730,9020,53092,0.015765765765765716
2022-08-19,9010,9070,8970,9070,40131,0.005543237250554389
2022-08-22,8980,9040,8890,9040,24927,-0.003307607497243681
2022-08-23,8970,9010,8860,8990,23071,-0.00553097345132747
2022-08-24,8980,9030,8910,9010,41687,0.0022246941045607205
2022-08-25,8940,9150,8850,9100,60313,0.009988901220865598
2022-08-26,9110,9220,9080,9190,18396,0.009890109890109855
2022-08-29,9170,9170,8870,8990,20089,-0.021762785636561532
2022-08-30,8950,9200,8950,9170,48293,0.020022246941045596
2022-08-31,9170,9270,9010,9270,25648,0.010905125408942284
2022-09-01,9270,9310,9170,9190,28154,-0.008629989212513456
2022-09-02,9190,9270,9170,9220,32027,0.0032644178454841466
2022-09-05,9220,9240,9100,9170,17716,-0.005422993492407824
2022-09-06,9170,9210,9100,9190,20618,0.0021810250817884125
2022-09-07,9150,9190,8970,9040,34634,-0.016322089227421066
2022-09-08,9070,9120,9000,9090,49175,0.005530973451327359
2022-09-13,9090,9210,9060,9150,35316,0.0066006600660066805
2022-09-14,9000,9100,8970,9080,21283,-0.007650273224043769
2022-09-15,9080,9190,9010,9150,33883,0.007709251101321479
2022-09-16,9090,9120,9000,9060,31095,-0.00983606557377048
2022-09-19,9040,9160,8960,9150,42015,0.009933774834437026
2022-09-20,9140,10050,9110,9490,924574,0.0371584699453551
2022-09-21,9470,9550,9260,9480,103410,-0.0010537407797681642
2022-09-22,9340,9350,9120,9330,49819,-0.015822784810126556
2022-09-23,9320,9320,9020,9040,51995,-0.03108252947481238
2022-09-26,8950,8950,8500,8600,97433,-0.04867256637168138
2022-09-27,8490,8650,8420,8560,38833,-0.0046511627906976605
2022-09-28,8480,8600,8230,8310,50392,-0.029205607476635476
2022-09-29,8330,8600,8300,8300,33071,-0.001203369434416346
2022-09-30,8250,8300,8130,8300,30400,0.0
2022-10-04,8320,8520,8300,8520,17186,0.026506024096385472
2022-10-05,8520,8650,8170,8280,35533,-0.028169014084507005
2022-10-06,8330,8450,8310,8420,43942,0.01690821256038655
2022-10-07,8470,8510,8300,8420,20395,0.0
2022-10-11,8250,8360,7990,8030,41851,-0.04631828978622332
2022-10-12,7920,8200,7890,8120,12869,0.011207970112079746
2022-10-13,8190,8900,7380,7500,553143,-0.07635467980295563
2022-10-14,7650,7820,7520,7800,72847,0.040000000000000036
2022-10-17,7690,7890,7520,7880,36281,0.01025641025641022
2022-10-18,7930,8050,7880,8010,23438,0.016497461928933976
2022-10-19,8080,8090,7940,8020,18715,0.0012484394506866447
2022-10-20,8050,8050,7860,8000,18703,-0.0024937655860348684
2022-10-21,7900,8010,7870,7950,17948,-0.006249999999999978
2022-10-24,7950,8150,7950,8140,15343,0.023899371069182385
2022-10-25,8190,8390,8070,8390,37040,0.03071253071253066
2022-10-26,8400,8470,8300,8360,18451,-0.0035756853396901045
2022-10-27,8380,8450,8310,8340,10523,-0.0023923444976076125
2022-10-28,8280,8400,8150,8340,39369,0.0
2022-10-31,8350,8440,8260,8370,15931,0.003597122302158251
2022-11-01,8330,8410,8300,8400,16901,0.0035842293906809264
2022-11-02,8340,8410,8300,8400,16108,0.0
2022-11-03,8100,8410,8100,8320,34690,-0.00952380952380949
2022-11-04,8430,8450,8280,8400,12649,0.009615384615384581
2022-11-07,8390,8570,8260,8390,17260,-0.0011904761904761862
2022-11-08,8390,8440,8280,8420,21489,0.0035756853396902155
2022-11-09,8370,8470,8370,8430,9051,0.0011876484560569
2022-11-10,8420,8620,8350,8620,22665,0.022538552787663146
2022-11-11,8750,8750,8540,8620,27625,0.0
2022-11-14,8620,8700,8570,8680,12864,0.006960556844547661
2022-11-15,8610,8740,8610,8720,36792,0.004608294930875667
2022-11-16,8750,8750,8610,8730,47783,0.0011467889908256534
2022-11-17,8700,8720,8630,8680,24349,-0.00572737686139746
2022-11-18,8730,8740,8590,8600,11105,-0.009216589861751112
2022-11-21,8600,8630,8340,8340,25348,-0.03023255813953485
2022-11-22,8280,8380,8240,8300,8898,-0.004796163069544335
2022-11-23,8310,8430,8240,8300,15407,0.0
2022-11-24,8400,8550,8310,8500,25979,0.024096385542168752
2022-11-25,8580,8580,8370,8370,11587,-0.015294117647058791
2022-11-28,8370,8470,8280,8470,27726,0.01194743130227005
2022-11-29,8350,8600,8280,8600,8233,0.015348288075560879
2022-11-30,8620,8690,8510,8690,12351,0.010465116279069875
2022-12-01,8700,8750,8650,8730,24226,0.004602991944764101
2022-12-02,8730,9040,8600,8930,43291,0.02290950744558984
2022-12-05,9050,9200,8850,9040,32470,0.012318029115341522
2022-12-06,9080,9170,8900,9060,14832,0.0022123893805310324
2022-12-07,8950,9000,8870,9000,9675,-0.0066225165562914245
2022-12-08,8900,8960,8680,8750,12464,-0.02777777777777779
2022-12-09,8750,8850,8700,8850,33144,0.011428571428571344
2022-12-12,8860,8860,8620,8640,31590,-0.023728813559321993
2022-12-13,8640,8750,8610,8750,26690,0.0127314814814814
2022-12-14,8650,8910,8650,8890,16380,0.016000000000000014
2022-12-15,8880,8890,8750,8850,7602,-0.004499437570303688
2022-12-16,8760,8810,8660,8780,9516,-0.00790960451977396
2022-12-19,8680,8790,8660,8780,5133,0.0
2022-12-20,8760,8810,8580,8780,31642,0.0
2022-12-21,8700,8780,8620,8690,13815,-0.01025056947608205
2022-12-22,8630,8830,8630,8780,50754,0.010356731875719172
2022-12-23,8820,8820,8620,8620,35266,-0.018223234624145768
2022-12-26,8620,8670,8480,8660,18451,0.004640371229698292
2022-12-27,8550,8670,8550,8610,44857,-0.005773672055427226
2022-12-28,8490,8650,8490,8650,9651,0.004645760743321681
2022-12-29,8540,8650,8400,8630,23530,-0.0023121387283236983
2023-01-02,8520,8940,8510,8690,39950,0.006952491309385911
2023-01-03,8720,8800,8460,8720,32014,0.0034522439585731313
2023-01-04,8590,8790,8580,8760,33662,0.004587155963302836
2023-01-05,8710,8780,8680,8770,11920,0.0011415525114155667
2023-01-06,8750,8800,8680,8790,9113,0.0022805017103761926
2023-01-09,8800,8880,8780,8810,9682,0.0022753128555177415
2023-01-10,8740,8880,8740,8880,30602,0.007945516458569779
2023-01-11,8880,8980,8850,8860,13924,-0.0022522522522522292
2023-01-12,8860,8860,8650,8800,17195,-0.006772009029345383
2023-01-13,8770,8850,8740,8780,17364,-0.002272727272727315
2023-01-16,9290,9540,8980,9030,268093,0.028473804100227706
2023-01-17,8950,9170,8930,9000,35311,-0.0033222591362126463
2023-01-18,8950,9110,8870,8960,35028,-0.004444444444444473
2023-01-19,8900,9040,8830,9030,21659,0.0078125
2023-01-20,9030,9220,8900,9170,53856,0.015503875968992276
2023-01-25,9200,9200,9070,9090,32434,-0.008724100327153761
2023-01-26,9120,9130,8700,9120,63737,0.0033003300330032292
2023-01-27,9130,9520,9020,9220,171231,0.010964912280701844
2023-01-30,9300,9300,9020,9210,33682,-0.0010845986984815426
2023-01-31,9120,9230,9110,9150,16613,-0.006514657980456029
2023-02-01,9160,9240,9120,9170,21689,0.002185792349726823
2023-02-02,9200,9290,9170,9290,34697,0.013086150490730697
2023-02-03,9270,9300,9210,9250,37468,-0.0043057050592034685
2023-02-06,9160,9260,9110,9260,17346,0.00108108108108107
2023-02-07,9200,9500,9200,9450,100589,0.02051835853131756
2023-02-08,9500,9540,9400,9480,46049,0.0031746031746031633
2023-02-09,9490,9700,9430,9670,78443,0.020042194092827037
2023-02-10,9670,9720,9560,9620,27304,-0.005170630816959676
2023-02-13,9610,9610,9380,9480,38054,-0.014553014553014498
2023-02-14,9490,9620,9470,9570,45223,0.009493670886076
2023-02-15,9570,9890,9570,9710,56436,0.014629049111807735
2023-02-16,9680,9870,9640,9740,49060,0.003089598352214118
2023-02-17,9710,10030,9690,9850,89774,0.011293634496919891
2023-02-20,9990,10050,9820,10030,80064,0.018274111675126825
2023-02-21,10040,10100,9850,9980,75566,-0.004985044865403743
2023-02-22,9880,9900,9700,9790,47977,-0.019038076152304573
2023-02-23,9790,9910,9660,9890,50979,0.010214504596527174
2023-02-24,9920,10000,9720,9860,52164,-0.0030333670374115274
2023-02-27,9690,10180,9480,9480,239622,-0.03853955375253548
2023-02-28,9500,9840,9440,9790,74334,0.03270042194092837
2023-03-02,9800,10160,9780,10060,133949,0.027579162410623193
2023-03-03,10060,10360,10050,10310,90958,0.0248508946322068
2023-03-06,10300,10380,10170,10370,48977,0.005819592628516057
2023-03-07,10370,10370,10100,10220,52097,-0.014464802314368419
2023-03-08,10120,10210,10070,10140,41866,-0.007827788649706457
2023-03-09,10170,10290,10000,10140,41196,0.0
2023-03-10,10050,10090,9890,9900,58368,-0.023668639053254448
2023-03-13,9840,10050,9700,9900,34250,0.0
2023-03-14,9960,9960,9370,9580,73185,-0.03232323232323231
2023-03-15,9620,9890,9620,9810,24585,0.024008350730688965
2023-03-16,9810,9880,9600,9720,41725,-0.00917431192660545
2023-03-17,9820,10040,9410,10000,57573,0.028806584362139898
2023-03-20,10000,10000,9770,9900,32901,-0.010000000000000009
2023-03-21,9900,9900,9560,9600,43445,-0.030303030303030276
2023-03-22,9610,9800,9400,9740,40659,0.014583333333333393
2023-03-23,9580,10000,9580,9860,68403,0.012320328542094527
2023-03-24,10060,11840,9890,10770,1771653,0.09229208924949295
2023-03-27,10700,10740,10460,10550,269328,-0.02042711234911787
2023-03-28,10580,10980,10380,10960,380437,0.03886255924170623
2023-03-29,11250,11300,10770,11180,411375,0.02007299270072993
2023-03-30,11190,11240,10850,10910,174221,-0.02415026833631484
2023-03-31,10990,11060,10600,10730,137095,-0.016498625114573784
2023-04-03,10730,10830,10530,10800,90297,0.006523765144454741
2023-04-04,10790,10860,10560,10580,95771,-0.020370370370370372
2023-04-05,10800,10950,10410,10440,146189,-0.013232514177693777
2023-04-06,10450,10450,10120,10200,128505,-0.02298850574712641
2023-04-07,10220,10400,10110,10380,76746,0.01764705882352935
2023-04-10,10380,10410,10180,10220,65393,-0.015414258188824692
2023-04-11,10220,10430,10120,10430,75077,0.020547945205479534
2023-04-12,10400,10650,10290,10530,82155,0.009587727708533
2023-04-13,10530,10590,10350,10520,42651,-0.0009496676163343043
2023-04-14,10520,10610,10330,10580,70958,0.005703422053231932
2023-04-17,10580,10580,10330,10400,38673,-0.017013232514177745
2023-04-18,10350,10400,10230,10370,31270,-0.0028846153846153744
2023-04-19,10520,10520,10270,10350,24825,-0.0019286403085824189
2023-04-20,10450,10450,10140,10260,50997,-0.008695652173912993
2023-04-21,10190,10270,10050,10170,35866,-0.00877192982456143
2023-04-24,10050,10140,9800,9990,61131,-0.017699115044247815
2023-04-25,9990,10200,9720,9990,44620,0.0
2023-04-26,10010,10050,9810,9880,30536,-0.011011011011010985
2023-04-27,9890,10070,9650,10050,57685,0.0172064777327936
2023-04-28,10050,10130,9900,10000,46658,-0.00497512437810943
2023-05-02,10000,10000,9900,10000,18093,0.0
2023-05-03,9980,10100,9920,9990,14003,-0.0010000000000000009
2023-05-04,9950,10450,9870,10180,86671,0.019019019019018923
2023-05-08,10130,10250,10070,10180,24484,0.0
2023-05-09,10190,10210,9950,10100,47475,-0.007858546168958758
2023-05-10,10100,10160,9950,10050,23822,-0.004950495049504955
2023-05-11,10000,10060,9940,10050,35210,0.0
2023-05-12,10090,10140,9880,9940,25627,-0.010945273631840835
2023-05-15,9750,9830,9160,9230,110558,-0.0714285714285714
2023-05-16,9230,9390,9090,9200,50361,-0.00325027085590468
2023-05-17,9380,9400,9230,9350,38877,0.016304347826086918
2023-05-18,9420,9520,9310,9460,31698,0.0117647058823529
2023-05-19,9540,9760,9500,9700,54808,0.025369978858351017
2023-05-22,9720,9750,9600,9740,30897,0.004123711340206171
2023-05-23,9740,9750,9670,9730,13933,-0.0010266940451745254
2023-05-24,9740,9740,9610,9610,17285,-0.012332990750256956
2023-05-25,9630,9630,9480,9530,15081,-0.008324661810613976
2023-05-26,9550,9550,9320,9360,35738,-0.01783840503672618
2023-05-30,9430,9510,9250,9510,58394,0.01602564102564097
2023-05-31,9600,9710,9510,9560,33005,0.00525762355415349
2023-06-01,9590,9590,9280,9420,44020,-0.014644351464435101
2023-06-02,9440,9590,9320,9340,21328,-0.00849256900212314
2023-06-05,9300,9480,9250,9330,20716,-0.0010706638115631772
2023-06-07,9350,9390,9280,9340,9822,0.001071811361200492
2023-06-08,9360,9370,9070,9340,33141,0.0
2023-06-09,9300,9360,9190,9270,34141,-0.00749464668094213
2023-06-12,9270,9280,9100,9130,41825,-0.015102481121898603
2023-06-13,9130,9310,9130,9260,59206,0.014238773274917849
2023-06-14,9280,9280,9050,9210,60948,-0.005399568034557212
2023-06-15,9180,9430,9170,9290,59080,0.008686210640608039
2023-06-16,9300,9330,9120,9200,80179,-0.009687836383207804
2023-06-19,9200,9370,9100,9290,30485,0.009782608695652284
2023-06-20,9310,9310,9090,9090,21973,-0.02152852529601723
2023-06-21,9130,9140,8820,8860,48241,-0.025302530253025313
2023-06-22,8880,8910,8770,8910,33180,0.0056433408577878375
2023-06-23,8900,8950,8750,8920,49237,0.001122334455667895
2023-06-26,8920,9100,8800,9060,25538,0.015695067264573925
2023-06-27,9060,9160,8960,9130,14155,0.007726269315673218
2023-06-28,9130,9210,9100,9200,41463,0.00766703176341732
2023-06-29,9160,9320,9110,9310,49062,0.011956521739130421
2023-06-30,9240,9400,9160,9300,42420,-0.0010741138560687036
2023-07-03,9320,9460,9220,9440,55270,0.01505376344086029
2023-07-04,9510,9510,9330,9420,25365,-0.0021186440677966045
2023-07-05,9430,10370,9180,9210,914228,-0.022292993630573243
2023-07-06,9150,9300,9050,9260,74180,0.005428881650380024
2023-07-07,9260,9260,8900,8980,60972,-0.030237580993520474
2023-07-10,8900,9780,8900,9020,193325,0.00445434298440972
2023-07-11,9020,9090,8950,9070,26860,0.005543237250554389
2023-07-12,9130,9160,9000,9130,28520,0.006615214994487362
2023-07-13,9150,9260,9100,9240,41651,0.012048192771084265
2023-07-14,9260,9580,9240,9510,83633,0.02922077922077926
2023-07-17,9480,9750,9430,9680,49375,0.017875920084122088
2023-07-18,9640,9740,9450,9680,51066,0.0
2023-07-19,9660,9680,9340,9500,51799,-0.018595041322314043
2023-07-20,9420,9480,9320,9380,23594,-0.012631578947368438
2023-07-21,9300,9470,9240,9420,37901,0.004264392324093924
2023-07-24,9600,10090,9420,9910,512831,0.052016985138004346
2023-07-25,9910,10510,9820,9820,513986,-0.00908173562058523
2023-07-26,10010,10350,9830,9900,387807,0.008146639511201537
2023-07-27,10050,10250,9850,10030,136785,0.013131313131313105
2023-07-28,10180,10340,9960,10080,140185,0.004985044865403854
2023-07-31,10080,10220,9770,9880,170309,-0.019841269841269882
2023-08-01,9950,9990,9600,9990,121707,0.011133603238866474
2023-08-02,9990,11100,9960,10490,915720,0.05005005005005003
2023-08-03,10500,10830,10200,10500,226334,0.0009532888465204614
2023-08-04,10500,10700,10230,10330,109609,-0.0161904761904762
2023-08-07,10310,10330,9820,10010,143216,-0.030977734753146136
2023-08-08,10010,10190,9880,10000,98935,-0.0009990009990009652
2023-08-09,9910,10110,9820,9950,57506,-0.0050000000000000044
2023-08-10,9900,9910,9580,9590,97470,-0.03618090452261302
2023-08-11,9590,9800,9580,9690,27571,0.010427528675703845
2023-08-14,9550,9660,9310,9460,69156,-0.023735810113519107
2023-08-16,9440,9440,9070,9070,65098,-0.04122621564482032
2023-08-17,8930,9160,8830,9090,58494,0.0022050716648291946
2023-08-18,9150,9340,8800,9280,76731,0.020902090209020896
2023-08-21,9350,9360,8950,9290,54101,0.0010775862068965747
2023-08-22,9300,9540,9140,9330,32002,0.0043057050592034685
2023-08-23,9440,9600,9170,9420,71386,0.009646302250803762
2023-08-24,9400,9570,9360,9520,38374,0.010615711252653925
2023-08-25,9510,9700,9200,9600,49352,0.008403361344537785
2023-08-28,9500,9620,9410,9500,10394,-0.01041666666666663
2023-08-29,9510,9590,9390,9470,28674,-0.0031578947368421373
2023-08-30,9500,9760,9500,9640,35770,0.017951425554382228
2023-08-31,9640,9730,9380,9600,36400,-0.004149377593360981
2023-09-01,9590,9840,9270,9720,104312,0.012499999999999956
2023-09-04,9960,10450,9570,9590,462661,-0.013374485596707841
2023-09-05,9750,9750,9570,9700,53526,0.011470281543274341
2023-09-06,9700,9810,9460,9580,85002,-0.012371134020618513
2023-09-07,9410,9650,9320,9520,44460,-0.006263048016701411
2023-09-08,9420,9600,9180,9300,67625,-0.02310924369747902
2023-09-11,9300,9300,9060,9060,54211,-0.02580645161290318
2023-09-12,9040,9230,9010,9010,42020,-0.0055187637969095205
2023-09-13,9130,9220,8930,9100,58193,0.009988901220865598
2023-09-14,9240,9440,9120,9390,43014,0.03186813186813198
2023-09-15,9340,9450,9240,9320,21812,-0.007454739084132078
2023-09-18,9320,9320,9030,9040,33159,-0.030042918454935674
2023-09-19,9090,9090,9000,9060,25572,0.0022123893805310324
2023-09-20,9010,9130,8950,8950,30925,-0.012141280353200834
2023-09-21,9000,9000,8720,8780,99359,-0.018994413407821265
2023-09-22,8680,8920,8640,8710,26804,-0.007972665148063829
2023-09-25,8850,8850,8600,8600,29730,-0.012629161882893203
2023-09-26,8700,8700,8440,8440,25143,-0.018604651162790753
2023-09-27,8420,8520,8370,8520,13585,0.009478672985782088
2023-10-04,8520,8520,8130,8140,33040,-0.04460093896713613
2023-10-05,8240,8270,8060,8060,42150,-0.009828009828009798
2023-10-06,7940,8290,7940,8180,36751,0.014888337468982549
2023-10-10,8180,8340,8080,8150,17863,-0.003667481662591676
2023-10-11,8210,8510,8210,8370,17050,0.026993865030674913
2023-10-12,8480,8620,8380,8600,13495,0.027479091995221028
2023-10-13,8540,8580,8400,8500,15301,-0.011627906976744207
2023-10-16,8380,8480,8310,8400,9950,-0.0117647058823529
2023-10-17,8360,8530,8350,8490,13964,0.010714285714285676
2023-10-18,8490,8490,8370,8440,4966,-0.005889281507656108
2023-10-19,8430,8430,8060,8060,28657,-0.04502369668246442
2023-10-20,8050,8100,7750,7950,31958,-0.013647642679900707
2023-10-23,7740,7990,7740,7750,21201,-0.02515723270440251
2023-10-24,7700,8040,7620,7950,26372,0.02580645161290329
2023-10-25,8040,8100,7950,8040,17195,0.01132075471698113
2023-10-26,7870,7920,7780,7810,13225,-0.028606965174129306
2023-10-27,7820,7920,7700,7800,20298,-0.001280409731113985
2023-10-30,7800,8060,7800,8060,17481,0.03333333333333344
2023-10-31,8110,8140,7840,8040,17287,-0.002481389578163795
2023-11-01,7950,8150,7950,8140,12641,0.01243781094527363
2023-11-02,8140,8380,8140,8280,13511,0.017199017199017286
2023-11-03,8430,8430,8170,8350,8812,0.008454106280193274
2023-11-06,8380,8600,8200,8600,15771,0.029940119760478945
2023-11-07,8580,8580,8280,8350,16476,-0.029069767441860517
2023-11-08,8300,8440,8270,8350,11399,0.0
2023-11-09,8420,8420,8230,8380,11138,0.00359281437125758
2023-11-10,8270,8270,8130,8180,11268,-0.023866348448687402
2023-11-13,8250,8330,8080,8210,10400,0.003667481662591676
2023-11-14,8290,8330,8210,8290,8370,0.00974421437271622
2023-11-15,8320,8410,8290,8410,32584,0.014475271411338975
2023-11-16,8410,8490,8370,8480,10153,0.00832342449464929
2023-11-17,8510,8610,8390,8570,17578,0.010613207547169878
2023-11-20,8570,8920,8450,8920,32620,0.040840140023337135
2023-11-21,8950,8970,8740,8830,23648,-0.010089686098654682
2023-11-22,8830,8920,8750,8820,14252,-0.0011325028312570984
2023-11-23,8820,8910,8700,8730,26994,-0.010204081632653073
2023-11-24,8710,8770,8690,8750,9436,0.002290950744558984
2023-11-27,8770,8840,8610,8780,10430,0.0034285714285713365
2023-11-28,8840,8840,8680,8790,27678,0.001138952164009055
2023-11-29,8870,8870,8750,8800,10696,0.0011376564277587597
2023-11-30,8890,9000,8720,8800,23106,0.0
2023-12-01,8840,8850,8650,8760,40921,-0.004545454545454519
2023-12-04,8710,8800,8520,8590,46715,-0.019406392694063967
2023-12-05,8620,8650,8450,8540,26445,-0.005820721769499437
2023-12-06,8600,8600,8470,8570,15669,0.003512880562060783
2023-12-07,8570,8570,8260,8490,44361,-0.009334889148191361
2023-12-08,8490,8490,8340,8470,40125,-0.002355712603062443
2023-12-11,8470,8510,8380,8470,10635,0.0
2023-12-12,8510,8630,8430,8590,37046,0.01416765053128688
2023-12-13,8580,8620,8510,8570,31531,-0.002328288707799775
2023-12-14,8640,8640,8500,8540,46314,-0.003500583430571802
2023-12-15,8610,8760,8570,8640,25178,0.011709601873536313
2023-12-18,8740,8770,8570,8750,28799,0.0127314814814814
2023-12-19,8790,8790,8680,8780,10663,0.0034285714285713365
2023-12-20,8750,8940,8740,8790,26715,0.001138952164009055
2023-12-21,8750,9100,8720,8960,61690,0.019340159271899804
2023-12-22,9010,9040,8880,8940,30085,-0.0022321428571429047
2023-12-26,8810,8880,8750,8770,29683,-0.019015659955257225
2023-12-27,8880,8880,8610,8880,14644,0.012542759407069504
2023-12-28,8880,8880,8750,8840,31817,-0.0045045045045044585
2024-01-02,8840,9260,8760,9070,82636,0.02601809954751122
2024-01-03,9070,9110,8940,9100,34926,0.00330760749724357
2024-01-04,9100,9530,9040,9150,124007,0.005494505494505475
2024-01-05,9090,9240,9010,9130,42992,-0.002185792349726823
2024-01-08,9130,9200,8980,9180,31612,0.005476451259583737
2024-01-09,9120,9230,9070,9180,18634,0.0
2024-01-10,9180,9180,8920,8930,25736,-0.027233115468409563
2024-01-11,8940,9270,8910,9090,59958,0.01791713325867872
2024-01-12,9010,9090,8700,8730,54809,-0.03960396039603964
2024-01-15,8700,8750,8610,8700,12810,-0.0034364261168384758
2024-01-16,8630,8660,8170,8450,45017,-0.028735632183908066
2024-01-17,8450,8550,8170,8230,30063,-0.026035502958579926
2024-01-18,8190,8330,8130,8200,24740,-0.0036452004860266785
2024-01-19,8200,8490,8200,8390,13800,0.023170731707317094
2024-01-22,8400,8490,8390,8470,15543,0.009535160905840279
2024-01-23,8400,8650,8350,8610,18651,0.016528925619834656
2024-01-24,8580,8680,8440,8580,10341,-0.0034843205574912606
2024-01-25,8500,8650,8500,8620,22454,0.004662004662004726
2024-01-26,8570,8690,8520,8600,14080,-0.002320185614849146
2024-01-29,8540,8640,8340,8400,22808,-0.023255813953488413
2024-01-30,8380,8500,8290,8440,14698,0.004761904761904745
2024-01-31,8400,8400,8190,8250,34808,-0.02251184834123221
2024-02-01,8240,8250,8090,8190,26072,-0.0072727272727273196
2024-02-02,8170,8300,8170,8220,20753,0.00366300366300365
2024-02-05,8380,8380,8210,8300,16944,0.009732360097323589
2024-02-06,8300,8430,8150,8430,10581,0.015662650602409567
2024-02-07,8400,8420,8300,8390,6186,-0.004744958481613271
2024-02-08,8320,8460,8290,8320,17189,-0.008343265792610244
2024-02-13,8320,8470,8320,8440,15680,0.014423076923076872
2024-02-14,8290,8460,8290,8360,14372,-0.009478672985781977
2024-02-15,8350,8440,8330,8360,11456,0.0
2024-02-16,8340,8400,8230,8320,13228,-0.004784688995215336
2024-02-19,8240,8390,8240,8280,14443,-0.004807692307692291
2024-02-20,8250,8320,8190,8190,18262,-0.010869565217391353
2024-02-21,8210,8230,8150,8210,12112,0.0024420024420024333
2024-02-22,8210,8330,8210,8250,24895,0.004872107186357999
2024-02-23,8260,8500,8250,8470,35540,0.026666666666666616
2024-02-26,8450,8890,8400,8530,76839,0.007083825265643551
2024-02-27,8530,8530,8170,8300,36958,-0.026963657678780728
2024-02-28,8250,8430,8200,8250,15686,-0.0060240963855421326
2024-02-29,8200,8210,8110,8160,31148,-0.010909090909090868
2024-03-04,8150,8270,8110,8200,7299,0.004901960784313708
2024-03-05,8150,8150,8050,8080,16812,-0.014634146341463428
2024-03-06,8050,8110,8020,8110,9551,0.003712871287128605
2024-03-07,8060,8470,8010,8470,45693,0.04438964241676935
2024-03-08,8500,8590,8360,8450,31334,-0.0023612750885477762
2024-03-11,8450,8450,8220,8280,14569,-0.020118343195266286
2024-03-12,8200,8250,8190,8210,8901,-0.008454106280193274
2024-03-13,8210,8250,8150,8210,13432,0.0
2024-03-14,8170,8280,8100,8250,20538,0.004872107186357999
2024-03-15,8180,8200,8120,8180,6850,-0.00848484848484854
2024-03-18,8120,8180,8090,8180,19812,0.0
2024-03-19,8120,8140,8030,8120,11879,-0.007334963325183352
2024-03-20,8120,8120,8030,8080,12843,-0.0049261083743842304
2024-03-21,8140,8200,8080,8120,13130,0.004950495049504955
2024-03-22,8090,8190,8080,8140,8984,0.0024630541871921707
2024-03-25,8160,8160,8080,8090,8135,-0.00614250614250611
2024-03-26,8020,8120,8010,8120,12716,0.003708281829418958
2024-03-27,8080,8100,8040,8080,5055,-0.0049261083743842304
2024-03-28,8080,8080,7980,8070,19077,-0.0012376237623762387
2024-03-29,8020,8090,8020,8070,12384,0.0
2024-04-01,8090,8260,8060,8190,11522,0.014869888475836479
2024-04-02,8110,8200,8100,8190,8683,0.0
2024-04-03,8170,8230,8130,8230,21376,0.004884004884004867
2024-04-04,8210,8940,8210,8370,373091,0.017010935601458055
2024-04-05,8420,9400,8000,8400,921687,0.0035842293906809264
2024-04-08,8500,8720,8400,8630,129012,0.027380952380952284
2024-04-09,8550,8690,8170,8300,98279,-0.03823870220162229
2024-04-11,8300,8500,8110,8450,38047,0.01807228915662651
2024-04-12,8450,8670,8370,8520,49475,0.008284023668639007
2024-04-15,8320,8740,8320,8610,69004,0.010563380281690238
2024-04-16,8560,8650,8300,8600,68728,-0.0011614401858304202
2024-04-17,8650,8730,8500,8650,55995,0.005813953488372103
2024-04-18,8660,8660,8410,8540,35765,-0.012716763005780396
2024-04-19,8540,8650,8150,8380,62389,-0.0187353629976581
2024-04-22,8300,8460,8190,8310,16394,-0.00835322195704058
2024-04-23,8310,8650,8310,8500,40253,0.022864019253910906
2024-04-24,8510,8710,8430,8490,44963,-0.0011764705882353343
2024-04-25,8510,8590,8470,8540,15476,0.005889281507656108
2024-04-26,8570,8860,8460,8750,97947,0.024590163934426146
2024-04-29,8880,8950,8750,8830,50365,0.00914285714285712
2024-04-30,8830,8870,8700,8830,29905,0.0
2024-05-02,8800,9370,8800,9050,109034,0.02491506228765572
2024-05-03,9050,9180,8900,9060,16684,0.0011049723756906271
2024-05-07,9100,9100,8920,9000,21066,-0.0066225165562914245
2024-05-08,8990,9050,8910,8930,22982,-0.007777777777777772
2024-05-09,8930,8960,8750,8920,18886,-0.0011198208286674616
2024-05-10,8940,8960,8840,8910,12204,-0.0011210762331838042
2024-05-13,8840,8990,8720,8830,15223,-0.008978675645342271
2024-05-14,8720,8930,8720,8840,21692,0.0011325028312569874
2024-05-16,8800,8920,8770,8910,21772,0.007918552036199067
2024-05-17,8970,8970,8720,8830,14637,-0.008978675645342271
2024-05-20,8800,8800,8650,8770,25579,-0.006795016987542479
2024-05-21,8670,8760,8570,8700,22074,-0.007981755986317007
2024-05-22,8580,8670,8580,8610,22562,-0.010344827586206917
2024-05-23,8640,8770,8410,8720,29799,0.012775842044134622
2024-05-24,8710,8820,8590,8640,18605,-0.00917431192660545
2024-05-27,8680,8780,8570,8650,14443,0.0011574074074074403
2024-05-28,8630,9050,8630,8990,53138,0.03930635838150298
2024-05-29,8970,8970,8800,8950,28398,-0.004449388209121219
2024-05-30,8880,8880,8600,8640,18680,-0.03463687150837991
2024-05-31,8650,8740,8500,8570,18680,-0.00810185185185186
2024-06-03,8570,8710,8500,8610,13982,0.004667444574095736
2024-06-04,8580,8750,8310,8360,27172,-0.029036004645760727
2024-06-05,8360,8490,8340,8430,10107,0.00837320574162681
2024-06-07,8450,8480,8390,8430,8773,0.0
2024-06-10,8450,8470,8370,8440,4671,0.0011862396204034287
2024-06-11,8410,8550,8370,8430,9499,-0.0011848341232227888
2024-06-12,8410,8490,8370,8400,17217,-0.003558718861209953
2024-06-13,8470,8470,8160,8280,56829,-0.014285714285714235
2024-06-14,8270,8380,8210,8250,13711,-0.0036231884057971175
2024-06-17,8270,8270,8180,8250,15770,0.0
2024-06-18,8250,8250,8160,8180,11017,-0.00848484848484854
2024-06-19,8180,8200,8050,8160,18935,-0.0024449877750610804
2024-06-20,8100,8170,8080,8170,6908,0.001225490196078427
2024-06-21,8130,8250,8030,8180,9675,0.001223990208078396
2024-06-24,8230,8230,8100,8150,10110,-0.003667481662591676
2024-06-25,8150,8200,8080,8150,11157,0.0
