Date,Open,High,Low,Close,Volume,Change
2022-01-03,3935,3995,3930,3980,240771,0.012722646310432628
2022-01-04,3980,4050,3965,4050,342412,0.017587939698492372
2022-01-05,4045,4045,3955,3975,277607,-0.01851851851851849
2022-01-06,3930,3950,3845,3850,372182,-0.03144654088050314
2022-01-07,3855,3925,3855,3910,116957,0.01558441558441559
2022-01-10,3910,3925,3810,3820,218693,-0.023017902813299185
2022-01-11,3815,3835,3740,3745,222448,-0.01963350785340312
2022-01-12,3745,3795,3735,3765,178910,0.005340453938584844
2022-01-13,3795,3800,3735,3755,176372,-0.0026560424966799445
2022-01-14,3705,3755,3685,3710,209389,-0.011984021304926817
2022-01-17,3710,3710,3575,3600,265612,-0.029649595687331498
2022-01-18,3570,3630,3515,3520,186956,-0.022222222222222254
2022-01-19,3485,3540,3410,3435,201878,-0.024147727272727293
2022-01-20,3410,3545,3410,3520,198005,0.024745269286754024
2022-01-21,3530,3560,3440,3450,212189,-0.019886363636363646
2022-01-24,3430,3450,3305,3335,317640,-0.033333333333333326
2022-01-25,3335,3485,3160,3210,699953,-0.03748125937031488
2022-01-26,3200,3360,3190,3280,412394,0.02180685358255441
2022-01-27,3280,3370,3190,3190,385327,-0.027439024390243927
2022-01-28,3180,3420,3110,3365,998233,0.054858934169278895
2022-02-03,3380,3425,3365,3400,300375,0.010401188707280795
2022-02-04,3370,3630,3365,3500,1237079,0.02941176470588225
2022-02-07,3515,3520,3400,3425,254543,-0.021428571428571463
2022-02-08,3430,3525,3410,3440,253451,0.004379562043795637
2022-02-09,3460,3535,3460,3505,163901,0.018895348837209225
2022-02-10,3540,3550,3455,3490,171205,-0.004279600570613384
2022-02-11,3410,3475,3380,3385,160939,-0.03008595988538687
2022-02-14,3320,3385,3255,3280,293853,-0.03101920236336775
2022-02-15,3265,3415,3265,3300,268066,0.0060975609756097615
2022-02-16,3395,3505,3360,3495,367254,0.05909090909090908
2022-02-17,3535,3730,3460,3490,1207846,-0.0014306151645206988
2022-02-18,3470,3585,3465,3560,280691,0.02005730659025784
2022-02-21,3550,3555,3470,3555,166230,-0.001404494382022503
2022-02-22,3470,3520,3415,3475,215079,-0.02250351617440227
2022-02-23,3465,3535,3465,3485,143442,0.0028776978417266452
2022-02-24,3480,3480,3310,3335,221439,-0.04304160688665715
2022-02-25,3360,3420,3355,3355,171209,0.0059970014992503096
2022-02-28,3355,3420,3345,3385,135255,0.008941877794336861
2022-03-02,3385,3480,3310,3465,155738,0.02363367799113747
2022-03-03,3500,3535,3470,3530,131657,0.018759018759018753
2022-03-04,3530,3675,3480,3570,927215,0.011331444759206777
2022-03-07,3570,3605,3440,3470,273697,-0.02801120448179273
2022-03-08,3400,3435,3355,3370,212737,-0.028818443804034533
2022-03-10,3400,3450,3400,3430,92097,0.017804154302670572
2022-03-11,3450,3510,3440,3510,142740,0.023323615160349753
2022-03-14,3520,3520,3425,3435,161955,-0.021367521367521403
2022-03-15,3435,3590,3435,3475,330242,0.011644832605531397
2022-03-16,3495,3555,3485,3535,151779,0.01726618705035965
2022-03-17,3570,3575,3525,3530,149650,-0.0014144271570014633
2022-03-18,3545,3585,3520,3570,150470,0.011331444759206777
2022-03-21,3555,3660,3550,3635,312432,0.0182072829131652
2022-03-22,3605,3680,3590,3630,203234,-0.0013755158184318717
2022-03-23,3630,3655,3580,3590,207757,-0.011019283746556474
2022-03-24,3555,3645,3555,3645,183163,0.01532033426183843
2022-03-25,3650,3655,3605,3610,145409,-0.009602194787380003
2022-03-28,3615,3630,3560,3575,116923,-0.00969529085872578
2022-03-29,3585,3600,3540,3570,154540,-0.0013986013986013734
2022-03-30,3625,4640,3600,4345,43155271,0.21708683473389345
2022-03-31,4315,4475,4245,4355,11189821,0.0023014959723819395
2022-04-01,4265,4275,4055,4165,3327487,-0.04362801377726755
2022-04-04,4145,4380,4090,4380,4725750,0.05162064825930379
2022-04-05,4280,4380,4200,4310,3680267,-0.01598173515981738
2022-04-06,4555,4760,4155,4165,14981695,-0.033642691415313175
2022-04-07,4115,4300,4035,4095,3767316,-0.01680672268907568
2022-04-08,4120,4325,3945,4115,5864656,0.004884004884004867
2022-04-11,4205,4515,4140,4455,14484768,0.08262454434993916
2022-04-12,4340,4510,4150,4185,5146457,-0.06060606060606055
2022-04-13,4210,4225,4115,4120,1280469,-0.015531660692950977
2022-04-14,4140,4475,4040,4345,6103763,0.05461165048543681
2022-04-15,4255,4340,4150,4270,2034041,-0.017261219792865323
2022-04-18,4295,4560,4175,4505,9517900,0.05503512880562056
2022-04-19,4420,4630,4320,4470,5380638,-0.007769145394006638
2022-04-20,4520,4775,4375,4440,11637963,-0.006711409395973145
2022-04-21,4410,4410,4255,4275,2027974,-0.03716216216216217
2022-04-22,4275,4515,4220,4345,3884137,0.01637426900584793
2022-04-25,4250,4595,4230,4435,4732869,0.020713463751438344
2022-04-26,4480,4760,4400,4455,9394282,0.004509582863585049
2022-04-27,4425,4975,4405,4965,24023078,0.1144781144781144
2022-04-28,4735,4745,4470,4470,5341567,-0.09969788519637457
2022-04-29,4530,4610,4370,4375,2516055,-0.021252796420581643
2022-05-02,4280,4365,4255,4305,1077989,-0.016000000000000014
2022-05-03,4315,4340,4140,4150,2331628,-0.03600464576074336
2022-05-04,4150,4210,4050,4060,941283,-0.02168674698795181
2022-05-06,4035,4275,4005,4175,2363762,0.028325123152709297
2022-05-09,4105,4115,3995,3995,812378,-0.04311377245508985
2022-05-10,3940,3975,3780,3905,837587,-0.02252816020025028
2022-05-11,3910,4320,3900,4060,5638067,0.03969270166453276
2022-05-12,4060,4225,3965,3995,1946696,-0.016009852216748777
2022-05-13,4030,4090,3980,3985,610027,-0.0025031289111389077
2022-05-16,4020,4195,4015,4065,1087527,0.020075282308657405
2022-05-17,4070,4140,4050,4100,470126,0.008610086100861114
2022-05-18,4160,4285,4070,4220,2146769,0.029268292682926855
2022-05-19,4050,4145,3995,4025,857473,-0.04620853080568721
2022-05-20,4030,4100,4005,4055,491065,0.007453416149068248
2022-05-23,4060,4125,4030,4050,437850,-0.0012330456226880004
2022-05-24,4105,4270,4070,4095,1250552,0.011111111111111072
2022-05-25,4150,4270,4090,4120,1055587,0.006105006105006083
2022-05-26,4110,4255,4100,4165,1825188,0.010922330097087318
2022-05-27,4225,4245,4095,4115,814301,-0.01200480192076836
2022-05-30,4115,4165,4095,4105,397438,-0.002430133657351119
2022-05-31,4130,4185,4085,4120,412618,0.0036540803897686658
2022-06-02,4120,4165,4095,4110,279271,-0.0024271844660194164
2022-06-03,4125,4260,4095,4200,1696343,0.021897810218978186
2022-06-07,4280,4290,4160,4225,1234622,0.005952380952380931
2022-06-08,4260,4395,4195,4395,2677734,0.04023668639053257
2022-06-09,4405,4410,4260,4365,1801089,-0.0068259385665528916
2022-06-10,4300,4340,4130,4140,1070866,-0.05154639175257736
2022-06-13,4005,4030,3855,3860,862491,-0.06763285024154586
2022-06-14,3730,3925,3660,3730,680429,-0.033678756476683946
2022-06-15,3700,3850,3690,3775,803962,0.012064343163538771
2022-06-16,3775,3940,3775,3870,604764,0.02516556291390737
2022-06-17,3805,3885,3665,3860,568472,-0.0025839793281653423
2022-06-20,3905,3915,3610,3655,505783,-0.05310880829015541
2022-06-21,3665,3765,3655,3710,354729,0.015047879616963078
2022-06-22,3710,3845,3555,3585,495362,-0.03369272237196763
2022-06-23,3590,3620,3275,3450,1252338,-0.03765690376569042
2022-06-24,3410,3535,3410,3475,446389,0.007246376811594235
2022-06-27,3515,3615,3435,3590,357574,0.03309352517985609
2022-06-28,3565,3615,3490,3575,361152,-0.004178272980501441
2022-06-29,3540,3595,3500,3525,236952,-0.013986013986013957
2022-06-30,3515,3525,3375,3375,301514,-0.04255319148936165
2022-07-01,3355,3440,3210,3280,337641,-0.028148148148148144
2022-07-04,3285,3315,3030,3110,648722,-0.05182926829268297
2022-07-05,3110,3240,3085,3235,302515,0.04019292604501601
2022-07-06,3215,3245,3140,3150,216233,-0.026275115919629055
2022-07-07,3180,3240,3150,3240,200826,0.02857142857142847
2022-07-08,3245,3310,3235,3280,229231,0.012345679012345734
2022-07-11,3285,3385,3220,3265,212453,-0.004573170731707266
2022-07-12,3215,3250,3125,3195,237465,-0.02143950995405819
2022-07-13,3160,3365,3125,3200,508598,0.0015649452269170805
2022-07-14,3180,3250,3165,3200,175803,0.0
2022-07-15,3200,3230,3065,3145,331200,-0.017187500000000022
2022-07-18,3175,3235,3165,3225,165891,0.025437201907790197
2022-07-19,3245,3260,3200,3260,143899,0.010852713178294504
2022-07-20,3300,3320,3260,3265,191232,0.0015337423312884457
2022-07-21,3285,3375,3275,3335,389065,0.0214395099540583
2022-07-22,3370,3390,3250,3275,294836,-0.01799100449775115
2022-07-25,3270,3310,3255,3300,143178,0.007633587786259444
2022-07-26,3300,3345,3280,3325,111753,0.007575757575757569
2022-07-27,3325,3365,3300,3340,156550,0.004511278195488799
2022-07-28,3340,3390,3335,3350,164895,0.0029940119760478723
2022-07-29,3350,3440,3340,3395,248322,0.013432835820895495
2022-08-01,3440,3440,3370,3410,132299,0.004418262150220897
2022-08-02,3390,3415,3335,3345,182929,-0.019061583577712593
2022-08-03,3350,3415,3335,3415,148597,0.020926756352765308
2022-08-04,3450,3510,3425,3470,251841,0.016105417276720324
2022-08-05,3500,3560,3455,3470,358318,0.0
2022-08-08,3470,3470,3390,3420,122135,-0.014409221902017322
2022-08-09,3420,3455,3400,3420,127268,0.0
2022-08-10,3455,3555,3385,3415,350446,-0.0014619883040936088
2022-08-11,3435,3505,3435,3490,169735,0.02196193265007329
2022-08-12,3495,3795,3465,3560,2466959,0.02005730659025784
2022-08-16,3575,3585,3495,3510,363025,-0.014044943820224698
2022-08-17,3545,3605,3400,3410,370568,-0.028490028490028463
2022-08-18,3380,3410,3330,3405,226179,-0.0014662756598240456
2022-08-19,3385,3425,3330,3345,218778,-0.017621145374449365
2022-08-22,3325,3345,3245,3255,212748,-0.026905829596412523
2022-08-23,3250,3250,3165,3165,267421,-0.027649769585253448
2022-08-24,3185,3240,3175,3205,107359,0.012638230647709303
2022-08-25,3210,3315,3205,3300,145040,0.029641185647425905
2022-08-26,3345,3345,3265,3290,145878,-0.00303030303030305
2022-08-29,3155,3205,3100,3170,150794,-0.03647416413373861
2022-08-30,3170,3235,3155,3185,130822,0.004731861198738141
2022-08-31,3180,3270,3165,3260,117088,0.023547880690737877
2022-09-01,3260,3260,3185,3190,126933,-0.021472392638036797
2022-09-02,3205,3250,3155,3180,128595,-0.0031347962382445305
2022-09-05,3160,3185,3130,3140,96619,-0.012578616352201255
2022-09-06,3185,3220,3140,3210,81624,0.022292993630573354
2022-09-07,3230,3235,3100,3135,119026,-0.02336448598130836
2022-09-08,3145,3180,3110,3125,107562,-0.0031897926634768536
2022-09-13,3150,3210,3150,3200,117942,0.02400000000000002
2022-09-14,3075,3185,3070,3155,101300,-0.014062499999999978
2022-09-15,3205,3285,3145,3185,139365,0.009508716323296307
2022-09-16,3150,3165,3095,3100,117842,-0.026687598116169498
2022-09-19,3095,3120,3000,3000,184798,-0.032258064516129004
2022-09-20,3000,3070,3000,3070,94238,0.023333333333333428
2022-09-21,3050,3100,3035,3075,91704,0.0016286644951140072
2022-09-22,3040,3040,2945,3030,164241,-0.014634146341463428
2022-09-23,3010,3045,2910,2925,143713,-0.034653465346534684
2022-09-26,2900,2910,2590,2630,488875,-0.10085470085470083
2022-09-27,2615,2685,2580,2600,240412,-0.011406844106463865
2022-09-28,2585,2675,2450,2490,247415,-0.04230769230769227
2022-09-29,2505,2640,2505,2540,127581,0.02008032128514059
2022-09-30,2465,2550,2455,2540,92831,0.0
2022-10-04,2580,2650,2555,2645,110476,0.04133858267716528
2022-10-05,2685,2695,2580,2615,93395,-0.011342155009451793
2022-10-06,2615,2695,2615,2680,78999,0.0248565965583174
2022-10-07,2675,2710,2635,2680,77953,0.0
2022-10-11,2665,2665,2510,2520,78624,-0.05970149253731338
2022-10-12,2500,2520,2430,2480,88733,-0.015873015873015928
2022-10-13,2460,2525,2325,2325,158395,-0.0625
2022-10-14,2360,2470,2360,2470,135904,0.06236559139784936
2022-10-17,2445,2515,2400,2515,62274,0.018218623481781382
2022-10-18,2540,2580,2520,2570,53826,0.021868787276341894
2022-10-19,2570,2620,2555,2570,66047,0.0
2022-10-20,2535,2595,2500,2550,57491,-0.0077821011673151474
2022-10-21,2505,2530,2455,2455,81234,-0.03725490196078429
2022-10-24,2515,2545,2475,2480,73071,0.010183299389002087
2022-10-25,2525,2535,2490,2525,45078,0.01814516129032251
2022-10-26,2525,2540,2465,2485,47594,-0.015841584158415856
2022-10-27,2510,2550,2490,2535,73587,0.02012072434607637
2022-10-28,2535,2870,2515,2525,1422787,-0.0039447731755424265
2022-10-31,2550,2595,2515,2585,206811,0.023762376237623783
2022-11-01,2595,2645,2555,2625,215710,0.015473887814313247
2022-11-02,2620,2645,2590,2615,115051,-0.003809523809523818
2022-11-03,2565,2610,2565,2595,84028,-0.007648183556405397
2022-11-04,2590,2610,2555,2580,55016,-0.005780346820809301
2022-11-07,2595,2660,2580,2640,179361,0.023255813953488413
2022-11-08,2670,2820,2665,2775,462047,0.051136363636363535
2022-11-09,2755,2805,2755,2770,140681,-0.0018018018018017834
2022-11-10,2800,2815,2745,2805,196687,0.012635379061371799
2022-11-11,2855,2865,2795,2805,245288,0.0
2022-11-14,2840,2840,2780,2780,140069,-0.0089126559714795
2022-11-15,2785,2885,2785,2870,213982,0.03237410071942448
2022-11-16,2890,2925,2795,2860,212800,-0.0034843205574912606
2022-11-17,2860,2875,2770,2785,135990,-0.02622377622377625
2022-11-18,2830,3040,2830,2865,1031797,0.02872531418312385
2022-11-21,2915,2940,2770,2800,315624,-0.022687609075043635
2022-11-22,2750,3060,2735,2885,1970854,0.03035714285714275
2022-11-23,2895,3015,2890,3000,583079,0.03986135181975747
2022-11-24,2995,3050,2935,2960,355539,-0.013333333333333308
2022-11-25,2960,3000,2925,2930,153203,-0.010135135135135087
2022-11-28,3000,3120,2950,3015,596213,0.029010238907849928
2022-11-29,2990,3100,2985,3035,418070,0.0066334991708125735
2022-11-30,3015,3030,2975,3025,150646,-0.0032948929159802853
2022-12-01,3030,3055,3015,3035,189692,0.0033057851239668423
2022-12-02,3025,3025,2950,2990,118405,-0.014827018121911006
2022-12-05,2990,3025,2955,2995,106525,0.0016722408026756952
2022-12-06,2995,3025,2905,2925,169329,-0.023372287145242088
2022-12-07,2915,2970,2885,2940,86970,0.00512820512820511
2022-12-08,2955,2975,2875,2940,149049,0.0
2022-12-09,2940,3025,2925,2975,121671,0.011904761904761862
2022-12-12,2970,2990,2930,2960,79855,-0.005042016806722671
2022-12-13,2950,2985,2920,2960,91770,0.0
2022-12-14,2975,2985,2950,2975,92457,0.0050675675675675436
2022-12-15,2970,3010,2955,2970,107457,-0.001680672268907557
2022-12-16,2940,2950,2900,2945,72644,-0.008417508417508435
2022-12-19,2920,2975,2885,2970,117897,0.008488964346349714
2022-12-20,3080,3140,2850,2855,725322,-0.03872053872053871
2022-12-21,2860,2885,2830,2860,114435,0.0017513134851139256
2022-12-22,2860,2920,2860,2895,82411,0.012237762237762295
2022-12-23,2890,2890,2780,2800,102384,-0.032815198618307395
2022-12-26,2795,2795,2720,2720,111369,-0.02857142857142858
2022-12-27,2775,2870,2760,2850,178510,0.047794117647058876
2022-12-28,2825,2900,2805,2880,149622,0.010526315789473717
2022-12-29,2845,2855,2765,2820,114788,-0.02083333333333337
2023-01-02,2795,2835,2715,2725,83334,-0.03368794326241131
2023-01-03,2700,2745,2620,2735,195360,0.003669724770642091
2023-01-04,2680,2760,2665,2755,106585,0.007312614259597838
2023-01-05,2770,2770,2720,2725,70659,-0.010889292196007205
2023-01-06,2715,2845,2715,2820,193033,0.034862385321100975
2023-01-09,2870,2925,2830,2920,165187,0.03546099290780136
2023-01-10,2925,2935,2885,2925,65043,0.001712328767123239
2023-01-11,2930,3000,2925,2980,274020,0.018803418803418737
2023-01-12,2990,3015,2945,2970,140583,-0.003355704697986628
2023-01-13,3000,3020,2955,2995,140477,0.008417508417508435
2023-01-16,2995,3030,2970,3010,107559,0.005008347245408995
2023-01-17,3010,3045,2975,3000,157071,-0.0033222591362126463
2023-01-18,3005,3010,2975,2995,68740,-0.0016666666666667052
2023-01-19,2990,2995,2945,2945,97295,-0.016694490818030094
2023-01-20,2960,2990,2910,2970,57782,0.008488964346349714
2023-01-25,3010,3020,2980,2985,107295,0.005050505050504972
2023-01-26,2985,3060,2985,3020,196590,0.011725293132328396
2023-01-27,3020,3065,3020,3050,124035,0.009933774834437026
2023-01-30,3035,3060,3005,3050,89258,0.0
2023-01-31,3050,3155,3030,3125,329156,0.024590163934426146
2023-02-01,3130,3155,3095,3135,127036,0.0032000000000000917
2023-02-02,3170,3185,3120,3135,123199,0.0
2023-02-03,3140,3170,3095,3165,119414,0.009569377990430672
2023-02-06,3145,3170,3110,3170,105292,0.0015797788309637184
2023-02-07,3140,3310,3140,3295,414245,0.039432176656151396
2023-02-08,3285,3315,3240,3240,213165,-0.01669195751138086
2023-02-09,3240,3255,3140,3160,242383,-0.024691358024691357
2023-02-10,3190,3205,3085,3100,144554,-0.01898734177215189
2023-02-13,3100,3105,3020,3100,125908,0.0
2023-02-14,3105,3150,3095,3110,109936,0.003225806451612856
2023-02-15,3110,3120,3015,3025,140545,-0.02733118971061088
2023-02-16,3025,3055,3000,3050,80148,0.008264462809917328
2023-02-17,3030,3045,3005,3030,41873,-0.006557377049180357
2023-02-20,3025,3040,2980,3040,72689,0.0033003300330032292
2023-02-21,3040,3045,3000,3030,76451,-0.003289473684210509
2023-02-22,3015,3015,2955,2970,138335,-0.01980198019801982
2023-02-23,2970,2995,2925,2975,139956,0.0016835016835017313
2023-02-24,3005,3010,2905,2920,128139,-0.01848739495798324
2023-02-27,2900,2900,2835,2900,115709,-0.006849315068493178
2023-02-28,2860,2930,2860,2910,42238,0.0034482758620688614
2023-03-02,2915,3030,2890,2940,166065,0.010309278350515427
2023-03-03,2955,2995,2930,2990,142354,0.017006802721088343
2023-03-06,3100,3235,3020,3140,1174790,0.050167224080267525
2023-03-07,3180,3180,3080,3090,153504,-0.015923566878980888
2023-03-08,3060,3070,2995,3010,121276,-0.02588996763754048
2023-03-09,3015,3025,2925,3025,261873,0.004983388704318914
2023-03-10,2985,2985,2885,2905,254343,-0.03966942148760333
2023-03-13,2895,2895,2790,2850,139538,-0.018932874354561147
2023-03-14,2830,2850,2715,2725,217260,-0.04385964912280704
2023-03-15,2740,2820,2740,2810,200854,0.031192660550458662
2023-03-16,2810,2810,2725,2785,109443,-0.008896797153024938
2023-03-17,2815,2840,2785,2835,51262,0.01795332136445249
2023-03-20,2835,2855,2790,2805,63290,-0.010582010582010581
2023-03-21,2820,2835,2760,2770,102362,-0.012477718360071277
2023-03-22,2800,2800,2700,2705,261370,-0.023465703971119134
2023-03-23,2695,2700,2640,2640,217456,-0.02402957486136781
2023-03-24,2650,2695,2630,2685,103528,0.017045454545454586
2023-03-27,2685,2695,2615,2670,92580,-0.005586592178770999
2023-03-28,2650,2710,2650,2700,79282,0.011235955056179803
2023-03-29,2700,2755,2700,2755,92988,0.020370370370370372
2023-03-30,2770,2800,2745,2785,138877,0.010889292196007316
2023-03-31,2850,2910,2830,2835,410300,0.01795332136445249
2023-04-03,2840,2860,2780,2805,123534,-0.010582010582010581
2023-04-04,2820,2850,2755,2845,174517,0.01426024955436711
2023-04-05,2845,2870,2805,2835,218781,-0.0035149384885764245
2023-04-06,2820,2890,2760,2830,246519,-0.0017636684303351524
2023-04-07,2820,2860,2795,2830,106699,0.0
2023-04-10,2910,3145,2740,3145,1318377,0.11130742049469955
2023-04-11,3145,3310,3110,3190,1022955,0.014308426073131875
2023-04-12,3215,3240,3140,3165,343297,-0.00783699059561127
2023-04-13,3165,3260,3125,3225,364273,0.018957345971563955
2023-04-14,3225,3245,3115,3195,361116,-0.009302325581395321
2023-04-17,3180,3355,3125,3250,484056,0.017214397496087663
2023-04-18,3270,3330,3190,3210,511579,-0.012307692307692353
2023-04-19,3195,3225,3175,3215,137121,0.0015576323987538387
2023-04-20,3210,3215,3090,3130,259059,-0.026438569206842955
2023-04-21,3070,3110,3010,3040,174467,-0.028753993610223683
2023-04-24,3020,3060,2920,2930,173741,-0.03618421052631582
2023-04-25,2925,2975,2840,2910,152200,-0.0068259385665528916
2023-04-26,2900,2975,2885,2910,113216,0.0
2023-04-27,2905,3010,2860,3005,168625,0.03264604810996574
2023-04-28,2985,3075,2915,2960,193863,-0.014975041597337757
2023-05-02,2960,2960,2900,2910,177706,-0.016891891891891886
2023-05-03,2880,2940,2880,2905,157639,-0.0017182130584192379
2023-05-04,2905,2905,2850,2885,102571,-0.0068846815834767705
2023-05-08,2890,2970,2890,2935,122550,0.017331022530329365
2023-05-09,2920,2935,2875,2905,92355,-0.010221465076660996
2023-05-10,2905,3045,2905,2955,352995,0.01721170395869187
2023-05-11,2960,3040,2895,2910,339477,-0.015228426395939132
2023-05-12,2905,2910,2820,2895,295847,-0.005154639175257714
2023-05-15,2900,2905,2810,2825,143954,-0.024179620034542326
2023-05-16,2815,2850,2755,2780,159922,-0.015929203539822967
2023-05-17,2795,2830,2780,2810,59633,0.010791366906474753
2023-05-18,2825,2855,2785,2790,110005,-0.007117437722419906
2023-05-19,2795,2845,2795,2845,113966,0.019713261648745428
2023-05-22,2845,2870,2830,2855,92058,0.0035149384885764245
2023-05-23,2855,2880,2835,2880,107353,0.008756567425569184
2023-05-24,2865,2865,2815,2825,124734,-0.01909722222222221
2023-05-25,2815,2835,2800,2805,77419,-0.0070796460176991705
2023-05-26,2815,2830,2780,2800,98599,-0.0017825311942959443
2023-05-30,2810,2810,2760,2770,143720,-0.010714285714285676
2023-05-31,2775,2795,2755,2775,88178,0.0018050541516245744
2023-06-01,2775,2785,2705,2750,74992,-0.009009009009009028
2023-06-02,2750,2780,2725,2750,108690,0.0
2023-06-05,2750,2785,2750,2785,85545,0.012727272727272698
2023-06-07,2785,2850,2785,2840,168955,0.019748653500897717
2023-06-08,2845,2850,2805,2840,72359,0.0
2023-06-09,2840,2850,2815,2830,75307,-0.0035211267605633756
2023-06-12,2820,2850,2795,2820,115638,-0.0035335689045936647
2023-06-13,2820,2835,2780,2815,109890,-0.0017730496453900457
2023-06-14,2830,2830,2745,2765,119112,-0.017761989342806372
2023-06-15,2780,2780,2725,2740,91232,-0.009041591320072317
2023-06-16,2750,2820,2725,2805,203717,0.02372262773722622
2023-06-19,2800,2815,2775,2800,90367,-0.0017825311942959443
2023-06-20,2795,2860,2750,2790,127173,-0.0035714285714285587
2023-06-21,2790,2810,2730,2735,134540,-0.01971326164874554
2023-06-22,2725,2755,2710,2735,76446,0.0
2023-06-23,2735,2735,2670,2670,182157,-0.02376599634369292
2023-06-26,2720,2755,2650,2715,171350,0.016853932584269593
2023-06-27,2715,2750,2705,2750,58021,0.012891344383057168
2023-06-28,2735,2755,2725,2735,66018,-0.00545454545454549
2023-06-29,2750,2755,2705,2725,111361,-0.003656307129798919
2023-06-30,2710,2735,2710,2735,147535,0.003669724770642091
2023-07-03,2735,2760,2710,2750,83965,0.005484460694698434
2023-07-04,2735,2760,2720,2750,70138,0.0
2023-07-05,2750,2755,2675,2675,150524,-0.027272727272727226
2023-07-06,2675,2680,2590,2590,173851,-0.03177570093457949
2023-07-07,2585,2585,2550,2560,71009,-0.01158301158301156
2023-07-10,2545,2590,2545,2585,64664,0.009765625
2023-07-11,2580,2610,2565,2585,36100,0.0
2023-07-12,2600,2615,2580,2615,43728,0.011605415860735047
2023-07-13,2615,2645,2590,2600,63559,-0.005736137667303964
2023-07-14,2590,2615,2550,2570,110359,-0.011538461538461497
2023-07-17,2570,2670,2555,2655,143316,0.0330739299610896
2023-07-18,2655,2685,2610,2640,64042,-0.005649717514124242
2023-07-19,2690,2690,2590,2630,102155,-0.0037878787878787845
2023-07-20,2600,2640,2600,2630,28582,0.0
2023-07-21,2630,2655,2545,2615,112168,-0.005703422053231932
2023-07-24,2610,2610,2505,2540,212439,-0.028680688336520044
2023-07-25,2550,2555,2485,2490,180494,-0.019685039370078705
2023-07-26,2490,2495,2305,2365,519172,-0.050200803212851364
2023-07-27,2355,2485,2355,2440,114322,0.031712473572938604
2023-07-28,2400,2495,2400,2495,87836,0.02254098360655732
2023-07-31,2500,2510,2470,2500,52891,0.002004008016031955
2023-08-01,2500,2545,2430,2535,93500,0.014000000000000012
2023-08-02,2545,2545,2470,2515,94509,-0.007889546351084853
2023-08-03,2480,2510,2445,2500,52157,-0.005964214711729587
2023-08-04,2480,2525,2455,2525,84026,0.010000000000000009
2023-08-07,2525,2525,2450,2520,59506,-0.001980198019801982
2023-08-08,2490,2500,2450,2470,92516,-0.019841269841269882
2023-08-09,2450,2495,2450,2460,76982,-0.004048582995951455
2023-08-10,2460,2520,2455,2505,97343,0.018292682926829285
2023-08-11,2505,2625,2495,2620,308838,0.045908183632734634
2023-08-14,2615,2615,2555,2580,93864,-0.01526717557251911
2023-08-16,2570,2570,2500,2520,108395,-0.023255813953488413
2023-08-17,2485,2510,2440,2500,98235,-0.007936507936507908
2023-08-18,2500,2535,2470,2530,129826,0.01200000000000001
2023-08-21,2530,2530,2385,2445,94987,-0.03359683794466406
2023-08-22,2470,2470,2395,2420,107276,-0.010224948875255602
2023-08-23,2420,2440,2380,2410,61880,-0.004132231404958664
2023-08-24,2410,2435,2380,2405,62777,-0.0020746887966804906
2023-08-25,2405,2420,2390,2390,49304,-0.006237006237006182
2023-08-28,2400,2445,2385,2410,44944,0.008368200836819994
2023-08-29,2410,2450,2410,2440,72265,0.012448132780082943
2023-08-30,2450,2455,2415,2430,90727,-0.004098360655737654
2023-08-31,2430,2455,2415,2430,48075,0.0
2023-09-01,2430,2455,2425,2455,55913,0.010288065843621297
2023-09-04,2455,2475,2405,2475,61370,0.008146639511201537
2023-09-05,2470,2470,2425,2465,45271,-0.004040404040404066
2023-09-06,2470,2470,2430,2470,62383,0.0020283975659229903
2023-09-07,2455,2460,2425,2430,60118,-0.01619433198380571
2023-09-08,2495,2525,2445,2490,149948,0.024691358024691468
2023-09-11,2490,2525,2480,2505,71934,0.006024096385542244
2023-09-12,2500,2535,2480,2485,109449,-0.007984031936127733
2023-09-13,2485,2485,2450,2465,43972,-0.008048289738430636
2023-09-14,2470,2500,2450,2475,79397,0.0040567951318457585
2023-09-15,2505,2535,2475,2520,106965,0.018181818181818077
2023-09-18,2520,2530,2480,2490,27268,-0.011904761904761862
2023-09-19,2485,2500,2460,2460,32900,-0.012048192771084376
2023-09-20,2465,2490,2445,2480,41215,0.008130081300812941
2023-09-21,2480,2480,2420,2430,56796,-0.020161290322580627
2023-09-22,2430,2430,2395,2405,70739,-0.010288065843621408
2023-09-25,2405,2415,2370,2385,58739,-0.008316008316008316
2023-09-26,2385,2390,2330,2345,61889,-0.016771488469601636
2023-09-27,2345,2375,2320,2370,71458,0.010660980810234477
2023-10-04,2370,2370,2310,2315,114061,-0.02320675105485237
2023-10-05,2315,2335,2280,2300,53476,-0.006479481641468721
2023-10-06,2305,2350,2295,2300,49718,0.0
2023-10-10,2300,2345,2275,2310,89002,0.004347826086956497
2023-10-11,2310,2405,2310,2400,82652,0.03896103896103886
2023-10-12,2405,2425,2400,2420,29989,0.008333333333333304
2023-10-13,2420,2420,2380,2395,50273,-0.010330578512396715
2023-10-16,2395,2495,2345,2435,106100,0.016701461377870652
2023-10-17,2435,2450,2405,2435,37952,0.0
2023-10-18,2435,2590,2415,2465,208437,0.012320328542094527
2023-10-19,2465,2470,2400,2435,44626,-0.012170385395537497
2023-10-20,2415,2415,2345,2380,77768,-0.022587268993839782
2023-10-23,2380,2400,2345,2360,67031,-0.008403361344537785
2023-10-24,2360,2450,2350,2435,59786,0.03177966101694918
2023-10-25,2435,2480,2415,2435,39688,0.0
2023-10-26,2435,2435,2370,2395,39542,-0.01642710472279263
2023-10-27,2395,2415,2355,2370,62083,-0.01043841336116913
2023-10-30,2370,2410,2365,2405,17764,0.014767932489451407
2023-10-31,2405,2440,2380,2395,26491,-0.004158004158004158
2023-11-01,2400,2480,2400,2455,56075,0.025052192066805867
2023-11-02,2460,2495,2455,2490,51599,0.014256619144602745
2023-11-03,2490,2510,2490,2500,40914,0.004016064257028162
2023-11-06,2505,2535,2500,2530,55255,0.01200000000000001
2023-11-07,2530,2545,2470,2500,36339,-0.011857707509881465
2023-11-08,2500,2520,2500,2500,27316,0.0
2023-11-09,2500,2565,2500,2515,44522,0.006000000000000005
2023-11-10,2515,2570,2485,2550,63557,0.013916500994035852
2023-11-13,2550,2565,2475,2475,21593,-0.02941176470588236
2023-11-14,2480,2515,2480,2490,12098,0.0060606060606061
2023-11-15,2500,2575,2490,2515,93352,0.010040160642570184
2023-11-16,2515,2530,2450,2480,90034,-0.013916500994035741
2023-11-17,2485,2490,2455,2480,175180,0.0
2023-11-20,2490,2640,2485,2620,374623,0.056451612903225756
2023-11-21,2620,2630,2575,2600,73227,-0.007633587786259555
2023-11-22,2600,2615,2560,2610,84689,0.0038461538461538325
2023-11-23,2610,2610,2570,2570,49086,-0.01532567049808431
2023-11-24,2570,2615,2555,2555,75059,-0.005836575875486361
2023-11-27,2555,2570,2540,2555,78854,0.0
2023-11-28,2555,2570,2470,2525,84476,-0.011741682974559686
2023-11-29,2500,2530,2500,2510,84683,-0.005940594059405946
2023-11-30,2515,2575,2510,2550,108025,0.015936254980079667
2023-12-01,2555,2560,2505,2525,105292,-0.009803921568627416
2023-12-04,2535,2595,2520,2585,112738,0.023762376237623783
2023-12-05,2585,2590,2510,2525,63364,-0.023210831721469982
2023-12-06,2530,2565,2510,2525,75334,0.0
2023-12-07,2525,2545,2460,2470,47413,-0.0217821782178218
2023-12-08,2470,2495,2450,2480,50407,0.004048582995951344
2023-12-11,2480,2530,2480,2505,32416,0.010080645161290258
2023-12-12,2505,2520,2485,2495,22270,-0.003992015968063867
2023-12-13,2500,2510,2475,2490,30435,-0.002004008016032066
2023-12-14,2495,2525,2490,2505,81174,0.006024096385542244
2023-12-15,2510,2540,2500,2540,50773,0.013972055888223478
2023-12-18,2540,2610,2540,2585,159767,0.017716535433070835
2023-12-19,2610,2610,2515,2525,129347,-0.023210831721469982
2023-12-20,2540,2670,2525,2630,359469,0.04158415841584162
2023-12-21,2630,2635,2540,2540,136415,-0.034220532319391594
2023-12-22,2540,2575,2525,2540,63754,0.0
2023-12-26,2545,2590,2500,2525,98827,-0.0059055118110236116
2023-12-27,2525,2540,2440,2445,238712,-0.03168316831683171
2023-12-28,2460,2465,2425,2450,100582,0.002044989775051187
2024-01-02,2470,2480,2430,2450,83026,0.0
2024-01-03,2450,2465,2420,2440,67620,-0.004081632653061273
2024-01-04,2445,2685,2425,2535,702181,0.03893442622950816
2024-01-05,2535,2550,2470,2490,132657,-0.017751479289940808
2024-01-08,2495,2535,2490,2530,45630,0.016064257028112428
2024-01-09,2550,2550,2495,2500,74461,-0.011857707509881465
2024-01-10,2500,2555,2495,2555,113673,0.02200000000000002
2024-01-11,2560,2615,2535,2600,147781,0.017612524461839474
2024-01-12,2620,3220,2560,2740,19865190,0.05384615384615388
2024-01-15,2940,3205,2820,2860,22979165,0.04379562043795615
2024-01-16,2950,2980,2750,2805,3268798,-0.019230769230769273
2024-01-17,3240,3295,2760,2815,23688187,0.0035650623885918886
2024-01-18,2800,2830,2690,2815,2368171,0.0
2024-01-19,2750,2795,2690,2795,1830292,-0.007104795737122527
2024-01-22,2765,2775,2655,2700,1173082,-0.03398926654740608
2024-01-23,2660,2700,2580,2610,944216,-0.033333333333333326
2024-01-24,2635,2680,2495,2505,1046434,-0.04022988505747127
2024-01-25,2500,2505,2440,2470,434370,-0.013972055888223589
2024-01-26,2460,2495,2455,2475,373375,0.002024291497975783
2024-01-29,2495,2500,2435,2460,462462,-0.0060606060606061
2024-01-30,2460,2495,2440,2460,334079,0.0
2024-01-31,2455,2475,2430,2430,268964,-0.012195121951219523
2024-02-01,2430,2495,2405,2460,334303,0.012345679012345734
2024-02-02,2475,2500,2455,2485,282106,0.010162601626016343
2024-02-05,2500,2505,2460,2490,243568,0.002012072434607548
2024-02-06,2490,2510,2465,2485,281409,-0.002008032128514081
2024-02-07,2490,2520,2480,2510,256877,0.010060362173038184
2024-02-08,2515,2525,2485,2490,212582,-0.007968127490039834
2024-02-13,2495,2525,2485,2515,217519,0.010040160642570184
2024-02-14,2495,2530,2485,2525,137708,0.003976143141153132
2024-02-15,2535,2535,2500,2515,149675,-0.003960396039603964
2024-02-16,2515,2545,2505,2545,190386,0.011928429423459175
2024-02-19,2545,2600,2540,2575,253827,0.011787819253438192
2024-02-20,2575,2585,2530,2560,154289,-0.005825242718446644
2024-02-21,2555,2570,2535,2550,113745,-0.00390625
2024-02-22,2550,2585,2535,2550,126057,0.0
2024-02-23,2555,2565,2505,2515,207349,-0.013725490196078383
2024-02-26,2510,2520,2475,2475,194726,-0.015904572564612307
2024-02-27,2485,2485,2440,2450,200063,-0.010101010101010055
2024-02-28,2450,2470,2430,2450,102403,0.0
2024-02-29,2460,2470,2435,2460,111179,0.004081632653061273
2024-03-04,2485,2500,2470,2485,124732,0.010162601626016343
2024-03-05,2490,2500,2465,2470,114719,-0.006036217303822977
2024-03-06,2470,2475,2450,2450,109684,-0.0080971659919028
2024-03-07,2450,2465,2415,2430,161680,-0.008163265306122436
2024-03-08,2440,2460,2425,2440,152554,0.004115226337448652
2024-03-11,2415,2460,2415,2450,100945,0.004098360655737654
2024-03-12,2450,2455,2420,2425,125490,-0.010204081632653073
2024-03-13,2425,2455,2425,2450,163552,0.010309278350515427
2024-03-14,2450,2470,2435,2460,107160,0.004081632653061273
2024-03-15,2460,2470,2440,2460,78097,0.0
2024-03-18,2475,2485,2445,2475,156024,0.0060975609756097615
2024-03-19,2465,2480,2450,2465,81983,-0.004040404040404066
2024-03-20,2465,2480,2445,2455,154895,-0.0040567951318458695
2024-03-21,2460,2490,2450,2490,127937,0.014256619144602745
2024-03-22,2495,2510,2485,2505,84388,0.006024096385542244
2024-03-25,2525,2580,2495,2505,199312,0.0
2024-03-26,2500,2555,2490,2530,138038,0.009980039920159722
2024-03-27,2530,2570,2470,2490,308225,-0.015810276679841917
2024-03-28,2430,2465,2425,2455,219989,-0.014056224899598346
2024-03-29,2455,2465,2360,2390,263257,-0.02647657841140527
2024-04-01,2390,2410,2350,2390,161185,0.0
2024-04-02,2390,2495,2385,2430,257077,0.01673640167364021
2024-04-03,2405,2500,2395,2455,311456,0.010288065843621297
2024-04-04,2435,2445,2405,2405,74901,-0.020366598778004064
2024-04-05,2435,2435,2350,2350,201109,-0.022869022869022815
2024-04-08,2365,2370,2325,2345,95023,-0.0021276595744680327
2024-04-09,2335,2375,2320,2320,115427,-0.010660980810234588
2024-04-11,2320,2340,2290,2295,95030,-0.010775862068965525
2024-04-12,2295,2310,2285,2295,89496,0.0
2024-04-15,2295,2295,2245,2275,317976,-0.008714596949891074
2024-04-16,2270,2290,2240,2260,115888,-0.00659340659340657
2024-04-17,2250,2275,2225,2225,89282,-0.015486725663716783
2024-04-18,2210,2255,2205,2240,55481,0.006741573033707926
2024-04-19,2235,2305,2200,2240,376957,0.0
2024-04-22,2220,2250,2210,2235,106693,-0.0022321428571429047
2024-04-23,2235,2260,2235,2250,55238,0.006711409395973256
2024-04-24,2250,2285,2245,2280,76698,0.01333333333333342
2024-04-25,2275,2285,2250,2270,32445,-0.004385964912280715
2024-04-26,2270,2295,2255,2295,41181,0.011013215859030812
2024-04-29,2295,2310,2275,2280,79551,-0.006535947712418277
2024-04-30,2280,2295,2270,2290,47289,0.004385964912280604
2024-05-02,2285,2305,2265,2280,54935,-0.004366812227074246
2024-05-03,2275,2300,2270,2280,85555,0.0
2024-05-07,2285,2320,2275,2320,75492,0.01754385964912286
2024-05-08,2310,2340,2300,2340,80177,0.008620689655172376
2024-05-09,2340,2355,2320,2355,53136,0.0064102564102563875
2024-05-10,2350,2360,2330,2340,45742,-0.006369426751592355
2024-05-13,2340,2345,2315,2335,78359,-0.002136752136752129
2024-05-14,2315,2350,2315,2350,59733,0.0064239828693790635
2024-05-16,2350,2370,2325,2335,68732,-0.006382978723404209
2024-05-17,2370,2455,2370,2425,412907,0.03854389721627416
2024-05-20,2465,2500,2440,2440,420936,0.006185567010309256
2024-05-21,2875,2900,2730,2770,5440356,0.13524590163934436
2024-05-22,2790,2805,2755,2755,898909,-0.005415162454873612
2024-05-23,2755,2755,2690,2720,630624,-0.012704174228675091
2024-05-24,2705,2750,2700,2745,358369,0.009191176470588314
2024-05-27,2760,2760,2720,2735,268535,-0.0036429872495445936
2024-05-28,2735,2750,2725,2735,159524,0.0
2024-05-29,2745,2770,2735,2750,233183,0.005484460694698434
2024-05-30,2745,2770,2735,2750,237039,0.0
2024-05-31,2755,2775,2750,2765,200563,0.005454545454545379
2024-06-03,2760,2805,2755,2800,502134,0.012658227848101333
2024-06-04,2790,2805,2745,2770,451583,-0.010714285714285676
2024-06-05,2760,2770,2740,2765,423872,-0.0018050541516245744
2024-06-07,2750,2775,2550,2595,420906,-0.061482820976491825
2024-06-10,2615,2655,2585,2655,126076,0.023121387283236983
2024-06-11,2695,2885,2670,2815,705870,0.06026365348399243
2024-06-12,2790,2860,2780,2790,222475,-0.008880994671403242
2024-06-13,2790,2830,2760,2815,200861,0.008960573476702427
2024-06-14,2790,2835,2780,2830,146162,0.005328596802841812
2024-06-17,2830,2850,2805,2820,163983,-0.0035335689045936647
2024-06-18,2820,2825,2775,2780,92784,-0.014184397163120588
2024-06-19,2785,2795,2750,2755,82537,-0.008992805755395739
2024-06-20,2795,3295,2765,3115,5346664,0.13067150635208713
2024-06-21,3040,3155,3000,3100,542182,-0.0048154093097912964
2024-06-24,3130,3130,3010,3105,425979,0.001612903225806539
2024-06-25,3135,3320,3080,3175,741307,0.02254428341384873
2024-06-26,3175,3175,3055,3065,210646,-0.03464566929133861
2024-06-27,3065,3065,3000,3055,120495,-0.0032626427406199365
2024-06-28,3095,3155,3080,3135,164523,0.026186579378068675
2024-07-01,3155,3165,3085,3085,86442,-0.01594896331738438
2024-07-02,3045,3085,2950,2985,128141,-0.03241491085899517
2024-07-03,2985,3010,2835,2925,107658,-0.02010050251256279
2024-07-04,2930,2955,2890,2890,57724,-0.011965811965811923
2024-07-05,2890,2915,2810,2815,88253,-0.02595155709342556
2024-07-08,2810,2860,2810,2860,55368,0.015985790408525657
2024-07-09,2850,2890,2810,2835,53168,-0.00874125874125875
2024-07-10,2810,2860,2785,2785,54889,-0.01763668430335097
2024-07-11,2815,2850,2760,2795,83956,0.0035906642728904536
2024-07-12,2795,2810,2725,2740,73455,-0.019677996422182487
2024-07-15,2720,2765,2675,2735,47722,-0.0018248175182481452
2024-07-16,2735,2755,2685,2695,42815,-0.014625228519195566
2024-07-17,2670,2750,2670,2700,121788,0.0018552875695732052
2024-07-18,2715,2715,2635,2700,52488,0.0
2024-07-19,2690,2690,2605,2650,50804,-0.01851851851851849
2024-07-22,2625,2625,2560,2605,86941,-0.016981132075471694
2024-07-23,2580,2620,2570,2620,61992,0.0057581573896352545
2024-07-24,2600,2640,2570,2610,49338,-0.003816793893129722
2024-07-25,2605,2605,2545,2545,38010,-0.02490421455938696
2024-07-26,2540,2995,2540,2765,1818902,0.08644400785854622
2024-07-29,2750,2775,2660,2700,285710,-0.023508137432188048
2024-07-30,2705,3260,2705,2770,5827300,0.025925925925925908
2024-07-31,2730,2910,2695,2875,712611,0.03790613718411562
2024-08-01,2885,2980,2830,2900,517907,0.008695652173912993
2024-08-02,2900,3135,2800,2830,1326106,-0.024137931034482807
2024-08-05,2785,2835,2370,2475,446667,-0.1254416961130742
2024-08-06,2495,2915,2495,2625,722817,0.06060606060606055
2024-08-07,2625,2830,2625,2750,318379,0.04761904761904767
2024-08-08,2720,2750,2640,2645,172924,-0.038181818181818206
2024-08-09,2690,2735,2630,2675,149735,0.011342155009451904
2024-08-12,2660,2685,2515,2680,118298,0.0018691588785046953
2024-08-13,2695,2695,2585,2595,96934,-0.03171641791044777
2024-08-14,2605,2620,2520,2570,199123,-0.009633911368015391
2024-08-16,2610,2615,2550,2565,92689,-0.0019455252918287869
2024-08-19,2555,2600,2420,2455,425890,-0.042884990253411304
2024-08-20,2480,2530,2465,2520,72901,0.026476578411405383
2024-08-21,2520,2545,2475,2490,49310,-0.011904761904761862
2024-08-22,2505,2520,2450,2460,52822,-0.012048192771084376
2024-08-23,2435,2475,2430,2465,60900,0.00203252032520318
2024-08-26,2455,2475,2410,2420,82812,-0.018255578093306246
2024-08-27,2415,2435,2360,2420,102878,0.0
2024-08-28,2420,2450,2380,2410,76672,-0.004132231404958664
2024-08-29,2410,2410,2375,2410,51867,0.0
2024-08-30,2400,2415,2385,2410,56256,0.0
2024-09-02,2410,2420,2380,2420,27586,0.004149377593360981
2024-09-03,2420,2465,2410,2455,101069,0.01446280991735538
2024-09-04,2430,2430,2355,2355,138171,-0.04073319755600813
2024-09-05,2355,2720,2300,2330,2124027,-0.010615711252653925
2024-09-06,2330,2400,2285,2375,251225,0.0193133047210301
2024-09-09,2305,2400,2305,2390,115531,0.006315789473684275
2024-09-10,2415,2435,2315,2315,90219,-0.03138075313807531
2024-09-11,2320,2360,2305,2330,86975,0.00647948164146861
2024-09-12,2345,2405,2345,2405,101881,0.032188841201716833
2024-09-13,2405,2430,2360,2395,67616,-0.004158004158004158
2024-09-19,2405,2450,2385,2430,58881,0.014613778705636848
2024-09-20,2440,2460,2425,2425,57749,-0.002057613168724326
2024-09-23,2435,2450,2315,2435,96002,0.004123711340206171
2024-09-24,2415,2490,2400,2450,88859,0.006160164271047153
2024-09-25,2450,2470,2400,2410,155140,-0.01632653061224487
2024-09-26,2410,2450,2405,2445,82456,0.014522821576763434
2024-09-27,2450,2470,2420,2455,86444,0.004089979550102152
2024-09-30,2490,2500,2420,2455,272800,0.0
2024-10-02,2500,2590,2335,2345,874304,-0.044806517311609007
2024-10-04,2315,2355,2310,2315,135232,-0.01279317697228144
2024-10-07,2315,2350,2305,2335,163863,0.008639308855291628
2024-10-08,2325,2350,2310,2325,64522,-0.004282655246252709
2024-10-10,2325,2365,2325,2365,94386,0.017204301075268713
2024-10-11,2350,2370,2340,2345,70136,-0.008456659619450302
2024-10-14,2345,2355,2310,2355,58455,0.004264392324093924
2024-10-15,2340,2370,2330,2340,64604,-0.006369426751592355
2024-10-16,2340,2340,2310,2325,65432,-0.0064102564102563875
2024-10-17,2325,2330,2305,2320,99947,-0.0021505376344086446
2024-10-18,2310,2320,2260,2275,144892,-0.0193965517241379
2024-10-21,2290,2300,2245,2260,111753,-0.00659340659340657
2024-10-22,2270,2275,2240,2250,51100,-0.004424778761061954
2024-10-23,2270,2270,2240,2260,40867,0.004444444444444473
2024-10-24,2260,2260,2220,2230,104987,-0.013274336283185861
2024-10-25,2220,2240,2200,2220,49947,-0.004484304932735439
2024-10-28,2215,2245,2210,2235,39441,0.006756756756756799
2024-10-29,2235,2250,2220,2250,23710,0.006711409395973256
2024-10-30,2250,2260,2240,2260,33317,0.004444444444444473
2024-10-31,2250,2280,2235,2260,35208,0.0
2024-11-01,2260,2305,2240,2305,116958,0.019911504424778848
2024-11-04,2310,2310,2285,2285,59469,-0.008676789587852451
2024-11-05,2290,2305,2280,2305,42646,0.00875273522975939
2024-11-06,2330,2335,2265,2265,57666,-0.017353579175705014
2024-11-07,2255,2280,2245,2265,30098,0.0
2024-11-08,2265,2295,2265,2265,61670,0.0
2024-11-11,2310,2310,2245,2250,56040,-0.0066225165562914245
2024-11-12,2260,2295,2210,2220,91686,-0.013333333333333308
2024-11-13,2220,2245,2145,2150,92797,-0.03153153153153154
2024-11-14,2150,2180,2115,2125,92444,-0.011627906976744207
2024-11-15,2140,2155,2090,2145,133965,0.009411764705882453
2024-11-18,2145,2185,2115,2165,35667,0.00932400932400923
2024-11-19,2150,2185,2150,2175,25040,0.004618937644341736
2024-11-20,2175,2180,2145,2155,22157,-0.00919540229885063
2024-11-21,2155,2175,2140,2150,23237,-0.002320185614849146
2024-11-22,2150,2195,2135,2160,44130,0.0046511627906977715
2024-11-25,2160,2190,2140,2180,28546,0.0092592592592593
2024-11-26,2180,2185,2140,2185,36245,0.002293577981651307
2024-11-27,2185,2220,2170,2200,75563,0.006864988558352492
2024-11-28,2200,2240,2185,2190,33252,-0.004545454545454519
2024-11-29,2170,2175,2125,2125,101989,-0.029680365296803624
2024-12-02,2115,2130,2080,2095,92968,-0.014117647058823568
2024-12-03,2075,2145,2075,2135,54849,0.019093078758949833
2024-12-04,2115,2120,2040,2060,125216,-0.03512880562060894
2024-12-05,2065,2070,2020,2045,83340,-0.007281553398058249
2024-12-06,2025,2055,1992,2015,102156,-0.014669926650366705
2024-12-09,2015,2015,1915,1921,109309,-0.04665012406947888
2024-12-10,1923,2025,1923,2015,146183,0.04893284747527327
2024-12-11,2015,2075,2015,2070,73985,0.027295285359801413
2024-12-12,2055,2105,2055,2090,48874,0.009661835748792313
2024-12-13,2065,2125,2065,2100,43823,0.004784688995215225
2024-12-16,2130,2150,2100,2125,49315,0.011904761904761862
2024-12-17,2130,2140,2110,2130,29595,0.0023529411764706687
2024-12-18,2130,2165,2130,2145,33164,0.007042253521126751
2024-12-19,2140,2140,2100,2120,20049,-0.011655011655011704
2024-12-20,2115,2115,2070,2085,26431,-0.01650943396226412
2024-12-23,2070,2125,2065,2115,28321,0.014388489208633004
2024-12-24,2115,2125,2100,2115,32622,0.0
2024-12-26,2115,2125,2110,2120,26175,0.0023640661938533203
2024-12-27,2115,2115,2055,2070,27035,-0.02358490566037741
2024-12-30,2025,2085,2025,2080,27701,0.004830917874396157
2025-01-02,2080,2080,2055,2075,23345,-0.0024038461538461453
2025-01-03,2075,2115,2075,2090,42355,0.0072289156626506035
2025-01-06,2105,2145,2095,2115,48117,0.011961722488038173
2025-01-07,2105,2130,2095,2125,50466,0.004728132387706863
2025-01-08,2105,2135,2105,2130,31820,0.0023529411764706687
2025-01-09,2125,2145,2100,2100,62020,-0.014084507042253502
2025-01-10,2140,2140,2075,2140,45931,0.01904761904761898
2025-01-13,2120,2145,2070,2070,35740,-0.032710280373831724
2025-01-14,2080,2105,2040,2085,33658,0.007246376811594235
2025-01-15,2085,2125,2080,2120,20319,0.01678657074340517
2025-01-16,2135,2135,2105,2105,20436,-0.007075471698113178
2025-01-17,2110,2140,2085,2090,31055,-0.0071258907363420665
2025-01-20,2090,2110,2075,2095,29059,0.0023923444976077235
2025-01-21,2090,2125,2075,2075,23932,-0.009546539379474916
2025-01-22,2080,2085,2065,2085,23637,0.004819277108433662
2025-01-23,2080,2415,2070,2195,1992515,0.052757793764987904
2025-01-24,2210,2220,2155,2195,192280,0.0
2025-01-31,2195,2195,2110,2140,118572,-0.02505694760820043
2025-02-03,2095,2110,2020,2065,128609,-0.03504672897196259
2025-02-04,2065,2085,2030,2070,158442,0.002421307506053294
2025-02-05,2130,2155,2125,2145,130622,0.03623188405797095
2025-02-06,2150,2165,2125,2145,48380,0.0
2025-02-07,2160,2160,2090,2130,122944,-0.006993006993006978
2025-02-10,2130,2165,2110,2135,103118,0.0023474178403755097
2025-02-11,2130,2155,2130,2150,53766,0.007025761124121788
2025-02-12,2165,2205,2150,2200,117218,0.023255813953488413
2025-02-13,2195,2225,2155,2210,93768,0.00454545454545463
2025-02-14,2210,2225,2200,2215,77776,0.002262443438914019
2025-02-17,2215,2260,2210,2240,144160,0.011286681715575675
2025-02-18,2240,2270,2225,2255,95978,0.006696428571428603
2025-02-19,2265,2300,2245,2250,106873,-0.0022172949002217113
2025-02-20,2250,2260,2225,2250,93962,0.0
2025-02-21,2250,2265,2230,2265,72235,0.006666666666666599
2025-02-24,2260,2300,2240,2280,78096,0.0066225165562914245
2025-02-25,2310,2330,2285,2325,174022,0.019736842105263053
2025-02-26,2325,2325,2290,2315,60111,-0.004301075268817178
2025-02-27,2315,2320,2265,2280,83324,-0.015118790496760237
2025-02-28,2265,2285,2255,2280,97977,0.0
2025-03-04,2275,2325,2265,2325,130331,0.019736842105263053
2025-03-05,2325,2360,2315,2360,133758,0.01505376344086029
2025-03-06,2345,2375,2330,2350,69886,-0.004237288135593209
2025-03-07,2330,2400,2315,2360,199952,0.004255319148936065
2025-03-10,2350,2390,2320,2375,138933,0.006355932203389925
2025-03-11,2350,2360,2300,2330,104570,-0.0189473684210526
2025-03-12,2330,2365,2330,2345,58713,0.006437768240343367
2025-03-13,2345,2360,2335,2335,56855,-0.004264392324093813
2025-03-14,2335,2360,2300,2350,82664,0.0064239828693790635
2025-03-17,2350,2360,2320,2330,75436,-0.008510638297872353
2025-03-18,2330,2335,2300,2305,91226,-0.010729613733905574
2025-03-19,2305,2320,2295,2310,58607,0.002169197396963085
2025-03-20,2305,2330,2295,2305,53421,-0.0021645021645021467
2025-03-21,2325,2325,2275,2315,64678,0.00433839479392617
2025-03-24,2320,2345,2295,2335,143405,0.008639308855291628
2025-03-25,2335,2375,2310,2375,212288,0.017130620985010614
2025-03-26,2375,2375,2330,2350,92571,-0.010526315789473717
2025-03-27,2345,2350,2300,2325,196785,-0.010638297872340385
2025-03-28,2200,2225,2145,2170,328069,-0.06666666666666665
2025-03-31,2170,2180,2105,2105,133859,-0.02995391705069128
2025-04-01,2110,2145,2095,2105,96057,0.0
2025-04-02,2105,2115,2065,2070,64928,-0.016627078384798155
2025-04-03,2060,2090,2020,2070,177487,0.0
2025-04-04,2060,2155,2035,2105,104488,0.01690821256038655
2025-04-07,2090,2090,1993,1998,268618,-0.050831353919239874
2025-04-08,2030,2045,2005,2015,88350,0.008508508508508594
2025-04-09,2015,2035,1981,2020,149515,0.002481389578163684
2025-04-10,2075,2095,2040,2070,144824,0.024752475247524774
2025-04-11,2040,2085,2040,2085,32939,0.007246376811594235
2025-04-14,2090,2110,2085,2105,38814,0.00959232613908867
2025-04-15,2105,2200,2095,2150,227251,0.0213776722090262
2025-04-16,2150,2165,2105,2105,103178,-0.020930232558139528
2025-04-17,2115,2160,2110,2155,41175,0.02375296912114022
2025-04-18,2160,2175,2140,2170,36974,0.006960556844547661
2025-04-21,2170,2180,2160,2170,34843,0.0
2025-04-22,2175,2175,2150,2160,34783,-0.004608294930875556
2025-04-23,2160,2175,2155,2155,41379,-0.0023148148148147696
2025-04-24,2165,2175,2135,2165,38745,0.004640371229698292
2025-04-25,2155,2175,2155,2170,59685,0.002309468822170979
2025-04-28,2180,2190,2155,2170,37808,0.0
2025-04-29,2165,2170,2145,2150,53833,-0.009216589861751112
2025-04-30,2170,2175,2145,2160,25018,0.0046511627906977715
2025-05-02,2160,2180,2150,2160,49592,0.0
2025-05-07,2160,2165,2145,2165,21922,0.0023148148148148806
2025-05-08,2170,2175,2150,2165,43834,0.0
2025-05-09,2170,2175,2160,2170,68234,0.002309468822170979
2025-05-12,2180,2190,2170,2185,56275,0.00691244239631339
2025-05-13,2195,2210,2185,2200,105822,0.006864988558352492
2025-05-14,2210,2270,2195,2245,145513,0.020454545454545503
2025-05-15,2245,2265,2235,2255,69039,0.00445434298440972
2025-05-16,2260,2270,2235,2240,63594,-0.006651884700665134
2025-05-19,2240,2240,2210,2215,58878,-0.011160714285714302
2025-05-20,2210,2240,2200,2205,43846,-0.004514672686230292
2025-05-21,2205,2230,2200,2225,28469,0.009070294784580435
2025-05-22,2220,2230,2180,2185,71771,-0.017977528089887618
2025-05-23,2180,2210,2170,2180,86284,-0.0022883295194507935
2025-05-26,2180,2235,2180,2200,40796,0.00917431192660545
2025-05-27,2230,2245,2205,2215,44290,0.006818181818181834
2025-05-28,2220,2245,2210,2220,62206,0.0022573363431150906
2025-05-29,2225,2260,2225,2260,56808,0.018018018018018056
2025-05-30,2250,2275,2230,2250,121896,-0.004424778761061954
2025-06-02,2275,2275,2235,2240,73974,-0.004444444444444473
2025-06-04,2240,2295,2240,2280,124220,0.017857142857142794
2025-06-05,2285,2310,2280,2300,54200,0.00877192982456143
2025-06-09,2305,2345,2300,2335,156155,0.01521739130434785
2025-06-10,2330,2360,2320,2340,106675,0.0021413276231263545
2025-06-11,2355,2355,2320,2335,89726,-0.002136752136752129
2025-06-12,2335,2355,2330,2335,69694,0.0
2025-06-13,2340,2355,2305,2335,181456,0.0
2025-06-16,2360,2360,2300,2320,86076,-0.0064239828693790635
2025-06-17,2320,2330,2300,2310,84865,-0.004310344827586188
2025-06-18,2310,2335,2300,2330,105788,0.008658008658008587
2025-06-19,2330,2345,2310,2335,49675,0.0021459227467810482
2025-06-20,2345,2345,2305,2335,105468,0.0
2025-06-23,2330,2370,2305,2335,112782,0.0
2025-06-24,2330,2355,2325,2340,157010,0.0021413276231263545
2025-06-25,2340,2470,2330,2455,1102790,0.04914529914529919
2025-06-26,2435,2490,2420,2460,252692,0.0020366598778003286
2025-06-27,2460,2550,2445,2535,320399,0.030487804878048808
2025-06-30,2535,2595,2500,2595,206283,0.023668639053254337
2025-07-01,2595,2625,2565,2620,144176,0.009633911368015502
2025-07-02,2620,2630,2550,2630,194212,0.003816793893129722
2025-07-03,2630,2705,2600,2680,237487,0.019011406844106515
2025-07-04,2680,2700,2605,2670,134633,-0.003731343283582045
2025-07-07,2730,2750,2645,2675,174765,0.001872659176029856
2025-07-08,2675,2725,2640,2720,94456,0.016822429906542036
2025-07-09,2720,2745,2700,2725,83036,0.0018382352941177516
2025-07-10,2740,2750,2705,2750,109483,0.00917431192660545
2025-07-11,2750,2765,2725,2755,115345,0.0018181818181817189
2025-07-14,2755,2850,2730,2780,317603,0.00907441016333932
2025-07-15,2780,2940,2745,2830,547348,0.017985611510791477
2025-07-16,2845,3130,2810,3040,1229936,0.07420494699646651
2025-07-17,3050,3240,2950,3180,1225545,0.046052631578947345
2025-07-18,3180,3190,3045,3145,360873,-0.011006289308176154
2025-07-21,3145,3145,3015,3050,339683,-0.030206677265500748
2025-07-22,3050,3115,3015,3075,243318,0.008196721311475308
2025-07-23,3075,3155,3075,3125,219011,0.016260162601626105
2025-07-24,3130,3140,3040,3050,194708,-0.02400000000000002
2025-07-25,3050,3130,3020,3070,263953,0.006557377049180246
2025-07-28,3070,3080,2945,3040,343507,-0.009771986970684043
2025-07-29,3075,3075,2945,3045,185223,0.00164473684210531
2025-07-30,3045,3105,3030,3070,181150,0.008210180623973828
2025-07-31,3070,3165,3070,3165,184393,0.030944625407166138
2025-08-01,3160,3160,2965,2980,212386,-0.05845181674565558
2025-08-04,2980,3020,2900,3020,90434,0.01342281879194629
2025-08-05,3020,3045,2965,3025,81327,0.0016556291390728006
2025-08-06,3025,3030,2975,3030,69822,0.0016528925619834212
2025-08-07,3045,3045,2980,3035,37899,0.0016501650165017256
2025-08-08,3035,3065,2985,2985,106273,-0.016474464579901205
2025-08-11,2985,3080,2980,3030,155969,0.015075376884422065
2025-08-12,3020,3145,3020,3120,191487,0.02970297029702973
2025-08-13,3120,3150,3080,3105,127630,-0.004807692307692291
2025-08-14,3095,3130,3085,3115,116089,0.0032206119162641045
2025-08-18,3115,3130,2930,3050,105051,-0.020866773675762396
2025-08-19,3040,3050,2990,3020,104441,-0.00983606557377048
2025-08-20,3020,3020,2920,3000,159239,-0.0066225165562914245
2025-08-21,3000,3035,2915,2955,98882,-0.015000000000000013
2025-08-22,2955,2995,2900,2900,86517,-0.0186125211505922
2025-08-25,2900,2950,2875,2940,136227,0.01379310344827589
2025-08-26,2900,2950,2870,2875,74998,-0.022108843537414935
2025-08-27,2875,2890,2800,2825,72044,-0.017391304347826098
2025-08-28,2825,2900,2825,2880,39878,0.019469026548672552
2025-08-29,2880,2895,2765,2785,138520,-0.03298611111111116
2025-09-01,2780,2800,2680,2695,115880,-0.032315978456014416
2025-09-02,2690,2745,2685,2710,106296,0.005565862708719838
2025-09-03,2710,2775,2710,2775,88440,0.023985239852398532
2025-09-04,2770,2850,2760,2850,81317,0.027027027027026973
2025-09-05,2875,2875,2830,2850,47905,0.0
2025-09-08,2850,2875,2780,2810,78857,-0.01403508771929829
2025-09-09,2810,2855,2800,2855,83451,0.016014234875444844
2025-09-10,2865,2880,2760,2790,491153,-0.02276707530647981
2025-09-11,2790,2910,2780,2885,157095,0.03405017921146958
2025-09-12,2880,2905,2855,2905,78214,0.006932409012131657
2025-09-15,2905,2905,2880,2895,52494,-0.0034423407917383297
2025-09-16,2895,2910,2865,2890,67469,-0.0017271157167529916
2025-09-17,2895,2920,2880,2895,65028,0.0017301038062282892
2025-09-18,2900,2920,2875,2920,71929,0.008635578583765069
2025-09-19,2925,2945,2885,2925,54357,0.001712328767123239
2025-09-22,2905,2905,2850,2860,68795,-0.022222222222222254
2025-09-23,2860,2895,2845,2875,93338,0.005244755244755206
2025-09-24,2875,2890,2850,2865,47913,-0.003478260869565264
2025-09-25,2865,2865,2825,2865,59990,0.0
2025-09-26,2865,2865,2785,2800,67080,-0.022687609075043635
2025-09-29,2795,2850,2795,2845,28117,0.016071428571428514
2025-09-30,2845,2865,2820,2845,33067,0.0
2025-10-01,2845,2855,2820,2845,88505,0.0
2025-10-02,2850,2925,2780,2895,145858,0.017574692442882345
2025-10-10,2910,2920,2855,2860,83508,-0.012089810017271163
2025-10-13,2825,2895,2810,2840,37827,-0.006993006993006978
2025-10-14,2840,2845,2725,2770,183553,-0.02464788732394363
2025-10-15,2770,2855,2765,2855,32406,0.03068592057761732
2025-10-16,2855,2865,2805,2845,46994,-0.003502626970227629
2025-10-17,2845,2850,2780,2785,52518,-0.02108963093145866
2025-10-20,2785,2795,2735,2780,86344,-0.0017953321364452268
2025-10-21,2780,2795,2715,2750,193566,-0.010791366906474864
2025-10-22,2750,2750,2695,2735,131718,-0.00545454545454549
2025-10-23,2730,2735,2700,2720,80626,-0.005484460694698323
2025-10-24,2720,2735,2680,2695,130630,-0.009191176470588203
2025-10-27,2695,2725,2675,2710,122678,0.005565862708719838
2025-10-28,2710,2735,2685,2705,54503,-0.0018450184501844769
2025-10-29,2705,2720,2655,2660,199858,-0.01663585951940849
2025-10-30,2665,2665,2605,2640,240933,-0.007518796992481258
2025-10-31,2640,2645,2570,2590,163499,-0.018939393939393923
2025-11-03,2590,2610,2560,2560,145996,-0.01158301158301156
2025-11-04,2560,2600,2540,2575,35076,0.005859375
2025-11-05,2575,2580,2470,2565,104993,-0.003883495145631022
2025-11-06,2565,2585,2525,2575,48467,0.003898635477582957
2025-11-07,2585,2590,2525,2585,83414,0.003883495145631022
2025-11-10,2585,2700,2585,2695,119552,0.042553191489361764
2025-11-11,2690,2725,2620,2620,79336,-0.0278293135435993
2025-11-12,2620,2675,2615,2675,69997,0.020992366412213803
2025-11-13,2675,2745,2665,2730,78251,0.020560747663551426
2025-11-14,2730,2735,2670,2690,47061,-0.0146520146520146
2025-11-17,2690,2695,2630,2650,56613,-0.014869888475836479
2025-11-18,2650,2660,2580,2590,79971,-0.02264150943396226
2025-11-19,2590,2645,2545,2590,54854,0.0
2025-11-20,2625,2685,2600,2675,72226,0.032818532818532864
2025-11-21,2640,2670,2615,2635,78776,-0.01495327102803734
2025-11-24,2640,2655,2610,2640,38130,0.00189753320683117
2025-11-25,2640,2665,2605,2615,22668,-0.009469696969697017
2025-11-26,2630,2690,2630,2685,60375,0.026768642447418722
2025-11-27,2685,2710,2640,2655,35665,-0.011173184357541888
2025-11-28,2655,2700,2635,2690,86108,0.013182674199623268
2025-12-01,2680,2745,2680,2695,83285,0.0018587360594795044
2025-12-02,2700,2735,2650,2730,38809,0.01298701298701288
2025-12-03,2730,2840,2700,2840,132225,0.04029304029304037
2025-12-04,2820,2895,2820,2845,128504,0.0017605633802817433
2025-12-05,2840,2840,2805,2840,44266,-0.0017574692442882123
2025-12-08,2850,2855,2760,2765,106082,-0.026408450704225372
2025-12-09,2770,2795,2750,2750,50181,-0.005424954792043413
2025-12-10,2750,2780,2715,2750,93411,0.0
2025-12-11,2890,2950,2850,2900,400126,0.05454545454545445
2025-12-12,2900,2955,2875,2915,196020,0.005172413793103514
2025-12-15,2900,2950,2880,2920,186891,0.0017152658662091813
2025-12-16,2950,2950,2890,2920,114277,0.0
2025-12-17,2955,2955,2910,2935,80729,0.005136986301369939
2025-12-18,2935,2965,2920,2935,94224,0.0
2025-12-19,2935,3000,2935,2995,169600,0.020442930153321992
2025-12-22,3020,3045,3000,3030,209057,0.011686143572620988
2025-12-23,3030,3075,3010,3060,219773,0.00990099009900991
2025-12-24,3085,3085,3055,3060,196306,0.0
2025-12-26,3060,3070,3005,3050,530011,-0.0032679738562091387
2025-12-29,2945,2945,2815,2825,249262,-0.07377049180327866
2025-12-30,2820,2820,2730,2765,153508,-0.0212389380530974
2026-01-02,2765,2765,2690,2725,90138,-0.01446654611211573
2026-01-05,2725,2760,2685,2735,98074,0.003669724770642091
2026-01-06,2735,2815,2725,2770,75798,0.01279707495429605
2026-01-07,2755,2815,2725,2740,93612,-0.010830324909747335
2026-01-08,2775,2775,2660,2680,102283,-0.021897810218978075
2026-01-09,2670,2735,2670,2720,82470,0.014925373134328401
2026-01-12,2720,2755,2695,2730,57611,0.003676470588235281
2026-01-13,2730,2740,2680,2710,74514,-0.0073260073260073
2026-01-14,2710,2740,2670,2720,50172,0.0036900369003689537
2026-01-15,2700,2770,2690,2770,53886,0.018382352941176405
2026-01-16,2750,2775,2725,2740,91432,-0.010830324909747335
2026-01-19,2740,2755,2670,2740,67001,0.0
2026-01-20,2730,2810,2720,2795,171417,0.02007299270072993
2026-01-21,2795,2795,2670,2725,150933,-0.025044722719141377
2026-01-22,2725,2770,2690,2720,129675,-0.0018348623853210455
2026-01-23,2720,2780,2720,2770,88229,0.018382352941176405
2026-01-26,2770,2790,2740,2775,49372,0.0018050541516245744
2026-01-27,2775,2805,2750,2800,83816,0.009009009009008917
