Date,Open,High,Low,Close,Volume,Change
2022-01-03,39850,40400,37000,37800,231863,0.012048192771084265
2022-01-04,38600,41200,38350,39200,394277,0.03703703703703698
2022-01-05,39250,42200,37450,40650,639460,0.036989795918367374
2022-01-06,40550,40900,37750,38000,315501,-0.06519065190651907
2022-01-07,38850,39100,37350,37650,125887,-0.009210526315789447
2022-01-10,37700,37900,36050,36750,108978,-0.0239043824701195
2022-01-11,36500,37550,36050,36800,82826,0.0013605442176871652
2022-01-12,37450,38450,36900,37100,101794,0.008152173913043459
2022-01-13,37500,37500,36150,36250,84009,-0.022911051212938016
2022-01-14,35900,35950,34700,35000,124845,-0.03448275862068961
2022-01-17,35300,35300,34100,34600,71947,-0.011428571428571455
2022-01-18,34600,35400,34400,34750,62447,0.004335260115607031
2022-01-19,34250,35950,34250,35000,93912,0.007194244604316502
2022-01-20,35400,39600,35300,38650,800786,0.10428571428571431
2022-01-21,38100,39400,36050,36600,378731,-0.053040103492884905
2022-01-24,36400,36900,34300,34900,168653,-0.04644808743169404
2022-01-25,35150,35400,32800,32800,169049,-0.06017191977077363
2022-01-26,32800,33850,32300,32800,88581,0.0
2022-01-27,32850,33100,31450,33000,126723,0.0060975609756097615
2022-01-28,32500,34400,32500,34050,83475,0.031818181818181746
2022-02-03,34200,35050,33800,34200,74152,0.004405286343612369
2022-02-04,33950,34400,33650,33950,65306,-0.007309941520467822
2022-02-07,33850,33950,32750,33000,74117,-0.027982326951399128
2022-02-08,33150,33500,32200,32500,55721,-0.015151515151515138
2022-02-09,32650,32950,32500,32550,46346,0.0015384615384614886
2022-02-10,32850,33400,32350,32350,84630,-0.006144393241167445
2022-02-11,31950,32150,31350,31500,82415,-0.026275115919629055
2022-02-14,30850,31200,29900,30400,86855,-0.03492063492063491
2022-02-15,30700,31500,30200,30500,67412,0.00328947368421062
2022-02-16,31150,32350,31150,32350,68940,0.060655737704917945
2022-02-17,32600,33000,31700,32150,85197,-0.0061823802163832875
2022-02-18,31550,32500,31300,32350,34327,0.0062208398133747345
2022-02-21,31650,32350,31550,32350,26340,0.0
2022-02-22,31700,32350,31400,32000,41618,-0.010819165378670781
2022-02-23,32050,32350,31800,32100,31916,0.0031250000000000444
2022-02-24,31550,32050,30900,31000,48729,-0.034267912772585674
2022-02-25,31350,31750,31050,31600,48193,0.019354838709677358
2022-02-28,31200,32850,31150,32800,89285,0.03797468354430378
2022-03-02,32450,33350,32350,33250,82264,0.013719512195121908
2022-03-03,34250,36700,33750,34550,411961,0.03909774436090219
2022-03-04,34900,36450,34600,35900,216547,0.0390738060781477
2022-03-07,36200,36700,35650,35900,193328,0.0
2022-03-08,35150,36850,35000,35600,119577,-0.00835654596100277
2022-03-10,36000,36650,35750,36050,71285,0.012640449438202195
2022-03-11,36050,36500,35600,36250,64631,0.00554785020804438
2022-03-14,37000,39450,33700,35500,837507,-0.020689655172413834
2022-03-15,35950,36650,33400,34900,293227,-0.016901408450704203
2022-03-16,35200,35550,34300,34800,132380,-0.002865329512893977
2022-03-17,35650,37600,35300,37000,264440,0.06321839080459779
2022-03-18,37250,37750,36400,37300,165041,0.008108108108108025
2022-03-21,37300,37300,36250,36300,79342,-0.02680965147453085
2022-03-22,35750,36700,35700,36500,61305,0.005509641873278293
2022-03-23,36550,36900,35950,36500,57528,0.0
2022-03-24,36100,36450,35900,36200,36514,-0.008219178082191747
2022-03-25,36200,37200,36150,36850,73788,0.017955801104972302
2022-03-28,37400,37400,36050,36050,75623,-0.02170963364993217
2022-03-29,36200,36800,35900,36300,43166,0.006934812760055475
2022-03-30,37000,37000,36150,36250,54471,-0.0013774104683195176
2022-03-31,36300,36300,35900,36050,44155,-0.0055172413793103114
2022-04-01,35950,36200,35150,35900,47287,-0.004160887656033285
2022-04-04,36100,36150,35400,35650,38683,-0.0069637883008356605
2022-04-05,35700,36400,35700,36300,48781,0.018232819074333717
2022-04-06,36100,36150,35400,35650,50468,-0.017906336088154284
2022-04-07,35450,36350,35000,36200,63618,0.015427769985974837
2022-04-08,36750,38400,36200,38050,242591,0.05110497237569067
2022-04-11,38600,39050,36000,37900,231987,-0.003942181340341633
2022-04-12,37350,39150,36900,38600,175253,0.01846965699208436
2022-04-13,38700,38850,37850,38350,162314,-0.006476683937823857
2022-04-14,38350,40100,38200,39550,267698,0.0312907431551499
2022-04-15,39150,40350,39150,40000,188800,0.011378002528444897
2022-04-18,40000,40000,38350,39200,126451,-0.020000000000000018
2022-04-19,38800,39300,38250,39100,104009,-0.0025510204081632404
2022-04-20,39550,39600,37500,37600,209621,-0.038363171355498715
2022-04-21,37650,37900,37050,37450,94503,-0.003989361702127714
2022-04-22,37300,37800,36500,37700,99140,0.006675567423231055
2022-04-25,37150,37400,35800,35800,104460,-0.050397877984084904
2022-04-26,36000,36200,35650,35850,49947,0.0013966480446927498
2022-04-27,34750,35200,34750,35000,103291,-0.023709902370990243
2022-04-28,35100,35300,33500,33800,173012,-0.03428571428571425
2022-04-29,33550,34350,33050,34250,93242,0.013313609467455523
2022-05-02,33700,34600,33550,34450,60102,0.005839416058394109
2022-05-03,34550,34750,34150,34250,38335,-0.005805515239477477
2022-05-04,34350,34450,33500,33850,37182,-0.011678832116788329
2022-05-06,33300,33550,32700,33150,51103,-0.020679468242245203
2022-05-09,32950,33200,31350,31450,83727,-0.05128205128205132
2022-05-10,30800,31400,30000,31350,114667,-0.0031796502384737746
2022-05-11,31350,31850,30100,31600,52114,0.00797448165869219
2022-05-12,31050,32250,30750,31250,60489,-0.011075949367088556
2022-05-13,31300,32000,30750,31300,96510,0.0016000000000000458
2022-05-16,30850,33400,30450,32900,194369,0.051118210862619806
2022-05-17,32850,33950,32150,33750,74284,0.02583586626139822
2022-05-18,33200,34300,32250,32600,126040,-0.034074074074074034
2022-05-19,31500,32200,31050,31750,73547,-0.0260736196319018
2022-05-20,31700,32200,31500,32150,47573,0.012598425196850505
2022-05-23,32250,32850,31800,32700,49330,0.01710730948678063
2022-05-24,32500,32600,31650,31700,41893,-0.030581039755351647
2022-05-25,31800,32300,31600,31900,38199,0.006309148264984188
2022-05-26,31900,32300,31600,31900,41040,0.0
2022-05-27,32150,32150,31450,31700,46522,-0.006269592476489061
2022-05-30,32150,32800,31750,32650,42523,0.029968454258675115
2022-05-31,32850,32850,32100,32850,50972,0.006125574272588086
2022-06-02,32850,33450,32600,33000,67956,0.004566210045662045
2022-06-03,33100,33150,32700,32850,25835,-0.004545454545454519
2022-06-07,33250,34050,33100,33500,114894,0.019786910197869156
2022-06-08,33450,33700,33150,33600,25795,0.0029850746268655914
2022-06-09,33600,33700,32350,33000,57208,-0.017857142857142905
2022-06-10,32400,32950,32350,32600,29496,-0.012121212121212088
2022-06-13,31800,31800,26700,28150,515364,-0.13650306748466257
2022-06-14,27300,28250,26600,28250,166127,0.003552397868561208
2022-06-15,27650,29350,27650,29150,233310,0.031858407079645934
2022-06-16,29200,29300,27500,27750,162306,-0.0480274442538593
2022-06-17,26800,27400,26200,26500,117508,-0.04504504504504503
2022-06-20,27000,27300,25450,25800,131401,-0.026415094339622636
2022-06-21,26550,27450,25850,27250,87209,0.056201550387597
2022-06-22,27300,27450,25800,25800,80715,-0.053211009174311874
2022-06-23,25800,26200,24350,24400,109916,-0.054263565891472854
2022-06-24,24000,25800,24000,25750,89345,0.055327868852458995
2022-06-27,25800,25950,24550,25700,80007,-0.001941747572815511
2022-06-28,25900,26800,25550,26800,57673,0.04280155642023353
2022-06-29,26250,27000,26150,26500,47130,-0.011194029850746245
2022-06-30,26500,27150,26000,26400,41667,-0.0037735849056603765
2022-07-01,26450,26800,25450,25550,46291,-0.032196969696969724
2022-07-04,25700,25800,24950,25100,39949,-0.017612524461839585
2022-07-05,25150,26000,25150,25900,34804,0.031872509960159334
2022-07-06,25900,26850,25600,25800,54676,-0.0038610038610038533
2022-07-07,26100,26750,26100,26600,43679,0.03100775193798455
2022-07-08,27100,27100,26400,26700,39152,0.003759398496240518
2022-07-11,26850,26850,25600,25750,55625,-0.035580524344569264
2022-07-12,25600,25600,25000,25250,24040,-0.01941747572815533
2022-07-13,25300,25750,25000,25750,19637,0.01980198019801982
2022-07-14,25550,25950,25300,25850,15745,0.003883495145631022
2022-07-15,25950,26050,25100,25500,11884,-0.013539651837524147
2022-07-18,25950,26000,25350,26000,23027,0.019607843137254832
2022-07-19,25800,27400,25800,27100,76064,0.04230769230769238
2022-07-20,27600,27600,26700,26850,32231,-0.009225092250922495
2022-07-21,26900,27050,26600,27000,15940,0.005586592178770999
2022-07-22,27100,27100,26700,26850,19744,-0.005555555555555536
2022-07-25,26750,27900,26650,27700,55466,0.03165735567970196
2022-07-26,27900,28100,27350,27450,34840,-0.009025270758122761
2022-07-27,27450,28500,27300,27700,64220,0.00910746812386165
2022-07-28,27750,27950,27200,27300,33126,-0.014440433212996373
2022-07-29,27450,27450,26850,27300,31370,0.0
2022-08-01,27150,27300,26550,27150,39346,-0.005494505494505475
2022-08-02,27150,27150,26300,26450,31887,-0.025782688766114226
2022-08-03,26250,26750,26250,26700,17956,0.00945179584120992
2022-08-04,26900,27500,26750,27400,53955,0.02621722846441954
2022-08-05,27400,27750,27100,27550,36043,0.005474452554744547
2022-08-08,27550,27550,26800,27250,31918,-0.010889292196007205
2022-08-09,27500,27900,27150,27300,101481,0.0018348623853210455
2022-08-10,27300,28750,27200,27600,197241,0.01098901098901095
2022-08-11,27700,28000,27450,27800,88553,0.007246376811594235
2022-08-12,27600,27900,27050,27200,61291,-0.021582733812949617
2022-08-16,27350,27700,27050,27050,66229,-0.005514705882352922
2022-08-17,25750,26550,25050,25400,293170,-0.060998151571164505
2022-08-18,25250,25300,24950,25150,53095,-0.009842519685039353
2022-08-19,25150,25400,25150,25250,46979,0.003976143141153132
2022-08-22,24950,25250,24500,24500,65533,-0.02970297029702973
2022-08-23,23900,24700,23600,23800,68322,-0.02857142857142858
2022-08-24,23800,24000,23150,23450,73399,-0.014705882352941124
2022-08-25,23350,25250,23150,24450,248230,0.04264392324093813
2022-08-26,24450,25600,24150,25350,158740,0.036809815950920255
2022-08-29,24500,25350,24150,24950,88441,-0.015779092702169595
2022-08-30,24850,27050,24800,26600,349106,0.06613226452905807
2022-08-31,26200,27350,25200,26900,215985,0.011278195488721776
2022-09-01,26600,26950,25750,26000,65575,-0.03345724907063197
2022-09-02,26050,26200,24700,25000,110562,-0.038461538461538436
2022-09-05,24550,24950,23850,24050,79210,-0.038000000000000034
2022-09-06,24050,24700,23950,24600,60675,0.022869022869022926
2022-09-07,24500,24500,23400,23750,81751,-0.03455284552845528
2022-09-08,23750,24100,22750,22750,194482,-0.04210526315789476
2022-09-13,23100,23200,22550,22700,72637,-0.00219780219780219
2022-09-14,21800,22200,21800,21950,70576,-0.033039647577092546
2022-09-15,22100,22150,21650,21700,61517,-0.011389521640091105
2022-09-16,21700,22250,21150,22100,109004,0.018433179723502224
2022-09-19,21900,22100,21250,21600,71895,-0.022624434389140302
2022-09-20,21700,21850,21350,21600,52583,0.0
2022-09-21,21600,21800,21300,21700,40286,0.004629629629629539
2022-09-22,21400,21650,20900,21500,58859,-0.009216589861751112
2022-09-23,21300,21500,20700,21000,66552,-0.023255813953488413
2022-09-26,20400,20700,19250,19500,108948,-0.0714285714285714
2022-09-27,19400,19650,18800,19350,91935,-0.007692307692307665
2022-09-28,19350,19900,18650,19350,91548,0.0
2022-09-29,19550,20000,19000,19000,77565,-0.018087855297157618
2022-09-30,18600,19100,18350,19000,49467,0.0
2022-10-04,19100,19550,19100,19550,40620,0.02894736842105261
2022-10-05,19850,20150,18850,19000,45168,-0.02813299232736577
2022-10-06,19000,20150,19000,20000,136345,0.05263157894736836
2022-10-07,19700,19900,19150,19250,65956,-0.03749999999999998
2022-10-11,18900,18950,18350,18750,59697,-0.025974025974025983
2022-10-12,18750,18800,18200,18650,38837,-0.005333333333333301
2022-10-13,18350,18600,17900,18500,72830,-0.008042895442359255
2022-10-14,18900,18900,18350,18800,76704,0.016216216216216273
2022-10-17,18400,19400,18100,18950,50740,0.007978723404255428
2022-10-18,19050,19400,18950,19250,37076,0.0158311345646438
2022-10-19,19350,19550,19000,19250,46668,0.0
2022-10-20,19100,19550,18850,19500,29102,0.01298701298701288
2022-10-21,19300,19600,19100,19550,16984,0.002564102564102555
2022-10-24,19700,19850,19300,19500,35887,-0.002557544757033292
2022-10-25,19600,19600,19250,19450,20728,-0.002564102564102555
2022-10-26,19400,19600,19000,19500,45706,0.0025706940874035134
2022-10-27,19450,19750,19350,19500,45905,0.0
2022-10-28,19500,19600,19300,19500,32184,0.0
2022-10-31,19600,20050,19300,19850,64627,0.017948717948717885
2022-11-01,19650,20000,19600,19800,35703,-0.0025188916876573986
2022-11-02,19800,19800,19350,19700,31668,-0.005050505050505083
2022-11-03,19150,19400,18950,19350,31526,-0.017766497461928932
2022-11-04,19250,19300,18900,19300,22957,-0.0025839793281653423
2022-11-07,19300,19450,19100,19400,18459,0.005181347150259086
2022-11-08,19400,19950,19350,19750,42946,0.018041237113401998
2022-11-09,19800,20100,19650,19850,40229,0.005063291139240533
2022-11-10,19650,19750,19200,19700,34147,-0.007556675062972307
2022-11-11,20100,20550,19900,20200,51914,0.025380710659898442
2022-11-14,20200,21000,19950,20700,71795,0.024752475247524774
2022-11-15,20400,21850,19850,21800,103402,0.0531400966183575
2022-11-16,21600,21600,21050,21450,52488,-0.016055045871559592
2022-11-17,21300,21300,20350,21000,45677,-0.020979020979020935
2022-11-18,20900,20900,20450,20750,30696,-0.011904761904761862
2022-11-21,20700,20700,20050,20400,26315,-0.016867469879518038
2022-11-22,20350,20450,20050,20400,19207,0.0
2022-11-23,20500,20700,20200,20500,34540,0.004901960784313708
2022-11-24,20500,20900,20300,20600,39454,0.004878048780487809
2022-11-25,20650,20800,20250,20600,25223,0.0
2022-11-28,20550,20550,19750,20100,31508,-0.024271844660194164
2022-11-29,20050,20300,19750,20000,38324,-0.00497512437810943
2022-11-30,20000,20000,19300,19300,217231,-0.03500000000000003
2022-12-01,19550,19700,19400,19600,42170,0.015544041450777257
2022-12-02,19600,19900,19300,19550,69693,-0.0025510204081632404
2022-12-05,19650,19950,19150,19200,57382,-0.01790281329923271
2022-12-06,19100,19200,18700,19000,41833,-0.01041666666666663
2022-12-07,18800,18900,18350,18900,43566,-0.0052631578947368585
2022-12-08,18850,18900,18500,18600,34860,-0.015873015873015928
2022-12-09,18700,18800,18200,18600,67541,0.0
2022-12-12,18550,18550,18000,18150,68991,-0.024193548387096753
2022-12-13,18150,18200,17950,18150,37051,0.0
2022-12-14,18050,18400,17900,18400,67340,0.01377410468319562
2022-12-15,18400,18500,18150,18500,43360,0.005434782608695565
2022-12-16,18200,18500,17900,18400,55734,-0.00540540540540535
2022-12-19,18400,18500,18200,18500,26112,0.005434782608695565
2022-12-20,18400,18450,18150,18300,37120,-0.010810810810810811
2022-12-21,18300,18600,17900,18550,64084,0.013661202185792254
2022-12-22,18650,20600,18600,20250,320794,0.09164420485175206
2022-12-23,20050,20600,19650,19650,105041,-0.029629629629629672
2022-12-26,19500,19650,19100,19200,72499,-0.022900763358778664
2022-12-27,19200,20150,19200,19750,84728,0.02864583333333326
2022-12-28,19800,20700,19650,20150,102825,0.020253164556962133
2022-12-29,20050,20050,19350,19700,51492,-0.022332506203473934
2023-01-02,19750,19800,19050,19100,37708,-0.030456852791878153
2023-01-03,19000,19200,18500,19200,38762,0.005235602094240788
2023-01-04,19000,19450,18700,19450,24690,0.01302083333333326
2023-01-05,19450,19450,19000,19250,28228,-0.010282776349614386
2023-01-06,18900,20300,18900,19250,75955,0.0
2023-01-09,19200,19450,19200,19300,37868,0.0025974025974024872
2023-01-10,19300,19450,19150,19150,29044,-0.007772020725388629
2023-01-11,19250,20300,19150,20200,153064,0.05483028720626626
2023-01-12,20500,20550,20000,20150,82839,-0.0024752475247524774
2023-01-13,20200,20300,19750,19850,52925,-0.01488833746898266
2023-01-16,19850,21000,19650,20850,127505,0.05037783375314864
2023-01-17,20900,21100,20500,20600,60542,-0.011990407673860948
2023-01-18,20450,21400,20300,21300,95768,0.03398058252427183
2023-01-19,21000,23100,20900,22800,388615,0.07042253521126751
2023-01-20,22700,23550,22450,22850,237564,0.002192982456140413
2023-01-25,23800,24200,22250,22550,334488,-0.013129102844638973
2023-01-26,22550,22900,21850,22150,120956,-0.0177383592017738
2023-01-27,22150,22500,21600,22450,95796,0.013544018058690765
2023-01-30,22450,22600,21700,21900,80690,-0.024498886414253906
2023-01-31,21700,22100,21500,22000,47210,0.004566210045662045
2023-02-01,22000,22550,21850,21850,50092,-0.006818181818181834
2023-02-02,22000,22200,21800,21850,44180,0.0
2023-02-03,21950,23000,21950,22650,160073,0.03661327231121292
2023-02-06,22750,23100,22250,23000,79214,0.015452538631346657
2023-02-07,23150,23750,22900,23350,111605,0.01521739130434785
2023-02-08,23450,23500,22850,23000,58257,-0.01498929336188437
2023-02-09,23000,23550,22800,23200,87944,0.008695652173912993
2023-02-10,23100,23300,22500,23000,65089,-0.008620689655172376
2023-02-13,23050,23050,22350,22600,69142,-0.017391304347826098
2023-02-14,22800,27250,22800,24300,1455317,0.0752212389380531
2023-02-15,24300,24350,23300,23550,169548,-0.030864197530864224
2023-02-16,23500,24000,23200,23600,111655,0.002123142250530785
2023-02-17,23200,24250,23100,24000,101130,0.016949152542372836
2023-02-20,24000,24600,23600,24500,105273,0.02083333333333326
2023-02-21,24550,24550,23550,24200,106550,-0.01224489795918371
2023-02-22,23600,24400,23550,24350,113195,0.006198347107438051
2023-02-23,24550,25900,24150,25000,356687,0.026694045174537884
2023-02-24,25100,25100,24200,24350,157331,-0.026000000000000023
2023-02-27,24000,24400,23400,24200,104797,-0.006160164271047264
2023-02-28,24000,24450,23800,24400,64215,0.008264462809917328
2023-03-02,24450,24850,24050,24700,75868,0.012295081967213184
2023-03-03,24600,24800,24150,24250,60062,-0.018218623481781382
2023-03-06,24100,24400,23050,23500,130564,-0.030927835051546393
2023-03-07,23450,23700,23100,23450,51071,-0.0021276595744680327
2023-03-08,23250,23350,22800,23200,55584,-0.010660980810234588
2023-03-09,23200,23950,22750,23950,68421,0.032327586206896575
2023-03-10,23250,23750,23100,23100,53110,-0.035490605427975
2023-03-13,22750,23450,22150,23250,62873,0.006493506493506551
2023-03-14,23000,23400,22300,22500,53505,-0.032258064516129004
2023-03-15,22750,23150,22600,23000,39252,0.022222222222222143
2023-03-16,22850,23150,22350,22600,38473,-0.017391304347826098
2023-03-17,22800,23450,22800,23450,47635,0.03761061946902644
2023-03-20,23100,23450,22650,22850,50607,-0.02558635394456288
2023-03-21,22900,23700,22900,23600,52676,0.03282275711159732
2023-03-22,23650,23650,23200,23650,28291,0.0021186440677967155
2023-03-23,23150,23550,22800,23500,55045,-0.006342494714587699
2023-03-24,23450,23700,23000,23500,34682,0.0
2023-03-27,23500,23650,22600,22750,38843,-0.03191489361702127
2023-03-28,22850,23000,22750,22750,19532,0.0
2023-03-29,22800,22950,22550,22800,36622,0.00219780219780219
2023-03-30,22900,24200,22850,23900,120171,0.04824561403508776
2023-03-31,24000,24950,23600,24850,142573,0.03974895397489542
2023-04-03,25350,25350,24650,24900,99293,0.002012072434607548
2023-04-04,25150,25300,24350,25150,64306,0.010040160642570184
2023-04-05,24950,26000,24900,25950,137561,0.031809145129224614
2023-04-06,25900,26550,25000,26250,129235,0.011560693641618602
2023-04-07,26400,26400,25350,26250,56716,0.0
2023-04-10,26200,27750,26050,26950,139265,0.026666666666666616
2023-04-11,26950,30250,26750,30250,393367,0.12244897959183665
2023-04-12,30250,32100,29200,31850,723186,0.05289256198347103
2023-04-13,31850,31900,30700,31350,213013,-0.015698587127158548
2023-04-14,31750,32200,31250,32000,248333,0.020733652312599604
2023-04-17,31850,32200,30750,31450,151746,-0.017187500000000022
2023-04-18,31450,31750,30300,30800,140078,-0.020667726550079535
2023-04-19,31150,31850,31050,31500,218969,0.022727272727272707
2023-04-20,31500,31550,30200,30600,150542,-0.02857142857142858
2023-04-21,30700,30800,28750,29500,205062,-0.03594771241830064
2023-04-24,29300,29500,28400,29050,116189,-0.015254237288135575
2023-04-25,28950,29750,28650,29500,94276,0.015490533562822817
2023-04-26,29450,29500,28700,29400,52415,-0.003389830508474523
2023-04-27,29600,29850,28500,29850,55913,0.015306122448979664
2023-04-28,29900,30250,29300,29700,51796,-0.005025125628140725
2023-05-02,29800,29900,28500,29300,119448,-0.013468013468013518
2023-05-03,29100,31300,29050,30550,351861,0.04266211604095571
2023-05-04,30650,32350,30650,31500,274298,0.03109656301145658
2023-05-08,32050,32050,29950,30500,154209,-0.031746031746031744
2023-05-09,30500,31150,29750,30500,89779,0.0
2023-05-10,30600,32050,29700,31200,209440,0.022950819672131084
2023-05-11,31200,31500,30950,31350,72756,0.004807692307692291
2023-05-12,31350,31550,30200,30400,87478,-0.030303030303030276
2023-05-15,30400,30600,29850,30400,123090,0.0
2023-05-16,30300,30800,29800,30200,62455,-0.006578947368421018
2023-05-17,30200,30950,29850,30350,112726,0.004966887417218624
2023-05-18,30000,30700,29350,29950,183422,-0.01317957166392092
2023-05-19,30050,30100,29200,29700,151863,-0.008347245409014992
2023-05-22,29450,29700,29250,29550,67207,-0.005050505050505083
2023-05-23,29400,29600,28400,29250,173880,-0.010152284263959421
2023-05-24,29000,29600,28900,29500,86176,0.008547008547008517
2023-05-25,29400,29450,27900,28150,142447,-0.045762711864406724
2023-05-26,28150,28500,27950,28400,63138,0.008880994671403242
2023-05-30,28500,28550,27450,27650,167616,-0.026408450704225372
2023-05-31,27650,28150,27550,27750,54805,0.003616636528029016
2023-06-01,27500,29250,27500,29000,133644,0.04504504504504503
2023-06-02,29250,30050,28900,29950,222277,0.03275862068965507
2023-06-05,29700,30000,29100,29900,88783,-0.0016694490818029983
2023-06-07,29550,30600,29450,30400,115696,0.01672240802675584
2023-06-08,30350,31100,30300,30750,101552,0.011513157894736947
2023-06-09,30900,31250,30250,31100,109772,0.011382113821138296
2023-06-12,31300,31300,30100,30500,75094,-0.019292604501607746
2023-06-13,30450,31350,30450,31100,114766,0.01967213114754096
2023-06-14,31100,31200,30350,30550,66349,-0.01768488745980712
2023-06-15,30500,31150,30500,30900,87594,0.011456628477905184
2023-06-16,31000,31000,29200,29650,114884,-0.04045307443365698
2023-06-19,29850,29850,29050,29650,45393,0.0
2023-06-20,29650,31850,29600,31700,221604,0.06913996627318708
2023-06-21,32250,35300,32050,34450,829176,0.08675078864353303
2023-06-22,34750,35950,33850,34650,350910,0.005805515239477588
2023-06-23,34800,34850,33450,33550,189975,-0.031746031746031744
2023-06-26,33100,34400,32250,33950,154595,0.011922503725782407
2023-06-27,34150,34150,32700,33200,107358,-0.022091310751104598
2023-06-28,33200,33750,32700,33150,86881,-0.001506024096385561
2023-06-29,32850,34150,32600,33850,188740,0.02111613876319751
2023-06-30,34300,34300,32800,33950,118488,0.002954209748892156
2023-07-03,34450,34500,33400,33750,141719,-0.00589101620029453
2023-07-04,33700,33850,32800,33800,85352,0.001481481481481417
2023-07-05,34100,34900,33450,33850,196532,0.0014792899408284654
2023-07-06,33750,34100,33050,33750,109319,-0.002954209748892156
2023-07-07,33300,33600,32050,32800,120569,-0.028148148148148144
2023-07-10,32450,34000,31300,33450,201393,0.01981707317073167
2023-07-11,33850,33850,32750,33200,93512,-0.007473841554558991
2023-07-12,33200,33800,32300,33700,90765,0.015060240963855387
2023-07-13,33700,34500,33350,34350,134624,0.01928783382789323
2023-07-14,34600,34650,32700,33200,118032,-0.033478893740902516
2023-07-17,33400,33400,32100,32900,62281,-0.009036144578313254
2023-07-18,32900,33200,32100,33100,95311,0.006079027355623046
2023-07-19,32900,33100,32100,32750,114905,-0.010574018126888185
2023-07-20,32900,34000,32550,33400,371280,0.01984732824427482
2023-07-21,33850,36800,33500,36800,1122779,0.10179640718562877
2023-07-24,37000,37100,34450,34800,553113,-0.05434782608695654
2023-07-25,34900,35200,34050,34700,182249,-0.002873563218390829
2023-07-26,34300,34450,31400,32100,350195,-0.0749279538904899
2023-07-27,31700,33300,31600,32400,169613,0.009345794392523255
2023-07-28,32150,32650,31500,32400,124496,0.0
2023-07-31,32400,32500,31700,32400,138195,0.0
2023-08-01,32250,32400,30050,31200,164124,-0.03703703703703709
2023-08-02,31200,31200,29800,29950,136736,-0.04006410256410253
2023-08-03,29700,30600,29550,30450,60840,0.016694490818029983
2023-08-04,30250,30400,29450,29800,90309,-0.021346469622331665
2023-08-07,29650,29700,28950,29400,105695,-0.01342281879194629
2023-08-08,29500,29950,28700,29700,104423,0.010204081632652962
2023-08-09,30100,31250,28800,30650,306747,0.03198653198653201
2023-08-10,30700,31750,30250,31650,162399,0.03262642740619892
2023-08-11,31700,31700,30700,30850,91008,-0.025276461295418606
2023-08-14,30650,30700,29550,29850,130849,-0.03241491085899517
2023-08-16,29750,29800,28550,28600,154800,-0.041876046901172526
2023-08-17,28200,28300,27250,27850,117031,-0.02622377622377625
2023-08-18,27600,28150,27250,27700,67058,-0.0053859964093356805
2023-08-21,27350,28300,27350,28100,33594,0.014440433212996373
2023-08-22,28250,29800,27350,27350,249631,-0.026690391459074703
2023-08-23,27050,28300,26850,27200,106141,-0.005484460694698323
2023-08-24,27450,28600,27350,28350,156162,0.04227941176470584
2023-08-25,28000,28450,27800,28450,41730,0.003527336860670305
2023-08-28,28450,28850,28000,28600,48920,0.005272407732864748
2023-08-29,28700,29300,28450,29200,49244,0.020979020979021046
2023-08-30,29400,29400,28950,29200,48780,0.0
2023-08-31,29200,30050,28950,29650,158162,0.015410958904109595
2023-09-01,29650,30450,29550,29950,119320,0.010118043844856706
2023-09-04,30200,30800,29600,30750,101468,0.026711185308847973
2023-09-05,30800,30800,29950,30450,37660,-0.009756097560975618
2023-09-06,30300,30400,28750,28950,84419,-0.049261083743842415
2023-09-07,28800,29250,28100,28800,54686,-0.005181347150259086
2023-09-08,28450,28850,28000,28650,34386,-0.00520833333333337
2023-09-11,28650,28900,28200,28850,37075,0.00698080279232105
2023-09-12,28850,29000,27200,27650,144573,-0.04159445407279028
2023-09-13,27300,27600,26000,26100,187924,-0.05605786618444841
2023-09-14,26350,26650,25350,25450,178710,-0.02490421455938696
2023-09-15,25700,26600,25450,26600,83243,0.04518664047151266
2023-09-18,26500,26850,25900,26450,62746,-0.005639097744360888
2023-09-19,26600,26600,25900,26050,40481,-0.015122873345935761
2023-09-20,26100,26500,25800,26400,46531,0.013435700575815668
2023-09-21,25800,26100,24750,24750,85482,-0.0625
2023-09-22,24650,25500,24200,25000,44851,0.010101010101010166
2023-09-25,25500,25500,24500,24750,26018,-0.010000000000000009
2023-09-26,24700,25450,24600,24950,48195,0.008080808080808133
2023-09-27,24600,25400,24600,25300,39496,0.014028056112224352
2023-10-04,25000,25200,24350,24350,39588,-0.03754940711462451
2023-10-05,24700,26150,24550,25850,75912,0.06160164271047219
2023-10-06,25500,26350,25150,26250,101731,0.015473887814313247
2023-10-10,26250,26250,24250,24450,78020,-0.06857142857142862
2023-10-11,24900,24950,24500,24800,40774,0.014314928425357865
2023-10-12,24800,25500,24800,25150,29773,0.014112903225806495
2023-10-13,25100,25100,24600,24950,31011,-0.007952286282306154
2023-10-16,24850,24850,23300,23950,136674,-0.04008016032064132
2023-10-17,24250,24900,24100,24700,62592,0.03131524008350728
2023-10-18,24800,24800,23700,24000,61885,-0.028340080971659964
2023-10-19,23450,24000,23350,23600,52673,-0.01666666666666672
2023-10-20,23350,24100,22800,23600,49665,0.0
2023-10-23,23100,24000,23100,23400,24976,-0.008474576271186418
2023-10-24,23700,24250,23200,24000,25440,0.02564102564102555
2023-10-25,24000,24450,24000,24000,25505,0.0
2023-10-26,23500,24250,23250,23950,27187,-0.002083333333333326
2023-10-27,23950,24100,23350,23900,24091,-0.0020876826722338038
2023-10-30,23450,24200,23450,24000,12110,0.004184100418409997
2023-10-31,24100,24300,23300,23300,26601,-0.029166666666666674
2023-11-01,23350,23850,23350,23600,30426,0.012875536480686733
2023-11-02,23700,24200,23700,24000,28647,0.016949152542372836
2023-11-03,24300,24300,23500,24000,23707,0.0
2023-11-06,24250,24600,23900,24500,61115,0.02083333333333326
2023-11-07,24500,24750,23800,24100,39448,-0.01632653061224487
2023-11-08,24100,25600,23950,24850,88258,0.03112033195020736
2023-11-09,24800,25000,24350,24700,26560,-0.006036217303822977
2023-11-10,24400,24900,24050,24400,17992,-0.012145748987854255
2023-11-13,24400,25000,23800,23950,40610,-0.018442622950819665
2023-11-14,24200,24400,23950,24400,53482,0.018789144050104456
2023-11-15,24500,24900,24250,24400,44045,0.0
2023-11-16,24500,24550,22550,22950,176102,-0.05942622950819676
2023-11-17,22950,22950,20550,20700,299077,-0.0980392156862745
2023-11-20,20750,21000,20600,20950,138628,0.012077294685990392
2023-11-21,21100,22300,21100,22200,157194,0.059665871121718395
2023-11-22,22400,22400,21800,22100,144565,-0.0045045045045044585
2023-11-23,22200,22950,21900,22500,104751,0.018099547511312153
2023-11-24,22550,22700,22050,22050,60762,-0.020000000000000018
2023-11-27,22400,22500,21700,21950,67836,-0.0045351473922902175
2023-11-28,21950,22150,21650,21950,42836,0.0
2023-11-29,21850,22050,21150,21450,92561,-0.02277904328018221
2023-11-30,21450,21650,21350,21650,33057,0.00932400932400923
2023-12-01,21700,21700,21000,21100,71633,-0.025404157043879882
2023-12-04,21100,21150,20700,21100,35361,0.0
2023-12-05,21000,21250,20800,20800,30343,-0.014218009478673022
2023-12-06,20850,21000,20700,20900,26142,0.004807692307692291
2023-12-07,20900,21050,20650,20700,37200,-0.009569377990430672
2023-12-08,20750,21400,20650,21150,56123,0.021739130434782705
2023-12-11,21300,21500,21000,21200,47956,0.0023640661938533203
2023-12-12,21200,21350,21050,21300,23404,0.004716981132075526
2023-12-13,21300,21350,20900,20900,30045,-0.018779342723004744
2023-12-14,21000,21450,21000,21200,47729,0.014354066985645897
2023-12-15,21350,21950,21200,21550,67256,0.01650943396226423
2023-12-18,21700,22200,21550,21850,60372,0.0139211136890951
2023-12-19,21850,22550,21850,22500,61356,0.029748283752860427
2023-12-20,22700,22700,22050,22550,55305,0.0022222222222221255
2023-12-21,22400,22500,22050,22400,26457,-0.006651884700665134
2023-12-22,22700,22700,22100,22400,31817,0.0
2023-12-26,22400,22500,21800,21800,48887,-0.0267857142857143
2023-12-27,21700,22250,21700,22200,48482,0.0183486238532109
2023-12-28,22050,22550,22050,22400,35554,0.009009009009008917
2024-01-02,22400,24000,22250,23800,219158,0.0625
2024-01-03,23750,24100,23450,23900,111759,0.004201680672268893
2024-01-04,23800,23800,23050,23200,57190,-0.029288702928870314
2024-01-05,23300,23600,23150,23300,30009,0.004310344827586299
2024-01-08,23400,23400,23000,23400,33292,0.0042918454935623185
2024-01-09,23600,23750,23250,23600,38575,0.008547008547008517
2024-01-10,23550,23550,22850,22950,35044,-0.02754237288135597
2024-01-11,22950,23100,22700,23050,39260,0.004357298474945592
2024-01-12,23150,23350,22100,22350,61617,-0.030368763557483747
2024-01-15,22500,22500,21750,21950,33335,-0.017897091722595126
2024-01-16,21800,22000,21050,21500,48241,-0.02050113895216399
2024-01-17,21500,21600,21000,21250,38083,-0.011627906976744207
2024-01-18,21050,21950,21050,21600,29987,0.016470588235294015
2024-01-19,21650,22100,21600,21950,34850,0.01620370370370372
2024-01-22,22000,23250,21950,23100,136545,0.05239179954441919
2024-01-23,22700,23750,22700,23200,112237,0.0043290043290042934
2024-01-24,23100,23100,21400,21950,138431,-0.053879310344827624
2024-01-25,21950,21950,21250,21700,55679,-0.011389521640091105
2024-01-26,21700,21900,21300,21900,50923,0.009216589861751112
2024-01-29,21850,21850,20750,21050,88968,-0.038812785388127824
2024-01-30,21000,21100,20100,20650,190559,-0.019002375296912066
2024-01-31,20450,20550,19150,19170,216986,-0.0716707021791767
2024-02-01,19200,19380,18800,19380,88386,0.010954616588419341
2024-02-02,19450,19950,19360,19510,68120,0.006707946336429238
2024-02-05,19600,19810,19360,19690,94561,0.009226037929267017
2024-02-06,19690,20950,19420,20900,119684,0.06145251396648055
2024-02-07,21000,21150,19980,20400,129365,-0.02392344497607657
2024-02-08,20400,20450,19980,20300,111013,-0.004901960784313708
2024-02-13,20300,20500,20050,20450,88205,0.00738916256157629
2024-02-14,20200,20450,20000,20250,102203,-0.009779951100244544
2024-02-15,20500,20500,20000,20350,104183,0.004938271604938205
2024-02-16,20300,20500,20100,20500,76829,0.0073710073710073765
2024-02-19,20500,20600,20100,20450,85747,-0.0024390243902439046
2024-02-20,20250,20600,20150,20600,74784,0.007334963325183352
2024-02-21,20500,20850,20350,20800,68815,0.009708737864077666
2024-02-22,20850,21350,20250,20450,143263,-0.016826923076923128
2024-02-23,20500,20950,20100,20950,96560,0.02444987775061125
2024-02-26,20950,21100,20700,20900,54375,-0.0023866348448687846
2024-02-27,20900,20900,19750,19870,153554,-0.049282296650717705
2024-02-28,19880,20700,19830,20600,103132,0.03673880221439352
2024-02-29,20700,21450,20500,21100,119501,0.024271844660194164
2024-03-04,21300,21300,20200,20250,59768,-0.04028436018957349
2024-03-05,20050,20550,19980,20400,79725,0.007407407407407307
2024-03-06,20600,22000,20450,21500,249383,0.05392156862745101
2024-03-07,21350,21450,20150,20300,185044,-0.05581395348837215
2024-03-08,20450,21400,20150,21400,128206,0.054187192118226646
2024-03-11,21200,21400,20600,20650,73856,-0.03504672897196259
2024-03-12,20550,20850,20400,20850,51951,0.009685230024213176
2024-03-13,20800,21050,20550,21000,78007,0.007194244604316502
2024-03-14,20850,21100,20600,21050,41130,0.0023809523809523725
2024-03-15,20850,21400,20600,21350,138416,0.014251781472684133
2024-03-18,21350,22100,20950,22000,190657,0.030444964871194413
2024-03-19,22050,22250,21600,22150,75880,0.006818181818181834
2024-03-20,22200,22800,22000,22700,123624,0.02483069977426644
2024-03-21,22800,22900,22350,22700,102045,0.0
2024-03-22,22600,23350,22600,23300,128443,0.026431718061673992
2024-03-25,23400,23500,22800,23200,58096,-0.0042918454935622075
2024-03-26,23150,23150,21800,22350,156906,-0.03663793103448276
2024-03-27,22050,22400,21700,21850,134028,-0.022371364653243853
2024-03-28,22100,22300,21600,21850,49547,0.0
2024-03-29,22100,22100,21600,21900,51983,0.0022883295194509046
2024-04-01,22050,22650,21750,22500,60449,0.027397260273972712
2024-04-02,22500,22600,21950,22050,66860,-0.020000000000000018
2024-04-03,21800,22350,21650,22250,35866,0.009070294784580435
2024-04-04,22400,22400,21800,22200,41400,-0.0022471910112359383
2024-04-05,21750,22100,21550,22100,59024,-0.0045045045045044585
2024-04-08,22150,22150,21500,21700,43157,-0.018099547511312264
2024-04-09,21700,21900,21500,21900,20439,0.009216589861751112
2024-04-11,21650,22150,21550,22150,23227,0.011415525114155223
2024-04-12,22000,22750,22000,22600,70438,0.020316027088036037
2024-04-15,22100,22300,21700,21800,50442,-0.03539823008849563
2024-04-16,21500,21600,20400,20800,84542,-0.04587155963302747
2024-04-17,20800,21150,20350,20750,68497,-0.0024038461538461453
2024-04-18,20600,21100,20500,21000,23248,0.012048192771084265
2024-04-19,20750,21100,20200,20800,44679,-0.00952380952380949
2024-04-22,20750,20850,20500,20700,26435,-0.004807692307692291
2024-04-23,20600,20950,20550,20950,29382,0.012077294685990392
2024-04-24,21000,21150,20600,20850,47499,-0.004773269689737458
2024-04-25,20800,20800,20500,20500,22522,-0.016786570743405282
2024-04-26,20500,20750,20350,20750,19062,0.012195121951219523
2024-04-29,20750,20800,20300,20500,79516,-0.012048192771084376
2024-04-30,20400,20750,20400,20600,17851,0.004878048780487809
2024-05-02,20600,20650,20450,20500,18528,-0.004854368932038833
2024-05-03,20650,20950,20550,20950,42636,0.02195121951219514
2024-05-07,21000,21150,20600,20750,53323,-0.009546539379474916
2024-05-08,20750,21250,20550,21200,58044,0.02168674698795181
2024-05-09,21050,22150,21000,21500,86732,0.014150943396226356
2024-05-10,21500,21500,20650,21450,99912,-0.0023255813953488857
2024-05-13,21400,21400,20700,20700,46917,-0.034965034965035
2024-05-14,20700,20950,20650,20850,42312,0.007246376811594235
2024-05-16,20900,20950,20600,20700,27447,-0.007194244604316502
2024-05-17,20700,20700,19670,20050,227939,-0.03140096618357491
2024-05-20,19810,20050,19700,19770,63071,-0.013965087281795463
2024-05-21,19800,20200,19600,20200,32214,0.021750126454223473
2024-05-22,20300,20350,19980,20150,28217,-0.0024752475247524774
2024-05-23,19990,20250,19960,20200,22861,0.002481389578163684
2024-05-24,20200,20350,19980,20250,30050,0.0024752475247524774
2024-05-27,20300,20400,20000,20050,27422,-0.00987654320987652
2024-05-28,20050,20100,19940,20100,37745,0.0024937655860348684
2024-05-29,20100,20100,19820,20050,37223,-0.0024875621890547706
2024-05-30,19820,19840,18870,19010,136386,-0.051870324189526196
2024-05-31,19110,19380,18460,19380,93087,0.01946344029458169
2024-06-03,19160,19600,19150,19590,34689,0.010835913312693402
2024-06-04,19680,19730,19400,19660,40359,0.0035732516590096797
2024-06-05,19700,19700,19380,19600,35888,-0.003051881993896277
2024-06-07,19580,20100,19530,19960,36724,0.01836734693877551
2024-06-10,19750,20200,19670,20100,18325,0.007014028056112176
2024-06-11,19970,20100,19610,19870,61961,-0.011442786069651767
2024-06-12,19870,19960,19630,19780,25365,-0.00452944136889788
2024-06-13,19900,19950,19600,19950,41103,0.008594539939332568
2024-06-14,19910,20000,19640,19990,39106,0.002005012531328232
2024-06-17,19750,19950,19200,19350,72316,-0.03201600800400195
2024-06-18,19440,19440,19060,19320,30784,-0.0015503875968991832
2024-06-19,19320,20950,19310,19480,111898,0.008281573498964745
2024-06-20,19450,19450,19110,19300,48331,-0.00924024640657084
2024-06-21,19300,19530,19110,19300,37555,0.0
2024-06-24,19290,19290,19110,19220,18016,-0.004145077720207224
2024-06-25,19140,19260,19040,19120,28384,-0.005202913631633721
2024-06-26,19150,19240,19070,19220,19118,0.0052301255230124966
2024-06-27,19220,19240,18940,19100,41804,-0.00624349635796051
2024-06-28,19100,19200,18950,19090,13223,-0.0005235602094241232
2024-07-01,19250,19250,19000,19050,19204,-0.002095337873232017
2024-07-02,19100,19190,18720,18880,28275,-0.00892388451443571
2024-07-03,19000,19000,18680,18930,25149,0.0026483050847456724
2024-07-04,18930,18990,18740,18990,29287,0.0031695721077653616
2024-07-05,18990,19010,18810,19010,24265,0.0010531858873090716
2024-07-08,18960,19020,18900,19000,9534,-0.0005260389268806342
2024-07-09,18870,19050,18870,19050,15768,0.002631578947368318
2024-07-10,19050,19640,18930,19600,61718,0.028871391076115582
2024-07-11,19560,19560,19120,19260,40092,-0.01734693877551019
2024-07-12,19150,19550,19140,19500,24936,0.012461059190031154
2024-07-15,19540,19720,19400,19700,31205,0.01025641025641022
2024-07-16,19730,19740,19460,19610,28227,-0.004568527918781706
2024-07-17,19610,19610,19300,19430,20649,-0.009178990311065838
2024-07-18,19250,19350,19050,19350,24811,-0.004117344312918214
2024-07-19,19100,19380,19090,19380,13714,0.0015503875968991832
2024-07-22,19140,19340,18920,19070,36086,-0.015995872033023772
2024-07-23,19090,19150,18910,18990,15964,-0.004195070791819577
2024-07-24,18990,19070,18890,18930,14808,-0.003159557661927326
2024-07-25,18930,18930,18360,18550,45787,-0.02007395668251455
2024-07-26,18620,18740,18410,18590,24278,0.0021563342318058343
2024-07-29,18600,19240,18400,19200,48294,0.0328133405056481
2024-07-30,18860,19510,18860,19240,36912,0.002083333333333437
2024-07-31,19240,19320,19050,19300,25713,0.0031185031185030354
2024-08-01,19200,19500,19180,19360,29715,0.0031088082901553626
2024-08-02,19200,19230,18460,18570,40927,-0.04080578512396693
2024-08-05,18570,18570,16110,16880,115443,-0.09100700053850297
2024-08-06,16500,18400,16500,18400,71502,0.09004739336492884
2024-08-07,18400,19270,18220,19150,130823,0.040760869565217295
2024-08-08,17310,17480,16050,16500,508053,-0.13838120104438645
2024-08-09,16510,16800,15990,16170,203860,-0.020000000000000018
2024-08-12,16150,16200,15400,15670,303740,-0.030921459492888048
2024-08-13,15680,15800,15350,15690,108540,0.0012763241863433805
2024-08-14,15740,15830,15380,15830,76799,0.008922880815806167
2024-08-16,15920,16270,15830,16000,82435,0.01073910296904601
2024-08-19,16200,16920,16020,16350,155978,0.02187500000000009
2024-08-20,16350,16400,16060,16200,47067,-0.00917431192660545
2024-08-21,16030,16200,15790,16000,67509,-0.012345679012345734
2024-08-22,16050,16070,15860,16000,36617,0.0
2024-08-23,15800,15960,15660,15830,53424,-0.010624999999999996
2024-08-26,16000,16000,15610,15830,29380,0.0
2024-08-27,15860,15860,15630,15850,19612,0.0012634238787112562
2024-08-28,15900,15980,15750,15860,29558,0.0006309148264984632
2024-08-29,15800,16250,15750,16200,62668,0.021437578814627933
2024-08-30,16160,16280,16040,16200,30456,0.0
2024-09-02,16020,16300,16010,16200,23808,0.0
2024-09-03,16240,16690,16160,16600,48139,0.024691358024691468
2024-09-04,16350,16490,15950,16340,54520,-0.015662650602409678
2024-09-05,16250,16420,16140,16300,26793,-0.002447980416156681
2024-09-06,16160,16250,15550,16040,50454,-0.015950920245398792
2024-09-09,15610,16200,15610,16200,27144,0.009975062344139696
2024-09-10,16220,16240,15970,16160,20856,-0.0024691358024691024
2024-09-11,16060,16200,16000,16200,26862,0.0024752475247524774
2024-09-12,16180,16490,16080,16370,67592,0.01049382716049374
2024-09-13,16270,17210,16200,17030,78749,0.04031765424557121
2024-09-19,16810,17210,16810,17210,52519,0.010569583088666956
2024-09-20,17310,17850,16730,17160,141853,-0.0029052876234747504
2024-09-23,17290,17290,16630,16760,56335,-0.023310023310023298
2024-09-24,16700,16800,16330,16370,59872,-0.023269689737470123
2024-09-25,16370,16640,16370,16420,29175,0.0030543677458765295
2024-09-26,16620,16620,16320,16470,49251,0.003045066991473888
2024-09-27,16500,16680,16180,16500,23317,0.0018214936247722413
2024-09-30,16610,16610,16210,16350,31125,-0.009090909090909038
2024-10-02,16040,16470,15960,16200,43413,-0.00917431192660545
2024-10-04,16030,16370,16030,16260,23906,0.0037037037037037646
2024-10-07,16260,16550,16090,16260,54674,0.0
2024-10-08,16260,16290,16020,16100,43402,-0.009840098400983988
2024-10-10,16100,16300,16040,16230,35899,0.008074534161490732
2024-10-11,16270,16400,16100,16400,51044,0.010474430067775709
2024-10-14,16400,16730,16270,16680,33767,0.017073170731707332
2024-10-15,16680,17380,16680,17340,104668,0.03956834532374098
2024-10-16,17480,17480,17010,17290,42733,-0.0028835063437139263
2024-10-17,17290,17290,16900,17100,37462,-0.01098901098901095
2024-10-18,17100,17440,16980,17190,69701,0.0052631578947368585
2024-10-21,17060,17190,16210,16470,80533,-0.041884816753926746
2024-10-22,16220,16230,15470,15990,76988,-0.02914389799635697
2024-10-23,16000,16180,15820,16180,50764,0.011882426516572897
2024-10-24,16180,16180,15840,15980,51702,-0.012360939431396822
2024-10-25,15970,16010,15740,15970,32374,-0.0006257822277847547
2024-10-28,15860,16280,15860,16200,20667,0.01440200375704448
2024-10-29,16200,16570,16020,16570,48761,0.022839506172839474
2024-10-30,16530,16640,16420,16570,38137,0.0
2024-10-31,16420,16750,16320,16700,37267,0.00784550392275185
2024-11-01,16700,16700,16120,16290,46076,-0.024550898203592797
2024-11-04,16290,16430,16140,16210,36428,-0.0049109883364026885
2024-11-05,16120,16750,16120,16700,57046,0.030228254164096136
2024-11-06,16690,16690,16250,16500,33477,-0.0119760479041916
2024-11-07,16380,16430,15900,15960,52323,-0.032727272727272716
2024-11-08,15960,16230,15670,16090,49493,0.008145363408521344
2024-11-11,15910,16330,15810,16180,40204,0.005593536357986428
2024-11-12,16010,16210,15750,15890,32703,-0.01792336217552537
2024-11-13,15840,15920,15370,15880,41733,-0.0006293266205160686
2024-11-14,15740,16000,15500,15850,18734,-0.0018891687657430767
2024-11-15,15700,16430,15700,16320,93452,0.029652996845425772
2024-11-18,16000,16850,16000,16710,67839,0.023897058823529438
2024-11-19,16510,17120,16510,16920,75449,0.012567324955116588
2024-11-20,17070,17180,16800,17180,35027,0.015366430260047359
2024-11-21,17180,17560,16930,17100,81052,-0.00465657741559955
2024-11-22,17040,17190,16470,16470,30814,-0.0368421052631579
2024-11-25,16830,16830,16260,16740,41004,0.016393442622950838
2024-11-26,16740,17160,16640,17160,22951,0.02508960573476693
2024-11-27,17200,17280,16880,17160,38981,0.0
2024-11-28,17100,17310,16970,17100,42386,-0.0034965034965035446
2024-11-29,17140,17180,16610,17000,26793,-0.005847953216374324
2024-12-02,16920,17050,16590,16690,43167,-0.018235294117647016
2024-12-03,16550,16860,16510,16850,18165,0.009586578789694489
2024-12-04,16780,16780,16260,16430,34304,-0.02492581602373889
2024-12-05,16450,16930,16450,16750,79117,0.019476567255021227
2024-12-06,16590,16940,16150,16470,43489,-0.016716417910447756
2024-12-09,16400,16400,15420,15650,48009,-0.049787492410443224
2024-12-10,15500,16070,15500,16050,20968,0.025559105431310014
2024-12-11,16190,16410,15920,16220,22583,0.010591900311526459
2024-12-12,16480,16480,16050,16440,29668,0.013563501849568338
2024-12-13,16390,16940,16390,16940,58969,0.03041362530413627
2024-12-16,16720,17000,16720,16950,13871,0.0005903187721369996
2024-12-17,17080,17080,16820,16970,12584,0.0011799410029498247
2024-12-18,16970,17080,16500,16670,17277,-0.017678255745433136
2024-12-19,16570,16570,16170,16340,20579,-0.019796040791841607
2024-12-20,16290,16290,15910,16250,40371,-0.00550795593635256
2024-12-23,16390,16400,16130,16310,14965,0.0036923076923076614
2024-12-24,16200,16360,16130,16310,11947,0.0
2024-12-26,16450,16450,16140,16280,7009,-0.0018393623543838666
2024-12-27,16150,16160,15760,15940,19785,-0.020884520884520863
2024-12-30,15830,16160,15650,16140,10335,0.012547051442910906
2025-01-02,16120,16410,15850,16330,33240,0.011771995043370564
2025-01-03,16330,16680,16080,16650,18600,0.019595835884874457
2025-01-06,16650,16830,16520,16800,13862,0.009009009009008917
2025-01-07,16960,16960,16660,16750,17509,-0.0029761904761904656
2025-01-08,16750,16870,16410,16750,8519,0.0
2025-01-09,16740,16740,16360,16500,14827,-0.014925373134328401
2025-01-10,16350,16660,16350,16640,10131,0.00848484848484854
2025-01-13,16750,16750,16420,16560,11063,-0.004807692307692291
2025-01-14,16540,16900,16450,16870,27513,0.018719806763284996
2025-01-15,16810,17280,16780,16940,11578,0.004149377593360981
2025-01-16,16990,17100,16780,16930,15030,-0.0005903187721369996
2025-01-17,17140,17140,16700,16890,15448,-0.002362669816893037
2025-01-20,16760,16890,16590,16650,21373,-0.014209591474245165
2025-01-21,16650,16800,16490,16650,22914,0.0
2025-01-22,16710,16840,16430,16790,42824,0.008408408408408397
2025-01-23,16790,16790,16410,16690,11061,-0.005955926146515744
2025-01-24,16700,17280,16540,17270,84864,0.034751348112642244
2025-01-31,17070,17470,16880,17420,25864,0.008685581933989495
2025-02-03,16900,17460,16900,17410,25981,-0.0005740528128588274
2025-02-04,17410,17820,17350,17450,32146,0.0022975301550833827
2025-02-05,17370,17450,17120,17180,31519,-0.015472779369627543
2025-02-06,17190,17350,17090,17310,16236,0.0075669383003491575
2025-02-07,17200,17380,17160,17380,16847,0.004043905257076874
2025-02-10,17380,17420,16970,17020,24895,-0.020713463751438455
2025-02-11,17220,17220,16760,16920,24363,-0.005875440658049347
2025-02-12,16900,17100,16730,17030,34315,0.006501182033096908
2025-02-13,17100,18760,17030,17220,78479,0.011156782149148503
2025-02-14,17220,17580,17220,17320,46645,0.005807200929152101
2025-02-17,17320,17650,17220,17530,24946,0.012124711316397141
2025-02-18,17480,17590,17290,17440,15562,-0.00513405590416427
2025-02-19,17450,17470,16980,17130,38601,-0.017775229357798183
2025-02-20,17120,17120,16800,16950,36722,-0.010507880910682998
2025-02-21,16910,17020,16850,17000,11432,0.002949852507374562
2025-02-24,16800,17070,16390,17060,38443,0.003529411764705781
2025-02-25,16930,17050,16800,16880,15920,-0.010550996483001174
2025-02-26,17000,17270,16810,17060,63813,0.010663507109004655
2025-02-27,17030,17030,16550,16690,46622,-0.021688159437280197
2025-02-28,16550,16660,15900,16200,57270,-0.029358897543439233
2025-03-04,16220,16220,15760,16210,50889,0.0006172839506173311
2025-03-05,16210,16230,15740,16000,72651,-0.012954966070326979
2025-03-06,16000,16000,15760,15770,61889,-0.014375000000000027
2025-03-07,15750,15760,15270,15480,71065,-0.018389346861128697
2025-03-10,15610,15890,15300,15660,37879,0.011627906976744207
2025-03-11,15440,15600,15130,15560,39088,-0.0063856960408684715
2025-03-12,15390,15670,15390,15670,18123,0.007069408740359995
2025-03-13,15730,16000,15490,15600,18708,-0.00446713465220161
2025-03-14,15540,15800,15400,15660,24815,0.0038461538461538325
2025-03-17,15670,15870,15580,15740,24896,0.005108556832694733
2025-03-18,15610,15740,15580,15740,16809,0.0
2025-03-19,15630,16060,15630,16050,40613,0.01969504447268111
2025-03-20,16010,16360,15960,16310,39054,0.016199376947040545
2025-03-21,16270,16510,16250,16470,25322,0.009809932556713585
2025-03-24,16370,16930,16360,16870,55510,0.024286581663630846
2025-03-25,16870,17150,16800,17050,51298,0.010669828097213951
2025-03-26,16900,17240,16710,17200,37891,0.008797653958944274
2025-03-27,17210,17300,16990,17110,29064,-0.005232558139534937
2025-03-28,17110,17270,16790,17200,37949,0.005260081823495133
2025-03-31,16610,17200,16610,17190,33564,-0.0005813953488371659
2025-04-01,17020,17470,17020,17440,53442,0.014543339150669077
2025-04-02,17150,17460,17150,17300,23279,-0.008027522935779796
2025-04-03,17300,17300,16740,16920,37933,-0.02196531791907519
2025-04-04,17010,17010,16510,16890,37302,-0.0017730496453900457
2025-04-07,16510,16510,15900,16100,29519,-0.04677323860272353
2025-04-08,16120,16590,16040,16590,26048,0.0304347826086957
2025-04-09,16500,16700,16080,16350,33395,-0.01446654611211573
2025-04-10,16580,16740,16120,16560,47201,0.012844036697247763
2025-04-11,16470,16880,16430,16880,25038,0.019323671497584627
2025-04-14,16910,17350,16790,17220,96054,0.020142180094786744
2025-04-15,17220,17400,17115,17370,34708,0.008710801393728262
2025-04-16,17390,17550,17210,17400,35553,0.0017271157167531026
2025-04-17,17210,18300,17210,18300,62699,0.051724137931034475
2025-04-18,18110,18490,18000,18490,52444,0.01038251366120213
2025-04-21,18490,18870,18090,18400,88056,-0.004867495943753353
2025-04-22,18380,18380,17980,18000,61174,-0.021739130434782594
2025-04-23,18050,18460,18030,18240,93487,0.01333333333333342
2025-04-24,18240,18300,17950,18200,47591,-0.002192982456140302
2025-04-25,18200,18760,18200,18760,55121,0.03076923076923066
2025-04-28,18780,19610,18690,19520,117337,0.04051172707889128
2025-04-29,19540,19670,19300,19300,64370,-0.01127049180327866
2025-04-30,19340,19480,19180,19470,27511,0.00880829015544049
2025-05-02,19470,19720,19300,19700,38016,0.011813045711350778
2025-05-07,19700,19930,19610,19880,44976,0.009137055837563413
2025-05-08,19880,20700,19880,20650,161804,0.03873239436619724
2025-05-09,20650,20750,20200,20700,94772,0.002421307506053294
2025-05-12,20700,20750,19990,20300,68615,-0.019323671497584516
2025-05-13,20300,20900,20150,20700,65441,0.019704433497536922
2025-05-14,20700,21200,20500,20950,185399,0.012077294685990392
2025-05-15,20950,21000,19490,19700,158867,-0.059665871121718395
2025-05-16,19640,19640,18590,18990,109907,-0.03604060913705587
2025-05-19,18800,19240,18330,19150,49153,0.008425487098472795
2025-05-20,19400,19750,19230,19700,140439,0.02872062663185382
2025-05-21,19740,19890,19570,19850,98335,0.0076142131979695105
2025-05-22,19830,20100,19690,19950,92810,0.005037783375314797
2025-05-23,19950,19950,17620,18310,176733,-0.08220551378446117
2025-05-26,18340,18450,18030,18370,80033,0.003276897870016393
2025-05-27,18370,18470,18090,18430,88310,0.003266194882961315
2025-05-28,18450,18450,18200,18320,25638,-0.005968529571351078
2025-05-29,18320,18320,17890,18090,56440,-0.012554585152838471
2025-05-30,18080,18080,17690,17960,39162,-0.007186290768380288
2025-06-02,17930,18240,17770,18220,26311,0.014476614699331813
2025-06-04,18290,18340,17670,18280,81657,0.003293084522502765
2025-06-05,18210,19460,18210,19050,192761,0.04212253829321666
2025-06-09,19060,19700,19060,19440,83840,0.020472440944881987
2025-06-10,19440,19460,19020,19110,39942,-0.016975308641975273
2025-06-11,19010,19310,18910,19220,30299,0.005756148613291545
2025-06-12,19220,19220,18640,18940,41108,-0.014568158168574374
2025-06-13,18640,19160,18130,18240,61879,-0.03695881731784578
2025-06-16,17950,18450,17950,18340,34311,0.005482456140350811
2025-06-17,18500,18500,17860,17890,50789,-0.024536532170119973
2025-06-18,17850,18320,17840,18320,53597,0.024035774175517055
2025-06-19,18470,18850,18260,18700,66743,0.020742358078602585
2025-06-20,18600,19150,18540,19100,69887,0.021390374331550888
2025-06-23,19100,19100,18480,18760,47970,-0.017801047120418856
2025-06-24,18990,19090,18820,19090,34101,0.01759061833688702
2025-06-25,19090,19230,18840,18970,31028,-0.0062860136196961625
2025-06-26,18970,18970,18200,18770,40619,-0.010542962572482883
2025-06-27,18770,18890,18500,18550,31188,-0.011720831113478991
2025-06-30,18570,18570,17990,17990,48820,-0.030188679245283012
2025-07-01,18150,18650,18150,18570,52256,0.03224013340744869
2025-07-02,18600,18880,18510,18850,41557,0.015078082929456116
2025-07-03,18850,19070,18520,18540,54091,-0.01644562334217503
2025-07-04,18550,18750,18090,18150,51999,-0.021035598705501646
2025-07-07,18170,18260,17940,18220,35724,0.0038567493112948714
2025-07-08,18220,18540,18040,18050,55948,-0.00933040614709113
2025-07-09,18190,18900,18030,18850,81698,0.04432132963988922
2025-07-10,18850,19290,18620,18740,59803,-0.005835543766578244
2025-07-11,18670,18850,18360,18650,45736,-0.0048025613660619415
2025-07-14,18650,19090,18580,18910,47382,0.01394101876675613
2025-07-15,18950,19390,18750,19100,74442,0.010047593865679438
2025-07-16,19200,19640,19010,19450,90434,0.018324607329842868
2025-07-17,19590,19590,18950,19300,41793,-0.007712082262210762
2025-07-18,19280,19290,19010,19090,29712,-0.010880829015543991
2025-07-21,19060,19390,18560,18560,38714,-0.027763226820324727
2025-07-22,18570,18900,18150,18170,44235,-0.021012931034482762
2025-07-23,18400,18400,18090,18350,16324,0.009906439185470628
2025-07-24,18280,18390,18150,18210,29058,-0.007629427792915533
2025-07-25,18220,18340,18110,18260,8632,0.0027457440966502933
2025-07-28,18280,18280,17920,17970,19605,-0.015881708652793036
2025-07-29,17960,18270,17960,18100,26920,0.0072342793544797335
2025-07-30,18100,18340,18050,18190,44745,0.004972375690607711
2025-07-31,18200,18540,18090,18460,37241,0.014843320505772306
2025-08-01,18470,18470,18010,18200,29330,-0.014084507042253502
2025-08-04,18200,18310,17450,17630,45461,-0.03131868131868132
2025-08-05,17600,17750,17450,17730,37558,0.005672149744753163
2025-08-06,17600,18370,17110,18110,34407,0.021432600112803124
2025-08-07,18160,18160,17900,18050,11475,-0.00331308669243513
2025-08-08,18190,18190,17810,17910,10806,-0.007756232686980558
2025-08-11,17750,18030,17720,17930,9716,0.001116694584031297
2025-08-12,18120,18120,17570,17800,26448,-0.007250418293363037
2025-08-13,17800,17890,17420,17750,33121,-0.002808988764044895
2025-08-14,17750,17960,17570,17780,25242,0.0016901408450704647
2025-08-18,18050,18200,17750,17900,52239,0.006749156355455588
2025-08-19,17900,17900,17350,17520,31200,-0.021229050279329642
2025-08-20,17460,17540,16910,17390,20728,-0.007420091324200961
2025-08-21,17210,17380,16930,16940,28181,-0.0258769407705578
2025-08-22,16940,17020,16600,16790,25195,-0.008854781582054327
2025-08-25,16750,16900,16520,16640,26787,-0.008933889219773672
2025-08-26,16780,16990,16500,16800,24383,0.009615384615384581
2025-08-27,16810,16890,16570,16650,16209,-0.008928571428571397
2025-08-28,16650,16650,16160,16260,51425,-0.023423423423423406
2025-08-29,16270,16440,16200,16240,9475,-0.0012300123001229846
2025-09-01,16230,17200,16120,16450,61200,0.012931034482758674
2025-09-02,16490,16610,16320,16590,16946,0.008510638297872353
2025-09-03,16590,16780,16500,16680,12252,0.005424954792043302
2025-09-04,16670,17000,16670,16930,19047,0.014988009592326046
2025-09-05,16930,17060,16720,17000,18513,0.0041346721795629815
2025-09-08,17000,17450,17000,17230,69957,0.01352941176470579
2025-09-09,17170,17290,16880,17060,27152,-0.009866511897852592
2025-09-10,17060,17300,16940,17300,42851,0.014067995310668158
2025-09-11,17300,17430,17000,17220,14743,-0.0046242774566473965
2025-09-12,17160,17540,17100,17500,49533,0.016260162601626105
2025-09-15,17500,17650,17310,17590,23668,0.005142857142857116
2025-09-16,17590,17670,17370,17540,32627,-0.002842524161455362
2025-09-17,17580,17660,17340,17640,24614,0.005701254275940704
2025-09-18,17640,17750,17530,17740,39212,0.005668934240362855
2025-09-19,17460,17770,17070,17700,63796,-0.0022547914317925244
2025-09-22,17420,17920,17420,17790,29972,0.005084745762711895
2025-09-23,17790,17900,17600,17780,38359,-0.0005621135469364713
2025-09-24,17790,17800,17380,17540,12798,-0.013498312710911176
2025-09-25,17540,17610,17360,17570,26435,0.0017103762827821445
2025-09-26,17420,17500,16900,17390,28546,-0.010244735344336897
2025-09-29,17390,17490,17100,17440,27209,0.002875215641173101
2025-09-30,17550,17550,17320,17450,7831,0.0005733944954129377
2025-10-01,17440,17580,17120,17190,11282,-0.014899713467048659
2025-10-02,17200,17460,16960,17380,31639,0.01105293775450833
2025-10-10,17210,17650,16930,17590,50449,0.012082853855005737
2025-10-13,17420,17420,17010,17040,15600,-0.03126776577600909
2025-10-14,17050,17180,16750,16940,26657,-0.005868544600938996
2025-10-15,16940,17200,16720,17190,16881,0.014757969303423879
2025-10-16,17190,17190,16930,16970,12380,-0.012798138452588703
2025-10-17,16970,17300,16810,16860,18005,-0.006482027106658794
2025-10-20,16900,17280,16900,17240,29910,0.022538552787663146
2025-10-21,17240,17480,17070,17140,16586,-0.0058004640371229765
2025-10-22,17000,17300,16970,17300,20108,0.009334889148191472
2025-10-23,17290,17290,17100,17200,22166,-0.005780346820809301
2025-10-24,17200,17390,16920,17200,30256,0.0
2025-10-27,17200,17330,16980,17170,36040,-0.0017441860465116088
2025-10-28,17370,17460,17070,17220,36085,0.0029120559114734768
2025-10-29,17230,17230,16800,16930,38776,-0.016840882694541204
2025-10-30,17030,17180,16640,16690,39364,-0.014176018901358556
2025-10-31,16690,16910,16300,16800,39876,0.006590772917914878
2025-11-03,16640,16870,16390,16700,50314,-0.005952380952380931
2025-11-04,16610,16890,16510,16680,38412,-0.0011976047904191933
2025-11-05,16670,16690,16050,16610,48760,-0.004196642685851293
2025-11-06,16620,16870,16440,16840,29293,0.013847080072245666
2025-11-07,16810,16810,16100,16300,33955,-0.03206650831353919
2025-11-10,16300,16670,16130,16650,21285,0.021472392638036908
2025-11-11,16650,17040,16410,16610,51535,-0.002402402402402415
2025-11-12,16660,17000,16570,16960,31726,0.021071643588199906
2025-11-13,17090,17630,17070,17350,86548,0.022995283018867996
2025-11-14,17290,17700,17190,17400,49139,0.0028818443804035088
2025-11-17,17550,17550,17140,17450,25996,0.002873563218390718
2025-11-18,17450,17450,16920,17100,27263,-0.02005730659025784
2025-11-19,17280,17280,16500,16500,27544,-0.03508771929824561
2025-11-20,16560,16730,16450,16600,23377,0.0060606060606061
2025-11-21,16490,16490,16160,16210,22957,-0.02349397590361446
2025-11-24,16170,16200,15960,16150,18875,-0.0037014188772362955
2025-11-25,16210,16210,15620,15990,45001,-0.009907120743034015
2025-11-26,15990,16180,15840,16180,30298,0.011882426516572897
2025-11-27,16180,16250,16060,16060,18688,-0.007416563658838027
2025-11-28,16060,16980,16050,16950,53716,0.055417185554171855
2025-12-01,16950,17650,16950,17220,47829,0.015929203539823078
2025-12-02,17170,17440,17000,17430,17089,0.012195121951219523
2025-12-03,17390,17500,17180,17200,13831,-0.01319563970166382
2025-12-04,17300,17390,16980,17110,12973,-0.005232558139534937
2025-12-05,17460,17460,16990,17210,9044,0.005844535359438963
2025-12-08,17210,17210,16920,16960,16964,-0.014526438117373641
2025-12-09,17190,17190,16730,17100,8542,0.008254716981132004
2025-12-10,17100,17100,16820,16880,18957,-0.012865497076023358
2025-12-11,16890,17150,16890,17100,24740,0.013033175355450233
2025-12-12,17200,17250,16980,17150,12653,0.0029239766081872176
2025-12-15,17150,17150,16800,17050,9759,-0.005830903790087438
2025-12-16,17050,17300,16740,16900,26473,-0.008797653958944274
2025-12-17,16900,16950,16730,16900,16350,0.0
2025-12-18,16900,16900,16590,16670,11280,-0.013609467455621305
2025-12-19,16530,16800,16480,16800,31107,0.007798440311937549
2025-12-22,16880,16880,16640,16640,16906,-0.00952380952380949
2025-12-23,16820,16820,16340,16500,21517,-0.008413461538461564
2025-12-24,16500,16620,16300,16370,11480,-0.00787878787878793
2025-12-26,16500,16870,16400,16640,20057,0.016493585827733748
2025-12-29,16640,17150,16610,16900,27181,0.015625
2025-12-30,17150,17150,16770,16890,9164,-0.0005917159763313418
2026-01-02,16720,17060,16660,16840,22929,-0.002960331557134377
2026-01-05,16750,16750,16290,16450,31142,-0.02315914489311166
2026-01-06,16500,16500,16170,16300,23152,-0.00911854103343468
2026-01-07,16350,16410,15770,16110,33806,-0.011656441717791455
2026-01-08,16110,16170,15870,16120,14966,0.0006207324643079382
2026-01-09,16120,16150,15860,16090,22664,-0.0018610421836228186
2026-01-12,16150,16190,15910,16090,7808,0.0
2026-01-13,16400,16400,15830,16030,19534,-0.003729024238657508
2026-01-14,16030,16200,15800,16000,17956,-0.0018714909544603753
2026-01-15,16120,16120,15700,15970,25582,-0.00187499999999996
2026-01-16,15940,15940,15740,15910,14904,-0.0037570444583594487
2026-01-19,15900,15900,15700,15810,17491,-0.006285355122564451
2026-01-20,15750,16020,15700,15940,22628,0.008222643896268256
2026-01-21,15800,15830,15360,15830,59282,-0.006900878293600976
2026-01-22,15830,15840,15570,15830,18874,0.0
2026-01-23,15800,16100,15700,16100,26846,0.017056222362602735
2026-01-26,16200,16380,16020,16260,21306,0.009937888198757738
2026-01-27,16260,16360,16110,16280,30639,0.0012300123001229846
