Date,Open,High,Low,Close,Volume,Change
2022-01-03,19850,19900,19350,19550,71960,-0.015113350125944613
2022-01-04,19550,19750,19000,19150,75090,-0.020460358056266004
2022-01-05,19150,19200,18600,18700,91840,-0.023498694516971286
2022-01-06,18350,19250,18250,18950,142060,0.013368983957219305
2022-01-07,19000,19300,18800,19000,26470,0.0026385224274405594
2022-01-10,19050,19050,18250,18400,66790,-0.03157894736842104
2022-01-11,18400,18500,17850,17900,97130,-0.02717391304347827
2022-01-12,18000,18400,18000,18150,92830,0.013966480446927276
2022-01-13,18250,18400,18050,18400,44370,0.01377410468319562
2022-01-14,18150,18350,17900,18100,38610,-0.016304347826086918
2022-01-17,18150,18200,17750,17950,33570,-0.008287292817679592
2022-01-18,17800,18100,17600,17750,56960,-0.011142061281337101
2022-01-19,17500,18200,17500,17800,57040,0.0028169014084507005
2022-01-20,17800,18950,17750,18150,116120,0.0196629213483146
2022-01-21,18000,18450,18000,18200,44840,0.0027548209366390353
2022-01-24,18100,18150,17450,17650,96740,-0.030219780219780223
2022-01-25,17650,17950,17000,17650,76040,0.0
2022-01-26,17750,17750,17150,17250,48560,-0.022662889518413554
2022-01-27,17250,17350,15900,16400,274830,-0.049275362318840554
2022-01-28,16200,17000,16000,16700,130950,0.018292682926829285
2022-02-03,17200,17200,16400,16600,78870,-0.005988023952095856
2022-02-04,16500,17250,16500,17200,48090,0.03614457831325302
2022-02-07,17200,17200,16900,17050,19560,-0.008720930232558155
2022-02-08,17050,17300,16500,16750,80540,-0.017595307917888547
2022-02-09,16900,17450,16650,17200,85060,0.02686567164179099
2022-02-10,17450,17450,17000,17350,34120,0.008720930232558155
2022-02-11,16900,17200,16600,16700,105300,-0.03746397694524495
2022-02-14,16450,16700,16150,16650,83360,-0.0029940119760478723
2022-02-15,16600,16600,15899,16100,57730,-0.033033033033033066
2022-02-16,16300,16500,16150,16350,117160,0.01552795031055898
2022-02-17,16400,16750,16200,16450,92050,0.006116207951070374
2022-02-18,16250,16600,16099,16550,99240,0.006079027355623046
2022-02-21,16500,16700,16199,16350,55520,-0.012084592145015116
2022-02-22,16050,18000,16000,17350,385420,0.06116207951070329
2022-02-23,17850,18150,17300,18000,256190,0.03746397694524495
2022-02-24,17850,18050,16700,16900,349910,-0.061111111111111116
2022-02-25,17150,17400,17000,17150,98290,0.014792899408283988
2022-02-28,17000,17250,16800,16900,100860,-0.014577259475218707
2022-03-02,16800,17100,16800,17000,69930,0.00591715976331364
2022-03-03,17050,17900,17000,17800,121250,0.04705882352941182
2022-03-04,17900,18000,17650,17950,92650,0.008426966292134797
2022-03-07,17800,17800,17350,17500,77230,-0.02506963788300831
2022-03-08,17150,17400,16950,17200,78710,-0.017142857142857126
2022-03-10,17650,18150,17500,18100,119370,0.05232558139534893
2022-03-11,18100,18250,17800,18000,70040,-0.0055248618784530246
2022-03-14,17800,18000,17550,17850,64670,-0.008333333333333304
2022-03-15,17800,18150,17650,17900,58330,0.0028011204481792618
2022-03-16,18150,18200,17800,17950,52710,0.0027932960893854997
2022-03-17,18150,18200,17950,18100,82090,0.008356545961002881
2022-03-18,18150,18300,18050,18150,47260,0.0027624309392264568
2022-03-21,18250,18600,18100,18400,53190,0.01377410468319562
2022-03-22,18400,18550,18300,18350,36660,-0.0027173913043477826
2022-03-23,18550,18550,18000,18200,68450,-0.008174386920980936
2022-03-24,18200,18200,18000,18150,25660,-0.0027472527472527375
2022-03-25,18200,18400,18200,18300,28560,0.008264462809917328
2022-03-28,18350,18550,18150,18400,61650,0.005464480874316946
2022-03-29,18400,18450,18250,18400,30940,0.0
2022-03-30,18400,18550,18300,18400,39250,0.0
2022-03-31,18350,19200,18300,19100,125680,0.03804347826086962
2022-04-01,19150,19350,18950,19250,86400,0.007853403141361293
2022-04-04,19350,19750,19300,19700,134470,0.023376623376623273
2022-04-05,19900,20250,19350,19750,241580,0.002538071065989911
2022-04-06,0,0,0,19750,0,0.0
2022-04-07,0,0,0,19750,0,0.0
2022-04-08,0,0,0,19750,0,0.0
2022-04-11,19000,19150,18200,18300,238370,-0.07341772151898729
2022-04-12,18100,18350,17600,17950,92747,-0.01912568306010931
2022-04-13,17900,18200,17700,17800,64039,-0.00835654596100277
2022-04-14,17950,18000,17600,17650,52867,-0.008426966292134797
2022-04-15,17550,17800,17500,17650,45977,0.0
2022-04-18,17950,18500,17750,17900,100456,0.014164305949008416
2022-04-19,17850,18000,17500,17750,125861,-0.008379888268156388
2022-04-20,17800,18150,17500,18050,68347,0.016901408450704203
2022-04-21,18100,18100,17400,17500,100406,-0.030470914127423865
2022-04-22,17350,17550,17300,17550,44122,0.0028571428571428914
2022-04-25,17250,17300,16850,16850,101444,-0.03988603988603989
2022-04-26,16900,17000,16750,16900,44769,0.0029673590504450953
2022-04-27,16400,16850,16300,16450,84640,-0.026627218934911268
2022-04-28,16550,16650,16350,16650,40185,0.012158054711246091
2022-04-29,16500,16650,16150,16400,133605,-0.01501501501501501
2022-05-02,16400,16850,16150,16850,47047,0.027439024390243816
2022-05-03,16800,16850,16500,16750,34808,-0.005934718100890191
2022-05-04,16750,16850,16500,16550,29175,-0.011940298507462699
2022-05-06,16300,16550,16200,16350,27106,-0.012084592145015116
2022-05-09,16300,16300,15950,16100,52617,-0.015290519877675823
2022-05-10,15900,15950,15450,15950,69337,-0.009316770186335366
2022-05-11,15950,16050,15700,15950,29622,0.0
2022-05-12,15850,15850,15200,15400,88454,-0.03448275862068961
2022-05-13,15400,15950,15350,15950,30753,0.03571428571428581
2022-05-16,15900,16150,15850,16000,31281,0.0031347962382444194
2022-05-17,16000,16100,15850,16100,17971,0.006250000000000089
2022-05-18,16150,16150,15700,16000,53456,-0.006211180124223614
2022-05-19,15450,15600,14700,15000,207805,-0.0625
2022-05-20,15000,15500,14750,15500,70998,0.03333333333333344
2022-05-23,15550,16150,15500,16000,81668,0.032258064516129004
2022-05-24,15950,16100,15500,15600,42504,-0.025000000000000022
2022-05-25,15550,15850,15500,15650,32215,0.0032051282051281937
2022-05-26,15650,15900,15450,15600,25498,-0.0031948881789137795
2022-05-27,15900,16100,15850,15850,37316,0.01602564102564097
2022-05-30,15950,16450,15950,16050,55270,0.012618296529968376
2022-05-31,16100,16500,15950,16350,40091,0.01869158878504673
2022-06-02,16350,16500,15900,16300,26676,-0.003058103975535187
2022-06-03,16300,16600,16100,16400,29641,0.006134969325153339
2022-06-07,16300,16300,15950,16050,23539,-0.021341463414634165
2022-06-08,16000,16150,15900,16000,13516,-0.0031152647975077885
2022-06-09,16000,16000,15500,15600,45480,-0.025000000000000022
2022-06-10,15550,15950,15400,15850,34668,0.01602564102564097
2022-06-13,15350,15550,14750,14750,82992,-0.06940063091482651
2022-06-14,14600,14950,14200,14750,79797,0.0
2022-06-15,14450,14700,13750,14000,120099,-0.05084745762711862
2022-06-16,14050,14300,13700,13750,79880,-0.017857142857142905
2022-06-17,13500,13750,13300,13600,57974,-0.010909090909090868
2022-06-20,13600,13800,12650,12850,154170,-0.05514705882352944
2022-06-21,12850,13750,12800,13500,66430,0.05058365758754868
2022-06-22,13550,13550,12450,12600,72039,-0.06666666666666665
2022-06-23,12600,12850,12350,12350,68181,-0.019841269841269882
2022-06-24,12650,13300,12450,13200,45594,0.06882591093117418
2022-06-27,13200,14250,13150,13950,98827,0.05681818181818188
2022-06-28,14100,14300,13800,14000,59974,0.0035842293906809264
2022-06-29,13800,14650,13700,14500,67267,0.03571428571428581
2022-06-30,14250,14300,13700,13800,45608,-0.0482758620689655
2022-07-01,13800,14000,13550,13600,29083,-0.01449275362318836
2022-07-04,13550,13800,13200,13400,30518,-0.014705882352941124
2022-07-05,13350,13900,13350,13700,16788,0.02238805970149249
2022-07-06,13900,14350,13650,14000,27424,0.021897810218978186
2022-07-07,14000,14250,13900,14000,29812,0.0
2022-07-08,14250,14250,13700,13850,48039,-0.010714285714285676
2022-07-11,13900,14050,13650,13700,34017,-0.010830324909747335
2022-07-12,13550,13700,13000,13150,34107,-0.04014598540145986
2022-07-13,13050,13350,13000,13300,35429,0.011406844106463865
2022-07-14,13300,13300,13050,13200,13325,-0.007518796992481258
2022-07-15,13200,14000,12850,13050,39496,-0.011363636363636354
2022-07-18,13250,13450,13200,13400,16811,0.026819923371647514
2022-07-19,13300,13500,13050,13450,10860,0.003731343283582156
2022-07-20,13600,13900,13550,13750,40894,0.02230483271375472
2022-07-21,13850,14100,13800,13950,28985,0.014545454545454639
2022-07-22,13950,14150,13750,13950,7586,0.0
2022-07-25,13800,14150,13700,13900,12442,-0.0035842293906810374
2022-07-26,14050,14050,13750,13900,7201,0.0
2022-07-27,13700,14050,13650,13950,7076,0.003597122302158251
2022-07-28,14200,14200,13950,14050,14025,0.007168458781362075
2022-07-29,14050,14200,14000,14100,20537,0.003558718861210064
2022-08-01,14100,14450,14050,14200,15419,0.007092198581560183
2022-08-02,14150,14300,13900,14000,16506,-0.014084507042253502
2022-08-03,13950,14700,13900,14650,23824,0.046428571428571486
2022-08-04,14650,14750,14150,14250,43187,-0.027303754266211566
2022-08-05,14250,14350,14150,14350,34066,0.007017543859649145
2022-08-08,15300,15800,14800,15700,160967,0.0940766550522647
2022-08-09,15600,15650,15150,15300,39720,-0.02547770700636942
2022-08-10,15350,15350,14750,14850,34853,-0.02941176470588236
2022-08-11,15000,15400,14950,15100,31337,0.01683501683501687
2022-08-12,15100,15250,14950,15100,20673,0.0
2022-08-16,15150,15450,15150,15300,31540,0.013245033112582849
2022-08-17,15200,15400,15050,15050,15148,-0.016339869281045805
2022-08-18,14950,15050,14650,14950,18590,-0.006644518272425293
2022-08-19,14850,15050,14700,14700,17835,-0.01672240802675584
2022-08-22,14550,14550,14150,14300,44515,-0.027210884353741527
2022-08-23,14100,14200,13950,14000,27242,-0.020979020979020935
2022-08-24,14000,14300,14000,14050,9545,0.0035714285714285587
2022-08-25,14050,15400,14050,15100,68035,0.07473309608540935
2022-08-26,15100,15250,14950,15150,34462,0.0033112582781456013
2022-08-29,14650,14900,14350,14650,38736,-0.03300330033003296
2022-08-30,14600,15000,14600,14950,12986,0.020477815699658786
2022-08-31,14950,16100,14900,15950,156587,0.06688963210702337
2022-09-01,16000,16000,15150,15200,75762,-0.047021943573667735
2022-09-02,15300,15600,14900,14950,59819,-0.016447368421052655
2022-09-05,15000,15000,14400,14500,33053,-0.030100334448160515
2022-09-06,14500,14800,14450,14550,28453,0.0034482758620688614
2022-09-07,14650,14650,14200,14550,25687,0.0
2022-09-08,14600,14900,14450,14650,17686,0.0068728522336769515
2022-09-13,14800,15100,14800,14950,19140,0.020477815699658786
2022-09-14,14700,14900,14450,14900,22153,-0.0033444816053511683
2022-09-15,14900,15150,14750,15000,24512,0.006711409395973256
2022-09-16,14950,14950,14500,14750,38926,-0.01666666666666672
2022-09-19,14600,14700,14000,14050,64300,-0.0474576271186441
2022-09-20,14200,14450,13700,13800,100404,-0.017793594306049876
2022-09-21,13800,14050,13600,13850,35174,0.0036231884057971175
2022-09-22,13800,13800,13500,13600,65024,-0.018050541516245522
2022-09-23,13600,13650,13100,13350,69972,-0.018382352941176516
2022-09-26,13200,13250,12650,12650,82315,-0.05243445692883897
2022-09-27,12500,12750,12300,12600,63136,-0.0039525691699604515
2022-09-28,12500,12900,12200,12300,62873,-0.023809523809523836
2022-09-29,12400,12650,12200,12200,42734,-0.008130081300813052
2022-09-30,12050,12450,11950,12150,57996,-0.004098360655737654
2022-10-04,12200,12450,12100,12400,23514,0.020576131687242816
2022-10-05,12650,12650,12050,12100,37861,-0.024193548387096753
2022-10-06,12100,12450,12100,12350,23112,0.02066115702479343
2022-10-07,12350,12900,12250,12650,39321,0.02429149797570851
2022-10-11,12650,12650,12050,12200,31548,-0.035573122529644285
2022-10-12,12300,12300,12000,12200,31079,0.0
2022-10-13,12200,12200,11850,11950,40463,-0.020491803278688492
2022-10-14,12100,12850,12100,12500,48397,0.046025104602510414
2022-10-17,12600,13300,12500,12850,81982,0.028000000000000025
2022-10-18,13050,13450,12500,12900,31619,0.0038910505836575737
2022-10-19,12900,13000,12450,12450,42927,-0.03488372093023251
2022-10-20,12450,12650,12250,12350,26064,-0.008032128514056214
2022-10-21,12350,12400,12100,12200,14934,-0.012145748987854255
2022-10-24,12300,12500,12200,12300,20044,0.008196721311475308
2022-10-25,12250,12400,12200,12300,8915,0.0
2022-10-26,12300,12550,12200,12350,20215,0.004065040650406582
2022-10-27,12300,12600,12300,12450,14229,0.00809716599190291
2022-10-28,12400,12550,12350,12350,5911,-0.008032128514056214
2022-10-31,12400,12700,12250,12400,19865,0.004048582995951344
2022-11-01,12500,12750,12500,12650,13037,0.02016129032258074
2022-11-02,12700,12900,12550,12800,10501,0.011857707509881354
2022-11-03,12700,13200,12650,12850,21315,0.00390625
2022-11-04,12750,13050,12650,12850,9021,0.0
2022-11-07,12850,13000,12700,12850,13459,0.0
2022-11-08,13000,13000,12800,12950,19138,0.0077821011673151474
2022-11-09,12950,12950,12800,12900,25464,-0.0038610038610038533
2022-11-10,12800,12850,12600,12600,36105,-0.023255813953488413
2022-11-11,12950,13100,12800,13050,62995,0.03571428571428581
2022-11-14,13050,13250,12950,13150,41014,0.00766283524904221
2022-11-15,13000,13250,13000,13200,34853,0.0038022813688212143
2022-11-16,13200,13350,13050,13150,16177,-0.0037878787878787845
2022-11-17,13050,13250,12950,13000,18997,-0.011406844106463865
2022-11-18,12950,13250,12950,13100,30819,0.007692307692307665
2022-11-21,13100,13100,12550,12600,44579,-0.03816793893129766
2022-11-22,12500,12600,12300,12450,52878,-0.011904761904761862
2022-11-23,12550,12950,12550,12800,23946,0.028112449799196693
2022-11-24,12850,13000,12700,12950,27444,0.01171875
2022-11-25,12950,12950,12700,12800,17391,-0.01158301158301156
2022-11-28,12800,13200,12750,12900,47238,0.0078125
2022-11-29,12850,13700,12850,13600,98749,0.054263565891472965
2022-11-30,14600,15200,14100,14400,499606,0.05882352941176472
2022-12-01,14400,14600,14250,14400,58353,0.0
2022-12-02,14500,15150,14500,14900,130397,0.03472222222222232
2022-12-05,14950,15650,14950,15000,166225,0.006711409395973256
2022-12-06,15000,15250,14700,14750,69375,-0.01666666666666672
2022-12-07,14650,15650,14350,15150,135496,0.027118644067796627
2022-12-08,15150,15500,14900,15350,81080,0.013201320132013139
2022-12-09,15300,15500,15100,15400,70104,0.0032573289902280145
2022-12-12,15350,15500,15100,15250,31465,-0.009740259740259716
2022-12-13,15250,15800,15000,15300,76610,0.003278688524590123
2022-12-14,15500,16100,15400,16100,165172,0.05228758169934644
2022-12-15,16100,16100,14800,15000,175746,-0.06832298136645965
2022-12-16,14500,14750,13850,14300,396930,-0.046666666666666634
2022-12-19,14150,14250,13900,14000,86464,-0.020979020979020935
2022-12-20,13850,13950,13450,13550,96851,-0.03214285714285714
2022-12-21,13650,13750,13500,13600,41525,0.0036900369003689537
2022-12-22,13650,14100,13650,14050,61275,0.03308823529411775
2022-12-23,13800,15350,13650,14450,404807,0.028469750889679624
2022-12-26,14450,14800,14150,14400,66103,-0.0034602076124568004
2022-12-27,14450,14850,14450,14750,85547,0.02430555555555558
2022-12-28,14850,14900,14100,14100,159911,-0.04406779661016946
2022-12-29,14200,14300,13600,13750,128941,-0.024822695035460973
2023-01-02,13900,13900,13200,13500,53079,-0.018181818181818188
2023-01-03,13500,13500,13000,13500,26296,0.0
2023-01-04,13350,13650,13300,13650,20980,0.011111111111111072
2023-01-05,13700,13750,13200,13600,65340,-0.00366300366300365
2023-01-06,13400,13750,13250,13600,40315,0.0
2023-01-09,13750,14000,13750,13850,23462,0.018382352941176405
2023-01-10,13950,14050,13800,13800,20880,-0.0036101083032491488
2023-01-11,13850,14200,13850,14200,48201,0.02898550724637672
2023-01-12,14250,14300,13900,14100,33695,-0.007042253521126751
2023-01-13,14100,14300,13800,13900,103904,-0.014184397163120588
2023-01-16,14000,14200,13900,14100,37879,0.014388489208633004
2023-01-17,14250,14250,13500,13600,83334,-0.03546099290780147
2023-01-18,13600,13600,13300,13450,49866,-0.011029411764705843
2023-01-19,13400,14000,13350,13950,42782,0.037174721189590976
2023-01-20,13800,14000,13800,13950,19821,0.0
2023-01-25,13980,14180,13970,14130,39439,0.012903225806451646
2023-01-26,14150,14180,14000,14130,32391,0.0
2023-01-27,14130,14590,14030,14530,85778,0.028308563340410542
2023-01-30,14530,14750,14160,14430,82911,-0.006882312456985562
2023-01-31,14380,14410,14150,14150,41154,-0.019404019404019368
2023-02-01,14230,14960,14230,14710,106991,0.03957597173144878
2023-02-02,14920,15000,14570,14680,97845,-0.0020394289598911763
2023-02-03,14680,15300,14670,15080,140170,0.027247956403269713
2023-02-06,15380,15900,15150,15890,313514,0.05371352785145889
2023-02-07,16220,16250,15880,15890,243805,0.0
2023-02-08,16010,16140,15640,15950,87969,0.0037759597230961894
2023-02-09,15900,15990,15470,15980,98786,0.0018808777429466517
2023-02-10,15950,15950,15350,15500,74572,-0.030037546933667114
2023-02-13,15650,16000,15550,15800,101495,0.019354838709677358
2023-02-14,15870,16250,15670,16140,127745,0.021518987341772045
2023-02-15,16120,16240,15740,16140,103909,0.0
2023-02-16,16300,16300,15930,16080,83065,-0.0037174721189591198
2023-02-17,16000,16150,15770,16000,67354,-0.00497512437810943
2023-02-20,16000,16000,15740,15750,52094,-0.015625
2023-02-21,15750,15800,15430,15650,63783,-0.006349206349206327
2023-02-22,15470,15990,15400,15480,87384,-0.010862619808306717
2023-02-23,15550,15920,15460,15900,78529,0.027131782945736482
2023-02-24,15900,16070,15700,15950,106671,0.003144654088050425
2023-02-27,15950,16150,15550,15830,95928,-0.007523510971786829
2023-02-28,15870,16440,15860,15900,117831,0.004421983575489508
2023-03-02,15930,16290,15840,16200,98786,0.018867924528301883
2023-03-03,16310,17190,16210,17100,242467,0.05555555555555558
2023-03-06,17200,17830,16790,17750,214839,0.03801169590643272
2023-03-07,17700,17700,17120,17390,120585,-0.02028169014084502
2023-03-08,17100,17340,16850,16960,70376,-0.024726854514088514
2023-03-09,16960,17310,16480,17220,96735,0.015330188679245182
2023-03-10,16800,17530,16540,16810,136610,-0.023809523809523836
2023-03-13,16500,16660,16080,16380,95344,-0.02558001189768
2023-03-14,16380,16380,15170,15280,207499,-0.06715506715506714
2023-03-15,15610,15780,15250,15590,83188,0.020287958115183136
2023-03-16,15430,15800,15210,15660,54368,0.004490057729313657
2023-03-17,15760,15820,15580,15770,42643,0.007024265644955285
2023-03-20,15700,15780,15320,15500,71494,-0.017121116043119833
2023-03-21,15510,15570,15290,15490,45391,-0.000645161290322549
2023-03-22,15490,16150,15460,16070,78123,0.03744351194318907
2023-03-23,15920,16180,15700,16010,47769,-0.0037336652146857663
2023-03-24,16000,16560,15900,16300,48663,0.018113678950655743
2023-03-27,16310,16350,15990,16050,35826,-0.015337423312883458
2023-03-28,15960,16580,15900,16440,69453,0.024299065420560817
2023-03-29,16530,16590,15960,16200,104994,-0.014598540145985384
2023-03-30,16310,16340,15740,16000,93715,-0.012345679012345734
2023-03-31,16000,16180,15650,15840,80148,-0.010000000000000009
2023-04-03,15860,16300,15740,16150,53289,0.01957070707070696
2023-04-04,16200,16330,15930,15960,44503,-0.0117647058823529
2023-04-05,16080,16080,15610,15620,49901,-0.02130325814536338
2023-04-06,15600,15600,15160,15180,71121,-0.028169014084507005
2023-04-07,15180,15300,14980,15000,87025,-0.011857707509881465
2023-04-10,15030,15070,14600,14910,81657,-0.006000000000000005
2023-04-11,14910,15170,14740,15110,51072,0.013413816230717579
2023-04-12,15310,15420,15050,15150,53790,0.002647253474520106
2023-04-13,15370,15700,15340,15400,74958,0.01650165016501659
2023-04-14,15800,15820,15450,15750,69706,0.022727272727272707
2023-04-17,15930,16000,15510,15920,68964,0.0107936507936508
2023-04-18,15940,16380,15740,15800,105193,-0.007537688442211032
2023-04-19,16130,16430,15970,16350,176918,0.034810126582278444
2023-04-20,16200,16340,15560,15580,145356,-0.04709480122324161
2023-04-21,15500,15570,15160,15180,67357,-0.025673940949935803
2023-04-24,15180,15360,14860,14880,57746,-0.01976284584980237
2023-04-25,14900,15240,14760,15240,72761,0.024193548387096753
2023-04-26,15010,15340,14940,15070,48691,-0.011154855643044637
2023-04-27,15230,15230,14800,15010,54931,-0.003981420039814165
2023-04-28,15200,15220,14810,14900,57115,-0.007328447701532292
2023-05-02,14900,15380,14900,15180,33301,0.01879194630872494
2023-05-03,15050,15410,14980,15200,33678,0.0013175230566535578
2023-05-04,15200,15480,14980,15340,46153,0.009210526315789558
2023-05-08,15300,15690,15260,15500,67097,0.010430247718383301
2023-05-09,15540,15740,15380,15690,49455,0.012258064516128986
2023-05-10,15630,15750,15360,15360,38657,-0.021032504780114758
2023-05-11,15370,15750,15300,15300,36372,-0.00390625
2023-05-12,15400,15400,15020,15120,43026,-0.0117647058823529
2023-05-15,15050,15100,14620,14660,52518,-0.030423280423280463
2023-05-16,14800,14800,14380,14390,106450,-0.018417462482946845
2023-05-17,14530,14650,14380,14530,23448,0.00972897845726206
2023-05-18,14670,14720,14570,14680,33445,0.010323468685478288
2023-05-19,14720,14860,14710,14800,22571,0.008174386920980936
2023-05-22,14900,14900,14580,14630,41278,-0.011486486486486536
2023-05-23,14640,14890,14640,14780,59040,0.01025290498974707
2023-05-24,14820,14820,14630,14650,22628,-0.008795669824086638
2023-05-25,14740,14800,14480,14690,36128,0.0027303754266212454
2023-05-26,14690,14780,14500,14580,26018,-0.0074880871341048705
2023-05-30,14580,14720,14570,14670,18682,0.006172839506172867
2023-05-31,14730,15020,14620,14740,31459,0.0047716428084525475
2023-06-01,14740,14870,14700,14770,22627,0.002035278154681075
2023-06-02,14720,14880,14720,14800,13234,0.0020311442112390665
2023-06-05,14800,14850,14690,14790,35045,-0.0006756756756757243
2023-06-07,14790,14830,14560,14560,49224,-0.015551048005409074
2023-06-08,14510,14520,14300,14410,63455,-0.010302197802197766
2023-06-09,14300,14480,14300,14470,33771,0.004163775156141636
2023-06-12,14490,14610,14380,14570,47988,0.006910850034554272
2023-06-13,14640,14810,14580,14680,54378,0.007549759780370646
2023-06-14,14780,14780,14580,14690,28885,0.0006811989100816707
2023-06-15,14690,14810,14300,14300,62699,-0.026548672566371723
2023-06-16,14300,14470,14260,14390,28627,0.0062937062937062915
2023-06-19,14390,14400,14130,14140,55835,-0.0173731758165393
2023-06-20,14230,14540,14210,14470,68381,0.023338048090523422
2023-06-21,14530,14530,14280,14400,35131,-0.004837595024188013
2023-06-22,14360,14400,14190,14400,23179,0.0
2023-06-23,14330,14400,13700,13770,130357,-0.043749999999999956
2023-06-26,13750,13750,13350,13520,116284,-0.01815541031227308
2023-06-27,13520,13520,13210,13480,57576,-0.00295857988165682
2023-06-28,13490,13650,13250,13400,55253,-0.005934718100890191
2023-06-29,13400,13430,13160,13180,50294,-0.016417910447761197
2023-06-30,13250,13340,13130,13230,23913,0.003793626707132125
2023-07-03,13240,13620,13240,13530,40525,0.0226757369614512
2023-07-04,13530,13600,13320,13380,24011,-0.011086474501108667
2023-07-05,13480,13580,13350,13380,30270,0.0
2023-07-06,13380,13380,12810,12930,147537,-0.03363228699551568
2023-07-07,12910,12910,12590,12890,59813,-0.0030935808197989356
2023-07-10,12800,13160,12790,12940,28800,0.0038789759503490284
2023-07-11,13110,13420,12860,13410,57126,0.036321483771251994
2023-07-12,13410,13420,13170,13190,20174,-0.01640566741237881
2023-07-13,13190,13400,13180,13250,21238,0.004548900682335155
2023-07-14,13430,13450,13030,13300,35326,0.0037735849056603765
2023-07-17,13300,13510,13160,13490,41254,0.014285714285714235
2023-07-18,13560,13680,13120,13150,52167,-0.025203854707190554
2023-07-19,13150,13690,13130,13470,46676,0.02433460076045635
2023-07-20,13460,14070,13450,13970,102716,0.037119524870081744
2023-07-21,13900,14250,13800,13950,44565,-0.0014316392269148048
2023-07-24,13820,13840,13350,13500,99937,-0.032258064516129004
2023-07-25,13470,13480,12800,13110,74775,-0.028888888888888853
2023-07-26,13090,13250,12860,13100,130580,-0.0007627765064835978
2023-07-27,13070,13580,13010,13540,66938,0.03358778625954195
2023-07-28,13440,13450,12620,13280,34042,-0.019202363367799125
2023-07-31,13440,13500,13220,13470,35058,0.014307228915662717
2023-08-01,13470,13910,13470,13860,56824,0.028953229398663627
2023-08-02,13850,14050,13550,13700,45221,-0.011544011544011523
2023-08-03,13700,13710,13380,13460,41371,-0.017518248175182438
2023-08-04,13410,13680,13410,13600,30838,0.010401188707280795
2023-08-07,13560,13780,13450,13650,54357,0.003676470588235281
2023-08-08,13700,13760,13480,13480,38095,-0.01245421245421241
2023-08-09,13630,13800,13480,13700,30687,0.016320474777448135
2023-08-10,13700,13990,13590,13860,57650,0.011678832116788218
2023-08-11,13880,13960,13790,13900,30571,0.0028860028860029363
2023-08-14,13900,13900,13070,13600,54899,-0.021582733812949617
2023-08-16,13570,13580,13260,13360,46567,-0.01764705882352946
2023-08-17,13480,13480,13000,13240,50480,-0.008982035928143728
2023-08-18,13240,13370,13060,13180,34310,-0.004531722054380682
2023-08-21,13330,13380,13140,13140,25504,-0.003034901365705611
2023-08-22,13150,13190,12910,13000,35169,-0.010654490106544956
2023-08-23,12920,13010,12800,12910,28977,-0.006923076923076921
2023-08-24,13010,13040,12850,12940,18324,0.0023237800154918276
2023-08-25,12940,12940,12810,12830,27847,-0.008500772797527034
2023-08-28,12890,13190,12830,13190,31331,0.028059236165237644
2023-08-29,13170,13290,13130,13280,14732,0.006823351023502733
2023-08-30,13340,13600,13280,13420,27774,0.010542168674698704
2023-08-31,13430,13730,13430,13630,45082,0.015648286140089507
2023-09-01,13640,13900,13560,13770,45309,0.010271460014673606
2023-09-04,13770,13770,13520,13520,28355,-0.01815541031227308
2023-09-05,13610,13700,13170,13240,61950,-0.020710059171597628
2023-09-06,13240,13360,13080,13090,43495,-0.01132930513595165
2023-09-07,13090,13170,12860,12960,46860,-0.009931245225362817
2023-09-08,12910,13160,12910,13160,18184,0.015432098765432167
2023-09-11,13170,13180,13000,13070,23717,-0.006838905775075954
2023-09-12,13130,13190,12950,13040,25437,-0.002295332823259333
2023-09-13,13030,13130,12890,13080,17671,0.0030674846625766694
2023-09-14,13080,13090,13000,13040,8140,-0.003058103975535187
2023-09-15,13050,13190,13030,13030,27637,-0.0007668711656442229
2023-09-18,12960,13070,12940,12950,18429,-0.006139677666922472
2023-09-19,12910,13000,12870,12870,27631,-0.00617760617760621
2023-09-20,12800,12940,12540,12630,74186,-0.018648018648018683
2023-09-21,12630,12650,12360,12360,46685,-0.02137767220902609
2023-09-22,12340,12450,12220,12290,24295,-0.005663430420711935
2023-09-25,12300,12310,11970,12090,50610,-0.016273393002441017
2023-09-26,12090,12190,11870,11910,29436,-0.01488833746898266
2023-09-27,11760,11970,11760,11970,44858,0.005037783375314797
2023-10-04,11970,12030,11680,11750,29230,-0.018379281537176273
2023-10-05,11750,11850,11620,11640,22126,-0.009361702127659521
2023-10-06,11600,11940,11600,11890,14904,0.021477663230240474
2023-10-10,11880,12030,11740,11750,26952,-0.011774600504625754
2023-10-11,11810,11980,11810,11930,13098,0.015319148936170146
2023-10-12,12030,12170,12000,12090,14297,0.013411567476948827
2023-10-13,12200,12200,11930,11950,7559,-0.011579818031430933
2023-10-16,11840,11950,11680,11730,26311,-0.018410041841004143
2023-10-17,11890,11890,11770,11810,14664,0.006820119352088705
2023-10-18,11760,12180,11760,12150,22212,0.028789161727349688
2023-10-19,12080,12080,11840,11900,15525,-0.020576131687242816
2023-10-20,11780,11800,11580,11700,25531,-0.01680672268907568
2023-10-23,11610,11680,11520,11540,13820,-0.013675213675213627
2023-10-24,11540,11770,11520,11770,16326,0.019930675909878737
2023-10-25,11760,11930,11690,11790,21528,0.001699235344095218
2023-10-26,11610,11740,11340,11500,25727,-0.02459711620016969
2023-10-27,11450,11560,11300,11390,21124,-0.009565217391304337
2023-10-30,11310,11580,11270,11500,18038,0.009657594381035972
2023-10-31,11600,11600,11200,11270,27172,-0.020000000000000018
2023-11-01,11330,11440,11300,11370,8312,0.008873114463176623
2023-11-02,11370,11600,11370,11520,23623,0.013192612137203241
2023-11-03,11580,11650,11510,11610,23046,0.0078125
2023-11-06,11710,11890,11710,11800,35889,0.01636520241171402
2023-11-07,11800,11800,11520,11630,22643,-0.014406779661017
2023-11-08,11630,12800,11610,11980,224035,0.03009458297506451
2023-11-09,12000,12110,11840,12000,24459,0.0016694490818029983
2023-11-10,11990,12180,11840,12100,34262,0.008333333333333304
2023-11-13,12100,12300,11860,11910,46179,-0.015702479338842945
2023-11-14,11880,12080,11880,11950,35179,0.0033585222502099388
2023-11-15,12020,12150,11980,12070,25069,0.010041841004184038
2023-11-16,12070,12650,11960,12260,70853,0.0157415078707539
2023-11-17,12310,12330,12090,12120,29752,-0.011419249592169667
2023-11-20,12230,12270,12120,12200,22469,0.0066006600660066805
2023-11-21,12360,12460,12230,12380,27658,0.014754098360655776
2023-11-22,12320,12520,12230,12440,35591,0.004846526655896577
2023-11-23,12470,12480,12330,12420,33533,-0.001607717041800627
2023-11-24,12420,12540,12350,12450,20239,0.0024154589371980784
2023-11-27,12510,12550,12450,12490,15333,0.003212851405622441
2023-11-28,12450,12470,12380,12450,21695,-0.0032025620496397567
2023-11-29,12440,12540,12290,12430,30949,-0.0016064257028112205
2023-11-30,12420,12420,12280,12310,26470,-0.0096540627514079
2023-12-01,12310,12330,12160,12200,22906,-0.008935824532900094
2023-12-04,12210,12250,12110,12130,15137,-0.0057377049180328266
2023-12-05,12220,12220,12030,12050,23419,-0.0065952184666117075
2023-12-06,12050,12230,12020,12120,17341,0.0058091286307053736
2023-12-07,12200,12200,12030,12060,11414,-0.004950495049504955
2023-12-08,12050,12200,12030,12150,23839,0.00746268656716409
2023-12-11,12150,12370,12150,12300,23391,0.012345679012345734
2023-12-12,12390,12390,12260,12300,18597,0.0
2023-12-13,12300,12310,12110,12110,24390,-0.015447154471544766
2023-12-14,12190,12380,12140,12350,30016,0.019818331957060176
2023-12-15,12320,12560,12230,12390,41938,0.0032388663967610754
2023-12-18,12490,12490,12190,12320,24036,-0.005649717514124242
2023-12-19,12290,12350,12230,12240,12475,-0.00649350649350644
2023-12-20,12370,12500,12240,12470,32411,0.018790849673202548
2023-12-21,12420,12420,12230,12280,35079,-0.015236567762630271
2023-12-22,12300,12410,12250,12340,21442,0.004885993485342022
2023-12-26,12340,12490,12300,12400,32512,0.004862236628849326
2023-12-27,12220,12350,11970,12100,44010,-0.024193548387096753
2023-12-28,12140,12150,12000,12110,18615,0.0008264462809917106
2024-01-02,12110,12130,11900,12000,37265,-0.009083402146985997
2024-01-03,11990,12000,11800,11950,48785,-0.004166666666666652
2024-01-04,11940,11990,11810,11830,20203,-0.010041841004184149
2024-01-05,11830,11900,11670,11700,38743,-0.01098901098901095
2024-01-08,11840,11920,11710,11910,28293,0.017948717948717885
2024-01-09,11930,12010,11920,11980,33569,0.005877413937867448
2024-01-10,11980,12730,11970,12690,267901,0.05926544240400666
2024-01-11,12700,12800,12470,12520,91180,-0.013396375098502777
2024-01-12,12550,12670,12360,12520,87329,0.0
2024-01-15,12520,12950,12460,12660,125619,0.011182108626198062
2024-01-16,12870,12910,12590,12890,77255,0.018167456556082096
2024-01-17,12780,12890,12410,12410,87464,-0.03723816912335143
2024-01-18,12380,12770,12100,12350,76889,-0.00483481063658342
2024-01-19,12500,12970,12410,12800,153145,0.036437246963562764
2024-01-22,12800,12910,12400,12420,92309,-0.029687499999999978
2024-01-23,12550,12550,12240,12320,72719,-0.008051529790660261
2024-01-24,12460,12470,12070,12110,44459,-0.017045454545454586
2024-01-25,12130,12220,11960,12050,39734,-0.0049545829892650994
2024-01-26,12050,13820,11960,13190,713834,0.09460580912863081
2024-01-29,13130,13450,12660,13050,374552,-0.010614101592115288
2024-01-30,13120,14090,13120,13650,532405,0.04597701149425282
2024-01-31,13900,14150,13520,13760,329148,0.00805860805860803
2024-02-01,13650,13930,13220,13860,206329,0.007267441860465018
2024-02-02,13900,13960,13320,13760,225728,-0.00721500721500723
2024-02-05,13750,14150,13600,14050,184317,0.02107558139534893
2024-02-06,14040,14110,13600,13610,139569,-0.03131672597864765
2024-02-07,13610,13730,13500,13660,66719,0.0036737692872887973
2024-02-08,13660,14010,13520,13830,116057,0.012445095168374776
2024-02-13,14030,14030,13540,13600,103893,-0.016630513376717282
2024-02-14,13590,13650,13330,13350,146684,-0.018382352941176516
2024-02-15,13480,13480,13150,13230,96771,-0.008988764044943864
2024-02-16,13340,13340,12980,13120,109448,-0.008314436885865417
2024-02-19,13080,13640,13080,13590,94077,0.03582317073170738
2024-02-20,13590,13650,13220,13380,62156,-0.015452538631346546
2024-02-21,13390,13390,13040,13100,85576,-0.020926756352765308
2024-02-22,13150,13190,13030,13130,20661,0.0022900763358779663
2024-02-23,13250,13250,13060,13130,35693,0.0
2024-02-26,13130,13220,12800,12850,107511,-0.021325209444021276
2024-02-27,12820,12860,12500,12500,89222,-0.027237354085603127
2024-02-28,12650,12700,12460,12600,68248,0.008000000000000007
2024-02-29,12580,12690,12460,12510,55253,-0.0071428571428571175
2024-03-04,12510,12650,12460,12550,54356,0.003197442046362964
2024-03-05,12530,12620,12170,12200,74631,-0.027888446215139417
2024-03-06,12200,12310,12130,12200,38590,0.0
2024-03-07,12260,12430,12150,12210,37674,0.0008196721311475308
2024-03-08,12390,12520,12280,12480,44383,0.02211302211302213
2024-03-11,12480,12480,12260,12260,27991,-0.017628205128205177
2024-03-12,12260,12310,12100,12130,59428,-0.010603588907014627
2024-03-13,12230,12250,12150,12200,27486,0.00577081615828523
2024-03-14,12200,12290,12100,12180,39862,-0.0016393442622950616
2024-03-15,12210,12230,11970,12030,57365,-0.012315270935960632
2024-03-18,12030,12090,11900,11970,34493,-0.004987531172069848
2024-03-19,11970,11980,11830,11850,42085,-0.010025062656641603
2024-03-20,11960,11980,11860,11910,25653,0.005063291139240533
2024-03-21,11950,12180,11910,12180,34176,0.02267002518891692
2024-03-22,12110,12190,11990,12100,31401,-0.006568144499178974
2024-03-25,12100,12580,12030,12320,114438,0.018181818181818077
2024-03-26,12400,12440,12160,12160,26695,-0.012987012987012991
2024-03-27,12310,12310,12000,12010,34546,-0.012335526315789491
2024-03-28,12010,12080,11960,12000,27813,-0.0008326394671107629
2024-03-29,12010,12020,11860,11900,39749,-0.008333333333333304
2024-04-01,11930,11950,11900,11920,14080,0.001680672268907557
2024-04-02,11920,11940,11800,11840,44786,-0.006711409395973145
2024-04-03,11830,11870,11710,11720,43820,-0.010135135135135087
2024-04-04,11820,11820,11550,11600,38036,-0.010238907849829393
2024-04-05,11550,11800,11550,11580,26099,-0.0017241379310344307
2024-04-08,11690,11690,11350,11380,40704,-0.01727115716753025
2024-04-09,11360,11490,11310,11340,20090,-0.0035149384885764245
2024-04-11,11340,11340,11060,11130,52946,-0.01851851851851849
2024-04-12,11140,11140,10980,11030,53590,-0.008984725965858087
2024-04-15,10860,11030,10750,10890,41707,-0.012692656391659063
2024-04-16,10730,10820,10700,10720,28956,-0.015610651974288348
2024-04-17,10710,10930,10700,10800,30080,0.00746268656716409
2024-04-18,10800,10980,10770,10970,14034,0.015740740740740833
2024-04-19,11010,11010,10740,10910,21865,-0.005469462169553352
2024-04-22,10980,11250,10960,11250,37642,0.031164069660861493
2024-04-23,11230,11300,11140,11160,20393,-0.008000000000000007
2024-04-24,11200,11270,11180,11210,12359,0.0044802867383513245
2024-04-25,11200,11240,11050,11130,9552,-0.007136485280999083
2024-04-26,11150,11230,11110,11200,6597,0.0062893081761006275
2024-04-29,11200,11250,11130,11230,18051,0.00267857142857153
2024-04-30,11250,11300,11190,11240,12125,0.0008904719501334757
2024-05-02,11250,11250,11140,11160,13495,-0.007117437722419906
2024-05-03,11170,11260,11100,11150,25486,-0.0008960573476702871
2024-05-07,11150,11270,11110,11220,17007,0.00627802690582957
2024-05-08,11220,11290,11200,11250,14589,0.002673796791443861
2024-05-09,11320,11320,11230,11240,9809,-0.000888888888888939
2024-05-10,11240,11240,11110,11150,31316,-0.008007117437722422
2024-05-13,11160,11200,11000,11100,26117,-0.004484304932735439
2024-05-14,11100,11210,11040,11060,30015,-0.003603603603603567
2024-05-16,11140,11140,11020,11100,23585,0.003616636528029016
2024-05-17,11100,11150,11060,11100,10027,0.0
2024-05-20,11050,11100,10920,10950,43478,-0.013513513513513487
2024-05-21,10950,11010,10890,10910,15989,-0.0036529680365297024
2024-05-22,10890,11170,10890,11120,34081,0.019248395967002674
2024-05-23,11050,11130,11010,11100,17645,-0.0017985611510791255
2024-05-24,10940,11150,10780,10910,46871,-0.017117117117117164
2024-05-27,10900,10930,10790,10920,57759,0.0009165902841430373
2024-05-28,10970,10980,10870,10910,19608,-0.0009157509157509125
2024-05-29,10940,10950,10840,10880,30119,-0.002749770852429001
2024-05-30,10890,10950,10780,10910,9089,0.0027573529411764053
2024-05-31,10940,11310,10920,11050,43151,0.012832263978001857
2024-06-03,11050,11150,10810,10890,51452,-0.014479638009049722
2024-06-04,10820,10880,10790,10830,14818,-0.0055096418732781816
2024-06-05,10760,10890,10760,10870,9371,0.003693444136657398
2024-06-07,10870,10870,10770,10830,14094,-0.0036798528058877844
2024-06-10,10760,10810,10680,10700,39019,-0.012003693444136654
2024-06-11,10700,10810,10580,10610,34307,-0.008411214953271018
2024-06-12,10690,10690,10570,10610,30425,0.0
2024-06-13,10660,10680,10580,10600,17795,-0.0009425070688030557
2024-06-14,10700,10700,10450,10500,39417,-0.009433962264150941
2024-06-17,10540,11100,10490,10620,54138,0.011428571428571344
2024-06-18,10590,10700,10530,10580,14808,-0.0037664783427495685
2024-06-19,10580,10610,10440,10480,18935,-0.009451795841209809
2024-06-20,10520,10660,10480,10640,16543,0.01526717557251911
2024-06-21,10600,10650,10540,10590,18017,-0.0046992481203007586
2024-06-24,10570,10630,10410,10410,31716,-0.016997167138810165
2024-06-25,10410,10500,10380,10430,20181,0.0019212295869357465
2024-06-26,10390,10440,10390,10420,15749,-0.0009587727708533222
2024-06-27,10440,10440,10340,10360,17254,-0.0057581573896353655
2024-06-28,10370,10440,10360,10370,17207,0.0009652509652509078
2024-07-01,10340,10440,10340,10400,13726,0.0028929604628735728
2024-07-02,10360,10400,10280,10280,20117,-0.011538461538461497
2024-07-03,10280,10370,10260,10290,14872,0.0009727626459143934
2024-07-04,10290,10380,10280,10300,10122,0.0009718172983479434
2024-07-05,10300,10370,10290,10300,9346,0.0
2024-07-08,10250,10340,10250,10340,23466,0.003883495145631022
2024-07-09,10340,10390,10250,10290,15287,-0.004835589941972973
2024-07-10,10270,10340,10210,10250,14680,-0.0038872691933916625
2024-07-11,10320,10320,10220,10230,15353,-0.0019512195121951237
2024-07-12,10250,10350,10240,10350,21660,0.011730205278592365
2024-07-15,10350,10380,10050,10370,29739,0.0019323671497584183
2024-07-16,10370,10370,10120,10180,37353,-0.018322082931533257
2024-07-17,10120,10320,10120,10230,18849,0.004911591355599265
2024-07-18,10210,10270,10140,10200,22215,-0.0029325513196480912
2024-07-19,10200,10200,10100,10120,10977,-0.007843137254901933
2024-07-22,10060,10140,9950,10000,55955,-0.011857707509881465
2024-07-23,9960,10120,9950,9980,14144,-0.0020000000000000018
2024-07-24,10080,10080,9970,9990,31763,0.0010020040080160886
2024-07-25,9920,9940,9780,9800,34076,-0.019019019019019034
2024-07-26,9800,9860,9700,9810,48526,0.0010204081632652073
2024-07-29,9810,9900,9790,9870,14090,0.006116207951070374
2024-07-30,9870,9970,9570,9620,48150,-0.025329280648429542
2024-07-31,9700,9870,9620,9800,32904,0.018711018711018657
2024-08-01,9880,10040,9800,10000,21385,0.020408163265306145
2024-08-02,9970,9970,9700,9810,29569,-0.019000000000000017
2024-08-05,9700,9750,8760,8940,76188,-0.08868501529051986
2024-08-06,8910,9340,8910,9210,44685,0.030201342281879207
2024-08-07,9250,9400,9230,9230,15704,0.0021715526601520097
2024-08-08,9320,9400,9140,9240,16451,0.0010834236186347823
2024-08-09,9260,9450,9260,9330,13571,0.009740259740259827
2024-08-12,9440,9530,9340,9450,21971,0.012861736334405238
2024-08-13,9450,9500,9240,9320,50967,-0.013756613756613745
2024-08-14,9440,9580,9330,9570,33487,0.02682403433476388
2024-08-16,9590,9650,9430,9500,20720,-0.007314524555903867
2024-08-19,9570,9580,9430,9500,8571,0.0
2024-08-20,9410,9570,9410,9540,16658,0.004210526315789442
2024-08-21,9530,9550,8980,9410,32842,-0.013626834381551323
2024-08-22,9410,9560,9400,9500,19569,0.009564293304994642
2024-08-23,9560,9560,9380,9500,14805,0.0
2024-08-26,9600,9750,9390,9750,24270,0.026315789473684292
2024-08-27,9660,9700,9480,9700,49456,-0.00512820512820511
2024-08-28,9730,9730,9400,9400,22430,-0.030927835051546393
2024-08-29,9400,9480,9300,9410,8104,0.0010638297872340718
2024-08-30,9410,9480,9370,9470,14784,0.006376195536663021
2024-09-02,9540,9540,9400,9470,10469,0.0
2024-09-03,9540,9540,9470,9470,15264,0.0
2024-09-04,9380,9380,9120,9170,33200,-0.03167898627243926
2024-09-05,9280,9450,9140,9250,28270,0.008724100327153872
2024-09-06,9310,9390,9050,9140,22229,-0.011891891891891881
2024-09-09,9020,9190,8980,9090,32967,-0.005470459518599591
2024-09-10,9070,9170,8900,8990,34693,-0.011001100110010986
2024-09-11,8990,9060,8960,9020,25593,0.0033370411568409697
2024-09-12,9020,9170,8990,9070,14147,0.005543237250554389
2024-09-13,9070,9140,9070,9110,12466,0.004410143329658167
2024-09-19,9130,9130,8990,9050,34156,-0.00658616904500553
2024-09-20,9070,9110,9010,9050,23757,0.0
2024-09-23,9110,9170,9030,9150,17646,0.011049723756906049
2024-09-24,9150,9300,9110,9270,20866,0.013114754098360715
2024-09-25,9310,9380,9170,9170,29513,-0.010787486515641875
2024-09-26,9350,9750,9290,9680,67717,0.055616139585605184
2024-09-27,10400,10650,10020,10030,185273,0.03615702479338845
2024-09-30,10020,10110,9850,9870,27188,-0.015952143569292088
2024-10-02,9810,9940,9680,9770,27674,-0.010131712259371817
2024-10-04,9650,9770,9650,9650,23767,-0.0122824974411464
2024-10-07,9670,9880,9600,9630,29029,-0.002072538860103612
2024-10-08,9700,9750,9550,9750,17228,0.012461059190031154
2024-10-10,9750,9930,9610,9900,30603,0.01538461538461533
2024-10-11,9850,9910,9750,9750,17129,-0.015151515151515138
2024-10-14,9780,9850,9640,9730,8608,-0.002051282051282022
2024-10-15,9730,9770,9620,9680,11433,-0.005138746145940343
2024-10-16,9610,9690,9560,9690,17478,0.0010330578512396382
2024-10-17,9650,9800,9650,9670,11488,-0.0020639834881320818
2024-10-18,9610,10070,9610,10000,34787,0.03412616339193386
2024-10-21,10010,10220,9980,10110,63423,0.010999999999999899
2024-10-22,10010,10170,9990,10000,27963,-0.010880316518298683
2024-10-23,10000,10130,9860,10130,33189,0.0129999999999999
2024-10-24,10120,10130,9950,9950,24906,-0.017769002961500524
2024-10-25,9950,10000,9760,9760,15414,-0.019095477386934623
2024-10-28,9750,9900,9750,9850,13932,0.009221311475409832
2024-10-29,9770,9890,9750,9770,10986,-0.008121827411167515
2024-10-30,9850,10200,9760,9980,24259,0.02149437052200609
2024-10-31,9960,10140,9850,10060,22798,0.008016032064128265
2024-11-01,10060,10060,9810,9810,16196,-0.0248508946322068
2024-11-04,9810,9910,9770,9890,12270,0.00815494393476035
2024-11-05,9840,9950,9840,9920,6776,0.0030333670374114163
2024-11-06,9970,9970,9720,9720,25645,-0.020161290322580627
2024-11-07,9730,9770,9530,9760,12837,0.004115226337448652
2024-11-08,9750,9820,9600,9610,15988,-0.015368852459016424
2024-11-11,9610,9670,9290,9400,36323,-0.02185223725286156
2024-11-12,9310,9390,9010,9040,28116,-0.03829787234042559
2024-11-13,9010,9030,8800,8820,31118,-0.02433628318584069
2024-11-14,8910,9000,8810,8880,14936,0.006802721088435382
2024-11-15,8780,9100,8760,8970,24549,0.010135135135135087
2024-11-18,8970,9170,8930,9110,20513,0.015607580824972045
2024-11-19,9090,9110,8940,9050,9874,-0.00658616904500553
2024-11-20,9090,9090,8840,8950,13281,-0.011049723756906049
2024-11-21,9000,9160,8850,8870,57102,-0.00893854748603351
2024-11-22,8960,8960,8830,8860,14176,-0.0011273957158962622
2024-11-25,8880,9370,8870,9100,44571,0.02708803611738153
2024-11-26,9080,9170,9010,9090,8069,-0.001098901098901095
2024-11-27,9090,9090,8930,8970,21109,-0.01320132013201325
2024-11-28,9040,9090,8950,8990,10398,0.0022296544035673715
2024-11-29,8990,9050,8860,8890,16164,-0.011123470522803158
2024-12-02,8940,8940,8730,8790,24983,-0.011248593925759276
2024-12-03,8730,8960,8730,8960,15179,0.019340159271899804
2024-12-04,8820,8930,8700,8800,31511,-0.017857142857142905
2024-12-05,8800,8830,8700,8730,19300,-0.007954545454545436
2024-12-06,8650,8720,8510,8510,37397,-0.025200458190148933
2024-12-09,8450,8600,8160,8180,66166,-0.03877790834312578
2024-12-10,8070,8550,8070,8500,25031,0.03911980440097795
2024-12-11,8420,8690,8420,8680,19750,0.021176470588235352
2024-12-12,8680,8830,8510,8820,19010,0.016129032258064502
2024-12-13,8820,8890,8700,8830,11379,0.0011337868480725266
2024-12-16,8830,8880,8710,8780,21664,-0.005662514156285381
2024-12-17,8780,8840,8690,8840,16287,0.006833712984054774
2024-12-18,9300,11300,9150,11090,4865714,0.25452488687782804
2024-12-19,10710,11830,10150,10560,3040150,-0.04779080252479706
2024-12-20,10960,12290,10490,10800,5563239,0.022727272727272707
2024-12-23,13330,14040,12860,14040,7243909,0.30000000000000004
2024-12-24,13700,17400,12840,15310,32742621,0.09045584045584043
2024-12-26,15040,16180,14720,15060,6042173,-0.016329196603527052
2024-12-27,16040,17680,15120,15180,20812289,0.007968127490039834
2024-12-30,15110,15810,14490,14500,2642591,-0.044795783926218746
2025-01-02,14500,14610,13650,13910,1740129,-0.04068965517241374
2025-01-03,13690,14050,13550,13740,1243718,-0.012221423436376666
2025-01-06,13710,14400,13670,14120,2095305,0.02765647743813693
2025-01-07,13980,14650,13980,14370,1491427,0.01770538243626052
2025-01-08,14400,17690,14230,16710,21014339,0.16283924843423803
2025-01-09,16760,18160,16280,16680,11051333,-0.0017953321364452268
2025-01-10,16650,17010,16380,16710,2258665,0.0017985611510791255
2025-01-13,17120,17790,16300,16490,3618014,-0.013165769000598404
2025-01-14,16180,16430,15060,15100,1911303,-0.08429351121892059
2025-01-15,14940,15410,14710,14760,1024458,-0.02251655629139071
2025-01-16,14900,15760,14700,15550,2734656,0.0535230352303524
2025-01-17,15290,15670,14800,15370,1662234,-0.011575562700964603
2025-01-20,15720,16240,14930,15170,4131808,-0.013012361743656498
2025-01-21,14770,14780,13850,14060,1505835,-0.07317073170731703
2025-01-22,14000,14100,13630,13630,788044,-0.030583214793741154
2025-01-23,13520,13760,13100,13500,768172,-0.009537784299339713
2025-01-24,13490,13900,13140,13510,749692,0.0007407407407407085
2025-01-31,13730,13870,13060,13260,409142,-0.01850481125092529
2025-02-03,13060,13100,12640,12700,459792,-0.042232277526395134
2025-02-04,12700,13210,12650,12860,367652,0.012598425196850505
2025-02-05,12840,13350,12840,13010,299260,0.011664074650077794
2025-02-06,13110,13400,13070,13230,256607,0.016910069177555664
2025-02-07,13280,13350,12700,12810,254944,-0.031746031746031744
2025-02-10,12810,13050,12720,12980,158748,0.013270882123341154
2025-02-11,13030,13320,12730,13010,238423,0.0023112480739599928
2025-02-12,12950,13370,12620,12660,230640,-0.02690238278247503
2025-02-13,12660,12750,12340,12670,243394,0.0007898894154818592
2025-02-14,12670,12740,12490,12650,136387,-0.0015785319652722452
2025-02-17,12680,12850,12600,12740,150644,0.007114624505928813
2025-02-18,12870,12870,12540,12620,139300,-0.009419152276295084
2025-02-19,12630,12650,12400,12580,178323,-0.0031695721077654726
2025-02-20,12560,13020,12400,12650,300458,0.00556438791732905
2025-02-21,12650,13410,12650,13200,629270,0.04347826086956519
2025-02-24,13450,13460,12950,13020,343622,-0.013636363636363669
2025-02-25,12890,13270,12630,13220,266522,0.015360983102918668
2025-02-26,13210,13280,12680,12950,235774,-0.0204236006051437
2025-02-27,12880,13090,12810,12910,119939,-0.003088803088803105
2025-02-28,12650,12660,12340,12390,202292,-0.04027885360185901
2025-03-04,12340,12500,12310,12400,97043,0.0008071025020177647
2025-03-05,12400,13100,12400,12980,185202,0.04677419354838719
2025-03-06,12980,13090,12750,12870,146083,-0.008474576271186418
2025-03-07,12870,13160,12630,12910,315462,0.0031080031080030768
2025-03-10,12800,12900,12530,12700,76284,-0.016266460108443015
2025-03-11,12370,12880,12370,12740,148351,0.0031496062992126816
2025-03-12,12620,12740,12400,12400,147018,-0.026687598116169498
2025-03-13,12360,12620,12320,12330,103080,-0.005645161290322553
2025-03-14,12310,12470,12270,12470,91736,0.011354420113544261
2025-03-17,12470,12840,12300,12330,94687,-0.01122694466720131
2025-03-18,12300,12440,12300,12340,59987,0.0008110300081103361
2025-03-19,12300,12380,12130,12130,129212,-0.017017828200972418
2025-03-20,12190,12500,12120,12150,135548,0.0016488046166529546
2025-03-21,12200,12400,12100,12290,122450,0.011522633744855959
2025-03-24,12300,12410,12150,12280,69122,-0.0008136696501220841
2025-03-25,12280,12430,12020,12120,108896,-0.013029315960912058
2025-03-26,12150,12290,12110,12120,68904,0.0
2025-03-27,12090,12370,12030,12230,82210,0.009075907590759158
2025-03-28,12210,12460,12150,12320,139379,0.007358953393295176
2025-03-31,12170,12170,11780,11820,90429,-0.04058441558441561
2025-04-01,11820,12100,11810,11930,53760,0.009306260575296044
2025-04-02,11870,12050,11830,11930,49351,0.0
2025-04-03,11550,11760,11510,11590,71407,-0.02849958088851634
2025-04-04,11390,12190,11390,12170,101657,0.050043140638481365
2025-04-07,11650,11760,11150,11270,119875,-0.07395234182415777
2025-04-08,11300,11590,11140,11140,64943,-0.011535048802129522
2025-04-09,10900,11280,10850,10960,73142,-0.016157989228007152
2025-04-10,11310,11670,11130,11610,56516,0.05930656934306566
2025-04-11,11440,11940,11440,11920,76105,0.02670111972437561
2025-04-14,11880,12050,11880,11970,43081,0.004194630872483174
2025-04-15,11850,12290,11850,12180,73311,0.01754385964912286
2025-04-16,12070,12340,11940,11990,46751,-0.015599343185550119
2025-04-17,11890,12150,11890,12100,30022,0.00917431192660545
2025-04-18,12070,12090,11890,12050,32247,-0.004132231404958664
2025-04-21,12030,12130,11950,12020,39847,-0.0024896265560165887
2025-04-22,12010,12300,11940,12230,62931,0.017470881863560717
2025-04-23,12240,12350,12100,12310,43341,0.006541291905151292
2025-04-24,14570,15240,13270,14980,9090108,0.2168968318440292
2025-04-25,14470,14870,14050,14680,1706944,-0.020026702269692942
2025-04-28,14150,14320,13640,13900,833192,-0.053133514986375974
2025-04-29,13770,13890,13040,13600,941082,-0.021582733812949617
2025-04-30,13600,13890,12420,12490,730416,-0.08161764705882357
2025-05-02,12370,12710,12070,12100,337048,-0.03122497998398721
2025-05-07,11900,11980,11570,11600,240920,-0.04132231404958675
2025-05-08,11780,12010,11700,11760,144505,0.01379310344827589
2025-05-09,11820,11870,11650,11870,102847,0.009353741496598733
2025-05-12,11880,12230,11880,12190,161458,0.02695871946082562
2025-05-13,12290,12290,12070,12130,102401,-0.004922067268252617
2025-05-14,12120,12170,11960,12100,88620,-0.002473206924979432
2025-05-15,13500,13520,12450,12670,769681,0.047107438016528835
2025-05-16,12770,12920,12410,12480,189956,-0.014996053670086829
2025-05-19,12220,12430,11980,12030,114589,-0.03605769230769229
2025-05-20,12030,12180,11920,11950,79697,-0.006650041562759723
2025-05-21,11910,12250,11910,12110,83612,0.013389121338912124
2025-05-22,11980,12100,11650,11970,78732,-0.011560693641618491
2025-05-23,11990,11990,11780,11900,94536,-0.005847953216374324
2025-05-26,11780,12370,11780,12350,158877,0.037815126050420256
2025-05-27,12360,13180,12360,13120,390771,0.06234817813765181
2025-05-28,13400,14040,13190,13920,622620,0.060975609756097615
2025-05-29,13530,13660,13300,13400,163962,-0.03735632183908044
2025-05-30,13540,13560,13230,13440,82354,0.0029850746268655914
2025-06-02,13440,13440,13060,13120,134369,-0.023809523809523836
2025-06-04,13290,13690,13220,13630,133395,0.038871951219512146
2025-06-05,13650,13950,13530,13920,197599,0.02127659574468077
2025-06-09,14050,14990,13970,14630,375657,0.051005747126436685
2025-06-10,14660,14770,13900,14500,238405,-0.008885850991114164
2025-06-11,14620,14650,14200,14410,137251,-0.006206896551724128
2025-06-12,14600,14990,14470,14690,179858,0.019430950728660745
2025-06-13,14950,15190,14250,14380,233215,-0.021102791014295463
2025-06-16,14360,15150,13500,15080,258416,0.048678720445062496
2025-06-17,15900,17320,15590,17210,1502222,0.14124668435013255
2025-06-18,17160,17550,16750,17350,622506,0.008134805345729301
2025-06-19,18300,22550,18270,22000,5746019,0.26801152737752165
2025-06-20,21000,21750,19990,21650,1777564,-0.015909090909090873
2025-06-23,21750,25450,21750,23900,3007493,0.10392609699769051
2025-06-24,23650,24600,22600,24150,1091028,0.010460251046025215
2025-06-25,22800,24450,20600,21400,2274151,-0.11387163561076608
2025-06-26,20400,20800,19330,20050,874818,-0.06308411214953269
2025-06-27,20300,20400,19550,19760,405912,-0.014463840399002503
2025-06-30,19170,19710,19100,19140,288193,-0.03137651821862353
2025-07-01,19210,19640,18670,18740,367725,-0.020898641588296796
2025-07-02,19010,19150,18220,18550,311241,-0.010138740661686185
2025-07-03,18610,18700,17980,18080,271310,-0.02533692722371972
2025-07-04,18150,18320,17770,17800,212394,-0.015486725663716783
2025-07-07,17720,18640,17690,17710,389962,-0.0050561797752809445
2025-07-08,18100,18190,17630,17720,188521,0.000564652738565874
2025-07-09,17900,18190,17630,18030,173521,0.01749435665914212
2025-07-10,18120,18830,17850,18410,332367,0.021075984470327214
2025-07-11,18630,18780,17850,18310,285174,-0.00543183052688756
2025-07-14,17940,18070,17230,17570,320094,-0.040415073730202034
2025-07-15,17590,17740,17300,17570,187652,0.0
2025-07-16,17410,17550,17180,17450,107940,-0.006829823562891302
2025-07-17,17680,17700,16930,17000,146941,-0.025787965616045794
2025-07-18,17000,17100,16650,16840,111022,-0.009411764705882342
2025-07-21,16930,16930,16630,16770,90170,-0.004156769596199483
2025-07-22,16720,16910,16470,16540,124731,-0.013714967203339312
2025-07-23,16590,16590,16150,16290,108856,-0.015114873035066534
2025-07-24,16570,16570,16000,16000,118335,-0.017802332719459746
2025-07-25,16050,16470,15990,16400,104795,0.02499999999999991
2025-07-28,16620,16900,16080,16200,102569,-0.012195121951219523
2025-07-29,16300,16800,16100,16700,131709,0.030864197530864113
2025-07-30,16800,16830,15850,16270,116884,-0.02574850299401199
2025-07-31,16270,16820,16120,16640,123874,0.022741241548863034
2025-08-01,16500,16500,15590,15660,170777,-0.058894230769230727
2025-08-04,15340,15950,15340,15780,97037,0.00766283524904221
2025-08-05,15780,16030,15750,15870,59835,0.005703422053231932
2025-08-06,15880,16700,15720,15950,167726,0.00504095778197855
2025-08-07,16350,16730,16110,16520,155568,0.03573667711598749
2025-08-08,16500,16670,16390,16460,58766,-0.003631961259079941
2025-08-11,16490,16490,16120,16260,69789,-0.012150668286755817
2025-08-12,16260,16390,15920,15980,72993,-0.017220172201722006
2025-08-13,16010,16050,15700,15970,58745,-0.0006257822277847547
2025-08-14,15920,16250,15860,15940,54030,-0.0018785222291797243
2025-08-18,16020,16020,15620,15660,46664,-0.017565872020075313
2025-08-19,15630,15740,15460,15670,68422,0.0006385696040869249
2025-08-20,15370,15450,15070,15260,95166,-0.0261646458200383
2025-08-21,15180,15680,15180,15510,52529,0.016382699868938477
2025-08-22,15520,15740,15400,15500,40003,-0.0006447453255964408
2025-08-25,15510,15700,15470,15570,28635,0.004516129032257954
2025-08-26,15520,15570,15270,15400,48267,-0.010918432883750828
2025-08-27,15370,15410,15120,15230,52321,-0.01103896103896107
2025-08-28,15130,15320,15000,15250,41868,0.0013131976362441566
2025-08-29,15260,15310,14960,15010,46101,-0.015737704918032835
2025-09-01,14950,14980,14550,14740,58420,-0.017988007994670263
2025-09-02,14610,14910,14610,14790,51986,0.0033921302578019397
2025-09-03,14660,14790,14520,14660,40959,-0.008789722785666032
2025-09-04,14640,15000,14640,14900,42155,0.016371077762619368
2025-09-05,14970,15160,14860,15110,47414,0.014093959731543704
2025-09-08,15120,15430,15110,15290,48881,0.011912640635340921
2025-09-09,15260,15340,15170,15260,46296,-0.0019620667102681066
2025-09-10,15390,15520,15210,15270,58131,0.000655307994757548
2025-09-11,15340,15470,15250,15400,49380,0.008513425016371867
2025-09-12,15540,15680,15430,15580,56104,0.011688311688311748
2025-09-15,15570,15680,15520,15600,40874,0.0012836970474967568
2025-09-16,15600,15650,15310,15350,56566,-0.01602564102564108
2025-09-17,15320,15370,14990,15030,43775,-0.02084690553745927
2025-09-18,15150,17660,15030,16100,1883168,0.0711909514304725
2025-09-19,15930,15930,15490,15620,198838,-0.029813664596273326
2025-09-22,15620,15640,15250,15330,102735,-0.018565941101152394
2025-09-23,15330,15380,15040,15080,68141,-0.016307893020221842
2025-09-24,15040,15120,14640,14750,88137,-0.021883289124668415
2025-09-25,14750,14910,14640,14840,53820,0.006101694915254141
2025-09-26,14780,14780,14200,14310,94739,-0.0357142857142857
2025-09-29,14320,14640,14320,14410,56974,0.006988120195667413
2025-09-30,14400,14400,14070,14160,58523,-0.017349063150589816
2025-10-01,14110,14240,13930,14090,46497,-0.004943502824858781
2025-10-02,14140,14460,14060,14310,52179,0.015613910574875822
2025-10-10,14410,14450,14170,14250,40097,-0.004192872117400381
2025-10-13,13930,14140,13810,14140,49228,-0.007719298245614015
2025-10-14,14080,14260,13910,14150,69776,0.0007072135785006761
2025-10-15,14280,14380,14100,14380,30536,0.016254416961130724
2025-10-16,14310,14750,14300,14490,60209,0.007649513212795611
2025-10-17,14320,14320,13960,13980,69412,-0.035196687370600444
2025-10-20,14020,17470,13850,16800,3531430,0.20171673819742497
2025-10-21,16300,16300,15500,15660,638154,-0.06785714285714284
2025-10-22,15520,15520,15080,15370,220527,-0.01851851851851849
2025-10-23,15130,15420,15020,15070,174954,-0.01951854261548469
2025-10-24,15210,15300,15060,15160,98764,0.005972130059721303
2025-10-27,15460,15830,15330,15760,214594,0.0395778364116095
2025-10-28,15750,15750,15310,15360,104880,-0.025380710659898442
2025-10-29,15460,15660,15210,15590,116113,0.01497395833333326
2025-10-30,15510,15510,15110,15260,102270,-0.021167415009621604
2025-10-31,15130,15350,14890,15040,119646,-0.014416775884665833
2025-11-03,15110,15500,15110,15380,98294,0.022606382978723305
2025-11-04,15530,15700,15380,15470,94412,0.0058517555266579535
2025-11-05,15300,15300,14635,15150,157567,-0.02068519715578543
2025-11-06,15310,15890,15260,15760,216838,0.040264026402640374
2025-11-07,15500,16480,15450,16160,325708,0.025380710659898442
2025-11-10,16710,16840,16110,16740,246657,0.03589108910891081
