Date,Open,High,Low,Close,Volume,Change
2022-01-03,40462,40561,40213,40363,10640,-0.002446740151253013
2022-01-04,40213,40461,39964,40213,12440,-0.0037162748061343454
2022-01-05,40064,40412,40064,40114,8010,-0.0024618904334419156
2022-01-06,39915,40362,39766,39965,18810,-0.00371441392032712
2022-01-07,40312,40411,39914,40213,5080,0.00620542975103211
2022-01-10,40063,40262,39815,40213,6070,0.0
2022-01-11,40213,40412,39815,39965,11530,-0.006167159873672667
2022-01-12,39865,40213,39815,40114,9520,0.003728262229450774
2022-01-13,40164,40611,40114,40363,11260,0.006207309168868802
2022-01-14,40362,40511,40014,40114,10080,-0.0061690161781829955
2022-01-17,40113,40213,39467,39567,18350,-0.01363613700952282
2022-01-18,40113,40113,39318,39617,12060,0.0012636793287335024
2022-01-19,39616,39716,39169,39219,15860,-0.010046192291188083
2022-01-20,39120,39468,39120,39319,7220,0.0025497845432060906
2022-01-21,39069,39616,38970,39368,6570,0.0012462168417304298
2022-01-24,38970,39119,38225,38573,14580,-0.02019406624669784
2022-01-25,38175,38424,37380,37778,16780,-0.020610271433386007
2022-01-26,37777,38274,36882,37181,11280,-0.015802848218539944
2022-01-27,38175,38374,36882,38076,22850,0.024071434334740793
2022-01-28,38025,38075,37031,37330,15040,-0.01959239415905034
2022-02-03,37578,38523,37529,37877,10460,0.014653094026252367
2022-02-04,37876,38721,37876,38672,7180,0.020988990680360198
2022-02-07,37777,39119,37777,38921,11390,0.006438767066611506
2022-02-08,38921,40760,38772,39667,15660,0.019167030651833228
2022-02-09,39417,40113,39417,39716,9620,0.0012352837371114589
2022-02-10,39765,39914,39318,39716,6080,0.0
2022-02-11,39268,39716,39169,39269,6360,-0.01125490986000599
2022-02-14,38175,39219,38175,38424,9060,-0.021518245944638248
2022-02-15,38125,38572,37976,38026,9720,-0.010358109514886582
2022-02-16,38672,38920,38125,38523,7150,0.013070004733603424
2022-02-17,38324,38920,38075,38722,10680,0.005165745139267486
2022-02-18,38174,39715,38025,39368,13990,0.016683022571148287
2022-02-21,39269,39865,38771,39617,7450,0.0063249339565130125
2022-02-22,39119,39715,39119,39517,7120,-0.00252416891738394
2022-02-23,39368,40362,39368,39766,10640,0.006301085608725332
2022-02-24,39716,39915,39169,39468,11580,-0.007493838957903787
2022-02-25,39715,39765,39467,39517,6280,0.0012415121110773697
2022-02-28,39269,39716,39120,39170,7910,-0.008781030948705637
2022-03-02,39616,39716,39069,39219,8110,0.0012509573653305406
2022-03-03,39219,39616,39070,39418,9950,0.005074071240980027
2022-03-04,39467,39666,38722,39418,15280,0.0
2022-03-07,39418,39418,38274,38772,19450,-0.016388451976254492
2022-03-08,38672,38672,38274,38523,5620,-0.006422160321881809
2022-03-10,38772,39020,38573,38971,5500,0.011629416192923792
2022-03-11,38970,39020,38573,38772,5030,-0.005106361140335136
2022-03-14,38622,38721,38274,38523,7500,-0.006422160321881809
2022-03-15,38672,42300,38324,40213,45570,0.043869895906341716
2022-03-16,40213,41108,39716,40462,38560,0.006192027453808535
2022-03-17,40361,40361,39367,39517,29010,-0.023355246898324356
2022-03-18,39318,44139,39318,44140,30500,0.11698762557886488
2022-03-21,41605,42350,40859,41456,57880,-0.06080652469415493
2022-03-22,41356,41356,38274,40114,41090,-0.032371671169432625
2022-03-23,40411,40660,39914,40064,18710,-0.001246447624270841
2022-03-24,39964,39964,39467,39716,17220,-0.008686102236421744
2022-03-25,39666,39666,39268,39418,19460,-0.007503273240003994
2022-03-28,39517,39517,39020,39120,19270,-0.007559997970470356
2022-03-29,39169,39567,39070,39319,14430,0.005086912065439764
2022-03-30,39716,40064,39318,39617,14330,0.007579033037462768
2022-03-31,39914,39914,39666,39865,7140,0.006259938915112118
2022-04-01,39616,39865,39567,39567,9720,-0.0074752288975291625
2022-04-04,39269,39716,39269,39468,19170,-0.002502085070892446
2022-04-05,39467,41456,39368,40462,35290,0.025184959967568643
2022-04-06,40362,40461,40064,40412,11960,-0.001235727349117699
2022-04-07,40611,40611,39667,39667,12540,-0.018435118281698526
2022-04-08,39467,40411,39467,39915,10740,0.006252048302115121
2022-04-11,39915,40263,39517,39965,8000,0.0012526619065513778
2022-04-12,39915,40263,39567,40263,8360,0.007456524458901548
2022-04-13,40262,40909,39964,40909,26780,0.01604450736408114
2022-04-14,40859,41257,40660,40959,14470,0.0012222249382776162
2022-04-15,40859,40859,40064,40313,9430,-0.015771869430405983
2022-04-18,40064,40860,40064,40363,12570,0.0012402946940193171
2022-04-19,40362,40660,40263,40661,9160,0.007382999281520197
2022-04-20,40412,42947,40412,41506,54940,0.020781584319126356
2022-04-21,41754,41804,40810,41158,13520,-0.008384329976388938
2022-04-22,40760,41655,40611,41506,12340,0.008455221342144936
2022-04-25,40859,41604,40759,40909,24400,-0.014383462631908595
2022-04-26,40810,41406,40363,40363,22870,-0.013346696325991836
2022-04-27,40063,40212,39566,39865,19670,-0.012338032356365991
2022-04-28,39865,40164,39070,40164,17790,0.007500313558259197
2022-04-29,39865,40661,39766,40363,13660,0.004954685788268076
2022-05-02,40362,40958,40063,40561,10040,0.0049054827440973
2022-05-03,40611,40710,40213,40313,7430,-0.0061142476763393905
2022-05-04,40362,40362,40113,40114,6780,-0.004936372882196838
2022-05-06,39865,40014,39617,39617,15590,-0.012389689385251978
2022-05-09,39467,39765,39069,39368,9600,-0.006285180604286067
2022-05-10,39070,39318,38374,38772,16240,-0.01513919934972563
2022-05-11,38971,39319,36784,38325,20750,-0.011528938409161249
2022-05-12,38324,38672,37976,38076,10090,-0.006497064579256362
2022-05-13,38076,38672,38076,38424,4920,0.009139615505830534
2022-05-16,39517,39716,38572,39070,17510,0.016812408911097254
2022-05-17,39069,39119,38672,39020,3050,-0.0012797542871768597
2022-05-18,39070,39418,38623,38971,10860,-0.0012557662737058273
2022-05-19,38671,38820,38174,38672,10250,-0.0076723717636191235
2022-05-20,38623,39815,38623,38971,4760,0.007731692180388938
2022-05-23,38971,39318,38821,38971,7600,0.0
2022-05-24,38821,39120,38474,38474,7470,-0.012753072797721421
2022-05-25,39070,39070,38474,38822,3640,0.00904506939751526
2022-05-26,38821,38921,38622,38772,4960,-0.0012879295244964117
2022-05-27,38771,38970,38572,38722,4180,-0.0012895904260806779
2022-05-30,38771,38920,38671,38672,9390,-0.0012912556169619727
2022-05-31,38672,38970,38473,38871,15380,0.005145841952834074
2022-06-02,38772,38971,38722,38822,3230,-0.0012605798667386647
2022-06-03,39169,39666,38672,39319,9970,0.012802019473494353
2022-06-07,39318,39516,39019,39517,8110,0.005035733360461814
2022-06-08,39368,39716,39070,39170,5950,-0.008781030948705637
2022-06-09,38871,38921,38573,38623,11450,-0.01396476895583354
2022-06-10,38821,38821,38274,38722,7090,0.002563239520492866
2022-06-13,38274,38374,37678,37927,15060,-0.0205309643096947
2022-06-14,37280,37976,36982,37330,12910,-0.015740765154111824
2022-06-15,36982,38175,36883,37430,14850,0.002678810608089943
2022-06-16,37429,38771,37429,37728,8460,0.007961528185947087
2022-06-17,37380,39517,37081,39269,43880,0.04084499575911793
2022-06-20,39268,40213,38622,38921,29870,-0.008861952176016707
2022-06-21,39566,39566,37478,37479,33730,-0.03704940777472321
2022-06-22,37778,38722,37380,38126,22860,0.017263000613676915
2022-06-23,37728,38672,36087,36585,30500,-0.04041861197083352
2022-06-24,36585,37181,36585,36784,8990,0.005439387727210532
2022-06-27,36783,37479,36634,37082,15930,0.008101348412353104
2022-06-28,37132,37479,36982,37132,5610,0.001348363087212201
2022-06-29,36882,37081,36534,36684,9940,-0.012065065172896738
2022-06-30,36435,37081,36187,36386,13300,-0.00812343255915382
2022-07-01,36385,37031,35888,36485,10050,0.002720826691584577
2022-07-04,36236,36833,36236,36386,5820,-0.002713443881046995
2022-07-05,36336,36932,36286,36883,8240,0.013659099653712925
2022-07-06,37379,37379,36435,36684,7020,-0.005395439633435473
2022-07-07,36435,36982,36236,36684,6040,0.0
2022-07-08,36833,37032,36584,36734,6340,0.001362992040126576
2022-07-11,36733,37131,36534,36684,6720,-0.0013611368214733188
2022-07-12,36882,36882,36037,36634,8470,-0.001362992040126465
2022-07-13,36485,36585,36286,36436,2530,-0.005404815198995494
2022-07-14,36485,36535,36286,36436,1740,0.0
2022-07-15,36585,36585,36187,36436,4380,0.0
2022-07-18,36634,37181,36336,36784,8040,0.009550993522889462
2022-07-19,36784,36982,36535,36784,2600,0.0
2022-07-20,36783,37280,36535,36734,7300,-0.0013592866463679742
2022-07-21,37032,37032,36535,36784,5880,0.0013611368214732078
2022-07-22,36734,37479,36634,36734,6590,-0.0013592866463679742
2022-07-25,36584,36981,36286,36634,3320,-0.0027222736429466377
2022-07-26,36535,36883,36485,36734,3580,0.0027297046459573426
2022-07-27,36734,36883,36584,36734,2650,0.0
2022-07-28,36783,37280,36385,36535,9600,-0.005417324549463753
2022-07-29,36584,36733,36286,36684,8500,0.004078281100314829
2022-08-01,36684,36833,36336,36585,3880,-0.0026987242394503896
2022-08-02,36932,36932,36435,36634,6300,0.0013393467268005832
2022-08-03,36733,37081,36584,36883,4800,0.006796964568433594
2022-08-04,36883,37479,36883,37430,8930,0.014830680801453333
2022-08-05,37429,37877,37429,37728,3110,0.007961528185947087
2022-08-08,37629,38126,37529,37977,6990,0.006599872773536797
2022-08-09,38374,38374,37777,38275,4280,0.00784685467519819
2022-08-10,38174,38423,38125,38175,4530,-0.0026126714565642972
2022-08-11,38473,38523,38175,38225,7420,0.0013097576948264411
2022-08-12,38224,38324,37876,38175,7690,-0.001308044473512071
2022-08-16,38523,38573,37927,38325,8450,0.003929273084479323
2022-08-17,38076,38672,38076,38424,9820,0.002583170254403022
2022-08-18,38474,38523,38275,38474,16150,0.0013012700395587107
2022-08-19,38672,38672,38274,38424,7650,-0.001299578936424628
2022-08-22,38424,38622,37330,38424,6570,0.0
2022-08-23,38424,38473,38175,38275,6760,-0.0038777847178846914
2022-08-24,38522,38522,37926,38175,11950,-0.0026126714565642972
2022-08-25,38175,38274,37976,38225,6480,0.0013097576948264411
2022-08-26,38224,38324,38125,38175,15220,-0.001308044473512071
2022-08-29,38125,38125,37578,37827,6140,-0.009115913555992172
2022-08-30,37528,38274,37528,38175,5070,0.009199777936394593
2022-08-31,37628,38622,37628,38424,11340,0.006522593320235748
2022-09-01,38572,38572,38125,38374,7270,-0.0013012700395585997
2022-09-02,38423,38473,38075,38225,11210,-0.003882837337780831
2022-09-05,38324,38573,38274,38424,8190,0.005206017004578234
2022-09-06,38771,39964,38721,39716,52490,0.03362481782219451
2022-09-07,39766,41605,39567,41158,58960,0.03630778527545564
2022-09-08,41157,42250,40063,40710,34210,-0.010884882647358984
2022-09-13,40809,42052,40809,41953,40220,0.030533038565462967
2022-09-14,41257,41903,41158,41506,35870,-0.010654780349438675
2022-09-15,41506,41754,40561,41009,29230,-0.011974172408808381
2022-09-16,41008,43643,40959,43544,70170,0.061815698992903956
2022-09-19,43990,44537,43543,44289,74170,0.01710913099393707
2022-09-20,44487,48663,43891,47023,125030,0.061730903836167084
2022-09-21,46675,47222,42996,43842,83110,-0.06764774684728747
2022-09-22,43742,47719,40760,41506,314310,-0.05328224077368737
2022-09-23,42400,42549,39915,40114,71560,-0.03353731990555586
2022-09-26,40262,40262,38224,38225,53980,-0.04709079124495186
2022-09-27,37976,38623,37927,38474,27010,0.006514061478090305
2022-09-28,38374,39567,37131,37380,27950,-0.028434787128970185
2022-09-29,37976,38722,37529,37778,15330,0.010647405029427404
2022-09-30,37578,38025,37180,38026,12820,0.006564667266663049
2022-10-04,38125,38473,38026,38126,6380,0.002629779624467421
2022-10-05,37579,38076,37430,37629,16790,-0.013035723653150089
2022-10-06,37330,37976,37330,37629,9740,0.0
2022-10-07,37677,37926,37479,37678,9670,0.0013021871428950949
2022-10-11,37528,37528,36584,36833,16760,-0.02242688040766494
2022-10-12,37180,37429,36335,36634,11220,-0.005402763825916979
2022-10-13,36882,36882,36087,36386,6330,-0.006769667521974165
2022-10-14,36336,37032,36336,36784,9440,0.010938272962128348
2022-10-17,36484,37131,36335,36485,5050,-0.008128534145280586
2022-10-18,36783,36833,36435,36535,9090,0.0013704262025489022
2022-10-19,36534,36782,36236,36286,8430,-0.0068153825099219745
2022-10-20,36584,36584,36137,36187,6530,-0.0027283249738191406
2022-10-21,36186,36783,36037,36137,3630,-0.0013817116644099237
2022-10-24,36187,36684,35938,36038,8390,-0.0027395743974319986
2022-10-25,35839,36286,35292,35392,25380,-0.01792552305899331
2022-10-26,35540,35590,35142,35441,7620,0.001384493670886
2022-10-27,35292,35540,35192,35292,10130,-0.004204170311221445
2022-10-28,35341,35938,35341,35640,6500,0.009860591635498128
2022-10-31,35590,36186,35590,36137,5330,0.013945005611672334
2022-11-01,35988,36585,35988,36585,6640,0.012397265960096382
2022-11-02,36385,37081,36187,36883,8130,0.008145414787481098
2022-11-03,37082,37082,36634,36933,4370,0.0013556380988530847
2022-11-04,36932,37479,36684,37231,8950,0.008068664879646859
2022-11-07,37479,37976,37131,37778,7280,0.014692057693857175
2022-11-08,38374,38374,37529,37977,6020,0.005267616072846648
2022-11-09,37877,38225,37728,37778,4330,-0.005240013692498047
2022-11-10,37528,38075,37329,37827,3830,0.0012970511938164009
2022-11-11,38424,38424,37479,37977,9860,0.0039654215243081214
2022-11-14,37976,38970,37976,38921,10990,0.02485715038049352
2022-11-15,38920,40759,38920,40412,16700,0.038308368233087586
2022-11-16,40461,41058,40412,40412,10050,0.0
2022-11-17,40611,40611,39219,39816,13150,-0.014748094625358754
2022-11-18,40213,40213,39566,40213,6900,0.009970865983524257
2022-11-21,40213,40859,40114,40661,14170,0.011140675900828123
2022-11-22,41207,41207,40412,40512,7200,-0.003664445045621134
2022-11-23,40561,41605,40362,41456,20810,0.02330173775671396
2022-11-24,41754,43344,41654,42997,29510,0.0371719413353917
2022-11-25,42549,42997,41456,42053,11750,-0.021955020117682578
2022-11-28,41853,42102,41555,41854,15590,-0.00473212374860299
2022-11-29,41604,42300,41604,42102,7450,0.0059253595833135275
2022-11-30,41903,43246,41903,42749,15870,0.01536744097667575
2022-12-01,42996,43941,42996,43643,19250,0.020912769889354088
2022-12-02,43543,43941,42897,43544,13840,-0.0022684050134041955
2022-12-05,43543,44538,43245,44041,13580,0.01141374242145865
2022-12-06,44041,44239,43494,43892,11390,-0.0033832110987488395
2022-12-07,43593,44239,43543,43792,8960,-0.0022783195115283483
2022-12-08,43792,43941,41555,41605,29930,-0.04994062842528313
2022-12-09,41555,43593,41009,42401,18160,0.019132315827424584
2022-12-12,42400,43791,42400,43643,9560,0.029291761986745657
2022-12-13,43742,44438,43593,44140,14730,0.011387851430928242
2022-12-14,43991,44140,42748,42997,10270,-0.02589487992750339
2022-12-15,42798,42997,41605,42003,15850,-0.02311789194594971
2022-12-16,41257,43145,41257,43146,13890,0.027212341975573207
2022-12-19,42301,42997,42251,42848,9240,-0.006906781625179659
2022-12-20,42549,42897,41704,42500,32070,-0.008121732636295786
2022-12-21,42748,44040,42400,43643,14740,0.026894117647058735
2022-12-22,43643,45035,43643,44737,53480,0.025067021057214145
2022-12-23,44687,45532,43941,45284,23490,0.012227015669356467
2022-12-26,45283,47719,45184,46725,52780,0.03182139386979954
2022-12-27,47321,49409,46625,48912,61800,0.046805778491171735
2022-12-28,49210,49260,44339,48962,33680,0.0010222440300948765
2022-12-29,47520,48713,47520,48614,15430,-0.007107552796045913
2023-01-02,48315,48315,46178,46626,18990,-0.04089356975356895
2023-01-03,46178,46427,44091,44787,33840,-0.03944151331874923
2023-01-04,44339,44736,42897,43047,26960,-0.03885055931408665
2023-01-05,43146,43941,42897,43345,8520,0.006922665923293048
2023-01-06,42698,43593,42350,42947,10730,-0.009182143269119813
2023-01-09,43145,43990,42847,43792,8990,0.019675413882226822
2023-01-10,43792,44289,43394,43842,3440,0.001141761052247059
2023-01-11,43742,44537,43692,44339,11140,0.01133616167145668
2023-01-12,44438,49558,44339,49161,90630,0.10875301653172142
2023-01-13,50205,50602,46924,47173,68570,-0.04043855902036164
2023-01-16,46774,47868,46426,47719,17540,0.011574417569372386
2023-01-17,47620,48117,46526,46825,44400,-0.018734675915253907
2023-01-18,46774,47023,46376,46526,13160,-0.006385477843032561
2023-01-19,46525,47022,46327,46675,11190,0.0032025104242789926
2023-01-20,46675,47818,46675,47719,17620,0.022367434386716623
2023-01-25,47719,48563,47719,48067,18590,0.007292692638152465
2023-01-26,48117,48564,47619,48117,25690,0.0010402147003141238
2023-01-27,48117,48912,48017,48664,34060,0.011368123532223606
2023-01-30,48763,48962,47968,48515,38630,-0.0030618116061154055
2023-01-31,48266,50503,48266,50006,75130,0.030732763062970125
2023-02-01,50006,51994,49608,51398,62370,0.027836659600847913
2023-02-02,52093,54579,51497,54480,84700,0.05996342270127242
2023-02-03,54479,55274,53584,54877,37190,0.00728707782672533
2023-02-06,54877,55871,54181,55673,36350,0.014505166098729871
2023-02-07,56069,56069,51596,51795,77830,-0.06965674563971769
2023-02-08,51497,56268,51099,54579,115970,0.053750362004054475
2023-02-09,54578,56567,50801,51696,142450,-0.05282251415379546
2023-02-10,52192,52988,50602,52690,52660,0.019227793252862835
2023-02-13,52888,57859,52888,57661,149490,0.09434427785158483
2023-02-14,57660,58555,55373,57064,70960,-0.010353618563673894
2023-02-15,57263,58555,56766,57860,64330,0.013949249964951616
2023-02-16,57859,57959,56666,56965,45720,-0.015468371932250258
2023-02-17,56964,57660,56070,57462,30490,0.008724655490213395
2023-02-20,57561,63228,57462,61737,188320,0.07439699279523859
2023-02-21,61935,64023,61240,61936,71260,0.0032233506649173016
2023-02-22,61836,61836,58157,59351,84270,-0.041736631361405374
2023-02-23,59152,61638,58257,60445,47660,0.018432713854863447
2023-02-24,60444,62034,60046,60643,33390,0.0032757051865333064
2023-02-27,61338,61637,55473,57263,107280,-0.05573602889039131
2023-02-28,58257,58257,55275,56170,52580,-0.01908736880708306
2023-03-02,56169,56467,54677,54678,46410,-0.026562221826597843
2023-03-03,54677,55572,51198,53485,99030,-0.021818647353597398
2023-03-06,54180,54578,52192,53485,51700,0.0
2023-03-07,52889,54280,52590,53088,24780,-0.0074226418622043155
2023-03-08,53187,53783,52491,52591,29740,-0.009361814345991593
2023-03-09,52292,53882,49806,53386,30820,0.015116654940959373
2023-03-10,52689,53982,52292,53187,22830,-0.0037275690255872407
2023-03-13,52988,53585,50900,53585,35930,0.007483031567864229
2023-03-14,53585,53585,51100,51100,40640,-0.04637491835401697
2023-03-15,52690,53982,51596,53784,36220,0.05252446183953041
2023-03-16,53684,56070,52789,55673,58960,0.03512196935891709
2023-03-17,56666,56666,54181,54181,89940,-0.026799346182170836
2023-03-20,54678,57561,54181,56369,52600,0.040383160148391495
2023-03-21,56865,57661,56169,56667,24050,0.005286593695116082
2023-03-22,56865,56964,55672,56766,25650,0.001747048546773211
2023-03-23,56269,57859,56169,56965,26080,0.0035056195610048135
2023-03-24,57362,57362,55672,55772,18880,-0.020942684104274578
2023-03-27,55871,55871,52690,54082,35690,-0.030301943627626726
2023-03-28,54181,57263,54181,56766,38480,0.04962834214710998
2023-03-29,56567,57661,56070,56866,28540,0.0017616178698516283
2023-03-30,56865,58058,56468,56667,33550,-0.0034994548587908847
2023-03-31,56666,57958,55473,56070,43860,-0.010535232145693296
2023-04-03,56169,57262,53286,53684,65840,-0.04255395041911891
2023-04-04,53684,53684,51696,52591,34990,-0.02035988376425002
2023-04-05,52590,52689,51695,52193,17210,-0.007567834800631279
2023-04-06,52491,53087,51198,51497,23710,-0.013335121568026409
2023-04-07,51596,51596,50900,51398,14650,-0.0019224420840049383
2023-04-10,51198,51198,49707,50105,34160,-0.025156620880189884
2023-04-11,50403,50701,49260,50503,20050,0.007943319030036866
2023-04-12,51000,51000,49509,49559,24890,-0.018691958893531035
2023-04-13,49508,49707,48216,48564,27280,-0.02007707984422602
2023-04-14,48614,50205,48515,49559,21390,0.02048842764187464
2023-04-17,50105,50105,49161,49708,9350,0.003006517484210658
2023-04-18,49707,49906,49210,49509,10470,-0.004003379737667956
2023-04-19,49210,49806,49210,49459,8360,-0.001009917388757553
2023-04-20,49459,49459,48614,48664,14300,-0.01607391981236983
2023-04-21,48414,48911,47868,48067,9830,-0.012267795495643607
2023-04-24,46974,48067,45632,45980,30080,-0.04341856159111246
2023-04-25,46923,46923,45929,46725,9850,0.01620269682470643
2023-04-26,46724,47768,46526,47570,13020,0.01808453718566083
2023-04-27,47321,47719,46725,47322,14320,-0.0052133697708639515
2023-04-28,47769,50304,47222,49211,21650,0.03991800853725547
2023-05-02,49906,51795,49309,51000,37540,0.03635366076690172
2023-05-03,51000,51795,50702,51100,14550,0.0019607843137254832
2023-05-04,51400,51800,49700,49950,21440,-0.022504892367906093
2023-05-08,50300,50700,49850,50000,5600,0.0010010010010010895
2023-05-09,50000,50900,49850,50300,5210,0.006000000000000005
2023-05-10,50500,51600,49800,51200,11410,0.017892644135188762
2023-05-11,51800,51800,50000,50900,11660,-0.005859375
2023-05-12,50400,50500,50000,50500,5350,-0.007858546168958758
2023-05-15,50500,51000,49700,50100,10960,-0.007920792079207928
2023-05-16,50000,50700,49950,50500,7510,0.007984031936127733
2023-05-17,50000,50500,49950,50500,3760,0.0
2023-05-18,50200,50500,50000,50100,5690,-0.007920792079207928
2023-05-19,50200,51100,50000,50200,8260,0.001996007984031989
2023-05-22,50200,50700,50100,50300,5770,0.0019920318725099584
2023-05-23,50300,50600,50100,50600,7640,0.005964214711729587
2023-05-24,50400,50800,50100,50500,4820,-0.0019762845849802257
2023-05-25,50500,51500,50200,50500,8010,0.0
2023-05-26,50500,51000,50300,51000,9210,0.00990099009900991
2023-05-30,50900,53100,50900,52100,29390,0.021568627450980316
2023-05-31,52400,52400,51600,51700,14280,-0.007677543186180413
2023-06-01,51500,51700,51000,51500,9360,-0.003868471953578312
2023-06-02,51300,52200,51000,52200,9860,0.013592233009708687
2023-06-05,50900,51800,50800,51000,23600,-0.02298850574712641
2023-06-07,51000,51000,50200,50300,11760,-0.013725490196078383
2023-06-08,50500,50800,50100,50500,8080,0.003976143141153132
2023-06-09,51100,51100,50000,50300,8160,-0.003960396039603964
2023-06-12,50400,51000,50300,50900,5820,0.011928429423459175
2023-06-13,50800,51800,50300,51500,13520,0.011787819253438192
2023-06-14,51400,52200,51200,52000,13610,0.009708737864077666
2023-06-15,52100,53200,51900,52600,20200,0.011538461538461497
2023-06-16,52800,53000,52400,52400,11780,-0.0038022813688213253
2023-06-19,52400,52600,50800,51400,19910,-0.01908396946564883
2023-06-20,50800,51200,50100,51000,11170,-0.0077821011673151474
2023-06-21,51000,51000,50100,50300,16560,-0.013725490196078383
2023-06-22,50300,51000,50200,51000,9290,0.013916500994035852
2023-06-23,51900,51900,50400,50900,7960,-0.0019607843137254832
2023-06-26,50900,53400,50300,52800,28850,0.037328094302554016
2023-06-27,52900,54900,52500,54300,26990,0.02840909090909083
2023-06-28,54300,55500,52900,53800,16250,-0.009208103130755041
2023-06-29,53800,54300,53100,54200,14900,0.0074349442379182396
2023-06-30,54200,54200,53300,53500,12440,-0.01291512915129156
2023-07-03,53300,53300,49700,51400,45860,-0.03925233644859816
2023-07-04,51300,51300,50200,50600,18120,-0.015564202334630295
2023-07-05,50300,52100,50300,50800,14160,0.0039525691699604515
2023-07-06,50900,51100,50400,50700,16490,-0.0019685039370078705
2023-07-07,50600,51200,50300,50700,9950,0.0
2023-07-10,51000,51000,50100,50200,11620,-0.009861932938856066
2023-07-11,50200,51200,50200,51000,9890,0.015936254980079667
2023-07-12,51400,54600,50500,54000,46240,0.05882352941176472
2023-07-13,54700,55000,50700,50800,51540,-0.059259259259259234
2023-07-14,50400,51200,48000,48750,106200,-0.04035433070866146
2023-07-17,49450,50400,48300,49000,51710,0.00512820512820511
2023-07-18,46800,46800,42650,43700,195620,-0.10816326530612241
2023-07-19,43700,43700,41700,42100,60130,-0.03661327231121281
2023-07-20,42800,43000,42400,42700,22840,0.014251781472684133
2023-07-21,43200,43800,42300,43100,29280,0.00936768149882905
2023-07-24,43100,43100,42150,42200,25090,-0.02088167053364265
2023-07-25,42100,42100,40950,41000,34490,-0.028436018957345932
2023-07-26,40750,40750,38600,39400,57350,-0.039024390243902474
2023-07-27,39500,40700,39500,40300,16620,0.02284263959390853
2023-07-28,40850,42250,40200,42000,20330,0.042183622828784184
2023-07-31,42000,43300,42000,42750,15610,0.017857142857142794
2023-08-01,43350,43750,42600,43400,21000,0.015204678362572999
2023-08-02,43450,44300,43350,44200,21660,0.018433179723502224
2023-08-03,44200,44900,43899,44700,15330,0.011312217194570096
2023-08-04,45300,45300,43900,44000,11720,-0.015659955257270708
2023-08-07,43700,44100,42950,43700,9820,-0.006818181818181834
2023-08-08,43200,44000,42900,43600,9570,-0.0022883295194507935
2023-08-09,43500,43950,43150,43850,5320,0.005733944954128489
2023-08-10,44000,44300,43150,44150,14320,0.0068415051311288
2023-08-11,44149,46300,44000,45600,32750,0.0328425821064553
2023-08-14,45650,46200,45500,45900,8080,0.006578947368421018
2023-08-16,45900,45900,44600,45400,8990,-0.01089324618736387
2023-08-17,45400,45400,43650,44650,10730,-0.016519823788546217
2023-08-18,44000,46400,44000,45750,14540,0.024636058230683044
2023-08-21,46750,46750,45650,46350,6600,0.013114754098360715
2023-08-22,46350,47200,46100,47200,15090,0.01833872707659112
2023-08-23,47200,47200,46300,46750,12180,-0.009533898305084776
2023-08-24,46750,46750,45800,46100,11140,-0.013903743315508033
2023-08-25,45400,46400,45400,46400,6470,0.006507592190889477
2023-08-28,46449,46599,46050,46450,3440,0.0010775862068965747
2023-08-29,46449,46599,45750,46450,8700,0.0
2023-08-30,45950,46550,45900,46550,5520,0.0021528525296017342
2023-08-31,46550,46600,46150,46550,5000,0.0
2023-09-01,46500,46500,46000,46150,4780,-0.008592910848549962
2023-09-04,45550,46200,45400,46150,9630,0.0
2023-09-05,45550,46300,45550,45950,6940,-0.004333694474539573
2023-09-06,46000,48250,45450,47100,24710,0.02502720348204579
2023-09-07,47100,47100,46300,46600,5610,-0.010615711252653925
2023-09-08,45800,47100,45800,46350,2780,-0.005364806866952843
2023-09-11,45800,47050,45500,46550,14540,0.004314994606256839
2023-09-12,46500,47400,45850,46550,5550,0.0
2023-09-13,46550,46599,46200,46450,2610,-0.002148227712137518
2023-09-14,46450,46500,45000,46100,16670,-0.00753498385360607
2023-09-15,46800,46800,45650,46350,9750,0.005422993492407713
2023-09-18,46100,47850,45500,47300,11000,0.02049622437971954
2023-09-19,47750,47750,46600,46850,6260,-0.009513742071881603
2023-09-20,46900,46950,46150,46600,6500,-0.005336179295624355
2023-09-21,46000,46300,45650,45800,5840,-0.01716738197424894
2023-09-22,45200,46450,45200,46200,4530,0.008733624454148492
2023-09-25,45150,46150,45150,45600,6840,-0.012987012987012991
2023-09-26,45100,46950,45100,45750,3460,0.00328947368421062
2023-09-27,46300,47400,45549,46200,23030,0.009836065573770592
2023-10-04,47400,47400,43800,45050,26130,-0.024891774891774854
2023-10-05,45100,45400,43250,44100,19240,-0.021087680355160954
2023-10-06,44200,45600,44049,45300,7810,0.027210884353741527
2023-10-10,44650,45250,43550,44150,6390,-0.025386313465783683
2023-10-11,44500,44650,44100,44450,4320,0.006795016987542368
2023-10-12,44700,45700,44500,45100,4810,0.01462317210348707
2023-10-13,45550,45550,44400,44950,1770,-0.003325942350332567
2023-10-16,44950,45000,44100,44550,3500,-0.008898776418242438
2023-10-17,44200,45000,44200,44400,2590,-0.0033670033670033517
2023-10-18,45300,45300,44050,44350,3930,-0.0011261261261261701
2023-10-19,43650,45800,43650,44550,15180,0.004509582863585049
2023-10-20,44650,47450,44200,46950,31890,0.05387205387205385
2023-10-23,47450,47500,46250,46250,12960,-0.014909478168264156
2023-10-24,47100,47500,46800,47100,10710,0.018378378378378413
2023-10-25,47100,48050,46800,47700,10620,0.01273885350318471
2023-10-26,47800,47800,46700,47200,4520,-0.010482180293501009
2023-10-27,47200,48500,46700,46750,7790,-0.009533898305084776
2023-10-30,46850,47350,46200,46800,4720,0.0010695187165774556
2023-10-31,47000,47200,45650,46100,6500,-0.014957264957264904
2023-11-01,46149,46449,45950,46450,8720,0.00759219088937102
2023-11-02,47599,47599,46200,47200,9910,0.016146393972013007
2023-11-03,47400,47400,46700,47200,10110,0.0
2023-11-06,47150,47500,45700,46550,26300,-0.013771186440677985
2023-11-07,46550,46550,45900,46200,5970,-0.007518796992481258
2023-11-08,46200,46649,46200,46350,2690,0.0032467532467532756
2023-11-09,46250,46800,45950,46450,5420,0.0021574973031284195
2023-11-10,46100,46950,45750,46450,8230,0.0
2023-11-13,46200,47800,45950,47350,9240,0.019375672766415608
2023-11-14,47050,48100,47050,47950,6080,0.012671594508975703
2023-11-15,48450,49400,47550,49250,12810,0.027111574556829998
2023-11-16,49150,49250,48500,49250,8340,0.0
2023-11-17,49350,49850,48700,49400,16470,0.003045685279187804
2023-11-20,49750,49750,48700,49250,6910,-0.0030364372469635637
2023-11-21,49250,49250,47750,48050,12860,-0.024365482233502544
2023-11-22,47700,48000,46950,47450,10080,-0.012486992715920908
2023-11-23,47750,47750,46800,47400,5000,-0.0010537407797681642
2023-11-24,47400,48200,47100,48100,7890,0.014767932489451407
2023-11-27,47700,48150,47300,47300,2480,-0.016632016632016633
2023-11-28,47050,47600,47050,47400,5730,0.0021141649048626032
2023-11-29,47450,48000,46150,46550,13230,-0.01793248945147674
2023-11-30,46250,46550,45500,45750,9940,-0.017185821697099923
2023-12-01,47350,47350,45250,45450,11360,-0.006557377049180357
2023-12-04,45500,46000,45250,45600,4210,0.0033003300330032292
2023-12-05,46600,46600,45200,45850,4820,0.005482456140350811
2023-12-06,45500,45749,45300,45600,3970,-0.005452562704471142
2023-12-07,45600,45800,44200,44800,17960,-0.01754385964912286
2023-12-08,44850,44950,44400,44850,6330,0.0011160714285713969
2023-12-11,45550,45600,44800,45300,5300,0.010033444816053505
2023-12-12,45300,45950,45150,45700,6840,0.008830022075055233
2023-12-13,45900,45999,45200,45700,5410,0.0
2023-12-14,45650,47000,45250,46600,14410,0.01969365426695835
2023-12-15,46600,46600,45650,45900,6670,-0.015021459227467782
2023-12-18,45400,46000,44949,45200,9190,-0.015250544662309351
2023-12-19,45000,45800,44700,45800,7540,0.01327433628318575
2023-12-20,45650,45900,45250,45750,9160,-0.0010917030567685337
2023-12-21,45350,45750,44799,45750,21930,0.0
2023-12-22,56000,59400,52100,52900,247030,0.1562841530054644
2023-12-26,55300,59400,54400,58100,137470,0.09829867674858228
2023-12-27,58399,59300,57100,59000,50010,0.015490533562822817
2023-12-28,59200,63100,59100,60700,72360,0.028813559322034
2024-01-02,62400,62500,59800,62200,49430,0.02471169686985175
2024-01-03,61000,63500,56400,58800,95300,-0.054662379421221874
2024-01-04,59300,63400,53400,59000,361210,0.00340136054421758
2024-01-05,61600,64500,59700,60500,153670,0.025423728813559254
2024-01-08,60500,63100,57000,59600,52840,-0.014876033057851235
2024-01-09,60599,60599,59099,59700,24170,0.001677852348993314
2024-01-10,60099,60099,57900,59000,31940,-0.011725293132328285
2024-01-11,58600,58600,56600,57600,39830,-0.023728813559321993
2024-01-12,57600,59100,56800,58100,20920,0.00868055555555558
2024-01-15,58100,61000,57800,59800,43150,0.029259896729776358
2024-01-16,59800,59800,58500,59000,13450,-0.013377926421404673
2024-01-17,58900,58900,57800,57900,19520,-0.01864406779661021
2024-01-18,58100,58500,57500,58200,25780,0.005181347150259086
2024-01-19,58200,59699,57900,59100,18990,0.015463917525773141
2024-01-22,59900,59900,58200,58300,12000,-0.013536379018612488
2024-01-23,58500,58500,57300,57800,16020,-0.00857632933104635
2024-01-24,58100,58100,55900,56100,28890,-0.02941176470588236
2024-01-25,56100,57100,55000,56900,23240,0.01426024955436711
2024-01-26,56900,58800,56600,58000,16970,0.019332161687170446
2024-01-29,57900,58300,56000,56200,39170,-0.03103448275862064
2024-01-30,56400,56900,55600,56600,11320,0.007117437722419906
2024-01-31,57700,61600,57700,58700,77960,0.03710247349823326
2024-02-01,58800,59799,58000,58800,30920,0.0017035775127767216
2024-02-02,59000,59000,58000,58500,17450,-0.005102040816326481
2024-02-05,59400,59500,57400,58000,33210,-0.008547008547008517
2024-02-06,58000,58500,57000,57400,18190,-0.010344827586206917
2024-02-07,57400,57600,56600,57300,16550,-0.0017421602787456303
2024-02-08,57300,57300,56400,56800,13530,-0.008726003490401424
2024-02-13,56800,57200,56300,56600,13710,-0.0035211267605633756
2024-02-14,56400,57000,56000,56500,9440,-0.0017667844522968323
2024-02-15,56600,57900,56500,57300,13180,0.014159292035398341
2024-02-16,57500,57700,56900,57600,10810,0.005235602094240788
2024-02-19,58000,63200,57600,62000,93620,0.07638888888888884
2024-02-20,62100,63500,59800,61000,40420,-0.016129032258064502
2024-02-21,60500,61400,59900,60900,15320,-0.0016393442622950616
2024-02-22,60900,62200,60600,60700,17740,-0.003284072249589487
2024-02-23,60700,61000,59999,60200,13840,-0.008237232289950547
2024-02-26,60100,60300,58300,60000,30280,-0.0033222591362126463
2024-02-27,59800,60400,58500,58600,22700,-0.023333333333333317
2024-02-28,59100,59100,58200,58400,8520,-0.0034129692832765013
2024-02-29,58300,58600,57700,58200,10660,-0.003424657534246589
2024-03-04,58200,58200,57100,57300,16620,-0.015463917525773141
2024-03-05,57400,57400,56600,56700,12210,-0.010471204188481686
2024-03-06,56700,57500,56600,57100,4910,0.007054673721340388
2024-03-07,58400,58700,57200,58000,14780,0.015761821366024442
2024-03-08,57900,58300,57600,57800,13310,-0.0034482758620689724
2024-03-11,58000,58300,57800,58100,6180,0.00519031141868509
2024-03-12,58300,58800,57800,58300,19460,0.0034423407917383297
2024-03-13,58100,58400,57600,57900,15540,-0.006861063464837058
2024-03-14,58400,60100,58000,58800,29470,0.015544041450777257
2024-03-15,59100,61099,58599,60000,39930,0.020408163265306145
2024-03-18,60000,60000,58800,59100,19040,-0.015000000000000013
2024-03-19,59100,59100,58000,58200,16180,-0.015228426395939132
2024-03-20,58200,59800,58000,58400,12400,0.0034364261168384758
2024-03-21,58500,59200,58000,58400,17020,0.0
2024-03-22,58700,59900,58400,59700,15180,0.022260273972602773
2024-03-25,59500,59900,59100,59600,11850,-0.0016750418760469454
2024-03-26,59600,60600,59100,60500,19470,0.015100671140939603
2024-03-27,60100,60300,58700,58800,23260,-0.028099173553719048
2024-03-28,58800,59200,58300,58500,25100,-0.005102040816326481
2024-03-29,58700,59800,57400,57800,45190,-0.011965811965811923
2024-04-01,58300,58300,55400,55600,44030,-0.03806228373702425
2024-04-02,55800,55800,51800,53400,73950,-0.03956834532374098
2024-04-03,53300,54700,52500,52900,12800,-0.009363295880149836
2024-04-04,53500,53800,52800,53200,5790,0.005671077504725952
2024-04-05,53200,53600,52200,52200,11130,-0.018796992481203034
2024-04-08,52600,52600,49900,50200,34840,-0.03831417624521072
2024-04-09,50300,51600,50300,51200,9550,0.019920318725099584
2024-04-11,51200,52200,50500,51100,3600,-0.001953125
2024-04-12,51100,51100,49950,50600,18940,-0.009784735812133127
2024-04-15,50100,50100,49000,49950,19370,-0.012845849802371578
2024-04-16,49750,49750,47100,47700,44720,-0.04504504504504503
2024-04-17,47750,48400,46800,48400,10780,0.01467505241090139
2024-04-18,47950,49950,47950,49400,11150,0.02066115702479343
2024-04-19,49850,50300,48600,50100,11880,0.014170040485830038
2024-04-22,50100,51000,49800,50200,6300,0.001996007984031989
2024-04-23,50800,50800,49750,50000,5940,-0.003984063745019917
2024-04-24,50700,50700,49500,49800,11830,-0.0040000000000000036
2024-04-25,49850,50100,49650,50000,3730,0.004016064257028162
2024-04-26,50100,51000,49900,50900,7900,0.018000000000000016
2024-04-29,50900,51900,50500,51600,7170,0.013752455795677854
2024-04-30,51600,51900,51400,51700,4680,0.0019379844961240345
2024-05-02,51700,52100,51200,51700,8570,0.0
2024-05-03,52000,52000,50600,51100,10580,-0.011605415860735047
2024-05-07,51200,51200,49900,50000,11770,-0.021526418786692814
2024-05-08,50200,50500,49850,50500,3570,0.010000000000000009
2024-05-09,50600,50600,49850,50000,14860,-0.00990099009900991
2024-05-10,50100,50800,49850,50600,7280,0.01200000000000001
2024-05-13,50799,50799,50200,50400,4810,-0.0039525691699604515
2024-05-14,50400,50800,50200,50500,3120,0.001984126984126977
2024-05-16,50800,51200,50300,50900,3990,0.007920792079207928
2024-05-17,50900,54700,50600,53600,35230,0.05304518664047153
2024-05-20,53600,54000,51800,52200,12060,-0.026119402985074647
2024-05-21,51800,52400,51000,52300,7560,0.0019157088122605526
2024-05-22,52400,52600,51800,52400,6720,0.0019120458891013214
2024-05-23,52500,52800,51600,51800,5440,-0.011450381679389277
2024-05-24,51900,51900,50500,51400,8680,-0.007722007722007707
2024-05-27,50799,51300,49800,50400,15670,-0.01945525291828798
2024-05-28,50700,50700,49950,50200,7510,-0.003968253968253954
2024-05-29,50200,50300,49650,49900,8870,-0.005976095617529875
2024-05-30,49900,49900,49450,49600,8480,-0.006012024048096198
2024-05-31,49200,50400,49200,49500,13390,-0.0020161290322581182
2024-06-03,50300,50300,48600,49650,13160,0.003030303030302939
2024-06-04,49850,50400,49250,49300,10770,-0.007049345417925457
2024-06-05,49650,50100,49300,49750,6180,0.009127789046653234
2024-06-07,50500,50600,49400,49700,4980,-0.0010050251256281673
2024-06-10,49700,50800,49450,50500,12620,0.016096579476861272
2024-06-11,50000,51500,50000,51200,15420,0.013861386138613874
2024-06-12,51200,52100,50900,51300,9890,0.001953125
2024-06-13,51700,51700,50000,50600,11780,-0.013645224171540016
2024-06-14,50100,51800,50000,51300,11910,0.01383399209486158
2024-06-17,51800,51800,50600,51100,12860,-0.003898635477582846
2024-06-18,51200,51400,49900,50000,15030,-0.021526418786692814
2024-06-19,50000,50300,49450,50200,17290,0.0040000000000000036
2024-06-20,50500,50500,49750,50000,10600,-0.003984063745019917
2024-06-21,49999,54500,49950,52000,54800,0.040000000000000036
2024-06-24,52200,53100,51900,53100,37090,0.02115384615384608
2024-06-25,55500,56100,54400,55200,96630,0.039548022598870025
2024-06-26,55500,56700,54500,56400,36160,0.021739130434782705
2024-06-27,56300,57000,55900,56700,26020,0.005319148936170137
2024-06-28,56700,58300,56600,58000,45120,0.022927689594356204
2024-07-01,58000,58000,56600,57600,28940,-0.006896551724137945
2024-07-02,57800,59000,57600,58600,43630,0.01736111111111116
2024-07-03,58400,58700,57300,58500,14380,-0.0017064846416382506
2024-07-04,58400,58899,58200,58600,12150,0.0017094017094017033
2024-07-05,58900,59000,58000,58700,26580,0.0017064846416381396
2024-07-08,58700,59100,58200,58500,19270,-0.0034071550255536653
2024-07-09,58500,58500,57000,57500,27630,-0.017094017094017144
2024-07-10,58000,58000,55000,55400,42790,-0.03652173913043477
2024-07-11,55700,55700,54900,55100,13420,-0.005415162454873612
2024-07-12,55100,56000,55100,55600,15110,0.00907441016333932
2024-07-15,55200,56000,54600,55300,21950,-0.0053956834532373765
2024-07-16,55100,55600,54700,55500,14260,0.003616636528029016
2024-07-17,55300,55500,54500,54900,13720,-0.010810810810810811
2024-07-18,54900,55300,54300,55100,12020,0.0036429872495447047
2024-07-19,55200,55300,54600,55100,2660,0.0
2024-07-22,54600,55100,53700,54800,9880,-0.005444646098003658
2024-07-23,54300,55000,54000,54100,9270,-0.012773722627737238
2024-07-24,54100,54400,53700,54100,6470,0.0
2024-07-25,53700,53900,51600,51700,24940,-0.044362292051756014
2024-07-26,52500,54200,52100,53100,14050,0.027079303675048294
2024-07-29,53900,53900,52700,53000,4180,-0.0018832391713747842
2024-07-30,53199,53199,51900,52000,7420,-0.018867924528301883
2024-07-31,51900,53000,51600,52400,7280,0.007692307692307665
2024-08-01,53400,53400,52000,52400,4610,0.0
2024-08-02,52400,52600,50500,50800,21860,-0.03053435114503822
2024-08-05,48800,50400,47200,47500,70340,-0.06496062992125984
2024-08-06,48000,48900,47700,48450,28310,0.020000000000000018
2024-08-07,48950,51200,48550,50300,18270,0.03818369453044368
2024-08-08,51999,51999,49550,50000,6970,-0.005964214711729587
2024-08-09,49800,50300,49700,49750,8180,-0.0050000000000000044
2024-08-12,50800,50800,49750,50700,6830,0.019095477386934734
2024-08-13,50700,51000,50100,50400,3700,-0.00591715976331364
2024-08-14,51000,51800,50500,51400,9010,0.01984126984126977
2024-08-16,50400,50600,48700,49600,54990,-0.035019455252918275
2024-08-19,49599,49700,49000,49400,10190,-0.0040322580645161255
2024-08-20,49400,49550,48850,48900,13870,-0.010121457489878583
2024-08-21,48350,49000,48300,48500,13190,-0.008179959100204526
2024-08-22,49000,49350,48200,48650,4320,0.003092783505154628
2024-08-23,49000,49000,48199,48300,6390,-0.007194244604316502
2024-08-26,48800,48800,48099,48300,4720,0.0
2024-08-27,48300,49250,48250,49000,7760,0.01449275362318847
2024-08-28,48950,49400,48300,48800,10630,-0.004081632653061273
2024-08-29,48600,48650,47900,47900,20730,-0.018442622950819665
2024-08-30,48450,48500,47800,48350,3540,0.009394572025052117
2024-09-02,48800,48800,47850,47950,5830,-0.008273009307135482
2024-09-03,48250,48800,47750,48200,9250,0.005213764337852034
2024-09-04,47750,48150,47400,47400,10770,-0.016597510373444035
2024-09-05,47450,48100,47250,47300,7130,-0.002109704641350185
2024-09-06,47300,47999,46700,47100,8060,-0.0042283298097252064
2024-09-09,47000,48200,46500,47450,16440,0.007430997876857859
2024-09-10,55500,58100,51000,52900,381510,0.11485774499473123
2024-09-11,52200,54800,51600,52300,50420,-0.011342155009451793
2024-09-12,51700,52600,51100,52000,24630,-0.005736137667303964
2024-09-13,51900,54000,51600,53000,30220,0.019230769230769162
2024-09-19,52800,57100,52800,56200,64680,0.060377358490566024
2024-09-20,56100,57300,55200,55400,39580,-0.014234875444839812
2024-09-23,55400,57100,55000,56600,27090,0.02166064981949467
2024-09-24,56600,57100,56200,56900,17190,0.005300353356890497
2024-09-25,56900,57300,53200,56300,18230,-0.010544815465729385
2024-09-26,56600,57000,56400,56500,12830,0.003552397868561208
2024-09-27,56500,57200,56300,56800,24470,0.005309734513274433
2024-09-30,56700,57300,56700,57000,11770,0.0035211267605634866
2024-10-02,56400,57100,56100,56100,19500,-0.015789473684210575
2024-10-04,56100,57000,55900,56800,15140,0.012477718360071277
2024-10-07,56800,57100,56300,57000,14990,0.0035211267605634866
2024-10-08,56900,57200,56500,57100,11390,0.0017543859649122862
2024-10-10,57400,58100,57100,57400,12390,0.005253940455341555
2024-10-11,57400,58000,57100,57700,13990,0.005226480836237002
2024-10-14,57700,58100,57500,57700,16540,0.0
2024-10-15,57800,57900,57500,57800,12570,0.0017331022530329143
2024-10-16,57500,57900,57500,57800,11900,0.0
2024-10-17,57800,57900,57600,57900,12670,0.0017301038062282892
2024-10-18,57700,58000,57200,57600,15580,-0.005181347150259086
2024-10-21,57900,58100,57300,58000,15340,0.00694444444444442
2024-10-22,57600,59600,57600,59300,30860,0.022413793103448265
2024-10-23,59000,60100,58700,59500,26150,0.003372681281618828
2024-10-24,62200,64500,60800,63500,89480,0.0672268907563025
2024-10-25,63500,66400,62800,65900,43410,0.03779527559055129
2024-10-28,65900,67000,63100,64300,39380,-0.02427921092564489
2024-10-29,64300,66100,63699,65900,23990,0.02488335925349916
2024-10-30,65900,68200,65099,67500,40120,0.02427921092564489
2024-10-31,66700,69600,66400,69100,46900,0.023703703703703782
2024-11-01,69100,70300,67900,68400,43190,-0.01013024602026047
2024-11-04,68400,70000,67300,69500,23280,0.016081871345029253
2024-11-05,70000,72000,69800,70400,34270,0.012949640287769792
2024-11-06,71000,71500,70200,70600,27770,0.0028409090909091717
2024-11-07,70400,70600,67300,68700,41740,-0.026912181303116123
2024-11-08,0,0,0,68700,0,0.0
2024-11-11,0,0,0,68700,0,0.0
2024-11-12,0,0,0,68700,0,0.0
2024-11-13,0,0,0,68700,0,0.0
2024-11-14,0,0,0,68700,0,0.0
2024-11-15,0,0,0,68700,0,0.0
2024-11-18,0,0,0,68700,0,0.0
2024-11-19,0,0,0,68700,0,0.0
2024-11-20,68300,70600,61300,67700,77451,-0.01455604075691408
2024-11-21,67700,69100,61500,61600,54180,-0.0901033973412112
2024-11-22,62900,64700,61300,63400,44089,0.02922077922077926
2024-11-25,64200,66900,64000,66200,29944,0.04416403785488954
2024-11-26,66200,67000,65700,66600,16782,0.0060422960725075026
2024-11-27,66800,69200,66700,67700,21902,0.016516516516516422
2024-11-28,68300,69200,67600,67900,19055,0.002954209748892156
2024-11-29,68500,69100,67900,68100,20002,0.002945508100147265
2024-12-02,68100,68500,65600,68100,19751,0.0
2024-12-03,68900,71300,68300,70100,27254,0.029368575624082238
2024-12-04,68000,70300,68000,69600,17575,-0.007132667617689048
2024-12-05,69500,70400,68100,68200,13833,-0.02011494252873558
2024-12-06,68500,68500,63900,64700,39676,-0.0513196480938416
2024-12-09,62300,64000,58000,60200,55810,-0.06955177743431218
2024-12-10,60200,62500,60200,61400,19598,0.019933554817275656
2024-12-11,62700,63500,61500,63200,11705,0.02931596091205213
2024-12-12,64000,64000,61500,63300,24483,0.0015822784810126667
2024-12-13,63300,63400,61500,61600,15790,-0.026856240126382325
2024-12-16,63800,65400,60700,61000,28962,-0.009740259740259716
2024-12-17,61800,63500,61000,62500,9804,0.024590163934426146
2024-12-18,62400,63700,62400,63100,8685,0.009600000000000053
2024-12-19,61900,63400,61600,62000,12596,-0.017432646592709933
2024-12-20,61600,61700,59200,59200,16129,-0.04516129032258065
2024-12-23,59700,60100,56300,58400,33343,-0.013513513513513487
2024-12-24,58800,59000,58000,58300,13971,-0.001712328767123239
2024-12-26,58600,59900,58300,58500,9858,0.0034305317324185847
2024-12-27,57900,59000,57500,58500,7776,0.0
2024-12-30,58300,60200,58300,58700,6707,0.0034188034188034067
2025-01-02,59600,60300,58800,59600,7898,0.015332197614991383
2025-01-03,60300,60500,59100,60300,6253,0.011744966442952975
2025-01-06,60600,61200,60300,61000,10000,0.011608623548922115
2025-01-07,61600,62700,61100,62000,9063,0.016393442622950838
2025-01-08,62200,63600,62000,62800,9069,0.012903225806451646
2025-01-09,62900,63700,60600,61000,17404,-0.0286624203821656
2025-01-10,61000,61800,60800,61400,7867,0.006557377049180246
2025-01-13,61300,63000,61200,62900,10940,0.02442996742671011
2025-01-14,62900,64000,62900,63800,8151,0.014308426073131875
2025-01-15,64300,64500,63600,64400,10312,0.00940438871473348
2025-01-16,64400,65200,64100,65000,17442,0.009316770186335477
2025-01-17,65700,67200,65000,66800,30820,0.027692307692307683
2025-01-20,66900,68800,66900,67600,14988,0.011976047904191711
2025-01-21,67900,68200,67500,67900,9408,0.004437869822485174
2025-01-22,68200,68200,64200,65600,27758,-0.03387334315169366
2025-01-23,65600,65800,63100,63900,19169,-0.02591463414634143
2025-01-24,64300,66300,63900,66000,12130,0.032863849765258246
2025-01-31,65400,66500,64900,66400,11191,0.0060606060606061
2025-02-03,65700,65700,63500,64100,15949,-0.034638554216867457
2025-02-04,64100,65400,64000,64000,9386,-0.0015600624024960652
2025-02-05,64800,64800,63800,63900,8553,-0.0015625000000000222
2025-02-06,64400,65200,60300,63200,11139,-0.010954616588419452
2025-02-07,63200,63700,61600,62200,8044,-0.015822784810126556
2025-02-10,61900,64300,61500,63100,6672,0.014469453376205754
2025-02-11,65800,69500,64700,69000,65814,0.09350237717908083
2025-02-12,69800,71100,67700,70500,40735,0.021739130434782705
2025-02-13,70400,70400,68300,69000,14727,-0.021276595744680882
2025-02-14,69000,69700,67900,68900,26640,-0.0014492753623188692
2025-02-17,69500,72000,69400,71900,34196,0.04354136429608135
2025-02-18,71900,73300,71800,72300,15562,0.0055632823365785455
2025-02-19,75600,78500,74300,77000,84287,0.06500691562932226
2025-02-20,77000,77700,75100,76800,20320,-0.0025974025974025983
2025-02-21,76800,77200,74000,75200,20836,-0.02083333333333337
2025-02-24,75200,76700,73800,76600,19816,0.018617021276595702
2025-02-25,76600,78900,75200,76300,19790,-0.003916449086161844
2025-02-26,76300,77200,75500,76500,18764,0.002621231979030192
2025-02-27,76500,77000,75500,76000,13789,-0.006535947712418277
2025-02-28,76000,76500,74700,75800,19598,-0.0026315789473684292
2025-03-04,75700,76800,74000,76400,17302,0.0079155672823219
2025-03-05,76400,77500,76300,76800,14510,0.005235602094240788
2025-03-06,77000,77000,73700,74000,28519,-0.03645833333333337
2025-03-07,74000,76800,73800,75400,20359,0.018918918918918948
2025-03-10,75400,75900,74000,74200,14792,-0.01591511936339518
2025-03-11,73300,74400,72100,74200,15220,0.0
2025-03-12,73600,75100,73600,74200,8200,0.0
2025-03-13,74600,74800,72100,72800,13574,-0.018867924528301883
2025-03-14,73300,73700,72500,72500,9420,-0.004120879120879106
2025-03-17,73000,73400,71300,72300,16420,-0.0027586206896551557
2025-03-18,72300,73400,71800,73300,13166,0.013831258644536604
2025-03-19,73700,73700,71200,71700,12639,-0.021828103683492528
2025-03-20,72200,72500,70700,71000,11954,-0.009762900976290068
2025-03-21,71000,72700,70300,71900,16745,0.012676056338028152
2025-03-24,72100,72100,70800,70800,7707,-0.015299026425591111
2025-03-25,70800,72300,70300,70500,14167,-0.004237288135593209
2025-03-26,70500,71900,70500,71300,8472,0.01134751773049647
2025-03-27,71100,72700,71000,71500,13942,0.0028050490883591017
2025-03-28,71300,72300,70900,71000,6275,-0.006993006993006978
2025-03-31,70600,71800,69500,69900,16077,-0.015492957746478853
2025-04-01,69000,72400,69000,71700,8409,0.025751072961373467
2025-04-02,72300,73600,71200,71900,9221,0.002789400278939924
2025-04-03,72900,72900,70200,72000,8444,0.0013908205841446364
2025-04-04,71700,72200,71500,71800,6709,-0.002777777777777768
2025-04-07,71700,71700,68900,69000,12935,-0.03899721448467963
2025-04-08,71500,71500,68500,68500,7815,-0.007246376811594235
2025-04-09,69100,70200,68500,69400,8626,0.013138686131386912
2025-04-10,69200,70900,69200,69700,10494,0.004322766570605152
2025-04-11,70000,70000,67500,68700,18133,-0.01434720229555242
2025-04-14,69000,69800,68100,68800,17183,0.0014556040756914523
2025-04-15,68800,70200,67900,69700,7970,0.013081395348837122
2025-04-16,69600,71900,69100,71600,11018,0.027259684361549574
2025-04-17,71600,72300,70900,72200,8677,0.008379888268156499
2025-04-18,72200,73900,72000,72500,19616,0.0041551246537396835
2025-04-21,73000,73400,72600,73000,5371,0.006896551724137945
2025-04-22,72900,73400,71600,73000,7378,0.0
2025-04-23,73000,73100,72300,73000,7866,0.0
2025-04-24,73000,73600,72300,73500,10248,0.006849315068493178
2025-04-25,73400,74500,72400,72600,8259,-0.01224489795918371
2025-04-28,73400,74900,72700,74800,12957,0.030303030303030276
2025-04-29,74800,78500,74800,78300,20524,0.046791443850267456
2025-04-30,78300,78800,75900,76100,10579,-0.028097062579821253
2025-05-02,76100,79500,76100,78400,22615,0.030223390275952777
2025-05-07,79000,80000,77300,79800,13207,0.017857142857142794
2025-05-08,79900,82100,79800,82000,21303,0.027568922305764465
2025-05-09,82000,83800,80900,81200,17690,-0.009756097560975618
2025-05-12,81200,82200,80000,82100,14072,0.011083743842364546
2025-05-13,82000,82200,80500,81700,15158,-0.00487210718635811
2025-05-14,81200,81700,80100,80400,13292,-0.01591187270501837
2025-05-15,82100,82400,80400,82000,10563,0.01990049751243772
2025-05-16,79500,80900,74500,76700,34462,-0.06463414634146336
2025-05-19,77700,78000,74700,77500,18187,0.010430247718383301
2025-05-20,77600,79100,76400,77900,12899,0.005161290322580614
2025-05-21,77900,78600,77000,77700,10227,-0.0025673940949936247
2025-05-22,77700,78800,76100,76900,15909,-0.01029601029601035
2025-05-23,77300,78100,75000,76000,21134,-0.011703511053316018
2025-05-26,77000,77900,76400,77700,13965,0.022368421052631593
2025-05-27,78800,78800,76600,76600,12190,-0.014157014157014203
2025-05-28,77100,77500,75600,76200,8851,-0.005221932114882533
2025-05-29,77200,77200,75400,75900,6840,-0.003937007874015741
2025-05-30,75800,77000,75200,75400,7878,-0.006587615283267456
2025-06-02,76200,76200,73700,73700,8991,-0.022546419098143256
2025-06-04,74000,75600,73000,74900,17444,0.016282225237449044
2025-06-05,74900,75900,73300,74900,12921,0.0
2025-06-09,74000,76000,74000,75000,14253,0.001335113484646211
2025-06-10,75100,75100,71200,72200,32658,-0.03733333333333333
2025-06-11,72900,72900,70400,71800,30031,-0.005540166204986097
2025-06-12,71100,73000,70400,70600,18838,-0.01671309192200554
2025-06-13,70600,71100,68400,69000,25378,-0.022662889518413554
2025-06-16,69000,69400,68000,69200,9461,0.0028985507246377384
2025-06-17,69800,69800,67100,67500,16470,-0.024566473988439252
2025-06-18,67900,67900,66500,67000,9158,-0.007407407407407418
2025-06-19,67500,67500,65000,65900,7412,-0.016417910447761197
2025-06-20,65900,67500,65800,66400,30206,0.007587253414264028
2025-06-23,66600,67900,64700,65400,6247,-0.015060240963855387
2025-06-24,65700,66100,65400,65900,4979,0.007645259938837912
2025-06-25,66400,66500,64100,64800,14110,-0.01669195751138086
2025-06-26,64400,67000,61900,63100,34423,-0.026234567901234573
2025-06-27,63300,64100,63000,63500,7590,0.006339144215530945
2025-06-30,63500,65000,63500,64300,6985,0.012598425196850505
2025-07-01,64500,65400,63800,64900,12321,0.009331259720062102
2025-07-02,65300,65700,64000,65300,8143,0.006163328197226425
2025-07-03,65300,65600,63700,65200,9128,-0.0015313935681470214
2025-07-04,65300,65700,64000,64200,6309,-0.015337423312883458
2025-07-07,64200,65400,63800,65400,4245,0.01869158878504673
2025-07-08,65400,65600,64600,64800,3773,-0.00917431192660545
2025-07-09,64900,71000,64900,67200,27241,0.03703703703703698
2025-07-10,67300,68500,66200,66400,8723,-0.011904761904761862
2025-07-11,67200,67200,66100,66600,7033,0.003012048192771122
2025-07-14,67000,67400,66200,66600,4357,0.0
2025-07-15,66800,67100,66000,66000,4666,-0.009009009009009028
2025-07-16,66100,66100,65200,65800,4394,-0.00303030303030305
2025-07-17,65700,65800,64800,65800,6750,0.0
2025-07-18,65300,65500,64800,65400,3367,-0.006079027355623046
2025-07-21,65200,65500,64300,64400,3542,-0.015290519877675823
2025-07-22,64800,65300,64400,64900,4058,0.007763975155279601
2025-07-23,65400,65400,64000,64300,2913,-0.009244992295839749
2025-07-24,64900,64900,63600,63600,3097,-0.010886469673405896
2025-07-25,63000,64000,63000,63600,5060,0.0
2025-07-28,64200,64200,61500,62000,14195,-0.02515723270440251
2025-07-29,62900,62900,60900,62100,10205,0.001612903225806539
2025-07-30,62400,63700,62000,62300,6777,0.0032206119162641045
2025-07-31,62600,62600,61000,62400,6301,0.0016051364365972098
2025-08-01,62200,62200,60100,60300,4981,-0.033653846153846145
2025-08-04,60100,61400,59700,61000,5011,0.011608623548922115
2025-08-05,61500,62000,60500,61100,2427,0.0016393442622950616
2025-08-06,61100,62100,60900,61700,1634,0.009819967266775809
2025-08-07,61700,61700,61200,61700,2851,0.0
2025-08-08,62100,62100,61100,61100,1001,-0.00972447325769854
2025-08-11,61100,61100,60500,60800,5886,-0.004909983633387904
2025-08-12,60800,61300,60400,60500,3247,-0.004934210526315819
2025-08-13,60600,61200,60500,60800,4868,0.0049586776859504855
2025-08-14,60800,61100,60000,60300,3256,-0.008223684210526327
2025-08-18,60000,60000,57800,58000,9148,-0.03814262023217252
2025-08-19,59100,59300,57900,58300,4024,0.005172413793103514
2025-08-20,58400,58900,57200,58900,4488,0.010291595197255532
2025-08-21,58900,59400,58200,58800,5605,-0.001697792869269965
2025-08-22,58300,59300,58300,58500,3829,-0.005102040816326481
2025-08-25,58500,59000,58200,58300,1949,-0.0034188034188034067
2025-08-26,58500,58500,55500,56600,9409,-0.029159519725557415
2025-08-27,56900,56900,56000,56900,2566,0.005300353356890497
2025-08-28,56700,57000,56000,56900,2198,0.0
2025-08-29,57200,57200,56000,56800,5556,-0.0017574692442882123
2025-09-01,56500,57000,55900,56200,4630,-0.010563380281690127
2025-09-02,55700,56600,55100,55700,5416,-0.008896797153024938
2025-09-03,56100,56400,55700,56300,2865,0.010771992818671361
2025-09-04,57000,57200,56100,56700,1455,0.007104795737122638
2025-09-05,56700,57200,56200,57200,3105,0.008818342151675429
2025-09-08,56900,57000,56200,56300,1599,-0.01573426573426573
2025-09-09,56200,57200,56200,56400,2235,0.001776198934280604
2025-09-10,56400,56900,56300,56400,1468,0.0
2025-09-11,57400,57400,56200,56400,2756,0.0
2025-09-12,56500,57200,56300,56600,1553,0.0035460992907800915
2025-09-15,57300,59700,57300,59500,9188,0.051236749116607694
2025-09-16,60100,60100,59000,59400,4754,-0.001680672268907557
2025-09-17,59300,60100,58900,59200,7075,-0.0033670033670033517
2025-09-18,59800,59800,58400,59100,3986,-0.0016891891891891442
2025-09-19,59000,59100,58000,58000,5289,-0.0186125211505922
2025-09-22,58000,59200,57200,58100,3391,0.0017241379310344307
2025-09-23,58000,58100,57200,58000,3521,-0.0017211703958691649
2025-09-24,57700,57700,55800,57000,6563,-0.017241379310344862
2025-09-25,57000,57000,55400,55800,7583,-0.021052631578947323
2025-09-26,55800,55800,54600,55000,4702,-0.014336917562724039
2025-09-29,55200,55900,54700,54800,1980,-0.0036363636363636598
2025-09-30,54800,56000,54500,54700,3177,-0.0018248175182481452
2025-10-01,54700,54700,53900,54400,3851,-0.005484460694698323
2025-10-02,54900,54900,54200,54300,2615,-0.0018382352941176405
2025-10-10,54500,54500,53600,53700,5263,-0.011049723756906049
2025-10-13,53700,54400,52800,53200,5319,-0.009310986964618295
2025-10-14,53500,55800,52800,55600,12366,0.04511278195488733
2025-10-15,56000,56300,55200,56000,5942,0.007194244604316502
2025-10-16,56900,56900,55700,56200,3947,0.0035714285714285587
2025-10-17,56400,56400,54500,55500,5117,-0.01245551601423489
2025-10-20,55500,56000,54900,55300,3505,-0.003603603603603567
2025-10-21,55300,55500,54800,55200,4798,-0.001808318264014508
2025-10-22,55300,55700,54900,55600,3405,0.007246376811594235
2025-10-23,57000,57000,55100,55400,6047,-0.003597122302158251
2025-10-24,55700,56200,55100,55400,2003,0.0
2025-10-27,55400,56700,54400,55000,9183,-0.0072202166064981865
2025-10-28,55200,55200,54300,55000,3154,0.0
2025-10-29,54700,54700,54000,54400,4626,-0.010909090909090868
2025-10-30,54400,54500,53400,53400,5306,-0.018382352941176516
2025-10-31,53200,53200,51200,51500,10895,-0.035580524344569264
2025-11-03,51900,52100,49850,51000,19574,-0.009708737864077666
2025-11-04,50400,51900,50400,51100,4815,0.0019607843137254832
2025-11-05,51100,51800,50000,50500,8087,-0.011741682974559686
2025-11-06,51300,52000,50700,51700,4953,0.023762376237623783
2025-11-07,51700,51700,49700,50600,9017,-0.021276595744680882
2025-11-10,50700,52100,50700,51500,5432,0.01778656126482203
2025-11-11,52100,52100,50900,50900,3187,-0.011650485436893177
2025-11-12,51200,52000,51000,51700,7364,0.015717092337917515
2025-11-13,51700,52500,51600,52300,5681,0.011605415860735047
2025-11-14,52000,53100,51400,52100,5884,-0.003824091778202643
2025-11-17,52200,52900,51000,51400,2285,-0.013435700575815779
2025-11-18,51700,51700,50000,50700,6477,-0.013618677042801508
2025-11-19,51000,51600,50000,50400,5207,-0.00591715976331364
2025-11-20,52600,52700,50400,51100,5624,0.01388888888888884
2025-11-21,51000,51800,50700,51400,4440,0.005870841487279899
2025-11-24,50500,51600,50300,50400,4949,-0.01945525291828798
2025-11-25,50600,50800,49800,50000,5539,-0.007936507936507908
2025-11-26,50300,50900,50000,50700,3676,0.014000000000000012
2025-11-27,50700,51500,50700,51400,3908,0.013806706114398493
2025-11-28,51600,51700,51200,51700,3057,0.005836575875486361
2025-12-01,51700,52800,50900,50900,3119,-0.015473887814313358
2025-12-02,50900,51200,50800,50900,2427,0.0
2025-12-03,51400,51900,51000,51500,3409,0.011787819253438192
2025-12-04,51500,51900,50400,50500,8151,-0.01941747572815533
2025-12-05,50600,50700,49950,50200,12230,-0.005940594059405946
2025-12-08,50200,50500,49800,50100,4379,-0.0019920318725099584
2025-12-09,50100,50100,49700,50000,2331,-0.001996007984031989
2025-12-10,50100,50300,49900,49950,4734,-0.0010000000000000009
2025-12-11,50000,50800,49850,50500,7620,0.011011011011011096
2025-12-12,50500,50900,50100,50200,4155,-0.005940594059405946
2025-12-15,50200,50600,49800,50100,10169,-0.0019920318725099584
2025-12-16,50100,50500,49550,49800,7012,-0.005988023952095856
2025-12-17,49950,50500,49800,50500,4489,0.014056224899598346
2025-12-18,50000,51100,50000,50800,6168,0.005940594059405946
2025-12-19,51600,51600,50800,51400,4261,0.011811023622047223
2025-12-22,51300,52100,51100,51300,4342,-0.0019455252918287869
2025-12-23,51500,51900,51000,51300,3226,0.0
2025-12-24,51800,51900,51000,51600,3652,0.005847953216374213
2025-12-26,51800,51800,50700,51100,3133,-0.009689922480620172
2025-12-29,51200,51800,50000,50800,3284,-0.005870841487279899
2025-12-30,51400,51400,50100,50100,9200,-0.013779527559055094
2026-01-02,50200,51300,50000,50200,8773,0.001996007984031989
2026-01-05,50500,51000,50000,50300,8192,0.0019920318725099584
2026-01-06,50500,50500,49900,50100,5867,-0.003976143141153132
2026-01-07,50600,50600,49950,50100,9063,0.0
2026-01-08,50200,50500,49950,50000,6304,-0.001996007984031989
2026-01-09,50200,50300,49850,49850,7585,-0.0030000000000000027
2026-01-12,49900,50100,49050,49450,7982,-0.008024072216649913
2026-01-13,49200,49650,49200,49500,4041,0.0010111223458038054
2026-01-14,49100,50500,49100,50200,3973,0.014141414141414232
2026-01-15,49800,50700,49800,50500,3120,0.005976095617529875
2026-01-16,50800,50900,49900,50000,7428,-0.00990099009900991
2026-01-19,50600,51300,50200,51100,9536,0.02200000000000002
2026-01-20,51200,52000,50100,51700,7454,0.011741682974559797
2026-01-21,51000,51300,50100,50500,7951,-0.023210831721469982
2026-01-22,50600,51200,49850,49850,8446,-0.012871287128712883
2026-01-23,51900,51900,49600,50000,7445,0.0030090270812437314
2026-01-26,50000,50400,49600,49900,6738,-0.0020000000000000018
2026-01-27,49950,49950,48100,48300,56580,-0.03206412825651306
2026-01-28,48800,48800,48000,48100,16175,-0.0041407867494823725
2026-01-29,48100,48250,47650,48150,16174,0.0010395010395010118
2026-01-30,47900,48300,47750,47850,10134,-0.006230529595015577
2026-02-02,47700,51200,47000,47200,18663,-0.013584117032392928
2026-02-03,48200,48250,47750,47900,4802,0.014830508474576343
2026-02-04,48200,48850,47500,48800,11729,0.018789144050104456
2026-02-05,48700,50800,48700,49900,27156,0.02254098360655732
2026-02-06,49900,53200,46000,48900,23099,-0.02004008016032066
