Date,Open,High,Low,Close,Volume,Change
2022-01-03,11700,11700,11450,11500,76198,-0.012875536480686733
2022-01-04,11500,11600,11450,11600,57604,0.008695652173912993
2022-01-05,11650,11650,11450,11500,55724,-0.008620689655172376
2022-01-06,11400,11450,11100,11250,104514,-0.021739130434782594
2022-01-07,11250,11350,11250,11350,39144,0.008888888888888946
2022-01-10,11350,11350,11200,11250,49718,-0.008810572687224627
2022-01-11,11250,11450,11250,11350,54064,0.008888888888888946
2022-01-12,11400,11450,11350,11400,36245,0.004405286343612369
2022-01-13,11400,11400,11300,11350,37323,-0.004385964912280715
2022-01-14,11350,11350,11250,11300,26098,-0.004405286343612369
2022-01-17,11350,11350,11150,11150,41627,-0.013274336283185861
2022-01-18,11150,11250,11100,11150,34855,0.0
2022-01-19,11150,11150,11000,11100,46481,-0.004484304932735439
2022-01-20,11100,11150,11000,11100,37995,0.0
2022-01-21,11100,11100,10950,11000,45638,-0.009009009009009028
2022-01-24,10950,10950,10650,10700,91055,-0.027272727272727226
2022-01-25,10700,10700,10250,10400,131482,-0.028037383177570097
2022-01-26,10350,10650,10300,10550,84228,0.014423076923076872
2022-01-27,10550,10650,10350,10350,77164,-0.018957345971563955
2022-01-28,10300,10700,10300,10600,64176,0.024154589371980784
2022-02-03,10450,10850,10450,10750,134600,0.014150943396226356
2022-02-04,10750,10800,10700,10800,36859,0.0046511627906977715
2022-02-07,10800,10850,10650,10700,48039,-0.0092592592592593
2022-02-08,10750,10900,10700,10700,70137,0.0
2022-02-09,10800,10950,10750,10950,46409,0.02336448598130847
2022-02-10,11000,11000,10850,11000,29333,0.004566210045662045
2022-02-11,11000,11000,10850,11000,28510,0.0
2022-02-14,10900,11000,10800,10950,54629,-0.004545454545454519
2022-02-15,10850,10950,10800,10850,37388,-0.0091324200913242
2022-02-16,10900,11000,10900,10900,16847,0.004608294930875667
2022-02-17,10900,11000,10900,10900,34141,0.0
2022-02-18,10850,10950,10800,10900,16669,0.0
2022-02-21,10850,10900,10750,10850,20145,-0.004587155963302725
2022-02-22,10850,10850,10700,10800,42210,-0.004608294930875556
2022-02-23,10750,10900,10750,10800,35440,0.0
2022-02-24,10750,10800,10600,10600,52813,-0.01851851851851849
2022-02-25,10650,10800,10600,10700,30782,0.009433962264151052
2022-02-28,10700,10800,10700,10700,31047,0.0
2022-03-02,10700,10900,10650,10900,56409,0.01869158878504673
2022-03-03,11100,11200,10900,11150,89305,0.022935779816513735
2022-03-04,11150,11300,11100,11200,61167,0.004484304932735439
2022-03-07,11200,11250,11000,11000,92683,-0.017857142857142905
2022-03-08,10900,11150,10900,11050,75033,0.00454545454545463
2022-03-10,11200,11300,11050,11100,48542,0.004524886877828038
2022-03-11,11100,11150,11000,11100,36737,0.0
2022-03-14,11150,11200,11100,11200,53442,0.009009009009008917
2022-03-15,11200,11250,11000,11150,51429,-0.004464285714285698
2022-03-16,11200,11200,11050,11150,33153,0.0
2022-03-17,11200,11400,11150,11250,63366,0.008968609865470878
2022-03-18,11300,11350,11150,11200,48853,-0.004444444444444473
2022-03-21,11300,11300,11150,11200,40376,0.0
2022-03-22,11200,11350,11200,11250,59124,0.0044642857142858094
2022-03-23,11300,11350,11200,11250,46401,0.0
2022-03-24,11250,11350,11250,11350,41959,0.008888888888888946
2022-03-25,11350,11400,11300,11350,54281,0.0
2022-03-28,11350,11350,11250,11300,56455,-0.004405286343612369
2022-03-29,11300,11400,11250,11350,75923,0.004424778761061843
2022-03-30,11300,11350,11250,11300,68838,-0.004405286343612369
2022-03-31,11300,11400,11300,11300,49858,0.0
2022-04-01,11300,11400,11250,11400,68850,0.008849557522123908
2022-04-04,11400,11450,11300,11450,136759,0.004385964912280604
2022-04-05,11450,11500,11350,11400,71569,-0.004366812227074246
2022-04-06,11400,11400,11300,11350,54053,-0.004385964912280715
2022-04-07,11200,11350,11200,11300,57348,-0.004405286343612369
2022-04-08,11350,11400,11250,11350,38312,0.004424778761061843
2022-04-11,11350,11400,11300,11350,52641,0.0
2022-04-12,11350,11400,11250,11250,86388,-0.008810572687224627
2022-04-13,11250,11450,11250,11400,70746,0.01333333333333342
2022-04-14,11400,11450,11350,11400,57797,0.0
2022-04-15,11400,11400,11250,11300,93289,-0.00877192982456143
2022-04-18,11250,11300,11200,11300,44130,0.0
2022-04-19,11300,11350,11200,11250,37623,-0.004424778761061954
2022-04-20,11250,11250,11150,11250,70003,0.0
2022-04-21,11250,11250,11150,11200,65018,-0.004444444444444473
2022-04-22,11100,11150,11000,11100,116880,-0.008928571428571397
2022-04-25,10900,11100,10900,10900,88834,-0.018018018018018056
2022-04-26,10950,11050,10900,10950,42070,0.004587155963302836
2022-04-27,10850,10850,10750,10800,57804,-0.013698630136986356
2022-04-28,10800,10800,10500,10600,112033,-0.01851851851851849
2022-04-29,10600,10700,10550,10550,91782,-0.004716981132075526
2022-05-02,10550,10750,10500,10700,34043,0.014218009478673022
2022-05-03,10700,10850,10700,10800,28482,0.009345794392523255
2022-05-04,10800,10850,10750,10800,48216,0.0
2022-05-06,10750,10800,10600,10600,54387,-0.01851851851851849
2022-05-09,10650,10650,10500,10500,51884,-0.009433962264150941
2022-05-10,10500,10500,10200,10400,91436,-0.00952380952380949
2022-05-11,10450,10450,10250,10350,51391,-0.004807692307692291
2022-05-12,10300,10350,10000,10300,103998,-0.004830917874396157
2022-05-13,10300,10350,10200,10350,62717,0.004854368932038833
2022-05-16,10350,10450,10300,10350,71859,0.0
2022-05-17,10300,10400,10300,10400,27076,0.004830917874396157
2022-05-18,10450,10450,10350,10400,31285,0.0
2022-05-19,10300,10450,10200,10300,48437,-0.009615384615384581
2022-05-20,10350,10400,10300,10300,37100,0.0
2022-05-23,10350,10350,10300,10300,22584,0.0
2022-05-24,10350,10400,10300,10300,29317,0.0
2022-05-25,10300,10350,10200,10300,58876,0.0
2022-05-26,10300,10350,10200,10300,77761,0.0
2022-05-27,10350,10450,10300,10400,68371,0.009708737864077666
2022-05-30,10500,10650,10450,10600,46213,0.019230769230769162
2022-05-31,10600,10750,10600,10700,41251,0.009433962264151052
2022-06-02,10700,10750,10500,10650,71989,-0.004672897196261627
2022-06-03,10650,10700,10550,10600,65308,-0.0046948356807511304
2022-06-07,10600,10600,10500,10500,19048,-0.009433962264150941
2022-06-08,10550,10600,10450,10450,26948,-0.004761904761904745
2022-06-09,10450,10600,10350,10550,36351,0.009569377990430672
2022-06-10,10400,10650,10350,10650,60813,0.009478672985782088
2022-06-13,10450,10500,10250,10250,52498,-0.03755868544600938
2022-06-14,10150,10150,10000,10150,99574,-0.009756097560975618
2022-06-15,10150,10150,9990,10000,72702,-0.014778325123152691
2022-06-16,10050,10200,10000,10050,49582,0.004999999999999893
2022-06-17,9950,10000,9880,9970,65899,-0.007960199004975133
2022-06-20,9970,9970,9550,9600,88158,-0.03711133400200606
2022-06-21,9600,9670,9510,9660,52066,0.006250000000000089
2022-06-22,9710,9710,9300,9300,62088,-0.037267080745341574
2022-06-23,9360,9390,9060,9130,101486,-0.018279569892473146
2022-06-24,9130,9310,9100,9310,57808,0.019715224534501585
2022-06-27,9580,9580,9310,9390,35586,0.00859291084854985
2022-06-28,9410,9430,9300,9340,35474,-0.005324813631522929
2022-06-29,9340,9340,9230,9280,24839,-0.0064239828693790635
2022-06-30,9280,9280,9160,9180,34603,-0.010775862068965525
2022-07-01,9200,9310,9180,9190,28501,0.0010893246187364536
2022-07-04,9190,9250,9140,9230,20762,0.0043525571273121955
2022-07-05,9200,9330,9200,9320,19289,0.009750812567713929
2022-07-06,9390,9390,9200,9220,24131,-0.010729613733905574
2022-07-07,9220,9300,9120,9170,53214,-0.005422993492407824
2022-07-08,9180,9260,9180,9210,23921,0.004362050163576825
2022-07-11,9230,9230,9130,9180,29613,-0.0032573289902280145
2022-07-12,9180,9180,9000,9060,44809,-0.013071895424836555
2022-07-13,9070,9080,9010,9050,25682,-0.001103752759381904
2022-07-14,9050,9050,8970,9030,33177,-0.0022099447513812542
2022-07-15,9090,9120,8950,9080,37962,0.005537098560354448
2022-07-18,9160,9290,9140,9290,47335,0.02312775330396466
2022-07-19,9290,9330,9210,9240,29575,-0.005382131324004336
2022-07-20,9350,9450,9350,9430,19075,0.02056277056277067
2022-07-21,9500,9500,9390,9450,18357,0.0021208907741250282
2022-07-22,9450,9510,9430,9430,21827,-0.002116402116402072
2022-07-25,9430,9540,9430,9490,35567,0.006362672322375307
2022-07-26,9500,9570,9450,9480,24236,-0.0010537407797681642
2022-07-27,9530,9580,9470,9570,15001,0.009493670886076
2022-07-28,9680,9690,9590,9590,25339,0.002089864158829613
2022-07-29,9630,9780,9630,9760,34792,0.01772679874869665
2022-08-01,9850,9850,9690,9800,28148,0.004098360655737654
2022-08-02,9800,9810,9720,9780,17850,-0.0020408163265306367
2022-08-03,9770,9780,9700,9700,28358,-0.008179959100204526
2022-08-04,9740,9770,9650,9700,60223,0.0
2022-08-05,9730,9900,9690,9860,51326,0.016494845360824684
2022-08-08,9880,9900,9810,9820,42426,-0.0040567951318458695
2022-08-09,9820,9890,9820,9880,28398,0.006109979633401208
2022-08-10,9880,9900,9840,9840,27155,-0.004048582995951455
2022-08-11,9910,9970,9820,9940,22667,0.010162601626016343
2022-08-12,9940,10050,9940,10000,34876,0.006036217303822866
2022-08-16,10100,10150,9990,10000,33324,0.0
2022-08-17,10050,10100,10000,10050,19195,0.004999999999999893
2022-08-18,10050,10150,10000,10100,57575,0.004975124378109541
2022-08-19,10050,10100,10000,10000,20360,-0.00990099009900991
2022-08-22,9990,10000,9860,9880,45724,-0.01200000000000001
2022-08-23,9870,9870,9750,9830,26467,-0.005060728744939236
2022-08-24,9830,9910,9800,9830,21167,0.0
2022-08-25,9830,9940,9830,9930,13755,0.010172939979654183
2022-08-26,9940,9970,9940,9970,13346,0.004028197381671594
2022-08-29,9920,9920,9820,9880,22929,-0.009027081243731194
2022-08-30,9900,9920,9870,9910,24640,0.0030364372469635637
2022-08-31,9900,9960,9850,9950,8777,0.004036326942482349
2022-09-01,9960,9960,9860,9880,26355,-0.007035175879396949
2022-09-02,9880,9930,9860,9890,19393,0.0010121457489877805
2022-09-05,9890,9930,9870,9870,22075,-0.002022244691607722
2022-09-06,9880,9900,9860,9890,9283,0.0020263424518742745
2022-09-07,9910,9910,9760,9780,23992,-0.011122345803842304
2022-09-08,9800,9880,9760,9790,11198,0.0010224948875254825
2022-09-13,9810,9900,9810,9880,11114,0.009193054136874323
2022-09-14,9850,9910,9770,9910,17494,0.0030364372469635637
2022-09-15,9910,9910,9850,9860,12396,-0.005045408678102881
2022-09-16,9920,9920,9750,9820,15849,-0.0040567951318458695
2022-09-19,9820,9820,9730,9770,14209,-0.005091649694501044
2022-09-20,9850,9850,9780,9820,9021,0.0051177072671442225
2022-09-21,9790,9880,9790,9820,11237,0.0
2022-09-22,9800,9890,9610,9890,70525,0.007128309572301372
2022-09-23,9870,9870,9740,9790,22670,-0.010111223458038388
2022-09-26,9700,9750,9490,9550,28213,-0.024514811031664974
2022-09-27,9510,9540,9330,9370,39387,-0.01884816753926699
2022-09-28,9370,9380,9090,9120,34345,-0.026680896478121663
2022-09-29,9170,9300,9170,9210,15178,0.009868421052631637
2022-09-30,9190,9220,9010,9200,16856,-0.0010857763300760048
2022-10-04,9430,9430,9170,9260,25649,0.006521739130434856
2022-10-05,9290,9370,9200,9260,15488,0.0
2022-10-06,9290,9300,9200,9250,20114,-0.001079913606911398
2022-10-07,9240,9240,9140,9170,32269,-0.008648648648648671
2022-10-11,9150,9150,8940,8950,56067,-0.02399127589967287
2022-10-12,8940,9050,8920,8970,25979,0.0022346368715084886
2022-10-13,9000,9070,8940,8980,16903,0.0011148272017837968
2022-10-14,8980,9090,8980,9080,22415,0.011135857461024523
2022-10-17,9030,9280,8950,9050,33096,-0.0033039647577092213
2022-10-18,9140,9150,9050,9120,21114,0.007734806629834168
2022-10-19,9170,9170,9070,9100,27103,-0.002192982456140302
2022-10-20,9100,9100,8950,8980,29154,-0.01318681318681314
2022-10-21,8990,9000,8920,8970,28010,-0.00111358574610243
2022-10-24,8990,9050,8960,8970,41963,0.0
2022-10-25,9000,9030,8920,8940,29386,-0.0033444816053511683
2022-10-26,8940,8970,8900,8930,43968,-0.0011185682326622093
2022-10-27,8930,9020,8900,9020,52845,0.010078387458006821
2022-10-28,9000,9090,9000,9030,33782,0.0011086474501109667
2022-10-31,9100,9120,8950,8980,28099,-0.0055370985603543366
2022-11-01,8950,9230,8950,9010,23744,0.0033407572383072903
2022-11-02,9070,9070,8960,9000,26043,-0.0011098779134295356
2022-11-03,9000,9000,8910,8950,36204,-0.005555555555555536
2022-11-04,8910,8980,8910,8980,14313,0.003351955307262511
2022-11-07,9000,9050,8990,9040,22664,0.006681514476614803
2022-11-08,9090,9180,9040,9180,34827,0.015486725663716783
2022-11-09,9170,9300,9170,9290,23865,0.011982570806100323
2022-11-10,9260,9300,9190,9230,34971,-0.006458557588805203
2022-11-11,9540,9540,9350,9400,45611,0.018418201516793076
2022-11-14,9400,9550,9400,9470,39731,0.007446808510638281
2022-11-15,9470,9490,9410,9440,27176,-0.0031678986272439813
2022-11-16,9460,9490,9370,9470,20931,0.0031779661016948513
2022-11-17,9470,9480,9400,9400,19550,-0.007391763463569179
2022-11-18,9400,9480,9400,9400,19421,0.0
2022-11-21,9400,9430,9350,9350,20196,-0.005319148936170248
2022-11-22,9350,9380,9320,9340,27403,-0.0010695187165775666
2022-11-23,9400,9400,9320,9360,10404,0.0021413276231263545
2022-11-24,9350,9440,9350,9390,17399,0.0032051282051281937
2022-11-25,9400,9470,9380,9420,20099,0.0031948881789136685
2022-11-28,9410,9420,9350,9420,29660,0.0
2022-11-29,9260,9460,9260,9440,19715,0.002123142250530785
2022-11-30,9430,9490,9400,9470,24943,0.0031779661016948513
2022-12-01,9510,9620,9510,9580,47216,0.011615628299894487
2022-12-02,9610,9610,9530,9590,31617,0.0010438413361169019
2022-12-05,9590,9600,9530,9540,27141,-0.005213764337851923
2022-12-06,9530,9600,9470,9490,19256,-0.00524109014675056
2022-12-07,9510,9510,9420,9420,17135,-0.00737618545837726
2022-12-08,9380,9460,9360,9370,24073,-0.005307855626326963
2022-12-09,9370,9490,9310,9340,176815,-0.0032017075773745907
2022-12-12,9340,9390,9320,9370,40794,0.0032119914346895317
2022-12-13,9350,9440,9350,9400,27222,0.0032017075773747017
2022-12-14,9380,9470,9380,9470,24216,0.007446808510638281
2022-12-15,9470,9480,9450,9480,20537,0.001055966209081216
2022-12-16,9480,9480,9400,9470,17556,-0.0010548523206751481
2022-12-19,9460,9490,9430,9450,64709,-0.002111932418162654
2022-12-20,9490,9490,9390,9400,52180,-0.005291005291005346
2022-12-21,9450,9460,9400,9440,32668,0.004255319148936065
2022-12-22,9440,9500,9440,9480,44884,0.004237288135593209
2022-12-23,9480,9480,9440,9480,56036,0.0
2022-12-26,9480,9540,9480,9510,96518,0.0031645569620253333
2022-12-27,9550,9600,9540,9550,186178,0.004206098843322792
2022-12-28,8810,8980,8810,8880,145027,-0.07015706806282718
2022-12-29,8850,8860,8690,8740,81486,-0.015765765765765716
2023-01-02,8740,8740,8340,8400,88055,-0.0389016018306636
2023-01-03,8380,8400,8210,8380,49450,-0.0023809523809523725
2023-01-04,8400,8550,8360,8540,28449,0.019093078758949833
2023-01-05,8540,8750,8520,8720,37610,0.021077283372365363
2023-01-06,8750,8880,8680,8850,25330,0.014908256880733939
2023-01-09,8900,8940,8880,8940,25358,0.01016949152542379
2023-01-10,8940,8960,8910,8930,24126,-0.0011185682326622093
2023-01-11,8950,8950,8890,8910,11544,-0.002239641657334812
2023-01-12,8910,8970,8890,8890,8373,-0.002244668911335568
2023-01-13,8960,8970,8890,8940,25556,0.0056242969628796935
2023-01-16,8950,9040,8950,9030,52206,0.010067114093959662
2023-01-17,9050,9060,8980,9000,25855,-0.0033222591362126463
2023-01-18,9020,9020,8930,8960,23775,-0.004444444444444473
2023-01-19,8960,8980,8920,8980,20636,0.0022321428571427937
2023-01-20,8980,9040,8970,9020,22915,0.00445434298440972
2023-01-25,9020,9060,8990,9030,14372,0.0011086474501109667
2023-01-26,9030,9040,8990,9010,13155,-0.0022148394241418012
2023-01-27,9070,9070,8850,9030,68443,0.002219755826859071
2023-01-30,9060,9060,8920,8990,40988,-0.0044296788482834915
2023-01-31,8990,8990,8930,8950,14268,-0.004449388209121219
2023-02-01,8990,9010,8940,9000,39733,0.005586592178770999
2023-02-02,9010,9020,8970,9000,31467,0.0
2023-02-03,9010,9010,8950,9010,38240,0.0011111111111110628
2023-02-06,8960,9000,8950,8960,24576,-0.005549389567147567
2023-02-07,9000,9000,8900,8940,26184,-0.0022321428571429047
2023-02-08,8950,9030,8920,9020,45981,0.008948545861297452
2023-02-09,9020,9030,8970,9020,20725,0.0
2023-02-10,9020,9020,8890,8980,34118,-0.0044345898004434225
2023-02-13,8980,9010,8890,8970,35073,-0.00111358574610243
2023-02-14,8960,9000,8940,8980,38300,0.0011148272017837968
2023-02-15,9000,9000,8880,8890,22873,-0.010022271714922093
2023-02-16,8940,8960,8840,8870,33692,-0.0022497187851518996
2023-02-17,8820,8910,8800,8900,14900,0.0033821871476888976
2023-02-20,8900,8910,8830,8880,18122,-0.0022471910112359383
2023-02-21,8880,8880,8820,8860,20490,-0.0022522522522522292
2023-02-22,8830,8870,8790,8850,17959,-0.0011286681715575453
2023-02-23,8830,8860,8800,8860,15402,0.001129943502824915
2023-02-24,8890,8890,8800,8830,18973,-0.003386004514672636
2023-02-27,8830,8830,8710,8780,24106,-0.005662514156285381
2023-02-28,8780,8820,8740,8820,20740,0.004555808656036442
2023-03-02,8820,8870,8790,8810,15785,-0.0011337868480725266
2023-03-03,8830,8830,8780,8790,11847,-0.002270147559591429
2023-03-06,8790,8800,8700,8740,40318,-0.005688282138794132
2023-03-07,8800,8820,8750,8800,22947,0.006864988558352492
2023-03-08,8810,8810,8710,8720,41144,-0.009090909090909038
2023-03-09,8720,8800,8710,8790,41465,0.008027522935779796
2023-03-10,8780,8820,8720,8770,18792,-0.0022753128555176305
2023-03-13,8710,8900,8700,8870,42846,0.011402508551881407
2023-03-14,8870,8870,8760,8780,25898,-0.01014656144306647
2023-03-15,8850,8850,8710,8740,25498,-0.004555808656036442
2023-03-16,8830,8830,8590,8610,49064,-0.014874141876430214
2023-03-17,8620,8770,8610,8630,27635,0.0023228803716608404
2023-03-20,8710,8710,8590,8600,24106,-0.0034762456546929554
2023-03-21,8610,8680,8580,8630,28917,0.0034883720930232176
2023-03-22,8630,8690,8620,8640,9773,0.0011587485515642815
2023-03-23,8640,8670,8600,8640,17941,0.0
2023-03-24,8640,8640,8600,8610,33305,-0.00347222222222221
2023-03-27,8600,8600,8400,8570,32470,-0.004645760743321681
2023-03-28,8590,8740,8560,8640,15535,0.008168028004667427
2023-03-29,8610,8740,8610,8670,19504,0.003472222222222321
2023-03-30,8680,8740,8660,8700,17244,0.0034602076124568004
2023-03-31,8710,8750,8700,8740,18398,0.0045977011494253706
2023-04-03,8730,8760,8700,8730,28627,-0.0011441647597254523
2023-04-04,8730,8750,8700,8750,14884,0.002290950744558984
2023-04-05,8720,8770,8720,8750,15344,0.0
2023-04-06,8750,8790,8700,8730,24696,-0.0022857142857143353
2023-04-07,8740,8760,8710,8740,23473,0.001145475372279492
2023-04-10,8720,8830,8710,8800,31421,0.006864988558352492
2023-04-11,8800,8900,8800,8880,28231,0.009090909090909038
2023-04-12,8910,9000,8900,8990,44641,0.012387387387387427
2023-04-13,8990,9160,8950,9130,66527,0.015572858731924377
2023-04-14,9130,9190,9130,9160,27275,0.0032858707557503752
2023-04-17,9190,9230,9150,9150,43015,-0.0010917030567685337
2023-04-18,9180,9180,9100,9150,27511,0.0
2023-04-19,9150,9230,9150,9180,30668,0.003278688524590123
2023-04-20,9180,9200,9160,9160,23414,-0.002178649237472796
2023-04-21,9200,9200,9090,9110,32892,-0.00545851528384278
2023-04-24,9130,9140,8980,9000,56224,-0.01207464324917673
2023-04-25,9050,9050,8960,8990,35886,-0.0011111111111110628
2023-04-26,8990,9030,8970,9010,27183,0.0022246941045607205
2023-04-27,9010,9010,8910,8960,33506,-0.005549389567147567
2023-04-28,9050,9200,9000,9200,57395,0.02678571428571419
2023-05-02,9160,9210,9150,9190,13917,-0.0010869565217391797
2023-05-03,9180,9180,9060,9140,23146,-0.005440696409140355
2023-05-04,9150,9150,9080,9130,12758,-0.001094091903719896
2023-05-08,9130,9190,9130,9150,20969,0.0021905805038335835
2023-05-09,9150,9170,9110,9160,31980,0.0010928961748633004
2023-05-10,9160,9190,9130,9180,15066,0.0021834061135370675
2023-05-11,9180,9200,9170,9190,11356,0.0010893246187364536
2023-05-12,9190,9290,9150,9230,30911,0.0043525571273121955
2023-05-15,9250,9250,9170,9240,17034,0.0010834236186347823
2023-05-16,9240,9300,9180,9220,16938,-0.0021645021645021467
2023-05-17,9220,9230,9180,9220,13916,0.0
2023-05-18,9190,9220,9180,9220,21606,0.0
2023-05-19,9230,9280,9210,9280,35655,0.006507592190889477
2023-05-22,9270,9350,9270,9350,46766,0.007543103448275801
2023-05-23,9330,9390,9330,9380,38501,0.0032085561497325887
2023-05-24,9380,9420,9340,9410,38134,0.0031982942430703876
2023-05-25,9410,9410,9360,9390,31246,-0.002125398512221044
2023-05-26,9400,9400,9330,9340,33118,-0.005324813631522929
2023-05-30,9340,9360,9320,9360,31373,0.0021413276231263545
2023-05-31,9360,9450,9350,9400,42182,0.004273504273504258
2023-06-01,9400,9410,9320,9340,20526,-0.006382978723404209
2023-06-02,9360,9420,9330,9400,20020,0.0064239828693790635
2023-06-05,9420,9440,9380,9400,17896,0.0
2023-06-07,9430,9440,9390,9390,19237,-0.0010638297872340718
2023-06-08,9390,9450,9370,9400,15947,0.0010649627263046302
2023-06-09,9400,9440,9370,9420,23468,0.0021276595744681437
2023-06-12,9440,9450,9400,9400,25602,-0.002123142250530785
2023-06-13,9400,9440,9390,9420,28234,0.0021276595744681437
2023-06-14,9420,9420,9340,9360,23864,-0.006369426751592355
2023-06-15,9390,9390,9330,9350,17331,-0.0010683760683760646
2023-06-16,9330,9390,9330,9350,12469,0.0
2023-06-19,9380,9380,9300,9320,16268,-0.0032085561497325887
2023-06-20,9350,9350,9300,9310,13177,-0.0010729613733905241
2023-06-21,9310,9310,9240,9310,21969,0.0
2023-06-22,9300,9310,9270,9280,8442,-0.0032223415682062218
2023-06-23,9270,9290,9220,9270,14966,-0.0010775862068965747
2023-06-26,9300,9300,9200,9250,17462,-0.0021574973031284195
2023-06-27,9280,9280,9210,9250,11742,0.0
2023-06-28,9290,9290,9230,9240,11064,-0.00108108108108107
2023-06-29,9240,9240,9210,9230,8480,-0.0010822510822511289
2023-06-30,9240,9250,9180,9210,29376,-0.0021668472372697867
2023-07-03,9230,9240,9200,9240,19783,0.0032573289902280145
2023-07-04,9240,9250,9200,9230,12021,-0.0010822510822511289
2023-07-05,9230,9230,9190,9220,17848,-0.0010834236186348933
2023-07-06,9210,9210,9160,9200,21184,-0.002169197396963085
2023-07-07,9190,9340,9000,9120,44435,-0.008695652173912993
2023-07-10,9200,9200,9100,9120,18177,0.0
2023-07-11,9180,9190,9110,9120,11720,0.0
2023-07-12,9120,9140,9100,9110,25343,-0.0010964912280702066
2023-07-13,9120,9180,9110,9160,22043,0.005488474204171201
2023-07-14,9200,9250,9160,9230,26022,0.007641921397379958
2023-07-17,9230,9240,9200,9230,14713,0.0
2023-07-18,9250,9250,9150,9210,20709,-0.0021668472372697867
2023-07-19,9210,9210,9160,9200,13429,-0.0010857763300760048
2023-07-20,9200,9220,9160,9180,18199,-0.0021739130434782483
2023-07-21,9180,9190,9140,9150,24980,-0.0032679738562091387
2023-07-24,9150,9160,9080,9110,29518,-0.0043715846994535346
2023-07-25,9110,9120,9080,9120,19282,0.001097694840834329
2023-07-26,9120,9120,9000,9010,65872,-0.01206140350877194
2023-07-27,9060,9190,9040,9190,31967,0.019977802441731418
2023-07-28,9250,9250,9160,9180,15829,-0.0010881392818280489
2023-07-31,9200,9270,9170,9250,32527,0.007625272331154731
2023-08-01,9250,9400,9250,9390,56213,0.015135135135135203
2023-08-02,9380,9450,9200,9370,35778,-0.0021299254526091493
2023-08-03,9340,9420,9290,9390,19185,0.002134471718249653
2023-08-04,9420,9430,9340,9410,21702,0.0021299254526092604
2023-08-07,9400,9470,9370,9450,50336,0.004250797024442088
2023-08-08,9450,9500,9430,9460,32170,0.0010582010582009804
2023-08-09,9460,9490,9430,9460,13011,0.0
2023-08-10,9420,9460,9390,9440,22005,-0.0021141649048626032
2023-08-11,9440,9520,9430,9490,31974,0.005296610169491567
2023-08-14,9490,9510,9430,9480,22192,-0.0010537407797681642
2023-08-16,9490,9490,9380,9410,34931,-0.007383966244725704
2023-08-17,9410,9410,9310,9390,25448,-0.002125398512221044
2023-08-18,9360,9420,9340,9400,14445,0.0010649627263046302
2023-08-21,9400,9450,9380,9430,15889,0.0031914893617022155
2023-08-22,9430,9490,9420,9440,22596,0.0010604453870626251
2023-08-23,9480,9480,9400,9450,13494,0.0010593220338983578
2023-08-24,9480,9480,9410,9450,6908,0.0
2023-08-25,9450,9450,9410,9440,9933,-0.0010582010582010914
2023-08-28,9410,9800,9410,9530,32766,0.009533898305084776
2023-08-29,9540,9620,9530,9620,37210,0.009443861490031402
2023-08-30,9640,9700,9600,9670,23567,0.005197505197505281
2023-08-31,9670,9690,9650,9680,16905,0.0010341261633919352
2023-09-01,9680,9680,9620,9680,18703,0.0
2023-09-04,9680,9690,9640,9670,19490,-0.0010330578512396382
2023-09-05,9670,9680,9610,9660,13457,-0.0010341261633919352
2023-09-06,9610,9680,9610,9670,17385,0.0010351966873705098
2023-09-07,9680,9680,9650,9670,27321,0.0
2023-09-08,9670,9670,9630,9670,20571,0.0
2023-09-11,9670,9690,9650,9660,29177,-0.0010341261633919352
2023-09-12,9660,9690,9650,9670,20345,0.0010351966873705098
2023-09-13,9650,9730,9640,9680,35380,0.0010341261633919352
2023-09-14,9680,9730,9660,9720,36749,0.004132231404958775
2023-09-15,9730,9810,9730,9790,85573,0.007201646090535085
2023-09-18,9780,9850,9740,9840,25059,0.005107252298263587
2023-09-19,9840,9930,9840,9900,44325,0.0060975609756097615
2023-09-20,9900,10010,9890,9970,62833,0.007070707070707005
2023-09-21,9970,9990,9820,9910,51732,-0.006018054162487463
2023-09-22,9900,9900,9810,9900,21482,-0.0010090817356205317
2023-09-25,9900,9940,9830,9880,31416,-0.002020202020202033
2023-09-26,9900,9900,9790,9820,21360,-0.006072874493927127
2023-09-27,9820,9830,9790,9830,16737,0.0010183299389001643
2023-10-04,9840,9840,9600,9600,63142,-0.02339776195320442
2023-10-05,9610,9650,9580,9580,28782,-0.002083333333333326
2023-10-06,9690,9690,9580,9660,17395,0.008350730688935215
2023-10-10,9740,9780,9610,9690,30837,0.0031055900621117516
2023-10-11,9690,9850,9690,9780,26703,0.009287925696594534
2023-10-12,9840,9840,9770,9810,15646,0.0030674846625766694
2023-10-13,9810,9830,9780,9830,28933,0.0020387359836901986
2023-10-16,9780,9880,9770,9860,26124,0.003051881993896277
2023-10-17,9860,9920,9860,9900,51654,0.0040567951318457585
2023-10-18,9880,9930,9870,9870,15142,-0.00303030303030305
2023-10-19,9850,9870,9750,9790,29934,-0.008105369807497431
2023-10-20,9790,9790,9680,9720,18694,-0.007150153217568955
2023-10-23,9810,9810,9480,9480,50489,-0.024691358024691357
2023-10-24,9600,9680,9510,9680,26805,0.021097046413502074
2023-10-25,9680,9750,9680,9720,16689,0.004132231404958775
2023-10-26,9720,9730,9590,9600,24182,-0.012345679012345734
2023-10-27,9690,9690,9600,9610,13572,0.0010416666666666075
2023-10-30,9630,9630,9540,9600,19395,-0.0010405827263267886
2023-10-31,9680,9680,9520,9560,27010,-0.004166666666666652
2023-11-01,9610,9610,9550,9580,11642,0.0020920502092049986
2023-11-02,9600,9670,9600,9610,9926,0.0031315240083507057
2023-11-03,9740,9740,9620,9680,18736,0.007284079084287187
2023-11-06,9710,9840,9680,9800,36402,0.012396694214876103
2023-11-07,9820,9820,9720,9780,18992,-0.0020408163265306367
2023-11-08,9780,9800,9730,9780,14326,0.0
2023-11-09,9780,9800,9750,9780,12410,0.0
2023-11-10,9820,9820,9700,9710,15100,-0.007157464212678932
2023-11-13,9720,9810,9710,9770,15167,0.006179196704428458
2023-11-14,9770,9820,9770,9800,8358,0.003070624360286489
2023-11-15,9850,9890,9830,9870,19750,0.0071428571428571175
2023-11-16,9870,9890,9830,9880,13937,0.0010131712259371373
2023-11-17,9880,9880,9810,9860,11616,-0.002024291497975672
2023-11-20,9860,9880,9840,9870,13039,0.0010141987829614951
2023-11-21,9880,9900,9860,9890,16868,0.0020263424518742745
2023-11-22,9880,9910,9860,9910,13342,0.002022244691607611
2023-11-23,9910,9920,9870,9900,10012,-0.0010090817356205317
2023-11-24,9900,9920,9890,9910,23932,0.0010101010101009056
2023-11-27,9910,9920,9880,9910,20491,0.0
2023-11-28,9910,9920,9890,9910,9828,0.0
2023-11-29,9930,9930,9890,9900,16797,-0.0010090817356205317
2023-11-30,9890,9950,9880,9910,31440,0.0010101010101009056
2023-12-01,9920,10000,9890,9920,27377,0.0010090817356205317
2023-12-04,9920,9950,9890,9930,36560,0.0010080645161290036
2023-12-05,9930,9940,9900,9930,41518,0.0
2023-12-06,9930,9970,9900,9970,48042,0.004028197381671594
2023-12-07,9980,9990,9930,9980,20777,0.0010030090270811698
2023-12-08,9990,10000,9920,9980,64188,0.0
2023-12-11,9980,9980,9890,9940,51200,-0.004008016032064132
2023-12-12,9940,9940,9920,9940,38750,0.0
2023-12-13,9940,9940,9900,9920,23676,-0.002012072434607659
2023-12-14,9930,9960,9880,9900,36412,-0.0020161290322581182
2023-12-15,9910,9910,9870,9900,61621,0.0
2023-12-18,9900,9900,9840,9850,26605,-0.005050505050505083
2023-12-19,9850,9860,9800,9850,36165,0.0
2023-12-20,9850,9890,9820,9890,37509,0.004060913705583813
2023-12-21,9890,9900,9850,9900,23911,0.0010111223458038054
2023-12-22,9870,9910,9870,9910,38756,0.0010101010101009056
2023-12-26,9900,9900,9820,9840,52421,-0.007063572149344055
2023-12-27,9750,9800,9710,9800,77585,-0.004065040650406471
2023-12-28,9800,9800,9730,9780,52533,-0.0020408163265306367
2024-01-02,9740,9770,9690,9730,52530,-0.005112474437627856
2024-01-03,9730,9760,9700,9730,44442,0.0
2024-01-04,9720,9730,9670,9670,50920,-0.006166495375128478
2024-01-05,9730,9730,9660,9690,27255,0.0020682523267838704
2024-01-08,9680,9790,9670,9700,15691,0.0010319917440659854
2024-01-09,9720,9740,9690,9710,15700,0.0010309278350515427
2024-01-10,9710,9720,9690,9700,15192,-0.001029866117404743
2024-01-11,9760,9760,9690,9710,11060,0.0010309278350515427
2024-01-12,9690,9720,9680,9690,32100,-0.002059732234809486
2024-01-15,9690,9700,9670,9680,17425,-0.0010319917440660964
2024-01-16,9670,9680,9640,9650,17572,-0.0030991735537190257
2024-01-17,9670,9670,9470,9510,43260,-0.014507772020725396
2024-01-18,9510,9540,9000,9500,28366,-0.001051524710830698
2024-01-19,9500,9550,9480,9530,9149,0.0031578947368420263
2024-01-22,9550,9550,9500,9520,24344,-0.0010493179433368471
2024-01-23,9510,9570,9510,9570,16732,0.005252100840336116
2024-01-24,9600,9620,9540,9600,12301,0.0031347962382444194
2024-01-25,9610,9640,9600,9640,12855,0.004166666666666652
2024-01-26,9640,9760,9640,9740,26964,0.010373443983402453
2024-01-29,9770,9910,9760,9890,74793,0.015400410677617993
2024-01-30,9900,10010,9890,9910,54616,0.002022244691607611
2024-01-31,9890,9930,9870,9920,35374,0.0010090817356205317
2024-02-01,9900,10140,9900,10130,197958,0.021169354838709742
2024-02-02,10150,10210,10030,10190,171303,0.005923000987166915
2024-02-05,10190,10190,10020,10160,58571,-0.0029440628066732533
2024-02-06,10160,10200,10110,10140,60155,-0.0019685039370078705
2024-02-07,10140,10250,10120,10250,85204,0.010848126232741562
2024-02-08,10300,10360,10250,10340,58119,0.008780487804878057
2024-02-13,10390,10470,10350,10450,95257,0.010638297872340496
2024-02-14,10420,10440,10360,10410,44729,-0.003827751196172291
2024-02-15,10420,10490,10370,10400,60199,-0.0009606147934678733
2024-02-16,10450,10480,9790,10460,81457,0.005769230769230749
2024-02-19,10500,10700,10490,10680,159082,0.021032504780114758
2024-02-20,10770,10770,10460,10500,63792,-0.016853932584269704
2024-02-21,10500,10600,10450,10520,33007,0.0019047619047618536
2024-02-22,10480,10570,10460,10500,21964,-0.0019011406844106071
2024-02-23,10500,10650,10500,10580,69411,0.007619047619047636
2024-02-26,10590,10590,10500,10520,62953,-0.005671077504725952
2024-02-27,10510,10620,10460,10460,40340,-0.005703422053231932
2024-02-28,10460,10510,10400,10510,57521,0.004780114722753304
2024-02-29,10500,10710,10490,10690,77741,0.01712654614652709
2024-03-04,10690,10820,10690,10820,114069,0.012160898035547207
2024-03-05,10790,10900,10790,10830,49050,0.0009242144177448175
2024-03-06,10820,10850,10750,10830,47709,0.0
2024-03-07,10830,10990,10810,10980,77020,0.013850415512465464
2024-03-08,11000,11030,10940,10990,43040,0.0009107468123861207
2024-03-11,10920,10990,10790,10850,66226,-0.01273885350318471
2024-03-12,11000,11200,10960,11140,274015,0.026728110599078425
2024-03-13,11210,11670,11210,11620,374367,0.04308797127468589
2024-03-14,11620,11960,11570,11950,250922,0.02839931153184172
2024-03-15,11960,12250,11920,11980,208565,0.002510460251045954
2024-03-18,11990,12050,11710,11940,133936,-0.0033388981636059967
2024-03-19,11930,11930,11700,11720,174942,-0.018425460636515956
2024-03-20,11820,11830,11740,11770,74211,0.00426621160409546
2024-03-21,11830,11890,11800,11890,139261,0.010195412064570863
2024-03-22,11940,12000,11890,11960,147114,0.005887300252312766
2024-03-25,12000,12020,11840,11940,228930,-0.0016722408026755842
2024-03-26,11940,12000,11890,11930,285551,-0.0008375209380234727
2024-03-27,11880,11930,11480,11500,334458,-0.03604358759430004
2024-03-28,10850,10990,10590,10830,325822,-0.058260869565217366
2024-03-29,10760,10900,10660,10730,119030,-0.009233610341643606
2024-04-01,10700,10770,10460,10490,151646,-0.02236719478098792
2024-04-02,10500,10600,10480,10500,60213,0.0009532888465204614
2024-04-03,10490,10560,10440,10490,44447,-0.0009523809523809268
2024-04-04,10500,10670,10490,10510,74568,0.0019065776930409228
2024-04-05,10500,10620,10460,10560,43276,0.004757373929590969
2024-04-08,10730,10730,10500,10670,48970,0.01041666666666674
2024-04-09,10720,10730,10580,10680,61805,0.0009372071227742307
2024-04-11,10530,10600,10480,10500,42351,-0.016853932584269704
2024-04-12,10510,10590,10420,10430,35338,-0.00666666666666671
2024-04-15,10380,10470,10260,10400,43846,-0.0028763183125599667
2024-04-16,10410,10470,10250,10250,71888,-0.014423076923076872
2024-04-17,10220,10360,10220,10300,20810,0.004878048780487809
2024-04-18,10300,10450,10300,10450,25133,0.014563106796116498
2024-04-19,10430,10480,10350,10440,51193,-0.000956937799043045
2024-04-22,10470,10630,10470,10610,74635,0.016283524904214586
2024-04-23,10610,10790,10610,10680,56782,0.006597549481621057
2024-04-24,10800,10800,10660,10780,30343,0.009363295880149725
2024-04-25,10750,10840,10700,10840,77890,0.005565862708719838
2024-04-26,10870,11190,10870,11120,115307,0.02583025830258312
2024-04-29,11130,11240,11120,11200,56434,0.007194244604316502
2024-04-30,11170,11340,11170,11300,68599,0.008928571428571397
2024-05-02,11190,11320,11190,11220,69811,-0.0070796460176991705
2024-05-03,11220,11330,11160,11240,46424,0.0017825311942958333
2024-05-07,11240,11300,11220,11250,51306,0.000889679715302405
2024-05-08,11300,11330,11230,11320,56317,0.006222222222222129
2024-05-09,11340,11350,11250,11290,57603,-0.0026501766784452485
2024-05-10,11350,11400,11320,11350,63893,0.005314437555358653
2024-05-13,11350,11490,11350,11420,62250,0.006167400881057272
2024-05-14,11400,11480,11380,11430,24851,0.0008756567425569628
2024-05-16,11450,11530,11450,11490,76550,0.005249343832020914
2024-05-17,11500,11530,11400,11470,80430,-0.0017406440382942145
2024-05-20,11470,11540,11460,11470,32161,0.0
2024-05-21,11500,11560,11440,11500,56096,0.0026155187445509043
2024-05-22,11500,11530,11460,11510,29254,0.0008695652173913437
2024-05-23,11510,11510,11390,11410,107938,-0.008688097306689846
2024-05-24,11390,11390,11190,11270,97353,-0.012269938650306789
2024-05-27,11270,11300,11180,11210,56857,-0.0053238686779059075
2024-05-28,11210,11230,11170,11220,13252,0.000892060660124816
2024-05-29,11220,11230,11110,11120,53894,-0.0089126559714795
2024-05-30,11120,11140,11010,11080,35540,-0.003597122302158251
2024-05-31,11200,11200,11060,11100,20974,0.0018050541516245744
2024-06-03,11100,11180,11090,11120,29714,0.0018018018018017834
2024-06-04,11110,11150,11000,11020,59449,-0.008992805755395739
2024-06-05,11020,11050,10950,11030,44443,0.0009074410163338875
2024-06-07,11050,11140,10990,11070,29400,0.0036264732547597323
2024-06-10,11070,11100,10800,11040,93605,-0.0027100271002710175
2024-06-11,11040,11080,10920,10950,38932,-0.008152173913043459
2024-06-12,10990,10990,10850,10910,46976,-0.0036529680365297024
2024-06-13,10930,11100,10910,11020,56518,0.010082493125572967
2024-06-14,11080,11170,10900,11170,108154,0.013611615245008979
2024-06-17,11160,11160,11040,11040,31397,-0.011638316920322245
2024-06-18,11070,11200,11010,11180,47443,0.0126811594202898
2024-06-19,11200,11200,11120,11200,22475,0.0017889087656528524
2024-06-20,11090,11290,11090,11230,41759,0.00267857142857153
2024-06-21,11230,11240,11180,11240,21916,0.0008904719501334757
2024-06-24,11240,11240,11180,11230,14212,-0.000889679715302516
2024-06-25,11250,11300,11130,11300,26638,0.006233303650934996
2024-06-26,11260,11320,11250,11260,22298,-0.0035398230088495852
2024-06-27,11260,11260,11190,11240,12748,-0.001776198934280604
2024-06-28,11180,11400,11180,11370,48019,0.011565836298932375
2024-07-01,11370,11390,11290,11320,17169,-0.004397537379067673
2024-07-02,11380,11380,11290,11350,26089,0.0026501766784452485
2024-07-03,11260,11570,11260,11510,130441,0.014096916299559448
2024-07-04,11520,11740,11500,11650,153410,0.012163336229365829
2024-07-05,11650,11740,11530,11620,64195,-0.0025751072961373023
2024-07-08,11630,11630,11530,11610,27390,-0.000860585197934638
2024-07-09,11630,11650,11450,11540,43438,-0.006029285099052539
2024-07-10,11400,11550,11400,11460,36967,-0.006932409012131768
2024-07-11,11640,11750,11510,11750,70737,0.02530541012216414
2024-07-12,11730,11730,11550,11650,82816,-0.008510638297872353
2024-07-15,11680,11780,11560,11660,117116,0.0008583690987125081
2024-07-16,11660,11800,11660,11770,106214,0.009433962264151052
2024-07-17,11780,11950,11740,11760,119291,-0.000849617672047609
2024-07-18,11730,11790,11650,11760,69733,0.0
2024-07-19,11750,11780,11580,11720,94189,-0.003401360544217691
2024-07-22,11720,11760,11600,11690,49460,-0.0025597269624573205
2024-07-23,11740,11900,11730,11770,69150,0.006843455945252375
2024-07-24,11800,11840,11720,11750,17608,-0.001699235344095107
2024-07-25,11740,11740,11610,11630,64348,-0.010212765957446801
2024-07-26,11600,11820,11600,11790,83216,0.013757523645743674
2024-07-29,11850,12030,11760,11890,181516,0.008481764206955011
2024-07-30,11890,11930,11820,11850,83680,-0.003364171572750263
2024-07-31,11880,11960,11880,11960,55775,0.009282700421940904
2024-08-01,12000,12030,11940,12000,76115,0.0033444816053511683
2024-08-02,11900,11980,11660,11710,132999,-0.02416666666666667
2024-08-05,11560,11570,11020,11270,212794,-0.03757472245943638
2024-08-06,11280,11860,11280,11560,78617,0.025732031943212164
2024-08-07,11570,11710,11550,11650,73020,0.007785467128027745
2024-08-08,11570,11820,11570,11750,32562,0.008583690987124415
2024-08-09,11840,11840,11650,11770,50251,0.0017021276595745594
2024-08-12,11800,11810,11760,11780,35162,0.000849617672047609
2024-08-13,11780,11820,11720,11760,23088,-0.001697792869269965
2024-08-14,11770,11820,11740,11810,32134,0.00425170068027203
2024-08-16,11790,11890,11790,11840,45669,0.002540220152413175
2024-08-19,11830,11900,11820,11860,65031,0.0016891891891892552
2024-08-20,11900,11980,11890,11960,60843,0.008431703204047292
2024-08-21,11950,11980,11860,11970,45733,0.0008361204013378476
2024-08-22,11930,11990,11910,11930,27484,-0.003341687552213868
2024-08-23,11930,12000,11880,11980,63291,0.00419111483654655
2024-08-26,11900,12030,11900,12020,76645,0.0033388981636059967
2024-08-27,12020,12020,11930,11990,54116,-0.0024958402662229595
2024-08-28,12000,12000,11890,11930,31475,-0.005004170141784781
2024-08-29,11930,11990,11870,11960,24344,0.0025146689019279744
2024-08-30,11900,12000,11900,12000,34035,0.0033444816053511683
2024-09-02,12000,12000,11920,11980,24230,-0.0016666666666667052
2024-09-03,11990,12030,11940,11990,63447,0.0008347245409014992
2024-09-04,11930,11990,11860,11990,55399,0.0
2024-09-05,12000,12000,11890,11920,53134,-0.005838198498749003
2024-09-06,11920,11920,11780,11870,69230,-0.004194630872483174
2024-09-09,11780,11820,11650,11780,45103,-0.0075821398483572056
2024-09-10,11830,11910,11780,11870,38825,0.007640067911714787
2024-09-11,11870,11900,11650,11750,52915,-0.010109519797809607
2024-09-12,11780,11820,11720,11800,33040,0.004255319148936065
2024-09-13,11800,12010,11800,11960,76734,0.013559322033898313
2024-09-19,11950,12000,11900,11950,35035,-0.0008361204013378476
2024-09-20,12000,12000,11930,11960,18024,0.0008368200836819106
2024-09-23,12000,12000,11890,11890,35175,-0.0058528428093646
2024-09-24,11900,11910,11850,11910,41223,0.001682085786375076
2024-09-25,11930,11950,11710,11840,151621,-0.005877413937867337
2024-09-26,11810,11920,11810,11880,25296,0.0033783783783782884
2024-09-27,11950,11950,11850,11890,19855,0.0008417508417508657
2024-09-30,11890,11890,11810,11810,28398,-0.006728343145500415
2024-10-02,11800,11860,11760,11840,27484,0.002540220152413175
2024-10-04,11840,11910,11830,11900,25189,0.0050675675675675436
2024-10-07,11900,11940,11850,11930,44733,0.0025210084033613356
2024-10-08,11930,11950,11880,11930,16720,0.0
2024-10-10,11930,11940,11900,11910,21076,-0.0016764459346185756
2024-10-11,11910,11930,11900,11930,26967,0.0016792611251048584
2024-10-14,11930,11990,11900,11980,43789,0.00419111483654655
2024-10-15,12000,12000,11950,11990,47825,0.0008347245409014992
2024-10-16,11990,12020,11960,12020,42168,0.002502085070892335
2024-10-17,12040,12040,12010,12030,37676,0.0008319467554076532
2024-10-18,12040,12060,12020,12040,25958,0.0008312551953448821
2024-10-21,12020,12070,12020,12050,28717,0.0008305647840531893
2024-10-22,12010,12070,11710,12060,67058,0.0008298755186721962
2024-10-23,12040,12060,12010,12060,30897,0.0
2024-10-24,12040,12070,12010,12050,31171,-0.0008291873963516272
2024-10-25,12050,12080,12000,12040,34372,-0.0008298755186721962
2024-10-28,12040,12050,11990,12030,32998,-0.0008305647840531893
2024-10-29,12060,12070,12010,12030,20778,0.0
2024-10-30,12030,12090,11970,12010,34790,-0.0016625103906899863
2024-10-31,12010,12040,11970,12020,24335,0.0008326394671107629
2024-11-01,12000,12020,11950,12010,16408,-0.0008319467554076532
2024-11-04,12050,12050,11950,12000,39402,-0.0008326394671107629
2024-11-05,12010,12010,11960,12000,19655,0.0
2024-11-06,12000,12030,11970,12010,28786,0.0008333333333332416
2024-11-07,12010,12040,11960,11980,61173,-0.0024979184013321776
2024-11-08,11990,11990,11830,11860,98966,-0.01001669449081799
2024-11-11,11850,11950,11820,11900,62199,0.003372681281618828
2024-11-12,11900,11950,11730,11810,71402,-0.007563025210084007
2024-11-13,11810,11880,11730,11750,64314,-0.005080440304826461
2024-11-14,11750,11790,11670,11730,46286,-0.0017021276595744483
2024-11-15,11800,11840,11670,11840,56361,0.009377664109121886
2024-11-18,11860,11990,11800,11920,35975,0.006756756756756799
2024-11-19,11980,11980,11860,11890,24821,-0.002516778523489971
2024-11-20,11890,12050,11880,12000,31556,0.00925147182506314
2024-11-21,12030,12040,11960,12000,35233,0.0
2024-11-22,12010,12060,11980,12000,27540,0.0
2024-11-25,12040,12040,11920,11990,37417,-0.0008333333333333526
2024-11-26,12010,12040,11960,12030,29309,0.0033361134278564464
2024-11-27,12030,12140,12020,12110,83287,0.006650041562759723
2024-11-28,12090,12150,12050,12130,38213,0.0016515276630884035
2024-11-29,12130,12150,12050,12080,47118,-0.004122011541632276
2024-12-02,12080,12130,12040,12100,52655,0.0016556291390728006
2024-12-03,12090,12490,12090,12490,165269,0.0322314049586776
2024-12-04,12400,12440,12030,12250,210590,-0.019215372297838318
2024-12-05,12250,12250,12000,12130,129660,-0.009795918367346945
2024-12-06,12080,12300,12080,12220,73183,0.007419620774938185
2024-12-09,12090,12150,11900,11900,132418,-0.026186579378068786
2024-12-10,11840,12190,11840,12100,85236,0.01680672268907557
2024-12-11,12150,12420,12050,12330,99447,0.01900826446281001
2024-12-12,12330,12420,12220,12350,54298,0.0016220600162206722
2024-12-13,12380,12380,12270,12280,40801,-0.005668016194331993
2024-12-16,12280,12340,12050,12100,75945,-0.014657980456026065
2024-12-17,12100,12160,12060,12100,37777,0.0
2024-12-18,12130,12250,12100,12200,34475,0.008264462809917328
2024-12-19,12110,12230,12100,12180,25588,-0.0016393442622950616
2024-12-20,12220,12220,12130,12180,35004,0.0
2024-12-23,12250,12390,12110,12380,54463,0.016420361247947435
2024-12-24,12380,12450,12370,12440,60019,0.004846526655896577
2024-12-26,12440,12490,12260,12330,89456,-0.008842443729903504
2024-12-27,12240,12280,12160,12250,51654,-0.006488240064882356
2024-12-30,12240,12290,11900,12160,39109,-0.007346938775510181
2025-01-02,12160,12360,12100,12300,68623,0.011513157894736947
2025-01-03,12300,12300,12160,12220,47309,-0.006504065040650375
2025-01-06,12220,12270,12080,12180,53306,-0.00327332242225864
2025-01-07,12200,12260,12160,12210,24859,0.0024630541871921707
2025-01-08,12220,12230,12130,12200,40498,-0.0008190008190007703
2025-01-09,12220,12220,12170,12170,20203,-0.0024590163934425924
2025-01-10,12200,12250,12150,12170,35912,0.0
2025-01-13,12170,12270,12140,12180,60748,0.0008216926869351049
2025-01-14,12200,12250,12160,12240,30261,0.0049261083743843415
2025-01-15,12250,12300,12250,12270,18628,0.002450980392156854
2025-01-16,12320,12320,12200,12290,35258,0.0016299918500406463
2025-01-17,12290,12320,12260,12320,44005,0.0024410089503661414
2025-01-20,12390,12570,12330,12460,130902,0.011363636363636465
2025-01-21,12460,12590,12420,12520,52088,0.0048154093097914075
2025-01-22,12520,12600,12520,12600,32993,0.006389776357827559
2025-01-23,12610,12770,12600,12730,63382,0.01031746031746028
2025-01-24,12740,12800,12700,12800,29140,0.0054988216810683
2025-01-31,12760,12890,12750,12820,84271,0.0015624999999999112
2025-02-03,12830,12830,12720,12750,51264,-0.005460218408736339
2025-02-04,12790,12820,12730,12760,49567,0.0007843137254901489
2025-02-05,12830,12830,12750,12750,46839,-0.0007836990595611049
2025-02-06,12760,12800,12650,12660,58900,-0.007058823529411784
2025-02-07,12750,12890,12680,12850,83693,0.01500789889415488
2025-02-10,12850,12900,12820,12880,43512,0.0023346303501945442
2025-02-11,12900,12950,12890,12940,53673,0.004658385093167627
2025-02-12,12930,13020,12900,13020,80629,0.0061823802163833985
2025-02-13,13030,13050,12960,13000,65087,-0.001536098310291889
2025-02-14,13020,13050,12940,13040,36370,0.003076923076922977
2025-02-17,13050,13310,13050,13270,85637,0.017638036809815905
2025-02-18,13250,13400,13200,13260,47470,-0.0007535795026375469
2025-02-19,13280,13390,13250,13370,54721,0.008295625942684737
2025-02-20,13400,13410,13320,13400,28981,0.002243829468960401
2025-02-21,13440,13440,13310,13310,29331,-0.006716417910447747
2025-02-24,13310,13310,13170,13250,43828,-0.004507888805409421
2025-02-25,13290,13310,13230,13300,30735,0.0037735849056603765
2025-02-26,13390,13390,13200,13310,30499,0.0007518796992480592
2025-02-27,13360,13360,13150,13220,50807,-0.006761833208114187
2025-02-28,13200,13200,12990,13050,43433,-0.012859304084720136
2025-03-04,13130,13170,12920,12970,43526,-0.006130268199233679
2025-03-05,13000,13060,12920,13040,43704,0.005397070161912154
2025-03-06,13140,13280,13070,13250,45224,0.01610429447852768
2025-03-07,13370,13520,13260,13290,85638,0.0030188679245282124
2025-03-10,13290,13350,13200,13270,163665,-0.0015048908954100604
2025-03-11,13180,13210,13040,13140,129900,-0.009796533534287888
2025-03-12,13140,13140,12980,13040,152304,-0.007610350076103556
2025-03-13,13090,13160,13040,13070,68186,0.0023006134969325576
2025-03-14,13110,13110,12980,13000,114755,-0.005355776587605221
2025-03-17,13050,13090,13030,13090,109813,0.006923076923077032
2025-03-18,13120,13250,13120,13190,100211,0.0076394194041253805
2025-03-19,13190,13310,13150,13260,131282,0.005307050796057533
2025-03-20,13300,13380,13290,13300,119969,0.003016591251885359
2025-03-21,13300,13350,13280,13290,78010,-0.0007518796992481702
2025-03-24,13330,13380,13290,13330,103646,0.0030097817908201208
2025-03-25,13330,13390,13300,13370,184769,0.0030007501875468634
2025-03-26,13380,13380,13350,13360,164911,-0.0007479431563200967
2025-03-27,13360,13380,13320,13320,350449,-0.0029940119760478723
2025-03-28,12450,12800,12450,12730,353584,-0.04429429429429432
2025-03-31,12700,12700,12460,12480,195566,-0.01963864886095834
2025-04-01,12460,12590,12460,12590,61019,0.008814102564102644
2025-04-02,12510,12590,12470,12560,57399,-0.002382843526608447
2025-04-03,12510,12540,12400,12500,79587,-0.004777070063694322
2025-04-04,12390,12530,12370,12420,61087,-0.006399999999999961
2025-04-07,12190,12290,11940,12020,132041,-0.032206119162640934
2025-04-08,12150,12170,12030,12080,51217,0.004991680532445919
2025-04-09,12070,12070,11810,11870,120621,-0.01738410596026485
2025-04-10,12330,12330,12130,12290,78561,0.035383319292333626
2025-04-11,12280,12290,12200,12250,36043,-0.0032546786004882255
2025-04-14,12310,12560,12240,12560,43104,0.025306122448979673
2025-04-15,12680,12720,12550,12670,46733,0.00875796178343946
2025-04-16,12680,12810,12630,12670,30470,0.0
2025-04-17,12670,12750,12600,12670,27336,0.0
2025-04-18,12730,13010,12670,12870,70707,0.015785319652722896
2025-04-21,12870,13050,12870,12990,65984,0.00932400932400923
2025-04-22,12990,13190,12940,13130,93888,0.010777521170130866
2025-04-23,13180,13200,13080,13160,41733,0.0022848438690021844
2025-04-24,13160,13220,13110,13200,24258,0.003039513677811634
2025-04-25,13200,13310,13200,13270,54086,0.005303030303030365
2025-04-28,13270,13340,13230,13270,69481,0.0
2025-04-29,13270,13580,13240,13510,185844,0.018085908063300682
2025-04-30,13550,13920,13550,13880,152846,0.02738712065136939
2025-05-02,13880,13930,13780,13900,82624,0.0014409221902016434
2025-05-07,13900,14140,13900,14110,71674,0.015107913669064832
2025-05-08,14110,14110,14000,14080,48765,-0.002126151665485465
2025-05-09,14100,14150,14070,14110,53472,0.0021306818181818787
2025-05-12,14110,14500,14110,14340,101461,0.016300496102055195
2025-05-13,14360,14490,13900,14490,104996,0.010460251046025215
2025-05-14,14490,14840,14490,14800,111648,0.021394064872325647
2025-05-15,14790,14790,14250,14350,103104,-0.030405405405405372
2025-05-16,14340,14470,14230,14470,92263,0.00836236933797907
2025-05-19,14360,14420,13980,14090,81405,-0.0262612301313061
2025-05-20,14230,14380,14210,14290,44051,0.01419446415897796
2025-05-21,14290,14610,14280,14600,41573,0.021693491952414323
2025-05-22,14490,14590,14290,14430,67028,-0.011643835616438336
2025-05-23,14430,14630,14400,14560,51300,0.009009009009008917
2025-05-26,14630,14660,14470,14560,45331,0.0
2025-05-27,14560,14600,14430,14560,45479,0.0
2025-05-28,14560,14700,14510,14620,54036,0.004120879120879106
2025-05-29,14620,15380,14620,15340,129950,0.04924760601915179
2025-05-30,15440,15800,15240,15340,81574,0.0
2025-06-02,15350,15800,15100,15380,119943,0.0026075619295957697
2025-06-04,15530,16080,15530,16060,130315,0.04421326397919367
2025-06-05,16310,16310,15850,15940,90532,-0.007471980074719831
2025-06-09,16020,16460,16020,16200,86109,0.016311166875784266
2025-06-10,16230,16280,15880,16130,124755,-0.004320987654320985
2025-06-11,16150,16190,15870,16100,118477,-0.0018598884066955979
2025-06-12,16100,16200,15980,16020,104502,-0.004968944099378869
2025-06-13,16150,16280,15530,15890,324477,-0.00811485642946319
2025-06-16,15800,16380,15750,16380,182595,0.03083700440528636
2025-06-17,16500,16900,16180,16440,133182,0.00366300366300365
2025-06-18,16430,17180,16340,17180,230900,0.045012165450121655
2025-06-19,17020,17260,16830,17100,101436,-0.00465657741559955
2025-06-20,17080,17500,16930,17400,135422,0.01754385964912286
2025-06-23,17370,17770,17170,17680,119232,0.016091954022988464
2025-06-24,17900,18900,17900,18900,202277,0.0690045248868778
2025-06-25,18960,19370,18810,18960,117343,0.0031746031746031633
2025-06-26,18840,18840,17810,18270,179134,-0.03639240506329111
2025-06-27,18270,18270,17650,17810,92986,-0.02517788724685277
2025-06-30,17810,17970,17710,17790,79556,-0.001122964626614209
2025-07-01,17850,18370,17850,18000,113375,0.01180438448566612
2025-07-02,18000,18020,17730,17900,81439,-0.005555555555555536
2025-07-03,17920,18170,17890,18060,78440,0.00893854748603351
2025-07-04,18030,18110,17670,17670,93687,-0.021594684385382035
2025-07-07,17500,17950,17500,17940,84149,0.015280135823429575
2025-07-08,17940,18500,17930,18500,136562,0.031215161649944312
2025-07-09,18550,19280,18540,19080,125157,0.03135135135135125
2025-07-10,19080,19490,18990,19300,129493,0.011530398322851187
2025-07-11,19450,19820,19410,19750,95289,0.023316062176165886
2025-07-14,19800,20250,19690,20150,215059,0.020253164556962133
2025-07-15,20100,20200,19840,20050,131630,-0.00496277915632759
2025-07-16,19970,19970,18710,18910,209168,-0.056857855361596044
2025-07-17,19000,19020,18600,18720,129267,-0.01004759386567955
2025-07-18,18900,18910,17730,18090,306700,-0.033653846153846145
2025-07-21,18050,18050,17740,17780,136541,-0.01713653952459926
2025-07-22,17870,18230,17500,17620,122027,-0.008998875140607376
2025-07-23,17640,17690,16940,17340,187343,-0.01589103291713967
2025-07-24,17340,17750,16460,17010,139484,-0.01903114186851207
2025-07-25,16970,17300,16930,17060,81112,0.0029394473838917357
2025-07-28,17080,17190,16430,16500,238962,-0.03282532239155922
2025-07-29,16640,17060,16390,17000,111015,0.030303030303030276
2025-07-30,17100,17200,16840,16900,102702,-0.00588235294117645
2025-07-31,16900,17150,16790,16910,175949,0.0005917159763313418
2025-08-01,16820,16820,16060,16100,259614,-0.047900650502661124
2025-08-04,16020,16790,16020,16760,76079,0.0409937888198757
2025-08-05,16830,17510,16830,17240,123745,0.02863961813842475
2025-08-06,17390,17450,17150,17300,61513,0.0034802784222738303
2025-08-07,17350,17490,17140,17250,49283,-0.0028901734104046506
2025-08-08,17250,17290,17020,17030,52119,-0.012753623188405783
2025-08-11,17030,17030,16670,16760,57484,-0.015854374633000545
2025-08-12,16800,17170,16760,16870,67622,0.0065632458233890745
2025-08-13,16910,17100,16840,17000,67130,0.007705986959098965
2025-08-14,17000,17100,16970,17010,35521,0.0005882352941175562
2025-08-18,17010,17050,16700,16780,59922,-0.013521457965902428
2025-08-19,16920,16920,16630,16740,30331,-0.0023837902264600697
2025-08-20,16550,16710,16340,16680,83565,-0.0035842293906810374
2025-08-21,16860,16910,15750,16770,268862,0.0053956834532373765
2025-08-22,16760,16950,16700,16820,44182,0.0029815146094216427
2025-08-25,16890,17220,16770,17010,180241,0.011296076099881036
2025-08-26,17010,17010,16770,16830,52867,-0.010582010582010581
2025-08-27,16890,16890,16680,16790,33829,-0.002376708259061222
2025-08-28,16790,17200,16690,17140,54369,0.02084574151280516
2025-08-29,17150,17250,16990,17060,43986,-0.004667444574095736
2025-09-01,17060,17110,16890,16960,32970,-0.0058616647127783805
2025-09-02,17090,17100,16970,17100,20457,0.008254716981132004
2025-09-03,17130,17140,17070,17130,19362,0.0017543859649122862
2025-09-04,17130,17190,17090,17170,14646,0.0023350846468184194
2025-09-05,17250,17250,17090,17110,21235,-0.0034944670937682165
2025-09-08,17110,17330,17020,17220,40273,0.006428988895382792
2025-09-09,17300,17690,17280,17690,108248,0.027293844367015208
2025-09-10,18020,18050,17720,18040,94388,0.019785189372526935
2025-09-11,18200,18260,17860,18170,110941,0.007206208425720728
2025-09-12,18200,18300,18120,18240,62549,0.0038525041276828986
2025-09-15,18250,18740,18250,18670,91963,0.023574561403508776
2025-09-16,18670,18770,18630,18690,69671,0.0010712372790573355
2025-09-17,18690,18700,18320,18320,66767,-0.019796682718031033
2025-09-18,18350,18400,18250,18380,53264,0.0032751091703056012
2025-09-19,18380,18480,18310,18370,24971,-0.0005440696409140244
2025-09-22,18370,18470,18280,18350,46008,-0.0010887316276537717
2025-09-23,18310,18430,18080,18230,45634,-0.006539509536784727
2025-09-24,18230,18230,17850,17990,73409,-0.013165112452002248
2025-09-25,17990,18040,17910,18010,55167,0.0011117287381878782
2025-09-26,18010,18080,17640,17730,60418,-0.015546918378678498
2025-09-29,17820,18150,17820,17910,37923,0.010152284263959421
2025-09-30,17910,17970,17800,17930,44387,0.001116694584031297
2025-10-01,17930,17950,17800,17890,35717,-0.002230897936419396
2025-10-02,17950,18100,17800,17940,78445,0.0027948574622693734
2025-10-10,17990,18070,17480,17790,78208,-0.00836120401337792
2025-10-13,17680,17680,17400,17560,73036,-0.012928611579539062
2025-10-14,17620,17830,17520,17560,61128,0.0
2025-10-15,17560,17850,17560,17800,73625,0.013667425968109326
2025-10-16,17810,18300,17800,18080,72399,0.01573033707865168
2025-10-17,18080,18090,17900,17980,45713,-0.00553097345132747
2025-10-20,17980,18900,17870,18900,168726,0.05116796440489435
2025-10-21,18950,18990,18720,18750,147822,-0.007936507936507908
2025-10-22,18680,18710,18350,18700,57686,-0.002666666666666706
2025-10-23,18690,18690,18420,18420,58309,-0.0149732620320856
2025-10-24,18500,18760,18450,18540,53689,0.006514657980456029
2025-10-27,18660,18850,18480,18480,122952,-0.003236245954692518
2025-10-28,18460,18480,18200,18360,85328,-0.00649350649350644
2025-10-29,18360,18360,17940,18050,138857,-0.01688453159041392
2025-10-30,18050,18520,18000,18050,101686,0.0
2025-10-31,18100,18480,18060,18320,92342,0.014958448753462639
2025-11-03,18320,18620,18250,18460,114005,0.007641921397379958
2025-11-04,18460,18460,18070,18100,100204,-0.01950162513542797
2025-11-05,18100,18100,17620,17920,102694,-0.009944751381215422
2025-11-06,18010,18410,17890,18360,89923,0.024553571428571397
2025-11-07,18290,18360,17820,18050,98196,-0.01688453159041392
2025-11-10,18220,19210,18100,19070,193119,0.05650969529085881
2025-11-11,18950,19200,18780,18860,94549,-0.01101206082852646
2025-11-12,19050,19600,18940,19520,193336,0.03499469777306463
2025-11-13,19650,19690,19340,19490,50584,-0.0015368852459016757
2025-11-14,19350,19410,18960,19000,83894,-0.025141097998973794
2025-11-17,19150,19180,18920,19030,49826,0.0015789473684211242
2025-11-18,18910,18990,18460,18580,67034,-0.02364687335785598
2025-11-19,18700,18870,18450,18710,53403,0.006996770721205525
2025-11-20,18800,19100,18780,18970,56936,0.013896312132549493
2025-11-21,18730,18890,18610,18800,53933,-0.008961518186610395
2025-11-24,18900,18940,18680,18760,31915,-0.0021276595744680327
2025-11-25,18800,18870,18520,18620,41495,-0.007462686567164201
2025-11-26,18670,18970,18650,18960,40815,0.018259935553168738
2025-11-27,18970,19050,18890,18970,48138,0.0005274261603376296
2025-11-28,19090,19090,18900,18970,20944,0.0
2025-12-01,19040,19080,18860,18970,34977,0.0
2025-12-02,19100,19470,19040,19450,100411,0.02530311017395892
2025-12-03,19450,19650,19380,19570,58673,0.006169665809768743
2025-12-04,19570,19600,19450,19580,30234,0.0005109862033725321
2025-12-05,19600,19680,19510,19680,36596,0.005107252298263587
2025-12-08,19760,19760,19550,19550,38684,-0.0066056910569105565
2025-12-09,19680,19680,19420,19550,26793,0.0
2025-12-10,19610,19610,19430,19460,18450,-0.004603580562659859
2025-12-11,19480,19590,19380,19430,38505,-0.0015416238437820917
2025-12-12,19430,19630,19410,19610,42415,0.009264024704065843
2025-12-15,19570,19570,19400,19460,29199,-0.007649158592554772
2025-12-16,19530,19530,19320,19350,53101,-0.00565262076053441
2025-12-17,19490,19490,19260,19290,45939,-0.0031007751937984773
2025-12-18,19290,19290,19110,19170,55450,-0.0062208398133748455
2025-12-19,19220,19440,19200,19400,33770,0.011997913406364136
2025-12-22,19400,19570,19400,19410,40948,0.0005154639175257714
2025-12-23,19490,19540,19400,19500,35731,0.004636785162287493
2025-12-24,19500,19690,19480,19680,51463,0.009230769230769154
2025-12-26,19700,19770,19650,19670,51830,-0.000508130081300795
2025-12-29,19670,19740,19380,19700,51517,0.0015251652262329163
2025-12-30,19690,19710,19560,19570,29654,-0.006598984771573613
2026-01-02,19570,19590,19370,19500,72743,-0.0035769034236076136
2026-01-05,19500,19590,19350,19550,53959,0.002564102564102555
2026-01-06,19550,19990,19510,19930,83285,0.019437340153452665
2026-01-07,19930,19950,19580,19660,56072,-0.01354741595584541
2026-01-08,19650,19650,19370,19400,58640,-0.01322482197355035
2026-01-09,19500,19540,19380,19530,39118,0.006701030927835028
2026-01-12,19530,19610,19410,19460,57708,-0.0035842293906810374
2026-01-13,19490,19610,19460,19590,38478,0.0066803699897224345
2026-01-14,19540,19670,19520,19670,52120,0.0040837161817253165
2026-01-15,19620,19870,19620,19860,60990,0.009659379766141285
2026-01-16,19900,20050,19860,20050,66739,0.009566968781470342
2026-01-19,20100,20250,20000,20200,55341,0.007481296758104827
2026-01-20,20250,20700,20200,20650,104813,0.022277227722772297
2026-01-21,20500,20500,20050,20350,77123,-0.014527845036319653
2026-01-22,20550,20950,20500,20600,76058,0.01228501228501222
2026-01-23,20600,21600,20600,21450,145967,0.04126213592233019
2026-01-26,21450,21550,21200,21400,55202,-0.002331002331002363
2026-01-27,21500,21950,21250,21850,64788,0.02102803738317749
2026-01-28,22000,22300,21950,22250,72598,0.01830663615560635
2026-01-29,22250,22700,21600,22650,145563,0.01797752808988773
2026-01-30,22650,23200,22450,22900,118574,0.011037527593819041
2026-02-02,22850,22850,21550,21700,116319,-0.05240174672489084
2026-02-03,22100,22850,22000,22550,97209,0.03917050691244239
2026-02-04,22800,22950,22100,22900,45023,0.015521064301552201
2026-02-05,22750,23000,22300,22550,63054,-0.015283842794759805
2026-02-06,22000,22450,21100,22300,64496,-0.011086474501108667
