Date,Open,High,Low,Close,Volume,Change
2022-01-03,0,0,0,3800,0,0.0
2022-01-04,0,0,0,3800,0,0.0
2022-01-05,0,0,0,3800,0,0.0
2022-01-06,0,0,0,3800,0,0.0
2022-01-07,0,0,0,3800,0,0.0
2022-01-10,0,0,0,3800,0,0.0
2022-01-11,0,0,0,3800,0,0.0
2022-01-12,0,0,0,3800,0,0.0
2022-01-13,0,0,0,3800,0,0.0
2022-01-14,0,0,0,3800,0,0.0
2022-01-17,0,0,0,3800,0,0.0
2022-01-18,0,0,0,3800,0,0.0
2022-01-19,0,0,0,3800,0,0.0
2022-01-20,0,0,0,3800,0,0.0
2022-01-21,0,0,0,3800,0,0.0
2022-01-24,0,0,0,3800,0,0.0
2022-01-25,0,0,0,3800,0,0.0
2022-01-26,0,0,0,3800,0,0.0
2022-01-27,0,0,0,3800,0,0.0
2022-01-28,0,0,0,3800,0,0.0
2022-02-03,0,0,0,3800,0,0.0
2022-02-04,0,0,0,3800,0,0.0
2022-02-07,0,0,0,3800,0,0.0
2022-02-08,0,0,0,3800,0,0.0
2022-02-09,0,0,0,3800,0,0.0
2022-02-10,0,0,0,3800,0,0.0
2022-02-11,0,0,0,3800,0,0.0
2022-02-14,0,0,0,3800,0,0.0
2022-02-15,0,0,0,3800,0,0.0
2022-02-16,0,0,0,3800,0,0.0
2022-02-17,0,0,0,3800,0,0.0
2022-02-18,0,0,0,3800,0,0.0
2022-02-21,0,0,0,3800,0,0.0
2022-02-22,0,0,0,3800,0,0.0
2022-02-23,0,0,0,3800,0,0.0
2022-02-24,0,0,0,3800,0,0.0
2022-02-25,0,0,0,3800,0,0.0
2022-02-28,0,0,0,3800,0,0.0
2022-03-02,0,0,0,3800,0,0.0
2022-03-03,0,0,0,3800,0,0.0
2022-03-04,0,0,0,3800,0,0.0
2022-03-07,0,0,0,3800,0,0.0
2022-03-08,0,0,0,3800,0,0.0
2022-03-10,0,0,0,3800,0,0.0
2022-03-11,0,0,0,3800,0,0.0
2022-03-14,0,0,0,3800,0,0.0
2022-03-15,0,0,0,3800,0,0.0
2022-03-16,0,0,0,3800,0,0.0
2022-03-17,0,0,0,3800,0,0.0
2022-03-18,0,0,0,3800,0,0.0
2022-03-21,0,0,0,3800,0,0.0
2022-03-22,0,0,0,3800,0,0.0
2022-03-23,0,0,0,3800,0,0.0
2022-03-24,0,0,0,3800,0,0.0
2022-03-25,0,0,0,3800,0,0.0
2022-03-28,0,0,0,3800,0,0.0
2022-03-29,0,0,0,3800,0,0.0
2022-03-30,0,0,0,3800,0,0.0
2022-03-31,0,0,0,3800,0,0.0
2022-04-01,0,0,0,3800,0,0.0
2022-04-04,0,0,0,3800,0,0.0
2022-04-05,0,0,0,3800,0,0.0
2022-04-06,0,0,0,3800,0,0.0
2022-04-07,0,0,0,3800,0,0.0
2022-04-08,0,0,0,3800,0,0.0
2022-04-11,0,0,0,3800,0,0.0
2022-04-12,0,0,0,3800,0,0.0
2022-04-13,0,0,0,3800,0,0.0
2022-04-14,0,0,0,3800,0,0.0
2022-04-15,0,0,0,3800,0,0.0
2022-04-18,0,0,0,3800,0,0.0
2022-04-19,0,0,0,3800,0,0.0
2022-04-20,0,0,0,3800,0,0.0
2022-04-21,0,0,0,3800,0,0.0
2022-04-22,0,0,0,3800,0,0.0
2022-04-25,0,0,0,3800,0,0.0
2022-04-26,0,0,0,3800,0,0.0
2022-04-27,0,0,0,3800,0,0.0
2022-04-28,0,0,0,3800,0,0.0
2022-04-29,0,0,0,3800,0,0.0
2022-05-02,0,0,0,3800,0,0.0
2022-05-03,0,0,0,3800,0,0.0
2022-05-04,0,0,0,3800,0,0.0
2022-05-06,0,0,0,3800,0,0.0
2022-05-09,0,0,0,3800,0,0.0
2022-05-10,0,0,0,3800,0,0.0
2022-05-11,0,0,0,3800,0,0.0
2022-05-12,0,0,0,3800,0,0.0
2022-05-13,0,0,0,3800,0,0.0
2022-05-16,0,0,0,3800,0,0.0
2022-05-17,0,0,0,3800,0,0.0
2022-05-18,0,0,0,3800,0,0.0
2022-05-19,0,0,0,3800,0,0.0
2022-05-20,0,0,0,3800,0,0.0
2022-05-23,0,0,0,3800,0,0.0
2022-05-24,0,0,0,3800,0,0.0
2022-05-25,0,0,0,3800,0,0.0
2022-05-26,0,0,0,3800,0,0.0
2022-05-27,0,0,0,3800,0,0.0
2022-05-30,0,0,0,3800,0,0.0
2022-05-31,0,0,0,3800,0,0.0
2022-06-02,0,0,0,3800,0,0.0
2022-06-03,0,0,0,3800,0,0.0
2022-06-07,0,0,0,3800,0,0.0
2022-06-08,0,0,0,3800,0,0.0
2022-06-09,0,0,0,3800,0,0.0
2022-06-10,0,0,0,3800,0,0.0
2022-06-13,0,0,0,3800,0,0.0
2022-06-14,0,0,0,3800,0,0.0
2022-06-15,0,0,0,3800,0,0.0
2022-06-16,0,0,0,3800,0,0.0
2022-06-17,0,0,0,3800,0,0.0
2022-06-20,0,0,0,3800,0,0.0
2022-06-21,0,0,0,3800,0,0.0
2022-06-22,0,0,0,3800,0,0.0
2022-06-23,0,0,0,3800,0,0.0
2022-06-24,0,0,0,3800,0,0.0
2022-06-27,0,0,0,3800,0,0.0
2022-06-28,0,0,0,3800,0,0.0
2022-06-29,0,0,0,3800,0,0.0
2022-06-30,0,0,0,3800,0,0.0
2022-07-01,0,0,0,3800,0,0.0
2022-07-04,0,0,0,3800,0,0.0
2022-07-05,0,0,0,3800,0,0.0
2022-07-06,0,0,0,3800,0,0.0
2022-07-07,0,0,0,3800,0,0.0
2022-07-08,0,0,0,3800,0,0.0
2022-07-11,0,0,0,3800,0,0.0
2022-07-12,0,0,0,3800,0,0.0
2022-07-13,0,0,0,3800,0,0.0
2022-07-14,0,0,0,3800,0,0.0
2022-07-15,0,0,0,3800,0,0.0
2022-07-18,0,0,0,3800,0,0.0
2022-07-19,0,0,0,3800,0,0.0
2022-07-20,0,0,0,3800,0,0.0
2022-07-21,0,0,0,3800,0,0.0
2022-07-22,0,0,0,3800,0,0.0
2022-07-25,0,0,0,3800,0,0.0
2022-07-26,0,0,0,3800,0,0.0
2022-07-27,0,0,0,3800,0,0.0
2022-07-28,0,0,0,3800,0,0.0
2022-07-29,0,0,0,3800,0,0.0
2022-08-01,0,0,0,3800,0,0.0
2022-08-02,0,0,0,3800,0,0.0
2022-08-03,0,0,0,3800,0,0.0
2022-08-04,0,0,0,3800,0,0.0
2022-08-05,0,0,0,3800,0,0.0
2022-08-08,0,0,0,3800,0,0.0
2022-08-09,0,0,0,3800,0,0.0
2022-08-10,0,0,0,3800,0,0.0
2022-08-11,0,0,0,3800,0,0.0
2022-08-12,0,0,0,3800,0,0.0
2022-08-16,0,0,0,3800,0,0.0
2022-08-17,0,0,0,3800,0,0.0
2022-08-18,0,0,0,3800,0,0.0
2022-08-19,0,0,0,3800,0,0.0
2022-08-22,0,0,0,3800,0,0.0
2022-08-23,0,0,0,3800,0,0.0
2022-08-24,0,0,0,3800,0,0.0
2022-08-25,0,0,0,3800,0,0.0
2022-08-26,0,0,0,3800,0,0.0
2022-08-29,0,0,0,3800,0,0.0
2022-08-30,0,0,0,3800,0,0.0
2022-08-31,0,0,0,3800,0,0.0
2022-09-01,0,0,0,3800,0,0.0
2022-09-02,0,0,0,3800,0,0.0
2022-09-05,0,0,0,3800,0,0.0
2022-09-06,0,0,0,3800,0,0.0
2022-09-07,0,0,0,3800,0,0.0
2022-09-08,0,0,0,3800,0,0.0
2022-09-13,0,0,0,3800,0,0.0
2022-09-14,0,0,0,3800,0,0.0
2022-09-15,0,0,0,3800,0,0.0
2022-09-16,0,0,0,3800,0,0.0
2022-09-19,0,0,0,3800,0,0.0
2022-09-20,0,0,0,3800,0,0.0
2022-09-21,0,0,0,3800,0,0.0
2022-09-22,0,0,0,3800,0,0.0
2022-09-23,0,0,0,3800,0,0.0
2022-09-26,3800,4900,3730,3980,5333457,0.047368421052631504
2022-09-27,4060,4070,3305,3380,1386617,-0.1507537688442211
2022-09-28,3300,3310,2700,2835,1243489,-0.16124260355029585
2022-09-29,2835,2975,2610,2615,627261,-0.07760141093474426
2022-09-30,2515,3230,2360,2960,3844491,0.1319311663479923
2022-10-04,2965,3330,2850,2970,1654661,0.0033783783783782884
2022-10-05,2970,3050,2840,2860,335704,-0.03703703703703709
2022-10-06,2890,2945,2790,2810,378151,-0.0174825174825175
2022-10-07,3050,3245,2800,2850,2167753,0.014234875444839812
2022-10-11,2795,2995,2770,2795,356152,-0.019298245614035037
2022-10-12,2795,2835,2590,2670,248207,-0.04472271914132375
2022-10-13,2625,2635,2490,2545,232042,-0.04681647940074907
2022-10-14,2550,2640,2550,2595,140376,0.01964636542239684
2022-10-17,2595,2650,2485,2650,148975,0.021194605009633882
2022-10-18,2660,2760,2645,2655,159663,0.0018867924528302993
2022-10-19,2665,2700,2595,2610,133856,-0.016949152542372836
2022-10-20,2610,2610,2505,2600,112663,-0.003831417624521105
2022-10-21,2570,2580,2465,2480,183036,-0.0461538461538461
2022-10-24,2525,2535,2460,2495,103951,0.006048387096774244
2022-10-25,2530,2595,2490,2505,102492,0.004008016032064132
2022-10-26,2580,2580,2440,2465,144611,-0.015968063872255467
2022-10-27,2540,2645,2505,2530,316386,0.026369168356997985
2022-10-28,2535,2575,2500,2500,113212,-0.011857707509881465
2022-10-31,2550,2550,2490,2505,96563,0.0020000000000000018
2022-11-01,2505,2540,2470,2500,119461,-0.001996007984031989
2022-11-02,2500,2520,2455,2475,105053,-0.010000000000000009
2022-11-03,2475,2475,2415,2420,133341,-0.022222222222222254
2022-11-04,2400,2445,2340,2360,162351,-0.024793388429752095
2022-11-07,2360,2395,2330,2340,117171,-0.008474576271186418
2022-11-08,2315,2465,2315,2460,267986,0.05128205128205132
2022-11-09,2430,2470,2375,2400,226319,-0.024390243902439046
2022-11-10,2375,2410,2335,2335,185199,-0.027083333333333348
2022-11-11,2370,2420,2350,2385,241887,0.021413276231263323
2022-11-14,2390,2545,2390,2420,401583,0.01467505241090139
2022-11-15,2420,2450,2400,2430,105721,0.004132231404958775
2022-11-16,2440,2490,2425,2465,197820,0.014403292181069949
2022-11-17,2470,2470,2405,2415,111637,-0.020283975659229236
2022-11-18,2415,2425,2385,2385,127635,-0.012422360248447228
2022-11-21,2365,2385,2255,2265,224677,-0.05031446540880502
2022-11-22,2210,2270,2180,2195,212453,-0.030905077262693204
2022-11-23,2215,2215,2150,2175,108912,-0.009111617312072884
2022-11-24,2185,2220,2180,2200,106771,0.011494252873563315
2022-11-25,2200,2230,2180,2190,109240,-0.004545454545454519
2022-11-28,2190,2220,2095,2100,140734,-0.04109589041095896
2022-11-29,2100,2120,2015,2095,110451,-0.0023809523809523725
2022-11-30,2095,2230,2090,2165,161732,0.03341288782816232
2022-12-01,2175,2195,2100,2130,127590,-0.0161662817551963
2022-12-02,2080,2120,2075,2075,82704,-0.025821596244131495
2022-12-05,2060,2110,2060,2100,41625,0.012048192771084265
2022-12-06,2100,2100,2035,2045,49469,-0.02619047619047621
2022-12-07,2025,2045,1995,2015,91872,-0.014669926650366705
2022-12-08,2005,2020,1970,2000,106578,-0.007444168734491274
2022-12-09,1990,2065,1950,2060,181731,0.030000000000000027
2022-12-12,2075,2095,2040,2045,146848,-0.007281553398058249
2022-12-13,2050,2090,2050,2060,98952,0.007334963325183352
2022-12-14,2060,2095,2055,2085,154612,0.012135922330097193
2022-12-15,2095,2100,2050,2065,112484,-0.00959232613908878
2022-12-16,2040,2050,1990,2000,132507,-0.03147699757869249
2022-12-19,2000,2015,1945,1960,182752,-0.020000000000000018
2022-12-20,1950,1965,1860,1875,238353,-0.04336734693877553
2022-12-21,1880,1895,1795,1825,150592,-0.026666666666666616
2022-12-22,1815,1825,1770,1775,212629,-0.0273972602739726
2022-12-23,1790,1810,1675,1700,159056,-0.04225352112676062
2022-12-26,1690,1695,1605,1660,112674,-0.02352941176470591
2022-12-27,1655,1700,1650,1665,53614,0.003012048192771122
2022-12-28,1695,1700,1550,1590,189070,-0.04504504504504503
2022-12-29,1555,1585,1500,1525,164113,-0.04088050314465408
2023-01-02,1525,1595,1515,1550,82450,0.016393442622950838
2023-01-03,1515,1550,1515,1545,44010,-0.003225806451612856
2023-01-04,1490,1570,1490,1565,66317,0.012944983818770295
2023-01-05,1590,1600,1550,1575,77640,0.006389776357827559
2023-01-06,1570,1620,1520,1580,63741,0.0031746031746031633
2023-01-09,1580,2050,1580,2050,2611937,0.2974683544303798
2023-01-10,2250,2470,2115,2140,7849424,0.04390243902439028
2023-01-11,2140,2140,2000,2000,513118,-0.06542056074766356
2023-01-12,2020,2415,2020,2250,915520,0.125
2023-01-13,2405,2420,2300,2390,593525,0.06222222222222218
2023-01-16,2420,2450,2410,2410,308015,0.008368200836819994
2023-01-17,2380,2380,2300,2310,189724,-0.04149377593360992
2023-01-18,2350,2410,2350,2385,195820,0.032467532467532534
2023-01-19,2385,2385,2300,2350,123215,-0.014675052410901501
2023-01-20,2350,2350,2145,2190,332905,-0.06808510638297871
2023-01-25,2220,2220,2160,2160,121208,-0.013698630136986356
2023-01-26,2155,2320,2155,2320,172083,0.07407407407407418
2023-01-27,2290,2845,2195,2570,5012065,0.10775862068965525
2023-01-30,2535,2760,2465,2525,1170098,-0.017509727626459193
2023-01-31,2500,2570,2455,2500,312999,-0.00990099009900991
2023-02-01,2500,2660,2480,2635,726170,0.05400000000000005
2023-02-02,2580,2580,2520,2565,241390,-0.026565464895635715
2023-02-03,2545,2545,2465,2510,154233,-0.021442495126705707
2023-02-06,2495,2510,2445,2480,60902,-0.01195219123505975
2023-02-07,2495,2560,2495,2545,67518,0.02620967741935476
2023-02-08,2550,2560,2525,2560,67333,0.005893909626718985
2023-02-09,2555,2555,2490,2520,74220,-0.015625
2023-02-10,2500,2540,2485,2530,75203,0.003968253968253954
2023-02-13,2495,2550,2495,2550,57684,0.007905138339920903
2023-02-14,2560,2645,2560,2640,165099,0.03529411764705892
2023-02-15,2640,2650,2580,2590,125581,-0.018939393939393923
2023-02-16,2640,2640,2480,2490,297937,-0.038610038610038644
2023-02-17,2465,2510,2410,2475,185374,-0.0060240963855421326
2023-02-20,2475,2500,2340,2475,1865479,0.0
2023-02-21,2485,2490,2380,2420,165032,-0.022222222222222254
2023-02-22,2370,2430,2350,2395,180750,-0.010330578512396715
2023-02-23,2340,2395,2280,2295,261005,-0.04175365344467641
2023-02-24,2300,2320,2210,2230,177802,-0.028322440087146017
2023-02-27,2200,2270,2195,2235,118635,0.0022421524663676085
2023-02-28,2235,2270,2210,2240,74367,0.0022371364653244186
2023-03-02,2245,2400,2245,2265,183716,0.01116071428571419
2023-03-03,2285,2360,2265,2330,129845,0.028697571743929284
2023-03-06,2330,2370,2280,2290,145891,-0.01716738197424894
2023-03-07,2290,2320,2250,2270,128932,-0.008733624454148492
2023-03-08,2250,2290,2180,2200,187154,-0.03083700440528636
2023-03-09,2180,2205,2135,2160,102777,-0.018181818181818188
2023-03-10,2160,2160,2050,2110,109860,-0.02314814814814814
2023-03-13,2000,2095,2000,2090,126688,-0.009478672985781977
2023-03-14,2060,2060,1947,1949,104483,-0.06746411483253589
2023-03-15,1950,2020,1950,1978,50698,0.014879425346331354
2023-03-16,1970,2010,1961,1970,41002,-0.004044489383215333
2023-03-17,1970,2050,1964,2020,77999,0.025380710659898442
2023-03-20,2010,2095,2010,2035,72938,0.007425742574257432
2023-03-21,2035,2060,1880,2000,85068,-0.017199017199017175
2023-03-22,2000,2020,1967,2000,56037,0.0
2023-03-23,1996,2005,1975,1984,78440,-0.008000000000000007
2023-03-24,1960,1987,1899,1960,109883,-0.012096774193548376
2023-03-27,1958,1978,1924,1939,71008,-0.010714285714285676
2023-03-28,1931,1958,1929,1946,78751,0.0036101083032491488
2023-03-29,1946,1963,1868,1883,148590,-0.03237410071942448
2023-03-30,1883,1902,1849,1861,130928,-0.011683483802442884
2023-03-31,1876,1899,1818,1818,126054,-0.02310585706609347
2023-04-03,1819,1858,1819,1850,79025,0.017601760176017667
2023-04-04,1842,1882,1842,1862,104218,0.00648648648648642
2023-04-05,1862,1889,1855,1866,45814,0.002148227712137407
2023-04-06,1866,1880,1805,1806,95129,-0.032154340836012874
2023-04-07,1801,1833,1801,1818,66227,0.006644518272425293
2023-04-10,1818,1835,1756,1775,125875,-0.023652365236523698
2023-04-11,1775,1797,1754,1797,69269,0.012394366197183038
2023-04-12,1762,1816,1760,1815,175121,0.01001669449081799
2023-04-13,1816,1870,1796,1815,136033,0.0
2023-04-14,1816,1900,1816,1899,293138,0.046280991735537125
2023-04-17,1902,2390,1899,2130,4816002,0.12164296998420232
2023-04-18,2125,2150,2055,2125,412279,-0.0023474178403756207
2023-04-19,2125,2195,2065,2160,310854,0.016470588235294015
2023-04-20,2140,2750,2110,2565,5770598,0.1875
2023-04-21,2650,2910,2475,2585,3888117,0.007797270955165692
2023-04-24,2600,2855,2600,2765,1989075,0.06963249516441006
2023-04-25,2825,2885,2615,2675,725066,-0.032549728752260365
2023-04-26,2645,2745,2525,2630,342632,-0.016822429906542036
2023-04-27,2600,2745,2550,2710,324713,0.03041825095057038
2023-04-28,2710,3150,2680,2910,2936647,0.07380073800738018
2023-05-02,2885,2895,2680,2695,875770,-0.07388316151202745
2023-05-03,2650,2715,2615,2700,310966,0.0018552875695732052
2023-05-04,2635,2650,2500,2505,321521,-0.07222222222222219
2023-05-08,2480,2725,2475,2560,614391,0.02195608782435121
2023-05-09,2520,2570,2475,2510,189196,-0.01953125
2023-05-10,2510,2675,2470,2535,294842,0.009960159362549792
2023-05-11,2450,2510,2170,2260,976062,-0.10848126232741617
2023-05-12,2260,2290,2155,2245,189857,-0.006637168141592875
2023-05-15,2240,2290,2150,2250,130174,0.00222717149220486
2023-05-16,2250,2385,2250,2295,94675,0.020000000000000018
2023-05-17,2270,2355,2245,2325,145685,0.013071895424836555
2023-05-18,2330,2370,2305,2340,81028,0.006451612903225712
2023-05-19,2340,2350,2260,2315,129292,-0.010683760683760646
2023-05-22,2325,2335,2260,2275,113845,-0.017278617710583144
2023-05-23,2295,2350,2245,2305,135505,0.01318681318681314
2023-05-24,2315,2315,2230,2250,144373,-0.02386117136659438
2023-05-25,2240,2270,2215,2235,60848,-0.00666666666666671
2023-05-26,2210,2310,2210,2285,103401,0.02237136465324374
2023-05-30,2285,2370,2280,2345,172432,0.026258205689277947
2023-05-31,2345,2355,2260,2310,178351,-0.014925373134328401
2023-06-01,2270,2315,2255,2295,49655,-0.00649350649350644
2023-06-02,2295,2315,2270,2300,48544,0.002178649237472685
2023-06-05,2340,2340,2275,2315,73695,0.006521739130434856
2023-06-07,2295,2320,2265,2275,113030,-0.017278617710583144
2023-06-08,2275,2275,2240,2250,60046,-0.01098901098901095
2023-06-09,2270,2320,2255,2275,70281,0.011111111111111072
2023-06-12,2260,2355,2260,2325,176116,0.0219780219780219
2023-06-13,2305,2340,2265,2270,126859,-0.023655913978494647
2023-06-14,2270,2285,2230,2245,86950,-0.011013215859030812
2023-06-15,2230,2245,2190,2215,111407,-0.013363028953229383
2023-06-16,2200,2240,2175,2205,72631,-0.004514672686230292
2023-06-19,2205,2710,2205,2600,3461520,0.17913832199546476
2023-06-20,2680,2700,2500,2560,712155,-0.01538461538461533
2023-06-21,2500,2650,2425,2475,301742,-0.033203125
2023-06-22,2475,2500,2390,2410,123005,-0.02626262626262621
2023-06-23,2415,2550,2410,2490,193858,0.03319502074688807
2023-06-26,2600,2600,2390,2485,177695,-0.002008032128514081
2023-06-27,2490,2500,2385,2425,108872,-0.024144869215291798
2023-06-28,2410,2425,2345,2360,99310,-0.026804123711340222
2023-06-29,2345,2435,2240,2260,229412,-0.0423728813559322
2023-06-30,2260,2340,2220,2340,129235,0.03539823008849563
2023-07-03,2340,2370,2250,2295,77567,-0.019230769230769273
2023-07-04,2295,2365,2280,2310,82780,0.006535947712418277
2023-07-05,2290,2325,2275,2300,55813,-0.0043290043290042934
2023-07-06,2350,2845,2350,2435,2090104,0.05869565217391304
2023-07-07,2390,2595,2315,2570,708430,0.05544147843942504
2023-07-10,2535,2590,2475,2510,294296,-0.023346303501945553
2023-07-11,2505,2560,2430,2470,164180,-0.015936254980079667
2023-07-12,2475,2500,2445,2465,102857,-0.002024291497975672
2023-07-13,2455,2500,2430,2430,107867,-0.014198782961460488
2023-07-14,2430,2470,2370,2400,77410,-0.012345679012345734
2023-07-17,2380,2450,2345,2445,126000,0.018750000000000044
2023-07-18,2440,2440,2335,2345,133203,-0.04089979550102252
2023-07-19,2345,2395,2320,2320,81075,-0.010660980810234588
2023-07-20,2320,2375,2300,2330,82908,0.004310344827586299
2023-07-21,2330,2375,2285,2310,168815,-0.008583690987124415
2023-07-24,2280,2295,2165,2165,265809,-0.06277056277056281
2023-07-25,2165,2185,2020,2095,202314,-0.0323325635103926
2023-07-26,2095,2135,1948,1959,237687,-0.06491646778042959
2023-07-27,2025,2045,1959,1999,164650,0.020418580908626804
2023-07-28,1999,2075,1997,2030,118971,0.015507753876938368
2023-07-31,2055,2150,2040,2105,66877,0.03694581280788167
2023-08-01,2140,2345,2120,2300,256486,0.09263657957244664
2023-08-02,2330,2345,2185,2190,112416,-0.047826086956521685
2023-08-03,2190,2245,2150,2235,56966,0.020547945205479534
2023-08-04,2235,2310,2160,2235,47393,0.0
2023-08-07,2235,2235,2155,2155,87267,-0.03579418344519014
2023-08-08,2155,2180,2085,2085,48269,-0.0324825986078886
2023-08-09,2215,2225,2030,2185,68803,0.04796163069544357
2023-08-10,2195,2230,2100,2120,69996,-0.029748283752860427
2023-08-11,2135,2195,2130,2130,29448,0.004716981132075526
2023-08-14,2130,2200,2050,2100,46091,-0.014084507042253502
2023-08-16,2085,2085,2015,2040,70071,-0.02857142857142858
2023-08-17,2030,2395,2030,2200,415630,0.07843137254901955
2023-08-18,2190,2355,2135,2250,201559,0.022727272727272707
2023-08-21,2250,2350,2230,2300,120207,0.022222222222222143
2023-08-22,2290,2345,2180,2180,79523,-0.05217391304347829
2023-08-23,2290,2290,2100,2165,131748,-0.006880733944954143
2023-08-24,2145,2165,2095,2095,55329,-0.0323325635103926
2023-08-25,2060,2120,2050,2120,47273,0.01193317422434359
2023-08-28,2120,2180,2055,2090,79881,-0.014150943396226467
2023-08-29,2090,2110,2050,2055,49724,-0.01674641148325362
2023-08-30,2035,2085,2035,2085,39362,0.014598540145985384
2023-08-31,2220,2475,2065,2070,2189727,-0.007194244604316502
2023-09-01,2135,2160,2055,2075,160080,0.0024154589371980784
2023-09-04,2115,2140,2065,2100,146004,0.012048192771084265
2023-09-05,2100,2130,2060,2120,99488,0.00952380952380949
2023-09-06,2130,2175,2100,2110,185474,-0.004716981132075526
2023-09-07,2105,2140,2065,2080,65511,-0.014218009478673022
2023-09-08,2080,2100,1847,2015,165944,-0.03125
2023-09-11,2020,2080,1993,2010,70155,-0.002481389578163795
2023-09-12,2075,2085,1992,1995,88977,-0.007462686567164201
2023-09-13,1996,2040,1992,1995,44422,0.0
2023-09-14,1995,2065,1995,2045,51984,0.02506265664160412
2023-09-15,2055,2065,2010,2015,56153,-0.014669926650366705
2023-09-18,2015,2030,1999,2010,76310,-0.002481389578163795
2023-09-19,2010,2020,1985,1999,81086,-0.005472636815920362
2023-09-20,1987,1995,1950,1959,72374,-0.020010005002501274
2023-09-21,1953,1998,1898,1902,71390,-0.029096477794793296
2023-09-22,1908,1948,1830,1850,82950,-0.02733964248159837
2023-09-25,1850,1909,1816,1816,49720,-0.018378378378378413
2023-09-26,1821,1857,1750,1761,120637,-0.030286343612334843
2023-09-27,1750,1800,1749,1797,31842,0.020442930153321992
2023-10-04,1797,1849,1765,1767,40617,-0.016694490818030094
2023-10-05,1825,1825,1694,1694,47532,-0.04131295981890204
2023-10-06,1616,1775,1540,1713,76587,0.011216056670602104
2023-10-10,1713,1780,1667,1715,69473,0.0011675423234092097
2023-10-11,1715,1772,1715,1721,35057,0.003498542274052552
2023-10-12,1726,2235,1726,1930,4426030,0.12144102266124346
2023-10-13,1910,1910,1785,1826,348977,-0.05388601036269425
2023-10-16,1801,1812,1726,1778,93909,-0.026286966046002225
2023-10-17,1745,1783,1745,1763,133079,-0.00843644544431943
2023-10-18,1720,1753,1718,1722,62861,-0.023255813953488413
2023-10-19,1729,1731,1649,1657,66639,-0.03774680603948899
2023-10-20,1657,1780,1649,1690,111144,0.01991550995775504
2023-10-23,1691,1725,1660,1671,28722,-0.011242603550295827
2023-10-24,1675,1720,1660,1684,20116,0.007779772591262724
2023-10-25,1668,1785,1668,1685,61555,0.000593824228028561
2023-10-26,1605,1755,1605,1667,110876,-0.010682492581602365
2023-10-27,1668,1700,1635,1649,16825,-0.010797840431913563
2023-10-30,1650,1729,1650,1659,122024,0.006064281382656134
2023-10-31,1659,1724,1623,1626,53142,-0.019891500904159143
2023-11-01,1626,1675,1599,1634,140001,0.004920049200491938
2023-11-02,1606,1680,1606,1649,79404,0.009179926560587415
2023-11-03,1649,1680,1634,1670,28536,0.01273499090357788
2023-11-06,1629,1700,1621,1650,135944,-0.0119760479041916
2023-11-07,1650,1699,1625,1649,48241,-0.00060606060606061
2023-11-08,1650,1697,1632,1643,21982,-0.0036385688295936802
2023-11-09,1643,1656,1618,1630,47900,-0.00791235544735236
2023-11-10,1600,1674,1600,1621,19989,-0.005521472392638005
2023-11-13,1621,1649,1601,1609,40225,-0.007402837754472591
2023-11-14,1609,1644,1609,1628,51156,0.011808576755748978
2023-11-15,1615,1660,1615,1637,148357,0.005528255528255421
2023-11-16,1622,1679,1620,1646,91740,0.005497861942577842
2023-11-17,1646,1660,1643,1650,26674,0.002430133657351119
2023-11-20,1650,1765,1650,1684,146888,0.020606060606060517
2023-11-21,1685,1794,1657,1771,170574,0.051662707838479704
2023-11-22,1771,1797,1710,1740,67443,-0.017504234895539206
2023-11-23,1735,1745,1727,1727,86064,-0.007471264367816088
2023-11-24,1727,1728,1698,1707,36096,-0.011580775911986141
2023-11-27,1702,1705,1599,1602,274856,-0.061511423550087874
2023-11-28,1602,1640,1600,1626,88962,0.014981273408239737
2023-11-29,1614,1675,1614,1623,116309,-0.0018450184501844769
2023-11-30,1623,1662,1620,1658,89864,0.02156500308071463
2023-12-01,1658,1690,1652,1665,45382,0.0042219541616406175
2023-12-04,1665,1698,1637,1698,49968,0.01981981981981984
2023-12-05,1691,1763,1691,1719,120049,0.012367491166077826
2023-12-06,1714,1805,1695,1790,126958,0.04130308318789999
2023-12-07,1790,1933,1772,1904,265282,0.06368715083798882
2023-12-08,1942,1942,1838,1899,182083,-0.002626050420168058
2023-12-11,1890,1923,1836,1850,101354,-0.025803054239073142
2023-12-12,1850,1892,1700,1782,115426,-0.036756756756756714
2023-12-13,1784,1784,1732,1740,61643,-0.023569023569023573
2023-12-14,1740,1764,1662,1726,37699,-0.008045977011494232
2023-12-15,1706,1735,1705,1725,39233,-0.0005793742757821407
2023-12-18,1725,1750,1650,1670,217221,-0.03188405797101446
2023-12-19,1670,1708,1638,1654,100138,-0.009580838323353325
2023-12-20,1678,1698,1653,1654,73324,0.0
2023-12-21,1654,1669,1638,1643,49612,-0.006650544135429315
2023-12-22,1643,1662,1620,1649,66151,0.0036518563603165077
2023-12-26,1649,1655,1617,1620,53900,-0.0175864160097029
2023-12-27,1602,1652,1602,1629,72107,0.005555555555555536
2023-12-28,1616,1723,1611,1694,161497,0.039901780233271955
2024-01-02,1688,1729,1680,1726,104097,0.018890200708382432
2024-01-03,1726,1767,1706,1748,81242,0.012746234067207318
2024-01-04,1740,1767,1737,1749,102843,0.0005720823798627261
2024-01-05,1749,1821,1749,1769,86072,0.011435105774728394
2024-01-08,1770,1834,1770,1797,119262,0.015828151498021414
2024-01-09,1792,1829,1792,1825,103738,0.015581524763494725
2024-01-10,1820,2150,1820,2055,1096280,0.1260273972602739
2024-01-11,2035,2225,2010,2130,563612,0.03649635036496357
2024-01-12,2100,2110,1970,2070,299440,-0.028169014084507005
2024-01-15,2070,2140,1986,1988,272620,-0.03961352657004835
2024-01-16,1982,2030,1918,1965,129381,-0.011569416498994012
2024-01-17,1971,2065,1915,2020,143103,0.027989821882951738
2024-01-18,2000,2060,1987,2015,79899,-0.0024752475247524774
2024-01-19,1991,2060,1949,1980,83535,-0.017369727047146455
2024-01-22,1961,1961,1800,1848,151590,-0.06666666666666665
2024-01-23,1890,1890,1816,1849,53152,0.00054112554112562
2024-01-24,1849,1900,1777,1777,61350,-0.038939967550027044
2024-01-25,1750,1760,1702,1760,124954,-0.009566685424873378
2024-01-26,1760,1783,1662,1726,155241,-0.01931818181818179
2024-01-29,1756,1800,1710,1723,45694,-0.0017381228273464222
2024-01-30,1715,1741,1701,1718,35760,-0.0029019152640742396
2024-01-31,1705,1820,1705,1790,71301,0.04190919674039573
2024-02-01,1805,1809,1715,1731,81675,-0.03296089385474865
2024-02-02,1725,1800,1715,1800,186981,0.03986135181975747
2024-02-05,1800,1800,1755,1788,56471,-0.00666666666666671
2024-02-06,1786,1846,1749,1811,104364,0.012863534675615185
2024-02-07,1806,1830,1765,1772,57336,-0.021535063500828233
2024-02-08,1772,1841,1767,1810,141394,0.021444695259593693
2024-02-13,1810,1820,1755,1785,89177,-0.013812154696132617
2024-02-14,1690,1779,1690,1752,218765,-0.01848739495798324
2024-02-15,1752,1763,1724,1741,79813,-0.006278538812785395
2024-02-16,1719,1750,1718,1747,111985,0.003446295232624852
2024-02-19,1747,1763,1717,1733,85118,-0.00801373783629078
2024-02-20,1711,1762,1711,1729,102117,-0.00230813618003467
2024-02-21,1710,1746,1680,1691,131788,-0.02197802197802201
2024-02-22,1675,1702,1647,1649,176816,-0.024837374334713225
2024-02-23,1652,1673,1583,1632,127080,-0.010309278350515427
2024-02-26,1630,1660,1535,1635,104512,0.0018382352941177516
2024-02-27,1635,1650,1600,1633,61088,-0.0012232415902140303
2024-02-28,1603,1650,1603,1623,67985,-0.006123698714023296
2024-02-29,1636,1650,1620,1628,41039,0.0030807147258162804
2024-03-04,1628,1770,1621,1734,264269,0.06511056511056501
2024-03-05,1711,1740,1681,1727,139039,-0.0040369088811995635
2024-03-06,1716,1750,1672,1695,88095,-0.01852924145917778
2024-03-07,1695,1703,1623,1651,58113,-0.02595870206489681
2024-03-08,1615,1644,1586,1601,170314,-0.030284675953967333
2024-03-11,1601,1647,1550,1605,62716,0.002498438475952547
2024-03-12,1605,1630,1590,1599,99296,-0.0037383177570093906
2024-03-13,1581,1669,1581,1629,110286,0.018761726078799335
2024-03-14,1612,1660,1612,1621,48648,-0.0049109883364026885
2024-03-15,1621,1649,1597,1605,75552,-0.009870450339296677
2024-03-18,1587,1634,1587,1599,99050,-0.0037383177570093906
2024-03-19,1613,1613,1565,1572,102810,-0.016885553470919357
2024-03-20,1572,1624,1570,1583,87740,0.006997455470737934
2024-03-21,1605,1605,1578,1590,50369,0.004421983575489508
2024-03-22,1590,1620,1571,1608,80657,0.01132075471698113
2024-03-25,1623,1717,1608,1691,332248,0.0516169154228856
2024-03-26,1691,1748,1691,1719,239780,0.016558249556475557
2024-03-27,1719,1727,1655,1677,131183,-0.024432809773123898
2024-03-28,1666,1677,1640,1651,96140,-0.015503875968992276
2024-03-29,1670,1670,1618,1619,116849,-0.019382192610539084
2024-04-01,1630,1639,1575,1630,86131,0.006794317479925871
2024-04-02,1630,1645,1606,1630,137692,0.0
2024-04-03,1615,1649,1610,1632,54020,0.0012269938650306678
2024-04-04,1632,1683,1632,1682,78886,0.030637254901960675
2024-04-05,1682,1690,1670,1677,40617,-0.0029726516052318575
2024-04-08,1681,1927,1681,1811,1007528,0.07990459153249851
2024-04-09,1825,1895,1762,1775,163970,-0.019878520154610668
2024-04-11,1775,1792,1726,1726,109511,-0.027605633802816887
2024-04-12,1700,1719,1655,1659,124863,-0.03881807647740443
2024-04-15,1659,1698,1636,1677,65801,0.010849909584086825
2024-04-16,1677,1686,1648,1664,21197,-0.007751937984496138
2024-04-17,1655,1680,1632,1636,61334,-0.016826923076923128
2024-04-18,1636,1638,1590,1603,93288,-0.02017114914425433
2024-04-19,1617,1632,1581,1600,107056,-0.0018714909544603753
2024-04-22,1596,1604,1545,1577,115184,-0.014375000000000027
2024-04-23,1562,1620,1562,1578,93246,0.0006341154090043766
2024-04-24,1563,1581,1549,1565,88295,-0.008238276299112779
2024-04-25,1548,1585,1548,1554,102811,-0.007028753993610248
2024-04-26,1554,1557,1543,1546,51997,-0.005148005148005175
2024-04-29,1557,1598,1547,1580,72601,0.02199223803363526
2024-04-30,1589,1599,1572,1587,44454,0.004430379746835467
2024-05-02,1735,1735,1595,1613,330709,0.016383112791430454
2024-05-03,1622,1622,1550,1599,47390,-0.008679479231246123
2024-05-07,1590,1599,1575,1577,80667,-0.013758599124452764
2024-05-08,1597,1597,1571,1575,53044,-0.0012682308180088642
2024-05-09,1575,1595,1574,1574,64026,-0.0006349206349206549
2024-05-10,1594,1594,1565,1571,59183,-0.001905972045743276
2024-05-13,1571,1585,1563,1567,54351,-0.0025461489497136114
2024-05-14,1567,1579,1564,1568,64898,0.0006381620931716903
2024-05-16,1563,1590,1559,1559,63959,-0.005739795918367374
2024-05-17,1553,1588,1551,1557,138061,-0.0012828736369467908
2024-05-20,1590,1590,1547,1555,65229,-0.0012845215157354373
2024-05-21,1576,1576,1543,1543,55819,-0.007717041800643032
2024-05-22,1543,1550,1531,1540,96849,-0.0019442644199610948
2024-05-23,1530,1559,1506,1511,67164,-0.018831168831168865
2024-05-24,1511,1545,1491,1497,86757,-0.009265387160820704
2024-05-27,1500,1519,1478,1519,73527,0.014696058784235078
2024-05-28,1350,1495,1350,1420,346988,-0.06517445687952605
2024-05-29,1420,1445,1305,1310,238612,-0.07746478873239437
2024-05-30,1310,1310,1201,1229,327457,-0.061832061068702315
2024-05-31,1240,1300,1217,1275,204526,0.037428803905614316
2024-06-03,1275,1315,1250,1270,60557,-0.0039215686274509665
2024-06-04,1289,1290,1235,1237,40754,-0.025984251968503957
2024-06-05,1237,1255,1160,1162,183509,-0.0606305578011318
2024-06-07,1162,1165,1149,1150,89807,-0.0103270223752151
2024-06-10,1125,1198,1100,1178,93018,0.024347826086956514
2024-06-11,1198,1198,1105,1115,187844,-0.0534804753820034
2024-06-12,1100,1118,1030,1035,262042,-0.0717488789237668
2024-06-13,1064,1065,995,1024,366933,-0.010628019323671523
2024-06-14,1024,1034,998,1003,109643,-0.0205078125
2024-06-17,1003,1030,1003,1026,68432,0.022931206380857327
2024-06-18,1019,1025,988,1010,100970,-0.015594541910331383
2024-06-19,1010,1017,996,999,50733,-0.0108910891089109
2024-06-20,999,1020,998,1003,49283,0.004004004004003914
2024-06-21,1004,1010,997,997,18425,-0.005982053838484491
2024-06-24,998,1005,962,965,117031,-0.032096288866599765
2024-06-25,984,984,881,891,384083,-0.0766839378238342
2024-06-26,891,910,886,888,39849,-0.0033670033670033517
2024-06-27,884,884,830,830,189241,-0.06531531531531531
2024-06-28,837,849,826,836,47014,0.0072289156626506035
2024-07-01,836,869,836,840,79192,0.004784688995215225
2024-07-02,868,1092,842,1092,1946619,0.30000000000000004
2024-07-03,1419,1419,1324,1419,911020,0.2994505494505495
2024-07-04,1532,1769,1300,1510,29143961,0.06412966878083148
2024-07-05,1455,1630,1360,1400,6509699,-0.07284768211920534
2024-07-08,1405,1485,1310,1317,1415778,-0.059285714285714275
2024-07-09,1303,1356,1217,1246,967628,-0.05391040242976464
2024-07-10,1240,1575,1195,1408,10571961,0.130016051364366
2024-07-11,1439,1754,1418,1570,13443807,0.11505681818181812
2024-07-12,1555,1797,1555,1650,7009161,0.05095541401273884
2024-07-15,1635,1648,1549,1563,901547,-0.052727272727272734
2024-07-16,1562,1840,1552,1751,5892484,0.12028150991682662
2024-07-17,1745,1759,1653,1657,859066,-0.05368360936607652
2024-07-18,1620,1633,1500,1514,636079,-0.08630054315027158
2024-07-19,1497,1760,1488,1719,5773582,0.13540290620871853
2024-07-22,1890,2020,1741,1747,2778261,0.01628853984874934
2024-07-23,1760,2115,1700,1858,10019844,0.06353749284487686
2024-07-24,1951,2280,1931,2065,15221884,0.11141011840688919
2024-07-25,2030,2225,2005,2095,5197824,0.014527845036319542
2024-07-26,2190,2480,2150,2195,8474505,0.047732696897374804
2024-07-29,2310,2355,2175,2260,1916951,0.029612756264236983
2024-07-30,2260,2400,2135,2205,2624561,-0.02433628318584069
2024-07-31,2265,2265,2105,2120,982860,-0.038548752834467126
2024-08-01,2085,2135,2000,2050,852259,-0.03301886792452835
2024-08-02,2005,2085,1954,2085,655362,0.017073170731707332
2024-08-05,2080,2080,1708,1794,745355,-0.13956834532374096
2024-08-06,1794,2090,1794,1920,937192,0.07023411371237454
2024-08-07,1959,2075,1903,2010,579711,0.046875
2024-08-08,2225,2245,2015,2020,1102096,0.004975124378109541
2024-08-09,2100,2150,1970,1988,871920,-0.015841584158415856
2024-08-12,1960,2155,1960,2065,839264,0.03873239436619724
2024-08-13,2100,2100,1955,1984,401582,-0.039225181598062986
2024-08-14,1985,2025,1963,1985,194383,0.0005040322580645018
2024-08-16,2000,2000,1890,1931,308221,-0.02720403022670026
2024-08-19,1910,1911,1770,1791,453924,-0.07250129466597621
2024-08-20,1850,1988,1801,1845,226840,0.03015075376884413
2024-08-21,2015,2390,2000,2035,12617635,0.102981029810298
2024-08-22,1974,1979,1810,1857,1229431,-0.0874692874692875
2024-08-23,1801,1998,1801,1823,939145,-0.01830910070005387
2024-08-26,1850,1866,1821,1850,225031,0.014810751508502529
2024-08-27,1998,2195,1914,1950,2879974,0.054054054054053946
2024-08-28,1945,1946,1880,1897,440598,-0.02717948717948715
2024-08-29,1843,1923,1842,1882,205296,-0.007907221929362107
2024-08-30,1882,2090,1881,2035,946034,0.0812964930924549
2024-09-02,2105,2110,1990,1995,389638,-0.019656019656019708
2024-09-03,2000,2020,1971,1998,230626,0.0015037593984963404
2024-09-04,2180,2290,1975,1975,1538680,-0.01151151151151153
2024-09-05,1975,2050,1890,1909,323158,-0.033417721518987364
2024-09-06,1881,1909,1750,1751,459716,-0.08276584599266634
2024-09-09,1683,1748,1580,1592,693660,-0.09080525414049112
2024-09-10,1689,1690,1121,1360,6403231,-0.14572864321608037
2024-09-11,1319,1450,1205,1296,1271130,-0.04705882352941182
2024-09-12,1296,1500,1263,1350,2839725,0.04166666666666674
2024-09-13,1336,1638,1294,1444,3574177,0.06962962962962971
2024-09-19,1472,1600,1425,1454,851112,0.006925207756232732
2024-09-20,1420,1498,1420,1434,551170,-0.01375515818431916
2024-09-23,1434,1448,1361,1375,330441,-0.04114365411436538
2024-09-24,1359,1380,1335,1345,247704,-0.021818181818181848
2024-09-25,1332,1382,1305,1349,173230,0.0029739776951673846
2024-09-26,1335,1434,1322,1423,411505,0.05485544848035584
2024-09-27,1381,1454,1381,1406,173267,-0.011946591707659882
2024-09-30,1413,1428,1323,1323,259772,-0.05903271692745382
2024-10-02,1323,1342,1235,1285,159953,-0.028722600151171562
2024-10-04,1285,1345,1268,1302,131874,0.01322957198443575
2024-10-07,1289,1376,1289,1373,122383,0.05453149001536106
2024-10-08,1372,1396,1306,1306,155594,-0.04879825200291332
2024-10-10,1301,1335,1286,1302,126115,-0.003062787136294043
2024-10-11,1302,1346,1289,1306,94766,0.003072196620583778
2024-10-14,1305,1323,1285,1288,67834,-0.013782542113323082
2024-10-15,1288,1309,1269,1284,99130,-0.0031055900621117516
2024-10-16,1285,1312,1263,1265,89316,-0.014797507788162023
2024-10-17,1252,1294,1252,1261,82849,-0.003162055335968361
2024-10-18,1261,1296,1249,1249,78494,-0.009516256938937317
2024-10-21,1249,1278,1208,1214,77763,-0.028022417934347454
2024-10-22,1224,1224,1150,1205,65532,-0.007413509060955503
2024-10-23,1182,1229,1118,1180,210046,-0.020746887966805017
2024-10-24,1179,1179,1106,1106,266791,-0.06271186440677967
2024-10-25,1107,1330,1103,1296,1636755,0.17179023508137425
2024-10-28,1320,1320,1213,1268,326177,-0.021604938271604923
2024-10-29,1278,1392,1221,1378,505505,0.08675078864353303
2024-10-30,1390,1410,1336,1400,301235,0.0159651669085632
2024-10-31,1400,1490,1361,1374,257982,-0.018571428571428572
2024-11-01,1359,1435,1354,1355,397001,-0.013828238719068464
2024-11-04,1370,1413,1354,1378,302390,0.01697416974169741
2024-11-05,1378,1393,1306,1346,151667,-0.023222060957910018
2024-11-06,1342,1407,1210,1224,470550,-0.09063893016344726
2024-11-07,1217,1217,1139,1162,115255,-0.05065359477124187
2024-11-08,1156,1247,1156,1244,135149,0.07056798623063676
2024-11-11,1250,1278,1176,1192,94780,-0.04180064308681675
2024-11-12,1182,1212,1150,1150,138468,-0.03523489932885904
2024-11-13,1150,1185,1137,1184,41849,0.029565217391304355
2024-11-14,1169,1190,1127,1127,48999,-0.048141891891891886
2024-11-15,1110,1160,1100,1150,60123,0.020408163265306145
2024-11-18,1149,1260,1138,1167,78261,0.014782608695652177
2024-11-19,1167,1480,1156,1272,4644943,0.08997429305912585
2024-11-20,1295,1498,1231,1280,1233004,0.0062893081761006275
2024-11-21,1280,1407,1268,1319,708558,0.030468750000000044
2024-11-22,1271,1314,1249,1249,247692,-0.05307050796057622
2024-11-25,1246,1257,1206,1225,84003,-0.019215372297838318
2024-11-26,1213,1230,1200,1201,131711,-0.01959183673469389
2024-11-27,1201,1234,1189,1196,95111,-0.004163197335553703
2024-11-28,1198,1236,1196,1204,65090,0.006688963210702337
2024-11-29,1222,1231,1198,1203,41554,-0.0008305647840531893
2024-12-02,1203,1238,1170,1170,130468,-0.027431421446383997
2024-12-03,1170,1197,1170,1187,57369,0.014529914529914478
2024-12-04,1150,1185,1110,1141,110984,-0.03875315922493683
2024-12-05,1141,1150,1100,1122,81247,-0.016652059596844904
2024-12-06,1140,1145,1029,1056,99548,-0.05882352941176472
2024-12-09,1034,1050,1000,1000,154359,-0.05303030303030298
2024-12-10,1000,1103,1000,1103,99143,0.10299999999999998
2024-12-11,1103,1129,1025,1050,216512,-0.04805077062556662
2024-12-12,1050,1059,1026,1027,49179,-0.02190476190476187
2024-12-13,1027,1078,1027,1039,117494,0.011684518013632017
2024-12-16,1062,1062,1038,1040,53740,0.0009624639076035724
2024-12-17,1041,1054,1031,1049,45706,0.008653846153846123
2024-12-18,1053,1059,1007,1015,121509,-0.03241182078169691
2024-12-19,1015,1046,1000,1005,52570,-0.009852216748768461
2024-12-20,1005,1040,990,1010,82031,0.004975124378109541
2024-12-23,1011,1035,1004,1025,70639,0.014851485148514865
2024-12-24,999,1060,998,1001,59043,-0.023414634146341484
2024-12-26,1005,1028,950,988,125698,-0.012987012987012991
2024-12-27,965,1019,965,987,84925,-0.0010121457489878916
2024-12-30,987,1016,987,992,58846,0.005065856129685908
2025-01-02,993,1007,970,988,68993,-0.0040322580645161255
2025-01-03,996,1010,980,1006,101737,0.018218623481781382
2025-01-06,1010,1014,1004,1010,55687,0.003976143141153132
2025-01-07,1013,1017,1000,1000,59756,-0.00990099009900991
2025-01-08,1000,1009,996,1000,86741,0.0
2025-01-09,1007,1007,995,1004,25805,0.0040000000000000036
2025-01-10,1004,1025,995,1019,34856,0.014940239043824688
2025-01-13,1019,1019,1004,1006,22938,-0.012757605495583912
2025-01-14,1002,1013,999,1004,42005,-0.001988071570576566
2025-01-15,1008,1010,993,993,35043,-0.010956175298804771
2025-01-16,993,1006,992,1000,50009,0.007049345417925457
2025-01-17,1000,1011,970,991,60191,-0.009000000000000008
2025-01-20,991,1015,991,1005,72218,0.01412714429868811
2025-01-21,1005,1010,993,998,45919,-0.006965174129353269
2025-01-22,988,998,980,988,50076,-0.01002004008016033
2025-01-23,988,1012,966,966,79882,-0.022267206477732837
2025-01-24,981,995,966,974,30550,0.008281573498964745
2025-01-31,980,985,965,966,53962,-0.008213552361396315
2025-02-03,966,966,932,932,65250,-0.035196687370600444
2025-02-04,927,950,920,930,72607,-0.0021459227467811592
2025-02-05,914,930,910,911,200300,-0.02043010752688168
2025-02-06,912,924,880,904,114798,-0.007683863885839748
2025-02-07,904,926,904,908,40599,0.004424778761061843
2025-02-10,949,949,900,908,54365,0.0
2025-02-11,916,916,898,908,30220,0.0
2025-02-12,917,1177,915,1091,2129598,0.20154185022026438
2025-02-13,1124,1134,1007,1023,402510,-0.06232813932172321
2025-02-14,1050,1050,960,990,212941,-0.032258064516129004
2025-02-17,980,1009,980,993,103782,0.003030303030302939
2025-02-18,1025,1278,1001,1102,3361382,0.10976837865055389
2025-02-19,1117,1118,1045,1077,264408,-0.02268602540834841
2025-02-20,1077,1086,1046,1075,137387,-0.0018570102135562205
2025-02-21,1068,1097,1059,1095,81462,0.018604651162790642
2025-02-24,1095,1148,1083,1106,128357,0.010045662100456543
2025-02-25,1106,1129,1090,1099,69542,-0.006329113924050667
2025-02-26,1099,1192,1099,1156,425263,0.05186533212010924
2025-02-27,1130,1156,1090,1133,136185,-0.019896193771626325
2025-02-28,1130,1133,1080,1112,76084,-0.01853486319505737
2025-03-04,1099,1135,1091,1091,60622,-0.01888489208633093
2025-03-05,1080,1139,1068,1093,46155,0.0018331805682860747
2025-03-06,1073,1125,1073,1082,37385,-0.010064043915828047
2025-03-07,1073,1109,1069,1080,29273,-0.001848428835489857
2025-03-10,1080,1106,1070,1102,77040,0.020370370370370372
2025-03-11,1076,1076,969,1005,250062,-0.08802177858439197
2025-03-12,1005,1016,980,980,81113,-0.02487562189054726
2025-03-13,1004,1035,969,984,78023,0.004081632653061273
2025-03-14,996,1015,984,1004,37528,0.020325203252032464
2025-03-17,1015,1015,993,996,81679,-0.007968127490039834
2025-03-18,1013,1013,979,988,228562,-0.008032128514056214
2025-03-19,1020,1020,986,988,63399,0.0
2025-03-20,1012,1018,975,985,36212,-0.0030364372469635637
2025-03-21,985,1030,977,1009,118758,0.024365482233502433
2025-03-24,1019,1050,1001,1025,126849,0.015857284440039754
2025-03-25,1025,1255,1025,1167,1275335,0.13853658536585356
2025-03-26,1151,1178,1120,1120,279012,-0.04027420736932308
2025-03-27,1119,1202,1112,1124,318356,0.0035714285714285587
2025-03-28,1189,1189,1105,1127,69097,0.002669039145907437
2025-03-31,1127,1178,1101,1173,108038,0.04081632653061229
2025-04-01,1173,1220,1173,1197,158679,0.020460358056265893
2025-04-02,1197,1390,1186,1241,580561,0.036758563074352546
2025-04-03,1231,1299,1229,1237,94983,-0.003223207091055613
2025-04-04,1237,1237,1131,1179,191973,-0.04688763136620855
2025-04-07,1179,1208,1051,1078,165106,-0.08566581849024602
2025-04-08,1079,1109,1016,1042,44663,-0.033395176252319136
2025-04-09,1055,1073,970,1045,106581,0.0028790786948176272
2025-04-10,1045,1110,1045,1104,122800,0.056459330143540765
2025-04-11,1082,1155,1055,1136,45891,0.02898550724637672
2025-04-14,1117,1158,1102,1123,103257,-0.011443661971830998
2025-04-15,1123,1123,1080,1082,56853,-0.03650934995547639
2025-04-16,1082,1117,1082,1111,40821,0.026802218114602594
2025-04-17,1111,1139,1107,1139,55316,0.025202520252025185
2025-04-18,1177,1177,1117,1132,49090,-0.006145741878841093
2025-04-21,1173,1173,1120,1153,87032,0.018551236749116518
2025-04-22,1177,1177,1120,1128,66237,-0.021682567215958404
2025-04-23,1128,1175,1076,1130,67163,0.0017730496453900457
2025-04-24,1117,1137,1079,1083,168645,-0.04159292035398232
2025-04-25,1063,1145,1063,1142,58155,0.05447830101569706
2025-04-28,1130,1238,1130,1222,263776,0.07005253940455347
2025-04-29,1240,1240,1170,1170,94364,-0.04255319148936165
2025-04-30,1175,1251,1175,1198,215892,0.023931623931623847
2025-05-02,1198,1271,1198,1214,318693,0.013355592654423987
2025-05-07,1214,1250,1159,1161,70597,-0.04365733113673809
2025-05-08,1144,1155,1130,1135,66608,-0.02239448751076656
2025-05-09,1129,1225,1129,1141,210800,0.00528634361233471
2025-05-12,1145,1192,1132,1133,67882,-0.007011393514461006
2025-05-13,1134,1160,1133,1150,113433,0.015004413062665423
2025-05-14,1149,1218,1149,1190,106752,0.034782608695652195
2025-05-15,1190,1295,1171,1205,106939,0.012605042016806678
2025-05-16,1226,1280,1198,1216,97311,0.009128630705394158
2025-05-19,1216,1283,1203,1220,94290,0.00328947368421062
2025-05-20,1230,1279,1210,1228,91245,0.006557377049180246
2025-05-21,1228,1228,1180,1193,50007,-0.028501628664495127
2025-05-22,1193,1202,1181,1199,33857,0.005029337803855727
2025-05-23,1186,1235,1183,1190,64991,-0.007506255212677226
2025-05-26,1200,1208,1183,1197,47361,0.00588235294117645
2025-05-27,1197,1208,1186,1192,37797,-0.00417710944026739
2025-05-28,1200,1250,1192,1195,22742,0.00251677852348986
2025-05-29,1190,1212,1190,1195,18939,0.0
2025-05-30,1215,1215,1156,1184,64371,-0.009205020920502127
2025-06-02,1184,1189,1171,1184,39175,0.0
2025-06-04,1195,1195,1156,1160,38600,-0.020270270270270285
2025-06-05,1160,1180,1143,1146,47894,-0.012068965517241348
2025-06-09,1114,1140,1094,1096,146794,-0.04363001745200701
2025-06-10,1099,1109,1090,1102,64288,0.005474452554744547
2025-06-11,1124,1124,1090,1103,63784,0.0009074410163338875
2025-06-12,1103,1103,1065,1073,74484,-0.027198549410698103
2025-06-13,1060,1088,1037,1048,77735,-0.02329916123019571
2025-06-16,1037,1047,1022,1033,67263,-0.014312977099236623
2025-06-17,1033,1100,1025,1062,59606,0.028073572120038692
2025-06-18,1065,1081,1040,1051,55950,-0.010357815442561202
2025-06-19,1051,1090,1032,1079,60531,0.026641294005708804
2025-06-20,1079,1110,1064,1095,64656,0.014828544949026856
2025-06-23,1093,1115,998,1076,85451,-0.017351598173515947
2025-06-24,1103,1245,1102,1191,635838,0.10687732342007439
2025-06-25,1188,1188,1118,1148,131499,-0.03610411418975645
2025-06-26,1148,1196,1140,1178,139402,0.026132404181184565
2025-06-27,1166,1194,1138,1145,52121,-0.028013582342954146
2025-06-30,1145,1145,1080,1127,117827,-0.015720524017467263
2025-07-01,1117,1200,1117,1150,45255,0.020408163265306145
2025-07-02,1173,1238,1110,1126,108420,-0.02086956521739125
2025-07-03,1170,1190,1110,1112,54180,-0.01243339253996445
2025-07-04,1087,1122,1067,1111,136582,-0.0008992805755395628
2025-07-07,1100,1110,1091,1091,48126,-0.018001800180017957
2025-07-08,1091,1109,1073,1083,63592,-0.007332722273143855
2025-07-09,1083,1115,1070,1080,62363,-0.0027700831024930483
2025-07-10,1080,1100,1061,1061,48171,-0.017592592592592604
2025-07-11,1072,1083,1043,1060,118145,-0.0009425070688030557
2025-07-14,1090,1090,1059,1068,15976,0.007547169811320753
2025-07-15,1069,1079,1051,1063,31558,-0.004681647940074862
2025-07-16,1063,1083,1012,1012,51933,-0.047977422389463786
2025-07-17,1021,1032,1008,1032,34602,0.01976284584980248
2025-07-18,1025,1059,1010,1036,47087,0.003875968992248069
2025-07-21,1036,1036,1009,1016,88697,-0.019305019305019266
2025-07-22,1003,1032,1001,1028,54473,0.011811023622047223
2025-07-23,1020,1030,1000,1002,109784,-0.02529182879377434
2025-07-24,1002,1009,994,995,131634,-0.006986027944111739
2025-07-25,995,1005,983,986,92530,-0.009045226130653283
2025-07-28,986,1049,958,986,112390,0.0
2025-07-29,986,1000,967,975,33480,-0.011156186612576113
2025-07-30,975,991,915,938,229829,-0.0379487179487179
2025-07-31,939,1219,939,1063,6964724,0.13326226012793185
2025-08-01,1048,1231,1048,1112,1379456,0.04609595484477902
2025-08-04,1112,1129,1047,1058,226770,-0.04856115107913672
2025-08-05,1065,1362,1065,1185,6581918,0.12003780718336476
2025-08-06,1185,1298,1180,1187,1295559,0.0016877637130801038
2025-08-07,1187,1229,1170,1180,317831,-0.005897219882055604
2025-08-08,1193,1213,1166,1166,255019,-0.011864406779661052
2025-08-11,1182,1450,1155,1159,8401909,-0.006003430531732468
2025-08-12,1199,1267,1118,1124,1187617,-0.030198446937014678
2025-08-13,1120,1126,1101,1113,266410,-0.009786476868327454
2025-08-14,1113,1115,1072,1094,267211,-0.017070979335130243
2025-08-18,1104,1105,1052,1079,166617,-0.013711151736745864
2025-08-19,1132,1132,1066,1105,155294,0.024096385542168752
2025-08-20,1062,1108,1062,1090,172611,-0.013574660633484115
2025-08-21,1090,1120,1073,1081,335884,-0.008256880733944927
2025-08-22,1081,1099,1076,1086,98069,0.0046253469010175685
2025-08-25,1122,1130,955,964,972428,-0.11233885819521183
2025-08-26,949,1009,915,1004,481028,0.04149377593361003
2025-08-27,1004,1027,971,972,216342,-0.031872509960159334
2025-08-28,970,992,970,970,108599,-0.002057613168724326
2025-08-29,975,1037,710,804,5998403,-0.17113402061855665
2025-09-01,800,809,721,782,820457,-0.027363184079602032
2025-09-02,772,808,761,785,424863,0.0038363171355497716
2025-09-03,785,813,771,810,310517,0.031847133757961776
2025-09-04,809,826,761,771,533359,-0.04814814814814816
2025-09-05,765,800,760,768,316984,-0.0038910505836575737
2025-09-08,769,893,745,808,1111855,0.05208333333333326
2025-09-09,823,858,798,834,236375,0.03217821782178221
2025-09-10,834,897,820,882,311882,0.05755395683453246
2025-09-11,958,958,819,854,520307,-0.031746031746031744
2025-09-12,853,871,831,840,104422,-0.016393442622950838
2025-09-15,840,849,810,818,108143,-0.02619047619047621
2025-09-16,840,845,808,816,73834,-0.0024449877750610804
2025-09-17,830,830,773,796,242996,-0.02450980392156865
2025-09-18,819,819,780,788,80595,-0.01005025125628145
2025-09-19,788,800,736,788,120027,0.0
2025-09-22,788,806,775,781,47234,-0.008883248730964466
2025-09-23,774,815,759,762,90353,-0.02432778489116516
2025-09-24,744,779,743,754,103772,-0.01049868766404205
2025-09-25,754,829,734,752,285596,-0.0026525198938992522
2025-09-26,752,761,735,737,61427,-0.019946808510638347
2025-09-29,729,754,721,722,54751,-0.020352781546811416
2025-09-30,747,938,747,938,10642180,0.2991689750692521
2025-10-01,1000,1198,920,937,22064045,-0.0010660980810234255
2025-10-02,937,1012,861,867,4806413,-0.07470651013874063
2025-10-10,895,930,806,820,1402037,-0.05420991926182239
2025-10-13,820,836,751,775,654145,-0.054878048780487854
2025-10-14,775,776,730,748,553565,-0.03483870967741931
2025-10-15,748,755,736,739,256976,-0.012032085561497374
2025-10-16,750,760,736,745,230236,0.008119079837618504
2025-10-17,759,759,725,732,217175,-0.01744966442953022
2025-10-20,732,745,723,743,154100,0.015027322404371546
2025-10-21,748,752,730,735,112079,-0.010767160161507361
2025-10-22,736,746,733,738,102919,0.004081632653061273
2025-10-23,741,742,723,724,131099,-0.01897018970189701
2025-10-24,723,730,710,714,233359,-0.013812154696132617
2025-10-27,714,721,693,697,333071,-0.023809523809523836
2025-10-28,697,713,695,703,177273,0.008608321377331363
2025-10-29,703,712,696,701,130018,-0.002844950213371278
2025-10-30,695,705,665,678,217511,-0.032810271041369465
2025-10-31,678,725,674,680,110401,0.002949852507374562
2025-11-03,680,690,647,657,166814,-0.0338235294117647
2025-11-04,651,677,643,651,185574,-0.0091324200913242
2025-11-05,675,675,628,648,131687,-0.004608294930875556
2025-11-06,648,663,638,640,98492,-0.012345679012345734
2025-11-07,640,640,604,620,232137,-0.03125
2025-11-10,620,660,616,632,246383,0.019354838709677358
2025-11-11,632,650,609,610,111178,-0.034810126582278444
2025-11-12,611,702,611,660,1196684,0.08196721311475419
2025-11-13,662,665,640,652,161541,-0.012121212121212088
2025-11-14,645,645,610,610,150670,-0.06441717791411039
2025-11-17,610,616,603,608,75948,-0.003278688524590123
2025-11-18,594,613,565,565,204751,-0.07072368421052633
2025-11-19,565,584,554,565,68912,0.0
2025-11-20,566,572,545,549,231554,-0.02831858407079646
2025-11-21,549,560,495,516,371571,-0.060109289617486295
2025-11-24,517,527,497,498,146515,-0.03488372093023251
2025-11-25,511,515,495,505,115163,0.014056224899598346
2025-11-26,505,517,505,515,63767,0.01980198019801982
2025-11-27,525,570,510,520,235247,0.009708737864077666
2025-11-28,520,545,508,534,141842,0.026923076923076827
2025-12-01,529,555,529,537,66156,0.00561797752808979
2025-12-02,537,540,529,537,38510,0.0
2025-12-03,537,614,537,549,670608,0.022346368715083775
2025-12-04,543,603,533,560,347094,0.020036429872495543
2025-12-05,560,570,550,560,108661,0.0
2025-12-08,555,578,540,548,96287,-0.021428571428571463
2025-12-09,548,560,534,539,91288,-0.01642335766423353
2025-12-10,544,544,520,535,61989,-0.007421150278293154
2025-12-11,530,546,530,543,45840,0.01495327102803734
2025-12-12,542,588,542,583,249428,0.07366482504604055
2025-12-15,642,757,617,642,7565500,0.10120068610634658
2025-12-16,619,636,584,584,700824,-0.09034267912772587
2025-12-17,584,754,576,668,4724663,0.14383561643835607
2025-12-18,707,845,678,775,8188731,0.16017964071856294
2025-12-19,780,785,633,633,1886238,-0.1832258064516129
2025-12-22,633,660,604,629,500394,-0.006319115323854652
2025-12-23,621,629,590,597,344239,-0.05087440381558028
2025-12-24,611,619,599,601,165447,0.00670016750418756
2025-12-26,603,603,557,568,353343,-0.05490848585690511
2025-12-29,568,580,547,550,272969,-0.03169014084507038
2025-12-30,555,584,555,574,128889,0.043636363636363695
2026-01-02,574,580,572,580,83707,0.010452961672473782
2026-01-05,595,599,580,598,144055,0.03103448275862064
2026-01-06,598,614,581,587,166945,-0.018394648829431426
2026-01-07,586,614,583,594,136449,0.011925042589437718
2026-01-08,595,641,595,626,449305,0.05387205387205385
2026-01-09,622,648,611,627,137747,0.0015974440894568342
2026-01-12,627,635,606,612,71752,-0.02392344497607657
2026-01-13,612,612,574,580,183062,-0.05228758169934644
2026-01-14,580,597,567,570,104163,-0.017241379310344862
2026-01-15,581,600,573,593,159308,0.04035087719298236
2026-01-16,589,589,567,574,155865,-0.03204047217537942
2026-01-19,574,585,550,553,221574,-0.03658536585365857
2026-01-20,548,572,540,565,89947,0.02169981916817365
2026-01-21,573,584,546,546,115415,-0.03362831858407078
2026-01-22,546,555,538,550,100293,0.0073260073260073
2026-01-23,550,561,537,540,321564,-0.018181818181818188
2026-01-26,551,589,542,575,308066,0.06481481481481488
2026-01-27,576,580,559,571,98948,-0.006956521739130417
2026-01-28,571,579,565,566,120850,-0.008756567425569184
2026-01-29,576,577,550,553,225135,-0.02296819787985871
2026-01-30,553,561,542,543,210553,-0.018083182640144635
2026-02-02,548,560,510,527,132348,-0.029465930018416242
2026-02-03,522,544,520,523,182475,-0.007590132827324458
2026-02-04,523,528,512,522,207409,-0.0019120458891013214
2026-02-05,522,523,516,522,102079,0.0
2026-02-06,522,527,510,515,95331,-0.013409961685823757
