Date,Open,High,Low,Close,Volume,Change
2022-01-03,22700,23250,22600,22900,127045,0.011037527593819041
2022-01-04,23000,23350,22700,23300,125762,0.017467248908296984
2022-01-05,23250,23250,22200,22250,160485,-0.045064377682403456
2022-01-06,21700,22200,21450,21500,104580,-0.0337078651685393
2022-01-07,21450,22050,21450,21700,37421,0.009302325581395321
2022-01-10,21750,21850,21100,21400,76337,-0.01382488479262678
2022-01-11,21300,21750,20750,21400,117275,0.0
2022-01-12,21300,21750,21150,21400,87712,0.0
2022-01-13,21350,21550,20450,20700,132094,-0.032710280373831724
2022-01-14,20450,20500,20000,20100,94255,-0.02898550724637683
2022-01-17,20200,20200,18950,19050,124163,-0.052238805970149294
2022-01-18,18900,19650,18700,18850,98700,-0.01049868766404205
2022-01-19,18400,18700,18250,18300,91498,-0.02917771883289122
2022-01-20,18300,18950,18200,18900,90140,0.032786885245901676
2022-01-21,19250,20800,19100,19500,250829,0.031746031746031855
2022-01-24,19200,19300,18200,18250,108811,-0.0641025641025641
2022-01-25,18600,18600,16800,16850,143469,-0.0767123287671233
2022-01-26,16700,17100,16200,16250,108092,-0.035608308605341255
2022-01-27,16450,16500,14900,15050,224444,-0.0738461538461539
2022-01-28,15100,16300,14950,16100,117410,0.06976744186046502
2022-02-03,16400,17250,16100,16950,92972,0.052795031055900665
2022-02-04,16700,17450,16700,17300,72786,0.020648967551622377
2022-02-07,17300,17500,16900,17350,36268,0.0028901734104045396
2022-02-08,17200,17350,16550,16750,87558,-0.03458213256484155
2022-02-09,16700,18100,16700,17200,81006,0.02686567164179099
2022-02-10,17500,17750,16700,16850,64602,-0.02034883720930236
2022-02-11,16600,16850,16000,16100,56734,-0.04451038575667654
2022-02-14,15800,16100,15350,15500,46526,-0.037267080745341574
2022-02-15,15450,15800,14950,15000,62728,-0.032258064516129004
2022-02-16,15350,16000,15350,16000,55706,0.06666666666666665
2022-02-17,15800,16300,15500,15800,46658,-0.012499999999999956
2022-02-18,15350,16100,15200,15900,45777,0.006329113924050667
2022-02-21,15600,16000,15400,15900,31483,0.0
2022-02-22,15450,15650,15100,15250,56971,-0.04088050314465408
2022-02-23,15350,15800,15100,15300,57936,0.003278688524590123
2022-02-24,15250,15450,12100,12200,488989,-0.20261437908496727
2022-02-25,12200,12800,11850,12500,226704,0.024590163934426146
2022-02-28,12500,12850,12350,12700,72934,0.016000000000000014
2022-03-02,12700,12850,12300,12700,63403,0.0
2022-03-03,12950,13250,12800,13200,65347,0.03937007874015741
2022-03-04,13300,13350,12850,13100,59518,-0.007575757575757569
2022-03-07,13000,13000,12550,12800,70718,-0.022900763358778664
2022-03-08,12600,15150,12300,13350,642318,0.04296875
2022-03-10,13650,17050,13500,16200,1844218,0.2134831460674158
2022-03-11,16450,21050,16050,20250,4183814,0.25
2022-03-14,20000,21800,17850,18000,1792666,-0.11111111111111116
2022-03-15,17950,22000,17600,21100,5409927,0.17222222222222228
2022-03-16,20500,21900,19850,20250,795354,-0.04028436018957349
2022-03-17,20550,23000,19450,20800,2130764,0.02716049382716057
2022-03-18,20450,22250,20400,20900,733545,0.004807692307692291
2022-03-21,21100,21600,20150,20150,302130,-0.03588516746411485
2022-03-22,20150,21150,20050,20200,270920,0.002481389578163684
2022-03-23,20400,21150,19850,20250,292429,0.0024752475247524774
2022-03-24,20300,20900,19850,20350,303477,0.004938271604938205
2022-03-25,20300,24100,20200,23100,3371256,0.1351351351351351
2022-03-28,22900,26350,22650,24400,2143466,0.05627705627705626
2022-03-29,24400,25550,23600,24250,734533,-0.006147540983606592
2022-03-30,24350,25900,24000,24200,707999,-0.0020618556701030855
2022-03-31,24100,24600,20800,21250,871687,-0.12190082644628097
2022-04-01,21400,21650,20600,20700,318123,-0.025882352941176467
2022-04-04,20800,21250,20300,20650,173343,-0.0024154589371980784
2022-04-05,20750,21500,20550,21000,261879,0.016949152542372836
2022-04-06,20750,20950,19650,19750,301664,-0.059523809523809534
2022-04-07,19950,20250,18500,18700,256677,-0.05316455696202527
2022-04-08,19000,19250,17950,18550,220452,-0.008021390374331583
2022-04-11,18400,18400,17000,17350,219622,-0.06469002695417791
2022-04-12,16850,17300,16750,16950,120535,-0.023054755043227626
2022-04-13,16950,17850,16950,17600,145901,0.03834808259587019
2022-04-14,17550,17550,16950,16950,87980,-0.03693181818181823
2022-04-15,16850,17150,16450,16750,72689,-0.01179941002949858
2022-04-18,16800,16900,16200,16650,54145,-0.005970149253731294
2022-04-19,17050,21600,17000,21600,3026729,0.29729729729729737
2022-04-20,22250,25400,21650,23000,4988661,0.06481481481481488
2022-04-21,23100,23500,21950,22650,945893,-0.01521739130434785
2022-04-22,22200,22250,21350,21600,459716,-0.04635761589403975
2022-04-25,21050,24900,20900,22850,2457228,0.05787037037037046
2022-04-26,22850,23600,21550,21700,640171,-0.05032822757111599
2022-04-27,20850,21200,20350,20550,340655,-0.05299539170506917
2022-04-28,20700,21100,19700,19800,264259,-0.03649635036496346
2022-04-29,20000,20400,19550,19550,185645,-0.012626262626262652
2022-05-02,19100,21250,18850,20550,459247,0.051150895140664954
2022-05-03,20350,23350,19950,21150,843219,0.029197080291970767
2022-05-04,21250,22500,20300,20400,449152,-0.03546099290780147
2022-05-06,20000,20800,19800,20100,151896,-0.014705882352941124
2022-05-09,19800,20500,19750,19800,164448,-0.014925373134328401
2022-05-10,19300,19450,18450,19250,183950,-0.02777777777777779
2022-05-11,19250,21900,19050,20750,846048,0.07792207792207795
2022-05-12,20200,22200,20200,21650,845767,0.04337349397590362
2022-05-13,21800,23500,20700,20850,947608,-0.036951501154734445
2022-05-16,21050,22700,21000,22050,536582,0.05755395683453246
2022-05-17,22500,23050,21700,22000,468567,-0.0022675736961451642
2022-05-18,22400,22950,21200,22600,432718,0.027272727272727337
2022-05-19,21800,22500,21350,21500,300952,-0.04867256637168138
2022-05-20,21500,21850,21300,21400,150961,-0.0046511627906976605
2022-05-23,21250,21500,20850,21000,128911,-0.01869158878504673
2022-05-24,21150,22200,20200,21750,309484,0.03571428571428581
2022-05-25,22000,25700,21800,24650,4553437,0.1333333333333333
2022-05-26,24650,26150,23850,24100,2186527,-0.022312373225152116
2022-05-27,24000,24950,23500,23750,742556,-0.014522821576763434
2022-05-30,23950,24400,23600,23950,372708,0.008421052631578885
2022-05-31,23700,24150,22700,22900,448915,-0.04384133611691021
2022-06-02,23050,24450,22900,24300,607994,0.06113537117903922
2022-06-03,24300,27800,24150,26700,3609849,0.09876543209876543
2022-06-07,26650,27250,25400,25400,823503,-0.048689138576779034
2022-06-08,25500,25800,23900,25000,622760,-0.015748031496062964
2022-06-09,24850,26650,24200,26300,830397,0.052000000000000046
2022-06-10,25800,26300,21450,21900,1071411,-0.16730038022813687
2022-06-13,22200,23200,20000,20100,1042404,-0.0821917808219178
2022-06-14,19300,20750,18850,20450,464641,0.017412935323383172
2022-06-15,20150,20900,19000,19100,317536,-0.0660146699266504
2022-06-16,19500,21750,19450,20000,805222,0.04712041884816753
2022-06-17,19050,19900,19000,19500,220477,-0.025000000000000022
2022-06-20,19550,19750,17200,17300,382668,-0.11282051282051286
2022-06-21,17550,18050,17400,17650,165539,0.020231213872832443
2022-06-22,17850,18400,16200,16200,258723,-0.0821529745042493
2022-06-23,16200,16850,15500,15850,217680,-0.021604938271604923
2022-06-24,15800,17000,15800,16850,148396,0.06309148264984232
2022-06-27,17000,21200,16450,19550,2236644,0.1602373887240356
2022-06-28,19250,20150,19200,19250,342830,-0.01534526854219953
2022-06-29,18850,19400,18500,18800,201661,-0.023376623376623384
2022-06-30,18850,19950,18350,18350,351927,-0.02393617021276595
2022-07-01,18550,19050,17500,17700,236250,-0.03542234332425065
2022-07-04,18100,18400,17200,17700,150049,0.0
2022-07-05,17900,18650,17800,18650,137138,0.053672316384180796
2022-07-06,18700,18950,17650,17850,165329,-0.04289544235924936
2022-07-07,18900,20600,18400,18700,886571,0.04761904761904767
2022-07-08,19050,19650,18650,19200,327373,0.02673796791443861
2022-07-11,19400,19800,19000,19200,176705,0.0
2022-07-12,18950,19100,18350,18400,132437,-0.04166666666666663
2022-07-13,18900,20100,18750,19200,549553,0.04347826086956519
2022-07-14,19300,19300,18350,18700,231336,-0.02604166666666663
2022-07-15,19150,19450,18550,18700,323679,0.0
2022-07-18,18900,19300,18650,19050,143009,0.018716577540107027
2022-07-19,19250,19250,18700,18900,105430,-0.007874015748031482
2022-07-20,19100,19900,19000,19900,294428,0.05291005291005302
2022-07-21,19700,19750,19150,19150,191625,-0.03768844221105527
2022-07-22,19200,19300,18300,18300,215698,-0.044386422976501305
2022-07-25,18500,19000,18450,18650,156647,0.0191256830601092
2022-07-26,18350,18600,17900,18050,194773,-0.03217158176943702
2022-07-27,18200,18250,17850,18100,77915,0.0027700831024930483
2022-07-28,18300,18400,17900,17900,93515,-0.011049723756906049
2022-07-29,17950,18050,17500,17800,125671,-0.005586592178770999
2022-08-01,17650,19000,17450,18150,281462,0.0196629213483146
2022-08-02,18200,18200,17800,18000,80320,-0.008264462809917328
2022-08-03,17900,18100,17700,17900,76024,-0.005555555555555536
2022-08-04,18050,18650,17950,18100,168007,0.011173184357541999
2022-08-05,18200,19300,18150,18700,316701,0.03314917127071815
2022-08-08,18750,18900,18400,18550,112576,-0.008021390374331583
2022-08-09,18400,18550,18000,18050,108923,-0.02695417789757415
2022-08-10,18050,18300,17450,17550,152242,-0.027700831024930705
2022-08-11,17850,17900,17450,17550,100400,0.0
2022-08-12,17450,18050,17450,17650,69774,0.005698005698005604
2022-08-16,17700,18500,17600,18250,182619,0.03399433427762033
2022-08-17,18100,18300,17700,17800,99172,-0.024657534246575352
2022-08-18,17650,17850,17450,17650,60900,-0.008426966292134797
2022-08-19,17600,17800,17450,17600,71238,-0.0028328611898017497
2022-08-22,17100,17450,17000,17050,89546,-0.03125
2022-08-23,16900,17000,16300,16300,93605,-0.04398826979472137
2022-08-24,16250,18200,16000,16950,485916,0.039877300613496924
2022-08-25,16900,17300,16850,17050,79473,0.005899705014749346
2022-08-26,17100,17600,17000,17150,97707,0.0058651026392961825
2022-08-29,16300,16800,16050,16100,114262,-0.061224489795918324
2022-08-30,16000,16750,16000,16700,122165,0.037267080745341685
2022-08-31,16450,16900,16350,16700,64794,0.0
2022-09-01,16650,16650,15950,16050,90890,-0.038922155688622784
2022-09-02,16150,16250,15750,15850,71934,-0.012461059190031154
2022-09-05,15600,15950,15300,15300,77476,-0.034700315457413256
2022-09-06,15200,15700,15150,15300,51422,0.0
2022-09-07,15150,15250,14350,14800,119142,-0.0326797385620915
2022-09-08,14850,15950,14700,15450,132106,0.04391891891891886
2022-09-13,15700,15900,15350,15500,59317,0.003236245954692629
2022-09-14,14800,15200,14700,15050,103000,-0.029032258064516148
2022-09-15,15100,15100,14650,14700,72163,-0.023255813953488413
2022-09-16,14400,14550,13900,14100,101336,-0.04081632653061229
2022-09-19,13950,14250,13700,13800,58243,-0.021276595744680882
2022-09-20,13700,14200,13700,13900,55493,0.007246376811594235
2022-09-21,13600,14250,13550,13900,59343,0.0
2022-09-22,13550,13800,13100,13500,95652,-0.02877697841726623
2022-09-23,13300,13450,13000,13250,78494,-0.01851851851851849
2022-09-26,12900,14900,12550,13050,441665,-0.015094339622641506
2022-09-27,13000,13400,12250,12550,145162,-0.03831417624521072
2022-09-28,12300,12750,12000,12100,135411,-0.03585657370517925
2022-09-29,12300,12650,12200,12450,93120,0.02892561983471076
2022-09-30,12100,12900,12050,12500,75046,0.004016064257028162
2022-10-04,12850,13100,12300,12900,52274,0.03200000000000003
2022-10-05,13000,13350,12650,12650,48900,-0.019379844961240345
2022-10-06,12650,13200,12600,12950,47501,0.02371541501976293
2022-10-07,12850,13100,12600,12650,39123,-0.02316602316602312
2022-10-11,12200,12350,11900,12000,82326,-0.0513833992094862
2022-10-12,11950,12200,11750,12000,40593,0.0
2022-10-13,11750,12300,10950,11150,103070,-0.0708333333333333
2022-10-14,11350,11950,11300,11550,50651,0.03587443946188351
2022-10-17,11500,11700,11100,11700,31814,0.01298701298701288
2022-10-18,11900,12250,11800,12000,62208,0.02564102564102555
2022-10-19,11950,12250,11800,11850,39978,-0.012499999999999956
2022-10-20,11750,12150,11700,11750,31199,-0.008438818565400852
2022-10-21,11600,11950,11550,11700,35618,-0.004255319148936176
2022-10-24,11800,12100,11750,11850,38780,0.012820512820512775
2022-10-25,11750,12900,11750,12400,127372,0.04641350210970474
2022-10-26,12500,12550,12050,12100,52109,-0.024193548387096753
2022-10-27,12100,13050,12050,12650,93368,0.045454545454545414
2022-10-28,12350,12750,12250,12250,38857,-0.031620553359683834
2022-10-31,12400,12500,12250,12400,27929,0.012244897959183598
2022-11-01,12600,12650,12250,12550,38798,0.012096774193548487
2022-11-02,12400,12700,12350,12400,30757,-0.01195219123505975
2022-11-03,12150,12850,12000,12450,38610,0.0040322580645162365
2022-11-04,12500,12600,12200,12450,33050,0.0
2022-11-07,12450,12500,12000,12200,61244,-0.02008032128514059
2022-11-08,12550,12600,12200,12550,44761,0.028688524590164022
2022-11-09,12550,12650,12350,12550,34232,0.0
2022-11-10,12300,12400,12200,12300,53043,-0.019920318725099584
2022-11-11,12650,12900,12450,12850,58684,0.04471544715447151
2022-11-14,12900,13200,12750,13150,45531,0.023346303501945442
2022-11-15,13150,13250,12800,13150,60696,0.0
2022-11-16,13350,13450,12900,12900,61772,-0.019011406844106515
2022-11-17,13000,13050,12500,12750,68664,-0.011627906976744207
2022-11-18,12600,12800,12550,12750,30009,0.0
2022-11-21,12650,12750,12000,12150,70395,-0.04705882352941182
2022-11-22,11950,12250,11900,11900,35399,-0.020576131687242816
2022-11-23,12050,12300,11900,12200,33874,0.025210084033613356
2022-11-24,12100,12400,12100,12250,27438,0.004098360655737654
2022-11-25,12100,12350,12050,12200,17417,-0.004081632653061273
2022-11-28,12250,12250,11800,11850,32941,-0.02868852459016391
2022-11-29,11700,12150,11650,12000,19788,0.012658227848101333
2022-11-30,12200,12200,11900,11900,18673,-0.008333333333333304
2022-12-01,12050,12450,11950,11950,33611,0.004201680672268893
2022-12-02,11950,12150,11850,12150,19634,0.01673640167364021
2022-12-05,12150,12300,12000,12200,20796,0.004115226337448652
2022-12-06,11950,12300,11950,12000,18739,-0.016393442622950838
2022-12-07,11850,12250,11850,12100,37664,0.008333333333333304
2022-12-08,12100,12150,11850,12000,28931,-0.008264462809917328
2022-12-09,12050,12100,11850,11850,59888,-0.012499999999999956
2022-12-12,11650,12000,11450,11550,57553,-0.025316455696202556
2022-12-13,11450,11800,11150,11250,68892,-0.025974025974025983
2022-12-14,11250,12200,11200,11700,81487,0.040000000000000036
2022-12-15,11950,11950,11650,11750,18831,0.004273504273504258
2022-12-16,11450,12000,11300,11900,35285,0.012765957446808418
2022-12-19,12100,12700,12050,12400,72597,0.04201680672268915
2022-12-20,12200,12400,11900,12050,41293,-0.028225806451612878
2022-12-21,12000,12100,11800,11950,32975,-0.008298755186721962
2022-12-22,12100,13100,11800,12300,140681,0.029288702928870203
2022-12-23,12200,12200,11650,11700,51595,-0.04878048780487809
2022-12-26,11700,11750,11400,11400,35881,-0.02564102564102566
2022-12-27,11300,11550,11150,11450,39921,0.004385964912280604
2022-12-28,11400,11700,11300,11650,23424,0.017467248908296984
2022-12-29,11600,11600,11300,11350,32752,-0.025751072961373356
2023-01-02,11300,11450,11100,11100,29997,-0.022026431718061623
2023-01-03,11100,11350,10800,10950,66217,-0.013513513513513487
2023-01-04,10700,11200,10700,11050,35795,0.009132420091324311
2023-01-05,11150,11200,10900,11050,15715,0.0
2023-01-06,11050,11550,11000,11200,45248,0.013574660633484115
2023-01-09,11350,11650,11350,11600,30005,0.03571428571428581
2023-01-10,11600,11600,11300,11550,23909,-0.004310344827586188
2023-01-11,11550,11700,11450,11650,19273,0.008658008658008587
2023-01-12,11650,13300,11400,12150,1008198,0.0429184549356223
2023-01-13,12150,12200,11800,11850,85899,-0.024691358024691357
2023-01-16,11950,12050,11750,11950,71391,0.00843881856540074
2023-01-17,11850,12000,11650,11800,39616,-0.012552301255230103
2023-01-18,11900,11900,11550,11700,35406,-0.008474576271186418
2023-01-19,11550,11700,11400,11500,36374,-0.017094017094017144
2023-01-20,11650,11800,11350,11350,37850,-0.013043478260869601
2023-01-25,11350,11480,11260,11390,40496,0.0035242290748898064
2023-01-26,11400,11680,11390,11570,44790,0.015803336259877065
2023-01-27,11570,11630,11470,11620,29473,0.004321521175453702
2023-01-30,11610,11690,11400,11440,39679,-0.015490533562822706
2023-01-31,11320,11570,11310,11570,34879,0.011363636363636465
2023-02-01,11600,11860,11550,11720,66958,0.012964563526361328
2023-02-02,11930,11930,11570,11750,45315,0.0025597269624573205
2023-02-03,11710,11850,11630,11700,36346,-0.004255319148936176
2023-02-06,11750,11770,11290,11310,67898,-0.033333333333333326
2023-02-07,11450,11530,11330,11460,25356,0.013262599469495928
2023-02-08,11440,11730,11440,11600,61492,0.01221640488656206
2023-02-09,11600,11600,11400,11480,38260,-0.010344827586206917
2023-02-10,11370,11710,11370,11500,63612,0.0017421602787457413
2023-02-13,11490,11530,11360,11450,37953,-0.004347826086956497
2023-02-14,11470,11590,11400,11510,26074,0.005240174672489051
2023-02-15,11480,11600,11300,11350,33209,-0.013900955690703709
2023-02-16,11500,11880,11370,11660,90436,0.027312775330396555
2023-02-17,11900,12550,11580,12070,200951,0.03516295025728988
2023-02-20,12090,12430,11840,12080,101946,0.0008285004142503105
2023-02-21,12090,12430,11910,12190,69234,0.009105960264900625
2023-02-22,12190,12300,11700,11810,72872,-0.031173092698933536
2023-02-23,11940,11990,11740,11740,41656,-0.005927180355630779
2023-02-24,11900,11900,11370,11390,92872,-0.029812606473594516
2023-02-27,11400,11540,11120,11200,44654,-0.01668129938542584
2023-02-28,11210,11370,11170,11190,26497,-0.0008928571428571397
2023-03-02,11400,11480,11130,11150,55581,-0.00357462019660415
2023-03-03,11190,11370,11150,11160,53104,0.0008968609865471766
2023-03-06,11200,11480,10980,11380,97690,0.019713261648745428
2023-03-07,11490,12290,11230,11700,193506,0.02811950790861162
2023-03-08,11750,11850,11570,11710,49435,0.0008547008547008517
2023-03-09,11700,11710,11470,11490,42583,-0.018787361229718136
2023-03-10,11480,11480,11150,11150,67059,-0.02959094865100087
2023-03-13,11060,11060,10760,10850,57249,-0.026905829596412523
2023-03-14,10750,10880,10400,10410,78514,-0.04055299539170509
2023-03-15,10430,11280,10310,10440,46700,0.0028818443804035088
2023-03-16,10500,12290,10200,10690,542414,0.023946360153256796
2023-03-17,10690,11300,10690,10930,125604,0.022450888681010195
2023-03-20,10950,11870,10950,11490,200548,0.05123513266239699
2023-03-21,11510,11720,11120,11120,94922,-0.032201914708442136
2023-03-22,11200,11240,10860,10860,61052,-0.023381294964028743
2023-03-23,10830,11040,10710,10750,45333,-0.0101289134438306
2023-03-24,10760,10950,10700,10900,33032,0.013953488372093092
2023-03-27,10850,10850,10570,10690,51129,-0.019266055045871533
2023-03-28,10720,10800,10630,10700,32941,0.00093545369504211
2023-03-29,10810,10870,10580,10610,33227,-0.008411214953271018
2023-03-30,10610,10740,10480,10620,48897,0.0009425070688029447
2023-03-31,10620,10710,10310,10370,81350,-0.02354048964218458
2023-04-03,10400,10470,10000,10220,79654,-0.014464802314368419
2023-04-04,10340,11050,10080,10790,146595,0.05577299412915848
2023-04-05,10790,11450,10700,11150,132051,0.033364226135310426
2023-04-06,11240,11240,10770,10780,64291,-0.033183856502242204
2023-04-07,10840,11040,10610,10870,39397,0.008348794063079756
2023-04-10,10870,10950,10100,10410,111801,-0.04231830726770924
2023-04-11,10210,10670,10210,10530,44902,0.011527377521613813
2023-04-12,10700,10900,10400,10730,72847,0.018993352326685642
2023-04-13,10730,11070,10480,10950,67624,0.020503261882572232
2023-04-14,10880,11700,10740,11520,250833,0.05205479452054784
2023-04-17,11500,11750,11380,11390,79302,-0.01128472222222221
2023-04-18,11510,11590,11170,11370,84147,-0.0017559262510974394
2023-04-19,11210,11350,11090,11090,58592,-0.024626209322779258
2023-04-20,11090,11090,10560,10590,101718,-0.04508566275924253
2023-04-21,10590,10700,10370,10440,38237,-0.014164305949008527
2023-04-24,10500,10520,10290,10450,48022,0.0009578544061301653
2023-04-25,10450,10640,10270,10360,49931,-0.008612440191387516
2023-04-26,10360,10440,10270,10350,13315,-0.0009652509652510188
2023-04-27,10280,10500,10260,10450,25676,0.009661835748792313
2023-04-28,10550,10550,10220,10400,36521,-0.004784688995215336
2023-05-02,10320,10590,10320,10560,33747,0.01538461538461533
2023-05-03,10510,10800,10400,10540,31176,-0.0018939393939394478
2023-05-04,10560,10840,10400,10680,45667,0.013282732447817747
2023-05-08,10850,11060,10610,10630,46874,-0.004681647940074862
2023-05-09,10690,10850,10540,10550,29602,-0.007525870178739402
2023-05-10,10550,10570,10410,10420,20045,-0.012322274881516604
2023-05-11,10440,10540,10320,10380,22294,-0.0038387715930902067
2023-05-12,10310,10410,10300,10410,30968,0.0028901734104045396
2023-05-15,10410,10410,10100,10250,56837,-0.015369836695485084
2023-05-16,10250,10430,10060,10060,42095,-0.018536585365853675
2023-05-17,10060,10300,9960,10140,30830,0.007952286282306265
2023-05-18,10290,10290,10000,10060,31604,-0.007889546351084853
2023-05-19,10100,10100,10000,10060,37830,0.0
2023-05-22,10060,10390,10010,10350,83867,0.02882703777335993
2023-05-23,10570,10570,10190,10230,42098,-0.011594202898550732
2023-05-24,10230,10260,10100,10230,26982,0.0
2023-05-25,10190,10300,10010,10010,65084,-0.021505376344086002
2023-05-26,10040,10080,9980,10010,39911,0.0
2023-05-30,10010,10070,9930,9990,36859,-0.0019980019980020414
2023-05-31,10060,10250,9990,10010,35079,0.002002002002001957
2023-06-01,10010,10180,10010,10140,20029,0.01298701298701288
2023-06-02,10230,10230,10080,10140,23516,0.0
2023-06-05,10280,10280,10070,10120,24131,-0.0019723865877712132
2023-06-07,10190,10480,10140,10250,55448,0.012845849802371578
2023-06-08,10310,10310,10060,10070,24504,-0.017560975609756113
2023-06-09,10080,10200,9980,10010,39115,-0.005958291956305817
2023-06-12,10030,10050,9720,9720,143827,-0.02897102897102899
2023-06-13,9810,9850,9460,9670,118709,-0.005144032921810648
2023-06-14,9750,9750,9420,9470,48748,-0.020682523267838704
2023-06-15,9660,9660,9090,9100,121014,-0.03907074973600844
2023-06-16,9280,9280,9020,9100,49771,0.0
2023-06-19,9020,9180,8900,8930,71189,-0.018681318681318726
2023-06-20,8950,9130,8710,9010,62342,0.008958566629339249
2023-06-21,9080,9080,8770,8850,47582,-0.017758046614872347
2023-06-22,9000,9000,8780,8820,28192,-0.003389830508474523
2023-06-23,8990,11300,8980,10420,5410887,0.18140589569161003
2023-06-26,10070,10940,9930,10230,980680,-0.018234165067178454
2023-06-27,10190,10580,10070,10350,246577,0.011730205278592365
2023-06-28,10490,10490,10130,10160,163347,-0.018357487922705307
2023-06-29,10020,10170,9810,9990,152664,-0.0167322834645669
2023-06-30,10020,10740,10020,10270,292354,0.028028028028028062
2023-07-03,10310,10600,10150,10320,125232,0.004868549172346581
2023-07-04,10580,10580,10120,10230,81501,-0.008720930232558155
2023-07-05,10240,10270,10010,10050,85124,-0.017595307917888547
2023-07-06,10120,10250,9660,10060,149271,0.0009950248756218638
2023-07-07,10060,10060,9630,9710,78882,-0.03479125248508941
2023-07-10,9700,9800,9420,9440,82686,-0.02780638516992795
2023-07-11,9460,9760,9430,9590,49216,0.01588983050847448
2023-07-12,9770,10260,9520,10140,103362,0.05735140771637126
2023-07-13,10520,12380,10510,11320,2236334,0.11637080867850091
2023-07-14,11300,12860,11030,11950,1475106,0.055653710247349775
2023-07-17,12390,14820,11620,14020,3385984,0.1732217573221757
2023-07-18,13880,15400,13740,14140,1959780,0.008559201141226769
2023-07-19,13990,14590,13730,14240,457313,0.007072135785006983
2023-07-20,14020,14230,13850,13880,253373,-0.0252808988764045
2023-07-21,13920,15950,13840,15920,1339958,0.14697406340057628
2023-07-24,15800,16550,14880,14880,704555,-0.0653266331658291
2023-07-25,15020,15220,13840,13850,523013,-0.06922043010752688
2023-07-26,13840,13910,12650,12940,564230,-0.06570397111913362
2023-07-27,13110,14820,13090,14590,594551,0.12751159196290573
2023-07-28,14560,14760,14140,14450,220367,-0.00959561343385884
2023-07-31,14690,14720,14060,14170,251652,-0.01937716262975775
2023-08-01,13980,15490,13960,15150,606687,0.06916019760056447
2023-08-02,14850,14890,13590,13790,417208,-0.08976897689768981
2023-08-03,13660,14160,13300,13700,206716,-0.006526468455402501
2023-08-04,14000,14000,13130,13310,150083,-0.02846715328467153
2023-08-07,13100,13580,12710,12870,198276,-0.03305785123966942
2023-08-08,12880,13320,12440,12540,139084,-0.02564102564102566
2023-08-09,12540,13630,12500,13600,223398,0.08452950558213712
2023-08-10,13500,14230,13500,13810,211860,0.01544117647058818
2023-08-11,13960,14350,13420,13900,253438,0.006517016654598029
2023-08-14,14070,14980,13730,14700,357349,0.05755395683453246
2023-08-16,14800,14810,13100,13300,387795,-0.09523809523809523
2023-08-17,13180,13540,12790,13250,153746,-0.003759398496240629
2023-08-18,13000,13440,12620,12800,124332,-0.03396226415094339
2023-08-21,12770,13130,12690,12800,90218,0.0
2023-08-22,12810,13000,12360,12630,100648,-0.013281250000000022
2023-08-23,12800,12800,12070,12200,121959,-0.03404592240696758
2023-08-24,12200,12840,12110,12750,100948,0.04508196721311486
2023-08-25,12490,12740,12270,12510,77727,-0.018823529411764683
2023-08-28,12480,12550,12190,12310,60947,-0.015987210231814597
2023-08-29,12330,13070,12330,12680,118124,0.03005686433793664
2023-08-30,12960,13090,12720,12830,65929,0.011829652996845352
2023-08-31,12830,12990,12610,12830,75429,0.0
2023-09-01,12800,12850,12140,12230,139647,-0.046765393608729555
2023-09-04,12440,12440,12060,12350,83586,0.009811937857726827
2023-09-05,12400,12400,12010,12230,55543,-0.009716599190283448
2023-09-06,12390,12390,11900,12330,64245,0.00817661488143906
2023-09-07,12400,13400,12330,12600,288423,0.021897810218978186
2023-09-08,12440,12870,12440,12830,79824,0.01825396825396819
2023-09-11,13000,13200,12760,12910,100054,0.00623538581449723
2023-09-12,12990,13100,12420,12440,123975,-0.03640588690937263
2023-09-13,12300,12540,11870,11870,110947,-0.04581993569131837
2023-09-14,11870,12220,11700,11860,66777,-0.0008424599831508006
2023-09-15,11770,12090,11770,11900,35407,0.003372681281618828
2023-09-18,11610,11880,11460,11600,65307,-0.025210084033613467
2023-09-19,11450,11900,11250,11370,70142,-0.019827586206896508
2023-09-20,11280,11380,10900,11060,92868,-0.027264731750219928
2023-09-21,10860,11070,10660,10830,75998,-0.020795660036166397
2023-09-22,10620,11000,10530,10700,43385,-0.012003693444136654
2023-09-25,10690,10690,10260,10350,41771,-0.032710280373831724
2023-09-26,10330,10540,10150,10210,45485,-0.01352657004830915
2023-09-27,10110,10700,10110,10530,27933,0.03134182174338873
2023-10-04,10480,10950,10070,10130,51970,-0.037986704653371284
2023-10-05,10100,10530,9820,10040,55942,-0.008884501480750262
2023-10-06,10040,10490,9800,10310,50875,0.02689243027888444
2023-10-10,10390,10390,9610,9680,71226,-0.061105722599418044
2023-10-11,10000,10100,9830,9970,25051,0.029958677685950397
2023-10-12,9930,10280,9930,10090,36610,0.012036108324974926
2023-10-13,10020,10110,9690,9760,47846,-0.032705649157581784
2023-10-16,9540,9690,9150,9380,78781,-0.03893442622950816
2023-10-17,9320,9670,9320,9380,35921,0.0
2023-10-18,9300,9470,9200,9360,42826,-0.002132196162046962
2023-10-19,9170,9260,8950,9000,58813,-0.038461538461538436
2023-10-20,8700,9060,8700,9000,48299,0.0
2023-10-23,8750,9100,8750,8850,36929,-0.01666666666666672
2023-10-24,8850,9020,8400,8960,71864,0.012429378531073398
2023-10-25,8960,9190,8850,8880,25454,-0.008928571428571397
2023-10-26,8530,8740,8370,8420,63252,-0.05180180180180183
2023-10-27,8350,8890,8350,8550,49961,0.015439429928741033
2023-10-30,8540,8780,8440,8700,19098,0.01754385964912286
2023-10-31,8700,8700,8250,8310,55235,-0.04482758620689653
2023-11-01,8310,8550,8250,8550,23676,0.028880866425992746
2023-11-02,8820,9070,8550,8930,55361,0.04444444444444451
2023-11-03,8930,9120,8720,9020,38927,0.010078387458006821
2023-11-06,9040,9320,8940,9240,41533,0.024390243902439046
2023-11-07,9330,9330,8790,8950,33381,-0.031385281385281405
2023-11-08,8950,9350,8950,9070,26607,0.013407821229050265
2023-11-09,9000,9070,8720,8760,29160,-0.034178610804851184
2023-11-10,8760,8800,8540,8570,23719,-0.02168949771689499
2023-11-13,8710,8710,8350,8350,31269,-0.025670945157526215
2023-11-14,8300,8770,8300,8750,15404,0.0479041916167664
2023-11-15,8780,9100,8690,8940,40750,0.021714285714285797
2023-11-16,8900,9060,8880,9010,12888,0.007829977628635243
2023-11-17,9010,9090,8720,8840,27789,-0.018867924528301883
2023-11-20,8840,9370,8830,9220,48453,0.042986425339366585
2023-11-21,9200,9310,9030,9310,22428,0.009761388286334105
2023-11-22,9390,9560,9150,9370,26233,0.0064446831364124435
2023-11-23,9470,10210,9270,10010,102587,0.06830309498399156
2023-11-24,10020,10240,9730,9840,56679,-0.016983016983016963
2023-11-27,9750,9840,9300,9560,32654,-0.028455284552845517
2023-11-28,9470,9560,9280,9360,28135,-0.02092050209205021
2023-11-29,9310,9480,9210,9310,21547,-0.005341880341880323
2023-11-30,9390,9400,9140,9380,31336,0.007518796992481258
2023-12-01,9250,9400,9160,9290,14377,-0.009594882729211052
2023-12-04,9170,9290,9000,9170,28957,-0.012917115177610294
2023-12-05,9070,9180,9000,9110,21380,-0.0065430752453653485
2023-12-06,9120,9120,8760,8850,53120,-0.028540065861690445
2023-12-07,8880,9460,8800,9290,57218,0.049717514124293816
2023-12-08,9350,9820,8940,9080,87927,-0.0226049515608181
2023-12-11,9300,9300,8930,9040,32104,-0.004405286343612369
2023-12-12,9040,9840,9040,9540,149080,0.055309734513274256
2023-12-13,9540,9950,9200,9500,80556,-0.004192872117400381
2023-12-14,9720,9950,9390,9390,54373,-0.011578947368421022
2023-12-15,9400,9650,9260,9560,30408,0.018104366347177825
2023-12-18,9780,9780,9350,9440,35851,-0.012552301255230103
2023-12-19,9440,9610,9310,9570,34193,0.013771186440677985
2023-12-20,9850,11630,9710,11030,785807,0.1525600835945664
2023-12-21,11150,11430,10700,11030,224781,0.0
2023-12-22,10900,12950,10900,11270,655667,0.021758839528558394
2023-12-26,11280,11290,10880,10920,117843,-0.03105590062111796
2023-12-27,10700,11500,10560,11360,115635,0.04029304029304037
2023-12-28,11360,11700,11200,11630,86360,0.023767605633802757
2024-01-02,11880,11900,11230,11900,131471,0.023215821152192673
2024-01-03,11900,12370,11630,12120,115076,0.018487394957983128
2024-01-04,12120,12300,11610,11680,73388,-0.0363036303630363
2024-01-05,11590,11870,11110,11150,86293,-0.045376712328767166
2024-01-08,11000,11300,10940,11090,41536,-0.0053811659192825045
2024-01-09,11090,13320,11090,12650,761377,0.14066726780883676
2024-01-10,12450,12450,11940,12150,147386,-0.03952569169960474
2024-01-11,12040,12240,11850,12170,68834,0.0016460905349793276
2024-01-12,12280,12310,11860,12020,70924,-0.01232539030402624
2024-01-15,12380,12500,11970,12150,83399,0.010815307820299491
2024-01-16,12390,12440,11920,12130,82580,-0.0016460905349794386
2024-01-17,12290,12400,11500,11680,69814,-0.03709810387469081
2024-01-18,11500,11680,11230,11360,73580,-0.0273972602739726
2024-01-19,11690,11690,11110,11380,52941,0.0017605633802817433
2024-01-22,11390,11630,11230,11370,35483,-0.0008787346221441616
2024-01-23,11370,11700,11250,11370,72321,0.0
2024-01-24,11370,11560,10800,10900,78380,-0.041336851363236615
2024-01-25,11080,11080,10000,10600,42268,-0.02752293577981646
2024-01-26,10790,10900,10470,10510,51372,-0.008490566037735903
2024-01-29,10510,11300,10400,10900,103742,0.0371075166508088
2024-01-30,10900,11040,10560,10630,85670,-0.02477064220183489
2024-01-31,10650,10680,10150,10200,71630,-0.040451552210724384
2024-02-01,10200,11080,9960,11040,117682,0.08235294117647052
2024-02-02,11100,11470,10820,11290,112923,0.02264492753623193
2024-02-05,11310,11720,10180,10520,379578,-0.0682019486271036
2024-02-06,11020,13670,10500,10560,3689058,0.0038022813688212143
2024-02-07,10410,12220,9960,11620,1556679,0.10037878787878785
2024-02-08,11410,12090,11300,11440,309862,-0.015490533562822706
2024-02-13,11280,11370,11120,11210,215520,-0.020104895104895104
2024-02-14,11200,11200,10700,10700,169359,-0.04549509366636928
2024-02-15,10530,10670,10220,10480,235213,-0.020560747663551426
2024-02-16,10490,10770,10300,10510,84079,0.002862595419847347
2024-02-19,10340,10730,10340,10590,75979,0.007611798287345373
2024-02-20,10590,11160,10570,10730,171077,0.013220018885741203
2024-02-21,10750,10780,10430,10600,83797,-0.012115563839701804
2024-02-22,10510,10770,10450,10540,67768,-0.005660377358490565
2024-02-23,10500,10900,10400,10590,112300,0.004743833017077703
2024-02-26,10750,10750,10510,10610,54795,0.0018885741265344258
2024-02-27,10860,12950,10800,12340,1441113,0.16305372290292186
2024-02-28,12220,13460,12220,12810,679705,0.038087520259319385
2024-02-29,13000,13480,12730,12830,347561,0.0015612802498048417
2024-03-04,13280,14500,13120,14160,523119,0.10366328916601719
2024-03-05,14160,14170,13400,14160,256006,0.0
2024-03-06,14180,14950,14110,14330,345391,0.012005649717514055
2024-03-07,14330,14330,13070,13160,291095,-0.08164689462665731
2024-03-08,13030,15450,12970,15100,590800,0.14741641337386024
2024-03-11,15100,15720,14830,15100,227209,0.0
2024-03-12,15100,16430,14920,16090,424896,0.06556291390728486
2024-03-13,16000,16030,15280,15430,236227,-0.04101926662523303
2024-03-14,15290,15800,14800,15150,138471,-0.018146467919637033
2024-03-15,15000,15500,14700,14830,122429,-0.021122112211221067
2024-03-18,14710,16000,14690,15570,196850,0.049898853674983146
2024-03-19,15570,15990,14990,15240,127173,-0.021194605009633882
2024-03-20,15240,19680,15240,18630,3542164,0.2224409448818898
2024-03-21,18440,18520,17150,17150,588357,-0.07944176060118091
2024-03-22,17610,18530,17040,17570,711588,0.02448979591836742
2024-03-25,18100,18300,17200,17340,338107,-0.013090495162208282
2024-03-26,17350,18250,17140,17940,301099,0.03460207612456756
2024-03-27,18100,18480,17600,18110,244644,0.009476031215161607
2024-03-28,18310,18490,17230,17660,219480,-0.024848150193263363
2024-03-29,17500,18070,17460,17630,147235,-0.001698754246885592
2024-04-01,17310,17480,16300,16670,270540,-0.054452637549631255
2024-04-02,16500,16510,14500,14610,493208,-0.1235752849430114
2024-04-03,14520,18880,14310,17330,1172647,0.18617385352498284
2024-04-04,16710,20250,16190,18000,4613571,0.038661281015579974
2024-04-05,17480,18850,17000,17010,1157910,-0.05500000000000005
2024-04-08,17280,21350,17060,20400,4836426,0.1992945326278659
2024-04-09,19400,19770,18500,18590,1176376,-0.08872549019607845
2024-04-11,18410,20150,17700,18300,1362377,-0.01559978483055402
2024-04-12,18110,18990,18050,18220,393689,-0.0043715846994535346
2024-04-15,17800,18100,17420,17560,252396,-0.03622392974753019
2024-04-16,17240,17430,16490,16550,294786,-0.05751708428246016
2024-04-17,16410,16970,16400,16400,164111,-0.009063444108761365
2024-04-18,16200,18400,16110,17010,469701,0.037195121951219434
2024-04-19,17130,19170,17130,17800,917638,0.04644326866549098
2024-04-22,17800,18780,17710,18250,297313,0.02528089887640439
2024-04-23,19000,19240,18120,18640,463985,0.021369863013698698
2024-04-24,18800,21100,18710,19710,1317720,0.05740343347639487
