Date,Open,High,Low,Close,Volume,Change
2022-01-03,16350,16650,16250,16450,163994,0.009202453987730008
2022-01-04,16650,17200,16500,17150,501901,0.042553191489361764
2022-01-05,17250,17350,16450,16500,304788,-0.03790087463556846
2022-01-06,16100,16750,16050,16300,260344,-0.012121212121212088
2022-01-07,16350,16600,16300,16300,150057,0.0
2022-01-10,16200,16250,15500,15700,211056,-0.036809815950920255
2022-01-11,15650,15950,15100,15600,250864,-0.006369426751592355
2022-01-12,15650,15800,15550,15650,142063,0.0032051282051281937
2022-01-13,15750,18200,15550,18000,2280617,0.15015974440894575
2022-01-14,17350,18000,17100,18000,854534,0.0
2022-01-17,18400,19400,17500,18150,1784410,0.008333333333333304
2022-01-18,18100,18250,17150,17350,487733,-0.0440771349862259
2022-01-19,16750,17550,16650,17000,338026,-0.02017291066282423
2022-01-20,17100,17350,16650,17100,290469,0.00588235294117645
2022-01-21,16900,17850,16850,17150,388521,0.0029239766081872176
2022-01-24,17050,17100,15950,15950,313382,-0.06997084548104959
2022-01-25,16100,16200,14750,15000,340158,-0.059561128526645746
2022-01-26,14950,15750,14650,15150,349507,0.010000000000000009
2022-01-27,15150,15400,14150,14200,337496,-0.06270627062706269
2022-01-28,14200,15100,13700,14650,267866,0.03169014084507049
2022-02-03,14950,15250,14850,15050,216272,0.027303754266211566
2022-02-04,15000,15900,14750,15350,529946,0.019933554817275656
2022-02-07,15400,15900,15350,15400,179922,0.0032573289902280145
2022-02-08,15350,15600,14900,15100,138338,-0.01948051948051943
2022-02-09,15250,15500,15150,15350,71421,0.01655629139072845
2022-02-10,15450,15650,15200,15300,96886,-0.0032573289902280145
2022-02-11,15200,15300,14800,15300,147912,0.0
2022-02-14,14800,14950,14400,14400,172092,-0.05882352941176472
2022-02-15,14400,14600,13850,13850,156795,-0.03819444444444442
2022-02-16,14300,14650,14300,14600,133684,0.054151624548736566
2022-02-17,14650,14800,13950,14300,144053,-0.020547945205479423
2022-02-18,13900,14550,13900,14400,95830,0.006993006993007089
2022-02-21,14100,14300,14000,14250,75830,-0.01041666666666663
2022-02-22,13950,14100,13850,13950,112648,-0.021052631578947323
2022-02-23,14000,14200,13950,14100,71893,0.010752688172043001
2022-02-24,13900,14050,13400,13450,180770,-0.046099290780141855
2022-02-25,13750,14200,13600,13950,177594,0.037174721189590976
2022-02-28,13950,14250,13900,14150,61357,0.014336917562723928
2022-03-02,14000,14650,13900,14500,98461,0.02473498233215543
2022-03-03,14550,14700,14400,14650,93379,0.010344827586206806
2022-03-04,14700,14750,14400,14600,79045,-0.0034129692832765013
2022-03-07,14400,14450,14000,14050,93161,-0.03767123287671237
2022-03-08,13750,14150,13700,13950,77530,-0.007117437722419906
2022-03-10,14300,14300,14000,14050,44180,0.007168458781362075
2022-03-11,14000,14200,14000,14100,48531,0.003558718861210064
2022-03-14,14050,14200,13600,13650,135473,-0.03191489361702127
2022-03-15,13650,14300,13600,13800,152388,0.01098901098901095
2022-03-16,14000,15350,13800,14850,187250,0.07608695652173902
2022-03-17,15200,15500,14900,15000,315929,0.010101010101010166
2022-03-18,15000,15150,14750,14800,119569,-0.013333333333333308
2022-03-21,15000,15050,14700,14800,110550,0.0
2022-03-22,14800,14950,14700,14850,66159,0.0033783783783782884
2022-03-23,15000,15200,14850,14950,104027,0.006734006734006703
2022-03-24,14750,15050,14550,15000,106527,0.0033444816053511683
2022-03-25,15200,16350,15050,15700,834287,0.046666666666666634
2022-03-28,15650,15850,15450,15600,118084,-0.006369426751592355
2022-03-29,15600,16000,15350,15450,147138,-0.009615384615384581
2022-03-30,15500,15600,15300,15350,108165,-0.006472491909385147
2022-03-31,15400,17550,15150,16100,2289060,0.04885993485342022
2022-04-01,15900,16150,15800,15850,201445,-0.01552795031055898
2022-04-04,15900,16600,15850,16250,346344,0.025236593059936974
2022-04-05,16300,16550,16150,16200,169856,-0.003076923076923088
2022-04-06,16150,16200,15750,16000,144654,-0.012345679012345734
2022-04-07,15700,16300,15700,16000,181686,0.0
2022-04-08,16050,18050,16050,17650,2983534,0.10312499999999991
2022-04-11,17500,18100,17250,17800,919152,0.008498583569405138
2022-04-12,17450,17650,16900,17100,419946,-0.0393258426966292
2022-04-13,17200,18700,16850,17900,1689631,0.04678362573099415
2022-04-14,17600,18300,17450,17850,585371,-0.0027932960893854997
2022-04-15,17800,18200,17500,17900,396802,0.0028011204481792618
2022-04-18,17950,18000,17550,17750,187232,-0.008379888268156388
2022-04-19,17800,18000,17450,17550,254451,-0.011267605633802802
2022-04-20,17600,17700,17000,17450,254064,-0.005698005698005715
2022-04-21,17400,18050,17350,17450,291498,0.0
2022-04-22,17450,17450,16550,16850,343053,-0.034383954154727836
2022-04-25,16450,16600,16100,16150,324273,-0.041543026706231445
2022-04-26,16250,16450,16100,16100,139984,-0.003095975232198178
2022-04-27,15550,16800,15350,16050,355905,-0.0031055900621117516
2022-04-28,16250,16550,15900,16000,194889,-0.0031152647975077885
2022-04-29,16150,16500,16050,16200,173720,0.012499999999999956
2022-05-02,15850,16150,15800,16100,116049,-0.006172839506172867
2022-05-03,16150,16350,16050,16150,101360,0.0031055900621117516
2022-05-04,16100,16700,16050,16300,353659,0.009287925696594534
2022-05-06,16100,16950,16050,16800,490812,0.030674846625766916
2022-05-09,16850,16850,15700,15850,284143,-0.05654761904761907
2022-05-10,15350,15700,14850,15700,185284,-0.009463722397476393
2022-05-11,15500,15950,15400,15600,90740,-0.006369426751592355
2022-05-12,15350,15750,14900,15000,123322,-0.038461538461538436
2022-05-13,15050,15750,15050,15750,105342,0.050000000000000044
2022-05-16,15750,15900,15500,15700,61852,-0.0031746031746031633
2022-05-17,15650,15900,15550,15800,69994,0.006369426751592355
2022-05-18,15950,16300,15750,15900,136780,0.006329113924050667
2022-05-19,15300,16150,15150,15900,196549,0.0
2022-05-20,16100,16350,15900,16100,119443,0.012578616352201255
2022-05-23,16050,16450,16000,16400,153612,0.01863354037267073
2022-05-24,16500,16550,15800,15900,156948,-0.030487804878048808
2022-05-25,15950,16100,15450,15800,114423,-0.0062893081761006275
2022-05-26,15900,16250,15600,15700,115679,-0.006329113924050667
2022-05-27,15800,16400,15800,16250,202946,0.035031847133758065
2022-05-30,16350,16500,16150,16250,104839,0.0
2022-05-31,16350,16500,16200,16350,111851,0.006153846153846176
2022-06-02,16350,16350,15950,16000,83724,-0.021406727828746197
2022-06-03,16150,16200,15850,15950,79050,-0.0031250000000000444
2022-06-07,16000,16000,15500,15550,84943,-0.025078369905956133
2022-06-08,15700,15700,15300,15350,90097,-0.012861736334405127
2022-06-09,15250,15600,15000,15600,96300,0.016286644951140072
2022-06-10,15500,16000,15300,15750,148197,0.009615384615384581
2022-06-13,15400,15450,14750,14750,175556,-0.06349206349206349
2022-06-14,14250,14900,14200,14600,135402,-0.01016949152542368
2022-06-15,14350,14500,13900,13900,126323,-0.047945205479452024
2022-06-16,14300,14500,13900,13950,111284,0.003597122302158251
2022-06-17,13650,14150,13400,14050,109719,0.007168458781362075
2022-06-20,14000,14200,12950,13100,183683,-0.06761565836298933
2022-06-21,13100,13400,13000,13200,123952,0.007633587786259444
2022-06-22,13350,13500,12300,12350,177451,-0.06439393939393945
2022-06-23,12250,12450,11300,11400,283674,-0.07692307692307687
2022-06-24,11300,12250,11300,12150,216939,0.06578947368421062
2022-06-27,12400,12750,12200,12500,91667,0.028806584362139898
2022-06-28,12450,12800,12300,12700,82843,0.016000000000000014
2022-06-29,12350,12800,12350,12800,63669,0.007874015748031482
2022-06-30,12800,12800,12450,12550,76170,-0.01953125
2022-07-01,12450,12650,12050,12250,74259,-0.0239043824701195
2022-07-04,12150,12350,11550,11800,100028,-0.03673469387755102
2022-07-05,11800,12350,11800,12250,59398,0.03813559322033888
2022-07-06,12250,12350,11850,11850,48402,-0.03265306122448974
2022-07-07,11950,12200,11900,12050,42736,0.016877637130801704
2022-07-08,12300,12600,12200,12300,57434,0.020746887966804906
2022-07-11,12250,12450,12000,12150,59485,-0.012195121951219523
2022-07-12,11950,12250,11750,11850,92133,-0.024691358024691357
2022-07-13,11900,12100,11600,12050,63139,0.016877637130801704
2022-07-14,11950,12300,11950,12100,56979,0.004149377593360981
2022-07-15,12150,12350,11900,12250,37677,0.012396694214876103
2022-07-18,12300,12650,12250,12600,76457,0.02857142857142847
2022-07-19,12450,12700,12350,12650,61230,0.003968253968253954
2022-07-20,12850,12950,12600,12600,76336,-0.0039525691699604515
2022-07-21,12700,12700,12500,12650,51518,0.003968253968253954
2022-07-22,12700,13050,12650,12700,87471,0.0039525691699604515
2022-07-25,12650,12800,12550,12750,37204,0.003937007874015741
2022-07-26,12750,13000,12500,12900,58345,0.0117647058823529
2022-07-27,12850,13000,12750,13000,38432,0.007751937984496138
2022-07-28,13150,13200,12900,13150,62559,0.011538461538461497
2022-07-29,13300,13700,13200,13500,131977,0.026615969581748944
2022-08-01,13600,13900,13500,13800,89117,0.022222222222222143
2022-08-02,13900,14200,13700,14200,113902,0.02898550724637672
2022-08-03,14100,14500,14050,14250,72639,0.0035211267605634866
2022-08-04,14400,14600,14150,14250,94294,0.0
2022-08-05,14200,14300,13850,14200,67157,-0.0035087719298245723
2022-08-08,14000,14250,13850,14250,58675,0.0035211267605634866
2022-08-09,14100,14350,14100,14350,44503,0.007017543859649145
2022-08-10,14050,14600,14050,14450,68832,0.006968641114982521
2022-08-11,14550,14650,14350,14400,55792,-0.0034602076124568004
2022-08-12,14350,14550,14300,14400,42209,0.0
2022-08-16,14250,14650,14100,14100,74043,-0.02083333333333337
2022-08-17,14150,14150,13850,13900,56522,-0.014184397163120588
2022-08-18,13650,14000,13500,13900,112312,0.0
2022-08-19,13900,14550,13900,13950,145235,0.003597122302158251
2022-08-22,13700,13800,13350,13350,79719,-0.043010752688172005
2022-08-23,13000,13450,12950,13200,75807,-0.011235955056179803
2022-08-24,13250,13500,13150,13450,37015,0.018939393939394034
2022-08-25,13500,14600,13450,14300,201497,0.06319702602230493
2022-08-26,14550,14850,14400,14500,211119,0.013986013986013957
2022-08-29,13800,15150,13750,15050,310237,0.037931034482758585
2022-08-30,15050,15650,14900,15050,370689,0.0
2022-08-31,15050,15600,14800,15400,259799,0.023255813953488413
2022-09-01,15300,15500,14650,14750,226470,-0.04220779220779225
2022-09-02,14800,15000,14350,14500,118474,-0.016949152542372836
2022-09-05,14400,14700,14000,14300,119191,-0.01379310344827589
2022-09-06,14350,15500,14350,15350,275264,0.07342657342657333
2022-09-07,15350,15600,15050,15300,197168,-0.0032573289902280145
2022-09-08,15400,15600,15050,15150,195799,-0.009803921568627416
2022-09-13,15600,16500,15450,16050,578506,0.05940594059405946
2022-09-14,15300,15800,15200,15600,201276,-0.028037383177570097
2022-09-15,15600,18800,15600,18400,3594078,0.17948717948717952
2022-09-16,18150,18700,17650,18000,1311135,-0.021739130434782594
2022-09-19,17900,18000,15350,15350,1360125,-0.14722222222222225
2022-09-20,15600,15750,15150,15200,326480,-0.009771986970684043
2022-09-21,15250,16700,15250,16200,850538,0.06578947368421062
2022-09-22,15750,16650,15700,16500,422823,0.0185185185185186
2022-09-23,16200,16250,14800,15000,520918,-0.09090909090909094
2022-09-26,14600,14700,13550,13550,397873,-0.09666666666666668
2022-09-27,13550,14250,13400,14100,328303,0.040590405904058935
2022-09-28,13900,14050,12750,13100,522887,-0.07092198581560283
2022-09-29,13500,13550,12400,12400,381636,-0.05343511450381677
2022-09-30,12150,12600,11800,12300,247628,-0.008064516129032251
2022-10-04,12700,13050,12450,12950,152886,0.05284552845528445
2022-10-05,13400,13500,12950,13200,231734,0.019305019305019266
2022-10-06,13150,14350,13150,14350,347492,0.08712121212121215
2022-10-07,13800,13900,13000,13200,382337,-0.08013937282229966
2022-10-11,12700,12750,12400,12600,148622,-0.045454545454545414
2022-10-12,12500,12800,12500,12650,152896,0.003968253968253954
2022-10-13,12450,12550,11950,11950,187822,-0.055335968379446654
2022-10-14,12350,12550,12250,12300,160613,0.029288702928870203
2022-10-17,12000,12650,11950,12650,121329,0.028455284552845628
2022-10-18,13000,13000,12500,12650,155762,0.0
2022-10-19,12800,13300,12650,12750,216863,0.007905138339920903
2022-10-20,12750,13000,12550,12850,88530,0.007843137254901933
2022-10-21,12700,13100,12200,12600,194292,-0.01945525291828798
2022-10-24,12800,13050,12550,12550,128491,-0.003968253968253954
2022-10-25,12700,12700,12300,12350,97046,-0.015936254980079667
2022-10-26,12500,12550,11950,11950,104752,-0.03238866396761131
2022-10-27,11950,12350,11950,12350,77629,0.03347280334728042
2022-10-28,12450,13000,12300,12550,196092,0.0161943319838056
2022-10-31,12950,13800,12900,13600,532882,0.08366533864541825
2022-11-01,13550,13750,13100,13600,290416,0.0
2022-11-02,13600,13850,13200,13350,252529,-0.018382352941176516
2022-11-03,13050,14050,12900,13650,382554,0.022471910112359605
2022-11-04,13600,13650,13200,13300,129958,-0.02564102564102566
2022-11-07,13250,13350,13050,13250,137093,-0.003759398496240629
2022-11-08,13350,13400,13050,13150,145432,-0.007547169811320753
2022-11-09,12800,13100,12500,13100,405183,-0.0038022813688213253
2022-11-10,13050,13300,12850,12900,163181,-0.01526717557251911
2022-11-11,13300,13350,13000,13150,215083,0.019379844961240345
2022-11-14,13150,13550,13050,13300,196041,0.011406844106463865
2022-11-15,13250,13400,13050,13200,164761,-0.007518796992481258
2022-11-16,13200,13300,13000,13100,126655,-0.007575757575757569
2022-11-17,13050,13100,12500,12750,191636,-0.026717557251908386
2022-11-18,12800,12850,12500,12500,124992,-0.019607843137254943
2022-11-21,12550,12600,12250,12300,63428,-0.016000000000000014
2022-11-22,12300,12400,12200,12300,57807,0.0
2022-11-23,12350,12600,12300,12400,63510,0.008130081300812941
2022-11-24,12500,12850,12500,12800,95245,0.032258064516129004
2022-11-25,12750,12850,12600,12800,33207,0.0
2022-11-28,12750,12750,12450,12500,50243,-0.0234375
2022-11-29,12350,12550,12350,12550,35400,0.0040000000000000036
2022-11-30,12450,12800,12450,12550,66638,0.0
2022-12-01,12800,12800,12550,12650,69493,0.007968127490039834
2022-12-02,12600,12700,12500,12500,43691,-0.011857707509881465
2022-12-05,12550,12550,12250,12300,57417,-0.016000000000000014
2022-12-06,12250,12300,12100,12150,42586,-0.012195121951219523
2022-12-07,12000,12150,11950,12100,35427,-0.004115226337448541
2022-12-08,12000,12250,12000,12000,45939,-0.008264462809917328
2022-12-09,12100,12150,11900,12000,41597,0.0
2022-12-12,11900,12350,11800,12050,43674,0.004166666666666652
2022-12-13,12200,12200,11900,11900,38094,-0.012448132780082943
2022-12-14,12050,12150,11900,12050,24068,0.012605042016806678
2022-12-15,12050,12200,11950,12050,20391,0.0
2022-12-16,11850,12050,11850,12050,35468,0.0
2022-12-19,12050,12100,11900,11950,20442,-0.008298755186721962
2022-12-20,11850,11950,11300,11350,120487,-0.05020920502092052
2022-12-21,11350,11400,10500,10750,317567,-0.052863436123347984
2022-12-22,10800,10900,10650,10750,72576,0.0
2022-12-23,10500,10600,10300,10350,91505,-0.037209302325581395
2022-12-26,10350,11300,10200,10700,269871,0.033816425120772875
2022-12-27,10700,10900,10250,10600,130304,-0.009345794392523366
2022-12-28,10350,10450,10200,10200,62399,-0.037735849056603765
2022-12-29,10150,10300,9800,9970,115949,-0.022549019607843168
2023-01-02,9850,10100,9810,9890,75575,-0.008024072216649913
2023-01-03,9730,10050,9680,9920,72059,0.0030333670374114163
2023-01-04,9760,10300,9750,10250,30621,0.03326612903225801
2023-01-05,10250,10250,10000,10000,29420,-0.024390243902439046
2023-01-06,9810,10250,9810,10100,34248,0.010000000000000009
2023-01-09,10300,10450,10200,10350,35896,0.024752475247524774
2023-01-10,10400,10750,10400,10400,49695,0.004830917874396157
2023-01-11,10450,10750,10400,10650,42711,0.024038461538461453
2023-01-12,10750,11100,10650,10900,86178,0.023474178403755763
2023-01-13,10900,11100,10800,10900,38956,0.0
2023-01-16,10950,10950,10650,10800,32290,-0.00917431192660545
2023-01-17,10650,10800,10550,10550,37529,-0.02314814814814814
2023-01-18,10450,10650,10400,10550,40371,0.0
2023-01-19,10550,10650,10450,10550,18365,0.0
2023-01-20,10450,10600,10350,10600,15360,0.004739336492890933
2023-01-25,10620,10890,10620,10850,30837,0.02358490566037741
2023-01-26,10850,11120,10740,11070,67734,0.02027649769585249
2023-01-27,10960,11250,10960,11090,43183,0.0018066847335140857
2023-01-30,11200,11200,10910,10950,29780,-0.012623985572587926
2023-01-31,10950,11160,10810,11000,44980,0.004566210045662045
2023-02-01,11150,11180,11000,11050,29015,0.00454545454545463
2023-02-02,11200,11270,11050,11180,70456,0.0117647058823529
2023-02-03,11230,11270,11140,11180,37751,0.0
2023-02-06,11180,11650,11090,11380,112440,0.017889087656529412
2023-02-07,11330,11670,11330,11530,58244,0.013181019332161759
2023-02-08,11550,11600,11410,11470,42487,-0.005203816131829964
2023-02-09,11400,11550,11360,11420,38079,-0.0043591979075849885
2023-02-10,11360,11500,11120,11120,47176,-0.02626970227670755
2023-02-13,11060,11160,10920,11090,26560,-0.0026978417266186883
2023-02-14,11010,11200,10900,10940,73487,-0.01352569882777277
2023-02-15,10940,11090,10590,10590,50221,-0.03199268738574035
2023-02-16,10600,10990,10600,10920,40667,0.031161473087818692
2023-02-17,10880,11360,10770,11170,59381,0.022893772893772812
2023-02-20,11280,11280,10960,11180,33721,0.0008952551477170445
2023-02-21,11180,11380,11100,11180,40275,0.0
2023-02-22,11050,11050,10670,10730,75733,-0.0402504472271914
2023-02-23,10740,10930,10580,10700,26032,-0.002795899347623476
2023-02-24,10620,10770,10400,10410,63090,-0.02710280373831775
2023-02-27,10400,10480,10150,10300,38375,-0.01056676272814605
2023-02-28,10790,12990,10710,12130,4455233,0.1776699029126214
2023-03-02,12390,13270,12210,12400,1556560,0.022258862324814555
2023-03-03,12810,16120,12510,16120,11487734,0.30000000000000004
2023-03-06,16560,19690,16120,17890,15542353,0.10980148883374685
2023-03-07,17560,17750,16500,16690,3075060,-0.06707657909446618
2023-03-08,16360,18260,16020,16740,3573289,0.002995805871779611
2023-03-09,16420,16580,15270,15520,1091233,-0.07287933094384702
2023-03-10,15290,16400,15210,15440,1495855,-0.005154639175257714
2023-03-13,15350,17470,15340,16600,6043072,0.07512953367875652
2023-03-14,16730,17090,15450,15680,1356796,-0.055421686746988
2023-03-15,16430,17770,16120,16970,4170583,0.08227040816326525
2023-03-16,17020,17970,16210,16800,2176483,-0.0100176782557454
2023-03-17,17130,17130,15720,15850,976250,-0.05654761904761907
2023-03-20,15510,17250,15410,16670,2048566,0.05173501577287065
2023-03-21,16650,21500,16600,20500,16112165,0.22975404919016196
2023-03-22,20900,21100,20150,20600,3744094,0.004878048780487809
2023-03-23,20350,24450,20350,21850,14080821,0.06067961165048552
2023-03-24,22450,22700,20650,21400,2058122,-0.020594965675057253
2023-03-27,20800,22200,20650,21550,1422867,0.007009345794392496
2023-03-28,21900,21950,19980,20350,1212382,-0.05568445475638051
2023-03-29,20300,22800,20000,21500,3948298,0.05651105651105648
2023-03-30,21750,22300,20700,20750,1345404,-0.03488372093023251
2023-03-31,20600,22400,20350,20700,2168310,-0.002409638554216831
2023-04-03,22650,24500,21350,23100,7502317,0.11594202898550732
2023-04-04,22600,22850,21150,21450,1554285,-0.0714285714285714
2023-04-05,21750,23150,21400,22650,2494078,0.05594405594405605
2023-04-06,21950,22750,21500,21900,1025842,-0.0331125827814569
2023-04-07,22400,22800,21850,22400,1330328,0.022831050228310446
2023-04-10,22650,25700,22250,22900,5568742,0.022321428571428603
2023-04-11,23650,24400,21300,21950,2190139,-0.04148471615720528
2023-04-12,21950,21950,19570,19600,1365184,-0.1070615034168565
2023-04-13,19000,19300,18000,18850,1023936,-0.03826530612244894
2023-04-14,19350,19370,18410,18900,741323,0.0026525198938991412
2023-04-17,18930,19290,18310,18670,595369,-0.012169312169312163
2023-04-18,19600,22350,19570,19770,4129914,0.05891805034815212
2023-04-19,19570,19670,18700,19000,826450,-0.03894790085988875
2023-04-20,20500,21500,19680,20150,2257091,0.06052631578947376
2023-04-21,21200,26150,20950,26150,24771081,0.29776674937965253
2023-04-24,27050,31850,24900,26650,21006269,0.019120458891013437
2023-04-25,25900,26000,21600,22900,4431841,-0.14071294559099434
2023-04-26,22500,23400,21000,21100,3186163,-0.0786026200873362
2023-04-27,22450,23200,21500,21900,3843222,0.03791469194312791
2023-04-28,22050,23600,20600,20750,3580121,-0.05251141552511418
2023-05-02,20600,21500,19970,21200,1192892,0.02168674698795181
2023-05-03,20700,21500,20200,20800,1013268,-0.018867924528301883
2023-05-04,20700,21100,19770,19940,840824,-0.04134615384615381
2023-05-08,20000,20750,19780,19820,635488,-0.006018054162487463
2023-05-09,19700,19740,18150,18730,811796,-0.054994954591321865
2023-05-10,18700,18840,18100,18150,454996,-0.030966364121729817
2023-05-11,18300,18820,17460,17650,628487,-0.02754820936639113
2023-05-12,17570,17840,17090,17210,475159,-0.024929178470254998
2023-05-15,16960,17120,16590,16890,540034,-0.01859384079023818
2023-05-16,16890,17130,16290,16520,446444,-0.021906453522794522
2023-05-17,16440,17230,16370,17000,581674,0.029055690072639306
2023-05-18,17410,17690,16910,17110,458963,0.006470588235294228
2023-05-19,17290,17300,16510,16510,304204,-0.035067212156633554
2023-05-22,16600,17660,16050,17250,552376,0.0448213204118717
2023-05-23,17460,18320,17310,18060,853696,0.04695652173913034
2023-05-24,17910,18230,17650,18220,327028,0.008859357696566983
2023-05-25,18220,18500,17450,17620,618316,-0.03293084522502743
2023-05-26,17630,17650,16900,16900,288540,-0.04086265607264472
2023-05-30,17320,18450,16980,18250,924323,0.0798816568047338
2023-05-31,19100,21400,19080,19490,9547480,0.06794520547945204
2023-06-01,19080,21150,18910,19190,3903365,-0.015392508978963604
2023-06-02,20300,20500,19200,19210,2058117,0.0010422094841062712
2023-06-05,19090,19200,18740,18860,437608,-0.018219677251431587
2023-06-07,19170,20800,19140,20250,3342729,0.07370095440084845
2023-06-08,20750,21300,20050,20100,2378618,-0.007407407407407418
2023-06-09,21600,23250,21050,21200,5622228,0.054726368159204064
2023-06-12,20900,21700,20600,21650,1440350,0.021226415094339535
2023-06-13,21500,21700,21050,21600,1136966,-0.002309468822170868
2023-06-14,23600,25100,22000,22400,8428481,0.03703703703703698
2023-06-15,22850,23200,20900,21600,1541128,-0.0357142857142857
2023-06-16,21900,22350,21350,21450,1085556,-0.00694444444444442
2023-06-19,21100,21800,20600,21550,841105,0.004662004662004726
2023-06-20,21150,21300,20350,20450,527473,-0.051044083526682105
2023-06-21,20450,20850,19510,19600,611546,-0.041564792176039145
2023-06-22,19070,19910,19070,19360,446353,-0.01224489795918371
2023-06-23,19500,20450,19370,19620,538022,0.013429752066115741
2023-06-26,19300,19400,18800,18930,305862,-0.03516819571865448
2023-06-27,19000,19000,18440,18620,284125,-0.01637612255678822
2023-06-28,18900,19190,18500,18620,298876,0.0
2023-06-29,18620,18970,18070,18090,285028,-0.0284640171858217
2023-06-30,18070,18300,17830,18160,223475,0.003869541182974112
2023-07-03,19050,21200,18950,20150,3167595,0.10958149779735682
2023-07-04,20200,21050,19990,20350,973328,0.00992555831265518
2023-07-05,20150,21150,20100,21000,909638,0.03194103194103204
2023-07-06,20900,20900,19680,19840,515785,-0.0552380952380952
2023-07-07,19840,20350,19710,19950,318564,0.005544354838709742
2023-07-10,19980,19980,18150,19390,363245,-0.028070175438596467
2023-07-11,19690,20850,19420,20750,693651,0.07013924703455388
2023-07-12,20850,21100,20100,20250,454479,-0.02409638554216864
2023-07-13,20250,20550,20050,20300,297137,0.0024691358024691024
2023-07-14,20450,20550,19500,20200,491431,-0.0049261083743842304
2023-07-17,20200,20450,19760,19980,379832,-0.0108910891089109
2023-07-18,19960,21800,19900,20800,1827796,0.041041041041041115
2023-07-19,22000,22500,20250,20400,1685689,-0.019230769230769273
2023-07-20,20250,20750,19970,20300,406703,-0.004901960784313708
2023-07-21,19970,20200,19870,19880,385677,-0.020689655172413834
2023-07-24,19650,19930,19060,19350,539720,-0.026659959758551288
2023-07-25,19410,19660,19000,19010,408970,-0.017571059431524594
2023-07-26,18800,18990,16920,17190,936266,-0.09573908469226722
2023-07-27,16730,17930,16690,16810,382082,-0.02210587550901688
2023-07-28,16230,17340,16230,17200,229056,0.023200475907198204
2023-07-31,17200,17920,17200,17740,208375,0.0313953488372094
2023-08-01,17830,18000,17100,17340,272445,-0.022547914317925577
2023-08-02,17180,17580,16540,16740,235385,-0.03460207612456745
2023-08-03,16740,16850,16270,16470,159371,-0.016129032258064502
2023-08-04,16440,16760,16320,16360,117406,-0.006678809957498477
2023-08-07,16360,16360,15200,15640,296979,-0.044009779951100225
2023-08-08,15560,15850,15100,15430,245849,-0.013427109974424534
2023-08-09,15250,15960,15100,15960,177681,0.03434867141931308
2023-08-10,15960,15960,15350,15410,135247,-0.034461152882205526
2023-08-11,15450,15690,15300,15620,96571,0.013627514600908608
2023-08-14,15960,15960,14970,15090,163853,-0.03393085787451988
2023-08-16,14900,14920,14330,14450,140137,-0.042412193505632856
2023-08-17,14000,14850,13970,14850,145351,0.02768166089965396
2023-08-18,14500,14740,14290,14560,82017,-0.019528619528619506
2023-08-21,14420,15020,14410,14670,70385,0.007554945054945028
2023-08-22,14670,14880,14570,14600,74714,-0.0047716428084526585
2023-08-23,14650,14660,14230,14270,76489,-0.022602739726027443
2023-08-24,14350,14690,14330,14660,65029,0.027330063069376243
2023-08-25,14560,14590,14260,14360,48992,-0.02046384720327421
2023-08-28,14370,14960,14330,14710,98189,0.024373259052924867
2023-08-29,14730,15370,14700,15090,123931,0.0258327668252889
2023-08-30,15120,15770,15100,15650,217329,0.03711066931742879
2023-08-31,16200,16890,15230,15360,618585,-0.018530351437699655
2023-09-01,15640,16420,15300,15300,408641,-0.00390625
2023-09-04,15300,15710,15200,15400,122556,0.006535947712418277
2023-09-05,15750,15850,15410,15460,138484,0.003896103896103842
2023-09-06,15460,15580,15110,15150,103647,-0.020051746442432128
2023-09-07,15050,15240,14670,14720,100264,-0.02838283828382837
2023-09-08,14710,15050,14640,14930,89258,0.014266304347826164
2023-09-11,14930,15130,14530,14540,85856,-0.02612190221031485
2023-09-12,14550,14700,14200,14220,79358,-0.022008253094910613
2023-09-13,14100,14330,13800,13820,83239,-0.02812939521800284
2023-09-14,13800,14100,13800,14050,84256,0.01664254703328516
2023-09-15,14000,14350,14000,14220,70549,0.012099644128113818
2023-09-18,14220,14220,13860,13870,57163,-0.024613220815752457
2023-09-19,13870,13990,13510,13560,78493,-0.022350396539293493
2023-09-20,13600,13750,13450,13620,52364,0.004424778761061843
2023-09-21,13410,13580,13080,13100,68878,-0.038179148311306865
2023-09-22,12700,13300,12700,13100,49881,0.0
2023-09-25,12850,13100,12740,12770,67951,-0.02519083969465652
2023-09-26,12700,13050,12500,12520,53949,-0.019577133907595967
2023-09-27,12270,12800,12270,12800,52046,0.022364217252396124
2023-10-04,12800,12800,11990,12050,73279,-0.05859375
2023-10-05,12080,12320,11010,11600,116140,-0.03734439834024894
2023-10-06,11480,12250,11400,12250,146301,0.056034482758620774
2023-10-10,12290,12370,11570,11670,79382,-0.04734693877551022
2023-10-11,11740,12200,11740,12060,57913,0.033419023136246784
2023-10-12,12000,12520,12000,12520,76636,0.03814262023217241
2023-10-13,12520,12520,12030,12190,48023,-0.02635782747603832
2023-10-16,12060,12180,11800,11970,39335,-0.018047579983593076
2023-10-17,12220,12370,12020,12040,36903,0.005847953216374213
2023-10-18,12040,12410,11950,12110,53075,0.005813953488372103
2023-10-19,11950,11970,11410,11430,75735,-0.056151940545004164
2023-10-20,11170,11410,10800,11000,106179,-0.03762029746281714
2023-10-23,10900,11390,10900,11240,78891,0.021818181818181737
2023-10-24,11070,11450,10700,11400,68973,0.014234875444839812
2023-10-25,11410,11700,11150,11170,64278,-0.02017543859649118
2023-10-26,10830,10900,10430,10540,61094,-0.056401074306177246
2023-10-27,10540,10940,10470,10660,78630,0.011385199240986799
2023-10-30,10460,10900,10460,10730,54899,0.0065666041275798115
2023-10-31,10800,10800,10200,10220,78535,-0.047530288909599205
2023-11-01,10260,10850,10150,10200,84990,-0.00195694716242667
2023-11-02,10450,10800,10450,10800,68055,0.05882352941176472
2023-11-03,11000,11300,10790,11200,73332,0.03703703703703698
2023-11-06,11900,12960,11500,12450,536459,0.1116071428571428
2023-11-07,12450,12450,11500,11700,161926,-0.06024096385542166
2023-11-08,11700,11910,11500,11510,84122,-0.016239316239316293
2023-11-09,11510,11740,11300,11320,74271,-0.01650738488271064
2023-11-10,11310,11620,11090,11140,113694,-0.01590106007067138
2023-11-13,11200,11600,10760,10850,96840,-0.02603231597845601
2023-11-14,11100,11580,11100,11470,107639,0.05714285714285716
2023-11-15,11800,11880,11360,11590,72858,0.010462074978204061
2023-11-16,11650,11660,11460,11630,47655,0.003451251078516071
2023-11-17,11630,11630,11230,11270,52517,-0.03095442820292349
2023-11-20,11220,11730,11200,11680,55140,0.03637976929902398
2023-11-21,11550,11770,11550,11660,59565,-0.001712328767123239
2023-11-22,11660,11740,11490,11600,44099,-0.005145797598627766
2023-11-23,11650,11810,11520,11640,47557,0.0034482758620688614
2023-11-24,11700,11700,11510,11540,39368,-0.00859106529209619
2023-11-27,11550,11610,10850,11290,85598,-0.02166377816291165
2023-11-28,11310,11590,11110,11210,67082,-0.007085916740478315
2023-11-29,11250,11370,11110,11230,53133,0.001784121320249854
2023-11-30,11990,14590,11900,14590,2043202,0.2991985752448798
2023-12-01,15340,18400,15300,16120,9853046,0.10486634681288565
2023-12-04,16510,16880,15670,16140,2375485,0.001240694789081953
2023-12-05,15600,15630,14600,14790,980089,-0.08364312267657992
2023-12-06,14520,14710,14070,14410,628373,-0.025693035835023692
2023-12-07,14430,17380,14430,15680,8372008,0.08813324080499663
2023-12-08,15800,16310,15420,15970,1697848,0.018494897959183687
2023-12-11,16300,19330,15600,17080,11871030,0.06950532247964936
2023-12-12,16660,16660,16380,16410,503530,-0.03922716627634659
2023-12-13,16550,17040,16450,16450,401306,0.0024375380865326868
2023-12-14,16680,16960,16670,16960,362265,0.031003039513677777
2023-12-15,17380,19700,16540,16770,7442245,-0.011202830188679291
2023-12-18,16400,17990,15900,17000,2276137,0.013714967203339201
2023-12-19,16800,17310,16510,16530,586907,-0.027647058823529358
2023-12-20,17160,17840,16780,17600,2401218,0.06473079249848768
2023-12-21,17200,17410,16710,16800,649561,-0.045454545454545414
2023-12-22,17050,17480,16160,16220,506766,-0.03452380952380951
2023-12-26,16150,16330,15500,15510,279265,-0.043773119605425403
2023-12-27,15510,16650,15510,15920,445287,0.026434558349452075
2023-12-28,15800,16080,15640,15770,155156,-0.009422110552763874
2024-01-02,15930,17100,15930,16300,986957,0.03360811667723529
2024-01-03,16120,16950,15840,16040,480363,-0.015950920245398792
2024-01-04,15990,16120,15480,15770,151927,-0.016832917705735695
2024-01-05,17100,19050,16660,16750,8595020,0.0621433100824349
2024-01-08,17180,17260,16710,16740,821346,-0.0005970149253731183
2024-01-09,16980,17170,16700,16700,498537,-0.002389486260453988
2024-01-10,16510,16790,16240,16270,286528,-0.02574850299401199
2024-01-11,16360,17550,16260,16590,1014282,0.019668100799016486
2024-01-12,16880,17090,16310,16550,443083,-0.0024110910186859735
2024-01-15,16460,16630,16210,16270,225045,-0.016918429003021096
2024-01-16,16140,16620,15780,15990,362641,-0.017209588199139536
2024-01-17,16030,16050,15330,15380,209022,-0.03814884302689181
2024-01-18,15310,15610,15000,15080,181692,-0.01950585175552666
2024-01-19,15090,15420,14970,15030,151107,-0.003315649867373982
2024-01-22,15030,15090,14370,14370,202129,-0.043912175648702645
2024-01-23,14210,14650,14160,14260,192512,-0.0076548364648573175
2024-01-24,14260,14920,14180,14600,270311,0.02384291725105192
2024-01-25,14900,15980,14510,14820,1077509,0.015068493150685036
2024-01-26,14620,15050,14400,14800,205290,-0.0013495276653171517
2024-01-29,14720,15070,14500,14620,163831,-0.012162162162162149
2024-01-30,14760,15720,14620,14620,619569,0.0
2024-01-31,14470,14940,14410,14520,119357,-0.0068399452804377425
2024-02-01,14410,14470,13910,14090,167167,-0.029614325068870517
2024-02-02,14090,14570,14090,14510,131236,0.029808374733853782
2024-02-05,14520,15150,14400,14470,262382,-0.002756719503790528
2024-02-06,14380,17450,14370,16500,9077360,0.14029025570145137
2024-02-07,16800,18200,16530,16620,3684233,0.0072727272727273196
2024-02-08,16600,17060,16320,16680,946551,0.0036101083032491488
2024-02-13,16830,17100,16640,17040,922806,0.021582733812949728
2024-02-14,16600,17150,16460,17100,546782,0.0035211267605634866
2024-02-15,17250,17690,16850,17600,1181199,0.029239766081871288
2024-02-16,17550,17550,16650,16730,658777,-0.04943181818181819
2024-02-19,16500,16900,16500,16760,225661,0.001793185893604221
2024-02-20,16850,17160,16510,17090,398304,0.019689737470167
2024-02-21,17090,18360,16800,17400,2497701,0.018139262726740712
2024-02-22,17220,18900,17120,17310,2749961,-0.005172413793103403
2024-02-23,17370,17430,16730,16970,437898,-0.019641825534373214
2024-02-26,17300,18990,17200,17800,6004363,0.048909840895698276
2024-02-27,17880,18400,17500,17520,1183086,-0.01573033707865168
2024-02-28,17350,17750,17270,17300,499019,-0.01255707762557079
2024-02-29,17100,17180,16640,16990,370266,-0.017919075144508634
2024-03-04,17090,17700,16900,17550,516229,0.03296056503825784
2024-03-05,17550,20000,17280,20000,4387400,0.13960113960113962
2024-03-06,19400,19570,18410,18530,1827644,-0.07350000000000001
2024-03-07,18490,22250,17910,21750,18057105,0.17377226119805722
2024-03-08,21750,23150,20850,21250,5896781,-0.02298850574712641
2024-03-11,21050,21950,20500,20750,2638915,-0.02352941176470591
2024-03-12,23350,26950,23200,25750,19814119,0.24096385542168686
2024-03-13,25200,26500,24200,25750,6527795,0.0
2024-03-14,26400,26700,23300,23550,3420330,-0.08543689320388348
2024-03-15,23000,23700,22250,22600,1333222,-0.04033970276008492
2024-03-18,23200,23500,22650,23250,1637649,0.028761061946902755
2024-03-19,23000,23700,22150,22950,1018252,-0.012903225806451646
2024-03-20,22850,23700,22200,22400,1295383,-0.023965141612200425
2024-03-21,22600,23050,22150,22600,753113,0.008928571428571397
2024-03-22,22450,23150,21450,22500,1318378,-0.004424778761061954
2024-03-25,22450,24200,22300,23300,3413092,0.03555555555555556
2024-03-26,23450,23700,22250,22500,1122017,-0.03433476394849788
2024-03-27,22500,24250,22350,22700,2039428,0.008888888888888946
2024-03-28,22600,22950,22050,22150,512116,-0.024229074889867808
2024-03-29,21850,22000,20600,21000,912905,-0.05191873589164786
2024-04-01,20800,21250,20650,21000,371642,0.0
2024-04-02,20850,21150,20100,20300,476339,-0.033333333333333326
2024-04-03,19880,20500,19510,20100,503028,-0.009852216748768461
2024-04-04,19920,20350,19550,19800,392770,-0.014925373134328401
2024-04-05,19440,19790,19090,19270,326399,-0.026767676767676774
2024-04-08,19280,19370,18550,19020,333140,-0.012973533990659036
2024-04-09,19030,19340,18790,19060,233676,0.002103049421661396
2024-04-11,18850,19030,18540,18630,171794,-0.02256033578174188
2024-04-12,18680,18920,18420,18510,217818,-0.006441223832528209
2024-04-15,18080,18270,17870,17910,200462,-0.03241491085899517
2024-04-16,17670,17760,17180,17220,235572,-0.038525963149078746
2024-04-17,17220,17380,16890,16890,187550,-0.019163763066202044
2024-04-18,16910,18190,16910,17700,275692,0.047957371225577194
2024-04-19,17710,17740,16910,17130,171672,-0.03220338983050852
2024-04-22,17330,17950,17310,17700,184391,0.03327495621716281
2024-04-23,18100,18230,17560,17790,172283,0.005084745762711895
2024-04-24,18210,18400,17910,18360,230805,0.03204047217537953
2024-04-25,18030,18250,17620,17620,159662,-0.04030501089324623
2024-04-26,17750,17900,17520,17650,86547,0.0017026106696935717
2024-04-29,17640,18300,17620,18300,189848,0.03682719546742219
2024-04-30,18610,19180,18080,18130,606321,-0.00928961748633883
2024-05-02,17990,18080,17720,17720,175174,-0.02261445118587979
2024-05-03,17740,17990,17320,17370,155262,-0.01975169300225732
2024-05-07,17460,17670,17450,17520,99040,0.008635578583765069
2024-05-08,17450,18140,17350,17940,251291,0.023972602739726012
2024-05-09,17710,17830,17230,17230,206615,-0.03957636566332223
2024-05-10,17240,17370,17050,17200,98814,-0.0017411491584445882
2024-05-13,17080,17160,16820,16820,128890,-0.02209302325581397
2024-05-14,16820,17900,16820,17280,287426,0.027348394768133222
2024-05-16,17330,17580,17200,17330,115508,0.0028935185185186008
2024-05-17,17370,17400,16990,17000,112030,-0.019042123485285667
2024-05-20,16980,17080,16780,16780,86188,-0.012941176470588234
2024-05-21,16860,16860,16370,16570,132873,-0.012514898688915421
2024-05-22,16670,16690,16110,16200,138351,-0.022329511164755567
2024-05-23,16140,16330,15960,16210,101145,0.0006172839506173311
2024-05-24,15970,16160,15810,15810,135145,-0.02467612584824186
2024-05-27,15810,16270,15580,16190,135693,0.024035420619860748
2024-05-28,16200,16270,15910,15910,95415,-0.01729462631253864
2024-05-29,15910,15940,15560,15560,103201,-0.021998742928975523
2024-05-30,15560,16020,15330,15510,199383,-0.0032133676092545027
2024-05-31,15500,15940,15500,15710,115192,0.012894906511927706
2024-06-03,15900,16150,15780,15960,151000,0.01591343093570985
2024-06-04,15960,16240,15800,15850,105527,-0.006892230576441061
2024-06-05,15870,16620,15850,16200,270126,0.02208201892744488
2024-06-07,16270,16520,16060,16500,162604,0.0185185185185186
2024-06-10,16590,16900,16320,16570,239221,0.004242424242424159
2024-06-11,16580,19400,16580,17450,5016091,0.053108026554013366
2024-06-12,17590,17730,17090,17130,453426,-0.01833810888252152
2024-06-13,17200,17400,17000,17160,259306,0.0017513134851139256
2024-06-14,17010,17050,16540,16550,267796,-0.03554778554778559
2024-06-17,16500,16690,16320,16530,128759,-0.0012084592145015227
2024-06-18,16660,16900,16250,16480,186770,-0.003024803387779773
2024-06-19,16370,16780,16330,16680,142443,0.012135922330097193
2024-06-20,16600,16740,16020,16020,168684,-0.03956834532374098
2024-06-21,15940,16000,15700,15780,97209,-0.014981273408239737
2024-06-24,15610,15770,15380,15450,100683,-0.020912547528517123
2024-06-25,15450,15950,15450,15550,96890,0.006472491909385036
2024-06-26,15540,15800,15480,15550,67315,0.0
2024-06-27,15610,15850,15270,15490,109690,-0.0038585209003215715
2024-06-28,15400,15800,15400,15500,77665,0.0006455777921239303
2024-07-01,15400,15530,15080,15530,108141,0.001935483870967758
2024-07-02,15550,15640,15130,15150,87683,-0.02446877012234383
2024-07-03,15250,15740,15200,15240,117779,0.005940594059405946
2024-07-04,15270,15420,15010,15010,97551,-0.015091863517060378
2024-07-05,15010,15110,14760,14900,114319,-0.007328447701532292
2024-07-08,14890,15270,14800,15190,66012,0.01946308724832213
2024-07-09,15190,15340,14870,14880,91259,-0.020408163265306145
2024-07-10,14880,15220,14540,14760,108627,-0.008064516129032251
2024-07-11,14800,14890,14670,14710,76847,-0.003387533875338744
2024-07-12,15490,17000,14900,14950,1282987,0.016315431679129855
2024-07-15,14950,15000,14670,14790,91994,-0.010702341137123761
2024-07-16,14790,14860,14300,14300,137115,-0.03313049357674103
2024-07-17,14300,14380,14000,14000,97585,-0.020979020979020935
2024-07-18,13720,13930,13550,13720,104227,-0.020000000000000018
2024-07-19,13560,14020,13530,14020,69559,0.02186588921282806
2024-07-22,14020,14080,13400,13400,82379,-0.0442225392296719
2024-07-23,13400,15190,13220,13700,550032,0.02238805970149249
2024-07-24,13540,14140,13540,13660,103264,-0.0029197080291970545
2024-07-25,13500,13780,13250,13490,77856,-0.012445095168374776
2024-07-26,13470,13650,13330,13350,39487,-0.010378057820607856
2024-07-29,13350,13530,13290,13450,61356,0.0074906367041198685
2024-07-30,13450,14010,13250,13250,117657,-0.014869888475836479
2024-07-31,13230,13370,13020,13260,64116,0.0007547169811321641
2024-08-01,13310,13750,13310,13590,89695,0.02488687782805421
2024-08-02,13410,13410,12780,12780,114916,-0.05960264900662249
2024-08-05,12590,12590,10350,10640,216889,-0.16744913928012517
2024-08-06,10380,12000,10380,11880,321517,0.11654135338345872
2024-08-07,11820,12260,11730,12030,84612,0.012626262626262541
2024-08-08,11800,11950,11500,11600,78200,-0.035743973399833706
2024-08-09,11770,12430,11770,12340,100664,0.06379310344827593
2024-08-12,12600,13300,12360,12700,429452,0.029173419773095732
2024-08-13,12740,16510,12350,15630,7845850,0.23070866141732282
2024-08-14,15640,16770,15470,15700,4375001,0.004478566858605149
2024-08-16,15620,16250,15230,15740,1948760,0.002547770700636942
2024-08-19,18120,19490,17020,17330,8990998,0.10101651842439652
2024-08-20,17370,21650,17210,20300,21940489,0.17137911136757067
2024-08-21,19600,21500,19400,20300,6321329,0.0
2024-08-22,20750,22600,20150,20800,7702354,0.024630541871921263
2024-08-23,20550,21750,19790,20250,2030995,-0.02644230769230771
2024-08-26,19300,19710,18930,19310,1468280,-0.04641975308641977
2024-08-27,18600,18940,17770,17880,1355992,-0.07405489383738995
2024-08-28,17700,18240,17060,17260,1615240,-0.03467561521252793
2024-08-29,16900,18600,16830,17920,3837613,0.03823870220162218
2024-08-30,18740,20650,18730,19410,6788597,0.0831473214285714
2024-09-02,19560,19960,18620,19430,2366097,0.0010303967027305294
2024-09-03,21300,22350,19580,19580,5362958,0.00772002058672161
2024-09-04,18200,21500,18180,20500,6659131,0.04698672114402447
2024-09-05,20350,21650,19370,21650,3091902,0.056097560975609806
2024-09-06,21150,21450,18600,18980,2586806,-0.12332563510392613
2024-09-09,18430,18900,17520,17700,1316100,-0.06743940990516328
2024-09-10,17750,20100,17750,18860,5232455,0.06553672316384174
2024-09-11,18840,19650,18330,19010,2332356,0.007953340402969244
2024-09-12,19300,19420,18870,19170,900255,0.008416622830089482
2024-09-13,19170,19280,18410,18940,838270,-0.011997913406364136
2024-09-19,18940,19420,18340,18690,661100,-0.013199577613516422
2024-09-20,18910,19190,17800,17800,835884,-0.04761904761904767
2024-09-23,18410,21850,18400,20850,10310500,0.1713483146067416
2024-09-24,20700,21250,20400,20900,2398170,0.0023980815347721673
2024-09-25,21200,21500,20350,20800,1809432,-0.004784688995215336
2024-09-26,20800,22100,20450,22100,1967998,0.0625
2024-09-27,21750,21800,20350,20400,1505771,-0.07692307692307687
2024-09-30,20100,21200,19960,19980,1363614,-0.020588235294117685
2024-10-02,19400,20200,19320,19670,526190,-0.015515515515515554
2024-10-04,19400,20200,19210,19630,495188,-0.0020335536349771477
2024-10-07,19900,21400,19840,20700,1972000,0.05450840550178304
2024-10-08,20350,21200,20050,21100,720239,0.019323671497584627
2024-10-10,21800,23400,21000,21000,4041195,-0.004739336492891044
2024-10-11,20950,21400,20200,20250,713483,-0.0357142857142857
2024-10-14,19970,20900,19850,20400,647498,0.007407407407407307
2024-10-15,20300,20800,19900,20250,537685,-0.007352941176470562
2024-10-16,20600,21350,20150,20300,1020019,0.0024691358024691024
2024-10-17,20550,20950,19310,19310,765459,-0.04876847290640396
2024-10-18,18600,19310,18570,18710,384187,-0.03107198342827555
2024-10-21,19010,19250,18360,19020,746037,0.01656867985034749
2024-10-22,20700,20750,18640,18650,1808997,-0.019453207150368024
2024-10-23,18600,19400,18200,19090,618040,0.023592493297587058
2024-10-24,19470,19870,18740,18790,599495,-0.01571503404924046
2024-10-25,19490,19800,18630,18660,665149,-0.006918573709419951
2024-10-28,18720,19220,18610,19040,355598,0.02036441586280824
2024-10-29,18880,18890,18210,18440,397615,-0.031512605042016806
2024-10-30,18350,18380,17880,17880,279903,-0.030368763557483747
2024-10-31,17540,17840,17260,17430,252215,-0.025167785234899376
2024-11-01,17140,17750,17130,17360,220436,-0.004016064257028162
2024-11-04,17570,17880,17300,17790,272008,0.024769585253456183
2024-11-05,17700,19160,17380,18180,1197494,0.021922428330522825
2024-11-06,18240,18480,16540,16580,633256,-0.088008800880088
2024-11-07,16790,16840,15910,16520,290129,-0.003618817852834688
2024-11-08,16500,17090,16500,16650,251037,0.007869249394673039
2024-11-11,16480,16640,15870,15940,284776,-0.042642642642642614
2024-11-12,15740,17310,15320,16390,1035986,0.02823086574654954
2024-11-13,15870,16790,15800,16120,293306,-0.016473459426479597
2024-11-14,16070,16110,15030,15040,447226,-0.0669975186104218
2024-11-15,14720,14870,14200,14620,336532,-0.027925531914893664
2024-11-18,14490,15180,14490,14980,223899,0.024623803009576006
2024-11-19,14810,14960,14660,14700,118949,-0.01869158878504673
2024-11-20,14650,14910,14400,14620,115247,-0.0054421768707483276
2024-11-21,14620,14780,14410,14510,121817,-0.007523939808481539
2024-11-22,14550,15180,14410,14900,163950,0.026878015161957203
2024-11-25,15000,15490,15000,15380,151505,0.03221476510067123
2024-11-26,15380,15600,15200,15210,148582,-0.011053315994798418
2024-11-27,15380,15440,14710,14750,139275,-0.03024326101249175
2024-11-28,14750,15230,14700,15060,108169,0.021016949152542264
2024-11-29,14990,15490,14080,14080,244111,-0.06507304116865875
2024-12-02,14140,14580,14030,14190,120404,0.0078125
2024-12-03,14170,14560,14170,14410,105078,0.015503875968992276
2024-12-04,13750,14410,13710,13850,166763,-0.03886190145732127
2024-12-05,13930,14100,13690,13700,126060,-0.010830324909747335
2024-12-06,13510,13790,12870,13400,184980,-0.021897810218978075
2024-12-09,13100,13340,12260,12260,239258,-0.08507462686567169
2024-12-10,12240,13350,12240,13350,174940,0.08890701468189244
2024-12-11,13450,14150,13410,14080,176513,0.05468164794007491
2024-12-12,14150,14330,13750,14080,140735,0.0
2024-12-13,14080,14170,13830,14040,76380,-0.0028409090909090606
2024-12-16,14210,14530,14180,14440,136137,0.028490028490028463
2024-12-17,14480,14480,13850,13930,121189,-0.035318559556786755
2024-12-18,13870,14260,13850,14220,88337,0.02081837760229721
2024-12-19,14010,14010,13690,13790,95151,-0.030239099859353025
2024-12-20,13690,13780,13280,13320,85103,-0.03408266860043507
2024-12-23,13330,13840,13110,13800,71872,0.03603603603603611
2024-12-24,13800,14350,13700,13720,108119,-0.005797101449275366
2024-12-26,13800,13920,13300,13310,79012,-0.02988338192419826
2024-12-27,13220,13480,13020,13080,71521,-0.01728024042073628
2024-12-30,12950,13480,12910,13380,47412,0.022935779816513735
2025-01-02,13300,13370,13070,13130,69217,-0.01868460388639759
2025-01-03,13170,14150,13170,13900,172164,0.05864432597105873
2025-01-06,14450,14460,14130,14310,173935,0.029496402877697836
2025-01-07,14310,14880,14300,14510,218991,0.013976240391334827
2025-01-08,14450,15100,14290,14870,194467,0.024810475534114307
2025-01-09,14730,15400,14310,14850,412451,-0.0013449899125757003
2025-01-10,14730,15000,14410,14650,208521,-0.013468013468013518
2025-01-13,14520,14580,14250,14280,82843,-0.025255972696245688
2025-01-14,14330,14850,14250,14700,148343,0.02941176470588225
2025-01-15,14700,14800,14200,14310,101610,-0.026530612244897944
2025-01-16,14610,15800,14610,15030,622780,0.05031446540880502
2025-01-17,14900,15080,14800,14950,143221,-0.005322687957418526
2025-01-20,15100,15460,14880,15110,263130,0.01070234113712365
2025-01-21,15110,15120,13770,14120,313072,-0.06551952349437462
2025-01-22,14120,14410,13800,14170,147698,0.003541076487252104
2025-01-23,14170,14170,13720,13720,98181,-0.031757233592095924
2025-01-24,13740,14250,13740,13980,91108,0.01895043731778423
2025-01-31,13950,13960,13500,13690,79475,-0.0207439198855508
2025-02-03,13450,13630,12920,13020,128744,-0.04894083272461647
2025-02-04,13050,13590,13050,13430,90775,0.03149001536098317
2025-02-05,13440,13930,13440,13850,67924,0.03127326880119141
2025-02-06,13770,13960,13650,13870,61152,0.0014440433212996595
2025-02-07,13800,14080,13600,13890,77900,0.0014419610670513006
2025-02-10,14070,16170,13850,15240,2569993,0.09719222462203025
2025-02-11,15140,15640,15090,15320,652305,0.005249343832020914
2025-02-12,15780,15790,15030,15100,426228,-0.01436031331592691
2025-02-13,15660,15770,15100,15300,350426,0.013245033112582849
2025-02-14,15370,16090,15090,15320,572825,0.0013071895424836555
2025-02-17,15380,16160,15320,16010,790033,0.04503916449086165
2025-02-18,15920,16020,15630,15690,313383,-0.019987507807620264
2025-02-19,15970,16470,15800,16000,623408,0.019757807520713877
2025-02-20,16240,17300,15820,15820,1196243,-0.011249999999999982
2025-02-21,15900,19220,15900,18600,7045720,0.1757269279393172
2025-02-24,18250,19980,18140,18940,5435580,0.018279569892473146
2025-02-25,18970,19090,18290,19080,1168806,0.007391763463569179
2025-02-26,18660,20500,18650,19230,4112498,0.007861635220125729
2025-02-27,19470,20500,19020,20400,2579941,0.060842433697347875
2025-02-28,19700,20200,19170,19470,1431852,-0.045588235294117596
2025-03-04,19450,19450,16770,17000,1201011,-0.12686183872624546
2025-03-05,17800,19730,17550,17920,2940073,0.054117647058823604
2025-03-06,17930,18200,17040,17320,786205,-0.033482142857142905
2025-03-07,18810,19680,17610,17610,3461479,0.0167436489607391
2025-03-10,17990,18250,17760,17850,575687,0.013628620102214661
2025-03-11,17000,17750,16950,17600,398026,-0.014005602240896309
2025-03-12,17520,17950,17220,17650,388227,0.0028409090909091717
2025-03-13,17700,17960,17470,17530,404529,-0.0067988668555241105
2025-03-14,17700,18790,17690,17810,1340295,0.01597261836851116
2025-03-17,17940,18260,17750,17770,328900,-0.002245929253228529
2025-03-18,17900,18300,17790,17960,346183,0.010692177827799743
2025-03-19,18030,18200,17810,17920,266513,-0.00222717149220486
2025-03-20,18110,18370,17380,17390,361641,-0.029575892857142905
2025-03-21,17300,17300,16250,16580,397556,-0.04657849338700404
2025-03-24,16610,16820,16440,16580,143025,0.0
2025-03-25,16650,16970,16010,16160,233455,-0.02533172496984315
2025-03-26,16160,16710,16010,16460,178636,0.01856435643564347
2025-03-27,16280,16340,15850,15890,135068,-0.034629404617253945
2025-03-28,15900,15920,15190,15200,147131,-0.04342353681560729
2025-03-31,14900,15050,14460,14520,123526,-0.044736842105263186
2025-04-01,14660,15120,14580,15040,98436,0.03581267217630857
2025-04-02,15270,15340,14570,14650,83923,-0.025930851063829752
2025-04-03,14310,14800,14150,14510,65051,-0.009556313993174026
2025-04-04,14190,15100,14170,14930,132812,0.0289455547898001
2025-04-07,14280,14500,13830,13850,113805,-0.07233757535164098
2025-04-08,14270,14350,13900,13910,86680,0.0043321299638989785
2025-04-09,13620,13980,13200,13360,92379,-0.03953989935298341
2025-04-10,14120,14640,14070,14560,101281,0.08982035928143706
2025-04-11,14280,14980,14200,14890,94093,0.022664835164835084
2025-04-14,15120,15310,15020,15090,75386,0.013431833445265218
2025-04-15,15410,15410,15030,15240,72092,0.00994035785288272
2025-04-16,15290,15360,14560,14630,85747,-0.04002624671916011
2025-04-17,14420,15010,14420,15000,57572,0.025290498974709585
2025-04-18,15140,15210,14700,15090,48580,0.006000000000000005
2025-04-21,15090,15440,14980,15210,72506,0.007952286282306265
2025-04-22,15010,15500,15010,15230,57117,0.0013149243918475495
2025-04-23,15510,15630,15310,15610,101063,0.024950755088640753
2025-04-24,15850,15850,15270,15270,60522,-0.021780909673286386
2025-04-25,15390,16050,15310,15650,142985,0.024885396201702603
2025-04-28,15660,15830,15160,15190,66190,-0.029392971246006372
2025-04-29,15200,15410,14400,15240,76589,0.003291639236339794
2025-04-30,15180,15250,14780,14860,53500,-0.02493438320209973
2025-05-02,14860,14950,14650,14760,26996,-0.006729475100942128
2025-05-07,14940,14940,14690,14810,37384,0.003387533875338855
2025-05-08,15010,15320,15000,15200,65815,0.026333558406482105
2025-05-09,15290,15290,14550,14550,78310,-0.042763157894736836
2025-05-12,14600,14810,14530,14800,102600,0.01718213058419238
2025-05-13,14950,14950,14640,14640,45316,-0.010810810810810811
2025-05-14,14640,14760,14430,14700,64623,0.004098360655737654
2025-05-15,14690,14780,14420,14490,57564,-0.014285714285714235
2025-05-16,14580,14610,14070,14130,74756,-0.024844720496894457
2025-05-19,14070,14480,14000,14130,72259,0.0
2025-05-20,14190,14270,13920,14000,51834,-0.009200283085633365
2025-05-21,13910,14380,13910,14170,41923,0.012142857142857233
2025-05-22,14100,14290,13920,14160,54429,-0.0007057163020465218
2025-05-23,14190,14230,13750,13860,49038,-0.021186440677966156
2025-05-26,13710,14350,13710,14000,53021,0.010101010101010166
2025-05-27,14030,14140,13870,13950,40668,-0.0035714285714285587
2025-05-28,14110,15080,14010,14690,204852,0.053046594982078865
2025-05-29,14660,14710,14330,14550,80478,-0.00953029271613337
2025-05-30,14490,14590,14230,14410,48671,-0.009621993127147732
2025-06-02,16370,16390,14740,14820,735959,0.0284524635669674
2025-06-04,15010,15260,14940,14990,199362,0.011470985155195734
2025-06-05,15000,15270,14870,15000,152099,0.0006671114076051143
2025-06-09,14950,15370,14710,15020,143261,0.0013333333333334085
2025-06-10,15140,15210,14930,14990,95483,-0.001997336884154488
2025-06-11,15010,15310,15010,15170,118009,0.01200800533689117
2025-06-12,15240,15670,15140,15260,157367,0.005932762030323113
2025-06-13,15400,15400,14660,14810,149068,-0.029488859764089104
2025-06-16,14800,14830,14560,14770,69231,-0.0027008777852801646
2025-06-17,14860,15180,14600,14780,118419,0.0006770480704130222
2025-06-18,14730,14940,14610,14700,70694,-0.005412719891745632
2025-06-19,14790,14840,14630,14690,65924,-0.0006802721088435826
2025-06-20,14710,15360,14580,15130,133634,0.02995234853641926
2025-06-23,14950,14950,14520,14580,74135,-0.036351619299405113
2025-06-24,14860,15280,14860,15220,152017,0.04389574759945125
2025-06-25,15260,15300,15000,15260,87659,0.0026281208935610145
2025-06-26,15920,16500,15260,15400,711264,0.00917431192660545
2025-06-27,15620,15630,14995,15000,131942,-0.025974025974025983
2025-06-30,15000,15190,14850,14890,67869,-0.007333333333333303
2025-07-01,14840,15100,14810,14820,61562,-0.004701141705842793
2025-07-02,14820,14850,14570,14760,53133,-0.004048582995951455
2025-07-03,14900,15280,14760,15220,120715,0.031165311653116534
2025-07-04,15100,15100,14870,14910,62968,-0.02036793692509853
2025-07-07,14970,14970,14650,14650,54081,-0.017437961099932897
2025-07-08,14530,14800,14330,14530,63404,-0.008191126279863514
2025-07-09,14650,14790,14510,14550,39858,0.0013764624913970014
2025-07-10,14600,14610,14400,14500,38984,-0.0034364261168384758
2025-07-11,14500,14870,14500,14680,60162,0.012413793103448256
2025-07-14,14720,14770,14500,14560,34789,-0.008174386920980936
2025-07-15,14550,14660,14520,14600,21516,0.0027472527472527375
2025-07-16,14690,14720,14520,14590,34525,-0.00068493150684934
2025-07-17,14670,14670,14490,14620,27114,0.0020562028786841324
2025-07-18,14910,15300,14850,15090,297361,0.032147742818057434
2025-07-21,15120,15700,15120,15400,195782,0.02054340622929085
2025-07-22,15500,15560,15050,15070,114323,-0.021428571428571463
2025-07-23,15540,15600,15050,15200,114910,0.00862641008626408
2025-07-24,15130,15300,15070,15180,79230,-0.001315789473684159
2025-07-25,15150,15180,14930,15000,52875,-0.011857707509881465
2025-07-28,15100,15180,14910,15040,44373,0.002666666666666595
2025-07-29,15000,15120,14730,15000,56150,-0.0026595744680850686
2025-07-30,15000,15390,15000,15300,98863,0.020000000000000018
2025-07-31,15590,15590,15060,15170,73674,-0.00849673202614376
2025-08-01,15000,15000,14440,14440,88212,-0.048121292023731055
2025-08-04,14350,14580,14320,14490,24823,0.003462603878116255
2025-08-05,14570,15290,14570,15150,120064,0.04554865424430643
2025-08-06,15040,15790,15040,15460,280402,0.020462046204620554
2025-08-07,15310,15380,15130,15250,65977,-0.013583441138421692
2025-08-08,15400,15600,15100,15150,61854,-0.006557377049180357
2025-08-11,15290,16280,15260,15750,540872,0.03960396039603964
2025-08-12,15620,15800,15330,15370,119775,-0.024126984126984108
2025-08-13,15600,15610,15240,15500,66641,0.008458035133376729
2025-08-14,15500,15750,15340,15490,96760,-0.000645161290322549
2025-08-18,15330,15370,14930,15020,67549,-0.030342156229825723
2025-08-19,15020,15120,14730,14990,65621,-0.001997336884154488
2025-08-20,14960,15100,14600,15000,78036,0.0006671114076051143
2025-08-21,15040,15290,14860,14890,54096,-0.007333333333333303
2025-08-22,14980,15000,14770,14820,50696,-0.004701141705842793
2025-08-25,14970,15100,14870,14990,28034,0.011470985155195734
2025-08-26,15030,15140,14940,15100,38445,0.007338225483655814
2025-08-27,15100,15180,14800,14850,51790,-0.01655629139072845
2025-08-28,14860,14870,14550,14600,61733,-0.01683501683501687
2025-08-29,14610,14630,14370,14380,63630,-0.015068493150684925
2025-09-01,14300,14480,13890,13930,64580,-0.03129346314325454
2025-09-02,13930,14050,13860,14000,20822,0.005025125628140614
2025-09-03,14000,14080,13900,13980,23133,-0.0014285714285714457
2025-09-04,14300,14390,14100,14150,37759,0.012160228898426384
2025-09-05,14150,14210,14110,14110,16700,-0.002826855123674865
2025-09-08,14130,14250,14110,14120,18080,0.0007087172218285254
2025-09-09,14420,14680,14210,14260,44805,0.009915014164305846
2025-09-10,14220,14290,14150,14240,29762,-0.0014025245441795509
2025-09-11,14300,14320,14200,14260,21722,0.001404494382022392
2025-09-12,14380,14650,14280,14410,66038,0.01051893408134652
