Date,Open,High,Low,Close,Volume,Change
2022-01-03,51000,52000,50500,50700,336857,0.0
2022-01-04,51000,51100,47800,48050,659142,-0.05226824457593693
2022-01-05,48000,48000,46500,46950,361791,-0.02289281997918835
2022-01-06,46150,46700,44800,44850,578260,-0.04472843450479236
2022-01-07,44900,46000,44900,45750,317765,0.02006688963210701
2022-01-10,45050,45500,43900,45250,367839,-0.010928961748633892
2022-01-11,45450,45900,44800,45700,414539,0.009944751381215422
2022-01-12,46150,46500,45650,45900,400997,0.004376367614879584
2022-01-13,46000,46650,45500,45500,511383,-0.008714596949891074
2022-01-14,44400,45100,43900,44400,441431,-0.0241758241758242
2022-01-17,44000,45200,44000,44700,230541,0.006756756756756799
2022-01-18,45050,45800,44300,45050,315711,0.007829977628635243
2022-01-19,44750,45000,43350,44000,362730,-0.023307436182020025
2022-01-20,43750,45500,43750,45400,366209,0.031818181818181746
2022-01-21,44650,45250,43900,44500,276215,-0.01982378854625555
2022-01-24,43800,44100,41800,42050,464135,-0.05505617977528088
2022-01-25,42400,43000,41400,41850,393877,-0.0047562425683710385
2022-01-26,41850,42400,39300,40200,867244,-0.03942652329749108
2022-01-27,39750,40300,37600,38350,989018,-0.04601990049751248
2022-01-28,38700,41100,38200,41000,730383,0.06910039113428934
2022-02-03,41800,43400,41800,42150,642943,0.028048780487804903
2022-02-04,41700,44350,41450,44250,551402,0.04982206405693956
2022-02-07,43950,44750,43350,44000,437237,-0.005649717514124242
2022-02-08,44150,45550,43750,44200,651522,0.00454545454545463
2022-02-09,45000,45400,44000,44500,365796,0.006787330316742057
2022-02-10,44550,44900,43200,43700,374313,-0.017977528089887618
2022-02-11,42600,44000,42350,42800,359079,-0.020594965675057253
2022-02-14,42250,43150,41550,42650,402154,-0.003504672897196248
2022-02-15,42250,42850,41250,41800,304533,-0.01992966002344665
2022-02-16,42800,44450,42450,44450,398354,0.0633971291866029
2022-02-17,44650,45400,42900,44350,647479,-0.0022497187851518996
2022-02-18,43600,44900,43550,44650,299807,0.006764374295377573
2022-02-21,44050,47900,43900,47900,1090976,0.07278835386338178
2022-02-22,47550,49300,47350,48500,1536170,0.012526096033402823
2022-02-23,48600,49550,47450,48550,669646,0.0010309278350515427
2022-02-24,48650,49500,47250,47500,959066,-0.02162718846549949
2022-02-25,48600,49550,47700,49250,967707,0.03684210526315779
2022-02-28,49100,50500,48950,49850,574545,0.012182741116751217
2022-03-02,50100,51600,49650,51200,592825,0.027081243731193583
2022-03-03,50600,52000,49850,50600,519763,-0.01171875
2022-03-04,50300,51100,50000,50600,360482,0.0
2022-03-07,49950,50800,49300,50200,425108,-0.007905138339920903
2022-03-08,49500,51000,48900,50000,373007,-0.003984063745019917
2022-03-10,51200,52900,50000,52000,898538,0.040000000000000036
2022-03-11,51800,54300,51800,53300,680936,0.02499999999999991
2022-03-14,53500,54200,52100,52800,474373,-0.009380863039399667
2022-03-15,53500,54800,51600,53000,573662,0.0037878787878788955
2022-03-16,53500,53900,51500,53300,433084,0.005660377358490676
2022-03-17,54000,54000,51500,52400,611207,-0.016885553470919357
2022-03-18,52400,53200,51700,52800,385559,0.007633587786259444
2022-03-21,53100,53600,51700,51900,267685,-0.017045454545454586
2022-03-22,53100,56800,52800,56300,1602869,0.08477842003853575
2022-03-23,56400,57500,55700,57000,651408,0.01243339253996445
2022-03-24,56900,57900,56200,57500,569744,0.00877192982456143
2022-03-25,57500,57900,56800,57200,405106,-0.00521739130434784
2022-03-28,58000,58100,56800,57100,361953,-0.0017482517482517723
2022-03-29,57300,58300,56800,57500,427304,0.007005253940455258
2022-03-30,58000,62300,57600,60800,1655170,0.05739130434782602
2022-03-31,61000,61900,60100,61400,552664,0.009868421052631637
2022-04-01,61400,64300,60700,62900,807102,0.02442996742671011
2022-04-04,64000,64400,61200,62400,586362,-0.007949125596184436
2022-04-05,61900,62900,60700,62000,561397,-0.0064102564102563875
2022-04-06,61300,63200,60900,62600,532570,0.00967741935483879
2022-04-07,62100,63100,61700,62600,373055,0.0
2022-04-08,62700,66200,62400,64700,979051,0.033546325878594185
2022-04-11,64500,65300,63900,64500,434703,-0.0030911901081916993
2022-04-12,63600,64800,61400,62500,916634,-0.03100775193798455
2022-04-13,62900,63800,60900,63500,556191,0.016000000000000014
2022-04-14,62800,63900,61900,62100,535138,-0.022047244094488216
2022-04-15,62100,63800,61500,63400,429390,0.02093397745571668
2022-04-18,63400,63400,58000,58800,1100620,-0.0725552050473186
2022-04-19,59200,61100,58900,60600,702178,0.030612244897959107
2022-04-20,60100,60200,57800,58900,775788,-0.028052805280528004
2022-04-21,59600,60300,58500,58900,403485,0.0
2022-04-22,58500,58600,57400,57600,420504,-0.022071307300509324
2022-04-25,57100,60000,56700,58600,659106,0.01736111111111116
2022-04-26,59500,60800,59000,60000,563506,0.023890784982935065
2022-04-27,58500,61100,58400,60300,570458,0.004999999999999893
2022-04-28,60500,60700,58000,58900,346951,-0.023217247097844118
2022-04-29,59100,60300,58900,59400,254143,0.008488964346349714
2022-05-02,58600,60100,57800,59500,292781,0.0016835016835017313
2022-05-03,59800,61600,59300,60100,361141,0.010084033613445342
2022-05-04,60700,60900,59600,60000,191642,-0.0016638935108153063
2022-05-06,59200,60900,58600,59800,280190,-0.0033333333333332993
2022-05-09,59500,59800,55300,56200,725064,-0.06020066889632103
2022-05-10,55000,57300,51200,56700,2108883,0.008896797153024938
2022-05-11,56400,59600,55800,56500,715970,-0.003527336860670194
2022-05-12,55400,55800,52800,53900,934007,-0.046017699115044275
2022-05-13,54500,55800,54200,54700,299223,0.014842300556586308
2022-05-16,55700,58100,55300,56600,745870,0.034734917733089565
2022-05-17,57500,59000,56000,57000,615641,0.007067137809187329
2022-05-18,57500,58300,56900,57000,412108,0.0
2022-05-19,55700,56100,53800,54600,673627,-0.04210526315789476
2022-05-20,55000,55300,53600,54400,545211,-0.00366300366300365
2022-05-23,54500,54600,52200,53500,628209,-0.016544117647058876
2022-05-24,53600,54400,52600,52900,334018,-0.01121495327102806
2022-05-25,53000,54600,51900,54100,483727,0.022684310018903586
2022-05-26,54500,55100,53200,53300,278784,-0.014787430683918634
2022-05-27,54000,55500,53900,54400,328133,0.02063789868667909
2022-05-30,55400,57700,55100,56600,588328,0.040441176470588314
2022-05-31,56700,57100,56100,56900,363362,0.005300353356890497
2022-06-02,57300,57400,54700,55400,378058,-0.026362038664323406
2022-06-03,56300,56500,55100,55300,187306,-0.0018050541516245744
2022-06-07,55300,56400,54800,55300,214423,0.0
2022-06-08,55600,59500,55600,58700,949775,0.061482820976491936
2022-06-09,58400,59800,58000,59400,545235,0.011925042589437718
2022-06-10,58900,59700,58400,58400,248750,-0.01683501683501687
2022-06-13,56900,57400,56000,56300,401198,-0.03595890410958902
2022-06-14,55100,55500,52800,54700,600785,-0.028419182948490218
2022-06-15,53700,54900,51800,54300,615320,-0.007312614259597838
2022-06-16,55400,56100,52700,54800,729079,0.009208103130755152
2022-06-17,53300,54400,52900,53800,340224,-0.018248175182481785
2022-06-20,54300,54600,52900,54000,351608,0.0037174721189590088
2022-06-21,54100,54400,53400,53700,214951,-0.005555555555555536
2022-06-22,53700,54600,48900,49000,1310638,-0.08752327746741151
2022-06-23,48900,50700,47400,47450,688247,-0.031632653061224536
2022-06-24,48600,51900,48000,51800,681641,0.09167544783983139
2022-06-27,52300,53500,50900,52100,401846,0.005791505791505891
2022-06-28,52100,52200,50100,50600,209585,-0.028790786948176605
2022-06-29,49500,49850,48300,49200,380825,-0.02766798418972327
2022-06-30,49200,49750,48050,48250,324577,-0.019308943089430874
2022-07-01,48900,49550,47900,48000,325718,-0.005181347150259086
2022-07-04,48350,51000,47950,49550,557338,0.03229166666666661
2022-07-05,49750,51100,49400,50200,421130,0.013118062563067578
2022-07-06,50800,54400,50000,51900,1029490,0.03386454183266929
2022-07-07,52700,53600,52100,52600,393279,0.01348747591522148
2022-07-08,53400,54200,53000,53400,385157,0.015209125475285079
2022-07-11,53900,55100,52900,53500,399296,0.001872659176029856
2022-07-12,53100,53900,52100,52400,347975,-0.020560747663551426
2022-07-13,52900,55000,52600,54800,508291,0.04580152671755733
2022-07-14,54800,55900,54100,55300,466667,0.009124087591240837
2022-07-15,55800,56400,54600,55100,374935,-0.003616636528028905
2022-07-18,55600,55700,53000,55100,358018,0.0
2022-07-19,55100,56300,54400,55800,309874,0.012704174228675091
2022-07-20,56300,57700,55900,56500,399216,0.012544802867383575
2022-07-21,56700,57000,56000,56500,188700,0.0
2022-07-22,56500,57700,55600,55700,269195,-0.01415929203539823
2022-07-25,55700,57700,55000,57100,364147,0.025134649910233398
2022-07-26,57800,57800,55200,56000,463844,-0.019264448336252182
2022-07-27,56000,56500,54200,55200,306277,-0.014285714285714235
2022-07-28,55800,56300,54600,55400,290994,0.0036231884057971175
2022-07-29,55700,56300,55000,55500,264800,0.0018050541516245744
2022-08-01,55700,55700,54700,54900,235423,-0.010810810810810811
2022-08-02,55300,56100,54700,55400,293224,0.00910746812386165
2022-08-03,55400,58000,55300,57900,475279,0.045126353790613694
2022-08-04,58200,58600,56700,57300,327851,-0.010362694300518172
2022-08-05,57700,57700,55900,57000,245037,-0.005235602094240788
2022-08-08,56800,57900,56100,57400,251848,0.007017543859649145
2022-08-09,57700,60800,57400,59200,608163,0.03135888501742157
2022-08-10,59000,59700,56700,56800,446813,-0.04054054054054057
2022-08-11,57800,59500,57100,59100,442148,0.040492957746478764
2022-08-12,59500,59500,58400,59000,207153,-0.0016920473773265332
2022-08-16,59500,61700,58300,61200,570050,0.03728813559322042
2022-08-17,60600,61600,58500,59300,668135,-0.03104575163398693
2022-08-18,59800,61300,59100,61000,498884,0.02866779089376048
2022-08-19,61100,62700,60000,60000,427547,-0.016393442622950838
2022-08-22,59200,60500,58900,59200,303276,-0.013333333333333308
2022-08-23,59000,59600,57800,58400,296820,-0.013513513513513487
2022-08-24,58900,60500,58700,60400,338240,0.03424657534246567
2022-08-25,60800,62900,60500,61700,542144,0.021523178807947074
2022-08-26,61800,62200,60300,60700,314198,-0.01620745542949753
2022-08-29,58400,59300,58000,58900,402047,-0.029654036243822124
2022-08-30,59300,60400,58700,60300,267510,0.02376910016977929
2022-08-31,59400,61100,59400,61100,216446,0.013266998341625147
2022-09-01,60400,60500,59500,59600,234705,-0.02454991816693941
2022-09-02,60200,62100,59600,60900,415316,0.02181208053691286
2022-09-05,60900,62600,60800,61400,266843,0.008210180623973828
2022-09-06,61900,62000,60100,61500,243833,0.0016286644951140072
2022-09-07,61800,62700,61200,61600,323956,0.001626016260162677
2022-09-08,62300,63400,61700,63000,544362,0.022727272727272707
2022-09-13,64000,64500,62400,63000,323222,0.0
2022-09-14,61200,62100,60300,61100,408935,-0.030158730158730163
2022-09-15,61600,62700,61000,61600,263552,0.008183306055646433
2022-09-16,61700,62500,60500,61700,477148,0.0016233766233766378
2022-09-19,61700,63500,61000,61300,476046,-0.00648298217179899
2022-09-20,61600,62600,61300,62300,231828,0.01631321370309946
2022-09-21,61800,62700,61600,62400,229847,0.0016051364365972098
2022-09-22,62000,62000,58800,60400,639580,-0.03205128205128205
2022-09-23,60400,61500,59100,59800,370688,-0.009933774834437137
2022-09-26,58600,59500,56700,57100,407908,-0.04515050167224077
2022-09-27,57700,58400,56100,58400,289262,0.022767075306479923
2022-09-28,58000,58200,54000,54700,453164,-0.06335616438356162
2022-09-29,56000,59000,55800,58100,527678,0.06215722120658129
2022-09-30,57500,59300,57300,58800,306060,0.012048192771084265
2022-10-04,59700,60100,58500,59600,310248,0.013605442176870763
2022-10-05,59900,60200,56800,57100,347017,-0.04194630872483218
2022-10-06,57500,57900,55900,56700,319252,-0.007005253940455369
2022-10-07,56900,57200,54900,55700,365894,-0.01763668430335097
2022-10-11,54700,54800,52100,53300,362487,-0.04308797127468578
2022-10-12,52800,56600,52800,56500,404416,0.060037523452157515
2022-10-13,56000,57800,54500,54600,399525,-0.03362831858407078
2022-10-14,56700,58000,56100,57000,303139,0.04395604395604402
2022-10-17,57000,58200,56100,57400,727926,0.007017543859649145
2022-10-18,58500,58600,55800,56800,310736,-0.010452961672473893
2022-10-19,57300,57800,55100,55100,258532,-0.029929577464788748
2022-10-20,55100,55300,51700,52900,608554,-0.03992740471869327
2022-10-21,52300,52900,51200,51800,304190,-0.020793950850661602
2022-10-24,52800,54800,52600,54300,418288,0.04826254826254828
2022-10-25,54500,56100,53800,55300,284779,0.018416206261510082
2022-10-26,54800,55200,54000,54100,252481,-0.02169981916817365
2022-10-27,54600,56000,54400,55400,184331,0.02402957486136792
2022-10-28,54900,55700,54500,54800,126635,-0.010830324909747335
2022-10-31,55300,55800,53000,55500,243843,0.012773722627737127
2022-11-01,55800,56900,54500,55500,232187,0.0
2022-11-02,55400,56400,54400,55500,229580,0.0
2022-11-03,54500,54800,52700,52900,569230,-0.04684684684684681
2022-11-04,52600,53200,51600,53000,296861,0.001890359168241984
2022-11-07,53200,54000,52700,53200,218676,0.0037735849056603765
2022-11-08,53400,55500,53400,54800,447733,0.03007518796992481
2022-11-09,55300,56900,54900,55300,361087,0.009124087591240837
2022-11-10,54700,56500,54700,56000,318013,0.012658227848101333
2022-11-11,57800,58400,55500,56800,541650,0.014285714285714235
2022-11-14,56500,56900,54900,56800,515415,0.0
2022-11-15,57900,59600,57400,58200,673942,0.02464788732394374
2022-11-16,58700,60400,58300,60300,526564,0.03608247422680422
2022-11-17,59900,62200,59900,61500,425608,0.01990049751243772
2022-11-18,61500,61600,59400,59500,389579,-0.03252032520325199
2022-11-21,59600,60300,58800,59400,293172,-0.001680672268907557
2022-11-22,59000,60400,57900,59100,283421,-0.005050505050505083
2022-11-23,60100,61700,60000,61200,406475,0.035532994923857864
2022-11-24,61000,62000,60600,61700,244646,0.008169934640522847
2022-11-25,61900,62600,60800,61600,186750,-0.0016207455429497752
2022-11-28,61400,61600,58800,60300,358079,-0.02110389610389607
2022-11-29,59600,61700,59500,61200,223551,0.014925373134328401
2022-11-30,61200,61600,59900,60600,192278,-0.009803921568627416
2022-12-01,61500,65400,61400,64600,845909,0.06600660066006592
2022-12-02,64200,65100,63400,64500,281564,-0.001547987616099089
2022-12-05,64500,66100,64200,64200,234140,-0.0046511627906976605
2022-12-06,64200,64500,62800,63800,262581,-0.006230529595015577
2022-12-07,63300,64200,62700,63300,286153,-0.00783699059561127
2022-12-08,63300,64200,62300,63400,356146,0.0015797788309637184
2022-12-09,64000,65800,64000,65000,358533,0.025236593059936974
2022-12-12,65200,67800,65100,65100,427119,0.0015384615384614886
2022-12-13,65800,65900,63400,63800,309323,-0.019969278033794113
2022-12-14,63900,65500,63700,65300,262979,0.023510971786833812
2022-12-15,64900,66200,64100,64200,194212,-0.016845329249617125
2022-12-16,63200,65700,63200,65200,258990,0.015576323987538832
2022-12-19,65200,67700,65000,67500,395890,0.03527607361963181
2022-12-20,67200,68200,66200,66300,262712,-0.01777777777777778
2022-12-21,67200,67200,64500,66200,245824,-0.0015082956259426794
2022-12-22,66900,68100,65800,67900,233040,0.025679758308157163
2022-12-23,66100,67500,66000,66900,346656,-0.014727540500736325
2022-12-26,67400,67800,66600,67300,468354,0.005979073243647326
2022-12-27,67300,68400,67000,68200,462339,0.013372956909361022
2022-12-28,67700,68100,65700,66900,468211,-0.019061583577712593
2022-12-29,66500,67900,66200,67800,361815,0.013452914798206317
2023-01-02,67800,68200,64300,67200,467158,-0.008849557522123908
2023-01-03,66900,69400,66500,68000,514102,0.011904761904761862
2023-01-04,67500,67600,64600,65100,724974,-0.04264705882352937
2023-01-05,65100,65800,63200,64600,391061,-0.007680491551459334
2023-01-06,64500,64500,62200,63100,483954,-0.023219814241486114
2023-01-09,63500,65900,63500,65600,405861,0.03961965134706813
2023-01-10,65600,65900,63600,63800,384585,-0.027439024390243927
2023-01-11,64300,65700,64000,65400,297456,0.02507836990595602
2023-01-12,65900,66700,64700,66000,437126,0.00917431192660545
2023-01-13,66000,66600,63600,63900,527302,-0.03181818181818186
2023-01-16,63900,64400,63400,63800,232508,-0.0015649452269170805
2023-01-17,64000,64800,63200,63900,330709,0.0015673981191222097
2023-01-18,64200,65200,63800,64800,357493,0.014084507042253502
2023-01-19,64600,67400,64400,66900,534076,0.03240740740740744
2023-01-20,67100,67600,65700,66900,434430,0.0
2023-01-25,67400,68200,66700,67500,274608,0.008968609865470878
2023-01-26,67600,69600,66800,68600,441583,0.016296296296296253
2023-01-27,69000,71500,68800,71100,493335,0.036443148688046545
2023-01-30,71300,71800,70100,70500,217376,-0.008438818565400852
2023-01-31,70200,73000,70100,72500,380705,0.028368794326241176
2023-02-01,72800,73000,71500,72100,210046,-0.0055172413793103114
2023-02-02,72600,73100,70800,72100,264698,0.0
2023-02-03,72300,73500,71400,72800,320182,0.009708737864077666
2023-02-06,72800,73100,71100,71400,273153,-0.019230769230769273
2023-02-07,71800,73300,70900,71800,350664,0.0056022408963585235
2023-02-08,72400,73400,71700,72600,316641,0.011142061281337101
2023-02-09,72700,74000,71600,72600,422358,0.0
2023-02-10,74100,75600,72600,73300,660274,0.009641873278236845
2023-02-13,73300,74800,72600,72800,280672,-0.006821282401091366
2023-02-14,73300,73300,71700,73200,365313,0.005494505494505475
2023-02-15,73600,73700,71100,71700,444021,-0.020491803278688492
2023-02-16,71800,72500,71400,72300,342693,0.008368200836819994
2023-02-17,71300,72100,70500,71800,408007,-0.006915629322268302
2023-02-20,71800,74900,71800,74000,516907,0.03064066852367686
2023-02-21,74000,74400,72300,73000,197430,-0.013513513513513487
2023-02-22,74100,77600,73600,76000,1008262,0.041095890410958846
2023-02-23,76000,76500,73700,76300,469490,0.003947368421052699
2023-02-24,76400,76700,75000,75900,277332,-0.005242463958060273
2023-02-27,75300,76800,74900,76100,234522,0.0026350461133068936
2023-02-28,76600,79500,76000,78700,440422,0.0341655716162943
2023-03-02,78700,79100,77000,77500,321114,-0.015247776365946653
2023-03-03,77900,78000,75700,77500,333365,0.0
2023-03-06,77200,77800,75200,76700,495800,-0.010322580645161339
2023-03-07,77600,80000,77000,77900,548056,0.015645371577575062
2023-03-08,78700,81300,78100,80000,615694,0.02695763799743256
2023-03-09,80000,80000,77600,78500,425733,-0.018750000000000044
2023-03-10,77800,79800,77200,77700,281856,-0.010191082802547768
2023-03-13,74800,75700,70300,71100,1150978,-0.084942084942085
2023-03-14,72100,72800,71100,71500,562632,0.005625879043600568
2023-03-15,72400,72700,70700,71700,499599,0.002797202797202747
2023-03-16,71100,71200,68500,69800,648855,-0.02649930264993028
2023-03-17,70900,73600,69900,72100,477963,0.03295128939828085
2023-03-20,72500,72800,69800,70100,461972,-0.0277392510402219
2023-03-21,71000,71100,68700,69900,387766,-0.0028530670470755526
2023-03-22,70200,70200,67900,68300,517985,-0.022889842632331958
2023-03-23,68200,69500,67500,69100,364333,0.01171303074670571
2023-03-24,69200,73200,68500,72600,658413,0.05065123010130246
2023-03-27,73000,75000,71300,72100,317553,-0.00688705234159781
2023-03-28,72700,77700,72500,77300,708284,0.07212205270457694
2023-03-29,76600,77600,75900,77200,289666,-0.001293661060802087
2023-03-30,76900,78100,76500,77500,240194,0.0038860103626943143
2023-03-31,77100,78100,76100,77400,179550,-0.001290322580645209
2023-04-03,77900,79100,76200,76900,244576,-0.006459948320413411
2023-04-04,77300,78100,76600,78100,279564,0.015604681404421283
2023-04-05,78400,78800,77000,77200,197312,-0.011523687580025643
2023-04-06,77100,79800,76600,77900,443413,0.0090673575129534
2023-04-07,78700,78800,76400,77200,321493,-0.00898587933247752
2023-04-10,77700,77700,75800,76400,219876,-0.010362694300518172
2023-04-11,76500,77300,75600,76600,181235,0.002617801047120505
2023-04-12,76400,77100,75000,75900,237099,-0.009138381201044377
2023-04-13,76500,81200,76500,80600,1227532,0.06192358366271411
2023-04-14,82400,87700,82000,85000,1110757,0.05459057071960305
2023-04-17,86500,89000,85400,88300,503184,0.0388235294117647
2023-04-18,88300,91500,87200,87800,502716,-0.005662514156285381
2023-04-19,88200,88600,86700,88000,250351,0.002277904328018332
2023-04-20,88800,89300,85300,86300,550265,-0.01931818181818179
2023-04-21,86200,86800,83600,85700,344010,-0.006952491309385911
2023-04-24,85600,87400,84800,86100,281343,0.004667444574095736
2023-04-25,86100,87500,84900,85800,228941,-0.0034843205574912606
2023-04-26,85500,89000,85400,87700,482878,0.022144522144522227
2023-04-27,87800,89600,86800,88000,359270,0.003420752565564511
2023-04-28,88500,91500,88000,90200,484950,0.02499999999999991
2023-05-02,90400,96100,90100,93800,754480,0.039911308203991025
2023-05-03,94000,96800,93300,94800,609696,0.010660980810234477
2023-05-04,94800,95500,92700,94900,301352,0.001054852320675037
2023-05-08,96000,96000,91400,92200,387678,-0.028451001053740765
2023-05-09,92200,93200,91100,91900,226317,-0.0032537960954447387
2023-05-10,92400,93500,91600,92800,191761,0.009793253536452662
2023-05-11,93400,93400,90000,92000,421970,-0.008620689655172376
2023-05-12,93600,96400,92500,94300,836365,0.02499999999999991
2023-05-15,94600,95500,92200,95500,601239,0.012725344644750836
2023-05-16,105000,115800,105000,115400,3329160,0.20837696335078526
2023-05-17,112300,120400,112200,119500,1478262,0.035528596187174966
2023-05-18,118900,120900,116500,119800,599196,0.002510460251045954
2023-05-19,120100,120500,114500,115700,594242,-0.03422370617696158
2023-05-22,115700,115700,112500,114100,459449,-0.01382886776145198
2023-05-23,114800,116300,113700,115700,422033,0.014022787028922012
2023-05-24,116400,116400,111400,113500,435191,-0.019014693171996555
2023-05-25,111800,114500,109600,112300,416122,-0.010572687224669641
2023-05-26,112400,116100,110200,113700,307002,0.012466607301869992
2023-05-30,114400,122500,113300,122200,841508,0.07475813544415133
2023-05-31,120100,126600,118400,122000,867700,-0.0016366612111292644
2023-06-01,122200,128900,121400,127300,776275,0.043442622950819576
2023-06-02,127300,130300,124700,128700,577949,0.0109976433621366
2023-06-05,127300,128700,123300,126300,417960,-0.018648018648018683
2023-06-07,125500,129200,123700,127500,426654,0.009501187648456089
2023-06-08,126800,129000,126500,128300,425623,0.006274509803921635
2023-06-09,128700,134300,127700,131200,619138,0.02260327357755254
2023-06-12,132400,132800,129000,132400,393686,0.009146341463414531
2023-06-13,132500,134500,130900,133200,332287,0.0060422960725075026
2023-06-14,133200,138700,133200,135000,612243,0.013513513513513598
2023-06-15,136200,138600,135300,137000,364569,0.014814814814814836
2023-06-16,137400,137900,135000,136000,261448,-0.007299270072992692
2023-06-19,136200,136400,133300,136100,244897,0.0007352941176470562
2023-06-20,135800,139200,135100,138800,371580,0.019838354151359372
2023-06-21,138700,140600,133500,134400,425154,-0.03170028818443804
2023-06-22,132400,135900,132200,134000,275296,-0.0029761904761904656
2023-06-23,134300,134400,129900,131300,451279,-0.020149253731343242
2023-06-26,129300,131400,128500,130000,329926,-0.00990099009900991
2023-06-27,129300,130300,122300,124900,794119,-0.03923076923076918
2023-06-28,126300,126500,122500,122600,413691,-0.018414731785428295
2023-06-29,122300,128000,122300,124900,376280,0.018760195758564358
2023-06-30,127400,133600,126700,130800,627590,0.04723779023218566
2023-07-03,130800,131000,126400,130300,397182,-0.003822629969418956
2023-07-04,130300,138400,128000,136000,569405,0.04374520337682264
2023-07-05,134600,137600,131000,135800,429583,-0.0014705882352941124
2023-07-06,136000,136900,131800,132500,445269,-0.024300441826215047
2023-07-07,132000,133300,129100,130800,306242,-0.012830188679245236
2023-07-10,130500,133300,126800,128100,405758,-0.020642201834862428
2023-07-11,128300,134900,126000,134300,419228,0.04839968774395009
2023-07-12,136300,137000,132700,135000,307102,0.005212211466865124
2023-07-13,137700,138900,131100,132100,444489,-0.021481481481481435
2023-07-14,133800,134100,126000,127100,598564,-0.037850113550340625
2023-07-17,127500,128600,123400,124000,543300,-0.024390243902439046
2023-07-18,126100,128100,124800,126000,424824,0.016129032258064502
2023-07-19,126200,129200,122700,128700,393599,0.021428571428571352
2023-07-20,128900,135900,126600,133600,568410,0.03807303807303808
2023-07-21,133600,134900,129900,132700,335736,-0.006736526946107824
2023-07-24,132900,133300,128200,129000,442444,-0.02788244159758857
2023-07-25,128900,146600,128800,141100,1378409,0.09379844961240313
2023-07-26,141600,141700,130500,130500,896601,-0.07512402551382003
2023-07-27,133200,138500,132600,134400,835171,0.029885057471264354
2023-07-28,135000,138700,132100,135000,372222,0.0044642857142858094
2023-07-31,136800,138400,133700,136400,439002,0.010370370370370363
2023-08-01,135500,136000,126800,129700,1059214,-0.04912023460410553
2023-08-02,128200,129600,124900,126400,689523,-0.025443330763299965
2023-08-03,125700,127900,119700,121000,833600,-0.04272151898734178
2023-08-04,122400,126800,122200,125800,617264,0.03966942148760322
2023-08-07,127200,128500,125200,126300,591894,0.003974562798092274
2023-08-08,128000,133200,123000,128900,983777,0.02058590657165471
2023-08-09,127900,129000,122700,128100,589718,-0.006206361520558534
2023-08-10,128100,128700,124300,127200,420597,-0.007025761124121788
2023-08-11,130000,131400,123000,129700,1480486,0.019654088050314433
2023-08-14,120400,121400,113300,119000,2757044,-0.08249807247494212
2023-08-16,115700,119700,113900,114300,1046609,-0.0394957983193277
2023-08-17,114200,121100,114200,119300,895633,0.04374453193350836
2023-08-18,117100,117200,111600,112500,758300,-0.05699916177703268
2023-08-21,111900,113000,110200,110400,565038,-0.01866666666666672
2023-08-22,110400,112100,108500,109000,660136,-0.0126811594202898
2023-08-23,110000,112300,109200,109600,428119,0.005504587155963359
2023-08-24,110900,112400,109300,111000,421731,0.012773722627737127
2023-08-25,109200,112400,108500,110600,314889,-0.003603603603603567
2023-08-28,111200,114400,109400,113900,444360,0.029837251356238603
2023-08-29,114700,118800,111900,116600,738326,0.02370500438981571
2023-08-30,117400,118200,115700,116600,600909,0.0
2023-08-31,117000,118000,112200,112200,3518801,-0.037735849056603765
2023-09-01,112800,113900,105800,106000,1101709,-0.05525846702317294
2023-09-04,106100,107000,104000,106600,651239,0.005660377358490676
2023-09-05,106500,107100,104300,107000,488578,0.0037523452157599557
2023-09-06,105600,107800,104700,105200,372374,-0.016822429906542036
2023-09-07,105400,106600,103600,105400,473360,0.0019011406844107182
2023-09-08,106000,108200,104500,107700,395615,0.02182163187855779
2023-09-11,108300,108300,104300,106300,391723,-0.01299907149489321
2023-09-12,107000,109400,106500,107100,406224,0.007525870178739513
2023-09-13,107200,111700,105800,107600,459681,0.00466853408029877
2023-09-14,109400,112200,108400,112100,532602,0.04182156133828996
2023-09-15,111800,112200,109200,110600,311562,-0.01338090990187335
2023-09-18,109900,111600,108400,108800,283953,-0.016274864376130238
2023-09-19,109400,111100,108800,109600,248782,0.007352941176470562
2023-09-20,110100,110400,106800,108800,244971,-0.007299270072992692
2023-09-21,108500,108700,103800,104000,340439,-0.044117647058823484
2023-09-22,102200,105700,101100,105500,329301,0.014423076923076872
2023-09-25,104500,114000,104500,113200,847047,0.0729857819905213
2023-09-26,113200,115800,111300,111900,404852,-0.0114840989399293
2023-09-27,110900,112800,107600,112300,306142,0.003574620196604039
2023-10-04,111700,112800,107900,109200,403116,-0.027604630454140744
2023-10-05,112100,115000,109000,111400,401492,0.020146520146520075
2023-10-06,112400,113800,109300,110000,267177,-0.012567324955116699
2023-10-10,110100,110300,105300,105600,382321,-0.040000000000000036
2023-10-11,106900,109000,106500,107600,252232,0.018939393939394034
2023-10-12,107900,114400,107700,114300,431076,0.06226765799256495
2023-10-13,113500,117000,112500,113500,280212,-0.006999125109361293
2023-10-16,112400,114000,109700,111300,289415,-0.01938325991189427
2023-10-17,113000,113500,108300,108700,312448,-0.02336028751123087
2023-10-18,108700,109500,106900,107900,294240,-0.007359705611775569
2023-10-19,105200,106000,101700,101700,475325,-0.05746061167747918
2023-10-20,101400,102900,99800,100900,378755,-0.007866273352999054
2023-10-23,99900,103700,99800,102300,314222,0.013875123885034757
2023-10-24,104500,107000,103100,106500,348054,0.04105571847507328
2023-10-25,108200,109400,106100,106900,283901,0.00375586854460086
2023-10-26,103200,103600,99600,100300,605670,-0.06173994387277826
2023-10-27,101500,105500,101500,103600,368134,0.032901296111665035
2023-10-30,103300,105500,102700,103700,148026,0.0009652509652509078
2023-10-31,104500,106000,102000,102600,225425,-0.01060752169720347
2023-11-01,103700,105500,100700,105200,247053,0.025341130604288553
2023-11-02,106100,110000,106100,107500,359264,0.02186311787072248
2023-11-03,108100,109200,104600,105000,247760,-0.023255813953488413
2023-11-06,106400,107900,104000,107900,548770,0.027619047619047654
2023-11-07,107000,108400,103500,104400,312815,-0.0324374420759963
2023-11-08,105300,105800,103500,103700,210486,-0.006704980842911823
2023-11-09,104500,106500,100700,104900,339158,0.011571841851494735
2023-11-10,104900,105900,102000,103400,218172,-0.014299332697807476
2023-11-13,106200,108300,96200,97600,1325148,-0.05609284332688591
2023-11-14,98100,101000,97100,98500,414539,0.009221311475409832
2023-11-15,100900,101000,98500,99800,372398,0.013197969543147225
2023-11-16,100700,102800,99600,99800,324000,0.0
2023-11-17,100100,101000,89500,90300,1478659,-0.09519038076152309
2023-11-20,91600,94600,91200,92400,970514,0.023255813953488413
2023-11-21,93100,97000,93100,96600,629130,0.045454545454545414
2023-11-22,95700,97500,95000,96600,249396,0.0
2023-11-23,97400,99100,96200,98200,305236,0.016563146997929712
2023-11-24,98200,98700,96600,97100,162006,-0.011201629327902252
2023-11-27,97700,97900,95500,96100,203623,-0.010298661174047319
2023-11-28,96000,97000,94200,95000,362933,-0.01144640998959412
2023-11-29,95300,95700,92800,93900,395909,-0.011578947368421022
2023-11-30,93900,96000,91900,96000,672530,0.022364217252396124
2023-12-01,95800,97300,94300,95500,287739,-0.00520833333333337
2023-12-04,96900,96900,91800,92400,365073,-0.032460732984293195
2023-12-05,92000,93700,90700,91700,286669,-0.007575757575757569
2023-12-06,92200,98100,91700,94500,834291,0.03053435114503822
2023-12-07,94500,94900,93000,93100,186546,-0.014814814814814836
2023-12-08,93200,95400,92100,94400,270714,0.013963480128893702
2023-12-11,95400,96300,94500,95000,204463,0.006355932203389925
2023-12-12,94500,94800,91600,92900,469787,-0.02210526315789474
2023-12-13,92400,93900,91900,92900,235853,0.0
2023-12-14,94400,94700,92300,92300,383290,-0.006458557588805203
2023-12-15,92600,94100,92400,94100,302744,0.019501625135427858
2023-12-18,95200,97800,94400,96800,477933,0.02869287991498415
2023-12-19,97700,105500,97200,104400,1357833,0.07851239669421495
2023-12-20,106000,108400,104100,104500,595180,0.0009578544061301653
2023-12-21,103600,106200,102000,102900,339661,-0.015311004784688942
2023-12-22,104100,104800,100400,100500,278635,-0.023323615160349864
2023-12-26,100500,100700,97400,98400,423836,-0.020895522388059695
2023-12-27,100000,100500,98400,100300,254127,0.019308943089430874
2023-12-28,100700,101500,99000,101300,228261,0.009970089730807485
2024-01-02,100000,102400,99000,101400,206572,0.000987166831194486
2024-01-03,100000,101000,98800,100600,304238,-0.007889546351084853
2024-01-04,100000,104300,99900,103200,383496,0.025844930417495027
2024-01-05,104000,106000,102200,105400,442098,0.02131782945736438
2024-01-08,106000,106000,104000,104200,247058,-0.011385199240986688
2024-01-09,103400,104500,101900,103000,375983,-0.01151631477927062
2024-01-10,102500,103300,99900,100300,326698,-0.026213592233009675
2024-01-11,100000,101500,99600,100400,292070,0.0009970089730808596
2024-01-12,100800,101700,95800,96600,426244,-0.03784860557768921
2024-01-15,95500,96000,89000,89000,1189769,-0.07867494824016563
2024-01-16,87500,87800,81500,82000,1751528,-0.0786516853932584
2024-01-17,82800,85500,82300,82900,1167706,0.01097560975609757
2024-01-18,82100,85400,80600,82600,1344369,-0.003618817852834688
2024-01-19,83000,85300,83000,84100,757038,0.018159806295399594
2024-01-22,85100,85800,84000,84400,511666,0.00356718192627814
2024-01-23,85100,85500,83600,84600,363568,0.0023696682464455776
2024-01-24,84300,85100,83700,84200,230892,-0.004728132387706863
2024-01-25,83700,83800,80900,82000,511600,-0.026128266033254133
2024-01-26,82000,82700,81500,81900,414747,-0.0012195121951219523
2024-01-29,81500,81600,76500,77100,1218272,-0.05860805860805862
2024-01-30,77500,78000,76100,76800,599180,-0.0038910505836575737
2024-01-31,76200,77000,75000,75300,554890,-0.01953125
2024-02-01,75300,76300,74500,76000,340614,0.009296148738379806
2024-02-02,77000,78400,76300,76900,473222,0.011842105263157876
2024-02-05,77500,77900,75900,75900,277352,-0.013003901170351106
2024-02-06,75700,76500,74700,74800,277244,-0.01449275362318836
2024-02-07,75200,75700,74200,75400,253013,0.008021390374331583
2024-02-08,75500,76900,75100,76100,300403,0.009283819628647105
2024-02-13,76000,76100,72000,74500,867108,-0.021024967148488782
2024-02-14,74000,77700,73400,77100,550854,0.03489932885906044
2024-02-15,77600,78500,76600,76800,367823,-0.0038910505836575737
2024-02-16,77500,78300,76000,76600,346273,-0.0026041666666666297
2024-02-19,77100,77800,76600,77100,249714,0.006527415143603221
2024-02-20,76400,77100,74600,76600,356436,-0.006485084306095956
2024-02-21,77400,79400,76900,77100,653867,0.006527415143603221
2024-02-22,77500,77600,76200,76900,301303,-0.0025940337224383825
2024-02-23,77600,77600,76100,76300,288671,-0.007802340702210642
2024-02-26,75300,79000,75300,77200,701999,0.011795543905635641
2024-02-27,77400,77500,73300,74000,700131,-0.041450777202072575
2024-02-28,73800,74800,73500,74500,458775,0.006756756756756799
2024-02-29,74000,76600,73600,73700,3038341,-0.010738255033557076
2024-03-04,75500,76900,72200,72200,879434,-0.020352781546811416
2024-03-05,72600,72900,70700,70800,542148,-0.01939058171745156
2024-03-06,70800,71300,68800,69300,592255,-0.021186440677966156
2024-03-07,69100,69300,66300,66600,1143468,-0.038961038961038974
2024-03-08,67000,69000,66500,67800,859695,0.018018018018018056
2024-03-11,68300,72500,67300,71700,948346,0.05752212389380529
2024-03-12,72400,72700,70900,72200,498885,0.0069735006973501434
2024-03-13,72200,72300,71000,71200,349078,-0.013850415512465353
2024-03-14,71200,71400,69800,69800,572583,-0.0196629213483146
2024-03-15,69000,69400,67700,68600,579781,-0.017191977077363862
2024-03-18,68700,69600,67600,68300,483702,-0.004373177842565634
2024-03-19,68700,68800,67300,67500,490186,-0.01171303074670571
2024-03-20,68100,68300,67100,67600,342074,0.001481481481481417
2024-03-21,67800,68700,67500,67600,478751,0.0
2024-03-22,67700,68300,66500,67500,466460,-0.0014792899408283544
2024-03-25,67500,69000,67300,68500,342654,0.014814814814814836
2024-03-26,68900,71800,67900,70800,966435,0.033576642335766405
2024-03-27,71200,74900,71000,72500,1493506,0.024011299435028333
2024-03-28,72500,73000,70700,71000,601858,-0.020689655172413834
2024-03-29,71500,73000,70100,72100,497754,0.015492957746478853
2024-04-01,73200,73200,70900,71200,408329,-0.012482662968099856
2024-04-02,70600,71000,69500,70200,448824,-0.014044943820224698
2024-04-03,69600,72000,69600,71300,652205,0.015669515669515688
2024-04-04,70700,70800,68200,68300,890841,-0.04207573632538575
2024-04-05,67900,68800,67700,68500,358525,0.002928257686676483
2024-04-08,68400,68400,67200,67200,304674,-0.01897810218978102
2024-04-09,67100,68000,66500,66600,281695,-0.008928571428571397
2024-04-11,64800,66200,64500,65600,385802,-0.01501501501501501
2024-04-12,65700,66800,64100,64900,385500,-0.010670731707317027
2024-04-15,63900,64700,63700,64500,236151,-0.006163328197226536
2024-04-16,63600,65000,62800,63400,432506,-0.01705426356589146
2024-04-17,63600,63900,62600,62600,284070,-0.012618296529968487
2024-04-18,63100,64700,62900,64500,237343,0.030351437699680517
2024-04-19,64000,65500,63200,65100,402329,0.009302325581395321
2024-04-22,65500,68800,65500,67500,751098,0.03686635944700467
2024-04-23,67700,69000,66800,68200,485767,0.010370370370370363
2024-04-24,67900,68500,67500,68100,244754,-0.0014662756598240456
2024-04-25,67500,68000,66300,66600,238300,-0.022026431718061623
2024-04-26,66600,67600,66500,66700,206695,0.0015015015015014122
2024-04-29,66700,68300,66700,67700,236881,0.014992503748125996
2024-04-30,67700,68000,66400,66700,258384,-0.01477104874446089
2024-05-02,66900,68400,66300,67700,257516,0.014992503748125996
2024-05-03,67900,70000,67600,69900,528095,0.03249630723781394
2024-05-07,70700,70700,68500,70000,504482,0.0014306151645206988
2024-05-08,69900,70500,69100,69600,317885,-0.005714285714285672
2024-05-09,69700,70500,69000,69000,365481,-0.008620689655172376
2024-05-10,69200,70700,68300,69300,651546,0.004347826086956497
2024-05-13,65800,65900,60000,60100,3465685,-0.13275613275613274
2024-05-14,60300,60700,59500,60100,849580,0.0
2024-05-16,60100,60800,59900,60100,729860,0.0
2024-05-17,60300,60800,60000,60000,532807,-0.0016638935108153063
2024-05-20,60200,60500,59000,59100,564409,-0.015000000000000013
2024-05-21,59000,59100,58000,58000,499333,-0.0186125211505922
2024-05-22,58100,58700,57600,57600,407649,-0.006896551724137945
2024-05-23,57800,61100,57600,60600,1084358,0.05208333333333326
2024-05-24,59800,60900,59500,59600,458664,-0.01650165016501648
2024-05-27,62000,62300,59900,60500,883139,0.015100671140939603
2024-05-28,60500,60500,58700,58800,550096,-0.028099173553719048
2024-05-29,58900,59100,57700,58000,355199,-0.013605442176870763
2024-05-30,57500,58500,56900,58200,414348,0.0034482758620688614
2024-05-31,57700,58500,57200,58100,368261,-0.0017182130584192379
2024-06-03,58500,59300,58200,58700,267308,0.010327022375215211
2024-06-04,58900,59300,58400,58600,278111,-0.0017035775127768327
2024-06-05,58900,59100,58300,58400,244569,-0.0034129692832765013
2024-06-07,58600,58900,58000,58100,237016,-0.005136986301369828
2024-06-10,57800,57900,57100,57700,254083,-0.0068846815834767705
2024-06-11,57900,59500,57900,59200,476202,0.025996533795493937
2024-06-12,59800,59800,57500,57900,416026,-0.02195945945945943
2024-06-13,58000,58100,57500,57700,360760,-0.003454231433506094
2024-06-14,57800,58000,57200,57300,281359,-0.006932409012131768
2024-06-17,57100,57600,56200,57200,459719,-0.0017452006980802626
2024-06-18,57200,57500,56600,56900,285469,-0.005244755244755206
2024-06-19,56900,57000,55400,56200,626685,-0.012302284710017597
2024-06-20,56000,57500,56000,56200,325241,0.0
2024-06-21,56300,56700,55800,56100,256924,-0.001779359430605032
2024-06-24,55900,56200,55000,55100,304639,-0.017825311942959
2024-06-25,54900,55500,54800,55000,209362,-0.001814882032667886
2024-06-26,55000,55700,54900,55400,184650,0.0072727272727273196
2024-06-27,55600,56600,55400,55800,220236,0.0072202166064982976
2024-06-28,56100,57900,56000,57300,593363,0.026881720430107503
2024-07-01,57400,58000,56500,57500,288753,0.003490401396160525
2024-07-02,57200,57400,55500,55500,326412,-0.034782608695652195
2024-07-03,55400,56000,54600,54800,317904,-0.012612612612612595
2024-07-04,54800,55100,53400,54800,447309,0.0
2024-07-05,54600,55800,54500,55700,264933,0.01642335766423364
2024-07-08,55500,56700,55300,56700,223973,0.01795332136445249
2024-07-09,57000,57200,56000,56100,253099,-0.010582010582010581
2024-07-10,55900,56600,55800,56400,177810,0.005347593582887722
2024-07-11,56600,56800,55500,55600,231602,-0.014184397163120588
2024-07-12,55600,58700,55600,57500,862301,0.03417266187050361
2024-07-15,58000,58100,56300,56700,295638,-0.013913043478260834
2024-07-16,56800,58000,56800,57000,415672,0.005291005291005346
2024-07-17,57000,57300,55700,55800,257399,-0.021052631578947323
2024-07-18,55300,58000,55000,57900,519692,0.037634408602150504
2024-07-19,57300,59200,55900,59000,607656,0.01899827288428324
2024-07-22,58900,59100,56000,56000,557639,-0.05084745762711862
2024-07-23,56300,57100,56000,56300,190856,0.005357142857142838
2024-07-24,55700,56500,54800,55100,324861,-0.02131438721136769
2024-07-25,54000,54300,52400,53200,550491,-0.03448275862068961
2024-07-26,53000,54100,52600,53200,204210,0.0
2024-07-29,53000,54800,53000,54400,244452,0.022556390977443552
2024-07-30,54200,57000,54200,55800,515579,0.025735294117646967
2024-07-31,55700,57800,55700,57700,472787,0.03405017921146958
2024-08-01,57500,58000,56700,57700,262797,0.0
2024-08-02,56900,59700,56100,56400,766851,-0.022530329289428108
2024-08-05,56200,56700,48300,50900,1028028,-0.09751773049645385
2024-08-06,51500,53100,50600,52000,554864,0.0216110019646365
2024-08-07,51200,57000,51200,56400,678719,0.08461538461538454
2024-08-08,55300,58600,55200,57000,589429,0.010638297872340496
2024-08-09,57800,58200,56500,56700,344540,-0.0052631578947368585
2024-08-12,56100,57600,55600,56600,210088,-0.0017636684303351524
2024-08-13,56700,57000,54100,54600,455826,-0.035335689045936425
2024-08-14,51500,52000,50000,50300,1342961,-0.07875457875457881
2024-08-16,50500,50900,49800,50300,464700,0.0
2024-08-19,50300,51600,50300,50900,366704,0.011928429423459175
2024-08-20,51100,51500,50700,51400,227180,0.00982318271119853
2024-08-21,51000,52100,50900,51300,192917,-0.0019455252918287869
2024-08-22,51500,52500,51400,52500,325284,0.023391812865497075
2024-08-23,52000,52000,51100,51900,205384,-0.011428571428571455
2024-08-26,52200,52700,51300,52000,185163,0.0019267822736031004
2024-08-27,51900,52100,51200,51600,157232,-0.007692307692307665
2024-08-28,52000,52400,51200,51300,202075,-0.005813953488372103
2024-08-29,50900,51100,50400,50700,151318,-0.011695906432748537
2024-08-30,51000,51500,50700,51100,117301,0.007889546351084853
2024-09-02,51400,51400,50600,50700,119725,-0.007827788649706457
2024-09-03,50800,51400,49900,49950,231677,-0.014792899408283988
2024-09-04,48550,48900,45600,45800,1105221,-0.0830830830830831
2024-09-05,45950,46650,45500,45700,362784,-0.0021834061135370675
2024-09-06,45700,46100,44450,44450,295499,-0.027352297592997843
2024-09-09,43500,44550,43100,44150,319296,-0.006749156355455588
2024-09-10,44100,44450,43350,43500,281691,-0.014722536806342057
2024-09-11,43500,45650,43500,45150,353202,0.037931034482758585
2024-09-12,45250,46600,45050,46000,326644,0.01882613510520481
2024-09-13,45900,46300,45150,45200,159607,-0.017391304347826098
2024-09-19,45650,45700,44500,44700,214420,-0.011061946902654829
2024-09-20,45350,45600,44600,44650,203252,-0.0011185682326622093
2024-09-23,44700,45700,44350,45150,218835,0.011198208286674172
2024-09-24,45500,48950,45300,48550,577780,0.07530454042081947
2024-09-25,48800,49000,47550,47550,387209,-0.02059732234809475
2024-09-26,47750,50200,47750,49800,1275920,0.04731861198738163
2024-09-27,49950,53000,49400,51000,874421,0.024096385542168752
2024-09-30,51300,51900,50200,50400,349100,-0.0117647058823529
2024-10-02,49700,51000,49500,50400,202681,0.0
2024-10-04,50600,51600,50300,50900,239762,0.009920634920634885
2024-10-07,51200,51400,49950,50100,213522,-0.015717092337917515
2024-10-08,50900,53900,50300,51800,1029543,0.03393213572854292
2024-10-10,51800,52100,51200,51200,276469,-0.01158301158301156
2024-10-11,51100,51700,50300,50500,255647,-0.013671875
2024-10-14,50400,51600,50200,51200,224629,0.013861386138613874
2024-10-15,51200,52600,50600,52100,283211,0.017578125
2024-10-16,51600,51700,50700,50700,148106,-0.026871401151631447
2024-10-17,50700,52400,50700,51100,224346,0.007889546351084853
2024-10-18,51700,51800,49900,50200,187865,-0.017612524461839585
2024-10-21,50400,51600,50400,50800,150823,0.01195219123505975
2024-10-22,51000,51600,50100,51400,245582,0.011811023622047223
2024-10-23,51800,53300,50700,52900,412885,0.029182879377431803
2024-10-24,52700,52700,51200,51200,210865,-0.032136105860113395
2024-10-25,51000,51600,49950,50900,216724,-0.005859375
2024-10-28,50900,51100,49150,50800,271075,-0.0019646365422396617
2024-10-29,50500,50700,49300,50000,242932,-0.015748031496062964
2024-10-30,50000,50300,49400,49450,148529,-0.01100000000000001
2024-10-31,49200,49300,48350,48850,171904,-0.01213346814964611
2024-11-01,48350,49300,47800,48750,140941,-0.0020470829068577334
2024-11-04,48750,54500,48750,53900,1272983,0.10564102564102562
2024-11-05,53400,57200,53300,56700,1283156,0.051948051948051965
2024-11-06,57300,57400,54100,55500,690525,-0.021164021164021163
2024-11-07,55000,55100,52500,54000,601912,-0.027027027027026973
2024-11-08,54100,55900,54000,54900,475896,0.016666666666666607
2024-11-11,54200,56100,53700,54700,509321,-0.0036429872495445936
2024-11-12,54300,55700,53000,53500,430018,-0.021937842778793404
2024-11-13,52900,55300,52900,53700,635820,0.0037383177570093906
2024-11-14,59000,59900,56300,56800,2503819,0.05772811918063314
2024-11-15,57400,59700,56200,59400,1380530,0.045774647887323994
2024-11-18,59800,60400,58100,59400,778075,0.0
2024-11-19,60700,64500,60100,64000,2699562,0.07744107744107742
2024-11-20,64400,65500,63400,64800,1042087,0.012499999999999956
2024-11-21,64900,67000,63200,65500,1104104,0.010802469135802406
2024-11-22,65400,66600,64500,66100,710206,0.009160305343511421
2024-11-25,67600,69000,66900,67500,1209776,0.021180030257186067
2024-11-26,67800,70000,67200,69800,1122989,0.034074074074074145
2024-11-27,70200,73500,70000,73500,1414408,0.05300859598853869
2024-11-28,75000,76200,71200,73800,1896010,0.004081632653061273
2024-11-29,73800,77000,72500,76400,1576173,0.035230352303523116
2024-12-02,77000,81000,76000,77100,2432737,0.009162303664921545
2024-12-03,78200,78800,74000,75300,1546526,-0.023346303501945553
2024-12-04,73900,76300,73700,73900,1256550,-0.01859229747675961
2024-12-05,75000,75800,71500,72500,1049077,-0.018944519621109657
2024-12-06,72700,74700,69800,72400,1182948,-0.0013793103448276334
2024-12-09,69000,69600,64100,67100,2134037,-0.07320441988950277
2024-12-10,68600,72400,68200,71000,1148865,0.058122205663189375
2024-12-11,71400,73000,69900,71200,622023,0.0028169014084507005
2024-12-12,71900,72600,70300,72300,684322,0.015449438202247201
2024-12-13,72300,75100,71600,74300,810472,0.027662517289073207
2024-12-16,74600,74900,72200,73000,576631,-0.01749663526244949
2024-12-17,73600,73600,69200,69200,869004,-0.05205479452054795
2024-12-18,69800,71400,69200,71100,483077,0.027456647398844014
2024-12-19,69400,73500,69100,72300,630530,0.016877637130801704
2024-12-20,72800,73000,69900,70000,391834,-0.0318118948824343
2024-12-23,71100,71600,69200,71000,360254,0.014285714285714235
2024-12-24,72000,72000,67900,68300,578963,-0.038028169014084456
2024-12-26,68900,71800,68900,70400,521878,0.030746705710102518
2024-12-27,70100,70300,67500,68600,327433,-0.025568181818181768
2024-12-30,68100,70600,67400,69900,246990,0.01895043731778423
2025-01-02,69600,71000,66800,67600,498428,-0.03290414878397707
2025-01-03,67700,69200,67700,67800,383392,0.002958579881656709
2025-01-06,67800,68300,65900,67200,378483,-0.008849557522123908
2025-01-07,68500,73800,68100,72500,1329358,0.07886904761904767
2025-01-08,72700,72900,71100,71400,371047,-0.015172413793103412
2025-01-09,71900,72300,69900,69900,457769,-0.021008403361344574
2025-01-10,70100,72300,68800,71600,562177,0.024320457796852546
2025-01-13,71600,72600,70500,70800,369040,-0.011173184357541888
2025-01-14,70700,75800,70700,75800,1158714,0.07062146892655363
2025-01-15,76100,76300,75000,76000,487142,0.0026385224274405594
2025-01-16,77000,77000,73700,75500,689128,-0.006578947368421018
2025-01-17,75600,78300,75100,76400,775694,0.01192052980132452
2025-01-20,77300,78000,74600,74700,476195,-0.022251308900523514
2025-01-21,75100,76100,73800,74300,411808,-0.0053547523427041055
2025-01-22,74400,74600,72700,74300,501405,0.0
2025-01-23,74700,75900,73300,73500,442861,-0.010767160161507361
2025-01-24,73800,76000,72900,75000,423894,0.020408163265306145
2025-01-31,75700,76400,74600,75000,399828,0.0
2025-02-03,74200,75900,73700,75000,419762,0.0
2025-02-04,75500,79100,74500,79100,1059207,0.05466666666666664
2025-02-05,79600,79900,77700,79300,602689,0.0025284450063212116
2025-02-06,79600,80300,77000,77400,674299,-0.023959646910466592
2025-02-07,77700,78900,77000,77700,435046,0.003875968992248069
2025-02-10,80000,82400,78700,78800,1392162,0.014157014157014203
2025-02-11,80200,83800,79700,83600,1316621,0.060913705583756306
