Date,Open,High,Low,Close,Volume,Change
2022-01-03,24650,24950,24400,24700,93397,0.006109979633401208
2022-01-04,24750,25300,24750,25100,153244,0.0161943319838056
2022-01-05,25100,25100,24200,24400,160079,-0.027888446215139417
2022-01-06,24050,28000,23900,26500,3637706,0.08606557377049184
2022-01-07,27000,28850,26800,27800,3189508,0.049056603773584895
2022-01-10,27600,28950,27100,28000,1376120,0.007194244604316502
2022-01-11,27850,28200,27000,27000,529723,-0.0357142857142857
2022-01-12,28200,30700,27400,27650,4813433,0.024074074074074137
2022-01-13,27650,29300,27549,28700,1652005,0.03797468354430378
2022-01-14,28750,29200,26000,26150,1036824,-0.08885017421602792
2022-01-17,26400,26499,25550,25650,282408,-0.019120458891013437
2022-01-18,25450,25950,24500,24750,298298,-0.03508771929824561
2022-01-19,24350,25150,24200,24500,219536,-0.010101010101010055
2022-01-20,24150,25250,23900,25000,255121,0.020408163265306145
2022-01-21,24550,26100,24500,25200,431978,0.008000000000000007
2022-01-24,25450,27800,24950,26550,2181905,0.0535714285714286
2022-01-25,26700,26750,23700,23700,571309,-0.10734463276836159
2022-01-26,23650,24750,23650,23850,265429,0.006329113924050667
2022-01-27,23900,24100,22200,22200,240348,-0.0691823899371069
2022-01-28,22300,23800,22250,23500,170579,0.05855855855855863
2022-02-03,24000,24700,23750,24450,187458,0.04042553191489362
2022-02-04,24300,25400,24300,24900,268276,0.018404907975460016
2022-02-07,25300,25850,24650,25050,485931,0.006024096385542244
2022-02-08,25150,25400,24100,24750,174796,-0.0119760479041916
2022-02-09,25100,25350,24800,25100,139774,0.014141414141414232
2022-02-10,25150,25600,24750,24750,140027,-0.013944223107569709
2022-02-11,24250,24600,23800,23850,158253,-0.036363636363636376
2022-02-14,23250,23350,22600,22700,129607,-0.048218029350104774
2022-02-15,22800,23150,21750,21800,131721,-0.03964757709251099
2022-02-16,22300,23200,22300,23150,173533,0.06192660550458706
2022-02-17,23350,25150,22800,23650,714042,0.021598272138228847
2022-02-18,23150,24100,23000,23800,167548,0.00634249471458781
2022-02-21,24550,25150,23900,24600,477707,0.03361344537815136
2022-02-22,24000,24850,24000,24100,162902,-0.020325203252032575
2022-02-23,24300,24400,23900,24150,81934,0.0020746887966804906
2022-02-24,24900,25150,22800,22850,313075,-0.053830227743271175
2022-02-25,23800,24300,23350,23400,184579,0.024070021881838155
2022-02-28,23600,24400,23600,23950,136232,0.02350427350427342
2022-03-02,24350,24950,24150,24850,184935,0.03757828810020869
2022-03-03,24800,26600,24800,25600,1305724,0.030181086519114775
2022-03-04,25350,25450,24850,25050,237644,-0.021484375
2022-03-07,24900,24950,24300,24500,119555,-0.021956087824351322
2022-03-08,23950,25400,23800,25050,297969,0.022448979591836782
2022-03-10,26000,26450,25250,25300,631254,0.009980039920159722
2022-03-11,25300,26100,25050,25900,259436,0.02371541501976293
2022-03-14,26150,26400,25400,25550,276486,-0.013513513513513487
2022-03-15,25550,26500,25450,25950,318460,0.015655577299412915
2022-03-16,26200,26250,25750,25900,174861,-0.0019267822736031004
2022-03-17,26200,26549,25450,26300,343748,0.015444015444015413
2022-03-18,26150,26249,25800,26100,110733,-0.0076045627376425395
2022-03-21,26200,26350,25800,25850,108851,-0.009578544061302652
2022-03-22,26000,26200,25650,26200,153886,0.013539651837524147
2022-03-23,26200,27150,25900,27000,698135,0.03053435114503822
2022-03-24,26750,27000,26550,26850,216726,-0.005555555555555536
2022-03-25,27150,27300,26600,26600,269086,-0.009310986964618295
2022-03-28,26800,26850,26000,26000,120360,-0.022556390977443663
2022-03-29,26150,26700,26000,26450,155418,0.017307692307692246
2022-03-30,26600,26600,25550,25900,141441,-0.020793950850661602
2022-03-31,26000,26950,25899,26550,312556,0.025096525096525157
2022-04-01,26450,26500,25950,26150,96556,-0.015065913370998163
2022-04-04,26350,26650,26150,26550,150770,0.015296367112810794
2022-04-05,26550,26699,26200,26550,125670,0.0
2022-04-06,26349,26500,25750,25900,121749,-0.024482109227871973
2022-04-07,25500,25800,24650,24800,154357,-0.0424710424710425
2022-04-08,24900,25350,24400,24950,108397,0.006048387096774244
2022-04-11,24800,25300,24800,24900,72868,-0.002004008016032066
2022-04-12,24700,26350,24650,25200,512381,0.012048192771084265
2022-04-13,25250,25550,24750,25400,130722,0.007936507936507908
2022-04-14,25550,25800,25400,25450,143487,0.0019685039370078705
2022-04-15,25450,25750,25300,25700,101953,0.00982318271119853
2022-04-18,25800,26050,25350,25350,93444,-0.013618677042801508
2022-04-19,25350,25600,25250,25450,51813,0.0039447731755424265
2022-04-20,25450,25550,25200,25250,61775,-0.007858546168958758
2022-04-21,25200,25500,25100,25400,98378,0.005940594059405946
2022-04-22,25300,25500,25050,25100,66545,-0.011811023622047223
2022-04-25,24550,24850,24050,24050,92627,-0.041832669322709126
2022-04-26,24300,24650,24300,24300,61387,0.01039501039501034
2022-04-27,23550,24250,23200,24150,80717,-0.006172839506172867
2022-04-28,24250,24300,23800,23900,62855,-0.010351966873705987
2022-04-29,24150,24500,23950,24000,57638,0.004184100418409997
2022-05-02,23650,24300,23550,24150,47136,0.006250000000000089
2022-05-03,24250,25300,23700,24400,179444,0.010351966873705987
2022-05-04,24450,24550,24100,24400,56549,0.0
2022-05-06,24250,24350,23800,23800,64868,-0.024590163934426257
2022-05-09,23650,24000,22800,22950,78959,-0.0357142857142857
2022-05-10,22500,22700,21300,22200,130921,-0.0326797385620915
2022-05-11,22150,22600,22100,22200,71492,0.0
2022-05-12,21700,22100,20800,20850,83932,-0.060810810810810856
2022-05-13,20850,21400,20850,21200,45013,0.01678657074340517
2022-05-16,21350,22450,21200,21550,72408,0.01650943396226423
2022-05-17,21500,21800,21400,21800,30268,0.011600928074245953
2022-05-18,21800,23000,21800,22350,232347,0.025229357798165042
2022-05-19,21650,21900,21550,21700,44965,-0.029082774049216997
2022-05-20,21650,22200,21500,21600,67197,-0.004608294930875556
2022-05-23,21600,22050,21550,21800,54652,0.0092592592592593
2022-05-24,21700,21950,21250,21500,51703,-0.013761467889908285
2022-05-25,21450,22700,21250,21800,157168,0.013953488372093092
2022-05-26,21800,22050,21550,21800,55913,0.0
2022-05-27,21950,22000,21600,21600,47985,-0.00917431192660545
2022-05-30,21800,22000,21800,21900,28740,0.01388888888888884
2022-05-31,22000,22050,21650,21850,44238,-0.0022831050228310223
2022-06-02,21800,22000,21700,21700,22657,-0.006864988558352381
2022-06-03,21800,21850,21400,21500,37930,-0.009216589861751112
2022-06-07,21500,21500,20900,20950,40609,-0.025581395348837188
2022-06-08,21000,21300,20900,20950,35096,0.0
2022-06-09,20850,21050,20200,20550,66130,-0.019093078758949833
2022-06-10,20500,20700,20250,20700,33331,0.007299270072992803
2022-06-13,20049,20449,19049,19050,94692,-0.07971014492753625
2022-06-14,18050,18950,18000,18600,90148,-0.023622047244094446
2022-06-15,18200,18849,17650,17850,129423,-0.040322580645161255
2022-06-16,18150,22000,18150,18900,1879214,0.05882352941176472
2022-06-17,18100,18350,17600,18200,244296,-0.03703703703703709
2022-06-20,18250,18400,16450,16800,144962,-0.07692307692307687
2022-06-21,16750,18100,16750,17650,179355,0.05059523809523814
2022-06-22,17650,18100,16550,16650,103023,-0.056657223796033995
2022-06-23,16650,17200,15150,15150,160143,-0.09009009009009006
2022-06-24,15000,16600,15000,16450,180566,0.08580858085808574
2022-06-27,16600,17850,16600,17750,136861,0.07902735562310026
2022-06-28,17650,17950,17400,17900,46135,0.008450704225352101
2022-06-29,17400,18050,17200,17800,60132,-0.005586592178770999
2022-06-30,17750,17800,17000,17200,42112,-0.0337078651685393
2022-07-01,17100,17350,16400,16550,41724,-0.03779069767441856
2022-07-04,17250,18050,15750,17200,267695,0.0392749244712991
2022-07-05,16800,17250,16700,17150,82461,-0.0029069767441860517
2022-07-06,17200,17400,16850,17050,62125,-0.005830903790087438
2022-07-07,17150,17500,17150,17400,56922,0.02052785923753664
2022-07-08,17550,17750,17300,17600,51822,0.011494252873563315
2022-07-11,17750,18150,17400,18100,72510,0.02840909090909083
2022-07-12,17850,17850,17050,17300,70507,-0.04419889502762431
2022-07-13,17100,17400,16700,17300,38285,0.0
2022-07-14,17100,17750,17100,17750,46652,0.026011560693641522
2022-07-15,17750,17900,16950,17500,43089,-0.014084507042253502
2022-07-18,17600,18250,17550,18050,59043,0.03142857142857136
2022-07-19,18050,18150,17750,18100,30596,0.0027700831024930483
2022-07-20,18350,18400,18050,18250,42432,0.008287292817679592
2022-07-21,18200,18550,18050,18250,42536,0.0
2022-07-22,18250,18350,17900,17900,39890,-0.019178082191780854
2022-07-25,18000,18100,17750,18050,25585,0.008379888268156499
2022-07-26,17900,18100,17850,18100,17011,0.0027700831024930483
2022-07-27,18150,18250,17850,18250,18053,0.008287292817679592
2022-07-28,18350,18400,17900,18150,35546,-0.005479452054794498
2022-07-29,18150,18350,18050,18200,26715,0.0027548209366390353
2022-08-01,18249,22100,18000,20250,2293978,0.11263736263736268
2022-08-02,20250,20600,19950,20500,329193,0.012345679012345734
2022-08-03,20300,20400,19950,20000,150701,-0.024390243902439046
2022-08-04,20000,20950,19800,20200,277273,0.010000000000000009
2022-08-05,20300,20400,20000,20200,88756,0.0
2022-08-08,20200,21300,19900,20250,427026,0.0024752475247524774
2022-08-09,20500,21500,20250,20750,662847,0.024691358024691468
2022-08-10,20750,20750,20100,20300,114806,-0.02168674698795181
2022-08-11,20700,20750,20350,20550,87802,0.012315270935960632
2022-08-12,20550,21050,20400,20700,103789,0.007299270072992803
2022-08-16,20750,21000,20500,20750,49177,0.0024154589371980784
2022-08-17,21100,21500,20550,20550,208440,-0.009638554216867434
2022-08-18,20550,20550,19600,20050,111465,-0.024330900243308973
2022-08-19,19950,20200,19849,19850,42342,-0.009975062344139696
2022-08-22,19450,19949,19000,19750,89572,-0.005037783375314908
2022-08-23,19250,21150,19250,19500,435367,-0.012658227848101222
2022-08-24,19550,19800,19400,19650,49311,0.007692307692307665
2022-08-25,19700,20000,19650,19800,40598,0.007633587786259444
2022-08-26,20000,20149,19700,19750,52710,-0.002525252525252486
2022-08-29,18550,19150,18500,19000,49284,-0.03797468354430378
2022-08-30,19200,19949,19050,19350,62074,0.018421052631578894
2022-08-31,19400,20149,19100,19550,114286,0.010335917312661591
2022-09-01,19650,19650,18900,19000,51587,-0.02813299232736577
2022-09-02,19050,19450,18800,18800,38937,-0.010526315789473717
2022-09-05,18549,18850,18200,18350,40018,-0.02393617021276595
2022-09-06,18200,19200,18200,18700,38884,0.019073569482288777
2022-09-07,18500,18800,18000,18100,37857,-0.03208556149732622
2022-09-08,18250,18500,18000,18000,22305,-0.0055248618784530246
2022-09-13,18100,18700,18100,18700,35530,0.03888888888888897
2022-09-14,17900,18650,17900,18600,26667,-0.005347593582887722
2022-09-15,18800,18800,18400,18600,23485,0.0
2022-09-16,18400,18600,18200,18400,20815,-0.010752688172043001
2022-09-19,18300,18400,17400,17450,57320,-0.05163043478260865
2022-09-20,17450,17950,17450,17700,23867,0.014326647564469885
2022-09-21,17550,17900,17400,17650,22530,-0.0028248587570621764
2022-09-22,17600,17650,16900,17100,42971,-0.031161473087818692
2022-09-23,17000,17250,15750,16400,63878,-0.040935672514619936
2022-09-26,15850,16200,15100,15200,80690,-0.07317073170731703
2022-09-27,15000,16000,14550,15050,187180,-0.009868421052631526
2022-09-28,15050,15550,14100,14350,98257,-0.046511627906976716
2022-09-29,14650,15200,14400,14400,62019,0.0034843205574912606
2022-09-30,14150,14650,13900,14450,36644,0.003472222222222321
2022-10-04,14800,15150,14600,15100,36052,0.04498269896193774
2022-10-05,15450,15600,14550,14550,47957,-0.03642384105960261
2022-10-06,14800,15300,14750,15200,39242,0.04467353951890041
2022-10-07,15200,15200,14800,14950,18622,-0.016447368421052655
2022-10-11,14750,14750,13950,13950,39489,-0.06688963210702337
2022-10-12,13950,14100,13700,14000,27985,0.0035842293906809264
2022-10-13,13800,13850,12950,13000,48214,-0.0714285714285714
2022-10-14,13300,14050,13300,14050,56638,0.0807692307692307
2022-10-17,13800,14650,13650,14550,32549,0.03558718861209975
2022-10-18,14700,14800,14400,14700,27135,0.010309278350515427
2022-10-19,14700,15000,14450,14450,21807,-0.017006802721088454
2022-10-20,14450,14700,14200,14350,11754,-0.00692041522491349
2022-10-21,14300,14450,13750,13850,23656,-0.03484320557491294
2022-10-24,14300,14400,14000,14250,17620,0.028880866425992746
2022-10-25,14250,14750,14050,14300,15867,0.0035087719298245723
2022-10-26,14400,14400,14050,14050,13389,-0.0174825174825175
2022-10-27,14100,14400,14000,14300,41608,0.017793594306049876
2022-10-28,14300,14550,14000,14100,33421,-0.013986013986013957
2022-10-31,14400,14450,14200,14400,19558,0.02127659574468077
2022-11-01,14350,14750,14300,14750,21234,0.02430555555555558
2022-11-02,14750,14750,14250,14600,18011,-0.01016949152542368
2022-11-03,14200,14550,14150,14550,15795,-0.003424657534246589
2022-11-04,14550,14550,14100,14300,34077,-0.01718213058419249
2022-11-07,14350,14850,14350,14750,55947,0.03146853146853146
2022-11-08,15450,15700,14900,15100,356554,0.023728813559322104
2022-11-09,15200,15300,15000,15100,44813,0.0
2022-11-10,14800,15000,14500,14850,45294,-0.01655629139072845
2022-11-11,15350,15350,15050,15200,56374,0.023569023569023573
2022-11-14,15300,15650,15150,15350,73469,0.009868421052631637
2022-11-15,15400,16400,15200,15850,472355,0.032573289902280145
2022-11-16,15850,15950,15400,15600,73403,-0.01577287066246058
2022-11-17,15600,15950,15150,15250,114012,-0.022435897435897467
2022-11-18,15200,15450,14900,14900,49373,-0.022950819672131195
2022-11-21,15000,15100,14450,14450,45299,-0.030201342281879207
2022-11-22,14350,14550,14300,14400,31614,-0.0034602076124568004
2022-11-23,14550,14800,14500,14600,23757,0.01388888888888884
2022-11-24,14650,15250,14650,15150,67751,0.03767123287671237
2022-11-25,15150,15150,14750,14800,35210,-0.02310231023102305
2022-11-28,14800,14800,14150,14200,62744,-0.04054054054054057
2022-11-29,14050,14500,14050,14400,23894,0.014084507042253502
2022-11-30,14450,14550,14300,14500,27145,0.00694444444444442
2022-12-01,14650,14850,14650,14700,26387,0.01379310344827589
2022-12-02,14700,18400,14700,16500,4516976,0.12244897959183665
2022-12-05,16300,16600,16250,16350,461533,-0.009090909090909038
2022-12-06,17800,19400,17150,17650,5188935,0.07951070336391441
2022-12-07,17050,17350,16500,17200,354317,-0.025495750708215303
2022-12-08,16850,17100,15750,15900,294738,-0.07558139534883723
2022-12-09,15950,16450,15850,16000,129627,0.0062893081761006275
2022-12-12,16000,16500,15600,16300,139917,0.018750000000000044
2022-12-13,16300,16350,15250,15450,193589,-0.05214723926380371
2022-12-14,15550,16000,15500,15950,96877,0.032362459546925626
2022-12-15,15950,16200,15600,15900,69229,-0.0031347962382445305
2022-12-16,15500,15800,15450,15600,48175,-0.018867924528301883
2022-12-19,15600,16300,15450,15900,91118,0.019230769230769162
2022-12-20,15850,16600,15750,15900,235845,0.0
2022-12-21,16000,16550,15400,16400,244124,0.03144654088050314
2022-12-22,16550,16600,16050,16450,188849,0.0030487804878047697
2022-12-23,16100,16200,15400,15400,102806,-0.06382978723404253
2022-12-26,15450,15900,15200,15450,56814,0.0032467532467532756
2022-12-27,15500,16000,15450,16000,103893,0.03559870550161803
2022-12-28,16350,18350,16300,16700,2424419,0.043749999999999956
2022-12-29,16550,17350,15900,15900,465276,-0.04790419161676651
2023-01-02,15800,15950,15000,15000,190653,-0.05660377358490565
2023-01-03,14900,15100,14200,14700,129435,-0.020000000000000018
2023-01-04,14550,15400,14350,15250,109479,0.03741496598639449
2023-01-05,15200,16700,15200,16250,514229,0.06557377049180335
2023-01-06,16200,16550,16000,16300,86573,0.003076923076922977
2023-01-09,16300,16550,16150,16400,78047,0.006134969325153339
2023-01-10,16550,17600,16500,16800,463821,0.024390243902439046
2023-01-11,17000,17300,16700,16850,269027,0.0029761904761904656
2023-01-12,19200,19400,17050,17050,1374482,0.011869436201780381
2023-01-13,17100,17700,16900,17500,381112,0.02639296187683282
2023-01-16,17500,17650,17150,17200,138842,-0.017142857142857126
2023-01-17,17050,17650,16900,17450,185945,0.014534883720930258
2023-01-18,17650,17650,17200,17200,103266,-0.014326647564469885
2023-01-19,17150,17650,17050,17300,308571,0.005813953488372103
2023-01-20,18400,18400,17350,17600,534850,0.01734104046242768
2023-01-25,17890,18350,17710,18050,359160,0.02556818181818188
2023-01-26,17940,18190,17420,17700,182401,-0.01939058171745156
2023-01-27,17750,18310,17640,18140,249175,0.024858757062146797
2023-01-30,18420,18730,18070,18510,372914,0.020396912899669273
2023-01-31,18560,18660,18120,18400,152776,-0.005942733657482435
2023-02-01,18540,18600,18050,18090,136787,-0.016847826086956563
2023-02-02,18350,18870,18210,18860,347130,0.042564953012714124
2023-02-03,19600,20250,19020,19680,1112216,0.04347826086956519
2023-02-06,19690,19990,19020,19160,409552,-0.026422764227642226
2023-02-07,18860,19900,18850,19900,369331,0.03862212943632559
2023-02-08,20800,21200,19800,20350,1181996,0.022613065326633208
2023-02-09,19920,20100,19360,19550,230003,-0.039312039312039304
2023-02-10,19560,21300,19500,20250,1220655,0.03580562659846542
2023-02-13,20450,21500,20100,21250,581533,0.04938271604938271
2023-02-14,20900,21700,20700,21600,654814,0.016470588235294015
2023-02-15,22650,23000,18200,18220,1260304,-0.15648148148148144
2023-02-16,18180,18190,17550,17650,289950,-0.031284302963776045
2023-02-17,17320,18070,17250,17360,181632,-0.01643059490084986
2023-02-20,17370,17780,17370,17580,100287,0.012672811059907918
2023-02-21,17650,18150,17510,18020,137209,0.025028441410694047
2023-02-22,17700,17870,17400,17400,109251,-0.03440621531631516
2023-02-23,17510,17610,17150,17320,96741,-0.0045977011494252595
2023-02-24,17390,17410,16830,16900,117343,-0.024249422632794504
2023-02-27,16700,17350,16680,16950,64782,0.002958579881656709
2023-02-28,17040,17560,16970,17380,125408,0.025368731563421898
2023-03-02,17450,17450,17100,17170,82505,-0.012082853855005737
2023-03-03,17180,17520,17180,17380,62952,0.012230634828188647
2023-03-06,17610,17730,17340,17600,102772,0.012658227848101333
2023-03-07,17710,17800,17410,17420,77075,-0.010227272727272751
2023-03-08,17220,17300,16940,16960,76907,-0.02640642939150406
2023-03-09,17070,17330,16650,16970,65630,0.000589622641509413
2023-03-10,16950,16950,16470,16540,52032,-0.02533883323512076
2023-03-13,16490,16620,16090,16450,50944,-0.0054413542926239344
2023-03-14,16380,16600,15740,15850,60180,-0.03647416413373861
2023-03-15,16040,16390,16020,16120,40601,0.017034700315457396
2023-03-16,16400,17040,16150,16170,118428,0.0031017369727046606
2023-03-17,16250,16920,16250,16740,59587,0.03525046382189245
2023-03-20,16740,16850,16600,16650,35629,-0.005376344086021501
2023-03-21,16750,16760,16500,16510,26887,-0.008408408408408397
2023-03-22,16630,16630,16320,16320,36168,-0.011508176862507602
2023-03-23,16100,16350,16050,16210,43568,-0.006740196078431349
2023-03-24,16420,16720,16020,16650,36086,0.027143738433065945
2023-03-27,16730,16740,16210,16510,39927,-0.008408408408408397
2023-03-28,16500,17200,16300,17170,94902,0.039975772259236875
2023-03-29,17250,17360,16840,16910,69961,-0.015142690739662235
2023-03-30,16950,17110,16760,16930,46353,0.0011827321111768097
2023-03-31,16980,17000,16630,16750,47510,-0.010632014176018889
2023-04-03,16760,17080,16620,17020,48668,0.016119402985074638
2023-04-04,16860,17160,16860,16950,36618,-0.004112808460634554
2023-04-05,16990,17240,16870,17100,56085,0.008849557522123908
2023-04-06,17050,17060,16660,16780,46676,-0.018713450292397682
2023-04-07,16780,16790,16540,16560,33059,-0.013110846245530383
2023-04-10,16540,16630,16110,16150,41740,-0.024758454106280192
2023-04-11,16310,16450,16060,16220,24675,0.004334365325077361
2023-04-12,16280,16490,16100,16420,32338,0.012330456226880449
2023-04-13,16420,16460,16090,16340,24917,-0.00487210718635811
2023-04-14,16360,16520,16280,16380,31364,0.00244798041615657
2023-04-17,16360,16480,16160,16330,29877,-0.0030525030525030417
2023-04-18,16330,16330,16040,16210,34486,-0.007348438456827977
2023-04-19,16200,17340,16120,16340,181756,0.008019740900678585
2023-04-20,16350,16970,16350,16670,84140,0.020195838433292534
2023-04-21,16540,16650,16200,16220,50476,-0.02699460107978402
2023-04-24,16210,16270,16020,16070,30508,-0.009247842170160281
2023-04-25,16070,16120,15430,15550,60900,-0.032358431860609826
2023-04-26,15550,15830,15150,15440,20217,-0.0070739549839228255
2023-04-27,15310,15540,15190,15530,20834,0.0058290155440414715
2023-04-28,15630,15630,15280,15480,21589,-0.00321957501609782
2023-05-02,15470,15690,15420,15520,21337,0.0025839793281654533
2023-05-03,15420,15630,15410,15470,16162,-0.003221649484536071
2023-05-04,15370,15460,15220,15220,25013,-0.01616031027795739
2023-05-08,15250,15520,15250,15410,25004,0.012483574244415152
2023-05-09,15400,15440,15150,15170,23587,-0.015574302401038298
2023-05-10,15170,15490,15170,15400,26267,0.015161502966380969
2023-05-11,15430,15650,15410,15440,29278,0.0025974025974024872
2023-05-12,15410,15440,15180,15200,23453,-0.015544041450777257
2023-05-15,15200,15570,14850,14850,40726,-0.023026315789473673
2023-05-16,14850,15220,14850,14950,26550,0.006734006734006703
2023-05-17,14930,15170,14920,15120,15759,0.011371237458194017
2023-05-18,15120,15390,15110,15320,41481,0.013227513227513255
2023-05-19,15350,15770,15310,15350,54099,0.001958224543080922
2023-05-22,15400,15690,15280,15680,47648,0.021498371335504807
2023-05-23,15630,15820,15400,15630,55195,-0.0031887755102041337
2023-05-24,15660,15780,15510,15660,53381,0.0019193857965451588
2023-05-25,15600,15880,15570,15690,47536,0.0019157088122605526
2023-05-26,15720,15810,15580,15700,38305,0.0006373486297004405
2023-05-30,15750,15920,15650,15740,81923,0.002547770700636942
2023-05-31,15610,15810,15610,15740,29286,0.0
2023-06-01,15760,15800,15650,15770,42187,0.001905972045743276
2023-06-02,15770,15950,15740,15830,42131,0.0038046924540267035
2023-06-05,15850,16050,15740,15910,52459,0.005053695514845247
2023-06-07,15860,16030,15860,16020,39450,0.006913890634820952
2023-06-08,16070,16100,15880,16040,33830,0.0012484394506866447
2023-06-09,16030,16100,15840,16050,71457,0.0006234413965087171
2023-06-12,16090,16120,15930,15940,38221,-0.006853582554517179
2023-06-13,15950,16080,15910,16060,53054,0.007528230865746499
2023-06-14,16060,16070,15600,15900,52804,-0.00996264009962644
2023-06-15,15870,16000,15460,15640,44093,-0.01635220125786163
2023-06-16,15590,15810,15590,15760,41100,0.007672634271099765
2023-06-19,15830,15830,15600,15710,34215,-0.0031725888324872775
2023-06-20,15700,15700,15380,15380,27307,-0.02100572883513685
2023-06-21,15380,15480,15150,15150,27300,-0.014954486345903795
2023-06-22,14940,15240,14940,15070,17878,-0.005280528052805322
2023-06-23,15080,15200,15000,15000,16255,-0.004644990046449915
2023-06-26,15000,15130,14840,15050,16195,0.0033333333333334103
2023-06-27,15130,15130,14960,15050,17301,0.0
2023-06-28,15050,15120,14970,15000,14144,-0.0033222591362126463
2023-06-29,14950,15100,14910,14910,20620,-0.006000000000000005
2023-06-30,14970,15090,14880,14890,37642,-0.0013413816230717357
2023-07-03,14990,15080,14870,15030,20208,0.009402283411685586
2023-07-04,15040,15250,14970,15030,32942,0.0
2023-07-05,15070,15190,14960,15050,32845,0.0013306719893546592
2023-07-06,15050,15100,14650,14660,32450,-0.02591362126245844
2023-07-07,14530,14880,14510,14870,20208,0.014324693042292003
2023-07-10,14870,15090,14810,15020,49857,0.01008742434431742
2023-07-11,15120,15200,14920,15110,41125,0.005992010652463353
2023-07-12,15160,15180,14970,15140,46611,0.0019854401058900795
2023-07-13,15160,15260,15130,15200,50413,0.003963011889035695
2023-07-14,15250,15300,14990,15260,42472,0.003947368421052699
2023-07-17,15280,15450,15070,15440,56812,0.011795543905635641
2023-07-18,16200,17000,15400,15430,317328,-0.0006476683937823857
2023-07-19,15570,15660,15060,15100,58631,-0.021386908619572265
2023-07-20,15110,15180,14950,14950,34476,-0.009933774834437137
2023-07-21,14670,15150,14600,15100,58384,0.010033444816053505
2023-07-24,15110,15160,14400,14470,65802,-0.04172185430463571
2023-07-25,14500,14580,13920,13920,56006,-0.038009675190048386
2023-07-26,13920,14000,12820,13070,132057,-0.06106321839080464
2023-07-27,13090,13650,13090,13510,50681,0.033664881407804215
2023-07-28,13510,14510,13510,14470,71196,0.07105847520355302
2023-07-31,14520,14720,14400,14700,51062,0.015894955079474693
2023-08-01,14700,15130,14690,15130,64469,0.029251700680272164
2023-08-02,15130,15230,14870,15110,46796,-0.0013218770654329637
2023-08-03,15070,15070,14700,14920,36422,-0.012574454003970836
2023-08-04,14920,15200,14790,15190,39050,0.018096514745308268
2023-08-07,15200,15350,14400,15300,55829,0.0072416063199474134
2023-08-08,15340,15580,15180,15400,72954,0.006535947712418277
2023-08-09,15320,15690,15280,15530,44664,0.008441558441558472
2023-08-10,15510,15820,15370,15800,49881,0.017385705086928605
2023-08-11,15800,15950,15700,15950,52797,0.009493670886076
2023-08-14,15770,15790,15430,15470,38865,-0.030094043887147315
2023-08-16,15400,15470,14860,14960,35326,-0.03296703296703296
2023-08-17,14800,14940,14300,14900,37255,-0.004010695187165791
2023-08-18,14710,14880,14420,14880,26303,-0.0013422818791946067
2023-08-21,14740,14840,14500,14640,21418,-0.016129032258064502
2023-08-22,14580,14700,14490,14670,25837,0.002049180327868827
2023-08-23,14620,14820,14370,14550,53157,-0.008179959100204526
2023-08-24,14580,14790,14190,14200,66651,-0.02405498281786944
2023-08-25,14120,14300,14060,14200,20246,0.0
2023-08-28,14220,14280,14100,14250,18035,0.0035211267605634866
2023-08-29,14270,15150,14250,14980,93329,0.05122807017543862
2023-08-30,15040,15210,14840,14960,46821,-0.001335113484646211
2023-08-31,14970,14990,14650,14770,26488,-0.012700534759358284
2023-09-01,14810,14830,14470,14690,21752,-0.005416384563303955
2023-09-04,14770,14820,14400,14530,28717,-0.010891763104152519
2023-09-05,14380,14600,14250,14370,29746,-0.0110116999311769
2023-09-06,14550,14930,14480,14550,52397,0.012526096033402823
2023-09-07,14550,14610,14150,14300,32686,-0.01718213058419249
2023-09-08,14190,14270,13980,14010,33458,-0.020279720279720248
2023-09-11,14000,14190,14000,14110,19552,0.007137758743754441
2023-09-12,14110,14240,13780,13850,23867,-0.01842664776754077
2023-09-13,13750,13960,13670,13860,24200,0.0007220216606498298
2023-09-14,13860,13960,13790,13960,24440,0.00721500721500723
2023-09-15,13980,14320,13980,14130,15822,0.012177650429799458
2023-09-18,14070,14140,13960,14030,13191,-0.00707714083510258
2023-09-19,14000,14070,13860,14070,18872,0.0028510334996436626
2023-09-20,14000,14100,13890,14000,29966,-0.00497512437810943
2023-09-21,13970,14020,13750,13760,28031,-0.017142857142857126
2023-09-22,13420,13700,13400,13550,25650,-0.015261627906976716
2023-09-25,13300,13480,13060,13060,34010,-0.03616236162361619
2023-09-26,13000,13590,12800,12940,31152,-0.009188361408882129
2023-09-27,12750,13070,12720,13070,37137,0.01004636785162294
2023-10-04,13070,13560,12750,13070,74071,0.0
2023-10-05,13050,13090,12510,12570,31959,-0.03825554705432288
2023-10-06,12500,13110,12500,13080,36219,0.04057279236276856
2023-10-10,13080,13160,12550,12690,25936,-0.029816513761467878
2023-10-11,12740,13000,12700,12890,14209,0.01576044129235621
2023-10-12,12890,13230,12890,13140,19760,0.019394879751745586
2023-10-13,13100,13100,12750,12800,21067,-0.025875190258751957
2023-10-16,12720,12730,12410,12440,23456,-0.028124999999999956
2023-10-17,12570,12720,12570,12670,9622,0.01848874598070749
2023-10-18,12630,12740,12520,12550,13133,-0.009471191791633804
2023-10-19,12350,13400,12290,12640,51086,0.007171314741035939
2023-10-20,12590,12700,12340,12360,27589,-0.022151898734177222
2023-10-23,12320,12490,12010,12010,29728,-0.028317152103559895
2023-10-24,12000,12390,11770,12250,29031,0.019983347210657865
2023-10-25,12290,12770,12250,12640,32808,0.03183673469387749
2023-10-26,12520,12540,12150,12370,21273,-0.02136075949367089
2023-10-27,12230,12610,12230,12490,22258,0.009700889248181133
2023-10-30,12490,12620,12430,12480,12061,-0.0008006405124099114
2023-10-31,12480,12580,12030,12140,15250,-0.027243589743589758
2023-11-01,12150,12300,12110,12170,9725,0.0024711696869852418
2023-11-02,12250,12430,12240,12370,13280,0.016433853738701654
2023-11-03,12550,12550,12360,12430,16277,0.004850444624090455
2023-11-06,12480,12660,12480,12630,19659,0.016090104585679832
2023-11-07,12540,12750,12490,12590,20286,-0.0031670625494854
2023-11-08,12550,12710,12550,12560,10866,-0.002382843526608447
2023-11-09,12560,12660,12410,12480,12651,-0.006369426751592355
2023-11-10,12480,12550,12160,12250,13773,-0.018429487179487225
2023-11-13,12260,12290,12070,12160,12471,-0.007346938775510181
2023-11-14,12170,12640,12160,12600,15714,0.03618421052631571
2023-11-15,12690,12750,12560,12590,20033,-0.0007936507936507908
2023-11-16,12590,13250,12560,13030,76534,0.03494837172359011
2023-11-17,12990,12990,12620,12700,30010,-0.025326170376055224
2023-11-20,12690,12820,12680,12800,10185,0.007874015748031482
2023-11-21,12750,13110,12750,13030,30476,0.01796875000000009
2023-11-22,12920,13110,12840,13040,15354,0.0007674597083653367
2023-11-23,13150,13150,12940,13020,13040,-0.0015337423312883347
2023-11-24,12940,13040,12900,13020,9291,0.0
2023-11-27,13270,13270,12910,12980,17523,-0.003072196620583667
2023-11-28,12980,13040,12700,12750,17948,-0.017719568567026167
2023-11-29,12660,12790,12630,12630,11734,-0.009411764705882342
2023-11-30,12650,12700,12610,12660,6936,0.002375296912114022
2023-12-01,12660,12670,12540,12560,13086,-0.00789889415481837
2023-12-04,12560,14370,12560,13240,388613,0.05414012738853513
2023-12-05,13200,13500,12910,13060,83413,-0.013595166163142047
2023-12-06,13080,13710,13080,13400,109490,0.026033690658499253
2023-12-07,13490,13490,13090,13270,44811,-0.00970149253731345
2023-12-08,13480,13490,13100,13120,33186,-0.01130369253956287
2023-12-11,13170,14480,13170,13790,448868,0.05106707317073167
2023-12-12,13590,13770,13340,13660,51116,-0.00942712110224797
2023-12-13,13700,13720,13280,13350,32698,-0.022693997071742356
2023-12-14,13400,13750,13100,13330,45932,-0.001498127340823996
2023-12-15,13340,13440,13100,13160,35335,-0.01275318829707428
2023-12-18,13170,13240,13020,13070,20389,-0.006838905775075954
2023-12-19,13090,13100,12980,13040,15129,-0.002295332823259333
2023-12-20,13100,13160,13000,13030,19177,-0.0007668711656442229
2023-12-21,13000,13090,12890,12890,18783,-0.010744435917114381
2023-12-22,12980,13020,12840,12860,15725,-0.002327385570209506
2023-12-26,12830,13000,12800,12830,17066,-0.002332814930015581
2023-12-27,12810,12880,12790,12850,12389,0.001558846453624252
2023-12-28,12900,12900,12770,12900,13576,0.0038910505836575737
2024-01-02,12930,13200,12870,13160,24484,0.020155038759689825
2024-01-03,13160,13190,12960,13040,17411,-0.00911854103343468
2024-01-04,13040,13050,12900,12940,15141,-0.0076687116564416735
2024-01-05,13010,13010,12890,12950,8664,0.0007727975270479526
2024-01-08,12950,13670,12950,13450,84421,0.03861003861003853
2024-01-09,13550,13640,13400,13520,40058,0.005204460966542701
2024-01-10,13520,13620,13280,13390,18065,-0.009615384615384581
2024-01-11,13410,13890,13410,13520,53749,0.009708737864077666
2024-01-12,13540,13660,13210,13300,23594,-0.016272189349112454
2024-01-15,13300,13390,13170,13280,14122,-0.0015037593984962294
2024-01-16,13220,13370,13020,13020,24394,-0.01957831325301207
2024-01-17,13050,13100,12640,12650,41156,-0.028417818740399392
2024-01-18,12650,12840,12570,12710,26519,0.004743083003952542
2024-01-19,12690,13400,12690,13060,59702,0.027537372147915073
2024-01-22,13080,13190,12980,13020,17543,-0.003062787136294043
2024-01-23,13070,14100,12950,13550,271431,0.04070660522273428
2024-01-24,13630,13790,13420,13660,73241,0.008118081180811698
2024-01-25,13900,13900,13330,13410,48610,-0.01830161054172763
2024-01-26,13450,13870,13390,13640,29953,0.017151379567486913
2024-01-29,13800,14000,13510,13530,62408,-0.008064516129032251
2024-01-30,13550,13680,13230,13450,44245,-0.00591278640059123
2024-01-31,13470,13540,13040,13050,33823,-0.029739776951672847
2024-02-01,13000,13080,12890,13030,18542,-0.0015325670498084198
2024-02-02,13040,13290,13020,13040,14718,0.0007674597083653367
2024-02-05,13050,13080,12910,12910,15739,-0.009969325153374231
2024-02-06,12900,13000,12770,12810,18156,-0.0077459333849728695
2024-02-07,12810,12910,12780,12830,11494,0.0015612802498048417
2024-02-08,12850,13050,12820,12970,10497,0.010911925175370207
2024-02-13,13200,13200,12990,13020,7724,0.0038550501156515704
2024-02-14,12820,13090,12820,13090,14223,0.005376344086021501
2024-02-15,13050,13430,13050,13330,30774,0.018334606569900602
2024-02-16,13330,13420,13210,13320,16033,-0.0007501875468867159
2024-02-19,13380,13410,13320,13400,13385,0.006006006006006093
2024-02-20,13400,13460,13290,13370,13540,-0.002238805970149249
2024-02-21,13250,13380,13240,13240,9692,-0.00972326103216159
2024-02-22,13360,13450,13170,13450,42364,0.015861027190332333
2024-02-23,14000,14000,13120,13120,79113,-0.024535315985130146
2024-02-26,13120,13250,12940,13110,16180,-0.0007621951219511924
2024-02-27,13100,13110,12850,12850,28009,-0.019832189168573655
2024-02-28,12850,12950,12760,12850,20382,0.0
2024-02-29,12770,12940,12700,12830,17870,-0.0015564202334630295
2024-03-04,12770,12830,12700,12750,20912,-0.00623538581449723
2024-03-05,12710,12800,12620,12790,17899,0.0031372549019608176
2024-03-06,12720,12800,12550,12620,14221,-0.013291634089132143
2024-03-07,12600,12760,12590,12640,13475,0.0015847860538826808
2024-03-08,12620,12740,12600,12660,4995,0.0015822784810126667
2024-03-11,12550,12730,12550,12560,9277,-0.00789889415481837
2024-03-12,12570,12590,12400,12550,24330,-0.0007961783439490722
2024-03-13,12480,12660,12420,12500,13657,-0.003984063745019917
2024-03-14,12520,12570,12440,12570,28487,0.005600000000000049
2024-03-15,12880,12950,12440,12440,29721,-0.010342084327764511
2024-03-18,12440,12550,12430,12520,12868,0.006430868167202508
2024-03-19,12700,12710,12400,12470,14677,-0.003993610223642197
2024-03-20,12470,12640,12400,12640,17539,0.013632718524458687
2024-03-21,12590,12650,12520,12550,8224,-0.007120253164557
2024-03-22,12540,12600,12400,12490,11151,-0.004780876494023922
2024-03-25,12400,12530,12390,12420,25339,-0.005604483586869491
2024-03-26,12410,16140,12410,16140,6117701,0.2995169082125604
2024-03-27,17210,17360,14870,14870,4333168,-0.0786864931846345
2024-03-28,14610,15240,14210,14430,1471501,-0.029589778076664408
2024-03-29,14120,14200,13570,13570,430315,-0.05959805959805964
2024-04-01,13410,13810,13410,13750,272887,0.013264554163596065
2024-04-02,13710,13750,13330,13420,149516,-0.02400000000000002
2024-04-03,13420,13530,13200,13250,103465,-0.01266766020864385
2024-04-04,13250,13390,13210,13320,69355,0.005283018867924483
2024-04-05,13220,13220,12810,12970,125018,-0.026276276276276267
2024-04-08,13320,14230,12900,12900,869880,-0.005397070161912154
2024-04-09,12770,13940,12640,13100,542082,0.015503875968992276
2024-04-11,13070,14100,13050,13570,428394,0.03587786259541992
2024-04-12,13600,13800,13410,13690,142853,0.008843036109064117
2024-04-15,13500,13740,12510,13520,147604,-0.01241782322863405
2024-04-16,13560,13850,12700,13050,181086,-0.034763313609467494
2024-04-17,13000,13310,12940,13000,35539,-0.003831417624521105
2024-04-18,13000,13700,13000,13560,69207,0.04307692307692301
2024-04-19,13410,13560,13080,13300,48640,-0.019174041297935096
2024-04-22,13950,13950,13240,13330,135684,0.0022556390977443996
2024-04-23,13350,13540,13120,13120,49743,-0.015753938484621144
2024-04-24,13190,13500,13190,13430,41007,0.023628048780487854
2024-04-25,13370,13470,13290,13400,24578,-0.0022338049143708627
2024-04-26,13360,13470,13150,13190,33062,-0.015671641791044744
2024-04-29,13150,13420,13150,13390,21596,0.015163002274450443
2024-04-30,13250,13580,13250,13360,41749,-0.0022404779686333587
2024-05-02,13310,13500,13180,13300,24221,-0.004491017964071808
2024-05-03,13510,13590,13360,13550,38701,0.018796992481203034
2024-05-07,13560,13650,13410,13470,36761,-0.005904059040590437
2024-05-08,13480,13710,13300,13430,52152,-0.0029695619896065173
2024-05-09,13370,13530,13270,13360,29687,-0.005212211466865235
2024-05-10,13380,13460,13250,13370,43137,0.0007485029940119681
2024-05-13,13610,13810,13250,13300,85360,-0.005235602094240788
2024-05-14,13210,13500,13210,13470,37449,0.012781954887218117
2024-05-16,13510,13560,13270,13310,27187,-0.01187824795842618
2024-05-17,13290,13310,13080,13150,29201,-0.012021036814425234
2024-05-20,13090,13180,13070,13110,25310,-0.003041825095057016
2024-05-21,13100,13180,13060,13060,22561,-0.0038138825324179892
2024-05-22,13030,13060,12600,12660,69026,-0.030627871362940318
2024-05-23,12660,12760,12570,12750,38896,0.007109004739336511
2024-05-24,12470,12690,12470,12600,39369,-0.0117647058823529
2024-05-27,12610,12670,12410,12490,34037,-0.0087301587301587
2024-05-28,12430,12750,12340,12460,29025,-0.0024019215372297342
2024-05-29,12460,12580,12250,12260,32391,-0.0160513643659711
2024-05-30,12260,12330,12110,12130,22839,-0.010603588907014627
2024-05-31,12130,12210,12070,12090,25562,-0.0032976092333057982
2024-06-03,12070,12350,12070,12350,33439,0.021505376344086002
2024-06-04,12550,12700,12170,12170,58061,-0.014574898785425061
2024-06-05,12180,12300,12120,12160,15480,-0.0008216926869351049
2024-06-07,12170,12220,12150,12160,20181,0.0
2024-06-10,12120,12210,12050,12090,18715,-0.005756578947368474
2024-06-11,12100,12220,12090,12130,13378,0.003308519437551727
2024-06-12,12190,12300,12130,12130,10293,0.0
2024-06-13,12130,12260,12130,12130,15807,0.0
2024-06-14,12130,12180,12040,12110,16967,-0.0016488046166529546
2024-06-17,12010,12200,11920,11950,33273,-0.013212221304706895
2024-06-18,11880,12070,11680,11760,36826,-0.01589958158995819
2024-06-19,11770,11900,11620,11630,26100,-0.011054421768707523
2024-06-20,11600,11740,11600,11740,20350,0.009458297506448776
2024-06-21,11680,11800,11390,11420,42323,-0.027257240204429323
2024-06-24,11340,11440,11000,11310,56458,-0.009632224168126147
2024-06-25,11310,11390,11060,11250,48447,-0.0053050397877983935
2024-06-26,11480,11520,11220,11220,44676,-0.002666666666666706
2024-06-27,11140,11220,11020,11060,15210,-0.014260249554367221
2024-06-28,11060,11230,11020,11020,12083,-0.003616636528028905
2024-07-01,11020,11150,10870,11030,10524,0.0009074410163338875
2024-07-02,11000,11070,10810,10850,23749,-0.016319129646418906
2024-07-03,10870,10950,10700,10700,20850,-0.01382488479262678
2024-07-04,10730,10730,10510,10630,30286,-0.0065420560747663226
2024-07-05,10630,10750,10530,10550,13243,-0.007525870178739402
2024-07-08,10550,11200,10550,10900,52442,0.033175355450236976
2024-07-09,10800,10920,10760,10830,10670,-0.006422018348623881
2024-07-10,10810,11030,10810,11000,14245,0.015697137580794163
2024-07-11,11040,11180,10950,11030,11104,0.0027272727272726893
2024-07-12,11060,11160,10980,11040,10471,0.0009066183136898776
2024-07-15,11070,11160,10910,11030,14105,-0.0009057971014492239
2024-07-16,10800,11080,10700,10950,14414,-0.0072529465095194645
2024-07-17,11020,11020,10720,10790,12880,-0.014611872146118698
2024-07-18,10500,10770,10460,10660,25289,-0.012048192771084376
2024-07-19,10890,10900,10580,10650,17117,-0.0009380863039399889
2024-07-22,10920,12010,10710,10820,356899,0.015962441314554043
2024-07-23,10810,10930,10590,10660,43098,-0.014787430683918634
2024-07-24,10530,10840,10460,10510,38018,-0.01407129455909939
2024-07-25,10480,10580,10100,10520,33629,0.0009514747859182826
2024-07-26,10520,10600,10450,10520,9334,0.0
2024-07-29,10520,10630,10500,10610,12290,0.008555133079847899
2024-07-30,10600,10630,10380,10390,19095,-0.020735155513666337
2024-07-31,10390,10470,10240,10440,9299,0.004812319538017418
2024-08-01,10350,11710,10350,10790,214200,0.03352490421455934
2024-08-02,10790,10790,10350,10410,41279,-0.03521779425393878
2024-08-05,10320,10410,8600,9020,96194,-0.13352545629202694
2024-08-06,8260,9590,8260,9450,92436,0.047671840354767125
2024-08-07,9450,10000,9330,9870,36861,0.04444444444444451
2024-08-08,9800,9920,9660,9770,17736,-0.010131712259371817
2024-08-09,9760,9990,9750,9950,19435,0.0184237461617196
2024-08-12,9990,10230,9990,10220,17046,0.02713567839195985
2024-08-13,10080,10200,9980,10050,19340,-0.016634050880626194
2024-08-14,10190,10190,10040,10130,16639,0.007960199004975133
2024-08-16,10140,10210,10030,10040,16663,-0.008884501480750262
2024-08-19,9950,10130,9850,10010,16332,-0.0029880478087649376
2024-08-20,9960,10100,9910,10050,9654,0.003996003996004083
2024-08-21,10050,10050,9880,9970,8482,-0.007960199004975133
2024-08-22,9910,10020,9720,9720,20533,-0.025075225677031132
2024-08-23,9700,9800,9620,9740,8623,0.002057613168724215
2024-08-26,9740,9740,9200,9670,12253,-0.007186858316221789
2024-08-27,9580,11430,9580,10790,1493583,0.11582213029989652
2024-08-28,11020,11660,10620,10850,465580,0.005560704355885182
2024-08-29,10850,11160,10570,10670,157890,-0.01658986175115207
2024-08-30,11600,12000,10730,10830,290543,0.014995313964386137
2024-09-02,10840,11890,10840,11180,405814,0.03231763619575245
2024-09-03,11100,11100,10600,10650,54119,-0.04740608228980325
2024-09-04,10280,10650,10110,10340,37261,-0.029107981220657275
2024-09-05,10760,11280,10330,10420,167860,0.007736943907156624
2024-09-06,10420,10640,9930,9940,43828,-0.04606525911708248
2024-09-09,9700,10200,9700,10180,25428,0.024144869215291687
2024-09-10,10100,10270,9910,9980,18650,-0.01964636542239684
2024-09-11,9950,10100,9910,9960,10122,-0.002004008016032066
2024-09-12,9990,10250,9960,10240,14907,0.028112449799196693
2024-09-13,10350,10700,10090,10090,20260,-0.0146484375
2024-09-19,10050,10580,9800,10410,89524,0.031714568880079286
2024-09-20,10410,10450,10150,10280,91031,-0.012487992315081686
2024-09-23,10350,10500,10080,10120,32467,-0.015564202334630295
2024-09-24,10310,10640,10200,10430,48657,0.03063241106719361
2024-09-25,10330,10790,10330,10440,55258,0.0009587727708533222
2024-09-26,10440,10560,10370,10540,16202,0.009578544061302763
2024-09-27,10580,10580,10420,10500,18562,-0.003795066413662229
2024-09-30,10450,10510,10160,10160,19483,-0.0323809523809524
2024-10-02,10040,10130,9930,9950,14053,-0.02066929133858264
2024-10-04,9920,10010,9920,9920,10396,-0.0030150753768843908
2024-10-07,9930,10010,9820,9930,10184,0.0010080645161290036
2024-10-08,9870,9970,9850,9860,13453,-0.007049345417925457
2024-10-10,9990,9990,9580,9650,27797,-0.02129817444219062
2024-10-11,9550,9660,9540,9570,25325,-0.00829015544041456
2024-10-14,0,0,0,9570,0,0.0
2024-10-15,0,0,0,9570,0,0.0
2024-10-16,0,0,0,9570,0,0.0
2024-10-17,0,0,0,9570,0,0.0
2024-10-18,0,0,0,9570,0,0.0
2024-10-21,0,0,0,9570,0,0.0
2024-10-22,0,0,0,9570,0,0.0
2024-10-23,0,0,0,9570,0,0.0
2024-10-24,0,0,0,9570,0,0.0
2024-10-25,0,0,0,9570,0,0.0
2024-10-28,0,0,0,9570,0,0.0
2024-10-29,0,0,0,9570,0,0.0
2024-10-30,0,0,0,9570,0,0.0
2024-10-31,0,0,0,9570,0,0.0
2024-11-01,9280,9470,8920,8920,46193,-0.06792058516196442
2024-11-04,8880,8900,8200,8200,75050,-0.08071748878923768
2024-11-05,8310,8650,8310,8450,22858,0.030487804878048808
2024-11-06,8450,8500,8210,8290,19043,-0.018934911242603603
2024-11-07,8290,8440,8090,8270,11139,-0.0024125452352231624
2024-11-08,8300,8490,8240,8380,13730,0.01330108827085863
2024-11-11,8380,8480,7970,8010,15724,-0.04415274463007157
2024-11-12,8010,8010,7400,7450,59245,-0.06991260923845188
2024-11-13,7310,7430,7070,7130,27903,-0.04295302013422819
2024-11-14,7130,7480,7130,7290,21359,0.02244039270687237
2024-11-15,7450,7480,7120,7480,17190,0.026063100137174278
2024-11-18,7470,7730,7310,7730,15792,0.03342245989304815
2024-11-19,7680,7850,7600,7770,7073,0.005174644243208348
2024-11-20,7770,7850,7640,7770,9613,0.0
2024-11-21,7810,7810,7580,7580,5067,-0.02445302445302444
2024-11-22,7580,7690,7550,7620,10500,0.005277044854881341
2024-11-25,7620,8060,7610,8000,24281,0.04986876640419946
2024-11-26,7980,8090,7950,8090,7234,0.011249999999999982
2024-11-27,8020,8280,8020,8200,17731,0.013597033374536549
2024-11-28,8600,8600,8200,8280,26735,0.009756097560975618
2024-11-29,8210,8270,7980,8140,7833,-0.016908212560386437
2024-12-02,8150,8220,7780,7780,11402,-0.04422604422604426
2024-12-03,7630,7860,7630,7740,13736,-0.005141388174807249
2024-12-04,7610,7730,7250,7660,12867,-0.01033591731266148
2024-12-05,7530,7660,7410,7470,16237,-0.024804177545691863
2024-12-06,7400,7490,6920,7130,24910,-0.045515394912985285
2024-12-09,6800,7040,6600,6630,29849,-0.07012622720897621
2024-12-10,6510,7180,6510,7150,16708,0.07843137254901955
2024-12-11,7150,7680,7150,7630,28699,0.06713286713286704
2024-12-12,7640,7730,7530,7580,16711,-0.006553079947575369
2024-12-13,7580,7860,7510,7850,19283,0.03562005277044844
2024-12-16,7930,8220,7820,8150,11517,0.03821656050955413
2024-12-17,8160,8200,8000,8120,8000,-0.0036809815950920033
2024-12-18,8080,8080,7980,8020,6407,-0.012315270935960632
2024-12-19,8020,8040,7910,8000,7730,-0.0024937655860348684
2024-12-20,8000,8020,7680,7750,8304,-0.03125
2024-12-23,7680,7980,7680,7970,7498,0.028387096774193488
2024-12-24,7900,8020,7900,7950,9063,-0.0025094102885822034
2024-12-26,7910,8030,7750,7850,9970,-0.012578616352201255
2024-12-27,7680,7860,7610,7730,7482,-0.015286624203821653
2024-12-30,7620,7850,7530,7840,3400,0.014230271668822736
2025-01-02,7810,7900,7790,7840,4802,0.0
2025-01-03,7830,7990,7810,7960,7757,0.015306122448979664
2025-01-06,8010,8320,7960,8260,31266,0.03768844221105527
2025-01-07,8240,8300,8090,8240,11061,-0.002421307506053294
2025-01-08,8210,8370,8120,8300,12862,0.00728155339805836
2025-01-09,8360,8360,8050,8130,6660,-0.02048192771084334
2025-01-10,8140,8240,8050,8130,3212,0.0
2025-01-13,8040,8110,7940,8110,11137,-0.002460024600245969
2025-01-14,8100,8110,8010,8100,2196,-0.0012330456226880004
2025-01-15,8100,8280,7900,8130,6708,0.0037037037037037646
2025-01-16,8250,10240,8020,9200,854872,0.13161131611316113
2025-01-17,9950,10040,9200,9340,366915,0.01521739130434785
2025-01-20,9010,9180,8900,9000,43003,-0.036402569593147804
2025-01-21,9120,9370,8680,8890,57231,-0.012222222222222245
2025-01-22,8800,8800,8610,8640,19436,-0.028121484814398245
2025-01-23,8610,8740,8350,8350,15177,-0.03356481481481477
2025-01-24,8300,9900,8280,9100,98605,0.08982035928143706
2025-01-31,9100,9550,8790,9200,73956,0.01098901098901095
2025-02-03,8920,9110,8250,8760,33947,-0.047826086956521685
2025-02-04,8680,9170,8680,8890,29437,0.014840182648401923
2025-02-05,8800,9180,8800,9160,18951,0.030371203599550034
2025-02-06,9300,9530,9200,9230,38244,0.007641921397379958
2025-02-07,9230,9400,9040,9120,20042,-0.011917659804983716
2025-02-10,9160,9360,9010,9320,24061,0.021929824561403466
2025-02-11,9360,9690,9180,9270,46621,-0.005364806866952843
