Date,Open,High,Low,Close,Volume,Change
2022-01-03,79400,79800,78200,78600,13502112,0.003831417624521105
2022-01-04,78800,79200,78300,78700,12427416,0.0012722646310432406
2022-01-05,78800,79000,76400,77400,25470640,-0.016518424396442133
2022-01-06,76700,77600,76600,76900,12931954,-0.006459948320413411
2022-01-07,78100,78400,77400,78300,15163757,0.01820546163849146
2022-01-10,78100,78100,77100,78000,9947422,-0.003831417624521105
2022-01-11,78400,79000,78000,78900,13221123,0.011538461538461497
2022-01-12,79500,79600,78600,78900,11000502,0.0
2022-01-13,79300,79300,77900,77900,13889401,-0.012674271229404344
2022-01-14,77700,78100,77100,77300,10096725,-0.007702182284980763
2022-01-17,77600,77800,76900,77500,8785122,0.002587322121604174
2022-01-18,77600,77800,76600,77000,9592788,-0.006451612903225823
2022-01-19,76500,76900,76100,76300,10598290,-0.009090909090909038
2022-01-20,76200,76700,75900,76500,9708168,0.002621231979030192
2022-01-21,75800,75800,74700,75600,15774888,-0.0117647058823529
2022-01-24,75400,75800,74700,75100,13691134,-0.006613756613756627
2022-01-25,74800,75000,73200,74000,17766704,-0.01464713715046606
2022-01-26,73900,74400,73100,73300,12976730,-0.009459459459459474
2022-01-27,73800,74000,71300,71300,22274777,-0.027285129604365577
2022-01-28,71300,73700,71200,73300,21367447,0.028050490883590573
2022-02-03,74900,74900,73300,73300,17744721,0.0
2022-02-04,74300,74600,73400,74000,12730034,0.009549795361528002
2022-02-07,73500,73600,72400,73000,14240838,-0.013513513513513487
2022-02-08,73800,74200,73000,73500,11736666,0.006849315068493178
2022-02-09,74300,74700,74000,74700,9699122,0.01632653061224487
2022-02-10,75600,75800,74700,75400,17746033,0.009370816599732157
2022-02-11,75000,75500,74600,74900,12205407,-0.006631299734747964
2022-02-14,74400,74500,73100,73700,13993255,-0.01602136181575431
2022-02-15,74100,74200,73100,73700,9320365,0.0
2022-02-16,74600,74900,74200,74800,10767386,0.014925373134328401
2022-02-17,75000,75600,74500,75000,13605382,0.002673796791443861
2022-02-18,74600,74800,73700,74300,10122226,-0.009333333333333305
2022-02-21,73200,74300,72600,74200,10489717,-0.0013458950201884479
2022-02-22,73000,73400,72800,73400,11692469,-0.010781671159029615
2022-02-23,73800,73800,72800,73000,10397964,-0.00544959128065392
2022-02-24,72300,72300,71300,71500,15759283,-0.020547945205479423
2022-02-25,72100,72600,71900,71900,13168484,0.005594405594405494
2022-02-28,71100,72100,71000,72100,17781783,0.0027816411682892728
2022-03-02,72300,72400,71500,71700,12481430,-0.00554785020804438
2022-03-03,72300,73100,72200,72900,13232638,0.01673640167364021
2022-03-04,72700,72700,71200,71500,13409634,-0.019204389574759895
2022-03-07,70000,70600,69900,70100,18617138,-0.01958041958041956
2022-03-08,68800,70000,68700,69500,15828269,-0.008559201141226769
2022-03-10,70800,71200,70500,71200,21159248,0.02446043165467615
2022-03-11,70500,70700,69700,70000,15787655,-0.016853932584269704
2022-03-14,70000,70200,69600,70200,9040993,0.0028571428571428914
2022-03-15,69800,70100,69500,69500,10258562,-0.009971509971509973
2022-03-16,70200,70500,69700,70400,10175750,0.012949640287769792
2022-03-17,71200,71800,70900,71200,17646315,0.011363636363636465
2022-03-18,70600,70900,70200,70700,14410038,-0.0070224719101124045
2022-03-21,70900,71000,69900,69900,11169002,-0.011315417256011262
2022-03-22,69900,70500,69900,70300,9402666,0.005722460658083017
2022-03-23,70600,71200,70300,70500,12398025,0.002844950213371167
2022-03-24,69600,70300,69600,69800,37943357,-0.009929078014184411
2022-03-25,70100,70200,69600,69800,12986010,0.0
2022-03-28,69500,69900,69200,69700,12619289,-0.0014326647564469885
2022-03-29,70000,70300,69800,70200,13686208,0.007173601147776099
2022-03-30,70300,70500,69800,69900,12670187,-0.004273504273504258
2022-03-31,69900,70200,69600,69600,12510366,-0.0042918454935622075
2022-04-01,69500,69500,69000,69100,15916846,-0.007183908045977017
2022-04-04,68900,69300,68600,69300,11107905,0.0028943560057888007
2022-04-05,69400,69600,69100,69200,8467248,-0.0014430014430014682
2022-04-06,68600,68800,68500,68500,15517308,-0.010115606936416222
2022-04-07,68500,68500,68000,68000,20683327,-0.007299270072992692
2022-04-08,68100,68300,67700,67800,15453191,-0.002941176470588225
2022-04-11,67800,68100,67400,67900,12263735,0.001474926253687281
2022-04-12,67600,67700,67000,67000,13924389,-0.013254786450662692
2022-04-13,67300,69000,67200,68700,17378619,0.025373134328358304
2022-04-14,68700,68700,67500,67500,16409494,-0.017467248908296984
2022-04-15,67200,67300,66500,66600,13176415,-0.013333333333333308
2022-04-18,66500,67100,66100,66700,10119203,0.0015015015015014122
2022-04-19,67100,68000,67000,67300,12959434,0.008995502248875464
2022-04-20,67000,67400,66500,67400,16693293,0.0014858841010401136
2022-04-21,67600,68300,67500,67700,12847448,0.004451038575667754
2022-04-22,67200,67300,66700,67000,11791478,-0.010339734121122546
2022-04-25,66500,66700,66300,66300,11016474,-0.010447761194029903
2022-04-26,66400,66700,66100,66100,12946923,-0.003016591251885359
2022-04-27,65400,65500,64900,65000,18122084,-0.016641452344931973
2022-04-28,65400,65500,64500,64800,16895527,-0.003076923076923088
2022-04-29,65100,67600,65000,67400,26190390,0.04012345679012341
2022-05-02,66600,67600,66500,67300,14106184,-0.0014836795252225476
2022-05-03,67400,68400,67300,67500,14168875,0.002971768202080227
2022-05-04,68000,68400,67500,67900,11505248,0.00592592592592589
2022-05-06,67000,67100,66500,66500,14356156,-0.020618556701030966
2022-05-09,66300,66900,66100,66100,11858736,-0.006015037593984918
2022-05-10,65900,66300,65300,65700,17235605,-0.006051437216338829
2022-05-11,65500,66300,65200,65700,12330920,0.0
2022-05-12,65200,65500,64900,64900,16414188,-0.0121765601217656
2022-05-13,65300,66700,65200,66500,14551536,0.024653312788905923
2022-05-16,67100,67400,66100,66300,11937555,-0.003007518796992459
2022-05-17,66600,67900,66600,67600,15680447,0.019607843137254832
2022-05-18,68300,68700,67600,68100,16486319,0.007396449704142105
2022-05-19,66500,67600,66500,67500,17073727,-0.008810572687224627
2022-05-20,67800,68400,67700,68000,12109671,0.007407407407407307
2022-05-23,68800,68800,67600,67900,13684088,-0.0014705882352941124
2022-05-24,67500,67700,66500,66500,15482576,-0.020618556701030966
2022-05-25,66700,67100,65900,66400,15150490,-0.0015037593984962294
2022-05-26,66300,67200,65500,65900,15970890,-0.0075301204819276935
2022-05-27,66700,66900,66200,66500,11405555,0.009104704097116834
2022-05-30,67500,67800,66900,67700,14255484,0.018045112781954975
2022-05-31,67500,67500,66700,67400,24365002,-0.004431314623338234
2022-06-02,66600,67000,66400,66700,14959443,-0.010385756676557834
2022-06-03,67200,67300,66800,66800,8222883,0.0014992503748125774
2022-06-07,66200,66400,65400,65500,19355755,-0.019461077844311392
2022-06-08,65400,65700,65300,65300,12483180,-0.003053435114503844
2022-06-09,65100,65200,64500,65200,25790725,-0.0015313935681470214
2022-06-10,64000,64400,63800,63800,22193552,-0.021472392638036797
2022-06-13,62400,62800,62100,62100,22157816,-0.026645768025078342
2022-06-14,61200,62200,61100,61900,24606419,-0.0032206119162641045
2022-06-15,61300,61500,60200,60700,26811224,-0.01938610662358642
2022-06-16,61300,61800,60500,60900,23394895,0.0032948929159801743
2022-06-17,59400,59900,59400,59800,29053450,-0.01806239737274218
2022-06-20,59800,59900,58100,58700,34111306,-0.018394648829431426
2022-06-21,58700,59200,58200,58500,25148109,-0.0034071550255536653
2022-06-22,59000,59100,57600,57600,23334687,-0.01538461538461533
2022-06-23,57700,58000,56800,57400,28338608,-0.00347222222222221
2022-06-24,57900,59100,57700,58400,23256103,0.017421602787456525
2022-06-27,59000,59900,58300,58800,18122236,0.006849315068493178
2022-06-28,59200,59500,58700,59400,13540538,0.010204081632652962
2022-06-29,58500,58800,58000,58000,14677138,-0.023569023569023573
2022-06-30,57200,57600,57000,57000,18915142,-0.017241379310344862
2022-07-01,56900,57500,55900,56200,24982097,-0.01403508771929829
2022-07-04,56100,57400,55700,57100,17807126,0.016014234875444844
2022-07-05,57600,58200,57200,57200,14216539,0.0017513134851139256
2022-07-06,57300,57300,56400,56400,16820461,-0.013986013986013957
2022-07-07,56400,58700,56300,58200,21322833,0.03191489361702127
2022-07-08,58600,59300,58200,58700,15339271,0.00859106529209619
2022-07-11,59300,59600,58700,58800,13042624,0.0017035775127767216
2022-07-12,58600,58700,58100,58100,9336061,-0.011904761904761862
2022-07-13,58300,58600,58000,58000,10841315,-0.0017211703958691649
2022-07-14,57500,58200,57400,57500,15067012,-0.008620689655172376
2022-07-15,58400,60000,58100,60000,18685583,0.04347826086956519
2022-07-18,60600,62000,60500,61900,20832517,0.03166666666666673
2022-07-19,61400,61500,60200,60900,15248261,-0.016155088852988664
2022-07-20,61800,62100,60500,60500,16782238,-0.006568144499178974
2022-07-21,61100,61900,60700,61800,12291374,0.02148760330578514
2022-07-22,61800,62200,61200,61300,10261310,-0.008090614886731351
2022-07-25,60900,61900,60800,61100,9193681,-0.0032626427406199365
2022-07-26,60800,61900,60800,61700,6597211,0.009819967266775809
2022-07-27,61300,61900,61200,61800,7320997,0.0016207455429497752
2022-07-28,62300,62600,61600,61900,10745302,0.0016181229773462036
2022-07-29,62400,62600,61300,61400,15093120,-0.008077544426494332
2022-08-01,61000,61700,60300,61300,13154816,-0.0016286644951140072
2022-08-02,61200,61900,61000,61700,13614895,0.006525285481239873
2022-08-03,61600,61600,61000,61300,10053861,-0.00648298217179899
2022-08-04,61700,61800,61200,61500,9125439,0.0032626427406199365
2022-08-05,61700,61900,61200,61500,9567620,0.0
2022-08-08,61400,61400,60600,60800,11313150,-0.011382113821138184
2022-08-09,60600,60700,59600,60000,18251170,-0.013157894736842146
2022-08-10,58900,59200,58600,59100,18084349,-0.015000000000000013
2022-08-11,59600,60000,59300,59900,15141941,0.013536379018612488
2022-08-12,59500,60700,59400,60200,10786658,0.005008347245408995
2022-08-16,60500,61600,60300,61000,15036727,0.013289036544850585
2022-08-17,61100,61200,60300,60400,9061518,-0.00983606557377048
2022-08-18,60300,61900,60000,61500,16372754,0.01821192052980125
2022-08-19,61400,61600,60600,60900,6923679,-0.009756097560975618
2022-08-22,60300,60400,59800,60000,8259865,-0.014778325123152691
2022-08-23,59000,59600,59000,59100,9041629,-0.015000000000000013
2022-08-24,59200,59500,59000,59000,8888486,-0.0016920473773265332
2022-08-25,59200,59700,59000,59700,5767902,0.011864406779660941
2022-08-26,60300,60900,59900,60000,9499995,0.005025125628140614
2022-08-29,58700,58900,58600,58600,9841329,-0.023333333333333317
2022-08-30,58700,59000,58300,58800,9690044,0.0034129692832765013
2022-08-31,58200,59900,58200,59700,14203512,0.015306122448979664
2022-09-01,58700,58900,58300,58400,14905777,-0.021775544388609736
2022-09-02,58300,58600,57500,57500,15040310,-0.015410958904109595
2022-09-05,57400,57800,56800,57100,11425977,-0.006956521739130417
2022-09-06,57200,57600,56900,57100,7503086,0.0
2022-09-07,56700,56700,55900,56000,17384854,-0.019264448336252182
2022-09-08,56200,56400,55600,55600,18000016,-0.0071428571428571175
2022-09-13,57000,58500,56800,58100,17166581,0.04496402877697836
2022-09-14,56200,57200,56100,56800,12524961,-0.022375215146299476
2022-09-15,57000,57100,56000,56000,11664819,-0.014084507042253502
2022-09-16,55600,56400,55500,56200,13456503,0.0035714285714285587
2022-09-19,56300,57000,56000,56400,12278653,0.003558718861210064
2022-09-20,56400,57000,55800,55800,14041465,-0.010638297872340385
2022-09-21,55400,55500,55000,55300,11863700,-0.008960573476702538
2022-09-22,54600,54700,54300,54400,12786510,-0.016274864376130238
2022-09-23,54400,54900,54200,54500,10555964,0.0018382352941177516
2022-09-26,53700,54200,53600,53900,15008449,-0.011009174311926606
2022-09-27,53800,54200,53500,54200,16631289,0.005565862708719838
2022-09-28,53900,54400,52500,52900,19991129,-0.023985239852398532
2022-09-29,53300,53700,52600,52600,13882080,-0.005671077504725952
2022-09-30,52300,53600,51800,53100,22503249,0.009505703422053147
2022-10-04,55300,55400,54500,55200,19148435,0.039548022598870025
2022-10-05,56900,57200,55400,56000,22458970,0.01449275362318847
2022-10-06,56700,57300,56300,56300,14944446,0.005357142857142838
2022-10-07,55900,56900,55200,56200,16886813,-0.001776198934280604
2022-10-11,54400,55700,54000,55400,21437877,-0.014234875444839812
2022-10-12,55700,57000,55200,55800,18408910,0.0072202166064982976
2022-10-13,55400,56100,55200,55200,13784602,-0.010752688172043001
2022-10-14,56200,56500,55800,56300,12924326,0.019927536231884035
2022-10-17,55800,57000,55700,56600,13641878,0.005328596802841812
2022-10-18,56700,57100,55800,56500,14820702,-0.0017667844522968323
2022-10-19,56700,56900,55700,55800,12660652,-0.012389380530973493
2022-10-20,55200,56000,55100,55500,17107653,-0.005376344086021501
2022-10-21,55100,56300,55100,55900,11456060,0.007207207207207134
2022-10-24,57000,57500,56700,57500,16944503,0.028622540250447193
2022-10-25,57000,58600,57000,57700,17405678,0.003478260869565153
2022-10-26,58000,59600,57700,59400,20824967,0.029462738301559765
2022-10-27,59700,60100,58900,59500,21756712,0.0016835016835017313
2022-10-28,58900,59200,57200,57300,20924937,-0.036974789915966366
2022-10-31,58100,59900,58000,59400,18999514,0.03664921465968596
2022-11-01,59900,60300,59500,60000,17201647,0.010101010101010166
2022-11-02,59700,60000,59300,59600,13202919,-0.00666666666666671
2022-11-03,58600,59800,58100,59200,17492162,-0.006711409395973145
2022-11-04,59100,59500,58400,59400,12445841,0.0033783783783782884
2022-11-07,59700,60300,59400,60200,12437246,0.013468013468013407
2022-11-08,60500,61900,60500,61800,18273898,0.02657807308970095
2022-11-09,62000,62200,61300,62000,14045592,0.003236245954692629
2022-11-10,61400,61500,60400,60400,21087633,-0.02580645161290318
2022-11-11,63100,63200,62300,62900,20037163,0.041390728476821126
2022-11-14,62900,62900,61700,61900,15973416,-0.015898251192368873
2022-11-15,62200,62500,61600,62400,12310986,0.008077544426494443
2022-11-16,62400,62700,61700,62700,12909260,0.004807692307692291
2022-11-17,62000,62000,61300,61400,13298296,-0.020733652312599715
2022-11-18,61800,62400,61400,61800,12236503,0.006514657980456029
2022-11-21,61400,61800,60800,61400,9378097,-0.006472491909385147
2022-11-22,60900,61200,60300,60600,9411289,-0.013029315960912058
2022-11-23,61200,61300,60700,61000,8765050,0.0066006600660066805
2022-11-24,61200,61700,60900,61400,8125010,0.006557377049180246
2022-11-25,61400,61700,60800,61000,6677933,-0.006514657980456029
2022-11-28,60500,60500,59800,60100,8589032,-0.014754098360655776
2022-11-29,59900,60600,59800,60600,7014160,0.008319467554076532
2022-11-30,60400,62200,60200,62200,19768903,0.0264026402640265
2022-12-01,63100,63200,62300,62600,16631445,0.006430868167202508
2022-12-02,62500,62500,60400,60400,15331184,-0.03514376996805113
2022-12-05,60900,61100,60000,60300,13767787,-0.0016556291390728006
2022-12-06,59800,60100,59200,59200,13888300,-0.018242122719734688
2022-12-07,58800,59600,58500,58900,12100662,-0.0050675675675675436
2022-12-08,58700,59200,58600,59200,12986815,0.005093378607809784
2022-12-09,59300,60600,59300,60400,10529632,0.020270270270270174
2022-12-12,59900,60000,59400,59500,9036472,-0.01490066225165565
2022-12-13,59600,60300,59400,59700,9040873,0.003361344537815114
2022-12-14,59800,60600,59800,60500,8207485,0.01340033500837512
2022-12-15,59800,60200,59300,59300,8716039,-0.01983471074380161
2022-12-16,58300,59500,58300,59500,13033596,0.003372681281618828
2022-12-19,59500,59900,59100,59500,7696187,0.0
2022-12-20,59000,59100,58500,58600,9284761,-0.015126050420168013
2022-12-21,58700,59100,58000,58000,10356971,-0.010238907849829393
2022-12-22,58100,59100,58100,59100,10720630,0.018965517241379404
2022-12-23,58200,58400,57700,58100,9829407,-0.016920473773265665
2022-12-26,58000,58100,57700,57900,6756411,-0.0034423407917383297
2022-12-27,58000,58400,57900,58100,10667027,0.003454231433505983
2022-12-28,57600,57600,56400,56600,14665410,-0.025817555938037917
2022-12-29,56000,56200,55300,55300,11295935,-0.02296819787985871
2023-01-02,55500,56100,55200,55500,10031448,0.003616636528029016
2023-01-03,55400,56000,54500,55400,13547030,-0.0018018018018017834
2023-01-04,55700,58000,55600,57800,20188071,0.04332129963898912
2023-01-05,58200,58800,57600,58200,15682826,0.006920415224913601
2023-01-06,58300,59400,57900,59000,17334989,0.013745704467353903
2023-01-09,59700,60700,59600,60700,18640107,0.028813559322034
2023-01-10,60200,61100,59900,60400,14859797,-0.0049423393739703725
2023-01-11,61000,61200,60300,60500,12310751,0.0016556291390728006
2023-01-12,61100,61200,59900,60500,16102561,0.0
2023-01-13,60500,61200,60400,60800,12510328,0.0049586776859504855
2023-01-16,61300,61600,60800,61100,10039972,0.004934210526315708
2023-01-17,61200,61500,60600,61000,9831456,-0.0016366612111292644
2023-01-18,60700,61000,59900,60400,11584041,-0.00983606557377048
2023-01-19,60500,61500,60400,61500,12808490,0.01821192052980125
2023-01-20,62100,62300,61100,61800,9646327,0.004878048780487809
2023-01-25,63500,63700,63000,63400,16822710,0.025889967637540368
2023-01-26,63800,63900,63300,63900,13278277,0.007886435331230235
2023-01-27,64400,65000,63900,64600,18760182,0.010954616588419341
2023-01-30,64900,64900,63100,63300,20995234,-0.020123839009287936
2023-01-31,63500,63700,61000,61000,29746731,-0.0363349131121643
2023-02-01,62600,62700,61000,61800,18570133,0.013114754098360715
2023-02-02,63200,63900,62600,63500,23285983,0.027508090614886793
2023-02-03,63900,64000,63000,63800,15194598,0.0047244094488188
2023-02-06,62800,63000,61600,61600,15529356,-0.03448275862068961
2023-02-07,61900,62500,61600,61900,14491039,0.004870129870129913
2023-02-08,62800,63300,62400,63100,12243125,0.01938610662358653
2023-02-09,63000,63300,62300,63000,12164865,-0.0015847860538826808
2023-02-10,62600,63000,62400,62800,9382576,-0.0031746031746031633
2023-02-13,62900,63000,62300,62900,10730362,0.0015923566878981443
2023-02-14,63600,63900,63200,63200,9126664,0.004769475357710551
2023-02-15,63900,63900,62000,62200,13208103,-0.015822784810126556
2023-02-16,62500,63700,62400,63700,13798831,0.02411575562700974
2023-02-17,62900,63300,62400,62600,10791265,-0.017268445839874413
2023-02-20,62900,63000,61800,62700,12908073,0.0015974440894568342
2023-02-21,62700,62800,62000,62100,7665046,-0.009569377990430672
2023-02-22,61500,61800,61000,61100,11959088,-0.01610305958132041
2023-02-23,61700,62500,61500,62000,13047099,0.014729950900163713
2023-02-24,62300,62600,61300,61300,10308143,-0.011290322580645107
2023-02-27,60800,60800,60200,60500,11155697,-0.013050570962479635
2023-02-28,60800,61400,60500,60600,13715861,0.0016528925619834212
2023-03-02,60900,61800,60500,60800,13095682,0.0033003300330032292
2023-03-03,61000,61200,60500,60500,10711405,-0.004934210526315819
2023-03-06,61100,61600,60800,61500,13630602,0.016528925619834656
2023-03-07,61400,61400,60700,60700,11473280,-0.013008130081300862
2023-03-08,60100,60500,59900,60300,14161857,-0.00658978583196046
2023-03-09,60500,60800,59900,60100,14334499,-0.0033167495854062867
2023-03-10,59500,59700,59100,59500,11902471,-0.009983361064891838
2023-03-13,59900,60200,59300,60000,12779724,0.008403361344537785
2023-03-14,59400,59500,59000,59000,12147346,-0.01666666666666672
2023-03-15,60000,60300,59600,59800,10482149,0.013559322033898313
2023-03-16,59200,60200,59100,59900,10611939,0.0016722408026756952
2023-03-17,60800,61300,60600,61300,14090110,0.023372287145241977
2023-03-20,61100,61200,60200,60200,9618009,-0.01794453507340943
2023-03-21,60500,60700,60100,60300,8318514,0.0016611295681063787
2023-03-22,61000,61200,60500,61100,8978591,0.013266998341625147
2023-03-23,60600,62300,60600,62300,15381057,0.019639934533551617
2023-03-24,62700,63300,62300,63000,18278602,0.011235955056179803
2023-03-27,62600,62800,62000,62100,11039331,-0.014285714285714235
2023-03-28,62400,62900,62100,62900,11614118,0.012882447665056418
2023-03-29,62500,62700,62200,62700,11216008,-0.0031796502384737746
2023-03-30,63700,63700,63100,63200,15684377,0.00797448165869219
2023-03-31,64000,64000,63700,64000,14094479,0.012658227848101333
2023-04-03,64000,64000,63000,63100,11973133,-0.014062499999999978
2023-04-04,63400,63800,62800,63600,11120514,0.007923930269413626
2023-04-05,63700,64000,63400,63900,9176149,0.004716981132075526
2023-04-06,63500,63600,62300,62300,14992747,-0.025039123630672955
2023-04-07,63800,65200,63800,65000,27476120,0.043338683788122
2023-04-10,64800,66300,64700,65700,18777166,0.010769230769230864
2023-04-11,66200,66200,65400,65900,16323183,0.003044140030441511
2023-04-12,65800,66200,65300,66000,15021313,0.0015174506828528056
2023-04-13,65600,66100,65400,66100,15091022,0.0015151515151514694
2023-04-14,66600,66600,65000,65100,16176490,-0.015128593040847238
2023-04-17,65000,65600,64700,65300,13486618,0.003072196620583778
2023-04-18,65900,66000,64800,65600,14802060,0.004594180704440953
2023-04-19,65500,65800,65300,65500,10255985,-0.0015243902439023849
2023-04-20,65100,65300,64600,65300,9501169,-0.003053435114503844
2023-04-21,65800,65900,65400,65700,10538622,0.006125574272588086
2023-04-24,65300,65700,64800,65200,12986581,-0.007610350076103556
2023-04-25,65300,65400,63400,63600,16193271,-0.024539877300613466
2023-04-26,63600,64300,63300,64100,12664541,0.007861635220125729
2023-04-27,64100,65000,63300,64600,14779601,0.007800312012480548
2023-04-28,65200,65900,65000,65500,19699481,0.01393188854489158
2023-05-02,66000,66300,65100,65700,14396948,0.003053435114503733
2023-05-03,65100,65600,64900,65400,8876749,-0.004566210045662156
2023-05-04,65600,65700,64700,65100,9791064,-0.004587155963302725
2023-05-08,66300,66300,65400,65900,9405365,0.01228878648233489
2023-05-09,65800,65800,65100,65300,9366861,-0.009104704097116834
2023-05-10,65500,65500,64300,64600,13057727,-0.01071975497702915
2023-05-11,64700,65100,64200,64200,11648905,-0.006191950464396245
2023-05-12,63700,64600,63600,64100,8693913,-0.0015576323987538387
2023-05-15,64100,64600,63900,64500,8172021,0.006240249609984483
2023-05-16,65800,65900,65300,65400,12334657,0.013953488372093092
2023-05-17,65900,65900,64800,65000,10745504,-0.006116207951070374
2023-05-18,66000,66200,65700,66200,14431704,0.01846153846153853
2023-05-19,67800,68400,67500,68400,20349345,0.0332326283987916
2023-05-22,68400,69000,68000,68500,14470308,0.0014619883040936088
2023-05-23,68500,68700,68100,68400,8561643,-0.0014598540145985828
2023-05-24,68100,68700,68000,68500,8192896,0.0014619883040936088
2023-05-25,69900,70000,68700,68800,14231160,0.004379562043795637
2023-05-26,69800,70400,69500,70300,19549511,0.021802325581395277
2023-05-30,71300,72300,71200,72300,27476897,0.028449502133712556
2023-05-31,72400,72500,71000,71400,25666087,-0.012448132780082943
2023-06-01,70900,71600,70600,70900,14669296,-0.007002801120448154
2023-06-02,71700,72200,71600,72200,12161798,0.01833568406205921
2023-06-05,72700,72700,71400,71700,12686829,-0.006925207756232732
2023-06-07,71300,71600,70800,71000,14796613,-0.009762900976290068
2023-06-08,70400,70900,70000,70900,19165568,-0.0014084507042253502
2023-06-09,71100,72300,70800,72000,15050209,0.015514809590973178
2023-06-12,72100,72400,70800,71000,12064287,-0.01388888888888884
2023-06-13,71700,72200,71600,72000,13227285,0.014084507042253502
2023-06-14,72100,72200,71100,71900,12541046,-0.001388888888888884
2023-06-15,72100,72300,71300,71500,13614994,-0.0055632823365785455
2023-06-16,71800,71900,70900,71800,15373696,0.00419580419580412
2023-06-19,71300,71700,70900,71200,11100887,-0.00835654596100277
2023-06-20,70700,71400,70400,71400,11557883,0.002808988764045006
2023-06-21,70700,71200,70400,70500,10626603,-0.012605042016806678
2023-06-22,70200,71500,70100,71300,11411007,0.01134751773049647
2023-06-23,72000,72200,71600,71600,12329484,0.004207573632538653
2023-06-26,71700,72500,71500,72400,10541901,0.011173184357541999
2023-06-27,72500,72600,72000,72600,9442997,0.0027624309392264568
2023-06-28,72600,72700,72000,72700,8783093,0.0013774104683195176
2023-06-29,73100,73400,72400,72400,12229967,-0.004126547455295726
2023-06-30,72500,72700,71700,72200,11694765,-0.002762430939226568
2023-07-03,72700,73200,72600,73000,10722181,0.011080332409972193
2023-07-04,73400,73600,72900,73000,10214350,0.0
2023-07-05,73000,73300,71900,72000,12310610,-0.013698630136986356
2023-07-06,71900,72400,71500,71600,14777667,-0.005555555555555536
2023-07-07,71100,71400,69800,69900,17308877,-0.023743016759776525
2023-07-10,70000,70400,69200,69500,11713926,-0.005722460658083017
2023-07-11,70200,71500,70100,71500,12177392,0.02877697841726623
2023-07-12,71200,72000,71100,71900,10375581,0.005594405594405494
2023-07-13,72400,72600,71900,71900,14417279,0.0
2023-07-14,72500,73400,72400,73400,15882519,0.020862308762169768
2023-07-17,73200,73500,72800,73300,10060049,-0.0013623978201634523
2023-07-18,73200,73500,72000,72000,11697900,-0.017735334242837686
2023-07-19,72700,72800,71300,71700,10896412,-0.004166666666666652
2023-07-20,71100,71500,70800,71000,9732730,-0.009762900976290068
2023-07-21,70400,70400,69400,70300,16528926,-0.009859154929577452
2023-07-24,70100,70900,69900,70400,13418597,0.0014224751066855834
2023-07-25,70000,70500,69800,70000,14314945,-0.005681818181818232
2023-07-26,69800,70600,68100,69800,30016221,-0.0028571428571428914
2023-07-27,69900,71700,69300,71700,24261179,0.027220630372492893
2023-07-28,71800,72400,70100,70600,19420683,-0.015341701534170138
2023-07-31,70900,71000,69800,69800,13035420,-0.011331444759206777
2023-08-01,70100,71200,70000,71100,12299254,0.018624641833810962
2023-08-02,70700,71000,69800,69900,13835020,-0.016877637130801704
2023-08-03,69900,70200,68500,68800,20087090,-0.01573676680972813
2023-08-04,68800,69100,68200,68300,12360193,-0.007267441860465129
2023-08-07,67700,69200,67600,68500,10968505,0.002928257686676483
2023-08-08,69000,69100,67400,67600,14664709,-0.013138686131386912
2023-08-09,68000,69600,67900,68900,17259673,0.019230769230769162
2023-08-10,68300,68500,67800,68000,10227311,-0.013062409288824406
2023-08-11,68400,68800,67500,67500,9781038,-0.007352941176470562
2023-08-14,67500,67900,66900,67300,9352343,-0.002962962962962945
2023-08-16,66700,67100,66300,67000,13174578,-0.004457652303120341
2023-08-17,66300,66800,66000,66700,10778652,-0.004477611940298498
2023-08-18,66000,66700,65800,66300,11745006,-0.005997001499250421
2023-08-21,66600,67100,66300,66600,9720067,0.004524886877828038
2023-08-22,67200,67700,66300,66600,10500242,0.0
2023-08-23,66700,67100,66400,67100,9549352,0.007507507507507505
2023-08-24,68300,68700,67900,68200,15044463,0.016393442622950838
2023-08-25,67100,67400,66900,67100,7032462,-0.016129032258064502
2023-08-28,66800,67000,66500,66800,5824628,-0.0044709388971684305
2023-08-29,66900,67200,66600,66800,9114352,0.0
2023-08-30,67300,67700,67100,67100,9181223,0.004491017964071808
2023-08-31,67100,67200,66400,66900,15964630,-0.0029806259314456574
2023-09-01,66800,71000,66700,71000,29738235,0.06128550074738426
2023-09-04,72900,72900,70700,71200,26286495,0.0028169014084507005
2023-09-05,70900,71500,70200,70700,12330239,-0.0070224719101124045
2023-09-06,70700,70800,69700,70000,11414620,-0.00990099009900991
2023-09-07,70000,70600,69600,70400,13741241,0.005714285714285783
2023-09-08,70200,70300,69600,70300,10688118,-0.0014204545454545858
2023-09-11,70400,70800,70000,70800,11785462,0.007112375533428139
2023-09-12,70800,71000,70400,70500,11688599,-0.004237288135593209
2023-09-13,71100,71600,70300,70900,15955797,0.005673758865248235
2023-09-14,71200,71800,70800,71700,21041407,0.01128349788434413
2023-09-15,71700,72300,71400,72000,17823512,0.004184100418409997
2023-09-18,71300,71700,70200,70200,16040727,-0.025000000000000022
2023-09-19,70400,70800,69600,69800,11820188,-0.005698005698005715
2023-09-20,70000,70300,69500,69600,10873015,-0.002865329512893977
2023-09-21,69200,69800,68800,68900,10796336,-0.010057471264367845
2023-09-22,68300,68900,68300,68800,9897840,-0.0014513788098693414
2023-09-25,68500,69700,68500,69400,13582516,0.008720930232558155
2023-09-26,70000,70000,68400,68600,13143470,-0.011527377521613813
2023-09-27,68600,69100,68200,68400,14886491,-0.002915451895043719
2023-10-04,67400,67700,66700,67500,23361149,-0.013157894736842146
2023-10-05,67300,67400,66700,66700,16108313,-0.011851851851851891
2023-10-06,67100,67300,66000,66000,14386527,-0.010494752623688153
2023-10-10,66200,67600,66200,66400,19889202,0.0060606060606061
2023-10-11,68600,69400,67900,68200,25209349,0.027108433734939652
2023-10-12,68600,69700,68200,68900,19311380,0.01026392961876832
2023-10-13,68000,68500,67700,68000,9724086,-0.013062409288824406
2023-10-16,67900,68500,66800,67300,12599299,-0.010294117647058787
2023-10-17,67700,69900,67400,69400,17299253,0.031203566121842385
2023-10-18,68900,70500,68800,70500,16493184,0.015850144092218965
2023-10-19,69700,70000,69400,69500,13985012,-0.014184397163120588
2023-10-20,68900,69200,68100,68800,15204495,-0.010071942446043147
2023-10-23,68700,69100,68200,68400,11625959,-0.005813953488372103
2023-10-24,68700,68800,67700,68500,12791710,0.0014619883040936088
2023-10-25,68800,68800,67900,68000,10610703,-0.007299270072992692
2023-10-26,67000,67900,66700,66700,15517624,-0.019117647058823573
2023-10-27,67100,67300,66700,67300,11334726,0.008995502248875464
2023-10-30,66800,67800,66700,67300,10139270,0.0
2023-10-31,67600,68300,66900,66900,14488892,-0.005943536404160454
2023-11-01,67500,68900,67300,68600,13775256,0.025411061285500747
2023-11-02,70000,70000,69400,69700,16350031,0.016034985422740622
2023-11-03,69700,70200,69500,69600,10322234,-0.0014347202295552641
2023-11-06,69800,70900,69300,70900,22228489,0.018678160919540332
2023-11-07,70600,70900,70000,70900,17228731,0.0
2023-11-08,71300,71400,69700,69900,12901310,-0.014104372355430161
2023-11-09,69900,70800,69600,70300,12301373,0.005722460658083017
2023-11-10,70000,70500,69500,70500,9684347,0.002844950213371167
2023-11-13,71300,71300,70300,70400,9246919,-0.0014184397163120588
2023-11-14,71000,71100,70600,70800,9567984,0.005681818181818121
2023-11-15,71600,72200,71500,72200,20148677,0.019774011299435124
2023-11-16,72500,73000,72300,72800,15860451,0.008310249307479145
2023-11-17,72300,73000,72300,72500,11494644,-0.004120879120879106
2023-11-20,72100,73000,72100,72700,10610157,0.0027586206896552667
2023-11-21,73100,73400,72700,72800,9712881,0.0013755158184318717
2023-11-22,72200,73000,71900,72800,11105143,0.0
2023-11-23,73000,73200,72200,72400,6775614,-0.005494505494505475
2023-11-24,72400,72600,71700,71700,6676685,-0.00966850828729282
2023-11-27,71500,72100,71100,71300,9113857,-0.00557880055788007
2023-11-28,71400,72700,71300,72700,13283081,0.019635343618513268
2023-11-29,72400,72800,72200,72700,9283933,0.0
2023-11-30,72700,72800,72200,72800,15783714,0.0013755158184318717
2023-12-01,72400,72500,71700,72000,9871284,-0.01098901098901095
2023-12-04,72800,72900,72400,72600,10229267,0.008333333333333304
2023-12-05,72300,72400,71200,71200,12129682,-0.019283746556473802
2023-12-06,71800,72100,71600,71700,8123087,0.0070224719101124045
2023-12-07,71800,71900,71100,71500,8862017,-0.002789400278940035
2023-12-08,72100,72800,71900,72600,10859463,0.01538461538461533
2023-12-11,72800,73000,72200,73000,9861960,0.005509641873278293
2023-12-12,73300,73500,73100,73500,13758646,0.006849315068493178
2023-12-13,73300,73500,72800,72800,13116766,-0.00952380952380949
2023-12-14,74100,74300,72500,73100,27567593,0.004120879120879106
2023-12-15,73800,74000,73200,73300,15419815,0.002735978112175186
2023-12-18,73300,73400,72800,72900,9690551,-0.00545702592087316
2023-12-19,73000,73400,72800,73400,8907632,0.006858710562414272
2023-12-20,74200,74900,73800,74800,16870156,0.019073569482288777
2023-12-21,74600,75000,74300,75000,13478766,0.002673796791443861
2023-12-22,75800,76300,75400,75900,14515608,0.01200000000000001
2023-12-26,76100,76700,75700,76600,13164909,0.00922266139657446
2023-12-27,76700,78000,76500,78000,20651042,0.018276762402088753
2023-12-28,77700,78500,77500,78500,17797536,0.0064102564102563875
2024-01-02,78200,79800,78200,79600,17142847,0.014012738853503182
2024-01-03,78500,78800,77000,77000,21753644,-0.03266331658291455
2024-01-04,76100,77300,76100,76600,15324439,-0.0051948051948051965
2024-01-05,76700,77100,76400,76600,11304316,0.0
2024-01-08,77000,77500,76400,76500,11088724,-0.0013054830287205776
2024-01-09,77400,77700,74300,74700,26019249,-0.02352941176470591
2024-01-10,75000,75200,73200,73600,20259529,-0.014725568942436373
2024-01-11,72900,73600,72700,73200,57691266,-0.005434782608695676
2024-01-12,73000,74100,72800,73100,13038939,-0.001366120218579181
2024-01-15,73200,74000,73200,73900,13212339,0.010943912448700521
2024-01-16,73500,73700,72500,72600,14760415,-0.017591339648173165
2024-01-17,73100,73300,71000,71000,22683660,-0.02203856749311295
2024-01-18,71600,72000,70700,71700,17853397,0.009859154929577452
2024-01-19,73500,74700,73000,74700,23363427,0.04184100418410042
2024-01-22,75900,76000,75000,75100,19673375,0.0053547523427042165
2024-01-23,75700,75800,74300,75200,14786224,0.0013315579227697327
2024-01-24,75200,75200,73500,74000,12860661,-0.015957446808510634
2024-01-25,74200,74800,73700,74100,11737747,0.0013513513513514486
2024-01-26,73700,74500,73300,73400,11160062,-0.009446693657219951
2024-01-29,73800,75200,73500,74400,13976521,0.013623978201634968
2024-01-30,75000,75300,73700,74300,12244418,-0.0013440860215053752
2024-01-31,73400,74000,72500,72700,15703560,-0.021534320323014833
2024-02-01,73000,74200,72900,73600,19881033,0.012379642365887289
2024-02-02,74000,75200,73700,75200,14955881,0.021739130434782705
2024-02-05,74200,74800,73500,74300,19026021,-0.01196808510638303
2024-02-06,74300,74700,73300,74400,14559254,0.0013458950201883368
2024-02-07,74600,75500,74300,75000,16566445,0.008064516129032251
2024-02-08,75000,75200,73600,74100,20810708,-0.01200000000000001
2024-02-13,74800,75200,74400,75200,21966745,0.014844804318488558
2024-02-14,73700,74300,73700,74000,12434945,-0.015957446808510634
2024-02-15,74200,74400,73000,73000,14120600,-0.013513513513513487
2024-02-16,73300,73400,72500,72800,13444781,-0.002739726027397249
2024-02-19,72800,73900,72800,73800,12726404,0.013736263736263687
2024-02-20,73700,73700,72800,73300,14681477,-0.006775067750677488
2024-02-21,73400,73700,72900,73000,11503495,-0.004092769440654842
2024-02-22,73800,73900,72700,73100,15208934,0.00136986301369868
2024-02-23,73600,74200,72900,72900,16225166,-0.002735978112175075
2024-02-26,72300,73200,72200,72800,14669352,-0.00137174211248281
2024-02-27,73100,73400,72700,72900,13201981,0.0013736263736263687
2024-02-28,72900,73900,72800,73200,11795859,0.004115226337448652
2024-02-29,72600,73400,72000,73400,21176403,0.002732240437158362
2024-03-04,74300,75000,74000,74900,23210474,0.02043596730245234
2024-03-05,74600,74800,73700,73700,19505125,-0.01602136181575431
2024-03-06,73200,73500,72700,72900,21547905,-0.01085481682496603
2024-03-07,73100,73300,72200,72200,14516963,-0.009602194787380003
2024-03-08,72800,73400,72600,73300,19271349,0.015235457063711877
2024-03-11,72900,73100,72300,72400,9740504,-0.012278308321964526
2024-03-12,72600,73500,72100,73300,13011654,0.012430939226519389
2024-03-13,73700,74100,73500,74100,15243134,0.01091405184174632
2024-03-14,74400,74500,73600,74300,22545539,0.0026990553306343035
2024-03-15,73400,73700,72300,72300,22580555,-0.026917900403768513
2024-03-18,72600,73000,72500,72800,11520348,0.006915629322268302
2024-03-19,72300,73000,71700,72800,15376066,0.0
2024-03-20,73700,77200,73400,76900,50106297,0.05631868131868134
2024-03-21,79200,79300,77700,79300,44569799,0.031209362808842567
2024-03-22,79600,79900,77800,78900,26724761,-0.0050441361916772065
2024-03-25,79600,79800,77800,78200,18703996,-0.008871989860583018
2024-03-26,79700,80100,79200,79900,30551494,0.021739130434782705
2024-03-27,79200,80000,79200,79800,17424595,-0.0012515644555695093
2024-03-28,79400,81000,79200,80800,25084812,0.012531328320801949
2024-03-29,81200,82500,80900,82400,27126366,0.01980198019801982
2024-04-01,83200,83300,82000,82000,20116513,-0.004854368932038833
2024-04-02,82900,85000,82900,85000,37077944,0.03658536585365857
2024-04-03,84300,85000,83500,84100,30493347,-0.010588235294117676
2024-04-04,85200,85500,84300,85300,25248934,0.014268727705113005
2024-04-05,84500,85000,83800,84500,18883752,-0.009378663540445475
2024-04-08,85200,86000,84500,84500,18953232,0.0
2024-04-09,84500,84900,83100,83600,23725956,-0.010650887573964485
2024-04-11,83200,84700,82500,84100,25538009,0.005980861244019087
2024-04-12,84700,84900,83200,83700,17061770,-0.0047562425683710385
2024-04-15,82900,83200,81200,82200,26663772,-0.017921146953404965
2024-04-16,81200,81300,79400,80000,31949845,-0.02676399026763987
2024-04-17,80700,80800,78900,78900,22611631,-0.01375000000000004
2024-04-18,78800,80100,78300,79600,21370190,0.008871989860582907
2024-04-19,78300,78700,76300,77600,31317563,-0.025125628140703515
2024-04-22,77400,77500,75100,76100,30469477,-0.019329896907216537
2024-04-23,76400,76800,75500,75500,18717699,-0.007884362680683266
2024-04-24,77500,78800,77200,78600,22166150,0.041059602649006655
2024-04-25,77300,77500,76300,76300,15549134,-0.029262086513994867
2024-04-26,77800,77900,76500,76700,12755629,0.005242463958060384
2024-04-29,77400,77600,76200,76700,14664474,0.0
2024-04-30,77000,78500,76600,77500,19007007,0.010430247718383301
2024-05-02,77600,78600,77300,78000,18900640,0.006451612903225712
2024-05-03,79000,79000,77500,77600,13151889,-0.00512820512820511
2024-05-07,79600,81300,79400,81300,26238868,0.04768041237113407
2024-05-08,80800,81400,80500,81300,13089576,0.0
2024-05-09,81100,81500,79700,79700,18759935,-0.019680196801967975
2024-05-10,80400,81100,78900,79200,16976124,-0.006273525721455453
2024-05-13,79400,79900,77600,78400,18652344,-0.010101010101010055
2024-05-14,78600,78800,77900,78300,11763992,-0.0012755102040816757
2024-05-16,80200,80300,78100,78200,20989778,-0.0012771392081737387
2024-05-17,78600,78800,77200,77400,15918201,-0.010230179028132946
2024-05-20,78100,79100,77900,78900,19456783,0.019379844961240345
2024-05-21,78500,79000,78200,78400,13690583,-0.006337135614702172
2024-05-22,78100,78700,77300,77700,19521506,-0.008928571428571397
2024-05-23,77700,79100,77100,78300,18728087,0.007722007722007707
2024-05-24,76800,77000,75700,75900,27891278,-0.03065134099616862
2024-05-27,75300,78200,74000,77200,43825202,0.017127799736495364
2024-05-28,76500,78000,76200,77600,18539072,0.005181347150259086
2024-05-29,77700,78200,75200,75200,30244875,-0.030927835051546393
2024-05-30,74800,75200,73500,73500,28551273,-0.022606382978723416
2024-05-31,74500,74700,73500,73500,26198776,0.0
2024-06-03,74400,76400,74200,75700,15706268,0.029931972789115635
2024-06-04,74900,76100,74900,75300,14098053,-0.005284015852047519
2024-06-05,78000,78000,76800,77400,23177968,0.027888446215139417
2024-06-07,78400,78600,77100,77300,21189349,-0.0012919896640827266
2024-06-10,76100,76600,75600,75700,14598755,-0.02069857697283317
2024-06-11,75900,76000,75100,75200,16971175,-0.006605019815059454
2024-06-12,75300,77100,75200,76500,19246725,0.017287234042553168
2024-06-13,78400,79000,77800,78600,33763804,0.027450980392156765
2024-06-14,79700,80500,79000,79600,22926612,0.012722646310432628
2024-06-17,79200,79500,78000,78100,16123051,-0.018844221105527637
2024-06-18,78700,80200,78600,79800,18207598,0.02176696542893719
2024-06-19,81100,82500,80500,81200,24168863,0.01754385964912286
2024-06-20,81500,82200,81200,81600,20288913,0.0049261083743843415
2024-06-21,80700,80800,80000,80000,17907523,-0.019607843137254943
2024-06-24,79700,80900,79500,80600,15454227,0.007500000000000062
2024-06-25,80600,81800,80100,80800,19088458,0.002481389578163684
2024-06-26,80100,81400,79900,81300,17783242,0.006188118811881083
2024-06-27,81300,81600,80500,81600,11739720,0.0036900369003689537
2024-06-28,81900,81900,80800,81500,9455929,-0.001225490196078427
2024-07-01,81500,82100,81300,81800,11317202,0.0036809815950920033
2024-07-02,82500,82600,81500,81800,14471904,0.0
2024-07-03,82300,82300,81000,81800,11440328,0.0
2024-07-04,82900,84700,82400,84600,43857229,0.03422982885085579
2024-07-05,85600,87100,85200,87100,45791193,0.029550827423167947
2024-07-08,87900,88600,86900,87400,24035809,0.003444316877152742
2024-07-09,87800,88200,86900,87800,21336201,0.004576659038901587
2024-07-10,87600,88000,87100,87800,17813847,0.0
2024-07-11,88500,88800,86700,87600,24677608,-0.002277904328018221
2024-07-12,85900,86100,84100,84400,26344386,-0.0365296803652968
2024-07-15,84700,87300,84100,86700,25193080,0.027251184834123254
2024-07-16,86900,88000,86700,87700,16166688,0.011534025374855927
2024-07-17,87100,88000,86400,86700,18186490,-0.011402508551881407
2024-07-18,83800,86900,83800,86900,24721790,0.0023068050749712743
2024-07-19,85600,86100,84100,84400,18569122,-0.028768699654775576
2024-07-22,84400,84900,82600,83000,18987560,-0.016587677725118488
2024-07-23,84200,84700,83400,83900,15766389,0.010843373493975905
2024-07-24,82900,83300,81900,82000,16939083,-0.022646007151370662
2024-07-25,80400,81000,80100,80400,20323811,-0.019512195121951237
2024-07-26,80700,81300,80400,80900,14508334,0.006218905472636926
2024-07-29,81600,82000,81100,81200,12797136,0.003708281829418958
2024-07-30,80400,81000,80000,81000,13169636,-0.0024630541871921707
2024-07-31,81200,83900,80900,83900,20744323,0.03580246913580254
2024-08-01,86000,86100,83100,83100,20900338,-0.009535160905840279
2024-08-02,81000,81400,79500,79600,25800275,-0.04211793020457277
2024-08-05,76700,76900,70200,71400,54608790,-0.10301507537688437
2024-08-06,74900,75300,72300,72500,47295226,0.01540616246498594
2024-08-07,73000,76000,72800,74700,32710428,0.030344827586206824
2024-08-08,73200,73900,72500,73400,28414729,-0.01740294511378848
2024-08-09,75700,75800,74200,74700,16388222,0.017711171662125436
2024-08-12,75200,75900,74800,75500,9839259,0.010709504685408211
2024-08-13,76500,76600,75500,76100,10716261,0.007947019867549754
2024-08-14,77400,77800,77000,77200,13246168,0.014454664914586024
2024-08-16,79400,80200,78700,80200,22061478,0.03886010362694292
2024-08-19,80100,80100,78000,78300,14146565,-0.023690773067331694
2024-08-20,79500,79800,78700,78900,10683836,0.00766283524904221
2024-08-21,77900,78600,77800,78300,7805598,-0.0076045627376425395
2024-08-22,78700,78900,77800,78300,8149101,0.0
2024-08-23,77700,78400,77500,77700,9420306,-0.007662835249042099
2024-08-26,78100,78200,76000,76100,15655938,-0.020592020592020588
2024-08-27,75700,76500,75600,75800,11130145,-0.003942181340341633
2024-08-28,75800,76400,75400,76400,9794514,0.0079155672823219
2024-08-29,73600,74700,73500,74000,16884479,-0.03141361256544506
2024-08-30,74400,75000,74100,74300,16358520,0.004054054054054124
2024-09-02,74500,74700,73500,74400,12641376,0.0013458950201883368
2024-09-03,74100,74300,72500,72500,16116440,-0.025537634408602128
