Date,Open,High,Low,Close,Volume,Change
2022-01-03,13750,13950,13450,13700,41402,0.007352941176470562
2022-01-04,13700,13750,13350,13500,24251,-0.014598540145985384
2022-01-05,13500,14250,13500,14150,106232,0.04814814814814805
2022-01-06,14050,14350,13550,14000,69279,-0.010600706713780883
2022-01-07,14000,14500,13900,14400,60351,0.02857142857142847
2022-01-10,14450,14450,13700,14100,50217,-0.02083333333333337
2022-01-11,14100,14100,13550,13700,69346,-0.028368794326241176
2022-01-12,13750,14200,13700,13950,113221,0.018248175182481674
2022-01-13,14050,14050,13100,13450,68406,-0.03584229390681004
2022-01-14,13400,13550,13100,13200,21010,-0.018587360594795488
2022-01-17,13250,13300,12700,12950,34752,-0.018939393939393923
2022-01-18,12900,13100,12600,12700,33613,-0.019305019305019266
2022-01-19,12500,13450,12450,13400,62362,0.055118110236220375
2022-01-20,13400,13400,13050,13300,25090,-0.007462686567164201
2022-01-21,13250,13400,12850,13100,21305,-0.015037593984962405
2022-01-24,12850,12900,12550,12600,23455,-0.03816793893129766
2022-01-25,12600,12700,11500,11500,103057,-0.08730158730158732
2022-01-26,11550,11800,11350,11650,24689,0.01304347826086949
2022-01-27,11600,11700,10800,11000,60517,-0.05579399141630903
2022-01-28,11050,11300,10800,11300,16985,0.027272727272727337
2022-02-03,11550,12300,11400,12050,47731,0.0663716814159292
2022-02-04,12050,12200,11800,12150,6504,0.008298755186721962
2022-02-07,12150,12150,11800,12150,7966,0.0
2022-02-08,12300,12500,12000,12300,33193,0.012345679012345734
2022-02-09,12300,12750,12100,12750,47897,0.03658536585365857
2022-02-10,12700,13000,12600,12850,34477,0.007843137254901933
2022-02-11,12800,13100,12400,13050,44357,0.015564202334630295
2022-02-14,12800,13200,12500,12950,24351,-0.007662835249042099
2022-02-15,12800,13300,12400,12500,32898,-0.03474903474903479
2022-02-16,12800,13000,12600,13000,17055,0.040000000000000036
2022-02-17,12800,13650,12600,13200,94224,0.01538461538461533
2022-02-18,12900,13650,12850,13400,51763,0.015151515151515138
2022-02-21,13400,13450,13050,13350,14229,-0.003731343283582045
2022-02-22,13050,13200,12800,13000,29567,-0.02621722846441943
2022-02-23,13000,13150,12800,13000,19248,0.0
2022-02-24,12950,13000,12200,12450,37135,-0.04230769230769227
2022-02-25,12600,12800,12450,12600,28792,0.012048192771084265
2022-02-28,12600,13200,12500,13050,34676,0.03571428571428581
2022-03-02,13050,13400,13050,13300,22355,0.019157088122605304
2022-03-03,13300,13550,13200,13400,15164,0.007518796992481258
2022-03-04,13400,13550,13100,13300,7411,-0.007462686567164201
2022-03-07,13100,13250,12650,12750,27555,-0.041353383458646586
2022-03-08,12750,12750,12350,12500,20080,-0.019607843137254943
2022-03-10,12600,12900,12600,12650,13231,0.01200000000000001
2022-03-11,12500,12950,12500,12900,24428,0.01976284584980248
2022-03-14,12900,12900,12400,12600,18040,-0.023255813953488413
2022-03-15,12600,12750,12350,12500,18980,-0.007936507936507908
2022-03-16,12550,12700,12350,12350,13159,-0.01200000000000001
2022-03-17,12500,12900,12500,12900,37328,0.044534412955465674
2022-03-18,12900,12950,12700,12900,11168,0.0
2022-03-21,12900,12900,12450,12550,45035,-0.027131782945736482
2022-03-22,12550,12650,12400,12550,62646,0.0
2022-03-23,12550,12700,12400,12550,19489,0.0
2022-03-24,12350,12450,12250,12400,28360,-0.01195219123505975
2022-03-25,12600,12600,12400,12550,25759,0.012096774193548487
2022-03-28,12800,13150,12650,12850,109997,0.0239043824701195
2022-03-29,13250,15150,12950,15050,1478330,0.1712062256809339
2022-03-30,14800,14850,14150,14200,354169,-0.056478405315614655
2022-03-31,14100,14350,14000,14250,113068,0.0035211267605634866
2022-04-01,14100,14650,14000,14350,221683,0.007017543859649145
2022-04-04,14300,14550,14150,14500,109692,0.010452961672473782
2022-04-05,14500,14550,14150,14250,59558,-0.017241379310344862
2022-04-06,14200,14500,14100,14200,41706,-0.0035087719298245723
2022-04-07,14050,14300,13750,13750,48963,-0.03169014084507038
2022-04-08,13900,13950,13400,13850,77998,0.0072727272727273196
2022-04-11,14000,14350,13700,14150,99928,0.02166064981949467
2022-04-12,14000,14000,13550,13850,27733,-0.021201413427561877
2022-04-13,13850,14000,13700,13950,20327,0.0072202166064982976
2022-04-14,14300,14300,13950,14050,31490,0.007168458781362075
2022-04-15,14050,14100,13800,13950,22496,-0.007117437722419906
2022-04-18,13950,14350,13750,14300,53238,0.02508960573476693
2022-04-19,14300,14400,14050,14200,41454,-0.006993006993006978
2022-04-20,14350,14550,14150,14300,50523,0.007042253521126751
2022-04-21,14400,14400,14050,14200,25103,-0.006993006993006978
2022-04-22,14000,14150,13700,14150,34022,-0.0035211267605633756
2022-04-25,13950,14250,13400,14050,46872,-0.007067137809187329
2022-04-26,14050,14350,13800,14150,54463,0.007117437722419906
2022-04-27,13950,14150,13750,13900,26441,-0.017667844522968212
2022-04-28,13850,14050,13650,14000,40743,0.007194244604316502
2022-04-29,14150,14650,14100,14400,113927,0.02857142857142847
2022-05-02,14400,14700,14300,14700,128941,0.02083333333333326
2022-05-03,14700,14700,14300,14450,52008,-0.017006802721088454
2022-05-04,14450,14500,13900,14100,43251,-0.02422145328719727
2022-05-06,13750,14100,13650,14000,21125,-0.007092198581560294
2022-05-09,13900,13900,13300,13500,34126,-0.0357142857142857
2022-05-10,13250,13550,12950,13550,33684,0.0037037037037037646
2022-05-11,13400,13650,13350,13450,13504,-0.0073800738007380184
2022-05-12,13100,13450,12550,12650,55450,-0.059479553903345694
2022-05-13,12650,13050,12500,12500,52056,-0.011857707509881465
2022-05-16,12000,12250,11850,12200,142140,-0.02400000000000002
2022-05-17,12250,12300,12000,12250,38911,0.004098360655737654
2022-05-18,12400,12400,11900,12000,28954,-0.020408163265306145
2022-05-19,11550,11900,11550,11750,37251,-0.02083333333333337
2022-05-20,11800,12050,11750,12050,19821,0.025531914893617058
2022-05-23,12300,12300,11800,12000,24189,-0.004149377593360981
2022-05-24,12050,12200,11800,11950,19721,-0.004166666666666652
2022-05-25,11900,12450,11750,11750,156507,-0.01673640167364021
2022-05-26,11800,12050,11700,11850,38065,0.008510638297872353
2022-05-27,11850,12050,11850,12050,18184,0.016877637130801704
2022-05-30,12100,12200,12000,12100,9701,0.004149377593360981
2022-05-31,12100,12200,11950,12050,12537,-0.004132231404958664
2022-06-02,12050,12200,11900,12150,10664,0.008298755186721962
2022-06-03,12200,12200,11950,12100,20270,-0.004115226337448541
2022-06-07,12050,12050,11900,11900,12299,-0.016528925619834656
2022-06-08,12000,12000,11750,11850,8441,-0.004201680672268893
2022-06-09,11750,11900,11650,11800,10050,-0.00421940928270037
2022-06-10,11800,11900,11600,11900,15289,0.008474576271186418
2022-06-13,11600,11750,11150,11300,46207,-0.050420168067226934
2022-06-14,10800,11200,10600,11050,30774,-0.02212389380530977
2022-06-15,10850,11250,10750,10900,22627,-0.013574660633484115
2022-06-16,10900,11350,10850,10950,44350,0.004587155963302836
2022-06-17,10600,11000,10550,10900,16484,-0.004566210045662156
2022-06-20,10900,11000,9980,10000,46194,-0.08256880733944949
2022-06-21,9940,10250,9930,10000,24517,0.0
2022-06-22,10050,10200,9320,9510,69852,-0.049000000000000044
2022-06-23,9510,9610,8810,8880,54892,-0.06624605678233442
2022-06-24,8620,9320,8620,9220,29293,0.03828828828828823
2022-06-27,9590,9640,9350,9500,14498,0.030368763557483636
2022-06-28,9600,9760,9420,9700,8189,0.021052631578947434
2022-06-29,9410,12000,9390,10600,522696,0.09278350515463907
2022-06-30,10600,10750,10150,10200,51114,-0.037735849056603765
2022-07-01,10200,11150,10000,10250,60417,0.004901960784313708
2022-07-04,10400,10500,9810,9910,26023,-0.0331707317073171
2022-07-05,9860,10500,9720,10400,20547,0.04944500504540872
2022-07-06,10350,11600,10200,11300,145828,0.08653846153846145
2022-07-07,11350,11550,10950,11150,45101,-0.013274336283185861
2022-07-08,11250,11700,11050,11250,32254,0.008968609865470878
2022-07-11,11250,11350,10850,11150,9571,-0.008888888888888835
2022-07-12,11150,11200,10550,11150,22558,0.0
2022-07-13,11150,11250,10700,11100,22517,-0.004484304932735439
2022-07-14,11100,11250,11000,11050,21883,-0.0045045045045044585
2022-07-15,11000,11150,10800,11150,19933,0.009049773755656076
2022-07-18,11200,11450,11100,11250,18014,0.008968609865470878
2022-07-19,11150,11400,11050,11350,13263,0.008888888888888946
2022-07-20,11600,11600,11200,11300,13103,-0.004405286343612369
2022-07-21,11200,11450,11150,11400,15752,0.008849557522123908
2022-07-22,11400,11500,11200,11200,12397,-0.01754385964912286
2022-07-25,11150,11300,10950,11150,5459,-0.004464285714285698
2022-07-26,11000,11750,10900,11200,28745,0.004484304932735439
2022-07-27,11350,11550,11200,11400,14836,0.017857142857142794
2022-07-28,11500,11950,11300,11350,37080,-0.004385964912280715
2022-07-29,11550,11650,11000,11300,13598,-0.004405286343612369
2022-08-01,11300,11350,11000,11300,13366,0.0
2022-08-02,11150,11250,11000,11050,10667,-0.02212389380530977
2022-08-03,11000,11150,10950,11100,6900,0.004524886877828038
2022-08-04,11050,11200,10650,10800,48442,-0.027027027027026973
2022-08-05,10800,11800,10750,11000,57433,0.0185185185185186
2022-08-08,11000,11150,10900,11050,13301,0.00454545454545463
2022-08-09,11150,11150,10900,11050,11320,0.0
2022-08-10,11050,11050,10750,10850,11875,-0.018099547511312264
2022-08-11,10850,11500,10800,10900,43766,0.004608294930875667
2022-08-12,10900,11250,10900,11200,21034,0.02752293577981657
2022-08-16,11200,11350,11050,11200,8401,0.0
2022-08-17,11100,11200,10800,11200,12832,0.0
2022-08-18,11050,11100,10800,11000,9043,-0.017857142857142905
2022-08-19,10900,11050,10850,11000,8978,0.0
2022-08-22,10900,10900,10400,10550,20041,-0.040909090909090895
2022-08-23,10350,10700,10250,10450,14498,-0.009478672985781977
2022-08-24,10450,10550,10300,10550,5100,0.009569377990430672
2022-08-25,10500,10800,10450,10650,9304,0.009478672985782088
2022-08-26,10650,10650,10350,10500,6456,-0.014084507042253502
2022-08-29,10000,10300,9990,10100,14328,-0.03809523809523807
2022-08-30,10100,12700,10050,11100,2355747,0.0990099009900991
2022-08-31,11100,11550,11000,11300,171574,0.018018018018018056
2022-09-01,11200,11350,10800,10800,92131,-0.04424778761061943
2022-09-02,10800,10950,10300,10450,78504,-0.03240740740740744
2022-09-05,10350,10450,9930,9930,64536,-0.04976076555023923
2022-09-06,9930,10100,9850,10000,44342,0.007049345417925457
2022-09-07,10000,10050,9800,9800,26230,-0.020000000000000018
2022-09-08,9880,10100,9880,9900,13098,0.010204081632652962
2022-09-13,9960,10200,9960,10200,14664,0.030303030303030276
2022-09-14,10000,10100,9860,10100,17174,-0.009803921568627416
2022-09-15,10100,10350,9960,10100,23720,0.0
2022-09-16,10050,10250,9910,10000,16498,-0.00990099009900991
2022-09-19,10000,10000,9730,9740,20563,-0.026000000000000023
2022-09-20,9700,9950,9700,9800,11092,0.006160164271047153
2022-09-21,9720,9980,9720,9780,6781,-0.0020408163265306367
2022-09-22,9700,9780,9010,9400,18064,-0.03885480572597133
2022-09-23,9400,9600,9150,9400,13624,0.0
2022-09-26,9110,9330,8540,8680,42162,-0.07659574468085106
2022-09-27,8410,8820,8340,8560,17902,-0.01382488479262678
2022-09-28,8560,8750,7820,7820,30260,-0.08644859813084116
2022-09-29,7900,8320,7880,8200,23182,0.04859335038363177
2022-09-30,7920,8430,7920,8150,18737,-0.0060975609756097615
2022-10-04,8160,8400,8150,8320,14484,0.020858895705521574
2022-10-05,8450,8500,8170,8290,7266,-0.0036057692307692735
2022-10-06,8350,8870,8210,8590,18335,0.036188178528347326
2022-10-07,8810,9690,8510,8510,110644,-0.0093131548311991
2022-10-11,8400,8400,8080,8240,14848,-0.031727379553466495
2022-10-12,8140,8290,7730,8190,29635,-0.0060679611650485965
2022-10-13,8000,8190,7820,7950,17093,-0.02930402930402931
2022-10-14,7950,8190,7950,8060,21987,0.01383647798742138
2022-10-17,7900,8150,7860,8140,19877,0.00992555831265518
2022-10-18,8140,8350,8140,8260,10727,0.014742014742014753
2022-10-19,8260,8500,8140,8200,5494,-0.007263922518159771
2022-10-20,8190,8250,8030,8210,4573,0.0012195121951219523
2022-10-21,8150,8150,7860,7990,13246,-0.02679658952496955
2022-10-24,8000,8180,7990,8060,10788,0.008760951188986343
2022-10-25,8100,8110,7940,8010,8021,-0.006203473945409432
2022-10-26,8000,8050,7760,7900,17037,-0.013732833957553092
2022-10-27,7890,7970,7830,7890,7594,-0.0012658227848101333
2022-10-28,8140,8140,7690,7730,8104,-0.020278833967046883
2022-10-31,7830,7850,7680,7850,20944,0.015523932729624823
2022-11-01,7830,8010,7780,7890,11711,0.005095541401273884
2022-11-02,7890,8190,7880,8020,8228,0.016476552598225558
2022-11-03,8020,8150,7950,8150,6133,0.016209476309226867
2022-11-04,8070,8260,7990,8160,13910,0.0012269938650306678
2022-11-07,8210,8500,8120,8430,21801,0.03308823529411775
2022-11-08,8480,8740,8410,8550,15756,0.014234875444839812
2022-11-09,8550,8550,8300,8390,13806,-0.018713450292397682
2022-11-10,8390,8430,8290,8430,4480,0.004767580452920139
2022-11-11,8450,8520,8400,8500,12445,0.008303677342823335
2022-11-14,8540,8600,8410,8470,9797,-0.003529411764705892
2022-11-15,8490,8810,8470,8810,15408,0.04014167650531286
2022-11-16,8810,8810,8520,8630,10669,-0.020431328036322416
2022-11-17,8550,8630,8470,8580,10232,-0.005793742757821518
2022-11-18,8430,8670,8430,8550,7524,-0.0034965034965035446
2022-11-21,8500,8500,8270,8360,9240,-0.022222222222222254
2022-11-22,8270,8410,7970,8000,25994,-0.0430622009569378
2022-11-23,8120,8120,8000,8090,7665,0.011249999999999982
2022-11-24,8090,8140,8070,8100,3744,0.0012360939431397266
2022-11-25,8100,8140,8020,8100,5485,0.0
2022-11-28,8090,8090,7960,7960,7149,-0.01728395061728394
2022-11-29,7960,8360,7880,8200,11537,0.03015075376884413
2022-11-30,8260,8260,8060,8160,10022,-0.004878048780487809
2022-12-01,8210,8410,8160,8220,6786,0.007352941176470562
2022-12-02,8160,8330,8010,8030,23616,-0.02311435523114358
2022-12-05,8070,10150,8070,9650,1335149,0.20174346201743454
2022-12-06,9650,10600,8940,9150,399046,-0.051813471502590636
2022-12-07,9150,9700,8810,9240,134014,0.009836065573770592
2022-12-08,9290,9800,9070,9130,98924,-0.011904761904761862
2022-12-09,9130,9400,9120,9290,41287,0.017524644030668224
2022-12-12,9290,9420,9170,9350,31719,0.006458557588805203
2022-12-13,10200,10200,9090,9090,163295,-0.027807486631016065
2022-12-14,9110,9230,9030,9200,28225,0.012101210121012063
2022-12-15,9200,9290,9130,9230,18329,0.003260869565217428
2022-12-16,9090,9250,9030,9250,12798,0.0021668472372697867
2022-12-19,9180,9250,9070,9080,14723,-0.018378378378378413
2022-12-20,9060,9120,8690,8880,18399,-0.022026431718061623
2022-12-21,8880,8940,8760,8830,18058,-0.005630630630630629
2022-12-22,9000,9140,8810,9090,14268,0.029445073612684114
2022-12-23,9090,9250,8760,8810,29235,-0.030803080308030806
2022-12-26,8750,8770,8430,8460,36796,-0.039727582292849006
2022-12-27,8460,9210,8440,9050,73036,0.06973995271867617
2022-12-28,9100,9280,8960,9020,17744,-0.0033149171270717703
2022-12-29,9020,9030,8490,8750,28001,-0.029933481152993324
2023-01-02,8750,8800,8050,8310,31618,-0.05028571428571427
2023-01-03,8140,8360,8140,8230,13377,-0.009626955475330878
2023-01-04,8080,8370,7930,8370,19646,0.017010935601458055
2023-01-05,8370,8540,8220,8420,7359,0.005973715651135025
2023-01-06,8290,8680,8290,8570,15279,0.017814726840855055
2023-01-09,8650,8960,8610,8920,12991,0.040840140023337135
2023-01-10,8930,9010,8710,8750,18350,-0.01905829596412556
2023-01-11,8800,8900,8800,8840,6615,0.010285714285714231
2023-01-12,8830,9100,8750,8900,11626,0.006787330316742057
2023-01-13,8860,8950,8810,8860,7504,-0.004494382022471877
2023-01-16,8860,9030,8820,8900,14676,0.004514672686230181
2023-01-17,8900,8940,8790,8840,12977,-0.006741573033707815
2023-01-18,8840,8960,8610,8960,16758,0.013574660633484115
2023-01-19,8960,9590,8910,9320,69611,0.0401785714285714
2023-01-20,9250,9410,9100,9410,30081,0.00965665236051505
2023-01-25,9410,9510,9270,9420,16852,0.0010626992561104665
2023-01-26,9360,9590,9360,9430,18654,0.0010615711252655036
2023-01-27,9410,9580,9410,9500,12979,0.007423117709437932
2023-01-30,9700,9700,9320,9340,33641,-0.01684210526315788
2023-01-31,9090,9430,9090,9340,23204,0.0
2023-02-01,9340,9400,9260,9350,8757,0.0010706638115631772
2023-02-02,9350,9450,9310,9420,20971,0.007486631016042855
2023-02-03,9400,9650,9360,9450,12554,0.0031847133757962887
2023-02-06,9360,10690,9330,9910,599385,0.04867724867724865
2023-02-07,9810,10030,9710,9970,53723,0.006054490413723412
2023-02-08,9970,9990,9760,9940,20093,-0.0030090270812437314
2023-02-09,9900,10060,9880,10000,23443,0.006036217303822866
2023-02-10,9980,10000,9850,9900,16083,-0.010000000000000009
2023-02-13,9900,9900,9530,9800,21794,-0.010101010101010055
2023-02-14,9800,9820,9420,9540,22450,-0.026530612244897944
2023-02-15,9540,9590,9120,9220,22041,-0.033542976939203384
2023-02-16,9230,9360,9110,9260,15632,0.00433839479392617
2023-02-17,9220,10400,9110,9560,165563,0.03239740820734349
2023-02-20,9520,9780,9420,9610,12737,0.0052301255230124966
2023-02-21,9610,9660,9520,9580,10216,-0.003121748178980255
2023-02-22,9580,9580,9240,9480,10812,-0.01043841336116913
2023-02-23,9480,9480,9250,9380,5835,-0.010548523206751037
2023-02-24,9390,9390,9210,9310,12970,-0.007462686567164201
2023-02-27,9120,9300,9120,9240,11952,-0.007518796992481258
2023-02-28,9160,9290,9130,9200,12257,-0.0043290043290042934
2023-03-02,9250,9390,9200,9300,13703,0.010869565217391353
2023-03-03,9350,9470,9310,9410,8642,0.011827956989247213
2023-03-06,9460,9460,9240,9330,11273,-0.008501594048884176
2023-03-07,9240,9330,9010,9100,18326,-0.024651661307609873
2023-03-08,9100,9250,8870,8960,15901,-0.01538461538461533
2023-03-09,9000,9300,8810,9120,9147,0.017857142857142794
2023-03-10,9090,9130,8800,8900,10853,-0.02412280701754388
2023-03-13,8900,8900,8600,8760,10129,-0.01573033707865168
2023-03-14,8700,8700,8200,8480,17864,-0.03196347031963476
2023-03-15,8930,8930,8400,8570,8693,0.010613207547169878
2023-03-16,8310,8590,8160,8400,6525,-0.019836639439906656
2023-03-17,8450,8780,8390,8780,7707,0.0452380952380953
2023-03-20,8780,8780,8660,8680,5666,-0.011389521640091105
2023-03-21,8680,8820,8600,8610,7562,-0.008064516129032251
2023-03-22,8620,8870,8520,8520,6414,-0.010452961672473893
2023-03-23,8500,8780,8290,8480,7391,-0.0046948356807511304
2023-03-24,8500,8640,8400,8640,9921,0.018867924528301883
2023-03-27,8640,8640,8370,8510,6606,-0.01504629629629628
2023-03-28,8450,8590,8450,8590,13227,0.009400705052879044
2023-03-29,8590,8590,8450,8490,8312,-0.011641443538998875
2023-03-30,8500,8680,8450,8680,6368,0.022379269729092988
2023-03-31,8600,8780,8600,8720,4398,0.004608294930875667
2023-04-03,8720,8860,8430,8770,15166,0.005733944954128489
2023-04-04,8770,8810,8600,8640,13798,-0.014823261117445807
2023-04-05,8580,8690,8450,8500,18717,-0.01620370370370372
2023-04-06,8500,8550,8410,8410,23111,-0.010588235294117676
2023-04-07,8460,8500,8320,8450,13569,0.0047562425683709275
2023-04-10,8450,8450,8100,8170,22678,-0.03313609467455625
2023-04-11,8140,8360,8030,8280,15966,0.01346389228886169
2023-04-12,8330,8370,8210,8280,14262,0.0
2023-04-13,8290,8340,8200,8280,8124,0.0
2023-04-14,8290,8440,8260,8440,9531,0.019323671497584627
2023-04-17,8440,8440,8340,8410,10709,-0.0035545023696682554
2023-04-18,8400,8510,8250,8490,10815,0.009512485136742077
2023-04-19,8590,8590,8430,8500,9697,0.0011778563015312216
2023-04-20,8550,8550,8300,8370,10911,-0.015294117647058791
2023-04-21,8370,8390,8140,8160,10187,-0.02508960573476704
2023-04-24,8160,8330,8150,8170,7155,0.001225490196078427
2023-04-25,8150,8210,8030,8170,9570,0.0
2023-04-26,8140,8140,8030,8030,6215,-0.017135862913096656
2023-04-27,8020,8080,7990,8060,6237,0.0037359900373599153
2023-04-28,8160,8160,8020,8090,3618,0.003722084367245637
2023-05-02,8100,8140,7990,8100,4279,0.0012360939431397266
2023-05-03,8150,8180,8080,8120,2460,0.0024691358024691024
2023-05-04,8110,8530,8060,8220,11709,0.012315270935960632
2023-05-08,8020,8220,8020,8210,3279,-0.0012165450121655041
2023-05-09,8040,8430,8040,8270,2863,0.0073081607795371095
2023-05-10,8270,8580,8260,8490,29054,0.026602176541717037
2023-05-11,8550,8600,8390,8540,22411,0.005889281507656108
2023-05-12,8680,8690,8190,8440,13373,-0.011709601873536313
2023-05-15,8440,8630,8150,8600,18420,0.018957345971563955
2023-05-16,8560,8650,8400,8450,7306,-0.01744186046511631
2023-05-17,8450,8730,8450,8610,21177,0.018934911242603603
2023-05-18,8620,8830,8620,8780,24392,0.019744483159117365
2023-05-19,8830,8830,8670,8810,14439,0.003416856492027387
2023-05-22,8770,9060,8760,9040,21356,0.026106696935300766
2023-05-23,9090,9100,8970,9050,11329,0.0011061946902655162
2023-05-24,9050,9050,8840,8860,6832,-0.020994475138121582
2023-05-25,8860,8910,8630,8740,19532,-0.013544018058690765
2023-05-26,8740,8740,8570,8600,4933,-0.016018306636155555
2023-05-30,8570,8640,8500,8590,8971,-0.0011627906976744429
2023-05-31,8530,8590,8180,8430,15014,-0.01862630966239809
2023-06-01,8400,8480,8280,8350,11932,-0.009489916963226541
2023-06-02,8310,8410,8270,8390,6791,0.004790419161676551
2023-06-05,8390,8440,8320,8400,6833,0.0011918951132301459
2023-06-07,8380,8690,8380,8640,7241,0.02857142857142847
2023-06-08,8640,8640,8450,8450,3230,-0.0219907407407407
2023-06-09,8520,10720,8440,9400,686348,0.11242603550295849
2023-06-12,9400,9490,9100,9240,68250,-0.017021276595744705
2023-06-13,9210,9430,9140,9250,26503,0.0010822510822510178
2023-06-14,9250,9250,8850,9040,36717,-0.022702702702702693
2023-06-15,9040,9050,8900,9030,16049,-0.0011061946902655162
2023-06-16,9030,9220,9010,9140,14838,0.012181616832779518
2023-06-19,9140,9220,8880,9010,19143,-0.01422319474835887
2023-06-20,9010,9350,8950,9000,35183,-0.0011098779134295356
2023-06-21,9010,9250,9010,9210,22873,0.023333333333333428
2023-06-22,9180,9310,9110,9110,20502,-0.010857763300760048
2023-06-23,9110,9180,8930,9020,16702,-0.009879253567508184
2023-06-26,9050,9140,8760,9060,11132,0.0044345898004434225
2023-06-27,9180,9180,8990,9060,10028,0.0
2023-06-28,9110,9120,9000,9060,12682,0.0
2023-06-29,9060,9090,8940,8970,10157,-0.009933774834437137
2023-06-30,8970,9060,8900,9000,6692,0.0033444816053511683
2023-07-03,9120,9200,9010,9010,11056,0.0011111111111110628
2023-07-04,9010,9090,8910,9090,12855,0.008879023307436285
2023-07-05,9150,9150,8910,8910,12958,-0.01980198019801982
2023-07-06,9000,9040,8830,8890,20828,-0.002244668911335568
2023-07-07,8830,8940,8780,8790,11081,-0.011248593925759276
2023-07-10,8800,9270,8600,8710,42716,-0.009101251422070522
2023-07-11,8630,8940,8630,8940,14993,0.02640642939150406
2023-07-12,8940,9060,8860,9050,21793,0.01230425055928408
2023-07-13,9050,9760,8960,9080,150830,0.0033149171270718814
2023-07-14,9080,9080,8850,8940,11402,-0.01541850220264318
2023-07-17,8940,8940,8680,8870,20415,-0.007829977628635354
2023-07-18,8830,8920,8560,8660,18841,-0.02367531003382184
2023-07-19,8620,8660,8470,8560,11887,-0.011547344110854452
2023-07-20,8500,8950,8470,8670,8203,0.012850467289719614
2023-07-21,8620,8700,8380,8390,20550,-0.032295271049596286
2023-07-24,8290,8380,7900,8070,37061,-0.038140643623361115
2023-07-25,8020,8030,7900,7910,22404,-0.019826517967781898
2023-07-26,7720,7800,7600,7740,42818,-0.02149178255372941
2023-07-27,7600,8000,7510,7940,16653,0.025839793281653645
2023-07-28,7740,7940,7740,7890,4555,-0.006297229219143552
2023-07-31,7860,8000,7850,7970,8632,0.010139416983523386
2023-08-01,7940,8170,7940,8060,4709,0.01129234629861986
2023-08-02,8110,8150,7960,8070,5245,0.001240694789081953
2023-08-03,8010,8050,7910,7990,11315,-0.009913258983890949
2023-08-04,7980,8160,7940,8130,11717,0.017521902377972465
2023-08-07,8150,8180,7880,7960,8248,-0.02091020910209107
2023-08-08,7960,8160,7860,7970,10842,0.0012562814070351536
2023-08-09,8000,8000,7880,7960,8509,-0.0012547051442910462
2023-08-10,8040,9250,8030,8620,291314,0.08291457286432169
2023-08-11,9000,9890,8660,8660,410866,0.004640371229698292
2023-08-14,8960,9140,8660,9140,87978,0.05542725173210172
2023-08-16,8880,9100,8750,8750,51387,-0.04266958424507661
2023-08-17,8700,8710,8150,8460,72580,-0.03314285714285714
2023-08-18,8500,8970,8240,8450,51262,-0.0011820330969266601
2023-08-21,8490,8500,8290,8420,11307,-0.0035502958579881616
2023-08-22,8470,8530,8260,8310,18799,-0.013064133016627122
2023-08-23,8330,8360,7540,8160,52306,-0.018050541516245522
2023-08-24,8160,8360,8050,8330,16806,0.02083333333333326
2023-08-25,8320,8490,8280,8410,21125,0.009603841536614643
2023-08-28,8480,8690,8480,8540,26771,0.015457788347205792
2023-08-29,8550,8600,8490,8540,18150,0.0
2023-08-30,8550,8610,8350,8460,22122,-0.00936768149882905
2023-08-31,8460,10180,8460,8700,1042380,0.028368794326241176
2023-09-01,8730,9180,8580,8580,137845,-0.01379310344827589
2023-09-04,8680,8700,8480,8640,29515,0.006993006993007089
2023-09-05,8530,8730,8530,8710,29223,0.00810185185185186
2023-09-06,8710,9250,8710,8890,156953,0.02066590126291623
2023-09-07,8810,9060,8740,9030,43056,0.015748031496062964
2023-09-08,9000,9070,8750,8880,31098,-0.01661129568106312
2023-09-11,8930,8930,8800,8880,39481,0.0
2023-09-12,8870,9050,8760,8810,25167,-0.007882882882882858
2023-09-13,8730,8860,8660,8780,7899,-0.0034052213393870323
2023-09-14,8770,8860,8620,8800,13423,0.002277904328018332
2023-09-15,8850,8890,8790,8860,12032,0.006818181818181834
2023-09-18,8900,9000,8820,8870,18526,0.0011286681715576563
2023-09-19,8870,8950,8750,8770,16561,-0.011273957158962844
2023-09-20,8750,8750,8400,8450,25781,-0.036488027366020526
2023-09-21,8450,8620,8380,8420,8558,-0.0035502958579881616
2023-09-22,8360,8370,8220,8340,9639,-0.009501187648456089
2023-09-25,8340,8470,8180,8300,12101,-0.004796163069544335
2023-09-26,8360,8360,8070,8240,11159,-0.0072289156626506035
2023-09-27,8020,8240,8020,8220,5441,-0.0024271844660194164
2023-10-04,8130,8220,8020,8180,13217,-0.0048661800486617945
2023-10-05,8130,8230,8100,8170,5012,-0.0012224938875305957
2023-10-06,8150,8220,8120,8160,5240,-0.001223990208078285
2023-10-10,8180,8260,8010,8140,21086,-0.002450980392156854
2023-10-11,8140,8270,8110,8210,2674,0.008599508599508532
2023-10-12,8210,9360,8210,8480,301617,0.032886723507917104
2023-10-13,8480,8480,8300,8300,19503,-0.021226415094339646
2023-10-16,8250,8290,8070,8130,15279,-0.02048192771084334
2023-10-17,8100,8290,8100,8210,11788,0.009840098400984099
2023-10-18,8210,8230,8060,8220,7445,0.0012180267965895553
2023-10-19,8140,8220,8000,8040,23904,-0.021897810218978075
2023-10-20,8000,8090,7920,8040,12628,0.0
2023-10-23,7910,8070,7900,8010,6188,-0.003731343283582045
2023-10-24,7930,8250,7930,8170,20749,0.019975031210986316
2023-10-25,8170,8400,8150,8290,13429,0.014687882496940086
2023-10-26,8000,8240,7800,8080,14573,-0.02533172496984315
2023-10-27,7920,8190,7920,8080,12615,0.0
2023-10-30,7920,8300,7920,8240,10303,0.01980198019801982
2023-10-31,8240,8380,8020,8140,9432,-0.012135922330097082
2023-11-01,8140,8280,8100,8190,5776,0.006142506142506221
2023-11-02,8120,8220,8110,8190,10748,0.0
2023-11-03,8200,8240,8100,8210,5771,0.0024420024420024333
2023-11-06,8260,8360,8180,8270,18813,0.0073081607795371095
2023-11-07,8190,8260,8050,8100,13886,-0.02055622732769047
2023-11-08,8110,8230,8020,8170,14808,0.00864197530864197
2023-11-09,8170,8300,8130,8250,8637,0.009791921664626724
2023-11-10,8190,9260,8190,8260,936762,0.00121212121212122
2023-11-13,8300,8470,8260,8320,35403,0.007263922518159882
2023-11-14,8310,8560,8190,8310,89807,-0.0012019230769231282
2023-11-15,8330,8520,8320,8400,27172,0.010830324909747224
2023-11-16,8400,8530,8310,8490,25054,0.010714285714285676
2023-11-17,8450,8540,8300,8400,25082,-0.010600706713780883
2023-11-20,8420,8490,8320,8490,11240,0.010714285714285676
2023-11-21,8450,8540,8360,8480,15072,-0.0011778563015312216
2023-11-22,8470,8470,8300,8390,13852,-0.010613207547169767
2023-11-23,8440,8440,8310,8350,29495,-0.004767580452920139
2023-11-24,8390,8500,8300,8420,11986,0.008383233532934131
2023-11-27,8420,8510,8330,8330,16088,-0.0106888361045131
2023-11-28,8170,8340,8160,8190,21130,-0.01680672268907568
2023-11-29,8200,8320,8100,8190,17309,0.0
2023-11-30,8140,8270,8140,8230,18745,0.004884004884004867
2023-12-01,8230,8280,8160,8250,7127,0.002430133657351119
2023-12-04,8250,8250,8170,8200,6638,-0.0060606060606061
2023-12-05,8150,8820,8150,8340,26441,0.017073170731707332
2023-12-06,8320,8450,8260,8400,27964,0.007194244604316502
2023-12-07,8490,8530,8280,8300,15196,-0.011904761904761862
2023-12-08,8260,9080,8260,8680,134714,0.04578313253012056
2023-12-11,8690,8900,8590,8750,31321,0.008064516129032251
2023-12-12,8900,8900,8680,8740,18782,-0.0011428571428571122
2023-12-13,8740,8740,8520,8590,8633,-0.017162471395881007
2023-12-14,8590,8660,8500,8560,9893,-0.0034924330616996624
2023-12-15,8560,8560,8500,8540,10181,-0.002336448598130869
2023-12-18,8540,8600,8480,8550,7272,0.0011709601873535203
2023-12-19,8510,8730,8460,8590,11008,0.004678362573099504
2023-12-20,8600,8750,8530,8630,13538,0.00465657741559955
2023-12-21,8540,8630,8480,8550,10915,-0.009269988412514474
2023-12-22,8550,8550,8450,8520,8746,-0.0035087719298245723
2023-12-26,8510,8570,8400,8480,9898,-0.0046948356807511304
2023-12-27,8440,8660,8440,8640,12466,0.018867924528301883
2023-12-28,8640,8800,8550,8800,24961,0.0185185185185186
2024-01-02,8800,8800,8650,8760,14652,-0.004545454545454519
2024-01-03,8740,8950,8700,8920,34027,0.0182648401826484
2024-01-04,9000,9040,8760,8850,16588,-0.007847533632286963
2024-01-05,8850,8900,8660,8740,14670,-0.012429378531073398
2024-01-08,8730,8750,8640,8730,17178,-0.0011441647597254523
2024-01-09,8780,8820,8730,8770,18934,0.004581901489117968
2024-01-10,8750,8840,8700,8810,18869,0.004561003420752607
2024-01-11,8830,8830,8700,8710,9806,-0.011350737797956922
2024-01-12,8700,8800,8480,8650,14342,-0.006888633754305373
2024-01-15,8650,8770,8580,8770,11019,0.01387283236994219
2024-01-16,8750,8850,8650,8850,18996,0.009122006841505215
2024-01-17,8900,8900,8510,8760,30759,-0.01016949152542368
2024-01-18,8690,8850,8680,8850,18701,0.010273972602739656
2024-01-19,8900,8940,8800,8860,18372,0.001129943502824915
2024-01-22,8860,8990,8750,8980,52504,0.013544018058690765
2024-01-23,8910,8980,8770,8830,25447,-0.016703786191536785
2024-01-24,8800,8900,8710,8800,8274,-0.003397508493771184
2024-01-25,8800,8800,8620,8800,12997,0.0
2024-01-26,8700,8790,8700,8760,6117,-0.004545454545454519
2024-01-29,8700,8810,8660,8740,8154,-0.0022831050228310223
2024-01-30,8700,8800,8510,8600,12022,-0.016018306636155555
2024-01-31,8620,8620,8450,8510,12771,-0.010465116279069764
2024-02-01,8500,8550,8400,8400,17166,-0.01292596944770863
2024-02-02,8390,8590,8380,8430,13491,0.0035714285714285587
2024-02-05,8430,8470,8300,8430,17738,0.0
2024-02-06,8310,8350,8200,8270,25861,-0.018979833926453193
2024-02-07,8270,8380,8250,8380,7079,0.01330108827085863
2024-02-08,8380,8470,8340,8420,9506,0.004773269689737569
2024-02-13,8420,8480,8380,8450,9297,0.0035629453681709222
2024-02-14,8430,8470,8360,8460,4760,0.0011834319526626835
2024-02-15,8400,8550,8400,8490,10540,0.0035460992907800915
2024-02-16,8490,8530,8410,8490,6601,0.0
2024-02-19,8490,8540,8460,8500,7620,0.0011778563015312216
2024-02-20,8500,8530,8430,8500,9233,0.0
2024-02-21,8500,9240,8300,8620,111342,0.014117647058823568
2024-02-22,8530,8610,8460,8490,15074,-0.015081206496519672
2024-02-23,8540,8580,8400,8470,6844,-0.002355712603062443
2024-02-26,8470,8490,8400,8460,10476,-0.0011806375442738881
2024-02-27,8400,8450,8360,8420,8449,-0.004728132387706863
2024-02-28,8380,8450,8370,8450,10212,0.0035629453681709222
2024-02-29,8450,8450,8310,8380,10169,-0.008284023668639007
2024-03-04,8300,8450,8300,8370,12606,-0.0011933174224343368
2024-03-05,8310,8410,8310,8350,6329,-0.002389486260453988
2024-03-06,8240,8350,8240,8330,6717,-0.0023952095808382756
2024-03-07,8370,8370,8230,8250,5979,-0.009603841536614643
2024-03-08,8210,8330,8210,8250,8142,0.0
2024-03-11,8250,8450,8220,8220,6161,-0.0036363636363636598
2024-03-12,8200,8290,8190,8290,5826,0.008515815085158085
2024-03-13,8290,8320,8220,8290,9222,0.0
2024-03-14,8250,8290,8130,8260,8244,-0.003618817852834688
2024-03-15,8260,8350,8240,8310,4520,0.006053268765133124
2024-03-18,8260,8360,8260,8320,7135,0.001203369434416457
2024-03-19,8330,8370,8220,8320,7222,0.0
2024-03-20,8320,8370,8250,8320,12419,0.0
2024-03-21,8230,8390,8230,8360,7566,0.004807692307692291
2024-03-22,8300,8350,8270,8340,4047,-0.0023923444976076125
2024-03-25,8340,8450,8260,8340,7186,0.0
2024-03-26,8270,8410,8270,8340,11085,0.0
2024-03-27,8310,8410,8300,8380,9388,0.004796163069544335
2024-03-28,8300,8560,8300,8460,21248,0.009546539379474916
2024-03-29,8400,8510,8320,8320,11164,-0.01654846335697402
2024-04-01,8310,8360,8200,8340,11661,0.0024038461538462563
2024-04-02,8340,8340,8160,8180,25124,-0.01918465227817745
2024-04-03,8180,8280,8160,8250,8051,0.008557457212713837
2024-04-04,8250,8280,8160,8260,11291,0.00121212121212122
2024-04-05,8250,8280,8140,8180,9256,-0.009685230024213065
2024-04-08,8200,8200,7930,8000,19440,-0.022004889975550168
2024-04-09,8000,8040,7900,8020,13998,0.0024999999999999467
2024-04-11,8020,8060,7900,8030,5039,0.0012468827930174342
2024-04-12,8030,8080,7950,7990,5271,-0.00498132004981322
2024-04-15,7990,7990,7900,7930,6170,-0.007509386733416723
2024-04-16,7830,7920,7590,7740,21366,-0.023959646910466592
2024-04-17,7740,7790,7660,7670,7963,-0.009043927648578864
2024-04-18,7630,7830,7630,7820,4918,0.019556714471968606
2024-04-19,7760,7900,7680,7860,5231,0.005115089514066584
2024-04-22,7860,7900,7650,7880,6040,0.0025445292620864812
2024-04-23,7900,7900,7770,7880,5447,0.0
2024-04-24,7820,7920,7820,7820,6068,-0.0076142131979695105
2024-04-25,7850,7900,7820,7830,4510,0.0012787723785165905
2024-04-26,7920,7950,7840,7880,6309,0.0063856960408683605
2024-04-29,7880,7960,7800,7850,6031,-0.0038071065989847552
2024-04-30,8020,8150,7870,8040,20832,0.02420382165605095
2024-05-02,8350,8490,8210,8330,66853,0.03606965174129351
2024-05-03,8270,8270,8050,8140,25146,-0.02280912364945975
2024-05-07,8150,8230,8090,8120,9561,-0.002457002457002422
2024-05-08,8120,8160,8050,8130,16200,0.0012315270935960854
2024-05-09,8090,8260,8050,8160,9639,0.0036900369003689537
2024-05-10,8260,8340,8190,8320,19657,0.019607843137254832
2024-05-13,8290,8370,8190,8300,22708,-0.0024038461538461453
2024-05-14,8290,8300,7990,7990,39050,-0.03734939759036149
2024-05-16,8000,8140,7830,8100,24471,0.013767209011264159
2024-05-17,8030,8290,7930,8050,20877,-0.006172839506172867
2024-05-20,8000,8100,7850,7880,21957,-0.02111801242236022
2024-05-21,7880,8110,7880,8020,15046,0.017766497461928932
2024-05-22,8020,8250,8000,8090,22493,0.008728179551122262
2024-05-23,8010,8080,7950,8010,9230,-0.00988875154511748
2024-05-24,8050,8130,7960,8060,10743,0.006242197253433224
2024-05-27,8080,8080,8010,8020,7473,-0.00496277915632759
2024-05-28,8030,8080,8000,8000,5106,-0.0024937655860348684
2024-05-29,8000,8270,7880,8110,44474,0.013749999999999929
2024-05-30,8090,8190,8000,8020,15502,-0.011097410604192337
2024-05-31,8020,8400,8000,8170,54555,0.018703241895261735
2024-06-03,8200,8490,8200,8270,37480,0.012239902080783294
2024-06-04,8280,8300,8080,8110,15640,-0.019347037484885088
2024-06-05,8100,8150,8000,8060,11683,-0.006165228113440224
2024-06-07,8000,8100,8000,8080,10064,0.002481389578163684
2024-06-10,8070,8070,7930,7960,11012,-0.014851485148514865
2024-06-11,7960,8040,7890,7980,12838,0.002512562814070307
2024-06-12,7980,9200,7980,8940,980779,0.12030075187969924
2024-06-13,9540,9750,9050,9350,626931,0.045861297539149914
2024-06-14,9440,9790,9080,9080,241612,-0.02887700534759363
2024-06-17,9080,9080,8590,8650,127247,-0.04735682819383258
2024-06-18,8650,8760,8510,8660,78580,0.0011560693641619046
2024-06-19,8650,8660,8450,8570,56652,-0.010392609699769073
2024-06-20,8640,8670,8420,8670,38648,0.011668611435239118
2024-06-21,8590,8620,8340,8460,49270,-0.02422145328719727
2024-06-24,8480,8740,8430,8620,52720,0.01891252955082745
2024-06-25,8570,8740,8510,8680,34214,0.006960556844547661
2024-06-26,8690,8830,8480,8490,48136,-0.02188940092165903
2024-06-27,8550,8740,8210,8210,69941,-0.03297997644287398
2024-06-28,8180,8360,8180,8270,18479,0.0073081607795371095
2024-07-01,8200,8320,8170,8240,24684,-0.0036275695284159193
2024-07-02,8240,8240,7930,7980,44433,-0.03155339805825241
2024-07-03,7980,8030,7870,8000,20306,0.0025062656641603454
2024-07-04,7960,8080,7960,8050,9428,0.006250000000000089
2024-07-05,8010,8060,7960,8000,6388,-0.006211180124223614
2024-07-08,8000,8110,7900,8110,11454,0.013749999999999929
2024-07-09,8110,8130,8030,8090,7152,-0.002466091245376112
2024-07-10,8090,8140,8030,8100,4802,0.0012360939431397266
2024-07-11,8100,8100,7970,8000,17594,-0.012345679012345734
2024-07-12,7980,8030,7700,7950,34833,-0.006249999999999978
2024-07-15,7930,7990,7820,7970,16323,0.002515723270440251
2024-07-16,7970,7990,7800,7920,14965,-0.006273525721455453
2024-07-17,7900,7960,7850,7860,10154,-0.007575757575757569
2024-07-18,7860,7940,7760,7870,11814,0.0012722646310432406
2024-07-19,7970,8410,7830,8340,125306,0.05972045743329102
2024-07-22,8500,8570,7820,8090,96360,-0.029976019184652314
2024-07-23,8060,9030,8060,8190,935544,0.012360939431396822
2024-07-24,8450,9540,8310,8620,1505859,0.05250305250305254
2024-07-25,8400,9000,8340,8500,342038,-0.0139211136890951
2024-07-26,8890,8910,8330,8450,284695,-0.00588235294117645
2024-07-29,8680,8960,8480,8730,216847,0.03313609467455625
2024-07-30,8760,9050,8380,8460,280558,-0.030927835051546393
2024-07-31,8520,8790,8440,8510,127391,0.005910165484633634
2024-08-01,8430,8640,8370,8420,90650,-0.010575793184488869
2024-08-02,8270,8340,7870,7900,129853,-0.061757719714964354
2024-08-05,7710,7830,6520,6940,174381,-0.12151898734177213
2024-08-06,6810,7250,6810,7210,62763,0.03890489913544659
2024-08-07,7130,7660,7050,7540,95512,0.04576976421636614
2024-08-08,7690,7900,7370,7420,63532,-0.01591511936339518
2024-08-09,7580,7710,7460,7640,20419,0.029649595687331498
2024-08-12,7680,7860,7500,7550,63413,-0.011780104712041939
2024-08-13,7550,7630,7300,7410,23446,-0.018543046357615944
2024-08-14,7410,7490,7210,7390,20771,-0.0026990553306343035
2024-08-16,7530,7580,7350,7450,35244,0.008119079837618504
2024-08-19,7380,7460,7150,7330,43496,-0.016107382550335614
2024-08-20,7440,7440,7290,7430,16117,0.013642564802182733
2024-08-21,7540,7640,7310,7400,37753,-0.004037685060565233
2024-08-22,7410,7420,7130,7160,26646,-0.032432432432432434
2024-08-23,7070,7260,7070,7150,15439,-0.0013966480446927498
2024-08-26,7150,7240,6960,7120,13427,-0.004195804195804231
2024-08-27,6970,7200,6970,7050,5727,-0.0098314606741573
2024-08-28,7040,7090,6960,6960,16609,-0.012765957446808529
2024-08-29,6710,7110,6700,6730,73244,-0.033045977011494254
2024-08-30,6690,6800,6670,6740,19297,0.0014858841010401136
2024-09-02,6760,6900,6620,6880,23597,0.020771513353115667
2024-09-03,6880,7150,6840,6920,12195,0.005813953488372103
2024-09-04,6870,6870,6530,6590,30016,-0.047687861271676346
2024-09-05,6530,6680,6390,6450,33313,-0.02124430955993928
2024-09-06,6450,6480,6160,6190,26156,-0.04031007751937987
2024-09-09,6020,6280,5890,6270,10081,0.01292407108239102
2024-09-10,6290,6670,6150,6520,39654,0.03987240829346095
2024-09-11,6410,6470,6240,6240,20551,-0.042944785276073594
2024-09-12,6240,6380,6210,6350,5394,0.017628205128205066
2024-09-13,6350,6400,6230,6270,7718,-0.012598425196850394
2024-09-19,6310,6360,6140,6270,4914,0.0
2024-09-20,6270,6330,6250,6300,2244,0.004784688995215225
2024-09-23,6300,6360,6250,6350,4730,0.007936507936507908
2024-09-24,6350,6460,6300,6440,8048,0.014173228346456623
2024-09-25,6430,6660,6430,6620,13882,0.02795031055900621
2024-09-26,6620,6840,6620,6730,8910,0.0166163141993958
2024-09-27,6720,6740,6560,6680,5802,-0.007429420505200568
2024-09-30,6680,6680,6510,6510,5683,-0.025449101796407136
2024-10-02,6480,6480,6280,6290,9959,-0.03379416282642089
2024-10-04,6230,6330,6200,6230,3322,-0.009538950715421324
2024-10-07,6200,6540,6200,6540,6661,0.049759229534510396
2024-10-08,6380,6550,6150,6260,19309,-0.042813455657492394
2024-10-10,6270,6440,6260,6400,4068,0.022364217252396124
2024-10-11,6400,6630,6360,6400,4910,0.0
2024-10-14,6410,6410,6350,6360,2283,-0.006249999999999978
2024-10-15,6360,6530,6270,6330,6115,-0.004716981132075526
2024-10-16,6280,6320,6180,6230,3626,-0.01579778830963663
2024-10-17,6350,7320,6100,6280,219573,0.008025682182985605
2024-10-18,6290,6290,6130,6160,11134,-0.019108280254777066
2024-10-21,6190,6280,6110,6150,3447,-0.0016233766233766378
2024-10-22,6010,6250,5950,6030,20048,-0.019512195121951237
2024-10-23,6010,6840,6010,6130,205334,0.016583747927031434
2024-10-24,6030,6100,5850,6050,19102,-0.013050570962479635
2024-10-25,5990,6030,5720,5720,36800,-0.054545454545454564
2024-10-28,5560,5750,5560,5610,41440,-0.019230769230769273
2024-10-29,5600,5640,5240,5450,50019,-0.028520499108734443
2024-10-30,5470,5500,5390,5410,12978,-0.007339449541284404
2024-10-31,5340,5600,5340,5370,16569,-0.007393715341959317
2024-11-01,5370,6600,5360,5590,825296,0.040968342644320366
2024-11-04,5660,5660,5500,5590,38223,0.0
2024-11-05,5530,5780,5530,5750,40983,0.028622540250447193
2024-11-06,5750,5810,5300,5320,65834,-0.07478260869565212
2024-11-07,5340,5410,5250,5340,17657,0.003759398496240518
2024-11-08,5340,5500,5340,5460,11966,0.022471910112359605
2024-11-11,5440,5440,5050,5120,29218,-0.06227106227106227
2024-11-12,5080,5450,5000,5150,27183,0.005859375
2024-11-13,4925,5130,4925,4970,12820,-0.03495145631067964
2024-11-14,4970,4970,4755,4800,21947,-0.03420523138832998
2024-11-15,4755,4825,4660,4815,14371,0.0031250000000000444
2024-11-18,4740,4940,4740,4890,11613,0.015576323987538832
2024-11-19,4935,5420,4815,4855,98680,-0.007157464212678932
2024-11-20,4855,4870,4770,4865,37218,0.002059732234809486
2024-11-21,4865,5010,4775,5010,17799,0.029804727646454365
2024-11-22,5010,5010,4890,4900,20326,-0.021956087824351322
2024-11-25,4925,5040,4815,4915,32719,0.003061224489795844
2024-11-26,4915,4960,4900,4940,36809,0.0050864699898269805
2024-11-27,4940,5090,4860,4875,7758,-0.013157894736842146
2024-11-28,4875,5050,4835,4935,12352,0.012307692307692353
2024-11-29,4935,5040,4800,4830,32483,-0.021276595744680882
2024-12-02,4775,4845,4730,4790,24475,-0.008281573498964856
2024-12-03,4790,4960,4750,4910,11932,0.025052192066805867
2024-12-04,4800,4960,4780,4820,44644,-0.018329938900203624
2024-12-05,4810,5050,4760,4760,74035,-0.012448132780082943
2024-12-06,4710,5090,4695,4780,53952,0.004201680672268893
2024-12-09,4765,6210,4405,6200,1897596,0.2970711297071129
2024-12-10,6650,7430,5610,6140,1683820,-0.009677419354838679
2024-12-11,6540,6730,6070,6310,643184,0.027687296416938123
2024-12-12,6080,6310,5680,5690,327219,-0.09825673534072898
2024-12-13,5580,5690,5210,5340,215990,-0.061511423550087874
2024-12-16,5390,5600,5290,5450,117762,0.020599250936329527
2024-12-17,5450,5480,5250,5320,112119,-0.023853211009174258
2024-12-18,5310,5420,5270,5340,47761,0.003759398496240518
2024-12-19,5240,5330,5030,5030,58506,-0.05805243445692887
2024-12-20,5130,5130,4750,4800,84046,-0.045725646123260466
2024-12-23,4855,4930,4730,4810,35797,0.002083333333333437
2024-12-24,4835,4910,4565,4565,68827,-0.05093555093555091
2024-12-26,4580,4790,4520,4565,37661,0.0
2024-12-27,4565,4580,4410,4515,17845,-0.010952902519167584
2024-12-30,4425,4625,4425,4595,15252,0.017718715393133966
2025-01-02,4700,4815,4625,4780,30981,0.040261153427638696
2025-01-03,4785,4845,4730,4750,18904,-0.006276150627615107
2025-01-06,4775,4825,4765,4800,30775,0.010526315789473717
2025-01-07,4800,4895,4795,4880,27636,0.016666666666666607
2025-01-08,4980,5250,4895,4970,134259,0.018442622950819665
2025-01-09,4970,5090,4895,5030,27129,0.012072434607645954
2025-01-10,5010,5080,4965,5030,20462,0.0
2025-01-13,4995,5030,4800,4850,40285,-0.035785288270377746
2025-01-14,4875,5290,4860,5190,272375,0.07010309278350513
2025-01-15,5120,6210,5120,5860,1948376,0.12909441233140662
2025-01-16,5890,6330,5680,6140,498264,0.04778156996587035
2025-01-17,6140,6140,5600,5600,44823,-0.08794788273615639
2025-01-20,5600,5880,5440,5610,23177,0.0017857142857142794
2025-01-21,5610,5770,5450,5450,13174,-0.028520499108734443
2025-01-22,5510,5510,5320,5320,10937,-0.023853211009174258
2025-01-23,5320,5460,5180,5280,12830,-0.007518796992481258
2025-01-24,5360,5460,4840,4950,73003,-0.0625
2025-01-31,4950,5000,4830,4930,31707,-0.004040404040404066
2025-02-03,4930,4930,4675,4820,21504,-0.022312373225152116
2025-02-04,4820,4945,4735,4885,12399,0.013485477178423189
2025-02-05,4930,5030,4745,5000,33413,0.023541453428863823
2025-02-06,5020,5050,4900,5020,29465,0.0040000000000000036
2025-02-07,5020,5020,4905,4995,13902,-0.004980079681274896
2025-02-10,4995,5020,4830,4925,19828,-0.014014014014014031
2025-02-11,4925,5030,4805,4830,26888,-0.019289340101522834
2025-02-12,4830,4895,4735,4850,17153,0.0041407867494824835
2025-02-13,4875,4920,4840,4875,10538,0.005154639175257714
2025-02-14,4875,4895,4805,4815,13950,-0.012307692307692353
2025-02-17,4935,4975,4850,4930,13829,0.023883696780893082
2025-02-18,4930,4955,4865,4900,8174,-0.006085192697768749
2025-02-19,4925,4925,4810,4840,25558,-0.01224489795918371
2025-02-20,4865,4930,4860,4880,19377,0.008264462809917328
2025-02-21,4905,4955,4900,4950,7324,0.014344262295082011
2025-02-24,4950,5150,4900,5150,9116,0.04040404040404044
2025-02-25,5080,5080,4955,5020,20330,-0.025242718446601975
2025-02-26,5020,5020,4950,4970,13607,-0.009960159362549792
2025-02-27,4995,5040,4960,5020,16054,0.010060362173038184
2025-02-28,4965,5020,4915,4970,12661,-0.009960159362549792
2025-03-04,4950,4995,4915,4945,7316,-0.005030181086519092
2025-03-05,4880,5050,4880,4945,12370,0.0
2025-03-06,4945,5080,4945,4965,20650,0.004044489383215444
2025-03-07,5020,6220,4975,5190,1904453,0.0453172205438066
2025-03-10,5200,5340,5130,5280,95686,0.01734104046242768
2025-03-11,5070,5250,5030,5070,69456,-0.03977272727272729
2025-03-12,5070,5300,5060,5180,35526,0.021696252465483346
2025-03-13,5180,5290,5050,5050,41744,-0.025096525096525046
2025-03-14,5100,5260,5050,5160,23376,0.0217821782178218
2025-03-17,5170,5220,5130,5180,15242,0.003875968992248069
2025-03-18,5230,5240,5100,5130,19481,-0.009652509652509633
2025-03-19,5110,5150,5030,5060,15757,-0.013645224171540016
2025-03-20,5130,5140,5050,5130,18427,0.01383399209486158
2025-03-21,5050,5160,4980,5010,28958,-0.023391812865497075
2025-03-24,5060,5070,4850,4875,33258,-0.026946107784431184
2025-03-25,4890,5150,4815,4815,28919,-0.012307692307692353
2025-03-26,4820,4905,4815,4900,18577,0.017653167185877505
2025-03-27,4825,5130,4810,4835,26785,-0.013265306122449028
2025-03-28,4815,5010,4710,4865,68528,0.006204756980351611
2025-03-31,4990,4990,4760,4805,16605,-0.012332990750256956
2025-04-01,4830,5990,4805,4805,4192236,0.0
2025-04-02,4860,5320,4815,4965,560557,0.03329864724245568
2025-04-03,4965,5010,4770,4775,150138,-0.038267875125881146
2025-04-04,4700,4990,4685,4800,102245,0.005235602094240788
2025-04-07,4580,4710,4490,4500,69918,-0.0625
2025-04-08,4615,4650,4510,4545,32936,0.010000000000000009
2025-04-09,4530,4570,4325,4400,60180,-0.03190319031903188
2025-04-10,4550,4730,4475,4710,32501,0.07045454545454555
2025-04-11,4605,5510,4605,4825,1443625,0.02441613588110414
2025-04-14,4875,5230,4780,5080,293625,0.0528497409326425
2025-04-15,5180,5230,5010,5100,140609,0.003937007874015741
2025-04-16,5090,5350,4945,4975,97850,-0.02450980392156865
2025-04-17,4975,5300,4975,5140,143894,0.03316582914572863
2025-04-18,5140,5200,5000,5100,48963,-0.0077821011673151474
2025-04-21,5100,5160,5020,5100,30523,0.0
2025-04-22,5030,5420,5030,5230,100756,0.025490196078431282
2025-04-23,5240,5260,5070,5200,53686,-0.005736137667303964
2025-04-24,5200,5260,5070,5080,54346,-0.023076923076923106
2025-04-25,5120,5190,5080,5160,35001,0.015748031496062964
2025-04-28,5190,5260,5100,5260,40194,0.019379844961240345
2025-04-29,5260,5700,5230,5670,213404,0.07794676806083656
2025-04-30,5750,6000,5580,5790,185357,0.021164021164021163
2025-05-02,5730,6570,5610,6400,653647,0.10535405872193437
2025-05-07,6400,6570,5960,6240,162840,-0.025000000000000022
2025-05-08,6190,7360,6150,6840,533560,0.09615384615384626
2025-05-09,6850,6850,6530,6640,80602,-0.0292397660818714
2025-05-12,6800,6800,6220,6270,117564,-0.05572289156626509
2025-05-13,6270,6380,6130,6340,55126,0.011164274322169154
2025-05-14,6330,6950,6030,6650,222749,0.04889589905362768
2025-05-15,6650,6670,6330,6550,48627,-0.015037593984962405
2025-05-16,6490,6600,6240,6540,64816,-0.0015267175572518665
2025-05-19,6540,6850,6380,6500,69912,-0.006116207951070374
2025-05-20,6680,8200,6510,7450,935574,0.14615384615384608
2025-05-21,7450,7760,7220,7470,110052,0.0026845637583892135
2025-05-22,7550,7570,6870,7070,156201,-0.0535475234270415
2025-05-23,7070,7070,6700,6850,76420,-0.03111739745403108
2025-05-26,7090,7090,6610,6900,110134,0.007299270072992803
2025-05-27,6950,7260,6830,6840,130931,-0.008695652173912993
2025-05-28,7050,7800,6990,7280,370217,0.06432748538011701
2025-05-29,7280,7320,7020,7230,94620,-0.006868131868131844
2025-05-30,7230,7230,6980,6980,72529,-0.03457814661134162
2025-06-02,6980,7550,6910,7300,140209,0.04584527220630363
2025-06-04,7300,7760,7270,7740,74939,0.0602739726027397
2025-06-05,7750,8020,7290,7430,143035,-0.040051679586563305
2025-06-09,7430,8100,7300,7950,201804,0.06998654104979818
2025-06-10,7980,8140,7700,7950,84127,0.0
2025-06-11,8000,8100,7520,7960,113855,0.0012578616352201255
2025-06-12,8000,8070,7470,7480,121710,-0.06030150753768848
2025-06-13,7510,7670,6830,7110,150455,-0.049465240641711206
2025-06-16,7110,7310,6830,7300,109003,0.026722925457102642
2025-06-17,7460,7480,7195,7290,62022,-0.00136986301369868
2025-06-18,8040,9470,7700,9470,1588292,0.2990397805212619
2025-06-19,9480,9600,8810,9070,1180488,-0.04223864836325242
2025-06-20,9130,11490,9100,10700,2780280,0.17971334068357225
2025-06-23,10500,11000,10020,10020,515973,-0.06355140186915886
2025-06-24,10070,10390,9700,10050,323022,0.0029940119760478723
2025-06-25,9960,10290,9560,9800,282868,-0.02487562189054726
2025-06-26,9700,10400,9530,9720,211678,-0.008163265306122436
2025-06-27,9920,9920,9090,9280,187326,-0.04526748971193417
2025-06-30,9200,9790,9110,9570,183394,0.03125
2025-07-01,9590,9720,8970,9030,154441,-0.056426332288401215
2025-07-02,9220,9420,8810,8980,158116,-0.0055370985603543366
2025-07-03,9050,9320,8950,9170,104948,0.021158129175946616
2025-07-04,9350,10030,8620,8680,276788,-0.05343511450381677
2025-07-07,8680,9430,8590,9080,190355,0.04608294930875578
