Date,Open,High,Low,Close,Volume,Change
2022-01-03,622000,627000,616000,618000,192335,0.004878048780487809
2022-01-04,626000,645000,620000,644000,406952,0.04207119741100329
2022-01-05,652000,666000,635000,664000,523345,0.03105590062111796
2022-01-06,670000,691000,662000,690000,692603,0.03915662650602414
2022-01-07,720000,722000,691000,719000,836306,0.04202898550724643
2022-01-10,732000,732000,695000,710000,549323,-0.012517385257301838
2022-01-11,708000,735000,707000,734000,462973,0.033802816901408406
2022-01-12,750000,774000,747000,773000,646296,0.053133514986376085
2022-01-13,766000,767000,742000,755000,545491,-0.023285899094437235
2022-01-14,746000,752000,712000,716000,319701,-0.051655629139072845
2022-01-17,713000,732000,698000,707000,281141,-0.012569832402234637
2022-01-18,713000,720000,691000,694000,245949,-0.018387553041018356
2022-01-19,690000,693000,643000,653000,440752,-0.05907780979827093
2022-01-20,640000,697000,633000,696000,450658,0.06584992343032159
2022-01-21,697000,710000,679000,694000,324652,-0.002873563218390829
2022-01-24,693000,694000,663000,671000,246196,-0.033141210374639796
2022-01-25,654000,668000,630000,643000,349700,-0.041728763040238426
2022-01-26,643000,675000,643000,664000,374033,0.03265940902021769
2022-01-27,644000,669000,605000,610000,882032,-0.08132530120481929
2022-01-28,628000,643000,622000,639000,528869,0.04754098360655745
2022-02-03,677000,691000,661000,677000,356414,0.05946791862284817
2022-02-04,680000,687000,668000,678000,217715,0.001477104874446189
2022-02-07,676000,677000,638000,639000,317108,-0.05752212389380529
2022-02-08,630000,655000,617000,617000,691459,-0.03442879499217533
2022-02-09,624000,627000,610000,610000,389461,-0.011345218800648316
2022-02-10,613000,666000,613000,661000,694375,0.08360655737704925
2022-02-11,645000,658000,633000,633000,310519,-0.04236006051437213
2022-02-14,632000,640000,618000,619000,219372,-0.02211690363349128
2022-02-15,630000,654000,622000,622000,277189,0.004846526655896577
2022-02-16,650000,657000,636000,653000,380506,0.04983922829581999
2022-02-17,650000,654000,635000,640000,294891,-0.019908116385911168
2022-02-18,633000,648000,629000,629000,182644,-0.017187500000000022
2022-02-21,616000,626000,600000,616000,316630,-0.020667726550079535
2022-02-22,600000,604000,587000,590000,473027,-0.04220779220779225
2022-02-23,593000,600000,582000,589000,274373,-0.0016949152542372614
2022-02-24,577000,580000,548000,549000,498865,-0.06791171477079794
2022-02-25,562000,564000,546000,554000,371646,0.00910746812386165
2022-02-28,550000,569000,542000,565000,351838,0.019855595667870096
2022-03-02,565000,565000,549000,555000,276155,-0.017699115044247815
2022-03-03,559000,565000,551000,558000,228286,0.00540540540540535
2022-03-04,552000,554000,534000,535000,311241,-0.04121863799283154
2022-03-07,522000,526000,503000,514000,454602,-0.03925233644859816
2022-03-08,501000,513000,498000,503000,289591,-0.021400778210116767
2022-03-10,498000,521000,493500,496500,743086,-0.012922465208747513
2022-03-11,496000,499500,469500,472000,713668,-0.04934541792547831
2022-03-14,465000,472000,454000,457000,617168,-0.03177966101694918
2022-03-15,447500,451000,438500,439000,678296,-0.03938730853391681
2022-03-16,446000,446500,437000,442000,425454,0.006833712984054774
2022-03-17,453500,475000,453500,470000,911878,0.06334841628959276
2022-03-18,480000,491500,473000,488500,559378,0.03936170212765955
2022-03-21,493000,496500,483000,490000,317216,0.003070624360286489
2022-03-22,496500,497000,487500,492000,222919,0.004081632653061273
2022-03-23,497500,510000,494500,508000,307359,0.03252032520325199
2022-03-24,518000,532000,512000,531000,523564,0.04527559055118102
2022-03-25,536000,537000,520000,526000,322408,-0.00941619585687381
2022-03-28,527000,530000,510000,523000,186517,-0.005703422053231932
2022-03-29,528000,532000,522000,523000,144803,0.0
2022-03-30,528000,531000,521000,525000,175835,0.003824091778202643
2022-03-31,523000,534000,517000,532000,169611,0.01333333333333342
2022-04-01,538000,545000,520000,523000,198741,-0.016917293233082664
2022-04-04,522000,527000,516000,526000,95926,0.005736137667303964
2022-04-05,537000,546000,534000,540000,225685,0.026615969581748944
2022-04-06,536000,539000,529000,530000,125060,-0.01851851851851849
2022-04-07,519000,524000,511000,518000,196367,-0.02264150943396226
2022-04-08,518000,527000,513000,525000,128480,0.013513513513513598
2022-04-11,518000,524000,507000,510000,111018,-0.02857142857142858
2022-04-12,497000,509000,497000,505000,149845,-0.009803921568627416
2022-04-13,507000,518000,505000,518000,89777,0.025742574257425765
2022-04-14,510000,519000,510000,514000,126954,-0.007722007722007707
2022-04-15,510000,513000,502000,505000,79943,-0.017509727626459193
2022-04-18,500000,504000,493500,500000,81451,-0.00990099009900991
2022-04-19,503000,510000,499500,503000,86974,0.006000000000000005
2022-04-20,504000,513000,499000,505000,131581,0.003976143141153132
2022-04-21,505000,509000,500000,503000,110061,-0.003960396039603964
2022-04-22,498000,498500,483000,486000,239523,-0.03379721669980118
2022-04-25,475000,497500,471500,486000,229146,0.0
2022-04-26,487500,494500,475000,475000,198963,-0.02263374485596703
2022-04-27,461000,466500,455000,463000,283075,-0.025263157894736876
2022-04-28,470000,505000,469500,502000,553556,0.08423326133909281
2022-04-29,506000,527000,502000,519000,479495,0.03386454183266929
2022-05-02,513000,530000,513000,526000,223203,0.01348747591522148
2022-05-03,519000,526000,515000,517000,161916,-0.017110266159695797
2022-05-04,519000,525000,516000,518000,130210,0.0019342359767891004
2022-05-06,518000,524000,510000,520000,200642,0.0038610038610038533
2022-05-09,517000,523000,502000,504000,211606,-0.03076923076923077
2022-05-10,490000,505000,480000,501000,449131,-0.005952380952380931
2022-05-11,496500,520000,495000,520000,238476,0.03792415169660668
2022-05-12,511000,514000,485500,485500,276864,-0.06634615384615383
2022-05-13,493000,515000,492500,510000,220604,0.05046343975283207
2022-05-16,515000,524000,505000,507000,140135,-0.00588235294117645
2022-05-17,501000,509000,497000,505000,159223,-0.0039447731755424265
2022-05-18,520000,525000,510000,512000,168961,0.013861386138613874
2022-05-19,495000,507000,495000,502000,200969,-0.01953125
2022-05-20,505000,546000,505000,545000,531053,0.08565737051792821
2022-05-23,547000,555000,538000,543000,270359,-0.003669724770642202
2022-05-24,544000,551000,537000,539000,198053,-0.007366482504604033
2022-05-25,549000,550000,534000,534000,198348,-0.00927643784786647
2022-05-26,543000,547000,533000,534000,240223,0.0
2022-05-27,541000,564000,541000,550000,330735,0.029962546816479474
2022-05-30,559000,563000,541000,557000,249598,0.012727272727272698
2022-05-31,557000,586000,555000,585000,721921,0.050269299820466795
2022-06-02,596000,600000,570000,570000,426553,-0.02564102564102566
2022-06-03,581000,588000,570000,585000,296215,0.026315789473684292
2022-06-07,574000,580000,555000,556000,309089,-0.04957264957264962
2022-06-08,567000,590000,560000,581000,282013,0.04496402877697836
2022-06-09,585000,590000,574000,589000,401828,0.013769363166953541
2022-06-10,588000,589000,573000,583000,239123,-0.01018675721561968
2022-06-13,574000,574000,556000,562000,209761,-0.03602058319039447
2022-06-14,558000,568000,548000,564000,247673,0.003558718861210064
2022-06-15,562000,570000,558000,561000,199680,-0.005319148936170248
2022-06-16,586000,597000,570000,584000,327560,0.04099821746880572
2022-06-17,571000,584000,562000,578000,311529,-0.010273972602739767
2022-06-20,583000,589000,565000,572000,228497,-0.01038062283737029
2022-06-21,576000,579000,565000,568000,180207,-0.006993006993006978
2022-06-22,573000,574000,552000,553000,209917,-0.026408450704225372
2022-06-23,553000,566000,546000,551000,321659,-0.003616636528028905
2022-06-24,561000,561000,539000,543000,287977,-0.014519056261342977
2022-06-27,544000,553000,535000,545000,269873,0.0036832412523020164
2022-06-28,548000,570000,543000,570000,185976,0.04587155963302747
2022-06-29,558000,561000,523000,530000,444423,-0.07017543859649122
2022-06-30,531000,539000,516000,516000,312772,-0.026415094339622636
2022-07-01,516000,526000,503000,509000,243043,-0.013565891472868241
2022-07-04,511000,513000,497500,500000,167301,-0.017681728880157177
2022-07-05,508000,522000,505000,512000,228594,0.02400000000000002
2022-07-06,507000,522000,500000,506000,194029,-0.01171875
2022-07-07,515000,532000,513000,524000,207035,0.035573122529644285
2022-07-08,550000,555000,540000,540000,272655,0.03053435114503822
2022-07-11,538000,538000,516000,522000,355703,-0.033333333333333326
2022-07-12,519000,522000,509000,514000,171869,-0.01532567049808431
2022-07-13,516000,524000,511000,517000,209137,0.005836575875486361
2022-07-14,515000,533000,514000,530000,226078,0.025145067698259194
2022-07-15,529000,530000,507000,512000,229151,-0.03396226415094339
2022-07-18,514000,517000,505000,515000,160879,0.005859375
2022-07-19,525000,530000,517000,521000,161162,0.011650485436893288
2022-07-20,538000,547000,535000,540000,225805,0.03646833013435691
2022-07-21,541000,572000,540000,569000,363430,0.05370370370370381
2022-07-22,556000,579000,555000,561000,160911,-0.01405975395430581
2022-07-25,562000,572000,552000,556000,169024,-0.0089126559714795
2022-07-26,553000,572000,547000,567000,235116,0.019784172661870603
2022-07-27,584000,587000,556000,565000,417385,-0.003527336860670194
2022-07-28,572000,605000,555000,598000,553103,0.05840707964601766
2022-07-29,603000,605000,595000,603000,323842,0.008361204013378032
2022-08-01,608000,628000,601000,613000,281615,0.016583747927031434
2022-08-02,612000,613000,604000,610000,163355,-0.004893964110929905
2022-08-03,608000,617000,597000,614000,235931,0.006557377049180246
2022-08-04,618000,619000,602000,609000,208348,-0.008143322475570036
2022-08-05,613000,646000,611000,642000,399896,0.054187192118226646
2022-08-08,637000,654000,634000,652000,202613,0.015576323987538832
2022-08-09,666000,681000,653000,671000,345726,0.02914110429447847
2022-08-10,671000,672000,646000,648000,219243,-0.03427719821162445
2022-08-11,655000,679000,649000,658000,241071,0.015432098765432167
2022-08-12,653000,665000,645000,665000,181272,0.010638297872340496
2022-08-16,675000,676000,659000,662000,144859,-0.004511278195488688
2022-08-17,666000,673000,648000,658000,156969,-0.0060422960725075026
2022-08-18,654000,656000,645000,651000,109764,-0.010638297872340385
2022-08-19,657000,657000,639000,640000,125190,-0.016897081413210446
2022-08-22,635000,649000,627000,639000,137281,-0.0015625000000000222
2022-08-23,642000,645000,617000,620000,186219,-0.029733959311424085
2022-08-24,620000,624000,604000,614000,211971,-0.009677419354838679
2022-08-25,619000,619000,607000,616000,130414,0.0032573289902280145
2022-08-26,620000,635000,614000,616000,158260,0.0
2022-08-29,598000,615000,591000,604000,184247,-0.01948051948051943
2022-08-30,609000,615000,601000,611000,106908,0.011589403973509826
2022-08-31,603000,632000,603000,632000,220189,0.03436988543371533
2022-09-01,624000,632000,613000,623000,216332,-0.014240506329113889
2022-09-02,630000,631000,607000,610000,222946,-0.020866773675762396
2022-09-05,615000,620000,610000,616000,117418,0.009836065573770592
2022-09-06,612000,621000,607000,619000,121347,0.004870129870129913
2022-09-07,611000,626000,610000,623000,125039,0.00646203554119551
2022-09-08,635000,649000,628000,644000,261855,0.03370786516853941
2022-09-13,656000,667000,649000,665000,255024,0.032608695652173836
2022-09-14,647000,666000,643000,663000,241828,-0.003007518796992459
2022-09-15,664000,667000,654000,658000,178835,-0.007541478129713397
2022-09-16,650000,655000,632000,635000,269644,-0.03495440729483279
2022-09-19,636000,657000,632000,635000,176594,0.0
2022-09-20,637000,641000,622000,630000,151446,-0.007874015748031482
2022-09-21,630000,634000,623000,625000,130405,-0.007936507936507908
2022-09-22,611000,628000,609000,626000,169181,0.0016000000000000458
2022-09-23,623000,623000,599000,604000,170878,-0.03514376996805113
2022-09-26,591000,592000,568000,571000,228945,-0.054635761589403975
2022-09-27,571000,578000,560000,569000,198596,-0.003502626970227629
2022-09-28,564000,567000,543000,546000,268783,-0.040421792618629215
2022-09-29,550000,561000,542000,547000,238292,0.001831501831501825
2022-09-30,539000,554000,534000,536000,195616,-0.020109689213894
2022-10-04,546000,558000,535000,555000,243185,0.035447761194029814
2022-10-05,562000,570000,551000,560000,277111,0.009009009009008917
2022-10-06,563000,590000,559000,583000,271926,0.04107142857142865
2022-10-07,575000,593000,569000,589000,226552,0.010291595197255532
2022-10-11,584000,597000,577000,597000,182433,0.013582342954159499
2022-10-12,588000,593000,576000,591000,223909,-0.01005025125628145
2022-10-13,596000,602000,575000,575000,179628,-0.027072758037225086
2022-10-14,583000,588000,571000,573000,202716,-0.003478260869565264
2022-10-17,565000,577000,553000,575000,204701,0.003490401396160525
2022-10-18,586000,614000,585000,611000,252952,0.06260869565217386
2022-10-19,581000,607000,573000,593000,373510,-0.029459901800327315
2022-10-20,588000,589000,565000,569000,331791,-0.0404721753794266
2022-10-21,570000,580000,562000,568000,215837,-0.0017574692442882123
2022-10-24,579000,590000,569000,575000,223220,0.012323943661971759
2022-10-25,576000,576000,550000,552000,394043,-0.040000000000000036
2022-10-26,557000,571000,555000,562000,377920,0.018115942028985588
2022-10-27,572000,600000,570000,599000,368746,0.06583629893238441
2022-10-28,593000,624000,588000,615000,382546,0.026711185308847973
2022-10-31,627000,627000,609000,626000,742102,0.01788617886178856
2022-11-01,633000,700000,632000,695000,542234,0.110223642172524
2022-11-02,696000,705000,662000,672000,406352,-0.03309352517985609
2022-11-03,660000,691000,659000,683000,280224,0.016369047619047672
2022-11-04,679000,692000,674000,690000,228545,0.01024890190336758
2022-11-07,693000,704000,686000,704000,227579,0.020289855072463725
2022-11-08,703000,704000,676000,691000,275840,-0.01846590909090906
2022-11-09,692000,717000,684000,715000,259082,0.0347322720694645
2022-11-10,706000,717000,695000,695000,244047,-0.027972027972028024
2022-11-11,730000,744000,724000,737000,304326,0.060431654676258884
2022-11-14,740000,760000,725000,726000,261052,-0.014925373134328401
2022-11-15,735000,740000,703000,710000,317416,-0.02203856749311295
2022-11-16,700000,713000,690000,707000,288503,-0.004225352112676051
2022-11-17,704000,712000,697000,700000,129929,-0.00990099009900991
2022-11-18,701000,716000,696000,704000,142426,0.005714285714285783
2022-11-21,704000,705000,679000,682000,182612,-0.03125
2022-11-22,682000,721000,679000,687000,310815,0.007331378299120228
2022-11-23,700000,718000,693000,701000,191924,0.020378457059679667
2022-11-24,718000,729000,704000,728000,579933,0.03851640513552068
2022-11-25,726000,731000,718000,721000,101478,-0.009615384615384581
2022-11-28,721000,730000,709000,719000,138547,-0.00277392510402219
2022-11-29,719000,720000,706000,715000,111726,-0.0055632823365785455
2022-11-30,716000,744000,707000,740000,320344,0.034965034965035
2022-12-01,748000,755000,722000,722000,249831,-0.024324324324324298
2022-12-02,718000,728000,711000,711000,163235,-0.015235457063711877
2022-12-05,703000,710000,687000,696000,245961,-0.021097046413502074
2022-12-06,687000,697000,679000,686000,148248,-0.014367816091954033
2022-12-07,685000,691000,677000,679000,171428,-0.010204081632653073
2022-12-08,682000,685000,665000,670000,249650,-0.013254786450662692
2022-12-09,665000,666000,627000,627000,438095,-0.06417910447761199
2022-12-12,621000,636000,620000,628000,189748,0.0015948963317384823
2022-12-13,628000,635000,617000,623000,280770,-0.0079617834394905
2022-12-14,625000,646000,623000,646000,208017,0.036918138041733606
2022-12-15,640000,650000,633000,643000,170130,-0.004643962848297267
2022-12-16,637000,649000,630000,645000,176864,0.0031104199066873672
2022-12-19,640000,643000,627000,633000,101519,-0.018604651162790753
2022-12-20,631000,640000,627000,631000,88474,-0.003159557661927326
2022-12-21,627000,636000,618000,620000,98514,-0.017432646592709933
2022-12-22,625000,628000,617000,626000,102015,0.00967741935483879
2022-12-23,619000,624000,603000,610000,135064,-0.025559105431309903
2022-12-26,604000,621000,600000,618000,99300,0.013114754098360715
2022-12-27,624000,635000,620000,628000,113845,0.016181229773462702
2022-12-28,614000,614000,598000,602000,178560,-0.04140127388535031
2022-12-29,597000,607000,593000,600000,103968,-0.0033222591362126463
2023-01-02,596000,620000,596000,604000,108253,0.006666666666666599
2023-01-03,605000,610000,599000,601000,112173,-0.004966887417218513
2023-01-04,594000,608000,586000,601000,129672,0.0
2023-01-05,603000,609000,580000,581000,190445,-0.03327787021630613
2023-01-06,581000,598000,575000,594000,135877,0.022375215146299476
2023-01-09,599000,627000,589000,624000,187189,0.05050505050505061
2023-01-10,632000,647000,628000,629000,217651,0.008012820512820484
2023-01-11,631000,642000,622000,634000,130042,0.007949125596184325
2023-01-12,643000,644000,629000,637000,152114,0.004731861198738141
2023-01-13,636000,649000,631000,644000,153532,0.01098901098901095
2023-01-16,645000,655000,637000,638000,111249,-0.009316770186335366
2023-01-17,638000,641000,615000,619000,192280,-0.029780564263322873
2023-01-18,624000,630000,609000,613000,146564,-0.009693053311793265
2023-01-19,610000,621000,608000,621000,143197,0.013050570962479524
2023-01-20,623000,628000,612000,625000,134554,0.006441223832528209
2023-01-25,646000,655000,638000,652000,221307,0.043199999999999905
2023-01-26,653000,687000,645000,685000,257413,0.05061349693251538
2023-01-27,696000,696000,674000,685000,186406,0.0
2023-01-30,688000,703000,677000,683000,250561,-0.0029197080291970545
2023-01-31,680000,700000,672000,690000,310432,0.01024890190336758
2023-02-01,682000,694000,677000,688000,282102,-0.0028985507246376274
2023-02-02,695000,696000,672000,676000,275597,-0.01744186046511631
2023-02-03,672000,676000,661000,674000,211018,-0.00295857988165682
2023-02-06,665000,672000,658000,658000,169927,-0.023738872403560873
2023-02-07,653000,685000,653000,681000,241408,0.0349544072948329
2023-02-08,681000,686000,672000,672000,134248,-0.013215859030836996
2023-02-09,664000,691000,657000,680000,206970,0.011904761904761862
2023-02-10,675000,680000,666000,673000,129178,-0.010294117647058787
2023-02-13,674000,678000,663000,670000,114841,-0.004457652303120341
2023-02-14,676000,682000,664000,676000,160165,0.008955223880596996
2023-02-15,676000,682000,669000,674000,139846,-0.00295857988165682
2023-02-16,680000,728000,675000,717000,405051,0.06379821958456966
2023-02-17,707000,722000,686000,689000,257670,-0.03905160390516038
2023-02-20,696000,696000,666000,667000,242105,-0.03193033381712629
2023-02-21,668000,690000,666000,687000,220058,0.02998500749625177
2023-02-22,675000,680000,666000,666000,192246,-0.03056768558951961
2023-02-23,666000,677000,659000,668000,127506,0.0030030030030030463
2023-02-24,668000,686000,666000,669000,145162,0.0014970059880239361
2023-02-27,661000,666000,651000,657000,175530,-0.017937219730941756
2023-02-28,663000,684000,659000,680000,252098,0.035007610350076046
2023-03-02,672000,684000,671000,678000,174629,-0.002941176470588225
2023-03-03,687000,707000,684000,703000,236335,0.03687315634218291
2023-03-06,722000,727000,711000,726000,274209,0.03271692745376953
2023-03-07,733000,757000,730000,740000,372754,0.019283746556473913
2023-03-08,727000,727000,711000,715000,229545,-0.03378378378378377
2023-03-09,720000,725000,700000,710000,222278,-0.006993006993006978
2023-03-10,694000,710000,690000,707000,195645,-0.004225352112676051
2023-03-13,714000,727000,699000,718000,291597,0.01555869872701554
2023-03-14,708000,718000,695000,705000,189009,-0.01810584958217265
2023-03-15,719000,727000,711000,721000,153827,0.02269503546099294
2023-03-16,716000,731000,707000,730000,224294,0.012482662968099856
2023-03-17,743000,745000,696000,702000,495493,-0.0383561643835616
2023-03-20,694000,703000,681000,683000,242829,-0.027065527065527117
2023-03-21,690000,693000,673000,677000,220078,-0.008784773060029227
2023-03-22,687000,703000,687000,703000,206510,0.03840472673559825
2023-03-23,697000,717000,695000,712000,202975,0.012802275960170695
2023-03-24,711000,714000,683000,690000,243174,-0.030898876404494402
2023-03-27,702000,712000,691000,698000,175698,0.011594202898550732
2023-03-28,701000,704000,687000,704000,238741,0.008595988538681931
2023-03-29,704000,708000,695000,705000,146056,0.0014204545454545858
2023-03-30,708000,709000,692000,696000,181406,-0.012765957446808529
2023-03-31,699000,720000,692000,712000,234893,0.02298850574712641
2023-04-03,728000,730000,708000,712000,210319,0.0
2023-04-04,717000,754000,716000,722000,357335,0.014044943820224809
2023-04-05,722000,739000,716000,732000,173102,0.013850415512465464
2023-04-06,728000,730000,712000,716000,214460,-0.021857923497267784
2023-04-07,720000,720000,706000,714000,176079,-0.0027932960893854997
2023-04-10,721000,766000,718000,750000,435352,0.050420168067226934
2023-04-11,768000,857000,765000,806000,1194745,0.07466666666666666
2023-04-12,799000,821000,775000,775000,614112,-0.038461538461538436
2023-04-13,760000,810000,760000,802000,500579,0.03483870967741942
2023-04-14,812000,813000,781000,802000,372206,0.0
2023-04-17,802000,816000,782000,805000,351391,0.0037406483790523026
2023-04-18,822000,830000,808000,825000,359378,0.024844720496894457
2023-04-19,820000,823000,790000,790000,388626,-0.042424242424242475
2023-04-20,790000,807000,790000,800000,281434,0.012658227848101333
2023-04-21,798000,798000,766000,771000,280781,-0.036250000000000004
2023-04-24,762000,780000,762000,767000,221374,-0.005188067444876765
2023-04-25,774000,778000,729000,742000,311844,-0.0325945241199479
2023-04-26,742000,746000,727000,727000,240656,-0.020215633423180557
2023-04-27,734000,747000,726000,741000,315286,0.01925722145804687
2023-04-28,746000,750000,730000,740000,257164,-0.0013495276653171517
2023-05-02,750000,760000,738000,746000,203437,0.008108108108108025
2023-05-03,741000,742000,726000,726000,159157,-0.02680965147453085
2023-05-04,727000,735000,724000,731000,149664,0.00688705234159781
2023-05-08,741000,747000,723000,726000,150083,-0.0068399452804377425
2023-05-09,726000,735000,710000,722000,149656,-0.0055096418732781816
2023-05-10,717000,723000,704000,709000,201484,-0.018005540166205036
2023-05-11,712000,715000,691000,691000,311828,-0.02538787023977429
2023-05-12,697000,700000,685000,688000,232162,-0.00434153400868309
2023-05-15,685000,694000,677000,691000,175241,0.0043604651162789665
2023-05-16,696000,707000,692000,695000,179012,0.005788712011577379
2023-05-17,692000,712000,687000,709000,136372,0.020143884892086295
2023-05-18,712000,714000,701000,709000,151282,0.0
2023-05-19,710000,711000,697000,698000,161829,-0.015514809590973178
2023-05-22,698000,707000,692000,700000,161714,0.002865329512893977
2023-05-23,705000,741000,700000,719000,375157,0.027142857142857135
2023-05-24,719000,734000,716000,720000,181354,0.0013908205841446364
2023-05-25,719000,722000,709000,712000,158080,-0.011111111111111072
2023-05-26,708000,716000,697000,706000,133917,-0.008426966292134797
2023-05-30,715000,717000,698000,702000,182533,-0.005665722379603388
2023-05-31,702000,710000,692000,693000,489828,-0.012820512820512775
2023-06-01,698000,702000,686000,687000,258102,-0.008658008658008698
2023-06-02,693000,724000,688000,721000,346407,0.04949053857350805
2023-06-05,730000,730000,716000,723000,148006,0.00277392510402219
2023-06-07,729000,752000,728000,746000,297767,0.03181189488243441
2023-06-08,746000,751000,731000,737000,249933,-0.012064343163538882
2023-06-09,741000,761000,735000,752000,235688,0.020352781546811416
2023-06-12,763000,763000,745000,746000,140486,-0.007978723404255317
2023-06-13,750000,751000,736000,736000,155147,-0.013404825737265424
2023-06-14,736000,739000,716000,719000,265425,-0.02309782608695654
2023-06-15,721000,730000,708000,722000,254423,0.004172461752433909
2023-06-16,727000,754000,725000,743000,355710,0.02908587257617734
2023-06-19,747000,763000,730000,752000,315174,0.01211305518169592
2023-06-20,755000,755000,735000,739000,204789,-0.017287234042553168
2023-06-21,742000,742000,723000,723000,177750,-0.021650879566982417
2023-06-22,721000,728000,710000,721000,146160,-0.0027662517289073207
2023-06-23,723000,723000,706000,709000,170902,-0.01664355062413314
2023-06-26,709000,712000,702000,703000,145097,-0.008462623413258097
2023-06-27,705000,709000,697000,703000,150949,0.0
2023-06-28,710000,710000,657000,662000,523591,-0.05832147937411092
2023-06-29,666000,682000,660000,660000,293283,-0.0030211480362537513
2023-06-30,665000,673000,660000,667000,176510,0.010606060606060508
2023-07-03,678000,695000,677000,691000,227535,0.0359820089955023
2023-07-04,692000,692000,678000,680000,221408,-0.01591895803183796
2023-07-05,684000,684000,673000,676000,197455,-0.00588235294117645
2023-07-06,673000,675000,662000,664000,221272,-0.017751479289940808
2023-07-07,661000,665000,652000,656000,274332,-0.012048192771084376
2023-07-10,650000,660000,643000,654000,210646,-0.0030487804878048808
2023-07-11,656000,659000,648000,654000,193263,0.0
2023-07-12,659000,660000,642000,653000,278392,-0.001529051987767538
2023-07-13,654000,677000,653000,670000,488183,0.026033690658499253
2023-07-14,675000,682000,666000,680000,271672,0.014925373134328401
2023-07-17,680000,681000,667000,670000,152544,-0.014705882352941124
2023-07-18,669000,687000,667000,679000,251222,0.013432835820895495
2023-07-19,682000,687000,672000,687000,281004,0.01178203240058906
2023-07-20,687000,704000,684000,685000,282841,-0.0029112081513827937
2023-07-21,681000,694000,672000,694000,232253,0.013138686131386912
2023-07-24,699000,728000,695000,713000,593589,0.027377521613832778
2023-07-25,730000,739000,714000,725000,470635,0.016830294530154388
2023-07-26,727000,783000,716000,728000,1219557,0.004137931034482678
2023-07-27,729000,730000,653000,658000,875950,-0.09615384615384615
2023-07-28,640000,655000,626000,650000,595011,-0.012158054711246202
2023-07-31,650000,663000,642000,648000,497694,-0.003076923076923088
2023-08-01,650000,679000,647000,655000,486703,0.010802469135802406
2023-08-02,650000,654000,640000,642000,320098,-0.01984732824427482
2023-08-03,646000,653000,635000,643000,270159,0.0015576323987538387
2023-08-04,638000,643000,635000,636000,217939,-0.010886469673405896
2023-08-07,631000,638000,609000,615000,296920,-0.03301886792452835
2023-08-08,615000,626000,612000,615000,234283,0.0
2023-08-09,617000,633000,611000,630000,204061,0.024390243902439046
2023-08-10,624000,634000,612000,634000,210456,0.006349206349206327
2023-08-11,631000,632000,620000,622000,163446,-0.018927444794952675
2023-08-14,616000,619000,596000,597000,361375,-0.04019292604501612
2023-08-16,584000,601000,583000,584000,290601,-0.021775544388609736
2023-08-17,575000,583000,570000,581000,414889,-0.005136986301369828
2023-08-18,571000,578000,566000,569000,230975,-0.02065404475043031
2023-08-21,562000,577000,562000,568000,240323,-0.0017574692442882123
2023-08-22,579000,587000,571000,573000,186466,0.008802816901408494
2023-08-23,571000,574000,559000,562000,160649,-0.01919720767888311
2023-08-24,564000,572000,558000,563000,215589,0.001779359430605032
2023-08-25,556000,563000,548000,560000,197844,-0.005328596802841923
2023-08-28,565000,567000,557000,563000,191493,0.005357142857142838
2023-08-29,566000,566000,558000,560000,157444,-0.005328596802841923
2023-08-30,566000,589000,566000,576000,290928,0.02857142857142847
2023-08-31,579000,583000,574000,583000,287714,0.012152777777777679
2023-09-01,583000,584000,569000,570000,163494,-0.022298456260720356
2023-09-04,568000,588000,567000,586000,273574,0.02807017543859658
2023-09-05,584000,597000,583000,592000,174044,0.010238907849829282
2023-09-06,592000,597000,583000,585000,147451,-0.011824324324324342
2023-09-07,580000,581000,570000,577000,225581,-0.013675213675213627
2023-09-08,573000,576000,557000,564000,271069,-0.022530329289428108
2023-09-11,563000,567000,559000,561000,120007,-0.005319148936170248
2023-09-12,568000,570000,552000,559000,132378,-0.0035650623885917776
2023-09-13,552000,557000,537000,540000,330861,-0.03398926654740608
2023-09-14,541000,553000,539000,553000,329285,0.024074074074074137
2023-09-15,553000,575000,547000,573000,366386,0.03616636528028927
2023-09-18,562000,573000,560000,573000,204926,0.0
2023-09-19,567000,569000,547000,552000,293242,-0.03664921465968585
2023-09-20,546000,554000,545000,551000,239783,-0.0018115942028985588
2023-09-21,537000,540000,518000,525000,599866,-0.047186932849364815
2023-09-22,510000,523000,508000,517000,254370,-0.015238095238095273
2023-09-25,513000,518000,505000,509000,224034,-0.015473887814313358
2023-09-26,505000,512000,500000,505000,228941,-0.007858546168958758
2023-09-27,497000,501000,487500,496500,379178,-0.016831683168316847
2023-10-04,497000,504000,485000,486000,544310,-0.02114803625377648
2023-10-05,490000,515000,488500,502000,286883,0.03292181069958855
2023-10-06,497500,503000,495000,499500,169375,-0.004980079681274896
2023-10-10,500000,514000,493000,497500,271381,-0.004004004004004025
2023-10-11,513000,524000,506000,518000,356936,0.04120603015075375
2023-10-12,523000,541000,523000,529000,320061,0.021235521235521304
2023-10-13,529000,537000,525000,528000,149218,-0.001890359168241984
2023-10-16,523000,524000,506000,513000,257701,-0.02840909090909094
2023-10-17,517000,530000,515000,516000,193389,0.005847953216374213
2023-10-18,511000,514000,501000,506000,177343,-0.019379844961240345
2023-10-19,491000,498500,488500,494000,462488,-0.02371541501976282
2023-10-20,485000,487000,475000,479000,349050,-0.030364372469635637
2023-10-23,475000,489000,469000,481000,292347,0.0041753653444676075
2023-10-24,481000,494000,463000,492000,340115,0.022869022869022926
2023-10-25,489000,489000,456500,458000,405933,-0.06910569105691056
2023-10-26,437000,442000,424500,426000,685812,-0.06986899563318782
2023-10-27,426000,448000,426000,438500,601730,0.02934272300469476
2023-10-30,429500,456000,427500,445000,363083,0.014823261117445918
2023-10-31,448500,449000,430500,440000,433840,-0.011235955056179803
2023-11-01,440500,444000,429500,431000,352808,-0.020454545454545503
2023-11-02,440000,458000,438000,455500,285900,0.05684454756380508
2023-11-03,466000,474500,463500,471000,296159,0.034028540065861757
2023-11-06,499000,529000,487500,521000,713254,0.10615711252653925
2023-11-07,509000,512000,483500,492000,539187,-0.05566218809980805
2023-11-08,496500,505000,474500,478000,276747,-0.028455284552845517
2023-11-09,477000,482000,463500,467500,378393,-0.021966527196652708
2023-11-10,460500,461000,450500,457500,192219,-0.021390374331550777
2023-11-13,460000,466500,452000,453500,180132,-0.008743169398907069
2023-11-14,464000,473000,460000,465000,196531,0.025358324145534628
2023-11-15,483500,486000,474500,480000,261064,0.032258064516129004
2023-11-16,477000,483500,473500,480000,141192,0.0
2023-11-17,478000,489500,476500,484000,195198,0.008333333333333304
2023-11-20,481000,503000,481000,493500,236740,0.019628099173553792
2023-11-21,502000,505000,493500,501000,173343,0.015197568389057725
2023-11-22,496000,508000,495000,504000,137990,0.0059880239520957446
2023-11-23,505000,527000,505000,519000,339574,0.029761904761904656
2023-11-24,527000,537000,513000,514000,269104,-0.009633911368015391
2023-11-27,519000,520000,504000,506000,159379,-0.015564202334630295
2023-11-28,509000,517000,502000,504000,195567,-0.0039525691699604515
2023-11-29,507000,511000,495500,504000,326444,0.0
2023-11-30,499000,506000,498000,501000,287538,-0.005952380952380931
2023-12-01,499500,501000,485500,486500,299762,-0.02894211576846306
2023-12-04,485000,491000,471000,473000,338110,-0.027749229188078095
2023-12-05,469000,476500,465500,471000,218525,-0.0042283298097252064
2023-12-06,471500,477500,467000,471000,206370,0.0
2023-12-07,471000,477000,466000,468500,173904,-0.005307855626326963
2023-12-08,475000,483000,473000,478500,153815,0.02134471718249742
2023-12-11,477500,480000,471000,475500,194422,-0.006269592476489061
2023-12-12,476500,481500,470000,472000,188152,-0.007360672975814886
2023-12-13,467500,469000,458500,460000,207659,-0.025423728813559365
2023-12-14,469000,471000,459500,464000,375683,0.008695652173912993
2023-12-15,469500,496500,469000,493000,615510,0.0625
2023-12-18,495000,498500,489000,498000,289001,0.010141987829614507
2023-12-19,497000,502000,489000,502000,204428,0.008032128514056325
2023-12-20,502000,507000,501000,504000,197344,0.003984063745019917
2023-12-21,501000,504000,493500,495000,206883,-0.017857142857142905
2023-12-22,498000,499000,490000,490000,140767,-0.010101010101010055
2023-12-26,494500,499500,485500,490500,160900,0.0010204081632652073
2023-12-27,490500,493000,483000,486000,202496,-0.00917431192660545
2023-12-28,488000,499000,483500,499000,199695,0.026748971193415683
2024-01-02,494000,496000,488000,493500,160698,-0.011022044088176308
2024-01-03,490500,490500,480500,480500,168770,-0.02634245187436679
2024-01-04,476000,486000,475000,481000,147635,0.0010405827263266776
2024-01-05,482000,491500,479000,482500,131560,0.0031185031185030354
2024-01-08,490500,490500,478000,479000,122976,-0.007253886010362698
2024-01-09,486000,486500,471500,471500,146249,-0.01565762004175364
2024-01-10,472000,473500,463000,464500,146052,-0.014846235418875975
2024-01-11,458500,466000,458500,459500,243938,-0.01076426264800856
2024-01-12,461000,462000,445000,449000,357185,-0.02285092491838958
2024-01-15,445000,447500,435000,438500,264758,-0.023385300668151476
2024-01-16,433500,438000,430500,432000,241396,-0.014823261117445807
2024-01-17,427500,431000,408000,408500,627074,-0.05439814814814814
2024-01-18,403500,416000,403000,412000,308307,0.008567931456548328
2024-01-19,415500,417000,400500,404500,287727,-0.01820388349514568
2024-01-22,404000,408000,384500,387000,474355,-0.04326328800988877
2024-01-23,383500,393500,383500,391000,285986,0.010335917312661591
2024-01-24,390000,409500,389000,400500,288449,0.024296675191815886
2024-01-25,398500,407500,393000,404500,197843,0.009987515605493158
2024-01-26,402500,424000,401500,416500,312594,0.02966625463535233
2024-01-29,421500,430500,419500,425000,245972,0.020408163265306145
2024-01-30,425500,445000,425500,426500,287657,0.003529411764705781
2024-01-31,425500,441500,423500,434500,245248,0.01875732708089095
2024-02-01,426500,433000,417000,430000,312842,-0.010356731875719172
2024-02-02,451000,468500,433000,461000,679677,0.0720930232558139
2024-02-05,465500,477500,456500,467000,487996,0.013015184381778733
2024-02-06,454000,470000,453000,462500,311282,-0.009635974304068484
2024-02-07,464500,474500,456000,463500,363161,0.00216216216216214
2024-02-08,489000,489000,470500,470500,768536,0.015102481121898492
2024-02-13,473000,475000,469500,471000,379733,0.0010626992561104665
2024-02-14,460500,463500,449000,461000,323305,-0.02123142250530785
2024-02-15,468000,488500,468000,483500,423918,0.0488069414316703
2024-02-16,489000,515000,488000,504000,587439,0.04239917269906934
2024-02-19,508000,520000,504000,508000,358152,0.007936507936507908
2024-02-20,507000,513000,491500,506000,295676,-0.003937007874015741
2024-02-21,503000,504000,491000,500000,293801,-0.011857707509881465
2024-02-22,495000,502000,481000,481000,447052,-0.038000000000000034
