Date,Open,High,Low,Close,Volume,Change
2022-01-03,855,900,852,890,472286,0.040935672514619936
2022-01-04,891,898,878,882,181731,-0.008988764044943864
2022-01-05,890,891,865,869,216527,-0.01473922902494329
2022-01-06,859,868,854,861,232484,-0.009205983889528202
2022-01-07,858,871,852,859,203554,-0.0023228803716608404
2022-01-10,862,868,835,838,301036,-0.024447031431897526
2022-01-11,838,844,818,822,499872,-0.019093078758949833
2022-01-12,823,834,818,818,304207,-0.0048661800486617945
2022-01-13,829,829,810,816,237292,-0.0024449877750610804
2022-01-14,816,827,805,805,235846,-0.013480392156862697
2022-01-17,805,810,793,800,364060,-0.006211180124223614
2022-01-18,791,813,780,789,340199,-0.01375000000000004
2022-01-19,786,805,760,785,335559,-0.005069708491761693
2022-01-20,785,799,781,785,158762,0.0
2022-01-21,785,799,782,784,244164,-0.001273885350318471
2022-01-24,784,784,730,741,582218,-0.05484693877551017
2022-01-25,741,750,667,679,705235,-0.08367071524966263
2022-01-26,680,708,671,677,367724,-0.002945508100147265
2022-01-27,685,687,617,639,668450,-0.056129985228951296
2022-01-28,639,663,617,655,548991,0.025039123630672844
2022-02-03,706,706,670,680,248631,0.03816793893129766
2022-02-04,689,839,682,742,3507140,0.09117647058823519
2022-02-07,746,905,746,845,9205754,0.13881401617250666
2022-02-08,844,844,775,795,1392285,-0.059171597633136064
2022-02-09,796,822,790,790,597118,-0.0062893081761006275
2022-02-10,791,803,763,763,459571,-0.03417721518987338
2022-02-11,772,821,741,741,943422,-0.028833551769331556
2022-02-14,741,741,698,706,326766,-0.04723346828609987
2022-02-15,696,731,696,697,309873,-0.012747875354107596
2022-02-16,708,740,708,728,267154,0.0444763271162123
2022-02-17,730,748,710,722,285452,-0.008241758241758212
2022-02-18,719,737,703,732,275294,0.013850415512465464
2022-02-21,728,735,711,735,236269,0.004098360655737654
2022-02-22,733,733,696,699,550060,-0.048979591836734726
2022-02-23,701,711,692,705,226594,0.008583690987124415
2022-02-24,704,704,670,677,383093,-0.039716312056737535
2022-02-25,680,697,680,689,291462,0.017725258493352936
2022-02-28,692,698,688,691,141695,0.002902757619738683
2022-03-02,690,714,685,705,241533,0.02026049204052094
2022-03-03,705,793,705,744,2101203,0.05531914893617018
2022-03-04,735,751,714,720,553162,-0.032258064516129004
2022-03-07,715,720,695,696,337702,-0.033333333333333326
2022-03-08,678,696,671,694,290153,-0.002873563218390829
2022-03-10,705,725,705,724,327789,0.043227665706051965
2022-03-11,724,725,705,714,208665,-0.013812154696132617
2022-03-14,715,715,687,691,331698,-0.03221288515406162
2022-03-15,681,716,677,702,319227,0.01591895803183796
2022-03-16,710,726,690,711,348743,0.012820512820512775
2022-03-17,715,736,712,728,307500,0.02390998593530247
2022-03-18,727,760,725,741,445059,0.017857142857142794
2022-03-21,757,757,739,746,188645,0.006747638326585648
2022-03-22,746,784,731,768,661196,0.029490616621983934
2022-03-23,769,775,751,774,391155,0.0078125
2022-03-24,770,801,764,768,614430,-0.007751937984496138
2022-03-25,768,782,760,769,292950,0.0013020833333332593
2022-03-28,766,788,760,764,455918,-0.006501950585175553
2022-03-29,764,782,760,767,307140,0.003926701570680535
2022-03-30,782,782,769,778,204838,0.014341590612777066
2022-03-31,776,806,758,803,561485,0.03213367609254503
2022-04-01,803,820,766,789,693357,-0.01743462017434616
2022-04-04,790,790,775,782,233485,-0.008871989860583018
2022-04-05,798,816,771,807,627685,0.03196930946291565
2022-04-06,805,835,792,818,614154,0.013630731102850069
2022-04-07,816,830,792,810,320240,-0.009779951100244544
2022-04-08,808,817,801,812,164927,0.0024691358024691024
2022-04-11,812,830,791,820,362136,0.009852216748768461
2022-04-12,813,819,789,800,153910,-0.024390243902439046
2022-04-13,796,810,796,804,148885,0.004999999999999893
2022-04-14,819,819,771,774,586646,-0.03731343283582089
2022-04-15,788,800,773,777,237354,0.003875968992248069
2022-04-18,780,800,772,776,206221,-0.0012870012870013214
2022-04-19,772,781,762,765,239161,-0.014175257731958713
2022-04-20,769,770,747,752,485444,-0.016993464052287632
2022-04-21,834,931,800,820,23937015,0.09042553191489366
2022-04-22,847,875,790,792,2541630,-0.034146341463414664
2022-04-25,792,802,761,763,830903,-0.03661616161616166
2022-04-26,767,776,762,768,367941,0.006553079947575258
2022-04-27,755,760,725,740,777842,-0.03645833333333337
2022-04-28,731,748,718,725,387021,-0.020270270270270285
2022-04-29,732,850,727,807,4102692,0.11310344827586216
2022-05-02,795,804,773,791,660639,-0.019826517967781898
2022-05-03,795,795,767,782,747329,-0.011378002528445008
2022-05-04,770,777,762,766,456854,-0.020460358056266004
2022-05-06,754,766,746,755,293727,-0.01436031331592691
2022-05-09,755,755,733,738,309362,-0.02251655629139071
2022-05-10,724,741,701,736,257792,-0.0027100271002710175
2022-05-11,741,743,692,727,181206,-0.012228260869565188
2022-05-12,729,730,701,701,250310,-0.03576341127922966
2022-05-13,715,716,700,706,195400,0.007132667617689048
2022-05-16,707,727,707,714,186203,0.011331444759206777
2022-05-17,718,723,713,719,167448,0.007002801120448154
2022-05-18,719,724,707,716,150998,-0.004172461752433909
2022-05-19,707,744,700,735,447422,0.026536312849162025
2022-05-20,714,776,710,724,312768,-0.014965986394557818
2022-05-23,732,744,724,728,93463,0.005524861878453136
2022-05-24,728,739,720,722,155315,-0.008241758241758212
2022-05-25,722,727,706,707,256658,-0.020775623268698085
2022-05-26,713,715,705,710,92912,0.004243281471004279
2022-05-27,714,714,702,709,93886,-0.0014084507042253502
2022-05-30,706,724,706,722,82575,0.01833568406205921
2022-05-31,723,730,715,730,216304,0.011080332409972193
2022-06-02,730,747,724,731,241806,0.00136986301369868
2022-06-03,732,745,727,728,107923,-0.004103967168262668
2022-06-07,727,733,711,715,211301,-0.017857142857142905
2022-06-08,712,740,712,739,253211,0.03356643356643363
2022-06-09,742,742,712,719,135087,-0.02706359945872805
2022-06-10,719,721,705,721,136383,0.0027816411682892728
2022-06-13,703,708,667,680,435822,-0.0568654646324549
2022-06-14,646,670,625,668,751883,-0.01764705882352946
2022-06-15,636,659,621,628,529404,-0.05988023952095811
2022-06-16,590,638,581,612,1356383,-0.02547770700636942
2022-06-17,599,609,589,607,378044,-0.008169934640522847
2022-06-20,605,605,550,560,532053,-0.07742998352553543
2022-06-21,572,575,544,559,254030,-0.0017857142857142794
2022-06-22,563,572,539,545,243150,-0.025044722719141377
2022-06-23,547,547,502,508,497135,-0.06788990825688068
2022-06-24,492,529,492,525,454343,0.0334645669291338
2022-06-27,540,544,532,539,104397,0.026666666666666616
2022-06-28,540,548,530,535,90371,-0.007421150278293154
2022-06-29,535,541,520,540,79317,0.009345794392523255
2022-06-30,522,559,522,546,139166,0.011111111111111072
2022-07-01,548,548,518,529,127165,-0.031135531135531136
2022-07-04,523,543,510,523,90784,-0.011342155009451793
2022-07-05,523,537,520,529,89835,0.011472275334607929
2022-07-06,529,539,519,529,76358,0.0
2022-07-07,529,532,505,522,92150,-0.013232514177693777
2022-07-08,525,532,518,520,106508,-0.003831417624521105
2022-07-11,520,525,499,502,525175,-0.0346153846153846
2022-07-12,506,511,498,503,261918,0.0019920318725099584
2022-07-13,497,508,497,503,70813,0.0
2022-07-14,505,510,485,504,69352,0.001988071570576455
2022-07-15,500,508,498,507,110687,0.005952380952380931
2022-07-18,507,518,506,512,144587,0.009861932938856066
2022-07-19,513,515,507,512,111263,0.0
2022-07-20,515,520,508,512,173437,0.0
2022-07-21,514,515,508,510,100104,-0.00390625
2022-07-22,509,541,506,519,274568,0.01764705882352935
2022-07-25,523,523,509,510,82057,-0.017341040462427793
2022-07-26,510,522,507,511,198610,0.0019607843137254832
2022-07-27,507,514,507,512,104514,0.001956947162426559
2022-07-28,515,639,511,591,11011634,0.154296875
2022-07-29,595,597,557,570,1471530,-0.035532994923857864
2022-08-01,571,571,557,561,492791,-0.015789473684210575
2022-08-02,561,561,550,552,331855,-0.016042780748663055
2022-08-03,546,557,540,555,164105,0.005434782608695565
2022-08-04,557,560,552,554,165332,-0.0018018018018017834
2022-08-05,557,560,548,559,134435,0.00902527075812265
2022-08-08,555,627,553,574,3967163,0.02683363148479434
2022-08-09,576,585,554,569,419299,-0.008710801393728262
2022-08-10,571,571,560,567,193059,-0.0035149384885764245
2022-08-11,569,577,566,571,199612,0.007054673721340388
2022-08-12,571,576,569,573,171556,0.003502626970227629
2022-08-16,572,576,522,522,711015,-0.08900523560209428
2022-08-17,536,678,536,588,28795941,0.12643678160919536
2022-08-18,582,650,575,583,7795138,-0.008503401360544172
2022-08-19,580,633,557,575,3199885,-0.013722126929674117
2022-08-22,565,570,535,553,732344,-0.03826086956521735
2022-08-23,547,553,535,539,597540,-0.025316455696202556
2022-08-24,537,575,537,559,495014,0.03710575139146566
2022-08-25,570,570,553,553,365996,-0.01073345259391767
2022-08-26,558,563,542,545,312088,-0.01446654611211573
2022-08-29,543,552,528,546,211606,0.0018348623853210455
2022-08-30,541,555,541,550,204179,0.0073260073260073
2022-08-31,552,558,547,558,148724,0.014545454545454639
2022-09-01,558,559,534,538,340560,-0.03584229390681004
2022-09-02,539,546,536,540,169339,0.0037174721189590088
2022-09-05,536,556,530,542,178069,0.0037037037037037646
2022-09-06,542,553,540,553,171556,0.02029520295202958
2022-09-07,551,551,529,535,322833,-0.032549728752260365
2022-09-08,535,541,527,538,141954,0.005607476635514086
2022-09-13,543,547,537,545,159917,0.013011152416356975
2022-09-14,526,543,526,540,176778,-0.00917431192660545
2022-09-15,548,548,536,540,133684,0.0
2022-09-16,540,542,531,534,165690,-0.011111111111111072
2022-09-19,534,534,510,525,191778,-0.016853932584269704
2022-09-20,525,525,515,520,81699,-0.00952380952380949
2022-09-21,521,525,512,517,131267,-0.005769230769230749
2022-09-22,511,516,500,506,215963,-0.021276595744680882
2022-09-23,505,505,493,499,224388,-0.013833992094861691
2022-09-26,497,497,440,478,414941,-0.04208416833667339
2022-09-27,451,475,451,467,220639,-0.023012552301255207
2022-09-28,464,469,450,457,285293,-0.021413276231263434
2022-09-29,469,469,451,455,92229,-0.004376367614879695
2022-09-30,450,450,432,448,193765,-0.01538461538461533
2022-10-04,456,462,449,453,107971,0.01116071428571419
2022-10-05,460,489,450,453,297692,0.0
2022-10-06,456,469,451,462,158881,0.019867549668874274
2022-10-07,456,466,456,462,136158,0.0
2022-10-11,461,461,440,445,120889,-0.03679653679653683
2022-10-12,445,448,425,444,125582,-0.0022471910112359383
2022-10-13,435,444,410,426,334242,-0.04054054054054057
2022-10-14,426,437,426,433,108692,0.016431924882629012
2022-10-17,433,440,425,440,82584,0.01616628175519641
2022-10-18,440,460,440,446,197607,0.013636363636363669
2022-10-19,446,459,443,455,142465,0.020179372197309364
2022-10-20,455,455,411,447,122943,-0.01758241758241763
2022-10-21,449,449,429,429,84602,-0.04026845637583898
2022-10-24,428,439,428,429,72418,0.0
2022-10-25,432,438,419,438,122749,0.020979020979021046
2022-10-26,439,446,427,430,58321,-0.0182648401826484
2022-10-27,420,448,416,440,206110,0.023255813953488413
2022-10-28,435,441,430,437,62671,-0.006818181818181834
2022-10-31,449,449,439,442,41388,0.011441647597254079
2022-11-01,485,519,444,472,1517459,0.0678733031674208
2022-11-02,472,547,469,479,5432848,0.014830508474576343
2022-11-03,481,487,461,468,414754,-0.022964509394572064
2022-11-04,471,472,462,466,109420,-0.004273504273504258
2022-11-07,465,466,457,463,169862,-0.006437768240343367
2022-11-08,445,469,445,467,456099,0.008639308855291628
2022-11-09,478,478,463,467,128495,0.0
2022-11-10,464,474,452,463,184123,-0.008565310492505307
2022-11-11,470,473,462,464,318688,0.002159827213822796
2022-11-14,464,494,457,478,378090,0.030172413793103425
2022-11-15,484,484,473,482,142560,0.008368200836819994
2022-11-16,489,501,485,494,294333,0.024896265560165887
2022-11-17,494,495,483,492,144546,-0.004048582995951455
2022-11-18,493,506,487,495,223945,0.0060975609756097615
2022-11-21,496,502,486,493,137199,-0.004040404040404066
2022-11-22,492,502,462,485,137246,-0.016227180527383367
2022-11-23,485,500,479,487,203774,0.004123711340206171
2022-11-24,488,493,485,491,139115,0.008213552361396204
2022-11-25,488,497,482,485,109816,-0.012219959266802416
2022-11-28,485,487,466,484,102693,-0.0020618556701030855
2022-11-29,478,482,474,478,127461,-0.012396694214875992
2022-11-30,478,482,476,481,61182,0.006276150627614996
2022-12-01,482,488,480,484,138565,0.006237006237006293
2022-12-02,481,487,472,482,80432,-0.004132231404958664
2022-12-05,483,499,473,482,169101,0.0
2022-12-06,484,485,466,470,108117,-0.024896265560165998
2022-12-07,462,476,459,467,104982,-0.006382978723404209
2022-12-08,466,466,453,458,64915,-0.01927194860813708
2022-12-09,459,459,449,457,81855,-0.0021834061135370675
2022-12-12,457,467,454,466,77381,0.01969365426695835
2022-12-13,466,476,463,465,63946,-0.0021459227467811592
2022-12-14,468,473,463,463,125269,-0.004301075268817178
2022-12-15,468,469,441,441,127025,-0.04751619870410362
2022-12-16,426,439,425,430,330668,-0.024943310657596363
2022-12-19,430,437,430,431,135001,0.0023255813953488857
2022-12-20,431,436,420,427,230956,-0.009280742459396807
2022-12-21,427,427,417,419,195518,-0.0187353629976581
2022-12-22,420,426,419,420,52977,0.0023866348448686736
2022-12-23,420,423,389,406,205925,-0.033333333333333326
2022-12-26,406,406,389,398,271646,-0.019704433497536922
2022-12-27,397,417,392,411,174963,0.03266331658291466
2022-12-28,418,418,409,416,84133,0.012165450121654597
2022-12-29,412,412,398,407,93397,-0.02163461538461542
2023-01-02,405,410,387,389,445377,-0.04422604422604426
2023-01-03,389,466,385,395,5387962,0.015424164524421524
2023-01-04,396,403,390,400,144820,0.012658227848101333
2023-01-05,406,414,401,409,273131,0.022499999999999964
2023-01-06,408,418,405,416,148902,0.017114914425427896
2023-01-09,416,423,413,416,211056,0.0
2023-01-10,418,425,412,417,87758,0.0024038461538462563
2023-01-11,423,423,412,419,185215,0.004796163069544335
2023-01-12,423,445,412,412,389894,-0.01670644391408116
2023-01-13,414,440,412,418,428246,0.014563106796116498
2023-01-16,420,431,420,427,163618,0.021531100478468845
2023-01-17,432,432,421,423,167610,-0.00936768149882905
2023-01-18,423,427,416,422,118159,-0.0023640661938534313
2023-01-19,420,424,414,422,97050,0.0
2023-01-20,425,428,421,423,131421,0.0023696682464455776
2023-01-25,423,431,419,427,132996,0.009456264775413725
2023-01-26,428,431,423,423,174791,-0.00936768149882905
2023-01-27,424,432,423,428,93261,0.011820330969267046
2023-01-30,430,444,427,441,287110,0.030373831775700966
2023-01-31,445,446,437,437,147446,-0.009070294784580546
2023-02-01,438,460,437,441,372869,0.009153318077803174
2023-02-02,446,465,443,462,318492,0.04761904761904767
2023-02-03,460,485,460,485,279230,0.04978354978354971
2023-02-06,510,510,490,498,346061,0.02680412371134011
2023-02-07,498,504,490,501,228113,0.006024096385542244
2023-02-08,505,505,487,487,313179,-0.027944111776447067
2023-02-09,492,502,481,496,219836,0.01848049281314168
2023-02-10,494,494,487,490,94607,-0.012096774193548376
2023-02-13,490,490,466,477,221476,-0.026530612244897944
2023-02-14,474,477,466,477,134826,0.0
2023-02-15,473,483,461,465,116554,-0.02515723270440251
2023-02-16,465,468,448,455,246274,-0.021505376344086002
2023-02-17,455,487,445,455,291048,0.0
2023-02-20,455,455,440,449,165280,-0.01318681318681314
2023-02-21,449,455,439,449,127202,0.0
2023-02-22,448,448,435,437,107661,-0.026726057906458767
2023-02-23,437,444,425,430,170516,-0.016018306636155555
2023-02-24,432,437,422,425,147370,-0.011627906976744207
2023-02-27,418,434,418,433,126192,0.018823529411764683
2023-02-28,427,442,427,433,112247,0.0
2023-03-02,438,440,421,426,122541,-0.0161662817551963
2023-03-03,427,434,413,424,154428,-0.0046948356807511304
2023-03-06,335,357,297,297,5949205,-0.29952830188679247
2023-03-07,297,376,293,322,20268871,0.08417508417508412
2023-03-08,330,415,327,392,26924296,0.21739130434782616
2023-03-09,395,410,336,352,5744574,-0.10204081632653061
2023-03-10,345,369,338,350,2132655,-0.005681818181818232
2023-03-13,350,399,348,358,2675312,0.02285714285714291
2023-03-14,371,372,336,336,751626,-0.06145251396648044
2023-03-15,338,362,334,339,535409,0.008928571428571397
2023-03-16,342,342,308,334,521390,-0.014749262536873142
2023-03-17,344,350,332,340,573058,0.017964071856287456
2023-03-20,342,357,341,341,403214,0.002941176470588225
2023-03-21,346,347,334,336,299414,-0.014662756598240456
2023-03-22,337,347,332,337,187620,0.0029761904761904656
2023-03-23,337,338,324,329,377693,-0.023738872403560873
2023-03-24,329,333,323,331,244340,0.006079027355623046
2023-03-27,331,340,320,333,284682,0.0060422960725075026
2023-03-28,333,343,329,342,461076,0.027027027027026973
2023-03-29,344,379,338,366,1863588,0.07017543859649122
2023-03-30,367,369,351,363,457316,-0.008196721311475419
2023-03-31,359,372,335,361,604235,-0.0055096418732781816
2023-04-03,365,429,359,396,3684878,0.09695290858725758
2023-04-04,396,435,385,402,1815558,0.015151515151515138
2023-04-05,402,402,389,391,328519,-0.027363184079602032
2023-04-06,391,405,377,382,437622,-0.023017902813299185
2023-04-07,382,403,379,396,614322,0.03664921465968596
2023-04-10,0,0,0,396,0,0.0
2023-04-11,0,0,0,396,0,0.0
2023-04-12,0,0,0,396,0,0.0
2023-04-13,0,0,0,396,0,0.0
2023-04-14,0,0,0,396,0,0.0
2023-04-17,0,0,0,396,0,0.0
2023-04-18,0,0,0,396,0,0.0
2023-04-19,0,0,0,396,0,0.0
2023-04-20,0,0,0,396,0,0.0
2023-04-21,0,0,0,396,0,0.0
2023-04-24,0,0,0,396,0,0.0
2023-04-25,0,0,0,396,0,0.0
2023-04-26,0,0,0,396,0,0.0
2023-04-27,0,0,0,396,0,0.0
2023-04-28,0,0,0,396,0,0.0
2023-05-02,0,0,0,396,0,0.0
2023-05-03,0,0,0,396,0,0.0
2023-05-04,0,0,0,396,0,0.0
2023-05-08,1511,1964,1500,1964,5916563,3.9595959595959593
2023-05-09,2210,2345,1689,1939,17864972,-0.012729124236252498
2023-05-10,1906,2060,1736,1800,1834467,-0.07168643630737492
2023-05-11,1835,1950,1710,1713,1494698,-0.04833333333333334
2023-05-12,1713,1731,1615,1617,578626,-0.05604203152364273
2023-05-15,1572,1584,1520,1565,279010,-0.03215831787260359
2023-05-16,1553,1567,1500,1500,301121,-0.04153354632587858
2023-05-17,1500,1506,1440,1483,212631,-0.011333333333333306
2023-05-18,1490,1509,1471,1509,100683,0.017532029669588667
2023-05-19,1504,1548,1487,1522,123099,0.008614976805831676
2023-05-22,1544,1620,1540,1594,282640,0.047306176084099816
2023-05-23,1594,1599,1526,1549,114659,-0.02823086574654954
2023-05-24,1554,1554,1440,1500,131880,-0.031633311814073584
2023-05-25,1500,1500,1425,1439,249785,-0.04066666666666663
2023-05-26,1439,1469,1358,1368,268948,-0.04933981931897147
2023-05-30,1373,1641,1370,1427,1779753,0.04312865497076013
2023-05-31,1427,1466,1406,1434,162446,0.004905395935529189
2023-06-01,1420,1457,1408,1446,129213,0.008368200836819994
2023-06-02,1446,1516,1430,1489,125289,0.029737206085753698
2023-06-05,1492,1500,1464,1480,86508,-0.006044325050369337
2023-06-07,1489,1528,1477,1486,102104,0.004054054054054124
2023-06-08,1486,1486,1431,1439,97651,-0.031628532974428025
2023-06-09,1447,1481,1440,1440,61950,0.0006949270326614965
2023-06-12,1440,1495,1440,1481,93521,0.028472222222222232
2023-06-13,1496,1556,1481,1536,196310,0.037137069547602986
2023-06-14,1536,1538,1461,1477,95057,-0.03841145833333337
2023-06-15,1477,1484,1417,1455,106166,-0.014895057549085933
2023-06-16,1452,1527,1440,1494,77808,0.02680412371134011
2023-06-19,1494,1511,1471,1471,63390,-0.0153949129852744
2023-06-20,1471,1471,1444,1455,73564,-0.010876954452753274
2023-06-21,1463,1499,1433,1434,78149,-0.014432989690721598
2023-06-22,1405,1427,1400,1406,58066,-0.019525801952580246
2023-06-23,1406,1435,1399,1406,43089,0.0
2023-06-26,1409,1525,1385,1467,184428,0.04338549075391174
2023-06-27,1483,1515,1459,1464,67515,-0.002044989775051076
2023-06-28,1464,1487,1438,1469,50348,0.003415300546448119
2023-06-29,1463,1468,1427,1433,30488,-0.02450646698434311
2023-06-30,1433,1442,1402,1437,87725,0.002791346824843055
2023-07-03,1445,1515,1445,1510,124532,0.05080027835768952
2023-07-04,1535,1541,1440,1480,74829,-0.019867549668874163
2023-07-05,1511,1511,1431,1444,49735,-0.024324324324324298
2023-07-06,1447,1447,1415,1421,36238,-0.015927977839335195
2023-07-07,1412,1421,1392,1399,67351,-0.015482054890921915
2023-07-10,1399,1451,1376,1401,74263,0.0014295925661187425
2023-07-11,1401,1420,1401,1410,31053,0.0064239828693790635
2023-07-12,1422,1437,1391,1391,67411,-0.013475177304964503
2023-07-13,1407,1423,1398,1408,30798,0.012221423436376666
2023-07-14,1408,1413,1399,1411,27525,0.0021306818181818787
2023-07-17,1411,1425,1395,1417,29888,0.00425230333097093
2023-07-18,1417,1421,1403,1413,27802,-0.0028228652081863093
2023-07-19,1413,1413,1396,1403,34425,-0.00707714083510258
2023-07-20,1403,1414,1396,1403,64331,0.0
2023-07-21,1403,1436,1401,1409,22695,0.004276550249465494
2023-07-24,1400,1408,1369,1369,95943,-0.02838892831795603
2023-07-25,1369,1427,1327,1348,181816,-0.015339663988312657
2023-07-26,1348,1348,1260,1264,171585,-0.06231454005934722
2023-07-27,1264,1289,1222,1231,158980,-0.02610759493670889
2023-07-28,1253,1328,1246,1311,54929,0.06498781478472782
2023-07-31,1311,1335,1311,1331,23006,0.015255530129671957
2023-08-01,1335,1370,1331,1350,33495,0.01427498121712989
2023-08-02,1351,1409,1351,1398,51627,0.03555555555555556
2023-08-03,1397,1430,1372,1409,74547,0.007868383404864066
2023-08-04,1412,1412,1365,1365,29372,-0.031227821149751644
2023-08-07,1365,1378,1359,1370,22486,0.00366300366300365
2023-08-08,1370,1378,1271,1308,33820,-0.045255474452554734
2023-08-09,1308,1308,1271,1300,39326,-0.006116207951070374
2023-08-10,1299,1320,1294,1315,21409,0.011538461538461497
2023-08-11,1328,1328,1307,1317,20241,0.001520912547528619
2023-08-14,1317,1322,1292,1293,33235,-0.018223234624145768
2023-08-16,1293,1298,1200,1295,70465,0.0015467904098993568
2023-08-17,1264,1295,1236,1291,18867,-0.003088803088803105
2023-08-18,1226,1290,1223,1279,23715,-0.009295120061967421
2023-08-21,1273,1290,1256,1275,17119,-0.0031274433150899617
2023-08-22,1300,1311,1275,1275,16426,0.0
2023-08-23,1281,1315,1271,1271,13742,-0.0031372549019608176
2023-08-24,1259,1285,1225,1225,19664,-0.03619197482297398
2023-08-25,1225,1279,1225,1245,27949,0.01632653061224487
2023-08-28,1245,1285,1245,1275,11862,0.024096385542168752
2023-08-29,1275,1279,1266,1267,6244,-0.006274509803921524
2023-08-30,1284,1295,1261,1269,20732,0.0015785319652723562
2023-08-31,1269,1280,1269,1278,11871,0.007092198581560183
2023-09-01,1278,1282,1265,1269,24538,-0.007042253521126751
2023-09-04,1269,1279,1257,1270,8295,0.0007880220646176994
2023-09-05,1270,1278,1270,1270,13664,0.0
2023-09-06,1281,1281,1240,1240,26326,-0.023622047244094446
2023-09-07,1216,1239,1210,1236,23669,-0.003225806451612856
2023-09-08,1205,1249,1200,1248,25525,0.009708737864077666
2023-09-11,1249,1260,1227,1228,34232,-0.01602564102564108
2023-09-12,1228,1249,1216,1230,24769,0.0016286644951140072
2023-09-13,1208,1222,1200,1205,36073,-0.020325203252032575
2023-09-14,1196,1210,1180,1209,38660,0.003319502074688785
2023-09-15,1225,1255,1221,1222,40229,0.010752688172043001
2023-09-18,1235,1248,1216,1221,24770,-0.0008183306055646877
2023-09-19,1208,1221,1181,1209,25345,-0.009828009828009798
2023-09-20,1200,1209,1144,1190,45393,-0.01571546732837059
2023-09-21,1190,1190,1150,1170,34850,-0.01680672268907568
2023-09-22,1158,1199,1153,1172,16768,0.0017094017094017033
2023-09-25,1172,1178,1089,1090,109689,-0.06996587030716728
2023-09-26,1090,1119,1090,1109,11388,0.017431192660550376
2023-09-27,1108,1109,1040,1103,32984,-0.0054102795311090635
2023-10-04,1103,1130,1103,1111,44749,0.0072529465095194645
2023-10-05,1099,1099,1078,1095,35371,-0.014401440144014455
2023-10-06,1090,1090,1020,1051,19896,-0.040182648401826504
2023-10-10,1065,1099,1030,1044,97063,-0.006660323501427201
2023-10-11,1034,1035,971,1012,53626,-0.03065134099616862
2023-10-12,1012,1050,1012,1045,28439,0.032608695652173836
2023-10-13,1045,1094,1045,1086,28287,0.03923444976076551
2023-10-16,1077,1115,1048,1075,27190,-0.0101289134438306
2023-10-17,1068,1070,1036,1054,16657,-0.019534883720930263
2023-10-18,1054,1079,1054,1055,16106,0.000948766603415585
2023-10-19,1054,1055,1007,1016,16998,-0.03696682464454981
2023-10-20,1016,1019,965,1019,72532,0.0029527559055118058
2023-10-23,1001,1001,988,996,18632,-0.02257114818449457
2023-10-24,996,1060,996,1015,25267,0.01907630522088355
2023-10-25,1030,1060,1021,1021,64744,0.005911330049261032
2023-10-26,1021,1021,990,1003,32167,-0.01762977473065619
2023-10-27,1003,1003,976,1001,25393,-0.001994017946161497
2023-10-30,1001,1004,971,987,29439,-0.013986013986013957
2023-10-31,999,1034,998,1034,28180,0.04761904761904767
2023-11-01,1032,1032,1014,1014,8913,-0.01934235976789167
2023-11-02,1020,1060,1020,1056,13186,0.041420118343195256
2023-11-03,1062,1085,1056,1073,50894,0.016098484848484862
2023-11-06,1076,1140,1074,1075,53646,0.0018639328984155767
2023-11-07,1076,1106,1076,1086,13705,0.01023255813953483
2023-11-08,1086,1094,1077,1079,18560,-0.006445672191528584
2023-11-09,1079,1098,1079,1088,10480,0.008341056533827551
2023-11-10,1088,1099,1061,1088,10150,0.0
2023-11-13,1081,1082,1010,1050,25733,-0.03492647058823528
2023-11-14,1050,1059,1017,1051,26747,0.0009523809523810378
2023-11-15,1052,1133,1044,1044,92277,-0.006660323501427201
2023-11-16,1074,1095,1017,1043,79595,-0.0009578544061302763
2023-11-17,1043,1060,1032,1043,13801,0.0
2023-11-20,1043,1066,1023,1034,33266,-0.00862895493767979
2023-11-21,1034,1034,1024,1029,13353,-0.004835589941972973
2023-11-22,1029,1337,1014,1337,3417720,0.2993197278911566
2023-11-23,1347,1690,1347,1557,9619802,0.16454749439042637
2023-11-24,1542,1610,1461,1507,1018923,-0.03211303789338471
2023-11-27,1497,1506,1281,1329,1130798,-0.11811546118115457
2023-11-28,1271,1296,1086,1128,1445127,-0.1512415349887133
2023-11-29,1128,1133,1070,1121,285167,-0.006205673758865271
2023-11-30,1108,1108,1014,1046,408884,-0.06690454950936664
2023-12-01,1050,1066,1029,1065,188154,0.018164435946462776
2023-12-04,1065,1089,1040,1089,153428,0.022535211267605604
2023-12-05,1080,1089,1040,1070,107153,-0.017447199265381075
2023-12-06,1070,1070,1045,1057,74593,-0.012149532710280408
2023-12-07,1058,1111,1057,1077,114107,0.018921475875118166
2023-12-08,1077,1110,1047,1065,103556,-0.011142061281337101
2023-12-11,1071,1101,1071,1078,110500,0.012206572769952961
2023-12-12,1084,1177,1084,1146,251411,0.06307977736549164
2023-12-13,1146,1165,1080,1102,124517,-0.03839441535776611
2023-12-14,1102,1104,1041,1070,185574,-0.029038112522686066
2023-12-15,1070,1100,1064,1093,53886,0.021495327102803774
2023-12-18,1108,1109,1083,1104,33366,0.010064043915827936
2023-12-19,1118,1119,1064,1098,89216,-0.005434782608695676
2023-12-20,1104,1106,1066,1067,65719,-0.02823315118397085
2023-12-21,1080,1082,1057,1060,67461,-0.006560449859418949
2023-12-22,1067,1082,1050,1061,48476,0.0009433962264151496
2023-12-26,1076,1096,1065,1081,43365,0.018850141376060225
2023-12-27,1081,1142,1081,1110,97157,0.026827012025901986
2023-12-28,1111,1120,1093,1100,39721,-0.009009009009009028
2024-01-02,1100,1145,1100,1109,77283,0.00818181818181829
2024-01-03,1109,1141,1098,1114,52717,0.004508566275924331
2024-01-04,1114,1135,1114,1115,64619,0.0008976660682227244
2024-01-05,1139,1139,1106,1106,55606,-0.008071748878923812
2024-01-08,1135,1136,1112,1121,24375,0.013562386980108476
2024-01-09,1147,1147,1121,1139,36846,0.01605709188224802
2024-01-10,1139,1139,1108,1108,47581,-0.027216856892010588
2024-01-11,1108,1108,1031,1083,60601,-0.022563176895306847
2024-01-12,1083,1117,1041,1059,66115,-0.02216066481994461
2024-01-15,1059,1079,1038,1054,34045,-0.0047214353163361755
2024-01-16,1040,1049,970,1029,111751,-0.02371916508538896
2024-01-17,1028,1028,1004,1015,25377,-0.013605442176870763
2024-01-18,1015,1035,993,1017,36402,0.0019704433497536034
2024-01-19,1017,1070,1017,1040,34355,0.022615535889872085
2024-01-22,1042,1147,1042,1103,297008,0.060576923076923084
2024-01-23,1103,1125,1103,1115,39187,0.010879419764279197
2024-01-24,1115,1126,1070,1119,83799,0.0035874439461882623
2024-01-25,1119,1119,1054,1097,32810,-0.01966041108132266
2024-01-26,1097,1097,1063,1069,31418,-0.025524156791248864
2024-01-29,1081,1099,1077,1092,17222,0.021515434985968085
2024-01-30,1082,1115,1054,1110,44394,0.016483516483516425
2024-01-31,1110,1146,1064,1093,88575,-0.01531531531531527
2024-02-01,1091,1111,1071,1106,31637,0.011893870082342106
2024-02-02,1106,1130,1095,1114,55105,0.00723327305605781
2024-02-05,1114,1140,1114,1128,31710,0.012567324955116588
2024-02-06,1127,1146,1117,1124,21729,-0.0035460992907800915
2024-02-07,1108,1113,1085,1104,41456,-0.017793594306049876
2024-02-08,1104,1104,1048,1075,28372,-0.026268115942028936
2024-02-13,1075,1097,1074,1097,25394,0.02046511627906966
2024-02-14,1089,1096,1064,1073,20496,-0.021877848678213296
2024-02-15,1072,1072,1048,1069,33067,-0.0037278657968312645
2024-02-16,1048,1061,1046,1057,31333,-0.011225444340505097
2024-02-19,1054,1058,974,1030,194360,-0.0255439924314097
2024-02-20,1036,1065,1030,1040,30635,0.009708737864077666
2024-02-21,1040,1050,1033,1038,37902,-0.0019230769230769162
2024-02-22,1038,1055,1031,1043,27149,0.00481695568400764
2024-02-23,1046,1046,1028,1030,41726,-0.012464046021092967
2024-02-26,1030,1070,1030,1064,31731,0.03300970873786402
2024-02-27,1064,1079,1036,1036,19175,-0.02631578947368418
2024-02-28,1036,1075,1036,1073,24431,0.03571428571428581
2024-02-29,1073,1088,1055,1070,31352,-0.002795899347623476
2024-03-04,1070,1070,1034,1035,23778,-0.032710280373831724
2024-03-05,1035,1045,1028,1031,23005,-0.0038647342995169476
2024-03-06,1031,1033,1011,1031,38322,0.0
2024-03-07,1025,1031,1002,1020,27826,-0.01066925315227929
2024-03-08,1020,1029,1006,1006,61076,-0.013725490196078383
2024-03-11,1006,1045,1006,1020,46161,0.013916500994035852
2024-03-12,1022,1022,1009,1021,32477,0.0009803921568627416
2024-03-13,1023,1029,1008,1008,24734,-0.012732615083251742
2024-03-14,1008,1015,990,1015,26685,0.00694444444444442
2024-03-15,1053,1053,1010,1011,46657,-0.003940886699507429
2024-03-18,1011,1023,1008,1012,20111,0.0009891196834816984
2024-03-19,1012,1225,1012,1057,501386,0.04446640316205541
2024-03-20,1058,1097,1025,1065,70295,0.007568590350047311
2024-03-21,1065,1089,1040,1065,43281,0.0
2024-03-22,1064,1064,1044,1064,25395,-0.0009389671361502705
2024-03-25,1064,1085,1053,1069,28544,0.0046992481203007586
2024-03-26,1069,1084,1051,1064,23770,-0.004677268475210439
2024-03-27,1064,1064,1040,1040,15293,-0.022556390977443663
2024-03-28,1041,1048,1008,1013,41611,-0.02596153846153848
2024-03-29,1021,1060,1014,1026,93383,0.012833168805528095
2024-04-01,1033,1100,1027,1044,35964,0.01754385964912286
2024-04-02,1044,1225,1044,1096,888265,0.04980842911877392
2024-04-03,1096,1160,1096,1120,148591,0.021897810218978186
2024-04-04,1170,1456,1131,1317,11463949,0.17589285714285707
2024-04-05,1237,1240,1150,1181,1472512,-0.10326499620349283
2024-04-08,1170,1171,1060,1069,459984,-0.09483488569009313
2024-04-09,1059,1088,1050,1056,235530,-0.012160898035547207
2024-04-11,1056,1061,1025,1055,192320,-0.0009469696969697239
2024-04-12,1055,1117,1034,1104,337277,0.04644549763033168
2024-04-15,1102,1104,1022,1070,235778,-0.030797101449275388
2024-04-16,1059,1070,1019,1020,170421,-0.04672897196261683
2024-04-17,1015,1059,1015,1049,82359,0.028431372549019507
2024-04-18,1049,1065,1020,1038,75246,-0.010486177311725409
2024-04-19,1047,1055,1009,1031,132158,-0.00674373795761074
2024-04-22,1025,1038,1025,1032,75927,0.0009699321047527132
2024-04-23,1033,1059,1017,1019,90553,-0.012596899224806224
2024-04-24,1047,1047,1021,1021,34446,0.001962708537782243
2024-04-25,1044,1044,1015,1021,42666,0.0
2024-04-26,1031,1034,1019,1019,25962,-0.0019588638589618235
2024-04-29,1028,1037,1017,1017,35546,-0.001962708537782132
2024-04-30,1038,1038,1020,1035,24700,0.017699115044247815
2024-05-02,1044,1053,1026,1032,43484,-0.0028985507246376274
2024-05-03,1040,1081,1038,1068,58018,0.03488372093023262
2024-05-07,1069,1090,1068,1074,53932,0.00561797752808979
2024-05-08,1074,1075,1050,1052,31385,-0.020484171322160183
2024-05-09,1055,1062,1026,1029,31274,-0.02186311787072248
2024-05-10,1029,1070,1025,1044,45299,0.014577259475218707
2024-05-13,1048,1064,1032,1033,26932,-0.010536398467432928
2024-05-14,1037,1045,1035,1042,9953,0.00871248789932233
2024-05-16,1050,1053,1031,1033,27580,-0.008637236084452993
2024-05-17,1074,1074,1003,1012,51184,-0.020329138431752214
2024-05-20,1012,1030,991,998,51431,-0.013833992094861691
2024-05-21,1000,1029,999,1008,36331,0.01002004008016022
2024-05-22,1007,1025,1000,1006,39298,-0.001984126984126977
2024-05-23,1009,1019,998,1000,48859,-0.005964214711729587
2024-05-24,1005,1015,1000,1003,14195,0.0029999999999998916
2024-05-27,1000,1011,998,1002,41990,-0.0009970089730807485
2024-05-28,1003,1019,1002,1015,18582,0.012974051896207595
2024-05-29,1015,1020,1002,1006,33361,-0.00886699507389166
2024-05-30,1000,1025,997,1019,61023,0.012922465208747624
2024-05-31,1019,1023,1002,1011,29128,-0.007850834151128527
2024-06-03,1011,1022,1005,1010,26438,-0.0009891196834816984
2024-06-04,1002,1012,980,999,73589,-0.0108910891089109
2024-06-05,997,1015,981,994,82401,-0.005005005005005003
2024-06-07,995,1030,995,1004,35221,0.010060362173038184
2024-06-10,994,1022,994,1000,19662,-0.003984063745019917
2024-06-11,996,1019,990,1012,18242,0.01200000000000001
2024-06-12,1000,1012,995,1001,23650,-0.010869565217391353
2024-06-13,1000,1008,997,998,22230,-0.0029970029970030065
2024-06-14,998,1017,990,1004,44606,0.006012024048096087
2024-06-17,995,1000,994,997,14126,-0.006972111553784854
2024-06-18,994,1002,990,997,16400,0.0
2024-06-19,995,1000,990,1000,23566,0.0030090270812437314
2024-06-20,999,999,990,996,8783,-0.0040000000000000036
2024-06-21,980,992,925,957,54639,-0.03915662650602414
2024-06-24,955,955,860,892,100544,-0.06792058516196442
2024-06-25,875,883,788,801,308795,-0.10201793721973096
2024-06-26,797,797,751,751,140846,-0.062421972534332126
2024-06-27,747,749,681,686,255308,-0.08655126498002663
2024-06-28,686,889,686,877,3113294,0.27842565597667646
2024-07-01,877,935,761,780,962594,-0.11060433295324967
2024-07-02,788,1014,784,948,5319503,0.21538461538461529
2024-07-03,969,1050,837,901,3039493,-0.04957805907172996
2024-07-04,875,920,860,860,415624,-0.0455049944506104
2024-07-05,862,869,820,837,215586,-0.02674418604651163
2024-07-08,837,867,820,838,159312,0.0011947431302270495
2024-07-09,841,854,800,806,117869,-0.03818615751789978
2024-07-10,823,1013,815,966,5161889,0.19851116625310183
2024-07-11,966,966,901,921,408520,-0.04658385093167705
2024-07-12,921,960,870,875,258831,-0.04994571118349622
2024-07-15,875,1010,867,899,1214532,0.027428571428571358
2024-07-16,901,926,870,887,156943,-0.013348164627363768
2024-07-17,887,887,857,858,95630,-0.03269447576099216
2024-07-18,850,858,832,839,85509,-0.022144522144522116
2024-07-19,838,859,832,845,31446,0.007151370679380209
2024-07-22,850,863,832,832,40007,-0.01538461538461533
2024-07-23,832,854,822,822,29123,-0.012019230769230727
2024-07-24,822,860,816,816,39220,-0.007299270072992692
2024-07-25,821,1056,821,912,7343222,0.11764705882352944
2024-07-26,914,963,868,880,840712,-0.03508771929824561
2024-07-29,880,880,841,843,190649,-0.0420454545454545
2024-07-30,843,1035,841,934,3510474,0.10794780545670224
2024-07-31,934,950,879,888,267715,-0.04925053533190582
2024-08-01,889,1140,888,993,7495025,0.1182432432432432
2024-08-02,990,1064,948,990,863161,-0.0030211480362537513
2024-08-05,970,980,890,941,336193,-0.04949494949494948
2024-08-06,920,996,916,952,267532,0.011689691817215797
2024-08-07,952,975,905,972,210849,0.021008403361344463
2024-08-08,969,969,899,906,164636,-0.0679012345679012
2024-08-09,906,957,903,940,172317,0.03752759381898452
2024-08-12,938,965,901,913,120975,-0.028723404255319163
2024-08-13,913,928,857,877,171679,-0.03943044906900328
2024-08-14,877,914,845,856,87751,-0.023945267958951022
2024-08-16,849,933,849,867,142341,0.012850467289719614
2024-08-19,899,899,854,864,68612,-0.0034602076124568004
2024-08-20,871,933,864,920,107762,0.06481481481481488
2024-08-21,920,920,866,891,37598,-0.03152173913043477
2024-08-22,894,925,886,901,50489,0.011223344556677839
2024-08-23,901,910,886,888,25833,-0.01442841287458374
2024-08-26,888,892,839,864,55782,-0.027027027027026973
2024-08-27,863,865,830,865,62453,0.0011574074074074403
2024-08-28,865,870,850,853,39282,-0.01387283236994219
2024-08-29,853,876,846,849,32460,-0.004689331770222793
2024-08-30,851,867,851,866,21326,0.020023557126030544
2024-09-02,866,872,831,837,38133,-0.03348729792147809
2024-09-03,838,860,830,838,40816,0.0011947431302270495
2024-09-04,838,865,826,851,41838,0.015513126491646823
2024-09-05,835,867,820,831,49731,-0.023501762632197387
2024-09-06,831,845,819,831,30136,0.0
2024-09-09,831,831,749,798,119223,-0.03971119133574008
2024-09-10,798,843,795,795,60076,-0.003759398496240629
2024-09-11,795,836,795,811,33821,0.020125786163522008
2024-09-12,811,824,804,811,24335,0.0
2024-09-13,828,836,813,816,13855,0.006165228113440113
2024-09-19,816,825,816,825,28444,0.011029411764705843
2024-09-20,825,838,825,826,17175,0.00121212121212122
2024-09-23,843,845,782,806,33202,-0.02421307506053272
2024-09-24,807,820,807,820,19306,0.017369727047146455
2024-09-25,825,873,825,831,47491,0.013414634146341475
2024-09-26,831,860,831,842,32213,0.013237063778579916
2024-09-27,842,862,842,852,32957,0.01187648456057011
2024-09-30,852,870,852,856,20666,0.0046948356807512415
2024-10-02,859,880,848,866,69070,0.011682242990654235
2024-10-04,866,866,829,830,38476,-0.04157043879907618
2024-10-07,830,850,830,846,48280,0.01927710843373487
2024-10-08,846,874,846,859,23624,0.015366430260047359
2024-10-10,861,880,853,864,25927,0.005820721769499437
2024-10-11,878,878,831,865,29226,0.0011574074074074403
2024-10-14,859,859,827,839,13203,-0.030057803468208077
2024-10-15,839,850,831,848,17269,0.010727056019070424
2024-10-16,846,846,819,821,26903,-0.03183962264150941
2024-10-17,816,820,795,800,32356,-0.025578562728379994
2024-10-18,796,815,793,807,32579,0.008750000000000036
2024-10-21,800,807,793,803,15658,-0.00495662949194553
2024-10-22,816,828,797,803,11697,0.0
2024-10-23,795,802,780,791,26886,-0.01494396014943955
2024-10-24,791,835,779,786,23087,-0.006321112515802807
2024-10-25,786,796,780,787,13225,0.0012722646310432406
2024-10-28,787,800,780,780,15069,-0.008894536213468918
2024-10-29,814,815,782,782,24702,0.002564102564102555
2024-10-30,789,814,789,795,17816,0.01662404092071612
2024-10-31,799,820,795,802,12877,0.008805031446540879
2024-11-01,802,802,780,782,23189,-0.02493765586034913
2024-11-04,782,789,758,766,36300,-0.020460358056266004
2024-11-05,781,846,771,782,48434,0.02088772845953013
2024-11-06,789,808,788,789,11385,0.008951406649616356
2024-11-07,789,798,776,776,40053,-0.016476552598225558
2024-11-08,778,815,778,803,26022,0.03479381443298979
2024-11-11,803,808,779,783,52022,-0.02490660024906599
2024-11-12,783,790,707,731,104655,-0.06641123882503197
2024-11-13,731,737,701,701,54106,-0.041039671682626566
2024-11-14,701,706,689,695,59668,-0.008559201141226769
2024-11-15,696,707,679,688,27240,-0.010071942446043147
2024-11-18,697,745,681,693,35860,0.007267441860465018
2024-11-19,704,721,704,721,26577,0.04040404040404044
2024-11-20,721,735,720,728,21542,0.009708737864077666
2024-11-21,722,728,695,699,22748,-0.039835164835164805
2024-11-22,699,699,630,645,103829,-0.07725321888412018
2024-11-25,645,645,602,638,78220,-0.010852713178294615
2024-11-26,638,829,638,720,3976165,0.12852664576802497
2024-11-27,740,750,678,700,250685,-0.02777777777777779
2024-11-28,719,722,686,686,123083,-0.020000000000000018
2024-11-29,698,767,695,695,231296,0.013119533527696792
2024-12-02,696,704,640,659,80678,-0.05179856115107917
2024-12-03,660,676,660,661,39500,0.003034901365705611
2024-12-04,661,693,630,643,65061,-0.027231467473525006
2024-12-05,643,663,636,641,34617,-0.0031104199066873672
2024-12-06,638,666,630,642,47115,0.0015600624024960652
2024-12-09,634,637,615,621,31673,-0.032710280373831724
2024-12-10,624,651,621,647,29757,0.041867954911433136
2024-12-11,657,705,647,686,112626,0.06027820710973719
2024-12-12,692,700,650,685,107658,-0.001457725947521915
2024-12-13,697,720,677,697,46205,0.01751824817518255
2024-12-16,752,752,692,707,52420,0.01434720229555242
2024-12-17,707,717,668,681,72482,-0.036775106082036824
2024-12-18,681,697,674,674,39828,-0.01027900146842875
2024-12-19,674,820,670,751,1789174,0.1142433234421365
2024-12-20,751,767,700,719,138411,-0.04260985352862845
2024-12-23,719,737,686,696,53181,-0.03198887343532686
2024-12-24,702,714,696,696,26228,0.0
2024-12-26,696,722,694,694,42730,-0.002873563218390829
2024-12-27,701,718,685,685,60819,-0.012968299711815567
2024-12-30,683,728,679,693,100528,0.011678832116788218
2025-01-02,704,735,700,714,26380,0.030303030303030276
2025-01-03,707,735,700,729,43204,0.021008403361344463
2025-01-06,722,765,717,735,30171,0.008230452674897082
2025-01-07,735,795,725,726,84070,-0.01224489795918371
2025-01-08,742,765,727,736,62496,0.01377410468319562
2025-01-09,740,765,736,742,30730,0.008152173913043459
2025-01-10,766,779,738,760,35453,0.0242587601078168
2025-01-13,760,769,733,733,21307,-0.03552631578947374
2025-01-14,732,745,721,733,35928,0.0
2025-01-15,733,754,712,737,23366,0.005457025920873049
2025-01-16,744,757,728,733,19365,-0.005427408412483015
2025-01-17,747,756,725,730,26803,-0.004092769440654842
2025-01-20,730,839,730,744,364952,0.019178082191780854
2025-01-21,745,967,745,967,2053929,0.299731182795699
2025-01-22,1108,1180,874,877,4786070,-0.09307135470527406
2025-01-23,864,889,788,788,814335,-0.10148232611174457
2025-01-24,789,805,750,760,317578,-0.035532994923857864
2025-01-31,760,767,730,730,167628,-0.03947368421052633
2025-02-03,735,735,703,707,81400,-0.03150684931506853
2025-02-04,707,722,705,716,71777,0.012729844413012836
2025-02-05,714,747,713,720,83081,0.005586592178770999
2025-02-06,720,731,710,716,72254,-0.005555555555555536
2025-02-07,716,746,706,707,69361,-0.012569832402234637
2025-02-10,705,726,685,700,77489,-0.00990099009900991
2025-02-11,699,709,697,705,31395,0.0071428571428571175
2025-02-12,704,704,691,691,25441,-0.019858156028368823
2025-02-13,682,699,682,694,51049,0.004341534008682979
2025-02-14,694,722,687,687,95848,-0.010086455331412059
2025-02-17,687,699,684,685,65257,-0.0029112081513827937
2025-02-18,682,689,675,683,37663,-0.0029197080291970545
2025-02-19,683,695,678,684,56339,0.0014641288433381305
2025-02-20,684,690,683,687,22324,0.004385964912280604
2025-02-21,687,710,680,680,52812,-0.010189228529839833
2025-02-24,680,687,676,684,28291,0.00588235294117645
2025-02-25,684,698,680,685,28831,0.0014619883040936088
2025-02-26,685,689,674,680,60414,-0.007299270072992692
2025-02-27,680,714,679,680,38743,0.0
2025-02-28,680,687,670,678,47665,-0.002941176470588225
2025-03-04,678,678,667,669,51968,-0.013274336283185861
2025-03-05,669,674,661,669,26936,0.0
2025-03-06,675,690,670,672,22209,0.004484304932735439
2025-03-07,672,680,672,673,17746,0.0014880952380953438
2025-03-10,673,679,660,670,17676,-0.004457652303120341
2025-03-11,670,670,655,659,31733,-0.016417910447761197
2025-03-12,660,669,645,656,27102,-0.004552352048558417
2025-03-13,664,688,657,661,15855,0.007621951219512146
2025-03-14,654,670,653,670,23559,0.013615733736762392
2025-03-17,670,700,670,686,76920,0.023880597014925398
2025-03-18,686,710,683,690,11756,0.005830903790087438
2025-03-19,684,698,684,690,20594,0.0
2025-03-20,704,710,636,636,86246,-0.07826086956521738
2025-03-21,636,638,586,590,271086,-0.07232704402515722
2025-03-24,599,605,515,547,362010,-0.07288135593220335
2025-03-25,547,579,547,569,76909,0.040219378427788
2025-03-26,579,579,565,572,60602,0.005272407732864748
2025-03-27,572,591,572,574,61310,0.0034965034965035446
2025-03-28,574,586,550,556,27347,-0.03135888501742157
2025-03-31,556,573,518,546,74784,-0.017985611510791366
2025-04-01,547,560,533,550,87422,0.0073260073260073
2025-04-02,555,576,555,576,53479,0.047272727272727355
2025-04-03,572,589,571,587,158470,0.01909722222222232
2025-04-04,587,762,570,730,923258,0.24361158432708696
2025-04-07,730,730,651,680,612327,-0.06849315068493156
2025-04-08,850,850,639,639,1137779,-0.06029411764705883
2025-04-09,637,639,580,612,275017,-0.04225352112676062
2025-04-10,612,795,612,795,996648,0.2990196078431373
2025-04-11,787,974,723,753,2800478,-0.05283018867924527
2025-04-14,711,787,711,770,453013,0.02257636122177953
2025-04-15,769,808,741,771,255689,0.0012987012987013546
2025-04-16,769,769,705,713,121991,-0.07522697795071331
2025-04-17,714,733,707,720,74142,0.009817671809256634
2025-04-18,720,724,697,714,94517,-0.008333333333333304
2025-04-21,714,725,710,715,61466,0.0014005602240896309
2025-04-22,722,722,700,707,60294,-0.01118881118881121
2025-04-23,714,755,714,723,78751,0.022630834512022524
2025-04-24,733,767,732,742,66970,0.026279391424619547
2025-04-25,742,878,742,765,374838,0.030997304582210283
2025-04-28,765,796,764,764,52244,-0.0013071895424836555
2025-04-29,764,784,740,740,41119,-0.03141361256544506
2025-04-30,765,777,734,734,31296,-0.008108108108108136
2025-05-02,734,776,734,756,39511,0.02997275204359684
2025-05-07,756,770,741,753,70659,-0.003968253968253954
2025-05-08,753,800,753,787,69816,0.04515272244355906
2025-05-09,810,810,760,760,44499,-0.03430749682337997
2025-05-12,789,794,771,775,45187,0.019736842105263053
2025-05-13,779,790,741,744,47515,-0.040000000000000036
2025-05-14,744,758,740,740,40221,-0.005376344086021501
2025-05-15,741,962,740,962,1570403,0.30000000000000004
2025-05-16,1012,1135,808,815,3484775,-0.15280665280665284
2025-05-19,816,825,758,773,238951,-0.05153374233128838
2025-05-20,774,795,704,744,319663,-0.03751617076325997
2025-05-21,745,802,745,780,175085,0.048387096774193505
2025-05-22,780,798,754,760,68789,-0.02564102564102566
2025-05-23,761,800,748,767,79007,0.009210526315789558
2025-05-26,767,810,767,784,121044,0.022164276401564598
2025-05-27,785,825,785,817,78555,0.042091836734693855
2025-05-28,817,846,792,799,103026,-0.022031823745410017
2025-05-29,801,803,743,782,75121,-0.021276595744680882
2025-05-30,788,829,783,813,41321,0.03964194373401542
2025-06-02,815,858,810,829,68979,0.019680196801967975
2025-06-04,830,870,830,849,65263,0.024125452352231624
2025-06-05,844,875,840,860,54083,0.012956419316843437
2025-06-09,860,873,853,864,44764,0.0046511627906977715
2025-06-10,864,885,820,879,50311,0.01736111111111116
2025-06-11,875,900,831,845,91569,-0.03868031854379972
2025-06-12,845,880,793,827,54341,-0.02130177514792897
2025-06-13,819,945,815,846,665601,0.022974607013301007
2025-06-16,838,852,796,832,108524,-0.01654846335697402
2025-06-17,833,865,833,836,33497,0.004807692307692291
2025-06-18,830,850,821,838,54803,0.0023923444976077235
2025-06-19,838,850,810,826,38106,-0.014319809069212375
2025-06-20,818,830,798,808,26585,-0.021791767554479424
2025-06-23,808,820,760,765,83222,-0.053217821782178265
2025-06-24,770,800,770,786,47151,0.027450980392156765
2025-06-25,787,804,787,788,24265,0.0025445292620864812
2025-06-26,788,845,782,789,36471,0.0012690355329949554
2025-06-27,789,829,786,797,32680,0.010139416983523386
2025-06-30,797,804,776,776,39086,-0.02634880803011297
2025-07-01,776,845,776,787,65756,0.014175257731958713
2025-07-02,787,798,780,796,41738,0.011435832274459878
2025-07-03,796,834,796,824,120026,0.035175879396984966
2025-07-04,824,844,824,840,85965,0.01941747572815533
2025-07-07,833,855,795,853,142814,0.015476190476190421
2025-07-08,853,855,810,820,87208,-0.0386869871043376
2025-07-09,865,1066,851,1066,1135363,0.30000000000000004
2025-07-10,1193,1279,997,1014,10595515,-0.04878048780487809
2025-07-11,1023,1052,938,980,1792083,-0.0335305719921104
2025-07-14,985,1132,965,975,1583915,-0.005102040816326481
2025-07-15,990,1267,987,1267,4441395,0.2994871794871794
2025-07-16,1426,1427,1135,1141,6041961,-0.09944751381215466
2025-07-17,1141,1244,1100,1100,1247630,-0.03593339176161259
2025-07-18,1100,1182,1020,1070,608913,-0.027272727272727226
2025-07-21,1070,1169,1017,1114,542455,0.04112149532710285
2025-07-22,1100,1101,1033,1068,273128,-0.04129263913824055
2025-07-23,1068,1217,999,1033,1117635,-0.03277153558052437
2025-07-24,1039,1100,1031,1041,176349,0.007744433688286589
2025-07-25,1041,1084,1010,1034,98278,-0.00672430355427478
2025-07-28,1028,1034,941,941,162167,-0.08994197292069628
2025-07-29,941,1165,880,1016,5592913,0.07970244420828898
2025-07-30,1019,1249,1019,1066,4049842,0.04921259842519676
2025-07-31,1066,1172,1037,1064,926108,-0.0018761726078799779
2025-08-01,1070,1070,980,1000,231775,-0.06015037593984962
2025-08-04,991,1000,957,995,161147,-0.0050000000000000044
2025-08-05,988,1015,988,993,74769,-0.0020100502512563345
2025-08-06,998,1019,972,990,96179,-0.0030211480362537513
2025-08-07,978,1006,961,988,119316,-0.002020202020202033
2025-08-08,979,993,946,947,79196,-0.041497975708502
2025-08-11,960,1100,939,1019,494480,0.07602956705385422
2025-08-12,1000,1019,989,993,105154,-0.025515210991167825
2025-08-13,993,1020,984,994,91794,0.001007049345417954
2025-08-14,994,1030,994,1002,44854,0.008048289738430636
2025-08-18,1002,1008,956,972,78774,-0.029940119760479056
2025-08-19,964,971,926,938,82762,-0.034979423868312765
2025-08-20,937,959,900,900,102358,-0.04051172707889128
2025-08-21,900,970,900,915,65534,0.016666666666666607
2025-08-22,915,1153,914,1051,5143865,0.14863387978142084
2025-08-25,1051,1081,1021,1035,284407,-0.015223596574690745
2025-08-26,1019,1053,1011,1011,98320,-0.023188405797101463
2025-08-27,1005,1025,987,1000,102749,-0.010880316518298683
2025-08-28,991,1015,985,1003,63121,0.0029999999999998916
2025-08-29,1003,1008,983,998,59689,-0.004985044865403743
2025-09-01,966,970,907,911,122765,-0.08717434869739482
2025-09-02,911,975,911,952,161090,0.04500548847420416
2025-09-03,952,975,913,932,67097,-0.021008403361344574
2025-09-04,932,974,932,938,26449,0.006437768240343367
2025-09-05,938,965,938,938,50220,0.0
2025-09-08,938,970,927,929,84701,-0.009594882729211052
2025-09-09,921,929,900,906,99341,-0.024757804090419833
2025-09-10,906,929,900,910,94755,0.004415011037527616
2025-09-11,927,927,897,908,52577,-0.00219780219780219
2025-09-12,910,912,900,910,37033,0.0022026431718060735
2025-09-15,910,936,906,908,33402,-0.00219780219780219
2025-09-16,902,917,902,905,38546,-0.0033039647577092213
2025-09-17,905,921,900,911,26568,0.006629834254143541
2025-09-18,911,940,905,919,44235,0.008781558726673966
2025-09-19,919,925,912,912,43444,-0.007616974972796564
2025-09-22,912,936,912,914,58918,0.002192982456140413
2025-09-23,915,937,914,932,35906,0.01969365426695835
2025-09-24,932,932,918,925,31522,-0.007510729613733891
2025-09-25,917,925,915,916,14334,-0.009729729729729741
2025-09-26,915,917,897,904,39160,-0.013100436681222738
2025-09-29,904,912,896,901,19569,-0.0033185840707964376
2025-09-30,901,910,885,902,43442,0.0011098779134295356
2025-10-01,902,921,902,912,25624,0.011086474501108556
2025-10-02,912,920,912,919,10545,0.007675438596491224
2025-10-10,925,925,901,901,28619,-0.019586507072905324
2025-10-13,901,901,846,869,152172,-0.035516093229744694
2025-10-14,877,883,869,873,59624,0.004602991944764101
2025-10-15,866,873,848,852,77541,-0.02405498281786944
2025-10-16,856,860,852,852,79639,0.0
2025-10-17,857,1107,852,880,10615592,0.032863849765258246
2025-10-20,880,918,847,851,465974,-0.03295454545454546
2025-10-21,858,872,850,864,198409,0.01527614571092828
2025-10-22,864,929,864,876,135106,0.01388888888888884
2025-10-23,890,894,866,875,93358,-0.0011415525114155667
2025-10-24,886,1049,875,889,2053889,0.016000000000000014
2025-10-27,897,959,890,914,205016,0.028121484814398245
2025-10-28,938,938,892,900,123953,-0.015317286652078765
2025-10-29,901,910,885,885,86023,-0.01666666666666672
2025-10-30,893,1066,880,965,2367279,0.09039548022598876
2025-10-31,961,1035,936,1020,293005,0.05699481865284972
2025-11-03,973,1017,941,941,161742,-0.07745098039215681
2025-11-04,941,1035,940,984,250177,0.0456960680127525
2025-11-05,984,1015,960,996,125038,0.012195121951219523
