Date,Open,High,Low,Close,Volume,Change
2022-01-03,24350,25200,23700,25000,301703,0.04166666666666674
2022-01-04,25900,27000,25500,26700,691173,0.06800000000000006
2022-01-05,26400,26400,25200,25250,214074,-0.054307116104868935
2022-01-06,24500,27500,24000,24550,608072,-0.027722772277227747
2022-01-07,25200,25850,23700,24200,222050,-0.014256619144602856
2022-01-10,24150,24350,22300,22700,214958,-0.06198347107438018
2022-01-11,22650,22650,21000,21400,185933,-0.05726872246696035
2022-01-12,21400,21700,21100,21600,141448,0.009345794392523255
2022-01-13,21650,21650,20200,20300,118246,-0.06018518518518523
2022-01-14,20000,20650,19600,20600,80972,0.014778325123152802
2022-01-17,20550,20600,19950,20250,52784,-0.016990291262135915
2022-01-18,20200,20500,18600,19150,103677,-0.05432098765432103
2022-01-19,18900,19500,18750,19500,69122,0.018276762402088753
2022-01-20,19500,20250,19300,20100,35293,0.03076923076923066
2022-01-21,19600,20150,19300,19450,59702,-0.03233830845771146
2022-01-24,19450,19650,18050,18250,54242,-0.06169665809768643
2022-01-25,18350,18500,17100,17400,101454,-0.046575342465753455
2022-01-26,17150,17900,17150,17350,39592,-0.002873563218390829
2022-01-27,17700,17900,16800,17100,46213,-0.014409221902017322
2022-01-28,17650,17800,16700,17650,49816,0.032163742690058506
2022-02-03,17750,18500,17750,18150,36383,0.028328611898017053
2022-02-04,18100,18900,17750,18850,43478,0.038567493112947604
2022-02-07,18950,19300,18350,19050,33934,0.010610079575596787
2022-02-08,19050,19200,18850,18950,27583,-0.005249343832021025
2022-02-09,19250,19250,18750,18950,26289,0.0
2022-02-10,19100,19100,17950,18300,47749,-0.03430079155672827
2022-02-11,18300,18500,17900,18250,13062,-0.002732240437158473
2022-02-14,18000,18200,17500,17900,20431,-0.019178082191780854
2022-02-15,17500,17950,16800,17600,32993,-0.016759776536312887
2022-02-16,17600,18100,17600,17900,14850,0.017045454545454586
2022-02-17,18200,18200,17250,17750,26083,-0.008379888268156388
2022-02-18,17250,17850,17250,17500,30027,-0.014084507042253502
2022-02-21,17450,17850,17100,17750,18960,0.014285714285714235
2022-02-22,17650,18100,17300,17350,21597,-0.022535211267605604
2022-02-23,17600,17850,17300,17400,13236,0.0028818443804035088
2022-02-24,17400,17400,16550,16550,30244,-0.048850574712643646
2022-02-25,16700,17200,16700,16800,27866,0.015105740181268867
2022-02-28,17050,17350,16600,16950,12096,0.008928571428571397
2022-03-02,17000,17400,17000,17400,6747,0.026548672566371723
2022-03-03,17450,17550,17200,17450,14169,0.002873563218390718
2022-03-04,17600,17600,17150,17200,13124,-0.014326647564469885
2022-03-07,16950,17150,16850,17000,11144,-0.011627906976744207
2022-03-08,16750,17250,16750,16950,13201,-0.002941176470588225
2022-03-10,17150,17350,16850,16950,10846,0.0
2022-03-11,17100,17150,16900,17150,7897,0.01179941002949847
2022-03-14,17200,17200,16800,17100,12357,-0.002915451895043719
2022-03-15,17150,17550,16850,17550,30432,0.026315789473684292
2022-03-16,17550,17950,17250,17700,24626,0.008547008547008517
2022-03-17,17800,18500,17800,18150,38945,0.025423728813559254
2022-03-18,18150,18400,17900,18150,14380,0.0
2022-03-21,18250,18600,18100,18100,18050,-0.0027548209366391463
2022-03-22,18000,18350,18000,18300,9278,0.011049723756906049
2022-03-23,18600,18600,17850,18150,18249,-0.008196721311475419
2022-03-24,18000,18650,17800,18500,27143,0.019283746556473913
2022-03-25,18450,18500,18150,18450,17604,-0.002702702702702675
2022-03-28,18400,18500,18100,18500,16369,0.0027100271002709064
2022-03-29,18550,19500,18350,19300,144597,0.043243243243243246
2022-03-30,19350,20100,19200,19300,83109,0.0
2022-03-31,19300,19550,19050,19400,20351,0.005181347150259086
2022-04-01,19300,19300,18650,18800,35457,-0.030927835051546393
2022-04-04,19150,19150,18500,18850,32556,0.0026595744680850686
2022-04-05,19100,19100,18750,18800,19046,-0.0026525198938992522
2022-04-06,18750,20600,18600,19250,150746,0.02393617021276606
2022-04-07,19100,19700,18550,18650,55611,-0.03116883116883118
2022-04-08,18750,19050,18300,18300,34244,-0.018766756032171594
2022-04-11,18300,18300,18000,18200,21210,-0.005464480874316946
2022-04-12,18000,18350,17950,18350,13535,0.008241758241758212
2022-04-13,18050,18700,18050,18450,9398,0.005449591280654031
2022-04-14,18550,18550,18000,18150,14624,-0.016260162601625994
2022-04-15,18150,18500,18050,18400,6075,0.01377410468319562
2022-04-18,18150,18300,18000,18100,9882,-0.016304347826086918
2022-04-19,18050,18450,18050,18100,5828,0.0
2022-04-20,18000,18200,17900,18000,12081,-0.0055248618784530246
2022-04-21,18100,18100,17900,18000,17759,0.0
2022-04-22,17900,17900,17450,17650,24187,-0.019444444444444486
2022-04-25,17200,17350,17000,17050,27245,-0.03399433427762044
2022-04-26,17050,17600,16900,17500,19856,0.02639296187683282
2022-04-27,16900,17250,16700,17050,12671,-0.02571428571428569
2022-04-28,17050,17400,16900,17050,9328,0.0
2022-04-29,17050,17400,17000,17300,5549,0.014662756598240456
2022-05-02,17150,17350,16900,17000,11546,-0.017341040462427793
2022-05-03,17050,17200,16600,17050,10493,0.002941176470588225
2022-05-04,17050,17100,16800,16950,10886,-0.0058651026392961825
2022-05-06,16650,16950,16400,16800,14651,-0.008849557522123908
2022-05-09,16850,16850,15900,16050,24688,-0.044642857142857095
2022-05-10,15500,16050,15200,15600,32887,-0.028037383177570097
2022-05-11,15750,16000,15600,15600,5361,0.0
2022-05-12,15400,15700,14900,14900,18839,-0.04487179487179482
2022-05-13,14850,15300,14850,15100,12267,0.01342281879194629
2022-05-16,14950,15700,14000,14700,30658,-0.026490066225165587
2022-05-17,14750,15000,14400,14750,8359,0.00340136054421758
2022-05-18,14700,15000,14700,14950,5392,0.013559322033898313
2022-05-19,14450,14750,14300,14600,11782,-0.02341137123745818
2022-05-20,14550,15050,14550,15050,10316,0.03082191780821919
2022-05-23,15050,15200,14850,15100,6255,0.0033222591362125353
2022-05-24,15100,15250,14750,15000,7065,-0.0066225165562914245
2022-05-25,14950,14950,14550,14650,23720,-0.023333333333333317
2022-05-26,14700,15000,14600,14700,11791,0.0034129692832765013
2022-05-27,15000,15050,14500,14800,16818,0.006802721088435382
2022-05-30,15000,15000,14700,14750,8918,-0.0033783783783783994
2022-05-31,14800,15100,14650,15100,12268,0.023728813559322104
2022-06-02,15100,15100,14600,14850,15491,-0.01655629139072845
2022-06-03,14850,15000,14700,14700,9426,-0.010101010101010055
2022-06-07,14700,14800,14400,14600,6676,-0.006802721088435382
2022-06-08,14500,14700,14200,14450,5861,-0.010273972602739767
2022-06-09,14300,14550,14200,14450,4274,0.0
2022-06-10,14400,14400,13950,14150,18456,-0.02076124567474047
2022-06-13,13900,13950,13250,13300,16522,-0.060070671378091856
2022-06-14,12650,13250,12550,12800,23932,-0.03759398496240607
2022-06-15,12600,12750,12000,12200,28385,-0.046875
2022-06-16,12500,12950,12250,12600,20621,0.032786885245901676
2022-06-17,12100,12500,12000,12350,17324,-0.019841269841269882
2022-06-20,12500,12500,11250,11450,28959,-0.07287449392712553
2022-06-21,11450,11850,11300,11800,14167,0.03056768558951961
2022-06-22,11700,11900,11000,11150,17433,-0.05508474576271183
2022-06-23,11150,11200,10300,10500,40589,-0.058295964125560484
2022-06-24,10250,11050,10250,10900,23378,0.03809523809523818
2022-06-27,10900,11450,10900,11150,13764,0.022935779816513735
2022-06-28,11000,11300,10950,11150,13152,0.0
2022-06-29,11150,11350,10850,11350,8363,0.017937219730941756
2022-06-30,11200,11400,10850,10900,10479,-0.03964757709251099
2022-07-01,10700,11000,10350,10700,16327,-0.01834862385321101
2022-07-04,10750,10900,10000,10300,19938,-0.03738317757009346
2022-07-05,10300,12700,10300,12050,477826,0.16990291262135915
2022-07-06,12150,15650,11950,15650,1055843,0.29875518672199175
2022-07-07,16850,18450,14850,15950,2007973,0.019169329073482455
2022-07-08,15850,16150,15100,15100,268064,-0.053291536050156685
2022-07-11,15200,18100,14600,16800,1400927,0.11258278145695355
2022-07-12,16200,16850,15250,16200,362652,-0.0357142857142857
2022-07-13,14800,14850,13800,13900,326400,-0.14197530864197527
2022-07-14,13750,13800,13250,13600,147812,-0.021582733812949617
2022-07-15,13400,13650,13000,13100,125543,-0.03676470588235292
2022-07-18,13250,13750,13200,13650,101448,0.041984732824427384
2022-07-19,13850,17700,13500,17700,1889048,0.29670329670329676
2022-07-20,19100,20100,17900,18200,2638608,0.02824858757062154
2022-07-21,18550,19050,17450,17700,685938,-0.027472527472527486
2022-07-22,17700,18050,17150,17200,286488,-0.02824858757062143
2022-07-25,17350,21750,17300,18650,5579487,0.08430232558139528
2022-07-26,18300,18400,16700,17050,734098,-0.0857908847184986
2022-07-27,16900,20000,16650,18750,2908834,0.0997067448680351
2022-07-28,18600,20550,18450,19150,1878671,0.021333333333333426
2022-07-29,18850,19550,17850,18300,395946,-0.044386422976501305
2022-08-01,18100,18400,17750,17850,175195,-0.024590163934426257
2022-08-02,17850,17850,17200,17500,142009,-0.019607843137254943
2022-08-03,17400,18200,17250,17850,252712,0.020000000000000018
2022-08-04,17750,18350,17100,17100,270617,-0.04201680672268904
2022-08-05,17350,17700,16950,17450,163794,0.020467836257309857
2022-08-08,17450,17500,17000,17250,88539,-0.011461318051575908
2022-08-09,17250,19550,17250,18400,1421976,0.06666666666666665
2022-08-10,18450,19200,17450,18300,689848,-0.005434782608695676
2022-08-11,18100,18600,17900,18300,286960,0.0
2022-08-12,18150,18300,17750,17900,176798,-0.021857923497267784
2022-08-16,17900,18100,17150,17700,153706,-0.011173184357541888
2022-08-17,17700,18200,17200,17450,178040,-0.01412429378531077
2022-08-18,17000,17600,16900,17050,140966,-0.022922636103151817
2022-08-19,17000,17250,16450,16600,118414,-0.02639296187683282
2022-08-22,16050,16400,15850,15850,92437,-0.04518072289156627
2022-08-23,15450,16950,15400,16400,230446,0.034700315457413256
2022-08-24,16450,16700,16150,16450,75045,0.0030487804878047697
2022-08-25,16450,17000,16300,16300,72335,-0.00911854103343468
2022-08-26,16300,16550,15650,15950,137963,-0.021472392638036797
2022-08-29,15300,15700,14950,15450,99055,-0.031347962382445194
2022-08-30,15450,16150,15400,15650,52005,0.012944983818770295
2022-08-31,15400,15900,15350,15750,41785,0.006389776357827559
2022-09-01,15750,15750,14600,14800,110071,-0.060317460317460325
2022-09-02,14850,15250,14300,14300,72190,-0.03378378378378377
2022-09-05,14100,14700,13900,14100,61679,-0.013986013986013957
2022-09-06,14000,14550,14000,14350,39436,0.01773049645390068
2022-09-07,14200,14450,13750,13850,47435,-0.03484320557491294
2022-09-08,13850,14250,13700,14200,49155,0.025270758122743597
2022-09-13,14400,14650,14250,14600,39363,0.028169014084507005
2022-09-14,13800,14400,13800,14350,25586,-0.017123287671232834
2022-09-15,14350,14450,13850,13950,40971,-0.027874564459930307
2022-09-16,13800,14000,13250,13350,75078,-0.043010752688172005
2022-09-19,13250,13500,12450,12700,55303,-0.048689138576779034
2022-09-20,12800,13150,12800,12850,32791,0.011811023622047223
2022-09-21,12600,13200,12600,12700,45580,-0.011673151750972721
2022-09-22,12550,12800,12050,12550,53405,-0.011811023622047223
2022-09-23,12300,12550,12050,12250,38714,-0.0239043824701195
2022-09-26,12000,12200,11350,11550,68568,-0.05714285714285716
2022-09-27,11300,11850,11300,11550,53217,0.0
2022-09-28,11450,11900,10800,10900,94234,-0.05627705627705626
2022-09-29,11050,11750,11000,11000,65342,0.00917431192660545
2022-09-30,10800,11250,10650,10950,34137,-0.004545454545454519
2022-10-04,11100,11450,10950,11300,30900,0.03196347031963476
2022-10-05,11550,11600,10950,11050,34773,-0.02212389380530977
2022-10-06,11050,12050,11050,11850,62278,0.07239819004524883
2022-10-07,11600,11750,11300,11350,47946,-0.04219409282700426
2022-10-11,11050,11050,10500,10500,66461,-0.07488986784140972
2022-10-12,10550,10850,10300,10500,31598,0.0
2022-10-13,10400,10500,9900,9990,75467,-0.0485714285714286
2022-10-14,10100,10900,10100,10500,60151,0.05105105105105112
2022-10-17,10300,10950,10100,10800,39623,0.02857142857142847
2022-10-18,11050,11450,10950,11200,35906,0.03703703703703698
2022-10-19,11250,11400,10850,10900,35121,-0.0267857142857143
2022-10-20,10800,11000,10550,10700,19461,-0.01834862385321101
2022-10-21,10550,10800,10450,10500,17600,-0.01869158878504673
2022-10-24,10750,10900,10650,10700,23047,0.01904761904761898
2022-10-25,10700,11050,10400,10550,38326,-0.014018691588784993
2022-10-26,10700,13700,10700,12750,2165676,0.20853080568720372
2022-10-27,12800,13600,12500,13000,500542,0.019607843137254832
2022-10-28,12800,12800,11850,12050,218995,-0.07307692307692304
2022-10-31,12200,13700,12050,12050,1085799,0.0
2022-11-01,12100,13450,12050,12550,622462,0.04149377593361003
2022-11-02,12700,13200,12300,12700,241117,0.01195219123505975
2022-11-03,12600,13150,12450,12800,111673,0.007874015748031482
2022-11-04,12700,12900,12050,12250,107137,-0.04296875
2022-11-07,12350,13100,12350,12900,267961,0.05306122448979589
2022-11-08,13200,14000,13050,13350,417604,0.03488372093023262
2022-11-09,13500,13750,13050,13050,96607,-0.022471910112359605
2022-11-10,13200,14650,13150,13300,745322,0.019157088122605304
2022-11-11,13700,14050,13200,13200,206316,-0.007518796992481258
2022-11-14,13550,13600,12850,13000,89127,-0.015151515151515138
2022-11-15,13150,14200,13100,13700,363933,0.05384615384615388
2022-11-16,13700,13700,12650,13600,132679,-0.007299270072992692
2022-11-17,13400,13700,13300,13350,57137,-0.018382352941176516
2022-11-18,13500,13650,13100,13200,32614,-0.011235955056179803
2022-11-21,13300,13800,13150,13350,156658,0.011363636363636465
2022-11-22,13700,13750,13200,13300,85769,-0.0037453183520599342
2022-11-23,13300,13550,13200,13300,40515,0.0
2022-11-24,13300,13700,13250,13600,81953,0.022556390977443552
2022-11-25,13550,13550,13150,13200,68585,-0.02941176470588236
2022-11-28,13200,13200,12200,12500,73794,-0.05303030303030298
2022-11-29,12450,12750,12450,12650,34827,0.01200000000000001
2022-11-30,12550,12750,12450,12500,34225,-0.011857707509881465
2022-12-01,12600,13000,12550,12750,36372,0.020000000000000018
2022-12-02,12650,12850,12450,12550,29281,-0.015686274509803977
2022-12-05,12550,13250,12550,12750,98592,0.015936254980079667
2022-12-06,12650,12900,12100,12450,77874,-0.02352941176470591
2022-12-07,12200,12450,11300,11700,116863,-0.06024096385542166
2022-12-08,11750,11900,11450,11600,36322,-0.008547008547008517
2022-12-09,11600,12000,11450,12000,57411,0.034482758620689724
2022-12-12,12000,12300,11500,12200,64067,0.016666666666666607
2022-12-13,12100,12300,11800,11900,28103,-0.024590163934426257
2022-12-14,11900,12350,11900,12250,41511,0.02941176470588225
2022-12-15,12300,12400,12050,12250,13376,0.0
2022-12-16,11900,12250,11900,12100,14993,-0.01224489795918371
2022-12-19,11950,12300,11950,12150,12672,0.004132231404958775
2022-12-20,12000,12200,11700,11750,23578,-0.03292181069958844
2022-12-21,11750,12000,11600,11800,13152,0.004255319148936065
2022-12-22,11750,11900,11600,11700,24543,-0.008474576271186418
2022-12-23,11600,11650,11100,11150,28006,-0.047008547008547064
2022-12-26,11100,11350,10750,10750,36061,-0.0358744394618834
2022-12-27,10800,11250,10800,10800,25664,0.0046511627906977715
2022-12-28,10700,11750,10700,11400,35039,0.05555555555555558
2022-12-29,11600,12700,11300,11350,308065,-0.004385964912280715
2023-01-02,11350,11600,11000,11000,25985,-0.03083700440528636
2023-01-03,10950,11250,10650,11200,39960,0.018181818181818077
2023-01-04,10950,11650,10950,11600,24992,0.03571428571428581
2023-01-05,11600,11900,11400,11400,20806,-0.017241379310344862
2023-01-06,11300,11650,11300,11450,15281,0.004385964912280604
2023-01-09,12000,12000,11650,11800,23218,0.03056768558951961
2023-01-10,11850,12150,11700,11900,28646,0.008474576271186418
2023-01-11,11900,12200,11900,12100,18448,0.01680672268907557
2023-01-12,12100,12450,11850,11900,31210,-0.016528925619834656
2023-01-13,12000,12250,11900,12100,16056,0.01680672268907557
2023-01-16,12200,12400,12100,12300,41926,0.016528925619834656
2023-01-17,12300,12400,11850,11900,31688,-0.03252032520325199
2023-01-18,11950,12250,11700,12250,39076,0.02941176470588225
2023-01-19,12200,12350,12050,12200,22260,-0.004081632653061273
2023-01-20,12300,12300,12050,12100,19543,-0.008196721311475419
2023-01-25,12070,12350,12050,12350,28490,0.02066115702479343
2023-01-26,12350,12740,12250,12470,55746,0.009716599190283448
2023-01-27,12470,12490,12170,12180,64535,-0.023255813953488413
2023-01-30,12180,12920,12180,12840,76378,0.054187192118226646
2023-01-31,12850,12920,12570,12650,32261,-0.014797507788162023
2023-02-01,12750,12930,12550,12590,40329,-0.004743083003952542
2023-02-02,12880,13120,12660,13020,54318,0.03415409054805396
2023-02-03,13110,13120,12810,12960,30425,-0.004608294930875556
2023-02-06,13200,13200,12700,12720,41620,-0.01851851851851849
2023-02-07,12640,13270,12520,13150,49702,0.03380503144654079
2023-02-08,13150,13950,13110,13760,188162,0.04638783269961988
2023-02-09,13700,13940,13450,13710,66508,-0.003633720930232509
2023-02-10,13690,13710,13120,13170,50835,-0.03938730853391681
2023-02-13,13030,13170,12720,12850,36706,-0.024297646165527764
2023-02-14,12850,13800,12850,13310,123427,0.0357976653696499
2023-02-15,13230,13320,12800,12810,41093,-0.037565740045078844
2023-02-16,12890,13500,12890,13230,44115,0.032786885245901676
2023-02-17,13090,13090,12880,12900,21831,-0.024943310657596363
2023-02-20,12900,13060,12650,12950,17689,0.003875968992248069
2023-02-21,13280,13280,12860,12880,25337,-0.00540540540540535
2023-02-22,12690,12790,12560,12730,27621,-0.01164596273291929
2023-02-23,12620,13050,12620,13010,29169,0.021995286724273422
2023-02-24,13010,13110,12620,12620,26285,-0.02997694081475788
2023-02-27,12510,12620,12270,12390,30606,-0.018225039619651384
2023-02-28,12500,13190,12440,12940,49186,0.04439063761097661
2023-03-02,12940,12940,12550,12680,28306,-0.020092735703245768
2023-03-03,12700,12870,12610,12820,14520,0.011041009463722329
2023-03-06,12820,13070,12730,13070,41098,0.01950078003120126
2023-03-07,13030,13030,12830,12940,17301,-0.009946442234123998
2023-03-08,12840,12920,12530,12590,26525,-0.027047913446677008
2023-03-09,12600,12640,12300,12450,22903,-0.011119936457505974
2023-03-10,12250,12410,11950,11990,47995,-0.03694779116465863
2023-03-13,11920,12000,10800,11930,64472,-0.005004170141784781
2023-03-14,11790,11790,11260,11300,36330,-0.05280804694048613
2023-03-15,11330,11740,11330,11440,18064,0.012389380530973382
2023-03-16,11880,11890,11020,11490,36434,0.004370629370629375
2023-03-17,11740,11850,11550,11700,15583,0.018276762402088753
2023-03-20,11840,11850,11480,11650,9157,-0.004273504273504258
2023-03-21,11670,12050,11670,11820,15024,0.014592274678111528
2023-03-22,11850,11980,11600,11620,18290,-0.016920473773265665
2023-03-23,11560,11610,11330,11410,17095,-0.01807228915662651
2023-03-24,11760,11830,11420,11740,14079,0.02892199824715158
2023-03-27,11740,11740,11260,11380,12732,-0.030664395229982988
2023-03-28,11290,11680,11270,11530,9315,0.013181019332161759
2023-03-29,11380,11570,11260,11260,14854,-0.02341717259323506
2023-03-30,11340,11500,11210,11260,12157,0.0
2023-03-31,11260,11570,11230,11340,13614,0.007104795737122638
2023-04-03,11350,11470,11230,11390,10524,0.0044091710758378255
2023-04-04,11230,11530,11230,11380,25592,-0.0008779631255487752
2023-04-05,11550,11800,11400,11610,16295,0.020210896309314608
2023-04-06,11610,11610,11300,11320,18069,-0.0249784668389319
2023-04-07,11300,11410,11260,11400,12472,0.007067137809187329
2023-04-10,11400,11430,11110,11190,21341,-0.018421052631578894
2023-04-11,11250,11350,11000,11250,17946,0.00536193029490617
2023-04-12,11200,11330,11120,11210,9557,-0.003555555555555534
2023-04-13,11220,11280,11130,11250,13658,0.003568242640499486
2023-04-14,11290,11550,11250,11310,17421,0.005333333333333412
2023-04-17,11370,11860,11340,11770,41800,0.040671971706454535
2023-04-18,11740,11740,11510,11670,15728,-0.008496176720475757
2023-04-19,11620,11670,11440,11530,19215,-0.011996572407883432
2023-04-20,11530,11630,11210,11390,23523,-0.012142237640936693
2023-04-21,11340,11420,11050,11150,25530,-0.021071115013169495
2023-04-24,11150,11190,10950,10970,15221,-0.016143497757847514
2023-04-25,10750,10960,10600,10680,37501,-0.0264357338195077
2023-04-26,10520,10970,10410,10670,10045,-0.000936329588014928
2023-04-27,10520,10660,10380,10520,13839,-0.014058106841612017
2023-04-28,10500,10700,10420,10630,15281,0.010456273764258617
2023-05-02,10590,10690,10460,10630,9399,0.0
2023-05-03,10440,11000,10440,10770,10157,0.013170272812794037
2023-05-04,10600,10820,10590,10760,6041,-0.0009285051067781103
2023-05-08,10740,10870,10550,10640,12376,-0.01115241635687736
2023-05-09,10500,10700,10430,10500,10072,-0.013157894736842146
2023-05-10,10360,10780,10360,10680,6180,0.017142857142857126
2023-05-11,10630,10750,10570,10580,5354,-0.009363295880149836
2023-05-12,10550,10800,10450,10460,10569,-0.011342155009451793
2023-05-15,10320,10510,10100,10120,23441,-0.0325047801147228
2023-05-16,10030,10350,10010,10100,14647,-0.0019762845849802257
2023-05-17,10100,10470,10050,10460,14737,0.035643564356435675
2023-05-18,10410,10550,10300,10460,7474,0.0
2023-05-19,10460,10590,10400,10550,17918,0.008604206500955947
2023-05-22,10550,10770,10480,10770,11233,0.020853080568720372
2023-05-23,10770,10810,10600,10680,10040,-0.00835654596100277
2023-05-24,10600,10680,10310,10410,9252,-0.0252808988764045
2023-05-25,10470,10530,10320,10390,6683,-0.0019212295869356355
2023-05-26,10700,10720,10320,10450,11082,0.005774783445620768
2023-05-30,10500,10500,10330,10360,12055,-0.008612440191387516
2023-05-31,10370,10500,10100,10500,32765,0.013513513513513598
2023-06-01,10530,10890,10430,10880,14417,0.036190476190476106
2023-06-02,10880,10880,10640,10690,9539,-0.01746323529411764
2023-06-05,10680,10900,10620,10710,8218,0.00187090739008422
2023-06-07,10680,10790,10630,10710,4264,0.0
2023-06-08,10590,10710,10450,10470,7861,-0.022408963585434205
2023-06-09,10400,10780,10400,10480,14499,0.0009551098376312517
2023-06-12,10490,10700,10210,10540,7400,0.005725190839694694
2023-06-13,10550,10600,10390,10480,5956,-0.005692599620493399
2023-06-14,10480,10480,10180,10190,16051,-0.027671755725190872
2023-06-15,10180,10250,10090,10180,8967,-0.0009813542688911214
2023-06-16,10180,10400,10180,10390,6845,0.02062868369351678
2023-06-19,10260,10370,10120,10130,14202,-0.025024061597690106
2023-06-20,10130,10190,9900,10040,26067,-0.008884501480750262
2023-06-21,9960,10050,9930,9960,14795,-0.007968127490039834
2023-06-22,9950,10220,9870,9960,13269,0.0
2023-06-23,9970,10250,9940,9970,8236,0.0010040160642570406
2023-06-26,9990,10100,9900,10000,6181,0.0030090270812437314
2023-06-27,10000,10050,9940,10000,14771,0.0
2023-06-28,10000,10050,9960,10030,5187,0.0029999999999998916
2023-06-29,10030,10030,9780,9790,18605,-0.023928215353938187
2023-06-30,9770,9790,9480,9740,12834,-0.005107252298263587
2023-07-03,9730,9970,9670,9710,18737,-0.0030800821355235763
2023-07-04,9720,9720,9420,9490,24114,-0.022657054582904235
2023-07-05,9440,9520,9150,9260,38587,-0.02423603793466811
2023-07-06,9160,9310,8900,8940,25815,-0.03455723542116629
2023-07-07,8810,9050,8810,8930,16108,-0.0011185682326622093
2023-07-10,8930,10540,8760,10180,413690,0.1399776035834266
2023-07-11,10850,10850,9700,9730,182677,-0.04420432220039294
2023-07-12,9910,9920,9440,9500,47921,-0.023638232271325776
2023-07-13,9590,9760,9500,9500,25703,0.0
2023-07-14,9410,10940,9410,10330,522427,0.08736842105263154
2023-07-17,10200,10710,10030,10650,92956,0.030977734753146136
2023-07-18,10520,10730,10300,10590,59342,-0.005633802816901401
2023-07-19,10530,10540,10130,10200,42480,-0.03682719546742208
2023-07-20,10230,11160,10230,10410,381560,0.020588235294117574
2023-07-21,10420,10700,10040,10040,73929,-0.03554274735830931
2023-07-24,9900,10050,9720,10050,30369,0.0009960159362549792
2023-07-25,9910,9970,9410,9420,33794,-0.06268656716417909
2023-07-26,9300,9520,8410,8450,103162,-0.10297239915074308
2023-07-27,8430,8860,8400,8770,25679,0.037869822485207205
2023-07-28,8610,9000,8610,8970,14865,0.022805017103762815
2023-07-31,8980,9310,8830,9260,14067,0.03232998885172789
2023-08-01,9360,9370,9130,9310,15960,0.005399568034557323
2023-08-02,9310,9510,9210,9420,10685,0.011815252416756072
2023-08-03,9330,9450,9060,9450,13468,0.0031847133757962887
2023-08-04,9460,9460,9170,9220,5331,-0.024338624338624326
2023-08-07,9310,9490,8950,9180,10841,-0.004338394793926281
2023-08-08,9150,9240,8710,8710,17738,-0.05119825708060999
2023-08-09,8800,9190,8720,9080,8802,0.042479908151549894
2023-08-10,8990,9130,8940,9050,8386,-0.0033039647577092213
2023-08-11,8960,9300,8960,9190,8901,0.015469613259668558
2023-08-14,9100,9140,8910,9040,6884,-0.016322089227421066
2023-08-16,8810,9050,8750,8770,11572,-0.02986725663716816
2023-08-17,8570,8860,8570,8780,18309,0.0011402508551880963
2023-08-18,8640,8860,8470,8790,7863,0.001138952164009055
2023-08-21,8700,9200,8700,9070,17741,0.03185437997724683
2023-08-22,8970,9070,8840,9000,13641,-0.007717750826901848
2023-08-23,8900,9010,8690,8690,17615,-0.0344444444444445
2023-08-24,8690,8860,8470,8840,14528,0.017261219792865434
2023-08-25,8830,8930,8660,8860,6191,0.002262443438914019
2023-08-28,8840,8840,8210,8580,27016,-0.03160270880361171
2023-08-29,8580,8760,8580,8760,7269,0.020979020979021046
2023-08-30,8810,9060,8710,9050,18479,0.033105022831050324
2023-08-31,9050,9140,8830,8910,6652,-0.015469613259668558
2023-09-01,8780,8970,8590,8670,22789,-0.026936026936026924
2023-09-04,8670,8940,8500,8920,13536,0.028835063437139485
2023-09-05,8920,9010,8800,8870,8953,-0.005605381165919243
2023-09-06,8990,8990,8720,8770,6805,-0.011273957158962844
2023-09-07,8820,8820,8580,8660,12300,-0.012542759407069504
2023-09-08,8680,8880,8590,8820,8918,0.018475750577367167
2023-09-11,8820,9230,8820,8990,19784,0.01927437641723362
2023-09-12,8990,9160,8980,9060,12494,0.007786429365962189
2023-09-13,8970,9200,8870,9060,6645,0.0
2023-09-14,9050,9100,8940,9070,4116,0.001103752759381793
2023-09-15,9030,9150,9020,9060,6447,-0.0011025358324145973
2023-09-18,9060,9250,8870,9100,10343,0.004415011037527616
2023-09-19,9160,9160,8500,8660,37233,-0.0483516483516484
2023-09-20,8620,8710,8510,8680,6613,0.002309468822170979
2023-09-21,8680,8680,8370,8370,12259,-0.0357142857142857
2023-09-22,8060,8400,8000,8400,15042,0.0035842293906809264
2023-09-25,8200,8390,7960,8000,19445,-0.04761904761904767
2023-09-26,7970,8030,7560,7560,27360,-0.05500000000000005
2023-09-27,7520,9300,7510,8020,434828,0.060846560846560926
2023-10-04,8030,8060,7750,7890,21274,-0.016209476309226978
2023-10-05,7890,8000,7560,7560,37836,-0.041825095057034245
2023-10-06,7230,7740,7230,7540,35697,-0.002645502645502673
2023-10-10,7610,7900,7150,7190,26655,-0.04641909814323608
2023-10-11,7240,7620,7240,7620,12125,0.05980528511821981
2023-10-12,7620,7810,7620,7790,5619,0.022309711286089273
2023-10-13,7800,7830,7520,7800,9370,0.0012836970474967568
2023-10-16,7680,7700,7480,7660,10488,-0.017948717948717996
2023-10-17,7360,7820,7360,7710,13541,0.006527415143603221
2023-10-18,7740,7740,7570,7720,7457,0.0012970168612191912
2023-10-19,7770,7800,7410,7550,10731,-0.022020725388601003
2023-10-20,7360,7560,7200,7360,13238,-0.025165562913907258
2023-10-23,7360,7500,7230,7270,5675,-0.012228260869565188
2023-10-24,7180,9200,7150,7850,722396,0.079779917469051
2023-10-25,8020,8130,7450,7670,98098,-0.02292993630573248
2023-10-26,7450,7670,7320,7320,28856,-0.04563233376792697
2023-10-27,7320,7430,7200,7420,22227,0.013661202185792254
2023-10-30,7320,7570,7250,7340,15367,-0.010781671159029615
2023-10-31,7410,7520,7240,7290,12238,-0.006811989100817484
2023-11-01,7270,7400,7270,7350,12083,0.008230452674897082
2023-11-02,7370,7550,7370,7470,15453,0.01632653061224487
2023-11-03,7570,7750,7380,7470,31502,0.0
2023-11-06,7500,7730,7500,7720,12867,0.03346720214190091
2023-11-07,7720,7800,7490,7680,16454,-0.005181347150259086
2023-11-08,7680,8080,7680,7850,40939,0.02213541666666674
2023-11-09,7760,7950,7700,7820,10456,-0.003821656050955413
2023-11-10,7800,7860,7660,7830,13481,0.0012787723785165905
2023-11-13,7840,7900,7510,7630,12708,-0.025542784163473775
2023-11-14,7580,7700,7580,7680,6491,0.006553079947575258
2023-11-15,7600,7940,7600,7880,11484,0.02604166666666674
2023-11-16,7890,7960,7810,7930,9646,0.006345177664974555
2023-11-17,7810,8010,7810,7930,6170,0.0
2023-11-20,7920,8080,7850,8020,6061,0.011349306431273742
2023-11-21,8140,8150,8020,8100,16064,0.009975062344139696
2023-11-22,8060,8150,7850,8140,4326,0.004938271604938205
2023-11-23,8050,8140,8000,8020,8818,-0.014742014742014753
2023-11-24,8070,8140,7920,8010,7413,-0.0012468827930174342
2023-11-27,7910,8100,7870,7940,3027,-0.008739076154806513
2023-11-28,7940,8120,7940,7990,5108,0.006297229219143663
2023-11-29,7950,8260,7950,8110,13394,0.015018773466833446
2023-11-30,8130,8130,7980,8020,7286,-0.011097410604192337
2023-12-01,7900,8150,7900,8150,7409,0.016209476309226867
2023-12-04,8070,8330,8070,8300,11716,0.018404907975460016
2023-12-05,8400,8410,8010,8010,13930,-0.034939759036144546
2023-12-06,8010,8130,8000,8130,6367,0.014981273408239737
2023-12-07,8070,8150,8000,8070,6762,-0.0073800738007380184
2023-12-08,8080,8500,8020,8490,23197,0.052044609665427455
2023-12-11,8490,8900,8490,8640,33642,0.0176678445229681
2023-12-12,8590,8640,8300,8620,10414,-0.0023148148148147696
2023-12-13,8520,8600,8370,8430,9896,-0.022041763341067333
2023-12-14,8430,8490,8340,8420,5255,-0.0011862396204033177
2023-12-15,8420,8540,8380,8440,5700,0.002375296912114022
2023-12-18,8380,8440,8360,8440,6066,0.0
2023-12-19,8390,8420,8170,8220,8208,-0.026066350710900466
2023-12-20,8230,8480,8150,8220,12856,0.0
2023-12-21,8210,8210,7850,7890,25002,-0.04014598540145986
2023-12-22,7870,8150,7870,7920,9900,0.0038022813688212143
2023-12-26,7920,8120,7880,7920,7744,0.0
2023-12-27,7880,7960,7850,7950,8403,0.0037878787878788955
2023-12-28,7960,8130,7920,8020,6468,0.008805031446540879
2024-01-02,8020,8140,8000,8080,7428,0.007481296758104827
2024-01-03,8070,8090,7850,7940,7895,-0.017326732673267342
2024-01-04,7940,8050,7890,8010,7294,0.00881612090680095
2024-01-05,8010,8040,7920,7920,5099,-0.011235955056179803
2024-01-08,7930,7960,7710,7940,9024,0.002525252525252597
2024-01-09,7870,8000,7860,7860,4071,-0.010075566750629705
2024-01-10,7870,8010,7830,7890,14486,0.003816793893129722
2024-01-11,7900,8220,7890,8170,11367,0.03548795944233207
2024-01-12,8170,8190,8000,8090,8158,-0.009791921664626724
2024-01-15,7980,8140,7960,8010,4638,-0.00988875154511748
2024-01-16,8000,8200,7930,7950,8618,-0.0074906367041198685
2024-01-17,7950,8010,7680,7810,15446,-0.017610062893081757
2024-01-18,7690,7830,7690,7740,4220,-0.008962868117797673
2024-01-19,7740,8000,7740,7770,4211,0.003875968992248069
2024-01-22,7790,7930,7730,7880,8918,0.014157014157014203
2024-01-23,7740,7910,7740,7880,7767,0.0
2024-01-24,7850,8000,7850,8000,11548,0.015228426395939021
2024-01-25,8000,8020,7870,7940,4659,-0.007499999999999951
2024-01-26,7940,8030,7830,7860,11036,-0.010075566750629705
2024-01-29,7860,9490,7860,8300,1513122,0.05597964376590325
2024-01-30,8250,8410,8190,8350,124504,0.006024096385542244
2024-01-31,8390,9920,8310,8670,1078881,0.038323353293413076
2024-02-01,8670,9340,8510,8700,306153,0.0034602076124568004
2024-02-02,8800,8980,8650,8680,74070,-0.0022988505747126853
2024-02-05,8560,8690,8390,8430,54268,-0.02880184331797231
2024-02-06,8340,9390,8300,8760,551207,0.039145907473309594
2024-02-07,8760,8820,8550,8610,40234,-0.017123287671232834
2024-02-08,8610,8790,8440,8500,50233,-0.012775842044134733
2024-02-13,8450,9070,8450,8850,67531,0.04117647058823537
2024-02-14,8720,9000,8670,9000,41109,0.016949152542372836
2024-02-15,9010,9210,8890,8990,44163,-0.0011111111111110628
2024-02-16,8930,9190,8890,8990,21137,0.0
2024-02-19,8870,9100,8870,9030,18035,0.004449388209121219
2024-02-20,8990,9480,8950,9240,63011,0.023255813953488413
2024-02-21,9240,9470,8940,9010,34563,-0.024891774891774854
2024-02-22,9010,9050,8750,8760,15949,-0.027746947835738056
2024-02-23,8760,8950,8740,8770,11647,0.0011415525114155667
2024-02-26,8720,8990,8560,8610,15712,-0.018244013683010207
2024-02-27,8930,9110,8550,8680,37273,0.008130081300812941
2024-02-28,8690,8800,8510,8670,16129,-0.0011520737327188613
2024-02-29,8580,8890,8400,8410,19486,-0.029988465974625123
2024-03-04,8430,8690,8350,8430,13314,0.0023781212841855748
2024-03-05,8350,8640,8210,8250,24374,-0.02135231316725983
2024-03-06,8140,8300,8140,8140,14224,-0.013333333333333308
2024-03-07,8100,8310,8090,8180,10747,0.004914004914004844
2024-03-08,8100,8300,7940,7990,14739,-0.023227383863080653
2024-03-11,8020,8140,7940,8120,5724,0.016270337922402955
2024-03-12,8120,8320,8050,8230,20682,0.013546798029556717
2024-03-13,8230,8270,8100,8140,11485,-0.010935601458080146
2024-03-14,8320,8430,8150,8240,20625,0.01228501228501222
2024-03-15,8240,8400,8090,8260,14681,0.0024271844660195274
2024-03-18,8250,8310,8060,8110,9107,-0.018159806295399483
2024-03-19,8110,8220,8000,8010,12183,-0.012330456226880449
2024-03-20,8020,8090,7970,8000,14217,-0.0012484394506866447
2024-03-21,8010,8150,8010,8090,8534,0.011249999999999982
2024-03-22,8090,8190,8070,8130,7353,0.0049443757725586845
2024-03-25,8130,8150,8020,8140,8548,0.0012300123001229846
2024-03-26,8070,8190,8070,8150,4645,0.0012285012285011554
2024-03-27,8150,8300,8100,8250,9092,0.012269938650306678
2024-03-28,8250,8260,8150,8150,5582,-0.012121212121212088
2024-03-29,8130,8160,7980,8010,9845,-0.01717791411042946
2024-04-01,8010,8200,8010,8040,7593,0.0037453183520599342
2024-04-02,8040,8240,7970,8030,25199,-0.0012437810945273853
2024-04-03,7940,8050,7910,7970,10802,-0.007471980074719831
2024-04-04,7980,8090,7910,7990,7027,0.0025094102885820924
2024-04-05,8010,8010,7790,8000,16807,0.0012515644555695093
2024-04-08,8000,8000,7740,7900,11944,-0.012499999999999956
2024-04-09,8070,8080,7800,7930,6598,0.0037974683544304
2024-04-11,7860,7970,7690,7800,6972,-0.016393442622950838
2024-04-12,7700,7800,7700,7800,6832,0.0
2024-04-15,7700,7820,7560,7560,11135,-0.03076923076923077
2024-04-16,7400,7580,7360,7580,8057,0.002645502645502562
2024-04-17,7520,7620,7420,7460,4889,-0.0158311345646438
2024-04-18,7400,7630,7320,7320,19474,-0.018766756032171594
2024-04-19,7330,7490,7210,7300,16485,-0.002732240437158473
2024-04-22,7290,8400,7290,7490,832165,0.026027397260274032
2024-04-23,7490,7570,7380,7400,30707,-0.012016021361815787
2024-04-24,7470,7600,7410,7500,15830,0.013513513513513598
2024-04-25,7500,7540,7400,7520,8344,0.002666666666666595
2024-04-26,7500,7600,7470,7560,5336,0.005319148936170137
2024-04-29,7520,7670,7480,7600,9918,0.005291005291005346
2024-04-30,7520,7630,7500,7530,8273,-0.009210526315789447
2024-05-02,7620,7620,7460,7530,7371,0.0
2024-05-03,7530,7610,7530,7540,5417,0.0013280212483399723
2024-05-07,7530,7650,7520,7590,7822,0.006631299734747964
2024-05-08,7550,7700,7550,7640,7739,0.006587615283267567
2024-05-09,7640,8650,7610,7720,351220,0.010471204188481575
2024-05-10,7700,8000,7700,7880,44262,0.020725388601036343
2024-05-13,7860,8050,7770,7810,22762,-0.008883248730964466
2024-05-14,7730,7970,7730,7960,13730,0.019206145966709443
2024-05-16,7940,7960,7810,7870,12524,-0.011306532663316604
2024-05-17,7870,7870,7670,7670,9875,-0.02541296060991105
2024-05-20,7640,7790,7630,7680,8774,0.0013037809647979959
2024-05-21,7630,7710,7630,7700,6749,0.0026041666666667407
2024-05-22,7740,7760,7660,7670,8398,-0.003896103896103842
2024-05-23,7630,7750,7510,7610,7934,-0.007822685788787531
2024-05-24,7650,7700,7590,7590,8347,-0.0026281208935611255
2024-05-27,7500,7770,7500,7590,7576,0.0
2024-05-28,7590,7670,7500,7560,8892,-0.0039525691699604515
2024-05-29,7560,7580,7440,7440,8137,-0.015873015873015928
2024-05-30,7450,7470,7310,7410,10652,-0.0040322580645161255
2024-05-31,7360,7450,7330,7330,4779,-0.010796221322537103
2024-06-03,7330,7540,7300,7390,14826,0.008185538881309684
2024-06-04,7390,7390,7280,7320,8674,-0.009472259810554773
2024-06-05,7400,7400,7150,7160,24770,-0.021857923497267784
2024-06-07,7220,7240,6940,7000,43954,-0.022346368715083775
2024-06-10,7040,7210,7000,7170,21802,0.024285714285714244
2024-06-11,7170,7190,7000,7050,22228,-0.01673640167364021
2024-06-12,7060,7130,6990,7000,8297,-0.007092198581560294
2024-06-13,7040,7350,7010,7020,11688,0.0028571428571428914
2024-06-14,7060,7230,7000,7110,10875,0.012820512820512775
2024-06-17,7110,7230,7060,7210,9426,0.014064697609001309
2024-06-18,7210,7360,7140,7220,15700,0.001386962552011095
2024-06-19,7200,7340,7170,7320,10953,0.013850415512465464
2024-06-20,7320,7350,7170,7270,8523,-0.006830601092896127
2024-06-21,7190,7240,7070,7120,3938,-0.02063273727647863
2024-06-24,7120,7160,6990,7120,5127,0.0
2024-06-25,7000,7130,6910,6910,9777,-0.0294943820224719
2024-06-26,6860,6960,6810,6830,11675,-0.01157742402315487
2024-06-27,6810,6970,6720,6860,8917,0.004392386530014614
2024-06-28,6850,6850,6620,6840,5366,-0.002915451895043719
2024-07-01,6710,6980,6710,6900,2885,0.00877192982456143
2024-07-02,6970,6970,6670,6770,5993,-0.018840579710144967
2024-07-03,6810,6810,6700,6800,5113,0.004431314623338345
2024-07-04,6700,6820,6700,6790,2862,-0.0014705882352941124
2024-07-05,6730,6830,6700,6810,7542,0.002945508100147265
2024-07-08,6800,6970,6740,6850,6311,0.005873715124816492
2024-07-09,6890,7460,6890,7000,35562,0.021897810218978186
2024-07-10,7000,7310,7000,7310,318190,0.04428571428571426
2024-07-11,7330,7350,7150,7160,9610,-0.020519835841313228
2024-07-12,7160,7870,6660,6660,485109,-0.06983240223463683
2024-07-15,6660,6740,6560,6600,23413,-0.009009009009009028
2024-07-16,6610,6710,6560,6600,7494,0.0
2024-07-17,6600,6680,6580,6600,7057,0.0
2024-07-18,6600,6610,6460,6510,12483,-0.013636363636363669
2024-07-19,6510,6550,6450,6470,5843,-0.006144393241167445
2024-07-22,6420,6550,6290,6490,10700,0.0030911901081915882
2024-07-23,6290,6510,6260,6260,18783,-0.035439137134052334
2024-07-24,5980,6260,5950,6030,38725,-0.036741214057507965
2024-07-25,5680,6000,5430,5510,128390,-0.0862354892205639
2024-07-26,5490,5610,5340,5500,20387,-0.001814882032667886
2024-07-29,5500,6700,5410,5710,2106074,0.038181818181818095
2024-07-30,5710,5710,5450,5450,122351,-0.045534150612959734
2024-07-31,5380,5390,4900,5150,107253,-0.05504587155963303
2024-08-01,5120,5320,5120,5290,21924,0.027184466019417375
2024-08-02,5240,5400,5010,5040,34188,-0.047258979206049156
2024-08-05,5000,5000,3990,4400,82643,-0.12698412698412698
2024-08-06,4255,4760,4255,4620,44774,0.050000000000000044
2024-08-07,4660,4940,4655,4800,16377,0.03896103896103886
2024-08-08,4660,4825,4660,4705,12786,-0.019791666666666652
2024-08-09,4715,5140,4715,5020,19385,0.06695005313496272
2024-08-12,5020,5130,4970,5070,14091,0.009960159362549792
2024-08-13,5000,5120,4990,5050,10008,-0.0039447731755424265
2024-08-14,5030,5200,4980,5150,7317,0.01980198019801982
2024-08-16,5140,5170,4870,4935,37305,-0.041747572815533984
2024-08-19,5030,5030,4670,4725,42889,-0.04255319148936165
2024-08-20,4700,4805,4615,4635,13301,-0.01904761904761909
2024-08-21,4615,4810,4615,4745,21420,0.02373247033441217
2024-08-22,4700,4830,4625,4755,10415,0.0021074815595363283
2024-08-23,4755,4755,4555,4580,37192,-0.03680336487907465
2024-08-26,4590,4675,4420,4490,30489,-0.01965065502183405
2024-08-27,4490,4670,4415,4655,19196,0.03674832962138086
2024-08-28,4685,4735,4575,4575,7901,-0.017185821697099923
2024-08-29,4570,5350,4410,4780,304243,0.04480874316939887
2024-08-30,4780,4845,4675,4770,37992,-0.0020920502092049986
2024-09-02,4770,4825,4650,4790,12428,0.004192872117400492
2024-09-03,4790,4795,4675,4720,14369,-0.014613778705636737
2024-09-04,4540,4715,4520,4590,20514,-0.02754237288135597
2024-09-05,4530,4620,4410,4475,17478,-0.025054466230936767
2024-09-06,4410,4475,4235,4400,25891,-0.016759776536312887
2024-09-09,4230,4440,4105,4405,35952,0.001136363636363713
2024-09-10,4405,4600,4320,4450,27548,0.010215664018161208
2024-09-11,4445,4630,4405,4535,12637,0.019101123595505642
2024-09-12,4535,4675,4415,4640,13542,0.023153252480705655
2024-09-13,4640,4690,4540,4685,6392,0.00969827586206895
2024-09-19,4685,4735,4560,4635,9168,-0.01067235859124871
2024-09-20,4590,4745,4590,4725,7084,0.01941747572815533
2024-09-23,4730,4765,4605,4750,16575,0.005291005291005346
2024-09-24,4705,5160,4705,4830,53884,0.01684210526315799
2024-09-25,4850,5060,4800,4965,30458,0.02795031055900621
2024-09-26,4920,5070,4915,5040,26798,0.015105740181268867
2024-09-27,4990,5050,4940,5000,6963,-0.007936507936507908
2024-09-30,5000,5110,4860,4860,4494,-0.028000000000000025
2024-10-02,4860,5500,4710,5030,298081,0.034979423868312765
2024-10-04,5030,5220,4875,5200,41352,0.03379721669980129
2024-10-07,5200,5300,5140,5220,14090,0.0038461538461538325
2024-10-08,5250,5250,5020,5020,9599,-0.03831417624521072
2024-10-10,5020,5180,5000,5100,9244,0.015936254980079667
2024-10-11,5120,5120,4950,5100,9051,0.0
2024-10-14,5060,5110,4975,5090,9337,-0.0019607843137254832
2024-10-15,5030,5300,5000,5220,11703,0.025540275049115824
2024-10-16,5250,5340,5100,5220,7097,0.0
2024-10-17,5190,5300,5060,5290,17066,0.013409961685823646
2024-10-18,5270,5290,5070,5270,11700,-0.003780718336483968
2024-10-21,5210,5330,5140,5280,18560,0.00189753320683117
2024-10-22,5160,5300,5120,5270,7786,-0.0018939393939394478
2024-10-23,5230,5320,5120,5130,9306,-0.026565464895635715
2024-10-24,4975,5280,4975,5240,8659,0.021442495126705596
2024-10-25,5190,5270,5080,5090,4790,-0.028625954198473247
2024-10-28,5150,5300,5020,5280,9273,0.037328094302554016
2024-10-29,5170,5300,5060,5280,7009,0.0
2024-10-30,5240,5490,5240,5440,23883,0.030303030303030276
2024-10-31,5390,5480,5250,5290,11627,-0.02757352941176472
2024-11-01,5240,5460,5240,5460,16042,0.032136105860113506
2024-11-04,5470,5470,5350,5430,7194,-0.005494505494505475
2024-11-05,5330,5490,5300,5460,14336,0.005524861878453136
2024-11-06,5410,5450,5290,5380,12107,-0.0146520146520146
2024-11-07,5330,5500,5330,5500,26696,0.02230483271375472
2024-11-08,5450,5490,5360,5380,5183,-0.021818181818181848
2024-11-11,5400,5460,5200,5370,15035,-0.0018587360594795044
2024-11-12,5190,5490,5010,5390,37262,0.003724394785847407
2024-11-13,5140,5290,4900,4910,17897,-0.08905380333951762
2024-11-14,5000,5340,4930,4955,13863,0.009164969450101923
2024-11-15,4950,5230,4860,5090,11888,0.02724520686175591
2024-11-18,5070,5140,4960,4970,4114,-0.023575638506876273
2024-11-19,5020,5050,4890,4950,2349,-0.004024144869215318
2024-11-20,4905,5120,4830,4935,4752,-0.00303030303030305
2024-11-21,4960,5000,4745,4935,6289,0.0
2024-11-22,4830,5260,4760,5240,13842,0.06180344478216826
2024-11-25,5240,5320,5160,5180,7088,-0.011450381679389277
2024-11-26,5230,5350,5130,5200,6263,0.0038610038610038533
2024-11-27,5180,5300,5090,5230,2095,0.005769230769230749
2024-11-28,5220,5350,5050,5220,4504,-0.0019120458891013214
2024-11-29,5170,5350,5100,5260,4060,0.00766283524904221
2024-12-02,5240,5390,5010,5010,4555,-0.04752851711026618
2024-12-03,5040,5230,5000,5040,5304,0.0059880239520957446
2024-12-04,5000,5100,4780,4940,5683,-0.019841269841269882
2024-12-05,4935,5370,4770,5360,27815,0.08502024291497978
2024-12-06,5360,5370,5050,5310,28755,-0.009328358208955279
2024-12-09,5290,5290,4900,4900,9058,-0.07721280602636538
2024-12-10,4805,5350,4805,5040,13345,0.02857142857142847
2024-12-11,5260,5260,5100,5140,3481,0.01984126984126977
2024-12-12,5200,5280,5120,5170,3520,0.005836575875486361
2024-12-13,5060,5320,5060,5180,7626,0.0019342359767891004
2024-12-16,5300,5320,5250,5300,4821,0.02316602316602312
2024-12-17,5460,5460,5190,5200,3404,-0.018867924528301883
2024-12-18,5280,5280,5100,5170,3803,-0.005769230769230749
2024-12-19,5200,5340,5100,5300,9876,0.025145067698259194
2024-12-20,5250,5250,5100,5100,4957,-0.037735849056603765
2024-12-23,5100,5350,5080,5290,17076,0.0372549019607844
2024-12-24,5330,5330,4960,5140,9547,-0.02835538752362954
2024-12-26,5100,5280,5000,5210,6609,0.013618677042801508
2024-12-27,5170,5220,5050,5060,1574,-0.028790786948176605
2024-12-30,5020,5230,5010,5090,1242,0.005928853754940677
2025-01-02,5120,5150,5050,5050,2168,-0.007858546168958758
2025-01-03,5110,5120,5040,5090,5449,0.007920792079207928
2025-01-06,5100,5130,5050,5070,5786,-0.003929273084479323
2025-01-07,5090,5300,5050,5060,7154,-0.0019723865877712132
2025-01-08,5060,5220,5060,5180,2769,0.02371541501976293
2025-01-09,5210,5280,5050,5210,7459,0.005791505791505891
2025-01-10,5210,5250,5070,5200,2199,-0.0019193857965451588
2025-01-13,5150,5250,5050,5080,4111,-0.023076923076923106
2025-01-14,5050,5250,5050,5210,9390,0.025590551181102317
2025-01-15,5160,5280,5140,5240,3579,0.0057581573896352545
2025-01-16,5220,5230,5090,5170,21178,-0.013358778625954248
2025-01-17,5200,5240,5100,5240,3741,0.013539651837524147
2025-01-20,5190,5240,5140,5160,1416,-0.01526717557251911
2025-01-21,5110,5200,5010,5190,5891,0.005813953488372103
2025-01-22,5080,5220,5060,5150,7462,-0.0077071290944122905
2025-01-23,5050,5110,4960,4960,18705,-0.03689320388349515
2025-01-24,4985,5190,4985,5120,4149,0.032258064516129004
2025-01-31,5120,5120,5000,5000,2629,-0.0234375
2025-02-03,4980,4980,4905,4930,4456,-0.014000000000000012
2025-02-04,4930,5100,4915,5000,1778,0.014198782961460488
2025-02-05,5000,5030,4920,4940,3353,-0.01200000000000001
2025-02-06,4920,5230,4920,5120,11131,0.036437246963562764
2025-02-07,5080,5230,5010,5230,4360,0.021484375
2025-02-10,5210,5210,5040,5040,2233,-0.03632887189292544
2025-02-11,5030,5200,5030,5180,6320,0.02777777777777768
2025-02-12,5180,5210,5040,5040,2922,-0.027027027027026973
2025-02-13,5050,5240,5000,5220,7598,0.03571428571428581
2025-02-14,5170,5230,5080,5080,18573,-0.026819923371647514
2025-02-17,5080,5210,4980,5020,10824,-0.011811023622047223
2025-02-18,5020,5130,5000,5110,4649,0.017928286852589626
2025-02-19,5110,5140,5030,5120,4220,0.001956947162426559
2025-02-20,5120,5150,4995,5010,11936,-0.021484375
2025-02-21,5030,5050,4985,5050,2941,0.007984031936127733
2025-02-24,5000,5070,4970,5000,4425,-0.00990099009900991
2025-02-25,5000,5050,4985,5040,2829,0.008000000000000007
2025-02-26,5040,5070,5000,5000,6908,-0.007936507936507908
2025-02-27,5000,5040,5000,5010,1505,0.0020000000000000018
2025-02-28,4990,5010,4960,4990,1867,-0.003992015968063867
2025-03-04,4990,5070,4900,5060,8361,0.014028056112224352
2025-03-05,5060,5090,4960,5050,4003,-0.0019762845849802257
2025-03-06,5050,5050,4920,4950,3594,-0.01980198019801982
2025-03-07,4900,4975,4880,4895,2436,-0.011111111111111072
2025-03-10,4895,4895,4850,4870,2434,-0.005107252298263587
2025-03-11,4805,4805,4525,4640,17646,-0.047227926078028726
2025-03-12,4640,4655,4545,4545,6310,-0.020474137931034475
2025-03-13,4650,4720,4535,4535,3265,-0.002200220022002153
2025-03-14,4510,4595,4510,4550,2919,0.00330760749724357
2025-03-17,4685,4685,4475,4550,2411,0.0
2025-03-18,4550,4950,4550,4755,15430,0.04505494505494512
2025-03-19,4755,4755,4525,4570,8170,-0.03890641430073605
2025-03-20,4540,4570,4525,4565,2353,-0.001094091903719896
2025-03-21,4535,4535,4435,4465,5179,-0.02190580503833517
2025-03-24,4445,4535,4400,4490,3819,0.005599104143336975
2025-03-25,4495,4535,4405,4415,3901,-0.016703786191536785
2025-03-26,4415,4465,4400,4415,4722,0.0
2025-03-27,4410,4445,4260,4260,11002,-0.035107587768969384
2025-03-28,4350,4510,3900,3945,72316,-0.073943661971831
2025-03-31,3945,4140,3870,3900,21003,-0.011406844106463865
2025-04-01,3845,3895,3800,3860,8950,-0.01025641025641022
2025-04-02,3880,3900,3820,3845,4269,-0.0038860103626943143
2025-04-03,3840,4070,3835,3980,10597,0.03511053315994794
2025-04-04,3965,4580,3910,4575,42998,0.14949748743718594
2025-04-07,4570,4640,4135,4635,19388,0.013114754098360715
2025-04-08,4600,4720,4525,4670,10305,0.007551240560949246
2025-04-09,4670,4670,4240,4600,4307,-0.01498929336188437
2025-04-10,4565,4980,4565,4670,23902,0.01521739130434785
2025-04-11,4790,4800,4600,4800,6896,0.027837259100642386
2025-04-14,4765,4810,4720,4745,533,-0.011458333333333348
2025-04-15,4745,4850,4600,4845,9375,0.021074815595363505
2025-04-16,4720,4845,4720,4785,1359,-0.012383900928792602
2025-04-17,4700,4925,4500,4800,18705,0.0031347962382444194
2025-04-18,4695,4945,4695,4840,3418,0.008333333333333304
2025-04-21,4810,4905,4780,4835,5191,-0.0010330578512396382
2025-04-22,4835,4900,4690,4775,9387,-0.012409513960703222
2025-04-23,4740,5000,4680,4780,8900,0.0010471204188482464
2025-04-24,4780,4900,4710,4820,1565,0.008368200836819994
2025-04-25,4820,4970,4675,4910,16307,0.018672199170124415
2025-04-28,4830,5000,4700,4900,12286,-0.0020366598778004397
2025-04-29,4900,4935,4620,4800,16059,-0.020408163265306145
2025-04-30,4800,5000,4760,4910,6510,0.022916666666666696
2025-05-02,4890,4890,4710,4710,5840,-0.04073319755600813
2025-05-07,4770,4815,4600,4725,6026,0.0031847133757962887
2025-05-08,4720,4850,4700,4810,11810,0.017989417989418
2025-05-09,4810,4920,4755,4855,12014,0.009355509355509328
2025-05-12,4825,4845,4680,4680,3587,-0.03604531410916578
2025-05-13,4735,4810,4630,4680,2263,0.0
2025-05-14,4680,4680,4600,4620,3235,-0.012820512820512775
2025-05-15,4620,4720,4585,4685,563,0.01406926406926412
2025-05-16,4670,4670,4400,4420,13832,-0.056563500533617916
2025-05-19,4400,4685,4360,4645,30069,0.05090497737556565
2025-05-20,4645,4795,4595,4645,11374,0.0
2025-05-21,4695,4695,4550,4625,1753,-0.0043057050592034685
2025-05-22,4660,4680,4530,4555,3120,-0.015135135135135092
2025-05-23,4510,4700,4400,4580,7445,0.005488474204171201
2025-05-26,4580,4650,4495,4500,8556,-0.017467248908296984
2025-05-27,4550,4720,4465,4690,19241,0.04222222222222216
2025-05-28,4690,4900,4635,4890,40079,0.04264392324093813
2025-05-29,4850,4920,4795,4795,8110,-0.01942740286298572
2025-05-30,4760,4820,4645,4820,9302,0.005213764337852034
2025-06-02,4810,4830,4675,4820,7826,0.0
2025-06-04,4820,4900,4720,4785,5484,-0.007261410788381717
2025-06-05,4775,4780,4640,4640,12203,-0.030303030303030276
2025-06-09,4600,4660,4520,4575,8124,-0.014008620689655138
2025-06-10,4575,4670,4550,4670,12778,0.02076502732240426
2025-06-11,4670,4720,4560,4560,8892,-0.023554603854389677
2025-06-12,4560,4600,4525,4560,3178,0.0
2025-06-13,4645,4800,4490,4525,13299,-0.007675438596491224
2025-06-16,4525,4600,4475,4475,2498,-0.011049723756906049
2025-06-17,4475,4650,4430,4600,5596,0.027932960893854775
2025-06-18,4565,4600,4305,4375,48549,-0.048913043478260865
2025-06-19,4375,4405,3940,4160,93164,-0.049142857142857155
2025-06-20,4170,4295,4100,4155,24109,-0.0012019230769231282
2025-06-23,4155,4285,4000,4235,29971,0.019253910950661757
2025-06-24,4235,4500,4180,4360,36700,0.029515938606847758
2025-06-25,4360,4410,4270,4290,18474,-0.016055045871559592
2025-06-26,4250,4285,4150,4200,10642,-0.020979020979020935
2025-06-27,4200,4305,4160,4290,6747,0.021428571428571352
2025-06-30,4290,4290,4145,4145,5986,-0.03379953379953382
2025-07-01,4145,4180,4100,4125,5636,-0.004825090470446325
2025-07-02,4145,4195,4100,4125,4748,0.0
2025-07-03,4125,4150,4105,4125,5920,0.0
2025-07-04,4125,4125,4075,4125,5949,0.0
2025-07-07,4110,4200,4090,4180,17970,0.01333333333333342
2025-07-08,4180,4500,4145,4280,28370,0.02392344497607657
2025-07-09,4280,4540,4280,4465,48039,0.04322429906542058
2025-07-10,4470,4500,4400,4410,5007,-0.012318029115341522
2025-07-11,4400,4540,4370,4415,7848,0.0011337868480725266
2025-07-14,4450,4450,4360,4365,2122,-0.011325028312570762
2025-07-15,4365,4365,4040,4225,14364,-0.032073310423825885
2025-07-16,4225,4255,4140,4245,3213,0.004733727810650956
2025-07-17,4250,4290,4190,4245,1912,0.0
2025-07-18,4215,4415,4185,4300,6609,0.012956419316843437
2025-07-21,4305,4375,4260,4310,5218,0.0023255813953488857
2025-07-22,4310,4395,4235,4330,5120,0.004640371229698292
2025-07-23,4330,4370,4200,4265,2194,-0.01501154734411081
2025-07-24,4265,4320,4170,4180,1633,-0.01992966002344665
2025-07-25,4180,4180,4115,4140,5616,-0.009569377990430672
2025-07-28,4245,4385,4140,4325,7688,0.04468599033816423
2025-07-29,4330,4395,4255,4375,1939,0.011560693641618602
2025-07-30,4375,4395,4310,4370,991,-0.0011428571428571122
2025-07-31,4370,4530,4320,4465,10183,0.021739130434782705
2025-08-01,4500,4500,4200,4270,4779,-0.043673012318029114
2025-08-04,4240,4300,4060,4170,6300,-0.023419203747072626
2025-08-05,4170,4175,4130,4175,3122,0.0011990407673860837
2025-08-06,4140,4210,4140,4210,2465,0.008383233532934131
2025-08-07,4180,4230,4160,4230,2702,0.004750593824228044
2025-08-08,4230,4255,4180,4240,893,0.0023640661938533203
2025-08-11,4265,4265,4105,4105,4134,-0.03183962264150941
2025-08-12,4150,4245,4005,4105,23379,0.0
2025-08-13,4105,4265,4100,4100,6264,-0.0012180267965895553
2025-08-14,4100,4145,4100,4140,1548,0.009756097560975618
2025-08-18,4165,4165,4095,4115,1597,-0.006038647342995196
2025-08-19,4115,4115,3980,3995,13686,-0.02916160388821387
2025-08-20,3995,4100,3950,4095,9440,0.0250312891113893
2025-08-21,4095,4185,4075,4135,5280,0.009768009768009733
2025-08-22,4105,4170,4065,4170,19932,0.00846432889963733
2025-08-25,4170,4180,4030,4090,8779,-0.01918465227817745
2025-08-26,4090,4175,4045,4145,3649,0.01344743276283622
2025-08-27,4135,4180,4050,4170,5301,0.006031363088057962
2025-08-28,4180,4180,4080,4170,4578,0.0
2025-08-29,4140,4170,4100,4165,1828,-0.0011990407673860837
2025-09-01,4165,4175,4005,4160,5256,-0.0012004801920768582
2025-09-02,4160,4160,4015,4015,1907,-0.034855769230769273
2025-09-03,4040,4090,3985,4015,2031,0.0
2025-09-04,4015,4130,4015,4125,15991,0.027397260273972712
2025-09-05,4125,4135,4025,4050,2753,-0.018181818181818188
2025-09-08,4050,4050,3985,4005,4272,-0.011111111111111072
2025-09-09,4010,4195,4010,4190,10169,0.046192259675405634
2025-09-10,4160,4195,4095,4195,8849,0.0011933174224343368
2025-09-11,4195,4230,4145,4230,2719,0.008343265792610355
2025-09-12,4180,4260,4155,4250,104463,0.004728132387706863
2025-09-15,4205,4280,4160,4160,4024,-0.02117647058823524
2025-09-16,4160,4185,4055,4055,6905,-0.02524038461538458
2025-09-17,4055,4280,4055,4280,7499,0.055487053020961685
2025-09-18,4280,4300,4195,4290,7488,0.002336448598130758
2025-09-19,4240,4305,4190,4190,4165,-0.023310023310023298
2025-09-22,4190,4310,4190,4310,6008,0.02863961813842475
2025-09-23,4310,4310,4220,4220,920,-0.02088167053364265
2025-09-24,4220,4225,4100,4200,4714,-0.004739336492891044
2025-09-25,4200,4270,4170,4270,1164,0.016666666666666607
2025-09-26,4270,4270,4100,4115,2436,-0.03629976580796257
2025-09-29,4115,4200,4000,4000,3125,-0.027946537059538312
2025-09-30,4000,4210,4000,4160,13840,0.040000000000000036
2025-10-01,4160,4165,4105,4105,2611,-0.013221153846153855
2025-10-02,4105,4115,4085,4115,1268,0.0024360535931791105
2025-10-10,4115,4125,4000,4000,6075,-0.027946537059538312
2025-10-13,4000,4025,3970,4005,2817,0.0012499999999999734
2025-10-14,4005,4015,3835,3955,5723,-0.012484394506866447
2025-10-15,3955,3975,3835,3920,7904,-0.008849557522123908
2025-10-16,3920,3950,3895,3910,3172,-0.0025510204081632404
2025-10-17,3910,3910,3850,3870,5676,-0.010230179028132946
2025-10-20,3860,3915,3860,3885,2612,0.003875968992248069
2025-10-21,3885,3890,3860,3860,7636,-0.006435006435006385
2025-10-22,3885,3995,3880,3950,4070,0.023316062176165886
2025-10-23,4000,4035,3920,3920,3877,-0.0075949367088608
2025-10-24,4025,4025,3850,3985,5432,0.01658163265306123
2025-10-27,3985,3990,3850,3905,3915,-0.020075282308657516
2025-10-28,3890,3970,3880,3880,1462,-0.006402048655569814
2025-10-29,3885,3885,3820,3825,10069,-0.014175257731958713
2025-10-30,3825,3830,3705,3715,15575,-0.02875816993464053
2025-10-31,3715,3765,3705,3735,3277,0.0053835800807537915
2025-11-03,3755,3760,3645,3760,18583,0.006693440428380271
2025-11-04,3700,3735,3635,3635,5949,-0.0332446808510638
2025-11-05,3635,3675,3615,3635,2440,0.0
