Date,Open,High,Low,Close,Volume,Change
2022-01-03,5960,6130,5870,6000,13526,0.006711409395973256
2022-01-04,5950,6030,5920,6030,6701,0.004999999999999893
2022-01-05,6020,6040,5930,6020,11618,-0.0016583747927031434
2022-01-06,5910,6000,5860,5990,9856,-0.004983388704318914
2022-01-07,5940,6040,5930,6010,15421,0.0033388981636059967
2022-01-10,6040,6040,5930,5990,12671,-0.0033277870216306127
2022-01-11,5940,6070,5860,5950,13988,-0.006677796327211993
2022-01-12,5960,6190,5920,6190,45841,0.04033613445378159
2022-01-13,6190,6200,6070,6110,23537,-0.012924071082390909
2022-01-14,6100,6100,5940,6040,21415,-0.011456628477905073
2022-01-17,5980,5980,5840,5940,16115,-0.01655629139072845
2022-01-18,5890,5920,5690,5900,26835,-0.006734006734006703
2022-01-19,5840,5840,5680,5690,17685,-0.035593220338983045
2022-01-20,5600,5990,5600,5990,10564,0.05272407732864681
2022-01-21,5970,5970,5720,5720,15973,-0.04507512520868118
2022-01-24,5720,5720,5570,5620,10477,-0.0174825174825175
2022-01-25,5550,5610,5450,5530,19235,-0.016014234875444844
2022-01-26,5500,5680,5460,5520,12426,-0.001808318264014508
2022-01-27,5480,5580,5270,5330,29784,-0.034420289855072506
2022-01-28,5330,5470,5260,5470,9506,0.026266416510319024
2022-02-03,5520,5680,5520,5600,13763,0.02376599634369292
2022-02-04,5640,5790,5600,5790,5739,0.03392857142857153
2022-02-07,5760,5760,5610,5760,7517,-0.005181347150259086
2022-02-08,5760,5760,5640,5700,6321,-0.01041666666666663
2022-02-09,5700,5770,5690,5750,6563,0.00877192982456143
2022-02-10,5780,5910,5630,5740,7595,-0.0017391304347825765
2022-02-11,5570,5740,5450,5680,6915,-0.010452961672473893
2022-02-14,5530,5610,5460,5460,13240,-0.03873239436619713
2022-02-15,5410,5570,5400,5440,10097,-0.00366300366300365
2022-02-16,5500,5610,5500,5590,6215,0.02757352941176472
2022-02-17,5590,5980,5570,5710,32744,0.02146690518783534
2022-02-18,5690,5950,5680,5930,15719,0.038528896672504365
2022-02-21,5930,6010,5810,5960,16567,0.005059021922428242
2022-02-22,5930,5960,5810,5850,5140,-0.01845637583892612
2022-02-23,5820,5940,5790,5930,9849,0.013675213675213627
2022-02-24,5930,6000,5710,5750,6795,-0.030354131534570006
2022-02-25,5780,6000,5700,5800,12724,0.008695652173912993
2022-02-28,5850,5940,5780,5860,10181,0.010344827586206806
2022-03-02,5860,5970,5770,5950,21847,0.015358361774743923
2022-03-03,6000,6230,5950,6080,29304,0.02184873949579824
2022-03-04,6080,6150,6020,6110,10282,0.004934210526315708
2022-03-07,6090,6090,5780,5890,10673,-0.036006546644844484
2022-03-08,5780,5860,5710,5750,7873,-0.02376910016977929
2022-03-10,5760,5980,5750,5980,11593,0.040000000000000036
2022-03-11,5980,6010,5860,5960,12796,-0.0033444816053511683
2022-03-14,5960,5960,5840,5880,5550,-0.01342281879194629
2022-03-15,5880,5900,5730,5800,8606,-0.013605442176870763
2022-03-16,5810,5890,5740,5890,7812,0.01551724137931032
2022-03-17,5950,6030,5920,6010,21032,0.02037351443123936
2022-03-18,6030,6080,5980,6040,9018,0.004991680532445919
2022-03-21,6050,6080,6010,6030,10024,-0.0016556291390728006
2022-03-22,5980,6120,5980,6070,11563,0.0066334991708125735
2022-03-23,6100,6100,6030,6050,4190,-0.0032948929159802853
2022-03-24,5950,6030,5940,6000,20745,-0.008264462809917328
2022-03-25,5970,6000,5830,5880,101621,-0.020000000000000018
2022-03-28,5920,7400,5920,6790,3611597,0.15476190476190466
2022-03-29,6720,6760,6570,6660,207573,-0.019145802650957333
2022-03-30,6660,6700,6370,6500,148377,-0.024024024024024038
2022-03-31,6590,6710,6510,6670,85119,0.026153846153846194
2022-04-01,6630,6690,6460,6620,64688,-0.007496251874062998
2022-04-04,6620,6760,6560,6760,66690,0.02114803625377637
2022-04-05,6760,6770,6610,6690,46527,-0.010355029585798814
2022-04-06,6730,6740,6600,6660,26369,-0.004484304932735439
2022-04-07,6710,6710,6500,6540,41618,-0.018018018018018056
2022-04-08,6500,6590,6410,6510,21381,-0.004587155963302725
2022-04-11,6560,6630,6450,6540,39982,0.004608294930875667
2022-04-12,6540,6660,6460,6540,26834,0.0
2022-04-13,6550,6670,6500,6620,36142,0.012232415902140747
2022-04-14,6670,6670,6560,6600,19600,-0.0030211480362537513
2022-04-15,6590,6980,6470,6630,310522,0.00454545454545463
2022-04-18,6690,6900,6660,6840,151922,0.03167420814479649
2022-04-19,6840,7100,6770,7070,193339,0.033625730994152114
2022-04-20,7100,7100,6900,6900,98615,-0.0240452616690241
2022-04-21,6950,7030,6810,6840,55504,-0.008695652173912993
2022-04-22,6820,6980,6660,6830,49692,-0.0014619883040936088
2022-04-25,6730,6740,6600,6660,78350,-0.024890190336749662
2022-04-26,6670,6810,6660,6750,50714,0.013513513513513598
2022-04-27,6620,6620,6450,6530,42722,-0.03259259259259262
2022-04-28,6540,6650,6450,6510,28674,-0.003062787136294043
2022-04-29,6520,6670,6520,6580,16429,0.010752688172043001
2022-05-02,6570,6670,6520,6670,21193,0.013677811550151908
2022-05-03,6700,6700,6580,6670,26262,0.0
2022-05-04,6670,6690,6600,6650,18235,-0.0029985007496251548
2022-05-06,6600,6630,6500,6630,21833,-0.003007518796992459
2022-05-09,6590,6590,6220,6260,64053,-0.05580693815987936
2022-05-10,6200,6360,6010,6340,38115,0.012779552715654896
2022-05-11,6290,6410,6160,6260,14544,-0.012618296529968487
2022-05-12,6260,6330,6110,6160,42201,-0.015974440894568676
2022-05-13,6140,6320,6100,6160,27366,0.0
2022-05-16,6400,6620,6310,6590,55307,0.06980519480519476
2022-05-17,6620,6670,6530,6580,26225,-0.0015174506828528056
2022-05-18,6600,6640,6510,6580,15847,0.0
2022-05-19,6540,6540,6300,6440,19431,-0.021276595744680882
2022-05-20,6480,6650,6390,6450,35005,0.0015527950310558758
2022-05-23,6580,6580,6340,6360,17040,-0.013953488372092981
2022-05-24,6370,6530,6260,6270,32035,-0.014150943396226467
2022-05-25,6210,6420,6140,6270,27116,0.0
2022-05-26,6280,6490,6280,6330,27257,0.009569377990430672
2022-05-27,6430,6520,6410,6440,24721,0.017377567140600236
2022-05-30,6510,6540,6450,6540,14801,0.01552795031055898
2022-05-31,6610,6610,6490,6550,17488,0.001529051987767538
2022-06-02,6500,6550,6450,6550,23631,0.0
2022-06-03,6600,6740,6520,6680,43466,0.01984732824427482
2022-06-07,6680,6680,6550,6620,31128,-0.008982035928143728
2022-06-08,6620,6720,6620,6650,30620,0.004531722054380571
2022-06-09,6680,6680,6450,6500,25902,-0.022556390977443663
2022-06-10,6500,6500,6330,6500,14459,0.0
2022-06-13,6260,6670,6070,6130,68595,-0.056923076923076965
2022-06-14,5990,6080,5740,6010,68095,-0.019575856443719397
2022-06-15,5900,6010,5720,5890,40732,-0.019966722129783676
2022-06-16,5920,6090,5760,5940,20771,0.008488964346349714
2022-06-17,5700,5920,5640,5890,25847,-0.008417508417508435
2022-06-20,5890,5890,5430,5670,57422,-0.0373514431239389
2022-06-21,5550,5680,5510,5530,20008,-0.024691358024691357
2022-06-22,5540,5600,5310,5310,34660,-0.039783001808318286
2022-06-23,5350,5370,4915,4915,68051,-0.0743879472693032
2022-06-24,4730,5940,4730,5230,387233,0.06408952187182093
2022-06-27,5330,5590,5250,5370,51491,0.026768642447418722
2022-06-28,5490,5530,5400,5450,20589,0.014897579143389184
2022-06-29,5440,5540,5390,5450,10348,0.0
2022-06-30,5420,5420,5240,5260,15827,-0.034862385321100864
2022-07-01,5140,5260,5000,5030,33183,-0.04372623574144485
2022-07-04,5010,5140,4930,5030,23263,0.0
2022-07-05,5030,5280,5010,5190,10004,0.031809145129224614
2022-07-06,5290,6150,5150,5470,396446,0.05394990366088637
2022-07-07,5470,5540,5390,5430,37541,-0.007312614259597838
2022-07-08,5460,5540,5440,5470,33605,0.007366482504604033
2022-07-11,5490,5720,5450,5640,42613,0.031078610603290757
2022-07-12,5580,5760,5480,5740,34937,0.01773049645390068
2022-07-13,5660,6400,5660,5970,388332,0.04006968641114983
2022-07-14,5970,6040,5910,5970,41501,0.0
2022-07-15,5970,6010,5790,5790,20663,-0.03015075376884424
2022-07-18,5800,5880,5710,5840,12414,0.008635578583765069
2022-07-19,5840,5980,5750,5910,13181,0.011986301369863117
2022-07-20,5910,5990,5850,5900,13861,-0.0016920473773265332
2022-07-21,5950,5950,5850,5860,9466,-0.006779661016949157
2022-07-22,5860,6390,5860,6110,151307,0.04266211604095571
2022-07-25,6110,6270,6070,6250,26118,0.022913256955810146
2022-07-26,6200,6280,6100,6160,15085,-0.014399999999999968
2022-07-27,6110,6160,6070,6150,13644,-0.0016233766233766378
2022-07-28,6230,6240,6110,6150,10722,0.0
2022-07-29,6140,6200,6100,6140,13847,-0.001626016260162566
2022-08-01,6100,6140,6050,6050,10209,-0.014657980456026065
2022-08-02,6060,6290,6030,6050,13124,0.0
2022-08-03,6010,6170,6010,6070,10494,0.0033057851239668423
2022-08-04,6090,6200,6090,6100,9970,0.0049423393739702615
2022-08-05,6170,6190,6120,6130,6776,0.004918032786885185
2022-08-08,6120,6130,6050,6120,7851,-0.0016313213703099683
2022-08-09,6120,6200,6120,6150,6612,0.004901960784313708
2022-08-10,6150,6300,6150,6270,23095,0.019512195121951237
2022-08-11,6220,6360,6200,6280,13110,0.0015948963317384823
2022-08-12,6280,6340,6260,6280,17667,0.0
2022-08-16,6740,6740,6380,6380,90212,0.015923566878981
2022-08-17,6580,6580,6300,6390,64194,0.0015673981191222097
2022-08-18,6490,6800,6400,6760,137644,0.05790297339593109
2022-08-19,6800,6840,6440,6560,80623,-0.029585798816568087
2022-08-22,6500,6510,6220,6220,36152,-0.05182926829268297
2022-08-23,6220,6240,6000,6120,18119,-0.01607717041800638
2022-08-24,6120,6820,6050,6200,361576,0.013071895424836555
2022-08-25,6260,6360,6200,6320,30234,0.019354838709677358
2022-08-26,6370,6550,6350,6500,46278,0.028481012658227778
2022-08-29,6420,6420,6140,6220,28450,-0.043076923076923124
2022-08-30,6200,6350,6200,6320,19964,0.016077170418006492
2022-08-31,6320,6590,6320,6490,36481,0.02689873417721511
2022-09-01,6450,6500,6300,6360,24670,-0.02003081664098616
2022-09-02,6390,6540,6300,6390,22988,0.004716981132075526
2022-09-05,6390,6450,6300,6310,15374,-0.012519561815336422
2022-09-06,6250,6500,6250,6400,21138,0.014263074484944571
2022-09-07,6420,6520,6390,6390,18853,-0.0015625000000000222
2022-09-08,6390,6510,6380,6390,14506,0.0
2022-09-13,6570,6570,6360,6490,18455,0.015649452269170583
2022-09-14,6250,6400,6230,6390,19227,-0.015408320493066285
2022-09-15,6400,6470,6300,6390,14404,0.0
2022-09-16,6310,6390,6200,6300,22294,-0.014084507042253502
2022-09-19,6250,6300,6010,6120,19412,-0.02857142857142858
2022-09-20,6120,6280,6040,6110,23307,-0.0016339869281045694
2022-09-21,6110,6180,5990,6100,17150,-0.0016366612111292644
2022-09-22,6020,6070,5760,5930,25437,-0.02786885245901638
2022-09-23,5880,5990,5770,5780,14620,-0.025295109612141653
2022-09-26,5630,5680,5270,5270,65492,-0.08823529411764708
2022-09-27,5140,5490,5140,5460,21580,0.036053130929791344
2022-09-28,5460,5600,5070,5170,27446,-0.05311355311355315
2022-09-29,5410,5900,5140,5200,99166,0.005802707930367523
2022-09-30,5120,5290,5100,5200,15705,0.0
2022-10-04,5340,5360,5150,5310,31910,0.02115384615384608
2022-10-05,5390,5390,5130,5130,34190,-0.03389830508474578
2022-10-06,5160,5330,5160,5320,13520,0.03703703703703698
2022-10-07,5320,5320,5140,5190,29028,-0.024436090225563922
2022-10-11,5180,5180,4975,5040,25835,-0.028901734104046284
2022-10-12,5010,5040,4810,4930,34964,-0.02182539682539686
2022-10-13,4930,4940,4845,4900,33672,-0.006085192697768749
2022-10-14,4905,5100,4905,5090,10649,0.038775510204081653
2022-10-17,5070,5270,5020,5270,16378,0.035363457760314354
2022-10-18,5320,5440,5320,5370,14724,0.018975332068311257
2022-10-19,5380,5480,5330,5410,13796,0.007448789571694592
2022-10-20,5410,5410,5280,5370,6497,-0.007393715341959317
2022-10-21,5320,5330,5200,5200,6966,-0.03165735567970207
2022-10-24,5250,5400,5220,5350,9459,0.028846153846153744
2022-10-25,5490,5490,5350,5470,11658,0.02242990654205612
2022-10-26,5500,5580,5440,5550,22173,0.014625228519195677
2022-10-27,5550,5720,5550,5690,11209,0.02522522522522519
2022-10-28,5710,5820,5630,5650,19908,-0.007029876977152849
2022-10-31,5990,6000,5740,5840,68045,0.03362831858407089
2022-11-01,5840,6020,5830,6020,35892,0.03082191780821919
2022-11-02,6030,6090,5900,6000,37219,-0.0033222591362126463
2022-11-03,5910,6040,5840,6020,12428,0.0033333333333334103
2022-11-04,5970,6030,5920,6020,13714,0.0
2022-11-07,6050,6090,5920,6040,17669,0.0033222591362125353
2022-11-08,6090,6140,6040,6040,16418,0.0
2022-11-09,6070,6070,6000,6030,10693,-0.0016556291390728006
2022-11-10,5980,6070,5980,6010,9577,-0.0033167495854062867
2022-11-11,6170,6170,5950,6060,31360,0.008319467554076532
2022-11-14,6070,6100,5750,5970,31747,-0.014851485148514865
2022-11-15,5970,6120,5970,6010,25134,0.00670016750418756
2022-11-16,5960,6010,5690,5750,86377,-0.043261231281197965
2022-11-17,5770,5780,5560,5650,32525,-0.017391304347826098
2022-11-18,5690,5840,5630,5750,25466,0.017699115044247815
2022-11-21,5960,5960,5610,5700,31763,-0.008695652173912993
2022-11-22,5610,5760,5610,5710,12987,0.0017543859649122862
2022-11-23,5700,5820,5670,5750,17127,0.007005253940455258
2022-11-24,5760,5890,5750,5810,23346,0.01043478260869568
2022-11-25,5840,5910,5780,5850,25357,0.0068846815834766595
2022-11-28,5940,5940,5850,5850,24865,0.0
2022-11-29,5830,5880,5780,5850,13870,0.0
2022-11-30,5850,5970,5850,5970,29683,0.02051282051282044
2022-12-01,6000,6170,5880,6100,59744,0.021775544388609624
2022-12-02,6100,6240,6030,6200,33424,0.016393442622950838
2022-12-05,6190,6330,6160,6270,26766,0.011290322580645107
2022-12-06,6260,6330,6060,6170,35433,-0.01594896331738438
2022-12-07,6050,6290,5870,6230,53984,0.009724473257698651
2022-12-08,6230,6280,5980,6070,13068,-0.025682182985553803
2022-12-09,6010,6140,6010,6100,9794,0.0049423393739702615
2022-12-12,6270,6270,6080,6200,12535,0.016393442622950838
2022-12-13,6140,6330,5950,5950,28031,-0.040322580645161255
2022-12-14,6010,6430,5980,6220,32454,0.04537815126050426
2022-12-15,6210,6340,6180,6220,13582,0.0
2022-12-16,6170,6280,6060,6190,13372,-0.004823151125401881
2022-12-19,6120,6260,6070,6130,7712,-0.009693053311793265
2022-12-20,6110,6200,5940,5970,14175,-0.02610114192495927
2022-12-21,6000,6020,5920,5920,14543,-0.008375209380234505
2022-12-22,5980,6090,5890,5890,6466,-0.0050675675675675436
2022-12-23,5950,5970,5800,5920,8452,0.005093378607809784
2022-12-26,5850,5980,5850,5960,9687,0.006756756756756799
2022-12-27,5970,6030,5940,6030,7153,0.011744966442952975
2022-12-28,6030,6030,5810,5850,12591,-0.02985074626865669
2022-12-29,5820,5870,5390,5390,32434,-0.07863247863247869
2023-01-02,5390,5530,5300,5330,24235,-0.011131725417439675
2023-01-03,5360,5390,5060,5230,26687,-0.018761726078799223
2023-01-04,5230,5280,5140,5250,14867,0.003824091778202643
2023-01-05,5300,5350,5250,5330,13495,0.015238095238095273
2023-01-06,5360,5450,5310,5380,15369,0.009380863039399667
2023-01-09,5430,5600,5430,5600,12180,0.040892193308550207
2023-01-10,5600,5650,5510,5510,7874,-0.016071428571428625
2023-01-11,5560,5600,5510,5540,4892,0.005444646098003547
2023-01-12,5630,5640,5510,5620,8396,0.014440433212996373
2023-01-13,5620,5690,5620,5690,6164,0.01245551601423478
2023-01-16,5690,5770,5640,5760,11441,0.012302284710017597
2023-01-17,5760,5790,5620,5620,8424,-0.02430555555555558
2023-01-18,5620,5640,5550,5600,10567,-0.003558718861209953
2023-01-19,5570,5590,5530,5580,7724,-0.0035714285714285587
2023-01-20,5560,5570,5510,5550,10374,-0.005376344086021501
2023-01-25,5580,5660,5560,5660,9943,0.01981981981981984
2023-01-26,5680,5780,5670,5760,13823,0.0176678445229681
2023-01-27,5850,5850,5740,5750,10916,-0.0017361111111111605
2023-01-30,5820,5820,5740,5770,8793,0.003478260869565153
2023-01-31,5770,5870,5760,5870,19017,0.017331022530329365
2023-02-01,5870,5930,5860,5910,11089,0.006814310051107331
2023-02-02,5940,5960,5880,5920,11331,0.0016920473773265332
2023-02-03,5920,5940,5880,5920,7407,0.0
2023-02-06,5920,5940,5880,5880,11266,-0.006756756756756799
2023-02-07,5930,5940,5800,5850,15803,-0.005102040816326481
2023-02-08,5900,5900,5850,5850,9329,0.0
2023-02-09,5850,5880,5810,5840,6021,-0.0017094017094017033
2023-02-10,5840,5870,5780,5820,10186,-0.003424657534246589
2023-02-13,5820,5820,5750,5750,11357,-0.012027491408934665
2023-02-14,5750,5780,5730,5750,11168,0.0
2023-02-15,5770,5780,5660,5670,15732,-0.013913043478260834
2023-02-16,5670,5810,5660,5780,23174,0.01940035273368612
2023-02-17,5780,5870,5780,5850,15706,0.01211072664359869
2023-02-20,5970,5990,5880,5900,16380,0.008547008547008517
2023-02-21,5910,5950,5900,5950,14048,0.008474576271186418
2023-02-22,5930,5940,5830,5900,19608,-0.008403361344537785
2023-02-23,5890,5970,5890,5950,12953,0.008474576271186418
2023-02-24,5990,6020,5960,5990,14192,0.006722689075630228
2023-02-27,5980,5990,5910,5940,16481,-0.008347245409014992
2023-02-28,5990,6140,5990,6090,41071,0.025252525252525304
2023-03-02,6090,6140,6050,6090,25308,0.0
2023-03-03,6090,6130,5990,5990,34894,-0.016420361247947435
2023-03-06,6030,6040,5920,5980,19801,-0.0016694490818029983
2023-03-07,5930,5980,5910,5970,14476,-0.0016722408026755842
2023-03-08,5980,5990,5890,5890,18001,-0.01340033500837523
2023-03-09,5910,5930,5830,5840,14428,-0.008488964346349714
2023-03-10,5820,5840,5670,5700,19526,-0.023972602739726012
2023-03-13,5610,5650,5480,5650,22963,-0.00877192982456143
2023-03-14,5600,5600,5240,5400,46957,-0.04424778761061943
2023-03-15,5310,5540,5310,5460,31977,0.011111111111111072
2023-03-16,5460,5500,5360,5420,20676,-0.0073260073260073
2023-03-17,5430,5550,5430,5540,16933,0.022140221402213944
2023-03-20,5540,5580,5460,5500,17581,-0.0072202166064981865
2023-03-21,5560,5560,5490,5510,6706,0.0018181818181817189
2023-03-22,5520,5570,5460,5490,7029,-0.003629764065335772
2023-03-23,5480,5480,5350,5390,34659,-0.01821493624772308
2023-03-24,5390,5450,5360,5430,14003,0.007421150278293043
2023-03-27,5430,5490,5300,5360,26188,-0.012891344383057057
2023-03-28,5370,5520,5370,5510,16268,0.027985074626865725
2023-03-29,5510,5600,5490,5560,18371,0.00907441016333932
2023-03-30,5600,5740,5580,5690,19992,0.023381294964028854
2023-03-31,5750,5770,5610,5610,14342,-0.01405975395430581
2023-04-03,5610,5610,5430,5450,49185,-0.028520499108734443
2023-04-04,5450,5570,5400,5470,52922,0.003669724770642091
2023-04-05,5560,5560,5410,5440,25977,-0.005484460694698323
2023-04-06,5440,5470,5370,5380,25399,-0.011029411764705843
2023-04-07,5380,5490,5360,5440,21862,0.011152416356877248
2023-04-10,5440,5440,5350,5390,23030,-0.009191176470588203
2023-04-11,5390,5450,5300,5400,20114,0.0018552875695732052
2023-04-12,5430,5650,5430,5600,51456,0.03703703703703698
2023-04-13,5680,5710,5450,5550,33806,-0.008928571428571397
2023-04-14,5590,5630,5520,5540,27636,-0.0018018018018017834
2023-04-17,5550,5600,5490,5520,26575,-0.0036101083032491488
2023-04-18,5540,5560,5350,5450,40366,-0.0126811594202898
2023-04-19,5450,5500,5440,5450,35825,0.0
2023-04-20,5450,5500,5270,5310,67712,-0.025688073394495414
2023-04-21,5260,5290,5020,5070,166042,-0.04519774011299438
2023-04-24,5130,5200,5010,5020,43516,-0.009861932938856066
2023-04-25,5020,5030,4910,4975,43909,-0.008964143426294813
2023-04-26,4975,5130,4915,5120,33134,0.029145728643216184
2023-04-27,5110,5120,5000,5060,36429,-0.01171875
2023-04-28,5150,5160,4980,4985,28307,-0.014822134387351804
2023-05-02,4985,5100,4950,4980,19050,-0.0010030090270812808
2023-05-03,4995,5020,4960,4960,11997,-0.004016064257028162
2023-05-04,4940,4980,4910,4950,31532,-0.0020161290322581182
2023-05-08,4960,5100,4960,4980,42400,0.0060606060606061
2023-05-09,5010,5100,4985,5090,37881,0.02208835341365467
2023-05-10,5060,5280,5060,5150,42759,0.011787819253438192
2023-05-11,5160,5320,5160,5290,25406,0.027184466019417375
2023-05-12,5290,5460,5240,5410,73137,0.022684310018903586
2023-05-15,5350,5390,5200,5270,39277,-0.025878003696857665
2023-05-16,5250,5270,5090,5190,57349,-0.015180265654648917
2023-05-17,5240,5450,5170,5280,43390,0.01734104046242768
2023-05-18,5330,5390,5210,5330,43402,0.009469696969697017
2023-05-19,5330,5420,5270,5300,16202,-0.0056285178236398226
2023-05-22,5270,5370,5270,5290,11071,-0.0018867924528301883
2023-05-23,5310,5350,5190,5260,19280,-0.005671077504725952
2023-05-24,5240,5360,5240,5290,15819,0.005703422053231932
2023-05-25,5260,5290,5230,5260,10106,-0.005671077504725952
2023-05-26,5240,5260,5130,5130,21067,-0.024714828897338448
2023-05-30,5200,5500,5160,5290,55018,0.031189083820662766
2023-05-31,5310,5350,5150,5150,22772,-0.026465028355387554
2023-06-01,5180,6690,5110,5740,6248799,0.11456310679611659
2023-06-02,5680,5810,5520,5520,722169,-0.0383275261324042
2023-06-05,5620,5710,5500,5690,399441,0.030797101449275388
2023-06-07,5810,5830,5550,5550,485975,-0.024604569420035194
2023-06-08,5650,5690,5410,5450,306444,-0.018018018018018056
2023-06-09,5460,5560,5420,5500,121607,0.00917431192660545
2023-06-12,5530,5620,5480,5610,147406,0.020000000000000018
2023-06-13,5610,5650,5530,5620,156678,0.0017825311942958333
2023-06-14,5620,5650,5350,5440,155683,-0.03202846975088969
2023-06-15,5460,5530,5370,5470,71605,0.005514705882353033
2023-06-16,5530,5550,5430,5440,52428,-0.005484460694698323
2023-06-19,5490,5540,5400,5520,56754,0.014705882352941124
2023-06-20,5520,5600,5440,5600,82796,0.01449275362318847
2023-06-21,5640,5640,5480,5520,140881,-0.014285714285714235
2023-06-22,5600,5630,5420,5430,120269,-0.016304347826086918
2023-06-23,5430,5500,5330,5390,76381,-0.007366482504604033
2023-06-26,5390,5560,5300,5540,98550,0.027829313543599188
2023-06-27,5550,5590,5490,5520,47933,-0.0036101083032491488
2023-06-28,5540,5570,5430,5550,58025,0.005434782608695565
2023-06-29,5550,5570,5390,5390,82208,-0.028828828828828867
2023-06-30,5400,5530,5360,5450,50179,0.011131725417439675
2023-07-03,5430,5570,5370,5570,151807,0.022018348623853212
2023-07-04,5580,5600,5500,5550,77196,-0.0035906642728904536
2023-07-05,5550,5580,5440,5450,51236,-0.018018018018018056
2023-07-06,5400,5590,5360,5430,74481,-0.003669724770642202
2023-07-07,5410,5420,5150,5190,140170,-0.04419889502762431
2023-07-10,5240,5400,5220,5350,59459,0.030828516377649384
2023-07-11,5320,5390,5230,5270,34514,-0.01495327102803734
2023-07-12,5300,5320,5210,5220,27998,-0.009487666034155628
2023-07-13,5230,5280,5110,5120,61470,-0.019157088122605415
2023-07-14,5120,5200,5000,5140,93286,0.00390625
2023-07-17,5150,5200,5030,5030,74090,-0.021400778210116767
2023-07-18,5070,5070,4935,4970,73109,-0.011928429423459286
2023-07-19,4970,4985,4905,4940,70290,-0.006036217303822977
2023-07-20,4900,4955,4890,4905,31732,-0.007085020242915019
2023-07-21,4890,4995,4855,4900,50864,-0.0010193679918450993
2023-07-24,4905,4905,4705,4745,99689,-0.031632653061224536
2023-07-25,4700,4795,4665,4665,44963,-0.01685985247629085
2023-07-26,4635,4700,4355,4460,120070,-0.04394426580921762
2023-07-27,4460,4800,4460,4695,49611,0.05269058295964135
2023-07-28,4650,4745,4640,4700,21697,0.0010649627263046302
2023-07-31,4705,4775,4695,4765,15081,0.01382978723404249
2023-08-01,4725,4815,4715,4785,42868,0.0041972717733473885
2023-08-02,4820,4820,4650,4755,57167,-0.006269592476489061
2023-08-03,4755,4755,4580,4675,38021,-0.01682439537329128
2023-08-04,4650,4680,4600,4665,28371,-0.002139037433155133
2023-08-07,4665,4725,4505,4675,57044,0.002143622722400762
2023-08-08,4625,4705,4580,4585,28306,-0.019251336898395754
2023-08-09,4565,4615,4545,4610,17495,0.005452562704471031
2023-08-10,4630,4640,4555,4620,17853,0.002169197396963085
2023-08-11,4670,4700,4620,4625,24842,0.0010822510822510178
2023-08-14,4600,4610,4510,4515,31474,-0.023783783783783763
2023-08-16,4525,4525,4200,4365,92225,-0.03322259136212624
2023-08-17,4255,4485,4195,4345,70057,-0.004581901489117968
2023-08-18,4250,4475,4250,4420,37992,0.017261219792865434
2023-08-21,4330,4455,4320,4375,23247,-0.010180995475113086
2023-08-22,4395,4495,4220,4240,31555,-0.030857142857142805
2023-08-23,4260,4260,4160,4220,32651,-0.004716981132075526
2023-08-24,4215,4305,4180,4240,23653,0.004739336492890933
2023-08-25,4290,4445,4290,4375,25716,0.03183962264150941
2023-08-28,4490,4490,4330,4375,30119,0.0
2023-08-29,4415,4470,4365,4365,43612,-0.0022857142857143353
2023-08-30,4550,4550,4375,4410,34369,0.010309278350515427
2023-08-31,4430,4450,4380,4380,29137,-0.006802721088435382
2023-09-01,4380,4455,4315,4400,19404,0.004566210045662045
2023-09-04,4410,4460,4270,4305,41727,-0.021590909090909105
2023-09-05,4250,5120,4250,4475,884524,0.03948896631823451
2023-09-06,4475,4530,4400,4415,46935,-0.013407821229050265
2023-09-07,4415,4440,4270,4280,52205,-0.0305775764439411
2023-09-08,4250,4360,4250,4330,22774,0.011682242990654235
2023-09-11,4330,4450,4310,4320,20179,-0.002309468822170868
2023-09-12,4390,4510,4265,4315,53536,-0.0011574074074074403
2023-09-13,4315,4380,4250,4260,39879,-0.01274623406720743
2023-09-14,4255,4395,4245,4255,16933,-0.0011737089201877549
2023-09-15,4275,4395,4260,4325,22522,0.016451233842538215
2023-09-18,4325,4350,4255,4255,31534,-0.016184971098265888
2023-09-19,4290,4290,4210,4210,21770,-0.010575793184488869
2023-09-20,4205,4230,4185,4185,16203,-0.005938242280285055
2023-09-21,4185,4185,3735,3770,235944,-0.09916367980884111
2023-09-22,3730,3820,3230,3300,570538,-0.12466843501326264
2023-09-25,3320,3440,3255,3290,142908,-0.00303030303030305
2023-09-26,3220,3280,2780,2855,476268,-0.1322188449848024
2023-09-27,2850,3090,2715,3050,300620,0.06830122591943955
2023-10-04,3050,3965,3050,3965,1117280,0.30000000000000004
2023-10-05,4700,5020,3700,4330,5746447,0.09205548549810838
2023-10-06,4330,4720,3970,4420,822730,0.020785219399538146
2023-10-10,4370,4450,3695,3900,407064,-0.11764705882352944
2023-10-11,4000,4940,3900,4055,2139738,0.039743589743589824
2023-10-12,4185,4370,3845,4000,580597,-0.013563501849568449
2023-10-13,3995,3995,3725,3855,263776,-0.036250000000000004
2023-10-16,3855,3855,3155,3260,574715,-0.1543450064850843
2023-10-17,3285,3400,3080,3080,318238,-0.05521472392638038
2023-10-18,3110,3150,2800,2800,219769,-0.09090909090909094
2023-10-19,2800,2800,2525,2590,338816,-0.07499999999999996
2023-10-20,2625,3080,2610,2765,411156,0.06756756756756754
2023-10-23,2765,2795,2450,2575,285536,-0.06871609403254975
2023-10-24,2700,2795,2480,2655,126387,0.03106796116504862
2023-10-25,2740,3325,2705,2830,2017932,0.06591337099811678
2023-10-26,2830,3110,2625,2845,942349,0.005300353356890497
2023-10-27,2780,3070,2705,2715,745443,-0.04569420035149385
2023-10-30,2885,3310,2840,2990,1062790,0.10128913443830578
2023-10-31,3045,3250,2890,2945,334047,-0.015050167224080258
2023-11-01,2940,3250,2810,3030,333440,0.028862478777589073
2023-11-02,3030,3115,2955,3040,105739,0.0033003300330032292
2023-11-03,3110,3650,3060,3435,1276049,0.1299342105263157
2023-11-06,3440,3600,3220,3230,391478,-0.05967976710334788
2023-11-07,3230,3545,3045,3105,385147,-0.03869969040247678
2023-11-08,3235,3465,3140,3170,263516,0.02093397745571668
2023-11-09,3170,3205,2970,3170,151081,0.0
2023-11-10,3170,4120,3080,4120,1693131,0.2996845425867507
2023-11-13,4500,4740,4005,4055,1691749,-0.015776699029126262
2023-11-14,4055,4695,4055,4645,830250,0.14549938347718872
2023-11-15,4605,4810,4500,4750,429000,0.022604951560817987
2023-11-16,4740,4740,4250,4640,261486,-0.023157894736842155
2023-11-17,4635,4690,4340,4600,185774,-0.008620689655172376
2023-11-20,4520,4550,3900,4095,564212,-0.10978260869565215
2023-11-21,4180,4520,3860,4255,591441,0.039072039072039155
2023-11-22,4240,4260,4000,4060,189506,-0.04582843713278495
2023-11-23,4060,4150,3930,3960,120771,-0.024630541871921152
2023-11-24,3960,3970,3800,3900,68515,-0.015151515151515138
2023-11-27,3900,3970,3710,3720,96820,-0.0461538461538461
2023-11-28,3695,3800,3600,3735,95160,0.0040322580645162365
2023-11-29,3845,3845,3585,3830,49881,0.025435073627844806
2023-11-30,3895,3895,3680,3685,59331,-0.037859007832898195
2023-12-01,3730,4790,3685,4790,1210463,0.299864314789688
2023-12-04,5410,5450,4400,4470,1827249,-0.06680584551148228
2023-12-05,4435,4435,4070,4360,408268,-0.02460850111856827
2023-12-06,4245,4245,3995,4185,244420,-0.04013761467889909
2023-12-07,4080,4450,4025,4080,459699,-0.02508960573476704
2023-12-08,4100,4220,4025,4100,98164,0.004901960784313708
2023-12-11,4065,4190,3925,3970,138706,-0.03170731707317076
2023-12-12,3995,4055,3835,3895,105884,-0.018891687657430767
