Date,Open,High,Low,Close,Volume,Change
2022-01-03,9660,9710,9600,9680,19248,0.0
2022-01-04,9680,9720,9570,9650,22455,-0.0030991735537190257
2022-01-05,9600,9630,9500,9590,31861,-0.006217616580310836
2022-01-06,9510,9660,9460,9510,46671,-0.008342022940563076
2022-01-07,9460,9560,9460,9550,16733,0.004206098843322792
2022-01-10,9550,12150,9430,10700,9036753,0.12041884816753923
2022-01-11,10700,11100,10550,10900,1753236,0.01869158878504673
2022-01-12,11000,11050,10550,10750,781562,-0.013761467889908285
2022-01-13,11100,11250,10600,10650,925500,-0.009302325581395321
2022-01-14,10450,10850,10400,10650,319257,0.0
2022-01-17,10600,10800,10100,10200,404560,-0.04225352112676062
2022-01-18,10250,10500,10150,10400,248487,0.019607843137254832
2022-01-19,10250,11150,10150,10350,984494,-0.004807692307692291
2022-01-20,10400,10850,10300,10750,434139,0.03864734299516903
2022-01-21,10600,10800,10350,10400,183861,-0.032558139534883734
2022-01-24,10300,10550,10150,10400,216483,0.0
2022-01-25,10400,10900,10250,10600,576676,0.019230769230769162
2022-01-26,10650,11050,10300,10350,459451,-0.02358490566037741
2022-01-27,10450,10500,9630,9640,381380,-0.06859903381642507
2022-01-28,9710,9930,9510,9900,165155,0.026970954356846377
2022-02-03,10050,10500,9950,10350,287573,0.045454545454545414
2022-02-04,10350,11200,10250,10800,884319,0.04347826086956519
2022-02-07,10800,10950,10600,10750,261467,-0.00462962962962965
2022-02-08,10900,10950,10450,10550,169202,-0.018604651162790753
2022-02-09,10700,11250,10650,11200,393664,0.06161137440758302
2022-02-10,11200,11250,10800,10800,214922,-0.0357142857142857
2022-02-11,10650,10800,10400,10400,181102,-0.03703703703703709
2022-02-14,10300,10450,10050,10150,148629,-0.024038461538461564
2022-02-15,10200,10650,10100,10200,277509,0.0049261083743843415
2022-02-16,10450,10950,10450,10900,246569,0.06862745098039214
2022-02-17,10900,11100,10350,10750,362716,-0.013761467889908285
2022-02-18,10500,10950,10500,10850,130169,0.009302325581395321
2022-02-21,10700,11000,10600,10900,120155,0.004608294930875667
2022-02-22,10600,10800,10500,10600,139341,-0.02752293577981646
2022-02-23,10750,10950,10650,10900,101343,0.028301886792452935
2022-02-24,10750,11150,10500,10550,413560,-0.032110091743119296
2022-02-25,10750,10900,10600,10800,177927,0.023696682464454888
2022-02-28,10800,11100,10750,10850,230252,0.004629629629629539
2022-03-02,10850,11300,10800,11000,292680,0.01382488479262678
2022-03-03,11150,11200,10900,11150,204621,0.013636363636363669
2022-03-04,11100,11150,10700,10750,177326,-0.0358744394618834
2022-03-07,10600,10700,10250,10350,245013,-0.037209302325581395
2022-03-08,10150,10400,10050,10100,151944,-0.024154589371980673
2022-03-10,10350,10550,10200,10300,132079,0.01980198019801982
2022-03-11,10300,10400,10200,10300,85127,0.0
2022-03-14,10300,10500,10050,10050,125906,-0.024271844660194164
2022-03-15,10050,10150,9990,10050,82889,0.0
2022-03-16,10150,10200,9760,9780,299828,-0.0268656716417911
2022-03-17,9900,9960,9830,9920,125934,0.014314928425357865
2022-03-18,9930,10100,9830,10050,127751,0.013104838709677491
2022-03-21,10100,10250,10000,10050,118957,0.0
2022-03-22,10050,10200,10050,10150,87813,0.00995024875621886
2022-03-23,10200,10200,10000,10100,110241,-0.0049261083743842304
2022-03-24,10000,10150,9980,10150,58307,0.004950495049504955
2022-03-25,10150,10350,10000,10150,236453,0.0
2022-03-28,10150,10250,10050,10200,71209,0.0049261083743843415
2022-03-29,10200,10400,10150,10350,126641,0.014705882352941124
2022-03-30,10350,10400,10200,10350,118829,0.0
2022-03-31,10400,10800,10400,10700,621477,0.033816425120772875
2022-04-01,10600,10650,10450,10550,156368,-0.014018691588784993
2022-04-04,10600,10650,10400,10550,168253,0.0
2022-04-05,10550,10600,10400,10500,129303,-0.004739336492891044
2022-04-06,10400,10450,10200,10350,145730,-0.014285714285714235
2022-04-07,10250,10300,10050,10100,131477,-0.024154589371980673
2022-04-08,10100,10200,9950,10150,112957,0.004950495049504955
2022-04-11,10100,10200,10050,10150,51283,0.0
2022-04-12,10000,10150,9950,10100,87177,-0.0049261083743842304
2022-04-13,10100,10250,10100,10200,44903,0.00990099009900991
2022-04-14,10300,10300,10150,10200,50899,0.0
2022-04-15,10200,10350,10150,10250,58140,0.004901960784313708
2022-04-18,10300,10400,10200,10350,56923,0.009756097560975618
2022-04-19,10400,10600,10300,10550,99386,0.019323671497584627
2022-04-20,10650,10700,10500,10600,100579,0.004739336492890933
2022-04-21,10650,10800,10500,10500,261150,-0.009433962264150941
2022-04-22,10450,10650,10400,10600,107837,0.00952380952380949
2022-04-25,10400,10500,10250,10300,117692,-0.028301886792452824
2022-04-26,10400,10650,10350,10600,126632,0.029126213592232997
2022-04-27,10450,10700,10300,10650,217497,0.004716981132075526
2022-04-28,10700,10750,10450,10600,118680,-0.0046948356807511304
2022-04-29,10600,10600,10450,10500,121865,-0.009433962264150941
2022-05-02,10350,10450,10200,10400,127997,-0.00952380952380949
2022-05-03,10300,10400,10200,10200,123744,-0.019230769230769273
2022-05-04,10250,10250,10000,10000,124872,-0.019607843137254943
2022-05-06,9880,9910,9720,9750,161140,-0.025000000000000022
2022-05-09,9690,9810,9490,9500,121638,-0.02564102564102566
2022-05-10,9330,9500,9180,9380,97000,-0.012631578947368438
2022-05-11,9350,9480,9350,9380,64496,0.0
2022-05-12,9250,9340,9060,9070,114972,-0.03304904051172708
2022-05-13,9120,9220,9080,9080,76474,0.0011025358324145973
2022-05-16,9100,9230,9070,9080,50125,0.0
2022-05-17,9130,9280,9120,9190,122341,0.012114537444933848
2022-05-18,9240,9280,9180,9220,44631,0.0032644178454841466
2022-05-19,9050,9060,8940,9020,73597,-0.021691973969631184
2022-05-20,9050,9090,9030,9070,46220,0.005543237250554389
2022-05-23,9110,9200,9020,9120,52026,0.005512679162072764
2022-05-24,9180,9400,9070,9070,121526,-0.005482456140350922
2022-05-25,9110,9430,9050,9430,255185,0.03969128996692395
2022-05-26,9160,9260,9080,9100,90247,-0.03499469777306474
2022-05-27,9150,9220,9120,9120,45252,0.00219780219780219
2022-05-30,9200,9240,9160,9220,38728,0.010964912280701844
2022-05-31,9240,9280,9170,9250,29686,0.0032537960954446277
2022-06-02,9260,9320,9240,9280,18886,0.00324324324324321
2022-06-03,9300,9330,9250,9300,22745,0.0021551724137931494
2022-06-07,9300,9380,9280,9280,54091,-0.0021505376344086446
2022-06-08,9290,9340,9280,9310,22399,0.003232758620689724
2022-06-09,9310,9320,9150,9230,29545,-0.008592910848549962
2022-06-10,9200,9230,9100,9200,26939,-0.00325027085590468
2022-06-13,9100,9100,8800,8800,89811,-0.04347826086956519
2022-06-14,8520,8730,8450,8570,74263,-0.026136363636363624
2022-06-15,8530,8660,8260,8300,57715,-0.031505250875145885
2022-06-16,8420,8580,8250,8250,22243,-0.0060240963855421326
2022-06-17,8020,8300,8010,8190,34058,-0.0072727272727273196
2022-06-20,8230,8290,7740,7860,55096,-0.04029304029304026
2022-06-21,7820,8100,7820,7960,23547,0.012722646310432628
2022-06-22,8000,8050,7660,7660,44642,-0.03768844221105527
2022-06-23,7670,7760,7320,7320,69865,-0.044386422976501305
2022-06-24,7320,7700,7320,7660,43002,0.04644808743169393
2022-06-27,7870,7990,7730,7880,39133,0.02872062663185382
2022-06-28,7930,8050,7920,8050,40171,0.021573604060913798
2022-06-29,7960,8040,7930,8010,11143,-0.004968944099378869
2022-06-30,8000,8000,7830,7880,16440,-0.01622971285892638
2022-07-01,7820,7920,7730,7750,30031,-0.016497461928933976
2022-07-04,7760,7800,7430,7500,30190,-0.032258064516129004
2022-07-05,7510,7740,7510,7740,21928,0.03200000000000003
2022-07-06,7750,7750,7600,7700,23320,-0.0051679586563307955
2022-07-07,7700,7780,7700,7780,9865,0.010389610389610393
2022-07-08,7810,8020,7810,7940,37490,0.020565552699228773
2022-07-11,8010,8010,7880,7890,8449,-0.006297229219143552
2022-07-12,7860,7910,7650,7750,22177,-0.017743979721166037
2022-07-13,7860,8110,7760,8080,46633,0.04258064516129023
2022-07-14,8130,8310,8020,8260,36860,0.022277227722772297
2022-07-15,8260,8400,8110,8300,39582,0.004842615012106588
2022-07-18,8450,8470,8300,8320,25190,0.002409638554216942
2022-07-19,8320,8340,8230,8340,16739,0.0024038461538462563
2022-07-20,8380,8490,8300,8330,36218,-0.0011990407673860837
2022-07-21,8390,8480,8330,8440,24888,0.013205282112845218
2022-07-22,8420,8550,8410,8440,21436,0.0
2022-07-25,8440,8480,8400,8420,7364,-0.0023696682464454666
2022-07-26,8370,8470,8360,8360,15405,-0.0071258907363420665
2022-07-27,8400,8450,8270,8440,25878,0.009569377990430672
2022-07-28,8500,8500,8410,8440,14159,0.0
2022-07-29,8490,8520,8460,8470,14164,0.0035545023696681444
2022-08-01,8470,8510,8430,8460,7786,-0.0011806375442738881
2022-08-02,8420,8490,8400,8450,12691,-0.0011820330969266601
2022-08-03,8400,8580,8400,8510,11125,0.007100591715976323
2022-08-04,8590,8590,8480,8550,17611,0.004700352526439522
2022-08-05,8540,8590,8520,8550,13202,0.0
2022-08-08,8550,8550,8450,8510,13149,-0.004678362573099393
2022-08-09,8520,8720,8520,8700,27520,0.02232667450058745
2022-08-10,8660,8720,8600,8710,18508,0.0011494252873562871
2022-08-11,8780,8840,8660,8840,43700,0.014925373134328401
2022-08-12,8850,8870,8810,8840,10830,0.0
2022-08-16,8840,8870,8740,8820,15986,-0.002262443438914019
2022-08-17,8870,9140,8790,8830,83912,0.0011337868480725266
2022-08-18,8740,9400,8700,8910,579870,0.009060022650056565
2022-08-19,8960,9030,8780,8790,89876,-0.013468013468013518
2022-08-22,8730,8730,8450,8460,46800,-0.03754266211604096
2022-08-23,8390,8400,8250,8290,32858,-0.02009456264775411
2022-08-24,8320,8390,8210,8300,23968,0.0012062726176116367
2022-08-25,8300,8590,8290,8400,36279,0.012048192771084265
2022-08-26,8420,8620,8400,8460,24333,0.0071428571428571175
2022-08-29,8270,8280,8190,8230,23325,-0.027186761229314405
2022-08-30,8210,8340,8210,8340,9129,0.013365735115431265
2022-08-31,8330,8380,8250,8360,8538,0.0023980815347721673
2022-09-01,8300,8300,8190,8210,18134,-0.01794258373205737
2022-09-02,8220,8340,8160,8200,26351,-0.0012180267965895553
2022-09-05,8120,8740,8120,8180,63798,-0.0024390243902439046
2022-09-06,8140,8370,8120,8250,18837,0.008557457212713837
2022-09-07,8250,8270,8060,8130,21990,-0.014545454545454528
2022-09-08,8160,8230,8150,8210,15988,0.009840098400984099
2022-09-13,8240,8360,8230,8330,19994,0.014616321559074219
2022-09-14,8210,8230,8100,8170,14203,-0.019207683073229287
2022-09-15,8230,8280,8170,8200,9273,0.003671970624234966
2022-09-16,8150,8210,8080,8110,19769,-0.01097560975609757
2022-09-19,8100,8110,7840,7870,26163,-0.0295930949445129
2022-09-20,8020,8230,8010,8180,32000,0.03939008894536222
2022-09-21,8180,8210,8070,8200,13687,0.0024449877750611915
2022-09-22,8100,8200,8010,8120,17536,-0.009756097560975618
2022-09-23,8050,8140,7930,8060,18173,-0.007389162561576401
2022-09-26,7930,8050,7620,7760,48074,-0.037220843672456594
2022-09-27,7650,9000,7340,7450,5272262,-0.03994845360824739
2022-09-28,7430,7620,7050,7190,198466,-0.03489932885906044
2022-09-29,7320,7630,7310,7380,119935,0.026425591098748313
2022-09-30,7150,7460,7150,7380,28999,0.0
2022-10-04,7420,7810,7400,7610,80617,0.031165311653116534
2022-10-05,7610,7670,7450,7550,38520,-0.007884362680683266
2022-10-06,7550,7730,7550,7700,22147,0.019867549668874274
2022-10-07,7730,7900,7630,7700,56959,0.0
2022-10-11,7500,7590,7340,7400,27497,-0.038961038961038974
2022-10-12,7400,7430,7290,7380,12490,-0.002702702702702675
2022-10-13,7300,7360,7190,7310,29817,-0.009485094850948506
2022-10-14,7350,7490,7310,7460,16633,0.020519835841313228
2022-10-17,7450,7560,7390,7540,10110,0.01072386058981234
2022-10-18,7560,7660,7500,7580,42899,0.0053050397877985045
2022-10-19,7580,7690,7460,7460,16346,-0.0158311345646438
2022-10-20,7500,7610,7440,7500,10422,0.00536193029490617
2022-10-21,7500,7550,7440,7500,15870,0.0
2022-10-24,7470,7660,7470,7570,14230,0.009333333333333416
2022-10-25,7690,7690,7520,7620,7524,0.006605019815059343
2022-10-26,7690,7690,7510,7510,15448,-0.014435695538057791
2022-10-27,7630,7650,7550,7610,15336,0.013315579227696439
2022-10-28,7610,7650,7580,7600,12555,-0.0013140604467805073
2022-10-31,7680,7680,7560,7650,16192,0.006578947368421018
2022-11-01,7650,7770,7650,7750,18496,0.013071895424836555
2022-11-02,7750,7790,7690,7790,16211,0.005161290322580614
2022-11-03,7730,7800,7570,7790,12578,0.0
2022-11-04,7780,7910,7720,7820,25200,0.0038510911424902705
2022-11-07,7820,7960,7810,7810,32004,-0.0012787723785165905
2022-11-08,7820,8020,7800,7900,29670,0.011523687580025532
2022-11-09,7910,8160,7850,8070,46531,0.021518987341772045
2022-11-10,8020,8170,7990,8120,13409,0.006195786864931829
2022-11-11,8220,8490,8170,8320,76386,0.024630541871921263
2022-11-14,8250,8390,8210,8340,19725,0.0024038461538462563
2022-11-15,8320,8330,8080,8270,44539,-0.008393285371702586
2022-11-16,8340,8410,8220,8410,19133,0.016928657799274438
2022-11-17,8450,8500,8350,8370,34150,-0.0047562425683710385
2022-11-18,8370,8630,8370,8490,52410,0.014336917562723928
2022-11-21,8520,8600,8430,8460,15085,-0.0035335689045936647
2022-11-22,8390,8830,8390,8620,98222,0.01891252955082745
2022-11-23,8600,8830,8560,8690,38931,0.008120649651972123
2022-11-24,8650,8750,8540,8700,47197,0.0011507479861909697
2022-11-25,8620,8970,8620,8810,66524,0.012643678160919603
2022-11-28,8850,8850,8510,8510,29753,-0.034052213393870656
2022-11-29,8530,8700,8400,8690,24505,0.021151586368977737
2022-11-30,8680,8750,8610,8750,15187,0.0069044879171460405
2022-12-01,8820,8830,8720,8730,19135,-0.0022857142857143353
2022-12-02,8690,8710,8510,8610,11905,-0.013745704467353903
2022-12-05,8600,8630,8520,8630,10442,0.0023228803716608404
2022-12-06,8580,8790,8580,8670,17482,0.004634994206257348
2022-12-07,8670,8690,8520,8590,12086,-0.009227220299884653
2022-12-08,8590,8590,8160,8360,37431,-0.0267753201396973
2022-12-09,8360,8380,8200,8320,32720,-0.004784688995215336
2022-12-12,8300,8310,8200,8230,11558,-0.01081730769230771
2022-12-13,8290,8300,8200,8230,7541,0.0
2022-12-14,8300,8340,8230,8340,9725,0.013365735115431265
2022-12-15,8330,8690,8300,8500,31294,0.01918465227817756
2022-12-16,8460,8480,8310,8340,7248,-0.018823529411764683
2022-12-19,8340,8440,8330,8380,7920,0.004796163069544335
2022-12-20,8400,8820,8250,8350,78933,-0.0035799522673031214
2022-12-21,8350,8400,8260,8300,17615,-0.005988023952095856
2022-12-22,8300,8380,8250,8320,15074,0.002409638554216942
2022-12-23,8320,8320,8160,8170,11945,-0.018028846153846145
2022-12-26,8170,8230,8080,8140,11098,-0.003671970624234966
2022-12-27,8150,8370,8100,8240,11431,0.01228501228501222
2022-12-28,8260,8280,8150,8200,6703,-0.004854368932038833
2022-12-29,8200,8200,7930,8070,9529,-0.01585365853658538
2023-01-02,8060,8060,7720,7720,13724,-0.043370508054522916
2023-01-03,7720,7840,7530,7560,28523,-0.020725388601036232
2023-01-04,7440,7860,7440,7770,25365,0.02777777777777768
2023-01-05,7770,7920,7770,7890,13234,0.015444015444015413
2023-01-06,8000,8020,7890,7960,6411,0.008871989860582907
2023-01-09,8020,8040,7960,7980,13070,0.002512562814070307
2023-01-10,8000,8040,7920,8040,8031,0.007518796992481258
2023-01-11,8050,8140,8040,8130,8566,0.011194029850746245
2023-01-12,8150,8220,8070,8220,10291,0.011070110701107083
2023-01-13,8220,8260,8000,8000,22100,-0.02676399026763987
2023-01-16,8080,8120,8000,8100,9184,0.012499999999999956
2023-01-17,8110,8110,8000,8060,9414,-0.004938271604938316
2023-01-18,8100,8100,8000,8000,6633,-0.007444168734491274
2023-01-19,7990,8080,7950,7980,9300,-0.0024999999999999467
2023-01-20,8000,8090,7980,8070,6951,0.011278195488721776
2023-01-25,8090,8180,8050,8170,7507,0.012391573729863659
2023-01-26,8170,8250,8160,8240,6061,0.008567931456548328
2023-01-27,8250,8250,8110,8190,8785,-0.0060679611650485965
2023-01-30,8190,8200,8000,8100,10867,-0.01098901098901095
2023-01-31,8100,8160,8040,8160,6623,0.007407407407407307
2023-02-01,8170,8230,8130,8230,7964,0.008578431372548989
2023-02-02,8280,8280,8200,8250,12647,0.002430133657351119
2023-02-03,8280,8280,8150,8240,9853,-0.00121212121212122
2023-02-06,8240,8240,8130,8160,14281,-0.009708737864077666
2023-02-07,8180,8210,8130,8200,13695,0.004901960784313708
2023-02-08,8250,8250,8160,8210,11614,0.0012195121951219523
2023-02-09,8210,8400,8210,8360,38523,0.018270401948842885
2023-02-10,8420,8420,8110,8240,26814,-0.014354066985645897
2023-02-13,8210,8210,8030,8120,16826,-0.014563106796116498
2023-02-14,8050,8130,8010,8100,23657,-0.0024630541871921707
2023-02-15,8140,8140,7980,7980,22415,-0.014814814814814836
2023-02-16,8000,8050,7970,8000,15218,0.0025062656641603454
2023-02-17,7950,8000,7750,7880,28900,-0.015000000000000013
2023-02-20,7830,8020,7830,8000,12511,0.015228426395939021
2023-02-21,8040,8080,8000,8020,9241,0.0024999999999999467
2023-02-22,7900,7970,7850,7960,12300,-0.007481296758104716
2023-02-23,7970,8050,7890,8030,16570,0.008793969849246297
2023-02-24,8210,8270,7960,7960,37617,-0.008717310087173136
2023-02-27,7950,7960,7820,7870,17820,-0.011306532663316604
2023-02-28,7890,7960,7830,7950,7634,0.010165184243964509
2023-03-02,7990,8050,7900,8050,16272,0.012578616352201255
2023-03-03,8050,8070,7980,8000,25144,-0.006211180124223614
2023-03-06,8000,8000,7870,7900,25263,-0.012499999999999956
2023-03-07,7890,7930,7840,7930,13227,0.0037974683544304
2023-03-08,7900,8350,7870,8220,102783,0.03656998738965944
2023-03-09,8220,8220,7970,8060,32397,-0.019464720194647178
2023-03-10,8050,8390,7980,8090,81133,0.003722084367245637
2023-03-13,8100,8110,7750,7840,59352,-0.030902348578491945
2023-03-14,7900,7900,7500,7670,43829,-0.02168367346938771
2023-03-15,7690,7740,7590,7630,25319,-0.0052151238591916504
2023-03-16,7610,7620,7500,7530,22109,-0.013106159895150737
2023-03-17,7550,7790,7510,7790,28846,0.03452855245683928
2023-03-20,7790,7790,7680,7690,11093,-0.012836970474967901
2023-03-21,7810,7820,7570,7730,15151,0.005201560468140354
2023-03-22,7790,7790,7650,7720,24939,-0.001293661060802087
2023-03-23,7700,7700,7530,7590,22024,-0.016839378238341918
2023-03-24,7600,7740,7530,7670,14862,0.010540184453228019
2023-03-27,7640,7760,7550,7670,7372,0.0
2023-03-28,7600,7710,7600,7670,10558,0.0
2023-03-29,7670,7880,7660,7800,19058,0.016949152542372836
2023-03-30,7780,7840,7730,7800,10288,0.0
2023-03-31,7850,8420,7770,8130,215977,0.04230769230769238
2023-04-03,8190,8190,7980,7980,37744,-0.01845018450184499
2023-04-04,7850,8050,7850,7970,44331,-0.0012531328320801727
2023-04-05,7970,8320,7890,8110,120197,0.017565872020075313
2023-04-06,8150,8170,8030,8080,41321,-0.0036991368680641123
2023-04-07,8080,8140,8000,8090,55198,0.0012376237623761277
2023-04-10,8030,8100,7980,8030,33598,-0.007416563658838027
2023-04-11,8070,8070,7960,8030,26837,0.0
2023-04-12,8030,8180,8020,8180,50848,0.018679950186799577
2023-04-13,8190,8190,8110,8160,18017,-0.0024449877750610804
2023-04-14,8190,8210,8090,8120,26571,-0.004901960784313708
2023-04-17,8120,8140,8080,8140,27457,0.0024630541871921707
2023-04-18,8120,8130,8000,8100,18269,-0.004914004914004955
2023-04-19,8100,8180,8070,8150,31401,0.006172839506172867
2023-04-20,8110,8260,8100,8170,31635,0.0024539877300613355
2023-04-21,8170,8170,7960,7990,35702,-0.022031823745410017
2023-04-24,8020,8040,7840,7900,19331,-0.01126408010012514
2023-04-25,7900,7970,7620,7760,55001,-0.017721518987341756
2023-04-26,7760,7820,7680,7760,16541,0.0
2023-04-27,7790,7790,7620,7720,13599,-0.005154639175257714
2023-04-28,7720,7790,7650,7760,12401,0.005181347150259086
2023-05-02,7790,7790,7690,7780,17061,0.002577319587628857
2023-05-03,7780,7860,7760,7820,13675,0.005141388174807249
2023-05-04,7820,7820,7700,7760,28790,-0.007672634271099765
2023-05-08,7680,7880,7670,7740,20336,-0.002577319587628857
2023-05-09,7740,7850,7680,7780,10372,0.0051679586563306845
2023-05-10,7790,7800,7710,7770,13597,-0.0012853470437017567
2023-05-11,7770,7850,7730,7750,11210,-0.002574002574002532
2023-05-12,7790,7790,7690,7750,13785,0.0
2023-05-15,7760,7760,7670,7710,11357,-0.005161290322580614
2023-05-16,7790,8090,7790,7860,56572,0.01945525291828787
2023-05-17,7830,7920,7830,7870,11395,0.0012722646310432406
2023-05-18,7990,7990,7870,7900,11064,0.003811944091486552
2023-05-19,7920,7950,7870,7900,10745,0.0
2023-05-22,7900,7960,7890,7940,10799,0.005063291139240533
2023-05-23,7980,7980,7860,7890,23622,-0.006297229219143552
2023-05-24,7830,7890,7740,7820,16154,-0.008871989860583018
2023-05-25,7800,7830,7730,7780,14459,-0.005115089514066473
2023-05-26,7790,7790,7700,7710,10470,-0.00899742930591263
2023-05-30,7770,7770,7650,7710,9932,0.0
2023-05-31,7650,7770,7630,7650,15706,-0.0077821011673151474
2023-06-01,7690,7690,7610,7650,14553,0.0
2023-06-02,7650,7740,7650,7710,10227,0.007843137254901933
2023-06-05,7710,7740,7690,7690,7438,-0.0025940337224383825
2023-06-07,7700,7710,7670,7710,13695,0.002600780234070177
2023-06-08,7730,7830,7690,7800,18581,0.011673151750972721
2023-06-09,7780,7800,7700,7740,15618,-0.007692307692307665
2023-06-12,7780,7780,7700,7760,13762,0.0025839793281654533
2023-06-13,7760,7780,7700,7750,14030,-0.0012886597938144284
2023-06-14,7730,7780,7650,7670,21584,-0.010322580645161339
2023-06-15,7670,7710,7600,7650,23505,-0.0026075619295958807
2023-06-16,7640,7750,7640,7730,7391,0.010457516339869244
2023-06-19,7760,7760,7670,7730,10853,0.0
2023-06-20,7730,7800,7670,7700,13196,-0.0038809831824062613
2023-06-21,7690,7720,7490,7490,29533,-0.027272727272727226
2023-06-22,7490,7620,7470,7580,7593,0.012016021361815676
2023-06-23,7630,7670,7540,7540,12003,-0.00527704485488123
2023-06-26,7580,7650,7510,7640,7457,0.013262599469495928
2023-06-27,7640,7680,7580,7590,17671,-0.00654450261780104
2023-06-28,7600,7630,7590,7610,7264,0.0026350461133068936
2023-06-29,7610,7780,7500,7650,17214,0.005256241787122251
2023-06-30,7650,7750,7500,7680,10881,0.0039215686274509665
2023-07-03,7680,7730,7640,7680,13204,0.0
2023-07-04,7680,7720,7600,7670,14323,-0.0013020833333333703
2023-07-05,7700,7700,7560,7590,15426,-0.010430247718383301
2023-07-06,7600,7600,7410,7420,22530,-0.022397891963109373
2023-07-07,7400,7410,7270,7340,16997,-0.010781671159029615
2023-07-10,7340,7370,7200,7330,8050,-0.0013623978201634523
2023-07-11,7270,7340,7200,7290,19359,-0.00545702592087316
2023-07-12,7310,7360,7240,7320,11493,0.004115226337448652
2023-07-13,7340,7420,7330,7360,6679,0.005464480874316946
2023-07-14,7400,7400,7240,7350,24100,-0.0013586956521739468
2023-07-17,7350,7400,7300,7400,11567,0.006802721088435382
2023-07-18,7400,7470,7270,7300,10819,-0.013513513513513487
2023-07-19,7330,7460,7270,7460,22868,0.021917808219177992
2023-07-20,7470,7510,7400,7420,29377,-0.00536193029490617
2023-07-21,7420,7420,7260,7400,18354,-0.0026954177897574594
2023-07-24,7330,7340,7210,7310,19668,-0.012162162162162149
2023-07-25,7320,7320,7110,7190,24994,-0.01641586867305067
2023-07-26,7190,7210,6890,7000,46628,-0.026425591098748313
2023-07-27,7010,7230,6980,7230,13225,0.03285714285714292
2023-07-28,7160,7230,7100,7160,15016,-0.009681881051175623
2023-07-31,7110,7200,7100,7190,2950,0.0041899441340782495
2023-08-01,7230,7250,7140,7200,17188,0.0013908205841446364
2023-08-02,7250,7250,7100,7120,5435,-0.011111111111111072
2023-08-03,7090,7150,7010,7060,8854,-0.008426966292134797
2023-08-04,7070,7150,7020,7150,8262,0.012747875354107707
2023-08-07,7160,7210,7140,7170,8087,0.002797202797202747
2023-08-08,7210,7320,7150,7220,5042,0.0069735006973501434
2023-08-09,7220,7320,7190,7310,4177,0.012465373961218829
2023-08-10,7330,7390,7250,7350,10844,0.00547195622435015
2023-08-11,7360,7520,7340,7370,17875,0.0027210884353741083
2023-08-14,7340,7390,7200,7340,12420,-0.004070556309362261
2023-08-16,7290,7290,7000,7060,26805,-0.038147138964577665
2023-08-17,7050,7210,6810,7190,24987,0.018413597733710985
2023-08-18,7190,7240,7100,7200,14346,0.0013908205841446364
2023-08-21,7200,7200,7080,7150,6387,-0.00694444444444442
2023-08-22,7150,7160,7090,7120,8119,-0.004195804195804231
2023-08-23,7120,7150,7040,7040,9812,-0.011235955056179803
2023-08-24,7100,7110,6990,7100,7676,0.008522727272727293
2023-08-25,7100,7160,7050,7160,9090,0.008450704225352101
2023-08-28,7030,7170,7030,7140,10510,-0.0027932960893854997
2023-08-29,7170,7290,7140,7210,17001,0.009803921568627416
2023-08-30,7230,7250,7150,7220,5534,0.001386962552011095
2023-08-31,7240,7270,7190,7230,3658,0.0013850415512466352
2023-09-01,7230,7240,7200,7200,5184,-0.004149377593360981
2023-09-04,7190,7190,7140,7190,5464,-0.001388888888888884
2023-09-05,7180,7220,6850,6940,55428,-0.03477051460361613
2023-09-06,6990,6990,6800,6840,50414,-0.014409221902017322
2023-09-07,6840,6890,6690,6740,44624,-0.014619883040935644
2023-09-08,6740,6740,6640,6650,30532,-0.013353115727002929
2023-09-11,6680,6690,6610,6650,31494,0.0
2023-09-12,6750,6760,6560,6600,37250,-0.007518796992481258
2023-09-13,6660,6820,6660,6810,35536,0.031818181818181746
2023-09-14,6840,7000,6840,6960,31463,0.022026431718061623
2023-09-15,6970,7030,6860,6960,30838,0.0
2023-09-18,6960,6960,6850,6910,13309,-0.007183908045977017
2023-09-19,6890,6930,6710,6810,23688,-0.01447178002894356
2023-09-20,6800,6810,6650,6690,25136,-0.017621145374449365
2023-09-21,6680,6680,6560,6640,17547,-0.007473841554558991
2023-09-22,6590,6710,6580,6630,11653,-0.001506024096385561
2023-09-25,6630,6660,6500,6540,17744,-0.013574660633484115
2023-09-26,6480,6540,6400,6410,11074,-0.019877675840978548
2023-09-27,6380,6580,6370,6580,8966,0.026521060842433775
2023-10-04,6490,6570,6400,6400,11493,-0.027355623100303927
2023-10-05,6400,6490,6310,6310,21068,-0.014062499999999978
2023-10-06,6350,6470,6310,6350,6538,0.006339144215530945
2023-10-10,6350,6580,6250,6400,15437,0.007874015748031482
2023-10-11,6400,6470,6380,6450,16321,0.0078125
2023-10-12,6470,6500,6430,6490,5730,0.006201550387596955
2023-10-13,6490,7000,6450,6550,133985,0.009244992295839749
2023-10-16,6600,6600,6460,6500,16794,-0.007633587786259555
2023-10-17,6500,6620,6500,6610,6432,0.01692307692307682
2023-10-18,6620,6620,6530,6550,8432,-0.009077155824508298
2023-10-19,6510,6550,6420,6470,6057,-0.012213740458015265
2023-10-20,6440,6480,6400,6450,15442,-0.0030911901081916993
2023-10-23,6430,6450,6350,6430,9062,-0.0031007751937984773
2023-10-24,6410,6480,6400,6480,9356,0.007776049766718529
2023-10-25,6480,6630,6460,6630,9032,0.02314814814814814
2023-10-26,6510,7160,6490,6630,173563,0.0
2023-10-27,6620,6780,6580,6750,22930,0.018099547511312153
2023-10-30,6750,6870,6690,6870,14795,0.01777777777777767
2023-10-31,6800,6900,6690,6700,20504,-0.024745269286754024
2023-11-01,6730,6730,6640,6650,5144,-0.007462686567164201
2023-11-02,6680,6730,6620,6680,4378,0.004511278195488799
2023-11-03,6720,6740,6680,6710,5731,0.004491017964071808
2023-11-06,6750,6780,6670,6770,6315,0.008941877794336861
2023-11-07,6720,6790,6720,6780,4385,0.001477104874446189
2023-11-08,6780,6830,6760,6820,6964,0.005899705014749346
2023-11-09,6820,6840,6760,6810,4748,-0.0014662756598240456
2023-11-10,6760,6800,6710,6800,3137,-0.001468428781204123
2023-11-13,6740,6830,6650,6760,7006,-0.00588235294117645
2023-11-14,6700,6800,6700,6800,11962,0.00591715976331364
2023-11-15,6970,7100,6910,7060,46434,0.038235294117647145
2023-11-16,7060,7150,7060,7080,26121,0.0028328611898016387
2023-11-17,7170,7170,6980,7130,11807,0.007062146892655274
2023-11-20,7120,7170,7050,7160,17208,0.004207573632538653
2023-11-21,7160,7350,7110,7230,43241,0.009776536312849249
2023-11-22,7160,7250,7150,7210,12040,-0.0027662517289073207
2023-11-23,7200,7280,7150,7250,9270,0.00554785020804438
2023-11-24,7230,7250,7110,7250,13328,0.0
2023-11-27,7240,7240,7100,7190,6616,-0.008275862068965467
2023-11-28,7150,7150,7030,7100,9401,-0.012517385257301838
2023-11-29,7100,7100,6990,7050,9653,-0.007042253521126751
2023-11-30,7050,7100,7020,7060,2350,0.0014184397163119478
2023-12-01,7130,7160,7050,7110,20926,0.007082152974504208
2023-12-04,7110,7160,7090,7150,13794,0.005625879043600568
2023-12-05,7150,7150,7020,7130,8569,-0.002797202797202747
2023-12-06,7090,7130,7040,7130,6971,0.0
2023-12-07,7130,7300,7070,7170,21976,0.005610098176718203
2023-12-08,7170,7190,7080,7130,8518,-0.00557880055788007
2023-12-11,7090,7130,7000,7080,12196,-0.007012622720897643
2023-12-12,7080,7170,7040,7170,6520,0.012711864406779627
2023-12-13,7170,7180,7090,7170,6641,0.0
2023-12-14,7140,7200,7100,7190,12282,0.002789400278939924
2023-12-15,7160,7230,7110,7190,6086,0.0
2023-12-18,7140,7240,7110,7160,10927,-0.004172461752433909
2023-12-19,7170,7170,7050,7150,6376,-0.0013966480446927498
2023-12-20,7150,7210,7120,7210,12999,0.008391608391608463
2023-12-21,7180,7810,7180,7390,247796,0.02496532593619971
2023-12-22,7300,7450,6990,7190,82357,-0.02706359945872805
2023-12-26,7190,7190,7030,7150,17944,-0.0055632823365785455
2023-12-27,7150,7180,6990,7060,20103,-0.012587412587412583
2023-12-28,7080,7200,7010,7200,13976,0.019830028328611915
2024-01-02,7200,7280,7200,7280,26403,0.011111111111111072
2024-01-03,7280,7440,7100,7320,49127,0.005494505494505475
2024-01-04,7300,7300,7210,7240,9730,-0.010928961748633892
2024-01-05,7210,7240,7150,7240,9765,0.0
2024-01-08,7210,7210,6800,7120,15043,-0.016574585635359074
2024-01-09,7090,7170,7090,7140,10886,0.002808988764045006
2024-01-10,7180,7220,7050,7090,18663,-0.007002801120448154
2024-01-11,7110,7170,7080,7100,7317,0.0014104372355430161
2024-01-12,7110,7150,7050,7110,5501,0.0014084507042253502
2024-01-15,7110,7110,7020,7040,14844,-0.009845288326300938
2024-01-16,7140,7140,6970,7000,8597,-0.005681818181818232
2024-01-17,6960,7000,6850,6850,15365,-0.021428571428571463
2024-01-18,6900,7180,6900,7010,19343,0.023357664233576658
2024-01-19,6970,7050,6910,7020,14634,0.0014265335235377208
2024-01-22,7040,7040,6910,6970,13248,-0.007122507122507171
2024-01-23,6970,7110,6940,7000,15274,0.004304160688665792
2024-01-24,6980,7100,6970,7020,6024,0.0028571428571428914
2024-01-25,7010,7080,6870,6940,12849,-0.01139601139601143
2024-01-26,6880,7080,6880,6970,14092,0.004322766570605152
2024-01-29,7200,7200,7000,7060,30067,0.012912482065997155
2024-01-30,7100,7120,7010,7020,18005,-0.005665722379603388
2024-01-31,7020,7070,7000,7040,15862,0.002849002849002913
2024-02-01,7090,7090,6980,7030,17845,-0.0014204545454545858
2024-02-02,7000,7090,7000,7070,18979,0.005689900426742556
2024-02-05,7100,7280,7070,7260,59177,0.026874115983026803
2024-02-06,7260,7320,7160,7160,26987,-0.01377410468319562
2024-02-07,7160,7240,7080,7170,16268,0.0013966480446927498
2024-02-08,7110,7210,7030,7120,31505,-0.006973500697350032
2024-02-13,7130,7400,7110,7400,49553,0.0393258426966292
2024-02-14,7370,7430,7320,7390,40692,-0.0013513513513513375
2024-02-15,7380,7470,7330,7430,28718,0.005412719891745521
2024-02-16,7440,7440,7320,7320,20087,-0.014804845222072704
2024-02-19,7350,7350,7250,7350,12092,0.004098360655737654
2024-02-20,7330,7330,7210,7280,15974,-0.00952380952380949
2024-02-21,7270,7350,7210,7280,10262,0.0
2024-02-22,7250,7320,7240,7290,11251,0.0013736263736263687
2024-02-23,7290,7350,7210,7280,10496,-0.00137174211248281
2024-02-26,7290,7290,7170,7210,13711,-0.009615384615384581
2024-02-27,7210,7210,7000,7000,18134,-0.029126213592232997
2024-02-28,7000,7110,7000,7090,11168,0.0128571428571429
2024-02-29,7090,7090,6980,7020,16673,-0.009873060648801113
2024-03-04,7020,7270,7020,7160,25414,0.019943019943019946
2024-03-05,7160,7250,6960,7020,18532,-0.019553072625698276
2024-03-06,7000,7010,6910,6970,15318,-0.007122507122507171
2024-03-07,6960,6960,6800,6800,22515,-0.024390243902439046
2024-03-08,6800,6850,6780,6780,18883,-0.002941176470588225
2024-03-11,6770,6860,6750,6830,7872,0.007374631268436627
2024-03-12,6790,6830,6720,6760,13456,-0.010248901903367469
2024-03-13,6760,6790,6690,6760,15548,0.0
2024-03-14,6750,6750,6690,6700,8477,-0.00887573964497046
2024-03-15,6710,6750,6650,6720,13428,0.0029850746268655914
2024-03-18,6720,6740,6650,6730,21955,0.0014880952380953438
2024-03-19,6710,6950,6700,6810,19518,0.011887072808320909
2024-03-20,6850,6980,6760,6980,29653,0.02496328928046987
2024-03-21,7040,7220,7040,7100,54933,0.017191977077363862
2024-03-22,7100,7110,6950,7020,21531,-0.011267605633802802
2024-03-25,7000,7100,6950,6950,21102,-0.009971509971509973
2024-03-26,6950,6990,6890,6940,9420,-0.0014388489208633226
2024-03-27,6930,6980,6830,6850,21547,-0.012968299711815567
2024-03-28,6850,6890,6750,6780,25637,-0.010218978102189746
2024-03-29,6780,6780,6630,6680,26429,-0.014749262536873142
2024-04-01,6680,6800,6680,6750,27811,0.010479041916167775
2024-04-02,6740,6750,6690,6730,17816,-0.002962962962962945
2024-04-03,6700,6720,6620,6620,14633,-0.01634472511144136
2024-04-04,6620,6680,6590,6620,22518,0.0
2024-04-05,6650,6690,6560,6640,14496,0.0030211480362538623
2024-04-08,6700,6780,6690,6770,25387,0.01957831325301207
2024-04-09,6730,6840,6700,6820,16272,0.007385524372230501
2024-04-11,6800,6820,6730,6790,14318,-0.004398826979472137
2024-04-12,6780,6830,6720,6800,14367,0.0014727540500736325
2024-04-15,6750,6800,6670,6790,14100,-0.0014705882352941124
2024-04-16,6790,6790,6600,6700,20486,-0.013254786450662692
2024-04-17,6700,6790,6700,6730,15941,0.004477611940298498
2024-04-18,6730,6800,6730,6760,7240,0.004457652303120341
2024-04-19,6800,6820,6650,6770,18322,0.0014792899408284654
2024-04-22,6720,7010,6720,7000,65655,0.033973412112259904
2024-04-23,6970,7040,6950,7020,14815,0.0028571428571428914
2024-04-24,6950,7010,6900,6980,14402,-0.005698005698005715
2024-04-25,6930,7020,6930,7010,13156,0.004297994269341077
2024-04-26,7000,7010,6860,6950,14731,-0.008559201141226769
2024-04-29,6900,7030,6900,6930,10593,-0.0028776978417266452
2024-04-30,6930,7000,6890,6910,19009,-0.0028860028860029363
2024-05-02,6910,7040,6860,6900,28693,-0.0014471780028944004
2024-05-03,6900,7000,6890,6960,19873,0.008695652173912993
2024-05-07,7000,7020,6930,6930,51817,-0.004310344827586188
2024-05-08,6920,7000,6920,6950,13728,0.0028860028860029363
2024-05-09,6950,7020,6950,7020,8588,0.010071942446043147
2024-05-10,7030,7030,6970,6980,7963,-0.005698005698005715
2024-05-13,6980,7130,6960,7040,14718,0.008595988538681931
2024-05-14,7020,7040,6960,7010,12337,-0.0042613636363636465
2024-05-16,7020,7090,6980,7060,20400,0.007132667617689048
2024-05-17,7100,7110,6960,6970,20876,-0.012747875354107596
2024-05-20,6960,6970,6870,6910,8171,-0.008608321377331474
2024-05-21,6920,6950,6770,6810,11659,-0.01447178002894356
2024-05-22,7150,7150,6880,6920,23417,0.01615271659324513
2024-05-23,6950,7040,6780,6870,13649,-0.007225433526011571
2024-05-24,6870,6900,6750,6830,4118,-0.005822416302765698
2024-05-27,6830,6850,6790,6840,7936,0.0014641288433381305
2024-05-28,6840,6910,6800,6840,6211,0.0
2024-05-29,6850,6860,6780,6780,6610,-0.00877192982456143
2024-05-30,6780,6780,6670,6670,4399,-0.016224188790560423
2024-05-31,6620,6720,6610,6650,6032,-0.0029985007496251548
2024-06-03,6730,6730,6640,6730,10999,0.012030075187969835
2024-06-04,6620,6750,6620,6730,9486,0.0
2024-06-05,6720,6740,6640,6680,6052,-0.007429420505200568
2024-06-07,6710,6830,6680,6820,15036,0.020958083832335328
2024-06-10,6800,6800,6650,6680,7818,-0.02052785923753664
2024-06-11,6680,6760,6580,6580,11207,-0.014970059880239472
2024-06-12,6610,6680,6600,6640,6837,0.00911854103343468
2024-06-13,6650,6690,6650,6680,6310,0.006024096385542244
2024-06-14,6690,7250,6670,6920,124243,0.03592814371257491
2024-06-17,6920,6980,6810,6880,14423,-0.005780346820809301
2024-06-18,6820,6880,6760,6810,10884,-0.01017441860465118
2024-06-19,6810,6870,6700,6720,9769,-0.013215859030836996
2024-06-20,6870,6980,6720,6740,28496,0.0029761904761904656
2024-06-21,6770,6860,6680,6730,11557,-0.0014836795252225476
2024-06-24,6710,6750,6590,6670,7902,-0.008915304606240682
2024-06-25,6670,6700,6550,6610,17969,-0.008995502248875575
2024-06-26,6610,6660,6550,6620,6468,0.001512859304084735
2024-06-27,6620,6640,6570,6590,4857,-0.004531722054380682
2024-06-28,6600,6650,6510,6640,8219,0.007587253414264028
2024-07-01,6650,6660,6550,6560,9107,-0.012048192771084376
2024-07-02,6630,6630,6500,6550,5088,-0.0015243902439023849
2024-07-03,6550,6550,6410,6420,16553,-0.01984732824427482
2024-07-04,6420,6460,6350,6420,8704,0.0
2024-07-05,6430,6440,6360,6410,5366,-0.0015576323987538387
2024-07-08,6480,6480,6370,6420,5592,0.0015600624024960652
2024-07-09,6410,6470,6350,6420,3855,0.0
2024-07-10,6420,6420,6380,6410,3941,-0.0015576323987538387
2024-07-11,6410,6470,6370,6430,5393,0.0031201248049921304
2024-07-12,6430,6480,6310,6410,2409,-0.0031104199066873672
2024-07-15,6440,6500,6420,6480,3576,0.010920436817472678
2024-07-16,6480,6510,6410,6410,6151,-0.010802469135802517
2024-07-17,6420,6460,6400,6450,4559,0.006240249609984483
2024-07-18,6400,6450,6400,6420,3015,-0.0046511627906976605
2024-07-19,6420,6420,6340,6410,3371,-0.0015576323987538387
2024-07-22,6410,6410,6290,6320,6740,-0.01404056162246492
2024-07-23,6320,6350,6280,6280,3423,-0.006329113924050667
2024-07-24,6300,6310,6250,6310,4971,0.004777070063694211
2024-07-25,6270,6350,6240,6350,6014,0.006339144215530945
2024-07-26,6350,6380,6300,6380,6947,0.0047244094488188
2024-07-29,6330,6400,6310,6370,1833,-0.0015673981191222097
2024-07-30,6370,6370,6310,6350,2098,-0.0031397174254317317
2024-07-31,6310,6370,6310,6370,934,0.0031496062992126816
2024-08-01,6360,6410,6360,6400,1824,0.0047095761381474865
2024-08-02,6390,6400,6240,6280,11228,-0.018750000000000044
2024-08-05,6230,6280,5490,5960,54667,-0.05095541401273884
2024-08-06,5920,6220,5920,5990,16495,0.005033557046979942
2024-08-07,5940,6040,5920,6030,5265,0.006677796327211993
2024-08-08,6030,6070,5970,6060,3289,0.004975124378109541
2024-08-09,6010,6110,6010,6050,27869,-0.0016501650165016146
2024-08-12,6050,6070,6030,6060,22070,0.0016528925619834212
2024-08-13,6060,6080,5930,5980,5584,-0.01320132013201325
2024-08-14,6000,6050,5980,6050,4008,0.0117056856187292
2024-08-16,6040,6040,5920,5960,18435,-0.014876033057851235
2024-08-19,6000,6000,5840,5870,11718,-0.015100671140939603
2024-08-20,5860,5940,5840,5920,5618,0.008517887563884052
2024-08-21,5900,5920,5750,5830,20752,-0.015202702702702742
2024-08-22,5830,5840,5680,5740,19930,-0.015437392795883409
2024-08-23,5730,5770,5630,5770,8404,0.005226480836237002
2024-08-26,5780,5790,5670,5700,6869,-0.012131715771230511
2024-08-27,5660,5690,5520,5600,11210,-0.01754385964912286
2024-08-28,5580,5610,5550,5570,8884,-0.005357142857142838
2024-08-29,5550,5590,5460,5550,6593,-0.0035906642728904536
2024-08-30,5560,5580,5520,5580,2670,0.00540540540540535
2024-09-02,5610,5610,5530,5590,5538,0.0017921146953405742
2024-09-03,5590,5610,5540,5550,2672,-0.007155635062611854
2024-09-04,5550,5590,5430,5430,10231,-0.021621621621621623
2024-09-05,5440,5510,5430,5450,6061,0.0036832412523020164
2024-09-06,5500,5500,5210,5210,16035,-0.044036697247706424
2024-09-09,5150,5280,5150,5280,7551,0.013435700575815668
2024-09-10,5380,5380,5210,5270,5868,-0.0018939393939394478
2024-09-11,5270,5290,5230,5260,3882,-0.00189753320683117
2024-09-12,5260,5370,5230,5280,12996,0.0038022813688212143
2024-09-13,5230,5330,5230,5270,7036,-0.0018939393939394478
2024-09-19,5310,5320,5180,5280,6190,0.00189753320683117
2024-09-20,5390,5390,5230,5280,4113,0.0
2024-09-23,5280,5350,5260,5300,7168,0.0037878787878788955
2024-09-24,5360,5360,5210,5290,8509,-0.0018867924528301883
2024-09-25,5320,5450,5250,5400,12599,0.020793950850661602
2024-09-26,5390,5530,5390,5450,3967,0.0092592592592593
2024-09-27,5490,5550,5450,5550,8281,0.0183486238532109
2024-09-30,5560,5560,5400,5440,4211,-0.01981981981981984
2024-10-02,5440,5480,5390,5420,1361,-0.003676470588235281
2024-10-04,5420,5480,5390,5480,3522,0.011070110701107083
2024-10-07,5520,5550,5480,5520,3494,0.007299270072992803
2024-10-08,5490,5550,5460,5490,2741,-0.005434782608695676
2024-10-10,5540,5540,5450,5510,4176,0.0036429872495447047
2024-10-11,5530,5530,5400,5520,4230,0.001814882032667775
2024-10-14,5520,5560,5490,5560,6539,0.007246376811594235
2024-10-15,5560,5690,5520,5660,6372,0.017985611510791477
2024-10-16,5660,5820,5520,5610,6892,-0.00883392226148405
2024-10-17,5690,5960,5570,5790,27443,0.03208556149732611
2024-10-18,5790,6040,5690,5940,20835,0.02590673575129543
2024-10-21,5940,5980,5810,5900,8963,-0.006734006734006703
2024-10-22,5950,6120,5650,5740,20623,-0.027118644067796627
2024-10-23,5710,5800,5600,5600,12672,-0.024390243902439046
2024-10-24,5610,5690,5520,5590,10943,-0.0017857142857142794
2024-10-25,5560,5700,5460,5490,5913,-0.017889087656529523
2024-10-28,5500,5700,5480,5630,3319,0.02550091074681249
2024-10-29,5630,5680,5570,5640,1246,0.001776198934280604
2024-10-30,5650,5720,5640,5690,8714,0.00886524822695045
2024-10-31,5700,5700,5610,5690,3780,0.0
2024-11-01,5670,5710,5630,5650,6289,-0.007029876977152849
2024-11-04,5630,5710,5600,5690,5791,0.0070796460176991705
2024-11-05,5690,5720,5650,5700,4029,0.0017574692442883233
2024-11-06,5660,5720,5650,5670,2800,-0.0052631578947368585
2024-11-07,5670,5720,5600,5670,4389,0.0
2024-11-08,5560,5670,5560,5650,8387,-0.003527336860670194
2024-11-11,5650,5670,5420,5610,11439,-0.0070796460176991705
2024-11-12,5600,5600,5370,5370,8716,-0.04278074866310155
2024-11-13,5370,5500,5260,5260,7596,-0.020484171322160183
2024-11-14,5260,5490,5210,5350,7475,0.017110266159695797
2024-11-15,5390,5820,5390,5800,38499,0.08411214953271018
2024-11-18,5790,5980,5730,5920,12562,0.020689655172413834
2024-11-19,5950,5990,5880,5900,12996,-0.0033783783783783994
2024-11-20,6000,6010,5910,5930,8224,0.005084745762711895
2024-11-21,5930,6010,5900,5980,10706,0.008431703204047292
2024-11-22,5920,6000,5920,6000,3442,0.0033444816053511683
2024-11-25,6000,6070,6000,6060,5785,0.010000000000000009
2024-11-26,6060,6080,5950,5980,4005,-0.01320132013201325
2024-11-27,5980,6040,5880,6030,4390,0.008361204013378032
2024-11-28,5990,6200,5980,6040,14015,0.0016583747927032544
2024-11-29,6100,6130,6000,6060,12667,0.0033112582781456013
2024-12-02,6060,6180,6040,6170,16795,0.018151815181518094
2024-12-03,6170,6210,6050,6130,13048,-0.00648298217179899
2024-12-04,6070,6210,6060,6130,9843,0.0
2024-12-05,6170,6250,6100,6150,7727,0.0032626427406199365
2024-12-06,6150,6200,6060,6150,3859,0.0
2024-12-09,6080,6100,5660,5830,7329,-0.052032520325203224
2024-12-10,5780,6200,5780,6050,10666,0.037735849056603765
2024-12-11,6050,6210,6010,6200,9621,0.024793388429751984
2024-12-12,6210,6360,6200,6210,10007,0.001612903225806539
2024-12-13,6290,6300,6190,6250,5484,0.006441223832528209
2024-12-16,6300,6300,6220,6240,2184,-0.0016000000000000458
2024-12-17,6290,6290,6190,6220,4297,-0.0032051282051281937
2024-12-18,6200,6230,6110,6120,3386,-0.01607717041800638
2024-12-19,6100,6120,6050,6100,12404,-0.0032679738562091387
2024-12-20,6090,6150,6050,6100,2178,0.0
2024-12-23,6100,6100,6050,6090,1151,-0.0016393442622950616
2024-12-24,6100,6200,6040,6080,6811,-0.0016420361247947435
2024-12-26,6040,6070,6040,6060,3666,-0.003289473684210509
2024-12-27,5990,6040,5910,5960,5052,-0.01650165016501648
2024-12-30,5890,6050,5890,5980,2095,0.003355704697986628
2025-01-02,5980,5990,5950,5970,3977,-0.0016722408026755842
2025-01-03,5970,6040,5970,6030,2138,0.01005025125628145
2025-01-06,6030,6090,6030,6040,5269,0.0016583747927032544
2025-01-07,6040,6040,5980,6030,6359,-0.0016556291390728006
2025-01-08,6020,6020,5900,5910,8005,-0.01990049751243783
2025-01-09,5980,6000,5910,6000,5395,0.015228426395939021
2025-01-10,6020,6050,6010,6030,3548,0.004999999999999893
2025-01-13,6060,6060,6000,6040,3725,0.0016583747927032544
2025-01-14,6040,6040,5880,5880,5580,-0.026490066225165587
2025-01-15,5920,5950,5890,5940,4157,0.010204081632652962
2025-01-16,5930,6040,5930,6020,5237,0.013468013468013407
2025-01-17,6020,6040,5880,5900,9376,-0.019933554817275767
2025-01-20,5900,5940,5830,5870,8471,-0.005084745762711895
2025-01-21,5910,5910,5850,5850,2509,-0.0034071550255536653
2025-01-22,5870,5920,5800,5850,4036,0.0
2025-01-23,6300,6540,6150,6200,161321,0.05982905982905984
2025-01-24,6300,6510,6260,6480,69897,0.04516129032258065
2025-01-31,6480,6500,6320,6460,16345,-0.0030864197530864335
2025-02-03,6400,6440,6290,6430,17422,-0.004643962848297267
2025-02-04,6430,6500,6370,6500,19112,0.010886469673405896
2025-02-05,6500,6560,6410,6520,13121,0.003076923076922977
2025-02-06,6520,6660,6510,6550,15286,0.004601226993865115
2025-02-07,6550,6650,6550,6650,23075,0.01526717557251911
2025-02-10,6620,6720,6590,6690,26803,0.006015037593984918
2025-02-11,6690,6720,6630,6690,19960,0.0
2025-02-12,6690,6730,6590,6680,17387,-0.001494768310911776
2025-02-13,6680,6710,6620,6670,14209,-0.0014970059880239361
2025-02-14,6670,6700,6590,6700,29820,0.004497751124437732
2025-02-17,6650,6750,6620,6740,16714,0.005970149253731405
2025-02-18,6610,6800,6610,6800,69876,0.008902077151335286
2025-02-19,6790,7100,6790,7030,112202,0.03382352941176481
2025-02-20,7010,7210,7010,7200,52195,0.024182076813655806
2025-02-21,7220,7350,7050,7120,80216,-0.011111111111111072
2025-02-24,7100,7100,6800,6910,30262,-0.0294943820224719
2025-02-25,6820,6890,6700,6740,23377,-0.02460202604920403
2025-02-26,6730,6940,6710,6940,12958,0.029673590504450953
2025-02-27,6950,7050,6900,7000,20128,0.008645533141210304
2025-02-28,6930,6990,6810,6890,18954,-0.01571428571428568
2025-03-04,6890,7110,6780,7080,43846,0.027576197387518153
2025-03-05,7010,7170,6990,7030,25137,-0.007062146892655385
2025-03-06,7030,7100,7000,7070,15939,0.005689900426742556
2025-03-07,7030,7130,6970,7070,15377,0.0
2025-03-10,7030,7110,6940,7070,17978,0.0
2025-03-11,7000,7090,6850,6950,17560,-0.016973125884017004
2025-03-12,6900,7000,6860,6940,19077,-0.0014388489208633226
2025-03-13,6900,6990,6850,6880,6268,-0.008645533141210415
2025-03-14,6870,6960,6810,6820,15093,-0.008720930232558155
2025-03-17,6900,7220,6850,6940,44355,0.017595307917888547
2025-03-18,6950,7070,6950,6990,32734,0.007204610951008661
2025-03-19,7020,7050,6900,6940,21926,-0.007153075822603716
2025-03-20,6910,6980,6830,6930,39701,-0.0014409221902017544
2025-03-21,6860,7090,6860,6900,64977,-0.0043290043290042934
2025-03-24,6900,7030,6860,6920,87547,0.0028985507246377384
2025-03-25,6870,6890,6770,6820,3942,-0.014450867052023142
2025-03-26,6810,6810,6370,6410,41822,-0.06011730205278587
2025-03-27,6450,6460,6300,6390,4255,-0.0031201248049922414
2025-03-28,6390,6390,6200,6230,2325,-0.025039123630672955
2025-03-31,6100,6200,5930,5950,15792,-0.0449438202247191
2025-04-01,5950,6150,5900,6150,7024,0.03361344537815136
2025-04-02,6100,6230,6040,6040,6149,-0.01788617886178867
2025-04-03,6040,6040,5900,5980,5944,-0.009933774834437137
2025-04-04,5970,6200,5810,6200,7609,0.03678929765886285
2025-04-07,6190,6190,5710,5720,20624,-0.07741935483870965
2025-04-08,5720,5980,5700,5760,9692,0.006993006993007089
2025-04-09,5770,5870,5570,5630,19844,-0.02256944444444442
2025-04-10,5800,5900,5690,5890,10606,0.04618117229129659
2025-04-11,5880,5910,5730,5870,7360,-0.00339558573853993
2025-04-14,5910,5940,5770,5940,6137,0.011925042589437718
2025-04-15,5950,6000,5890,5960,6448,0.0033670033670034627
2025-04-16,6030,6030,5820,5880,6090,-0.01342281879194629
2025-04-17,5880,5930,5820,5870,5533,-0.00170068027210879
2025-04-18,5950,6050,5890,6050,13386,0.030664395229982988
2025-04-21,6080,6490,5860,6210,76676,0.026446280991735627
2025-04-22,6270,6470,6070,6200,30115,-0.0016103059581320522
2025-04-23,6200,6230,6120,6230,7202,0.004838709677419395
2025-04-24,6240,6240,6050,6060,6935,-0.027287319422150902
2025-04-25,6120,6220,6060,6160,6197,0.01650165016501659
2025-04-28,6050,6360,6040,6290,37720,0.02110389610389607
2025-04-29,6290,6360,6200,6300,10431,0.0015898251192367763
2025-04-30,6220,6290,6100,6190,7766,-0.01746031746031751
2025-05-02,6190,6190,6070,6080,4520,-0.017770597738287597
2025-05-07,6080,6080,5990,6080,5549,0.0
2025-05-08,6080,6260,6040,6230,9560,0.024671052631578982
2025-05-09,6230,6240,6160,6220,9780,-0.0016051364365970988
2025-05-12,6210,6210,6090,6110,6277,-0.01768488745980712
2025-05-13,6140,6240,5990,6030,5235,-0.013093289689034338
2025-05-14,6090,6260,5970,6090,8980,0.00995024875621886
2025-05-15,6090,6240,5950,6070,5575,-0.003284072249589487
2025-05-16,6090,6330,6090,6290,41934,0.036243822075782584
2025-05-19,6320,6380,6210,6370,13977,0.012718600953895098
2025-05-20,6380,6400,6320,6370,4669,0.0
2025-05-21,6370,6430,6300,6430,2854,0.009419152276295195
2025-05-22,6440,6470,6350,6390,6303,-0.0062208398133748455
2025-05-23,6400,6400,6000,6350,4586,-0.006259780907668211
2025-05-26,6290,6320,6250,6280,3402,-0.011023622047244053
2025-05-27,6350,6350,6230,6260,2571,-0.0031847133757961776
2025-05-28,6290,6400,6200,6310,10269,0.007987220447284393
2025-05-29,6320,6560,6310,6350,11748,0.006339144215530945
2025-05-30,6350,6400,6300,6390,5889,0.006299212598425141
2025-06-02,6400,6640,6320,6630,19703,0.03755868544600949
2025-06-04,6630,6640,6510,6580,10958,-0.007541478129713397
2025-06-05,6680,6690,6520,6550,8241,-0.00455927051671734
2025-06-09,6600,6760,6510,6700,16650,0.022900763358778553
2025-06-10,6700,6820,6620,6700,18928,0.0
2025-06-11,6680,6730,6650,6700,6418,0.0
2025-06-12,6700,6760,6620,6720,12651,0.0029850746268655914
2025-06-13,6770,6770,6370,6500,20822,-0.03273809523809523
2025-06-16,6520,6750,6420,6700,16835,0.03076923076923066
2025-06-17,6700,6960,6630,6760,27557,0.008955223880596996
2025-06-18,6800,6800,6620,6750,18267,-0.0014792899408283544
2025-06-19,6730,6860,6670,6810,12779,0.008888888888888946
2025-06-20,6970,6970,6780,6840,12291,0.004405286343612369
2025-06-23,6840,7230,6630,7200,57256,0.05263157894736836
2025-06-24,7220,7900,7210,7700,131690,0.06944444444444442
2025-06-25,7670,8000,7510,7900,90222,0.025974025974025983
2025-06-26,7970,10150,7760,10150,1698442,0.28481012658227844
2025-06-27,11300,13190,10630,13190,4571239,0.2995073891625615
2025-06-30,14000,17140,13900,17140,2257699,0.2994692949203943
2025-07-01,16520,19780,14620,16400,7163927,-0.043173862310385114
2025-07-02,16950,18500,15260,18480,2886143,0.12682926829268282
2025-07-03,18190,19790,17550,18250,1324601,-0.012445887445887482
2025-07-04,17420,20600,17320,17910,1439348,-0.018630136986301338
2025-07-07,17670,17990,15590,15800,895735,-0.11781127861529872
2025-07-08,15880,16770,15400,16420,545685,0.03924050632911391
2025-07-09,16420,18190,16110,17210,575590,0.04811205846528632
2025-07-10,17210,18770,16920,18340,480864,0.0656595002905287
2025-07-11,18390,19290,17900,18290,343079,-0.0027262813522355156
2025-07-14,18480,20000,18100,19160,484496,0.04756697648988517
2025-07-15,19500,21950,17620,18470,988125,-0.03601252609603345
2025-07-16,18460,18770,17220,17400,453498,-0.057931781266919335
2025-07-17,17300,18310,16020,17740,507048,0.019540229885057547
2025-07-18,17800,19300,17190,19100,514195,0.07666290868094694
2025-07-21,19100,21400,18600,19880,1016550,0.0408376963350785
2025-07-22,20000,20800,19290,19740,379593,-0.007042253521126751
2025-07-23,19940,20250,18250,19090,293388,-0.032928064842958515
2025-07-24,19110,19390,17900,18010,313047,-0.05657412257726557
2025-07-25,17930,19500,17610,19150,474391,0.0632981676846196
2025-07-28,19200,19320,17030,17250,463728,-0.09921671018276768
2025-07-29,17250,17840,16570,17550,243408,0.017391304347825987
2025-07-30,17200,17400,16070,16110,301076,-0.08205128205128209
2025-07-31,16210,18050,15710,17770,503440,0.10304158907510863
2025-08-01,17460,17890,16580,16680,301720,-0.061339335959482266
2025-08-04,16690,19300,16310,18700,827418,0.12110311750599512
2025-08-05,18800,19520,17750,18070,385999,-0.033689839572192515
2025-08-06,18070,18240,17100,17370,232374,-0.038738240177089045
2025-08-07,17890,17890,16900,17240,214658,-0.007484168105929778
2025-08-08,17120,17510,16600,17080,183135,-0.009280742459396807
2025-08-11,17240,17680,16250,17080,300505,0.0
2025-08-12,16880,17510,16390,16610,204194,-0.02751756440281028
2025-08-13,16680,17110,16390,16640,193831,0.0018061408789886713
2025-08-14,17050,17420,15340,15680,605141,-0.05769230769230771
2025-08-18,17400,20350,17360,20350,1700579,0.29783163265306123
2025-08-19,21400,21400,19270,19790,1198440,-0.02751842751842748
2025-08-20,19700,20600,18360,19400,675731,-0.01970692268822638
2025-08-21,19410,20400,18300,18500,348224,-0.046391752577319534
2025-08-22,18310,19070,18060,18290,217400,-0.011351351351351346
2025-08-25,18800,23350,18530,21950,1949750,0.20010934937124114
2025-08-26,21050,21600,20325,21100,329427,-0.038724373576309756
2025-08-27,21150,21400,20200,20900,151629,-0.009478672985781977
2025-08-28,20850,21050,20200,20500,92036,-0.019138755980861233
2025-08-29,20950,21950,20300,20400,205380,-0.004878048780487809
2025-09-01,20250,20850,19660,20500,119119,0.004901960784313708
2025-09-02,20600,21350,19900,20900,152065,0.019512195121951237
2025-09-03,20900,20950,20000,20450,159783,-0.021531100478468845
2025-09-04,20450,21650,20450,21350,163064,0.044009779951100336
2025-09-05,21300,22750,20950,21850,266419,0.023419203747072626
2025-09-08,21500,22350,21500,22350,108271,0.022883295194507935
2025-09-09,22200,22500,21800,22400,116634,0.0022371364653244186
2025-09-10,22250,22300,21550,21850,121011,-0.024553571428571397
