Date,Open,High,Low,Close,Volume,Change
2022-01-03,33400,34150,32400,32850,102712,-0.013513513513513487
2022-01-04,32950,33750,31900,33700,188529,0.025875190258751957
2022-01-05,33300,33300,31700,32300,106625,-0.041543026706231445
2022-01-06,31000,32800,30850,32450,105502,0.004643962848297267
2022-01-07,32800,34250,32250,34100,138576,0.05084745762711873
2022-01-10,33700,34150,32900,33500,90143,-0.017595307917888547
2022-01-11,33050,33700,32000,33700,53350,0.005970149253731405
2022-01-12,34000,35450,33350,35000,215905,0.03857566765578646
2022-01-13,34700,35650,34400,34950,89943,-0.0014285714285714457
2022-01-14,34750,34750,33500,34000,114792,-0.027181688125894166
2022-01-17,33600,33900,31000,31800,190815,-0.06470588235294117
2022-01-18,31750,32450,30400,31600,179511,-0.0062893081761006275
2022-01-19,30850,32100,30700,31400,62982,-0.006329113924050667
2022-01-20,31400,31900,30950,31900,35314,0.015923566878981
2022-01-21,31250,31400,29800,30750,109445,-0.036050156739811934
2022-01-24,30500,30500,29400,30050,80228,-0.02276422764227637
2022-01-25,30300,30400,29250,29350,69995,-0.02329450915141429
2022-01-26,29350,30200,28800,30200,56659,0.028960817717206044
2022-01-27,30200,31150,29550,30200,82287,0.0
2022-01-28,30300,31850,29600,31850,93184,0.054635761589403975
2022-02-03,32250,32300,31150,31950,75920,0.0031397174254317317
2022-02-04,31300,32750,31300,32350,45561,0.012519561815336422
2022-02-07,32300,32350,31550,31850,35214,-0.015455950540958274
2022-02-08,31850,32000,29850,30800,46678,-0.03296703296703296
2022-02-09,30950,31300,30050,31200,39536,0.01298701298701288
2022-02-10,31200,31200,28950,29000,174176,-0.07051282051282048
2022-02-11,28850,29150,27500,27500,65353,-0.051724137931034475
2022-02-14,27000,27300,25850,26500,118260,-0.036363636363636376
2022-02-15,26100,27750,25900,26900,67392,0.015094339622641506
2022-02-16,27750,28150,26950,27450,74286,0.020446096654274992
2022-02-17,27450,28150,26500,27150,45742,-0.010928961748633892
2022-02-18,26800,27650,26000,27500,57650,0.012891344383057168
2022-02-21,26850,27900,26800,27750,24329,0.009090909090909038
2022-02-22,27150,27500,26400,27050,33593,-0.02522522522522519
2022-02-23,27100,28400,26850,28050,29125,0.0369685767097967
2022-02-24,27950,27950,25950,26150,47187,-0.06773618538324422
2022-02-25,26700,27100,26300,26950,28817,0.030592734225621365
2022-02-28,26700,27500,26150,27000,21179,0.0018552875695732052
2022-03-02,26900,27700,26800,27100,22530,0.0037037037037037646
2022-03-03,27300,28450,27200,28450,51770,0.04981549815498165
2022-03-04,28150,28400,27700,27850,11471,-0.02108963093145866
2022-03-07,27550,27550,25600,25900,86179,-0.0700179533213644
2022-03-08,25500,25700,24850,25400,29182,-0.019305019305019266
2022-03-10,26100,26600,25800,26350,32277,0.03740157480314954
2022-03-11,26350,26700,26000,26350,10219,0.0
2022-03-14,26400,27000,25250,25650,30095,-0.026565464895635715
2022-03-15,25550,25550,24700,24750,35673,-0.03508771929824561
2022-03-16,25100,25850,24750,25850,35541,0.04444444444444451
2022-03-17,26100,28400,26000,27900,115444,0.079303675048356
2022-03-18,27900,28350,27500,28150,24823,0.008960573476702427
2022-03-21,28350,28350,27700,27700,24181,-0.01598579040852577
2022-03-22,27450,28450,27350,28250,16213,0.019855595667870096
2022-03-23,28250,28600,28100,28500,15307,0.008849557522123908
2022-03-24,28500,28500,27750,27850,17584,-0.02280701754385961
2022-03-25,28300,28300,27750,27800,9240,-0.0017953321364452268
2022-03-28,27500,27750,27150,27550,15891,-0.008992805755395739
2022-03-29,27650,27750,27150,27250,13297,-0.010889292196007205
2022-03-30,27500,27500,26900,27100,17266,-0.0055045871559632475
2022-03-31,27000,27000,26150,26550,36175,-0.020295202952029467
2022-04-01,26500,27500,26200,27250,29892,0.026365348399246757
2022-04-04,27250,27500,26750,27200,16165,-0.0018348623853210455
2022-04-05,27100,27550,26850,27200,18188,0.0
2022-04-06,26850,27800,26400,27750,39260,0.020220588235294157
2022-04-07,27600,27850,27100,27500,18521,-0.009009009009009028
2022-04-08,27700,29050,27150,29000,59411,0.05454545454545445
2022-04-11,28800,29700,28100,28100,42726,-0.03103448275862064
2022-04-12,28050,28250,27250,27900,13081,-0.007117437722419906
2022-04-13,27900,28700,27550,28650,21826,0.026881720430107503
2022-04-14,29000,30150,28750,29800,110469,0.04013961605584648
2022-04-15,29550,29850,28850,29550,49654,-0.008389261744966459
2022-04-18,29500,29500,28700,28750,23978,-0.027072758037225086
2022-04-19,28750,29250,28700,28800,11710,0.0017391304347826875
2022-04-20,28800,29450,28400,28900,23269,0.003472222222222321
2022-04-21,28800,28900,28050,28600,38335,-0.01038062283737029
2022-04-22,28200,28700,27450,28200,28384,-0.013986013986013957
2022-04-25,27650,27850,26850,27200,52039,-0.03546099290780147
2022-04-26,27250,28000,27250,27500,21338,0.011029411764705843
2022-04-27,26650,27700,26600,27600,21732,0.0036363636363636598
2022-04-28,27600,27850,26850,27050,22168,-0.019927536231884035
2022-04-29,27250,27250,27000,27150,5258,0.003696857670979714
2022-05-02,26650,27450,26600,27250,10056,0.0036832412523020164
2022-05-03,27450,27450,26950,27150,21587,-0.003669724770642202
2022-05-04,27350,27350,26750,27200,23785,0.0018416206261511192
2022-05-06,27000,27300,26650,27300,14956,0.003676470588235281
2022-05-09,27300,27400,26400,26600,20842,-0.02564102564102566
2022-05-10,26500,27150,25750,26800,23777,0.007518796992481258
2022-05-11,26600,27300,26500,27300,13994,0.018656716417910557
2022-05-12,27250,27300,26200,26600,25182,-0.02564102564102566
2022-05-13,26600,27450,26600,27350,13394,0.02819548872180455
2022-05-16,27500,29400,27500,29150,99979,0.06581352833638032
2022-05-17,29000,29200,28550,29100,23827,-0.0017152658662092923
2022-05-18,28950,29350,28350,28900,30354,-0.0068728522336769515
2022-05-19,28350,30400,27750,30200,97619,0.04498269896193774
2022-05-20,30200,30900,29500,29750,52155,-0.01490066225165565
2022-05-23,30050,31450,29350,31400,105890,0.055462184873949605
2022-05-24,31600,31700,30450,30800,50836,-0.019108280254777066
2022-05-25,30600,31650,30400,31400,82459,0.01948051948051943
2022-05-26,31400,32000,30050,30950,73270,-0.014331210191082855
2022-05-27,30900,30950,30050,30200,18793,-0.024232633279482996
2022-05-30,30500,30650,30000,30350,24414,0.004966887417218624
2022-05-31,30200,31300,30050,31250,30009,0.029654036243822013
2022-06-02,30900,31150,30150,30950,20723,-0.009600000000000053
2022-06-03,30950,31200,30300,30700,22593,-0.008077544426494332
2022-06-07,30500,30500,29050,29550,31373,-0.037459283387622166
2022-06-08,29700,29800,28700,29450,34804,-0.0033840947546531774
2022-06-09,29300,29350,28700,29150,27725,-0.01018675721561968
2022-06-10,28750,29050,28450,28550,29809,-0.020583190394511175
2022-06-13,28050,28150,26800,27300,62722,-0.04378283712784592
2022-06-14,26000,27300,25350,26700,84629,-0.02197802197802201
2022-06-15,26500,27150,25500,26700,53686,0.0
2022-06-16,27100,27200,25300,25300,86221,-0.05243445692883897
2022-06-17,24800,25300,24250,25100,54572,-0.007905138339920903
2022-06-20,25400,25400,23400,24000,90589,-0.043824701195219085
2022-06-21,23750,24700,23150,24650,47614,0.027083333333333348
2022-06-22,24600,24600,23300,23400,40150,-0.05070993914807298
2022-06-23,23250,23800,21550,22100,255220,-0.05555555555555558
2022-06-24,22100,22900,22000,22450,72647,0.015837104072398134
2022-06-27,22700,22850,22050,22350,126897,-0.0044543429844098315
2022-06-28,22350,22400,21300,22000,74186,-0.015659955257270708
2022-06-29,21500,22150,21400,22000,24345,0.0
2022-06-30,21950,22000,21250,21500,37198,-0.022727272727272707
2022-07-01,21600,22100,20250,20700,47164,-0.037209302325581395
2022-07-04,20600,20600,19500,19950,64550,-0.036231884057971064
2022-07-05,19950,20800,19950,20500,18709,0.027568922305764465
2022-07-06,20500,21000,20300,20450,13886,-0.0024390243902439046
2022-07-07,20850,21400,20600,21400,18339,0.046454767726161306
2022-07-08,21950,22200,21100,21400,133606,0.0
2022-07-11,21400,21700,20850,21200,12493,-0.009345794392523366
2022-07-12,20800,20850,19700,19950,35005,-0.05896226415094341
2022-07-13,19950,20100,19100,19950,50767,0.0
2022-07-14,19950,21350,19750,20950,38605,0.05012531328320802
2022-07-15,21150,21150,20350,20700,213291,-0.011933174224343701
2022-07-18,20850,21400,20650,21350,22991,0.0314009661835748
2022-07-19,21050,21400,20900,21300,27449,-0.0023419203747072626
2022-07-20,21650,22000,21000,21750,75449,0.021126760563380254
2022-07-21,21650,22100,21650,21700,15787,-0.0022988505747126853
2022-07-22,21750,21800,20700,20700,34230,-0.04608294930875578
2022-07-25,20700,20850,20200,20500,25725,-0.009661835748792313
2022-07-26,20350,21400,20250,21250,19115,0.03658536585365857
2022-07-27,21200,22000,21000,22000,19980,0.03529411764705892
2022-07-28,22200,22200,21600,21800,20432,-0.009090909090909038
2022-07-29,22350,22350,21750,21900,72468,0.004587155963302836
2022-08-01,21900,22200,21650,21950,8318,0.0022831050228311334
2022-08-02,21950,21950,21450,21650,13848,-0.013667425968109326
2022-08-03,21600,21600,21350,21550,5650,-0.004618937644341847
2022-08-04,21750,22350,21500,21900,44955,0.016241299303944245
2022-08-05,22000,22100,21450,22000,26550,0.004566210045662045
2022-08-08,22000,22050,21400,21800,17589,-0.009090909090909038
2022-08-09,22000,22000,21100,21200,40114,-0.02752293577981646
2022-08-10,21150,21250,20450,20900,43801,-0.014150943396226467
2022-08-11,21150,21550,21000,21400,31396,0.02392344497607657
2022-08-12,21400,22750,21400,22500,97124,0.051401869158878455
2022-08-16,22850,23850,22500,23550,83136,0.046666666666666634
2022-08-17,23650,23650,22150,22300,64289,-0.05307855626326963
2022-08-18,22250,22650,21700,22500,23859,0.008968609865470878
2022-08-19,22300,22350,21500,21600,31628,-0.040000000000000036
2022-08-22,21350,21550,20700,20850,37065,-0.03472222222222221
2022-08-23,20600,21200,20500,20850,29106,0.0
2022-08-24,20850,21150,20400,20750,25053,-0.004796163069544335
2022-08-25,20750,21300,20700,21150,19191,0.01927710843373487
2022-08-26,21250,21350,20950,21250,23780,0.004728132387706863
2022-08-29,20300,20700,20300,20450,16590,-0.03764705882352937
2022-08-30,20450,20700,20050,20650,40668,0.009779951100244544
2022-08-31,20350,21750,20300,21600,45463,0.04600484261501214
2022-09-01,21450,21750,20900,21250,20859,-0.01620370370370372
2022-09-02,21300,21800,20800,21500,25885,0.0117647058823529
2022-09-05,21100,21400,20100,20550,47656,-0.04418604651162794
2022-09-06,20550,23100,20400,23100,150948,0.12408759124087587
2022-09-07,23500,25450,22500,24000,515959,0.03896103896103886
2022-09-08,24250,24450,22050,23000,199779,-0.04166666666666663
2022-09-13,23050,24600,22550,23800,112268,0.034782608695652195
2022-09-14,22800,23050,22150,22500,81938,-0.054621848739495826
2022-09-15,22550,22700,21750,22050,62906,-0.020000000000000018
2022-09-16,21700,21800,20800,21000,64220,-0.04761904761904767
2022-09-19,21150,21500,20700,21100,37261,0.004761904761904745
2022-09-20,21250,21500,20850,21150,31707,0.0023696682464455776
2022-09-21,21000,21100,20600,20850,31119,-0.014184397163120588
2022-09-22,20350,20800,20100,20750,30498,-0.004796163069544335
2022-09-23,20550,20650,19500,20450,58173,-0.014457831325301207
2022-09-26,19950,20150,17100,17100,359475,-0.1638141809290954
2022-09-27,17150,17600,16900,17200,261514,0.005847953216374213
2022-09-28,17250,17250,15550,15850,109959,-0.07848837209302328
2022-09-29,16300,16400,15200,15450,113493,-0.025236593059936863
2022-09-30,15450,15450,14850,15200,73665,-0.016181229773462813
2022-10-04,15700,16700,15550,16450,73651,0.08223684210526305
2022-10-05,16650,17250,15500,15900,49409,-0.033434650455927084
2022-10-06,15950,17150,15950,17000,90732,0.0691823899371069
2022-10-07,16750,17150,16500,16650,19252,-0.020588235294117685
2022-10-11,16100,16500,15600,16150,41494,-0.03003003003003002
2022-10-12,16000,16450,15700,16200,14552,0.003095975232198178
2022-10-13,16100,16100,14500,14950,237061,-0.0771604938271605
2022-10-14,15500,15900,15200,15650,34438,0.04682274247491636
2022-10-17,15350,16150,15050,16000,68790,0.022364217252396124
2022-10-18,16350,16900,15900,16350,31321,0.02187500000000009
2022-10-19,16300,16600,15700,16050,27902,-0.01834862385321101
2022-10-20,16000,16200,15350,15650,27333,-0.024922118380062308
2022-10-21,15400,15650,15000,15200,27306,-0.028753993610223683
2022-10-24,15650,16400,15600,15900,44160,0.046052631578947345
2022-10-25,15900,16750,15900,16350,30460,0.028301886792452935
2022-10-26,16350,16400,15900,16100,25493,-0.015290519877675823
2022-10-27,16050,16700,15950,16600,17506,0.03105590062111796
2022-10-28,16500,16650,15900,16500,14771,-0.0060240963855421326
2022-10-31,16800,16800,15950,16100,32722,-0.024242424242424288
2022-11-01,16100,16350,15800,16150,24461,0.0031055900621117516
2022-11-02,16150,17350,16050,16850,89744,0.04334365325077405
2022-11-03,16250,17050,16250,16800,16537,-0.0029673590504450953
2022-11-04,16550,16800,16200,16700,28307,-0.005952380952380931
2022-11-07,16650,16800,16300,16700,29090,0.0
2022-11-08,16900,17250,16150,16600,139285,-0.005988023952095856
2022-11-09,16550,16950,16400,16650,22200,0.003012048192771122
2022-11-10,16550,17100,16350,16850,21181,0.012012012012011963
2022-11-11,17350,17400,16950,17150,39362,0.017804154302670572
2022-11-14,17200,17400,16900,17200,33074,0.00291545189504383
2022-11-15,17050,17050,15000,15150,419720,-0.1191860465116279
2022-11-16,15300,15550,15050,15200,149884,0.0033003300330032292
2022-11-17,15300,16000,15200,15800,139535,0.03947368421052633
2022-11-18,15750,16250,15550,15700,47240,-0.006329113924050667
2022-11-21,15900,15900,15000,15100,58399,-0.03821656050955413
2022-11-22,15000,15150,14500,14550,93515,-0.03642384105960261
2022-11-23,14600,15450,14500,15050,103112,0.03436426116838498
2022-11-24,15250,15900,14900,15800,129482,0.04983388704318936
2022-11-25,15800,16300,15500,16150,105488,0.02215189873417711
2022-11-28,16000,16350,15600,16100,102464,-0.003095975232198178
2022-11-29,16050,16600,15800,16450,76516,0.021739130434782705
2022-11-30,16450,16550,16200,16300,34502,-0.00911854103343468
2022-12-01,16500,16750,16350,16650,68824,0.021472392638036908
2022-12-02,16900,17150,16300,16650,129102,0.0
2022-12-05,16750,17250,16600,16950,74297,0.018018018018018056
2022-12-06,16950,16950,16350,16550,49144,-0.02359882005899705
2022-12-07,16300,16650,16100,16400,28855,-0.009063444108761365
2022-12-08,16500,16500,15900,15900,27084,-0.030487804878048808
2022-12-09,16350,16350,15700,15900,14945,0.0
2022-12-12,15800,15900,15200,15300,49798,-0.037735849056603765
2022-12-13,15400,15900,15250,15300,64366,0.0
2022-12-14,15450,16150,15400,15800,50687,0.03267973856209161
2022-12-15,15800,16100,15550,15750,54781,-0.0031645569620253333
2022-12-16,15350,15850,15250,15550,18868,-0.012698412698412653
2022-12-19,15550,15800,15300,15650,18987,0.006430868167202508
2022-12-20,15650,15650,14950,15050,48965,-0.03833865814696491
2022-12-21,15200,15200,14700,14800,104333,-0.01661129568106312
2022-12-22,14850,15200,14700,15050,55206,0.016891891891891886
2022-12-23,14950,14950,13900,14600,297279,-0.029900332225913595
2022-12-26,14850,14850,14400,14550,51391,-0.003424657534246589
2022-12-27,14500,14900,14500,14700,54151,0.010309278350515427
2022-12-28,14650,14750,14150,14350,39159,-0.023809523809523836
2022-12-29,14350,14350,13350,13550,122622,-0.05574912891986061
2023-01-02,13550,13700,12750,12850,62773,-0.05166051660516602
2023-01-03,12750,13200,12350,12950,49941,0.0077821011673151474
2023-01-04,12750,13600,12750,13400,34839,0.03474903474903468
2023-01-05,13450,13650,13250,13350,18984,-0.003731343283582045
2023-01-06,13250,13650,13150,13600,14256,0.01872659176029967
2023-01-09,13650,14200,13650,14000,31228,0.02941176470588225
2023-01-10,14000,14350,13900,14250,20532,0.017857142857142794
2023-01-11,14250,14400,14100,14300,13798,0.0035087719298245723
2023-01-12,14350,14450,14150,14200,16384,-0.006993006993006978
2023-01-13,14250,14600,14200,14500,25174,0.021126760563380254
2023-01-16,14650,14700,14350,14400,26459,-0.006896551724137945
2023-01-17,14550,14750,14250,14450,25712,0.003472222222222321
2023-01-18,14500,14500,14100,14150,26200,-0.02076124567474047
2023-01-19,14050,14800,14050,14600,54851,0.03180212014134276
2023-01-20,14550,15000,14400,14850,41962,0.017123287671232834
2023-01-25,15000,15100,14800,15000,21556,0.010101010101010166
2023-01-26,15150,15210,14870,15090,32062,0.006000000000000005
2023-01-27,15200,15240,14700,14960,47204,-0.008614976805831676
2023-01-30,14930,15180,14710,14870,26083,-0.006016042780748632
2023-01-31,14800,14960,14550,14700,23636,-0.01143241425689312
2023-02-01,14810,14900,14100,14370,108298,-0.022448979591836782
2023-02-02,14730,15000,14670,14900,59679,0.0368823938761309
2023-02-03,15040,15040,14620,14930,28789,0.002013422818792021
2023-02-06,14930,14930,14570,14710,35106,-0.014735432016074967
2023-02-07,14690,15280,14670,15220,38279,0.034670292318151
2023-02-08,15260,15780,15260,15500,55377,0.018396846254927768
2023-02-09,15350,15600,15200,15450,25808,-0.003225806451612856
2023-02-10,15500,15600,15060,15460,33657,0.0006472491909386147
2023-02-13,15480,15670,14910,15080,37956,-0.02457956015523932
2023-02-14,15010,15800,15000,15620,44811,0.035809018567639184
2023-02-15,15620,15850,15050,15270,38934,-0.02240717029449424
2023-02-16,15290,15570,15190,15550,18697,0.018336607727570398
2023-02-17,15200,15440,14940,15120,27976,-0.027652733118971096
2023-02-20,15130,15350,14730,15300,26774,0.011904761904761862
2023-02-21,15150,15460,15150,15300,12433,0.0
2023-02-22,14910,15150,14770,14950,35023,-0.022875816993464082
2023-02-23,14960,15040,14790,14890,17331,-0.004013377926421424
2023-02-24,14930,14930,14180,14230,68003,-0.044325050369375396
2023-02-27,14120,14300,13700,14210,33880,-0.0014054813773717312
2023-02-28,14160,14760,14160,14520,20024,0.02181562280084437
2023-03-02,14630,14630,14160,14210,31750,-0.02134986225895319
2023-03-03,14280,14600,14220,14300,22867,0.006333567909922566
2023-03-06,14300,14570,14280,14560,18209,0.018181818181818077
2023-03-07,14500,15400,14450,15000,96908,0.030219780219780112
2023-03-08,15000,15380,14800,14990,44806,-0.0006666666666667043
2023-03-09,14990,15200,14600,14840,26760,-0.010006671114076049
2023-03-10,14680,14800,14160,14520,52807,-0.021563342318059342
2023-03-13,14440,14930,14000,14350,38090,-0.011707988980716233
2023-03-14,14160,14230,13550,13630,67493,-0.05017421602787453
2023-03-15,13900,14030,13630,13630,31458,0.0
2023-03-16,13850,13850,13250,13630,53643,0.0
2023-03-17,13760,14190,13630,14160,25216,0.038884812912692635
2023-03-20,14160,14620,14100,14370,23454,0.014830508474576343
2023-03-21,14580,14580,13920,13930,28987,-0.03061934585942938
2023-03-22,13930,14200,13880,14140,33041,0.015075376884422065
2023-03-23,14080,14360,14010,14230,20051,0.006364922206506307
2023-03-24,14230,14450,14150,14270,19890,0.0028109627547434624
2023-03-27,14450,14450,14070,14200,14233,-0.004905395935529078
2023-03-28,14220,14570,14220,14440,33899,0.016901408450704203
2023-03-29,14370,14500,14230,14430,26491,-0.0006925207756233176
2023-03-30,14530,14700,14380,14620,29536,0.013167013167013186
2023-03-31,14710,14720,14400,14570,23045,-0.0034199726402188713
2023-04-03,14600,14640,14250,14540,27630,-0.0020590253946465298
2023-04-04,14420,14640,14000,14000,64952,-0.037138927097661645
2023-04-05,14000,14210,13900,14000,73898,0.0
2023-04-06,13920,13920,13610,13650,53749,-0.025000000000000022
2023-04-07,13720,13900,13450,13460,54719,-0.01391941391941387
2023-04-10,13450,13620,13010,13010,51582,-0.03343239227340267
2023-04-11,13060,13480,12700,13450,88096,0.03382013835511155
2023-04-12,13460,13710,13270,13610,27682,0.011895910780669094
2023-04-13,13520,13640,13360,13600,25530,-0.0007347538574578039
2023-04-14,13680,13720,13500,13570,23595,-0.0022058823529411686
2023-04-17,13570,14020,13390,13590,31580,0.0014738393515105752
2023-04-18,13490,13600,13380,13480,19861,-0.008094186902133926
2023-04-19,13420,13540,13350,13380,17660,-0.007418397626112738
2023-04-20,13650,13650,12790,12820,94614,-0.041853512705530616
2023-04-21,12820,12940,12640,12640,44477,-0.01404056162246492
2023-04-24,12620,12860,12500,12610,30920,-0.002373417721519
2023-04-25,12630,12740,12420,12690,48652,0.006344171292624878
2023-04-26,12440,12690,12340,12390,68042,-0.023640661938534313
2023-04-27,12350,12520,12260,12360,22867,-0.002421307506053294
2023-04-28,12360,12550,12280,12330,17973,-0.0024271844660194164
2023-05-02,12220,12350,12170,12200,35078,-0.010543390105433925
2023-05-03,12030,12300,12030,12220,16294,0.0016393442622950616
2023-05-04,12190,12300,12130,12250,14015,0.002454991816693841
2023-05-08,12270,12480,12220,12300,20813,0.004081632653061273
2023-05-09,12300,12410,12020,12120,41243,-0.014634146341463428
2023-05-10,12020,12470,12020,12330,30805,0.017326732673267342
2023-05-11,12200,12310,12030,12030,89019,-0.024330900243308973
2023-05-12,12030,12120,12010,12080,29273,0.004156275976724855
2023-05-15,12010,12100,11910,11990,48518,-0.007450331125827825
2023-05-16,11990,12090,11310,11340,120725,-0.05421184320266892
2023-05-17,11230,11670,11210,11590,36375,0.022045855379188684
2023-05-18,11640,12140,11590,12100,63200,0.04400345125107852
2023-05-19,12300,13000,12200,13000,209722,0.07438016528925617
2023-05-22,13020,13020,12580,12710,57054,-0.02230769230769236
2023-05-23,12580,12790,12540,12650,20153,-0.004720692368214041
2023-05-24,12640,12640,12340,12390,25453,-0.02055335968379446
2023-05-25,12400,12640,12350,12360,16278,-0.002421307506053294
2023-05-26,12350,14930,12200,13330,1422340,0.07847896440129443
2023-05-30,13330,13670,12950,13620,219435,0.02175543885971498
2023-05-31,13620,13780,13250,13530,72774,-0.0066079295154185536
2023-06-01,13530,16300,13350,15090,1530602,0.11529933481152987
2023-06-02,15020,15400,14510,14510,302507,-0.038436050364479835
2023-06-05,14590,14800,14300,14710,151347,0.013783597518952417
2023-06-07,14850,15780,14840,15700,332804,0.0673011556764107
2023-06-08,15650,16900,15540,16400,402626,0.04458598726114649
2023-06-09,16400,16610,16150,16250,90801,-0.009146341463414642
2023-06-12,16390,16580,16020,16400,99100,0.009230769230769154
2023-06-13,16310,17590,16310,17250,214145,0.05182926829268286
2023-06-14,17250,17310,16400,16500,115734,-0.04347826086956519
2023-06-15,16510,17190,16510,16940,89348,0.026666666666666616
2023-06-16,16940,17110,16730,16930,59409,-0.0005903187721369996
2023-06-19,16930,16930,16140,16420,84717,-0.030124040165386834
2023-06-20,16420,16420,15620,15730,112498,-0.04202192448233866
2023-06-21,15740,16230,15450,15540,63274,-0.012078830260648488
2023-06-22,15550,15900,15260,15610,57916,0.0045045045045044585
2023-06-23,15590,16000,15510,15510,50380,-0.006406149903907754
2023-06-26,15740,16110,15380,16100,67460,0.0380399742101869
2023-06-27,16110,16230,15520,15800,64044,-0.018633540372670843
2023-06-28,15800,15810,15130,15130,51971,-0.042405063291139244
2023-06-29,15130,15440,15040,15300,34602,0.011235955056179803
2023-06-30,15110,15820,15050,15730,44923,0.028104575163398593
2023-07-03,15730,15990,15530,15600,37093,-0.008264462809917328
2023-07-04,15610,16110,15400,16040,54497,0.028205128205128105
2023-07-05,16050,16180,15520,15970,29333,-0.004364089775561131
2023-07-06,15900,15960,15260,15450,36824,-0.032561051972448296
2023-07-07,15450,15490,14800,14960,44008,-0.03171521035598701
2023-07-10,14870,15320,14870,15150,23316,0.012700534759358284
2023-07-11,15010,15280,14820,15150,48958,0.0
2023-07-12,15150,15150,14790,15150,58070,0.0
2023-07-13,15160,15480,15160,15290,20947,0.009240924092409175
2023-07-14,15450,15600,15100,15340,47256,0.0032701111837802888
2023-07-17,15490,16070,15320,16010,94064,0.043676662320730086
2023-07-18,16300,16300,15330,15500,73564,-0.03185509056839475
2023-07-19,15500,15620,15010,15300,58015,-0.012903225806451646
2023-07-20,15280,15370,15040,15180,34255,-0.007843137254901933
2023-07-21,15180,15220,14830,14930,34580,-0.016469038208168696
2023-07-24,14860,15000,14170,14930,87421,0.0
2023-07-25,14900,14910,14210,14210,72369,-0.04822505023442736
2023-07-26,14210,14210,13350,13350,83475,-0.06052076002814921
2023-07-27,13200,14230,13200,14110,38253,0.056928838951310956
2023-07-28,14100,15410,13990,15190,71814,0.07654145995747696
2023-07-31,15190,15190,14780,14980,35407,-0.01382488479262678
2023-08-01,15200,15410,14810,15270,40816,0.019359145527369837
2023-08-02,15200,15270,15040,15180,21150,-0.005893909626719096
2023-08-03,15110,15170,14720,15090,22554,-0.005928853754940677
2023-08-04,14900,15650,14900,15650,37316,0.03711066931742879
2023-08-07,15660,15800,15400,15410,32205,-0.015335463258785986
2023-08-08,15410,16140,15110,15720,159692,0.020116807268007797
2023-08-09,15730,15780,15440,15710,28530,-0.0006361323155216203
2023-08-10,15700,15700,15230,15500,44544,-0.013367281985996127
2023-08-11,15460,15590,15160,15380,44140,-0.007741935483870921
2023-08-14,15400,15400,15100,15340,18519,-0.002600780234070177
2023-08-16,15300,15300,14630,14780,38757,-0.03650586701434155
2023-08-17,14650,14780,14340,14550,51671,-0.01556156968876865
2023-08-18,14550,14550,14130,14550,48065,0.0
2023-08-21,14640,14790,14390,14550,14081,0.0
2023-08-22,14550,14900,14260,14410,34298,-0.009621993127147732
2023-08-23,14300,14420,14010,14120,30447,-0.02012491325468424
2023-08-24,14240,14240,14010,14040,23172,-0.005665722379603388
2023-08-25,13970,14100,13740,13970,24574,-0.004985754985754931
2023-08-28,14030,14080,13800,14070,15794,0.007158196134574135
2023-08-29,14070,14410,14050,14170,22388,0.007107320540156392
2023-08-30,14260,14560,14150,14500,23945,0.023288637967536996
2023-08-31,14500,14810,14400,14800,16846,0.020689655172413834
2023-09-01,14610,14810,14370,14460,24235,-0.02297297297297296
2023-09-04,14730,15240,14630,14900,51700,0.030428769017980528
2023-09-05,14900,15070,14610,14660,22075,-0.016107382550335614
2023-09-06,14520,14660,14160,14210,31262,-0.03069577080491137
2023-09-07,14260,14260,13910,14110,20659,-0.0070372976776917895
2023-09-08,14110,14290,13820,13930,14536,-0.01275690999291279
2023-09-11,13900,14110,13700,13870,8818,-0.004307250538406304
2023-09-12,13880,14250,13690,13940,11895,0.005046863734679219
2023-09-13,14000,14040,13370,13510,21830,-0.030846484935437624
2023-09-14,13370,13640,13370,13410,12006,-0.007401924500370138
2023-09-15,13400,13780,13390,13580,9114,0.012677106636838076
2023-09-18,13570,13710,13320,13590,14237,0.0007363770250368162
2023-09-19,13700,13700,13410,13410,4094,-0.013245033112582738
2023-09-20,13410,13410,13120,13200,12256,-0.015659955257270708
2023-09-21,13190,13270,12900,12930,10530,-0.020454545454545503
2023-09-22,12900,13150,12640,12700,29716,-0.017788089713843824
2023-09-25,13000,13000,12390,12390,20369,-0.024409448818897617
2023-09-26,12290,12700,12000,12030,27374,-0.029055690072639195
2023-09-27,12000,12390,11890,12030,23965,0.0
2023-10-04,11940,12030,11660,11700,17219,-0.027431421446383997
2023-10-05,11640,12420,11620,11900,41076,0.017094017094017033
2023-10-06,11860,12330,11820,12320,27275,0.03529411764705892
2023-10-10,12350,12600,11900,12340,10592,0.0016233766233766378
2023-10-11,12310,12870,12110,12790,21575,0.03646677471636961
2023-10-12,12850,12960,12620,12960,14479,0.013291634089132032
2023-10-13,12900,12960,12310,12490,19180,-0.03626543209876543
2023-10-16,12300,13450,11800,13190,199797,0.05604483586869491
2023-10-17,13000,13750,12960,13660,39951,0.0356330553449582
2023-10-18,13660,13810,13390,13610,18525,-0.0036603221083455484
2023-10-19,13200,13620,13120,13600,26528,-0.0007347538574578039
2023-10-20,13450,13580,12830,13490,177959,-0.008088235294117618
2023-10-23,13370,13390,12840,13340,114302,-0.01111934766493694
2023-10-24,13260,13950,12990,13140,86372,-0.014992503748125885
2023-10-25,13200,13230,12960,13140,58579,0.0
2023-10-26,12970,13130,12500,13110,34113,-0.0022831050228310223
2023-10-27,12920,13110,12640,12900,36078,-0.016018306636155555
2023-10-30,13140,13140,12690,13060,23794,0.01240310077519391
2023-10-31,13070,13150,12650,12740,10789,-0.024502297090352232
2023-11-01,12970,12970,12650,12650,9970,-0.007064364207221341
2023-11-02,12700,13030,12630,12770,12806,0.009486166007905084
2023-11-03,12770,13270,12770,13180,17232,0.03210649960845724
2023-11-06,13260,13700,12990,13350,32927,0.012898330804248959
2023-11-07,13310,13310,12910,13130,19707,-0.016479400749063622
2023-11-08,13130,14190,12850,12850,136959,-0.021325209444021276
2023-11-09,12850,12920,12380,12690,71753,-0.012451361867704236
2023-11-10,12600,12890,12380,12640,146967,-0.003940110323089052
2023-11-13,12640,12640,12410,12560,17617,-0.006329113924050667
2023-11-14,12450,13440,12450,13430,105859,0.06926751592356695
2023-11-15,13430,13500,13250,13390,23511,-0.0029784065524943726
2023-11-16,13390,13550,13290,13520,10466,0.009708737864077666
2023-11-17,13370,13590,13200,13520,17662,0.0
2023-11-20,13390,13530,13340,13500,10626,-0.0014792899408283544
2023-11-21,13520,13600,13340,13500,10414,0.0
2023-11-22,13370,13660,13350,13500,14904,0.0
2023-11-23,13600,14040,13430,13830,51492,0.02444444444444449
2023-11-24,13790,13950,13550,13900,60566,0.005061460592914013
2023-11-27,13840,13950,13610,13850,14555,-0.003597122302158251
2023-11-28,13690,14290,13680,14250,61234,0.028880866425992746
2023-11-29,14220,14230,13990,14030,14179,-0.01543859649122803
2023-11-30,14030,14150,13880,13990,8978,-0.0028510334996436626
2023-12-01,14000,14350,13770,14180,20372,0.013581129378127166
2023-12-04,14140,14260,13940,14260,13958,0.005641748942172065
2023-12-05,14260,14270,14000,14140,15160,-0.008415147265077194
2023-12-06,14030,14140,13740,14060,27767,-0.005657708628005631
2023-12-07,13920,13980,13830,13830,19351,-0.016358463726884764
2023-12-08,13830,13940,13020,13800,11034,-0.002169197396963085
2023-12-11,13800,13940,13630,13750,14134,-0.0036231884057971175
2023-12-12,13750,13870,13600,13690,22920,-0.004363636363636347
2023-12-13,13650,15180,13470,15010,296217,0.09642074506939369
2023-12-14,15200,15370,14730,15260,98836,0.01665556295802806
2023-12-15,15260,15270,14900,15170,52422,-0.005897771952817821
2023-12-18,15030,16300,15030,15700,169832,0.034937376400790976
2023-12-19,15560,15720,15410,15670,35194,-0.0019108280254777066
2023-12-20,15570,15670,15120,15630,58430,-0.00255264837268665
2023-12-21,15400,15800,15070,15200,73101,-0.0275111964171465
2023-12-22,15200,15320,14870,15120,37129,-0.0052631578947368585
2023-12-26,15000,15430,14790,15170,36351,0.003306878306878369
2023-12-27,15100,15580,14910,15430,34883,0.01713909030982208
2023-12-28,15430,15600,15190,15440,23255,0.0006480881399870686
2024-01-02,15480,15820,15460,15780,40763,0.022020725388601115
2024-01-03,15540,16250,15490,16000,62394,0.013941698352344822
2024-01-04,15960,16300,15820,16190,36531,0.01187500000000008
2024-01-05,16270,16280,15500,15980,22495,-0.012970969734403925
2024-01-08,15980,15990,15730,15800,13872,-0.01126408010012514
2024-01-09,15860,16000,15540,15720,17127,-0.005063291139240533
2024-01-10,15700,15880,15420,15550,20619,-0.010814249363867656
2024-01-11,15570,15660,15440,15580,7297,0.0019292604501608412
2024-01-12,15690,16250,15540,15960,19913,0.024390243902439046
2024-01-15,16160,16350,16000,16050,33826,0.005639097744360999
2024-01-16,16010,16590,15710,16180,56990,0.008099688473520272
2024-01-17,16180,16470,15760,16170,37411,-0.0006180469715698633
2024-01-18,16020,16300,15930,16230,19242,0.0037105751391466324
2024-01-19,16230,16860,15860,16380,70600,0.009242144177449063
2024-01-22,16400,17100,16380,16980,104649,0.03663003663003672
2024-01-23,16980,17170,16600,16850,54587,-0.00765606595995294
2024-01-24,16850,17040,15950,16230,104061,-0.03679525222551927
2024-01-25,16250,16730,16200,16500,56502,0.01663585951940849
2024-01-26,16500,16900,15240,16250,42525,-0.015151515151515138
2024-01-29,16090,16280,15620,15660,33316,-0.03630769230769226
2024-01-30,15660,15930,15440,15890,21077,0.014687100893997496
2024-01-31,15890,15900,15540,15890,33561,0.0
2024-02-01,15800,15940,15370,15500,23087,-0.024543738200125897
2024-02-02,15800,16400,15690,15820,21647,0.020645161290322678
2024-02-05,16130,16130,15580,15720,13815,-0.006321112515802807
2024-02-06,15600,15990,15350,15910,29593,0.012086513994910897
2024-02-07,15810,16100,15590,15870,13132,-0.0025141420490257804
2024-02-08,15860,15860,15540,15650,24116,-0.013862633900441068
2024-02-13,15720,16850,15650,16490,118148,0.053674121405750785
2024-02-14,16480,16690,16040,16550,36617,0.0036385688295936802
2024-02-15,16440,17090,16440,16950,87570,0.024169184290030232
2024-02-16,17100,17100,16500,16620,31371,-0.019469026548672552
2024-02-19,16500,16500,15890,16170,61593,-0.027075812274368283
2024-02-20,16040,16330,15800,15800,268817,-0.022881880024737122
2024-02-21,15800,16320,15510,16060,108629,0.016455696202531733
2024-02-22,16050,17090,15990,16700,94015,0.03985056039850554
2024-02-23,16790,17020,16180,16410,42719,-0.01736526946107786
2024-02-26,16250,16690,15930,16300,39628,-0.006703229737964667
2024-02-27,16270,16530,16040,16280,32861,-0.0012269938650306678
2024-02-28,16400,16590,16140,16470,31560,0.011670761670761642
2024-02-29,16470,16490,15900,16130,50649,-0.020643594414086253
2024-03-04,16050,16500,15980,16360,56300,0.014259144451332917
2024-03-05,16210,16720,15900,16550,56030,0.011613691931540382
2024-03-06,16780,16790,16340,16770,36777,0.013293051359516639
2024-03-07,16770,17150,16390,16680,40433,-0.00536672629695889
2024-03-08,16550,17110,16550,16930,39343,0.014988009592326046
2024-03-11,16600,16870,16220,16280,40886,-0.038393384524512686
2024-03-12,16170,16610,16110,16280,42920,0.0
2024-03-13,16400,16640,16100,16500,40384,0.013513513513513598
2024-03-14,16500,16560,16060,16130,29346,-0.022424242424242458
2024-03-15,16060,16130,15810,15810,33130,-0.01983880967141971
2024-03-18,15810,16100,15710,16040,16519,0.014547754585705341
2024-03-19,16180,16180,15750,16090,28625,0.0031172069825435855
2024-03-20,16180,16380,15850,15960,13008,-0.00807955251709136
2024-03-21,16060,16300,15840,15990,25834,0.001879699248120259
2024-03-22,16120,16120,15730,15890,17398,-0.0062539086929330745
2024-03-25,15890,18570,15760,18570,349295,0.16865953429830083
2024-03-26,18270,20350,17800,19720,487068,0.061927840603123396
2024-03-27,19520,19850,18800,19400,156292,-0.016227180527383367
2024-03-28,19390,21000,19360,20550,232287,0.05927835051546393
2024-03-29,20300,20600,19890,20150,100573,-0.019464720194647178
2024-04-01,20000,20800,19650,20600,99292,0.022332506203474045
2024-04-02,20950,21700,20100,21200,174202,0.029126213592232997
2024-04-03,20850,21350,19890,21100,149327,-0.004716981132075526
2024-04-04,21650,22100,20300,21150,192702,0.0023696682464455776
2024-04-05,20650,21050,19950,20900,67209,-0.011820330969267157
2024-04-08,20650,21000,19260,19450,99519,-0.06937799043062198
2024-04-09,19450,19670,18770,18900,51770,-0.028277634961439535
2024-04-11,18610,18840,18310,18750,16584,-0.007936507936507908
2024-04-12,18750,19490,18210,19040,52995,0.01546666666666674
2024-04-15,18560,18760,18070,18530,31413,-0.0267857142857143
2024-04-16,18480,18480,17620,18080,62975,-0.024284943335132203
2024-04-17,18080,18390,17500,17500,24605,-0.03207964601769908
2024-04-18,17500,18730,17410,18500,47328,0.05714285714285716
2024-04-19,18500,18500,17500,18250,61325,-0.013513513513513487
2024-04-22,18000,18200,17330,17650,69332,-0.0328767123287671
2024-04-23,17790,18450,17540,18340,34374,0.03909348441926341
2024-04-24,18970,20900,18950,20100,279034,0.09596510359869148
2024-04-25,20100,20300,19730,20000,37475,-0.00497512437810943
2024-04-26,20000,20350,19750,20000,39044,0.0
2024-04-29,20350,20950,19810,19810,50234,-0.009499999999999953
2024-04-30,19550,20400,19450,20200,29584,0.01968702675416467
2024-05-02,20150,20300,19730,19830,14689,-0.018316831683168333
2024-05-03,19830,20700,19740,20350,63605,0.026222894604135183
2024-05-07,20200,20700,20000,20600,40489,0.01228501228501222
2024-05-08,20450,20900,19990,20400,38089,-0.009708737864077666
2024-05-09,20450,20450,19730,19730,28538,-0.032843137254901955
2024-05-10,19660,19870,19280,19370,29661,-0.018246325392802798
2024-05-13,19370,19750,19340,19690,9375,0.01652039235931846
2024-05-14,19790,19840,19250,19510,32699,-0.009141696292534252
2024-05-16,19510,19850,19150,19500,35293,-0.0005125576627370565
2024-05-17,19560,19750,19200,19350,42980,-0.007692307692307665
2024-05-20,19230,19260,18260,18390,164987,-0.04961240310077519
2024-05-21,18530,18530,17820,18050,49501,-0.018488308863512826
2024-05-22,18120,18430,17470,18200,124601,0.008310249307479145
2024-05-23,18200,18590,17550,18070,268757,-0.0071428571428571175
2024-05-24,18030,18030,17610,17610,11638,-0.025456557830658588
2024-05-27,17640,17640,16810,17030,111654,-0.03293583191368543
2024-05-28,17050,17150,16890,16890,29399,-0.00822078684674099
2024-05-29,16880,16890,16160,16280,47182,-0.03611604499703969
2024-05-30,16310,16310,15860,16200,39215,-0.004914004914004955
2024-05-31,16250,16590,15960,16560,18775,0.022222222222222143
2024-06-03,16560,16560,15900,15920,34827,-0.03864734299516903
2024-06-04,15920,16010,15620,15700,25107,-0.013819095477386911
2024-06-05,15700,15870,15550,15750,26551,0.0031847133757962887
2024-06-07,15900,15900,15370,15720,28791,-0.0019047619047618536
2024-06-10,15740,15930,15450,15750,14729,0.001908396946564972
2024-06-11,15600,15730,15310,15320,21287,-0.02730158730158727
2024-06-12,15470,15620,15300,15610,11353,0.018929503916448986
2024-06-13,15620,15670,14970,15000,55596,-0.03907751441383733
2024-06-14,15130,15230,14710,14930,31590,-0.004666666666666708
2024-06-17,14930,15070,14320,15040,93045,0.007367716008037428
2024-06-18,15040,15080,14810,15060,14550,0.0013297872340425343
2024-06-19,15050,15070,14760,14990,17168,-0.004648074369189903
2024-06-20,14920,15070,14790,15000,32890,0.0006671114076051143
2024-06-21,14920,15090,14570,14570,38035,-0.028666666666666618
2024-06-24,14570,14730,14320,14400,23588,-0.011667810569663706
2024-06-25,14400,14560,14090,14460,36223,0.004166666666666652
2024-06-26,14460,14930,14150,14920,194511,0.03181189488243441
2024-06-27,14950,14950,14550,14570,16033,-0.023458445040214437
2024-06-28,14780,14840,14580,14820,7639,0.01715854495538771
2024-07-01,14790,15180,14590,15090,39616,0.018218623481781382
2024-07-02,15110,15190,14700,15170,28581,0.005301524188204176
2024-07-03,15140,15150,14720,14740,30984,-0.028345418589321048
2024-07-04,14740,14810,14610,14780,8552,0.0027137042062415073
2024-07-05,14780,15050,14640,14980,27170,0.013531799729364025
2024-07-08,14830,16400,14830,16170,171643,0.07943925233644866
2024-07-09,16170,16170,15600,15970,33549,-0.01236858379715522
2024-07-10,15900,16300,15730,16100,25256,0.00814026299311199
2024-07-11,16060,16250,15950,16120,14246,0.001242236024844745
2024-07-12,16000,16680,15810,16630,98986,0.03163771712158803
2024-07-15,16650,16650,15500,16340,33581,-0.01743836440168367
2024-07-16,16340,16650,15890,16630,65508,0.017747858017135965
2024-07-17,16700,16730,16290,16590,21474,-0.0024052916416115178
2024-07-18,16400,16400,15760,15960,21618,-0.03797468354430378
2024-07-19,15960,16190,15550,15850,87178,-0.006892230576441061
2024-07-22,15850,15990,15300,15840,53101,-0.0006309148264984632
2024-07-23,15700,15860,15240,15360,30506,-0.030303030303030276
2024-07-24,15300,15490,15050,15370,13691,0.0006510416666667407
2024-07-25,15340,15340,14560,14910,34581,-0.029928432010409844
2024-07-26,14800,14910,14590,14780,70943,-0.008718980549966449
2024-07-29,14850,14880,14460,14660,37489,-0.008119079837618393
2024-07-30,14660,14660,14090,14120,24087,-0.03683492496589358
2024-07-31,14180,14490,13810,14340,25798,0.015580736543909346
2024-08-01,14170,14490,14150,14160,25985,-0.012552301255230103
2024-08-02,14130,14130,13270,13450,57672,-0.05014124293785316
2024-08-05,13090,13200,11800,12500,121101,-0.07063197026022305
2024-08-06,12500,13550,12500,13330,53782,0.06640000000000001
2024-08-07,13600,14040,13210,13850,44383,0.039009752438109446
2024-08-08,13850,13930,13210,13910,16639,0.0043321299638989785
2024-08-09,13950,14080,13850,14080,8964,0.012221423436376666
2024-08-12,14090,14580,13950,14480,14494,0.02840909090909083
2024-08-13,14440,14500,14200,14360,5543,-0.008287292817679592
2024-08-14,14440,15000,14180,14870,34570,0.035515320334261746
2024-08-16,15220,16090,15210,16070,158869,0.08069939475453936
2024-08-19,16010,16720,15710,16250,48929,0.011200995644057299
2024-08-20,16900,18150,16410,17570,251117,0.08123076923076922
2024-08-21,17500,17700,17180,17590,61477,0.0011383039271486428
2024-08-22,17560,17560,17100,17320,39748,-0.015349630471859
2024-08-23,17050,17760,17050,17430,49694,0.006351039260970026
2024-08-26,17700,17800,17230,17450,55506,0.0011474469305794432
2024-08-27,17110,17410,17040,17080,20009,-0.021203438395415497
2024-08-28,17170,17270,16830,16880,19647,-0.011709601873536313
2024-08-29,16860,16860,16080,16110,85212,-0.045616113744075815
2024-08-30,16110,16830,16110,16590,31192,0.029795158286778367
2024-09-02,16590,16680,15660,15950,47564,-0.03857745629897524
2024-09-03,15900,15960,15470,15540,9768,-0.025705329153605017
2024-09-04,15350,15350,14550,14960,23016,-0.03732303732303732
2024-09-05,14960,15180,14400,14510,18461,-0.03008021390374327
2024-09-06,14510,14540,14030,14200,20760,-0.021364576154376258
2024-09-09,13850,14790,13820,14720,15956,0.036619718309859106
2024-09-10,14720,15000,14310,14570,13421,-0.010190217391304324
2024-09-11,14450,14950,14410,14600,9013,0.002059025394646641
2024-09-12,14800,15380,14600,15290,22944,0.047260273972602684
2024-09-13,15250,15280,14900,15080,8787,-0.01373446697187708
2024-09-19,15080,15250,14630,15230,32353,0.009946949602122057
2024-09-20,15230,15400,15100,15220,10509,-0.0006565988181220783
2024-09-23,15250,15490,14900,15480,20872,0.01708278580814726
2024-09-24,15430,15540,15090,15300,15295,-0.011627906976744207
2024-09-25,15300,15460,15270,15400,5068,0.006535947712418277
2024-09-26,15460,16170,15300,16170,48904,0.050000000000000044
2024-09-27,16180,16180,15520,15660,26861,-0.03153988868274582
2024-09-30,15700,15700,15200,15330,17480,-0.021072796934865856
2024-10-02,15010,15340,14660,14770,29915,-0.0365296803652968
2024-10-04,14770,14900,14600,14600,14574,-0.011509817197021044
2024-10-07,14790,14800,14490,14760,6931,0.010958904109588996
2024-10-08,14630,14780,14570,14630,11376,-0.008807588075880779
2024-10-10,14780,15000,14590,14920,13625,0.01982228298017774
2024-10-11,14930,15070,14820,14930,5446,0.0006702412868633267
2024-10-14,14930,15070,14810,15030,8538,0.006697923643670389
2024-10-15,15030,15370,14700,15130,13317,0.006653359946773074
2024-10-16,15090,15090,14800,14860,7894,-0.0178453403833444
2024-10-17,14910,15040,14770,14870,5431,0.0006729475100941684
2024-10-18,15000,15060,14540,14930,14176,0.004034969737726879
2024-10-21,14930,14990,14700,14860,5472,-0.0046885465505692725
2024-10-22,14860,14930,14420,14420,15260,-0.02960969044414541
2024-10-23,14420,14900,14350,14880,15161,0.03190013869625519
2024-10-24,14860,14860,14530,14540,9499,-0.022849462365591378
2024-10-25,14680,14700,14380,14590,11461,0.003438789546079679
2024-10-28,14590,14800,14220,14800,18959,0.014393420150788261
2024-10-29,14660,14970,14590,14800,3180,0.0
2024-10-30,14790,14790,14520,14560,6675,-0.01621621621621616
2024-10-31,14560,14780,14420,14600,2706,0.0027472527472527375
2024-11-01,14510,14630,14210,14260,13369,-0.023287671232876672
2024-11-04,14270,14400,14190,14380,7493,0.008415147265077083
2024-11-05,14310,14370,14230,14370,2949,-0.0006954102920723182
2024-11-06,14400,14440,14260,14390,4689,0.0013917884481557952
2024-11-07,14240,14370,13610,14320,13710,-0.00486448922863103
2024-11-08,14320,14350,13800,14350,89264,0.0020949720670391248
2024-11-11,14400,14400,14100,14350,5839,0.0
2024-11-12,14390,14400,13410,13880,40186,-0.032752613240418116
2024-11-13,13880,13880,13460,13700,16881,-0.012968299711815567
2024-11-14,13640,14080,13550,13660,47349,-0.0029197080291970545
2024-11-15,13710,13710,12260,12260,157501,-0.10248901903367491
2024-11-18,12320,12700,12100,12490,58065,0.018760195758564358
2024-11-19,12490,12690,12410,12490,11304,0.0
2024-11-20,12510,12800,12200,12800,36701,0.024819855884707698
2024-11-21,12850,12850,12610,12820,7858,0.0015624999999999112
2024-11-22,12820,13270,12820,13230,23982,0.03198127925117
2024-11-25,13150,13980,13150,13900,28157,0.05064247921390774
2024-11-26,13900,13920,13650,13850,8468,-0.003597122302158251
2024-11-27,13850,13850,13330,13600,26731,-0.018050541516245522
2024-11-28,13580,13580,13230,13330,3836,-0.01985294117647063
2024-11-29,13310,13330,12790,12930,11080,-0.030007501875468856
2024-12-02,12930,12970,12560,12560,8100,-0.028615622583139988
2024-12-03,12600,13300,12510,13230,32776,0.05334394904458595
2024-12-04,13100,13230,12610,13000,17327,-0.017384731670445963
2024-12-05,13000,13140,12420,13110,56951,0.00846153846153852
2024-12-06,13100,13190,12510,12790,18237,-0.024408848207475242
2024-12-09,12400,12410,12010,12010,22446,-0.06098514464425331
2024-12-10,12010,12650,12010,12570,19961,0.04662781015820139
2024-12-11,12470,13350,12470,13290,13913,0.05727923627684972
2024-12-12,13280,13500,12860,13450,26460,0.012039127163280705
2024-12-13,13450,13500,13200,13450,3620,0.0
2024-12-16,13360,13490,13250,13430,6074,-0.0014869888475836923
2024-12-17,13330,13420,13040,13150,9773,-0.02084884586746094
2024-12-18,13150,13750,13020,13750,24290,0.04562737642585546
2024-12-19,13400,13730,13300,13640,5002,-0.008000000000000007
2024-12-20,13550,13710,13220,13700,5292,0.004398826979472137
2024-12-23,13800,15710,13800,15660,193246,0.1430656934306569
2024-12-24,15360,15950,15280,15760,177738,0.0063856960408683605
2024-12-26,15750,15900,15140,15600,30814,-0.010152284263959421
2024-12-27,15520,16140,15410,16040,108731,0.028205128205128105
2024-12-30,16050,17650,16050,16900,234413,0.05361596009975056
2025-01-02,17100,17450,16610,16950,113951,0.002958579881656709
2025-01-03,16830,17710,16730,17620,102237,0.03952802359882002
2025-01-06,17800,18500,17500,18500,100700,0.049943246311010325
2025-01-07,18770,18770,17250,17920,155654,-0.031351351351351364
2025-01-08,17900,18740,17600,18520,108748,0.033482142857142794
2025-01-09,18800,19000,18150,18970,70632,0.024298056155507508
2025-01-10,18820,18960,18340,18720,72240,-0.013178703215603549
2025-01-13,18680,18810,17970,17970,93253,-0.04006410256410253
2025-01-14,18000,18100,17510,17950,26754,-0.0011129660545353692
2025-01-15,17870,17880,17120,17490,84523,-0.025626740947075177
2025-01-16,17550,19380,17550,19270,463804,0.1017724413950829
2025-01-17,19270,20200,19230,19600,138338,0.01712506486766996
2025-01-20,19600,20750,19600,20100,164771,0.025510204081632626
2025-01-21,19980,21800,19980,21200,272971,0.054726368159204064
2025-01-22,21050,22100,20850,21600,84202,0.018867924528301883
2025-01-23,21550,21900,21150,21500,30593,-0.00462962962962965
2025-01-24,21500,21950,21100,21600,36517,0.0046511627906977715
2025-01-31,21600,21600,20350,21000,51842,-0.02777777777777779
2025-02-03,20650,20750,19850,19950,42447,-0.050000000000000044
2025-02-04,19950,20600,19860,20400,35197,0.022556390977443552
2025-02-05,20900,21350,20200,21250,59383,0.04166666666666674
2025-02-06,21250,22650,21100,22500,120925,0.05882352941176472
2025-02-07,22450,22700,21700,22700,40676,0.008888888888888946
2025-02-10,22800,23100,22150,22500,52146,-0.008810572687224627
2025-02-11,23050,23150,22350,22800,44909,0.01333333333333342
2025-02-12,22800,24600,22800,24500,185458,0.07456140350877183
2025-02-13,24600,25250,24400,24950,65661,0.01836734693877551
2025-02-14,25100,25500,24400,25000,61446,0.002004008016031955
2025-02-17,25000,26500,25000,26250,69478,0.050000000000000044
2025-02-18,26550,27300,25500,26400,57543,0.005714285714285783
2025-02-19,26500,26900,26000,26650,68381,0.009469696969697017
2025-02-20,27000,27000,24350,24800,193245,-0.06941838649155718
2025-02-21,24800,26650,23500,26200,395610,0.056451612903225756
2025-02-24,26600,26600,24500,25350,90614,-0.03244274809160308
2025-02-25,24900,25350,24650,24950,134303,-0.015779092702169595
2025-02-26,24800,28650,24800,28600,350484,0.14629258517034072
2025-02-27,28200,29750,27550,28900,142646,0.010489510489510412
2025-02-28,28850,29750,28000,29450,125300,0.01903114186851207
2025-03-04,28900,29400,27650,28850,60366,-0.02037351443123936
2025-03-05,28850,29400,28500,29400,58801,0.01906412478336228
2025-03-06,29850,29900,28250,28850,35305,-0.018707482993197244
2025-03-07,28100,28950,27750,28550,33811,-0.010398613518197597
2025-03-10,28100,28650,27450,28500,55517,-0.0017513134851138146
2025-03-11,27400,28350,26950,28350,44802,-0.0052631578947368585
2025-03-12,28200,28900,27900,28800,28021,0.015873015873015817
2025-03-13,28850,29400,28250,29000,40586,0.00694444444444442
2025-03-14,28350,29850,27950,28300,45529,-0.024137931034482807
2025-03-17,28200,28400,27000,27850,43903,-0.01590106007067138
2025-03-18,27750,28450,27550,27700,27243,-0.0053859964093356805
2025-03-19,27600,28400,27050,28050,42681,0.012635379061371799
2025-03-20,27950,28700,27500,27850,31199,-0.007130124777183555
2025-03-21,27800,27800,26000,26750,78797,-0.03949730700179532
2025-03-24,26400,28200,26400,27950,70153,0.04485981308411224
2025-03-25,27650,27950,26300,27400,56499,-0.019677996422182487
2025-03-26,27400,27400,26500,27000,38363,-0.014598540145985384
2025-03-27,26850,26850,25800,26200,35863,-0.029629629629629672
2025-03-28,26200,26200,24900,26000,55593,-0.007633587786259555
2025-03-31,25350,25900,24800,25850,28951,-0.005769230769230749
2025-04-01,25850,27600,25100,27300,86504,0.05609284332688591
2025-04-02,27400,27750,26550,27150,36941,-0.005494505494505475
2025-04-03,27150,28400,26550,28200,74064,0.03867403314917128
2025-04-04,28200,28450,26500,27700,56814,-0.01773049645390068
2025-04-07,26550,27250,23900,25650,76356,-0.07400722021660655
2025-04-08,25850,26500,24700,25100,51026,-0.021442495126705707
2025-04-09,24700,25400,24000,24700,60837,-0.015936254980079667
2025-04-10,25550,27000,25200,26550,49522,0.07489878542510131
2025-04-11,26300,26600,25700,26250,7219,-0.011299435028248594
2025-04-14,26600,27800,26600,27600,26471,0.05142857142857138
2025-04-15,27550,28600,27550,28550,30024,0.034420289855072506
2025-04-16,28800,29350,28250,28800,28963,0.008756567425569184
2025-04-17,28800,28950,28000,28800,15128,0.0
2025-04-18,29300,29550,28400,28800,29819,0.0
2025-04-21,28850,30850,28650,30400,108202,0.05555555555555558
2025-04-22,29800,30800,29800,30800,45317,0.013157894736842035
2025-04-23,30950,30950,30100,30800,39058,0.0
2025-04-24,30750,30900,30300,30750,16462,-0.0016233766233766378
2025-04-25,30450,30800,30050,30300,19550,-0.014634146341463428
2025-04-28,30350,30600,29250,29650,28819,-0.021452145214521434
2025-04-29,29650,30200,29250,29450,23524,-0.006745362563237767
2025-04-30,28900,28900,26400,27450,241816,-0.06791171477079794
2025-05-02,27450,28850,26900,28550,92242,0.04007285974499086
2025-05-07,28600,29000,27650,28250,26918,-0.010507880910682998
2025-05-08,28250,29200,28250,29200,30891,0.03362831858407089
2025-05-09,29150,29900,28800,29450,30339,0.008561643835616417
2025-05-12,29450,29850,29050,29300,21231,-0.005093378607809895
2025-05-13,29700,32250,28500,31800,189898,0.0853242320819112
2025-05-14,31350,31900,30900,31250,37774,-0.01729559748427678
2025-05-15,31250,31650,30000,31150,38016,-0.0031999999999999806
2025-05-16,31050,31150,29850,30500,35903,-0.020866773675762396
2025-05-19,30500,31150,29650,30600,25939,0.003278688524590123
2025-05-20,30700,31500,30500,31200,31756,0.019607843137254832
2025-05-21,31500,31500,30100,31150,40214,-0.0016025641025640969
2025-05-22,31050,31050,29450,29550,21404,-0.051364365971107495
2025-05-23,29550,31100,29000,30900,20115,0.045685279187817285
2025-05-26,30900,31900,30900,31900,45852,0.032362459546925626
2025-05-27,31900,32950,31600,31900,13454,0.0
2025-05-28,32400,32400,31200,31400,15733,-0.01567398119122254
2025-05-29,31650,31650,30550,30900,19913,-0.015923566878980888
2025-05-30,30850,31000,29750,30000,22842,-0.029126213592232997
2025-06-02,29850,31200,29650,31000,18782,0.03333333333333344
2025-06-04,31100,31500,30800,31250,19501,0.008064516129032251
2025-06-05,31200,31550,30800,31000,18821,-0.008000000000000007
2025-06-09,31000,31200,29450,30650,43654,-0.011290322580645107
2025-06-10,30900,30900,29250,29650,36132,-0.03262642740619903
2025-06-11,29800,30450,29400,29850,19223,0.006745362563237878
2025-06-12,29500,33400,29500,32900,182329,0.102177554438861
2025-06-13,32900,33500,31750,33000,68762,0.003039513677811634
2025-06-16,33100,35600,33100,35600,180454,0.07878787878787885
2025-06-17,35800,37200,35350,36450,64843,0.023876404494381998
2025-06-18,36750,37350,36200,36900,57819,0.012345679012345734
2025-06-19,37300,37450,36300,37250,22521,0.009485094850948617
2025-06-20,37250,37500,36500,37400,16824,0.00402684563758382
2025-06-23,37050,37500,36100,37150,21791,-0.006684491978609652
2025-06-24,37500,37500,35950,37200,50509,0.0013458950201883368
2025-06-25,37150,38300,36450,38050,43706,0.02284946236559149
2025-06-26,38100,38500,37150,38450,33569,0.010512483574244502
2025-06-27,38450,38450,36850,37200,30259,-0.032509752925877766
2025-06-30,37200,37400,36250,36450,13702,-0.020161290322580627
2025-07-01,36100,36600,35100,35100,20198,-0.03703703703703709
2025-07-02,35350,35350,33750,34400,36967,-0.019943019943019946
2025-07-03,34400,34400,33300,33600,40653,-0.023255813953488413
2025-07-04,33700,33700,32650,33300,36958,-0.008928571428571397
2025-07-07,33250,34800,32600,34350,38989,0.03153153153153143
2025-07-08,34400,37600,33750,36800,60110,0.07132459970887917
2025-07-09,36800,37600,35900,37300,38450,0.013586956521739024
2025-07-10,37250,38300,37200,38150,35682,0.02278820375335111
2025-07-11,38300,40600,38100,40300,93177,0.056356487549148016
2025-07-14,40300,42000,39700,39900,30697,-0.00992555831265507
2025-07-15,39600,41400,39500,40600,22062,0.01754385964912286
2025-07-16,41000,43800,41000,43000,87975,0.059113300492610765
2025-07-17,42900,46000,42600,44450,60395,0.033720930232558066
2025-07-18,44450,45200,43100,44200,22709,-0.0056242969628796935
2025-07-21,44200,45800,43750,44650,22637,0.010180995475113086
2025-07-22,43900,45250,43050,44050,43595,-0.013437849944008984
2025-07-23,43950,43950,42700,43500,23904,-0.012485811577752526
2025-07-24,42600,43950,40200,41550,83509,-0.04482758620689653
2025-07-25,41550,42000,40650,41700,19078,0.0036101083032491488
2025-07-28,41700,42500,40400,41750,41245,0.0011990407673860837
2025-07-29,41800,43800,41150,43700,47265,0.04670658682634721
2025-07-30,43500,44200,42600,43300,27778,-0.009153318077803174
2025-07-31,43100,44600,42700,44300,19018,0.023094688221708903
2025-08-01,43500,43750,42100,42150,23815,-0.048532731376975224
2025-08-04,42150,42900,41700,42250,18398,0.0023724792408066353
2025-08-05,42200,42950,41200,42000,20727,-0.00591715976331364
2025-08-06,42000,42500,41750,41900,11651,-0.0023809523809523725
2025-08-07,42000,42650,41650,42400,7649,0.01193317422434359
2025-08-08,42050,42750,41650,42250,15592,-0.003537735849056589
2025-08-11,42400,42600,40700,41100,17413,-0.02721893491124261
2025-08-12,40700,42300,39200,40700,29259,-0.009732360097323589
2025-08-13,41250,41850,40450,40750,14134,0.0012285012285011554
2025-08-14,40500,42750,40100,42100,22667,0.03312883435582825
2025-08-18,41850,44000,41050,42250,66065,0.0035629453681709222
2025-08-19,42300,42700,40100,41700,55044,-0.013017751479289963
2025-08-20,40950,40950,36100,40500,108519,-0.02877697841726623
2025-08-21,40350,40550,39300,39850,16256,-0.016049382716049387
2025-08-22,39800,40850,38850,39900,22948,0.0012547051442910462
2025-08-25,40100,40900,39000,39250,18511,-0.016290726817042578
2025-08-26,38850,39100,38150,38850,10473,-0.010191082802547768
2025-08-27,38850,40450,38200,39850,31928,0.025740025740025763
2025-08-28,40450,40450,39550,39900,11190,0.0012547051442910462
2025-08-29,40450,41000,39300,39700,11717,-0.005012531328320802
2025-09-01,39700,39900,37450,38300,12720,-0.035264483627204024
2025-09-02,38300,38300,36550,37100,35011,-0.031331592689295085
2025-09-03,37000,37900,36400,37750,18562,0.017520215633423097
2025-09-04,37750,38650,37500,37550,12697,-0.005298013245033095
2025-09-05,37650,38200,36750,37400,11817,-0.003994673768308976
2025-09-08,37350,38100,36750,37350,17542,-0.0013368983957219305
2025-09-09,37350,37650,36650,37100,12441,-0.00669344042838016
2025-09-10,37100,37900,36700,37400,13404,0.008086253369272267
