Date,Open,High,Low,Close,Volume,Change
2022-01-03,8820,8840,8590,8680,472732,0.003468208092485492
2022-01-04,8780,9080,8750,8790,1162206,0.012672811059907918
2022-01-05,8750,8870,8510,8580,506723,-0.023890784982935176
2022-01-06,8400,8550,8220,8240,462154,-0.03962703962703962
2022-01-07,8370,8430,8270,8330,213225,0.010922330097087318
2022-01-10,8340,8530,8220,8390,294950,0.007202881152460927
2022-01-11,8430,8480,8230,8240,201764,-0.017878426698450522
2022-01-12,8320,8340,7920,8100,437109,-0.016990291262135915
2022-01-13,8060,8100,7930,8010,573131,-0.011111111111111072
2022-01-14,9140,9520,8830,8960,12795507,0.11860174781523103
2022-01-17,9190,9650,9150,9410,9984358,0.05022321428571419
2022-01-18,9540,9550,8940,9020,2343128,-0.0414452709883103
2022-01-19,8830,8960,8520,8560,1787247,-0.0509977827050998
2022-01-20,8630,8760,8140,8530,1918542,-0.003504672897196248
2022-01-21,8370,8480,8150,8180,877775,-0.041031652989449
2022-01-24,8140,8160,7820,7840,629291,-0.041564792176039145
2022-01-25,7900,7970,7200,7360,1103627,-0.061224489795918324
2022-01-26,7350,7540,7320,7400,392251,0.005434782608695565
2022-01-27,7490,7700,7370,7380,535596,-0.002702702702702675
2022-01-28,7450,7860,7380,7850,563115,0.06368563685636852
2022-02-03,7980,8020,7790,7800,354599,-0.006369426751592355
2022-02-04,7750,7920,7720,7910,261668,0.014102564102564052
2022-02-07,7870,7870,7670,7770,278200,-0.017699115044247815
2022-02-08,7680,7810,7590,7650,347677,-0.015444015444015413
2022-02-09,7780,7840,7690,7710,146812,0.007843137254901933
2022-02-10,7770,7770,7540,7550,233680,-0.02075226977950717
2022-02-11,7490,7520,7360,7370,236772,-0.02384105960264904
2022-02-14,7210,7290,7060,7070,329101,-0.04070556309362283
2022-02-15,7080,7160,7010,7150,174933,0.011315417256011262
2022-02-16,7180,7340,7180,7330,152593,0.025174825174825166
2022-02-17,7330,7440,7110,7280,257944,-0.006821282401091366
2022-02-18,7090,7300,7090,7270,129373,-0.0013736263736263687
2022-02-21,7150,7230,7080,7200,144238,-0.009628610729023435
2022-02-22,7070,7240,7060,7100,197321,-0.01388888888888884
2022-02-23,7170,7210,7080,7210,120564,0.015492957746478853
2022-02-24,7140,7170,6880,6900,313114,-0.04299583911234395
2022-02-25,7020,7080,6940,6970,217724,0.010144927536231974
2022-02-28,6960,7060,6940,7040,88295,0.010043041606886627
2022-03-02,6980,7140,6950,7120,85520,0.011363636363636465
2022-03-03,7160,7310,7130,7250,132165,0.018258426966292207
2022-03-04,7250,7300,7110,7150,112596,-0.01379310344827589
2022-03-07,7120,7120,6920,6950,175318,-0.027972027972028024
2022-03-08,6810,6980,6800,6860,112848,-0.012949640287769792
2022-03-10,6950,7030,6890,6910,87393,0.007288629737609353
2022-03-11,6880,6970,6810,6910,123895,0.0
2022-03-14,6900,6900,6770,6790,130289,-0.01736613603473225
2022-03-15,6790,6820,6510,6520,233553,-0.03976435935198819
2022-03-16,6600,6670,6520,6650,92734,0.019938650306748462
2022-03-17,6780,6950,6770,6910,168090,0.03909774436090219
2022-03-18,6910,7040,6860,7020,130104,0.01591895803183796
2022-03-21,7040,7090,6920,6930,122383,-0.012820512820512775
2022-03-22,6900,6960,6870,6950,109136,0.0028860028860029363
2022-03-23,6980,7050,6970,7000,135406,0.007194244604316502
2022-03-24,6930,7020,6880,6940,104070,-0.008571428571428563
2022-03-25,7000,7000,6850,6860,137070,-0.011527377521613813
2022-03-28,6860,6870,6720,6780,138725,-0.011661807580174877
2022-03-29,6810,6840,6780,6820,88682,0.005899705014749346
2022-03-30,6840,6910,6810,6860,128221,0.0058651026392961825
2022-03-31,6840,6890,6800,6870,71007,0.001457725947521915
2022-04-01,6850,6850,6760,6780,166443,-0.013100436681222738
2022-04-04,6850,6850,6700,6770,105369,-0.001474926253687281
2022-04-05,6820,7350,6760,6880,667593,0.01624815361890697
2022-04-06,6880,6940,6770,6930,144988,0.007267441860465018
2022-04-07,6870,6930,6830,6840,104354,-0.012987012987012991
2022-04-08,6870,6890,6790,6800,83644,-0.005847953216374324
2022-04-11,6920,7610,6850,7210,5061498,0.06029411764705883
2022-04-12,7180,7190,7000,7090,430054,-0.01664355062413314
2022-04-13,7090,7170,7010,7130,264116,0.005641748942172065
2022-04-14,7150,7440,7140,7310,541290,0.02524544179523147
2022-04-15,7370,7380,7230,7360,286851,0.0068399452804377425
2022-04-18,7360,7360,7160,7200,200878,-0.021739130434782594
2022-04-19,7160,7270,7160,7230,133224,0.004166666666666652
2022-04-20,7200,7290,7190,7240,139378,0.0013831258644536604
2022-04-21,7200,7300,7130,7170,163997,-0.00966850828729282
2022-04-22,7090,7140,6890,7050,250617,-0.01673640167364021
2022-04-25,6910,6960,6830,6830,169190,-0.031205673758865293
2022-04-26,6850,6950,6850,6880,94241,0.007320644216691097
2022-04-27,6670,6800,6670,6780,119921,-0.014534883720930258
2022-04-28,6860,6860,6700,6720,74882,-0.008849557522123908
2022-04-29,6850,6850,6760,6830,70739,0.016369047619047672
2022-05-02,6780,6920,6760,6910,70278,0.01171303074670571
2022-05-03,6910,6980,6890,6900,71393,-0.0014471780028944004
2022-05-04,6910,7000,6860,6920,111328,0.0028985507246377384
2022-05-06,6820,6900,6770,6780,134227,-0.020231213872832332
2022-05-09,6760,6780,6610,6660,99153,-0.017699115044247815
2022-05-10,6490,6630,6270,6510,188071,-0.022522522522522515
2022-05-11,6500,6510,6340,6490,80802,-0.003072196620583667
2022-05-12,6350,6440,6190,6210,163368,-0.04314329738058553
2022-05-13,6200,6340,6200,6280,71184,0.011272141706924366
2022-05-16,6330,6360,6240,6240,60294,-0.006369426751592355
2022-05-17,6260,6420,6180,6360,92728,0.019230769230769162
2022-05-18,6410,6490,6310,6330,84347,-0.004716981132075526
2022-05-19,6190,6300,6100,6200,97323,-0.020537124802527673
2022-05-20,6210,6330,6210,6280,51198,0.012903225806451646
2022-05-23,6380,6450,6270,6290,86030,0.0015923566878981443
2022-05-24,6290,6300,6160,6190,72806,-0.015898251192368873
2022-05-25,6160,6230,6110,6140,103901,-0.008077544426494332
2022-05-26,6140,6260,6100,6120,81067,-0.0032573289902280145
2022-05-27,6160,6210,6110,6120,66213,0.0
2022-05-30,6200,6210,6130,6190,82157,0.011437908496731986
2022-05-31,6190,6250,6170,6250,71700,0.009693053311793154
2022-06-02,6220,6240,6150,6160,65968,-0.014399999999999968
2022-06-03,6180,6200,6150,6180,50214,0.0032467532467532756
2022-06-07,6160,6170,5990,6010,152619,-0.027508090614886682
2022-06-08,6120,7790,6060,7400,11012763,0.2312811980033278
2022-06-09,7900,7910,7030,7080,9840728,-0.043243243243243246
2022-06-10,7010,7350,6910,6930,2963480,-0.021186440677966156
2022-06-13,7120,7200,6640,6640,2078975,-0.0418470418470418
2022-06-14,6410,6570,6280,6570,953848,-0.010542168674698815
2022-06-15,6420,6550,6100,6100,694241,-0.07153729071537296
2022-06-16,6310,6450,6050,6050,594592,-0.008196721311475419
2022-06-17,5960,5960,5680,5920,439079,-0.02148760330578514
2022-06-20,5940,5940,5300,5410,561884,-0.08614864864864868
2022-06-21,5370,5460,5240,5400,285253,-0.001848428835489857
2022-06-22,5420,5500,5000,5400,389135,0.0
2022-06-23,5310,5370,4985,5190,379025,-0.03888888888888886
2022-06-24,5160,5650,5050,5420,584088,0.044315992292870865
2022-06-27,5420,5590,5260,5550,411918,0.023985239852398532
2022-06-28,5550,5570,5320,5550,266259,0.0
2022-06-29,5400,5710,5370,5590,339363,0.007207207207207134
2022-06-30,5560,5560,5300,5390,228995,-0.035778175313059046
2022-07-01,5360,5410,5100,5350,206364,-0.007421150278293154
2022-07-04,5320,5370,5140,5340,169456,-0.0018691588785046953
2022-07-05,5290,5380,5230,5340,274647,0.0
2022-07-06,5360,5360,5230,5280,137018,-0.011235955056179803
2022-07-07,5290,5360,5230,5240,298000,-0.007575757575757569
2022-07-08,5320,5640,5230,5340,688355,0.01908396946564883
2022-07-11,5340,5350,5210,5310,209455,-0.005617977528089901
2022-07-12,5230,5250,5100,5240,182178,-0.013182674199623379
2022-07-13,5220,5260,5110,5240,146249,0.0
2022-07-14,5200,5240,5130,5220,98164,-0.003816793893129722
2022-07-15,5200,5250,5110,5220,108202,0.0
2022-07-18,5240,5300,5210,5240,290564,0.003831417624521105
2022-07-19,5200,5350,5180,5330,189228,0.01717557251908386
2022-07-20,5390,5430,5340,5350,187047,0.0037523452157599557
2022-07-21,5420,5450,5370,5400,113974,0.009345794392523255
2022-07-22,5410,5450,5330,5330,154690,-0.012962962962962954
2022-07-25,5280,5380,5260,5340,104973,0.0018761726078799779
2022-07-26,5300,5420,5300,5340,74772,0.0
2022-07-27,5320,5380,5310,5370,62717,0.00561797752808979
2022-07-28,5400,5540,5380,5450,122143,0.014897579143389184
2022-07-29,5460,5510,5410,5430,123883,-0.003669724770642202
2022-08-01,5440,5500,5420,5480,125927,0.009208103130755152
2022-08-02,5500,5510,5410,5430,105586,-0.009124087591240837
2022-08-03,5510,5960,5510,5650,2424950,0.04051565377532218
2022-08-04,5690,5720,5610,5660,169696,0.001769911504424737
2022-08-05,5630,5840,5630,5770,371139,0.019434628975264934
2022-08-08,5740,5890,5650,5760,231183,-0.0017331022530329143
2022-08-09,5800,5800,5640,5730,160118,-0.00520833333333337
2022-08-10,5700,5700,5550,5550,164345,-0.03141361256544506
2022-08-11,5580,5670,5580,5620,69388,0.012612612612612706
2022-08-12,5620,5680,5610,5650,100389,0.005338078291814874
2022-08-16,5720,5720,5630,5630,92033,-0.0035398230088495852
2022-08-17,5490,5490,5060,5200,402298,-0.07637655417406752
2022-08-18,5200,5230,5170,5200,78097,0.0
2022-08-19,5300,5340,5230,5240,84587,0.007692307692307665
2022-08-22,5230,5230,5110,5110,159187,-0.024809160305343525
2022-08-23,5100,5100,5020,5030,95230,-0.015655577299412915
2022-08-24,5060,5120,5020,5080,102514,0.00994035785288272
2022-08-25,5510,5790,5200,5240,709988,0.03149606299212593
2022-08-26,5250,5310,5160,5160,108736,-0.01526717557251911
2022-08-29,5020,5080,5000,5040,84668,-0.023255813953488413
2022-08-30,5060,5190,5060,5170,65933,0.025793650793650702
2022-08-31,5110,5320,5080,5280,137665,0.02127659574468077
2022-09-01,5280,5340,5120,5120,118141,-0.030303030303030276
2022-09-02,5150,5230,5100,5170,78115,0.009765625
2022-09-05,5160,5160,5010,5030,121729,-0.027079303675048405
2022-09-06,5030,5110,5030,5080,53179,0.00994035785288272
2022-09-07,5070,5080,4985,4990,94605,-0.017716535433070835
2022-09-08,5020,5090,4995,5000,61878,0.002004008016031955
2022-09-13,5030,5150,5030,5140,94512,0.028000000000000025
2022-09-14,4950,5100,4950,5060,75613,-0.015564202334630295
2022-09-15,5090,5120,5000,5030,40327,-0.005928853754940677
2022-09-16,5030,5150,4935,4990,153865,-0.007952286282306154
2022-09-19,5000,5050,4830,4830,95692,-0.03206412825651306
2022-09-20,4920,4935,4835,4870,42708,0.008281573498964745
2022-09-21,4815,5260,4815,5020,468429,0.030800821355236208
2022-09-22,5030,5160,4960,5030,145177,0.0019920318725099584
2022-09-23,5090,5090,4850,4975,133720,-0.010934393638170947
2022-09-26,4830,4950,4600,4605,135442,-0.07437185929648238
2022-09-27,4560,4640,4370,4465,130754,-0.030401737242128135
2022-09-28,4550,4685,4120,4430,230913,-0.007838745800671898
2022-09-29,4550,4550,4225,4225,80613,-0.04627539503386002
2022-09-30,4120,4190,3950,4055,174549,-0.04023668639053257
2022-10-04,4070,4310,4070,4245,122083,0.04685573366214557
2022-10-05,4265,4375,4080,4115,71690,-0.03062426383981154
2022-10-06,4110,4735,4110,4340,1107218,0.054678007290400954
2022-10-07,4300,4370,4240,4300,104711,-0.009216589861751112
2022-10-11,4215,4215,3995,4000,139055,-0.06976744186046513
2022-10-12,3985,4020,3730,4000,77465,0.0
2022-10-13,3895,4000,3715,3795,183800,-0.05125000000000002
2022-10-14,3840,3940,3830,3930,84591,0.035573122529644285
2022-10-17,3810,3970,3810,3930,70673,0.0
2022-10-18,4090,4090,3965,4050,101825,0.03053435114503822
2022-10-19,4020,4075,3970,4045,56396,-0.0012345679012345512
2022-10-20,3960,4060,3905,3920,56784,-0.030902348578491945
2022-10-21,3910,3925,3830,3895,49582,-0.0063775510204081565
2022-10-24,4065,4070,3895,3895,89407,0.0
2022-10-25,3895,3970,3885,3950,64721,0.01412066752246477
2022-10-26,3950,3970,3840,3950,73695,0.0
2022-10-27,3915,3960,3870,3950,47873,0.0
2022-10-28,3920,3950,3850,3940,45889,-0.0025316455696202667
2022-10-31,3975,3975,3850,3930,55955,-0.0025380710659898
2022-11-01,3880,3985,3880,3970,71320,0.010178117048346147
2022-11-02,3970,3970,3910,3940,45777,-0.007556675062972307
2022-11-03,3855,3935,3850,3930,45627,-0.0025380710659898
2022-11-04,3885,3925,3855,3920,42099,-0.0025445292620864812
2022-11-07,3960,3985,3910,3970,61017,0.012755102040816313
2022-11-08,3960,4075,3960,4065,124873,0.023929471032745564
2022-11-09,4085,4140,4060,4100,112741,0.008610086100861114
2022-11-10,4055,4065,4000,4060,42246,-0.009756097560975618
2022-11-11,4165,4165,4050,4095,108126,0.008620689655172376
2022-11-14,4110,4200,4080,4130,96559,0.008547008547008517
2022-11-15,4110,4170,4100,4160,83397,0.007263922518159882
2022-11-16,4195,4195,4065,4105,45857,-0.013221153846153855
2022-11-17,4125,4125,3995,3995,71707,-0.02679658952496955
2022-11-18,4000,4060,3985,4005,43558,0.0025031289111390187
2022-11-21,4065,4065,3855,3885,85138,-0.029962546816479363
2022-11-22,3935,3935,3810,3880,48020,-0.0012870012870013214
2022-11-23,3895,3975,3865,3925,54555,0.011597938144329856
2022-11-24,3935,4010,3930,4005,58710,0.020382165605095537
2022-11-25,4010,4050,3995,4000,50492,-0.0012484394506866447
2022-11-28,4010,4030,3840,3905,69438,-0.02375000000000005
2022-11-29,3905,3920,3840,3910,60090,0.001280409731113874
2022-11-30,3955,4010,3880,3985,54658,0.019181585677749302
2022-12-01,4015,4045,3990,4030,60683,0.01129234629861986
2022-12-02,4030,4475,3960,4085,932519,0.013647642679900818
2022-12-05,4100,4115,4000,4010,66795,-0.01835985312117505
2022-12-06,4030,4030,3880,3890,91188,-0.029925187032418976
2022-12-07,3910,4190,3835,4080,329242,0.04884318766066831
2022-12-08,4080,4100,3925,3930,85773,-0.03676470588235292
2022-12-09,3955,4195,3940,3955,215513,0.006361323155216203
2022-12-12,3960,4040,3940,3995,55477,0.010113780025284402
2022-12-13,3960,4020,3930,3930,73876,-0.016270337922402955
2022-12-14,3930,3970,3915,3935,57503,0.0012722646310432406
2022-12-15,3970,4060,3930,4000,98804,0.016518424396442244
2022-12-16,3930,3970,3900,3925,87195,-0.018750000000000044
2022-12-19,3890,3930,3880,3885,43529,-0.010191082802547768
2022-12-20,3865,3895,3775,3775,89964,-0.028314028314028294
2022-12-21,3780,3890,3725,3890,74815,0.030463576158940464
2022-12-22,3855,3890,3790,3790,68347,-0.02570694087403602
2022-12-23,3775,3855,3635,3850,232831,0.0158311345646438
2022-12-26,3850,3920,3715,3810,101020,-0.010389610389610393
2022-12-27,3760,3780,3660,3750,189036,-0.015748031496062964
2022-12-28,3725,3750,3635,3750,271854,0.0
2022-12-29,3700,3740,3620,3665,81008,-0.022666666666666613
2023-01-02,3630,3690,3450,3460,126493,-0.05593451568894947
2023-01-03,3430,3480,3100,3480,124729,0.005780346820809301
2023-01-04,3430,3550,3315,3520,61881,0.011494252873563315
2023-01-05,3480,3560,3480,3530,20981,0.0028409090909091717
2023-01-06,3490,3590,3400,3575,50132,0.012747875354107707
2023-01-09,3580,3630,3550,3620,86357,0.012587412587412583
2023-01-10,3600,3650,3585,3635,67992,0.004143646408839796
2023-01-11,3635,3740,3635,3690,90394,0.015130674002751032
2023-01-12,3680,3745,3655,3700,49590,0.0027100271002709064
2023-01-13,3680,3745,3675,3705,56219,0.0013513513513514486
2023-01-16,3865,3870,3700,3715,141460,0.0026990553306343035
2023-01-17,3715,3830,3670,3690,96501,-0.006729475100942128
2023-01-18,3720,3755,3625,3745,84622,0.01490514905149043
2023-01-19,3740,3745,3630,3680,60757,-0.01735647530040052
2023-01-20,3680,3685,3630,3685,47556,0.0013586956521738358
2023-01-25,3690,3780,3675,3780,86096,0.02578018995929443
2023-01-26,3765,3800,3725,3775,64149,-0.001322751322751281
2023-01-27,3760,3830,3760,3785,77811,0.0026490066225166586
2023-01-30,3800,3850,3790,3820,59273,0.009247027741083214
2023-01-31,3860,3860,3715,3785,42839,-0.009162303664921434
2023-02-01,3785,3835,3760,3810,50396,0.006605019815059343
2023-02-02,3835,3890,3815,3880,88626,0.018372703412073532
2023-02-03,3885,3960,3855,3940,96117,0.015463917525773141
2023-02-06,3940,3950,3865,3875,52221,-0.016497461928933976
2023-02-07,3880,3940,3865,3925,59871,0.012903225806451646
2023-02-08,3920,4005,3920,4005,121263,0.020382165605095537
2023-02-09,3980,4050,3945,4025,92579,0.004993757802746579
2023-02-10,4015,4015,3900,3915,68417,-0.027329192546583836
2023-02-13,3900,3990,3800,3975,91115,0.015325670498084198
2023-02-14,3975,3975,3875,3920,86171,-0.01383647798742138
2023-02-15,3925,3950,3760,3840,104077,-0.020408163265306145
2023-02-16,3840,3895,3840,3870,53330,0.0078125
2023-02-17,3830,3870,3765,3810,51523,-0.015503875968992276
2023-02-20,3765,3900,3700,3785,107451,-0.006561679790026198
2023-02-21,3825,3825,3750,3760,33376,-0.006605019815059454
2023-02-22,3725,3725,3600,3605,118125,-0.04122340425531912
2023-02-23,3565,3635,3565,3605,54670,0.0
2023-02-24,3625,3635,3540,3550,65507,-0.015256588072122046
2023-02-27,3550,3675,3405,3625,198337,0.021126760563380254
2023-02-28,3650,3670,3590,3615,96470,-0.0027586206896551557
2023-03-02,3580,3600,3490,3500,105623,-0.0318118948824343
2023-03-03,3495,3535,3455,3485,78665,-0.004285714285714337
2023-03-06,3485,3485,3355,3400,112664,-0.024390243902439046
2023-03-07,3440,3510,3410,3510,159947,0.032352941176470695
2023-03-08,3475,3495,3380,3420,67442,-0.02564102564102566
2023-03-09,3450,3450,3335,3350,85848,-0.020467836257309968
2023-03-10,3320,3340,3205,3315,115997,-0.010447761194029903
2023-03-13,3220,3315,3195,3305,78814,-0.003016591251885359
2023-03-14,3235,3300,3065,3070,169839,-0.07110438729198187
2023-03-15,3100,3300,3100,3300,167605,0.07491856677524433
2023-03-16,3280,3285,3190,3280,115539,-0.0060606060606061
2023-03-17,3290,3440,3255,3440,125243,0.04878048780487809
2023-03-20,3440,3440,3310,3395,109996,-0.013081395348837233
2023-03-21,3450,3450,3315,3385,88557,-0.002945508100147265
2023-03-22,3360,3385,3255,3335,103935,-0.01477104874446089
2023-03-23,3300,3320,3245,3290,106615,-0.013493253373313308
2023-03-24,3280,3400,3250,3330,88989,0.012158054711246091
2023-03-27,3320,3350,3260,3285,92105,-0.013513513513513487
2023-03-28,3285,3415,3265,3400,75424,0.035007610350076046
2023-03-29,3415,3420,3310,3325,52850,-0.022058823529411797
2023-03-30,3340,3400,3300,3380,66049,0.016541353383458635
2023-03-31,3395,3415,3320,3350,59355,-0.00887573964497046
2023-04-03,3360,3360,3245,3245,76972,-0.0313432835820896
2023-04-04,3215,3285,3210,3215,75008,-0.009244992295839749
2023-04-05,3215,3255,3200,3245,68818,0.009331259720062102
2023-04-06,3200,3200,3085,3150,207699,-0.02927580893682591
2023-04-07,3150,3170,3130,3130,93977,-0.006349206349206327
2023-04-10,3100,3120,2955,2990,242412,-0.04472843450479236
2023-04-11,2990,3030,2930,3010,103414,0.006688963210702337
2023-04-12,3010,3100,2950,3075,142440,0.021594684385382035
2023-04-13,3080,3095,3020,3035,70344,-0.013008130081300862
2023-04-14,3035,3070,3020,3060,91137,0.008237232289950658
2023-04-17,3060,3060,2995,3020,99658,-0.013071895424836555
2023-04-18,2995,3075,2970,2985,90930,-0.011589403973509937
2023-04-19,2980,3025,2970,3005,96645,0.00670016750418756
2023-04-20,3000,3000,2885,2885,162846,-0.03993344425956735
2023-04-21,2885,2945,2825,2910,126298,0.008665511265164572
2023-04-24,2880,2900,2805,2895,113084,-0.005154639175257714
2023-04-25,2835,2890,2810,2890,91716,-0.0017271157167529916
2023-04-26,2865,2935,2845,2850,90597,-0.01384083044982698
2023-04-27,2875,2875,2750,2850,79908,0.0
2023-04-28,2865,2870,2780,2845,91448,-0.0017543859649122862
2023-05-02,2845,2895,2840,2860,73679,0.005272407732864748
2023-05-03,2870,2890,2835,2855,43159,-0.0017482517482517723
2023-05-04,2860,2865,2780,2800,66459,-0.019264448336252182
2023-05-08,2805,2875,2800,2840,112810,0.014285714285714235
2023-05-09,2850,2850,2790,2805,37238,-0.01232394366197187
2023-05-10,2815,2835,2785,2830,32424,0.00891265597147961
2023-05-11,2850,2855,2810,2845,34086,0.005300353356890497
2023-05-12,2865,2865,2790,2845,58669,0.0
2023-05-15,2860,2955,2780,2925,54053,0.02811950790861162
2023-05-16,2940,2950,2775,2845,97732,-0.027350427350427364
2023-05-17,2845,3100,2820,3000,787039,0.054481546572934914
2023-05-18,3015,3035,2985,3025,124935,0.008333333333333304
2023-05-19,3030,3140,3025,3090,135045,0.02148760330578514
2023-05-22,3115,3165,3060,3140,97437,0.016181229773462702
2023-05-23,3190,3190,3100,3165,63456,0.0079617834394905
2023-05-24,3160,3165,3100,3105,62962,-0.018957345971563955
2023-05-25,3070,3150,3070,3100,47582,-0.0016103059581320522
2023-05-26,3100,3140,3000,3040,90930,-0.01935483870967747
2023-05-30,3060,3190,3045,3170,136981,0.04276315789473695
2023-05-31,3190,3195,2960,3100,90395,-0.02208201892744477
2023-06-01,3035,3095,3035,3045,41865,-0.01774193548387093
2023-06-02,3055,3085,3040,3075,53694,0.009852216748768461
2023-06-05,3045,3140,3045,3120,81254,0.014634146341463428
2023-06-07,3180,3200,3070,3070,101173,-0.01602564102564108
2023-06-08,3040,3110,3005,3040,66742,-0.009771986970684043
2023-06-09,3060,3125,3040,3085,68531,0.014802631578947345
2023-06-12,3050,3120,3010,3035,65345,-0.01620745542949753
2023-06-13,3055,3115,3040,3065,56088,0.009884678747940745
2023-06-14,3060,3075,2985,3000,89244,-0.021207177814029365
2023-06-15,2990,3035,2935,2950,114313,-0.01666666666666672
2023-06-16,2930,3020,2930,3000,72715,0.016949152542372836
2023-06-19,3015,3015,2965,2985,55168,-0.0050000000000000044
2023-06-20,2965,3075,2955,3040,99103,0.018425460636515956
2023-06-21,3040,3075,2940,2980,91199,-0.019736842105263164
2023-06-22,2980,3020,2910,2950,57710,-0.010067114093959773
2023-06-23,2980,3000,2890,2900,64448,-0.016949152542372836
2023-06-26,2875,2915,2850,2870,46098,-0.010344827586206917
2023-06-27,2870,2900,2850,2850,39858,-0.006968641114982632
2023-06-28,2870,2915,2840,2850,35325,0.0
2023-06-29,2855,2880,2815,2845,56410,-0.0017543859649122862
2023-06-30,2830,2860,2775,2830,37150,-0.005272407732864637
2023-07-03,2830,2900,2830,2860,57387,0.010600706713780994
2023-07-04,2895,2895,2790,2805,77310,-0.019230769230769273
2023-07-05,2865,2865,2750,2760,79709,-0.016042780748663055
2023-07-06,2755,2820,2660,2680,98947,-0.02898550724637683
2023-07-07,2645,2680,2500,2625,154165,-0.020522388059701524
2023-07-10,2605,2655,2575,2620,64999,-0.0019047619047618536
2023-07-11,2590,2625,2580,2615,43708,-0.001908396946564861
2023-07-12,2640,2790,2625,2790,121733,0.06692160611854692
2023-07-13,2820,2820,2720,2725,48109,-0.023297491039426577
2023-07-14,2750,2750,2650,2720,63414,-0.0018348623853210455
2023-07-17,2750,2900,2705,2835,213729,0.04227941176470584
2023-07-18,2850,2875,2720,2780,78654,-0.01940035273368612
2023-07-19,2780,2810,2650,2730,77176,-0.017985611510791366
2023-07-20,2700,2700,2635,2635,73264,-0.034798534798534786
2023-07-21,2630,2630,2595,2615,39796,-0.007590132827324458
2023-07-24,2580,2585,2440,2470,209812,-0.055449330783938766
2023-07-25,2440,2465,2370,2380,129571,-0.036437246963562764
2023-07-26,2330,2380,2140,2220,286185,-0.0672268907563025
2023-07-27,2215,2310,2215,2300,41518,0.03603603603603611
2023-07-28,2260,2335,2260,2320,55780,0.008695652173912993
2023-07-31,2340,2375,2295,2320,47719,0.0
2023-08-01,2320,2395,2310,2385,54670,0.028017241379310276
2023-08-02,2395,2430,2330,2350,49440,-0.014675052410901501
2023-08-03,2345,2390,2300,2375,62549,0.010638297872340496
2023-08-04,2355,2395,2345,2385,32452,0.004210526315789442
2023-08-07,2385,2400,2320,2380,46148,-0.002096436058700246
2023-08-08,2370,2400,2350,2365,30513,-0.006302521008403339
2023-08-09,2360,2415,2350,2390,35010,0.010570824524312794
2023-08-10,2430,2440,2360,2425,47894,0.014644351464435212
2023-08-11,2430,2485,2425,2480,124816,0.02268041237113394
2023-08-14,2530,2550,2380,2445,56661,-0.014112903225806495
2023-08-16,2555,3175,2450,2940,3109515,0.2024539877300613
2023-08-17,2840,3140,2800,2880,1700905,-0.020408163265306145
2023-08-18,2850,2900,2805,2850,247709,-0.01041666666666663
2023-08-21,3285,3370,2960,3050,2182582,0.07017543859649122
2023-08-22,2960,3035,2775,2800,459980,-0.08196721311475408
2023-08-23,2800,2870,2790,2830,154867,0.010714285714285676
2023-08-24,2830,2900,2800,2875,156542,0.01590106007067127
2023-08-25,2845,2860,2805,2815,110224,-0.02086956521739125
2023-08-28,2785,2805,2700,2700,166096,-0.04085257548845467
2023-08-29,2735,2850,2695,2770,125441,0.025925925925925908
2023-08-30,2795,2940,2770,2915,229276,0.05234657039711199
2023-08-31,2900,2935,2815,2860,145486,-0.018867924528301883
2023-09-01,2825,2890,2810,2835,60398,-0.00874125874125875
2023-09-04,2830,2830,2620,2755,184064,-0.02821869488536155
2023-09-05,3580,3580,3580,3580,1495385,0.29945553539019953
2023-09-06,3750,4110,3485,3535,10116643,-0.012569832402234637
2023-09-07,3610,3925,3555,3675,2707940,0.03960396039603964
2023-09-08,3675,3675,3385,3425,814734,-0.0680272108843537
2023-09-11,3500,3845,3315,3580,1702402,0.045255474452554845
2023-09-12,3750,4285,3710,3740,8206330,0.04469273743016755
2023-09-13,3680,3775,3430,3500,1031751,-0.06417112299465244
2023-09-14,3635,3650,3460,3575,343291,0.021428571428571352
2023-09-15,3640,3780,3470,3485,549325,-0.025174825174825166
2023-09-18,3470,3550,3350,3375,225810,-0.031563845050215256
2023-09-19,3400,3420,3310,3335,173853,-0.011851851851851891
2023-09-20,3290,3395,3260,3395,162206,0.01799100449775115
2023-09-21,3400,3400,3155,3180,334816,-0.06332842415316642
2023-09-22,3215,3215,3060,3125,162998,-0.01729559748427678
2023-09-25,3125,3180,3050,3055,102545,-0.022399999999999975
2023-09-26,3055,3150,2990,3065,132577,0.003273322422258529
2023-09-27,3065,3200,3000,3175,174075,0.03588907014681886
2023-10-04,3165,3235,3045,3230,149778,0.017322834645669305
2023-10-05,3250,3260,3055,3055,189067,-0.05417956656346745
2023-10-06,3035,3175,3035,3165,94827,0.036006546644844484
2023-10-10,3270,3275,2955,2980,184072,-0.05845181674565558
2023-10-11,2965,3100,2955,3030,101949,0.016778523489932917
2023-10-12,3030,3130,3030,3115,63249,0.028052805280528004
2023-10-13,3110,3110,2950,3025,87618,-0.028892455858748
2023-10-16,3000,3000,2880,2925,130350,-0.03305785123966942
2023-10-17,2945,3060,2930,3040,73167,0.0393162393162394
2023-10-18,3040,3140,2955,2990,105745,-0.016447368421052655
2023-10-19,2950,3020,2925,2925,71133,-0.021739130434782594
2023-10-20,2890,2925,2750,2800,141803,-0.042735042735042694
2023-10-23,2800,2855,2720,2720,84037,-0.02857142857142858
2023-10-24,2720,2900,2665,2890,78834,0.0625
2023-10-25,2900,2935,2835,2835,59047,-0.01903114186851207
2023-10-26,2795,2795,2670,2680,94207,-0.05467372134038806
2023-10-27,2670,2765,2655,2745,48692,0.02425373134328357
2023-10-30,2750,2840,2720,2825,44399,0.02914389799635697
2023-10-31,2900,2900,2620,2670,142711,-0.05486725663716818
2023-11-01,2680,2725,2670,2715,51309,0.016853932584269593
2023-11-02,2735,2860,2720,2830,81010,0.0423572744014733
2023-11-03,2855,2940,2705,2910,73219,0.028268551236749095
2023-11-06,2915,3005,2875,3005,164110,0.03264604810996574
2023-11-07,2970,2975,2815,2890,163017,-0.038269550748752046
2023-11-08,2900,2960,2855,2865,53443,-0.00865051903114189
2023-11-09,2860,2905,2825,2870,32733,0.0017452006980802626
2023-11-10,2870,3150,2800,2850,309497,-0.006968641114982632
2023-11-13,2850,2875,2785,2790,67937,-0.021052631578947323
2023-11-14,2790,3245,2790,3080,743185,0.10394265232974909
2023-11-15,3155,3155,3030,3100,226341,0.006493506493506551
2023-11-16,3100,3240,3075,3150,232369,0.016129032258064502
2023-11-17,3150,3150,3065,3105,71154,-0.014285714285714235
2023-11-20,3100,3170,3080,3115,93709,0.0032206119162641045
2023-11-21,3290,3290,3145,3160,256971,0.014446227929374
2023-11-22,3105,3215,3105,3165,113345,0.0015822784810126667
2023-11-23,3165,3200,3120,3120,59279,-0.014218009478673022
2023-11-24,3150,3180,3040,3110,73405,-0.0032051282051281937
2023-11-27,3115,3190,3095,3135,104832,0.008038585209003246
2023-11-28,3135,3245,3060,3105,161301,-0.009569377990430672
2023-11-29,3105,3270,3030,3105,158670,0.0
2023-11-30,3075,3230,3075,3180,196746,0.024154589371980784
2023-12-01,3180,3245,3110,3140,83012,-0.012578616352201255
2023-12-04,3100,3180,3095,3150,122769,0.0031847133757962887
2023-12-05,3195,3195,3015,3045,161357,-0.033333333333333326
2023-12-06,3025,3085,3020,3070,62833,0.008210180623973828
2023-12-07,3075,3085,3020,3035,59090,-0.01140065146579805
2023-12-08,3035,3095,3015,3065,67119,0.009884678747940745
2023-12-11,3025,3090,3025,3050,52368,-0.004893964110929905
2023-12-12,3050,3050,3005,3040,43068,-0.003278688524590123
2023-12-13,3040,3060,3010,3055,55313,0.004934210526315708
2023-12-14,3085,3180,3060,3080,146644,0.008183306055646433
2023-12-15,3100,3120,3040,3055,69262,-0.008116883116883078
2023-12-18,3060,3110,3040,3095,47801,0.013093289689034338
2023-12-19,3070,3145,3050,3090,62479,-0.001615508885298822
2023-12-20,3100,3680,3070,3600,2423964,0.16504854368932032
2023-12-21,3635,3650,3450,3620,653070,0.005555555555555536
2023-12-22,3540,3605,3440,3545,382808,-0.02071823204419887
2023-12-26,3545,3570,3415,3445,192420,-0.028208744710860323
2023-12-27,3445,3565,3445,3555,261691,0.03193033381712618
2023-12-28,3600,3745,3530,3675,457546,0.03375527426160341
2024-01-02,3700,3820,3525,3795,449946,0.03265306122448974
2024-01-03,3790,3790,3655,3670,229387,-0.03293807641633728
2024-01-04,3610,3970,3605,3880,622894,0.05722070844686655
2024-01-05,3860,4055,3840,3970,597896,0.02319587628865971
2024-01-08,4080,4085,3840,3920,292446,-0.012594458438287104
2024-01-09,3920,4040,3775,4020,502796,0.025510204081632626
2024-01-10,3970,4180,3915,4140,350014,0.029850746268656803
2024-01-11,4140,4150,3945,3975,283965,-0.03985507246376807
2024-01-12,3975,4080,3885,4035,235671,0.015094339622641506
2024-01-15,4000,4040,3935,3965,139208,-0.01734820322180919
2024-01-16,4025,4085,3750,3930,190359,-0.008827238335435084
2024-01-17,3925,4010,3755,4005,327008,0.01908396946564883
2024-01-18,3990,4215,3990,4200,600395,0.04868913857677892
2024-01-19,4230,4625,4200,4585,1635180,0.09166666666666656
2024-01-22,4590,4695,4400,4550,825146,-0.007633587786259555
2024-01-23,4550,4725,4455,4640,639237,0.01978021978021971
2024-01-24,4675,4845,4590,4765,686008,0.0269396551724137
2024-01-25,4840,4840,4360,4500,974093,-0.05561385099685201
2024-01-26,4420,4520,4210,4470,479747,-0.00666666666666671
2024-01-29,4400,4520,4315,4430,276912,-0.008948545861297563
2024-01-30,4450,4465,4050,4250,539954,-0.040632054176072185
2024-01-31,4170,4300,4060,4095,184610,-0.036470588235294144
2024-02-01,4005,4175,3775,3845,572390,-0.061050061050061055
2024-02-02,3835,3980,3780,3820,255157,-0.006501950585175553
2024-02-05,3830,3835,3730,3770,149317,-0.01308900523560208
2024-02-06,3770,3870,3655,3795,123140,0.006631299734747964
2024-02-07,3795,3975,3675,3970,197225,0.046113306982872304
2024-02-08,3975,4020,3850,4000,123338,0.007556675062972307
2024-02-13,4015,4065,3900,3945,203062,-0.01375000000000004
2024-02-14,3900,4415,3865,4400,506817,0.11533586818757913
2024-02-15,4435,4630,4300,4405,338170,0.001136363636363713
2024-02-16,4545,4560,4285,4500,325895,0.02156640181611813
2024-02-19,4520,4670,4315,4600,380968,0.022222222222222143
2024-02-20,4600,4600,4365,4465,222285,-0.02934782608695652
2024-02-21,4385,4435,4290,4400,173148,-0.014557670772676334
2024-02-22,4430,4430,4275,4385,167474,-0.003409090909090917
2024-02-23,4330,4430,4255,4360,167870,-0.005701254275940704
2024-02-26,4360,4415,4250,4390,135203,0.006880733944954143
2024-02-27,4380,4380,4215,4270,132415,-0.02733485193621865
2024-02-28,4275,4315,4070,4245,271350,-0.005854800936768156
2024-02-29,4230,4265,4095,4175,146883,-0.01648998822143699
2024-03-04,4175,4180,4020,4065,99304,-0.026347305389221587
2024-03-05,4060,4095,3995,4080,77452,0.0036900369003689537
2024-03-06,4080,4155,4015,4065,118147,-0.003676470588235281
2024-03-07,4030,4090,3865,3870,141153,-0.047970479704797064
2024-03-08,3860,4050,3855,4040,158657,0.043927648578811374
2024-03-11,4040,4040,3820,3860,125114,-0.044554455445544594
2024-03-12,3860,3900,3785,3830,134466,-0.007772020725388629
2024-03-13,3855,3855,3735,3795,114658,-0.009138381201044377
2024-03-14,3790,3910,3775,3900,117461,0.027667984189723382
2024-03-15,3900,4120,3805,4115,212546,0.055128205128205154
2024-03-18,4300,4700,4250,4360,1626089,0.05953827460510319
2024-03-19,4415,4500,4300,4465,321605,0.02408256880733939
2024-03-20,4510,4640,4465,4610,596468,0.03247480403135494
2024-03-21,4665,4815,4580,4795,788643,0.04013015184381774
2024-03-22,4820,4965,4710,4920,532610,0.026068821689259725
2024-03-25,4980,4985,4580,4885,426066,-0.007113821138211351
2024-03-26,4885,4885,4660,4670,414454,-0.04401228249744116
2024-03-27,4680,4765,4610,4740,166035,0.01498929336188426
2024-03-28,4740,4795,4660,4690,151721,-0.010548523206751037
2024-03-29,4645,4740,4610,4615,129175,-0.015991471215351827
2024-04-01,4775,5150,4745,4845,866314,0.04983748645720487
2024-04-02,4870,4875,4630,4695,286656,-0.03095975232198145
2024-04-03,4515,4650,4410,4600,240524,-0.020234291799786974
2024-04-04,4600,4695,4535,4580,159131,-0.004347826086956497
2024-04-05,4545,4560,4380,4420,180969,-0.03493449781659386
2024-04-08,4420,4540,4365,4395,315653,-0.005656108597285048
2024-04-09,4475,4495,4325,4410,131349,0.0034129692832765013
2024-04-11,4345,4410,4270,4290,97586,-0.027210884353741527
2024-04-12,4300,4340,4190,4320,154891,0.006993006993007089
2024-04-15,4305,4305,4120,4235,91276,-0.01967592592592593
2024-04-16,4195,4215,3905,4010,260931,-0.053128689492325853
2024-04-17,4010,4070,3950,4010,121726,0.0
2024-04-18,4090,4135,3985,4115,66976,0.026184538653366562
2024-04-19,4060,4065,3870,3990,188712,-0.03037667071688943
2024-04-22,3985,4110,3965,4015,66145,0.006265664160401085
2024-04-23,4000,4050,3885,4000,151933,-0.0037359900373599153
2024-04-24,4060,4545,4045,4280,611965,0.07000000000000006
2024-04-25,4275,4335,4160,4330,149015,0.011682242990654235
2024-04-26,4255,4335,4235,4300,102485,-0.006928406466512715
2024-04-29,4440,4445,4280,4320,116308,0.0046511627906977715
2024-04-30,4480,4625,4455,4530,488657,0.04861111111111116
2024-05-02,4480,4535,4320,4475,274475,-0.012141280353200834
2024-05-03,4560,4600,4425,4490,176117,0.003351955307262511
2024-05-07,4535,4560,4420,4500,167323,0.00222717149220486
2024-05-08,4530,4530,4380,4425,106477,-0.01666666666666672
2024-05-09,4380,4405,4270,4360,170582,-0.014689265536723117
2024-05-10,4425,4440,4205,4285,145824,-0.017201834862385357
2024-05-13,4285,4330,4245,4315,120352,0.007001166861143604
2024-05-14,4330,4410,4245,4245,140073,-0.016222479721900385
2024-05-16,4280,4360,4160,4295,200008,0.011778563015312216
2024-05-17,4355,4355,4000,4125,908867,-0.03958090803259606
2024-05-20,4125,4125,4010,4015,138414,-0.026666666666666616
2024-05-21,4150,4150,3825,3865,519451,-0.03735990037359904
2024-05-22,3910,3985,3850,3865,204954,0.0
2024-05-23,3890,3910,3740,3840,331867,-0.0064683053040103244
2024-05-24,3795,3820,3745,3770,126955,-0.01822916666666663
2024-05-27,3770,3880,3730,3875,151524,0.027851458885941538
2024-05-28,3875,3875,3755,3785,116503,-0.023225806451612874
2024-05-29,3785,3785,3615,3700,174034,-0.022457067371202122
2024-05-30,3700,3765,3550,3560,194724,-0.037837837837837784
2024-05-31,3560,3770,3555,3680,92645,0.03370786516853941
2024-06-03,3730,3745,3655,3700,58194,0.005434782608695565
2024-06-04,3670,3700,3630,3685,41100,-0.004054054054054013
2024-06-05,3740,3740,3590,3600,91571,-0.023066485753052923
2024-06-07,3620,3660,3575,3590,51020,-0.002777777777777768
2024-06-10,3590,3685,3525,3660,91773,0.01949860724233976
2024-06-11,3680,3680,3530,3545,87568,-0.031420765027322384
2024-06-12,3545,3565,3410,3440,125871,-0.02961918194640334
2024-06-13,3475,3510,3435,3465,48883,0.007267441860465018
2024-06-14,3525,3525,3385,3415,58200,-0.01443001443001446
2024-06-17,3415,3430,3350,3400,70840,-0.004392386530014614
2024-06-18,3365,3410,3345,3395,68159,-0.0014705882352941124
2024-06-19,3365,3405,3325,3340,64523,-0.016200294550810068
2024-06-20,3340,3365,3290,3305,55799,-0.010479041916167664
2024-06-21,3355,3355,3170,3185,148061,-0.036308623298033305
2024-06-24,3185,3185,3095,3125,124420,-0.01883830455259028
2024-06-25,3135,3135,3070,3110,51428,-0.0048000000000000265
2024-06-26,3105,3180,3105,3175,42623,0.020900321543408262
2024-06-27,3175,3190,3055,3095,60927,-0.025196850393700787
2024-06-28,3095,3400,3060,3195,183628,0.03231017770597733
2024-07-01,3270,3555,3230,3495,337355,0.0938967136150235
2024-07-02,3495,3495,3310,3470,138601,-0.007153075822603716
2024-07-03,3495,3545,3445,3500,110034,0.008645533141210304
2024-07-04,3560,3635,3430,3545,168035,0.0128571428571429
2024-07-05,3525,3670,3500,3565,79381,0.005641748942172065
2024-07-08,3600,3600,3540,3565,37588,0.0
2024-07-09,3600,3600,3465,3500,69009,-0.018232819074333828
2024-07-10,3465,3475,3420,3425,29752,-0.021428571428571463
2024-07-11,3425,3425,3350,3375,60592,-0.014598540145985384
2024-07-12,3370,3385,3300,3380,22052,0.001481481481481417
2024-07-15,3380,3420,3325,3380,31184,0.0
2024-07-16,3415,3415,3260,3335,327243,-0.013313609467455634
2024-07-17,3335,3335,3240,3245,63555,-0.026986506746626726
2024-07-18,3200,3245,3135,3200,36028,-0.013867488443759624
2024-07-19,3270,3270,3150,3250,409869,0.015625
2024-07-22,3280,3280,3090,3095,209589,-0.0476923076923077
2024-07-23,3095,3145,2900,3020,229872,-0.024232633279482996
2024-07-24,3010,3075,2980,3000,37877,-0.0066225165562914245
2024-07-25,2840,2990,2840,2915,64449,-0.02833333333333332
2024-07-26,2915,3000,2895,2945,32381,0.010291595197255532
2024-07-29,3085,3085,2920,2980,18780,0.011884550084889645
2024-07-30,2990,2990,2890,2900,41306,-0.02684563758389258
2024-07-31,2875,2920,2850,2905,31818,0.0017241379310344307
2024-08-01,2940,2940,2880,2935,25741,0.010327022375215211
2024-08-02,2935,2935,2735,2740,117476,-0.06643952299829647
2024-08-05,2680,2700,2305,2305,145404,-0.15875912408759119
2024-08-06,2305,2590,2305,2530,92525,0.0976138828633406
2024-08-07,2690,2690,2530,2570,107664,0.015810276679841806
2024-08-08,2570,2620,2455,2560,61490,-0.0038910505836575737
2024-08-09,2595,2660,2565,2610,39656,0.01953125
2024-08-12,2645,2660,2615,2630,22650,0.00766283524904221
2024-08-13,2630,2690,2555,2595,32457,-0.013307984790874472
2024-08-14,2670,2685,2620,2660,33151,0.025048169556840083
2024-08-16,2605,2700,2580,2660,408339,0.0
2024-08-19,2660,2700,2580,2595,54819,-0.024436090225563922
2024-08-20,2600,2670,2600,2670,28671,0.028901734104046284
2024-08-21,2660,2660,2580,2590,77782,-0.029962546816479363
2024-08-22,2575,2630,2510,2530,66955,-0.02316602316602312
2024-08-23,2505,2540,2450,2510,47060,-0.007905138339920903
2024-08-26,2535,2545,2455,2455,43069,-0.021912350597609542
2024-08-27,2455,2455,2390,2400,79014,-0.022403258655804503
2024-08-28,2400,2440,2370,2385,27943,-0.006249999999999978
2024-08-29,2360,2485,2315,2385,89594,0.0
2024-08-30,2385,2550,2385,2470,127553,0.03563941299790363
2024-09-02,2530,2530,2340,2380,82105,-0.036437246963562764
2024-09-03,2390,2560,2370,2390,85728,0.004201680672268893
2024-09-04,2330,2335,2255,2285,115129,-0.043933054393305415
2024-09-05,2285,2395,2235,2260,118841,-0.01094091903719907
2024-09-06,2300,2300,2125,2130,105786,-0.05752212389380529
2024-09-09,2100,2270,2045,2140,140957,0.0046948356807512415
2024-09-10,2140,2220,2095,2140,57925,0.0
2024-09-11,2140,2195,2085,2140,82683,0.0
2024-09-12,2250,2250,2145,2200,48446,0.028037383177569986
2024-09-13,2220,2220,2175,2190,25137,-0.004545454545454519
2024-09-19,2190,2240,2090,2110,39219,-0.0365296803652968
2024-09-20,2130,2200,2125,2180,28992,0.033175355450236976
2024-09-23,2180,2195,2100,2160,66805,-0.00917431192660545
2024-09-24,2125,2220,2125,2185,32566,0.011574074074074181
2024-09-25,2205,2265,2175,2215,61017,0.013729977116704761
2024-09-26,2200,2400,2200,2400,169710,0.08352144469525968
2024-09-27,2415,2475,2370,2445,126048,0.018750000000000044
2024-09-30,2445,2635,2415,2430,253486,-0.006134969325153339
2024-10-02,2430,2460,2380,2415,35233,-0.006172839506172867
2024-10-04,2475,2475,2290,2375,40934,-0.0165631469979296
2024-10-07,2480,2480,2355,2405,31184,0.012631578947368327
2024-10-08,2380,2400,2300,2325,54054,-0.033264033264033266
2024-10-10,2365,2365,2265,2310,47465,-0.006451612903225823
2024-10-11,2315,2670,2300,2360,864313,0.02164502164502169
2024-10-14,2400,2400,2240,2320,219157,-0.016949152542372836
2024-10-15,2320,2355,2235,2245,139739,-0.032327586206896575
2024-10-16,2270,2270,2185,2200,136769,-0.020044543429844075
2024-10-17,2180,2220,2175,2190,36214,-0.004545454545454519
2024-10-18,2190,2190,2140,2165,51686,-0.011415525114155223
2024-10-21,2155,2255,2155,2240,61139,0.03464203233256358
2024-10-22,2240,2290,2145,2170,64839,-0.03125
2024-10-23,2155,2185,2130,2170,44952,0.0
2024-10-24,2180,2180,2090,2135,44789,-0.016129032258064502
2024-10-25,2140,2165,2075,2075,71573,-0.02810304449648715
2024-10-28,2100,2170,2075,2105,62545,0.014457831325301207
2024-10-29,2105,2155,2070,2100,35310,-0.002375296912114022
2024-10-30,2100,2150,2075,2090,53847,-0.004761904761904745
2024-10-31,2080,2130,2050,2120,30314,0.014354066985645897
2024-11-01,2090,2120,2080,2095,27442,-0.011792452830188704
2024-11-04,2095,2120,2060,2105,28857,0.004773269689737569
2024-11-05,2105,2165,2100,2125,60987,0.009501187648456089
2024-11-06,2120,2150,2065,2100,63109,-0.0117647058823529
2024-11-07,2100,2140,2085,2105,30547,0.0023809523809523725
2024-11-08,2105,2195,2085,2115,50597,0.004750593824228044
2024-11-11,2115,2115,2015,2025,121048,-0.04255319148936165
2024-11-12,2000,2055,1854,1872,178460,-0.0755555555555556
2024-11-13,1872,1895,1750,1788,114834,-0.04487179487179482
2024-11-14,1838,1838,1720,1737,43248,-0.028523489932885893
2024-11-15,1719,1727,1645,1715,127115,-0.012665515256188864
2024-11-18,1697,1790,1666,1744,61014,0.016909620991253593
2024-11-19,1804,1805,1745,1773,48149,0.01662844036697253
2024-11-20,1738,1845,1735,1816,62465,0.02425267907501416
2024-11-21,1816,1883,1801,1846,60256,0.016519823788546217
2024-11-22,1859,1862,1810,1810,20318,-0.01950162513542797
2024-11-25,1810,1855,1806,1829,27823,0.010497237569060847
2024-11-26,1816,1889,1812,1852,22893,0.012575177692728312
2024-11-27,1889,1889,1810,1812,23506,-0.021598272138228958
2024-11-28,1854,1854,1812,1830,9218,0.009933774834437026
2024-11-29,1813,1836,1758,1758,43875,-0.03934426229508192
2024-12-02,1758,1785,1711,1722,42041,-0.020477815699658675
2024-12-03,1750,1750,1710,1736,39400,0.008130081300812941
2024-12-04,1734,1734,1640,1694,25684,-0.024193548387096753
2024-12-05,1738,1738,1640,1651,15738,-0.025383707201888983
2024-12-06,1651,1651,1581,1615,56680,-0.021804966686856497
2024-12-09,1575,1614,1527,1555,73200,-0.037151702786377694
2024-12-10,1555,1633,1529,1594,55490,0.025080385852090048
2024-12-11,1610,1650,1610,1639,50107,0.02823086574654954
2024-12-12,1640,1660,1639,1660,36577,0.01281269066503965
2024-12-13,1660,1722,1649,1694,26095,0.02048192771084345
2024-12-16,1694,1729,1694,1729,55349,0.02066115702479343
2024-12-17,1734,1734,1674,1723,28584,-0.003470213996529803
2024-12-18,1749,1921,1737,1811,249581,0.05107370864770755
2024-12-19,1736,1801,1735,1797,37545,-0.007730535615681933
2024-12-20,1788,1829,1707,1707,46002,-0.05008347245409017
2024-12-23,1803,1803,1707,1707,15063,0.0
2024-12-24,1749,1750,1676,1680,18403,-0.01581722319859402
2024-12-26,1680,1766,1661,1667,28181,-0.007738095238095211
2024-12-27,1684,1684,1580,1629,24803,-0.02279544091181762
2024-12-30,1630,1675,1630,1673,16217,0.027010435850214787
2025-01-02,1673,1770,1637,1770,41617,0.05797967722653907
2025-01-03,1779,1819,1759,1770,78891,0.0
2025-01-06,1770,1770,1703,1713,88272,-0.03220338983050852
2025-01-07,1713,1742,1691,1700,72958,-0.007589025102159974
2025-01-08,1700,1727,1660,1692,25752,-0.004705882352941226
2025-01-09,1676,1692,1600,1659,56742,-0.019503546099290725
2025-01-10,1665,1680,1657,1667,29739,0.004822182037371947
2025-01-13,1601,1665,1350,1463,1729811,-0.12237552489502102
2025-01-14,1463,1518,1463,1500,170202,0.025290498974709585
2025-01-15,1500,1505,1451,1457,90661,-0.028666666666666618
2025-01-16,1471,1478,1459,1477,61897,0.013726835964310125
2025-01-17,1494,1494,1405,1464,41628,-0.008801624915368955
2025-01-20,1464,1473,1431,1463,54540,-0.000683060109289646
2025-01-21,1463,1469,1430,1430,55121,-0.022556390977443663
2025-01-22,1431,1450,1370,1394,100145,-0.025174825174825166
2025-01-23,1419,1420,1309,1351,63767,-0.030846484935437624
2025-01-24,1352,1378,1306,1340,106657,-0.008142116950407119
2025-01-31,1340,1387,1288,1302,97595,-0.028358208955223896
2025-02-03,1290,1331,1249,1256,75985,-0.03533026113671278
2025-02-04,1256,1287,1256,1277,53457,0.01671974522292996
2025-02-05,1316,1370,1283,1300,97765,0.018010963194988294
2025-02-06,1307,1355,1290,1349,125757,0.03769230769230769
2025-02-07,1350,1371,1315,1371,77069,0.01630837657524098
2025-02-10,1371,1399,1315,1399,65009,0.020423048869438354
2025-02-11,1385,1445,1377,1439,65652,0.028591851322373074
2025-02-12,1415,1419,1388,1405,73466,-0.023627519110493433
2025-02-13,1400,1400,1360,1374,54210,-0.022064056939501753
2025-02-14,1365,1405,1363,1401,52164,0.01965065502183405
2025-02-17,1445,1485,1383,1427,130961,0.01855817273376159
2025-02-18,1427,1442,1401,1428,27470,0.0007007708479327412
2025-02-19,1425,1436,1410,1429,21000,0.0007002801120448154
2025-02-20,1429,1480,1350,1469,155407,0.027991602519244152
2025-02-21,1480,1831,1480,1619,1952206,0.10211027910142945
2025-02-24,1600,1644,1555,1569,261714,-0.030883261272390383
2025-02-25,1550,1600,1546,1600,75681,0.019757807520713877
2025-02-26,1580,1691,1573,1672,195068,0.04499999999999993
2025-02-27,1672,1685,1642,1650,562109,-0.013157894736842146
2025-02-28,1650,1650,1550,1574,135031,-0.046060606060606024
2025-03-04,1574,1599,1527,1576,36232,0.0012706480304955914
2025-03-05,1576,1592,1535,1581,38255,0.0031725888324873885
2025-03-06,1690,1690,1570,1630,73737,0.03099304237824163
2025-03-07,1629,1629,1571,1594,37487,-0.02208588957055213
2025-03-10,1594,1605,1548,1581,34378,-0.008155583437892133
2025-03-11,1486,1574,1486,1562,48859,-0.012017710309930374
2025-03-12,1562,1616,1523,1602,70425,0.025608194622279035
2025-03-13,1602,1628,1580,1587,56931,-0.009363295880149836
2025-03-14,1585,1597,1544,1569,54074,-0.011342155009451793
2025-03-17,1570,1580,1505,1550,50432,-0.01210962396430848
2025-03-18,1550,1550,1464,1511,124999,-0.02516129032258063
2025-03-19,1511,1511,1391,1467,52025,-0.029119788219722054
2025-03-20,1470,1499,1414,1427,67587,-0.02726653033401505
2025-03-21,1428,1449,1377,1377,38366,-0.035038542396636285
2025-03-24,1280,1295,993,1181,1517121,-0.1423384168482208
2025-03-25,1175,1216,1120,1135,165983,-0.0389500423370025
2025-03-26,1169,1184,1123,1168,59877,0.029074889867841458
2025-03-27,1168,1170,1142,1153,35084,-0.012842465753424626
2025-03-28,1153,1153,1113,1129,46743,-0.020815264527320076
2025-03-31,1119,1128,1044,1110,76655,-0.016829052258635957
2025-04-01,1099,1210,1041,1210,93844,0.09009009009009006
2025-04-02,1210,1230,1186,1215,53176,0.004132231404958775
2025-04-03,1211,1237,1160,1236,60873,0.01728395061728394
2025-04-04,1226,1250,1209,1244,20678,0.006472491909385036
2025-04-07,1239,1239,1160,1161,35677,-0.06672025723472674
2025-04-08,1161,1306,1161,1305,159645,0.12403100775193798
2025-04-09,1305,1357,1210,1288,128227,-0.013026819923371624
2025-04-10,1295,1389,1295,1389,100708,0.07841614906832306
2025-04-11,1370,1383,1337,1382,38782,-0.005039596832253412
2025-04-14,1382,1402,1342,1385,94198,0.0021707670043416005
2025-04-15,1385,1423,1361,1418,51539,0.023826714801443938
2025-04-16,1411,1427,1385,1397,55387,-0.01480959097320167
2025-04-17,1385,1414,1322,1397,35541,0.0
2025-04-18,1397,1408,1380,1393,22158,-0.0028632784538296097
2025-04-21,1377,1513,1377,1387,96011,-0.004307250538406304
2025-04-22,1372,1453,1355,1404,29277,0.012256669069935056
2025-04-23,1434,1825,1418,1825,1350991,0.29985754985754975
2025-04-24,2065,2195,1637,1696,3602907,-0.07068493150684929
2025-04-25,1701,1821,1642,1771,545876,0.04422169811320753
2025-04-28,1820,1835,1677,1720,230941,-0.02879728966685491
2025-04-29,1706,1739,1644,1666,129449,-0.03139534883720929
2025-04-30,1682,1817,1678,1710,250080,0.026410564225690214
2025-05-02,1728,1844,1705,1825,256011,0.067251461988304
2025-05-07,1780,1849,1766,1798,140263,-0.014794520547945167
2025-05-08,1798,1819,1754,1806,84885,0.004449388209121219
2025-05-09,1823,1823,1690,1692,184820,-0.06312292358803984
2025-05-12,1695,1794,1695,1794,102841,0.06028368794326244
2025-05-13,1794,1860,1785,1840,93456,0.02564102564102555
2025-05-14,1870,1870,1804,1827,43007,-0.00706521739130439
2025-05-15,1827,1860,1773,1816,33285,-0.006020799124247356
2025-05-16,1807,1815,1720,1720,90979,-0.052863436123347984
2025-05-19,1695,1770,1590,1770,77099,0.029069767441860517
2025-05-20,1771,1813,1749,1755,71285,-0.008474576271186418
2025-05-21,1757,1789,1712,1756,43015,0.0005698005698004938
2025-05-22,1756,1777,1722,1733,41872,-0.013097949886104798
2025-05-23,1732,1757,1715,1755,31538,0.012694748990190519
2025-05-26,1733,1755,1712,1737,17040,-0.01025641025641022
2025-05-27,1739,1784,1730,1746,51376,0.005181347150259086
2025-05-28,1750,1751,1716,1716,32521,-0.01718213058419249
2025-05-29,1716,1739,1655,1699,71375,-0.009906759906759932
2025-05-30,1685,1772,1685,1761,53356,0.03649205414949974
2025-06-02,1740,1757,1712,1721,25248,-0.022714366837024436
2025-06-04,1730,1769,1720,1754,35481,0.01917489831493313
2025-06-05,1798,1798,1754,1785,44529,0.01767388825541616
2025-06-09,1785,1785,1728,1752,57395,-0.01848739495798324
2025-06-10,1752,1808,1730,1784,60315,0.0182648401826484
2025-06-11,1766,1808,1766,1799,47618,0.008408071748879031
2025-06-12,1799,1808,1760,1760,53667,-0.021678710394663736
2025-06-13,1769,1769,1704,1729,107306,-0.01761363636363633
2025-06-16,1770,1770,1647,1660,95670,-0.03990746096009257
2025-06-17,1670,1684,1630,1660,80544,0.0
2025-06-18,1646,1678,1646,1660,39720,0.0
2025-06-19,1660,1699,1635,1635,76904,-0.015060240963855387
2025-06-20,1621,1698,1621,1697,62945,0.03792048929663605
2025-06-23,1689,1695,1635,1641,48195,-0.0329994107248085
2025-06-24,1679,1744,1642,1696,92441,0.03351614868982322
2025-06-25,1738,1738,1653,1712,42417,0.009433962264151052
2025-06-26,1712,1734,1647,1720,90725,0.004672897196261738
2025-06-27,1720,1769,1654,1691,71348,-0.016860465116279033
2025-06-30,1691,1691,1655,1655,30516,-0.021289178001182685
2025-07-01,1655,1709,1639,1639,21895,-0.00966767371601207
2025-07-02,1649,1650,1606,1615,500822,-0.014643075045759568
2025-07-03,1615,1665,1595,1645,36125,0.018575851393188847
2025-07-04,1645,1652,1612,1640,29778,-0.003039513677811523
2025-07-07,1640,1770,1623,1641,97512,0.0006097560975608651
2025-07-08,1690,1694,1640,1694,26850,0.03229737964655688
2025-07-09,1678,1724,1678,1724,48423,0.017709563164108655
2025-07-10,1724,1800,1708,1793,100338,0.04002320185614838
2025-07-11,1776,1819,1742,1796,98092,0.001673173452314547
2025-07-14,1796,1833,1773,1808,127078,0.006681514476614803
2025-07-15,1829,1829,1789,1812,53482,0.0022123893805310324
2025-07-16,1840,1840,1780,1818,44519,0.0033112582781456013
2025-07-17,1800,1840,1763,1793,50452,-0.013751375137513788
2025-07-18,1793,1819,1771,1780,35313,-0.007250418293363037
2025-07-21,1781,1799,1748,1780,25763,0.0
2025-07-22,1779,1789,1625,1760,81664,-0.011235955056179803
2025-07-23,1779,1789,1714,1714,25267,-0.026136363636363624
2025-07-24,1714,1739,1644,1660,38362,-0.031505250875145885
2025-07-25,1660,1726,1642,1652,15237,-0.004819277108433773
2025-07-28,1652,1670,1625,1627,30836,-0.015133171912832921
2025-07-29,1627,1656,1605,1640,23253,0.007990165949600447
2025-07-30,1640,1669,1606,1650,27963,0.0060975609756097615
2025-07-31,1650,1664,1629,1649,20712,-0.00060606060606061
2025-08-01,1649,1650,1575,1590,48304,-0.0357792601576713
2025-08-04,1596,1682,1581,1643,92069,0.03333333333333344
2025-08-05,1643,1669,1613,1650,49318,0.004260499087035852
2025-08-06,1650,1724,1623,1716,124120,0.040000000000000036
2025-08-07,1734,1799,1734,1781,129790,0.037878787878787845
2025-08-08,1776,1830,1761,1824,158868,0.024143739472206605
2025-08-11,1870,2095,1825,2000,817661,0.09649122807017552
2025-08-12,1954,2000,1931,1962,119092,-0.019000000000000017
2025-08-13,1979,2060,1850,2055,138644,0.04740061162079501
2025-08-14,2050,2050,1972,1987,114064,-0.03309002433090025
2025-08-18,1987,2045,1951,1992,122685,0.0025163563160544022
2025-08-19,1982,2020,1960,1965,56444,-0.013554216867469826
2025-08-20,1970,1992,1874,1984,81249,0.009669211195928673
2025-08-21,1984,1994,1952,1987,42017,0.0015120967741935054
2025-08-22,1987,2035,1972,2010,74144,0.01157523905384994
2025-08-25,2045,2085,2015,2035,40239,0.01243781094527363
2025-08-26,2035,2040,1961,1976,50808,-0.028992628992629
2025-08-27,1976,2055,1968,2010,71984,0.0172064777327936
2025-08-28,1993,2010,1967,1985,25162,-0.01243781094527363
2025-08-29,1985,1999,1957,1965,22189,-0.010075566750629705
2025-09-01,2035,2040,1918,1932,28121,-0.016793893129770976
2025-09-02,1932,1935,1875,1910,37037,-0.011387163561076608
2025-09-03,1910,1960,1900,1905,20245,-0.002617801047120394
2025-09-04,1905,1905,1870,1880,32525,-0.013123359580052507
2025-09-05,1894,1929,1785,1918,67798,0.0202127659574467
2025-09-08,2000,2380,1907,1940,1334401,0.011470281543274341
2025-09-09,1940,1945,1890,1909,104037,-0.015979381443299023
2025-09-10,1900,1913,1870,1908,89106,-0.0005238344683080598
