Date,Open,High,Low,Close,Volume,Change
2022-01-03,11850,11900,11750,11900,2890,0.00421940928270037
2022-01-04,11900,12100,11750,11900,10140,0.0
2022-01-05,11900,12200,11650,12000,10970,0.008403361344537785
2022-01-06,11900,11900,11700,11850,5240,-0.012499999999999956
2022-01-07,11800,12000,11750,12000,11820,0.012658227848101333
2022-01-10,12000,12150,11800,12150,5060,0.012499999999999956
2022-01-11,12000,12050,11750,12000,4690,-0.012345679012345734
2022-01-12,11900,12200,11900,12150,6170,0.012499999999999956
2022-01-13,12150,12250,12000,12100,7320,-0.004115226337448541
2022-01-14,12050,12100,11900,12050,17250,-0.004132231404958664
2022-01-17,12000,12000,11800,11800,4050,-0.020746887966805017
2022-01-18,11800,11900,11599,11850,5330,0.004237288135593209
2022-01-19,11800,11900,11650,11850,2090,0.0
2022-01-20,11850,11900,11700,11850,3420,0.0
2022-01-21,11850,12100,11750,12100,5780,0.021097046413502074
2022-01-24,12050,12100,11650,11800,7480,-0.024793388429752095
2022-01-25,11750,11750,11300,11450,6770,-0.029661016949152574
2022-01-26,11449,12000,11249,11600,5890,0.013100436681222627
2022-01-27,11650,11800,11250,11400,7900,-0.017241379310344862
2022-01-28,11350,11750,11300,11750,6670,0.030701754385964897
2022-02-03,11800,11800,11650,11800,1970,0.004255319148936065
2022-02-04,11800,11800,11650,11800,2080,0.0
2022-02-07,11850,11900,11650,11750,6780,-0.004237288135593209
2022-02-08,11750,11899,11600,11800,4760,0.004255319148936065
2022-02-09,11799,11900,11650,11900,3690,0.008474576271186418
2022-02-10,11900,11900,11750,11900,3060,0.0
2022-02-11,11850,11900,11799,11900,1920,0.0
2022-02-14,11800,11850,11600,11800,4410,-0.008403361344537785
2022-02-15,11799,11799,11450,11500,10050,-0.025423728813559365
2022-02-16,11550,11950,11550,11950,12070,0.03913043478260869
2022-02-17,11950,11950,11750,11900,8560,-0.004184100418409997
2022-02-18,11799,11900,11650,11900,3110,0.0
2022-02-21,11850,11850,11750,11850,3900,-0.004201680672268893
2022-02-22,11600,11800,11600,11800,2030,-0.00421940928270037
2022-02-23,11650,11750,11599,11650,2540,-0.012711864406779627
2022-02-24,11600,11800,11400,11800,11340,0.012875536480686733
2022-02-25,11800,11800,11600,11700,4290,-0.008474576271186418
2022-02-28,11750,11800,11500,11700,1990,0.0
2022-03-02,11600,12000,11550,12000,6860,0.02564102564102555
2022-03-03,11950,12000,11800,12000,7430,0.0
2022-03-04,11950,12600,11850,12550,7780,0.04583333333333339
2022-03-07,12400,12700,12150,12200,9390,-0.027888446215139417
2022-03-08,12050,12550,11900,12550,8070,0.028688524590164022
2022-03-10,12650,13900,12350,13250,111780,0.055776892430278835
2022-03-11,13650,13700,13100,13100,37380,-0.01132075471698113
2022-03-14,13100,13250,12899,13000,13670,-0.007633587786259555
2022-03-15,12950,13200,12900,13150,12940,0.011538461538461497
2022-03-16,13200,13400,13150,13300,5970,0.011406844106463865
2022-03-17,13450,13450,13050,13200,13700,-0.007518796992481258
2022-03-18,13200,13400,13150,13300,14260,0.007575757575757569
2022-03-21,13400,13800,13400,13600,27940,0.022556390977443552
2022-03-22,13600,14000,13600,14000,27820,0.02941176470588225
2022-03-23,14300,14500,13800,14000,26950,0.0
2022-03-24,14000,14650,14000,14400,27290,0.02857142857142847
2022-03-25,14350,14650,14200,14350,17100,-0.00347222222222221
2022-03-28,14250,14500,13950,14150,22090,-0.013937282229965153
2022-03-29,14100,14600,14000,14300,20530,0.010600706713780994
2022-03-30,14400,14700,14050,14050,17820,-0.0174825174825175
2022-03-31,14000,14400,13800,14350,9860,0.021352313167259718
2022-04-01,14300,14700,14150,14450,15450,0.006968641114982521
2022-04-04,14400,14849,14350,14750,15350,0.02076124567474058
2022-04-05,14750,14850,14500,14650,14710,-0.006779661016949157
2022-04-06,14650,14800,14450,14650,23800,0.0
2022-04-07,14600,14600,14250,14300,23690,-0.023890784982935176
2022-04-08,14300,14900,14200,14550,32550,0.0174825174825175
2022-04-11,0,0,0,14550,0,0.0
2022-04-12,0,0,0,14550,0,0.0
2022-04-13,0,0,0,14550,0,0.0
2022-04-14,0,0,0,14550,0,0.0
2022-04-15,0,0,0,14550,0,0.0
2022-04-18,13550,13700,12250,12700,119377,-0.12714776632302405
2022-04-19,12700,12700,12300,12600,37240,-0.007874015748031482
2022-04-20,12600,12950,12500,12700,24595,0.007936507936507908
2022-04-21,12800,13200,12750,13000,16966,0.023622047244094446
2022-04-22,12900,13300,12850,12950,16992,-0.0038461538461538325
2022-04-25,12850,13050,12500,12700,38578,-0.019305019305019266
2022-04-26,12700,13000,12550,13000,9863,0.023622047244094446
2022-04-27,12750,13100,12600,13050,9167,0.0038461538461538325
2022-04-28,12900,13150,12800,13100,5151,0.003831417624521105
2022-04-29,13100,13350,12950,13150,8256,0.003816793893129722
2022-05-02,13050,13200,12900,13150,6926,0.0
2022-05-03,13150,13250,13000,13100,3086,-0.0038022813688213253
2022-05-04,13100,13100,12600,13050,12032,-0.003816793893129722
2022-05-06,12900,12950,12650,12950,9267,-0.007662835249042099
2022-05-09,12950,12950,12350,12650,13181,-0.02316602316602312
2022-05-10,12500,13100,12150,12900,16998,0.01976284584980248
2022-05-11,13050,13050,12500,12550,14391,-0.027131782945736482
2022-05-12,12650,12650,12150,12500,12960,-0.003984063745019917
2022-05-13,12450,12500,12200,12350,11252,-0.01200000000000001
2022-05-16,12500,12700,12200,12400,5272,0.004048582995951344
2022-05-17,12400,12600,12300,12600,9387,0.016129032258064502
2022-05-18,12700,12700,12250,12250,4607,-0.02777777777777779
2022-05-19,12000,12100,11900,11950,3781,-0.024489795918367308
2022-05-20,12200,12500,11950,12500,3948,0.046025104602510414
2022-05-23,12450,12450,12250,12450,3302,-0.0040000000000000036
2022-05-24,12500,12700,12150,12400,4782,-0.004016064257028162
2022-05-25,12400,12400,12000,12150,8724,-0.020161290322580627
2022-05-26,12150,12400,12000,12400,7382,0.020576131687242816
2022-05-27,12400,12500,12100,12350,3811,-0.0040322580645161255
2022-05-30,12300,12450,12250,12400,3717,0.004048582995951344
2022-05-31,12400,12500,12150,12400,3760,0.0
2022-06-02,12350,12400,12100,12350,2747,-0.0040322580645161255
2022-06-03,12300,12550,12100,12300,5862,-0.004048582995951455
2022-06-07,12300,12350,12050,12350,8161,0.004065040650406582
2022-06-08,12100,12250,12050,12050,1061,-0.02429149797570851
2022-06-09,12050,13250,11850,12100,124804,0.004149377593360981
2022-06-10,11950,12100,11800,12100,6343,0.0
2022-06-13,11750,11900,11550,11900,9305,-0.016528925619834656
2022-06-14,11450,11850,11350,11850,4987,-0.004201680672268893
2022-06-15,11800,11850,11400,11400,2971,-0.03797468354430378
2022-06-16,11400,12050,11300,11400,5754,0.0
2022-06-17,11350,11800,10900,11800,3730,0.03508771929824572
2022-06-20,11600,11700,10800,11350,10180,-0.03813559322033899
2022-06-21,11050,11300,11000,11100,7167,-0.022026431718061623
2022-06-22,11100,11100,10500,10800,8099,-0.027027027027026973
2022-06-23,10700,11350,10350,11300,10551,0.04629629629629628
2022-06-24,11000,11700,11000,11600,14534,0.026548672566371723
2022-06-27,11600,11700,11200,11300,17284,-0.025862068965517238
2022-06-28,11300,11600,11050,11600,8652,0.026548672566371723
2022-06-29,11400,11850,11250,11800,6345,0.01724137931034475
2022-06-30,11650,11850,11400,11450,6999,-0.029661016949152574
2022-07-01,11400,11450,11150,11450,5119,0.0
2022-07-04,11300,11350,11150,11200,3371,-0.02183406113537123
2022-07-05,11150,11400,11150,11400,3554,0.017857142857142794
2022-07-06,11400,11900,11200,11300,9175,-0.00877192982456143
2022-07-07,11300,11400,11200,11400,2355,0.008849557522123908
2022-07-08,11550,11800,11400,11600,2384,0.01754385964912286
2022-07-11,11600,11700,11250,11250,13584,-0.030172413793103425
2022-07-12,11250,11250,11000,11000,3387,-0.022222222222222254
2022-07-13,11000,11650,10950,11450,5850,0.040909090909091006
2022-07-14,11400,11900,11000,11000,13724,-0.0393013100436681
2022-07-15,11050,11250,10950,11200,13782,0.018181818181818077
2022-07-18,11200,11450,11150,11450,1581,0.022321428571428603
2022-07-19,11400,11700,11250,11450,5786,0.0
2022-07-20,11400,11650,11250,11600,15585,0.013100436681222627
2022-07-21,11500,11900,11500,11650,5198,0.004310344827586299
2022-07-22,11650,11850,11400,11550,7502,-0.008583690987124415
2022-07-25,11500,11600,11400,11400,3933,-0.012987012987012991
2022-07-26,11400,11500,11300,11500,999,0.00877192982456143
2022-07-27,11350,11600,11350,11600,1960,0.008695652173912993
2022-07-28,11600,11700,11500,11550,3338,-0.004310344827586188
2022-07-29,11500,11900,11400,11550,11744,0.0
2022-08-01,11550,11550,11400,11500,2325,-0.0043290043290042934
2022-08-02,11500,11750,11400,11750,3958,0.021739130434782705
2022-08-03,11700,12000,11600,11900,11824,0.012765957446808418
2022-08-04,11850,12000,11650,11950,6246,0.004201680672268893
2022-08-05,11950,12250,11750,11950,19764,0.0
2022-08-08,11950,12500,11900,11900,9224,-0.004184100418409997
2022-08-09,11950,12100,11800,12100,6896,0.01680672268907557
2022-08-10,11950,12100,11800,12000,4337,-0.008264462809917328
2022-08-11,12000,12000,11850,11850,4055,-0.012499999999999956
2022-08-12,11850,12200,11800,12200,5464,0.029535864978903037
2022-08-16,12200,12350,12050,12200,8344,0.0
2022-08-17,12200,12400,12100,12250,6257,0.004098360655737654
2022-08-18,12050,12100,11850,11950,7684,-0.024489795918367308
2022-08-19,11900,12300,11900,12200,8291,0.02092050209205021
2022-08-22,12150,12300,12050,12200,5360,0.0
2022-08-23,12100,12250,12000,12200,7428,0.0
2022-08-24,12350,12350,12050,12200,8561,0.0
2022-08-25,12200,12300,12050,12100,7796,-0.008196721311475419
2022-08-26,12100,12600,12000,12400,24014,0.024793388429751984
2022-08-29,12350,12350,11800,11800,10042,-0.048387096774193505
2022-08-30,11750,12000,11700,12000,6087,0.016949152542372836
2022-08-31,11900,12150,11900,12050,3000,0.004166666666666652
2022-09-01,12050,12050,11900,11950,3452,-0.008298755186721962
2022-09-02,11950,11950,11700,11800,5921,-0.012552301255230103
2022-09-05,11700,11800,11500,11550,9339,-0.021186440677966156
2022-09-06,11500,12150,11500,11550,5759,0.0
2022-09-07,11650,12300,11550,11900,3810,0.030303030303030276
2022-09-08,11900,12200,11700,11850,21327,-0.004201680672268893
2022-09-13,11950,12150,11850,11850,5675,0.0
2022-09-14,11850,11900,11700,11900,1283,0.00421940928270037
2022-09-15,11850,12150,11800,12100,2792,0.01680672268907557
2022-09-16,12000,12200,11900,12050,5262,-0.004132231404958664
2022-09-19,12000,12000,11750,11750,2021,-0.024896265560165998
2022-09-20,11700,11850,11650,11750,2773,0.0
2022-09-21,11750,12150,11700,12000,1812,0.02127659574468077
2022-09-22,11850,11950,11800,11900,1641,-0.008333333333333304
2022-09-23,11850,12150,11650,12100,2141,0.01680672268907557
2022-09-26,12000,12000,11100,11100,17079,-0.0826446280991735
2022-09-27,11000,11400,10900,11300,2277,0.018018018018018056
2022-09-28,11250,11500,10900,10950,990,-0.030973451327433676
2022-09-29,11200,11200,11050,11200,625,0.022831050228310446
2022-09-30,11200,11450,10800,11100,2579,-0.008928571428571397
2022-10-04,11350,11350,11000,11100,14958,0.0
2022-10-05,11300,11300,10900,10900,12824,-0.018018018018018056
2022-10-06,11100,11650,10900,11500,19887,0.05504587155963292
2022-10-07,11350,11400,11200,11200,11915,-0.02608695652173909
2022-10-11,11200,11200,10850,11100,5904,-0.008928571428571397
2022-10-12,10950,11500,10950,11400,11783,0.027027027027026973
2022-10-13,11300,11650,10950,11200,2496,-0.01754385964912286
2022-10-14,11300,11650,11150,11400,2835,0.017857142857142794
2022-10-17,11400,11450,11250,11400,1787,0.0
2022-10-18,11450,11800,11350,11500,5591,0.00877192982456143
2022-10-19,11650,11850,11400,11600,2321,0.008695652173912993
2022-10-20,11600,11600,11350,11350,918,-0.02155172413793105
2022-10-21,11350,11750,11000,11750,5930,0.03524229074889873
2022-10-24,11650,11700,11250,11250,3975,-0.04255319148936165
2022-10-25,11350,11350,11150,11150,1875,-0.008888888888888835
2022-10-26,11150,11400,11100,11250,2872,0.008968609865470878
2022-10-27,11200,11300,11100,11150,1038,-0.008888888888888835
2022-10-28,11250,11500,11050,11450,1809,0.026905829596412634
2022-10-31,11550,11550,11250,11500,1820,0.004366812227074135
2022-11-01,11450,11950,11300,11700,4300,0.017391304347825987
2022-11-02,11900,12000,11450,11500,7258,-0.017094017094017144
2022-11-03,11400,11650,11350,11600,2311,0.008695652173912993
2022-11-04,11500,11750,11400,11750,3560,0.012931034482758674
2022-11-07,11600,12000,11450,11600,3414,-0.012765957446808529
2022-11-08,11600,11750,11550,11700,28923,0.008620689655172376
2022-11-09,11700,11850,11550,11600,7164,-0.008547008547008517
2022-11-10,11600,11800,11450,11650,8673,0.004310344827586299
2022-11-11,11650,11900,11600,11700,1804,0.0042918454935623185
2022-11-14,11700,11700,11500,11600,4781,-0.008547008547008517
2022-11-15,11600,12200,11600,11850,6324,0.02155172413793105
2022-11-16,11800,12050,11750,12000,5709,0.012658227848101333
2022-11-17,11850,12050,11650,11650,6460,-0.029166666666666674
2022-11-18,11600,11800,11450,11450,3655,-0.01716738197424894
2022-11-21,11450,11450,11150,11150,8213,-0.026200873362445365
2022-11-22,11150,11200,11100,11200,3454,0.004484304932735439
2022-11-23,11200,11400,11200,11400,3561,0.017857142857142794
2022-11-24,11400,11600,11400,11400,3288,0.0
2022-11-25,11450,11600,11450,11600,911,0.01754385964912286
2022-11-28,11600,11600,11400,11450,1309,-0.012931034482758674
2022-11-29,11450,11500,11300,11450,1654,0.0
2022-11-30,11450,11600,11300,11600,1288,0.013100436681222627
2022-12-01,11650,11650,11450,11500,9789,-0.008620689655172376
2022-12-02,11500,11600,11250,11250,25061,-0.021739130434782594
2022-12-05,11250,11400,11250,11350,2870,0.008888888888888946
2022-12-06,11300,11400,11200,11200,3361,-0.013215859030836996
2022-12-07,11250,11250,11050,11200,1796,0.0
2022-12-08,11150,11550,11000,11050,5581,-0.013392857142857095
2022-12-09,11150,11150,11050,11100,6030,0.004524886877828038
2022-12-12,11150,11150,10950,11100,5908,0.0
2022-12-13,11100,11150,10900,11150,11313,0.0045045045045044585
2022-12-14,11100,11150,11000,11150,4022,0.0
2022-12-15,11100,11150,11050,11150,6198,0.0
2022-12-16,11000,11150,11000,11150,1523,0.0
2022-12-19,11050,11100,11000,11000,3177,-0.013452914798206317
2022-12-20,11000,11000,10900,10950,4380,-0.004545454545454519
2022-12-21,10900,11000,10850,10950,8550,0.0
2022-12-22,10900,11050,10900,10950,1046,0.0
2022-12-23,11000,11000,10900,10950,1042,0.0
2022-12-26,10900,11000,10750,11000,3629,0.004566210045662045
2022-12-27,10900,11100,10800,10900,3140,-0.009090909090909038
2022-12-28,11050,11050,10700,10700,3367,-0.01834862385321101
2022-12-29,10700,11200,10500,11150,3502,0.0420560747663552
2023-01-02,11150,11150,10650,10650,2031,-0.04484304932735428
2023-01-03,10650,10650,10500,10500,2287,-0.014084507042253502
2023-01-04,10600,10900,10450,10750,685,0.023809523809523725
2023-01-05,10750,11000,10650,10650,881,-0.009302325581395321
2023-01-06,11000,11000,10550,10900,3564,0.023474178403755763
2023-01-09,10900,11000,10650,10700,9032,-0.01834862385321101
2023-01-10,10700,10750,10500,10750,12183,0.004672897196261738
2023-01-11,10700,10850,10650,10800,2822,0.0046511627906977715
2023-01-12,10800,10800,10550,10650,9033,-0.01388888888888884
2023-01-13,10600,10750,10600,10650,10805,0.0
2023-01-16,10700,10800,10600,10800,1883,0.014084507042253502
2023-01-17,10800,10850,10650,10750,2845,-0.00462962962962965
2023-01-18,10650,10800,10650,10750,1210,0.0
2023-01-19,10700,10750,10650,10750,900,0.0
2023-01-20,10750,10950,10650,10950,2222,0.018604651162790642
2023-01-25,10920,10920,10780,10910,3059,-0.0036529680365297024
2023-01-26,10850,10890,10800,10860,2261,-0.004582951420714965
2023-01-27,10870,10880,10780,10840,6829,-0.0018416206261510082
2023-01-30,10850,10850,10770,10770,1389,-0.0064575645756457245
2023-01-31,10800,10800,10670,10740,3499,-0.0027855153203342198
2023-02-01,10730,10800,10730,10800,463,0.005586592178770999
2023-02-02,10820,10990,10800,10990,1786,0.017592592592592604
2023-02-03,10980,10980,10830,10980,8951,-0.0009099181073702889
2023-02-06,10980,11050,10810,11050,5831,0.006375227686703067
2023-02-07,10940,10940,10880,10880,1328,-0.01538461538461533
2023-02-08,10880,10930,10880,10920,860,0.003676470588235281
2023-02-09,10910,11020,10850,10940,7647,0.001831501831501825
2023-02-10,10940,10940,10890,10900,2783,-0.003656307129798919
2023-02-13,10910,10910,10810,10860,2105,-0.003669724770642202
2023-02-14,10890,10900,10830,10850,2016,-0.0009208103130755596
2023-02-15,10900,10910,10770,10790,2906,-0.0055299539170506895
2023-02-16,10710,10840,10700,10800,1339,0.000926784059314123
2023-02-17,10780,10970,10710,10940,7164,0.012962962962963065
2023-02-20,10930,11500,10890,11500,10957,0.051188299817184646
2023-02-21,11440,11450,11240,11430,3172,-0.006086956521739184
2023-02-22,11380,11380,11170,11300,2210,-0.011373578302712128
2023-02-23,11150,11280,11150,11220,1816,-0.0070796460176991705
2023-02-24,11210,11220,11150,11220,659,0.0
2023-02-27,11130,11190,11020,11170,2535,-0.004456327985739805
2023-02-28,11110,11790,11110,11600,2756,0.038495971351835356
2023-03-02,11480,11750,11400,11580,10135,-0.0017241379310344307
2023-03-03,11530,11700,11400,11630,8690,0.0043177892918826455
2023-03-06,11530,11670,11200,11340,11671,-0.02493551160791052
2023-03-07,11340,11370,11200,11270,2620,-0.006172839506172867
2023-03-08,11320,11320,11150,11180,3645,-0.007985803016858917
2023-03-09,11140,11210,11100,11120,2275,-0.00536672629695889
2023-03-10,11100,11110,10950,10990,2118,-0.011690647482014427
2023-03-13,10720,10970,10710,10900,7450,-0.008189262966333044
2023-03-14,10850,10850,10610,10610,5009,-0.026605504587155937
2023-03-15,10610,11000,10610,10640,4283,0.002827521206409056
2023-03-16,10750,10840,10560,10770,6390,0.012218045112782017
2023-03-17,10800,10950,10780,10780,3708,0.0009285051067779992
2023-03-20,10810,10810,10700,10700,3533,-0.007421150278293154
2023-03-21,10800,10800,10680,10680,7138,-0.0018691588785046953
2023-03-22,10800,10800,10660,10660,10473,-0.0018726591760299671
2023-03-23,10700,11000,10620,10640,10540,-0.0018761726078799779
2023-03-24,10650,10770,10580,10770,5239,0.012218045112782017
2023-03-27,10770,10770,10520,10570,5956,-0.01857010213556176
2023-03-28,10580,11000,10530,10900,2291,0.03122043519394513
2023-03-29,10900,10900,10630,10670,5164,-0.02110091743119269
2023-03-30,10670,10780,10670,10700,5054,0.00281162136832247
2023-03-31,10720,10970,10720,10830,5693,0.012149532710280297
2023-04-03,10830,11100,10820,11100,4575,0.024930747922437657
2023-04-04,11150,11150,10920,10920,9085,-0.01621621621621616
2023-04-05,10920,11100,10890,11100,3494,0.016483516483516425
2023-04-06,11010,11380,10840,11100,10248,0.0
2023-04-07,11040,11130,10860,11130,4562,0.002702702702702675
2023-04-10,11010,11370,10950,11360,4371,0.020664869721473522
2023-04-11,11170,11200,11000,11140,6359,-0.01936619718309862
2023-04-12,11120,11350,11050,11330,2433,0.017055655296229766
2023-04-13,11320,11330,11240,11330,1460,0.0
2023-04-14,11320,11370,11240,11250,2506,-0.007060900264783787
2023-04-17,11170,11370,11160,11360,2874,0.009777777777777885
2023-04-18,11360,11360,11270,11290,983,-0.0061619718309858795
2023-04-19,11290,11400,11240,11400,2327,0.009743135518157642
2023-04-20,11350,11350,11250,11340,771,-0.0052631578947368585
2023-04-21,11160,11320,11120,11320,4725,-0.0017636684303351524
2023-04-24,11220,11260,11110,11180,7149,-0.012367491166077715
2023-04-25,11110,11350,11020,11350,5891,0.015205724508050134
2023-04-26,11230,11230,11110,11200,3044,-0.013215859030836996
2023-04-27,11110,11300,11100,11300,1922,0.008928571428571397
2023-04-28,11290,11290,11150,11280,1723,-0.001769911504424737
2023-05-02,11240,11400,11130,11180,3359,-0.00886524822695034
2023-05-03,11180,11180,11120,11170,1438,-0.0008944543828264262
2023-05-04,11160,11180,11100,11170,761,0.0
2023-05-08,11100,11350,11100,11270,2945,0.00895255147717089
2023-05-09,11240,11240,11130,11200,1447,-0.006211180124223614
2023-05-10,11160,11230,11140,11200,2261,0.0
2023-05-11,11160,11190,11110,11150,8406,-0.004464285714285698
2023-05-12,11140,11160,11120,11120,924,-0.0026905829596413078
2023-05-15,11120,11190,11090,11190,929,0.00629496402877705
2023-05-16,11190,11190,11090,11090,2682,-0.00893655049151032
2023-05-17,11110,11130,11000,11020,4844,-0.006311992786293907
2023-05-18,11090,11140,10990,11000,3567,-0.001814882032667886
2023-05-19,11000,11100,10980,11080,7399,0.0072727272727273196
2023-05-22,11060,11060,10950,11060,17601,-0.0018050541516245744
2023-05-23,11000,11030,10880,10920,11668,-0.012658227848101222
2023-05-24,10890,10910,10860,10880,1200,-0.00366300366300365
2023-05-25,10880,10920,10830,10840,2347,-0.003676470588235281
2023-05-26,10840,11050,10810,10900,3701,0.005535055350553542
2023-05-30,10950,11170,10760,10760,15093,-0.012844036697247652
2023-05-31,10770,10830,10750,10750,3951,-0.0009293680297397522
2023-06-01,10750,10950,10700,10710,3385,-0.0037209302325581506
2023-06-02,10880,10880,10700,10720,741,0.0009337068160597539
2023-06-05,10870,10870,10750,10800,2377,0.00746268656716409
2023-06-07,10800,10840,10700,10710,7630,-0.008333333333333304
2023-06-08,10710,10740,10710,10720,440,0.0009337068160597539
2023-06-09,10720,10990,10720,10890,4036,0.01585820895522394
2023-06-12,10890,10890,10700,10730,7662,-0.014692378328741929
2023-06-13,10730,10770,10720,10730,1182,0.0
2023-06-14,10730,10880,10690,10860,2845,0.012115563839701693
2023-06-15,10760,10760,10620,10680,4043,-0.016574585635359074
2023-06-16,10710,10710,10590,10650,3168,-0.002808988764044895
2023-06-19,10650,10660,10590,10620,2825,-0.0028169014084507005
2023-06-20,10620,10650,10590,10600,1104,-0.0018832391713747842
2023-06-21,10590,10600,10500,10500,2846,-0.009433962264150941
2023-06-22,10490,10540,10470,10480,3427,-0.0019047619047618536
2023-06-23,10470,10700,10320,10700,11233,0.020992366412213803
2023-06-26,10660,10680,10410,10680,4181,-0.0018691588785046953
2023-06-27,10670,10670,10570,10660,2809,-0.0018726591760299671
2023-06-28,10590,10630,10490,10630,7478,-0.0028142589118198558
2023-06-29,10580,10580,10400,10420,27691,-0.019755409219190945
2023-06-30,10410,10560,10400,10560,1680,0.013435700575815668
2023-07-03,10560,10560,10420,10480,4701,-0.007575757575757569
2023-07-04,10590,10590,10400,10480,2769,0.0
2023-07-05,10480,10480,10390,10480,2550,0.0
2023-07-06,10420,10480,10340,10400,3634,-0.007633587786259555
2023-07-07,10340,10340,10200,10300,3624,-0.009615384615384581
2023-07-10,10280,10310,10180,10180,7300,-0.011650485436893177
2023-07-11,10180,10290,10140,10150,4997,-0.0029469548133594925
2023-07-12,10150,10200,10100,10200,2630,0.0049261083743843415
2023-07-13,10230,10230,10130,10190,1014,-0.0009803921568627416
2023-07-14,10130,10750,10120,10200,3335,0.0009813542688910104
2023-07-17,10300,10460,10150,10250,6785,0.004901960784313708
2023-07-18,10250,10340,10030,10040,23034,-0.0204878048780488
2023-07-19,10300,10300,10000,10000,2127,-0.003984063745019917
2023-07-20,9950,10010,9940,9990,5577,-0.0010000000000000009
2023-07-21,9990,10100,9900,10050,6187,0.006006006006006093
2023-07-24,10090,10090,9840,9920,9864,-0.012935323383084563
2023-07-25,9920,10010,9530,9590,29604,-0.03326612903225812
2023-07-26,9590,9590,9060,9200,20766,-0.040667361835245
2023-07-27,9200,9520,9100,9520,8683,0.034782608695652195
2023-07-28,9520,9900,9410,9850,10884,0.034663865546218586
2023-07-31,9850,10050,9330,9810,11554,-0.004060913705583702
2023-08-01,10050,10050,9710,9890,6902,0.00815494393476035
2023-08-02,10040,10040,9720,9940,15348,0.005055611729019249
2023-08-03,9860,9980,9710,9910,25426,-0.003018108651911433
2023-08-04,9890,9990,9750,9850,43972,-0.006054490413723523
2023-08-07,9850,9990,9750,9770,110640,-0.008121827411167515
2023-08-08,9770,9790,9670,9790,3134,0.0020470829068577334
2023-08-09,9710,9900,9660,9900,2235,0.011235955056179803
2023-08-10,9980,9980,9730,9830,12902,-0.007070707070707116
2023-08-11,9810,9990,9690,9800,14170,-0.003051881993896277
2023-08-14,9800,9940,9640,9730,10989,-0.0071428571428571175
2023-08-16,9730,9730,9480,9550,12447,-0.018499486125385434
2023-08-17,9550,9600,9280,9550,10938,0.0
2023-08-18,9440,9750,9340,9490,3740,-0.006282722513089034
2023-08-21,9480,9740,9390,9470,64858,-0.0021074815595363283
2023-08-22,9470,9490,9370,9380,1777,-0.009503695881731833
2023-08-23,9490,9490,9320,9440,669,0.006396588486140775
2023-08-24,9370,9500,9330,9500,2260,0.006355932203389925
2023-08-25,9530,9870,9410,9830,4079,0.03473684210526318
2023-08-28,9680,9770,9500,9650,4286,-0.01831129196337744
2023-08-29,9650,9820,9580,9790,1999,0.014507772020725396
2023-08-30,9800,9810,9680,9730,3455,-0.006128702757916216
2023-08-31,9740,9840,9740,9780,3312,0.005138746145940454
2023-09-01,9850,10000,9740,9740,2828,-0.004089979550102263
2023-09-04,9740,9840,9730,9810,2931,0.007186858316221789
2023-09-05,9730,9820,9420,9570,21610,-0.024464831804281384
2023-09-06,9560,9560,9230,9230,23118,-0.03552769070010453
2023-09-07,9240,9280,9100,9140,15131,-0.009750812567713929
2023-09-08,9140,9500,9100,9470,7247,0.03610503282275701
2023-09-11,9370,9380,9190,9250,9422,-0.023231256599788752
2023-09-12,9240,9240,9090,9160,8588,-0.009729729729729741
2023-09-13,9100,9130,9020,9080,4791,-0.008733624454148492
2023-09-14,9040,9080,8990,9070,6747,-0.0011013215859030367
2023-09-15,9070,9200,9030,9160,4213,0.009922822491730932
2023-09-18,9150,9200,9060,9180,4481,0.0021834061135370675
2023-09-19,9120,9160,9090,9100,3251,-0.008714596949891074
2023-09-20,9120,9170,9090,9160,4153,0.00659340659340657
2023-09-21,9170,9170,9010,9150,9425,-0.0010917030567685337
2023-09-22,9150,9150,9010,9150,4095,0.0
2023-09-25,9150,9230,9030,9160,4338,0.0010928961748633004
2023-09-26,9090,9170,9060,9100,4851,-0.0065502183406113135
2023-09-27,9100,9190,9030,9140,5743,0.00439560439560438
2023-10-04,9130,9130,9030,9060,8355,-0.008752735229759279
2023-10-05,9040,9210,9040,9210,2883,0.01655629139072845
2023-10-06,9180,9180,9060,9080,7218,-0.014115092290988063
2023-10-10,9090,9130,8960,9020,7573,-0.0066079295154185536
2023-10-11,9020,9070,9000,9070,1255,0.005543237250554389
2023-10-12,9050,9140,9050,9070,6495,0.0
2023-10-13,9110,9170,8990,9160,16713,0.009922822491730932
2023-10-16,9160,9230,9020,9030,57483,-0.014192139737991272
2023-10-17,9120,9140,9040,9100,1761,0.007751937984496138
2023-10-18,9190,9290,9100,9100,3990,0.0
2023-10-19,9100,9190,9060,9080,974,-0.00219780219780219
2023-10-20,9100,9100,8990,9060,4444,-0.0022026431718061845
2023-10-23,9060,9170,8880,9150,3264,0.009933774834437026
2023-10-24,9080,9100,9010,9100,303,-0.005464480874316946
2023-10-25,9100,9140,9050,9120,1053,0.00219780219780219
2023-10-26,9060,9070,9000,9070,998,-0.005482456140350922
2023-10-27,9020,9140,9000,9110,1593,0.004410143329658167
2023-10-30,9110,9180,9060,9170,1629,0.00658616904500553
2023-10-31,9170,9210,9050,9210,1697,0.004362050163576825
2023-11-01,9160,9170,9040,9110,2699,-0.010857763300760048
2023-11-02,9130,9190,9060,9180,2846,0.007683863885839637
2023-11-03,9200,9290,9120,9160,1696,-0.002178649237472796
2023-11-06,9260,9260,9120,9150,7613,-0.0010917030567685337
2023-11-07,9150,9150,9060,9130,1056,-0.002185792349726823
2023-11-08,9120,10870,9100,9460,252857,0.03614457831325302
2023-11-09,9460,9520,9250,9400,14485,-0.006342494714587699
2023-11-10,9370,9440,9230,9350,8181,-0.005319148936170248
2023-11-13,9350,9350,9180,9200,8265,-0.016042780748663055
2023-11-14,9170,9250,9100,9210,5560,0.0010869565217390686
2023-11-15,9190,9370,9170,9270,3220,0.006514657980456029
2023-11-16,9270,9350,9230,9340,7183,0.007551240560949246
2023-11-17,9340,9350,9160,9330,8235,-0.0010706638115631772
2023-11-20,9330,9460,9210,9460,2468,0.013933547695605508
2023-11-21,9460,9500,9380,9480,3871,0.0021141649048626032
2023-11-22,9490,9540,9410,9490,1582,0.001054852320675037
2023-11-23,9490,9540,9430,9450,3507,-0.004214963119072657
2023-11-24,9460,9550,9380,9500,5361,0.005291005291005346
2023-11-27,9500,9560,9390,9450,718,-0.0052631578947368585
2023-11-28,9500,9500,9350,9490,4101,0.004232804232804144
2023-11-29,9480,9480,9350,9410,1350,-0.008429926238145424
2023-11-30,9450,9450,9320,9400,1155,-0.0010626992561104665
2023-12-01,9400,9490,9340,9400,748,0.0
2023-12-04,9420,9590,9320,9510,2653,0.011702127659574568
2023-12-05,9510,9520,9440,9490,835,-0.002103049421661396
2023-12-06,9490,9490,9380,9460,1139,-0.0031612223393044925
2023-12-07,9450,9450,9340,9440,694,-0.0021141649048626032
2023-12-08,9440,9500,9370,9500,1012,0.006355932203389925
2023-12-11,9490,9510,9410,9440,471,-0.0063157894736841635
2023-12-12,9490,9500,9380,9410,383,-0.0031779661016949623
2023-12-13,9470,9490,9370,9470,4725,0.006376195536663021
2023-12-14,9530,9530,9300,9390,3461,-0.008447729672650506
2023-12-15,9380,9470,9300,9390,4748,0.0
2023-12-18,9380,9410,9300,9400,1388,0.0010649627263046302
2023-12-19,9400,9500,9280,9350,2840,-0.005319148936170248
2023-12-20,9350,9350,9290,9340,2280,-0.0010695187165775666
2023-12-21,9340,9500,9290,9300,3642,-0.004282655246252709
2023-12-22,9300,9310,9250,9290,3426,-0.0010752688172043223
2023-12-26,9290,9320,9260,9270,3580,-0.0021528525296017342
2023-12-27,9250,9270,9150,9170,2520,-0.010787486515641875
2023-12-28,9170,9440,9170,9440,2863,0.029443838604144013
2024-01-02,9420,9420,9210,9260,2475,-0.01906779661016944
2024-01-03,9300,9300,9180,9270,4342,0.001079913606911509
2024-01-04,9260,9260,9150,9250,3825,-0.0021574973031284195
2024-01-05,9240,9280,9160,9280,5028,0.00324324324324321
2024-01-08,9320,9320,9050,9190,10904,-0.00969827586206895
2024-01-09,9230,9230,9060,9150,10933,-0.0043525571273123065
2024-01-10,9150,9190,9060,9130,7833,-0.002185792349726823
2024-01-11,9210,9210,9080,9140,2675,0.0010952902519167917
2024-01-12,9220,9320,9080,9290,3148,0.01641137855579866
2024-01-15,9290,9290,9080,9130,9624,-0.017222820236813763
2024-01-16,9150,9580,9030,9030,15852,-0.010952902519167584
2024-01-17,9020,9090,8910,9030,7054,0.0
2024-01-18,9030,9120,8950,9120,5339,0.009966777408637828
2024-01-19,9120,9330,8990,9080,1638,-0.004385964912280715
2024-01-22,9150,9150,9020,9110,755,0.0033039647577093323
2024-01-23,9270,9270,9040,9040,2789,-0.007683863885839748
2024-01-24,9060,9100,9030,9050,5243,0.0011061946902655162
2024-01-25,9150,9150,9020,9100,4629,0.005524861878453136
2024-01-26,9100,9380,9060,9330,5953,0.025274725274725185
2024-01-29,9330,9440,9150,9410,9820,0.008574490889603492
2024-01-30,9410,9600,9340,9490,12211,0.008501594048884176
2024-01-31,9490,9620,9430,9470,22909,-0.0021074815595363283
2024-02-01,9460,9780,9420,9690,15248,0.023231256599788752
2024-02-02,9700,9950,9680,9860,10476,0.01754385964912286
2024-02-05,9940,10090,9780,10040,16601,0.018255578093306246
2024-02-06,9980,10100,9670,9920,14720,-0.01195219123505975
2024-02-07,9900,9950,9620,9930,6683,0.0010080645161290036
2024-02-08,9920,9960,9820,9920,8372,-0.001007049345417954
2024-02-13,9920,9970,9810,9890,4982,-0.003024193548387122
2024-02-14,9800,9900,9650,9800,5389,-0.009100101112234582
2024-02-15,9800,9930,9610,9780,7623,-0.0020408163265306367
2024-02-16,9850,9920,9570,9750,5045,-0.0030674846625766694
2024-02-19,9790,9790,9660,9750,4112,0.0
2024-02-20,9750,9790,9650,9750,2527,0.0
2024-02-21,9750,9750,9620,9750,8443,0.0
2024-02-22,9720,9790,9630,9750,12707,0.0
2024-02-23,9750,9750,9660,9720,9863,-0.003076923076923088
2024-02-26,9720,9720,9460,9700,7485,-0.002057613168724326
2024-02-27,9640,9700,9460,9700,4836,0.0
2024-02-28,9580,9680,9560,9680,2927,-0.0020618556701030855
2024-02-29,9650,9680,9580,9640,2529,-0.004132231404958664
2024-03-04,9640,9640,9560,9610,13573,-0.003112033195020736
2024-03-05,9510,9700,9510,9600,1687,-0.0010405827263267886
2024-03-06,9610,9610,9520,9530,1113,-0.007291666666666696
2024-03-07,9540,9600,9490,9520,2865,-0.0010493179433368471
2024-03-08,9530,9620,9480,9480,4707,-0.004201680672268893
2024-03-11,9490,9520,9170,9450,7594,-0.0031645569620253333
2024-03-12,9440,9520,9390,9410,1327,-0.004232804232804255
2024-03-13,9410,9410,9330,9330,2135,-0.008501594048884176
2024-03-14,9330,9350,9310,9320,19854,-0.001071811361200381
2024-03-15,9330,9490,9320,9320,2191,0.0
2024-03-18,9350,9480,9350,9410,2471,0.00965665236051505
2024-03-19,9410,9650,9350,9430,636,0.002125398512220933
2024-03-20,9430,9640,9360,9370,1980,-0.006362672322375418
2024-03-21,9430,9470,9370,9460,1002,0.009605122732123883
2024-03-22,9440,9560,9390,9470,4821,0.0010570824524311906
2024-03-25,9390,9580,9370,9460,1420,-0.001055966209081327
2024-03-26,9660,9660,9370,9570,1173,0.011627906976744207
2024-03-27,9470,9630,9410,9590,2182,0.002089864158829613
2024-03-28,9590,9610,9440,9530,667,-0.006256517205422307
2024-03-29,9530,9640,9460,9470,6097,-0.006295907660020972
2024-04-01,9470,9540,9380,9410,513,-0.006335797254487852
2024-04-02,9490,9490,9400,9420,397,0.0010626992561104665
2024-04-03,9600,9890,9240,9410,5472,-0.0010615711252653925
2024-04-04,9410,9500,9350,9450,391,0.004250797024442088
2024-04-05,9430,9600,9370,9370,510,-0.00846560846560851
2024-04-08,9410,9410,9300,9370,733,0.0
2024-04-09,9320,9590,9320,9340,1039,-0.0032017075773745907
2024-04-11,9590,9590,9260,9330,283,-0.0010706638115631772
2024-04-12,9330,9400,9300,9370,2053,0.004287245444801746
2024-04-15,9300,9450,9200,9390,2162,0.002134471718249653
2024-04-16,9310,9380,9210,9300,2225,-0.009584664536741228
2024-04-17,9250,9450,9250,9390,268,0.00967741935483879
2024-04-18,9360,9440,9320,9430,992,0.004259850905218299
2024-04-19,9430,9430,9190,9210,1950,-0.02332979851537642
2024-04-22,9160,9360,9160,9180,850,-0.0032573289902280145
2024-04-23,9230,9360,9130,9340,968,0.017429193899782147
2024-04-24,9340,9430,9230,9280,507,-0.0064239828693790635
2024-04-25,9280,9350,9230,9330,1383,0.005387931034482651
2024-04-26,9400,9400,9150,9380,1023,0.005359056806002238
2024-04-29,9290,9400,9260,9380,6045,0.0
2024-04-30,9590,9590,9290,9320,1853,-0.006396588486140775
2024-05-02,9310,9320,9230,9260,960,-0.006437768240343367
2024-05-03,9490,9500,9250,9280,708,0.002159827213822796
2024-05-07,9540,9540,9180,9200,1972,-0.008620689655172376
2024-05-08,9200,9300,9200,9300,1982,0.010869565217391353
2024-05-09,9260,9270,9240,9250,409,-0.005376344086021501
2024-05-10,9250,9270,9210,9210,1843,-0.00432432432432428
2024-05-13,9220,9240,9170,9220,885,0.0010857763300760048
2024-05-14,9210,9320,9200,9220,372,0.0
2024-05-16,9230,9340,9220,9320,4589,0.010845986984815648
2024-05-17,9270,9320,9210,9310,4047,-0.0010729613733905241
2024-05-20,9310,9400,9230,9300,3286,-0.0010741138560687036
2024-05-21,9230,9370,9170,9240,3381,-0.006451612903225823
2024-05-22,9290,9300,9190,9230,1645,-0.0010822510822511289
2024-05-23,9230,9270,9230,9270,1213,0.004333694474539573
2024-05-24,9250,9360,9160,9260,6361,-0.0010787486515642097
2024-05-27,9260,9260,9200,9250,736,-0.001079913606911398
2024-05-28,9210,9280,9200,9260,3255,0.00108108108108107
2024-05-29,9210,9360,9150,9280,4891,0.002159827213822796
2024-05-30,9210,9270,9170,9250,1083,-0.003232758620689613
2024-05-31,9250,9280,9190,9210,1110,-0.00432432432432428
2024-06-03,9200,9330,9160,9330,4235,0.013029315960912058
2024-06-04,9340,9340,9250,9330,64,0.0
2024-06-05,9310,9350,9100,9100,3518,-0.024651661307609873
2024-06-07,9190,9230,9110,9190,2547,0.009890109890109855
2024-06-10,9190,9340,9080,9170,3905,-0.0021762785636560977
2024-06-11,9170,9170,9120,9120,1407,-0.005452562704471142
2024-06-12,9120,9170,9090,9120,751,0.0
2024-06-13,9170,9230,9100,9170,636,0.005482456140350811
2024-06-14,9120,9200,9080,9080,4459,-0.009814612868047967
2024-06-17,9080,9130,9060,9080,2068,0.0
2024-06-18,9080,9110,9070,9090,2301,0.0011013215859030367
2024-06-19,9130,9130,9040,9050,873,-0.004400440044004417
2024-06-20,9080,9100,9050,9080,1796,0.0033149171270718814
2024-06-21,9100,9100,9020,9020,6356,-0.0066079295154185536
2024-06-24,9100,9100,8940,9020,4728,0.0
2024-06-25,9070,9070,9000,9020,359,0.0
2024-06-26,9150,9150,9010,9050,1317,0.003325942350332678
2024-06-27,9100,9100,9000,9070,1557,0.0022099447513812542
2024-06-28,9070,9150,9010,9110,537,0.004410143329658167
2024-07-01,9050,9110,9030,9100,528,-0.001097694840834218
2024-07-02,9100,9100,9020,9070,1661,-0.003296703296703285
2024-07-03,9040,9060,9000,9020,932,-0.005512679162072764
2024-07-04,9020,9120,9000,9070,1580,0.005543237250554389
2024-07-05,9280,9280,8990,9050,1080,-0.0022050716648290836
2024-07-08,9080,9140,8980,9000,594,-0.0055248618784530246
2024-07-09,9060,9060,9000,9020,170,0.0022222222222221255
2024-07-10,9100,9100,8970,9030,897,0.0011086474501109667
2024-07-11,9020,9030,8960,8970,4582,-0.006644518272425293
2024-07-12,8980,9020,8900,8990,3367,0.0022296544035673715
2024-07-15,9000,9040,8970,9000,488,0.0011123470522802492
2024-07-16,9000,9050,8980,9050,6003,0.005555555555555536
2024-07-17,9010,9040,8990,9020,2993,-0.0033149171270717703
2024-07-18,9010,9050,8970,8980,4239,-0.0044345898004434225
2024-07-19,8990,9000,8940,8960,3080,-0.00222717149220486
2024-07-22,9040,9040,8900,8990,1976,0.0033482142857141906
2024-07-23,8980,9000,8950,9000,1932,0.0011123470522802492
2024-07-24,8980,9000,8920,8940,2236,-0.00666666666666671
2024-07-25,8940,8940,8890,8930,832,-0.0011185682326622093
2024-07-26,8910,8990,8890,8990,289,0.006718924972004547
2024-07-29,8940,9250,8940,9100,1297,0.012235817575083408
2024-07-30,9030,9090,8950,8960,2080,-0.01538461538461533
2024-07-31,8960,9010,8960,8990,556,0.0033482142857141906
2024-08-01,9000,9080,8940,9080,1599,0.010011123470522909
2024-08-02,9040,9040,8850,8850,3562,-0.025330396475770955
2024-08-05,8850,8850,8440,8570,10534,-0.031638418079096065
2024-08-06,8600,9000,8600,8930,5461,0.04200700116686118
2024-08-07,8840,8920,8820,8840,7208,-0.01007838745800671
2024-08-08,8840,8840,8640,8820,1959,-0.002262443438914019
2024-08-09,8880,8880,8800,8850,693,0.00340136054421758
2024-08-12,8800,9150,8800,9020,6396,0.019209039548022666
2024-08-13,9030,9130,8950,9000,3008,-0.0022172949002217113
2024-08-14,8970,9060,8930,9010,4944,0.0011111111111110628
2024-08-16,9010,9140,8970,9020,1561,0.0011098779134295356
2024-08-19,9020,9020,8900,8930,1904,-0.009977827050997812
2024-08-20,8940,9110,8930,9110,648,0.02015677491601342
2024-08-21,9040,9100,9000,9090,682,-0.002195389681668547
2024-08-22,9140,9140,9010,9050,1647,-0.004400440044004417
2024-08-23,9040,9240,9000,9240,1641,0.02099447513812147
2024-08-26,9160,9240,9110,9130,571,-0.011904761904761862
2024-08-27,9130,9340,9070,9340,1740,0.02300109529025196
2024-08-28,9300,9400,9110,9180,1827,-0.017130620985010725
2024-08-29,9150,9260,9010,9260,1506,0.008714596949890963
2024-08-30,9180,9260,9070,9210,522,-0.005399568034557212
2024-09-02,9200,9210,9140,9200,430,-0.0010857763300760048
2024-09-03,9200,9290,9080,9180,1288,-0.0021739130434782483
2024-09-04,9100,9180,9020,9180,1301,0.0
2024-09-05,9060,9340,9030,9340,555,0.017429193899782147
2024-09-06,9340,9340,9050,9190,3530,-0.016059957173447548
2024-09-09,9070,9170,9050,9150,1095,-0.0043525571273123065
2024-09-10,9060,9420,9060,9170,1489,0.002185792349726823
2024-09-11,9120,9400,9070,9070,697,-0.010905125408942173
2024-09-12,9080,9270,9070,9240,3499,0.018743109151047488
2024-09-13,9200,9390,9090,9300,3603,0.006493506493506551
2024-09-19,9300,9460,9210,9280,4241,-0.0021505376344086446
2024-09-20,9280,9440,9210,9280,1706,0.0
2024-09-23,9440,9440,9150,9300,1482,0.0021551724137931494
2024-09-24,9300,9300,9170,9300,692,0.0
2024-09-25,9300,9300,9170,9200,1581,-0.010752688172043001
2024-09-26,9200,9490,9150,9490,2217,0.03152173913043477
2024-09-27,9360,9440,9300,9340,3246,-0.015806111696522684
2024-09-30,9340,9400,9250,9300,284,-0.004282655246252709
2024-10-02,9290,9500,9100,9180,8129,-0.012903225806451646
2024-10-04,9180,9290,9120,9290,2565,0.011982570806100323
2024-10-07,9210,9290,9070,9070,4744,-0.023681377825618966
2024-10-08,9230,9240,9100,9120,10266,0.005512679162072764
2024-10-10,9220,9220,9120,9190,1091,0.007675438596491224
2024-10-11,9200,9300,9160,9210,245,0.0021762785636560977
2024-10-14,9210,9220,9160,9200,1101,-0.0010857763300760048
2024-10-15,9200,9500,9130,9140,1817,-0.006521739130434745
2024-10-16,9140,9160,9110,9140,1773,0.0
2024-10-17,9150,9230,9090,9120,2288,-0.002188183807439792
2024-10-18,9140,9250,9100,9130,1405,0.0010964912280702066
2024-10-21,9130,9220,9120,9140,775,0.0010952902519167917
2024-10-22,9140,9230,9130,9130,202,-0.001094091903719896
2024-10-23,9130,9190,9100,9100,1970,-0.003285870755750264
2024-10-24,9110,9200,9080,9080,1617,-0.00219780219780219
2024-10-25,9090,9200,9070,9070,3440,-0.0011013215859030367
2024-10-28,9240,9290,9090,9180,558,0.012127894156560126
2024-10-29,9190,9190,9080,9130,702,-0.005446623093681935
2024-10-30,9130,9180,9080,9090,404,-0.004381161007667056
2024-10-31,9100,9140,9080,9090,511,0.0
2024-11-01,9100,9460,9080,9450,422,0.03960396039603964
2024-11-04,9260,9260,9130,9150,2057,-0.031746031746031744
2024-11-05,9140,9200,9120,9120,437,-0.003278688524590123
2024-11-06,9130,9190,9040,9110,617,-0.0010964912280702066
2024-11-07,9190,9190,9110,9110,199,0.0
2024-11-08,9120,9120,9060,9100,679,-0.001097694840834218
2024-11-11,9100,9180,9030,9070,1833,-0.003296703296703285
2024-11-12,9190,9190,8990,9040,1022,-0.003307607497243681
2024-11-13,9050,9170,8910,8980,558,-0.006637168141592875
2024-11-14,9000,9110,8930,8990,456,0.00111358574610243
2024-11-15,9100,9200,8930,9200,615,0.023359288097886566
2024-11-18,9130,9200,8980,9010,6078,-0.020652173913043526
2024-11-19,9010,9070,8960,8990,2399,-0.002219755826859071
2024-11-20,9050,9050,8980,9050,823,0.006674082313681939
2024-11-21,9030,9090,9000,9000,611,-0.0055248618784530246
2024-11-22,9100,9150,8950,8950,1441,-0.005555555555555536
2024-11-25,8950,9090,8940,9020,1207,0.007821229050279266
2024-11-26,9090,9090,8990,9000,52,-0.0022172949002217113
2024-11-27,9110,9110,9000,9000,1357,0.0
2024-11-28,9120,9120,9000,9010,460,0.0011111111111110628
2024-11-29,9200,9200,9000,9040,153,0.0033296337402886067
2024-12-02,9010,9040,8940,8950,1622,-0.009955752212389424
