Date,Open,High,Low,Close,Volume,Change
2022-01-03,26300,26600,25750,26400,351816,0.041420118343195256
2022-01-04,26500,26800,26250,26400,221293,0.0
2022-01-05,26200,26300,25250,25350,187979,-0.03977272727272729
2022-01-06,24900,25300,24650,24750,183192,-0.023668639053254448
2022-01-07,24900,25350,24800,25300,109829,0.022222222222222143
2022-01-10,25300,25300,24600,24750,87437,-0.021739130434782594
2022-01-11,24500,24850,24300,24400,104575,-0.014141414141414121
2022-01-12,24750,24850,24550,24850,71331,0.018442622950819665
2022-01-13,24850,24900,24250,24300,95921,-0.02213279678068414
2022-01-14,24050,24500,24000,24250,59630,-0.002057613168724326
2022-01-17,24350,24450,23800,24050,77300,-0.008247422680412342
2022-01-18,24050,24300,22850,23100,224490,-0.03950103950103945
2022-01-19,22550,23300,22500,23200,96322,0.0043290043290042934
2022-01-20,22950,23500,22950,23500,64152,0.012931034482758674
2022-01-21,23100,23300,22700,23050,147680,-0.019148936170212738
2022-01-24,22900,23550,22700,23150,121244,0.00433839479392617
2022-01-25,23500,23850,22750,22950,160031,-0.008639308855291628
2022-01-26,23000,23250,22700,22850,84526,-0.004357298474945481
2022-01-27,23050,23200,21950,21950,165986,-0.03938730853391681
2022-01-28,21850,22600,21150,22550,175271,0.02733485193621865
2022-02-03,22900,23250,22600,22800,87443,0.011086474501108556
2022-02-04,22850,23150,22650,23100,61931,0.013157894736842035
2022-02-07,23200,23250,22450,22600,63917,-0.02164502164502169
2022-02-08,22600,22900,21800,21900,94627,-0.030973451327433676
2022-02-09,22100,22450,21850,22300,80438,0.0182648401826484
2022-02-10,22500,22500,21900,22200,73197,-0.004484304932735439
2022-02-11,21950,23100,21750,22000,148848,-0.009009009009009028
2022-02-14,21650,21850,20800,21000,119869,-0.045454545454545414
2022-02-15,21000,21300,20600,20650,84327,-0.01666666666666672
2022-02-16,21050,21650,21050,21650,71807,0.04842615012106544
2022-02-17,21650,21850,21000,21250,93458,-0.018475750577367167
2022-02-18,21050,21400,20700,21350,91921,0.004705882352941115
2022-02-21,20950,21250,20650,21250,97848,-0.004683840749414525
2022-02-22,20750,21000,20600,20650,73646,-0.028235294117647025
2022-02-23,20700,20900,20450,20750,68441,0.004842615012106588
2022-02-24,20350,20600,19950,20300,133562,-0.02168674698795181
2022-02-25,20500,20800,20300,20750,68980,0.022167487684729092
2022-02-28,20750,20900,20400,20700,55798,-0.002409638554216831
2022-03-02,20450,21100,20450,20850,62251,0.007246376811594235
2022-03-03,21050,21600,20950,21500,78412,0.031175059952038398
2022-03-04,21300,21350,20600,20850,81937,-0.03023255813953485
2022-03-07,20550,20600,20050,20200,77980,-0.031175059952038398
2022-03-08,19850,20350,19750,19900,74458,-0.014851485148514865
2022-03-10,20700,21200,20500,21100,130900,0.06030150753768848
2022-03-11,20800,21200,20800,20950,33379,-0.007109004739336511
2022-03-14,20850,21200,20300,20350,65722,-0.02863961813842486
2022-03-15,20300,20400,20050,20150,34509,-0.009828009828009798
2022-03-16,20400,21050,20400,20950,50342,0.03970223325062028
2022-03-17,21400,21550,21150,21200,69110,0.01193317422434359
2022-03-18,21200,21650,20950,21500,80458,0.014150943396226356
2022-03-21,21600,21700,21350,21400,62847,-0.0046511627906976605
2022-03-22,21350,21850,21350,21500,38980,0.004672897196261738
2022-03-23,21650,21850,21400,21450,45888,-0.0023255813953488857
2022-03-24,21650,22000,21450,21950,91627,0.02331002331002341
2022-03-25,22150,22650,21900,22450,116972,0.02277904328018221
2022-03-28,22800,23900,22600,23050,277115,0.026726057906458767
2022-03-29,23250,23400,22850,23050,89026,0.0
2022-03-30,23550,23600,22900,23100,66269,0.002169197396963085
2022-03-31,22700,23150,22650,22900,53518,-0.008658008658008698
2022-04-01,22700,22850,22400,22450,58491,-0.01965065502183405
2022-04-04,22450,22950,22150,22950,59006,0.022271714922049046
2022-04-05,22750,23400,22750,23200,82753,0.01089324618736387
2022-04-06,22800,23000,22300,22450,71472,-0.032327586206896575
2022-04-07,22200,22400,21900,22400,58093,-0.00222717149220486
2022-04-08,22400,22600,22000,22400,55483,0.0
2022-04-11,22400,22450,21700,21850,59297,-0.024553571428571397
2022-04-12,21700,21700,21200,21600,59152,-0.011441647597253968
2022-04-13,21900,22000,21350,22000,46517,0.0185185185185186
2022-04-14,22100,22150,21650,21800,33841,-0.009090909090909038
2022-04-15,21550,21700,21250,21600,48286,-0.00917431192660545
2022-04-18,21450,21800,21350,21700,32717,0.004629629629629539
2022-04-19,21750,22600,21750,22500,69024,0.03686635944700467
2022-04-20,22550,23050,22200,22800,72812,0.01333333333333342
2022-04-21,22850,23150,22800,23000,79977,0.00877192982456143
2022-04-22,23000,23000,22150,22400,62737,-0.02608695652173909
2022-04-25,21950,22000,21600,21700,55317,-0.03125
2022-04-26,21750,22300,21700,22200,50349,0.02304147465437789
2022-04-27,21600,21900,21500,21800,44505,-0.018018018018018056
2022-04-28,21800,21950,21550,21950,38165,0.006880733944954143
2022-04-29,22100,22400,21800,22300,46210,0.015945330296127658
2022-05-02,21750,22150,21650,21850,44344,-0.020179372197309364
2022-05-03,21950,22400,21850,22300,48315,0.020594965675057253
2022-05-04,22600,22650,21750,21850,36577,-0.020179372197309364
2022-05-06,21500,21600,21050,21100,88531,-0.034324942791762014
2022-05-09,21100,21150,20200,20450,82209,-0.03080568720379151
2022-05-10,19850,20150,19350,20000,189648,-0.022004889975550168
2022-05-11,19850,20400,19600,20400,80434,0.020000000000000018
2022-05-12,19900,20200,19600,19650,72839,-0.03676470588235292
2022-05-13,19700,20250,19500,20100,77712,0.022900763358778553
2022-05-16,20100,20500,19750,19850,66595,-0.01243781094527363
2022-05-17,19200,19350,18200,19150,262880,-0.035264483627204024
2022-05-18,19050,19450,18950,19000,78899,-0.007832898172323799
2022-05-19,18300,19100,18300,18700,64104,-0.015789473684210575
2022-05-20,18700,19350,18700,19350,57133,0.03475935828876997
2022-05-23,19500,19650,19050,19400,67555,0.0025839793281654533
2022-05-24,19500,19500,18800,18850,74817,-0.028350515463917536
2022-05-25,18800,19150,18800,18950,52829,0.0053050397877985045
2022-05-26,18900,19500,18900,19050,62982,0.005277044854881341
2022-05-27,19200,19450,18900,19050,59655,0.0
2022-05-30,19400,19400,19150,19300,37049,0.013123359580052396
2022-05-31,19500,19500,19000,19250,76378,-0.002590673575129543
2022-06-02,19200,19350,18950,19200,37764,-0.0025974025974025983
2022-06-03,19750,20300,19750,20200,171454,0.05208333333333326
2022-06-07,20450,20450,19750,19750,86908,-0.022277227722772297
2022-06-08,19800,20050,19550,19650,50854,-0.005063291139240533
2022-06-09,19450,19600,19150,19300,73679,-0.01781170483460559
2022-06-10,19000,19700,19000,19350,41673,0.002590673575129543
2022-06-13,18700,19000,17850,17850,125033,-0.07751937984496127
2022-06-14,17000,18000,17000,17450,159676,-0.022408963585434205
2022-06-15,17200,17600,16450,16500,137874,-0.054441260744985676
2022-06-16,16800,18250,16650,17000,294706,0.030303030303030276
2022-06-17,16450,16600,16150,16400,108432,-0.03529411764705881
2022-06-20,16600,16650,15100,15250,153847,-0.07012195121951215
2022-06-21,15450,15650,15000,15350,68676,0.006557377049180246
2022-06-22,15350,15650,14000,14150,198266,-0.07817589576547235
2022-06-23,14000,14900,13800,13900,167615,-0.017667844522968212
2022-06-24,13900,14950,13900,14900,103619,0.07194244604316546
2022-06-27,14900,15450,14550,15400,86110,0.033557046979865834
2022-06-28,15450,15450,15000,15350,44070,-0.0032467532467532756
2022-06-29,14850,15250,14700,15100,56585,-0.016286644951140072
2022-06-30,15100,15100,14350,14550,50107,-0.03642384105960261
2022-07-01,14450,14900,14050,14050,61772,-0.03436426116838487
2022-07-04,14100,14250,13700,14250,68480,0.014234875444839812
2022-07-05,14450,14950,14250,14750,47991,0.03508771929824572
2022-07-06,14400,14750,14250,14300,63108,-0.03050847457627115
2022-07-07,14450,14750,14350,14550,44739,0.0174825174825175
2022-07-08,14700,15050,14650,14650,41578,0.0068728522336769515
2022-07-11,14550,14750,14350,14400,47519,-0.017064846416382284
2022-07-12,14250,14300,13550,13700,74358,-0.04861111111111116
2022-07-13,13650,14300,13600,14300,52452,0.04379562043795615
2022-07-14,13950,14450,13850,14150,41314,-0.010489510489510523
2022-07-15,14450,14550,13900,14250,34101,0.007067137809187329
2022-07-18,14450,15100,14450,14950,69529,0.04912280701754379
2022-07-19,14800,15100,14550,15100,23741,0.010033444816053505
2022-07-20,15300,15550,14850,15050,53914,-0.0033112582781457123
2022-07-21,15100,15450,15100,15400,43620,0.023255813953488413
2022-07-22,15450,15550,15200,15200,35242,-0.012987012987012991
2022-07-25,15000,15350,14900,15050,26624,-0.009868421052631526
2022-07-26,14950,15300,14950,15300,24411,0.01661129568106312
2022-07-27,15250,15550,15150,15550,29877,0.016339869281045694
2022-07-28,15800,16000,15250,15450,52418,-0.006430868167202619
2022-07-29,15550,15850,15400,15600,31524,0.009708737864077666
2022-08-01,15650,15650,15300,15400,23101,-0.012820512820512775
2022-08-02,15500,15500,15200,15300,25805,-0.00649350649350644
2022-08-03,15100,15600,15100,15500,27913,0.013071895424836555
2022-08-04,15550,15700,15450,15600,31991,0.006451612903225712
2022-08-05,15600,15750,15500,15750,23980,0.009615384615384581
2022-08-08,15650,15650,15200,15300,30430,-0.02857142857142858
2022-08-09,15300,15500,14600,15000,56520,-0.019607843137254943
2022-08-10,14900,15000,14400,14500,57401,-0.033333333333333326
2022-08-11,14750,15400,14750,15150,60330,0.04482758620689653
2022-08-12,15250,15500,14950,15400,42247,0.01650165016501659
2022-08-16,15600,15700,15250,15300,59684,-0.00649350649350644
2022-08-17,15050,15100,14600,14800,93319,-0.0326797385620915
2022-08-18,14600,14900,14500,14900,36586,0.006756756756756799
2022-08-19,15050,15050,14500,14500,32295,-0.02684563758389258
2022-08-22,14350,14450,14050,14100,50078,-0.02758620689655178
2022-08-23,14100,14250,13900,13900,44373,-0.014184397163120588
2022-08-24,13900,14250,13800,14250,67085,0.02517985611510798
2022-08-25,14200,14800,14050,14700,46379,0.03157894736842115
2022-08-26,14700,15100,14450,14450,45903,-0.017006802721088454
2022-08-29,13850,14150,13800,14000,39929,-0.03114186851211076
2022-08-30,13950,14550,13950,14550,46244,0.03928571428571437
2022-08-31,14300,14800,14150,14550,29026,0.0
2022-09-01,14200,14300,13850,13850,49024,-0.04810996563573888
2022-09-02,14100,14100,13700,13750,62087,-0.0072202166064981865
2022-09-05,13650,13900,13000,13300,108734,-0.032727272727272716
2022-09-06,13200,13950,13200,13900,52453,0.04511278195488733
2022-09-07,13650,13700,12950,13100,113332,-0.05755395683453235
2022-09-08,13300,13650,12550,13250,279884,0.011450381679389388
2022-09-13,13300,14250,13300,14250,125772,0.07547169811320753
2022-09-14,13550,13850,13450,13600,72421,-0.04561403508771933
2022-09-15,13700,13700,13200,13250,54074,-0.02573529411764708
2022-09-16,13000,13200,12900,13100,49985,-0.01132075471698113
2022-09-19,13150,13300,12900,12950,61371,-0.011450381679389277
2022-09-20,13150,13750,13100,13300,74749,0.027027027027026973
2022-09-21,13150,13300,12950,13250,42835,-0.003759398496240629
2022-09-22,13050,13100,12650,12900,64015,-0.026415094339622636
2022-09-23,12800,13050,12550,12550,59327,-0.027131782945736482
2022-09-26,12500,12600,11600,11600,139914,-0.07569721115537853
2022-09-27,11550,12000,11500,12000,111138,0.034482758620689724
2022-09-28,11800,12050,11150,11350,107001,-0.054166666666666696
2022-09-29,11550,11750,11100,11150,104962,-0.017621145374449365
2022-09-30,10900,11150,10750,10900,74348,-0.022421524663677084
2022-10-04,11250,11950,11200,11800,114485,0.08256880733944949
2022-10-05,12250,12400,11450,11600,86884,-0.016949152542372836
2022-10-06,11800,12600,11700,12300,78087,0.06034482758620685
2022-10-07,12300,12450,12000,12300,51670,0.0
2022-10-11,11800,12000,11500,11800,64725,-0.04065040650406504
2022-10-12,11700,12300,11650,12000,65532,0.016949152542372836
2022-10-13,11900,12000,11250,11350,59770,-0.054166666666666696
2022-10-14,12200,12200,11650,11850,41240,0.044052863436123246
2022-10-17,11450,12000,11450,11550,38841,-0.025316455696202556
2022-10-18,11850,11950,11300,11700,50561,0.01298701298701288
2022-10-19,11750,11850,11300,11300,45408,-0.03418803418803418
2022-10-20,11300,11350,10900,11050,54446,-0.02212389380530977
2022-10-21,10950,11400,10950,11000,40144,-0.004524886877828038
2022-10-24,11550,12100,11450,11800,114969,0.07272727272727275
2022-10-25,11800,12600,11700,12150,108128,0.029661016949152463
2022-10-26,12400,13000,12300,12750,156065,0.04938271604938271
2022-10-27,12750,13500,12600,13200,185865,0.03529411764705892
2022-10-28,13250,13750,12850,12850,178718,-0.02651515151515149
2022-10-31,13050,13700,13050,13500,102822,0.05058365758754868
2022-11-01,13500,13600,13000,13550,70016,0.0037037037037037646
2022-11-02,13550,13550,13000,13300,76262,-0.01845018450184499
2022-11-03,13000,13500,12800,13250,76419,-0.003759398496240629
2022-11-04,13100,13250,12700,12950,83131,-0.02264150943396226
2022-11-07,13000,13350,12850,13200,55172,0.019305019305019266
2022-11-08,13550,14700,13500,14150,349754,0.07196969696969702
2022-11-09,14300,15100,14200,14450,219595,0.021201413427561766
2022-11-10,14100,14250,13650,13850,171677,-0.04152249134948094
2022-11-11,14750,14900,14250,14800,230110,0.06859205776173294
2022-11-14,15000,15200,14300,14400,154733,-0.027027027027026973
2022-11-15,14450,15500,14200,15500,209413,0.07638888888888884
2022-11-16,15800,16000,15400,15650,199408,0.00967741935483879
2022-11-17,15500,17500,15350,17250,729815,0.10223642172523961
2022-11-18,17150,17400,16750,16750,218522,-0.02898550724637683
2022-11-21,16750,16800,16050,16150,156651,-0.035820895522388096
2022-11-22,16000,16250,15350,15750,145402,-0.024767801857585092
2022-11-23,15950,16400,15850,15950,109269,0.012698412698412653
2022-11-24,16350,16850,16050,16800,85640,0.053291536050156685
2022-11-25,16750,16800,16300,16600,59481,-0.011904761904761862
2022-11-28,16350,16350,15650,15750,123369,-0.051204819277108404
2022-11-29,15500,16600,15450,16500,107393,0.04761904761904767
2022-11-30,16300,16350,15900,16100,254344,-0.024242424242424288
2022-12-01,16650,17200,16550,16850,249707,0.04658385093167694
2022-12-02,16650,16950,16100,16200,130489,-0.03857566765578635
2022-12-05,16450,17700,16450,17150,337336,0.058641975308642014
2022-12-06,16950,17150,16700,16900,104335,-0.014577259475218707
2022-12-07,16650,17100,16250,16850,130789,-0.00295857988165682
2022-12-08,17050,17050,16400,16400,123262,-0.02670623145400597
2022-12-09,16750,17450,16550,17000,197072,0.03658536585365857
2022-12-12,16700,16900,16100,16300,133340,-0.04117647058823526
2022-12-13,16500,16650,16150,16400,64654,0.006134969325153339
2022-12-14,16450,17250,16350,17200,142613,0.04878048780487809
2022-12-15,17200,17200,16550,16700,76262,-0.029069767441860517
2022-12-16,16200,16750,16050,16300,80284,-0.0239520958083832
2022-12-19,16300,16750,15950,16400,76531,0.006134969325153339
2022-12-20,16250,16550,15850,15950,98413,-0.027439024390243927
2022-12-21,16200,16350,15850,16200,76578,0.01567398119122254
2022-12-22,16750,16800,16450,16600,94199,0.024691358024691468
2022-12-23,16100,16150,15600,15850,142874,-0.04518072289156627
2022-12-26,15850,16350,15450,16150,122155,0.018927444794952786
2022-12-27,16100,16500,15900,16100,105947,-0.003095975232198178
2022-12-28,15900,16100,15350,15450,143208,-0.04037267080745344
2022-12-29,15400,15700,15000,15600,103938,0.009708737864077666
2023-01-02,15600,15950,15050,15350,92530,-0.01602564102564108
2023-01-03,15200,15650,15100,15600,74313,0.016286644951140072
2023-01-04,15400,16500,15350,16100,150016,0.03205128205128216
2023-01-05,16300,16450,16000,16150,107314,0.0031055900621117516
2023-01-06,16000,17000,15950,16750,143145,0.037151702786377694
2023-01-09,16950,17200,16700,16850,109738,0.005970149253731405
2023-01-10,16750,16950,16400,16500,135734,-0.020771513353115778
2023-01-11,16700,17200,16700,17000,160913,0.030303030303030276
2023-01-12,17000,17000,16450,16550,119599,-0.026470588235294135
2023-01-13,16600,16950,16450,16800,103320,0.015105740181268867
2023-01-16,16950,16950,16450,16600,89919,-0.011904761904761862
2023-01-17,16650,16650,16200,16200,95187,-0.02409638554216864
2023-01-18,16050,16550,15900,16350,69502,0.0092592592592593
2023-01-19,16200,16500,16050,16450,53858,0.006116207951070374
2023-01-20,16450,16750,16350,16450,50497,0.0
2023-01-25,17750,21350,17500,21350,2732232,0.2978723404255319
2023-01-26,21350,24200,21000,23000,3952919,0.07728337236533966
2023-01-27,22700,23700,22650,23000,954148,0.0
2023-01-30,22850,23450,21850,23200,801279,0.008695652173912993
2023-01-31,22600,23600,22300,22800,542776,-0.017241379310344862
2023-02-01,22950,23650,21850,22250,625870,-0.02412280701754388
2023-02-02,23000,23800,22300,22900,921912,0.02921348314606731
2023-02-03,22900,23050,21450,21600,601887,-0.05676855895196509
2023-02-06,21600,21850,21000,21500,331958,-0.00462962962962965
2023-02-07,21250,21850,20900,21650,287261,0.006976744186046435
2023-02-08,21800,22200,21450,22100,246491,0.020785219399538146
2023-02-09,21800,22600,21700,22400,286455,0.013574660633484115
2023-02-10,22250,22600,21900,22200,246358,-0.008928571428571397
2023-02-13,21950,22200,21200,21950,265452,-0.011261261261261257
2023-02-14,22300,22950,22050,22300,370016,0.015945330296127658
2023-02-15,22300,23450,21250,21500,849498,-0.0358744394618834
2023-02-16,21700,22700,21650,22600,352708,0.051162790697674376
2023-02-17,22050,22400,21550,21600,306183,-0.04424778761061943
2023-02-20,21600,21800,20350,21700,363662,0.004629629629629539
2023-02-21,21600,21650,21000,21150,196444,-0.025345622119815614
2023-02-22,20550,21150,20500,20800,160841,-0.01654846335697402
2023-02-23,20800,21250,20750,21050,134909,0.012019230769230838
2023-02-24,22400,22700,21000,21450,772824,0.019002375296912177
2023-02-27,21150,21600,20650,20700,200746,-0.034965034965035
2023-02-28,20750,21400,20350,21050,194154,0.01690821256038655
2023-03-02,21000,22200,20700,21500,299738,0.0213776722090262
2023-03-03,22000,22300,20800,21100,259565,-0.018604651162790753
2023-03-06,21050,22350,20750,22300,326462,0.056872037914691864
2023-03-07,22200,22350,21150,21250,295405,-0.047085201793722
2023-03-08,20950,21150,20600,20700,200206,-0.025882352941176467
2023-03-09,20800,21300,20250,20400,180857,-0.01449275362318836
2023-03-10,19980,20050,19500,19680,246044,-0.03529411764705881
2023-03-13,19310,20300,19310,19940,161428,0.013211382113821113
2023-03-14,19950,19950,19190,19260,176356,-0.034102306920762326
2023-03-15,19620,20500,19490,20100,224737,0.04361370716510904
2023-03-16,20150,21850,19700,21400,528673,0.06467661691542292
2023-03-17,21950,22300,21100,21600,417314,0.009345794392523255
2023-03-20,21600,21800,20950,21400,219826,-0.0092592592592593
2023-03-21,21600,21650,21050,21100,156610,-0.014018691588784993
2023-03-22,21500,22150,21050,22100,272118,0.04739336492891
2023-03-23,21800,21850,21350,21650,229458,-0.020361990950226283
2023-03-24,22000,23350,21700,22750,878063,0.050808314087759765
2023-03-27,22850,24050,22750,23000,656351,0.01098901098901095
2023-03-28,23000,23550,22400,23450,391726,0.019565217391304346
2023-03-29,23800,24050,22900,23350,412661,-0.004264392324093813
2023-03-30,23800,25050,23350,24550,1114916,0.051391862955032064
2023-03-31,25000,26150,24200,25650,1288437,0.044806517311609007
2023-04-03,25900,26500,24950,25950,1074226,0.011695906432748648
2023-04-04,26000,26550,25750,26200,727023,0.009633911368015502
2023-04-05,26300,26350,25350,25600,431517,-0.022900763358778664
2023-04-06,25200,25550,24600,25000,525823,-0.0234375
2023-04-07,25350,26100,25150,25900,417141,0.03600000000000003
2023-04-10,25950,26500,25300,26200,551877,0.01158301158301156
2023-04-11,26350,28350,25950,26800,1509188,0.022900763358778553
2023-04-12,26650,26700,25050,25050,649331,-0.06529850746268662
2023-04-13,24800,25400,24550,25100,354149,0.001996007984031989
2023-04-14,25050,25250,24350,24800,273412,-0.01195219123505975
2023-04-17,24750,24900,23800,24850,262859,0.002016129032258007
2023-04-18,24850,24850,23300,23650,461977,-0.048289738430583484
2023-04-19,23600,24150,23250,23550,261512,-0.0042283298097252064
2023-04-20,23150,23800,22950,23050,253723,-0.02123142250530785
2023-04-21,22950,23700,22950,23050,247542,0.0
2023-04-24,23200,23400,22700,23050,195710,0.0
2023-04-25,23000,23200,21950,22350,330362,-0.030368763557483747
2023-04-26,22400,22900,22050,22250,184808,-0.004474272930648726
2023-04-27,22050,22600,21950,22350,186462,0.004494382022471877
2023-04-28,22900,22900,21750,21850,199573,-0.022371364653243853
2023-05-02,21750,22350,21750,22000,124749,0.006864988558352492
2023-05-03,21750,22400,21250,21950,198866,-0.002272727272727315
2023-05-04,22050,22100,21300,21500,132602,-0.02050113895216399
2023-05-08,21750,24400,21750,24150,855183,0.12325581395348828
2023-05-09,24250,24450,23000,23200,517132,-0.039337474120082816
2023-05-10,22950,23700,22650,22900,282992,-0.012931034482758674
2023-05-11,23050,23350,22200,22300,200433,-0.026200873362445365
2023-05-12,22050,22500,21900,22200,127554,-0.004484304932735439
2023-05-15,22050,22200,21200,21900,192983,-0.013513513513513487
2023-05-16,22200,22700,21400,21600,163319,-0.013698630136986356
2023-05-17,21750,22250,21550,22150,86445,0.02546296296296302
2023-05-18,22400,22750,22050,22700,151639,0.02483069977426644
2023-05-19,23200,24150,23200,24100,406962,0.06167400881057272
2023-05-22,24000,24100,23450,23750,199070,-0.014522821576763434
2023-05-23,24000,24100,23300,23800,149303,0.002105263157894832
2023-05-24,23400,24350,23150,24050,210842,0.010504201680672232
2023-05-25,24450,24700,23500,23900,215101,-0.006237006237006182
2023-05-26,24200,24850,23750,23850,333583,-0.0020920502092049986
2023-05-30,24450,25150,24200,24750,373178,0.037735849056603765
2023-05-31,24800,24800,23900,24350,228942,-0.016161616161616155
2023-06-01,23800,24100,23200,24000,308885,-0.014373716632443578
2023-06-02,24450,24550,23350,23500,214677,-0.02083333333333337
2023-06-05,23700,23700,23050,23450,100122,-0.0021276595744680327
2023-06-07,23300,23700,23150,23350,110640,-0.004264392324093813
2023-06-08,23350,23650,22700,23600,221534,0.010706638115631772
2023-06-09,23750,24450,23300,23800,304049,0.008474576271186418
2023-06-12,23600,23950,23250,23700,159959,-0.004201680672268893
2023-06-13,23950,24400,23750,23850,254135,0.006329113924050667
2023-06-14,23950,23950,22900,23000,224070,-0.03563941299790352
2023-06-15,23100,24200,23050,23700,283635,0.0304347826086957
2023-06-16,23750,23950,23400,23600,113824,-0.00421940928270037
2023-06-19,23750,23800,22950,23150,162394,-0.01906779661016944
2023-06-20,23150,23250,22500,23200,148213,0.002159827213822796
2023-06-21,23200,23400,22350,22350,151935,-0.03663793103448276
2023-06-22,22000,22600,21750,22050,149372,-0.01342281879194629
2023-06-23,22050,22600,21700,21950,174404,-0.0045351473922902175
2023-06-26,21900,22500,21550,22300,117105,0.015945330296127658
2023-06-27,22300,22400,21850,22200,110886,-0.004484304932735439
2023-06-28,22500,22700,22050,22200,120686,0.0
2023-06-29,22350,22950,22100,22200,171894,0.0
2023-06-30,22300,22300,21250,21800,237309,-0.018018018018018056
2023-07-03,22000,23950,21850,23550,610156,0.08027522935779818
2023-07-04,23550,24000,23150,23850,231569,0.01273885350318471
2023-07-05,23400,23600,19860,20200,1338554,-0.1530398322851153
2023-07-06,20200,20200,18520,18770,802245,-0.07079207920792074
2023-07-07,18560,19450,18550,18700,280383,-0.0037293553542887548
2023-07-10,18660,18900,18000,18230,237587,-0.025133689839572204
2023-07-11,18400,18810,18300,18780,137618,0.03017004936917167
2023-07-12,18730,19290,18630,19190,147371,0.02183173588924392
2023-07-13,19230,19740,19120,19720,199374,0.027618551328817187
2023-07-14,19910,21050,19780,20550,595679,0.042089249492900604
2023-07-17,20200,21800,20200,21000,470407,0.021897810218978186
2023-07-18,24000,27150,23350,24450,4570913,0.16428571428571437
2023-07-19,24650,27450,24350,26400,4011203,0.07975460122699385
2023-07-20,26350,27950,26100,27350,1478727,0.0359848484848484
2023-07-21,26700,29800,26600,28650,1961534,0.04753199268738584
2023-07-24,28800,28800,26900,27650,982412,-0.034904013961605584
2023-07-25,27600,28450,26650,27450,770841,-0.007233273056057921
2023-07-26,27350,27450,25400,25950,918348,-0.05464480874316935
2023-07-27,26000,27100,25750,26600,654374,0.025048169556840083
2023-07-28,27200,28350,26450,28150,612644,0.05827067669172936
2023-07-31,28450,28800,27350,27700,494712,-0.01598579040852577
2023-08-01,27500,27950,26800,27950,396731,0.00902527075812265
2023-08-02,27250,27600,25500,25650,590001,-0.08228980322003576
2023-08-03,25450,26000,24500,25350,325923,-0.011695906432748537
2023-08-04,25450,25950,24800,25100,223338,-0.009861932938856066
2023-08-07,24850,25500,24600,24850,182568,-0.009960159362549792
2023-08-08,25300,25650,24250,24500,272873,-0.014084507042253502
2023-08-09,24400,24850,24050,24550,141855,0.0020408163265306367
2023-08-10,24050,24150,23050,23800,280993,-0.03054989816700615
2023-08-11,23900,24150,23450,23550,181816,-0.010504201680672232
2023-08-14,22900,23500,22650,23050,328746,-0.02123142250530785
2023-08-16,22800,23350,22300,22400,335483,-0.02819956616052066
2023-08-17,22000,22850,21900,22550,252163,0.006696428571428603
2023-08-18,22050,23000,21550,22150,234346,-0.0177383592017738
2023-08-21,22550,22650,22150,22200,116968,0.0022573363431150906
2023-08-22,22600,23000,21450,21500,196443,-0.03153153153153154
2023-08-23,21300,21800,21100,21400,105197,-0.0046511627906976605
2023-08-24,21900,22150,21400,21500,165598,0.004672897196261738
2023-08-25,21050,21250,20450,20700,197734,-0.037209302325581395
2023-08-28,21000,21000,20550,20900,91619,0.009661835748792313
2023-08-29,21200,21550,20950,21350,156834,0.021531100478468845
2023-08-30,21700,22050,21350,21500,159189,0.007025761124121788
2023-08-31,21550,21600,21100,21350,109667,-0.006976744186046546
2023-09-01,21300,22900,21150,22700,370566,0.06323185011709609
2023-09-04,22850,22850,21300,21550,328728,-0.0506607929515418
2023-09-05,21550,22000,21300,21750,149839,0.009280742459396807
2023-09-06,21650,21700,21150,21400,113909,-0.016091954022988464
2023-09-07,21150,21750,21150,21350,152051,-0.002336448598130869
2023-09-08,21550,21550,20600,20900,152804,-0.021077283372365363
2023-09-11,20850,21000,20050,20450,139079,-0.021531100478468845
2023-09-12,20650,20900,20300,20650,89792,0.009779951100244544
2023-09-13,20650,21050,20100,20450,110897,-0.009685230024213065
2023-09-14,20700,22100,20450,21700,418147,0.06112469437652801
2023-09-15,21700,22750,21450,21900,375510,0.009216589861751112
2023-09-18,21400,21450,20700,20750,198317,-0.05251141552511418
2023-09-19,20750,21050,20400,20550,108922,-0.009638554216867434
2023-09-20,20350,20700,20200,20600,89352,0.0024330900243310083
2023-09-21,20400,20450,19290,19330,258640,-0.06165048543689322
2023-09-22,19130,19770,19000,19770,152241,0.022762545266425294
2023-09-25,19560,20600,19320,20250,161802,0.02427921092564489
2023-09-26,20450,20500,19610,19700,89942,-0.02716049382716046
2023-09-27,19690,19930,19390,19930,79847,0.011675126903553323
2023-10-04,19640,19690,19200,19220,95761,-0.035624686402408456
2023-10-05,19420,20150,19080,19260,100840,0.0020811654526535772
2023-10-06,19260,19750,19180,19600,45087,0.017653167185877505
2023-10-10,20000,20250,19260,19420,110150,-0.009183673469387754
2023-10-11,19720,20400,19600,19980,117374,0.02883625128733258
2023-10-12,20200,20250,19860,20050,79352,0.003503503503503591
2023-10-13,19900,20350,19760,19840,90039,-0.010473815461346625
2023-10-16,19610,19840,19340,19760,73928,-0.0040322580645161255
2023-10-17,20050,20500,19600,20500,113181,0.037449392712550544
2023-10-18,20250,20300,19500,19880,78512,-0.030243902439024417
2023-10-19,19420,19490,19060,19250,122641,-0.03169014084507038
2023-10-20,19070,19350,18370,18800,188459,-0.023376623376623384
2023-10-23,18600,18980,18350,18690,86628,-0.005851063829787284
2023-10-24,18410,19370,18410,19370,142405,0.03638309256286787
2023-10-25,19490,19590,19120,19390,97043,0.0010325245224573898
2023-10-26,18920,18940,18460,18720,137945,-0.034553893759669885
2023-10-27,18720,18960,18230,18260,122407,-0.024572649572649596
2023-10-30,18010,18430,17990,18130,80871,-0.007119386637458924
2023-10-31,18180,18260,17330,17330,132976,-0.044125758411472704
2023-11-01,17380,18260,17380,17800,97183,0.027120600115406734
2023-11-02,18400,22500,18400,21300,1235595,0.196629213483146
2023-11-03,21300,21650,20950,21150,395981,-0.007042253521126751
2023-11-06,21450,21900,21050,21800,328548,0.030732860520094496
2023-11-07,22000,22650,21650,22100,409534,0.013761467889908285
2023-11-08,22150,22700,21950,22050,242804,-0.002262443438914019
2023-11-09,22100,22450,21750,22150,125886,0.0045351473922903285
2023-11-10,21950,22200,21150,22000,175602,-0.006772009029345383
2023-11-13,22050,22150,21250,21550,159037,-0.020454545454545503
2023-11-14,21700,21800,21350,21800,89129,0.011600928074245953
2023-11-15,22550,22750,22050,22350,299783,0.025229357798165042
2023-11-16,21900,23500,21500,23450,317697,0.04921700223713654
2023-11-17,23450,24050,22900,23100,277435,-0.014925373134328401
2023-11-20,22900,24200,22700,23100,209542,0.0
2023-11-21,23450,23450,22500,23100,167482,0.0
2023-11-22,22750,24100,22700,23950,246318,0.03679653679653683
2023-11-23,23950,24000,23000,23050,163908,-0.0375782881002088
2023-11-24,23000,23300,22600,23000,83800,-0.002169197396963085
2023-11-27,22750,23650,22550,23400,139490,0.017391304347825987
2023-11-28,23550,23700,22900,23700,119424,0.012820512820512775
2023-11-29,23450,24050,23250,23450,159006,-0.010548523206751037
2023-11-30,23450,24100,23300,23850,182443,0.017057569296375252
2023-12-01,23850,26300,23700,26000,1169219,0.09014675052410892
2023-12-04,22950,26800,21600,26400,1469377,0.01538461538461533
2023-12-05,26050,26300,24050,24050,440726,-0.08901515151515149
2023-12-06,24450,26650,24350,25850,535959,0.07484407484407485
2023-12-07,26000,26050,24800,24800,192077,-0.04061895551257255
2023-12-08,25550,25950,25250,25500,207846,0.02822580645161299
2023-12-11,26800,26800,26050,26500,456948,0.03921568627450989
2023-12-12,27250,27450,25500,26300,448123,-0.007547169811320753
2023-12-13,28000,28400,26300,26300,897213,0.0
2023-12-14,26600,26950,25600,26050,351051,-0.009505703422053258
2023-12-15,26250,26500,25500,25900,214202,-0.0057581573896353655
2023-12-18,26100,27200,25750,25850,350315,-0.0019305019305019266
2023-12-19,25850,26100,25050,25100,235745,-0.029013539651837505
2023-12-20,25350,25350,23850,24100,448580,-0.03984063745019917
2023-12-21,24150,24450,23800,24450,196959,0.014522821576763434
2023-12-22,24800,24950,24300,24350,248511,-0.004089979550102263
2023-12-26,24150,24400,23900,23950,141481,-0.01642710472279263
2023-12-27,23950,24550,23650,24250,193361,0.012526096033402823
2023-12-28,24250,24650,23800,24650,117175,0.016494845360824684
2024-01-02,24450,25150,24450,24800,192118,0.006085192697768749
2024-01-03,24550,24550,24000,24550,158575,-0.01008064516129037
2024-01-04,24550,25000,23950,24300,151686,-0.010183299389002087
2024-01-05,24300,24450,23500,24000,179118,-0.012345679012345734
2024-01-08,23800,24450,23700,23950,89408,-0.002083333333333326
2024-01-09,24350,24600,23750,23950,130071,0.0
2024-01-10,23850,23950,23150,23350,135343,-0.025052192066805867
2024-01-11,23400,23550,22900,23500,131373,0.0064239828693790635
2024-01-12,23400,23650,23000,23100,88939,-0.017021276595744705
2024-01-15,23250,23450,22550,22800,128219,-0.012987012987012991
2024-01-16,22800,22950,22150,22500,83731,-0.013157894736842146
2024-01-17,22550,22800,22100,22100,69311,-0.01777777777777778
2024-01-18,22000,22350,21550,21900,180014,-0.009049773755656076
2024-01-19,22250,22850,22200,22450,130624,0.02511415525114158
2024-01-22,23000,23200,22550,23200,170593,0.03340757238307357
2024-01-23,23350,23550,22800,23000,106221,-0.008620689655172376
2024-01-24,23000,24050,22850,23950,157492,0.04130434782608705
2024-01-25,24700,24800,23550,23550,365449,-0.01670146137787054
2024-01-26,23500,24100,23000,23050,215950,-0.02123142250530785
2024-01-29,23050,23300,22200,22350,152052,-0.030368763557483747
2024-01-30,22450,22600,21600,22000,127246,-0.015659955257270708
2024-01-31,21650,22250,21550,21550,74105,-0.020454545454545503
2024-02-01,21450,21700,20500,21000,173337,-0.025522041763341052
2024-02-02,21300,23450,21300,22800,303236,0.08571428571428563
2024-02-05,22600,23400,22350,23100,148326,0.013157894736842035
2024-02-06,23000,23400,22500,22850,140653,-0.010822510822510845
2024-02-07,22850,23000,21850,22150,119357,-0.03063457330415753
2024-02-08,22150,22600,21900,21900,128525,-0.011286681715575675
2024-02-13,21900,22250,21700,21900,161963,0.0
2024-02-14,21700,22100,21200,22000,163605,0.004566210045662045
2024-02-15,22100,22550,21700,21850,118863,-0.006818181818181834
2024-02-16,21950,22150,21700,21900,88711,0.0022883295194509046
2024-02-19,21850,21950,21400,21550,82270,-0.01598173515981738
2024-02-20,21550,24950,21300,22850,976139,0.06032482598607891
2024-02-21,22950,23250,22250,22350,289277,-0.021881838074398252
2024-02-22,22650,24500,22500,24500,565906,0.09619686800894844
2024-02-23,24700,24800,22750,23000,740312,-0.061224489795918324
2024-02-26,23500,23800,22800,22900,260365,-0.004347826086956497
2024-02-27,22900,23100,22050,22250,194179,-0.028384279475982543
2024-02-28,22200,24000,22200,23000,619795,0.03370786516853941
2024-02-29,22600,22850,22250,22500,184201,-0.021739130434782594
2024-03-04,22700,23800,22550,23450,369386,0.04222222222222216
2024-03-05,23500,23600,23100,23400,172361,-0.002132196162046962
2024-03-06,23150,23800,22850,23700,217225,0.012820512820512775
2024-03-07,23750,23950,22950,23200,213253,-0.021097046413502074
2024-03-08,23450,23700,22850,23100,225473,-0.004310344827586188
2024-03-11,22750,23050,22400,23000,137680,-0.0043290043290042934
2024-03-12,23000,24300,22700,23800,338326,0.034782608695652195
2024-03-13,24200,24350,23050,23950,285945,0.006302521008403339
2024-03-14,23600,23800,23300,23350,143437,-0.025052192066805867
2024-03-15,23050,23700,22900,23450,105028,0.004282655246252709
2024-03-18,23450,23950,23300,23600,116194,0.006396588486140775
2024-03-19,23450,23700,23250,23650,116452,0.0021186440677967155
2024-03-20,23800,24300,23200,23950,238702,0.012684989429175397
2024-03-21,24450,24700,23750,23750,321206,-0.008350730688935326
2024-03-22,23750,23850,22900,22900,175318,-0.03578947368421048
2024-03-25,23050,23200,22550,22600,137066,-0.013100436681222738
2024-03-26,22950,23250,22400,22400,154229,-0.008849557522123908
2024-03-27,22350,22550,21900,22250,163831,-0.006696428571428603
2024-03-28,22250,22600,22150,22150,133210,-0.004494382022471877
2024-03-29,22500,23050,22200,22650,168155,0.02257336343115135
2024-04-01,22900,23000,22400,22500,108798,-0.0066225165562914245
2024-04-02,22650,23500,22450,23200,277628,0.03111111111111109
2024-04-03,23000,23100,22150,22500,188505,-0.030172413793103425
2024-04-04,22700,23550,22600,23200,252061,0.03111111111111109
2024-04-05,22950,24600,22800,24050,699246,0.03663793103448265
2024-04-08,24800,24850,23300,24050,444330,0.0
2024-04-09,25100,29800,25100,27900,9869977,0.16008316008316004
2024-04-11,26700,28250,26600,27750,1453443,-0.005376344086021501
2024-04-12,28300,29550,28000,28250,2078553,0.018018018018018056
2024-04-15,27500,35700,27450,32300,5892651,0.14336283185840704
2024-04-16,32300,33200,29800,30550,2898681,-0.05417956656346745
2024-04-17,31050,32200,29900,30600,3030495,0.0016366612111293755
2024-04-18,29900,31800,28800,31200,1708705,0.019607843137254832
2024-04-19,30950,31200,28450,30100,1204290,-0.03525641025641024
2024-04-22,29300,30350,28550,29650,708048,-0.014950166112956853
2024-04-23,30050,30100,28550,28650,627350,-0.033726812816188834
2024-04-24,29200,30250,29050,29700,715363,0.03664921465968596
2024-04-25,29300,31650,28850,30900,1358269,0.04040404040404044
2024-04-26,33350,33900,31700,32550,3562242,0.05339805825242716
2024-04-29,33800,38400,33400,33700,5809899,0.03533026113671278
2024-04-30,33150,34600,32550,33250,1250514,-0.013353115727002929
2024-05-02,33500,34600,32450,32700,1034241,-0.016541353383458635
2024-05-03,32450,32650,31100,31150,716632,-0.04740061162079512
2024-05-07,31500,33800,31450,33200,919054,0.0658105939004816
2024-05-08,32800,33350,32000,32500,368909,-0.02108433734939763
2024-05-09,32200,32300,31150,31950,426423,-0.01692307692307693
2024-05-10,32000,32150,30150,30400,511422,-0.04851330203442883
2024-05-13,30000,30750,29100,29650,458590,-0.024671052631578982
2024-05-14,29500,31250,29300,31100,371857,0.04890387858347389
2024-05-16,31650,32800,31000,31750,534189,0.020900321543408262
2024-05-17,31850,32500,31050,32000,327437,0.007874015748031482
2024-05-20,32000,33200,31300,32900,638199,0.028124999999999956
2024-05-21,33000,33150,32250,32700,383951,-0.006079027355623046
2024-05-22,32750,32750,31400,32150,335434,-0.016819571865443472
2024-05-23,32400,33450,32100,32500,380864,0.010886469673405896
2024-05-24,32050,33350,31200,31550,342704,-0.029230769230769282
2024-05-27,31550,31900,30500,31550,335818,0.0
2024-05-28,31600,38200,31600,35450,6816550,0.12361331220285265
2024-05-29,35750,36400,34200,34250,1088550,-0.03385049365303239
2024-05-30,33950,34850,33600,34100,501527,-0.004379562043795637
2024-05-31,34200,36000,33350,34750,836420,0.019061583577712593
2024-06-03,35600,37650,35050,36850,1556569,0.060431654676258884
2024-06-04,36850,38550,35550,36000,1179703,-0.023066485753052923
2024-06-05,37350,38150,35650,35800,971527,-0.005555555555555536
2024-06-07,36350,39600,36150,38200,1597339,0.06703910614525133
2024-06-10,38350,40450,37600,39600,1134422,0.03664921465968596
2024-06-11,40300,41850,39000,40200,926156,0.015151515151515138
2024-06-12,39650,41400,38600,40600,594196,0.00995024875621886
2024-06-13,41200,41450,34100,37350,2675721,-0.08004926108374388
2024-06-14,38000,38750,35500,37400,824206,0.0013386880856760541
2024-06-17,37000,37950,36300,37600,443227,0.005347593582887722
2024-06-18,37050,37750,36400,36650,473009,-0.025265957446808485
2024-06-19,36600,37300,35800,36050,531723,-0.016371077762619368
2024-06-20,36050,36200,34650,35000,662635,-0.029126213592232997
2024-06-21,34800,34850,33450,34400,432268,-0.017142857142857126
2024-06-24,34900,37300,34300,36050,607646,0.04796511627906974
2024-06-25,35550,37850,35100,37000,518275,0.026352288488210807
2024-06-26,37000,37750,36350,37300,258592,0.008108108108108025
2024-06-27,36800,39300,36450,38450,399257,0.030831099195710365
2024-06-28,38450,39000,38000,38450,215510,0.0
2024-07-01,38450,38450,36650,37550,280414,-0.023407022106632036
2024-07-02,37500,37600,36300,36300,239149,-0.03328894806924099
2024-07-03,36100,36350,34900,36100,248642,-0.0055096418732781816
2024-07-04,37000,38300,36500,37700,455612,0.04432132963988922
2024-07-05,38450,38750,37150,37700,334974,0.0
2024-07-08,37800,40500,37550,37700,726758,0.0
2024-07-09,37500,37700,35550,36850,475693,-0.022546419098143256
2024-07-10,36500,36800,35350,35600,222050,-0.03392130257801895
2024-07-11,35450,36000,34450,35100,287244,-0.014044943820224698
2024-07-12,34300,34700,33350,34050,285357,-0.02991452991452992
2024-07-15,34050,34450,32750,33000,283389,-0.03083700440528636
2024-07-16,33000,33200,31800,32550,285692,-0.013636363636363669
2024-07-17,32600,32750,30950,31000,411183,-0.04761904761904767
2024-07-18,29600,31850,29600,31500,306922,0.016129032258064502
2024-07-19,31250,31550,30350,30750,133274,-0.023809523809523836
2024-07-22,30450,30600,29650,30100,248257,-0.021138211382113803
2024-07-23,30950,32000,30000,30350,166345,0.008305647840531671
2024-07-24,30350,31500,30000,31000,114325,0.021416803953871577
2024-07-25,30000,30500,29200,29300,285923,-0.05483870967741933
2024-07-26,29300,29500,28200,28500,275592,-0.027303754266211566
2024-07-29,28950,29200,28450,28850,134837,0.012280701754386003
2024-07-30,28750,28850,27450,27800,149649,-0.036395147313691534
2024-07-31,27900,30100,27250,29800,274331,0.07194244604316546
2024-08-01,31000,32100,30400,31650,355633,0.06208053691275173
2024-08-02,31000,31000,28500,29300,285903,-0.07424960505529221
2024-08-05,28700,28750,22700,23750,651020,-0.18941979522184305
2024-08-06,25000,26700,24800,25750,376006,0.08421052631578951
2024-08-07,25800,28350,25400,28050,315531,0.08932038834951461
2024-08-08,27200,29050,26900,28850,223791,0.028520499108734443
2024-08-09,31100,31200,28400,28550,196370,-0.010398613518197597
2024-08-12,28550,29800,28100,28400,128638,-0.005253940455341555
2024-08-13,28200,28600,27650,27900,82832,-0.017605633802816878
2024-08-14,28800,29100,28200,28350,98447,0.016129032258064502
2024-08-16,29300,29400,28550,28800,110080,0.015873015873015817
2024-08-19,29100,30000,28550,28800,153057,0.0
2024-08-20,29150,29600,28650,28700,81185,-0.00347222222222221
2024-08-21,28150,28950,28000,28750,90787,0.0017421602787457413
2024-08-22,29100,29150,27700,27850,107994,-0.03130434782608693
2024-08-23,27250,28000,26950,27450,143236,-0.014362657091561926
2024-08-26,27750,27950,27150,27200,75246,-0.00910746812386154
2024-08-27,26900,27300,26400,26750,69263,-0.016544117647058876
2024-08-28,26700,27700,26550,27550,81117,0.02990654205607468
2024-08-29,26900,28150,26500,27450,151203,-0.003629764065335772
2024-08-30,27500,27900,26800,27000,244170,-0.016393442622950838
2024-09-02,26850,26850,25950,26200,194790,-0.029629629629629672
2024-09-03,26650,27900,25950,26350,103086,0.005725190839694694
2024-09-04,25450,25550,24550,24900,186673,-0.05502846299810249
2024-09-05,25400,25400,23950,23950,148572,-0.0381526104417671
2024-09-06,23950,24300,23000,23000,184991,-0.039665970772442605
2024-09-09,22550,23600,22300,23150,110259,0.006521739130434856
2024-09-10,23050,23550,22650,23050,85300,-0.004319654427645814
2024-09-11,23500,23850,22750,23450,125054,0.017353579175704903
2024-09-12,24350,25300,24100,24600,164931,0.049040511727078906
2024-09-13,24250,24500,23300,23550,87083,-0.04268292682926833
2024-09-19,23500,23600,22050,22400,376403,-0.04883227176220806
2024-09-20,23200,23700,21950,22000,202175,-0.017857142857142905
2024-09-23,21950,22550,21650,22250,105230,0.011363636363636465
2024-09-24,22250,22600,22000,22600,96644,0.01573033707865168
2024-09-25,22750,23100,22150,22150,142567,-0.019911504424778736
2024-09-26,22650,23700,22650,23000,241791,0.038374717832957206
2024-09-27,23000,23350,22550,22550,98198,-0.019565217391304346
2024-09-30,22450,22550,21600,21700,102085,-0.037694013303769425
2024-10-02,21400,21700,20700,21400,135777,-0.01382488479262678
2024-10-04,21500,21750,21050,21100,67732,-0.014018691588784993
2024-10-07,21100,21800,20750,21600,87561,0.023696682464454888
2024-10-08,21300,21650,20850,20950,83799,-0.03009259259259256
2024-10-10,21100,21450,20200,20350,116319,-0.02863961813842486
2024-10-11,20550,20950,20100,20200,115099,-0.0073710073710073765
2024-10-14,20000,20750,19850,20400,311541,0.00990099009900991
2024-10-15,24950,26500,22050,22300,5179098,0.09313725490196068
2024-10-16,21300,22100,21100,21300,659747,-0.04484304932735428
2024-10-17,21650,21850,20050,20200,655787,-0.05164319248826288
2024-10-18,20200,20350,18720,18750,738489,-0.07178217821782173
2024-10-21,18670,18820,18200,18590,341889,-0.008533333333333282
2024-10-22,18360,18780,17570,17570,397266,-0.0548682087143626
2024-10-23,17450,18340,17140,18130,254279,0.031872509960159334
2024-10-24,17940,17960,17370,17380,170463,-0.04136789851075562
2024-10-25,17420,17730,17070,17250,184741,-0.007479861910241636
2024-10-28,17050,17990,17050,17810,246551,0.03246376811594209
2024-10-29,17920,18640,17700,18450,230143,0.035934868051656466
2024-10-30,18540,19160,17860,17860,298364,-0.03197831978319787
2024-10-31,17610,19360,17530,18650,379282,0.04423292273236279
2024-11-01,18280,18620,18060,18100,165603,-0.029490616621983934
2024-11-04,18270,18570,17990,18500,128343,0.022099447513812098
2024-11-05,18300,18640,18190,18350,100908,-0.008108108108108136
2024-11-06,18360,18660,17800,17930,149970,-0.0228882833787466
2024-11-07,17840,17990,17500,17700,120516,-0.012827663134411638
2024-11-08,18040,18700,17660,17660,112911,-0.002259887005649719
2024-11-11,17880,19000,17460,17800,296327,0.007927519818799578
2024-11-12,17680,17790,16620,16940,279704,-0.04831460674157306
2024-11-13,16600,17200,16310,16340,239639,-0.0354191263282172
2024-11-14,16210,16890,16210,16260,188800,-0.004895960832313362
2024-11-15,16130,17070,16130,16850,180967,0.0362853628536286
2024-11-18,17000,17620,16670,16840,165521,-0.0005934718100890635
2024-11-19,16700,16960,16340,16510,121265,-0.019596199524940627
2024-11-20,16570,16690,16200,16230,129300,-0.01695941853422167
2024-11-21,16310,17820,16130,17180,327526,0.058533579790511325
2024-11-22,17040,17800,17040,17110,203694,-0.004074505238649606
2024-11-25,17200,17870,17200,17720,165159,0.03565166569257738
2024-11-26,17720,18110,17430,17890,106109,0.00959367945823919
2024-11-27,17700,17780,17100,17190,145612,-0.03912800447177189
2024-11-28,17330,17330,16960,17150,65755,-0.0023269342641070168
2024-11-29,17150,17150,16300,16500,105852,-0.03790087463556846
2024-12-02,16660,16870,15680,16450,116101,-0.00303030303030305
