Date,Open,High,Low,Close,Volume,Change
2022-01-03,1165,1170,1095,1110,2547115,-0.05128205128205132
2022-01-04,1110,1125,1090,1120,1346348,0.009009009009008917
2022-01-05,1120,1120,1075,1085,1464341,-0.03125
2022-01-06,1075,1090,1055,1055,947451,-0.027649769585253448
2022-01-07,1080,1085,1040,1050,1360996,-0.004739336492891044
2022-01-10,1065,1065,997,997,2552350,-0.05047619047619045
2022-01-11,999,1010,990,995,798335,-0.0020060180541624506
2022-01-12,998,1010,992,995,693413,0.0
2022-01-13,996,1005,914,965,1465661,-0.03015075376884424
2022-01-14,970,1045,970,999,2008429,0.03523316062176174
2022-01-17,1005,1010,967,971,772889,-0.028028028028028062
2022-01-18,994,994,924,940,771681,-0.03192584963954681
2022-01-19,944,944,887,889,1782901,-0.05425531914893622
2022-01-20,898,910,885,896,559851,0.007874015748031482
2022-01-21,896,940,895,935,646732,0.04352678571428581
2022-01-24,914,939,907,912,470081,-0.024598930481283476
2022-01-25,932,933,883,887,421857,-0.027412280701754388
2022-01-26,869,903,869,880,392246,-0.007891770011273946
2022-01-27,881,890,850,871,514994,-0.010227272727272751
2022-01-28,900,918,879,916,638908,0.051664753157290466
2022-02-03,939,939,911,917,464581,0.0010917030567685337
2022-02-04,934,934,899,899,627177,-0.019629225736095934
2022-02-07,901,907,818,866,785602,-0.036707452725250334
2022-02-08,865,870,849,857,631476,-0.010392609699769073
2022-02-09,857,864,849,852,792440,-0.005834305717619559
2022-02-10,852,855,830,834,640490,-0.021126760563380254
2022-02-11,834,834,799,802,1025107,-0.0383693045563549
2022-02-14,794,799,767,770,1023900,-0.03990024937655856
2022-02-15,787,808,770,773,632638,0.003896103896103842
2022-02-16,796,810,786,802,403191,0.03751617076326008
2022-02-17,808,841,798,830,691076,0.034912718204488824
2022-02-18,830,858,809,853,571356,0.027710843373494054
2022-02-21,853,909,839,881,942841,0.03282532239155911
2022-02-22,869,909,868,877,696961,-0.004540295119182747
2022-02-23,877,897,858,877,500209,0.0
2022-02-24,870,877,819,826,750757,-0.058152793614595244
2022-02-25,832,864,825,828,939083,0.002421307506053294
2022-02-28,850,907,824,870,1153978,0.050724637681159424
2022-03-02,865,891,859,888,607586,0.020689655172413834
2022-03-03,888,898,886,897,397034,0.010135135135135087
2022-03-04,890,901,877,886,608928,-0.012263099219620988
2022-03-07,880,886,820,873,424230,-0.01467268623024831
2022-03-08,850,876,840,855,374085,-0.020618556701030966
2022-03-10,840,871,840,856,289121,0.0011695906432749315
2022-03-11,856,856,834,843,319031,-0.015186915887850483
2022-03-14,843,843,810,824,251873,-0.022538552787663146
2022-03-15,825,837,811,824,163249,0.0
2022-03-16,830,833,790,817,462387,-0.008495145631068013
2022-03-17,823,930,820,872,2466087,0.06731946144430845
2022-03-18,869,895,865,873,363475,0.0011467889908256534
2022-03-21,873,890,870,879,373521,0.0068728522336769515
2022-03-22,880,890,868,884,348309,0.005688282138794021
2022-03-23,884,893,879,882,459704,-0.002262443438914019
2022-03-24,883,889,858,875,439387,-0.007936507936507908
2022-03-25,875,900,869,880,317287,0.005714285714285783
2022-03-28,880,910,863,896,713499,0.018181818181818077
2022-03-29,902,904,889,897,210486,0.0011160714285713969
2022-03-30,887,900,877,885,209533,-0.013377926421404673
2022-03-31,885,900,864,896,337326,0.012429378531073398
2022-04-01,896,904,876,892,350021,-0.004464285714285698
2022-04-04,895,905,866,900,427359,0.008968609865470878
2022-04-05,911,1165,889,985,17391429,0.09444444444444455
2022-04-06,967,996,931,983,3410771,-0.0020304568527919065
2022-04-07,975,1000,954,993,1517024,0.010172939979654183
2022-04-08,982,1010,978,995,1219302,0.002014098690835908
2022-04-11,988,994,966,976,806618,-0.019095477386934623
2022-04-12,962,993,950,973,881230,-0.0030737704918032405
2022-04-13,960,988,960,973,514716,0.0
2022-04-14,982,982,966,972,349164,-0.0010277492291880241
2022-04-15,972,974,945,950,499306,-0.02263374485596703
2022-04-18,945,972,940,953,263688,0.0031578947368420263
2022-04-19,944,950,937,942,452916,-0.011542497376705096
2022-04-20,942,961,925,953,755782,0.011677282377919429
2022-04-21,957,957,928,931,510647,-0.023084994753410304
2022-04-22,922,942,919,931,337980,0.0
2022-04-25,921,931,903,903,487638,-0.03007518796992481
2022-04-26,905,959,905,946,1060198,0.04761904761904767
2022-04-27,932,938,912,928,536832,-0.019027484143763207
2022-04-28,950,953,910,920,496638,-0.008620689655172376
2022-04-29,931,935,915,917,364836,-0.003260869565217428
2022-05-02,915,930,905,930,549895,0.014176663031624903
2022-05-03,935,956,930,940,572358,0.010752688172043001
2022-05-04,941,950,916,922,480406,-0.019148936170212738
2022-05-06,922,922,905,913,300851,-0.009761388286334105
2022-05-09,913,913,855,871,667907,-0.04600219058050381
2022-05-10,850,996,805,935,6268772,0.07347876004592413
2022-05-11,946,999,946,955,4075464,0.021390374331550888
2022-05-12,983,1015,960,973,6697140,0.018848167539267102
2022-05-13,999,1015,975,1000,3108657,0.027749229188078095
2022-05-16,1080,1080,976,1015,3389126,0.014999999999999902
2022-05-17,995,1030,974,1015,1716521,0.0
2022-05-18,1015,1035,1005,1015,1239540,0.0
2022-05-19,995,1005,987,1000,1318519,-0.014778325123152691
2022-05-20,1010,1015,993,993,1518005,-0.007000000000000006
2022-05-23,996,999,956,974,1505852,-0.019133937562940573
2022-05-24,975,1030,966,1010,2678216,0.03696098562628336
2022-05-25,1010,1035,991,992,1764620,-0.017821782178217838
2022-05-26,1010,1010,972,983,849201,-0.009072580645161255
2022-05-27,983,997,971,977,576216,-0.006103763987792443
2022-05-30,988,988,971,975,639648,-0.0020470829068577334
2022-05-31,988,988,973,973,476793,-0.002051282051282022
2022-06-02,983,1020,912,994,3122099,0.021582733812949728
2022-06-03,1000,1095,998,1060,8021230,0.06639839034205242
2022-06-07,1050,1060,1025,1055,2076455,-0.004716981132075526
2022-06-08,1070,1095,1050,1080,4292636,0.023696682464454888
2022-06-09,1130,1150,1060,1065,8454389,-0.01388888888888884
2022-06-10,1055,1090,1025,1075,2659484,0.009389671361502261
2022-06-13,1085,1090,1020,1040,2815041,-0.032558139534883734
2022-06-14,995,1045,995,1040,1874531,0.0
2022-06-15,1035,1040,995,999,1329998,-0.039423076923076894
2022-06-16,1000,1020,985,990,1126486,-0.009009009009009028
2022-06-17,963,984,921,973,1042078,-0.01717171717171717
2022-06-20,995,995,900,909,1698739,-0.06577595066803699
2022-06-21,901,952,875,918,1827662,0.00990099009900991
2022-06-22,915,965,895,943,2189912,0.027233115468409563
2022-06-23,943,952,900,900,1612133,-0.04559915164369033
2022-06-24,939,939,904,933,620657,0.036666666666666625
2022-06-27,933,960,916,924,914101,-0.009646302250803873
2022-06-28,925,926,900,903,944277,-0.022727272727272707
2022-06-29,878,902,875,890,1244402,-0.01439645625692132
2022-06-30,890,890,855,861,890956,-0.032584269662921383
2022-07-01,861,891,853,854,637583,-0.008130081300813052
2022-07-04,857,876,817,825,611281,-0.03395784543325531
2022-07-05,825,841,820,828,377073,0.0036363636363636598
2022-07-06,828,829,810,812,590346,-0.019323671497584516
2022-07-07,815,831,810,820,342324,0.009852216748768461
2022-07-08,830,845,824,827,409235,0.008536585365853666
2022-07-11,828,839,817,822,441202,-0.006045949214026569
2022-07-12,815,816,783,811,436203,-0.01338199513381999
2022-07-13,814,815,793,805,369942,-0.007398273736128225
2022-07-14,806,809,790,802,468318,-0.003726708074534124
2022-07-15,801,801,778,790,547329,-0.014962593516209433
2022-07-18,786,810,781,800,337530,0.012658227848101333
2022-07-19,801,806,794,801,316237,0.0012499999999999734
2022-07-20,808,816,798,802,267883,0.0012484394506866447
2022-07-21,807,807,800,805,286675,0.0037406483790523026
2022-07-22,805,806,794,798,597339,-0.008695652173912993
2022-07-25,796,797,788,791,387210,-0.00877192982456143
2022-07-26,785,794,780,786,273375,-0.006321112515802807
2022-07-27,786,793,782,787,210885,0.0012722646310432406
2022-07-28,790,797,786,789,271080,0.0025412960609911828
2022-07-29,779,789,776,786,682250,-0.0038022813688213253
2022-08-01,792,792,777,783,385893,-0.003816793893129722
2022-08-02,781,784,775,780,529438,-0.003831417624521105
2022-08-03,780,790,776,782,371170,0.002564102564102555
2022-08-04,790,790,778,781,357940,-0.0012787723785165905
2022-08-05,781,782,768,777,654176,-0.005121638924455829
2022-08-08,777,778,767,772,496340,-0.006435006435006385
2022-08-09,772,796,758,788,969464,0.020725388601036343
2022-08-10,788,789,730,757,817132,-0.03934010152284262
2022-08-11,758,767,728,735,1700055,-0.029062087186261576
2022-08-12,735,736,679,683,4444115,-0.07074829931972793
2022-08-16,688,697,665,686,1735452,0.004392386530014614
2022-08-17,697,702,685,692,939816,0.008746355685131268
2022-08-18,691,694,681,689,585681,-0.00433526011560692
2022-08-19,689,692,678,683,405814,-0.00870827285921627
2022-08-22,683,684,666,669,489188,-0.020497803806734938
2022-08-23,664,664,627,636,1004967,-0.04932735426008972
2022-08-24,638,676,637,670,1065305,0.053459119496855445
2022-08-25,671,719,671,697,1368746,0.040298507462686484
2022-08-26,701,711,670,681,588663,-0.022955523672883782
2022-08-29,665,665,640,656,422153,-0.03671071953010274
2022-08-30,650,673,650,668,244702,0.018292682926829285
2022-08-31,671,677,660,673,288623,0.007485029940119681
2022-09-01,669,678,648,655,339150,-0.026745913818722156
2022-09-02,655,659,645,656,294470,0.0015267175572519776
2022-09-05,658,660,638,641,341437,-0.02286585365853655
2022-09-06,641,653,630,640,306363,-0.0015600624024960652
2022-09-07,640,640,614,617,397971,-0.035937499999999956
2022-09-08,613,628,613,618,170094,0.0016207455429497752
2022-09-13,620,632,620,629,416368,0.017799352750809128
2022-09-14,603,624,602,620,393354,-0.014308426073131986
2022-09-15,620,632,617,621,192127,0.001612903225806539
2022-09-16,621,621,595,596,686610,-0.040257648953301084
2022-09-19,600,600,569,570,687350,-0.043624161073825496
2022-09-20,567,583,567,580,298398,0.01754385964912286
2022-09-21,578,585,567,580,318990,0.0
2022-09-22,580,589,561,589,310934,0.01551724137931032
2022-09-23,592,593,568,577,398129,-0.02037351443123936
2022-09-26,548,559,519,519,909408,-0.10051993067590992
2022-09-27,519,536,513,534,361467,0.028901734104046284
2022-09-28,534,538,507,525,323130,-0.016853932584269704
2022-09-29,525,541,519,519,278689,-0.011428571428571455
2022-09-30,503,529,500,514,317786,-0.009633911368015391
2022-10-04,520,527,518,527,198338,0.02529182879377423
2022-10-05,539,539,505,517,367683,-0.018975332068311146
2022-10-06,506,527,501,522,338953,0.009671179883945946
2022-10-07,517,600,516,549,1624092,0.051724137931034475
2022-10-11,547,563,528,538,494784,-0.02003642987249543
2022-10-12,537,537,509,518,507912,-0.03717472118959109
2022-10-13,513,513,462,477,796667,-0.0791505791505791
2022-10-14,481,505,480,502,386988,0.052410901467505155
2022-10-17,501,524,482,516,498225,0.027888446215139417
2022-10-18,539,539,515,520,142388,0.007751937984496138
2022-10-19,520,528,509,509,187134,-0.02115384615384619
2022-10-20,511,524,502,502,143765,-0.013752455795677854
2022-10-21,502,507,480,483,208073,-0.03784860557768921
2022-10-24,485,502,485,488,260682,0.010351966873705987
2022-10-25,501,513,485,485,376613,-0.006147540983606592
2022-10-26,486,506,486,500,359826,0.030927835051546282
2022-10-27,500,500,485,492,172914,-0.016000000000000014
2022-10-28,488,496,480,480,438932,-0.024390243902439046
2022-10-31,481,489,468,470,386261,-0.02083333333333337
2022-11-01,475,499,470,495,349018,0.05319148936170204
2022-11-02,496,496,483,483,188215,-0.024242424242424288
2022-11-03,483,491,477,491,312019,0.016563146997929712
2022-11-04,491,491,478,478,179604,-0.02647657841140527
2022-11-07,481,484,476,480,140862,0.004184100418409997
2022-11-08,480,489,479,484,236088,0.008333333333333304
2022-11-09,487,488,477,477,223814,-0.01446280991735538
2022-11-10,478,479,455,463,559320,-0.02935010482180289
2022-11-11,470,478,466,471,418294,0.017278617710583255
2022-11-14,473,558,468,500,2452365,0.06157112526539277
2022-11-15,505,583,493,544,6893324,0.08800000000000008
2022-11-16,558,567,531,554,1083859,0.018382352941176405
2022-11-17,559,559,532,547,386876,-0.012635379061371799
2022-11-18,545,552,526,537,293950,-0.018281535648994485
2022-11-21,532,537,509,519,445356,-0.03351955307262566
2022-11-22,519,524,507,521,238286,0.003853564547206201
2022-11-23,524,525,515,522,184918,0.0019193857965451588
2022-11-24,523,547,522,540,441671,0.034482758620689724
2022-11-25,543,558,536,542,345894,0.0037037037037037646
2022-11-28,543,575,538,542,636075,0.0
2022-11-29,542,551,521,521,378508,-0.03874538745387457
2022-11-30,527,539,520,535,276783,0.026871401151631558
2022-12-01,548,548,534,534,252154,-0.0018691588785046953
2022-12-02,534,538,520,537,316295,0.00561797752808979
2022-12-05,538,570,537,539,282277,0.003724394785847407
2022-12-06,534,535,521,523,240509,-0.029684601113172504
2022-12-07,518,522,504,517,228691,-0.01147227533460804
2022-12-08,514,515,504,509,157109,-0.015473887814313358
2022-12-09,509,519,497,512,244558,0.005893909626718985
2022-12-12,518,530,506,521,295162,0.017578125
2022-12-13,519,525,509,515,201885,-0.01151631477927062
2022-12-14,515,524,515,516,86688,0.001941747572815622
2022-12-15,520,524,511,522,179412,0.011627906976744207
2022-12-16,522,529,508,514,170073,-0.01532567049808431
2022-12-19,508,570,501,522,2009040,0.015564202334630295
2022-12-20,522,534,512,513,361897,-0.017241379310344862
2022-12-21,513,519,500,504,315692,-0.01754385964912286
2022-12-22,504,518,496,499,328083,-0.009920634920634885
2022-12-23,499,500,463,463,845623,-0.07214428857715427
2022-12-26,464,474,454,454,365657,-0.01943844492440605
2022-12-27,454,463,450,463,241688,0.01982378854625555
2022-12-28,469,490,452,481,537059,0.0388768898488121
2022-12-29,473,474,460,460,157062,-0.043659043659043606
2023-01-02,455,466,449,453,209027,-0.01521739130434785
2023-01-03,443,450,432,444,293111,-0.019867549668874163
2023-01-04,458,476,435,474,335722,0.06756756756756754
2023-01-05,478,511,470,495,582170,0.044303797468354444
2023-01-06,495,498,478,490,186435,-0.010101010101010055
2023-01-09,490,495,480,480,212557,-0.020408163265306145
2023-01-10,480,492,470,472,227679,-0.01666666666666672
2023-01-11,478,483,472,480,172796,0.016949152542372836
2023-01-12,480,483,470,471,157922,-0.018750000000000044
2023-01-13,474,479,458,469,299768,-0.00424628450106157
2023-01-16,472,481,465,470,165499,0.002132196162046851
2023-01-17,470,477,455,456,271576,-0.029787234042553234
2023-01-18,460,463,450,451,295212,-0.010964912280701733
2023-01-19,451,453,444,448,220820,-0.006651884700665134
2023-01-20,448,452,443,451,177737,0.006696428571428603
2023-01-25,452,460,451,457,296547,0.013303769401330268
2023-01-26,459,465,455,460,248992,0.006564551422319376
2023-01-27,463,463,446,463,225807,0.006521739130434856
2023-01-30,474,505,465,499,833582,0.0777537796976242
2023-01-31,499,506,480,496,337616,-0.006012024048096198
2023-02-01,496,504,490,493,255558,-0.006048387096774244
2023-02-02,493,541,489,509,1823950,0.032454361054766734
2023-02-03,514,549,509,533,1349737,0.047151277013752546
2023-02-06,558,612,551,586,6305305,0.09943714821763594
2023-02-07,586,607,573,588,1750024,0.0034129692832765013
2023-02-08,591,635,575,626,2172245,0.06462585034013602
2023-02-09,626,641,610,612,1056141,-0.022364217252396124
2023-02-10,612,612,562,573,828480,-0.06372549019607843
2023-02-13,573,575,522,562,535699,-0.01919720767888311
2023-02-14,553,571,544,544,321122,-0.03202846975088969
2023-02-15,550,552,520,530,539857,-0.02573529411764708
2023-02-16,530,545,522,527,272851,-0.005660377358490565
2023-02-17,528,528,510,511,240270,-0.030360531309297945
2023-02-20,511,511,495,509,262581,-0.003913894324853229
2023-02-21,510,513,487,493,727638,-0.03143418467583492
2023-02-22,492,510,485,508,407230,0.030425963488843744
2023-02-23,505,526,501,513,278165,0.009842519685039353
2023-02-24,513,519,492,503,438668,-0.01949317738791423
2023-02-27,503,505,489,496,133465,-0.013916500994035741
2023-02-28,496,545,494,508,2664709,0.024193548387096753
2023-03-02,515,517,500,509,204633,0.0019685039370078705
2023-03-03,516,516,504,514,153014,0.00982318271119853
2023-03-06,514,547,508,543,557089,0.05642023346303504
2023-03-07,543,545,533,545,269706,0.0036832412523020164
2023-03-08,545,568,535,565,608425,0.03669724770642202
2023-03-09,564,596,557,560,779276,-0.008849557522123908
2023-03-10,560,565,523,539,409428,-0.03749999999999998
2023-03-13,533,535,500,525,448307,-0.025974025974025983
2023-03-14,520,524,493,505,347094,-0.03809523809523807
2023-03-15,505,523,500,509,298588,0.007920792079207928
2023-03-16,509,511,491,508,156491,-0.0019646365422396617
2023-03-17,507,584,489,562,1651322,0.10629921259842523
2023-03-20,562,602,543,599,3058027,0.06583629893238441
2023-03-21,597,597,538,544,1489121,-0.09181969949916524
2023-03-22,544,561,523,541,503861,-0.005514705882352922
2023-03-23,532,553,510,551,802820,0.01848428835489835
2023-03-24,548,590,541,547,1468038,-0.007259528130671544
2023-03-27,547,554,529,542,332760,-0.009140767824497242
2023-03-28,542,554,537,543,464677,0.0018450184501845879
2023-03-29,560,560,505,521,756573,-0.04051565377532229
2023-03-30,520,535,510,519,530540,-0.0038387715930902067
2023-03-31,525,525,505,507,384556,-0.023121387283236983
2023-04-03,507,507,493,498,811512,-0.017751479289940808
2023-04-04,498,518,489,503,623619,0.010040160642570184
2023-04-05,498,517,498,513,292559,0.01988071570576544
2023-04-06,509,512,490,496,792432,-0.033138401559454245
2023-04-07,502,517,481,510,584406,0.02822580645161299
2023-04-10,505,514,490,495,525897,-0.02941176470588236
2023-04-11,490,499,475,476,879478,-0.03838383838383841
2023-04-12,478,517,478,505,1031073,0.060924369747899165
2023-04-13,519,519,489,496,364308,-0.017821782178217838
2023-04-14,500,515,479,500,1498581,0.008064516129032251
2023-04-17,500,549,497,530,3540877,0.06000000000000005
2023-04-18,530,530,507,518,973737,-0.02264150943396226
2023-04-19,518,564,516,563,3058106,0.08687258687258681
2023-04-20,565,619,540,618,4020656,0.09769094138543521
2023-04-21,593,687,588,629,5581040,0.017799352750809128
2023-04-24,628,634,598,624,1326688,-0.007949125596184436
2023-04-25,612,645,586,645,1425976,0.033653846153846256
2023-04-26,649,651,596,616,1413601,-0.04496124031007753
2023-04-27,616,625,530,540,2494270,-0.12337662337662336
2023-04-28,540,558,529,533,906134,-0.012962962962962954
2023-05-02,533,564,501,559,939528,0.04878048780487809
2023-05-03,559,564,542,560,401798,0.0017889087656528524
2023-05-04,555,560,530,535,579658,-0.044642857142857095
2023-05-08,535,548,511,512,744953,-0.04299065420560744
2023-05-09,519,530,509,512,465113,0.0
2023-05-10,513,543,502,515,1226623,0.005859375
2023-05-11,520,527,495,503,1584330,-0.023300970873786353
2023-05-12,503,505,491,496,664579,-0.013916500994035741
2023-05-15,497,504,491,495,370522,-0.0020161290322581182
2023-05-16,495,505,483,496,573105,0.002020202020202033
2023-05-17,495,505,494,505,179089,0.01814516129032251
2023-05-18,501,509,500,506,348316,0.001980198019801982
2023-05-19,511,511,499,504,200507,-0.0039525691699604515
2023-05-22,510,510,492,500,534624,-0.007936507936507908
2023-05-23,504,504,491,502,403999,0.0040000000000000036
2023-05-24,502,503,494,497,172391,-0.009960159362549792
2023-05-25,501,508,487,488,430647,-0.01810865191146882
2023-05-26,490,502,480,486,344325,-0.004098360655737654
2023-05-30,486,502,486,499,141447,0.026748971193415683
2023-05-31,494,507,492,502,246147,0.006012024048096087
2023-06-01,500,515,495,507,492269,0.009960159362549792
2023-06-02,505,512,501,509,168735,0.0039447731755424265
2023-06-05,510,512,502,511,118210,0.003929273084479323
2023-06-07,509,514,503,508,324494,-0.005870841487279899
2023-06-08,508,508,496,505,356093,-0.0059055118110236116
2023-06-09,502,509,493,501,446185,-0.007920792079207928
2023-06-12,500,500,494,499,125178,-0.003992015968063867
2023-06-13,495,501,493,495,296152,-0.008016032064128265
2023-06-14,498,498,484,490,407902,-0.010101010101010055
2023-06-15,490,494,472,479,459464,-0.022448979591836782
2023-06-16,480,487,472,477,455600,-0.0041753653444676075
2023-06-19,477,483,451,466,707767,-0.023060796645702264
2023-06-20,468,471,463,469,201435,0.006437768240343367
2023-06-21,474,483,465,471,339921,0.004264392324093924
2023-06-22,468,477,454,464,212254,-0.014861995753715496
2023-06-23,464,467,452,455,295381,-0.0193965517241379
2023-06-26,455,457,448,454,209949,-0.00219780219780219
2023-06-27,455,460,450,450,276804,-0.008810572687224627
2023-06-28,459,459,435,438,508304,-0.026666666666666616
2023-06-29,438,451,435,440,441559,0.004566210045662045
2023-06-30,436,448,420,434,557195,-0.013636363636363669
2023-07-03,441,512,435,458,5560061,0.055299539170506895
2023-07-04,450,462,435,442,694187,-0.03493449781659386
2023-07-05,443,455,429,436,374735,-0.013574660633484115
2023-07-06,439,439,417,432,817766,-0.00917431192660545
2023-07-07,429,433,420,430,296351,-0.00462962962962965
2023-07-10,433,435,420,429,125188,-0.0023255813953488857
2023-07-11,431,435,412,421,740310,-0.018648018648018683
2023-07-12,421,425,408,415,493496,-0.014251781472684133
2023-07-13,415,421,405,416,295965,0.002409638554216942
2023-07-14,416,421,409,416,217919,0.0
2023-07-17,412,418,400,409,379035,-0.016826923076923128
2023-07-18,402,411,392,407,533448,-0.004889975550122272
2023-07-19,410,410,396,404,226995,-0.0073710073710073765
2023-07-20,404,408,397,408,263607,0.00990099009900991
2023-07-21,405,427,402,413,454245,0.01225490196078427
2023-07-24,417,425,407,420,482052,0.016949152542372836
2023-07-25,420,424,405,415,254951,-0.011904761904761862
2023-07-26,415,420,385,414,700344,-0.002409638554216831
2023-07-27,406,411,394,395,391267,-0.04589371980676327
2023-07-28,395,405,393,405,299013,0.025316455696202445
2023-07-31,405,410,400,410,286584,0.012345679012345734
2023-08-01,412,425,405,414,269571,0.009756097560975618
2023-08-02,414,419,395,406,326484,-0.019323671497584516
2023-08-03,397,415,390,409,476029,0.00738916256157629
2023-08-04,415,450,399,428,926188,0.046454767726161306
2023-08-07,429,466,428,447,978223,0.04439252336448596
2023-08-08,447,455,435,447,293743,0.0
2023-08-09,430,452,430,443,192205,-0.008948545861297563
2023-08-10,440,447,435,444,304381,0.0022573363431150906
2023-08-11,444,464,423,434,909483,-0.022522522522522515
2023-08-14,435,435,399,411,945463,-0.05299539170506917
2023-08-16,411,412,396,404,477141,-0.01703163017031628
2023-08-17,404,411,399,409,223090,0.012376237623762387
2023-08-18,409,409,400,405,159108,-0.009779951100244544
2023-08-21,404,420,400,414,528496,0.022222222222222143
2023-08-22,415,417,401,410,197807,-0.009661835748792313
2023-08-23,410,410,390,410,521614,0.0
2023-08-24,410,414,395,406,585229,-0.009756097560975618
2023-08-25,404,406,391,399,524239,-0.017241379310344862
2023-08-28,402,403,393,398,423423,-0.0025062656641604564
2023-08-29,402,406,395,401,319014,0.007537688442211143
2023-08-30,405,405,397,399,171484,-0.004987531172069848
2023-08-31,399,403,393,398,221442,-0.0025062656641604564
2023-09-01,398,399,395,398,186639,0.0
2023-09-04,393,398,387,388,636934,-0.025125628140703515
2023-09-05,400,504,400,433,34166347,0.115979381443299
2023-09-06,437,463,420,434,5009701,0.002309468822170979
2023-09-07,434,439,411,419,1976737,-0.03456221198156684
2023-09-08,419,421,402,419,1688373,0.0
2023-09-11,424,425,405,415,647537,-0.009546539379474916
2023-09-12,412,422,398,401,1670629,-0.03373493975903619
2023-09-13,401,420,396,418,1062720,0.04239401496259343
2023-09-14,416,422,406,418,566879,0.0
2023-09-15,418,458,416,433,2273649,0.03588516746411474
2023-09-18,436,445,417,426,709119,-0.0161662817551963
2023-09-19,426,448,416,431,1422423,0.011737089201877993
2023-09-20,430,434,419,425,449215,-0.0139211136890951
2023-09-21,420,426,412,424,386697,-0.0023529411764705577
2023-09-22,416,420,407,408,578518,-0.037735849056603765
2023-09-25,408,417,398,398,394928,-0.02450980392156865
2023-09-26,398,404,392,394,388652,-0.01005025125628145
2023-09-27,394,402,391,402,176183,0.020304568527918843
2023-10-04,404,404,395,396,241393,-0.014925373134328401
2023-10-05,396,402,390,390,618481,-0.015151515151515138
2023-10-06,389,394,387,389,323758,-0.002564102564102555
2023-10-10,394,399,381,389,372584,0.0
2023-10-11,389,399,388,396,295371,0.01799485861182526
2023-10-12,400,411,398,404,179069,0.02020202020202011
2023-10-13,407,408,397,401,107666,-0.007425742574257432
2023-10-16,392,401,387,396,128805,-0.012468827930174564
2023-10-17,394,404,394,400,160982,0.010101010101010166
2023-10-18,405,405,395,395,123332,-0.012499999999999956
2023-10-19,390,397,381,386,251521,-0.02278481012658229
2023-10-20,386,388,370,385,375067,-0.002590673575129543
2023-10-23,385,396,374,386,247054,0.0025974025974024872
2023-10-24,394,395,379,386,163044,0.0
2023-10-25,394,394,383,385,92048,-0.002590673575129543
2023-10-26,380,382,369,371,345580,-0.036363636363636376
2023-10-27,367,374,367,370,160236,-0.0026954177897574594
2023-10-30,370,382,369,375,67199,0.013513513513513598
2023-10-31,385,385,370,373,119807,-0.005333333333333301
2023-11-01,373,379,372,378,90587,0.013404825737265424
2023-11-02,379,385,375,385,183449,0.0185185185185186
2023-11-03,387,399,387,394,279855,0.023376623376623273
2023-11-06,404,404,393,399,188860,0.012690355329949332
2023-11-07,396,397,384,393,277906,-0.015037593984962405
2023-11-08,397,398,391,397,114525,0.010178117048346147
2023-11-09,401,401,388,390,177349,-0.017632241813602012
2023-11-10,300,319,273,273,6527602,-0.30000000000000004
2023-11-13,273,273,236,242,6852071,-0.1135531135531136
2023-11-14,253,314,248,295,24385724,0.21900826446280997
2023-11-15,299,312,290,301,4780053,0.02033898305084736
2023-11-16,305,361,302,330,11750576,0.09634551495016619
2023-11-17,333,355,320,325,3595750,-0.015151515151515138
2023-11-20,325,327,312,316,1287556,-0.027692307692307683
2023-11-21,316,330,312,318,868943,0.006329113924050667
2023-11-22,320,320,299,305,1314692,-0.04088050314465408
2023-11-23,306,310,295,297,775868,-0.02622950819672132
2023-11-24,298,305,293,302,744585,0.01683501683501687
2023-11-27,302,316,290,298,627499,-0.013245033112582738
2023-11-28,296,302,294,298,443178,0.0
2023-11-29,298,302,294,297,440419,-0.003355704697986628
2023-11-30,297,303,292,303,450800,0.02020202020202011
2023-12-01,304,308,299,301,488303,-0.0066006600660065695
2023-12-04,298,301,294,294,366556,-0.023255813953488413
2023-12-05,295,296,284,284,417980,-0.03401360544217691
2023-12-06,286,289,280,288,496674,0.014084507042253502
2023-12-07,299,315,285,304,1107801,0.05555555555555558
2023-12-08,304,313,301,307,377122,0.009868421052631637
2023-12-11,307,307,297,300,344182,-0.0228013029315961
2023-12-12,299,303,295,301,371196,0.0033333333333334103
2023-12-13,299,321,295,309,937731,0.02657807308970095
2023-12-14,308,314,291,312,1067849,0.009708737864077666
2023-12-15,0,0,0,312,0,0.0
2023-12-18,0,0,0,312,0,0.0
2023-12-19,0,0,0,312,0,0.0
2023-12-20,0,0,0,312,0,0.0
2023-12-21,0,0,0,312,0,0.0
2023-12-22,0,0,0,312,0,0.0
2023-12-26,0,0,0,312,0,0.0
2023-12-27,0,0,0,312,0,0.0
2023-12-28,0,0,0,312,0,0.0
2024-01-02,0,0,0,312,0,0.0
2024-01-03,0,0,0,312,0,0.0
2024-01-04,0,0,0,312,0,0.0
2024-01-05,0,0,0,312,0,0.0
2024-01-08,1674,1794,1481,1518,1435629,3.865384615384615
2024-01-09,1518,1650,1518,1547,483498,0.01910408432147559
2024-01-10,1555,1567,1518,1548,137366,0.0006464124111182912
2024-01-11,1548,1630,1548,1602,334237,0.03488372093023262
2024-01-12,1602,1602,1536,1577,186954,-0.01560549313358306
2024-01-15,1571,1571,1519,1536,117523,-0.025998731769181993
2024-01-16,1526,1526,1486,1513,96418,-0.01497395833333337
2024-01-17,1508,1508,1470,1480,109151,-0.021810971579643068
2024-01-18,1441,1480,1421,1421,103998,-0.039864864864864846
2024-01-19,1421,1463,1420,1440,68071,0.013370865587614356
2024-01-22,1455,1692,1442,1505,1180451,0.04513888888888884
2024-01-23,1505,1542,1450,1508,102455,0.001993355481727521
2024-01-24,1536,1536,1457,1500,47196,-0.0053050397877983935
2024-01-25,1497,1497,1440,1470,47676,-0.020000000000000018
2024-01-26,1469,1505,1459,1492,36895,0.014965986394557929
2024-01-29,1510,1590,1508,1526,94669,0.02278820375335111
2024-01-30,1527,1550,1505,1545,34181,0.01245085190039319
2024-01-31,1545,1575,1508,1567,54586,0.014239482200647302
2024-02-01,1550,1615,1532,1567,118204,0.0
2024-02-02,1552,1585,1552,1570,41399,0.0019144862795150708
2024-02-05,1588,1604,1550,1604,86946,0.021656050955414008
2024-02-06,1604,1765,1577,1765,261189,0.10037406483790523
2024-02-07,1840,1927,1771,1848,389570,0.047025495750708135
2024-02-08,1800,1800,1640,1676,397221,-0.09307359307359309
2024-02-13,1707,1765,1605,1622,244856,-0.03221957040572787
2024-02-14,1606,1627,1602,1611,90457,-0.006781750924784169
2024-02-15,1616,1616,1579,1605,68977,-0.003724394785847296
2024-02-16,1614,1614,1592,1610,30704,0.0031152647975076775
2024-02-19,1621,1647,1607,1625,51135,0.009316770186335477
2024-02-20,1625,1625,1594,1602,70459,-0.014153846153846183
2024-02-21,1607,1607,1575,1582,75350,-0.012484394506866447
2024-02-22,1582,1582,1516,1535,96555,-0.02970922882427307
2024-02-23,1550,1550,1465,1477,153597,-0.03778501628664499
2024-02-26,1477,1499,1475,1495,51764,0.012186865267433955
2024-02-27,1495,1500,1475,1480,52330,-0.010033444816053505
2024-02-28,1396,1570,1396,1494,67512,0.009459459459459474
2024-02-29,1502,1510,1449,1460,95960,-0.022757697456492587
2024-03-04,1499,1500,1452,1486,82218,0.017808219178082174
2024-03-05,1500,1500,1455,1457,46210,-0.019515477792732216
2024-03-06,1441,1481,1425,1479,39616,0.015099519560741292
2024-03-07,1454,1480,1436,1451,41629,-0.01893171061528065
2024-03-08,1450,1455,1375,1404,140076,-0.03239145416953826
2024-03-11,1404,1450,1404,1426,52077,0.015669515669515688
2024-03-12,1440,1440,1412,1419,49051,-0.004908835904628317
2024-03-13,1452,1490,1415,1417,100330,-0.0014094432699084392
2024-03-14,1410,1442,1410,1428,47254,0.007762879322512406
2024-03-15,1428,1470,1418,1426,68879,-0.0014005602240896309
2024-03-18,1426,1437,1419,1422,27290,-0.0028050490883591017
2024-03-19,1422,1432,1402,1417,33061,-0.0035161744022503827
2024-03-20,1417,1450,1406,1435,118547,0.01270289343683828
2024-03-21,1435,1486,1420,1435,70511,0.0
2024-03-22,1438,1499,1431,1492,123465,0.03972125435540064
2024-03-25,1492,1494,1460,1485,126355,-0.004691689008042843
2024-03-26,1465,1485,1465,1480,60325,-0.0033670033670033517
2024-03-27,1471,1485,1450,1455,40013,-0.016891891891891886
2024-03-28,1468,1482,1455,1459,43003,0.0027491408934707806
2024-03-29,1459,1459,1350,1453,81419,-0.004112405757368043
2024-04-01,1420,1450,1409,1421,38285,-0.0220233998623538
2024-04-02,1449,1449,1402,1421,68422,0.0
2024-04-03,1413,1430,1340,1427,115523,0.004222378606615118
2024-04-04,1429,1461,1425,1433,77052,0.0042046250875964475
2024-04-05,1412,1433,1365,1430,86796,-0.002093510118632236
2024-04-08,1430,1430,1401,1417,34704,-0.009090909090909038
2024-04-09,1401,1416,1401,1401,36926,-0.011291460832745237
2024-04-11,1372,1404,1362,1404,53888,0.0021413276231263545
2024-04-12,1419,1450,1387,1425,48937,0.014957264957264904
2024-04-15,1426,1436,1397,1402,29302,-0.01614035087719301
2024-04-16,1402,1402,1365,1372,41099,-0.021398002853067033
2024-04-17,1379,1379,1353,1370,38780,-0.001457725947521915
2024-04-18,1370,1380,1357,1365,29859,-0.0036496350364964014
2024-04-19,1372,1378,1347,1350,39479,-0.01098901098901095
2024-04-22,1358,1358,1329,1345,30805,-0.0037037037037036535
2024-04-23,1345,1345,1250,1322,40579,-0.017100371747211907
2024-04-24,1322,1348,1319,1334,31676,0.00907715582450841
2024-04-25,1334,1399,1324,1334,22853,0.0
2024-04-26,1334,1405,1334,1344,13163,0.007496251874062887
2024-04-29,1347,1356,1347,1354,31126,0.007440476190476275
2024-04-30,1341,1366,1341,1353,43306,-0.0007385524372230945
2024-05-02,1330,1352,1330,1336,27839,-0.012564671101256475
2024-05-03,1336,1345,1334,1339,53095,0.002245508982035904
2024-05-07,1349,1385,1339,1359,50104,0.014936519790888614
2024-05-08,1359,1381,1358,1381,57345,0.016188373804267853
2024-05-09,1381,1415,1375,1375,83159,-0.00434467776973213
2024-05-10,1375,1460,1375,1396,270351,0.015272727272727327
2024-05-13,1396,1447,1383,1441,102773,0.0322349570200573
2024-05-14,1443,1499,1363,1464,132732,0.015961138098542715
2024-05-16,1464,1848,1464,1547,7676395,0.05669398907103829
2024-05-17,1563,1570,1479,1505,735601,-0.02714932126696834
2024-05-20,1501,1544,1468,1518,223911,0.008637873754152814
2024-05-21,1518,1518,1453,1470,174842,-0.031620553359683834
2024-05-22,1470,1470,1428,1450,116089,-0.013605442176870763
2024-05-23,1450,1450,1381,1442,61399,-0.0055172413793103114
2024-05-24,1435,1456,1418,1436,46821,-0.004160887656033285
2024-05-27,1468,1550,1422,1451,155840,0.010445682451253546
2024-05-28,1475,1498,1421,1464,74853,0.008959338387318994
2024-05-29,1464,1498,1445,1449,65718,-0.010245901639344246
2024-05-30,1449,1471,1407,1445,76672,-0.002760524499654915
2024-05-31,1445,1466,1415,1450,33346,0.0034602076124568004
2024-06-03,1450,1531,1450,1515,155086,0.04482758620689653
2024-06-04,1525,1525,1489,1520,107553,0.0033003300330032292
2024-06-05,1487,1526,1487,1503,93689,-0.011184210526315796
2024-06-07,1503,1530,1475,1494,49044,-0.005988023952095856
2024-06-10,1494,1494,1450,1455,53238,-0.026104417670682722
2024-06-11,1464,1499,1426,1426,64211,-0.01993127147766327
2024-06-12,1426,1478,1426,1428,46010,0.0014025245441795509
2024-06-13,1443,1467,1426,1444,89062,0.011204481792717047
2024-06-14,1444,1444,1402,1407,60107,-0.025623268698060975
2024-06-17,1407,1428,1398,1414,31152,0.004975124378109541
2024-06-18,1413,1425,1405,1414,38810,0.0
2024-06-19,1449,1449,1310,1351,102415,-0.044554455445544594
2024-06-20,1360,1459,1360,1421,67442,0.051813471502590636
2024-06-21,1413,1413,1360,1372,58534,-0.03448275862068961
2024-06-24,1379,1379,1330,1339,70104,-0.024052478134110822
2024-06-25,1339,1376,1329,1356,20240,0.012696041822255477
2024-06-26,1356,1371,1336,1363,32742,0.005162241887905594
2024-06-27,1363,1399,1351,1352,31872,-0.00807043286867204
2024-06-28,1352,1388,1330,1388,57494,0.026627218934911268
2024-07-01,1388,1395,1375,1386,108840,-0.0014409221902017544
2024-07-02,1524,1800,1399,1420,8569353,0.024531024531024626
2024-07-03,1413,1438,1334,1371,660766,-0.03450704225352108
2024-07-04,1371,1390,1350,1354,157431,-0.012399708242158969
2024-07-05,1368,1368,1330,1330,123184,-0.017725258493353047
2024-07-08,1310,1324,1298,1321,120090,-0.006766917293233088
2024-07-09,1321,1380,1308,1351,106679,0.022710068130204375
2024-07-10,1351,1380,1347,1360,68689,0.006661732050333047
2024-07-11,1355,1450,1355,1384,212756,0.01764705882352935
2024-07-12,1371,1404,1346,1398,71673,0.01011560693641611
2024-07-15,1392,1396,1361,1378,73835,-0.014306151645207432
2024-07-16,1380,1598,1352,1539,3370682,0.11683599419448476
2024-07-17,1533,1533,1401,1463,657821,-0.04938271604938271
2024-07-18,1458,1502,1400,1424,185083,-0.02665755297334249
2024-07-19,1424,1487,1422,1461,176839,0.025983146067415808
2024-07-22,1480,1533,1463,1501,341496,0.027378507871321123
2024-07-23,1505,1521,1446,1450,188260,-0.03397734843437705
2024-07-24,1436,1495,1428,1495,127686,0.03103448275862064
2024-07-25,1510,1510,1451,1476,149450,-0.012709030100334417
2024-07-26,1495,1513,1477,1504,97567,0.01897018970189701
2024-07-29,1540,1540,1474,1505,75320,0.0006648936170212671
2024-07-30,1502,1539,1489,1507,166434,0.0013289036544850141
2024-07-31,1491,1511,1480,1490,69280,-0.011280690112806857
2024-08-01,1490,1527,1490,1508,100129,0.012080536912751683
2024-08-02,1495,1495,1423,1444,140590,-0.04244031830238726
