Date,Open,High,Low,Close,Volume,Change
2022-01-03,8890,9190,8660,9100,955890,0.03409090909090917
2022-01-04,9110,9150,8700,8920,715735,-0.01978021978021982
2022-01-05,8860,8860,8400,8400,675880,-0.058295964125560484
2022-01-06,8140,8270,7570,7670,1566015,-0.08690476190476193
2022-01-07,7670,7970,7670,7820,467905,0.019556714471968606
2022-01-10,7799,7799,7520,7590,365475,-0.02941176470588236
2022-01-11,7639,7700,7180,7310,609505,-0.03689064558629773
2022-01-12,7349,7540,7340,7480,341020,0.023255813953488413
2022-01-13,7480,7510,7120,7140,449260,-0.045454545454545414
2022-01-14,7060,7250,6920,7190,275540,0.007002801120448154
2022-01-17,7190,7400,7110,7270,238265,0.011126564673157091
2022-01-18,7270,7660,7260,7600,392850,0.0453920220082531
2022-01-19,7580,7680,7410,7530,308395,-0.009210526315789447
2022-01-20,7450,7950,7440,7930,475560,0.05312084993359889
2022-01-21,7950,8190,7610,7820,1158830,-0.013871374527112179
2022-01-24,7940,8010,7440,7440,589425,-0.04859335038363166
2022-01-25,7500,7590,6860,7200,710830,-0.032258064516129004
2022-01-26,7130,7450,7050,7280,332735,0.011111111111111072
2022-01-27,7240,7370,6980,7120,307125,-0.02197802197802201
2022-01-28,7120,7360,6940,7290,339205,0.023876404494381998
2022-02-03,7290,7450,7140,7140,311205,-0.020576131687242816
2022-02-04,7060,7240,6990,7210,274385,0.009803921568627416
2022-02-07,7310,7450,7100,7370,235305,0.02219140083217752
2022-02-08,7370,7490,7130,7250,186830,-0.016282225237449155
2022-02-09,7290,7350,7220,7310,120385,0.008275862068965578
2022-02-10,7360,7420,7120,7190,253975,-0.01641586867305067
2022-02-11,7150,7270,7040,7060,215775,-0.018080667593880384
2022-02-14,6910,7030,6340,6360,706500,-0.09915014164305946
2022-02-15,6299,6520,6059,6190,561430,-0.026729559748427723
2022-02-16,6280,6590,6280,6590,264530,0.06462035541195466
2022-02-17,6610,6700,6320,6560,211965,-0.004552352048558417
2022-02-18,6400,6630,6300,6560,109610,0.0
2022-02-21,6460,6510,6300,6480,128885,-0.012195121951219523
2022-02-22,6449,6449,6200,6260,154705,-0.03395061728395066
2022-02-23,6370,6469,6320,6460,80510,0.03194888178913735
2022-02-24,6390,6590,6190,6240,177865,-0.034055727554179516
2022-02-25,6250,6440,6250,6390,112575,0.024038461538461453
2022-02-28,6380,6500,6300,6440,103460,0.00782472613458518
2022-03-02,6440,6730,6370,6700,172835,0.04037267080745344
2022-03-03,6670,6900,6670,6880,134960,0.02686567164179099
2022-03-04,6810,6900,6700,6720,88790,-0.023255813953488413
2022-03-07,6750,6750,6440,6480,138230,-0.0357142857142857
2022-03-08,6570,6700,6419,6450,201960,-0.00462962962962965
2022-03-10,6580,6770,6510,6550,132955,0.015503875968992276
2022-03-11,6660,6660,6460,6570,56300,0.003053435114503733
2022-03-14,6560,6560,6139,6350,116560,-0.0334855403348554
2022-03-15,6349,6420,6309,6380,71165,0.0047244094488188
2022-03-16,6400,6570,6380,6570,68085,0.029780564263322873
2022-03-17,6660,6820,6660,6800,150555,0.035007610350076046
2022-03-18,6870,6870,6720,6780,112040,-0.002941176470588225
2022-03-21,6780,6830,6660,6690,99155,-0.013274336283185861
2022-03-22,6630,6860,6600,6860,143605,0.025411061285500747
2022-03-23,6910,7040,6880,6940,172495,0.011661807580174877
2022-03-24,6910,6990,6780,6930,117465,-0.0014409221902017544
2022-03-25,6940,7080,6920,7040,165830,0.015873015873015817
2022-03-28,7070,7090,6930,7060,120190,0.0028409090909091717
2022-03-29,7090,7260,7080,7250,293075,0.026912181303116123
2022-03-30,7280,7350,7080,7100,226210,-0.020689655172413834
2022-03-31,7100,7170,6880,6980,166380,-0.016901408450704203
2022-04-01,6940,7010,6820,6950,82435,-0.004297994269340966
2022-04-04,7160,7160,6950,7020,76785,0.010071942446043147
2022-04-05,7020,7090,6960,7010,63430,-0.0014245014245014564
2022-04-06,6940,7050,6880,6880,98490,-0.01854493580599148
2022-04-07,6820,6880,6640,6670,209985,-0.030523255813953543
2022-04-08,6680,6740,6500,6590,164060,-0.01199400299850073
2022-04-11,6610,6610,6420,6460,135660,-0.019726858877086473
2022-04-12,6440,6580,6340,6480,102595,0.003095975232198178
2022-04-13,6490,6640,6430,6590,97035,0.016975308641975273
2022-04-14,6600,6650,6510,6620,94245,0.004552352048558417
2022-04-15,6600,6660,6500,6650,68165,0.004531722054380571
2022-04-18,6740,6840,6700,6760,167505,0.016541353383458635
2022-04-19,6760,6950,6670,6820,220800,0.008875739644970349
2022-04-20,6920,6920,6760,6850,97135,0.004398826979472137
2022-04-21,6850,6850,6710,6760,111330,-0.013138686131386912
2022-04-22,6760,6760,6610,6650,73250,-0.016272189349112454
2022-04-25,6520,6650,6430,6430,106175,-0.03308270676691727
2022-04-26,6400,6550,6400,6470,48120,0.0062208398133747345
2022-04-27,6360,6470,6280,6360,141695,-0.01700154559505407
2022-04-28,6360,6369,6260,6260,115735,-0.01572327044025157
2022-04-29,6290,6370,6200,6230,128375,-0.004792332268370614
2022-05-02,6210,6229,6060,6060,169235,-0.027287319422150902
2022-05-03,6069,6260,6060,6220,127905,0.0264026402640265
2022-05-04,6420,6459,6219,6230,221395,0.001607717041800738
2022-05-06,6100,6290,6100,6200,76360,-0.0048154093097912964
2022-05-09,6140,6280,5960,6000,155855,-0.032258064516129004
2022-05-10,5820,6000,5680,5900,143325,-0.01666666666666672
2022-05-11,5820,5990,5730,5890,148305,-0.0016949152542372614
2022-05-12,5870,6099,5779,5810,129085,-0.01358234295415961
2022-05-13,5850,6030,5850,5920,136435,0.018932874354561147
2022-05-16,6060,6100,5860,5860,130810,-0.010135135135135087
2022-05-17,5960,5980,5860,5900,73725,0.006825938566553003
2022-05-18,5910,5970,5870,5870,85530,-0.005084745762711895
2022-05-19,5660,5860,5640,5840,132570,-0.005110732538330498
2022-05-20,5870,5950,5800,5930,84340,0.015410958904109595
2022-05-23,5950,6010,5860,5950,79700,0.003372681281618828
2022-05-24,5970,5970,5790,5790,92680,-0.026890756302521024
2022-05-25,5740,5810,5620,5740,137380,-0.008635578583765069
2022-05-26,5729,6040,5729,5940,238890,0.03484320557491283
2022-05-27,6000,6150,6000,6150,150810,0.03535353535353525
2022-05-30,6190,6379,6070,6310,196460,0.026016260162601723
2022-05-31,6250,6499,6240,6450,219975,0.022187004754358197
2022-06-02,6460,6770,6430,6620,356790,0.02635658914728678
2022-06-03,6630,6700,6450,6480,228350,-0.02114803625377648
2022-06-07,6459,6500,6350,6350,97320,-0.020061728395061706
2022-06-08,6380,6680,6320,6460,147170,0.017322834645669305
2022-06-09,6590,6590,6419,6450,115135,-0.001547987616099089
2022-06-10,6450,6550,6360,6480,98775,0.0046511627906977715
2022-06-13,6370,6370,6000,6090,224845,-0.06018518518518523
2022-06-14,5790,6380,5790,6370,220080,0.04597701149425282
2022-06-15,6370,6739,6339,6370,684250,0.0
2022-06-16,6600,6600,6210,6230,373495,-0.02197802197802201
2022-06-17,6100,6260,5950,6190,177490,-0.006420545746388395
2022-06-20,6200,6220,5600,5690,431575,-0.08077544426494343
2022-06-21,5700,5780,5420,5560,262565,-0.02284710017574687
2022-06-22,5629,5660,5070,5100,346055,-0.08273381294964033
2022-06-23,5100,5260,4830,4830,353475,-0.05294117647058827
2022-06-24,4760,5150,4760,5140,196480,0.06418219461697716
2022-06-27,5289,5340,5180,5300,98305,0.03112840466926059
2022-06-28,5280,5320,5140,5260,123205,-0.007547169811320753
2022-06-29,5160,5300,5140,5240,97600,-0.0038022813688213253
2022-06-30,5230,5300,5070,5120,102405,-0.022900763358778664
2022-07-01,5140,5200,4900,5040,149275,-0.015625
2022-07-04,5040,5060,4770,4870,146830,-0.03373015873015872
2022-07-05,4870,5160,4870,5160,136690,0.05954825462012314
2022-07-06,5140,5400,5110,5220,318925,0.011627906976744207
2022-07-07,5240,5450,5240,5430,125110,0.04022988505747116
2022-07-08,5480,5940,5480,5750,522670,0.058931860036832484
2022-07-11,5710,5820,5600,5620,174340,-0.022608695652173938
2022-07-12,5659,6010,5610,5910,705840,0.05160142348754437
2022-07-13,5860,6260,5660,6160,741070,0.04230118443316422
2022-07-14,6150,6150,5920,5920,335015,-0.038961038961038974
2022-07-15,5890,5920,5620,5630,294025,-0.048986486486486513
2022-07-18,5630,5750,5590,5750,113125,0.02131438721136769
2022-07-19,5700,5860,5600,5840,94040,0.01565217391304352
2022-07-20,5900,6040,5870,5960,253350,0.020547945205479534
2022-07-21,6000,6069,5900,5980,155935,0.003355704697986628
2022-07-22,6020,6080,5900,6000,128245,0.0033444816053511683
2022-07-25,6000,6080,5920,6000,71665,0.0
2022-07-26,5990,6050,5930,6000,68835,0.0
2022-07-27,5960,6000,5880,5960,89460,-0.00666666666666671
2022-07-28,6020,6040,5880,5950,84480,-0.001677852348993314
2022-07-29,5960,6109,5920,6060,116530,0.018487394957983128
2022-08-01,6020,6070,5950,5960,76025,-0.01650165016501648
2022-08-02,5920,5930,5780,5880,165685,-0.01342281879194629
2022-08-03,5890,6030,5880,5960,66145,0.013605442176870763
2022-08-04,6019,6060,5960,6050,87995,0.015100671140939603
2022-08-05,6060,6089,5950,6020,110460,-0.0049586776859503745
2022-08-08,5970,6090,5920,6040,88580,0.0033222591362125353
2022-08-09,6040,6040,5950,5950,80640,-0.01490066225165565
2022-08-10,5930,6000,5859,5890,88140,-0.010084033613445342
2022-08-11,5900,6020,5900,6000,82030,0.018675721561969505
2022-08-12,6060,6930,6060,6540,2137530,0.09000000000000008
2022-08-16,6500,6560,6270,6340,389985,-0.030581039755351647
2022-08-17,6440,6580,6390,6520,491915,0.028391167192429068
2022-08-18,6450,6830,6380,6700,486065,0.027607361963190247
2022-08-19,6780,6840,6620,6640,262590,-0.008955223880596996
2022-08-22,6570,6600,6320,6350,282610,-0.04367469879518071
2022-08-23,6200,6280,5990,6000,288310,-0.055118110236220486
2022-08-24,6010,6200,6000,6130,104600,0.021666666666666723
2022-08-25,6099,6179,6070,6170,94065,0.006525285481239873
2022-08-26,6189,6189,6040,6140,126995,-0.004862236628849326
2022-08-29,5950,6250,5910,6230,159165,0.014657980456026065
2022-08-30,6240,6370,6130,6240,169710,0.0016051364365972098
2022-08-31,6200,6480,6160,6400,215770,0.02564102564102555
2022-09-01,6400,6520,6310,6410,154250,0.0015624999999999112
2022-09-02,6420,6420,6240,6320,100855,-0.01404056162246492
2022-09-05,6320,6390,6040,6070,132915,-0.039556962025316444
2022-09-06,6200,6640,6179,6490,603990,0.06919275123558477
2022-09-07,6500,6699,6420,6550,441035,0.009244992295839749
2022-09-08,6660,6680,6460,6500,279015,-0.007633587786259555
2022-09-13,6570,6630,6500,6600,209925,0.01538461538461533
2022-09-14,6320,6550,6320,6480,128675,-0.018181818181818188
2022-09-15,6490,6900,6430,6720,724140,0.03703703703703698
2022-09-16,6760,6760,6400,6530,441930,-0.028273809523809534
2022-09-19,6470,6580,6310,6340,218715,-0.029096477794793296
2022-09-20,6350,6470,6310,6340,83545,0.0
2022-09-21,6240,6460,6220,6320,91870,-0.003154574132492094
2022-09-22,6230,6310,6170,6250,125905,-0.011075949367088556
2022-09-23,6400,6400,6120,6140,138460,-0.01759999999999995
2022-09-26,6100,6169,5820,5860,231445,-0.0456026058631922
2022-09-27,5800,5940,5649,5860,160510,0.0
2022-09-28,5760,5929,5200,5460,216690,-0.06825938566552903
2022-09-29,5520,5760,5500,5500,117795,0.0073260073260073
2022-09-30,5380,5499,5310,5350,136655,-0.027272727272727226
2022-10-04,5590,5800,5420,5680,164120,0.06168224299065428
2022-10-05,5790,5830,5550,5600,101420,-0.014084507042253502
2022-10-06,5610,5760,5600,5730,45820,0.023214285714285632
2022-10-07,5730,5909,5650,5820,73100,0.015706806282722585
2022-10-11,5760,5889,5580,5620,81010,-0.03436426116838487
2022-10-12,5539,5650,5470,5570,53940,-0.008896797153024938
2022-10-13,5560,5590,5200,5200,121370,-0.06642728904847395
2022-10-14,5250,5380,5250,5310,172860,0.02115384615384608
2022-10-17,5200,5380,5160,5360,44525,0.009416195856873921
2022-10-18,5460,5580,5340,5480,68495,0.02238805970149249
2022-10-19,5539,5539,5350,5370,49850,-0.02007299270072993
2022-10-20,5360,5360,5190,5290,79720,-0.014897579143389184
2022-10-21,5290,5309,5110,5180,95010,-0.020793950850661602
2022-10-24,5240,5310,5160,5200,46655,0.0038610038610038533
2022-10-25,5210,5280,5120,5200,67740,0.0
2022-10-26,5220,5260,5150,5160,35315,-0.007692307692307665
2022-10-27,5100,5200,5100,5170,44260,0.0019379844961240345
2022-10-28,5170,5170,5010,5030,74155,-0.027079303675048405
2022-10-31,5130,5140,5030,5120,51175,0.017892644135188762
2022-11-01,5080,5150,5080,5130,62770,0.001953125
2022-11-02,5150,5160,5090,5140,21295,0.0019493177387914784
2022-11-03,4980,5160,4980,5140,67350,0.0
2022-11-04,5150,5150,5010,5060,59600,-0.015564202334630295
2022-11-07,5050,5060,4940,4980,118625,-0.015810276679841917
2022-11-08,4980,5150,4980,5090,80185,0.02208835341365467
2022-11-09,5170,5429,5100,5260,327335,0.03339882121807469
2022-11-10,5250,5270,5150,5190,78240,-0.013307984790874472
2022-11-11,5379,5390,5230,5370,145540,0.034682080924855585
2022-11-14,5370,5400,5280,5340,66045,-0.005586592178770999
2022-11-15,5350,5350,5190,5330,87965,-0.0018726591760299671
2022-11-16,5320,5330,5260,5320,54840,-0.0018761726078799779
2022-11-17,5270,5390,5270,5290,51765,-0.005639097744360888
2022-11-18,5390,5390,5300,5320,44850,0.005671077504725952
2022-11-21,5320,5320,5120,5170,95045,-0.02819548872180455
2022-11-22,5060,5210,5060,5210,48710,0.007736943907156624
2022-11-23,5210,5300,5160,5270,55590,0.011516314779270731
2022-11-24,5290,5330,5260,5320,36320,0.009487666034155628
2022-11-25,5280,5330,5240,5240,28190,-0.015037593984962405
2022-11-28,5260,5260,4920,5070,216915,-0.03244274809160308
2022-11-29,5120,5120,4960,5060,69915,-0.0019723865877712132
2022-11-30,5120,5160,5020,5050,71385,-0.0019762845849802257
2022-12-01,5100,5200,5080,5170,77335,0.023762376237623783
2022-12-02,5160,5260,5120,5220,68685,0.009671179883945946
2022-12-05,5160,5320,5160,5240,46750,0.003831417624521105
2022-12-06,5240,5380,5170,5260,96210,0.003816793893129722
2022-12-07,5240,5370,5160,5210,61085,-0.009505703422053258
2022-12-08,5150,5230,5120,5220,67155,0.0019193857965451588
2022-12-09,5270,5299,5180,5250,57780,0.005747126436781658
2022-12-12,5300,5300,5190,5240,36775,-0.0019047619047618536
2022-12-13,5189,5240,5180,5180,24360,-0.011450381679389277
2022-12-14,5180,5249,5150,5220,29170,0.007722007722007707
2022-12-15,5269,5269,5140,5180,34930,-0.007662835249042099
2022-12-16,5070,5180,5050,5060,43465,-0.02316602316602312
2022-12-19,5090,5100,5000,5030,21365,-0.005928853754940677
2022-12-20,5060,5060,4900,4910,69325,-0.02385685884691846
2022-12-21,4960,4960,4870,4910,29790,0.0
2022-12-22,4910,4930,4870,4910,22795,0.0
2022-12-23,4910,4910,4750,4760,58180,-0.03054989816700615
2022-12-26,4760,4790,4660,4670,59940,-0.018907563025210128
2022-12-27,4700,4700,4630,4690,47460,0.004282655246252709
2022-12-28,4590,4670,4540,4600,51005,-0.019189765458422214
2022-12-29,4610,4610,4320,4320,146595,-0.060869565217391286
2023-01-02,4330,4370,4080,4080,110990,-0.05555555555555558
2023-01-03,4030,4160,4010,4160,62345,0.019607843137254832
2023-01-04,4040,4250,4040,4240,87210,0.019230769230769162
2023-01-05,4260,4330,4200,4320,41885,0.018867924528301883
2023-01-06,4320,4410,4210,4370,92160,0.011574074074074181
2023-01-09,4370,4460,4350,4420,32665,0.011441647597254079
2023-01-10,4430,4450,4320,4370,30960,-0.011312217194570096
2023-01-11,4440,4440,4360,4380,44195,0.0022883295194509046
2023-01-12,4420,4560,4410,4530,91685,0.03424657534246567
2023-01-13,4530,4530,4450,4450,44630,-0.017660044150110354
2023-01-16,4500,4580,4410,4580,49300,0.02921348314606731
2023-01-17,4580,4590,4450,4460,34740,-0.026200873362445365
2023-01-18,4420,4800,4370,4600,130645,0.03139013452914807
2023-01-19,4590,5260,4480,4800,2399485,0.04347826086956519
2023-01-20,4780,5040,4760,4850,472290,0.01041666666666674
2023-01-25,4950,5120,4830,5010,365340,0.03298969072164959
2023-01-26,5020,5270,5010,5190,291705,0.03592814371257491
2023-01-27,5210,5370,5180,5290,451670,0.019267822736030782
2023-01-30,5270,5270,5000,5210,263410,-0.015122873345935761
2023-01-31,5160,5320,5110,5280,210000,0.013435700575815668
2023-02-01,5300,5329,5160,5220,196210,-0.011363636363636354
2023-02-02,5280,5320,5180,5280,128870,0.011494252873563315
2023-02-03,5350,5410,5290,5360,188325,0.015151515151515138
2023-02-06,5380,5700,5220,5240,321385,-0.02238805970149249
2023-02-07,5309,5400,5280,5340,163410,0.01908396946564883
2023-02-08,5339,5490,5300,5470,224430,0.02434456928838946
2023-02-09,5400,5450,5280,5430,106935,-0.007312614259597838
2023-02-10,5420,5420,5200,5200,173485,-0.0423572744014733
2023-02-13,5200,5260,5060,5120,115135,-0.01538461538461533
2023-02-14,5180,5200,5020,5060,77040,-0.01171875
2023-02-15,5200,5200,4900,4900,138160,-0.031620553359683834
2023-02-16,4920,5080,4910,5020,61870,0.02448979591836742
2023-02-17,5020,5020,4840,4910,94515,-0.021912350597609542
2023-02-20,4940,5140,4910,5030,92745,0.024439918533604832
2023-02-21,5030,5110,4960,5050,107205,0.003976143141153132
2023-02-22,5050,5050,4880,4880,65190,-0.03366336633663369
2023-02-23,4880,4990,4810,4900,63130,0.004098360655737654
2023-02-24,4900,4950,4820,4830,62330,-0.014285714285714235
2023-02-27,4830,4840,4690,4790,75595,-0.008281573498964856
2023-02-28,4810,4870,4740,4800,65905,0.0020876826722338038
2023-03-02,4810,4940,4760,4930,82815,0.027083333333333348
2023-03-03,4960,4960,4780,4780,106405,-0.030425963488843855
2023-03-06,4740,4820,4730,4770,72465,-0.0020920502092049986
2023-03-07,4770,4800,4690,4780,59105,0.002096436058700135
2023-03-08,4750,4780,4650,4660,75720,-0.025104602510460206
2023-03-09,4640,4740,4560,4710,100060,0.010729613733905685
2023-03-10,4740,4960,4700,4760,224295,0.010615711252653925
2023-03-13,4740,4740,4500,4730,144775,-0.006302521008403339
2023-03-14,4730,4730,4350,4350,156240,-0.08033826638477803
2023-03-15,4420,4530,4410,4430,60755,0.01839080459770126
2023-03-16,4430,4430,4310,4340,81450,-0.020316027088036148
2023-03-17,4400,4550,4360,4510,75820,0.03917050691244239
2023-03-20,4500,4610,4460,4460,54470,-0.011086474501108667
2023-03-21,4450,4560,4450,4480,41745,0.004484304932735439
2023-03-22,4530,4530,4400,4420,69915,-0.013392857142857095
2023-03-23,4400,4520,4360,4410,64330,-0.002262443438914019
2023-03-24,4460,4500,4300,4460,57700,0.01133786848072571
2023-03-27,4500,4500,4320,4380,71275,-0.017937219730941756
2023-03-28,4380,4530,4380,4490,71920,0.02511415525114158
2023-03-29,4450,4560,4340,4520,71375,0.006681514476614803
2023-03-30,4600,4600,4490,4490,53010,-0.006637168141592875
2023-03-31,4500,4520,4400,4450,76510,-0.008908685968819552
2023-04-03,4550,4550,4380,4440,120320,-0.0022471910112359383
2023-04-04,4520,4590,4430,4530,119290,0.020270270270270174
2023-04-05,4530,4550,4470,4520,91660,-0.002207505518763808
2023-04-06,4490,4580,4350,4350,191945,-0.03761061946902655
2023-04-07,4400,4400,4300,4320,96115,-0.006896551724137945
2023-04-10,4320,4320,4130,4180,156125,-0.03240740740740744
2023-04-11,4290,4300,4090,4280,137380,0.02392344497607657
2023-04-12,4280,4300,4200,4280,102350,0.0
2023-04-13,4280,4280,4180,4250,60465,-0.007009345794392496
2023-04-14,4240,4360,4240,4360,140720,0.025882352941176467
2023-04-17,4360,4370,4270,4350,92780,-0.002293577981651418
2023-04-18,4350,4350,4250,4290,63730,-0.01379310344827589
2023-04-19,4330,4380,4250,4360,153415,0.01631701631701632
2023-04-20,4360,4380,4180,4200,126735,-0.03669724770642202
2023-04-21,4180,4200,4100,4110,112105,-0.021428571428571463
2023-04-24,4110,4140,4000,4010,124215,-0.024330900243308973
2023-04-25,4010,4030,3904,3904,161705,-0.026433915211970027
2023-04-26,3902,4010,3864,3972,63735,0.01741803278688514
2023-04-27,3972,3980,3889,3962,61255,-0.0025176233635447742
2023-04-28,3980,4000,3918,3948,65480,-0.0035335689045936647
2023-05-02,3910,3962,3910,3944,38915,-0.0010131712259371373
2023-05-03,3944,3986,3908,3984,51720,0.010141987829614507
2023-05-04,3960,4030,3948,4020,37565,0.009036144578313143
2023-05-08,4020,4050,3994,4020,50605,0.0
2023-05-09,4070,4070,3978,4040,31270,0.004975124378109541
2023-05-10,4040,4080,4000,4010,53725,-0.007425742574257432
2023-05-11,4009,4060,3998,4010,58040,0.0
2023-05-12,4010,4020,3900,3940,122790,-0.017456359102244412
2023-05-15,3922,3922,3858,3862,109000,-0.019796954314720838
2023-05-16,3854,3912,3850,3852,58950,-0.002589331952356333
2023-05-17,3844,3890,3844,3868,38905,0.004153686396677125
2023-05-18,3870,3950,3870,3900,46965,0.008273009307135482
2023-05-19,3900,3970,3900,3964,53060,0.016410256410256396
2023-05-22,3990,3990,3956,3980,44125,0.004036326942482349
2023-05-23,3980,4029,3957,3990,51740,0.002512562814070307
2023-05-24,4020,4290,4009,4050,350480,0.015037593984962516
2023-05-25,4120,4140,4060,4110,81620,0.014814814814814836
2023-05-26,4110,4130,4040,4040,69845,-0.01703163017031628
2023-05-30,4049,4120,4049,4090,48205,0.012376237623762387
2023-05-31,4110,4140,4080,4110,27055,0.004889975550122161
2023-06-01,4120,4140,4020,4110,68105,0.0
2023-06-02,4150,4150,4060,4070,27390,-0.009732360097323589
2023-06-05,4080,4100,4030,4060,44255,-0.002457002457002422
2023-06-07,4040,4260,4040,4200,310145,0.034482758620689724
2023-06-08,4250,4540,4150,4190,838185,-0.0023809523809523725
2023-06-09,4290,4290,4190,4210,144455,0.004773269689737569
2023-06-12,4210,4210,4080,4180,96580,-0.0071258907363420665
2023-06-13,4190,4210,4140,4180,43630,0.0
2023-06-14,4160,4180,3996,4020,131525,-0.038277511961722466
2023-06-15,4050,4060,3994,3998,77785,-0.005472636815920362
2023-06-16,4010,4020,3980,4020,71955,0.005502751375687787
2023-06-19,4050,4050,3982,3996,37190,-0.005970149253731294
2023-06-20,3996,4030,3980,3992,51665,-0.0010010010010009784
2023-06-21,4000,4009,3961,3962,54400,-0.00751503006012022
2023-06-22,3960,3976,3920,3920,56310,-0.010600706713780883
2023-06-23,3938,3938,3878,3908,48660,-0.003061224489795955
2023-06-26,3906,3920,3850,3910,45200,0.0005117707267143778
2023-06-27,3910,4000,3870,3882,32675,-0.00716112531969304
2023-06-28,3868,3918,3858,3864,71785,-0.004636785162287493
2023-06-29,3860,3902,3760,3764,91040,-0.025879917184264967
2023-06-30,3808,3808,3676,3702,84880,-0.016471838469713118
2023-07-03,3702,4500,3702,3908,3845025,0.05564559697460836
2023-07-04,3908,3982,3881,3922,303920,0.003582395087001089
2023-07-05,3968,4030,3921,3970,312895,0.012238653748087636
2023-07-06,3980,4230,3924,4050,526975,0.02015113350125941
2023-07-07,4070,4120,4000,4010,145600,-0.00987654320987652
2023-07-10,3956,4060,3956,3986,90315,-0.0059850374064838174
2023-07-11,4000,4029,3933,3974,84140,-0.0030105368790768194
2023-07-12,3978,4000,3954,3966,72140,-0.0020130850528434774
2023-07-13,4000,4120,3974,4080,200815,0.02874432677760974
2023-07-14,4080,4090,4010,4020,114330,-0.014705882352941124
2023-07-17,4020,4100,3998,4060,83210,0.00995024875621886
2023-07-18,4090,4090,3978,4000,94780,-0.014778325123152691
2023-07-19,3978,4010,3968,3972,74050,-0.007000000000000006
2023-07-20,3972,4050,3944,4020,80985,0.012084592145015005
2023-07-21,4020,4230,3988,4070,129410,0.01243781094527363
2023-07-24,4110,4110,3928,3930,138930,-0.03439803439803435
2023-07-25,3940,3942,3742,3752,187440,-0.045292620865139965
2023-07-26,3728,3794,3500,3558,273275,-0.051705756929637525
2023-07-27,3472,3628,3472,3610,64610,0.014614952220348476
2023-07-28,3624,3866,3624,3832,141595,0.061495844875346206
2023-07-31,3834,3874,3738,3792,102210,-0.01043841336116913
2023-08-01,3792,3878,3580,3826,100415,0.00896624472573837
2023-08-02,3826,3876,3780,3828,72810,0.000522739153162588
2023-08-03,3826,3860,3750,3840,65675,0.0031347962382444194
2023-08-04,3840,3894,3800,3842,32155,0.0005208333333333037
2023-08-07,3840,3968,3798,3952,74795,0.028630921395106812
2023-08-08,3904,3988,3904,3918,89660,-0.0086032388663968
2023-08-09,3976,3978,3916,3956,30640,0.009698825931597765
2023-08-10,3954,4010,3900,3998,49305,0.010616784630940401
2023-08-11,3982,4130,3982,4090,136200,0.02301150575287636
2023-08-14,4080,4450,4000,4340,703280,0.06112469437652801
2023-08-16,4340,4410,4160,4290,229755,-0.011520737327188946
2023-08-17,4290,4290,4130,4200,138880,-0.020979020979020935
2023-08-18,4170,4170,4000,4070,264825,-0.030952380952380953
2023-08-21,4089,4310,4080,4210,302700,0.03439803439803435
2023-08-22,4220,4290,4190,4210,136630,0.0
2023-08-23,4210,4500,4170,4450,452890,0.05700712589073631
2023-08-24,4430,4510,4340,4490,465530,0.008988764044943753
2023-08-25,0,0,0,4490,0,0.0
2023-08-28,0,0,0,4490,0,0.0
2023-08-29,0,0,0,4490,0,0.0
2023-08-30,0,0,0,4490,0,0.0
2023-08-31,0,0,0,4490,0,0.0
2023-09-01,0,0,0,4490,0,0.0
2023-09-04,0,0,0,4490,0,0.0
2023-09-05,0,0,0,4490,0,0.0
2023-09-06,4550,4600,4010,4100,1011536,-0.0868596881959911
2023-09-07,4150,4195,4035,4070,265490,-0.007317073170731714
2023-09-08,4035,4140,4030,4035,168023,-0.008599508599508643
2023-09-11,4075,4150,4020,4100,144778,0.01610904584882289
2023-09-12,4100,4110,3995,4045,168983,-0.013414634146341475
2023-09-13,3990,4025,3865,3880,184089,-0.040791100123609425
2023-09-14,3840,3950,3835,3905,117338,0.006443298969072142
2023-09-15,3910,4035,3885,3920,106047,0.003841229193341844
2023-09-18,3955,3980,3850,3850,100890,-0.017857142857142905
2023-09-19,3850,3895,3750,3785,130353,-0.016883116883116833
2023-09-20,3750,3805,3720,3750,70590,-0.009247027741083214
2023-09-21,3745,3750,3635,3670,102640,-0.021333333333333315
2023-09-22,3650,3715,3590,3625,73159,-0.012261580381471404
2023-09-25,3625,3645,3500,3505,132759,-0.03310344827586209
2023-09-26,3550,3900,3530,3595,407420,0.02567760342368053
2023-09-27,3535,3715,3535,3685,90871,0.025034770514603677
2023-10-04,3690,3890,3660,3690,101938,0.0013568521031208647
2023-10-05,3720,3745,3600,3660,71486,-0.008130081300813052
2023-10-06,3660,3740,3660,3710,107954,0.013661202185792254
2023-10-10,3745,3800,3605,3630,83658,-0.021563342318059342
2023-10-11,3635,3790,3635,3705,68708,0.02066115702479343
2023-10-12,3725,3930,3725,3830,232046,0.03373819163292846
2023-10-13,3860,3990,3750,3780,112438,-0.01305483028720622
2023-10-16,3750,3765,3655,3670,47048,-0.02910052910052907
2023-10-17,3670,3840,3630,3830,64341,0.043596730245231585
2023-10-18,3830,3930,3730,3765,58667,-0.016971279373368175
2023-10-19,3700,3740,3630,3660,57901,-0.027888446215139417
2023-10-20,3600,3635,3490,3525,139763,-0.03688524590163933
2023-10-23,3495,3580,3470,3470,65104,-0.015602836879432647
2023-10-24,3450,3550,3405,3550,61262,0.023054755043227626
2023-10-25,3550,3645,3460,3550,54241,0.0
2023-10-26,3430,3530,3420,3460,56336,-0.025352112676056304
2023-10-27,3435,3520,3405,3440,52808,-0.005780346820809301
2023-10-30,3420,3480,3375,3445,22921,0.0014534883720929148
2023-10-31,3445,3515,3375,3400,51980,-0.013062409288824406
2023-11-01,3395,3550,3390,3460,43228,0.01764705882352935
2023-11-02,3500,3585,3440,3550,90417,0.026011560693641522
2023-11-03,3610,3610,3515,3590,78268,0.011267605633802802
2023-11-06,3650,3685,3525,3620,99412,0.008356545961002881
2023-11-07,3620,3640,3505,3575,49436,-0.012430939226519389
2023-11-08,3575,3765,3570,3700,140547,0.034965034965035
2023-11-09,3700,3740,3655,3690,36337,-0.002702702702702675
2023-11-10,3690,3705,3620,3660,31702,-0.008130081300813052
2023-11-13,3650,3680,3615,3660,49731,0.0
2023-11-14,3640,3760,3640,3760,53899,0.02732240437158473
2023-11-15,3760,3825,3700,3780,87998,0.005319148936170137
2023-11-16,3890,3890,3585,3775,119119,-0.001322751322751281
2023-11-17,3775,3855,3770,3820,65789,0.01192052980132452
2023-11-20,3830,3880,3740,3820,56198,0.0
2023-11-21,3795,3940,3795,3920,136593,0.02617801047120416
2023-11-22,3910,3980,3870,3930,103644,0.0025510204081633514
2023-11-23,3935,3970,3900,3960,40720,0.007633587786259444
2023-11-24,3970,4200,3930,4110,436104,0.037878787878787845
2023-11-27,4110,4110,3965,4030,209348,-0.019464720194647178
2023-11-28,3990,4065,3970,3990,97531,-0.00992555831265507
2023-11-29,3990,4290,3960,4215,791377,0.0563909774436091
2023-11-30,4150,4210,4045,4060,300291,-0.03677342823250296
2023-12-01,4060,4180,4010,4120,159336,0.014778325123152802
2023-12-04,4105,4980,4050,4750,9161062,0.15291262135922334
2023-12-05,4765,5370,4685,4800,8501864,0.010526315789473717
2023-12-06,4800,4975,4620,4785,2558357,-0.0031250000000000444
2023-12-07,4600,4735,4520,4625,1356190,-0.03343782654127481
2023-12-08,4595,5050,4395,4685,5443334,0.012972972972973063
2023-12-11,4785,4785,4500,4555,907047,-0.02774813233724649
2023-12-12,4450,4550,4320,4370,1017305,-0.040614709110867175
2023-12-13,4350,4600,4350,4520,1016172,0.034324942791762014
2023-12-14,4610,4665,4380,4395,648853,-0.027654867256637128
2023-12-15,4435,4625,4330,4600,898343,0.04664391353811159
2023-12-18,4600,4665,4535,4630,599485,0.006521739130434856
2023-12-19,4605,4670,4435,4445,539956,-0.0399568034557235
2023-12-20,4475,4630,4460,4465,491613,0.004499437570303799
2023-12-21,4465,4610,4410,4460,374064,-0.0011198208286674616
2023-12-22,4425,4435,4300,4300,394630,-0.0358744394618834
2023-12-26,4295,4300,4200,4240,241339,-0.013953488372092981
2023-12-27,4310,4370,4165,4225,146414,-0.003537735849056589
2023-12-28,4295,4405,4200,4265,241506,0.00946745562130169
2024-01-02,4320,4370,4265,4355,155708,0.021101992966002348
2024-01-03,4355,4395,4295,4355,150518,0.0
2024-01-04,4345,4375,4205,4280,379524,-0.01722158438576349
2024-01-05,4300,4475,4255,4360,788616,0.01869158878504673
2024-01-08,4300,4385,4220,4310,274999,-0.011467889908256867
2024-01-09,4330,4435,4310,4420,343240,0.025522041763341052
2024-01-10,4415,4530,4345,4475,518592,0.012443438914027105
2024-01-11,4550,4590,4470,4490,356961,0.003351955307262511
2024-01-12,4485,4525,4265,4270,386116,-0.04899777282850781
2024-01-15,4250,4295,4150,4155,228503,-0.02693208430913352
2024-01-16,4125,4200,4080,4185,130762,0.0072202166064982976
2024-01-17,4160,4200,4035,4070,173151,-0.027479091995221028
2024-01-18,4035,4150,4035,4115,102805,0.011056511056511065
2024-01-19,4170,4280,4110,4145,155049,0.007290400972053357
2024-01-22,4180,4310,4150,4275,249568,0.031363088057901
2024-01-23,4275,4650,4225,4510,1185619,0.054970760233918226
2024-01-24,4650,4740,4490,4615,1032242,0.02328159645232808
2024-01-25,4845,4865,4530,4575,1234875,-0.008667388949079036
2024-01-26,4575,4590,4430,4490,383531,-0.01857923497267755
2024-01-29,4485,4550,4295,4335,366649,-0.034521158129176
2024-01-30,4360,4470,4330,4380,196335,0.01038062283737018
2024-01-31,4380,4405,4235,4250,221504,-0.029680365296803624
2024-02-01,4260,4355,4150,4355,193907,0.024705882352941133
2024-02-02,4355,4475,4325,4370,176834,0.003444316877152742
2024-02-05,4370,4400,4215,4235,146146,-0.03089244851258577
2024-02-06,4235,4265,4135,4180,109880,-0.012987012987012991
2024-02-07,4185,4270,4105,4125,127789,-0.013157894736842146
2024-02-08,4160,4185,4105,4110,69909,-0.0036363636363636598
2024-02-13,4155,4235,4145,4220,85025,0.02676399026763998
2024-02-14,4130,4235,4130,4225,125194,0.0011848341232227888
2024-02-15,4240,4335,4210,4315,171681,0.02130177514792897
2024-02-16,4315,4400,4250,4325,169088,0.002317497103128563
2024-02-19,4315,4355,4200,4280,121624,-0.010404624277456698
2024-02-20,4285,4345,4255,4285,107784,0.001168224299065379
2024-02-21,4285,4285,4120,4160,177641,-0.029171528588098017
2024-02-22,4230,4330,4180,4215,128249,0.013221153846153744
2024-02-23,4255,4255,4125,4135,141010,-0.018979833926453193
2024-02-26,4135,4185,4105,4115,54259,-0.0048367593712213
2024-02-27,4115,4180,4075,4130,90950,0.0036452004860267895
2024-02-28,4105,4365,4105,4330,407476,0.04842615012106544
2024-02-29,4320,4370,4150,4205,193814,-0.02886836027713624
2024-03-04,4250,4250,4100,4135,166681,-0.01664684898929847
2024-03-05,4145,4540,4145,4430,2751758,0.071342200725514
2024-03-06,4400,4430,4310,4395,456246,-0.007900677200902928
2024-03-07,4395,4510,4340,4450,759533,0.012514220705347023
2024-03-08,4440,4455,4310,4385,257037,-0.014606741573033655
2024-03-11,4390,4410,4240,4285,217309,-0.022805017103762815
2024-03-12,4265,4380,4265,4330,181209,0.010501750291715295
2024-03-13,4340,4535,4305,4475,931802,0.033487297921477976
2024-03-14,4470,4550,4380,4390,720848,-0.018994413407821265
2024-03-15,4420,4420,4310,4370,134700,-0.004555808656036442
2024-03-18,4310,4410,4300,4365,165100,-0.0011441647597254523
2024-03-19,4360,4410,4295,4400,176746,0.008018327605956443
2024-03-20,4400,4430,4340,4385,109440,-0.003409090909090917
2024-03-21,4410,4445,4345,4385,140801,0.0
2024-03-22,4400,4560,4340,4460,557170,0.01710376282782211
2024-03-25,4430,4475,4350,4400,198955,-0.013452914798206317
2024-03-26,4380,4520,4365,4475,223880,0.017045454545454586
2024-03-27,4475,4500,4390,4395,186079,-0.01787709497206702
2024-03-28,4405,4420,4230,4250,253365,-0.0329920364050057
2024-03-29,4280,4320,4240,4255,78804,0.0011764705882353343
2024-04-01,4255,4345,4245,4330,109052,0.01762632197414815
2024-04-02,4340,4340,4145,4220,221685,-0.025404157043879882
2024-04-03,4225,4230,4150,4195,96619,-0.005924170616113722
2024-04-04,4195,4250,4165,4200,80287,0.0011918951132301459
2024-04-05,4135,4200,4135,4160,82168,-0.00952380952380949
2024-04-08,4165,4230,4120,4160,98037,0.0
2024-04-09,4130,4195,4125,4145,69711,-0.0036057692307692735
2024-04-11,4115,4170,4080,4100,53084,-0.010856453558504175
2024-04-12,4100,4245,4090,4125,74238,0.0060975609756097615
2024-04-15,4095,4195,4045,4125,105458,0.0
2024-04-16,4095,4115,3890,3995,250259,-0.031515151515151496
2024-04-17,3990,4065,3980,4020,84368,0.006257822277847325
2024-04-18,4020,4080,4000,4060,86588,0.00995024875621886
2024-04-19,4060,4060,3850,3925,169023,-0.03325123152709364
2024-04-22,3965,4095,3965,4040,127660,0.029299363057324834
2024-04-23,4075,4130,4005,4060,92062,0.004950495049504955
2024-04-24,4085,4120,4065,4100,87546,0.009852216748768461
2024-04-25,4080,4130,4030,4080,73681,-0.004878048780487809
2024-04-26,4135,4135,4025,4095,81882,0.003676470588235281
2024-04-29,4080,4135,4075,4120,67003,0.006105006105006083
2024-04-30,4110,4140,4100,4120,57173,0.0
2024-05-02,4120,4135,4080,4120,55716,0.0
2024-05-03,4120,4155,4120,4140,59701,0.004854368932038833
2024-05-07,4170,4175,4120,4150,68777,0.0024154589371980784
2024-05-08,4170,4275,4160,4230,281177,0.01927710843373487
2024-05-09,4260,4360,4235,4355,333317,0.029550827423167947
2024-05-10,4375,4420,4345,4410,271345,0.012629161882893314
2024-05-13,4410,4450,4365,4410,199571,0.0
2024-05-14,4410,4505,4410,4455,330419,0.010204081632652962
2024-05-16,4465,4550,4460,4550,634896,0.021324354657688005
2024-05-17,4600,4600,4455,4515,388135,-0.007692307692307665
2024-05-20,4510,4515,4300,4385,250082,-0.02879291251384275
2024-05-21,4425,4480,4355,4425,191251,0.009122006841505215
2024-05-22,4455,4490,4380,4410,200702,-0.003389830508474523
2024-05-23,4415,4430,4300,4365,106690,-0.010204081632653073
2024-05-24,4305,4410,4305,4315,115458,-0.01145475372279492
2024-05-27,4320,4350,4260,4315,122996,0.0
2024-05-28,4315,4320,4220,4255,127119,-0.01390498261877171
2024-05-29,4235,4280,4200,4220,84333,-0.008225616921269108
2024-05-30,4200,4350,4145,4205,217399,-0.0035545023696682554
2024-05-31,4205,4205,4095,4130,184671,-0.017835909631391256
2024-06-03,4105,4190,4090,4170,91327,0.009685230024213176
2024-06-04,4170,4175,4080,4120,118427,-0.011990407673860948
2024-06-05,4120,4165,4095,4135,74655,0.00364077669902918
2024-06-07,4105,4150,4095,4100,82200,-0.008464328899637219
2024-06-10,4100,4150,4060,4080,92394,-0.004878048780487809
2024-06-11,4055,4125,4055,4100,54529,0.004901960784313708
2024-06-12,4095,4140,4060,4100,94576,0.0
2024-06-13,4105,4160,4085,4105,101968,0.0012195121951219523
2024-06-14,4110,4110,4020,4020,120093,-0.020706455542021884
2024-06-17,4020,4045,3980,4000,86443,-0.00497512437810943
2024-06-18,3980,4035,3970,4000,88087,0.0
2024-06-19,4005,4040,3925,4000,93425,0.0
2024-06-20,3935,4050,3935,4040,117355,0.010000000000000009
2024-06-21,4005,4015,3945,3975,95505,-0.016089108910891103
2024-06-24,3930,4015,3875,3950,101964,-0.0062893081761006275
2024-06-25,3905,4000,3905,3970,56150,0.005063291139240533
2024-06-26,3980,3985,3945,3980,46441,0.0025188916876575096
2024-06-27,3990,3995,3940,3960,49155,-0.005025125628140725
2024-06-28,3970,4005,3960,3990,32213,0.007575757575757569
2024-07-01,3995,4010,3965,3965,40896,-0.006265664160400974
2024-07-02,3985,4005,3915,3960,76304,-0.0012610340479193294
2024-07-03,3960,4010,3910,3940,108214,-0.005050505050505083
2024-07-04,3905,3985,3905,3955,67261,0.0038071065989848663
2024-07-05,3955,3975,3910,3925,64423,-0.007585335018963302
2024-07-08,3945,3995,3930,3990,49281,0.016560509554140124
2024-07-09,4000,4070,3990,4055,76696,0.01629072681704269
2024-07-10,4040,4080,4015,4060,74388,0.0012330456226881115
2024-07-11,4050,4075,4025,4035,37720,-0.006157635467980316
2024-07-12,4070,4125,4045,4100,87024,0.01610904584882289
2024-07-15,4105,4140,4090,4110,59773,0.0024390243902439046
2024-07-16,4115,4145,4080,4130,63610,0.0048661800486617945
2024-07-17,4105,4140,4060,4105,64855,-0.006053268765133124
2024-07-18,4095,4095,3980,4060,111420,-0.010962241169305775
2024-07-19,4015,4055,3995,4005,53545,-0.013546798029556606
2024-07-22,4065,4135,3950,4000,147834,-0.0012484394506866447
2024-07-23,3995,4020,3945,3945,77948,-0.01375000000000004
2024-07-24,3945,3980,3875,3900,77298,-0.011406844106463865
2024-07-25,3895,3895,3615,3670,178633,-0.05897435897435899
2024-07-26,3645,3730,3645,3730,53682,0.016348773841961872
2024-07-29,3730,3750,3670,3675,58546,-0.014745308310991967
2024-07-30,3700,4260,3655,3715,2969417,0.010884353741496655
2024-07-31,3720,3740,3670,3685,180057,-0.008075370121130576
2024-08-01,3705,3750,3685,3745,161432,0.016282225237449044
2024-08-02,3690,3710,3550,3580,228525,-0.044058744993324406
