Date,Open,High,Low,Close,Volume,Change
2022-01-03,3090,3215,3070,3205,194961,0.03889789303079416
2022-01-04,3225,3250,3180,3220,98455,0.004680187207488196
2022-01-05,3220,3255,3210,3235,92087,0.004658385093167627
2022-01-06,3190,3215,3060,3160,66039,-0.023183925811437356
2022-01-07,3135,3230,3120,3220,86195,0.018987341772152
2022-01-10,3270,3285,3220,3225,65644,0.0015527950310558758
2022-01-11,3210,3220,3150,3190,65973,-0.010852713178294615
2022-01-12,3175,3245,3165,3220,51181,0.00940438871473348
2022-01-13,3250,3270,3200,3250,89985,0.009316770186335477
2022-01-14,3250,3250,3115,3150,75687,-0.03076923076923077
2022-01-17,3125,3135,3000,3035,57914,-0.03650793650793649
2022-01-18,3020,3150,3005,3035,75750,0.0
2022-01-19,3035,3050,2965,3000,37145,-0.011532125205930832
2022-01-20,3000,3070,2960,3070,25842,0.023333333333333428
2022-01-21,3085,3170,3050,3065,62142,-0.0016286644951140072
2022-01-24,3030,3030,2885,2955,28847,-0.03588907014681897
2022-01-25,2945,2955,2790,2855,131265,-0.03384094754653133
2022-01-26,2840,2855,2795,2810,30440,-0.015761821366024553
2022-01-27,2810,2820,2725,2800,62815,-0.003558718861209953
2022-01-28,2800,2900,2725,2840,48551,0.014285714285714235
2022-02-03,2915,2920,2855,2885,36327,0.015845070422535246
2022-02-04,2900,2970,2885,2910,25714,0.008665511265164572
2022-02-07,2950,2975,2920,2940,11862,0.010309278350515427
2022-02-08,2970,2975,2930,2930,32089,-0.003401360544217691
2022-02-09,2930,3020,2930,2955,13427,0.008532423208191142
2022-02-10,2955,2985,2920,2950,19733,-0.0016920473773265332
2022-02-11,2950,2975,2875,2875,66756,-0.025423728813559365
2022-02-14,2840,2845,2720,2780,62847,-0.03304347826086962
2022-02-15,2725,2800,2720,2775,52700,-0.0017985611510791255
2022-02-16,2800,2850,2800,2825,27129,0.018018018018018056
2022-02-17,2870,2880,2800,2820,56061,-0.001769911504424737
2022-02-18,2820,2850,2785,2835,23252,0.005319148936170137
2022-02-21,2840,2855,2795,2820,43262,-0.005291005291005346
2022-02-22,2805,2805,2740,2750,37917,-0.024822695035460973
2022-02-23,2730,2875,2730,2820,102818,0.025454545454545396
2022-02-24,2820,2880,2760,2805,51819,-0.005319148936170248
2022-02-25,2805,2955,2780,2930,65104,0.04456327985739761
2022-02-28,2935,3000,2935,2945,22349,0.005119453924914641
2022-03-02,2995,3030,2950,3020,29904,0.025466893039049143
2022-03-03,3020,3040,3000,3025,43046,0.0016556291390728006
2022-03-04,3025,3040,3000,3000,12297,-0.008264462809917328
2022-03-07,3015,3030,2890,2915,46919,-0.02833333333333332
2022-03-08,2810,2885,2810,2865,29435,-0.01715265866209259
2022-03-10,2865,2885,2815,2855,34205,-0.003490401396160525
2022-03-11,2880,2930,2860,2860,18989,0.0017513134851139256
2022-03-14,2860,2925,2860,2915,17841,0.019230769230769162
2022-03-15,2900,2900,2850,2865,23568,-0.01715265866209259
2022-03-16,2865,2940,2865,2940,32086,0.02617801047120416
2022-03-17,2995,3110,2940,3085,85415,0.04931972789115657
2022-03-18,3085,3105,3060,3100,38860,0.004862236628849326
2022-03-21,3100,3115,3060,3060,22147,-0.012903225806451646
2022-03-22,3060,3090,3020,3055,23530,-0.0016339869281045694
2022-03-23,3055,3125,3055,3100,25168,0.014729950900163713
2022-03-24,3100,3170,3085,3120,49158,0.006451612903225712
2022-03-25,3145,3170,3085,3120,39980,0.0
2022-03-28,3120,3120,3070,3100,29113,-0.0064102564102563875
2022-03-29,3100,3160,3085,3095,57376,-0.001612903225806428
2022-03-30,3135,3150,3120,3145,50467,0.016155088852988664
2022-03-31,3145,3155,3125,3145,23290,0.0
2022-04-01,3145,3250,3130,3195,84321,0.015898251192368873
2022-04-04,3195,3330,3195,3330,161469,0.04225352112676051
2022-04-05,3365,3365,3325,3335,69859,0.0015015015015014122
2022-04-06,3345,3345,3270,3310,34987,-0.007496251874062998
2022-04-07,3295,3305,3230,3255,31725,-0.0166163141993958
2022-04-08,3225,3265,3200,3265,33090,0.003072196620583778
2022-04-11,3265,3325,3245,3310,28764,0.013782542113323082
2022-04-12,3260,3270,3190,3250,33326,-0.01812688821752262
2022-04-13,3240,3295,3235,3250,25421,0.0
2022-04-14,3280,3350,3275,3300,30249,0.01538461538461533
2022-04-15,3310,3340,3280,3330,46553,0.009090909090909038
2022-04-18,3290,3320,3230,3230,27440,-0.03003003003003002
2022-04-19,3190,3350,3190,3310,40480,0.024767801857585203
2022-04-20,3365,3365,3290,3310,27406,0.0
2022-04-21,3310,3330,3290,3310,25723,0.0
2022-04-22,3310,3310,3235,3285,40358,-0.007552870090634434
2022-04-25,3190,3215,3160,3185,39424,-0.030441400304414
2022-04-26,3150,3185,3150,3150,33490,-0.01098901098901095
2022-04-27,3150,3175,3100,3175,24226,0.007936507936507908
2022-04-28,3150,3175,3090,3130,37249,-0.014173228346456734
2022-04-29,3130,3255,3130,3255,91855,0.039936102236421744
2022-05-02,3255,3335,3250,3335,53834,0.02457757296466978
2022-05-03,3335,3440,3330,3365,69722,0.008995502248875464
2022-05-04,3410,3410,3250,3260,66424,-0.031203566121842496
2022-05-06,3260,3260,3160,3220,42156,-0.012269938650306789
2022-05-09,3220,3220,3105,3200,67733,-0.006211180124223614
2022-05-10,3170,3175,3055,3155,22831,-0.014062499999999978
2022-05-11,3120,3280,3120,3260,84835,0.033280507131537185
2022-05-12,3260,3430,3150,3170,157972,-0.027607361963190136
2022-05-13,3170,3360,3150,3360,41179,0.05993690851735023
2022-05-16,3390,3390,3200,3220,47926,-0.04166666666666663
2022-05-17,3215,3220,3120,3155,44513,-0.02018633540372672
2022-05-18,3145,3150,3030,3030,159322,-0.03961965134706813
2022-05-19,3030,3030,2950,3010,50291,-0.0066006600660065695
2022-05-20,2980,3030,2980,2995,53472,-0.004983388704318914
2022-05-23,2995,3005,2970,3000,32184,0.0016694490818029983
2022-05-24,3000,3015,2915,2915,53780,-0.02833333333333332
2022-05-25,2885,2920,2835,2885,24988,-0.010291595197255532
2022-05-26,2880,2905,2875,2885,36075,0.0
2022-05-27,2885,2910,2875,2875,30864,-0.0034662045060658286
2022-05-30,2875,2940,2875,2920,61616,0.01565217391304352
2022-05-31,2920,2940,2895,2905,70290,-0.005136986301369828
2022-06-02,2905,2975,2895,2975,37708,0.024096385542168752
2022-06-03,2945,2975,2920,2955,50908,-0.006722689075630228
2022-06-07,2955,2955,2890,2895,50357,-0.02030456852791873
2022-06-08,2860,2905,2860,2880,27650,-0.005181347150259086
2022-06-09,2880,2880,2835,2855,28675,-0.00868055555555558
2022-06-10,2855,2855,2810,2835,22142,-0.007005253940455369
2022-06-13,2790,2810,2730,2735,41376,-0.03527336860670194
2022-06-14,2650,2690,2620,2650,39170,-0.031078610603290646
2022-06-15,2625,2650,2580,2650,56738,0.0
2022-06-16,2650,2745,2620,2630,46613,-0.007547169811320753
2022-06-17,2625,2630,2525,2630,36314,0.0
2022-06-20,2620,2620,2420,2445,58446,-0.07034220532319391
2022-06-21,2435,2600,2430,2520,52818,0.030674846625766916
2022-06-22,2600,2600,2410,2420,25918,-0.03968253968253965
2022-06-23,2420,2455,2260,2320,53660,-0.04132231404958675
2022-06-24,2295,2515,2210,2350,38947,0.012931034482758674
2022-06-27,2375,2515,2375,2445,17246,0.04042553191489362
2022-06-28,2470,2480,2445,2475,12229,0.012269938650306678
2022-06-29,2475,2570,2450,2570,20638,0.03838383838383841
2022-06-30,2570,2620,2515,2530,29571,-0.015564202334630295
2022-07-01,2460,2580,2460,2490,25986,-0.015810276679841917
2022-07-04,2415,2645,2410,2550,46300,0.024096385542168752
2022-07-05,2470,2630,2460,2565,21168,0.00588235294117645
2022-07-06,2565,2640,2490,2565,13505,0.0
2022-07-07,2510,2600,2510,2590,9456,0.00974658869395717
2022-07-08,2615,2630,2515,2595,31427,0.0019305019305020377
2022-07-11,2595,2625,2585,2605,13575,0.003853564547206201
2022-07-12,2605,2630,2530,2595,14005,-0.0038387715930902067
2022-07-13,2520,2595,2520,2530,6988,-0.025048169556840083
2022-07-14,2530,2600,2530,2590,6030,0.02371541501976293
2022-07-15,2520,2590,2520,2590,5185,0.0
2022-07-18,2575,2650,2555,2620,16513,0.01158301158301156
2022-07-19,2620,2660,2610,2610,8833,-0.003816793893129722
2022-07-20,2615,2670,2615,2630,6202,0.00766283524904221
2022-07-21,2630,2690,2580,2585,23163,-0.017110266159695797
2022-07-22,2585,2640,2585,2610,3236,0.009671179883945946
2022-07-25,2610,2625,2580,2580,6160,-0.011494252873563204
2022-07-26,2610,2655,2610,2630,7504,0.019379844961240345
2022-07-27,2630,2660,2610,2645,10333,0.005703422053231932
2022-07-28,2645,2660,2615,2655,7018,0.003780718336483968
2022-07-29,2655,2655,2620,2640,9256,-0.005649717514124242
2022-08-01,2645,2685,2645,2685,16456,0.017045454545454586
2022-08-02,2695,2705,2655,2675,21106,-0.003724394785847296
2022-08-03,2680,2710,2650,2685,7103,0.0037383177570093906
2022-08-04,2685,2765,2685,2720,13099,0.013035381750465591
2022-08-05,2720,2795,2720,2775,40289,0.020220588235294157
2022-08-08,2775,2840,2750,2750,11767,-0.009009009009009028
2022-08-09,2750,2805,2735,2780,10824,0.01090909090909098
2022-08-10,2780,2780,2725,2750,12841,-0.010791366906474864
2022-08-11,2750,2835,2720,2720,17843,-0.010909090909090868
2022-08-12,2720,2750,2705,2725,6606,0.0018382352941177516
2022-08-16,2760,2780,2720,2735,10662,0.003669724770642091
2022-08-17,2730,2735,2650,2735,13976,0.0
2022-08-18,2710,2710,2590,2590,57033,-0.05301645338208405
2022-08-19,2590,2610,2515,2585,22737,-0.0019305019305019266
2022-08-22,2580,2585,2510,2515,15833,-0.027079303675048405
2022-08-23,2515,2515,2440,2470,12555,-0.017892644135188873
2022-08-24,2470,2495,2455,2490,5107,0.00809716599190291
2022-08-25,2515,2590,2515,2590,14908,0.04016064257028118
2022-08-26,2590,2620,2535,2535,21918,-0.021235521235521193
2022-08-29,2510,2520,2440,2485,12597,-0.01972386587771202
2022-08-30,2460,2495,2455,2455,14132,-0.012072434607645843
2022-08-31,2480,2535,2460,2460,14463,0.0020366598778003286
2022-09-01,2460,2485,2420,2425,25896,-0.014227642276422814
2022-09-02,2425,2470,2410,2470,21144,0.01855670103092777
2022-09-05,2470,2490,2415,2430,31760,-0.01619433198380571
2022-09-06,2430,2435,2390,2430,63754,0.0
2022-09-07,2450,2450,2390,2390,21937,-0.016460905349794275
2022-09-08,2390,2510,2380,2460,29627,0.029288702928870203
2022-09-13,2460,2520,2460,2485,11467,0.010162601626016343
2022-09-14,2485,2485,2405,2475,17043,-0.004024144869215318
2022-09-15,2475,2490,2395,2400,17646,-0.030303030303030276
2022-09-16,2400,2400,2350,2385,14195,-0.006249999999999978
2022-09-19,2350,2370,2330,2345,22021,-0.016771488469601636
2022-09-20,2345,2460,2320,2400,33426,0.023454157782516027
2022-09-21,2400,2410,2325,2360,19406,-0.01666666666666672
2022-09-22,2355,2355,2250,2350,27113,-0.004237288135593209
2022-09-23,2350,2350,2255,2300,32479,-0.021276595744680882
2022-09-26,2290,2290,2180,2270,33074,-0.013043478260869601
2022-09-27,2260,2260,2180,2220,8948,-0.022026431718061623
2022-09-28,2215,2215,2105,2170,15845,-0.022522522522522515
2022-09-29,2165,2270,2115,2165,18037,-0.0023041474654378336
2022-09-30,2100,2160,2015,2160,22482,-0.002309468822170868
2022-10-04,2160,2265,2155,2160,23999,0.0
2022-10-05,2205,2205,2160,2160,11379,0.0
2022-10-06,2160,2220,2160,2185,4826,0.011574074074074181
2022-10-07,2185,2205,2080,2205,38548,0.009153318077803174
2022-10-11,2205,2205,2130,2130,37695,-0.03401360544217691
2022-10-12,2105,2155,2105,2155,13812,0.011737089201877993
2022-10-13,2155,2155,2085,2115,7632,-0.018561484918793503
2022-10-14,2120,2170,2035,2165,6948,0.023640661938534313
2022-10-17,2170,2200,2165,2200,11886,0.01616628175519641
2022-10-18,2200,2225,2200,2220,11484,0.009090909090909038
2022-10-19,2225,2280,2215,2235,26476,0.006756756756756799
2022-10-20,2240,2295,2215,2240,6502,0.0022371364653244186
2022-10-21,2240,2240,2190,2215,12210,-0.011160714285714302
2022-10-24,2215,2255,2190,2245,4403,0.013544018058690765
2022-10-25,2255,2260,2205,2240,20637,-0.00222717149220486
2022-10-26,2240,2240,2205,2240,7031,0.0
2022-10-27,2240,2260,2220,2260,3711,0.008928571428571397
2022-10-28,2255,2320,2245,2320,6934,0.026548672566371723
2022-10-31,2300,2315,2260,2315,7564,-0.0021551724137931494
2022-11-01,2315,2345,2245,2300,23220,-0.006479481641468721
2022-11-02,2300,2350,2285,2285,2745,-0.006521739130434745
2022-11-03,2285,2350,2270,2300,14525,0.006564551422319376
2022-11-04,2300,2300,2275,2300,3666,0.0
2022-11-07,2295,2335,2260,2260,7914,-0.017391304347826098
2022-11-08,2280,2335,2260,2320,10681,0.026548672566371723
2022-11-09,2320,2350,2320,2345,16234,0.010775862068965525
2022-11-10,2345,2570,2325,2490,118986,0.061833688699360234
2022-11-11,2490,2505,2435,2440,42902,-0.02008032128514059
2022-11-14,2440,2490,2415,2460,18630,0.008196721311475308
2022-11-15,2460,2485,2395,2410,21558,-0.020325203252032575
2022-11-16,2435,2480,2400,2460,24359,0.020746887966804906
2022-11-17,2460,2460,2430,2440,3746,-0.008130081300813052
2022-11-18,2440,2465,2400,2440,19419,0.0
2022-11-21,2435,2500,2410,2485,35326,0.018442622950819665
2022-11-22,2420,2475,2410,2415,28002,-0.028169014084507005
2022-11-23,2415,2450,2390,2450,19983,0.01449275362318847
2022-11-24,2475,2550,2425,2490,50480,0.01632653061224487
2022-11-25,2490,2535,2490,2525,14388,0.014056224899598346
2022-11-28,2505,2525,2460,2520,15294,-0.001980198019801982
2022-11-29,2450,2535,2420,2515,17974,-0.001984126984126977
2022-11-30,2515,2540,2495,2520,30278,0.001988071570576455
2022-12-01,2530,2550,2495,2525,23150,0.001984126984126977
2022-12-02,2525,2545,2490,2510,9394,-0.005940594059405946
2022-12-05,2485,2560,2410,2495,18474,-0.005976095617529875
2022-12-06,2485,2485,2455,2460,4600,-0.014028056112224463
2022-12-07,2430,2455,2415,2440,5390,-0.008130081300813052
2022-12-08,2440,2440,2410,2410,2671,-0.012295081967213073
2022-12-09,2385,2395,2370,2370,5624,-0.016597510373444035
2022-12-12,2370,2395,2350,2395,8986,0.010548523206751037
2022-12-13,2375,2450,2370,2395,9001,0.0
2022-12-14,2405,2440,2395,2440,4309,0.018789144050104456
2022-12-15,2440,2460,2430,2435,8217,-0.002049180327868827
2022-12-16,2410,2410,2375,2385,4721,-0.02053388090349073
2022-12-19,2365,2385,2350,2350,6949,-0.014675052410901501
2022-12-20,2330,2350,2325,2345,1409,-0.0021276595744680327
2022-12-21,2275,2340,2275,2285,7395,-0.02558635394456288
2022-12-22,2285,2300,2265,2300,4766,0.006564551422319376
2022-12-23,2320,2320,2285,2290,14369,-0.004347826086956497
2022-12-26,2270,2270,2230,2265,11613,-0.01091703056768556
2022-12-27,2245,2370,2245,2315,13604,0.02207505518763786
2022-12-28,2315,2320,2280,2320,7842,0.002159827213822796
2022-12-29,2300,2300,2125,2285,12307,-0.015086206896551713
2023-01-02,2285,2285,2170,2245,7445,-0.017505470459518557
2023-01-03,2215,2215,2140,2180,10398,-0.028953229398663738
2023-01-04,2155,2200,2145,2200,36732,0.00917431192660545
2023-01-05,2210,2225,2200,2220,3780,0.009090909090909038
2023-01-06,2220,2280,2220,2255,4309,0.015765765765765716
2023-01-09,2275,2280,2265,2270,2711,0.006651884700665134
2023-01-10,2275,2340,2275,2325,2976,0.02422907488986792
2023-01-11,2325,2350,2300,2345,8693,0.008602150537634357
2023-01-12,2345,2390,2330,2345,2261,0.0
2023-01-13,2345,2360,2330,2360,11189,0.006396588486140775
2023-01-16,2345,2395,2245,2320,15969,-0.016949152542372836
2023-01-17,2320,2325,2285,2285,3993,-0.015086206896551713
2023-01-18,2285,2360,2270,2330,5521,0.01969365426695835
2023-01-19,2330,2365,2320,2320,14262,-0.0042918454935622075
2023-01-20,2340,2370,2295,2310,5624,-0.004310344827586188
2023-01-25,2310,2390,2310,2360,15682,0.02164502164502169
2023-01-26,2360,2440,2345,2375,27197,0.006355932203389925
2023-01-27,2400,2455,2375,2445,29460,0.02947368421052632
2023-01-30,2470,2560,2420,2420,12902,-0.010224948875255602
2023-01-31,2420,2490,2395,2430,24209,0.004132231404958775
2023-02-01,2430,2520,2395,2445,90665,0.006172839506172867
2023-02-02,2470,2495,2405,2470,44515,0.010224948875255713
2023-02-03,2470,2540,2420,2475,67324,0.002024291497975783
2023-02-06,2455,2475,2450,2455,9781,-0.008080808080808133
2023-02-07,2430,2455,2430,2430,8269,-0.010183299389002087
2023-02-08,2430,2460,2420,2460,7586,0.012345679012345734
2023-02-09,2485,2485,2420,2455,29865,-0.002032520325203291
2023-02-10,2455,2495,2425,2430,66572,-0.010183299389002087
2023-02-13,2430,2435,2400,2415,11401,-0.006172839506172867
2023-02-14,2390,2390,2365,2380,10923,-0.01449275362318836
2023-02-15,2380,2395,2320,2320,13421,-0.025210084033613467
2023-02-16,2300,2305,2290,2290,8936,-0.012931034482758674
2023-02-17,2290,2315,2280,2310,10104,0.008733624454148492
2023-02-20,2305,2310,2275,2310,26887,0.0
2023-02-21,2320,2370,2320,2360,25715,0.02164502164502169
2023-02-22,2365,2370,2320,2320,17176,-0.016949152542372836
2023-02-23,2285,2305,2280,2300,8719,-0.008620689655172376
2023-02-24,2310,2350,2270,2275,8123,-0.010869565217391353
2023-02-27,2265,2270,2230,2270,7407,-0.00219780219780219
2023-02-28,2260,2270,2250,2260,6343,-0.004405286343612369
2023-03-02,2260,2330,2250,2285,11114,0.01106194690265494
2023-03-03,2285,2370,2285,2355,7399,0.03063457330415753
2023-03-06,2355,2430,2345,2410,16965,0.023354564755838636
2023-03-07,2410,2475,2385,2440,25501,0.012448132780082943
2023-03-08,2440,2500,2400,2400,17210,-0.016393442622950838
2023-03-09,2375,2400,2350,2365,7893,-0.014583333333333282
2023-03-10,2365,2365,2285,2305,13019,-0.025369978858350906
2023-03-13,2280,2285,2215,2245,16814,-0.026030368763557465
2023-03-14,2215,2215,2170,2170,7234,-0.03340757238307346
2023-03-15,2150,2210,2150,2200,15712,0.01382488479262678
2023-03-16,2210,2210,2025,2025,53175,-0.07954545454545459
2023-03-17,2030,2075,2025,2045,36596,0.009876543209876631
2023-03-20,2055,2080,1934,2000,36578,-0.022004889975550168
2023-03-21,2000,2020,1998,2000,16462,0.0
2023-03-22,2005,2005,1971,1971,22905,-0.014499999999999957
2023-03-23,1971,1971,1866,1902,52889,-0.03500761035007616
2023-03-24,1902,1913,1866,1866,14892,-0.018927444794952675
2023-03-27,1866,1869,1834,1834,26819,-0.017148981779206873
2023-03-28,1840,1880,1834,1865,15216,0.01690294438386042
2023-03-29,1871,1884,1860,1884,19153,0.010187667560321634
2023-03-30,1888,1894,1857,1857,27971,-0.014331210191082855
2023-03-31,1863,1902,1763,1763,64594,-0.0506192784060312
2023-04-03,1763,1811,1763,1810,76352,0.02665910380034031
2023-04-04,1816,1860,1810,1812,15512,0.0011049723756906271
2023-04-05,1828,1883,1818,1840,19203,0.015452538631346657
2023-04-06,1844,1890,1825,1825,23406,-0.008152173913043459
2023-04-07,1825,1863,1825,1850,9491,0.013698630136986356
2023-04-10,1860,1889,1850,1858,11262,0.00432432432432428
2023-04-11,1858,1864,1828,1828,16445,-0.016146393972012896
2023-04-12,1858,1858,1823,1835,4662,0.003829321663019636
2023-04-13,1835,1870,1820,1822,18404,-0.00708446866485013
2023-04-14,1822,1866,1822,1859,9855,0.020307354555433532
2023-04-17,1859,1885,1859,1865,17213,0.0032275416890801267
2023-04-18,1875,1900,1866,1893,6602,0.01501340482573732
2023-04-19,1893,1900,1870,1893,14586,0.0
2023-04-20,1879,1885,1869,1873,7622,-0.010565240359218131
2023-04-21,1854,1856,1820,1843,10489,-0.01601708489054987
2023-04-24,1825,1830,1750,1769,37780,-0.040151926207270705
2023-04-25,1752,1758,1740,1741,9034,-0.015828151498021525
2023-04-26,1731,1731,1646,1676,26026,-0.037334865020103414
2023-04-27,1667,1671,1661,1666,24578,-0.005966587112171795
2023-04-28,1666,1712,1654,1660,36030,-0.0036014405762304635
2023-05-02,1660,1692,1660,1680,13573,0.012048192771084265
2023-05-03,1680,1723,1678,1723,11632,0.025595238095238004
2023-05-04,1706,1723,1689,1697,11148,-0.015089959373186357
2023-05-08,1697,1741,1645,1645,19375,-0.030642309958750724
2023-05-09,1677,1708,1646,1700,14912,0.033434650455927084
2023-05-10,1700,1764,1700,1701,11155,0.0005882352941175562
2023-05-11,1701,1760,1685,1754,9442,0.031158142269253286
2023-05-12,1754,1775,1727,1727,13555,-0.015393386545039855
2023-05-15,1700,1725,1693,1693,5624,-0.01968731905037635
2023-05-16,1693,1693,1675,1676,8126,-0.010041346721795574
2023-05-17,1676,1676,1665,1676,38547,0.0
2023-05-18,1719,1720,1661,1675,31772,-0.0005966587112171684
2023-05-19,1675,1790,1675,1760,36331,0.05074626865671639
2023-05-22,1761,1795,1760,1764,18722,0.002272727272727204
2023-05-23,1773,1798,1756,1766,9879,0.0011337868480725266
2023-05-24,1765,1772,1749,1765,10113,-0.0005662514156284937
2023-05-25,1750,1760,1750,1758,10869,-0.003966005665722361
2023-05-26,1756,1756,1740,1742,6128,-0.009101251422070522
2023-05-30,1716,1746,1716,1728,20507,-0.008036739380022917
2023-05-31,1737,1738,1729,1730,18116,0.0011574074074074403
2023-06-01,1730,1771,1730,1771,14149,0.023699421965317935
2023-06-02,1775,1822,1775,1815,22121,0.024844720496894457
2023-06-05,1816,1832,1816,1818,20208,0.0016528925619834212
2023-06-07,1819,1833,1818,1818,21862,0.0
2023-06-08,1870,1870,1818,1857,9180,0.021452145214521545
2023-06-09,1857,1870,1857,1857,3702,0.0
2023-06-12,1857,1870,1856,1861,5132,0.002154011847065096
2023-06-13,1852,1861,1840,1840,20684,-0.011284255776464303
2023-06-14,1846,1880,1840,1843,10938,0.001630434782608603
2023-06-15,1837,1837,1788,1793,8509,-0.027129679869777545
2023-06-16,1793,1793,1741,1741,13053,-0.02900167317345237
2023-06-19,1747,2260,1747,1905,7253568,0.09419873635841469
2023-06-20,1905,1913,1813,1825,596106,-0.04199475065616798
2023-06-21,1837,1840,1810,1827,151212,0.0010958904109588108
2023-06-22,1793,1817,1777,1797,133976,-0.016420361247947435
2023-06-23,1797,1800,1725,1800,175366,0.0016694490818029983
2023-06-26,1800,1808,1780,1800,79253,0.0
2023-06-27,1843,1879,1828,1870,147935,0.03888888888888897
2023-06-28,1885,1889,1838,1876,82825,0.0032085561497325887
2023-06-29,1891,1891,1840,1840,72912,-0.019189765458422214
2023-06-30,1837,1847,1808,1808,38569,-0.017391304347826098
2023-07-03,1826,1879,1821,1852,46399,0.02433628318584069
2023-07-04,1878,1893,1848,1850,45515,-0.001079913606911398
2023-07-05,1850,1887,1819,1831,45033,-0.010270270270270276
2023-07-06,1831,1844,1806,1820,21657,-0.006007646095030017
2023-07-07,1801,1801,1727,1764,36633,-0.03076923076923077
2023-07-10,1753,1753,1675,1715,29926,-0.02777777777777779
2023-07-11,1714,1729,1692,1714,44774,-0.0005830903790087216
2023-07-12,1725,1825,1723,1771,43441,0.03325554259043173
2023-07-13,1824,1824,1763,1769,46760,-0.0011293054771315258
2023-07-14,1785,1801,1757,1801,18492,0.018089315997738886
2023-07-17,1801,1808,1778,1801,17448,0.0
2023-07-18,1801,1823,1787,1818,27869,0.00943920044419766
2023-07-19,1818,1850,1711,1746,43979,-0.03960396039603964
2023-07-20,1752,1780,1734,1780,18617,0.019473081328751363
2023-07-21,1780,1780,1723,1725,21957,-0.030898876404494402
2023-07-24,1725,1725,1665,1665,45232,-0.034782608695652195
2023-07-25,1669,1670,1566,1590,48434,-0.04504504504504503
2023-07-26,1589,1590,1437,1475,96943,-0.07232704402515722
2023-07-27,1475,1509,1465,1497,57349,0.014915254237288122
2023-07-28,1505,1545,1497,1545,44159,0.03206412825651306
2023-07-31,1592,1751,1592,1656,129123,0.07184466019417468
2023-08-01,1673,1698,1640,1645,45096,-0.0066425120772947155
2023-08-02,1648,1734,1645,1658,25222,0.007902735562310026
2023-08-03,1642,1668,1634,1668,12112,0.006031363088057962
2023-08-04,1668,1690,1654,1687,12993,0.011390887290167795
2023-08-07,1687,1744,1654,1655,17299,-0.018968583283936025
2023-08-08,1655,1682,1596,1599,26416,-0.0338368580060423
2023-08-09,1600,1628,1594,1625,16271,0.016260162601626105
2023-08-10,1626,1710,1626,1639,8735,0.008615384615384691
2023-08-11,1639,1681,1639,1678,19161,0.02379499694935938
2023-08-14,1678,1709,1678,1685,14817,0.004171632896305066
2023-08-16,1650,1665,1592,1621,30500,-0.037982195845697286
2023-08-17,1621,1621,1544,1556,14163,-0.040098704503392923
2023-08-18,1556,1599,1527,1527,14155,-0.018637532133676138
2023-08-21,1520,1589,1505,1515,35515,-0.007858546168958758
2023-08-22,1533,1575,1529,1549,10699,0.022442244224422536
2023-08-23,1549,1554,1524,1528,17794,-0.01355713363460298
2023-08-24,1528,1600,1524,1578,10231,0.0327225130890052
2023-08-25,1578,1593,1547,1593,16910,0.009505703422053147
2023-08-28,1590,1593,1546,1584,13048,-0.005649717514124242
2023-08-29,1584,1597,1584,1597,5470,0.008207070707070718
2023-08-30,1597,1653,1584,1620,12304,0.01440200375704448
2023-08-31,1620,1636,1591,1594,17110,-0.016049382716049387
2023-09-01,1594,1650,1594,1642,21406,0.03011292346298622
2023-09-04,1642,1659,1572,1630,13790,-0.0073081607795371095
2023-09-05,1630,1647,1614,1627,7677,-0.0018404907975460016
2023-09-06,1627,1627,1612,1616,4329,-0.006760909649661917
2023-09-07,1616,1616,1551,1560,19474,-0.034653465346534684
2023-09-08,1560,1560,1541,1559,20971,-0.0006410256410256387
2023-09-11,1559,1609,1543,1609,10182,0.032071840923669104
2023-09-12,1609,1660,1587,1587,20100,-0.013673088875077677
2023-09-13,1583,1602,1558,1577,17049,-0.006301197227473243
2023-09-14,1562,1577,1562,1576,21784,-0.0006341154090044876
2023-09-15,1625,1650,1591,1591,8494,0.009517766497461944
2023-09-18,1591,1610,1577,1588,13365,-0.0018856065367692798
2023-09-19,1588,1588,1572,1584,2596,-0.0025188916876573986
2023-09-20,1581,1660,1550,1600,9561,0.010101010101010166
2023-09-21,1584,1584,1552,1578,34844,-0.01375000000000004
2023-09-22,1562,1578,1552,1555,16610,-0.01457541191381495
2023-09-25,1555,1555,1506,1527,24979,-0.018006430868167222
2023-09-26,1527,1527,1501,1526,7086,-0.0006548788474132206
2023-09-27,1518,1526,1450,1526,6777,0.0
2023-10-04,1526,1526,1437,1490,44346,-0.023591087811271283
2023-10-05,1475,1475,1450,1468,15302,-0.014765100671140896
2023-10-06,1453,1472,1439,1467,17068,-0.0006811989100817817
2023-10-10,1500,1500,1461,1467,35619,0.0
2023-10-11,1467,1467,1449,1450,15616,-0.011588275391956393
2023-10-12,1494,1499,1465,1498,9008,0.03310344827586209
2023-10-13,1498,1498,1460,1460,17264,-0.025367156208277675
2023-10-16,1463,1479,1400,1441,6934,-0.013013698630137016
2023-10-17,1435,1435,1407,1407,31950,-0.02359472588480227
2023-10-18,1407,1448,1407,1424,13208,0.012082444918265711
2023-10-19,1413,1413,1325,1389,25788,-0.024578651685393305
2023-10-20,1375,1375,1274,1275,49282,-0.08207343412527002
2023-10-23,1275,1275,1203,1275,48855,0.0
2023-10-24,1275,1330,1275,1330,41251,0.04313725490196085
2023-10-25,1337,1380,1337,1358,14312,0.021052631578947434
2023-10-26,1358,1358,1329,1348,9743,-0.007363770250368162
2023-10-27,1348,1364,1310,1364,21112,0.011869436201780381
2023-10-30,1364,1376,1351,1376,11247,0.008797653958944274
2023-10-31,1388,1390,1363,1388,16486,0.008720930232558155
2023-11-01,1380,1438,1356,1436,43278,0.03458213256484144
2023-11-02,1436,1436,1421,1429,14983,-0.004874651810584996
2023-11-03,1437,1460,1422,1431,48858,0.0013995801259623075
2023-11-06,1431,1455,1429,1454,11789,0.01607267645003496
2023-11-07,1453,1467,1440,1459,18710,0.003438789546079679
2023-11-08,1459,1467,1445,1464,25327,0.0034270047978066653
2023-11-09,1466,1466,1450,1458,7870,-0.004098360655737654
2023-11-10,1458,1458,1375,1434,26141,-0.016460905349794275
2023-11-13,1428,1434,1406,1427,8796,-0.004881450488145034
2023-11-14,1415,1415,1394,1410,8141,-0.01191310441485638
2023-11-15,1410,1438,1389,1400,19860,-0.007092198581560294
2023-11-16,1409,1451,1400,1422,24457,0.01571428571428579
2023-11-17,1408,1422,1408,1420,6449,-0.0014064697609000865
2023-11-20,1405,1417,1400,1407,14099,-0.009154929577464777
2023-11-21,1393,1407,1380,1389,17473,-0.01279317697228144
2023-11-22,1389,1389,1372,1388,19875,-0.0007199424046075986
2023-11-23,1388,1400,1380,1400,12629,0.008645533141210304
2023-11-24,1400,1406,1390,1405,8958,0.0035714285714285587
2023-11-27,1402,1404,1378,1399,12391,-0.004270462633451988
2023-11-28,1400,1765,1400,1498,3094484,0.07076483202287354
2023-11-29,1497,1498,1414,1421,291079,-0.051401869158878455
2023-11-30,1424,1463,1380,1421,159874,0.0
2023-12-01,1421,1495,1420,1471,171944,0.035186488388458725
2023-12-04,1460,1499,1458,1499,62907,0.01903467029231809
2023-12-05,1485,1559,1475,1533,146095,0.022681787858572333
2023-12-06,1517,1561,1515,1553,67978,0.01304631441617743
2023-12-07,1552,1608,1552,1581,121531,0.01802962009014819
2023-12-08,1570,1594,1500,1590,69477,0.005692599620493288
2023-12-11,1590,1604,1525,1590,54044,0.0
2023-12-12,1590,1620,1565,1618,56942,0.017610062893081757
2023-12-13,1618,1675,1607,1666,47192,0.02966625463535233
2023-12-14,1651,1758,1651,1698,76294,0.019207683073229287
2023-12-15,1682,1702,1682,1690,24127,-0.004711425206124886
2023-12-18,1690,1691,1600,1686,51871,-0.002366863905325478
2023-12-19,1670,1685,1603,1603,71567,-0.04922894424673785
2023-12-20,1603,1650,1603,1625,25946,0.013724266999376233
2023-12-21,1625,1675,1560,1667,31359,0.025846153846153852
2023-12-22,1651,1718,1600,1633,36772,-0.020395920815836854
2023-12-26,1633,1675,1585,1633,18946,0.0
2023-12-27,1495,1554,1440,1540,40510,-0.05695039804041646
2023-12-28,1540,1592,1526,1540,21248,0.0
2024-01-02,1540,1580,1500,1526,50339,-0.009090909090909038
2024-01-03,1526,1629,1516,1520,61194,-0.003931847968545177
2024-01-04,1528,1554,1528,1533,11403,0.008552631578947478
2024-01-05,1600,1988,1500,1528,1597081,-0.003261578604044413
2024-01-08,1528,1560,1498,1503,71205,-0.0163612565445026
2024-01-09,1508,1517,1492,1510,43790,0.004657351962741085
2024-01-10,1509,1532,1484,1513,32641,0.001986754966887494
2024-01-11,1512,1541,1508,1513,28437,0.0
2024-01-12,1513,1536,1500,1503,61200,-0.006609385327164596
2024-01-15,1503,1503,1456,1466,26561,-0.02461743180306053
2024-01-16,1463,1534,1460,1502,65953,0.024556616643929052
2024-01-17,1502,1507,1455,1459,19041,-0.028628495339547255
2024-01-18,1425,1473,1382,1464,19125,0.0034270047978066653
2024-01-19,1456,1479,1456,1477,15486,0.008879781420765065
2024-01-22,1477,1504,1453,1453,23057,-0.016249153689911977
2024-01-23,1453,1467,1405,1431,11522,-0.015141087405368236
2024-01-24,1474,1485,1432,1439,10930,0.005590496156533842
2024-01-25,1439,1494,1428,1428,19535,-0.007644197359277238
2024-01-26,1428,1442,1416,1423,15819,-0.003501400560224077
2024-01-29,1423,1445,1411,1445,17804,0.015460295151089154
2024-01-30,1445,1457,1421,1421,20767,-0.01660899653979242
2024-01-31,1421,1426,1360,1360,36407,-0.04292751583391974
2024-02-01,1360,1374,1340,1355,34519,-0.003676470588235281
2024-02-02,1340,1369,1340,1365,11145,0.007380073800737907
2024-02-05,1365,1389,1365,1372,14175,0.00512820512820511
2024-02-06,1372,1395,1372,1392,7630,0.014577259475218707
2024-02-07,1392,1410,1381,1401,9029,0.006465517241379226
2024-02-08,1409,1435,1373,1398,15959,-0.0021413276231263545
2024-02-13,1398,1427,1350,1350,31591,-0.03433476394849788
2024-02-14,1350,1484,1350,1353,59606,0.0022222222222221255
2024-02-15,1396,1434,1354,1385,30677,0.023651145602365142
2024-02-16,1399,1406,1385,1386,8719,0.0007220216606498298
2024-02-19,1386,1389,1386,1388,15711,0.0014430014430013571
2024-02-20,1388,1390,1368,1387,20478,-0.0007204610951008217
2024-02-21,1387,1388,1341,1352,38310,-0.025234318673395872
2024-02-22,1352,1359,1343,1352,45839,0.0
2024-02-23,1352,1370,1345,1365,19921,0.009615384615384581
2024-02-26,1365,1365,1346,1349,9308,-0.01172161172161168
2024-02-27,1348,1348,1313,1323,24109,-0.01927353595255743
2024-02-28,1313,1313,1260,1306,56065,-0.012849584278155746
2024-02-29,1292,1292,1265,1283,24039,-0.01761102603369069
2024-03-04,1280,1280,1221,1259,50057,-0.0187061574434918
2024-03-05,1259,1259,1239,1248,21684,-0.008737092930897528
2024-03-06,1248,1248,1232,1247,24666,-0.0008012820512820484
2024-03-07,1247,1247,1178,1220,42930,-0.02165196471531672
2024-03-08,1206,1215,1110,1212,171885,-0.006557377049180357
2024-03-11,1212,1212,1158,1167,40386,-0.03712871287128716
2024-03-12,1167,1176,1159,1170,21925,0.0025706940874035134
2024-03-13,1170,1194,1170,1191,13802,0.017948717948717885
2024-03-14,1191,1207,1191,1205,10078,0.011754827875734675
2024-03-15,1205,1230,1205,1218,10932,0.010788381742738551
2024-03-18,1218,1242,1207,1215,25181,-0.0024630541871921707
2024-03-19,1215,1470,1215,1219,2052088,0.003292181069958877
2024-03-20,1222,1400,1100,1400,969958,0.14848236259228886
2024-03-21,1386,1386,1267,1284,162288,-0.08285714285714285
2024-03-22,1284,1284,1214,1241,60566,-0.033489096573208754
2024-03-25,1241,1259,1179,1205,83221,-0.029008863819500408
2024-03-26,1205,1410,1164,1226,627273,0.01742738589211612
2024-03-27,1226,1468,1204,1238,1299526,0.00978792822185981
2024-03-28,1238,1303,1212,1218,99885,-0.016155088852988664
2024-03-29,1216,1231,1209,1209,31992,-0.007389162561576401
2024-04-01,1214,1225,1188,1212,29214,0.002481389578163684
2024-04-02,1212,1225,1190,1190,28734,-0.018151815181518205
2024-04-03,1190,1201,1145,1145,30570,-0.037815126050420145
2024-04-04,1145,1173,1118,1170,37941,0.02183406113537112
2024-04-05,1170,1176,1151,1170,26292,0.0
2024-04-08,1140,1228,1140,1197,37325,0.023076923076922995
2024-04-09,1197,1209,1152,1199,18045,0.001670843776107045
2024-04-11,1199,1208,1160,1183,21385,-0.01334445371142623
2024-04-12,1160,1201,1148,1167,19495,-0.013524936601859716
2024-04-15,1167,1198,1149,1167,28905,0.0
2024-04-16,1167,1167,1156,1167,10338,0.0
2024-04-17,1167,1300,1155,1168,225950,0.0008568980291345785
2024-04-18,1168,1189,1160,1173,7987,0.0042808219178083196
2024-04-19,1175,1197,1147,1170,45861,-0.002557544757033292
2024-04-22,1170,1183,1157,1170,5598,0.0
2024-04-23,1186,1186,1164,1179,5616,0.007692307692307665
2024-04-24,1274,1274,1169,1181,28119,0.0016963528413909135
2024-04-25,1181,1195,1180,1195,9423,0.011854360711261558
2024-04-26,1186,1195,1131,1183,29529,-0.010041841004184149
2024-04-29,1183,1194,1172,1191,9005,0.006762468300929747
2024-04-30,1191,1224,1180,1190,12236,-0.0008396305625524292
2024-05-02,1191,1198,1179,1191,10529,0.0008403361344537785
2024-05-03,1183,1188,1174,1180,9209,-0.009235936188077276
2024-05-07,1181,1192,1180,1189,5581,0.007627118644067732
2024-05-08,1189,1318,1166,1175,490751,-0.011774600504625754
2024-05-09,1196,1203,1176,1185,27099,0.008510638297872353
2024-05-10,1178,1197,1174,1185,23621,0.0
2024-05-13,1184,1185,1172,1183,14541,-0.0016877637130802148
2024-05-14,1183,1190,1178,1190,4751,0.00591715976331364
2024-05-16,1192,1223,1192,1195,19897,0.004201680672268893
2024-05-17,1202,1216,1184,1207,22828,0.010041841004184038
