Date,Open,High,Low,Close,Volume,Change
2022-01-03,3985,4105,3940,4070,1474336,0.03959131545338446
2022-01-04,4070,4130,4030,4095,922267,0.006142506142506221
2022-01-05,4095,4125,3980,4070,788291,-0.006105006105006083
2022-01-06,4015,4160,3945,4000,1022503,-0.017199017199017175
2022-01-07,4025,4090,3980,4000,524540,0.0
2022-01-10,3980,4060,3935,3980,600373,-0.0050000000000000044
2022-01-11,3960,4000,3835,3875,475385,-0.02638190954773867
2022-01-12,3920,3950,3855,3925,311178,0.012903225806451646
2022-01-13,3920,3955,3850,3860,358074,-0.016560509554140124
2022-01-14,3875,3945,3740,3770,631848,-0.023316062176165775
2022-01-17,3760,3850,3660,3685,347908,-0.022546419098143256
2022-01-18,3620,3710,3500,3525,719962,-0.04341926729986434
2022-01-19,3445,3570,3435,3485,389505,-0.01134751773049647
2022-01-20,3440,3545,3420,3505,258493,0.0057388809182210565
2022-01-21,3450,3530,3435,3485,301818,-0.005706134094151216
2022-01-24,3485,3495,3250,3295,412889,-0.05451936872309904
2022-01-25,3295,3340,3105,3125,487982,-0.0515933232169955
2022-01-26,3065,3255,3065,3150,456018,0.008000000000000007
2022-01-27,3155,3250,3000,3020,426369,-0.041269841269841234
2022-01-28,3025,3215,2960,3190,470595,0.056291390728476776
2022-02-03,3275,3320,3235,3295,287535,0.03291536050156729
2022-02-04,3265,3335,3260,3335,238309,0.012139605462822445
2022-02-07,3350,3350,3270,3300,217381,-0.010494752623688153
2022-02-08,3290,3375,3170,3230,314206,-0.021212121212121238
2022-02-09,3255,3315,3235,3310,290079,0.024767801857585203
2022-02-10,3365,3365,3250,3270,222700,-0.012084592145015116
2022-02-11,3200,3255,3170,3175,251506,-0.02905198776758411
2022-02-14,3110,3160,2975,3010,619037,-0.051968503937007915
2022-02-15,3010,3095,2965,2980,362706,-0.009966777408637828
2022-02-16,3095,3135,3050,3110,402711,0.043624161073825496
2022-02-17,3110,3180,3020,3090,408808,-0.006430868167202619
2022-02-18,3020,3165,3020,3150,273707,0.01941747572815533
2022-02-21,3080,3190,3075,3170,219997,0.006349206349206327
2022-02-22,3100,3135,3030,3045,349253,-0.039432176656151396
2022-02-23,3055,3115,3040,3110,237387,0.021346469622331776
2022-02-24,3050,3110,2960,2960,384072,-0.048231511254019255
2022-02-25,3030,3060,3000,3025,291699,0.02195945945945943
2022-02-28,3030,3135,3010,3090,318622,0.02148760330578514
2022-03-02,3110,3130,3060,3110,196271,0.006472491909385036
2022-03-03,3135,3540,3135,3340,2864875,0.07395498392282951
2022-03-04,3320,3515,3285,3470,1139611,0.038922155688622784
2022-03-07,3440,3545,3355,3455,822745,-0.004322766570605152
2022-03-08,3405,3515,3355,3410,635845,-0.013024602026049159
2022-03-10,3550,3790,3440,3660,3867189,0.07331378299120228
2022-03-11,3690,3950,3670,3770,2749157,0.030054644808743092
2022-03-14,3800,3855,3690,3705,931018,-0.017241379310344862
2022-03-15,3695,3795,3620,3640,723014,-0.01754385964912286
2022-03-16,3685,4035,3635,3855,4601646,0.05906593406593408
2022-03-17,3855,3865,3765,3800,889912,-0.014267185473411104
2022-03-18,3810,3820,3735,3810,599893,0.002631578947368318
2022-03-21,3810,3850,3760,3790,461283,-0.005249343832021025
2022-03-22,3780,3800,3665,3780,661952,-0.0026385224274406704
2022-03-23,3785,3845,3740,3790,594133,0.002645502645502562
2022-03-24,3750,3960,3710,3895,1460466,0.02770448548812654
2022-03-25,3895,3940,3775,3820,1049515,-0.019255455712451908
2022-03-28,4090,4120,3805,3805,2264109,-0.003926701570680646
2022-03-29,3795,3895,3770,3815,865818,0.0026281208935610145
2022-03-30,3830,3860,3750,3750,618978,-0.017038007863695914
2022-03-31,3730,3815,3695,3750,437915,0.0
2022-04-01,3740,3740,3625,3640,585906,-0.029333333333333322
2022-04-04,3715,3755,3625,3685,457463,0.012362637362637319
2022-04-05,3700,3705,3605,3620,392973,-0.01763907734056991
2022-04-06,3595,3600,3520,3555,446988,-0.017955801104972413
2022-04-07,3525,3540,3415,3460,455400,-0.026722925457102642
2022-04-08,3495,3495,3370,3450,286585,-0.0028901734104046506
2022-04-11,3455,3500,3400,3475,318678,0.007246376811594235
2022-04-12,3525,3895,3495,3720,9650063,0.07050359712230225
2022-04-13,3710,4450,3665,4060,25812308,0.09139784946236551
2022-04-14,4135,4140,4010,4035,2933717,-0.006157635467980316
2022-04-15,3980,3980,3870,3925,2242639,-0.027261462205700138
2022-04-18,3875,3995,3860,3925,1474579,0.0
2022-04-19,3930,4140,3930,4075,3806097,0.03821656050955413
2022-04-20,4060,4085,3960,4080,1226486,0.0012269938650306678
2022-04-21,4080,4080,4000,4015,706591,-0.015931372549019662
2022-04-22,3980,3980,3870,3940,831857,-0.018679950186799466
2022-04-25,3805,3900,3800,3850,831592,-0.022842639593908642
2022-04-26,3860,3900,3820,3840,359807,-0.0025974025974025983
2022-04-27,3750,3840,3700,3805,593826,-0.00911458333333337
2022-04-28,3880,3940,3795,3825,916004,0.005256241787122251
2022-04-29,3865,3980,3825,3950,983465,0.03267973856209161
2022-05-02,3900,4015,3860,3900,1013026,-0.012658227848101222
2022-05-03,3930,3930,3865,3885,437713,-0.0038461538461538325
2022-05-04,3895,3995,3865,3930,998238,0.01158301158301156
2022-05-06,3870,3885,3730,3785,1144533,-0.03689567430025442
2022-05-09,3735,3740,3595,3620,640290,-0.04359313077939231
2022-05-10,3515,3595,3425,3590,533839,-0.008287292817679592
2022-05-11,3560,3610,3505,3550,273882,-0.011142061281337101
2022-05-12,3460,3930,3460,3540,3556121,-0.0028169014084507005
2022-05-13,3540,3640,3505,3585,524940,0.012711864406779627
2022-05-16,3590,3655,3540,3605,330701,0.00557880055788007
2022-05-17,3605,3730,3600,3660,364027,0.015256588072122046
2022-05-18,3660,3690,3570,3570,459691,-0.024590163934426257
2022-05-19,3470,3600,3435,3550,367400,-0.0056022408963585235
2022-05-20,3545,3675,3530,3650,511958,0.028169014084507005
2022-05-23,3640,3680,3580,3655,323084,0.00136986301369868
2022-05-24,3650,3755,3650,3710,570139,0.015047879616963078
2022-05-25,3735,3835,3670,3770,677676,0.016172506738544534
2022-05-26,3780,3890,3670,3720,658459,-0.01326259946949604
2022-05-27,3825,3835,3750,3750,380477,0.008064516129032251
2022-05-30,3820,3820,3730,3750,208041,0.0
2022-05-31,3750,3770,3705,3760,214215,0.002666666666666595
2022-06-02,3735,3745,3700,3715,179927,-0.01196808510638303
2022-06-03,3735,3825,3725,3770,351733,0.014804845222072593
2022-06-07,3775,3775,3610,3630,247359,-0.037135278514588865
2022-06-08,3605,3675,3605,3630,185733,0.0
2022-06-09,3585,3620,3500,3540,267730,-0.024793388429752095
2022-06-10,3520,3535,3445,3510,158095,-0.008474576271186418
2022-06-13,3385,3440,3200,3205,696340,-0.08689458689458684
2022-06-14,3070,3210,3065,3155,510706,-0.015600624024960985
2022-06-15,3110,3160,3000,3055,404950,-0.031695721077654504
2022-06-16,3085,3185,3000,3005,546036,-0.016366612111292977
2022-06-17,2890,3015,2875,3005,482057,0.0
2022-06-20,3005,3020,2770,2825,555217,-0.05990016638935103
2022-06-21,2825,2900,2750,2850,324977,0.008849557522123908
2022-06-22,2835,2885,2635,2650,536650,-0.07017543859649122
2022-06-23,2650,2720,2505,2510,880864,-0.05283018867924527
2022-06-24,2510,2720,2500,2690,431253,0.0717131474103585
2022-06-27,2690,2810,2675,2780,378294,0.03345724907063197
2022-06-28,2770,2850,2725,2785,410516,0.0017985611510791255
2022-06-29,2770,2810,2700,2800,283907,0.0053859964093356805
2022-06-30,2805,2855,2735,2735,364307,-0.023214285714285743
2022-07-01,2745,2805,2645,2705,438607,-0.010968921389396757
2022-07-04,2710,2720,2575,2610,424875,-0.03512014787430684
2022-07-05,2620,2760,2615,2710,397928,0.03831417624521083
2022-07-06,2710,2730,2625,2640,183686,-0.02583025830258301
2022-07-07,2660,2735,2655,2730,210009,0.03409090909090917
2022-07-08,2755,2790,2715,2735,202175,0.001831501831501825
2022-07-11,2735,2750,2680,2680,196895,-0.020109689213894
2022-07-12,2645,2665,2520,2560,335572,-0.04477611940298509
2022-07-13,2550,2625,2505,2560,266841,0.0
2022-07-14,2525,2585,2515,2560,128800,0.0
2022-07-15,2560,2580,2470,2530,221822,-0.01171875
2022-07-18,2550,2675,2530,2630,428723,0.03952569169960474
2022-07-19,2625,2720,2595,2675,276697,0.017110266159695797
2022-07-20,2720,2780,2665,2665,432312,-0.0037383177570093906
2022-07-21,2680,2770,2680,2740,315390,0.02814258911819878
2022-07-22,2740,2785,2705,2720,226965,-0.007299270072992692
2022-07-25,2700,2725,2675,2690,101018,-0.011029411764705843
2022-07-26,2695,2770,2680,2725,164602,0.013011152416356975
2022-07-27,2735,2755,2700,2745,106355,0.007339449541284404
2022-07-28,2805,2805,2725,2745,196515,0.0
2022-07-29,2750,2775,2740,2755,142596,0.0036429872495447047
2022-08-01,2755,2805,2745,2790,262262,0.012704174228675091
2022-08-02,2805,2865,2725,2865,343764,0.026881720430107503
2022-08-03,2835,2865,2795,2845,433226,-0.006980802792321161
2022-08-04,2865,2880,2760,2805,732170,-0.01405975395430581
2022-08-05,2830,3040,2825,3010,3172888,0.07308377896613183
2022-08-08,3035,3065,2960,3040,1185743,0.009966777408637828
2022-08-09,2990,2990,2750,2875,1396197,-0.05427631578947367
2022-08-10,2860,2940,2835,2895,720023,0.006956521739130528
2022-08-11,2935,2990,2895,2920,679376,0.008635578583765069
2022-08-12,2955,3025,2890,3020,794570,0.03424657534246567
2022-08-16,3045,3055,2895,2940,952232,-0.026490066225165587
2022-08-17,2955,3005,2890,2925,562743,-0.005102040816326481
2022-08-18,2900,2920,2825,2855,419006,-0.023931623931623958
2022-08-19,2855,2860,2765,2780,387156,-0.02626970227670755
2022-08-22,2745,2745,2675,2690,343471,-0.03237410071942448
2022-08-23,2630,2680,2610,2610,329395,-0.029739776951672847
2022-08-24,2610,2660,2610,2640,124967,0.011494252873563315
2022-08-25,2655,2735,2650,2730,190038,0.03409090909090917
2022-08-26,2750,2765,2705,2705,248995,-0.009157509157509125
2022-08-29,2590,2640,2590,2630,215701,-0.027726432532347522
2022-08-30,2625,2675,2615,2640,181292,0.0038022813688212143
2022-08-31,2620,2630,2580,2615,410237,-0.009469696969697017
2022-09-01,2915,2950,2545,2550,6020209,-0.0248565965583174
2022-09-02,2530,2580,2470,2495,827694,-0.021568627450980427
2022-09-05,2495,2515,2420,2435,644932,-0.024048096192384794
2022-09-06,2465,2490,2430,2435,254967,0.0
2022-09-07,2430,2430,2390,2390,289974,-0.01848049281314168
2022-09-08,2400,2430,2390,2415,128377,0.010460251046025215
2022-09-13,2430,2495,2425,2495,245885,0.0331262939958592
2022-09-14,2390,2455,2370,2435,162165,-0.024048096192384794
2022-09-15,2435,2480,2435,2460,125664,0.010266940451745477
2022-09-16,2435,2455,2395,2410,181124,-0.020325203252032575
2022-09-19,2400,2400,2305,2325,219504,-0.03526970954356845
2022-09-20,2315,2370,2315,2350,121391,0.010752688172043001
2022-09-21,2315,2375,2315,2340,86558,-0.004255319148936176
2022-09-22,2300,2325,2200,2265,235406,-0.03205128205128205
2022-09-23,2240,2245,2100,2115,549211,-0.06622516556291391
2022-09-26,2035,2075,2005,2060,597258,-0.026004728132387744
2022-09-27,2015,2060,1960,2010,368251,-0.024271844660194164
2022-09-28,1990,2040,1905,1940,391926,-0.03482587064676612
2022-09-29,1950,2020,1940,1940,352406,0.0
2022-09-30,1910,2085,1880,2000,1076220,0.030927835051546282
2022-10-04,2030,2075,2015,2030,302368,0.014999999999999902
2022-10-05,2060,2085,1960,1980,210002,-0.024630541871921152
2022-10-06,1980,2030,1975,2005,140267,0.012626262626262541
2022-10-07,2005,2030,1990,2020,116427,0.007481296758104827
2022-10-11,1965,1965,1855,1885,388322,-0.06683168316831678
2022-10-12,1855,1875,1775,1810,746274,-0.03978779840848812
2022-10-13,1805,1810,1710,1735,355032,-0.04143646408839774
2022-10-14,1760,2250,1760,2020,11903409,0.1642651296829971
2022-10-17,1960,1995,1870,1995,1262399,-0.012376237623762387
2022-10-18,2015,2030,1945,1995,909165,0.0
2022-10-19,1990,2025,1950,1960,500521,-0.01754385964912286
2022-10-20,1975,2060,1930,1930,823826,-0.015306122448979553
2022-10-21,1925,1930,1875,1885,228189,-0.023316062176165775
2022-10-24,1900,2000,1900,1930,535445,0.023872679045092937
2022-10-25,1940,1955,1865,1905,334934,-0.012953367875647714
2022-10-26,1910,1915,1865,1870,192101,-0.018372703412073532
2022-10-27,1890,2010,1865,2000,638758,0.06951871657754016
2022-10-28,1990,2020,1950,1975,348806,-0.012499999999999956
2022-10-31,2000,2000,1925,1945,250207,-0.015189873417721489
2022-11-01,1945,2080,1930,2035,673576,0.046272493573264795
2022-11-02,2000,2015,1965,1985,202953,-0.02457002457002455
2022-11-03,1960,2090,1950,2030,573460,0.02267002518891692
2022-11-04,2005,2050,1985,2025,151107,-0.0024630541871921707
2022-11-07,2010,2060,2010,2050,168775,0.012345679012345734
2022-11-08,2050,2200,2050,2115,786435,0.03170731707317076
2022-11-09,2110,2125,2075,2110,242107,-0.0023640661938534313
2022-11-10,2100,2160,2070,2105,263238,-0.0023696682464454666
2022-11-11,2140,2165,2115,2130,283249,0.01187648456057011
2022-11-14,2140,2210,2120,2160,378899,0.014084507042253502
2022-11-15,2140,2210,2135,2205,288160,0.02083333333333326
2022-11-16,2220,2230,2155,2175,223922,-0.013605442176870763
2022-11-17,2190,2250,2175,2200,176852,0.011494252873563315
2022-11-18,2230,2230,2160,2165,175513,-0.015909090909090873
2022-11-21,2145,2160,2085,2105,174591,-0.02771362586605086
2022-11-22,2070,2300,2070,2230,810673,0.05938242280285033
2022-11-23,2195,2280,2170,2205,308578,-0.011210762331838597
2022-11-24,2210,2235,2200,2210,147303,0.0022675736961450532
2022-11-25,2210,2265,2195,2240,261860,0.013574660633484115
2022-11-28,2255,2255,2155,2190,133299,-0.022321428571428603
2022-11-29,2150,2205,2150,2205,84574,0.006849315068493178
2022-11-30,2185,2230,2185,2200,115196,-0.0022675736961451642
2022-12-01,2225,2330,2225,2260,586625,0.027272727272727337
2022-12-02,2300,2300,2235,2295,181764,0.015486725663716783
2022-12-05,2295,2305,2205,2230,221607,-0.028322440087146017
2022-12-06,2195,2195,2135,2150,187622,-0.0358744394618834
2022-12-07,2130,2170,2075,2155,124570,0.0023255813953488857
2022-12-08,2135,2170,2085,2120,75654,-0.016241299303944357
2022-12-09,2120,2150,2095,2140,89253,0.009433962264151052
2022-12-12,2140,2155,2115,2125,103677,-0.007009345794392496
2022-12-13,2120,2140,2115,2140,57301,0.007058823529411784
2022-12-14,2125,2160,2125,2155,80613,0.007009345794392496
2022-12-15,2155,2195,2140,2195,91183,0.018561484918793614
2022-12-16,2145,2190,2135,2155,77510,-0.018223234624145768
2022-12-19,2155,2200,2120,2140,84662,-0.00696055684454755
2022-12-20,2125,2140,2075,2085,192980,-0.025700934579439227
2022-12-21,2070,2100,2040,2075,82681,-0.004796163069544335
2022-12-22,2075,2110,2075,2085,91354,0.004819277108433662
2022-12-23,2070,2070,2040,2040,114186,-0.021582733812949617
2022-12-26,2020,2040,2005,2025,69957,-0.007352941176470562
2022-12-27,2010,2040,2005,2025,73816,0.0
2022-12-28,2025,2045,2005,2030,69398,0.0024691358024691024
2022-12-29,2010,2055,1980,2020,100878,-0.0049261083743842304
2023-01-02,2050,2085,1985,1990,170928,-0.014851485148514865
2023-01-03,1970,2005,1900,1995,155428,0.002512562814070307
2023-01-04,1980,2060,1980,2040,114934,0.022556390977443552
2023-01-05,2045,2085,2030,2050,71280,0.004901960784313708
2023-01-06,2045,2130,2035,2095,132689,0.02195121951219514
2023-01-09,2150,2150,2075,2140,122121,0.021479713603818507
2023-01-10,2120,2210,2120,2165,324415,0.011682242990654235
2023-01-11,2195,2195,2160,2160,107180,-0.002309468822170868
2023-01-12,2180,2195,2155,2165,79130,0.0023148148148148806
2023-01-13,2170,2190,2155,2165,123574,0.0
2023-01-16,2175,2190,2160,2180,73014,0.006928406466512715
2023-01-17,2165,2445,2165,2175,2131375,-0.002293577981651418
2023-01-18,2150,2290,2150,2255,668900,0.0367816091954023
2023-01-19,2245,2290,2220,2235,167061,-0.008869179600886956
2023-01-20,2235,2260,2225,2230,128419,-0.0022371364653244186
2023-01-25,2235,2250,2205,2240,151080,0.004484304932735439
2023-01-26,2230,2280,2225,2260,152943,0.008928571428571397
2023-01-27,2280,2350,2255,2315,303756,0.02433628318584069
2023-01-30,2345,2375,2320,2345,356022,0.012958963282937441
2023-01-31,2330,2380,2300,2355,163384,0.004264392324093924
2023-02-01,2355,2380,2300,2315,220966,-0.01698513800424628
2023-02-02,2320,2365,2315,2365,139231,0.021598272138228847
2023-02-03,2365,2370,2310,2325,144626,-0.016913319238900604
2023-02-06,2320,2370,2265,2350,292601,0.010752688172043001
2023-02-07,2370,2460,2300,2425,757473,0.03191489361702127
2023-02-08,2450,2450,2395,2415,219441,-0.004123711340206171
2023-02-09,2415,2425,2380,2390,268877,-0.010351966873705987
2023-02-10,2370,2380,2305,2320,187349,-0.029288702928870314
2023-02-13,2320,2325,2265,2320,170914,0.0
2023-02-14,2330,2355,2310,2320,142650,0.0
2023-02-15,2310,2340,2270,2270,186904,-0.02155172413793105
2023-02-16,2270,2315,2255,2280,113821,0.004405286343612369
2023-02-17,2290,2355,2250,2340,210086,0.026315789473684292
2023-02-20,2320,2375,2320,2365,125723,0.010683760683760646
2023-02-21,2355,2475,2345,2435,487837,0.029598308668076
2023-02-22,2405,2410,2340,2345,213682,-0.03696098562628336
2023-02-23,2345,2375,2325,2360,109683,0.006396588486140775
2023-02-24,2375,2375,2305,2315,152659,-0.01906779661016944
2023-02-27,2290,2310,2260,2290,112322,-0.010799136069114423
2023-02-28,2310,2310,2270,2290,75779,0.0
2023-03-02,2270,2345,2260,2335,147592,0.01965065502183405
2023-03-03,2360,2395,2320,2375,175261,0.017130620985010614
2023-03-06,2360,2375,2315,2340,220282,-0.01473684210526316
2023-03-07,2320,2335,2290,2305,136332,-0.014957264957264904
2023-03-08,2280,2310,2270,2270,139581,-0.015184381778741818
2023-03-09,2300,2325,2235,2265,142576,-0.0022026431718061845
2023-03-10,2245,2255,2210,2230,117403,-0.015452538631346546
2023-03-13,2205,2220,2135,2200,135783,-0.013452914798206317
2023-03-14,2145,2180,2070,2070,325647,-0.05909090909090908
2023-03-15,2085,2130,2085,2090,130824,0.009661835748792313
2023-03-16,2065,2080,2020,2025,235806,-0.031100478468899517
2023-03-17,2040,2115,2040,2080,699737,0.02716049382716057
2023-03-20,2080,2120,2080,2115,259696,0.016826923076923128
2023-03-21,2115,2135,2090,2115,232412,0.0
2023-03-22,2115,2140,2090,2100,122508,-0.007092198581560294
2023-03-23,2080,2090,2030,2075,412904,-0.011904761904761862
2023-03-24,2055,2120,2045,2095,271094,0.009638554216867545
2023-03-27,2095,2145,2065,2100,562980,0.0023866348448686736
2023-03-28,2100,2175,2100,2175,151602,0.03571428571428581
2023-03-29,2165,2190,2155,2180,66842,0.0022988505747125743
2023-03-30,2180,2205,2155,2205,174652,0.011467889908256979
2023-03-31,2195,2205,2175,2185,116791,-0.009070294784580546
2023-04-03,2165,2215,2165,2195,318437,0.004576659038901587
2023-04-04,2180,2205,2175,2180,159233,-0.006833712984054663
2023-04-05,2180,2205,2145,2145,142428,-0.016055045871559592
2023-04-06,2145,2145,2050,2125,329049,-0.009324009324009341
2023-04-07,2120,2235,2105,2220,258692,0.04470588235294115
2023-04-10,2220,2225,2130,2145,189252,-0.03378378378378377
2023-04-11,2145,2175,2110,2165,154458,0.00932400932400923
2023-04-12,2170,2225,2170,2210,212253,0.020785219399538146
2023-04-13,2190,2205,2150,2190,113174,-0.009049773755656076
2023-04-14,2195,2235,2185,2230,208153,0.0182648401826484
2023-04-17,2230,2240,2205,2230,105639,0.0
2023-04-18,2220,2245,2185,2205,109172,-0.011210762331838597
2023-04-19,2205,2255,2205,2235,147345,0.013605442176870763
2023-04-20,2245,2260,2180,2190,213843,-0.020134228187919434
2023-04-21,2190,2190,2130,2135,160229,-0.02511415525114158
2023-04-24,2115,2235,2105,2105,183748,-0.014051522248243575
2023-04-25,2110,2130,2050,2060,174393,-0.02137767220902609
2023-04-26,2090,2090,2025,2060,111906,0.0
2023-04-27,2060,2150,2020,2125,125786,0.031553398058252524
2023-04-28,2125,2140,2080,2095,132666,-0.014117647058823568
2023-05-02,2090,2130,2090,2105,97893,0.004773269689737569
2023-05-03,2080,2120,2075,2080,63359,-0.01187648456057011
2023-05-04,2080,2110,2055,2075,111524,-0.0024038461538461453
2023-05-08,2075,2115,2065,2080,108261,0.002409638554216942
2023-05-09,2090,2095,2060,2085,63420,0.0024038461538462563
2023-05-10,2090,2125,2080,2120,107670,0.01678657074340517
2023-05-11,2100,2130,2100,2125,55265,0.002358490566037652
2023-05-12,2115,2130,2095,2130,58220,0.0023529411764706687
2023-05-15,2130,2135,2100,2120,112350,-0.0046948356807511304
2023-05-16,2120,2140,2110,2130,116883,0.004716981132075526
2023-05-17,2105,2170,2105,2170,166905,0.018779342723004744
2023-05-18,2170,2175,2140,2170,73775,0.0
2023-05-19,2180,2180,2145,2170,59267,0.0
2023-05-22,2155,2190,2155,2165,111760,-0.0023041474654378336
2023-05-23,2165,2190,2160,2180,83050,0.006928406466512715
2023-05-24,2160,2265,2160,2225,240045,0.020642201834862428
2023-05-25,2225,2225,2180,2190,134762,-0.01573033707865168
2023-05-26,2190,2205,2150,2160,115043,-0.013698630136986356
2023-05-30,2160,2185,2135,2150,103194,-0.00462962962962965
2023-05-31,2145,2175,2140,2140,95859,-0.0046511627906976605
2023-06-01,2145,2150,2120,2135,116341,-0.002336448598130869
2023-06-02,2135,2160,2120,2150,78411,0.007025761124121788
2023-06-05,2150,2170,2145,2160,129599,0.0046511627906977715
2023-06-07,2160,2200,2155,2195,131450,0.01620370370370372
2023-06-08,2170,2225,2170,2200,205302,0.002277904328018332
2023-06-09,2200,2220,2155,2185,127578,-0.006818181818181834
2023-06-12,2170,2175,2145,2155,117337,-0.013729977116704761
2023-06-13,2150,2175,2145,2160,67884,0.002320185614849146
2023-06-14,2155,2170,2120,2130,105437,-0.01388888888888884
2023-06-15,2120,2140,2080,2120,107164,-0.0046948356807511304
2023-06-16,2105,2150,2105,2130,163184,0.004716981132075526
2023-06-19,2115,2245,2115,2225,365610,0.04460093896713624
2023-06-20,2215,2235,2195,2205,164748,-0.008988764044943864
2023-06-21,2230,2230,2190,2195,86352,-0.0045351473922902175
2023-06-22,2195,2250,2185,2250,231628,0.02505694760820054
2023-06-23,2245,2245,2195,2215,152099,-0.015555555555555545
2023-06-26,2190,2215,2160,2195,123038,-0.009029345372460473
2023-06-27,2180,2310,2180,2305,927626,0.05011389521640086
2023-06-28,2335,2340,2305,2330,464629,0.010845986984815648
2023-06-29,2345,2345,2255,2260,342048,-0.030042918454935674
2023-06-30,2250,2325,2240,2320,315179,0.026548672566371723
2023-07-03,2350,2350,2295,2300,226648,-0.008620689655172376
2023-07-04,2300,2320,2250,2280,217635,-0.008695652173912993
2023-07-05,2255,2295,2240,2245,244793,-0.015350877192982448
2023-07-06,2245,2250,2170,2215,208975,-0.013363028953229383
2023-07-07,2175,2200,2145,2170,129632,-0.020316027088036148
2023-07-10,2155,2240,2120,2215,183744,0.02073732718894017
2023-07-11,2240,2240,2190,2205,93543,-0.004514672686230292
2023-07-12,2215,2345,2215,2275,321538,0.031746031746031855
2023-07-13,2275,2335,2255,2275,223168,0.0
2023-07-14,2280,2295,2210,2220,212917,-0.0241758241758242
2023-07-17,2215,2305,2195,2280,229150,0.027027027027026973
2023-07-18,2280,2295,2200,2210,162261,-0.030701754385964897
2023-07-19,2220,2220,2180,2185,163605,-0.011312217194570096
2023-07-20,2180,2205,2170,2180,90147,-0.0022883295194507935
2023-07-21,2180,2195,2150,2180,216427,0.0
2023-07-24,2185,2300,2185,2230,454406,0.022935779816513735
2023-07-25,2245,2260,2155,2170,284774,-0.026905829596412523
2023-07-26,2180,2180,2060,2155,655143,-0.00691244239631339
2023-07-27,2110,2355,2105,2325,1253518,0.0788863109048723
2023-07-28,2325,2330,2255,2305,435581,-0.008602150537634357
2023-07-31,2315,2380,2275,2330,383871,0.010845986984815648
2023-08-01,2320,2480,2300,2410,866473,0.03433476394849788
2023-08-02,2410,2590,2400,2550,1465269,0.05809128630705396
2023-08-03,2540,2610,2420,2525,778980,-0.009803921568627416
2023-08-04,2595,2625,2515,2525,419245,0.0
2023-08-07,2635,2635,2465,2495,579912,-0.011881188118811892
2023-08-08,2470,2630,2470,2615,688591,0.04809619238476959
2023-08-09,2595,2650,2545,2590,721701,-0.009560229445506718
2023-08-10,2585,2650,2570,2610,419794,0.007722007722007707
2023-08-11,2615,2670,2595,2645,420638,0.013409961685823646
2023-08-14,2665,2675,2580,2590,395444,-0.020793950850661602
2023-08-16,2680,2730,2605,2645,956856,0.021235521235521304
2023-08-17,2650,2650,2485,2530,655309,-0.04347826086956519
2023-08-18,2500,2700,2500,2670,887641,0.05533596837944654
2023-08-21,2670,2670,2485,2520,795921,-0.0561797752808989
2023-08-22,2535,2580,2465,2535,210264,0.005952380952380931
2023-08-23,2495,2610,2495,2550,285023,0.00591715976331364
2023-08-24,2555,3315,2555,3100,14881937,0.21568627450980382
2023-08-25,3040,3610,3005,3300,11227295,0.06451612903225801
2023-08-28,3385,3485,3275,3300,2926778,0.0
2023-08-29,3335,3895,3305,3495,13843845,0.05909090909090908
2023-08-30,3405,3575,3375,3570,1553799,0.02145922746781115
2023-08-31,3565,3615,3540,3610,926053,0.011204481792717047
2023-09-01,3610,3850,3610,3635,1371028,0.006925207756232732
2023-09-04,3640,4090,3560,4055,7814032,0.11554332874828055
2023-09-05,4000,4075,3810,3970,2254358,-0.020961775585696674
2023-09-06,3985,4090,3830,3870,2007508,-0.02518891687657432
2023-09-07,3845,3965,3635,3675,2073309,-0.050387596899224785
2023-09-08,3665,3680,3480,3530,1426051,-0.039455782312925125
2023-09-11,3560,4025,3515,3840,3882870,0.0878186968838528
2023-09-12,3835,3955,3710,3900,1040472,0.015625
2023-09-13,3970,3970,3655,3760,1149361,-0.03589743589743588
2023-09-14,3700,3805,3690,3785,489040,0.0066489361702126715
2023-09-15,3800,3845,3700,3845,503986,0.01585204755614278
2023-09-18,3900,3905,3670,3725,1102116,-0.031209362808842678
2023-09-19,3725,3970,3715,3845,1379845,0.03221476510067123
2023-09-20,3835,4050,3750,3970,2251803,0.032509752925877766
2023-09-21,3950,4260,3900,4155,4866548,0.046599496221662484
2023-09-22,4055,4160,3935,3950,1518128,-0.04933814681107096
2023-09-25,3905,3990,3850,3920,771605,-0.0075949367088608
2023-09-26,3900,4000,3820,3860,742385,-0.015306122448979553
2023-09-27,3800,4040,3800,3900,806536,0.010362694300518172
2023-10-04,3890,3970,3685,3710,995870,-0.04871794871794877
2023-10-05,3715,3745,3590,3640,688921,-0.018867924528301883
2023-10-06,3640,3890,3640,3840,595842,0.05494505494505497
2023-10-10,3820,3875,3725,3740,279926,-0.02604166666666663
2023-10-11,3770,3980,3770,3895,370350,0.041443850267379734
2023-10-12,3955,4015,3870,3965,644271,0.01797175866495504
2023-10-13,3945,4145,3930,4040,1009546,0.018915510718789497
2023-10-16,4040,4040,3800,3865,573800,-0.043316831683168355
2023-10-17,3980,4035,3510,3635,1887218,-0.05950840879689523
2023-10-18,3590,3725,3565,3605,933620,-0.008253094910591452
2023-10-19,3570,3675,3500,3640,690405,0.009708737864077666
2023-10-20,3565,3600,3325,3395,1218561,-0.06730769230769229
2023-10-23,3395,3515,3390,3430,492642,0.010309278350515427
2023-10-24,3435,3670,3355,3605,856832,0.05102040816326525
2023-10-25,3640,3695,3545,3610,424973,0.001386962552011095
2023-10-26,3505,3565,3395,3395,646793,-0.059556786703601095
2023-10-27,3385,3445,3285,3300,499585,-0.027982326951399128
2023-10-30,3310,3375,3195,3295,367857,-0.0015151515151514694
2023-10-31,3310,3330,3160,3205,583737,-0.0273141122913505
2023-11-01,3215,3260,3045,3075,644918,-0.040561622464898583
2023-11-02,3130,3245,3080,3140,778550,0.021138211382113914
2023-11-03,3170,3260,3160,3180,304899,0.01273885350318471
2023-11-06,3200,3275,3085,3135,934212,-0.014150943396226467
2023-11-07,3130,3210,3100,3190,340047,0.01754385964912286
2023-11-08,3190,3215,3105,3110,278968,-0.025078369905956133
2023-11-09,3110,3160,3005,3110,402774,0.0
2023-11-10,3070,3120,3055,3090,212796,-0.006430868167202619
2023-11-13,3090,3185,3075,3140,300107,0.016181229773462702
2023-11-14,3130,3195,3110,3140,256056,0.0
2023-11-15,3250,3325,3020,3100,1317613,-0.01273885350318471
2023-11-16,3105,3160,3050,3145,340491,0.014516129032257963
2023-11-17,3145,3170,2935,2965,959953,-0.05723370429252783
2023-11-20,2960,2975,2920,2935,375520,-0.010118043844856706
2023-11-21,2935,2940,2815,2840,1070954,-0.03236797274275982
2023-11-22,2830,2965,2780,2860,1188501,0.007042253521126751
2023-11-23,2910,3040,2905,2970,1296047,0.03846153846153855
2023-11-24,2980,2980,2900,2910,340673,-0.02020202020202022
2023-11-27,2910,2955,2875,2910,416055,0.0
2023-11-28,2920,2930,2840,2870,358663,-0.013745704467353903
2023-11-29,2885,2900,2795,2815,468995,-0.019163763066202044
2023-11-30,2825,2825,2740,2800,519696,-0.005328596802841923
2023-12-01,2770,2800,2740,2770,355019,-0.010714285714285676
2023-12-04,2780,2805,2740,2770,296525,0.0
2023-12-05,2770,2770,2655,2710,745449,-0.02166064981949456
2023-12-06,2705,2730,2660,2725,451973,0.005535055350553542
2023-12-07,2705,2725,2645,2680,481257,-0.016513761467889854
2023-12-08,2690,2745,2675,2700,263051,0.00746268656716409
2023-12-11,2700,2750,2670,2725,291253,0.0092592592592593
2023-12-12,2735,2735,2700,2720,202726,-0.0018348623853210455
2023-12-13,2720,2725,2625,2640,348443,-0.02941176470588236
2023-12-14,2650,2670,2625,2650,310166,0.0037878787878788955
2023-12-15,2640,2735,2640,2725,402599,0.028301886792452935
2023-12-18,2725,2755,2695,2730,385267,0.0018348623853210455
2023-12-19,2710,2740,2685,2695,209702,-0.012820512820512775
2023-12-20,2710,2710,2675,2710,277897,0.005565862708719838
2023-12-21,2700,2730,2665,2685,296821,-0.009225092250922495
2023-12-22,2695,2710,2665,2680,155163,-0.0018621973929237035
2023-12-26,2680,2700,2645,2685,301830,0.001865671641791078
2023-12-27,2675,2695,2630,2650,318059,-0.013035381750465591
2023-12-28,2640,2640,2575,2625,601944,-0.009433962264150941
2024-01-02,2625,2630,2550,2605,302739,-0.007619047619047636
2024-01-03,2595,2600,2540,2550,243801,-0.021113243761996192
2024-01-04,2550,2580,2530,2560,206939,0.0039215686274509665
2024-01-05,2565,2580,2535,2550,849268,-0.00390625
2024-01-08,2550,2625,2525,2605,233101,0.021568627450980316
2024-01-09,2595,2615,2570,2605,201620,0.0
2024-01-10,2600,2790,2600,2770,1248615,0.06333973128598847
2024-01-11,2775,2910,2750,2820,1514419,0.018050541516245522
2024-01-12,2810,2810,2685,2720,626462,-0.03546099290780147
2024-01-15,2740,2740,2630,2640,329127,-0.02941176470588236
2024-01-16,2640,2650,2560,2585,303017,-0.02083333333333337
2024-01-17,2585,2585,2420,2450,647139,-0.0522243713733076
2024-01-18,2430,2490,2405,2440,249518,-0.004081632653061273
2024-01-19,2460,2510,2445,2450,192392,0.004098360655737654
2024-01-22,2455,2465,2430,2435,137099,-0.006122448979591799
2024-01-23,2435,2455,2420,2435,137747,0.0
2024-01-24,2430,2450,2395,2395,236473,-0.01642710472279263
2024-01-25,2395,2450,2360,2405,265763,0.0041753653444676075
2024-01-26,2405,2465,2395,2415,153525,0.004158004158004047
2024-01-29,2405,2445,2385,2410,189917,-0.0020703933747412417
2024-01-30,2410,2465,2400,2430,150234,0.008298755186721962
2024-01-31,2420,2620,2415,2475,683015,0.0185185185185186
2024-02-01,2485,2505,2435,2480,263508,0.002020202020202033
2024-02-02,2495,2535,2475,2515,315125,0.014112903225806495
2024-02-05,2520,2530,2475,2500,168665,-0.005964214711729587
2024-02-06,2480,2490,2430,2465,325116,-0.014000000000000012
2024-02-07,2465,2545,2460,2520,204517,0.022312373225152227
2024-02-08,2510,2575,2500,2545,265527,0.009920634920634885
2024-02-13,2555,2560,2505,2550,158397,0.0019646365422396617
2024-02-14,2530,2585,2520,2570,148564,0.007843137254901933
2024-02-15,2570,2590,2550,2560,147910,-0.0038910505836575737
2024-02-16,2560,2565,2530,2555,135314,-0.001953125
2024-02-19,2555,2580,2550,2560,123157,0.001956947162426559
2024-02-20,2545,2560,2525,2535,184415,-0.009765625
2024-02-21,2520,2595,2520,2570,176318,0.013806706114398493
2024-02-22,2580,2595,2520,2555,260760,-0.005836575875486361
2024-02-23,2555,2565,2530,2555,153031,0.0
2024-02-26,2555,2555,2500,2520,145932,-0.013698630136986356
2024-02-27,2520,2520,2420,2440,291641,-0.031746031746031744
2024-02-28,2450,2475,2385,2435,180377,-0.002049180327868827
2024-02-29,2430,2475,2415,2465,168657,0.012320328542094527
2024-03-04,2475,2505,2395,2410,296163,-0.022312373225152116
2024-03-05,2410,2420,2350,2355,268794,-0.022821576763485507
2024-03-06,2355,2360,2320,2355,110939,0.0
2024-03-07,2340,2350,2290,2290,206111,-0.027600849256900206
2024-03-08,2300,2335,2295,2330,125433,0.017467248908296984
2024-03-11,2330,2375,2320,2355,89732,0.010729613733905685
2024-03-12,2385,2400,2350,2375,139121,0.00849256900212314
2024-03-13,2375,2395,2355,2370,110789,-0.002105263157894721
2024-03-14,2375,2440,2330,2430,323306,0.025316455696202445
2024-03-15,2445,2460,2365,2385,193562,-0.01851851851851849
2024-03-18,2385,2390,2345,2360,90289,-0.010482180293501009
2024-03-19,2360,2390,2285,2305,369168,-0.02330508474576276
2024-03-20,2310,2325,2265,2285,252935,-0.008676789587852451
2024-03-21,2295,2305,2275,2295,230020,0.004376367614879584
2024-03-22,2300,2305,2270,2280,215408,-0.006535947712418277
2024-03-25,2280,2285,2215,2230,291414,-0.021929824561403466
2024-03-26,2235,2265,2215,2255,132168,0.011210762331838486
2024-03-27,2250,2280,2215,2215,338937,-0.0177383592017738
2024-03-28,2220,2280,2215,2270,137331,0.02483069977426644
2024-03-29,2270,2295,2250,2295,143045,0.011013215859030812
2024-04-01,2295,2345,2275,2315,240308,0.008714596949890963
2024-04-02,2300,2315,2265,2265,127830,-0.021598272138228958
2024-04-03,2255,2285,2160,2250,144139,-0.0066225165562914245
2024-04-04,2240,2250,2200,2230,148181,-0.008888888888888835
2024-04-05,2235,2235,2200,2225,88371,-0.0022421524663677195
2024-04-08,2200,2210,2155,2160,149287,-0.02921348314606742
2024-04-09,2165,2175,2130,2130,135000,-0.01388888888888884
2024-04-11,2115,2135,2080,2130,118166,0.0
2024-04-12,2130,2160,2105,2130,140265,0.0
2024-04-15,2105,2120,2060,2100,220588,-0.014084507042253502
2024-04-16,2075,2105,2060,2090,152845,-0.004761904761904745
2024-04-17,2090,2135,2085,2100,93188,0.004784688995215225
2024-04-18,2090,2165,2090,2150,98559,0.023809523809523725
2024-04-19,2155,2155,2090,2125,93731,-0.011627906976744207
2024-04-22,2105,2165,2105,2130,107953,0.0023529411764706687
2024-04-23,2135,2190,2120,2180,210825,0.023474178403755763
2024-04-24,2185,2200,2170,2190,88980,0.004587155963302836
2024-04-25,2195,2255,2170,2210,229356,0.009132420091324311
2024-04-26,2210,2265,2170,2190,135467,-0.009049773755656076
2024-04-29,2190,2265,2185,2240,311316,0.022831050228310446
2024-04-30,2240,2255,2230,2250,96367,0.0044642857142858094
2024-05-02,2240,2250,2200,2230,108471,-0.008888888888888835
2024-05-03,2220,2235,2170,2180,238878,-0.022421524663677084
2024-05-07,2190,2210,2155,2180,170905,0.0
2024-05-08,2180,2190,2140,2185,190272,0.002293577981651307
2024-05-09,2185,2200,2160,2175,154146,-0.004576659038901587
2024-05-10,2180,2290,2155,2280,557077,0.048275862068965614
2024-05-13,2280,2355,2260,2330,457580,0.021929824561403466
2024-05-14,2305,2325,2275,2295,212364,-0.015021459227467782
2024-05-16,2300,2330,2275,2290,358848,-0.002178649237472796
2024-05-17,2200,2215,2085,2095,1603719,-0.08515283842794763
2024-05-20,2105,2145,2080,2085,435185,-0.004773269689737458
2024-05-21,2085,2100,2045,2085,212018,0.0
2024-05-22,2070,2095,2040,2050,713044,-0.016786570743405282
2024-05-23,2040,2065,2040,2055,205052,0.0024390243902439046
2024-05-24,2055,2070,2040,2060,172534,0.0024330900243310083
2024-05-27,2070,2080,2040,2050,243718,-0.004854368932038833
2024-05-28,2050,2060,2045,2050,161987,0.0
2024-05-29,2055,2065,2030,2035,271528,-0.007317073170731714
2024-05-30,2030,2050,1997,2035,417437,0.0
2024-05-31,2025,2050,2025,2035,134765,0.0
2024-06-03,2035,2070,2030,2070,195106,0.017199017199017286
2024-06-04,2050,2070,2040,2040,126137,-0.01449275362318836
2024-06-05,2045,2085,2025,2080,260519,0.019607843137254832
2024-06-07,2080,2085,2055,2065,77096,-0.007211538461538436
2024-06-10,2065,2125,2045,2070,361445,0.002421307506053294
2024-06-11,2065,2075,2040,2055,150273,-0.007246376811594235
2024-06-12,2050,2055,2030,2045,140137,-0.0048661800486617945
2024-06-13,2045,2055,2035,2040,77553,-0.0024449877750610804
2024-06-14,2030,2060,2025,2040,184458,0.0
2024-06-17,2035,2045,2030,2035,146872,-0.002450980392156854
2024-06-18,2040,2055,2025,2040,131222,0.002457002457002533
2024-06-19,2040,2045,2000,2005,232709,-0.01715686274509809
2024-06-20,2010,2030,2000,2020,142300,0.007481296758104827
2024-06-21,2020,2065,2015,2030,188431,0.004950495049504955
2024-06-24,2025,2030,1997,2000,410848,-0.014778325123152691
2024-06-25,2000,2180,1999,2160,1034100,0.08000000000000007
2024-06-26,2150,2150,2055,2080,557170,-0.03703703703703709
2024-06-27,2065,2085,2035,2045,329823,-0.016826923076923128
2024-06-28,2040,2055,2020,2025,183892,-0.009779951100244544
2024-07-01,2010,2030,2010,2015,228594,-0.004938271604938316
2024-07-02,2015,2025,2000,2000,336377,-0.007444168734491274
2024-07-03,2010,2010,1981,1985,442395,-0.007499999999999951
2024-07-04,1979,1992,1978,1988,112416,0.0015113350125943725
2024-07-05,1982,1988,1974,1978,228510,-0.005030181086519092
2024-07-08,1975,1983,1972,1983,106105,0.0025278058645095136
2024-07-09,1983,1983,1966,1971,240460,-0.006051437216338829
2024-07-10,1969,1984,1963,1983,97287,0.0060882800608828
2024-07-11,1984,2010,1979,1983,159657,0.0
2024-07-12,1984,2045,1981,2030,321181,0.023701462430660625
2024-07-15,2020,2095,2020,2080,309306,0.024630541871921263
2024-07-16,2085,2135,2065,2075,370884,-0.0024038461538461453
2024-07-17,2075,2150,2065,2105,429201,0.014457831325301207
2024-07-18,2100,2110,2060,2085,185228,-0.009501187648456089
2024-07-19,2065,2075,2020,2035,226805,-0.023980815347721784
2024-07-22,2035,2060,2025,2050,175041,0.0073710073710073765
2024-07-23,2055,2080,2020,2035,165705,-0.007317073170731714
2024-07-24,2015,2055,2015,2045,137671,0.004914004914004844
2024-07-25,2040,2055,1999,2045,248346,0.0
2024-07-26,2035,2120,2025,2100,275660,0.02689486552567244
2024-07-29,2105,2120,2090,2110,152502,0.004761904761904745
2024-07-30,2115,2120,2070,2100,114105,-0.004739336492891044
2024-07-31,2080,2380,2080,2175,6609119,0.03571428571428581
2024-08-01,2170,2295,2145,2245,4201495,0.03218390804597693
2024-08-02,2210,2220,2125,2140,700563,-0.04677060133630284
2024-08-05,2120,2120,1860,1960,1144327,-0.08411214953271029
2024-08-06,1960,2055,1960,1999,533912,0.01989795918367343
2024-08-07,2000,2120,2000,2085,416915,0.043021510755377745
2024-08-08,2050,2135,2050,2090,212265,0.0023980815347721673
2024-08-09,2125,2230,2120,2195,641142,0.05023923444976086
2024-08-12,2220,2225,2185,2215,394053,0.009111617312072884
2024-08-13,2215,2220,2155,2185,271964,-0.013544018058690765
2024-08-14,2195,2250,2170,2250,299924,0.029748283752860427
2024-08-16,2240,2270,2135,2140,604213,-0.04888888888888887
2024-08-19,2125,2160,2120,2145,192602,0.002336448598130758
2024-08-20,2155,2235,2155,2215,399960,0.03263403263403264
2024-08-21,2225,2275,2195,2270,631080,0.02483069977426644
2024-08-22,2305,2305,2200,2240,441204,-0.013215859030836996
2024-08-23,2205,2315,2205,2310,594679,0.03125
2024-08-26,2355,2355,2250,2270,379691,-0.017316017316017285
2024-08-27,2245,2285,2220,2270,190065,0.0
2024-08-28,2250,2275,2175,2190,344985,-0.03524229074889873
2024-08-29,2160,2175,2100,2175,384097,-0.006849315068493178
2024-08-30,2155,2180,2145,2175,164850,0.0
2024-09-02,2170,2215,2155,2190,306931,0.006896551724137945
2024-09-03,2185,2215,2155,2180,192876,-0.004566210045662156
2024-09-04,2110,2130,2070,2100,309361,-0.03669724770642202
2024-09-05,2100,2120,2010,2050,327654,-0.023809523809523836
2024-09-06,2035,2070,1992,1998,369384,-0.025365853658536608
2024-09-09,1960,2015,1940,2010,220222,0.006006006006006093
2024-09-10,2020,2020,1986,1993,185204,-0.008457711442786064
2024-09-11,1986,2015,1986,1988,81313,-0.0025087807325639977
2024-09-12,2010,2040,2000,2030,132979,0.021126760563380254
2024-09-13,2030,2055,2020,2055,103025,0.012315270935960632
2024-09-19,2050,2085,2045,2075,124331,0.009732360097323589
2024-09-20,2100,2105,2080,2100,118438,0.012048192771084265
2024-09-23,2100,2110,2075,2095,82702,-0.0023809523809523725
2024-09-24,2080,2110,2080,2110,89823,0.007159904534606243
2024-09-25,2110,2130,2075,2090,168584,-0.009478672985781977
2024-09-26,2090,2125,2085,2090,135901,0.0
2024-09-27,2090,2115,2090,2115,156138,0.011961722488038173
2024-09-30,2110,2135,2095,2110,139518,-0.0023640661938534313
2024-10-02,2095,2125,2065,2080,145251,-0.014218009478673022
2024-10-04,2080,2095,2055,2065,102583,-0.007211538461538436
2024-10-07,2060,2070,2040,2070,86954,0.002421307506053294
2024-10-08,2065,2075,2045,2050,57778,-0.009661835748792313
2024-10-10,2050,2070,2040,2065,86263,0.007317073170731714
2024-10-11,2050,2085,2040,2050,155913,-0.007263922518159771
2024-10-14,2050,2055,2040,2045,77129,-0.0024390243902439046
2024-10-15,2050,2055,2035,2050,73594,0.0024449877750611915
2024-10-16,2040,2045,2020,2030,98338,-0.009756097560975618
2024-10-17,2030,2065,2025,2030,133972,0.0
2024-10-18,2020,2035,2000,2000,139548,-0.014778325123152691
2024-10-21,2000,2010,1986,1999,107550,-0.0004999999999999449
2024-10-22,1989,2040,1988,2025,162701,0.013006503251625778
2024-10-23,2030,2080,2025,2045,287467,0.009876543209876631
2024-10-24,2040,2045,2015,2040,134882,-0.0024449877750610804
2024-10-25,2040,2040,1981,1981,410742,-0.02892156862745099
2024-10-28,1980,1998,1975,1991,187024,0.005047955577990981
2024-10-29,1989,2000,1987,2000,98701,0.0045203415369161615
2024-10-30,1997,2005,1996,1997,109285,-0.0014999999999999458
2024-10-31,1995,2020,1976,1995,64833,-0.0010015022533800266
2024-11-01,1979,1996,1979,1984,116901,-0.005513784461152915
2024-11-04,1984,2010,1978,2005,74952,0.01058467741935476
2024-11-05,2010,2010,1995,1997,74799,-0.003990024937655878
2024-11-06,1998,2055,1986,2040,216875,0.021532298447671572
2024-11-07,2035,2035,1992,1996,88113,-0.021568627450980427
2024-11-08,1999,2020,1993,2005,75035,0.0045090180360720655
2024-11-11,2005,2005,1976,1979,149472,-0.012967581047381493
2024-11-12,1978,1980,1930,1936,197080,-0.021728145528044474
2024-11-13,1936,1936,1845,1845,276382,-0.04700413223140498
2024-11-14,1821,1888,1821,1848,243538,0.001626016260162677
2024-11-15,1810,1922,1810,1900,274259,0.02813852813852824
2024-11-18,1900,1917,1887,1889,133200,-0.0057894736842105665
2024-11-19,1871,1933,1871,1915,86865,0.01376389624139751
2024-11-20,1906,1928,1906,1915,57181,0.0
2024-11-21,1916,1916,1882,1889,140606,-0.013577023498694496
2024-11-22,1889,1920,1889,1906,40777,0.008999470619375227
2024-11-25,1906,1920,1902,1914,80603,0.0041972717733473885
2024-11-26,1916,1939,1903,1934,106673,0.010449320794148287
2024-11-27,1936,1964,1932,1937,127302,0.0015511892450879028
2024-11-28,1939,1939,1886,1886,259810,-0.026329375322663884
2024-11-29,1887,1893,1867,1880,84550,-0.0031813361611876534
2024-12-02,1881,1881,1849,1850,112373,-0.015957446808510634
2024-12-03,1841,1877,1841,1860,80046,0.00540540540540535
2024-12-04,1813,1854,1813,1830,219410,-0.016129032258064502
2024-12-05,1819,1830,1790,1793,149967,-0.020218579234972722
2024-12-06,1793,1829,1760,1829,186683,0.020078081427774785
2024-12-09,1823,1827,1712,1732,277252,-0.05303444505194099
2024-12-10,1716,1836,1716,1829,167967,0.05600461893764441
2024-12-11,1830,1963,1830,1921,495643,0.050300710770913026
2024-12-12,1922,1951,1900,1928,223146,0.0036439354502864063
2024-12-13,1921,1950,1900,1943,236003,0.00778008298755184
2024-12-16,1946,2045,1945,1997,381293,0.02779207411219753
2024-12-17,2005,2010,1982,1987,152135,-0.005007511266900355
2024-12-18,1967,2010,1967,1998,66811,0.005535983895319507
2024-12-19,1987,1987,1946,1946,133604,-0.026026026026025995
2024-12-20,1938,1945,1888,1890,101991,-0.02877697841726623
2024-12-23,1889,1912,1860,1910,85008,0.010582010582010692
2024-12-24,1891,1909,1860,1874,166393,-0.01884816753926699
2024-12-26,1874,1881,1868,1874,84070,0.0
2024-12-27,1870,1870,1810,1824,123580,-0.026680896478121663
2024-12-30,1788,1841,1788,1838,140167,0.007675438596491224
2025-01-02,1838,1841,1820,1837,46305,-0.0005440696409140244
2025-01-03,1835,1864,1835,1857,93086,0.01088731627653794
2025-01-06,1857,1870,1840,1862,126007,0.002692514808831481
2025-01-07,1864,1871,1854,1864,91085,0.0010741138560688146
2025-01-08,1861,1871,1850,1863,161907,-0.0005364806866953176
2025-01-09,1863,1864,1830,1860,169411,-0.0016103059581320522
2025-01-10,1861,1870,1846,1861,63768,0.0005376344086021057
2025-01-13,1862,1917,1848,1917,183840,0.030091348737238066
2025-01-14,1916,1916,1855,1888,178770,-0.015127803860198186
2025-01-15,1887,1887,1856,1862,79654,-0.013771186440677985
2025-01-16,1862,1878,1861,1865,59788,0.0016111707841031109
2025-01-17,1866,1902,1864,1902,129082,0.019839142091152784
2025-01-20,1898,1907,1883,1903,122247,0.000525762355415349
2025-01-21,1891,1905,1884,1902,62365,-0.0005254860746189971
2025-01-22,1902,1903,1891,1902,83465,0.0
2025-01-23,1888,1903,1872,1900,140329,-0.001051524710830698
2025-01-24,1900,1922,1887,1915,129182,0.007894736842105177
2025-01-31,1915,1934,1890,1915,110020,0.0
2025-02-03,1914,1914,1868,1881,113636,-0.017754569190600478
2025-02-04,1881,1928,1875,1925,89049,0.023391812865497075
2025-02-05,1925,1930,1914,1925,66492,0.0
2025-02-06,1925,1977,1920,1967,160285,0.021818181818181737
2025-02-07,1967,1973,1952,1968,103818,0.0005083884087442314
2025-02-10,1967,1975,1938,1970,73298,0.00101626016260159
2025-02-11,1951,1991,1948,1988,122141,0.009137055837563413
2025-02-12,1988,1993,1967,1987,134613,-0.0005030181086519425
2025-02-13,1990,2075,1990,2065,329909,0.03925515853044792
2025-02-14,2060,2085,2040,2080,146683,0.007263922518159882
2025-02-17,2115,2115,2065,2095,281842,0.007211538461538547
2025-02-18,2090,2100,2060,2095,135967,0.0
2025-02-19,2095,2125,2080,2125,141251,0.014319809069212486
2025-02-20,2125,2160,2100,2145,210891,0.009411764705882453
2025-02-21,2135,2170,2130,2170,219979,0.011655011655011593
2025-02-24,2150,2185,2140,2175,128569,0.0023041474654377225
2025-02-25,2145,2205,2145,2165,367071,-0.0045977011494252595
2025-02-26,2145,2170,2135,2170,177917,0.002309468822170979
2025-02-27,2155,2190,2150,2170,100909,0.0
2025-02-28,2150,2170,2110,2155,194954,-0.00691244239631339
2025-03-04,2125,2180,2125,2170,222687,0.006960556844547661
2025-03-05,2175,2215,2170,2210,320473,0.018433179723502224
2025-03-06,2205,2235,2175,2225,306986,0.006787330316742057
2025-03-07,2215,2250,2185,2215,220222,-0.004494382022471877
2025-03-10,2200,2220,2165,2215,176352,0.0
2025-03-11,2180,2260,2175,2225,215075,0.004514672686230181
2025-03-12,2225,2230,2190,2220,129524,-0.0022471910112359383
2025-03-13,2205,2225,2085,2160,567067,-0.027027027027026973
2025-03-14,2155,2205,2110,2195,177008,0.01620370370370372
2025-03-17,2175,2205,2145,2205,186766,0.004555808656036442
2025-03-18,2185,2210,2165,2200,180419,-0.0022675736961451642
2025-03-19,2170,2210,2170,2205,131108,0.002272727272727204
2025-03-20,2180,2205,2150,2190,211252,-0.006802721088435382
2025-03-21,2170,2190,2125,2150,269253,-0.0182648401826484
2025-03-24,2130,2155,2110,2155,134824,0.0023255813953488857
2025-03-25,2155,2170,2125,2160,168467,0.002320185614849146
2025-03-26,2140,2195,2140,2180,159250,0.0092592592592593
2025-03-27,2170,2185,2140,2180,169458,0.0
2025-03-28,2170,2180,2135,2175,144848,-0.002293577981651418
2025-03-31,2155,2175,2117,2165,246283,-0.0045977011494252595
2025-04-01,2150,2170,2135,2155,139028,-0.004618937644341847
2025-04-02,2140,2180,2140,2170,128941,0.006960556844547661
2025-04-03,2155,2215,2130,2210,199187,0.018433179723502224
2025-04-04,2165,2225,2165,2220,235179,0.004524886877828038
2025-04-07,2155,2200,2150,2190,203163,-0.013513513513513487
2025-04-08,2195,2240,2195,2225,204253,0.015981735159817267
2025-04-09,2225,2230,2135,2170,188204,-0.024719101123595544
2025-04-10,2185,2230,2170,2215,166242,0.02073732718894017
2025-04-11,2195,2215,2150,2200,153980,-0.006772009029345383
2025-04-14,2190,2225,2180,2225,139351,0.011363636363636465
2025-04-15,2220,2310,2220,2300,417183,0.03370786516853941
2025-04-16,2300,2310,2230,2245,192265,-0.023913043478260843
2025-04-17,2230,2300,2230,2270,150672,0.011135857461024523
2025-04-18,2270,2345,2255,2335,253892,0.028634361233480066
2025-04-21,2345,2465,2335,2460,688514,0.05353319057815842
2025-04-22,2470,2470,2400,2440,256377,-0.008130081300813052
2025-04-23,2450,2495,2400,2475,336526,0.014344262295082011
2025-04-24,2485,2500,2460,2485,109350,0.004040404040404066
2025-04-25,2475,2545,2475,2525,237071,0.016096579476861272
2025-04-28,2530,2545,2380,2455,256503,-0.027722772277227747
2025-04-29,2455,2465,2420,2455,138915,0.0
2025-04-30,2470,2470,2420,2450,130081,-0.0020366598778004397
2025-05-02,2450,2450,2410,2420,184571,-0.01224489795918371
2025-05-07,2390,2435,2390,2425,198668,0.0020661157024792765
2025-05-08,2410,2440,2410,2430,103437,0.0020618556701030855
2025-05-09,2410,2430,2275,2380,667200,-0.020576131687242816
2025-05-12,2365,2435,2365,2435,190860,0.02310924369747891
2025-05-13,2435,2455,2390,2435,154157,0.0
2025-05-14,2420,2435,2400,2430,130600,-0.002053388090349051
2025-05-15,2395,2420,2370,2385,218137,-0.01851851851851849
2025-05-16,2370,2385,2340,2355,135083,-0.012578616352201255
2025-05-19,2315,2360,2315,2325,111378,-0.01273885350318471
2025-05-20,2325,2350,2300,2315,121287,-0.004301075268817178
2025-05-21,2295,2315,2225,2255,530135,-0.02591792656587477
2025-05-22,2240,2255,2205,2215,225915,-0.0177383592017738
2025-05-23,2215,2235,2165,2225,121813,0.004514672686230181
2025-05-26,2225,2250,2205,2245,126278,0.008988764044943753
2025-05-27,2245,2255,2175,2240,193580,-0.00222717149220486
2025-05-28,2235,2245,2210,2225,61607,-0.006696428571428603
2025-05-29,2225,2225,2200,2220,52562,-0.0022471910112359383
2025-05-30,2210,2230,2190,2200,87346,-0.009009009009009028
2025-06-02,2190,2205,2170,2195,87952,-0.002272727272727315
2025-06-04,2210,2307,2185,2305,258518,0.05011389521640086
2025-06-05,2320,2370,2310,2355,164768,0.021691973969631295
2025-06-09,2395,2395,2305,2355,98431,0.0
2025-06-10,2355,2370,2315,2350,96787,-0.002123142250530785
2025-06-11,2350,2355,2325,2355,37050,0.0021276595744681437
2025-06-12,2355,2375,2345,2355,100883,0.0
2025-06-13,2355,2365,2240,2335,241944,-0.00849256900212314
