Date,Open,High,Low,Close,Volume,Change
2022-01-03,15550,15700,15100,15250,12413,-0.006514657980456029
2022-01-04,15400,15550,14900,15400,10481,0.009836065573770592
2022-01-05,15400,15400,14750,14800,19706,-0.038961038961038974
2022-01-06,15100,15100,14200,14500,34613,-0.020270270270270285
2022-01-07,14500,15300,14500,14900,42941,0.02758620689655178
2022-01-10,14900,14900,14300,14450,21765,-0.030201342281879207
2022-01-11,14550,14650,13850,14100,34902,-0.02422145328719727
2022-01-12,14150,14850,14100,14550,22241,0.03191489361702127
2022-01-13,14800,14850,13950,13950,25165,-0.04123711340206182
2022-01-14,13850,14150,13600,13600,28580,-0.02508960573476704
2022-01-17,13600,13950,13250,13300,15137,-0.022058823529411797
2022-01-18,13900,14850,13200,13300,42764,0.0
2022-01-19,13400,13700,13100,13450,15245,0.011278195488721776
2022-01-20,13250,13750,13200,13550,24088,0.0074349442379182396
2022-01-21,13800,13800,13100,13300,39766,-0.01845018450184499
2022-01-24,13100,13250,12400,13100,53167,-0.015037593984962405
2022-01-25,13100,13150,12250,12500,52697,-0.04580152671755722
2022-01-26,12450,12900,12250,12600,21278,0.008000000000000007
2022-01-27,12700,12700,11000,11500,125623,-0.08730158730158732
2022-01-28,11500,12100,11350,11850,27335,0.0304347826086957
2022-02-03,11900,12900,11900,12300,71853,0.03797468354430378
2022-02-04,12300,12800,11800,12400,49821,0.008130081300812941
2022-02-07,12100,12150,11500,11850,50673,-0.04435483870967738
2022-02-08,11800,11950,11100,11250,76950,-0.05063291139240511
2022-02-09,11400,11600,11200,11500,39006,0.022222222222222143
2022-02-10,11500,11500,11100,11150,36330,-0.0304347826086957
2022-02-11,11200,11250,10650,10850,43700,-0.026905829596412523
2022-02-14,10550,10600,10000,10300,47456,-0.05069124423963134
2022-02-15,10300,10600,10100,10300,14320,0.0
2022-02-16,10450,11050,10450,10950,22123,0.06310679611650483
2022-02-17,10950,11450,10400,11000,39586,0.004566210045662045
2022-02-18,10900,11300,10700,11300,10987,0.027272727272727337
2022-02-21,11200,11200,10850,11100,12234,-0.017699115044247815
2022-02-22,11000,11000,10650,10650,17291,-0.04054054054054057
2022-02-23,10650,10800,10600,10700,18163,0.0046948356807512415
2022-02-24,10600,10650,10150,10300,18792,-0.03738317757009346
2022-02-25,10450,10800,10350,10500,12764,0.01941747572815533
2022-02-28,10600,10800,10500,10750,6152,0.023809523809523725
2022-03-02,10550,11100,10550,11000,7191,0.023255813953488413
2022-03-03,10950,11450,10950,11300,22245,0.027272727272727337
2022-03-04,11300,11450,10950,11100,16955,-0.017699115044247815
2022-03-07,11200,11200,10700,10700,7669,-0.036036036036036
2022-03-08,10650,10750,10400,10500,8626,-0.01869158878504673
2022-03-10,10550,11050,10550,10900,6494,0.03809523809523818
2022-03-11,10950,11100,10750,10850,8694,-0.004587155963302725
2022-03-14,10900,11000,10500,10800,17724,-0.004608294930875556
2022-03-15,10650,10750,10450,10500,12081,-0.02777777777777779
2022-03-16,10800,10900,10600,10850,9354,0.03333333333333344
2022-03-17,11100,11300,10900,11100,17987,0.02304147465437789
2022-03-18,11150,11250,10950,11100,8528,0.0
2022-03-21,11200,11500,11100,11350,28095,0.022522522522522515
2022-03-22,11350,11400,11150,11350,11765,0.0
2022-03-23,11350,11400,11100,11150,9483,-0.017621145374449365
2022-03-24,11250,11250,10900,11100,12274,-0.004484304932735439
2022-03-25,11100,11450,11050,11250,13854,0.013513513513513598
2022-03-28,11300,11650,11250,11350,17025,0.008888888888888946
2022-03-29,11350,11950,11350,11950,25423,0.052863436123347984
2022-03-30,11900,12050,11650,11850,11371,-0.008368200836820106
2022-03-31,11800,12000,11650,11900,12281,0.00421940928270037
2022-04-01,12000,12450,11650,12350,22765,0.037815126050420256
2022-04-04,12700,13000,12400,13000,32966,0.05263157894736836
2022-04-05,13100,13550,12650,13000,51179,0.0
2022-04-06,12850,13000,12700,12950,13872,-0.0038461538461538325
2022-04-07,12850,12900,12150,12450,45205,-0.038610038610038644
2022-04-08,12450,12750,12400,12500,7245,0.004016064257028162
2022-04-11,12600,12600,12250,12500,8136,0.0
2022-04-12,12500,12500,12050,12150,15374,-0.028000000000000025
2022-04-13,12450,12450,11950,12100,10436,-0.004115226337448541
2022-04-14,12300,12350,12000,12050,7845,-0.004132231404958664
2022-04-15,12050,12050,11700,11850,12401,-0.016597510373444035
2022-04-18,11850,11850,11500,11500,8793,-0.029535864978902926
2022-04-19,11500,11600,11300,11300,8942,-0.017391304347826098
2022-04-20,11400,11850,11400,11750,10115,0.03982300884955747
2022-04-21,11800,11850,11650,11750,5420,0.0
2022-04-22,11600,11700,11400,11450,7400,-0.025531914893617058
2022-04-25,11450,11450,11150,11150,10141,-0.026200873362445365
2022-04-26,11150,11550,11150,11400,23770,0.022421524663677195
2022-04-27,11200,11450,11050,11100,22084,-0.02631578947368418
2022-04-28,11150,11750,11150,11300,5866,0.018018018018018056
2022-04-29,11450,11450,11300,11300,7786,0.0
2022-05-02,11350,11500,11150,11400,9357,0.008849557522123908
2022-05-03,11500,11600,11250,11350,9112,-0.004385964912280715
2022-05-04,11350,11600,11200,11250,10677,-0.008810572687224627
2022-05-06,11250,11500,11200,11250,8935,0.0
2022-05-09,11250,11600,11150,11250,6388,0.0
2022-05-10,11550,11550,10900,11300,13257,0.004444444444444473
2022-05-11,11300,11550,11100,11450,16185,0.01327433628318575
2022-05-12,11450,11450,10850,10950,10386,-0.04366812227074235
2022-05-13,10900,11150,10900,11000,5321,0.004566210045662045
2022-05-16,11150,11300,10950,11100,15160,0.009090909090909038
2022-05-17,11050,11200,10950,11100,3699,0.0
2022-05-18,11300,11300,10700,10850,17285,-0.022522522522522515
2022-05-19,10750,10800,10500,10650,10034,-0.018433179723502335
2022-05-20,10600,10750,10400,10700,13006,0.0046948356807512415
2022-05-23,10750,11350,10600,11200,21542,0.04672897196261672
2022-05-24,11200,11200,10800,11000,7593,-0.017857142857142905
2022-05-25,11000,11050,10800,10950,7219,-0.004545454545454519
2022-05-26,10950,11100,10900,11000,4842,0.004566210045662045
2022-05-27,11000,11400,10950,11400,18420,0.036363636363636376
2022-05-30,11600,11600,11150,11200,29202,-0.01754385964912286
2022-05-31,11200,11400,11150,11150,21162,-0.004464285714285698
2022-06-02,11150,11350,11000,11300,17199,0.013452914798206317
2022-06-03,11300,11400,11150,11250,10028,-0.004424778761061954
2022-06-07,11250,11300,11100,11100,12240,-0.013333333333333308
2022-06-08,11100,11200,10550,10900,17568,-0.018018018018018056
2022-06-09,10850,10900,10600,10850,7870,-0.004587155963302725
2022-06-10,10800,11000,10750,10900,4288,0.004608294930875667
2022-06-13,10800,10800,9250,9430,144086,-0.13486238532110095
2022-06-14,9210,9430,9100,9370,24143,-0.006362672322375418
2022-06-15,9290,9460,9000,9230,11282,-0.014941302027748127
2022-06-16,9330,9530,9010,9170,21528,-0.00650054171180936
2022-06-17,9170,9250,8760,9200,8046,0.0032715376226826187
2022-06-20,9140,9300,8630,9010,19251,-0.020652173913043526
2022-06-21,8720,9050,8720,9050,6538,0.004439511653718142
2022-06-22,9040,9080,8710,9000,12613,-0.0055248618784530246
2022-06-23,8920,8980,8430,8430,12616,-0.06333333333333335
2022-06-24,8410,8980,8400,8800,13353,0.043890865954922864
2022-06-27,8830,9280,8800,9200,6403,0.045454545454545414
2022-06-28,9210,9340,9000,9260,8517,0.006521739130434856
2022-06-29,9150,9300,8910,9280,2014,0.002159827213822796
2022-06-30,9250,9310,9070,9200,2548,-0.008620689655172376
2022-07-01,9100,9990,8930,9270,10475,0.007608695652173925
2022-07-04,9050,9190,8990,9070,5649,-0.02157497303128375
2022-07-05,9070,9300,9030,9290,6124,0.024255788313120252
2022-07-06,9190,9370,9130,9350,3183,0.006458557588805203
2022-07-07,9300,9900,9300,9580,8501,0.024598930481283476
2022-07-08,9550,9650,9360,9470,3081,-0.011482254697286032
2022-07-11,9470,9600,9300,9560,2347,0.009503695881731833
2022-07-12,9460,9510,9370,9500,3278,-0.006276150627615107
2022-07-13,9360,9550,9160,9390,19508,-0.011578947368421022
2022-07-14,9380,9470,9170,9430,6120,0.004259850905218299
2022-07-15,9350,9350,9120,9300,3567,-0.01378579003181335
2022-07-18,9330,9390,9200,9390,3181,0.00967741935483879
2022-07-19,9390,9430,9250,9360,2563,-0.0031948881789137795
2022-07-20,9440,9440,9330,9380,4505,0.002136752136752129
2022-07-21,9320,9440,9320,9410,3002,0.0031982942430703876
2022-07-22,9320,9410,9240,9340,4794,-0.007438894792773598
2022-07-25,9340,9400,9150,9350,5618,0.0010706638115631772
2022-07-26,9270,9350,9210,9310,2321,-0.004278074866310155
2022-07-27,9220,9320,9200,9250,4512,-0.0064446831364124435
2022-07-28,9210,9350,9180,9330,3432,0.00864864864864856
2022-07-29,9300,9360,9060,9290,93386,-0.004287245444801746
2022-08-01,9300,9350,9200,9280,2394,-0.0010764262648008671
2022-08-02,9240,9290,9110,9210,4919,-0.007543103448275912
2022-08-03,9210,9260,9110,9170,5841,-0.004343105320304019
2022-08-04,9130,9690,9110,9480,17472,0.03380588876772084
2022-08-05,9380,9500,9290,9490,9602,0.001054852320675037
2022-08-08,9400,9590,9340,9590,4530,0.010537407797681864
2022-08-09,9550,9850,9500,9580,3498,-0.0010427528675703845
2022-08-10,9480,9560,9330,9530,2765,-0.005219206680584509
2022-08-11,9530,9550,9340,9490,2956,-0.0041972717733472775
2022-08-12,9380,9580,9380,9530,5002,0.004214963119072657
2022-08-16,9530,9800,9470,9650,9264,0.012591815320041944
2022-08-17,9560,9790,9500,9670,11802,0.002072538860103723
2022-08-18,9570,9650,9520,9650,4469,-0.0020682523267838704
2022-08-19,9550,9570,9150,9490,16015,-0.016580310880829008
2022-08-22,9400,9570,9210,9460,7961,-0.0031612223393044925
2022-08-23,9330,9450,9150,9200,5113,-0.02748414376321351
2022-08-24,9260,9380,8800,9160,14947,-0.004347826086956497
2022-08-25,9150,9550,9150,9500,15864,0.037117903930131035
2022-08-26,9520,9660,9360,9500,2631,0.0
2022-08-29,9210,9440,9130,9420,5580,-0.008421052631578996
2022-08-30,9380,9680,9260,9360,13161,-0.006369426751592355
2022-08-31,9360,9490,9260,9320,3711,-0.004273504273504258
2022-09-01,9410,9550,9300,9380,6469,0.006437768240343367
2022-09-02,9410,9480,9190,9190,3333,-0.02025586353944564
2022-09-05,9190,9280,8970,9050,12539,-0.015233949945593017
2022-09-06,9050,9140,9050,9100,3898,0.005524861878453136
2022-09-07,9120,9170,8920,9150,3663,0.005494505494505475
2022-09-08,9150,9190,9050,9150,1499,0.0
2022-09-13,9150,9290,9080,9180,2352,0.003278688524590123
2022-09-14,9060,9150,8930,9100,3361,-0.008714596949891074
2022-09-15,9080,9600,9040,9250,7861,0.016483516483516425
2022-09-16,9200,9200,9040,9160,6929,-0.009729729729729741
2022-09-19,9070,9250,8960,9200,3518,0.004366812227074135
2022-09-20,9200,9200,9030,9050,4774,-0.016304347826086918
2022-09-21,9000,9150,8760,9100,8352,0.005524861878453136
2022-09-22,9000,9100,8790,9050,3872,-0.005494505494505475
2022-09-23,8960,9060,8730,8900,4902,-0.016574585635359074
2022-09-26,8650,8860,8410,8640,6947,-0.02921348314606742
2022-09-27,8590,8610,8190,8350,12245,-0.03356481481481477
2022-09-28,8250,8470,7780,8290,6474,-0.007185628742514938
2022-09-29,8270,8430,8120,8200,7627,-0.010856453558504175
2022-09-30,8120,8930,8080,8260,7305,0.007317073170731714
2022-10-04,8260,8400,8160,8280,5075,0.002421307506053294
2022-10-05,8240,8270,8000,8190,6067,-0.010869565217391353
2022-10-06,8170,8980,8160,8400,11505,0.02564102564102555
2022-10-07,8330,8630,8130,8480,5216,0.00952380952380949
2022-10-11,8350,8350,7880,7890,7485,-0.06957547169811318
2022-10-12,7890,8250,7720,7950,6890,0.0076045627376426506
2022-10-13,7790,8250,7540,7890,3432,-0.007547169811320753
2022-10-14,8000,8000,7770,7950,5802,0.0076045627376426506
2022-10-17,7940,7950,7770,7950,79233,0.0
2022-10-18,8050,8050,7900,8050,4073,0.012578616352201255
2022-10-19,8000,8010,7870,7870,3719,-0.022360248447204967
2022-10-20,7920,7920,7680,7910,4373,0.0050825921219821435
2022-10-21,7850,7850,7690,7750,6258,-0.020227560050568916
2022-10-24,7750,7800,7640,7740,2205,-0.001290322580645209
2022-10-25,7740,7750,7580,7680,4857,-0.007751937984496138
2022-10-26,7670,7750,7600,7690,4254,0.0013020833333332593
2022-10-27,7760,7760,7630,7720,4392,0.0039011703511053764
2022-10-28,7690,7780,7640,7700,4125,-0.002590673575129543
2022-10-31,7720,7730,7510,7720,5126,0.0025974025974024872
2022-11-01,7740,7790,7660,7720,1687,0.0
2022-11-02,7720,7760,7620,7640,2265,-0.010362694300518172
2022-11-03,7660,7680,7460,7640,4409,0.0
2022-11-04,7710,7720,7410,7720,3815,0.010471204188481575
2022-11-07,7680,8200,7650,7820,4219,0.012953367875647714
2022-11-08,7770,8100,7770,7880,4114,0.007672634271099765
2022-11-09,8000,8240,7800,8070,3928,0.024111675126903487
2022-11-10,7940,8150,7940,8050,4640,-0.0024783147459727095
2022-11-11,8060,8150,8000,8090,1792,0.00496894409937898
2022-11-14,8110,8150,7740,8100,3966,0.0012360939431397266
2022-11-15,8010,8080,7850,7900,4710,-0.024691358024691357
2022-11-16,7900,8150,7820,7900,4020,0.0
2022-11-17,8000,8150,7710,8070,10161,0.021518987341772045
2022-11-18,8010,8070,7800,8030,3323,-0.00495662949194553
2022-11-21,7950,8010,7770,8000,4076,-0.0037359900373599153
2022-11-22,7920,7930,7770,7880,2507,-0.015000000000000013
2022-11-23,7850,7860,7540,7830,4329,-0.006345177664974666
2022-11-24,7760,8140,7750,8130,3274,0.03831417624521083
2022-11-25,8040,8140,7880,8100,3434,-0.0036900369003689537
2022-11-28,8010,8040,7800,7860,4547,-0.029629629629629672
2022-11-29,7780,8070,7770,8060,1880,0.025445292620865034
2022-11-30,7980,8060,7860,8050,3607,-0.001240694789081842
2022-12-01,7990,8080,7930,8020,5077,-0.003726708074534124
2022-12-02,8020,8060,7800,8020,9836,0.0
2022-12-05,7880,8070,7670,7740,28815,-0.034912718204488824
2022-12-06,7730,9850,7730,8000,603513,0.03359173126614978
2022-12-07,8000,8000,7510,7580,48382,-0.05249999999999999
2022-12-08,7660,7660,7100,7120,50357,-0.06068601583113453
2022-12-09,7170,7380,7100,7330,18013,0.02949438202247201
2022-12-12,7330,7580,7250,7400,13422,0.009549795361528002
2022-12-13,7370,8270,7340,7630,188438,0.031081081081081097
2022-12-14,7640,7800,7500,7760,19847,0.017038007863696025
2022-12-15,7680,7780,7480,7720,15173,-0.005154639175257714
2022-12-16,7650,7800,7350,7690,6556,-0.0038860103626943143
2022-12-19,7620,7690,7400,7600,7421,-0.011703511053316018
2022-12-20,7550,7660,7310,7430,7650,-0.022368421052631593
2022-12-21,7400,7600,7230,7380,4703,-0.006729475100942128
2022-12-22,7390,7440,7200,7430,8701,0.006775067750677488
2022-12-23,7430,7570,7310,7510,12077,0.010767160161507361
2022-12-26,7420,7970,7410,7820,41795,0.04127829560585883
2022-12-27,7770,7920,7650,7710,17270,-0.014066496163682829
2022-12-28,7650,7710,7470,7550,13043,-0.02075226977950717
2022-12-29,7460,7890,7280,7410,15489,-0.018543046357615944
2023-01-02,7360,7420,7200,7200,4375,-0.028340080971659964
2023-01-03,7170,7210,6930,7200,6362,0.0
2023-01-04,7130,7210,7100,7200,5552,0.0
2023-01-05,7190,7360,7170,7200,2538,0.0
2023-01-06,7190,7350,7190,7280,2744,0.011111111111111072
2023-01-09,7300,7480,7280,7320,4985,0.005494505494505475
2023-01-10,7310,7500,7300,7440,4636,0.016393442622950838
2023-01-11,7490,7800,7410,7520,3696,0.010752688172043001
2023-01-12,7540,7600,7430,7550,2694,0.003989361702127603
2023-01-13,7550,7700,7370,7380,3298,-0.02251655629139071
2023-01-16,7490,7580,7370,7570,3806,0.0257452574525745
2023-01-17,7590,7690,7390,7520,3158,-0.006605019815059454
2023-01-18,7480,7520,7440,7510,3023,-0.0013297872340425343
2023-01-19,7460,7600,7380,7520,1996,0.0013315579227697327
2023-01-20,7520,7540,7410,7510,1406,-0.0013297872340425343
2023-01-25,7500,7500,7010,7200,20006,-0.04127829560585883
2023-01-26,7200,7420,7160,7390,9374,0.026388888888888795
2023-01-27,7380,7420,7220,7370,9724,-0.0027063599458727605
2023-01-30,7340,7600,7240,7520,6521,0.020352781546811416
2023-01-31,7490,7620,7410,7520,7835,0.0
2023-02-01,7440,7600,7390,7600,7925,0.010638297872340496
2023-02-02,7540,7750,7540,7620,8476,0.002631578947368318
2023-02-03,7700,7700,7530,7590,2284,-0.003937007874015741
2023-02-06,7550,7550,7450,7460,7906,-0.017127799736495364
2023-02-07,7420,7600,7400,7490,7260,0.004021447721179516
2023-02-08,7490,7600,7420,7540,4767,0.006675567423231055
2023-02-09,7480,7660,7400,7400,7635,-0.018567639257294433
2023-02-10,7500,7600,7370,7560,21118,0.021621621621621623
2023-02-13,7580,7580,7350,7490,12316,-0.0092592592592593
2023-02-14,7430,7500,7390,7490,11497,0.0
2023-02-15,7500,7500,7300,7420,16750,-0.009345794392523366
2023-02-16,7320,7590,7320,7440,2933,0.0026954177897573484
2023-02-17,7370,7440,7200,7350,5700,-0.012096774193548376
2023-02-20,7330,7380,7200,7370,3167,0.0027210884353741083
2023-02-21,7410,7500,7290,7430,3729,0.008141112618724522
2023-02-22,7350,7500,7310,7470,5933,0.0053835800807537915
2023-02-23,7430,7430,7290,7360,6401,-0.014725568942436373
2023-02-24,7400,7500,7300,7460,6672,0.013586956521739024
2023-02-27,7400,7460,7320,7370,2654,-0.012064343163538882
2023-02-28,7310,7350,7150,7340,3175,-0.004070556309362261
2023-03-02,7340,7700,7290,7540,15724,0.027247956403269713
2023-03-03,7540,7650,7300,7540,4501,0.0
2023-03-06,7480,8090,7450,7690,18880,0.019893899204244114
2023-03-07,7690,7700,7340,7590,13753,-0.013003901170351106
2023-03-08,7570,7570,7350,7470,8678,-0.015810276679841917
2023-03-09,7390,7460,7350,7450,5308,-0.0026773761713521083
2023-03-10,7370,7420,7330,7400,4740,-0.006711409395973145
2023-03-13,7300,7380,6950,7270,18747,-0.01756756756756761
2023-03-14,7150,7200,6970,7100,8642,-0.023383768913342484
2023-03-15,7100,7130,6980,7130,9498,0.004225352112676051
2023-03-16,7070,7070,6890,7000,3481,-0.018232819074333828
2023-03-17,6930,6990,6800,6950,10220,-0.0071428571428571175
2023-03-20,6920,7280,6850,7030,2783,0.011510791366906581
2023-03-21,7030,7040,6860,6950,5794,-0.011379800853485111
2023-03-22,6940,7030,6720,6840,5424,-0.015827338129496438
2023-03-23,6640,6940,6510,6610,26434,-0.033625730994152
2023-03-24,6610,6700,6600,6600,8569,-0.001512859304084735
2023-03-27,6660,6950,6600,6760,8597,0.024242424242424176
2023-03-28,6820,7080,6750,6780,7115,0.002958579881656709
2023-03-29,6840,7070,6780,6950,4348,0.025073746312684442
2023-03-30,6950,7000,6810,7000,5295,0.007194244604316502
2023-03-31,6920,7000,6910,6970,5196,-0.004285714285714337
2023-04-03,7000,7020,6660,6960,2201,-0.0014347202295552641
2023-04-04,6950,7270,6790,7260,16313,0.0431034482758621
2023-04-05,7150,7340,7070,7250,10308,-0.0013774104683195176
2023-04-06,7210,7480,7160,7440,22421,0.026206896551724146
2023-04-07,7370,7880,7370,7800,56629,0.048387096774193505
2023-04-10,7990,7990,7620,7930,27573,0.016666666666666607
2023-04-11,7850,7870,7520,7630,20731,-0.03783102143757877
2023-04-12,7760,8100,7760,7910,54061,0.03669724770642202
2023-04-13,7910,8150,7910,8100,10345,0.02402022756005051
2023-04-14,8010,8740,8010,8660,77528,0.06913580246913575
2023-04-17,8740,9340,8740,9100,93222,0.050808314087759765
2023-04-18,9100,9300,9000,9260,12689,0.01758241758241752
2023-04-19,9260,10640,9230,10150,156212,0.09611231101511875
2023-04-20,10100,10430,9890,10110,58300,-0.003940886699507429
2023-04-21,10000,10350,9960,9970,37160,-0.013847675568743778
2023-04-24,10100,10150,9900,9990,29408,0.0020060180541625616
2023-04-25,10040,10180,9900,10150,31812,0.0160160160160161
2023-04-26,10080,12430,10070,11500,293908,0.13300492610837433
2023-04-27,11600,11840,10600,11690,73168,0.016521739130434865
2023-04-28,11820,14340,11340,14000,586949,0.19760479041916157
2023-05-02,14000,14290,13780,14070,121636,0.004999999999999893
2023-05-03,14050,15100,14050,14770,97285,0.04975124378109452
2023-05-04,15400,15530,14800,15530,85776,0.05145565335138791
2023-05-08,16080,16080,13940,14600,113427,-0.059884095299420514
2023-05-09,14100,14850,13190,14600,150623,0.0
2023-05-10,14600,14640,13570,14400,64602,-0.013698630136986356
2023-05-11,14410,15000,14400,14930,83664,0.036805555555555536
2023-05-12,15300,15300,14060,14590,77947,-0.022772940388479546
2023-05-15,14800,14800,13980,14550,36126,-0.002741603838245399
2023-05-16,14470,14630,13400,13890,54444,-0.04536082474226799
2023-05-17,13890,14140,13740,13900,51531,0.0007199424046075986
2023-05-18,14160,14690,13820,14500,35830,0.043165467625899234
2023-05-19,14500,14800,14190,14350,31131,-0.010344827586206917
2023-05-22,15490,15610,13920,14400,72277,0.0034843205574912606
2023-05-23,14150,15000,14110,14450,49254,0.003472222222222321
2023-05-24,14320,15390,14320,14770,79972,0.02214532871972308
2023-05-25,14770,15100,14660,14860,25126,0.0060934326337169775
2023-05-26,14860,15000,14520,14870,51649,0.0006729475100941684
2023-05-30,14800,15110,14430,14700,42509,-0.01143241425689312
2023-05-31,14600,15230,14580,15000,46951,0.020408163265306145
2023-06-01,14930,15250,14810,15030,25983,0.0020000000000000018
2023-06-02,15030,15090,14800,14960,27936,-0.004657351962741196
2023-06-05,15030,16400,14610,14880,48411,-0.005347593582887722
2023-06-07,14880,15020,14110,14430,42189,-0.030241935483870996
2023-06-08,14400,14400,13000,13810,78560,-0.042966042966043005
2023-06-09,13810,15560,13810,15150,117314,0.09703113685734976
2023-06-12,15250,15500,14400,14670,32944,-0.03168316831683171
2023-06-13,14670,14870,14670,14820,17051,0.010224948875255713
2023-06-14,14590,15450,14330,14900,23037,0.005398110661268607
2023-06-15,14900,15100,14640,14890,19780,-0.0006711409395973034
2023-06-16,14890,15140,14730,14940,40258,0.00335795836131636
2023-06-19,15390,15390,14900,15000,53905,0.004016064257028162
2023-06-20,15200,15980,14460,15620,104696,0.041333333333333444
2023-06-21,15620,16200,15620,16140,66137,0.033290653008962945
2023-06-22,16140,16600,15960,16080,39307,-0.0037174721189591198
2023-06-23,16000,16900,16000,16870,62674,0.04912935323383083
2023-06-26,16870,17690,16650,17490,111897,0.036751630112626055
2023-06-27,17490,17490,15790,16250,100349,-0.0708976558033162
2023-06-28,16400,16400,15210,15900,67801,-0.021538461538461506
2023-06-29,15730,16000,15180,16000,60514,0.0062893081761006275
2023-06-30,16000,16280,15500,16000,28376,0.0
2023-07-03,16020,16200,14960,14960,36038,-0.06499999999999995
2023-07-04,14960,15490,14630,15280,35051,0.021390374331550888
2023-07-05,15140,16370,15140,15780,28404,0.0327225130890052
2023-07-06,16000,16000,14650,14900,37452,-0.055766793409378956
2023-07-07,14700,15280,14700,14910,7473,0.0006711409395974144
2023-07-10,15000,16050,15000,15560,45325,0.043594902749832354
2023-07-11,15520,16190,15520,16000,53451,0.028277634961439535
2023-07-12,15940,16250,15740,16000,28913,0.0
2023-07-13,16000,16050,15400,15750,30015,-0.015625
2023-07-14,15740,15820,15190,15600,20194,-0.00952380952380949
2023-07-17,15610,16000,15490,15970,34999,0.023717948717948634
2023-07-18,16240,16240,15580,15790,16210,-0.011271133375078235
2023-07-19,16260,16300,15500,15730,13986,-0.0037998733375553817
2023-07-20,15720,15740,15420,15560,24105,-0.010807374443738027
2023-07-21,15580,15700,15010,15700,54128,0.008997429305912519
2023-07-24,15500,16020,15230,15980,49246,0.017834394904458595
2023-07-25,15830,15830,15010,15630,55284,-0.021902377972465636
2023-07-26,15820,16000,14010,14740,110625,-0.05694177863083816
2023-07-27,14740,14790,14180,14640,23143,-0.006784260515603768
2023-07-28,14560,15400,14280,15300,61985,0.04508196721311486
2023-07-31,15450,15900,15150,15690,46930,0.025490196078431282
2023-08-01,15630,16020,14930,15760,55018,0.004461440407903083
2023-08-02,15630,15630,15160,15370,26682,-0.024746192893400965
2023-08-03,15370,15400,15000,15230,14309,-0.009108653220559537
2023-08-04,15200,15600,14990,15190,29045,-0.0026263952724885353
2023-08-07,15160,15160,14610,15000,26162,-0.012508229098090795
2023-08-08,14840,15500,14840,15080,51359,0.005333333333333412
2023-08-09,15840,15900,15030,15420,62603,0.022546419098143256
2023-08-10,15360,15510,15110,15330,23241,-0.005836575875486361
2023-08-11,15590,15600,14950,15000,24278,-0.021526418786692814
2023-08-14,14940,15000,14310,14790,33017,-0.014000000000000012
2023-08-16,14630,14780,14200,14430,40352,-0.024340770791075106
2023-08-17,14430,14450,13860,14450,48225,0.001386001386001423
2023-08-18,15540,15680,13900,14190,37536,-0.01799307958477514
2023-08-21,15200,15200,13750,14370,39198,0.012684989429175397
2023-08-22,14630,14630,14350,14520,20340,0.010438413361169019
2023-08-23,14490,14650,14220,14650,28196,0.008953168044077087
2023-08-24,14670,15890,14640,15770,118665,0.07645051194539243
2023-08-25,15870,18700,15860,18630,298403,0.18135700697526946
2023-08-28,18370,18700,17200,17830,130296,-0.042941492216854504
2023-08-29,18170,18170,17590,18020,63166,0.010656197420078506
2023-08-30,18190,19480,17990,18500,116515,0.02663706992230863
2023-08-31,18500,18800,17450,18200,164875,-0.01621621621621616
2023-09-01,22100,23650,16900,18240,2223059,0.00219780219780219
2023-09-04,18240,19990,17430,18500,526621,0.014254385964912242
2023-09-05,18500,19100,17800,19060,346160,0.030270270270270183
2023-09-06,19150,19840,18850,19680,514689,0.03252885624344182
2023-09-07,19720,21000,17810,18730,644946,-0.048272357723577186
2023-09-08,19190,19250,18520,19050,237347,0.017084890549919907
2023-09-11,19100,19100,18190,18650,148276,-0.02099737532808399
2023-09-12,18600,18780,16970,17650,215160,-0.0536193029490617
2023-09-13,17770,18580,17650,18490,144194,0.04759206798866855
2023-09-14,18490,18720,17560,17880,105634,-0.03299080584099512
2023-09-15,17870,17870,17000,17300,92775,-0.032438478747203625
2023-09-18,17300,17500,16810,17120,37105,-0.010404624277456698
2023-09-19,17500,18080,16970,18080,67385,0.05607476635514019
2023-09-20,18070,18270,17370,18270,57675,0.01050884955752207
2023-09-21,18260,18320,17820,18160,58171,-0.006020799124247356
2023-09-22,17990,17990,16880,16990,82338,-0.06442731277533043
2023-09-25,13500,13990,12710,12920,233628,-0.2395526780459094
2023-09-26,13070,13220,12520,12560,78952,-0.02786377708978327
2023-09-27,12700,13650,12560,13580,102936,0.08121019108280247
2023-10-04,13580,14930,13150,13560,116569,-0.0014727540500736325
2023-10-05,13560,15950,13560,14960,115060,0.1032448377581121
2023-10-06,14250,14960,14100,14370,32587,-0.03943850267379678
2023-10-10,15000,15020,14050,14240,68703,-0.009046624913013224
2023-10-11,14230,15060,13600,15000,58817,0.05337078651685401
2023-10-12,16290,16290,14060,14300,172156,-0.046666666666666634
2023-10-13,14390,14750,14030,14220,48383,-0.005594405594405605
2023-10-16,14850,14940,13610,14200,95046,-0.0014064697609000865
2023-10-17,14090,14700,14090,14520,24112,0.022535211267605604
2023-10-18,14520,14630,14200,14400,32876,-0.008264462809917328
2023-10-19,14690,15200,13850,15040,56222,0.04444444444444451
2023-10-20,15000,15650,14530,15510,56176,0.03125
2023-10-23,14720,15600,14580,14830,40773,-0.043842682140554534
2023-10-24,14880,15550,14510,15340,47160,0.034389750505731564
2023-10-25,15290,15450,14830,14870,23610,-0.030638852672751016
2023-10-26,14860,14860,13800,14370,30991,-0.0336247478143914
2023-10-27,14010,14230,13650,13900,39203,-0.032707028531663185
2023-10-30,13620,14480,13620,13890,22732,-0.0007194244604316058
2023-10-31,13810,13810,12510,12520,43577,-0.09863210943124545
2023-11-01,12400,13630,12380,13170,38332,0.051916932907348334
2023-11-02,12770,13720,12770,13680,29426,0.03872437357630987
2023-11-03,13680,13770,13440,13650,17926,-0.002192982456140302
2023-11-06,13880,14800,13630,14740,42128,0.07985347985347979
2023-11-07,14850,15140,14150,15130,25966,0.026458616010854863
2023-11-08,15190,15260,14700,15170,25997,0.0026437541308659274
2023-11-09,15050,15500,14500,15120,48298,-0.003295978905734964
2023-11-10,15200,16010,15120,15520,74128,0.02645502645502651
2023-11-13,15480,16090,15210,15470,42730,-0.003221649484536071
2023-11-14,15450,15900,14240,14890,41705,-0.037491919844861
2023-11-15,15500,15500,14450,14740,12929,-0.010073875083948969
2023-11-16,14740,14740,14030,14340,15242,-0.027137042062415184
2023-11-17,14120,14750,13600,14560,48520,0.015341701534170138
2023-11-20,14260,15000,14210,14790,25862,0.01579670329670324
2023-11-21,14790,15120,14670,15080,50272,0.019607843137254832
2023-11-22,15080,15530,14900,15130,57334,0.003315649867374093
2023-11-23,15190,15610,14790,15450,71813,0.02115003304692653
2023-11-24,15450,16160,14350,14700,134714,-0.04854368932038833
2023-11-27,14700,14970,14060,14490,36184,-0.014285714285714235
2023-11-28,14490,14800,14130,14540,28690,0.003450655624568588
2023-11-29,14540,14780,14100,14400,21548,-0.009628610729023435
2023-11-30,14410,14550,14070,14290,12817,-0.007638888888888862
2023-12-01,14270,14590,14150,14540,16473,0.017494751574527623
2023-12-04,14680,14700,14080,14360,13308,-0.012379642365887178
2023-12-05,14490,15020,14210,14760,47099,0.027855153203342642
2023-12-06,14820,14970,14200,14900,26147,0.009485094850948617
2023-12-07,15190,15190,14400,14590,16382,-0.020805369127516737
2023-12-08,14990,14990,14480,14850,15399,0.017820424948594926
2023-12-11,14340,14510,13980,14200,34044,-0.043771043771043794
2023-12-12,14430,14430,14050,14240,16275,0.0028169014084507005
2023-12-13,14380,14560,14090,14540,24210,0.02106741573033699
2023-12-14,14540,14710,14390,14600,12202,0.004126547455295837
2023-12-15,14500,14640,14400,14620,20620,0.00136986301369868
2023-12-18,14400,14770,14280,14760,24052,0.009575923392612928
2023-12-19,14900,15000,14450,14550,41386,-0.014227642276422814
2023-12-20,14980,14990,14310,14860,87548,0.02130584192439855
2023-12-21,15100,15100,14490,14840,33795,-0.0013458950201884479
2023-12-22,14750,14930,14510,14880,18897,0.0026954177897573484
2023-12-26,14640,14660,14120,14250,46700,-0.04233870967741937
2023-12-27,14350,14500,13870,14100,63694,-0.010526315789473717
2023-12-28,14420,14760,14150,14700,64268,0.042553191489361764
2024-01-02,14640,15200,14010,14380,117647,-0.0217687074829932
2024-01-03,14380,14950,14350,14670,65169,0.02016689847009734
2024-01-04,14670,15100,14270,15000,87958,0.02249488752556239
2024-01-05,15300,15780,14450,15140,58239,0.009333333333333416
2024-01-08,15140,15380,14850,15310,59368,0.011228533685601061
2024-01-09,15310,16160,15310,16150,132900,0.05486610058785102
2024-01-10,16500,16500,15840,16400,59865,0.015479876160990669
2024-01-11,16400,17090,16020,16900,81597,0.030487804878048808
2024-01-12,16900,17200,16210,16950,101103,0.002958579881656709
2024-01-15,16970,17110,16650,16940,68121,-0.0005899705014749124
2024-01-16,17010,17170,16450,16950,39671,0.0005903187721369996
2024-01-17,17120,17400,16600,16790,30818,-0.00943952802359882
2024-01-18,17000,17000,16220,16730,40310,-0.003573555687909513
2024-01-19,16730,16990,15810,16570,60592,-0.009563658099222994
2024-01-22,16800,16910,16450,16710,46365,0.00844900422450201
2024-01-23,16570,16950,16050,16780,60879,0.00418910831837227
2024-01-24,16800,17110,16490,16890,72949,0.006555423122765136
2024-01-25,16840,17180,16630,16900,62211,0.000592066311426942
2024-01-26,16860,18000,16780,18000,113974,0.06508875739644981
2024-01-29,17850,17970,17200,17700,81432,-0.01666666666666672
2024-01-30,17900,18500,17440,18370,70119,0.037853107344632875
2024-01-31,18340,19000,17250,17760,134393,-0.03320631464344037
2024-02-01,17990,18150,17370,17580,67106,-0.010135135135135087
2024-02-02,17700,18290,17430,17600,101629,0.0011376564277587597
2024-02-05,17400,17900,16530,16920,73382,-0.03863636363636369
2024-02-06,16500,16900,15960,16250,46771,-0.03959810874704495
2024-02-07,16270,16460,15790,15870,23726,-0.023384615384615337
2024-02-08,15880,16470,15700,16200,60679,0.020793950850661602
2024-02-13,17010,17010,16200,16230,48213,0.0018518518518517713
2024-02-14,17670,17670,16040,16720,41265,0.030191004313000702
2024-02-15,16990,16990,16390,16750,24647,0.0017942583732057926
2024-02-16,16780,17080,16110,16920,27110,0.010149253731343233
2024-02-19,16880,17100,16400,16690,34545,-0.013593380614657202
2024-02-20,16690,17040,16440,16850,63403,0.009586578789694489
2024-02-21,16570,17380,16510,16510,62599,-0.020178041543026715
2024-02-22,16890,17160,16520,16800,50101,0.017565112053301135
2024-02-23,16720,17400,16450,17050,40168,0.014880952380952328
2024-02-26,17200,17360,16740,17060,65680,0.0005865102639295294
2024-02-27,17070,17270,16470,17080,40033,0.0011723329425556983
2024-02-28,17110,17350,16720,17080,60054,0.0
2024-02-29,17300,17300,16490,16870,94690,-0.012295081967213073
2024-03-04,17200,17200,15090,15160,84439,-0.10136336692353287
2024-03-05,15020,16590,14730,16540,84446,0.09102902374670174
2024-03-06,16380,17000,16020,16540,67534,0.0
2024-03-07,16330,16960,15930,16110,37300,-0.025997581620314403
2024-03-08,16110,16470,15360,15360,31582,-0.046554934823091254
2024-03-11,15250,15630,14930,15600,41464,0.015625
2024-03-12,16000,16000,14720,15300,54784,-0.019230769230769273
2024-03-13,15470,15470,14930,15060,33809,-0.015686274509803977
2024-03-14,14910,15020,14110,14280,58362,-0.05179282868525892
2024-03-15,14280,14890,14210,14500,37777,0.01540616246498594
2024-03-18,14760,15170,14410,14940,70138,0.030344827586206824
2024-03-19,14940,15010,14360,14700,63149,-0.016064257028112428
2024-03-20,14400,15210,14160,15210,48506,0.03469387755102038
2024-03-21,15210,16330,15050,16170,57650,0.0631163708086786
2024-03-22,16500,16700,15930,16250,49078,0.0049474335188621765
2024-03-25,16250,16770,16080,16710,64781,0.028307692307692367
2024-03-26,16810,17010,16150,16900,52312,0.011370436864153177
2024-03-27,16910,17050,16340,17000,54755,0.00591715976331364
2024-03-28,16610,17080,16590,16930,17040,-0.004117647058823559
2024-03-29,16930,17450,16660,16770,28499,-0.00945067926757237
2024-04-01,16770,16800,16040,16480,26983,-0.01729278473464524
2024-04-02,16290,16890,16290,16630,30659,0.00910194174757284
2024-04-03,16960,16960,16260,16300,19655,-0.0198436560432953
2024-04-04,16850,16850,15800,16210,15773,-0.005521472392638005
2024-04-05,16210,16950,15890,16000,28726,-0.012954966070326979
2024-04-08,15820,16230,15820,16010,20076,0.0006250000000000977
2024-04-09,16010,16490,15820,16010,30763,0.0
2024-04-11,16010,16130,14910,15690,50191,-0.019987507807620264
2024-04-12,15690,16500,14910,15130,67444,-0.035691523263225
2024-04-15,15130,15290,14250,14250,39890,-0.05816259087904829
2024-04-16,14200,15000,13240,14250,58449,0.0
2024-04-17,14570,14570,13980,14350,14174,0.007017543859649145
2024-04-18,14350,14750,14100,14390,21472,0.0027874564459930973
2024-04-19,14390,14990,13990,14000,43932,-0.02710215427380125
2024-04-22,14240,14700,13800,14340,27786,0.024285714285714244
2024-04-23,14340,14470,13920,14350,25593,0.0006973500697349255
2024-04-24,14350,15000,13940,14230,19735,-0.00836236933797907
2024-04-25,14730,14900,14000,14860,25700,0.04427266338721014
2024-04-26,14860,15470,14860,15310,27289,0.030282637954239577
2024-04-29,15310,15500,14940,15330,21956,0.001306335728282093
2024-04-30,15250,15360,14950,15120,32977,-0.013698630136986356
2024-05-02,15190,15540,14850,15300,27703,0.011904761904761862
2024-05-03,15200,15370,15080,15300,12716,0.0
2024-05-07,15550,15910,15400,15560,22181,0.01699346405228752
2024-05-08,15750,15750,15250,15660,18855,0.006426735218509005
2024-05-09,15660,16170,15650,16090,39455,0.02745849297573444
2024-05-10,16050,16350,15800,16010,33613,-0.0049720323182100845
2024-05-13,15970,16130,15700,15850,15043,-0.009993753903810076
2024-05-14,15700,16150,14810,15080,65330,-0.04858044164037856
2024-05-16,15070,15500,14960,15180,24999,0.006631299734747964
2024-05-17,15160,15250,14680,14790,31579,-0.025691699604743046
2024-05-20,14500,14660,14300,14490,27363,-0.020283975659229236
2024-05-21,14490,14750,14180,14540,14374,0.003450655624568588
2024-05-22,14600,14870,14210,14600,18848,0.004126547455295837
2024-05-23,14680,14850,14530,14660,5763,0.004109589041095818
2024-05-24,14660,14670,13500,14160,71034,-0.034106412005457054
2024-05-27,14160,14190,13940,14180,14243,0.0014124293785311437
2024-05-28,14170,14500,14010,14500,15662,0.02256699576868826
2024-05-29,14590,14890,14240,14890,20759,0.026896551724137963
2024-05-30,14670,15270,14600,14600,18484,-0.019476158495634666
2024-05-31,14600,14790,14130,14160,11649,-0.03013698630136985
2024-06-03,14160,14490,13860,14170,11687,0.0007062146892655718
2024-06-04,14160,14160,13900,14080,9539,-0.00635144671841914
2024-06-05,14150,14300,13510,14260,12755,0.012784090909090828
2024-06-07,14260,14500,14010,14250,18498,-0.0007012622720897754
2024-06-10,14110,14500,13990,14040,15481,-0.01473684210526316
2024-06-11,14000,14160,13620,14020,34781,-0.0014245014245014564
2024-06-12,14000,14250,14000,14240,24505,0.015691868758915817
2024-06-13,14230,14310,14110,14230,8866,-0.000702247191011196
2024-06-14,14230,14230,13920,14050,13907,-0.012649332396345803
2024-06-17,13900,14150,13840,14130,9460,0.005693950177935836
2024-06-18,13890,14070,13850,14030,7892,-0.00707714083510258
2024-06-19,14070,14720,13910,14120,24816,0.006414825374198241
2024-06-20,15050,15950,13920,14000,107357,-0.008498583569405138
2024-06-21,14000,14390,13710,14030,37515,0.002142857142857224
2024-06-24,14030,14750,13860,14250,33439,0.015680684248039922
2024-06-25,14430,14480,13920,14310,29091,0.004210526315789442
2024-06-26,14500,14740,14000,14040,39058,-0.018867924528301883
2024-06-27,14020,14110,13720,13730,20634,-0.022079772079772075
2024-06-28,13800,14400,13760,14030,39666,0.021849963583393972
2024-07-01,14030,14450,14030,14100,15773,0.0049893086243764095
2024-07-02,14020,15090,13910,14640,72893,0.038297872340425476
2024-07-03,14500,15580,14450,15200,75070,0.03825136612021862
2024-07-04,15200,15200,14710,15190,37845,-0.0006578947368420796
2024-07-05,15200,15850,14950,14970,38527,-0.014483212639894716
2024-07-08,14990,15170,13760,13940,89672,-0.06880427521710086
2024-07-09,14070,14110,13820,13940,34347,0.0
2024-07-10,13940,13940,13020,13190,44494,-0.053802008608321406
2024-07-11,13200,13800,13170,13530,15303,0.02577710386656551
2024-07-12,13760,13760,12210,12720,73662,-0.05986696230598665
2024-07-15,12890,13050,12730,13050,14274,0.02594339622641506
2024-07-16,12970,13790,12920,13670,22966,0.04750957854406135
2024-07-17,13660,13660,12960,13070,21395,-0.043891733723482096
2024-07-18,13060,13240,12700,12770,24915,-0.022953328232593773
2024-07-19,12780,13200,12400,12990,50391,0.017227877838684513
2024-07-22,13180,13340,12540,13050,24694,0.004618937644341736
2024-07-23,13040,15750,12800,14050,345850,0.07662835249042144
2024-07-24,13860,14760,13650,13880,138075,-0.012099644128113929
2024-07-25,13600,13860,13010,13130,69077,-0.054034582132564846
2024-07-26,13120,13180,12610,12620,54990,-0.0388423457730388
2024-07-29,12620,13290,12380,12420,39276,-0.015847860538827252
2024-07-30,12420,12900,12200,12880,27054,0.03703703703703698
2024-07-31,12870,12930,12210,12490,38543,-0.030279503105590022
2024-08-01,12620,12750,12370,12510,32594,0.0016012810248198228
2024-08-02,12470,12470,11500,11770,84695,-0.05915267785771383
2024-08-05,11750,11750,9000,10080,52182,-0.1435853865760408
2024-08-06,10080,11000,10080,10590,42423,0.05059523809523814
2024-08-07,10770,11450,10670,11400,37176,0.0764872521246458
2024-08-08,11790,11790,11000,11330,47968,-0.0061403508771930015
2024-08-09,11440,12390,11410,12050,29749,0.06354810238305375
2024-08-12,12200,12250,11750,12060,20983,0.0008298755186721962
2024-08-13,12190,12190,11520,11600,27079,-0.03814262023217252
2024-08-14,11600,11660,11500,11630,5921,0.002586206896551646
2024-08-16,11660,11740,11500,11640,10859,0.0008598452278589797
2024-08-19,11600,11730,11290,11420,15432,-0.018900343642611728
2024-08-20,11530,11530,11310,11340,6418,-0.007005253940455369
2024-08-21,11480,11490,11060,11250,9323,-0.007936507936507908
2024-08-22,11250,11390,10840,11000,20902,-0.022222222222222254
2024-08-23,11000,11240,10800,11000,12393,0.0
2024-08-26,11000,11500,11000,11500,6027,0.045454545454545414
2024-08-27,11500,11700,11350,11590,7816,0.00782608695652165
2024-08-28,11620,11620,11430,11560,5799,-0.0025884383088869978
2024-08-29,12000,13190,11560,12200,147837,0.05536332179930792
2024-08-30,12180,12690,12000,12300,32431,0.008196721311475308
2024-09-02,12300,12300,11590,11640,17243,-0.0536585365853659
2024-09-03,11640,11750,11350,11590,24972,-0.004295532646048095
2024-09-04,11370,11890,10550,11470,35846,-0.01035375323554788
2024-09-05,11470,12390,11350,12100,39344,0.05492589363557099
2024-09-06,12400,12590,12140,12500,44608,0.03305785123966931
2024-09-09,12500,13100,12000,12820,62863,0.025600000000000067
2024-09-10,13200,13430,12580,13210,54400,0.030421216848673938
2024-09-11,13210,13360,12510,12970,36501,-0.018168054504163478
2024-09-12,13350,13350,12610,12950,25007,-0.0015420200462605838
2024-09-13,12860,13290,12640,13230,42570,0.021621621621621623
2024-09-19,13190,13610,13120,13310,40116,0.006046863189720364
2024-09-20,13310,13490,13090,13290,23303,-0.0015026296018031404
2024-09-23,13290,17270,13120,14800,1152496,0.11361926260346134
2024-09-24,14480,14480,12520,12630,449001,-0.14662162162162162
2024-09-25,12630,13160,12310,12800,99528,0.013460015835312644
2024-09-26,12800,12970,12420,12780,55820,-0.0015625000000000222
2024-09-27,12710,12980,11920,11930,65827,-0.06651017214397492
2024-09-30,11930,11980,11460,11880,68235,-0.00419111483654655
2024-10-02,11610,11840,11420,11790,34401,-0.007575757575757569
2024-10-04,11750,11940,11280,11670,18810,-0.010178117048346036
2024-10-07,11620,11730,11360,11580,27561,-0.007712082262210762
2024-10-08,11750,12800,11660,12290,94314,0.06131260794473237
2024-10-10,12350,13680,12260,13370,158006,0.08787632221318153
2024-10-11,13270,13600,12470,12830,77804,-0.04038893044128644
2024-10-14,12830,12910,12360,12700,50864,-0.010132501948558081
2024-10-15,12750,14970,12590,14590,789203,0.14881889763779532
2024-10-16,14400,14560,13010,14400,260736,-0.013022618231665506
2024-10-17,13900,15000,13400,13720,194324,-0.047222222222222276
2024-10-18,13730,15400,13600,14250,421093,0.03862973760932942
2024-10-21,13920,16300,13780,14500,419096,0.01754385964912286
2024-10-22,14820,14900,13440,13440,139418,-0.07310344827586202
2024-10-23,13440,13630,12810,13000,67145,-0.03273809523809523
2024-10-24,12980,13080,12490,12600,51077,-0.03076923076923077
2024-10-25,12580,12790,12340,12580,30469,-0.0015873015873015817
2024-10-28,12580,13290,12490,12680,52787,0.007949125596184325
2024-10-29,12790,13100,12150,13000,58864,0.025236593059936974
2024-10-30,12880,13720,12600,12600,60259,-0.03076923076923077
2024-10-31,12600,12790,12330,12660,20731,0.004761904761904745
2024-11-01,12900,13460,12510,13370,80854,0.056082148499210005
2024-11-04,13700,14030,13100,13920,137079,0.04113687359760654
2024-11-05,13880,14090,13450,13680,36526,-0.017241379310344862
2024-11-06,13680,13880,13150,13170,35090,-0.037280701754385914
2024-11-07,13200,13810,13200,13720,34482,0.041761579347000755
2024-11-08,13970,14310,13770,14250,60961,0.03862973760932942
2024-11-11,14120,14630,13940,14410,31740,0.011228070175438587
2024-11-12,14410,14640,14010,14410,36327,0.0
2024-11-13,14020,14650,13110,13460,34070,-0.06592643997224146
2024-11-14,13890,13890,12840,13050,55146,-0.03046062407132244
2024-11-15,13050,13200,12520,13110,30068,0.0045977011494253706
2024-11-18,13070,13180,12500,12980,17585,-0.009916094584286772
2024-11-19,12790,13090,12630,13010,16614,0.0023112480739599928
2024-11-20,13010,13720,12850,13710,31096,0.05380476556495006
2024-11-21,13710,13790,13300,13670,35765,-0.0029175784099197966
2024-11-22,13950,14300,13500,13740,57618,0.00512070226773953
2024-11-25,13740,13840,13060,13220,39664,-0.03784570596797676
2024-11-26,13220,13490,12750,13370,37552,0.011346444780635512
2024-11-27,13840,14790,13560,14420,179822,0.07853403141361248
2024-11-28,14410,14530,13700,14090,65508,-0.02288488210818307
2024-11-29,14300,14360,13200,13790,66571,-0.02129169623846705
2024-12-02,13770,13920,13270,13800,31733,0.0007251631617113397
2024-12-03,13800,13970,13370,13410,32309,-0.02826086956521734
2024-12-04,12960,13400,12780,13270,39953,-0.010439970171513768
2024-12-05,13270,13290,12710,12880,49182,-0.029389600602863553
2024-12-06,12880,12880,12060,12200,46505,-0.052795031055900665
2024-12-09,12010,12050,10310,11000,63714,-0.09836065573770492
2024-12-10,10910,11540,10900,11210,63930,0.019090909090909047
2024-12-11,11420,11640,11170,11620,29897,0.03657448706512034
2024-12-12,11490,12900,11490,12280,124438,0.05679862306368322
2024-12-13,12280,12310,11800,12290,48882,0.0008143322475568926
2024-12-16,12330,13810,12330,13350,136217,0.08624898291293737
2024-12-17,13360,13460,12690,13150,41353,-0.014981273408239737
2024-12-18,13000,13390,12400,12700,36039,-0.034220532319391594
2024-12-19,12700,13590,11940,13450,93783,0.059055118110236116
2024-12-20,13450,14500,12570,12800,243085,-0.048327137546468446
2024-12-23,13400,13550,12460,12880,73868,0.006250000000000089
2024-12-24,12880,13220,12660,13070,65331,0.014751552795031042
2024-12-26,13140,13140,12440,12700,68805,-0.028309104820198883
2024-12-27,12520,12680,12140,12280,47465,-0.03307086614173227
2024-12-30,12000,12410,11700,11740,90328,-0.043973941368078195
2025-01-02,11760,11840,10250,11080,146539,-0.05621805792163548
2025-01-03,11250,11870,11090,11690,71014,0.05505415162454863
2025-01-06,11880,11900,11380,11800,46122,0.009409751924722043
2025-01-07,11800,11990,11400,11770,40759,-0.0025423728813559476
2025-01-08,11510,11750,11020,11650,68878,-0.010195412064570974
2025-01-09,11650,12650,11320,12410,207033,0.06523605150214595
2025-01-10,12410,12420,11750,11820,60007,-0.04754230459307007
2025-01-13,11990,13500,11820,13050,153010,0.10406091370558368
2025-01-14,13000,13000,11360,11690,283922,-0.10421455938697322
2025-01-15,11690,11900,11050,11710,97732,0.0017108639863130382
2025-01-16,11720,11990,11560,11620,34187,-0.0076857386848847575
2025-01-17,11630,11730,11070,11530,86568,-0.0077452667814114085
2025-01-20,11350,11680,11350,11470,44569,-0.005203816131829964
2025-01-21,11400,11460,10920,10960,81280,-0.04446381865736704
2025-01-22,10960,11080,10740,10820,46899,-0.012773722627737238
2025-01-23,10990,11090,10790,10920,31212,0.009242144177449063
2025-01-24,11000,11120,10820,11040,17832,0.01098901098901095
2025-01-31,11000,11100,10160,10350,51876,-0.0625
2025-02-03,10000,10700,10000,10350,14570,0.0
2025-02-04,10370,10460,10270,10270,15825,-0.007729468599033784
2025-02-05,9620,9890,7190,7190,552619,-0.29990262901655307
2025-02-06,6990,7410,6300,6940,435752,-0.03477051460361613
2025-02-07,6900,6980,6680,6810,99898,-0.018731988472622474
2025-02-10,6620,7320,6580,7140,142716,0.048458149779735615
2025-02-11,7400,9250,7200,8750,413776,0.22549019607843146
2025-02-12,8490,9050,8260,8720,105583,-0.0034285714285714475
2025-02-13,8720,9390,8610,9200,109040,0.05504587155963292
2025-02-14,9200,9230,8850,9100,46220,-0.010869565217391353
2025-02-17,9070,9070,8180,8730,107805,-0.040659340659340626
2025-02-18,8900,8900,8220,8490,76189,-0.027491408934707917
2025-02-19,8490,8580,8390,8460,21125,-0.0035335689045936647
2025-02-20,8490,9330,8340,9150,80562,0.08156028368794321
2025-02-21,9100,9100,8810,8820,46021,-0.0360655737704918
2025-02-24,9060,9100,8300,8340,48824,-0.05442176870748294
2025-02-25,8550,8890,8300,8780,42204,0.052757793764987904
2025-02-26,8780,9340,8340,8410,84271,-0.04214123006833714
2025-02-27,8420,8670,7290,7300,123306,-0.13198573127229485
2025-02-28,7300,8010,7200,7300,117676,0.0
2025-03-04,7500,7500,6520,6760,106104,-0.07397260273972606
2025-03-05,7000,7000,5800,5840,226133,-0.13609467455621305
2025-03-06,5850,7450,5580,6720,365909,0.15068493150684925
2025-03-07,6750,8730,6750,8730,1671425,0.2991071428571428
2025-03-10,10520,11340,9960,11340,1520824,0.2989690721649485
2025-03-11,13680,14240,11460,11550,2479321,0.0185185185185186
2025-03-12,11460,11850,10860,11230,482293,-0.027705627705627678
2025-03-13,11250,11610,10260,10530,444349,-0.06233303650934996
2025-03-14,10700,11010,10110,10200,281607,-0.031339031339031376
2025-03-17,10210,12600,10210,11600,1360906,0.13725490196078427
2025-03-18,11380,11570,10910,10990,269659,-0.05258620689655169
2025-03-19,10990,11920,10250,11110,552617,0.010919017288444133
2025-03-20,10820,11250,9990,10000,290786,-0.09990999099909992
2025-03-21,8800,9880,8790,9490,314562,-0.051000000000000045
2025-03-24,9260,10130,9070,9560,215067,0.007376185458377149
2025-03-25,9550,9550,8970,9050,145438,-0.05334728033472802
2025-03-26,9000,9170,8750,9050,81624,0.0
2025-03-27,9040,9190,8750,8980,74773,-0.007734806629834279
2025-03-28,9150,9240,8830,9100,48960,0.013363028953229383
2025-03-31,8900,9030,8100,8210,115711,-0.09780219780219779
2025-04-01,8220,9300,8160,9140,130411,0.11327649208282575
2025-04-02,9130,9300,8350,8420,100132,-0.07877461706783373
2025-04-03,8420,8520,8120,8410,71651,-0.001187648456057011
2025-04-04,8470,8730,8240,8730,53392,0.038049940546967864
2025-04-07,8730,8750,8280,8310,36782,-0.04810996563573888
2025-04-08,8320,8780,8290,8420,36945,0.013237063778579916
2025-04-09,8420,8600,7940,8020,52966,-0.04750593824228033
2025-04-10,8300,8640,8110,8510,35494,0.061097256857855387
2025-04-11,8450,8760,8370,8590,48503,0.009400705052879044
2025-04-14,8590,9690,8590,9560,115489,0.11292200232828864
2025-04-15,9780,9780,9220,9480,77748,-0.008368200836820106
2025-04-16,9460,9620,9310,9510,30378,0.0031645569620253333
2025-04-17,9850,9980,9490,9610,37954,0.01051524710830698
2025-04-18,9990,9990,9250,9690,46892,0.008324661810613865
2025-04-21,9690,9800,9310,9460,24856,-0.023735810113519107
2025-04-22,9350,9630,8800,9590,46847,0.01374207188160681
2025-04-23,9770,10370,9420,10110,91845,0.054223149113659996
2025-04-24,10120,10420,9960,10000,48010,-0.010880316518298683
2025-04-25,10300,10850,10130,10150,72024,0.014999999999999902
2025-04-28,10150,10840,10150,10410,59584,0.025615763546797954
2025-04-29,10410,10690,10050,10150,30749,-0.02497598463016326
2025-04-30,10160,10400,10080,10140,23798,-0.0009852216748768017
2025-05-02,10140,10350,10110,10310,16737,0.0167652859960552
2025-05-07,10110,10500,10010,10230,18041,-0.007759456838021372
2025-05-08,10230,10350,9850,10000,37796,-0.022482893450635366
2025-05-09,10180,10180,9870,9900,12806,-0.010000000000000009
2025-05-12,10000,10000,9280,9490,51983,-0.04141414141414146
2025-05-13,9490,9990,9490,9900,26155,0.043203371970495175
2025-05-14,9710,9970,9680,9860,15107,-0.004040404040404066
2025-05-15,9520,9915,9520,9730,23555,-0.013184584178498993
2025-05-16,9710,9710,9280,9320,29081,-0.04213771839671121
2025-05-19,9320,9990,9250,9320,61430,0.0
2025-05-20,9320,9670,9150,9290,22938,-0.0032188841201716833
2025-05-21,9470,9510,8960,9060,23575,-0.024757804090419833
2025-05-22,9070,9230,8870,8980,23499,-0.008830022075055233
2025-05-23,9180,9180,8750,9060,16763,0.008908685968819663
2025-05-26,9060,9250,8980,9170,11700,0.012141280353200834
2025-05-27,9250,9250,8860,8970,16648,-0.021810250817884458
2025-05-28,9090,9090,8770,8980,22219,0.0011148272017837968
2025-05-29,9070,9500,9070,9320,32136,0.03786191536748329
2025-05-30,9350,9450,9060,9400,21275,0.008583690987124415
2025-06-02,9400,9400,8910,9190,24903,-0.022340425531914843
2025-06-04,9190,9240,8890,8980,23192,-0.02285092491838958
2025-06-05,8980,9290,8820,8940,35313,-0.0044543429844098315
2025-06-09,9040,9360,8810,9270,42663,0.03691275167785224
2025-06-10,9400,9430,8890,9400,18317,0.014023732470334505
2025-06-11,9400,9600,9270,9410,35946,0.0010638297872340718
2025-06-12,9490,9490,9070,9160,74861,-0.026567481402762994
2025-06-13,9240,9250,8760,9040,25169,-0.013100436681222738
