Date,Open,High,Low,Close,Volume,Change
2022-01-03,21400,22400,21400,22250,176419,0.04705882352941182
2022-01-04,22100,22350,21500,21900,96075,-0.01573033707865168
2022-01-05,21750,21850,20900,21100,95488,-0.0365296803652968
2022-01-06,20400,21350,20050,20150,144243,-0.04502369668246442
2022-01-07,20150,20650,20150,20500,56326,0.017369727047146455
2022-01-10,20500,20500,19150,19700,144536,-0.039024390243902474
2022-01-11,19700,19750,18750,18950,121682,-0.03807106598984766
2022-01-12,19400,19450,19050,19150,87012,0.01055408970976246
2022-01-13,19200,19550,18950,19050,88669,-0.005221932114882533
2022-01-14,18600,19150,18500,18650,71049,-0.02099737532808399
2022-01-17,18550,18650,17900,18050,81727,-0.03217158176943702
2022-01-18,18000,18600,17750,17750,60840,-0.0166204986149584
2022-01-19,17750,18250,17350,17500,87794,-0.014084507042253502
2022-01-20,17400,18300,17400,18200,72729,0.040000000000000036
2022-01-21,18200,18950,18000,18350,82053,0.008241758241758212
2022-01-24,18300,18300,17050,17100,102827,-0.0681198910081744
2022-01-25,17100,18000,16400,16550,139611,-0.032163742690058506
2022-01-26,16300,17200,16200,16550,88232,0.0
2022-01-27,16550,16800,15800,15800,110132,-0.0453172205438066
2022-01-28,15850,17500,15850,17250,216531,0.09177215189873422
2022-02-03,17750,18200,17300,17300,104650,0.0028985507246377384
2022-02-04,17300,18250,17300,18150,93780,0.049132947976878505
2022-02-07,18150,18800,17850,18150,99664,0.0
2022-02-08,18100,18550,17700,18000,82685,-0.008264462809917328
2022-02-09,18150,18450,18050,18200,47671,0.011111111111111072
2022-02-10,18250,18650,17950,18050,70318,-0.008241758241758212
2022-02-11,17550,17900,17000,17100,75108,-0.052631578947368474
2022-02-14,16600,17000,16000,16100,89204,-0.05847953216374269
2022-02-15,15900,16800,15800,16150,74765,0.0031055900621117516
2022-02-16,16600,17350,16450,17350,72451,0.07430340557275539
2022-02-17,17400,17700,16550,17000,74519,-0.02017291066282423
2022-02-18,16900,17800,16800,17650,73906,0.038235294117647145
2022-02-21,17200,18550,17000,17950,222658,0.016997167138810276
2022-02-22,17400,17750,17050,17050,97495,-0.05013927576601673
2022-02-23,17200,17550,17150,17350,54169,0.017595307917888547
2022-02-24,17000,17250,16150,16700,105135,-0.03746397694524495
2022-02-25,17200,17200,16500,16750,54435,0.0029940119760478723
2022-02-28,16750,17100,16450,16600,43264,-0.008955223880596996
2022-03-02,16500,17200,16400,17050,55067,0.027108433734939652
2022-03-03,17300,17800,17000,17750,109815,0.04105571847507328
2022-03-04,17650,17800,17300,17600,59552,-0.008450704225352101
2022-03-07,17400,17750,17050,17100,75880,-0.02840909090909094
2022-03-08,16800,17000,16450,16550,92914,-0.032163742690058506
2022-03-10,17000,17650,16900,17300,85673,0.0453172205438066
2022-03-11,17300,18050,17050,17750,84980,0.026011560693641522
2022-03-14,17750,17800,16900,17000,109162,-0.04225352112676062
2022-03-15,17050,17100,16700,16850,43172,-0.008823529411764675
2022-03-16,17150,17750,17050,17300,88672,0.026706231454005858
2022-03-17,17550,18150,17250,18100,210268,0.046242774566473965
2022-03-18,18050,19000,17900,18850,315525,0.04143646408839774
2022-03-21,19350,19450,18550,18550,293074,-0.01591511936339518
2022-03-22,18600,18700,18200,18450,131871,-0.005390835579514808
2022-03-23,18450,18700,18300,18450,123145,0.0
2022-03-24,18250,18750,18100,18650,100312,0.01084010840108407
2022-03-25,18750,18900,18450,18450,124366,-0.01072386058981234
2022-03-28,18600,18750,17950,18050,101959,-0.02168021680216803
2022-03-29,18150,18950,18050,18650,200748,0.0332409972299168
2022-03-30,18800,19050,18500,18700,145871,0.002680965147453085
2022-03-31,18650,18700,18200,18400,132743,-0.016042780748663055
2022-04-01,18400,18500,17950,18150,136479,-0.013586956521739135
2022-04-04,18250,18900,18150,18800,188077,0.03581267217630857
2022-04-05,19050,19400,18850,19250,205545,0.02393617021276606
2022-04-06,19000,19300,18800,18900,175600,-0.018181818181818188
2022-04-07,18700,19450,18050,19450,268446,0.02910052910052907
2022-04-08,19150,19200,18600,19050,178629,-0.020565552699228773
2022-04-11,19050,19150,18600,18650,110926,-0.02099737532808399
2022-04-12,18350,18750,17900,18050,130396,-0.03217158176943702
2022-04-13,17950,18300,17800,18250,70422,0.011080332409972193
2022-04-14,18250,18800,18050,18300,215448,0.00273972602739736
2022-04-15,18250,18500,18150,18300,82203,0.0
2022-04-18,18250,18350,17900,18000,111913,-0.016393442622950838
2022-04-19,18000,19750,17900,18550,947119,0.030555555555555447
2022-04-20,18600,18800,18450,18500,121311,-0.0026954177897574594
2022-04-21,18450,18600,18100,18150,120860,-0.018918918918918948
2022-04-22,18000,18250,17750,18000,136269,-0.008264462809917328
2022-04-25,17700,17700,17150,17150,145245,-0.047222222222222276
2022-04-26,17150,17400,16950,17100,83299,-0.002915451895043719
2022-04-27,16450,16900,16400,16900,61841,-0.011695906432748537
2022-04-28,16900,17050,16650,16750,54710,-0.00887573964497046
2022-04-29,16800,17150,16800,16900,46010,0.008955223880596996
2022-05-02,16800,16850,16550,16800,34546,-0.00591715976331364
2022-05-03,17000,17050,16700,16700,31259,-0.005952380952380931
2022-05-04,16650,16900,16500,16600,40362,-0.005988023952095856
2022-05-06,16350,16350,16000,16200,39797,-0.02409638554216864
2022-05-09,16000,16100,15100,15150,117410,-0.06481481481481477
2022-05-10,14650,14850,14200,14800,102745,-0.02310231023102305
2022-05-11,14600,15000,14600,14800,36659,0.0
2022-05-12,14500,14650,13550,13700,101591,-0.07432432432432434
2022-05-13,13700,14250,13550,13900,59342,0.014598540145985384
2022-05-16,13950,16650,13950,15050,737490,0.08273381294964022
2022-05-17,15100,15600,14800,15300,109443,0.01661129568106312
2022-05-18,15300,15550,14800,15100,71433,-0.013071895424836555
2022-05-19,14400,14950,14400,14750,61014,-0.023178807947019875
2022-05-20,14800,15350,14800,15250,63079,0.03389830508474567
2022-05-23,15700,15700,15250,15350,53493,0.006557377049180246
2022-05-24,15150,15450,15000,15050,52593,-0.019543973941368087
2022-05-25,15150,15350,15000,15200,35399,0.009966777408637828
2022-05-26,15300,16050,15200,15300,156745,0.006578947368421018
2022-05-27,15700,15850,15400,15450,79741,0.009803921568627416
2022-05-30,15650,16250,15650,16100,115679,0.04207119741100329
2022-05-31,16400,16550,16050,16200,117711,0.006211180124223503
2022-06-02,16350,16400,16100,16300,39394,0.006172839506172867
2022-06-03,16450,16450,16150,16250,42682,-0.0030674846625766694
2022-06-07,16350,16400,15500,15600,68314,-0.040000000000000036
2022-06-08,15650,15850,15300,15350,33321,-0.01602564102564108
2022-06-09,15150,15400,14900,15150,40732,-0.013029315960912058
2022-06-10,14950,15250,14900,15100,34195,-0.0033003300330033403
2022-06-13,14550,14750,14100,14100,78424,-0.06622516556291391
2022-06-14,13600,14150,13550,13850,91200,-0.01773049645390068
2022-06-15,13600,13900,12850,12950,96141,-0.06498194945848379
2022-06-16,13150,13550,12850,12850,61441,-0.007722007722007707
2022-06-17,12200,13100,12200,13000,48542,0.011673151750972721
2022-06-20,13100,13200,11800,12100,95216,-0.0692307692307692
2022-06-21,12150,12450,11950,12250,55534,0.012396694214876103
2022-06-22,12250,12450,11200,11250,89997,-0.08163265306122447
2022-06-23,11300,11550,10450,10450,118589,-0.07111111111111112
2022-06-24,10300,11600,10300,11550,93013,0.10526315789473695
2022-06-27,11700,12100,11400,11850,53299,0.025974025974025983
2022-06-28,11850,12000,11500,11700,30787,-0.012658227848101222
2022-06-29,11350,11700,11250,11600,21383,-0.008547008547008517
2022-06-30,11600,11600,11200,11300,35652,-0.025862068965517238
2022-07-01,11150,11550,10850,11100,61818,-0.017699115044247815
2022-07-04,11050,11300,10500,10700,83294,-0.036036036036036
2022-07-05,10750,11350,10750,11300,57488,0.05607476635514019
2022-07-06,11250,12200,11250,11850,138002,0.04867256637168138
2022-07-07,11950,12150,11650,12050,59927,0.016877637130801704
2022-07-08,12200,12750,12000,12350,82759,0.024896265560165887
2022-07-11,12250,12500,12150,12250,56482,-0.0080971659919028
2022-07-12,12050,12150,11600,11700,70576,-0.04489795918367345
2022-07-13,11750,12350,11650,12200,80007,0.042735042735042805
2022-07-14,12200,13550,12100,12950,323746,0.061475409836065475
2022-07-15,13000,13200,12400,12750,62647,-0.015444015444015413
2022-07-18,12950,13000,12600,12900,55791,0.0117647058823529
2022-07-19,12800,12900,12500,12800,57465,-0.007751937984496138
2022-07-20,12950,13750,12900,13450,172454,0.05078125
2022-07-21,13550,14600,13550,14450,347105,0.07434944237918217
2022-07-22,14550,14750,14250,14350,149430,-0.00692041522491349
2022-07-25,14100,14350,13950,14300,52419,-0.0034843205574912606
2022-07-26,14100,14650,14050,14600,75557,0.020979020979021046
2022-07-27,14500,14850,14300,14300,66213,-0.020547945205479423
2022-07-28,14400,14500,14150,14250,49280,-0.0034965034965035446
2022-07-29,14250,14600,14200,14250,49549,0.0
2022-08-01,14300,14400,14100,14200,39444,-0.0035087719298245723
2022-08-02,14100,14300,13600,13900,67058,-0.021126760563380254
2022-08-03,13900,14350,13900,14200,55201,0.021582733812949728
2022-08-04,14300,14850,14250,14800,141208,0.04225352112676051
2022-08-05,14700,14950,14650,14950,66063,0.010135135135135087
2022-08-08,15200,15200,14850,15000,79676,0.0033444816053511683
2022-08-09,14950,15250,14900,14950,59221,-0.0033333333333332993
2022-08-10,15000,15050,14350,14400,68773,-0.03678929765886285
2022-08-11,14550,15000,14500,14700,53028,0.02083333333333326
2022-08-12,14600,14750,14400,14450,35758,-0.017006802721088454
2022-08-16,14500,15400,14100,14450,183521,0.0
2022-08-17,14600,15650,14550,15550,628024,0.0761245674740485
2022-08-18,15400,16700,15250,16500,504048,0.06109324758842449
2022-08-19,16500,16750,15850,15950,218043,-0.033333333333333326
2022-08-22,15650,15900,15000,15150,198047,-0.050156739811912265
2022-08-23,15000,15100,13850,14050,366689,-0.0726072607260726
2022-08-24,14200,15200,13950,14900,215127,0.06049822064056931
2022-08-25,14900,15150,14600,14800,98041,-0.006711409395973145
2022-08-26,14800,15450,14800,14900,136528,0.006756756756756799
2022-08-29,14250,14700,13900,14350,90988,-0.03691275167785235
2022-08-30,14400,15200,14400,15150,82814,0.05574912891986061
2022-08-31,15150,16000,14950,16000,177981,0.05610561056105601
2022-09-01,15950,16100,15550,15750,135673,-0.015625
2022-09-02,15800,15950,15050,15150,70683,-0.03809523809523807
2022-09-05,15000,15350,14700,15050,76733,-0.0066006600660065695
2022-09-06,15000,15350,15000,15150,37282,0.006644518272425293
2022-09-07,15200,15200,14100,14300,132648,-0.05610561056105612
2022-09-08,14500,14700,14300,14350,39166,0.0034965034965035446
2022-09-13,14550,14900,14500,14850,41902,0.03484320557491283
2022-09-14,14150,14600,14100,14450,34071,-0.026936026936026924
2022-09-15,14550,14650,14300,14450,37285,0.0
2022-09-16,14250,14400,14200,14300,23525,-0.01038062283737029
2022-09-19,14200,14400,13500,13550,57079,-0.05244755244755239
2022-09-20,13650,14150,13650,14050,33526,0.03690036900368998
2022-09-21,13850,14100,13750,13900,26887,-0.010676156583629859
2022-09-22,13550,13700,13100,13500,57310,-0.02877697841726623
2022-09-23,13500,13600,12550,12550,92362,-0.07037037037037042
2022-09-26,12200,12500,11500,11650,102181,-0.07171314741035861
2022-09-27,11500,11950,11100,11900,80432,0.02145922746781115
2022-09-28,11700,12000,11100,11250,79868,-0.054621848739495826
2022-09-29,11650,11850,11300,11300,52489,0.004444444444444473
2022-09-30,11100,11550,11000,11450,39290,0.01327433628318575
2022-10-04,11650,12000,11600,11950,38499,0.04366812227074246
2022-10-05,12200,12250,11550,11700,46707,-0.02092050209205021
2022-10-06,11750,12300,11600,12050,43723,0.029914529914529808
2022-10-07,11950,12500,11750,12200,32269,0.012448132780082943
2022-10-11,11950,11950,11400,11500,76559,-0.05737704918032782
2022-10-12,11350,11650,11300,11500,28757,0.0
2022-10-13,11400,11450,11000,11050,45816,-0.03913043478260869
2022-10-14,11300,11800,11300,11600,53649,0.04977375565610864
2022-10-17,11450,11900,11350,11900,30582,0.02586206896551735
2022-10-18,12100,12350,11850,12000,36242,0.008403361344537785
2022-10-19,12400,12600,12150,12150,53301,0.012499999999999956
2022-10-20,12150,12250,11800,12000,32234,-0.012345679012345734
2022-10-21,11950,11950,11700,11900,15833,-0.008333333333333304
2022-10-24,12150,12450,11850,11850,30017,-0.004201680672268893
2022-10-25,11900,12100,11650,11750,28086,-0.008438818565400852
2022-10-26,11750,12000,11500,11500,36898,-0.021276595744680882
2022-10-27,11550,11850,11400,11800,22076,0.026086956521739202
2022-10-28,11800,12000,11650,11750,28863,-0.004237288135593209
2022-10-31,11950,11950,11650,11850,22372,0.008510638297872353
2022-11-01,11800,12000,11700,11950,30402,0.00843881856540074
2022-11-02,11950,12200,11800,12150,33241,0.01673640167364021
2022-11-03,11800,12100,11750,11950,22247,-0.016460905349794275
2022-11-04,11850,11950,11700,11850,44912,-0.008368200836820106
2022-11-07,11900,12150,11750,12000,31553,0.012658227848101333
2022-11-08,12050,13200,12050,12950,309897,0.07916666666666661
2022-11-09,12850,13200,12550,12700,135260,-0.019305019305019266
2022-11-10,12550,12700,12400,12400,37533,-0.023622047244094446
2022-11-11,12900,13150,12700,12900,105070,0.040322580645161255
2022-11-14,12900,13350,12800,12900,100023,0.0
2022-11-15,12900,13500,12700,13500,102979,0.04651162790697683
2022-11-16,13550,13550,13100,13200,63585,-0.022222222222222254
2022-11-17,13200,13200,12650,12750,71838,-0.03409090909090906
2022-11-18,12800,13050,12550,12700,38447,-0.0039215686274509665
2022-11-21,12700,12850,12350,12500,34780,-0.015748031496062964
2022-11-22,12500,12500,12250,12250,21734,-0.020000000000000018
2022-11-23,12900,15200,12800,14000,3766081,0.1428571428571428
2022-11-24,14200,14350,13950,14200,355427,0.014285714285714235
2022-11-25,14550,14550,14000,14150,273894,-0.0035211267605633756
2022-11-28,14450,14850,14250,14500,538573,0.02473498233215543
2022-11-29,14600,15050,14400,14700,319365,0.01379310344827589
2022-11-30,14750,14950,14400,14650,155158,-0.003401360544217691
2022-12-01,14850,15000,14600,14900,215165,0.017064846416382284
2022-12-02,15000,16000,14850,14850,881684,-0.003355704697986628
2022-12-05,14700,14750,14000,14350,190472,-0.03367003367003363
2022-12-06,14100,14750,13850,14000,226750,-0.024390243902439046
2022-12-07,13850,14300,13650,14050,144685,0.0035714285714285587
2022-12-08,14300,14300,13700,13850,105549,-0.014234875444839812
2022-12-09,13900,14700,13900,14450,259430,0.04332129963898912
2022-12-12,14500,15050,14350,14450,278186,0.0
2022-12-13,14550,14600,13800,13950,161819,-0.03460207612456745
2022-12-14,14000,14500,13800,14450,162186,0.03584229390680993
2022-12-15,14350,15650,14300,14650,800226,0.01384083044982698
2022-12-16,14450,15100,14250,15000,215562,0.023890784982935065
2022-12-19,15100,15750,14900,15100,419030,0.006666666666666599
2022-12-20,15050,15100,14300,14400,240808,-0.04635761589403975
2022-12-21,14500,14600,13500,13800,186736,-0.04166666666666663
2022-12-22,13800,14350,13800,13900,116877,0.007246376811594235
2022-12-23,13650,13950,13550,13900,72438,0.0
2022-12-26,13900,13950,13500,13650,76627,-0.017985611510791366
2022-12-27,13550,14000,13550,13850,62169,0.0146520146520146
2022-12-28,13750,14300,13600,14100,59755,0.018050541516245522
2022-12-29,14100,14450,13800,13850,130640,-0.01773049645390068
2023-01-02,13950,14800,13950,14400,212179,0.03971119133573997
2023-01-03,14250,16800,14250,16250,3006874,0.12847222222222232
2023-01-04,16000,16400,15750,16000,622943,-0.01538461538461533
2023-01-05,16000,16650,16000,16350,721727,0.02187500000000009
2023-01-06,16150,16200,15200,15300,441287,-0.06422018348623848
2023-01-09,15400,15700,15300,15550,217516,0.016339869281045694
2023-01-10,15600,15600,14750,14850,246578,-0.045016077170418
2023-01-11,15100,15350,14950,15200,149665,0.023569023569023573
2023-01-12,16100,16200,14750,14800,420890,-0.02631578947368418
2023-01-13,14900,16350,14550,15550,879966,0.05067567567567566
2023-01-16,15650,16350,15500,16250,633107,0.045016077170418
2023-01-17,16300,16500,15900,16450,360003,0.012307692307692353
2023-01-18,16600,17000,16050,16100,406725,-0.021276595744680882
2023-01-19,15900,16650,15700,16500,235365,0.024844720496894457
2023-01-20,16850,17250,16300,16550,388237,0.003030303030302939
2023-01-25,16660,16750,15850,16000,230636,-0.033232628398791486
2023-01-26,16100,16310,15670,15680,199210,-0.020000000000000018
2023-01-27,15840,16550,15750,16520,252366,0.0535714285714286
2023-01-30,16750,16910,16090,16850,339837,0.01997578692493951
2023-01-31,16800,16800,16330,16410,186982,-0.026112759643916905
2023-02-01,16960,17440,16580,17360,747657,0.0578915295551492
2023-02-02,17590,17930,17330,17790,621919,0.024769585253456183
2023-02-03,17770,17780,17100,17180,327659,-0.034288926363125305
2023-02-06,17020,17130,16530,16670,167470,-0.02968568102444702
2023-02-07,16670,16970,16550,16630,138808,-0.002399520095980767
2023-02-08,16800,16850,16460,16520,123177,-0.006614552014431729
2023-02-09,16530,16990,16530,16930,149337,0.024818401937046097
2023-02-10,16990,17200,16450,17160,196022,0.013585351447135352
2023-02-13,17210,17250,16650,16690,101698,-0.027389277389277433
2023-02-14,16620,16820,16000,16090,174773,-0.03594967046135411
2023-02-15,16270,16450,15690,15700,142874,-0.02423865755127408
2023-02-16,15750,16140,15750,15840,66944,0.008917197452229297
2023-02-17,15530,15700,15420,15420,95572,-0.02651515151515149
2023-02-20,15290,15630,15290,15430,60733,0.0006485084306095956
2023-02-21,15560,15560,15280,15280,58684,-0.009721322099805585
2023-02-22,15000,15190,14600,14660,115048,-0.04057591623036649
2023-02-23,14790,15320,14670,15000,90229,0.023192360163710735
2023-02-24,15050,15960,15000,15540,174692,0.03600000000000003
2023-02-27,15540,15650,15110,15220,60889,-0.020592020592020588
2023-02-28,15300,15700,15290,15430,91208,0.013797634691195881
2023-03-02,15500,15500,15010,15010,84840,-0.02721970187945566
2023-03-03,15160,15450,15030,15100,55287,0.005996002664889977
2023-03-06,15180,15200,14850,15000,74284,-0.0066225165562914245
2023-03-07,14970,14980,14710,14770,73918,-0.01533333333333331
2023-03-08,14600,14770,14500,14530,81502,-0.016249153689911977
2023-03-09,14500,14730,14170,14360,82920,-0.0116999311768754
2023-03-10,14230,14270,13880,13900,74199,-0.03203342618384397
2023-03-13,13700,13870,13430,13840,91540,-0.004316546762589968
2023-03-14,13840,13900,13000,13060,121879,-0.05635838150289019
2023-03-15,13210,13400,13000,13000,87998,-0.004594180704441064
2023-03-16,12800,12980,12500,12780,101309,-0.01692307692307693
2023-03-17,12930,13470,12910,13400,78189,0.04851330203442883
2023-03-20,13400,13850,13280,13440,56763,0.0029850746268655914
2023-03-21,13480,13500,12990,12990,77601,-0.033482142857142905
2023-03-22,13200,13200,12810,13080,54503,0.006928406466512715
2023-03-23,12950,12950,12690,12850,77216,-0.01758409785932724
2023-03-24,12910,13390,12740,13290,79902,0.03424124513618687
2023-03-27,13350,14200,13100,13890,197634,0.04514672686230248
2023-03-28,14270,14630,14170,14310,174335,0.030237580993520474
2023-03-29,14310,15150,14120,15070,178779,0.05310971348707194
2023-03-30,15150,15340,14850,15050,95912,-0.0013271400132713884
2023-03-31,15170,15170,14330,14350,132078,-0.046511627906976716
2023-04-03,14680,14680,14170,14300,58189,-0.0034843205574912606
2023-04-04,14180,15140,14050,15040,105716,0.051748251748251706
2023-04-05,15100,15500,14670,14700,155572,-0.022606382978723416
2023-04-06,14650,14730,14130,14150,104164,-0.0374149659863946
2023-04-07,14250,14440,13970,14000,77254,-0.010600706713780883
2023-04-10,13950,13960,13440,13510,127957,-0.03500000000000003
2023-04-11,13700,14840,13560,14500,295518,0.07327905255366396
2023-04-12,14620,15070,14210,14610,193412,0.0075862068965517615
2023-04-13,14650,15490,14480,15460,194964,0.05817932922655711
2023-04-14,15560,16340,15530,16130,559922,0.04333764553686925
2023-04-17,16720,17150,16400,16750,635962,0.03843769373837569
2023-04-18,17150,17480,16840,17380,509832,0.03761194029850756
2023-04-19,17500,17510,16790,16880,267855,-0.028768699654775576
2023-04-20,16860,16860,15500,15620,350212,-0.07464454976303314
2023-04-21,15530,16550,15480,16200,287295,0.03713188220230479
2023-04-24,16370,16500,15850,15970,134208,-0.014197530864197505
2023-04-25,16200,16510,15520,15990,251222,0.0012523481527864089
2023-04-26,15800,15900,14920,14930,203651,-0.0662914321450907
2023-04-27,14950,15000,14290,14600,120180,-0.022103148024112507
2023-04-28,14740,15550,14510,15150,153440,0.03767123287671237
2023-05-02,15350,16010,15180,15910,162894,0.05016501650165006
2023-05-03,16010,16250,15670,15900,160135,-0.0006285355122563896
2023-05-04,15770,16190,15550,15630,124792,-0.016981132075471694
2023-05-08,15710,15750,14910,15010,143613,-0.03966730646193217
2023-05-09,14920,14970,14140,14250,170211,-0.05063291139240511
2023-05-10,14230,14450,14080,14110,68468,-0.009824561403508736
2023-05-11,14300,15150,14250,14850,178760,0.05244507441530821
2023-05-12,15540,15950,14860,15250,531567,0.026936026936027035
2023-05-15,15430,15700,14930,15350,245257,0.006557377049180246
2023-05-16,15350,15400,14800,14840,130254,-0.03322475570032568
2023-05-17,14700,17420,14700,16390,2743907,0.10444743935309964
2023-05-18,16000,17320,15640,16390,1362377,0.0
2023-05-19,16650,16750,16240,16360,279306,-0.0018303843807199183
2023-05-22,16430,16720,16100,16540,239741,0.011002444987775029
2023-05-23,16540,16660,16240,16500,186565,-0.00241837968561065
2023-05-24,16740,17090,16000,16060,345954,-0.026666666666666616
2023-05-25,16070,16360,15740,16110,98021,0.0031133250311332628
2023-05-26,16100,16180,15610,15700,100152,-0.025450031036623244
2023-05-30,15890,16530,15850,16530,239608,0.05286624203821666
2023-05-31,16530,16960,16340,16750,233557,0.01330913490623109
2023-06-01,16740,17120,16530,16810,195085,0.0035820895522387097
2023-06-02,16860,17080,16400,16950,229196,0.008328375966686563
2023-06-05,17490,18600,16880,17360,1897679,0.024188790560472073
2023-06-07,17450,17450,16350,16890,554806,-0.027073732718894017
2023-06-08,16830,16950,16460,16790,177800,-0.005920663114268754
2023-06-09,16760,17270,16660,16780,239283,-0.0005955926146515855
2023-06-12,16770,17440,16770,17310,342935,0.03158522050059598
2023-06-13,17310,17320,16860,16860,227283,-0.025996533795493937
2023-06-14,16860,16900,16210,16290,159825,-0.03380782918149461
2023-06-15,16320,16510,15890,16410,107897,0.007366482504604033
2023-06-16,16420,16590,16220,16410,99289,0.0
2023-06-19,16400,16400,15940,16180,83786,-0.014015843997562505
2023-06-20,16180,16400,16030,16280,73543,0.006180469715698411
2023-06-21,16230,16280,15670,15690,124090,-0.036240786240786194
2023-06-22,15650,15990,15620,15780,47059,0.005736137667303964
2023-06-23,15920,15930,15550,15640,60125,-0.008871989860583018
2023-06-26,15560,15820,15310,15550,54645,-0.005754475703324768
2023-06-27,15770,15870,15460,15500,90146,-0.003215434083601254
2023-06-28,15510,15700,15080,15190,77599,-0.020000000000000018
2023-06-29,15180,15280,14860,14860,74207,-0.02172481895984202
2023-06-30,14900,15200,14700,15180,47577,0.021534320323014722
2023-07-03,15290,15750,15280,15730,89437,0.03623188405797095
2023-07-04,15730,15750,15550,15670,36694,-0.0038143674507310488
2023-07-05,15790,15790,15440,15630,47463,-0.00255264837268665
2023-07-06,15750,15790,15290,15320,77392,-0.019833653230966086
2023-07-07,15100,15300,14940,15070,68767,-0.01631853785900783
2023-07-10,15070,15230,14810,15070,73696,0.0
2023-07-11,15110,15350,15070,15150,45576,0.005308560053085554
2023-07-12,15400,15610,15250,15350,78084,0.013201320132013139
2023-07-13,15600,15600,15380,15470,58709,0.007817589576547324
2023-07-14,15470,15770,15350,15400,112230,-0.004524886877828038
2023-07-17,15300,15480,14700,15000,79537,-0.025974025974025983
2023-07-18,14900,15000,14580,14670,84573,-0.02200000000000002
2023-07-19,14640,14740,14240,14270,83946,-0.02726653033401505
2023-07-20,14350,14480,14050,14460,79743,0.013314646110721862
2023-07-21,14210,14570,14210,14440,35160,-0.0013831258644536604
2023-07-24,14440,14500,13580,13740,186634,-0.04847645429362879
2023-07-25,13740,14100,13000,13200,82186,-0.0393013100436681
2023-07-26,13240,13260,12450,12930,154847,-0.020454545454545503
2023-07-27,12780,13440,12780,13050,80779,0.009280742459396807
2023-07-28,13120,13350,13050,13110,32647,0.0045977011494253706
2023-07-31,13290,13680,13110,13580,53766,0.03585049580472921
2023-08-01,13420,13790,13420,13710,40295,0.009572901325478611
2023-08-02,13700,13810,13250,13300,47288,-0.029905178701677637
2023-08-03,13160,13330,12870,13290,71725,-0.0007518796992481702
2023-08-04,13160,13880,13160,13770,87254,0.03611738148984189
2023-08-07,13900,14020,13620,13850,49594,0.005809731299927456
2023-08-08,13850,14000,13250,13250,82099,-0.04332129963898912
2023-08-09,13100,13500,13100,13380,23593,0.009811320754717023
2023-08-10,13380,13540,13100,13500,60852,0.008968609865470878
2023-08-11,13550,13850,13370,13700,65086,0.014814814814814836
2023-08-14,13600,13690,13300,13300,48149,-0.029197080291970767
2023-08-16,12450,13150,12310,12430,170106,-0.06541353383458648
2023-08-17,12210,12430,11500,12100,190253,-0.026548672566371723
2023-08-18,11900,12090,11470,12050,192824,-0.004132231404958664
2023-08-21,11910,12230,11910,12120,40906,0.0058091286307053736
2023-08-22,12060,12100,11700,11790,80997,-0.027227722772277252
2023-08-23,11790,11910,11650,11750,42097,-0.003392705682782049
2023-08-24,11780,12100,11780,11980,30354,0.019574468085106433
2023-08-25,11840,11980,11750,11920,21174,-0.005008347245408995
2023-08-28,11950,12200,11870,12180,34436,0.02181208053691286
2023-08-29,12280,12490,12130,12270,45718,0.00738916256157629
2023-08-30,12350,12510,12230,12450,46336,0.014669926650366705
2023-08-31,12450,12680,12220,12230,66285,-0.017670682730923648
2023-09-01,12230,12590,12180,12400,68863,0.013900245298446468
2023-09-04,12400,12510,12250,12500,41555,0.008064516129032251
2023-09-05,12580,12580,12260,12330,39475,-0.013599999999999945
2023-09-06,12270,12400,12100,12130,41107,-0.016220600162206056
2023-09-07,12060,12250,11890,12000,57040,-0.010717230008243983
2023-09-08,12000,12050,11790,11920,44459,-0.00666666666666671
2023-09-11,11920,12200,11910,12090,29057,0.014261744966443057
2023-09-12,12020,12280,12020,12020,34872,-0.005789909015715522
2023-09-13,12040,12160,11800,11860,39645,-0.01331114808652245
2023-09-14,11800,12040,11800,11970,20718,0.009274873524451888
2023-09-15,11980,12170,11980,12110,26371,0.011695906432748648
2023-09-18,12010,12140,11930,11980,21012,-0.01073492981007429
2023-09-19,11950,12150,11830,11970,29077,-0.0008347245409014992
2023-09-20,12070,12070,11830,11860,20908,-0.009189640768588192
2023-09-21,11850,11850,11460,11460,46187,-0.033726812816188834
2023-09-22,11360,12020,11310,11770,75071,0.027050610820244403
2023-09-25,11650,11940,11650,11780,31372,0.000849617672047609
2023-09-26,11710,11750,11440,11480,31373,-0.025466893039049254
2023-09-27,11410,11580,11350,11580,24678,0.008710801393728262
2023-10-04,11500,11500,11110,11350,69554,-0.019861830742659792
2023-10-05,11360,11490,11200,11280,19481,-0.006167400881057272
2023-10-06,11250,11470,11230,11400,12695,0.010638297872340496
2023-10-10,11450,11560,11110,11210,20365,-0.01666666666666672
2023-10-11,11230,11520,11230,11370,23842,0.014272970561998166
2023-10-12,11370,11760,11370,11680,30280,0.027264731750219928
2023-10-13,11740,11890,11480,11690,25788,0.0008561643835616195
2023-10-16,11530,11680,11290,11400,37759,-0.02480752780153983
2023-10-17,11400,11700,11400,11510,18303,0.009649122807017463
2023-10-18,11500,11700,11460,11570,13155,0.005212858384013863
2023-10-19,11410,11460,11090,11200,43303,-0.03197925669835777
2023-10-20,11120,11190,10720,11130,42731,-0.006249999999999978
2023-10-23,11020,11180,10890,11000,28525,-0.011680143755615435
2023-10-24,11000,11400,10870,11400,35948,0.036363636363636376
2023-10-25,11400,11900,11390,11700,47013,0.026315789473684292
2023-10-26,11450,11580,11090,11200,57750,-0.042735042735042694
2023-10-27,11200,11330,11020,11160,35020,-0.0035714285714285587
2023-10-30,11150,11290,11150,11180,12043,0.0017921146953405742
2023-10-31,11200,11550,10900,11000,30281,-0.01610017889087656
2023-11-01,11140,11200,10980,11120,29998,0.01090909090909098
2023-11-02,11170,11380,11170,11320,27586,0.017985611510791477
2023-11-03,11320,11470,11140,11380,35319,0.005300353356890497
2023-11-06,11600,11690,11390,11620,58380,0.02108963093145877
2023-11-07,11620,11680,11450,11620,25217,0.0
2023-11-08,11730,12650,11620,11990,273137,0.03184165232358005
2023-11-09,12050,12150,11830,12020,70437,0.002502085070892335
2023-11-10,12020,12020,11610,11820,42588,-0.016638935108153063
2023-11-13,12020,12020,11470,11500,72145,-0.027072758037225086
2023-11-14,11350,11530,11320,11410,68500,-0.00782608695652176
2023-11-15,11630,11780,11470,11680,58965,0.0236634531113058
2023-11-16,11680,11840,11550,11800,19050,0.010273972602739656
2023-11-17,11800,11810,11450,11500,51871,-0.025423728813559365
2023-11-20,11500,11870,11410,11800,40090,0.026086956521739202
2023-11-21,11850,11900,11750,11790,18903,-0.0008474576271186862
2023-11-22,11880,11880,11670,11800,24186,0.0008481764206955678
2023-11-23,11720,12230,11720,12070,107829,0.022881355932203418
2023-11-24,12190,12190,11900,11900,61149,-0.014084507042253502
2023-11-27,11810,11880,11680,11810,42648,-0.007563025210084007
2023-11-28,11900,12170,11720,11840,49096,0.002540220152413175
2023-11-29,11910,11910,11440,11460,70824,-0.03209459459459463
2023-11-30,11460,11590,11400,11500,30870,0.003490401396160525
2023-12-01,11500,11590,11360,11530,26730,0.002608695652173809
2023-12-04,11670,11850,11450,11580,85896,0.004336513443191636
2023-12-05,11510,11730,11510,11560,29697,-0.0017271157167529916
2023-12-06,11520,11720,11490,11620,42910,0.00519031141868509
2023-12-07,11670,11940,11550,11560,30440,-0.005163511187607606
2023-12-08,11680,11710,11570,11620,21457,0.00519031141868509
2023-12-11,11800,12020,11790,11850,58379,0.019793459552495785
2023-12-12,11850,11920,11610,11870,31377,0.0016877637130801038
2023-12-13,11870,12090,11650,11830,44186,-0.0033698399326032025
2023-12-14,11840,11990,11760,11800,35575,-0.002535925612848655
2023-12-15,11810,11900,11700,11900,43384,0.008474576271186418
2023-12-18,11890,12060,11840,12050,71767,0.012605042016806678
2023-12-19,12060,12070,11850,11920,36342,-0.010788381742738551
2023-12-20,11920,12030,11810,11890,29264,-0.002516778523489971
2023-12-21,11900,12110,11800,12090,57905,0.016820857863750982
2023-12-22,12090,12120,11930,12040,44954,-0.0041356492969396585
2023-12-26,12040,12040,11820,11890,26139,-0.012458471760797396
2023-12-27,11890,12080,11820,12080,34612,0.015979814970563444
2023-12-28,12080,12120,11970,12030,16751,-0.004139072847682113
2024-01-02,12040,12130,11950,12050,21241,0.0016625103906899863
2024-01-03,11860,12360,11860,12260,96744,0.01742738589211612
2024-01-04,12250,12280,12090,12270,42948,0.0008156606851550396
2024-01-05,12350,12650,12250,12560,110517,0.023634881825590925
2024-01-08,12620,12950,12530,12740,150386,0.014331210191082855
2024-01-09,12740,12900,12640,12800,56819,0.0047095761381474865
2024-01-10,12950,12950,12580,12720,68491,-0.006249999999999978
2024-01-11,12740,13170,12740,12900,118942,0.014150943396226356
2024-01-12,12910,13000,12530,12570,72050,-0.025581395348837188
2024-01-15,12570,12650,12270,12590,38300,0.0015910898965791898
2024-01-16,12600,12760,12410,12670,50228,0.006354249404289192
2024-01-17,12530,12740,12330,12390,56133,-0.02209944751381221
2024-01-18,12490,13100,12400,12940,210541,0.04439063761097661
2024-01-19,13100,13400,12860,12860,100337,-0.0061823802163832875
2024-01-22,12860,13080,12760,13030,105470,0.013219284603421366
2024-01-23,13180,13520,13100,13420,201238,0.029930928626247022
2024-01-24,13600,14370,12990,13020,691636,-0.02980625931445602
2024-01-25,13010,13010,12250,12640,169093,-0.029185867895545337
2024-01-26,12600,12840,12510,12690,55057,0.003955696202531556
2024-01-29,12830,13150,12600,12690,109778,0.0
2024-01-30,12800,12840,12300,12600,119407,-0.007092198581560294
2024-01-31,12590,12590,11900,11910,121982,-0.05476190476190479
2024-02-01,11900,12020,11620,11710,54910,-0.016792611251049583
2024-02-02,11770,11890,11600,11620,87417,-0.0076857386848847575
2024-02-05,11700,11700,11390,11470,67065,-0.012908777969018903
2024-02-06,11400,11580,11400,11450,31649,-0.0017436791630339732
2024-02-07,11450,11500,11420,11440,25015,-0.0008733624454148048
2024-02-08,11410,11630,11410,11500,31091,0.005244755244755206
2024-02-13,11540,11630,11510,11630,30369,0.011304347826087024
2024-02-14,11610,11740,11540,11700,32785,0.006018916595012858
2024-02-15,11720,11760,11530,11590,39375,-0.009401709401709368
2024-02-16,11590,11690,11510,11560,32221,-0.0025884383088869978
2024-02-19,11600,11760,11530,11730,59367,0.014705882352941124
2024-02-20,11750,12070,11720,11830,126270,0.008525149190110826
2024-02-21,11790,11890,11710,11720,42206,-0.009298393913778513
2024-02-22,11750,11800,11660,11660,28811,-0.005119453924914641
2024-02-23,11660,11750,11500,11580,36081,-0.006861063464837058
2024-02-26,11590,11800,11540,11610,36756,0.002590673575129543
2024-02-27,11570,11590,11380,11420,34657,-0.01636520241171402
2024-02-28,11370,11500,11290,11400,34665,-0.0017513134851138146
2024-02-29,11410,11470,11230,11320,31002,-0.007017543859649145
2024-03-04,11320,11470,11250,11260,32901,-0.005300353356890497
2024-03-05,11260,11350,11030,11240,29318,-0.001776198934280604
2024-03-06,11130,11240,11080,11100,29357,-0.01245551601423489
2024-03-07,11100,11120,10970,11060,36889,-0.003603603603603567
2024-03-08,11060,11220,11040,11220,31192,0.014466546112115841
2024-03-11,11100,11220,11100,11160,16465,-0.005347593582887722
2024-03-12,11130,11260,11050,11170,27854,0.0008960573476701761
2024-03-13,11170,11270,11130,11220,24353,0.004476275738585445
2024-03-14,11220,11260,11120,11150,19712,-0.0062388591800356386
2024-03-15,11120,11150,11050,11100,17384,-0.004484304932735439
2024-03-18,11090,11120,10990,11060,22063,-0.003603603603603567
2024-03-19,11010,11080,10800,10980,54543,-0.007233273056057921
2024-03-20,11010,11010,10880,10930,17117,-0.004553734061930825
2024-03-21,10950,11040,10830,10920,35691,-0.0009149130832570851
2024-03-22,10920,11000,10800,10880,28968,-0.00366300366300365
2024-03-25,10880,10880,10690,10830,44210,-0.004595588235294157
2024-03-26,10830,10880,10750,10830,24509,0.0
2024-03-27,10890,10890,10760,10810,15205,-0.001846722068328699
2024-03-28,10890,10890,10730,10790,19950,-0.0018501387604070718
2024-03-29,10790,10790,10670,10750,21351,-0.003707136237256714
2024-04-01,10750,10970,10640,10940,41581,0.017674418604651132
2024-04-02,10930,11080,10790,10910,42045,-0.002742230347349217
2024-04-03,10900,10900,10770,10840,13572,-0.006416131989000928
2024-04-04,10870,10920,10720,10790,17009,-0.004612546125461248
2024-04-05,10750,10850,10510,10590,25991,-0.01853568118628357
2024-04-08,10540,10640,10270,10350,38389,-0.022662889518413554
2024-04-09,10310,10420,10210,10260,45675,-0.008695652173912993
2024-04-11,10210,10260,10120,10260,15991,0.0
2024-04-12,10220,10280,10090,10170,25550,-0.00877192982456143
2024-04-15,10150,10150,9850,10020,31559,-0.014749262536873142
2024-04-16,9950,9990,9710,9820,46081,-0.019960079840319334
2024-04-17,9780,9990,9780,9810,34861,-0.0010183299389001643
2024-04-18,9810,10040,9700,10020,43364,0.021406727828746197
2024-04-19,10010,10070,9740,9950,29188,-0.006986027944111739
2024-04-22,9950,10050,9860,9970,17664,0.0020100502512563345
2024-04-23,9920,10070,9900,9950,14765,-0.0020060180541624506
2024-04-24,10030,10030,9930,9980,14778,0.0030150753768845018
2024-04-25,9780,10780,9780,10250,215528,0.027054108216432837
2024-04-26,10230,10250,10010,10090,41283,-0.01560975609756099
2024-04-29,10090,10200,10080,10180,16609,0.008919722497522375
2024-04-30,10230,10290,10150,10240,11589,0.005893909626718985
2024-05-02,10180,10270,10170,10250,13791,0.0009765625
2024-05-03,10290,10390,10240,10290,17304,0.0039024390243902474
2024-05-07,10400,10430,10280,10430,18818,0.013605442176870763
2024-05-08,10430,10730,10420,10590,58360,0.015340364333652934
2024-05-09,10600,10720,10370,10410,55505,-0.016997167138810165
2024-05-10,10410,10580,10260,10290,70970,-0.011527377521613813
2024-05-13,10290,10350,10030,10190,32862,-0.0097181729834791
2024-05-14,10140,10200,10090,10140,30484,-0.004906771344455385
2024-05-16,10200,10300,10170,10260,22462,0.01183431952662728
2024-05-17,10160,10290,9960,10040,40353,-0.021442495126705707
2024-05-20,10010,10030,9900,9950,39346,-0.008964143426294813
2024-05-21,9970,10010,9820,9910,25160,-0.004020100502512558
2024-05-22,9860,9960,9850,9950,17642,0.004036326942482349
