Date,Open,High,Low,Close,Volume,Change
2022-01-03,4127,4140,4065,4103,77395,-0.002916160388821365
2022-01-04,4115,4327,4102,4303,376677,0.04874482086278342
2022-01-05,4302,4302,4190,4253,123554,-0.011619800139437642
2022-01-06,4165,4265,4115,4190,148226,-0.014813073124853027
2022-01-07,4190,4302,4165,4278,117270,0.021002386634844772
2022-01-10,4277,4415,4240,4315,170312,0.008648901355773786
2022-01-11,4315,4352,4102,4140,280654,-0.04055619930475085
2022-01-12,4227,4227,4077,4103,235451,-0.008937198067632823
2022-01-13,4115,4127,4015,4053,143481,-0.0121862052156958
2022-01-14,4040,4140,4002,4090,92969,0.00912904021712313
2022-01-17,4040,4127,4027,4065,68217,-0.006112469437652757
2022-01-18,4077,4090,3902,3940,155957,-0.03075030750307506
2022-01-19,3902,4015,3877,3940,110502,0.0
2022-01-20,3977,4052,3939,4053,42325,0.028680203045685193
2022-01-21,3977,4040,3939,4040,69332,-0.0032075006168270637
2022-01-24,4040,4052,3827,3965,53082,-0.01856435643564358
2022-01-25,3914,3965,3652,3740,203819,-0.05674653215636827
2022-01-26,3664,3739,3602,3615,138428,-0.03342245989304815
2022-01-27,3602,3689,3289,3502,260895,-0.031258644536652835
2022-01-28,3502,3577,3352,3577,140619,0.02141633352370076
2022-02-03,3614,3689,3602,3640,41654,0.017612524461839474
2022-02-04,3577,3652,3552,3640,38875,0.0
2022-02-07,3652,3689,3577,3652,19999,0.003296703296703285
2022-02-08,3652,4440,3577,3877,1435262,0.06161007667031759
2022-02-09,3877,4090,3839,4003,360779,0.03249935517152447
2022-02-10,4002,4027,3752,3902,183500,-0.025231076692480592
2022-02-11,3852,3877,3789,3877,67637,-0.006406970784213262
2022-02-14,3852,3852,3627,3815,86757,-0.015991746195512024
2022-02-15,3764,3864,3689,3740,76635,-0.019659239842726106
2022-02-16,3752,3839,3727,3777,124877,0.009893048128342352
2022-02-17,3777,3802,3677,3702,131533,-0.019857029388403502
2022-02-18,3677,3752,3639,3727,28914,0.006753106428957212
2022-02-21,3727,3739,3602,3702,45371,-0.0067078078883821
2022-02-22,3614,3652,3502,3527,157664,-0.04727174500270126
2022-02-23,3602,3602,3452,3527,80277,0.0
2022-02-24,3464,3514,3439,3477,36609,-0.014176353841791944
2022-02-25,3527,3627,3452,3477,197123,0.0
2022-02-28,3489,3489,3414,3465,63032,-0.00345125107851596
2022-03-02,3464,3527,3439,3515,54258,0.01443001443001446
2022-03-03,3502,3552,3489,3552,46199,0.010526315789473717
2022-03-04,3552,3552,3502,3502,49940,-0.014076576576576572
2022-03-07,3464,3614,3464,3590,67125,0.02512849800114214
2022-03-08,3539,3614,3477,3477,55321,-0.031476323119777105
2022-03-10,3489,3552,3489,3515,33607,0.010928961748633892
2022-03-11,3527,3564,3514,3527,42821,0.003413940256045578
2022-03-14,3564,3564,3452,3465,48833,-0.01757867876382191
2022-03-15,3439,3514,3439,3465,25308,0.0
2022-03-16,3477,3527,3289,3490,124185,0.00721500721500723
2022-03-17,3489,3627,3477,3627,146587,0.039255014326647464
2022-03-18,3677,3677,3564,3615,30021,-0.003308519437551727
2022-03-21,3627,3652,3589,3627,45879,0.003319502074688785
2022-03-22,3627,3652,3602,3602,55333,-0.006892748828232653
2022-03-23,3664,3664,3614,3640,52583,0.010549694614103267
2022-03-24,3639,3677,3614,3652,43237,0.003296703296703285
2022-03-25,3677,3677,3602,3640,39055,-0.003285870755750264
2022-03-28,3652,3664,3564,3640,37204,0.0
2022-03-29,3627,3627,3502,3565,134958,-0.020604395604395642
2022-03-30,3627,4227,3577,3802,1290722,0.06647966339410938
2022-03-31,3827,3827,3714,3727,145364,-0.01972645975802212
2022-04-01,3764,3764,3639,3652,112589,-0.02012342366514619
2022-04-04,3677,3764,3664,3740,119248,0.024096385542168752
2022-04-05,3739,3814,3739,3777,102299,0.009893048128342352
2022-04-06,3789,3789,3689,3752,67257,-0.006619009796134501
2022-04-07,3739,3752,3577,3652,185279,-0.026652452025586304
2022-04-08,3689,3702,3627,3627,56404,-0.006845564074479782
2022-04-11,3589,3727,3577,3677,107808,0.013785497656465306
2022-04-12,3627,3677,3552,3627,66370,-0.013598041881969003
2022-04-13,3677,3714,3614,3665,56468,0.010476978218913802
2022-04-14,3639,3689,3614,3652,43596,-0.003547066848567537
2022-04-15,3602,3639,3589,3615,43852,-0.010131434830230046
2022-04-18,3614,3627,3589,3602,39219,-0.003596127247579517
2022-04-19,3602,3689,3602,3665,44712,0.01749028317601331
2022-04-20,3677,3702,3627,3652,26623,-0.003547066848567537
2022-04-21,3664,3839,3614,3790,256721,0.037787513691128094
2022-04-22,3727,3802,3714,3752,79869,-0.010026385224274459
2022-04-25,3752,3752,3639,3640,108159,-0.02985074626865669
2022-04-26,3639,3727,3639,3702,27555,0.017032967032966972
2022-04-27,3702,3702,3614,3652,47954,-0.013506212857914646
2022-04-28,3652,3727,3614,3652,29993,0.0
2022-04-29,3677,3714,3639,3665,20603,0.0035596933187294066
2022-05-02,3627,3739,3627,3702,46303,0.010095497953615196
2022-05-03,3702,3752,3664,3740,41598,0.010264721772015095
2022-05-04,3764,3764,3702,3752,77051,0.0032085561497325887
2022-05-06,3689,3752,3627,3752,34530,0.0
2022-05-09,3777,3777,3577,3627,69604,-0.03331556503198296
2022-05-10,3502,3639,3439,3602,95663,-0.006892748828232653
2022-05-11,3639,3664,3552,3640,24852,0.010549694614103267
2022-05-12,3539,3689,3539,3615,31872,-0.006868131868131844
2022-05-13,3589,3689,3539,3627,35354,0.003319502074688785
2022-05-16,3702,3702,3589,3615,20295,-0.003308519437551727
2022-05-17,3589,3664,3552,3615,38887,0.0
2022-05-18,3614,3639,3564,3565,59338,-0.013831258644536604
2022-05-19,3552,3627,3514,3565,34038,0.0
2022-05-20,3577,3577,3539,3565,30868,0.0
2022-05-23,3689,3689,3552,3627,31700,0.017391304347825987
2022-05-24,3639,3639,3552,3577,21878,-0.013785497656465417
2022-05-25,3589,3652,3552,3615,40039,0.010623427453173129
2022-05-26,3614,3614,3402,3477,149477,-0.03817427385892114
2022-05-27,3514,3602,3414,3577,60546,0.028760425654299704
2022-05-30,3577,3627,3527,3565,34202,-0.0033547665641598945
2022-05-31,3564,3614,3514,3552,38835,-0.003646563814866721
2022-06-02,3577,3577,3489,3552,18041,0.0
2022-06-03,3614,3614,3464,3515,35226,-0.01041666666666663
2022-06-07,3489,3577,3452,3452,33799,-0.01792318634423895
2022-06-08,3452,3502,3377,3440,59898,-0.0034762456546929554
2022-06-09,3439,3552,3377,3440,48485,0.0
2022-06-10,3477,3502,3389,3440,39407,0.0
2022-06-13,3402,3427,3264,3327,73369,-0.03284883720930232
2022-06-14,3327,3327,3151,3265,125572,-0.018635407273820292
2022-06-15,3202,3314,3177,3240,62888,-0.007656967840735107
2022-06-16,3389,3389,3214,3215,52531,-0.007716049382716084
2022-06-17,3189,3364,3126,3265,71331,0.015552099533437058
2022-06-20,3352,3352,3051,3202,101943,-0.019295558958652426
2022-06-21,3164,3289,3164,3215,24253,0.004059962523422778
2022-06-22,3189,3252,3051,3139,117977,-0.023639191290824257
2022-06-23,3064,3252,2839,3114,191447,-0.00796431984708501
2022-06-24,3101,3202,3064,3190,71315,0.02440590879897231
2022-06-27,3302,3302,3177,3240,30844,0.01567398119122254
2022-06-28,3239,3239,3126,3202,12340,-0.011728395061728403
2022-06-29,3101,3214,3101,3190,8830,-0.0037476577139288203
2022-06-30,3151,3189,3064,3165,45671,-0.00783699059561127
2022-07-01,3214,3214,3051,3165,41945,0.0
2022-07-04,3239,3239,3064,3077,45355,-0.027804107424960534
2022-07-05,3064,3164,2989,3139,96951,0.020149496262593436
2022-07-06,3177,3177,3051,3114,32647,-0.00796431984708501
2022-07-07,3089,3126,3064,3102,30149,-0.003853564547206201
2022-07-08,3076,3177,3064,3165,73290,0.02030947775628622
2022-07-11,3164,3189,3076,3165,27099,0.0
2022-07-12,3164,3164,3026,3089,21179,-0.024012638230647698
2022-07-13,3101,3214,3039,3190,34370,0.032696665587568896
2022-07-14,3214,3227,3101,3177,27618,-0.004075235109717856
2022-07-15,3277,3289,3151,3215,36841,0.011960969468051585
2022-07-18,3252,3264,3151,3240,23713,0.007776049766718529
2022-07-19,3227,3264,3164,3240,26419,0.0
2022-07-20,3289,3289,3189,3240,14291,0.0
2022-07-21,3277,3277,3177,3252,23129,0.0037037037037037646
2022-07-22,3239,3314,3189,3227,39331,-0.007687576875768709
2022-07-25,3177,3239,3177,3177,14863,-0.015494267121165195
2022-07-26,3189,3289,3189,3227,13188,0.01573811772112066
2022-07-27,3227,3252,3202,3252,15966,0.007747133560582542
2022-07-28,3302,3364,3227,3352,93785,0.03075030750307506
2022-07-29,3402,3402,3289,3377,57599,0.007458233890214716
2022-08-01,3377,3464,3377,3452,54453,0.02220906129700917
2022-08-02,3489,3489,3389,3465,32475,0.0037659327925840813
2022-08-03,3477,3539,3427,3502,53894,0.01067821067821062
2022-08-04,3577,3577,3489,3527,42497,0.007138777841233512
2022-08-05,3589,3589,3514,3552,51060,0.007088176920895917
2022-08-08,3577,3589,3502,3565,31068,0.003659909909909942
2022-08-09,3564,3664,3502,3652,103326,0.02440392706872374
2022-08-10,3677,3677,3552,3590,79194,-0.016976998904709717
2022-08-11,3652,3652,3589,3640,47386,0.013927576601671321
2022-08-12,3639,3664,3514,3652,61317,0.003296703296703285
2022-08-16,3652,3677,3577,3665,159499,0.0035596933187294066
2022-08-17,3677,3689,3577,3615,70275,-0.013642564802182844
2022-08-18,3577,3589,3489,3515,42473,-0.02766251728907332
2022-08-19,3552,3552,3452,3527,35402,0.003413940256045578
2022-08-22,3502,3552,3452,3477,27243,-0.014176353841791944
2022-08-23,3377,3502,3277,3477,83255,0.0
2022-08-24,3489,3552,3389,3502,16901,0.0071901064135748705
2022-08-25,3477,3539,3452,3515,30896,0.003712164477441382
2022-08-26,3527,3527,3452,3502,22158,-0.0036984352773826723
2022-08-29,3502,3502,3352,3402,18424,-0.02855511136493427
2022-08-30,3352,3502,3352,3465,18113,0.0185185185185186
2022-08-31,3489,3502,3364,3440,35350,-0.00721500721500723
2022-09-01,3489,3514,3427,3515,58395,0.021802325581395277
2022-09-02,3527,3552,3389,3427,61237,-0.02503556187766709
2022-09-05,3439,3489,3339,3377,34526,-0.014590020426028638
2022-09-06,3327,3414,3314,3352,23373,-0.007403020432336427
2022-09-07,3427,3427,3314,3352,13979,0.0
2022-09-08,3327,3464,3327,3365,60230,0.0038782816229117056
2022-09-13,3489,3489,3352,3402,60290,0.01099554234769684
2022-09-14,3289,3452,3264,3415,29781,0.0038212815990594784
2022-09-15,3427,3427,3277,3340,87840,-0.02196193265007318
2022-09-16,3339,3339,3264,3302,42885,-0.011377245508982003
2022-09-19,3302,3352,3214,3277,15638,-0.007571168988491861
2022-09-20,3202,3277,3202,3215,10226,-0.018919743667988986
2022-09-21,3214,3252,3101,3127,17493,-0.027371695178849187
2022-09-22,3089,3214,3064,3102,87429,-0.007994883274704212
2022-09-23,3064,3214,3039,3102,102615,0.0
2022-09-26,3051,3076,2864,2877,66966,-0.07253384912959382
2022-09-27,2914,2926,2701,2914,134751,0.012860618700034854
2022-09-28,2914,2926,2789,2889,69004,-0.008579272477693856
2022-09-29,2951,2964,2876,2939,49868,0.017307026652821023
2022-09-30,2901,2989,2864,2927,14475,-0.004083021435862588
2022-10-04,3001,3001,2914,2989,20159,0.021182097710966907
2022-10-05,3014,3014,2876,3014,53746,0.008364001338240223
2022-10-06,3076,3126,3001,3114,17933,0.033178500331785044
2022-10-07,3177,3177,3089,3127,10521,0.004174694926140088
2022-10-11,3076,3126,3001,3102,38260,-0.007994883274704212
2022-10-12,3177,3177,3026,3102,13563,0.0
2022-10-13,3101,3101,2939,3052,86213,-0.01611863313990969
2022-10-14,3089,3114,2926,3077,27119,0.008191349934469239
2022-10-17,3114,3414,3039,3089,605568,0.0038999025024375467
2022-10-18,3051,3051,3001,3039,40614,-0.01618646811265778
2022-10-19,3039,3064,3014,3052,21478,0.0042777229351760315
2022-10-20,3001,3026,2964,2989,22658,-0.020642201834862428
2022-10-21,2976,2976,2851,2852,37508,-0.045834727333556424
2022-10-24,2876,2901,2826,2827,19584,-0.008765778401122026
2022-10-25,2826,2876,2739,2877,41174,0.017686593562080022
2022-10-26,2951,2951,2876,2902,5145,0.008689607229753316
2022-10-27,2939,2939,2864,2914,11505,0.004135079255685792
2022-10-28,2939,2939,2776,2914,33779,0.0
2022-10-31,2851,2976,2851,2852,3678,-0.021276595744680882
2022-11-01,2801,3151,2801,3002,132208,0.05259467040673216
2022-11-02,3089,3089,2964,3039,16402,0.012325116588940643
2022-11-03,3026,3026,2926,3002,6768,-0.012175057584731808
2022-11-04,2976,2989,2964,2977,4173,-0.00832778147901403
2022-11-07,2964,3001,2951,2989,9974,0.004030903594222313
2022-11-08,2951,3039,2939,3002,28442,0.004349280695884916
2022-11-09,2951,2989,2826,2927,59966,-0.024983344437041977
2022-11-10,2926,3001,2901,2927,7479,0.0
2022-11-11,2951,3001,2926,2964,20547,0.012640929279125412
2022-11-14,2976,3001,2889,2989,34014,0.00843454790823217
2022-11-15,2939,2976,2926,2952,20051,-0.01237872198059553
2022-11-16,3001,3001,2889,2952,41554,0.0
2022-11-17,2901,2939,2876,2877,64395,-0.025406504065040636
2022-11-18,2964,3001,2876,2914,31488,0.012860618700034854
2022-11-21,2914,3164,2876,2977,128810,0.021619766643788507
2022-11-22,2926,2989,2901,2927,31116,-0.016795431642593228
2022-11-23,2939,2951,2914,2914,29429,-0.004441407584557577
2022-11-24,2989,2989,2901,2914,28526,0.0
2022-11-25,2951,2951,2926,2952,7107,0.013040494166094652
2022-11-28,3089,3089,2926,2939,18368,-0.004403794037940334
2022-11-29,2964,2989,2889,2977,25440,0.012929567880231474
2022-11-30,2976,2976,2951,2977,12728,0.0
2022-12-01,3014,3014,2951,2964,26367,-0.004366812227074246
2022-12-02,2939,2976,2889,2964,30693,0.0
2022-12-05,2989,2989,2926,2939,19148,-0.00843454790823217
2022-12-06,2939,2939,2889,2889,15946,-0.01701258931609395
2022-12-07,2889,2926,2839,2877,20207,-0.004153686396677014
2022-12-08,2839,2914,2814,2914,25952,0.012860618700034854
2022-12-09,2914,2939,2889,2939,11689,0.008579272477693856
2022-12-12,2964,2976,2914,2952,7735,0.004423273222184498
2022-12-13,2976,3014,2914,2964,22190,0.004065040650406582
2022-12-14,2989,2989,2914,2914,14351,-0.01686909581646423
2022-12-15,2901,2989,2901,2939,11337,0.008579272477693856
2022-12-16,2926,2976,2889,2977,13547,0.012929567880231474
2022-12-19,2951,2964,2926,2952,13803,-0.008397715821296559
2022-12-20,3001,3001,2926,2927,40143,-0.008468834688346916
2022-12-21,2989,2989,2914,2952,7799,0.008541168431841495
2022-12-22,3001,3327,2926,3327,430215,0.12703252032520318
2022-12-23,3477,3477,3252,3377,848846,0.015028554253080806
2022-12-26,3352,3352,3151,3152,279543,-0.06662718389102751
2022-12-27,3101,3264,3076,3114,278383,-0.012055837563451743
2022-12-28,3101,3214,3076,3102,164847,-0.003853564547206201
2022-12-29,3164,3214,3101,3190,201564,0.028368794326241176
2023-01-02,3239,3252,3126,3139,141003,-0.015987460815046983
2023-01-03,3214,3214,2989,3014,155749,-0.039821599235425276
2023-01-04,3014,3026,2889,2964,93749,-0.016589250165892522
2023-01-05,2964,2989,2851,2864,102751,-0.03373819163292846
2023-01-06,2864,2939,2826,2927,48289,0.0219972067039107
2023-01-09,2926,3001,2914,3002,62468,0.025623505295524485
2023-01-10,3001,3001,2939,2964,26799,-0.012658227848101222
2023-01-11,2964,3014,2939,2989,49752,0.00843454790823217
2023-01-12,3001,3177,2964,3027,140919,0.01271328203412514
2023-01-13,3064,3101,3001,3027,28182,0.0
2023-01-16,3064,3076,3001,3052,30021,0.008259002312520636
2023-01-17,3051,3051,2976,3002,37668,-0.016382699868938366
2023-01-18,3064,3064,2964,2989,50048,-0.004330446369087304
2023-01-19,2939,3039,2939,2989,33575,0.0
2023-01-20,3051,3051,2976,3027,25820,0.01271328203412514
2023-01-25,3076,3139,3026,3127,65874,0.03303600925008254
2023-01-26,3126,3144,3094,3144,49952,0.00543652062679878
2023-01-27,3144,3179,3119,3165,60917,0.006679389312977069
2023-01-30,3224,3224,3089,3129,42733,-0.011374407582938395
2023-01-31,3091,3159,3089,3099,66042,-0.009587727708533111
2023-02-01,3136,3151,3081,3117,76763,0.0058083252662148865
2023-02-02,3217,3217,3116,3172,58715,0.01764517163939683
2023-02-03,3214,3214,3154,3197,97602,0.007881462799495642
2023-02-06,3237,3414,3141,3167,660837,-0.00938379730997807
2023-02-07,3214,3377,3192,3240,147443,0.023050205241553545
2023-02-08,3302,3307,3207,3272,80405,0.009876543209876631
2023-02-09,3264,3299,3202,3267,56140,-0.0015281173594131614
2023-02-10,3224,3279,3184,3242,98170,-0.0076522803795531225
2023-02-13,3277,3277,3202,3262,32044,0.0061690314620603814
2023-02-14,3222,3264,3209,3237,37364,-0.007664009809932537
2023-02-15,3237,3334,3237,3292,106137,0.01699104108742655
2023-02-16,3309,3352,3259,3297,73601,0.0015188335358444771
2023-02-17,3389,3389,3312,3345,68772,0.014558689717925288
2023-02-20,3384,3384,3297,3297,44896,-0.014349775784753382
2023-02-21,3297,3299,3249,3252,48365,-0.013648771610555
2023-02-22,3334,3334,3172,3172,63332,-0.024600246002460024
2023-02-23,3164,3214,3164,3205,40310,0.010403530895334079
2023-02-24,3299,3299,3189,3235,27718,0.009360374414976613
2023-02-27,3294,3294,3151,3180,45991,-0.01700154559505407
2023-02-28,3209,3209,3149,3180,32208,0.0
2023-03-02,3179,3187,3146,3177,23225,-0.0009433962264151496
2023-03-03,3177,3177,3129,3177,26123,0.0
2023-03-06,3204,3317,3204,3302,151656,0.039345294302801426
2023-03-07,3327,3327,3252,3300,77999,-0.0006056935190793533
2023-03-08,3294,3294,3202,3215,54150,-0.025757575757575757
2023-03-09,3214,3232,3172,3212,55033,-0.0009331259720062324
2023-03-10,3202,3202,3146,3157,48305,-0.017123287671232834
2023-03-13,3099,3134,3064,3089,83455,-0.02153943617358256
2023-03-14,3064,3066,3001,3019,90846,-0.022661055357720894
2023-03-15,3024,3177,3024,3052,55441,0.010930771778734583
2023-03-16,3054,3066,3019,3052,21290,0.0
2023-03-17,3054,3121,3036,3077,51883,0.008191349934469239
2023-03-20,3076,3174,3071,3127,37324,0.01624959376015589
2023-03-21,3109,3136,3059,3079,24448,-0.015350175887432038
2023-03-22,3094,3126,3041,3127,37596,0.01558947710295544
2023-03-23,3096,3126,3049,3074,41282,-0.016949152542372836
2023-03-24,3074,3131,3061,3114,45223,0.013012361743656387
2023-03-27,3239,3239,3101,3142,47334,0.008991650610147728
2023-03-28,3141,3299,3124,3242,138560,0.031826861871419476
2023-03-29,3257,3557,3192,3212,382106,-0.009253547193090683
2023-03-30,3292,3304,3214,3280,96211,0.021170610211706187
2023-03-31,3279,3327,3249,3310,92561,0.009146341463414531
2023-04-03,3327,3327,3229,3255,147662,-0.0166163141993958
2023-04-04,3299,3299,3224,3245,110738,-0.003072196620583667
2023-04-05,3244,3289,3234,3277,65419,0.00986132511556237
2023-04-06,3267,3284,3249,3267,56476,-0.0030515715593530945
2023-04-07,3252,3289,3252,3257,85634,-0.003060912151821249
2023-04-10,3264,3299,3247,3270,75428,0.003991403131716309
2023-04-11,3269,3337,3257,3282,139448,0.003669724770642091
2023-04-12,3297,3349,3267,3300,93409,0.005484460694698434
2023-04-13,3334,3502,3284,3502,241459,0.06121212121212127
2023-04-14,3527,3529,3427,3440,110574,-0.017704169046259266
2023-04-17,3459,3459,3379,3447,102903,0.002034883720930303
2023-04-18,3429,3469,3404,3427,74081,-0.0058021467943139005
2023-04-19,3444,3444,3377,3420,80949,-0.0020426028596439716
2023-04-20,3422,3422,3339,3340,73681,-0.023391812865497075
2023-04-21,3339,3389,3126,3305,104566,-0.010479041916167664
2023-04-24,3294,3329,3219,3310,78974,0.001512859304084735
2023-04-25,3312,3482,3312,3477,288617,0.05045317220543799
2023-04-26,3487,3824,3442,3825,1040928,0.10008628127696295
2023-04-27,3902,4127,3714,4038,1949896,0.0556862745098039
2023-04-28,4065,4387,3474,3690,3476496,-0.08618127786032692
2023-05-02,3682,3965,3682,3927,948722,0.06422764227642275
2023-05-03,3924,3924,3734,3787,541645,-0.035650623885918
2023-05-04,3719,3794,3714,3730,310735,-0.015051491946131534
2023-05-08,3742,3849,3732,3842,309943,0.03002680965147464
2023-05-09,3822,3995,3812,3937,659882,0.02472670484122852
2023-05-10,3975,3992,3854,3937,412159,0.0
2023-05-11,3955,4015,3884,3945,1108853,0.0020320040640080528
2023-05-12,4730,5120,3855,3865,3316545,-0.020278833967046883
2023-05-15,3950,3995,3470,3500,467270,-0.09443725743855114
2023-05-16,3505,3570,3280,3295,321465,-0.05857142857142861
2023-05-17,3380,3635,3350,3405,524091,0.03338391502276172
2023-05-18,3495,3500,3310,3370,230963,-0.01027900146842875
2023-05-19,3370,3455,3340,3355,126952,-0.004451038575667643
2023-05-22,3370,4290,3365,4005,4639478,0.19374068554396429
2023-05-23,3900,3910,3735,3775,733698,-0.05742821473158555
2023-05-24,3775,3775,3590,3650,287957,-0.0331125827814569
2023-05-25,3655,3690,3495,3545,191555,-0.02876712328767128
2023-05-26,3565,3665,3500,3500,287602,-0.012693935119887145
2023-05-30,3580,3675,3565,3605,240127,0.030000000000000027
2023-05-31,3445,3450,3260,3290,963450,-0.08737864077669899
2023-06-01,3290,3320,3205,3205,344475,-0.02583586626139822
2023-06-02,3135,3230,3130,3160,2826726,-0.01404056162246492
2023-06-05,3165,3195,3100,3135,247158,-0.007911392405063333
2023-06-07,3135,3135,3010,3035,524028,-0.03189792663476876
2023-06-08,3030,3035,2980,2995,311785,-0.01317957166392092
2023-06-09,2980,3065,2980,3035,256971,0.013355592654423987
2023-06-12,3070,3080,2985,3005,177304,-0.009884678747940745
2023-06-13,3010,3045,2990,2990,152873,-0.004991680532445919
2023-06-14,3005,3055,2920,2920,301137,-0.02341137123745818
2023-06-15,2920,2925,2840,2855,264818,-0.022260273972602773
2023-06-16,2875,2990,2865,2990,218175,0.04728546409807355
2023-06-19,2990,2990,2915,2950,127330,-0.013377926421404673
2023-06-20,2940,2980,2895,2925,116557,-0.008474576271186418
2023-06-21,2920,3470,2895,3365,6824545,0.15042735042735034
2023-06-22,3305,3690,3250,3365,2961295,0.0
2023-06-23,3355,3560,3215,3400,1224173,0.010401188707280795
2023-06-26,3410,3570,3330,3440,890668,0.0117647058823529
2023-06-27,3405,3540,3290,3540,898450,0.029069767441860517
2023-06-28,3685,3685,3400,3535,1403343,-0.0014124293785310327
2023-06-29,3495,4230,3495,3685,16246924,0.042432814710042344
2023-06-30,3700,3710,3300,3495,1990601,-0.05156037991858886
2023-07-03,3505,3835,3490,3780,2803642,0.0815450643776825
2023-07-04,3810,3850,3675,3800,1064053,0.005291005291005346
2023-07-05,3820,3840,3690,3690,564837,-0.02894736842105261
2023-07-06,3655,3710,3385,3430,941817,-0.07046070460704612
2023-07-07,3490,3630,3240,3315,1491295,-0.03352769679300294
2023-07-10,3315,3470,3190,3300,712824,-0.004524886877828038
2023-07-11,3320,3525,3320,3430,1045701,0.039393939393939315
2023-07-12,3435,3435,3250,3285,595208,-0.042274052478134094
2023-07-13,3330,3530,3285,3485,638591,0.060882800608828
2023-07-14,3485,3560,3350,3400,516544,-0.024390243902439046
2023-07-17,3460,3545,3335,3445,372942,0.013235294117647012
2023-07-18,3460,3470,3310,3310,285448,-0.03918722786647311
2023-07-19,3315,3345,3100,3110,638017,-0.06042296072507558
2023-07-20,3075,3150,3000,3055,535828,-0.01768488745980712
2023-07-21,3090,3215,3020,3120,417127,0.02127659574468077
2023-07-24,3125,3125,3000,3015,317768,-0.033653846153846145
2023-07-25,3065,3580,3025,3285,6661458,0.08955223880597019
2023-07-26,3125,3150,2925,2940,1542609,-0.10502283105022836
2023-07-27,2950,3000,2910,2935,360914,-0.00170068027210879
2023-07-28,2925,3025,2920,2995,172968,0.020442930153321992
2023-07-31,3025,3085,2980,3010,208382,0.005008347245408995
2023-08-01,3010,3050,2990,3025,253448,0.004983388704318914
2023-08-02,3030,3075,2905,2930,375083,-0.031404958677686
2023-08-03,2910,2930,2795,2810,420722,-0.04095563139931746
2023-08-04,2820,2895,2810,2835,141439,0.008896797153024938
2023-08-07,3160,3625,3100,3245,8324539,0.14462081128747806
2023-08-08,3205,3470,3140,3415,1881217,0.05238828967642517
2023-08-09,3415,3585,3300,3545,1142371,0.038067349926793614
2023-08-10,3530,3650,3485,3525,732525,-0.005641748942172065
2023-08-11,3500,3570,3420,3440,511547,-0.024113475177305
2023-08-14,3440,3505,3390,3410,343384,-0.008720930232558155
2023-08-16,3370,3435,3310,3375,388246,-0.01026392961876832
2023-08-17,3380,3565,3355,3400,772808,0.007407407407407307
2023-08-18,3400,4415,3320,4370,15062302,0.2852941176470589
2023-08-21,4920,5680,4515,5680,47075608,0.29977116704805495
2023-08-22,5030,5120,3980,4105,13378989,-0.27728873239436624
2023-08-23,4090,4495,3850,3900,17124585,-0.049939098660170544
2023-08-24,3820,4015,3750,3875,2570156,-0.0064102564102563875
2023-08-25,3830,3955,3735,3875,2210980,0.0
2023-08-28,3855,4170,3785,3945,4374848,0.01806451612903226
2023-08-29,3945,4260,3905,4060,5403204,0.0291508238276299
2023-08-30,4070,4095,3870,3900,1589229,-0.039408866995073843
2023-08-31,3980,4055,3800,3820,1462639,-0.02051282051282055
2023-09-01,3795,3800,3605,3655,1275007,-0.04319371727748689
2023-09-04,3655,3680,3545,3625,652116,-0.008207934336525335
2023-09-05,3635,3730,3610,3660,695904,0.009655172413793212
2023-09-06,3680,3715,3550,3550,592261,-0.030054644808743203
2023-09-07,3570,3600,3495,3510,523471,-0.011267605633802802
2023-09-08,3515,3610,3505,3535,350749,0.007122507122507171
2023-09-11,3525,3665,3525,3590,590032,0.01555869872701554
2023-09-12,3605,3700,3470,3470,610138,-0.03342618384401119
2023-09-13,3440,3510,3340,3385,633533,-0.02449567723342938
2023-09-14,3385,3535,3360,3505,458950,0.03545051698670609
2023-09-15,3530,3565,3485,3525,291339,0.005706134094151105
2023-09-18,3515,3515,3440,3455,213656,-0.019858156028368823
2023-09-19,3435,3540,3435,3460,325697,0.0014471780028944004
2023-09-20,3495,3495,3375,3405,268713,-0.01589595375722541
2023-09-21,3400,3575,3385,3450,509317,0.013215859030837107
2023-09-22,3440,3495,3340,3340,427214,-0.03188405797101446
2023-09-25,3290,3320,3160,3195,498676,-0.04341317365269459
2023-09-26,3200,3535,3185,3225,805896,0.009389671361502261
2023-09-27,3150,3370,3150,3295,234902,0.02170542635658923
2023-10-04,3225,3600,3015,3140,1435567,-0.047040971168436974
2023-10-05,3155,3385,2970,3005,1012297,-0.042993630573248454
2023-10-06,3005,3690,3005,3290,10194694,0.09484193011647246
2023-10-10,3260,3270,3025,3035,1162228,-0.07750759878419455
2023-10-11,3045,3240,3040,3145,707605,0.036243822075782584
2023-10-12,3160,3230,3150,3160,369399,0.004769475357710551
2023-10-13,3175,3175,3030,3090,327840,-0.022151898734177222
2023-10-16,3050,3080,2960,3010,388942,-0.02588996763754048
2023-10-17,3025,3150,3025,3085,187308,0.024916943521594792
2023-10-18,3085,3150,3060,3060,164766,-0.008103727714748765
2023-10-19,3040,3040,2940,2950,296819,-0.03594771241830064
2023-10-20,2935,3010,2865,2935,276445,-0.005084745762711895
2023-10-23,2930,2955,2865,2865,160027,-0.023850085178875657
2023-10-24,2895,3015,2850,3005,360546,0.048865619546247796
2023-10-25,3045,3070,2980,3005,252124,0.0
2023-10-26,2985,2990,2870,2880,275668,-0.04159733777038266
2023-10-27,2930,2965,2875,2890,192582,0.003472222222222321
2023-10-30,2870,3030,2870,2945,266575,0.01903114186851207
2023-10-31,2990,3265,2910,2910,1079789,-0.011884550084889645
2023-11-01,2945,3030,2940,2950,174682,0.013745704467353903
2023-11-02,3000,3035,2985,3025,162725,0.025423728813559254
2023-11-03,3045,3060,2990,3045,146605,0.006611570247933907
2023-11-06,3060,3090,3030,3080,240209,0.011494252873563315
2023-11-07,3040,3070,2955,2980,233457,-0.03246753246753242
2023-11-08,3020,3025,2965,2980,139475,0.0
2023-11-09,2975,3040,2930,2955,191762,-0.008389261744966459
2023-11-10,2945,2965,2895,2905,120245,-0.016920473773265665
2023-11-13,2910,2995,2875,2890,167028,-0.005163511187607606
2023-11-14,2885,2945,2885,2930,76882,0.01384083044982698
2023-11-15,2960,2995,2925,2935,222253,0.0017064846416381396
2023-11-16,2955,2985,2935,2975,107339,0.013628620102214661
2023-11-17,2970,2970,2910,2910,141625,-0.021848739495798353
2023-11-20,2920,2960,2920,2930,116607,0.0068728522336769515
2023-11-21,2940,3015,2940,2990,210861,0.020477815699658786
2023-11-22,2965,3010,2925,2940,181633,-0.01672240802675584
2023-11-23,2940,2985,2910,2915,145696,-0.008503401360544172
2023-11-24,2905,2935,2900,2900,161639,-0.005145797598627766
2023-11-27,2925,2925,2825,2875,280186,-0.008620689655172376
2023-11-28,2875,2875,2835,2865,116808,-0.003478260869565264
2023-11-29,2840,2915,2840,2900,153221,0.01221640488656206
2023-11-30,2905,2915,2880,2910,64066,0.0034482758620688614
2023-12-01,2920,2920,2860,2905,112371,-0.0017182130584192379
2023-12-04,2905,2905,2845,2850,180736,-0.018932874354561147
2023-12-05,2825,2865,2825,2830,103589,-0.007017543859649145
2023-12-06,2825,2855,2810,2850,144405,0.007067137809187329
2023-12-07,2840,2840,2810,2810,115937,-0.01403508771929829
2023-12-08,2820,2850,2815,2840,72386,0.01067615658362997
2023-12-11,2840,2870,2830,2870,129313,0.010563380281690238
2023-12-12,2850,2875,2850,2860,86757,-0.0034843205574912606
2023-12-13,2855,2875,2775,2775,215002,-0.029720279720279685
2023-12-14,2790,2820,2745,2775,247556,0.0
2023-12-15,2765,2870,2760,2825,262908,0.018018018018018056
2023-12-18,2825,2830,2750,2765,160888,-0.0212389380530974
2023-12-19,2760,2765,2725,2750,130991,-0.005424954792043413
2023-12-20,2765,2785,2750,2775,91186,0.009090909090909038
2023-12-21,2775,2870,2745,2775,267275,0.0
2023-12-22,2780,2825,2745,2760,133798,-0.00540540540540535
2023-12-26,2780,2940,2710,2710,1050338,-0.018115942028985477
2023-12-27,2710,2760,2705,2750,133808,0.014760147601476037
2023-12-28,2755,2760,2730,2755,98747,0.0018181818181817189
2024-01-02,2755,3145,2745,2925,5199611,0.061705989110707904
2024-01-03,2925,2930,2875,2895,433218,-0.01025641025641022
2024-01-04,2910,3120,2830,2915,2365967,0.006908462867012188
2024-01-05,2905,2960,2880,2880,310129,-0.012006861063464824
2024-01-08,2875,2955,2870,2910,193338,0.01041666666666674
2024-01-09,2910,3120,2910,2960,1789074,0.01718213058419238
2024-01-10,2965,3025,2935,2965,419984,0.0016891891891892552
2024-01-11,2990,2995,2945,2980,310737,0.005059021922428242
2024-01-12,3030,3030,2895,2910,333789,-0.023489932885906062
2024-01-15,2890,2925,2865,2890,173445,-0.0068728522336769515
2024-01-16,2890,2915,2850,2885,113730,-0.0017301038062284002
2024-01-17,2860,2880,2800,2825,252472,-0.020797227036395194
2024-01-18,2805,2900,2805,2855,107285,0.010619469026548645
2024-01-19,2855,2930,2835,2875,109296,0.007005253940455258
2024-01-22,2890,2940,2870,2920,154527,0.01565217391304352
2024-01-23,2920,3215,2895,2990,3747582,0.023972602739726012
2024-01-24,2980,3130,2950,3010,1338253,0.006688963210702337
2024-01-25,2980,3050,2950,2965,443622,-0.014950166112956853
2024-01-26,2970,3690,2950,3470,22860410,0.1703204047217537
2024-01-29,3330,3500,3300,3500,6813829,0.008645533141210304
2024-01-30,3800,4275,3535,3620,55076036,0.03428571428571425
2024-01-31,3570,3775,3440,3775,8771992,0.04281767955801108
2024-02-01,3540,3545,3245,3310,4233370,-0.12317880794701985
2024-02-02,3310,3435,3165,3210,5435355,-0.030211480362537735
2024-02-05,3175,3210,3080,3120,1197281,-0.028037383177570097
2024-02-06,3090,3120,2990,3050,927158,-0.022435897435897467
2024-02-07,3025,3080,2990,2995,907962,-0.0180327868852459
2024-02-08,3015,3140,2995,3090,692422,0.03171953255425719
2024-02-13,3100,3155,3080,3125,553513,0.01132686084142387
2024-02-14,3080,3170,3015,3135,503359,0.0032000000000000917
2024-02-15,3135,3165,3070,3130,413414,-0.0015948963317384823
2024-02-16,3140,3140,3050,3055,430421,-0.02396166134185307
2024-02-19,3045,3090,3045,3075,308420,0.00654664484451728
2024-02-20,3085,3130,3050,3075,296621,0.0
2024-02-21,3075,3105,3025,3050,259090,-0.008130081300813052
2024-02-22,3055,3075,3020,3045,263229,-0.0016393442622950616
2024-02-23,3045,3065,2975,2995,379429,-0.016420361247947435
2024-02-26,2990,3055,2985,3000,191071,0.0016694490818029983
2024-02-27,2985,3025,2955,3005,292312,0.0016666666666667052
2024-02-28,2985,3030,2985,3015,155075,0.0033277870216306127
2024-02-29,3035,3040,2955,2955,228939,-0.01990049751243783
2024-03-04,2960,2965,2905,2910,248668,-0.015228426395939132
2024-03-05,2910,2930,2860,2880,201432,-0.010309278350515427
2024-03-06,2885,2960,2830,2850,201179,-0.01041666666666663
2024-03-07,2850,2880,2805,2810,253039,-0.01403508771929829
2024-03-08,2815,2885,2815,2875,140725,0.02313167259786475
2024-03-11,2865,2895,2815,2845,153109,-0.01043478260869568
2024-03-12,2860,2950,2830,2900,346643,0.019332161687170446
2024-03-13,2900,2940,2880,2915,145589,0.005172413793103514
2024-03-14,2915,2945,2845,2905,203758,-0.0034305317324184736
2024-03-15,2905,2925,2840,2910,227225,0.001721170395869276
2024-03-18,2890,2940,2885,2915,118118,0.0017182130584192379
2024-03-19,2895,3065,2885,2980,410797,0.022298456260720467
2024-03-20,2980,2990,2925,2940,141148,-0.01342281879194629
2024-03-21,2950,2990,2950,2980,138546,0.013605442176870763
2024-03-22,2970,3000,2955,2975,121262,-0.001677852348993314
2024-03-25,2970,3000,2935,2985,205315,0.003361344537815114
2024-03-26,3000,3025,2950,2960,207245,-0.008375209380234505
2024-03-27,3020,3020,2905,2920,234170,-0.013513513513513487
2024-03-28,2900,2945,2900,2910,88165,-0.003424657534246589
2024-03-29,2910,2940,2845,2875,257026,-0.012027491408934665
2024-04-01,2875,2975,2875,2970,192161,0.03304347826086951
2024-04-02,2990,3005,2880,2945,256689,-0.008417508417508435
2024-04-03,2895,2970,2890,2910,159393,-0.011884550084889645
2024-04-04,2925,2995,2900,2925,157138,0.005154639175257714
2024-04-05,2875,2910,2850,2850,208432,-0.02564102564102566
2024-04-08,2865,2875,2775,2795,221530,-0.019298245614035037
2024-04-09,2785,2840,2760,2800,100627,0.0017889087656528524
2024-04-11,2745,2810,2745,2800,73349,0.0
2024-04-12,2800,2820,2765,2800,104264,0.0
2024-04-15,2770,2915,2735,2870,227779,0.02499999999999991
2024-04-16,2865,2930,2835,2880,165360,0.0034843205574912606
2024-04-17,2850,2910,2850,2860,123085,-0.00694444444444442
2024-04-18,2860,2930,2860,2910,125364,0.0174825174825175
2024-04-19,2910,2930,2845,2920,107102,0.0034364261168384758
2024-04-22,2905,2945,2865,2900,112919,-0.006849315068493178
2024-04-23,2875,2985,2875,2890,148617,-0.0034482758620689724
2024-04-24,2890,2960,2890,2935,118986,0.015570934256055269
2024-04-25,2935,2950,2915,2915,63572,-0.006814310051107331
2024-04-26,2900,2955,2895,2900,88021,-0.005145797598627766
2024-04-29,2885,2935,2885,2910,41400,0.0034482758620688614
2024-04-30,2910,2990,2910,2990,157264,0.027491408934707806
2024-05-02,3020,3185,2990,3015,2123446,0.008361204013378032
2024-05-03,3015,3100,3005,3025,299667,0.0033167495854062867
2024-05-07,3015,3050,3000,3015,154186,-0.0033057851239669533
2024-05-08,3030,3105,3010,3065,191563,0.016583747927031434
2024-05-09,3050,3235,3045,3170,739147,0.034257748776509
2024-05-10,3200,3200,3100,3150,260743,-0.006309148264984188
2024-05-13,3150,3190,3100,3140,227796,-0.0031746031746031633
2024-05-14,3140,3230,3125,3180,264850,0.01273885350318471
2024-05-16,3235,3235,3180,3180,257217,0.0
2024-05-17,3185,3195,3130,3170,160065,-0.0031446540880503138
2024-05-20,3140,3320,3140,3180,610053,0.003154574132492094
2024-05-21,3230,3230,3060,3150,285453,-0.009433962264150941
2024-05-22,3150,3300,3125,3190,519169,0.012698412698412653
2024-05-23,3200,3210,3105,3145,127365,-0.014106583072100332
2024-05-24,3110,3165,3100,3130,116810,-0.004769475357710662
2024-05-27,3175,3175,3090,3120,106360,-0.0031948881789137795
2024-05-28,3100,3150,3090,3100,98685,-0.0064102564102563875
2024-05-29,3095,3130,3050,3120,117326,0.006451612903225712
2024-05-30,3110,3120,3040,3050,104356,-0.022435897435897467
2024-05-31,3020,3080,3020,3060,72937,0.003278688524590123
2024-06-03,3055,3095,3010,3095,113009,0.011437908496731986
2024-06-04,3095,3110,3025,3040,96640,-0.017770597738287597
2024-06-05,3085,3085,2985,2985,139226,-0.018092105263157854
2024-06-07,2995,3015,2825,3005,144063,0.00670016750418756
2024-06-10,3005,3005,2905,2965,72285,-0.01331114808652245
2024-06-11,2990,3075,2955,2975,92474,0.003372681281618828
2024-06-12,2990,3045,2975,2990,105131,0.005042016806722671
2024-06-13,3015,3070,2965,2980,98683,-0.0033444816053511683
2024-06-14,2970,3020,2875,2985,106222,0.001677852348993314
2024-06-17,2985,2990,2930,2935,73225,-0.01675041876046901
2024-06-18,2935,2945,2905,2915,52705,-0.006814310051107331
2024-06-19,2915,2925,2850,2885,156815,-0.010291595197255532
2024-06-20,2875,2900,2855,2855,67356,-0.010398613518197597
2024-06-21,2855,2865,2800,2825,147952,-0.010507880910682998
2024-06-24,2810,2875,2810,2830,92719,0.001769911504424737
2024-06-25,2820,2865,2815,2820,44558,-0.0035335689045936647
2024-06-26,2825,2910,2825,2860,58350,0.014184397163120588
2024-06-27,2870,2885,2840,2850,27275,-0.0034965034965035446
2024-06-28,2815,2865,2815,2850,32794,0.0
2024-07-01,2860,3230,2840,2920,2171120,0.024561403508772006
2024-07-02,2915,2935,2875,2905,171675,-0.005136986301369828
2024-07-03,2900,2920,2845,2845,155176,-0.02065404475043031
2024-07-04,2845,2885,2840,2875,45456,0.010544815465729274
2024-07-05,2870,2875,2820,2835,104143,-0.013913043478260834
2024-07-08,2825,2875,2815,2870,90109,0.012345679012345734
2024-07-09,2860,2910,2825,2865,52675,-0.0017421602787456303
2024-07-10,2840,2860,2830,2855,36954,-0.003490401396160525
2024-07-11,2855,2985,2835,2875,229498,0.007005253940455258
2024-07-12,2890,2915,2845,2860,75174,-0.00521739130434784
2024-07-15,2875,2880,2850,2860,43430,0.0
2024-07-16,2850,2870,2835,2860,64991,0.0
2024-07-17,2855,2875,2840,2845,56572,-0.005244755244755206
2024-07-18,2835,2850,2775,2780,177448,-0.02284710017574687
2024-07-19,2760,2800,2760,2775,63101,-0.0017985611510791255
2024-07-22,2750,2790,2735,2750,101808,-0.009009009009009028
2024-07-23,2750,2780,2745,2755,34178,0.0018181818181817189
2024-07-24,2765,2785,2745,2755,36321,0.0
2024-07-25,2740,2740,2700,2725,107213,-0.010889292196007205
2024-07-26,2715,2750,2710,2725,34782,0.0
2024-07-29,2720,2760,2720,2755,23787,0.011009174311926495
2024-07-30,2740,2750,2700,2705,94556,-0.01814882032667875
2024-07-31,2690,2705,2485,2560,460793,-0.05360443622920519
2024-08-01,2600,2675,2570,2655,99537,0.037109375
2024-08-02,2645,2645,2505,2515,125509,-0.052730696798493404
2024-08-05,2515,2515,2030,2030,426194,-0.19284294234592447
2024-08-06,1966,2215,1966,2215,311648,0.09113300492610832
2024-08-07,2235,2330,2200,2265,94477,0.02257336343115135
2024-08-08,2265,2310,2175,2270,76232,0.002207505518763808
2024-08-09,2270,2330,2270,2330,77523,0.026431718061673992
2024-08-12,2300,2390,2300,2355,34913,0.010729613733905685
2024-08-13,2355,2400,2315,2365,56413,0.00424628450106157
2024-08-14,2365,2445,2365,2410,53634,0.019027484143763207
2024-08-16,2425,2440,2375,2385,47894,-0.010373443983402453
2024-08-19,2385,2435,2370,2380,28564,-0.002096436058700246
2024-08-20,2385,2495,2385,2440,63547,0.025210084033613356
2024-08-21,2435,2535,2415,2420,132395,-0.008196721311475419
2024-08-22,2445,2450,2330,2375,42392,-0.018595041322314043
2024-08-23,2350,2420,2340,2360,22613,-0.0063157894736841635
2024-08-26,2370,2380,2350,2375,24926,0.006355932203389925
2024-08-27,2345,2375,2345,2365,24293,-0.004210526315789442
2024-08-28,2380,2380,2300,2325,48117,-0.016913319238900604
2024-08-29,2270,2330,2270,2300,41141,-0.010752688172043001
2024-08-30,2270,2350,2270,2310,49062,0.004347826086956497
2024-09-02,2300,2310,2290,2295,13124,-0.00649350649350644
2024-09-03,2285,2325,2280,2280,38129,-0.006535947712418277
2024-09-04,2230,2280,2190,2255,56810,-0.010964912280701733
2024-09-05,2235,2255,2170,2190,62120,-0.02882483370288247
2024-09-06,2175,2700,2175,2245,8630106,0.02511415525114158
2024-09-09,2135,2240,2115,2190,450542,-0.024498886414253906
2024-09-10,2190,2275,2120,2130,378892,-0.0273972602739726
2024-09-11,2160,2595,2160,2235,4322910,0.04929577464788726
2024-09-12,2240,2355,2240,2325,386828,0.04026845637583887
2024-09-13,2300,2365,2265,2280,359748,-0.01935483870967747
2024-09-19,2290,2345,2245,2330,176549,0.021929824561403466
2024-09-20,2330,2385,2320,2325,158160,-0.0021459227467811592
2024-09-23,2345,2425,2330,2400,218748,0.032258064516129004
2024-09-24,2395,2470,2375,2470,192408,0.029166666666666563
2024-09-25,2455,2490,2445,2445,135397,-0.010121457489878583
2024-09-26,2460,2530,2460,2495,107173,0.020449897750511203
2024-09-27,2530,2530,2420,2455,92460,-0.01603206412825653
2024-09-30,2455,2470,2375,2400,100280,-0.022403258655804503
2024-10-02,2400,2445,2380,2400,116877,0.0
2024-10-04,2425,2500,2400,2440,75876,0.016666666666666607
2024-10-07,2440,2530,2440,2525,97312,0.0348360655737705
2024-10-08,2500,2545,2485,2525,77678,0.0
2024-10-10,2530,2550,2490,2510,46446,-0.005940594059405946
2024-10-11,2490,2560,2460,2460,89554,-0.019920318725099584
2024-10-14,2540,2650,2475,2495,320604,0.014227642276422703
2024-10-15,2560,2580,2505,2560,98713,0.02605210420841675
2024-10-16,2550,2550,2505,2515,33978,-0.017578125
2024-10-17,2365,2520,2365,2415,86330,-0.03976143141153077
2024-10-18,2395,2550,2395,2435,76061,0.008281573498964745
2024-10-21,2435,2675,2390,2485,275589,0.02053388090349073
2024-10-22,2480,2530,2465,2530,60422,0.01810865191146882
2024-10-23,2510,2530,2440,2475,55745,-0.021739130434782594
2024-10-24,2435,2465,2395,2455,49714,-0.008080808080808133
2024-10-25,2440,2455,2400,2445,50824,-0.004073319755600768
2024-10-28,2455,2470,2420,2455,33223,0.004089979550102152
2024-10-29,2430,2460,2405,2450,18899,-0.0020366598778004397
2024-10-30,2450,2490,2430,2465,18977,0.00612244897959191
2024-10-31,2445,2470,2415,2450,21464,-0.006085192697768749
2024-11-01,2435,2460,2400,2400,32165,-0.020408163265306145
2024-11-04,2430,2430,2310,2410,36043,0.004166666666666652
2024-11-05,2410,2485,2390,2410,53178,0.0
2024-11-06,2415,2455,2395,2395,21143,-0.006224066390041472
2024-11-07,2385,2410,2365,2410,45826,0.006263048016701411
2024-11-08,2410,2435,2395,2415,34645,0.0020746887966804906
2024-11-11,2420,2430,2305,2325,48761,-0.037267080745341574
2024-11-12,2325,2430,2195,2290,144998,-0.01505376344086018
2024-11-13,2240,2275,2135,2140,133964,-0.06550218340611358
2024-11-14,2140,2160,2000,2010,101896,-0.06074766355140182
2024-11-15,2010,2210,2005,2065,105122,0.027363184079602032
2024-11-18,2065,2150,2040,2150,39453,0.041162227602905554
2024-11-19,2150,2175,2115,2125,36550,-0.011627906976744207
2024-11-20,2125,2170,2075,2090,49834,-0.016470588235294126
2024-11-21,2090,2125,2030,2070,56257,-0.009569377990430672
2024-11-22,2060,2100,2030,2060,33144,-0.004830917874396157
2024-11-25,2060,2090,2045,2085,39984,0.012135922330097193
2024-11-26,2095,2105,2050,2105,32598,0.00959232613908867
2024-11-27,2105,2110,2070,2105,16900,0.0
2024-11-28,2105,2105,2065,2065,30720,-0.019002375296912066
2024-11-29,2055,2055,2005,2010,69263,-0.0266343825665859
2024-12-02,2010,2025,1900,1920,151708,-0.04477611940298509
2024-12-03,1905,1970,1903,1950,63080,0.015625
2024-12-04,1911,1942,1836,1906,71841,-0.022564102564102573
2024-12-05,1888,2140,1836,1909,197955,0.0015739769150051597
2024-12-06,1909,1928,1851,1918,59222,0.004714510214772094
2024-12-09,1915,1915,1760,1770,204331,-0.07716371220020857
2024-12-10,1770,1898,1770,1898,88228,0.072316384180791
2024-12-11,1900,1982,1849,1957,59004,0.031085353003161176
2024-12-12,1957,1957,1899,1924,27433,-0.016862544711292782
2024-12-13,1935,1977,1914,1976,46884,0.027027027027026973
2024-12-16,1976,2025,1970,2010,48633,0.0172064777327936
2024-12-17,2015,2030,1960,1999,36420,-0.005472636815920362
2024-12-18,1999,1999,1977,1990,36382,-0.004502251125562795
2024-12-19,1990,1990,1929,1946,23659,-0.022110552763819125
2024-12-20,1946,1946,1868,1868,60196,-0.04008221993833505
2024-12-23,1860,1939,1860,1937,17466,0.03693790149892928
2024-12-24,1936,1940,1919,1932,14558,-0.0025813113061434745
2024-12-26,1914,1940,1910,1922,45690,-0.005175983436852993
2024-12-27,1900,1922,1880,1910,37320,-0.00624349635796051
2024-12-30,1910,1913,1880,1908,18119,-0.0010471204188481353
2025-01-02,1910,1941,1907,1930,23335,0.011530398322851187
2025-01-03,1930,1960,1930,1930,39793,0.0
2025-01-06,1940,2055,1930,2050,60975,0.06217616580310881
2025-01-07,2045,2065,1998,2000,56877,-0.024390243902439046
2025-01-08,1980,2055,1980,1999,19644,-0.0004999999999999449
2025-01-09,1999,2010,1988,1999,20329,0.0
2025-01-10,1999,2010,1952,2000,30141,0.0005002501250626068
2025-01-13,2010,2030,1988,2015,27853,0.007500000000000062
2025-01-14,2020,2025,1992,2015,21414,0.0
2025-01-15,2015,2110,1999,2060,125699,0.022332506203474045
2025-01-16,2060,2090,2050,2070,37516,0.004854368932038833
2025-01-17,2070,2090,2050,2070,34190,0.0
2025-01-20,2080,2080,1999,2035,54361,-0.016908212560386437
2025-01-21,2050,2050,1998,2015,51037,-0.009828009828009798
2025-01-22,2030,2080,2015,2060,42975,0.022332506203474045
2025-01-23,2060,2080,2015,2070,31207,0.004854368932038833
2025-01-24,2070,2175,2060,2075,105689,0.0024154589371980784
2025-01-31,2045,2170,2045,2115,97411,0.01927710843373487
2025-02-03,2140,2140,2015,2040,126441,-0.03546099290780147
2025-02-04,2140,2140,2030,2045,61853,0.002450980392156854
2025-02-05,2050,2095,2040,2045,51814,0.0
2025-02-06,2050,2100,2050,2075,40482,0.014669926650366705
2025-02-07,2085,2090,2015,2080,71820,0.002409638554216942
2025-02-10,2095,2095,2030,2075,38589,-0.0024038461538461453
2025-02-11,2075,2270,2075,2135,430156,0.028915662650602414
2025-02-12,2130,2255,2110,2160,140851,0.011709601873536313
2025-02-13,2160,2185,2145,2170,47843,0.004629629629629539
2025-02-14,2170,2200,2135,2165,59149,-0.0023041474654378336
2025-02-17,2150,2210,2130,2140,110745,-0.011547344110854452
2025-02-18,2140,2220,2140,2215,125527,0.035046728971962704
2025-02-19,2215,2230,2180,2200,65290,-0.006772009029345383
2025-02-20,2205,2205,2165,2180,72420,-0.009090909090909038
2025-02-21,2195,2350,2175,2240,140651,0.02752293577981657
2025-02-24,2255,2275,2210,2275,47892,0.015625
2025-02-25,2270,2405,2225,2355,177708,0.03516483516483526
2025-02-26,2330,2415,2275,2315,126284,-0.01698513800424628
2025-02-27,2300,2400,2250,2370,90295,0.023758099352051865
2025-02-28,2350,2365,2305,2330,57360,-0.016877637130801704
2025-03-04,2280,2330,2270,2280,40701,-0.02145922746781115
2025-03-05,2280,2370,2280,2315,42790,0.015350877192982448
2025-03-06,2305,2420,2265,2380,100599,0.02807775377969768
2025-03-07,2340,2395,2305,2350,50996,-0.012605042016806678
2025-03-10,2350,2400,2290,2385,106221,0.014893617021276562
2025-03-11,2330,2350,2270,2300,104409,-0.03563941299790352
2025-03-12,2305,2335,2270,2270,37710,-0.013043478260869601
2025-03-13,2270,2305,2205,2215,51412,-0.024229074889867808
2025-03-14,2215,2260,2195,2250,39062,0.015801354401805856
2025-03-17,2255,2300,2200,2260,39540,0.004444444444444473
