Date,Open,High,Low,Close,Volume,Change
2022-01-03,379000,381000,375500,376000,378920,-0.006605019815059454
2022-01-04,376000,376000,365000,365500,803676,-0.027925531914893664
2022-01-05,362000,362000,352000,355000,1151703,-0.028727770177838563
2022-01-06,348500,349500,337500,338500,1280916,-0.04647887323943667
2022-01-07,338000,343500,337000,338000,787839,-0.001477104874446078
2022-01-10,339000,339500,329000,335000,828611,-0.00887573964497046
2022-01-11,336000,344500,334500,335000,805084,0.0
2022-01-12,339500,352500,339500,345500,1047713,0.03134328358208949
2022-01-13,348000,352000,344000,348000,677226,0.00723589001447178
2022-01-14,341000,342500,335500,342000,504907,-0.017241379310344862
2022-01-17,340500,346500,339500,343500,418789,0.004385964912280604
2022-01-18,346500,348000,335500,338000,441573,-0.01601164483260553
2022-01-19,330000,334000,328000,332500,749338,-0.016272189349112454
2022-01-20,331000,336500,326500,335000,695553,0.007518796992481258
2022-01-21,330500,340500,330000,333000,580928,-0.005970149253731294
2022-01-24,333000,334000,327500,328500,494977,-0.013513513513513487
2022-01-25,329500,331500,318000,322000,799996,-0.019786910197869156
2022-01-26,318500,321000,312000,313000,811297,-0.02795031055900621
2022-01-27,307000,315500,303000,303000,949565,-0.03194888178913735
2022-01-28,297000,311000,297000,310000,974351,0.02310231023102305
2022-02-03,325500,326000,320000,320500,884438,0.03387096774193554
2022-02-04,321500,329500,321000,327500,548945,0.021840873634945357
2022-02-07,328500,329000,320500,327000,492656,-0.0015267175572518665
2022-02-08,329000,329500,320000,322000,427530,-0.015290519877675823
2022-02-09,324000,327000,322000,326000,377538,0.012422360248447228
2022-02-10,326500,337500,326500,331500,701866,0.016871165644171793
2022-02-11,326500,330500,323500,327500,450896,-0.012066365007541435
2022-02-14,326000,327000,318000,322000,424845,-0.016793893129770976
2022-02-15,325000,325500,316000,318500,335584,-0.010869565217391353
2022-02-16,322500,325500,320000,324500,447832,0.018838304552590168
2022-02-17,325000,328000,319000,324500,481773,0.0
2022-02-18,319500,320000,315500,318000,549382,-0.02003081664098616
2022-02-21,311000,318500,308000,318000,550016,0.0
2022-02-22,309500,313000,308000,313000,484404,-0.01572327044025157
2022-02-23,316000,316500,308500,309000,443348,-0.012779552715655007
2022-02-24,305000,306000,300000,302500,666538,-0.021035598705501646
2022-02-25,308000,317500,305000,314500,857872,0.03966942148760322
2022-02-28,312000,318500,310500,318000,542469,0.0111287758346581
2022-03-02,319000,319500,312000,317000,546099,-0.0031446540880503138
2022-03-03,319000,327000,318500,325500,580888,0.02681388012618302
2022-03-04,325500,326000,317000,317500,445607,-0.02457757296466978
2022-03-07,309000,309500,305000,307000,535033,-0.03307086614173227
2022-03-08,302000,309500,301500,304500,559921,-0.008143322475570036
2022-03-10,319000,337000,316000,330500,1521280,0.08538587848932666
2022-03-11,330000,332000,323000,329000,737003,-0.004538577912254205
2022-03-14,328500,338000,325000,329000,679812,0.0
2022-03-15,328500,335000,326000,327500,627012,-0.00455927051671734
2022-03-16,333500,334000,324000,330500,584708,0.009160305343511421
2022-03-17,337500,348000,337500,344500,1070200,0.04236006051437213
2022-03-18,345000,346500,341500,344500,722326,0.0
2022-03-21,347500,347500,336000,339000,398441,-0.01596516690856309
2022-03-22,340000,341000,336000,339500,301259,0.001474926253687281
2022-03-23,343000,347500,341500,345500,504911,0.01767304860088359
2022-03-24,339500,342000,335000,340000,528012,-0.01591895803183796
2022-03-25,339500,340000,332500,333000,559026,-0.020588235294117685
2022-03-28,329500,332500,324000,331500,356589,-0.0045045045045044585
2022-03-29,334500,338000,332000,334000,323767,0.007541478129713397
2022-03-30,342000,342000,337000,339000,454373,0.014970059880239583
2022-03-31,341500,342000,338500,340500,427064,0.004424778761061843
2022-04-01,340000,340500,335500,335500,446987,-0.014684287812041119
2022-04-04,335500,339000,332000,338000,283687,0.007451564828613977
2022-04-05,340500,343000,338000,342500,389951,0.013313609467455523
2022-04-06,336500,338000,329000,330000,647201,-0.03649635036496346
2022-04-07,323000,328500,321000,321000,493204,-0.027272727272727226
2022-04-08,322000,324500,311500,316500,626173,-0.014018691588784993
2022-04-11,311000,313000,308000,313000,507362,-0.011058451816745696
2022-04-12,306000,311000,305000,308500,467984,-0.014376996805111841
2022-04-13,306000,311500,304000,310500,519629,0.006482982171799101
2022-04-14,311500,315500,308500,313000,459979,0.008051529790660261
2022-04-15,309000,314000,305500,308500,369642,-0.014376996805111841
2022-04-18,306000,308000,305000,306500,209787,-0.00648298217179899
2022-04-19,308000,314000,307500,312000,371024,0.01794453507340954
2022-04-20,315500,317000,312000,315500,496286,0.011217948717948678
2022-04-21,310500,311000,306000,309500,803990,-0.019017432646592725
2022-04-22,302000,304000,299500,300000,1166406,-0.030694668820678506
2022-04-25,292500,295000,288000,288500,823308,-0.03833333333333333
2022-04-26,288500,291500,285000,287000,804555,-0.005199306759098743
2022-04-27,279500,282000,277000,280500,875090,-0.022648083623693416
2022-04-28,286000,286000,278500,280500,547958,0.0
2022-04-29,282500,287500,281500,286500,540274,0.021390374331550888
2022-05-02,281000,282500,279000,281000,509250,-0.01919720767888311
2022-05-03,280500,284000,280000,282000,419535,0.003558718861210064
2022-05-04,282000,287000,279500,282000,394212,0.0
2022-05-06,272500,275000,268000,272000,787063,-0.03546099290780147
2022-05-09,269500,277000,269000,275000,538607,0.011029411764705843
2022-05-10,269000,277500,269000,276000,732705,0.0036363636363636598
2022-05-11,273500,279000,273000,279000,473201,0.010869565217391353
2022-05-12,273500,276000,270000,270000,611860,-0.032258064516129004
2022-05-13,272000,275000,269500,274500,474153,0.016666666666666607
2022-05-16,278000,279000,273000,273500,385763,-0.0036429872495445936
2022-05-17,273500,276000,272000,275500,430794,0.007312614259597838
2022-05-18,279500,280500,275000,276500,536493,0.003629764065335772
2022-05-19,268500,273000,266500,271500,625683,-0.018083182640144635
2022-05-20,270000,277000,269000,275000,468832,0.012891344383057168
2022-05-23,275000,278000,273500,277500,317519,0.009090909090909038
2022-05-24,275000,275500,266000,266000,574617,-0.04144144144144146
2022-05-25,266500,268500,262500,266000,533307,0.0
2022-05-26,269500,272500,266000,266000,541194,0.0
2022-05-27,271000,272000,268500,270000,481191,0.015037593984962516
2022-05-30,274000,282500,273500,281000,751170,0.040740740740740744
2022-05-31,281500,289500,277500,288000,1515701,0.02491103202846978
2022-06-02,290500,291000,284000,290000,608586,0.00694444444444442
2022-06-03,293500,294500,286000,287500,470483,-0.008620689655172376
2022-06-07,282500,284000,276000,278000,660801,-0.03304347826086962
2022-06-08,279500,280000,274500,278000,400681,0.0
2022-06-09,275500,277500,269000,273000,753205,-0.017985611510791366
2022-06-10,269000,274500,268500,270000,497525,-0.01098901098901095
2022-06-13,262000,263000,254000,254000,928643,-0.059259259259259234
2022-06-14,246000,255500,245000,253000,731127,-0.003937007874015741
2022-06-15,250000,252000,241500,244500,751618,-0.03359683794466406
2022-06-16,249000,251000,239500,240000,737844,-0.018404907975460127
2022-06-17,232500,241500,232500,237500,990192,-0.01041666666666663
2022-06-20,239500,241000,230000,234000,719666,-0.01473684210526316
2022-06-21,236000,241500,234500,239500,526317,0.02350427350427342
2022-06-22,239500,239500,227000,229000,894578,-0.04384133611691021
2022-06-23,229000,239500,229000,234000,894526,0.02183406113537112
2022-06-24,238500,250000,236000,247500,990710,0.05769230769230771
2022-06-27,247500,253500,244500,249000,634239,0.0060606060606061
2022-06-28,248500,253000,246000,252500,460119,0.014056224899598346
2022-06-29,246500,249000,244500,246500,464699,-0.023762376237623783
2022-06-30,241500,245000,236500,240000,764891,-0.026369168356997985
2022-07-01,240000,242500,233500,237000,527033,-0.012499999999999956
2022-07-04,237500,240000,230500,235000,512776,-0.008438818565400852
2022-07-05,238500,248500,237000,243000,654854,0.03404255319148941
2022-07-06,240000,249500,236500,243500,875386,0.002057613168724215
2022-07-07,246000,249000,243000,245000,547620,0.006160164271047153
2022-07-08,247000,252500,246000,249000,652395,0.01632653061224487
2022-07-11,246000,248000,238500,240500,554603,-0.034136546184738936
2022-07-12,236500,237500,230500,233500,601679,-0.029106029106029108
2022-07-13,232000,239000,232000,237500,451619,0.017130620985010614
2022-07-14,232000,236000,231000,233500,611226,-0.01684210526315788
2022-07-15,234500,234500,228000,231000,826920,-0.010706638115631661
2022-07-18,234000,247000,233000,246500,986963,0.0670995670995671
2022-07-19,242500,244000,240000,243500,350932,-0.012170385395537497
2022-07-20,251000,253500,244500,246000,635582,0.010266940451745477
2022-07-21,248500,256500,246500,250500,567875,0.018292682926829285
2022-07-22,250000,253500,247000,250000,465586,-0.001996007984031989
2022-07-25,248000,249000,244000,248000,380368,-0.008000000000000007
2022-07-26,244500,245000,240500,245000,432397,-0.012096774193548376
2022-07-27,247500,247500,241000,246000,576997,0.004081632653061273
2022-07-28,251000,255000,245500,247000,564324,0.004065040650406582
2022-07-29,252000,262000,251500,259000,1105156,0.04858299595141702
2022-08-01,260500,261500,256500,259000,532517,0.0
2022-08-02,260500,260500,254000,259000,551218,0.0
2022-08-03,256000,271000,255000,269000,831121,0.03861003861003853
2022-08-04,272500,278000,271000,273500,960547,0.016728624535315983
2022-08-05,277500,281000,265500,267000,949836,-0.02376599634369292
2022-08-08,261000,261500,257000,258500,940226,-0.03183520599250933
2022-08-09,261000,267000,259500,265000,529474,0.025145067698259194
2022-08-10,262500,266000,261000,262000,317975,-0.01132075471698113
2022-08-11,269500,271000,266000,267500,517715,0.020992366412213803
2022-08-12,267500,269500,265000,265500,402713,-0.00747663551401867
2022-08-16,268500,269000,258000,259500,864710,-0.02259887005649719
2022-08-17,259000,260000,254500,258000,433453,-0.005780346820809301
2022-08-18,254000,256000,249000,250000,788467,-0.03100775193798455
2022-08-19,250500,251000,246000,248000,382703,-0.008000000000000007
2022-08-22,245000,247000,241500,245500,340467,-0.01008064516129037
2022-08-23,243500,244500,240000,241000,400035,-0.018329938900203624
2022-08-24,242000,243500,240500,241500,344838,0.0020746887966804906
2022-08-25,243000,248500,242000,244500,347778,0.012422360248447228
2022-08-26,246000,246500,241500,242000,306637,-0.010224948875255602
2022-08-29,232500,235500,231500,234000,610295,-0.03305785123966942
2022-08-30,234500,239500,234500,238000,306143,0.017094017094017033
2022-08-31,234500,240500,232500,240000,424718,0.008403361344537785
2022-09-01,236000,238000,233000,236000,410984,-0.01666666666666672
2022-09-02,237500,239000,232500,234000,374672,-0.008474576271186418
2022-09-05,233500,238000,233500,236000,327916,0.008547008547008517
2022-09-06,237500,237500,233500,235000,240015,-0.004237288135593209
2022-09-07,233500,233500,228000,231500,480805,-0.014893617021276562
2022-09-08,233000,234500,228500,231500,542651,0.0
2022-09-13,236000,239500,235500,238500,510894,0.030237580993520474
2022-09-14,228500,231000,226000,230000,552863,-0.03563941299790352
2022-09-15,231000,231000,225500,225500,525459,-0.019565217391304346
2022-09-16,221500,223000,219500,220000,777712,-0.024390243902439046
2022-09-19,219500,221000,217000,218000,502182,-0.009090909090909038
2022-09-20,220500,222000,218000,218000,240498,0.0
2022-09-21,216500,217000,212000,213000,493972,-0.022935779816513735
2022-09-22,207500,209500,204000,206500,693460,-0.030516431924882625
2022-09-23,207500,212500,207500,210500,655441,0.01937046004842613
2022-09-26,205500,208000,204000,204500,513342,-0.028503562945368155
2022-09-27,202500,206000,199000,204500,641394,0.0
2022-09-28,202500,203500,198000,200500,579635,-0.019559902200488977
2022-09-29,203000,205000,196000,196500,612278,-0.01995012468827928
2022-09-30,191500,198000,190500,193500,924294,-0.01526717557251911
2022-10-04,192000,192000,175500,176500,3753785,-0.08785529715762275
2022-10-05,170500,176000,164000,164000,6634375,-0.07082152974504252
2022-10-06,163500,169000,163000,167000,3477299,0.018292682926829285
2022-10-07,164000,167500,159500,160000,2596863,-0.041916167664670656
2022-10-11,156500,159500,156000,158500,1835014,-0.009375000000000022
2022-10-12,158500,164500,158000,162000,1515631,0.02208201892744488
2022-10-13,160500,161000,155000,158500,1487183,-0.021604938271604923
2022-10-14,163500,168500,163000,165500,1568930,0.04416403785488954
2022-10-17,162500,168000,160500,167000,1436527,0.009063444108761365
2022-10-18,170500,173000,169000,172500,1414552,0.03293413173652704
2022-10-19,172500,173500,168500,168500,1172766,-0.023188405797101463
2022-10-20,168000,168500,163000,168500,1098598,0.0
2022-10-21,165000,168000,164000,166000,749769,-0.014836795252225476
2022-10-24,169000,170000,163000,164000,888373,-0.012048192771084376
2022-10-25,164500,167000,164000,165500,547041,0.009146341463414531
2022-10-26,165000,165000,159000,159500,1352211,-0.03625377643504535
2022-10-27,159000,162000,156000,161000,1058992,0.00940438871473348
2022-10-28,158000,161000,157000,160000,777329,-0.006211180124223614
2022-10-31,163500,170500,161500,169500,1585289,0.059374999999999956
2022-11-01,168000,171000,166500,170500,768757,0.005899705014749346
2022-11-02,170000,177000,169000,174000,1585072,0.02052785923753664
2022-11-03,168500,170500,166000,169000,1017930,-0.028735632183908066
2022-11-04,167500,174500,167500,174000,1248339,0.029585798816567976
2022-11-07,177000,178000,168000,169000,2128304,-0.028735632183908066
2022-11-08,172000,179000,171000,177500,2549625,0.050295857988165604
2022-11-09,178500,183000,177500,180000,1596245,0.014084507042253502
2022-11-10,177500,180000,176000,176000,975484,-0.022222222222222254
2022-11-11,189000,196500,186000,193500,3312709,0.09943181818181812
2022-11-14,194000,194500,188000,188500,1776156,-0.025839793281653756
2022-11-15,190000,192500,188000,192000,889734,0.018567639257294433
2022-11-16,194000,194500,187000,189500,1156594,-0.01302083333333337
2022-11-17,188000,189500,186500,188000,825254,-0.0079155672823219
2022-11-18,187500,190000,184500,185500,784241,-0.013297872340425565
2022-11-21,186000,187500,181000,182500,614738,-0.016172506738544423
2022-11-22,181500,184500,179500,180500,631550,-0.010958904109588996
2022-11-23,184000,186000,181000,181500,780342,0.005540166204986097
2022-11-24,183000,188000,182500,188000,969322,0.03581267217630857
2022-11-25,187000,189000,185000,185000,440351,-0.015957446808510634
2022-11-28,184000,184500,180500,180500,550985,-0.024324324324324298
2022-11-29,178500,183500,178500,182500,481120,0.011080332409972193
2022-11-30,181500,187000,180500,187000,880333,0.024657534246575352
2022-12-01,194500,195000,187500,187500,1218297,0.002673796791443861
2022-12-02,188000,190500,185500,185500,796841,-0.010666666666666713
2022-12-05,187000,195000,186500,191500,1224361,0.032345013477088846
2022-12-06,189500,190000,185000,185500,877534,-0.031331592689295085
2022-12-07,183000,187500,182500,183500,646753,-0.010781671159029615
2022-12-08,184000,186500,181500,185500,709428,0.01089918256130784
2022-12-09,187500,195000,187000,195000,1081470,0.05121293800539073
2022-12-12,192500,196500,190500,193000,652814,-0.01025641025641022
2022-12-13,195500,197000,191000,193000,692706,0.0
2022-12-14,194000,195000,191500,193500,708760,0.002590673575129543
2022-12-15,191000,191000,182500,182500,1270685,-0.056847545219638196
2022-12-16,178000,182500,177500,180500,913806,-0.010958904109588996
2022-12-19,179500,184000,179500,183500,574398,0.016620498614958512
2022-12-20,182000,184000,179000,180500,625022,-0.016348773841961872
2022-12-21,182500,183000,180000,180000,302976,-0.0027700831024930483
2022-12-22,182000,185500,180500,184500,466951,0.02499999999999991
2022-12-23,180500,182000,178000,178000,613209,-0.035230352303523005
2022-12-26,178500,180500,177000,178500,350843,0.002808988764045006
2022-12-27,179500,182500,179000,181000,492232,0.014005602240896309
2022-12-28,179000,183500,178000,180000,580495,-0.0055248618784530246
2022-12-29,180000,185000,177500,177500,656658,-0.01388888888888884
2023-01-02,179500,180000,176000,179500,438162,0.011267605633802802
2023-01-03,177000,179500,173500,178500,573137,-0.005571030640668551
2023-01-04,177000,183500,177000,182500,792920,0.022408963585434094
2023-01-05,184500,190000,184000,186000,1107483,0.019178082191780854
2023-01-06,185500,187000,182500,185000,741129,-0.005376344086021501
2023-01-09,189500,196500,189000,196500,1115201,0.06216216216216219
2023-01-10,193000,196000,190500,193000,839225,-0.01781170483460559
2023-01-11,197500,200500,194500,195000,1030650,0.010362694300518172
2023-01-12,198000,199000,194000,194000,797343,-0.00512820512820511
2023-01-13,196000,200500,195000,195000,869459,0.005154639175257714
2023-01-16,197000,201000,195000,200500,846276,0.028205128205128105
2023-01-17,201000,201000,193500,193500,976576,-0.034912718204488824
2023-01-18,194000,196000,193000,195500,518929,0.010335917312661591
2023-01-19,194000,196500,192500,196000,475600,0.002557544757033181
2023-01-20,195500,201000,195000,196000,787881,0.0
2023-01-25,200500,203500,199600,202000,988822,0.030612244897959107
2023-01-26,202500,204000,199900,204000,873219,0.00990099009900991
2023-01-27,204500,211500,202000,211500,1212987,0.03676470588235303
2023-01-30,212000,214000,206500,207000,1204050,-0.021276595744680882
2023-01-31,206000,208500,202000,202500,1076468,-0.021739130434782594
2023-02-01,204500,208500,202500,205500,860204,0.014814814814814836
2023-02-02,213000,213500,210500,211500,1245591,0.029197080291970767
2023-02-03,214000,225500,210500,223500,3065767,0.05673758865248235
2023-02-06,221000,224500,215500,215500,1390741,-0.03579418344519014
2023-02-07,216000,220500,215000,219500,1041746,0.018561484918793614
2023-02-08,224500,232000,224000,230500,1777709,0.05011389521640086
2023-02-09,224500,230500,224000,230000,1575905,-0.002169197396963085
2023-02-10,226000,230500,222000,230000,1412939,0.0
2023-02-13,231000,231000,220500,223000,1308899,-0.0304347826086957
2023-02-14,226500,228500,223000,224000,745937,0.004484304932735439
2023-02-15,224500,224500,215000,215500,1424562,-0.0379464285714286
2023-02-16,218000,222500,218000,220500,959443,0.023201856148491906
2023-02-17,216000,219000,212000,215500,904481,-0.0226757369614512
2023-02-20,215500,220000,213500,219000,571053,0.016241299303944245
2023-02-21,220500,220500,215000,215500,646501,-0.01598173515981738
2023-02-22,211500,213500,210500,211500,820639,-0.018561484918793503
2023-02-23,212000,214500,211000,213500,563669,0.009456264775413725
2023-02-24,213500,214000,207000,208000,851405,-0.025761124121779888
2023-02-27,204000,209000,204000,208000,930467,0.0
2023-02-28,209500,212000,207500,208500,848323,0.0024038461538462563
2023-03-02,207500,209500,205000,206000,817689,-0.011990407673860948
2023-03-03,207500,210500,205500,205500,729689,-0.0024271844660194164
2023-03-06,208500,214500,208500,214500,1052243,0.04379562043795615
2023-03-07,214000,214500,210500,211000,640146,-0.01631701631701632
2023-03-08,208500,209000,202000,202500,1027023,-0.04028436018957349
2023-03-09,204500,206000,202000,202000,760330,-0.0024691358024691024
2023-03-10,198000,201000,197800,199800,854741,-0.0108910891089109
2023-03-13,199800,203000,194600,202500,1035513,0.013513513513513598
2023-03-14,200000,202000,196000,196000,776395,-0.032098765432098775
2023-03-15,200000,201000,194500,196400,838555,0.0020408163265306367
2023-03-16,193600,198400,192100,197100,708127,0.003564154786150686
2023-03-17,201000,202000,197200,198000,778496,0.004566210045662045
2023-03-20,198000,204000,198000,201500,602589,0.017676767676767735
2023-03-21,202500,203500,200000,200500,403322,-0.00496277915632759
2023-03-22,203500,207500,203000,207000,655503,0.032418952618453956
2023-03-23,204000,205000,202000,204000,607503,-0.01449275362318836
2023-03-24,204500,204500,200500,202500,599102,-0.007352941176470562
2023-03-27,201500,202000,198200,199300,611569,-0.01580246913580252
2023-03-28,199600,201000,197800,199500,586388,0.0010035122930256435
2023-03-29,198000,201000,198000,199100,442034,-0.002005012531328343
2023-03-30,200500,201000,198100,201000,788108,0.00954294324460081
2023-03-31,203500,203500,199100,202000,937726,0.004975124378109541
2023-04-03,203500,204500,198100,198200,794745,-0.01881188118811883
2023-04-04,198200,201000,198100,201000,575220,0.01412714429868811
2023-04-05,201000,202500,199100,199200,485125,-0.008955223880596996
2023-04-06,198200,198300,191900,191900,1409355,-0.03664658634538154
2023-04-07,193000,195400,192900,193400,531141,0.007816571130797367
2023-04-10,193300,193700,190500,193000,783772,-0.0020682523267838704
2023-04-11,193300,200000,193300,199900,1137837,0.03575129533678756
2023-04-12,199300,200500,196900,198000,700638,-0.009504752376188086
2023-04-13,196200,198800,195600,196400,727674,-0.008080808080808133
2023-04-14,198700,200500,197000,199000,964852,0.01323828920570258
2023-04-17,199000,199300,196300,197000,556371,-0.01005025125628145
2023-04-18,196100,196900,191500,192800,1022386,-0.02131979695431474
2023-04-19,192400,192500,191400,191400,612192,-0.007261410788381717
2023-04-20,191600,192700,189900,191600,581315,0.0010449320794148065
2023-04-21,191500,192100,190100,190300,479007,-0.006784968684759862
2023-04-24,189000,191800,188500,190000,469050,-0.0015764582238571023
2023-04-25,190000,191200,186000,186100,778485,-0.020526315789473726
2023-04-26,185800,190900,185700,188100,671910,0.010746910263299325
2023-04-27,188000,189400,186500,188200,470891,0.0005316321105794941
2023-04-28,190000,193400,190000,192300,902999,0.021785334750265672
2023-05-02,192200,193200,191400,193200,491178,0.004680187207488196
2023-05-03,191800,193400,191300,192600,448203,-0.0031055900621117516
2023-05-04,191100,197300,189000,196100,900385,0.018172377985462118
2023-05-08,200500,207500,198200,207000,2034862,0.05558388577256501
2023-05-09,209000,214500,208500,211000,1855368,0.019323671497584627
2023-05-10,211000,212500,206500,210000,763447,-0.004739336492891044
2023-05-11,213000,216000,210500,211000,825757,0.004761904761904745
2023-05-12,212000,214000,210000,213500,666880,0.011848341232227444
2023-05-15,212000,213500,207500,212000,584184,-0.007025761124121788
2023-05-16,212500,213500,207000,207500,528940,-0.021226415094339646
2023-05-17,207500,214000,207500,213000,538104,0.026506024096385472
2023-05-18,213500,214000,210000,212500,378470,-0.0023474178403756207
2023-05-19,214000,217000,212500,216500,870698,0.018823529411764683
2023-05-22,215500,218000,214000,215000,534887,-0.006928406466512715
2023-05-23,215500,216000,211500,212000,550247,-0.013953488372092981
2023-05-24,208000,209500,202500,203000,1210194,-0.04245283018867929
2023-05-25,202500,207500,202500,206000,791642,0.014778325123152802
2023-05-26,204500,207000,202500,202500,505880,-0.016990291262135915
2023-05-30,205000,205000,200500,201500,609318,-0.004938271604938316
2023-05-31,201500,203000,199100,199500,993582,-0.00992555831265507
2023-06-01,199900,204000,199900,204000,547388,0.022556390977443552
2023-06-02,204500,205000,202500,204500,405330,0.002450980392156854
2023-06-05,205500,206500,204000,204500,428762,0.0
2023-06-07,206500,208000,204000,205000,553505,0.0024449877750611915
2023-06-08,203000,203500,200000,200500,717690,-0.02195121951219514
2023-06-09,202000,205000,200500,200500,546093,0.0
2023-06-12,202500,203500,199700,200500,417698,0.0
2023-06-13,202000,203000,199600,201000,565013,0.0024937655860348684
2023-06-14,201000,202000,198300,199200,666340,-0.008955223880596996
2023-06-15,200000,202500,199900,200500,557684,0.006526104417670764
2023-06-16,202500,204500,202000,202500,751013,0.009975062344139696
2023-06-19,202500,202500,198500,198600,669785,-0.01925925925925931
2023-06-20,199500,201000,197900,198500,437974,-0.000503524672708977
2023-06-21,199100,199200,189900,189900,1358963,-0.04332493702770779
2023-06-22,189400,193200,189300,191300,580244,0.007372301211163723
2023-06-23,191500,192000,188900,188900,689964,-0.01254573967590178
2023-06-26,187700,191200,187600,188900,489487,0.0
2023-06-27,188000,188000,184100,185900,877288,-0.015881418740074094
2023-06-28,187500,188100,182800,184800,717140,-0.00591715976331364
2023-06-29,183800,186200,183400,183400,578195,-0.007575757575757569
2023-06-30,183300,184500,180600,182800,683584,-0.0032715376226826187
2023-07-03,182800,190600,182800,189300,869777,0.03555798687089706
2023-07-04,188200,190200,186700,188700,491576,-0.0031695721077654726
2023-07-05,188000,190200,186500,186500,686759,-0.011658717541070507
2023-07-06,185500,196200,185500,195500,1503767,0.04825737265415553
2023-07-07,195600,197300,193800,195000,832803,-0.002557544757033292
2023-07-10,195000,196300,192700,193200,509523,-0.009230769230769265
2023-07-11,196700,197600,194600,197400,524208,0.021739130434782705
2023-07-12,197400,202500,195700,202000,865666,0.023302938196555267
2023-07-13,204500,206500,199500,199700,941626,-0.011386138613861396
2023-07-14,202000,204500,200500,204500,739825,0.02403605408112175
2023-07-17,206000,207000,202500,206500,705819,0.009779951100244544
2023-07-18,205500,209500,204500,209000,803341,0.012106537530266248
2023-07-19,209500,209500,204500,204500,687227,-0.021531100478468845
2023-07-20,202500,208500,202500,204500,578731,0.0
2023-07-21,202500,206500,200500,206000,629745,0.007334963325183352
2023-07-24,205500,206500,201500,203000,662414,-0.014563106796116498
2023-07-25,202000,203500,199300,201000,661241,-0.009852216748768461
2023-07-26,201500,202500,194900,197700,1068784,-0.016417910447761197
2023-07-27,197500,212000,197000,211500,1442727,0.06980273141122906
2023-07-28,211500,212500,206000,211000,952122,-0.0023640661938534313
2023-07-31,214500,228000,212500,227000,2725703,0.07582938388625582
2023-08-01,232500,239500,230500,233000,3102468,0.026431718061673992
2023-08-02,235000,235000,226000,227500,1388773,-0.023605150214592308
2023-08-03,226500,227500,219000,223000,1430439,-0.01978021978021982
2023-08-04,230500,235500,220000,223500,2561625,0.0022421524663676085
2023-08-07,226500,241500,225000,234500,3055268,0.04921700223713654
2023-08-08,241000,241500,223000,223000,1933999,-0.049040511727078906
2023-08-09,225000,232500,224000,227500,1277473,0.020179372197309364
2023-08-10,223500,225000,220000,225000,928409,-0.01098901098901095
2023-08-11,227000,231500,222000,222000,939248,-0.013333333333333308
2023-08-14,222500,224500,220500,221000,572079,-0.0045045045045044585
2023-08-16,219500,225500,218000,222500,943493,0.006787330316742057
2023-08-17,221000,222000,216000,218000,880587,-0.020224719101123556
2023-08-18,213500,217500,211000,212500,886686,-0.025229357798165153
2023-08-21,213000,218000,213000,214500,691652,0.009411764705882453
2023-08-22,218000,224500,217000,221000,1005692,0.030303030303030276
2023-08-23,222000,222000,215500,215500,868139,-0.02488687782805432
2023-08-24,221000,235000,218500,229000,3013711,0.06264501160092806
2023-08-25,221500,222000,210500,211000,2072800,-0.0786026200873362
2023-08-28,213000,213500,210000,213500,695518,0.011848341232227444
2023-08-29,213500,218500,213500,218000,805948,0.021077283372365363
2023-08-30,221000,222000,216500,217500,600149,-0.002293577981651418
2023-08-31,217500,219000,213000,214500,808546,-0.01379310344827589
2023-09-01,215000,215500,212000,214500,569772,0.0
2023-09-04,213500,214000,207500,211500,660388,-0.013986013986013957
2023-09-05,211500,213000,209500,212000,390882,0.0023640661938533203
2023-09-06,210500,214500,207500,214000,808331,0.009433962264151052
2023-09-07,216000,222000,214500,216500,1234068,0.011682242990654235
2023-09-08,218000,218000,212500,215000,595117,-0.006928406466512715
2023-09-11,214000,214500,210000,211500,724040,-0.016279069767441867
2023-09-12,213500,222500,213000,219500,1284472,0.0378250591016549
2023-09-13,220000,222000,215500,222000,923349,0.011389521640091216
2023-09-14,223000,226000,220500,225500,990793,0.015765765765765716
2023-09-15,225000,230000,224500,229500,1162871,0.017738359201773912
2023-09-18,227000,229000,221500,221500,720909,-0.034858387799564294
2023-09-19,222000,222000,219000,219500,448589,-0.009029345372460473
2023-09-20,219000,221500,216500,217500,374274,-0.009111617312072884
2023-09-21,215000,216500,210000,210000,685787,-0.03448275862068961
2023-09-22,206500,210000,206000,208000,485769,-0.00952380952380949
2023-09-25,209000,211500,206000,206500,490044,-0.007211538461538436
2023-09-26,207000,207500,200000,201000,660374,-0.0266343825665859
2023-09-27,198000,202500,197600,201500,419270,0.0024875621890547706
2023-10-04,196000,198100,191200,191200,1163452,-0.05111662531017369
2023-10-05,192500,193800,189000,189400,622759,-0.009414225941422605
2023-10-06,189300,192300,189200,190900,403501,0.007919746568109787
2023-10-10,192800,196300,189800,191200,627779,0.0015715034049239573
2023-10-11,194000,195800,192800,193000,603727,0.009414225941422494
2023-10-12,193700,194900,191500,193600,570782,0.0031088082901553626
2023-10-13,191700,193700,190900,191800,368249,-0.009297520661157077
2023-10-16,190500,192000,188400,189700,568781,-0.010948905109489093
2023-10-17,191500,192800,188500,188500,512662,-0.00632577754348973
2023-10-18,188400,190000,185500,186300,531306,-0.011671087533156488
2023-10-19,183100,183600,180700,181400,789241,-0.02630166398282341
2023-10-20,178400,181600,178000,180200,579075,-0.006615214994487362
2023-10-23,179300,182200,178200,178300,446010,-0.010543840177580477
2023-10-24,181500,187100,180100,187000,802790,0.04879416713404372
2023-10-25,189900,191200,184800,189100,802846,0.011229946524064172
2023-10-26,184000,186800,181300,181900,757629,-0.03807509254362773
2023-10-27,183400,186300,182500,185400,520566,0.01924134139637168
2023-10-30,184100,187200,183000,186100,392043,0.003775620280474623
2023-10-31,191000,192700,186700,187400,823369,0.006985491671144484
2023-11-01,190000,191600,187000,187700,511161,0.0016008537886873508
2023-11-02,191100,192700,190300,190800,633508,0.01651571656899309
2023-11-03,195800,200500,193100,200500,1272388,0.050838574423480054
2023-11-06,204500,207500,200000,205500,1000560,0.02493765586034913
2023-11-07,202500,204000,197600,200500,782666,-0.024330900243308973
2023-11-08,200000,202000,197400,197400,586525,-0.015461346633416473
2023-11-09,197100,200500,196000,198200,592942,0.004052684903748771
2023-11-10,196300,198500,193500,194700,674585,-0.017658930373360193
2023-11-13,197400,199000,192500,192600,499910,-0.01078582434514641
2023-11-14,194100,198900,194000,198600,478385,0.031152647975077885
2023-11-15,203500,206000,202000,205500,846436,0.03474320241691853
2023-11-16,204000,204500,200500,203000,425403,-0.012165450121654486
2023-11-17,203000,204000,200000,202000,406874,-0.0049261083743842304
2023-11-20,200500,203500,200000,202500,272327,0.0024752475247524774
2023-11-21,205000,207500,204000,204500,463033,0.009876543209876631
2023-11-22,202500,207500,200500,207500,357391,0.014669926650366705
2023-11-23,206500,208000,204500,205500,345224,-0.009638554216867434
2023-11-24,205500,207500,204000,205500,335280,0.0
2023-11-27,205500,211000,205000,206000,538210,0.0024330900243310083
2023-11-28,208000,210000,204500,207500,550801,0.00728155339805836
2023-11-29,208500,209000,205500,207500,496563,0.0
2023-11-30,206500,209500,206500,208000,642304,0.002409638554216942
2023-12-01,208000,210000,204000,206000,542598,-0.009615384615384581
2023-12-04,208000,214000,207500,210500,706500,0.02184466019417486
2023-12-05,210000,216500,209500,213000,890514,0.01187648456057011
2023-12-06,214000,215500,212500,213500,494143,0.0023474178403755097
2023-12-07,214000,215000,210000,212500,521170,-0.004683840749414525
2023-12-08,215500,219000,215000,217500,685720,0.0235294117647058
2023-12-11,218500,220500,215000,217500,513760,0.0
2023-12-12,216500,219500,212500,213500,710270,-0.01839080459770115
2023-12-13,212000,215500,212000,213500,435945,0.0
2023-12-14,218500,225000,217000,223000,1761941,0.04449648711943799
2023-12-15,223000,226500,222000,226000,899325,0.013452914798206317
2023-12-18,226000,226500,222000,223000,555176,-0.013274336283185861
2023-12-19,222500,224500,221000,222500,497403,-0.0022421524663677195
2023-12-20,224000,225500,219500,220500,874344,-0.008988764044943864
2023-12-21,218500,220000,215500,216500,844340,-0.01814058956916098
2023-12-22,218500,219000,215000,215000,571741,-0.006928406466512715
2023-12-26,216500,217500,215000,215500,458545,0.0023255813953488857
2023-12-27,216000,223000,215500,223000,609910,0.03480278422273786
2023-12-28,224000,224000,221000,224000,525435,0.004484304932735439
2024-01-02,222500,229000,221000,227500,716469,0.015625
2024-01-03,223500,224000,220000,222000,690960,-0.0241758241758242
2024-01-04,221000,225500,220500,223000,538911,0.0045045045045044585
2024-01-05,222500,224000,219500,220500,387884,-0.011210762331838597
2024-01-08,222000,231500,222000,226500,1054917,0.027210884353741527
2024-01-09,229500,233000,228500,229500,835945,0.013245033112582849
2024-01-10,229500,233500,227000,231000,702562,0.006535947712418277
2024-01-11,232500,234500,229500,231500,879647,0.0021645021645022577
2024-01-12,232000,232500,228000,230500,516678,-0.004319654427645814
2024-01-15,230000,230500,223500,229500,536029,-0.004338394793926281
2024-01-16,227500,235500,227000,230000,695734,0.002178649237472685
2024-01-17,228500,230500,218500,219000,961856,-0.047826086956521685
2024-01-18,217000,219500,215000,216500,730722,-0.011415525114155223
2024-01-19,219000,221500,213500,215500,916193,-0.004618937644341847
2024-01-22,219000,222500,217000,217000,533513,0.006960556844547661
2024-01-23,218000,219500,215500,218000,388908,0.004608294930875667
2024-01-24,219000,219500,215500,218000,380731,0.0
2024-01-25,216000,217000,212500,213500,582265,-0.020642201834862428
2024-01-26,211500,218500,211500,216500,406869,0.014051522248243575
2024-01-29,216500,218000,211500,212000,616505,-0.020785219399538146
2024-01-30,214000,214500,208000,209500,614246,-0.011792452830188704
2024-01-31,208500,209500,200000,200500,1318605,-0.042959427207637235
2024-02-01,199500,202500,198600,202500,818613,0.009975062344139696
2024-02-02,209500,221500,208000,221500,1841501,0.09382716049382722
2024-02-05,220500,221500,208000,208000,1721981,-0.060948081264108334
2024-02-06,208000,209000,203500,205500,896400,-0.012019230769230727
2024-02-07,208000,209500,204000,204500,706209,-0.0048661800486617945
2024-02-08,206500,208000,205000,206000,628984,0.007334963325183352
2024-02-13,206500,208000,204500,205000,860778,-0.004854368932038833
2024-02-14,200500,203500,199300,202500,627951,-0.012195121951219523
2024-02-15,205000,209500,203500,203500,945641,0.004938271604938205
2024-02-16,205500,209000,204000,205000,999143,0.0073710073710073765
2024-02-19,206500,206500,203000,203500,618150,-0.007317073170731714
2024-02-20,203500,205500,202000,202500,708867,-0.004914004914004955
2024-02-21,202000,203500,201000,202500,592041,0.0
2024-02-22,204000,204500,200500,202000,881700,-0.0024691358024691024
2024-02-23,202500,203000,200000,200500,731357,-0.007425742574257432
2024-02-26,200000,201500,199500,199900,630834,-0.0029925187032419087
2024-02-27,199900,200500,198700,200000,650795,0.0005002501250626068
2024-02-28,200500,204000,199700,204000,597421,0.020000000000000018
2024-02-29,200000,200500,195000,195000,2016957,-0.044117647058823484
2024-03-04,194400,197400,192000,192000,1186323,-0.01538461538461533
2024-03-05,191800,192800,188700,188700,1096733,-0.017187500000000022
2024-03-06,189000,192800,189000,189800,876283,0.005829358770535142
2024-03-07,191200,191500,188200,189000,775759,-0.004214963119072657
2024-03-08,190000,190700,188000,188000,750757,-0.005291005291005346
2024-03-11,188200,190900,188200,189900,653165,0.01010638297872335
2024-03-12,190700,191200,188400,190500,708580,0.003159557661927437
2024-03-13,191100,191200,188300,188400,812716,-0.011023622047244053
2024-03-14,188800,189400,186800,186800,1148654,-0.00849256900212314
2024-03-15,186100,188500,186000,186100,1015837,-0.0037473233404711204
2024-03-18,186200,186500,183200,184100,1054143,-0.010746910263299325
2024-03-19,183200,183800,182100,182600,726483,-0.008147745790331395
2024-03-20,183000,184400,182600,183100,569076,0.0027382256297918683
2024-03-21,184700,187800,184400,184400,1047858,0.007099945385035555
2024-03-22,184600,190800,184600,188900,1280053,0.02440347071583515
2024-03-25,187300,189400,185400,188000,654494,-0.004764425622022284
2024-03-26,188000,191000,187300,188900,746583,0.004787234042553212
2024-03-27,188900,191200,188400,189300,590542,0.002117522498676472
2024-03-28,190000,190200,187100,187100,661837,-0.011621764395139955
2024-03-29,187300,188900,185100,187400,633233,0.0016034206306787535
2024-04-01,188000,194500,188000,194300,1393825,0.03681963713980796
2024-04-02,192500,193100,190500,192000,918137,-0.011837364899639713
2024-04-03,191000,197300,190600,193400,1132978,0.007291666666666696
2024-04-04,195900,196000,194100,194300,682404,0.004653567735263708
2024-04-05,192100,193800,190000,193100,484403,-0.006176016469377266
2024-04-08,193100,193200,188500,189900,614052,-0.016571724495080264
2024-04-09,189100,190500,186600,189000,457312,-0.004739336492891044
2024-04-11,186100,188300,183100,183600,1192681,-0.02857142857142858
2024-04-12,184700,189300,184600,185900,835729,0.012527233115468439
2024-04-15,183800,184600,182600,182800,636607,-0.01667563206024747
2024-04-16,181600,181700,179500,179500,796179,-0.018052516411378505
2024-04-17,180800,181600,179600,179600,405813,0.0005571030640667551
2024-04-18,180000,181500,179800,180700,599743,0.006124721603563366
2024-04-19,179900,183800,179100,182400,759807,0.009407858328721597
2024-04-22,185200,185300,180300,180900,492109,-0.008223684210526327
2024-04-23,181400,182400,180000,180100,468831,-0.004422332780541716
2024-04-24,181400,184400,181300,183700,597721,0.019988895058300926
2024-04-25,181500,184600,180200,182700,437455,-0.00544365813826897
2024-04-26,184100,184500,181500,181500,438747,-0.006568144499178974
2024-04-29,182200,184800,181600,184700,510519,0.01763085399449027
2024-04-30,184600,187500,183800,184400,620050,-0.0016242555495398214
2024-05-02,185200,190000,184600,188800,1046087,0.02386117136659438
2024-05-03,195000,196400,191500,194600,2291415,0.03072033898305082
2024-05-07,197400,198500,193800,194800,1272598,0.0010277492291881352
2024-05-08,194100,194100,189700,190900,1000782,-0.020020533880903524
2024-05-09,185900,188700,185500,188300,1129421,-0.013619696176008333
2024-05-10,188300,189300,187100,188600,691790,0.0015932023366966863
2024-05-13,186900,186900,182400,184300,723861,-0.02279957582184522
2024-05-14,185100,187200,184300,184400,542815,0.0005425935973955021
2024-05-16,186300,190600,186200,188500,805720,0.022234273318872066
2024-05-17,188600,189800,187000,187300,394214,-0.006366047745358094
2024-05-20,187900,188000,183600,184000,569690,-0.017618793379604925
2024-05-21,182100,184500,182100,183200,469119,-0.004347826086956497
2024-05-22,182800,183300,182300,182600,316154,-0.0032751091703057122
2024-05-23,181900,183000,180100,182100,406392,-0.0027382256297918683
2024-05-24,180300,181100,179000,179000,730052,-0.017023613399231197
2024-05-27,180000,180100,177400,179000,558709,0.0
2024-05-28,178500,178700,177400,177400,563865,-0.00893854748603351
2024-05-29,178100,179800,175100,175300,898094,-0.01183765501691092
2024-05-30,173500,174900,170400,170400,947416,-0.02795208214489442
2024-05-31,170500,172000,170000,170200,1117529,-0.0011737089201877549
2024-06-03,172000,175500,171800,172700,661878,0.014688601645123311
2024-06-04,172600,177400,172600,176800,758259,0.023740590619571567
2024-06-05,177400,178200,175600,177100,467925,0.0016968325791855143
2024-06-07,177500,178500,174900,175400,638712,-0.009599096555618303
2024-06-10,173100,175000,170700,170700,744709,-0.026795895096921374
2024-06-11,171000,171500,170000,170200,606686,-0.0029291154071470205
2024-06-12,170000,170900,167700,168400,977784,-0.010575793184488869
2024-06-13,170000,173000,169900,169900,982883,0.008907363420427528
2024-06-14,169300,171100,168700,169900,677657,0.0
2024-06-17,168800,169400,166000,166100,876593,-0.02236609770453213
2024-06-18,166700,169400,166300,166800,663328,0.004214328717639937
2024-06-19,167700,168400,165100,167900,773616,0.00659472422062346
2024-06-20,167500,169700,166500,167200,581688,-0.004169148302561099
2024-06-21,166200,168000,165600,167600,872036,0.0023923444976077235
2024-06-24,167700,170700,167200,168900,591088,0.007756563245823411
2024-06-25,168200,168400,165700,166400,675119,-0.014801657785671996
2024-06-26,165800,169400,165000,168400,635128,0.012019230769230838
2024-06-27,166800,167700,165400,165400,582846,-0.017814726840855055
2024-06-28,167300,169000,165900,166900,709968,0.009068923821039965
2024-07-01,165400,166000,161500,162900,1140154,-0.02396644697423611
2024-07-02,161600,162500,159600,159900,932343,-0.018416206261510082
2024-07-03,160000,162400,159700,159800,608424,-0.000625390869293363
2024-07-04,160100,161000,159600,159800,505466,0.0
2024-07-05,160600,168600,160200,168100,1306514,0.05193992490613275
2024-07-08,168100,171900,166100,170500,1148160,0.01427721594289122
2024-07-09,171100,172900,169800,170700,661077,0.001173020527859281
2024-07-10,170600,178300,169700,177500,1659106,0.0398359695371997
2024-07-11,178400,178700,175300,176100,791229,-0.007887323943661984
2024-07-12,176100,181600,174000,174800,1393405,-0.007382169222032942
2024-07-15,178200,180500,176000,176300,925722,0.008581235697940448
2024-07-16,175600,176200,171100,171600,812128,-0.02665910380034031
2024-07-17,172000,174500,171600,173400,560011,0.010489510489510412
2024-07-18,173300,175500,171300,174900,523719,0.00865051903114189
2024-07-19,173700,174700,169800,172200,616972,-0.015437392795883409
2024-07-22,172000,173900,170700,172700,464293,0.0029036004645761615
2024-07-23,174000,177000,170600,170600,599169,-0.012159814707585426
2024-07-24,169000,172500,167000,171700,411210,0.006447831184056341
2024-07-25,170000,179200,169500,178000,1473198,0.03669190448456616
2024-07-26,178400,179000,174500,174800,880999,-0.017977528089887618
2024-07-29,175300,176200,173600,175000,429619,0.0011441647597254523
2024-07-30,174500,176600,172600,173300,402895,-0.009714285714285675
2024-07-31,173900,175100,171500,174000,425047,0.004039238315060478
2024-08-01,176500,177000,174500,175000,481980,0.005747126436781658
2024-08-02,172000,172500,170500,171400,674484,-0.020571428571428574
2024-08-05,169000,169600,151100,156100,1447269,-0.0892648774795799
2024-08-06,160000,163300,156600,158400,1115733,0.014734144778987934
2024-08-07,156100,163500,156000,162700,778054,0.027146464646464752
2024-08-08,160100,163500,158900,162700,724039,0.0
2024-08-09,170000,170000,163100,163700,1236721,0.006146281499692652
2024-08-12,164600,164700,159400,160300,811411,-0.020769700671960933
2024-08-13,159800,160300,156100,156400,1035007,-0.02432938240798499
2024-08-14,157300,158000,155700,157300,858853,0.005754475703324768
2024-08-16,159200,159200,157000,157500,825934,0.0012714558169104606
2024-08-19,157900,159300,156600,156600,548046,-0.005714285714285672
2024-08-20,157900,158900,156500,156600,541953,0.0
2024-08-21,156700,157500,155600,156400,464862,-0.0012771392081737387
2024-08-22,157200,164700,157100,164700,1616355,0.05306905370843995
2024-08-23,164300,165400,163300,164900,589333,0.0012143290831816422
2024-08-26,165600,172200,164500,170700,1277462,0.0351728320194058
2024-08-27,170900,171900,167900,167900,628385,-0.016403046280023426
2024-08-28,168000,168500,163600,163800,781672,-0.024419297200714674
2024-08-29,162800,165900,162100,164900,448071,0.006715506715506692
2024-08-30,165500,170300,165200,169100,950399,0.02546998180715576
2024-09-02,169100,169100,164900,166600,505605,-0.014784151389710232
2024-09-03,167200,169700,165300,165300,536586,-0.007803121248499356
2024-09-04,160300,162600,156700,157500,1217431,-0.047186932849364815
2024-09-05,158300,161800,158000,159800,830603,0.014603174603174507
2024-09-06,160200,160600,157100,157200,649137,-0.016270337922402955
2024-09-09,153800,155500,152500,155000,612322,-0.013994910941475869
2024-09-10,156500,159100,156400,159000,956903,0.02580645161290329
2024-09-11,157200,160300,155900,156400,425569,-0.01635220125786163
2024-09-12,157600,160000,156600,160000,586471,0.023017902813299296
2024-09-13,159900,160400,158900,160100,352083,0.0006250000000000977
2024-09-19,161900,162600,159500,160600,606948,0.0031230480949406836
2024-09-20,162000,165400,159700,159900,780267,-0.004358655043586568
2024-09-23,160700,166700,159900,166700,951074,0.04252657911194491
2024-09-24,166600,168000,164100,168000,661159,0.007798440311937549
2024-09-25,169200,169800,166100,166200,676074,-0.010714285714285676
2024-09-26,167100,170900,167100,170900,700659,0.02827918170878463
2024-09-27,170900,171400,168600,170400,844604,-0.0029256875365710755
2024-09-30,174000,177300,169400,169400,1947054,-0.005868544600938996
2024-10-02,168200,171100,168100,168200,940787,-0.00708382526564344
2024-10-04,169300,171900,168200,170700,1171102,0.014863258026159398
2024-10-07,171800,171900,165800,166100,1084682,-0.02694786174575281
2024-10-08,166500,167400,165100,166200,893907,0.0006020469596628164
2024-10-10,167900,174700,167800,172400,1408359,0.03730445246690728
2024-10-11,172900,173500,171200,173300,576782,0.0052204176334107455
2024-10-14,173300,174300,169900,171400,677634,-0.010963646855164488
2024-10-15,172400,175700,172400,175200,1056877,0.022170361726954413
2024-10-16,173900,177700,173300,177000,864891,0.010273972602739656
2024-10-17,177000,177700,175000,175000,571148,-0.011299435028248594
2024-10-18,176500,177600,175400,176800,570513,0.010285714285714231
2024-10-21,176800,179200,176200,176800,537952,0.0
2024-10-22,176900,177100,170800,171200,765563,-0.03167420814479638
2024-10-23,172000,174600,170800,172500,589358,0.007593457943925186
2024-10-24,172100,173400,170800,172100,384523,-0.002318840579710102
2024-10-25,172100,172900,167100,167800,627017,-0.024985473561882632
2024-10-28,167800,170700,167800,170400,319943,0.015494636471990564
2024-10-29,170400,171800,166700,169200,352478,-0.007042253521126751
2024-10-30,170600,175300,170500,174400,716996,0.030732860520094496
2024-10-31,172100,174800,169700,170000,485411,-0.025229357798165153
2024-11-01,169000,170800,168500,169700,244187,-0.0017647058823528905
2024-11-04,170200,175900,170100,175700,697688,0.03535651149086627
2024-11-05,174000,177100,173700,176500,346402,0.004553215708594127
2024-11-06,176700,177400,174100,176300,432475,-0.001133144475920722
2024-11-07,175900,179700,174600,179700,675120,0.0192853091321612
2024-11-08,182600,182800,173700,174600,1233287,-0.028380634390651083
2024-11-11,174600,177000,171500,176000,654961,0.008018327605956443
2024-11-12,175700,182800,175700,181400,1708052,0.030681818181818254
2024-11-13,181400,184100,179700,182200,1224589,0.004410143329658167
2024-11-14,183800,190500,183000,188500,2172828,0.03457738748627892
2024-11-15,190500,191900,188100,190000,1153043,0.007957559681697646
2024-11-18,191000,191800,189300,190800,760104,0.004210526315789442
2024-11-19,190300,194200,190200,193000,964416,0.011530398322851187
2024-11-20,193500,194000,191300,193100,693589,0.0005181347150258198
2024-11-21,192600,192700,188900,189700,887174,-0.017607457276022753
2024-11-22,189600,190800,187400,190000,759493,0.001581444385872377
2024-11-25,190100,193200,187400,193200,2335917,0.01684210526315799
2024-11-26,192200,196000,192200,195600,995917,0.012422360248447228
2024-11-27,196800,205000,196200,203000,2305266,0.03783231083844574
2024-11-28,204000,208000,202000,204500,1341153,0.00738916256157629
2024-11-29,204500,209000,201500,206500,1243799,0.009779951100244544
2024-12-02,208500,210500,203000,203500,1220401,-0.014527845036319653
2024-12-03,207500,210000,204500,209000,1101247,0.027027027027026973
2024-12-04,205000,209000,200500,202500,1758995,-0.031100478468899517
2024-12-05,204500,208000,203000,204000,1438398,0.007407407407407307
2024-12-06,204000,206000,197300,204500,1336764,0.002450980392156854
2024-12-09,200500,204000,200500,201500,1206493,-0.014669926650366705
2024-12-10,204500,209000,203000,209000,905766,0.037220843672456594
2024-12-11,209000,218000,208500,218000,1547595,0.04306220095693769
2024-12-12,219000,220000,206000,208000,2167932,-0.04587155963302747
2024-12-13,209000,212000,205000,210000,1102386,0.009615384615384581
2024-12-16,213500,218000,211500,214000,945545,0.01904761904761898
2024-12-17,214500,215000,209000,209500,895923,-0.0210280373831776
2024-12-18,209500,215000,209500,212500,663879,0.014319809069212486
2024-12-19,208500,211500,207500,209500,640399,-0.014117647058823568
2024-12-20,211000,213000,208500,210000,775746,0.0023866348448686736
2024-12-23,212500,213000,200000,201000,1169871,-0.042857142857142816
2024-12-24,200500,204000,200500,202500,557658,0.00746268656716409
2024-12-26,202500,203000,197000,199900,645976,-0.012839506172839465
2024-12-27,198700,200500,195500,197700,689235,-0.011005502751375684
2024-12-30,196800,201500,196400,198900,577293,0.006069802731411222
2025-01-02,199500,202000,191700,193800,698458,-0.02564102564102566
2025-01-03,193200,202000,193200,200500,798480,0.03457172342621262
2025-01-06,200500,208500,200500,208500,770359,0.03990024937655856
2025-01-07,210000,213000,207000,208000,603701,-0.0023980815347721673
2025-01-08,206500,210000,206000,207000,523637,-0.004807692307692291
2025-01-09,208500,210000,201000,202500,777551,-0.021739130434782594
2025-01-10,203000,204500,201000,202000,441863,-0.0024691358024691024
2025-01-13,201000,205000,200000,204000,543782,0.00990099009900991
2025-01-14,204000,205500,202000,202000,499095,-0.009803921568627416
2025-01-15,203000,207000,202000,206500,678808,0.022277227722772297
2025-01-16,210000,211000,205000,206500,642605,0.0
2025-01-17,206000,210000,203500,209000,701799,0.012106537530266248
2025-01-20,209000,209500,204500,205000,398841,-0.019138755980861233
2025-01-21,205000,208000,203000,204500,357682,-0.0024390243902439046
2025-01-22,207000,211500,204000,204000,555170,-0.0024449877750610804
2025-01-23,206000,207500,204000,204500,487301,0.002450980392156854
2025-01-24,205500,209000,203500,204000,419464,-0.0024449877750610804
2025-01-31,208500,218500,208500,216500,1964710,0.06127450980392157
2025-02-03,217500,219500,213500,217000,1410072,0.002309468822170979
2025-02-04,220000,224000,217000,218500,1432688,0.00691244239631339
2025-02-05,222500,232000,219000,229000,2336982,0.048054919908466776
2025-02-06,229500,232000,223500,232000,1718369,0.013100436681222627
2025-02-07,235500,235500,223000,225500,1908836,-0.028017241379310387
2025-02-10,229500,232000,227000,227500,1234703,0.008869179600886845
2025-02-11,227500,231500,225500,228500,808905,0.00439560439560438
2025-02-12,230000,230500,222500,225000,945298,-0.015317286652078765
2025-02-13,225000,226000,218000,220000,1028493,-0.022222222222222254
2025-02-14,222000,224500,220000,221000,574538,0.00454545454545463
2025-02-17,221500,224000,219500,221000,615576,0.0
2025-02-18,221500,223000,218000,222500,630070,0.006787330316742057
2025-02-19,222500,224000,220000,222000,569222,-0.0022471910112359383
2025-02-20,221000,225500,218500,221500,614258,-0.0022522522522522292
2025-02-21,222500,228000,222000,226500,821558,0.02257336343115135
2025-02-24,224000,228000,224000,228000,526842,0.0066225165562914245
2025-02-25,226000,230000,224500,228500,622624,0.002192982456140413
2025-02-26,228500,232000,227500,231500,708250,0.013129102844638973
2025-02-27,230500,230500,218000,219000,1125911,-0.05399568034557234
2025-02-28,214500,217000,206500,207000,1660981,-0.0547945205479452
2025-03-04,205000,210000,204500,205500,673266,-0.007246376811594235
2025-03-05,210500,212000,205500,207500,761832,0.009732360097323589
2025-03-06,208500,220000,207500,219000,998317,0.055421686746987886
2025-03-07,216000,216500,213000,213000,630434,-0.0273972602739726
2025-03-10,211500,217000,210500,215000,542653,0.009389671361502261
2025-03-11,205500,214500,205000,212500,586599,-0.011627906976744207
2025-03-12,212500,215500,211000,214000,409913,0.007058823529411784
2025-03-13,217500,219500,213000,216000,622944,0.009345794392523255
2025-03-14,215500,216500,208000,208000,519114,-0.03703703703703709
2025-03-17,210000,211000,207500,211000,481843,0.014423076923076872
2025-03-18,211000,214000,208000,209000,669726,-0.009478672985781977
2025-03-19,208000,211500,207500,208000,710932,-0.004784688995215336
2025-03-20,210000,210000,207500,208000,593445,0.0
2025-03-21,209500,210500,206000,209500,685909,0.007211538461538547
2025-03-24,209500,210500,206000,207000,354434,-0.011933174224343701
2025-03-25,208500,209000,206500,207500,365297,0.0024154589371980784
2025-03-26,207500,208500,203000,204000,790441,-0.016867469879518038
2025-03-27,201000,203000,196500,197800,1501086,-0.0303921568627451
2025-03-28,197600,197700,193900,194700,700564,-0.01567239635995954
2025-03-31,191400,192100,189200,191000,668750,-0.01900359527478168
2025-04-01,191600,198000,191600,196700,485068,0.02984293193717269
2025-04-02,197600,197800,194200,195600,461848,-0.005592272496187101
2025-04-03,190900,199600,190800,198600,577896,0.015337423312883347
2025-04-04,196700,202500,194100,197800,672143,-0.004028197381671705
2025-04-07,192400,195200,189300,191800,597627,-0.030333670374115274
2025-04-08,192100,193000,179200,179600,1366603,-0.06360792492179357
2025-04-09,179000,181300,176200,176900,621304,-0.015033407572383028
2025-04-10,184200,184600,179800,183900,656557,0.03957037874505365
2025-04-11,180200,184100,180100,183000,569473,-0.004893964110929905
2025-04-14,183000,185100,182500,182700,391419,-0.0016393442622950616
2025-04-15,184800,186400,183700,183900,345595,0.006568144499178974
2025-04-16,183900,186300,183000,184400,427131,0.002718868950516651
2025-04-17,184800,185400,182100,183600,237641,-0.004338394793926281
2025-04-18,184700,187900,184000,187500,287707,0.0212418300653594
2025-04-21,189100,190800,187200,187500,246628,0.0
2025-04-22,187200,195700,186000,193700,645159,0.03306666666666658
2025-04-23,196000,196300,192600,192900,391879,-0.00413009808982967
2025-04-24,192600,193800,190400,191500,417055,-0.007257646448937227
2025-04-25,193400,195100,192200,193500,391764,0.010443864229765065
2025-04-28,194300,196500,192700,195500,313415,0.010335917312661591
2025-04-29,195500,197400,193700,196500,325432,0.005115089514066584
2025-04-30,196200,200500,195800,200500,523186,0.020356234096692072
2025-05-02,199800,200500,197300,197400,280801,-0.015461346633416473
2025-05-07,200000,202000,198200,199100,622014,0.008611955420466
2025-05-08,195100,196600,188500,188700,1199556,-0.052235057759919656
2025-05-09,190000,192100,189500,191000,558440,0.012188659247482692
2025-05-12,192800,194300,189700,190200,437578,-0.004188481675392652
2025-05-13,190000,191000,187600,188200,680047,-0.01051524710830709
2025-05-14,189900,191400,188900,191200,363846,0.015940488841657885
2025-05-15,189800,190300,188200,189200,355097,-0.010460251046025104
2025-05-16,189100,189700,187500,187800,285272,-0.007399577167019
2025-05-19,187600,188200,184500,185400,262018,-0.012779552715655007
2025-05-20,185800,186500,184000,185000,293512,-0.0021574973031284195
2025-05-21,185900,186500,184600,184800,382117,-0.00108108108108107
2025-05-22,183200,184500,181100,183200,469433,-0.008658008658008698
2025-05-23,184100,185300,182800,183100,257074,-0.0005458515283842669
2025-05-26,183100,188000,181800,188000,472314,0.026761332605133914
2025-05-27,186200,186900,183000,183800,668670,-0.022340425531914843
2025-05-28,184600,189000,184100,187700,727369,0.021218715995647397
2025-05-29,189300,190600,187700,189300,649059,0.008524240809802963
2025-05-30,188700,188800,186100,187500,989028,-0.009508716323296307
2025-06-02,185800,188300,185700,186500,408085,-0.005333333333333301
2025-06-04,189000,189100,185500,185500,817069,-0.00536193029490617
2025-06-05,186300,192000,186300,191200,911249,0.030727762803234526
2025-06-09,195400,202500,192300,198500,1407038,0.03817991631799167
2025-06-10,204000,204000,196800,200000,911907,0.007556675062972307
2025-06-11,200500,202000,198900,201000,512085,0.004999999999999893
2025-06-12,199500,201500,198900,198900,624703,-0.010447761194029903
2025-06-13,203500,206000,197400,200500,1050533,0.008044243338360957
2025-06-16,211000,211500,202000,209500,1159906,0.04488778054862852
2025-06-17,212000,213000,204000,206500,837169,-0.014319809069212375
2025-06-18,204500,244500,204000,243500,5706879,0.17917675544794198
2025-06-19,254500,259000,248500,252000,3810468,0.03490759753593431
2025-06-20,249000,269500,245000,269500,4889308,0.06944444444444442
2025-06-23,276500,295000,270000,290000,5050411,0.07606679035250474
2025-06-24,288500,292500,277500,290500,4326501,0.0017241379310344307
2025-06-25,282500,286500,276000,283500,2862461,-0.02409638554216864
2025-06-26,270000,275000,254000,261000,4314779,-0.07936507936507942
2025-06-27,263500,265000,252000,257500,2316733,-0.013409961685823757
2025-06-30,257000,268000,255500,262500,2219752,0.01941747572815533
2025-07-01,264000,269000,260000,262000,1791173,-0.0019047619047618536
2025-07-02,263000,263500,250000,252000,1870730,-0.03816793893129766
2025-07-03,250500,260000,249500,253000,1194730,0.003968253968253954
