Date,Open,High,Low,Close,Volume,Change
2022-01-03,13100,13500,13000,13200,16724,-0.0037735849056603765
2022-01-04,13100,13800,13100,13600,34233,0.030303030303030276
2022-01-05,13650,13900,12800,12950,53702,-0.047794117647058876
2022-01-06,12900,13550,12800,12900,138979,-0.0038610038610038533
2022-01-07,12850,13150,12800,13000,28449,0.007751937984496138
2022-01-10,13000,13450,12850,13450,49657,0.034615384615384714
2022-01-11,13450,14750,13450,13950,616310,0.037174721189590976
2022-01-12,13950,14150,13750,14000,94798,0.0035842293906809264
2022-01-13,14150,14150,13600,13650,65025,-0.025000000000000022
2022-01-14,13600,13600,12900,12950,92256,-0.05128205128205132
2022-01-17,12950,13150,12650,12850,42719,-0.007722007722007707
2022-01-18,12750,12950,12300,12450,45346,-0.0311284046692607
2022-01-19,12150,12900,12100,12600,52494,0.012048192771084265
2022-01-20,12550,13950,12550,13250,226040,0.051587301587301626
2022-01-21,13250,13550,12900,13150,55126,-0.007547169811320753
2022-01-24,13000,13100,12150,12300,55320,-0.06463878326996197
2022-01-25,12400,12550,11650,11750,47145,-0.04471544715447151
2022-01-26,11950,12050,11600,11750,23563,0.0
2022-01-27,11800,12000,11100,11250,51868,-0.04255319148936165
2022-01-28,11150,11650,11050,11400,30904,0.01333333333333342
2022-02-03,11850,11900,11650,11800,11193,0.03508771929824572
2022-02-04,11650,12000,11650,11950,20654,0.012711864406779627
2022-02-07,12100,12150,11700,12150,23589,0.01673640167364021
2022-02-08,12250,12400,11800,11900,21189,-0.020576131687242816
2022-02-09,11800,12600,11800,12500,34354,0.050420168067226934
2022-02-10,12500,12550,12000,12150,23155,-0.028000000000000025
2022-02-11,12000,12200,11750,11850,9953,-0.024691358024691357
2022-02-14,11600,11700,11100,11300,22382,-0.04641350210970463
2022-02-15,11200,11550,11150,11450,47284,0.01327433628318575
2022-02-16,11400,12100,11400,11950,57898,0.04366812227074246
2022-02-17,12000,12050,11500,12000,63181,0.004184100418409997
2022-02-18,11650,11900,11650,11650,17861,-0.029166666666666674
2022-02-21,11550,11700,11300,11650,12054,0.0
2022-02-22,11500,11500,11200,11450,14479,-0.01716738197424894
2022-02-23,11350,11600,11350,11450,11939,0.0
2022-02-24,11750,11950,11150,11350,29954,-0.008733624454148492
2022-02-25,11400,11900,11150,11850,38067,0.044052863436123246
2022-02-28,11650,11800,11450,11500,29577,-0.029535864978902926
2022-03-02,11400,11550,11350,11500,15297,0.0
2022-03-03,11650,12050,11550,11800,37899,0.026086956521739202
2022-03-04,11800,11950,11600,11700,15500,-0.008474576271186418
2022-03-07,11600,11600,11300,11500,16828,-0.017094017094017144
2022-03-08,11350,11600,11200,11450,11896,-0.004347826086956497
2022-03-10,11600,11700,11450,11600,10633,0.013100436681222627
2022-03-11,11700,11700,11450,11550,8989,-0.004310344827586188
2022-03-14,11550,11550,11250,11350,19587,-0.017316017316017285
2022-03-15,11350,11500,11200,11400,10141,0.004405286343612369
2022-03-16,11400,11900,11350,11650,40087,0.021929824561403466
2022-03-17,11700,14450,11700,12800,1087405,0.09871244635193133
2022-03-18,12900,12950,12600,12800,120898,0.0
2022-03-21,12900,12900,12550,12650,51461,-0.01171875
2022-03-22,12700,12700,12500,12600,35928,-0.0039525691699604515
2022-03-23,12700,12950,12500,12800,56249,0.015873015873015817
2022-03-24,12750,12850,12450,12800,31460,0.0
2022-03-25,12900,12900,12550,12700,32421,-0.0078125
2022-03-28,12600,13050,12600,12850,84249,0.011811023622047223
2022-03-29,12850,13050,12750,12950,29033,0.0077821011673151474
2022-03-30,13100,13500,12850,13100,78831,0.01158301158301156
2022-03-31,13100,13100,12700,12800,26909,-0.022900763358778664
2022-04-01,12750,13100,12550,13050,40720,0.01953125
2022-04-04,13100,13250,12850,13200,70624,0.011494252873563315
2022-04-05,13300,13350,13000,13150,36393,-0.0037878787878787845
2022-04-06,12900,13100,12800,12850,27502,-0.02281368821292773
2022-04-07,12850,12850,12500,12500,22558,-0.027237354085603127
2022-04-08,12750,12750,12200,12300,24475,-0.016000000000000014
2022-04-11,12300,12500,12050,12100,17441,-0.016260162601625994
2022-04-12,12100,12200,11950,12000,11272,-0.008264462809917328
2022-04-13,12000,12450,12000,12400,16243,0.03333333333333344
2022-04-14,12500,12600,12250,12600,16430,0.016129032258064502
2022-04-15,12500,12600,12300,12600,21818,0.0
2022-04-18,12550,12650,12350,12450,25684,-0.011904761904761862
2022-04-19,12450,12700,12300,12600,32478,0.012048192771084265
2022-04-20,12700,12700,12300,12350,26610,-0.019841269841269882
2022-04-21,12300,12600,12250,12350,29379,0.0
2022-04-22,12200,12550,12100,12400,29586,0.004048582995951344
2022-04-25,12200,12250,11900,11900,20889,-0.040322580645161255
2022-04-26,11900,12250,11900,12050,15344,0.012605042016806678
2022-04-27,11650,12100,11600,12100,20371,0.004149377593360981
2022-04-28,12150,12300,11900,12000,16240,-0.008264462809917328
2022-04-29,12100,12300,11900,12300,13523,0.02499999999999991
2022-05-02,12300,12450,12000,12400,21416,0.008130081300812941
2022-05-03,12300,12600,12250,12350,22190,-0.0040322580645161255
2022-05-04,12350,12400,12000,12150,16059,-0.01619433198380571
2022-05-06,11950,12050,11850,12050,11254,-0.008230452674897082
2022-05-09,11950,12000,11700,12000,21035,-0.004149377593360981
2022-05-10,11750,12250,11550,12150,32470,0.012499999999999956
2022-05-11,11950,12150,11900,12150,10237,0.0
2022-05-12,12150,12300,11750,11850,26848,-0.024691358024691357
2022-05-13,11750,12050,11750,12050,43006,0.016877637130801704
2022-05-16,12150,12450,11950,12150,51719,0.008298755186721962
2022-05-17,12050,12300,11900,12300,45974,0.012345679012345734
2022-05-18,12400,12500,12050,12050,38363,-0.020325203252032575
2022-05-19,11700,11950,11600,11750,14985,-0.024896265560165998
2022-05-20,11800,12050,11750,12000,8911,0.02127659574468077
2022-05-23,12000,12050,11800,12000,11843,0.0
2022-05-24,11850,12000,11700,11750,11626,-0.02083333333333337
2022-05-25,11750,12150,11750,11850,30947,0.008510638297872353
2022-05-26,11900,12050,11700,11800,27727,-0.00421940928270037
2022-05-27,11850,11900,11500,11800,20543,0.0
2022-05-30,11750,12050,11750,12000,27454,0.016949152542372836
2022-05-31,12050,12050,11750,11900,16963,-0.008333333333333304
2022-06-02,11800,12100,11800,12000,19612,0.008403361344537785
2022-06-03,12050,12200,11900,12200,26731,0.016666666666666607
2022-06-07,12150,12150,11900,11900,15048,-0.024590163934426257
2022-06-08,11900,12200,11850,12050,20444,0.012605042016806678
2022-06-09,12150,12150,11850,11900,11671,-0.012448132780082943
2022-06-10,11800,12100,11750,11750,12114,-0.012605042016806678
2022-06-13,11700,11950,11050,11350,38355,-0.03404255319148941
2022-06-14,11000,11250,10650,11100,67886,-0.022026431718061623
2022-06-15,10850,11050,10600,10650,51069,-0.04054054054054057
2022-06-16,10850,11050,10650,10750,27827,0.009389671361502261
2022-06-17,10750,11050,10500,10700,37067,-0.0046511627906976605
2022-06-20,10900,10900,9950,9950,82421,-0.07009345794392519
2022-06-21,9760,10400,9760,10250,33693,0.03015075376884413
2022-06-22,10350,10800,9990,9990,36755,-0.025365853658536608
2022-06-23,9990,10150,9260,9270,32337,-0.07207207207207211
2022-06-24,9250,9760,9250,9650,42991,0.04099244875943908
2022-06-27,9790,9900,9580,9840,9798,0.01968911917098448
2022-06-28,9890,10100,9860,10050,17356,0.021341463414634054
2022-06-29,10000,10600,9810,10400,21740,0.03482587064676612
2022-06-30,10400,10550,9900,10200,18048,-0.019230769230769273
2022-07-01,10300,12300,10300,10550,233463,0.03431372549019618
2022-07-04,10450,10700,9780,9980,54213,-0.05402843601895735
2022-07-05,10050,10800,10000,10500,30657,0.05210420841683372
2022-07-06,10500,11000,10350,10750,43726,0.023809523809523725
2022-07-07,10650,11050,10650,10700,25568,-0.0046511627906976605
2022-07-08,10800,11200,10650,11100,26038,0.03738317757009346
2022-07-11,11000,11150,10750,10800,32899,-0.027027027027026973
2022-07-12,10900,10950,10350,10350,18375,-0.04166666666666663
2022-07-13,10500,11300,10350,11050,45895,0.06763285024154597
2022-07-14,11050,11250,10650,10800,30649,-0.022624434389140302
2022-07-15,10800,11100,10700,11100,24498,0.02777777777777768
2022-07-18,11100,11300,10900,11000,35579,-0.009009009009009028
2022-07-19,11000,11400,10850,11400,23510,0.036363636363636376
2022-07-20,11400,11750,11200,11650,59041,0.021929824561403466
2022-07-21,11800,11950,11350,11500,43097,-0.012875536480686733
2022-07-22,11400,11650,11250,11500,28886,0.0
2022-07-25,11550,11600,11050,11050,33023,-0.03913043478260869
2022-07-26,11100,11450,10800,11450,40656,0.03619909502262453
2022-07-27,11350,11500,11150,11400,12920,-0.004366812227074246
2022-07-28,11400,11700,11150,11450,34603,0.004385964912280604
2022-07-29,11450,11850,11200,11800,37259,0.03056768558951961
2022-08-01,11850,11850,11450,11450,19246,-0.029661016949152574
2022-08-02,11850,12550,11450,11450,213200,0.0
2022-08-03,11500,12350,11500,11850,86990,0.03493449781659397
2022-08-04,11850,12500,11800,11850,125556,0.0
2022-08-05,11850,11900,11700,11750,18590,-0.008438818565400852
2022-08-08,11750,11800,11500,11550,20992,-0.017021276595744705
2022-08-09,11550,11650,11400,11650,16615,0.008658008658008587
2022-08-10,11700,11800,11350,11600,30769,-0.0042918454935622075
2022-08-11,11800,11900,11500,11550,36308,-0.004310344827586188
2022-08-12,11550,11550,11300,11450,22942,-0.008658008658008698
2022-08-16,11450,11700,11200,11300,46204,-0.013100436681222738
2022-08-17,11300,11350,10500,10750,49626,-0.04867256637168138
2022-08-18,10700,10750,10400,10650,13263,-0.009302325581395321
2022-08-19,10500,10800,10250,10450,16161,-0.018779342723004744
2022-08-22,10250,10500,10100,10100,11088,-0.03349282296650713
2022-08-23,10100,10200,9950,10000,11530,-0.00990099009900991
2022-08-24,9960,10150,9960,10150,4446,0.014999999999999902
2022-08-25,10200,10300,10050,10300,5224,0.014778325123152802
2022-08-26,10300,10400,10200,10350,7139,0.004854368932038833
2022-08-29,10000,10200,9930,9990,14974,-0.034782608695652195
2022-08-30,9930,10050,9910,10050,15440,0.006006006006006093
2022-08-31,9950,10600,9930,10550,12965,0.04975124378109452
2022-09-01,10400,10450,10050,10050,6097,-0.04739336492891
2022-09-02,10050,10200,9870,9910,14886,-0.013930348258706426
2022-09-05,9900,9940,9780,9860,5696,-0.005045408678102881
2022-09-06,9750,9900,9750,9790,7150,-0.007099391480730244
2022-09-07,9630,9840,9630,9700,6513,-0.009193054136874323
2022-09-08,9630,9800,9600,9650,8532,-0.005154639175257714
2022-09-13,9660,9900,9660,9830,7346,0.01865284974093262
2022-09-14,9690,9740,9260,9660,2889,-0.017293997965411978
2022-09-15,9600,9810,9510,9670,9361,0.0010351966873705098
2022-09-16,9670,9670,9500,9620,8920,-0.005170630816959676
2022-09-19,9510,9590,9390,9400,6079,-0.022869022869022815
2022-09-20,9360,9560,9360,9540,5375,0.014893617021276562
2022-09-21,9410,9630,9410,9630,5329,0.009433962264151052
2022-09-22,9620,9650,9400,9420,6397,-0.02180685358255452
2022-09-23,9450,9450,9200,9210,10115,-0.022292993630573243
2022-09-26,8650,9160,8350,8350,29859,-0.09337676438653641
2022-09-27,8380,8450,8040,8230,17985,-0.014371257485029987
2022-09-28,8120,8220,7840,8010,9404,-0.026731470230862753
2022-09-29,8050,8250,7860,8080,20974,0.008739076154806513
2022-09-30,7850,9030,7850,8080,104369,0.0
2022-10-04,8150,8260,8050,8240,10944,0.01980198019801982
2022-10-05,8250,8340,8110,8210,9123,-0.00364077669902918
2022-10-06,8140,8950,8140,8920,37879,0.0864799025578562
2022-10-07,8710,8840,8480,8510,13535,-0.04596412556053808
2022-10-11,8200,8340,8140,8200,4293,-0.03642773207990602
2022-10-12,8110,8200,7960,8150,12093,-0.0060975609756097615
2022-10-13,8000,8030,7700,7780,11710,-0.04539877300613493
2022-10-14,7780,7990,7780,7960,11151,0.023136246786632286
2022-10-17,7900,7980,7730,7960,7277,0.0
2022-10-18,8140,8140,7900,8050,9915,0.011306532663316604
2022-10-19,8050,8810,8050,8730,18198,0.08447204968944089
2022-10-20,8650,8750,8330,8330,41515,-0.04581901489117979
2022-10-21,8250,8420,8030,8080,6634,-0.03001200480192079
2022-10-24,8130,8320,8090,8190,5364,0.013613861386138515
2022-10-25,8320,8320,8050,8250,1738,0.0073260073260073
2022-10-26,8250,8440,8200,8200,6454,-0.0060606060606061
2022-10-27,8300,8320,8200,8290,2569,0.01097560975609757
2022-10-28,8200,8340,8010,8150,6720,-0.016887816646562137
2022-10-31,8250,8250,8020,8020,3675,-0.015950920245398792
2022-11-01,8190,8190,7990,8070,5134,0.006234413965087171
2022-11-02,7990,8080,7990,8050,4108,-0.0024783147459727095
2022-11-03,7980,8100,7900,8100,1996,0.006211180124223503
2022-11-04,8100,8100,7900,8060,8286,-0.004938271604938316
2022-11-07,8160,8160,8010,8070,3548,0.001240694789081953
2022-11-08,8110,8320,8090,8230,11456,0.019826517967781898
2022-11-09,8310,8410,8200,8240,2589,0.0012150668286756705
2022-11-10,8230,8230,8070,8140,4854,-0.012135922330097082
2022-11-11,8390,8400,8190,8370,16732,0.02825552825552835
2022-11-14,8670,8670,8310,8310,8276,-0.007168458781361964
2022-11-15,8150,8350,8150,8330,2973,0.002406738868832692
2022-11-16,8330,8500,8190,8290,4447,-0.004801920768307322
2022-11-17,8310,10750,8310,10750,1522709,0.29674306393244865
2022-11-18,11600,12800,10750,11050,1815448,0.027906976744185963
2022-11-21,11250,12200,10300,10500,1302592,-0.04977375565610864
2022-11-22,10250,10800,10150,10650,286916,0.014285714285714235
2022-11-23,10500,10850,10450,10800,146097,0.014084507042253502
2022-11-24,11050,11250,10500,10600,222058,-0.01851851851851849
2022-11-25,10750,10800,10250,10450,67303,-0.014150943396226467
2022-11-28,10350,10450,9950,10100,90141,-0.03349282296650713
2022-11-29,10100,10350,10000,10100,61420,0.0
2022-11-30,10200,10600,10100,10450,62565,0.034653465346534684
2022-12-01,10450,10800,10250,10350,71889,-0.009569377990430672
2022-12-02,10350,10450,9730,9730,86483,-0.05990338164251208
2022-12-05,9880,9880,9540,9670,61148,-0.006166495375128478
2022-12-06,9560,9600,9240,9360,57006,-0.03205791106514999
2022-12-07,9250,9530,9150,9360,52106,0.0
2022-12-08,9460,9460,9050,9130,35402,-0.024572649572649596
2022-12-09,9090,9360,9080,9160,25441,0.0032858707557503752
2022-12-12,9310,9310,9020,9040,14676,-0.013100436681222738
2022-12-13,9040,9130,9010,9030,14398,-0.0011061946902655162
2022-12-14,9160,9320,9000,9110,33254,0.008859357696566983
2022-12-15,9020,9240,9020,9130,12103,0.002195389681668436
2022-12-16,9000,9100,8850,8910,19659,-0.02409638554216864
2022-12-19,8910,9560,8850,9200,77731,0.032547699214365844
2022-12-20,9160,9250,8870,8870,22143,-0.035869565217391264
2022-12-21,9180,9180,8890,8940,13483,0.007891770011273946
2022-12-22,9090,9090,8960,8960,10461,0.0022371364653244186
2022-12-23,8850,8910,8430,8520,40097,-0.049107142857142905
2022-12-26,8510,8610,8270,8300,15248,-0.025821596244131495
2022-12-27,8310,8470,8160,8160,19440,-0.016867469879518038
2022-12-28,8150,8410,8150,8300,10562,0.017156862745097978
2022-12-29,8250,8330,7860,7930,28917,-0.04457831325301209
2023-01-02,7930,8040,7700,7700,24561,-0.0290037831021438
2023-01-03,7520,8940,7520,7970,231636,0.03506493506493502
2023-01-04,7970,8110,7770,7920,56578,-0.006273525721455453
2023-01-05,7860,8040,7850,7860,17412,-0.007575757575757569
2023-01-06,7730,8500,7730,8050,85186,0.024173027989821794
2023-01-09,8060,8280,8060,8160,15695,0.013664596273291973
2023-01-10,8050,8690,8050,8590,70532,0.052696078431372584
2023-01-11,8720,11150,8450,11150,920142,0.2980209545983703
2023-01-12,12000,12300,10600,10600,2546562,-0.04932735426008972
2023-01-13,10500,10850,10500,10550,346457,-0.004716981132075526
2023-01-16,10750,10800,10300,10700,300721,0.014218009478673022
2023-01-17,10700,10750,10000,10100,355307,-0.05607476635514019
2023-01-18,10450,10500,10150,10300,276684,0.01980198019801982
2023-01-19,10400,11000,10050,10100,662855,-0.01941747572815533
2023-01-20,10000,10150,9590,9640,216949,-0.045544554455445585
2023-01-25,9700,10450,9650,10030,324229,0.04045643153526979
2023-01-26,9970,10160,9840,9870,135349,-0.015952143569292088
2023-01-27,9970,10150,9920,10050,81210,0.01823708206686936
2023-01-30,10130,10200,9960,10160,87784,0.010945273631840724
2023-01-31,10160,10340,10010,10160,100543,0.0
2023-02-01,10080,10280,9920,9950,79111,-0.02066929133858264
2023-02-02,9930,10150,9890,10120,76046,0.0170854271356784
2023-02-03,10130,10260,10000,10200,44296,0.007905138339920903
2023-02-06,10090,10090,9960,9990,39897,-0.020588235294117685
2023-02-07,10000,10070,9980,10000,31175,0.0010010010010010895
2023-02-08,10150,10360,10020,10330,149973,0.03299999999999992
2023-02-09,10270,10380,10050,10080,89259,-0.024201355275895398
2023-02-10,10020,10040,9600,9600,105602,-0.04761904761904767
2023-02-13,9410,9550,9260,9500,55085,-0.01041666666666663
2023-02-14,9640,10090,9620,10090,103586,0.06210526315789466
2023-02-15,10210,10290,9770,9970,70767,-0.01189296333002976
2023-02-16,9870,10220,9870,9970,76598,0.0
2023-02-17,9900,9970,9660,9830,46320,-0.014042126379137376
2023-02-20,9820,10000,9700,9840,43260,0.0010172939979653517
2023-02-21,9840,10250,9840,10200,95355,0.03658536585365857
2023-02-22,10030,10100,9740,9740,57087,-0.045098039215686225
2023-02-23,9760,10140,9740,10050,71572,0.03182751540041062
2023-02-24,10010,10090,9810,9810,41800,-0.023880597014925398
2023-02-27,9740,10170,9710,10080,96868,0.02752293577981657
2023-02-28,10070,10240,9900,9910,103817,-0.016865079365079416
2023-03-02,9910,10020,9800,9800,30683,-0.011099899091826404
2023-03-03,9870,10070,9850,9930,29799,0.013265306122449028
2023-03-06,9940,10350,9850,10290,204806,0.03625377643504524
2023-03-07,10230,10260,9920,9920,63727,-0.035957240038872684
2023-03-08,9850,10040,9600,9770,59777,-0.015120967741935498
2023-03-09,9680,9980,9600,9850,82105,0.008188331627430934
2023-03-10,9850,12610,9780,11550,4178310,0.17258883248730972
2023-03-13,12420,13300,10640,10680,3455524,-0.07532467532467535
2023-03-14,10790,10940,9850,9850,531158,-0.07771535580524347
2023-03-15,10000,10640,9960,10430,406795,0.05888324873096451
2023-03-16,10310,10400,10080,10170,204613,-0.024928092042186045
2023-03-17,10370,11900,10340,11180,1383157,0.09931170108161269
2023-03-20,11090,11610,11030,11140,360874,-0.003577817531305927
2023-03-21,11140,11470,10830,11470,328025,0.029622980251346576
2023-03-22,11650,11760,11260,11510,549788,0.0034873583260679464
2023-03-23,11330,11740,10970,11200,353783,-0.026933101650738478
2023-03-24,11300,11490,11050,11380,153701,0.016071428571428514
2023-03-27,11380,11380,10870,11180,160198,-0.017574692442882234
2023-03-28,11200,11560,11140,11450,275753,0.02415026833631484
2023-03-29,11300,11370,10950,11060,156365,-0.03406113537117905
2023-03-30,11150,11930,10810,11930,658362,0.0786618444846292
2023-03-31,11670,11820,11300,11440,255145,-0.04107292539815588
2023-04-03,11510,11670,11300,11350,141705,-0.00786713286713292
2023-04-04,11350,11610,11200,11360,150860,0.0008810572687225626
2023-04-05,11430,11690,11270,11610,158701,0.022007042253521236
2023-04-06,11700,11700,11020,11170,196494,-0.037898363479758834
2023-04-07,11150,11500,11150,11200,120596,0.0026857654431513556
2023-04-10,11230,11230,10250,10740,137617,-0.04107142857142854
2023-04-11,10600,10880,10490,10850,85405,0.010242085661080091
2023-04-12,10900,11530,10750,11530,249608,0.06267281105990774
2023-04-13,11870,12460,11430,11970,927410,0.03816131830008662
2023-04-14,12120,12310,11640,11720,199512,-0.02088554720133673
2023-04-17,11550,11550,10930,11380,221436,-0.029010238907849817
2023-04-18,11370,12200,11100,12200,434192,0.07205623901581726
2023-04-19,12250,13470,11880,13240,1699960,0.08524590163934431
2023-04-20,12930,12930,12040,12100,435203,-0.08610271903323263
2023-04-21,12060,12300,11510,11520,314023,-0.04793388429752066
2023-04-24,11520,11750,10950,11070,172451,-0.0390625
2023-04-25,11200,11690,10900,11390,215872,0.028906955736224038
2023-04-26,11280,11530,10950,11100,75346,-0.025460930640913038
2023-04-27,11140,11580,11130,11490,72581,0.03513513513513522
2023-04-28,11590,12000,10890,10890,141817,-0.052219321148825104
2023-05-02,10890,11380,10760,11120,58788,0.02112029384756653
2023-05-03,11090,11320,10950,11180,40188,0.0053956834532373765
2023-05-04,11020,11220,10820,10850,91585,-0.02951699463327373
2023-05-08,10850,11010,10710,10780,77000,-0.006451612903225823
2023-05-09,10730,10800,10300,10490,139591,-0.026901669758812585
2023-05-10,10390,10490,10020,10200,62028,-0.02764537654909438
2023-05-11,10220,10520,10220,10350,31016,0.014705882352941124
2023-05-12,10250,10470,10150,10270,59416,-0.007729468599033784
2023-05-15,10300,10310,10010,10030,44304,-0.023369036027263923
2023-05-16,10110,10230,9780,9780,61605,-0.024925224327018936
2023-05-17,9750,9970,9320,9950,98130,0.017382413087934534
2023-05-18,9950,10220,9890,10190,37172,0.024120603015075348
2023-05-19,10380,10380,10070,10070,22539,-0.011776251226692791
2023-05-22,10070,10480,10040,10390,34322,0.03177755710029784
2023-05-23,10280,10500,10280,10320,33597,-0.006737247353224229
2023-05-24,10320,10480,10140,10300,18304,-0.0019379844961240345
2023-05-25,10220,10390,10030,10070,34311,-0.022330097087378653
2023-05-26,10080,10140,9860,9920,47006,-0.014895729890764597
2023-05-30,9920,10180,9920,10000,36118,0.008064516129032251
2023-05-31,9910,10170,9910,9980,27253,-0.0020000000000000018
2023-06-01,9980,10100,9880,9960,24315,-0.002004008016032066
2023-06-02,9960,10050,9900,10000,27920,0.004016064257028162
2023-06-05,10000,10150,9960,10120,14273,0.01200000000000001
2023-06-07,10250,10250,10030,10030,20045,-0.008893280632411016
2023-06-08,10030,10100,9930,9950,16940,-0.0079760717846461
2023-06-09,9960,10440,9960,10230,47327,0.028140703517588017
2023-06-12,10300,10380,10160,10200,29040,-0.0029325513196480912
2023-06-13,10190,10440,10170,10300,26307,0.009803921568627416
2023-06-14,10330,10680,10000,10120,66119,-0.01747572815533982
2023-06-15,10120,10400,9980,10400,35598,0.027667984189723382
2023-06-16,10350,10700,10350,10520,52722,0.011538461538461497
2023-06-19,10600,10600,10290,10500,41414,-0.0019011406844106071
2023-06-20,10390,10560,10350,10540,35803,0.003809523809523707
2023-06-21,10490,10490,10200,10300,28061,-0.022770398481973486
2023-06-22,10210,10450,10180,10350,29181,0.004854368932038833
2023-06-23,10350,10710,10170,10610,64170,0.02512077294685988
2023-06-26,10650,10670,10290,10330,39533,-0.02639019792648445
2023-06-27,10400,10950,10240,10700,97964,0.03581800580832528
2023-06-28,10700,10800,10470,10600,34605,-0.009345794392523366
2023-06-29,10610,11000,10530,10840,112692,0.02264150943396226
2023-06-30,10840,11010,10630,10820,56677,-0.0018450184501844769
2023-07-03,10830,10980,10600,10750,44667,-0.006469500924214389
2023-07-04,10870,10870,10470,10530,41221,-0.020465116279069773
2023-07-05,10530,10640,10110,10280,60482,-0.023741690408357052
2023-07-06,10400,10400,9880,9970,58071,-0.030155642023346307
2023-07-07,9980,10140,9590,9930,35641,-0.004012036108325012
2023-07-10,9700,9940,9700,9720,31158,-0.02114803625377648
2023-07-11,9720,10190,9720,10050,40753,0.033950617283950546
2023-07-12,10100,10240,9930,10070,12609,0.0019900497512437276
2023-07-13,10070,10270,10000,10000,18481,-0.006951340615690138
2023-07-14,10010,10090,9860,10070,31112,0.006999999999999895
2023-07-17,9970,10420,9800,10080,36177,0.0009930486593843213
2023-07-18,10010,10100,9750,9750,47309,-0.03273809523809523
2023-07-19,9680,9980,9570,9920,55019,0.017435897435897463
2023-07-20,9760,9890,9760,9880,33018,-0.0040322580645161255
2023-07-21,9770,9950,9680,9760,33752,-0.012145748987854255
2023-07-24,9700,9730,9080,9110,136630,-0.06659836065573765
2023-07-25,9020,9230,8720,9070,79217,-0.004390779363336983
2023-07-26,9080,9160,8360,8360,109880,-0.0782800441014333
2023-07-27,8320,8900,8320,8680,40261,0.038277511961722466
2023-07-28,8590,8800,8400,8740,12562,0.00691244239631339
2023-07-31,8660,9080,8660,8840,32942,0.011441647597254079
2023-08-01,8800,9420,8800,9210,32948,0.041855203619909576
2023-08-02,9300,9300,8880,9000,34700,-0.0228013029315961
2023-08-03,8880,9000,8680,8870,38210,-0.014444444444444482
2023-08-04,8850,9270,8820,9270,30072,0.045095828635851154
2023-08-07,9230,9230,8900,9000,22664,-0.029126213592232997
2023-08-08,8910,9170,8850,8850,29659,-0.01666666666666672
2023-08-09,8770,8990,8700,8900,17243,0.005649717514124353
2023-08-10,8750,9200,8650,9180,34705,0.03146067415730336
2023-08-11,9180,9270,9060,9110,26403,-0.007625272331154731
2023-08-14,9110,9350,8920,9170,19121,0.00658616904500553
2023-08-16,9130,9200,8660,8890,38205,-0.03053435114503822
2023-08-17,8890,8890,8410,8740,50295,-0.01687289088863897
2023-08-18,8570,8940,8500,8780,21711,0.004576659038901587
2023-08-21,8790,9080,8780,8910,20634,0.01480637813211838
2023-08-22,8840,9000,8770,8770,23456,-0.015712682379349086
2023-08-23,8830,8900,8740,8790,15967,0.0022805017103761926
2023-08-24,8750,9130,8750,9000,44313,0.023890784982935065
2023-08-25,8960,8960,8750,8750,11664,-0.02777777777777779
2023-08-28,8800,8880,8720,8810,10932,0.006857142857142895
2023-08-29,8830,9880,8830,9250,507547,0.049943246311010325
2023-08-30,9300,9440,9200,9300,45344,0.00540540540540535
2023-08-31,9230,10200,9220,10000,344122,0.07526881720430101
2023-09-01,10110,10670,9710,10210,347421,0.020999999999999908
2023-09-04,10420,13270,10090,13270,5758160,0.29970617042115566
2023-09-05,12600,12790,11490,11610,1994570,-0.12509419743782968
2023-09-06,11470,12380,11210,11450,1776308,-0.013781223083548677
2023-09-07,11550,12290,11350,11700,2476922,0.02183406113537112
2023-09-08,11420,11680,11010,11210,367568,-0.04188034188034184
2023-09-11,11280,11950,11140,11250,654297,0.003568242640499486
2023-09-12,11430,11810,11140,11150,411907,-0.008888888888888835
2023-09-13,11070,11070,10350,10400,365322,-0.06726457399103136
2023-09-14,10620,11030,10470,10710,232511,0.029807692307692202
2023-09-15,10800,11380,10800,10860,256376,0.014005602240896309
2023-09-18,10860,11170,10620,11150,145780,0.026703499079189674
2023-09-19,11330,11330,10520,10520,167494,-0.05650224215246635
2023-09-20,10800,11500,10370,11050,411814,0.050380228136882144
2023-09-21,10890,11090,10400,10600,152312,-0.040723981900452455
2023-09-22,10310,10570,10070,10290,208035,-0.029245283018867974
2023-09-25,10290,10620,9900,10050,116910,-0.023323615160349864
2023-09-26,9980,10460,9980,10090,103816,0.003980099502487455
2023-09-27,10020,10500,9950,10390,111250,0.02973240832507429
2023-10-04,10200,10240,9390,9420,192098,-0.09335899903753608
2023-10-05,9420,9690,9020,9100,122932,-0.03397027600849256
2023-10-06,8920,9470,8920,9390,65647,0.03186813186813198
2023-10-10,9350,9360,8860,8990,71133,-0.04259850905218321
2023-10-11,9020,9440,9020,9330,38708,0.037819799777530694
2023-10-12,9360,9660,9360,9500,36660,0.018220793140407254
2023-10-13,9500,9500,9200,9380,60691,-0.012631578947368438
2023-10-16,9340,9340,8810,8830,103502,-0.05863539445628996
2023-10-17,8980,9160,8920,9050,48710,0.02491506228765572
2023-10-18,9000,9230,8800,8880,39251,-0.018784530386740328
2023-10-19,8790,8790,8170,8560,56378,-0.036036036036036
2023-10-20,8370,8420,8120,8260,62452,-0.03504672897196259
2023-10-23,8080,8480,8080,8300,36246,0.004842615012106588
2023-10-24,8310,8570,8080,8570,37741,0.032530120481927716
2023-10-25,8550,8700,8450,8640,30580,0.008168028004667427
2023-10-26,8320,8470,8070,8130,50626,-0.05902777777777779
2023-10-27,8120,8280,7910,8010,35534,-0.014760147601476037
2023-10-30,7800,8560,7800,8340,40101,0.04119850187265928
2023-10-31,8370,8480,8000,8020,52280,-0.0383693045563549
2023-11-01,8020,8370,8020,8220,51721,0.02493765586034913
2023-11-02,8350,8500,8310,8400,34600,0.021897810218978186
2023-11-03,8440,8650,8280,8560,35250,0.01904761904761898
2023-11-06,8670,8790,8510,8710,49675,0.017523364485981352
2023-11-07,8710,8820,8340,8550,43584,-0.018369690011481032
2023-11-08,8580,8790,8430,8460,39290,-0.010526315789473717
2023-11-09,8550,8660,8400,8460,41417,0.0
2023-11-10,8400,8400,8110,8160,34853,-0.03546099290780147
2023-11-13,8200,8450,8080,8100,25243,-0.007352941176470562
2023-11-14,8030,8410,8030,8400,23554,0.03703703703703698
2023-11-15,8510,8680,8470,8520,38832,0.014285714285714235
2023-11-16,8600,8700,8510,8700,27289,0.021126760563380254
2023-11-17,8800,8800,8420,8520,33153,-0.020689655172413834
2023-11-20,8440,8730,8440,8610,26162,0.010563380281690238
2023-11-21,8700,8700,8590,8640,41638,0.0034843205574912606
2023-11-22,8640,8690,8520,8570,23531,-0.00810185185185186
2023-11-23,8570,8780,8570,8600,28198,0.003500583430571691
2023-11-24,8590,8800,8560,8610,16518,0.0011627906976743319
2023-11-27,8700,8700,8360,8400,32484,-0.024390243902439046
2023-11-28,8450,8490,8400,8470,12557,0.008333333333333304
2023-11-29,8480,8660,8320,8660,36472,0.022432113341204207
2023-11-30,8600,8700,8600,8650,24957,-0.0011547344110854896
2023-12-01,8650,8650,8470,8530,29302,-0.01387283236994219
2023-12-04,8530,8530,8370,8430,22612,-0.011723329425556872
2023-12-05,8330,8500,8140,8140,30211,-0.03440094899169632
2023-12-06,8160,8400,8160,8350,23605,0.025798525798525818
2023-12-07,8390,8820,8140,8450,91327,0.011976047904191711
2023-12-08,8440,8550,8340,8550,35914,0.01183431952662728
2023-12-11,8550,8950,8530,8750,64269,0.023391812865497075
2023-12-12,8750,8810,8580,8630,27252,-0.013714285714285679
2023-12-13,8660,8680,8420,8420,29919,-0.024333719582850466
2023-12-14,8440,8820,8440,8650,23462,0.027315914489311144
2023-12-15,8640,8640,8450,8600,31166,-0.005780346820809301
2023-12-18,8600,8790,8540,8700,31791,0.011627906976744207
2023-12-19,8630,8750,8600,8720,34934,0.0022988505747125743
2023-12-20,8680,8910,8630,8680,38369,-0.004587155963302725
2023-12-21,8680,8770,8540,8590,23077,-0.010368663594470084
2023-12-22,8590,8620,8510,8540,21673,-0.005820721769499437
2023-12-26,8540,8540,8360,8400,36656,-0.016393442622950838
2023-12-27,8330,8610,8330,8560,37478,0.01904761904761898
2023-12-28,8510,8680,8510,8650,27259,0.010514018691588856
2024-01-02,8640,8760,8600,8760,18572,0.012716763005780285
2024-01-03,8650,8740,8600,8690,30916,-0.007990867579908634
2024-01-04,8690,8690,8560,8590,18394,-0.011507479861910253
2024-01-05,8640,8880,8550,8800,45449,0.024447031431897637
2024-01-08,8800,8980,8740,8930,32547,0.014772727272727382
2024-01-09,9000,9100,8880,9010,51199,0.008958566629339249
2024-01-10,8950,9250,8840,9250,48367,0.02663706992230863
2024-01-11,9200,9290,9100,9240,41966,-0.00108108108108107
2024-01-12,9240,9530,8870,8950,99491,-0.031385281385281405
2024-01-15,8910,9210,8850,9100,25701,0.016759776536312776
2024-01-16,9000,11410,8910,10350,5160642,0.13736263736263732
2024-01-17,9900,12130,9740,10260,9562605,-0.008695652173912993
2024-01-18,10110,11210,9890,10130,3044798,-0.012670565302144277
2024-01-19,10290,12760,10200,11540,12468246,0.1391905231984205
2024-01-22,11310,12390,10910,11810,5956372,0.023396880415944565
2024-01-23,11510,12200,10940,10990,1378667,-0.06943268416596104
2024-01-24,10900,11350,10510,10750,531391,-0.021838034576888044
2024-01-25,10540,10750,10200,10280,308436,-0.043720930232558186
2024-01-26,10200,10490,10110,10360,184050,0.0077821011673151474
2024-01-29,10350,10350,9800,10030,212042,-0.031853281853281845
2024-01-30,10120,10280,9910,10120,117677,0.008973080757726848
2024-01-31,10120,10570,9600,9730,254368,-0.038537549407114624
2024-02-01,9530,9730,9370,9650,113844,-0.008221993833504637
2024-02-02,9650,10140,9650,9890,90370,0.024870466321243567
2024-02-05,9900,10090,9560,9680,81606,-0.02123356926188069
2024-02-06,9700,9810,9310,9700,93084,0.0020661157024792765
2024-02-07,9600,9670,9350,9510,82799,-0.019587628865979423
2024-02-08,9610,10190,9610,10030,208172,0.05467928496319674
2024-02-13,10200,10290,10030,10160,113960,0.012961116650049842
2024-02-14,10000,12090,9760,11490,2551671,0.1309055118110236
2024-02-15,11490,11510,10970,11050,455841,-0.03829416884247172
2024-02-16,11110,11120,10600,10790,235308,-0.02352941176470591
2024-02-19,10720,10900,10570,10720,88238,-0.006487488415199305
2024-02-20,10700,10830,10530,10640,103728,-0.007462686567164201
2024-02-21,10640,10930,10400,10920,161120,0.026315789473684292
2024-02-22,11000,11190,10660,11120,178252,0.01831501831501825
2024-02-23,11090,11090,10620,10620,83787,-0.04496402877697847
2024-02-26,10630,11170,10630,10760,105280,0.013182674199623268
2024-02-27,10860,11000,10480,10690,83654,-0.006505576208178487
2024-02-28,10590,10840,10500,10720,57058,0.00280636108512633
2024-02-29,10720,10940,10300,10430,80204,-0.027052238805970186
2024-03-04,10420,11670,10350,11350,1044086,0.08820709491850431
2024-03-05,11480,12710,10510,10850,1672179,-0.04405286343612336
2024-03-06,11120,11860,10800,11200,701444,0.032258064516129004
2024-03-07,11200,11300,10740,10740,287526,-0.04107142857142854
2024-03-08,10920,11410,10820,11160,251028,0.03910614525139655
2024-03-11,11180,11260,10750,10830,181611,-0.029569892473118253
2024-03-12,10800,11220,10800,11070,106929,0.02216066481994461
2024-03-13,11080,11760,11010,11690,418489,0.05600722673893399
2024-03-14,11710,11990,11150,11990,321669,0.02566295979469624
2024-03-15,12090,12500,11530,12320,421760,0.02752293577981657
2024-03-18,12370,12590,11790,11790,276601,-0.04301948051948057
2024-03-19,11790,13370,11380,12430,2566385,0.05428329092451234
2024-03-20,12270,12400,11850,11850,353290,-0.0466613032984714
2024-03-21,11980,12140,11550,11550,188053,-0.025316455696202556
2024-03-22,11550,12070,11400,11850,201507,0.025974025974025983
2024-03-25,11700,15090,11600,14590,9200631,0.2312236286919831
2024-03-26,15230,16470,14050,14540,7148771,-0.0034270047978066653
2024-03-27,14540,15140,14100,14100,1475260,-0.030261348005502064
2024-03-28,13690,13900,13440,13520,544443,-0.041134751773049594
2024-03-29,13420,14460,13350,13380,1074726,-0.010355029585798814
2024-04-01,13380,13880,13280,13380,277308,0.0
2024-04-02,13380,13440,12680,12900,304146,-0.0358744394618834
2024-04-03,12670,12960,12510,12850,184621,-0.003875968992248069
2024-04-04,12880,14940,12730,13940,3486467,0.08482490272373533
2024-04-05,13760,13800,12990,13400,396486,-0.038737446197991354
2024-04-08,13400,13400,12770,12770,796221,-0.04701492537313434
2024-04-09,12720,13020,11450,11560,543067,-0.09475332811276427
2024-04-11,11510,11800,11380,11750,145201,0.016435986159169635
2024-04-12,11800,12380,11780,12290,262192,0.04595744680851066
2024-04-15,12000,12050,11590,11770,116330,-0.0423108218063466
2024-04-16,11680,11690,10880,11070,209750,-0.05947323704333052
2024-04-17,11070,11400,10650,10700,208210,-0.03342366757000903
2024-04-18,10590,11120,10500,11050,99473,0.032710280373831724
2024-04-19,10890,11150,10580,10750,111960,-0.02714932126696834
2024-04-22,11110,11480,11020,11020,224301,0.025116279069767433
2024-04-23,11150,11290,10700,10820,96884,-0.01814882032667875
2024-04-24,10970,11190,10880,11080,81069,0.02402957486136792
2024-04-25,11100,11180,10750,10770,79982,-0.02797833935018046
2024-04-26,10810,10890,10230,10350,200491,-0.03899721448467963
2024-04-29,10370,10620,10320,10560,76971,0.020289855072463725
2024-04-30,10700,11080,10400,10590,149621,0.0028409090909091717
2024-05-02,10550,10590,10370,10460,63527,-0.01227573182247399
2024-05-03,10460,10660,10450,10460,43641,0.0
2024-05-07,10550,10750,10520,10600,38766,0.013384321223709472
2024-05-08,10550,10790,10540,10780,50752,0.016981132075471805
2024-05-09,10720,12870,10720,11660,2834583,0.08163265306122458
2024-05-10,11660,13200,11450,12140,2640785,0.04116638078902235
2024-05-13,12170,13380,11830,12080,1603185,-0.0049423393739703725
2024-05-14,12010,12290,11930,12070,185393,-0.0008278145695364003
2024-05-16,12260,12330,11830,11840,154040,-0.01905550952775481
2024-05-17,11660,14760,11400,13000,7533174,0.09797297297297303
2024-05-20,14080,14750,12900,13050,3680269,0.0038461538461538325
2024-05-21,12870,14420,12830,13300,2510448,0.019157088122605304
2024-05-22,13120,14050,12880,12980,1044751,-0.024060150375939893
2024-05-23,13020,13880,12680,13750,725457,0.05932203389830515
2024-05-24,13480,17870,13350,17870,16030792,0.2996363636363637
2024-05-27,17470,19730,17000,17470,8874856,-0.022383883603805277
2024-05-28,17400,18370,17150,17870,5311660,0.022896393817973593
2024-05-29,19580,22450,18610,18900,13544764,0.057638500279798555
2024-05-30,18550,19390,17870,17870,1708594,-0.05449735449735449
2024-05-31,17580,18130,17100,17400,1476926,-0.026301063234471234
2024-06-03,17380,18100,16590,16990,1044059,-0.023563218390804552
2024-06-04,16870,17060,15830,15900,768027,-0.06415538552089461
2024-06-05,15900,15980,15280,15550,447184,-0.022012578616352196
2024-06-07,15550,16060,15300,15300,496393,-0.01607717041800638
2024-06-10,15200,15760,15040,15500,403361,0.013071895424836555
2024-06-11,15410,15500,14600,14670,413590,-0.05354838709677423
2024-06-12,14670,14730,14190,14300,294415,-0.025221540558963862
2024-06-13,14450,14540,14070,14070,202759,-0.016083916083916128
2024-06-14,14290,14670,13870,14340,352929,0.019189765458422103
2024-06-17,14480,14490,13960,14100,141063,-0.01673640167364021
2024-06-18,14030,15210,13820,14130,1488098,0.0021276595744681437
2024-06-19,14160,14880,14130,14560,430341,0.030431705590941327
2024-06-20,14690,14690,13890,14070,283686,-0.033653846153846145
2024-06-21,14130,14450,13870,13910,196401,-0.011371712864250205
2024-06-24,14110,14550,13760,13890,376170,-0.0014378145219267058
2024-06-25,13900,14380,13340,14300,311178,0.029517638588912876
2024-06-26,14300,14560,14150,14200,212655,-0.006993006993006978
2024-06-27,14150,14330,13840,13940,99146,-0.018309859154929553
2024-06-28,14010,15130,13850,14120,879640,0.012912482065997155
2024-07-01,14120,14280,13490,13520,180654,-0.04249291784702547
2024-07-02,13550,13890,13040,13590,192681,0.005177514792899407
2024-07-03,13520,13660,13120,13310,97778,-0.02060338484179547
2024-07-04,13200,13470,13020,13020,104508,-0.021788129226145703
2024-07-05,13110,13470,12700,12710,182367,-0.023809523809523836
2024-07-08,12700,12970,12600,12830,77687,0.009441384736428082
2024-07-09,13170,13170,12710,12880,51927,0.0038971161340608518
2024-07-10,12920,13500,12790,13500,104109,0.048136645962732816
2024-07-11,13500,13500,13070,13130,66333,-0.027407407407407436
2024-07-12,13100,13530,12850,12930,81768,-0.015232292460015229
2024-07-15,12880,13140,12710,12960,95142,0.002320185614849146
2024-07-16,12830,13020,12540,12830,77844,-0.010030864197530853
2024-07-17,12990,13000,12730,12880,46203,0.0038971161340608518
2024-07-18,12480,12800,12270,12330,128678,-0.04270186335403725
2024-07-19,12250,12400,12030,12100,79221,-0.018653690186536953
2024-07-22,12010,12300,11800,12040,69090,-0.0049586776859503745
2024-07-23,12040,12850,12000,12290,170419,0.020764119601328845
2024-07-24,12250,12590,12000,12070,59558,-0.017900732302685074
2024-07-25,11820,12000,11600,11810,66614,-0.02154101077050541
2024-07-26,11570,12080,11570,11700,69050,-0.009314140558848383
2024-07-29,11700,11980,11660,11900,31933,0.017094017094017033
2024-07-30,11890,11900,11390,11400,82866,-0.04201680672268904
2024-07-31,11370,11530,11270,11430,51088,0.002631578947368318
2024-08-01,11440,11980,11440,11760,42652,0.028871391076115582
2024-08-02,11510,11750,10830,10970,137711,-0.06717687074829937
2024-08-05,10750,10950,8970,9240,214817,-0.1577028258887876
2024-08-06,9240,9890,8740,9650,128087,0.044372294372294396
2024-08-07,9590,10030,9590,9680,69094,0.0031088082901553626
2024-08-08,9560,9950,9430,9820,40755,0.01446280991735538
2024-08-09,9910,10170,9910,10060,34323,0.024439918533604832
2024-08-12,10050,10340,10050,10270,24496,0.020874751491053667
2024-08-13,10340,10340,9950,10120,45694,-0.014605647517039966
2024-08-14,10170,10620,10170,10500,57855,0.03754940711462451
2024-08-16,10510,10600,10320,10400,33113,-0.00952380952380949
2024-08-19,10400,10400,10120,10140,34661,-0.025000000000000022
2024-08-20,10140,10790,10140,10650,59753,0.050295857988165604
2024-08-21,10620,10830,10380,10590,24736,-0.005633802816901401
2024-08-22,10590,10730,10300,10300,36931,-0.02738432483474973
2024-08-23,10290,10400,10040,10270,24374,-0.002912621359223322
2024-08-26,10190,10440,10030,10380,35450,0.0107108081791627
2024-08-27,10150,10370,9980,10120,34393,-0.025048169556840083
2024-08-28,10120,10290,9960,10100,31967,-0.0019762845849802257
2024-08-29,9970,10090,9820,9990,22653,-0.0108910891089109
2024-08-30,10020,10640,10020,10370,78608,0.03803803803803807
2024-09-02,10320,10550,10140,10460,45355,0.00867888138862094
2024-09-03,10310,10500,10310,10410,30216,-0.004780114722753304
2024-09-04,10200,10200,9740,9740,76556,-0.06436119116234384
2024-09-05,9740,9920,9340,9440,79421,-0.030800821355236097
2024-09-06,9310,9410,8500,9020,75685,-0.044491525423728806
2024-09-09,8570,9210,8570,9150,46411,0.014412416851441234
2024-09-10,9070,9240,8780,8850,26833,-0.032786885245901676
2024-09-11,8770,10200,8770,8820,719440,-0.003389830508474523
2024-09-12,8930,9480,8930,9230,75913,0.046485260770975145
2024-09-13,9140,9330,8790,8820,84264,-0.044420368364030294
2024-09-19,9010,9100,8620,8730,61845,-0.010204081632653073
2024-09-20,8820,9080,8780,8830,42710,0.01145475372279492
2024-09-23,8850,8990,8670,8920,27990,0.010192525481313774
2024-09-24,8920,9000,8790,9000,30571,0.008968609865470878
2024-09-25,8920,9270,8920,9050,42699,0.005555555555555536
2024-09-26,9060,9350,9060,9290,30147,0.026519337016574607
2024-09-27,9290,9580,9210,9480,34989,0.020452099031216253
2024-09-30,9450,9460,9040,9070,44488,-0.043248945147679296
2024-10-02,9070,9070,8810,8980,33918,-0.009922822491730932
2024-10-04,8900,9000,8730,8730,27533,-0.027839643652561197
2024-10-07,8780,9090,8690,9030,20126,0.03436426116838498
2024-10-08,9000,9200,8760,8990,27617,-0.0044296788482834915
2024-10-10,8990,9080,8740,8810,33204,-0.020022246941045596
2024-10-11,8810,8890,8550,8640,42828,-0.0192962542565267
2024-10-14,8640,8740,8520,8570,26301,-0.00810185185185186
2024-10-15,8700,8770,8450,8580,28039,0.001166861143523823
2024-10-16,8570,8570,8280,8330,41156,-0.029137529137529095
2024-10-17,8300,8380,8230,8260,20729,-0.008403361344537785
2024-10-18,8260,8300,8010,8060,42252,-0.02421307506053272
2024-10-21,8140,8250,8000,8200,24644,0.017369727047146455
2024-10-22,8200,8210,7910,8040,31378,-0.019512195121951237
2024-10-23,7990,8240,7910,8100,23249,0.00746268656716409
2024-10-24,7980,8170,7880,7880,25602,-0.02716049382716046
2024-10-25,8000,8080,7760,7840,33020,-0.005076142131979711
2024-10-28,7800,8110,7800,8070,13063,0.029336734693877542
2024-10-29,8060,8120,7960,8080,14922,0.0012391573729864103
2024-10-30,8120,8230,8070,8150,17034,0.00866336633663356
2024-10-31,7990,8330,7900,8260,36933,0.013496932515337345
2024-11-01,8150,8170,7870,7870,33566,-0.04721549636803879
2024-11-04,7870,8190,7870,8170,19183,0.03811944091486663
2024-11-05,8090,8260,8010,8160,11954,-0.001223990208078285
2024-11-06,8100,8290,7950,8030,20790,-0.015931372549019662
2024-11-07,8130,8130,7850,8010,14086,-0.00249066002490661
2024-11-08,8010,8340,8010,8100,24631,0.011235955056179803
2024-11-11,8040,8170,7750,7750,38792,-0.043209876543209846
2024-11-12,7720,7730,7150,7210,81311,-0.06967741935483873
2024-11-13,7070,7230,6800,6840,70529,-0.05131761442441052
2024-11-14,6870,7110,6860,6990,26464,0.021929824561403466
2024-11-15,6850,7030,6720,6980,35550,-0.0014306151645206988
2024-11-18,7050,7280,6940,7210,13436,0.03295128939828085
2024-11-19,7260,7300,7120,7270,13398,0.00832177531206657
2024-11-20,7280,7340,7000,7010,20291,-0.03576341127922966
2024-11-21,6930,7270,6880,7030,14555,0.0028530670470756636
2024-11-22,6950,7220,6950,7090,10086,0.008534850640113723
2024-11-25,7010,7360,7010,7280,17961,0.026798307475317307
2024-11-26,7150,7400,7150,7300,22651,0.0027472527472527375
2024-11-27,7240,7370,7140,7270,16624,-0.004109589041095929
2024-11-28,7300,7310,7140,7140,17945,-0.017881705639614887
2024-11-29,7140,7220,6880,6940,27165,-0.02801120448179273
2024-12-02,7000,7060,6750,6800,21217,-0.02017291066282423
2024-12-03,6750,7020,6750,6880,10949,0.0117647058823529
2024-12-04,6600,6880,6570,6810,38630,-0.01017441860465118
2024-12-05,6750,6820,6500,6790,30322,-0.002936857562408246
2024-12-06,6790,6790,6050,6320,81291,-0.06921944035346095
2024-12-09,6010,6190,5500,5540,95819,-0.12341772151898733
2024-12-10,5420,6100,5420,6100,57250,0.10108303249097483
2024-12-11,6100,6460,6100,6460,23031,0.05901639344262288
2024-12-12,6480,6480,6250,6340,22918,-0.018575851393188847
2024-12-13,6240,6360,6160,6330,32786,-0.001577287066246047
2024-12-16,6340,6580,6340,6580,22554,0.03949447077409163
2024-12-17,6540,6580,6430,6550,10925,-0.00455927051671734
2024-12-18,6550,6670,6420,6650,13043,0.01526717557251911
2024-12-19,6400,6580,6400,6450,9860,-0.03007518796992481
2024-12-20,6440,6450,6030,6170,29488,-0.04341085271317835
2024-12-23,6130,6540,6130,6370,26235,0.03241491085899506
2024-12-24,6370,6510,6370,6480,9508,0.017268445839874413
2024-12-26,6500,7200,6480,6650,164021,0.026234567901234573
2024-12-27,6590,6730,6410,6430,38688,-0.03308270676691727
2024-12-30,6400,6740,6300,6720,27401,0.04510108864696738
2025-01-02,6940,7630,6860,7440,320295,0.1071428571428572
2025-01-03,7520,7530,7210,7250,86880,-0.025537634408602128
2025-01-06,7290,7430,7120,7370,51958,0.016551724137930934
2025-01-07,7470,7590,7200,7210,77153,-0.02170963364993217
2025-01-08,7210,8780,7120,7840,1829381,0.08737864077669899
2025-01-09,7730,8160,7680,7840,312471,0.0
2025-01-10,7880,8010,7670,7890,103743,0.0063775510204082675
2025-01-13,7920,8320,7640,7640,178343,-0.03168567807351075
2025-01-14,7680,7810,7520,7640,53937,0.0
2025-01-15,7640,7640,7340,7430,64450,-0.027486910994764413
2025-01-16,7500,7600,7430,7530,38102,0.013458950201884257
2025-01-17,7540,9690,7450,8880,4327061,0.17928286852589648
2025-01-20,9110,9220,8620,8690,541770,-0.021396396396396344
2025-01-21,8900,9580,8520,8680,1017042,-0.0011507479861909697
2025-01-22,8680,9100,8550,8930,368406,0.02880184331797242
2025-01-23,8850,9080,8310,8310,276381,-0.06942889137737962
2025-01-24,8260,8590,8260,8360,115092,0.006016847172081841
2025-01-31,8290,8380,8020,8050,145741,-0.037081339712918715
2025-02-03,8110,8290,7900,7970,175723,-0.009937888198757738
2025-02-04,8020,8320,8020,8300,124082,0.04140526976160608
2025-02-05,8310,8680,8260,8540,177273,0.028915662650602414
2025-02-06,8510,8590,8200,8260,137314,-0.032786885245901676
2025-02-07,8290,8510,7960,8340,151170,0.009685230024213176
2025-02-10,8320,8650,8070,8490,167592,0.017985611510791477
2025-02-11,8590,8600,8240,8300,106807,-0.0223792697290931
2025-02-12,8200,8210,7840,7850,105377,-0.054216867469879526
2025-02-13,7850,8190,7770,8020,65076,0.021656050955414008
2025-02-14,8030,8200,7880,7970,40680,-0.006234413965087282
2025-02-17,8190,9530,8150,9050,2876534,0.13550815558343787
2025-02-18,9050,10390,8850,9350,3835695,0.03314917127071815
2025-02-19,9400,9400,9010,9100,331347,-0.0267379679144385
2025-02-20,9160,9210,8710,8750,245900,-0.038461538461538436
2025-02-21,8660,8880,8500,8620,129316,-0.014857142857142902
2025-02-24,8660,9000,8410,8710,177528,0.010440835266821269
2025-02-25,8660,8680,8350,8410,102108,-0.03444316877152698
2025-02-26,8410,8460,8260,8360,53030,-0.005945303210463715
2025-02-27,8340,8430,8140,8180,52789,-0.021531100478468845
2025-02-28,8010,8100,7750,7820,72654,-0.044009779951100225
2025-03-04,7600,7750,7430,7590,48839,-0.02941176470588236
2025-03-05,7590,7900,7590,7820,39797,0.030303030303030276
2025-03-06,7820,8000,7670,7820,29744,0.0
2025-03-07,7760,7880,7050,7390,85311,-0.054987212276214836
2025-03-10,7390,7610,7120,7500,26431,0.014884979702300516
2025-03-11,7080,7430,7080,7380,36873,-0.016000000000000014
2025-03-12,7380,7850,7300,7570,45457,0.0257452574525745
2025-03-13,7580,7700,7300,7430,25560,-0.018494055482166427
2025-03-14,7370,7670,7300,7630,20912,0.026917900403768513
2025-03-17,7640,7700,7450,7500,39158,-0.017038007863695914
2025-03-18,7480,7720,7450,7550,21171,0.006666666666666599
2025-03-19,7530,7690,7340,7340,39227,-0.027814569536423805
2025-03-20,7380,7520,7250,7340,20710,0.0
2025-03-21,7300,7380,7060,7120,28362,-0.02997275204359673
2025-03-24,7120,7280,7050,7080,13113,-0.005617977528089901
2025-03-25,7020,7200,6950,7020,38421,-0.008474576271186418
2025-03-26,6970,7060,6870,7000,24624,-0.002849002849002802
2025-03-27,6900,7040,6800,6890,24983,-0.01571428571428568
2025-03-28,6850,6860,6500,6610,56767,-0.04063860667634256
2025-03-31,6500,6780,6440,6620,30141,0.001512859304084735
2025-04-01,6680,6980,6630,6810,58899,0.028700906344410804
2025-04-02,6820,6900,6560,6680,36548,-0.019089574155653488
2025-04-03,6680,6680,6400,6630,13360,-0.007485029940119792
2025-04-04,6410,6780,6400,6700,25483,0.010558069381598756
2025-04-07,6640,6640,6130,6160,62105,-0.08059701492537319
2025-04-08,6200,6410,6160,6160,24648,0.0
2025-04-09,6030,6200,6000,6170,24845,0.0016233766233766378
2025-04-10,6300,6890,6300,6700,59406,0.0858995137763372
2025-04-11,6550,6890,6460,6860,32189,0.023880597014925398
2025-04-14,6860,7100,6710,7080,51447,0.03206997084548102
2025-04-15,7000,7590,7000,7440,90226,0.05084745762711873
2025-04-16,7440,7600,7130,7230,36341,-0.028225806451612878
2025-04-17,7150,7400,7150,7380,26444,0.020746887966804906
2025-04-18,7410,7410,7140,7340,14241,-0.005420054200542035
2025-04-21,7290,7390,7220,7230,11874,-0.01498637602179842
2025-04-22,7140,7350,7140,7210,22772,-0.0027662517289073207
2025-04-23,7410,7450,7000,7400,35426,0.026352288488210807
2025-04-24,7400,7500,7270,7380,32266,-0.002702702702702675
2025-04-25,7350,7520,7320,7460,21971,0.01084010840108407
2025-04-28,7400,7500,7310,7340,27785,-0.01608579088471851
2025-04-29,7250,7640,7250,7630,63607,0.03950953678474112
2025-04-30,7570,7670,7260,7300,35336,-0.04325032765399739
2025-05-02,7300,7410,7140,7300,24364,0.0
2025-05-07,7090,7430,7090,7350,18460,0.006849315068493178
2025-05-08,7350,7400,7280,7380,13660,0.004081632653061273
2025-05-09,7430,7430,7110,7270,40580,-0.01490514905149054
2025-05-12,7200,7530,7200,7420,48008,0.02063273727647874
2025-05-13,7480,7590,7380,7380,43734,-0.005390835579514808
2025-05-14,8500,9230,7830,8330,4382985,0.12872628726287272
2025-05-15,8210,8790,7890,8050,617218,-0.03361344537815125
2025-05-16,8050,8150,7540,7540,240122,-0.06335403726708078
2025-05-19,7540,7840,7380,7630,137298,0.011936339522546469
2025-05-20,7800,8920,7690,8260,1592286,0.08256880733944949
2025-05-21,8110,8300,7960,7960,172221,-0.03631961259079908
2025-05-22,7840,8100,7700,7760,159806,-0.025125628140703515
2025-05-23,7770,7840,7300,7680,65615,-0.010309278350515427
2025-05-26,7610,7780,7480,7780,67535,0.01302083333333326
2025-05-27,7700,7870,7550,7580,49551,-0.02570694087403602
2025-05-28,7600,7760,7460,7500,86903,-0.01055408970976257
2025-05-29,7480,7600,7450,7510,29013,0.0013333333333334085
2025-05-30,7470,8210,7370,7460,447394,-0.0066577896138482195
2025-06-02,7460,7600,7420,7580,62301,0.01608579088471851
2025-06-04,7540,7740,7540,7710,49417,0.01715039577836408
2025-06-05,7680,7880,7590,7720,49648,0.0012970168612191912
2025-06-09,7760,7970,7760,7880,60208,0.020725388601036343
2025-06-10,7880,7920,7740,7800,35856,-0.010152284263959421
2025-06-11,7800,7840,7700,7780,26576,-0.002564102564102555
2025-06-12,7780,7850,7680,7700,34959,-0.010282776349614386
2025-06-13,7850,7850,7450,7520,40288,-0.023376623376623384
2025-06-16,7470,7600,7350,7520,36654,0.0
2025-06-17,7450,7770,7410,7520,47756,0.0
2025-06-18,7530,7790,7520,7640,21168,0.015957446808510634
2025-06-19,7630,7720,7570,7600,19832,-0.005235602094240788
2025-06-20,7550,7730,7480,7710,47319,0.014473684210526416
2025-06-23,7490,7690,7420,7490,68937,-0.02853437094682232
2025-06-24,7490,7730,7490,7620,46266,0.01735647530040052
2025-06-25,7750,7780,7550,7670,36772,0.006561679790026309
2025-06-26,7750,7750,7390,7440,47823,-0.029986962190352018
2025-06-27,7530,7580,7290,7330,43072,-0.014784946236559127
2025-06-30,7460,7460,7100,7100,38643,-0.03137789904502042
2025-07-01,7110,7230,7110,7120,14499,0.0028169014084507005
2025-07-02,7100,7160,6940,7020,27610,-0.014044943820224698
2025-07-03,7050,7480,7010,7340,55862,0.045584045584045496
