Date,Open,High,Low,Close,Volume,Change
2022-01-03,2620,2835,2550,2595,3505510,0.009727626459143934
2022-01-04,2630,2650,2470,2570,1203590,-0.009633911368015391
2022-01-05,2565,2565,2445,2490,1112329,-0.0311284046692607
2022-01-06,2420,2470,2360,2460,935248,-0.012048192771084376
2022-01-07,2425,2550,2405,2545,610389,0.03455284552845539
2022-01-10,2580,2615,2370,2435,1214837,-0.04322200392927311
2022-01-11,2460,2480,2365,2480,536252,0.01848049281314168
2022-01-12,2490,2555,2440,2470,674918,-0.0040322580645161255
2022-01-13,2465,2605,2425,2600,1189877,0.05263157894736836
2022-01-14,2545,2640,2525,2630,1541236,0.011538461538461497
2022-01-17,2660,2720,2600,2615,1199583,-0.005703422053231932
2022-01-18,2580,2645,2570,2640,876566,0.009560229445506607
2022-01-19,2625,2715,2550,2710,1358732,0.026515151515151603
2022-01-20,2680,2850,2650,2820,2257826,0.040590405904058935
2022-01-21,2800,2895,2710,2860,1574653,0.014184397163120588
2022-01-24,2845,2845,2540,2540,2042950,-0.11188811188811187
2022-01-25,2600,2630,2260,2325,2299917,-0.08464566929133854
2022-01-26,2335,2450,2210,2375,1163376,0.021505376344086002
2022-01-27,2340,2410,2175,2185,1685501,-0.07999999999999996
2022-01-28,2260,2405,2205,2405,1556883,0.10068649885583514
2022-02-03,2430,2495,2410,2485,881085,0.033264033264033266
2022-02-04,2440,2495,2370,2480,797676,-0.002012072434607659
2022-02-07,2480,2495,2385,2475,596118,-0.0020161290322581182
2022-02-08,2455,2580,2435,2485,1063411,0.004040404040404066
2022-02-09,2520,2550,2470,2485,826980,0.0
2022-02-10,2485,2565,2420,2420,557214,-0.026156941649899346
2022-02-11,2390,2425,2280,2395,1008639,-0.010330578512396715
2022-02-14,2380,2380,2230,2250,724528,-0.06054279749478075
2022-02-15,2250,2285,2075,2125,1427600,-0.05555555555555558
2022-02-16,2165,2335,2165,2295,685949,0.08000000000000007
2022-02-17,2325,2360,2235,2285,671539,-0.004357298474945481
2022-02-18,2230,2275,2200,2250,583556,-0.015317286652078765
2022-02-21,2230,2230,2130,2175,392396,-0.033333333333333326
2022-02-22,2145,2285,2120,2200,621713,0.011494252873563315
2022-02-23,2175,2280,2150,2280,714660,0.036363636363636376
2022-02-24,2200,2240,2080,2115,1613678,-0.07236842105263153
2022-02-25,2180,2230,2140,2200,1032284,0.04018912529550822
2022-02-28,2120,2330,2120,2260,984931,0.027272727272727337
2022-03-02,2275,2340,2250,2320,584976,0.026548672566371723
2022-03-03,2345,2525,2315,2465,1529649,0.0625
2022-03-04,2465,2530,2430,2480,696462,0.006085192697768749
2022-03-07,2455,2455,2340,2340,528604,-0.056451612903225756
2022-03-08,2330,2385,2250,2355,415962,0.0064102564102563875
2022-03-10,2350,2465,2325,2325,413770,-0.01273885350318471
2022-03-11,2300,2350,2280,2325,291338,0.0
2022-03-14,2300,2300,2220,2275,422081,-0.021505376344086002
2022-03-15,2230,2285,2160,2235,506470,-0.01758241758241763
2022-03-16,2235,2285,2150,2230,264248,-0.0022371364653244186
2022-03-17,2225,2285,2180,2270,584566,0.017937219730941756
2022-03-18,2280,2285,2185,2220,652039,-0.022026431718061623
2022-03-21,2250,2250,2130,2140,680964,-0.036036036036036
2022-03-22,2115,2205,2115,2190,519431,0.02336448598130847
2022-03-23,2190,2200,2120,2140,470266,-0.022831050228310557
2022-03-24,2140,2150,2070,2120,743949,-0.009345794392523366
2022-03-25,2135,2210,2050,2100,895516,-0.009433962264150941
2022-03-28,2100,2110,2035,2050,663879,-0.023809523809523836
2022-03-29,2100,2375,2060,2355,3234684,0.14878048780487796
2022-03-30,2335,2410,2210,2285,1312866,-0.02972399150743099
2022-03-31,2285,2435,2230,2425,1676653,0.06126914660831506
2022-04-01,2415,2700,2385,2665,4905422,0.09896907216494855
2022-04-04,2680,2800,2225,2225,7533723,-0.1651031894934334
2022-04-05,2255,2370,2135,2160,3602519,-0.02921348314606742
2022-04-06,2160,2200,2105,2160,1096829,0.0
2022-04-07,2150,2150,2100,2110,712498,-0.02314814814814814
2022-04-08,2100,2130,2085,2110,536862,0.0
2022-04-11,2125,2245,2125,2170,636834,0.028436018957346043
2022-04-12,2115,2235,2115,2180,583793,0.004608294930875667
2022-04-13,2180,2210,2145,2175,446504,-0.002293577981651418
2022-04-14,2190,2205,2120,2175,640175,0.0
2022-04-15,2150,2195,2140,2180,373914,0.0022988505747125743
2022-04-18,2180,2180,2110,2130,316837,-0.022935779816513735
2022-04-19,2135,2135,2045,2090,693654,-0.018779342723004744
2022-04-20,2090,2140,2055,2080,537890,-0.004784688995215336
2022-04-21,2080,2120,2060,2075,293886,-0.0024038461538461453
2022-04-22,2045,2085,2015,2050,600873,-0.012048192771084376
2022-04-25,2035,2035,1930,1975,869255,-0.03658536585365857
2022-04-26,1975,2125,1970,2075,917671,0.05063291139240511
2022-04-27,2010,2065,1975,2000,537673,-0.03614457831325302
2022-04-28,1975,2015,1890,1950,529556,-0.025000000000000022
2022-04-29,1950,1960,1915,1945,348427,-0.002564102564102555
2022-05-02,1900,1945,1855,1890,724971,-0.028277634961439535
2022-05-03,1900,1915,1770,1820,1444661,-0.03703703703703709
2022-05-04,1820,1965,1700,1790,1397460,-0.016483516483516536
2022-05-06,1760,1780,1660,1765,873721,-0.013966480446927387
2022-05-09,1720,1760,1645,1715,875622,-0.028328611898016942
2022-05-10,1695,1695,1510,1670,1686686,-0.026239067055393583
2022-05-11,1625,1690,1605,1640,476218,-0.017964071856287456
2022-05-12,1620,1620,1495,1520,903580,-0.07317073170731703
2022-05-13,1520,1640,1500,1565,552150,0.02960526315789469
2022-05-16,1595,1630,1540,1565,320563,0.0
2022-05-17,1505,1585,1505,1550,259034,-0.009584664536741228
2022-05-18,1575,1660,1545,1575,818367,0.016129032258064502
2022-05-19,1500,1590,1490,1580,478102,0.0031746031746031633
2022-05-20,1580,2050,1580,1695,14133404,0.07278481012658222
2022-05-23,1870,1900,1750,1795,7138921,0.05899705014749257
2022-05-24,1790,1810,1690,1765,2325366,-0.01671309192200554
2022-05-25,1740,1750,1665,1665,949142,-0.056657223796033995
2022-05-26,1665,1775,1665,1690,1210336,0.01501501501501501
2022-05-27,1700,1715,1625,1650,627870,-0.023668639053254448
2022-05-30,1670,1690,1600,1635,750190,-0.009090909090909038
2022-05-31,1630,1635,1590,1610,558635,-0.015290519877675823
2022-06-02,1605,1625,1575,1600,254635,-0.006211180124223614
2022-06-03,1610,1615,1540,1580,576262,-0.012499999999999956
2022-06-07,1580,1590,1520,1530,492241,-0.03164556962025311
2022-06-08,1530,1545,1510,1535,331202,0.0032679738562091387
2022-06-09,1505,1530,1470,1495,477926,-0.026058631921824116
2022-06-10,1445,1545,1430,1515,620875,0.013377926421404673
2022-06-13,1435,1465,1380,1400,734203,-0.07590759075907594
2022-06-14,1360,1390,1275,1345,1442364,-0.03928571428571426
2022-06-15,1345,1360,1200,1270,1895965,-0.055762081784386575
2022-06-16,1260,1300,1180,1180,1166309,-0.07086614173228345
2022-06-17,1125,1225,1055,1225,1631191,0.03813559322033888
2022-06-20,1170,1205,1110,1145,827751,-0.0653061224489796
2022-06-21,1140,1150,1065,1135,622362,-0.008733624454148492
2022-06-22,1100,1140,1035,1075,492430,-0.052863436123347984
2022-06-23,1065,1075,989,996,898484,-0.07348837209302328
2022-06-24,996,1090,992,1080,564580,0.0843373493975903
2022-06-27,1105,1175,1100,1150,539881,0.06481481481481488
2022-06-28,1165,1220,1135,1165,355515,0.01304347826086949
2022-06-29,1155,1230,1145,1215,315850,0.0429184549356223
2022-06-30,1220,1290,1190,1255,631640,0.03292181069958855
2022-07-01,1255,1280,1140,1175,559215,-0.06374501992031878
2022-07-04,1180,1250,1110,1125,305525,-0.04255319148936165
2022-07-05,1110,1165,1095,1130,339196,0.004444444444444473
2022-07-06,1130,1170,1110,1150,251871,0.017699115044247815
2022-07-07,1160,1250,1150,1225,474015,0.0652173913043479
2022-07-08,1235,1290,1200,1220,268355,-0.004081632653061273
2022-07-11,1220,1240,1190,1215,156006,-0.004098360655737654
2022-07-12,1190,1260,1155,1180,311009,-0.028806584362139898
2022-07-13,1225,1225,1125,1145,378254,-0.029661016949152574
2022-07-14,1140,1220,1120,1220,239908,0.06550218340611358
2022-07-15,1240,1245,1155,1225,497656,0.004098360655737654
2022-07-18,1225,1225,1160,1180,458790,-0.03673469387755102
2022-07-19,1180,1235,1150,1235,306140,0.04661016949152552
2022-07-20,1240,1515,1215,1475,5652521,0.19433198380566807
2022-07-21,1490,1740,1400,1450,12205512,-0.016949152542372836
2022-07-22,1425,1425,1245,1250,3286302,-0.13793103448275867
2022-07-25,1250,1270,1175,1205,1601650,-0.03600000000000003
2022-07-26,1180,1200,1125,1185,1478368,-0.016597510373444035
2022-07-27,1170,1225,1160,1205,853135,0.016877637130801704
2022-07-28,1200,1220,1170,1190,391996,-0.012448132780082943
2022-07-29,1190,1190,1165,1175,277778,-0.012605042016806678
2022-08-01,1175,1175,1140,1170,369446,-0.004255319148936176
2022-08-02,1155,1170,1100,1135,922656,-0.02991452991452992
2022-08-03,1130,1145,1105,1145,425224,0.008810572687224738
2022-08-04,1145,1155,1135,1150,279667,0.004366812227074135
2022-08-05,1145,1155,1135,1145,162224,-0.004347826086956497
2022-08-08,1150,1150,1115,1125,324760,-0.017467248908296984
2022-08-09,1125,1125,1090,1105,440605,-0.01777777777777778
2022-08-10,1095,1095,1060,1070,350597,-0.03167420814479638
2022-08-11,1095,1130,1070,1090,574334,0.01869158878504673
2022-08-12,1100,1100,1065,1085,176776,-0.004587155963302725
2022-08-16,1085,1140,1080,1110,384652,0.02304147465437789
2022-08-17,1115,1125,1085,1120,359203,0.009009009009008917
2022-08-18,1100,1110,1080,1095,257112,-0.022321428571428603
2022-08-19,1095,1095,1075,1090,207773,-0.004566210045662156
2022-08-22,1080,1080,997,1050,302112,-0.03669724770642202
2022-08-23,1030,1060,1025,1045,202276,-0.004761904761904745
2022-08-24,1060,1070,1025,1055,186243,0.009569377990430672
2022-08-25,1055,1100,1045,1075,1541438,0.018957345971563955
2022-08-26,1075,1095,1065,1080,217133,0.0046511627906977715
2022-08-29,1055,1080,1045,1055,274742,-0.02314814814814814
2022-08-30,1045,1075,1040,1060,365159,0.004739336492890933
2022-08-31,1060,1070,1025,1055,811734,-0.004716981132075526
2022-09-01,1060,1165,1040,1160,2401673,0.09952606635071093
2022-09-02,1170,1340,1170,1340,6653750,0.15517241379310343
2022-09-05,1490,1495,1215,1220,4722017,-0.08955223880597019
2022-09-06,1250,1255,1155,1210,1966662,-0.008196721311475419
2022-09-07,1185,1200,1125,1170,718472,-0.03305785123966942
2022-09-08,1150,1175,1115,1135,832197,-0.02991452991452992
2022-09-13,1130,1175,1115,1150,605124,0.013215859030837107
2022-09-14,1110,1145,1095,1115,636472,-0.0304347826086957
2022-09-15,1115,1135,1070,1090,725740,-0.022421524663677084
2022-09-16,1080,1090,1055,1080,425050,-0.00917431192660545
2022-09-19,1060,1085,1035,1045,603522,-0.03240740740740744
2022-09-20,1030,1070,1030,1060,392896,0.014354066985645897
2022-09-21,1040,1055,968,1050,469414,-0.009433962264150941
2022-09-22,1020,1045,1000,1035,421041,-0.014285714285714235
2022-09-23,1020,1030,1000,1015,505562,-0.019323671497584516
2022-09-26,994,1115,992,1030,1315833,0.014778325123152802
2022-09-27,1035,1135,1010,1105,1354663,0.07281553398058249
2022-09-28,1110,1120,1030,1070,502742,-0.03167420814479638
2022-09-29,1065,1080,1010,1015,706335,-0.051401869158878455
2022-09-30,997,1035,995,1020,430456,0.0049261083743843415
2022-10-04,1000,1025,999,1010,801893,-0.009803921568627416
2022-10-05,1005,1035,978,1000,814598,-0.00990099009900991
2022-10-06,986,1010,980,1000,438927,0.0
2022-10-07,994,1005,983,1000,305851,0.0
2022-10-11,991,998,969,978,438580,-0.02200000000000002
2022-10-12,968,999,959,985,467637,0.007157464212679043
2022-10-13,941,981,931,950,384691,-0.035532994923857864
2022-10-14,969,998,960,978,241048,0.02947368421052632
2022-10-17,969,990,957,970,146763,-0.008179959100204526
2022-10-18,971,987,971,978,231438,0.008247422680412342
2022-10-19,969,981,953,968,353862,-0.010224948875255602
2022-10-20,967,977,932,954,320557,-0.01446280991735538
2022-10-21,938,949,900,910,787632,-0.04612159329140464
2022-10-24,919,930,905,913,374766,0.003296703296703285
2022-10-25,1100,1140,908,912,4671263,-0.0010952902519167917
2022-10-26,914,924,880,880,755782,-0.03508771929824561
2022-10-27,873,898,873,892,337690,0.013636363636363669
2022-10-28,885,897,878,884,329262,-0.008968609865470878
2022-10-31,880,901,866,887,403762,0.0033936651583710287
2022-11-01,883,903,882,892,270501,0.005636978579481422
2022-11-02,893,898,873,891,218039,-0.0011210762331838042
2022-11-03,880,887,870,883,224004,-0.008978675645342271
2022-11-04,895,895,871,882,173945,-0.0011325028312570984
2022-11-07,881,892,870,880,242712,-0.0022675736961451642
2022-11-08,880,886,861,869,632796,-0.012499999999999956
2022-11-09,875,875,860,860,212272,-0.010356731875719172
2022-11-10,860,862,830,852,563989,-0.009302325581395321
2022-11-11,870,870,848,861,325456,0.010563380281690238
2022-11-14,864,907,850,897,475714,0.04181184668989557
2022-11-15,894,933,880,915,414827,0.02006688963210701
2022-11-16,915,925,897,909,196952,-0.006557377049180357
2022-11-17,908,917,901,911,124562,0.002200220022002153
2022-11-18,909,920,890,890,134570,-0.023051591657519244
2022-11-21,884,897,836,845,441119,-0.050561797752809
2022-11-22,844,851,805,845,383078,0.0
2022-11-23,846,860,846,852,79246,0.008284023668639007
2022-11-24,861,872,855,863,55005,0.012910798122065748
2022-11-25,860,870,853,858,151847,-0.005793742757821518
2022-11-28,855,880,848,853,131254,-0.005827505827505797
2022-11-29,852,863,852,856,73710,0.003516998827667095
2022-11-30,856,879,856,869,118506,0.015186915887850372
2022-12-01,870,876,850,852,211043,-0.019562715765247374
2022-12-02,860,889,843,849,247695,-0.0035211267605633756
2022-12-05,849,861,812,812,203362,-0.043580683156654865
2022-12-06,813,835,800,809,186241,-0.003694581280788145
2022-12-07,805,824,794,808,126991,-0.0012360939431397266
2022-12-08,805,828,790,799,216788,-0.011138613861386149
2022-12-09,803,950,803,842,1921893,0.053817271589486904
2022-12-12,850,853,829,836,236368,-0.0071258907363420665
2022-12-13,831,836,802,813,281837,-0.027511961722488043
2022-12-14,810,821,803,810,115767,-0.0036900369003689537
2022-12-15,810,829,807,823,196634,0.016049382716049276
2022-12-16,814,833,814,820,111329,-0.0036452004860266785
2022-12-19,820,838,819,822,108572,0.0024390243902439046
2022-12-20,828,829,803,815,144785,-0.008515815085158196
2022-12-21,811,826,806,816,154025,0.0012269938650306678
2022-12-22,816,823,811,815,134525,-0.001225490196078427
2022-12-23,815,815,779,798,314302,-0.020858895705521463
2022-12-26,798,877,788,798,2539553,0.0
2022-12-27,797,811,790,809,369665,0.013784461152882121
2022-12-28,787,810,780,788,488905,-0.02595797280593326
2022-12-29,788,823,762,800,358539,0.015228426395939021
2023-01-02,800,822,777,785,122164,-0.018750000000000044
2023-01-03,798,798,740,788,75890,0.003821656050955413
2023-01-04,788,798,778,785,98722,-0.0038071065989847552
2023-01-05,790,790,770,770,130848,-0.019108280254777066
2023-01-06,751,779,751,770,301399,0.0
2023-01-09,775,788,762,776,187634,0.007792207792207684
2023-01-10,802,802,771,771,207655,-0.006443298969072142
2023-01-11,780,818,764,806,289327,0.045395590142671916
2023-01-12,806,945,804,891,5370219,0.10545905707196024
2023-01-13,891,974,851,925,2176225,0.038159371492704874
2023-01-16,925,938,886,929,240851,0.00432432432432428
2023-01-17,920,939,905,928,236592,-0.0010764262648008671
2023-01-18,928,958,912,924,149293,-0.004310344827586188
2023-01-19,925,930,876,884,490039,-0.04329004329004327
2023-01-20,892,892,856,880,293966,-0.004524886877828038
2023-01-25,827,961,817,887,1530399,0.007954545454545547
2023-01-26,894,915,887,901,299059,0.015783540022547893
2023-01-27,912,915,850,873,448773,-0.031076581576026663
2023-01-30,883,900,842,843,537766,-0.03436426116838487
2023-01-31,845,845,820,827,194476,-0.018979833926453193
2023-02-01,830,839,820,820,135988,-0.008464328899637219
2023-02-02,813,835,813,820,233116,0.0
2023-02-03,825,833,820,830,286026,0.012195121951219523
2023-02-06,821,843,821,835,177957,0.006024096385542244
2023-02-07,835,895,826,888,623134,0.06347305389221547
2023-02-08,890,908,865,879,790659,-0.010135135135135087
2023-02-09,881,944,872,899,1581413,0.022753128555176305
2023-02-10,899,920,875,885,649785,-0.015572858731924377
2023-02-13,865,898,855,862,634851,-0.025988700564971712
2023-02-14,862,877,829,849,505686,-0.015081206496519672
2023-02-15,849,850,814,837,570041,-0.014134275618374548
2023-02-16,836,841,825,828,279059,-0.010752688172043001
2023-02-17,830,836,810,829,431816,0.0012077294685990392
2023-02-20,828,829,815,818,231558,-0.013268998793727338
2023-02-21,818,829,809,819,163398,0.0012224938875304847
2023-02-22,807,824,807,810,225129,-0.01098901098901095
2023-02-23,811,834,809,810,537340,0.0
2023-02-24,810,822,801,814,386614,0.004938271604938205
2023-02-27,810,830,801,825,303462,0.013513513513513598
2023-02-28,830,836,812,823,382467,-0.00242424242424244
2023-03-02,823,825,807,820,262019,-0.0036452004860266785
2023-03-03,812,825,804,820,153266,0.0
2023-03-06,811,830,809,820,323259,0.0
2023-03-07,818,826,808,820,550383,0.0
2023-03-08,817,829,801,829,532196,0.01097560975609757
2023-03-09,827,860,823,844,856284,0.018094089264173663
2023-03-10,844,845,815,835,727747,-0.010663507109004766
2023-03-13,831,831,807,817,200189,-0.021556886227544925
2023-03-14,817,818,783,783,488632,-0.041615667074663354
2023-03-15,780,816,776,806,538101,0.02937420178799499
2023-03-16,796,812,794,804,201060,-0.002481389578163795
2023-03-17,805,820,804,815,188132,0.013681592039801016
2023-03-20,804,829,800,825,441449,0.012269938650306678
2023-03-21,825,825,805,808,170701,-0.020606060606060628
2023-03-22,809,820,795,814,400273,0.007425742574257432
2023-03-23,819,819,803,805,191256,-0.011056511056511065
2023-03-24,805,839,797,822,937106,0.02111801242236022
2023-03-27,822,850,816,832,805080,0.012165450121654597
2023-03-28,812,855,812,840,1019903,0.009615384615384581
2023-03-29,835,912,833,892,2413936,0.06190476190476191
2023-03-30,886,994,878,958,3862287,0.07399103139013463
2023-03-31,958,995,950,975,1603761,0.017745302713987554
2023-04-03,975,978,934,960,693014,-0.01538461538461533
2023-04-04,948,1025,948,1019,2262887,0.06145833333333339
2023-04-05,1032,1190,1008,1173,4397922,0.1511285574092247
2023-04-06,1184,1216,1144,1192,2151521,0.01619778346121059
2023-04-07,1190,1190,1118,1175,1261947,-0.014261744966442946
2023-04-10,1176,1177,1096,1116,1202628,-0.05021276595744684
2023-04-11,1110,1125,1058,1067,1920023,-0.04390681003584229
2023-04-12,1067,1085,1043,1050,1036627,-0.015932521087160256
2023-04-13,1047,1054,1000,1009,1147122,-0.039047619047619
2023-04-14,1009,1035,968,1035,1822835,0.025768087215064517
2023-04-17,1020,1020,975,978,1490741,-0.05507246376811592
2023-04-18,978,980,939,950,819079,-0.02862985685071573
2023-04-19,947,947,901,907,955245,-0.045263157894736894
2023-04-20,907,920,872,904,1025348,-0.003307607497243681
2023-04-21,889,910,866,866,832469,-0.042035398230088505
2023-04-24,865,875,838,849,726926,-0.019630484988452657
2023-04-25,849,869,828,838,527938,-0.012956419316843326
2023-04-26,837,841,816,837,336718,-0.0011933174224343368
2023-04-27,837,844,801,815,668150,-0.02628434886499398
2023-04-28,815,835,810,810,383672,-0.006134969325153339
2023-05-02,811,833,809,818,527197,0.009876543209876631
2023-05-03,818,831,806,806,505233,-0.014669926650366705
2023-05-04,806,818,784,809,502817,0.003722084367245637
2023-05-08,819,819,787,791,682062,-0.02224969097651419
2023-05-09,790,792,763,766,576309,-0.031605562579013924
2023-05-10,750,793,750,769,400839,0.003916449086161844
2023-05-11,760,780,760,769,267221,0.0
2023-05-12,762,774,747,753,741075,-0.020806241872561748
2023-05-15,741,758,713,725,607543,-0.03718459495351922
2023-05-16,730,735,702,713,490190,-0.016551724137931045
2023-05-17,710,745,700,743,400580,0.04207573632538564
2023-05-18,737,924,737,802,11247674,0.0794078061911172
2023-05-19,826,838,794,830,1609274,0.034912718204488824
2023-05-22,829,833,803,821,679179,-0.010843373493975905
2023-05-23,821,833,811,825,483541,0.004872107186357999
2023-05-24,829,834,810,833,517549,0.00969696969696976
2023-05-25,825,856,811,811,621187,-0.026410564225690325
2023-05-26,811,820,800,812,387116,0.0012330456226881115
2023-05-30,817,820,784,795,658174,-0.020935960591133007
2023-05-31,808,808,770,790,363136,-0.0062893081761006275
2023-06-01,800,804,785,794,208915,0.005063291139240533
2023-06-02,804,804,789,791,125588,-0.0037783375314861534
2023-06-05,791,919,786,862,7374070,0.08975979772439957
2023-06-07,852,852,827,842,1415183,-0.023201856148491906
2023-06-08,827,850,825,829,645828,-0.015439429928741144
2023-06-09,829,839,817,820,678155,-0.010856453558504175
2023-06-12,815,825,800,811,330263,-0.01097560975609757
2023-06-13,811,823,805,813,367893,0.002466091245376001
2023-06-14,817,821,801,803,357290,-0.012300123001230068
2023-06-15,805,833,804,817,639085,0.01743462017434627
2023-06-16,828,828,810,814,474438,-0.003671970624234966
2023-06-19,822,852,801,845,914581,0.03808353808353804
2023-06-20,841,858,827,835,792664,-0.011834319526627168
2023-06-21,835,843,813,840,540239,0.0059880239520957446
2023-06-22,840,840,818,819,293742,-0.025000000000000022
2023-06-23,833,850,820,824,389994,0.006105006105006083
2023-06-26,833,833,810,811,357897,-0.015776699029126262
2023-06-27,825,825,805,811,240544,0.0
2023-06-28,811,821,800,807,318096,-0.004932182490752113
2023-06-29,794,808,785,789,350983,-0.022304832713754608
2023-06-30,780,806,758,783,574685,-0.0076045627376425395
2023-07-03,780,803,777,793,274447,0.012771392081736943
2023-07-04,790,792,765,768,2930919,-0.031525851197982346
2023-07-05,769,779,750,766,476322,-0.0026041666666666297
2023-07-06,766,768,731,754,692445,-0.015665796344647487
2023-07-07,745,760,724,731,821057,-0.0305039787798409
2023-07-10,731,776,724,775,605630,0.06019151846785231
2023-07-11,786,786,759,762,382405,-0.01677419354838705
2023-07-12,762,762,737,737,396106,-0.03280839895013121
2023-07-13,733,755,730,745,414214,0.01085481682496603
2023-07-14,746,750,725,750,297614,0.006711409395973256
2023-07-17,790,800,755,768,397436,0.02400000000000002
2023-07-18,758,768,728,733,539532,-0.04557291666666663
2023-07-19,722,795,721,747,475985,0.019099590723056004
2023-07-20,744,768,728,737,271779,-0.01338688085676043
2023-07-21,728,736,720,723,352509,-0.018995929443690662
2023-07-24,723,724,675,681,786768,-0.05809128630705396
2023-07-25,681,710,668,705,679464,0.03524229074889873
2023-07-26,701,717,636,666,738692,-0.05531914893617018
2023-07-27,681,681,636,636,800375,-0.04504504504504503
2023-07-28,629,700,626,700,644412,0.10062893081761004
2023-07-31,698,709,674,700,210966,0.0
2023-08-01,690,700,673,695,175736,-0.0071428571428571175
2023-08-02,688,709,688,695,162008,0.0
2023-08-03,695,699,658,685,136592,-0.014388489208633115
2023-08-04,685,695,671,679,106133,-0.008759124087591275
2023-08-07,679,686,640,646,842076,-0.048600883652430094
2023-08-08,633,679,629,639,622074,-0.010835913312693513
2023-08-09,635,639,612,619,939922,-0.031298904538341166
2023-08-10,620,638,613,633,326446,0.022617124394184174
2023-08-11,633,636,621,629,308641,-0.006319115323854652
2023-08-14,628,633,609,612,339240,-0.027027027027026973
2023-08-16,601,618,585,590,754609,-0.03594771241830064
2023-08-17,590,610,580,595,337377,0.008474576271186418
2023-08-18,594,600,579,590,253653,-0.008403361344537785
2023-08-21,591,600,575,592,160634,0.003389830508474523
2023-08-22,592,600,582,582,153292,-0.016891891891891886
2023-08-23,582,587,573,587,242938,0.00859106529209619
2023-08-24,583,612,582,610,269360,0.03918228279386704
2023-08-25,604,614,598,602,154057,-0.013114754098360604
2023-08-28,602,609,586,599,120042,-0.004983388704318914
2023-08-29,600,610,595,600,197041,0.0016694490818029983
2023-08-30,597,607,594,601,311793,0.0016666666666667052
2023-08-31,602,612,598,602,242881,0.0016638935108153063
2023-09-01,602,603,593,597,204286,-0.00830564784053156
2023-09-04,597,601,586,588,118551,-0.015075376884422065
2023-09-05,584,591,577,581,245997,-0.011904761904761862
2023-09-06,575,632,575,630,1081269,0.0843373493975903
2023-09-07,625,636,610,610,374179,-0.031746031746031744
2023-09-08,605,626,595,601,348743,-0.014754098360655776
2023-09-11,610,610,588,601,129854,0.0
2023-09-12,601,610,591,601,92069,0.0
2023-09-13,592,601,575,585,216397,-0.0266222961730449
2023-09-14,585,597,574,586,172187,0.0017094017094017033
2023-09-15,586,590,528,557,1183910,-0.04948805460750849
2023-09-18,568,624,561,598,755917,0.07360861759425497
2023-09-19,610,635,575,618,501388,0.03344481605351168
2023-09-20,614,626,614,625,398798,0.01132686084142387
2023-09-21,619,694,615,664,2315095,0.06240000000000001
2023-09-22,643,742,643,710,2255161,0.06927710843373491
2023-09-25,730,740,681,700,833920,-0.014084507042253502
2023-09-26,692,700,650,664,413671,-0.05142857142857138
2023-09-27,663,668,647,652,254854,-0.01807228915662651
2023-10-04,653,653,629,632,384589,-0.030674846625766916
2023-10-05,631,636,629,630,192524,-0.0031645569620253333
2023-10-06,619,643,619,641,102886,0.0174603174603174
2023-10-10,649,649,626,628,181467,-0.020280811232449292
2023-10-11,616,640,616,631,167057,0.004777070063694211
2023-10-12,631,645,630,630,142567,-0.0015847860538826808
2023-10-13,631,644,628,632,95185,0.0031746031746031633
2023-10-16,618,639,616,618,228200,-0.022151898734177222
2023-10-17,632,632,621,625,290879,0.01132686084142387
2023-10-18,626,630,590,601,263692,-0.03839999999999999
2023-10-19,601,601,568,571,182721,-0.04991680532445919
2023-10-20,573,596,559,594,94594,0.04028021015761829
2023-10-23,565,608,550,570,231681,-0.04040404040404044
2023-10-24,567,571,540,560,287203,-0.01754385964912286
2023-10-25,564,570,555,555,98694,-0.008928571428571397
2023-10-26,555,567,539,549,167265,-0.010810810810810811
2023-10-27,548,560,538,540,109403,-0.016393442622950838
2023-10-30,540,545,523,523,214062,-0.031481481481481444
2023-10-31,524,630,522,551,1403934,0.053537284894837445
2023-11-01,558,577,547,550,221084,-0.001814882032667886
2023-11-02,550,576,548,558,165160,0.014545454545454639
2023-11-03,558,570,555,564,191771,0.010752688172043001
2023-11-06,564,583,562,582,265938,0.03191489361702127
2023-11-07,579,580,560,561,159382,-0.03608247422680411
2023-11-08,576,580,553,560,86679,-0.0017825311942959443
2023-11-09,560,570,546,548,202090,-0.021428571428571463
2023-11-10,550,560,536,536,157543,-0.021897810218978075
2023-11-13,537,558,537,557,119192,0.03917910447761197
2023-11-14,557,607,557,588,366373,0.055655296229802476
2023-11-15,593,599,587,596,106736,0.013605442176870763
2023-11-16,585,597,581,586,169286,-0.016778523489932917
2023-11-17,583,586,567,569,195369,-0.029010238907849817
2023-11-20,569,579,567,578,79106,0.01581722319859402
2023-11-21,574,584,571,582,20150,0.006920415224913601
2023-11-22,582,594,577,584,105521,0.0034364261168384758
2023-11-23,576,585,556,562,196787,-0.03767123287671237
2023-11-24,577,577,541,548,297964,-0.02491103202846978
2023-11-27,548,565,546,559,108932,0.02007299270072993
2023-11-28,554,583,540,541,103957,-0.03220035778175312
2023-11-29,543,550,535,541,123901,0.0
2023-11-30,540,551,532,532,256756,-0.01663585951940849
2023-12-01,528,579,524,571,353397,0.07330827067669166
2023-12-04,572,572,524,527,594980,-0.07705779334500873
2023-12-05,527,540,525,525,84155,-0.003795066413662229
2023-12-06,524,536,520,526,89054,0.0019047619047618536
2023-12-07,517,545,511,515,486038,-0.020912547528517123
2023-12-08,518,529,511,528,137390,0.025242718446601975
2023-12-11,528,538,522,528,119885,0.0
2023-12-12,515,540,515,532,102311,0.007575757575757569
2023-12-13,537,546,522,539,823916,0.013157894736842035
2023-12-14,535,549,531,536,426154,-0.005565862708719838
2023-12-15,536,547,534,540,852367,0.00746268656716409
2023-12-18,541,562,540,544,147056,0.007407407407407307
2023-12-19,544,575,536,569,350651,0.045955882352941124
2023-12-20,562,584,558,558,370173,-0.019332161687170446
2023-12-21,558,582,548,575,1112190,0.03046594982078843
2023-12-22,575,587,560,583,580093,0.013913043478260834
2023-12-26,585,585,564,567,207528,-0.027444253859348233
2023-12-27,574,582,561,561,94010,-0.010582010582010581
2023-12-28,575,581,551,559,90190,-0.0035650623885917776
2024-01-02,559,559,541,554,195760,-0.008944543828264706
2024-01-03,545,569,535,567,200268,0.023465703971119023
2024-01-04,557,604,557,581,287774,0.024691358024691468
2024-01-05,576,600,576,600,491736,0.03270223752151469
2024-01-08,598,625,591,622,274278,0.036666666666666625
2024-01-09,622,634,601,601,249531,-0.0337620578778135
2024-01-10,610,639,600,632,686384,0.0515806988352745
2024-01-11,626,642,621,629,237426,-0.004746835443038
2024-01-12,623,628,601,615,173453,-0.022257551669316422
2024-01-15,625,636,614,616,208731,0.001626016260162677
2024-01-16,616,700,616,676,2132407,0.09740259740259738
2024-01-17,656,677,644,653,456319,-0.03402366863905326
2024-01-18,655,713,643,701,1106884,0.07350689127105658
2024-01-19,701,727,685,699,555245,-0.0028530670470755526
2024-01-22,696,703,666,670,436070,-0.0414878397711016
2024-01-23,680,690,650,673,459964,0.004477611940298498
2024-01-24,671,697,671,682,188295,0.013372956909361022
2024-01-25,680,684,656,656,236493,-0.038123167155425186
2024-01-26,650,670,646,658,128955,0.0030487804878047697
2024-01-29,675,675,599,613,454431,-0.06838905775075987
2024-01-30,613,619,594,613,198826,0.0
2024-01-31,613,618,597,598,102336,-0.024469820554649302
2024-02-01,598,624,596,604,81512,0.010033444816053505
2024-02-02,604,619,602,603,58244,-0.0016556291390728006
2024-02-05,648,650,591,602,137482,-0.0016583747927031434
2024-02-06,605,614,598,611,45044,0.014950166112956742
2024-02-07,611,639,595,627,133813,0.026186579378068675
2024-02-08,648,648,611,611,64133,-0.02551834130781494
2024-02-13,611,619,601,611,88151,0.0
2024-02-14,611,620,600,600,216936,-0.018003273322422242
2024-02-15,601,610,593,599,89491,-0.0016666666666667052
2024-02-16,599,610,585,599,101536,0.0
2024-02-19,599,605,594,600,58891,0.0016694490818029983
2024-02-20,606,610,580,588,151378,-0.020000000000000018
2024-02-21,590,599,561,563,186311,-0.04251700680272108
2024-02-22,570,580,548,565,277917,0.003552397868561208
2024-02-23,565,565,531,531,310976,-0.060176991150442505
2024-02-26,532,568,532,554,199558,0.043314500941619594
2024-02-27,555,555,533,548,139892,-0.010830324909747335
2024-02-28,548,558,520,526,335747,-0.04014598540145986
2024-02-29,535,549,516,523,355018,-0.005703422053231932
2024-03-04,524,540,521,532,223355,0.017208413001912115
2024-03-05,545,545,507,509,475373,-0.043233082706766957
2024-03-06,510,520,506,512,265277,0.005893909626718985
2024-03-07,523,665,523,544,17898653,0.0625
2024-03-08,534,656,530,613,9112328,0.12683823529411775
2024-03-11,607,621,581,598,1166275,-0.024469820554649302
2024-03-12,581,600,570,586,331889,-0.02006688963210701
2024-03-13,583,635,566,574,982235,-0.020477815699658675
2024-03-14,574,574,555,563,312814,-0.019163763066202044
2024-03-15,563,577,556,568,136837,0.008880994671403242
2024-03-18,568,581,557,580,193799,0.021126760563380254
2024-03-19,575,640,575,625,1300821,0.07758620689655182
2024-03-20,618,635,607,615,262125,-0.016000000000000014
2024-03-21,617,700,617,677,1363936,0.10081300813008132
2024-03-22,666,700,640,645,565930,-0.04726735598227472
2024-03-25,641,645,633,640,194279,-0.007751937984496138
2024-03-26,637,651,624,628,182709,-0.018750000000000044
2024-03-27,626,638,624,635,125251,0.011146496815286566
2024-03-28,640,653,601,601,671201,-0.053543307086614145
2024-03-29,602,614,569,583,379494,-0.029950083194675514
2024-04-01,574,594,562,566,385568,-0.029159519725557415
2024-04-02,570,698,566,644,5279491,0.13780918727915203
2024-04-03,644,650,607,612,516343,-0.0496894409937888
2024-04-04,616,710,615,646,2123859,0.05555555555555558
2024-04-05,646,678,619,619,576744,-0.04179566563467496
2024-04-08,655,655,610,631,512051,0.01938610662358653
2024-04-09,630,645,613,613,382646,-0.02852614896988903
2024-04-11,613,634,613,627,147003,0.022838499184339334
2024-04-12,634,634,599,599,294457,-0.044657097288676284
2024-04-15,599,619,581,604,200813,0.008347245409014992
2024-04-16,600,603,590,603,73080,-0.0016556291390728006
2024-04-17,603,615,595,612,94790,0.014925373134328401
2024-04-18,607,613,574,589,140089,-0.037581699346405206
2024-04-19,586,607,582,584,62050,-0.008488964346349714
2024-04-22,585,598,580,583,175773,-0.001712328767123239
2024-04-23,578,592,569,569,214045,-0.02401372212692965
2024-04-24,569,582,569,579,72092,0.017574692442882345
2024-04-25,579,579,570,574,151791,-0.008635578583765069
2024-04-26,574,581,568,576,115760,0.0034843205574912606
2024-04-29,579,579,569,576,80503,0.0
2024-04-30,576,579,559,566,244043,-0.01736111111111116
2024-05-02,554,566,540,550,379146,-0.028268551236749095
2024-05-03,546,553,541,542,178436,-0.014545454545454528
2024-05-07,545,561,542,560,293385,0.03321033210332103
2024-05-08,555,566,555,565,137141,0.008928571428571397
2024-05-09,565,585,560,573,182454,0.014159292035398341
2024-05-10,572,593,562,562,75944,-0.01919720767888311
2024-05-13,561,569,516,547,400065,-0.026690391459074703
2024-05-14,548,560,535,555,221955,0.014625228519195677
2024-05-16,555,562,547,553,116042,-0.003603603603603567
2024-05-17,547,666,547,587,1544835,0.061482820976491936
2024-05-20,586,618,566,609,338514,0.03747870528109032
2024-05-21,601,659,600,640,1182526,0.05090311986863716
2024-05-22,640,648,600,604,260069,-0.05625000000000002
2024-05-23,600,635,600,614,157646,0.01655629139072845
2024-05-24,613,649,613,632,274558,0.02931596091205213
2024-05-27,633,688,632,666,1412276,0.053797468354430444
2024-05-28,660,676,659,667,286562,0.0015015015015014122
2024-05-29,667,670,650,655,244248,-0.01799100449775115
2024-05-30,642,665,620,620,468650,-0.05343511450381677
2024-05-31,630,636,609,619,258869,-0.001612903225806428
2024-06-03,629,656,629,629,452608,0.016155088852988664
2024-06-04,629,665,620,646,418586,0.027027027027026973
2024-06-05,646,701,645,672,1362339,0.04024767801857587
2024-06-07,672,830,672,815,12130915,0.21279761904761907
2024-06-10,814,989,805,959,11701715,0.17668711656441727
2024-06-11,973,1050,952,999,6183951,0.04171011470281538
2024-06-12,1050,1060,1010,1060,2633240,0.06106106106106113
2024-06-13,1070,1081,1068,1068,1680986,0.007547169811320753
2024-06-14,1050,1050,992,1000,1460447,-0.06367041198501877
2024-06-17,1098,1192,1028,1065,6210527,0.06499999999999995
2024-06-18,1060,1212,1040,1193,5359359,0.12018779342722996
2024-06-19,1160,1224,1148,1180,1164284,-0.010896898575020963
2024-06-20,1182,1315,1182,1295,4715696,0.09745762711864403
2024-06-21,1300,1303,1255,1302,1115566,0.00540540540540535
2024-06-24,1303,1310,1044,1090,5148157,-0.16282642089093702
2024-06-25,1120,1298,1099,1280,4079014,0.17431192660550465
2024-06-26,1267,1294,1214,1271,1551479,-0.007031250000000044
2024-06-27,1304,1309,1226,1230,1308480,-0.032258064516129004
2024-06-28,1250,1255,1172,1199,1252862,-0.025203252032520274
2024-07-01,1199,1199,1102,1135,1376596,-0.05337781484570481
2024-07-02,1105,1170,1050,1149,1873223,0.012334801762114544
2024-07-03,1184,1184,870,900,3398663,-0.216710182767624
2024-07-04,720,812,630,630,41948176,-0.30000000000000004
2024-07-05,640,655,584,607,17104306,-0.03650793650793649
2024-07-08,623,623,493,575,27041746,-0.05271828665568368
2024-07-09,580,610,540,570,11280811,-0.008695652173912993
2024-07-10,571,606,552,598,8088232,0.04912280701754379
2024-07-11,599,609,561,569,6011829,-0.04849498327759194
2024-07-12,564,565,514,522,7464164,-0.08260105448154653
2024-07-15,523,562,515,519,6155198,-0.005747126436781658
2024-07-16,519,525,443,472,9843721,-0.09055876685934494
2024-07-17,472,496,445,467,7490974,-0.010593220338983023
2024-07-18,466,523,450,501,7327472,0.07280513918629561
2024-07-19,500,514,470,514,4086184,0.02594810379241519
2024-07-22,513,541,498,539,3926242,0.048638132295719894
2024-07-23,531,558,525,539,2771178,0.0
2024-07-24,538,550,516,525,1633606,-0.025974025974025983
2024-07-25,518,535,496,498,2543481,-0.05142857142857138
2024-07-26,498,501,487,497,1232323,-0.002008032128514081
2024-07-29,497,503,487,487,1479208,-0.02012072434607648
2024-07-30,489,491,470,481,1575481,-0.012320328542094416
2024-07-31,478,479,433,456,3637722,-0.05197505197505192
2024-08-01,472,472,446,449,1986199,-0.015350877192982448
2024-08-02,448,448,413,431,3249925,-0.04008908685968815
2024-08-05,425,425,373,385,3828690,-0.10672853828306261
2024-08-06,386,404,377,403,2497366,0.04675324675324677
2024-08-07,403,424,380,395,1722818,-0.01985111662531014
2024-08-08,386,395,358,365,3468245,-0.07594936708860756
2024-08-09,370,455,368,417,13883106,0.14246575342465762
2024-08-12,417,435,389,390,3421935,-0.06474820143884896
2024-08-13,395,398,367,385,2371743,-0.012820512820512775
2024-08-14,386,391,370,373,1952714,-0.03116883116883118
2024-08-16,374,402,348,358,4147235,-0.04021447721179627
2024-08-19,367,371,329,341,4909303,-0.04748603351955305
2024-08-20,342,443,342,417,24485606,0.22287390029325516
2024-08-21,413,413,385,401,3063727,-0.0383693045563549
2024-08-22,397,404,380,385,1379455,-0.03990024937655856
2024-08-23,383,428,383,389,2828437,0.010389610389610393
2024-08-26,391,396,375,385,1147875,-0.010282776349614386
2024-08-27,382,391,375,383,701400,-0.0051948051948051965
2024-08-28,383,391,377,387,538589,0.010443864229765065
2024-08-29,383,418,382,389,1221405,0.0051679586563306845
2024-08-30,386,397,382,388,549198,-0.0025706940874036244
2024-09-02,386,399,382,389,615561,0.002577319587628857
2024-09-03,380,388,370,375,1246297,-0.03598971722365041
2024-09-04,370,373,358,362,935894,-0.03466666666666662
2024-09-05,363,374,359,366,520503,0.011049723756906049
2024-09-06,364,366,353,363,463988,-0.008196721311475419
2024-09-09,358,374,348,360,494957,-0.008264462809917328
2024-09-10,360,370,350,351,390112,-0.025000000000000022
2024-09-11,351,358,342,342,523584,-0.02564102564102566
2024-09-12,342,368,342,356,920328,0.040935672514619936
2024-09-13,360,360,347,350,603221,-0.016853932584269704
2024-09-19,355,358,340,350,694993,0.0
2024-09-20,347,368,347,352,811043,0.005714285714285783
2024-09-23,353,362,338,338,663225,-0.03977272727272729
2024-09-24,341,344,335,340,387280,0.00591715976331364
2024-09-25,341,342,335,341,306609,0.002941176470588225
2024-09-26,341,380,339,358,2363565,0.04985337243401755
2024-09-27,358,366,348,355,416923,-0.008379888268156388
2024-09-30,355,360,345,347,463456,-0.022535211267605604
2024-10-02,345,349,337,341,303402,-0.01729106628242072
2024-10-04,338,346,338,344,313787,0.008797653958944274
2024-10-07,342,350,340,346,482903,0.005813953488372103
2024-10-08,346,350,333,335,1172007,-0.03179190751445082
2024-10-10,336,340,333,334,228799,-0.0029850746268657025
2024-10-11,334,343,333,333,412806,-0.0029940119760478723
2024-10-14,334,342,327,337,918137,0.012012012012011963
2024-10-15,337,342,334,340,363212,0.008902077151335286
2024-10-16,340,344,336,339,307677,-0.002941176470588225
2024-10-17,340,368,339,344,1214577,0.014749262536873253
2024-10-18,344,351,344,349,222218,0.014534883720930258
2024-10-21,354,357,348,349,449832,0.0
2024-10-22,349,360,347,350,501088,0.002865329512893977
2024-10-23,350,370,350,354,855557,0.011428571428571344
2024-10-24,353,360,350,358,618539,0.011299435028248483
2024-10-25,358,371,356,361,565960,0.008379888268156499
2024-10-28,362,371,357,364,849660,0.008310249307479145
2024-10-29,365,378,362,362,940281,-0.005494505494505475
2024-10-30,366,368,355,367,449234,0.013812154696132506
2024-10-31,367,374,357,370,731519,0.008174386920980936
2024-11-01,367,389,367,377,1322014,0.018918918918918948
2024-11-04,397,397,358,365,1760687,-0.03183023872679047
2024-11-05,367,367,345,348,1261865,-0.046575342465753455
2024-11-06,365,381,348,361,1809798,0.03735632183908044
2024-11-07,365,366,346,352,567119,-0.024930747922437657
2024-11-08,364,365,352,356,521678,0.011363636363636465
2024-11-11,356,360,338,344,768497,-0.0337078651685393
2024-11-12,344,348,324,325,928885,-0.05523255813953487
2024-11-13,326,326,311,312,727257,-0.040000000000000036
2024-11-14,312,318,305,305,503225,-0.022435897435897467
2024-11-15,306,318,295,311,595689,0.01967213114754096
2024-11-18,308,318,304,313,487417,0.006430868167202508
2024-11-19,313,325,312,312,376627,-0.0031948881789137795
2024-11-20,313,315,300,302,412120,-0.03205128205128205
2024-11-21,300,392,295,345,29601929,0.14238410596026485
2024-11-22,333,430,333,384,24330778,0.11304347826086958
2024-11-25,385,414,367,397,4660640,0.03385416666666674
2024-11-26,390,399,381,397,1668044,0.0
2024-11-27,400,400,358,358,3171012,-0.09823677581863977
2024-11-28,367,389,352,352,1803429,-0.016759776536312887
2024-11-29,350,369,342,369,1053975,0.048295454545454586
2024-12-02,385,398,350,353,2143325,-0.04336043360433606
2024-12-03,351,366,350,363,459356,0.028328611898017053
2024-12-04,349,357,338,342,969833,-0.05785123966942152
2024-12-05,345,348,333,336,512465,-0.01754385964912286
2024-12-06,335,336,316,333,657607,-0.008928571428571397
2024-12-09,330,330,307,313,583366,-0.06006006006006004
2024-12-10,312,352,310,342,1011992,0.09265175718849838
2024-12-11,344,369,340,367,873753,0.07309941520467844
2024-12-12,363,370,353,363,654197,-0.010899182561307952
2024-12-13,359,365,354,365,388188,0.005509641873278293
2024-12-16,366,375,362,367,404079,0.005479452054794498
2024-12-17,369,380,365,370,809169,0.008174386920980936
2024-12-18,370,422,367,397,4785265,0.0729729729729729
2024-12-19,398,398,373,386,1161537,-0.027707808564231717
2024-12-20,400,400,360,361,945060,-0.06476683937823835
2024-12-23,363,390,363,370,643905,0.024930747922437657
2024-12-24,370,379,358,358,500381,-0.032432432432432434
2024-12-26,378,378,350,353,1704414,-0.013966480446927387
2024-12-27,347,358,342,351,489931,-0.005665722379603388
2024-12-30,342,373,338,372,787934,0.05982905982905984
2025-01-02,372,374,361,367,391339,-0.013440860215053752
2025-01-03,379,409,374,385,2590018,0.04904632152588562
2025-01-06,384,393,382,392,479106,0.018181818181818077
2025-01-07,392,411,387,411,2170267,0.04846938775510212
2025-01-08,408,416,394,399,1335972,-0.029197080291970767
2025-01-09,393,409,387,409,931025,0.02506265664160412
2025-01-10,414,420,395,410,837308,0.0024449877750611915
2025-01-13,402,425,402,416,821261,0.014634146341463428
2025-01-14,413,417,404,404,732098,-0.028846153846153855
2025-01-15,404,405,388,397,562839,-0.017326732673267342
2025-01-16,395,397,374,394,775562,-0.007556675062972307
2025-01-17,391,417,391,400,763007,0.015228426395939021
2025-01-20,399,399,368,375,1708822,-0.0625
2025-01-21,376,379,369,369,517062,-0.016000000000000014
2025-01-22,365,409,365,377,1439863,0.021680216802167918
2025-01-23,376,383,371,373,283344,-0.010610079575596787
2025-01-24,373,378,362,363,633217,-0.02680965147453085
2025-01-31,363,388,355,381,814955,0.04958677685950419
2025-02-03,381,381,367,368,410678,-0.034120734908136496
2025-02-04,368,377,368,374,341239,0.016304347826086918
2025-02-05,374,383,370,383,241039,0.02406417112299475
2025-02-06,383,387,375,381,221909,-0.005221932114882533
2025-02-07,381,383,372,381,391240,0.0
2025-02-10,381,385,374,376,360101,-0.013123359580052507
2025-02-11,380,382,372,381,419487,0.013297872340425565
2025-02-12,381,381,365,370,211529,-0.02887139107611547
2025-02-13,367,378,362,368,498814,-0.00540540540540535
2025-02-14,368,384,365,383,476769,0.040760869565217295
2025-02-17,384,385,374,379,260238,-0.010443864229765065
2025-02-18,376,378,366,369,489058,-0.02638522427440637
2025-02-19,369,375,363,368,341055,-0.0027100271002710175
2025-02-20,365,387,361,382,710684,0.03804347826086962
2025-02-21,381,384,369,370,269471,-0.03141361256544506
2025-02-24,369,370,362,363,261689,-0.018918918918918948
2025-02-25,364,368,340,344,896011,-0.052341597796143224
2025-02-26,344,353,339,352,344442,0.023255813953488413
2025-02-27,352,352,343,349,286053,-0.008522727272727293
2025-02-28,349,349,308,321,1536944,-0.08022922636103147
2025-03-04,321,321,300,306,654052,-0.04672897196261683
2025-03-05,308,326,296,309,566300,0.009803921568627416
2025-03-06,309,315,304,305,491197,-0.012944983818770184
2025-03-07,310,310,302,304,196779,-0.003278688524590123
2025-03-10,304,307,299,305,369881,0.00328947368421062
2025-03-11,302,307,299,302,184418,-0.00983606557377048
2025-03-12,302,308,302,306,143306,0.013245033112582849
2025-03-13,306,312,305,306,137810,0.0
2025-03-14,303,309,303,304,155574,-0.006535947712418277
2025-03-17,305,309,301,304,190217,0.0
2025-03-18,304,308,300,305,204585,0.00328947368421062
2025-03-19,304,306,298,306,197424,0.003278688524590123
2025-03-20,306,314,301,313,318313,0.02287581699346397
2025-03-21,318,319,308,319,373969,0.019169329073482455
2025-03-24,316,319,310,317,364489,-0.006269592476489061
2025-03-25,317,317,312,312,175913,-0.01577287066246058
2025-03-26,312,320,308,316,124501,0.012820512820512775
2025-03-27,313,320,312,320,164512,0.012658227848101333
2025-03-28,320,320,311,312,160410,-0.025000000000000022
2025-03-31,311,318,303,306,174432,-0.019230769230769273
2025-04-01,306,313,304,309,138207,0.009803921568627416
2025-04-02,309,314,306,306,90841,-0.009708737864077666
2025-04-03,302,307,300,301,207779,-0.016339869281045805
2025-04-04,298,312,298,309,167837,0.02657807308970095
2025-04-07,299,309,299,301,267518,-0.02588996763754048
2025-04-08,302,308,295,301,243955,0.0
2025-04-09,298,303,295,299,224916,-0.006644518272425293
2025-04-10,305,318,304,317,196341,0.06020066889632103
2025-04-11,317,317,306,310,190237,-0.02208201892744477
2025-04-14,308,316,306,311,216465,0.003225806451612856
2025-04-15,311,314,309,314,129494,0.009646302250803762
2025-04-16,311,320,310,312,155219,-0.006369426751592355
2025-04-17,315,320,308,313,178858,0.0032051282051281937
2025-04-18,310,314,305,309,150301,-0.012779552715655007
2025-04-21,309,315,306,307,167387,-0.006472491909385147
2025-04-22,307,309,301,305,186381,-0.006514657980456029
2025-04-23,305,310,305,306,161359,0.003278688524590123
2025-04-24,308,308,302,306,121151,0.0
2025-04-25,306,308,305,307,71660,0.0032679738562091387
2025-04-28,307,316,306,310,178600,0.009771986970684043
2025-04-29,310,316,310,312,66727,0.006451612903225712
2025-04-30,312,316,306,306,120871,-0.019230769230769273
2025-05-02,306,309,304,306,89817,0.0
2025-05-07,301,306,300,305,228688,-0.0032679738562091387
2025-05-08,302,311,302,311,146082,0.01967213114754096
2025-05-09,308,317,306,312,247873,0.003215434083601254
2025-05-12,312,319,309,315,278289,0.009615384615384581
2025-05-13,316,324,313,316,225634,0.0031746031746031633
2025-05-14,319,322,313,314,151969,-0.006329113924050667
2025-05-15,314,316,308,308,100216,-0.019108280254777066
2025-05-16,308,311,304,306,150670,-0.00649350649350644
2025-05-19,306,312,305,306,125007,0.0
2025-05-20,306,312,306,308,239688,0.006535947712418277
2025-05-21,308,313,305,309,145946,0.0032467532467532756
2025-05-22,309,312,305,307,147885,-0.006472491909385147
2025-05-23,307,310,304,305,196667,-0.006514657980456029
2025-05-26,305,309,300,302,286196,-0.00983606557377048
2025-05-27,305,306,300,301,171806,-0.0033112582781457123
2025-05-28,301,311,290,302,649549,0.0033222591362125353
2025-05-29,307,392,300,392,25111942,0.29801324503311255
2025-05-30,419,431,353,364,14601016,-0.0714285714285714
2025-06-02,368,373,351,356,2348771,-0.02197802197802201
2025-06-04,349,368,348,368,1412655,0.03370786516853941
2025-06-05,365,375,357,371,1230614,0.008152173913043459
2025-06-09,371,378,361,366,1103036,-0.013477088948787075
2025-06-10,362,370,357,363,676561,-0.008196721311475419
2025-06-11,364,370,360,366,384941,0.008264462809917328
2025-06-12,373,373,360,368,351541,0.005464480874316946
2025-06-13,366,368,351,365,571427,-0.008152173913043459
2025-06-16,365,379,359,368,755434,0.008219178082191858
2025-06-17,368,377,365,374,783703,0.016304347826086918
2025-06-18,374,381,369,371,364219,-0.008021390374331583
2025-06-19,370,376,360,362,268982,-0.02425876010781669
2025-06-20,359,364,347,353,922299,-0.024861878453038666
2025-06-23,350,350,337,340,717325,-0.03682719546742208
2025-06-24,340,408,340,370,4576576,0.08823529411764697
2025-06-25,370,374,362,365,429401,-0.013513513513513487
2025-06-26,369,370,336,340,952331,-0.06849315068493156
2025-06-27,341,348,318,328,2239054,-0.03529411764705881
2025-06-30,330,337,324,333,380181,0.015243902439024293
2025-07-01,331,339,331,333,249661,0.0
2025-07-02,334,334,326,332,172630,-0.0030030030030030463
2025-07-03,332,344,329,336,242359,0.012048192771084265
2025-07-04,336,343,328,336,240660,0.0
2025-07-07,333,341,330,333,236702,-0.008928571428571397
2025-07-08,330,365,328,350,1214153,0.05105105105105112
2025-07-09,350,354,339,348,356078,-0.005714285714285672
2025-07-10,345,359,345,357,471694,0.02586206896551735
2025-07-11,360,363,349,354,377714,-0.008403361344537785
2025-07-14,354,394,351,385,2348552,0.08757062146892647
2025-07-15,381,419,371,386,3814814,0.0025974025974024872
2025-07-16,390,405,380,395,772597,0.023316062176165886
2025-07-17,393,393,372,380,882306,-0.03797468354430378
2025-07-18,380,409,373,381,686125,0.002631578947368318
2025-07-21,393,393,377,380,200246,-0.002624671916010457
2025-07-22,380,386,361,370,449848,-0.02631578947368418
2025-07-23,367,368,357,363,231117,-0.018918918918918948
2025-07-24,361,367,358,359,202108,-0.011019283746556474
2025-07-25,359,363,355,360,227397,0.0027855153203342198
2025-07-28,360,360,347,347,273338,-0.036111111111111094
2025-07-29,347,350,319,339,756587,-0.023054755043227626
2025-07-30,339,411,339,363,8026403,0.07079646017699126
2025-07-31,357,375,352,357,787777,-0.016528925619834656
2025-08-01,363,363,327,351,979859,-0.01680672268907568
2025-08-04,349,356,344,347,241792,-0.01139601139601143
2025-08-05,347,351,319,343,1392597,-0.011527377521613813
2025-08-06,338,356,333,355,416439,0.03498542274052485
2025-08-07,355,359,346,354,202677,-0.0028169014084507005
2025-08-08,347,350,339,342,379119,-0.03389830508474578
2025-08-11,342,353,333,335,524271,-0.020467836257309968
2025-08-12,341,350,338,343,348759,0.023880597014925398
2025-08-13,343,348,335,338,279703,-0.014577259475218707
2025-08-14,339,354,337,347,285190,0.026627218934911268
2025-08-18,347,354,339,353,485296,0.01729106628242083
2025-08-19,353,388,343,367,1973766,0.03966005665722383
2025-08-20,367,374,335,369,689179,0.005449591280654031
2025-08-21,366,385,361,365,334553,-0.010840108401083959
2025-08-22,361,370,358,362,207895,-0.008219178082191747
2025-08-25,362,367,350,363,126542,0.0027624309392264568
2025-08-26,363,365,350,363,181574,0.0
2025-08-27,363,368,354,358,182030,-0.01377410468319562
2025-08-28,355,359,350,352,218225,-0.016759776536312887
2025-08-29,352,353,340,342,235533,-0.02840909090909094
2025-09-01,342,344,335,336,274229,-0.01754385964912286
2025-09-02,338,340,329,336,449735,0.0
2025-09-03,341,341,333,337,240823,0.0029761904761904656
2025-09-04,338,348,337,339,110716,0.005934718100890191
2025-09-05,339,342,329,333,647568,-0.017699115044247815
2025-09-08,333,341,333,334,264107,0.0030030030030030463
2025-09-09,334,339,332,338,130401,0.011976047904191711
2025-09-10,338,344,335,341,267930,0.008875739644970349
2025-09-11,341,365,338,350,1116640,0.02639296187683282
2025-09-12,352,363,344,354,207069,0.011428571428571344
2025-09-15,351,352,343,352,126024,-0.005649717514124242
2025-09-16,349,359,345,350,229632,-0.005681818181818232
2025-09-17,350,353,334,341,351950,-0.02571428571428569
2025-09-18,338,340,335,340,232270,-0.0029325513196480912
2025-09-19,340,346,335,336,172040,-0.0117647058823529
2025-09-22,336,355,335,343,320214,0.02083333333333326
2025-09-23,343,345,335,336,189188,-0.020408163265306145
2025-09-24,336,340,333,336,180134,0.0
2025-09-25,336,337,323,327,770599,-0.0267857142857143
2025-09-26,327,327,321,324,143886,-0.00917431192660545
2025-09-29,324,327,316,321,272227,-0.0092592592592593
2025-09-30,321,327,317,325,327879,0.012461059190031154
2025-10-01,325,329,319,322,185330,-0.009230769230769265
2025-10-02,322,325,317,319,194568,-0.009316770186335366
2025-10-10,319,321,313,314,303051,-0.01567398119122254
2025-10-13,314,325,307,318,255361,0.01273885350318471
2025-10-14,315,325,306,311,284307,-0.022012578616352196
2025-10-15,312,319,303,317,112656,0.019292604501607746
2025-10-16,316,320,309,314,199322,-0.009463722397476393
2025-10-17,313,314,306,311,192808,-0.009554140127388533
2025-10-20,310,313,307,310,165840,-0.003215434083601254
2025-10-21,310,318,307,310,277075,0.0
2025-10-22,310,319,308,315,329337,0.016129032258064502
2025-10-23,316,325,312,312,157157,-0.00952380952380949
2025-10-24,314,316,305,307,435401,-0.01602564102564108
2025-10-27,307,310,300,307,406076,0.0
2025-10-28,315,324,305,309,521728,0.006514657980456029
2025-10-29,310,315,305,309,254540,0.0
2025-10-30,309,309,301,301,478587,-0.02588996763754048
2025-10-31,302,305,300,301,228062,0.0
2025-11-03,301,305,299,303,177016,0.006644518272425293
2025-11-04,303,304,296,302,393644,-0.0033003300330033403
2025-11-05,301,303,290,300,552595,-0.0066225165562914245
2025-11-06,300,302,294,299,325577,-0.0033333333333332993
2025-11-07,296,302,290,293,828883,-0.02006688963210701
2025-11-10,292,296,290,295,279094,0.006825938566553003
2025-11-11,295,296,284,288,681640,-0.023728813559321993
2025-11-12,288,300,282,298,1396155,0.03472222222222232
2025-11-13,298,298,287,292,521692,-0.020134228187919434
2025-11-14,291,291,282,284,542166,-0.0273972602739726
2025-11-17,281,284,279,282,361015,-0.007042253521126751
2025-11-18,282,282,269,274,782563,-0.028368794326241176
2025-11-19,274,276,270,272,217297,-0.007299270072992692
2025-11-20,272,278,267,268,450730,-0.014705882352941124
2025-11-21,268,294,266,278,700450,0.03731343283582089
2025-11-24,278,279,264,264,520915,-0.05035971223021585
2025-11-25,266,278,260,266,511100,0.007575757575757569
2025-11-26,266,273,266,273,311339,0.026315789473684292
2025-11-27,274,276,266,272,367523,-0.00366300366300365
2025-11-28,272,275,268,270,150141,-0.007352941176470562
2025-12-01,268,274,268,271,86411,0.0037037037037037646
2025-12-02,271,273,266,272,430558,0.0036900369003689537
2025-12-03,273,276,270,272,51854,0.0
2025-12-04,272,273,265,268,171337,-0.014705882352941124
2025-12-05,268,270,266,269,64731,0.003731343283582156
2025-12-08,269,277,267,270,160154,0.0037174721189590088
2025-12-09,273,292,268,280,309883,0.03703703703703698
2025-12-10,281,286,267,270,621390,-0.0357142857142857
2025-12-11,270,271,268,268,123794,-0.007407407407407418
2025-12-12,269,271,261,264,364558,-0.014925373134328401
2025-12-15,264,264,260,261,253319,-0.011363636363636354
2025-12-16,262,263,257,262,333931,0.003831417624521105
2025-12-17,260,261,255,260,913631,-0.007633587786259555
2025-12-18,270,293,251,252,2099757,-0.03076923076923077
2025-12-19,253,254,250,253,222099,0.003968253968253954
2025-12-22,254,257,252,254,228953,0.0039525691699604515
2025-12-23,255,256,249,251,322254,-0.011811023622047223
2025-12-24,251,252,248,249,255904,-0.007968127490039834
2025-12-26,249,250,243,246,405668,-0.012048192771084376
2025-12-29,246,251,244,249,231971,0.012195121951219523
2025-12-30,248,251,245,250,109952,0.004016064257028162
2026-01-02,250,265,249,254,191781,0.016000000000000014
2026-01-05,254,259,253,254,202858,0.0
2026-01-06,254,254,234,252,662381,-0.007874015748031482
2026-01-07,249,250,240,248,278651,-0.015873015873015928
2026-01-08,247,247,240,243,160570,-0.020161290322580627
2026-01-09,243,247,240,242,161112,-0.004115226337448541
2026-01-12,242,249,240,245,192302,0.012396694214876103
2026-01-13,248,249,238,243,312893,-0.008163265306122436
2026-01-14,243,246,238,243,245861,0.0
2026-01-15,243,246,232,243,554558,0.0
2026-01-16,246,306,241,261,12257300,0.07407407407407418
