Date,Open,High,Low,Close,Volume,Change
2022-01-03,2185,2195,2100,2195,499,0.0
2022-01-04,2195,2300,2050,2140,8445,-0.02505694760820043
2022-01-05,2175,2175,2070,2135,4256,-0.002336448598130869
2022-01-06,2130,2130,1835,2095,14825,-0.0187353629976581
2022-01-07,2100,2100,2080,2080,3,-0.007159904534606243
2022-01-10,2050,2050,1915,2045,396,-0.016826923076923128
2022-01-11,2100,2185,2085,2085,58,0.019559902200489088
2022-01-12,2200,2200,1905,2000,2861,-0.04076738609112707
2022-01-13,2100,2100,1860,1945,3131,-0.02749999999999997
2022-01-14,2000,2085,2000,2085,11,0.07197943444730082
2022-01-17,2100,2100,2085,2085,3001,0.0
2022-01-18,2090,2090,2090,2090,1,0.0023980815347721673
2022-01-19,2095,2095,2095,2095,1,0.0023923444976077235
2022-01-20,2100,2100,2100,2100,1,0.0023866348448686736
2022-01-21,2100,2100,2100,2100,1,0.0
2022-01-24,2060,2060,2060,2060,1,-0.01904761904761909
2022-01-25,2095,2095,1830,2030,20015,-0.014563106796116498
2022-01-26,2040,2040,1975,1975,38,-0.027093596059113323
2022-01-27,2095,2095,1900,2075,1274,0.05063291139240511
2022-01-28,2090,2090,1815,1915,5844,-0.07710843373493981
2022-02-03,1995,1995,1850,1930,77,0.007832898172323688
2022-02-04,2000,2080,1900,1940,4872,0.005181347150259086
2022-02-07,1930,1930,1920,1920,700,-0.010309278350515427
2022-02-08,2000,2000,2000,2000,1,0.04166666666666674
2022-02-09,2000,2000,1835,1995,3,-0.0024999999999999467
2022-02-10,2000,2000,2000,2000,1,0.0025062656641603454
2022-02-11,2000,2000,2000,2000,2,0.0
2022-02-14,2000,2000,1730,1945,1668,-0.02749999999999997
2022-02-15,1940,1940,1930,1930,141,-0.007712082262210762
2022-02-16,2090,2090,1770,2045,1044,0.059585492227979264
2022-02-17,1900,2000,1900,1990,49,-0.02689486552567233
2022-02-18,1995,1995,1995,1995,1,0.002512562814070307
2022-02-21,1970,2180,1800,2150,13680,0.07769423558897248
2022-02-22,2140,2140,2000,2000,5134,-0.06976744186046513
2022-02-23,2100,2100,1900,2045,330,0.022499999999999964
2022-02-24,1995,1995,1990,1990,48,-0.02689486552567233
2022-02-25,2095,2095,2000,2090,5,0.05025125628140703
2022-02-28,1900,2000,1900,2000,152,-0.0430622009569378
2022-03-02,2000,2000,2000,2000,1,0.0
2022-03-03,1990,1990,1825,1985,3,-0.007499999999999951
2022-03-04,1950,1995,1900,1995,249,0.005037783375314797
2022-03-07,1995,2095,1900,2095,51,0.05012531328320802
2022-03-08,2090,2090,2090,2090,1,-0.0023866348448687846
2022-03-10,2090,2090,2090,2090,1,0.0
2022-03-11,1995,2000,1955,2000,370,-0.0430622009569378
2022-03-14,2085,2085,2085,2085,1,0.04249999999999998
2022-03-15,2040,2040,1950,2000,6,-0.04076738609112707
2022-03-16,2095,2095,2000,2045,3,0.022499999999999964
2022-03-17,1985,1990,1810,1980,3225,-0.0317848410757946
2022-03-18,1945,2100,1940,2100,18207,0.06060606060606055
2022-03-21,2100,2100,2000,2075,266,-0.011904761904761862
2022-03-22,2090,2090,2050,2075,104,0.0
2022-03-23,2075,2075,2050,2050,2,-0.012048192771084376
2022-03-24,2095,2095,2000,2020,491,-0.014634146341463428
2022-03-25,2050,2050,1995,2005,9,-0.007425742574257432
2022-03-28,1995,2020,1955,2020,8,0.007481296758104827
2022-03-29,2090,2090,1965,2005,728,-0.007425742574257432
2022-03-30,2095,2095,2095,2095,1,0.04488778054862852
2022-03-31,2070,2070,2070,2070,1,-0.011933174224343701
2022-04-01,2085,2085,2000,2050,19,-0.009661835748792313
2022-04-04,2095,2095,2095,2095,1,0.02195121951219514
2022-04-05,2090,2090,1900,2055,122,-0.019093078758949833
2022-04-06,1995,2075,1990,2075,49,0.009732360097323589
2022-04-07,2090,2090,1980,2000,131,-0.03614457831325302
2022-04-08,2095,2095,2095,2095,1,0.0475000000000001
2022-04-11,2080,2080,1865,2065,1493,-0.014319809069212375
2022-04-12,2095,2095,2095,2095,1,0.014527845036319542
2022-04-13,2100,2100,2100,2100,1,0.0023866348448686736
2022-04-14,2100,2100,2000,2095,150,-0.0023809523809523725
2022-04-15,2100,2100,2100,2100,1,0.0023866348448686736
2022-04-18,2095,2095,2040,2095,502,-0.0023809523809523725
2022-04-19,2100,2100,2075,2075,149,-0.009546539379474916
2022-04-20,2100,2100,1900,2075,167,0.0
2022-04-21,2095,2095,1910,2075,165,0.0
2022-04-22,2080,2080,2055,2070,408,-0.002409638554216831
2022-04-25,2180,2180,1910,2145,795,0.03623188405797095
2022-04-26,2450,2450,1875,1875,2094,-0.12587412587412583
2022-04-27,1900,2100,1860,1925,427,0.026666666666666616
2022-04-28,1900,1900,1820,1895,836,-0.01558441558441559
2022-04-29,2000,2000,1835,1980,102,0.04485488126649084
2022-05-02,2000,2000,1910,1910,712,-0.03535353535353536
2022-05-03,2000,2000,1815,1905,55,-0.002617801047120394
2022-05-04,2000,2185,1945,2180,1312,0.14435695538057747
2022-05-06,2100,2185,1900,2045,821,-0.06192660550458717
2022-05-09,2100,2100,1905,1990,468,-0.02689486552567233
2022-05-10,2085,2085,2085,2085,1,0.047738693467336724
2022-05-11,1900,2000,1900,1985,767,-0.04796163069544368
2022-05-12,1995,1995,1820,1995,1102,0.005037783375314797
2022-05-13,1990,1990,1990,1990,10,-0.0025062656641604564
2022-05-16,1975,1975,1850,1935,2020,-0.027638190954773822
2022-05-17,1915,1915,1885,1885,143,-0.025839793281653756
2022-05-18,1995,1995,1950,1950,444,0.034482758620689724
2022-05-19,1800,1850,1705,1835,1244,-0.05897435897435899
2022-05-20,1880,1880,1800,1840,753,0.0027247956403269047
2022-05-23,1900,1900,1835,1850,193,0.005434782608695565
2022-05-24,1845,1845,1845,1845,12,-0.002702702702702675
2022-05-25,1895,2085,1800,2000,62,0.08401084010840099
2022-05-26,1805,1950,1750,1900,1876,-0.050000000000000044
2022-05-27,1900,1900,1800,1830,316,-0.0368421052631579
2022-05-30,1995,1995,1900,1950,18,0.06557377049180335
2022-05-31,1950,1950,1925,1925,14,-0.012820512820512775
2022-06-02,1995,1995,1810,1975,4,0.025974025974025983
2022-06-03,1945,1945,1910,1910,4,-0.032911392405063244
2022-06-07,1895,1895,1895,1895,502,-0.007853403141361293
2022-06-08,1865,1865,1770,1865,218,-0.0158311345646438
2022-06-09,1845,1845,1845,1845,31,-0.01072386058981234
2022-06-10,1895,1900,1870,1900,2466,0.02981029810298108
2022-06-13,1900,1900,1900,1900,3,0.0
2022-06-14,1850,1985,1850,1975,206,0.03947368421052633
2022-06-15,1850,1900,1800,1900,601,-0.03797468354430378
2022-06-16,1700,1900,1700,1735,2002,-0.08684210526315794
2022-06-17,1900,1900,1700,1800,212,0.03746397694524495
2022-06-20,1900,1900,1600,1885,1114,0.047222222222222276
2022-06-21,1830,1830,1830,1830,1,-0.02917771883289122
2022-06-22,1665,1800,1665,1795,550,-0.01912568306010931
2022-06-23,1795,1795,1530,1750,1064,-0.02506963788300831
2022-06-24,1795,1795,1795,1795,1,0.0257142857142858
2022-06-27,1800,1800,1750,1800,128,0.0027855153203342198
2022-06-28,1850,1850,1830,1830,11,0.016666666666666607
2022-06-29,1895,1895,1750,1750,165,-0.04371584699453557
2022-06-30,1895,1895,1515,1890,1024,0.08000000000000007
2022-07-01,1700,2090,1700,2090,66,0.10582010582010581
2022-07-04,1800,2090,1780,1780,3200,-0.14832535885167464
2022-07-05,1775,1775,1770,1770,514,-0.005617977528089901
2022-07-06,1750,1895,1700,1895,726,0.07062146892655363
2022-07-07,1895,1900,1800,1800,30,-0.05013192612137207
2022-07-08,1900,1900,1700,1700,5,-0.05555555555555558
2022-07-11,1900,1900,1900,1900,1,0.11764705882352944
2022-07-12,1900,1900,1900,1900,1,0.0
2022-07-13,1895,1995,1895,1995,21,0.050000000000000044
2022-07-14,1995,1995,1995,1995,1,0.0
2022-07-15,1800,1985,1800,1900,123,-0.04761904761904767
2022-07-18,1995,1995,1800,1900,122,0.0
2022-07-19,1900,1900,1900,1900,2,0.0
2022-07-20,1700,1895,1700,1750,13344,-0.07894736842105265
2022-07-21,1800,1800,1800,1800,1,0.02857142857142847
2022-07-22,1790,1790,1750,1750,4,-0.02777777777777779
2022-07-25,1800,1800,1600,1785,498,0.020000000000000018
2022-07-26,1780,1780,1780,1780,1,-0.0028011204481792618
2022-07-27,1775,1775,1515,1700,7306,-0.0449438202247191
2022-07-28,1895,1895,1445,1495,17269,-0.12058823529411766
2022-07-29,1500,1500,1400,1500,1213,0.0033444816053511683
2022-08-01,1500,1600,1400,1550,144,0.03333333333333344
2022-08-02,1500,1600,1345,1585,342,0.022580645161290214
2022-08-03,1690,1690,1660,1660,5,0.04731861198738163
2022-08-04,1600,1600,1430,1595,2502,-0.03915662650602414
2022-08-05,1600,1600,1405,1575,4938,-0.01253918495297801
2022-08-08,1595,1595,1590,1590,3,0.00952380952380949
2022-08-09,1600,1600,1595,1595,3,0.003144654088050425
2022-08-10,1600,1695,1595,1695,746,0.06269592476489039
2022-08-11,1700,1700,1445,1445,8351,-0.14749262536873153
2022-08-12,1490,1595,1490,1595,262,0.10380622837370246
2022-08-16,1600,1600,1590,1590,5,-0.0031347962382445305
2022-08-17,1590,1590,1590,1590,7,0.0
2022-08-18,1590,1590,1355,1590,1220,0.0
2022-08-19,1600,1600,1410,1590,115,0.0
2022-08-22,1400,1590,1400,1590,101,0.0
2022-08-23,1600,1600,1590,1590,5,0.0
2022-08-24,1590,1590,1590,1590,9,0.0
2022-08-25,1400,1585,1400,1580,8,-0.0062893081761006275
2022-08-26,1575,1575,1575,1575,1,-0.0031645569620253333
2022-08-29,1400,1585,1400,1585,28,0.006349206349206327
2022-08-30,1500,1585,1500,1570,13,-0.009463722397476393
2022-08-31,1590,1590,1590,1590,1,0.01273885350318471
2022-09-01,1590,1590,1590,1590,1,0.0
2022-09-02,1585,1585,1580,1580,4,-0.0062893081761006275
2022-09-05,1580,1580,1580,1580,1,0.0
2022-09-06,1590,1590,1590,1590,1,0.006329113924050667
2022-09-07,1585,1585,1585,1585,1,-0.0031446540880503138
2022-09-08,1590,1590,1585,1585,2,0.0
2022-09-13,1590,1590,1570,1570,101,-0.009463722397476393
2022-09-14,1590,1600,1590,1600,100,0.019108280254777066
2022-09-15,1630,1630,1600,1600,2,0.0
2022-09-16,1625,1625,1625,1625,1,0.015625
2022-09-19,1610,1690,1610,1690,2,0.040000000000000036
2022-09-20,1440,1615,1440,1615,633,-0.044378698224852076
2022-09-21,1500,1590,1500,1590,11,-0.015479876160990669
2022-09-22,1590,1590,1585,1585,11,-0.0031446540880503138
2022-09-23,1600,1600,1600,1600,1,0.009463722397476282
2022-09-26,1595,1595,1595,1595,1,-0.0031250000000000444
2022-09-27,1590,1590,1590,1590,1,-0.0031347962382445305
2022-09-28,1600,1600,1600,1600,1,0.0062893081761006275
2022-09-29,1600,1600,1590,1590,2,-0.006249999999999978
2022-09-30,1590,1590,1590,1590,0,0.0
2022-10-04,1590,1590,1585,1590,42,0.0
2022-10-05,1600,1600,1600,1600,1,0.0062893081761006275
2022-10-06,1595,1595,1595,1595,0,-0.0031250000000000444
2022-10-07,1600,1600,1600,1600,1,0.0031347962382444194
2022-10-11,1600,1600,1600,1600,1,0.0
2022-10-12,1600,1600,1600,1600,1,0.0
2022-10-13,1600,1680,1600,1680,11,0.050000000000000044
2022-10-14,1430,1495,1430,1430,7184,-0.14880952380952384
2022-10-17,1430,1500,1300,1400,1132,-0.020979020979020935
2022-10-18,1400,1400,1210,1400,351,0.0
2022-10-19,1400,1400,1395,1395,2,-0.0035714285714285587
2022-10-20,1390,1390,1390,1390,0,-0.0035842293906810374
2022-10-21,1210,1295,1185,1295,2974,-0.06834532374100721
2022-10-24,1300,1300,1295,1295,6,0.0
2022-10-25,1300,1300,1300,1300,1,0.0038610038610038533
2022-10-26,1300,1400,1300,1400,11,0.07692307692307687
2022-10-27,1385,1385,1385,1385,1,-0.010714285714285676
2022-10-28,1400,1400,1400,1400,1,0.010830324909747224
2022-10-31,1395,1395,1200,1395,12,-0.0035714285714285587
2022-11-01,1200,1395,1200,1390,82,-0.0035842293906810374
2022-11-02,1200,1500,1200,1485,158,0.06834532374100721
2022-11-03,1600,1650,1265,1400,3807,-0.0572390572390572
2022-11-04,1300,1390,1220,1375,45,-0.017857142857142905
2022-11-07,1205,1345,1205,1340,4,-0.025454545454545507
2022-11-08,1400,1400,1210,1390,3,0.03731343283582089
2022-11-09,1215,1385,1215,1385,2,-0.003597122302158251
2022-11-10,1205,1395,1200,1395,105,0.0072202166064982976
2022-11-11,1395,1395,1205,1390,13,-0.0035842293906810374
2022-11-14,1205,1395,1205,1395,11,0.003597122302158251
2022-11-15,1395,1395,1210,1325,8,-0.05017921146953408
2022-11-16,1300,1400,1220,1400,126,0.05660377358490565
2022-11-17,1400,1400,1300,1390,89,-0.0071428571428571175
2022-11-18,1225,1395,1215,1385,10470,-0.003597122302158251
2022-11-21,1200,1390,1200,1380,4,-0.0036101083032491488
2022-11-22,1370,1370,1370,1370,1,-0.007246376811594235
2022-11-23,1205,1370,1205,1360,7,-0.007299270072992692
2022-11-24,1480,1480,1200,1455,3,0.06985294117647056
2022-11-25,1240,1395,1240,1385,4021,-0.04810996563573888
2022-11-28,1180,1245,1180,1245,158,-0.10108303249097472
2022-11-29,1300,1300,1235,1235,12,-0.008032128514056214
2022-11-30,1300,1300,1150,1230,125,-0.004048582995951455
2022-12-01,1220,1225,1220,1225,77,-0.004065040650406471
2022-12-02,1400,1400,1100,1385,277,0.1306122448979592
2022-12-05,1300,1300,1190,1295,4,-0.06498194945848379
2022-12-06,1120,1290,1120,1285,5,-0.007722007722007707
2022-12-07,1100,1300,1100,1300,64,0.011673151750972721
2022-12-08,1200,1240,1200,1240,2,-0.0461538461538461
2022-12-09,1395,1395,1200,1345,155,0.08467741935483875
2022-12-12,1200,1400,1200,1270,52,-0.055762081784386575
2022-12-13,1105,1265,1105,1200,5702,-0.055118110236220486
2022-12-14,1100,1350,1100,1285,36,0.0708333333333333
2022-12-15,1200,1300,1095,1095,5302,-0.14785992217898836
2022-12-16,1200,1200,1195,1195,1096,0.091324200913242
2022-12-19,1150,1150,1145,1145,439,-0.04184100418410042
2022-12-20,1140,1140,1005,1140,3,-0.004366812227074246
2022-12-21,1140,1140,1000,1135,55,-0.004385964912280715
2022-12-22,1200,1200,1005,1180,75,0.0396475770925111
2022-12-23,1140,1140,1010,1140,5,-0.03389830508474578
2022-12-26,1130,1130,980,1100,1653,-0.03508771929824561
2022-12-27,1095,1200,1095,1200,69,0.09090909090909083
2022-12-28,1300,1300,1100,1245,15,0.03750000000000009
2022-12-29,1110,1295,1100,1200,69,-0.03614457831325302
2023-01-02,1200,1200,1200,1200,1,0.0
2023-01-03,1200,1200,1030,1030,32,-0.14166666666666672
2023-01-04,1175,1175,1095,1095,39,0.06310679611650483
2023-01-05,1200,1200,950,950,688,-0.13242009132420096
2023-01-06,1085,1085,900,1075,7,0.13157894736842102
2023-01-09,1095,1095,1095,1095,1,0.018604651162790642
2023-01-10,1080,1080,1075,1075,3,-0.0182648401826484
2023-01-11,1100,1100,1100,1100,1,0.023255813953488413
2023-01-12,1095,1095,1000,1085,4004,-0.013636363636363669
2023-01-13,1100,1195,1000,1135,15,0.04608294930875578
2023-01-16,1125,1125,1125,1125,1,-0.008810572687224627
2023-01-17,1195,1195,1195,1195,1,0.06222222222222218
2023-01-18,1195,1195,1020,1185,589,-0.008368200836820106
2023-01-19,1185,1185,1010,1160,43,-0.021097046413502074
2023-01-20,1200,1200,1000,1190,4,0.02586206896551735
2023-01-25,1190,1190,1012,1012,14945,-0.14957983193277313
2023-01-26,1159,1159,910,997,999,-0.014822134387351804
2023-01-27,1000,1000,900,996,225,-0.0010030090270812808
2023-01-30,1145,1145,851,999,4,0.003012048192771122
2023-01-31,999,1099,861,1099,42,0.10010010010010006
2023-02-01,999,1099,999,999,1293,-0.09099181073703366
2023-02-02,900,1100,900,999,114,0.0
2023-02-03,999,999,999,999,10,0.0
2023-02-06,999,1098,999,1089,206,0.09009009009009006
2023-02-07,1099,1099,941,1000,5026,-0.08172635445362719
2023-02-08,901,999,900,988,4859,-0.01200000000000001
2023-02-09,990,990,984,984,94,-0.004048582995951455
2023-02-10,900,969,842,949,252,-0.03556910569105687
2023-02-13,999,999,833,949,16,0.0
2023-02-14,949,949,949,949,1,0.0
2023-02-15,1000,1000,988,988,2,0.041095890410958846
2023-02-16,1000,1000,851,950,730,-0.038461538461538436
2023-02-17,950,950,850,946,234,-0.004210526315789442
2023-02-20,999,999,999,999,10,0.05602536997885843
2023-02-21,998,998,998,998,2,-0.0010010010010009784
2023-02-22,999,999,990,990,157,-0.008016032064128265
2023-02-23,842,1000,842,950,1036,-0.04040404040404044
2023-02-24,820,950,820,947,357,-0.0031578947368421373
2023-02-27,815,929,815,929,23,-0.019007391763463555
2023-02-28,1000,1000,820,948,200,0.020452099031216253
2023-03-02,900,950,838,900,207,-0.05063291139240511
2023-03-03,900,950,850,898,591,-0.0022222222222222365
2023-03-06,880,880,764,800,9011,-0.10913140311804004
2023-03-07,800,910,800,900,3752,0.125
2023-03-08,880,1000,771,999,223,0.1100000000000001
2023-03-09,1000,1000,999,999,2,0.0
2023-03-10,1000,1000,999,999,22,0.0
2023-03-13,1147,1147,850,1100,516,0.10110110110110115
2023-03-14,1080,1080,1045,1045,2,-0.050000000000000044
2023-03-15,1040,1040,999,999,52,-0.04401913875598085
2023-03-16,999,999,850,900,939,-0.09909909909909909
2023-03-17,900,900,900,995,11,0.10555555555555562
2023-03-20,1000,1000,995,1000,42,0.005025125628140614
2023-03-21,1000,1000,999,999,2,-0.0010000000000000009
2023-03-22,1000,1000,855,999,191,0.0
2023-03-23,865,950,850,919,1082,-0.08008008008008005
2023-03-24,890,900,890,900,2,-0.020674646354733373
2023-03-27,900,997,900,995,567,0.10555555555555562
2023-03-28,900,900,900,900,1,-0.09547738693467334
2023-03-29,900,1000,900,1000,10,0.11111111111111116
2023-03-30,999,999,900,997,12,-0.0030000000000000027
2023-03-31,850,900,848,900,602,-0.09729187562688069
2023-04-03,900,900,900,900,1,0.0
2023-04-04,771,898,770,772,2712,-0.14222222222222225
2023-04-05,880,880,700,748,3568,-0.031088082901554404
2023-04-06,644,800,640,800,1170,0.06951871657754016
2023-04-07,800,896,701,701,31,-0.12375000000000003
2023-04-10,701,795,701,790,5222,0.12696148359486448
2023-04-11,790,900,790,900,11,0.139240506329114
2023-04-12,770,899,765,850,3652,-0.05555555555555558
2023-04-13,800,899,800,899,461,0.057647058823529385
2023-04-14,900,999,899,999,21,0.11123470522803114
2023-04-17,999,999,998,998,7,-0.0010010010010009784
2023-04-18,949,949,949,949,52,-0.049098196392785565
2023-04-19,1000,1000,807,900,2203,-0.05163329820864071
2023-04-20,900,900,890,890,2,-0.011111111111111072
2023-04-21,850,850,761,850,134,-0.0449438202247191
2023-04-24,840,840,835,835,19,-0.01764705882352946
2023-04-25,830,830,830,830,2,-0.005988023952095856
2023-04-26,790,900,790,900,1003,0.0843373493975903
2023-04-27,900,999,900,999,11,0.1100000000000001
2023-04-28,997,997,997,997,1,-0.002002002002001957
2023-05-02,850,990,850,990,34,-0.007021063189568744
2023-05-03,949,949,949,949,0,-0.04141414141414146
2023-05-04,1000,1000,949,949,41,0.0
2023-05-08,999,999,999,999,1,0.052687038988408874
2023-05-09,900,997,900,997,65,-0.002002002002001957
2023-05-10,998,998,998,998,1,0.0010030090270811698
2023-05-11,998,998,998,998,1,0.0
2023-05-12,997,997,997,997,1,-0.0010020040080159776
2023-05-15,850,1000,848,930,1503,-0.06720160481444337
2023-05-16,900,900,900,900,3,-0.032258064516129004
2023-05-17,900,900,900,900,2,0.0
2023-05-18,880,1000,880,1000,932,0.11111111111111116
2023-05-19,899,900,899,900,4397,-0.09999999999999998
2023-05-22,800,899,780,880,2002,-0.022222222222222254
2023-05-23,850,850,850,850,2,-0.03409090909090906
2023-05-24,829,829,800,829,103,-0.024705882352941133
2023-05-25,799,799,799,799,2,-0.03618817852834744
2023-05-26,899,899,899,899,1,0.12515644555694627
2023-05-30,899,900,899,900,11,0.0011123470522802492
2023-05-31,800,849,790,849,2539,-0.05666666666666664
2023-06-01,800,800,800,800,3,-0.05771495877502941
2023-06-02,899,899,899,899,1,0.12375000000000003
2023-06-05,800,899,800,899,221,0.0
2023-06-07,899,999,899,999,31,0.11123470522803114
2023-06-08,999,999,860,860,27,-0.1391391391391391
2023-06-09,979,979,979,979,1,0.1383720930232557
2023-06-12,840,999,833,999,366,0.020429009193054126
2023-06-13,1000,1000,899,899,202,-0.10010010010010006
2023-06-14,1000,1000,898,899,52,0.0
2023-06-15,1000,1000,817,990,102,0.10122358175750845
2023-06-16,999,999,999,999,1,0.009090909090909038
2023-06-19,998,998,998,998,1,-0.0010010010010009784
2023-06-20,999,999,999,999,1,0.0010020040080160886
2023-06-21,1000,1000,850,1000,25,0.0010010010010010895
2023-06-22,900,999,850,949,20,-0.051000000000000045
2023-06-23,1000,1000,1000,1000,11,0.05374077976817704
2023-06-26,950,950,949,949,2,-0.051000000000000045
2023-06-27,1000,1000,1000,1000,1,0.05374077976817704
2023-06-28,1000,1100,949,949,12,-0.051000000000000045
2023-06-29,900,1000,898,898,13,-0.05374077976817704
2023-06-30,999,999,770,999,2787,0.11247216035634744
2023-07-03,900,949,850,949,2783,-0.05005005005005003
2023-07-04,810,1000,810,950,5013,0.0010537407797681642
2023-07-05,808,1000,808,898,4080,-0.054736842105263195
2023-07-06,900,900,900,900,1,0.00222717149220486
2023-07-07,899,899,765,800,9502,-0.11111111111111116
2023-07-10,800,899,680,845,12121,0.05624999999999991
2023-07-11,720,969,720,969,51,0.14674556213017742
2023-07-12,824,824,824,824,612,-0.14963880288957687
2023-07-13,710,899,701,790,8930,-0.04126213592233008
2023-07-14,790,790,790,790,1,0.0
2023-07-17,770,770,673,760,2113,-0.03797468354430378
2023-07-18,770,770,646,767,4914,0.009210526315789558
2023-07-19,800,879,800,879,16,0.14602346805736643
2023-07-20,750,899,748,834,4003,-0.05119453924914674
2023-07-21,770,900,710,845,125,0.01318944844124692
2023-07-24,790,900,790,900,52,0.06508875739644981
2023-07-25,898,898,898,898,1,-0.0022222222222222365
2023-07-26,839,839,839,839,1,-0.0657015590200446
2023-07-27,899,899,715,838,1113,-0.0011918951132300348
2023-07-28,900,900,900,900,1,0.07398568019093088
2023-07-31,1035,1035,765,979,988,0.08777777777777773
2023-08-01,999,999,833,945,635,-0.03472931562819204
2023-08-02,1000,1000,1000,1000,12,0.05820105820105814
2023-08-03,899,899,850,850,14,-0.15000000000000002
2023-08-04,900,900,897,897,85,0.055294117647058716
2023-08-07,763,899,763,896,68,-0.0011148272017836858
2023-08-08,900,900,900,900,1,0.0044642857142858094
2023-08-09,899,899,765,839,75,-0.06777777777777783
2023-08-10,800,898,714,890,3536,0.06078665077473189
2023-08-11,900,900,757,898,2503,0.008988764044943753
2023-08-14,890,890,800,888,22,-0.011135857461024523
2023-08-16,755,799,755,797,150,-0.10247747747747749
2023-08-17,799,799,680,780,3616,-0.021329987452948562
2023-08-18,800,800,663,795,3,0.019230769230769162
2023-08-21,800,800,800,800,42,0.0062893081761006275
2023-08-22,800,800,800,800,1,0.0
2023-08-23,800,898,799,898,40,0.12250000000000005
2023-08-24,900,900,764,764,279,-0.1492204899777283
2023-08-25,799,799,750,750,103,-0.01832460732984298
2023-08-28,850,850,643,740,10,-0.013333333333333308
2023-08-29,800,800,739,739,2,-0.0013513513513513375
2023-08-30,800,800,800,800,1,0.08254397834912042
2023-08-31,800,800,730,730,2,-0.08750000000000002
2023-09-01,710,710,707,707,16,-0.03150684931506853
2023-09-04,800,800,796,796,105,0.1258840169731259
2023-09-05,800,800,800,800,1,0.005025125628140614
2023-09-06,749,749,700,700,476,-0.125
2023-09-07,700,700,650,699,226,-0.0014285714285714457
2023-09-08,690,799,689,799,3959,0.14306151645207432
2023-09-11,800,800,798,798,2,-0.0012515644555695093
2023-09-12,800,800,800,800,1,0.0025062656641603454
2023-09-13,900,900,799,898,22,0.12250000000000005
2023-09-14,900,900,897,897,2,-0.00111358574610243
2023-09-15,900,900,763,897,58,0.0
2023-09-18,899,899,899,899,1,0.0022296544035673715
2023-09-19,900,999,899,999,21,0.11123470522803114
2023-09-20,1000,1000,850,978,8,-0.02102102102102099
2023-09-21,1000,1000,989,989,6,0.011247443762781195
2023-09-22,1000,1099,900,900,134,-0.08998988877654202
2023-09-25,999,999,765,900,93,0.0
2023-09-26,900,900,898,898,2,-0.0022222222222222365
2023-09-27,900,900,764,896,34,-0.00222717149220486
2023-10-04,899,899,770,890,13,-0.006696428571428603
2023-10-05,799,900,760,760,241,-0.1460674157303371
2023-10-06,800,800,800,800,1,0.05263157894736836
2023-10-10,800,900,800,900,11,0.125
2023-10-11,900,900,770,899,27,-0.0011111111111110628
2023-10-12,1032,1032,770,899,12,0.0
2023-10-13,800,1000,800,1000,21,0.11234705228031139
2023-10-16,999,999,850,999,12,-0.0010000000000000009
2023-10-17,900,999,850,997,123,-0.002002002002001957
2023-10-18,1000,1000,850,969,12,-0.028084252758274864
2023-10-19,899,899,899,899,1,-0.0722394220846233
2023-10-20,900,900,770,898,23,-0.0011123470522803602
2023-10-23,899,899,770,890,13,-0.008908685968819552
2023-10-24,770,899,770,890,667,0.0
2023-10-25,849,849,849,849,2,-0.046067415730337125
2023-10-26,899,899,899,899,11,0.058892815076560634
2023-10-27,770,898,770,839,125,-0.06674082313681873
2023-10-30,716,800,716,799,12,-0.04767580452920139
2023-10-31,700,770,700,770,14,-0.03629536921151444
2023-11-01,759,759,660,759,6,-0.014285714285714235
2023-11-02,800,800,800,800,1,0.05401844532279321
2023-11-03,799,900,799,900,27,0.125
2023-11-06,900,1000,770,984,33,0.09333333333333327
2023-11-07,839,839,837,837,2,-0.14939024390243905
2023-11-08,900,900,715,890,1523,0.06332138590203096
2023-11-09,799,799,757,757,24,-0.14943820224719107
2023-11-10,800,800,800,800,1,0.05680317040951133
2023-11-13,800,900,800,900,20,0.125
2023-11-14,770,770,765,765,146,-0.15000000000000002
2023-11-15,800,800,800,800,1,0.045751633986928164
2023-11-16,800,899,680,899,12,0.12375000000000003
2023-11-17,900,900,770,898,34,-0.0011123470522803602
2023-11-20,800,800,764,764,34,-0.1492204899777283
2023-11-21,800,800,800,800,1,0.04712041884816753
2023-11-22,800,800,799,799,2,-0.0012499999999999734
2023-11-23,800,800,750,750,2,-0.06132665832290363
2023-11-24,800,800,800,800,1,0.06666666666666665
2023-11-27,750,750,750,750,2,-0.0625
2023-11-28,799,799,799,799,1,0.06533333333333324
2023-11-29,770,770,770,770,1,-0.03629536921151444
2023-11-30,800,800,797,797,11,0.03506493506493502
2023-12-01,800,800,789,789,2,-0.010037641154328703
2023-12-04,749,749,749,749,2,-0.05069708491761726
2023-12-05,800,800,640,799,1062,0.06675567423230966
2023-12-06,800,800,680,699,36,-0.12515644555694616
2023-12-07,689,689,600,689,1271,-0.014306151645207432
2023-12-08,700,700,688,688,148,-0.0014513788098693414
2023-12-11,700,700,700,700,1,0.01744186046511631
2023-12-12,700,700,700,700,143,0.0
2023-12-13,800,800,695,695,2,-0.0071428571428571175
2023-12-14,600,698,600,698,16,0.004316546762589857
2023-12-15,800,800,800,800,1,0.14613180515759305
2023-12-18,900,900,800,859,22,0.07374999999999998
2023-12-19,900,900,731,731,41,-0.14901047729918515
2023-12-20,800,800,800,800,1,0.09439124487004102
2023-12-21,680,800,680,680,10211,-0.15000000000000002
2023-12-22,780,780,780,780,1,0.1470588235294117
2023-12-26,800,800,800,800,1,0.02564102564102555
2023-12-27,800,800,680,680,250,-0.15000000000000002
2023-12-28,700,700,700,700,1,0.02941176470588225
2024-01-02,700,799,600,799,222,0.14142857142857146
2024-01-03,700,700,698,698,29,-0.12640801001251567
2024-01-04,799,799,600,680,13796,-0.025787965616045794
2024-01-05,779,779,600,600,63,-0.11764705882352944
2024-01-08,690,690,510,585,5113,-0.025000000000000022
2024-01-09,600,600,589,589,11,0.006837606837606813
2024-01-10,600,669,600,669,11,0.13582342954159587
2024-01-11,569,599,569,599,42,-0.10463378176382665
2024-01-12,599,679,510,591,3026,-0.013355592654423987
2024-01-15,669,669,510,655,198,0.10829103214890012
2024-01-16,700,700,560,689,38,0.051908396946564794
2024-01-17,586,586,586,586,1012,-0.14949201741654572
2024-01-18,600,600,499,597,12,0.018771331058020424
2024-01-19,600,676,508,676,144,0.13232830820770514
2024-01-22,700,700,575,575,56,-0.14940828402366868
2024-01-23,550,599,489,549,4509,-0.045217391304347876
2024-01-24,600,600,470,598,3,0.08925318761384338
2024-01-25,597,597,550,587,3117,-0.018394648829431426
2024-01-26,550,600,510,550,6167,-0.06303236797274281
2024-01-29,550,550,549,549,4,-0.0018181818181818299
2024-01-30,548,548,548,548,0,-0.0018214936247723523
2024-01-31,545,545,545,545,2,-0.005474452554744547
2024-02-01,545,545,540,540,2,-0.00917431192660545
2024-02-02,600,600,600,600,1,0.11111111111111116
2024-02-05,600,600,515,559,26,-0.06833333333333336
2024-02-06,600,600,481,599,5,0.07155635062611809
2024-02-07,600,650,510,647,619,0.08013355592654414
2024-02-08,550,550,550,550,99,-0.14992272024729525
2024-02-13,600,600,600,600,1,0.09090909090909083
2024-02-14,599,599,599,599,167,-0.0016666666666667052
2024-02-15,550,550,510,549,23,-0.08347245409015025
2024-02-16,599,599,599,599,1,0.09107468123861562
2024-02-19,549,549,510,510,208,-0.1485809682804674
2024-02-20,442,509,442,507,9,-0.00588235294117645
2024-02-21,506,506,435,504,1310,-0.00591715976331364
2024-02-22,499,499,430,498,4,-0.011904761904761862
2024-02-23,497,569,430,569,2504,0.142570281124498
2024-02-26,550,550,485,550,54,-0.033391915641476255
2024-02-27,599,599,468,596,7,0.08363636363636373
2024-02-28,507,599,507,599,3133,0.005033557046979942
2024-02-29,600,600,510,598,4,-0.0016694490818029983
2024-03-04,597,597,509,591,4,-0.01170568561872909
2024-03-05,600,600,600,600,1,0.015228426395939021
2024-03-06,510,599,510,594,324,-0.010000000000000009
2024-03-07,600,600,600,600,1,0.010101010101010166
2024-03-08,515,600,510,579,509,-0.03500000000000003
2024-03-11,549,549,493,546,6,-0.05699481865284972
2024-03-12,600,600,465,525,498,-0.038461538461538436
2024-03-13,500,500,447,499,2107,-0.049523809523809526
2024-03-14,570,570,426,557,4326,0.11623246492985961
2024-03-15,600,600,550,550,8,-0.012567324955116699
2024-03-18,600,600,500,597,5,0.08545454545454545
2024-03-19,600,600,508,508,11,-0.14907872696817426
2024-03-20,580,580,437,549,17,0.08070866141732291
2024-03-21,600,600,471,589,819,0.07285974499089254
2024-03-22,600,670,504,669,33,0.13582342954159587
2024-03-25,699,699,570,697,5,0.041853512705530616
2024-03-26,700,700,593,699,15,0.0028694404591105283
2024-03-27,700,700,596,698,21,-0.0014306151645206988
2024-03-28,700,700,595,699,238,0.0014326647564470996
2024-03-29,700,700,595,699,119,0.0
2024-04-01,699,699,596,696,152,-0.0042918454935622075
2024-04-02,700,800,593,700,26,0.005747126436781658
2024-04-03,800,800,600,699,68,-0.0014285714285714457
2024-04-04,600,697,596,697,32,-0.0028612303290415086
2024-04-05,699,699,699,699,1,0.0028694404591105283
2024-04-08,697,698,595,698,138,-0.0014306151645206988
2024-04-09,700,700,594,698,88,0.0
2024-04-11,700,700,700,700,1,0.002865329512893977
2024-04-12,700,700,698,698,2,-0.0028571428571428914
2024-04-15,699,699,697,697,2,-0.0014326647564469885
2024-04-16,700,700,699,699,145,0.0028694404591105283
2024-04-17,799,799,600,789,42,0.1287553648068669
2024-04-18,800,900,671,800,58,0.013941698352344822
2024-04-19,919,919,680,838,746,0.0475000000000001
2024-04-22,798,798,713,713,12,-0.149164677804296
2024-04-23,790,790,790,790,1,0.1079943899018232
2024-04-24,800,900,672,799,43,0.0113924050632912
2024-04-25,900,900,680,879,44,0.10012515644555697
2024-04-26,1000,1000,748,828,74,-0.058020477815699634
2024-04-29,900,900,800,890,31,0.07487922705314021
2024-04-30,1000,1000,800,900,43,0.011235955056179803
2024-05-02,899,1020,800,948,52,0.05333333333333323
2024-05-03,1000,1000,900,960,22,0.012658227848101333
2024-05-07,1000,1000,900,998,44,0.039583333333333304
2024-05-08,1050,1100,1045,1045,87,0.0470941883767535
2024-05-09,1100,1100,900,1047,39,0.00191387559808609
2024-05-10,1048,1048,899,1046,108,-0.0009551098376313627
2024-05-13,1100,1100,900,900,13,-0.1395793499043977
2024-05-14,1034,1034,1018,1018,2,0.13111111111111118
2024-05-16,1100,1100,866,866,48,-0.14931237721021606
2024-05-17,990,990,740,980,30,0.13163972286374137
2024-05-20,1000,1000,1000,1000,11,0.020408163265306145
2024-05-21,997,997,850,989,19,-0.01100000000000001
2024-05-22,1000,1100,841,1050,116,0.06167846309403435
2024-05-23,1000,1207,900,1069,299,0.018095238095238164
2024-05-24,1095,1095,910,1000,19,-0.06454630495790459
2024-05-27,1100,1100,850,1000,59,0.0
2024-05-28,1100,1100,900,1000,87,0.0
2024-05-29,1089,1089,900,999,33,-0.0010000000000000009
2024-05-30,1080,1080,850,999,46,0.0
2024-05-31,999,999,850,850,14,-0.14914914914914912
2024-06-03,900,900,900,900,1,0.05882352941176472
2024-06-04,1000,1000,765,765,43,-0.15000000000000002
2024-06-05,800,800,651,651,58,-0.14901960784313728
2024-06-07,700,748,700,748,18,0.14900153609831035
2024-06-10,800,800,799,799,2,0.06818181818181812
2024-06-11,850,850,680,680,137,-0.14893617021276595
2024-06-12,782,782,590,782,113,0.1499999999999999
2024-06-13,890,890,670,889,10703,0.13682864450127874
2024-06-14,1000,1000,756,997,43,0.12148481439820014
2024-06-17,1099,1099,900,1000,102,0.0030090270812437314
2024-06-18,1100,1100,850,999,45,-0.0010000000000000009
2024-06-19,999,999,850,998,14,-0.0010010010010009784
2024-06-20,1000,1100,900,1098,32,0.1002004008016033
2024-06-21,1200,1200,934,1100,120,0.0018214936247722413
2024-06-24,1099,1099,935,1098,59,-0.0018181818181818299
2024-06-25,1262,1262,934,1098,97,0.0
2024-06-26,1200,1200,934,1090,271,-0.007285974499089298
2024-06-27,1200,1200,1000,1099,42,0.008256880733944927
2024-06-28,1200,1200,935,1100,565,0.0009099181073703999
2024-07-01,1100,1200,935,1197,104,0.08818181818181814
2024-07-02,1249,1249,1018,1247,103,0.04177109440267346
2024-07-03,1390,1390,1060,1300,137,0.042502004811547645
2024-07-04,1399,1399,1105,1199,66,-0.07769230769230773
2024-07-05,1200,1200,1020,1099,25,-0.08340283569641371
2024-07-08,1190,1190,935,1097,34,-0.0018198362147406888
2024-07-09,1200,1200,933,1099,111,0.001823154056517673
2024-07-10,1099,1099,935,1000,106,-0.09008189262966337
2024-07-11,1099,1099,850,995,76,-0.0050000000000000044
2024-07-12,1000,1000,850,999,23,0.004020100502512669
2024-07-15,1000,1000,850,999,15,0.0
2024-07-16,899,999,899,999,41,0.0
2024-07-17,1098,1098,850,1095,68,0.09609609609609615
2024-07-18,1099,1259,931,1200,73,0.09589041095890405
2024-07-19,1020,1020,1020,1020,1,-0.15000000000000002
2024-07-22,1000,1000,867,990,33,-0.02941176470588236
2024-07-23,1117,1117,842,1089,225,0.10000000000000009
2024-07-24,1200,1200,926,1088,46,-0.0009182736455464191
2024-07-25,1095,1095,925,1089,52,0.0009191176470588758
2024-07-26,1098,1098,930,1095,28,0.005509641873278293
2024-07-29,999,1099,931,1095,48,0.0
2024-07-30,999,1099,931,1095,62,0.0
2024-07-31,999,999,998,998,12,-0.08858447488584476
2024-08-01,999,999,850,996,34,-0.002004008016032066
2024-08-02,899,999,850,998,32,0.002008032128514081
2024-08-05,998,999,850,995,66,-0.0030060120240480437
2024-08-06,995,997,850,997,229,0.0020100502512563345
2024-08-07,997,997,850,997,17,0.0
2024-08-08,899,996,848,994,34,-0.0030090270812437314
2024-08-09,900,1100,845,1000,74,0.006036217303822866
2024-08-12,998,998,850,850,13,-0.15000000000000002
2024-08-13,899,899,899,899,1,0.057647058823529385
2024-08-14,900,999,800,995,32,0.10678531701890992
2024-08-16,999,999,850,996,261,0.0010050251256281673
2024-08-19,900,998,847,923,30,-0.07329317269076308
2024-08-20,898,898,894,894,12,-0.031419284940411685
2024-08-21,995,995,760,828,33,-0.0738255033557047
2024-08-22,898,898,898,898,11,0.0845410628019323
2024-08-23,895,895,764,833,18,-0.07238307349665929
2024-08-26,799,884,799,884,21,0.061224489795918435
2024-08-27,898,898,752,894,34,0.011312217194570096
2024-08-28,797,997,797,850,51,-0.04921700223713643
2024-08-29,976,976,800,974,12,0.14588235294117657
2024-08-30,899,980,830,910,23,-0.0657084188911704
2024-09-02,899,899,899,899,2,-0.012087912087912045
2024-09-03,900,997,765,994,222,0.10567296996662967
2024-09-04,999,999,845,985,24,-0.00905432595573441
2024-09-05,840,985,840,914,12,-0.07208121827411162
2024-09-06,898,898,777,830,14,-0.09190371991247259
2024-09-09,800,899,706,899,23,0.08313253012048194
2024-09-10,897,897,765,895,23,-0.004449388209121219
2024-09-11,900,1000,761,869,52,-0.029050279329608908
2024-09-12,889,889,739,820,16,-0.05638665132336018
2024-09-13,799,880,799,880,12,0.07317073170731714
2024-09-19,899,999,748,900,70,0.022727272727272707
2024-09-20,899,960,765,890,31,-0.011111111111111072
2024-09-23,900,1000,757,990,35,0.1123595505617978
2024-09-24,842,1100,842,915,71,-0.0757575757575758
2024-09-25,899,999,778,995,46,0.08743169398907114
2024-09-26,850,900,850,898,15,-0.09748743718592967
2024-09-27,898,898,764,898,123,0.0
2024-09-30,800,1000,800,1000,21,0.11358574610244987
2024-10-02,1049,1049,850,997,133,-0.0030000000000000027
2024-10-04,848,996,848,929,20,-0.06820461384152454
2024-10-07,899,990,800,960,73,0.03336921420882666
2024-10-08,990,994,816,994,31,0.03541666666666665
2024-10-10,899,1100,845,994,77,0.0
2024-10-11,899,994,845,975,75,-0.019114688128772594
2024-10-14,899,998,829,988,123,0.01333333333333342
2024-10-15,893,893,891,891,2,-0.09817813765182182
2024-10-16,899,899,899,899,1,0.008978675645342271
2024-10-17,899,899,899,899,1,0.0
2024-10-18,899,1033,766,894,143,-0.005561735261401579
2024-10-21,899,899,760,898,42,0.004474272930648837
2024-10-22,899,899,899,899,1,0.00111358574610243
2024-10-23,899,1000,898,898,41,-0.0011123470522803602
2024-10-24,850,999,801,801,82,-0.10801781737193761
2024-10-25,921,921,700,798,29,-0.0037453183520599342
2024-10-28,798,899,679,889,54,0.11403508771929816
2024-10-29,756,1000,756,944,101,0.06186726659167596
2024-10-30,999,999,999,999,1,0.05826271186440679
2024-10-31,850,999,850,989,57,-0.010010010010010006
2024-11-01,899,999,841,910,139,-0.07987866531850352
2024-11-04,900,1000,900,1000,11,0.098901098901099
2024-11-05,999,999,850,898,30,-0.10199999999999998
2024-11-06,897,897,764,895,90,-0.0033407572383074013
2024-11-07,899,1000,761,880,41,-0.016759776536312887
2024-11-08,900,900,748,829,53,-0.05795454545454548
2024-11-11,799,898,710,800,27,-0.0349819059107358
2024-11-12,798,798,680,759,70,-0.05125000000000002
2024-11-13,699,797,699,797,14,0.050065876152832756
2024-11-14,797,797,678,739,16,-0.07277289836888334
2024-11-15,698,798,698,798,28,0.07983761840324766
2024-11-18,798,798,679,779,17,-0.023809523809523836
2024-11-19,700,797,663,797,28,0.02310654685494229
2024-11-20,699,797,678,792,104,-0.006273525721455453
2024-11-21,699,699,674,696,58,-0.12121212121212122
2024-11-22,699,699,696,696,146,0.0
2024-11-25,799,799,799,799,1,0.1479885057471264
2024-11-26,915,915,915,915,1,0.14518147684605753
2024-11-27,778,900,778,826,830,-0.0972677595628415
2024-11-28,797,797,703,791,5,-0.0423728813559322
2024-11-29,796,796,673,791,59,0.0
2024-12-02,799,799,673,796,16,0.006321112515802696
2024-12-03,699,788,677,729,51,-0.08417085427135673
2024-12-04,798,798,700,788,35,0.08093278463648823
2024-12-05,779,799,670,739,1050,-0.06218274111675126
2024-12-06,696,696,696,696,11,-0.05818673883626524
2024-12-09,698,698,698,698,1,0.002873563218390718
2024-12-10,699,699,699,699,1,0.0014326647564470996
2024-12-11,699,799,600,797,15,0.14020028612303292
2024-12-12,795,795,678,794,9,-0.0037641154328732496
2024-12-13,900,900,675,790,37,-0.005037783375314908
2024-12-16,799,799,799,799,1,0.0113924050632912
2024-12-17,797,797,680,795,5,-0.005006257822277815
2024-12-18,900,900,676,721,34,-0.09308176100628929
2024-12-19,697,796,697,796,44,0.10402219140083213
2024-12-20,798,798,677,730,14,-0.08291457286432158
2024-12-23,698,698,621,698,3,-0.043835616438356206
2024-12-24,699,699,594,696,5,-0.002865329512893977
2024-12-26,798,798,600,795,22,0.14224137931034475
2024-12-27,698,698,698,698,0,-0.12201257861635217
2024-12-30,698,698,594,698,3,0.0
2025-01-02,594,698,594,698,2,0.0
2025-01-03,699,699,594,698,4,0.0
2025-01-06,699,699,594,697,5,-0.0014326647564469885
2025-01-07,698,698,593,690,31,-0.010043041606886627
2025-01-08,699,699,587,690,4,0.0
2025-01-09,588,696,587,696,2063,0.008695652173912993
2025-01-10,592,697,592,696,7,0.0
2025-01-13,698,698,698,698,1,0.002873563218390718
2025-01-14,698,698,698,698,1,0.0
2025-01-15,697,697,697,697,0,-0.0014326647564469885
2025-01-16,696,696,696,696,0,-0.0014347202295552641
2025-01-17,696,696,696,696,0,0.0
2025-01-20,699,699,592,698,249,0.002873563218390718
2025-01-21,699,699,650,650,156,-0.06876790830945556
2025-01-22,699,699,553,698,223,0.0738461538461539
2025-01-23,600,699,594,699,160,0.0014326647564470996
2025-01-24,699,699,697,697,145,-0.0028612303290415086
2025-01-31,699,699,600,699,1033,0.0028694404591105283
2025-02-03,699,699,697,697,146,-0.0028612303290415086
2025-02-04,799,799,799,799,11,0.14634146341463405
2025-02-05,897,897,680,896,237,0.12140175219023774
2025-02-06,900,900,762,762,14,-0.1495535714285714
2025-02-07,799,799,648,796,15,0.044619422572178546
2025-02-10,699,699,699,699,1,-0.121859296482412
2025-02-11,697,697,600,697,641,-0.0028612303290415086
2025-02-12,699,699,697,699,148,0.0028694404591105283
2025-02-13,700,799,595,595,266,-0.14878397711015734
2025-02-14,683,683,683,683,1,0.14789915966386546
2025-02-17,699,699,699,699,1,0.02342606149341142
2025-02-18,699,699,699,699,1,0.0
2025-02-19,697,697,697,697,2,-0.0028612303290415086
2025-02-20,799,799,593,649,883,-0.06886657101865135
2025-02-21,699,699,552,697,1023,0.07395993836671799
2025-02-24,699,699,699,699,1,0.0028694404591105283
2025-02-25,698,698,595,698,415,-0.0014306151645206988
2025-02-26,697,697,697,697,1,-0.0014326647564469885
2025-02-27,698,698,698,698,1,0.0014347202295552641
2025-02-28,699,699,594,698,3,0.0
2025-03-04,699,699,699,699,1,0.0014326647564470996
2025-03-05,699,699,699,699,1,0.0
2025-03-06,699,699,699,699,1,0.0
2025-03-07,699,699,595,699,342,0.0
2025-03-10,699,699,699,699,1,0.0
2025-03-11,699,699,699,699,1,0.0
2025-03-12,699,699,699,699,0,0.0
2025-03-13,698,698,595,698,30,-0.0014306151645206988
2025-03-14,698,698,698,698,1,0.0
2025-03-17,699,699,699,699,1,0.0014326647564470996
2025-03-18,699,699,699,699,0,0.0
2025-03-19,699,699,699,699,0,0.0
2025-03-20,699,699,699,699,1,0.0
2025-03-21,699,699,595,699,3,0.0
2025-03-24,699,699,699,699,1,0.0
2025-03-25,699,699,699,699,0,0.0
2025-03-26,699,699,699,699,0,0.0
2025-03-27,700,700,698,698,2,-0.0014306151645206988
2025-03-28,699,699,699,699,1,0.0014326647564470996
2025-03-31,600,699,595,699,17,0.0
2025-04-01,699,699,699,699,1,0.0
2025-04-02,699,699,698,698,2,-0.0014306151645206988
2025-04-03,699,699,699,699,1,0.0014326647564470996
2025-04-04,699,699,699,699,1,0.0
2025-04-07,699,699,699,699,1,0.0
2025-04-08,699,699,699,699,1,0.0
2025-04-09,799,799,595,798,24,0.14163090128755362
2025-04-10,699,699,699,699,1,-0.12406015037593987
2025-04-11,699,699,699,699,1,0.0
2025-04-14,699,699,697,697,2,-0.0028612303290415086
2025-04-15,699,699,699,699,1,0.0028694404591105283
2025-04-16,699,699,698,698,146,-0.0014306151645206988
2025-04-17,699,699,698,698,145,0.0
2025-04-18,699,799,594,780,147,0.11747851002865328
2025-04-21,699,699,663,696,149,-0.10769230769230764
2025-04-22,699,699,670,670,152,-0.03735632183908044
2025-04-23,670,670,670,670,0,0.0
2025-04-24,698,698,570,695,19,0.03731343283582089
2025-04-25,670,670,670,670,1,-0.03597122302158273
2025-04-28,670,670,670,670,1,0.0
2025-04-29,699,699,699,699,1,0.0432835820895523
2025-04-30,698,698,595,698,4,-0.0014306151645206988
2025-05-02,698,698,594,698,5,0.0
2025-05-07,699,699,697,697,145,-0.0014326647564469885
2025-05-08,699,699,697,697,145,0.0
2025-05-09,699,699,699,699,1,0.0028694404591105283
2025-05-12,699,699,699,699,1,0.0
2025-05-13,698,698,698,698,1,-0.0014306151645206988
2025-05-14,699,699,699,699,1,0.0014326647564470996
2025-05-15,698,698,600,698,4,-0.0014306151645206988
2025-05-16,700,800,594,699,24,0.0014326647564470996
2025-05-19,699,699,699,699,0,0.0
2025-05-20,698,698,698,698,1,-0.0014306151645206988
2025-05-21,697,697,697,697,2,-0.0014326647564469885
2025-05-22,697,697,697,697,0,0.0
2025-05-23,679,679,679,679,40,-0.02582496413199431
2025-05-26,699,699,699,699,1,0.02945508100147265
2025-05-27,698,698,698,698,2,-0.0014306151645206988
2025-05-28,700,700,594,700,3,0.002865329512893977
2025-05-29,699,699,699,699,2,-0.0014285714285714457
2025-05-30,698,698,697,697,52,-0.0028612303290415086
2025-06-02,692,692,692,692,1,-0.00717360114777621
2025-06-04,692,692,692,692,0,0.0
2025-06-05,692,692,692,692,0,0.0
2025-06-09,699,699,670,670,2,-0.03179190751445082
2025-06-10,696,696,571,696,3,0.0388059701492538
2025-06-11,694,694,694,694,146,-0.002873563218390829
2025-06-12,692,699,599,697,1038,0.004322766570605152
2025-06-13,700,700,698,698,145,0.0014347202295552641
2025-06-16,699,699,696,696,146,-0.002865329512893977
2025-06-17,694,694,598,669,554,-0.03879310344827591
2025-06-18,698,698,698,698,1,0.0433482810164425
2025-06-19,698,698,698,698,1,0.0
2025-06-20,700,700,700,700,1,0.002865329512893977
2025-06-23,697,697,697,697,144,-0.004285714285714337
2025-06-24,697,697,693,693,2,-0.0057388809182209455
2025-06-25,699,699,699,699,1,0.008658008658008587
2025-06-26,699,699,699,699,0,0.0
2025-06-27,698,698,698,698,0,-0.0014306151645206988
2025-06-30,699,699,699,699,1,0.0014326647564470996
2025-07-01,697,697,697,697,1,-0.0028612303290415086
2025-07-02,699,699,699,699,1,0.0028694404591105283
2025-07-03,697,697,697,697,0,-0.0028612303290415086
2025-07-04,698,698,593,698,5,0.0014347202295552641
2025-07-07,700,700,697,697,2,-0.0014326647564469885
2025-07-08,698,698,599,698,4,0.0014347202295552641
2025-07-09,698,699,594,698,63,0.0
2025-07-10,801,801,594,748,55,0.07163323782234965
2025-07-11,698,699,636,698,153,-0.0668449197860963
2025-07-14,700,800,594,700,633,0.002865329512893977
2025-07-15,800,800,640,796,29,0.13714285714285723
2025-07-16,800,800,677,797,76,0.0012562814070351536
2025-07-17,798,798,678,678,24,-0.14930991217063994
2025-07-18,699,699,577,669,26,-0.013274336283185861
2025-07-21,699,699,699,699,1,0.04484304932735417
2025-07-22,698,698,595,698,5,-0.0014306151645206988
2025-07-23,698,698,693,693,12,-0.007163323782234943
2025-07-24,793,793,600,790,23,0.13997113997114008
2025-07-25,797,797,672,794,24,0.005063291139240533
2025-07-28,698,698,675,688,5,-0.1335012594458438
2025-07-29,696,696,585,695,37,0.01017441860465107
2025-07-30,599,699,591,698,38,0.004316546762589857
2025-07-31,698,698,594,698,5,0.0
2025-08-01,696,696,594,696,156,-0.002865329512893977
2025-08-04,694,698,592,698,358,0.002873563218390718
2025-08-05,696,696,594,695,168,-0.004297994269340966
2025-08-06,694,694,591,669,125,-0.037410071942446055
2025-08-07,699,699,569,696,716,0.04035874439461873
2025-08-08,689,689,592,689,74,-0.010057471264367845
2025-08-11,699,699,586,618,186,-0.10304789550072568
2025-08-12,598,698,526,610,223,-0.012944983818770184
2025-08-13,600,689,519,682,251,0.11803278688524599
2025-08-14,580,680,580,680,69,-0.0029325513196480912
2025-08-18,690,690,578,670,23,-0.014705882352941124
2025-08-19,690,690,570,620,15,-0.07462686567164178
2025-08-20,600,699,600,640,24,0.032258064516129004
2025-08-21,689,689,544,649,70,0.014062500000000089
2025-08-22,694,694,552,610,31,-0.06009244992295837
2025-08-25,599,699,519,599,56,-0.0180327868852459
2025-08-26,510,678,510,678,169,0.1318864774624373
2025-08-27,699,699,577,699,424,0.030973451327433565
2025-08-28,600,695,600,695,2,-0.005722460658083017
2025-08-29,697,697,650,650,2,-0.06474820143884896
2025-09-01,698,698,630,630,2,-0.03076923076923077
2025-09-02,630,630,630,630,0,0.0
2025-09-03,624,624,536,624,36,-0.00952380952380949
2025-09-04,697,697,533,695,4,0.11378205128205132
2025-09-05,591,664,591,664,15,-0.04460431654676256
2025-09-08,600,696,565,696,253,0.04819277108433728
2025-09-09,698,698,592,639,5,-0.0818965517241379
2025-09-10,638,638,544,638,262,-0.0015649452269170805
2025-09-11,699,699,615,698,91,0.09404388714733547
2025-09-12,696,696,695,695,2,-0.004297994269340966
2025-09-15,692,692,591,689,35,-0.008633093525179825
2025-09-16,600,696,600,696,11,0.010159651669085612
2025-09-17,699,699,650,650,2,-0.06609195402298851
2025-09-18,695,695,553,600,13,-0.07692307692307687
2025-09-19,600,684,510,677,15,0.1283333333333334
2025-09-22,698,698,576,624,19,-0.07828655834564258
2025-09-23,697,697,531,638,15,0.022435897435897356
2025-09-24,698,698,543,690,230,0.08150470219435735
2025-09-25,699,699,587,639,80,-0.07391304347826089
2025-09-26,600,698,544,688,179,0.07668231611893583
2025-09-29,699,699,585,612,211,-0.11046511627906974
2025-09-30,600,689,521,689,210,0.12581699346405228
2025-10-01,683,683,586,586,79,-0.14949201741654572
2025-10-02,670,670,500,599,274,0.022184300341296925
2025-10-10,597,597,510,596,52,-0.005008347245408995
2025-10-13,599,682,599,682,53,0.14429530201342278
2025-10-14,697,697,580,697,141,0.021994134897360684
2025-10-15,697,697,650,650,5,-0.06743185078909608
2025-10-16,699,699,699,699,8,0.07538461538461538
2025-10-17,599,693,595,692,17,-0.010014306151645225
2025-10-20,589,698,589,630,14,-0.08959537572254339
2025-10-21,599,599,599,599,1,-0.049206349206349254
2025-10-22,599,684,510,682,36,0.1385642737896493
2025-10-23,600,697,580,694,14,0.017595307917888547
2025-10-24,698,698,590,696,14,0.0028818443804035088
2025-10-27,698,699,599,698,8,0.002873563218390718
2025-10-28,695,695,694,694,2,-0.005730659025787954
2025-10-29,699,699,590,630,3,-0.09221902017291062
2025-10-30,694,694,536,693,124,0.10000000000000009
2025-10-31,700,700,590,685,13,-0.011544011544011523
2025-11-03,693,693,583,665,8,-0.029197080291970767
2025-11-04,694,694,566,694,67,0.043609022556390986
2025-11-05,699,699,699,699,1,0.007204610951008661
2025-11-06,690,690,595,648,36,-0.07296137339055797
2025-11-07,600,690,551,688,29,0.06172839506172845
2025-11-10,687,791,585,697,116,0.013081395348837122
2025-11-11,700,797,600,790,134,0.13342898134863712
2025-11-12,672,900,672,890,663,0.12658227848101267
2025-11-13,1000,1000,757,990,65,0.1123595505617978
2025-11-14,842,999,842,842,591,-0.14949494949494946
2025-11-17,890,899,716,716,554,-0.14964370546318295
2025-11-18,750,790,609,790,514,0.1033519553072626
2025-11-19,898,898,672,672,62,-0.14936708860759496
2025-11-20,573,698,572,572,2214,-0.14880952380952384
2025-11-21,599,599,487,549,329,-0.04020979020979021
2025-11-24,598,598,467,500,523,-0.08925318761384338
2025-11-25,430,497,425,425,4965,-0.15000000000000002
2025-11-26,485,485,362,474,2464,0.11529411764705877
2025-11-27,500,500,489,489,204,0.03164556962025311
2025-11-28,499,499,497,497,203,0.01635991820040905
2025-12-01,496,496,496,496,1,-0.002012072434607659
2025-12-02,500,500,422,450,332,-0.092741935483871
2025-12-03,499,499,383,450,285,0.0
2025-12-04,498,498,383,383,746,-0.14888888888888885
2025-12-05,399,400,326,330,10499,-0.13838120104438645
2025-12-08,378,378,281,333,6674,0.009090909090909038
2025-12-09,358,358,284,300,8292,-0.09909909909909909
2025-12-10,280,280,255,255,1860,-0.15000000000000002
2025-12-11,250,250,217,247,6490,-0.03137254901960784
2025-12-12,284,284,280,280,75,0.1336032388663968
2025-12-15,300,321,238,280,513,0.0
2025-12-16,290,290,290,290,1,0.03571428571428581
2025-12-17,288,288,247,268,3,-0.07586206896551728
2025-12-18,228,265,228,265,759,-0.011194029850746245
2025-12-19,264,264,264,264,1,-0.0037735849056603765
2025-12-22,279,279,250,250,2,-0.05303030303030298
2025-12-23,0,0,0,250,0,0.0
2025-12-24,0,0,0,250,0,0.0
2025-12-26,0,0,0,250,0,0.0
2025-12-29,0,0,0,250,0,0.0
2025-12-30,0,0,0,250,0,0.0
2026-01-02,0,0,0,250,0,0.0
2026-01-05,0,0,0,250,0,0.0
2026-01-06,0,0,0,250,0,0.0
2026-01-07,0,0,0,250,0,0.0
2026-01-08,0,0,0,250,0,0.0
2026-01-09,0,0,0,250,0,0.0
2026-01-12,0,0,0,250,0,0.0
2026-01-13,0,0,0,250,0,0.0
2026-01-14,0,0,0,250,0,0.0
2026-01-15,0,0,0,250,0,0.0
2026-01-16,0,0,0,250,0,0.0
