Date,Open,High,Low,Close,Volume,Change
2022-01-03,2220,2345,2205,2335,666216,0.06378132118451019
2022-01-04,2330,2370,2305,2365,454326,0.012847965738758127
2022-01-05,2380,2380,2315,2375,314148,0.0042283298097252064
2022-01-06,2345,2380,2280,2300,305698,-0.03157894736842104
2022-01-07,2290,2345,2260,2285,294764,-0.006521739130434745
2022-01-10,2290,2300,2225,2235,297131,-0.021881838074398252
2022-01-11,2230,2240,2160,2190,379562,-0.020134228187919434
2022-01-12,2190,2300,2190,2275,304756,0.038812785388127935
2022-01-13,2310,2325,2275,2290,317347,0.00659340659340657
2022-01-14,2290,2325,2210,2215,252419,-0.03275109170305679
2022-01-17,2215,2225,2135,2135,341456,-0.036117381489842004
2022-01-18,2125,2160,2090,2110,266338,-0.011709601873536313
2022-01-19,2090,2120,2060,2085,364402,-0.011848341232227444
2022-01-20,2060,2100,2040,2075,258492,-0.004796163069544335
2022-01-21,2060,2075,2010,2035,333746,-0.01927710843373498
2022-01-24,2005,2035,1940,1955,452183,-0.039312039312039304
2022-01-25,1950,1980,1835,1870,604362,-0.04347826086956519
2022-01-26,1840,1945,1840,1890,403043,0.010695187165775444
2022-01-27,1890,1910,1805,1825,355036,-0.03439153439153442
2022-01-28,1820,1910,1810,1900,336581,0.041095890410958846
2022-02-03,1970,2000,1930,1980,228338,0.042105263157894646
2022-02-04,1980,1990,1930,1980,179326,0.0
2022-02-07,2030,2030,1960,1985,101929,0.002525252525252597
2022-02-08,1965,1995,1945,1960,126060,-0.012594458438287104
2022-02-09,1990,2020,1975,2005,135171,0.022959183673469497
2022-02-10,2025,2025,1990,2015,181856,0.004987531172069737
2022-02-11,2010,2010,1945,1960,205514,-0.027295285359801524
2022-02-14,1925,1945,1865,1885,246472,-0.03826530612244894
2022-02-15,1890,1905,1840,1865,219878,-0.010610079575596787
2022-02-16,1885,1960,1880,1945,220698,0.04289544235924936
2022-02-17,1955,2065,1935,1980,595742,0.01799485861182526
2022-02-18,1960,1995,1920,1975,108375,-0.002525252525252486
2022-02-21,1975,2010,1955,1980,118154,0.0025316455696202667
2022-02-22,1940,1980,1900,1930,196668,-0.025252525252525304
2022-02-23,1930,1950,1895,1925,201785,-0.002590673575129543
2022-02-24,1905,1920,1860,1880,273352,-0.023376623376623384
2022-02-25,1900,1950,1900,1940,179395,0.03191489361702127
2022-02-28,1940,1955,1910,1945,92772,0.002577319587628857
2022-03-02,1925,1970,1920,1965,182573,0.010282776349614497
2022-03-03,1980,2005,1970,2000,133730,0.01781170483460559
2022-03-04,1985,2000,1965,1980,126196,-0.010000000000000009
2022-03-07,1975,1975,1915,1935,133397,-0.022727272727272707
2022-03-08,1870,1935,1870,1915,182062,-0.01033591731266148
2022-03-10,1930,1955,1930,1945,93883,0.015665796344647598
2022-03-11,1940,2000,1940,1950,190539,0.0025706940874035134
2022-03-14,1950,1975,1900,1915,220979,-0.017948717948717996
2022-03-15,1915,1940,1900,1920,108092,0.0026109660574411553
2022-03-16,1935,2045,1930,2025,518937,0.0546875
2022-03-17,2035,2045,2010,2040,233111,0.007407407407407307
2022-03-18,2050,2080,2015,2045,243405,0.002450980392156854
2022-03-21,2045,2060,2025,2025,171699,-0.009779951100244544
2022-03-22,2025,2050,2015,2020,176758,-0.0024691358024691024
2022-03-23,2030,2060,2000,2020,237911,0.0
2022-03-24,2030,2035,1945,2035,433301,0.007425742574257432
2022-03-25,2050,2050,2020,2030,136424,-0.002457002457002422
2022-03-28,2060,2160,2035,2080,933812,0.024630541871921263
2022-03-29,2080,2115,2065,2080,301014,0.0
2022-03-30,2100,2100,2035,2035,227025,-0.02163461538461542
2022-03-31,2035,2090,2025,2085,268435,0.024570024570024662
2022-04-01,2075,2080,2040,2070,141270,-0.007194244604316502
2022-04-04,2060,2105,2045,2095,171490,0.012077294685990392
2022-04-05,2100,2150,2090,2090,269750,-0.0023866348448687846
2022-04-06,2090,2110,2040,2060,176014,-0.014354066985645897
2022-04-07,2050,2050,1985,1985,285836,-0.036407766990291246
2022-04-08,2000,2015,1970,1990,170144,0.0025188916876575096
2022-04-11,1980,2015,1950,1965,116449,-0.012562814070351758
2022-04-12,1970,1975,1905,1930,223277,-0.01781170483460559
2022-04-13,1930,1985,1915,1980,117324,0.02590673575129543
2022-04-14,1980,2010,1975,1980,115895,0.0
2022-04-15,1980,1995,1955,1980,93741,0.0
2022-04-18,1970,1980,1950,1965,90962,-0.007575757575757569
2022-04-19,1950,2495,1950,2310,26125619,0.17557251908396942
2022-04-20,2320,2360,2290,2330,3863063,0.008658008658008587
2022-04-21,2320,2325,2240,2295,1924131,-0.015021459227467782
2022-04-22,2275,2640,2200,2335,17395133,0.017429193899782147
2022-04-25,2300,2510,2255,2365,5082192,0.012847965738758127
2022-04-26,2380,2400,2280,2345,1404002,-0.008456659619450302
2022-04-27,2285,2350,2260,2300,1394025,-0.019189765458422214
2022-04-28,2300,2635,2285,2455,20867670,0.06739130434782603
2022-04-29,2430,2480,2380,2415,2704667,-0.016293279022403295
2022-05-02,2375,2435,2330,2415,1455926,0.0
2022-05-03,2435,2470,2360,2375,1419911,-0.0165631469979296
2022-05-04,2375,2420,2260,2260,1486469,-0.04842105263157892
2022-05-06,2225,2275,2215,2270,503072,0.004424778761061843
2022-05-09,2250,2360,2235,2285,894548,0.0066079295154184425
2022-05-10,2260,2285,2135,2215,622413,-0.03063457330415753
2022-05-11,2230,2280,2185,2200,405552,-0.006772009029345383
2022-05-12,2175,2215,2080,2110,691483,-0.040909090909090895
2022-05-13,2140,2165,2105,2155,389814,0.021327014218009532
2022-05-16,2165,2725,2165,2660,38931856,0.23433874709976799
2022-05-17,2610,2680,2535,2670,9713215,0.003759398496240518
2022-05-18,2625,2755,2540,2645,10307436,-0.009363295880149836
2022-05-19,2565,2695,2445,2500,4620539,-0.05482041587901698
2022-05-20,2510,2615,2460,2490,3886660,-0.0040000000000000036
2022-05-23,2515,2575,2450,2480,1791870,-0.004016064257028162
2022-05-24,2485,2520,2390,2400,1291146,-0.032258064516129004
2022-05-25,2430,2460,2395,2415,829775,0.006250000000000089
2022-05-26,2425,2480,2335,2345,1088526,-0.02898550724637683
2022-05-27,2365,2665,2360,2425,13346326,0.034115138592750505
2022-05-30,2440,2520,2415,2465,2117351,0.016494845360824684
2022-05-31,2530,2535,2435,2465,1013742,0.0
2022-06-02,2470,2580,2410,2420,2700297,-0.018255578093306246
2022-06-03,2460,2550,2440,2525,2221338,0.04338842975206614
2022-06-07,2550,2630,2480,2480,2535701,-0.017821782178217838
2022-06-08,2520,2535,2410,2530,759982,0.02016129032258074
2022-06-09,2550,3060,2505,2845,60297869,0.12450592885375489
2022-06-10,2810,2920,2780,2855,10476807,0.0035149384885764245
2022-06-13,2805,3135,2715,2930,31051651,0.02626970227670755
2022-06-14,2850,3120,2830,2910,14882264,-0.0068259385665528916
2022-06-15,2855,3010,2685,2735,7779706,-0.06013745704467355
2022-06-16,2780,2965,2740,2940,8921456,0.07495429616087756
2022-06-17,2990,3050,2900,3035,9749384,0.03231292517006801
2022-06-20,3000,3005,2825,2825,3793702,-0.06919275123558488
2022-06-21,2790,2855,2650,2650,3465367,-0.06194690265486724
2022-06-22,2650,2690,2405,2645,6267587,-0.0018867924528301883
2022-06-23,2990,3080,2465,2465,22580144,-0.06805293005671076
2022-06-24,2570,2625,2450,2520,4330680,0.022312373225152227
2022-06-27,2540,3230,2540,3130,41656476,0.2420634920634921
2022-06-28,3065,3120,3015,3065,8321226,-0.02076677316293929
2022-06-29,2985,3005,2840,2925,6406331,-0.04567699836867867
2022-06-30,2950,2970,2785,2890,7070922,-0.011965811965811923
2022-07-01,2860,2910,2645,2660,4491302,-0.07958477508650519
2022-07-04,2710,2725,2510,2595,3078742,-0.024436090225563922
2022-07-05,2565,2795,2560,2715,5531629,0.046242774566473965
2022-07-06,2715,2760,2545,2550,2633104,-0.06077348066298338
2022-07-07,2600,2740,2580,2670,3645263,0.04705882352941182
2022-07-08,2700,2820,2700,2740,3525655,0.02621722846441954
2022-07-11,2750,2765,2600,2630,1954940,-0.04014598540145986
2022-07-12,2610,2665,2565,2570,1518622,-0.02281368821292773
2022-07-13,2600,2725,2585,2610,2510165,0.015564202334630295
2022-07-14,2645,2675,2595,2595,2105006,-0.005747126436781658
2022-07-15,2565,2590,2425,2440,2591087,-0.05973025048169556
2022-07-18,2465,2510,2400,2430,1398917,-0.004098360655737654
2022-07-19,2395,2525,2385,2500,1661338,0.028806584362139898
2022-07-20,2555,2600,2475,2480,1199533,-0.008000000000000007
2022-07-21,2515,2540,2445,2445,1005402,-0.014112903225806495
2022-07-22,2450,2460,2385,2385,935033,-0.024539877300613466
2022-07-25,2405,2435,2355,2360,627812,-0.010482180293501009
2022-07-26,2370,2395,2340,2380,513575,0.008474576271186418
2022-07-27,2380,2605,2370,2480,6111348,0.04201680672268915
2022-07-28,2520,2550,2445,2460,1215825,-0.008064516129032251
2022-07-29,2480,2525,2445,2480,829215,0.008130081300812941
2022-08-01,2490,2560,2475,2530,933820,0.02016129032258074
2022-08-02,2560,2560,2435,2455,865471,-0.029644268774703608
2022-08-03,2460,2540,2445,2500,658782,0.018329938900203624
2022-08-04,2520,2565,2490,2495,744136,-0.0020000000000000018
2022-08-05,2500,2610,2500,2605,1876465,0.044088176352705455
2022-08-08,2620,2655,2555,2605,1076691,0.0
2022-08-09,2610,2625,2555,2610,820176,0.0019193857965451588
2022-08-10,2610,2610,2555,2580,978336,-0.011494252873563204
2022-08-11,2600,2645,2580,2610,831061,0.011627906976744207
2022-08-12,2600,2615,2565,2570,616437,-0.01532567049808431
2022-08-16,2585,2610,2395,2410,2299323,-0.0622568093385214
2022-08-17,2445,2445,2360,2385,1016140,-0.010373443983402453
2022-08-18,2350,2360,2290,2305,999044,-0.033542976939203384
2022-08-19,2300,2335,2290,2300,528096,-0.002169197396963085
2022-08-22,2290,2385,2240,2285,916765,-0.006521739130434745
2022-08-23,2280,2335,2180,2200,947528,-0.03719912472647702
2022-08-24,2200,2230,2200,2205,392711,0.002272727272727204
2022-08-25,2215,2260,2215,2230,311935,0.01133786848072571
2022-08-26,2245,2440,2240,2295,5300170,0.029147982062780242
2022-08-29,2220,2270,2210,2215,770164,-0.034858387799564294
2022-08-30,2215,2255,2215,2250,387801,0.015801354401805856
2022-08-31,2220,2315,2220,2300,529613,0.022222222222222143
2022-09-01,2275,2335,2270,2310,485915,0.004347826086956497
2022-09-02,2310,2335,2225,2255,441042,-0.023809523809523836
2022-09-05,2220,2260,2175,2190,482535,-0.02882483370288247
2022-09-06,2190,2270,2190,2240,359668,0.022831050228310446
2022-09-07,2230,2250,2110,2140,802466,-0.044642857142857095
2022-09-08,2150,2195,2130,2155,439356,0.007009345794392496
2022-09-13,2160,2220,2160,2215,323283,0.0278422273781902
2022-09-14,2135,2170,2120,2150,356318,-0.02934537246049662
2022-09-15,2160,2180,2105,2105,386433,-0.020930232558139528
2022-09-16,2085,2105,2020,2035,616345,-0.0332541567695962
2022-09-19,2040,2060,1980,1995,552413,-0.019656019656019708
2022-09-20,2000,2035,1995,2000,373148,0.0025062656641603454
2022-09-21,1965,2025,1965,2010,338749,0.004999999999999893
2022-09-22,1980,2175,1950,2055,2372829,0.02238805970149249
2022-09-23,2035,2130,1940,1940,1217028,-0.05596107055961075
2022-09-26,1910,1915,1740,1740,1717814,-0.1030927835051546
2022-09-27,1720,1920,1720,1880,2232925,0.08045977011494254
2022-09-28,1870,1920,1785,1795,916941,-0.04521276595744683
2022-09-29,1850,1925,1815,1815,659724,0.011142061281337101
2022-09-30,1815,1895,1810,1850,578449,0.019283746556473913
2022-10-04,1880,1900,1850,1890,498775,0.021621621621621623
2022-10-05,1925,1930,1850,1855,465673,-0.01851851851851849
2022-10-06,1890,1945,1875,1935,537162,0.043126684636118684
2022-10-07,1925,2105,1900,1960,3347645,0.012919896640826822
2022-10-11,1920,1930,1840,1840,490862,-0.061224489795918324
2022-10-12,1820,1860,1800,1810,491072,-0.016304347826086918
2022-10-13,1805,1815,1700,1705,954157,-0.058011049723756924
2022-10-14,1740,1835,1735,1800,386717,0.055718475073313734
2022-10-17,1740,1875,1735,1855,478887,0.030555555555555447
2022-10-18,1890,1905,1840,1875,468867,0.010781671159029615
2022-10-19,1885,1905,1860,1865,259798,-0.005333333333333301
2022-10-20,1865,1880,1805,1820,267024,-0.024128686327077764
2022-10-21,1810,1840,1780,1780,231651,-0.02197802197802201
2022-10-24,1810,1850,1790,1810,236515,0.016853932584269593
2022-10-25,1810,1865,1810,1840,285482,0.016574585635359185
2022-10-26,1840,1940,1830,1880,640102,0.021739130434782705
2022-10-27,1890,1965,1890,1945,524566,0.034574468085106336
2022-10-28,1915,1960,1905,1915,222856,-0.015424164524421635
2022-10-31,1970,1970,1910,1915,225332,0.0
2022-11-01,1905,1930,1890,1920,230277,0.0026109660574411553
2022-11-02,1910,1940,1895,1910,249443,-0.00520833333333337
2022-11-03,1880,1925,1870,1910,155335,0.0
2022-11-04,1900,1915,1860,1885,193979,-0.01308900523560208
2022-11-07,1890,1920,1885,1895,154160,0.0053050397877985045
2022-11-08,1905,1960,1905,1940,297713,0.0237467018469657
2022-11-09,1930,1960,1930,1955,243032,0.0077319587628865705
2022-11-10,1950,1955,1915,1925,167655,-0.01534526854219953
2022-11-11,1970,1990,1940,1970,407637,0.023376623376623273
2022-11-14,1970,2045,1955,2005,775926,0.017766497461928932
2022-11-15,2005,2040,1990,2035,341603,0.014962593516209433
2022-11-16,2040,2065,2000,2025,321135,-0.004914004914004955
2022-11-17,2020,2020,1975,1980,308902,-0.022222222222222254
2022-11-18,1980,2000,1940,1940,255665,-0.02020202020202022
2022-11-21,1950,1950,1880,1890,333305,-0.02577319587628868
2022-11-22,1865,1915,1845,1860,312086,-0.015873015873015928
2022-11-23,1865,1905,1865,1885,200855,0.013440860215053752
2022-11-24,1900,1930,1895,1925,122559,0.021220159151193574
2022-11-25,1930,1935,1905,1930,107874,0.0025974025974024872
2022-11-28,1910,1910,1875,1880,224314,-0.025906735751295318
2022-11-29,1865,1915,1855,1915,93197,0.018617021276595702
2022-11-30,1915,1940,1895,1915,112744,0.0
2022-12-01,1955,1955,1920,1950,244706,0.018276762402088753
2022-12-02,1950,1985,1925,1985,229824,0.017948717948717885
2022-12-05,1990,2005,1975,1980,182473,-0.0025188916876573986
2022-12-06,1970,1970,1925,1955,189749,-0.012626262626262652
2022-12-07,1940,1955,1910,1950,162886,-0.002557544757033292
2022-12-08,1940,1950,1875,1885,255220,-0.033333333333333326
2022-12-09,1905,1905,1875,1875,236328,-0.0053050397877983935
2022-12-12,1865,1915,1860,1865,339654,-0.005333333333333301
2022-12-13,1885,2115,1885,1985,6848638,0.06434316353887404
2022-12-14,1980,2040,1970,2000,1053222,0.007556675062972307
2022-12-15,2025,2050,1995,2000,980780,0.0
2022-12-16,1985,2045,1975,2020,565969,0.010000000000000009
2022-12-19,2025,2025,1980,1990,422391,-0.014851485148514865
2022-12-20,2010,2010,1910,1910,490924,-0.04020100502512558
2022-12-21,1940,1945,1900,1920,333998,0.005235602094240788
2022-12-22,1940,1950,1905,1910,220232,-0.00520833333333337
2022-12-23,1900,1900,1825,1835,444537,-0.03926701570680624
2022-12-26,1855,1855,1810,1810,309227,-0.013623978201634857
2022-12-27,1805,1855,1805,1840,198132,0.016574585635359185
2022-12-28,1825,1860,1820,1845,153952,0.0027173913043478937
2022-12-29,1830,1845,1795,1830,294514,-0.008130081300813052
2023-01-02,1830,1850,1755,1770,331825,-0.032786885245901676
2023-01-03,1755,1810,1735,1775,253349,0.0028248587570620654
2023-01-04,1770,1835,1770,1820,152741,0.025352112676056304
2023-01-05,1820,1850,1805,1810,128717,-0.005494505494505475
2023-01-06,1790,1940,1780,1865,960141,0.03038674033149169
2023-01-09,1865,1890,1855,1885,246169,0.01072386058981234
2023-01-10,1885,1895,1845,1875,312575,-0.0053050397877983935
2023-01-11,1880,1905,1875,1900,248336,0.01333333333333342
2023-01-12,1900,1910,1880,1895,171009,-0.0026315789473684292
2023-01-13,1900,1910,1875,1880,113826,-0.0079155672823219
2023-01-16,1895,1925,1805,1900,397150,0.010638297872340496
2023-01-17,1890,1920,1880,1890,182254,-0.0052631578947368585
2023-01-18,1895,1895,1875,1890,152536,0.0
2023-01-19,1865,1915,1865,1905,170733,0.007936507936507908
2023-01-20,1905,1920,1890,1910,147605,0.002624671916010568
2023-01-25,1911,1943,1910,1935,285908,0.01308900523560208
2023-01-26,1935,1950,1932,1945,279861,0.0051679586563306845
2023-01-27,1940,1971,1940,1968,289861,0.011825192802056517
2023-01-30,1975,1977,1948,1965,234957,-0.0015243902439023849
2023-01-31,1943,1982,1943,1969,181958,0.0020356234096692294
2023-02-01,1970,1983,1967,1968,117277,-0.000507872016251909
2023-02-02,1968,2005,1968,1997,292864,0.014735772357723498
2023-02-03,1994,2075,1977,2010,783129,0.006509764646970506
2023-02-06,1995,2005,1970,1985,272678,-0.01243781094527363
2023-02-07,1980,2010,1980,1990,422664,0.0025188916876575096
2023-02-08,1986,2005,1986,2000,280125,0.005025125628140614
2023-02-09,1999,2005,1983,1997,232544,-0.0014999999999999458
2023-02-10,1999,1999,1938,1970,481835,-0.013520280420630915
2023-02-13,1968,1971,1930,1965,215304,-0.0025380710659898
2023-02-14,1980,1980,1955,1970,136111,0.0025445292620864812
2023-02-15,1978,1983,1943,1959,201466,-0.005583756345177715
2023-02-16,1959,1970,1952,1962,112508,0.0015313935681469104
2023-02-17,1961,1961,1910,1922,248600,-0.020387359836901098
2023-02-20,1922,1937,1885,1937,189012,0.007804370447450637
2023-02-21,1935,1940,1915,1930,133046,-0.0036138358286009753
2023-02-22,1927,1927,1870,1873,258712,-0.029533678756476722
2023-02-23,1873,1888,1863,1883,149130,0.005339028296849957
2023-02-24,1890,1895,1856,1887,254645,0.0021242697822623224
2023-02-27,1883,1886,1838,1850,218014,-0.019607843137254943
2023-02-28,1850,1860,1840,1845,114516,-0.002702702702702675
2023-03-02,1834,1850,1818,1838,197046,-0.003794037940379358
2023-03-03,1838,1854,1810,1841,184288,0.0016322089227420733
2023-03-06,1842,1895,1836,1895,351463,0.02933188484519289
2023-03-07,1871,1917,1871,1917,296906,0.011609498680738684
2023-03-08,1916,1916,1871,1885,184911,-0.016692749087115266
2023-03-09,1897,1897,1820,1870,174452,-0.007957559681697646
2023-03-10,1832,1860,1809,1818,266093,-0.027807486631016065
2023-03-13,1815,1940,1761,1872,352436,0.02970297029702973
2023-03-14,1835,1874,1786,1819,298639,-0.028311965811965822
2023-03-15,1849,1851,1727,1851,188239,0.017592083562396832
2023-03-16,1835,1841,1794,1841,192078,-0.0054024851431658805
2023-03-17,1851,1962,1835,1919,343070,0.04236827810972299
2023-03-20,1901,1933,1805,1900,190525,-0.00990099009900991
2023-03-21,1900,1919,1867,1901,134276,0.000526315789473708
2023-03-22,1901,1938,1888,1934,327942,0.017359284587059376
2023-03-23,1921,1954,1900,1933,226980,-0.0005170630816959676
2023-03-24,1930,1945,1910,1945,142929,0.006207966890843242
2023-03-27,1927,1944,1886,1896,180148,-0.025192802056555275
2023-03-28,1897,1940,1892,1938,184159,0.02215189873417711
2023-03-29,1938,1949,1920,1948,234852,0.005159958720330149
2023-03-30,1947,1964,1928,1955,198930,0.0035934291581107836
2023-03-31,1957,1957,1897,1922,242387,-0.016879795396419484
2023-04-03,1925,1928,1889,1900,132798,-0.01144640998959412
2023-04-04,1881,1952,1881,1937,305997,0.01947368421052631
2023-04-05,1938,1975,1926,1969,360562,0.01652039235931846
2023-04-06,1947,1972,1930,1948,163522,-0.010665312341289979
2023-04-07,1949,1970,1901,1917,226314,-0.01591375770020531
2023-04-10,1916,1916,1871,1891,208029,-0.013562858633281216
2023-04-11,1875,1900,1857,1893,159660,0.0010576414595451222
2023-04-12,1866,1918,1864,1897,168673,0.0021130480718436484
2023-04-13,1897,1897,1865,1880,101611,-0.008961518186610395
2023-04-14,1883,1927,1880,1907,183046,0.014361702127659637
2023-04-17,1886,1911,1867,1910,241773,0.0015731515469323831
2023-04-18,1916,1943,1877,1911,240071,0.0005235602094240122
2023-04-19,1911,1918,1881,1900,240571,-0.005756148613291434
2023-04-20,1900,1900,1845,1854,359935,-0.02421052631578946
2023-04-21,1854,1928,1840,1872,464913,0.009708737864077666
2023-04-24,1870,1880,1818,1825,240654,-0.02510683760683763
2023-04-25,1824,1831,1782,1796,268155,-0.01589041095890409
2023-04-26,1790,1804,1740,1742,439549,-0.030066815144766168
2023-04-27,1740,1794,1737,1746,292901,0.0022962112514350874
2023-04-28,1749,1783,1732,1757,625552,0.006300114547537206
2023-05-02,1770,1770,1744,1751,102157,-0.0034149117814455954
2023-05-03,1748,1762,1747,1749,91633,-0.0011422044545973398
2023-05-04,1752,1780,1730,1754,134364,0.002858776443682043
2023-05-08,1775,1952,1758,1824,1557446,0.039908779931584926
2023-05-09,1855,1888,1810,1823,453979,-0.0005482456140351033
2023-05-10,1856,1856,1808,1830,179188,0.0038398244651673963
2023-05-11,1820,1847,1733,1733,864873,-0.05300546448087429
2023-05-12,1743,1765,1711,1757,187856,0.013848817080207798
2023-05-15,1767,1767,1641,1654,572232,-0.05862265224815022
2023-05-16,1610,1654,1564,1579,925705,-0.04534461910519949
2023-05-17,1578,1624,1575,1617,329057,0.024065864471184195
2023-05-18,1625,1640,1612,1635,96298,0.011131725417439675
2023-05-19,1628,1659,1625,1653,105703,0.011009174311926495
2023-05-22,1649,1665,1640,1651,120556,-0.001209921355111887
2023-05-23,1651,1663,1645,1652,118290,0.0006056935190792423
2023-05-24,1665,1742,1644,1695,853898,0.026029055690072633
2023-05-25,1695,1699,1658,1666,155541,-0.017109144542772903
2023-05-26,1661,1670,1626,1627,151740,-0.02340936374549818
2023-05-30,1628,1640,1621,1635,101908,0.0049170251997541214
2023-05-31,1649,1662,1641,1649,111359,0.008562691131498434
2023-06-01,1664,1670,1650,1651,53679,0.0012128562765312267
2023-06-02,1660,1668,1650,1655,56646,0.0024227740763174133
2023-06-05,1661,1680,1660,1669,45732,0.008459214501510548
2023-06-07,1670,1678,1659,1673,165724,0.002396644697423511
2023-06-08,1673,1684,1661,1661,145944,-0.0071727435744172174
2023-06-09,1661,1683,1661,1675,105154,0.008428657435279874
2023-06-12,1674,1685,1655,1662,90523,-0.00776119402985076
2023-06-13,1662,1678,1657,1658,159590,-0.002406738868832692
2023-06-14,1662,1677,1640,1660,164809,0.0012062726176116367
2023-06-15,1661,1666,1642,1650,96868,-0.0060240963855421326
2023-06-16,1643,1659,1631,1638,144998,-0.0072727272727273196
2023-06-19,1620,1640,1620,1632,164993,-0.00366300366300365
2023-06-20,1635,1635,1621,1624,75190,-0.004901960784313708
2023-06-21,1620,1630,1614,1614,155271,-0.006157635467980316
2023-06-22,1603,1620,1602,1602,104615,-0.0074349442379182396
2023-06-23,1602,1608,1588,1591,148914,-0.006866416978776546
2023-06-26,1589,1599,1566,1582,194401,-0.0056568196103079504
2023-06-27,1582,1590,1570,1579,109002,-0.0018963337547408532
2023-06-28,1581,1594,1571,1581,81568,0.001266624445851905
2023-06-29,1582,1585,1575,1582,91532,0.0006325110689437974
2023-06-30,1581,1675,1574,1596,423441,0.008849557522123908
2023-07-03,1599,1620,1599,1607,112246,0.006892230576441172
2023-07-04,1608,1618,1595,1599,72600,-0.004978220286247614
2023-07-05,1609,1609,1575,1575,138218,-0.015009380863039379
2023-07-06,1571,1585,1501,1530,298813,-0.02857142857142858
2023-07-07,1529,1529,1497,1502,201885,-0.018300653594771288
2023-07-10,1498,1550,1497,1514,88287,0.007989347536617952
2023-07-11,1515,1579,1514,1544,111264,0.01981505944517825
2023-07-12,1545,1555,1519,1530,79667,-0.0090673575129534
2023-07-13,1530,1594,1525,1550,59139,0.013071895424836555
2023-07-14,1550,1555,1519,1540,95476,-0.006451612903225823
2023-07-17,1530,1553,1510,1538,77994,-0.0012987012987012436
2023-07-18,1545,1554,1521,1525,98135,-0.008452535760728241
2023-07-19,1514,1534,1500,1523,147601,-0.0013114754098361159
2023-07-20,1520,1529,1510,1510,89657,-0.008535784635587684
2023-07-21,1522,1558,1504,1518,141156,0.005298013245033095
2023-07-24,1518,1527,1488,1488,223373,-0.01976284584980237
2023-07-25,1478,1500,1405,1405,492092,-0.055779569892473124
2023-07-26,1399,1409,1315,1330,588119,-0.053380782918149516
2023-07-27,1330,1456,1330,1410,222379,0.06015037593984962
2023-07-28,1396,1465,1385,1450,101109,0.028368794326241176
2023-07-31,1455,1466,1441,1451,70965,0.0006896551724138167
2023-08-01,1463,1480,1451,1471,63340,0.013783597518952417
2023-08-02,1471,1495,1461,1480,88388,0.00611828687967364
2023-08-03,1480,1489,1446,1472,58554,-0.00540540540540535
2023-08-04,1471,1478,1450,1458,72019,-0.009510869565217406
2023-08-07,1458,1474,1433,1465,125356,0.004801097393690057
2023-08-08,1490,1490,1421,1429,97016,-0.024573378839590432
2023-08-09,1413,1468,1412,1467,110200,0.026592022393282067
2023-08-10,1466,1556,1458,1555,252043,0.05998636673483304
2023-08-11,1568,1590,1525,1575,237774,0.012861736334405238
2023-08-14,1567,1567,1513,1527,136750,-0.030476190476190435
2023-08-16,1514,1516,1439,1452,261160,-0.0491159135559921
2023-08-17,1417,1480,1408,1472,134340,0.01377410468319562
2023-08-18,1467,1512,1450,1504,103877,0.021739130434782705
2023-08-21,1503,1519,1479,1488,142660,-0.010638297872340385
2023-08-22,1472,1490,1430,1445,168104,-0.02889784946236562
2023-08-23,1446,1452,1408,1431,263574,-0.00968858131487893
2023-08-24,1440,1440,1414,1432,107966,0.0006988120195667857
2023-08-25,1416,1437,1416,1434,58916,0.0013966480446927498
2023-08-28,1426,1439,1426,1433,69660,-0.0006973500697350365
2023-08-29,1426,1443,1420,1430,214896,-0.002093510118632236
2023-08-30,1430,1452,1427,1440,131194,0.006993006993007089
2023-08-31,1440,1450,1420,1440,123163,0.0
2023-09-01,1433,1447,1401,1403,215530,-0.025694444444444464
2023-09-04,1386,1407,1382,1395,96053,-0.005702066999287214
2023-09-05,1375,1391,1370,1382,130938,-0.009318996415770608
2023-09-06,1399,1399,1373,1379,127825,-0.0021707670043414895
2023-09-07,1370,1385,1325,1343,264043,-0.026105873821609893
2023-09-08,1350,1377,1343,1372,85978,0.021593447505584562
2023-09-11,1379,1394,1365,1375,79276,0.0021865889212828726
2023-09-12,1362,1392,1359,1369,136759,-0.004363636363636347
2023-09-13,1370,1374,1333,1333,160182,-0.02629656683710735
2023-09-14,1332,1357,1332,1350,111029,0.01275318829707417
2023-09-15,1343,1378,1343,1363,65564,0.009629629629629655
2023-09-18,1376,1388,1360,1372,73009,0.006603081438004477
2023-09-19,1343,1368,1323,1323,123688,-0.0357142857142857
2023-09-20,1327,1330,1297,1297,144467,-0.019652305366591127
2023-09-21,1300,1306,1253,1253,249801,-0.033924441017733176
2023-09-22,1241,1265,1236,1259,138534,0.004788507581803714
2023-09-25,1259,1267,1247,1266,103257,0.005559968228753043
2023-09-26,1266,1272,1246,1260,82332,-0.004739336492891044
2023-09-27,1235,1265,1222,1265,82905,0.003968253968253954
2023-10-04,1246,1249,1220,1223,128587,-0.033201581027668015
2023-10-05,1228,1239,1206,1206,84542,-0.013900245298446468
2023-10-06,1193,1227,1193,1227,68630,0.017412935323383172
2023-10-10,1230,1236,1200,1200,78760,-0.022004889975550168
2023-10-11,1203,1281,1203,1263,92305,0.05249999999999999
2023-10-12,1274,1306,1262,1295,60765,0.025336500395882755
2023-10-13,1309,1309,1235,1267,65616,-0.021621621621621623
2023-10-16,1267,1270,1224,1230,26064,-0.02920284135753748
2023-10-17,1233,1240,1222,1234,21465,0.003252032520325132
2023-10-18,1233,1250,1225,1234,40831,0.0
2023-10-19,1234,1237,1206,1213,47892,-0.017017828200972418
2023-10-20,1200,1215,1157,1178,174413,-0.028854080791426262
2023-10-23,1170,1184,1145,1146,108844,-0.02716468590831922
2023-10-24,1146,1192,1125,1192,138439,0.04013961605584648
2023-10-25,1192,1219,1190,1199,66168,0.005872483221476488
2023-10-26,1182,1189,1153,1163,114382,-0.030025020850708906
2023-10-27,1152,1344,1145,1200,1921311,0.03181427343078247
2023-10-30,1202,1218,1189,1190,146937,-0.008333333333333304
2023-10-31,1190,1207,1140,1158,204514,-0.026890756302521024
2023-11-01,1154,1191,1150,1172,120698,0.012089810017271052
2023-11-02,1178,1205,1178,1205,95717,0.028156996587030747
2023-11-03,1206,1223,1197,1210,95810,0.004149377593360981
2023-11-06,1224,1230,1213,1230,111803,0.016528925619834656
2023-11-07,1230,1532,1212,1410,11329759,0.14634146341463405
2023-11-08,1347,1749,1338,1520,41132715,0.07801418439716312
2023-11-09,1611,1769,1485,1538,36554758,0.011842105263157876
2023-11-10,1512,1661,1456,1480,6688942,-0.03771131339401823
2023-11-13,1495,1717,1464,1546,29412384,0.044594594594594694
2023-11-14,1546,1671,1531,1543,9175906,-0.0019404915912031306
2023-11-15,1550,1585,1494,1502,1949675,-0.02657161373946859
2023-11-16,1502,1527,1460,1470,1213446,-0.02130492676431428
2023-11-17,1485,1497,1400,1411,1105812,-0.04013605442176871
2023-11-20,1390,1427,1390,1410,668391,-0.0007087172218285254
2023-11-21,1404,1455,1393,1455,734325,0.03191489361702127
2023-11-22,1440,1448,1385,1385,688619,-0.04810996563573888
2023-11-23,1385,1393,1344,1345,733647,-0.028880866425992746
2023-11-24,1350,1366,1338,1365,229904,0.014869888475836479
2023-11-27,1365,1366,1328,1341,269311,-0.01758241758241763
2023-11-28,1345,1360,1310,1310,363436,-0.023117076808351955
2023-11-29,1310,1316,1289,1290,361212,-0.01526717557251911
2023-11-30,1290,1508,1288,1339,10638058,0.037984496124030986
2023-12-01,1340,1370,1320,1338,789295,-0.0007468259895444529
2023-12-04,1339,1340,1310,1316,350138,-0.01644245142002987
2023-12-05,1306,1337,1306,1325,320823,0.006838905775075954
2023-12-06,1333,1361,1317,1355,390261,0.02264150943396226
2023-12-07,1372,1380,1343,1365,602257,0.007380073800737907
2023-12-08,1365,1380,1342,1353,267234,-0.00879120879120876
2023-12-11,1357,1395,1352,1375,250244,0.016260162601626105
2023-12-12,1370,1385,1360,1365,203890,-0.0072727272727273196
2023-12-13,1369,1369,1323,1341,311711,-0.01758241758241763
2023-12-14,1341,1350,1309,1333,261238,-0.005965697240865042
2023-12-15,1320,1386,1320,1376,407240,0.032258064516129004
2023-12-18,1376,1425,1367,1394,496239,0.013081395348837122
2023-12-19,1384,1425,1359,1373,215789,-0.01506456241032994
2023-12-20,1384,1385,1350,1373,179465,0.0
2023-12-21,1374,1374,1337,1337,258390,-0.02621995630007279
2023-12-22,1332,1445,1330,1373,744983,0.02692595362752437
2023-12-26,1385,1385,1335,1346,241086,-0.01966496722505462
2023-12-27,1346,1354,1324,1345,179338,-0.0007429420505200568
2023-12-28,1342,1359,1332,1344,183928,-0.0007434944237918462
2024-01-02,1351,1635,1350,1500,16789204,0.1160714285714286
2024-01-03,1583,1950,1521,1741,58318784,0.16066666666666674
2024-01-04,1729,1736,1640,1640,6859808,-0.05801263641585297
2024-01-05,1795,1818,1580,1599,12007980,-0.025000000000000022
2024-01-08,1585,1615,1538,1539,1613058,-0.03752345215759845
2024-01-09,1533,1686,1530,1584,8891896,0.029239766081871288
2024-01-10,1565,1597,1542,1544,1164374,-0.025252525252525304
2024-01-11,1545,1570,1518,1522,747657,-0.014248704663212486
2024-01-12,1508,1520,1460,1477,788031,-0.029566360052562413
2024-01-15,1470,1474,1450,1450,435479,-0.018280297901150933
2024-01-16,1450,1478,1431,1470,437786,0.01379310344827589
2024-01-17,1463,1467,1412,1430,489660,-0.027210884353741527
2024-01-18,1430,1664,1420,1573,9540597,0.10000000000000009
2024-01-19,1540,1566,1504,1539,1109902,-0.021614748887476165
2024-01-22,1541,1554,1485,1510,676937,-0.018843404808317143
2024-01-23,1515,1627,1511,1556,2343415,0.030463576158940464
2024-01-24,1556,1557,1510,1536,446107,-0.01285347043701801
2024-01-25,1534,1536,1468,1472,556080,-0.04166666666666663
2024-01-26,1472,1529,1467,1508,325725,0.024456521739130377
2024-01-29,1497,1516,1457,1462,284542,-0.0305039787798409
2024-01-30,1469,1491,1447,1460,289251,-0.001367989056087593
2024-01-31,1452,1476,1430,1430,262124,-0.020547945205479423
2024-02-01,1425,1450,1400,1412,357637,-0.012587412587412583
2024-02-02,1440,1470,1420,1464,166494,0.03682719546742219
2024-02-05,1475,1485,1445,1467,192451,0.002049180327868827
2024-02-06,1452,1501,1449,1465,245338,-0.0013633265167007913
2024-02-07,1471,1531,1466,1486,415221,0.014334470989761039
2024-02-08,1480,1520,1480,1487,307658,0.0006729475100941684
2024-02-13,1489,1512,1482,1508,308642,0.014122394082044298
2024-02-14,1481,1520,1481,1512,207155,0.0026525198938991412
2024-02-15,1512,1530,1500,1512,304917,0.0
2024-02-16,1512,1520,1478,1494,273271,-0.011904761904761862
2024-02-19,1490,1508,1482,1484,201617,-0.00669344042838016
2024-02-20,1498,1498,1464,1492,206353,0.005390835579514919
2024-02-21,1492,1492,1447,1456,302738,-0.024128686327077764
2024-02-22,1465,1465,1430,1430,205015,-0.017857142857142905
2024-02-23,1434,1458,1411,1420,251733,-0.006993006993006978
2024-02-26,1411,1432,1400,1403,257612,-0.011971830985915477
2024-02-27,1410,1647,1387,1437,14782808,0.024233784746970688
2024-02-28,1430,1457,1402,1451,826565,0.009742519137091232
2024-02-29,1449,1760,1427,1645,41366805,0.13370089593383883
2024-03-04,1693,1703,1550,1550,5233649,-0.05775075987841949
2024-03-05,1571,1611,1531,1536,2411451,-0.00903225806451613
2024-03-06,1527,1548,1504,1525,1117857,-0.00716145833333337
2024-03-07,1525,1533,1488,1503,697906,-0.01442622950819672
2024-03-08,1485,1525,1485,1518,538494,0.009980039920159722
2024-03-11,1530,1582,1521,1540,1101345,0.01449275362318847
2024-03-12,1529,1544,1510,1540,422123,0.0
2024-03-13,1549,1550,1492,1534,542716,-0.003896103896103842
2024-03-14,1522,1538,1498,1501,269526,-0.0215123859191656
2024-03-15,1502,1517,1490,1498,288633,-0.0019986675549633626
2024-03-18,1520,1549,1500,1535,417331,0.02469959946595468
2024-03-19,1535,1537,1505,1514,261276,-0.013680781758957705
2024-03-20,1522,1634,1522,1576,2881279,0.04095112285336855
2024-03-21,1576,1586,1550,1565,637197,-0.006979695431472033
2024-03-22,1565,1585,1535,1585,586269,0.012779552715654896
2024-03-25,1590,1696,1578,1679,2879563,0.059305993690851766
2024-03-26,1655,1658,1606,1639,1128253,-0.023823704586063088
2024-03-27,1638,1638,1585,1585,678750,-0.032946918852959084
2024-03-28,1574,1597,1571,1585,440945,0.0
2024-03-29,1585,1587,1558,1560,325762,-0.01577287066246058
2024-04-01,1566,1621,1560,1608,376598,0.03076923076923066
2024-04-02,1608,1609,1561,1587,424346,-0.013059701492537323
2024-04-03,1582,1582,1520,1523,340800,-0.04032766225582862
2024-04-04,1547,1548,1501,1517,371671,-0.003939592908732803
2024-04-05,1517,1533,1496,1533,212549,0.01054713249835193
2024-04-08,1520,1535,1487,1530,286390,-0.00195694716242667
2024-04-09,1510,1539,1500,1500,179384,-0.019607843137254943
2024-04-11,1500,1500,1470,1479,166858,-0.014000000000000012
2024-04-12,1479,1508,1460,1507,185061,0.01893171061528065
2024-04-15,1496,1498,1464,1494,122826,-0.00862641008626408
2024-04-16,1493,1493,1445,1448,254836,-0.030789825970548912
2024-04-17,1445,1508,1445,1485,373573,0.025552486187845336
2024-04-18,1481,1520,1481,1495,172903,0.006734006734006703
2024-04-19,1510,1510,1460,1481,208274,-0.00936454849498325
2024-04-22,1501,1501,1460,1460,108974,-0.014179608372721142
2024-04-23,1459,1483,1452,1455,139348,-0.003424657534246589
2024-04-24,1456,1498,1456,1482,110362,0.01855670103092777
2024-04-25,1472,1482,1460,1460,92480,-0.014844804318488558
2024-04-26,1462,1486,1461,1483,159426,0.015753424657534154
2024-04-29,1484,1501,1483,1494,103136,0.007417397167902795
2024-04-30,1494,1512,1451,1495,155352,0.0006693440428380271
2024-05-02,1488,1512,1483,1503,110327,0.005351170568561825
2024-05-03,1503,1522,1497,1519,141749,0.010645375914837052
2024-05-07,1524,1541,1503,1508,165511,-0.007241606319947302
2024-05-08,1507,1530,1500,1530,134300,0.01458885941644561
2024-05-09,1526,1535,1507,1514,99352,-0.010457516339869244
2024-05-10,1515,1519,1495,1501,134063,-0.008586525759577301
2024-05-13,1501,1505,1467,1473,186729,-0.01865423051299131
2024-05-14,1472,1486,1465,1475,119411,0.0013577732518670338
2024-05-16,1482,1511,1476,1506,174983,0.021016949152542264
2024-05-17,1504,1525,1494,1521,225334,0.009960159362549792
2024-05-20,1530,1538,1500,1512,234266,-0.00591715976331364
2024-05-21,1501,1518,1486,1486,141796,-0.01719576719576721
2024-05-22,1495,1495,1478,1478,238104,-0.0053835800807536804
2024-05-23,1477,1477,1432,1452,295135,-0.017591339648173165
2024-05-24,1452,1463,1439,1448,99787,-0.0027548209366391463
2024-05-27,1448,1449,1405,1427,354047,-0.014502762430939176
2024-05-28,1429,1438,1415,1433,79090,0.0042046250875964475
2024-05-29,1426,1453,1425,1444,89545,0.007676203768318235
2024-05-30,1444,1450,1401,1449,120784,0.003462603878116255
2024-05-31,1439,1460,1429,1442,86503,-0.004830917874396157
2024-06-03,1442,1469,1436,1463,160571,0.014563106796116498
2024-06-04,1450,1506,1446,1494,227939,0.021189336978810758
2024-06-05,1490,1495,1473,1490,308466,-0.0026773761713521083
2024-06-07,1493,1513,1486,1493,179159,0.002013422818792021
2024-06-10,1502,1502,1474,1482,91648,-0.007367716008037539
2024-06-11,1484,1484,1452,1454,141348,-0.018893387314439902
2024-06-12,1452,1476,1452,1458,102634,0.0027510316368637433
2024-06-13,1455,1465,1444,1447,130711,-0.007544581618655677
2024-06-14,1451,1460,1420,1426,124282,-0.014512785072563927
2024-06-17,1413,1434,1399,1400,253735,-0.018232819074333828
2024-06-18,1399,1411,1398,1401,91510,0.0007142857142856673
2024-06-19,1406,1417,1387,1399,139543,-0.001427551748750866
2024-06-20,1400,1405,1395,1396,60053,-0.0021443888491780028
2024-06-21,1397,1404,1352,1359,258502,-0.026504297994269344
2024-06-24,1360,1367,1330,1335,187243,-0.017660044150110354
2024-06-25,1335,1358,1325,1332,147526,-0.0022471910112359383
2024-06-26,1333,1344,1323,1325,146503,-0.005255255255255276
2024-06-27,1330,1333,1307,1316,127305,-0.0067924528301887
2024-06-28,1285,1328,1283,1325,183212,0.006838905775075954
2024-07-01,1326,1331,1304,1322,135367,-0.0022641509433962703
2024-07-02,1323,1334,1310,1322,97062,0.0
2024-07-03,1319,1330,1292,1300,228073,-0.016641452344931973
2024-07-04,1301,1320,1293,1318,105790,0.013846153846153841
2024-07-05,1321,1500,1318,1398,5090700,0.060698027314112224
2024-07-08,1395,1414,1357,1393,454327,-0.003576537911301858
2024-07-09,1393,1416,1375,1391,188281,-0.001435750179468731
2024-07-10,1378,1414,1378,1408,193130,0.012221423436376666
2024-07-11,1404,1408,1379,1379,130342,-0.02059659090909094
2024-07-12,1379,1399,1372,1376,124756,-0.00217548948513413
2024-07-15,1367,1409,1350,1385,269394,0.006540697674418672
2024-07-16,1385,1385,1359,1360,134595,-0.018050541516245522
2024-07-17,1369,1369,1344,1358,115702,-0.0014705882352941124
2024-07-18,1358,1370,1329,1370,129531,0.008836524300441795
2024-07-19,1368,1379,1340,1347,124119,-0.016788321167883202
2024-07-22,1330,1362,1330,1354,86339,0.0051967334818114885
2024-07-23,1354,1375,1343,1367,119099,0.009601181683899451
2024-07-24,1346,1399,1346,1370,106314,0.002194586686174116
2024-07-25,1370,1388,1355,1375,100137,0.0036496350364962904
2024-07-26,1376,1382,1365,1376,105034,0.0007272727272726875
2024-07-29,1376,1405,1367,1378,132298,0.0014534883720929148
2024-07-30,1374,1381,1345,1358,78941,-0.014513788098693747
2024-07-31,1358,1417,1354,1388,136786,0.022091310751104487
2024-08-01,1375,1392,1372,1384,87787,-0.0028818443804035088
2024-08-02,1383,1383,1300,1330,133102,-0.039017341040462394
2024-08-05,1313,1313,1100,1157,1104339,-0.1300751879699248
2024-08-06,1152,1237,1152,1225,436129,0.05877268798617119
2024-08-07,1213,1275,1213,1259,233567,0.027755102040816437
2024-08-08,1254,1278,1245,1269,209092,0.00794281175536149
2024-08-09,1270,1289,1268,1274,114041,0.003940110323088941
2024-08-12,1285,1308,1274,1284,145265,0.007849293563579218
2024-08-13,1272,1287,1258,1275,74185,-0.007009345794392496
2024-08-14,1290,1301,1275,1297,137040,0.017254901960784386
2024-08-16,1301,1330,1298,1310,123605,0.010023130300693905
2024-08-19,1312,1330,1307,1321,118037,0.008396946564885432
2024-08-20,1330,1339,1311,1320,67034,-0.0007570022710068347
2024-08-21,1309,1314,1265,1284,133517,-0.027272727272727226
2024-08-22,1284,1289,1262,1271,98225,-0.010124610591900285
2024-08-23,1272,1272,1186,1235,118151,-0.028324154209284025
2024-08-26,1235,1250,1216,1229,69744,-0.004858299595141724
2024-08-27,1229,1237,1207,1234,36281,0.00406834825061031
2024-08-28,1234,1237,1206,1214,127176,-0.01620745542949753
2024-08-29,1215,1217,1187,1205,198052,-0.007413509060955503
2024-08-30,1190,1232,1190,1212,82155,0.0058091286307053736
2024-09-02,1212,1225,1208,1218,42756,0.004950495049504955
2024-09-03,1225,1238,1216,1230,79499,0.009852216748768461
2024-09-04,1215,1215,1161,1167,288322,-0.051219512195122
2024-09-05,1168,1199,1155,1167,172238,0.0
2024-09-06,1169,1177,1127,1130,189667,-0.03170522707797774
2024-09-09,1094,1162,1094,1149,203903,0.016814159292035447
2024-09-10,1152,1156,1130,1131,99070,-0.015665796344647487
2024-09-11,1130,1146,1118,1118,56616,-0.011494252873563204
2024-09-12,1125,1167,1125,1163,78248,0.0402504472271914
2024-09-13,1162,1167,1140,1162,75690,-0.0008598452278589797
2024-09-19,1162,1169,1152,1160,40709,-0.0017211703958691649
2024-09-20,1161,1169,1157,1163,85746,0.002586206896551646
2024-09-23,1163,1168,1148,1152,105447,-0.009458297506448887
2024-09-24,1147,1159,1143,1155,64193,0.0026041666666667407
2024-09-25,1160,1185,1153,1165,118052,0.008658008658008587
2024-09-26,1163,1180,1163,1177,44495,0.010300429184549431
2024-09-27,1182,1184,1172,1179,72982,0.001699235344095218
2024-09-30,1179,1180,1159,1166,54156,-0.011026293469041604
2024-10-02,1154,1166,1137,1147,87693,-0.016295025728988
2024-10-04,1157,1179,1147,1173,40236,0.022667829119441985
2024-10-07,1173,1184,1173,1180,45550,0.0059676044330776445
2024-10-08,1168,1182,1167,1170,79549,-0.008474576271186418
2024-10-10,1170,1349,1161,1259,10381700,0.07606837606837602
2024-10-11,1247,1247,1203,1209,881150,-0.039714058776807004
2024-10-14,1212,1312,1188,1225,2858007,0.013234077750206685
2024-10-15,1218,1252,1214,1235,305205,0.008163265306122547
2024-10-16,1235,1274,1222,1271,412446,0.029149797570850122
2024-10-17,1260,1275,1247,1267,167011,-0.0031471282454760274
2024-10-18,1279,1279,1220,1239,191707,-0.02209944751381221
2024-10-21,1220,1238,1220,1224,115164,-0.01210653753026636
2024-10-22,1223,1223,1192,1199,340847,-0.020424836601307228
2024-10-23,1199,1202,1185,1193,77714,-0.005004170141784781
2024-10-24,1191,1216,1191,1201,124802,0.0067057837384745245
2024-10-25,1207,1215,1190,1193,97652,-0.006661115736885881
2024-10-28,1191,1204,1190,1202,45408,0.007544006705783701
2024-10-29,1196,1205,1180,1180,134225,-0.01830282861896837
2024-10-30,1172,1199,1170,1185,124841,0.004237288135593209
2024-10-31,1191,1216,1169,1203,165637,0.0151898734177216
2024-11-01,1193,1204,1175,1182,90358,-0.017456359102244412
2024-11-04,1190,1197,1170,1197,139847,0.012690355329949332
2024-11-05,1197,1197,1181,1183,105227,-0.011695906432748537
2024-11-06,1183,1209,1159,1172,71714,-0.009298393913778513
2024-11-07,1172,1174,1145,1160,151557,-0.010238907849829393
2024-11-08,1150,1165,1142,1149,68420,-0.009482758620689702
2024-11-11,1149,1154,1093,1099,313850,-0.04351610095735425
2024-11-12,1120,1120,1019,1030,447335,-0.06278434940855326
2024-11-13,1029,1035,997,1006,309157,-0.023300970873786353
2024-11-14,995,1035,995,1014,184364,0.007952286282306265
2024-11-15,982,1044,982,1042,147991,0.027613412228796763
2024-11-18,1042,1068,1032,1042,103276,0.0
2024-11-19,1042,1046,1030,1039,68861,-0.0028790786948176272
2024-11-20,1031,1043,1019,1035,101824,-0.0038498556304138454
2024-11-21,1024,1035,1015,1018,66586,-0.01642512077294689
2024-11-22,1018,1030,1010,1011,109272,-0.006876227897838927
2024-11-25,1011,1038,1010,1017,144637,0.005934718100890191
2024-11-26,1016,1025,1003,1018,114055,0.000983284169124854
2024-11-27,1011,1035,1011,1011,135314,-0.006876227897838927
2024-11-28,1012,1030,1010,1023,74979,0.011869436201780381
2024-11-29,1030,1030,998,1000,351966,-0.022482893450635366
2024-12-02,999,1002,969,970,443470,-0.030000000000000027
2024-12-03,962,995,960,995,215542,0.025773195876288568
2024-12-04,970,992,956,965,227657,-0.03015075376884424
2024-12-05,966,973,930,937,231173,-0.02901554404145079
2024-12-06,933,942,878,916,261927,-0.022411953041622246
2024-12-09,910,910,847,865,416742,-0.05567685589519655
2024-12-10,850,900,850,894,344325,0.03352601156069368
2024-12-11,894,944,892,929,338292,0.03914988814317666
2024-12-12,920,939,919,930,50562,0.0010764262648008671
2024-12-13,935,943,927,941,83694,0.011827956989247213
2024-12-16,946,958,940,952,74699,0.011689691817215797
2024-12-17,957,964,948,964,68277,0.012605042016806678
2024-12-18,964,969,948,965,41589,0.0010373443983402453
2024-12-19,950,964,939,959,94716,-0.006217616580310836
2024-12-20,962,962,911,934,52195,-0.026068821689259614
2024-12-23,936,940,920,929,64062,-0.005353319057815886
2024-12-24,929,937,898,902,171174,-0.0290635091496233
2024-12-26,907,911,880,894,53610,-0.008869179600886956
2024-12-27,894,905,869,893,91091,-0.0011185682326622093
2024-12-30,890,909,886,898,55626,0.005599104143336975
2025-01-02,898,915,889,908,53760,0.011135857461024523
2025-01-03,908,940,906,940,76777,0.03524229074889873
2025-01-06,944,955,936,947,40110,0.007446808510638281
2025-01-07,952,957,943,951,40077,0.004223864836325308
2025-01-08,943,958,940,949,24687,-0.002103049421661396
2025-01-09,958,958,940,940,33884,-0.009483667017913588
2025-01-10,940,940,914,931,96050,-0.009574468085106425
2025-01-13,928,973,928,950,139362,0.020408163265306145
2025-01-14,950,964,942,955,58106,0.0052631578947368585
2025-01-15,971,971,939,945,43559,-0.010471204188481686
2025-01-16,950,970,946,951,72510,0.006349206349206327
2025-01-17,950,962,950,962,52691,0.011566771819137678
2025-01-20,951,975,942,959,75933,-0.0031185031185031464
2025-01-21,959,970,950,952,24184,-0.007299270072992692
2025-01-22,943,956,891,944,105228,-0.008403361344537785
2025-01-23,944,945,928,929,31242,-0.01588983050847459
2025-01-24,938,946,923,934,24542,0.005382131324004336
2025-01-31,924,934,888,910,72741,-0.025695931477516032
2025-02-03,910,910,872,886,378852,-0.02637362637362639
2025-02-04,950,1044,902,905,2024622,0.021444695259593693
2025-02-05,915,927,906,919,202149,0.015469613259668558
2025-02-06,920,926,908,917,94203,-0.0021762785636560977
2025-02-07,918,927,906,912,47295,-0.005452562704471142
2025-02-10,913,929,910,923,100162,0.012061403508771829
2025-02-11,923,931,918,925,84002,0.0021668472372697867
2025-02-12,928,929,913,913,64455,-0.012972972972972951
2025-02-13,913,923,907,911,52385,-0.0021905805038334725
2025-02-14,912,920,908,915,52895,0.004390779363337094
2025-02-17,915,933,911,920,44854,0.005464480874316946
2025-02-18,925,934,914,920,75458,0.0
2025-02-19,920,933,916,931,158090,0.011956521739130421
2025-02-20,931,967,925,960,158656,0.031149301825993625
2025-02-21,960,964,944,949,91362,-0.011458333333333348
2025-02-24,940,965,940,951,81046,0.0021074815595363283
2025-02-25,946,979,946,969,91593,0.018927444794952786
2025-02-26,969,977,957,965,59540,-0.0041279669762641635
2025-02-27,961,975,952,964,50229,-0.0010362694300518616
2025-02-28,955,955,929,933,103987,-0.032157676348547715
2025-03-04,933,943,924,940,52714,0.007502679528403
2025-03-05,940,950,935,942,51091,0.0021276595744681437
2025-03-06,942,960,940,950,68214,0.00849256900212314
2025-03-07,951,965,941,945,53664,-0.0052631578947368585
2025-03-10,947,962,945,952,53242,0.007407407407407307
2025-03-11,951,951,932,940,79701,-0.012605042016806678
2025-03-12,940,978,939,953,63045,0.01382978723404249
2025-03-13,950,963,944,953,29247,0.0
2025-03-14,955,956,919,940,36206,-0.01364113326337879
2025-03-17,942,944,920,932,67174,-0.008510638297872353
2025-03-18,932,936,916,930,66331,-0.0021459227467811592
2025-03-19,921,935,917,928,51273,-0.0021505376344086446
2025-03-20,927,936,918,926,48473,-0.0021551724137931494
2025-03-21,928,929,907,913,149174,-0.01403887688984884
2025-03-24,911,918,901,915,36956,0.0021905805038335835
2025-03-25,915,924,908,920,46697,0.005464480874316946
2025-03-26,920,931,915,925,39578,0.005434782608695565
2025-03-27,934,934,910,924,33538,-0.00108108108108107
2025-03-28,924,930,911,917,60194,-0.007575757575757569
2025-03-31,906,916,881,889,151146,-0.03053435114503822
2025-04-01,893,914,892,912,50006,0.025871766029246235
2025-04-02,912,916,910,916,45021,0.004385964912280604
2025-04-03,909,915,899,914,49653,-0.0021834061135370675
2025-04-04,906,923,901,913,81464,-0.001094091903719896
2025-04-07,900,905,875,878,141897,-0.03833515881708649
2025-04-08,878,899,871,895,82682,0.019362186788154823
2025-04-09,887,900,866,877,65078,-0.020111731843575398
2025-04-10,891,903,880,903,37060,0.029646522234891615
2025-04-11,902,913,889,912,65219,0.009966777408637828
2025-04-14,912,928,911,928,48458,0.01754385964912286
2025-04-15,924,937,924,930,40614,0.0021551724137931494
2025-04-16,930,935,920,933,24228,0.003225806451612856
2025-04-17,923,940,923,933,39349,0.0
2025-04-18,933,946,919,939,38443,0.006430868167202508
2025-04-21,939,939,928,937,13833,-0.0021299254526091493
2025-04-22,925,939,923,934,37948,-0.0032017075773745907
2025-04-23,934,943,932,939,71651,0.005353319057815886
2025-04-24,939,963,923,960,96435,0.022364217252396124
2025-04-25,969,983,958,974,70130,0.014583333333333393
2025-04-28,981,981,953,958,58114,-0.01642710472279263
2025-04-29,958,963,945,948,41158,-0.01043841336116913
2025-04-30,943,953,939,949,32650,0.001054852320675037
2025-05-02,947,949,921,942,80395,-0.00737618545837726
2025-05-07,942,959,935,954,86306,0.01273885350318471
2025-05-08,945,963,939,951,68531,-0.0031446540880503138
2025-05-09,945,963,939,956,71705,0.00525762355415349
2025-05-12,956,961,940,958,122113,0.0020920502092049986
2025-05-13,958,963,933,950,86999,-0.008350730688935326
2025-05-14,950,950,935,949,62066,-0.001052631578947416
2025-05-15,949,958,937,953,120459,0.004214963119072657
2025-05-16,943,959,931,938,99817,-0.015739769150052485
2025-05-19,938,942,919,920,79901,-0.019189765458422214
2025-05-20,922,930,917,919,27095,-0.0010869565217391797
2025-05-21,919,937,916,930,51518,0.01196953210010876
2025-05-22,930,930,917,930,41682,0.0
2025-05-23,930,936,914,936,99540,0.006451612903225712
2025-05-26,935,947,930,945,45238,0.009615384615384581
2025-05-27,933,950,933,942,46575,-0.0031746031746031633
2025-05-28,942,945,934,939,57849,-0.0031847133757961776
2025-05-29,939,946,936,940,58618,0.0010649627263046302
2025-05-30,937,948,931,941,91144,0.0010638297872340718
2025-06-02,941,941,924,932,47083,-0.009564293304994642
2025-06-04,932,936,929,936,61167,0.0042918454935623185
2025-06-05,950,951,932,939,82785,0.0032051282051281937
2025-06-09,953,953,935,941,71718,0.0021299254526092604
2025-06-10,942,944,936,942,61770,0.0010626992561104665
2025-06-11,935,950,931,942,85845,0.0
2025-06-12,941,951,938,951,111574,0.009554140127388644
2025-06-13,970,970,942,950,81427,-0.001051524710830698
2025-06-16,950,960,942,960,101279,0.010526315789473717
2025-06-17,960,965,951,965,90935,0.005208333333333259
2025-06-18,955,966,955,964,32897,-0.0010362694300518616
2025-06-19,964,967,953,965,74342,0.0010373443983402453
2025-06-20,965,966,954,954,55176,-0.011398963730569922
2025-06-23,954,960,947,958,172763,0.004192872117400492
2025-06-24,959,963,951,951,110662,-0.007306889352818424
2025-06-25,950,960,950,958,141222,0.007360672975814886
2025-06-26,954,1243,954,1095,20932908,0.14300626304801667
2025-06-27,1120,1308,1111,1170,15477109,0.06849315068493156
2025-06-30,1157,1189,1126,1137,1643046,-0.028205128205128216
2025-07-01,1131,1160,1092,1158,929419,0.01846965699208436
2025-07-02,1155,1155,1097,1112,566535,-0.03972366148531947
2025-07-03,1112,1114,1060,1078,719778,-0.030575539568345356
2025-07-04,1078,1085,1040,1060,367511,-0.016697588126159513
2025-07-07,1048,1067,1035,1055,179734,-0.004716981132075526
2025-07-08,1055,1062,1035,1062,275013,0.006635071090047351
2025-07-09,1070,1070,1030,1057,189573,-0.004708097928436961
