Date,Open,High,Low,Close,Volume,Change
2022-01-03,5312,5322,5302,5312,596349,0.0037792894935753107
2022-01-04,5322,5322,5292,5292,748128,-0.0037650602409639022
2022-01-05,5292,5302,5272,5283,581859,-0.00170068027210879
2022-01-06,5272,5302,5262,5283,496238,0.0
2022-01-07,5302,5312,5282,5312,255902,0.005489305318947535
2022-01-10,5312,5322,5302,5322,374529,0.0018825301204818956
2022-01-11,5322,5361,5312,5342,722038,0.0037579857196543553
2022-01-12,5322,5352,5322,5352,236093,0.0018719580681392234
2022-01-13,5352,5352,5322,5322,372791,-0.005605381165919243
2022-01-14,5322,5342,5302,5312,482421,-0.0018789928598271777
2022-01-17,5322,5322,5282,5302,759872,-0.0018825301204818956
2022-01-18,5312,5312,5272,5283,526754,-0.003583553376084514
2022-01-19,5282,5282,5222,5243,612030,-0.0075714556123415155
2022-01-20,5242,5252,5222,5223,369252,-0.0038146099561320312
2022-01-21,5242,5282,5222,5273,428120,0.009573042312847058
2022-01-24,5272,5292,5222,5263,504651,-0.00189645363170865
2022-01-25,5262,5282,5193,5193,743323,-0.013300399011970332
2022-01-26,5203,5232,5193,5213,394025,0.0038513383400731183
2022-01-27,5222,5232,5143,5153,983237,-0.01150968732016111
2022-01-28,5153,5213,5113,5193,827481,0.00776246846497175
2022-02-03,5232,5252,5203,5213,459486,0.0038513383400731183
2022-02-04,5222,5252,5222,5243,356240,0.0057548436600805
2022-02-07,5272,5272,5242,5253,371299,0.0019073049780660156
2022-02-08,5252,5272,5222,5233,429949,-0.0038073481819912436
2022-02-09,5242,5252,5232,5243,338269,0.0019109497420217725
2022-02-10,5242,5262,5232,5263,309155,0.0038146099561320312
2022-02-11,5262,5272,5252,5263,364914,0.0
2022-02-14,5252,5262,5232,5253,264495,-0.0019000570017100316
2022-02-15,5232,5252,5232,5233,303787,-0.0038073481819912436
2022-02-16,5262,5282,5242,5273,438408,0.00764379896808709
2022-02-17,5272,5342,5242,5302,710686,0.005499715531955163
2022-02-18,5302,5342,5302,5332,429508,0.0056582421727648935
2022-02-21,5332,5352,5312,5352,375975,0.0037509377344335793
2022-02-22,5352,5352,5302,5312,466841,-0.007473841554558991
2022-02-23,5332,5342,5312,5342,341134,0.005647590361445687
2022-02-24,5342,5342,5272,5302,664042,-0.007487832272557116
2022-02-25,5342,5352,5302,5342,569650,0.007544322897020006
2022-02-28,5342,5352,5312,5332,430660,-0.0018719580681392234
2022-03-02,5342,5352,5322,5352,437954,0.0037509377344335793
2022-03-03,5352,5391,5322,5332,553030,-0.0037369207772794955
2022-03-04,5352,5352,5322,5342,654327,0.0018754688672169006
2022-03-07,5342,5371,5322,5332,499093,-0.0018719580681392234
2022-03-08,5322,5332,5292,5312,542127,-0.0037509377344335793
2022-03-10,5342,5352,5312,5322,468996,0.0018825301204818956
2022-03-11,5332,5342,5312,5332,505491,0.0018789928598270667
2022-03-14,5352,5352,5322,5322,399594,-0.0018754688672167896
2022-03-15,5332,5342,5312,5332,428196,0.0018789928598270667
2022-03-16,5342,5342,5312,5322,509011,-0.0018754688672167896
2022-03-17,5342,5342,5322,5322,532161,0.0
2022-03-18,5322,5342,5322,5322,506462,0.0
2022-03-21,5332,5342,5312,5342,465568,0.0037579857196543553
2022-03-22,5342,5361,5322,5362,636485,0.0037439161362784468
2022-03-23,5361,5401,5361,5392,603891,0.00559492726594546
2022-03-24,5391,5421,5371,5422,604687,0.005563798219584637
2022-03-25,5421,5441,5421,5431,625176,0.0016599040944300647
2022-03-28,5431,5441,5411,5422,545382,-0.001657153378751608
2022-03-29,5421,5431,5411,5431,367351,0.0016599040944300647
2022-03-30,5421,5481,5421,5481,547012,0.00920640765973113
2022-03-31,5500,5540,5481,5531,877232,0.009122422915526451
2022-04-01,5550,5550,5491,5491,608064,-0.007231965286566666
2022-04-04,5500,5550,5491,5551,663476,0.010926971407758224
2022-04-05,5560,5600,5540,5541,614061,-0.001801477211313296
2022-04-06,5540,5570,5520,5551,675411,0.00180472838837753
2022-04-07,5560,5590,5550,5590,722758,0.007025761124121788
2022-04-08,5600,5649,5590,5650,1116177,0.01073345259391778
2022-04-11,5659,5669,5640,5660,923360,0.001769911504424737
2022-04-12,5659,5749,5640,5729,1148637,0.012190812720848099
2022-04-13,5729,5759,5699,5739,933836,0.001745505323791141
2022-04-14,5759,5868,5739,5769,1324202,0.005227391531625658
2022-04-15,5828,5977,5749,5978,1198688,0.036228115791298254
2022-04-18,5967,6007,5719,5739,1920102,-0.03997992639678827
2022-04-19,5769,5779,5689,5749,1888993,0.0017424638438752194
2022-04-20,5749,5788,5739,5779,699803,0.005218298834579915
2022-04-21,5769,5788,5749,5769,637105,-0.0017304031839419087
2022-04-22,5769,5769,5729,5759,625226,-0.0017334026694401095
2022-04-25,5709,5779,5679,5779,825250,0.003472825143254088
2022-04-26,5769,5858,5759,5858,743360,0.013670185153140668
2022-04-27,5858,5908,5808,5839,557039,-0.00324342779105502
2022-04-28,5868,5878,5788,5809,766880,-0.005137866072957742
2022-04-29,5848,5848,5798,5839,602702,0.0051644000688586544
2022-05-02,5808,5848,5808,5849,311541,0.0017126220243193213
2022-05-03,5858,5868,5699,5739,1115013,-0.01880663361258339
2022-05-04,5759,5779,5669,5690,576963,-0.008538072834988641
2022-05-06,5659,5709,5600,5670,646031,-0.0035149384885764245
2022-05-09,5689,5699,5630,5670,356964,0.0
2022-05-10,5630,5659,5570,5640,382126,-0.005291005291005346
2022-05-11,5659,5669,5600,5640,388436,0.0
2022-05-12,5640,5640,5540,5541,557977,-0.01755319148936174
2022-05-13,5540,5600,5530,5590,280275,0.008843169103049942
2022-05-16,5610,5679,5600,5650,312599,0.01073345259391778
2022-05-17,5649,5659,5510,5590,830145,-0.010619469026548645
2022-05-18,5590,5600,5550,5590,210676,0.0
2022-05-19,5560,5570,5461,5501,761670,-0.015921288014311252
2022-05-20,5510,5570,5500,5541,370469,0.007271405199054781
2022-05-23,5550,5550,5451,5501,820746,-0.007218913553510231
2022-05-24,5500,5560,5491,5521,438274,0.0036357025995272796
2022-05-25,5520,5610,5520,5590,386514,0.012497735917406327
2022-05-26,5590,5640,5570,5630,743097,0.007155635062611854
2022-05-27,5649,5669,5610,5640,544824,0.001776198934280604
2022-05-30,5659,5669,5600,5650,550867,0.0017730496453900457
2022-05-31,5659,5659,5610,5610,785020,-0.0070796460176991705
2022-06-02,5649,5659,5610,5620,503230,0.0017825311942958333
2022-06-03,5649,5659,5610,5660,602782,0.007117437722419906
2022-06-07,5659,5669,5620,5640,1170500,-0.0035335689045936647
2022-06-08,5640,5680,5630,5680,516497,0.007092198581560183
2022-06-09,5680,5690,5630,5680,327692,0.0
2022-06-10,5680,5730,5650,5730,751648,0.008802816901408494
2022-06-13,5650,5680,5590,5590,743065,-0.024432809773123898
2022-06-14,5530,5550,5470,5500,671967,-0.01610017889087656
2022-06-15,5510,5510,5410,5450,456096,-0.009090909090909038
2022-06-16,5470,5500,5370,5400,663820,-0.00917431192660545
2022-06-17,5340,5410,5280,5340,1171583,-0.011111111111111072
2022-06-20,5330,5360,5190,5240,1226188,-0.01872659176029967
2022-06-21,5240,5290,5200,5290,513311,0.009541984732824416
2022-06-22,5310,5310,5170,5170,959458,-0.022684310018903586
2022-06-23,5180,5240,5130,5140,990908,-0.005802707930367523
2022-06-24,5140,5180,5130,5170,821585,0.005836575875486361
2022-06-27,5180,5290,5180,5290,563752,0.023210831721470093
2022-06-28,5290,5320,5190,5210,1517601,-0.015122873345935761
2022-06-29,5050,5060,4980,4990,2040226,-0.04222648752399227
2022-06-30,4980,4995,4840,4850,1203094,-0.028056112224448926
2022-07-01,4820,4855,4610,4705,1699686,-0.02989690721649485
2022-07-04,4670,4700,4500,4595,1689798,-0.023379383634431483
2022-07-05,4585,4700,4550,4685,825426,0.019586507072905324
2022-07-06,4680,4700,4520,4530,865866,-0.033084311632870844
2022-07-07,4540,4565,4435,4515,1017747,-0.0033112582781457123
2022-07-08,4505,4570,4470,4505,2095737,-0.0022148394241418012
2022-07-11,4515,4540,4440,4440,952308,-0.01442841287458374
2022-07-12,4435,4435,4340,4350,1334934,-0.020270270270270285
2022-07-13,4370,4400,4335,4345,962111,-0.0011494252873562871
2022-07-14,4345,4420,4345,4355,1027960,0.0023014959723819395
2022-07-15,4355,4450,4350,4450,750702,0.021814006888633664
2022-07-18,4470,4470,4385,4430,740456,-0.004494382022471877
2022-07-19,4420,4480,4385,4395,1001383,-0.007900677200902928
2022-07-20,4435,4500,4405,4425,639013,0.006825938566553003
2022-07-21,4425,4500,4425,4500,528988,0.016949152542372836
2022-07-22,4505,4540,4490,4525,422775,0.005555555555555536
2022-07-25,4525,4525,4470,4485,227649,-0.008839779005524906
2022-07-26,4500,4520,4490,4505,170153,0.004459308807134965
2022-07-27,4495,4525,4490,4525,169314,0.004439511653718142
2022-07-28,4530,4540,4510,4530,228088,0.0011049723756906271
2022-07-29,4535,4715,4530,4700,622838,0.03752759381898452
2022-08-01,4570,4680,4550,4650,1373215,-0.010638297872340385
2022-08-02,4650,4650,4600,4635,363870,-0.003225806451612856
2022-08-03,4570,4605,4510,4580,1931862,-0.011866235167206085
2022-08-04,4580,4665,4550,4655,709760,0.01637554585152845
2022-08-05,4660,4695,4650,4690,568527,0.007518796992481258
2022-08-08,4690,4770,4680,4690,701079,0.0
2022-08-09,4685,4725,4665,4710,313573,0.004264392324093924
2022-08-10,4685,4705,4680,4680,212461,-0.006369426751592355
2022-08-11,4690,4740,4680,4740,297884,0.012820512820512775
2022-08-12,4725,4750,4710,4725,235153,-0.0031645569620253333
2022-08-16,4730,4755,4705,4745,338845,0.004232804232804144
2022-08-17,4750,4750,4720,4740,245874,-0.0010537407797681642
2022-08-18,4720,4735,4700,4725,226713,-0.0031645569620253333
2022-08-19,4725,4740,4710,4720,193727,-0.0010582010582010914
2022-08-22,4700,4705,4675,4690,275005,-0.006355932203389814
2022-08-23,4685,4685,4605,4610,499895,-0.017057569296375252
2022-08-24,4610,4630,4545,4630,377315,0.00433839479392617
2022-08-25,4645,4710,4625,4700,334374,0.015118790496760237
2022-08-26,4700,4720,4680,4695,177380,-0.0010638297872340718
2022-08-29,4635,4650,4560,4645,359861,-0.010649627263045747
2022-08-30,4665,4665,4630,4645,387821,0.0
2022-08-31,4650,4705,4620,4705,352729,0.012917115177610405
2022-09-01,4690,4690,4610,4620,569043,-0.018065887353878818
2022-09-02,4630,4645,4560,4560,404942,-0.012987012987012991
2022-09-05,4580,4580,4500,4510,356898,-0.010964912280701733
2022-09-06,4535,4545,4520,4530,175414,0.0044345898004434225
2022-09-07,4545,4545,4480,4480,384187,-0.01103752759381893
2022-09-08,4525,4770,4525,4745,3176642,0.05915178571428581
2022-09-13,4735,4925,4730,4925,1814064,0.037934668071654354
2022-09-14,4835,4950,4780,4945,1637752,0.004060913705583813
2022-09-15,4940,4940,4820,4860,1302695,-0.01718907987866536
2022-09-16,4855,4890,4795,4820,5441538,-0.008230452674897082
2022-09-19,4840,4840,4665,4685,584982,-0.028008298755186734
2022-09-20,4685,4700,4645,4690,328977,0.0010672358591248265
2022-09-21,4690,4690,4620,4630,364258,-0.01279317697228144
2022-09-22,4600,4600,4545,4555,402454,-0.016198704103671746
2022-09-23,4560,4565,4445,4465,731519,-0.01975850713501648
2022-09-26,4405,4460,4380,4410,597844,-0.012318029115341522
2022-09-27,4410,4450,4405,4405,398466,-0.0011337868480725266
2022-09-28,4405,4440,4310,4355,863542,-0.011350737797956922
2022-09-29,4380,4405,4330,4355,343625,0.0
2022-09-30,4350,4510,4320,4510,771333,0.03559127439724463
2022-10-04,4520,4525,4450,4525,398936,0.003325942350332678
2022-10-05,4530,4535,4485,4500,322206,-0.0055248618784530246
2022-10-06,4490,4495,4420,4485,500490,-0.0033333333333332993
2022-10-07,4480,4510,4435,4510,399557,0.00557413600891854
2022-10-11,4485,4485,4350,4370,402347,-0.03104212860310418
2022-10-12,4370,4440,4330,4340,363409,-0.006864988558352381
2022-10-13,4340,4370,4270,4300,911542,-0.009216589861751112
2022-10-14,4355,4355,4285,4310,406563,0.0023255813953488857
2022-10-17,4300,4310,4180,4210,931970,-0.023201856148491906
2022-10-18,4280,4280,4115,4210,908542,0.0
2022-10-19,4230,4230,4080,4120,930369,-0.02137767220902609
2022-10-20,4120,4120,3985,3995,979447,-0.03033980582524276
2022-10-21,3980,3980,3875,3890,842076,-0.026282853566958697
2022-10-24,3980,3980,3895,3925,550016,0.008997429305912519
2022-10-25,3960,3960,3890,3920,354274,-0.001273885350318471
2022-10-26,3930,3935,3900,3935,419569,0.003826530612244916
2022-10-27,3960,4095,3925,4095,650741,0.04066073697585759
2022-10-28,4075,4170,4060,4095,370795,0.0
2022-10-31,4105,4215,4095,4215,580546,0.0293040293040292
2022-11-01,4170,4255,4165,4210,397537,-0.0011862396204033177
2022-11-02,4210,4215,4055,4100,616521,-0.026128266033254133
2022-11-03,4070,4075,3995,4055,434739,-0.01097560975609757
2022-11-04,4040,4040,3990,4000,355810,-0.013563501849568449
2022-11-07,4030,4035,3985,4010,319140,0.0024999999999999467
2022-11-08,4010,4015,3995,4000,389139,-0.0024937655860348684
2022-11-09,4005,4095,3995,4090,227186,0.022499999999999964
2022-11-10,4065,4140,4050,4140,217223,0.012224938875305513
2022-11-11,4210,4325,4210,4305,683230,0.03985507246376807
2022-11-14,4330,4350,4255,4340,328901,0.008130081300812941
2022-11-15,4335,4335,4260,4265,235579,-0.017281105990783363
2022-11-16,4300,4300,4205,4255,276773,-0.0023446658851113966
2022-11-17,4275,4275,4200,4215,195580,-0.009400705052878933
2022-11-18,4215,4220,4175,4195,253707,-0.004744958481613271
2022-11-21,4225,4225,4160,4190,270332,-0.0011918951132300348
2022-11-22,4200,4240,4130,4175,217459,-0.0035799522673031214
2022-11-23,4180,4230,4180,4225,179210,0.011976047904191711
2022-11-24,4225,4295,4215,4230,196026,0.0011834319526626835
2022-11-25,4250,4300,4235,4300,177727,0.016548463356973908
2022-11-28,4325,4325,4265,4300,284096,0.0
2022-11-29,4280,4310,4265,4300,104411,0.0
2022-11-30,4295,4320,4280,4320,216042,0.0046511627906977715
2022-12-01,4330,4445,4330,4420,419993,0.02314814814814814
2022-12-02,4420,4420,4365,4405,189823,-0.0033936651583710287
2022-12-05,4405,4445,4400,4425,188121,0.004540295119182858
2022-12-06,4410,4450,4385,4420,267918,-0.001129943502824804
2022-12-07,4415,4435,4390,4400,157487,-0.004524886877828038
2022-12-08,4400,4420,4360,4370,160068,-0.006818181818181834
2022-12-09,4410,4410,4385,4395,207997,0.005720823798627039
2022-12-12,4410,4425,4375,4400,177791,0.0011376564277587597
2022-12-13,4400,4420,4360,4370,226921,-0.006818181818181834
2022-12-14,4395,4400,4360,4390,374328,0.004576659038901587
2022-12-15,4365,4400,4355,4390,291689,0.0
2022-12-16,4390,4400,4370,4400,520805,0.002277904328018332
2022-12-19,4400,4410,4380,4400,265275,0.0
2022-12-20,4390,4395,4315,4315,462062,-0.01931818181818179
2022-12-21,4320,4340,4295,4320,423144,0.0011587485515642815
2022-12-22,4310,4410,4310,4400,529644,0.0185185185185186
2022-12-23,4360,4410,4360,4400,310660,0.0
2022-12-26,4415,4415,4375,4400,651790,0.0
2022-12-27,4390,4400,4370,4380,802239,-0.004545454545454519
2022-12-28,4200,4265,4200,4230,592705,-0.03424657534246578
2022-12-29,4250,4250,4200,4210,200676,-0.004728132387706863
2023-01-02,4220,4270,4210,4260,179637,0.01187648456057011
2023-01-03,4260,4280,4225,4255,253967,-0.0011737089201877549
2023-01-04,4255,4275,4235,4275,156933,0.004700352526439522
2023-01-05,4275,4310,4275,4310,190389,0.008187134502924076
2023-01-06,4330,4390,4310,4385,306621,0.01740139211136893
2023-01-09,4400,4420,4360,4385,332762,0.0
2023-01-10,4385,4395,4365,4395,318016,0.0022805017103761926
2023-01-11,4400,4410,4370,4410,242301,0.0034129692832765013
2023-01-12,4415,4430,4400,4410,264303,0.0
2023-01-13,4420,4435,4400,4430,359735,0.0045351473922903285
2023-01-16,4450,4550,4445,4550,462934,0.02708803611738153
2023-01-17,4550,4595,4500,4580,291409,0.00659340659340657
2023-01-18,4580,4615,4560,4610,301911,0.0065502183406114245
2023-01-19,4625,4625,4590,4615,286261,0.0010845986984815426
2023-01-20,4615,4660,4600,4660,286936,0.009750812567713929
2023-01-25,4685,4750,4665,4675,564216,0.0032188841201716833
2023-01-26,4695,4715,4605,4610,450646,-0.013903743315508033
2023-01-27,4625,4625,4520,4535,495053,-0.01626898047722347
2023-01-30,4520,4575,4500,4520,309937,-0.003307607497243681
2023-01-31,4550,4555,4450,4485,392058,-0.007743362831858391
2023-02-01,4490,4510,4460,4510,252332,0.00557413600891854
2023-02-02,4550,4620,4520,4605,280964,0.021064301552106368
2023-02-03,4630,4635,4545,4630,385670,0.005428881650380024
2023-02-06,4630,4635,4570,4615,233394,-0.003239740820734305
2023-02-07,4615,4630,4580,4585,175623,-0.00650054171180936
2023-02-08,4625,4625,4575,4615,133421,0.0065430752453652374
2023-02-09,4610,4615,4585,4610,126792,-0.0010834236186348933
2023-02-10,4610,4620,4590,4600,137845,-0.002169197396963085
2023-02-13,4555,4600,4525,4525,334874,-0.016304347826086918
2023-02-14,4565,4565,4495,4515,233720,-0.0022099447513812542
2023-02-15,4525,4525,4480,4490,168260,-0.0055370985603543366
2023-02-16,4520,4520,4460,4485,233884,-0.00111358574610243
2023-02-17,4485,4515,4475,4515,130139,0.006688963210702337
2023-02-20,4515,4530,4490,4510,215377,-0.001107419712070845
2023-02-21,4495,4540,4485,4520,132230,0.0022172949002217113
2023-02-22,4505,4515,4490,4515,109081,-0.0011061946902655162
2023-02-23,4525,4525,4490,4490,177438,-0.0055370985603543366
2023-02-24,4525,4545,4500,4540,132875,0.011135857461024523
2023-02-27,4540,4565,4500,4510,241194,-0.0066079295154185536
2023-02-28,4540,4540,4500,4530,288537,0.0044345898004434225
2023-03-02,4520,4530,4480,4505,354010,-0.0055187637969095205
2023-03-03,4505,4520,4480,4520,162265,0.0033296337402886067
2023-03-06,4520,4530,4500,4525,245588,0.0011061946902655162
2023-03-07,4530,4545,4505,4525,285788,0.0
2023-03-08,4505,4510,4490,4500,199744,-0.0055248618784530246
2023-03-09,4510,4510,4485,4495,182381,-0.0011111111111110628
2023-03-10,4480,4490,4470,4475,357163,-0.004449388209121219
2023-03-13,4465,4490,4400,4490,344164,0.003351955307262511
2023-03-14,4490,4495,4410,4435,337530,-0.012249443207126953
2023-03-15,4450,4490,4425,4460,232824,0.005636978579481422
2023-03-16,4435,4475,4435,4450,142812,-0.0022421524663677195
2023-03-17,4450,4475,4430,4455,333469,0.0011235955056179137
2023-03-20,4450,4465,4405,4445,201613,-0.002244668911335568
2023-03-21,4445,4450,4405,4425,292372,-0.004499437570303688
2023-03-22,4440,4440,4395,4400,301205,-0.005649717514124242
2023-03-23,4385,4400,4350,4370,272801,-0.006818181818181834
2023-03-24,4355,4385,4350,4370,182284,0.0
2023-03-27,4370,4370,4265,4275,586416,-0.021739130434782594
2023-03-28,4265,4295,4265,4275,238912,0.0
2023-03-29,4275,4310,4255,4290,176914,0.0035087719298245723
2023-03-30,4315,4315,4280,4300,202180,0.002331002331002363
2023-03-31,4305,4420,4300,4415,305772,0.02674418604651163
2023-04-03,4405,4460,4390,4460,240554,0.010192525481313774
2023-04-04,4460,4480,4430,4475,206287,0.0033632286995515237
2023-04-05,4470,4475,4420,4425,227414,-0.011173184357541888
2023-04-06,4360,4425,4360,4410,168644,-0.003389830508474523
2023-04-07,4410,4425,4385,4400,112868,-0.0022675736961451642
2023-04-10,4400,4400,4320,4355,256509,-0.010227272727272751
2023-04-11,4360,4375,4345,4370,250403,0.003444316877152742
2023-04-12,4380,4380,4345,4360,181127,-0.0022883295194507935
2023-04-13,4340,4360,4320,4360,292339,0.0
2023-04-14,4375,4465,4355,4455,556231,0.02178899082568808
2023-04-17,4455,4465,4410,4455,246634,0.0
2023-04-18,4455,4465,4430,4450,343642,-0.001122334455667784
2023-04-19,4460,4460,4400,4420,332427,-0.006741573033707815
2023-04-20,4405,4420,4395,4420,303440,0.0
2023-04-21,4420,4425,4370,4375,419357,-0.010180995475113086
2023-04-24,4390,4395,4330,4355,327285,-0.00457142857142856
2023-04-25,4360,4375,4310,4340,277848,-0.003444316877152742
2023-04-26,4355,4355,4290,4315,286661,-0.005760368663594417
2023-04-27,4315,4340,4305,4310,241110,-0.0011587485515642815
2023-04-28,4315,4415,4310,4415,254102,0.024361948955916368
2023-05-02,4360,4405,4340,4370,327821,-0.010192525481313663
2023-05-03,4355,4360,4315,4335,272830,-0.008009153318077833
2023-05-04,4335,4335,4315,4325,250197,-0.0023068050749711633
2023-05-08,4345,4350,4305,4350,225397,0.005780346820809301
2023-05-09,4350,4360,4320,4350,217094,0.0
2023-05-10,4345,4385,4315,4355,379643,0.0011494252873562871
2023-05-11,4365,4390,4350,4385,252564,0.006888633754305484
2023-05-12,4385,4400,4350,4395,238155,0.0022805017103761926
2023-05-15,4395,4405,4375,4400,282132,0.0011376564277587597
2023-05-16,4410,4480,4410,4470,502316,0.015909090909090873
2023-05-17,4455,4500,4430,4480,265427,0.0022371364653244186
2023-05-18,4510,4525,4480,4520,251293,0.008928571428571397
2023-05-19,4520,4525,4495,4520,244190,0.0
2023-05-22,4520,4535,4500,4510,177004,-0.0022123893805309214
2023-05-23,4520,4520,4470,4475,251414,-0.0077605321507761005
2023-05-24,4475,4500,4460,4490,145937,0.003351955307262511
2023-05-25,4490,4505,4475,4490,168880,0.0
2023-05-26,4510,4510,4460,4490,199981,0.0
2023-05-30,4490,4530,4475,4530,372528,0.008908685968819663
2023-05-31,4530,4600,4530,4545,717489,0.0033112582781456013
2023-06-01,4550,4595,4525,4565,215869,0.004400440044004306
2023-06-02,4565,4575,4530,4570,151864,0.0010952902519167917
2023-06-05,4540,4610,4540,4610,267634,0.00875273522975939
2023-06-07,4585,4640,4585,4625,257843,0.0032537960954446277
2023-06-08,4625,4630,4595,4615,237185,-0.00216216216216214
2023-06-09,4620,4625,4595,4615,245612,0.0
2023-06-12,4615,4620,4595,4615,191024,0.0
2023-06-13,4610,4615,4600,4610,200519,-0.0010834236186348933
2023-06-14,4620,4625,4580,4585,267476,-0.005422993492407824
2023-06-15,4590,4600,4565,4570,236191,-0.0032715376226826187
2023-06-16,4570,4585,4530,4565,334534,-0.001094091903719896
2023-06-19,4570,4580,4545,4575,282503,0.0021905805038335835
2023-06-20,4580,4585,4545,4575,329427,0.0
2023-06-21,4565,4570,4520,4535,324454,-0.008743169398907069
2023-06-22,4555,4555,4470,4480,363422,-0.012127894156560126
2023-06-23,4480,4480,4385,4400,498364,-0.017857142857142905
2023-06-26,4400,4410,4385,4405,416464,0.001136363636363713
2023-06-27,4405,4485,4405,4485,273248,0.018161180476730987
2023-06-28,4495,4495,4425,4440,468883,-0.010033444816053505
2023-06-29,4300,4325,4265,4305,705439,-0.030405405405405372
2023-06-30,4305,4310,4265,4285,339808,-0.004645760743321681
2023-07-03,4290,4295,4215,4220,545418,-0.01516919486581092
2023-07-04,4245,4245,4175,4195,470242,-0.005924170616113722
2023-07-05,4200,4200,4120,4120,465402,-0.017878426698450522
2023-07-06,4165,4165,4080,4120,351597,0.0
2023-07-07,4100,4110,4035,4080,374127,-0.009708737864077666
2023-07-10,4075,4095,4040,4040,279376,-0.009803921568627416
2023-07-11,4040,4150,4030,4140,401278,0.024752475247524774
2023-07-12,4120,4170,4120,4170,168516,0.007246376811594235
2023-07-13,4180,4310,4155,4305,354319,0.03237410071942448
2023-07-14,4290,4300,4230,4250,248416,-0.012775842044134733
2023-07-17,4250,4250,4150,4180,214510,-0.016470588235294126
2023-07-18,4180,4195,4145,4150,163078,-0.0071770334928229484
2023-07-19,4190,4190,4125,4150,145019,0.0
2023-07-20,4150,4185,4140,4145,120433,-0.001204819277108471
2023-07-21,4145,4200,4130,4150,218230,0.0012062726176116367
2023-07-24,4130,4145,4070,4085,302800,-0.015662650602409678
2023-07-25,4085,4110,4065,4110,180389,0.006119951040391758
2023-07-26,4105,4105,4055,4060,232455,-0.012165450121654486
2023-07-27,4045,4075,3975,4010,567596,-0.012315270935960632
2023-07-28,4000,4060,3970,4060,394104,0.012468827930174564
2023-07-31,4015,4080,4000,4030,319270,-0.007389162561576401
2023-08-01,4030,4065,4025,4040,258257,0.002481389578163684
2023-08-02,4045,4070,4030,4040,231996,0.0
2023-08-03,4030,4080,4000,4020,355828,-0.004950495049504955
2023-08-04,4010,4045,3970,4000,413227,-0.00497512437810943
2023-08-07,4000,4000,3965,3980,344326,-0.0050000000000000044
2023-08-08,3995,3995,3900,3910,530575,-0.017587939698492483
2023-08-09,3915,3950,3855,3900,651804,-0.002557544757033292
2023-08-10,3920,3920,3800,3830,710013,-0.017948717948717996
2023-08-11,3835,3890,3775,3800,731565,-0.007832898172323799
2023-08-14,3795,3925,3735,3895,665495,0.02499999999999991
2023-08-16,3885,3890,3800,3880,246709,-0.0038510911424903815
2023-08-17,3850,3850,3795,3815,254902,-0.01675257731958768
2023-08-18,3810,3860,3790,3815,223323,0.0
2023-08-21,3860,3905,3830,3865,155539,0.013106159895150737
2023-08-22,3865,3910,3855,3890,100574,0.0064683053040104355
2023-08-23,3895,3895,3830,3845,106424,-0.011568123393316143
2023-08-24,3855,3870,3830,3845,114530,0.0
2023-08-25,3845,3875,3840,3875,96877,0.007802340702210753
2023-08-28,3880,3990,3875,3990,217422,0.029677419354838808
2023-08-29,3990,4065,3970,4040,138065,0.012531328320801949
2023-08-30,4065,4100,4045,4085,153039,0.011138613861386037
2023-08-31,4090,4200,4080,4165,360937,0.019583843329253448
2023-09-01,4165,4180,4125,4140,116480,-0.00600240096038418
2023-09-04,4140,4140,4020,4070,142147,-0.016908212560386437
2023-09-05,4070,4070,4005,4040,141997,-0.0073710073710073765
2023-09-06,4020,4075,4005,4070,155312,0.007425742574257432
2023-09-07,4075,4075,3990,4000,190794,-0.017199017199017175
2023-09-08,4005,4060,3970,4060,187764,0.014999999999999902
2023-09-11,4060,4065,4010,4035,122880,-0.006157635467980316
2023-09-12,4035,4040,4005,4035,72462,0.0
2023-09-13,4030,4035,4010,4025,104042,-0.0024783147459727095
2023-09-14,4035,4060,4010,4040,149389,0.003726708074534235
2023-09-15,4035,4140,4020,4140,322982,0.024752475247524774
2023-09-18,4100,4150,4065,4065,198796,-0.018115942028985477
2023-09-19,4070,4125,4065,4090,88090,0.006150061500614923
2023-09-20,4060,4125,4060,4105,76122,0.003667481662591676
2023-09-21,4100,4140,4080,4100,161494,-0.0012180267965895553
2023-09-22,4095,4100,4045,4055,174713,-0.01097560975609757
2023-09-25,4090,4090,4020,4050,116566,-0.0012330456226880004
2023-09-26,4050,4050,4000,4030,116264,-0.004938271604938316
2023-09-27,4080,4080,3955,4070,181779,0.00992555831265518
2023-10-04,4060,4060,3990,4030,335676,-0.009828009828009798
2023-10-05,4035,4050,4025,4030,66124,0.0
2023-10-06,4040,4040,4000,4020,118185,-0.002481389578163795
2023-10-10,4010,4040,3970,3995,165988,-0.006218905472636815
2023-10-11,4040,4040,3990,4040,124051,0.01126408010012514
2023-10-12,4040,4045,4020,4030,77747,-0.0024752475247524774
2023-10-13,4040,4055,3970,4035,279053,0.001240694789081953
2023-10-16,4035,4040,4000,4020,179375,-0.0037174721189591198
2023-10-17,4020,4050,4010,4050,144243,0.00746268656716409
2023-10-18,4045,4050,4005,4025,137284,-0.006172839506172867
2023-10-19,4015,4030,3995,3995,173050,-0.007453416149068359
2023-10-20,3990,3995,3945,3955,274735,-0.010012515644555742
2023-10-23,3985,3985,3870,3885,353463,-0.017699115044247815
2023-10-24,3885,3930,3860,3895,144843,0.002574002574002643
2023-10-25,3940,3955,3900,3955,128688,0.015404364569961526
2023-10-26,3945,3945,3905,3945,112586,-0.0025284450063211006
2023-10-27,3935,3970,3925,3940,51124,-0.0012674271229404788
2023-10-30,3940,3985,3925,3980,99042,0.010152284263959421
2023-10-31,3970,3990,3935,3935,170622,-0.011306532663316604
2023-11-01,3975,3975,3925,3930,83429,-0.0012706480304955914
2023-11-02,3925,3970,3920,3960,200343,0.007633587786259444
2023-11-03,3965,4045,3960,4030,278692,0.017676767676767735
2023-11-06,4040,4070,3995,4065,178866,0.008684863523573227
2023-11-07,4065,4065,4040,4060,108014,-0.0012300123001229846
2023-11-08,4060,4070,4025,4050,108370,-0.0024630541871921707
2023-11-09,4050,4065,4035,4050,96481,0.0
2023-11-10,4050,4050,4005,4025,80778,-0.006172839506172867
2023-11-13,4050,4060,4005,4025,72966,0.0
2023-11-14,4045,4045,4015,4015,75100,-0.00248447204968949
2023-11-15,4040,4095,4040,4065,239246,0.012453300124533051
2023-11-16,4065,4080,4055,4070,101880,0.0012300123001229846
2023-11-17,4070,4130,4060,4100,154535,0.0073710073710073765
2023-11-20,4100,4160,4100,4160,188394,0.014634146341463428
2023-11-21,4160,4200,4140,4145,153238,-0.0036057692307692735
2023-11-22,4145,4155,4120,4145,80289,0.0
2023-11-23,4150,4170,4135,4150,67121,0.0012062726176116367
2023-11-24,4150,4175,4145,4160,97779,0.002409638554216942
2023-11-27,4150,4195,4150,4190,116117,0.007211538461538547
2023-11-28,4190,4195,4170,4195,116246,0.0011933174224343368
2023-11-29,4195,4195,4180,4185,73771,-0.0023837902264600697
2023-11-30,4195,4270,4195,4270,340727,0.020310633213858953
2023-12-01,4265,4375,4255,4335,1861264,0.015222482435597096
2023-12-04,4335,4360,4305,4350,237177,0.0034602076124568004
2023-12-05,4365,4365,4290,4320,241149,-0.006896551724137945
2023-12-06,4325,4325,4245,4270,209968,-0.01157407407407407
2023-12-07,4300,4300,4200,4215,214705,-0.012880562060889944
2023-12-08,4210,4245,4210,4230,118763,0.003558718861210064
2023-12-11,4230,4230,4205,4220,151958,-0.0023640661938534313
2023-12-12,4220,4255,4215,4245,198687,0.005924170616113722
2023-12-13,4250,4280,4235,4275,170251,0.007067137809187329
2023-12-14,4290,4370,4290,4315,409239,0.009356725146198785
2023-12-15,4310,4345,4260,4305,435883,-0.002317497103128674
2023-12-18,4305,4330,4225,4245,349973,-0.013937282229965153
2023-12-19,4260,4260,4210,4225,222122,-0.004711425206124886
2023-12-20,4215,4230,4195,4220,289379,-0.0011834319526626835
2023-12-21,4215,4230,4200,4220,293469,0.0
2023-12-22,4230,4230,4185,4210,329276,-0.0023696682464454666
2023-12-26,4225,4235,4150,4150,862430,-0.014251781472684133
2023-12-27,4010,4065,4000,4065,612955,-0.02048192771084334
2023-12-28,4095,4095,4055,4080,229749,0.0036900369003689537
2024-01-02,4090,4180,4080,4175,398624,0.023284313725490113
2024-01-03,4175,4190,4155,4180,240153,0.0011976047904191933
2024-01-04,4145,4195,4145,4185,177955,0.0011961722488038617
2024-01-05,4180,4185,4105,4135,248402,-0.01194743130227005
2024-01-08,4140,4175,4120,4130,141834,-0.0012091898428052694
2024-01-09,4135,4160,4125,4135,119273,0.001210653753026536
2024-01-10,4135,4150,4125,4140,139442,0.0012091898428052694
2024-01-11,4150,4170,4140,4140,155755,0.0
2024-01-12,4135,4140,4105,4110,148232,-0.007246376811594235
2024-01-15,4110,4120,4080,4105,191634,-0.0012165450121655041
2024-01-16,4105,4110,4070,4085,112760,-0.00487210718635811
2024-01-17,4085,4095,4040,4045,214406,-0.009791921664626724
2024-01-18,4070,4075,4040,4055,116245,0.0024721878862794533
2024-01-19,4070,4075,4040,4045,117741,-0.002466091245376112
2024-01-22,4070,4070,4025,4045,196583,0.0
2024-01-23,4065,4065,4025,4045,136121,0.0
2024-01-24,4040,4060,4020,4045,188062,0.0
2024-01-25,4045,4050,4030,4045,149721,0.0
2024-01-26,4065,4065,4035,4050,179056,0.0012360939431397266
2024-01-29,4050,4060,4045,4050,164710,0.0
2024-01-30,4070,4090,4045,4070,242937,0.004938271604938205
2024-01-31,4070,4070,4060,4070,192432,0.0
2024-02-01,4070,4120,4060,4120,315486,0.01228501228501222
2024-02-02,4120,4130,4075,4105,323634,-0.00364077669902918
2024-02-05,4105,4110,4060,4105,209520,0.0
2024-02-06,4095,4115,4080,4105,180118,0.0
2024-02-07,4100,4110,4080,4095,299232,-0.0024360535931789995
2024-02-08,4100,4105,4085,4100,250481,0.0012210012210012167
2024-02-13,4095,4105,4055,4070,408539,-0.007317073170731714
2024-02-14,4060,4060,4020,4025,368083,-0.011056511056511065
2024-02-15,4035,4055,4025,4055,112453,0.007453416149068248
2024-02-16,4055,4070,4045,4060,100577,0.0012330456226881115
2024-02-19,4060,4065,4035,4040,208908,-0.0049261083743842304
2024-02-20,4050,4055,4030,4040,184426,0.0
2024-02-21,4045,4045,4020,4030,205465,-0.0024752475247524774
2024-02-22,4030,4040,4015,4040,199052,0.002481389578163684
2024-02-23,4045,4045,4025,4035,171642,-0.0012376237623762387
2024-02-26,4040,4040,4025,4040,187094,0.0012391573729864103
2024-02-27,4040,4045,4020,4025,170652,-0.003712871287128716
2024-02-28,4025,4040,4020,4040,185943,0.003726708074534235
2024-02-29,4045,4120,4025,4120,863268,0.01980198019801982
2024-03-04,4120,4120,4080,4100,274885,-0.004854368932038833
2024-03-05,4095,4150,4090,4145,377869,0.01097560975609757
2024-03-06,4145,4200,4115,4185,453190,0.00965018094089265
2024-03-07,4185,4235,4160,4185,319270,0.0
2024-03-08,4160,4200,4155,4170,263409,-0.0035842293906810374
2024-03-11,4200,4210,4165,4210,267792,0.00959232613908867
2024-03-12,4205,4220,4185,4210,275231,0.0
2024-03-13,4225,4225,4175,4195,230504,-0.0035629453681710332
2024-03-14,4195,4205,4155,4180,271809,-0.0035756853396901045
2024-03-15,4180,4180,4115,4135,470040,-0.010765550239234423
2024-03-18,4150,4150,4080,4095,292843,-0.0096735187424426
2024-03-19,4100,4115,4060,4110,349547,0.00366300366300365
2024-03-20,4110,4110,4070,4085,250244,-0.006082725060827299
2024-03-21,4120,4120,4080,4095,332781,0.00244798041615657
2024-03-22,4095,4140,4090,4140,432314,0.01098901098901095
2024-03-25,4160,4185,4120,4175,359102,0.008454106280193274
2024-03-26,4170,4185,4160,4180,238638,0.0011976047904191933
2024-03-27,4180,4190,4150,4175,262000,-0.0011961722488038617
2024-03-28,4190,4195,4155,4170,354917,-0.0011976047904191933
2024-03-29,4170,4170,4140,4140,329899,-0.007194244604316502
2024-04-01,4140,4155,4110,4110,294708,-0.007246376811594235
2024-04-02,4115,4120,4080,4120,353637,0.0024330900243310083
2024-04-03,4115,4145,4095,4140,210106,0.004854368932038833
2024-04-04,4140,4150,4105,4145,219347,0.0012077294685990392
2024-04-05,4140,4145,4120,4140,202610,-0.0012062726176115257
2024-04-08,4130,4135,4080,4090,241671,-0.012077294685990392
2024-04-09,4095,4095,4075,4085,186530,-0.0012224938875305957
2024-04-11,4080,4095,4045,4065,295205,-0.004895960832313362
2024-04-12,4070,4090,4050,4075,405031,0.002460024600245969
2024-04-15,4075,4075,4050,4065,269148,-0.0024539877300613355
2024-04-16,4050,4050,3990,4005,558356,-0.014760147601476037
2024-04-17,3995,4010,3990,4000,421965,-0.0012484394506866447
2024-04-18,4000,4020,3995,4020,217798,0.004999999999999893
2024-04-19,4020,4040,4000,4040,218881,0.004975124378109541
2024-04-22,4035,4065,4025,4040,275608,0.0
2024-04-23,4040,4050,4005,4040,245732,0.0
2024-04-24,4040,4050,4030,4050,184081,0.0024752475247524774
2024-04-25,4050,4070,4035,4060,245454,0.0024691358024691024
2024-04-26,4055,4060,4020,4035,354202,-0.006157635467980316
2024-04-29,4040,4050,4015,4030,250970,-0.0012391573729864103
2024-04-30,4030,4030,4005,4030,303427,0.0
2024-05-02,4030,4035,3995,4035,255533,0.001240694789081953
2024-05-03,4035,4040,4025,4040,215817,0.0012391573729864103
2024-05-07,4040,4060,4040,4060,385467,0.004950495049504955
2024-05-08,4055,4150,4050,4150,582356,0.022167487684729092
2024-05-09,4150,4150,4115,4130,339249,-0.004819277108433773
2024-05-10,4130,4155,4125,4145,494265,0.00363196125907983
2024-05-13,4150,4175,4145,4175,491979,0.007237635705669376
2024-05-14,4160,4175,4140,4155,250562,-0.004790419161676662
2024-05-16,4170,4180,4150,4175,350558,0.004813477737665384
2024-05-17,4170,4190,4165,4190,327528,0.00359281437125758
2024-05-20,4195,4205,4140,4155,435938,-0.00835322195704058
2024-05-21,4175,4175,4145,4145,219798,-0.002406738868832692
2024-05-22,4145,4150,4100,4130,363269,-0.003618817852834688
2024-05-23,4130,4130,4100,4120,250893,-0.002421307506053294
2024-05-24,4130,4130,4090,4120,218678,0.0
2024-05-27,4120,4145,4100,4140,438454,0.004854368932038833
2024-05-28,4140,4155,4125,4150,317943,0.0024154589371980784
2024-05-29,4150,4155,4095,4110,340438,-0.009638554216867434
2024-05-30,4110,4110,4090,4110,153855,0.0
2024-05-31,4110,4150,4110,4120,353669,0.0024330900243310083
2024-06-03,4140,4140,4105,4120,266460,0.0
2024-06-04,4125,4130,4110,4120,215778,0.0
2024-06-05,4130,4130,4105,4110,345482,-0.0024271844660194164
2024-06-07,4120,4170,4110,4165,549829,0.01338199513381988
2024-06-10,4165,4165,4140,4160,214859,-0.0012004801920768582
2024-06-11,4160,4165,4135,4145,341350,-0.0036057692307692735
2024-06-12,4140,4150,4130,4140,196816,-0.0012062726176115257
2024-06-13,4140,4160,4130,4140,280036,0.0
2024-06-14,4150,4150,4130,4135,279673,-0.0012077294685990392
2024-06-17,4150,4150,4125,4135,279761,0.0
2024-06-18,4145,4145,4120,4130,269738,-0.0012091898428052694
2024-06-19,4130,4130,4105,4115,345699,-0.003631961259079941
2024-06-20,4115,4120,4090,4105,339098,-0.002430133657351119
2024-06-21,4105,4160,4090,4160,637613,0.013398294762484664
2024-06-24,4150,4150,4130,4135,220352,-0.006009615384615419
2024-06-25,4140,4145,4120,4130,532913,-0.0012091898428052694
2024-06-26,4130,4140,4120,4130,779250,0.0
2024-06-27,4000,4020,3990,4015,1110549,-0.02784503631961255
2024-06-28,4020,4020,3975,3980,682766,-0.008717310087173136
2024-07-01,4000,4000,3945,3965,649914,-0.0037688442211055717
2024-07-02,3960,3960,3935,3940,415988,-0.006305170239596425
2024-07-03,3935,3940,3915,3915,590607,-0.006345177664974666
2024-07-04,3935,3935,3840,3845,889235,-0.017879948914431676
2024-07-05,3850,3850,3770,3820,1112095,-0.006501950585175553
2024-07-08,3805,3860,3775,3860,682438,0.010471204188481575
2024-07-09,3855,3860,3790,3810,565566,-0.012953367875647714
2024-07-10,3820,3820,3800,3805,349741,-0.001312335958005284
2024-07-11,3805,3850,3805,3840,410665,0.009198423127463773
2024-07-12,3870,3915,3850,3910,442011,0.01822916666666674
2024-07-15,3925,3925,3885,3900,363687,-0.002557544757033292
2024-07-16,3910,3910,3890,3910,357538,0.002564102564102555
2024-07-17,3910,3945,3910,3930,545071,0.005115089514066584
2024-07-18,3930,3935,3895,3935,406861,0.0012722646310432406
2024-07-19,3935,3945,3890,3925,382634,-0.0025412960609910717
2024-07-22,3935,3935,3855,3900,459795,-0.006369426751592355
2024-07-23,3905,3915,3820,3825,511455,-0.019230769230769273
2024-07-24,3835,3870,3825,3870,470634,0.0117647058823529
2024-07-25,3865,3865,3820,3835,293581,-0.009043927648578864
2024-07-26,3845,3880,3845,3880,291717,0.011734028683181297
2024-07-29,3885,3920,3875,3905,208383,0.006443298969072142
2024-07-30,3910,3990,3880,3965,486791,0.015364916773367376
2024-07-31,3965,4005,3955,3975,525638,0.0025220680958386588
2024-08-01,4000,4005,3950,3980,451033,0.0012578616352201255
2024-08-02,3980,3980,3910,3925,360064,-0.013819095477386911
2024-08-05,3915,3915,3710,3735,1079268,-0.0484076433121019
2024-08-06,3770,3910,3770,3885,532679,0.04016064257028118
2024-08-07,3885,3910,3835,3850,303298,-0.009009009009009028
2024-08-08,3870,3870,3800,3810,300527,-0.010389610389610393
2024-08-09,3845,3845,3580,3680,1718744,-0.034120734908136496
2024-08-12,3670,3755,3670,3750,387680,0.01902173913043481
2024-08-13,3750,3750,3700,3720,248524,-0.008000000000000007
2024-08-14,3725,3755,3670,3715,399363,-0.0013440860215053752
2024-08-16,3720,3735,3700,3710,353313,-0.0013458950201884479
2024-08-19,3710,3720,3675,3675,287993,-0.009433962264150941
2024-08-20,3670,3705,3570,3600,1006780,-0.020408163265306145
2024-08-21,3600,3635,3570,3620,418628,0.005555555555555536
2024-08-22,3620,3630,3585,3600,372689,-0.0055248618784530246
2024-08-23,3600,3625,3580,3600,418392,0.0
2024-08-26,3605,3645,3585,3635,583693,0.009722222222222188
2024-08-27,3640,3650,3615,3640,230205,0.0013755158184318717
2024-08-28,3640,3640,3620,3630,186998,-0.0027472527472527375
2024-08-29,3640,3645,3615,3630,220970,0.0
2024-08-30,3640,3650,3620,3640,353017,0.0027548209366390353
2024-09-02,3670,3670,3630,3645,216768,0.0013736263736263687
2024-09-03,3650,3655,3635,3650,310901,0.00137174211248281
2024-09-04,3630,3640,3605,3630,389791,-0.005479452054794498
2024-09-05,3640,3640,3585,3590,312614,-0.011019283746556474
2024-09-06,3600,3620,3580,3620,453822,0.008356545961002881
2024-09-09,3610,3610,3575,3575,291805,-0.012430939226519389
2024-09-10,3595,3600,3570,3595,266446,0.005594405594405494
2024-09-11,3595,3610,3575,3610,348907,0.004172461752433909
2024-09-12,3610,3615,3580,3600,223428,-0.0027700831024930483
2024-09-13,3600,3605,3575,3600,283849,0.0
2024-09-19,3600,3635,3600,3625,415977,0.00694444444444442
2024-09-20,3640,3645,3600,3645,789675,0.0055172413793103114
2024-09-23,3645,3645,3590,3605,370989,-0.010973936899862813
2024-09-24,3615,3620,3595,3605,383392,0.0
2024-09-25,3605,3630,3590,3600,445795,-0.001386962552011095
2024-09-26,3610,3620,3590,3610,335427,0.002777777777777768
2024-09-27,3610,3615,3585,3600,490690,-0.0027700831024930483
2024-09-30,3600,3600,3535,3540,552960,-0.01666666666666672
2024-10-02,3540,3540,3355,3400,1452347,-0.039548022598870025
2024-10-04,3400,3420,3290,3305,955502,-0.027941176470588247
2024-10-07,3305,3325,3140,3195,1503928,-0.033282904689863835
2024-10-08,3175,3185,3110,3135,1178791,-0.018779342723004744
2024-10-10,3135,3200,3135,3190,2501881,0.01754385964912286
2024-10-11,3190,3350,3185,3300,1019068,0.034482758620689724
2024-10-14,3320,3355,3260,3295,553509,-0.0015151515151514694
2024-10-15,3325,3330,3280,3310,545369,0.004552352048558417
2024-10-16,3315,3315,3260,3300,295861,-0.0030211480362537513
2024-10-17,3345,3345,3295,3320,222305,0.0060606060606061
2024-10-18,3320,3335,3295,3315,189042,-0.001506024096385561
2024-10-21,3325,3350,3300,3330,311098,0.004524886877828038
2024-10-22,3330,3335,3280,3295,325028,-0.010510510510510551
2024-10-23,3295,3325,3265,3280,323765,-0.004552352048558417
2024-10-24,3280,3285,3250,3270,180732,-0.0030487804878048808
2024-10-25,3270,3275,3160,3195,649174,-0.022935779816513735
2024-10-28,3195,3200,3045,3105,940199,-0.028169014084507005
2024-10-29,3105,3120,3050,3115,334825,0.0032206119162641045
2024-10-30,3135,3135,3055,3070,444511,-0.014446227929374
2024-10-31,3060,3115,3050,3115,573077,0.014657980456026065
2024-11-01,3115,3115,3065,3070,189622,-0.014446227929374
2024-11-04,3070,3075,3010,3025,464793,-0.014657980456026065
2024-11-05,3030,3080,3025,3060,412481,0.011570247933884392
2024-11-06,3060,3095,2995,3020,633648,-0.013071895424836555
2024-11-07,3020,3020,2985,3000,289208,-0.0066225165562914245
2024-11-08,3010,3025,2995,3000,363167,0.0
2024-11-11,3000,3010,2945,2960,519892,-0.013333333333333308
2024-11-12,2960,2965,2825,2825,3412639,-0.045608108108108114
2024-11-13,2840,2955,2840,2930,771237,0.03716814159292037
2024-11-14,2925,2930,2835,2850,516794,-0.027303754266211566
2024-11-15,2850,2880,2815,2880,372888,0.010526315789473717
2024-11-18,2880,2955,2870,2895,374726,0.005208333333333259
2024-11-19,2895,2920,2865,2905,253325,0.003454231433505983
2024-11-20,2905,2950,2880,2950,296433,0.015490533562822817
2024-11-21,2940,2980,2930,2975,375117,0.008474576271186418
2024-11-22,2955,2990,2955,2975,345536,0.0
2024-11-25,2975,3005,2920,2935,436662,-0.013445378151260456
2024-11-26,2930,2965,2920,2965,211219,0.010221465076660996
2024-11-27,2955,2985,2935,2985,211950,0.006745362563237878
2024-11-28,2990,3045,2970,3015,593145,0.01005025125628145
2024-11-29,3040,3040,2970,2980,337371,-0.011608623548922004
2024-12-02,3005,3005,2935,2970,389321,-0.003355704697986628
2024-12-03,2990,2990,2930,2960,415516,-0.0033670033670033517
2024-12-04,2930,2945,2890,2935,428904,-0.008445945945945943
2024-12-05,2920,2960,2895,2910,398316,-0.008517887563884163
2024-12-06,2920,2925,2880,2925,380043,0.005154639175257714
2024-12-09,2895,2915,2800,2835,598095,-0.03076923076923077
2024-12-10,2830,2915,2830,2915,254063,0.02821869488536155
2024-12-11,2915,3020,2900,3015,373322,0.03430531732418518
2024-12-12,3010,3110,3000,3075,826017,0.01990049751243772
2024-12-13,3075,3075,2990,3000,516146,-0.024390243902439046
2024-12-16,3005,3020,2910,2960,768971,-0.013333333333333308
2024-12-17,2990,3050,2910,2965,806076,0.0016891891891892552
2024-12-18,2970,2970,2905,2925,698648,-0.013490725126475533
2024-12-19,2895,2960,2870,2940,808996,0.00512820512820511
2024-12-20,2940,2950,2880,2885,654098,-0.018707482993197244
2024-12-23,2890,2915,2835,2905,598814,0.006932409012131657
2024-12-24,2910,2955,2905,2950,550310,0.015490533562822817
2024-12-26,2935,2975,2910,2915,872449,-0.011864406779661052
2024-12-27,2780,2845,2765,2815,887006,-0.03430531732418529
2024-12-30,2815,2815,2755,2755,655475,-0.02131438721136769
2025-01-02,2755,2790,2715,2755,697323,0.0
2025-01-03,2755,2795,2720,2780,307957,0.00907441016333932
2025-01-06,2780,2800,2750,2785,455062,0.0017985611510791255
2025-01-07,2795,2815,2775,2785,254242,0.0
2025-01-08,2755,2800,2755,2790,171108,0.0017953321364452268
2025-01-09,2790,2795,2700,2705,904675,-0.03046594982078854
2025-01-10,2710,2730,2680,2715,1338138,0.003696857670979714
2025-01-13,2715,2730,2665,2670,377335,-0.016574585635359074
2025-01-14,2670,2695,2645,2660,344357,-0.0037453183520599342
2025-01-15,2660,2670,2610,2610,2395944,-0.018796992481203034
2025-01-16,2610,2630,2515,2520,1340848,-0.03448275862068961
2025-01-17,2505,2530,2375,2445,2430973,-0.029761904761904767
2025-01-20,2460,2465,2335,2355,1757806,-0.036809815950920255
2025-01-21,2340,2480,2335,2480,999590,0.05307855626326963
2025-01-22,2465,2475,2410,2460,410927,-0.008064516129032251
2025-01-23,2440,2490,2440,2465,325316,0.00203252032520318
2025-01-24,2475,2515,2445,2510,362785,0.018255578093306246
2025-01-31,2510,2510,2420,2455,462348,-0.021912350597609542
2025-02-03,2460,2465,2415,2425,327786,-0.012219959266802416
2025-02-04,2445,2500,2435,2480,278705,0.02268041237113394
2025-02-05,2485,2520,2475,2480,245174,0.0
2025-02-06,2485,2535,2475,2530,321167,0.02016129032258074
2025-02-07,2530,2535,2500,2505,218226,-0.00988142292490124
2025-02-10,2505,2505,2435,2465,285189,-0.015968063872255467
2025-02-11,2465,2485,2430,2460,297169,-0.0020283975659228792
2025-02-12,2455,2455,2405,2420,329897,-0.016260162601625994
2025-02-13,2420,2440,2410,2425,205301,0.0020661157024792765
2025-02-14,2415,2450,2405,2435,230125,0.004123711340206171
2025-02-17,2435,2510,2430,2485,377402,0.02053388090349073
2025-02-18,2495,2495,2450,2465,380283,-0.008048289738430636
2025-02-19,2485,2490,2460,2465,576992,0.0
2025-02-20,2475,2500,2465,2470,671042,0.0020283975659229903
2025-02-21,2470,2510,2450,2500,587807,0.012145748987854255
2025-02-24,2500,2540,2480,2505,753275,0.0020000000000000018
2025-02-25,2510,2530,2490,2530,681271,0.009980039920159722
2025-02-26,2525,2620,2520,2575,660865,0.01778656126482203
2025-02-27,2575,2635,2550,2630,539101,0.021359223300970953
2025-02-28,2615,2650,2555,2555,2138501,-0.028517110266159662
2025-03-04,2560,2625,2555,2620,605327,0.02544031311154593
2025-03-05,2620,2685,2620,2675,491993,0.020992366412213803
2025-03-06,2695,2750,2675,2750,599473,0.028037383177569986
2025-03-07,2740,2790,2655,2665,543582,-0.030909090909090886
2025-03-10,2665,2685,2640,2675,357534,0.0037523452157599557
2025-03-11,2660,2670,2605,2620,486686,-0.020560747663551426
2025-03-12,2610,2625,2585,2610,446783,-0.003816793893129722
2025-03-13,2625,2625,2565,2615,367758,0.0019157088122605526
2025-03-14,2615,2625,2585,2600,203587,-0.005736137667303964
2025-03-17,2595,2615,2590,2615,238387,0.005769230769230749
2025-03-18,2620,2665,2615,2665,389675,0.019120458891013437
2025-03-19,2665,2680,2640,2680,243032,0.0056285178236397115
2025-03-20,2680,2690,2660,2680,209248,0.0
2025-03-21,2680,2685,2605,2620,510731,-0.02238805970149249
2025-03-24,2600,2665,2600,2655,314695,0.013358778625954137
2025-03-25,2655,2675,2630,2650,244046,-0.0018832391713747842
2025-03-26,2650,2685,2640,2680,275462,0.01132075471698113
2025-03-27,2670,2685,2645,2670,191759,-0.003731343283582045
2025-03-28,2675,2680,2640,2680,159274,0.0037453183520599342
2025-03-31,2675,2675,2615,2620,293171,-0.02238805970149249
2025-04-01,2645,2675,2610,2640,214571,0.007633587786259444
2025-04-02,2640,2655,2610,2610,371526,-0.011363636363636354
2025-04-03,2605,2650,2585,2645,249220,0.013409961685823646
2025-04-04,2650,2650,2605,2650,305375,0.001890359168241984
2025-04-07,2635,2635,2520,2575,955780,-0.028301886792452824
2025-04-08,2585,2620,2570,2580,438018,0.001941747572815622
2025-04-09,2580,2580,2460,2555,781788,-0.009689922480620172
2025-04-10,2590,2610,2550,2575,375393,0.007827788649706457
2025-04-11,2570,2585,2535,2585,319537,0.003883495145631022
2025-04-14,2585,2610,2570,2580,385433,-0.0019342359767892114
2025-04-15,2580,2620,2570,2620,312955,0.015503875968992276
2025-04-16,2615,2645,2600,2635,263643,0.005725190839694694
2025-04-17,2615,2645,2615,2640,221559,0.00189753320683117
2025-04-18,2640,2675,2625,2675,256341,0.01325757575757569
2025-04-21,2675,2715,2665,2675,256211,0.0
2025-04-22,2660,2675,2640,2665,240871,-0.0037383177570093906
2025-04-23,2660,2695,2645,2680,246077,0.0056285178236397115
2025-04-24,2690,2690,2650,2670,285154,-0.003731343283582045
2025-04-25,2680,2700,2655,2685,280073,0.00561797752808979
2025-04-28,2685,2730,2680,2720,336445,0.013035381750465591
2025-04-29,2720,2725,2695,2725,270902,0.0018382352941177516
2025-04-30,2725,2770,2720,2740,349197,0.005504587155963359
2025-05-02,2750,2770,2720,2765,392693,0.009124087591240837
2025-05-07,2765,2775,2700,2730,476525,-0.012658227848101222
2025-05-08,2735,2755,2700,2755,340247,0.009157509157509125
2025-05-09,2755,2785,2735,2755,453510,0.0
2025-05-12,2755,2785,2740,2760,361615,0.001814882032667775
2025-05-13,2765,2780,2730,2780,347774,0.007246376811594235
2025-05-14,2780,2785,2755,2765,222773,-0.0053956834532373765
2025-05-15,2765,2770,2720,2735,271478,-0.010849909584086825
2025-05-16,2740,2755,2720,2755,203075,0.007312614259597838
2025-05-19,2755,2775,2725,2730,185347,-0.00907441016333943
2025-05-20,2730,2760,2730,2760,292505,0.01098901098901095
2025-05-21,2760,2775,2745,2770,281384,0.0036231884057971175
2025-05-22,2770,2770,2720,2740,339198,-0.010830324909747335
2025-05-23,2740,2760,2695,2720,1352375,-0.007299270072992692
2025-05-26,2725,2755,2700,2755,453271,0.012867647058823595
2025-05-27,2755,2790,2745,2785,532718,0.010889292196007316
