Date,Open,High,Low,Close,Volume,Change
2022-01-03,2990,3085,2970,3030,216112,0.021922428330522825
2022-01-04,3045,3060,2975,3030,140245,0.0
2022-01-05,3045,3100,3000,3055,191907,0.008250825082508184
2022-01-06,3020,3150,2975,3125,503455,0.022913256955810146
2022-01-07,3155,3180,3070,3150,380563,0.008000000000000007
2022-01-10,3145,3145,3060,3085,228330,-0.020634920634920673
2022-01-11,3085,3085,2985,2990,223696,-0.030794165316045397
2022-01-12,3045,3045,2975,3030,92844,0.013377926421404673
2022-01-13,3050,3050,2985,3010,120442,-0.0066006600660065695
2022-01-14,3010,3030,2975,3010,118160,0.0
2022-01-17,3005,3025,2895,2930,162975,-0.02657807308970095
2022-01-18,2880,2950,2860,2860,134120,-0.023890784982935176
2022-01-19,2840,2930,2780,2800,155959,-0.020979020979020935
2022-01-20,2800,2845,2790,2845,82358,0.016071428571428514
2022-01-21,2845,2875,2815,2825,101232,-0.007029876977152849
2022-01-24,2810,2840,2775,2795,112482,-0.010619469026548645
2022-01-25,2795,2800,2515,2545,488337,-0.08944543828264762
2022-01-26,2540,2615,2535,2565,160280,0.007858546168958647
2022-01-27,2590,2595,2445,2450,190100,-0.04483430799220278
2022-01-28,2405,2545,2395,2545,204382,0.038775510204081653
2022-02-03,2585,2670,2585,2660,119501,0.04518664047151266
2022-02-04,2615,2725,2615,2685,169525,0.009398496240601517
2022-02-07,2710,2750,2680,2705,82376,0.007448789571694592
2022-02-08,2705,2735,2675,2680,52374,-0.009242144177449174
2022-02-09,2730,2745,2690,2730,62728,0.018656716417910557
2022-02-10,2720,2750,2700,2725,67917,-0.001831501831501825
2022-02-11,2720,2740,2685,2690,83399,-0.012844036697247652
2022-02-14,2660,2660,2545,2560,197245,-0.048327137546468446
2022-02-15,2560,2575,2480,2535,86018,-0.009765625
2022-02-16,2560,2595,2550,2590,69502,0.021696252465483346
2022-02-17,2625,2675,2580,2630,151734,0.015444015444015413
2022-02-18,2570,2695,2570,2680,100841,0.019011406844106515
2022-02-21,2650,2705,2630,2690,70847,0.003731343283582156
2022-02-22,2685,2695,2580,2590,110609,-0.03717472118959109
2022-02-23,2550,2645,2550,2625,68642,0.013513513513513598
2022-02-24,2630,2635,2485,2520,180785,-0.040000000000000036
2022-02-25,2545,2600,2530,2545,88356,0.009920634920634885
2022-02-28,2575,2600,2545,2595,51953,0.01964636542239684
2022-03-02,2570,2660,2570,2645,106005,0.019267822736030782
2022-03-03,2645,2670,2620,2655,123801,0.003780718336483968
2022-03-04,2655,2690,2610,2630,94481,-0.00941619585687381
2022-03-07,2630,2640,2570,2585,102584,-0.017110266159695797
2022-03-08,2545,2565,2505,2540,124867,-0.01740812379110257
2022-03-10,2505,2525,2475,2490,214960,-0.019685039370078705
2022-03-11,2500,2550,2495,2545,104357,0.02208835341365467
2022-03-14,2525,2575,2475,2500,180505,-0.017681728880157177
2022-03-15,2455,2510,2455,2510,156760,0.0040000000000000036
2022-03-16,2520,2570,2520,2570,129189,0.0239043824701195
2022-03-17,2585,2615,2570,2585,115050,0.005836575875486361
2022-03-18,2585,2645,2570,2625,173627,0.015473887814313247
2022-03-21,2710,2810,2635,2645,456850,0.007619047619047636
2022-03-22,2645,2675,2640,2650,96652,0.001890359168241984
2022-03-23,2645,2670,2620,2630,135439,-0.007547169811320753
2022-03-24,2630,2645,2610,2630,106505,0.0
2022-03-25,2655,2715,2620,2700,245293,0.026615969581748944
2022-03-28,2700,2785,2650,2720,238843,0.007407407407407307
2022-03-29,2720,2735,2615,2685,111811,-0.012867647058823484
2022-03-30,2690,2730,2685,2710,104357,0.009310986964618184
2022-03-31,2710,2740,2655,2740,385703,0.011070110701107083
2022-04-01,3320,3555,3060,3550,18055115,0.2956204379562044
2022-04-04,4025,4615,4020,4615,24745854,0.30000000000000004
2022-04-05,4160,4880,3235,3285,36271202,-0.28819068255687974
2022-04-06,3215,3460,2890,3000,13345249,-0.08675799086757996
2022-04-07,2860,2895,2745,2780,4110340,-0.07333333333333336
2022-04-08,2790,2870,2665,2720,2969036,-0.021582733812949617
2022-04-11,2790,2850,2720,2735,1573334,0.005514705882353033
2022-04-12,2700,2755,2520,2575,2027673,-0.058500914076782484
2022-04-13,2555,2575,2515,2550,812960,-0.009708737864077666
2022-04-14,2555,2615,2535,2590,561593,0.015686274509803866
2022-04-15,2600,2655,2545,2555,841374,-0.013513513513513487
2022-04-18,2555,2560,2505,2535,486214,-0.007827788649706457
2022-04-19,2535,3020,2510,2860,12857200,0.1282051282051282
2022-04-20,2840,2990,2645,2710,8382223,-0.05244755244755239
2022-04-21,2750,2760,2615,2625,1308240,-0.03136531365313655
2022-04-22,2600,2665,2550,2565,831773,-0.02285714285714291
2022-04-25,2560,2730,2535,2615,1475798,0.01949317738791434
2022-04-26,2615,2645,2595,2600,484617,-0.005736137667303964
2022-04-27,2590,2605,2530,2580,486668,-0.007692307692307665
2022-04-28,2560,2590,2540,2555,308317,-0.009689922480620172
2022-04-29,2560,2620,2560,2600,308530,0.017612524461839474
2022-05-02,2575,2660,2555,2630,312327,0.011538461538461497
2022-05-03,2630,2675,2610,2640,536189,0.0038022813688212143
2022-05-04,2640,2645,2565,2580,283407,-0.022727272727272707
2022-05-06,2555,2595,2550,2580,267003,0.0
2022-05-09,2585,2620,2540,2550,504131,-0.011627906976744207
2022-05-10,2535,2535,2410,2500,377449,-0.019607843137254943
2022-05-11,2515,2570,2470,2515,328498,0.006000000000000005
2022-05-12,2470,2505,2320,2325,676415,-0.07554671968190851
2022-05-13,2330,2400,2240,2330,657463,0.0021505376344086446
2022-05-16,2330,2395,2310,2365,199160,0.015021459227467782
2022-05-17,2365,2390,2345,2380,110288,0.00634249471458781
2022-05-18,2375,2420,2375,2385,216054,0.0021008403361344463
2022-05-19,2350,2350,2175,2290,317269,-0.03983228511530401
2022-05-20,2280,2310,2280,2295,161170,0.0021834061135370675
2022-05-23,2295,2315,2260,2300,140769,0.002178649237472685
2022-05-24,2300,2300,2260,2265,155002,-0.01521739130434785
2022-05-25,2255,2280,2225,2270,162452,0.002207505518763808
2022-05-26,2270,2330,2270,2295,192691,0.011013215859030812
2022-05-27,2325,2355,2290,2350,112107,0.023965141612200425
2022-05-30,2360,2445,2360,2445,229915,0.04042553191489362
2022-05-31,2375,2400,2310,2355,354601,-0.036809815950920255
2022-06-02,2390,2400,2350,2360,198835,0.002123142250530785
2022-06-03,2390,2390,2350,2360,108063,0.0
2022-06-07,2340,2360,2300,2320,257661,-0.016949152542372836
2022-06-08,2320,2340,2290,2295,186334,-0.010775862068965525
2022-06-09,2400,2630,2285,2475,12114865,0.07843137254901955
2022-06-10,2425,2515,2255,2275,2386083,-0.08080808080808077
2022-06-13,2245,2300,2175,2175,499159,-0.04395604395604391
2022-06-14,2100,2145,2010,2100,418368,-0.03448275862068961
2022-06-15,2075,2210,2040,2045,826068,-0.02619047619047621
2022-06-16,2065,2115,2035,2035,264547,-0.004889975550122272
2022-06-17,1950,2020,1945,1985,284548,-0.02457002457002455
2022-06-20,1985,2015,1865,1880,315921,-0.052896725440806036
2022-06-21,1855,1980,1855,1930,245679,0.02659574468085113
2022-06-22,1915,1930,1810,1810,239756,-0.06217616580310881
2022-06-23,1785,1825,1595,1605,784298,-0.11325966850828728
2022-06-24,1585,1720,1585,1715,352711,0.06853582554517135
2022-06-27,1720,1785,1710,1775,267081,0.03498542274052485
2022-06-28,1755,1790,1730,1770,191893,-0.0028169014084507005
2022-06-29,1750,1780,1730,1770,119594,0.0
2022-06-30,1750,1770,1700,1700,100226,-0.039548022598870025
2022-07-01,1685,1750,1610,1645,178970,-0.032352941176470584
2022-07-04,1640,1675,1580,1620,156319,-0.015197568389057725
2022-07-05,1620,1685,1595,1670,96899,0.030864197530864113
2022-07-06,1680,1695,1615,1650,76956,-0.0119760479041916
2022-07-07,1650,1685,1650,1675,56923,0.015151515151515138
2022-07-08,1685,1770,1680,1730,259988,0.032835820895522394
2022-07-11,1740,1740,1690,1715,94989,-0.00867052023121384
2022-07-12,1695,1710,1630,1660,165254,-0.03206997084548102
2022-07-13,1660,1665,1625,1660,68419,0.0
2022-07-14,1660,1680,1645,1675,67430,0.009036144578313143
2022-07-15,1675,1685,1625,1640,77906,-0.020895522388059695
2022-07-18,1650,1705,1650,1700,100513,0.03658536585365857
2022-07-19,1695,1740,1670,1715,91150,0.008823529411764675
2022-07-20,1735,1780,1725,1755,171208,0.023323615160349753
2022-07-21,1765,1775,1740,1760,67146,0.002849002849002913
2022-07-22,1750,1780,1745,1745,80675,-0.008522727272727293
2022-07-25,1745,1770,1730,1760,55269,0.008595988538681931
2022-07-26,1765,1795,1730,1785,173718,0.014204545454545414
2022-07-27,1805,1825,1770,1825,138664,0.022408963585434094
2022-07-28,1840,1840,1800,1810,107092,-0.008219178082191747
2022-07-29,1800,1820,1795,1800,94930,-0.0055248618784530246
2022-08-01,1815,1845,1785,1810,59624,0.005555555555555536
2022-08-02,1820,1820,1765,1785,93298,-0.013812154696132617
2022-08-03,1775,1815,1765,1815,42772,0.01680672268907557
2022-08-04,1815,1845,1800,1835,109421,0.011019283746556363
2022-08-05,1835,1850,1830,1850,69308,0.008174386920980936
2022-08-08,1860,1860,1810,1825,94860,-0.013513513513513487
2022-08-09,1810,2080,1800,1890,1065806,0.03561643835616435
2022-08-10,1835,2185,1805,1950,8732729,0.031746031746031855
2022-08-11,1945,2020,1905,1940,706953,-0.00512820512820511
2022-08-12,1940,1970,1905,1915,284805,-0.012886597938144284
2022-08-16,1930,1930,1865,1870,271201,-0.023498694516971286
2022-08-17,1860,1890,1835,1835,260050,-0.018716577540106916
2022-08-18,1835,1845,1780,1820,201304,-0.008174386920980936
2022-08-19,1810,1860,1805,1805,97875,-0.008241758241758212
2022-08-22,1800,1800,1730,1745,204976,-0.03324099722991691
2022-08-23,1715,1750,1690,1715,119160,-0.017191977077363862
2022-08-24,1700,1765,1700,1715,95120,0.0
2022-08-25,1705,1765,1705,1735,104255,0.011661807580174877
2022-08-26,1750,1780,1745,1750,68132,0.008645533141210304
2022-08-29,1750,1750,1685,1700,96850,-0.02857142857142858
2022-08-30,1695,1725,1680,1725,76282,0.014705882352941124
2022-08-31,1735,1770,1680,1730,158828,0.0028985507246377384
2022-09-01,1730,2000,1710,1770,4674293,0.023121387283236983
2022-09-02,1785,1810,1720,1720,695272,-0.02824858757062143
2022-09-05,1710,1740,1635,1635,245667,-0.04941860465116277
2022-09-06,1625,1700,1625,1670,146843,0.021406727828746197
2022-09-07,1690,1705,1635,1650,94728,-0.0119760479041916
2022-09-08,1650,1680,1640,1650,89020,0.0
2022-09-13,1650,1685,1650,1680,99152,0.018181818181818077
2022-09-14,1660,1685,1630,1685,88801,0.0029761904761904656
2022-09-15,1715,1720,1660,1660,124164,-0.014836795252225476
2022-09-16,1655,1670,1620,1630,86205,-0.01807228915662651
2022-09-19,1640,1640,1540,1560,260350,-0.042944785276073594
2022-09-20,1560,1575,1525,1540,96659,-0.012820512820512775
2022-09-21,1540,1555,1530,1555,62103,0.009740259740259827
2022-09-22,1515,1540,1490,1525,188184,-0.019292604501607746
2022-09-23,1515,1515,1435,1450,160315,-0.049180327868852514
2022-09-26,1420,1430,1350,1365,186441,-0.05862068965517242
2022-09-27,1355,1400,1335,1365,139169,0.0
2022-09-28,1340,1390,1295,1310,141404,-0.04029304029304026
2022-09-29,1320,1375,1310,1325,54406,0.011450381679389388
2022-09-30,1310,1335,1255,1310,96533,-0.01132075471698113
2022-10-04,1320,1345,1310,1325,95442,0.011450381679389388
2022-10-05,1360,1390,1305,1310,134027,-0.01132075471698113
2022-10-06,1310,1375,1310,1360,82986,0.03816793893129766
2022-10-07,1360,1395,1340,1350,84349,-0.007352941176470562
2022-10-11,1340,1340,1270,1285,96908,-0.04814814814814816
2022-10-12,1270,1280,1250,1270,116288,-0.011673151750972721
2022-10-13,1255,1260,1170,1190,201364,-0.06299212598425197
2022-10-14,1200,1295,1200,1280,130630,0.07563025210084029
2022-10-17,1280,1335,1265,1305,72716,0.01953125
2022-10-18,1315,1350,1315,1320,58925,0.011494252873563315
2022-10-19,1325,1350,1295,1295,52876,-0.018939393939393923
2022-10-20,1335,1335,1265,1280,54585,-0.01158301158301156
2022-10-21,1260,1275,1235,1235,48822,-0.03515625
2022-10-24,1245,1275,1225,1245,101972,0.00809716599190291
2022-10-25,1270,1275,1225,1260,67168,0.012048192771084265
2022-10-26,1280,1295,1230,1255,61819,-0.003968253968253954
2022-10-27,1255,1280,1230,1255,31365,0.0
2022-10-28,1280,1280,1235,1250,33719,-0.003984063745019917
2022-10-31,1255,1305,1250,1255,69929,0.0040000000000000036
2022-11-01,1255,1305,1255,1305,61871,0.03984063745019917
2022-11-02,1305,1315,1280,1310,50792,0.003831417624521105
2022-11-03,1285,1305,1265,1300,20128,-0.007633587786259555
2022-11-04,1285,1315,1275,1310,43788,0.007692307692307665
2022-11-07,1310,1330,1300,1330,64546,0.01526717557251911
2022-11-08,1330,1370,1330,1355,72119,0.018796992481203034
2022-11-09,1355,1375,1345,1365,79659,0.007380073800737907
2022-11-10,1360,1370,1330,1360,79525,-0.00366300366300365
2022-11-11,1400,1420,1370,1410,109173,0.03676470588235303
2022-11-14,1405,1460,1405,1450,106573,0.028368794326241176
2022-11-15,1435,1615,1405,1455,1213854,0.0034482758620688614
2022-11-16,1455,1460,1420,1445,154690,-0.0068728522336769515
2022-11-17,1430,1445,1420,1425,58503,-0.01384083044982698
2022-11-18,1425,1455,1390,1405,206433,-0.01403508771929829
2022-11-21,1415,1430,1375,1400,106131,-0.003558718861209953
2022-11-22,1380,1430,1380,1410,68216,0.0071428571428571175
2022-11-23,1410,1460,1410,1445,77578,0.024822695035461084
2022-11-24,1460,1490,1435,1450,70323,0.0034602076124568004
2022-11-25,1445,1470,1435,1440,81457,-0.006896551724137945
2022-11-28,1445,1450,1395,1405,71933,-0.02430555555555558
2022-11-29,1380,1435,1380,1435,32039,0.021352313167259718
2022-11-30,1415,1445,1405,1415,98362,-0.013937282229965153
2022-12-01,1425,1450,1420,1445,78130,0.021201413427561766
2022-12-02,1445,1470,1430,1450,118920,0.0034602076124568004
2022-12-05,1440,1460,1420,1455,96034,0.0034482758620688614
2022-12-06,1450,1450,1405,1405,61092,-0.03436426116838487
2022-12-07,1385,1420,1385,1395,62604,-0.007117437722419906
2022-12-08,1395,1430,1360,1395,74027,0.0
2022-12-09,1395,1720,1390,1470,4359917,0.053763440860215006
2022-12-12,1475,1620,1455,1515,2471383,0.030612244897959107
2022-12-13,1515,1645,1485,1500,1418916,-0.00990099009900991
2022-12-14,1500,1530,1450,1500,297401,0.0
2022-12-15,1485,1510,1470,1480,140040,-0.013333333333333308
2022-12-16,1475,1480,1445,1480,88356,0.0
2022-12-19,1470,1495,1450,1460,89468,-0.013513513513513487
2022-12-20,1445,1455,1385,1390,151501,-0.047945205479452024
2022-12-21,1385,1390,1365,1375,68488,-0.010791366906474864
2022-12-22,1380,1410,1370,1405,87721,0.021818181818181737
2022-12-23,1405,1410,1370,1370,66737,-0.02491103202846978
2022-12-26,1370,1370,1300,1300,166657,-0.051094890510948954
2022-12-27,1300,1335,1290,1305,125348,0.0038461538461538325
2022-12-28,1320,1330,1295,1305,70360,0.0
2022-12-29,1300,1300,1250,1270,96683,-0.026819923371647514
2023-01-02,1270,1285,1230,1235,135527,-0.027559055118110187
2023-01-03,1235,1245,1175,1245,147932,0.00809716599190291
2023-01-04,1205,1290,1205,1270,61449,0.02008032128514059
2023-01-05,1295,1305,1280,1280,24209,0.007874015748031482
2023-01-06,1280,1305,1280,1290,39155,0.0078125
2023-01-09,1305,1330,1305,1330,72059,0.03100775193798455
2023-01-10,1335,1355,1315,1345,71000,0.011278195488721776
2023-01-11,1355,1360,1325,1355,37598,0.0074349442379182396
2023-01-12,1355,1365,1320,1350,50953,-0.0036900369003689537
2023-01-13,1350,1685,1350,1445,8649796,0.07037037037037042
2023-01-16,1450,1470,1420,1420,420535,-0.01730103806228378
2023-01-17,1420,1500,1390,1390,754950,-0.021126760563380254
2023-01-18,1380,1400,1330,1335,329711,-0.03956834532374098
2023-01-19,1335,1365,1330,1345,204664,0.0074906367041198685
2023-01-20,1345,1395,1335,1365,109199,0.014869888475836479
2023-01-25,1386,1398,1358,1382,75381,0.01245421245421241
2023-01-26,1382,1399,1375,1381,76297,-0.0007235890014472002
2023-01-27,1382,1426,1377,1415,132820,0.024619840695148554
2023-01-30,1427,1427,1401,1417,68320,0.001413427561837377
2023-01-31,1404,1413,1393,1397,76748,-0.014114326040931546
2023-02-01,1397,1415,1386,1399,98497,0.0014316392269149159
2023-02-02,1399,1425,1399,1422,100082,0.01644031451036465
2023-02-03,1438,1459,1415,1446,145492,0.016877637130801704
2023-02-06,1446,1458,1400,1452,99331,0.004149377593360981
2023-02-07,1435,1450,1429,1434,74270,-0.012396694214875992
2023-02-08,1437,1460,1426,1457,97240,0.016039051603905063
2023-02-09,1457,1480,1452,1465,148565,0.005490734385724005
2023-02-10,1439,1440,1397,1402,261834,-0.04300341296928323
2023-02-13,1402,1402,1350,1400,202876,-0.0014265335235378318
2023-02-14,1386,1403,1381,1389,87859,-0.007857142857142896
2023-02-15,1401,1401,1338,1338,130932,-0.036717062634989195
2023-02-16,1338,1357,1322,1346,78010,0.005979073243647326
2023-02-17,1346,1387,1343,1353,68467,0.005200594353640398
2023-02-20,1353,1374,1335,1374,80475,0.015521064301552201
2023-02-21,1381,1392,1361,1364,68830,-0.00727802037845704
2023-02-22,1363,1363,1330,1330,101025,-0.024926686217008776
2023-02-23,1323,1341,1315,1341,97860,0.008270676691729317
2023-02-24,1355,1381,1317,1323,86344,-0.01342281879194629
2023-02-27,1319,1374,1301,1372,151807,0.03703703703703698
2023-02-28,1362,1422,1351,1400,162566,0.020408163265306145
2023-03-02,1400,1404,1362,1377,77969,-0.01642857142857146
2023-03-03,1379,1398,1374,1391,69491,0.010167029774872827
2023-03-06,1387,1400,1351,1375,85720,-0.011502516175413424
2023-03-07,1377,1377,1349,1356,64452,-0.01381818181818184
2023-03-08,1354,1354,1331,1335,103259,-0.015486725663716783
2023-03-09,1334,1334,1301,1305,148085,-0.022471910112359605
2023-03-10,1296,1296,1255,1274,119793,-0.023754789272030674
2023-03-13,1258,1258,1213,1256,157941,-0.014128728414442682
2023-03-14,1242,1242,1200,1223,137365,-0.026273885350318493
2023-03-15,1223,1236,1211,1224,77098,0.0008176614881438837
2023-03-16,1228,1309,1228,1274,141521,0.040849673202614456
2023-03-17,1290,1293,1268,1287,81776,0.010204081632652962
2023-03-20,1285,1299,1269,1277,66685,-0.007770007770007803
2023-03-21,1284,1284,1246,1258,41656,-0.014878621769772948
2023-03-22,1258,1259,1226,1246,71077,-0.009538950715421324
2023-03-23,1243,1246,1221,1223,80716,-0.018459069020866803
2023-03-24,1271,1280,1243,1254,125912,0.025347506132461062
2023-03-27,1262,1272,1220,1236,99273,-0.014354066985645897
2023-03-28,1239,1252,1235,1237,55801,0.0008090614886731018
2023-03-29,1247,1247,1228,1234,55768,-0.0024252223120452276
2023-03-30,1241,1310,1230,1304,207720,0.05672609400324147
2023-03-31,1310,1498,1298,1432,1787310,0.09815950920245409
2023-04-03,1431,1496,1391,1455,520508,0.0160614525139664
2023-04-04,1435,1466,1401,1460,216205,0.0034364261168384758
2023-04-05,1460,1473,1370,1473,214154,0.008904109589041198
2023-04-06,1473,1473,1401,1401,151503,-0.048879837067209775
2023-04-07,1402,1432,1380,1387,125747,-0.009992862241256284
2023-04-10,1387,1387,1330,1356,145534,-0.022350396539293493
2023-04-11,1349,1383,1315,1356,180788,0.0
2023-04-12,1357,1415,1356,1407,158249,0.03761061946902644
2023-04-13,1402,1413,1359,1412,104492,0.003553660270078085
2023-04-14,1413,1421,1380,1407,100107,-0.003541076487252104
2023-04-17,1407,1433,1387,1428,146359,0.014925373134328401
2023-04-18,1428,1460,1393,1415,155050,-0.0091036414565826
2023-04-19,1415,1460,1408,1415,246712,0.0
2023-04-20,1415,1415,1363,1366,177770,-0.034628975265017625
2023-04-21,1366,1372,1325,1328,133327,-0.027818448023426035
2023-04-24,1328,1341,1308,1317,78044,-0.008283132530120474
2023-04-25,1317,1330,1305,1319,133487,0.0015186028853455547
2023-04-26,1319,1348,1310,1310,91061,-0.006823351023502622
2023-04-27,1315,1338,1300,1338,80686,0.021374045801526798
2023-04-28,1347,1359,1320,1326,100216,-0.008968609865470878
2023-05-02,1326,1330,1313,1322,55833,-0.003016591251885359
2023-05-03,1336,1347,1313,1317,101482,-0.0037821482602118373
2023-05-04,1317,1323,1308,1323,97759,0.004555808656036442
2023-05-08,1323,1356,1323,1340,63974,0.012849584278155746
2023-05-09,1340,1349,1324,1334,55853,-0.004477611940298498
2023-05-10,1334,1350,1334,1348,50478,0.010494752623688264
2023-05-11,1348,1361,1343,1357,64578,0.00667655786350152
2023-05-12,1350,1357,1327,1329,52297,-0.020633750921149607
2023-05-15,1329,1350,1319,1346,94536,0.012791572610985735
2023-05-16,1346,1365,1334,1357,144991,0.008172362555720625
2023-05-17,1378,1410,1357,1396,214655,0.028739867354458326
2023-05-18,1409,1410,1380,1389,86479,-0.005014326647564515
2023-05-19,1389,1406,1375,1402,78424,0.009359251259899226
2023-05-22,1402,1413,1399,1413,67926,0.007845934379457908
2023-05-23,1413,1416,1400,1409,63600,-0.0028308563340410098
2023-05-24,1409,1409,1384,1394,122134,-0.010645848119233525
2023-05-25,1384,1390,1360,1360,78499,-0.024390243902439046
2023-05-26,1360,1380,1353,1377,75033,0.012499999999999956
2023-05-30,1370,1370,1331,1346,114011,-0.02251270878721856
2023-05-31,1353,1364,1346,1363,68580,0.012630014858840966
2023-06-01,1363,1364,1345,1354,64460,-0.006603081438004366
2023-06-02,1354,1366,1341,1366,77496,0.008862629246676468
2023-06-05,1366,1383,1364,1379,65940,0.009516837481698293
2023-06-07,1376,1382,1355,1356,69524,-0.01667875271936181
2023-06-08,1363,1363,1346,1348,65031,-0.005899705014749235
2023-06-09,1350,1363,1349,1352,35317,0.0029673590504450953
2023-06-12,1352,1360,1337,1342,87117,-0.007396449704141994
2023-06-13,1342,1342,1335,1340,53549,-0.0014903129657227732
2023-06-14,1340,1341,1305,1311,164237,-0.02164179104477615
2023-06-15,1305,1320,1305,1315,93382,0.0030511060259343914
2023-06-16,1318,1320,1281,1315,118906,0.0
2023-06-19,1315,1320,1307,1316,38420,0.0007604562737641984
2023-06-20,1316,1316,1291,1301,73220,-0.011398176291793294
2023-06-21,1301,1306,1295,1296,63645,-0.00384319754035356
2023-06-22,1296,1684,1273,1684,16178135,0.2993827160493827
2023-06-23,1696,1750,1445,1508,6899182,-0.10451306413301664
2023-06-26,1508,1533,1412,1478,2688515,-0.019893899204244003
2023-06-27,1483,1810,1452,1585,19620862,0.0723951285520974
2023-06-28,1590,1680,1507,1518,3408354,-0.04227129337539437
2023-06-29,1518,1555,1463,1500,664449,-0.011857707509881465
2023-06-30,1471,1559,1450,1487,638139,-0.008666666666666711
2023-07-03,1487,1858,1487,1670,25618452,0.12306657700067247
2023-07-04,1647,2020,1608,1870,32907308,0.11976047904191622
2023-07-05,1847,1865,1719,1726,3234782,-0.0770053475935829
2023-07-06,1711,1872,1653,1671,6589219,-0.03186558516801852
2023-07-07,1670,1785,1647,1651,3025994,-0.011968880909634994
2023-07-10,1651,1780,1627,1680,2182019,0.017565112053301135
2023-07-11,1670,1760,1659,1677,1424524,-0.0017857142857142794
2023-07-12,1677,1736,1640,1660,570110,-0.010137149672033385
2023-07-13,1660,1709,1641,1650,599997,-0.0060240963855421326
2023-07-14,1650,1665,1590,1611,412835,-0.023636363636363678
2023-07-17,1611,1611,1560,1583,370366,-0.017380509000620714
2023-07-18,1581,1581,1502,1514,480743,-0.043588123815540114
2023-07-19,1514,1529,1490,1520,306918,0.003963011889035695
2023-07-20,1511,1517,1493,1515,193889,-0.003289473684210509
2023-07-21,1491,1503,1457,1463,418768,-0.03432343234323432
2023-07-24,1465,1469,1403,1418,408813,-0.03075871496924132
2023-07-25,1415,1418,1361,1372,403247,-0.03244005641748937
2023-07-26,1372,1372,1235,1272,840477,-0.07288629737609331
2023-07-27,1260,1311,1260,1291,233247,0.014937106918238907
2023-07-28,1291,1344,1275,1337,139723,0.035631293570875355
2023-07-31,1344,1350,1301,1340,165493,0.002243829468960401
2023-08-01,1345,1359,1332,1345,116412,0.003731343283582156
2023-08-02,1331,1367,1280,1332,108883,-0.009665427509293667
2023-08-03,1326,1354,1294,1350,194185,0.013513513513513598
2023-08-04,1350,1386,1338,1379,145838,0.021481481481481435
2023-08-07,1379,1391,1338,1370,181639,-0.006526468455402501
2023-08-08,1366,1397,1329,1329,150493,-0.029927007299270114
2023-08-09,1329,1384,1310,1384,128788,0.04138449962377733
2023-08-10,1391,1430,1365,1415,308931,0.022398843930635737
2023-08-11,1415,1456,1410,1424,215543,0.006360424028268641
2023-08-14,1424,1444,1380,1424,161788,0.0
2023-08-16,1420,1459,1390,1450,437501,0.018258426966292207
2023-08-17,1450,1450,1363,1399,315414,-0.03517241379310343
2023-08-18,1390,1399,1361,1363,161338,-0.02573266619013581
2023-08-21,1350,1406,1350,1392,112747,0.02127659574468077
2023-08-22,1392,1427,1372,1380,197269,-0.008620689655172376
2023-08-23,1395,1446,1384,1390,280686,0.007246376811594235
2023-08-24,1390,1414,1382,1389,111349,-0.0007194244604316058
2023-08-25,1399,1490,1376,1420,761988,0.022318214542836667
2023-08-28,1440,1459,1392,1420,232077,0.0
2023-08-29,1421,1439,1420,1424,127974,0.0028169014084507005
2023-08-30,1424,1439,1420,1430,79699,0.004213483146067398
2023-08-31,1430,1440,1409,1409,107148,-0.014685314685314643
2023-09-01,1401,1432,1392,1418,131227,0.0063875088715401596
2023-09-04,1411,1415,1391,1396,85576,-0.015514809590973178
2023-09-05,1395,1409,1374,1375,138859,-0.015042979942693435
2023-09-06,1375,1386,1347,1357,88023,-0.013090909090909042
2023-09-07,1357,1373,1330,1336,87679,-0.01547531319086215
2023-09-08,1324,1352,1323,1346,58372,0.007485029940119681
2023-09-11,1340,1359,1334,1349,63187,0.0022288261515601704
2023-09-12,1350,1409,1350,1378,204662,0.021497405485544796
2023-09-13,1378,1391,1315,1354,126880,-0.01741654571843254
2023-09-14,1354,1367,1332,1350,54221,-0.002954209748892156
2023-09-15,1359,1359,1344,1350,41623,0.0
2023-09-18,1350,1353,1315,1325,144190,-0.01851851851851849
2023-09-19,1325,1331,1295,1306,121622,-0.014339622641509453
2023-09-20,1306,1345,1299,1318,121467,0.009188361408882129
2023-09-21,1318,1325,1295,1304,99109,-0.01062215477996964
2023-09-22,1289,1301,1250,1250,155326,-0.04141104294478526
2023-09-25,1250,1264,1235,1245,113562,-0.0040000000000000036
2023-09-26,1232,1279,1231,1248,118055,0.002409638554216942
2023-09-27,1243,1331,1237,1317,210879,0.05528846153846145
2023-10-04,1317,1448,1264,1267,1010661,-0.03796507213363709
2023-10-05,1272,1440,1272,1311,1122596,0.034727703235990504
2023-10-06,1311,1360,1311,1332,177776,0.016018306636155666
2023-10-10,1332,1357,1281,1309,159811,-0.01726726726726724
2023-10-11,1296,1335,1295,1310,107666,0.0007639419404126269
2023-10-12,1310,1360,1310,1358,150341,0.03664122137404591
2023-10-13,1358,1358,1311,1345,97776,-0.009572901325478611
2023-10-16,1330,1330,1292,1292,102186,-0.039405204460966514
2023-10-17,1292,1317,1292,1305,39033,0.010061919504643857
2023-10-18,1311,1315,1291,1296,42575,-0.006896551724137945
2023-10-19,1296,1296,1256,1258,79268,-0.029320987654321007
2023-10-20,1257,1278,1236,1278,123894,0.015898251192368873
2023-10-23,1288,1288,1254,1258,54499,-0.015649452269170583
2023-10-24,1258,1280,1240,1275,74249,0.013513513513513598
2023-10-25,1282,1297,1263,1297,81591,0.017254901960784386
2023-10-26,1285,1285,1244,1244,63345,-0.040863531225905914
2023-10-27,1240,1262,1235,1242,62907,-0.001607717041800627
2023-10-30,1243,1252,1221,1250,57886,0.006441223832528209
2023-10-31,1257,1290,1232,1232,50512,-0.014399999999999968
2023-11-01,1250,1268,1237,1240,54782,0.006493506493506551
2023-11-02,1254,1279,1245,1245,93193,0.0040322580645162365
2023-11-03,1253,1277,1253,1266,59908,0.01686746987951815
2023-11-06,1299,1300,1266,1299,100033,0.026066350710900466
2023-11-07,1299,1308,1255,1270,73602,-0.02232486528098543
2023-11-08,1269,1298,1262,1297,44818,0.021259842519685046
2023-11-09,1285,1287,1270,1274,29832,-0.017733230531996935
2023-11-10,1270,1270,1247,1260,49078,-0.01098901098901095
2023-11-13,1255,1279,1240,1243,47606,-0.013492063492063444
2023-11-14,1240,1253,1231,1236,138892,-0.005631536604987941
2023-11-15,1244,1257,1236,1242,136909,0.004854368932038833
2023-11-16,1250,1276,1250,1275,134933,0.02657004830917864
2023-11-17,1276,1288,1258,1267,93669,-0.006274509803921524
2023-11-20,1267,1272,1252,1267,57841,0.0
2023-11-21,1232,1275,1232,1274,159265,0.005524861878453136
2023-11-22,1287,1287,1260,1269,60741,-0.003924646781789609
2023-11-23,1270,1289,1260,1273,75868,0.0031520882584712417
2023-11-24,1276,1294,1273,1292,60397,0.014925373134328401
2023-11-27,1303,1303,1277,1278,45668,-0.010835913312693513
2023-11-28,1278,1380,1267,1375,964572,0.0758998435054774
2023-11-29,1348,1364,1302,1306,407965,-0.050181818181818216
2023-11-30,1306,1308,1283,1283,122229,-0.01761102603369069
2023-12-01,1283,1291,1256,1259,149028,-0.0187061574434918
2023-12-04,1259,1280,1243,1278,94098,0.015091342335186608
2023-12-05,1278,1279,1260,1265,72819,-0.010172143974960912
2023-12-06,1265,1283,1253,1283,81987,0.014229249011857625
2023-12-07,1290,1290,1273,1276,61533,-0.005455962587685104
2023-12-08,1276,1282,1256,1271,78978,-0.003918495297805635
2023-12-11,1295,1300,1271,1285,62357,0.011014948859165985
2023-12-12,1285,1295,1273,1288,53472,0.0023346303501945442
2023-12-13,1288,1290,1267,1277,59502,-0.008540372670807428
2023-12-14,1277,1288,1265,1271,40835,-0.004698512137823019
2023-12-15,1271,1282,1260,1275,55862,0.0031471282454760274
2023-12-18,1275,1276,1270,1276,44522,0.0007843137254901489
2023-12-19,1276,1276,1268,1272,55292,-0.0031347962382445305
2023-12-20,1272,1275,1261,1274,39608,0.0015723270440251014
2023-12-21,1274,1278,1258,1264,72247,-0.00784929356357933
2023-12-22,1264,1264,1257,1263,48027,-0.0007911392405063333
2023-12-26,1263,1264,1249,1250,115151,-0.010292953285827355
2023-12-27,1250,1259,1241,1245,39342,-0.0040000000000000036
2023-12-28,1245,1264,1241,1252,48423,0.005622489959839383
2024-01-02,1252,1293,1252,1286,127683,0.02715654952076685
2024-01-03,1280,1286,1265,1279,84338,-0.005443234836702948
2024-01-04,1290,1293,1272,1273,54875,-0.004691164972634887
2024-01-05,1273,1283,1266,1266,34880,-0.0054988216810683
2024-01-08,1266,1277,1264,1268,33787,0.0015797788309637184
2024-01-09,1258,1268,1200,1241,194360,-0.021293375394321745
2024-01-10,1249,1249,1235,1240,67421,-0.0008058017727639033
2024-01-11,1240,1251,1236,1244,128174,0.003225806451612856
2024-01-12,1244,1246,1234,1246,122881,0.001607717041800738
2024-01-15,1242,1244,1214,1244,126840,-0.0016051364365970988
2024-01-16,1238,1240,1232,1240,107806,-0.003215434083601254
2024-01-17,1231,1240,1215,1223,163239,-0.013709677419354804
2024-01-18,1223,1223,1212,1214,79601,-0.007358953393295176
2024-01-19,1206,1229,1206,1229,45028,0.012355848434925765
2024-01-22,1229,1229,1211,1223,46114,-0.004882017900732283
2024-01-23,1213,1219,1207,1215,56126,-0.006541291905151292
2024-01-24,1210,1226,1208,1218,40472,0.0024691358024691024
2024-01-25,1217,1220,1205,1216,50908,-0.0016420361247947435
2024-01-26,1216,1216,1204,1210,66834,-0.004934210526315819
2024-01-29,1209,1209,1195,1200,103814,-0.008264462809917328
2024-01-30,1200,1200,1189,1194,107052,-0.0050000000000000044
2024-01-31,1194,1194,1155,1163,195513,-0.025963149078726988
2024-02-01,1153,1153,1105,1109,485382,-0.046431642304385234
2024-02-02,1109,1129,1106,1120,121556,0.009918845807033394
2024-02-05,1120,1133,1118,1128,123477,0.0071428571428571175
2024-02-06,1128,1128,1095,1105,121196,-0.02039007092198586
2024-02-07,1105,1120,1103,1117,64541,0.010859728506787292
2024-02-08,1117,1127,1110,1123,73998,0.005371530886302489
2024-02-13,1123,1138,1123,1132,52422,0.00801424755120217
2024-02-14,1131,1132,1123,1123,47521,-0.007950530035335635
2024-02-15,1123,1192,1121,1185,259450,0.05520926090828149
2024-02-16,1185,1203,1175,1199,118543,0.01181434599156117
2024-02-19,1198,1199,1180,1190,47622,-0.007506255212677226
2024-02-20,1190,1199,1175,1176,59326,-0.0117647058823529
2024-02-21,1176,1180,1156,1164,58356,-0.010204081632653073
2024-02-22,1164,1164,1151,1154,81110,-0.00859106529209619
2024-02-23,1154,1154,1135,1138,40711,-0.013864818024263426
2024-02-26,1139,1147,1127,1136,113371,-0.0017574692442882123
2024-02-27,1136,1136,1124,1126,47977,-0.008802816901408494
2024-02-28,1125,1134,1125,1131,27172,0.00444049733570151
2024-02-29,1132,1160,1131,1143,32919,0.010610079575596787
2024-03-04,1137,1145,1137,1144,39063,0.0008748906386701893
2024-03-05,1140,1141,1108,1126,52057,-0.01573426573426573
2024-03-06,1126,1130,1116,1118,42180,-0.007104795737122527
2024-03-07,1118,1118,1097,1102,115765,-0.014311270125223596
2024-03-08,1102,1102,1058,1078,128443,-0.02177858439201452
2024-03-11,1078,1095,1078,1091,69468,0.012059369202226389
2024-03-12,1091,1098,1082,1085,45006,-0.005499541704857891
2024-03-13,1085,1099,1080,1087,53518,0.0018433179723502668
2024-03-14,1087,1108,1083,1087,50001,0.0
2024-03-15,1082,1140,1080,1103,181791,0.014719411223551138
2024-03-18,1103,1133,1103,1111,61710,0.0072529465095194645
2024-03-19,1132,1132,1107,1108,55964,-0.0027002700270026825
2024-03-20,1101,1108,1100,1105,53325,-0.0027075812274368616
2024-03-21,1100,1186,1100,1165,315109,0.05429864253393668
2024-03-22,1167,1174,1140,1163,45942,-0.0017167381974249052
2024-03-25,1163,1172,1145,1151,31976,-0.010318142734307867
2024-03-26,1140,1162,1140,1157,60477,0.005212858384013863
2024-03-27,1157,1167,1138,1146,93148,-0.009507346585998278
2024-03-28,1140,1157,1134,1139,73241,-0.00610820244328103
2024-03-29,1140,1140,1125,1125,92255,-0.012291483757682187
2024-04-01,1130,1130,1115,1115,131974,-0.008888888888888835
2024-04-02,1115,1118,1101,1110,163608,-0.004484304932735439
2024-04-03,1109,1109,1088,1094,133632,-0.014414414414414378
2024-04-04,1090,1094,1061,1086,147370,-0.007312614259597838
2024-04-05,1086,1086,1063,1084,96935,-0.0018416206261510082
2024-04-08,1075,1084,1067,1084,63168,0.0
2024-04-09,1072,1094,1072,1079,39651,-0.004612546125461248
2024-04-11,1089,1089,1064,1073,49901,-0.005560704355885071
2024-04-12,1066,1083,1060,1080,60864,0.006523765144454741
2024-04-15,1085,1091,1049,1050,146871,-0.02777777777777779
2024-04-16,1052,1052,1015,1047,132584,-0.0028571428571428914
2024-04-17,1031,1043,1030,1034,32912,-0.012416427889207271
2024-04-18,1028,1039,1015,1036,53708,0.0019342359767891004
2024-04-19,1036,1048,1015,1019,50163,-0.016409266409266432
2024-04-22,1015,1019,1010,1011,69441,-0.007850834151128527
2024-04-23,1011,1015,1004,1004,98168,-0.006923837784371889
2024-04-24,1001,1006,996,1004,171129,0.0
2024-04-25,1000,1002,988,992,167109,-0.01195219123505975
2024-04-26,998,998,983,992,86428,0.0
2024-04-29,991,1003,986,1002,81874,0.010080645161290258
2024-04-30,1011,1015,1004,1009,96475,0.00698602794411185
2024-05-02,1009,1013,1004,1009,48927,0.0
2024-05-03,1009,1011,1006,1010,49579,0.0009910802775023875
2024-05-07,1011,1012,1005,1010,26993,0.0
2024-05-08,1010,1016,1006,1010,48729,0.0
2024-05-09,1017,1017,1002,1004,47446,-0.005940594059405946
2024-05-10,1004,1013,999,1001,52447,-0.0029880478087649376
2024-05-13,1001,1006,993,993,77246,-0.007992007992007943
2024-05-14,993,998,990,996,62012,0.0030211480362538623
2024-05-16,998,1000,995,998,39493,0.002008032128514081
2024-05-17,1000,1013,990,994,98618,-0.004008016032064132
2024-05-20,998,999,987,996,55768,0.002012072434607548
2024-05-21,996,1006,990,994,40156,-0.002008032128514081
2024-05-22,1001,1001,991,993,46384,-0.001006036217303774
2024-05-23,1000,1000,983,986,91361,-0.007049345417925457
2024-05-24,989,990,966,969,156851,-0.017241379310344862
2024-05-27,956,962,924,930,324954,-0.04024767801857587
2024-05-28,920,947,920,944,154765,0.01505376344086029
2024-05-29,944,959,934,935,76286,-0.009533898305084776
2024-05-30,931,940,918,937,98687,0.002139037433155133
2024-05-31,924,944,921,926,66834,-0.011739594450373536
2024-06-03,936,938,920,931,33242,0.005399568034557323
2024-06-04,931,939,921,928,50980,-0.0032223415682062218
2024-06-05,928,931,925,930,59365,0.0021551724137931494
2024-06-07,932,941,929,929,50762,-0.0010752688172043223
2024-06-10,929,934,921,925,90202,-0.0043057050592034685
2024-06-11,925,928,917,919,64559,-0.006486486486486531
2024-06-12,921,927,918,919,42042,0.0
2024-06-13,919,921,905,905,128321,-0.015233949945593017
2024-06-14,905,908,898,904,99580,-0.0011049723756906271
2024-06-17,904,904,889,894,71605,-0.011061946902654829
2024-06-18,894,897,880,889,129799,-0.005592841163310935
2024-06-19,889,889,812,864,217050,-0.028121484814398245
2024-06-20,864,866,856,860,41409,-0.00462962962962965
2024-06-21,860,860,842,846,89103,-0.016279069767441867
2024-06-24,841,846,825,826,64778,-0.023640661938534313
2024-06-25,822,838,822,837,70316,0.013317191283293006
2024-06-26,839,839,823,829,46731,-0.009557945041816063
2024-06-27,825,831,820,826,99662,-0.003618817852834688
2024-06-28,826,832,819,831,43032,0.006053268765133124
2024-07-01,833,839,826,826,52866,-0.006016847172081841
2024-07-02,828,830,820,826,23419,0.0
2024-07-03,826,836,819,821,65687,-0.006053268765133124
2024-07-04,816,827,812,821,64739,0.0
2024-07-05,817,830,817,820,41862,-0.0012180267965895553
2024-07-08,821,827,815,825,30355,0.0060975609756097615
2024-07-09,833,1016,827,899,6749993,0.08969696969696961
2024-07-10,899,899,846,850,664031,-0.05450500556173521
2024-07-11,846,875,832,856,203395,0.007058823529411784
2024-07-12,856,870,847,856,175411,0.0
2024-07-15,869,869,842,855,67203,-0.001168224299065379
2024-07-16,853,864,853,860,63988,0.005847953216374213
2024-07-17,860,860,846,858,59443,-0.0023255813953488857
2024-07-18,858,858,833,852,67734,-0.006993006993006978
2024-07-19,852,864,830,843,72548,-0.010563380281690127
2024-07-22,840,848,805,848,96008,0.005931198102016699
2024-07-23,848,848,824,839,55150,-0.010613207547169767
2024-07-24,834,844,826,836,22429,-0.0035756853396901045
2024-07-25,836,836,815,826,59848,-0.011961722488038284
2024-07-26,826,835,818,820,33964,-0.007263922518159771
2024-07-29,820,829,813,820,58448,0.0
2024-07-30,840,840,814,821,37990,0.0012195121951219523
2024-07-31,829,846,821,830,37052,0.010962241169305775
2024-08-01,830,846,830,836,39977,0.0072289156626506035
2024-08-02,830,836,815,816,67006,-0.02392344497607657
2024-08-05,809,810,740,763,199406,-0.06495098039215685
2024-08-06,763,810,756,767,175996,0.005242463958060384
2024-08-07,767,786,765,776,76604,0.011734028683181297
2024-08-08,776,798,767,773,29976,-0.0038659793814432852
2024-08-09,773,795,773,790,54836,0.02199223803363526
2024-08-12,790,802,790,802,33355,0.0151898734177216
2024-08-13,802,802,780,801,33695,-0.0012468827930174342
2024-08-14,809,825,793,810,146425,0.011235955056179803
2024-08-16,815,894,815,888,439904,0.09629629629629632
2024-08-19,888,933,883,887,194838,-0.0011261261261261701
2024-08-20,887,899,880,899,60139,0.013528748590755368
2024-08-21,904,907,888,901,103186,0.0022246941045607205
2024-08-22,901,909,884,884,131053,-0.018867924528301883
2024-08-23,875,911,864,910,75755,0.02941176470588225
2024-08-26,911,917,894,903,40468,-0.007692307692307665
2024-08-27,896,903,870,870,73805,-0.03654485049833889
2024-08-28,870,950,846,892,451772,0.025287356321838983
2024-08-29,899,900,860,861,61801,-0.034753363228699596
2024-08-30,862,899,862,877,68402,0.018583042973286945
2024-09-02,892,933,879,915,126534,0.04332953249714944
2024-09-03,918,947,918,922,125120,0.007650273224043769
2024-09-04,909,915,880,886,59633,-0.0390455531453362
2024-09-05,881,897,852,871,68723,-0.0169300225733634
2024-09-06,915,915,845,852,35592,-0.021814006888633775
2024-09-09,852,874,850,860,18103,0.009389671361502261
2024-09-10,860,946,844,882,197375,0.0255813953488373
2024-09-11,881,914,876,886,23645,0.0045351473922903285
2024-09-12,886,920,871,901,45301,0.016930022573363512
2024-09-13,901,919,865,889,78681,-0.013318534961154316
2024-09-19,889,908,882,902,40753,0.01462317210348707
2024-09-20,904,921,904,917,48001,0.016629711751662946
2024-09-23,945,945,898,900,65585,-0.018538713195201728
2024-09-24,900,914,895,900,28659,0.0
2024-09-25,900,939,890,900,74543,0.0
2024-09-26,900,924,894,907,22688,0.007777777777777883
2024-09-27,907,917,895,898,34439,-0.009922822491730932
2024-09-30,890,898,866,881,125443,-0.018930957683741645
2024-10-02,881,881,860,874,41129,-0.007945516458569779
2024-10-04,870,870,850,850,69326,-0.027459954233409634
2024-10-07,850,850,825,849,79721,-0.0011764705882353343
2024-10-08,849,865,849,851,19605,0.002355712603062443
2024-10-10,851,927,851,890,152684,0.04582843713278506
2024-10-11,890,898,883,891,28558,0.0011235955056179137
2024-10-14,883,897,859,878,91394,-0.014590347923681302
2024-10-15,878,892,860,874,39016,-0.004555808656036442
2024-10-16,874,889,869,869,73530,-0.005720823798627039
2024-10-17,869,885,865,868,65465,-0.0011507479861909697
2024-10-18,868,895,832,854,165385,-0.016129032258064502
2024-10-21,854,855,836,854,32565,0.0
2024-10-22,854,860,838,849,58237,-0.005854800936768156
2024-10-23,849,855,846,846,17368,-0.0035335689045936647
2024-10-24,846,854,812,812,70413,-0.04018912529550822
2024-10-25,813,826,812,812,35062,0.0
2024-10-28,812,852,809,826,39119,0.01724137931034475
2024-10-29,834,845,823,823,31339,-0.003631961259079941
2024-10-30,823,844,815,832,44507,0.010935601458080146
2024-10-31,833,838,804,804,52457,-0.033653846153846145
2024-11-01,807,824,801,801,63711,-0.003731343283582045
2024-11-04,804,808,801,805,35097,0.004993757802746579
2024-11-05,806,812,804,805,43799,0.0
2024-11-06,809,842,805,805,46892,0.0
2024-11-07,805,816,802,804,29782,-0.001242236024844745
2024-11-08,804,812,802,804,25474,0.0
2024-11-11,801,804,771,784,97532,-0.02487562189054726
2024-11-12,784,784,751,763,64833,-0.0267857142857143
2024-11-13,759,762,736,736,72903,-0.035386631716906924
2024-11-14,736,747,732,740,63332,0.005434782608695565
2024-11-15,740,757,730,735,268272,-0.006756756756756799
2024-11-18,760,779,736,776,207637,0.05578231292517
2024-11-19,776,788,743,743,101144,-0.04252577319587625
2024-11-20,746,763,743,756,81355,0.01749663526244949
2024-11-21,787,787,753,762,67563,0.007936507936507908
2024-11-22,762,784,757,757,53386,-0.006561679790026198
2024-11-25,758,867,746,747,654200,-0.013210039630118908
2024-11-26,752,770,742,769,126546,0.029451137884872747
2024-11-27,769,795,757,769,117245,0.0
2024-11-28,774,800,758,768,84749,-0.0013003901170350884
2024-11-29,768,918,765,813,5195419,0.05859375
2024-12-02,788,809,775,789,423602,-0.029520295202952074
2024-12-03,789,813,776,798,190171,0.011406844106463865
2024-12-04,834,1037,820,974,6758232,0.22055137844611528
2024-12-05,950,1044,892,905,1895055,-0.07084188911704314
2024-12-06,896,1034,854,1010,3414940,0.11602209944751385
2024-12-09,970,1130,906,1043,5918935,0.0326732673267327
2024-12-10,1099,1150,1009,1072,3905721,0.0278044103547459
2024-12-11,1150,1197,1048,1122,1872417,0.04664179104477606
2024-12-12,1133,1191,1022,1040,1214431,-0.07308377896613194
2024-12-13,1082,1119,1035,1108,695214,0.06538461538461537
2024-12-16,1109,1148,988,1014,966638,-0.08483754512635377
2024-12-17,1014,1030,951,994,381111,-0.01972386587771202
2024-12-18,985,985,951,961,276601,-0.03319919517102621
2024-12-19,924,946,911,926,303319,-0.03642039542143605
2024-12-20,926,960,901,908,281921,-0.01943844492440605
2024-12-23,904,904,879,887,153775,-0.02312775330396477
2024-12-24,886,906,878,892,112927,0.005636978579481422
2024-12-26,890,940,884,897,129076,0.005605381165919354
2024-12-27,889,896,869,877,113466,-0.022296544035674493
2024-12-30,869,879,840,877,194156,0.0
2025-01-02,876,937,862,923,289778,0.05245153933865443
2025-01-03,923,939,903,918,173796,-0.005417118093174467
2025-01-06,912,939,912,931,138327,0.014161220043573008
2025-01-07,922,931,914,920,81788,-0.011815252416756183
2025-01-08,920,930,911,925,59751,0.005434782608695565
2025-01-09,925,935,918,924,68437,-0.00108108108108107
2025-01-10,915,935,907,925,96448,0.0010822510822510178
2025-01-13,925,938,915,917,81918,-0.008648648648648671
2025-01-14,916,922,900,905,155443,-0.013086150490730697
2025-01-15,908,932,907,912,100062,0.007734806629834168
2025-01-16,917,928,912,914,70680,0.002192982456140413
2025-01-17,914,922,899,909,107118,-0.005470459518599591
2025-01-20,916,916,904,914,79153,0.005500550055005604
2025-01-21,908,927,905,905,85201,-0.009846827133479175
2025-01-22,906,919,906,914,74429,0.009944751381215422
2025-01-23,914,919,905,913,126249,-0.001094091903719896
2025-01-24,910,915,898,902,85700,-0.012048192771084376
2025-01-31,899,900,884,886,100300,-0.0177383592017738
2025-02-03,887,895,877,884,128607,-0.0022573363431150906
2025-02-04,883,883,844,867,478362,-0.019230769230769273
2025-02-05,855,866,838,863,234648,-0.0046136101499423265
2025-02-06,863,893,863,878,73163,0.017381228273464666
2025-02-07,887,889,861,861,59345,-0.019362186788154934
2025-02-10,861,864,848,854,86655,-0.008130081300813052
2025-02-11,849,849,815,821,176046,-0.03864168618266983
2025-02-12,828,850,824,831,110243,0.01218026796589533
2025-02-13,833,850,821,831,67007,0.0
2025-02-14,838,847,818,837,57800,0.0072202166064982976
2025-02-17,837,838,820,834,58565,-0.0035842293906810374
2025-02-18,842,842,816,816,97047,-0.021582733812949617
2025-02-19,816,827,801,821,128582,0.006127450980392135
2025-02-20,829,832,811,825,55327,0.004872107186357999
2025-02-21,832,835,819,828,73432,0.0036363636363636598
2025-02-24,828,835,827,834,139791,0.007246376811594235
2025-02-25,841,846,836,844,80782,0.011990407673860837
2025-02-26,844,867,844,847,78955,0.0035545023696681444
2025-02-27,848,870,845,846,76234,-0.0011806375442738881
2025-02-28,846,846,819,820,71349,-0.030732860520094607
2025-03-04,820,821,797,804,117807,-0.019512195121951237
2025-03-05,804,965,804,879,1105517,0.09328358208955234
2025-03-06,881,894,845,859,144359,-0.022753128555176305
2025-03-07,859,876,822,836,63962,-0.0267753201396973
2025-03-10,836,836,819,827,51559,-0.010765550239234423
2025-03-11,821,854,821,838,64033,0.01330108827085863
2025-03-12,838,864,838,862,83522,0.02863961813842475
2025-03-13,862,862,845,853,61730,-0.01044083526682138
2025-03-14,765,793,765,783,1025112,-0.082063305978898
2025-03-17,784,789,778,789,175224,0.00766283524904221
2025-03-18,793,793,779,788,96324,-0.0012674271229404788
2025-03-19,787,794,782,788,113174,0.0
2025-03-20,792,792,780,781,82617,-0.008883248730964466
2025-03-21,781,784,775,778,90984,-0.003841229193341844
2025-03-24,778,796,774,779,114662,0.0012853470437017567
2025-03-25,793,793,776,780,104742,0.0012836970474967568
2025-03-26,786,815,778,799,292364,0.024358974358974272
2025-03-27,808,830,803,803,420129,0.005006257822277815
2025-03-28,803,803,775,780,139699,-0.028642590286425906
2025-03-31,780,780,750,772,180702,-0.01025641025641022
2025-04-01,772,1003,766,1003,4825489,0.2992227979274611
2025-04-02,1103,1303,1103,1239,25973062,0.23529411764705888
2025-04-03,1200,1302,1004,1089,7228047,-0.12106537530266348
2025-04-04,1200,1272,900,1020,7305981,-0.0633608815426997
2025-04-07,1040,1215,1020,1130,4822037,0.10784313725490202
2025-04-08,1119,1160,1061,1153,1231389,0.02035398230088492
2025-04-09,1179,1200,1072,1098,1518317,-0.047701647875108444
2025-04-10,1098,1143,1080,1099,789683,0.0009107468123861207
2025-04-11,1099,1099,996,1004,830390,-0.086442220200182
2025-04-14,999,1031,965,1003,463970,-0.0009960159362549792
2025-04-15,1003,1080,1001,1020,697225,0.016949152542372836
2025-04-16,1019,1019,969,976,469495,-0.04313725490196074
2025-04-17,970,984,908,938,708792,-0.03893442622950816
2025-04-18,937,1025,915,990,898475,0.05543710021321968
2025-04-21,990,1022,960,1005,409624,0.015151515151515138
2025-04-22,1005,1005,958,965,402769,-0.03980099502487566
2025-04-23,955,965,936,948,242795,-0.01761658031088087
2025-04-24,948,974,934,969,206226,0.02215189873417711
