Date,Open,High,Low,Close,Volume,Change
2022-01-03,2955,3000,2940,2960,435458,0.003389830508474523
2022-01-04,2960,2995,2915,2965,642274,0.0016891891891892552
2022-01-05,2970,2975,2880,2880,695137,-0.028667790893760592
2022-01-06,2850,2870,2720,2735,894462,-0.05034722222222221
2022-01-07,2735,2815,2735,2765,341982,0.010968921389396646
2022-01-10,2770,3000,2770,2800,1673984,0.012658227848101333
2022-01-11,2810,2815,2715,2720,506462,-0.02857142857142858
2022-01-12,2725,2785,2715,2755,324104,0.012867647058823595
2022-01-13,2760,2765,2695,2700,358158,-0.019963702359346636
2022-01-14,2655,2700,2580,2600,595521,-0.03703703703703709
2022-01-17,2600,2610,2455,2520,607087,-0.03076923076923077
2022-01-18,2500,2555,2410,2450,390336,-0.02777777777777779
2022-01-19,2405,2560,2395,2435,654832,-0.006122448979591799
2022-01-20,2435,2560,2435,2525,698581,0.03696098562628336
2022-01-21,2495,2660,2490,2615,1032621,0.035643564356435675
2022-01-24,2645,2775,2610,2635,3188386,0.007648183556405286
2022-01-25,2670,2920,2605,2910,7636294,0.10436432637571147
2022-01-26,2955,2980,2765,2800,3342637,-0.037800687285223344
2022-01-27,2835,2935,2755,2775,3205108,-0.008928571428571397
2022-01-28,2805,2965,2775,2845,4219122,0.02522522522522519
2022-02-03,2975,3270,2915,3270,11443795,0.14938488576449904
2022-02-04,3210,3230,2890,2925,5529688,-0.10550458715596334
2022-02-07,3000,3100,2910,3010,5868092,0.029059829059828957
2022-02-08,2970,2980,2790,2820,2249547,-0.06312292358803984
2022-02-09,2825,3030,2800,2900,4514454,0.028368794326241176
2022-02-10,2885,3040,2820,2830,3131986,-0.024137931034482807
2022-02-11,2900,2905,2705,2720,1183569,-0.03886925795053009
2022-02-14,2650,2720,2525,2535,1313078,-0.06801470588235292
2022-02-15,2505,2590,2395,2400,743302,-0.053254437869822535
2022-02-16,2505,2560,2470,2550,575636,0.0625
2022-02-17,2575,2645,2415,2560,766913,0.0039215686274509665
2022-02-18,2540,2625,2495,2560,603976,0.0
2022-02-21,2500,2780,2480,2610,2326795,0.01953125
2022-02-22,2505,2635,2495,2525,736170,-0.03256704980842917
2022-02-23,2550,2625,2510,2555,515980,0.011881188118811892
2022-02-24,2515,2580,2400,2455,915031,-0.03913894324853229
2022-02-25,2480,2530,2460,2465,463255,0.004073319755600879
2022-02-28,2470,2575,2450,2490,366466,0.010141987829614507
2022-03-02,2510,2630,2475,2525,829840,0.014056224899598346
2022-03-03,2545,2600,2545,2590,526795,0.025742574257425765
2022-03-04,2580,2595,2525,2525,356994,-0.025096525096525046
2022-03-07,2515,2515,2400,2435,377463,-0.035643564356435675
2022-03-08,2380,2445,2360,2430,291302,-0.002053388090349051
2022-03-10,2455,2550,2455,2490,520943,0.024691358024691468
2022-03-11,2490,2555,2480,2545,436402,0.02208835341365467
2022-03-14,2615,3030,2590,2860,18768077,0.12377210216110024
2022-03-15,2860,3410,2825,3140,35550305,0.09790209790209792
2022-03-16,3275,3335,3085,3090,8191019,-0.015923566878980888
2022-03-17,3140,3200,3085,3130,4340925,0.012944983818770295
2022-03-18,3090,3235,3075,3155,5208718,0.007987220447284393
2022-03-21,3130,3160,3085,3100,1455935,-0.017432646592709933
2022-03-22,3090,3200,3085,3150,1815578,0.016129032258064502
2022-03-23,3160,3190,3110,3190,2424960,0.012698412698412653
2022-03-24,3620,3670,3180,3190,15571612,0.0
2022-03-25,3190,3350,3125,3225,6390882,0.01097178683385569
2022-03-28,3235,3270,2985,3005,3460139,-0.06821705426356595
2022-03-29,3000,3070,2960,3030,1374518,0.008319467554076532
2022-03-30,3155,3230,3000,3000,4173654,-0.00990099009900991
2022-03-31,2990,3060,2980,3060,842921,0.020000000000000018
2022-04-01,3025,3050,2935,2950,1249904,-0.03594771241830064
2022-04-04,2950,2980,2890,2925,782684,-0.008474576271186418
2022-04-05,2950,2990,2915,2940,727810,0.00512820512820511
2022-04-06,2930,2930,2890,2895,403718,-0.015306122448979553
2022-04-07,2860,2865,2780,2780,631169,-0.03972366148531947
2022-04-08,2800,2890,2795,2875,707659,0.03417266187050361
2022-04-11,2845,2905,2840,2870,362172,-0.0017391304347825765
2022-04-12,2825,2855,2785,2830,312753,-0.013937282229965153
2022-04-13,2815,2875,2810,2855,253531,0.008833922261484162
2022-04-14,2880,2965,2845,2875,699537,0.007005253940455258
2022-04-15,2875,2875,2800,2810,264295,-0.022608695652173938
2022-04-18,3015,3255,2935,2960,12544525,0.053380782918149405
2022-04-19,3000,3045,2930,3015,1502581,0.01858108108108114
2022-04-20,3035,3155,2970,2995,3402784,-0.0066334991708125735
2022-04-21,3005,3070,2960,3050,1424182,0.01836393989983298
2022-04-22,3030,3030,2905,2920,1134873,-0.042622950819672156
2022-04-25,2850,2860,2710,2730,1484838,-0.06506849315068497
2022-04-26,2805,2825,2730,2740,608558,0.00366300366300365
2022-04-27,2655,2920,2640,2765,2129903,0.009124087591240837
2022-04-28,2765,2820,2705,2730,635861,-0.012658227848101222
2022-04-29,2740,2790,2720,2780,377589,0.01831501831501825
2022-05-02,2740,2825,2735,2800,389714,0.007194244604316502
2022-05-03,2835,2940,2805,2875,1056559,0.02678571428571419
2022-05-04,2875,2895,2805,2850,507589,-0.008695652173912993
2022-05-06,2775,2825,2760,2765,385210,-0.029824561403508754
2022-05-09,2730,2765,2630,2640,553594,-0.0452079566003617
2022-05-10,2560,2670,2505,2630,708951,-0.0037878787878787845
2022-05-11,2605,2655,2600,2615,228142,-0.005703422053231932
2022-05-12,2600,2600,2460,2485,498932,-0.0497131931166348
2022-05-13,2500,2600,2490,2555,302691,0.028169014084507005
2022-05-16,2600,2650,2590,2620,255937,0.02544031311154593
2022-05-17,2595,2625,2565,2620,229927,0.0
2022-05-18,2625,2650,2570,2580,244398,-0.01526717557251911
2022-05-19,2525,2540,2495,2540,272228,-0.015503875968992276
2022-05-20,2550,2630,2540,2560,214999,0.007874015748031482
2022-05-23,2595,2650,2565,2620,310574,0.0234375
2022-05-24,2630,2630,2545,2545,203358,-0.028625954198473247
2022-05-25,2550,2575,2505,2555,191036,0.003929273084479323
2022-05-26,2555,2595,2520,2535,230995,-0.007827788649706457
2022-05-27,2580,2605,2545,2560,156635,0.009861932938856066
2022-05-30,2595,2820,2590,2770,4086714,0.08203125
2022-05-31,2795,2815,2745,2750,1643653,-0.0072202166064981865
2022-06-02,2750,2750,2690,2690,306894,-0.021818181818181848
2022-06-03,2700,2725,2665,2665,302416,-0.009293680297397744
2022-06-07,2665,2685,2610,2610,235948,-0.0206378986866792
2022-06-08,2620,2640,2595,2605,197360,-0.0019157088122605526
2022-06-09,2630,2630,2505,2580,200869,-0.009596928982725572
2022-06-10,2575,2600,2545,2570,141170,-0.003875968992248069
2022-06-13,2520,2520,2420,2430,391702,-0.054474708171206254
2022-06-14,2315,2405,2290,2370,339672,-0.024691358024691357
2022-06-15,2345,2370,2115,2220,342088,-0.06329113924050633
2022-06-16,2280,2340,2220,2225,293919,0.0022522522522523403
2022-06-17,2115,2265,2115,2250,333566,0.011235955056179803
2022-06-20,2250,2280,2055,2085,408186,-0.07333333333333336
2022-06-21,2060,2145,2060,2120,301620,0.01678657074340517
2022-06-22,2120,2155,1935,1975,523176,-0.06839622641509435
2022-06-23,1955,1990,1820,1825,580977,-0.07594936708860756
2022-06-24,1830,1960,1825,1950,432427,0.06849315068493156
2022-06-27,1960,2050,1940,2030,229574,0.0410256410256411
2022-06-28,2005,2040,1990,2030,179535,0.0
2022-06-29,1980,2140,1970,2060,308871,0.014778325123152802
2022-06-30,2055,2075,1960,1960,237612,-0.04854368932038833
2022-07-01,1990,2005,1905,1905,170370,-0.028061224489795866
2022-07-04,1910,1935,1860,1920,125004,0.007874015748031482
2022-07-05,1920,2110,1920,2050,824535,0.06770833333333326
2022-07-06,2025,2070,2010,2055,275221,0.0024390243902439046
2022-07-07,2070,2110,2055,2085,204213,0.014598540145985384
2022-07-08,2095,2395,2090,2185,3016564,0.04796163069544357
2022-07-11,2205,2360,2205,2350,1759713,0.07551487414187652
2022-07-12,2370,2465,2225,2370,2467890,0.008510638297872353
2022-07-13,2380,2435,2265,2270,1035669,-0.04219409282700426
2022-07-14,2250,2355,2200,2340,581868,0.03083700440528636
2022-07-15,2340,2440,2320,2400,1310020,0.02564102564102555
2022-07-18,2395,2420,2350,2405,621146,0.002083333333333437
2022-07-19,2430,2575,2380,2495,3676790,0.03742203742203731
2022-07-20,2495,2545,2455,2470,869920,-0.01002004008016033
2022-07-21,2555,2570,2465,2470,1118510,0.0
2022-07-22,2450,2600,2430,2430,1224835,-0.01619433198380571
2022-07-25,2430,2455,2380,2380,385064,-0.020576131687242816
2022-07-26,2470,2590,2420,2450,1849178,0.02941176470588225
2022-07-27,2440,2525,2435,2450,753307,0.0
2022-07-28,2490,2490,2360,2370,473534,-0.03265306122448974
2022-07-29,2375,2435,2320,2320,459838,-0.021097046413502074
2022-08-01,2320,2345,2315,2320,163008,0.0
2022-08-02,2320,2330,2260,2320,332927,0.0
2022-08-03,2320,2390,2305,2365,317725,0.0193965517241379
2022-08-04,2395,2630,2360,2400,4575410,0.014799154334038
2022-08-05,2405,2420,2375,2375,327740,-0.01041666666666663
2022-08-08,2395,2395,2345,2380,168515,0.002105263157894832
2022-08-09,2380,2385,2345,2360,186090,-0.008403361344537785
2022-08-10,2360,2365,2305,2315,150085,-0.01906779661016944
2022-08-11,2330,2350,2315,2325,158391,0.004319654427645814
2022-08-12,2325,2370,2305,2305,184778,-0.008602150537634357
2022-08-16,2310,2360,2310,2355,211022,0.021691973969631295
2022-08-17,2360,2385,2335,2335,214385,-0.00849256900212314
2022-08-18,2310,2330,2270,2280,200116,-0.023554603854389677
2022-08-19,2290,2300,2250,2250,143632,-0.013157894736842146
2022-08-22,2220,2225,2170,2185,246463,-0.028888888888888853
2022-08-23,2125,2185,2125,2130,139418,-0.02517162471395884
2022-08-24,2125,2160,2110,2145,102285,0.007042253521126751
2022-08-25,2150,2210,2150,2210,117108,0.030303030303030276
2022-08-26,2210,2330,2165,2195,753505,-0.006787330316742057
2022-08-29,2085,2275,2085,2095,701591,-0.04555808656036442
2022-08-30,2080,2165,2080,2160,212896,0.031026252983293645
2022-08-31,2115,2200,2110,2180,165909,0.0092592592592593
2022-09-01,2130,2175,2090,2100,137758,-0.03669724770642202
2022-09-02,2120,2150,2075,2075,138380,-0.011904761904761862
2022-09-05,2075,2150,2030,2030,191876,-0.02168674698795181
2022-09-06,2035,2085,2035,2070,87077,0.019704433497536922
2022-09-07,2075,2105,1995,2005,173298,-0.03140096618357491
2022-09-08,2010,2050,2000,2015,89299,0.004987531172069737
2022-09-13,2045,2100,2030,2095,154871,0.03970223325062028
2022-09-14,2030,2080,2005,2075,120611,-0.009546539379474916
2022-09-15,2070,2095,2010,2025,119401,-0.02409638554216864
2022-09-16,2025,2025,1965,1975,139271,-0.024691358024691357
2022-09-19,1975,1975,1870,1900,195080,-0.03797468354430378
2022-09-20,1890,1940,1890,1930,98183,0.015789473684210575
2022-09-21,1895,1945,1895,1935,108714,0.002590673575129543
2022-09-22,1925,1925,1835,1900,164134,-0.018087855297157618
2022-09-23,1875,1910,1815,1835,176657,-0.03421052631578947
2022-09-26,1800,1805,1690,1720,228116,-0.06267029972752047
2022-09-27,1680,1755,1650,1740,175523,0.011627906976744207
2022-09-28,1705,1765,1650,1670,169942,-0.04022988505747127
2022-09-29,1680,1765,1680,1690,150333,0.011976047904191711
2022-09-30,1640,1715,1615,1675,146398,-0.00887573964497046
2022-10-04,1725,1735,1700,1735,87058,0.035820895522387985
2022-10-05,1750,1785,1675,1745,139225,0.0057636887608070175
2022-10-06,1750,2075,1730,1905,5524123,0.09169054441260749
2022-10-07,1900,1925,1885,1900,253776,-0.002624671916010457
2022-10-11,1870,1880,1745,1750,224615,-0.07894736842105265
2022-10-12,1750,1765,1700,1725,161175,-0.014285714285714235
2022-10-13,1705,1730,1665,1680,185887,-0.02608695652173909
2022-10-14,1690,1835,1690,1755,393130,0.044642857142857206
2022-10-17,1735,1880,1715,1825,581401,0.03988603988603989
2022-10-18,1835,1870,1820,1865,167693,0.021917808219177992
2022-10-19,1865,2420,1830,2420,19447775,0.2975871313672922
2022-10-20,2425,2435,2290,2350,8707037,-0.02892561983471076
2022-10-21,2320,2320,2140,2160,3123630,-0.08085106382978724
2022-10-24,2180,2190,2115,2145,1579801,-0.00694444444444442
2022-10-25,2145,2200,2125,2190,1776674,0.020979020979021046
2022-10-26,2165,2330,2010,2015,7800897,-0.07990867579908678
2022-10-27,2030,2085,2005,2045,601905,0.014888337468982549
2022-10-28,2020,2030,1965,1975,667344,-0.03422982885085579
2022-10-31,1990,2045,1985,2040,554682,0.032911392405063244
2022-11-01,2020,2065,1995,2045,519577,0.002450980392156854
2022-11-02,2025,2190,2010,2010,3115530,-0.017114914425427896
2022-11-03,1970,2020,1970,1990,378725,-0.00995024875621886
2022-11-04,1980,1990,1935,1940,376538,-0.025125628140703515
2022-11-07,1940,1985,1930,1970,266773,0.015463917525773141
2022-11-08,1990,2055,1980,2040,528769,0.035532994923857864
2022-11-09,2050,2075,2025,2050,323620,0.004901960784313708
2022-11-10,2020,2155,1985,2045,2196067,-0.0024390243902439046
2022-11-11,2100,2105,2045,2060,484207,0.007334963325183352
2022-11-14,2070,2120,2050,2085,461656,0.012135922330097193
2022-11-15,2085,2125,2075,2125,345907,0.01918465227817756
2022-11-16,2140,2155,2070,2100,557802,-0.0117647058823529
2022-11-17,2085,2155,2025,2030,343288,-0.033333333333333326
2022-11-18,2005,2230,2005,2050,2694958,0.009852216748768461
2022-11-21,2040,2040,1975,1995,286198,-0.02682926829268295
2022-11-22,1985,2010,1960,1960,192216,-0.01754385964912286
2022-11-23,1990,2040,1990,1990,275595,0.015306122448979664
2022-11-24,2000,2065,2000,2045,307225,0.027638190954773822
2022-11-25,2050,2055,2025,2025,187398,-0.009779951100244544
2022-11-28,2010,2025,1945,1945,219637,-0.03950617283950619
2022-11-29,1935,1960,1915,1945,164023,0.0
2022-11-30,1945,1980,1935,1950,148322,0.0025706940874035134
2022-12-01,1980,2005,1965,1995,221560,0.023076923076922995
2022-12-02,2010,2165,1990,2070,2828783,0.03759398496240607
2022-12-05,2055,2055,1995,2020,497370,-0.024154589371980673
2022-12-06,1995,2060,1970,1980,664599,-0.01980198019801982
2022-12-07,1960,2005,1945,1955,268906,-0.012626262626262652
2022-12-08,1975,1975,1890,1900,288799,-0.02813299232736577
2022-12-09,1910,1950,1875,1900,203442,0.0
2022-12-12,1910,1965,1880,1945,290784,0.023684210526315752
2022-12-13,1950,2115,1950,2035,3701509,0.046272493573264795
2022-12-14,2010,2285,2005,2175,8209999,0.0687960687960687
2022-12-15,2110,2140,2080,2120,1330855,-0.025287356321839094
2022-12-16,2110,2365,2080,2105,15087815,-0.007075471698113178
2022-12-19,2105,2225,2100,2105,2249213,0.0
2022-12-20,2080,2155,2015,2030,929102,-0.03562945368171022
2022-12-21,2050,2180,2050,2160,4081181,0.0640394088669951
2022-12-22,2140,2150,2095,2150,1239669,-0.00462962962962965
2022-12-23,2105,2115,1985,1990,907964,-0.07441860465116279
2022-12-26,1990,2010,1905,1915,544899,-0.03768844221105527
2022-12-27,1900,2005,1890,2000,595120,0.044386422976501416
2022-12-28,2050,2140,2000,2130,1325683,0.06499999999999995
2022-12-29,2130,2165,2045,2130,1427854,0.0
2023-01-02,2110,2130,1965,1970,526055,-0.07511737089201875
2023-01-03,1940,2280,1890,2090,10819851,0.060913705583756306
2023-01-04,2045,2145,2045,2115,1334070,0.011961722488038173
2023-01-05,2120,2320,2110,2180,6553579,0.030732860520094496
2023-01-06,2180,2245,2155,2200,1354615,0.00917431192660545
2023-01-09,2200,2255,2185,2205,987525,0.002272727272727204
2023-01-10,2230,2375,2145,2155,3611810,-0.0226757369614512
2023-01-11,2185,2355,2165,2285,5168979,0.06032482598607891
2023-01-12,2275,2380,2210,2210,2686774,-0.03282275711159732
2023-01-13,2240,2255,2170,2185,626354,-0.011312217194570096
2023-01-16,2190,2225,2180,2185,395650,0.0
2023-01-17,2190,2300,2160,2295,1088495,0.05034324942791768
2023-01-18,2260,2285,2230,2230,685356,-0.028322440087146017
2023-01-19,2200,2370,2145,2330,1929344,0.04484304932735417
2023-01-20,2280,2400,2250,2320,2908639,-0.0042918454935622075
2023-01-25,2330,2425,2320,2405,3119772,0.03663793103448265
2023-01-26,2455,2590,2350,2375,9876640,-0.012474012474012475
2023-01-27,2375,2420,2320,2370,983548,-0.002105263157894721
2023-01-30,2350,2370,2305,2320,795341,-0.021097046413502074
2023-01-31,2335,2650,2335,2475,16845487,0.0668103448275863
2023-02-01,2475,2515,2410,2475,2462115,0.0
2023-02-02,2525,2590,2475,2495,3548063,0.008080808080808133
2023-02-03,2475,2560,2470,2505,1790889,0.004008016032064132
2023-02-06,2495,2500,2345,2345,1473315,-0.06387225548902198
2023-02-07,2340,2410,2305,2365,794255,0.008528784648187626
2023-02-08,2365,2420,2350,2415,726384,0.02114164904862581
2023-02-09,2410,2460,2370,2390,647831,-0.010351966873705987
2023-02-10,2445,2445,2245,2295,1248766,-0.03974895397489542
2023-02-13,2305,2330,2235,2265,707659,-0.013071895424836555
2023-02-14,2290,2290,2205,2220,640175,-0.019867549668874163
2023-02-15,2260,2260,2140,2200,591513,-0.009009009009009028
2023-02-16,2260,2275,2205,2230,414273,0.013636363636363669
2023-02-17,2200,2240,2170,2210,188243,-0.008968609865470878
2023-02-20,2230,2330,2230,2330,720360,0.05429864253393668
2023-02-21,2340,2340,2280,2305,253140,-0.010729613733905574
2023-02-22,2260,2280,2200,2220,637155,-0.03687635574837311
2023-02-23,2665,2790,2355,2370,21684232,0.06756756756756754
2023-02-24,2340,2410,2280,2400,3238544,0.012658227848101333
2023-02-27,2350,2385,2295,2295,1124517,-0.043749999999999956
2023-02-28,2295,2390,2280,2350,1263650,0.023965141612200425
2023-03-02,2355,2405,2335,2370,1535161,0.008510638297872353
2023-03-03,2625,2680,2460,2530,6813574,0.06751054852320681
2023-03-06,2510,2560,2460,2485,1505445,-0.017786561264822143
2023-03-07,2470,2565,2435,2540,1859975,0.02213279678068414
2023-03-08,2490,2495,2380,2400,1145723,-0.055118110236220486
2023-03-09,2400,2410,2300,2340,745044,-0.025000000000000022
2023-03-10,2300,2340,2275,2280,384224,-0.02564102564102566
2023-03-13,2260,2345,2200,2280,633786,0.0
2023-03-14,2265,2275,2110,2120,713876,-0.07017543859649122
2023-03-15,2195,2250,2140,2150,425657,0.014150943396226356
2023-03-16,2125,2140,2040,2110,437497,-0.018604651162790753
2023-03-17,2130,2220,2130,2215,546371,0.04976303317535535
2023-03-20,2260,2400,2235,2355,1642473,0.06320541760722342
2023-03-21,2335,2355,2220,2220,887352,-0.0573248407643312
2023-03-22,2275,2280,2220,2235,573530,0.006756756756756799
2023-03-23,2180,2220,2160,2180,422342,-0.02460850111856827
2023-03-24,2185,2260,2180,2230,343272,0.022935779816513735
2023-03-27,2220,2250,2170,2195,290878,-0.015695067264574036
2023-03-28,2220,2265,2200,2235,298292,0.018223234624145768
2023-03-29,2255,2515,2220,2355,7852560,0.05369127516778516
2023-03-30,2485,2650,2385,2490,10633329,0.0573248407643312
2023-03-31,2475,2480,2370,2375,1338958,-0.04618473895582331
2023-04-03,2380,2615,2350,2470,2448270,0.040000000000000036
2023-04-04,2440,2570,2435,2520,1744822,0.020242914979757165
2023-04-05,2535,2680,2450,2485,3537503,-0.01388888888888884
2023-04-06,2515,2525,2380,2405,694590,-0.03219315895372232
2023-04-07,2455,2465,2350,2425,572130,0.008316008316008316
2023-04-10,2410,2420,2325,2375,485000,-0.020618556701030966
2023-04-11,2360,2430,2345,2410,437196,0.01473684210526316
2023-04-12,2410,2415,2315,2395,454349,-0.006224066390041472
2023-04-13,2390,2415,2320,2395,523844,0.0
2023-04-14,2425,2520,2415,2465,1128077,0.029227557411273475
2023-04-17,2495,2515,2460,2495,648299,0.012170385395537497
2023-04-18,2495,2505,2400,2400,933487,-0.038076152304609256
2023-04-19,2400,2410,2350,2380,557173,-0.008333333333333304
2023-04-20,2375,2390,2300,2300,590269,-0.03361344537815125
2023-04-21,2310,2315,2230,2290,315473,-0.004347826086956497
2023-04-24,2290,2470,2245,2300,1628974,0.004366812227074135
2023-04-25,2300,2385,2215,2250,1187733,-0.021739130434782594
2023-04-26,2205,2230,2160,2165,558599,-0.0377777777777778
2023-04-27,2170,2195,2100,2185,288609,0.009237875288683695
2023-04-28,2200,2225,2145,2160,366514,-0.011441647597253968
2023-05-02,2145,2235,2140,2210,163919,0.02314814814814814
2023-05-03,2210,2265,2170,2200,323249,-0.004524886877828038
2023-05-04,2200,2860,2170,2860,30033609,0.30000000000000004
2023-05-08,3185,3525,3080,3280,37189240,0.14685314685314688
2023-05-09,3040,3330,2910,3205,15684641,-0.02286585365853655
2023-05-10,3075,3195,3000,3135,5131254,-0.021840873634945357
2023-05-11,3065,3860,3055,3405,51871170,0.0861244019138756
2023-05-12,3335,3450,3255,3305,4742740,-0.029368575624082238
2023-05-15,3250,3420,3125,3220,5351111,-0.02571860816944027
2023-05-16,3185,3490,3100,3290,11893229,0.021739130434782705
2023-05-17,3270,3640,3265,3470,21056153,0.054711246200607855
2023-05-18,3410,3630,3340,3500,9574104,0.008645533141210304
2023-05-19,3555,3600,3255,3280,2928107,-0.06285714285714283
2023-05-22,3240,3455,3225,3390,2292762,0.03353658536585358
2023-05-23,3350,3385,3260,3310,1285964,-0.02359882005899705
2023-05-24,3275,3350,3160,3210,1266894,-0.030211480362537735
2023-05-25,3215,3515,3160,3200,4779991,-0.0031152647975077885
2023-05-26,3235,3465,3065,3210,10169069,0.0031250000000000444
2023-05-30,3255,3580,3230,3565,22149372,0.11059190031152655
2023-05-31,3455,3480,3255,3260,4924877,-0.08555399719495094
2023-06-01,3285,3350,3095,3335,5462520,0.02300613496932513
2023-06-02,3315,4335,3305,4105,76313697,0.23088455772113936
2023-06-05,4060,4085,3910,3930,8453663,-0.042630937880633324
2023-06-07,3905,4020,3845,3875,6366176,-0.013994910941475869
2023-06-08,3935,4320,3900,4105,30257900,0.05935483870967739
2023-06-09,4030,4280,3975,4215,8161537,0.02679658952496955
2023-06-12,4145,4300,3915,4120,8525251,-0.022538552787663146
2023-06-13,4135,4470,3995,4070,13557042,-0.012135922330097082
2023-06-14,4120,4190,3775,3880,4621860,-0.04668304668304668
2023-06-15,3915,4185,3895,3980,6174053,0.025773195876288568
2023-06-16,4020,4265,4020,4195,7807363,0.05402010050251249
2023-06-19,4160,4575,4065,4480,12812979,0.0679380214541121
2023-06-20,4460,5320,4360,5030,36691518,0.1227678571428572
2023-06-21,5050,5190,4880,4905,4984610,-0.0248508946322068
2023-06-22,4820,5030,4730,4810,3281422,-0.01936799184505611
2023-06-23,4785,5090,4445,4500,6885571,-0.0644490644490644
2023-06-26,4515,4780,4440,4495,3938567,-0.0011111111111110628
2023-06-27,4645,4645,3950,3950,9590262,-0.12124582869855394
2023-06-28,4085,4115,3850,3930,4245720,-0.005063291139240533
2023-06-29,3905,3955,3780,3830,2195557,-0.025445292620865145
2023-06-30,3840,3850,3720,3770,1688656,-0.015665796344647487
2023-07-03,3745,3860,3730,3765,1650046,-0.0013262599469495706
2023-07-04,3785,4040,3725,3890,3596718,0.033200531208499307
2023-07-05,3900,4090,3770,3785,3689355,-0.02699228791773778
2023-07-06,3780,3790,3455,3545,2808517,-0.06340819022457067
2023-07-07,3530,3610,3465,3500,1030870,-0.012693935119887145
2023-07-10,3500,3520,3405,3435,1087638,-0.018571428571428572
2023-07-11,3480,3530,3430,3480,892933,0.013100436681222627
2023-07-12,3480,4395,3355,3895,31483602,0.11925287356321834
2023-07-13,3825,4100,3780,3895,8644741,0.0
2023-07-14,3925,4035,3725,3800,3670988,-0.024390243902439046
2023-07-17,3665,3755,3540,3730,1590781,-0.018421052631578894
2023-07-18,3750,3765,3500,3555,2010513,-0.046916890080428986
2023-07-19,3575,3585,3370,3410,2322235,-0.04078762306610406
2023-07-20,3370,3395,3315,3360,1135646,-0.014662756598240456
2023-07-21,3360,3410,3250,3265,1426680,-0.028273809523809534
2023-07-24,3290,3355,3180,3225,1117314,-0.01225114854517606
2023-07-25,3220,3255,3105,3150,1029301,-0.023255813953488413
2023-07-26,3150,3150,2910,3015,1983948,-0.042857142857142816
2023-07-27,3015,3195,3010,3110,1260044,0.031509121061359835
2023-07-28,3055,3230,3030,3225,842700,0.036977491961414755
2023-07-31,3225,3265,3125,3200,901773,-0.007751937984496138
2023-08-01,3200,3305,3170,3210,1045334,0.0031250000000000444
2023-08-02,3235,3310,3035,3070,936816,-0.04361370716510904
2023-08-03,3070,3145,2935,3125,1060446,0.01791530944625408
2023-08-04,3125,3160,3030,3075,562271,-0.016000000000000014
2023-08-07,3030,3140,2990,3050,647193,-0.008130081300813052
2023-08-08,3085,3085,2940,2950,721011,-0.032786885245901676
2023-08-09,2925,3085,2920,3080,521505,0.04406779661016946
2023-08-10,3035,3055,2970,2995,372768,-0.02759740259740262
2023-08-11,3005,3100,2965,3035,502531,0.013355592654423987
2023-08-14,3090,3110,2945,3100,767140,0.021416803953871577
2023-08-16,3035,3060,2950,2985,591733,-0.0370967741935484
2023-08-17,2920,2960,2845,2940,532120,-0.015075376884422065
2023-08-18,2895,2970,2845,2935,479283,-0.00170068027210879
2023-08-21,2905,3490,2895,3165,6282821,0.0783645655877343
2023-08-22,3120,3165,3040,3070,1330094,-0.03001579778830965
2023-08-23,3235,3450,3135,3375,6288018,0.09934853420195444
2023-08-24,3315,3480,3235,3270,3002323,-0.03111111111111109
2023-08-25,3265,3300,3175,3180,997238,-0.02752293577981646
2023-08-28,3155,3205,3125,3180,847823,0.0
2023-08-29,3155,3325,3155,3300,1123906,0.037735849056603765
2023-08-30,3305,3480,3210,3415,6629675,0.034848484848484906
2023-08-31,3400,3405,3305,3335,1278008,-0.02342606149341142
2023-09-01,3335,3410,3155,3170,1221273,-0.04947526236881561
2023-09-04,3190,3395,3150,3255,1239612,0.02681388012618302
2023-09-05,3255,3440,3230,3395,1583005,0.043010752688172005
2023-09-06,3370,3750,3320,3575,8565391,0.05301914580265099
2023-09-07,3590,3625,3335,3420,2068929,-0.043356643356643354
2023-09-08,3510,3665,3255,3295,2371584,-0.03654970760233922
2023-09-11,3280,3415,3230,3340,1083720,0.01365705614567525
2023-09-12,3345,3425,3110,3110,1192613,-0.06886227544910184
2023-09-13,3070,3150,2975,3000,874408,-0.03536977491961413
2023-09-14,3000,3145,2995,3005,603369,0.0016666666666667052
2023-09-15,3020,3070,3000,3010,446846,0.0016638935108153063
2023-09-18,2970,2995,2915,2930,436184,-0.02657807308970095
2023-09-19,2910,2980,2895,2980,442515,0.017064846416382284
2023-09-20,2950,2955,2860,2900,366317,-0.02684563758389258
2023-09-21,2830,2860,2720,2755,904137,-0.050000000000000044
2023-09-22,2705,2780,2670,2745,295542,-0.003629764065335772
2023-09-25,2685,2755,2665,2675,261482,-0.025500910746812377
2023-09-26,2665,2740,2595,2675,282379,0.0
2023-09-27,2600,2735,2600,2735,183587,0.02242990654205612
2023-10-04,2695,2700,2540,2540,367330,-0.07129798903107865
2023-10-05,2560,2630,2500,2500,299205,-0.015748031496062964
2023-10-06,2490,2665,2490,2620,201634,0.04800000000000004
2023-10-10,2600,2655,2505,2520,262012,-0.03816793893129766
2023-10-11,2520,2675,2520,2605,240301,0.03373015873015883
2023-10-12,2600,2685,2600,2675,165065,0.026871401151631558
2023-10-13,2645,2665,2565,2570,278671,-0.03925233644859816
2023-10-16,2570,2575,2450,2510,372911,-0.023346303501945553
2023-10-17,2525,2645,2525,2570,272634,0.0239043824701195
2023-10-18,2580,2645,2535,2570,360036,0.0
2023-10-19,2520,2630,2420,2420,714934,-0.05836575875486383
2023-10-20,2380,2440,2330,2405,332429,-0.006198347107438051
2023-10-23,2405,2425,2320,2360,231108,-0.018711018711018657
2023-10-24,2350,2450,2285,2445,380237,0.03601694915254239
2023-10-25,2460,2545,2450,2465,259940,0.008179959100204526
2023-10-26,2415,2425,2285,2315,356243,-0.0608519269776876
2023-10-27,2340,2455,2315,2370,449783,0.023758099352051865
2023-10-30,2335,2395,2315,2375,183023,0.0021097046413502962
2023-10-31,2400,2430,2255,2280,324101,-0.040000000000000036
2023-11-01,2280,2355,2280,2330,179878,0.021929824561403466
2023-11-02,2370,2465,2350,2405,648285,0.032188841201716833
2023-11-03,2400,2435,2365,2415,304062,0.004158004158004047
2023-11-06,2450,2490,2410,2485,291158,0.02898550724637672
2023-11-07,2485,2550,2440,2460,397782,-0.010060362173038184
2023-11-08,2480,2630,2440,2465,1280130,0.00203252032520318
2023-11-09,2480,2520,2445,2520,241844,0.022312373225152227
2023-11-10,2510,2510,2385,2400,309679,-0.04761904761904767
2023-11-13,2425,2450,2335,2340,247468,-0.025000000000000022
2023-11-14,2345,2435,2345,2430,231564,0.03846153846153855
2023-11-15,2450,2510,2450,2495,275536,0.026748971193415683
2023-11-16,2480,2505,2460,2490,92129,-0.002004008016032066
2023-11-17,2480,2545,2405,2415,294173,-0.030120481927710885
2023-11-20,2435,2550,2415,2520,406974,0.04347826086956519
2023-11-21,2700,3100,2660,2775,14823770,0.10119047619047628
2023-11-22,2805,2960,2795,2820,4671592,0.016216216216216273
2023-11-23,2840,2910,2775,2870,1536185,0.01773049645390068
2023-11-24,2835,2895,2830,2840,956247,-0.010452961672473893
2023-11-27,2925,2925,2810,2815,1577244,-0.008802816901408494
2023-11-28,2795,2865,2770,2785,707406,-0.010657193605683846
2023-11-29,2785,2810,2730,2760,512025,-0.008976660682226245
2023-11-30,2830,3075,2825,2880,6064107,0.04347826086956519
2023-12-01,2910,3725,2880,3490,23681464,0.21180555555555558
2023-12-04,3445,3850,3430,3615,26878006,0.035816618911174825
2023-12-05,3595,3740,3360,3440,7273686,-0.048409405255878335
2023-12-06,3530,3725,3420,3530,10213019,0.026162790697674465
2023-12-07,3470,4365,3390,3930,52095659,0.11331444759206799
2023-12-08,3770,3880,3770,3860,2585432,-0.01781170483460559
2023-12-11,3860,3975,3760,3760,1565320,-0.025906735751295318
2023-12-12,3735,3835,3700,3830,1455500,0.018617021276595702
2023-12-13,3785,4190,3650,3800,14479108,-0.007832898172323799
2023-12-14,3875,3875,3635,3720,2980210,-0.021052631578947323
2023-12-15,3720,3730,3205,3245,4878745,-0.12768817204301075
2023-12-18,3275,3280,3115,3205,1534723,-0.012326656394452962
2023-12-19,3200,3285,3155,3235,1401354,0.009360374414976613
2023-12-20,3265,3325,3120,3205,1851192,-0.009273570324574987
2023-12-21,3200,3200,3075,3090,971703,-0.03588143525741028
2023-12-22,3150,3155,3015,3035,1380679,-0.017799352750809017
2023-12-26,3070,3090,2970,2970,619746,-0.021416803953871466
2023-12-27,2950,3090,2950,3090,756957,0.04040404040404044
2023-12-28,3075,3145,3015,3140,553285,0.016181229773462702
2024-01-02,3095,3165,3060,3120,454260,-0.006369426751592355
2024-01-03,3110,3150,3060,3100,652063,-0.0064102564102563875
2024-01-04,3085,3170,3050,3055,1004334,-0.014516129032258074
2024-01-05,3060,3150,3055,3095,556856,0.013093289689034338
2024-01-08,3065,3215,3065,3200,895069,0.03392568659127626
2024-01-09,3230,3235,3145,3190,580651,-0.0031250000000000444
2024-01-10,3190,3195,3090,3125,650622,-0.020376175548589393
2024-01-11,3125,3210,3110,3115,785124,-0.0031999999999999806
2024-01-12,3145,3170,3015,3075,892338,-0.012841091492776902
2024-01-15,3085,3125,3020,3065,525705,-0.003252032520325243
2024-01-16,3030,3080,2990,3025,341061,-0.013050570962479635
2024-01-17,3000,3020,2895,2900,534637,-0.04132231404958675
2024-01-18,2900,2990,2850,2935,503278,0.012068965517241459
2024-01-19,2990,3045,2945,2980,427311,0.015332197614991383
2024-01-22,3000,3060,2955,3015,576745,0.011744966442952975
2024-01-23,3025,3080,2980,3080,640162,0.021558872305140975
2024-01-24,3335,4000,3240,4000,37351185,0.2987012987012987
2024-01-25,3810,4615,3650,4300,76831101,0.07499999999999996
2024-01-26,4650,4715,4190,4225,24841988,-0.01744186046511631
2024-01-29,4120,4250,3940,4010,6607836,-0.05088757396449706
2024-01-30,4010,4540,3860,4300,35199037,0.07231920199501252
2024-01-31,4200,4475,4035,4075,9730622,-0.05232558139534882
2024-02-01,4385,4650,3790,3900,27822493,-0.042944785276073594
