Date,Open,High,Low,Close,Volume,Change
2022-01-03,4450,4475,4340,4365,494956,-0.017997750281214864
2022-01-04,4395,4435,4345,4370,496710,0.001145475372279492
2022-01-05,4375,4375,4255,4270,742734,-0.022883295194508046
2022-01-06,4200,4270,4180,4200,471142,-0.016393442622950838
2022-01-07,4195,4275,4195,4235,228196,0.008333333333333304
2022-01-10,4235,4250,4140,4165,383031,-0.016528925619834656
2022-01-11,4150,4195,4105,4125,380164,-0.009603841536614643
2022-01-12,4125,4170,4120,4130,255979,0.00121212121212122
2022-01-13,4130,4170,4125,4135,246131,0.001210653753026536
2022-01-14,4100,4130,4075,4100,313527,-0.008464328899637219
2022-01-17,4115,4115,3960,4000,556355,-0.024390243902439046
2022-01-18,4000,4050,3880,3910,427573,-0.022499999999999964
2022-01-19,3805,4005,3805,3915,364685,0.0012787723785165905
2022-01-20,3900,4015,3900,3980,203945,0.016602809706258048
2022-01-21,3980,4020,3910,3925,225360,-0.013819095477386911
2022-01-24,3910,3915,3760,3855,455375,-0.017834394904458595
2022-01-25,3870,3910,3705,3705,563926,-0.03891050583657585
2022-01-26,3675,4095,3670,3905,1146811,0.053981106612685625
2022-01-27,3880,3930,3740,3910,630787,0.001280409731113874
2022-01-28,3940,3985,3810,3965,299728,0.01406649616368294
2022-02-03,3990,4075,3945,3985,396032,0.0050441361916770955
2022-02-04,3955,4060,3945,4055,259744,0.017565872020075313
2022-02-07,4125,4135,4065,4075,330279,0.004932182490752224
2022-02-08,4040,4160,4040,4140,431373,0.01595092024539868
2022-02-09,4185,4205,4145,4180,214305,0.009661835748792313
2022-02-10,4225,4320,4200,4240,455533,0.014354066985645897
2022-02-11,4200,4225,4100,4105,227816,-0.03183962264150941
2022-02-14,4030,4075,3950,3995,271787,-0.02679658952496955
2022-02-15,3955,4025,3820,3875,407025,-0.030037546933667114
2022-02-16,3910,4010,3910,3995,191961,0.030967741935483906
2022-02-17,3995,4070,3915,4010,324725,0.003754693366708306
2022-02-18,3900,4035,3900,4005,152041,-0.0012468827930174342
2022-02-21,3945,4060,3940,4045,152301,0.009987515605493158
2022-02-22,3980,4030,3960,3960,223611,-0.021013597033374576
2022-02-23,3990,4065,3970,3980,176685,0.005050505050504972
2022-02-24,3945,3980,3875,3875,249299,-0.02638190954773867
2022-02-25,3940,3995,3905,3990,220239,0.029677419354838808
2022-02-28,3985,4135,3920,4110,382132,0.03007518796992481
2022-03-02,4155,4190,4070,4080,495848,-0.007299270072992692
2022-03-03,4100,4140,4075,4140,245392,0.014705882352941124
2022-03-04,4120,4140,4070,4085,192708,-0.01328502415458932
2022-03-07,4085,4085,4000,4010,228522,-0.01835985312117505
2022-03-08,3980,4020,3930,4010,162850,0.0
2022-03-10,4095,4115,4020,4030,288586,0.004987531172069737
2022-03-11,4160,4160,4040,4050,335995,0.00496277915632759
2022-03-14,4065,4070,3985,4000,200060,-0.012345679012345734
2022-03-15,4000,4000,3950,3980,126744,-0.0050000000000000044
2022-03-16,4050,4140,3980,4130,386304,0.03768844221105527
2022-03-17,4160,4265,4135,4245,528403,0.02784503631961255
2022-03-18,4270,4275,4210,4230,182023,-0.0035335689045936647
2022-03-21,4265,4265,4180,4195,160324,-0.008274231678486954
2022-03-22,4190,4240,4150,4225,191732,0.007151370679380209
2022-03-23,4225,4250,4170,4185,183353,-0.009467455621301801
2022-03-24,4185,4300,4160,4290,398248,0.02508960573476693
2022-03-25,4330,4330,4255,4265,237810,-0.005827505827505797
2022-03-28,4265,4285,4220,4255,147462,-0.0023446658851113966
2022-03-29,4300,4305,4215,4220,163395,-0.008225616921269108
2022-03-30,4280,4330,4255,4280,332112,0.014218009478673022
2022-03-31,4235,4325,4235,4280,123084,0.0
2022-04-01,4250,4260,4185,4215,216932,-0.015186915887850483
2022-04-04,4215,4265,4175,4245,165982,0.007117437722419906
2022-04-05,4265,4280,4225,4265,175773,0.004711425206124886
2022-04-06,4250,4250,4195,4220,164882,-0.010550996483001174
2022-04-07,4235,4235,4170,4205,212383,-0.0035545023696682554
2022-04-08,4205,4570,4200,4525,1288773,0.07609988109393573
2022-04-11,4510,4515,4350,4385,530270,-0.030939226519337004
2022-04-12,4335,4410,4290,4330,339051,-0.012542759407069504
2022-04-13,4330,4400,4320,4400,228172,0.01616628175519641
2022-04-14,4415,4425,4330,4410,300739,0.002272727272727204
2022-04-15,4380,4405,4350,4405,244453,-0.0011337868480725266
2022-04-18,4390,4410,4335,4345,161855,-0.01362088535754824
2022-04-19,4330,4390,4330,4370,148491,0.005753739930955071
2022-04-20,4365,4405,4350,4390,175988,0.004576659038901587
2022-04-21,4400,4580,4400,4445,810565,0.01252847380410027
2022-04-22,4420,4425,4330,4370,292493,-0.01687289088863897
2022-04-25,4300,4340,4250,4280,275387,-0.020594965675057253
2022-04-26,4285,4395,4245,4395,245929,0.026869158878504606
2022-04-27,4245,4400,4205,4380,272523,-0.0034129692832765013
2022-04-28,4435,4435,4290,4335,207871,-0.010273972602739767
2022-04-29,4335,4440,4335,4380,205111,0.01038062283737018
2022-05-02,4335,4350,4285,4330,154664,-0.011415525114155223
2022-05-03,4340,4745,4340,4425,1482944,0.021939953810623525
2022-05-04,4435,4485,4385,4455,325973,0.006779661016949046
2022-05-06,4400,4445,4350,4390,190708,-0.014590347923681302
2022-05-09,4345,4380,4265,4285,301493,-0.023917995444191376
2022-05-10,4170,4340,4110,4340,343353,0.012835472578763163
2022-05-11,4380,4450,4345,4430,370625,0.02073732718894017
2022-05-12,4355,4585,4300,4555,683952,0.028216704288938965
2022-05-13,4515,4605,4475,4560,456869,0.001097694840834329
2022-05-16,4555,4595,4455,4520,504676,-0.00877192982456143
2022-05-17,4565,4585,4505,4535,375120,0.0033185840707965486
2022-05-18,4585,4605,4515,4550,285387,0.00330760749724357
2022-05-19,4470,4560,4390,4530,320522,-0.00439560439560438
2022-05-20,4550,4570,4510,4540,270166,0.002207505518763808
2022-05-23,4570,4580,4500,4535,313887,-0.0011013215859030367
2022-05-24,4535,4540,4460,4470,366446,-0.01433296582138921
2022-05-25,4455,4515,4405,4465,203057,-0.0011185682326622093
2022-05-26,4455,4510,4410,4420,263037,-0.01007838745800671
2022-05-27,4435,4480,4410,4420,164906,0.0
2022-05-30,4425,4465,4395,4425,230332,0.0011312217194570096
2022-05-31,4455,4455,4415,4440,120708,0.003389830508474523
2022-06-02,4445,4450,4405,4435,116818,-0.0011261261261261701
2022-06-03,4490,4510,4435,4455,174543,0.004509582863585049
2022-06-07,4460,4470,4400,4400,174859,-0.012345679012345734
2022-06-08,4380,4435,4340,4375,275005,-0.005681818181818232
2022-06-09,4370,4370,4280,4310,180585,-0.014857142857142902
2022-06-10,4280,4330,4245,4330,160503,0.004640371229698292
2022-06-13,4270,4285,4145,4145,356424,-0.04272517321016167
2022-06-14,4065,4100,3930,4030,421673,-0.027744270205066313
2022-06-15,3975,4035,3950,3970,336678,-0.01488833746898266
2022-06-16,3975,4050,3900,3970,246327,0.0
2022-06-17,3855,4030,3840,3880,257450,-0.02267002518891692
2022-06-20,3890,3950,3585,3770,289889,-0.028350515463917536
2022-06-21,3730,3825,3730,3795,146898,0.006631299734747964
2022-06-22,3830,3830,3590,3620,297585,-0.04611330698287219
2022-06-23,3600,3635,3400,3450,528591,-0.046961325966850875
2022-06-24,3380,3620,3380,3615,242787,0.047826086956521685
2022-06-27,3645,3780,3625,3730,200532,0.03181189488243441
2022-06-28,3770,3770,3685,3750,90480,0.00536193029490617
2022-06-29,3665,3730,3655,3700,79354,-0.013333333333333308
2022-06-30,3700,3750,3540,3540,196729,-0.043243243243243246
2022-07-01,3550,3610,3335,3500,374914,-0.011299435028248594
2022-07-04,3480,3550,3370,3490,136314,-0.0028571428571428914
2022-07-05,3455,3560,3345,3500,151216,0.002865329512893977
2022-07-06,3500,3535,3430,3465,125170,-0.010000000000000009
2022-07-07,3470,3540,3470,3525,88595,0.017316017316017396
2022-07-08,3535,3590,3535,3540,115410,0.004255319148936065
2022-07-11,3540,3555,3485,3515,89825,-0.007062146892655385
2022-07-12,3480,3510,3415,3475,186319,-0.011379800853485111
2022-07-13,3435,3485,3425,3470,81392,-0.0014388489208633226
2022-07-14,3460,3505,3445,3475,136522,0.0014409221902016434
2022-07-15,3465,3500,3435,3475,93654,0.0
2022-07-18,3515,3585,3505,3585,159256,0.031654676258992875
2022-07-19,3570,3650,3535,3645,137612,0.01673640167364021
2022-07-20,3690,3750,3660,3665,129530,0.005486968449931462
2022-07-21,3690,3710,3650,3705,86911,0.01091405184174632
2022-07-22,3675,3715,3670,3700,57258,-0.0013495276653171517
2022-07-25,3685,3715,3675,3695,61214,-0.0013513513513513375
2022-07-26,3690,3700,3680,3680,74678,-0.004059539918809252
2022-07-27,3650,3685,3640,3680,85237,0.0
2022-07-28,3740,3745,3650,3680,119020,0.0
2022-07-29,3705,3785,3705,3760,180267,0.021739130434782705
2022-08-01,3780,3780,3700,3710,200819,-0.013297872340425565
2022-08-02,3730,3730,3675,3685,110591,-0.006738544474393482
2022-08-03,3680,3730,3665,3705,68788,0.005427408412483015
2022-08-04,3720,3750,3700,3700,119370,-0.0013495276653171517
2022-08-05,3685,3730,3685,3700,110790,0.0
2022-08-08,3690,3730,3670,3680,115360,-0.00540540540540535
2022-08-09,3675,3700,3615,3670,232927,-0.0027173913043477826
2022-08-10,3640,3660,3625,3630,114501,-0.010899182561307952
2022-08-11,3650,3700,3625,3660,166656,0.008264462809917328
2022-08-12,3630,3695,3630,3665,167064,0.001366120218579292
2022-08-16,3675,3720,3670,3705,119011,0.01091405184174632
2022-08-17,3690,3710,3670,3680,89486,-0.006747638326585648
2022-08-18,3675,3675,3640,3670,100782,-0.0027173913043477826
2022-08-19,3670,3685,3645,3665,76982,-0.0013623978201634523
2022-08-22,3635,3660,3575,3585,150120,-0.021828103683492528
2022-08-23,3520,3565,3485,3525,177378,-0.01673640167364021
2022-08-24,3525,3540,3500,3500,108261,-0.007092198581560294
2022-08-25,3500,3545,3500,3540,83632,0.011428571428571344
2022-08-26,3565,3600,3540,3550,85611,0.0028248587570620654
2022-08-29,3450,3490,3430,3455,136487,-0.026760563380281654
2022-08-30,3440,3490,3440,3480,61275,0.00723589001447178
2022-08-31,3470,3515,3445,3505,59437,0.007183908045977017
2022-09-01,3505,3505,3450,3465,99758,-0.011412268188302432
2022-09-02,3450,3480,3435,3440,100107,-0.00721500721500723
2022-09-05,3420,3445,3340,3360,248745,-0.023255813953488413
2022-09-06,3335,3400,3335,3370,83574,0.0029761904761904656
2022-09-07,3370,3370,3240,3325,244554,-0.013353115727002929
2022-09-08,3285,3325,3280,3285,111475,-0.012030075187969946
2022-09-13,3300,3365,3300,3365,127781,0.0243531202435312
2022-09-14,3275,3320,3105,3315,120516,-0.014858841010401136
2022-09-15,3315,3315,3250,3270,105406,-0.013574660633484115
2022-09-16,3265,3265,3180,3195,145410,-0.022935779816513735
2022-09-19,3195,3215,3090,3105,212222,-0.028169014084507005
2022-09-20,3090,3190,3090,3175,149886,0.02254428341384873
2022-09-21,3175,3175,3085,3120,203214,-0.017322834645669305
2022-09-22,3100,3280,3015,3020,926092,-0.03205128205128205
2022-09-23,2975,3030,2960,3015,259619,-0.0016556291390728006
2022-09-26,2965,2995,2800,2820,382017,-0.06467661691542292
2022-09-27,2780,2880,2730,2825,489233,0.0017730496453900457
2022-09-28,2805,2900,2670,2740,429289,-0.030088495575221197
2022-09-29,2750,2840,2670,2680,350557,-0.021897810218978075
2022-09-30,2640,2715,2630,2640,329246,-0.014925373134328401
2022-10-04,2685,2835,2685,2810,283861,0.06439393939393945
2022-10-05,2860,2900,2705,2705,184221,-0.03736654804270467
2022-10-06,2745,2820,2735,2795,199296,0.03327171903881698
2022-10-07,2760,2805,2745,2780,154423,-0.00536672629695889
2022-10-11,2755,2755,2555,2610,493473,-0.0611510791366906
2022-10-12,2570,2600,2505,2560,401993,-0.019157088122605415
2022-10-13,2550,2560,2475,2480,322690,-0.03125
2022-10-14,2545,2635,2505,2610,239516,0.05241935483870974
2022-10-17,2560,2640,2540,2620,131128,0.003831417624521105
2022-10-18,2690,2700,2620,2680,149756,0.022900763358778553
2022-10-19,2685,2730,2670,2685,240240,0.001865671641791078
2022-10-20,2700,2725,2585,2585,301707,-0.03724394785847296
2022-10-21,2560,2615,2545,2570,168994,-0.005802707930367523
2022-10-24,2600,2630,2555,2590,200629,0.0077821011673151474
2022-10-25,2595,2600,2555,2560,187205,-0.01158301158301156
2022-10-26,2600,2645,2540,2570,286668,0.00390625
2022-10-27,2580,2615,2560,2585,202147,0.005836575875486361
2022-10-28,2575,2605,2550,2555,154077,-0.011605415860735047
2022-10-31,2570,2600,2565,2580,199860,0.009784735812133016
2022-11-01,2580,2650,2580,2630,182825,0.019379844961240345
2022-11-02,2630,2655,2605,2645,169179,0.005703422053231932
2022-11-03,2605,2650,2585,2650,132200,0.001890359168241984
2022-11-04,2600,2655,2590,2625,152208,-0.009433962264150941
2022-11-07,2620,2695,2620,2680,294016,0.020952380952381056
2022-11-08,2710,2745,2685,2730,466641,0.018656716417910557
2022-11-09,2735,2765,2705,2735,394617,0.001831501831501825
2022-11-10,2700,2730,2675,2690,335642,-0.01645338208409508
2022-11-11,2795,2825,2745,2805,506030,0.04275092936802971
2022-11-14,2805,2835,2800,2800,339941,-0.0017825311942959443
2022-11-15,2785,2855,2785,2855,395724,0.019642857142857073
2022-11-16,2855,2860,2800,2820,352790,-0.012259194395796813
2022-11-17,2820,2825,2765,2785,245225,-0.012411347517730542
2022-11-18,2795,2805,2740,2750,214397,-0.012567324955116699
2022-11-21,2735,2745,2685,2690,260298,-0.021818181818181848
2022-11-22,2700,2715,2610,2640,684957,-0.018587360594795488
2022-11-23,2640,2685,2635,2670,386723,0.011363636363636465
2022-11-24,2675,2720,2655,2690,654558,0.0074906367041198685
2022-11-25,2695,2750,2695,2725,516093,0.013011152416356975
2022-11-28,2730,2740,2680,2690,281829,-0.012844036697247652
2022-11-29,2690,2725,2635,2725,329386,0.013011152416356975
2022-11-30,2725,2770,2715,2765,334595,0.014678899082568808
2022-12-01,2800,2850,2785,2820,404516,0.019891500904159143
2022-12-02,2840,2860,2780,2810,540666,-0.0035460992907800915
2022-12-05,2825,2880,2810,2855,354017,0.016014234875444844
2022-12-06,2820,2880,2800,2825,426264,-0.010507880910682998
2022-12-07,2815,2850,2800,2810,215620,-0.005309734513274322
2022-12-08,2815,2820,2760,2780,237235,-0.010676156583629859
2022-12-09,2820,2850,2800,2825,220689,0.01618705035971213
2022-12-12,2825,2850,2810,2830,160682,0.001769911504424737
2022-12-13,2835,2885,2830,2860,310696,0.010600706713780994
2022-12-14,2885,2950,2850,2950,606998,0.03146853146853146
2022-12-15,2925,2950,2895,2915,279504,-0.011864406779661052
2022-12-16,2860,2935,2830,2935,357397,0.006861063464836947
2022-12-19,2915,2955,2900,2935,218035,0.0
2022-12-20,2915,2945,2890,2895,297561,-0.013628620102214661
2022-12-21,2915,2920,2865,2890,146743,-0.0017271157167529916
2022-12-22,2895,2930,2890,2915,182092,0.00865051903114189
2022-12-23,2900,2920,2845,2910,290737,-0.0017152658662092923
2022-12-26,2925,2935,2905,2930,296639,0.0068728522336769515
2022-12-27,2930,2995,2915,2985,945628,0.018771331058020424
2022-12-28,2850,2875,2790,2790,594431,-0.0653266331658291
2022-12-29,2790,2790,2660,2690,416690,-0.03584229390681004
2023-01-02,2680,2715,2565,2575,309866,-0.04275092936802971
2023-01-03,2550,2585,2500,2545,436571,-0.011650485436893177
2023-01-04,2505,2590,2505,2580,443221,0.013752455795677854
2023-01-05,2580,2600,2565,2595,211498,0.005813953488372103
2023-01-06,2595,2665,2575,2640,219189,0.01734104046242768
2023-01-09,2645,2715,2645,2710,183392,0.026515151515151603
2023-01-10,2705,2720,2680,2715,131115,0.0018450184501845879
2023-01-11,2700,2740,2695,2715,211990,0.0
2023-01-12,2730,2735,2675,2715,142209,0.0
2023-01-13,2715,2730,2690,2705,155053,-0.0036832412523020164
2023-01-16,2710,2740,2705,2715,278586,0.003696857670979714
2023-01-17,2705,2730,2655,2660,215023,-0.02025782688766109
2023-01-18,2665,2670,2605,2630,216397,-0.011278195488721776
2023-01-19,2625,2660,2605,2630,249708,0.0
2023-01-20,2610,2640,2610,2620,182294,-0.0038022813688213253
2023-01-25,2650,2725,2640,2710,483844,0.03435114503816794
2023-01-26,2725,2735,2695,2720,351430,0.0036900369003689537
2023-01-27,2765,2795,2730,2730,595233,0.003676470588235281
2023-01-30,2750,2780,2705,2715,425505,-0.005494505494505475
2023-01-31,2715,2725,2675,2695,360684,-0.007366482504604033
2023-02-01,2680,2720,2680,2705,343097,0.0037105751391466324
2023-02-02,2730,2885,2730,2840,1641561,0.049907578558225474
2023-02-03,2860,2865,2790,2810,526080,-0.010563380281690127
2023-02-06,2810,2810,2740,2750,463090,-0.02135231316725983
2023-02-07,2750,2820,2750,2815,446801,0.023636363636363678
2023-02-08,2850,2855,2825,2850,303335,0.01243339253996445
2023-02-09,2835,2845,2790,2840,190466,-0.0035087719298245723
2023-02-10,2830,2835,2775,2790,210030,-0.017605633802816878
2023-02-13,2780,2795,2760,2790,127689,0.0
2023-02-14,2810,2910,2795,2880,1087640,0.032258064516129004
2023-02-15,2890,2895,2695,2795,639983,-0.02951388888888884
2023-02-16,2795,2820,2780,2820,331752,0.008944543828264706
2023-02-17,2765,2830,2750,2815,294978,-0.0017730496453900457
2023-02-20,2815,2830,2780,2830,134369,0.005328596802841812
2023-02-21,2830,2855,2775,2840,235234,0.0035335689045936647
2023-02-22,2800,2855,2795,2830,287477,-0.0035211267605633756
2023-02-23,2840,2900,2820,2900,484302,0.02473498233215543
2023-02-24,2890,2925,2805,2830,453226,-0.024137931034482807
2023-02-27,2810,2810,2765,2795,352692,-0.012367491166077715
2023-02-28,2795,2825,2790,2800,191552,0.0017889087656528524
2023-03-02,2830,2890,2820,2825,457226,0.008928571428571397
2023-03-03,2835,2875,2815,2870,298331,0.015929203539823078
2023-03-06,2880,2900,2850,2900,436657,0.010452961672473782
2023-03-07,2910,3085,2905,3015,1410951,0.039655172413793016
2023-03-08,2990,3000,2920,2955,480940,-0.01990049751243783
2023-03-09,2965,2975,2890,2905,483576,-0.016920473773265665
2023-03-10,2865,2875,2755,2795,932624,-0.03786574870912218
2023-03-13,2760,2795,2700,2775,397712,-0.007155635062611854
2023-03-14,2775,2785,2660,2665,537472,-0.03963963963963968
2023-03-15,2700,2735,2695,2715,203521,0.018761726078799335
2023-03-16,2690,2845,2675,2775,682371,0.022099447513812098
2023-03-17,2800,2810,2765,2805,369845,0.0108108108108107
2023-03-20,2825,2870,2805,2810,345295,0.0017825311942958333
2023-03-21,2830,2835,2790,2795,293153,-0.005338078291814985
2023-03-22,2820,2825,2770,2800,234669,0.0017889087656528524
2023-03-23,2770,2800,2755,2755,280611,-0.016071428571428625
2023-03-24,2775,2980,2770,2955,1644042,0.072595281306715
2023-03-27,3015,3130,2975,3005,3193329,0.016920473773265554
2023-03-28,3005,3035,2950,3035,639231,0.009983361064891838
2023-03-29,3065,3070,2975,3010,613141,-0.008237232289950547
2023-03-30,3070,3120,3025,3070,1121609,0.019933554817275656
2023-03-31,3095,3095,3010,3050,578226,-0.006514657980456029
2023-04-03,3055,3055,2990,3000,417191,-0.016393442622950838
2023-04-04,3000,3010,2960,2970,579595,-0.010000000000000009
2023-04-05,2975,2995,2955,2980,360188,0.0033670033670034627
2023-04-06,2980,2980,2870,2870,507628,-0.03691275167785235
2023-04-07,2885,3025,2885,3010,658270,0.04878048780487809
2023-04-10,3045,3070,2980,3045,980589,0.011627906976744207
2023-04-11,3085,3190,3050,3165,1541266,0.039408866995073843
2023-04-12,3185,3190,3075,3130,909980,-0.011058451816745696
2023-04-13,3095,3145,3040,3125,490546,-0.0015974440894568342
2023-04-14,3140,3175,3070,3135,690697,0.0032000000000000917
2023-04-17,3170,3180,3100,3135,395736,0.0
2023-04-18,3130,3130,3060,3090,397726,-0.014354066985645897
2023-04-19,3085,3135,3055,3110,457568,0.006472491909385036
2023-04-20,3110,3130,3030,3050,482481,-0.019292604501607746
2023-04-21,3050,3185,2990,3060,588140,0.003278688524590123
2023-04-24,3045,3045,2980,2980,400079,-0.02614379084967322
2023-04-25,2980,3000,2890,2945,422613,-0.011744966442952975
2023-04-26,2910,2975,2905,2955,250136,0.00339558573853993
2023-04-27,2930,2985,2900,2975,287739,0.006768189509306355
2023-04-28,2995,3000,2930,2980,402221,0.001680672268907557
2023-05-02,2980,3025,2975,3000,196697,0.006711409395973256
2023-05-03,2990,3010,2955,2990,193673,-0.0033333333333332993
2023-05-04,2990,3025,2970,2985,263688,-0.0016722408026755842
2023-05-08,3005,3120,3005,3080,702886,0.031825795644891075
2023-05-09,3085,3085,3025,3045,242354,-0.011363636363636354
2023-05-10,3040,3070,3025,3060,271528,0.0049261083743843415
2023-05-11,3065,3080,3035,3055,228959,-0.0016339869281045694
2023-05-12,3035,3055,3010,3030,248377,-0.008183306055646433
2023-05-15,3050,3050,2980,3020,196623,-0.0033003300330033403
2023-05-16,2985,3095,2950,3085,940353,0.021523178807947074
2023-05-17,3060,3115,3060,3080,439842,-0.0016207455429497752
2023-05-18,3090,3135,3055,3080,509176,0.0
2023-05-19,3100,3190,3075,3185,1467526,0.03409090909090917
2023-05-22,3240,3250,3145,3165,879224,-0.006279434850863463
2023-05-23,3160,3190,3120,3145,342353,-0.006319115323854652
2023-05-24,3140,3170,3110,3155,305097,0.0031796502384737746
2023-05-25,3175,3225,3140,3210,706380,0.017432646592709933
2023-05-26,3245,3245,3175,3190,577597,-0.006230529595015577
2023-05-30,3200,3270,3200,3255,520938,0.020376175548589393
2023-05-31,3250,3270,3190,3200,403308,-0.016897081413210446
2023-06-01,3190,3195,3125,3175,316550,-0.0078125
2023-06-02,3170,3215,3160,3190,218189,0.0047244094488188
2023-06-05,3190,3205,3150,3170,165468,-0.006269592476489061
2023-06-07,3170,3200,3150,3170,210570,0.0
2023-06-08,3160,3180,3120,3175,322298,0.001577287066246047
2023-06-09,3160,3200,3160,3180,144673,0.0015748031496063408
2023-06-12,3185,3200,3130,3140,262139,-0.012578616352201255
2023-06-13,3145,3215,3145,3205,306433,0.02070063694267521
2023-06-14,3205,3220,3125,3165,406841,-0.012480499219968744
2023-06-15,3165,3175,3100,3165,362942,0.0
2023-06-16,3165,3185,3155,3185,215958,0.006319115323854652
2023-06-19,3185,3190,3145,3165,140899,-0.006279434850863463
2023-06-20,3180,3230,3135,3210,242998,0.014218009478673022
2023-06-21,3205,3215,3160,3160,240570,-0.015576323987538943
2023-06-22,3170,3170,3115,3155,217370,-0.0015822784810126667
2023-06-23,3100,3170,3100,3140,250222,-0.004754358161648153
2023-06-26,3140,3175,3080,3150,231211,0.0031847133757962887
2023-06-27,3150,3170,3105,3165,187092,0.004761904761904745
2023-06-28,3165,3165,3135,3155,133189,-0.003159557661927326
2023-06-29,3160,3175,3090,3100,249557,-0.017432646592709933
2023-06-30,3105,3115,3040,3090,236501,-0.003225806451612856
2023-07-03,3115,3140,3085,3125,166697,0.01132686084142387
2023-07-04,3125,3130,3095,3110,151425,-0.0048000000000000265
2023-07-05,3110,3125,3045,3060,400757,-0.01607717041800638
2023-07-06,3060,3060,3000,3005,349818,-0.017973856209150374
2023-07-07,3000,3015,2965,2985,199088,-0.006655574043261225
2023-07-10,3000,3000,2915,2950,335666,-0.011725293132328285
2023-07-11,2955,2990,2950,2985,160338,0.011864406779660941
2023-07-12,2980,2985,2945,2970,184466,-0.005025125628140725
2023-07-13,2985,3025,2985,3010,194579,0.013468013468013407
2023-07-14,3010,3075,2990,3065,289085,0.0182724252491695
2023-07-17,3065,3075,3010,3015,205913,-0.01631321370309946
2023-07-18,3035,3035,2955,2975,269134,-0.013266998341625258
2023-07-19,2985,2985,2930,2970,274735,-0.001680672268907557
2023-07-20,2965,2965,2910,2930,169977,-0.013468013468013518
2023-07-21,2900,2915,2870,2895,306233,-0.011945392491467532
2023-07-24,2895,2895,2830,2840,436059,-0.01899827288428324
2023-07-25,2820,2850,2780,2785,610923,-0.01936619718309862
2023-07-26,2775,2795,2655,2695,610214,-0.032315978456014416
2023-07-27,2705,2800,2700,2760,403548,0.024118738404452778
2023-07-28,2760,2830,2750,2800,153476,0.01449275362318847
2023-07-31,2805,2860,2805,2845,151831,0.016071428571428514
2023-08-01,2855,2855,2830,2855,134855,0.0035149384885764245
2023-08-02,2850,2860,2795,2820,192454,-0.012259194395796813
2023-08-03,2790,2870,2785,2820,130272,0.0
2023-08-04,2820,2825,2795,2810,125559,-0.0035460992907800915
2023-08-07,2805,2810,2760,2805,144720,-0.001779359430605032
2023-08-08,2800,2830,2735,2755,256902,-0.017825311942959
2023-08-09,2745,2795,2745,2790,94244,0.012704174228675091
2023-08-10,2760,2790,2745,2760,155276,-0.010752688172043001
2023-08-11,2760,2825,2700,2785,241715,0.009057971014492683
2023-08-14,2755,2765,2700,2740,419119,-0.016157989228007152
2023-08-16,2660,2720,2590,2625,791672,-0.041970802919708006
2023-08-17,2600,2620,2380,2600,1094728,-0.00952380952380949
2023-08-18,2595,2645,2520,2635,233795,0.013461538461538414
2023-08-21,2640,2655,2580,2585,216296,-0.018975332068311146
2023-08-22,2585,2610,2530,2565,211683,-0.007736943907156624
2023-08-23,2545,2575,2525,2560,119125,-0.0019493177387914784
2023-08-24,2575,2620,2570,2605,140916,0.017578125
2023-08-25,2590,2625,2575,2620,109969,0.0057581573896352545
2023-08-28,2620,2660,2610,2635,129162,0.005725190839694694
2023-08-29,2650,2695,2635,2665,146598,0.011385199240986799
2023-08-30,2675,2715,2675,2695,124757,0.011257035647279645
2023-08-31,2695,2695,2660,2670,115020,-0.00927643784786647
2023-09-01,2670,2940,2655,2730,1854131,0.022471910112359605
2023-09-04,2735,2815,2735,2760,419659,0.01098901098901095
2023-09-05,2760,2800,2760,2795,203663,0.0126811594202898
2023-09-06,2795,2795,2730,2745,201816,-0.017889087656529523
2023-09-07,2730,2760,2710,2710,203986,-0.012750455373406244
2023-09-08,2710,2750,2695,2750,138437,0.014760147601476037
2023-09-11,2750,2775,2735,2755,123852,0.0018181818181817189
2023-09-12,2770,2775,2715,2735,163808,-0.007259528130671544
2023-09-13,2720,2770,2715,2740,208924,0.001828153564899404
2023-09-14,2745,2835,2715,2820,415474,0.029197080291970767
2023-09-15,2805,2850,2800,2850,243508,0.010638297872340496
2023-09-18,2835,2845,2815,2820,155317,-0.010526315789473717
2023-09-19,2815,2835,2795,2820,170539,0.0
2023-09-20,2815,2850,2795,2820,206453,0.0
2023-09-21,2810,2820,2725,2795,362078,-0.00886524822695034
2023-09-22,2755,2770,2740,2760,147337,-0.012522361359570633
2023-09-25,2740,2765,2690,2715,146750,-0.016304347826086918
2023-09-26,2715,2720,2640,2645,163846,-0.025782688766114226
2023-09-27,2645,2690,2600,2690,216554,0.017013232514177634
2023-10-04,2675,2685,2610,2650,216691,-0.014869888475836479
2023-10-05,2650,2685,2615,2635,152914,-0.005660377358490565
2023-10-06,2620,2700,2620,2655,85347,0.007590132827324458
2023-10-10,2660,2695,2605,2620,230387,-0.013182674199623379
2023-10-11,2625,2675,2625,2645,134873,0.009541984732824416
2023-10-12,2665,2720,2660,2695,170473,0.018903591682419618
2023-10-13,2690,2710,2655,2675,136166,-0.007421150278293154
2023-10-16,2675,2675,2620,2635,177082,-0.01495327102803734
2023-10-17,2645,2680,2645,2675,99625,0.015180265654648917
2023-10-18,2680,2685,2645,2670,156244,-0.0018691588785046953
2023-10-19,2660,2665,2605,2610,222379,-0.022471910112359605
2023-10-20,2605,2605,2545,2575,251496,-0.013409961685823757
2023-10-23,2575,2575,2520,2535,120120,-0.01553398058252431
2023-10-24,2525,2580,2510,2580,99066,0.01775147928994092
2023-10-25,2580,2620,2580,2600,69275,0.007751937984496138
2023-10-26,2575,2575,2540,2550,107223,-0.019230769230769273
2023-10-27,2575,2575,2525,2560,91293,0.0039215686274509665
2023-10-30,2535,2570,2525,2560,47166,0.0
2023-10-31,2575,2580,2520,2535,102416,-0.009765625
2023-11-01,2535,2570,2535,2565,61594,0.01183431952662728
2023-11-02,2575,2625,2575,2615,91004,0.01949317738791434
2023-11-03,2630,2650,2615,2650,100336,0.013384321223709472
2023-11-06,2675,2695,2665,2685,155265,0.013207547169811429
2023-11-07,2660,2700,2650,2685,199109,0.0
2023-11-08,2685,2700,2660,2680,89273,-0.0018621973929237035
2023-11-09,2680,2690,2670,2680,61571,0.0
2023-11-10,2680,2680,2655,2680,52082,0.0
2023-11-13,2680,2700,2660,2675,82017,-0.001865671641791078
2023-11-14,2665,2775,2665,2770,387122,0.03551401869158877
2023-11-15,2770,2790,2750,2770,233880,0.0
2023-11-16,2770,2795,2755,2775,137336,0.0018050541516245744
2023-11-17,2775,2785,2755,2770,101369,-0.0018018018018017834
2023-11-20,2775,2810,2770,2805,146976,0.012635379061371799
2023-11-21,2810,2830,2790,2800,174784,-0.0017825311942959443
2023-11-22,2795,2830,2770,2810,115213,0.0035714285714285587
2023-11-23,2820,2825,2805,2820,97819,0.003558718861210064
2023-11-24,2830,2840,2815,2840,122002,0.007092198581560183
2023-11-27,2850,2855,2805,2820,167841,-0.007042253521126751
2023-11-28,2815,2830,2800,2815,105933,-0.0017730496453900457
2023-11-29,2820,2830,2800,2810,101767,-0.001776198934280604
2023-11-30,2835,2835,2805,2815,97742,0.001779359430605032
2023-12-01,2815,2835,2800,2820,97168,0.001776198934280604
2023-12-04,2840,2840,2800,2820,167704,0.0
2023-12-05,2815,2835,2800,2800,136273,-0.007092198581560294
2023-12-06,2805,2810,2785,2800,142823,0.0
2023-12-07,2800,2820,2785,2810,91207,0.0035714285714285587
2023-12-08,2810,2830,2810,2825,120464,0.005338078291814874
2023-12-11,2830,2865,2825,2865,240682,0.014159292035398341
2023-12-12,2870,2960,2855,2950,597408,0.029668411867364686
2023-12-13,2945,2950,2905,2915,186213,-0.011864406779661052
2023-12-14,2950,2950,2910,2910,246333,-0.0017152658662092923
2023-12-15,2915,2945,2910,2925,248100,0.005154639175257714
2023-12-18,2940,2945,2910,2925,146540,0.0
2023-12-19,2920,2920,2890,2895,186622,-0.01025641025641022
2023-12-20,2895,2925,2890,2900,204064,0.0017271157167531026
2023-12-21,2875,2905,2860,2890,194022,-0.0034482758620689724
2023-12-22,2910,2930,2900,2920,326416,0.01038062283737018
2023-12-26,2920,2940,2870,2880,628992,-0.013698630136986356
2023-12-27,2785,2790,2750,2780,551281,-0.03472222222222221
2023-12-28,2780,2780,2735,2745,315305,-0.01258992805755399
2024-01-02,2745,2865,2730,2860,425042,0.041894353369763104
2024-01-03,2850,2850,2790,2795,215994,-0.022727272727272707
2024-01-04,2790,2820,2760,2775,191389,-0.007155635062611854
2024-01-05,2780,2805,2745,2780,194538,0.0018018018018017834
2024-01-08,2785,2810,2755,2760,152608,-0.007194244604316502
2024-01-09,2780,2820,2765,2795,181775,0.0126811594202898
2024-01-10,2810,2810,2735,2740,220013,-0.019677996422182487
2024-01-11,2755,2770,2730,2755,96598,0.005474452554744547
2024-01-12,2755,2765,2725,2765,159946,0.003629764065335772
2024-01-15,2775,2805,2750,2770,168661,0.001808318264014508
2024-01-16,2750,2775,2725,2750,110428,-0.0072202166064981865
2024-01-17,2720,2750,2675,2675,219685,-0.027272727272727226
2024-01-18,2675,2710,2665,2675,93698,0.0
2024-01-19,2690,2735,2685,2725,135008,0.01869158878504673
2024-01-22,2740,2800,2740,2795,241483,0.025688073394495303
2024-01-23,2765,2880,2765,2850,453298,0.019677996422182487
2024-01-24,2870,2870,2795,2810,236170,-0.01403508771929829
2024-01-25,2815,2825,2775,2790,173015,-0.007117437722419906
2024-01-26,2795,2815,2765,2790,185471,0.0
2024-01-29,2790,2800,2735,2745,241058,-0.016129032258064502
2024-01-30,2750,2765,2685,2710,282293,-0.012750455373406244
2024-01-31,2710,2725,2660,2680,171693,-0.011070110701106972
2024-02-01,2665,2725,2660,2705,189024,0.009328358208955168
2024-02-02,2715,2755,2715,2755,125653,0.01848428835489835
2024-02-05,2760,2760,2715,2740,139493,-0.005444646098003658
2024-02-06,2740,2745,2695,2710,135524,-0.010948905109489093
2024-02-07,2710,2730,2695,2700,125826,-0.0036900369003689537
2024-02-08,2715,2730,2690,2725,153433,0.0092592592592593
2024-02-13,2720,2750,2705,2735,132990,0.003669724770642091
2024-02-14,2735,2735,2710,2720,129464,-0.005484460694698323
2024-02-15,2720,2780,2720,2760,245296,0.014705882352941124
2024-02-16,2770,2775,2735,2755,125289,-0.0018115942028985588
2024-02-19,2755,2765,2740,2755,110232,0.0
2024-02-20,2765,2765,2750,2755,109170,0.0
2024-02-21,2755,2770,2750,2765,120216,0.003629764065335772
2024-02-22,2765,2770,2745,2755,153599,-0.003616636528028905
2024-02-23,2770,2790,2740,2760,128079,0.001814882032667775
2024-02-26,2755,2775,2740,2760,136781,0.0
2024-02-27,2750,2760,2715,2725,193475,-0.0126811594202898
2024-02-28,2725,2730,2710,2720,96308,-0.0018348623853210455
2024-02-29,2745,2765,2725,2765,213738,0.016544117647058876
2024-03-04,2760,2925,2760,2865,849072,0.03616636528028927
2024-03-05,2885,2940,2820,2835,351890,-0.010471204188481686
2024-03-06,2815,2860,2800,2855,185851,0.007054673721340388
2024-03-07,2890,2910,2805,2815,397421,-0.014010507880910628
2024-03-08,2860,2865,2795,2815,219144,0.0
2024-03-11,2805,2845,2790,2820,132720,0.001776198934280604
2024-03-12,2805,2830,2800,2830,136172,0.0035460992907800915
2024-03-13,2840,2890,2820,2880,251063,0.0176678445229681
2024-03-14,2900,2900,2820,2850,295110,-0.01041666666666663
2024-03-15,2850,2870,2825,2835,247190,-0.0052631578947368585
2024-03-18,2835,2865,2810,2820,224247,-0.005291005291005346
2024-03-19,2830,2895,2800,2875,310427,0.019503546099290725
2024-03-20,2860,2885,2835,2875,226258,0.0
2024-03-21,2900,3000,2890,2995,1137736,0.0417391304347825
2024-03-22,2995,3015,2925,2995,523379,0.0
2024-03-25,3010,3010,2955,2970,346850,-0.008347245409014992
2024-03-26,2980,3040,2950,3040,724183,0.023569023569023573
2024-03-27,3030,3130,3005,3115,827664,0.024671052631578982
2024-03-28,3130,3230,3095,3195,1024112,0.025682182985553803
2024-03-29,3195,3225,3150,3180,466534,-0.0046948356807511304
2024-04-01,3200,3220,3130,3130,819844,-0.01572327044025157
2024-04-02,3160,3600,3155,3380,6885914,0.07987220447284349
2024-04-03,3350,3355,3205,3290,1210399,-0.026627218934911268
2024-04-04,3360,3470,3260,3300,1077035,0.003039513677811634
2024-04-05,3250,3320,3190,3295,604055,-0.0015151515151514694
2024-04-08,3300,3300,3105,3170,492461,-0.03793626707132014
2024-04-09,3170,3275,3120,3275,603993,0.03312302839116721
2024-04-11,3220,3355,3185,3320,377369,0.013740458015267132
2024-04-12,3335,3465,3330,3360,766435,0.012048192771084265
2024-04-15,3300,3345,3240,3320,377502,-0.011904761904761862
2024-04-16,3310,3460,3290,3365,854604,0.013554216867469826
2024-04-17,3385,3660,3360,3620,3131445,0.07578008915304602
2024-04-18,3585,3680,3515,3605,736436,-0.004143646408839796
2024-04-19,3635,3640,3490,3555,751836,-0.01386962552011095
2024-04-22,3530,3620,3385,3595,884731,0.011251758087201136
2024-04-23,3545,3750,3545,3595,883439,0.0
2024-04-24,3635,3780,3620,3700,823518,0.029207232267037586
2024-04-25,3695,3705,3605,3605,311085,-0.025675675675675635
2024-04-26,3645,3645,3565,3630,304051,0.006934812760055475
2024-04-29,3630,3635,3520,3535,331855,-0.026170798898071612
2024-04-30,3525,3705,3525,3680,581872,0.04101838755304099
2024-05-02,3630,3680,3600,3650,240232,-0.008152173913043459
2024-05-03,3655,3760,3620,3680,328246,0.008219178082191858
2024-05-07,3690,3855,3690,3840,704332,0.04347826086956519
2024-05-08,3835,3900,3740,3880,536419,0.01041666666666674
2024-05-09,3875,3880,3805,3835,283667,-0.011597938144329856
2024-05-10,3845,3860,3755,3790,312411,-0.011734028683181186
2024-05-13,3760,3790,3660,3730,321548,-0.0158311345646438
2024-05-14,3695,3730,3570,3640,486313,-0.024128686327077764
2024-05-16,3680,3780,3620,3645,523174,0.0013736263736263687
2024-05-17,3685,3810,3665,3705,496946,0.016460905349794164
2024-05-20,3690,3705,3455,3585,917290,-0.03238866396761131
2024-05-21,3560,3625,3430,3495,882613,-0.025104602510460206
2024-05-22,3510,3515,3400,3430,428596,-0.01859799713876964
2024-05-23,3435,3450,3365,3400,293665,-0.008746355685131157
2024-05-24,3370,3410,3355,3370,189084,-0.008823529411764675
2024-05-27,3370,3420,3305,3380,477814,0.0029673590504450953
2024-05-28,3365,3400,3355,3380,175515,0.0
2024-05-29,3390,3395,3320,3330,195722,-0.014792899408283988
2024-05-30,3330,3360,3295,3335,147459,0.0015015015015014122
2024-05-31,3320,3420,3320,3375,139151,0.011994002998500841
2024-06-03,3385,3425,3295,3405,261175,0.008888888888888946
2024-06-04,3405,3490,3370,3415,204752,0.002936857562408246
2024-06-05,3430,3505,3405,3405,232269,-0.002928257686676372
2024-06-07,3425,3455,3360,3370,314416,-0.01027900146842875
2024-06-10,3370,3380,3335,3365,94503,-0.0014836795252225476
2024-06-11,3365,3370,3255,3260,303529,-0.031203566121842496
2024-06-12,3250,3315,3235,3260,278602,0.0
2024-06-13,3285,3295,3215,3255,236089,-0.0015337423312883347
2024-06-14,3255,3285,3230,3270,135995,0.004608294930875667
2024-06-17,3270,3350,3265,3310,170675,0.012232415902140747
2024-06-18,3350,3450,3315,3440,366388,0.0392749244712991
2024-06-19,3445,3510,3390,3505,469014,0.018895348837209225
2024-06-20,3495,3555,3485,3500,260457,-0.0014265335235378318
2024-06-21,3485,3500,3390,3390,309823,-0.03142857142857147
2024-06-24,3410,3420,3300,3325,119254,-0.019174041297935096
2024-06-25,3305,3360,3280,3340,135579,0.004511278195488799
2024-06-26,3340,3350,3315,3350,76293,0.0029940119760478723
2024-06-27,3350,3350,3300,3310,131218,-0.011940298507462699
2024-06-28,3310,3335,3290,3315,84303,0.0015105740181269312
2024-07-01,3315,3375,3290,3360,145744,0.013574660633484115
2024-07-02,3360,3370,3300,3345,145710,-0.004464285714285698
2024-07-03,3345,3350,3260,3310,208829,-0.010463378176382654
2024-07-04,3295,3450,3295,3430,229940,0.03625377643504524
2024-07-05,3450,3475,3400,3425,300362,-0.001457725947521915
2024-07-08,3425,3520,3410,3465,215795,0.011678832116788218
2024-07-09,3470,3610,3410,3600,475946,0.03896103896103886
2024-07-10,3600,3610,3540,3580,351620,-0.005555555555555536
2024-07-11,3580,3630,3535,3545,225595,-0.009776536312849138
2024-07-12,3530,3530,3440,3445,242626,-0.028208744710860323
2024-07-15,3445,3600,3435,3595,241829,0.04354136429608135
2024-07-16,3595,3625,3530,3560,144832,-0.009735744089012566
2024-07-17,3560,3580,3470,3470,186288,-0.0252808988764045
2024-07-18,3400,3410,3330,3400,385964,-0.02017291066282423
2024-07-19,3380,3435,3360,3420,155607,0.00588235294117645
2024-07-22,3415,3415,3330,3370,209675,-0.014619883040935644
2024-07-23,3370,3420,3370,3375,111673,0.0014836795252226587
2024-07-24,3340,3415,3340,3370,137608,-0.001481481481481528
2024-07-25,3350,3355,3310,3345,105737,-0.007418397626112738
2024-07-26,3345,3380,3330,3360,87751,0.004484304932735439
2024-07-29,3370,3410,3365,3380,55880,0.005952380952380931
2024-07-30,3380,3380,3335,3355,72245,-0.007396449704141994
2024-07-31,3350,3550,3350,3535,294706,0.053651266766020944
2024-08-01,3540,3575,3480,3490,152869,-0.012729844413012725
2024-08-02,3450,3470,3370,3370,172416,-0.034383954154727836
2024-08-05,3335,3335,3000,3070,639240,-0.08902077151335308
2024-08-06,3035,3250,3035,3170,267124,0.032573289902280145
2024-08-07,3205,3280,3170,3220,161306,0.01577287066246047
2024-08-08,3215,3315,3190,3285,160457,0.020186335403726607
2024-08-09,3325,3430,3315,3415,185872,0.03957382039573831
2024-08-12,3425,3460,3415,3435,81988,0.005856515373352744
2024-08-13,3395,3485,3370,3465,266771,0.008733624454148492
2024-08-14,3470,3600,3470,3490,470831,0.00721500721500723
2024-08-16,3500,3530,3385,3415,309444,-0.021489971346704828
2024-08-19,3400,3440,3365,3400,139789,-0.004392386530014614
2024-08-20,3410,3455,3395,3440,158329,0.0117647058823529
2024-08-21,3450,3495,3395,3400,189664,-0.011627906976744207
2024-08-22,3430,3430,3360,3385,161449,-0.004411764705882337
2024-08-23,3380,3395,3330,3370,181311,-0.004431314623338234
2024-08-26,3400,3405,3345,3350,99179,-0.005934718100890191
2024-08-27,3345,3355,3300,3315,132293,-0.010447761194029903
2024-08-28,3315,3365,3300,3355,190971,0.012066365007541435
2024-08-29,3325,3340,3265,3285,210926,-0.02086438152011927
2024-08-30,3300,3325,3285,3315,68956,0.009132420091324311
2024-09-02,3330,3330,3285,3310,101427,-0.0015082956259426794
2024-09-03,3325,3355,3285,3300,114429,-0.0030211480362537513
2024-09-04,3240,3240,3150,3160,289248,-0.042424242424242475
2024-09-05,3175,3255,3160,3190,237439,0.009493670886076
2024-09-06,3180,3220,3110,3165,327685,-0.00783699059561127
2024-09-09,3140,3190,3080,3170,165144,0.0015797788309637184
2024-09-10,3185,3185,3110,3110,162171,-0.018927444794952675
2024-09-11,3110,3145,3095,3125,130142,0.004823151125401992
2024-09-12,3160,3250,3155,3245,244635,0.03839999999999999
2024-09-13,3250,3250,3190,3240,236775,-0.0015408320493066618
2024-09-19,3240,3300,3195,3280,215371,0.012345679012345734
2024-09-20,3295,3310,3180,3180,223939,-0.030487804878048808
2024-09-23,3200,3215,3105,3170,120790,-0.0031446540880503138
2024-09-24,3160,3190,3140,3170,104151,0.0
2024-09-25,3180,3190,3110,3120,165184,-0.01577287066246058
2024-09-26,3145,3195,3145,3195,146212,0.024038461538461453
2024-09-27,3200,3215,3165,3170,92991,-0.007824726134585291
2024-09-30,3160,3185,3105,3140,175599,-0.009463722397476393
2024-10-02,3115,3140,3065,3085,200692,-0.017515923566879033
2024-10-04,3100,3130,3080,3130,99124,0.014586709886547755
2024-10-07,3190,3305,3160,3295,446877,0.05271565495207664
2024-10-08,3285,3285,3230,3255,152628,-0.012139605462822445
2024-10-10,3245,3285,3230,3245,106516,-0.003072196620583667
2024-10-11,3230,3280,3220,3270,162299,0.007704160246533087
2024-10-14,3270,3280,3215,3230,163677,-0.012232415902140636
2024-10-15,3215,3245,3140,3160,360583,-0.021671826625387025
2024-10-16,3155,3295,3115,3295,879991,0.04272151898734178
2024-10-17,3295,3295,3200,3205,212420,-0.0273141122913505
2024-10-18,3205,3215,3180,3180,137225,-0.007800312012480548
2024-10-21,3185,3240,3175,3205,112500,0.007861635220125729
2024-10-22,3180,3205,3155,3165,169830,-0.012480499219968744
2024-10-23,3145,3225,3145,3190,97319,0.00789889415481837
2024-10-24,3180,3185,3145,3155,74368,-0.010971786833855801
2024-10-25,3155,3165,3050,3070,226285,-0.02694136291600635
2024-10-28,3080,3145,3070,3115,94503,0.014657980456026065
2024-10-29,3120,3120,3090,3120,107755,0.0016051364365972098
2024-10-30,3130,3145,3100,3115,77545,-0.0016025641025640969
2024-10-31,3085,3130,3075,3110,83660,-0.0016051364365970988
2024-11-01,3105,3110,3060,3080,124123,-0.009646302250803873
2024-11-04,3090,3120,3080,3115,123445,0.011363636363636465
2024-11-05,3120,3140,3100,3110,108072,-0.0016051364365970988
2024-11-06,3130,3135,3080,3100,134928,-0.003215434083601254
2024-11-07,3100,3110,3075,3085,157105,-0.004838709677419395
2024-11-08,3085,3105,3080,3090,102535,0.0016207455429497752
2024-11-11,3085,3090,3005,3020,257041,-0.02265372168284785
2024-11-12,3000,3020,2875,2875,475851,-0.04801324503311255
2024-11-13,2865,2900,2850,2855,241418,-0.006956521739130417
2024-11-14,2855,2915,2675,2695,1153827,-0.05604203152364273
2024-11-15,2700,2755,2600,2715,2236332,0.007421150278293043
2024-11-18,2730,2750,2610,2625,1883878,-0.03314917127071826
2024-11-19,2625,2695,2625,2680,382554,0.020952380952381056
2024-11-20,2695,2705,2660,2690,275686,0.003731343283582156
2024-11-21,2695,2730,2680,2720,337322,0.011152416356877248
2024-11-22,2715,2760,2715,2735,321199,0.005514705882353033
2024-11-25,2745,2800,2740,2795,326891,0.021937842778793515
2024-11-26,2795,2820,2775,2810,284700,0.005366726296958779
2024-11-27,2810,2810,2745,2760,321825,-0.017793594306049876
2024-11-28,2755,2780,2735,2745,271483,-0.005434782608695676
2024-11-29,2760,2765,2705,2735,342992,-0.0036429872495445936
2024-12-02,2735,2755,2665,2665,496135,-0.025594149908592323
2024-12-03,2675,2710,2650,2685,377784,0.007504690431519689
2024-12-04,2630,2705,2625,2695,486022,0.003724394785847407
2024-12-05,2700,2730,2670,2700,229963,0.0018552875695732052
2024-12-06,2705,2705,2605,2660,462413,-0.014814814814814836
2024-12-09,2625,2660,2555,2560,382316,-0.03759398496240607
2024-12-10,2570,2660,2570,2655,195060,0.037109375
2024-12-11,2650,2755,2640,2745,330207,0.03389830508474567
2024-12-12,2760,2825,2720,2770,324381,0.00910746812386165
2024-12-13,2765,2790,2720,2785,303256,0.005415162454873723
2024-12-16,2810,2845,2800,2825,317767,0.014362657091562037
2024-12-17,2855,2870,2810,2860,270132,0.012389380530973382
2024-12-18,2860,2870,2840,2865,189236,0.0017482517482516613
2024-12-19,2820,2880,2810,2875,290409,0.003490401396160525
2024-12-20,2875,2880,2815,2825,520498,-0.017391304347826098
2024-12-23,2850,2880,2850,2865,471445,0.014159292035398341
2024-12-24,2875,2885,2840,2860,543078,-0.0017452006980802626
2024-12-26,2865,2870,2845,2865,941434,0.0017482517482516613
2024-12-27,2690,2740,2625,2625,850043,-0.08376963350785338
2024-12-30,2630,2645,2600,2605,222209,-0.007619047619047636
2025-01-02,2605,2665,2570,2650,377499,0.017274472168905985
2025-01-03,2650,2720,2645,2710,335409,0.02264150943396226
2025-01-06,2710,2730,2665,2720,365135,0.0036900369003689537
2025-01-07,2730,2730,2675,2685,241760,-0.012867647058823484
2025-01-08,2670,2690,2660,2675,138718,-0.003724394785847296
2025-01-09,2675,2675,2580,2615,585238,-0.02242990654205612
2025-01-10,2620,2625,2595,2620,122807,0.0019120458891013214
2025-01-13,2615,2635,2600,2605,219840,-0.005725190839694694
2025-01-14,2635,2645,2610,2625,152531,0.007677543186180413
2025-01-15,2635,2640,2610,2620,115244,-0.0019047619047618536
2025-01-16,2625,2640,2610,2620,186262,0.0
2025-01-17,2620,2625,2600,2610,102457,-0.003816793893129722
2025-01-20,2610,2660,2595,2620,290351,0.003831417624521105
2025-01-21,2635,2670,2625,2665,178526,0.01717557251908386
2025-01-22,2670,2675,2635,2660,133972,-0.0018761726078799779
2025-01-23,2650,2655,2610,2620,148040,-0.015037593984962405
2025-01-24,2625,2660,2615,2635,116891,0.005725190839694694
2025-01-31,2630,2635,2600,2625,147874,-0.003795066413662229
2025-02-03,2625,2625,2500,2535,510888,-0.03428571428571425
2025-02-04,2535,2605,2535,2570,167343,0.013806706114398493
2025-02-05,2570,2615,2570,2605,88079,0.013618677042801508
2025-02-06,2605,2640,2600,2635,165761,0.011516314779270731
2025-02-07,2610,2685,2605,2675,174480,0.015180265654648917
2025-02-10,2675,2680,2625,2655,134720,-0.00747663551401867
2025-02-11,2665,2665,2625,2635,96072,-0.007532956685499026
2025-02-12,2635,2645,2610,2610,106930,-0.009487666034155628
2025-02-13,2610,2645,2605,2640,173619,0.011494252873563315
2025-02-14,2645,2845,2645,2700,1841896,0.022727272727272707
2025-02-17,2720,2795,2715,2765,379656,0.024074074074074137
2025-02-18,2765,2780,2730,2770,229582,0.001808318264014508
2025-02-19,2760,2795,2760,2785,268678,0.005415162454873723
2025-02-20,2785,2790,2735,2750,256159,-0.012567324955116699
2025-02-21,2750,2760,2725,2735,125835,-0.00545454545454549
2025-02-24,2735,2735,2700,2720,141139,-0.005484460694698323
2025-02-25,2685,2745,2685,2735,258609,0.005514705882353033
2025-02-26,2730,2760,2705,2755,128258,0.007312614259597838
2025-02-27,2795,2795,2710,2750,346172,-0.001814882032667886
2025-02-28,2755,2780,2705,2730,413421,-0.0072727272727273196
2025-03-04,2710,2740,2675,2695,165372,-0.012820512820512775
2025-03-05,2695,2760,2680,2750,251345,0.020408163265306145
2025-03-06,2755,2765,2700,2715,208340,-0.012727272727272698
2025-03-07,2700,2760,2685,2735,282356,0.007366482504604033
2025-03-10,2740,2775,2705,2745,169148,0.003656307129798808
2025-03-11,2700,2725,2665,2720,246653,-0.00910746812386154
2025-03-12,2715,2840,2715,2825,630953,0.03860294117647056
2025-03-13,2830,2835,2775,2795,174883,-0.010619469026548645
2025-03-14,2790,2845,2790,2815,324170,0.007155635062611854
2025-03-17,2825,2880,2820,2860,446893,0.015985790408525657
2025-03-18,2865,2875,2810,2830,222512,-0.010489510489510523
2025-03-19,2820,2850,2805,2825,246402,-0.0017667844522968323
2025-03-20,2835,2850,2810,2815,215793,-0.0035398230088495852
2025-03-21,2815,2830,2765,2770,368961,-0.01598579040852577
2025-03-24,2800,2840,2800,2830,217025,0.02166064981949467
2025-03-25,2840,2850,2755,2770,254017,-0.021201413427561877
2025-03-26,2800,2810,2760,2790,137129,0.0072202166064982976
2025-03-27,2785,2785,2725,2730,179558,-0.021505376344086002
2025-03-28,2745,2745,2680,2685,243399,-0.016483516483516536
2025-03-31,2655,2690,2630,2675,218084,-0.003724394785847296
2025-04-01,2660,2740,2660,2700,113365,0.009345794392523255
2025-04-02,2720,2725,2690,2705,51901,0.0018518518518517713
2025-04-03,2675,2710,2650,2700,85042,-0.001848428835489857
2025-04-04,2670,2705,2635,2675,242002,-0.0092592592592593
2025-04-07,2600,2625,2540,2545,377057,-0.04859813084112152
2025-04-08,2590,2620,2545,2550,187545,0.0019646365422396617
2025-04-09,2520,2580,2520,2555,171773,0.0019607843137254832
2025-04-10,2650,2670,2625,2635,276662,0.03131115459882583
2025-04-11,2625,2680,2615,2635,199533,0.0
2025-04-14,2655,2685,2645,2680,142181,0.017077798861480087
2025-04-15,2680,2705,2660,2700,168981,0.00746268656716409
2025-04-16,2695,2705,2635,2640,204947,-0.022222222222222254
2025-04-17,2630,2680,2630,2675,75744,0.01325757575757569
2025-04-18,2670,2705,2660,2700,116769,0.009345794392523255
2025-04-21,2700,2715,2690,2700,88642,0.0
2025-04-22,2690,2700,2680,2695,157025,-0.0018518518518518823
2025-04-23,2705,2725,2635,2660,547790,-0.012987012987012991
2025-04-24,2680,2680,2640,2660,288125,0.0
2025-04-25,2685,2715,2670,2710,197546,0.018796992481203034
2025-04-28,2715,2725,2680,2685,244925,-0.009225092250922495
2025-04-29,2700,2715,2690,2715,115606,0.011173184357541999
2025-04-30,2720,2720,2685,2710,181230,-0.0018416206261510082
2025-05-02,2710,2715,2690,2700,126486,-0.0036900369003689537
2025-05-07,2695,2710,2680,2695,156425,-0.0018518518518518823
2025-05-08,2700,2760,2700,2750,232181,0.020408163265306145
2025-05-09,2755,2760,2725,2750,134393,0.0
2025-05-12,2760,2810,2745,2810,402187,0.021818181818181737
2025-05-13,2825,2830,2795,2815,173580,0.001779359430605032
2025-05-14,2815,2875,2810,2865,344460,0.017761989342806483
2025-05-15,2870,2875,2805,2805,239462,-0.020942408376963373
2025-05-16,2785,2805,2735,2755,280461,-0.017825311942959
2025-05-19,2755,2755,2705,2730,180482,-0.00907441016333943
2025-05-20,2730,2755,2715,2720,129155,-0.00366300366300365
2025-05-21,2725,2785,2720,2765,175160,0.016544117647058876
2025-05-22,2750,2760,2720,2730,135533,-0.012658227848101222
2025-05-23,2735,2735,2710,2710,118350,-0.0073260073260073
2025-05-26,2705,2760,2700,2755,221970,0.016605166051660625
2025-05-27,2755,2770,2710,2720,194563,-0.012704174228675091
2025-05-28,2730,2780,2720,2770,207912,0.018382352941176405
2025-05-29,2770,2805,2760,2800,296115,0.010830324909747224
2025-05-30,2805,2815,2765,2780,180045,-0.0071428571428571175
2025-06-02,2795,2810,2765,2785,125903,0.0017985611510791255
2025-06-04,2780,2830,2780,2815,260842,0.010771992818671361
2025-06-05,2810,2855,2800,2820,320609,0.001776198934280604
2025-06-09,2835,2875,2830,2850,383328,0.010638297872340496
2025-06-10,2850,2855,2815,2830,278269,-0.007017543859649145
2025-06-11,2830,2880,2830,2875,304227,0.01590106007067127
2025-06-12,2880,2925,2865,2875,459072,0.0
2025-06-13,2865,2880,2820,2840,317660,-0.012173913043478257
2025-06-16,2830,2885,2810,2885,252495,0.015845070422535246
2025-06-17,2885,2935,2870,2910,428809,0.008665511265164572
2025-06-18,2910,2935,2880,2925,220871,0.005154639175257714
2025-06-19,2930,2945,2905,2915,182019,-0.0034188034188034067
2025-06-20,2915,2965,2905,2960,324104,0.015437392795883298
2025-06-23,2935,2940,2885,2915,234752,-0.015202702702702742
2025-06-24,2930,2995,2930,2990,411142,0.02572898799313883
2025-06-25,3005,3050,2965,3015,387105,0.008361204013378032
2025-06-26,3015,3020,2950,2980,315254,-0.011608623548922004
2025-06-27,2980,3005,2930,2950,272121,-0.010067114093959773
2025-06-30,2950,2975,2910,2915,219316,-0.011864406779661052
2025-07-01,2915,2990,2915,2975,400411,0.020583190394511064
2025-07-02,2985,2985,2925,2950,188911,-0.008403361344537785
2025-07-03,2965,3030,2965,3025,406945,0.025423728813559254
2025-07-04,3025,3040,2985,3000,268474,-0.008264462809917328
2025-07-07,2970,3005,2965,2985,179075,-0.0050000000000000044
2025-07-08,2975,3045,2965,3040,354355,0.018425460636515956
2025-07-09,3030,3120,3030,3080,487636,0.013157894736842035
2025-07-10,3080,3140,3060,3135,337403,0.017857142857142794
2025-07-11,3140,3160,3115,3125,230561,-0.0031897926634768536
2025-07-14,3115,3135,3105,3130,131852,0.0016000000000000458
2025-07-15,3130,3130,3090,3130,286525,0.0
2025-07-16,3135,3165,3095,3135,154766,0.0015974440894568342
2025-07-17,3120,3135,3095,3135,167994,0.0
2025-07-18,3130,3140,3095,3110,192905,-0.00797448165869219
2025-07-21,3135,3150,3100,3130,162493,0.006430868167202508
2025-07-22,3130,3150,3065,3075,185061,-0.01757188498402551
2025-07-23,3075,3095,3025,3080,231274,0.001626016260162677
2025-07-24,3090,3105,2995,3035,365559,-0.01461038961038963
2025-07-25,3005,3030,2985,2990,262491,-0.014827018121911006
2025-07-28,3000,3020,2945,2990,282749,0.0
2025-07-29,2990,3020,2950,3020,110187,0.010033444816053505
2025-07-30,3030,3070,3020,3060,160204,0.013245033112582849
2025-07-31,3065,3085,3040,3065,153303,0.0016339869281045694
2025-08-01,3045,3045,2935,2935,287798,-0.04241435562805873
2025-08-04,2945,3000,2930,2980,96134,0.015332197614991383
2025-08-05,3005,3030,2965,2990,100992,0.003355704697986628
2025-08-06,2975,3005,2950,2990,107827,0.0
2025-08-07,2990,3020,2965,2985,112784,-0.0016722408026755842
2025-08-08,2980,3030,2980,3010,117257,0.008375209380234505
2025-08-11,3005,3015,2980,2985,201711,-0.00830564784053156
2025-08-12,2995,3015,2965,2970,107094,-0.005025125628140725
2025-08-13,2985,3005,2965,2990,116326,0.006734006734006703
2025-08-14,2990,2990,2950,2985,236158,-0.0016722408026755842
2025-08-18,2990,2995,2945,2955,326236,-0.01005025125628145
2025-08-19,2950,2975,2935,2960,134312,0.0016920473773265332
2025-08-20,2935,2975,2910,2970,300379,0.0033783783783782884
2025-08-21,2970,2995,2960,2980,106720,0.0033670033670034627
2025-08-22,2980,3000,2965,2980,108893,0.0
2025-08-25,2985,3000,2965,2965,115513,-0.005033557046979831
2025-08-26,2965,2975,2925,2940,129555,-0.00843170320404718
2025-08-27,2940,2945,2905,2910,113639,-0.010204081632653073
2025-08-28,2910,2935,2890,2925,122744,0.005154639175257714
2025-08-29,2930,2940,2910,2920,91024,-0.0017094017094017033
2025-09-01,2890,2925,2860,2875,277583,-0.015410958904109595
2025-09-02,2860,2910,2860,2900,156655,0.008695652173912993
2025-09-03,2890,2920,2880,2910,98578,0.0034482758620688614
2025-09-04,2910,2935,2910,2925,80620,0.005154639175257714
2025-09-05,2910,2940,2900,2920,93362,-0.0017094017094017033
2025-09-08,2935,2955,2915,2950,146097,0.010273972602739656
2025-09-09,2950,3000,2950,3000,239367,0.016949152542372836
2025-09-10,3000,3040,2980,3035,244332,0.011666666666666714
2025-09-11,3040,3055,3000,3015,211020,-0.00658978583196046
2025-09-12,3015,3075,3015,3065,281704,0.016583747927031434
2025-09-15,3080,3155,3065,3150,502232,0.027732463295269127
2025-09-16,3155,3160,3085,3095,309825,-0.01746031746031751
2025-09-17,3095,3110,3065,3095,163270,0.0
2025-09-18,3080,3180,3065,3155,364896,0.01938610662358653
2025-09-19,3180,3220,3140,3215,469319,0.019017432646592614
2025-09-22,3230,3415,3215,3375,1286974,0.04976671850699854
2025-09-23,3380,3385,3310,3375,452942,0.0
2025-09-24,3370,3375,3270,3335,468845,-0.011851851851851891
2025-09-25,3320,3340,3300,3335,243184,0.0
2025-09-26,3305,3315,3240,3265,489732,-0.020989505247376306
2025-09-29,3265,3370,3265,3335,309107,0.0214395099540583
2025-09-30,3350,3370,3305,3355,337593,0.0059970014992503096
2025-10-01,3360,3405,3340,3380,342457,0.007451564828613977
2025-10-02,3420,3545,3420,3500,761740,0.035502958579881616
2025-10-10,3575,3590,3525,3580,635936,0.02285714285714291
2025-10-13,3500,3600,3470,3590,480347,0.0027932960893854997
2025-10-14,3605,3620,3390,3410,842402,-0.05013927576601673
2025-10-15,3420,3515,3410,3515,371659,0.030791788856304958
2025-10-16,3510,3510,3405,3475,553557,-0.011379800853485111
2025-10-17,3455,3600,3435,3505,657538,0.008633093525179936
2025-10-20,3480,3720,3430,3705,1317103,0.05706134094151216
2025-10-21,3705,3705,3580,3645,660843,-0.01619433198380571
2025-10-22,3615,3620,3480,3550,651716,-0.026063100137174167
2025-10-23,3490,3555,3460,3465,360079,-0.023943661971830954
2025-10-24,3515,3655,3505,3590,794042,0.03607503607503615
2025-10-27,3610,3715,3520,3625,854875,0.009749303621169991
2025-10-28,3595,3635,3545,3630,611393,0.0013793103448276334
2025-10-29,3660,3690,3615,3680,534676,0.01377410468319562
2025-10-30,3695,3860,3645,3740,1119441,0.016304347826086918
2025-10-31,3735,3740,3565,3690,734086,-0.013368983957219305
2025-11-03,3685,3760,3625,3650,792531,-0.010840108401083959
2025-11-04,3650,3685,3520,3545,709400,-0.02876712328767128
2025-11-05,3515,3515,3340,3440,725554,-0.02961918194640334
2025-11-06,3510,3645,3480,3590,785930,0.043604651162790775
2025-11-07,3575,3670,3515,3560,779605,-0.00835654596100277
2025-11-10,3545,3850,3540,3810,1511354,0.0702247191011236
2025-11-11,3810,4045,3795,3975,1209158,0.04330708661417315
2025-11-12,3975,4010,3860,3960,840281,-0.0037735849056603765
2025-11-13,3915,4045,3895,4015,656346,0.01388888888888884
2025-11-14,3935,3960,3810,3895,906423,-0.02988792029887921
2025-11-17,3915,4045,3800,3860,660628,-0.00898587933247752
2025-11-18,3805,3845,3685,3695,595221,-0.04274611398963735
2025-11-19,3695,3700,3565,3640,552377,-0.014884979702300405
2025-11-20,3670,3780,3650,3655,499526,0.004120879120879106
2025-11-21,3580,3580,3470,3515,417912,-0.03830369357045149
2025-11-24,3560,3595,3515,3550,188984,0.009957325746799528
2025-11-25,3600,3620,3465,3490,1525750,-0.016901408450704203
2025-11-26,3525,3700,3470,3660,583124,0.04871060171919761
2025-11-27,3670,3970,3665,3835,1187653,0.04781420765027322
2025-11-28,3885,3885,3680,3855,800286,0.0052151238591917615
2025-12-01,3840,3870,3755,3765,502115,-0.023346303501945553
2025-12-02,3740,3875,3740,3840,473922,0.019920318725099584
2025-12-03,3865,3895,3830,3890,319569,0.01302083333333326
2025-12-04,3890,3900,3795,3840,769469,-0.01285347043701801
2025-12-05,3805,3860,3800,3855,466590,0.00390625
2025-12-08,3890,3890,3805,3865,339335,0.0025940337224383825
2025-12-09,3945,3990,3860,3900,1437298,0.009055627425614388
2025-12-10,3905,3905,3815,3825,572710,-0.019230769230769273
2025-12-11,3835,3875,3760,3800,464375,-0.006535947712418277
2025-12-12,3815,3870,3800,3855,359385,0.014473684210526416
2025-12-15,3850,3905,3805,3890,545153,0.009079118028534339
2025-12-16,3895,3900,3705,3715,1624390,-0.04498714652956293
2025-12-17,3745,3775,3710,3750,414677,0.009421265141319024
2025-12-18,3720,3750,3685,3725,318960,-0.00666666666666671
2025-12-19,3745,3810,3725,3810,375085,0.02281879194630876
2025-12-22,3860,3895,3780,3810,715188,0.0
2025-12-23,3820,3820,3740,3800,368425,-0.002624671916010457
2025-12-24,3800,3815,3745,3780,445850,-0.0052631578947368585
2025-12-26,3800,3955,3745,3755,1969575,-0.006613756613756627
2025-12-29,3575,3670,3550,3660,913480,-0.025299600532623145
2025-12-30,3670,4395,3645,4150,12909143,0.13387978142076506
2026-01-02,4150,4150,3870,3970,2999175,-0.04337349397590362
2026-01-05,4075,4485,4075,4235,5528014,0.0667506297229219
2026-01-06,4190,4190,3970,4110,1618964,-0.029515938606847647
2026-01-07,4195,4435,4070,4165,3455102,0.01338199513381988
2026-01-08,4100,4215,4000,4025,1393230,-0.03361344537815125
2026-01-09,4020,4055,3910,4005,966439,-0.004968944099378869
2026-01-12,4075,4165,3940,3990,765948,-0.0037453183520599342
2026-01-13,4015,4050,3940,4015,476425,0.006265664160401085
2026-01-14,4010,4260,3960,4195,1558975,0.04483188044831876
2026-01-15,4190,4190,3975,4025,1176442,-0.040524433849821184
2026-01-16,4035,4110,3995,4005,788856,-0.004968944099378869
2026-01-19,4005,4030,3975,3985,579448,-0.004993757802746579
