Date,Open,High,Low,Close,Volume,Change
2022-01-03,36800,38150,35450,35750,21033,-0.028532608695652217
2022-01-04,35850,35850,35000,35350,20706,-0.01118881118881121
2022-01-05,35350,35600,34050,34850,13669,-0.014144271570014189
2022-01-06,34500,35050,34000,34800,15860,-0.0014347202295552641
2022-01-07,34800,37600,34050,37150,12174,0.06752873563218387
2022-01-10,37550,37550,34900,35250,14152,-0.05114401076716013
2022-01-11,35050,35700,32700,34000,20328,-0.03546099290780147
2022-01-12,34000,34150,32900,33250,13789,-0.022058823529411797
2022-01-13,33400,33900,31500,31900,15099,-0.04060150375939853
2022-01-14,31900,31900,31000,31600,14080,-0.009404388714733591
2022-01-17,31450,31600,30600,31550,9186,-0.0015822784810126667
2022-01-18,31400,31400,29100,31250,21003,-0.009508716323296307
2022-01-19,31050,31050,29800,30400,7919,-0.027200000000000002
2022-01-20,30400,32050,30050,31700,12763,0.04276315789473695
2022-01-21,31850,33650,31700,33550,11758,0.05835962145110418
2022-01-24,33550,33550,32200,33500,7906,-0.0014903129657227732
2022-01-25,33550,33700,31700,32300,12718,-0.035820895522388096
2022-01-26,31900,32250,27550,30300,25068,-0.0619195046439629
2022-01-27,29550,30050,28050,29250,165452,-0.034653465346534684
2022-01-28,29000,30700,28700,30350,7758,0.037606837606837695
2022-02-03,30650,31800,30650,31000,9457,0.021416803953871577
2022-02-04,31050,33150,31050,32500,17187,0.048387096774193505
2022-02-07,32650,32950,32150,32700,7646,0.006153846153846176
2022-02-08,32700,33100,31100,31950,7887,-0.022935779816513735
2022-02-09,32000,32050,30500,30900,6762,-0.032863849765258246
2022-02-10,30900,31050,30200,30850,2763,-0.0016181229773463146
2022-02-11,30850,30850,29050,30100,9820,-0.024311183144246407
2022-02-14,29150,29550,28100,29550,9596,-0.01827242524916939
2022-02-15,28900,29250,28400,28900,8340,-0.021996615905245376
2022-02-16,28800,30550,28650,30050,13733,0.03979238754325265
2022-02-17,30700,31450,30050,30400,11947,0.011647254575707144
2022-02-18,30450,30750,29800,30050,8744,-0.011513157894736836
2022-02-21,30150,30350,29750,30300,4012,0.008319467554076532
2022-02-22,29900,30150,27900,28900,26502,-0.04620462046204621
2022-02-23,28650,31500,28650,30950,19969,0.07093425605536341
2022-02-24,31000,31400,28750,29150,16078,-0.058158319870759256
2022-02-25,29400,30000,29000,29300,15759,0.005145797598627766
2022-02-28,29450,31950,29350,31700,12344,0.08191126279863492
2022-03-02,31700,31950,31450,31600,5926,-0.003154574132492094
2022-03-03,31800,32250,31100,32200,7047,0.018987341772152
2022-03-04,32050,32050,31200,31600,4880,-0.018633540372670843
2022-03-07,31550,31550,30000,30900,3159,-0.022151898734177222
2022-03-08,29650,31500,29650,31450,9474,0.017799352750809128
2022-03-10,31350,32500,31250,31500,7004,0.0015898251192367763
2022-03-11,31850,33850,31800,32950,15425,0.04603174603174609
2022-03-14,33000,33450,31550,32150,4897,-0.02427921092564489
2022-03-15,31650,31650,30150,31000,13844,-0.03576982892690517
2022-03-16,31000,33300,31000,32800,15495,0.058064516129032295
2022-03-17,33350,34400,32550,33300,7500,0.015243902439024293
2022-03-18,33300,33300,31100,32900,5094,-0.012012012012011963
2022-03-21,33000,33250,32600,33100,3199,0.006079027355623046
2022-03-22,33100,33500,32350,33000,6045,-0.0030211480362537513
2022-03-23,33000,33500,32650,33250,7937,0.007575757575757569
2022-03-24,33500,33550,32500,33050,6002,-0.006015037593984918
2022-03-25,33200,33500,32900,33300,4982,0.0075642965204236745
2022-03-28,33400,33400,32400,32650,3503,-0.019519519519519468
2022-03-29,32650,33250,32150,32900,6066,0.007656967840734996
2022-03-30,33100,33250,32250,32350,3701,-0.016717325227963542
2022-03-31,32350,32350,31450,32200,3386,-0.004636785162287493
2022-04-01,32200,32400,31150,31800,7500,-0.012422360248447228
2022-04-04,31800,31800,31150,31750,5404,-0.0015723270440252124
2022-04-05,31750,32250,31550,32000,7530,0.007874015748031482
2022-04-06,32300,32300,31100,31450,5095,-0.017187500000000022
2022-04-07,31100,31250,30200,30400,10390,-0.03338632750397452
2022-04-08,30050,31300,30050,30600,20441,0.006578947368421018
2022-04-11,30750,30750,29600,29900,7285,-0.022875816993464082
2022-04-12,29300,29750,29150,29700,9870,-0.006688963210702337
2022-04-13,29600,30350,29400,30050,7668,0.011784511784511675
2022-04-14,30300,30300,29800,30000,7326,-0.0016638935108153063
2022-04-15,29950,29950,29200,29600,7074,-0.013333333333333308
2022-04-18,29600,29600,29050,29300,8990,-0.010135135135135087
2022-04-19,29300,30300,29250,30300,7344,0.03412969283276457
2022-04-20,30500,30800,29750,30450,10786,0.004950495049504955
2022-04-21,30450,30500,30000,30450,9189,0.0
2022-04-22,30500,30500,29900,30450,5623,0.0
2022-04-25,30100,30100,29200,29750,7721,-0.02298850574712641
2022-04-26,29500,29600,29350,29500,3632,-0.008403361344537785
2022-04-27,29200,29350,28800,29150,19983,-0.011864406779661052
2022-04-28,29200,29600,29200,29450,3625,0.010291595197255532
2022-04-29,29850,29850,29200,29500,3949,0.001697792869269854
2022-05-02,29500,29550,29150,29350,5564,-0.005084745762711895
2022-05-03,29350,29850,29150,29650,3102,0.010221465076660996
2022-05-04,29650,29850,29400,29450,5435,-0.006745362563237767
2022-05-06,29150,29350,28900,29250,5657,-0.006791171477079749
2022-05-09,29200,29200,28600,28600,9128,-0.022222222222222254
2022-05-10,28500,28500,27300,28350,6887,-0.00874125874125875
2022-05-11,28050,28350,28000,28300,2014,-0.0017636684303351524
2022-05-12,28250,28250,27000,27150,5398,-0.04063604240282681
2022-05-13,27150,27450,26900,27400,4205,0.009208103130755152
2022-05-16,27400,28150,27400,28150,1834,0.027372262773722733
2022-05-17,28150,28200,27600,27750,3212,-0.014209591474245165
2022-05-18,27800,28050,27500,27800,3341,0.0018018018018017834
2022-05-19,26800,27500,26200,27250,5228,-0.01978417266187049
2022-05-20,27250,27950,27200,27700,4958,0.016513761467889854
2022-05-23,27900,27900,27100,27500,2868,-0.0072202166064981865
2022-05-24,27500,28000,27200,27900,1608,0.014545454545454639
2022-05-25,27700,27700,27000,27000,4141,-0.032258064516129004
2022-05-26,27000,30550,26500,27300,51724,0.011111111111111072
2022-05-27,27200,27850,27200,27600,3478,0.01098901098901095
2022-05-30,27600,28000,27300,27300,3075,-0.010869565217391353
2022-05-31,27300,27700,27150,27400,6220,0.00366300366300365
2022-06-02,27350,27350,26900,27050,5376,-0.012773722627737238
2022-06-03,27050,27350,26800,27200,3998,0.005545286506469571
2022-06-07,27200,27200,26600,26650,4598,-0.020220588235294157
2022-06-08,26500,26650,26200,26600,2983,-0.0018761726078799779
2022-06-09,26450,26450,25700,26200,4394,-0.015037593984962405
2022-06-10,26000,26100,25550,25900,2397,-0.011450381679389277
2022-06-13,25300,29400,23850,24450,88595,-0.055984555984555984
2022-06-14,24400,24950,23650,24450,6536,0.0
2022-06-15,24350,24600,23250,23300,6229,-0.04703476482617586
2022-06-16,23400,25450,23400,23900,7651,0.025751072961373467
2022-06-17,23600,24750,22750,24450,7375,0.023012552301255207
2022-06-20,24200,24250,23350,23700,3611,-0.030674846625766916
2022-06-21,23700,24500,23250,24200,3565,0.021097046413502074
2022-06-22,24200,24400,23000,23800,3061,-0.016528925619834656
2022-06-23,23350,23650,22350,22900,6219,-0.037815126050420145
2022-06-24,22900,25000,22850,23800,4142,0.0393013100436681
2022-06-27,24000,24450,24000,24250,1972,0.018907563025210017
2022-06-28,24450,24450,23500,24150,2926,-0.004123711340206171
2022-06-29,24000,24700,23500,24600,3288,0.01863354037267073
2022-06-30,24550,24550,23950,24000,3816,-0.024390243902439046
2022-07-01,23500,24800,23500,24500,7639,0.02083333333333326
2022-07-04,24500,24750,23950,23950,624,-0.022448979591836782
2022-07-05,24150,24650,23750,24400,1591,0.018789144050104456
2022-07-06,24700,25150,24500,24850,1990,0.018442622950819665
2022-07-07,24850,25600,24600,25400,1632,0.02213279678068414
2022-07-08,25600,25950,25400,25500,2007,0.003937007874015741
2022-07-11,25500,25750,24950,25100,3147,-0.015686274509803977
2022-07-12,25100,25100,24600,24850,1565,-0.009960159362549792
2022-07-13,24550,25050,24550,24900,986,0.002012072434607548
2022-07-14,24900,24900,24550,24650,311,-0.010040160642570295
2022-07-15,24550,24700,24350,24700,814,0.0020283975659229903
2022-07-18,24700,25600,24550,25500,1711,0.03238866396761142
2022-07-19,25500,26450,25050,25750,7562,0.009803921568627416
2022-07-20,25850,26350,25400,25400,2910,-0.013592233009708687
2022-07-21,25250,25850,25250,25400,3275,0.0
2022-07-22,25400,25900,25350,25650,961,0.009842519685039353
2022-07-25,25350,25800,25250,25550,1639,-0.003898635477582846
2022-07-26,25850,25850,25050,25400,1919,-0.005870841487279899
2022-07-27,25350,25650,25050,25650,2791,0.009842519685039353
2022-07-28,25650,26750,25650,26650,9219,0.03898635477582846
2022-07-29,26750,27350,26600,26650,8917,0.0
2022-08-01,26650,27300,26500,27300,3009,0.024390243902439046
2022-08-02,27000,28000,26600,27600,9722,0.01098901098901095
2022-08-03,27200,27700,27150,27600,2632,0.0
2022-08-04,27600,27750,27200,27450,4227,-0.005434782608695676
2022-08-05,27450,27800,26700,27450,2215,0.0
2022-08-08,27450,27700,27150,27350,597,-0.0036429872495445936
2022-08-09,27350,28250,27050,28000,2693,0.02376599634369292
2022-08-10,27700,28100,27650,27850,1316,-0.005357142857142838
2022-08-11,27850,27950,27450,27800,1387,-0.0017953321364452268
2022-08-12,27800,27800,27150,27600,2422,-0.007194244604316502
2022-08-16,27500,27900,27400,27600,882,0.0
2022-08-17,27600,28000,27000,27400,2173,-0.007246376811594235
2022-08-18,27000,27400,26900,27300,1246,-0.0036496350364964014
2022-08-19,27150,28600,27150,27900,7041,0.0219780219780219
2022-08-22,27900,27900,27050,27400,2557,-0.017921146953404965
2022-08-23,26650,27400,26550,27000,2133,-0.014598540145985384
2022-08-24,26950,27000,26200,26650,2259,-0.012962962962962954
2022-08-25,26650,27200,26650,27100,1293,0.016885553470919357
2022-08-26,27100,27500,26850,27000,569,-0.0036900369003689537
2022-08-29,26300,26750,26150,26700,1646,-0.011111111111111072
2022-08-30,26450,27400,26400,27100,2880,0.014981273408239737
2022-08-31,27100,27400,26800,27400,906,0.011070110701107083
2022-09-01,27300,27400,26300,26650,3057,-0.027372262773722622
2022-09-02,26650,26800,26250,26650,2193,0.0
2022-09-05,26600,26600,26100,26450,1173,-0.007504690431519689
2022-09-06,26150,27200,26150,26700,1775,0.00945179584120992
2022-09-07,26700,26900,25800,26200,3003,-0.01872659176029967
2022-09-08,26200,26550,26000,26400,1781,0.007633587786259444
2022-09-13,26650,26900,26400,26850,2252,0.017045454545454586
2022-09-14,26700,27950,26100,27600,6806,0.027932960893854775
2022-09-15,27600,27600,26800,26800,1665,-0.02898550724637683
2022-09-16,26300,26550,26050,26050,1914,-0.027985074626865725
2022-09-19,25700,25950,24800,25250,3398,-0.030710172744721653
2022-09-20,25250,25850,24800,25400,2816,0.005940594059405946
2022-09-21,25300,26350,25200,25750,5459,0.013779527559055094
2022-09-22,25800,26550,25250,26000,6047,0.009708737864077666
2022-09-23,26000,26150,25100,25550,2527,-0.017307692307692357
2022-09-26,25400,26000,24500,25300,6457,-0.009784735812133127
2022-09-27,25300,25450,24700,25150,6233,-0.005928853754940677
2022-09-28,25150,26350,24500,26050,4676,0.035785288270377746
2022-09-29,26050,26250,25300,25850,3377,-0.007677543186180413
2022-09-30,25200,26100,24700,26100,3146,0.009671179883945946
2022-10-04,25900,26250,25350,25900,6681,-0.007662835249042099
2022-10-05,26150,26150,24700,24700,9273,-0.04633204633204635
2022-10-06,24950,25900,24900,25850,6585,0.046558704453441235
2022-10-07,25850,26100,25450,26050,3827,0.007736943907156624
2022-10-11,26000,26100,25150,26100,3259,0.0019193857965451588
2022-10-12,25650,26100,25250,25500,3544,-0.02298850574712641
2022-10-13,25650,25750,24700,25450,2161,-0.0019607843137254832
2022-10-14,25350,25350,24100,25000,12950,-0.017681728880157177
2022-10-17,25000,25800,24550,25000,5935,0.0
2022-10-18,25600,25600,24700,25300,6368,0.01200000000000001
2022-10-19,25450,25550,24600,24750,7637,-0.021739130434782594
2022-10-20,24900,24950,24650,24850,1841,0.004040404040404066
2022-10-21,24600,24750,24400,24750,1179,-0.004024144869215318
2022-10-24,24650,25200,24600,25150,4233,0.016161616161616266
2022-10-25,25200,25700,24600,24900,4594,-0.00994035785288272
2022-10-26,25000,25400,24150,24550,3644,-0.014056224899598346
2022-10-27,24700,26250,24700,25200,3196,0.026476578411405383
2022-10-28,25200,25350,24200,24300,8659,-0.0357142857142857
2022-10-31,24400,24800,24250,24800,1960,0.020576131687242816
2022-11-01,25000,25000,24200,24600,5177,-0.008064516129032251
2022-11-02,24600,25300,24450,24800,2094,0.008130081300812941
2022-11-03,24650,25550,24600,25500,2858,0.02822580645161299
2022-11-04,25100,25500,24300,24700,5108,-0.03137254901960784
2022-11-07,24700,25000,24500,24750,2266,0.002024291497975783
2022-11-08,25200,25400,24800,25050,3621,0.0121212121212122
2022-11-09,25050,25300,24400,24500,7477,-0.021956087824351322
2022-11-10,24550,24750,24350,24750,2891,0.010204081632652962
2022-11-11,25050,25900,24800,25150,2391,0.016161616161616266
2022-11-14,25150,25200,24750,25000,3969,-0.005964214711729587
2022-11-15,25000,25650,24850,25000,4845,0.0
2022-11-16,25250,25750,25250,25300,2352,0.01200000000000001
2022-11-17,25400,25650,25050,25250,1391,-0.0019762845849802257
2022-11-18,25250,25250,24900,24950,1612,-0.011881188118811892
2022-11-21,24950,24950,23850,24000,8944,-0.038076152304609256
2022-11-22,24000,24700,23750,24400,4719,0.016666666666666607
2022-11-23,24400,24600,24200,24600,1111,0.008196721311475308
2022-11-24,24800,24950,24650,24850,2069,0.010162601626016343
2022-11-25,25050,25050,24600,24800,2268,-0.002012072434607659
2022-11-28,24850,24900,24150,24250,1363,-0.022177419354838745
2022-11-29,24050,25400,24000,25100,3068,0.035051546391752675
2022-11-30,25350,26000,25000,25900,5761,0.031872509960159334
2022-12-01,25950,26100,25250,25850,4047,-0.0019305019305019266
2022-12-02,26000,26000,25400,25850,1221,0.0
2022-12-05,25700,26000,25400,25800,3458,-0.0019342359767892114
2022-12-06,25550,25800,25450,25700,1218,-0.003875968992248069
2022-12-07,25200,25500,24950,25450,1726,-0.009727626459143934
2022-12-08,25000,25000,24400,24450,5403,-0.03929273084479368
2022-12-09,24400,24450,24000,24350,3788,-0.004089979550102263
2022-12-12,24600,25200,24350,24950,3626,0.024640657084188833
2022-12-13,24500,24750,24350,24600,1140,-0.014028056112224463
2022-12-14,24600,25200,24300,24850,3902,0.010162601626016343
2022-12-15,25000,25400,24750,25250,7322,0.016096579476861272
2022-12-16,25000,25000,24550,24950,708,-0.011881188118811892
2022-12-19,24600,24700,24450,24700,759,-0.01002004008016033
2022-12-20,24650,24700,24450,24600,958,-0.004048582995951455
2022-12-21,24400,24500,24250,24300,821,-0.012195121951219523
2022-12-22,24300,24650,24200,24600,1648,0.012345679012345734
2022-12-23,24600,24800,24150,24500,1362,-0.004065040650406471
2022-12-26,24200,24250,23650,23650,3217,-0.03469387755102038
2022-12-27,23600,24500,23450,24100,2851,0.019027484143763207
2022-12-28,24300,24650,23900,24400,2318,0.012448132780082943
2022-12-29,24000,24200,23500,24200,2797,-0.008196721311475419
2023-01-02,23750,24000,23500,23500,1712,-0.02892561983471076
2023-01-03,23400,23450,23050,23300,1640,-0.008510638297872353
2023-01-04,23300,23800,23150,23750,1805,0.0193133047210301
2023-01-05,23950,24700,23800,24350,3130,0.025263157894736876
2023-01-06,24550,24550,23800,24450,1911,0.004106776180698102
2023-01-09,24450,25200,23900,24050,2391,-0.01635991820040905
2023-01-10,24150,24250,23850,24150,1206,0.004158004158004047
2023-01-11,24350,24650,24150,24450,960,0.012422360248447228
2023-01-12,24450,24600,23850,24350,1231,-0.004089979550102263
2023-01-13,24150,24350,24100,24300,410,-0.002053388090349051
2023-01-16,24350,24750,24050,24300,1219,0.0
2023-01-17,24300,24450,24050,24100,1356,-0.008230452674897082
2023-01-18,24100,24350,23800,24150,449,0.0020746887966804906
2023-01-19,24150,24600,23950,24550,634,0.016563146997929712
2023-01-20,24550,24950,23900,24850,3930,0.012219959266802416
2023-01-25,25000,25000,24300,24500,3269,-0.014084507042253502
2023-01-26,24500,25000,24300,24700,2089,0.008163265306122547
2023-01-27,24450,24650,24150,24200,5490,-0.020242914979757054
2023-01-30,24250,24400,24050,24300,2264,0.004132231404958775
2023-01-31,24100,24550,24000,24450,1470,0.006172839506172867
2023-02-01,24450,24500,24150,24400,3969,-0.002044989775051076
2023-02-02,24400,24600,24300,24400,2167,0.0
2023-02-03,24550,25050,24450,24650,3376,0.010245901639344357
2023-02-06,24650,24900,24450,24850,1496,0.008113590263691739
2023-02-07,24600,24600,24300,24300,1633,-0.02213279678068414
2023-02-08,24300,24650,24250,24500,1137,0.008230452674897082
2023-02-09,24550,24650,24300,24650,592,0.00612244897959191
2023-02-10,24400,24450,24100,24150,1711,-0.020283975659229236
2023-02-13,24000,24950,23900,24150,1816,0.0
2023-02-14,24150,24250,23900,24000,2534,-0.006211180124223614
2023-02-15,24000,24350,23500,23500,5363,-0.02083333333333337
2023-02-16,23500,24050,23400,23700,2979,0.008510638297872353
2023-02-17,23750,23800,23350,23500,2433,-0.008438818565400852
2023-02-20,23500,23500,23250,23450,1956,-0.0021276595744680327
2023-02-21,23550,24450,23550,24450,3927,0.04264392324093813
2023-02-22,24450,24450,24050,24350,2786,-0.004089979550102263
2023-02-23,24150,24500,24150,24450,2767,0.004106776180698102
2023-02-24,24500,24500,24200,24400,2853,-0.002044989775051076
2023-02-27,24350,24500,24150,24400,1822,0.0
2023-02-28,24450,24650,24150,24400,853,0.0
2023-03-02,24500,24600,24150,24250,1057,-0.006147540983606592
2023-03-03,24300,24800,24300,24750,2126,0.020618556701030855
2023-03-06,24750,24750,24000,24500,6698,-0.010101010101010055
2023-03-07,24500,24750,24300,24400,849,-0.004081632653061273
2023-03-08,24400,24400,24100,24100,1361,-0.012295081967213073
2023-03-09,24000,24700,23800,24500,2523,0.016597510373443924
2023-03-10,24600,24700,23800,23850,2431,-0.026530612244897944
2023-03-13,23550,23650,23100,23200,2479,-0.027253668763102756
2023-03-14,22750,23000,22450,22450,3891,-0.032327586206896575
2023-03-15,22450,23350,22250,23050,2170,0.026726057906458767
2023-03-16,23150,23250,22850,23050,1690,0.0
2023-03-17,23300,23600,23050,23550,951,0.021691973969631295
2023-03-20,23500,23550,23300,23400,1987,-0.006369426751592355
2023-03-21,23400,23400,23050,23100,857,-0.012820512820512775
2023-03-22,23100,23200,22750,23100,971,0.0
2023-03-23,23100,23150,22750,22900,1271,-0.008658008658008698
2023-03-24,22900,22950,22700,22850,1204,-0.0021834061135370675
2023-03-27,23050,23050,22500,22750,1225,-0.004376367614879695
2023-03-28,22750,22900,22400,22600,4908,-0.00659340659340657
2023-03-29,22600,22800,22400,22600,1774,0.0
2023-03-30,22700,22900,22600,22850,1435,0.01106194690265494
2023-03-31,22950,24250,22750,23400,4348,0.024070021881838155
2023-04-03,23600,23750,23550,23750,2036,0.014957264957264904
2023-04-04,23450,23950,23450,23900,997,0.006315789473684275
2023-04-05,23900,24100,23750,23900,1347,0.0
2023-04-06,23900,23900,23050,23050,2749,-0.03556485355648531
2023-04-07,23150,23450,23000,23450,2030,0.017353579175704903
2023-04-10,23450,23800,23000,23450,1935,0.0
2023-04-11,23400,23400,23100,23350,1045,-0.004264392324093813
2023-04-12,23300,23600,23100,23600,1402,0.010706638115631772
2023-04-13,23700,24250,23500,24000,1825,0.016949152542372836
2023-04-14,24000,24000,23650,24000,1842,0.0
2023-04-17,24000,24500,23800,24000,1136,0.0
2023-04-18,24100,24400,23650,23800,2830,-0.008333333333333304
2023-04-19,23900,29700,23900,26100,218229,0.09663865546218497
2023-04-20,26100,27950,25000,25300,65962,-0.03065134099616862
2023-04-21,25300,26100,25000,25100,17641,-0.007905138339920903
2023-04-24,25100,25250,24750,25150,3663,0.0019920318725099584
2023-04-25,25000,25000,24250,24950,4474,-0.007952286282306154
2023-04-26,24500,24500,23950,24250,7580,-0.028056112224448926
2023-04-27,24250,24600,23850,24600,3330,0.014432989690721598
2023-04-28,24650,24650,24000,24350,2468,-0.010162601626016232
2023-05-02,24300,25100,24300,25100,6227,0.030800821355236208
2023-05-03,25000,25550,24700,25400,5726,0.01195219123505975
2023-05-04,25400,25600,24850,24850,4025,-0.021653543307086576
2023-05-08,25050,25800,24850,25650,7064,0.03219315895372232
2023-05-09,25300,25600,24600,24600,5224,-0.040935672514619936
2023-05-10,24300,25100,24250,25000,3020,0.016260162601626105
2023-05-11,24750,25200,24500,24600,3784,-0.016000000000000014
2023-05-12,24500,25000,24250,24700,2214,0.004065040650406582
2023-05-15,25050,25300,24600,25300,3004,0.02429149797570851
2023-05-16,25300,26100,24650,25850,9231,0.021739130434782705
2023-05-17,25850,26700,25550,26600,8143,0.029013539651837617
2023-05-18,26700,26800,26150,26300,3505,-0.011278195488721776
2023-05-19,26400,26600,26100,26500,2774,0.0076045627376426506
2023-05-22,26500,26900,26250,26350,1364,-0.005660377358490565
2023-05-23,26350,26400,25800,26400,3379,0.00189753320683117
2023-05-24,26300,26400,25500,26400,2868,0.0
2023-05-25,26100,26150,25700,25900,2300,-0.018939393939393923
2023-05-26,25650,26200,25600,25900,2393,0.0
2023-05-30,25900,25900,25300,25800,4345,-0.0038610038610038533
2023-05-31,25750,26400,25700,26000,3849,0.007751937984496138
2023-06-01,26050,26250,25950,26200,1854,0.007692307692307665
2023-06-02,26550,26550,26100,26350,2463,0.005725190839694694
2023-06-05,26350,26650,26050,26100,2226,-0.009487666034155628
2023-06-07,26300,26750,25950,26700,5487,0.02298850574712641
2023-06-08,26500,26950,26150,26450,2162,-0.009363295880149836
2023-06-09,26650,26650,26050,26450,1592,0.0
2023-06-12,26350,26700,26200,26400,2294,-0.001890359168241984
2023-06-13,26400,26550,26250,26400,887,0.0
2023-06-14,26500,26500,25400,26250,3795,-0.005681818181818232
2023-06-15,26000,26000,25100,25200,4123,-0.040000000000000036
2023-06-16,25500,25550,25200,25400,1216,0.007936507936507908
2023-06-19,25600,25600,25250,25350,1652,-0.0019685039370078705
2023-06-20,25650,25850,25300,25850,8520,0.019723865877712132
2023-06-21,25850,26000,25700,25950,2639,0.003868471953578423
2023-06-22,25600,25850,25550,25550,1807,-0.015414258188824692
2023-06-23,25600,25900,25350,25850,1731,0.011741682974559797
2023-06-26,26200,28000,25850,27200,18958,0.05222437137330749
2023-06-27,27600,27900,27250,27600,6294,0.014705882352941124
2023-06-28,27500,27950,26900,26900,5992,-0.025362318840579712
2023-06-29,26700,27250,26600,27000,5346,0.0037174721189590088
2023-06-30,27000,27800,26900,27200,4821,0.007407407407407307
2023-07-03,27200,27200,26300,26300,5993,-0.03308823529411764
2023-07-04,26300,26900,25800,26850,7483,0.02091254752851701
2023-07-05,26850,26950,26300,26450,2562,-0.014897579143389184
2023-07-06,26450,26450,25500,25600,5948,-0.032136105860113395
2023-07-07,25300,25850,25100,25100,5138,-0.01953125
2023-07-10,25100,25600,24900,25550,6487,0.017928286852589626
2023-07-11,25550,25850,25050,25850,3602,0.011741682974559797
2023-07-12,25950,26800,25850,26450,5948,0.023210831721470093
2023-07-13,26450,26550,25750,25750,1822,-0.026465028355387554
2023-07-14,25750,25850,25200,25250,1996,-0.01941747572815533
2023-07-17,25400,25650,24900,25600,4232,0.013861386138613874
2023-07-18,25450,25750,25450,25500,1956,-0.00390625
2023-07-19,25400,25700,24850,25000,2732,-0.019607843137254943
2023-07-20,25000,25100,24400,25000,2370,0.0
2023-07-21,24850,25100,24600,24900,2168,-0.0040000000000000036
2023-07-24,24900,25150,24000,24000,4295,-0.03614457831325302
2023-07-25,24000,24900,23750,24600,7295,0.02499999999999991
2023-07-26,24550,24550,23050,23700,4959,-0.03658536585365857
2023-07-27,23350,24700,23350,24400,3998,0.029535864978903037
2023-07-28,24200,24650,23900,24650,1077,0.010245901639344357
2023-07-31,24700,24700,24050,24400,2197,-0.010141987829614618
2023-08-01,24400,25050,24150,24350,3129,-0.002049180327868827
2023-08-02,24350,24550,23550,23550,3446,-0.03285420944558526
2023-08-03,23600,24550,23550,23650,1659,0.00424628450106157
2023-08-04,23700,23700,23300,23400,2251,-0.010570824524312905
2023-08-07,23500,24100,23300,23600,4516,0.008547008547008517
2023-08-08,23600,23600,21850,22050,15342,-0.06567796610169496
2023-08-09,22100,22700,21650,22650,5576,0.027210884353741527
2023-08-10,22950,23550,22700,23450,2153,0.03532008830022071
2023-08-11,23450,23950,23100,23700,3972,0.010660980810234477
2023-08-14,23600,23600,22800,22800,2233,-0.03797468354430378
2023-08-16,22400,23700,22400,23300,4368,0.021929824561403466
2023-08-17,22950,22950,22000,22950,5828,-0.015021459227467782
2023-08-18,22650,22850,22300,22800,2069,-0.006535947712418277
2023-08-21,22750,23250,22600,22900,3084,0.004385964912280604
2023-08-22,23100,23100,22500,22800,3009,-0.004366812227074246
2023-08-23,22800,22800,22300,22450,2265,-0.015350877192982448
2023-08-24,22550,22850,22500,22650,1726,0.008908685968819663
2023-08-25,22700,23700,22700,23700,1672,0.04635761589403975
2023-08-28,23700,23750,22900,22900,5685,-0.03375527426160341
2023-08-29,22900,23300,22650,22850,2349,-0.0021834061135370675
2023-08-30,22850,23400,22700,23400,4112,0.024070021881838155
2023-08-31,23400,23400,22400,22450,5103,-0.040598290598290565
2023-09-01,22450,23100,22400,22500,4551,0.00222717149220486
2023-09-04,22600,23150,22350,23150,2056,0.028888888888888964
2023-09-05,23150,23400,22800,22950,1959,-0.008639308855291628
2023-09-06,22750,23100,22550,22700,1364,-0.01089324618736387
2023-09-07,22700,22700,22350,22550,1225,-0.0066079295154185536
2023-09-08,22550,23400,22250,22350,19739,-0.008869179600886956
2023-09-11,22650,23050,22250,22550,6083,0.008948545861297452
2023-09-12,22450,22450,22300,22350,2847,-0.008869179600886956
2023-09-13,22050,22250,21950,22100,4645,-0.01118568232662187
2023-09-14,22100,22600,22000,22600,2775,0.02262443438914019
2023-09-15,22550,22700,22200,22250,2972,-0.015486725663716783
2023-09-18,22250,28900,22250,26700,555218,0.19999999999999996
2023-09-19,27100,27100,24250,24550,100394,-0.08052434456928836
2023-09-20,24750,25500,23450,23850,59824,-0.02851323828920571
2023-09-21,23600,23750,22900,23200,21954,-0.027253668763102756
2023-09-22,23000,23250,22750,23000,17619,-0.008620689655172376
2023-09-25,22750,22950,22300,22400,14555,-0.02608695652173909
2023-09-26,22400,22550,21450,21850,19298,-0.024553571428571397
2023-09-27,21450,21950,21400,21850,8053,0.0
2023-10-04,21750,21750,21050,21350,6733,-0.022883295194508046
2023-10-05,21350,21550,20800,20850,10800,-0.023419203747072626
2023-10-06,20900,21600,20450,21500,15057,0.031175059952038398
2023-10-10,21800,22100,21200,21400,6791,-0.0046511627906976605
2023-10-11,21200,21900,21200,21600,7308,0.009345794392523255
2023-10-12,21550,21900,21350,21600,7121,0.0
2023-10-13,21600,21950,21300,21550,1363,-0.0023148148148147696
2023-10-16,21550,21700,21000,21500,5061,-0.002320185614849146
2023-10-17,21200,21750,21200,21400,5490,-0.0046511627906976605
2023-10-18,21400,21600,21200,21500,10070,0.004672897196261738
2023-10-19,21200,21400,20800,21350,4741,-0.006976744186046546
2023-10-20,21000,21000,20400,20950,7614,-0.0187353629976581
2023-10-23,20600,20800,20400,20750,2129,-0.009546539379474916
2023-10-24,20500,21400,20150,21400,6039,0.031325301204819356
2023-10-25,21400,21650,20850,21050,2725,-0.016355140186915862
2023-10-26,20700,20750,20200,20550,4466,-0.02375296912114011
2023-10-27,20400,21000,20300,20750,3565,0.009732360097323589
2023-10-30,20750,20850,20500,20750,1928,0.0
2023-10-31,20850,21200,19980,20600,9657,-0.0072289156626506035
2023-11-01,20450,21050,20250,20700,103478,0.004854368932038833
2023-11-02,20700,21450,20700,21350,9398,0.0314009661835748
2023-11-03,21550,21700,21300,21650,2361,0.014051522248243575
2023-11-06,21650,21950,21450,21900,3237,0.011547344110854452
2023-11-07,21650,22000,21500,21950,4009,0.0022831050228311334
2023-11-08,21650,22050,21600,22050,2009,0.004555808656036442
2023-11-09,21800,22050,21650,22000,1703,-0.0022675736961451642
2023-11-10,21600,22100,21600,21950,4627,-0.002272727272727315
2023-11-13,21850,21950,21200,21750,2111,-0.009111617312072884
2023-11-14,21400,21600,21350,21550,2002,-0.00919540229885063
2023-11-15,21550,21750,21250,21650,4607,0.004640371229698292
2023-11-16,21450,21700,21050,21350,4763,-0.01385681293302543
2023-11-17,21350,21600,21050,21550,4324,0.00936768149882905
2023-11-20,21550,21550,21050,21050,5697,-0.023201856148491906
2023-11-21,21100,21500,21050,21500,2423,0.0213776722090262
2023-11-22,21500,21750,21350,21750,2851,0.011627906976744207
2023-11-23,21500,21750,21250,21550,3909,-0.00919540229885063
2023-11-24,21500,21550,20950,21550,4455,0.0
2023-11-27,21350,21450,20650,20650,4398,-0.04176334106728541
2023-11-28,20300,20800,20300,20700,4254,0.002421307506053294
2023-11-29,20650,21150,20500,21050,3144,0.01690821256038655
2023-11-30,20900,22950,20850,21500,24125,0.0213776722090262
2023-12-01,21500,21500,21150,21300,1776,-0.009302325581395321
2023-12-04,21150,21900,21100,21150,3001,-0.007042253521126751
2023-12-05,21150,21400,21000,21400,3644,0.011820330969267046
2023-12-06,21150,21550,21150,21550,1508,0.007009345794392496
2023-12-07,21550,21550,21150,21450,2863,-0.004640371229698403
2023-12-08,21250,21400,21050,21150,2289,-0.013986013986013957
2023-12-11,21150,21450,21150,21300,1668,0.007092198581560183
2023-12-12,21350,21350,20950,20950,4325,-0.016431924882629123
2023-12-13,20950,21150,20550,20550,3225,-0.019093078758949833
2023-12-14,20650,21350,20650,21100,5914,0.02676399026763998
2023-12-15,21100,21100,20800,21050,2505,-0.0023696682464454666
2023-12-18,20900,21000,20750,20850,2713,-0.009501187648456089
2023-12-19,20800,21300,20750,21300,3224,0.021582733812949728
2023-12-20,21300,21500,21150,21500,1326,0.009389671361502261
2023-12-21,21200,21900,21150,21550,5201,0.0023255813953488857
2023-12-22,21550,21600,21200,21550,1760,0.0
2023-12-26,21550,21700,21300,21550,2779,0.0
2023-12-27,21550,21550,21150,21200,2391,-0.016241299303944357
2023-12-28,21150,21300,21000,21300,2255,0.004716981132075526
2024-01-02,21150,21300,20950,21300,1729,0.0
2024-01-03,21250,21450,21100,21350,475,0.0023474178403755097
2024-01-04,21100,21450,20950,21400,2589,0.0023419203747072626
2024-01-05,21450,22150,21350,21650,2145,0.011682242990654235
2024-01-08,21300,21800,21300,21750,1619,0.004618937644341736
2024-01-09,21500,21750,21500,21700,764,-0.0022988505747126853
2024-01-10,21450,21650,21300,21350,1599,-0.016129032258064502
2024-01-11,21200,25450,21200,24800,156608,0.1615925058548009
2024-01-12,24800,32200,24800,32200,463507,0.2983870967741935
2024-01-15,34000,34000,28000,29000,822199,-0.0993788819875776
2024-01-16,29500,31200,27400,28100,360146,-0.03103448275862064
2024-01-17,28600,29150,24950,25300,211865,-0.09964412811387902
2024-01-18,25400,25800,23950,23950,106012,-0.05335968379446643
2024-01-19,24400,24550,23700,24050,66343,0.0041753653444676075
2024-01-22,24100,24650,23500,23950,55598,-0.004158004158004158
2024-01-23,23950,24950,23800,24800,60410,0.035490605427974886
2024-01-24,25000,25050,24050,24550,35707,-0.01008064516129037
2024-01-25,24350,24550,23600,24400,27291,-0.006109979633401208
2024-01-26,24400,24750,23850,24300,26494,-0.004098360655737654
2024-01-29,24150,24200,23550,24000,25912,-0.012345679012345734
2024-01-30,24000,24200,23550,24050,12795,0.002083333333333437
2024-01-31,24200,24250,23600,23750,17482,-0.012474012474012475
2024-02-01,23500,23500,21650,22800,38253,-0.040000000000000036
2024-02-02,22800,23550,22700,23300,8385,0.021929824561403466
2024-02-05,23200,23850,23000,23750,7795,0.0193133047210301
2024-02-06,24000,24300,22850,22950,8453,-0.03368421052631576
2024-02-07,22750,23400,22350,23000,12243,0.002178649237472685
2024-02-08,22950,23450,22800,23250,6687,0.010869565217391353
2024-02-13,23250,23550,22800,23050,6675,-0.008602150537634357
2024-02-14,22950,23300,22350,23300,7190,0.010845986984815648
2024-02-15,23400,23600,23000,23400,4323,0.0042918454935623185
2024-02-16,23400,23400,23000,23250,6068,-0.0064102564102563875
2024-02-19,23250,23400,22950,23150,3370,-0.004301075268817178
2024-02-20,23250,23250,22800,23100,5293,-0.002159827213822907
2024-02-21,23100,23150,22550,22550,7058,-0.023809523809523836
2024-02-22,22550,23000,21900,22600,11418,0.0022172949002217113
2024-02-23,22800,22800,22200,22350,6017,-0.011061946902654829
2024-02-26,22350,22500,22050,22050,5990,-0.01342281879194629
2024-02-27,22200,22350,21600,21950,12025,-0.0045351473922902175
2024-02-28,21950,22500,21500,21900,9908,-0.002277904328018221
2024-02-29,21900,22450,21800,22350,5882,0.020547945205479534
2024-03-04,22450,22650,22100,22300,6114,-0.0022371364653244186
2024-03-05,22650,22700,22050,22300,2772,0.0
2024-03-06,22300,22350,21950,22200,2251,-0.004484304932735439
2024-03-07,22000,22450,21850,22000,5596,-0.009009009009009028
2024-03-08,22100,22400,21950,22200,3858,0.009090909090909038
2024-03-11,22400,22600,21800,22000,8514,-0.009009009009009028
2024-03-12,22000,22050,21600,21850,5477,-0.006818181818181834
2024-03-13,21900,22300,21700,22150,6159,0.013729977116704761
2024-03-14,22400,22600,21850,22200,2485,0.0022573363431150906
2024-03-15,22300,22300,21550,21800,10856,-0.018018018018018056
2024-03-18,21800,22000,21350,21600,10903,-0.00917431192660545
2024-03-19,21650,21650,21400,21650,3012,0.0023148148148148806
2024-03-20,21650,21750,21500,21750,2901,0.004618937644341736
2024-03-21,22000,22300,21800,22150,6271,0.01839080459770126
2024-03-22,22150,22350,21850,22000,3715,-0.006772009029345383
2024-03-25,22000,22300,21800,21950,1836,-0.002272727272727315
2024-03-26,21750,22200,21750,21950,2611,0.0
2024-03-27,21950,22350,21800,22050,4894,0.004555808656036442
2024-03-28,22100,22300,21900,22050,2017,0.0
2024-03-29,22200,22200,21650,21900,4435,-0.006802721088435382
2024-04-01,21950,22100,21600,21900,2666,0.0
2024-04-02,22000,23050,21700,22550,15979,0.029680365296803624
2024-04-03,22500,22800,22250,22550,5364,0.0
2024-04-04,22350,22850,22150,22750,7769,0.008869179600886845
2024-04-05,22750,23150,22400,22600,6055,-0.00659340659340657
2024-04-08,22750,22750,21800,22000,9134,-0.026548672566371723
2024-04-09,22100,22400,21650,21950,6665,-0.002272727272727315
2024-04-11,21950,22100,21600,22050,3851,0.004555808656036442
2024-04-12,22200,22250,21950,22000,1776,-0.0022675736961451642
2024-04-15,22000,22100,21600,21950,5704,-0.002272727272727315
2024-04-16,21950,21950,21350,21400,9499,-0.02505694760820043
2024-04-17,21650,21950,21300,21300,3214,-0.004672897196261627
2024-04-18,21300,21800,21300,21800,1494,0.023474178403755763
2024-04-19,21850,21850,21250,21500,3817,-0.013761467889908285
2024-04-22,21350,21650,21300,21500,3780,0.0
2024-04-23,21800,21800,21350,21700,2041,0.009302325581395321
2024-04-24,21450,21950,21450,21800,2506,0.004608294930875667
2024-04-25,21750,22100,21550,21800,4106,0.0
2024-04-26,22000,22050,21600,21800,1160,0.0
2024-04-29,21950,22000,21800,21900,2772,0.004587155963302836
2024-04-30,21950,22850,21850,22850,14488,0.04337899543378998
2024-05-02,22900,24500,22800,23950,70032,0.04814004376367609
2024-05-03,24000,24250,23850,24200,17981,0.010438413361169019
2024-05-07,24150,24250,23100,24200,8606,0.0
2024-05-08,24200,24200,23450,23600,11705,-0.024793388429752095
2024-05-09,23550,24750,23450,23700,80756,0.004237288135593209
2024-05-10,23750,23750,22700,23000,29294,-0.029535864978902926
2024-05-13,23000,23050,22600,23000,9733,0.0
2024-05-14,22950,23200,22850,23050,2738,0.0021739130434783593
2024-05-16,22800,23300,22800,23200,6586,0.006507592190889477
2024-05-17,23150,23200,22300,22850,7178,-0.015086206896551713
2024-05-20,23000,23000,22350,22750,5415,-0.004376367614879695
2024-05-21,22950,22950,22250,22600,4121,-0.00659340659340657
2024-05-22,22600,23300,22300,23000,7402,0.017699115044247815
2024-05-23,23200,29900,22900,29900,1544664,0.30000000000000004
2024-05-24,28050,28700,25400,25600,485801,-0.14381270903010035
2024-05-27,25400,26150,24600,25050,143524,-0.021484375
2024-05-28,25050,25400,24450,24550,81634,-0.019960079840319334
2024-05-29,24600,25050,23400,23650,89485,-0.03665987780040736
2024-05-30,23500,23900,23200,23400,37204,-0.010570824524312905
2024-05-31,23400,23700,23000,23250,25447,-0.0064102564102563875
2024-06-03,23250,23550,23100,23250,22451,0.0
2024-06-04,23300,23550,22700,23000,32424,-0.010752688172043001
2024-06-05,23050,23300,22750,23000,16148,0.0
2024-06-07,23000,23500,22800,23000,14650,0.0
2024-06-10,23250,23350,22800,23000,7990,0.0
2024-06-11,23350,23750,23000,23300,21439,0.01304347826086949
2024-06-12,23300,23500,23000,23200,13608,-0.0042918454935622075
2024-06-13,23200,23400,23050,23150,10732,-0.0021551724137931494
2024-06-14,23300,23300,22800,23050,8768,-0.004319654427645814
2024-06-17,23100,23150,22700,23000,15035,-0.002169197396963085
2024-06-18,23000,23400,22700,23300,12486,0.01304347826086949
2024-06-19,23500,23500,23050,23200,6737,-0.0042918454935622075
2024-06-20,23250,23250,23000,23250,5061,0.0021551724137931494
2024-06-21,23250,23300,22800,23050,9262,-0.008602150537634357
2024-06-24,22850,23050,22100,22600,22043,-0.0195227765726681
2024-06-25,22600,22750,22350,22550,8118,-0.0022123893805309214
2024-06-26,22600,22600,22350,22550,4619,0.0
2024-06-27,22400,22650,22100,22300,7028,-0.011086474501108667
2024-06-28,22100,22650,22100,22600,3621,0.013452914798206317
2024-07-01,22300,22750,22200,22700,6439,0.004424778761061843
2024-07-02,22450,22700,22300,22700,4430,0.0
2024-07-03,22750,22850,22200,22300,7023,-0.017621145374449365
2024-07-04,22300,22400,22000,22200,5332,-0.004484304932735439
2024-07-05,22300,22400,22050,22350,3373,0.006756756756756799
2024-07-08,22400,22600,22000,22350,3893,0.0
2024-07-09,22250,22600,22050,22500,2733,0.006711409395973256
2024-07-10,22500,22700,22200,22500,2707,0.0
2024-07-11,22650,22750,22250,22500,2983,0.0
2024-07-12,22500,22500,22000,22100,5238,-0.01777777777777778
2024-07-15,22150,22300,21800,22200,8154,0.004524886877828038
2024-07-16,22300,22300,21750,22050,7656,-0.006756756756756799
2024-07-17,22050,22150,21750,22100,3140,0.0022675736961450532
2024-07-18,22000,22000,21000,21400,18198,-0.03167420814479638
2024-07-19,21300,21400,19910,21300,12772,-0.004672897196261627
2024-07-22,21000,21150,20650,20900,7389,-0.018779342723004744
2024-07-23,20800,21450,20800,21100,8313,0.009569377990430672
2024-07-24,21000,21650,21000,21450,10969,0.016587677725118377
2024-07-25,21450,21750,21250,21550,5007,0.004662004662004726
2024-07-26,21550,21750,21300,21750,5778,0.009280742459396807
2024-07-29,21700,21950,21300,21750,6933,0.0
2024-07-30,21750,21750,21200,21650,1600,-0.0045977011494252595
2024-07-31,21600,22450,21400,21850,8375,0.009237875288683695
2024-08-01,21900,22500,21600,21850,7410,0.0
2024-08-02,21850,21850,21100,21600,4875,-0.011441647597253968
2024-08-05,21200,21350,19640,19800,14935,-0.08333333333333337
2024-08-06,19780,20600,19600,19780,14614,-0.0010101010101010166
2024-08-07,19660,20400,19660,20100,10852,0.016177957532861553
2024-08-08,20000,21350,19800,21250,25556,0.05721393034825861
2024-08-09,21450,21500,21000,21250,3827,0.0
2024-08-12,21050,21550,21050,21300,1526,0.0023529411764706687
2024-08-13,21350,21400,20900,21300,3134,0.0
2024-08-14,21150,21450,20900,21400,7922,0.0046948356807512415
2024-08-16,21500,21850,21300,21700,4487,0.014018691588784993
2024-08-19,21600,21650,21250,21500,4426,-0.009216589861751112
2024-08-20,21500,21750,21350,21500,1408,0.0
2024-08-21,21500,21500,21200,21400,2067,-0.0046511627906976605
2024-08-22,21250,21400,21050,21400,2695,0.0
2024-08-23,21100,21400,20900,21150,9765,-0.011682242990654235
2024-08-26,21150,21150,20850,21000,3044,-0.007092198581560294
2024-08-27,20900,21050,20800,21050,3337,0.0023809523809523725
2024-08-28,20900,21150,20900,21150,2258,0.004750593824228044
2024-08-29,21200,21200,20800,21100,2610,-0.0023640661938534313
2024-08-30,21200,21200,20850,21150,2183,0.0023696682464455776
2024-09-02,21050,21250,20800,21200,3734,0.0023640661938533203
2024-09-03,21150,21300,21050,21300,623,0.004716981132075526
2024-09-04,21000,21250,20750,20900,5981,-0.018779342723004744
2024-09-05,20900,21000,20550,20900,4694,0.0
2024-09-06,20800,20800,20150,20600,7480,-0.014354066985645897
2024-09-09,20150,20750,20100,20750,2516,0.00728155339805836
2024-09-10,21000,21000,20600,20700,400,-0.002409638554216831
2024-09-11,20800,20800,20400,20700,867,0.0
2024-09-12,21000,21000,20500,20750,2178,0.0024154589371980784
2024-09-13,20800,20950,20550,20650,705,-0.004819277108433773
2024-09-19,20650,20900,20550,20800,1453,0.007263922518159882
2024-09-20,20800,21050,20600,20800,3271,0.0
2024-09-23,20850,20900,20400,20800,2296,0.0
2024-09-24,20700,20850,20300,20600,5981,-0.009615384615384581
2024-09-25,20600,20850,20450,20600,4960,0.0
2024-09-26,20700,21200,20600,20900,1043,0.014563106796116498
