Date,Open,High,Low,Close,Volume,Change
2022-01-03,4050,4090,4045,4080,136164,0.008652657601977642
2022-01-04,4100,4175,4080,4175,234426,0.023284313725490113
2022-01-05,4180,4180,4100,4110,138789,-0.015568862275449069
2022-01-06,4070,4145,4030,4050,137992,-0.014598540145985384
2022-01-07,4050,4090,4040,4070,101391,0.004938271604938205
2022-01-10,4100,4110,4005,4010,136308,-0.014742014742014753
2022-01-11,4000,4030,3955,3975,177164,-0.00872817955112215
2022-01-12,3990,4010,3980,4000,93687,0.0062893081761006275
2022-01-13,4040,4040,3990,4010,98190,0.0024999999999999467
2022-01-14,4005,4025,3970,3980,120146,-0.007481296758104716
2022-01-17,4005,4030,3910,3920,154249,-0.015075376884422065
2022-01-18,3910,3950,3800,3820,124963,-0.025510204081632626
2022-01-19,3725,3815,3605,3710,173134,-0.028795811518324554
2022-01-20,3710,3930,3710,3840,140869,0.03504043126684642
2022-01-21,3830,3870,3775,3790,71377,-0.01302083333333337
2022-01-24,3720,3735,3620,3640,117288,-0.0395778364116095
2022-01-25,3620,3650,3365,3420,274609,-0.06043956043956045
2022-01-26,3370,3490,3335,3400,186714,-0.005847953216374324
2022-01-27,3365,3420,3180,3225,218370,-0.05147058823529416
2022-01-28,3225,3325,3170,3320,113393,0.029457364341085368
2022-02-03,3400,3510,3400,3475,113065,0.04668674698795172
2022-02-04,3475,3545,3465,3540,79784,0.018705035971223083
2022-02-07,3540,3540,3455,3510,70680,-0.008474576271186418
2022-02-08,3475,3675,3475,3505,257620,-0.0014245014245014564
2022-02-09,3505,3555,3505,3535,55431,0.008559201141226769
2022-02-10,3560,3570,3460,3500,58785,-0.00990099009900991
2022-02-11,3455,3480,3395,3430,72482,-0.020000000000000018
2022-02-14,3385,3385,3225,3270,122888,-0.04664723032069973
2022-02-15,3235,3300,3215,3240,80395,-0.00917431192660545
2022-02-16,3300,3355,3285,3350,66933,0.033950617283950546
2022-02-17,3350,3420,3290,3350,95532,0.0
2022-02-18,3325,3385,3285,3375,54680,0.00746268656716409
2022-02-21,3375,3405,3285,3390,55345,0.004444444444444473
2022-02-22,3390,3390,3290,3295,81321,-0.028023598820059004
2022-02-23,3295,3340,3290,3335,73546,0.012139605462822445
2022-02-24,3330,3335,3220,3230,124988,-0.03148425787106446
2022-02-25,3270,3335,3260,3310,66904,0.024767801857585203
2022-02-28,3395,3500,3315,3460,149950,0.0453172205438066
2022-03-02,3460,3570,3460,3550,126969,0.026011560693641522
2022-03-03,3545,3575,3520,3555,68703,0.0014084507042253502
2022-03-04,3500,3560,3480,3535,97624,-0.005625879043600568
2022-03-07,3535,3550,3410,3425,59178,-0.03111739745403108
2022-03-08,3425,3425,3340,3350,67441,-0.021897810218978075
2022-03-10,3400,3450,3375,3385,53949,0.010447761194029903
2022-03-11,3400,3555,3385,3495,158635,0.03249630723781394
2022-03-14,3495,3530,3400,3430,104734,-0.01859799713876964
2022-03-15,3410,3445,3390,3405,64356,-0.007288629737609353
2022-03-16,3415,3465,3410,3440,85007,0.010279001468428861
2022-03-17,3555,3555,3450,3535,112079,0.02761627906976738
2022-03-18,3535,3550,3455,3540,106975,0.0014144271570013522
2022-03-21,3570,3590,3515,3545,108884,0.0014124293785311437
2022-03-22,3490,3570,3490,3555,93117,0.0028208744710860323
2022-03-23,3555,3575,3520,3530,112703,-0.007032348804500654
2022-03-24,3530,3630,3515,3620,133908,0.025495750708215192
2022-03-25,3585,3660,3550,3560,129214,-0.016574585635359074
2022-03-28,3630,3880,3545,3620,397789,0.016853932584269593
2022-03-29,3655,3660,3605,3620,76703,0.0
2022-03-30,3670,3885,3600,3885,313760,0.07320441988950277
2022-03-31,3755,3790,3725,3780,214242,-0.027027027027026973
2022-04-01,3775,3775,3720,3760,84107,-0.005291005291005346
2022-04-04,3770,3835,3770,3815,134268,0.0146276595744681
2022-04-05,3860,3870,3790,3795,120431,-0.005242463958060273
2022-04-06,3790,3800,3745,3750,84838,-0.011857707509881465
2022-04-07,3700,3735,3645,3685,101489,-0.01733333333333331
2022-04-08,3685,3730,3645,3730,73654,0.012211668928086894
2022-04-11,3730,3730,3675,3710,47887,-0.00536193029490617
2022-04-12,3700,3705,3525,3600,77688,-0.029649595687331498
2022-04-13,3560,3650,3560,3650,67860,0.01388888888888884
2022-04-14,3695,3735,3640,3695,94557,0.012328767123287676
2022-04-15,3670,3735,3655,3700,54971,0.0013531799729364913
2022-04-18,3715,3735,3670,3695,59875,-0.0013513513513513375
2022-04-19,3700,3740,3685,3710,85234,0.004059539918809252
2022-04-20,3715,3735,3695,3710,100327,0.0
2022-04-21,3690,3745,3690,3730,81557,0.005390835579514919
2022-04-22,3730,3730,3650,3690,93745,-0.01072386058981234
2022-04-25,3650,3650,3415,3495,153154,-0.05284552845528456
2022-04-26,3475,3550,3475,3530,32526,0.010014306151645114
2022-04-27,3405,3530,3405,3480,79315,-0.014164305949008527
2022-04-28,3500,3515,3445,3490,47092,0.002873563218390718
2022-04-29,3505,3550,3475,3545,58751,0.015759312320916985
2022-05-02,3495,3530,3460,3510,63667,-0.009873060648801113
2022-05-03,3520,3560,3515,3515,56468,0.0014245014245013454
2022-05-04,3520,3570,3510,3510,68578,-0.0014224751066855834
2022-05-06,3510,3765,3510,3635,536828,0.035612535612535634
2022-05-09,3670,3760,3570,3615,224782,-0.005502063273727598
2022-05-10,3580,3580,3360,3495,143821,-0.03319502074688796
2022-05-11,3505,3525,3465,3500,82995,0.0014306151645206988
2022-05-12,3490,3490,3355,3360,115602,-0.040000000000000036
2022-05-13,3360,3470,3360,3390,66658,0.008928571428571397
2022-05-16,3400,3445,3400,3420,48352,0.008849557522123908
2022-05-17,3420,3455,3405,3420,36980,0.0
2022-05-18,3440,3455,3395,3420,61094,0.0
2022-05-19,3285,3385,3285,3350,57419,-0.020467836257309968
2022-05-20,3385,3405,3355,3400,53922,0.014925373134328401
2022-05-23,3420,3450,3395,3430,72451,0.008823529411764675
2022-05-24,3425,3580,3420,3425,186000,-0.001457725947521915
2022-05-25,3495,3505,3395,3400,66999,-0.007299270072992692
2022-05-26,3425,3470,3385,3385,38574,-0.004411764705882337
2022-05-27,3390,3445,3370,3375,73514,-0.002954209748892156
2022-05-30,3390,3450,3390,3410,47129,0.010370370370370363
2022-05-31,3440,3450,3380,3440,50048,0.008797653958944274
2022-06-02,3470,3470,3400,3430,53689,-0.0029069767441860517
2022-06-03,3430,3585,3430,3525,178448,0.0276967930029155
2022-06-07,3540,3550,3435,3465,78060,-0.017021276595744705
2022-06-08,3520,3715,3480,3710,1022766,0.07070707070707072
2022-06-09,3720,3725,3625,3660,287903,-0.013477088948787075
2022-06-10,3610,3630,3550,3615,134288,-0.012295081967213073
2022-06-13,3535,3535,3340,3340,281303,-0.07607192254495154
2022-06-14,3335,3515,3180,3415,361299,0.022455089820359264
2022-06-15,3400,3400,3195,3210,148589,-0.060029282576866794
2022-06-16,3230,3300,3175,3175,70499,-0.010903426791277204
2022-06-17,3055,3150,3035,3080,119143,-0.0299212598425197
2022-06-20,3100,3140,2865,2910,176333,-0.05519480519480524
2022-06-21,2915,2970,2760,2910,103753,0.0
2022-06-22,2880,2970,2770,2790,93356,-0.04123711340206182
2022-06-23,2790,2830,2605,2605,223288,-0.06630824372759858
2022-06-24,2600,2730,2590,2695,76425,0.03454894433781197
2022-06-27,2725,2830,2700,2810,58564,0.042671614100185495
2022-06-28,2785,2865,2755,2840,44558,0.01067615658362997
2022-06-29,2830,2855,2770,2830,39442,-0.0035211267605633756
2022-06-30,2860,2905,2775,2790,38431,-0.014134275618374548
2022-07-01,2795,2845,2650,2680,78705,-0.03942652329749108
2022-07-04,2555,2730,2555,2660,111231,-0.007462686567164201
2022-07-05,2745,2815,2660,2805,87978,0.05451127819548862
2022-07-06,2820,2945,2800,2800,68986,-0.0017825311942959443
2022-07-07,2835,2900,2755,2870,82686,0.02499999999999991
2022-07-08,2870,2930,2845,2855,53281,-0.005226480836236891
2022-07-11,2880,2880,2800,2810,60246,-0.015761821366024553
2022-07-12,2775,2800,2665,2670,92079,-0.04982206405693945
2022-07-13,2625,2765,2625,2705,68355,0.013108614232209659
2022-07-14,2700,2800,2700,2775,50101,0.025878003696857776
2022-07-15,2805,2840,2695,2830,61204,0.01981981981981984
2022-07-18,2850,2880,2810,2845,67834,0.005300353356890497
2022-07-19,2890,2920,2845,2885,41013,0.014059753954305698
2022-07-20,2960,2960,2865,2870,47428,-0.005199306759098743
2022-07-21,2870,2935,2865,2875,29020,0.0017421602787457413
2022-07-22,2885,3355,2875,3085,1778569,0.07304347826086954
2022-07-25,3110,3215,3085,3190,351127,0.034035656401944836
2022-07-26,3210,3320,3180,3230,204102,0.012539184952978122
2022-07-27,3270,3305,3155,3160,124078,-0.021671826625387025
2022-07-28,3205,3360,3145,3170,218986,0.0031645569620253333
2022-07-29,3180,3285,3145,3240,185976,0.02208201892744488
2022-08-01,3250,3260,3175,3200,69483,-0.012345679012345734
2022-08-02,3170,3200,3100,3155,80731,-0.014062499999999978
2022-08-03,3150,3200,3130,3150,75285,-0.0015847860538826808
2022-08-04,3250,3250,3150,3155,37326,0.0015873015873015817
2022-08-05,3175,3175,3100,3125,67045,-0.009508716323296307
2022-08-08,3115,3155,3060,3155,93825,0.009600000000000053
2022-08-09,3160,3190,3110,3145,47372,-0.0031695721077654726
2022-08-10,3145,3145,3075,3120,58037,-0.007949125596184436
2022-08-11,3180,3445,3135,3340,974395,0.07051282051282048
2022-08-12,3340,3565,3305,3460,553042,0.03592814371257491
2022-08-16,3470,3505,3260,3400,202990,-0.017341040462427793
2022-08-17,3405,3530,3300,3525,243476,0.03676470588235303
2022-08-18,3525,3565,3430,3495,99030,-0.008510638297872353
2022-08-19,3530,3560,3415,3420,110859,-0.02145922746781115
2022-08-22,3350,3365,3275,3295,111624,-0.03654970760233922
2022-08-23,3290,3300,3185,3240,149911,-0.01669195751138086
2022-08-24,3245,3695,3245,3680,1260543,0.1358024691358024
2022-08-25,3800,3800,3650,3690,571615,0.0027173913043478937
2022-08-26,3835,4100,3700,4000,2573170,0.08401084010840099
2022-08-29,3965,4245,3815,4030,2000937,0.007500000000000062
2022-08-30,4080,4390,4075,4200,2321190,0.042183622828784184
2022-08-31,4195,4345,4040,4270,1011896,0.016666666666666607
2022-09-01,4245,4325,3960,4020,927263,-0.05854800936768145
2022-09-02,4060,4065,3880,3925,504116,-0.023631840796019876
2022-09-05,3985,4100,3835,3900,505832,-0.006369426751592355
2022-09-06,3970,4200,3970,4090,762661,0.04871794871794877
2022-09-07,4095,4180,3930,4005,461689,-0.020782396088019572
2022-09-08,4045,4045,3800,3895,507111,-0.027465667915106073
2022-09-13,3930,3930,3720,3795,425321,-0.025673940949935803
2022-09-14,3610,3695,3605,3665,253121,-0.03425559947299073
2022-09-15,3685,3785,3550,3580,421382,-0.023192360163710735
2022-09-16,3600,3650,3395,3445,349379,-0.03770949720670391
2022-09-19,3500,3500,3285,3300,359538,-0.0420899854862119
2022-09-20,3375,3575,3310,3350,394056,0.015151515151515138
2022-09-21,3350,3350,3225,3275,172672,-0.02238805970149249
2022-09-22,3255,3275,3135,3260,173592,-0.004580152671755711
2022-09-23,3240,3240,3070,3100,181896,-0.049079754601227044
2022-09-26,3040,3070,2865,3025,318175,-0.024193548387096753
2022-09-27,2910,3095,2810,2905,617772,-0.03966942148760333
2022-09-28,2930,2935,2745,2785,202439,-0.04130808950086062
2022-09-29,2800,2880,2765,2770,178326,-0.0053859964093356805
2022-09-30,2740,2815,2660,2775,144472,0.0018050541516245744
2022-10-04,2820,2900,2800,2865,165436,0.03243243243243232
2022-10-05,2920,2930,2790,2830,185740,-0.012216404886561949
2022-10-06,2865,2930,2770,2905,114745,0.026501766784452263
2022-10-07,2835,2890,2750,2880,137470,-0.008605851979345935
2022-10-11,2775,2840,2720,2735,133585,-0.05034722222222221
2022-10-12,2730,2750,2675,2730,78156,-0.001828153564899404
2022-10-13,2775,2775,2595,2595,122086,-0.0494505494505495
2022-10-14,2675,2740,2610,2715,79582,0.046242774566473965
2022-10-17,2650,2750,2625,2705,87091,-0.0036832412523020164
2022-10-18,2785,2825,2710,2805,92905,0.0369685767097967
2022-10-19,2865,2875,2780,2810,87959,0.0017825311942958333
2022-10-20,2815,2910,2785,2810,101767,0.0
2022-10-21,2845,2855,2740,2775,78161,-0.01245551601423489
2022-10-24,2775,2845,2775,2795,54667,0.007207207207207134
2022-10-25,2795,2830,2740,2760,85634,-0.012522361359570633
2022-10-26,2770,2795,2715,2735,50873,-0.009057971014492794
2022-10-27,2765,2805,2735,2800,105162,0.02376599634369292
2022-10-28,2800,2840,2780,2825,95905,0.008928571428571397
2022-10-31,2825,2855,2800,2820,67788,-0.001769911504424737
2022-11-01,2865,2920,2810,2900,207641,0.028368794326241176
2022-11-02,2900,2905,2860,2870,97885,-0.010344827586206917
2022-11-03,2885,2955,2815,2895,184867,0.008710801393728262
2022-11-04,2910,2960,2880,2935,120629,0.013816925734024155
2022-11-07,3000,3000,2925,2945,158651,0.0034071550255536653
2022-11-08,2960,2975,2895,2960,82267,0.005093378607809784
2022-11-09,2990,3105,2945,3105,317805,0.0489864864864864
2022-11-10,3200,3240,3040,3040,596958,-0.020933977455716568
2022-11-11,3105,3115,3035,3055,166387,0.004934210526315708
2022-11-14,3130,3130,3025,3040,174623,-0.004909983633387904
2022-11-15,3055,3055,2990,3045,142568,0.00164473684210531
2022-11-16,3070,3120,2980,3025,151247,-0.006568144499178974
2022-11-17,3020,3065,2950,2995,165525,-0.00991735537190086
2022-11-18,2995,2995,2950,2955,97285,-0.013355592654423987
2022-11-21,2955,2970,2835,2855,153302,-0.03384094754653133
2022-11-22,2825,2865,2800,2840,53957,-0.005253940455341555
2022-11-23,2880,2940,2815,2920,79828,0.028169014084507005
2022-11-24,2900,2960,2895,2950,72901,0.010273972602739656
2022-11-25,2950,2955,2900,2945,37982,-0.0016949152542372614
2022-11-28,2945,2950,2860,2870,66435,-0.025466893039049254
2022-11-29,2895,2900,2850,2900,42525,0.010452961672473782
2022-11-30,2925,3200,2910,3100,651396,0.06896551724137923
2022-12-01,3305,3555,3220,3440,1777549,0.10967741935483866
2022-12-02,3415,3415,3270,3300,365610,-0.04069767441860461
2022-12-05,3315,3355,3165,3210,301838,-0.027272727272727226
2022-12-06,3210,3210,3095,3125,125238,-0.026479750778816147
2022-12-07,3140,3190,3090,3185,169944,0.019200000000000106
2022-12-08,3175,3175,3020,3105,264698,-0.025117739403453743
2022-12-09,3130,3140,3010,3120,186001,0.004830917874396157
2022-12-12,3140,3160,3045,3160,120822,0.012820512820512775
2022-12-13,3185,3195,3095,3105,169465,-0.017405063291139222
2022-12-14,3120,3140,3090,3110,74704,0.0016103059581320522
2022-12-15,3080,3440,3080,3340,969250,0.07395498392282951
2022-12-16,3300,3500,3220,3240,473128,-0.029940119760479056
2022-12-19,3275,3290,3150,3205,181295,-0.010802469135802517
2022-12-20,3350,3350,3185,3190,303241,-0.004680187207488307
2022-12-21,3230,3230,3100,3100,149084,-0.028213166144200663
2022-12-22,3115,3145,3050,3050,95679,-0.016129032258064502
2022-12-23,3025,3050,2920,2945,146888,-0.03442622950819674
2022-12-26,2945,3015,2945,3000,90465,0.018675721561969505
2022-12-27,3030,3135,2975,3110,136707,0.036666666666666625
2022-12-28,3110,3165,3030,3080,115580,-0.009646302250803873
2022-12-29,3095,3095,2985,3020,85065,-0.01948051948051943
2023-01-02,3010,3100,2970,2980,82273,-0.013245033112582738
2023-01-03,3020,3020,2860,2985,190039,0.001677852348993314
2023-01-04,2915,3045,2905,3020,93605,0.011725293132328396
2023-01-05,3020,3170,2985,3030,234824,0.0033112582781456013
2023-01-06,3030,3100,3015,3080,161449,0.01650165016501659
2023-01-09,3090,3115,3035,3070,293109,-0.0032467532467532756
2023-01-10,3120,3170,3030,3060,174691,-0.0032573289902280145
2023-01-11,3055,3225,3055,3210,292422,0.0490196078431373
2023-01-12,3240,3255,3170,3190,187763,-0.006230529595015577
2023-01-13,3180,3255,3170,3215,206259,0.00783699059561127
2023-01-16,3370,3450,3200,3220,539346,0.0015552099533437946
2023-01-17,3220,3260,3130,3130,202643,-0.02795031055900621
2023-01-18,3105,3135,3065,3075,82285,-0.01757188498402551
2023-01-19,3080,3100,3045,3065,122586,-0.003252032520325243
2023-01-20,3035,3130,3035,3125,92012,0.019575856443719397
2023-01-25,3155,3190,3120,3190,163045,0.02079999999999993
2023-01-26,3190,3265,3155,3250,196536,0.018808777429467183
2023-01-27,3250,3270,3210,3240,127164,-0.003076923076923088
2023-01-30,3240,3345,3210,3250,196842,0.0030864197530864335
2023-01-31,3235,3325,3210,3290,176951,0.012307692307692353
2023-02-01,3290,3320,3230,3235,126058,-0.016717325227963542
2023-02-02,3235,3270,3160,3200,251477,-0.010819165378670781
2023-02-03,3190,3325,3190,3240,231736,0.012499999999999956
2023-02-06,3265,3265,3170,3170,129952,-0.021604938271604923
2023-02-07,3170,3180,3125,3160,111772,-0.003154574132492094
2023-02-08,3160,3160,3125,3125,96719,-0.011075949367088556
2023-02-09,3140,3205,3110,3205,89025,0.025600000000000067
2023-02-10,3185,3185,3070,3110,182988,-0.029641185647425905
2023-02-13,3045,3095,3020,3090,101175,-0.006430868167202619
2023-02-14,3090,3095,3050,3075,91761,-0.004854368932038833
2023-02-15,3065,3085,2990,3020,158963,-0.01788617886178867
2023-02-16,3035,3070,2970,3055,98407,0.011589403973509826
2023-02-17,3115,3115,3050,3070,105401,0.004909983633387904
2023-02-20,3080,3080,3010,3065,89633,-0.0016286644951140072
2023-02-21,3040,3095,3035,3065,140306,0.0
2023-02-22,3060,3060,2990,3005,106606,-0.019575856443719397
2023-02-23,3015,3040,2980,3040,60774,0.011647254575707144
2023-02-24,3045,3045,2940,2960,200477,-0.02631578947368418
2023-02-27,2940,2960,2910,2940,101805,-0.006756756756756799
2023-02-28,2920,2970,2900,2925,167275,-0.005102040816326481
2023-03-02,2925,2955,2900,2955,115308,0.01025641025641022
2023-03-03,2960,2965,2930,2960,75800,0.0016920473773265332
2023-03-06,2965,3015,2940,3000,121189,0.013513513513513598
2023-03-07,3020,3040,2990,3030,118264,0.010000000000000009
2023-03-08,3040,3040,2945,2955,98804,-0.024752475247524774
2023-03-09,2975,2990,2950,2960,89326,0.0016920473773265332
2023-03-10,2960,2965,2850,2870,118164,-0.030405405405405372
2023-03-13,2805,2850,2640,2815,168508,-0.019163763066202044
2023-03-14,2765,2810,2700,2700,116020,-0.04085257548845467
2023-03-15,2740,2800,2700,2775,77819,0.02777777777777768
2023-03-16,2730,2775,2670,2740,99772,-0.012612612612612595
2023-03-17,2760,2830,2760,2800,59699,0.021897810218978186
2023-03-20,2760,2860,2760,2815,82772,0.005357142857142838
2023-03-21,2815,2870,2805,2810,40877,-0.001776198934280604
2023-03-22,2830,2845,2765,2775,66246,-0.01245551601423489
2023-03-23,2770,2795,2705,2715,153127,-0.021621621621621623
2023-03-24,2720,2770,2715,2745,58959,0.011049723756906049
2023-03-27,2750,2760,2670,2750,92693,0.0018214936247722413
2023-03-28,2750,2840,2725,2805,96947,0.020000000000000018
2023-03-29,2860,2860,2790,2840,67113,0.012477718360071277
2023-03-30,2865,2870,2810,2855,71030,0.005281690140845008
2023-03-31,2885,2885,2835,2850,62546,-0.0017513134851138146
2023-04-03,2810,2890,2800,2870,134546,0.007017543859649145
2023-04-04,2840,2945,2840,2910,111468,0.013937282229965264
2023-04-05,2915,2915,2860,2890,67887,-0.0068728522336769515
2023-04-06,2920,2920,2815,2855,109902,-0.01211072664359858
2023-04-07,2870,2870,2815,2820,85639,-0.012259194395796813
2023-04-10,2820,2835,2725,2745,157239,-0.02659574468085102
2023-04-11,2740,2790,2685,2785,142836,0.014571948998178597
2023-04-12,2810,2915,2780,2860,161580,0.026929982046678624
2023-04-13,2890,2890,2785,2820,124916,-0.013986013986013957
2023-04-14,2825,2880,2825,2865,80671,0.015957446808510634
2023-04-17,2865,2925,2865,2925,150035,0.020942408376963373
2023-04-18,2960,2960,2875,2885,115833,-0.013675213675213627
2023-04-19,2880,2990,2820,2945,194053,0.020797227036395194
2023-04-20,2910,3085,2910,2945,605545,0.0
2023-04-21,2950,2970,2860,2895,126952,-0.01697792869269954
2023-04-24,2960,2960,2830,2865,83508,-0.010362694300518172
2023-04-25,2865,2990,2830,2860,168299,-0.0017452006980802626
2023-04-26,2855,3055,2790,2940,405177,0.027972027972027913
2023-04-27,3050,3050,2870,2915,161936,-0.008503401360544172
2023-04-28,2910,2910,2810,2820,201009,-0.032590051457976
2023-05-02,2845,2865,2770,2840,106928,0.007092198581560183
2023-05-03,2790,2840,2780,2805,69517,-0.01232394366197187
2023-05-04,2815,2815,2765,2800,88560,-0.0017825311942959443
2023-05-08,2815,2865,2780,2860,105701,0.021428571428571352
2023-05-09,2830,2855,2790,2800,72090,-0.020979020979020935
2023-05-10,2765,2805,2750,2760,83589,-0.014285714285714235
2023-05-11,2775,2960,2755,2830,405643,0.0253623188405796
2023-05-12,2830,2925,2805,2820,133828,-0.0035335689045936647
2023-05-15,2820,2830,2735,2770,154729,-0.01773049645390068
2023-05-16,2745,2775,2700,2730,108482,-0.014440433212996373
2023-05-17,2730,2765,2710,2735,219890,0.001831501831501825
2023-05-18,3065,3180,2840,2865,2270192,0.04753199268738584
2023-05-19,2890,2905,2845,2875,264157,0.003490401396160525
2023-05-22,2875,2945,2865,2910,180519,0.012173913043478368
2023-05-23,2920,2955,2890,2895,136128,-0.005154639175257714
2023-05-24,2880,2910,2860,2870,117819,-0.008635578583765069
2023-05-25,2875,2900,2830,2860,115347,-0.0034843205574912606
2023-05-26,2865,2875,2775,2785,145218,-0.02622377622377625
2023-05-30,2815,2820,2780,2790,79650,0.0017953321364452268
2023-05-31,2790,2810,2760,2795,83291,0.0017921146953405742
2023-06-01,2795,2805,2765,2790,112616,-0.0017889087656529634
2023-06-02,2805,2810,2780,2805,81979,0.005376344086021501
2023-06-05,2800,2845,2795,2840,93546,0.012477718360071277
2023-06-07,2840,2865,2820,2830,80222,-0.0035211267605633756
2023-06-08,2845,2875,2820,2830,84787,0.0
2023-06-09,2860,2865,2760,2795,254220,-0.012367491166077715
2023-06-12,2785,2860,2785,2835,143004,0.014311270125223707
2023-06-13,2835,2860,2815,2835,115674,0.0
2023-06-14,2845,2845,2770,2785,172910,-0.01763668430335097
2023-06-15,2785,2800,2690,2735,265761,-0.01795332136445238
2023-06-16,2700,2750,2690,2745,134633,0.003656307129798808
2023-06-19,2735,2805,2735,2800,159463,0.020036429872495543
2023-06-20,2800,2820,2775,2775,72495,-0.008928571428571397
2023-06-21,2780,2795,2745,2745,68858,-0.010810810810810811
2023-06-22,2765,2765,2705,2710,91310,-0.012750455373406244
2023-06-23,2725,2730,2660,2675,113091,-0.01291512915129156
2023-06-26,2690,2690,2650,2655,79681,-0.00747663551401867
2023-06-27,2675,2680,2655,2665,31026,0.0037664783427495685
2023-06-28,2675,2995,2640,2745,1672885,0.030018761726078758
2023-06-29,2745,2760,2685,2695,107899,-0.01821493624772308
2023-06-30,2710,2735,2670,2715,71229,0.007421150278293043
2023-07-03,2715,2760,2715,2745,129920,0.011049723756906049
2023-07-04,2770,2840,2745,2800,197571,0.020036429872495543
2023-07-05,2800,2820,2745,2770,96032,-0.010714285714285676
2023-07-06,2770,2770,2710,2710,92695,-0.02166064981949456
2023-07-07,2700,2720,2675,2705,66606,-0.0018450184501844769
2023-07-10,2690,2730,2690,2705,45719,0.0
2023-07-11,2740,2975,2720,2800,650063,0.03512014787430684
2023-07-12,2775,2875,2775,2850,228661,0.017857142857142794
2023-07-13,2850,2870,2805,2830,80771,-0.007017543859649145
2023-07-14,2910,2925,2725,2745,168640,-0.030035335689045928
2023-07-17,2745,2750,2715,2735,102502,-0.0036429872495445936
2023-07-18,2735,2750,2690,2710,143005,-0.009140767824497242
2023-07-19,2700,2730,2675,2690,121556,-0.0073800738007380184
2023-07-20,2680,2710,2655,2680,88590,-0.0037174721189591198
2023-07-21,2675,2680,2640,2650,124850,-0.011194029850746245
2023-07-24,2650,2655,2545,2560,211547,-0.03396226415094339
2023-07-25,2585,2605,2560,2560,117076,0.0
2023-07-26,2560,2560,2335,2385,362064,-0.068359375
2023-07-27,2320,2535,2320,2405,119942,0.008385744234800763
2023-07-28,2380,2490,2375,2485,63326,0.033264033264033266
2023-07-31,2505,2695,2405,2620,356850,0.05432595573440646
2023-08-01,2590,2820,2590,2790,583200,0.06488549618320616
2023-08-02,2900,3150,2830,2890,3029927,0.03584229390680993
2023-08-03,2890,3000,2690,2700,927090,-0.06574394463667821
2023-08-04,2680,2735,2625,2680,187518,-0.007407407407407418
2023-08-07,2745,2750,2610,2655,198963,-0.009328358208955279
2023-08-08,2650,2740,2620,2625,161540,-0.011299435028248594
2023-08-09,2625,2660,2555,2625,99153,0.0
2023-08-10,2625,2665,2610,2655,68740,0.011428571428571344
2023-08-11,2655,2720,2640,2680,115333,0.009416195856873921
2023-08-14,2655,2685,2575,2630,213112,-0.018656716417910446
2023-08-16,2630,3410,2570,3195,6010767,0.21482889733840294
2023-08-17,2895,2980,2615,2730,1864582,-0.14553990610328638
2023-08-18,2700,2705,2560,2660,468473,-0.02564102564102566
2023-08-21,2615,2725,2610,2635,226995,-0.009398496240601517
2023-08-22,2905,2910,2690,2690,770124,0.020872865275142205
2023-08-23,2675,2730,2665,2710,313662,0.0074349442379182396
2023-08-24,2710,2750,2675,2700,202146,-0.0036900369003689537
2023-08-25,2680,2725,2665,2685,141130,-0.005555555555555536
2023-08-28,2710,2765,2700,2765,215889,0.029795158286778367
2023-08-29,2770,2795,2735,2760,149421,-0.001808318264014508
2023-08-30,2790,2810,2755,2780,157917,0.007246376811594235
2023-08-31,2780,2780,2690,2720,257389,-0.021582733812949617
2023-09-01,2735,2740,2645,2670,243040,-0.018382352941176516
2023-09-04,2670,2680,2630,2650,139328,-0.0074906367041198685
2023-09-05,2680,2680,2610,2620,154250,-0.01132075471698113
2023-09-06,2645,2655,2590,2600,120107,-0.007633587786259555
2023-09-07,2630,2630,2565,2565,81263,-0.013461538461538414
2023-09-08,2580,2600,2410,2560,80847,-0.0019493177387914784
2023-09-11,2585,2645,2570,2600,88272,0.015625
2023-09-12,2665,2665,2580,2600,71885,0.0
2023-09-13,2635,2635,2550,2555,95634,-0.017307692307692357
2023-09-14,2530,2580,2525,2540,72299,-0.005870841487279899
2023-09-15,2565,2590,2545,2570,49058,0.011811023622047223
2023-09-18,2585,2605,2525,2570,88143,0.0
2023-09-19,2560,2585,2530,2535,82775,-0.013618677042801508
2023-09-20,2545,2620,2525,2560,127570,0.009861932938856066
2023-09-21,2545,2795,2535,2620,1840187,0.0234375
2023-09-22,2570,2575,2480,2520,297732,-0.03816793893129766
2023-09-25,2485,2515,2465,2495,115710,-0.009920634920634885
2023-09-26,2465,2505,2440,2440,85061,-0.022044088176352727
2023-09-27,2385,2475,2385,2470,42885,0.012295081967213184
2023-10-04,2475,2475,2380,2405,125463,-0.02631578947368418
2023-10-05,2405,2425,2375,2390,47222,-0.006237006237006182
2023-10-06,2390,2415,2365,2375,51847,-0.006276150627615107
2023-10-10,2395,2460,2390,2435,66245,0.025263157894736876
2023-10-11,2535,2535,2455,2470,31727,0.014373716632443578
2023-10-12,2505,2520,2440,2470,24699,0.0
2023-10-13,2510,2510,2410,2440,42252,-0.012145748987854255
2023-10-16,2500,2500,2415,2415,50169,-0.010245901639344246
2023-10-17,2450,2460,2410,2420,51797,0.0020703933747412417
2023-10-18,2400,2455,2385,2390,44637,-0.012396694214875992
2023-10-19,2395,2475,2325,2355,183530,-0.014644351464435101
2023-10-20,2315,2495,2175,2175,346804,-0.07643312101910826
2023-10-23,2210,2430,2175,2260,296697,0.03908045977011487
2023-10-24,2310,2340,2220,2320,69278,0.026548672566371723
2023-10-25,2320,2345,2270,2290,50455,-0.012931034482758674
2023-10-26,2300,2300,2200,2220,74496,-0.03056768558951961
2023-10-27,2225,2230,2200,2210,37938,-0.0045045045045044585
2023-10-30,2200,2250,2200,2225,21536,0.006787330316742057
2023-10-31,2240,2265,2180,2215,53644,-0.004494382022471877
2023-11-01,2215,2250,2195,2205,33891,-0.004514672686230292
2023-11-02,2210,2260,2210,2255,34258,0.0226757369614512
2023-11-03,2330,2330,2255,2285,41289,0.013303769401330268
2023-11-06,2300,2315,2260,2290,62588,0.002188183807439792
2023-11-07,2290,2310,2250,2265,51248,-0.01091703056768556
2023-11-08,2265,2300,2250,2260,32037,-0.002207505518763808
2023-11-09,2265,2300,2255,2280,48144,0.008849557522123908
2023-11-10,2250,2290,2235,2260,28575,-0.00877192982456143
2023-11-13,2370,2370,2245,2245,49916,-0.006637168141592875
2023-11-14,2245,2295,2240,2280,28818,0.015590200445434244
2023-11-15,2285,2325,2280,2300,53927,0.00877192982456143
2023-11-16,2300,2325,2280,2285,53153,-0.006521739130434745
2023-11-17,2275,2285,2250,2265,20596,-0.008752735229759279
2023-11-20,2345,2345,2265,2270,52960,0.002207505518763808
2023-11-21,2265,2320,2265,2305,40686,0.01541850220264318
2023-11-22,2305,2315,2280,2295,22297,-0.004338394793926281
2023-11-23,2305,2310,2280,2300,19221,0.002178649237472685
2023-11-24,2340,2350,2295,2310,75446,0.004347826086956497
2023-11-27,2310,2350,2295,2325,82705,0.006493506493506551
2023-11-28,2335,2335,2285,2290,60997,-0.01505376344086018
2023-11-29,2320,2320,2290,2290,24502,0.0
2023-11-30,2290,2310,2270,2290,33782,0.0
2023-12-01,2290,2320,2255,2255,107719,-0.015283842794759805
2023-12-04,2265,2300,2260,2280,31381,0.011086474501108556
2023-12-05,2280,2300,2255,2280,41942,0.0
2023-12-06,2280,2300,2265,2285,73766,0.002192982456140413
2023-12-07,2285,2320,2270,2270,41188,-0.006564551422319487
2023-12-08,2290,2295,2255,2260,57874,-0.004405286343612369
2023-12-11,2265,2280,2250,2250,46242,-0.004424778761061954
2023-12-12,2270,2280,2255,2270,43131,0.008888888888888946
2023-12-13,2270,2280,2245,2255,44196,-0.0066079295154185536
2023-12-14,2260,2275,2240,2250,36947,-0.0022172949002217113
2023-12-15,2250,2275,2205,2220,154327,-0.013333333333333308
2023-12-18,2210,2235,2205,2235,42131,0.006756756756756799
2023-12-19,2220,2245,2210,2245,52605,0.004474272930648837
2023-12-20,2230,2260,2225,2255,59082,0.00445434298440972
2023-12-21,2250,2260,2195,2250,46389,-0.0022172949002217113
2023-12-22,2250,2255,2220,2240,39919,-0.004444444444444473
2023-12-26,2240,2255,2235,2245,40655,0.0022321428571427937
2023-12-27,2245,2260,2235,2250,56707,0.00222717149220486
2023-12-28,2260,2260,2230,2255,41947,0.0022222222222221255
2024-01-02,2255,2290,2255,2260,65455,0.0022172949002217113
2024-01-03,2265,2385,2265,2340,180343,0.03539823008849563
2024-01-04,2340,2350,2300,2330,60553,-0.004273504273504258
2024-01-05,2330,2345,2305,2345,118374,0.006437768240343367
2024-01-08,2345,2380,2305,2345,50112,0.0
2024-01-09,2350,2370,2340,2350,70728,0.002132196162046851
2024-01-10,2360,2360,2325,2360,49532,0.004255319148936065
2024-01-11,2370,2380,2350,2370,61712,0.004237288135593209
2024-01-12,2350,2385,2345,2350,69627,-0.008438818565400852
2024-01-15,2355,2375,2330,2340,47211,-0.004255319148936176
2024-01-16,2340,2355,2300,2350,76552,0.004273504273504258
2024-01-17,2350,2355,2285,2320,131498,-0.012765957446808529
2024-01-18,2320,2405,2320,2355,147190,0.015086206896551824
2024-01-19,2400,2400,2315,2345,86390,-0.00424628450106157
2024-01-22,2345,2375,2325,2345,56299,0.0
2024-01-23,2340,2375,2335,2360,80905,0.006396588486140775
2024-01-24,2365,2365,2275,2275,124512,-0.03601694915254239
2024-01-25,2300,2300,2225,2230,115417,-0.01978021978021982
2024-01-26,2220,2285,2210,2280,86019,0.022421524663677195
2024-01-29,2280,2290,2230,2250,55106,-0.013157894736842146
2024-01-30,2250,2270,2230,2270,77940,0.008888888888888946
2024-01-31,2275,2325,2270,2325,116467,0.02422907488986792
2024-02-01,2325,2335,2295,2310,64239,-0.006451612903225823
2024-02-02,2310,2335,2275,2310,46470,0.0
2024-02-05,2300,2365,2295,2360,128322,0.02164502164502169
2024-02-06,2360,2385,2330,2350,90870,-0.004237288135593209
2024-02-07,2335,2370,2325,2330,39303,-0.008510638297872353
2024-02-08,2335,2335,2300,2315,66618,-0.006437768240343367
2024-02-13,2350,2355,2315,2345,66428,0.012958963282937441
2024-02-14,2330,2355,2320,2345,69270,0.0
2024-02-15,2365,2685,2345,2560,3084980,0.09168443496801704
2024-02-16,2520,2525,2440,2480,419916,-0.03125
2024-02-19,2480,2610,2450,2560,430372,0.032258064516129004
2024-02-20,2615,2615,2505,2535,223555,-0.009765625
2024-02-21,2535,2550,2460,2495,208402,-0.015779092702169595
2024-02-22,2485,2550,2480,2515,136331,0.008016032064128265
2024-02-23,2565,2565,2505,2510,102060,-0.001988071570576566
2024-02-26,2515,2580,2510,2545,98732,0.013944223107569709
2024-02-27,2575,2620,2520,2570,180051,0.00982318271119853
2024-02-28,2645,2670,2580,2625,301779,0.021400778210116655
2024-02-29,2655,2680,2485,2510,379981,-0.043809523809523854
2024-03-04,2520,2550,2460,2495,154949,-0.005976095617529875
2024-03-05,2505,2505,2415,2460,116042,-0.014028056112224463
2024-03-06,2450,2490,2435,2460,57891,0.0
2024-03-07,2460,2490,2350,2415,73904,-0.018292682926829285
2024-03-08,2455,2455,2395,2430,76210,0.006211180124223503
2024-03-11,2430,2500,2425,2485,69458,0.02263374485596703
2024-03-12,2485,2500,2475,2485,52484,0.0
2024-03-13,2505,2540,2475,2475,64233,-0.004024144869215318
2024-03-14,2480,2525,2475,2500,61643,0.010101010101010166
2024-03-15,2505,2525,2425,2450,87600,-0.020000000000000018
2024-03-18,2450,2515,2450,2465,60520,0.00612244897959191
2024-03-19,2475,2500,2420,2425,63589,-0.016227180527383367
2024-03-20,2425,2480,2370,2400,61539,-0.010309278350515427
2024-03-21,2400,2420,2375,2390,71052,-0.004166666666666652
2024-03-22,2390,2415,2370,2410,69450,0.008368200836819994
2024-03-25,2410,2500,2400,2500,68512,0.03734439834024905
2024-03-26,2500,2560,2470,2550,122053,0.020000000000000018
2024-03-27,2545,2550,2475,2505,102436,-0.01764705882352946
2024-03-28,2480,2525,2475,2495,51126,-0.003992015968063867
2024-03-29,2495,2560,2470,2550,86966,0.022044088176352616
2024-04-01,2550,2655,2545,2640,229027,0.03529411764705892
2024-04-02,2640,2640,2570,2630,78798,-0.0037878787878787845
2024-04-03,2615,2645,2585,2630,103948,0.0
2024-04-04,2630,2645,2555,2575,83688,-0.020912547528517123
2024-04-05,2575,2625,2550,2600,75588,0.009708737864077666
2024-04-08,2605,2680,2525,2590,142121,-0.0038461538461538325
2024-04-09,2590,2685,2590,2650,160590,0.02316602316602312
2024-04-11,2645,2685,2595,2650,91462,0.0
2024-04-12,2650,2670,2625,2650,65953,0.0
2024-04-15,2635,2720,2625,2700,161366,0.018867924528301883
2024-04-16,2700,2720,2615,2700,130445,0.0
2024-04-17,2660,2745,2660,2705,119148,0.0018518518518517713
2024-04-18,2680,2825,2680,2805,273540,0.0369685767097967
2024-04-19,2805,2855,2765,2785,214101,-0.007130124777183555
2024-04-22,2750,2810,2690,2715,134581,-0.025134649910233398
2024-04-23,2715,2815,2715,2765,118029,0.018416206261510082
2024-04-24,2775,2795,2750,2750,69221,-0.005424954792043413
2024-04-25,2720,2800,2710,2745,79779,-0.0018181818181818299
2024-04-26,2745,2845,2745,2840,170678,0.03460837887067392
2024-04-29,2820,2850,2780,2800,123649,-0.014084507042253502
2024-04-30,2765,2840,2765,2800,66647,0.0
2024-05-02,2800,2835,2755,2820,65286,0.0071428571428571175
2024-05-03,2800,2845,2755,2765,84475,-0.019503546099290725
2024-05-07,2770,2895,2770,2880,223511,0.041591320072332794
2024-05-08,2880,2890,2850,2875,64790,-0.0017361111111111605
2024-05-09,2875,2925,2845,2895,128284,0.006956521739130528
2024-05-10,2900,2970,2895,2930,177350,0.012089810017271052
2024-05-13,2930,2930,2885,2895,100592,-0.011945392491467532
2024-05-14,2870,2925,2800,2805,120488,-0.031088082901554404
2024-05-16,2805,2870,2805,2850,74308,0.016042780748663166
2024-05-17,2850,2870,2790,2795,65974,-0.019298245614035037
2024-05-20,2795,2830,2730,2765,129793,-0.01073345259391767
2024-05-21,2780,2835,2750,2830,47154,0.02350813743218816
2024-05-22,2875,2875,2775,2810,122910,-0.007067137809187329
2024-05-23,2815,3060,2815,3000,726683,0.06761565836298922
2024-05-24,2990,3080,2930,3065,344949,0.021666666666666723
2024-05-27,3065,3120,3030,3115,269577,0.01631321370309946
2024-05-28,3150,3180,3100,3170,314481,0.017656500802568198
2024-05-29,3170,3210,3050,3085,254827,-0.02681388012618302
2024-05-30,3075,3115,3025,3080,209268,-0.0016207455429497752
2024-05-31,3170,3220,3065,3200,244619,0.03896103896103886
2024-06-03,3210,3220,3155,3180,228443,-0.006249999999999978
2024-06-04,3215,3215,3060,3065,269370,-0.036163522012578664
2024-06-05,3085,3150,3065,3110,114490,0.014681892332789603
2024-06-07,3110,3180,3080,3145,95521,0.0112540192926045
2024-06-10,3145,3175,2950,3090,119581,-0.01748807631160576
2024-06-11,3090,3160,3005,3010,133440,-0.02588996763754048
2024-06-12,3020,3160,3010,3115,153992,0.03488372093023262
2024-06-13,3085,3110,3060,3085,86471,-0.009630818619582704
2024-06-14,3045,3115,2920,2975,302829,-0.03565640194489461
2024-06-17,3000,3115,3000,3040,128101,0.02184873949579824
2024-06-18,3000,3010,2720,2785,722582,-0.08388157894736847
2024-06-19,2810,2855,2770,2855,118146,0.025134649910233398
2024-06-20,2900,3065,2870,3010,290643,0.05429071803852881
2024-06-21,3095,3095,2985,3020,194034,0.0033222591362125353
2024-06-24,3035,3115,3005,3100,255506,0.026490066225165476
2024-06-25,3120,3345,3115,3320,748023,0.07096774193548394
2024-06-26,3375,3920,3345,3560,5156558,0.07228915662650603
2024-06-27,3610,3610,3115,3120,1286784,-0.1235955056179775
2024-06-28,3135,3190,3005,3140,468726,0.0064102564102563875
2024-07-01,3100,3100,2560,2615,2440323,-0.16719745222929938
2024-07-02,2620,2715,2580,2680,623838,0.0248565965583174
2024-07-03,2655,2710,2535,2610,576825,-0.026119402985074647
2024-07-04,2580,2595,2465,2525,534633,-0.03256704980842917
2024-07-05,2500,2535,2445,2490,401972,-0.013861386138613874
2024-07-08,2500,2570,2475,2535,136115,0.01807228915662651
2024-07-09,2535,2565,2475,2490,313402,-0.017751479289940808
2024-07-10,2485,2510,2375,2380,689131,-0.04417670682730923
2024-07-11,2400,2535,2400,2505,476798,0.05252100840336138
2024-07-12,2515,2585,2440,2530,512086,0.009980039920159722
2024-07-15,2500,2585,2480,2500,320278,-0.011857707509881465
2024-07-16,2500,2525,2460,2505,154750,0.0020000000000000018
2024-07-17,2550,2565,2500,2555,253913,0.019960079840319445
2024-07-18,2625,2625,2505,2535,218419,-0.007827788649706457
2024-07-19,2535,2785,2495,2720,1355212,0.07297830374753445
2024-07-22,2720,2875,2655,2830,962522,0.040441176470588314
2024-07-23,3150,3185,2490,2525,4089012,-0.107773851590106
2024-07-24,2565,2565,2410,2425,638217,-0.03960396039603964
2024-07-25,2425,2445,2330,2405,313227,-0.008247422680412342
2024-07-26,2365,2425,2315,2315,273949,-0.037422037422037424
2024-07-29,2315,2380,2300,2365,143784,0.021598272138228847
2024-07-30,2385,2390,2270,2315,257586,-0.02114164904862581
2024-07-31,2315,2350,2280,2295,139283,-0.008639308855291628
2024-08-01,2300,2385,2300,2375,131152,0.034858387799564294
2024-08-02,2330,2355,2270,2320,160040,-0.023157894736842155
2024-08-05,2290,2300,2020,2090,317398,-0.09913793103448276
2024-08-06,2050,2250,2050,2195,201009,0.05023923444976086
2024-08-07,2240,2305,2205,2280,80582,0.03872437357630987
2024-08-08,2290,2290,2245,2260,104124,-0.00877192982456143
2024-08-09,2290,2345,2290,2330,112717,0.030973451327433565
2024-08-12,2320,2395,2315,2375,86726,0.0193133047210301
2024-08-13,2360,2400,2290,2295,132151,-0.03368421052631576
2024-08-14,2300,2355,2300,2325,47533,0.013071895424836555
2024-08-16,2350,2360,2305,2325,110264,0.0
2024-08-19,2325,2340,2275,2285,71975,-0.017204301075268824
2024-08-20,2285,2330,2285,2310,68158,0.010940919037199182
2024-08-21,2290,2330,2270,2300,46671,-0.0043290043290042934
2024-08-22,2275,2320,2270,2270,47922,-0.013043478260869601
2024-08-23,2265,2275,2220,2245,63882,-0.011013215859030812
2024-08-26,2245,2260,2195,2210,90355,-0.015590200445434244
2024-08-27,2210,2235,2125,2220,46897,0.004524886877828038
2024-08-28,2220,2260,2190,2190,69138,-0.013513513513513487
2024-08-29,2190,2205,2140,2160,74030,-0.013698630136986356
2024-08-30,2190,2265,2170,2245,84820,0.03935185185185186
2024-09-02,2245,2300,2210,2235,38985,-0.0044543429844098315
2024-09-03,2255,2255,2195,2200,25154,-0.015659955257270708
2024-09-04,2175,2185,2115,2140,84479,-0.027272727272727226
2024-09-05,2155,2185,2070,2100,62398,-0.01869158878504673
2024-09-06,2080,2140,2045,2065,82025,-0.01666666666666672
2024-09-09,2025,2095,2015,2075,54600,0.004842615012106588
2024-09-10,2075,2110,2060,2065,52151,-0.004819277108433773
2024-09-11,2065,2075,2020,2025,87623,-0.01937046004842613
2024-09-12,2005,2080,2005,2080,118953,0.02716049382716057
2024-09-13,2080,2110,2065,2075,42115,-0.0024038461538461453
2024-09-19,2055,2095,2050,2080,91067,0.002409638554216942
2024-09-20,2095,2135,2080,2085,71178,0.0024038461538462563
2024-09-23,2085,2085,2040,2050,80475,-0.016786570743405282
2024-09-24,2075,2100,2030,2080,53574,0.014634146341463428
2024-09-25,2060,2135,2060,2105,50613,0.012019230769230838
2024-09-26,2095,2130,2080,2115,72670,0.004750593824228044
