Date,Open,High,Low,Close,Volume,Change
2022-01-03,7430,7530,7340,7530,19542,0.018944519621109546
2022-01-04,7550,7550,7360,7440,19381,-0.01195219123505975
2022-01-05,7450,7500,7290,7390,14870,-0.006720430107526876
2022-01-06,7390,7420,7130,7240,39425,-0.020297699594046037
2022-01-07,7240,7330,7180,7270,21601,0.004143646408839796
2022-01-10,7300,7300,7100,7230,20108,-0.005502063273727598
2022-01-11,7210,7320,7050,7190,19520,-0.0055325034578146415
2022-01-12,7190,7500,7080,7400,56506,0.029207232267037586
2022-01-13,7360,7950,7310,7790,181935,0.05270270270270272
2022-01-14,7740,7770,7490,7580,39469,-0.02695763799743256
2022-01-17,7580,7690,7500,7560,23530,-0.0026385224274406704
2022-01-18,7560,7700,7310,7590,44223,0.003968253968253954
2022-01-19,7650,9260,7620,8180,3652384,0.07773386034255592
2022-01-20,8130,8220,7930,8200,183181,0.0024449877750611915
2022-01-21,8120,8460,8090,8090,194983,-0.013414634146341475
2022-01-24,7870,8000,7680,7810,127211,-0.034610630407911014
2022-01-25,7760,8170,7700,8020,146891,0.02688860435339313
2022-01-26,8020,8450,7800,8390,255686,0.046134663341645954
2022-01-27,8500,8500,7900,7950,159882,-0.05244338498212153
2022-01-28,8120,8120,7810,7910,68748,-0.005031446540880502
2022-02-03,8010,8120,7810,8100,100057,0.02402022756005051
2022-02-04,8040,8230,7910,8060,147110,-0.004938271604938316
2022-02-07,8240,8380,8110,8300,149622,0.02977667493796532
2022-02-08,8400,8400,8090,8110,111289,-0.02289156626506028
2022-02-09,8190,8320,8110,8200,39808,0.011097410604192337
2022-02-10,8220,8490,8220,8360,124425,0.019512195121951237
2022-02-11,8340,8340,8090,8210,70998,-0.01794258373205737
2022-02-14,7970,8210,7910,8010,56857,-0.02436053593179055
2022-02-15,8080,8100,7590,7590,107624,-0.05243445692883897
2022-02-16,7700,7900,7700,7800,45056,0.027667984189723382
2022-02-17,7770,8040,7770,7840,42954,0.00512820512820511
2022-02-18,7730,8000,7700,8000,41880,0.020408163265306145
2022-02-21,7940,8020,7820,7980,20611,-0.0024999999999999467
2022-02-22,7890,7950,7600,7670,43438,-0.03884711779448624
2022-02-23,7790,7790,7600,7680,14098,0.0013037809647979959
2022-02-24,7680,7750,7350,7440,44616,-0.03125
2022-02-25,7440,7700,7440,7620,32101,0.024193548387096753
2022-02-28,7620,7700,7510,7610,15438,-0.001312335958005284
2022-03-02,7530,7700,7530,7640,16572,0.003942181340341744
2022-03-03,7790,7850,7620,7810,26697,0.022251308900523625
2022-03-04,7810,7990,7710,7810,20976,0.0
2022-03-07,7820,7980,7500,7600,22874,-0.02688860435339313
2022-03-08,7490,7600,7470,7530,27629,-0.009210526315789447
2022-03-10,7600,7800,7510,7550,25425,0.0026560424966799445
2022-03-11,7650,7750,7470,7470,28246,-0.01059602649006619
2022-03-14,7470,7530,7250,7300,42297,-0.022757697456492587
2022-03-15,7300,7410,7250,7340,19005,0.005479452054794498
2022-03-16,7390,7500,7260,7330,15443,-0.0013623978201634523
2022-03-17,7400,7500,7350,7390,40460,0.008185538881309684
2022-03-18,7450,7560,7310,7560,27083,0.023004059539918797
2022-03-21,7600,7600,7400,7540,16323,-0.002645502645502673
2022-03-22,7590,7590,7450,7530,14498,-0.0013262599469495706
2022-03-23,7530,7550,7300,7460,29906,-0.009296148738379806
2022-03-24,7460,7620,7380,7530,32878,0.009383378016085686
2022-03-25,7530,7580,7360,7450,23771,-0.010624169986719778
2022-03-28,7410,7600,7380,7590,36592,0.01879194630872494
2022-03-29,7590,7770,7400,7740,37472,0.01976284584980248
2022-03-30,7750,7750,7560,7670,23555,-0.009043927648578864
2022-03-31,7750,7750,7590,7620,20473,-0.006518904823989535
2022-04-01,7650,8300,7540,8040,617007,0.055118110236220375
2022-04-04,8040,8040,7400,7680,126949,-0.04477611940298509
2022-04-05,7680,7740,7520,7740,52584,0.0078125
2022-04-06,7670,7670,7530,7620,40195,-0.015503875968992276
2022-04-07,7500,7590,7430,7430,40620,-0.02493438320209973
2022-04-08,7470,7570,7400,7550,32860,0.016150740242261152
2022-04-11,7460,7590,7410,7540,25104,-0.0013245033112583293
2022-04-12,7540,7590,7350,7460,20914,-0.010610079575596787
2022-04-13,7540,7540,7350,7430,20390,-0.004021447721179627
2022-04-14,7460,7460,7360,7440,16086,0.0013458950201883368
2022-04-15,7360,7630,7360,7610,38337,0.02284946236559149
2022-04-18,7580,7620,7350,7360,37488,-0.03285151116951379
2022-04-19,7330,7420,7290,7380,31315,0.0027173913043478937
2022-04-20,7420,7420,7270,7300,27325,-0.010840108401083959
2022-04-21,7330,7330,7170,7300,44806,0.0
2022-04-22,7280,7310,7150,7200,25220,-0.013698630136986356
2022-04-25,7140,7200,7090,7200,26768,0.0
2022-04-26,7200,7230,7110,7170,25108,-0.004166666666666652
2022-04-27,7090,7170,6980,7100,43716,-0.009762900976290068
2022-04-28,7100,7110,6970,7080,24258,-0.0028169014084507005
2022-04-29,7100,7130,7000,7100,35744,0.0028248587570620654
2022-05-02,7010,7160,6940,7150,10455,0.007042253521126751
2022-05-03,7150,7170,7050,7050,14404,-0.013986013986013957
2022-05-04,7050,7090,6950,6990,15551,-0.008510638297872353
2022-05-06,6910,6990,6790,6870,34102,-0.01716738197424894
2022-05-09,6810,6850,6590,6600,37725,-0.0393013100436681
2022-05-10,6530,6570,6300,6530,36818,-0.010606060606060619
2022-05-11,6470,6680,6310,6540,23414,0.0015313935681469104
2022-05-12,6540,6540,6300,6390,29597,-0.022935779816513735
2022-05-13,6280,6410,6280,6400,18940,0.0015649452269170805
2022-05-16,6400,6470,6310,6460,20277,0.009374999999999911
2022-05-17,6360,6450,6320,6450,14201,-0.001547987616099089
2022-05-18,6470,6520,6340,6410,27977,-0.006201550387596955
2022-05-19,6410,6410,6280,6330,17259,-0.012480499219968744
2022-05-20,6260,6720,6260,6430,29797,0.01579778830963674
2022-05-23,6430,6500,6380,6500,11788,0.010886469673405896
2022-05-24,6500,6500,6360,6390,11879,-0.01692307692307693
2022-05-25,6360,6390,6280,6360,22298,-0.0046948356807511304
2022-05-26,6360,6410,6310,6410,19210,0.007861635220125729
2022-05-27,6410,6410,6290,6370,21307,-0.006240249609984372
2022-05-30,6320,6430,6290,6360,42840,-0.0015698587127158659
2022-05-31,6330,6360,6300,6330,21682,-0.004716981132075526
2022-06-02,6330,6390,6290,6380,13954,0.00789889415481837
2022-06-03,6350,6460,6330,6460,23490,0.012539184952978122
2022-06-07,6460,6460,6300,6330,17502,-0.020123839009287936
2022-06-08,6330,6340,6230,6230,37280,-0.01579778830963663
2022-06-09,6200,6230,6080,6150,24992,-0.012841091492776902
2022-06-10,6050,6150,5970,6050,42109,-0.016260162601625994
2022-06-13,5970,6050,5800,5820,39970,-0.0380165289256198
2022-06-14,5860,5860,5600,5710,38650,-0.018900343642611728
2022-06-15,5650,5700,5390,5420,42258,-0.05078809106830118
2022-06-16,5420,5650,5390,5420,46525,0.0
2022-06-17,5350,5380,5180,5370,39948,-0.009225092250922495
2022-06-20,5320,5360,4790,5000,59191,-0.06890130353817503
2022-06-21,4950,5210,4950,5200,25402,0.040000000000000036
2022-06-22,5230,5230,4925,5000,26964,-0.038461538461538436
2022-06-23,4950,5000,4735,4815,37930,-0.03700000000000003
2022-06-24,4600,4960,4600,4895,31530,0.01661474558670828
2022-06-27,4850,5150,4800,5140,29776,0.050051072522982576
2022-06-28,5140,5200,5050,5140,17323,0.0
2022-06-29,5130,5200,5040,5150,11981,0.0019455252918287869
2022-06-30,5050,5190,5020,5100,9875,-0.009708737864077666
2022-07-01,5100,5130,4925,4980,26386,-0.02352941176470591
2022-07-04,4910,5010,4855,4960,33549,-0.004016064257028162
2022-07-05,4900,5030,4900,5020,5575,0.012096774193548487
2022-07-06,5020,5070,4970,5020,3528,0.0
2022-07-07,5020,5090,4985,5030,9025,0.0019920318725099584
2022-07-08,5020,5200,5020,5190,8491,0.031809145129224614
2022-07-11,5190,5280,5130,5220,11109,0.005780346820809301
2022-07-12,5220,5280,5120,5280,7926,0.011494252873563315
2022-07-13,5120,5350,5120,5210,8564,-0.013257575757575801
2022-07-14,5210,5300,5140,5300,11628,0.017274472168905985
2022-07-15,5300,5350,5220,5350,5497,0.009433962264151052
2022-07-18,5350,5440,5340,5350,17449,0.0
2022-07-19,5350,5400,5350,5400,3611,0.009345794392523255
2022-07-20,5390,5920,5390,5630,136260,0.042592592592592515
2022-07-21,5630,5660,5570,5610,8803,-0.003552397868561319
2022-07-22,5590,5590,5540,5590,5418,-0.0035650623885917776
2022-07-25,5580,5580,5480,5560,18235,-0.00536672629695889
2022-07-26,5440,5600,5440,5500,20503,-0.010791366906474864
2022-07-27,5430,5530,5430,5530,10606,0.005454545454545379
2022-07-28,5550,5590,5480,5560,9137,0.005424954792043302
2022-07-29,5560,5660,5530,5630,4276,0.012589928057553879
2022-08-01,5640,5640,5550,5600,4736,-0.005328596802841923
2022-08-02,5600,5600,5510,5540,6895,-0.010714285714285676
2022-08-03,5540,5710,5450,5640,13075,0.018050541516245522
2022-08-04,5650,5750,5580,5750,9723,0.019503546099290725
2022-08-05,5750,5820,5610,5780,13431,0.00521739130434784
2022-08-08,5820,5830,5720,5790,9363,0.0017301038062282892
2022-08-09,5640,5790,5640,5760,4240,-0.005181347150259086
2022-08-10,5760,5760,5680,5740,3063,-0.00347222222222221
2022-08-11,5740,5780,5690,5760,6732,0.0034843205574912606
2022-08-12,5670,5820,5670,5750,9772,-0.0017361111111111605
2022-08-16,5760,5760,5620,5670,13942,-0.013913043478260834
2022-08-17,5650,5700,5640,5640,5818,-0.005291005291005346
2022-08-18,5640,5640,5570,5590,8278,-0.00886524822695034
2022-08-19,5550,5650,5500,5600,10992,0.0017889087656528524
2022-08-22,5520,5700,5500,5670,13985,0.012499999999999956
2022-08-23,5610,5690,5610,5660,6490,-0.0017636684303351524
2022-08-24,5650,5670,5610,5630,4375,-0.005300353356890497
2022-08-25,5630,5660,5580,5630,11361,0.0
2022-08-26,5610,5640,5430,5570,22822,-0.010657193605683846
2022-08-29,5510,5510,5380,5390,9052,-0.032315978456014416
2022-08-30,5390,5460,5350,5400,10874,0.0018552875695732052
2022-08-31,5400,5450,5390,5450,2275,0.0092592592592593
2022-09-01,5370,5460,5080,5460,29203,0.0018348623853210455
2022-09-02,5460,5560,5450,5450,14762,-0.001831501831501825
2022-09-05,5450,6700,5450,5890,911004,0.08073394495412844
2022-09-06,6050,6200,5840,6130,310728,0.04074702886247872
2022-09-07,6120,6140,5980,6070,75162,-0.009787928221859699
2022-09-08,6060,6100,5900,5900,53378,-0.028006589785831926
2022-09-13,5960,6040,5910,5980,42332,0.013559322033898313
2022-09-14,5800,6180,5720,6100,36352,0.02006688963210701
2022-09-15,6470,7930,6400,6860,5801718,0.12459016393442623
2022-09-16,6740,6800,6410,6540,472849,-0.04664723032069973
2022-09-19,6640,6650,5990,6050,312013,-0.07492354740061158
2022-09-20,6060,6290,6050,6200,141847,0.024793388429751984
2022-09-21,6110,6240,6020,6090,113166,-0.01774193548387093
2022-09-22,5990,6140,5770,6000,139739,-0.014778325123152691
2022-09-23,5930,6270,5930,6270,84474,0.04499999999999993
2022-09-26,6270,6270,6060,6270,119953,0.0
2022-09-27,6130,6420,6130,6330,112702,0.009569377990430672
2022-09-28,6270,6620,6220,6540,220666,0.033175355450236976
2022-09-29,6580,6660,6370,6370,176960,-0.025993883792048922
2022-09-30,6280,6300,6180,6180,83871,-0.02982731554160123
2022-10-04,6190,6390,6190,6370,48095,0.0307443365695792
2022-10-05,6510,6520,6300,6330,63872,-0.006279434850863463
2022-10-06,6230,6470,6230,6460,58817,0.020537124802527673
2022-10-07,6460,6690,6380,6690,147689,0.035603715170278605
2022-10-11,6680,6690,6210,6260,98522,-0.06427503736920781
2022-10-12,6200,6450,6010,6450,49920,0.030351437699680517
2022-10-13,6440,6450,6200,6200,48826,-0.03875968992248058
2022-10-14,6300,6390,6100,6270,45497,0.011290322580645107
2022-10-17,6130,6230,6090,6150,38523,-0.019138755980861233
2022-10-18,6160,6350,6160,6330,26130,0.029268292682926855
2022-10-19,6450,6450,6200,6200,52933,-0.020537124802527673
2022-10-20,6200,6230,6020,6160,39018,-0.006451612903225823
2022-10-21,6100,6160,6000,6000,54153,-0.025974025974025983
2022-10-24,6100,6150,6010,6020,18309,0.0033333333333334103
2022-10-25,6020,6060,5750,5930,54416,-0.014950166112956853
2022-10-26,5870,5930,5680,5740,89049,-0.03204047217537942
2022-10-27,5620,5830,5620,5790,22621,0.008710801393728262
2022-10-28,5790,5800,5690,5800,15108,0.0017271157167531026
2022-10-31,5840,5840,5700,5780,23610,-0.0034482758620689724
2022-11-01,5720,5790,5650,5710,36095,-0.01211072664359858
2022-11-02,5700,5780,5680,5720,17680,0.0017513134851139256
2022-11-03,5720,5740,5610,5610,28529,-0.019230769230769273
2022-11-04,5650,5730,5610,5710,30379,0.017825311942959
2022-11-07,5710,5760,5670,5700,19346,-0.0017513134851138146
2022-11-08,5700,5760,5660,5730,25576,0.0052631578947368585
2022-11-09,5740,5830,5690,5730,15561,0.0
2022-11-10,5710,5740,5620,5720,17808,-0.0017452006980802626
2022-11-11,5790,5800,5630,5730,32429,0.0017482517482516613
2022-11-14,5730,6080,5670,5990,54656,0.04537521815008727
2022-11-15,5990,6100,5920,6030,37712,0.006677796327211993
2022-11-16,6040,6040,5880,5990,24463,-0.0066334991708125735
2022-11-17,5990,6000,5840,5890,20031,-0.016694490818030094
2022-11-18,5860,6000,5860,5910,15188,0.00339558573853993
2022-11-21,5910,5930,5640,5640,25064,-0.045685279187817285
2022-11-22,5620,5740,5530,5540,26842,-0.01773049645390068
2022-11-23,5540,5690,5520,5560,17580,0.0036101083032491488
2022-11-24,5600,5670,5580,5610,10185,0.008992805755395628
2022-11-25,5610,5630,5500,5550,16933,-0.010695187165775444
2022-11-28,5550,5550,5390,5390,20190,-0.028828828828828867
2022-11-29,5340,5500,5340,5430,36190,0.007421150278293043
2022-11-30,5490,5780,5410,5410,103433,-0.0036832412523020164
2022-12-01,5660,5700,5550,5670,48696,0.04805914972273562
2022-12-02,5640,5690,5540,5630,25139,-0.007054673721340388
2022-12-05,5650,5650,5520,5560,18004,-0.01243339253996445
2022-12-06,5560,5560,5400,5450,18378,-0.01978417266187049
2022-12-07,5450,5450,5290,5350,17379,-0.01834862385321101
2022-12-08,5280,5370,5280,5340,13962,-0.0018691588785046953
2022-12-09,5280,5450,5280,5420,10728,0.014981273408239737
2022-12-12,5390,5410,5320,5340,8203,-0.014760147601476037
2022-12-13,5340,5350,5180,5210,38354,-0.02434456928838946
2022-12-14,5180,5330,5180,5220,22171,0.0019193857965451588
2022-12-15,5220,5230,5090,5180,33058,-0.007662835249042099
2022-12-16,5080,5150,5000,5080,17212,-0.019305019305019266
2022-12-19,5080,5130,5010,5060,17193,-0.003937007874015741
2022-12-20,5060,5270,4970,5010,29484,-0.00988142292490124
2022-12-21,5010,5040,4960,4990,19367,-0.003992015968063867
2022-12-22,5000,5050,4980,4995,15868,0.0010020040080160886
2022-12-23,5000,5090,4950,4995,47557,0.0
2022-12-26,4995,5050,4980,5030,24496,0.00700700700700696
2022-12-27,5050,5160,5030,5080,13271,0.00994035785288272
2022-12-28,5030,5140,5030,5070,15750,-0.0019685039370078705
2022-12-29,5070,5090,4910,5090,15469,0.0039447731755424265
2023-01-02,5090,5210,5060,5120,25423,0.005893909626718985
2023-01-03,5120,5190,4910,5190,15393,0.013671875
2023-01-04,5190,5240,5170,5220,18678,0.005780346820809301
2023-01-05,5250,5430,5250,5360,21965,0.026819923371647514
2023-01-06,5360,5440,5300,5370,17878,0.001865671641791078
2023-01-09,5350,5550,5340,5550,22914,0.033519553072625774
2023-01-10,5480,5720,5460,5680,41557,0.023423423423423406
2023-01-11,5880,5880,5690,5740,45182,0.010563380281690238
2023-01-12,5750,5770,5650,5660,27625,-0.013937282229965153
2023-01-13,5690,5690,5550,5570,18600,-0.01590106007067138
2023-01-16,5600,5690,5550,5690,13181,0.021543985637342944
2023-01-17,5650,5780,5650,5680,20727,-0.0017574692442882123
2023-01-18,5660,5770,5620,5710,16501,0.005281690140845008
2023-01-19,5720,5720,5620,5650,13906,-0.010507880910682998
2023-01-20,5650,5800,5640,5780,22152,0.023008849557522026
2023-01-25,5800,5850,5650,5660,22390,-0.02076124567474047
2023-01-26,5640,5760,5640,5650,15203,-0.0017667844522968323
2023-01-27,5740,5740,5550,5590,10335,-0.010619469026548645
2023-01-30,5620,7250,5550,6160,5219073,0.10196779964221814
2023-01-31,6210,6270,6090,6130,295025,-0.004870129870129913
2023-02-01,6150,6190,5920,6150,170466,0.0032626427406199365
2023-02-02,6150,6180,6070,6150,96230,0.0
2023-02-03,6180,6260,6130,6170,94959,0.003252032520325132
2023-02-06,6110,6170,6000,6000,61359,-0.027552674230145846
2023-02-07,6020,6140,5990,6120,36980,0.020000000000000018
2023-02-08,6090,6180,6080,6180,34829,0.009803921568627416
2023-02-09,6140,6350,6080,6210,87820,0.004854368932038833
2023-02-10,6290,6500,6060,6260,120452,0.008051529790660261
2023-02-13,6240,6380,6100,6160,92831,-0.015974440894568676
2023-02-14,6260,6290,6120,6260,63433,0.016233766233766156
2023-02-15,6340,6340,6000,6110,83961,-0.02396166134185307
2023-02-16,6130,6300,6090,6280,54382,0.02782324058919805
2023-02-17,6280,6300,6150,6290,35245,0.0015923566878981443
2023-02-20,6250,6380,6250,6250,38870,-0.006359300476947549
2023-02-21,6190,6290,6190,6230,21055,-0.0031999999999999806
2023-02-22,6130,6210,6040,6150,30144,-0.012841091492776902
2023-02-23,6150,6250,6100,6200,27178,0.008130081300812941
2023-02-24,6200,6560,6090,6360,267951,0.02580645161290329
2023-02-27,6360,6380,6120,6230,72217,-0.020440251572327095
2023-02-28,6230,6300,6150,6160,45668,-0.011235955056179803
2023-03-02,6220,6300,6100,6280,59860,0.01948051948051943
2023-03-03,6300,6320,6100,6110,117959,-0.027070063694267565
2023-03-06,6120,6390,6120,6290,40573,0.029459901800327426
2023-03-07,6220,6440,6200,6280,47404,-0.0015898251192368873
2023-03-08,6270,6470,6150,6420,102422,0.022292993630573354
2023-03-09,6440,6550,6160,6210,75405,-0.032710280373831724
2023-03-10,6170,6190,5940,6000,75324,-0.033816425120772986
2023-03-13,5960,6000,5790,5980,28188,-0.0033333333333332993
2023-03-14,6050,6050,5780,5790,69536,-0.0317725752508361
2023-03-15,5800,5940,5750,5820,32490,0.005181347150259086
2023-03-16,5760,5860,5620,5820,37827,0.0
2023-03-17,5820,6220,5820,6130,90823,0.053264604810996596
2023-03-20,6110,6130,5990,6010,27258,-0.019575856443719397
2023-03-21,6000,6100,5990,6020,18734,0.0016638935108153063
2023-03-22,5990,6100,5900,5980,25066,-0.006644518272425293
2023-03-23,5970,5980,5750,5810,61608,-0.02842809364548493
2023-03-24,5850,6030,5730,5940,49555,0.022375215146299476
2023-03-27,5890,5910,5730,5790,40691,-0.025252525252525304
2023-03-28,5800,5900,5760,5830,26252,0.006908462867012188
2023-03-29,5840,6050,5750,6000,28039,0.029159519725557415
2023-03-30,6010,6070,5920,6010,30858,0.0016666666666667052
2023-03-31,6010,6030,5820,5840,30600,-0.028286189683860208
2023-04-03,5850,5870,5720,5760,48912,-0.013698630136986356
2023-04-04,5740,5850,5740,5770,15250,0.0017361111111111605
2023-04-05,5770,5830,5720,5790,21001,0.0034662045060658286
2023-04-06,5940,5940,5610,5670,59610,-0.020725388601036232
2023-04-07,5680,5760,5510,5530,36950,-0.024691358024691357
2023-04-10,5530,5530,5250,5450,67570,-0.01446654611211573
2023-04-11,5330,5470,5330,5410,63840,-0.007339449541284404
2023-04-12,5420,5660,5320,5610,153321,0.0369685767097967
2023-04-13,5610,5650,5370,5540,41013,-0.012477718360071277
2023-04-14,5550,5620,5500,5550,22202,0.0018050541516245744
2023-04-17,5560,5560,5430,5440,30133,-0.01981981981981984
2023-04-18,5450,5510,5370,5400,25512,-0.007352941176470562
2023-04-19,5400,5450,5340,5350,27635,-0.0092592592592593
2023-04-20,5420,5420,5250,5310,29502,-0.00747663551401867
2023-04-21,5300,5310,5190,5230,42876,-0.015065913370998163
2023-04-24,5410,5410,5130,5140,55327,-0.017208413001912004
2023-04-25,5100,5230,5070,5100,32331,-0.0077821011673151474
2023-04-26,5090,5240,5020,5140,33703,0.007843137254901933
2023-04-27,5140,5150,5030,5120,16755,-0.0038910505836575737
2023-04-28,5120,5200,5050,5080,30952,-0.0078125
2023-05-02,5090,5260,5010,5230,38710,0.029527559055118058
2023-05-03,5210,5290,5180,5290,15652,0.011472275334607929
2023-05-04,5280,5300,5190,5220,10598,-0.013232514177693777
2023-05-08,5220,5320,5200,5200,11159,-0.003831417624521105
2023-05-09,5100,5200,5100,5130,14537,-0.013461538461538414
2023-05-10,5130,5190,5100,5120,11890,-0.0019493177387914784
2023-05-11,5120,5160,5100,5140,13729,0.00390625
2023-05-12,5130,5140,5050,5120,16704,-0.0038910505836575737
2023-05-15,5120,5170,5030,5080,19276,-0.0078125
2023-05-16,5080,5130,5030,5050,11092,-0.0059055118110236116
2023-05-17,5100,5200,4970,5180,28999,0.025742574257425765
2023-05-18,5180,5230,5140,5200,8193,0.0038610038610038533
2023-05-19,5240,5280,5170,5210,40262,0.0019230769230769162
2023-05-22,5210,5240,5130,5190,16596,-0.0038387715930902067
2023-05-23,5190,5200,5120,5200,15216,0.0019267822736031004
2023-05-24,5190,5220,5170,5210,5563,0.0019230769230769162
2023-05-25,5210,5250,5160,5160,12953,-0.009596928982725572
2023-05-26,5150,5190,5130,5150,6641,-0.0019379844961240345
2023-05-30,5150,5240,5120,5230,9760,0.01553398058252431
2023-05-31,5170,5370,5150,5370,29907,0.026768642447418722
2023-06-01,5320,5440,5290,5330,33166,-0.007448789571694592
2023-06-02,5350,5410,5320,5400,18176,0.013133208255159401
2023-06-05,5400,5490,5370,5470,12932,0.012962962962963065
2023-06-07,5470,5500,5390,5480,18398,0.001828153564899404
2023-06-08,5480,5490,5340,5340,18145,-0.025547445255474477
2023-06-09,5350,5520,5350,5450,21655,0.020599250936329527
2023-06-12,5430,5520,5430,5480,14606,0.005504587155963359
2023-06-13,5500,5550,5480,5490,15987,0.0018248175182482562
2023-06-14,5500,5590,5350,5370,32884,-0.021857923497267784
2023-06-15,5370,5470,5310,5370,20430,0.0
2023-06-16,5400,5400,5260,5290,20814,-0.014897579143389184
2023-06-19,5300,5300,5100,5140,34895,-0.02835538752362954
2023-06-20,5140,5200,5140,5140,8240,0.0
2023-06-21,5150,5200,5020,5140,26945,0.0
2023-06-22,5070,5210,5070,5150,8690,0.0019455252918287869
2023-06-23,5150,5170,5100,5120,9352,-0.005825242718446644
2023-06-26,5120,5190,5060,5120,23627,0.0
2023-06-27,5120,5150,5060,5070,10549,-0.009765625
2023-06-28,5060,5100,5040,5070,6717,0.0
2023-06-29,5070,5100,5030,5040,9436,-0.00591715976331364
2023-06-30,5020,5040,4975,5010,18021,-0.005952380952380931
2023-07-03,5040,5170,4960,5140,12308,0.02594810379241519
2023-07-04,5100,5150,5060,5060,6239,-0.015564202334630295
2023-07-05,5060,5090,5020,5020,8153,-0.007905138339920903
2023-07-06,5020,5140,4980,5000,8140,-0.003984063745019917
2023-07-07,4935,5000,4935,5000,18842,0.0
2023-07-10,4965,5020,4835,5010,15515,0.0020000000000000018
2023-07-11,5010,5080,4965,4990,9368,-0.003992015968063867
2023-07-12,5000,5000,4885,4935,15930,-0.011022044088176308
2023-07-13,4940,5010,4930,4980,8662,0.00911854103343468
2023-07-14,5000,5000,4900,4915,16131,-0.013052208835341417
2023-07-17,4915,4980,4880,4925,20738,0.0020345879959309254
2023-07-18,4925,4950,4865,4905,24570,-0.004060913705583702
2023-07-19,4900,4960,4825,4915,39605,0.0020387359836901986
2023-07-20,4915,4915,4815,4840,25506,-0.015259409969481164
2023-07-21,4850,4850,4750,4760,33939,-0.016528925619834656
2023-07-24,4750,4795,4665,4740,48812,-0.004201680672268893
2023-07-25,4650,5290,4650,5050,192206,0.06540084388185652
2023-07-26,5180,5180,4680,4780,76830,-0.05346534653465351
2023-07-27,4755,4985,4755,4760,72340,-0.004184100418409997
2023-07-28,4800,4920,4735,4905,36547,0.03046218487394947
2023-07-31,4870,4995,4750,4945,28545,0.00815494393476035
2023-08-01,4945,5240,4945,5210,33122,0.05358948432760369
2023-08-02,5170,5210,4980,4990,46952,-0.04222648752399227
2023-08-03,5020,5070,4990,5030,31914,0.008016032064128265
2023-08-04,5020,5090,5000,5070,5763,0.007952286282306265
2023-08-07,5010,5070,4900,4900,30343,-0.0335305719921104
2023-08-08,4880,5030,4880,5000,29320,0.020408163265306145
2023-08-09,5030,5120,5000,5080,23200,0.016000000000000014
2023-08-10,5090,5090,4965,5050,29825,-0.0059055118110236116
2023-08-11,5040,5130,5040,5110,15845,0.011881188118811892
2023-08-14,5150,5180,5100,5110,8929,0.0
2023-08-16,5150,5330,5110,5320,37839,0.041095890410958846
2023-08-17,5320,5340,5240,5260,32281,-0.011278195488721776
2023-08-18,5200,5340,5200,5330,17375,0.013307984790874583
2023-08-21,5350,5350,5230,5250,13245,-0.015009380863039379
2023-08-22,5260,5380,5260,5380,9780,0.024761904761904763
2023-08-23,5390,5420,5280,5380,20671,0.0
2023-08-24,5360,5410,5310,5380,19275,0.0
2023-08-25,5380,5490,5330,5430,27809,0.009293680297397744
2023-08-28,5490,5490,5380,5440,19643,0.0018416206261511192
2023-08-29,5440,5450,5350,5390,16093,-0.009191176470588203
2023-08-30,5400,5540,5390,5500,20698,0.020408163265306145
2023-08-31,5450,5550,5450,5490,11210,-0.0018181818181818299
2023-09-01,5560,6390,5460,6090,1080862,0.1092896174863387
2023-09-04,6060,7480,6030,6760,3508044,0.11001642036124792
2023-09-05,6760,6770,6150,6250,561714,-0.07544378698224852
2023-09-06,6250,6290,6030,6100,214962,-0.02400000000000002
2023-09-07,6060,6180,5860,5880,146956,-0.0360655737704918
2023-09-08,5880,6100,5840,6020,89700,0.023809523809523725
2023-09-11,5980,6070,5920,5980,66904,-0.006644518272425293
2023-09-12,6070,6070,5800,5820,56882,-0.026755852842809347
2023-09-13,5780,6040,5750,5860,70936,0.0068728522336769515
2023-09-14,5860,6050,5860,5980,48261,0.020477815699658786
2023-09-15,5990,6060,5950,6020,37630,0.006688963210702337
2023-09-18,6020,6090,5950,5960,29947,-0.009966777408637828
2023-09-19,6040,6040,5890,5930,40077,-0.005033557046979831
2023-09-20,5930,5990,5750,5990,42496,0.010118043844856706
2023-09-21,5970,5970,5660,5700,50977,-0.048414023372287174
2023-09-22,5690,5790,5640,5740,34257,0.007017543859649145
2023-09-25,5740,5800,5610,5710,47134,-0.005226480836236891
2023-09-26,5710,5740,5610,5670,30963,-0.007005253940455369
2023-09-27,5680,5680,5560,5640,29604,-0.005291005291005346
2023-10-04,5640,5640,5350,5470,47552,-0.03014184397163122
2023-10-05,5460,5580,5380,5400,37996,-0.012797074954296161
2023-10-06,5360,5530,5360,5500,26704,0.0185185185185186
2023-10-10,5550,5640,5500,5560,51460,0.01090909090909098
2023-10-11,5570,5780,5570,5690,15713,0.023381294964028854
2023-10-12,5850,5850,5640,5740,14168,0.008787346221441172
2023-10-13,5680,5780,5590,5680,14512,-0.010452961672473893
2023-10-16,5680,5700,5320,5680,43067,0.0
2023-10-17,5590,5750,5590,5690,14578,0.0017605633802817433
2023-10-18,5530,5690,5390,5530,23990,-0.02811950790861162
2023-10-19,5530,5560,5290,5370,78911,-0.02893309222423146
2023-10-20,5370,5370,5020,5020,34207,-0.06517690875232773
2023-10-23,5000,5300,5000,5100,19086,0.015936254980079667
2023-10-24,5170,5280,4960,5140,25541,0.007843137254901933
2023-10-25,5200,5230,5020,5020,21845,-0.023346303501945553
2023-10-26,5010,5060,4930,5060,21523,0.007968127490039834
2023-10-27,5020,5160,4925,5050,9654,-0.0019762845849802257
2023-10-30,5000,5070,4990,5060,5121,0.001980198019801982
2023-10-31,5080,5100,4885,4990,21534,-0.013833992094861691
2023-11-01,4940,5100,4900,4990,16672,0.0
2023-11-02,4990,5280,4990,5260,24176,0.054108216432865675
2023-11-03,5200,5240,5050,5200,8528,-0.011406844106463865
2023-11-06,5140,5270,5130,5180,18102,-0.0038461538461538325
2023-11-07,5210,5210,5080,5150,16199,-0.00579150579150578
2023-11-08,5140,5450,5100,5210,23593,0.011650485436893288
2023-11-09,5200,5250,5160,5200,7402,-0.0019193857965451588
2023-11-10,5110,5200,5040,5120,26827,-0.01538461538461533
2023-11-13,5150,5190,5000,5000,13146,-0.0234375
2023-11-14,5000,5150,5000,5140,11804,0.028000000000000025
2023-11-15,5150,5260,4850,5220,56785,0.015564202334630295
2023-11-16,5240,5250,5140,5220,6975,0.0
2023-11-17,5220,5230,4910,5100,17614,-0.02298850574712641
2023-11-20,5110,5210,5060,5170,15252,0.013725490196078383
2023-11-21,5170,5220,5110,5180,4888,0.0019342359767891004
2023-11-22,5160,5180,5090,5180,8950,0.0
2023-11-23,5120,5200,5080,5150,10404,-0.00579150579150578
2023-11-24,5090,5140,5050,5130,8833,-0.003883495145631022
2023-11-27,5130,5240,5000,5240,32336,0.021442495126705596
2023-11-28,5240,5250,5070,5190,25585,-0.009541984732824416
2023-11-29,5200,5200,5070,5130,23631,-0.011560693641618491
2023-11-30,5150,5160,5050,5160,20527,0.005847953216374213
2023-12-01,5160,5190,5050,5110,45572,-0.009689922480620172
2023-12-04,5110,5150,4985,5090,38416,-0.003913894324853229
2023-12-05,5090,5140,5020,5110,26126,0.003929273084479323
2023-12-06,5020,5130,5020,5030,21583,-0.015655577299412915
2023-12-07,5100,5120,5030,5090,19125,0.011928429423459175
2023-12-08,5150,5150,5040,5090,13566,0.0
2023-12-11,5090,5280,5050,5170,29766,0.015717092337917515
2023-12-12,5180,5180,5000,5130,47961,-0.007736943907156624
2023-12-13,5150,5190,5030,5170,20674,0.007797270955165692
2023-12-14,5180,5180,5110,5140,9170,-0.005802707930367523
2023-12-15,5150,5270,5130,5130,29592,-0.0019455252918287869
2023-12-18,5120,5150,5080,5140,11172,0.0019493177387914784
2023-12-19,5150,5300,5050,5190,29229,0.009727626459143934
2023-12-20,5180,5200,5080,5170,8392,-0.003853564547206201
2023-12-21,5170,5180,5110,5180,13235,0.0019342359767891004
2023-12-22,5180,5240,5140,5150,7733,-0.00579150579150578
2023-12-26,5150,5150,4970,5040,31592,-0.021359223300970842
2023-12-27,5060,5180,4980,5110,18000,0.01388888888888884
2023-12-28,5140,5150,5040,5150,19940,0.007827788649706457
2024-01-02,5110,5170,5070,5160,11693,0.001941747572815622
2024-01-03,5150,5240,5100,5180,12529,0.003875968992248069
2024-01-04,5190,5190,5100,5170,8876,-0.0019305019305019266
2024-01-05,5200,5270,5090,5190,14536,0.003868471953578423
2024-01-08,5140,5200,5090,5170,17757,-0.003853564547206201
2024-01-09,5170,5180,5100,5160,12953,-0.0019342359767892114
2024-01-10,5160,5160,5120,5160,7431,0.0
2024-01-11,5160,5220,5130,5150,13698,-0.0019379844961240345
2024-01-12,5150,5210,5120,5170,12697,0.003883495145631022
2024-01-15,5190,5190,5120,5130,9224,-0.007736943907156624
2024-01-16,5130,5160,5080,5130,9821,0.0
2024-01-17,5100,5140,4960,5100,32389,-0.005847953216374324
2024-01-18,5070,5110,5000,5000,15563,-0.019607843137254943
2024-01-19,5000,5120,5000,5110,18166,0.02200000000000002
2024-01-22,5110,5150,5010,5010,8107,-0.019569471624266144
2024-01-23,5080,5100,4990,5100,16242,0.017964071856287456
2024-01-24,5080,5100,4990,5070,18699,-0.00588235294117645
2024-01-25,5040,5080,4995,5050,23850,-0.0039447731755424265
2024-01-26,5050,5070,4975,5040,10837,-0.001980198019801982
2024-01-29,5030,5120,4960,5050,42100,0.001984126984126977
2024-01-30,4980,5090,4980,5050,28751,0.0
2024-01-31,5070,5070,4945,4970,40008,-0.015841584158415856
2024-02-01,4970,5010,4820,4915,21709,-0.01106639839034207
2024-02-02,4950,4950,4825,4885,41636,-0.006103763987792443
2024-02-05,4855,4915,4815,4880,33496,-0.0010235414534288667
2024-02-06,4870,4940,4805,4805,17602,-0.015368852459016424
2024-02-07,4810,4885,4790,4815,15504,0.0020811654526535772
2024-02-08,4880,4895,4810,4840,11121,0.005192107995846351
2024-02-13,4995,5090,4915,5050,28868,0.04338842975206614
2024-02-14,5000,5080,4975,5030,18950,-0.003960396039603964
2024-02-15,5050,5050,4960,4995,20243,-0.006958250497017926
2024-02-16,5040,5040,4960,5010,13850,0.0030030030030030463
2024-02-19,5010,5020,4965,4980,6698,-0.005988023952095856
2024-02-20,4990,5050,4955,4990,10954,0.002008032128514081
2024-02-21,4990,5040,4905,4990,28547,0.0
2024-02-22,4970,5040,4940,4945,15074,-0.009018036072144242
2024-02-23,4920,5090,4920,5080,16343,0.027300303336703635
2024-02-26,5150,5380,5130,5250,51772,0.0334645669291338
2024-02-27,5270,5350,5160,5170,23829,-0.015238095238095273
2024-02-28,5200,5340,5180,5300,13270,0.025145067698259194
2024-02-29,5350,5350,5170,5290,12031,-0.0018867924528301883
2024-03-04,5320,5370,5190,5260,17407,-0.005671077504725952
2024-03-05,5290,5720,5150,5620,202981,0.06844106463878319
2024-03-06,5680,5700,5520,5560,43992,-0.010676156583629859
2024-03-07,5500,5660,5470,5550,31375,-0.0017985611510791255
2024-03-08,5500,5700,5410,5600,37326,0.009009009009008917
2024-03-11,5550,5700,5460,5600,34067,0.0
2024-03-12,5600,5620,5500,5530,17006,-0.012499999999999956
2024-03-13,5640,5640,5520,5550,32656,0.003616636528029016
2024-03-14,5610,5610,5460,5460,45111,-0.01621621621621616
2024-03-15,5480,5490,5330,5440,57005,-0.00366300366300365
2024-03-18,5390,5480,5350,5430,37892,-0.0018382352941176405
2024-03-19,5370,5460,5330,5410,18680,-0.0036832412523020164
2024-03-20,5660,5660,5430,5480,38059,0.012939001848428777
2024-03-21,5490,5500,5410,5490,19697,0.0018248175182482562
2024-03-22,5470,5600,5420,5540,30577,0.00910746812386165
2024-03-25,5500,5620,5500,5580,38864,0.0072202166064982976
2024-03-26,5580,5650,5580,5640,22477,0.010752688172043001
2024-03-27,5630,5690,5620,5650,26714,0.0017730496453900457
2024-03-28,5640,5700,5620,5690,24049,0.0070796460176991705
2024-03-29,5750,5780,5650,5780,65069,0.01581722319859402
2024-04-01,5870,5870,5690,5810,14775,0.00519031141868509
2024-04-02,5890,5890,5730,5750,54476,-0.0103270223752151
2024-04-03,5700,5780,5620,5730,49410,-0.003478260869565264
2024-04-04,5730,5900,5700,5880,63287,0.02617801047120416
2024-04-05,5810,6270,5740,6230,125971,0.059523809523809534
2024-04-08,6200,6330,6130,6230,67583,0.0
2024-04-09,6300,6330,6110,6250,44676,0.0032102728731941976
2024-04-11,6250,6250,6050,6170,45331,-0.012800000000000034
2024-04-12,6150,6250,6110,6230,37413,0.009724473257698651
2024-04-15,6220,6330,6080,6310,36306,0.01284109149277679
2024-04-16,6240,6380,6110,6300,39339,-0.0015847860538826808
2024-04-17,6300,6390,6300,6320,11814,0.0031746031746031633
2024-04-18,6390,6600,6320,6490,75720,0.02689873417721511
2024-04-19,6600,6660,6350,6520,57000,0.0046224961479199855
2024-04-22,6660,6660,6410,6570,26872,0.0076687116564417845
2024-04-23,6500,6590,6420,6420,48105,-0.022831050228310557
2024-04-24,6360,6570,6360,6430,17387,0.0015576323987538387
2024-04-25,6420,6610,6360,6520,33967,0.013996889580093264
2024-04-26,6590,6590,6490,6520,48652,0.0
2024-04-29,6600,6600,6260,6370,26204,-0.02300613496932513
2024-04-30,6370,6500,6270,6500,13479,0.020408163265306145
2024-05-02,6500,6500,6380,6440,38836,-0.009230769230769265
2024-05-03,6430,6500,6200,6200,59569,-0.037267080745341574
2024-05-07,6230,6230,5810,5950,80879,-0.040322580645161255
2024-05-08,5970,6120,5870,6080,28024,0.02184873949579824
2024-05-09,6080,6400,6060,6170,35762,0.014802631578947345
2024-05-10,6200,6300,6080,6140,27927,-0.004862236628849326
2024-05-13,6180,6390,5850,5940,65252,-0.032573289902280145
2024-05-14,5940,6050,5850,5920,40386,-0.0033670033670033517
2024-05-16,5920,6060,5920,5990,23725,0.011824324324324342
2024-05-17,6050,6100,5880,5990,5878,0.0
2024-05-20,5920,5980,5740,5740,30211,-0.04173622704507518
2024-05-21,5750,5750,5500,5610,35029,-0.022648083623693416
2024-05-22,5610,5680,5540,5630,4656,0.0035650623885918886
2024-05-23,5630,5680,5570,5620,3571,-0.001776198934280604
2024-05-24,5690,5690,5480,5530,17179,-0.016014234875444844
2024-05-27,5500,5600,5400,5490,19901,-0.007233273056057921
2024-05-28,5500,5600,5470,5590,13186,0.01821493624772308
2024-05-29,5540,5800,5460,5700,25619,0.019677996422182487
2024-05-30,5700,5750,5650,5710,8415,0.0017543859649122862
2024-05-31,5710,5800,5670,5710,13548,0.0
2024-06-03,5720,6140,5710,6120,63162,0.07180385288966717
2024-06-04,6140,6200,5900,5970,36395,-0.02450980392156865
2024-06-05,5980,6050,5850,6020,20027,0.008375209380234505
2024-06-07,6100,6100,5830,6050,20444,0.004983388704318914
2024-06-10,5970,6100,5900,6090,21896,0.006611570247933907
2024-06-11,6090,6120,5890,6040,16434,-0.008210180623973717
2024-06-12,6020,6100,5920,5970,14076,-0.011589403973509937
2024-06-13,6090,6090,5900,6000,13740,0.005025125628140614
2024-06-14,6080,6080,5900,6000,12908,0.0
2024-06-17,6000,6040,5890,5890,9109,-0.018333333333333313
2024-06-18,5860,5970,5800,5960,13316,0.011884550084889645
2024-06-19,5960,6030,5840,5990,13719,0.005033557046979942
2024-06-20,5930,6000,5850,5850,8046,-0.023372287145242088
2024-06-21,5860,6000,5790,5930,14038,0.013675213675213627
2024-06-24,6090,6090,5790,5890,15153,-0.006745362563237767
2024-06-25,6040,6040,5820,5900,28406,0.001697792869269854
2024-06-26,5900,5990,5850,5910,9070,0.0016949152542373724
2024-06-27,5920,6030,5880,6000,26018,0.015228426395939021
2024-06-28,5930,6150,5930,6100,17219,0.016666666666666607
2024-07-01,6100,6250,6040,6180,30673,0.013114754098360715
2024-07-02,6120,6300,6020,6120,26436,-0.009708737864077666
2024-07-03,6110,6200,6070,6170,29179,0.008169934640522847
2024-07-04,6170,6220,6040,6100,14945,-0.011345218800648316
2024-07-05,6100,6190,6060,6170,15787,0.011475409836065653
2024-07-08,6180,6290,6120,6250,20418,0.01296596434359798
2024-07-09,6200,6290,6150,6220,8661,-0.0048000000000000265
2024-07-10,6160,6260,6060,6250,10407,0.004823151125401992
2024-07-11,6190,6380,6170,6300,35061,0.008000000000000007
2024-07-12,6380,6380,6160,6250,9346,-0.007936507936507908
2024-07-15,6200,6300,6160,6250,9510,0.0
2024-07-16,6300,6330,6190,6250,13024,0.0
2024-07-17,6300,6320,6110,6170,17043,-0.012800000000000034
2024-07-18,6170,6170,6060,6120,4476,-0.008103727714748765
2024-07-19,6120,6120,5950,6080,10896,-0.006535947712418277
2024-07-22,6180,6400,6120,6230,30193,0.024671052631578982
2024-07-23,6270,6350,6150,6250,8830,0.0032102728731941976
2024-07-24,6250,6330,6130,6260,11559,0.0016000000000000458
2024-07-25,6200,6200,6090,6200,5833,-0.009584664536741228
2024-07-26,6290,6290,6100,6160,7560,-0.006451612903225823
2024-07-29,6160,6230,6110,6170,4993,0.0016233766233766378
2024-07-30,6100,6260,6040,6130,8854,-0.00648298217179899
2024-07-31,6180,6320,6050,6250,24101,0.019575856443719397
2024-08-01,6240,6300,6090,6290,15528,0.006399999999999961
2024-08-02,6290,6290,6010,6160,12292,-0.020667726550079535
2024-08-05,6300,6590,5800,5970,132408,-0.030844155844155896
2024-08-06,5970,6300,5910,6090,66906,0.0201005025125629
2024-08-07,6260,6260,6000,6160,51365,0.011494252873563315
2024-08-08,6100,6120,5980,6100,14216,-0.009740259740259716
2024-08-09,6100,6200,6000,6080,11779,-0.003278688524590123
2024-08-12,6080,6180,5950,6030,7654,-0.008223684210526327
2024-08-13,6100,6120,5910,6000,9297,-0.00497512437810943
2024-08-14,6000,6040,5860,5860,16372,-0.023333333333333317
2024-08-16,5860,5970,5690,5730,41678,-0.022184300341296925
2024-08-19,5690,5780,5560,5570,23424,-0.027923211169284423
2024-08-20,5570,5690,5410,5490,26933,-0.014362657091561926
2024-08-21,5490,5560,5420,5500,9776,0.0018214936247722413
2024-08-22,5560,5560,5440,5550,8598,0.009090909090909038
2024-08-23,5530,5840,5440,5820,16183,0.048648648648648596
2024-08-26,5770,5860,5690,5760,4618,-0.010309278350515427
2024-08-27,5790,5790,5580,5700,7948,-0.01041666666666663
2024-08-28,5690,5690,5510,5510,7425,-0.033333333333333326
2024-08-29,5490,5510,5330,5510,9094,0.0
2024-08-30,5480,5580,5450,5490,5674,-0.003629764065335772
2024-09-02,5490,7130,5340,5560,1383015,0.012750455373406133
2024-09-03,5590,5600,5380,5420,96984,-0.025179856115107868
2024-09-04,5260,5420,5210,5330,37833,-0.016605166051660514
2024-09-05,5300,5390,5070,5200,48675,-0.024390243902439046
2024-09-06,5150,5180,4995,5050,40294,-0.028846153846153855
2024-09-09,4820,5180,4820,5010,45129,-0.007920792079207928
2024-09-10,5100,5100,4960,5020,17159,0.001996007984031989
2024-09-11,5090,5130,4960,4965,16020,-0.010956175298804771
2024-09-12,4970,5080,4970,5040,11385,0.015105740181268867
2024-09-13,5060,5200,5010,5190,12383,0.029761904761904656
2024-09-19,5130,5180,5010,5090,19058,-0.019267822736030782
2024-09-20,5090,5200,5090,5130,4905,0.007858546168958647
2024-09-23,5180,5180,5090,5160,8479,0.005847953216374213
2024-09-24,5130,5170,5060,5170,8203,0.0019379844961240345
2024-09-25,5130,5190,5110,5170,9213,0.0
2024-09-26,5200,5330,5110,5330,37398,0.030947775628626717
