Date,Open,High,Low,Close,Volume,Change
2022-01-03,1620,1630,1595,1600,99049,-0.012345679012345734
2022-01-04,1600,1630,1595,1615,167020,0.009374999999999911
2022-01-05,1625,1655,1610,1625,281589,0.006191950464396356
2022-01-06,1620,1645,1615,1635,220109,0.006153846153846176
2022-01-07,1630,1645,1630,1640,95193,0.003058103975535076
2022-01-10,1645,1700,1645,1695,619751,0.03353658536585358
2022-01-11,1695,1700,1670,1685,213020,-0.005899705014749235
2022-01-12,1695,1695,1665,1685,161157,0.0
2022-01-13,1675,1695,1655,1675,270575,-0.005934718100890191
2022-01-14,1670,1675,1635,1640,200501,-0.020895522388059695
2022-01-17,1635,1655,1600,1620,158423,-0.012195121951219523
2022-01-18,1625,1630,1575,1575,242970,-0.02777777777777779
2022-01-19,1575,1590,1550,1570,168277,-0.0031746031746031633
2022-01-20,1570,1590,1560,1580,144373,0.006369426751592355
2022-01-21,1580,1590,1575,1585,103333,0.0031645569620253333
2022-01-24,1580,1640,1520,1570,544601,-0.009463722397476393
2022-01-25,1570,1585,1505,1510,318447,-0.03821656050955413
2022-01-26,1510,1545,1510,1520,127530,0.0066225165562914245
2022-01-27,1510,1525,1440,1450,551960,-0.046052631578947345
2022-01-28,1455,1485,1430,1485,364517,0.024137931034482696
2022-02-03,1495,1630,1495,1600,769668,0.07744107744107742
2022-02-04,1580,1785,1580,1745,2362168,0.09062499999999996
2022-02-07,1730,1740,1700,1735,300549,-0.005730659025787954
2022-02-08,1715,1725,1610,1655,907004,-0.04610951008645536
2022-02-09,1655,1675,1640,1660,151239,0.0030211480362538623
2022-02-10,1660,1670,1645,1660,220845,0.0
2022-02-11,1660,1690,1645,1675,279598,0.009036144578313143
2022-02-14,1645,1725,1630,1715,578970,0.023880597014925398
2022-02-15,1725,1825,1720,1730,1287111,0.008746355685131268
2022-02-16,1755,1775,1735,1770,521032,0.023121387283236983
2022-02-17,1820,1840,1755,1770,719195,0.0
2022-02-18,1770,1770,1730,1765,211082,-0.0028248587570621764
2022-02-21,1745,1770,1715,1765,174238,0.0
2022-02-22,1725,1750,1715,1735,185531,-0.016997167138810165
2022-02-23,1725,1760,1720,1760,138504,0.014409221902017322
2022-02-24,1735,1760,1695,1695,256356,-0.03693181818181823
2022-02-25,1730,1740,1700,1730,152860,0.020648967551622377
2022-02-28,1715,1730,1705,1720,181262,-0.005780346820809301
2022-03-02,1715,1720,1700,1720,142920,0.0
2022-03-03,1735,1735,1710,1715,135106,-0.0029069767441860517
2022-03-04,1715,1720,1685,1695,161856,-0.011661807580174877
2022-03-07,1680,1690,1660,1660,157314,-0.020648967551622377
2022-03-08,1660,1670,1640,1645,97239,-0.009036144578313254
2022-03-10,1680,1680,1650,1665,97262,0.012158054711246091
2022-03-11,1655,1680,1625,1645,244368,-0.012012012012011963
2022-03-14,1635,1655,1635,1650,92430,0.003039513677811634
2022-03-15,1650,1655,1635,1640,58355,-0.0060606060606061
2022-03-16,1640,1655,1635,1645,124262,0.0030487804878047697
2022-03-17,1660,1725,1660,1715,435247,0.042553191489361764
2022-03-18,1715,1745,1700,1740,219790,0.014577259475218707
2022-03-21,1735,1765,1730,1755,221621,0.008620689655172376
2022-03-22,1750,1820,1740,1820,687732,0.03703703703703698
2022-03-23,1830,1840,1805,1830,319102,0.005494505494505475
2022-03-24,1830,1850,1810,1845,377357,0.008196721311475308
2022-03-25,1850,1855,1795,1845,419768,0.0
2022-03-28,1830,1900,1820,1885,679204,0.021680216802167918
2022-03-29,1890,1890,1855,1880,305165,-0.0026525198938992522
2022-03-30,1885,1885,1840,1865,358554,-0.007978723404255317
2022-03-31,1860,1920,1850,1905,613375,0.02144772117962468
2022-04-01,1910,1915,1860,1875,343674,-0.015748031496062964
2022-04-04,1885,1885,1860,1875,170358,0.0
2022-04-05,1870,1905,1865,1900,348425,0.01333333333333342
2022-04-06,1910,2025,1900,2025,3021049,0.06578947368421062
2022-04-07,2050,2140,2010,2080,4566912,0.02716049382716057
2022-04-08,2080,2085,1980,2045,990750,-0.016826923076923128
2022-04-11,2060,2085,1995,2020,693222,-0.012224938875305624
2022-04-12,2015,2020,1940,1945,688948,-0.03712871287128716
2022-04-13,1945,1990,1935,1990,437047,0.023136246786632286
2022-04-14,1990,2070,1975,2055,859795,0.03266331658291466
2022-04-15,2060,2375,2060,2290,9995511,0.11435523114355228
2022-04-18,2270,2310,2225,2250,1448751,-0.017467248908296984
2022-04-19,2255,2260,2165,2230,1841957,-0.008888888888888835
2022-04-20,2220,2310,2195,2260,1230670,0.013452914798206317
2022-04-21,2255,2255,2165,2220,834926,-0.017699115044247815
2022-04-22,2240,2345,2220,2300,1717351,0.03603603603603611
2022-04-25,2285,2290,2170,2170,1309598,-0.05652173913043479
2022-04-26,2175,2205,2085,2120,1263747,-0.02304147465437789
2022-04-27,2060,2080,2010,2030,787280,-0.04245283018867929
2022-04-28,2040,2055,2010,2020,495916,-0.0049261083743842304
2022-04-29,2035,2035,1980,2000,539181,-0.00990099009900991
2022-05-02,1980,2005,1955,1995,297717,-0.0024999999999999467
2022-05-03,1995,2000,1960,1985,439873,-0.005012531328320802
2022-05-04,2000,2035,1970,2035,491229,0.025188916876574208
2022-05-06,2010,2010,1970,1985,454619,-0.02457002457002455
2022-05-09,1985,1990,1885,1935,938266,-0.02518891687657432
2022-05-10,1920,1920,1845,1890,695185,-0.023255813953488413
2022-05-11,1890,1900,1830,1830,559214,-0.031746031746031744
2022-05-12,1830,1900,1805,1825,628448,-0.002732240437158473
2022-05-13,1820,1915,1810,1880,428772,0.03013698630136985
2022-05-16,1890,1900,1850,1890,308875,0.005319148936170137
2022-05-17,1890,1905,1870,1890,321390,0.0
2022-05-18,1890,1900,1855,1880,312477,-0.005291005291005346
2022-05-19,1850,1855,1770,1810,984973,-0.037234042553191515
2022-05-20,1810,1830,1790,1810,280563,0.0
2022-05-23,1805,1825,1760,1800,568716,-0.0055248618784530246
2022-05-24,1805,1815,1755,1765,487089,-0.019444444444444486
2022-05-25,1780,1790,1760,1785,161710,0.011331444759206777
2022-05-26,1785,1810,1765,1785,194823,0.0
2022-05-27,1805,1820,1790,1820,291149,0.019607843137254832
2022-05-30,1815,1835,1800,1810,337182,-0.005494505494505475
2022-05-31,1820,1825,1800,1805,508083,-0.002762430939226568
2022-06-02,1810,1825,1780,1780,307235,-0.013850415512465353
2022-06-03,1785,1805,1785,1800,159073,0.011235955056179803
2022-06-07,1795,1815,1780,1785,102882,-0.008333333333333304
2022-06-08,1795,1805,1780,1805,209904,0.011204481792717047
2022-06-09,1795,1800,1745,1765,494480,-0.02216066481994461
2022-06-10,1745,1770,1735,1770,310896,0.0028328611898016387
2022-06-13,1745,1750,1695,1720,472712,-0.02824858757062143
2022-06-14,1705,1720,1675,1715,281597,-0.0029069767441860517
2022-06-15,1705,1715,1635,1675,286631,-0.023323615160349864
2022-06-16,1695,1715,1675,1680,163324,0.0029850746268655914
2022-06-17,1680,1680,1615,1665,259690,-0.008928571428571397
2022-06-20,1670,1685,1615,1615,272191,-0.03003003003003002
2022-06-21,1630,1655,1615,1655,152522,0.024767801857585203
2022-06-22,1640,1665,1565,1575,478077,-0.048338368580060465
2022-06-23,1570,1590,1490,1500,800544,-0.04761904761904767
2022-06-24,1510,1555,1500,1555,177102,0.036666666666666625
2022-06-27,1565,1680,1555,1680,371543,0.08038585209003224
2022-06-28,1680,1720,1660,1720,270222,0.023809523809523725
2022-06-29,1710,1735,1670,1725,338156,0.0029069767441860517
2022-06-30,1730,1735,1650,1705,405953,-0.011594202898550732
2022-07-01,1700,1735,1670,1725,264508,0.011730205278592365
2022-07-04,1715,1730,1675,1700,240000,-0.01449275362318836
2022-07-05,1680,1720,1675,1710,143321,0.00588235294117645
2022-07-06,1695,1700,1640,1640,195618,-0.040935672514619936
2022-07-07,1675,1675,1615,1620,236699,-0.012195121951219523
2022-07-08,1640,1650,1615,1615,174735,-0.0030864197530864335
2022-07-11,1635,1640,1610,1615,85443,0.0
2022-07-12,1610,1610,1560,1580,271100,-0.021671826625387025
2022-07-13,1580,1610,1580,1605,140829,0.015822784810126667
2022-07-14,1590,1625,1580,1620,189351,0.009345794392523255
2022-07-15,1600,1610,1565,1595,87922,-0.015432098765432056
2022-07-18,1595,1645,1595,1625,139559,0.018808777429467183
2022-07-19,1620,1640,1620,1635,38742,0.006153846153846176
2022-07-20,1655,1675,1625,1640,179636,0.003058103975535076
2022-07-21,1640,1650,1630,1640,52056,0.0
2022-07-22,1640,1645,1610,1620,116668,-0.012195121951219523
2022-07-25,1620,1640,1610,1625,73018,0.0030864197530864335
2022-07-26,1625,1650,1615,1640,121201,0.009230769230769154
2022-07-27,1645,1645,1630,1640,80086,0.0
2022-07-28,1650,1665,1630,1645,150346,0.0030487804878047697
2022-07-29,1650,1685,1645,1680,223189,0.02127659574468077
2022-08-01,1680,1695,1665,1680,146589,0.0
2022-08-02,1685,1690,1670,1685,113460,0.0029761904761904656
2022-08-03,1685,1765,1680,1750,270708,0.03857566765578646
2022-08-04,1755,1770,1735,1755,157686,0.0028571428571428914
2022-08-05,1765,1775,1740,1775,270294,0.01139601139601143
2022-08-08,1755,1795,1755,1775,129589,0.0
2022-08-09,1765,1765,1725,1740,289887,-0.019718309859154903
2022-08-10,1740,1740,1680,1700,300084,-0.02298850574712641
2022-08-11,1710,1720,1670,1685,392611,-0.008823529411764675
2022-08-12,1690,1715,1680,1695,207152,0.005934718100890191
2022-08-16,1700,1705,1680,1690,216947,-0.002949852507374673
2022-08-17,1690,1700,1650,1670,294800,-0.011834319526627168
2022-08-18,1665,1670,1640,1670,77287,0.0
2022-08-19,1660,1675,1645,1650,120596,-0.0119760479041916
2022-08-22,1635,1655,1615,1630,159355,-0.012121212121212088
2022-08-23,1630,1635,1595,1615,262077,-0.009202453987730008
2022-08-24,1615,1640,1610,1630,236039,0.009287925696594534
2022-08-25,1625,1680,1625,1675,164708,0.027607361963190247
2022-08-26,1675,1685,1645,1655,151177,-0.011940298507462699
2022-08-29,1615,1630,1600,1615,189212,-0.024169184290030232
2022-08-30,1610,1650,1610,1620,163976,0.003095975232198178
2022-08-31,1620,1630,1610,1625,35406,0.0030864197530864335
2022-09-01,1635,1635,1595,1600,128426,-0.01538461538461533
2022-09-02,1600,1620,1600,1610,101754,0.006250000000000089
2022-09-05,1600,1610,1595,1605,172352,-0.0031055900621117516
2022-09-06,1600,1620,1600,1605,83609,0.0
2022-09-07,1615,1615,1575,1575,129442,-0.01869158878504673
2022-09-08,1580,1605,1575,1585,215911,0.006349206349206327
2022-09-13,1595,1635,1595,1630,132788,0.028391167192429068
2022-09-14,1605,1625,1580,1615,56522,-0.009202453987730008
2022-09-15,1610,1620,1595,1600,91260,-0.009287925696594423
2022-09-16,1600,1610,1580,1585,120774,-0.009375000000000022
2022-09-19,1575,1590,1550,1575,159982,-0.006309148264984188
2022-09-20,1565,1610,1565,1605,149524,0.01904761904761898
2022-09-21,1600,1630,1580,1630,255367,0.015576323987538832
2022-09-22,1620,1650,1575,1650,187971,0.012269938650306678
2022-09-23,1635,1635,1600,1600,107043,-0.030303030303030276
2022-09-26,1600,1600,1490,1510,321049,-0.05625000000000002
2022-09-27,1510,1530,1395,1440,954318,-0.04635761589403975
2022-09-28,1440,1440,1320,1375,991871,-0.04513888888888884
2022-09-29,1385,1420,1350,1360,528875,-0.010909090909090868
2022-09-30,1340,1350,1250,1330,1236322,-0.022058823529411797
2022-10-04,1350,1390,1350,1390,174027,0.04511278195488733
2022-10-05,1400,1420,1350,1390,306850,0.0
2022-10-06,1390,1400,1375,1390,210881,0.0
2022-10-07,1395,1450,1390,1450,259331,0.043165467625899234
2022-10-11,1425,1450,1390,1425,238106,-0.017241379310344862
2022-10-12,1425,1440,1405,1435,100052,0.007017543859649145
2022-10-13,1445,1445,1390,1435,181406,0.0
2022-10-14,1460,1460,1415,1435,248503,0.0
2022-10-17,1420,1435,1400,1430,40018,-0.0034843205574912606
2022-10-18,1430,1445,1420,1430,121381,0.0
2022-10-19,1445,1450,1425,1430,81465,0.0
2022-10-20,1420,1435,1400,1415,55706,-0.010489510489510523
2022-10-21,1415,1415,1385,1405,82783,-0.007067137809187329
2022-10-24,1405,1415,1385,1385,72396,-0.014234875444839812
2022-10-25,1380,1395,1365,1390,85434,0.0036101083032491488
2022-10-26,1385,1435,1350,1405,288234,0.010791366906474753
2022-10-27,1410,1445,1390,1440,239204,0.02491103202846978
2022-10-28,1430,1485,1420,1465,248473,0.01736111111111116
2022-10-31,1460,1490,1455,1480,75187,0.010238907849829282
2022-11-01,1495,1535,1470,1515,104498,0.023648648648648685
2022-11-02,1520,1530,1500,1500,91911,-0.00990099009900991
2022-11-03,1480,1525,1460,1520,98587,0.01333333333333342
2022-11-04,1520,1540,1490,1525,67257,0.00328947368421062
2022-11-07,1525,1525,1495,1520,96730,-0.003278688524590123
2022-11-08,1510,1535,1510,1525,73842,0.00328947368421062
2022-11-09,1525,1550,1525,1530,58825,0.003278688524590123
2022-11-10,1525,1550,1515,1550,63620,0.013071895424836555
2022-11-11,1565,1575,1545,1560,70933,0.006451612903225712
2022-11-14,1565,1570,1540,1560,93047,0.0
2022-11-15,1545,1565,1545,1560,50014,0.0
2022-11-16,1560,1560,1535,1540,78041,-0.012820512820512775
2022-11-17,1550,1555,1535,1540,29851,0.0
2022-11-18,1540,1550,1525,1545,43093,0.0032467532467532756
2022-11-21,1545,1570,1530,1545,41843,0.0
2022-11-22,1550,1565,1540,1545,37182,0.0
2022-11-23,1560,1560,1535,1550,54207,0.003236245954692629
2022-11-24,1565,1565,1535,1545,126678,-0.003225806451612856
2022-11-25,1545,1545,1515,1540,84799,-0.003236245954692518
2022-11-28,1540,1550,1515,1530,77319,-0.00649350649350644
2022-11-29,1520,1530,1510,1530,22792,0.0
2022-11-30,1520,1535,1510,1535,46647,0.0032679738562091387
2022-12-01,1535,1545,1525,1545,81621,0.006514657980456029
2022-12-02,1545,1545,1530,1545,56816,0.0
2022-12-05,1540,1555,1520,1525,63201,-0.012944983818770184
2022-12-06,1525,1535,1505,1525,40051,0.0
2022-12-07,1515,1525,1500,1500,69017,-0.016393442622950838
2022-12-08,1485,1495,1465,1490,146770,-0.00666666666666671
2022-12-09,1490,1505,1480,1505,50274,0.010067114093959662
2022-12-12,1510,1510,1485,1500,36807,-0.0033222591362126463
2022-12-13,1500,1520,1485,1515,68015,0.010000000000000009
2022-12-14,1520,1525,1505,1510,26580,-0.0033003300330033403
2022-12-15,1500,1515,1500,1500,19075,-0.0066225165562914245
2022-12-16,1495,1500,1480,1490,35553,-0.00666666666666671
2022-12-19,1490,1500,1475,1485,56499,-0.003355704697986628
2022-12-20,1485,1485,1470,1480,58866,-0.0033670033670033517
2022-12-21,1485,1490,1465,1465,67763,-0.010135135135135087
2022-12-22,1485,1485,1465,1480,21278,0.010238907849829282
2022-12-23,1480,1480,1375,1395,817444,-0.057432432432432456
2022-12-26,1415,1415,1385,1400,132488,0.0035842293906809264
2022-12-27,1390,1410,1375,1410,194666,0.0071428571428571175
2022-12-28,1400,1410,1380,1410,160300,0.0
2022-12-29,1405,1445,1370,1415,180747,0.0035460992907800915
2023-01-02,1415,1425,1380,1420,122338,0.0035335689045936647
2023-01-03,1385,1420,1385,1410,137464,-0.007042253521126751
2023-01-04,1410,1425,1390,1405,109874,-0.0035460992907800915
2023-01-05,1405,1435,1400,1425,133390,0.014234875444839812
2023-01-06,1415,1470,1415,1455,118624,0.021052631578947434
2023-01-09,1460,1505,1455,1485,88153,0.020618556701030855
2023-01-10,1485,1495,1465,1480,23418,-0.0033670033670033517
2023-01-11,1480,1505,1480,1500,90741,0.013513513513513598
2023-01-12,1505,1505,1490,1505,60341,0.0033333333333334103
2023-01-13,1505,1520,1480,1505,135124,0.0
2023-01-16,1505,1545,1490,1530,123250,0.01661129568106312
2023-01-17,1515,1530,1500,1520,72445,-0.006535947712418277
2023-01-18,1520,1525,1500,1525,92832,0.00328947368421062
2023-01-19,1530,1540,1520,1530,102258,0.003278688524590123
2023-01-20,1535,1555,1530,1535,78825,0.0032679738562091387
2023-01-25,1535,1550,1527,1548,84577,0.008469055374592749
2023-01-26,1555,1563,1531,1560,95163,0.007751937984496138
2023-01-27,1565,1583,1553,1583,156799,0.014743589743589691
2023-01-30,1580,1599,1580,1594,141511,0.006948831332912242
2023-01-31,1594,1645,1594,1632,232422,0.023839397741530766
2023-02-01,1632,1650,1616,1630,83918,-0.001225490196078427
2023-02-02,1630,1641,1614,1615,141735,-0.009202453987730008
2023-02-03,1620,1640,1587,1598,99618,-0.010526315789473717
2023-02-06,1585,1600,1566,1599,114160,0.0006257822277846437
2023-02-07,1582,1600,1555,1565,189625,-0.021263289555972453
2023-02-08,1585,1585,1561,1577,46906,0.007667731629392938
2023-02-09,1577,1590,1577,1585,71307,0.005072923272035457
2023-02-10,1590,1593,1565,1585,38612,0.0
2023-02-13,1590,1592,1581,1589,27932,0.0025236593059936308
2023-02-14,1589,1605,1583,1593,66358,0.0025173064820642743
2023-02-15,1586,1609,1560,1592,169290,-0.0006277463904582614
2023-02-16,1603,1603,1577,1580,71721,-0.007537688442211032
2023-02-17,1557,1578,1525,1564,180725,-0.010126582278481067
2023-02-20,1564,1569,1538,1563,112414,-0.0006393861892582953
2023-02-21,1552,1569,1552,1554,62069,-0.0057581573896353655
2023-02-22,1553,1553,1534,1549,70411,-0.003217503217503248
2023-02-23,1550,1600,1541,1590,193048,0.02646868947708203
2023-02-24,1582,1622,1579,1590,173632,0.0
2023-02-27,1586,1613,1570,1587,91528,-0.0018867924528301883
2023-02-28,1580,1587,1570,1577,120244,-0.006301197227473243
2023-03-02,1575,1600,1570,1580,89617,0.0019023462270133518
2023-03-03,1580,1598,1555,1555,153524,-0.015822784810126556
2023-03-06,1555,1587,1540,1545,178938,-0.006430868167202619
2023-03-07,1540,1558,1526,1543,206210,-0.0012944983818770073
2023-03-08,1539,1539,1515,1522,100862,-0.013609850939727774
2023-03-09,1517,1527,1516,1526,91254,0.0026281208935610145
2023-03-10,1523,1526,1499,1517,133339,-0.005897771952817821
2023-03-13,1486,1515,1475,1481,206145,-0.02373104812129201
2023-03-14,1481,1495,1369,1384,539035,-0.06549628629304527
2023-03-15,1400,1407,1367,1398,299188,0.01011560693641611
2023-03-16,1399,1399,1375,1380,92243,-0.012875536480686733
2023-03-17,1380,1396,1377,1379,80183,-0.0007246376811593791
2023-03-20,1401,1401,1379,1382,105584,0.002175489485134241
2023-03-21,1395,1426,1388,1394,281414,0.00868306801736618
2023-03-22,1391,1409,1386,1393,96811,-0.0007173601147776321
2023-03-23,1393,1393,1376,1384,87017,-0.006460875807609456
2023-03-24,1384,1403,1368,1398,97899,0.01011560693641611
2023-03-27,1392,1397,1367,1371,155845,-0.01931330472102999
2023-03-28,1373,1393,1373,1386,67100,0.010940919037199182
2023-03-29,1389,1417,1386,1416,115133,0.02164502164502169
2023-03-30,1405,1480,1405,1468,145072,0.03672316384180796
2023-03-31,1461,1488,1461,1474,143201,0.004087193460490468
2023-04-03,1467,1485,1461,1461,102392,-0.008819538670284954
2023-04-04,1462,1480,1442,1460,116675,-0.000684462696783017
2023-04-05,1460,1515,1448,1481,104853,0.014383561643835696
2023-04-06,1481,1481,1448,1472,98816,-0.006076975016880537
2023-04-07,1471,1471,1450,1455,66245,-0.01154891304347827
2023-04-10,1455,1485,1440,1461,111802,0.004123711340206171
2023-04-11,1461,1497,1447,1497,124350,0.024640657084188833
2023-04-12,1490,1531,1490,1530,148927,0.022044088176352616
2023-04-13,1523,1574,1523,1566,282676,0.0235294117647058
2023-04-14,1559,1578,1555,1564,128097,-0.0012771392081737387
2023-04-17,1557,1563,1551,1560,64071,-0.002557544757033292
2023-04-18,1561,1580,1555,1565,102788,0.0032051282051281937
2023-04-19,1565,1573,1557,1564,97392,-0.0006389776357828003
2023-04-20,1560,1567,1547,1547,81038,-0.010869565217391353
2023-04-21,1547,1550,1521,1530,118858,-0.01098901098901095
2023-04-24,1530,1549,1505,1518,131909,-0.007843137254901933
2023-04-25,1518,1546,1515,1526,120659,0.005270092226614009
2023-04-26,1526,1574,1520,1553,153258,0.017693315858453573
2023-04-27,1557,1567,1551,1564,52062,0.007083065035415226
2023-04-28,1570,1570,1545,1550,96805,-0.008951406649616356
2023-05-02,1550,1575,1538,1548,52744,-0.001290322580645209
2023-05-03,1558,1574,1530,1532,64043,-0.01033591731266148
2023-05-04,1540,1545,1513,1523,86327,-0.005874673629242766
2023-05-08,1535,1648,1535,1621,651637,0.06434668417596856
2023-05-09,1639,1728,1630,1728,983242,0.06600863664404688
2023-05-10,1739,1807,1739,1745,746969,0.00983796296296302
2023-05-11,1750,1750,1710,1738,276092,-0.0040114613180515235
2023-05-12,1721,1731,1682,1718,274253,-0.011507479861910253
2023-05-15,1705,1705,1665,1678,178662,-0.023282887077997638
2023-05-16,1664,1680,1664,1672,65644,-0.0035756853396901045
2023-05-17,1666,1687,1666,1687,51821,0.008971291866028741
2023-05-18,1679,1690,1677,1689,116403,0.0011855364552459946
2023-05-19,1689,1695,1672,1685,152917,-0.002368265245707546
2023-05-22,1719,1719,1657,1667,273078,-0.010682492581602365
2023-05-23,1667,1684,1657,1676,134724,0.005398920215956782
2023-05-24,1672,1679,1667,1679,72209,0.0017899761336515052
2023-05-25,1679,1694,1675,1686,113800,0.004169148302560988
2023-05-26,1686,1695,1672,1688,81559,0.0011862396204034287
2023-05-30,1683,1724,1683,1696,195098,0.004739336492890933
2023-05-31,1696,1750,1696,1743,186147,0.0277122641509433
2023-06-01,1761,1763,1720,1736,104450,-0.004016064257028162
2023-06-02,1725,1745,1723,1732,68289,-0.0023041474654378336
2023-06-05,1730,1750,1726,1739,66996,0.004041570438799047
2023-06-07,1739,1758,1739,1748,126455,0.005175388154111449
2023-06-08,1760,1799,1749,1787,184955,0.02231121281464521
2023-06-09,1790,1835,1775,1812,270903,0.013989927252378243
2023-06-12,1825,1885,1805,1812,567400,0.0
2023-06-13,1803,1844,1801,1837,211045,0.013796909492273635
2023-06-14,1837,1849,1800,1831,190602,-0.003266194882961315
2023-06-15,1826,1855,1801,1846,185646,0.008192244675040872
2023-06-16,1846,1862,1823,1846,103789,0.0
2023-06-19,1843,1843,1700,1814,355736,-0.017334777898158182
2023-06-20,1814,1814,1763,1765,235246,-0.027012127894156523
2023-06-21,1785,1795,1749,1768,156233,0.0016997167138810276
2023-06-22,1762,1768,1708,1726,306393,-0.02375565610859731
2023-06-23,1726,1727,1702,1725,103875,-0.0005793742757821407
2023-06-26,1725,1739,1709,1727,62913,0.001159420289855051
2023-06-27,1715,1729,1711,1724,79921,-0.0017371163867979655
2023-06-28,1715,1724,1695,1723,158583,-0.0005800464037123421
2023-06-29,1723,1729,1681,1724,221712,0.0005803830528148257
2023-06-30,1724,1747,1708,1743,81923,0.011020881670533722
2023-07-03,1743,1813,1726,1799,238886,0.032128514056224855
2023-07-04,1811,1819,1795,1818,95392,0.010561423012784843
2023-07-05,1812,1824,1795,1803,75352,-0.008250825082508295
2023-07-06,1803,1809,1755,1803,200517,0.0
2023-07-07,1803,1803,1751,1766,205942,-0.020521353300055445
2023-07-10,1766,1787,1681,1768,284251,0.0011325028312569874
2023-07-11,1768,1788,1758,1764,137623,-0.002262443438914019
2023-07-12,1764,1764,1755,1760,35823,-0.0022675736961451642
2023-07-13,1770,1785,1717,1733,133256,-0.015340909090909127
2023-07-14,1733,1760,1630,1701,213688,-0.018465089440277027
2023-07-17,1701,1715,1676,1684,130754,-0.009994121105232234
2023-07-18,1684,1699,1669,1691,109594,0.004156769596199483
2023-07-19,1691,1698,1654,1672,88223,-0.011235955056179803
2023-07-20,1672,1675,1640,1646,110407,-0.015550239234449759
2023-07-21,1650,1700,1630,1668,172596,0.013365735115431265
2023-07-24,1668,1668,1585,1661,300572,-0.004196642685851293
2023-07-25,1661,1661,1590,1610,220306,-0.030704394942805524
2023-07-26,1610,1619,1558,1579,186397,-0.019254658385093215
2023-07-27,1579,1608,1570,1601,119491,0.013932868904369844
2023-07-28,1590,1640,1590,1608,150469,0.004372267332916957
2023-07-31,1605,1641,1545,1629,128342,0.013059701492537323
2023-08-01,1613,1640,1613,1635,57233,0.0036832412523020164
2023-08-02,1635,1637,1624,1635,27707,0.0
2023-08-03,1623,1645,1580,1632,95879,-0.0018348623853210455
2023-08-04,1630,1665,1611,1664,142611,0.019607843137254832
2023-08-07,1657,1743,1633,1743,204036,0.04747596153846145
2023-08-08,1727,1779,1727,1755,134715,0.0068846815834766595
2023-08-09,1755,1757,1725,1738,109038,-0.009686609686609726
2023-08-10,1725,1737,1701,1732,157027,-0.0034522439585730202
2023-08-11,1720,1747,1720,1740,69160,0.004618937644341736
2023-08-14,1755,1765,1717,1743,292310,0.0017241379310344307
2023-08-16,1712,1743,1712,1732,103201,-0.006310958118187049
2023-08-17,1715,1725,1672,1699,128774,-0.019053117782909967
2023-08-18,1682,1713,1628,1692,150803,-0.004120070629782258
2023-08-21,1692,1723,1680,1711,117445,0.011229314420803771
2023-08-22,1711,1789,1705,1779,310267,0.039742840444184635
2023-08-23,1762,1835,1762,1830,471184,0.02866779089376048
2023-08-24,1825,1840,1770,1786,323472,-0.024043715846994496
2023-08-25,1756,1779,1752,1755,128093,-0.017357222844344933
2023-08-28,1755,1819,1755,1802,148277,0.02678062678062676
2023-08-29,1782,1843,1782,1800,143709,-0.0011098779134295356
2023-08-30,1791,1800,1755,1780,160329,-0.011111111111111072
2023-08-31,1772,1794,1751,1766,88005,-0.00786516853932584
2023-09-01,1765,1770,1750,1765,113575,-0.0005662514156284937
2023-09-04,1772,1778,1747,1764,86840,-0.0005665722379603055
2023-09-05,1756,1769,1751,1764,39937,0.0
2023-09-06,1751,1768,1748,1763,40903,-0.0005668934240362633
2023-09-07,1756,1767,1742,1765,47292,0.0011344299489506326
2023-09-08,1752,1791,1736,1784,160124,0.01076487252124636
2023-09-11,1783,1819,1782,1800,173093,0.008968609865470878
2023-09-12,1792,1816,1760,1771,111099,-0.016111111111111076
2023-09-13,1765,1795,1756,1770,119695,-0.0005646527385657629
2023-09-14,1766,1794,1764,1794,89395,0.013559322033898313
2023-09-15,1796,1847,1796,1842,753908,0.026755852842809347
2023-09-18,1950,2390,1855,2390,11680062,0.2975027144408251
2023-09-19,2680,3105,2565,3105,78086108,0.2991631799163179
2023-09-20,3165,3245,2705,2830,26194924,-0.08856682769726243
2023-09-21,2790,3035,2675,2800,26619578,-0.010600706713780883
2023-09-22,2775,2875,2595,2620,8967526,-0.06428571428571428
2023-09-25,2790,2990,2605,2615,22110514,-0.001908396946564861
2023-09-26,2600,2830,2595,2795,13276064,0.06883365200764824
2023-09-27,2720,2875,2700,2790,6976696,-0.0017889087656529634
2023-10-04,2800,2845,2705,2705,3667114,-0.03046594982078854
2023-10-05,2705,2875,2705,2770,6136554,0.02402957486136792
2023-10-06,2790,2890,2710,2890,4428367,0.04332129963898912
2023-10-10,2910,3000,2720,2770,6967756,-0.04152249134948094
2023-10-11,2800,2990,2780,2895,6303475,0.045126353790613694
2023-10-12,2905,2955,2775,2850,3888139,-0.015544041450777257
2023-10-13,2850,2900,2680,2750,4229418,-0.03508771929824561
2023-10-16,2745,2800,2555,2555,3058460,-0.07090909090909092
2023-10-17,2600,2615,2445,2475,2587632,-0.03131115459882583
2023-10-18,2450,2485,2410,2430,1393408,-0.018181818181818188
2023-10-19,2405,2445,2325,2350,1316918,-0.03292181069958844
2023-10-20,2315,2330,2205,2260,1712460,-0.03829787234042559
2023-10-23,2250,2310,2215,2230,865889,-0.013274336283185861
2023-10-24,2255,2295,2200,2255,1052376,0.011210762331838486
2023-10-25,2265,2460,2265,2405,2191892,0.06651884700665178
2023-10-26,2360,2415,2315,2355,926179,-0.02079002079002079
2023-10-27,2330,2590,2315,2315,3651266,-0.01698513800424628
2023-10-30,2280,2365,2220,2355,729383,0.017278617710583255
2023-10-31,2355,2460,2340,2395,1151852,0.01698513800424628
2023-11-01,2405,2450,2370,2405,600824,0.0041753653444676075
2023-11-02,2410,2435,2375,2435,623551,0.012474012474012364
2023-11-03,2435,2450,2360,2425,592893,-0.004106776180698102
2023-11-06,2390,2495,2385,2445,893626,0.008247422680412342
2023-11-07,2425,2450,2310,2330,901764,-0.04703476482617586
2023-11-08,2325,2355,2270,2345,553315,0.006437768240343367
2023-11-09,2310,2455,2310,2435,596078,0.03837953091684443
2023-11-10,2405,2515,2395,2460,1187587,0.010266940451745477
2023-11-13,2455,2540,2420,2495,805945,0.014227642276422703
2023-11-14,2460,2620,2460,2575,1105986,0.03206412825651306
2023-11-15,2690,2700,2505,2545,1887573,-0.011650485436893177
2023-11-16,2540,2560,2495,2500,521929,-0.017681728880157177
2023-11-17,2490,2495,2345,2425,995365,-0.030000000000000027
2023-11-20,2400,2475,2385,2440,575269,0.006185567010309256
2023-11-21,2435,2465,2410,2450,377222,0.004098360655737654
2023-11-22,2430,2440,2340,2370,717647,-0.03265306122448974
2023-11-23,2370,2405,2350,2375,308596,0.0021097046413502962
2023-11-24,2380,2435,2345,2360,617521,-0.0063157894736841635
2023-11-27,2355,2385,2335,2345,310722,-0.006355932203389814
2023-11-28,2360,2365,2315,2340,252176,-0.002132196162046962
2023-11-29,2335,2335,2280,2290,557246,-0.021367521367521403
2023-11-30,2290,2335,2255,2335,449596,0.01965065502183405
2023-12-01,2330,2360,2305,2355,252165,0.008565310492505418
2023-12-04,2365,2365,2310,2340,327007,-0.006369426751592355
2023-12-05,2330,2365,2320,2335,249713,-0.002136752136752129
2023-12-06,2345,2435,2345,2410,780912,0.032119914346895095
2023-12-07,2415,2420,2370,2370,369386,-0.016597510373444035
2023-12-08,2380,2385,2330,2360,242558,-0.00421940928270037
2023-12-11,2345,2380,2300,2320,588277,-0.016949152542372836
2023-12-12,2325,2335,2300,2320,207810,0.0
2023-12-13,2320,2330,2255,2280,393170,-0.017241379310344862
2023-12-14,2285,2310,2225,2240,412492,-0.01754385964912286
2023-12-15,2245,2295,2210,2220,497553,-0.008928571428571397
2023-12-18,2220,2295,2220,2245,308463,0.011261261261261257
2023-12-19,2230,2315,2230,2305,320699,0.026726057906458767
2023-12-20,2315,2395,2300,2375,427304,0.030368763557483636
2023-12-21,2360,2405,2325,2330,267890,-0.0189473684210526
2023-12-22,2335,2350,2295,2295,245863,-0.015021459227467782
2023-12-26,2290,2315,2270,2310,251283,0.006535947712418277
2023-12-27,2310,2325,2270,2320,191990,0.0043290043290042934
2023-12-28,2340,2410,2315,2390,466074,0.030172413793103425
2024-01-02,2395,2400,2345,2395,233739,0.0020920502092049986
2024-01-03,2385,2395,2360,2365,178011,-0.012526096033402934
2024-01-04,2385,2445,2360,2410,397005,0.019027484143763207
2024-01-05,2445,2445,2365,2375,280861,-0.014522821576763434
2024-01-08,2355,2400,2320,2365,368444,-0.004210526315789442
2024-01-09,2350,2460,2350,2460,407249,0.04016913319238902
2024-01-10,2460,2565,2445,2475,662435,0.0060975609756097615
2024-01-11,2495,2495,2410,2415,299758,-0.024242424242424288
2024-01-12,2390,2480,2390,2470,310634,0.022774327122153215
2024-01-15,2475,2545,2425,2525,480618,0.022267206477732726
2024-01-16,2505,2570,2490,2500,457237,-0.00990099009900991
2024-01-17,2500,2500,2450,2485,246807,-0.006000000000000005
2024-01-18,2455,2500,2410,2455,313903,-0.012072434607645843
2024-01-19,2460,2495,2425,2450,189530,-0.0020366598778004397
2024-01-22,2450,2475,2365,2390,374024,-0.024489795918367308
2024-01-23,2410,2410,2335,2335,262226,-0.023012552301255207
2024-01-24,2325,2375,2305,2345,263952,0.004282655246252709
2024-01-25,2375,2380,2330,2365,119641,0.008528784648187626
2024-01-26,2375,2445,2350,2395,454455,0.012684989429175397
2024-01-29,2375,2395,2265,2370,805283,-0.01043841336116913
2024-01-30,2345,2485,2340,2465,687308,0.040084388185654074
2024-01-31,2435,2530,2420,2525,537178,0.024340770791074995
2024-02-01,2520,2840,2490,2610,10442656,0.03366336633663369
2024-02-02,2630,2690,2565,2670,1626622,0.02298850574712641
2024-02-05,2655,2695,2560,2620,704118,-0.01872659176029967
2024-02-06,2595,2645,2545,2545,651450,-0.028625954198473247
2024-02-07,2540,2695,2530,2685,731496,0.05500982318271119
2024-02-08,2700,2710,2585,2595,812465,-0.03351955307262566
2024-02-13,2690,3370,2660,3370,38268790,0.2986512524084779
2024-02-14,3405,3545,3210,3375,37203237,0.0014836795252226587
2024-02-15,3330,3390,3150,3375,13772778,0.0
2024-02-16,3595,3670,3280,3360,14605593,-0.004444444444444473
2024-02-19,3255,3390,3210,3300,2900499,-0.017857142857142905
2024-02-20,3225,3300,3170,3220,1893250,-0.024242424242424288
2024-02-21,3250,3345,3210,3280,2816659,0.01863354037267073
2024-02-22,3280,3300,3130,3155,1767920,-0.038109756097560954
2024-02-23,3130,3170,3050,3050,2316313,-0.033280507131537296
2024-02-26,3005,3020,2895,2945,1619740,-0.03442622950819674
2024-02-27,2940,2965,2780,2795,1709459,-0.05093378607809851
2024-02-28,2790,2855,2750,2845,1068666,0.017889087656529412
2024-02-29,2830,2950,2820,2860,1044107,0.005272407732864748
2024-03-04,2855,2930,2840,2860,685376,0.0
2024-03-05,2860,2970,2850,2900,955878,0.013986013986013957
2024-03-06,2900,2920,2825,2875,580919,-0.008620689655172376
2024-03-07,2875,2895,2805,2820,315015,-0.019130434782608674
2024-03-08,2820,2850,2750,2810,612069,-0.0035460992907800915
2024-03-11,2810,2825,2760,2775,303928,-0.01245551601423489
2024-03-12,2795,2795,2700,2770,583387,-0.0018018018018017834
2024-03-13,2770,2840,2745,2765,583096,-0.0018050541516245744
2024-03-14,2780,2970,2770,2960,1003928,0.07052441229656425
2024-03-15,2910,2960,2850,2865,892997,-0.03209459459459463
2024-03-18,2910,2975,2850,2880,824881,0.005235602094240788
2024-03-19,2905,2915,2850,2860,398357,-0.00694444444444442
2024-03-20,2850,2895,2790,2790,477114,-0.02447552447552448
2024-03-21,2780,2850,2755,2805,498603,0.005376344086021501
2024-03-22,2825,2940,2780,2865,637609,0.021390374331550888
2024-03-25,2970,2970,2810,2820,433738,-0.015706806282722474
2024-03-26,2825,2885,2820,2875,291555,0.019503546099290725
2024-03-27,2875,2895,2825,2840,319088,-0.012173913043478257
2024-03-28,2845,2880,2795,2800,339107,-0.014084507042253502
2024-03-29,2795,3630,2770,3195,17623270,0.14107142857142851
2024-04-01,3095,3145,3020,3115,3511737,-0.025039123630672955
2024-04-02,3045,3060,2855,2865,2168610,-0.0802568218298555
2024-04-03,2805,2875,2750,2850,1237669,-0.005235602094240788
2024-04-04,2825,2885,2820,2855,471084,0.0017543859649122862
2024-04-05,2810,2920,2810,2880,522355,0.008756567425569184
2024-04-08,2880,3390,2875,3035,12421831,0.05381944444444442
2024-04-09,3000,3440,3000,3245,16285116,0.06919275123558477
2024-04-11,3160,3370,3100,3260,3742972,0.0046224961479199855
2024-04-12,3215,3360,3210,3270,2490898,0.0030674846625766694
2024-04-15,3150,3275,3140,3220,893147,-0.015290519877675823
2024-04-16,3185,3260,3145,3245,815612,0.007763975155279601
2024-04-17,3245,3295,3130,3145,857812,-0.03081664098613246
2024-04-18,3145,3455,3135,3195,2547753,0.015898251192368873
2024-04-19,3215,3325,3080,3190,2051597,-0.0015649452269170805
2024-04-22,3180,3290,3170,3265,1290153,0.023510971786833812
2024-04-23,3265,3885,3260,3850,35033326,0.1791730474732005
2024-04-24,3810,3960,3775,3795,10681831,-0.014285714285714235
2024-04-25,3975,4035,3695,3745,9051864,-0.013175230566534912
2024-04-26,3705,3730,3500,3530,3720042,-0.057409879839786404
2024-04-29,3480,3560,3455,3525,1498656,-0.0014164305949008194
2024-04-30,3480,3485,3400,3465,1276680,-0.017021276595744705
2024-05-02,3440,3445,3350,3355,1009668,-0.031746031746031744
2024-05-03,3345,3425,3320,3370,858461,0.0044709388971684305
2024-05-07,3350,3395,3310,3390,733931,0.005934718100890191
2024-05-08,3390,3450,3375,3440,801256,0.014749262536873253
2024-05-09,3440,3470,3390,3470,828604,0.008720930232558155
2024-05-10,3450,3515,3400,3400,1249347,-0.02017291066282423
2024-05-13,3375,3410,3330,3375,603070,-0.007352941176470562
2024-05-14,3350,3435,3320,3400,803231,0.007407407407407307
2024-05-16,3410,3545,3405,3530,1533973,0.038235294117647145
2024-05-17,3500,3520,3400,3460,920900,-0.019830028328611915
2024-05-20,3460,3530,3430,3455,736017,-0.0014450867052022698
2024-05-21,3475,3490,3375,3410,507481,-0.013024602026049159
2024-05-22,3375,3475,3360,3400,509350,-0.0029325513196480912
2024-05-23,3380,3415,3355,3385,328157,-0.004411764705882337
2024-05-24,3345,3400,3325,3340,559686,-0.013293943870014813
2024-05-27,3345,3395,3240,3245,916696,-0.02844311377245512
2024-05-28,3240,3330,3175,3250,959820,0.0015408320493066618
2024-05-29,3250,3310,3225,3225,411732,-0.007692307692307665
2024-05-30,3185,3245,3150,3155,552646,-0.02170542635658912
2024-05-31,3155,3225,3100,3125,695340,-0.009508716323296307
2024-06-03,3130,3185,3065,3120,694756,-0.0016000000000000458
2024-06-04,3090,3170,3080,3165,396907,0.014423076923076872
2024-06-05,3165,3320,3165,3190,537034,0.00789889415481837
2024-06-07,3195,3430,3195,3390,1205623,0.06269592476489039
2024-06-10,3410,3630,3380,3625,1882018,0.06932153392330376
2024-06-11,3625,3785,3600,3755,1977108,0.035862068965517135
2024-06-12,3780,3805,3550,3610,1740067,-0.038615179760319585
2024-06-13,3640,3690,3570,3630,1045434,0.005540166204986097
2024-06-14,3625,3730,3590,3675,716975,0.012396694214876103
2024-06-17,3665,3705,3635,3680,391469,0.0013605442176871652
2024-06-18,3670,3830,3670,3770,914432,0.024456521739130377
2024-06-19,3780,3975,3775,3950,1592161,0.04774535809018565
2024-06-20,3945,4040,3880,3970,1200820,0.005063291139240533
2024-06-21,3970,4075,3920,4040,961196,0.017632241813602123
2024-06-24,4050,4065,3915,3990,1142576,-0.012376237623762387
2024-06-25,4000,4020,3865,3990,772644,0.0
2024-06-26,4015,4090,3950,4000,555869,0.0025062656641603454
2024-06-27,3830,3985,3650,3815,1715155,-0.04625000000000001
2024-06-28,3815,3835,2900,2915,13040315,-0.23591087811271294
2024-07-01,2830,2915,2705,2705,4492209,-0.07204116638078906
2024-07-02,2505,2700,2505,2615,6178072,-0.03327171903881698
2024-07-03,2635,2825,2615,2755,3683957,0.053537284894837445
2024-07-04,2760,2760,2655,2720,1093490,-0.012704174228675091
2024-07-05,2720,2810,2685,2705,903915,-0.005514705882352922
2024-07-08,2705,2745,2690,2710,671330,0.001848428835489857
2024-07-09,2710,2800,2710,2770,893817,0.022140221402213944
2024-07-10,2775,2935,2755,2895,1506060,0.045126353790613694
2024-07-11,2890,2950,2840,2845,1024996,-0.01727115716753025
2024-07-12,2850,2885,2810,2850,510644,0.0017574692442883233
2024-07-15,2850,2905,2835,2890,377834,0.01403508771929829
2024-07-16,2880,2900,2825,2840,514058,-0.01730103806228378
2024-07-17,2855,2880,2800,2815,383181,-0.008802816901408494
2024-07-18,2775,2840,2735,2825,433622,0.003552397868561208
2024-07-19,2825,2835,2770,2785,339248,-0.01415929203539823
2024-07-22,2755,2800,2715,2760,279956,-0.008976660682226245
2024-07-23,2760,2795,2750,2750,252208,-0.0036231884057971175
2024-07-24,2750,2780,2725,2730,218026,-0.0072727272727273196
2024-07-25,2710,2760,2585,2745,391863,0.005494505494505475
2024-07-26,2750,2780,2735,2745,216798,0.0
2024-07-29,2745,2770,2715,2735,243361,-0.0036429872495445936
2024-07-30,2715,2740,2695,2700,392686,-0.012797074954296161
2024-07-31,2700,2920,2700,2825,1579480,0.04629629629629628
2024-08-01,2815,2985,2810,2925,1221169,0.03539823008849563
2024-08-02,2925,2930,2785,2800,578579,-0.042735042735042694
2024-08-05,2745,2800,2515,2560,1104126,-0.08571428571428574
2024-08-06,2560,2700,2555,2655,586106,0.037109375
2024-08-07,2700,2750,2665,2730,347571,0.02824858757062154
2024-08-08,2710,2755,2685,2685,203670,-0.016483516483516536
2024-08-09,2720,2815,2715,2785,371214,0.03724394785847296
2024-08-12,2770,2885,2770,2860,384789,0.026929982046678624
2024-08-13,2870,2875,2815,2835,261287,-0.00874125874125875
2024-08-14,2850,2880,2800,2830,313820,-0.0017636684303351524
2024-08-16,2835,2870,2750,2765,403002,-0.02296819787985871
2024-08-19,2790,2825,2750,2810,357906,0.016274864376130127
2024-08-20,2820,2880,2805,2855,369430,0.016014234875444844
2024-08-21,2845,2855,2770,2775,312766,-0.028021015761821366
2024-08-22,2775,2795,2720,2740,245410,-0.012612612612612595
2024-08-23,2740,2745,2695,2710,185208,-0.010948905109489093
2024-08-26,2735,2735,2645,2670,282455,-0.014760147601476037
2024-08-27,2675,2730,2620,2710,262923,0.014981273408239737
2024-08-28,2715,2740,2660,2680,222433,-0.011070110701106972
2024-08-29,2680,2740,2645,2730,268519,0.018656716417910557
2024-08-30,2705,2745,2680,2700,208568,-0.01098901098901095
2024-09-02,2725,2730,2670,2680,143147,-0.007407407407407418
2024-09-03,2690,2740,2680,2710,208012,0.011194029850746245
2024-09-04,2685,2695,2615,2630,276622,-0.029520295202952074
2024-09-05,2645,2665,2580,2580,234862,-0.019011406844106515
2024-09-06,2585,2600,2495,2530,377068,-0.019379844961240345
2024-09-09,2500,2580,2410,2565,243428,0.01383399209486158
2024-09-10,2545,2590,2515,2525,157883,-0.015594541910331383
2024-09-11,2525,2545,2400,2450,265777,-0.02970297029702973
2024-09-12,2450,2565,2450,2565,190599,0.04693877551020398
2024-09-13,2565,2580,2525,2545,99177,-0.007797270955165692
2024-09-19,2540,2560,2500,2535,139780,-0.003929273084479323
2024-09-20,2540,2600,2535,2590,160081,0.021696252465483346
2024-09-23,2590,2595,2530,2545,138169,-0.01737451737451734
2024-09-24,2545,2545,2475,2510,246582,-0.013752455795677854
2024-09-25,2510,2520,2440,2455,231490,-0.021912350597609542
2024-09-26,2490,2570,2450,2525,496454,0.02851323828920571
2024-09-27,2520,2555,2515,2545,148362,0.007920792079207928
2024-09-30,2545,2580,2505,2520,169917,-0.00982318271119842
2024-10-02,2500,2520,2415,2425,266974,-0.037698412698412676
2024-10-04,2405,2455,2330,2345,482372,-0.03298969072164948
2024-10-07,2345,2370,2310,2345,385466,0.0
2024-10-08,2305,2340,2185,2235,1152649,-0.046908315565031944
2024-10-10,2235,2240,2175,2180,555765,-0.02460850111856827
2024-10-11,2185,2280,2175,2250,539047,0.032110091743119185
2024-10-14,2270,2385,2250,2380,457585,0.057777777777777706
2024-10-15,2380,2390,2345,2375,207936,-0.0021008403361344463
2024-10-16,2360,2405,2360,2360,147906,-0.0063157894736841635
2024-10-17,2360,2385,2300,2305,224958,-0.02330508474576276
2024-10-18,2290,2330,2255,2280,199523,-0.010845986984815648
2024-10-21,2300,2305,2260,2285,126770,0.002192982456140413
2024-10-22,2285,2290,2225,2240,158804,-0.01969365426695846
2024-10-23,2260,2270,2215,2250,227838,0.0044642857142858094
2024-10-24,2225,2250,2195,2195,222727,-0.02444444444444449
2024-10-25,2195,2220,2150,2195,357770,0.0
2024-10-28,2190,2225,2175,2215,74570,0.009111617312072884
2024-10-29,2205,2275,2205,2270,122538,0.02483069977426644
2024-10-30,2275,2285,2250,2275,83461,0.0022026431718060735
2024-10-31,2270,2285,2230,2270,138265,-0.00219780219780219
2024-11-01,2280,2350,2255,2320,200566,0.022026431718061623
2024-11-04,2320,2350,2285,2330,128726,0.004310344827586299
2024-11-05,2320,2330,2300,2330,72054,0.0
2024-11-06,2330,2355,2295,2330,193731,0.0
2024-11-07,2325,2335,2300,2310,114085,-0.008583690987124415
2024-11-08,2310,2325,2280,2295,171799,-0.00649350649350644
2024-11-11,2300,2340,2200,2210,262677,-0.03703703703703709
2024-11-12,2210,2240,2070,2075,763896,-0.06108597285067874
2024-11-13,2025,2085,1987,2000,1029721,-0.03614457831325302
2024-11-14,2010,2125,2010,2125,373353,0.0625
2024-11-15,2075,2125,2035,2080,236848,-0.02117647058823524
2024-11-18,2070,2140,2050,2050,248840,-0.014423076923076872
2024-11-19,2050,2075,1993,1994,423887,-0.02731707317073173
2024-11-20,1990,2010,1909,1953,1131283,-0.020561685055165535
2024-11-21,1931,1973,1926,1947,541542,-0.003072196620583667
2024-11-22,1950,2005,1947,1978,559103,0.01592193117616847
2024-11-25,1978,2050,1950,2045,374626,0.033872598584428815
2024-11-26,2025,2055,2000,2015,201453,-0.014669926650366705
2024-11-27,2005,2075,1997,2050,220292,0.017369727047146455
2024-11-28,2050,2080,2035,2050,158495,0.0
2024-11-29,2040,2050,2000,2035,161386,-0.007317073170731714
2024-12-02,2035,2055,1991,2050,187825,0.0073710073710073765
2024-12-03,2030,2120,2030,2085,180307,0.017073170731707332
2024-12-04,2015,2060,2000,2050,139648,-0.016786570743405282
2024-12-05,2065,2065,1990,2000,241648,-0.024390243902439046
2024-12-06,2000,2015,1950,1979,401354,-0.010499999999999954
2024-12-09,1979,1979,1814,1820,750163,-0.08034360788276906
2024-12-10,1820,1950,1818,1947,494271,0.06978021978021975
2024-12-11,1947,2020,1931,2000,242688,0.027221366204416952
2024-12-12,2000,2050,1997,2050,117698,0.02499999999999991
2024-12-13,2015,2055,2000,2045,121923,-0.0024390243902439046
2024-12-16,2045,2085,2035,2045,126032,0.0
2024-12-17,2040,2040,2000,2020,92354,-0.012224938875305624
2024-12-18,2005,2045,2005,2040,84091,0.00990099009900991
2024-12-19,2035,2070,1996,2010,90666,-0.014705882352941124
2024-12-20,2010,2020,1960,1988,258685,-0.010945273631840835
2024-12-23,1998,2060,1987,2045,240817,0.02867203219315906
2024-12-24,2050,2170,2025,2070,470398,0.012224938875305513
2024-12-26,2050,2120,2030,2055,208092,-0.007246376811594235
2024-12-27,2035,2070,1999,2030,162599,-0.012165450121654486
2024-12-30,2030,2050,1990,2015,88773,-0.007389162561576401
2025-01-02,1999,2020,1990,2015,56634,0.0
2025-01-03,2005,2075,2005,2040,77213,0.012406947890818865
2025-01-06,2040,2080,2020,2055,132966,0.007352941176470562
2025-01-07,2070,2090,2045,2060,127319,0.0024330900243310083
2025-01-08,2065,2140,2055,2130,261137,0.03398058252427183
2025-01-09,2125,2140,2075,2100,119280,-0.014084507042253502
2025-01-10,2115,2130,2090,2105,55436,0.0023809523809523725
2025-01-13,2105,2105,2060,2085,77174,-0.009501187648456089
2025-01-14,2085,2085,2030,2040,172938,-0.021582733812949617
2025-01-15,2025,2050,1994,2005,296514,-0.01715686274509809
2025-01-16,2015,2035,2005,2030,108697,0.012468827930174564
2025-01-17,2030,2055,2010,2040,75673,0.0049261083743843415
2025-01-20,2045,2055,1996,1996,161717,-0.021568627450980427
2025-01-21,2000,2005,1985,1999,119781,0.0015030060120240218
2025-01-22,1998,2010,1985,1989,97652,-0.005002501250625291
2025-01-23,1989,1994,1967,1979,122657,-0.005027652086475598
2025-01-24,1966,1988,1954,1975,87454,-0.002021222839818093
2025-01-31,1952,1968,1939,1961,94381,-0.00708860759493668
2025-02-03,1960,1961,1904,1914,134501,-0.023967363590005064
2025-02-04,1920,1928,1900,1912,153174,-0.0010449320794148065
2025-02-05,1912,1928,1906,1911,82134,-0.0005230125523012497
2025-02-06,1905,1920,1856,1877,435651,-0.01779173207744633
2025-02-07,1871,1876,1734,1751,1049333,-0.0671283963771977
2025-02-10,1764,1810,1743,1802,285601,0.029126213592232997
2025-02-11,1791,1809,1783,1791,122792,-0.006104328523862335
2025-02-12,1799,1799,1746,1775,420026,-0.008933556672250154
2025-02-13,1748,1779,1748,1765,219848,-0.005633802816901401
2025-02-14,1766,1794,1755,1781,152948,0.009065155807365333
2025-02-17,1781,1822,1766,1814,214422,0.018528916339135337
2025-02-18,1815,1823,1800,1812,156579,-0.0011025358324145973
2025-02-19,1816,1844,1813,1842,215676,0.01655629139072845
2025-02-20,1842,1874,1838,1856,196800,0.007600434310532034
2025-02-21,1873,1873,1855,1862,107279,0.003232758620689724
2025-02-24,1843,1865,1835,1859,57972,-0.0016111707841031109
2025-02-25,1867,1867,1820,1829,102406,-0.016137708445400745
2025-02-26,1828,1839,1824,1830,70910,0.0005467468562054822
2025-02-27,1830,1840,1823,1830,47737,0.0
2025-02-28,1827,1828,1795,1810,98471,-0.010928961748633892
2025-03-04,1801,1820,1765,1766,184295,-0.024309392265193353
2025-03-05,1750,1815,1750,1788,98544,0.01245753114382775
2025-03-06,1800,1875,1779,1803,183774,0.008389261744966348
2025-03-07,1782,1798,1779,1786,110961,-0.00942872989462007
2025-03-10,1786,1807,1770,1802,113507,0.008958566629339249
2025-03-11,1787,1798,1769,1798,90984,-0.002219755826859071
2025-03-12,1798,1889,1793,1866,267608,0.037819799777530694
2025-03-13,1866,1866,1830,1852,139890,-0.007502679528403
2025-03-14,1849,1849,1825,1839,124910,-0.007019438444924364
2025-03-17,1853,1853,1803,1822,131929,-0.009244154431756413
2025-03-18,1813,1835,1780,1801,258296,-0.011525795828759566
2025-03-19,1799,1815,1786,1808,86178,0.0038867295946696245
2025-03-20,1808,1817,1770,1781,304429,-0.014933628318584025
2025-03-21,1781,1825,1778,1812,205447,0.01740595171252113
2025-03-24,1820,1827,1795,1801,69312,-0.006070640176600417
2025-03-25,1801,1818,1781,1781,66698,-0.01110494169905607
2025-03-26,1782,1793,1777,1780,63818,-0.0005614823133071045
2025-03-27,1783,1826,1769,1803,190029,0.012921348314606673
2025-03-28,1798,1799,1777,1795,88248,-0.00443704936217415
2025-03-31,1750,1796,1750,1765,135890,-0.01671309192200554
2025-04-01,1756,1791,1756,1778,89675,0.007365439093484527
2025-04-02,1778,1784,1760,1770,140189,-0.004499437570303688
2025-04-03,1753,1761,1742,1742,137064,-0.015819209039548032
2025-04-04,1740,1798,1725,1758,111511,0.009184845005740572
2025-04-07,1743,1755,1654,1671,397236,-0.04948805460750849
2025-04-08,1629,1665,1537,1539,621926,-0.07899461400359065
2025-04-09,1506,1577,1500,1568,401103,0.018843404808317032
2025-04-10,1568,1618,1540,1613,445649,0.02869897959183665
2025-04-11,1587,1624,1545,1618,165030,0.0030998140111593298
2025-04-14,1620,1625,1600,1618,116963,0.0
2025-04-15,1619,1655,1608,1644,150756,0.01606922126081578
2025-04-16,1644,1670,1616,1648,90698,0.0024330900243310083
2025-04-17,1634,1664,1624,1664,97030,0.009708737864077666
2025-04-18,1664,1688,1644,1684,88023,0.012019230769230838
2025-04-21,1689,1692,1662,1690,165248,0.0035629453681709222
2025-04-22,1690,1739,1690,1731,113085,0.0242603550295859
2025-04-23,1725,1738,1696,1719,151342,-0.006932409012131768
2025-04-24,1717,1728,1703,1705,59555,-0.00814426992437467
2025-04-25,1707,1719,1702,1712,61182,0.004105571847507372
2025-04-28,1712,1724,1695,1707,75850,-0.0029205607476635587
2025-04-29,1698,1729,1698,1728,217070,0.012302284710017597
2025-04-30,1718,1735,1715,1724,128793,-0.0023148148148147696
2025-05-02,1724,1725,1698,1708,166994,-0.009280742459396807
2025-05-07,1701,1704,1678,1685,148831,-0.013466042154566704
2025-05-08,1685,1685,1604,1604,414218,-0.0480712166172107
2025-05-09,1604,1619,1576,1580,374636,-0.014962593516209433
2025-05-12,1579,1579,1537,1576,344799,-0.0025316455696202667
2025-05-13,1578,1617,1578,1585,264905,0.005710659898477077
2025-05-14,1585,1604,1566,1599,150453,0.008832807570977819
2025-05-15,1594,1600,1568,1577,166768,-0.013758599124452764
2025-05-16,1584,1584,1507,1528,466627,-0.03107165504121745
2025-05-19,1531,1545,1519,1538,129580,0.00654450261780104
2025-05-20,1526,1558,1522,1551,114906,0.00845253576072813
2025-05-21,1553,1580,1545,1579,151376,0.01805286911669901
2025-05-22,1578,1590,1560,1575,108988,-0.002533248891703588
2025-05-23,1575,1587,1560,1580,88477,0.0031746031746031633
2025-05-26,1580,1598,1569,1590,125418,0.006329113924050667
2025-05-27,1587,1587,1548,1554,142423,-0.02264150943396226
2025-05-28,1554,1585,1549,1577,197341,0.014800514800514808
2025-05-29,1563,1626,1550,1622,300318,0.028535193405199832
2025-05-30,1624,1642,1600,1638,183006,0.009864364981504226
2025-06-02,1639,1662,1604,1635,216637,-0.001831501831501825
2025-06-04,1635,1674,1635,1667,348535,0.01957186544342515
2025-06-05,1668,1701,1648,1694,296851,0.016196760647870345
2025-06-09,1711,1740,1711,1729,320802,0.02066115702479343
2025-06-10,1729,1730,1682,1691,283313,-0.02197802197802201
2025-06-11,1691,1717,1672,1707,268386,0.009461856889414477
2025-06-12,1706,1741,1700,1720,410723,0.007615700058582364
2025-06-13,1732,1732,1668,1699,305289,-0.012209302325581373
2025-06-16,1689,1693,1668,1675,219217,-0.014125956444967613
2025-06-17,1675,1699,1660,1693,240042,0.010746268656716351
2025-06-18,1692,1694,1663,1685,193233,-0.004725339633786185
2025-06-19,1685,1691,1651,1668,286189,-0.010089020771513302
2025-06-20,1670,1756,1657,1731,545005,0.03776978417266186
2025-06-23,1708,1729,1682,1723,188835,-0.0046216060080878085
2025-06-24,1729,1744,1721,1740,198061,0.009866511897852481
2025-06-25,1741,2170,1741,1934,23362875,0.11149425287356318
2025-06-26,1935,1993,1837,1874,3585928,-0.031023784901758056
2025-06-27,1851,1860,1775,1777,1288633,-0.051760939167555975
2025-06-30,1773,1815,1773,1805,686043,0.015756893640967995
2025-07-01,1805,1854,1794,1830,804435,0.013850415512465464
2025-07-02,1825,1858,1790,1814,734900,-0.008743169398907069
2025-07-03,1818,1844,1795,1835,597259,0.011576626240352716
2025-07-04,1835,1905,1823,1848,875619,0.00708446866485013
2025-07-07,1854,1889,1837,1853,497506,0.0027056277056276556
2025-07-08,1840,1900,1840,1881,501240,0.015110631408526753
2025-07-09,1900,1950,1877,1903,897936,0.011695906432748648
2025-07-10,1930,2100,1897,1912,7179109,0.004729374671571307
2025-07-11,1930,1977,1919,1945,1273823,0.01725941422594146
2025-07-14,1949,2010,1918,2000,1213032,0.028277634961439535
2025-07-15,2000,2005,1922,1949,1017523,-0.025499999999999967
2025-07-16,1947,1951,1901,1920,562636,-0.014879425346331465
2025-07-17,1921,1939,1882,1919,562385,-0.0005208333333333037
2025-07-18,1919,1923,1857,1894,523065,-0.013027618551328835
