Date,Open,High,Low,Close,Volume,Change
2022-01-03,39250,39400,38300,38350,192102,-0.019181585677749413
2022-01-04,38450,38450,37650,38250,227607,-0.0026075619295958807
2022-01-05,38000,38400,37650,37950,160240,-0.007843137254901933
2022-01-06,37650,38000,37400,37500,207965,-0.011857707509881465
2022-01-07,37300,37650,37100,37500,110903,0.0
2022-01-10,37450,37750,37050,37150,118128,-0.009333333333333305
2022-01-11,37250,37750,36900,37300,185067,0.004037685060565233
2022-01-12,37300,37950,37250,37950,169872,0.01742627345844494
2022-01-13,38200,39700,38200,38800,572994,0.022397891963109373
2022-01-14,38400,38650,36700,37000,552017,-0.046391752577319534
2022-01-17,36850,36850,36250,36350,144781,-0.01756756756756761
2022-01-18,36250,36450,35800,35800,192332,-0.015130674002751032
2022-01-19,35450,36150,35400,35750,207846,-0.0013966480446927498
2022-01-20,35550,35950,35550,35750,127932,0.0
2022-01-21,35250,35500,34850,35150,209521,-0.016783216783216814
2022-01-24,35400,35600,34750,35300,217892,0.004267425320056972
2022-01-25,35100,35900,34350,35100,428484,-0.005665722379603388
2022-01-26,35400,36700,35050,35050,340020,-0.0014245014245014564
2022-01-27,35450,35450,33450,33450,349963,-0.04564907275320973
2022-01-28,33900,35050,33500,35050,244054,0.04783258594917794
2022-02-03,35600,36550,35250,35800,325756,0.021398002853067144
2022-02-04,35650,36450,35500,36450,219851,0.018156424581005526
2022-02-07,36400,36600,35900,36600,120815,0.004115226337448652
2022-02-08,36900,36900,35850,36300,203927,-0.008196721311475419
2022-02-09,36300,36550,35950,36450,139932,0.004132231404958775
2022-02-10,36450,36550,36050,36200,160784,-0.006858710562414272
2022-02-11,35950,36350,35400,36050,195613,-0.004143646408839796
2022-02-14,36000,37350,35600,35850,475638,-0.00554785020804438
2022-02-15,35850,36000,34750,35150,278738,-0.019525801952580246
2022-02-16,35200,36100,35000,35800,213593,0.01849217638691325
2022-02-17,35850,36450,35500,36300,290899,0.013966480446927276
2022-02-18,35900,35900,35500,35700,154552,-0.016528925619834656
2022-02-21,35900,36400,35400,35600,216748,-0.0028011204481792618
2022-02-22,36000,36300,34650,34750,344352,-0.023876404494381998
2022-02-23,34900,38250,34850,38250,1245670,0.1007194244604317
2022-02-24,38900,40850,37650,39850,3322478,0.0418300653594772
2022-02-25,38000,40200,37100,38150,1745065,-0.042659974905897124
2022-02-28,39400,41750,39050,41050,1967439,0.07601572739187423
2022-03-02,42250,42600,40800,41900,1690442,0.020706455542021995
2022-03-03,42200,43100,41350,42550,773666,0.015513126491646823
2022-03-04,42200,45950,42050,45700,1753499,0.07403055229142175
2022-03-07,47450,48700,46300,47000,1976256,0.02844638949671774
2022-03-08,47100,47350,43800,43800,1371239,-0.06808510638297871
2022-03-10,41850,42850,40800,41850,1467437,-0.044520547945205435
2022-03-11,42050,42200,40900,42100,669634,0.005973715651135025
2022-03-14,41900,43300,41900,42150,555392,0.0011876484560569
2022-03-15,41550,41650,40250,40600,514729,-0.03677342823250296
2022-03-16,40150,40800,39250,40700,374850,0.0024630541871921707
2022-03-17,40650,40700,39050,39450,791329,-0.03071253071253066
2022-03-18,39950,40750,39550,39750,579000,0.0076045627376426506
2022-03-21,39450,40500,39450,40150,336418,0.010062893081761004
2022-03-22,40650,41350,40150,40550,501144,0.00996264009962644
2022-03-23,40650,41400,40100,40850,536236,0.007398273736128225
2022-03-24,41800,43150,41550,42750,1235074,0.04651162790697683
2022-03-25,42250,42400,41150,41400,548594,-0.03157894736842104
2022-03-28,41600,41600,40500,41100,288972,-0.007246376811594235
2022-03-29,40600,40650,39250,39500,588183,-0.038929440389294356
2022-03-30,39300,39750,39050,39150,373050,-0.008860759493670933
2022-03-31,39950,40550,39250,39600,411467,0.011494252873563315
2022-04-01,39650,40100,38750,38800,390333,-0.02020202020202022
2022-04-04,38900,39250,38700,39150,157741,0.009020618556700999
2022-04-05,39200,39250,38300,38450,335469,-0.017879948914431676
2022-04-06,38300,38650,37950,38250,290060,-0.005201560468140465
2022-04-07,37950,38100,36950,37000,469718,-0.0326797385620915
2022-04-08,37000,37550,36800,37250,231763,0.006756756756756799
2022-04-11,37250,37850,36650,37800,194965,0.014765100671140896
2022-04-12,37400,38500,37000,37850,347268,0.001322751322751392
2022-04-13,38250,39000,38050,39000,402866,0.03038309114927351
2022-04-14,39000,40150,38700,39850,520986,0.021794871794871717
2022-04-15,40050,40600,39650,40250,367721,0.010037641154328814
2022-04-18,40450,41000,39850,40200,259425,-0.001242236024844745
2022-04-19,40500,41000,40000,40950,274960,0.018656716417910557
2022-04-20,40250,41250,40050,41050,366834,0.0024420024420024333
2022-04-21,40850,41050,40350,40850,259493,-0.00487210718635811
2022-04-22,40200,40750,39950,40500,176733,-0.008567931456548328
2022-04-25,40000,40300,39450,39800,227364,-0.01728395061728394
2022-04-26,39950,40050,38600,39250,336968,-0.013819095477386911
2022-04-27,39350,40900,39300,40300,748097,0.026751592356687892
2022-04-28,40900,41200,39850,41100,506071,0.01985111662531014
2022-04-29,41450,41650,40650,41000,340102,-0.0024330900243308973
2022-05-02,40500,41800,40500,41500,308476,0.012195121951219523
2022-05-03,41450,41500,40650,41000,172420,-0.012048192771084376
2022-05-04,41400,43800,40950,43350,873384,0.05731707317073176
2022-05-06,43600,44400,43100,43700,547088,0.008073817762399127
2022-05-09,43700,44150,43250,43850,483636,0.003432494279176135
2022-05-10,43000,43450,42250,43150,404231,-0.015963511972634015
2022-05-11,43100,43800,42000,43000,394919,-0.0034762456546929554
2022-05-12,43750,44800,43000,44250,731727,0.029069767441860517
2022-05-13,44200,44700,43550,44200,302746,-0.001129943502824804
2022-05-16,44600,44850,43800,44200,233967,0.0
2022-05-17,44500,45200,44400,45000,302688,0.018099547511312153
2022-05-18,45150,45150,43200,43650,307660,-0.030000000000000027
2022-05-19,43000,43750,42400,43700,199136,0.001145475372279492
2022-05-20,43250,43500,42750,43500,240008,-0.004576659038901587
2022-05-23,43300,43300,42000,42100,231041,-0.03218390804597704
2022-05-24,42500,43200,42150,42150,183833,0.0011876484560569
2022-05-25,42500,43200,42300,42450,194084,0.007117437722419906
2022-05-26,43100,44650,42900,44500,490435,0.04829210836277964
2022-05-27,44700,44950,44150,44600,203478,0.0022471910112360494
2022-05-30,44700,44950,43550,43700,208057,-0.020179372197309364
2022-05-31,44000,44650,43750,44350,323662,0.014874141876430214
2022-06-02,44550,45050,44050,44400,216097,0.0011273957158963732
2022-06-03,44250,44600,43900,44600,169417,0.0045045045045044585
2022-06-07,44700,45100,44300,44450,192359,-0.0033632286995515237
2022-06-08,44600,46950,44250,46950,653668,0.05624296962879649
2022-06-09,46100,47050,45600,46950,616932,0.0
2022-06-10,46500,48150,46100,48100,503208,0.024494142705005384
2022-06-13,47500,48000,46450,46700,401119,-0.029106029106029108
2022-06-14,46250,46300,45050,46000,408327,-0.01498929336188437
2022-06-15,45700,45700,43950,44050,413171,-0.04239130434782612
2022-06-16,44200,45100,44200,44500,292316,0.010215664018161208
2022-06-17,43550,44450,43000,44150,353339,-0.00786516853932584
2022-06-20,43700,43900,40900,41350,492525,-0.0634201585503964
2022-06-21,41350,41850,40900,41750,189919,0.0096735187424426
2022-06-22,41850,42300,40000,40400,277196,-0.03233532934131733
2022-06-23,40400,40500,38750,38850,449442,-0.0383663366336634
2022-06-24,38800,39600,38450,39200,371894,0.009009009009008917
2022-06-27,39850,39850,38800,39300,283150,0.0025510204081633514
2022-06-28,39650,41250,39300,40750,335633,0.03689567430025442
2022-06-29,40700,41600,40350,40850,208345,0.0024539877300613355
2022-06-30,40850,41000,39450,39550,198470,-0.03182374541003674
2022-07-01,39900,39900,38200,38750,302158,-0.020227560050568916
2022-07-04,38400,38700,37300,38350,192574,-0.010322580645161339
2022-07-05,38350,38600,37300,38550,352839,0.0052151238591917615
2022-07-06,38100,38100,34300,34350,1024082,-0.1089494163424124
2022-07-07,34550,34850,33750,34500,368240,0.004366812227074135
2022-07-08,35100,35850,34850,35150,369727,0.018840579710144967
2022-07-11,35150,35250,34500,34750,181015,-0.011379800853485111
2022-07-12,35000,35600,34500,34750,364001,0.0
2022-07-13,34800,34850,33600,34450,405402,-0.008633093525179825
2022-07-14,34100,34800,34050,34650,245119,0.005805515239477588
2022-07-15,34500,34600,33100,33200,525124,-0.0418470418470418
2022-07-18,33550,34650,33250,34650,325206,0.04367469879518082
2022-07-19,34950,36300,34550,36150,518959,0.04329004329004338
2022-07-20,36200,36750,35700,36250,417487,0.0027662517289073207
2022-07-21,36450,36750,35850,36750,211072,0.01379310344827589
2022-07-22,36450,36500,35400,35500,437674,-0.03401360544217691
2022-07-25,35550,35950,35500,35900,158015,0.011267605633802802
2022-07-26,36150,36700,35500,35700,244251,-0.005571030640668551
2022-07-27,35750,36450,35500,36400,226907,0.019607843137254832
2022-07-28,36600,36600,36050,36300,158220,-0.0027472527472527375
2022-07-29,36400,37200,36150,37200,236699,0.024793388429751984
2022-08-01,37050,37100,36400,36500,177007,-0.018817204301075252
2022-08-02,36400,36500,35500,35850,183901,-0.017808219178082174
2022-08-03,35750,36050,35500,36050,176326,0.00557880055788007
2022-08-04,36100,36150,35700,35850,220195,-0.00554785020804438
2022-08-05,35700,35950,35500,35750,223437,-0.002789400278940035
2022-08-08,36150,36950,36100,36450,407718,0.019580419580419672
2022-08-09,36700,37200,36650,37050,321846,0.016460905349794164
2022-08-10,37250,38200,36900,38050,347145,0.026990553306342813
2022-08-11,38450,39350,37350,38800,507067,0.019710906701708275
2022-08-12,39450,41350,39350,40850,769981,0.05283505154639179
2022-08-16,40850,41000,39600,39800,427011,-0.025703794369645094
2022-08-17,40500,41600,40500,41250,561035,0.03643216080402012
2022-08-18,41150,42100,41000,41700,367046,0.01090909090909098
2022-08-19,41700,41700,40800,41050,182595,-0.015587529976019199
2022-08-22,41100,42450,40650,42200,453638,0.028014616321559105
2022-08-23,42850,45050,42700,44800,1060984,0.06161137440758302
2022-08-24,44500,45350,43800,44800,636392,0.0
2022-08-25,44800,45800,44500,45350,380268,0.01227678571428581
2022-08-26,45400,46000,44550,45900,394791,0.012127894156560126
2022-08-29,45000,46500,44600,46350,491131,0.009803921568627416
2022-08-30,45800,46050,43750,44750,729696,-0.034519956850053934
2022-08-31,44500,44550,42450,43500,734401,-0.027932960893854775
2022-09-01,43100,43550,41950,42100,358626,-0.03218390804597704
2022-09-02,42100,42850,41450,42550,367395,0.010688836104512989
2022-09-05,42700,43050,41800,42500,330283,-0.001175088131609825
2022-09-06,42400,42400,40650,41100,515555,-0.03294117647058825
2022-09-07,40850,40850,39000,39100,629172,-0.048661800486618056
2022-09-08,39250,39700,39150,39350,311558,0.006393861892583175
2022-09-13,39750,39950,38450,38450,511403,-0.02287166454891998
2022-09-14,38000,38350,37100,37700,264585,-0.01950585175552666
2022-09-15,38400,38700,37750,37750,272099,0.0013262599469496816
2022-09-16,37400,38050,36600,36900,283462,-0.02251655629139071
2022-09-19,36350,36900,36100,36300,190406,-0.016260162601625994
2022-09-20,36700,37000,35950,36200,232017,-0.0027548209366391463
2022-09-21,36200,36400,35750,36250,155723,0.0013812154696133394
2022-09-22,36650,37400,35900,36800,419122,0.015172413793103523
2022-09-23,36850,36850,35700,36000,257174,-0.021739130434782594
2022-09-26,35500,35550,33700,34050,385483,-0.054166666666666696
2022-09-27,34050,34500,33600,34250,263323,0.005873715124816492
2022-09-28,34400,34600,33000,33500,331259,-0.021897810218978075
2022-09-29,34050,34850,33600,34100,339592,0.017910447761193993
2022-09-30,33750,35400,33550,33800,604020,-0.008797653958944274
2022-10-04,34250,35400,34100,35100,559465,0.03846153846153855
2022-10-05,35450,35800,34800,35150,280768,0.0014245014245013454
2022-10-06,35500,35500,34500,34550,377717,-0.017069701280227556
2022-10-07,34550,36050,34400,36050,631901,0.04341534008683068
2022-10-11,35450,35450,33800,34500,318574,-0.04299583911234395
2022-10-12,34800,34900,33900,34550,201634,0.0014492753623187582
2022-10-13,34500,34500,32450,32450,519009,-0.06078147612156293
2022-10-14,33200,34200,32950,34200,318387,0.05392912172573183
2022-10-17,33450,33750,32800,33500,240045,-0.020467836257309968
2022-10-18,33850,34850,33850,34850,341563,0.040298507462686484
2022-10-19,34750,34850,33900,34100,192501,-0.021520803443328518
2022-10-20,34100,35000,33850,34450,474851,0.01026392961876832
2022-10-21,34250,34250,33250,33350,246236,-0.03193033381712629
2022-10-24,33850,33900,33300,33550,155553,0.0059970014992503096
2022-10-25,33550,33650,33050,33350,216171,-0.005961251862891204
2022-10-26,33350,33600,33000,33400,177246,0.0014992503748125774
2022-10-27,33150,34900,33150,34550,319412,0.034431137724550975
2022-10-28,34450,35600,34200,35250,234147,0.02026049204052094
2022-10-31,35350,35350,34350,34800,205899,-0.012765957446808529
2022-11-01,35150,35600,34900,35300,164753,0.014367816091954033
2022-11-02,35050,35400,34600,34850,176892,-0.012747875354107596
2022-11-03,34400,35300,34350,35050,164229,0.0057388809182210565
2022-11-04,35000,35550,34950,35550,166912,0.014265335235378096
2022-11-07,35800,36050,35200,35650,209590,0.002812939521800173
2022-11-08,35700,36500,35600,36000,289562,0.009817671809256634
2022-11-09,36000,36850,35650,36200,291502,0.005555555555555536
2022-11-10,35900,37000,35250,36450,509234,0.006906077348066253
2022-11-11,37000,37100,35450,35550,843443,-0.024691358024691357
2022-11-14,35700,35850,35050,35100,458827,-0.012658227848101222
2022-11-15,35100,35450,35000,35250,233845,0.004273504273504258
2022-11-16,35350,35350,34700,35200,313081,-0.0014184397163120588
2022-11-17,35250,35350,34500,34500,248425,-0.019886363636363646
2022-11-18,34550,35050,34150,34600,270557,0.0028985507246377384
2022-11-21,34650,34700,33800,34050,208931,-0.01589595375722541
2022-11-22,33950,34200,33750,34100,183104,0.001468428781204123
2022-11-23,34300,35150,34100,34650,313145,0.016129032258064502
2022-11-24,35050,35250,34750,35150,202059,0.01443001443001446
2022-11-25,35250,35300,34750,34900,146195,-0.007112375533428139
2022-11-28,35000,35000,33900,34150,269393,-0.021489971346704828
2022-11-29,34150,34150,33600,34000,280393,-0.004392386530014614
2022-11-30,34000,35100,34000,34900,346001,0.026470588235294024
2022-12-01,35300,35500,34750,35000,318785,0.002865329512893977
2022-12-02,35050,35050,34250,34350,242529,-0.018571428571428572
2022-12-05,34350,34500,34000,34150,191030,-0.005822416302765698
2022-12-06,34150,34150,33500,33550,288043,-0.017569546120058566
2022-12-07,33500,33800,33200,33650,163085,0.0029806259314455463
2022-12-08,33800,34000,33350,33650,312687,0.0
2022-12-09,33700,34550,33700,34550,294462,0.026745913818722045
2022-12-12,34600,34750,34250,34500,111985,-0.0014471780028944004
2022-12-13,34500,34700,34350,34650,172874,0.004347826086956497
2022-12-14,34800,35150,34600,35000,260938,0.010101010101010166
2022-12-15,34950,35150,34700,34750,146450,-0.0071428571428571175
2022-12-16,34450,36750,34400,36700,1125428,0.05611510791366903
2022-12-19,37050,37150,36500,36950,510705,0.006811989100817373
2022-12-20,37050,37050,36250,36550,396088,-0.010825439783491153
2022-12-21,36750,38000,36750,37950,655683,0.03830369357045149
2022-12-22,37850,39000,37500,38600,549918,0.017127799736495364
2022-12-23,38450,38900,38250,38650,381419,0.0012953367875647714
2022-12-26,38600,39550,38550,39500,578660,0.02199223803363526
2022-12-27,39700,39750,37700,38450,639651,-0.02658227848101269
2022-12-28,37400,38550,36800,38400,559833,-0.0013003901170350884
2022-12-29,37900,37900,35850,36200,586474,-0.05729166666666663
2023-01-02,35250,35500,33100,33250,756043,-0.08149171270718236
2023-01-03,33250,33500,32600,33200,308213,-0.0015037593984962294
2023-01-04,32800,32950,32300,32550,507791,-0.01957831325301207
2023-01-05,32600,32750,31500,31500,709507,-0.032258064516129004
2023-01-06,31600,32000,30950,31650,467319,0.004761904761904745
2023-01-09,31750,32350,31750,32250,332762,0.018957345971563955
2023-01-10,32150,32450,32000,32100,332620,-0.0046511627906976605
2023-01-11,32300,32700,32100,32100,431637,0.0
2023-01-12,32500,32650,32250,32400,381939,0.009345794392523255
2023-01-13,32500,33200,32500,33000,351949,0.0185185185185186
2023-01-16,33250,33300,32550,32850,363669,-0.004545454545454519
2023-01-17,32950,33800,32750,33750,454183,0.027397260273972712
2023-01-18,33700,33750,32850,33100,295589,-0.01925925925925931
2023-01-19,33000,34150,32950,34000,455314,0.027190332326284095
2023-01-20,33900,34400,33800,33900,277465,-0.002941176470588225
2023-01-25,34300,34500,33800,34000,261528,0.002949852507374562
2023-01-26,34150,34650,33900,34300,390502,0.008823529411764675
2023-01-27,34400,34650,34150,34400,221002,0.00291545189504383
2023-01-30,34550,34750,34250,34350,249921,-0.0014534883720930258
2023-01-31,34150,34200,33050,33350,488127,-0.02911208151382827
2023-02-01,33350,33650,33300,33400,168843,0.0014992503748125774
2023-02-02,33500,33550,32500,32600,590267,-0.0239520958083832
2023-02-03,32600,32750,32100,32600,334750,0.0
2023-02-06,32500,32500,31950,32250,295946,-0.010736196319018454
2023-02-07,32250,32300,31400,31500,520089,-0.023255813953488413
2023-02-08,31650,32250,31600,32150,256420,0.02063492063492056
2023-02-09,32000,32100,31400,31400,546403,-0.023328149300155476
2023-02-10,31450,31700,31000,31650,308321,0.0079617834394905
2023-02-13,31750,32550,31450,32500,408407,0.026856240126382325
2023-02-14,32600,32600,32100,32100,210800,-0.012307692307692353
2023-02-15,32200,32250,31300,31350,292300,-0.02336448598130836
2023-02-16,31250,31600,31200,31350,250632,0.0
2023-02-17,31350,31550,30850,31400,217051,0.0015948963317384823
2023-02-20,31700,31700,30900,31300,226179,-0.0031847133757961776
2023-02-21,31400,31800,31250,31500,193136,0.006389776357827559
2023-02-22,31200,31350,30850,30850,271345,-0.020634920634920673
2023-02-23,30900,31050,30300,30700,390958,-0.004862236628849326
2023-02-24,30900,31350,30800,31200,279266,0.016286644951140072
2023-02-27,30400,30500,28550,28700,1185979,-0.08012820512820518
2023-02-28,28950,29050,28000,28050,799672,-0.022648083623693416
2023-03-02,28050,28250,27850,27900,391249,-0.005347593582887722
2023-03-03,28000,28100,27850,27900,239619,0.0
2023-03-06,28000,28250,27800,27850,323023,-0.0017921146953404632
2023-03-07,27950,28150,27850,27950,216611,0.0035906642728904536
2023-03-08,27950,28000,27300,27450,300514,-0.017889087656529523
2023-03-09,27450,27700,26900,27450,403711,0.0
2023-03-10,27250,27250,26600,26700,436016,-0.02732240437158473
2023-03-13,26500,26650,26050,26550,274108,-0.005617977528089901
2023-03-14,26250,26550,25300,25500,413976,-0.039548022598870025
2023-03-15,25600,26850,25600,25750,396844,0.009803921568627416
2023-03-16,25500,25700,25150,25700,209619,-0.001941747572815511
2023-03-17,26050,27150,25750,27150,451516,0.05642023346303504
2023-03-20,27100,27500,26550,26550,250254,-0.02209944751381221
2023-03-21,26650,26900,26250,26350,186017,-0.007532956685499026
2023-03-22,26550,26650,26150,26550,160200,0.007590132827324458
2023-03-23,26450,26550,26000,26300,157388,-0.00941619585687381
2023-03-24,26100,26400,25800,26100,331965,-0.0076045627376425395
2023-03-27,26200,26950,25950,26800,246904,0.026819923371647514
2023-03-28,26800,27600,26750,27350,370566,0.020522388059701413
2023-03-29,27350,27900,27200,27500,337202,0.005484460694698434
2023-03-30,27600,27800,27200,27550,252146,0.0018181818181817189
2023-03-31,27650,28050,26800,27100,487538,-0.016333938294010864
2023-04-03,27100,27450,26850,27150,180630,0.0018450184501845879
2023-04-04,27400,27450,26800,27100,277631,-0.0018416206261510082
2023-04-05,27000,27150,26800,26900,157888,-0.0073800738007380184
2023-04-06,27000,27200,26650,26700,291613,-0.0074349442379182396
2023-04-07,26650,26700,26300,26650,219847,-0.0018726591760299671
2023-04-10,26550,26650,26300,26450,220330,-0.007504690431519689
2023-04-11,26350,26800,26150,26600,271867,0.005671077504725952
2023-04-12,26550,27800,26550,27700,411348,0.041353383458646586
2023-04-13,27550,27750,27300,27300,265644,-0.014440433212996373
2023-04-14,27300,27950,27100,27600,297991,0.01098901098901095
2023-04-17,27800,28000,27550,27850,249912,0.009057971014492683
2023-04-18,27850,27900,27300,27300,248666,-0.019748653500897717
2023-04-19,27350,28300,27350,27800,284979,0.01831501831501825
2023-04-20,27800,28400,27550,27850,288586,0.0017985611510791255
2023-04-21,28000,28200,27500,28100,232627,0.008976660682226134
2023-04-24,28000,28150,27100,27200,275306,-0.03202846975088969
2023-04-25,27350,27350,26650,26800,298653,-0.014705882352941124
2023-04-26,26800,26950,26400,26650,201224,-0.005597014925373123
2023-04-27,26550,27100,26300,26850,252400,0.007504690431519689
2023-04-28,26750,27150,26500,26800,288791,-0.0018621973929237035
2023-05-02,26850,27900,26800,27750,392918,0.035447761194029814
2023-05-03,27800,27950,26850,26900,346584,-0.03063063063063065
2023-05-04,26900,27150,26750,26950,201819,0.0018587360594795044
2023-05-08,27000,27650,27000,27100,253933,0.005565862708719838
2023-05-09,27300,27400,27000,27150,162084,0.0018450184501845879
2023-05-10,27050,27150,26750,26850,261621,-0.011049723756906049
2023-05-11,26900,27650,26850,27100,308411,0.009310986964618184
2023-05-12,27000,27000,25850,26500,836910,-0.022140221402214055
2023-05-15,26750,26800,26050,26150,353601,-0.013207547169811318
2023-05-16,26200,26250,25700,25850,340512,-0.01147227533460804
2023-05-17,25850,25900,25250,25450,413043,-0.015473887814313358
2023-05-18,25500,26000,25400,25950,175837,0.01964636542239684
2023-05-19,26000,26050,25750,25900,187194,-0.0019267822736031004
2023-05-22,25950,26350,25950,26250,245628,0.013513513513513598
2023-05-23,26250,26750,26150,26550,212823,0.011428571428571344
2023-05-24,26600,26750,26100,26500,208458,-0.0018832391713747842
2023-05-25,26250,26550,26150,26400,142817,-0.0037735849056603765
2023-05-26,26200,26300,25950,25950,197575,-0.017045454545454586
2023-05-30,25900,26150,25800,25850,209941,-0.003853564547206201
2023-05-31,25850,26550,25850,26250,286078,0.015473887814313247
2023-06-01,26200,27100,26200,26950,347658,0.026666666666666616
2023-06-02,26900,27000,26650,26900,208746,-0.0018552875695733162
2023-06-05,26950,27150,26750,26800,162297,-0.0037174721189591198
2023-06-07,26800,27100,26450,26500,224724,-0.011194029850746245
2023-06-08,26550,27050,26500,26650,255593,0.005660377358490676
2023-06-09,26750,27050,26250,26450,416041,-0.007504690431519689
2023-06-12,26500,26600,26250,26350,131384,-0.003780718336483968
2023-06-13,26350,26700,26050,26600,254922,0.009487666034155628
2023-06-14,26400,26400,25500,25500,658249,-0.041353383458646586
2023-06-15,25600,25650,25200,25200,301865,-0.0117647058823529
2023-06-16,25300,26000,25300,25700,257119,0.01984126984126977
2023-06-19,25800,26100,25350,25500,253024,-0.0077821011673151474
2023-06-20,25350,25700,25350,25600,112666,0.0039215686274509665
2023-06-21,25400,25550,25150,25300,235838,-0.01171875
2023-06-22,25300,25350,25050,25150,216766,-0.005928853754940677
2023-06-23,25100,25200,24550,24700,316848,-0.017892644135188873
2023-06-26,24600,25150,24600,24900,111611,0.00809716599190291
2023-06-27,24950,25800,24950,25700,304070,0.032128514056224855
2023-06-28,25800,25850,25200,25350,142104,-0.013618677042801508
2023-06-29,25350,25700,25350,25350,119709,0.0
2023-06-30,25350,25800,25100,25700,171773,0.013806706114398493
2023-07-03,25800,25950,25550,25700,169613,0.0
2023-07-04,25700,26250,25700,26200,251522,0.01945525291828787
2023-07-05,26200,26450,25400,25400,353260,-0.03053435114503822
2023-07-06,25200,25350,24300,24450,643804,-0.03740157480314965
2023-07-07,24450,24550,24150,24550,219325,0.004089979550102152
2023-07-10,24550,24900,24450,24800,168503,0.010183299389002087
2023-07-11,24850,25200,24800,24950,185280,0.006048387096774244
2023-07-12,25000,25300,24850,24850,193535,-0.004008016032064132
2023-07-13,24950,25600,24950,25550,330210,0.028169014084507005
2023-07-14,25650,25850,25550,25650,189659,0.00391389432485334
2023-07-17,25650,25800,25050,25200,204285,-0.01754385964912286
2023-07-18,25350,25500,24950,25050,225872,-0.005952380952380931
2023-07-19,25050,25500,24850,25300,307538,0.009980039920159722
2023-07-20,25150,25650,25100,25450,208189,0.005928853754940677
2023-07-21,25450,25550,25000,25000,197094,-0.017681728880157177
2023-07-24,25050,25100,24650,24750,231283,-0.010000000000000009
2023-07-25,24800,24850,24550,24650,199026,-0.004040404040404066
2023-07-26,24550,24550,23500,23900,528125,-0.030425963488843855
2023-07-27,23800,24600,23800,24400,239116,0.02092050209205021
2023-07-28,24500,24700,24350,24450,138750,0.002049180327868827
2023-07-31,24700,25300,24650,24800,302541,0.014314928425357865
2023-08-01,24900,25450,24800,25450,233843,0.02620967741935476
2023-08-02,25500,25550,25050,25400,200309,-0.0019646365422396617
2023-08-03,25400,25500,25000,25100,186803,-0.011811023622047223
2023-08-04,24950,25550,24950,25450,189683,0.013944223107569709
2023-08-07,25400,25550,25000,25350,158171,-0.003929273084479323
2023-08-08,25600,26150,25500,25850,299687,0.019723865877712132
2023-08-09,25800,25950,25450,25800,185706,-0.0019342359767892114
2023-08-10,26400,26850,26050,26400,528131,0.023255813953488413
2023-08-11,26100,26400,25750,25900,255032,-0.018939393939393923
2023-08-14,25550,25550,24900,25000,384377,-0.03474903474903479
2023-08-16,24750,24800,24350,24400,355114,-0.02400000000000002
2023-08-17,24300,24550,24000,24200,269405,-0.008196721311475419
2023-08-18,24050,24300,24000,24150,160052,-0.0020661157024793875
2023-08-21,24100,24200,23850,23900,223056,-0.010351966873705987
2023-08-22,24000,24050,23750,23850,234073,-0.0020920502092049986
2023-08-23,23800,24050,23800,24050,131851,0.008385744234800763
2023-08-24,24050,24100,23900,24000,127778,-0.0020790020790020236
2023-08-25,23800,24050,23800,24050,128514,0.002083333333333437
2023-08-28,24150,24650,24100,24400,191349,0.01455301455301461
2023-08-29,24500,25100,24450,25050,227197,0.026639344262294973
2023-08-30,24950,25150,24900,25100,172471,0.001996007984031989
2023-08-31,25000,25200,24600,25100,559661,0.0
2023-09-01,24900,25150,24850,24900,178604,-0.007968127490039834
2023-09-04,24750,25050,24650,25000,96490,0.004016064257028162
2023-09-05,24850,25250,24850,25000,135667,0.0
2023-09-06,25000,25050,24500,24550,148466,-0.018000000000000016
2023-09-07,24350,24550,24100,24350,125019,-0.008146639511201648
2023-09-08,24350,24950,24350,24900,214071,0.022587268993839782
2023-09-11,25000,25150,24850,24900,139698,0.0
2023-09-12,25050,25200,24050,24200,511954,-0.028112449799196804
2023-09-13,24250,24700,24100,24450,312860,0.010330578512396604
2023-09-14,24650,25100,24550,24850,316269,0.01635991820040905
2023-09-15,24950,25250,24800,25200,382925,0.014084507042253502
2023-09-18,25050,25150,24800,24950,153208,-0.009920634920634885
2023-09-19,24950,25150,24800,25000,134474,0.002004008016031955
2023-09-20,25150,25250,24800,25150,162623,0.006000000000000005
2023-09-21,25100,25100,24500,24550,214806,-0.02385685884691846
2023-09-22,24350,24500,24200,24400,143113,-0.006109979633401208
2023-09-25,24500,24700,24200,24300,156793,-0.004098360655737654
2023-09-26,24200,24250,23850,23900,207865,-0.016460905349794275
2023-09-27,23850,24050,23700,23900,87856,0.0
2023-10-04,23900,23900,23150,23150,262677,-0.03138075313807531
2023-10-05,23200,23450,23200,23300,124915,0.00647948164146861
2023-10-06,23300,23550,23200,23450,88402,0.006437768240343367
2023-10-10,23800,24350,23700,24050,211221,0.02558635394456288
2023-10-11,24350,24350,23200,23800,161954,-0.01039501039501034
2023-10-12,24000,24000,23600,23800,116119,0.0
2023-10-13,23650,23850,23550,23800,89537,0.0
2023-10-16,23850,24400,23600,24100,268854,0.012605042016806678
2023-10-17,24250,24250,23750,23850,103976,-0.010373443983402453
2023-10-18,23700,24150,23700,24150,112724,0.012578616352201255
2023-10-19,24000,24150,23600,24100,163877,-0.0020703933747412417
2023-10-20,23950,24100,23650,23700,204288,-0.016597510373444035
2023-10-23,23700,23800,23200,23350,188355,-0.014767932489451518
2023-10-24,23500,23500,22750,23200,148613,-0.0064239828693790635
2023-10-25,23200,23350,23050,23350,103525,0.006465517241379226
2023-10-26,22950,23250,22900,23000,180811,-0.01498929336188437
2023-10-27,23000,23300,22850,22950,101909,-0.0021739130434782483
2023-10-30,22950,23250,22850,23250,87639,0.013071895424836555
2023-10-31,23350,23400,22800,22850,120926,-0.017204301075268824
2023-11-01,22900,23150,22800,22900,83445,0.002188183807439792
2023-11-02,23000,23150,22750,22800,150413,-0.004366812227074246
2023-11-03,22900,23000,22800,22900,112774,0.004385964912280604
2023-11-06,23150,23750,23000,23750,263117,0.037117903930131035
2023-11-07,23550,23600,23150,23400,140648,-0.01473684210526316
2023-11-08,23600,23650,23150,23350,132689,-0.002136752136752129
2023-11-09,23350,23400,23100,23100,130572,-0.010706638115631661
2023-11-10,23050,23250,23000,23100,90768,0.0
2023-11-13,23250,23450,23000,23400,134797,0.01298701298701288
2023-11-14,23400,23550,23200,23350,151321,-0.002136752136752129
2023-11-15,23550,23800,23500,23600,162237,0.010706638115631772
2023-11-16,23550,23850,23400,23650,110714,0.0021186440677967155
2023-11-17,23750,23850,23450,23600,122456,-0.0021141649048626032
2023-11-20,23600,23800,23450,23700,117566,0.004237288135593209
2023-11-21,23850,23900,23650,23750,141482,0.0021097046413502962
2023-11-22,23650,23800,23500,23600,76465,-0.0063157894736841635
2023-11-23,23600,24300,23600,24250,309059,0.02754237288135597
2023-11-24,24200,24550,24200,24500,170972,0.010309278350515427
2023-11-27,24300,24650,24300,24600,112122,0.004081632653061273
2023-11-28,24700,24700,24300,24550,117886,-0.002032520325203291
2023-11-29,24550,24700,24350,24500,129808,-0.0020366598778004397
2023-11-30,24650,24850,24350,24850,147489,0.014285714285714235
2023-12-01,24850,24900,24550,24750,106608,-0.004024144869215318
2023-12-04,24850,24850,24550,24650,134836,-0.004040404040404066
2023-12-05,24600,24750,24300,24300,177224,-0.014198782961460488
2023-12-06,24300,24750,24300,24750,102076,0.0185185185185186
2023-12-07,24650,26350,24550,25900,682108,0.04646464646464654
2023-12-08,25950,26050,25450,25600,203572,-0.01158301158301156
2023-12-11,25750,25750,25250,25700,145308,0.00390625
2023-12-12,25750,25900,25550,25650,150385,-0.0019455252918287869
2023-12-13,25900,26000,25600,25650,173024,0.0
2023-12-14,25900,25900,25500,25600,201856,-0.0019493177387914784
2023-12-15,25700,25850,25050,25200,477484,-0.015625
2023-12-18,25500,25750,25050,25250,149986,0.001984126984126977
2023-12-19,25150,25200,24450,25000,349109,-0.00990099009900991
2023-12-20,24950,25100,24750,25050,181454,0.0020000000000000018
2023-12-21,24800,25100,24700,25050,111296,0.0
2023-12-22,25150,25150,24700,24750,121499,-0.0119760479041916
2023-12-26,24850,24900,24550,24550,113021,-0.008080808080808133
2023-12-27,24500,24550,24150,24500,118998,-0.0020366598778004397
2023-12-28,24550,24800,24450,24700,75534,0.008163265306122547
2024-01-02,24700,24800,24400,24600,98927,-0.004048582995951455
2024-01-03,24450,24950,24400,24650,178276,0.00203252032520318
2024-01-04,24600,24700,24300,24350,108644,-0.012170385395537497
2024-01-05,24450,24450,24050,24250,131710,-0.004106776180698102
2024-01-08,24250,24350,24100,24150,67665,-0.004123711340206171
2024-01-09,24300,24500,24200,24350,73483,0.008281573498964745
2024-01-10,24450,24550,24200,24400,89953,0.002053388090349051
2024-01-11,24400,24450,23900,23900,189327,-0.020491803278688492
2024-01-12,23800,23950,23550,23650,150603,-0.010460251046025104
2024-01-15,23650,23800,23500,23550,77066,-0.0042283298097252064
2024-01-16,23600,23800,23400,23600,124415,0.002123142250530785
2024-01-17,23600,23700,22900,23000,233941,-0.025423728813559365
2024-01-18,23000,23200,22900,23000,186598,0.0
2024-01-19,22950,23050,22750,22900,214906,-0.004347826086956497
2024-01-22,22950,23400,22900,23300,117771,0.017467248908296984
2024-01-23,23300,23450,23000,23200,107460,-0.0042918454935622075
2024-01-24,23250,23250,22950,23050,110451,-0.006465517241379337
2024-01-25,23100,23750,22950,23550,169271,0.021691973969631295
2024-01-26,23350,23800,23350,23600,120047,0.002123142250530785
2024-01-29,23600,26450,23400,26300,1650562,0.11440677966101687
2024-01-30,26600,26700,25400,26250,949324,-0.0019011406844106071
2024-01-31,26200,26450,25550,26450,433123,0.007619047619047636
2024-02-01,26200,28550,25800,27550,2202413,0.041587901701323204
2024-02-02,27300,28400,26500,27550,1077453,0.0
2024-02-05,27650,27850,26500,27400,491313,-0.005444646098003658
2024-02-06,27100,27750,26650,26900,337193,-0.018248175182481785
2024-02-07,26950,28250,26750,28000,552923,0.040892193308550207
2024-02-08,27850,28350,27650,27650,371538,-0.012499999999999956
2024-02-13,27900,28050,27250,27300,406071,-0.012658227848101222
2024-02-14,26800,27350,26650,26800,313761,-0.01831501831501836
2024-02-15,27050,27150,26350,26400,320298,-0.014925373134328401
2024-02-16,26650,27150,26500,27150,316421,0.02840909090909083
2024-02-19,27850,30600,27500,30600,3640332,0.1270718232044199
2024-02-20,30900,30950,29350,30100,1336116,-0.016339869281045805
2024-02-21,29950,30500,29400,30000,674298,-0.0033222591362126463
2024-02-22,29850,30450,29350,30150,552783,0.004999999999999893
2024-02-23,30150,31100,29850,30200,514075,0.0016583747927032544
2024-02-26,29850,31800,28350,29850,2076960,-0.011589403973509937
2024-02-27,29500,30500,29450,29650,634825,-0.00670016750418756
2024-02-28,28450,28650,27100,28250,1438260,-0.04721753794266437
2024-02-29,27950,29300,27900,29000,562033,0.026548672566371723
2024-03-04,29250,29400,28800,29200,259081,0.006896551724137945
2024-03-05,28850,29300,28450,29300,245607,0.003424657534246478
2024-03-06,29050,30050,28950,29850,355922,0.018771331058020424
2024-03-07,29950,29950,29550,29600,211140,-0.008375209380234505
2024-03-08,29700,29850,28550,29200,334797,-0.013513513513513487
2024-03-11,28850,29350,28850,28900,129459,-0.010273972602739767
2024-03-12,29150,29200,28000,28300,230843,-0.02076124567474047
2024-03-13,28350,28500,28000,28350,201847,0.0017667844522968323
2024-03-14,28400,29650,28050,29150,476573,0.02821869488536155
2024-03-15,29050,29500,28850,28850,289397,-0.010291595197255532
2024-03-18,28950,29100,28350,28400,179231,-0.01559792027729634
2024-03-19,28250,28550,27200,27350,404204,-0.0369718309859155
2024-03-20,27450,27650,26750,27350,182063,0.0
2024-03-21,27600,28200,27400,27850,200505,0.018281535648994485
2024-03-22,28000,28150,27550,27950,120324,0.0035906642728904536
2024-03-25,27800,27950,27400,27600,119702,-0.012522361359570633
2024-03-26,27600,28000,27250,27250,128972,-0.0126811594202898
2024-03-27,27150,27500,27100,27200,91857,-0.0018348623853210455
2024-03-28,27250,27350,27050,27250,112884,0.0018382352941177516
2024-03-29,27650,27650,26800,26850,157936,-0.014678899082568808
2024-04-01,27200,27200,26450,26800,167120,-0.0018621973929237035
2024-04-02,26550,26750,26300,26400,221658,-0.014925373134328401
2024-04-03,26300,26650,25850,26100,240850,-0.011363636363636354
2024-04-04,26300,26650,26200,26300,131265,0.00766283524904221
2024-04-05,26400,26600,26100,26400,152647,0.0038022813688212143
2024-04-08,26450,26650,25900,26350,135843,-0.0018939393939394478
2024-04-09,26350,26850,26250,26850,187345,0.018975332068311257
2024-04-11,26450,26800,25800,25800,315933,-0.03910614525139666
2024-04-12,25850,25850,24550,24650,317775,-0.04457364341085268
2024-04-15,24650,26400,24550,26300,459455,0.06693711967545646
2024-04-16,26300,26450,25000,25650,236887,-0.024714828897338448
2024-04-17,25700,25700,24850,25000,199852,-0.025341130604288553
2024-04-18,25150,25750,25050,25450,166556,0.018000000000000016
2024-04-19,25100,25150,24600,24800,172774,-0.025540275049115935
2024-04-22,25700,26450,25450,25700,317342,0.03629032258064524
2024-04-23,25650,26850,25500,26800,298636,0.04280155642023353
2024-04-24,26700,26800,26350,26550,133222,-0.009328358208955279
2024-04-25,26300,27100,26300,26850,159360,0.011299435028248483
2024-04-26,26850,27050,26550,26850,157014,0.0
2024-04-29,26850,27650,26600,27500,253632,0.024208566108007368
2024-04-30,27200,27700,27150,27600,200591,0.0036363636363636598
2024-05-02,27500,27550,26950,27350,121365,-0.009057971014492794
2024-05-03,27600,27600,26950,27500,101472,0.005484460694698434
2024-05-07,27700,27850,27450,27800,175983,0.01090909090909098
2024-05-08,27750,27800,27250,27600,113922,-0.007194244604316502
2024-05-09,27850,29150,27600,27950,443595,0.0126811594202898
2024-05-10,28200,29050,27950,28150,447134,0.007155635062611854
2024-05-13,28150,28250,26300,26400,522525,-0.06216696269982236
2024-05-14,27000,27700,26500,27700,484233,0.04924242424242431
2024-05-16,27750,28900,27500,28900,368140,0.04332129963898912
2024-05-17,28700,28850,28300,28800,163363,-0.0034602076124568004
2024-05-20,28800,29100,28650,29000,158421,0.00694444444444442
2024-05-21,29000,29500,28800,29350,310949,0.012068965517241459
2024-05-22,29550,29600,29050,29400,247583,0.0017035775127767216
2024-05-23,29400,29450,28750,29450,193714,0.001700680272108901
2024-05-24,29050,29200,28650,29150,151267,-0.01018675721561968
2024-05-27,29150,29300,28800,28950,145418,-0.006861063464837058
2024-05-28,28950,29050,28500,28800,104144,-0.005181347150259086
2024-05-29,28550,28950,28400,28900,120867,0.003472222222222321
2024-05-30,28650,28900,28300,28400,142248,-0.01730103806228378
2024-05-31,28400,29800,28300,29800,357238,0.04929577464788726
2024-06-03,29800,38700,29700,38700,13412864,0.29865771812080544
2024-06-04,40800,49350,38750,39400,33946477,0.01808785529715773
2024-06-05,39000,44650,37350,43700,23475149,0.1091370558375635
2024-06-07,43700,43700,37900,38200,3258881,-0.1258581235697941
2024-06-10,37500,42000,37500,41100,1759009,0.0759162303664922
2024-06-11,42650,44000,41700,44000,1930077,0.07055961070559613
2024-06-12,43700,48500,43050,45800,12062387,0.040909090909091006
2024-06-13,44450,53300,44450,51800,18854224,0.13100436681222716
2024-06-14,52200,56500,51100,51800,9530248,0.0
2024-06-17,53300,56500,51600,53300,7329297,0.02895752895752901
2024-06-18,54300,60800,53800,55800,13197149,0.046904315196998114
2024-06-19,56900,57400,53200,55800,6512102,0.0
2024-06-20,59200,64500,56500,63500,12497795,0.13799283154121866
2024-06-21,62000,63900,59000,61900,6346389,-0.025196850393700787
2024-06-24,60600,64000,60000,63500,5466606,0.025848142164781818
2024-06-25,63200,63800,58700,59400,4128647,-0.06456692913385831
2024-06-26,58900,59400,54800,56600,5776489,-0.047138047138047146
2024-06-27,56500,57200,52700,53100,4192884,-0.06183745583038869
2024-06-28,53400,54700,51800,52200,4247507,-0.016949152542372836
2024-07-01,52500,54000,51300,52500,3482561,0.005747126436781658
2024-07-02,53500,54000,46100,46250,9004470,-0.11904761904761907
2024-07-03,46100,46500,43950,45100,4408092,-0.024864864864864833
2024-07-04,45450,47550,44600,45250,5195038,0.003325942350332678
2024-07-05,45050,47750,45000,47050,5418517,0.03977900552486191
2024-07-08,47150,48800,45500,47600,4489416,0.011689691817215797
2024-07-09,48000,48200,45650,45700,2339120,-0.03991596638655459
2024-07-10,45350,45800,43300,44000,3077357,-0.03719912472647702
2024-07-11,44100,47000,43800,46450,3737033,0.055681818181818166
2024-07-12,45550,46750,42500,43100,3925099,-0.07212055974165765
2024-07-15,43250,43500,41650,42450,1857763,-0.015081206496519672
2024-07-16,43150,43750,41450,41550,3008364,-0.021201413427561877
2024-07-17,41350,41650,40100,40200,1956655,-0.032490974729241895
2024-07-18,40850,42900,39950,41400,4662097,0.029850746268656803
2024-07-19,41650,42650,41200,41700,1731048,0.007246376811594235
2024-07-22,41850,42500,40550,40900,1429381,-0.01918465227817745
2024-07-23,41000,41700,40300,41300,1282278,0.009779951100244544
2024-07-24,40750,42250,40550,40700,1148622,-0.014527845036319653
2024-07-25,40000,40400,38200,38650,1891506,-0.05036855036855037
2024-07-26,38450,39300,38250,38950,837536,0.0077619663648125226
2024-07-29,42250,45750,41600,44100,11112624,0.1322207958921695
2024-07-30,44700,44700,41650,42400,3689302,-0.038548752834467126
2024-07-31,42100,45150,41650,44500,3865756,0.04952830188679247
2024-08-01,43900,44600,42950,43200,1581650,-0.02921348314606742
2024-08-02,42000,43650,40900,41400,1983637,-0.04166666666666663
2024-08-05,40350,40950,36500,37950,2254302,-0.08333333333333337
2024-08-06,39200,41400,38950,40450,1989094,0.06587615283267456
2024-08-07,42300,44300,41800,42150,4286919,0.04202719406674915
2024-08-08,41350,42700,40650,41250,1264375,-0.02135231316725983
2024-08-09,41900,43050,41250,41400,1944845,0.0036363636363636598
2024-08-12,42800,47600,42550,46200,8528647,0.11594202898550732
2024-08-13,46850,48100,45900,47000,4863796,0.017316017316017396
2024-08-14,47250,48750,46100,47450,3625409,0.009574468085106425
2024-08-16,47500,51100,47500,50500,4853397,0.0642781875658589
2024-08-19,50800,50900,46200,46900,3726764,-0.07128712871287124
2024-08-20,48000,48850,45650,46300,3286783,-0.01279317697228144
2024-08-21,45850,47550,45850,46900,2094768,0.012958963282937441
2024-08-22,46500,48650,46100,47150,2454283,0.005330490405117239
2024-08-23,47000,48950,47000,48600,2917756,0.030752916224814353
2024-08-26,49100,52100,47400,50300,5021922,0.034979423868312765
2024-08-27,50700,52800,49200,51600,3604466,0.025844930417495027
2024-08-28,51100,51700,49450,50100,2378946,-0.029069767441860517
2024-08-29,49450,52000,49450,50300,2504351,0.003992015968063978
2024-08-30,51300,53000,49300,52200,3639889,0.0377733598409542
2024-09-02,52500,52700,51100,51100,1463489,-0.021072796934865856
2024-09-03,51700,53800,51400,53300,3230801,0.04305283757338563
2024-09-04,51500,52600,50100,50300,2524124,-0.05628517823639778
2024-09-05,51300,52200,46350,48450,3975171,-0.036779324055665974
2024-09-06,47650,48300,44400,44900,2907257,-0.0732714138286894
2024-09-09,45400,46800,44900,45700,2186281,0.017817371937639104
2024-09-10,45650,46150,44400,44600,1040545,-0.024070021881838044
2024-09-11,44400,44950,43600,44550,1259586,-0.0011210762331838042
2024-09-12,44650,45400,43950,45300,1417653,0.01683501683501687
2024-09-13,45200,47650,45150,46200,2245185,0.019867549668874274
2024-09-19,46500,47700,45750,47100,1247560,0.01948051948051943
2024-09-20,47700,52300,46700,50800,4763427,0.07855626326963905
2024-09-23,50800,50900,49000,50000,1593110,-0.015748031496062964
2024-09-24,50500,51000,48500,48900,1971262,-0.02200000000000002
2024-09-25,49350,49800,46250,46350,2894486,-0.05214723926380371
2024-09-26,46200,47550,46000,47200,1613893,0.01833872707659112
2024-09-27,46850,47500,46250,46350,1361512,-0.018008474576271194
2024-09-30,46150,47200,46150,46600,708809,0.005393743257820827
2024-10-02,46550,46600,42950,43000,2139987,-0.07725321888412018
2024-10-04,42500,44650,42250,44300,1107080,0.03023255813953485
2024-10-07,44650,44700,43500,44350,761315,0.0011286681715576563
2024-10-08,44050,44650,43000,44100,917776,-0.005636978579481422
2024-10-10,44400,44600,43350,43750,745547,-0.007936507936507908
2024-10-11,43850,44900,43650,43850,591424,0.0022857142857142243
2024-10-14,43850,43950,43200,43600,556347,-0.005701254275940704
2024-10-15,43550,44000,43450,43750,596734,0.0034403669724769603
2024-10-16,44500,45050,41350,41800,1619919,-0.044571428571428595
2024-10-17,41350,41650,40100,40900,1105347,-0.021531100478468845
2024-10-18,40650,41500,40400,40700,572326,-0.004889975550122272
2024-10-21,41500,42200,40350,40850,814051,0.0036855036855036882
2024-10-22,40550,41250,39750,40650,727769,-0.004895960832313362
2024-10-23,40350,41750,40200,41050,722581,0.009840098400984099
2024-10-24,40600,40950,40000,40250,456589,-0.01948842874543244
2024-10-25,40300,40900,40000,40350,470753,0.00248447204968949
2024-10-28,40300,40950,40100,40950,360612,0.014869888475836479
2024-10-29,40650,40800,38350,39500,1254619,-0.035409035409035394
2024-10-30,39250,39500,38600,39400,365540,-0.0025316455696202667
2024-10-31,39350,39400,38300,39200,482446,-0.005076142131979711
2024-11-01,38550,38700,37750,37750,630013,-0.036989795918367374
2024-11-04,38650,41000,38350,40500,1457457,0.07284768211920523
2024-11-05,40850,41550,40250,40700,818944,0.004938271604938205
2024-11-06,40700,40850,39450,40000,715840,-0.017199017199017175
2024-11-07,39750,42750,38850,42000,2144314,0.050000000000000044
2024-11-08,42350,43500,41000,41550,1217125,-0.010714285714285676
2024-11-11,41000,41150,39600,40000,679252,-0.03730445246690739
2024-11-12,40000,42300,38700,40050,1994187,0.0012499999999999734
2024-11-13,39150,41800,39000,40400,1328529,0.008739076154806513
2024-11-14,40700,41550,40000,40800,712663,0.00990099009900991
2024-11-15,40800,41300,40000,40450,567349,-0.008578431372548989
2024-11-18,40150,42450,40150,42100,1044714,0.040791100123609425
2024-11-19,42050,46000,42000,46000,2840727,0.09263657957244664
2024-11-20,46000,46150,44400,45200,1329260,-0.017391304347826098
2024-11-21,45400,47450,45350,46450,1937235,0.02765486725663724
2024-11-22,46450,47100,45700,46350,1133507,-0.0021528525296017342
2024-11-25,47250,48150,46550,47650,1305560,0.028047464940668787
2024-11-26,47700,48100,47100,47200,891478,-0.009443861490031513
2024-11-27,47350,47600,44800,45450,1757349,-0.037076271186440635
2024-11-28,46000,46450,44000,44950,1156433,-0.011001100110010986
2024-11-29,45200,45500,44150,44650,531878,-0.006674082313681828
2024-12-02,42950,43500,39800,40050,2511076,-0.10302351623740202
2024-12-03,39600,40950,39500,40800,1029755,0.01872659176029967
2024-12-04,36650,38150,32650,33150,8024698,-0.1875
2024-12-05,34100,35300,33200,34650,3286274,0.045248868778280604
2024-12-06,34500,35450,31200,32350,3413984,-0.06637806637806642
2024-12-09,32850,33400,31500,31750,1766814,-0.018547140649149974
2024-12-10,32350,34500,32250,33700,1850262,0.06141732283464574
2024-12-11,33350,33350,32300,33050,1001881,-0.01928783382789323
2024-12-12,33200,33950,32600,33450,1383674,0.012102874432677657
2024-12-13,33150,33250,32450,32650,939319,-0.02391629297458897
2024-12-16,33000,34350,32950,33850,1478852,0.03675344563552829
2024-12-17,34250,35500,33600,34700,1551883,0.025110782865583436
2024-12-18,35000,35100,34200,34800,720467,0.0028818443804035088
2024-12-19,34000,34150,33400,33750,652040,-0.030172413793103425
2024-12-20,33450,34950,33400,34450,976214,0.020740740740740726
2024-12-23,34650,36000,34350,35950,1027470,0.04354136429608135
2024-12-24,36000,36050,35150,35800,698501,-0.004172461752433909
2024-12-26,36000,36100,34850,35100,839444,-0.019553072625698276
2024-12-27,34450,35050,33850,34150,608976,-0.027065527065527117
2024-12-30,33900,35200,33900,34700,417854,0.016105417276720324
2025-01-02,34800,35100,33800,34100,453550,-0.01729106628242072
2025-01-03,33900,35050,33850,34700,475173,0.017595307917888547
2025-01-06,34950,35300,34500,35250,440681,0.015850144092218965
2025-01-07,35400,36800,35300,36650,903023,0.039716312056737646
2025-01-08,36300,36500,35700,35850,550460,-0.021828103683492528
2025-01-09,36050,36250,35300,35750,608755,-0.002789400278940035
2025-01-10,35750,36050,35200,35900,381227,0.00419580419580412
2025-01-13,35750,36500,35700,36100,495349,0.0055710306406684396
2025-01-14,36400,36400,35500,35600,325239,-0.013850415512465353
2025-01-15,35450,35500,34200,35000,688046,-0.016853932584269704
2025-01-16,35350,35850,35050,35300,428266,0.008571428571428674
2025-01-17,35250,36000,34950,35700,627501,0.011331444759206777
2025-01-20,35700,36850,35550,36450,735568,0.021008403361344463
2025-01-21,36850,37750,36200,36450,538326,0.0
2025-01-22,36550,37250,36450,36700,470008,0.006858710562414272
2025-01-23,36700,36750,34450,34450,813268,-0.06130790190735691
2025-01-24,34900,35500,34600,35050,451582,0.01741654571843254
2025-01-31,35200,35200,33950,34200,443545,-0.024251069900142697
2025-02-03,38100,38900,35700,36350,3582655,0.0628654970760234
2025-02-04,36350,37250,34550,34550,1525191,-0.04951856946354882
2025-02-05,35100,36500,35050,36000,1023338,0.04196816208393628
2025-02-06,36000,36150,35250,35450,697543,-0.015277777777777724
2025-02-07,30250,31550,30000,30550,4616141,-0.1382228490832158
2025-02-10,30550,30800,30050,30100,1034307,-0.014729950900163713
2025-02-11,30250,30500,29600,30050,940894,-0.0016611295681062677
2025-02-12,29950,30500,29850,30450,555760,0.01331114808652245
2025-02-13,30550,31950,30250,31850,1372611,0.04597701149425282
2025-02-14,31900,32150,31550,31600,547549,-0.00784929356357933
2025-02-17,31700,33250,31700,33200,737850,0.05063291139240511
2025-02-18,33200,33550,32650,33350,527316,0.004518072289156683
2025-02-19,33400,35100,33350,34750,1222968,0.04197901049475261
2025-02-20,35000,36200,34550,35350,1137709,0.01726618705035965
2025-02-21,35450,35550,34150,34650,1045166,-0.01980198019801982
2025-02-24,34000,36350,33900,36300,1055719,0.04761904761904767
2025-02-25,36250,38150,35600,37950,1367555,0.045454545454545414
2025-02-26,37950,38250,36800,37300,930123,-0.017127799736495364
2025-02-27,37100,37150,34800,35500,1159840,-0.04825737265415553
2025-02-28,35050,35650,34350,34900,603521,-0.016901408450704203
2025-03-04,34400,35850,34200,35550,607992,0.018624641833810962
2025-03-05,35300,42200,35300,40100,6900962,0.12798874824191286
2025-03-06,41100,41800,39450,39600,2434763,-0.012468827930174564
2025-03-07,39300,39550,38200,38300,1354325,-0.03282828282828287
2025-03-10,38650,38850,37250,38550,912351,0.006527415143603221
2025-03-11,37500,38450,36500,36850,1016827,-0.04409857328145261
2025-03-12,37300,37550,35700,35850,1126281,-0.027137042062415184
2025-03-13,36000,36900,35900,36700,1227337,0.023709902370990132
2025-03-14,37100,37800,36700,36750,765861,0.0013623978201635634
2025-03-17,36850,37700,36300,36850,593202,0.0027210884353741083
2025-03-18,37000,37400,36350,36500,506284,-0.009497964721845276
2025-03-19,36550,37600,36000,37400,714589,0.024657534246575352
2025-03-20,37700,37950,36250,36400,619780,-0.0267379679144385
2025-03-21,36150,37900,35450,37550,913902,0.0315934065934067
2025-03-24,38200,38250,36450,37100,485983,-0.011984021304926817
2025-03-25,37000,37300,36050,36200,355087,-0.02425876010781669
2025-03-26,36550,36900,36150,36300,274480,0.0027624309392264568
2025-03-27,36500,36950,35850,35900,312509,-0.011019283746556474
2025-03-28,35900,36050,35000,35250,317643,-0.01810584958217265
2025-03-31,34600,36100,34500,35650,361868,0.01134751773049647
2025-04-01,36000,37000,35700,36700,415394,0.029453015427769902
2025-04-02,36900,36900,35500,35650,352075,-0.028610354223433276
2025-04-03,35050,36550,34500,36300,372533,0.018232819074333717
2025-04-04,36150,37300,32800,34250,1500701,-0.05647382920110189
2025-04-07,32950,33500,32600,32700,468779,-0.045255474452554734
2025-04-08,33200,33750,32350,32500,341947,-0.006116207951070374
2025-04-09,34000,34450,32750,33700,659288,0.036923076923076836
2025-04-10,34700,35400,34050,35400,544047,0.05044510385756684
2025-04-11,34700,35250,34200,34850,326824,-0.015536723163841804
2025-04-14,35100,35750,34750,35750,276324,0.02582496413199431
2025-04-15,36550,37250,35950,36650,509076,0.025174825174825166
2025-04-16,36850,36850,35750,35900,262657,-0.02046384720327421
2025-04-17,35900,36450,35850,36300,208999,0.011142061281337101
2025-04-18,36450,36550,35900,36400,164535,0.0027548209366390353
2025-04-21,36600,37600,36400,37200,414238,0.0219780219780219
2025-04-22,36850,38250,36850,38100,452040,0.024193548387096753
2025-04-23,38300,38900,37700,38750,509941,0.017060367454068137
2025-04-24,38700,38950,37700,37950,391177,-0.020645161290322567
2025-04-25,38100,38500,36950,37800,437912,-0.0039525691699604515
2025-04-28,37500,39250,37500,38800,482302,0.02645502645502651
2025-04-29,38800,39100,38250,38850,288509,0.0012886597938144284
2025-04-30,38700,39200,38000,38850,306378,0.0
2025-05-02,38500,38650,37800,38250,227711,-0.015444015444015413
2025-05-07,38450,38800,38150,38250,182985,0.0
2025-05-08,38300,38350,37600,37700,269703,-0.01437908496732021
2025-05-09,37850,38050,37500,37800,146089,0.0026525198938991412
2025-05-12,38000,38600,37850,38100,198032,0.007936507936507908
2025-05-13,38200,38600,37400,38050,468260,-0.001312335958005284
2025-05-14,37450,37450,35700,35850,1013948,-0.05781865965834432
2025-05-15,35850,36050,35500,35950,310722,0.002789400278939924
2025-05-16,36000,36750,36000,36700,365963,0.020862308762169768
2025-05-19,36550,36850,36400,36600,226453,-0.0027247956403270157
2025-05-20,36900,38050,36700,38050,419584,0.039617486338797914
2025-05-21,38000,38500,37450,38500,344318,0.01182654402102501
2025-05-22,38400,38800,37800,37950,306043,-0.014285714285714235
2025-05-23,38200,39350,37800,39000,519871,0.027667984189723382
2025-05-26,39650,41900,39550,41750,1051936,0.07051282051282048
2025-05-27,42000,42000,40600,41200,508717,-0.013173652694610793
2025-05-28,40950,41375,40300,40500,503009,-0.016990291262135915
2025-05-29,40950,41300,39850,40200,399599,-0.007407407407407418
2025-05-30,40600,41500,40450,41350,479623,0.028606965174129417
2025-06-02,42000,42050,39250,39900,672020,-0.035066505441354257
2025-06-04,40200,40700,39000,40600,433751,0.01754385964912286
2025-06-05,41000,41500,39350,40350,455902,-0.006157635467980316
2025-06-09,40950,42300,40650,41500,526847,0.028500619578686548
2025-06-10,41200,41300,37100,37750,1626701,-0.09036144578313254
2025-06-11,38050,38100,37450,37850,554929,0.0026490066225166586
2025-06-12,38200,38800,38050,38300,495292,0.011889035667107084
2025-06-13,38450,38800,37600,38800,513863,0.01305483028720622
2025-06-16,40000,40000,38700,38950,585782,0.0038659793814432852
2025-06-17,38550,39000,37850,38500,705457,-0.011553273427471145
2025-06-18,38600,38600,37950,38150,319041,-0.009090909090909038
2025-06-19,38200,38200,37350,37800,387279,-0.00917431192660545
2025-06-20,37900,38150,37600,38150,345126,0.0092592592592593
2025-06-23,39300,39350,37700,37800,550913,-0.00917431192660545
2025-06-24,37500,39650,37350,39450,837805,0.04365079365079372
2025-06-25,40500,45300,40300,41900,4194947,0.06210392902408102
2025-06-26,41100,41150,39650,40900,888653,-0.023866348448687402
2025-06-27,40700,41350,39700,39850,478200,-0.025672371638141844
2025-06-30,39900,42100,39850,41650,955453,0.04516938519447922
2025-07-01,42000,42450,41200,41500,682930,-0.0036014405762304635
2025-07-02,41700,41750,40300,41450,403801,-0.001204819277108471
2025-07-03,41950,44700,41850,43800,1453023,0.05669481302774426
2025-07-04,45750,49350,44900,47350,5476816,0.08105022831050235
2025-07-07,46400,46800,43100,43950,1887405,-0.07180570221752902
2025-07-08,43850,45100,43600,44800,1102119,0.019340159271899804
2025-07-09,44600,44950,43400,44800,568560,0.0
2025-07-10,45800,46200,44400,45700,996843,0.02008928571428581
2025-07-11,45400,45850,44850,45500,509320,-0.004376367614879695
2025-07-14,45650,46300,45400,46150,478258,0.014285714285714235
2025-07-15,46150,46750,45500,45850,502731,-0.00650054171180936
2025-07-16,45600,46250,44350,44500,623202,-0.0294438386041439
2025-07-17,44700,45300,43750,44600,430935,0.0022471910112360494
2025-07-18,44600,44650,43600,44050,348827,-0.012331838565022402
