Date,Open,High,Low,Close,Volume,Change
2022-01-03,15050,15500,14850,15000,5509759,0.016949152542372836
2022-01-04,15100,15200,14350,14400,4642861,-0.040000000000000036
2022-01-05,14400,14450,13550,13700,6081584,-0.04861111111111116
2022-01-06,13250,13550,12550,12650,7832350,-0.07664233576642332
2022-01-07,13000,13450,12700,12850,6516869,0.015810276679841806
2022-01-10,12850,13050,12350,12850,4765592,0.0
2022-01-11,12800,12950,11500,12000,8914796,-0.06614785992217898
2022-01-12,12250,12400,11850,11950,5333657,-0.004166666666666652
2022-01-13,12150,12350,11400,11400,5110306,-0.046025104602510414
2022-01-14,11200,11650,11000,11300,4908685,-0.00877192982456143
2022-01-17,11400,11400,10750,11250,4519888,-0.004424778761061954
2022-01-18,11350,11850,10700,10900,10548150,-0.03111111111111109
2022-01-19,11350,11550,10950,11000,7998741,0.00917431192660545
2022-01-20,11150,12000,11100,11950,8817340,0.08636363636363642
2022-01-21,11650,11850,11150,11250,5196951,-0.05857740585774063
2022-01-24,11000,11400,10900,11150,4090712,-0.008888888888888835
2022-01-25,11300,11350,10350,10550,5673366,-0.053811659192825156
2022-01-26,10650,10900,10400,10400,4438081,-0.014218009478673022
2022-01-27,10600,10650,9890,9910,5201802,-0.04711538461538467
2022-01-28,10100,10150,9400,9860,6329032,-0.005045408678102881
2022-02-03,10050,10200,9910,10050,3298458,0.01926977687626774
2022-02-04,10050,10750,10000,10450,4669180,0.03980099502487566
2022-02-07,10700,10800,10300,10400,2942579,-0.004784688995215336
2022-02-08,10550,11900,10500,11450,22103907,0.10096153846153855
2022-02-09,11750,11850,11200,11400,5529537,-0.004366812227074246
2022-02-10,11200,11250,10400,10400,4862567,-0.08771929824561409
2022-02-11,10250,10850,10150,10400,4102333,0.0
2022-02-14,10150,10350,9660,9700,3861878,-0.06730769230769229
2022-02-15,9730,10650,9450,10300,13831716,0.061855670103092786
2022-02-16,10650,11100,10300,10450,8129728,0.014563106796116498
2022-02-17,10600,10900,9640,10300,6353880,-0.014354066985645897
2022-02-18,10000,10400,9950,10200,2920972,-0.009708737864077666
2022-02-21,9940,10400,9880,10100,2653938,-0.009803921568627416
2022-02-22,9860,10100,9740,9810,2621718,-0.02871287128712874
2022-02-23,9950,10100,9920,9980,2043010,0.017329255861366022
2022-02-24,9810,9950,9350,9350,3128043,-0.06312625250501003
2022-02-25,9640,9950,9630,9680,3626907,0.03529411764705892
2022-02-28,9690,10050,9610,9810,2384313,0.013429752066115741
2022-03-02,10150,10250,9990,10050,2059206,0.024464831804281273
2022-03-03,10200,10700,10050,10700,4866646,0.06467661691542292
2022-03-04,10550,10600,10200,10400,2498030,-0.028037383177570097
2022-03-07,10100,10750,10000,10450,2667166,0.004807692307692291
2022-03-08,10300,10650,10200,10300,2259979,-0.014354066985645897
2022-03-10,10700,10750,10350,10400,2428741,0.009708737864077666
2022-03-11,10450,10900,10450,10750,3689181,0.033653846153846256
2022-03-14,10800,10800,10300,10450,1907003,-0.027906976744186074
2022-03-15,10400,10500,10050,10050,1848337,-0.038277511961722466
2022-03-16,10250,11300,10200,11150,8691800,0.1094527363184079
2022-03-17,11200,11750,11000,11450,8894200,0.026905829596412634
2022-03-18,11550,12050,11400,11750,9164163,0.026200873362445476
2022-03-21,11900,12200,11600,11700,6277337,-0.004255319148936176
2022-03-22,11550,12050,11550,11900,3769808,0.017094017094017033
2022-03-23,12050,12050,11500,11550,3062542,-0.02941176470588236
2022-03-24,11600,12000,11550,11600,4163585,0.0043290043290042934
2022-03-25,11700,12250,11550,11950,5639958,0.030172413793103425
2022-03-28,12150,12200,11650,11750,2887350,-0.01673640167364021
2022-03-29,11900,12900,11850,12500,13291234,0.06382978723404253
2022-03-30,12550,12600,12050,12500,4188381,0.0
2022-03-31,12400,12700,12250,12350,2742266,-0.01200000000000001
2022-04-01,12200,12250,11500,11500,5074889,-0.06882591093117407
2022-04-04,11600,11850,11550,11600,2400389,0.008695652173912993
2022-04-05,11750,11800,11450,11550,1533277,-0.004310344827586188
2022-04-06,11400,11450,11050,11250,1886226,-0.025974025974025983
2022-04-07,11100,11150,10500,10600,2949878,-0.05777777777777782
2022-04-08,10700,10900,10500,10600,1971882,0.0
2022-04-11,10550,10750,10300,10350,1569388,-0.02358490566037741
2022-04-12,10150,10500,10100,10300,1602639,-0.004830917874396157
2022-04-13,10300,10450,10200,10350,1322163,0.004854368932038833
2022-04-14,10400,10550,10350,10350,1061858,0.0
2022-04-15,10200,10250,10100,10150,1166013,-0.019323671497584516
2022-04-18,10050,10350,10050,10100,1012064,-0.0049261083743842304
2022-04-19,10300,10450,10150,10200,1360912,0.00990099009900991
2022-04-20,10300,10650,10250,10300,1696190,0.009803921568627416
2022-04-21,10300,10450,10250,10250,1010796,-0.004854368932038833
2022-04-22,10350,10450,10100,10150,1271641,-0.009756097560975618
2022-04-25,9940,10050,9840,9840,1308545,-0.030541871921182295
2022-04-26,9910,10050,9800,9830,1031747,-0.00101626016260159
2022-04-27,9500,9660,9450,9630,1296280,-0.020345879959308255
2022-04-28,9720,9820,9530,9570,802393,-0.006230529595015577
2022-04-29,9630,9850,9610,9640,987977,0.007314524555903867
2022-05-02,9260,9380,9100,9380,2297092,-0.026970954356846488
2022-05-03,9480,9560,9260,9280,1496099,-0.010660980810234588
2022-05-04,9360,9470,9180,9240,1359481,-0.004310344827586188
2022-05-06,9100,9240,9080,9160,766554,-0.008658008658008698
2022-05-09,9100,9180,8840,8850,1189395,-0.03384279475982532
2022-05-10,8600,8880,8470,8820,1634237,-0.003389830508474523
2022-05-11,8700,8940,8700,8910,877328,0.010204081632652962
2022-05-12,8730,8800,8440,8440,1564623,-0.052749719416386065
2022-05-13,8450,8640,8450,8580,1006010,0.016587677725118377
2022-05-16,8620,8930,8620,8750,1425299,0.019813519813519864
2022-05-17,8710,8920,8700,8780,930392,0.0034285714285713365
2022-05-18,8880,9060,8650,8680,1419719,-0.011389521640091105
2022-05-19,8420,8520,8340,8450,718550,-0.026497695852534586
2022-05-20,8530,8910,8530,8850,1213916,0.047337278106508895
2022-05-23,8830,9060,8780,9000,1009635,0.016949152542372836
2022-05-24,9010,9300,8850,8880,1570947,-0.013333333333333308
2022-05-25,8940,9110,8850,8920,1011052,0.0045045045045044585
2022-05-26,8960,9620,8940,9080,5433733,0.017937219730941756
2022-05-27,9180,9280,9110,9110,1045882,0.0033039647577093323
2022-05-30,9230,9320,9200,9300,942663,0.020856201975850697
2022-05-31,9380,9430,9170,9430,2203765,0.013978494623655857
2022-06-02,9400,9490,9300,9400,752168,-0.0031813361611876534
2022-06-03,9500,9620,9350,9380,1265825,-0.0021276595744680327
2022-06-07,9400,9400,9080,9100,723744,-0.02985074626865669
2022-06-08,9100,9200,9020,9080,482550,-0.00219780219780219
2022-06-09,9040,9120,8700,8990,1536448,-0.009911894273127775
2022-06-10,8830,8900,8590,8590,2186787,-0.04449388209121241
2022-06-13,8240,8330,7750,7750,2157683,-0.09778812572759021
2022-06-14,7430,7970,7340,7800,2316249,0.006451612903225712
2022-06-15,7710,7850,7370,7410,1441557,-0.050000000000000044
2022-06-16,7560,7710,7340,7370,1090988,-0.005398110661268607
2022-06-17,7070,7730,7070,7730,1536917,0.048846675712347354
2022-06-20,7730,7740,7150,7250,1039544,-0.0620957309184994
2022-06-21,7250,7600,7200,7540,1245160,0.040000000000000036
2022-06-22,7540,7590,7060,7080,1317063,-0.06100795755968169
2022-06-23,7040,7220,6700,6700,1482051,-0.053672316384180796
2022-06-24,6700,7240,6700,7200,1779538,0.07462686567164178
2022-06-27,7220,7410,7130,7310,1120946,0.015277777777777724
2022-06-28,7290,7390,7190,7380,586407,0.009575923392612928
2022-06-29,7240,7400,7150,7290,622770,-0.012195121951219523
2022-06-30,7290,7320,7000,7040,736634,-0.03429355281207136
2022-07-01,7240,7850,6800,6800,7335926,-0.03409090909090906
2022-07-04,6830,7060,6490,6590,1833580,-0.030882352941176472
2022-07-05,6680,7080,6680,7020,2190275,0.06525037936267064
2022-07-06,6980,7170,6930,6960,1347294,-0.008547008547008517
2022-07-07,7060,7120,6970,7100,739263,0.02011494252873569
2022-07-08,7200,7360,7130,7170,981682,0.009859154929577452
2022-07-11,7240,7450,7040,7170,1279158,0.0
2022-07-12,7100,7210,6960,7000,947345,-0.023709902370990243
2022-07-13,6950,7190,6950,7160,812770,0.02285714285714291
2022-07-14,7150,7350,7080,7280,1221508,0.016759776536312776
2022-07-15,7340,7340,7110,7150,657461,-0.017857142857142905
2022-07-18,7240,7430,7230,7380,1028343,0.032167832167832255
2022-07-19,7440,7510,7340,7430,917739,0.006775067750677488
2022-07-20,7660,7750,7360,7400,1870174,-0.004037685060565233
2022-07-21,7420,7580,7410,7480,795178,0.0108108108108107
2022-07-22,7510,7550,7210,7280,849568,-0.0267379679144385
2022-07-25,7330,7710,7270,7280,2811400,0.0
2022-07-26,7250,7320,7130,7190,942451,-0.012362637362637319
2022-07-27,7210,7320,7140,7190,915845,0.0
2022-07-28,7360,7480,7250,7300,1601726,0.015299026425591
2022-07-29,7370,7520,7360,7450,1169906,0.020547945205479534
2022-08-01,7520,7820,7360,7360,3812465,-0.012080536912751683
2022-08-02,7340,7380,7180,7250,1018614,-0.014945652173913082
2022-08-03,7220,7570,7160,7500,2028384,0.034482758620689724
2022-08-04,7540,8150,7510,8050,9649997,0.07333333333333325
2022-08-05,7950,8010,7720,7770,2374503,-0.034782608695652195
2022-08-08,7780,7810,7570,7780,1844889,0.0012870012870012104
2022-08-09,7750,7840,7650,7750,1056089,-0.003856041131105381
2022-08-10,7650,7780,7550,7550,989255,-0.02580645161290318
2022-08-11,7700,8260,7660,8160,7526345,0.08079470198675498
2022-08-12,7980,8000,7860,7900,2392144,-0.031862745098039214
2022-08-16,7970,8000,7800,7810,1423573,-0.011392405063291089
2022-08-17,7770,7790,7540,7560,1727908,-0.03201024327784896
2022-08-18,7490,7670,7460,7500,1202831,-0.007936507936507908
2022-08-19,7530,7550,7350,7350,873327,-0.020000000000000018
2022-08-22,7200,7230,7080,7080,872778,-0.03673469387755102
2022-08-23,6990,7140,6930,6950,961795,-0.01836158192090398
2022-08-24,6990,7150,6960,7130,651987,0.025899280575539585
2022-08-25,7110,7280,7090,7240,549961,0.015427769985974837
2022-08-26,7280,7360,7250,7290,554853,0.006906077348066253
2022-08-29,7000,7140,6960,7080,833156,-0.028806584362139898
2022-08-30,7100,7400,7100,7300,852156,0.031073446327683607
2022-08-31,7190,7360,7190,7320,427417,0.00273972602739736
2022-09-01,7250,7250,7060,7080,691737,-0.032786885245901676
2022-09-02,7100,7160,6930,6970,578593,-0.015536723163841804
2022-09-05,6860,7030,6820,6840,538918,-0.0186513629842181
2022-09-06,6850,7150,6820,6850,903096,0.0014619883040936088
2022-09-07,6790,6800,6490,6510,955916,-0.04963503649635037
2022-09-08,6630,6880,6630,6710,1001470,0.030721966205837115
2022-09-13,6850,7030,6850,6960,844231,0.037257824143070106
2022-09-14,6700,6910,6650,6830,584951,-0.01867816091954022
2022-09-15,6900,6900,6750,6830,631255,0.0
2022-09-16,6750,6950,6550,6660,1161450,-0.024890190336749662
2022-09-19,6610,6650,6340,6370,889932,-0.043543543543543506
2022-09-20,6430,6600,6430,6550,536955,0.028257456828885363
2022-09-21,6460,6620,6460,6500,364430,-0.007633587786259555
2022-09-22,6380,6390,6130,6340,775137,-0.024615384615384595
2022-09-23,6300,6340,6080,6100,565710,-0.03785488958990535
2022-09-26,5960,6080,5820,5830,905470,-0.04426229508196722
2022-09-27,5790,5990,5760,5990,858077,0.027444253859348233
2022-09-28,5920,6080,5650,5710,843417,-0.046744574290484175
2022-09-29,5830,6050,5740,5740,740803,0.005253940455341555
2022-09-30,5630,5800,5600,5750,569255,0.0017421602787457413
2022-10-04,5870,6110,5860,6100,705376,0.0608695652173914
2022-10-05,6270,6360,6010,6080,798440,-0.003278688524590123
2022-10-06,6080,6190,6050,6080,540689,0.0
2022-10-07,6020,6030,5890,5960,845644,-0.019736842105263164
2022-10-11,5810,5840,5660,5680,624920,-0.046979865771812124
2022-10-12,5650,5810,5540,5770,600633,0.015845070422535246
2022-10-13,5720,5770,5310,5470,985816,-0.051993067590987874
2022-10-14,5600,5880,5600,5780,761836,0.05667276051188308
2022-10-17,5620,5970,5620,5900,650883,0.02076124567474058
2022-10-18,6050,6140,5950,6040,647510,0.023728813559322104
2022-10-19,6060,6260,5950,5960,847787,-0.013245033112582738
2022-10-20,6000,6040,5860,5950,429614,-0.001677852348993314
2022-10-21,5950,6000,5830,5830,317971,-0.020168067226890796
2022-10-24,5970,6080,5930,5980,389373,0.02572898799313883
2022-10-25,6020,6030,5850,5920,387218,-0.010033444816053505
2022-10-26,5930,6020,5830,5840,416977,-0.013513513513513487
2022-10-27,5920,6020,5880,5980,419493,0.023972602739726012
2022-10-28,5900,5900,5720,5720,590297,-0.04347826086956519
2022-10-31,5850,5850,5690,5790,307194,0.012237762237762295
2022-11-01,5790,5910,5750,5840,358260,0.008635578583765069
2022-11-02,5820,5910,5770,5830,695348,-0.001712328767123239
2022-11-03,5660,5730,5630,5690,452130,-0.02401372212692965
2022-11-04,5690,5730,5510,5700,568182,0.0017574692442883233
2022-11-07,5750,5910,5740,5810,517639,0.019298245614035148
2022-11-08,5860,6040,5840,5990,919088,0.030981067125645412
2022-11-09,6000,6040,5920,5930,447321,-0.01001669449081799
2022-11-10,5870,5910,5770,5820,444163,-0.018549747048903886
2022-11-11,6040,6160,6010,6140,1540486,0.054982817869415834
2022-11-14,6170,6190,6060,6080,816215,-0.009771986970684043
2022-11-15,6110,6240,6050,6240,684881,0.026315789473684292
2022-11-16,6300,6300,6130,6200,547884,-0.0064102564102563875
2022-11-17,6190,6250,6040,6060,474504,-0.022580645161290325
2022-11-18,6060,6140,5920,5930,580493,-0.021452145214521434
2022-11-21,5970,5970,5680,5690,800233,-0.0404721753794266
2022-11-22,5630,5680,5520,5540,784278,-0.026362038664323406
2022-11-23,5610,5710,5600,5660,548286,0.02166064981949467
2022-11-24,5720,6060,5700,5970,2297551,0.05477031802120136
2022-11-25,5880,6010,5810,5810,721368,-0.02680067001675046
2022-11-28,5790,5790,5540,5560,772694,-0.04302925989672979
2022-11-29,5530,5690,5520,5650,491618,0.01618705035971213
2022-11-30,5640,5740,5610,5700,404054,0.008849557522123908
2022-12-01,5830,5920,5810,5870,867158,0.029824561403508865
2022-12-02,5900,5930,5770,5780,434334,-0.015332197614991494
2022-12-05,5830,5900,5780,5830,405517,0.00865051903114189
2022-12-06,5730,5750,5660,5670,354360,-0.027444253859348233
2022-12-07,5670,5720,5570,5630,365769,-0.007054673721340388
2022-12-08,5650,5740,5560,5560,503812,-0.01243339253996445
2022-12-09,5610,5770,5580,5670,529194,0.019784172661870603
2022-12-12,5630,5750,5620,5700,285118,0.005291005291005346
2022-12-13,5770,5810,5650,5720,350304,0.0035087719298245723
2022-12-14,5760,5880,5760,5870,551228,0.02622377622377625
2022-12-15,5850,5850,5730,5740,296966,-0.022146507666098825
2022-12-16,5650,5650,5560,5580,595858,-0.027874564459930307
2022-12-19,5560,5650,5530,5610,238338,0.005376344086021501
2022-12-20,5580,5650,5450,5490,484514,-0.021390374331550777
2022-12-21,5540,5590,5420,5430,354524,-0.010928961748633892
2022-12-22,5510,5580,5440,5550,389029,0.022099447513812098
2022-12-23,5470,5490,5230,5230,731394,-0.057657657657657624
2022-12-26,5210,5300,5130,5240,558559,0.0019120458891013214
2022-12-27,5210,5340,5210,5290,541503,0.009541984732824416
2022-12-28,5230,5240,5110,5110,554294,-0.03402646502835538
2022-12-29,5080,5150,4990,5000,629533,-0.021526418786692814
2023-01-02,5000,5090,4935,4935,398691,-0.013000000000000012
2023-01-03,4930,5020,4810,5020,505176,0.01722391084093222
2023-01-04,4945,5140,4945,5120,380567,0.019920318725099584
2023-01-05,5130,5210,5070,5150,325835,0.005859375
2023-01-06,5070,5250,5070,5220,293418,0.013592233009708687
2023-01-09,4765,5180,4710,5100,1436549,-0.02298850574712641
2023-01-10,5130,5250,5090,5200,778292,0.019607843137254832
2023-01-11,5380,5750,5280,5310,4771424,0.02115384615384608
2023-01-12,5350,5360,5290,5300,580257,-0.0018832391713747842
2023-01-13,5340,5420,5330,5340,676180,0.007547169811320753
2023-01-16,5380,5540,5380,5450,1078313,0.020599250936329527
2023-01-17,5490,5500,5300,5320,619244,-0.023853211009174258
2023-01-18,5380,5520,5360,5420,794813,0.018796992481203034
2023-01-19,5390,5650,5290,5350,2306333,-0.01291512915129156
2023-01-20,5330,5570,5290,5500,1066591,0.028037383177569986
2023-01-25,5560,5760,5510,5700,1949677,0.036363636363636376
2023-01-26,5680,6100,5610,5930,4673258,0.04035087719298236
2023-01-27,5940,5980,5740,5790,1330690,-0.02360876897133224
2023-01-30,5830,6010,5800,5860,1397035,0.012089810017271052
2023-01-31,5770,5920,5690,5890,822329,0.005119453924914641
2023-02-01,5840,5940,5290,5330,3283624,-0.09507640067911716
2023-02-02,5300,5690,5300,5640,2456308,0.05816135084427776
2023-02-03,5680,5970,5650,5870,4030030,0.04078014184397172
2023-02-06,5670,5740,5440,5510,2352502,-0.061328790459965976
2023-02-07,6270,6460,5890,5920,14486575,0.074410163339383
2023-02-08,5890,6190,5870,6020,3832675,0.016891891891891886
2023-02-09,5910,5970,5760,5770,1654034,-0.0415282392026578
2023-02-10,5770,5880,5640,5660,1726014,-0.01906412478336217
2023-02-13,5730,6160,5600,5880,4957704,0.03886925795053009
2023-02-14,5880,5910,5760,5790,1097820,-0.015306122448979553
2023-02-15,5820,5930,5550,5580,2309746,-0.03626943005181349
2023-02-16,5710,6200,5690,6130,11084931,0.09856630824372759
2023-02-17,5920,6050,5810,5860,2029726,-0.0440456769983687
2023-02-20,5960,6130,5850,6040,2569254,0.030716723549488067
2023-02-21,6030,6060,5880,5910,1349362,-0.021523178807947074
2023-02-22,5790,5800,5660,5690,1409204,-0.0372250423011844
2023-02-23,5750,5780,5670,5690,681842,0.0
2023-02-24,5700,5730,5500,5590,1020674,-0.017574692442882234
2023-02-27,5530,5530,5360,5440,943439,-0.02683363148479423
2023-02-28,5490,5750,5490,5620,1649466,0.03308823529411775
2023-03-02,5720,5750,5510,5510,1060177,-0.019572953736654797
2023-03-03,5530,5540,5330,5430,1038575,-0.014519056261342977
2023-03-06,5450,5630,5450,5600,1372906,0.03130755064456725
2023-03-07,5650,5650,5470,5510,702038,-0.016071428571428625
2023-03-08,5450,5490,5350,5360,678738,-0.02722323049001818
2023-03-09,5370,5390,5160,5340,756332,-0.003731343283582045
2023-03-10,5300,5350,5190,5200,667043,-0.02621722846441943
2023-03-13,5210,5280,5060,5240,661397,0.007692307692307665
2023-03-14,5350,5410,4990,5000,985186,-0.04580152671755722
2023-03-15,5160,5220,4975,4990,1100795,-0.0020000000000000018
2023-03-16,4900,4940,4625,4730,1515656,-0.05210420841683372
2023-03-17,4790,5020,4780,4995,1017078,0.05602536997885843
2023-03-20,5020,5150,5000,5010,793679,0.0030030030030030463
2023-03-21,5100,5130,4995,4995,498092,-0.0029940119760478723
2023-03-22,5070,5080,5000,5050,523666,0.011011011011011096
2023-03-23,4985,4990,4915,4945,644825,-0.02079207920792081
2023-03-24,4965,5050,4885,5040,617196,0.01921132457027297
2023-03-27,5040,5040,4875,4930,568718,-0.02182539682539686
2023-03-28,4935,5060,4925,5020,539810,0.018255578093306246
2023-03-29,5040,5060,4975,5050,559026,0.005976095617529875
2023-03-30,5060,5080,4990,5030,580314,-0.003960396039603964
2023-03-31,5080,5120,4965,4990,1157909,-0.007952286282306154
2023-04-03,4510,4640,4245,4260,5761115,-0.14629258517034072
2023-04-04,4230,4465,4145,4425,3285859,0.03873239436619724
2023-04-05,4430,4750,4395,4630,3024738,0.04632768361581929
2023-04-06,4630,4630,4435,4445,1008275,-0.0399568034557235
2023-04-07,4450,4520,4395,4495,783890,0.011248593925759387
2023-04-10,4460,4480,4350,4450,810546,-0.010011123470522798
2023-04-11,4450,4535,4355,4520,707219,0.01573033707865168
2023-04-12,4560,4640,4515,4550,978740,0.006637168141592875
2023-04-13,4555,4690,4525,4590,933405,0.00879120879120876
2023-04-14,4620,4740,4585,4625,1316070,0.007625272331154731
2023-04-17,4640,4665,4530,4665,695316,0.00864864864864856
2023-04-18,4610,4655,4550,4565,527562,-0.02143622722400862
2023-04-19,4580,4595,4515,4515,751204,-0.010952902519167584
2023-04-20,4515,4525,4380,4390,691583,-0.027685492801771905
2023-04-21,4350,4425,4300,4320,598609,-0.015945330296127547
2023-04-24,4255,4315,4235,4260,445535,-0.01388888888888884
2023-04-25,4260,4305,4125,4160,858472,-0.023474178403755874
2023-04-26,4100,4260,4090,4160,464612,0.0
2023-04-27,4160,4215,4060,4185,405498,0.006009615384615419
2023-04-28,4210,4230,4115,4120,474943,-0.015531660692950977
2023-05-02,4110,4225,4090,4225,439827,0.025485436893203817
2023-05-03,4155,4215,4140,4145,305547,-0.018934911242603603
2023-05-04,4145,4145,4090,4115,328275,-0.007237635705669487
2023-05-08,4130,4240,4125,4230,497678,0.0279465370595382
2023-05-09,4200,4230,4150,4190,298796,-0.009456264775413725
2023-05-10,4170,4230,4160,4185,240190,-0.0011933174224343368
2023-05-11,4190,4260,4150,4175,403513,-0.002389486260453988
2023-05-12,4150,4200,4105,4160,315018,-0.003592814371257469
2023-05-15,4160,4190,4110,4190,353472,0.007211538461538547
2023-05-16,4190,4290,4150,4150,549013,-0.009546539379474916
2023-05-17,4140,4275,4125,4260,528483,0.026506024096385472
2023-05-18,4240,4295,4200,4240,368136,-0.0046948356807511304
2023-05-19,4325,4325,4250,4285,447486,0.010613207547169878
2023-05-22,4260,4380,4250,4330,479827,0.010501750291715295
2023-05-23,4330,4360,4275,4320,350132,-0.002309468822170868
2023-05-24,4300,4360,4265,4345,395618,0.0057870370370369795
2023-05-25,4310,4370,4240,4255,328744,-0.020713463751438455
2023-05-26,4240,4285,4200,4210,274112,-0.010575793184488869
2023-05-30,4235,4335,4235,4325,340659,0.027315914489311144
2023-05-31,4300,4360,4275,4275,378131,-0.011560693641618491
2023-06-01,4260,4350,4240,4325,278344,0.011695906432748648
2023-06-02,4340,4415,4315,4385,480566,0.01387283236994219
2023-06-05,4400,4440,4365,4425,402410,0.009122006841505215
2023-06-07,4445,4500,4415,4455,483163,0.006779661016949046
2023-06-08,4470,4475,4360,4425,413956,-0.006734006734006703
2023-06-09,4425,4490,4380,4395,496350,-0.006779661016949157
2023-06-12,4405,4425,4335,4355,274023,-0.009101251422070522
2023-06-13,4355,4455,4355,4385,355659,0.006888633754305484
2023-06-14,4370,4370,4210,4260,707784,-0.02850627137970352
2023-06-15,4250,4250,4080,4120,601642,-0.032863849765258246
2023-06-16,4120,4175,4110,4110,499451,-0.0024271844660194164
2023-06-19,4120,4150,4100,4105,287783,-0.0012165450121655041
2023-06-20,4130,4130,4050,4065,496933,-0.00974421437271622
2023-06-21,4065,4095,3980,3995,476658,-0.017220172201722006
2023-06-22,4005,4095,3995,4010,402699,0.003754693366708306
2023-06-23,4020,4050,3875,3910,504442,-0.02493765586034913
2023-06-26,3905,4030,3865,3980,330460,0.01790281329923271
2023-06-27,3960,4000,3925,3935,223562,-0.011306532663316604
2023-06-28,3945,4300,3945,4040,3675912,0.02668360864040653
2023-06-29,4050,4215,4040,4055,1187070,0.003712871287128605
2023-06-30,4035,4045,3935,4020,594317,-0.008631319358816225
2023-07-03,4035,4135,4030,4090,385813,0.017412935323383172
2023-07-04,4080,4135,4050,4115,346218,0.006112469437652868
2023-07-05,4120,4150,4015,4035,361750,-0.019441069258809285
2023-07-06,4030,4030,3895,3900,528154,-0.03345724907063197
2023-07-07,3890,3910,3735,3760,710679,-0.03589743589743588
2023-07-10,3760,3920,3715,3870,435052,0.0292553191489362
2023-07-11,3865,3985,3865,3975,308537,0.027131782945736482
2023-07-12,3985,4040,3970,4015,361085,0.010062893081761004
2023-07-13,3995,4080,3990,4020,308384,0.001245330012453305
2023-07-14,4045,4090,4015,4055,422286,0.008706467661691475
2023-07-17,4045,4085,3990,4065,308314,0.002466091245376001
2023-07-18,4035,4115,4035,4065,331630,0.0
2023-07-19,4070,4080,3970,4010,340924,-0.013530135301353052
2023-07-20,4000,4095,4000,4030,366644,0.004987531172069737
2023-07-21,4015,4030,3955,4020,362418,-0.002481389578163795
2023-07-24,4015,4015,3790,3810,571544,-0.052238805970149294
2023-07-25,3780,3810,3600,3625,813042,-0.048556430446194176
2023-07-26,3555,3610,3330,3375,1236147,-0.06896551724137934
2023-07-27,3335,3685,3335,3680,762772,0.09037037037037043
2023-07-28,3575,3705,3575,3655,343890,-0.006793478260869512
2023-07-31,3620,3755,3620,3690,368673,0.009575923392612928
2023-08-01,3690,3825,3685,3765,446988,0.020325203252032464
2023-08-02,3765,3810,3720,3760,329101,-0.0013280212483399723
2023-08-03,3725,3800,3655,3770,367224,0.0026595744680850686
2023-08-04,3775,3790,3705,3740,282324,-0.007957559681697646
2023-08-07,3710,3835,3680,3790,340544,0.013368983957219305
2023-08-08,3790,3940,3660,3670,355294,-0.0316622691292876
2023-08-09,3640,3755,3640,3720,275609,0.013623978201634968
2023-08-10,3720,3890,3665,3830,550652,0.029569892473118253
2023-08-11,3805,3970,3805,3930,615725,0.02610966057441244
2023-08-14,3900,3930,3805,3840,350396,-0.022900763358778664
2023-08-16,3800,3830,3715,3775,249998,-0.01692708333333337
2023-08-17,3740,3810,3670,3740,290298,-0.009271523178807972
2023-08-18,3705,3710,3590,3655,316317,-0.022727272727272707
2023-08-21,3650,3825,3650,3720,303808,0.017783857729138264
2023-08-22,3735,3795,3690,3705,246185,-0.0040322580645161255
2023-08-23,3705,3720,3655,3710,184792,0.0013495276653170407
2023-08-24,3780,3825,3760,3805,255461,0.025606469002695365
2023-08-25,3735,3825,3730,3790,172460,-0.003942181340341633
2023-08-28,3785,3910,3785,3860,657227,0.01846965699208436
2023-08-29,3845,3910,3840,3890,372972,0.007772020725388629
2023-08-30,3980,3980,3905,3910,340560,0.005141388174807249
2023-08-31,3895,3955,3835,3845,312403,-0.01662404092071612
2023-09-01,3840,3960,3815,3840,369217,-0.0013003901170350884
2023-09-04,3850,3900,3810,3840,186284,0.0
2023-09-05,3820,3870,3770,3770,258738,-0.01822916666666663
2023-09-06,3765,4050,3735,3790,1499327,0.0053050397877985045
2023-09-07,3740,3810,3670,3670,481001,-0.0316622691292876
2023-09-08,3690,3710,3650,3695,186239,0.006811989100817373
2023-09-11,3690,3760,3690,3730,292359,0.009472259810554773
2023-09-12,3730,3820,3710,3750,264804,0.00536193029490617
2023-09-13,3750,3760,3645,3695,278280,-0.014666666666666717
2023-09-14,3690,3740,3670,3705,259549,0.0027063599458727605
2023-09-15,3710,3805,3710,3795,330205,0.02429149797570851
2023-09-18,3745,3785,3715,3715,200222,-0.021080368906455815
2023-09-19,3715,3720,3650,3660,249299,-0.014804845222072704
2023-09-20,3645,3660,3575,3590,257076,-0.01912568306010931
2023-09-21,3560,3580,3470,3475,289522,-0.03203342618384397
2023-09-22,3415,3495,3400,3440,221703,-0.010071942446043147
2023-09-25,3400,3455,3350,3355,314296,-0.02470930232558144
2023-09-26,3345,3385,3290,3305,335428,-0.014903129657228065
2023-09-27,3240,3350,3240,3315,224692,0.00302571860816947
2023-10-04,3295,3300,3205,3205,278652,-0.03318250377073906
2023-10-05,3220,3330,3210,3265,283601,0.018720748829953227
2023-10-06,3215,3315,3215,3290,164739,0.007656967840734996
2023-10-10,3290,3400,3240,3240,275618,-0.015197568389057725
2023-10-11,3250,3370,3250,3330,303195,0.02777777777777768
2023-10-12,3340,3400,3340,3365,148404,0.010510510510510551
2023-10-13,3335,3390,3305,3330,130272,-0.010401188707280795
2023-10-16,3335,3340,3230,3270,187078,-0.018018018018018056
2023-10-17,3280,3345,3280,3300,143840,0.00917431192660545
2023-10-18,3275,3345,3275,3305,208374,0.0015151515151514694
2023-10-19,3250,3305,3185,3190,243362,-0.03479576399394857
2023-10-20,3160,3220,3070,3165,338666,-0.00783699059561127
2023-10-23,3125,3255,3125,3210,285399,0.014218009478673022
2023-10-24,3300,4045,3255,3905,12220984,0.21651090342679136
2023-10-25,3880,4235,3805,4010,11454596,0.02688860435339313
2023-10-26,3920,4175,3790,3850,4300694,-0.03990024937655856
2023-10-27,3790,3840,3605,3635,1776925,-0.05584415584415581
2023-10-30,3695,3830,3690,3755,1417695,0.03301237964236581
2023-10-31,3740,3740,3445,3470,1137841,-0.07589880159786955
2023-11-01,3515,3780,3485,3705,2610999,0.06772334293948123
2023-11-02,4070,4175,3775,3805,6633727,0.026990553306342813
2023-11-03,3865,4050,3760,3915,3805908,0.028909329829172048
2023-11-06,3990,4445,3925,4330,11279130,0.10600255427841643
2023-11-07,4230,4235,3980,4035,2005994,-0.06812933025404155
2023-11-08,4125,4170,4035,4035,1391239,0.0
2023-11-09,4045,4270,3940,4145,3203744,0.027261462205700138
2023-11-10,4170,4260,3975,4000,1537268,-0.0349819059107358
2023-11-13,4110,4250,4040,4140,1560215,0.03499999999999992
2023-11-14,4115,4220,4115,4170,1121099,0.007246376811594235
2023-11-15,4215,4250,4120,4225,1192769,0.01318944844124692
2023-11-16,4405,4520,4245,4255,4138953,0.007100591715976323
2023-11-17,4185,4190,3940,3955,1523998,-0.07050528789659227
2023-11-20,3955,4090,3955,4060,820547,0.026548672566371723
2023-11-21,4080,4135,4035,4050,622453,-0.0024630541871921707
2023-11-22,3970,4005,3860,3960,765733,-0.022222222222222254
2023-11-23,4015,4085,3940,4085,708484,0.031565656565656575
2023-11-24,4060,4075,3945,3960,629240,-0.030599755201958345
2023-11-27,3955,3995,3900,3925,544656,-0.008838383838383868
2023-11-28,3890,3960,3795,3810,798295,-0.029299363057324834
2023-11-29,3810,3935,3760,3785,1060235,-0.006561679790026198
2023-11-30,3790,3835,3700,3700,1302196,-0.022457067371202122
2023-12-01,3700,3770,3620,3730,1157649,0.008108108108108025
2023-12-04,3820,4560,3775,4420,15621231,0.18498659517426264
2023-12-05,4745,4815,4275,4380,12132856,-0.009049773755656076
2023-12-06,4530,4970,4475,4600,15594621,0.05022831050228316
2023-12-07,4640,5530,4505,5230,35461477,0.13695652173913042
2023-12-08,5070,5270,4935,5130,6609306,-0.019120458891013437
2023-12-11,5140,5240,4930,4940,4685009,-0.03703703703703709
2023-12-12,4805,4830,4620,4750,4047804,-0.038461538461538436
2023-12-13,4855,5170,4760,4800,8121767,0.010526315789473717
2023-12-14,4905,5390,4885,4975,15173188,0.03645833333333326
2023-12-15,4910,4930,4665,4665,2794069,-0.062311557788944705
2023-12-18,4615,4695,4535,4590,1946167,-0.01607717041800638
2023-12-19,4635,4995,4590,4940,7184910,0.07625272331154687
2023-12-20,4880,4960,4810,4905,1956336,-0.007085020242915019
2023-12-21,4945,5040,4735,4760,2083473,-0.02956167176350666
2023-12-22,4795,4860,4670,4690,1094386,-0.014705882352941124
2023-12-26,4690,4725,4570,4580,874099,-0.023454157782516027
2023-12-27,4630,4745,4550,4630,974439,0.01091703056768556
2023-12-28,4705,4815,4650,4665,1748733,0.0075593952483801186
2024-01-02,4750,4830,4710,4735,1346309,0.015005359056806
2024-01-03,4700,4730,4555,4555,1411386,-0.03801478352692711
2024-01-04,4500,4515,4255,4285,1668294,-0.059275521405049436
2024-01-05,4300,4325,4245,4295,638127,0.002333722287047868
2024-01-08,4265,4335,4250,4275,765160,-0.00465657741559955
2024-01-09,4480,4605,4415,4590,2783660,0.0736842105263158
2024-01-10,4600,4635,4460,4515,1293730,-0.016339869281045805
2024-01-11,4990,5250,4750,4900,25661128,0.0852713178294573
2024-01-12,4820,4945,4570,4580,4019519,-0.0653061224489796
2024-01-15,4435,4525,4360,4440,1594875,-0.03056768558951961
2024-01-16,4400,4510,4340,4430,1006606,-0.0022522522522522292
2024-01-17,4430,4475,4280,4290,930801,-0.03160270880361171
2024-01-18,4285,4335,4165,4335,1120748,0.010489510489510412
2024-01-19,4365,4445,4255,4260,774521,-0.01730103806228378
2024-01-22,4290,4305,4200,4225,545071,-0.008215962441314506
2024-01-23,4225,4255,4180,4240,568887,0.0035502958579882726
2024-01-24,4210,4240,4155,4155,511914,-0.02004716981132071
2024-01-25,4180,4180,4030,4055,710759,-0.024067388688327362
2024-01-26,4055,4180,4005,4100,550763,0.011097410604192337
2024-01-29,4110,4170,4030,4045,597991,-0.013414634146341475
2024-01-30,4095,4170,4045,4050,763504,0.0012360939431397266
2024-01-31,4025,4085,4000,4000,402601,-0.012345679012345734
2024-02-01,3960,4040,3920,3945,659583,-0.01375000000000004
2024-02-02,3955,4125,3955,4075,607109,0.032953105196451116
2024-02-05,4100,4110,4015,4065,287649,-0.0024539877300613355
2024-02-06,4075,4075,3990,3995,359017,-0.017220172201722006
2024-02-07,3990,4025,3980,3995,330988,0.0
2024-02-08,4030,4140,4010,4070,499969,0.018773466833541974
2024-02-13,4280,4695,4260,4260,10008623,0.04668304668304679
2024-02-14,4170,4300,4150,4300,1119411,0.009389671361502261
2024-02-15,4480,4600,4355,4440,8115878,0.032558139534883734
2024-02-16,4380,4500,4335,4470,1824459,0.006756756756756799
2024-02-19,4450,4530,4425,4460,1232675,-0.0022371364653244186
2024-02-20,4515,4540,4450,4520,1039200,0.013452914798206317
2024-02-21,4495,4540,4390,4395,1008244,-0.027654867256637128
2024-02-22,4385,4430,4310,4315,574560,-0.018202502844141044
2024-02-23,4330,4375,4225,4255,571938,-0.01390498261877171
2024-02-26,4265,4310,4230,4290,356752,0.008225616921269108
2024-02-27,4450,4535,4290,4305,1934252,0.0034965034965035446
2024-02-28,4330,4430,4285,4290,745479,-0.0034843205574912606
2024-02-29,4470,4520,4325,4325,2438756,0.008158508158508049
2024-03-04,4325,4395,4295,4300,789534,-0.005780346820809301
2024-03-05,4405,4650,4350,4445,5806828,0.033720930232558066
2024-03-06,4375,4395,4270,4330,1206082,-0.025871766029246346
2024-03-07,4360,4385,4170,4170,884509,-0.036951501154734445
2024-03-08,4180,4240,4170,4175,504302,0.0011990407673860837
2024-03-11,4195,4245,4175,4200,427767,0.0059880239520957446
2024-03-12,4280,4360,4200,4210,771281,0.0023809523809523725
2024-03-13,4230,4235,4170,4210,407584,0.0
2024-03-14,4210,4240,4155,4230,533305,0.004750593824228044
2024-03-15,4195,4215,4095,4095,501807,-0.03191489361702127
2024-03-18,4105,4130,4080,4100,293022,0.0012210012210012167
2024-03-19,4070,4095,3960,3960,638513,-0.034146341463414664
2024-03-20,3945,3995,3940,3970,439185,0.002525252525252597
2024-03-21,4030,4290,4030,4120,2544272,0.037783375314861534
2024-03-22,4145,4235,4120,4200,744952,0.01941747572815533
2024-03-25,4270,4365,4200,4275,1214636,0.017857142857142794
2024-03-26,4275,4285,4225,4260,466957,-0.0035087719298245723
2024-03-27,4280,4290,4160,4185,551509,-0.017605633802816878
2024-03-28,4185,4190,4115,4130,429791,-0.01314217443249699
2024-03-29,4130,4165,4085,4100,262726,-0.007263922518159771
2024-04-01,4155,4200,4130,4130,285037,0.007317073170731714
2024-04-02,4135,4150,4010,4030,421100,-0.02421307506053272
2024-04-03,3995,4045,3965,4030,261743,0.0
2024-04-04,4020,4055,3965,3965,380614,-0.016129032258064502
2024-04-05,3970,3990,3880,3890,435704,-0.018915510718789386
2024-04-08,3895,3920,3820,3840,309528,-0.01285347043701801
2024-04-09,3890,4010,3890,3970,334877,0.03385416666666674
2024-04-11,3995,4155,3970,4135,508911,0.04156171284634769
2024-04-12,4155,4195,4085,4150,467602,0.0036275695284160303
2024-04-15,4230,4240,3975,4045,581328,-0.025301204819277112
2024-04-16,3960,4000,3860,3885,390103,-0.0395550061804697
2024-04-17,3900,3955,3875,3875,209315,-0.002574002574002532
2024-04-18,3855,4350,3855,4005,2349627,0.0335483870967741
2024-04-19,4040,4065,3850,3875,735261,-0.03245942571785265
2024-04-22,3875,3920,3870,3910,279042,0.00903225806451613
2024-04-23,3950,4000,3900,3910,299909,0.0
2024-04-24,3920,3950,3915,3920,207115,0.002557544757033181
2024-04-25,3915,3925,3885,3890,156228,-0.007653061224489832
2024-04-26,3895,3915,3855,3880,192144,-0.0025706940874036244
2024-04-29,3880,3940,3880,3925,170271,0.011597938144329856
2024-04-30,3940,3970,3910,3915,172558,-0.002547770700636942
2024-05-02,3900,3925,3880,3900,164822,-0.003831417624521105
2024-05-03,3920,3975,3920,3930,197908,0.007692307692307665
2024-05-07,3965,3975,3900,3925,244850,-0.0012722646310432406
2024-05-08,3925,3955,3915,3945,198621,0.005095541401273884
2024-05-09,3945,3955,3895,3900,226015,-0.011406844106463865
2024-05-10,3930,3930,3875,3880,213533,-0.00512820512820511
2024-05-13,3850,3870,3700,3765,473248,-0.029639175257731964
2024-05-14,3765,3930,3765,3780,556975,0.003984063745019917
2024-05-16,3830,3870,3830,3835,250421,0.014550264550264647
2024-05-17,3825,3840,3790,3795,193643,-0.010430247718383301
2024-05-20,3825,3825,3765,3775,216242,-0.005270092226614009
2024-05-21,3800,3850,3800,3805,293735,0.007947019867549754
2024-05-22,3810,3810,3735,3735,338027,-0.018396846254927768
2024-05-23,3730,3730,3660,3710,155419,-0.00669344042838016
2024-05-24,3705,3725,3665,3665,211730,-0.0121293800539084
2024-05-27,3665,3665,3615,3655,237144,-0.0027285129604365244
2024-05-28,3655,3695,3640,3685,145942,0.008207934336525335
2024-05-29,3675,3720,3650,3650,224563,-0.009497964721845276
2024-05-30,3645,3695,3545,3665,537382,0.004109589041095818
2024-05-31,3860,3875,3675,3675,751249,0.0027285129604366354
2024-06-03,3675,3720,3655,3690,226572,0.004081632653061273
2024-06-04,3660,3735,3660,3730,258803,0.01084010840108407
2024-06-05,3735,3755,3655,3680,166528,-0.013404825737265424
2024-06-07,3685,3730,3675,3710,246771,0.008152173913043459
2024-06-10,3710,4820,3670,4350,31006192,0.1725067385444743
2024-06-11,4295,4325,4145,4280,4645657,-0.016091954022988464
2024-06-12,4220,4370,4090,4230,4739323,-0.011682242990654235
2024-06-13,4345,4440,4200,4200,5555984,-0.007092198581560294
2024-06-14,4155,4190,4025,4035,2188937,-0.03928571428571426
2024-06-17,4035,4055,3935,3955,1182026,-0.019826517967781898
2024-06-18,3940,3995,3880,3945,1192546,-0.0025284450063211006
2024-06-19,3920,4030,3855,3875,1306261,-0.017743979721166037
2024-06-20,3885,3975,3885,3965,710091,0.023225806451612874
2024-06-21,3950,3950,3835,3835,763953,-0.032786885245901676
2024-06-24,3805,3825,3710,3785,669390,-0.013037809647979182
2024-06-25,3740,3860,3740,3830,482905,0.011889035667107084
2024-06-26,3830,3890,3820,3890,580549,0.015665796344647598
2024-06-27,3890,3895,3790,3795,333626,-0.024421593830334154
2024-06-28,3810,3875,3800,3845,306312,0.013175230566534912
2024-07-01,3855,3885,3825,3825,308169,-0.005201560468140465
2024-07-02,3810,3845,3750,3780,294333,-0.0117647058823529
2024-07-03,3800,3800,3730,3735,367373,-0.011904761904761862
2024-07-04,3725,3805,3725,3735,236512,0.0
2024-07-05,3730,3760,3700,3700,356129,-0.009370816599732268
2024-07-08,3700,3780,3670,3780,208789,0.021621621621621623
2024-07-09,3790,4165,3770,3850,6197535,0.0185185185185186
2024-07-10,3855,3900,3810,3840,686368,-0.0025974025974025983
2024-07-11,3840,3910,3825,3830,521420,-0.0026041666666666297
2024-07-12,3900,3965,3700,3755,1222856,-0.019582245430809442
2024-07-15,3815,3975,3810,3905,2036865,0.03994673768308932
2024-07-16,4170,4245,3950,4000,5809665,0.02432778489116516
2024-07-17,4045,4160,3940,3940,2565962,-0.015000000000000013
2024-07-18,3855,3920,3830,3885,1039007,-0.013959390862944177
2024-07-19,3835,3890,3810,3815,541636,-0.018018018018018056
2024-07-22,3885,3995,3780,3890,1593024,0.019659239842725995
2024-07-23,3865,3945,3810,3810,786168,-0.020565552699228773
2024-07-24,3790,3965,3760,3845,1054170,0.009186351706036655
2024-07-25,3805,3820,3730,3740,638819,-0.0273081924577373
2024-07-26,3740,4110,3740,4020,7611604,0.07486631016042788
2024-07-29,3965,4100,3955,4060,2413524,0.00995024875621886
2024-07-30,4020,4070,3915,3955,1588912,-0.025862068965517238
2024-07-31,3925,3945,3850,3920,1044202,-0.008849557522123908
2024-08-01,3660,3880,3600,3775,2244522,-0.036989795918367374
2024-08-02,3700,3725,3515,3515,1237800,-0.06887417218543046
2024-08-05,3425,3485,2770,3000,1600890,-0.1465149359886202
2024-08-06,2910,3210,2910,3150,1405315,0.050000000000000044
2024-08-07,3115,3320,3115,3275,573318,0.039682539682539764
2024-08-08,3220,3275,3140,3160,360210,-0.03511450381679393
2024-08-09,3265,3325,3230,3240,339445,0.025316455696202445
2024-08-12,3245,3305,3245,3265,202873,0.007716049382715973
2024-08-13,3265,3305,3220,3260,208693,-0.0015313935681470214
2024-08-14,3305,3330,3280,3320,229642,0.018404907975460016
2024-08-16,3370,3400,3330,3395,299310,0.02259036144578319
2024-08-19,3400,3450,3285,3295,271630,-0.02945508100147276
2024-08-20,3340,3420,3325,3410,261280,0.03490136570561453
2024-08-21,3410,3415,3350,3385,167558,-0.007331378299120228
2024-08-22,3410,3435,3325,3340,203457,-0.013293943870014813
2024-08-23,3295,3330,3265,3295,251550,-0.013473053892215536
2024-08-26,3320,3345,3275,3295,212287,0.0
2024-08-27,3265,3305,3200,3270,222607,-0.007587253414264028
2024-08-28,3260,3315,3210,3245,183328,-0.007645259938837912
2024-08-29,3200,3245,3195,3230,131192,-0.0046224961479198745
2024-08-30,3235,3280,3235,3255,129860,0.007739938080495445
2024-09-02,3270,3375,3235,3375,796680,0.03686635944700467
2024-09-03,3610,3680,3400,3490,6151946,0.034074074074074145
2024-09-04,3375,3450,3305,3335,1659898,-0.044412607449856756
2024-09-05,3335,3395,3250,3250,823945,-0.025487256371814038
2024-09-06,3215,3300,3125,3150,552632,-0.03076923076923077
2024-09-09,3020,3190,3020,3150,290215,0.0
2024-09-10,3155,3190,3120,3120,290970,-0.00952380952380949
2024-09-11,3125,3390,3095,3105,530920,-0.004807692307692291
2024-09-12,3115,3265,3115,3210,516951,0.033816425120772875
2024-09-13,3200,3285,3170,3285,406668,0.02336448598130847
2024-09-19,3290,3295,3225,3250,265947,-0.010654490106544956
2024-09-20,3265,3300,3260,3280,208207,0.009230769230769154
2024-09-23,3280,3325,3245,3280,240231,0.0
2024-09-24,3280,3340,3275,3325,266124,0.013719512195121908
2024-09-25,3340,3480,3310,3350,785589,0.007518796992481258
2024-09-26,3345,3380,3270,3370,311757,0.005970149253731405
2024-09-27,3370,3405,3360,3375,342937,0.0014836795252226587
2024-09-30,3415,3415,3310,3315,256011,-0.01777777777777778
2024-10-02,3280,3315,3240,3260,192337,-0.016591251885369585
2024-10-04,3245,3285,3245,3270,138472,0.0030674846625766694
2024-10-07,3275,3340,3270,3330,141350,0.0183486238532109
2024-10-08,3355,3355,3290,3295,159262,-0.010510510510510551
2024-10-10,3295,3300,3250,3250,195473,-0.01365705614567525
2024-10-11,3220,3285,3200,3220,224059,-0.009230769230769265
2024-10-14,3225,3315,3225,3315,151757,0.029503105590062084
2024-10-15,3340,3355,3290,3300,160899,-0.004524886877828038
2024-10-16,3305,3340,3255,3285,158365,-0.004545454545454519
2024-10-17,3280,3320,3275,3280,141606,-0.0015220700152207556
2024-10-18,3275,3285,3195,3230,478950,-0.015243902439024404
2024-10-21,3235,3260,3210,3210,304940,-0.006191950464396245
2024-10-22,3205,3205,3085,3110,374645,-0.031152647975077885
2024-10-23,3115,3155,3100,3120,216683,0.003215434083601254
2024-10-24,3075,3125,3045,3060,220696,-0.019230769230769273
2024-10-25,3055,3090,3030,3035,172473,-0.008169934640522847
2024-10-28,3040,3100,3025,3070,203025,0.011532125205930832
2024-10-29,3080,3470,3080,3250,4914450,0.05863192182410426
2024-10-30,3300,3355,3195,3200,734270,-0.01538461538461533
2024-10-31,3180,3195,3115,3170,263227,-0.009375000000000022
2024-11-01,3120,3140,3075,3080,319388,-0.028391167192429068
2024-11-04,3075,3115,3050,3095,215711,0.004870129870129913
2024-11-05,3080,3155,3080,3145,155934,0.016155088852988664
2024-11-06,3155,3225,3140,3185,603667,0.012718600953895098
2024-11-07,3240,3270,3145,3150,438577,-0.01098901098901095
2024-11-08,3170,3355,3165,3180,315968,0.00952380952380949
2024-11-11,3250,3345,3205,3240,1287553,0.018867924528301883
2024-11-12,3325,3380,3140,3145,1497691,-0.029320987654321007
2024-11-13,3100,3140,3000,3015,770108,-0.04133545310015896
2024-11-14,3010,3060,2990,3000,401012,-0.00497512437810943
2024-11-15,2975,3040,2910,3020,379936,0.006666666666666599
2024-11-18,3020,3080,3020,3080,289723,0.019867549668874274
2024-11-19,3075,3095,3030,3045,213439,-0.011363636363636354
2024-11-20,3060,3075,3025,3030,143591,-0.0049261083743842304
2024-11-21,3035,3155,3000,3155,489072,0.041254125412541365
2024-11-22,3145,3145,3060,3060,342427,-0.030110935023771823
2024-11-25,3065,3145,3065,3125,353648,0.0212418300653594
2024-11-26,3130,3130,3090,3110,176057,-0.0048000000000000265
2024-11-27,3110,3120,3060,3085,201544,-0.008038585209003246
2024-11-28,3110,3110,3040,3040,187301,-0.014586709886547866
2024-11-29,3040,3040,2985,3015,305155,-0.008223684210526327
2024-12-02,3080,3120,3000,3000,430676,-0.00497512437810943
2024-12-03,3005,3065,2995,3050,382840,0.016666666666666607
2024-12-04,2995,3005,2830,2965,464050,-0.02786885245901638
2024-12-05,3000,3245,2890,2920,1597661,-0.015177065767284947
2024-12-06,2890,2955,2800,2815,607158,-0.03595890410958902
2024-12-09,2780,2800,2555,2575,688327,-0.08525754884547065
2024-12-10,2555,2800,2555,2770,603969,0.07572815533980592
2024-12-11,2780,2900,2780,2875,369742,0.03790613718411562
2024-12-12,2910,2920,2850,2885,278947,0.003478260869565153
2024-12-13,2890,2970,2850,2950,345830,0.022530329289428108
2024-12-16,2990,3065,2980,3020,444518,0.023728813559322104
2024-12-17,3025,3100,3005,3070,410528,0.01655629139072845
2024-12-18,3070,3070,2990,3035,238276,-0.01140065146579805
2024-12-19,3005,3005,2920,2960,152136,-0.02471169686985175
2024-12-20,2940,2960,2840,2840,276449,-0.04054054054054057
2024-12-23,2840,2905,2840,2890,99503,0.01760563380281699
2024-12-24,2865,2920,2865,2885,125661,-0.0017301038062284002
2024-12-26,2905,2915,2865,2870,124157,-0.005199306759098743
2024-12-27,2810,2875,2810,2820,162074,-0.017421602787456414
2024-12-30,2785,2880,2760,2845,82187,0.00886524822695045
2025-01-02,2845,2895,2840,2890,92752,0.01581722319859402
2025-01-03,2890,3575,2890,3395,25056944,0.17474048442906565
2025-01-06,3380,3460,3335,3435,4379186,0.01178203240058906
2025-01-07,3390,3420,3350,3390,1454608,-0.013100436681222738
2025-01-08,3305,3390,3280,3365,1156065,-0.007374631268436627
2025-01-09,3310,3320,3120,3210,1120706,-0.04606240713224363
2025-01-10,3205,3225,3160,3220,578017,0.0031152647975076775
2025-01-13,3195,3250,3120,3195,601568,-0.00776397515527949
2025-01-14,3200,3300,3160,3230,872648,0.010954616588419341
2025-01-15,3230,3255,3190,3255,435068,0.007739938080495445
2025-01-16,3280,3285,3220,3245,448354,-0.003072196620583667
2025-01-17,3230,3330,3195,3300,739999,0.016949152542372836
2025-01-20,3315,3325,3235,3260,711558,-0.012121212121212088
2025-01-21,3240,3265,3185,3205,414202,-0.016871165644171793
2025-01-22,3205,3270,3200,3230,376314,0.007800312012480548
2025-01-23,3230,3590,3125,3250,12035274,0.006191950464396356
2025-01-24,3255,3340,3100,3150,1919909,-0.03076923076923077
2025-01-31,3115,3250,3080,3140,819359,-0.0031746031746031633
2025-02-03,3070,3090,2960,2990,695919,-0.047770700636942665
2025-02-04,3015,3085,3015,3045,423603,0.018394648829431537
2025-02-05,3045,3250,3045,3130,1187291,0.02791461412151075
2025-02-06,3140,3150,3080,3090,294150,-0.012779552715655007
2025-02-07,3090,3115,3055,3060,286643,-0.009708737864077666
2025-02-10,3045,3080,3005,3070,273818,0.0032679738562091387
2025-02-11,3065,3085,3040,3050,263367,-0.006514657980456029
2025-02-12,3050,3055,3005,3010,203343,-0.013114754098360604
2025-02-13,3010,3130,3010,3090,295268,0.02657807308970095
2025-02-14,3100,3120,3070,3070,198393,-0.006472491909385147
2025-02-17,3060,3135,3060,3120,250779,0.016286644951140072
2025-02-18,3120,3145,3085,3100,228035,-0.0064102564102563875
2025-02-19,3110,3150,3095,3140,288838,0.012903225806451646
2025-02-20,3150,3200,3135,3170,380116,0.009554140127388644
2025-02-21,3110,3120,2920,3070,771894,-0.03154574132492116
2025-02-24,3010,3050,2990,3035,395782,-0.01140065146579805
2025-02-25,3065,3090,3005,3015,332193,-0.00658978583196046
2025-02-26,3015,3090,3000,3030,300519,0.004975124378109541
2025-02-27,3035,3060,3015,3040,193992,0.0033003300330032292
2025-02-28,2990,3010,2970,2990,317739,-0.016447368421052655
2025-03-04,2995,3040,2900,2910,261325,-0.026755852842809347
2025-03-05,2900,2980,2900,2960,276700,0.01718213058419238
2025-03-06,2960,2995,2950,2985,130202,0.008445945945946054
2025-03-07,2985,3015,2940,2940,213086,-0.015075376884422065
2025-03-10,2940,2960,2915,2920,140316,-0.006802721088435382
2025-03-11,2835,2905,2825,2900,211582,-0.006849315068493178
2025-03-12,2900,2955,2890,2925,173200,0.008620689655172376
2025-03-13,2930,2960,2900,2910,163176,-0.00512820512820511
2025-03-14,2895,2930,2880,2890,119017,-0.0068728522336769515
2025-03-17,2890,2920,2860,2875,266759,-0.00519031141868509
2025-03-18,2875,2905,2870,2895,93746,0.006956521739130528
2025-03-19,2895,2915,2880,2915,123156,0.006908462867012188
2025-03-20,2930,2950,2890,2895,219609,-0.006861063464837058
2025-03-21,2885,2905,2835,2875,183848,-0.006908462867012077
2025-03-24,2875,3290,2810,2870,3409281,-0.0017391304347825765
2025-03-25,2885,2915,2810,2865,384062,-0.0017421602787456303
2025-03-26,2865,3345,2845,2980,20916584,0.04013961605584648
2025-03-27,3025,3045,2925,2945,1737943,-0.011744966442952975
2025-03-28,2935,2960,2825,2825,928786,-0.04074702886247883
2025-03-31,2750,2785,2665,2675,529526,-0.053097345132743334
2025-04-01,2680,2795,2680,2750,276842,0.028037383177569986
2025-04-02,2740,2785,2675,2675,206734,-0.027272727272727226
2025-04-03,2600,2665,2580,2640,198187,-0.013084112149532756
2025-04-04,2600,2730,2600,2650,233536,0.0037878787878788955
2025-04-07,2580,2650,2495,2500,277767,-0.05660377358490565
2025-04-08,2525,2585,2525,2530,184267,0.01200000000000001
2025-04-09,2455,2540,2420,2475,268274,-0.021739130434782594
2025-04-10,2600,2640,2575,2635,197370,0.06464646464646462
2025-04-11,2595,2715,2585,2705,180552,0.026565464895635715
2025-04-14,2725,2785,2720,2760,207335,0.020332717190388205
2025-04-15,2760,2835,2755,2795,199716,0.0126811594202898
2025-04-16,2820,2835,2770,2770,188245,-0.008944543828264706
2025-04-17,2765,2835,2765,2820,106427,0.018050541516245522
2025-04-18,2820,2850,2805,2835,158390,0.005319148936170137
2025-04-21,2890,2925,2850,2870,191441,0.012345679012345734
2025-04-22,2865,2875,2820,2840,160455,-0.010452961672473893
2025-04-23,2880,2880,2850,2870,128309,0.010563380281690238
2025-04-24,2885,2915,2860,2865,108398,-0.0017421602787456303
2025-04-25,2875,2900,2875,2885,104682,0.00698080279232105
2025-04-28,2910,2945,2895,2905,214842,0.006932409012131657
2025-04-29,2930,2950,2910,2940,161417,0.012048192771084265
2025-04-30,2925,2930,2840,2880,139065,-0.020408163265306145
2025-05-02,2880,2890,2790,2800,141263,-0.02777777777777779
2025-05-07,2805,2880,2805,2855,160054,0.019642857142857073
2025-05-08,2845,2895,2830,2885,159506,0.01050788091068311
2025-05-09,3170,3285,2905,2905,4393306,0.006932409012131657
2025-05-12,3010,3105,2980,3035,1393594,0.04475043029259895
2025-05-13,3070,3215,3025,3040,1681687,0.0016474464579900872
2025-05-14,3095,3150,3060,3100,647503,0.019736842105263053
2025-05-15,3060,3365,3055,3320,4532705,0.07096774193548394
2025-05-16,3555,3880,3365,3420,21268101,0.030120481927710774
2025-05-19,3475,3475,3220,3235,1117084,-0.05409356725146197
2025-05-20,3245,3410,3230,3275,1540665,0.012364760432766575
2025-05-21,3250,3310,3250,3270,424138,-0.0015267175572518665
2025-05-22,3590,3595,3400,3420,2671244,0.04587155963302747
2025-05-23,3380,3530,3350,3530,1563593,0.032163742690058506
2025-05-26,3425,3455,3375,3400,678877,-0.03682719546742208
2025-05-27,3435,3460,3315,3335,686462,-0.019117647058823573
2025-05-28,3400,3465,3365,3380,747709,0.013493253373313419
2025-05-29,3385,3435,3375,3410,384438,0.008875739644970349
2025-05-30,3390,3405,3345,3350,288536,-0.017595307917888547
2025-06-02,3350,3420,3335,3355,355427,0.0014925373134329067
2025-06-04,3425,3460,3390,3455,505205,0.02980625931445613
2025-06-05,3455,3670,3390,3515,3915967,0.01736613603473236
2025-06-09,4200,4565,4185,4565,16915763,0.29871977240398295
2025-06-10,5270,5930,4840,5930,34304429,0.2990142387732748
2025-06-11,6110,6420,5740,6010,20092095,0.013490725126475533
2025-06-12,6050,6060,5740,5790,8172610,-0.03660565723793674
2025-06-13,6080,6250,5850,6040,10552076,0.04317789291882557
2025-06-16,6070,6360,5880,6250,10451907,0.0347682119205297
2025-06-17,6390,6440,5580,6020,6619784,-0.036800000000000055
2025-06-18,6080,6470,5800,6240,7390759,0.03654485049833878
2025-06-19,6450,6890,6010,6070,8273261,-0.027243589743589758
2025-06-20,6080,6350,5850,6140,6372870,0.011532125205930832
2025-06-23,6000,6550,5940,6170,10307975,0.004885993485342022
2025-06-24,6300,7250,6170,7020,27373182,0.13776337115072934
2025-06-25,6730,6800,6400,6570,6336737,-0.0641025641025641
2025-06-26,6240,6250,5400,5610,6003796,-0.1461187214611872
2025-06-27,5880,6830,5440,6200,21915916,0.10516934046345816
2025-06-30,5910,5950,5580,5660,3468142,-0.08709677419354833
2025-07-01,5820,7350,5730,7350,42430552,0.29858657243816245
2025-07-02,7210,7500,6580,6750,16111979,-0.08163265306122447
2025-07-03,6970,7610,6670,6900,17979536,0.022222222222222143
2025-07-04,7230,8790,7040,8470,50641636,0.22753623188405792
2025-07-07,8820,10420,8710,9710,44355509,0.14639905548996457
2025-07-08,9870,9950,8950,9070,21077434,-0.06591143151390322
2025-07-09,9140,9590,9000,9160,14227331,0.009922822491730932
2025-07-10,9190,9450,8800,9160,9123646,0.0
2025-07-11,9200,9320,8500,8730,9374215,-0.04694323144104806
2025-07-14,8520,8790,8110,8220,7170865,-0.05841924398625431
2025-07-15,8250,9200,7910,8520,24296687,0.03649635036496357
2025-07-16,8120,9080,8100,8970,18719638,0.052816901408450745
2025-07-17,9370,9390,8500,8520,7539697,-0.050167224080267525
2025-07-18,8700,8950,8520,8740,4952104,0.025821596244131495
