Date,Open,High,Low,Close,Volume,Change
2022-01-03,44250,44250,42900,43800,27529,-0.004545454545454519
2022-01-04,43550,46450,43400,46150,76920,0.053652968036529636
2022-01-05,46150,47600,44850,46950,87447,0.01733477789815807
2022-01-06,46500,47700,45150,46100,55419,-0.018104366347177825
2022-01-07,46100,47650,45750,46400,35700,0.006507592190889477
2022-01-10,47550,48900,44500,45100,108344,-0.028017241379310387
2022-01-11,45100,45950,44500,44500,32817,-0.013303769401330379
2022-01-12,44750,46000,44600,45450,22748,0.02134831460674147
2022-01-13,45450,45650,44850,44950,10248,-0.011001100110010986
2022-01-14,44500,45500,43800,44650,17753,-0.006674082313681828
2022-01-17,44300,44350,43200,44250,21236,-0.00895856662933936
2022-01-18,43700,44850,43600,44500,17197,0.005649717514124353
2022-01-19,44400,44750,43650,44400,14898,-0.0022471910112359383
2022-01-20,44050,45500,44050,45350,13958,0.021396396396396344
2022-01-21,45150,45950,44300,45900,26652,0.012127894156560126
2022-01-24,45250,45750,44500,45250,25920,-0.014161220043573008
2022-01-25,44700,45900,43200,45150,47226,-0.0022099447513812542
2022-01-26,45150,45300,44200,44600,17840,-0.01218161683277963
2022-01-27,44800,44800,42000,42000,33964,-0.058295964125560484
2022-01-28,42000,43500,40850,43400,20485,0.03333333333333344
2022-02-03,44800,45000,43550,44750,18388,0.031105990783410142
2022-02-04,44950,45000,44050,44850,10407,0.0022346368715084886
2022-02-07,45000,46750,44750,45700,59238,0.018952062430323213
2022-02-08,45750,45800,43600,44850,22262,-0.018599562363238564
2022-02-09,44850,45500,44100,45350,15623,0.011148272017837302
2022-02-10,45350,46300,44500,45300,21407,-0.0011025358324145973
2022-02-11,45150,45350,44500,44850,11968,-0.009933774834437137
2022-02-14,44050,44500,43050,44450,29380,-0.00891861761426982
2022-02-15,43700,46150,43150,43250,56043,-0.02699662542182224
2022-02-16,44200,45100,43350,44250,38391,0.023121387283236983
2022-02-17,44650,45100,41250,43750,55995,-0.011299435028248594
2022-02-18,43150,44000,42700,44000,39354,0.005714285714285783
2022-02-21,43800,43850,42700,43150,26715,-0.01931818181818179
2022-02-22,42400,42400,41150,41700,45140,-0.03360370799536505
2022-02-23,41550,42400,41400,42000,11510,0.007194244604316502
2022-02-24,41900,41900,39500,40850,38695,-0.027380952380952395
2022-02-25,41500,41600,40150,41000,31031,0.003671970624234966
2022-02-28,40900,41350,40300,40850,6768,-0.003658536585365857
2022-03-02,40850,41700,40400,41300,10977,0.01101591187270512
2022-03-03,41350,41500,40700,41200,11943,-0.002421307506053294
2022-03-04,41200,41200,40400,40900,7583,-0.007281553398058249
2022-03-07,41100,41100,39700,39750,20371,-0.028117359413202925
2022-03-08,39250,40800,38600,40000,12121,0.0062893081761006275
2022-03-10,40150,40700,40000,40300,5144,0.007500000000000062
2022-03-11,40050,40600,39800,40600,6406,0.007444168734491274
2022-03-14,40950,40950,38800,38850,31098,-0.0431034482758621
2022-03-15,38700,39850,38400,38550,12630,-0.007722007722007707
2022-03-16,38400,39650,38400,39450,10259,0.023346303501945442
2022-03-17,39750,40250,38750,40000,27401,0.013941698352344822
2022-03-18,40000,40250,39350,40150,9580,0.00374999999999992
2022-03-21,41200,42850,40800,42600,71963,0.06102117061021173
2022-03-22,42850,44700,42000,44000,65872,0.032863849765258246
2022-03-23,44000,44750,42900,44650,32808,0.014772727272727382
2022-03-24,43750,45000,43750,44150,22690,-0.011198208286674172
2022-03-25,44550,44550,43650,44000,16473,-0.003397508493771184
2022-03-28,44000,44650,43100,43650,22342,-0.007954545454545436
2022-03-29,43650,44450,43400,43800,21206,0.0034364261168384758
2022-03-30,43850,44700,43500,44100,40045,0.006849315068493178
2022-03-31,44150,45550,43800,44900,69326,0.018140589569161092
2022-04-01,44900,45100,44300,44900,31569,0.0
2022-04-04,45450,45500,44550,45000,41901,0.00222717149220486
2022-04-05,45150,45150,43800,44450,33305,-0.012222222222222245
2022-04-06,44350,45000,43600,44600,76788,0.003374578177727683
2022-04-07,43950,44500,43500,44200,17167,-0.008968609865470878
2022-04-08,44200,44700,42300,42400,29126,-0.040723981900452455
2022-04-11,42700,43100,42200,43000,30837,0.014150943396226356
2022-04-12,42550,43000,41900,42950,14953,-0.0011627906976744429
2022-04-13,42700,43000,42150,42500,11963,-0.010477299185098987
2022-04-14,42200,43400,42100,43250,17905,0.01764705882352935
2022-04-15,43250,43250,42200,42350,16124,-0.020809248554913284
2022-04-18,42350,43950,41800,43200,28173,0.02007083825265643
2022-04-19,43900,43900,43000,43350,9604,0.003472222222222321
2022-04-20,43650,43900,42450,43050,13527,-0.00692041522491349
2022-04-21,43200,43350,42400,42850,23088,-0.004645760743321681
2022-04-22,42700,44400,41800,43950,48765,0.025670945157526326
2022-04-25,43600,43600,42050,42050,43800,-0.04323094425483509
2022-04-26,42050,42250,39600,40000,87795,-0.04875148632580262
2022-04-27,39000,40450,39000,40450,41628,0.011249999999999982
2022-04-28,40700,40700,39250,40050,41334,-0.00988875154511748
2022-04-29,40050,40550,39900,40150,20805,0.0024968789013732895
2022-05-02,40150,41400,39650,41350,21617,0.0298879202988791
2022-05-03,41500,41500,40850,41000,10704,-0.008464328899637219
2022-05-04,40900,41450,40300,41050,26336,0.0012195121951219523
2022-05-06,40400,41300,40050,41300,27207,0.006090133982947554
2022-05-09,41300,41600,40450,41350,30029,0.001210653753026536
2022-05-10,41000,43800,39000,42500,32503,0.027811366384522307
2022-05-11,41750,42500,40650,42000,16827,-0.0117647058823529
2022-05-12,41450,41950,39950,41000,20704,-0.023809523809523836
2022-05-13,41000,41950,39800,41300,44677,0.007317073170731714
2022-05-16,41200,42000,39800,41850,41366,0.013317191283293006
2022-05-17,41400,41950,40800,41700,21987,-0.0035842293906810374
2022-05-18,41700,42400,41100,42300,34412,0.014388489208633004
2022-05-19,41800,42350,40750,41950,33451,-0.008274231678486954
2022-05-20,41950,41950,41200,41900,7980,-0.0011918951132300348
2022-05-23,41750,41750,37800,39100,148128,-0.06682577565632464
2022-05-24,38500,38500,34250,36200,233131,-0.07416879795396425
2022-05-25,36250,38000,36200,37800,83703,0.04419889502762442
2022-05-26,37800,38500,37650,38100,27076,0.007936507936507908
2022-05-27,38100,38950,37450,38100,47350,0.0
2022-05-30,38250,38400,37700,38250,9491,0.003937007874015741
2022-05-31,37800,37900,36300,37100,51218,-0.030065359477124187
2022-06-02,37100,37800,36500,37750,25856,0.017520215633423097
2022-06-03,37950,38350,37350,38350,18823,0.015894039735099286
2022-06-07,38350,38750,38000,38100,14642,-0.006518904823989535
2022-06-08,38050,38700,37500,38650,20380,0.014435695538057791
2022-06-09,37850,38750,37000,37300,90648,-0.03492884864165591
2022-06-10,37350,38550,35250,38450,152347,0.030831099195710365
2022-06-13,37700,37800,36400,36500,36303,-0.05071521456436934
2022-06-14,37550,37550,34200,36700,69656,0.005479452054794498
2022-06-15,36000,36700,35550,36050,22884,-0.017711171662125325
2022-06-16,36100,36900,35300,36050,25406,0.0
2022-06-17,36050,36150,34550,34550,21315,-0.04160887656033285
2022-06-20,34550,35000,32750,34700,25420,0.004341534008682979
2022-06-21,35050,35400,34100,34600,19820,-0.0028818443804035088
2022-06-22,34400,36300,32650,34900,41817,0.00867052023121384
2022-06-23,34800,35500,33000,34000,33479,-0.025787965616045794
2022-06-24,34300,35400,33800,34900,29907,0.026470588235294024
2022-06-27,34000,34850,33850,34400,26697,-0.014326647564469885
2022-06-28,34450,35000,34000,34650,14950,0.007267441860465018
2022-06-29,33800,34800,33500,33750,19557,-0.025974025974025983
2022-06-30,33850,33850,32550,33750,25580,0.0
2022-07-01,33400,34000,32250,33150,21787,-0.01777777777777778
2022-07-04,33900,34250,32450,33350,20745,0.006033182503770718
2022-07-05,33350,34450,32900,34300,21698,0.028485757121439192
2022-07-06,33300,34000,33300,33750,30473,-0.01603498542274051
2022-07-07,34000,35600,33850,35050,30807,0.03851851851851862
2022-07-08,35100,35600,34800,35500,32753,0.012838801711840153
2022-07-11,35050,35800,35000,35100,36793,-0.011267605633802802
2022-07-12,36200,36250,34100,34650,41538,-0.012820512820512775
2022-07-13,34900,35400,34100,35400,26621,0.02164502164502169
2022-07-14,34750,35650,34600,35000,21885,-0.011299435028248594
2022-07-15,35450,35450,34350,34650,22047,-0.010000000000000009
2022-07-18,35300,35650,34450,34450,34914,-0.005772005772005762
2022-07-19,34000,35250,33600,34950,28693,0.014513788098693858
2022-07-20,35650,36150,34400,34650,54070,-0.008583690987124415
2022-07-21,34400,35150,34050,34750,17030,0.0028860028860029363
2022-07-22,34750,35350,34500,35000,23872,0.007194244604316502
2022-07-25,34800,35300,34650,35200,18400,0.005714285714285783
2022-07-26,34800,35350,34800,34900,13468,-0.008522727272727293
2022-07-27,34900,35150,34700,35100,8714,0.005730659025787954
2022-07-28,35150,35950,35100,35350,12521,0.007122507122507171
2022-07-29,35750,35900,35200,35500,16668,0.004243281471004279
2022-08-01,35300,35600,34950,34950,9486,-0.015492957746478853
2022-08-02,34500,34950,33900,34100,18199,-0.024320457796852657
2022-08-03,34250,34600,33850,34100,17320,0.0
2022-08-04,34050,34850,34050,34800,33651,0.02052785923753664
2022-08-05,34500,35150,34400,34950,22676,0.004310344827586299
2022-08-08,34600,35250,34450,35000,21516,0.0014306151645206988
2022-08-09,34900,35300,34150,34750,34824,-0.0071428571428571175
2022-08-10,34300,34750,33350,33550,38631,-0.03453237410071941
2022-08-11,33900,35300,33850,35250,39414,0.050670640834575176
2022-08-12,34900,35500,34500,35300,20514,0.0014184397163119478
2022-08-16,35600,35600,34700,35100,20706,-0.005665722379603388
2022-08-17,34700,35050,33550,34000,35665,-0.031339031339031376
2022-08-18,34250,34250,33050,33300,32213,-0.020588235294117685
2022-08-19,33150,33850,32800,33000,24699,-0.009009009009009028
2022-08-22,32900,32900,31800,32700,24243,-0.009090909090909038
2022-08-23,32400,32850,32100,32700,14131,0.0
2022-08-24,32450,32750,30150,30450,76355,-0.06880733944954132
2022-08-25,30550,30700,30050,30050,42037,-0.013136288998357948
2022-08-26,30150,30400,29700,30050,28882,0.0
2022-08-29,29450,30050,28250,29850,38352,-0.006655574043261225
2022-08-30,29900,30400,29300,30150,25652,0.01005025125628145
2022-08-31,29650,30500,29550,30150,24719,0.0
2022-09-01,29850,30150,27900,27900,41885,-0.07462686567164178
2022-09-02,28250,28250,27600,27950,15311,0.0017921146953405742
2022-09-05,27650,29000,27300,27450,47606,-0.017889087656529523
2022-09-06,27900,28500,27400,27650,24316,0.007285974499089187
2022-09-07,27000,27300,26200,26400,26603,-0.0452079566003617
2022-09-08,26700,26950,26200,26300,94110,-0.0037878787878787845
2022-09-13,27500,27550,26800,27100,72982,0.03041825095057038
2022-09-14,26850,26950,25700,25700,32726,-0.05166051660516602
2022-09-15,25850,25900,25250,25500,38490,-0.0077821011673151474
2022-09-16,25150,25650,24250,25100,55364,-0.015686274509803977
2022-09-19,25400,25400,24300,24600,28077,-0.019920318725099584
2022-09-20,24850,25300,24450,24900,26598,0.012195121951219523
2022-09-21,24450,24900,23900,24250,19058,-0.026104417670682722
2022-09-22,23700,24250,22800,24150,41954,-0.004123711340206171
2022-09-23,24150,24650,23100,23350,23053,-0.0331262939958592
2022-09-26,23100,23600,22000,22300,42557,-0.04496788008565311
2022-09-27,23100,23300,22100,23000,22770,0.03139013452914807
2022-09-28,22900,23600,21550,22700,40031,-0.013043478260869601
2022-09-29,23250,23800,22450,22750,24208,0.0022026431718060735
2022-09-30,22550,23200,21950,22600,20546,-0.00659340659340657
2022-10-04,23000,23350,22600,22800,20343,0.008849557522123908
2022-10-05,22800,22950,20700,20700,46093,-0.09210526315789469
2022-10-06,20700,21950,20600,21800,30120,0.0531400966183575
2022-10-07,21300,22100,21250,21600,15447,-0.00917431192660545
2022-10-11,21300,21300,19400,19850,45987,-0.08101851851851849
2022-10-12,19800,20000,19350,19400,24894,-0.02267002518891692
2022-10-13,19650,19650,18600,19150,25409,-0.012886597938144284
2022-10-14,19500,20200,19350,20100,24754,0.04960835509138373
2022-10-17,19600,20300,19250,20250,21322,0.00746268656716409
2022-10-18,20250,20800,20100,20750,17707,0.024691358024691468
2022-10-19,20650,21100,20050,20050,17515,-0.03373493975903619
2022-10-20,19650,20250,19350,20100,20461,0.0024937655860348684
2022-10-21,19650,20000,19450,19650,12102,-0.02238805970149249
2022-10-24,20100,20650,19850,20250,35473,0.03053435114503822
2022-10-25,20000,20750,19850,20050,21947,-0.00987654320987652
2022-10-26,20050,20300,19550,20000,10940,-0.0024937655860348684
2022-10-27,20300,20450,19900,20450,19627,0.022499999999999964
2022-10-28,20050,20350,19750,19800,11368,-0.0317848410757946
2022-10-31,20100,20400,19650,19900,18582,0.005050505050504972
2022-11-01,19950,20500,19850,20300,11991,0.0201005025125629
2022-11-02,20000,20000,19300,19550,54669,-0.036945812807881784
2022-11-03,19250,19800,18300,19200,39221,-0.01790281329923271
2022-11-04,19300,19300,18600,18750,21583,-0.0234375
2022-11-07,18800,19450,18650,19400,37918,0.03466666666666662
2022-11-08,19350,20400,19350,20300,29234,0.046391752577319645
2022-11-09,20350,20500,19800,19950,13989,-0.017241379310344862
2022-11-10,19800,19900,19450,19650,17266,-0.015037593984962405
2022-11-11,20350,21500,20200,21200,38361,0.07888040712468203
2022-11-14,21100,21250,20600,20750,24642,-0.021226415094339646
2022-11-15,20600,21200,20400,21200,14982,0.02168674698795181
2022-11-16,21450,21550,20950,21450,17711,0.011792452830188704
2022-11-17,21250,21900,21200,21850,23581,0.018648018648018683
2022-11-18,21600,22200,21350,21700,20573,-0.006864988558352381
2022-11-21,21750,21900,19850,20100,40147,-0.07373271889400923
2022-11-22,20100,20400,19700,20250,27487,0.00746268656716409
2022-11-23,20500,21300,20200,21100,34564,0.041975308641975406
2022-11-24,21050,21600,21050,21250,18632,0.007109004739336511
2022-11-25,21300,21450,20900,21200,9445,-0.0023529411764705577
2022-11-28,20650,21500,20500,20800,18451,-0.018867924528301883
2022-11-29,20950,21400,20400,20950,25588,0.007211538461538547
2022-11-30,21000,21150,20800,21100,14503,0.007159904534606243
2022-12-01,21600,21900,21200,21500,43851,0.018957345971563955
2022-12-02,21300,21550,20950,21050,28846,-0.020930232558139528
2022-12-05,21450,21550,21200,21400,37456,0.016627078384798155
2022-12-06,21600,23300,21350,23250,136157,0.08644859813084116
2022-12-07,23400,27500,23250,26300,385595,0.13118279569892466
2022-12-08,25600,26100,23200,23900,178586,-0.09125475285171103
2022-12-09,24200,25850,23250,24250,109287,0.014644351464435212
2022-12-12,24400,25700,24400,24400,58573,0.006185567010309256
2022-12-13,24450,24550,23450,23650,34201,-0.030737704918032738
2022-12-14,23900,25350,23400,25100,55215,0.06131078224101483
2022-12-15,25100,25100,22700,22900,139209,-0.08764940239043828
2022-12-16,22600,22650,21750,21800,48139,-0.048034934497816595
2022-12-19,21700,22050,21500,21800,26340,0.0
2022-12-20,21600,21850,21200,21400,22687,-0.01834862385321101
2022-12-21,21400,21750,21300,21750,13051,0.016355140186915973
2022-12-22,21800,22500,21700,22400,28250,0.029885057471264354
2022-12-23,22050,22050,21300,21750,24091,-0.029017857142857095
2022-12-26,21500,22000,21150,22000,32698,0.011494252873563315
2022-12-27,22050,22800,21900,22650,35945,0.02954545454545454
2022-12-28,22000,22200,21350,21450,41478,-0.052980132450331174
2022-12-29,21250,21550,20300,20600,25959,-0.03962703962703962
2023-01-02,20600,20950,19550,19800,18256,-0.03883495145631066
2023-01-03,19700,19900,19200,19600,17027,-0.010101010101010055
2023-01-04,19350,19900,19200,19900,10231,0.015306122448979664
2023-01-05,19900,20000,19150,19200,23341,-0.035175879396984966
2023-01-06,19050,19700,19050,19450,21393,0.01302083333333326
2023-01-09,19850,20650,19800,20500,37959,0.05398457583547556
2023-01-10,20200,20400,19950,20000,34330,-0.024390243902439046
2023-01-11,20150,20900,20150,20900,37974,0.04499999999999993
2023-01-12,20700,20800,20250,20350,13317,-0.02631578947368418
2023-01-13,20350,20500,20150,20450,14998,0.004914004914004844
2023-01-16,20800,20900,20450,20650,16225,0.009779951100244544
2023-01-17,20450,20750,20050,20050,19174,-0.029055690072639195
2023-01-18,20050,20250,19900,20150,10400,0.004987531172069737
2023-01-19,20000,20300,19900,20250,11384,0.00496277915632759
2023-01-20,20150,21000,20150,20450,19358,0.009876543209876631
2023-01-25,20750,21100,20550,21050,27692,0.02933985330073341
2023-01-26,20950,21200,20650,20950,15471,-0.004750593824228044
2023-01-27,21250,21250,20500,20650,15270,-0.014319809069212375
2023-01-30,20650,21150,20300,20300,18261,-0.016949152542372836
2023-01-31,20350,20600,20050,20300,14318,0.0
2023-02-01,20600,22100,20200,21400,154196,0.054187192118226646
2023-02-02,21850,21950,21050,21650,58190,0.011682242990654235
2023-02-03,21550,21750,21200,21650,34226,0.0
2023-02-06,22000,22000,20750,20850,34022,-0.036951501154734445
2023-02-07,20850,21100,20550,20950,14850,0.004796163069544335
2023-02-08,20950,21350,20800,21350,23332,0.019093078758949833
2023-02-09,21350,21550,20750,21550,30087,0.00936768149882905
2023-02-10,21150,21450,20850,21100,28663,-0.02088167053364265
2023-02-13,20900,20950,20400,20700,22702,-0.018957345971563955
2023-02-14,20700,20850,20550,20850,12244,0.007246376811594235
2023-02-15,20700,20800,19990,20000,36713,-0.04076738609112707
2023-02-16,20100,21200,20100,21000,26943,0.050000000000000044
2023-02-17,20850,21000,20550,20900,17870,-0.004761904761904745
2023-02-20,20600,21550,20300,21400,30289,0.02392344497607657
2023-02-21,21200,21400,20850,21000,18107,-0.01869158878504673
2023-02-22,20700,20950,20500,20700,21043,-0.014285714285714235
2023-02-23,20700,21150,20700,21150,21410,0.021739130434782705
2023-02-24,21200,21200,20350,20750,19317,-0.01891252955082745
2023-02-27,20450,20750,19980,20600,25762,-0.0072289156626506035
2023-02-28,20600,21200,20500,21100,22731,0.024271844660194164
2023-03-02,21200,21200,20150,20150,43037,-0.04502369668246442
2023-03-03,20300,20350,19820,20050,85535,-0.00496277915632759
2023-03-06,20100,20300,19750,20200,52495,0.007481296758104827
2023-03-07,20300,20550,19930,20250,23794,0.0024752475247524774
2023-03-08,20400,20400,19930,19970,32268,-0.01382716049382715
2023-03-09,19970,20400,19880,20400,25697,0.021532298447671572
2023-03-10,20000,20150,19750,19990,36986,-0.020098039215686314
2023-03-13,20300,20300,19350,19970,37509,-0.0010005002501251026
2023-03-14,19690,19690,19000,19120,35779,-0.04256384576865302
2023-03-15,19220,19700,19210,19510,40196,0.02039748953974896
2023-03-16,19230,19490,18810,19290,21798,-0.011276268580215243
2023-03-17,19700,19950,19300,19850,22111,0.02903058579574913
2023-03-20,19670,20400,19660,19980,21245,0.006549118387909392
2023-03-21,19810,20300,19780,19900,25129,-0.004004004004004025
2023-03-22,19950,20750,19950,20600,27056,0.035175879396984966
2023-03-23,20450,20450,19850,19930,25069,-0.032524271844660224
2023-03-24,19930,19930,19260,19460,24978,-0.0235825388861014
2023-03-27,19410,19590,19020,19590,16068,0.0066803699897224345
2023-03-28,19460,19800,19270,19600,20565,0.0005104645227156368
2023-03-29,19640,19750,19270,19470,15720,-0.006632653061224514
2023-03-30,19480,20250,19110,20050,27533,0.029789419619928204
2023-03-31,20250,20450,20000,20250,16790,0.009975062344139696
2023-04-03,20050,20250,19850,20050,29565,-0.00987654320987652
2023-04-04,20050,21150,19200,20850,60489,0.03990024937655856
2023-04-05,20650,21050,20250,20850,23033,0.0
2023-04-06,20450,20650,19890,19920,43695,-0.04460431654676256
2023-04-07,20050,20400,19860,20250,28627,0.016566265060240948
2023-04-10,20250,20250,19600,19990,21197,-0.012839506172839465
2023-04-11,19750,20200,19700,19980,16992,-0.0005002501250624958
2023-04-12,20200,20250,19890,20100,20287,0.006006006006006093
2023-04-13,20400,20850,19750,20500,73606,0.01990049751243772
2023-04-14,20450,20700,20050,20100,49246,-0.019512195121951237
2023-04-17,20100,20400,19810,19940,30530,-0.007960199004975133
2023-04-18,19870,20150,19640,20000,49085,0.0030090270812437314
2023-04-19,19830,20000,19790,19790,36759,-0.010499999999999954
2023-04-20,19740,19740,19080,19330,65461,-0.023244062657908016
2023-04-21,19310,19480,18790,18880,62916,-0.023279875840662156
2023-04-24,18810,19090,18560,18650,38965,-0.01218220338983056
2023-04-25,18650,18950,18180,18250,37409,-0.02144772117962468
2023-04-26,18040,18700,17950,18340,47028,0.004931506849314982
2023-04-27,18330,18440,17990,18170,25280,-0.009269356597600864
2023-04-28,18300,18430,17960,18060,54128,-0.006053935057787507
2023-05-02,18080,18240,17900,18190,34972,0.007198228128460604
2023-05-03,18060,18240,18020,18050,13798,-0.007696536558548628
2023-05-04,18050,18250,18000,18130,15095,0.004432132963988922
2023-05-08,18140,18770,18140,18720,25982,0.032542746828461144
2023-05-09,18500,18900,18340,18860,16355,0.007478632478632452
2023-05-10,18770,19500,18640,19100,30623,0.012725344644750836
2023-05-11,19380,19390,18980,19300,28025,0.010471204188481575
2023-05-12,19300,19510,18980,19350,23189,0.002590673575129543
2023-05-15,19240,19500,19110,19400,17410,0.0025839793281654533
2023-05-16,19400,19400,18660,18660,23722,-0.03814432989690719
2023-05-17,18660,19300,18630,19240,15159,0.031082529474812493
2023-05-18,19240,19340,19050,19290,9540,0.0025987525987525295
2023-05-19,19280,19660,19230,19620,27554,0.01710730948678063
2023-05-22,19610,19730,19350,19620,17459,0.0
2023-05-23,19690,20100,19530,20000,31342,0.019367991845056
2023-05-24,20000,20700,19760,20050,19132,0.0024999999999999467
2023-05-25,20350,20350,19800,19990,23989,-0.0029925187032419087
2023-05-26,19950,20150,19150,19980,28017,-0.0005002501250624958
2023-05-30,20100,20100,19720,19750,29767,-0.01151151151151153
2023-05-31,19510,20100,19100,19200,52922,-0.027848101265822822
2023-06-01,19080,19380,19020,19310,18658,0.005729166666666563
2023-06-02,19220,19470,18910,19050,31567,-0.013464526152252687
2023-06-05,19000,19340,18820,19010,35792,-0.0020997375328084544
2023-06-07,19290,19600,19100,19240,29695,0.012098895318253478
2023-06-08,19350,19800,18910,19800,143579,0.029106029106028997
2023-06-09,20050,20300,19800,20050,28195,0.012626262626262541
2023-06-12,20300,20300,19710,19840,11745,-0.010473815461346625
2023-06-13,19840,20000,19480,19640,16862,-0.01008064516129037
2023-06-14,19640,19830,19020,19030,20105,-0.031059063136456233
2023-06-15,19030,19250,18610,18880,17387,-0.00788229111928529
2023-06-16,18880,19070,18600,18600,14517,-0.014830508474576232
2023-06-19,18790,19190,18140,18320,25053,-0.01505376344086018
2023-06-20,18100,18480,18100,18250,8580,-0.003820960698689979
2023-06-21,18100,18440,18100,18260,10756,0.0005479452054795164
2023-06-22,18370,18370,18140,18170,11236,-0.004928806133625452
2023-06-23,18100,18300,17900,18170,23866,0.0
2023-06-26,17960,18190,17950,18150,5620,-0.0011007154650523043
2023-06-27,18150,18390,18080,18130,6600,-0.001101928374655614
2023-06-28,18130,18300,18010,18070,16649,-0.003309431880860414
2023-06-29,18020,18230,18020,18220,5137,0.00830105146651916
2023-06-30,18220,18230,18040,18230,15789,0.0005488474204171645
2023-07-03,18220,18360,18050,18360,12693,0.007131102578167958
2023-07-04,18270,18350,18090,18250,14860,-0.005991285403050162
2023-07-05,18120,18360,18100,18260,14600,0.0005479452054795164
2023-07-06,18260,18260,17350,17830,61482,-0.023548740416210245
2023-07-07,17820,18100,17500,17850,23623,0.001121704991587258
2023-07-10,18000,18000,17750,17860,7230,0.0005602240896358524
2023-07-11,17860,18150,17700,18110,18749,0.01399776035834277
2023-07-12,18110,18200,17900,18020,14289,-0.004969630038652695
2023-07-13,18020,18390,18020,18340,14535,0.017758046614872347
2023-07-14,18420,18490,18000,18140,12520,-0.010905125408942173
2023-07-17,18180,18290,17920,18190,11700,0.002756339581036382
2023-07-18,18190,18350,18060,18230,9516,0.0021990104452995762
2023-07-19,18400,18400,17750,18070,23081,-0.008776741634668128
2023-07-20,18100,18100,17740,17740,14889,-0.018262313226341975
2023-07-21,17840,18250,17470,17730,23724,-0.0005636978579481866
2023-07-24,17730,17900,17000,17150,25841,-0.03271291596164694
2023-07-25,17240,17240,16560,16560,22671,-0.03440233236151602
2023-07-26,16560,16790,15150,16300,45959,-0.0157004830917874
2023-07-27,16450,17500,16050,16840,59957,0.03312883435582825
2023-07-28,16840,17370,16790,17350,22678,0.030285035629453727
2023-07-31,17350,17450,17000,17270,19640,-0.004610951008645503
2023-08-01,17400,17450,17110,17350,16678,0.004632310364794501
2023-08-02,17100,17400,17060,17290,17536,-0.0034582132564840995
2023-08-03,17260,17420,16960,17130,20328,-0.009253903990746104
2023-08-04,17010,17650,17010,17560,18789,0.025102159953298342
2023-08-07,17560,18230,17270,17900,26060,0.019362186788154823
2023-08-08,17920,18220,17650,17990,30625,0.005027932960893766
2023-08-09,17850,18730,17850,18730,55088,0.041133963312951716
2023-08-10,18900,19300,18760,19180,34981,0.024025627335824806
2023-08-11,19200,20100,18930,19220,58056,0.002085505735140769
2023-08-14,19400,19540,18950,19230,23220,0.0005202913631634498
2023-08-16,19230,19460,18900,19230,21090,0.0
2023-08-17,19230,19360,18750,19200,20464,-0.0015600624024960652
2023-08-18,19210,19500,18900,19250,17317,0.0026041666666667407
2023-08-21,19350,19710,19170,19550,16364,0.01558441558441559
2023-08-22,19380,19910,19380,19850,17091,0.01534526854219953
2023-08-23,19860,19990,19690,19700,12718,-0.007556675062972307
2023-08-24,19980,19980,19620,19700,10124,0.0
2023-08-25,19520,19790,19430,19690,16251,-0.0005076142131980044
2023-08-28,19690,19880,19650,19770,15849,0.004062976130015272
2023-08-29,19770,19950,19700,19900,18246,0.006575619625695417
2023-08-30,19740,20000,19710,19770,25944,-0.006532663316582865
2023-08-31,19700,20300,19630,20250,40377,0.02427921092564489
2023-09-01,20150,20400,19990,20300,28470,0.0024691358024691024
2023-09-04,20250,20300,20000,20250,12754,-0.0024630541871921707
2023-09-05,20050,20200,19640,19960,17134,-0.014320987654320994
2023-09-06,19830,20000,19510,19600,14300,-0.018036072144288595
2023-09-07,19550,19800,19010,19010,15997,-0.030102040816326503
2023-09-08,18900,19300,18840,18920,15681,-0.004734350341925264
2023-09-11,18800,19400,18650,19180,7720,0.01374207188160681
2023-09-12,18990,19400,18950,18960,7329,-0.01147028154327423
2023-09-13,19090,19100,18410,18600,14192,-0.01898734177215189
2023-09-14,18500,18890,18490,18500,7139,-0.005376344086021501
2023-09-15,18500,19200,18470,19070,8705,0.030810810810810718
2023-09-18,18900,19160,18830,19160,5008,0.004719454640797149
2023-09-19,19210,19330,18890,19160,3020,0.0
2023-09-20,19160,19290,18830,18830,6014,-0.017223382045928992
2023-09-21,18800,19100,18350,18380,3926,-0.023898035050451405
2023-09-22,18600,18600,18260,18600,3773,0.01196953210010876
2023-09-25,18300,18650,18300,18600,3816,0.0
2023-09-26,18640,18680,18330,18370,2743,-0.01236559139784943
2023-09-27,18370,19020,18310,18990,4655,0.03375068045726737
2023-10-04,18990,18990,18300,18510,5812,-0.025276461295418606
2023-10-05,18510,19150,18510,18960,10255,0.024311183144246407
2023-10-06,0,0,0,18960,0,0.0
2023-10-10,0,0,0,18960,0,0.0
2023-10-11,0,0,0,18960,0,0.0
2023-10-12,0,0,0,18960,0,0.0
2023-10-13,0,0,0,18960,0,0.0
2023-10-16,0,0,0,18960,0,0.0
2023-10-17,0,0,0,18960,0,0.0
2023-10-18,0,0,0,18960,0,0.0
2023-10-19,0,0,0,18960,0,0.0
2023-10-20,8910,9470,8100,9450,64153,-0.5015822784810127
2023-10-23,9020,9400,8870,9080,33661,-0.03915343915343916
2023-10-24,8930,9020,8530,8800,24350,-0.03083700440528636
2023-10-25,8810,9100,8760,9010,11406,0.02386363636363642
2023-10-26,8900,9020,8700,8980,12349,-0.0033296337402886067
2023-10-27,8980,9060,8650,8970,26245,-0.00111358574610243
2023-10-30,8850,9080,8790,9070,10149,0.011148272017837302
2023-10-31,9040,9110,8720,8850,14360,-0.02425578831312014
2023-11-01,8850,10500,8850,9130,358596,0.031638418079096065
2023-11-02,9110,9210,8800,8960,41572,-0.018619934282584905
2023-11-03,8980,9050,8780,8920,22208,-0.004464285714285698
2023-11-06,8920,9050,8850,8910,18801,-0.0011210762331838042
2023-11-07,8930,8980,8760,8810,20167,-0.011223344556677839
2023-11-08,8890,8900,8630,8680,14428,-0.014755959137343955
2023-11-09,8730,8800,8610,8670,5599,-0.0011520737327188613
2023-11-10,8670,8670,8450,8520,3568,-0.01730103806228378
2023-11-13,8520,8520,8360,8430,9566,-0.010563380281690127
2023-11-14,8550,8550,8350,8420,6229,-0.0011862396204033177
2023-11-15,8620,8690,8360,8360,12704,-0.0071258907363420665
2023-11-16,8370,8470,8350,8450,9114,0.010765550239234534
2023-11-17,8510,8510,8370,8430,3124,-0.002366863905325478
2023-11-20,8370,8700,8370,8440,3657,0.0011862396204034287
2023-11-21,8440,8870,8440,8840,17373,0.04739336492891
2023-11-22,8840,8840,8750,8820,5197,-0.002262443438914019
2023-11-23,8810,8870,8710,8800,3693,-0.0022675736961451642
2023-11-24,8800,8810,8680,8750,4405,-0.005681818181818232
2023-11-27,8660,8750,8060,8320,51778,-0.049142857142857155
2023-11-28,8410,8410,8190,8350,8411,0.0036057692307691624
2023-11-29,8260,8340,8200,8270,6788,-0.009580838323353325
2023-11-30,8210,8280,8200,8240,4091,-0.0036275695284159193
2023-12-01,8270,8270,8180,8230,7118,-0.0012135922330097637
2023-12-04,8260,8370,8130,8150,4175,-0.009720534629404587
2023-12-05,8170,8390,8080,8180,8970,0.0036809815950920033
2023-12-06,8110,8240,8080,8240,6418,0.007334963325183352
2023-12-07,8240,8240,8080,8200,3689,-0.004854368932038833
2023-12-08,8330,8380,8210,8360,20989,0.019512195121951237
2023-12-11,8260,8380,8140,8250,8525,-0.013157894736842146
2023-12-12,8230,8400,8170,8380,27696,0.01575757575757586
2023-12-13,8360,8450,8230,8230,34860,-0.017899761336515496
2023-12-14,8260,8470,8260,8350,36503,0.014580801944106936
2023-12-15,8350,8570,8280,8490,17164,0.016766467065868262
2023-12-18,8480,8780,8400,8720,23859,0.027090694935217874
2023-12-19,8650,8800,8640,8680,18744,-0.004587155963302725
2023-12-20,8790,8790,8640,8690,18613,0.0011520737327188613
2023-12-21,8580,8720,8580,8690,14464,0.0
2023-12-22,8690,8760,8630,8750,13290,0.0069044879171460405
2023-12-26,8650,8730,8510,8510,10917,-0.02742857142857147
2023-12-27,8520,8580,8330,8400,6271,-0.01292596944770863
2023-12-28,8440,8460,8300,8460,2361,0.0071428571428571175
2024-01-02,8470,8470,8320,8450,4785,-0.0011820330969266601
2024-01-03,8450,8450,8290,8300,5793,-0.017751479289940808
2024-01-04,8070,8280,8070,8190,13430,-0.013253012048192736
2024-01-05,8180,8270,8100,8160,7386,-0.00366300366300365
2024-01-08,8160,8650,8070,8410,27838,0.030637254901960675
2024-01-09,8410,8410,8130,8200,18935,-0.024970273483947647
2024-01-10,8200,8210,8080,8100,5987,-0.012195121951219523
2024-01-11,8120,8230,8070,8190,5925,0.011111111111111072
2024-01-12,8190,8200,8050,8100,6736,-0.01098901098901095
2024-01-15,8180,8180,7780,7900,23972,-0.024691358024691357
2024-01-16,7920,7920,7750,7780,6273,-0.015189873417721489
2024-01-17,7860,7980,7610,7960,10395,0.023136246786632286
2024-01-18,7850,7990,7740,7990,11490,0.0037688442211054607
2024-01-19,7990,7990,7880,7990,5461,0.0
2024-01-22,8030,8050,7730,8010,35833,0.0025031289111390187
2024-01-23,7870,8040,7870,8040,2862,0.0037453183520599342
2024-01-24,8100,8100,7910,8020,1495,-0.0024875621890547706
2024-01-25,8020,8080,7890,7890,3913,-0.016209476309226978
2024-01-26,8020,8020,7880,7900,2455,0.0012674271229404788
2024-01-29,7840,7880,7750,7880,11274,-0.0025316455696202667
2024-01-30,7880,7920,7810,7870,1798,-0.0012690355329949554
2024-01-31,7920,7920,7770,7770,3438,-0.01270648030495558
2024-02-01,7820,7820,7450,7670,14033,-0.012870012870012881
2024-02-02,7600,7720,7600,7710,11501,0.0052151238591917615
2024-02-05,7560,7720,7560,7660,17834,-0.006485084306095956
2024-02-06,7660,7700,7590,7620,6568,-0.005221932114882533
2024-02-07,7610,7640,7530,7530,11215,-0.011811023622047223
2024-02-08,7660,7700,7520,7530,5426,0.0
2024-02-13,7520,7600,7500,7540,10420,0.0013280212483399723
2024-02-14,7350,7560,7350,7520,21211,-0.0026525198938992522
2024-02-15,7550,7590,7480,7590,6154,0.009308510638297962
2024-02-16,7640,7670,7520,7660,9159,0.00922266139657446
2024-02-19,7660,7700,7570,7670,4562,0.0013054830287206887
2024-02-20,7720,7720,7580,7660,5742,-0.0013037809647978849
2024-02-21,7660,7700,7580,7690,2261,0.003916449086161844
2024-02-22,7690,7710,7600,7700,3643,0.0013003901170351995
2024-02-23,7720,7730,7600,7730,10064,0.003896103896103842
2024-02-26,7740,7740,7550,7620,9941,-0.014230271668822736
2024-02-27,7620,7710,7560,7560,3786,-0.007874015748031482
2024-02-28,7630,7650,7500,7510,5829,-0.006613756613756627
2024-02-29,7440,7520,7430,7510,3068,0.0
2024-03-04,7520,7590,7520,7580,2914,0.009320905459387463
2024-03-05,7410,7500,7400,7410,30343,-0.02242744063324542
2024-03-06,7410,7460,7270,7440,13187,0.004048582995951344
2024-03-07,7360,7510,7340,7500,9366,0.008064516129032251
2024-03-08,7500,7510,7340,7400,6069,-0.013333333333333308
2024-03-11,7170,7460,7170,7260,26336,-0.018918918918918948
2024-03-12,7340,7340,7180,7210,5656,-0.00688705234159781
2024-03-13,7200,7220,7090,7170,16624,-0.00554785020804438
2024-03-14,7170,7250,7150,7200,4277,0.004184100418409997
2024-03-15,7260,7260,7120,7190,2923,-0.001388888888888884
2024-03-18,7190,7190,7000,7170,32876,-0.0027816411682892728
2024-03-19,7190,7360,7100,7300,35451,0.018131101813110284
2024-03-20,7220,7380,7160,7370,18988,0.009589041095890316
2024-03-21,7360,7480,7260,7480,32797,0.014925373134328401
2024-03-22,7480,7590,7440,7580,13510,0.013368983957219305
2024-03-25,7510,7990,7500,7760,50839,0.0237467018469657
2024-03-26,7820,8070,7820,7990,44096,0.029639175257731853
2024-03-27,8080,8150,8000,8150,27670,0.020025031289111483
2024-03-28,8260,8390,8160,8380,47569,0.02822085889570558
2024-03-29,8380,8430,8270,8430,16267,0.005966587112171906
2024-04-01,8450,8580,8390,8500,20157,0.008303677342823335
2024-04-02,8510,8540,7760,8000,104129,-0.05882352941176472
2024-04-03,8000,8090,7850,7960,51360,-0.0050000000000000044
2024-04-04,8050,8190,8020,8170,19208,0.02638190954773867
2024-04-05,8210,8460,8110,8440,15923,0.03304773561811514
2024-04-08,8400,8520,8300,8460,34650,0.0023696682464455776
2024-04-09,8470,8520,8240,8330,20380,-0.015366430260047248
2024-04-11,8260,8350,8200,8300,3679,-0.0036014405762304635
2024-04-12,8300,8390,8220,8330,20092,0.0036144578313253017
2024-04-15,8250,8310,8210,8270,9009,-0.007202881152461038
2024-04-16,8220,8230,7930,8060,11773,-0.025392986698911768
2024-04-17,8050,8100,7870,7960,7039,-0.012406947890818865
2024-04-18,7960,7990,7850,7870,4936,-0.011306532663316604
2024-04-19,7870,7870,7530,7660,14254,-0.026683608640406642
2024-04-22,7700,8710,7700,8170,151024,0.06657963446475201
2024-04-23,8130,8200,7860,8200,16817,0.003671970624234966
2024-04-24,8150,8250,8110,8200,18580,0.0
2024-04-25,8190,8420,8100,8300,42453,0.012195121951219523
2024-04-26,8310,8380,8180,8290,5579,-0.001204819277108471
2024-04-29,8250,8340,8220,8290,20084,0.0
2024-04-30,8290,8390,8170,8390,11997,0.012062726176115701
2024-05-02,8390,8440,8310,8380,5884,-0.0011918951132300348
2024-05-03,8380,8410,8290,8360,31446,-0.0023866348448687846
2024-05-07,8400,8400,8100,8180,10246,-0.021531100478468845
2024-05-08,8190,8230,8080,8200,4796,0.0024449877750611915
2024-05-09,8170,8170,7900,8030,14411,-0.02073170731707319
2024-05-10,8090,8300,8080,8240,19064,0.026151930261519407
2024-05-13,8230,8230,7910,8130,14803,-0.013349514563106846
2024-05-14,8100,8210,8030,8080,23126,-0.006150061500615034
2024-05-16,8050,8120,8030,8060,15858,-0.0024752475247524774
2024-05-17,7970,8010,7920,7920,1803,-0.017369727047146455
2024-05-20,7850,7950,7810,7820,4380,-0.012626262626262652
2024-05-21,7880,8060,7850,7850,27074,0.0038363171355497716
2024-05-22,7860,7930,7750,7810,9275,-0.005095541401273884
2024-05-23,7810,8100,7810,8100,17241,0.03713188220230479
2024-05-24,8190,8190,7920,8090,4161,-0.0012345679012345512
2024-05-27,8090,8110,8010,8010,23446,-0.00988875154511748
2024-05-28,8020,8100,7950,8080,16313,0.008739076154806513
2024-05-29,8130,8130,7950,8020,16689,-0.007425742574257432
2024-05-30,8020,8030,7800,7860,7045,-0.01995012468827928
2024-05-31,7860,8100,7860,7970,14686,0.013994910941475869
2024-06-03,7980,8160,7980,8120,21446,0.01882057716436636
2024-06-04,8100,8380,8070,8260,28019,0.01724137931034475
2024-06-05,8250,8300,8080,8160,26868,-0.01210653753026636
2024-06-07,8160,8230,8110,8160,13839,0.0
2024-06-10,8020,8110,7960,7960,7532,-0.02450980392156865
2024-06-11,8050,8140,7970,8000,18916,0.005025125628140614
2024-06-12,8010,8050,7810,7810,11438,-0.02375000000000005
2024-06-13,7910,7980,7740,7810,27303,0.0
2024-06-14,7900,7910,7600,7640,33736,-0.0217669654289373
2024-06-17,7700,7900,7610,7710,20625,0.009162303664921545
2024-06-18,7800,7980,7640,7640,9761,-0.009079118028534339
2024-06-19,7800,7900,7640,7670,20675,0.003926701570680535
2024-06-20,7670,7760,7660,7690,16959,0.0026075619295957697
2024-06-21,7700,8000,7680,7850,16542,0.02080624187256186
