Date,Open,High,Low,Close,Volume,Change
2022-01-03,6440,6520,6410,6510,73937,0.009302325581395321
2022-01-04,6540,6670,6460,6580,116385,0.010752688172043001
2022-01-05,6560,6660,6480,6660,98489,0.012158054711246091
2022-01-06,6700,6830,6580,6740,418216,0.012012012012011963
2022-01-07,6830,6890,6710,6760,162002,0.0029673590504450953
2022-01-10,6750,6750,6410,6480,152717,-0.041420118343195256
2022-01-11,6500,6510,6320,6420,110179,-0.0092592592592593
2022-01-12,6400,6530,6380,6490,92925,0.010903426791277315
2022-01-13,6490,6540,6390,6420,74306,-0.01078582434514641
2022-01-14,6380,6440,6340,6420,35642,0.0
2022-01-17,6350,6410,6260,6270,48148,-0.02336448598130836
2022-01-18,6220,6360,6200,6240,50914,-0.004784688995215336
2022-01-19,6220,6220,6020,6120,48606,-0.019230769230769273
2022-01-20,6050,6160,6050,6080,54549,-0.006535947712418277
2022-01-21,6090,6170,6060,6090,36871,0.00164473684210531
2022-01-24,6040,6040,5700,5880,74696,-0.03448275862068961
2022-01-25,5820,5870,5460,5490,143113,-0.06632653061224492
2022-01-26,5510,5900,5470,5520,86629,0.005464480874316946
2022-01-27,5550,5650,5330,5640,93919,0.021739130434782705
2022-01-28,5640,5850,5520,5800,83571,0.028368794326241176
2022-02-03,6200,6230,5850,6000,75236,0.034482758620689724
2022-02-04,6060,6300,5990,6200,113540,0.03333333333333344
2022-02-07,6200,6240,6080,6090,39778,-0.01774193548387093
2022-02-08,6090,6140,5930,5960,54560,-0.021346469622331665
2022-02-09,5980,6050,5920,5990,26847,0.005033557046979942
2022-02-10,5990,6020,5940,5940,20756,-0.008347245409014992
2022-02-11,5980,5980,5840,5860,29049,-0.013468013468013518
2022-02-14,5770,5820,5560,5660,98936,-0.03412969283276446
2022-02-15,5540,5630,5480,5520,120687,-0.02473498233215543
2022-02-16,5560,5700,5550,5650,68921,0.023550724637681153
2022-02-17,5700,5820,5530,5680,114289,0.005309734513274433
2022-02-18,5570,5750,5540,5720,63126,0.007042253521126751
2022-02-21,5670,5680,5550,5640,38924,-0.013986013986013957
2022-02-22,5520,5640,5430,5500,105683,-0.024822695035460973
2022-02-23,5490,5590,5470,5560,71381,0.01090909090909098
2022-02-24,5500,5570,5320,5510,140516,-0.008992805755395739
2022-02-25,5500,5630,5470,5600,85979,0.016333938294010864
2022-02-28,5570,5920,5490,5890,164454,0.051785714285714324
2022-03-02,5920,5950,5830,5930,43385,0.00679117147707986
2022-03-03,5900,6030,5890,5990,42070,0.010118043844856706
2022-03-04,5950,5970,5790,5900,47458,-0.015025041736227096
2022-03-07,5880,5960,5700,5770,55940,-0.02203389830508473
2022-03-08,5600,5730,5540,5560,93046,-0.036395147313691534
2022-03-10,5660,6050,5660,5860,143831,0.05395683453237421
2022-03-11,6010,6530,5920,6280,1452417,0.07167235494880542
2022-03-14,6300,6420,6100,6140,286814,-0.022292993630573243
2022-03-15,6300,6640,6110,6130,2132286,-0.0016286644951140072
2022-03-16,6200,6560,6170,6410,871608,0.04567699836867867
2022-03-17,6440,6440,6250,6320,265945,-0.01404056162246492
2022-03-18,6300,6310,6220,6260,124116,-0.009493670886076
2022-03-21,6270,6630,6210,6430,537076,0.02715654952076685
2022-03-22,6430,6520,6380,6480,160794,0.007776049766718529
2022-03-23,6480,6630,6350,6570,675129,0.01388888888888884
2022-03-24,6550,6610,6420,6540,279407,-0.004566210045662156
2022-03-25,6580,6600,6470,6600,578388,0.00917431192660545
2022-03-28,8580,8580,7260,7640,13789284,0.15757575757575748
2022-03-29,7760,8200,7470,7880,5922871,0.03141361256544495
2022-03-30,7740,8500,7640,7890,6842355,0.0012690355329949554
2022-03-31,7800,8130,7710,8130,2450904,0.03041825095057038
2022-04-01,7990,8380,7780,8380,2361966,0.03075030750307506
2022-04-04,8730,8890,7920,7950,3697775,-0.051312649164677815
2022-04-05,7900,8020,7730,7810,798634,-0.017610062893081757
2022-04-06,7740,7910,7560,7850,875735,0.005121638924455718
2022-04-07,7650,7690,7290,7300,519990,-0.07006369426751591
2022-04-08,7290,7390,7150,7170,286019,-0.017808219178082174
2022-04-11,7090,7240,6990,7010,301894,-0.02231520223152017
2022-04-12,6860,7130,6850,6890,333908,-0.01711840228245365
2022-04-13,6860,7080,6860,6970,244726,0.011611030478954953
2022-04-14,6980,7410,6960,7170,449332,0.02869440459110484
2022-04-15,7100,7680,7030,7680,1123738,0.07112970711297062
2022-04-18,7520,7600,7200,7200,473765,-0.0625
2022-04-19,7200,7330,7180,7240,139348,0.005555555555555536
2022-04-20,7240,7960,7180,7700,1604891,0.06353591160220984
2022-04-21,7650,7870,7600,7700,761166,0.0
2022-04-22,7720,7800,7500,7570,370388,-0.016883116883116833
2022-04-25,7410,8050,7410,7940,1542865,0.04887714663143994
2022-04-26,7870,8120,7700,7930,1086506,-0.0012594458438287548
2022-04-27,7700,8030,7630,7690,798651,-0.030264817150063017
2022-04-28,7900,8000,7610,7640,583123,-0.006501950585175553
2022-04-29,7670,7810,7560,7770,266537,0.017015706806282616
2022-05-02,7570,7650,7540,7580,224329,-0.02445302445302444
2022-05-03,7580,7700,7450,7450,254740,-0.01715039577836408
2022-05-04,7460,7480,7190,7310,316457,-0.018791946308724827
2022-05-06,7260,7260,7050,7140,153689,-0.023255813953488413
2022-05-09,7070,7150,6860,6910,243837,-0.03221288515406162
2022-05-10,6830,7120,6570,7100,224946,0.02749638205499272
2022-05-11,7020,7160,6940,6980,128465,-0.016901408450704203
2022-05-12,6980,7030,6700,6840,147011,-0.02005730659025784
2022-05-13,6780,6930,6780,6910,113033,0.01023391812865504
2022-05-16,7130,7130,6940,6990,80582,0.011577424023154759
2022-05-17,7080,7150,6970,7070,124290,0.011444921316166035
2022-05-18,7080,7110,6960,6980,92682,-0.012729844413012725
2022-05-19,6840,6940,6690,6750,161816,-0.03295128939828085
2022-05-20,6760,6890,6750,6810,71170,0.008888888888888946
2022-05-23,6890,6890,6750,6770,56636,-0.005873715124816492
2022-05-24,6770,6900,6670,6710,99208,-0.008862629246676468
2022-05-25,6700,6740,6600,6650,79779,-0.008941877794336861
2022-05-26,6660,6870,6660,6720,67560,0.010526315789473717
2022-05-27,6800,6890,6770,6850,59879,0.019345238095238138
2022-05-30,6870,7100,6870,6940,92123,0.013138686131386912
2022-05-31,6980,6980,6860,6900,53401,-0.0057636887608069065
2022-06-02,6870,6870,6780,6780,53804,-0.017391304347826098
2022-06-03,6780,6900,6740,6850,108622,0.010324483775811188
2022-06-07,6850,6850,6610,6610,102549,-0.03503649635036499
2022-06-08,6610,6680,6450,6450,100856,-0.024205748865355536
2022-06-09,6450,6600,6330,6420,93341,-0.0046511627906976605
2022-06-10,6420,6450,6210,6220,113348,-0.031152647975077885
2022-06-13,6170,6210,5870,5870,133448,-0.0562700964630225
2022-06-14,5800,5900,5660,5800,117232,-0.011925042589437829
2022-06-15,5790,5890,5560,5560,127446,-0.04137931034482756
2022-06-16,5630,5890,5630,5710,114843,0.026978417266187105
2022-06-17,5680,5860,5330,5800,124130,0.015761821366024442
2022-06-20,5800,5800,5390,5450,155921,-0.06034482758620685
2022-06-21,5400,6250,5400,5530,690966,0.014678899082568808
2022-06-22,5510,5600,5030,5230,187238,-0.054249547920434016
2022-06-23,5220,5240,4970,5020,211253,-0.040152963671128084
2022-06-24,5010,5300,5010,5260,173822,0.047808764940239
2022-06-27,5300,5450,5200,5370,148416,0.02091254752851701
2022-06-28,5340,5480,5300,5440,96493,0.013035381750465591
2022-06-29,5350,5500,5280,5500,77995,0.011029411764705843
2022-06-30,5480,5480,5290,5390,90581,-0.020000000000000018
2022-07-01,5390,5450,5100,5210,94855,-0.033395176252319136
2022-07-04,5210,5290,4995,5080,46748,-0.0249520153550864
2022-07-05,5120,5300,4970,5240,82924,0.03149606299212593
2022-07-06,5230,5750,5130,5250,594235,0.001908396946564972
2022-07-07,5250,6430,5250,5830,3917629,0.1104761904761904
2022-07-08,5830,5880,5720,5830,477159,0.0
2022-07-11,5860,6300,5660,5880,1909949,0.00857632933104635
2022-07-12,5850,5860,5590,5660,254043,-0.0374149659863946
2022-07-13,5660,5710,5500,5580,181916,-0.014134275618374548
2022-07-14,5550,5660,5480,5550,102583,-0.005376344086021501
2022-07-15,5570,5700,5350,5440,164234,-0.01981981981981984
2022-07-18,5500,5750,5400,5670,165067,0.04227941176470584
2022-07-19,5660,5790,5570,5750,136863,0.014109347442680775
2022-07-20,6100,6300,5860,6010,859201,0.045217391304347876
2022-07-21,5970,6040,5880,5910,162324,-0.016638935108153063
2022-07-22,5900,6480,5860,6060,1743403,0.025380710659898442
2022-07-25,6050,6060,5940,5960,145081,-0.01650165016501648
2022-07-26,5930,6070,5890,5890,170273,-0.011744966442952975
2022-07-27,5890,6380,5860,6180,1213028,0.04923599320882843
2022-07-28,6220,6270,6130,6190,298685,0.0016181229773462036
2022-07-29,6230,6260,6110,6160,194443,-0.004846526655896577
2022-08-01,6160,6260,6140,6210,123503,0.008116883116883189
2022-08-02,6180,6740,6150,6570,738973,0.05797101449275366
2022-08-03,6510,6600,6420,6540,306423,-0.004566210045662156
2022-08-04,6510,6790,6510,6650,468848,0.01681957186544336
2022-08-05,6740,7000,6620,6800,1014695,0.022556390977443552
2022-08-08,6680,6780,6520,6780,256977,-0.002941176470588225
2022-08-09,6580,6690,6530,6570,284798,-0.030973451327433676
2022-08-10,6520,6830,6490,6550,448699,-0.0030441400304414
2022-08-11,6610,6650,6540,6600,146698,0.007633587786259444
2022-08-12,6600,6660,6550,6650,137742,0.007575757575757569
2022-08-16,6630,6630,6130,6190,516687,-0.06917293233082711
2022-08-17,6200,6200,6020,6020,173431,-0.02746365105008075
2022-08-18,6070,6120,5900,5960,172682,-0.009966777408637828
2022-08-19,5900,6280,5870,5990,300734,0.005033557046979942
2022-08-22,5880,6140,5870,5900,219090,-0.015025041736227096
2022-08-23,5870,5910,5670,5710,111338,-0.03220338983050852
2022-08-24,5700,5930,5700,5750,89701,0.007005253940455258
2022-08-25,5740,5910,5740,5900,65786,0.026086956521739202
2022-08-26,5900,5970,5820,5820,57004,-0.013559322033898313
2022-08-29,5560,5750,5500,5580,88825,-0.04123711340206182
2022-08-30,5580,5860,5580,5740,60662,0.028673835125448077
2022-08-31,5670,5760,5660,5750,41357,0.0017421602787457413
2022-09-01,5730,5950,5580,5580,136348,-0.029565217391304355
2022-09-02,5590,5640,5500,5560,65686,-0.0035842293906810374
2022-09-05,5490,5550,5480,5480,43345,-0.014388489208633115
2022-09-06,5490,5560,5460,5520,53659,0.007299270072992803
2022-09-07,5500,5500,5320,5370,76206,-0.02717391304347827
2022-09-08,5400,5460,5370,5430,27217,0.011173184357541999
2022-09-13,5480,5600,5460,5600,54447,0.03130755064456725
2022-09-14,5450,5570,5320,5510,44869,-0.016071428571428625
2022-09-15,5580,5630,5510,5580,51687,0.012704174228675091
2022-09-16,5530,5560,5440,5440,44019,-0.02508960573476704
2022-09-19,5440,5470,5240,5250,74921,-0.03492647058823528
2022-09-20,5330,5450,5310,5360,61592,0.020952380952381056
2022-09-21,5360,5700,5330,5400,185502,0.00746268656716409
2022-09-22,5400,5440,5220,5310,75684,-0.01666666666666672
2022-09-23,5250,5300,5110,5180,59303,-0.024482109227871973
2022-09-26,5100,5140,4700,4700,143385,-0.0926640926640927
2022-09-27,4710,4750,4525,4645,188287,-0.011702127659574457
2022-09-28,4575,4695,4445,4565,114408,-0.017222820236813763
2022-09-29,4570,4680,4530,4570,69526,0.0010952902519167917
2022-09-30,4430,4580,4400,4540,72720,-0.006564551422319487
2022-10-04,4540,4640,4540,4630,72041,0.01982378854625555
2022-10-05,4705,4720,4515,4535,62152,-0.02051835853131745
2022-10-06,4540,4650,4535,4600,46662,0.014332965821389099
2022-10-07,4600,4630,4535,4590,32293,-0.0021739130434782483
2022-10-11,4540,4540,4330,4335,62302,-0.05555555555555558
2022-10-12,4335,4360,4195,4260,46579,-0.01730103806228378
2022-10-13,4210,4260,4015,4025,81583,-0.055164319248826255
2022-10-14,4045,4235,4045,4205,50933,0.044720496894409933
2022-10-17,4165,4250,4140,4200,25670,-0.0011890606420927874
2022-10-18,4300,4335,4200,4320,35597,0.02857142857142847
2022-10-19,4360,4360,4275,4300,33479,-0.00462962962962965
2022-10-20,4300,4500,4270,4365,85374,0.015116279069767424
2022-10-21,4325,4335,4250,4250,34977,-0.026345933562428425
2022-10-24,4280,4365,4280,4300,31809,0.0117647058823529
2022-10-25,4340,4400,4300,4330,42542,0.006976744186046435
2022-10-26,4335,4360,4290,4300,25777,-0.006928406466512715
2022-10-27,4320,4450,4290,4430,60268,0.03023255813953485
2022-10-28,4430,4645,4405,4450,150825,0.004514672686230181
2022-10-31,4535,4535,4370,4405,47504,-0.010112359550561778
2022-11-01,4405,4420,4340,4420,25503,0.0034052213393871433
2022-11-02,4405,4460,4390,4390,15706,-0.006787330316742057
2022-11-03,4310,4450,4280,4425,45064,0.007972665148063829
2022-11-04,4435,4440,4375,4430,21201,0.001129943502824915
2022-11-07,4450,4490,4430,4465,30933,0.007900677200902928
2022-11-08,4465,4555,4465,4520,28070,0.012318029115341522
2022-11-09,4560,4595,4520,4520,32141,0.0
2022-11-10,4470,4535,4435,4500,30376,-0.004424778761061954
2022-11-11,4600,4660,4575,4610,54466,0.02444444444444449
2022-11-14,4610,4725,4595,4650,142929,0.008676789587852562
2022-11-15,4645,4755,4640,4690,91329,0.008602150537634357
2022-11-16,4690,4720,4630,4680,53228,-0.002132196162046962
2022-11-17,4695,4695,4590,4645,41367,-0.007478632478632452
2022-11-18,4610,4705,4590,4595,29519,-0.01076426264800856
2022-11-21,4580,4590,4450,4480,27155,-0.02502720348204568
2022-11-22,4420,4490,4415,4470,17383,-0.0022321428571429047
2022-11-23,4460,4560,4460,4550,41832,0.017897091722595126
2022-11-24,4570,4580,4530,4565,22768,0.003296703296703285
2022-11-25,4605,4785,4565,4745,116965,0.03943044906900339
2022-11-28,4725,4730,4495,4560,85891,-0.03898840885142252
2022-11-29,4525,4645,4505,4610,39387,0.010964912280701844
2022-11-30,4570,4665,4560,4655,34389,0.009761388286334105
2022-12-01,4685,4775,4675,4735,76841,0.017185821697099923
2022-12-02,4755,4775,4685,4735,40502,0.0
2022-12-05,4710,4770,4690,4715,26687,-0.004223864836325197
2022-12-06,4680,4710,4570,4700,44725,-0.0031813361611876534
2022-12-07,4605,4660,4550,4660,22930,-0.008510638297872353
2022-12-08,4615,4625,4555,4600,20653,-0.012875536480686733
2022-12-09,4595,4610,4540,4590,19149,-0.0021739130434782483
2022-12-12,4615,4615,4545,4570,10407,-0.004357298474945481
2022-12-13,4540,4600,4540,4600,23509,0.006564551422319376
2022-12-14,4645,4695,4590,4675,31620,0.016304347826086918
2022-12-15,4675,4775,4665,4680,46350,0.0010695187165774556
2022-12-16,4630,4655,4605,4610,22016,-0.014957264957264904
2022-12-19,4605,4695,4600,4650,27609,0.008676789587852562
2022-12-20,4635,4660,4520,4570,26970,-0.017204301075268824
2022-12-21,4545,4590,4520,4530,35704,-0.008752735229759279
2022-12-22,4550,4575,4525,4570,16503,0.008830022075055233
2022-12-23,4570,4575,4495,4510,21925,-0.013129102844638973
2022-12-26,4510,4510,4440,4450,33251,-0.013303769401330379
2022-12-27,4435,4495,4435,4495,28334,0.010112359550561889
2022-12-28,4495,4530,4345,4455,51171,-0.008898776418242438
2022-12-29,4420,4420,4215,4250,51024,-0.04601571268237936
2023-01-02,4250,4280,4105,4140,49524,-0.025882352941176467
2023-01-03,4070,4140,4025,4115,43761,-0.006038647342995196
2023-01-04,4045,4240,4045,4215,130815,0.024301336573511634
2023-01-05,4215,4215,4085,4115,157039,-0.023724792408066464
2023-01-06,4090,4215,4090,4200,91081,0.020656136087484844
2023-01-09,4225,4295,4215,4285,51648,0.020238095238095166
2023-01-10,4285,4400,4250,4330,53957,0.010501750291715295
2023-01-11,4330,4380,4330,4370,23970,0.009237875288683695
2023-01-12,4360,4385,4310,4385,34886,0.003432494279176135
2023-01-13,4395,4430,4245,4285,160805,-0.022805017103762815
2023-01-16,4300,4350,4295,4310,44110,0.005834305717619559
2023-01-17,4285,4345,4280,4280,21030,-0.00696055684454755
2023-01-18,4285,4325,4270,4310,28362,0.007009345794392496
2023-01-19,4310,4370,4265,4365,21248,0.012761020881670637
2023-01-20,4365,4395,4325,4370,69875,0.001145475372279492
2023-01-25,4400,4430,4270,4430,134664,0.013729977116704761
2023-01-26,4440,4455,4385,4425,67405,-0.0011286681715575453
2023-01-27,4450,4490,4420,4435,68670,0.002259887005649608
2023-01-30,4435,4475,4390,4440,26953,0.0011273957158963732
2023-01-31,4435,4495,4395,4490,53172,0.011261261261261257
2023-02-01,4475,4600,4475,4575,58637,0.018930957683741756
2023-02-02,4595,4700,4500,4565,147428,-0.002185792349726823
2023-02-03,4540,4590,4535,4560,55847,-0.0010952902519167917
2023-02-06,4560,4560,4490,4495,43912,-0.014254385964912242
2023-02-07,4495,4560,4475,4560,41857,0.014460511679644128
2023-02-08,4595,4595,4555,4580,17115,0.004385964912280604
2023-02-09,4565,4600,4540,4570,26858,-0.0021834061135370675
2023-02-10,4560,4585,4435,4480,40148,-0.01969365426695846
2023-02-13,4470,4470,4420,4450,29976,-0.006696428571428603
2023-02-14,4450,4495,4440,4455,35254,0.0011235955056179137
2023-02-15,4475,4490,4330,4405,51004,-0.011223344556677839
2023-02-16,4365,4500,4365,4470,25928,0.014755959137343844
2023-02-17,4425,4495,4350,4380,40829,-0.020134228187919434
2023-02-20,4380,4450,4270,4385,51696,0.0011415525114155667
2023-02-21,4415,4495,4395,4430,26909,0.010262257696693311
2023-02-22,4430,4445,4380,4390,22861,-0.009029345372460473
2023-02-23,4360,4430,4350,4420,33741,0.006833712984054774
2023-02-24,4420,4425,4310,4395,36079,-0.005656108597285048
2023-02-27,4335,4380,4280,4330,41153,-0.014789533560864654
2023-02-28,4290,4355,4275,4340,28570,0.002309468822170979
2023-03-02,4340,4420,4335,4420,28584,0.018433179723502224
2023-03-03,4420,4440,4385,4410,21694,-0.002262443438914019
2023-03-06,4460,4470,4350,4465,57474,0.012471655328798237
2023-03-07,4465,4470,4370,4420,44292,-0.01007838745800671
2023-03-08,4410,4440,4390,4425,30923,0.0011312217194570096
2023-03-09,4425,4480,4405,4430,47098,0.001129943502824915
2023-03-10,4390,4430,4350,4395,45546,-0.007900677200902928
2023-03-13,4310,4395,4195,4325,40146,-0.015927189988623414
2023-03-14,4250,4255,4120,4125,93245,-0.046242774566473965
2023-03-15,4150,4205,4030,4180,43903,0.01333333333333342
2023-03-16,4170,4175,4050,4135,39840,-0.010765550239234423
2023-03-17,4140,4240,4135,4220,62415,0.02055622732769047
2023-03-20,4215,4235,4180,4185,34119,-0.008293838862559189
2023-03-21,4205,4215,4170,4190,20642,0.0011947431302270495
2023-03-22,4195,4210,4150,4210,25572,0.004773269689737569
2023-03-23,4165,4190,4135,4190,42132,-0.004750593824228044
2023-03-24,4180,4230,4170,4230,33099,0.009546539379474916
2023-03-27,4230,4320,4140,4310,42967,0.01891252955082745
2023-03-28,4290,4330,4265,4270,13483,-0.009280742459396807
2023-03-29,4260,4335,4255,4300,16443,0.007025761124121788
2023-03-30,4300,4380,4300,4330,31784,0.006976744186046435
2023-03-31,4335,4365,4315,4330,21812,0.0
2023-04-03,4285,4360,4285,4345,36921,0.0034642032332563577
2023-04-04,4345,4420,4345,4400,32300,0.012658227848101333
2023-04-05,4400,4425,4355,4385,32252,-0.003409090909090917
2023-04-06,4380,4380,4295,4305,25749,-0.018244013683010207
2023-04-07,4330,4345,4285,4305,14383,0.0
2023-04-10,4280,4300,4160,4210,51144,-0.022067363530778206
2023-04-11,4195,4245,4145,4235,28991,0.005938242280284944
2023-04-12,4215,4255,4210,4250,23828,0.0035419126328217754
2023-04-13,4250,4280,4210,4280,24852,0.007058823529411784
2023-04-14,4280,4330,4265,4320,13842,0.009345794392523255
2023-04-17,4300,4365,4280,4295,19467,-0.0057870370370370905
2023-04-18,4380,4460,4300,4425,68873,0.030267753201397074
2023-04-19,4405,4500,4405,4420,52266,-0.001129943502824804
2023-04-20,4410,4410,4340,4340,27432,-0.018099547511312264
2023-04-21,4325,4365,4260,4335,32598,-0.0011520737327188613
2023-04-24,4310,4315,4260,4295,22299,-0.009227220299884653
2023-04-25,4290,4310,4230,4275,36135,-0.00465657741559955
2023-04-26,4270,4350,4230,4280,29117,0.0011695906432749315
2023-04-27,4275,4280,4245,4280,15688,0.0
2023-04-28,4280,4300,4200,4260,29274,-0.004672897196261627
2023-05-02,4255,4280,4235,4250,22953,-0.0023474178403756207
2023-05-03,4270,4270,4225,4255,25077,0.0011764705882353343
2023-05-04,4230,4295,4220,4275,26343,0.004700352526439522
2023-05-08,4270,4375,4270,4350,32353,0.01754385964912286
2023-05-09,4330,4420,4285,4400,47724,0.011494252873563315
2023-05-10,4370,4420,4350,4400,26366,0.0
2023-05-11,4400,4435,4380,4425,12388,0.005681818181818121
2023-05-12,4410,4430,4375,4390,19470,-0.00790960451977396
2023-05-15,4390,4395,4340,4340,17791,-0.011389521640091105
2023-05-16,4325,4375,4285,4285,19773,-0.012672811059907807
2023-05-17,4285,4350,4285,4325,9639,0.009334889148191472
2023-05-18,4355,4380,4305,4340,22241,0.003468208092485492
2023-05-19,4340,4385,4300,4345,35766,0.0011520737327188613
2023-05-22,4350,4455,4335,4445,57355,0.023014959723820505
2023-05-23,4445,4455,4415,4440,18647,-0.0011248593925758943
2023-05-24,4435,4445,4395,4420,18344,-0.0045045045045044585
2023-05-25,4395,4450,4380,4400,15111,-0.004524886877828038
2023-05-26,4400,4405,4330,4355,22738,-0.010227272727272751
2023-05-30,4355,4410,4340,4355,21437,0.0
2023-05-31,4355,4415,4355,4360,18303,0.0011481056257176547
2023-06-01,4380,4400,4355,4390,33795,0.006880733944954143
2023-06-02,4390,4450,4365,4450,35330,0.013667425968109326
2023-06-05,4445,4470,4390,4430,38410,-0.004494382022471877
2023-06-07,4400,4455,4395,4415,28019,-0.003386004514672636
2023-06-08,4415,4475,4400,4440,32059,0.005662514156285381
2023-06-09,4440,4460,4410,4460,23323,0.0045045045045044585
2023-06-12,4470,4480,4420,4460,31350,0.0
2023-06-13,4460,4500,4425,4480,34789,0.004484304932735439
2023-06-14,4450,4520,4385,4470,83317,-0.0022321428571429047
2023-06-15,4435,4465,4405,4450,33541,-0.004474272930648726
2023-06-16,4465,4470,4395,4445,32610,-0.0011235955056180247
2023-06-19,4410,4430,4385,4425,19575,-0.004499437570303688
2023-06-20,4415,4470,4410,4445,21429,0.004519774011299438
2023-06-21,4445,4520,4400,4490,48118,0.01012373453318327
2023-06-22,4480,4660,4465,4660,157802,0.03786191536748329
2023-06-23,4685,4685,4520,4540,92646,-0.025751072961373356
2023-06-26,4585,4585,4460,4475,43430,-0.014317180616740033
2023-06-27,4475,4510,4360,4410,89669,-0.01452513966480451
2023-06-28,4415,4430,4390,4405,18983,-0.0011337868480725266
2023-06-29,4410,4765,4385,4480,202073,0.017026106696935273
2023-06-30,4515,5000,4485,4650,2429945,0.0379464285714286
2023-07-03,4695,4725,4625,4690,336682,0.008602150537634357
2023-07-04,4725,5090,4600,4750,1382165,0.01279317697228155
2023-07-05,4770,4830,4725,4730,225392,-0.004210526315789442
2023-07-06,4770,4850,4565,4590,200830,-0.029598308668076112
2023-07-07,4560,4655,4540,4600,59431,0.002178649237472685
2023-07-10,4600,4760,4600,4640,130734,0.008695652173912993
2023-07-11,4690,4690,4560,4615,71654,-0.0053879310344827624
2023-07-12,4640,4645,4585,4630,48559,0.003250270855904569
2023-07-13,4630,4695,4615,4655,52212,0.005399568034557323
2023-07-14,4660,4670,4505,4540,72688,-0.02470461868958107
2023-07-17,4520,4640,4480,4580,81436,0.008810572687224738
2023-07-18,4620,4620,4515,4535,38104,-0.009825327510917026
2023-07-19,4535,4540,4445,4445,48910,-0.019845644983461974
2023-07-20,4480,4485,4420,4445,29462,0.0
2023-07-21,4425,4480,4410,4460,24040,0.003374578177727683
2023-07-24,4440,4450,4310,4355,82717,-0.023542600896861
2023-07-25,4340,4355,4225,4245,105701,-0.025258323765786406
2023-07-26,4245,4265,4060,4125,145152,-0.028268551236749095
2023-07-27,4115,4255,4110,4200,72305,0.018181818181818077
2023-07-28,4200,4325,4150,4245,35173,0.010714285714285676
2023-07-31,4270,4275,4220,4260,17537,0.0035335689045936647
2023-08-01,4250,4355,4240,4285,35447,0.005868544600938996
2023-08-02,4275,4300,4210,4255,29585,-0.007001166861143493
2023-08-03,4230,4325,4170,4250,23789,-0.001175088131609825
2023-08-04,4220,4260,4195,4240,32835,-0.0023529411764705577
2023-08-07,4205,4270,4175,4235,41605,-0.001179245283018826
2023-08-08,4230,4255,4175,4210,24084,-0.005903187721369552
2023-08-09,4220,4245,4185,4230,14770,0.004750593824228044
2023-08-10,4200,4350,4200,4285,26603,0.013002364066193817
2023-08-11,4265,4340,4250,4300,15925,0.003500583430571691
2023-08-14,4300,4355,4260,4330,41942,0.006976744186046435
2023-08-16,4310,4330,4205,4235,30213,-0.021939953810623525
2023-08-17,4130,4225,4130,4200,30430,-0.008264462809917328
2023-08-18,4155,4300,4130,4190,30034,-0.0023809523809523725
2023-08-21,4190,4300,4185,4210,29895,0.004773269689737569
2023-08-22,4235,4240,4175,4190,30173,-0.004750593824228044
2023-08-23,4160,4230,4160,4200,20465,0.0023866348448686736
2023-08-24,4200,4270,4200,4235,19862,0.008333333333333304
2023-08-25,4235,4270,4225,4250,15493,0.0035419126328217754
2023-08-28,4250,4335,4245,4270,19259,0.004705882352941115
2023-08-29,4310,4330,4200,4290,45260,0.004683840749414525
2023-08-30,4310,4350,4250,4325,46169,0.008158508158508049
2023-08-31,4305,4335,4290,4300,25346,-0.005780346820809301
2023-09-01,4300,4330,4275,4295,20017,-0.0011627906976744429
2023-09-04,4300,4335,4270,4280,30367,-0.0034924330616996624
2023-09-05,4280,4375,4210,4275,78086,-0.001168224299065379
2023-09-06,4275,4295,4255,4280,13326,0.0011695906432749315
2023-09-07,4265,4295,4255,4290,11567,0.002336448598130758
2023-09-08,4270,4350,4255,4305,23161,0.0034965034965035446
2023-09-11,4305,4325,4250,4270,24758,-0.008130081300813052
2023-09-12,4250,4285,4220,4255,23597,-0.003512880562060894
2023-09-13,4245,4275,4195,4210,26850,-0.010575793184488869
2023-09-14,4210,4240,4190,4220,35228,0.002375296912114022
2023-09-15,4230,4300,4230,4300,21370,0.018957345971563955
2023-09-18,4300,4315,4290,4305,25714,0.0011627906976743319
2023-09-19,4285,4320,4255,4285,30309,-0.004645760743321681
2023-09-20,4290,4300,4270,4280,24275,-0.001166861143523934
2023-09-21,4280,4290,4200,4215,19176,-0.015186915887850483
2023-09-22,4200,4250,4175,4200,29603,-0.003558718861209953
2023-09-25,4200,4245,4190,4215,13886,0.0035714285714285587
2023-09-26,4215,4220,4150,4170,25051,-0.010676156583629859
2023-09-27,4190,4195,4075,4145,33967,-0.005995203836930418
2023-10-04,4140,4230,4015,4065,43487,-0.0193003618817853
2023-10-05,4045,4090,4005,4010,26686,-0.013530135301353052
2023-10-06,3990,4115,3990,4055,15142,0.01122194513715713
2023-10-10,4050,4095,3955,3980,29746,-0.018495684340320562
2023-10-11,3950,4020,3950,3995,11309,0.0037688442211054607
2023-10-12,3995,4150,3990,4060,22907,0.016270337922402955
2023-10-13,4050,4060,4000,4035,20837,-0.006157635467980316
2023-10-16,4025,4025,3975,3975,34908,-0.014869888475836479
2023-10-17,3980,4030,3980,4005,6679,0.007547169811320753
2023-10-18,4015,4135,3985,4010,26781,0.0012484394506866447
2023-10-19,4000,4010,3920,3935,27941,-0.018703241895261846
2023-10-20,3880,4000,3850,3900,43758,-0.008894536213468918
2023-10-23,3860,3915,3840,3890,23829,-0.002564102564102555
2023-10-24,3875,3930,3865,3915,22559,0.006426735218509005
2023-10-25,3900,3960,3900,3920,12952,0.0012771392081736277
2023-10-26,3880,3940,3870,3880,21835,-0.010204081632653073
2023-10-27,3880,3940,3870,3935,17273,0.014175257731958713
2023-10-30,3920,3925,3885,3910,16658,-0.006353240152477735
2023-10-31,3900,3935,3865,3895,14910,-0.0038363171355498826
2023-11-01,3880,3980,3880,3970,20643,0.019255455712451797
2023-11-02,3945,4010,3945,3980,13043,0.0025188916876575096
2023-11-03,3980,4010,3965,4005,9397,0.00628140703517599
2023-11-06,4020,4055,3995,4025,17924,0.004993757802746579
2023-11-07,4005,4015,3945,3955,22019,-0.017391304347826098
2023-11-08,3955,4060,3940,3950,33696,-0.0012642225031606058
2023-11-09,3950,4015,3950,3995,6270,0.0113924050632912
2023-11-10,3990,4040,3945,4000,8829,0.0012515644555695093
2023-11-13,4015,4015,3945,3945,11401,-0.01375000000000004
2023-11-14,3945,3975,3940,3960,9540,0.0038022813688212143
2023-11-15,3975,4000,3940,3960,20646,0.0
2023-11-16,3960,3985,3940,3970,15870,0.002525252525252597
2023-11-17,3970,4035,3940,3960,14028,-0.0025188916876573986
2023-11-20,3960,4005,3945,3995,15505,0.008838383838383868
2023-11-21,4000,4015,3990,4000,14253,0.0012515644555695093
2023-11-22,4000,4060,3980,4045,13674,0.011249999999999982
2023-11-23,4045,4075,4015,4045,13999,0.0
2023-11-24,4045,4045,3955,4030,20359,-0.003708281829419069
2023-11-27,3990,4050,3990,4020,13345,-0.002481389578163795
2023-11-28,4015,4020,3990,3995,13810,-0.006218905472636815
2023-11-29,3995,4005,3970,3990,9661,-0.0012515644555695093
2023-11-30,3990,3990,3940,3980,21331,-0.0025062656641604564
2023-12-01,3970,3985,3965,3975,6741,-0.0012562814070351536
2023-12-04,3975,4100,3895,4045,69279,0.017610062893081757
2023-12-05,4015,4025,4005,4020,7675,-0.006180469715698411
2023-12-06,4010,4020,3995,4015,10872,-0.0012437810945273853
2023-12-07,4010,4020,3975,4015,5489,0.0
2023-12-08,4015,4040,3995,4040,7488,0.0062266500622665255
2023-12-11,4115,4115,4025,4055,15335,0.003712871287128605
2023-12-12,4055,4060,4030,4050,11116,-0.0012330456226880004
2023-12-13,4015,4055,4010,4035,9282,-0.0037037037037036535
2023-12-14,4035,4080,4020,4030,14671,-0.0012391573729864103
2023-12-15,4045,4060,4025,4050,10266,0.00496277915632759
2023-12-18,4050,4080,4040,4055,18469,0.0012345679012346622
2023-12-19,4040,4065,4040,4050,11692,-0.0012330456226880004
2023-12-20,4050,4100,4040,4100,14412,0.012345679012345734
2023-12-21,4085,4150,4050,4085,21771,-0.003658536585365857
2023-12-22,4155,4155,4065,4075,12529,-0.002447980416156681
2023-12-26,4075,4105,4070,4095,20781,0.004907975460122671
2023-12-27,4055,4075,4000,4040,17291,-0.013431013431013383
2023-12-28,4040,4040,3980,3990,18902,-0.012376237623762387
2024-01-02,3955,4020,3950,3985,18837,-0.0012531328320801727
2024-01-03,3950,3980,3920,3955,23453,-0.007528230865746499
2024-01-04,3925,3950,3900,3925,22686,-0.007585335018963302
2024-01-05,3900,3935,3895,3935,27141,0.002547770700636942
2024-01-08,3935,3940,3850,3920,38913,-0.003811944091486663
2024-01-09,3920,3935,3885,3920,21698,0.0
2024-01-10,3920,3945,3910,3945,16139,0.0063775510204082675
2024-01-11,3935,3935,3875,3910,68769,-0.008871989860583018
2024-01-12,3905,3910,3860,3895,21526,-0.0038363171355498826
2024-01-15,3895,3895,3850,3855,41149,-0.010269576379974277
2024-01-16,3860,3880,3855,3875,8757,0.005188067444876765
2024-01-17,3875,3880,3820,3840,28413,-0.00903225806451613
2024-01-18,3810,3860,3810,3840,19769,0.0
2024-01-19,3840,3885,3830,3885,14375,0.01171875
2024-01-22,3885,3885,3855,3880,10474,-0.0012870012870013214
2024-01-23,3880,3885,3850,3885,11853,0.0012886597938144284
2024-01-24,3850,3850,3810,3845,19917,-0.01029601029601035
2024-01-25,3830,3855,3805,3820,24428,-0.006501950585175553
2024-01-26,3790,3830,3765,3805,56700,-0.003926701570680646
2024-01-29,3810,3830,3765,3805,30085,0.0
2024-01-30,3795,3865,3795,3855,22645,0.013140604467805517
2024-01-31,3850,3855,3815,3855,14790,0.0
2024-02-01,3845,3915,3830,3905,27994,0.012970168612191912
2024-02-02,3920,3980,3865,3930,84577,0.006402048655569814
2024-02-05,3965,3980,3930,3960,34139,0.007633587786259444
2024-02-06,3965,4100,3930,4070,129243,0.02777777777777768
2024-02-07,4075,4095,4025,4030,35653,-0.009828009828009798
2024-02-08,4030,4080,3975,4010,29873,-0.00496277915632759
2024-02-13,4005,4110,3995,4080,40698,0.0174563591022443
2024-02-14,4025,4095,4020,4080,32352,0.0
2024-02-15,4080,4080,4035,4050,13711,-0.007352941176470562
2024-02-16,4020,4040,4005,4025,23020,-0.006172839506172867
2024-02-19,4025,4050,4005,4045,17425,0.00496894409937898
2024-02-20,4045,4075,4035,4065,8502,0.0049443757725586845
2024-02-21,4085,4085,4030,4050,12090,-0.0036900369003689537
2024-02-22,4055,4055,4010,4020,13795,-0.007407407407407418
2024-02-23,4030,4050,4010,4035,15273,0.003731343283582156
2024-02-26,4035,4075,4025,4030,20431,-0.0012391573729864103
2024-02-27,4040,4095,4025,4030,16043,0.0
2024-02-28,4030,4085,3995,4015,31442,-0.003722084367245637
2024-02-29,4005,4015,3930,3980,38617,-0.008717310087173136
2024-03-04,3980,4045,3960,3970,25746,-0.002512562814070307
2024-03-05,3995,4000,3930,3965,22133,-0.0012594458438287548
2024-03-06,3935,4035,3915,4000,17283,0.008827238335435084
2024-03-07,3965,3995,3950,3990,11275,-0.0024999999999999467
2024-03-08,3975,3975,3940,3950,13816,-0.010025062656641603
2024-03-11,3950,3950,3920,3920,10968,-0.0075949367088608
2024-03-12,3920,4000,3905,3905,14979,-0.003826530612244916
2024-03-13,3905,3935,3860,3930,17716,0.006402048655569814
2024-03-14,3995,4090,3985,4080,63994,0.03816793893129766
2024-03-15,4080,4150,4015,4075,50004,-0.001225490196078427
2024-03-18,4035,4105,3980,4015,57955,-0.014723926380368124
2024-03-19,4015,4055,3990,4010,45154,-0.001245330012453305
2024-03-20,4010,4070,3995,4030,19803,0.004987531172069737
2024-03-21,4060,4060,3990,4045,18890,0.003722084367245637
2024-03-22,4055,4065,3980,4035,17866,-0.0024721878862793423
2024-03-25,4035,4335,4030,4140,438524,0.026022304832713727
2024-03-26,4275,4310,4160,4230,203958,0.021739130434782705
2024-03-27,4570,4770,4320,4520,1367177,0.0685579196217494
2024-03-28,4525,4950,4325,4545,654182,0.005530973451327359
2024-03-29,4530,4530,4380,4390,206471,-0.034103410341034146
2024-04-01,4505,4775,4430,4505,621081,0.026195899772209597
2024-04-02,4595,4695,4430,4495,293649,-0.002219755826859071
2024-04-03,4440,4440,4200,4310,216280,-0.04115684093437155
2024-04-04,4240,4400,4150,4225,164982,-0.019721577726218076
2024-04-05,4220,4230,4100,4160,115018,-0.01538461538461533
2024-04-08,4195,4275,4140,4210,112308,0.012019230769230838
2024-04-09,4185,4255,4130,4180,69453,-0.0071258907363420665
2024-04-11,4160,4315,4160,4185,96832,0.0011961722488038617
2024-04-12,4200,4230,4150,4180,37958,-0.0011947431302270495
2024-04-15,4190,4580,4165,4360,420140,0.04306220095693769
2024-04-16,4340,4350,4180,4215,107847,-0.03325688073394495
2024-04-17,4185,4225,4060,4075,105268,-0.033214709371293005
2024-04-18,4140,4240,4090,4240,85579,0.04049079754601226
2024-04-19,4470,4650,4215,4270,372310,0.007075471698113178
2024-04-22,4350,4565,4250,4440,418693,0.03981264637002346
2024-04-23,4370,4415,4290,4325,166206,-0.025900900900900914
2024-04-24,4320,4365,4300,4325,60818,0.0
2024-04-25,4380,4460,4310,4330,133160,0.0011560693641619046
2024-04-26,4330,4385,4200,4380,61007,0.011547344110854452
2024-04-29,4380,4450,4285,4285,94125,-0.02168949771689499
2024-04-30,4250,4300,4200,4260,72785,-0.005834305717619559
2024-05-02,4250,4260,4155,4170,41775,-0.021126760563380254
2024-05-03,4290,4290,4165,4195,44048,0.005995203836930418
2024-05-07,4205,4250,4160,4240,41463,0.010727056019070424
2024-05-08,4300,4370,4270,4325,88027,0.02004716981132071
2024-05-09,4305,4340,4230,4255,33965,-0.016184971098265888
2024-05-10,4275,4275,4200,4265,30115,0.00235017626321965
2024-05-13,4225,4285,4215,4255,34251,-0.0023446658851113966
2024-05-14,4255,4275,4180,4240,40292,-0.003525264394829586
2024-05-16,4230,4250,4025,4140,66917,-0.02358490566037741
2024-05-17,4180,4180,4070,4105,45529,-0.008454106280193274
2024-05-20,4110,4225,4085,4120,50514,0.0036540803897686658
2024-05-21,4145,4145,4050,4075,30722,-0.01092233009708743
2024-05-22,4075,4115,4035,4090,31232,0.0036809815950920033
2024-05-23,4075,4100,4050,4065,17192,-0.006112469437652757
2024-05-24,4065,4130,4040,4060,23246,-0.0012300123001229846
2024-05-27,4110,4230,4110,4135,57160,0.018472906403940836
2024-05-28,4175,4175,4060,4085,25303,-0.01209189842805325
2024-05-29,4085,4115,4055,4065,15206,-0.004895960832313362
2024-05-30,4085,4110,4040,4050,21712,-0.0036900369003689537
2024-05-31,4050,4080,4035,4040,15596,-0.0024691358024691024
2024-06-03,4055,4065,4025,4060,22620,0.004950495049504955
2024-06-04,4055,4085,4010,4015,36377,-0.011083743842364546
2024-06-05,4035,4040,4000,4030,18299,0.0037359900373599153
2024-06-07,4025,4045,4015,4040,16446,0.002481389578163684
2024-06-10,4040,4060,4005,4050,17413,0.0024752475247524774
2024-06-11,4065,4175,4005,4055,73407,0.0012345679012346622
2024-06-12,4045,4090,4025,4050,12447,-0.0012330456226880004
2024-06-13,4050,4075,4025,4060,18193,0.0024691358024691024
2024-06-14,4080,4190,4020,4145,117385,0.020935960591133007
2024-06-17,4145,4180,4105,4155,66463,0.0024125452352230514
2024-06-18,4155,4160,4110,4140,18018,-0.0036101083032491488
2024-06-19,4120,4120,4035,4095,33674,-0.010869565217391353
2024-06-20,4150,4150,4040,4130,29207,0.008547008547008517
2024-06-21,4120,4120,4025,4050,24227,-0.01937046004842613
2024-06-24,4050,4095,4020,4050,30850,0.0
2024-06-25,4050,4120,4025,4100,32022,0.012345679012345734
2024-06-26,4100,4100,4050,4070,8026,-0.007317073170731714
2024-06-27,4070,4070,4030,4050,14177,-0.004914004914004955
2024-06-28,4050,4070,4035,4065,21453,0.0037037037037037646
2024-07-01,4065,4065,4040,4055,10529,-0.002460024600245969
2024-07-02,4055,4075,4000,4025,33281,-0.007398273736128225
2024-07-03,4010,4025,4000,4020,14111,-0.001242236024844745
2024-07-04,4020,4025,3980,3990,16886,-0.007462686567164201
2024-07-05,4005,4005,3750,3945,40935,-0.011278195488721776
2024-07-08,3905,3945,3905,3940,13469,-0.0012674271229404788
2024-07-09,3940,3995,3940,3980,8172,0.010152284263959421
2024-07-10,3945,3995,3945,3990,7832,0.002512562814070307
2024-07-11,3995,4015,3980,3990,8135,0.0
2024-07-12,3990,4020,3975,3995,6909,0.0012531328320801727
2024-07-15,4010,4010,3970,4000,6016,0.0012515644555695093
2024-07-16,3970,4010,3960,3985,8553,-0.003750000000000031
2024-07-17,3980,4020,3965,4000,10359,0.0037641154328733606
2024-07-18,3995,4000,3950,3995,10533,-0.0012499999999999734
2024-07-19,3995,4000,3955,3975,8125,-0.005006257822277815
2024-07-22,3975,3990,3905,3930,14959,-0.01132075471698113
2024-07-23,3925,3960,3885,3915,15622,-0.003816793893129722
2024-07-24,3915,3915,3870,3885,24212,-0.007662835249042099
2024-07-25,3875,3900,3690,3900,35023,0.0038610038610038533
2024-07-26,3865,3920,3865,3885,5980,-0.0038461538461538325
2024-07-29,3910,3910,3865,3880,8206,-0.0012870012870013214
2024-07-30,3890,3890,3835,3870,12765,-0.002577319587628857
2024-07-31,3870,3900,3850,3890,15228,0.0051679586563306845
2024-08-01,3900,3915,3885,3890,7407,0.0
2024-08-02,3880,3930,3750,3795,36959,-0.024421593830334154
2024-08-05,3795,3900,3350,3900,119322,0.027667984189723382
2024-08-06,3735,3790,3635,3650,52651,-0.0641025641025641
2024-08-07,3675,3745,3660,3725,16287,0.020547945205479534
2024-08-08,3705,3710,3665,3685,9947,-0.010738255033557076
2024-08-09,3655,3735,3655,3715,10152,0.008141112618724522
2024-08-12,3680,3750,3680,3720,14989,0.0013458950201883368
2024-08-13,3720,3730,3695,3700,7854,-0.005376344086021501
2024-08-14,3700,3740,3690,3720,14088,0.00540540540540535
2024-08-16,3725,3840,3725,3790,42567,0.018817204301075252
2024-08-19,3775,3800,3750,3760,15771,-0.0079155672823219
2024-08-20,3750,3865,3745,3810,18559,0.013297872340425565
2024-08-21,3770,3840,3770,3785,15405,-0.006561679790026198
2024-08-22,3785,3820,3780,3790,5520,0.0013210039630118242
2024-08-23,3790,3805,3750,3785,15392,-0.0013192612137202797
2024-08-26,3780,3780,3750,3750,15642,-0.009247027741083214
2024-08-27,3750,3780,3720,3780,12171,0.008000000000000007
2024-08-28,3815,3815,3740,3795,7595,0.003968253968253954
2024-08-29,3760,3810,3710,3750,22345,-0.011857707509881465
2024-08-30,3750,3760,3650,3700,17543,-0.013333333333333308
2024-09-02,3700,3720,3685,3695,4240,-0.0013513513513513375
2024-09-03,3710,3720,3680,3705,2973,0.0027063599458727605
2024-09-04,3700,3700,3645,3650,16267,-0.014844804318488558
2024-09-05,3660,3680,3620,3655,8991,0.00136986301369868
2024-09-06,3660,3675,3605,3625,15736,-0.008207934336525335
2024-09-09,3605,3645,3605,3625,12019,0.0
2024-09-10,3625,3655,3615,3625,6404,0.0
2024-09-11,3625,3640,3600,3625,5898,0.0
2024-09-12,3625,3680,3625,3650,8352,0.006896551724137945
2024-09-13,3695,3720,3670,3695,9820,0.012328767123287676
2024-09-19,3695,3705,3660,3660,6988,-0.009472259810554773
2024-09-20,3665,3740,3645,3690,11009,0.008196721311475308
2024-09-23,3670,3750,3670,3705,8722,0.004065040650406582
2024-09-24,3685,3710,3685,3710,3596,0.0013495276653170407
2024-09-25,3730,3735,3695,3700,11541,-0.0026954177897574594
2024-09-26,3730,3730,3695,3730,6911,0.008108108108108025
2024-09-27,3725,3740,3715,3715,6792,-0.004021447721179627
2024-09-30,3710,3735,3675,3710,11432,-0.0013458950201884479
2024-10-02,3710,3740,3670,3715,5248,0.0013477088948787852
2024-10-04,3710,3750,3705,3730,9009,0.004037685060565233
2024-10-07,3730,3760,3725,3760,6351,0.008042895442359255
2024-10-08,3740,3770,3740,3770,4492,0.0026595744680850686
2024-10-10,3740,3790,3740,3765,11891,-0.0013262599469495706
2024-10-11,3745,3780,3725,3730,7367,-0.009296148738379806
2024-10-14,3730,3765,3680,3710,19319,-0.00536193029490617
2024-10-15,3700,3725,3695,3710,1568,0.0
2024-10-16,3680,3730,3680,3720,6734,0.0026954177897573484
2024-10-17,3700,3750,3700,3725,3030,0.0013440860215054862
2024-10-18,3725,3725,3695,3695,5871,-0.008053691275167751
2024-10-21,3695,3730,3675,3695,12964,0.0
2024-10-22,3680,3695,3675,3675,14199,-0.005412719891745632
2024-10-23,3675,3705,3635,3680,7295,0.0013605442176871652
2024-10-24,3680,3715,3655,3695,5920,0.0040760869565217295
2024-10-25,3690,3710,3680,3690,4782,-0.0013531799729363803
2024-10-28,3725,3725,3680,3695,5160,0.0013550135501354532
2024-10-29,3680,3695,3665,3685,3874,-0.0027063599458727605
2024-10-30,3685,3705,3680,3705,2916,0.005427408412483015
2024-10-31,3700,3700,3675,3680,9923,-0.006747638326585648
2024-11-01,3670,3700,3620,3680,22932,0.0
2024-11-04,3655,3695,3655,3690,1952,0.0027173913043478937
2024-11-05,3665,3695,3665,3695,8326,0.0013550135501354532
2024-11-06,3695,3725,3680,3695,4419,0.0
2024-11-07,3695,3710,3675,3695,4611,0.0
2024-11-08,3695,3710,3670,3680,15198,-0.004059539918809252
2024-11-11,3695,3695,3630,3670,8556,-0.0027173913043477826
2024-11-12,3650,3650,3570,3590,23408,-0.021798365122615793
2024-11-13,3575,3590,3490,3520,30230,-0.01949860724233987
2024-11-14,3525,3950,3475,3760,537263,0.06818181818181812
2024-11-15,3770,3930,3700,3910,124508,0.039893617021276695
2024-11-18,3910,4070,3860,4065,161231,0.03964194373401542
2024-11-19,4055,4095,3970,4065,51495,0.0
2024-11-20,4045,4075,4040,4065,23792,0.0
2024-11-21,4060,4085,3915,4065,29073,0.0
2024-11-22,4065,4070,3975,4065,27469,0.0
2024-11-25,4045,4150,4005,4075,48543,0.002460024600245969
2024-11-26,4075,4115,4040,4115,47989,0.009815950920245342
2024-11-27,4110,4115,4030,4100,19192,-0.0036452004860266785
2024-11-28,4100,4105,4045,4095,12208,-0.0012195121951219523
2024-11-29,4115,4115,3815,4055,18638,-0.009768009768009733
2024-12-02,4060,4105,3975,4050,39715,-0.0012330456226880004
2024-12-03,4100,4100,4050,4080,18107,0.007407407407407307
2024-12-04,4080,4105,4010,4010,25184,-0.01715686274509809
2024-12-05,4045,4045,3945,3945,21211,-0.016209476309226978
2024-12-06,3950,3995,3795,3890,20534,-0.013941698352344711
2024-12-09,3800,3890,3735,3835,24669,-0.014138817480719768
2024-12-10,3785,3995,3785,3995,16335,0.041720990873533204
2024-12-11,4000,4185,3955,4140,75948,0.03629536921151444
2024-12-12,4140,4160,4040,4135,44891,-0.0012077294685990392
2024-12-13,4110,4135,4075,4130,26846,-0.0012091898428052694
2024-12-16,4130,4250,4095,4240,62305,0.026634382566586012
2024-12-17,4245,4255,4180,4240,17151,0.0
2024-12-18,4240,4240,4195,4195,5823,-0.010613207547169767
2024-12-19,4220,4240,4145,4150,21423,-0.010727056019070313
2024-12-20,4105,4140,4060,4070,16238,-0.01927710843373498
2024-12-23,4070,4095,4015,4040,18696,-0.0073710073710073765
2024-12-24,4055,4090,4040,4050,11441,0.0024752475247524774
2024-12-26,4050,4090,4050,4080,21536,0.007407407407407307
2024-12-27,3970,3995,3955,3980,15621,-0.02450980392156865
2024-12-30,3980,3985,3950,3985,5491,0.0012562814070351536
2025-01-02,3995,4010,3985,4010,7496,0.006273525721455453
2025-01-03,4010,4045,3980,4045,11761,0.008728179551122262
2025-01-06,4040,4090,4040,4065,12562,0.0049443757725586845
2025-01-07,4090,4090,4055,4055,4380,-0.002460024600245969
2025-01-08,4060,4060,4010,4010,7772,-0.011097410604192337
2025-01-09,4010,4020,3995,4015,6300,0.0012468827930174342
2025-01-10,4045,4050,3995,4005,6564,-0.00249066002490661
2025-01-13,4005,4050,3805,3960,31344,-0.011235955056179803
2025-01-14,4010,4010,3965,3980,5353,0.005050505050504972
2025-01-15,3980,4025,3980,3990,7140,0.002512562814070307
2025-01-16,4000,4035,4000,4015,8538,0.006265664160401085
2025-01-17,4015,4020,3970,3990,10830,-0.0062266500622665255
2025-01-20,3990,4045,3985,4010,7869,0.005012531328320913
2025-01-21,4010,4040,3985,4035,6043,0.006234413965087171
2025-01-22,4035,4055,3995,4030,9172,-0.0012391573729864103
2025-01-23,4040,4065,3990,4000,10979,-0.007444168734491274
2025-01-24,4010,4040,4010,4030,10080,0.007500000000000062
2025-01-31,4035,4035,3980,4015,15651,-0.003722084367245637
2025-02-03,4005,4005,3920,3950,18939,-0.016189290161892855
2025-02-04,3910,3945,3905,3945,25025,-0.0012658227848101333
2025-02-05,3935,3975,3935,3945,27335,0.0
2025-02-06,4310,4550,4200,4230,739580,0.07224334600760463
2025-02-07,4230,4345,4205,4265,57769,0.008274231678486954
2025-02-10,4265,4350,4220,4305,28685,0.009378663540445586
2025-02-11,4285,4285,4185,4205,40449,-0.023228803716608626
2025-02-12,4205,4285,4205,4265,23398,0.014268727705113005
2025-02-13,4245,4260,4205,4250,18190,-0.003516998827667095
2025-02-14,4260,4260,4115,4130,38402,-0.028235294117647025
2025-02-17,4130,4210,4090,4165,55746,0.008474576271186418
2025-02-18,4130,4235,4130,4210,21424,0.010804321728691502
2025-02-19,4220,4260,4155,4210,58554,0.0
2025-02-20,4210,4215,4105,4155,58562,-0.013064133016627122
2025-02-21,4155,4200,4130,4185,19930,0.0072202166064982976
2025-02-24,4150,4150,4095,4125,17565,-0.014336917562724039
2025-02-25,4120,4145,4100,4145,10456,0.00484848484848488
2025-02-26,4145,4145,4125,4145,3027,0.0
2025-02-27,4145,4340,4145,4230,33092,0.020506634499396936
2025-02-28,4200,4225,4160,4205,18105,-0.005910165484633523
2025-03-04,4170,4220,4120,4190,38901,-0.003567181926278251
2025-03-05,4120,4280,4120,4200,45874,0.0023866348448686736
2025-03-06,4205,4280,4205,4270,26683,0.016666666666666607
2025-03-07,4225,4250,4220,4235,15717,-0.008196721311475419
2025-03-10,4295,4335,4255,4280,49723,0.010625737898465104
2025-03-11,4220,4275,4220,4230,29655,-0.011682242990654235
2025-03-12,4225,4290,4225,4285,42867,0.013002364066193817
2025-03-13,4300,4315,4260,4290,27676,0.001166861143523823
2025-03-14,4290,4290,4260,4275,7053,-0.0034965034965035446
2025-03-17,4205,4255,4200,4215,31747,-0.01403508771929829
2025-03-18,4235,4245,4215,4230,10086,0.003558718861210064
2025-03-19,4215,4270,4215,4255,11719,0.005910165484633634
2025-03-20,4300,4300,4200,4240,8987,-0.003525264394829586
2025-03-21,4225,4225,4175,4205,11573,-0.008254716981132115
2025-03-24,4185,4190,4145,4175,17809,-0.007134363852556502
2025-03-25,4170,4190,4140,4150,13228,-0.005988023952095856
2025-03-26,4160,4170,4010,4090,30182,-0.014457831325301207
2025-03-27,4090,4090,4005,4070,21968,-0.004889975550122272
2025-03-28,4055,4170,4000,4135,28860,0.01597051597051591
2025-03-31,4135,4135,4040,4050,12503,-0.02055622732769047
2025-04-01,4050,4120,4015,4100,22666,0.012345679012345734
2025-04-02,4095,4335,4090,4210,117760,0.02682926829268295
2025-04-03,4210,4245,4110,4120,76312,-0.02137767220902609
2025-04-04,4080,4270,4070,4250,40833,0.031553398058252524
2025-04-07,4180,4225,4105,4185,61441,-0.015294117647058791
2025-04-08,4220,4360,4200,4255,99068,0.016726403823178027
2025-04-09,4395,4395,4155,4160,112956,-0.022326674500587562
2025-04-10,4275,4315,4230,4280,48357,0.028846153846153744
2025-04-11,4265,4340,4240,4300,55313,0.004672897196261738
2025-04-14,4305,4325,4265,4300,40507,0.0
2025-04-15,4265,4300,4245,4285,31381,-0.0034883720930232176
2025-04-16,4285,4330,4285,4285,39274,0.0
2025-04-17,4285,4340,4280,4310,29245,0.005834305717619559
2025-04-18,4340,4415,4275,4380,58992,0.016241299303944245
2025-04-21,4350,4415,4350,4395,26525,0.003424657534246478
2025-04-22,4410,4410,4350,4365,15778,-0.0068259385665528916
2025-04-23,4365,4400,4325,4365,23007,0.0
2025-04-24,4335,4395,4325,4355,25238,-0.002290950744558984
2025-04-25,4360,4420,4360,4390,22743,0.008036739380022917
2025-04-28,4420,4420,4355,4360,18886,-0.006833712984054663
2025-04-29,4365,4405,4360,4380,17060,0.004587155963302836
2025-04-30,4400,4435,4360,4360,31962,-0.004566210045662156
2025-05-02,4360,4360,4255,4305,26054,-0.012614678899082521
2025-05-07,4305,4365,4300,4355,41094,0.011614401858304202
2025-05-08,4365,4410,4355,4410,17908,0.012629161882893314
2025-05-09,4375,4425,4375,4420,28940,0.0022675736961450532
2025-05-12,4420,4480,4405,4430,50346,0.002262443438914019
2025-05-13,4495,4495,4445,4485,34582,0.01241534988713311
2025-05-14,4495,4500,4455,4465,31243,-0.004459308807134854
2025-05-15,4490,4935,4445,4700,729293,0.05263157894736836
2025-05-16,4730,4895,4720,4750,181417,0.010638297872340496
2025-05-19,4750,4850,4700,4780,69254,0.006315789473684275
2025-05-20,4780,4800,4715,4745,46621,-0.007322175732217606
2025-05-21,4745,4805,4745,4780,32309,0.007376185458377149
2025-05-22,4745,4835,4715,4740,56745,-0.008368200836820106
2025-05-23,4740,4870,4720,4825,67880,0.01793248945147674
2025-05-26,4825,4915,4810,4895,66897,0.014507772020725396
2025-05-27,4885,5120,4875,5110,248438,0.04392236976506636
2025-05-28,5150,5550,5140,5250,276789,0.027397260273972712
2025-05-29,5280,5340,5180,5230,90079,-0.003809523809523818
2025-05-30,5280,5340,5190,5240,69573,0.0019120458891013214
2025-06-02,5250,5350,5240,5320,58517,0.01526717557251911
2025-06-04,5230,5340,5180,5210,132341,-0.020676691729323293
2025-06-05,5220,5340,5150,5280,89901,0.013435700575815668
2025-06-09,5280,5400,5280,5370,59386,0.017045454545454586
2025-06-10,5370,5510,5300,5410,104083,0.007448789571694592
2025-06-11,5490,5490,5350,5380,57891,-0.00554528650646946
2025-06-12,5420,5420,5290,5310,49646,-0.013011152416356864
2025-06-13,5340,5340,5060,5160,146128,-0.02824858757062143
2025-06-16,5160,5320,5130,5270,103933,0.02131782945736438
2025-06-17,5270,5270,5110,5140,90420,-0.024667931688804545
2025-06-18,5120,5200,5110,5140,22208,0.0
2025-06-19,5200,5200,5120,5150,35917,0.0019455252918287869
2025-06-20,5150,5280,5120,5230,47062,0.01553398058252431
2025-06-23,5230,5240,5090,5150,84396,-0.015296367112810683
2025-06-24,5240,5280,5190,5240,36876,0.01747572815533971
2025-06-25,5210,5310,5190,5290,56538,0.009541984732824416
2025-06-26,5300,5400,5190,5250,69428,-0.007561436672967825
2025-06-27,5310,5310,5180,5180,32514,-0.013333333333333308
2025-06-30,5180,5350,5140,5340,43632,0.030888030888030826
2025-07-01,5400,5650,5360,5650,166778,0.05805243445692887
2025-07-02,5640,6000,5500,5880,165695,0.04070796460176984
2025-07-03,5900,5960,5830,5920,56060,0.006802721088435382
2025-07-04,5920,5920,5760,5800,48685,-0.020270270270270285
2025-07-07,5800,5810,5590,5630,116514,-0.02931034482758621
2025-07-08,5600,5810,5590,5770,44883,0.0248667850799289
2025-07-09,5780,5970,5780,5900,80505,0.022530329289428108
2025-07-10,5900,6150,5860,6120,93199,0.03728813559322042
2025-07-11,6120,6200,6070,6080,71004,-0.006535947712418277
2025-07-14,6100,6210,6080,6160,56504,0.013157894736842035
2025-07-15,6160,6200,6000,6110,69296,-0.008116883116883078
2025-07-16,6110,6110,6030,6050,29697,-0.009819967266775809
2025-07-17,6050,6090,5980,6030,34893,-0.0033057851239669533
2025-07-18,6090,6090,5840,5890,52089,-0.023217247097844118
2025-07-21,5900,5960,5700,5830,65632,-0.01018675721561968
2025-07-22,5850,6000,5790,5880,29508,0.00857632933104635
2025-07-23,5870,5930,5730,5840,57652,-0.006802721088435382
2025-07-24,5870,5900,5700,5740,50424,-0.017123287671232834
2025-07-25,5780,5780,5680,5700,44964,-0.006968641114982632
2025-07-28,5650,5710,5530,5560,58454,-0.024561403508771895
2025-07-29,5560,5760,5520,5640,23590,0.014388489208633004
2025-07-30,5640,5740,5590,5630,28968,-0.0017730496453900457
2025-07-31,5610,5710,5550,5690,18385,0.010657193605683846
2025-08-01,5690,5690,5550,5580,40775,-0.019332161687170446
2025-08-04,5530,5650,5510,5650,25093,0.012544802867383575
2025-08-05,5650,5680,5590,5660,32447,0.001769911504424737
2025-08-06,5610,5730,5610,5730,18863,0.012367491166077826
2025-08-07,5730,5790,5680,5690,11773,-0.006980802792321161
2025-08-08,5690,5770,5640,5660,10628,-0.005272407732864637
2025-08-11,5710,5710,5550,5580,43844,-0.014134275618374548
2025-08-12,5550,5640,5480,5640,54659,0.010752688172043001
2025-08-13,5630,5630,5520,5570,26260,-0.012411347517730542
2025-08-14,5570,5620,5100,5200,248848,-0.06642728904847395
2025-08-18,5200,5200,5020,5100,159635,-0.019230769230769273
2025-08-19,5100,5100,4925,4950,130996,-0.02941176470588236
2025-08-20,4975,4975,4810,4920,103798,-0.0060606060606061
2025-08-21,4900,5120,4895,5040,42668,0.024390243902439046
2025-08-22,5020,5080,5010,5040,27978,0.0
2025-08-25,5040,5120,4940,5000,182998,-0.007936507936507908
2025-08-26,4990,4990,4870,4910,91104,-0.018000000000000016
2025-08-27,4915,4985,4880,4945,19911,0.007128309572301372
2025-08-28,4945,5040,4905,4995,40496,0.010111223458038499
2025-08-29,4955,5020,4955,5000,23106,0.0010010010010010895
2025-09-01,5000,5200,4985,5190,74825,0.038000000000000034
2025-09-02,5140,5200,5090,5120,40570,-0.013487475915221592
2025-09-03,5120,5140,5030,5120,37097,0.0
2025-09-04,5130,5190,5110,5150,37386,0.005859375
2025-09-05,5130,5210,5120,5210,16060,0.011650485436893288
2025-09-08,5210,5300,5110,5170,44483,-0.007677543186180413
2025-09-09,5180,5200,5100,5180,26852,0.0019342359767891004
2025-09-10,5180,5300,5160,5260,42404,0.015444015444015413
2025-09-11,5260,5330,5200,5220,32980,-0.0076045627376425395
2025-09-12,5220,5250,5150,5220,52965,0.0
2025-09-15,5220,5300,5180,5240,55335,0.003831417624521105
2025-09-16,5240,5270,5200,5200,47953,-0.007633587786259555
2025-09-17,5220,5270,5180,5250,37651,0.009615384615384581
2025-09-18,5250,5390,5250,5370,47560,0.02285714285714291
2025-09-19,5360,5370,5270,5270,30701,-0.01862197392923648
2025-09-22,5310,5370,5220,5340,30174,0.013282732447817747
2025-09-23,5340,5340,5200,5300,38886,-0.0074906367041198685
2025-09-24,5300,5300,5160,5190,52064,-0.02075471698113207
2025-09-25,5190,5210,5100,5190,35933,0.0
2025-09-26,5170,5170,5080,5130,30581,-0.011560693641618491
2025-09-29,5090,5190,5080,5130,30435,0.0
2025-09-30,5130,5130,5000,5060,53582,-0.013645224171540016
2025-10-01,5080,5110,5000,5060,52420,0.0
2025-10-02,5070,5120,5010,5120,23204,0.011857707509881354
2025-10-10,5120,5120,5030,5050,37317,-0.013671875
2025-10-13,5000,5070,4960,5070,45108,0.003960396039603964
2025-10-14,5050,5090,4995,5040,36056,-0.00591715976331364
2025-10-15,5060,5200,5050,5170,32884,0.025793650793650702
2025-10-16,5130,5250,5000,5050,59257,-0.023210831721469982
2025-10-17,5020,5030,4960,4975,40144,-0.014851485148514865
2025-10-20,5020,5070,4965,5000,22311,0.005025125628140614
2025-10-21,5000,5050,4990,5000,26729,0.0
2025-10-22,5000,5070,4970,5070,19014,0.014000000000000012
