Date,Open,High,Low,Close,Volume,Change
2022-01-03,63800,64900,63700,64500,202737,0.006240249609984483
2022-01-04,63900,64900,63700,64800,234268,0.0046511627906977715
2022-01-05,64500,66700,64500,65700,490227,0.01388888888888884
2022-01-06,65800,66600,65300,65400,300328,-0.004566210045662156
2022-01-07,65100,65900,64600,65800,273976,0.006116207951070374
2022-01-10,65200,67800,65200,67400,417413,0.024316109422492405
2022-01-11,66600,67500,66200,66700,282121,-0.010385756676557834
2022-01-12,66900,67700,66700,67600,242691,0.013493253373313419
2022-01-13,67300,68000,66900,67600,353358,0.0
2022-01-14,67500,67500,65600,66500,474413,-0.016272189349112454
2022-01-17,66600,67000,65900,66100,243280,-0.006015037593984918
2022-01-18,66600,66800,65200,65400,168392,-0.010590015128593033
2022-01-19,65700,66800,65100,66100,207822,0.010703363914372988
2022-01-20,66100,66600,64500,64700,258947,-0.021180030257186067
2022-01-21,64100,65200,63700,65200,210496,0.007727975270479082
2022-01-24,65600,65800,63200,63800,247115,-0.021472392638036797
2022-01-25,63400,63600,60800,61500,425561,-0.036050156739811934
2022-01-26,61600,62500,60900,61900,319936,0.006504065040650486
2022-01-27,61500,61900,59300,59700,390401,-0.03554119547657508
2022-01-28,60100,60900,59000,60400,309142,0.011725293132328396
2022-02-03,60900,63300,60900,62400,292280,0.0331125827814569
2022-02-04,62700,63700,62400,63400,200782,0.01602564102564097
2022-02-07,63000,63900,62600,63900,291383,0.007886435331230235
2022-02-08,64700,65200,63400,63900,226317,0.0
2022-02-09,64400,65200,64200,64800,188052,0.014084507042253502
2022-02-10,64400,65200,64200,64900,517494,0.0015432098765431057
2022-02-11,64500,64900,64000,64400,251457,-0.007704160246533087
2022-02-14,63900,64000,62500,62700,218864,-0.026397515527950333
2022-02-15,62500,63100,61700,62100,175992,-0.009569377990430672
2022-02-16,62600,63900,62500,63800,169778,0.027375201288244666
2022-02-17,63900,64400,63000,63900,206255,0.0015673981191222097
2022-02-18,63700,64500,63000,64400,192927,0.00782472613458518
2022-02-21,63300,63800,62800,63600,162260,-0.012422360248447228
2022-02-22,62700,63000,61300,61800,349595,-0.028301886792452824
2022-02-23,63100,63100,61400,61700,259247,-0.0016181229773463146
2022-02-24,60800,61100,59900,60000,343839,-0.027552674230145846
2022-02-25,60500,60600,59800,60100,293033,0.0016666666666667052
2022-02-28,59900,60100,59200,59800,342656,-0.004991680532445919
2022-03-02,59500,60500,59400,60100,367268,0.0050167224080268635
2022-03-03,60500,61400,60500,61300,217201,0.019966722129783676
2022-03-04,61400,61400,60400,60600,133279,-0.011419249592169667
2022-03-07,59700,60000,58800,59000,274905,-0.02640264026402639
2022-03-08,58400,58900,58000,58500,266560,-0.008474576271186418
2022-03-10,59900,60000,59000,59400,388294,0.01538461538461533
2022-03-11,59200,59800,58900,59800,135840,0.006734006734006703
2022-03-14,59400,60300,59400,60000,160231,0.0033444816053511683
2022-03-15,59800,60300,59300,59800,193398,-0.0033333333333332993
2022-03-16,60100,61200,59500,61200,221832,0.02341137123745818
2022-03-17,61700,62600,61700,62300,349375,0.017973856209150263
2022-03-18,61700,62700,61500,62600,319653,0.0048154093097914075
2022-03-21,62700,63000,61800,62100,161941,-0.007987220447284393
2022-03-22,62300,63400,62000,63000,180195,0.01449275362318847
2022-03-23,63300,64100,63300,63900,187378,0.014285714285714235
2022-03-24,63200,64000,62600,63800,229439,-0.0015649452269170805
2022-03-25,63500,64000,62900,63600,217104,-0.0031347962382445305
2022-03-28,63000,65000,63000,65000,305936,0.022012578616352307
2022-03-29,65100,65300,64500,65100,206612,0.0015384615384614886
2022-03-30,65400,65600,64400,64800,187163,-0.004608294930875556
2022-03-31,64800,66100,64700,65900,322185,0.016975308641975273
2022-04-01,65100,65800,64700,65400,229147,-0.007587253414264028
2022-04-04,65100,66000,64700,65800,175469,0.006116207951070374
2022-04-05,65400,65900,64200,65000,226514,-0.012158054711246202
2022-04-06,65000,65900,64700,65600,200535,0.009230769230769154
2022-04-07,65000,66000,64300,65200,226515,-0.0060975609756097615
2022-04-08,65400,65500,64300,64500,118288,-0.010736196319018454
2022-04-11,64000,65700,64000,65700,185927,0.018604651162790642
2022-04-12,65600,65800,65000,65500,176172,-0.0030441400304414
2022-04-13,65500,65500,64500,65500,187698,0.0
2022-04-14,65000,65500,64900,65400,300935,-0.0015267175572518665
2022-04-15,65000,65100,64000,64700,217388,-0.010703363914373099
2022-04-18,64200,64900,64100,64700,77482,0.0
2022-04-19,64700,65400,64500,65100,139953,0.0061823802163833985
2022-04-20,64500,66000,64500,65300,282917,0.003072196620583778
2022-04-21,66000,66000,65100,65800,151087,0.007656967840734996
2022-04-22,65300,66200,64800,66200,228657,0.006079027355623046
2022-04-25,65500,66100,64800,64900,164202,-0.01963746223564955
2022-04-26,65100,65700,64500,64800,184673,-0.0015408320493066618
2022-04-27,64000,64200,62800,63100,235994,-0.026234567901234573
2022-04-28,63200,64700,63100,64700,153233,0.02535657686212356
2022-04-29,64100,65200,64000,65100,187315,0.0061823802163833985
2022-05-02,64600,64900,63900,64800,146672,-0.004608294930875556
2022-05-03,64400,65100,64200,64300,110141,-0.007716049382716084
2022-05-04,64300,65000,64000,64700,141979,0.0062208398133747345
2022-05-06,64100,65200,63700,65100,202147,0.0061823802163833985
2022-05-09,64500,64900,63500,63800,155040,-0.019969278033794113
2022-05-10,63600,63700,61800,63500,258586,-0.00470219435736674
2022-05-11,62300,63500,62100,63400,163505,-0.0015748031496063408
2022-05-12,62500,64400,62500,63500,325097,0.001577287066246047
2022-05-13,64100,65300,63100,65200,355806,0.026771653543307128
2022-05-16,65500,65900,65000,65200,213606,0.0
2022-05-17,65900,67200,65600,67200,484637,0.030674846625766916
2022-05-18,66700,67400,66500,66900,309706,-0.004464285714285698
2022-05-19,65900,66200,65300,65700,280025,-0.017937219730941756
2022-05-20,65600,67200,65200,66900,314445,0.0182648401826484
2022-05-23,66800,67200,66000,67000,182879,0.001494768310911887
2022-05-24,66200,67700,66200,66600,257526,-0.005970149253731294
2022-05-25,67400,67600,66500,67100,238439,0.007507507507507505
2022-05-26,66700,67800,66600,67700,280258,0.008941877794336861
2022-05-27,68000,69900,67900,69800,539881,0.03101920236336775
2022-05-30,69500,70300,68700,68700,255512,-0.015759312320916874
2022-05-31,68600,69500,68100,68100,1601653,-0.008733624454148492
2022-06-02,67800,69500,66800,66900,467680,-0.017621145374449365
2022-06-03,67500,67700,66300,66400,201535,-0.007473841554558991
2022-06-07,66500,66800,64600,65100,304145,-0.01957831325301207
2022-06-08,65100,66100,65100,65300,161695,0.003072196620583778
2022-06-09,65300,66000,64900,66000,297645,0.010719754977029039
2022-06-10,65200,65700,64500,65100,167791,-0.013636363636363669
2022-06-13,64000,64800,63500,63700,225834,-0.021505376344086002
2022-06-14,63600,64000,62700,63800,266968,0.0015698587127157548
2022-06-15,64100,65500,63500,65400,314308,0.02507836990595602
2022-06-16,65600,66400,64900,65900,262862,0.007645259938837912
2022-06-17,65100,66900,64500,66500,354199,0.009104704097116834
2022-06-20,66900,67000,65700,66800,261603,0.004511278195488799
2022-06-21,67000,67100,66300,67000,221067,0.0029940119760478723
2022-06-22,67100,67100,66000,66700,246932,-0.004477611940298498
2022-06-23,66500,67300,64700,65100,293285,-0.02398800599700146
2022-06-24,65400,65400,63600,64400,251973,-0.010752688172043001
2022-06-27,64800,65100,64100,64700,161116,0.004658385093167627
2022-06-28,64700,65100,64400,64900,202571,0.0030911901081915882
2022-06-29,64300,65200,64000,64100,157025,-0.012326656394452962
2022-06-30,63700,64200,62400,62600,255184,-0.023400936037441533
2022-07-01,63500,64000,62700,63200,204937,0.009584664536741228
2022-07-04,62900,63600,61300,62400,225363,-0.012658227848101222
2022-07-05,62800,63800,62400,63500,181925,0.017628205128205066
2022-07-06,62500,62600,59300,59300,442965,-0.06614173228346454
2022-07-07,60200,60200,59000,59000,396820,-0.005059021922428353
2022-07-08,59100,60300,59000,60200,190868,0.02033898305084736
2022-07-11,60300,60300,59000,59300,136439,-0.014950166112956853
2022-07-12,59100,59500,58700,59200,145957,-0.001686340640809414
2022-07-13,59400,59700,58700,58700,173597,-0.008445945945945943
2022-07-14,58500,58700,57200,57800,252925,-0.015332197614991494
2022-07-15,58000,58200,56000,57000,255278,-0.01384083044982698
2022-07-18,57800,58900,57300,58500,229021,0.026315789473684292
2022-07-19,58300,58900,57400,58000,163858,-0.008547008547008517
2022-07-20,58700,59500,58400,59400,241282,0.024137931034482696
2022-07-21,59200,59900,58600,59600,180887,0.0033670033670034627
2022-07-22,59300,60300,59300,59600,143168,0.0
2022-07-25,59000,60100,59000,59800,140167,0.003355704697986628
2022-07-26,59400,60000,59100,59700,115480,-0.0016722408026755842
2022-07-27,59900,60200,59200,59800,132684,0.0016750418760469454
2022-07-28,59800,60900,59800,60700,172568,0.015050167224080369
2022-07-29,61100,61800,60200,60700,203809,0.0
2022-08-01,60200,60600,59500,59900,179065,-0.01317957166392092
2022-08-02,59100,59800,58900,59200,145318,-0.011686143572620988
2022-08-03,59000,60200,58900,59700,143960,0.008445945945946054
2022-08-04,59900,60100,59400,59600,192221,-0.0016750418760469454
2022-08-05,59900,61400,59700,60900,181998,0.02181208053691286
2022-08-08,60400,61900,60200,61500,182784,0.009852216748768461
2022-08-09,61700,62700,61600,62400,178016,0.014634146341463428
2022-08-10,62800,62900,61800,62600,135283,0.0032051282051281937
2022-08-11,62600,62700,62100,62700,119101,0.0015974440894568342
2022-08-12,63000,63500,61800,62300,181916,-0.006379585326953707
2022-08-16,62100,62400,61200,62300,131304,0.0
2022-08-17,62300,63000,62200,62800,130372,0.008025682182985605
2022-08-18,62100,62700,61700,62000,90702,-0.01273885350318471
2022-08-19,61900,62500,61600,62200,103746,0.003225806451612856
2022-08-22,61600,62200,60900,62100,143694,-0.001607717041800627
2022-08-23,62000,62000,60800,61000,146468,-0.017713365539452464
2022-08-24,60800,61900,60700,61300,149176,0.004918032786885185
2022-08-25,61100,62300,61100,62200,151701,0.014681892332789603
2022-08-26,61900,62700,61900,62200,205834,0.0
2022-08-29,61000,61400,59900,60200,201291,-0.032154340836012874
2022-08-30,60900,61900,60400,61400,166826,0.019933554817275656
2022-08-31,60800,62300,60500,62000,248581,0.009771986970684043
2022-09-01,61100,62400,61100,61600,213753,-0.006451612903225823
2022-09-02,61700,64100,61200,64100,364459,0.0405844155844155
2022-09-05,64400,64700,63100,63900,219471,-0.0031201248049922414
2022-09-06,64100,64800,63500,64200,161962,0.0046948356807512415
2022-09-07,64000,64500,63200,64000,259453,-0.0031152647975077885
2022-09-08,64500,64800,63900,64500,284868,0.0078125
2022-09-13,64900,66000,64800,65900,249724,0.02170542635658923
2022-09-14,64900,65700,64600,64900,233238,-0.015174506828528056
2022-09-15,64900,65400,63600,63600,189904,-0.02003081664098616
2022-09-16,63200,63900,63000,63600,595535,0.0
2022-09-19,63700,63900,61800,62300,143848,-0.020440251572327095
2022-09-20,63200,64900,62800,64900,264436,0.04173354735152479
2022-09-21,64100,64900,63700,64100,186488,-0.012326656394452962
2022-09-22,63600,63700,62700,63400,178965,-0.010920436817472678
2022-09-23,64100,65200,63200,64700,254277,0.020504731861198833
2022-09-26,64600,65300,63400,64200,385878,-0.007727975270479082
2022-09-27,65000,65000,62200,63000,233237,-0.01869158878504673
2022-09-28,62100,63300,60200,61200,307863,-0.02857142857142858
2022-09-29,61400,62800,61400,62700,201311,0.02450980392156854
2022-09-30,63000,63400,61800,62400,315431,-0.004784688995215336
2022-10-04,62200,62200,60800,61200,243669,-0.019230769230769273
2022-10-05,61300,62800,61000,62500,351542,0.0212418300653594
2022-10-06,62500,63400,62000,62900,226923,0.006399999999999961
2022-10-07,62300,65900,62200,65800,588362,0.04610492845786962
2022-10-11,65200,65800,64500,65100,296567,-0.010638297872340385
2022-10-12,64600,65200,64300,65100,193278,0.0
2022-10-13,65200,65400,64300,65400,275876,0.004608294930875667
2022-10-14,65300,66100,65100,65600,231645,0.003058103975535076
2022-10-17,65700,66300,65100,66100,227896,0.007621951219512146
2022-10-18,66200,67200,65500,66300,214846,0.00302571860816947
2022-10-19,66400,66700,65500,65800,151495,-0.007541478129713397
2022-10-20,64900,66400,64700,66200,196856,0.006079027355623046
2022-10-21,66200,66400,65300,66200,214426,0.0
2022-10-24,66600,66800,65700,66200,197202,0.0
2022-10-25,66500,66800,65500,66800,261127,0.009063444108761365
2022-10-26,66300,66900,65000,65400,195060,-0.020958083832335328
2022-10-27,66300,66900,65800,66700,264109,0.01987767584097866
2022-10-28,66700,67700,66500,67400,227338,0.010494752623688264
2022-10-31,67200,67700,66600,67400,192397,0.0
2022-11-01,67500,67700,66800,67600,159841,0.0029673590504450953
2022-11-02,67100,67700,67000,67300,210198,-0.004437869822485174
2022-11-03,67000,67600,65900,66800,183646,-0.007429420505200568
2022-11-04,66400,68600,66300,67500,249809,0.010479041916167775
2022-11-07,68000,68200,66500,67300,138228,-0.002962962962962945
2022-11-08,67600,68000,66700,67700,205527,0.005943536404160454
2022-11-09,68000,68000,67100,67700,174847,0.0
2022-11-10,67900,68400,67100,67600,263830,-0.001477104874446078
2022-11-11,68000,68000,67000,67400,281776,-0.00295857988165682
2022-11-14,67000,68000,66900,68000,215040,0.008902077151335286
2022-11-15,68300,68300,66700,66900,166280,-0.016176470588235348
2022-11-16,66900,67300,65900,67300,204124,0.005979073243647326
2022-11-17,67400,67600,66700,67400,156638,0.0014858841010401136
2022-11-18,66700,67600,66200,66500,142269,-0.013353115727002929
2022-11-21,67000,67300,66000,67300,117786,0.012030075187969835
2022-11-22,67300,67600,66900,67600,103828,0.004457652303120341
2022-11-23,67600,67900,67000,67900,107607,0.004437869822485174
2022-11-24,68100,70200,68000,69600,362463,0.025036818851251752
2022-11-25,69800,69900,69100,69800,137712,0.002873563218390718
2022-11-28,69100,70100,69100,69700,177884,-0.0014326647564469885
2022-11-29,70000,70700,69600,70700,191064,0.01434720229555242
2022-11-30,70300,73400,70200,73400,561586,0.03818953323903829
2022-12-01,72700,73000,71400,72300,272734,-0.01498637602179842
2022-12-02,71900,71900,68600,69300,358208,-0.04149377593360992
2022-12-05,69200,69700,67500,68600,251639,-0.010101010101010055
2022-12-06,68000,68800,67400,67800,145375,-0.011661807580174877
2022-12-07,68200,71300,67700,70600,529864,0.041297935103244754
2022-12-08,71200,73000,70600,72800,871441,0.031161473087818692
2022-12-09,72700,74100,72400,73700,525463,0.012362637362637319
2022-12-12,73900,74200,72900,74000,273268,0.004070556309362372
2022-12-13,74400,74400,73300,73600,313446,-0.00540540540540535
2022-12-14,74000,74000,73100,73600,223958,0.0
2022-12-15,73900,73900,72800,73400,168748,-0.0027173913043477826
2022-12-16,73300,73600,72700,73200,215414,-0.0027247956403270157
2022-12-19,72400,74000,72400,73800,210592,0.008196721311475308
2022-12-20,73500,73700,72800,73200,147339,-0.008130081300813052
2022-12-21,73800,74600,73300,74100,231298,0.012295081967213184
2022-12-22,73700,74700,73400,74700,231382,0.00809716599190291
2022-12-23,74200,74700,74100,74200,146465,-0.00669344042838016
2022-12-26,74000,74100,72900,73300,150554,-0.0121293800539084
2022-12-27,73800,73800,71800,72200,321881,-0.01500682128240105
2022-12-28,70400,72500,69600,72000,316257,-0.0027700831024930483
2022-12-29,71100,71900,70600,71000,211081,-0.01388888888888884
2023-01-02,71500,71700,70000,70400,134894,-0.008450704225352101
2023-01-03,71000,71000,68400,69400,232108,-0.014204545454545414
2023-01-04,69900,71000,68900,70900,216428,0.021613832853025983
2023-01-05,69700,71500,69600,71000,231360,0.0014104372355430161
2023-01-06,70200,72800,70200,72400,223708,0.019718309859154903
2023-01-09,72600,72800,70400,71600,295462,-0.011049723756906049
2023-01-10,71600,72100,70500,71100,341987,-0.006983240223463638
2023-01-11,71300,71400,70400,71000,190445,-0.0014064697609000865
2023-01-12,70800,72300,70600,70700,222372,-0.004225352112676051
2023-01-13,71300,72000,70900,71800,263388,0.01555869872701554
2023-01-16,71800,72300,71200,71500,180052,-0.004178272980501441
2023-01-17,71200,71700,70100,71000,208383,-0.006993006993006978
2023-01-18,71100,72000,70500,71700,180310,0.009859154929577452
2023-01-19,71100,72500,71000,72000,165764,0.004184100418409997
2023-01-20,71500,72400,70800,71100,138244,-0.012499999999999956
2023-01-25,70500,71700,70500,71300,134437,0.002812939521800173
2023-01-26,71000,72300,70800,71300,277116,0.0
2023-01-27,70900,73000,70800,72600,275026,0.018232819074333717
2023-01-30,72100,72500,70800,70900,289044,-0.023415977961432466
2023-01-31,71500,71900,70300,70900,285949,0.0
2023-02-01,70900,72300,70900,71400,300422,0.007052186177715081
2023-02-02,71300,71500,68200,68200,854134,-0.0448179271708683
2023-02-03,67900,68000,66700,67200,614694,-0.014662756598240456
2023-02-06,66900,67500,66700,66900,298184,-0.004464285714285698
2023-02-07,66500,66900,66400,66600,216850,-0.004484304932735439
2023-02-08,66600,67600,66600,67600,249998,0.01501501501501501
2023-02-09,67100,67600,66800,66900,233288,-0.010355029585798814
2023-02-10,67000,67700,66800,67700,192837,0.01195814648729443
2023-02-13,67400,67700,66600,67100,180173,-0.008862629246676468
2023-02-14,67600,67700,66700,67100,141674,0.0
2023-02-15,66900,67400,65700,66800,213249,-0.0044709388971684305
2023-02-16,66900,67600,66500,67200,201443,0.0059880239520957446
2023-02-17,66600,67700,66300,67000,126782,-0.0029761904761904656
2023-02-20,66800,67400,66400,67100,128520,0.0014925373134329067
2023-02-21,66800,67200,66500,67200,142697,0.0014903129657228842
2023-02-22,67100,67600,66600,67300,250073,0.0014880952380953438
2023-02-23,67400,68100,67100,67600,238833,0.004457652303120341
2023-02-24,67100,68200,67100,67800,184840,0.002958579881656709
2023-02-27,67300,68600,66800,67300,210631,-0.007374631268436627
2023-02-28,67200,68200,67200,68100,252762,0.011887072808320909
2023-03-02,67500,68200,66800,67400,293059,-0.01027900146842875
2023-03-03,67000,67700,66600,66900,205956,-0.007418397626112738
2023-03-06,67200,67400,66400,67300,196069,0.005979073243647326
2023-03-07,67000,67800,66800,67300,159545,0.0
2023-03-08,66600,67200,65900,66400,201867,-0.013372956909361022
2023-03-09,66500,67400,66000,66600,280459,0.003012048192771122
2023-03-10,66600,67300,66200,66600,251869,0.0
2023-03-13,67000,67100,65700,66900,175799,0.0045045045045044585
2023-03-14,66200,66200,64600,66000,317801,-0.013452914798206317
2023-03-15,66100,66400,65500,66000,186641,0.0
2023-03-16,65000,65300,63500,63800,268335,-0.033333333333333326
2023-03-17,64000,64700,63500,64100,281694,0.004702194357366851
2023-03-20,64400,64500,63200,63600,135668,-0.007800312012480548
2023-03-21,63200,64700,63200,64100,159032,0.007861635220125729
2023-03-22,64700,65800,64300,65100,229898,0.015600624024961096
2023-03-23,64300,65300,63500,64000,253327,-0.016897081413210446
2023-03-24,63500,63600,62200,62600,317440,-0.021874999999999978
2023-03-27,62700,62800,61600,62400,246266,-0.0031948881789137795
2023-03-28,62600,63000,62300,62800,135143,0.0064102564102563875
2023-03-29,63100,63700,62600,63400,219195,0.009554140127388644
2023-03-30,63000,63300,62200,62600,258666,-0.012618296529968487
2023-03-31,62300,63300,62200,62800,251443,0.0031948881789136685
2023-04-03,62400,63000,62100,62400,170636,-0.006369426751592355
2023-04-04,62200,62800,62100,62800,192293,0.0064102564102563875
2023-04-05,62900,63400,62400,62500,114284,-0.004777070063694322
2023-04-06,62600,62700,61600,61600,166631,-0.014399999999999968
2023-04-07,61700,62000,61200,61600,111269,0.0
2023-04-10,61400,62200,61300,61500,161008,-0.0016233766233766378
2023-04-11,61600,62800,61600,62400,176433,0.014634146341463428
2023-04-12,62200,63900,62200,63900,242065,0.024038461538461453
2023-04-13,63400,64100,63300,64100,231270,0.003129890453834161
2023-04-14,64200,65200,64100,64700,247507,0.009360374414976613
2023-04-17,64300,64900,64200,64700,128339,0.0
2023-04-18,64100,65000,64000,64600,158106,-0.0015455950540957941
2023-04-19,64300,65200,64300,65200,147741,0.009287925696594534
2023-04-20,65000,65800,64800,65800,147172,0.009202453987730008
2023-04-21,65700,66100,65100,66000,184853,0.003039513677811634
2023-04-24,66000,66100,64900,65600,135201,-0.0060606060606061
2023-04-25,65600,66200,65000,65700,137327,0.0015243902439023849
2023-04-26,65600,65700,64600,65600,162632,-0.0015220700152207556
2023-04-27,65000,65000,63600,64800,175989,-0.012195121951219523
2023-04-28,64200,67000,64200,66300,231732,0.02314814814814814
2023-05-02,66300,67300,66100,67200,204065,0.013574660633484115
2023-05-03,66700,67400,66500,67200,119818,0.0
2023-05-04,66600,67400,66100,66800,225298,-0.005952380952380931
2023-05-08,66700,67500,65900,67400,201673,0.008982035928143617
2023-05-09,67500,67500,66600,66700,91745,-0.010385756676557834
2023-05-10,66800,67400,66700,67400,119264,0.010494752623688264
2023-05-11,67400,68000,66900,67700,211834,0.004451038575667754
2023-05-12,67100,67800,66400,66800,180516,-0.013293943870014813
2023-05-15,67400,67400,66400,67200,144643,0.0059880239520957446
2023-05-16,67400,67700,66500,67000,164576,-0.0029761904761904656
2023-05-17,66400,67100,66400,66900,115474,-0.0014925373134327957
2023-05-18,66700,67300,66400,66600,113411,-0.004484304932735439
2023-05-19,66600,67900,65900,67600,198449,0.01501501501501501
2023-05-22,67700,67800,67000,67100,166538,-0.007396449704141994
2023-05-23,67700,68000,66600,66900,209880,-0.0029806259314456574
2023-05-24,66600,67500,66300,67500,177455,0.008968609865470878
2023-05-25,66900,67900,66500,67500,269339,0.0
2023-05-26,67100,67500,66600,66700,124945,-0.011851851851851891
2023-05-30,66700,66900,65700,66300,197176,-0.005997001499250421
2023-05-31,65800,67200,65800,66300,802887,0.0
2023-06-01,66800,67000,65700,65900,149540,-0.006033182503770718
2023-06-02,66000,67100,65800,66900,135922,0.015174506828528056
2023-06-05,66900,67500,66600,67500,103684,0.008968609865470878
2023-06-07,67800,68700,67600,68300,212900,0.01185185185185178
2023-06-08,68600,68800,67600,68400,221268,0.0014641288433381305
2023-06-09,68500,68600,67800,68000,188567,-0.005847953216374324
2023-06-12,68400,68500,67200,67700,139168,-0.004411764705882337
2023-06-13,68000,68000,66000,66600,240400,-0.01624815361890697
2023-06-14,66300,66700,65200,66100,192092,-0.007507507507507505
2023-06-15,66100,66800,65700,66300,163668,0.00302571860816947
2023-06-16,66600,66800,65700,66500,253261,0.003016591251885359
2023-06-19,66200,66500,65500,65600,148580,-0.013533834586466176
2023-06-20,65600,65900,64500,64600,149997,-0.015243902439024404
2023-06-21,65000,65600,64400,65400,205694,0.01238390092879249
2023-06-22,65600,66200,65100,65800,147419,0.006116207951070374
2023-06-23,65300,65400,63700,63900,175157,-0.028875379939209744
2023-06-26,64000,65400,63500,65100,124825,0.018779342723004744
2023-06-27,65000,65400,64600,65300,131405,0.003072196620583778
2023-06-28,65300,67000,65100,66500,240926,0.018376722817764257
2023-06-29,66000,67400,66000,66900,200171,0.006015037593984918
2023-06-30,67700,67800,66700,67300,162770,0.005979073243647326
2023-07-03,67100,68000,67100,68000,155866,0.010401188707280795
2023-07-04,67500,68000,66800,67400,132816,-0.008823529411764675
2023-07-05,66700,67400,66600,66700,137678,-0.010385756676557834
2023-07-06,66700,67700,66300,66700,241209,0.0
2023-07-07,66200,67000,66100,66400,167068,-0.004497751124437732
2023-07-10,68000,70500,67200,70500,565029,0.06174698795180733
2023-07-11,70800,72000,70300,71300,382260,0.01134751773049647
2023-07-12,71700,72600,70600,71000,321574,-0.0042075736325385416
2023-07-13,71000,71700,68700,69200,423306,-0.025352112676056304
2023-07-14,69700,71300,69300,71000,310803,0.026011560693641522
2023-07-17,70200,71000,69400,69800,135921,-0.016901408450704203
2023-07-18,70400,70400,68700,69100,101926,-0.01002865329512892
2023-07-19,69100,69700,68800,69100,92924,0.0
2023-07-20,68500,69200,68100,68900,114679,-0.0028943560057886897
2023-07-21,69000,69800,68500,69100,100397,0.002902757619738683
2023-07-24,69200,69300,67800,68400,155168,-0.01013024602026047
2023-07-25,68800,69600,67800,68700,118406,0.004385964912280604
2023-07-26,68500,68700,67000,68200,266467,-0.00727802037845704
2023-07-27,68000,69500,67900,69500,164917,0.019061583577712593
2023-07-28,68600,69500,68100,69100,140977,-0.0057553956834532904
2023-07-31,69700,69900,69000,69800,148172,0.01013024602026058
2023-08-01,69300,70100,69000,69900,130647,0.0014326647564470996
2023-08-02,69700,70400,69400,69800,171099,-0.0014306151645206988
2023-08-03,70200,70200,68700,69100,128318,-0.01002865329512892
2023-08-04,68700,70100,68600,69800,174251,0.01013024602026058
2023-08-07,69900,72000,69900,70900,237111,0.015759312320916985
2023-08-08,71600,71700,70300,71200,117708,0.004231311706629048
2023-08-09,71300,71400,70400,70900,92353,-0.004213483146067398
2023-08-10,70900,71100,69800,70100,160123,-0.01128349788434413
2023-08-11,70000,71200,69900,70300,126936,0.0028530670470756636
2023-08-14,70000,70000,68700,69300,92151,-0.014224751066856278
2023-08-16,68700,69400,67200,67500,164102,-0.025974025974025983
2023-08-17,67500,67500,66100,66700,185354,-0.011851851851851891
2023-08-18,66100,67000,65700,66000,141652,-0.010494752623688153
2023-08-21,66300,66700,65400,66000,118276,0.0
2023-08-22,66100,66400,65600,65800,120290,-0.00303030303030305
2023-08-23,65500,67300,65500,67300,170235,0.022796352583586588
2023-08-24,66800,67300,66100,66400,152053,-0.013372956909361022
2023-08-25,66100,67300,65900,67100,127836,0.010542168674698704
2023-08-28,68200,68300,67200,67700,87933,0.008941877794336861
2023-08-29,68000,68300,67000,67400,103142,-0.004431314623338234
2023-08-30,67800,68000,67200,67600,96090,0.0029673590504450953
2023-08-31,67400,68400,67100,67600,252045,0.0
2023-09-01,67100,68100,67100,67600,119999,0.0
2023-09-04,67100,67800,66500,67800,104114,0.002958579881656709
2023-09-05,68000,68300,67500,67900,111206,0.001474926253687281
2023-09-06,67300,68100,67100,67500,86685,-0.00589101620029453
2023-09-07,66700,67500,66700,67500,106048,0.0
2023-09-08,67800,68400,67400,68400,75481,0.01333333333333342
2023-09-11,68400,70000,68200,69900,152618,0.021929824561403466
2023-09-12,70100,70300,69300,69600,105479,-0.0042918454935622075
2023-09-13,69100,71600,69100,71600,282654,0.028735632183908066
2023-09-14,71700,72300,70800,71600,218541,0.0
2023-09-15,72000,73000,71500,72400,360306,0.011173184357541999
2023-09-18,71800,72100,71000,71200,112989,-0.016574585635359074
2023-09-19,71000,72200,71000,71600,88642,0.00561797752808979
2023-09-20,71200,72000,70900,72000,86514,0.005586592178770999
2023-09-21,71600,72400,71600,71700,160662,-0.004166666666666652
2023-09-22,71400,72500,71400,72100,122951,0.00557880055788007
2023-09-25,72100,72100,70800,71400,126100,-0.009708737864077666
2023-09-26,70800,71200,70000,70700,106053,-0.009803921568627416
2023-09-27,70100,71100,69500,70300,121742,-0.005657708628005631
2023-10-04,70100,72400,69200,71900,346917,0.022759601706970223
2023-10-05,71400,72600,71200,71900,175380,0.0
2023-10-06,72400,72500,71700,72000,139169,0.0013908205841446364
2023-10-10,72700,73400,71800,72700,164915,0.009722222222222188
2023-10-11,72900,73300,71100,71800,221461,-0.012379642365887178
2023-10-12,72000,72300,70400,72200,178037,0.0055710306406684396
2023-10-13,70900,74000,70900,73100,296872,0.012465373961218829
2023-10-16,73000,73400,71900,72500,149572,-0.008207934336525335
2023-10-17,73200,73400,72100,72800,149218,0.004137931034482678
2023-10-18,72600,73900,72600,73700,329124,0.012362637362637319
2023-10-19,73700,74300,73300,73800,272601,0.0013568521031208647
2023-10-20,73400,74200,72500,73700,280801,-0.0013550135501354532
2023-10-23,73700,73700,71600,71900,202464,-0.024423337856173677
2023-10-24,72400,72400,70500,71100,129944,-0.011126564673157202
2023-10-25,70800,72700,70600,72400,164920,0.0182841068917019
2023-10-26,72700,73100,71700,72600,254671,0.0027624309392264568
2023-10-27,73100,73100,71200,71400,157776,-0.016528925619834656
2023-10-30,71400,72700,70800,71700,117399,0.004201680672268893
2023-10-31,72200,72700,71600,72300,162606,0.008368200836819994
2023-11-01,72400,72800,71500,72700,194458,0.0055325034578146415
2023-11-02,72900,73400,69600,70100,375774,-0.03576341127922966
2023-11-03,70400,70500,68800,70000,275939,-0.0014265335235378318
2023-11-06,70000,70300,68100,69100,627701,-0.0128571428571429
2023-11-07,68700,69100,68300,69100,195838,0.0
2023-11-08,69400,69400,68300,68400,183574,-0.01013024602026047
2023-11-09,68000,69400,68000,69300,146685,0.013157894736842035
2023-11-10,68700,69700,68500,69700,96591,0.005772005772005873
2023-11-13,70000,70100,69200,69800,108270,0.0014347202295552641
2023-11-14,70500,70600,69700,69800,146194,0.0
2023-11-15,70700,70900,69100,69500,379725,-0.004297994269340966
2023-11-16,69100,69600,68900,69500,173794,0.0
2023-11-17,69100,69800,69000,69100,123935,-0.0057553956834532904
2023-11-20,69000,69500,68800,69200,91296,0.0014471780028944004
2023-11-21,69500,69600,69200,69500,164204,0.004335260115607031
2023-11-22,69200,69900,69100,69600,80811,0.0014388489208632116
2023-11-23,69500,70300,69500,70300,127556,0.010057471264367734
2023-11-24,70500,70500,69700,69800,80835,-0.007112375533428139
2023-11-27,70200,70200,69300,69700,96976,-0.0014326647564469885
2023-11-28,70100,70400,69600,70400,157286,0.010043041606886627
2023-11-29,69700,70400,69300,69400,108883,-0.014204545454545414
2023-11-30,69700,70000,69000,70000,229737,0.008645533141210304
2023-12-01,70000,70100,69400,69400,101455,-0.008571428571428563
2023-12-04,69900,69900,69400,69500,72676,0.0014409221902016434
2023-12-05,69300,69700,69100,69200,85322,-0.004316546762589968
2023-12-06,69300,70100,69300,69400,98642,0.0028901734104045396
2023-12-07,69100,69200,68600,68800,119415,-0.008645533141210415
2023-12-08,69100,69300,68700,69200,82309,0.005813953488372103
2023-12-11,69500,69600,69000,69200,102395,0.0
2023-12-12,69600,70400,69400,70300,206597,0.01589595375722541
2023-12-13,70500,70700,70100,70400,129439,0.0014224751066855834
2023-12-14,70800,70800,70000,70300,455080,-0.0014204545454545858
2023-12-15,70300,70900,70100,70900,279297,0.008534850640113723
2023-12-18,70500,71100,70100,70400,159170,-0.007052186177715081
2023-12-19,70400,70500,69900,70400,117730,0.0
2023-12-20,70800,71500,70400,71300,190843,0.012784090909090828
2023-12-21,71000,71600,70900,71500,140783,0.0028050490883591017
2023-12-22,71600,71700,71100,71500,183979,0.0
2023-12-26,71700,73500,71500,73100,483685,0.02237762237762242
2023-12-27,70500,70800,67600,68600,695121,-0.061559507523939794
2023-12-28,68000,69100,68000,69100,233903,0.007288629737609353
2024-01-02,68500,68800,67700,68200,183987,-0.013024602026049159
2024-01-03,67800,68300,67000,67000,339935,-0.017595307917888547
2024-01-04,66800,67000,66000,66200,172867,-0.011940298507462699
2024-01-05,66100,66200,65100,65500,159939,-0.010574018126888185
2024-01-08,65000,65700,65000,65100,179583,-0.006106870229007688
2024-01-09,65800,66200,65300,65600,171088,0.007680491551459223
2024-01-10,65600,66000,64800,64900,158694,-0.010670731707317027
2024-01-11,64600,65300,62500,62800,3143615,-0.03235747303543912
2024-01-12,63200,63900,62800,63200,288415,0.006369426751592355
2024-01-15,63600,63800,63300,63500,206701,0.004746835443038
2024-01-16,63000,63500,62400,62400,267038,-0.017322834645669305
2024-01-17,62300,62500,61100,61100,281694,-0.02083333333333337
2024-01-18,61300,61400,60100,60100,331914,-0.016366612111292977
2024-01-19,60500,61000,60000,60800,401304,0.011647254575707144
2024-01-22,61000,61700,60400,61000,230762,0.00328947368421062
2024-01-23,61200,62100,61100,62100,295282,0.0180327868852459
2024-01-24,61700,62800,61700,62600,193608,0.008051529790660261
2024-01-25,62700,63900,62300,63800,262609,0.019169329073482455
2024-01-26,63400,64600,62800,63800,203229,0.0
2024-01-29,64000,66500,63800,65700,375824,0.029780564263322873
2024-01-30,65600,66800,65500,65800,363573,0.0015220700152207556
2024-01-31,65800,69300,65800,69300,683521,0.05319148936170204
2024-02-01,69300,76800,68900,76000,1833912,0.0966810966810967
2024-02-02,77000,79200,73600,78400,1438843,0.03157894736842115
2024-02-05,78600,79100,74500,77200,789957,-0.015306122448979553
2024-02-06,76000,80400,76000,77400,700064,0.002590673575129543
2024-02-07,77400,81500,76900,81400,963479,0.05167958656330751
2024-02-08,80900,83400,80800,83000,820659,0.019656019656019597
2024-02-13,83000,85100,82000,83200,719249,0.002409638554216942
2024-02-14,82100,83200,80200,80800,551305,-0.028846153846153855
2024-02-15,81400,81500,78600,79400,479733,-0.017326732673267342
2024-02-16,79700,80300,77600,80300,531149,0.01133501259445846
2024-02-19,80300,86000,80000,85000,903962,0.05853051058530512
2024-02-20,85000,85700,80600,81700,671463,-0.0388235294117647
2024-02-21,82500,88500,82500,88300,1483219,0.08078335373317014
2024-02-22,87800,93200,87100,92100,1397509,0.04303510758776907
2024-02-23,94500,97300,93900,95600,1265607,0.03800217155266017
2024-02-26,93600,94900,87500,92200,1479932,-0.03556485355648531
2024-02-27,90500,95200,87600,92100,808288,-0.0010845986984815426
2024-02-28,91400,102900,89000,102900,1265840,0.11726384364820852
2024-02-29,101800,103900,96200,96900,919438,-0.058309037900874605
2024-03-04,98100,104300,98000,103900,831903,0.07223942208462342
2024-03-05,101600,107800,101100,104500,980345,0.005774783445620768
2024-03-06,103500,105600,101800,103400,431226,-0.010526315789473717
2024-03-07,103500,107500,102800,106000,494554,0.025145067698259194
2024-03-08,107200,108500,104200,105100,415426,-0.008490566037735903
2024-03-11,103900,105000,100000,103100,449186,-0.01902949571836343
2024-03-12,102100,102600,96900,97500,707883,-0.054316197866149385
2024-03-13,97400,100900,96700,99300,481742,0.01846153846153853
2024-03-14,100000,101400,99000,101300,750176,0.020140986908358416
2024-03-15,100300,105600,99100,99100,740592,-0.021717670286278357
2024-03-18,99100,99100,93300,97200,533608,-0.019172552976791102
2024-03-19,95500,97800,93300,93500,426826,-0.0380658436213992
2024-03-20,94600,99100,94600,95800,625174,0.024598930481283476
2024-03-21,95800,98000,94500,97400,634286,0.016701461377870652
2024-03-22,97400,99800,96900,97900,419266,0.005133470225872738
2024-03-25,96900,98900,96600,97300,432191,-0.006128702757916216
2024-03-26,97200,99200,97200,97800,333694,0.005138746145940454
2024-03-27,97100,97800,93400,94100,527970,-0.03783231083844585
2024-03-28,93200,96000,93100,95500,347523,0.014877789585547196
2024-03-29,95400,95500,91400,92300,374101,-0.03350785340314133
2024-04-01,92800,93500,90800,91500,273054,-0.008667388949079036
2024-04-02,90600,93600,89800,92900,334033,0.015300546448087537
2024-04-03,92000,94100,91400,92800,394918,-0.0010764262648008671
2024-04-04,93400,94500,92500,93400,261784,0.006465517241379226
2024-04-05,92100,93700,91600,91900,233917,-0.016059957173447548
2024-04-08,91200,95800,90500,93700,368699,0.019586507072905324
2024-04-09,93900,95100,89300,89500,387931,-0.04482390608324438
2024-04-11,85400,86500,82800,85000,701571,-0.05027932960893855
2024-04-12,85100,85200,80300,81100,642702,-0.045882352941176485
2024-04-15,81000,82300,79100,81300,373271,0.002466091245376001
2024-04-16,80100,80400,77900,79300,407630,-0.024600246002460024
2024-04-17,78900,79800,77300,78000,273169,-0.016393442622950838
2024-04-18,78200,79300,77600,78000,240532,0.0
2024-04-19,77200,78000,76600,77300,316775,-0.008974358974358942
2024-04-22,78500,84400,78500,84200,559067,0.0892626131953429
2024-04-23,84500,86400,84100,86100,480677,0.0225653206650831
2024-04-24,86200,87000,85100,85400,279812,-0.008130081300813052
2024-04-25,84600,87700,84500,86400,282587,0.011709601873536313
2024-04-26,86400,90000,85200,88800,406214,0.02777777777777768
2024-04-29,89600,89600,87700,88600,261357,-0.0022522522522522292
2024-04-30,87800,89600,87300,87500,475290,-0.01241534988713322
2024-05-02,86500,87100,84300,84800,237021,-0.030857142857142805
2024-05-03,85700,86000,83600,83800,156906,-0.011792452830188704
2024-05-07,85400,89000,85400,88300,428850,0.05369928400954649
2024-05-08,89100,91700,88600,89500,421854,0.013590033975084959
2024-05-09,88900,90000,88300,88600,366593,-0.010055865921787754
2024-05-10,91700,92800,90000,91900,665090,0.03724604966139955
2024-05-13,93200,96400,92600,93100,498272,0.013057671381936808
2024-05-14,92300,94000,92100,93000,449439,-0.0010741138560687036
2024-05-16,94700,97500,94200,95000,1144347,0.021505376344086002
2024-05-17,94200,94300,87400,88900,619485,-0.0642105263157895
2024-05-20,89700,91900,88000,91700,384260,0.03149606299212593
2024-05-21,91400,93500,91000,91800,388140,0.0010905125408942062
2024-05-22,91200,91400,86600,87000,396133,-0.05228758169934644
2024-05-23,86500,87500,85200,86700,247246,-0.0034482758620689724
2024-05-24,85600,86700,85100,85600,184221,-0.012687427912341454
2024-05-27,85000,86500,84500,84600,179825,-0.011682242990654235
2024-05-28,84800,88200,84600,87000,295007,0.028368794326241176
2024-05-29,85100,87000,84100,85500,196161,-0.017241379310344862
2024-05-30,84700,86700,84700,85200,268367,-0.0035087719298245723
2024-05-31,87000,87700,84300,84300,508610,-0.010563380281690127
2024-06-03,85100,86300,84200,85300,128213,0.011862396204033177
2024-06-04,85000,85800,82000,82300,304472,-0.035169988276670616
2024-06-05,82700,83500,81000,81200,315342,-0.013365735115431376
2024-06-07,81500,85100,81500,83700,292265,0.030788177339901468
2024-06-10,82300,84800,81700,83600,242469,-0.0011947431302270495
2024-06-11,84000,85000,83800,83800,203349,0.0023923444976077235
2024-06-12,83500,85000,83200,84900,163854,0.013126491646778149
2024-06-13,85000,86900,82800,82800,492753,-0.02473498233215543
2024-06-14,82400,84000,82200,82900,283094,0.0012077294685990392
2024-06-17,82200,83600,82200,83300,146700,0.004825090470446325
2024-06-18,83600,84900,82600,84000,198006,0.008403361344537785
2024-06-19,84800,88300,84000,87400,380723,0.040476190476190554
2024-06-20,86600,88200,86400,87600,202084,0.0022883295194509046
2024-06-21,87600,88000,86000,87000,184752,-0.006849315068493178
2024-06-24,86900,87900,84600,87000,219967,0.0
2024-06-25,87900,88700,86700,87100,149547,0.0011494252873562871
2024-06-26,86300,87800,84700,87600,244068,0.00574052812858783
2024-06-27,86200,86700,85500,86500,197684,-0.01255707762557079
2024-06-28,87000,90800,87000,88500,379556,0.023121387283236983
2024-07-01,87700,89000,87100,87500,140744,-0.011299435028248594
2024-07-02,86700,89400,85500,88500,378224,0.011428571428571344
2024-07-03,89800,89800,87800,88700,554908,0.002259887005649608
2024-07-04,88300,95200,87000,91400,999245,0.030439684329199634
2024-07-05,92400,94600,91200,93700,402781,0.02516411378555805
2024-07-08,93800,93800,88600,89000,457228,-0.050160085378868735
2024-07-09,89800,91300,87600,90400,433710,0.01573033707865168
2024-07-10,91400,94900,90900,94000,443031,0.03982300884955747
2024-07-11,94500,96800,94100,94900,358574,0.009574468085106425
2024-07-12,94500,96100,92500,94500,245328,-0.004214963119072657
2024-07-15,95000,95000,92000,92900,224067,-0.016931216931216908
2024-07-16,93300,95000,91800,92900,229418,0.0
2024-07-17,93100,93500,91700,92600,204668,-0.0032292787944026013
2024-07-18,93500,94100,92100,92600,188824,0.0
2024-07-19,92300,93500,91700,93000,181944,0.004319654427645814
2024-07-22,93400,94500,90700,94000,161162,0.010752688172043001
2024-07-23,94000,95800,92700,92700,240070,-0.013829787234042601
2024-07-24,92200,97300,92200,93700,429942,0.010787486515641875
2024-07-25,94500,95000,91300,91400,297204,-0.0245464247598719
2024-07-26,92600,96000,92000,94700,454759,0.03610503282275701
2024-07-29,95400,99600,95400,96300,288299,0.01689545934530101
2024-07-30,95400,96700,94500,95100,201698,-0.012461059190031154
2024-07-31,96000,99400,95500,96500,451545,0.014721345951629772
2024-08-01,95600,96300,93800,93800,264808,-0.02797927461139893
2024-08-02,93000,93500,89000,90200,329140,-0.03837953091684432
2024-08-05,87400,88000,82500,84000,555244,-0.0687361419068736
2024-08-06,89000,89000,84700,84800,362319,0.00952380952380949
2024-08-07,83900,87000,82200,85200,256490,0.004716981132075526
2024-08-08,84100,88400,83800,87700,363363,0.02934272300469476
2024-08-09,87900,90300,86900,90000,194868,0.026225769669327326
2024-08-12,91100,91100,88400,89700,99532,-0.0033333333333332993
2024-08-13,88900,94000,88800,94000,272677,0.047937569676700154
2024-08-14,94000,94700,87200,88200,424957,-0.0617021276595745
2024-08-16,90000,91300,87100,88800,313727,0.006802721088435382
2024-08-19,90300,95900,89500,93600,575832,0.054054054054053946
2024-08-20,93100,98500,92600,97700,473970,0.04380341880341887
2024-08-21,98000,98500,95800,97000,195404,-0.007164790174002067
2024-08-22,97000,97200,94900,97000,136597,0.0
2024-08-23,97000,98200,96300,97400,167169,0.004123711340206171
2024-08-26,97200,98500,96200,97600,135644,0.002053388090349051
2024-08-27,98400,98500,94500,95700,173868,-0.01946721311475408
2024-08-28,95700,96400,93300,95300,192070,-0.004179728317659337
2024-08-29,96100,98400,94200,95800,216448,0.005246589716684236
2024-08-30,96700,97200,95900,97200,254504,0.014613778705636848
2024-09-02,97200,99200,96700,97200,214973,0.0
2024-09-03,97700,102000,97200,100500,475327,0.033950617283950546
2024-09-04,98000,100000,97300,98400,229639,-0.020895522388059695
2024-09-05,98200,98500,96100,98100,158971,-0.0030487804878048808
2024-09-06,98000,98100,95500,96400,181128,-0.01732925586136591
2024-09-09,95000,95500,93000,94600,180518,-0.018672199170124526
2024-09-10,94900,98000,94200,97200,195896,0.02748414376321362
2024-09-11,96900,97800,91900,93500,188978,-0.0380658436213992
2024-09-12,93800,96200,92500,96200,238609,0.02887700534759352
2024-09-13,97100,98000,95800,97500,139348,0.013513513513513598
2024-09-19,99400,103100,98500,100400,562848,0.029743589743589816
2024-09-20,101000,101400,99000,99900,289914,-0.004980079681274896
2024-09-23,101400,101500,96900,98600,227390,-0.013013013013013053
2024-09-24,99500,100100,96700,98000,333159,-0.006085192697768749
2024-09-25,98200,98600,92500,93600,788814,-0.04489795918367345
2024-09-26,94700,97200,94500,95600,389485,0.02136752136752129
2024-09-27,96000,97000,94400,94400,217421,-0.012552301255230103
2024-09-30,95700,95800,92800,93200,323960,-0.012711864406779627
2024-10-02,92100,92800,90700,90700,447798,-0.02682403433476399
2024-10-04,91500,94000,90700,94000,352570,0.036383682469680156
2024-10-07,93600,95500,93000,95100,142590,0.011702127659574568
2024-10-08,95400,97300,93500,96400,241686,0.013669821240799074
2024-10-10,97400,98000,95600,97100,464789,0.007261410788381717
2024-10-11,97800,98300,96700,97500,499358,0.004119464469618972
2024-10-14,98000,100500,97700,99400,333471,0.019487179487179596
2024-10-15,99800,101200,99100,100100,237900,0.007042253521126751
2024-10-16,99100,102000,98500,102000,242002,0.018981018981018893
2024-10-17,102300,102300,99700,100000,220709,-0.019607843137254943
2024-10-18,101100,101400,100000,101000,127587,0.010000000000000009
2024-10-21,101500,102800,100500,101800,182039,0.007920792079207928
2024-10-22,101100,103300,101100,102800,293855,0.00982318271119853
2024-10-23,102300,102300,99100,99100,451733,-0.03599221789883267
2024-10-24,99900,101200,99300,100600,208246,0.015136226034308864
2024-10-25,100600,102500,100100,101700,154018,0.010934393638170947
2024-10-28,102000,102500,100000,102500,153148,0.007866273352999054
2024-10-29,101700,102600,101000,102500,95089,0.0
2024-10-30,102500,102500,99900,101800,233704,-0.006829268292682933
2024-10-31,102000,102300,99800,101500,327396,-0.0029469548133594925
2024-11-01,102300,104900,101500,103800,273167,0.022660098522167438
2024-11-04,104400,104400,103000,104000,194783,0.0019267822736031004
2024-11-05,103000,104400,102600,104300,176866,0.0028846153846153744
2024-11-06,103500,105300,103000,104900,209230,0.0057526366251199335
2024-11-07,103500,104700,103000,103000,286595,-0.018112488083889433
2024-11-08,104000,105000,102400,104900,209731,0.01844660194174752
2024-11-11,103100,104500,102800,103400,92283,-0.014299332697807476
2024-11-12,103500,104600,100800,101000,219135,-0.023210831721469982
2024-11-13,100100,100800,98400,98600,184378,-0.023762376237623783
2024-11-14,98600,98900,95600,95600,419783,-0.030425963488843855
2024-11-15,97500,99400,96600,97600,193190,0.02092050209205021
2024-11-18,103000,111000,101800,108800,921918,0.11475409836065564
2024-11-19,105800,107200,103400,104800,313973,-0.03676470588235292
2024-11-20,103600,108000,103100,105200,190275,0.003816793893129722
2024-11-21,104900,106000,103800,104600,140176,-0.005703422053231932
2024-11-22,106500,108000,105300,106500,166992,0.018164435946462776
2024-11-25,107600,108000,105600,106000,327798,-0.0046948356807511304
2024-11-26,104700,106000,103700,104600,298799,-0.013207547169811318
2024-11-27,105100,110400,105100,109000,319674,0.042065009560229516
2024-11-28,109000,109200,107300,107900,156981,-0.010091743119266083
2024-11-29,108000,108300,104900,107100,253079,-0.007414272474513428
2024-12-02,109200,109200,106000,106600,144939,-0.00466853408029877
2024-12-03,108700,109900,108500,109000,249478,0.022514071294559068
