Date,Open,High,Low,Close,Volume,Change
2022-01-03,52400,53000,51900,52600,202536,0.0019047619047618536
2022-01-04,52700,53200,52300,52700,142777,0.0019011406844107182
2022-01-05,53000,53100,51500,51600,220592,-0.020872865275142316
2022-01-06,51100,51800,50400,50400,249321,-0.023255813953488413
2022-01-07,50500,51700,50500,51300,134355,0.017857142857142794
2022-01-10,51300,51400,50300,50700,134947,-0.011695906432748537
2022-01-11,51100,51800,50100,50300,145971,-0.007889546351084853
2022-01-12,50300,51200,50300,51200,175993,0.017892644135188762
2022-01-13,51300,51400,50000,50100,220449,-0.021484375
2022-01-14,49600,50100,48550,48550,346546,-0.03093812375249505
2022-01-17,48600,48900,46400,47400,241765,-0.023686920700308978
2022-01-18,47400,48300,46800,46950,172875,-0.009493670886076
2022-01-19,46200,46550,45000,45200,280043,-0.03727369542066028
2022-01-20,44950,45850,44700,45700,164585,0.01106194690265494
2022-01-21,45150,45500,44550,44600,199212,-0.024070021881838044
2022-01-24,44500,45800,42950,43050,317534,-0.034753363228699596
2022-01-25,43050,43350,41300,41300,286341,-0.04065040650406504
2022-01-26,41100,41850,40650,40650,196775,-0.0157384987893463
2022-01-27,40700,40900,38700,38700,271653,-0.047970479704797064
2022-01-28,38750,40100,38250,39950,249427,0.03229974160206717
2022-02-03,41150,42850,40800,41800,259775,0.04630788485607007
2022-02-04,41650,42500,41300,41800,157479,0.0
2022-02-07,42200,42200,41050,41550,96613,-0.005980861244019087
2022-02-08,41350,42150,40600,40700,184112,-0.020457280385078214
2022-02-09,41000,41950,40800,41200,186465,0.01228501228501222
2022-02-10,41950,42800,40850,40850,231750,-0.008495145631068013
2022-02-11,40550,41000,40050,40050,176235,-0.019583843329253336
2022-02-14,39450,40350,38800,39150,198643,-0.022471910112359605
2022-02-15,38950,39550,38750,38750,184872,-0.010217113665389577
2022-02-16,39350,41000,39350,40950,197742,0.0567741935483872
2022-02-17,41100,42000,40100,40600,251173,-0.008547008547008517
2022-02-18,40400,41750,40000,41650,176736,0.02586206896551735
2022-02-21,41650,43500,41100,43000,319099,0.032412965186074505
2022-02-22,41800,42700,41650,42150,204765,-0.019767441860465085
2022-02-23,42450,43450,42450,43150,191337,0.023724792408066353
2022-02-24,42500,42700,41050,41350,234062,-0.04171494785631513
2022-02-25,42050,42800,41900,42600,165576,0.030229746070133068
2022-02-28,42600,42900,42100,42850,90780,0.005868544600938996
2022-03-02,42700,44050,42700,43350,132100,0.011668611435239118
2022-03-03,43900,44100,43250,44100,106725,0.01730103806228378
2022-03-04,44200,44400,43300,43800,121476,-0.006802721088435382
2022-03-07,43700,43700,42150,42450,100319,-0.03082191780821919
2022-03-08,41650,42350,41300,41750,127768,-0.01648998822143699
2022-03-10,42600,44150,42600,44000,175181,0.05389221556886237
2022-03-11,43800,44800,43400,44600,151367,0.013636363636363669
2022-03-14,45300,45650,44150,44350,172805,-0.005605381165919243
2022-03-15,44500,44500,42700,43000,145431,-0.030439684329199523
2022-03-16,43500,45300,43500,44500,134177,0.03488372093023262
2022-03-17,45050,45400,44550,45250,135522,0.016853932584269593
2022-03-18,45200,45850,44400,45850,233264,0.013259668508287303
2022-03-21,46900,47200,44900,45150,217296,-0.01526717557251911
2022-03-22,45000,45450,44550,44800,93180,-0.007751937984496138
2022-03-23,45000,47000,44850,46300,310618,0.033482142857142794
2022-03-24,46800,47100,44700,45600,340209,-0.015118790496760237
2022-03-25,45600,45650,44800,45050,104201,-0.01206140350877194
2022-03-28,45500,45900,44500,44550,124003,-0.011098779134295245
2022-03-29,44650,45650,44450,45050,129349,0.011223344556677839
2022-03-30,45200,45550,44550,45000,126548,-0.0011098779134295356
2022-03-31,44750,45100,44550,45000,73805,0.0
2022-04-01,44650,45000,44400,44700,86768,-0.00666666666666671
2022-04-04,44700,45150,44350,45050,120197,0.007829977628635243
2022-04-05,45150,45200,44850,45000,92165,-0.0011098779134295356
2022-04-06,44750,44800,43400,43500,177498,-0.033333333333333326
2022-04-07,43000,43050,42100,42500,126429,-0.02298850574712641
2022-04-08,43250,43550,42000,42250,120557,-0.00588235294117645
2022-04-11,42150,42200,41000,41200,119437,-0.02485207100591713
2022-04-12,40650,41250,40600,41250,83721,0.0012135922330096527
2022-04-13,40950,41850,40950,41850,151402,0.014545454545454639
2022-04-14,46000,46100,42600,42700,1093536,0.020310633213858953
2022-04-15,42600,42650,41400,41550,246967,-0.02693208430913352
2022-04-18,41300,41950,41200,41500,143892,-0.001203369434416346
2022-04-19,41500,42900,41500,42450,162943,0.02289156626506017
2022-04-20,42350,42400,41900,42000,112515,-0.010600706713780883
2022-04-21,42000,42300,41700,41750,104057,-0.005952380952380931
2022-04-22,41450,41500,41050,41150,128344,-0.014371257485029987
2022-04-25,40650,40700,39900,39950,169064,-0.02916160388821387
2022-04-26,40050,40400,40000,40100,80582,0.003754693366708306
2022-04-27,39200,39900,39100,39750,91184,-0.00872817955112215
2022-04-28,39900,40400,39750,40350,78029,0.015094339622641506
2022-04-29,40450,40700,40200,40550,75429,0.004956629491945419
2022-05-02,40000,40350,39800,40300,70355,-0.006165228113440224
2022-05-03,40600,41200,40350,41000,89987,0.017369727047146455
2022-05-04,40750,41050,40050,40100,84855,-0.02195121951219514
2022-05-06,39750,39800,39400,39650,89389,-0.01122194513715713
2022-05-09,39300,39500,38700,38700,135269,-0.023959646910466592
2022-05-10,37950,38450,37400,37700,172316,-0.025839793281653756
2022-05-11,37550,38700,37300,38500,129100,0.021220159151193574
2022-05-12,37800,38700,37300,37350,117682,-0.029870129870129825
2022-05-13,37550,39550,37550,39450,113465,0.05622489959839361
2022-05-16,39650,39950,38900,39050,57119,-0.010139416983523497
2022-05-17,39050,39450,38900,39250,46860,0.005121638924455718
2022-05-18,39400,39450,38800,39050,75887,-0.005095541401273884
2022-05-19,37800,38400,37800,38000,74531,-0.02688860435339313
2022-05-20,38800,40500,38700,40450,238510,0.06447368421052624
2022-05-23,48000,52300,45050,47500,9193777,0.17428924598269457
2022-05-24,46000,47750,43850,45000,4283920,-0.052631578947368474
2022-05-25,44100,44300,42700,43300,1888727,-0.0377777777777778
2022-05-26,43300,43800,41250,41350,1620875,-0.04503464203233254
2022-05-27,42050,44250,41850,43850,2868552,0.060459492140265914
2022-05-30,44000,46600,43400,43650,2798421,-0.004561003420752607
2022-05-31,43950,47600,43600,46650,6254219,0.06872852233676974
2022-06-02,47100,48350,45350,45400,2800753,-0.026795284030010746
2022-06-03,46300,46650,44700,45050,1728027,-0.00770925110132159
2022-06-07,44350,44500,42550,42700,1329336,-0.05216426193118762
2022-06-08,42300,42950,41000,41100,1163853,-0.0374707259953162
2022-06-09,41250,44550,40500,43450,2872339,0.05717761557177625
2022-06-10,42350,43650,42000,43300,834861,-0.0034522439585730202
2022-06-13,42050,42150,39700,40000,872832,-0.07621247113163976
2022-06-14,38650,41300,38650,39950,1361869,-0.0012499999999999734
2022-06-15,40400,43050,40400,41000,1710017,0.026282853566958808
2022-06-16,41250,41750,40250,40300,626810,-0.017073170731707332
2022-06-17,39550,41500,39300,40500,691276,0.00496277915632759
2022-06-20,40650,41250,38550,38700,683489,-0.0444444444444444
2022-06-21,38850,39600,38050,39250,439285,0.01421188630490966
2022-06-22,41800,44450,41400,43700,6879739,0.11337579617834392
2022-06-23,41750,42100,38050,38550,1906178,-0.11784897025171626
2022-06-24,38550,39900,37550,39150,1137476,0.015564202334630295
2022-06-27,38450,39400,37950,39100,954005,-0.0012771392081737387
2022-06-28,39000,39150,38000,38250,685136,-0.021739130434782594
2022-06-29,38300,38600,37950,37950,558990,-0.007843137254901933
2022-06-30,38450,39100,38050,38050,762783,0.0026350461133068936
2022-07-01,38200,38500,37500,37900,438848,-0.003942181340341633
2022-07-04,38300,39000,37800,38500,662896,0.0158311345646438
2022-07-05,38750,39250,38300,39250,530237,0.01948051948051943
2022-07-06,39050,39650,38600,38850,637539,-0.010191082802547768
2022-07-07,39450,40400,39250,40000,659963,0.029601029601029616
2022-07-08,40850,40850,39700,40150,505198,0.00374999999999992
2022-07-11,40600,41550,40150,40400,612182,0.0062266500622665255
2022-07-12,40000,41600,39700,41350,666611,0.023514851485148425
2022-07-13,41500,41700,40200,41350,535160,0.0
2022-07-14,41350,42000,41200,41550,416735,0.0048367593712213
2022-07-15,41300,41950,40850,41950,418756,0.00962695547533099
2022-07-18,42350,42450,41300,41600,383198,-0.008343265792610244
2022-07-19,41500,42350,41500,42150,356178,0.013221153846153744
2022-07-20,42500,43100,41900,42700,569825,0.013048635824436605
2022-07-21,43500,43600,42400,42700,573477,0.0
2022-07-22,42900,43200,42450,42500,437172,-0.004683840749414525
2022-07-25,43300,43650,41350,41450,805533,-0.024705882352941133
2022-07-26,41900,42500,40750,40900,529928,-0.013268998793727338
2022-07-27,41050,43450,40900,42950,1058088,0.05012224938875298
2022-07-28,43150,43150,42250,42950,406615,0.0
2022-07-29,43150,44100,42950,43750,588406,0.0186263096623982
2022-08-01,44450,44900,43300,43400,626182,-0.008000000000000007
2022-08-02,43450,44200,42500,43400,713866,0.0
2022-08-03,43750,44400,43500,43650,508419,0.005760368663594528
2022-08-04,44000,44150,42950,43500,455218,-0.0034364261168384758
2022-08-05,43950,44350,43700,44100,644100,0.01379310344827589
2022-08-08,44150,44300,43300,43450,368332,-0.01473922902494329
2022-08-09,43200,44000,42750,43950,367916,0.011507479861910141
2022-08-10,44000,44250,43150,43150,338284,-0.018202502844141044
2022-08-11,43450,43900,43450,43750,218034,0.013904982618771822
2022-08-12,43750,44050,43300,43850,236085,0.0022857142857142243
2022-08-16,44000,44150,43500,44000,250314,0.003420752565564511
2022-08-17,44050,44550,42600,42850,555509,-0.026136363636363624
2022-08-18,42850,43450,42450,42800,270066,-0.001166861143523934
2022-08-19,42850,43050,42150,42350,271249,-0.010514018691588745
2022-08-22,42050,42500,41400,41900,251064,-0.010625737898465215
2022-08-23,41500,42050,40650,40650,318557,-0.029832935560859197
2022-08-24,40750,41050,39750,40050,337217,-0.014760147601476037
2022-08-25,40050,40800,39700,40650,227690,0.014981273408239737
2022-08-26,40800,41250,40050,40050,277177,-0.014760147601476037
2022-08-29,38300,39300,38200,38850,300180,-0.029962546816479363
2022-08-30,38950,39450,38850,39350,248071,0.01287001287001277
2022-08-31,39050,40500,38850,40500,209737,0.029224904701397714
2022-09-01,40400,40400,39550,39850,173484,-0.016049382716049387
2022-09-02,39950,40150,38800,38800,213856,-0.02634880803011297
2022-09-05,39400,40000,38400,38650,287965,-0.0038659793814432852
2022-09-06,38600,39300,38600,39300,132272,0.01681759379042691
2022-09-07,38950,39000,38100,38150,199052,-0.029262086513994867
2022-09-08,38350,38950,38000,38650,219892,0.013106159895150737
2022-09-13,39300,39850,39250,39800,157934,0.02975420439844756
2022-09-14,38400,39100,38300,38700,149440,-0.027638190954773822
2022-09-15,38900,38900,38500,38700,94469,0.0
2022-09-16,38550,38600,37650,37750,222473,-0.02454780361757103
2022-09-19,37800,38000,35900,36150,366619,-0.04238410596026487
2022-09-20,36000,36550,35950,36350,224013,0.0055325034578146415
2022-09-21,36100,36400,35350,35800,253028,-0.015130674002751032
2022-09-22,35150,35500,33700,34200,443340,-0.04469273743016755
2022-09-23,34100,34450,33400,33650,232537,-0.016081871345029253
2022-09-26,33000,33300,32000,32100,287419,-0.04606240713224363
2022-09-27,31800,32700,31750,32700,210399,0.01869158878504673
2022-09-28,32350,33200,31850,32550,177824,-0.004587155963302725
2022-09-29,33000,33750,32700,32700,161799,0.004608294930875667
2022-09-30,32150,33600,32100,32950,162573,0.007645259938837912
2022-10-04,33450,33850,33050,33750,109894,0.02427921092564489
2022-10-05,34300,34300,33050,33150,113492,-0.01777777777777778
2022-10-06,33300,34050,33250,33800,76118,0.019607843137254832
2022-10-07,33450,33600,32900,32950,105769,-0.025147928994082802
2022-10-11,32150,32400,31300,31900,200562,-0.03186646433990892
2022-10-12,32100,33650,32100,33250,230392,0.042319749216300995
2022-10-13,33400,33400,32150,32150,122325,-0.03308270676691727
2022-10-14,32850,36100,32800,34150,680303,0.06220839813374801
2022-10-17,33450,34100,33150,33950,131685,-0.005856515373352855
2022-10-18,34400,35300,34400,35150,191621,0.0353460972017674
2022-10-19,35350,35800,34550,34550,152770,-0.017069701280227556
2022-10-20,34550,35600,34400,34900,149118,0.01013024602026058
2022-10-21,34850,35200,34300,34300,102434,-0.017191977077363862
2022-10-24,35000,35500,34950,35250,142114,0.0276967930029155
2022-10-25,35450,35600,34950,35300,68974,0.0014184397163119478
2022-10-26,35250,35650,35050,35200,119188,-0.0028328611898017497
2022-10-27,35100,35800,35100,35650,100960,0.012784090909090828
2022-10-28,35500,35700,35150,35350,61150,-0.008415147265077194
2022-10-31,35700,36700,35550,36350,151761,0.028288543140028377
2022-11-01,36350,36650,36100,36400,98416,0.0013755158184318717
2022-11-02,36600,36800,36050,36300,91517,-0.0027472527472527375
2022-11-03,35700,36100,35450,35600,74858,-0.019283746556473802
2022-11-04,35350,35350,34700,35100,107942,-0.014044943820224698
2022-11-07,35000,36000,35000,35550,76259,0.012820512820512775
2022-11-08,35550,36800,35550,36500,130337,0.026722925457102642
2022-11-09,36700,36850,36100,36100,107832,-0.010958904109588996
2022-11-10,35700,36500,35600,35950,83631,-0.0041551246537395725
2022-11-11,37000,37400,36800,37300,207594,0.037552155771905404
2022-11-14,37350,37650,37000,37350,87843,0.0013404825737264314
2022-11-15,37400,38400,37350,38300,153247,0.025435073627844806
2022-11-16,38700,38750,37800,38100,105258,-0.005221932114882533
2022-11-17,37850,38400,37550,37550,104988,-0.014435695538057791
2022-11-18,37300,38050,37300,37550,95313,0.0
2022-11-21,37550,37950,37450,37550,104331,0.0
2022-11-22,37500,37800,36950,36950,88741,-0.015978695073235683
2022-11-23,37200,37800,37200,37350,99557,0.010825439783491264
2022-11-24,37550,38250,37500,38100,84053,0.02008032128514059
2022-11-25,38050,38450,37850,37900,73151,-0.005249343832021025
2022-11-28,37700,37850,37100,37200,75507,-0.01846965699208447
2022-11-29,36950,37900,36850,37750,64603,0.014784946236559238
2022-11-30,37700,37950,37450,37650,40959,-0.0026490066225165476
2022-12-01,38400,38800,38050,38100,106120,0.01195219123505975
2022-12-02,38250,39150,37900,39000,184891,0.023622047244094446
2022-12-05,39700,39700,38800,39300,158963,0.007692307692307665
2022-12-06,38650,39400,38650,39000,81046,-0.007633587786259555
2022-12-07,38900,39600,38750,39550,141974,0.014102564102564052
2022-12-08,39500,39550,38850,38850,129414,-0.017699115044247815
2022-12-09,38950,39950,38850,39400,146784,0.014157014157014203
2022-12-12,39300,39500,38700,39200,113333,-0.005076142131979711
2022-12-13,39250,39900,39150,39550,140218,0.008928571428571397
2022-12-14,39700,40550,39600,39650,138272,0.0025284450063212116
2022-12-15,39250,39550,38850,38850,104297,-0.020176544766708715
2022-12-16,38200,39600,37850,39500,173872,0.016731016731016624
2022-12-19,39100,39550,39000,39450,73282,-0.0012658227848101333
2022-12-20,39000,39500,38600,38600,97125,-0.021546261089987362
2022-12-21,39000,39150,38550,38850,45188,0.006476683937823857
2022-12-22,38950,39700,38950,39300,137608,0.01158301158301156
2022-12-23,38800,38950,37300,37300,228143,-0.05089058524173029
2022-12-26,37400,38550,37400,38350,153604,0.02815013404825728
2022-12-27,38300,38700,38250,38700,173722,0.009126466753585305
2022-12-28,38300,38650,37100,37200,121474,-0.03875968992248058
2022-12-29,37100,37200,36450,37050,101289,-0.0040322580645161255
2023-01-02,37850,38500,37500,37500,176459,0.012145748987854255
2023-01-03,37400,38150,36850,37900,128288,0.010666666666666602
2023-01-04,37500,37850,37100,37150,98442,-0.01978891820580475
2023-01-05,37200,37200,34900,36300,355878,-0.02288021534320328
2023-01-06,35950,37100,35750,36950,104272,0.017906336088154173
2023-01-09,36950,38000,36950,37350,97667,0.010825439783491264
2023-01-10,37250,38000,37100,37500,118739,0.004016064257028162
2023-01-11,37700,38450,37700,38400,90654,0.02400000000000002
2023-01-12,39050,39250,38700,38900,100337,0.01302083333333326
2023-01-13,38750,39300,38500,38750,54315,-0.003856041131105381
2023-01-16,38900,39550,38350,39500,123917,0.019354838709677358
2023-01-17,39550,39700,39050,39150,114743,-0.008860759493670933
2023-01-18,39150,39150,37800,37850,110485,-0.033205619412515985
2023-01-19,37900,42850,37900,41100,1652515,0.08586525759577279
2023-01-20,41250,41250,39500,39650,562137,-0.035279805352798066
2023-01-25,39950,40050,39050,39800,252408,0.003783102143757988
2023-01-26,40300,40350,38950,39100,400333,-0.017587939698492483
2023-01-27,39200,39600,38950,39400,142240,0.007672634271099765
2023-01-30,39550,39800,38850,38900,172820,-0.012690355329949221
2023-01-31,38850,39500,38650,39250,138601,0.008997429305912519
2023-02-01,39450,39750,38950,39650,186399,0.010191082802547768
2023-02-02,39850,40100,39650,39950,158492,0.007566204287515754
2023-02-03,39950,40250,39650,39800,111945,-0.003754693366708417
2023-02-06,39650,39700,39000,39050,103556,-0.018844221105527637
2023-02-07,39000,39750,38850,39550,94299,0.012804097311139628
2023-02-08,39800,40050,39450,39750,120477,0.005056890012642201
2023-02-09,39600,40250,39400,40100,123452,0.008805031446540879
2023-02-10,40350,40350,39050,39400,155108,-0.017456359102244412
2023-02-13,39550,39900,38800,38800,236004,-0.015228426395939132
2023-02-14,39200,40650,39100,40350,398600,0.0399484536082475
2023-02-15,40650,40800,38500,38550,352746,-0.044609665427509326
2023-02-16,39000,39200,38550,38750,162267,0.005188067444876765
2023-02-17,38350,38400,37650,37750,233042,-0.02580645161290318
2023-02-20,38000,39000,37450,38700,162455,0.02516556291390737
2023-02-21,38550,39100,37850,38200,126015,-0.012919896640826822
2023-02-22,37600,37800,37250,37700,182105,-0.01308900523560208
2023-02-23,38000,38650,37800,38400,150198,0.018567639257294433
2023-02-24,38300,38300,37450,37500,138654,-0.0234375
2023-02-27,37250,37250,36450,36750,125030,-0.020000000000000018
2023-02-28,36850,37150,36300,36450,189357,-0.008163265306122436
2023-03-02,36350,36650,36000,36000,178204,-0.012345679012345734
2023-03-03,36150,36750,36000,36550,163460,0.015277777777777724
2023-03-06,36750,37200,36400,37200,150698,0.017783857729138264
2023-03-07,37100,38250,37050,37950,249566,0.02016129032258074
2023-03-08,37950,38850,37600,38600,281002,0.017127799736495364
2023-03-09,38600,38700,37500,37800,208604,-0.020725388601036232
2023-03-10,37350,37400,36500,36700,145824,-0.02910052910052907
2023-03-13,36500,37000,35700,36900,203029,0.005449591280654031
2023-03-14,36900,36900,35150,35300,196114,-0.04336043360433606
2023-03-15,35900,36000,35100,35150,128558,-0.004249291784702569
2023-03-16,34950,35100,34000,34700,131166,-0.012802275960170695
2023-03-17,35100,35700,35100,35650,140430,0.027377521613832778
2023-03-20,35650,36150,35000,35300,119468,-0.009817671809256634
2023-03-21,35350,35650,34500,34550,165875,-0.021246458923512734
2023-03-22,34750,34900,33650,34000,270362,-0.01591895803183796
2023-03-23,33700,33850,33150,33550,193257,-0.013235294117647012
2023-03-24,33750,34050,33350,33550,101066,0.0
2023-03-27,33550,34000,32900,33650,131675,0.0029806259314455463
2023-03-28,33950,34200,33550,33900,115386,0.007429420505200568
2023-03-29,33600,34100,33600,33800,100589,-0.002949852507374673
2023-03-30,34000,34700,33650,34200,187545,0.01183431952662728
2023-03-31,34200,34450,33650,34100,130119,-0.0029239766081871066
2023-04-03,34150,34500,33850,34050,137851,-0.0014662756598240456
2023-04-04,34050,35000,33800,34800,268418,0.022026431718061623
2023-04-05,34700,35650,34500,35100,231445,0.008620689655172376
2023-04-06,35600,35900,34650,34750,240256,-0.009971509971509973
2023-04-07,35000,35050,34400,35000,117492,0.007194244604316502
2023-04-10,35700,35700,34000,34150,255535,-0.024285714285714244
2023-04-11,33850,34350,33650,34050,164637,-0.002928257686676372
2023-04-12,34150,35100,33900,34850,282522,0.023494860499265746
2023-04-13,34850,35250,34350,35250,287773,0.011477761836441891
2023-04-14,35500,37450,35150,36200,693899,0.026950354609929006
2023-04-17,36250,36350,34950,35700,479322,-0.013812154696132617
2023-04-18,35650,36900,35050,35300,626525,-0.011204481792717047
2023-04-19,35500,35550,34500,34600,374479,-0.019830028328611915
2023-04-20,34950,35250,33150,33250,573862,-0.039017341040462394
2023-04-21,33100,33300,32350,32600,322903,-0.019548872180451093
2023-04-24,32600,33050,32000,32150,255156,-0.013803680981595123
2023-04-25,32150,32600,31500,31900,303816,-0.007776049766718529
2023-04-26,31800,32950,31650,32500,231802,0.018808777429467183
2023-04-27,32250,32700,31450,32650,248433,0.004615384615384688
2023-04-28,32650,32800,32100,32250,185602,-0.01225114854517606
2023-05-02,32300,32600,32050,32500,187590,0.007751937984496138
2023-05-03,32400,32600,32150,32600,160285,0.003076923076922977
2023-05-04,32500,33850,32450,33600,279355,0.030674846625766916
2023-05-08,33850,34200,33300,33600,129024,0.0
2023-05-09,33500,34000,33400,33450,111478,-0.004464285714285698
2023-05-10,33450,34150,33400,33500,153308,0.001494768310911887
2023-05-11,33700,33800,33200,33500,116056,0.0
2023-05-12,33350,33450,32800,32950,113765,-0.016417910447761197
2023-05-15,32700,33100,32600,32950,97034,0.0
2023-05-16,32850,33150,32550,32700,66543,-0.007587253414264028
2023-05-17,32700,33200,32600,33100,94904,0.012232415902140747
2023-05-18,33250,33450,32800,33100,80264,0.0
2023-05-19,33100,33350,33000,33150,98076,0.0015105740181269312
2023-05-22,33000,33850,33000,33650,119176,0.015082956259426794
2023-05-23,33500,34100,33500,33900,145729,0.007429420505200568
2023-05-24,33950,34100,33600,33750,74442,-0.004424778761061954
2023-05-25,33800,34000,33350,33500,68611,-0.007407407407407418
2023-05-26,33500,33750,33150,33150,75104,-0.010447761194029903
2023-05-30,33500,33800,33250,33650,68483,0.015082956259426794
2023-05-31,33650,33800,33350,33700,91861,0.0014858841010401136
2023-06-01,33350,34000,33350,33850,97530,0.004451038575667754
2023-06-02,34000,34000,33450,33600,80673,-0.00738552437223039
2023-06-05,33650,33750,33200,33650,79305,0.0014880952380953438
2023-06-07,33500,33850,33300,33300,80933,-0.010401188707280795
2023-06-08,33300,33350,32400,32600,174417,-0.02102102102102099
2023-06-09,32700,32900,32350,32450,98258,-0.004601226993865004
2023-06-12,32450,32500,31800,31950,128272,-0.015408320493066285
2023-06-13,31950,32250,31800,31950,102473,0.0
2023-06-14,31900,32000,31450,31550,144439,-0.012519561815336422
2023-06-15,31600,31650,30600,30850,206730,-0.022187004754358197
2023-06-16,30950,31400,30850,30850,85566,0.0
2023-06-19,31050,31050,30750,31050,93141,0.006482982171799101
2023-06-20,30950,31250,30950,31050,71041,0.0
2023-06-21,31000,31150,30350,30350,150489,-0.02254428341384862
2023-06-22,30350,30550,29900,30050,92614,-0.009884678747940745
2023-06-23,30050,30250,29700,29800,147813,-0.008319467554076532
2023-06-26,29850,30600,29300,30300,104684,0.016778523489932917
2023-06-27,30200,30500,29900,30200,61168,-0.0033003300330033403
2023-06-28,30300,30350,29850,30050,68022,-0.004966887417218513
2023-06-29,30000,30100,29600,30100,155474,0.0016638935108153063
2023-06-30,29950,30100,29700,30050,77215,-0.0016611295681062677
2023-07-03,30100,30650,30000,30400,294435,0.011647254575707144
2023-07-04,30400,30400,29800,29900,97999,-0.016447368421052655
2023-07-05,29800,30200,29500,29500,145981,-0.013377926421404673
2023-07-06,29600,30050,29100,29750,302594,0.008474576271186418
2023-07-07,29550,29550,27900,28250,412355,-0.050420168067226934
2023-07-10,28250,29400,28200,29050,275956,0.02831858407079646
2023-07-11,29600,31050,29500,30750,378785,0.058519793459552494
2023-07-12,30600,31200,30350,31200,96288,0.014634146341463428
2023-07-13,31450,31800,31250,31500,178026,0.009615384615384581
2023-07-14,31400,31650,31000,31350,107969,-0.004761904761904745
2023-07-17,31350,31900,30950,31800,132627,0.014354066985645897
2023-07-18,31800,31900,31300,31550,117652,-0.00786163522012584
2023-07-19,31900,32000,31250,31800,140877,0.007923930269413626
2023-07-20,31500,32300,31400,32200,109512,0.012578616352201255
2023-07-21,32000,33350,31900,33150,268387,0.029503105590062084
2023-07-24,33300,33400,32600,33050,167508,-0.003016591251885359
2023-07-25,32800,33350,32400,32400,169936,-0.01966717095310133
2023-07-26,32150,32300,30450,30850,267163,-0.0478395061728395
2023-07-27,30800,33150,30800,32900,225098,0.06645056726094012
2023-07-28,32800,33450,32550,33100,135071,0.006079027355623046
2023-07-31,33100,33500,32900,33350,116886,0.007552870090634434
2023-08-01,33000,33400,32150,32900,247463,-0.013493253373313308
2023-08-02,33500,34650,33300,33600,542279,0.02127659574468077
2023-08-03,33450,35200,33050,34900,449648,0.038690476190476275
2023-08-04,35000,35000,34200,34550,193074,-0.01002865329512892
2023-08-07,34700,35500,34450,34700,256099,0.004341534008682979
2023-08-08,35000,35150,34350,35050,226697,0.01008645533141217
2023-08-09,35150,36850,35150,36250,457744,0.0342368045649073
2023-08-10,36250,37400,36050,36600,376800,0.009655172413793212
2023-08-11,36600,36800,35900,36350,225769,-0.006830601092896127
2023-08-14,36950,36950,36000,36450,139492,0.0027510316368637433
2023-08-16,36350,37050,35900,36450,268574,0.0
2023-08-17,36000,36600,35550,36400,189626,-0.00137174211248281
2023-08-18,36100,36500,35800,36250,121915,-0.004120879120879106
2023-08-21,36150,36800,36100,36350,118120,0.0027586206896552667
2023-08-22,36450,36700,35900,36050,123349,-0.008253094910591452
2023-08-23,36050,37150,35850,37000,217969,0.026352288488210807
2023-08-24,37000,37400,36600,37100,198261,0.002702702702702675
2023-08-25,36700,38150,36650,37450,239597,0.009433962264151052
2023-08-28,38000,38400,36950,37100,131753,-0.009345794392523366
2023-08-29,36950,37300,35800,37100,168415,0.0
2023-08-30,37400,37400,36600,36900,95010,-0.005390835579514808
2023-08-31,36750,37400,36400,37000,151643,0.0027100271002709064
2023-09-01,37000,37200,35750,36300,188505,-0.018918918918918948
2023-09-04,36100,36500,35800,36200,82515,-0.0027548209366391463
2023-09-05,36050,38200,36000,37400,287404,0.03314917127071815
2023-09-06,37150,37450,35450,37200,154985,-0.005347593582887722
2023-09-07,37250,37550,36750,36800,102422,-0.010752688172043001
2023-09-08,37300,39000,36850,37850,427376,0.028532608695652106
2023-09-11,37900,39800,37900,39350,515856,0.039630118890356725
2023-09-12,39550,39800,38300,38550,399136,-0.020330368487928796
2023-09-13,38900,38950,37600,38400,186950,-0.0038910505836575737
2023-09-14,38400,38500,37750,38500,197104,0.0026041666666667407
2023-09-15,38500,38500,37650,37850,153491,-0.016883116883116833
2023-09-18,37800,39200,37600,38300,270833,0.011889035667107084
2023-09-19,38300,38750,38050,38600,228936,0.007832898172323688
2023-09-20,38650,39850,38100,39700,453342,0.02849740932642497
2023-09-21,39550,39550,38150,38650,274444,-0.026448362720403074
2023-09-22,38000,40400,37800,39800,427859,0.02975420439844756
2023-09-25,40550,43600,40500,40800,1636850,0.025125628140703515
2023-09-26,41100,42000,40550,41600,548956,0.019607843137254832
2023-09-27,41100,42800,40750,42100,418776,0.012019230769230838
2023-10-04,42100,42800,41000,41300,318304,-0.019002375296912066
2023-10-05,41650,41850,40400,40850,291587,-0.010895883777239712
2023-10-06,41000,42900,40850,42700,363646,0.04528763769889843
2023-10-10,42900,43100,41650,42000,278060,-0.016393442622950838
2023-10-11,42350,42900,41700,42450,241701,0.010714285714285676
2023-10-12,42450,42750,42000,42600,254431,0.0035335689045936647
2023-10-13,42450,42900,41700,42000,181449,-0.014084507042253502
2023-10-16,41800,42700,41600,42000,196444,0.0
2023-10-17,42200,42450,41250,41600,183625,-0.00952380952380949
2023-10-18,41750,41750,40600,40800,266499,-0.019230769230769273
2023-10-19,39950,41300,39800,40500,252444,-0.007352941176470562
2023-10-20,40300,41100,39150,40450,295483,-0.0012345679012345512
2023-10-23,40450,42150,40100,41900,262532,0.03584672435105074
2023-10-24,41900,42700,41050,42450,214713,0.013126491646778149
2023-10-25,42900,44350,42100,43500,476316,0.02473498233215543
2023-10-26,42800,44100,42700,43100,260775,-0.00919540229885063
2023-10-27,43250,43600,42100,42500,169898,-0.0139211136890951
2023-10-30,42350,43950,42200,43000,194862,0.0117647058823529
2023-10-31,43150,44350,43000,43200,254950,0.0046511627906977715
2023-11-01,43600,43750,42750,43500,131003,0.00694444444444442
2023-11-02,43950,44100,42850,43300,149975,-0.0045977011494252595
2023-11-03,43800,43850,41500,41700,345153,-0.036951501154734445
2023-11-06,41700,42100,40400,41950,412382,0.005995203836930418
2023-11-07,41900,42700,41350,42400,225496,0.010727056019070424
2023-11-08,42600,45300,42400,45000,541555,0.061320754716981174
2023-11-09,44400,44950,43800,44250,196685,-0.01666666666666672
2023-11-10,43850,44900,43500,43800,130361,-0.01016949152542368
2023-11-13,44250,44350,42650,42950,130387,-0.019406392694063967
2023-11-14,42750,43500,42350,42750,137634,-0.00465657741559955
2023-11-15,42550,43050,41700,42050,404261,-0.01637426900584793
2023-11-16,42300,42850,41900,42050,143677,0.0
2023-11-17,42050,42950,41950,42250,211897,0.0047562425683709275
2023-11-20,42250,42800,41300,42650,207783,0.00946745562130169
2023-11-21,42750,43050,42000,42100,132256,-0.01289566236811257
2023-11-22,41700,42300,41450,41550,138109,-0.013064133016627122
2023-11-23,41700,42750,41250,41750,175519,0.004813477737665384
2023-11-24,41600,42100,40950,41400,160593,-0.008383233532934131
2023-11-27,41100,41650,40400,40600,166171,-0.019323671497584516
2023-11-28,40400,40950,39350,40050,353627,-0.013546798029556606
2023-11-29,40050,40300,39300,40100,299483,0.0012484394506866447
2023-11-30,40000,40200,39350,39600,171747,-0.012468827930174564
2023-12-01,39450,40550,39400,40150,181747,0.01388888888888884
2023-12-04,40250,41500,39700,39800,177376,-0.008717310087173136
2023-12-05,39800,40050,39250,39600,92432,-0.005025125628140725
2023-12-06,40250,40250,39550,39600,189113,0.0
2023-12-07,39800,41300,39650,41050,308201,0.03661616161616155
2023-12-08,41300,41300,39550,40400,164218,-0.015834348355663774
2023-12-11,40600,40750,40150,40300,79430,-0.0024752475247524774
2023-12-12,40450,40700,39900,40450,130928,0.003722084367245637
2023-12-13,40500,41750,39950,41650,215463,0.02966625463535233
2023-12-14,41900,42100,40950,41250,214587,-0.009603841536614643
2023-12-15,41450,41450,40050,40100,155718,-0.027878787878787836
2023-12-18,40000,40400,39650,40050,117344,-0.0012468827930174342
2023-12-19,40100,40850,40050,40850,116013,0.019975031210986316
2023-12-20,40850,41000,39850,40400,312283,-0.011015911872705009
2023-12-21,40650,41800,40450,41350,302337,0.023514851485148425
2023-12-22,41750,41850,40800,41050,123487,-0.00725513905683195
2023-12-26,41300,41950,40800,40900,180339,-0.0036540803897685548
2023-12-27,41350,44000,41050,43600,543858,0.0660146699266504
2023-12-28,43800,44550,43250,44450,222093,0.019495412844036775
2024-01-02,44650,45200,43450,44500,214909,0.0011248593925758943
2024-01-03,44250,47450,44250,46500,598457,0.04494382022471921
2024-01-04,46550,46850,44300,44500,288261,-0.043010752688172005
2024-01-05,44600,45200,44000,44650,144453,0.003370786516853963
2024-01-08,44750,45000,43600,43900,122034,-0.016797312430011146
2024-01-09,44200,44650,43900,44200,92855,0.006833712984054774
2024-01-10,44300,45300,44000,44750,127657,0.012443438914027105
2024-01-11,44900,45100,43600,43600,162284,-0.025698324022346397
2024-01-12,43800,44450,43300,43300,106723,-0.006880733944954143
2024-01-15,43100,43950,42950,43300,93325,0.0
2024-01-16,43300,44300,43200,43600,119832,0.006928406466512715
2024-01-17,43950,43950,42650,42650,112120,-0.02178899082568808
2024-01-18,42950,43950,42800,42900,84826,0.0058616647127784915
2024-01-19,43200,43500,42050,42200,126046,-0.01631701631701632
2024-01-22,42450,43300,42250,42550,86896,0.0082938388625593
2024-01-23,42950,44850,42650,44300,230176,0.04112808460634554
2024-01-24,44550,44550,43250,43550,127475,-0.0169300225733634
2024-01-25,43400,43850,43100,43450,76490,-0.0022962112514350874
2024-01-26,43600,43900,42900,43300,106666,-0.0034522439585730202
2024-01-29,43450,43950,42950,42950,104787,-0.008083140877598205
2024-01-30,43000,43700,42700,43450,104627,0.011641443538998875
2024-01-31,43550,43600,41750,41900,190871,-0.03567318757192173
2024-02-01,41950,42300,40900,41200,171963,-0.01670644391408116
2024-02-02,41650,42050,40900,41350,205010,0.00364077669902918
2024-02-05,41200,41300,39450,39500,295210,-0.044740024183796856
2024-02-06,39650,40900,39500,40500,176504,0.025316455696202445
2024-02-07,40550,40700,39700,40000,101420,-0.012345679012345734
2024-02-08,40150,40350,39750,40200,124828,0.004999999999999893
2024-02-13,40200,40800,39800,40450,115558,0.006218905472636926
2024-02-14,40700,41000,39900,40350,139489,-0.0024721878862793423
2024-02-15,40350,40600,39900,40050,182921,-0.0074349442379182396
2024-02-16,40050,40700,39800,40600,117063,0.013732833957553092
2024-02-19,40350,40750,39700,39700,118896,-0.022167487684729092
2024-02-20,39750,40250,39200,39850,146805,0.0037783375314861534
2024-02-21,39500,39600,38300,38850,286321,-0.025094102885821812
2024-02-22,38850,39000,38350,38500,157977,-0.009009009009009028
2024-02-23,38900,40050,38600,39300,238150,0.020779220779220786
2024-02-26,39800,40400,38950,39150,210792,-0.003816793893129722
2024-02-27,39100,39200,38250,38300,156925,-0.02171136653895278
2024-02-28,38600,38750,38150,38600,91272,0.007832898172323688
2024-02-29,38450,38750,37900,38300,128989,-0.007772020725388629
2024-03-04,38750,38750,37850,37850,129308,-0.011749347258485643
2024-03-05,37850,39000,37700,38800,154438,0.025099075297225992
2024-03-06,38800,39550,38300,39000,145761,0.005154639175257714
2024-03-07,39100,39400,37600,37750,177153,-0.03205128205128205
2024-03-08,37750,38000,36400,37300,262153,-0.01192052980132452
2024-03-11,37450,37850,36250,36350,184784,-0.025469168900804307
2024-03-12,36400,37100,36050,36850,110854,0.01375515818431916
2024-03-13,36850,37100,35700,35750,250151,-0.02985074626865669
2024-03-14,35750,36550,35750,36450,157434,0.019580419580419672
2024-03-15,36200,36700,35900,36150,112022,-0.008230452674897082
2024-03-18,36300,37450,36200,37350,179734,0.03319502074688807
2024-03-19,37200,37650,37100,37350,106485,0.0
2024-03-20,37600,37600,37150,37400,64570,0.0013386880856760541
2024-03-21,37750,38100,37150,37450,121649,0.0013368983957218195
2024-03-22,37450,37550,37100,37200,86222,-0.006675567423230944
2024-03-25,37950,38700,37900,37950,183965,0.02016129032258074
2024-03-26,37950,38250,37200,38100,116266,0.0039525691699604515
2024-03-27,38200,38250,37600,38000,128294,-0.002624671916010457
2024-03-28,37750,38450,37550,38000,91709,0.0
2024-03-29,38000,38050,36950,37050,153427,-0.025000000000000022
2024-04-01,37050,38350,37050,37650,138536,0.0161943319838056
2024-04-02,37700,37750,36850,37350,90875,-0.007968127490039834
2024-04-03,37300,37700,36750,37300,87914,-0.0013386880856760541
2024-04-04,37700,37700,36950,37050,63167,-0.006702412868632712
2024-04-05,36800,36950,36500,36750,81914,-0.0080971659919028
2024-04-08,36700,36700,35600,35900,132999,-0.023129251700680253
2024-04-09,35900,36200,35600,35600,63248,-0.00835654596100277
2024-04-11,35300,35500,35000,35450,85495,-0.004213483146067398
2024-04-12,35950,36000,35100,35150,96213,-0.008462623413258097
2024-04-15,35150,36150,34700,35950,115226,0.022759601706970223
2024-04-16,35600,35900,34350,34550,93411,-0.03894297635605004
2024-04-17,34600,35200,34500,34550,83331,0.0
2024-04-18,34400,36700,34400,36500,171113,0.05643994211287984
2024-04-19,36150,37200,35600,37050,175083,0.015068493150685036
2024-04-22,37300,38300,37250,37800,236871,0.020242914979757165
2024-04-23,37800,40300,37200,40200,507380,0.06349206349206349
2024-04-24,40200,40500,38900,38900,264687,-0.03233830845771146
2024-04-25,38850,39100,38000,38200,90634,-0.01799485861182515
2024-04-26,38400,39650,38250,39050,125207,0.022251308900523625
2024-04-29,38800,39400,38500,39250,125137,0.005121638924455718
2024-04-30,39250,39800,38250,38750,151208,-0.01273885350318471
2024-05-02,39400,40250,39100,39150,250970,0.010322580645161228
2024-05-03,39600,39650,37700,38050,222805,-0.028097062579821253
2024-05-07,38400,38900,37800,38000,137499,-0.0013140604467805073
2024-05-08,38000,38300,37650,37950,95145,-0.001315789473684159
2024-05-09,37900,38000,37300,37350,155140,-0.015810276679841917
2024-05-10,37400,38000,36800,37850,129177,0.01338688085676032
2024-05-13,38000,38650,37700,38250,122405,0.010568031704095038
2024-05-14,38150,38500,37700,37700,95904,-0.01437908496732021
2024-05-16,38000,38400,37550,37650,106448,-0.0013262599469495706
2024-05-17,38000,38400,37550,37650,124586,0.0
2024-05-20,37950,38800,37800,38600,171062,0.025232403718459473
2024-05-21,39000,39000,37950,38050,140742,-0.014248704663212486
2024-05-22,38050,39200,37800,37900,228198,-0.003942181340341633
2024-05-23,37650,37900,36050,36050,297476,-0.04881266490765168
2024-05-24,35800,36400,35600,35950,140442,-0.00277392510402219
2024-05-27,35750,36500,35600,36450,129546,0.013908205841446364
2024-05-28,36000,36550,36000,36150,140215,-0.008230452674897082
2024-05-29,36200,37750,36000,37250,235777,0.030428769017980528
2024-05-30,36800,38600,36500,38300,205626,0.028187919463087185
2024-05-31,38400,38900,38050,38650,175862,0.009138381201044377
2024-06-03,38650,39350,38000,38100,183168,-0.014230271668822736
2024-06-04,38400,38450,37650,37700,120118,-0.01049868766404205
2024-06-05,37750,38400,37400,37650,85054,-0.0013262599469495706
2024-06-07,37850,38100,37050,37300,105182,-0.009296148738379806
2024-06-10,37100,37100,36150,36250,106457,-0.02815013404825739
2024-06-11,36300,36600,35800,35900,89912,-0.0096551724137931
2024-06-12,35900,36100,35300,35700,129510,-0.005571030640668551
2024-06-13,35800,36500,35650,35650,166425,-0.0014005602240896309
2024-06-14,35950,36250,35600,35750,117660,0.0028050490883591017
2024-06-17,36100,42400,34550,38000,1793623,0.06293706293706292
2024-06-18,37500,37700,36050,36350,435532,-0.043421052631578916
2024-06-19,36350,36450,35350,35500,217738,-0.023383768913342484
2024-06-20,35650,36150,35500,35500,112169,0.0
2024-06-21,35600,35900,34800,34950,169881,-0.015492957746478853
2024-06-24,35650,36000,35100,35150,110842,0.005722460658083017
2024-06-25,35150,36450,35150,36450,145552,0.0369843527738265
2024-06-26,36450,37600,36100,37150,278921,0.019204389574760006
2024-06-27,37200,37550,36600,37500,117486,0.009421265141319024
2024-06-28,37350,37950,36700,37500,199016,0.0
2024-07-01,37500,38850,37400,38500,226391,0.026666666666666616
2024-07-02,38500,38550,37050,37700,146083,-0.020779220779220786
2024-07-03,37350,37500,36100,36300,152222,-0.037135278514588865
2024-07-04,36550,36750,35950,36000,86003,-0.008264462809917328
2024-07-05,35650,36900,35650,36150,170992,0.004166666666666652
2024-07-08,36500,36950,35850,36300,127022,0.004149377593360981
2024-07-09,37000,40650,37000,40150,1382841,0.10606060606060597
2024-07-10,40200,42250,39500,41500,764288,0.033623910336239016
2024-07-11,41400,41500,40550,40800,255468,-0.016867469879518038
2024-07-12,41150,41900,40800,41050,282243,0.006127450980392135
2024-07-15,41250,42000,40350,40750,160911,-0.0073081607795371095
2024-07-16,40800,41250,39950,40500,149172,-0.006134969325153339
2024-07-17,40600,41950,40400,41000,222808,0.012345679012345734
2024-07-18,40950,42350,40850,41250,274459,0.0060975609756097615
2024-07-19,41100,41350,40450,40450,105503,-0.019393939393939408
2024-07-22,41050,41450,40150,41250,179604,0.01977750309023496
2024-07-23,41750,42850,40650,40650,367449,-0.014545454545454528
2024-07-24,40450,41600,40400,41600,121814,0.02337023370233693
2024-07-25,41200,41750,40750,40850,144226,-0.018028846153846145
2024-07-26,41100,41750,40500,40950,139309,0.00244798041615657
2024-07-29,41300,41750,40300,40300,192385,-0.015873015873015928
2024-07-30,40300,41150,39800,40950,186857,0.016129032258064502
2024-07-31,40750,41400,39400,39700,268495,-0.030525030525030528
2024-08-01,39750,40400,39700,40100,110665,0.010075566750629816
2024-08-02,39500,39650,38500,38800,171063,-0.032418952618453845
2024-08-05,38550,38600,34450,35500,338583,-0.08505154639175261
2024-08-06,35950,38100,35600,37600,208135,0.05915492957746471
2024-08-07,37100,40500,37100,40000,257316,0.06382978723404253
2024-08-08,39950,41650,39650,41350,257721,0.03374999999999995
2024-08-09,41300,41600,40850,41450,154128,0.002418379685610539
2024-08-12,41500,41900,40950,41350,116760,-0.0024125452352231624
2024-08-13,41300,41400,40400,41300,120271,-0.0012091898428052694
2024-08-14,41750,41800,40450,40950,131216,-0.008474576271186418
2024-08-16,41650,43350,41300,42000,572975,0.02564102564102555
2024-08-19,42600,44000,41800,43550,550108,0.036904761904761996
2024-08-20,42700,43550,41350,41650,309957,-0.04362801377726755
2024-08-21,41450,42450,40500,41250,191116,-0.009603841536614643
2024-08-22,41750,41800,40450,40800,121143,-0.010909090909090868
2024-08-23,40750,41350,40450,40550,152962,-0.006127450980392135
2024-08-26,40900,41050,39250,39900,243607,-0.01602959309494456
2024-08-27,40300,41050,40150,40600,173010,0.01754385964912286
2024-08-28,40850,45550,40800,44100,1378498,0.0862068965517242
2024-08-29,45150,46000,44250,44700,1134042,0.013605442176870763
2024-08-30,45650,48700,45100,48000,1533183,0.0738255033557047
2024-09-02,48600,48700,46000,46850,672992,-0.023958333333333304
2024-09-03,46650,49200,46500,48000,901489,0.0245464247598719
2024-09-04,45750,47450,45650,46150,534307,-0.038541666666666696
2024-09-05,46350,46550,43700,44650,564060,-0.03250270855904658
2024-09-06,44000,45200,43250,44550,384735,-0.002239641657334812
2024-09-09,44100,46400,44000,46050,352748,0.03367003367003374
2024-09-10,46300,47050,45250,45350,271543,-0.015200868621064068
2024-09-11,45500,45700,43750,44200,273062,-0.02535832414553474
2024-09-12,44300,45400,43950,45000,259659,0.018099547511312153
2024-09-13,45250,48300,45250,47950,614528,0.06555555555555559
2024-09-19,49250,50400,47650,47850,720988,-0.002085505735140769
2024-09-20,48100,48750,47400,48400,460372,0.011494252873563315
2024-09-23,49950,51400,48600,48900,501037,0.010330578512396604
2024-09-24,48700,51000,47050,50500,531883,0.0327198364008181
2024-09-25,49950,50300,48250,48250,362232,-0.044554455445544594
2024-09-26,48300,49800,48150,49450,235038,0.024870466321243567
2024-09-27,49600,49700,48400,48650,185886,-0.016177957532861442
2024-09-30,48950,49350,47900,48850,229302,0.004110996916752319
2024-10-02,49050,50700,48750,48800,356487,-0.0010235414534288667
2024-10-04,49100,51000,49100,50500,319839,0.0348360655737705
