Date,Open,High,Low,Close,Volume,Change
2022-01-03,10150,10350,10150,10200,21676,0.0049261083743843415
2022-01-04,10250,10250,10100,10250,21061,0.004901960784313708
2022-01-05,10250,10250,10000,10150,35586,-0.009756097560975618
2022-01-06,10000,10100,9960,10100,41162,-0.0049261083743842304
2022-01-07,10000,10100,9990,10000,35955,-0.00990099009900991
2022-01-10,9980,10100,9900,10050,35243,0.004999999999999893
2022-01-11,10000,10050,9870,10000,34420,-0.00497512437810943
2022-01-12,10000,10050,9970,10000,48108,0.0
2022-01-13,10050,10450,10050,10250,134421,0.02499999999999991
2022-01-14,10250,10300,10050,10200,53014,-0.004878048780487809
2022-01-17,10150,10200,9780,9780,72419,-0.04117647058823526
2022-01-18,9780,9950,9630,9750,32556,-0.0030674846625766694
2022-01-19,9650,9750,9540,9680,17241,-0.007179487179487132
2022-01-20,9660,9800,9590,9800,14529,0.012396694214876103
2022-01-21,9800,9820,9450,9590,42855,-0.021428571428571463
2022-01-24,9530,9540,9210,9410,29478,-0.018769551616266922
2022-01-25,9370,9380,8950,9020,40602,-0.0414452709883103
2022-01-26,8980,9160,8960,9040,19778,0.0022172949002217113
2022-01-27,9050,9150,8500,8840,38898,-0.02212389380530977
2022-01-28,8840,9350,8550,8880,37495,0.004524886877828038
2022-02-03,9000,9340,8900,9210,58304,0.03716216216216206
2022-02-04,9210,9450,9020,9370,45333,0.017372421281216077
2022-02-07,9390,9460,9160,9420,17876,0.005336179295624355
2022-02-08,9420,9700,9340,9470,37952,0.005307855626327074
2022-02-09,9480,9800,9390,9700,47446,0.02428722280887019
2022-02-10,9760,9790,9550,9720,34685,0.0020618556701030855
2022-02-11,9540,9690,9510,9620,25411,-0.010288065843621408
2022-02-14,9360,9500,9190,9380,31073,-0.02494802494802495
2022-02-15,9230,9330,8940,9060,38417,-0.034115138592750505
2022-02-16,9110,9380,9110,9330,29836,0.0298013245033113
2022-02-17,9560,9620,9270,9590,58642,0.02786709539121124
2022-02-18,9500,9880,9500,9830,67757,0.02502606882168923
2022-02-21,9750,9830,9610,9810,30018,-0.0020345879959308144
2022-02-22,9800,10150,9570,9760,156029,-0.0050968399592252744
2022-02-23,9730,9960,9690,9840,62125,0.008196721311475308
2022-02-24,9830,9830,9300,9360,74699,-0.04878048780487809
2022-02-25,9410,9700,9400,9580,51523,0.02350427350427342
2022-02-28,9620,10400,9600,10350,208262,0.08037578288100211
2022-03-02,10550,10550,10200,10400,225105,0.004830917874396157
2022-03-03,10800,11000,10550,10750,467286,0.033653846153846256
2022-03-04,10800,10950,10350,10900,182165,0.013953488372093092
2022-03-07,10700,10700,10100,10150,183416,-0.06880733944954132
2022-03-08,9930,10100,9740,9780,184640,-0.03645320197044333
2022-03-10,9970,10050,9880,9960,49782,0.018404907975460016
2022-03-11,10000,10150,9990,10100,59401,0.014056224899598346
2022-03-14,10100,10200,9850,10000,98671,-0.00990099009900991
2022-03-15,9900,10600,9900,10500,164366,0.050000000000000044
2022-03-16,10650,10650,10250,10450,196932,-0.004761904761904745
2022-03-17,10550,10550,10250,10400,104377,-0.004784688995215336
2022-03-18,10400,10650,10200,10650,150857,0.024038461538461453
2022-03-21,10600,10850,10450,10850,388979,0.018779342723004744
2022-03-22,10850,10850,10600,10800,122255,-0.004608294930875556
2022-03-23,10750,10800,10450,10650,120815,-0.01388888888888884
2022-03-24,10650,10800,10450,10750,80462,0.009389671361502261
2022-03-25,10800,11000,10650,10900,181297,0.013953488372093092
2022-03-28,10950,11700,10950,11600,474963,0.06422018348623859
2022-03-29,11600,11800,11350,11700,298248,0.008620689655172376
2022-03-30,11750,11950,11450,11600,194370,-0.008547008547008517
2022-03-31,11700,12200,11550,12150,340561,0.047413793103448176
2022-04-01,12150,12550,11650,11850,602909,-0.024691358024691357
2022-04-04,11800,11900,11550,11650,220350,-0.016877637130801704
2022-04-05,11600,11950,11500,11850,136652,0.01716738197424883
2022-04-06,11850,12150,11750,11950,227363,0.00843881856540074
2022-04-07,11750,11850,11350,11500,150421,-0.03765690376569042
2022-04-08,11400,11600,11150,11400,100722,-0.008695652173912993
2022-04-11,11400,11550,11200,11350,70526,-0.004385964912280715
2022-04-12,11350,11600,11250,11600,129437,0.022026431718061623
2022-04-13,11600,11700,11300,11700,122893,0.008620689655172376
2022-04-14,11700,11850,11400,11650,85883,-0.004273504273504258
2022-04-15,11650,11750,11450,11600,68600,-0.0042918454935622075
2022-04-18,11600,12100,11550,12000,246805,0.034482758620689724
2022-04-19,12000,12100,11600,11850,131168,-0.012499999999999956
2022-04-20,11900,11900,11650,11850,81246,0.0
2022-04-21,12000,12000,11650,11750,67620,-0.008438818565400852
2022-04-22,11650,11800,11300,11650,109910,-0.008510638297872353
2022-04-25,11450,11500,11050,11150,179569,-0.0429184549356223
2022-04-26,11250,11500,11050,11250,108469,0.008968609865470878
2022-04-27,11000,11250,10700,11250,71629,0.0
2022-04-28,11250,11250,11000,11100,28346,-0.013333333333333308
2022-04-29,11100,11200,10800,10900,82043,-0.018018018018018056
2022-05-02,10850,10850,10500,10700,86404,-0.01834862385321101
2022-05-03,10700,10800,10450,10500,79478,-0.01869158878504673
2022-05-04,10500,10600,10250,10400,86678,-0.00952380952380949
2022-05-06,10200,10350,10000,10350,110083,-0.004807692307692291
2022-05-09,10150,10350,9910,10100,101841,-0.024154589371980673
2022-05-10,10000,10550,9600,10350,110571,0.024752475247524774
2022-05-11,10400,10600,10000,10350,95040,0.0
2022-05-12,10250,10450,9930,10050,170775,-0.02898550724637683
2022-05-13,10000,10150,9970,10050,64173,0.0
2022-05-16,10100,10650,10050,10400,83183,0.03482587064676612
2022-05-17,10400,10700,10300,10400,65843,0.0
2022-05-18,10450,10500,10200,10350,54269,-0.004807692307692291
2022-05-19,10150,10150,9610,9750,161456,-0.05797101449275366
2022-05-20,9750,9930,9750,9930,56876,0.01846153846153853
2022-05-23,9940,9940,9840,9890,45759,-0.004028197381671705
2022-05-24,9830,9880,9340,9390,131550,-0.05055611729019216
2022-05-25,9380,9420,9100,9230,190793,-0.017039403620873306
2022-05-26,9230,9350,9120,9330,112254,0.010834236186348933
2022-05-27,9410,9610,9360,9540,80372,0.022508038585209
2022-05-30,9560,9610,9300,9430,96639,-0.011530398322851187
2022-05-31,9430,9480,9340,9480,49881,0.005302226935312904
2022-06-02,9470,9700,9440,9610,50629,0.01371308016877637
2022-06-03,9610,10400,9610,10000,324854,0.04058272632674287
2022-06-07,10000,10050,9660,9840,100991,-0.016000000000000014
2022-06-08,9820,9850,9650,9840,55661,0.0
2022-06-09,9750,9780,9620,9740,41630,-0.010162601626016232
2022-06-10,9680,9780,9540,9680,29081,-0.006160164271047264
2022-06-13,9430,9570,9000,9020,48348,-0.06818181818181823
2022-06-14,8810,9110,8700,9020,56023,0.0
2022-06-15,8920,9150,8650,9000,87711,-0.0022172949002217113
2022-06-16,9040,9230,8770,8920,57386,-0.008888888888888835
2022-06-17,8750,9000,8520,8910,40914,-0.0011210762331838042
2022-06-20,8810,8930,8220,8260,81779,-0.07295173961840629
2022-06-21,8300,8570,8170,8260,61473,0.0
2022-06-22,8300,8340,7770,7800,66458,-0.05569007263922521
2022-06-23,7810,7900,7430,7500,44394,-0.038461538461538436
2022-06-24,7500,8090,7500,8040,46673,0.07200000000000006
2022-06-27,8150,8580,8080,8410,43761,0.04601990049751237
2022-06-28,8450,8570,7850,8400,24780,-0.0011890606420927874
2022-06-29,8350,8460,8230,8380,11085,-0.0023809523809523725
2022-06-30,8240,8410,8100,8340,32636,-0.004773269689737458
2022-07-01,8240,8380,8010,8240,37055,-0.011990407673860948
2022-07-04,8210,8230,7800,8050,55706,-0.02305825242718451
2022-07-05,8010,8220,8010,8170,17147,0.014906832298136719
2022-07-06,8230,8250,7990,8110,17577,-0.007343941248470043
2022-07-07,8100,8210,8020,8140,37976,0.0036991368680641123
2022-07-08,8200,8400,8180,8290,29880,0.01842751842751844
2022-07-11,8380,8380,8140,8340,16822,0.006031363088057962
2022-07-12,8300,8350,8070,8200,18602,-0.016786570743405282
2022-07-13,8140,8370,8130,8300,25101,0.012195121951219523
2022-07-14,8320,8330,8170,8170,24471,-0.015662650602409678
2022-07-15,8180,8320,8060,8310,21838,0.017135862913096656
2022-07-18,8330,8440,8260,8440,37319,0.01564380264741283
2022-07-19,8440,8770,8340,8770,35029,0.0390995260663507
2022-07-20,8790,8870,8650,8870,45261,0.011402508551881407
2022-07-21,8800,8940,8800,8890,48361,0.0022547914317925244
2022-07-22,8900,9000,8720,8800,55281,-0.010123734533183382
2022-07-25,8790,8840,8700,8710,27796,-0.010227272727272751
2022-07-26,8660,8800,8620,8750,27060,0.004592422502870175
2022-07-27,8730,8750,8550,8660,33167,-0.010285714285714231
2022-07-28,8670,8880,8600,8870,29820,0.024249422632794504
2022-07-29,8880,9100,8820,9050,31712,0.02029312288613294
2022-08-01,9080,9350,8810,9040,67201,-0.0011049723756906271
2022-08-02,9070,9190,8700,8840,47760,-0.02212389380530977
2022-08-03,8830,8910,8660,8770,32668,-0.007918552036199067
2022-08-04,8780,8810,8670,8750,18883,-0.0022805017103763037
2022-08-05,8690,9110,8690,9050,43881,0.03428571428571425
2022-08-08,9000,9070,8900,9020,17300,-0.0033149171270717703
2022-08-09,8870,9130,8860,9020,20514,0.0
2022-08-10,8990,9070,8900,9000,19332,-0.0022172949002217113
2022-08-11,9010,9140,9000,9120,28544,0.01333333333333342
2022-08-12,9100,9270,9010,9270,22315,0.016447368421052655
2022-08-16,9240,9340,9070,9200,45766,-0.007551240560949246
2022-08-17,9190,9550,9160,9340,115972,0.01521739130434785
2022-08-18,9320,9320,9000,9320,43231,-0.0021413276231263545
2022-08-19,9200,9200,8960,8960,52675,-0.03862660944206009
2022-08-22,8930,9040,8610,8630,34357,-0.036830357142857095
2022-08-23,8510,8630,8300,8300,36032,-0.03823870220162229
2022-08-24,8280,8460,8210,8370,41376,0.008433734939758963
2022-08-25,8400,8730,8370,8730,44061,0.043010752688172005
2022-08-26,8890,8920,8530,8650,56680,-0.009163802978235935
2022-08-29,8550,8550,8260,8360,23830,-0.03352601156069368
2022-08-30,8310,8600,8310,8570,27238,0.02511961722488043
2022-08-31,8500,8790,8410,8650,35435,0.009334889148191472
2022-09-01,8590,8650,8150,8300,44614,-0.040462427745664775
2022-09-02,8380,8560,8360,8520,22662,0.026506024096385472
2022-09-05,8480,8600,8420,8530,21568,0.0011737089201877549
2022-09-06,8520,8680,8480,8530,16776,0.0
2022-09-07,8700,8700,8270,8390,30589,-0.016412661195779554
2022-09-08,8400,8550,8360,8490,23909,0.011918951132300348
2022-09-13,8560,8690,8500,8560,22599,0.008244994110718551
2022-09-14,8360,8470,8210,8400,16624,-0.01869158878504673
2022-09-15,8400,8640,8300,8550,62760,0.017857142857142794
2022-09-16,8400,8610,8400,8590,31922,0.004678362573099504
2022-09-19,8550,8640,8360,8440,25444,-0.0174621653084982
2022-09-20,8360,8890,8360,8780,70867,0.04028436018957349
2022-09-21,8650,8840,8530,8700,17187,-0.009111617312072884
2022-09-22,8650,8660,8280,8390,55057,-0.03563218390804601
2022-09-23,8360,8420,8200,8200,33008,-0.022646007151370662
2022-09-26,8140,8400,7780,7830,46818,-0.045121951219512235
2022-09-27,7610,7830,7540,7770,73073,-0.007662835249042099
2022-09-28,7750,7770,7370,7490,28637,-0.036036036036036
2022-09-29,7570,7750,7450,7450,24426,-0.005340453938584733
2022-09-30,7310,7320,7040,7200,73014,-0.03355704697986572
2022-10-04,7220,7340,7170,7300,22313,0.01388888888888884
2022-10-05,7340,7440,7240,7250,17651,-0.006849315068493178
2022-10-06,7300,7480,7260,7430,11035,0.024827586206896513
2022-10-07,7420,7600,7360,7400,16568,-0.004037685060565233
2022-10-11,7390,7390,7040,7050,27390,-0.04729729729729726
2022-10-12,6970,7050,6880,7030,36762,-0.0028368794326241176
2022-10-13,6950,6970,6630,6660,26016,-0.052631578947368474
2022-10-14,6760,6970,6740,6950,47489,0.04354354354354362
2022-10-17,6890,6970,6730,6960,26148,0.0014388489208632116
2022-10-18,7030,7170,6960,7110,33168,0.02155172413793105
2022-10-19,7120,7220,6980,7080,23555,-0.00421940928270037
2022-10-20,7070,7070,6840,6940,21468,-0.019774011299435013
2022-10-21,6810,6850,6610,6630,54734,-0.04466858789625361
2022-10-24,6690,6820,6690,6700,20805,0.010558069381598756
2022-10-25,6700,6850,6620,6730,28629,0.004477611940298498
2022-10-26,6760,6860,6640,6720,28821,-0.0014858841010401136
2022-10-27,6760,6950,6660,6930,27399,0.03125
2022-10-28,6930,7060,6800,6850,32225,-0.011544011544011523
2022-10-31,7040,7260,6890,7250,56413,0.058394160583941535
2022-11-01,7300,7530,7150,7520,43529,0.03724137931034477
2022-11-02,7580,7590,7010,7060,112340,-0.061170212765957466
2022-11-03,6980,7070,6880,7050,32258,-0.0014164305949008194
2022-11-04,7000,7180,6820,7040,56027,-0.0014184397163120588
2022-11-07,7100,7250,7020,7210,56538,0.024147727272727293
2022-11-08,7330,7370,7200,7290,48377,0.01109570041608876
2022-11-09,7320,7440,7240,7370,42694,0.010973936899862924
2022-11-10,7290,7450,7250,7440,42067,0.009497964721845387
2022-11-11,7650,7800,7520,7720,81899,0.037634408602150504
2022-11-14,7730,8740,7730,8430,315956,0.09196891191709855
2022-11-15,8580,8580,8020,8210,208860,-0.0260972716488731
2022-11-16,8290,8590,8210,8440,325780,0.028014616321559105
2022-11-17,8420,8500,8380,8470,135295,0.0035545023696681444
2022-11-18,8450,8450,8080,8080,122143,-0.046044864226682414
2022-11-21,8100,8140,7780,7900,60580,-0.022277227722772297
2022-11-22,7810,8000,7720,7860,81054,-0.005063291139240533
2022-11-23,7910,7950,7740,7870,83258,0.0012722646310432406
2022-11-24,7890,8080,7830,8060,68856,0.02414231257941557
2022-11-25,8060,8060,7770,7860,84452,-0.02481389578163773
2022-11-28,7880,7940,7770,7940,78629,0.010178117048346147
2022-11-29,7830,8080,7780,8050,72788,0.01385390428211597
2022-11-30,8020,9300,8010,8250,3303214,0.024844720496894457
2022-12-01,8330,8360,8220,8270,198095,0.00242424242424244
2022-12-02,8300,8490,8230,8250,162780,-0.00241837968561065
2022-12-05,8340,8680,8200,8550,284419,0.036363636363636376
2022-12-06,8460,8470,8160,8220,178301,-0.038596491228070184
2022-12-07,8130,8280,8020,8230,92096,0.0012165450121655041
2022-12-08,8190,8530,8150,8360,93704,0.015795868772782606
2022-12-09,8390,8480,8250,8400,56760,0.004784688995215225
2022-12-12,8400,8440,8200,8220,81548,-0.021428571428571463
2022-12-13,8240,8450,8150,8210,70102,-0.0012165450121655041
2022-12-14,8160,8470,8160,8350,141078,0.01705237515225333
2022-12-15,8700,8890,8340,8520,325524,0.020359281437125842
2022-12-16,8410,8560,8290,8430,92031,-0.010563380281690127
2022-12-19,8430,8480,8310,8400,49560,-0.003558718861209953
2022-12-20,8440,8440,8120,8290,96534,-0.013095238095238049
2022-12-21,8290,8480,8190,8420,40552,0.01568154402895061
2022-12-22,8660,8850,8510,8730,163556,0.03681710213776723
2022-12-23,8700,8700,8490,8590,48670,-0.016036655211912998
2022-12-26,8550,8550,8380,8380,40599,-0.024447031431897526
2022-12-27,8380,8620,8330,8600,56582,0.026252983293556076
2022-12-28,8580,8580,8360,8490,37185,-0.01279069767441865
2022-12-29,8480,8480,8010,8110,57958,-0.044758539458186086
2023-01-02,8110,8170,7700,7700,48984,-0.05055487053020957
2023-01-03,7700,7840,7480,7560,39946,-0.018181818181818188
2023-01-04,7430,7720,7430,7680,35353,0.015873015873015817
2023-01-05,7720,7800,7690,7800,23797,0.015625
2023-01-06,7800,7980,7790,7960,12957,0.02051282051282044
2023-01-09,7970,8190,7970,8190,16814,0.028894472361808976
2023-01-10,8180,8350,7960,8260,34552,0.008547008547008517
2023-01-11,8260,8360,8200,8240,15303,-0.002421307506053294
2023-01-12,8250,8350,8060,8060,33871,-0.021844660194174748
2023-01-13,8080,8210,8060,8170,20172,0.013647642679900818
2023-01-16,8180,8250,8100,8170,21889,0.0
2023-01-17,8170,8200,7980,8150,26909,-0.002447980416156681
2023-01-18,8110,8150,8020,8080,18118,-0.008588957055214674
2023-01-19,8080,8080,7990,8020,19335,-0.007425742574257432
2023-01-20,8030,8160,7990,8160,18963,0.0174563591022443
2023-01-25,8240,8310,8180,8220,36106,0.007352941176470562
2023-01-26,8240,8330,8140,8160,37462,-0.007299270072992692
2023-01-27,8140,8410,8140,8380,66055,0.026960784313725394
2023-01-30,8380,8450,8210,8370,62353,-0.0011933174224343368
2023-01-31,8350,8430,8250,8300,40682,-0.008363201911589013
2023-02-01,8320,8390,8250,8300,37644,0.0
2023-02-02,8330,8430,8320,8330,36372,0.0036144578313253017
2023-02-03,8330,8410,8200,8260,35207,-0.008403361344537785
2023-02-06,8260,8270,8040,8140,29627,-0.014527845036319653
2023-02-07,8090,8200,8080,8100,23966,-0.004914004914004955
2023-02-08,8170,8240,8140,8230,18177,0.016049382716049276
2023-02-09,8230,8270,8110,8200,24793,-0.0036452004860266785
2023-02-10,8180,8200,8040,8150,31877,-0.0060975609756097615
2023-02-13,8100,8280,8080,8100,32693,-0.006134969325153339
2023-02-14,8110,8280,8110,8240,49088,0.01728395061728394
2023-02-15,8250,8280,8110,8160,39728,-0.009708737864077666
2023-02-16,8150,8330,8140,8280,95968,0.014705882352941124
2023-02-17,8280,8440,8260,8400,64442,0.01449275362318847
2023-02-20,8440,8560,8310,8520,67971,0.014285714285714235
2023-02-21,8520,8570,8380,8420,34865,-0.011737089201877882
2023-02-22,8390,8390,8190,8240,48310,-0.02137767220902609
2023-02-23,8230,8380,8200,8370,39576,0.01577669902912615
2023-02-24,8450,8450,8180,8300,36050,-0.008363201911589013
2023-02-27,8210,8210,8010,8120,57246,-0.02168674698795181
2023-02-28,8100,8430,8100,8390,60092,0.03325123152709364
2023-03-02,8440,8700,8370,8680,172353,0.03456495828367112
2023-03-03,8730,8730,8250,8590,118158,-0.010368663594470084
2023-03-06,8590,8810,8580,8670,144918,0.0093131548311991
2023-03-07,8730,8820,8560,8650,65194,-0.0023068050749711633
2023-03-08,8500,8640,8470,8520,35457,-0.015028901734104094
2023-03-09,8520,8620,8440,8550,45180,0.0035211267605634866
2023-03-10,8460,8540,8260,8400,28911,-0.01754385964912286
2023-03-13,8220,8270,7990,8220,53457,-0.021428571428571463
2023-03-14,8160,8160,7750,7770,71061,-0.054744525547445244
2023-03-15,7820,7930,7820,7830,19667,0.007722007722007707
2023-03-16,7820,7820,7620,7720,26206,-0.01404853128991057
2023-03-17,7780,7880,7660,7840,32725,0.015544041450777257
2023-03-20,7840,7940,7760,7940,19051,0.012755102040816313
2023-03-21,8000,8050,7840,7920,24025,-0.0025188916876573986
2023-03-22,8000,8020,7640,7750,82035,-0.02146464646464652
2023-03-23,7690,7750,7580,7620,57145,-0.01677419354838705
2023-03-24,7630,7770,7580,7770,17964,0.019685039370078705
2023-03-27,7770,7840,7620,7780,26721,0.0012870012870012104
2023-03-28,7780,7900,7770,7860,42611,0.010282776349614497
2023-03-29,7900,7970,7840,7940,36304,0.010178117048346147
2023-03-30,8050,8180,7980,8100,90926,0.02015113350125941
2023-03-31,8070,8080,7850,7950,69146,-0.01851851851851849
2023-04-03,7940,7940,7690,7710,142501,-0.030188679245283012
2023-04-04,7710,7980,7710,7900,65988,0.024643320363164634
2023-04-05,7900,7900,7820,7860,25630,-0.005063291139240533
2023-04-06,7790,7860,7690,7710,40597,-0.01908396946564883
2023-04-07,7750,7750,7650,7720,19859,0.0012970168612191912
2023-04-10,7670,7730,7580,7640,62207,-0.010362694300518172
2023-04-11,7610,7780,7600,7760,46498,0.015706806282722585
2023-04-12,7730,8030,7720,8020,63359,0.03350515463917536
2023-04-13,7930,8020,7840,8000,44432,-0.0024937655860348684
2023-04-14,8000,8130,7890,8050,108494,0.006250000000000089
2023-04-17,7980,8040,7850,8030,62018,-0.00248447204968949
2023-04-18,8090,8090,7820,7990,43190,-0.00498132004981322
2023-04-19,7990,8040,7870,8000,46103,0.0012515644555695093
2023-04-20,7980,8050,7850,7910,108104,-0.011249999999999982
2023-04-21,7830,7840,7670,7820,141874,-0.011378002528445008
2023-04-24,7720,7780,7580,7600,84487,-0.02813299232736577
2023-04-25,7610,7650,7500,7600,73470,0.0
2023-04-26,7520,7640,7490,7630,143892,0.003947368421052699
2023-04-27,7620,7630,7500,7570,58199,-0.007863695937090465
2023-04-28,7570,7680,7520,7660,116182,0.011889035667107084
2023-05-02,7640,7740,7590,7650,40374,-0.0013054830287205776
2023-05-03,7650,7700,7590,7610,25761,-0.005228758169934622
2023-05-04,7570,7650,7550,7650,62562,0.005256241787122251
2023-05-08,7690,7940,7650,7800,91679,0.019607843137254832
2023-05-09,7820,7890,7710,7780,17934,-0.002564102564102555
2023-05-10,7780,7830,7700,7750,20609,-0.003856041131105381
2023-05-11,7750,7830,7730,7750,35923,0.0
2023-05-12,7750,7770,7600,7630,26911,-0.015483870967741953
2023-05-15,7630,7740,7530,7740,55581,0.014416775884665833
2023-05-16,7740,7920,7710,7850,67140,0.01421188630490966
2023-05-17,7850,7920,7760,7850,43646,0.0
2023-05-18,7900,7990,7850,7950,64595,0.01273885350318471
2023-05-19,7950,7980,7800,7800,34837,-0.018867924528301883
2023-05-22,7780,7850,7780,7850,24506,0.0064102564102563875
2023-05-23,7820,7870,7750,7850,32705,0.0
2023-05-24,7840,7900,7750,7900,15596,0.006369426751592355
2023-05-25,7850,8000,7790,7890,29813,-0.0012658227848101333
2023-05-26,7890,7910,7760,7900,52279,0.0012674271229404788
2023-05-30,7900,7920,7700,7890,24076,-0.0012658227848101333
2023-05-31,7890,7890,7780,7800,12917,-0.011406844106463865
2023-06-01,7800,7910,7750,7900,17440,0.012820512820512775
2023-06-02,7970,7970,7800,7840,20145,-0.0075949367088608
2023-06-05,7890,7940,7850,7920,21451,0.010204081632652962
2023-06-07,7900,7980,7860,7930,20952,0.0012626262626262985
2023-06-08,7880,7890,7810,7870,22820,-0.007566204287515754
2023-06-09,7830,7900,7810,7840,39625,-0.003811944091486663
2023-06-12,7850,7850,7780,7820,12635,-0.0025510204081632404
2023-06-13,7820,7990,7770,7990,36214,0.021739130434782705
2023-06-14,7990,8370,7940,8280,157660,0.03629536921151444
2023-06-15,8170,8600,8170,8550,121135,0.032608695652173836
2023-06-16,8550,8600,8370,8530,60982,-0.002339181286549752
2023-06-19,8500,8500,8250,8280,40418,-0.029308323563892125
2023-06-20,8300,8370,8170,8350,22860,0.008454106280193274
2023-06-21,8320,8350,8210,8250,25453,-0.0119760479041916
2023-06-22,8230,8250,8070,8200,25983,-0.0060606060606061
2023-06-23,8170,8440,8110,8190,17715,-0.0012195121951219523
2023-06-26,8130,8250,8100,8200,28664,0.0012210012210012167
2023-06-27,8260,8680,8200,8520,205848,0.039024390243902474
2023-06-28,8750,8850,8620,8800,182118,0.032863849765258246
2023-06-29,8800,8800,8520,8720,144370,-0.009090909090909038
2023-06-30,8700,8850,8560,8730,137164,0.0011467889908256534
2023-07-03,8900,9060,8700,8890,168088,0.01832760595647187
2023-07-04,8760,8860,8640,8850,101240,-0.004499437570303688
2023-07-05,8860,8910,8710,8840,108434,-0.001129943502824804
2023-07-06,8800,8810,8600,8700,54127,-0.015837104072398245
2023-07-07,8620,8810,8500,8790,69663,0.010344827586206806
2023-07-10,8700,8840,8630,8790,50276,0.0
2023-07-11,8790,8860,8720,8830,72779,0.004550625711035261
2023-07-12,8830,8930,8750,8880,77623,0.005662514156285381
2023-07-13,8880,8910,8700,8740,57194,-0.015765765765765716
2023-07-14,8800,9100,8730,8950,140345,0.024027459954233388
2023-07-17,8890,8940,8640,8850,72021,-0.011173184357541888
2023-07-18,8850,8900,8660,8710,69107,-0.015819209039548032
2023-07-19,8710,8760,8570,8670,39228,-0.004592422502870286
2023-07-20,8670,8780,8530,8670,39737,0.0
2023-07-21,8600,8700,8230,8400,76761,-0.03114186851211076
2023-07-24,8400,8450,8040,8310,136950,-0.010714285714285676
2023-07-25,8270,8300,7890,8060,80509,-0.030084235860409092
2023-07-26,8000,8010,7510,7870,93627,-0.023573200992555776
2023-07-27,7800,8120,7790,7920,53379,0.006353240152477735
2023-07-28,7990,7990,7820,7890,30838,-0.0037878787878787845
2023-07-31,7950,7990,7800,7980,24616,0.011406844106463865
2023-08-01,7980,8190,7940,8130,21674,0.018796992481203034
2023-08-02,8130,8210,7750,7880,92908,-0.03075030750307506
2023-08-03,7780,8060,7600,8060,47686,0.02284263959390853
2023-08-04,8150,8390,8110,8340,86864,0.03473945409429291
2023-08-07,8340,8340,8050,8170,23961,-0.020383693045563533
2023-08-08,8100,8180,8060,8170,42971,0.0
2023-08-09,8140,8190,8080,8150,14736,-0.002447980416156681
2023-08-10,8150,8500,8090,8500,78889,0.042944785276073594
2023-08-11,8460,8510,8330,8410,79863,-0.010588235294117676
2023-08-14,8780,8890,8510,8650,150577,0.02853745541022601
2023-08-16,8750,8850,8360,8390,91065,-0.030057803468208077
2023-08-17,8390,8390,8050,8110,53378,-0.033373063170440975
2023-08-18,8110,8160,7970,8150,41817,0.004932182490752224
2023-08-21,8060,8250,8010,8220,33381,0.008588957055214674
2023-08-22,8220,8430,8130,8360,31375,0.017031630170316392
2023-08-23,8430,8430,8210,8290,31571,-0.00837320574162681
2023-08-24,8240,8450,8190,8450,57911,0.0193003618817853
2023-08-25,8450,8500,8330,8440,22775,-0.0011834319526626835
2023-08-28,8530,8530,8320,8320,20312,-0.014218009478673022
2023-08-29,8390,8490,8340,8470,43472,0.018028846153846256
2023-08-30,8550,8550,8370,8460,25161,-0.0011806375442738881
2023-08-31,8460,8520,8370,8470,27439,0.0011820330969267712
2023-09-01,8460,8530,8310,8390,17337,-0.009445100354191216
2023-09-04,8380,8450,8270,8360,27181,-0.0035756853396901045
2023-09-05,8360,8410,8290,8340,15064,-0.0023923444976076125
2023-09-06,8300,8390,8220,8230,15087,-0.013189448441247031
2023-09-07,8280,8420,8230,8230,19919,0.0
2023-09-08,8180,8590,8180,8300,54338,0.008505467800729027
2023-09-11,8300,8450,8300,8430,15800,0.015662650602409567
2023-09-12,8410,8480,8330,8400,21171,-0.003558718861209953
2023-09-13,8360,8410,8240,8300,23479,-0.011904761904761862
2023-09-14,8230,8310,8200,8300,10492,0.0
2023-09-15,8260,8380,8260,8340,5519,0.004819277108433662
2023-09-18,8340,8340,8200,8330,7616,-0.0011990407673860837
2023-09-19,8270,8290,8070,8200,10857,-0.015606242496998823
2023-09-20,8170,8250,8090,8170,9060,-0.003658536585365857
2023-09-21,8040,8160,7930,8010,19991,-0.019583843329253336
2023-09-22,7930,8010,7820,7990,16410,-0.0024968789013732895
2023-09-25,7850,7990,7850,7920,6314,-0.008760951188986232
2023-09-26,7800,7980,7770,7920,22310,0.0
2023-09-27,7920,8070,7860,8070,10357,0.018939393939394034
2023-10-04,8070,8150,7960,8070,84758,0.0
2023-10-05,8120,8280,7970,8240,76567,0.02106567534076831
2023-10-06,8230,8250,8130,8240,33363,0.0
2023-10-10,8160,8300,8160,8300,51253,0.00728155339805836
2023-10-11,8330,8620,8230,8560,37020,0.031325301204819356
2023-10-12,8660,8660,8410,8510,29347,-0.005841121495327117
2023-10-13,8510,8610,8440,8520,24897,0.001175088131609936
2023-10-16,8500,8580,8280,8380,46059,-0.016431924882629123
2023-10-17,8370,8470,8330,8400,17508,0.0023866348448686736
2023-10-18,8440,8480,8290,8350,20394,-0.005952380952380931
2023-10-19,8220,8330,8000,8100,34566,-0.029940119760479056
2023-10-20,8100,8100,7870,8040,43300,-0.007407407407407418
2023-10-23,7820,8060,7810,8010,38303,-0.003731343283582045
2023-10-24,7920,8250,7810,8170,42975,0.019975031210986316
2023-10-25,8170,8250,8020,8220,47260,0.006119951040391758
2023-10-26,8170,8200,7930,7950,22478,-0.03284671532846717
2023-10-27,7960,8180,7870,8100,21348,0.018867924528301883
2023-10-30,8000,8180,8000,8140,15890,0.004938271604938205
2023-10-31,8150,8340,8130,8190,46120,0.006142506142506221
2023-11-01,8230,8370,8210,8240,21945,0.006105006105006083
2023-11-02,8240,8380,8210,8270,24483,0.00364077669902918
2023-11-03,8300,8310,8220,8250,31369,-0.00241837968561065
2023-11-06,8300,8340,8140,8240,101554,-0.00121212121212122
2023-11-07,8240,8280,8180,8250,14518,0.0012135922330096527
2023-11-08,8260,8340,8260,8340,25252,0.01090909090909098
2023-11-09,8390,8440,8340,8430,34616,0.010791366906474753
2023-11-10,8390,8410,8300,8410,16497,-0.0023724792408066353
2023-11-13,8410,8470,8350,8440,22923,0.00356718192627814
2023-11-14,8330,8510,8020,8090,61944,-0.041469194312796165
2023-11-15,8190,8190,8050,8130,46601,0.0049443757725586845
2023-11-16,8130,8190,8090,8160,67268,0.0036900369003689537
2023-11-17,8150,8220,8100,8170,85923,0.001225490196078427
2023-11-20,8160,8200,8100,8170,26422,0.0
2023-11-21,8220,8220,8100,8190,20464,0.00244798041615657
2023-11-22,8190,8230,8120,8150,33302,-0.004884004884004867
2023-11-23,8150,8200,8030,8140,38635,-0.0012269938650306678
2023-11-24,8110,8280,8030,8090,16687,-0.00614250614250611
2023-11-27,8090,8120,7960,8010,38721,-0.00988875154511748
2023-11-28,8090,8090,7880,7910,53570,-0.012484394506866447
2023-11-29,7910,7960,7850,7950,33645,0.005056890012642201
2023-11-30,7950,7980,7840,7900,38787,-0.0062893081761006275
2023-12-01,7900,7930,7820,7910,45908,0.0012658227848101333
2023-12-04,7870,7940,7810,7940,36571,0.0037926675094817064
2023-12-05,7850,7920,7810,7820,27503,-0.015113350125944613
2023-12-06,7820,7900,7780,7850,28461,0.0038363171355497716
2023-12-07,7840,7890,7700,7810,45028,-0.005095541401273884
2023-12-08,7830,7830,7670,7820,77957,0.001280409731113874
2023-12-11,7820,7830,7680,7820,58061,0.0
2023-12-12,7850,7950,7810,7940,38709,0.01534526854219953
2023-12-13,7900,7940,7870,7900,25473,-0.005037783375314908
2023-12-14,7930,7940,7880,7910,27690,0.0012658227848101333
2023-12-15,7910,7940,7840,7940,13045,0.0037926675094817064
2023-12-18,7930,7960,7870,7950,29000,0.0012594458438286438
2023-12-19,7950,7950,7870,7930,14476,-0.002515723270440251
2023-12-20,7930,8130,7900,8100,78972,0.021437578814627933
2023-12-21,8020,8160,8000,8160,38499,0.007407407407407307
2023-12-22,8160,8160,8070,8130,18101,-0.003676470588235281
2023-12-26,8100,8140,8030,8100,20522,-0.0036900369003689537
2023-12-27,8080,8080,7840,7850,39017,-0.030864197530864224
2023-12-28,7880,7960,7820,7920,28019,0.008917197452229297
2024-01-02,7920,7950,7880,7930,35676,0.0012626262626262985
2024-01-03,7970,7970,7840,7920,31463,-0.0012610340479193294
2024-01-04,7970,7970,7730,7800,39475,-0.015151515151515138
2024-01-05,7790,7790,7660,7680,36481,-0.01538461538461533
2024-01-08,7680,7790,7680,7790,20670,0.01432291666666674
2024-01-09,7790,7800,7700,7720,29980,-0.00898587933247752
2024-01-10,7720,7740,7650,7720,39524,0.0
2024-01-11,7730,7730,7670,7720,13009,0.0
2024-01-12,7720,7780,7640,7740,20872,0.002590673575129543
2024-01-15,7680,7860,7670,7790,14117,0.006459948320413522
2024-01-16,7790,7810,7680,7800,21010,0.0012836970474967568
2024-01-17,7770,7770,7600,7600,36552,-0.02564102564102566
2024-01-18,7600,7660,7500,7560,40821,-0.0052631578947368585
2024-01-19,7560,7620,7530,7560,13602,0.0
2024-01-22,7590,7680,7450,7630,44468,0.0092592592592593
2024-01-23,7560,7700,7560,7690,9391,0.007863695937090354
2024-01-24,7660,7660,7560,7610,7739,-0.01040312093628093
2024-01-25,7540,7660,7460,7550,29680,-0.007884362680683266
2024-01-26,7550,7670,7510,7630,14547,0.01059602649006619
2024-01-29,7680,7680,7580,7580,25670,-0.006553079947575369
2024-01-30,7580,7700,7580,7660,6445,0.01055408970976246
2024-01-31,7660,7670,7290,7660,25060,0.0
2024-02-01,7650,7860,7510,7830,87623,0.022193211488250597
2024-02-02,7820,7850,7730,7790,73102,-0.005108556832694733
2024-02-05,7840,7860,7740,7790,32803,0.0
2024-02-06,7790,7830,7670,7800,12551,0.0012836970474967568
2024-02-07,7790,7800,7680,7690,14265,-0.014102564102564052
2024-02-08,7660,7740,7630,7740,19951,0.006501950585175553
2024-02-13,7690,7750,7680,7700,19893,-0.0051679586563307955
2024-02-14,7720,7740,7620,7740,11330,0.0051948051948051965
2024-02-15,7730,7740,7660,7700,23820,-0.0051679586563307955
2024-02-16,7730,7730,7640,7700,11592,0.0
2024-02-19,7730,7730,7670,7700,26201,0.0
2024-02-20,7700,7700,7620,7700,13654,0.0
2024-02-21,7700,7700,7540,7560,35238,-0.018181818181818188
2024-02-22,7590,7590,7480,7490,28146,-0.0092592592592593
2024-02-23,7530,7530,7430,7470,17417,-0.002670226969292422
2024-02-26,7500,7570,7360,7380,23373,-0.012048192771084376
2024-02-27,7390,7470,7280,7330,32140,-0.006775067750677488
2024-02-28,7350,7350,7280,7340,23507,0.0013642564802183177
2024-02-29,7310,7340,7270,7300,15287,-0.00544959128065392
2024-03-04,7320,7360,7290,7340,18351,0.005479452054794498
2024-03-05,7360,7360,7240,7280,18418,-0.008174386920980936
2024-03-06,7280,7280,7090,7100,47377,-0.02472527472527475
2024-03-07,7140,7140,6940,7030,48286,-0.009859154929577452
2024-03-08,7030,7140,7030,7100,19582,0.009957325746799528
2024-03-11,7110,7150,7070,7140,6250,0.005633802816901401
2024-03-12,7110,7190,7000,7010,21443,-0.018207282913165312
2024-03-13,7010,7150,6860,7080,101360,0.009985734664764712
2024-03-14,7090,7140,7010,7140,11324,0.008474576271186418
2024-03-15,7150,7150,7050,7100,13047,-0.0056022408963585235
2024-03-18,7040,7180,7020,7150,14822,0.007042253521126751
2024-03-19,7150,7190,7090,7160,9278,0.0013986013986013734
2024-03-20,7160,7180,7110,7150,6903,-0.0013966480446927498
2024-03-21,7130,7200,7130,7200,20510,0.006993006993007089
2024-03-22,7210,7280,7160,7270,11947,0.009722222222222188
2024-03-25,7270,7280,7010,7120,27031,-0.02063273727647863
2024-03-26,7120,7180,7100,7180,15644,0.008426966292134797
2024-03-27,7190,7250,7180,7240,13470,0.008356545961002881
2024-03-28,7240,7240,7110,7160,16571,-0.011049723756906049
2024-03-29,7160,7160,6980,7100,13735,-0.008379888268156388
2024-04-01,7100,7140,7010,7050,14029,-0.007042253521126751
2024-04-02,7090,7090,6970,7010,27858,-0.005673758865248235
2024-04-03,7140,7140,6910,6970,20032,-0.005706134094151216
2024-04-04,7030,7030,6900,6950,18905,-0.0028694404591105283
2024-04-05,6940,6950,6860,6920,10306,-0.004316546762589968
2024-04-08,6920,6920,6800,6850,17725,-0.010115606936416222
2024-04-09,6930,6990,6850,6900,10333,0.007299270072992803
2024-04-11,6770,6930,6770,6920,13636,0.0028985507246377384
2024-04-12,6920,7490,6800,6950,208823,0.004335260115607031
2024-04-15,6990,7060,6940,7020,33236,0.010071942446043147
2024-04-16,6890,7090,6870,7090,38337,0.009971509971509862
2024-04-17,7140,7150,7030,7040,7793,-0.007052186177715081
2024-04-18,7050,7430,7040,7430,98582,0.05539772727272729
2024-04-19,7420,7470,7280,7430,30738,0.0
2024-04-22,7430,7450,7350,7410,15637,-0.0026917900403768957
2024-04-23,7360,7480,7360,7440,14673,0.004048582995951344
2024-04-24,7400,7490,7400,7480,15527,0.005376344086021501
2024-04-25,7400,7450,7330,7390,6092,-0.012032085561497374
2024-04-26,7420,7470,7330,7460,29076,0.009472259810554773
2024-04-29,7460,7490,7390,7460,9939,0.0
2024-04-30,7450,7450,7310,7310,22926,-0.020107238605898137
2024-05-02,7380,7380,7300,7330,18274,0.002735978112175186
2024-05-03,7360,7360,7250,7260,12432,-0.009549795361528002
2024-05-07,7290,7500,7290,7500,25391,0.03305785123966931
2024-05-08,7500,7550,7430,7540,24523,0.005333333333333412
2024-05-09,7530,7600,7430,7500,52588,-0.0053050397877983935
2024-05-10,7500,7590,7470,7590,29070,0.01200000000000001
2024-05-13,7600,7600,7510,7560,15351,-0.0039525691699604515
2024-05-14,7560,7640,7510,7640,26386,0.010582010582010692
2024-05-16,7640,7640,7520,7560,22816,-0.010471204188481686
2024-05-17,7450,7600,7370,7570,40581,0.001322751322751392
2024-05-20,7570,7570,7350,7510,19505,-0.00792602377807139
2024-05-21,7510,7890,7420,7730,148521,0.02929427430093212
2024-05-22,7680,7940,7670,7700,393436,-0.0038809831824062613
2024-05-23,7660,7740,7510,7540,40782,-0.020779220779220786
2024-05-24,7540,7560,7360,7370,43339,-0.022546419098143256
2024-05-27,7300,7470,7290,7390,30113,0.0027137042062415073
2024-05-28,7400,7440,7130,7370,37031,-0.0027063599458727605
2024-05-29,7260,7350,7240,7300,12678,-0.009497964721845276
2024-05-30,7300,7300,7140,7170,13523,-0.017808219178082174
2024-05-31,7170,7500,7170,7320,42585,0.02092050209205021
2024-06-03,7490,7490,7260,7310,15363,-0.001366120218579181
2024-06-04,7240,7420,7200,7210,18809,-0.013679890560875485
2024-06-05,7160,7250,7130,7200,12870,-0.001386962552011095
2024-06-07,7300,7300,7110,7180,15106,-0.002777777777777768
2024-06-10,7140,7170,7100,7130,13816,-0.0069637883008356605
2024-06-11,7200,7240,7070,7140,12987,0.0014025245441795509
2024-06-12,7140,7140,7030,7080,15823,-0.008403361344537785
2024-06-13,7080,7190,7060,7110,10047,0.004237288135593209
2024-06-14,7090,7190,7010,7080,13299,-0.00421940928270037
2024-06-17,7010,7110,6940,7020,11947,-0.008474576271186418
2024-06-18,7010,7090,6940,7030,13127,0.0014245014245013454
2024-06-19,7060,7090,6950,7000,8149,-0.004267425320056861
2024-06-20,7000,7030,6940,7000,14120,0.0
2024-06-21,7000,7050,6850,6960,15949,-0.005714285714285672
2024-06-24,6960,7100,6840,6920,6703,-0.005747126436781658
2024-06-25,6930,7000,6920,7000,20782,0.011560693641618602
2024-06-26,7000,7070,6940,6950,4709,-0.0071428571428571175
2024-06-27,6950,7040,6920,7040,15643,0.012949640287769792
2024-06-28,7100,7100,6930,7060,6407,0.0028409090909091717
2024-07-01,6970,7100,6930,6980,3606,-0.011331444759206777
2024-07-02,6940,7030,6940,7000,4252,0.002865329512893977
2024-07-03,6950,7080,6950,6970,4190,-0.004285714285714337
2024-07-04,6920,7000,6920,6970,3204,0.0
2024-07-05,7000,7000,6920,6960,10701,-0.0014347202295552641
2024-07-08,6900,7070,6900,7070,19261,0.015804597701149392
2024-07-09,7070,7070,6990,7050,6593,-0.0028288543140028155
2024-07-10,7030,7050,6960,7010,7460,-0.005673758865248235
2024-07-11,6980,7050,6950,7040,17736,0.004279600570613384
2024-07-12,6970,7230,6950,7230,16718,0.026988636363636465
2024-07-15,7230,7230,7080,7210,4061,-0.0027662517289073207
2024-07-16,7180,7220,7120,7220,5406,0.001386962552011095
2024-07-17,7170,7240,7170,7230,4711,0.0013850415512466352
2024-07-18,7240,7280,7100,7200,6159,-0.004149377593360981
2024-07-19,7180,7290,7130,7220,8155,0.002777777777777768
2024-07-22,7220,7220,7060,7170,14096,-0.006925207756232732
2024-07-23,7200,7230,7070,7140,9902,-0.004184100418409997
2024-07-24,7130,7320,7100,7320,19332,0.025210084033613356
2024-07-25,7300,7320,7170,7190,7654,-0.01775956284153002
2024-07-26,7190,7300,7190,7300,4861,0.015299026425591
2024-07-29,7350,7350,7070,7280,13203,-0.002739726027397249
2024-07-30,7160,7240,7080,7100,6401,-0.02472527472527475
2024-07-31,7100,7100,6960,7000,7842,-0.014084507042253502
2024-08-01,7000,7150,6980,7050,7029,0.0071428571428571175
2024-08-02,7050,7140,6890,6970,6927,-0.01134751773049647
2024-08-05,6870,6970,6400,6580,31402,-0.05595408895265419
2024-08-06,6550,6890,6550,6760,22697,0.02735562310030404
2024-08-07,6760,7040,6700,6990,4834,0.03402366863905315
2024-08-08,6980,6980,6770,6890,3617,-0.014306151645207432
2024-08-09,6880,7040,6860,6940,1237,0.007256894049346929
2024-08-12,6940,6940,6850,6940,2214,0.0
2024-08-13,6940,6940,6790,6940,4132,0.0
2024-08-14,6940,7000,6860,7000,4142,0.008645533141210304
2024-08-16,7030,7030,6800,6800,5784,-0.02857142857142858
2024-08-19,6790,6920,6710,6710,8928,-0.013235294117647012
2024-08-20,6850,6880,6760,6860,2517,0.02235469448584193
2024-08-21,6860,6910,6800,6810,1788,-0.007288629737609353
2024-08-22,6880,6890,6770,6820,1763,0.001468428781204123
2024-08-23,6770,6860,6750,6810,1270,-0.0014662756598240456
2024-08-26,6840,7020,6750,6970,5233,0.023494860499265746
2024-08-27,6920,7050,6890,6990,11076,0.0028694404591105283
2024-08-28,6990,7160,6630,7160,45281,0.024320457796852546
2024-08-29,7140,7190,7020,7160,14971,0.0
2024-08-30,7180,7180,7030,7150,5964,-0.0013966480446927498
2024-09-02,7150,7420,7120,7300,72888,0.020979020979021046
2024-09-03,7340,7450,7250,7430,57043,0.017808219178082174
2024-09-04,7230,7380,7200,7280,44765,-0.020188425302826385
2024-09-05,7270,7390,7180,7320,28238,0.005494505494505475
2024-09-06,7310,7350,7190,7340,37621,0.002732240437158362
2024-09-09,7190,7340,7190,7300,14802,-0.00544959128065392
2024-09-10,7300,7350,7230,7250,21718,-0.006849315068493178
2024-09-11,7310,7410,7160,7290,31093,0.0055172413793103114
2024-09-12,7290,7350,7220,7340,8153,0.006858710562414272
2024-09-13,7360,7570,7260,7280,110824,-0.008174386920980936
2024-09-19,7400,7400,7200,7250,35200,-0.004120879120879106
2024-09-20,7250,7440,7250,7330,93324,0.011034482758620623
2024-09-23,7330,7540,7280,7470,44165,0.019099590723056004
2024-09-24,7510,7810,7390,7510,205980,0.0053547523427042165
2024-09-25,7510,7590,7190,7210,110761,-0.039946737683089206
2024-09-26,7360,7400,7250,7350,67231,0.01941747572815533
2024-09-27,7410,7540,7360,7500,61050,0.020408163265306145
2024-09-30,7510,7620,7330,7350,44349,-0.020000000000000018
2024-10-02,7440,7440,7150,7300,48914,-0.006802721088435382
2024-10-04,7290,8970,7210,7990,2902109,0.09452054794520537
2024-10-07,8460,8620,7910,8040,1186554,0.006257822277847325
2024-10-08,8060,8450,7870,8030,742441,-0.0012437810945273853
2024-10-10,7940,8180,7870,7960,262924,-0.008717310087173136
2024-10-11,7920,7990,7670,7670,209572,-0.03643216080402012
2024-10-14,7620,8610,7590,8270,1870012,0.07822685788787487
2024-10-15,8110,8180,7770,7810,395556,-0.055622732769044725
2024-10-16,7700,7950,7610,7860,145645,0.006402048655569814
2024-10-17,7860,7970,7730,7730,132829,-0.01653944020356235
2024-10-18,7750,7840,7650,7790,79107,0.0077619663648125226
2024-10-21,8100,8450,8010,8370,615973,0.0744544287548139
2024-10-22,8300,8350,8010,8080,199147,-0.03464755077658299
2024-10-23,8150,8240,7960,8150,130265,0.00866336633663356
2024-10-24,8100,8190,7980,8090,90929,-0.007361963190184007
2024-10-25,8050,8740,8030,8460,519428,0.04573547589616811
2024-10-28,8570,8570,8090,8170,261488,-0.0342789598108747
2024-10-29,8170,8370,8100,8200,185760,0.003671970624234966
2024-10-30,8160,8480,8140,8330,290271,0.01585365853658538
2024-10-31,8620,9020,8160,8500,1303236,0.020408163265306145
2024-11-01,8350,8660,8350,8500,214897,0.0
2024-11-04,8480,8590,8370,8370,147819,-0.015294117647058791
2024-11-05,8450,8560,8250,8470,138604,0.01194743130227005
2024-11-06,8450,8500,8220,8330,91412,-0.016528925619834656
2024-11-07,8260,8260,7910,8200,131901,-0.015606242496998823
2024-11-08,8290,8410,8170,8350,81373,0.018292682926829285
2024-11-11,8370,8380,8010,8100,70380,-0.029940119760479056
2024-11-12,7970,8170,7800,7800,115567,-0.03703703703703709
2024-11-13,7750,8090,7650,7720,61163,-0.01025641025641022
2024-11-14,7720,8140,7650,7880,114035,0.020725388601036343
2024-11-15,8060,8230,7800,8170,94696,0.03680203045685282
2024-11-18,8150,8240,8050,8200,61607,0.003671970624234966
2024-11-19,8290,8290,7820,7990,47748,-0.025609756097561
2024-11-20,8000,8030,7820,7990,36566,0.0
2024-11-21,7950,7950,7790,7790,23911,-0.025031289111389188
2024-11-22,7920,7920,7680,7680,22897,-0.014120667522464658
2024-11-25,7680,7990,7660,7990,42036,0.04036458333333326
2024-11-26,8040,8040,7790,7910,14031,-0.010012515644555742
2024-11-27,7910,8010,7700,7700,25902,-0.026548672566371723
2024-11-28,7800,7800,7700,7730,13917,0.003896103896103842
2024-11-29,7660,7910,7410,7410,56850,-0.04139715394566623
2024-12-02,7410,7490,7210,7290,44041,-0.01619433198380571
2024-12-03,7300,7560,7290,7540,34743,0.03429355281207136
2024-12-04,7280,7800,7220,7650,40083,0.01458885941644561
2024-12-05,7570,7650,7230,7270,53815,-0.04967320261437913
2024-12-06,7270,7790,7000,7750,79412,0.06602475928473184
2024-12-09,7510,7740,7330,7330,18667,-0.05419354838709678
2024-12-10,7540,7890,7170,7810,68794,0.06548431105047747
2024-12-11,7810,7970,7810,7880,11696,0.008962868117797784
2024-12-12,7780,8030,7780,7940,43315,0.0076142131979695105
2024-12-13,7940,8070,7860,8030,39836,0.01133501259445846
2024-12-16,8060,8060,7790,7890,35300,-0.01743462017434616
2024-12-17,7940,8040,7850,7920,48963,0.0038022813688212143
2024-12-18,7990,8250,7900,8120,98691,0.025252525252525304
2024-12-19,8000,8140,7920,8010,44472,-0.013546798029556606
2024-12-20,7990,8030,7720,7830,20933,-0.022471910112359605
2024-12-23,7830,8050,7740,7890,16642,0.00766283524904221
2024-12-24,7810,8070,7750,8070,33529,0.02281368821292773
2024-12-26,8000,8110,7940,8070,32876,0.0
2024-12-27,7950,8040,7730,7770,19270,-0.03717472118959109
2024-12-30,7820,7820,7710,7780,2938,0.0012870012870012104
2025-01-02,7660,7780,7570,7770,14394,-0.0012853470437017567
2025-01-03,7800,7950,7730,7920,12748,0.019305019305019266
2025-01-06,7920,7920,7820,7880,11928,-0.005050505050505083
2025-01-07,7930,8050,7790,8010,17667,0.016497461928933976
2025-01-08,8080,8090,7910,8020,16572,0.0012484394506866447
2025-01-09,8080,8090,7840,8000,22484,-0.0024937655860348684
2025-01-10,7920,8030,7870,7900,14279,-0.012499999999999956
2025-01-13,7810,7900,7670,7840,36445,-0.0075949367088608
2025-01-14,7760,8010,7740,7920,18821,0.010204081632652962
2025-01-15,7840,7920,7720,7810,19569,-0.01388888888888884
2025-01-16,7840,7960,7700,7960,31689,0.019206145966709443
2025-01-17,7860,8070,7860,8000,22932,0.005025125628140614
2025-01-20,7900,8150,7750,7850,44236,-0.018750000000000044
2025-01-21,7850,7920,7680,7700,24288,-0.019108280254777066
2025-01-22,7630,7810,7570,7690,28919,-0.0012987012987012436
2025-01-23,7700,7750,7530,7600,27608,-0.011703511053316018
2025-01-24,7650,7650,7390,7500,33218,-0.013157894736842146
2025-01-31,7490,7590,7360,7520,28381,0.002666666666666595
2025-02-03,7370,7520,7050,7340,25970,-0.02393617021276595
2025-02-04,7340,7400,7170,7240,36265,-0.013623978201634857
2025-02-05,7180,7340,7180,7300,13794,0.008287292817679592
2025-02-06,7250,7470,7250,7450,28648,0.020547945205479534
2025-02-07,7370,7560,7370,7490,17619,0.005369127516778427
2025-02-10,7430,7680,7360,7660,29860,0.022696929238985364
2025-02-11,7640,7700,7330,7450,28782,-0.02741514360313313
2025-02-12,7370,7720,7370,7700,12513,0.033557046979865834
2025-02-13,7580,7940,7550,7800,46326,0.01298701298701288
2025-02-14,7860,7860,7610,7780,22732,-0.002564102564102555
2025-02-17,7780,7860,7520,7570,42111,-0.02699228791773778
2025-02-18,7570,7600,7360,7390,38189,-0.023778071334214057
2025-02-19,7430,7490,7320,7450,21479,0.008119079837618504
2025-02-20,7450,7480,7390,7400,5790,-0.006711409395973145
2025-02-21,7370,7430,7340,7410,5005,0.0013513513513514486
2025-02-24,7400,7420,7290,7340,16334,-0.009446693657219951
2025-02-25,7340,7390,7310,7380,7511,0.005449591280654031
2025-02-26,7380,7450,7320,7430,8853,0.006775067750677488
2025-02-27,7420,7900,7350,7800,92316,0.049798115746971794
2025-02-28,7710,7860,7550,7720,37737,-0.01025641025641022
2025-03-04,7660,7800,7570,7650,18971,-0.0090673575129534
2025-03-05,7520,7770,7520,7750,26716,0.013071895424836555
2025-03-06,7750,7790,7640,7750,14651,0.0
2025-03-07,7740,7870,7660,7700,17697,-0.006451612903225823
2025-03-10,7700,7750,7620,7630,5956,-0.009090909090909038
2025-03-11,7460,7860,7460,7820,25503,0.02490170380078638
2025-03-12,7800,7890,7780,7830,17920,0.0012787723785165905
2025-03-13,7830,7830,7630,7730,12825,-0.012771392081736943
2025-03-14,7670,7880,7580,7880,16180,0.019404915912031084
2025-03-17,7870,7940,7750,7890,11116,0.0012690355329949554
2025-03-18,7890,7940,7770,7900,11226,0.0012674271229404788
2025-03-19,7940,8050,7810,8050,26087,0.018987341772152
2025-03-20,8030,8070,7900,7900,5059,-0.018633540372670843
2025-03-21,7900,8060,7840,8020,22150,0.0151898734177216
2025-03-24,8030,8140,8000,8040,35391,0.0024937655860348684
2025-03-25,8040,8130,7950,8070,25556,0.003731343283582156
2025-03-26,8050,8120,8000,8110,13645,0.004956629491945419
2025-03-27,8040,8120,7970,8000,23861,-0.013563501849568449
2025-03-28,7960,8060,7840,7950,12036,-0.006249999999999978
2025-03-31,7760,8150,7730,8000,96752,0.0062893081761006275
2025-04-01,8040,8110,7980,8040,9235,0.004999999999999893
2025-04-02,8100,8100,7930,8040,12670,0.0
2025-04-03,7900,8040,7820,7980,20760,-0.007462686567164201
2025-04-04,7890,7920,7570,7610,25020,-0.04636591478696739
2025-04-07,7500,7580,7110,7420,33642,-0.024967148488830526
2025-04-08,7420,7670,7390,7560,16674,0.018867924528301883
2025-04-09,7560,7610,7300,7510,17050,-0.006613756613756627
2025-04-10,7590,7800,7510,7710,10080,0.026631158455392878
2025-04-11,7600,7800,7600,7760,20555,0.006485084306095956
2025-04-14,7770,8020,7550,8000,26494,0.030927835051546282
2025-04-15,7910,8050,7860,8000,13393,0.0
2025-04-16,7970,8010,7840,7950,12493,-0.006249999999999978
2025-04-17,7960,8150,7780,7960,24811,0.0012578616352201255
2025-04-18,7960,8150,7960,8040,12622,0.01005025125628145
2025-04-21,7960,8140,7920,8120,25785,0.00995024875621886
2025-04-22,7970,8390,7970,8170,33219,0.006157635467980205
2025-04-23,8150,8290,8060,8080,14050,-0.011015911872705009
2025-04-24,8030,8190,8000,8090,20698,0.0012376237623761277
2025-04-25,8030,8260,8030,8160,21240,0.008652657601977642
2025-04-28,8160,8210,8120,8150,10895,-0.001225490196078427
2025-04-29,8160,8180,8100,8150,3818,0.0
2025-04-30,8160,8280,8110,8270,18538,0.014723926380368013
2025-05-02,8270,8430,8220,8350,21348,0.0096735187424426
2025-05-07,8320,8340,8060,8140,19012,-0.025149700598802394
2025-05-08,8090,8260,8070,8140,8592,0.0
2025-05-09,8060,8180,8010,8100,15752,-0.004914004914004955
2025-05-12,8100,8270,8100,8260,15796,0.01975308641975304
2025-05-13,8260,8330,8210,8280,19980,0.002421307506053294
2025-05-14,8280,8310,8250,8290,12019,0.0012077294685990392
2025-05-15,8290,8300,8000,8040,22123,-0.030156815440289475
2025-05-16,8030,8040,7850,8000,34641,-0.00497512437810943
2025-05-19,8000,8170,7930,8100,29858,0.012499999999999956
2025-05-20,8070,8390,8010,8360,46587,0.032098765432098775
2025-05-21,8420,8450,8350,8360,32994,0.0
2025-05-22,8400,8440,8320,8350,19346,-0.0011961722488038617
2025-05-23,8350,8600,8270,8490,57961,0.016766467065868262
2025-05-26,8570,8570,8370,8500,23694,0.0011778563015312216
2025-05-27,8510,8570,8340,8490,26158,-0.0011764705882353343
2025-05-28,8700,8870,8580,8730,110492,0.028268551236749095
2025-05-29,8730,9000,8730,8870,162638,0.016036655211912887
2025-05-30,8850,8970,8680,8760,55561,-0.012401352874859106
2025-06-02,8950,8980,8630,8840,39302,0.009132420091324311
2025-06-04,8860,8950,8760,8950,45643,0.012443438914027105
2025-06-05,8940,9000,8830,8910,31123,-0.004469273743016755
2025-06-09,8910,9130,8830,9030,71243,0.013468013468013407
2025-06-10,8940,9150,8820,8920,33715,-0.01218161683277963
2025-06-11,8860,8920,8720,8850,36835,-0.007847533632286963
2025-06-12,8850,8970,8760,8900,31624,0.005649717514124353
2025-06-13,8980,8980,8610,8660,56370,-0.026966292134831482
2025-06-16,8680,8780,8400,8780,38698,0.01385681293302543
2025-06-17,8720,8890,8670,8880,66818,0.011389521640091216
2025-06-18,8820,9170,8730,9130,105799,0.028153153153153143
2025-06-19,9130,9190,8960,8990,21216,-0.01533406352683464
2025-06-20,8990,9160,8890,8960,20126,-0.0033370411568409697
2025-06-23,8990,9150,8580,8620,33452,-0.0379464285714286
2025-06-24,8710,8860,8660,8740,30745,0.0139211136890951
2025-06-25,8790,8830,8600,8810,34852,0.008009153318077722
2025-06-26,8770,8810,8610,8740,23488,-0.007945516458569779
2025-06-27,8740,8740,8530,8570,20106,-0.0194508009153318
2025-06-30,8520,8760,8520,8600,7870,0.003500583430571691
2025-07-01,8600,8740,8390,8600,75260,0.0
2025-07-02,8630,8700,8520,8600,38656,0.0
2025-07-03,8630,8680,8560,8630,27083,0.0034883720930232176
2025-07-04,8710,8710,8560,8630,35953,0.0
2025-07-07,8630,8690,8500,8500,20312,-0.015063731170335992
2025-07-08,8590,8680,8450,8560,16944,0.007058823529411784
2025-07-09,8640,8770,8540,8770,30765,0.02453271028037385
2025-07-10,8770,9150,8740,9140,88112,0.04218928164196134
2025-07-11,9140,9140,8990,9050,17161,-0.009846827133479175
2025-07-14,9050,9120,8960,9060,26139,0.0011049723756906271
2025-07-15,9060,9060,8880,8890,17431,-0.01876379690949226
2025-07-16,8960,9010,8820,8820,22687,-0.007874015748031482
2025-07-17,8790,8900,8670,8870,19212,0.005668934240362855
2025-07-18,8870,9040,8770,8900,26134,0.0033821871476888976
2025-07-21,8940,8940,8780,8820,20307,-0.008988764044943864
2025-07-22,8770,8860,8640,8770,37636,-0.005668934240362855
2025-07-23,8760,8810,8620,8790,16614,0.0022805017103761926
2025-07-24,8790,8820,8400,8430,40104,-0.04095563139931746
2025-07-25,8490,8490,8240,8330,28191,-0.011862396204033177
2025-07-28,8350,8350,8130,8160,19171,-0.020408163265306145
2025-07-29,8200,8240,8070,8230,32080,0.008578431372548989
2025-07-30,8230,8330,8180,8320,26596,0.010935601458080146
2025-07-31,8330,8360,8220,8260,18138,-0.007211538461538436
2025-08-01,8320,8320,7910,8030,67209,-0.02784503631961255
2025-08-04,8030,8030,7830,8000,31666,-0.0037359900373599153
2025-08-05,8010,8180,7810,7890,107295,-0.01375000000000004
2025-08-06,7890,8020,7740,7990,59916,0.012674271229404344
2025-08-07,7940,8040,7940,8030,5725,0.005006257822277815
2025-08-08,7990,8290,7990,8160,36833,0.016189290161892966
2025-08-11,8160,8200,8030,8140,18067,-0.002450980392156854
2025-08-12,8050,8290,8050,8200,30119,0.0073710073710073765
2025-08-13,8200,8370,7990,8060,25416,-0.017073170731707332
2025-08-14,8070,8110,7990,8090,13903,0.003722084367245637
2025-08-18,7790,7790,6760,6880,636726,-0.14956736711990115
2025-08-19,6850,7050,6850,6980,81775,0.014534883720930258
2025-08-20,6950,7060,6860,7000,48644,0.002865329512893977
2025-08-21,7130,7130,6920,7010,64952,0.0014285714285713347
2025-08-22,7090,7090,6910,6950,24630,-0.008559201141226769
2025-08-25,7000,7095,6930,6980,45061,0.004316546762589857
2025-08-26,7030,7060,6930,7000,18208,0.002865329512893977
2025-08-27,7030,7090,6900,6980,30960,-0.0028571428571428914
2025-08-28,6990,7030,6830,7010,22022,0.004297994269341077
2025-08-29,7010,7020,6900,6980,17109,-0.004279600570613384
2025-09-01,7010,7070,6840,6870,31999,-0.015759312320916874
2025-09-02,6900,7010,6890,6990,11865,0.017467248908296984
2025-09-03,7000,7050,6920,6950,16413,-0.005722460658083017
2025-09-04,7000,7000,6890,6960,43475,0.0014388489208632116
2025-09-05,7000,7000,6890,6990,26615,0.004310344827586299
2025-09-08,7000,7040,6960,7010,20644,0.0028612303290413976
2025-09-09,7010,7050,6980,7020,27004,0.0014265335235377208
2025-09-10,6980,7060,6980,7010,59618,-0.0014245014245014564
2025-09-11,7230,7340,7130,7250,127261,0.0342368045649073
2025-09-12,7250,7680,7170,7290,88249,0.0055172413793103114
2025-09-15,7340,7490,7300,7470,57250,0.024691358024691468
2025-09-16,7470,7510,7400,7440,48034,-0.004016064257028162
2025-09-17,7440,7470,7300,7390,57278,-0.006720430107526876
2025-09-18,7630,8120,7570,7810,440615,0.05683355886332886
2025-09-19,7820,7930,7660,7880,90201,0.008962868117797784
2025-09-22,7880,7990,7700,7760,50932,-0.015228426395939132
2025-09-23,7760,7790,7580,7710,57524,-0.006443298969072142
2025-09-24,7710,7960,7580,7950,53963,0.03112840466926059
2025-09-25,7950,7950,7750,7860,62357,-0.01132075471698113
2025-09-26,7860,7870,7720,7780,43216,-0.010178117048346036
2025-09-29,7720,7990,7720,7940,47297,0.020565552699228773
2025-09-30,7940,8020,7850,7930,47875,-0.0012594458438287548
2025-10-01,7930,8350,7860,8170,143169,0.030264817150063017
2025-10-02,8250,8780,8180,8690,203510,0.06364749082007348
2025-10-10,8680,8700,8490,8630,67621,-0.0069044879171461515
2025-10-13,8400,8690,8380,8680,93192,0.005793742757821629
2025-10-14,8600,8830,8530,8540,152216,-0.016129032258064502
2025-10-15,8540,8680,8220,8250,65960,-0.03395784543325531
2025-10-16,8350,8350,8130,8190,48520,-0.0072727272727273196
2025-10-17,8180,8180,7850,7910,67824,-0.03418803418803418
2025-10-20,7910,8150,7910,8040,32594,0.01643489254108732
2025-10-21,8050,8050,7890,7940,29224,-0.01243781094527363
2025-10-22,7940,8090,7800,8040,44336,0.012594458438287104
2025-10-23,8060,8190,7950,8150,33769,0.013681592039801016
2025-10-24,8150,8230,8050,8210,57313,0.007361963190184007
2025-10-27,8210,8230,7900,7990,121721,-0.02679658952496955
2025-10-28,7930,7990,7900,7950,46602,-0.005006257822277815
2025-10-29,7950,8000,7810,7950,50689,0.0
2025-10-30,7950,7980,7810,7930,28220,-0.002515723270440251
2025-10-31,7930,7955,7830,7920,33599,-0.0012610340479193294
2025-11-03,7920,7940,7550,7570,62362,-0.04419191919191923
2025-11-04,7690,7710,7480,7610,55116,0.005284015852047519
2025-11-05,7610,7610,7280,7450,80020,-0.021024967148488782
2025-11-06,7440,7760,7400,7730,25619,0.037583892617449655
2025-11-07,7660,7700,7420,7660,36595,-0.009055627425614499
2025-11-10,7720,7780,7530,7660,16651,0.0
2025-11-11,7630,7730,7400,7540,82372,-0.015665796344647487
2025-11-12,7460,7950,7460,7950,26649,0.054376657824933616
2025-11-13,7890,7890,7760,7800,11087,-0.018867924528301883
2025-11-14,7800,7890,7710,7750,13277,-0.0064102564102563875
2025-11-17,7890,8000,7800,7860,30004,0.014193548387096744
2025-11-18,7860,7900,7590,7600,54769,-0.0330788804071247
2025-11-19,7770,7770,7510,7600,14032,0.0
2025-11-20,7600,7810,7600,7790,7320,0.02499999999999991
2025-11-21,7780,7800,7600,7800,8453,0.0012836970474967568
2025-11-24,7800,7860,7710,7850,9795,0.0064102564102563875
2025-11-25,7870,7930,7760,7900,9322,0.006369426751592355
2025-11-26,7900,7900,7720,7790,21156,-0.013924050632911356
2025-11-27,7800,7900,7780,7880,12618,0.011553273427471034
2025-11-28,7880,8050,7880,8010,24320,0.016497461928933976
2025-12-01,7990,8100,7970,8000,21090,-0.0012484394506866447
2025-12-02,8110,8110,7990,8040,8097,0.004999999999999893
2025-12-03,8040,8120,8040,8040,20454,0.0
2025-12-04,7970,8150,7910,8040,26106,0.0
2025-12-05,8040,8210,7980,8160,36682,0.014925373134328401
2025-12-08,8160,8380,7950,8000,43505,-0.019607843137254943
2025-12-09,8050,8350,8000,8270,41359,0.03374999999999995
2025-12-10,8270,8280,8060,8130,23203,-0.016928657799274438
2025-12-11,8180,8300,8090,8260,23865,0.01599015990159902
2025-12-12,8260,8700,8180,8480,73139,0.026634382566586012
2025-12-15,8290,8660,8290,8650,48593,0.02004716981132071
2025-12-16,8650,8650,8460,8470,28236,-0.020809248554913284
2025-12-17,8520,8840,8440,8840,77004,0.04368358913813464
2025-12-18,8830,8840,8530,8750,28878,-0.010180995475113086
2025-12-19,8690,8720,8540,8590,16133,-0.01828571428571424
2025-12-22,8590,8620,8250,8500,30406,-0.010477299185098987
2025-12-23,8500,8530,8270,8340,21875,-0.018823529411764683
2025-12-24,8380,8570,8240,8340,35909,0.0
2025-12-26,8310,8400,8300,8350,23956,0.0011990407673860837
2025-12-29,8270,8270,7780,7780,57548,-0.06826347305389224
2025-12-30,7810,7840,7700,7720,18465,-0.007712082262210762
2026-01-02,7770,8440,7770,8020,39323,0.03886010362694292
2026-01-05,8020,8260,7900,7970,45059,-0.006234413965087282
2026-01-06,8080,8100,7900,7990,17508,0.0025094102885820924
2026-01-07,8060,8060,7670,7690,39069,-0.03754693366708384
2026-01-08,7690,7760,7500,7530,39459,-0.020806241872561748
2026-01-09,7630,7780,7560,7650,16893,0.015936254980079667
2026-01-12,7730,7850,7620,7850,20256,0.02614379084967311
2026-01-13,7880,7880,7570,7630,27930,-0.028025477707006363
2026-01-14,7630,7780,7500,7680,11041,0.006553079947575258
2026-01-15,7680,7730,7450,7600,42263,-0.01041666666666663
2026-01-16,7650,7650,7520,7560,15057,-0.0052631578947368585
2026-01-19,7570,7870,7570,7660,36481,0.013227513227513255
2026-01-20,7670,7800,7590,7760,24099,0.01305483028720622
2026-01-21,7800,7840,7520,7760,47317,0.0
2026-01-22,7760,7850,7660,7730,15223,-0.0038659793814432852
2026-01-23,7730,7800,7650,7720,30518,-0.001293661060802087
2026-01-26,7730,7860,7650,7730,47454,0.0012953367875647714
2026-01-27,7730,7810,7700,7770,37526,0.005174644243208348
2026-01-28,7800,7840,7710,7740,31495,-0.0038610038610038533
2026-01-29,7740,7890,7670,7790,56786,0.006459948320413522
2026-01-30,7770,7970,7720,7890,30321,0.012836970474968012
2026-02-02,7890,7890,7720,7790,46162,-0.012674271229404344
2026-02-03,7810,7890,7760,7880,34149,0.011553273427471034
2026-02-04,7890,7950,7840,7900,15550,0.002538071065989911
2026-02-05,7940,8170,7860,8070,49811,0.021518987341772045
2026-02-06,8070,8070,7770,7970,28282,-0.012391573729863659
2026-02-09,7970,8120,7950,7970,20716,0.0
2026-02-10,8000,8060,7940,7970,22276,0.0
2026-02-11,7970,8100,7970,8060,15739,0.01129234629861986
2026-02-12,8060,8150,7980,8090,24817,0.003722084367245637
2026-02-13,8090,8140,7930,8070,19175,-0.0024721878862793423
2026-02-19,8070,8110,7950,8030,35127,-0.00495662949194553
