Date,Open,High,Low,Close,Volume,Change
2022-01-03,17575,18400,17575,18025,205350,0.03890489913544659
2022-01-04,18250,20000,18225,19600,693834,0.08737864077669899
2022-01-05,19325,19525,18500,19250,256102,-0.017857142857142905
2022-01-06,18300,18850,18100,18100,197270,-0.05974025974025976
2022-01-07,18125,18950,18125,18600,105960,0.027624309392265234
2022-01-10,18600,18600,17900,18050,111014,-0.029569892473118253
2022-01-11,18200,18400,17850,18025,57766,-0.0013850415512465242
2022-01-12,18075,19150,18025,18825,215508,0.04438280166435504
2022-01-13,18650,18650,17925,17975,114278,-0.04515272244355906
2022-01-14,17925,17925,17250,17250,140498,-0.04033379694019468
2022-01-17,17250,17250,16750,16800,68398,-0.02608695652173909
2022-01-18,16875,17150,16349,16425,81092,-0.022321428571428603
2022-01-19,16000,16750,15899,16350,69444,-0.004566210045662156
2022-01-20,16350,16850,16275,16625,62014,0.01681957186544336
2022-01-21,16625,16900,16300,16325,52468,-0.018045112781954864
2022-01-24,16325,16325,15100,15625,141500,-0.04287901990811638
2022-01-25,15650,15700,14500,14625,125056,-0.06399999999999995
2022-01-26,14500,15075,14500,14550,63034,-0.00512820512820511
2022-01-27,14575,14650,13775,14000,79710,-0.037800687285223344
2022-01-28,14050,14575,13700,14400,57456,0.02857142857142847
2022-02-03,14500,15000,14500,14925,44022,0.03645833333333326
2022-02-04,14550,15200,14550,15150,41908,0.015075376884422065
2022-02-07,15050,15225,14750,14950,30386,-0.01320132013201325
2022-02-08,14700,16150,14649,15300,87340,0.02341137123745818
2022-02-09,15299,15475,15100,15250,25642,-0.0032679738562091387
2022-02-10,15150,15800,15100,15300,43998,0.003278688524590123
2022-02-11,15250,15250,14575,14650,61134,-0.042483660130718914
2022-02-14,14375,14500,13800,13800,77676,-0.058020477815699634
2022-02-15,13549,13925,13349,13500,43200,-0.021739130434782594
2022-02-16,13625,14300,13625,14025,51572,0.03888888888888897
2022-02-17,13850,14225,13450,13875,68846,-0.010695187165775444
2022-02-18,13375,14050,13375,13800,39002,-0.00540540540540535
2022-02-21,13525,13750,13274,13400,56360,-0.02898550724637683
2022-02-22,12999,13225,12999,13025,47288,-0.027985074626865725
2022-02-23,13150,13375,12975,13125,53248,0.007677543186180413
2022-02-24,12800,13049,12625,12900,64790,-0.017142857142857126
2022-02-25,12975,13175,12800,12975,34254,0.005813953488372103
2022-02-28,12749,13100,12749,13100,45324,0.009633911368015502
2022-03-02,12925,13574,12925,13400,61958,0.022900763358778553
2022-03-03,13300,14274,13300,14200,66748,0.05970149253731338
2022-03-04,14200,15700,14200,14700,343612,0.035211267605633756
2022-03-07,14575,14625,13775,13825,116302,-0.059523809523809534
2022-03-08,13700,14200,13450,13500,78456,-0.023508137432188048
2022-03-10,13725,14525,13725,14300,98220,0.059259259259259345
2022-03-11,14300,15075,14300,15050,116492,0.0524475524475525
2022-03-14,15050,15125,14400,14400,83280,-0.04318936877076407
2022-03-15,14300,14600,13100,13250,337400,-0.07986111111111116
2022-03-16,13600,13850,13350,13725,95626,0.03584905660377369
2022-03-17,13925,14200,13900,14000,79086,0.020036429872495543
2022-03-18,14275,14275,13900,13900,76724,-0.0071428571428571175
2022-03-21,14000,14100,13399,13475,142298,-0.030575539568345356
2022-03-22,13425,13825,13325,13725,77284,0.01855287569573294
2022-03-23,13725,14250,13725,14250,126198,0.03825136612021862
2022-03-24,14400,14500,14125,14200,105644,-0.0035087719298245723
2022-03-25,14225,14524,14000,14275,85440,0.005281690140845008
2022-03-28,14174,14225,14000,14025,54836,-0.017513134851138368
2022-03-29,14025,14350,13975,14250,70272,0.016042780748663166
2022-03-30,14475,14900,14200,14600,167124,0.024561403508772006
2022-03-31,14600,14775,14375,14600,78244,0.0
2022-04-01,14500,14725,14425,14475,53590,-0.008561643835616417
2022-04-04,14450,14450,14225,14375,38860,-0.006908462867012077
2022-04-05,14775,15250,14600,14675,225880,0.02086956521739136
2022-04-06,14649,15875,14375,15300,385434,0.042589437819420706
2022-04-07,15300,15750,14800,15075,198918,-0.014705882352941124
2022-04-08,15500,16350,14875,15175,427868,0.0066334991708125735
2022-04-11,15175,15175,14375,14750,151484,-0.028006589785831926
2022-04-12,14425,14700,14100,14100,77436,-0.04406779661016946
2022-04-13,14199,14350,14075,14175,63356,0.005319148936170137
2022-04-14,14275,14300,13925,14000,66730,-0.012345679012345734
2022-04-15,13975,14125,13750,13975,38688,-0.0017857142857142794
2022-04-18,13900,13900,13525,13600,49234,-0.02683363148479423
2022-04-19,13525,13775,13525,13600,50234,0.0
2022-04-20,13725,13725,13450,13450,58622,-0.011029411764705843
2022-04-21,13450,13625,13300,13350,77708,-0.0074349442379182396
2022-04-22,13150,13250,12975,13050,80160,-0.022471910112359605
2022-04-25,12800,13000,12600,12750,111042,-0.02298850574712641
2022-04-26,12700,13025,12700,12900,59642,0.0117647058823529
2022-04-27,12525,12750,12325,12750,45550,-0.011627906976744207
2022-04-28,12750,13000,12650,12750,31122,0.0
2022-04-29,12950,13125,12750,12950,54360,0.015686274509803866
2022-05-02,12650,12675,12400,12475,62288,-0.03667953667953672
2022-05-03,12500,12650,12325,12400,56356,-0.006012024048096198
2022-05-04,12449,12475,12000,12100,74792,-0.024193548387096753
2022-05-06,11850,12050,11600,11650,61562,-0.037190082644628086
2022-05-09,11475,11600,10825,11000,123490,-0.05579399141630903
2022-05-10,10500,11125,10100,11000,197626,0.0
2022-05-11,11150,11150,10675,10675,66372,-0.02954545454545454
2022-05-12,10450,10450,9900,9925,134168,-0.07025761124121777
2022-05-13,9950,10250,9950,10075,69318,0.015113350125944613
2022-05-16,10125,10675,10100,10100,68910,0.002481389578163684
2022-05-17,10100,10225,10075,10200,31930,0.00990099009900991
2022-05-18,10300,10500,10075,10100,58724,-0.009803921568627416
2022-05-19,9750,9875,9650,9850,48290,-0.024752475247524774
2022-05-20,9850,10450,9850,10350,82358,0.050761421319796884
2022-05-23,10425,10700,10200,10575,77458,0.021739130434782705
2022-05-24,10675,10675,10225,10225,50156,-0.03309692671394804
2022-05-25,10275,11000,10225,10725,131898,0.0488997555012225
2022-05-26,10750,11500,10750,11100,185172,0.034965034965035
2022-05-27,11425,11800,11075,11100,133538,0.0
2022-05-30,11400,11500,11050,11350,78938,0.022522522522522515
2022-05-31,11350,11550,11050,11375,74956,0.0022026431718060735
2022-06-02,11325,11800,11075,11500,79046,0.01098901098901095
2022-06-03,11450,11775,11350,11425,39480,-0.006521739130434745
2022-06-07,11400,11400,10575,10750,69990,-0.05908096280087527
2022-06-08,10800,11125,10725,10725,64928,-0.0023255813953488857
2022-06-09,10700,11100,10575,10725,51344,0.0
2022-06-10,10575,10825,10450,10550,38792,-0.01631701631701632
2022-06-13,10400,10400,9750,9750,74594,-0.07582938388625593
2022-06-14,9500,9825,9350,9650,116346,-0.01025641025641022
2022-06-15,9550,9700,9000,9025,71506,-0.06476683937823835
2022-06-16,9075,9400,8800,8800,57758,-0.024930747922437657
2022-06-17,8600,9050,8300,8675,112224,-0.014204545454545414
2022-06-20,8675,8800,7950,8100,96872,-0.06628242074927959
2022-06-21,8025,8375,8000,8325,96612,0.02777777777777768
2022-06-22,8250,8525,7800,7800,96892,-0.06306306306306309
2022-06-23,7900,8425,7675,7925,129964,0.01602564102564097
2022-06-24,7800,8925,7775,8625,661882,0.08832807570977907
2022-06-27,8650,8875,8575,8625,86044,0.0
2022-06-28,8550,8850,8450,8575,60000,-0.005797101449275366
2022-06-29,8275,8725,8225,8475,48506,-0.011661807580174877
2022-06-30,8400,9000,8275,8650,101088,0.020648967551622377
2022-07-01,8575,9050,8575,8925,73018,0.03179190751445082
2022-07-04,8975,9350,8625,8825,61978,-0.011204481792717047
2022-07-05,8825,9125,8725,8900,80568,0.008498583569405138
2022-07-06,8900,9150,8750,8800,79772,-0.011235955056179803
2022-07-07,8800,8975,8750,8900,65632,0.011363636363636465
2022-07-08,8900,9150,8825,9000,39700,0.011235955056179803
2022-07-11,9050,10850,9025,9600,573122,0.06666666666666665
2022-07-12,9600,10350,9500,10075,273010,0.04947916666666674
2022-07-13,9925,10400,9800,10150,109838,0.007444168734491274
2022-07-14,10150,10150,9575,9675,109978,-0.046798029556650245
2022-07-15,9750,9825,9250,9500,115224,-0.018087855297157618
2022-07-18,9400,9750,9150,9675,100656,0.018421052631578894
2022-07-19,9525,10125,9525,10050,85010,0.03875968992248069
2022-07-20,10225,10275,9750,10000,72370,-0.00497512437810943
2022-07-21,10000,10075,9675,10000,67114,0.0
2022-07-22,10075,10075,9725,9725,61010,-0.02749999999999997
2022-07-25,9800,9800,9175,9250,124352,-0.04884318766066842
2022-07-26,9250,9350,9000,9025,81982,-0.024324324324324298
2022-07-27,9025,9400,9025,9375,53236,0.03878116343490312
2022-07-28,9400,9575,9225,9225,52292,-0.016000000000000014
2022-07-29,9225,9325,9125,9200,29198,-0.0027100271002710175
2022-08-01,9300,9475,9200,9325,40438,0.013586956521739024
2022-08-02,9325,9425,9000,9250,64510,-0.008042895442359255
2022-08-03,9250,9375,9150,9325,64068,0.008108108108108025
2022-08-04,9425,10025,9375,9950,243014,0.06702412868632712
2022-08-05,10000,11425,9900,10625,1620508,0.0678391959798994
2022-08-08,10950,11300,10650,10950,507648,0.030588235294117583
2022-08-09,11000,11125,10625,11125,251522,0.015981735159817267
2022-08-10,10975,11225,10675,10750,165386,-0.0337078651685393
2022-08-11,10800,10975,10625,10700,140514,-0.0046511627906976605
2022-08-12,10550,10750,10475,10700,111812,0.0
2022-08-16,10700,10725,10325,10500,110136,-0.01869158878504673
2022-08-17,10475,10475,10050,10075,91182,-0.04047619047619044
2022-08-18,9975,10400,9700,10350,114648,0.027295285359801413
2022-08-19,10650,10750,10000,10150,112110,-0.019323671497584516
2022-08-22,9900,10150,9650,9950,69486,-0.019704433497536922
2022-08-23,9725,10000,9650,9650,55268,-0.03015075376884424
2022-08-24,9800,10125,9725,9900,46546,0.02590673575129543
2022-08-25,9975,10175,9750,9900,73332,0.0
2022-08-26,9925,11025,9925,10525,490650,0.06313131313131315
2022-08-29,10125,11450,10100,10875,651884,0.03325415676959631
2022-08-30,10900,11750,10750,11750,601350,0.08045977011494254
2022-08-31,11925,12275,11425,11700,560852,-0.004255319148936176
2022-09-01,11500,11825,11025,11125,266904,-0.04914529914529919
2022-09-02,11175,11475,10725,11100,213358,-0.0022471910112359383
2022-09-05,10975,11075,9975,10075,296192,-0.09234234234234229
2022-09-06,10150,10275,9800,10000,144502,-0.007444168734491274
2022-09-07,9950,10000,9500,9575,127478,-0.04249999999999998
2022-09-08,9725,10300,9550,9550,183656,-0.0026109660574412663
2022-09-13,9675,10400,9675,10200,177908,0.0680628272251309
2022-09-14,9850,11250,9850,11025,536244,0.0808823529411764
2022-09-15,11025,11025,10175,10300,224004,-0.06575963718820865
2022-09-16,10250,10250,9825,9850,110252,-0.043689320388349495
2022-09-19,9900,9900,9350,9400,126874,-0.045685279187817285
2022-09-20,9500,9700,9400,9475,40996,0.007978723404255428
2022-09-21,9275,9550,9200,9300,51688,-0.01846965699208447
2022-09-22,9125,9600,9125,9525,75280,0.024193548387096753
2022-09-23,9325,9750,9225,9300,75608,-0.023622047244094446
2022-09-26,9225,9225,8325,8400,146962,-0.09677419354838712
2022-09-27,8325,8750,8150,8400,119148,0.0
2022-09-28,8575,8800,8050,8175,90184,-0.0267857142857143
2022-09-29,8650,8650,8200,8200,55424,0.003058103975535076
2022-09-30,8075,8575,8000,8325,60858,0.015243902439024293
2022-10-04,8450,8600,8300,8600,35136,0.033033033033033066
2022-10-05,8750,8750,8325,8375,32966,-0.026162790697674465
2022-10-06,8375,8675,8375,8500,53452,0.014925373134328401
2022-10-07,8375,8450,8050,8150,110508,-0.04117647058823526
2022-10-11,7900,8075,7775,7900,55488,-0.030674846625766916
2022-10-12,7950,8000,7774,7950,40368,0.006329113924050667
2022-10-13,7900,7950,7649,7725,79538,-0.028301886792452824
2022-10-14,7900,8200,7900,8125,54254,0.05177993527508096
2022-10-17,8000,8275,7800,8250,34840,0.01538461538461533
2022-10-18,8350,8550,8325,8425,43160,0.021212121212121238
2022-10-19,8475,8500,8175,8250,50112,-0.020771513353115778
2022-10-20,8175,8750,8150,8250,134454,0.0
2022-10-21,8149,8350,7975,8075,33186,-0.021212121212121238
2022-10-24,8500,8950,8200,8500,357890,0.05263157894736836
2022-10-25,8550,8775,8375,8675,159062,0.020588235294117574
2022-10-26,8700,8700,8350,8450,84254,-0.025936599423631135
2022-10-27,8475,8775,8400,8525,120184,0.008875739644970349
2022-10-28,8425,8675,8425,8500,50180,-0.0029325513196480912
2022-10-31,8600,8825,8450,8450,70266,-0.00588235294117645
2022-11-01,8425,8500,8350,8450,42738,0.0
2022-11-02,8450,8750,8350,8575,56512,0.014792899408283988
2022-11-03,8600,9250,8575,8600,257166,0.00291545189504383
2022-11-04,8525,8525,8325,8400,81170,-0.023255813953488413
2022-11-07,8400,8600,8300,8450,61456,0.005952380952380931
2022-11-08,8450,8800,8375,8700,142042,0.029585798816567976
2022-11-09,8825,8850,8525,8525,67236,-0.02011494252873558
2022-11-10,8575,8600,8300,8325,54104,-0.02346041055718473
2022-11-11,8550,8725,8450,8600,120848,0.033033033033033066
2022-11-14,8725,8975,8700,8775,79144,0.02034883720930236
2022-11-15,8700,9025,8700,9025,62262,0.028490028490028463
2022-11-16,9075,9400,8900,9075,121788,0.005540166204986097
2022-11-17,9000,10500,8975,9800,703214,0.07988980716253447
2022-11-18,9800,9925,9475,9575,129978,-0.022959183673469385
2022-11-21,9625,9900,9525,9550,104390,-0.0026109660574412663
2022-11-22,9525,9550,9100,9200,75666,-0.03664921465968585
2022-11-23,9200,9375,9125,9250,42300,0.005434782608695565
2022-11-24,9350,9575,9325,9400,40256,0.016216216216216273
2022-11-25,9475,9475,9225,9350,38000,-0.005319148936170248
2022-11-28,9450,9450,8725,8775,126486,-0.06149732620320858
2022-11-29,8625,8900,8575,8900,41294,0.014245014245014342
2022-11-30,8900,8975,8725,8750,33788,-0.016853932584269704
2022-12-01,8875,9450,8850,9200,196112,0.05142857142857138
2022-12-02,9250,9475,9125,9275,61556,0.008152173913043459
2022-12-05,9175,9275,9000,9100,53530,-0.018867924528301883
2022-12-06,8925,9475,8900,9100,71142,0.0
2022-12-07,8950,9300,8800,9100,70524,0.0
2022-12-08,9075,9100,8525,8650,97462,-0.0494505494505495
2022-12-09,8725,9050,8600,8975,54930,0.037572254335260125
2022-12-12,8975,9075,8750,8900,33466,-0.00835654596100277
2022-12-13,8975,9850,8750,9075,302590,0.0196629213483146
2022-12-14,9075,9375,9075,9275,60522,0.02203856749311295
2022-12-15,9250,9425,9025,9225,76600,-0.005390835579514808
2022-12-16,9000,9175,8800,9050,76152,-0.01897018970189701
2022-12-19,8925,9250,8925,9125,49172,0.008287292817679592
2022-12-20,9125,9175,8800,8900,53314,-0.024657534246575352
2022-12-21,8900,8950,8750,8825,33098,-0.008426966292134797
2022-12-22,8825,9025,8775,9000,29244,0.019830028328611915
2022-12-23,8775,9050,8750,8950,47378,-0.005555555555555536
2022-12-26,8950,8975,8725,8725,29690,-0.025139664804469275
2022-12-27,8825,8850,8650,8825,38126,0.011461318051575908
2022-12-28,8750,8925,8750,8800,44862,-0.0028328611898017497
2022-12-29,8900,9100,8575,8725,110296,-0.008522727272727293
2023-01-02,8875,8925,8325,8575,89242,-0.017191977077363862
2023-01-03,8625,8675,8275,8550,64516,-0.002915451895043719
2023-01-04,8425,8650,8425,8600,52024,0.005847953216374213
2023-01-05,8650,8750,8525,8700,35882,0.011627906976744207
2023-01-06,8650,8850,8525,8775,33214,0.008620689655172376
2023-01-09,8775,8950,8700,8800,46732,0.002849002849002913
2023-01-10,8750,9000,8700,8775,44540,-0.0028409090909090606
2023-01-11,8875,9150,8875,8975,139620,0.02279202279202286
2023-01-12,9000,9000,8750,8950,66456,-0.0027855153203342198
2023-01-13,8925,9025,8625,8900,102870,-0.005586592178770999
2023-01-16,8900,8925,8625,8700,96178,-0.022471910112359605
2023-01-17,8700,8725,8450,8475,72590,-0.025862068965517238
2023-01-18,8600,8600,8375,8500,57144,0.002949852507374562
2023-01-19,8500,8600,8350,8525,39642,0.002941176470588225
2023-01-20,8525,8625,8425,8625,41170,0.011730205278592365
2023-01-25,8625,8655,8525,8560,29770,-0.007536231884057942
2023-01-26,8580,8580,8425,8480,68528,-0.009345794392523366
2023-01-27,8490,8490,8405,8415,72944,-0.007665094339622591
2023-01-30,8420,8495,8260,8300,83534,-0.013666072489601944
2023-01-31,8290,8415,8250,8345,72728,0.005421686746987842
2023-02-01,8345,8535,8185,8455,84446,0.013181545835829755
2023-02-02,8520,8630,8100,8630,96152,0.02069781194559428
2023-02-03,8650,8650,8520,8540,33232,-0.010428736964078755
2023-02-06,8350,8595,8350,8455,45606,-0.00995316159250581
2023-02-07,8505,10125,8425,9100,1933218,0.07628622117090478
2023-02-08,9095,9155,8955,9050,144212,-0.005494505494505475
2023-02-09,9015,9050,8800,8880,88182,-0.018784530386740328
2023-02-10,8900,9420,8760,9240,278230,0.04054054054054057
2023-02-13,9200,9950,9200,9600,370472,0.03896103896103886
2023-02-14,9810,9880,9315,9390,157146,-0.021874999999999978
2023-02-15,9390,9480,8905,9105,101014,-0.030351437699680517
2023-02-16,9125,9240,9055,9180,68392,0.008237232289950658
2023-02-17,9150,9150,8955,9020,54694,-0.017429193899782147
2023-02-20,8930,9310,8930,9265,69298,0.02716186252771613
2023-02-21,9375,9400,9195,9280,45944,0.0016189962223420729
2023-02-22,9205,9690,9005,9635,153574,0.038254310344827624
2023-02-23,9665,9685,9425,9610,81958,-0.002594706798131785
2023-02-24,9605,9610,9430,9440,56144,-0.01768990634755463
2023-02-27,9565,9900,9450,9505,191472,0.0068855932203388814
2023-02-28,9535,9560,9275,9560,66660,0.005786428195686533
2023-03-02,9570,9635,9430,9485,70866,-0.007845188284518856
2023-03-03,9485,9850,9400,9780,132774,0.03110173958882445
2023-03-06,9790,9820,9535,9625,74660,-0.0158486707566462
2023-03-07,9625,11100,9540,10875,1011882,0.1298701298701299
2023-03-08,10875,11950,10825,11100,1021748,0.020689655172413834
2023-03-09,11325,11600,10600,10600,295956,-0.04504504504504503
2023-03-10,10425,10950,9900,10025,472486,-0.054245283018867885
2023-03-13,9975,10225,9355,9430,364874,-0.05935162094763091
2023-03-14,9545,9545,8585,8700,443872,-0.0774125132555673
2023-03-15,8850,9000,8700,8855,123000,0.017816091954022895
2023-03-16,8825,8900,8460,8535,172722,-0.03613777526821005
2023-03-17,8695,9165,8520,9135,183964,0.07029876977152894
2023-03-20,9100,9240,9045,9130,87676,-0.0005473453749316182
2023-03-21,9200,9550,9200,9305,154468,0.0191675794085433
2023-03-22,9545,9545,9055,9130,97236,-0.018807092960773764
2023-03-23,9080,9080,8620,8650,193358,-0.05257393209200434
2023-03-24,8750,9200,8745,8945,140832,0.03410404624277463
2023-03-27,9020,9470,8620,9390,149358,0.049748462828395734
2023-03-28,9285,9545,9060,9110,132246,-0.029818956336528202
2023-03-29,9125,9305,9045,9095,86292,-0.0016465422612513825
2023-03-30,9185,9600,9070,9415,176668,0.035184167124793886
2023-03-31,9545,10200,9455,9880,381840,0.049389272437599496
2023-04-03,10150,10300,9675,10075,298792,0.019736842105263053
2023-04-04,10075,10700,9950,10675,404928,0.05955334987593042
2023-04-05,11000,12825,10900,11975,4096908,0.12177985948477743
2023-04-06,12900,13524,12025,12475,2083566,0.04175365344467652
2023-04-07,12475,12625,11800,12300,841814,-0.014028056112224463
2023-04-10,11600,12900,11574,12625,911588,0.026422764227642226
2023-04-11,13200,14175,12749,13500,2320432,0.06930693069306937
2023-04-12,13425,15400,12775,14675,2010990,0.08703703703703702
2023-04-13,15225,16250,13700,14925,1984252,0.017035775127768327
2023-04-14,15125,15300,14475,15025,754086,0.00670016750418756
2023-04-17,15175,15200,13550,13550,1185250,-0.09816971713810319
2023-04-18,13975,14150,12675,12900,1146710,-0.047970479704797064
2023-04-19,12675,12749,10850,11500,2443008,-0.10852713178294571
2023-04-20,12025,12225,10650,10650,1790748,-0.07391304347826089
2023-04-21,10675,11300,10350,11200,936110,0.05164319248826299
2023-04-24,11625,11750,10700,10775,783986,-0.0379464285714286
2023-04-25,10700,11799,10700,11775,1219388,0.09280742459396762
2023-04-26,11400,11625,10775,11575,868010,-0.01698513800424628
2023-04-27,12575,12650,10700,10950,1569212,-0.05399568034557234
2023-04-28,10350,10525,9845,9950,944616,-0.091324200913242
2023-05-02,9800,9940,9425,9615,485074,-0.033668341708542715
2023-05-03,9640,9915,9315,9330,410474,-0.029641185647425905
2023-05-04,9355,9795,9325,9720,334526,0.04180064308681675
2023-05-08,9710,9905,9605,9660,203274,-0.006172839506172867
2023-05-09,9710,9735,9350,9370,177202,-0.03002070393374745
2023-05-10,9355,9450,9250,9290,147082,-0.008537886872998945
2023-05-11,9290,9520,8755,9000,276062,-0.031216361679224924
2023-05-12,9045,9045,8735,8790,209082,-0.023333333333333317
2023-05-15,8790,8955,8650,8855,170510,0.0073947667804323824
2023-05-16,8890,9175,8890,9120,205752,0.029926595143986434
2023-05-17,9175,9640,9000,9640,362998,0.05701754385964919
2023-05-18,9535,9650,9210,9230,325232,-0.04253112033195017
2023-05-19,9540,9585,9190,9240,278588,0.0010834236186347823
2023-05-22,9200,9425,9190,9390,136586,0.016233766233766156
2023-05-23,9390,9450,9250,9405,145544,0.0015974440894568342
2023-05-24,9500,9580,9330,9410,228840,0.0005316321105794941
2023-05-25,9385,9450,9085,9095,156456,-0.03347502656748136
2023-05-26,9070,9095,8950,9000,131716,-0.010445299615173154
2023-05-30,8950,9160,8895,9035,125562,0.0038888888888888307
2023-05-31,9035,9250,9035,9160,94086,0.013835085777531786
2023-06-01,9225,9520,9200,9515,219750,0.038755458515283836
2023-06-02,9595,9595,9080,9220,278586,-0.031003678402522383
2023-06-05,9230,9245,9040,9075,117490,-0.0157266811279827
2023-06-07,9000,9120,8945,8945,168386,-0.014325068870523427
2023-06-08,9005,9005,8775,8785,144168,-0.017887087758524323
2023-06-09,8790,9395,8790,9395,212700,0.06943653955606144
2023-06-12,9305,9600,8975,9600,238382,0.021820117083555024
2023-06-13,9500,9725,9340,9725,257482,0.01302083333333326
2023-06-14,9725,9725,9295,9345,111478,-0.03907455012853467
2023-06-15,9300,9345,9075,9135,71246,-0.022471910112359605
2023-06-16,9140,9395,9135,9170,51168,0.003831417624521105
2023-06-19,9100,9185,9025,9165,45690,-0.0005452562704471031
2023-06-20,9160,9250,9030,9120,62058,-0.004909983633387904
2023-06-21,9120,9145,8900,8920,76914,-0.021929824561403466
2023-06-22,8920,9040,8865,8900,66010,-0.0022421524663677195
2023-06-23,8900,9105,8855,8920,65724,0.0022471910112360494
2023-06-26,8900,9045,8815,8900,52426,-0.0022421524663677195
2023-06-27,8900,9000,8745,8795,70356,-0.01179775280898876
2023-06-28,8825,8875,8665,8665,117962,-0.014781125639567905
2023-06-29,8665,8705,8375,8440,131008,-0.025966532025389455
2023-06-30,8460,8755,8340,8660,86992,0.026066350710900466
2023-07-03,8660,8750,8510,8655,40714,-0.0005773672055426893
2023-07-04,8655,8720,8490,8500,54284,-0.0179087232813403
2023-07-05,8500,8575,8345,8430,50832,-0.008235294117647007
2023-07-06,8390,8420,8120,8180,90796,-0.029655990510083052
2023-07-07,8250,8250,7760,7760,171794,-0.05134474327628358
2023-07-10,7955,7955,7645,7680,189202,-0.010309278350515427
2023-07-11,7700,7780,7500,7550,211316,-0.01692708333333337
2023-07-12,7600,7789,7500,7775,127970,0.0298013245033113
2023-07-13,7949,8155,7860,7875,122196,0.012861736334405238
2023-07-14,7925,7925,7565,7600,135316,-0.03492063492063491
2023-07-17,7595,7595,7040,7205,190820,-0.05197368421052628
2023-07-18,7310,7360,7100,7100,99612,-0.014573213046495503
2023-07-19,7060,7370,6895,7220,166672,0.016901408450704203
2023-07-20,7245,7309,7005,7155,62890,-0.009002770083102463
2023-07-21,7155,7590,7084,7330,185130,0.024458420684835724
2023-07-24,7330,7330,6930,7035,142640,-0.04024556616643926
2023-07-25,6965,7080,6755,6775,170912,-0.036958066808813084
2023-07-26,6680,6755,6295,6400,279588,-0.05535055350553508
2023-07-27,6315,6835,6315,6615,142030,0.03359375000000009
2023-07-28,6569,6915,6569,6905,80334,0.04383975812547236
2023-07-31,6785,7130,6720,6875,84372,-0.00434467776973213
2023-08-01,6935,7295,6875,7095,137030,0.03200000000000003
2023-08-02,7000,7145,6830,6940,82344,-0.021846370683579974
2023-08-03,6940,7110,6755,7005,79056,0.009365994236311348
2023-08-04,7060,7080,6800,6880,94158,-0.017844396859386102
2023-08-07,6820,7190,6765,6950,91666,0.01017441860465107
2023-08-08,7045,7195,6835,6835,70892,-0.016546762589928043
2023-08-09,6749,7469,6749,7355,242456,0.07607900512070231
2023-08-10,7355,7385,7145,7355,85998,0.0
2023-08-11,7390,7665,7250,7590,161094,0.03195105370496254
2023-08-14,7590,7645,7250,7260,106664,-0.04347826086956519
2023-08-16,7240,7240,6650,6895,121340,-0.05027548209366395
2023-08-17,6749,6965,6745,6895,37126,0.0
2023-08-18,6895,6935,6730,6850,32686,-0.006526468455402501
2023-08-21,6854,8789,6854,8070,1903706,0.178102189781022
2023-08-22,7960,9090,7960,9000,1210790,0.11524163568773238
2023-08-23,8925,9760,8800,8910,1097052,-0.010000000000000009
2023-08-24,8705,9165,8635,9000,315874,0.010101010101010166
2023-08-25,8935,9460,8665,8790,338826,-0.023333333333333317
2023-08-28,8715,8790,8080,8155,376038,-0.07224118316268491
2023-08-29,8160,8340,8065,8100,185834,-0.006744328632740659
2023-08-30,8170,8700,8020,8550,460116,0.05555555555555558
2023-08-31,8455,8650,8145,8220,254028,-0.038596491228070184
2023-09-01,8215,8295,8050,8055,135972,-0.02007299270072993
2023-09-04,8040,8100,7865,7945,131580,-0.013656114214773418
2023-09-05,7930,8040,7775,7875,95144,-0.008810572687224627
2023-09-06,7875,8120,7725,8055,312718,0.02285714285714291
2023-09-07,8050,8050,7340,7470,420920,-0.07262569832402233
2023-09-08,7470,7860,7350,7840,214890,0.04953145917001334
2023-09-11,7860,8250,7700,8025,243390,0.023596938775510168
2023-09-12,8000,8625,7910,8260,684438,0.02928348909657319
2023-09-13,8280,8300,7810,7810,196724,-0.05447941888619856
2023-09-14,7855,7930,7520,7700,150640,-0.014084507042253502
2023-09-15,7700,8060,7645,7945,154768,0.031818181818181746
2023-09-18,7975,8000,7685,7700,58204,-0.03083700440528636
2023-09-19,7775,7775,7280,7435,197262,-0.034415584415584455
2023-09-20,7349,7400,7200,7375,132876,-0.00806993947545398
2023-09-21,7385,7390,7025,7105,145414,-0.0366101694915254
2023-09-22,6949,7155,6949,7095,67542,-0.0014074595355383357
2023-09-25,6940,7130,6870,6910,78438,-0.02607470049330518
2023-09-26,6865,6990,6830,6830,47970,-0.01157742402315487
2023-09-27,6695,7065,6695,7045,51348,0.03147877013177158
2023-10-04,7040,7040,6665,6740,70362,-0.04329311568488292
2023-10-05,6810,6885,6635,6635,49868,-0.015578635014836806
2023-10-06,6525,6875,6525,6840,19554,0.030896759608138646
2023-10-10,6840,6894,6590,6590,57766,-0.03654970760233922
2023-10-11,6665,6800,6595,6660,24720,0.01062215477996964
2023-10-12,6675,6885,6649,6745,35974,0.01276276276276267
2023-10-13,6760,6760,6530,6600,41532,-0.021497405485544796
2023-10-16,6600,6640,6405,6485,46052,-0.017424242424242453
2023-10-17,6510,6690,6465,6470,25414,-0.0023130300693908756
2023-10-18,6535,6535,6330,6340,44450,-0.020092735703245768
2023-10-19,6280,6370,6004,6130,69714,-0.03312302839116721
2023-10-20,6055,6089,5900,5905,72124,-0.0367047308319739
2023-10-23,5675,6100,5675,5895,49572,-0.0016934801016088574
2023-10-24,5895,6015,5689,5985,54192,0.01526717557251911
2023-10-25,5995,6000,5800,5930,17986,-0.009189640768588192
2023-10-26,5800,5845,5670,5740,51538,-0.03204047217537942
2023-10-27,5715,6169,5665,5745,43420,0.0008710801393727596
2023-10-30,5675,5920,5675,5840,16262,0.01653611836379465
2023-10-31,5920,6250,5695,5700,107492,-0.023972602739726012
2023-11-01,5725,5975,5705,5845,14092,0.025438596491228038
2023-11-02,5845,6415,5845,6195,109078,0.05988023952095811
2023-11-03,6195,6330,6130,6275,33816,0.012913640032284013
2023-11-06,6300,6675,6300,6650,100242,0.05976095617529875
2023-11-07,6574,6634,6385,6510,31344,-0.021052631578947323
2023-11-08,6445,6655,6445,6505,32814,-0.0007680491551459445
2023-11-09,6505,6545,6300,6325,23832,-0.027671022290545744
2023-11-10,6125,6315,6075,6125,43630,-0.031620553359683834
2023-11-13,6135,6200,5895,5895,59398,-0.03755102040816327
2023-11-14,5895,6105,5895,6060,42650,0.027989821882951738
2023-11-15,6140,6229,6080,6195,35530,0.022277227722772297
2023-11-16,6190,6225,6049,6165,20964,-0.004842615012106588
2023-11-17,6165,6575,6075,6385,84482,0.035685320356853234
2023-11-20,6300,6840,6225,6745,131126,0.056382145653876226
2023-11-21,6655,6725,6520,6620,44798,-0.018532246108228345
2023-11-22,6610,6610,6400,6500,39176,-0.01812688821752262
2023-11-23,6475,6670,6380,6560,61816,0.009230769230769154
2023-11-24,6464,6650,6400,6450,31494,-0.01676829268292679
2023-11-27,6390,6445,6240,6280,70642,-0.02635658914728678
2023-11-28,6280,6360,6215,6295,28398,0.0023885350318471055
2023-11-29,6375,6375,6195,6215,43268,-0.012708498808578272
2023-11-30,6220,6285,6125,6175,35250,-0.006436041834271933
2023-12-01,6174,6320,6125,6190,31890,0.0024291497975708065
2023-12-04,6189,6240,6115,6115,39156,-0.012116316639741553
2023-12-05,6055,6260,6055,6075,25996,-0.006541291905151292
2023-12-06,6080,6150,6050,6090,20498,0.0024691358024691024
2023-12-07,6160,6374,6065,6270,50470,0.029556650246305383
2023-12-08,6329,6329,6125,6125,34912,-0.023125996810207328
2023-12-11,6200,6350,6125,6225,41976,0.01632653061224487
2023-12-12,6245,6320,6185,6225,44480,0.0
2023-12-13,6295,6335,6180,6180,44084,-0.0072289156626506035
2023-12-14,6185,6295,6180,6245,36716,0.010517799352750767
2023-12-15,6260,6440,5900,5955,288274,-0.04643714971977586
2023-12-18,6015,6025,5725,5725,238620,-0.03862300587741396
2023-12-19,5725,5860,5675,5730,200116,0.0008733624454149158
2023-12-20,5795,6000,5775,5900,117590,0.029668411867364686
2023-12-21,5900,5900,5775,5800,63042,-0.016949152542372836
2023-12-22,5890,6135,5810,6060,124164,0.04482758620689653
2023-12-26,6080,6160,5945,6055,76362,-0.0008250825082508628
2023-12-27,6055,6210,6035,6040,82104,-0.002477291494632494
2023-12-28,6100,6265,6060,6245,79958,0.0339403973509933
2024-01-02,6355,6925,6355,6745,386186,0.0800640512409927
2024-01-03,6860,6860,6584,6730,196636,-0.002223869532987366
2024-01-04,6695,6695,6145,6215,305550,-0.07652303120356607
2024-01-05,6240,6595,6100,6100,267034,-0.018503620273531807
2024-01-08,6200,6200,5940,5975,170146,-0.020491803278688492
2024-01-09,6015,6185,5955,6040,195638,0.01087866108786617
2024-01-10,6089,6089,5950,6025,104622,-0.002483443708609312
2024-01-11,6205,6540,6205,6465,649992,0.07302904564315349
2024-01-12,6600,6600,6010,6050,335114,-0.06419180201082753
2024-01-15,6110,6290,5975,6290,217594,0.03966942148760322
2024-01-16,6325,6635,6249,6385,305786,0.015103338632750374
2024-01-17,6400,6455,6120,6250,177798,-0.02114330462020364
2024-01-18,6260,6565,6205,6465,303542,0.034399999999999986
2024-01-19,6525,6595,5280,5635,1543218,-0.12838360402165505
2024-01-22,5600,5610,5275,5300,363108,-0.05944986690328302
2024-01-23,5300,5390,5265,5305,152312,0.0009433962264151496
2024-01-24,5260,5325,4965,5000,364926,-0.057492931196983954
2024-01-25,5000,5000,4555,4700,462552,-0.06000000000000005
2024-01-26,4700,4900,4700,4820,117114,0.025531914893617058
2024-01-29,4915,5120,4865,4945,108434,0.025933609958506132
2024-01-30,4910,5050,4850,4925,67922,-0.004044489383215333
2024-01-31,4895,4915,4765,4775,74690,-0.030456852791878153
2024-02-01,4765,4790,4670,4690,61386,-0.017801047120418856
2024-02-02,4700,4895,4700,4800,62868,0.023454157782516027
2024-02-05,4800,4800,4675,4765,37954,-0.007291666666666696
2024-02-06,4675,4725,4630,4650,90770,-0.02413431269674715
2024-02-07,4650,4710,4640,4670,26534,0.004301075268817289
2024-02-08,4640,4725,4625,4680,49916,0.0021413276231263545
2024-02-13,4680,4750,4600,4650,71320,-0.0064102564102563875
2024-02-14,4640,4670,4575,4660,63190,0.0021505376344086446
2024-02-15,4680,4735,4600,4670,53816,0.0021459227467810482
2024-02-16,4700,4700,4610,4665,42310,-0.0010706638115631772
2024-02-19,4650,4745,4630,4710,57022,0.009646302250803762
2024-02-20,4710,4710,4625,4675,39278,-0.007430997876857748
2024-02-21,4640,4665,4550,4600,122922,-0.016042780748663055
2024-02-22,4565,4670,4525,4605,74720,0.0010869565217390686
2024-02-23,4575,4725,4575,4635,70018,0.006514657980456029
2024-02-26,4635,4705,4625,4655,56078,0.004314994606256839
2024-02-27,4685,4700,4575,4580,84326,-0.01611170784103111
2024-02-28,4580,4615,4450,4515,191360,-0.014192139737991272
2024-02-29,4455,4500,4390,4485,94656,-0.006644518272425293
2024-03-04,4485,4560,4375,4385,128706,-0.022296544035674493
2024-03-05,4415,4415,4360,4395,71148,0.0022805017103761926
2024-03-06,4395,4980,4395,4950,695982,0.12627986348122877
2024-03-07,5005,5200,4815,4905,326702,-0.009090909090909038
2024-03-08,4965,5200,4800,5100,406192,0.039755351681957096
2024-03-11,5200,5995,5140,5360,1980256,0.050980392156862786
2024-03-12,5365,5365,5030,5115,492258,-0.04570895522388063
2024-03-13,5050,5155,4905,4950,366538,-0.032258064516129004
2024-03-14,4905,5055,4775,4945,297584,-0.0010101010101010166
2024-03-15,4930,4930,4785,4895,155584,-0.010111223458038388
2024-03-18,4830,4970,4780,4875,212528,-0.0040858018386108474
2024-03-19,4815,4830,4650,4725,179472,-0.03076923076923077
2024-03-20,4725,4795,4650,4650,102774,-0.015873015873015928
2024-03-21,4725,4975,4705,4850,187048,0.043010752688172005
2024-03-22,4810,4905,4740,4855,102352,0.0010309278350515427
2024-03-25,4900,5075,4795,4995,346866,0.02883625128733258
2024-03-26,5045,5045,4730,4730,273544,-0.05305305305305308
2024-03-27,4705,4750,4555,4565,212306,-0.03488372093023251
2024-03-28,4570,4660,4540,4555,66382,-0.0021905805038334725
2024-03-29,4525,4630,4470,4575,787114,0.004390779363337094
2024-04-01,4625,4725,4590,4650,130370,0.016393442622950838
2024-04-02,4650,4650,4430,4550,255420,-0.021505376344086002
2024-04-03,4550,4555,4425,4465,100478,-0.018681318681318726
2024-04-04,4425,4480,4330,4350,171138,-0.025755879059350506
2024-04-05,4350,4350,4155,4160,161216,-0.04367816091954024
2024-04-08,4170,4225,4030,4105,95218,-0.013221153846153855
2024-04-09,4150,4150,3990,4025,174674,-0.01948842874543244
2024-04-11,3990,4010,3825,3830,209996,-0.04844720496894406
2024-04-12,3840,3975,3730,3895,147646,0.016971279373368064
2024-04-15,3850,3860,3675,3700,143056,-0.05006418485237485
2024-04-16,3685,3740,3455,3520,244192,-0.048648648648648596
2024-04-17,3510,3615,3400,3450,74064,-0.019886363636363646
2024-04-18,3440,3560,3405,3525,68428,0.021739130434782705
2024-04-19,3525,3580,3400,3450,92968,-0.021276595744680882
2024-04-22,3450,3550,3450,3515,74910,0.018840579710144967
2024-04-23,3510,3575,3450,3495,95386,-0.005689900426742556
2024-04-24,3495,3555,3475,3515,57114,0.005722460658083017
2024-04-25,3475,3505,3315,3370,222588,-0.04125177809388336
2024-04-26,3370,3390,3275,3280,95124,-0.02670623145400597
2024-04-29,3280,3400,3280,3355,105388,0.02286585365853666
2024-04-30,3675,3675,3385,3455,121570,0.02980625931445613
2024-05-02,3460,3500,3405,3425,46204,-0.00868306801736618
2024-05-03,3470,3475,3400,3455,40656,0.008759124087591275
2024-05-07,3460,3535,3440,3490,76980,0.01013024602026058
2024-05-08,3490,3520,3465,3510,60176,0.005730659025787954
2024-05-09,3500,3735,3450,3590,168582,0.02279202279202286
2024-05-10,3560,3650,3475,3590,108454,0.0
2024-05-13,3580,3580,3480,3560,61982,-0.00835654596100277
2024-05-14,3525,3815,3505,3815,198224,0.07162921348314599
2024-05-16,3885,3885,3745,3820,98000,0.001310615989515096
2024-05-17,3785,4545,3755,4500,1383592,0.17801047120418856
2024-05-20,4475,4625,4160,4580,710904,0.01777777777777767
2024-05-21,4580,4620,4315,4460,364812,-0.026200873362445365
2024-05-22,4460,4480,4300,4330,164022,-0.029147982062780242
2024-05-23,4375,4375,4165,4240,82400,-0.020785219399538146
2024-05-24,4240,4240,3860,4035,389134,-0.04834905660377353
2024-05-27,4085,5155,4085,4880,3197356,0.20941759603469645
2024-05-28,4830,5170,4660,5095,865226,0.044057377049180335
2024-05-29,5150,5340,4760,4840,551908,-0.05004906771344453
2024-05-30,4955,4955,4600,4625,300774,-0.044421487603305776
2024-05-31,4605,4850,4555,4555,254254,-0.015135135135135092
2024-06-03,5920,5920,5920,5920,1430804,0.29967069154774983
2024-06-04,5920,7335,5105,6605,30576260,0.11570945945945943
2024-06-05,6469,6765,5915,5915,5058798,-0.10446631339894019
2024-06-07,5935,5975,5525,5540,1852644,-0.06339814032121727
2024-06-10,5475,6075,5390,5425,2186810,-0.020758122743682272
2024-06-11,5375,5500,4950,4950,1674156,-0.0875576036866359
2024-06-12,4995,5090,4690,4740,1091846,-0.042424242424242475
2024-06-13,4800,5160,4785,4880,1214236,0.029535864978903037
2024-06-14,4900,4905,4355,4400,1295692,-0.09836065573770492
2024-06-17,4395,4415,4155,4205,651218,-0.04431818181818181
2024-06-18,4160,4345,4015,4250,695844,0.010701545778834642
2024-06-19,4165,4195,4035,4145,368502,-0.024705882352941133
2024-06-20,4175,4545,4110,4410,967338,0.06393244873341386
2024-06-21,4540,4750,4400,4475,666664,0.01473922902494329
2024-06-24,4400,4515,4230,4240,341192,-0.05251396648044693
2024-06-25,4240,4890,4175,4575,1188044,0.07900943396226423
2024-06-26,4480,4570,4415,4460,338136,-0.025136612021857907
2024-06-27,4565,4565,4185,4190,385102,-0.060538116591928204
2024-06-28,4225,4275,4125,4135,220578,-0.013126491646778038
2024-07-01,4100,4205,4084,4205,180726,0.016928657799274438
2024-07-02,4135,4224,3965,4005,324376,-0.04756242568370983
2024-07-03,3980,4050,3860,3940,267298,-0.01622971285892638
2024-07-04,3925,4200,3860,4040,417604,0.025380710659898442
2024-07-05,4025,4200,3980,3980,253480,-0.014851485148514865
2024-07-08,4125,4230,4050,4210,308050,0.057788944723618174
2024-07-09,4205,4390,4080,4250,295500,0.009501187648456089
2024-07-10,4300,4300,4130,4165,149044,-0.020000000000000018
2024-07-11,4210,4210,4015,4040,196940,-0.03001200480192079
2024-07-12,4080,4180,4025,4170,115134,0.03217821782178221
2024-07-15,4200,4310,4115,4130,130722,-0.00959232613908878
2024-07-16,4130,4185,4050,4165,160302,0.008474576271186418
2024-07-17,4170,5125,4165,4820,5212112,0.15726290516206487
2024-07-18,4630,4865,4470,4700,865272,-0.024896265560165998
2024-07-19,4760,4910,4515,4700,681020,0.0
2024-07-22,4830,5600,4770,5015,4009760,0.06702127659574475
2024-07-23,4945,4990,4800,4855,573650,-0.031904287138584286
2024-07-24,4855,5165,4825,5075,685806,0.04531410916580847
2024-07-25,5045,5105,4880,4885,388968,-0.03743842364532024
2024-07-26,4950,5000,4860,4885,300770,0.0
2024-07-29,4850,5100,4850,4975,247852,0.0184237461617196
2024-07-30,4975,5090,4900,4920,227794,-0.011055276381909507
2024-07-31,4965,4965,4715,4785,215424,-0.027439024390243927
2024-08-01,4755,5015,4755,4965,190290,0.037617554858934144
2024-08-02,4850,4925,4750,4815,194722,-0.030211480362537735
2024-08-05,4765,4795,3380,4190,482976,-0.1298026998961579
2024-08-06,4075,4740,4075,4530,213265,0.0811455847255369
2024-08-07,4500,5870,4390,5160,2038015,0.13907284768211925
2024-08-08,5100,5550,4835,4875,595520,-0.05523255813953487
2024-08-09,5350,5600,5020,5460,556502,0.1200000000000001
2024-08-12,5400,5460,5130,5190,224936,-0.0494505494505495
2024-08-13,5290,5300,4915,4995,171946,-0.037572254335260125
2024-08-14,4995,5420,4995,5080,369479,0.017017017017016967
2024-08-16,5070,5200,5000,5160,128035,0.015748031496062964
2024-08-19,5220,5270,4950,4970,138730,-0.036821705426356544
2024-08-20,4980,5090,4845,4855,119737,-0.023138832997987913
2024-08-21,4875,4895,4660,4675,128784,-0.037075180226570525
2024-08-22,4680,4965,4680,4900,133426,0.048128342245989275
2024-08-23,4695,4775,4480,4600,224202,-0.061224489795918324
2024-08-26,4625,4795,4460,4550,109238,-0.010869565217391353
2024-08-27,4360,4420,4175,4315,368099,-0.05164835164835169
2024-08-28,4300,4300,4045,4055,368703,-0.06025492468134419
2024-08-29,4005,4050,3835,3945,310134,-0.027127003699136898
2024-08-30,3960,4135,3890,4125,283033,0.04562737642585546
2024-09-02,4130,4130,3875,3965,313699,-0.038787878787878816
2024-09-03,3925,4115,3925,3950,216226,-0.003783102143757877
2024-09-04,3750,3865,3700,3805,197948,-0.036708860759493644
2024-09-05,3845,3880,3600,3700,280225,-0.02759526938239154
2024-09-06,3690,3730,3540,3580,195013,-0.032432432432432434
2024-09-09,3500,3620,3440,3580,149269,0.0
2024-09-10,3600,3700,3525,3700,186403,0.033519553072625774
2024-09-11,3670,3765,3500,3500,185338,-0.05405405405405406
2024-09-12,3510,3650,3510,3650,109739,0.04285714285714293
2024-09-13,3650,3690,3575,3660,93039,0.00273972602739736
2024-09-19,3680,3870,3600,3735,161218,0.020491803278688492
2024-09-20,3740,3825,3735,3790,136735,0.014725568942436373
2024-09-23,3825,3830,3695,3730,105962,-0.0158311345646438
2024-09-24,3730,3750,3660,3700,74920,-0.008042895442359255
2024-09-25,3710,3780,3625,3630,79515,-0.018918918918918948
2024-09-26,3630,3745,3630,3740,103750,0.030303030303030276
2024-09-27,3740,3805,3680,3750,111599,0.002673796791443861
2024-09-30,3740,3745,3585,3610,146115,-0.03733333333333333
2024-10-02,3565,3580,3445,3455,175152,-0.04293628808864269
2024-10-04,3415,3535,3230,3455,187933,0.0
2024-10-07,3415,3465,3350,3405,160086,-0.01447178002894356
2024-10-08,3410,3430,3350,3350,107444,-0.016152716593245242
2024-10-10,3365,3385,3270,3270,131749,-0.023880597014925398
2024-10-11,3340,3670,3300,3420,457243,0.04587155963302747
2024-10-14,3715,4445,3400,4445,7918904,0.29970760233918137
2024-10-15,4765,4900,3845,4010,3976429,-0.09786276715410569
2024-10-16,4040,4345,3900,4110,2632566,0.02493765586034913
2024-10-17,4050,4300,3900,4250,1177011,0.03406326034063256
2024-10-18,4340,4445,4165,4280,1360084,0.007058823529411784
2024-10-21,4380,4380,4030,4100,762264,-0.04205607476635509
2024-10-22,4020,4370,3950,4190,1122394,0.02195121951219514
2024-10-23,4170,4195,3860,3880,790118,-0.07398568019093077
2024-10-24,3805,4035,3805,3915,457898,0.009020618556700999
2024-10-25,3870,3895,3655,3670,365019,-0.06257982120051087
2024-10-28,3710,3835,3660,3795,222783,0.034059945504087086
2024-10-29,3755,3845,3675,3690,185863,-0.02766798418972327
2024-10-30,3730,3760,3565,3605,280193,-0.023035230352303482
2024-10-31,3560,3655,3510,3575,222910,-0.00832177531206657
2024-11-01,3500,3585,3460,3500,224648,-0.020979020979020935
2024-11-04,3555,3630,3435,3565,226612,0.01857142857142846
2024-11-05,3560,3710,3540,3590,173918,0.007012622720897532
2024-11-06,3590,3665,3450,3530,258522,-0.01671309192200554
2024-11-07,3585,3590,3365,3455,225126,-0.021246458923512734
2024-11-08,3420,3555,3420,3550,132823,0.02749638205499272
2024-11-11,3545,3545,3340,3405,258389,-0.04084507042253516
2024-11-12,3485,3485,3230,3230,297079,-0.05139500734214386
2024-11-13,3200,3245,3050,3050,253987,-0.05572755417956654
2024-11-14,3050,3190,2920,2930,215436,-0.03934426229508192
2024-11-15,2895,2985,2710,2915,224281,-0.005119453924914641
2024-11-18,2925,3010,2775,2920,178463,0.0017152658662091813
2024-11-19,2880,2940,2755,2770,285749,-0.05136986301369861
2024-11-20,2730,2870,2705,2800,218674,0.010830324909747224
2024-11-21,2810,2980,2765,2900,307995,0.03571428571428581
2024-11-22,2900,2930,2785,2790,190824,-0.037931034482758585
2024-11-25,2790,2870,2780,2855,90264,0.023297491039426577
2024-11-26,2880,2895,2825,2865,87067,0.003502626970227629
2024-11-27,2870,2935,2835,2880,108242,0.005235602094240788
2024-11-28,2850,2970,2850,2930,110952,0.01736111111111116
2024-11-29,2940,3000,2800,2875,120418,-0.018771331058020424
2024-12-02,2880,2930,2835,2840,76767,-0.012173913043478257
2024-12-03,2840,2950,2835,2935,91133,0.03345070422535201
2024-12-04,2845,2900,2765,2770,285765,-0.05621805792163548
2024-12-05,2770,2840,2705,2725,124965,-0.016245487364620947
2024-12-06,2745,2745,2555,2660,230982,-0.023853211009174258
2024-12-09,2595,2595,2470,2490,205161,-0.06390977443609025
2024-12-10,2495,2645,2495,2645,73431,0.06224899598393585
2024-12-11,2620,2805,2620,2795,89871,0.05671077504725908
2024-12-12,2790,2840,2700,2765,62490,-0.01073345259391767
2024-12-13,2780,2865,2740,2855,172786,0.032549728752260476
2024-12-16,2855,2950,2825,2905,140672,0.017513134851138368
2024-12-17,2940,2940,2795,2840,121719,-0.022375215146299476
2024-12-18,2840,2900,2800,2895,71953,0.01936619718309851
2024-12-19,2860,2860,2740,2740,93769,-0.05354058721934374
2024-12-20,2745,2785,2645,2665,101759,-0.027372262773722622
2024-12-23,2680,2760,2570,2745,73957,0.030018761726078758
2024-12-24,2740,2785,2690,2700,61995,-0.016393442622950838
2024-12-26,2740,2770,2645,2660,61982,-0.014814814814814836
2024-12-27,2635,2670,2605,2620,75521,-0.015037593984962405
2024-12-30,2620,2755,2555,2750,66344,0.04961832061068705
2025-01-02,2750,2795,2715,2775,73716,0.009090909090909038
2025-01-03,2885,2980,2780,2945,157044,0.0612612612612613
2025-01-06,2940,3055,2930,3025,117678,0.02716468590831922
2025-01-07,3000,3070,2955,2975,75095,-0.016528925619834656
2025-01-08,2985,3180,2980,3075,348643,0.03361344537815136
2025-01-09,3075,3150,3065,3105,107096,0.009756097560975618
2025-01-10,3120,3125,3015,3015,71095,-0.02898550724637683
2025-01-13,3015,3030,2870,2905,107730,-0.036484245439469265
2025-01-14,2915,2955,2825,2940,88889,0.012048192771084265
2025-01-15,2910,2940,2810,2835,72803,-0.0357142857142857
2025-01-16,2835,2910,2830,2870,45213,0.012345679012345734
2025-01-17,2865,2920,2800,2840,61308,-0.010452961672473893
2025-01-20,2860,2860,2770,2795,51754,-0.015845070422535246
2025-01-21,2770,2945,2770,2850,75745,0.019677996422182487
2025-01-22,2845,2915,2825,2845,78687,-0.0017543859649122862
2025-01-23,2900,2900,2755,2790,94827,-0.019332161687170446
2025-01-24,2805,2840,2700,2785,122227,-0.0017921146953404632
2025-01-31,2785,2810,2680,2685,74934,-0.03590664272890487
2025-02-03,2705,2705,2555,2615,114588,-0.02607076350093107
2025-02-04,2580,2770,2580,2745,73240,0.0497131931166348
2025-02-05,2755,2790,2725,2750,43023,0.0018214936247722413
2025-02-06,2725,2910,2725,2830,92132,0.029090909090909056
2025-02-07,2830,2840,2790,2810,67664,-0.007067137809187329
2025-02-10,2800,2805,2720,2750,96447,-0.02135231316725983
2025-02-11,2770,3095,2760,2935,458843,0.06727272727272737
2025-02-12,3165,3200,2850,2930,1331317,-0.0017035775127768327
2025-02-13,2925,2960,2795,2900,317106,-0.010238907849829393
2025-02-14,2865,2990,2760,2820,303655,-0.02758620689655178
2025-02-17,2850,2855,2780,2820,103249,0.0
2025-02-18,2795,2870,2700,2740,304310,-0.028368794326241176
2025-02-19,2750,2810,2650,2700,275258,-0.014598540145985384
2025-02-20,2700,2780,2660,2675,198278,-0.0092592592592593
2025-02-21,2715,3065,2675,2905,1024230,0.08598130841121487
2025-02-24,2890,2890,2785,2870,171463,-0.012048192771084376
2025-02-25,2820,2875,2800,2870,110746,0.0
2025-02-26,2850,2885,2805,2860,115204,-0.0034843205574912606
2025-02-27,2935,2965,2830,2850,143399,-0.0034965034965035446
2025-02-28,2850,2895,2695,2695,210224,-0.05438596491228065
2025-03-04,2690,2690,2585,2600,140149,-0.03525046382189234
2025-03-05,2600,2645,2570,2635,87155,0.013461538461538414
2025-03-06,2635,2670,2540,2600,115584,-0.013282732447817858
2025-03-07,2550,2605,2540,2590,111729,-0.0038461538461538325
2025-03-10,2610,2610,2530,2535,75576,-0.021235521235521193
2025-03-11,2520,2530,2445,2475,128164,-0.023668639053254448
2025-03-12,2455,2515,2455,2495,65110,0.008080808080808133
2025-03-13,2480,2595,2415,2415,126340,-0.03206412825651306
2025-03-14,2440,2480,2415,2420,58201,0.0020703933747412417
2025-03-17,2420,2455,2295,2310,173252,-0.045454545454545414
2025-03-18,2315,2395,2295,2340,77108,0.01298701298701288
2025-03-19,2345,2530,2340,2470,147805,0.05555555555555558
2025-03-20,2510,2520,2355,2365,98051,-0.04251012145748989
2025-03-21,2405,2440,2330,2355,89188,-0.0042283298097252064
2025-03-24,2400,2400,2320,2355,55357,0.0
2025-03-25,2410,2550,2370,2470,129158,0.04883227176220806
2025-03-26,2465,2465,2365,2425,95790,-0.018218623481781382
2025-03-27,2440,2455,2350,2400,52383,-0.010309278350515427
2025-03-28,2400,2400,2265,2270,188211,-0.054166666666666696
2025-03-31,2280,2285,2170,2205,82794,-0.028634361233480177
2025-04-01,2275,2355,2235,2350,49773,0.06575963718820854
2025-04-02,2375,2375,2225,2290,53901,-0.025531914893617058
2025-04-03,2180,2305,2180,2250,34522,-0.017467248908296984
2025-04-04,2260,2470,2255,2365,132610,0.05111111111111111
2025-04-07,2360,2360,2215,2220,78416,-0.06131078224101483
2025-04-08,2305,2310,2220,2305,73693,0.03828828828828823
2025-04-09,2310,2565,2290,2410,521617,0.045553145336225676
2025-04-10,2465,2545,2440,2505,163732,0.03941908713692954
2025-04-11,2490,2560,2370,2520,125129,0.0059880239520957446
2025-04-14,2605,2750,2525,2715,407563,0.07738095238095233
2025-04-15,2715,2715,2585,2650,118661,-0.023941068139963217
2025-04-16,2650,2675,2600,2600,107383,-0.018867924528301883
2025-04-17,2600,3070,2600,3000,1265937,0.15384615384615374
2025-04-18,2975,3050,2900,3035,425690,0.011666666666666714
2025-04-21,3010,3070,2960,3025,195628,-0.0032948929159802853
2025-04-22,3025,3110,2970,3030,260757,0.0016528925619834212
2025-04-23,3100,3120,2970,3025,205757,-0.0016501650165016146
2025-04-24,3010,3075,2910,3005,207245,-0.006611570247933907
2025-04-25,3185,3230,2775,2805,621344,-0.06655574043261236
2025-04-28,2805,2845,2725,2760,136051,-0.016042780748663055
2025-04-29,2760,2810,2700,2810,77686,0.018115942028985588
2025-04-30,2810,2810,2715,2780,68987,-0.010676156583629859
2025-05-02,2775,2780,2720,2730,88423,-0.017985611510791366
2025-05-07,2700,2705,2510,2580,281924,-0.05494505494505497
2025-05-08,2670,2670,2600,2635,59736,0.02131782945736438
