Date,Open,High,Low,Close,Volume,Change
2022-01-03,8950,9070,8950,9000,16194,0.006711409395973256
2022-01-04,9000,9150,8980,9080,34385,0.008888888888888946
2022-01-05,9080,9080,8840,8950,36384,-0.014317180616740033
2022-01-06,8790,8830,8690,8690,47635,-0.029050279329608908
2022-01-07,8700,8920,8700,8910,23666,0.025316455696202445
2022-01-10,8910,8980,8750,8980,23289,0.007856341189674598
2022-01-11,8910,9000,8700,8700,32453,-0.031180400890868598
2022-01-12,8700,8840,8700,8830,30522,0.014942528735632177
2022-01-13,8870,8870,8770,8780,20639,-0.005662514156285381
2022-01-14,8770,8970,8620,8820,35450,0.004555808656036442
2022-01-17,8830,8850,8720,8830,19854,0.0011337868480725266
2022-01-18,8780,8830,8560,8600,18639,-0.02604756511891282
2022-01-19,8550,8630,8410,8600,23676,0.0
2022-01-20,8510,8640,8510,8580,15737,-0.0023255813953488857
2022-01-21,8560,8610,8420,8480,22217,-0.011655011655011704
2022-01-24,8480,8480,8240,8270,27927,-0.024764150943396235
2022-01-25,8280,8310,7930,8210,64353,-0.00725513905683195
2022-01-26,8210,8320,8100,8200,25372,-0.0012180267965895553
2022-01-27,8160,8250,7770,8100,46554,-0.012195121951219523
2022-01-28,8020,8210,8010,8210,22824,0.013580246913580174
2022-02-03,8340,8360,8260,8270,18783,0.0073081607795371095
2022-02-04,8270,8310,8200,8260,19555,-0.0012091898428052694
2022-02-07,8300,8480,8300,8400,17140,0.016949152542372836
2022-02-08,8400,8470,8300,8340,21215,-0.0071428571428571175
2022-02-09,8340,8640,8340,8620,36742,0.033573141486810565
2022-02-10,8630,8670,8550,8550,14057,-0.008120649651972123
2022-02-11,8450,8570,8300,8300,13017,-0.0292397660818714
2022-02-14,8240,8270,8060,8150,28429,-0.01807228915662651
2022-02-15,8150,8200,8040,8040,17887,-0.013496932515337456
2022-02-16,8200,8450,8190,8440,33143,0.04975124378109452
2022-02-17,8500,8540,8270,8450,19991,0.0011848341232227888
2022-02-18,8440,8550,8280,8440,17830,-0.0011834319526626835
2022-02-21,8370,8500,8290,8470,12893,0.0035545023696681444
2022-02-22,8340,8420,8260,8280,12680,-0.022432113341204207
2022-02-23,8260,8390,8200,8260,12160,-0.0024154589371980784
2022-02-24,8260,8270,8000,8030,33228,-0.02784503631961255
2022-02-25,8070,8360,8070,8360,26847,0.041095890410958846
2022-02-28,8360,8440,8280,8420,19663,0.0071770334928229484
2022-03-02,8420,8700,8400,8670,95341,0.029691211401425166
2022-03-03,8510,8520,8350,8400,77756,-0.03114186851211076
2022-03-04,8400,8410,8280,8340,19419,-0.0071428571428571175
2022-03-07,8250,8250,8090,8110,28503,-0.027577937649880147
2022-03-08,8000,8090,7930,8020,65836,-0.011097410604192337
2022-03-10,8040,8210,8020,8030,19559,0.0012468827930174342
2022-03-11,8050,8130,7980,8060,29058,0.0037359900373599153
2022-03-14,8030,8070,7950,7980,16534,-0.00992555831265507
2022-03-15,7940,8050,7930,7950,16514,-0.003759398496240629
2022-03-16,8030,8150,8020,8150,15543,0.02515723270440251
2022-03-17,8240,8380,8200,8270,24322,0.014723926380368013
2022-03-18,8310,8340,8200,8230,11701,-0.0048367593712213
2022-03-21,8330,8370,8260,8290,23825,0.007290400972053357
2022-03-22,8360,8840,8330,8700,127293,0.049457177322074886
2022-03-23,8750,8930,8630,8730,92618,0.0034482758620688614
2022-03-24,8720,8910,8690,8800,53297,0.008018327605956443
2022-03-25,8860,8860,8730,8790,24182,-0.001136363636363602
2022-03-28,8790,8810,8720,8780,19038,-0.0011376564277588708
2022-03-29,8820,8900,8740,8880,29760,0.011389521640091216
2022-03-30,8890,9090,8790,8950,117019,0.007882882882882969
2022-03-31,8880,9130,8850,9110,48230,0.01787709497206702
2022-04-01,9110,9120,9030,9090,47372,-0.002195389681668547
2022-04-04,9090,9090,8990,9020,61681,-0.007700770077007646
2022-04-05,9030,9640,9030,9610,316426,0.06541019955654104
2022-04-06,9620,10300,9510,10050,528243,0.0457856399583767
2022-04-07,9990,10200,9940,10000,230872,-0.00497512437810943
2022-04-08,10050,10800,10050,10550,377113,0.05499999999999994
2022-04-11,10550,10750,10350,10450,129906,-0.009478672985781977
2022-04-12,10350,10850,10200,10700,176050,0.02392344497607657
2022-04-13,10800,10800,10400,10650,173601,-0.004672897196261627
2022-04-14,10650,10800,10550,10550,63317,-0.009389671361502372
2022-04-15,10550,11050,10450,10850,161782,0.028436018957346043
2022-04-18,10900,10950,10450,10550,97183,-0.027649769585253448
2022-04-19,10550,11300,10500,11100,230505,0.05213270142180093
2022-04-20,11050,11050,10750,10850,91524,-0.022522522522522515
2022-04-21,10850,11350,10850,11200,111051,0.032258064516129004
2022-04-22,11150,11250,10700,11100,123029,-0.008928571428571397
2022-04-25,10800,11350,10700,11200,182568,0.009009009009008917
2022-04-26,11050,11500,11000,11050,128333,-0.013392857142857095
2022-04-27,10850,11350,10600,11200,203870,0.013574660633484115
2022-04-28,11250,11250,10500,10800,305172,-0.0357142857142857
2022-04-29,11150,11200,10700,10750,216258,-0.00462962962962965
2022-05-02,10650,11050,10500,10750,151875,0.0
2022-05-03,10750,11300,10700,10850,160879,0.009302325581395321
2022-05-04,10850,10950,10400,10500,95642,-0.032258064516129004
2022-05-06,10300,10450,10050,10200,135929,-0.02857142857142858
2022-05-09,10250,10300,9770,10050,187697,-0.014705882352941124
2022-05-10,10050,10550,9920,10350,241156,0.029850746268656803
2022-05-11,10350,10600,10250,10350,75794,0.0
2022-05-12,10200,10300,9900,9900,87930,-0.04347826086956519
2022-05-13,10050,10450,10000,10250,66351,0.03535353535353525
2022-05-16,10650,10750,10400,10450,145505,0.019512195121951237
2022-05-17,10450,11250,10400,11150,166854,0.06698564593301426
2022-05-18,11300,11950,11250,11800,429168,0.058295964125560484
2022-05-19,11600,11900,11250,11750,173669,-0.004237288135593209
2022-05-20,11700,12050,11700,11950,182760,0.017021276595744705
2022-05-23,11950,12250,11850,12100,153868,0.012552301255230214
2022-05-24,12100,12300,11700,11850,152127,-0.02066115702479343
2022-05-25,11900,12550,11700,12500,205357,0.05485232067510548
2022-05-26,12500,12550,12000,12200,116170,-0.02400000000000002
2022-05-27,12200,12300,11850,11850,68591,-0.02868852459016391
2022-05-30,11850,12000,11800,11900,50839,0.00421940928270037
2022-05-31,11900,12100,11850,12000,53695,0.008403361344537785
2022-06-02,11950,12000,11600,11800,81807,-0.01666666666666672
2022-06-03,11800,12400,11750,12250,109303,0.03813559322033888
2022-06-07,12150,12150,11700,11800,91288,-0.03673469387755102
2022-06-08,11800,11900,11450,11800,64857,0.0
2022-06-09,11700,12500,11500,12400,240542,0.05084745762711873
2022-06-10,12150,12850,12150,12600,205649,0.016129032258064502
2022-06-13,12250,12400,11900,12000,247271,-0.04761904761904767
2022-06-14,11850,11950,11200,11750,230949,-0.02083333333333337
2022-06-15,11600,11750,11000,11450,222666,-0.025531914893617058
2022-06-16,11700,11900,11300,11450,105015,0.0
2022-06-17,11000,11450,10600,11150,246908,-0.026200873362445365
2022-06-20,11200,11500,10450,10600,248977,-0.04932735426008972
2022-06-21,10550,11450,10550,11350,201931,0.070754716981132
2022-06-22,11350,11600,10700,10800,153977,-0.048458149779735726
2022-06-23,10700,10900,10000,10200,287097,-0.05555555555555558
2022-06-24,10200,11150,10200,11000,200405,0.07843137254901955
2022-06-27,11500,11550,10950,10950,170744,-0.004545454545454519
2022-06-28,11000,11300,10650,11050,70757,0.009132420091324311
2022-06-29,10900,11450,10850,11300,111662,0.02262443438914019
2022-06-30,11250,11550,11150,11450,122450,0.01327433628318575
2022-07-01,11550,11950,11250,11500,194735,0.004366812227074135
2022-07-04,11750,11750,10550,10700,163297,-0.06956521739130439
2022-07-05,10850,10950,10650,10850,78516,0.014018691588784993
2022-07-06,10800,11350,10700,11300,138886,0.041474654377880116
2022-07-07,11250,11450,11000,11150,64217,-0.013274336283185861
2022-07-08,11150,11200,10900,10950,67200,-0.017937219730941756
2022-07-11,10950,11200,10800,10950,53797,0.0
2022-07-12,10950,11400,10550,10950,175234,0.0
2022-07-13,10950,11200,10700,11100,69093,0.013698630136986356
2022-07-14,11050,11350,11000,11350,108201,0.022522522522522515
2022-07-15,11650,12050,11400,11400,514553,0.004405286343612369
2022-07-18,11650,11650,11050,11350,211631,-0.004385964912280715
2022-07-19,11200,11300,10750,11100,371037,-0.022026431718061623
2022-07-20,11350,11450,11150,11400,300467,0.027027027027026973
2022-07-21,11400,11450,11200,11450,143559,0.004385964912280604
2022-07-22,11400,11650,11200,11400,203754,-0.004366812227074246
2022-07-25,11400,11600,11250,11400,175929,0.0
2022-07-26,11500,12000,11350,11950,621077,0.04824561403508776
2022-07-27,11900,12000,11750,11950,234249,0.0
2022-07-28,11950,12200,11700,11750,387609,-0.01673640167364021
2022-07-29,11850,11900,10900,10950,710243,-0.06808510638297871
2022-08-01,10950,10950,10250,10450,664801,-0.045662100456621
2022-08-02,10450,10600,10300,10350,168345,-0.009569377990430672
2022-08-03,10350,10450,10150,10350,171985,0.0
2022-08-04,10400,10500,10250,10300,183549,-0.004830917874396157
2022-08-05,10300,10400,10150,10400,153340,0.009708737864077666
2022-08-08,10500,10700,10300,10550,255859,0.014423076923076872
2022-08-09,10600,10800,10350,10750,355854,0.018957345971563955
2022-08-10,10700,10850,10500,10550,308220,-0.018604651162790753
2022-08-11,10700,10750,10350,10700,255198,0.014218009478673022
2022-08-12,10600,10900,10600,10800,165683,0.009345794392523255
2022-08-16,10850,11100,10800,11050,287595,0.02314814814814814
2022-08-17,11150,11300,11000,11000,270885,-0.004524886877828038
2022-08-18,10850,11000,10650,10900,198901,-0.009090909090909038
2022-08-19,11000,11000,10650,10700,248618,-0.01834862385321101
2022-08-22,10550,10600,10200,10300,217073,-0.03738317757009346
2022-08-23,10200,10450,10100,10250,95252,-0.004854368932038833
2022-08-24,10300,10550,10300,10550,57104,0.029268292682926855
2022-08-25,10500,10550,10400,10400,94803,-0.014218009478673022
2022-08-26,10450,10650,10250,10400,124224,0.0
2022-08-29,10050,10150,9830,9840,290135,-0.05384615384615388
2022-08-30,9840,10050,9840,10050,108817,0.021341463414634054
2022-08-31,9990,10050,9850,9950,152372,-0.00995024875621886
2022-09-01,9900,9900,9550,9570,194924,-0.03819095477386936
2022-09-02,9610,9710,9370,9410,148489,-0.01671891327063746
2022-09-05,9320,9540,9220,9450,127458,0.004250797024442088
2022-09-06,9450,9540,9340,9450,41716,0.0
2022-09-07,9450,9450,9200,9260,61817,-0.02010582010582007
2022-09-08,9310,9450,9240,9370,51558,0.011879049676025932
2022-09-13,9470,9600,9470,9560,70054,0.02027748132337237
2022-09-14,9290,9530,9260,9480,48109,-0.008368200836820106
2022-09-15,9480,9520,9420,9460,26252,-0.002109704641350185
2022-09-16,9440,9460,9270,9270,46785,-0.02008456659619451
2022-09-19,9310,9370,9180,9210,60371,-0.006472491909385147
2022-09-20,9220,9340,9130,9260,42179,0.005428881650380024
2022-09-21,9270,9270,9070,9140,47176,-0.01295896328293733
2022-09-22,9080,9120,8890,9040,66907,-0.01094091903719907
2022-09-23,9040,9110,8800,8870,52777,-0.01880530973451322
2022-09-26,8800,8850,8320,8450,116837,-0.04735062006764379
2022-09-27,8320,8690,8320,8690,72408,0.028402366863905293
2022-09-28,8690,8890,8230,8350,100738,-0.03912543153049486
2022-09-29,8400,8630,8300,8330,58735,-0.0023952095808382756
2022-09-30,8260,8490,8110,8430,44635,0.01200480192076836
2022-10-04,8690,8790,8580,8780,74699,0.04151838671411623
2022-10-05,8850,9120,8830,8980,89777,0.02277904328018221
2022-10-06,9080,9280,8930,9210,54224,0.025612472160356337
2022-10-07,9190,9330,9140,9240,49493,0.0032573289902280145
2022-10-11,9100,9260,8900,8970,69214,-0.02922077922077926
2022-10-12,8980,9690,8970,9620,161285,0.07246376811594213
2022-10-13,9830,9860,9480,9720,196064,0.01039501039501034
2022-10-14,9760,10100,9760,10000,175854,0.028806584362139898
2022-10-17,9950,10600,9870,10550,190783,0.05499999999999994
2022-10-18,10650,10750,10500,10650,78563,0.009478672985782088
2022-10-19,10750,10750,10500,10550,53340,-0.009389671361502372
2022-10-20,10450,10600,10300,10400,38391,-0.014218009478673022
2022-10-21,10250,10550,10150,10350,60420,-0.004807692307692291
2022-10-24,10450,10700,10300,10500,82853,0.01449275362318847
2022-10-25,10550,10650,10350,10600,91880,0.00952380952380949
2022-10-26,10600,10750,10450,10600,86415,0.0
2022-10-27,10600,10800,10450,10750,143713,0.014150943396226356
2022-10-28,10850,11200,10650,11050,335655,0.027906976744185963
2022-10-31,11300,11300,10900,11050,107346,0.0
2022-11-01,11000,11000,10600,10750,192306,-0.02714932126696834
2022-11-02,10750,10850,10450,10600,133738,-0.013953488372092981
2022-11-03,10450,10850,10400,10850,117979,0.02358490566037741
2022-11-04,10850,10900,10500,10600,104194,-0.02304147465437789
2022-11-07,10650,10800,10600,10700,38706,0.009433962264151052
2022-11-08,10700,10750,10450,10600,101287,-0.009345794392523366
2022-11-09,10550,10700,10350,10500,63421,-0.009433962264150941
2022-11-10,10300,10550,10300,10450,23948,-0.004761904761904745
2022-11-11,10700,10850,10450,10600,131503,0.014354066985645897
2022-11-14,10600,10600,10450,10500,59070,-0.009433962264150941
2022-11-15,10500,10700,10500,10700,89403,0.01904761904761898
2022-11-16,10700,10850,10550,10800,112485,0.009345794392523255
2022-11-17,10800,10850,10500,10600,93978,-0.01851851851851849
2022-11-18,10600,10650,10500,10500,56103,-0.009433962264150941
2022-11-21,10500,10500,10250,10250,42265,-0.023809523809523836
2022-11-22,10250,10350,10150,10300,23573,0.004878048780487809
2022-11-23,10300,10700,10250,10650,99126,0.03398058252427183
2022-11-24,10650,10750,10550,10600,48344,-0.0046948356807511304
2022-11-25,10600,10700,10550,10650,19620,0.004716981132075526
2022-11-28,10700,10700,10400,10550,17934,-0.009389671361502372
2022-11-29,10450,10800,10350,10750,75883,0.018957345971563955
2022-11-30,10700,10800,10600,10750,29137,0.0
2022-12-01,10800,10850,10700,10800,47440,0.0046511627906977715
2022-12-02,10750,10850,10650,10750,44428,-0.00462962962962965
2022-12-05,10750,10850,10750,10850,44510,0.009302325581395321
2022-12-06,10750,11450,10750,11250,267145,0.03686635944700467
2022-12-07,11200,11450,11050,11250,116911,0.0
2022-12-08,11250,11350,10950,11150,94207,-0.008888888888888835
2022-12-09,11150,11250,10950,11200,79023,0.004484304932735439
2022-12-12,11150,11350,11150,11350,81363,0.013392857142857206
2022-12-13,11350,11550,11200,11300,100956,-0.004405286343612369
2022-12-14,11300,11450,11200,11350,85369,0.004424778761061843
2022-12-15,11300,11450,11200,11350,74135,0.0
2022-12-16,11200,11400,11100,11400,57094,0.004405286343612369
2022-12-19,11350,11500,11250,11350,31650,-0.004385964912280715
2022-12-20,11250,11350,10900,11000,94345,-0.03083700440528636
2022-12-21,11100,11150,10500,10600,226941,-0.036363636363636376
2022-12-22,10650,10700,10450,10600,130366,0.0
2022-12-23,10550,10600,10300,10400,80893,-0.018867924528301883
2022-12-26,10400,10600,10350,10600,67389,0.019230769230769162
2022-12-27,10600,10800,10550,10700,131591,0.009433962264151052
2022-12-28,10550,10800,10450,10600,125651,-0.009345794392523366
2022-12-29,10600,10600,10200,10250,82311,-0.03301886792452835
2023-01-02,10350,10400,9870,10000,158210,-0.024390243902439046
2023-01-03,9950,10200,9790,10150,71178,0.014999999999999902
2023-01-04,10050,10350,9960,10250,65846,0.009852216748768461
2023-01-05,10300,10300,9950,10050,70323,-0.019512195121951237
2023-01-06,10050,10300,9940,10100,58223,0.004975124378109541
2023-01-09,10200,10400,10200,10300,29380,0.01980198019801982
2023-01-10,10300,10400,10150,10250,38532,-0.004854368932038833
2023-01-11,10250,10550,10250,10550,36874,0.029268292682926855
2023-01-12,10600,10600,10450,10500,25629,-0.004739336492891044
2023-01-13,10500,10550,10250,10350,39903,-0.014285714285714235
2023-01-16,10400,10550,10300,10550,32994,0.019323671497584627
2023-01-17,10500,10900,10450,10750,94496,0.018957345971563955
2023-01-18,10700,10800,10500,10800,57088,0.0046511627906977715
2023-01-19,10700,11000,10650,10800,93933,0.0
2023-01-20,10800,11200,10750,11100,82672,0.02777777777777768
2023-01-25,11200,11220,10950,11150,90585,0.0045045045045044585
2023-01-26,11190,11400,11100,11330,80925,0.016143497757847625
2023-01-27,11290,11450,11150,11330,64952,0.0
2023-01-30,11230,11290,10910,11060,72182,-0.02383053839364524
2023-01-31,11060,11540,10980,11400,186629,0.030741410488245968
2023-02-01,11360,11550,11200,11250,87571,-0.013157894736842146
2023-02-02,11310,11540,11310,11490,120127,0.021333333333333426
2023-02-03,11490,11500,11230,11450,68364,-0.003481288076588318
2023-02-06,11290,11380,11140,11270,63736,-0.015720524017467263
2023-02-07,11160,11260,11120,11140,92390,-0.011535048802129522
2023-02-08,11130,11290,11050,11180,73739,0.0035906642728904536
2023-02-09,11100,11360,11000,11310,53401,0.011627906976744207
2023-02-10,11300,11350,11060,11070,49913,-0.021220159151193685
2023-02-13,11150,11480,11010,11440,84819,0.03342366757000903
2023-02-14,11450,11540,11140,11310,74983,-0.011363636363636354
2023-02-15,11290,11290,10890,11050,127449,-0.02298850574712641
2023-02-16,11050,11230,11020,11100,33883,0.004524886877828038
2023-02-17,11090,11240,11030,11090,30446,-0.0009009009009008917
2023-02-20,11020,11180,11020,11180,56109,0.008115419296663706
2023-02-21,10940,11030,10400,10500,450214,-0.06082289803220031
2023-02-22,10410,10500,10350,10400,102860,-0.00952380952380949
2023-02-23,10500,10600,10410,10510,70784,0.01057692307692304
2023-02-24,10610,10750,10430,10500,91774,-0.0009514747859181716
2023-02-27,10380,10480,10250,10360,53621,-0.013333333333333308
2023-02-28,10360,10670,10360,10550,104628,0.01833976833976836
2023-03-02,10610,10690,10490,10580,39362,0.0028436018957345155
2023-03-03,10580,10720,10470,10600,53652,0.001890359168241984
2023-03-06,10610,10710,10560,10600,40045,0.0
2023-03-07,10590,10650,10490,10620,42810,0.0018867924528302993
2023-03-08,10620,11030,10510,10740,104108,0.011299435028248483
2023-03-09,10800,10850,10650,10660,40144,-0.007448789571694592
2023-03-10,10600,10660,10290,10340,100803,-0.030018761726078758
2023-03-13,10250,10250,9910,10020,94270,-0.030947775628626717
2023-03-14,9860,10020,9650,9650,80732,-0.036926147704590795
2023-03-15,9730,9900,9650,9750,60810,0.010362694300518172
2023-03-16,9670,9700,9420,9640,35396,-0.011282051282051286
2023-03-17,9700,10060,9670,10010,44597,0.0383817427385893
2023-03-20,9940,10140,9920,10080,32152,0.006993006993007089
2023-03-21,10130,10130,9910,10040,32404,-0.003968253968253954
2023-03-22,10040,10050,9920,10020,30241,-0.0019920318725099584
2023-03-23,10120,10120,9790,9830,50019,-0.01896207584830334
2023-03-24,9870,10050,9780,9900,31646,0.007121057985757906
2023-03-27,9900,9930,9640,9750,43278,-0.015151515151515138
2023-03-28,9610,9880,9610,9860,28458,0.011282051282051286
2023-03-29,9940,9940,9670,9820,31191,-0.0040567951318458695
2023-03-30,9900,9930,9760,9920,38050,0.010183299389002087
2023-03-31,9890,9970,9820,9920,23974,0.0
2023-04-03,9920,9960,9840,9930,15769,0.0010080645161290036
2023-04-04,9950,10100,9850,10050,47369,0.012084592145015005
2023-04-05,10090,10340,9940,10210,69875,0.015920398009950265
2023-04-06,10210,10280,9990,9990,85425,-0.021547502448579836
2023-04-07,10040,10290,9960,10180,64674,0.019019019019018923
2023-04-10,10100,10180,9890,9950,39403,-0.02259332023575633
2023-04-11,10130,10190,9950,10180,62381,0.02311557788944718
2023-04-12,10180,11350,10180,11160,551417,0.09626719056974453
2023-04-13,11360,11970,11350,11740,575617,0.051971326164874654
2023-04-14,11920,13610,11900,13100,1412401,0.11584327086882462
2023-04-17,13900,16490,13870,15580,2794536,0.18931297709923656
2023-04-18,15480,15970,14650,14650,775272,-0.05969191270860075
2023-04-19,14570,15350,14440,14820,472244,0.011604095563140016
2023-04-20,14560,15970,14510,15600,917865,0.05263157894736836
2023-04-21,16080,17820,16080,16590,1924942,0.06346153846153846
2023-04-24,16120,16370,14950,15510,504364,-0.06509945750452084
2023-04-25,15330,16310,14930,15710,411281,0.012894906511927706
2023-04-26,15500,15710,14900,15530,256742,-0.01145767027371103
2023-04-27,15380,17000,15310,16180,625388,0.041854475209272435
2023-04-28,16180,16980,16100,16460,218244,0.017305315203955507
2023-05-02,17050,18500,16610,18410,945098,0.11846901579586877
2023-05-03,18170,18560,17600,17720,253943,-0.037479630635524175
2023-05-04,17720,18040,17230,17450,151655,-0.015237020316027139
2023-05-08,17440,17440,16670,16730,203525,-0.04126074498567334
2023-05-09,16750,17250,16030,16570,314371,-0.009563658099222994
2023-05-10,16660,17130,16550,16670,117589,0.0060350030175015945
2023-05-11,16700,18230,16700,17940,471446,0.07618476304739041
2023-05-12,17850,18480,17500,18060,215677,0.006688963210702337
2023-05-15,18220,18290,17310,17550,229125,-0.028239202657807327
2023-05-16,17600,17700,17000,17440,202020,-0.0062678062678063196
2023-05-17,17440,18910,17440,18420,400186,0.056192660550458795
2023-05-18,18750,22900,18550,21300,1353044,0.1563517915309447
2023-05-19,21550,21550,20050,20700,486127,-0.028169014084507005
2023-05-22,21850,23750,21450,23000,1196863,0.11111111111111116
2023-05-23,22600,22650,19890,20600,1436610,-0.10434782608695647
2023-05-24,20150,20850,19460,20750,568471,0.00728155339805836
2023-05-25,20450,20500,19980,20150,286209,-0.028915662650602414
2023-05-26,19920,22200,18050,18830,1822328,-0.06550868486352357
2023-05-30,17960,17960,16390,17450,1259275,-0.07328730748805101
2023-05-31,17480,17850,17130,17370,285766,-0.004584527220630408
2023-06-01,17280,17810,17280,17360,304382,-0.0005757052389177009
2023-06-02,17480,18290,17290,18060,311610,0.040322580645161255
2023-06-05,18260,18440,17880,18020,223391,-0.0022148394241418012
2023-06-07,17900,18010,17430,17530,215791,-0.02719200887902329
2023-06-08,17480,18070,17170,17900,204736,0.02110667427267532
2023-06-09,18030,19460,17950,19450,534904,0.08659217877094982
2023-06-12,19920,20600,19630,20550,789690,0.05655526992287907
2023-06-13,20550,21950,20100,21950,660530,0.06812652068126512
2023-06-14,21950,22800,20750,21300,422456,-0.029612756264236872
2023-06-15,21400,22300,20600,21350,326471,0.0023474178403755097
2023-06-16,21200,21250,20550,21000,237749,-0.016393442622950838
2023-06-19,20900,21350,20000,21150,178453,0.0071428571428571175
2023-06-20,21100,21600,20700,21250,187503,0.004728132387706863
2023-06-21,21200,21950,20750,21500,167815,0.0117647058823529
2023-06-22,21350,22800,20450,22400,380795,0.041860465116279055
2023-06-23,22150,22750,21800,22250,184793,-0.006696428571428603
2023-06-26,21950,22000,20900,21750,215937,-0.022471910112359605
2023-06-27,21500,22050,21300,21550,88312,-0.00919540229885063
2023-06-28,21650,23700,21550,22900,434632,0.06264501160092806
2023-06-29,23450,24500,22400,22900,338937,0.0
2023-06-30,23100,23100,21100,21400,268187,-0.06550218340611358
2023-07-03,21750,23300,21100,23000,318444,0.07476635514018692
2023-07-04,23000,23400,22500,23200,138465,0.008695652173912993
2023-07-05,23050,24000,22300,23700,235209,0.02155172413793105
2023-07-06,23950,24500,22100,22450,280514,-0.052742616033755296
2023-07-07,22350,23200,21900,22500,172411,0.00222717149220486
2023-07-10,22500,22500,20650,21400,224581,-0.04888888888888887
2023-07-11,21450,22000,20800,21550,135479,0.007009345794392496
2023-07-12,21600,21600,20700,20900,211480,-0.030162412993039456
2023-07-13,20800,21100,20000,20800,293938,-0.004784688995215336
2023-07-14,20600,21250,20250,20950,171735,0.007211538461538547
2023-07-17,20850,21200,20350,20500,103552,-0.021479713603818618
2023-07-18,20300,21150,20200,20750,131031,0.012195121951219523
2023-07-19,21000,22500,20500,22150,414856,0.06746987951807237
2023-07-20,22000,22000,21050,21800,211311,-0.015801354401805856
2023-07-21,21550,22100,21100,21800,205570,0.0
2023-07-24,22350,22450,21300,21300,146474,-0.022935779816513735
2023-07-25,21550,21550,20800,21100,178680,-0.009389671361502372
2023-07-26,20900,21450,20150,20450,258607,-0.03080568720379151
2023-07-27,20850,21750,20300,21450,258673,0.0488997555012225
2023-07-28,21550,23700,21400,23200,443317,0.0815850815850816
2023-07-31,23350,23650,21750,23250,452053,0.0021551724137931494
2023-08-01,23250,26400,22900,25150,996582,0.08172043010752694
2023-08-02,24750,24750,23350,24000,368247,-0.045725646123260466
2023-08-03,24000,26000,23750,24300,483623,0.012499999999999956
2023-08-04,24350,24900,23900,24150,163087,-0.006172839506172867
2023-08-07,24150,24450,23100,24050,252441,-0.0041407867494823725
2023-08-08,23950,24350,23050,23550,179646,-0.02079002079002079
2023-08-09,23250,24200,23100,24000,145099,0.019108280254777066
2023-08-10,23750,24500,23350,24350,141671,0.014583333333333393
2023-08-11,24450,24850,23900,23900,137596,-0.01848049281314168
2023-08-14,23800,23900,21950,22250,260257,-0.06903765690376573
2023-08-16,22250,22350,21550,21750,194306,-0.022471910112359605
2023-08-17,21550,21800,20800,21650,228482,-0.0045977011494252595
2023-08-18,21500,21550,20800,21000,211927,-0.03002309468822173
2023-08-21,21700,22550,21450,22100,209884,0.05238095238095242
2023-08-22,22200,23100,21800,22750,201735,0.02941176470588225
2023-08-23,23000,23400,22000,22200,167408,-0.0241758241758242
2023-08-24,22300,23000,22050,22150,176924,-0.0022522522522522292
2023-08-25,22100,22450,21550,22150,102991,0.0
2023-08-28,22500,23550,22350,23000,216677,0.038374717832957206
2023-08-29,23400,24000,22700,23850,229567,0.03695652173913033
2023-08-30,24100,24550,23650,24000,198432,0.0062893081761006275
2023-08-31,24000,24400,23750,23850,152337,-0.006249999999999978
2023-09-01,24050,24050,22450,22600,282478,-0.052410901467505266
2023-09-04,22600,22600,21400,21950,275929,-0.028761061946902644
2023-09-05,21950,22200,21400,21700,156752,-0.011389521640091105
2023-09-06,21500,21600,19730,19930,782603,-0.08156682027649764
2023-09-07,19800,19980,19270,19850,224246,-0.004014049172102352
2023-09-08,19760,20100,19450,19700,148206,-0.007556675062972307
2023-09-11,19700,19890,19480,19760,120056,0.003045685279187804
2023-09-12,19760,19800,18720,18720,254319,-0.052631578947368474
2023-09-13,18750,19000,18320,18680,139208,-0.002136752136752129
2023-09-14,18900,19100,18600,18770,99798,0.004817987152034187
2023-09-15,18980,19200,18550,18650,107380,-0.006393180607352167
2023-09-18,18600,18640,18050,18380,128597,-0.014477211796246614
2023-09-19,18500,18600,17860,17890,123957,-0.026659412404787863
2023-09-20,17920,18150,17590,17800,81991,-0.005030743432084983
2023-09-21,17690,17790,17190,17720,95492,-0.004494382022471877
2023-09-22,17640,18260,17340,17720,86410,0.0
2023-09-25,17720,17990,17360,17380,69185,-0.019187358916478603
2023-09-26,17670,17670,16780,16790,108414,-0.03394706559263516
2023-09-27,16530,17970,16530,17970,124051,0.0702799285288862
2023-10-04,17920,17920,16830,16960,134053,-0.056204785754034536
2023-10-05,17720,17720,17110,17240,57789,0.01650943396226423
2023-10-06,17240,17940,17240,17500,56908,0.015081206496519783
2023-10-10,17450,17690,16590,16600,82088,-0.05142857142857138
2023-10-11,16720,18260,16720,17280,275901,0.04096385542168668
2023-10-12,17280,17350,16850,16930,94723,-0.02025462962962965
2023-10-13,16970,16980,16290,16880,94492,-0.002953337271116352
2023-10-16,16790,16790,15970,16460,80248,-0.024881516587677677
2023-10-17,16540,16660,15450,15980,110497,-0.02916160388821387
2023-10-18,15980,16080,15530,15600,83988,-0.02377972465581979
2023-10-19,15450,15500,14810,14940,136127,-0.04230769230769227
2023-10-20,14730,15140,14420,14780,91180,-0.010709504685408322
2023-10-23,14600,15040,14500,14780,49215,0.0
2023-10-24,14850,15110,14450,15000,60714,0.014884979702300516
2023-10-25,15080,15180,14500,14640,80914,-0.02400000000000002
2023-10-26,14500,14600,14040,14450,79371,-0.012978142076502719
2023-10-27,14450,14930,14140,14550,66585,0.006920415224913601
2023-10-30,14550,14800,14210,14640,35210,0.006185567010309256
2023-10-31,14700,14800,14140,14500,68335,-0.0095628415300546
2023-11-01,14700,14900,14300,14300,85281,-0.01379310344827589
2023-11-02,14500,15190,14500,15030,85285,0.05104895104895113
2023-11-03,15070,15160,14730,15050,74095,0.0013306719893546592
2023-11-06,15300,15340,14570,15110,164491,0.003986710963455042
2023-11-07,15150,15480,14730,14980,124028,-0.008603573792190566
2023-11-08,15030,15210,14780,14810,80864,-0.011348464619492682
2023-11-09,14980,15040,14590,14610,182093,-0.013504388926401045
2023-11-10,14600,14770,14360,14600,77280,-0.000684462696783017
2023-11-13,14720,14890,14050,14290,80430,-0.021232876712328763
2023-11-14,14290,14840,14290,14410,101885,0.008397480755773179
2023-11-15,14560,15050,14540,14970,92689,0.03886190145732127
2023-11-16,14970,16700,14790,15740,1021740,0.051436205744822994
2023-11-17,15550,15580,14890,14930,214714,-0.0514612452350699
2023-11-20,14930,15050,14710,14850,93076,-0.0053583389149364224
2023-11-21,14870,15270,14760,15120,86593,0.018181818181818077
2023-11-22,15050,15240,14770,15160,101356,0.002645502645502562
