Date,Open,High,Low,Close,Volume,Change
2022-01-03,21800,22050,21300,21450,58650,-0.016055045871559592
2022-01-04,21500,22000,21500,22000,57377,0.02564102564102555
2022-01-05,23400,23400,21850,22100,151853,0.00454545454545463
2022-01-06,22100,22450,21700,22050,121195,-0.002262443438914019
2022-01-07,22450,22800,22150,22200,106700,0.006802721088435382
2022-01-10,22400,22400,21750,21950,82202,-0.011261261261261257
2022-01-11,22050,22400,21600,22100,81907,0.006833712984054774
2022-01-12,22300,22350,21700,22150,88699,0.002262443438914019
2022-01-13,21950,22250,21850,21850,52280,-0.013544018058690765
2022-01-14,21700,22000,21700,21950,63373,0.004576659038901587
2022-01-17,22000,22000,21550,21950,53704,0.0
2022-01-18,21950,22100,21450,21700,55336,-0.011389521640091105
2022-01-19,21200,21600,21050,21200,86824,-0.02304147465437789
2022-01-20,21200,21450,21050,21350,65898,0.007075471698113178
2022-01-21,21050,21300,20900,21300,74451,-0.0023419203747072626
2022-01-24,21550,21650,20950,20950,59007,-0.016431924882629123
2022-01-25,20900,21250,20200,20550,113034,-0.019093078758949833
2022-01-26,20300,20600,20100,20400,94058,-0.007299270072992692
2022-01-27,20500,20550,19450,19500,108083,-0.044117647058823484
2022-01-28,19650,20150,19400,20000,126686,0.02564102564102555
2022-02-03,20300,20550,20000,20350,100240,0.01750000000000007
2022-02-04,20550,20750,19950,20350,113109,0.0
2022-02-07,20400,20400,19800,20050,115722,-0.014742014742014753
2022-02-08,20050,20300,19550,19700,89570,-0.017456359102244412
2022-02-09,20500,21750,20100,21050,595242,0.06852791878172582
2022-02-10,21050,21650,20250,20300,269807,-0.03562945368171022
2022-02-11,20150,20150,19350,19500,234612,-0.039408866995073843
2022-02-14,19500,20750,19200,19850,296316,0.017948717948717885
2022-02-15,19800,20050,19500,19550,72200,-0.015113350125944613
2022-02-16,19950,20300,19700,20300,80403,0.038363171355498826
2022-02-17,20150,20450,19900,20050,91510,-0.012315270935960632
2022-02-18,19900,20600,19800,20500,73495,0.02244389027431426
2022-02-21,20100,20550,20000,20550,54984,0.0024390243902439046
2022-02-22,20000,20600,20000,20300,57085,-0.012165450121654486
2022-02-23,20300,20850,20250,20700,74220,0.019704433497536922
2022-02-24,20600,20850,20150,20600,100687,-0.004830917874396157
2022-02-25,20900,21050,20550,21050,80650,0.02184466019417486
2022-02-28,20900,21100,20500,21100,61737,0.002375296912114022
2022-03-02,20900,21200,20750,20800,76162,-0.014218009478673022
2022-03-03,20850,21300,20750,21250,67844,0.02163461538461542
2022-03-04,20950,21250,20700,20850,62305,-0.018823529411764683
2022-03-07,20800,20800,20300,20400,53972,-0.021582733812949617
2022-03-08,20150,20550,20150,20300,38829,-0.004901960784313708
2022-03-10,20400,21100,20400,21050,103860,0.03694581280788167
2022-03-11,20850,21050,20350,20900,82922,-0.0071258907363420665
2022-03-14,20900,21150,20500,20600,87588,-0.014354066985645897
2022-03-15,20400,20750,20400,20500,35864,-0.004854368932038833
2022-03-16,20800,20950,20550,20900,60370,0.019512195121951237
2022-03-17,21100,21450,20900,21250,172265,0.01674641148325362
2022-03-18,21150,21550,20750,21300,130318,0.0023529411764706687
2022-03-21,21600,21850,21350,21600,155787,0.014084507042253502
2022-03-22,21700,21700,21300,21550,56705,-0.0023148148148147696
2022-03-23,21600,21650,21400,21500,84084,-0.002320185614849146
2022-03-24,21700,21700,21000,21300,108743,-0.009302325581395321
2022-03-25,21300,21650,21250,21350,100913,0.0023474178403755097
2022-03-28,21200,21500,21200,21250,57518,-0.004683840749414525
2022-03-29,21100,21500,21100,21400,55035,0.007058823529411784
2022-03-30,21400,21500,20950,21200,81741,-0.009345794392523366
2022-03-31,21200,21600,21000,21500,83658,0.014150943396226356
2022-04-01,21500,21600,21150,21450,58433,-0.0023255813953488857
2022-04-04,21200,21550,21100,21550,71825,0.004662004662004726
2022-04-05,21400,21750,21350,21750,60799,0.009280742459396807
2022-04-06,21500,21700,21450,21450,70518,-0.01379310344827589
2022-04-07,21400,21600,21200,21600,53175,0.006993006993007089
2022-04-08,21600,22150,21300,22100,97668,0.02314814814814814
2022-04-11,22100,22100,21550,21600,60648,-0.022624434389140302
2022-04-12,21500,21650,21200,21500,51991,-0.00462962962962965
2022-04-13,21350,21700,21200,21650,94500,0.006976744186046435
2022-04-14,21650,21750,21350,21400,73955,-0.011547344110854452
2022-04-15,21300,21700,21100,21450,79228,0.002336448598130758
2022-04-18,21350,21600,21250,21550,31274,0.004662004662004726
2022-04-19,21600,21950,21600,21950,70164,0.018561484918793614
2022-04-20,21900,22000,21600,21900,50978,-0.002277904328018221
2022-04-21,21850,22000,21700,21700,38199,-0.0091324200913242
2022-04-22,21550,21550,21250,21300,74372,-0.018433179723502335
2022-04-25,21100,21200,20800,20800,50573,-0.023474178403755874
2022-04-26,20950,21450,20750,21450,69134,0.03125
2022-04-27,21100,22300,21100,22100,180281,0.030303030303030276
2022-04-28,22100,22550,21800,22350,236129,0.011312217194570096
2022-04-29,22500,22650,22200,22500,127547,0.006711409395973256
2022-05-02,22350,22600,21950,22500,110839,0.0
2022-05-03,22350,22800,22150,22500,116505,0.0
2022-05-04,22450,22500,21900,21950,102241,-0.02444444444444449
2022-05-06,21800,21800,21200,21300,79032,-0.029612756264236872
2022-05-09,21250,21500,20600,20600,121662,-0.032863849765258246
2022-05-10,20250,21100,20250,20850,112670,0.012135922330097193
2022-05-11,20400,21350,20350,21300,77738,0.021582733812949728
2022-05-12,20900,20900,20150,20150,116317,-0.0539906103286385
2022-05-13,20250,20800,20250,20800,52420,0.032258064516129004
2022-05-16,20650,21850,20650,21500,100192,0.033653846153846256
2022-05-17,21900,22150,21650,21800,164533,0.013953488372093092
2022-05-18,21800,21950,21200,21450,120428,-0.016055045871559592
2022-05-19,21100,21550,20850,21000,91776,-0.020979020979020935
2022-05-20,21050,21950,21050,21850,102939,0.040476190476190554
2022-05-23,21850,22100,21450,21900,85624,0.0022883295194509046
2022-05-24,21900,21900,21250,21250,69461,-0.029680365296803624
2022-05-25,21450,22050,21450,21650,92318,0.018823529411764683
2022-05-26,21500,22000,21250,21500,55983,-0.006928406466512715
2022-05-27,21950,22100,21650,21900,75417,0.018604651162790642
2022-05-30,22200,22250,21800,22000,51413,0.004566210045662045
2022-05-31,22000,22100,21600,21900,76382,-0.004545454545454519
2022-06-02,21700,21950,21500,21600,43053,-0.013698630136986356
2022-06-03,21750,21850,21350,21550,53863,-0.0023148148148147696
2022-06-07,21500,21500,20850,21050,86899,-0.023201856148491906
2022-06-08,21100,21300,20750,20950,79341,-0.004750593824228044
2022-06-09,20850,20850,20300,20500,131991,-0.021479713603818618
2022-06-10,20350,20500,20200,20300,62124,-0.009756097560975618
2022-06-13,19950,20100,19500,19600,109825,-0.03448275862068961
2022-06-14,19000,19800,19000,19400,160979,-0.010204081632653073
2022-06-15,19400,19800,19050,19200,137652,-0.010309278350515427
2022-06-16,19250,19950,19100,19350,85975,0.0078125
2022-06-17,19050,19150,18650,19100,76718,-0.012919896640826822
2022-06-20,19250,19300,18550,18700,74122,-0.020942408376963373
2022-06-21,18650,19000,18550,18950,58556,0.013368983957219305
2022-06-22,18850,19000,18100,18100,76966,-0.04485488126649073
2022-06-23,18050,18650,17850,18000,141586,-0.0055248618784530246
2022-06-24,18300,18750,18100,18700,69389,0.03888888888888897
2022-06-27,18600,19200,18300,19100,118198,0.021390374331550888
2022-06-28,19100,19300,18950,19200,67937,0.005235602094240788
2022-06-29,18800,19750,18650,19400,110667,0.01041666666666674
2022-06-30,19150,19650,19050,19450,76085,0.002577319587628857
2022-07-01,19650,19900,19050,19350,112428,-0.005141388174807249
2022-07-04,19450,19500,19100,19350,59902,0.0
2022-07-05,19350,20550,19350,20550,109446,0.0620155038759691
2022-07-06,20100,20400,20000,20150,102393,-0.019464720194647178
2022-07-07,20050,20250,19900,20000,57021,-0.007444168734491274
2022-07-08,20050,20200,19750,19850,47026,-0.007499999999999951
2022-07-11,19750,20000,19600,19650,37035,-0.010075566750629705
2022-07-12,19600,19600,19300,19300,53258,-0.01781170483460559
2022-07-13,19300,19800,19300,19800,46154,0.02590673575129543
2022-07-14,19400,19850,19200,19400,50410,-0.02020202020202022
2022-07-15,19400,19900,19100,19550,38390,0.0077319587628865705
2022-07-18,19600,20050,19600,20050,49492,0.025575447570332477
2022-07-19,20000,20100,19600,19900,32421,-0.007481296758104716
2022-07-20,20000,20150,19650,19900,45801,0.0
2022-07-21,19700,19900,19600,19850,31677,-0.002512562814070307
2022-07-22,19700,19850,19000,19000,107995,-0.04282115869017633
2022-07-25,19000,19400,18700,19150,71849,0.007894736842105177
2022-07-26,19000,19300,18950,19250,32345,0.005221932114882533
2022-07-27,19300,19400,19000,19200,24404,-0.0025974025974025983
2022-07-28,19350,19650,19000,19200,63251,0.0
2022-07-29,19400,19600,19100,19250,35187,0.0026041666666667407
2022-08-01,19300,19350,19000,19000,49506,-0.012987012987012991
2022-08-02,19000,19350,18900,19000,49252,0.0
2022-08-03,19050,19100,18900,19050,20982,0.002631578947368318
2022-08-04,19050,19200,18900,19150,55013,0.005249343832020914
2022-08-05,19050,19450,19000,19300,60661,0.007832898172323688
2022-08-08,19350,19550,19200,19450,80597,0.007772020725388629
2022-08-09,19300,19850,19200,19850,99795,0.020565552699228773
2022-08-10,19800,19800,19300,19350,55393,-0.02518891687657432
2022-08-11,19600,19900,19500,19700,83690,0.01808785529715773
2022-08-12,19750,19750,19400,19700,43626,0.0
2022-08-16,19800,19800,19400,19450,48226,-0.012690355329949221
2022-08-17,19700,20200,19550,20000,219584,0.028277634961439535
2022-08-18,20000,20000,19500,19700,67648,-0.015000000000000013
2022-08-19,19500,19700,19400,19400,56643,-0.015228426395939132
2022-08-22,19400,19450,19000,19050,55447,-0.01804123711340211
2022-08-23,18750,19100,18600,18600,54046,-0.023622047244094446
2022-08-24,18650,19300,18450,19300,75013,0.037634408602150504
2022-08-25,19300,19350,18950,19350,44440,0.002590673575129543
2022-08-26,19350,19500,19050,19100,51760,-0.012919896640826822
2022-08-29,18850,19250,18300,18400,86276,-0.03664921465968585
2022-08-30,18400,18700,18350,18600,49814,0.010869565217391353
2022-08-31,18400,18700,18400,18550,42946,-0.0026881720430107503
2022-09-01,18250,18550,18050,18050,75258,-0.02695417789757415
2022-09-02,18400,18450,18050,18450,42629,0.02216066481994461
2022-09-05,18450,18500,18200,18400,27925,-0.0027100271002710175
2022-09-06,18550,18700,18150,18200,50313,-0.010869565217391353
2022-09-07,18050,18200,17650,17900,80010,-0.016483516483516536
2022-09-08,18100,18650,18050,18350,114039,0.025139664804469275
2022-09-13,18800,18950,18450,18700,60598,0.019073569482288777
2022-09-14,18050,18650,18000,18150,74526,-0.02941176470588236
2022-09-15,18300,18300,18000,18000,24758,-0.008264462809917328
2022-09-16,17900,17950,17650,17900,52124,-0.005555555555555536
2022-09-19,17900,18050,17600,17900,45028,0.0
2022-09-20,18100,18100,17650,17950,49120,0.0027932960893854997
2022-09-21,17650,17850,17300,17350,51293,-0.03342618384401119
2022-09-22,17150,17400,16650,17350,67087,0.0
2022-09-23,17350,17400,16550,16550,83902,-0.04610951008645536
2022-09-26,16250,16800,16100,16400,85786,-0.009063444108761365
2022-09-27,16700,16950,16250,16900,70270,0.030487804878048808
2022-09-28,16550,16900,16300,16800,79598,-0.00591715976331364
2022-09-29,16950,17100,16450,16650,61367,-0.008928571428571397
2022-09-30,16750,16850,16200,16250,74032,-0.024024024024024038
2022-10-04,17000,17050,16650,17000,60222,0.04615384615384621
2022-10-05,17000,17000,16250,16400,76734,-0.03529411764705881
2022-10-06,16400,16850,16350,16850,28442,0.027439024390243816
2022-10-07,16300,16700,16250,16350,44243,-0.029673590504451064
2022-10-11,16000,16050,15250,15300,108999,-0.06422018348623848
2022-10-12,15300,16000,15000,15850,91669,0.03594771241830075
2022-10-13,15850,15850,15350,15550,39084,-0.018927444794952675
2022-10-14,16050,16050,15600,15900,54594,0.022508038585209
2022-10-17,15650,15850,15300,15500,43781,-0.02515723270440251
2022-10-18,15650,16400,15600,16400,57218,0.058064516129032295
2022-10-19,16000,16600,16000,16100,47697,-0.018292682926829285
2022-10-20,16050,16350,15450,15850,72310,-0.01552795031055898
2022-10-21,16000,16000,15500,15550,43021,-0.018927444794952675
2022-10-24,15950,16100,15400,15700,116735,0.009646302250803762
2022-10-25,15800,15800,15250,15500,57639,-0.01273885350318471
2022-10-26,15650,15650,15150,15550,57283,0.003225806451612856
2022-10-27,15550,15950,15500,15950,39587,0.025723472668810254
2022-10-28,15800,15800,15400,15400,33263,-0.03448275862068961
2022-10-31,15550,15750,15350,15700,36585,0.01948051948051943
2022-11-01,15700,16350,15650,16250,51214,0.035031847133758065
2022-11-02,16150,16700,16100,16400,48794,0.009230769230769154
2022-11-03,16100,16350,16000,16200,37831,-0.012195121951219523
2022-11-04,16200,16250,15800,16050,35596,-0.0092592592592593
2022-11-07,16200,16400,16050,16350,35479,0.01869158878504673
2022-11-08,16400,16800,16300,16800,50328,0.02752293577981657
2022-11-09,16800,16850,16300,16300,66606,-0.029761904761904767
2022-11-10,16300,16300,15900,15950,75414,-0.021472392638036797
2022-11-11,16450,17150,16450,17000,142013,0.0658307210031348
2022-11-14,17100,17100,16550,16550,99975,-0.026470588235294135
2022-11-15,16400,17300,16400,17200,138736,0.0392749244712991
2022-11-16,17050,17250,16650,16800,96035,-0.023255813953488413
2022-11-17,16750,16850,16550,16600,55391,-0.011904761904761862
2022-11-18,16750,16900,16550,16550,63340,-0.003012048192771122
2022-11-21,16500,16750,16250,16350,74552,-0.012084592145015116
2022-11-22,16350,16550,16150,16150,46381,-0.012232415902140636
2022-11-23,16400,16550,16150,16250,80786,0.006191950464396356
2022-11-24,16200,16400,16100,16350,64234,0.006153846153846176
2022-11-25,16400,16450,16100,16100,29709,-0.015290519877675823
2022-11-28,16100,16100,15400,15450,90173,-0.04037267080745344
2022-11-29,15400,16000,15300,16000,44990,0.03559870550161803
2022-11-30,16000,16050,15700,15850,45516,-0.009375000000000022
2022-12-01,15950,16400,15950,16150,81703,0.018927444794952786
2022-12-02,16050,16100,15750,15750,43495,-0.024767801857585092
2022-12-05,15750,16150,15750,16150,65670,0.025396825396825307
2022-12-06,15900,16000,15650,15700,45234,-0.02786377708978327
2022-12-07,15550,16050,15500,15800,36265,0.006369426751592355
2022-12-08,15800,16050,15600,15600,108349,-0.012658227848101222
2022-12-09,15800,16800,15800,16700,170646,0.07051282051282048
2022-12-12,16550,16900,16350,16700,68509,0.0
2022-12-13,16700,17000,16500,16850,81313,0.008982035928143617
2022-12-14,17100,17550,17000,17450,134025,0.035608308605341144
2022-12-15,17200,17400,16900,17050,67225,-0.022922636103151817
2022-12-16,16750,16900,16500,16850,99493,-0.011730205278592365
2022-12-19,16850,17250,16800,17200,60708,0.020771513353115667
2022-12-20,17000,17050,16650,16650,50923,-0.03197674418604646
2022-12-21,16800,17150,16750,17100,53675,0.027027027027026973
2022-12-22,17200,17400,17100,17400,59909,0.01754385964912286
2022-12-23,17250,17250,16850,16900,42813,-0.028735632183908066
2022-12-26,16900,17700,16850,17650,92691,0.044378698224851965
2022-12-27,17650,17800,16800,17250,217002,-0.022662889518413554
2022-12-28,16950,17400,16250,17150,239293,-0.005797101449275366
2022-12-29,17000,17150,16400,16600,82262,-0.03206997084548102
2023-01-02,16550,16850,16000,16000,66936,-0.03614457831325302
2023-01-03,16250,16300,15650,15800,56850,-0.012499999999999956
2023-01-04,15600,16000,15600,15900,34611,0.006329113924050667
2023-01-05,15950,16000,15700,15750,59801,-0.009433962264150941
2023-01-06,15700,16150,15700,16050,72519,0.01904761904761898
2023-01-09,16200,16300,15950,16200,61963,0.009345794392523255
2023-01-10,16050,16100,15750,15750,138898,-0.02777777777777779
2023-01-11,15900,16500,15850,16200,75413,0.02857142857142847
2023-01-12,16150,16400,16100,16350,37011,0.0092592592592593
2023-01-13,16400,16600,16200,16350,29701,0.0
2023-01-16,16400,16450,16200,16350,47157,0.0
2023-01-17,16200,16400,16050,16200,60248,-0.00917431192660545
2023-01-18,16100,16450,16100,16350,37761,0.0092592592592593
2023-01-19,16300,16650,16000,16500,46899,0.00917431192660545
2023-01-20,16300,16700,16250,16500,51051,0.0
2023-01-25,16690,16800,16500,16700,47358,0.0121212121212122
2023-01-26,16530,16740,16410,16730,43035,0.001796407185628679
2023-01-27,16810,16810,16550,16690,41613,-0.002390914524805776
2023-01-30,16610,16860,16600,16600,52216,-0.005392450569203122
2023-01-31,16600,17230,16410,17010,102314,0.024698795180722932
2023-02-01,16930,17160,16780,16890,47709,-0.007054673721340388
2023-02-02,16980,17300,16750,17030,85556,0.0082889283599763
2023-02-03,17240,17240,16910,17000,52294,-0.0017615971814445297
2023-02-06,16830,17060,16670,16710,48963,-0.017058823529411793
2023-02-07,16600,16970,16600,16920,43316,0.012567324955116588
2023-02-08,16820,17080,16770,17040,39796,0.007092198581560183
2023-02-09,16880,17030,16800,17000,45572,-0.0023474178403756207
2023-02-10,16780,16990,16520,16570,72602,-0.0252941176470588
2023-02-13,16440,16610,16290,16420,47036,-0.00905250452625228
2023-02-14,16590,16710,16460,16600,46428,0.010962241169305775
2023-02-15,16110,16670,16110,16180,81335,-0.025301204819277112
2023-02-16,16360,16960,16300,16690,87847,0.03152039555006181
2023-02-17,16530,16600,16280,16390,61847,-0.017974835230677
2023-02-20,16320,16930,16200,16850,106589,0.028065893837705858
2023-02-21,16800,16880,16450,16580,56884,-0.016023738872403603
2023-02-22,16330,16360,16150,16160,64333,-0.02533172496984315
2023-02-23,16220,16760,16200,16470,70107,0.019183168316831756
2023-02-24,16330,16440,16210,16360,54367,-0.006678809957498477
2023-02-27,16350,16350,16010,16060,53642,-0.01833740831295838
2023-02-28,16110,16370,16110,16140,48866,0.00498132004981322
2023-03-02,16060,16190,15870,15870,93893,-0.016728624535315983
2023-03-03,15910,16100,15900,15910,44842,0.002520478890989386
2023-03-06,15990,15990,15770,15870,66345,-0.0025141420490257804
2023-03-07,15880,16170,15820,15910,43103,0.002520478890989386
2023-03-08,15860,15910,15530,15560,91286,-0.021998742928975523
2023-03-09,15610,15710,15420,15710,77192,0.009640102827763508
2023-03-10,15710,15710,15310,15450,109110,-0.01654996817313814
2023-03-13,15350,15550,15100,15540,78702,0.005825242718446644
2023-03-14,15420,15420,14870,14910,122926,-0.04054054054054057
2023-03-15,14990,15160,14830,14880,128151,-0.002012072434607659
2023-03-16,14820,14890,14510,14810,70111,-0.0047043010752688685
2023-03-17,14990,15500,14810,15470,118612,0.044564483457123494
2023-03-20,15310,15700,15290,15340,59446,-0.008403361344537785
2023-03-21,15340,15470,15120,15150,59022,-0.012385919165580184
2023-03-22,15400,15400,15150,15340,54884,0.012541254125412626
2023-03-23,15110,15340,15000,15090,77462,-0.01629726205997395
2023-03-24,15100,15190,14980,15000,74663,-0.005964214711729587
2023-03-27,15080,15080,14740,14860,85764,-0.009333333333333305
2023-03-28,14860,15150,14860,15120,41210,0.01749663526244949
2023-03-29,15160,15160,15010,15100,41991,-0.001322751322751281
2023-03-30,15130,15530,15000,15500,97827,0.026490066225165476
2023-03-31,15500,15560,15300,15550,41971,0.003225806451612856
2023-04-03,15530,15610,15180,15330,78995,-0.014147909967845651
2023-04-04,15460,15770,15220,15750,102732,0.027397260273972712
2023-04-05,15610,16040,15610,15960,91961,0.01333333333333342
2023-04-06,15860,15950,15510,15580,82136,-0.023809523809523836
2023-04-07,15830,16050,15570,16020,117252,0.028241335044929317
2023-04-10,16040,16040,15520,15760,89987,-0.01622971285892638
2023-04-11,15780,15960,15610,15850,79397,0.005710659898477077
2023-04-12,15960,16120,15730,16100,116205,0.01577287066246047
2023-04-13,16150,16350,15900,16130,107329,0.0018633540372670065
2023-04-14,16140,16340,16040,16210,90201,0.004959702417854928
2023-04-17,16220,16220,15900,15920,72100,-0.017890191239975373
2023-04-18,15920,15950,15590,15750,96220,-0.010678391959799027
2023-04-19,15750,15750,15500,15590,72435,-0.010158730158730145
2023-04-20,15600,15610,15290,15290,94816,-0.019243104554201418
2023-04-21,15400,15400,15130,15220,74931,-0.00457815565729236
2023-04-24,15240,15360,15100,15320,70175,0.006570302233902758
2023-04-25,15360,15380,15100,15200,67015,-0.007832898172323799
2023-04-26,15130,15350,15050,15090,396614,-0.007236842105263208
2023-04-27,15080,15140,14860,14980,162412,-0.0072895957587806315
2023-04-28,15100,15210,14890,15050,128265,0.004672897196261738
2023-05-02,15010,15270,14850,15260,81467,0.013953488372093092
2023-05-03,15070,15270,15050,15180,59043,-0.005242463958060273
2023-05-04,15250,15400,15050,15340,80109,0.010540184453228019
2023-05-08,15500,15580,15310,15470,66906,0.008474576271186418
2023-05-09,15470,15480,15210,15260,58052,-0.013574660633484115
2023-05-10,15300,15310,15000,15290,55906,0.001965923984272644
2023-05-11,15370,15480,15240,15440,81196,0.009810333551340644
2023-05-12,15390,15390,15050,15270,74779,-0.011010362694300557
2023-05-15,15190,15390,15080,15370,77012,0.0065487884741322056
2023-05-16,15430,15550,15080,15080,124547,-0.018867924528301883
2023-05-17,15170,15530,15080,15420,121821,0.022546419098143256
2023-05-18,15610,15610,15280,15450,69773,0.0019455252918287869
2023-05-19,15600,15620,15450,15620,115294,0.011003236245954673
2023-05-22,15710,16050,15630,15700,160539,0.005121638924455718
2023-05-23,15640,16220,15630,16200,164350,0.031847133757961776
2023-05-24,16060,16230,15850,16090,162519,-0.006790123456790087
2023-05-25,15990,16190,15620,15700,85703,-0.02423865755127408
2023-05-26,15670,15750,15410,15480,115476,-0.014012738853503182
2023-05-30,15500,15810,15490,15730,98757,0.016149870801033694
2023-05-31,15740,15920,15520,15520,76339,-0.013350286077558837
2023-06-01,15510,15800,15440,15660,57844,0.009020618556700999
2023-06-02,15690,15790,15580,15710,55217,0.0031928480204341803
2023-06-05,15750,15950,15660,15900,98497,0.012094207511139432
2023-06-07,15960,16030,15720,15720,88802,-0.01132075471698113
2023-06-08,15740,15830,15500,15760,90134,0.0025445292620864812
2023-06-09,15760,16050,15670,15870,128801,0.006979695431472033
2023-06-12,15940,15960,15520,15560,108836,-0.01953371140516702
2023-06-13,15570,15780,15510,15570,95111,0.0006426735218509894
2023-06-14,15580,15580,15100,15160,142055,-0.02633269107257552
2023-06-15,15150,15260,14960,15020,134360,-0.00923482849604218
2023-06-16,15030,15190,15000,15020,106767,0.0
2023-06-19,15320,15320,14960,15150,101133,0.008655126498002597
2023-06-20,15150,15210,15000,15000,73656,-0.00990099009900991
2023-06-21,14950,15110,14780,14810,128406,-0.012666666666666715
2023-06-22,14800,14890,14700,14720,52914,-0.006076975016880537
2023-06-23,14810,14810,14550,14590,97012,-0.008831521739130488
2023-06-26,14500,14740,14380,14520,76463,-0.00479780671692942
2023-06-27,14460,14610,14380,14400,70763,-0.008264462809917328
2023-06-28,14520,14520,14320,14380,73531,-0.001388888888888884
2023-06-29,14460,14550,14120,14150,96045,-0.01599443671766343
2023-06-30,14100,14300,13990,14290,96355,0.009893992932862083
2023-07-03,14250,14470,14160,14270,107821,-0.0013995801259621965
2023-07-04,14130,14210,13970,13970,129277,-0.021023125437981793
2023-07-05,13980,14030,13670,13670,141559,-0.021474588403722294
2023-07-06,13660,13660,13250,13280,151333,-0.028529626920263396
2023-07-07,13290,13510,13200,13240,105857,-0.003012048192771122
2023-07-10,13100,13250,13000,13150,112477,-0.006797583081570968
2023-07-11,13150,13360,13120,13350,71307,0.015209125475285079
2023-07-12,13320,13620,13150,13600,87123,0.01872659176029967
2023-07-13,13680,13970,13650,13790,118016,0.013970588235294068
2023-07-14,13670,13790,13580,13680,70996,-0.00797679477882518
2023-07-17,13600,13940,13530,13850,91849,0.01242690058479523
2023-07-18,13820,13930,13390,13390,108002,-0.033212996389891725
2023-07-19,13400,13670,13320,13610,171440,0.01643017176997752
2023-07-20,13610,13850,13410,13730,116130,0.00881704628949298
2023-07-21,13530,13910,13520,13700,200707,-0.002184996358339353
2023-07-24,13820,13850,13550,13710,128984,0.0007299270072993469
2023-07-25,13680,13690,13250,13330,171530,-0.027716994894237734
2023-07-26,13260,13430,13000,13070,234678,-0.019504876219054723
2023-07-27,13230,13770,13210,13770,153812,0.05355776587605199
2023-07-28,13800,13870,13470,13710,87791,-0.004357298474945481
2023-07-31,13760,13830,13530,13650,111776,-0.004376367614879695
2023-08-01,13570,13890,13570,13730,113588,0.00586080586080584
2023-08-02,13860,13860,13580,13700,120837,-0.002184996358339353
2023-08-03,13650,14130,13540,14050,161600,0.025547445255474477
2023-08-04,14100,14130,13780,13820,80642,-0.016370106761565806
2023-08-07,13730,14050,13720,13940,83516,0.00868306801736618
2023-08-08,14030,14160,13780,14010,137962,0.0050215208034434244
2023-08-09,14030,14360,13940,14330,156986,0.0228408279800143
2023-08-10,14280,14750,14190,14540,281842,0.014654570830425762
2023-08-11,14540,14540,14250,14340,154393,-0.01375515818431916
2023-08-14,14500,14550,14300,14480,284859,0.009762900976290068
2023-08-16,14470,14470,13950,14140,190327,-0.023480662983425438
2023-08-17,14130,14290,13850,14190,136523,0.0035360678925036026
2023-08-18,14030,14290,13870,14250,115473,0.0042283298097252064
2023-08-21,14340,14450,14150,14250,130955,0.0
2023-08-22,14300,14300,14000,14010,93400,-0.01684210526315788
2023-08-23,13950,14150,13860,14080,101281,0.0049964311206280865
2023-08-24,14120,14220,13840,13870,133997,-0.014914772727272707
2023-08-25,13760,14200,13730,14040,105273,0.012256669069935056
2023-08-28,14190,14280,13960,13980,76360,-0.004273504273504258
2023-08-29,14040,14240,14040,14150,75705,0.012160228898426384
2023-08-30,14250,14250,14050,14080,77731,-0.004946996466431042
2023-08-31,14030,14280,14030,14110,114106,0.0021306818181818787
2023-09-01,14060,14240,13990,14190,96209,0.005669737774627981
2023-09-04,14190,14190,13980,14080,70693,-0.007751937984496138
2023-09-05,14080,14130,13930,13930,93921,-0.01065340909090906
2023-09-06,13920,14050,13700,13710,130544,-0.015793251974156486
2023-09-07,13730,14070,13730,13870,129896,0.011670313639678964
2023-09-08,13990,14470,13890,14430,205803,0.04037490987743331
2023-09-11,14450,15000,14330,14880,317862,0.031185031185031242
2023-09-12,15150,15400,14930,15140,675035,0.017473118279569988
2023-09-13,15140,15250,14900,15200,300519,0.003963011889035695
2023-09-14,15200,15390,15060,15300,218221,0.006578947368421018
2023-09-15,15300,15400,15120,15260,142550,-0.002614379084967311
2023-09-18,15270,15520,15100,15150,221491,-0.007208387942332917
2023-09-19,15140,15240,14150,15040,110392,-0.007260726072607304
2023-09-20,15040,15270,14940,15200,176609,0.010638297872340496
2023-09-21,15200,15200,14820,14900,104755,-0.019736842105263164
2023-09-22,14880,15170,14620,15080,194672,0.012080536912751683
2023-09-25,15080,16130,14950,15060,810265,-0.0013262599469495706
2023-09-26,15070,15180,14790,15040,221134,-0.0013280212483399723
2023-09-27,15000,15030,14670,14900,115745,-0.009308510638297851
2023-10-04,14690,14820,14570,14700,230795,-0.01342281879194629
2023-10-05,14840,15590,14670,15250,387492,0.03741496598639449
2023-10-06,15390,16200,15260,16080,638944,0.054426229508196755
2023-10-10,16100,17110,16100,16640,800560,0.03482587064676612
2023-10-11,16890,17070,16520,16720,408620,0.004807692307692291
2023-10-12,16860,16860,16300,16560,325762,-0.009569377990430672
2023-10-13,16400,16740,16400,16550,251014,-0.0006038647342995196
2023-10-16,16490,16710,16190,16480,284050,-0.004229607250755274
2023-10-17,16450,16570,16120,16480,200964,0.0
2023-10-18,16370,16380,15740,16230,279161,-0.015169902912621325
2023-10-19,15880,15900,15290,15470,290241,-0.04682686383240908
2023-10-20,15300,15460,14440,15010,339608,-0.029734970911441505
2023-10-23,15010,15550,14940,15550,205672,0.035976015989340526
2023-10-24,15550,15980,15170,15850,185197,0.019292604501607746
2023-10-25,15990,15990,15340,15840,211373,-0.0006309148264984632
2023-10-26,15410,15720,15310,15470,161203,-0.023358585858585856
2023-10-27,15620,16120,15480,16100,295581,0.040723981900452566
2023-10-30,16190,16530,16100,16100,280367,0.0
2023-10-31,16170,16400,15930,16110,175065,0.0006211180124222615
2023-11-01,16300,16510,15980,16510,193554,0.024829298572315306
2023-11-02,16790,16790,16340,16340,210302,-0.010296789824348895
2023-11-03,16350,16440,15970,16150,213837,-0.011627906976744207
2023-11-06,16350,16810,16050,16790,416934,0.03962848297213628
2023-11-07,16700,16800,16400,16440,208446,-0.02084574151280527
2023-11-08,16500,16940,16260,16460,382101,0.0012165450121655041
2023-11-09,16530,16530,16130,16360,153617,-0.0060753341433779084
2023-11-10,16150,16320,16000,16250,90589,-0.00672371638141811
2023-11-13,16250,16440,15880,15940,141264,-0.019076923076923102
2023-11-14,15800,16020,15610,15610,134039,-0.02070263488080304
2023-11-15,15770,15830,15360,15600,229490,-0.0006406149903908087
2023-11-16,15620,15640,15440,15570,89522,-0.0019230769230769162
2023-11-17,15570,15740,15370,15430,100450,-0.008991650610147728
2023-11-20,15480,15730,15340,15710,101641,0.018146467919637033
2023-11-21,15760,15760,15530,15530,84557,-0.01145767027371103
2023-11-22,15530,15570,15040,15250,191487,-0.01802962009014808
