Date,Open,High,Low,Close,Volume,Change
2022-01-03,22850,22900,22700,22850,8875,0.002192982456140413
2022-01-04,22800,22900,22700,22900,15090,0.002188183807439792
2022-01-05,22700,22900,22600,22600,18451,-0.013100436681222738
2022-01-06,22500,22800,22300,22400,28312,-0.008849557522123908
2022-01-07,22550,22550,22300,22400,9531,0.0
2022-01-10,22400,22400,21950,22150,26828,-0.011160714285714302
2022-01-11,22000,22200,21800,22050,17035,-0.004514672686230292
2022-01-12,22050,22200,22000,22200,15807,0.006802721088435382
2022-01-13,22150,22150,21900,22050,7954,-0.006756756756756799
2022-01-14,21850,22000,21700,21950,21168,-0.0045351473922902175
2022-01-17,21950,22100,21400,21550,16630,-0.018223234624145768
2022-01-18,21450,21750,21150,21500,20799,-0.002320185614849146
2022-01-19,21150,21450,21100,21300,12844,-0.009302325581395321
2022-01-20,21150,21500,21050,21450,19670,0.007042253521126751
2022-01-21,21450,23550,21400,21950,196515,0.02331002331002341
2022-01-24,21800,21800,20950,21300,45031,-0.029612756264236872
2022-01-25,21350,21350,20450,20500,38793,-0.03755868544600938
2022-01-26,20400,20750,20250,20250,20631,-0.012195121951219523
2022-01-27,20350,20400,19000,19250,49155,-0.04938271604938271
2022-01-28,19550,20350,19400,20350,30324,0.05714285714285716
2022-02-03,20550,21100,20500,20950,15470,0.029484029484029506
2022-02-04,20850,21150,20650,21000,10779,0.0023866348448686736
2022-02-07,21350,21350,20800,21300,13780,0.014285714285714235
2022-02-08,21150,21450,20850,20850,13573,-0.021126760563380254
2022-02-09,20900,21450,20850,21400,14694,0.026378896882494063
2022-02-10,21600,22200,21600,21950,28254,0.025700934579439227
2022-02-11,21850,21850,21350,21500,10775,-0.02050113895216399
2022-02-14,21200,21200,20750,21100,16552,-0.018604651162790753
2022-02-15,21000,21200,20450,20700,13598,-0.018957345971563955
2022-02-16,21000,21150,20850,21100,11662,0.019323671497584627
2022-02-17,21100,21300,20650,21050,12547,-0.0023696682464454666
2022-02-18,20900,21050,20650,21050,16442,0.0
2022-02-21,20900,21000,20600,21000,19701,-0.002375296912114022
2022-02-22,20750,20950,20500,20500,19898,-0.023809523809523836
2022-02-23,20500,20750,20500,20600,14972,0.004878048780487809
2022-02-24,20450,20500,19950,20150,24970,-0.021844660194174748
2022-02-25,20250,20400,20150,20250,12760,0.00496277915632759
2022-02-28,20100,20700,20050,20600,13763,0.01728395061728394
2022-03-02,20500,20750,20400,20700,8562,0.004854368932038833
2022-03-03,20700,21250,20700,21100,13359,0.019323671497584627
2022-03-04,21100,21450,20750,21100,16391,0.0
2022-03-07,21000,21100,20550,20550,17048,-0.026066350710900466
2022-03-08,20000,20750,19950,20750,16362,0.009732360097323589
2022-03-10,20900,21100,20800,20950,12146,0.009638554216867545
2022-03-11,21000,21150,20850,21100,9685,0.007159904534606243
2022-03-14,21050,21100,20750,21100,14032,0.0
2022-03-15,20900,21050,20550,20950,12473,-0.007109004739336511
2022-03-16,21150,21150,20850,20950,13035,0.0
2022-03-17,21200,21350,21050,21250,21720,0.014319809069212486
2022-03-18,21250,21600,21100,21600,19266,0.016470588235294015
2022-03-21,21600,21850,21550,21850,21948,0.011574074074074181
2022-03-22,21800,21850,21550,21800,11378,-0.0022883295194507935
2022-03-23,21750,21850,21500,21800,23962,0.0
2022-03-24,21800,21800,21500,21800,9347,0.0
2022-03-25,21800,21850,21450,21600,22862,-0.00917431192660545
2022-03-28,21400,21500,21200,21250,18533,-0.01620370370370372
2022-03-29,21350,21450,21200,21400,9515,0.007058823529411784
2022-03-30,21400,21600,21300,21600,9237,0.009345794392523255
2022-03-31,21550,21800,21300,21700,13380,0.004629629629629539
2022-04-01,21700,21750,21300,21500,25609,-0.009216589861751112
2022-04-04,21500,22050,21400,21950,34569,0.020930232558139528
2022-04-05,21950,22000,21850,21950,8532,0.0
2022-04-06,21850,21900,21600,21900,16422,-0.002277904328018221
2022-04-07,21900,22050,21700,21950,20177,0.0022831050228311334
2022-04-08,21950,22100,21700,21950,20107,0.0
2022-04-11,21750,22100,21650,21950,37577,0.0
2022-04-12,21900,21900,21550,21800,18995,-0.006833712984054663
2022-04-13,21700,21950,21700,21900,13052,0.004587155963302836
2022-04-14,21900,22200,21750,22000,13053,0.004566210045662045
2022-04-15,22000,22000,21650,21850,12595,-0.006818181818181834
2022-04-18,22000,22250,21400,21550,45443,-0.013729977116704761
2022-04-19,21600,22000,21450,22000,21418,0.02088167053364276
2022-04-20,22000,22150,21850,21900,7491,-0.004545454545454519
2022-04-21,22000,22000,21800,21900,11379,0.0
2022-04-22,21900,21900,21500,21800,19654,-0.004566210045662156
2022-04-25,21700,21950,21350,21800,39855,0.0
2022-04-26,21650,21900,21650,21800,15916,0.0
2022-04-27,21550,21850,21500,21850,20076,0.002293577981651307
2022-04-28,21950,22000,21600,22000,24013,0.006864988558352492
2022-04-29,22050,22150,21900,22000,9457,0.0
2022-05-02,22000,22600,21850,22500,30465,0.022727272727272707
2022-05-03,22500,22950,22400,22550,42832,0.0022222222222221255
2022-05-04,22550,22700,22150,22200,21381,-0.01552106430155209
2022-05-06,22200,22300,21700,22300,37836,0.0045045045045044585
2022-05-09,22100,22250,21600,21650,33741,-0.029147982062780242
2022-05-10,21300,21500,20750,21000,37483,-0.03002309468822173
2022-05-11,20850,21000,20650,20950,28000,-0.0023809523809523725
2022-05-12,20800,20800,20000,20250,35456,-0.03341288782816232
2022-05-13,20550,20550,20200,20450,21221,0.009876543209876631
2022-05-16,20450,20600,20200,20400,11678,-0.0024449877750610804
2022-05-17,20200,20350,20150,20350,13907,-0.002450980392156854
2022-05-18,20450,20450,20100,20300,11313,-0.002457002457002422
2022-05-19,20000,20050,19650,19900,26995,-0.019704433497536922
2022-05-20,19850,20350,19850,20350,17721,0.022613065326633208
2022-05-23,20300,20450,20200,20400,13280,0.002457002457002533
2022-05-24,20350,20350,20000,20100,10767,-0.014705882352941124
2022-05-25,20050,20250,20000,20200,12340,0.004975124378109541
2022-05-26,20250,20250,20000,20150,10905,-0.0024752475247524774
2022-05-27,20150,20250,20100,20200,13845,0.002481389578163684
2022-05-30,20250,20600,20250,20600,21190,0.01980198019801982
2022-05-31,20700,20750,20450,20700,15158,0.004854368932038833
2022-06-02,20500,20750,20450,20700,7705,0.0
2022-06-03,20800,20850,20600,20700,5377,0.0
2022-06-07,20700,20800,20200,20450,14268,-0.012077294685990392
2022-06-08,20150,20450,20150,20350,6881,-0.004889975550122272
2022-06-09,20350,20350,20000,20100,11635,-0.012285012285012331
2022-06-10,20250,20250,19950,20100,9123,0.0
2022-06-13,19950,19950,19250,19350,38239,-0.03731343283582089
2022-06-14,18900,19400,18850,19250,30377,-0.0051679586563307955
2022-06-15,19000,19300,18500,18550,27533,-0.036363636363636376
2022-06-16,18800,19000,18200,18200,16091,-0.018867924528301883
2022-06-17,17600,18500,17500,18500,22277,0.016483516483516425
2022-06-20,18400,18400,17450,17800,33097,-0.037837837837837784
2022-06-21,17550,17950,17400,17850,22984,0.002808988764045006
2022-06-22,17850,18350,17000,17000,50967,-0.04761904761904767
2022-06-23,16900,17200,16350,16500,53416,-0.02941176470588236
2022-06-24,16350,17200,16350,17200,25230,0.042424242424242475
2022-06-27,17450,17750,17200,17650,20899,0.026162790697674465
2022-06-28,17400,17750,17350,17600,8140,-0.0028328611898017497
2022-06-29,17100,17600,17050,17350,12302,-0.014204545454545414
2022-06-30,17250,17450,17100,17350,13033,0.0
2022-07-01,17350,17500,16900,17200,20126,-0.008645533141210415
2022-07-04,17100,17150,16500,16700,19386,-0.029069767441860517
2022-07-05,16650,17300,16650,17300,7982,0.03592814371257491
2022-07-06,17300,17500,17200,17350,9621,0.0028901734104045396
2022-07-07,17450,17650,17400,17600,11653,0.014409221902017322
2022-07-08,17650,17800,17500,17700,9201,0.005681818181818121
2022-07-11,17900,18150,17750,18000,15334,0.016949152542372836
2022-07-12,18100,18150,17450,17700,10693,-0.01666666666666672
2022-07-13,17500,17900,17500,17800,11668,0.005649717514124353
2022-07-14,17700,17800,17500,17800,5480,0.0
2022-07-15,17650,17900,17000,17350,22244,-0.0252808988764045
2022-07-18,17550,17850,17450,17850,9802,0.028818443804034644
2022-07-19,17800,18350,17750,18300,21123,0.025210084033613356
2022-07-20,18750,19000,18450,18850,27607,0.030054644808743092
2022-07-21,18850,19050,18400,18550,11418,-0.01591511936339518
2022-07-22,18600,18600,18250,18400,7771,-0.008086253369272267
2022-07-25,18300,18350,18150,18250,5813,-0.008152173913043459
2022-07-26,18250,18350,18000,18150,9584,-0.005479452054794498
2022-07-27,18150,18300,18100,18250,2638,0.005509641873278293
2022-07-28,18250,18400,18000,18100,20926,-0.008219178082191747
2022-07-29,18100,18250,18000,18150,24974,0.0027624309392264568
2022-08-01,18150,18200,17950,18200,9710,0.0027548209366390353
2022-08-02,18150,18350,18000,18350,8065,0.008241758241758212
2022-08-03,18350,18500,18000,18450,11057,0.005449591280654031
2022-08-04,18450,18550,18150,18250,21563,-0.010840108401083959
2022-08-05,18350,18800,18350,18750,18987,0.027397260273972712
2022-08-08,18750,18850,18600,18750,4095,0.0
2022-08-09,18650,18850,18400,18700,13080,-0.002666666666666706
2022-08-10,18600,18700,18250,18250,10930,-0.024064171122994638
2022-08-11,18250,18550,18250,18500,5876,0.013698630136986356
2022-08-12,18350,19450,18350,18950,40027,0.024324324324324298
2022-08-16,19000,19100,18750,18900,9710,-0.0026385224274406704
2022-08-17,18900,18950,18450,18550,13091,-0.01851851851851849
2022-08-18,18400,18400,18100,18350,17063,-0.010781671159029615
2022-08-19,18300,18300,18000,18200,8844,-0.008174386920980936
2022-08-22,17950,18050,17750,17800,8978,-0.02197802197802201
2022-08-23,17450,17800,17400,17700,17572,-0.005617977528089901
2022-08-24,17500,18000,17350,17550,15400,-0.008474576271186418
2022-08-25,17550,17800,17500,17750,8886,0.01139601139601143
2022-08-26,17900,18000,17650,17800,14136,0.0028169014084507005
2022-08-29,17150,17400,17000,17000,29040,-0.0449438202247191
2022-08-30,16900,17200,16900,17200,14506,0.0117647058823529
2022-08-31,17100,17500,16950,17300,8523,0.005813953488372103
2022-09-01,17300,17550,16950,17100,13834,-0.011560693641618491
2022-09-02,17100,17450,17000,17050,10005,-0.0029239766081871066
2022-09-05,16900,17150,16800,16800,6538,-0.014662756598240456
2022-09-06,16800,17100,16800,17050,11374,0.014880952380952328
2022-09-07,16850,16950,16500,16750,15279,-0.017595307917888547
2022-09-08,16850,16900,16650,16850,7842,0.005970149253731405
2022-09-13,16950,17450,16950,17250,13652,0.023738872403560762
2022-09-14,17000,17200,16850,17200,12906,-0.0028985507246376274
2022-09-15,17200,17250,16950,17050,4802,-0.008720930232558155
2022-09-16,17100,17150,16800,17000,11529,-0.0029325513196480912
2022-09-19,17000,17100,16300,16850,30580,-0.008823529411764675
2022-09-20,16700,16900,16650,16700,10641,-0.008902077151335286
2022-09-21,16700,16800,16400,16600,14066,-0.005988023952095856
2022-09-22,16450,16550,16100,16550,20818,-0.003012048192771122
2022-09-23,16400,16400,16050,16100,14970,-0.027190332326283984
2022-09-26,15800,16000,15250,15450,29264,-0.04037267080745344
2022-09-27,15300,15450,15100,15250,13615,-0.012944983818770184
2022-09-28,15000,15300,14750,14900,34653,-0.022950819672131195
2022-09-29,15000,15250,14850,14850,18198,-0.003355704697986628
2022-09-30,14750,14900,14550,14800,18926,-0.0033670033670033517
2022-10-04,14800,15150,14800,15150,14420,0.023648648648648685
2022-10-05,15150,15200,14800,14900,12451,-0.01650165016501648
2022-10-06,15000,15450,14900,15350,13493,0.030201342281879207
2022-10-07,15200,15400,15150,15250,10643,-0.006514657980456029
2022-10-11,15250,15250,14250,14300,29236,-0.06229508196721312
2022-10-12,14300,14500,14150,14400,11493,0.006993006993007089
2022-10-13,14250,14350,13900,14100,12555,-0.02083333333333337
2022-10-14,14150,14500,14150,14400,8153,0.02127659574468077
2022-10-17,14100,14700,14100,14550,9539,0.01041666666666674
2022-10-18,14550,14800,14500,14600,8254,0.0034364261168384758
2022-10-19,14750,15050,14650,14900,14444,0.020547945205479534
2022-10-20,14950,14950,14600,14700,9078,-0.01342281879194629
2022-10-21,14500,14700,14300,14400,7673,-0.020408163265306145
2022-10-24,14500,14750,14450,14500,7057,0.00694444444444442
2022-10-25,14500,14700,14300,14450,11203,-0.0034482758620689724
2022-10-26,14550,14650,14200,14300,8939,-0.01038062283737029
2022-10-27,14350,15050,14250,14850,18485,0.03846153846153855
2022-10-28,14850,15600,14650,15300,26277,0.030303030303030276
2022-10-31,15300,18050,15150,16200,240851,0.05882352941176472
2022-11-01,16100,16450,15950,16200,22285,0.0
2022-11-02,16200,16400,16000,16150,12903,-0.0030864197530864335
2022-11-03,15800,16300,15750,16150,13316,0.0
2022-11-04,15950,16300,15850,16150,7148,0.0
2022-11-07,16150,16300,15950,16150,5780,0.0
2022-11-08,16350,16600,16150,16600,13969,0.02786377708978338
2022-11-09,16650,16650,16450,16600,4513,0.0
2022-11-10,16500,16600,16350,16550,3233,-0.003012048192771122
2022-11-11,16800,16900,16550,16800,17680,0.015105740181268867
2022-11-14,16800,16900,16600,16800,11084,0.0
2022-11-15,16800,16950,16750,16950,15019,0.008928571428571397
2022-11-16,16950,17000,16750,16900,6350,-0.002949852507374673
2022-11-17,16750,16850,16600,16800,4935,-0.00591715976331364
2022-11-18,16700,16900,16700,16800,6346,0.0
2022-11-21,16750,16800,16400,16600,5228,-0.011904761904761862
2022-11-22,16600,16600,16250,16550,8048,-0.003012048192771122
2022-11-23,16600,16600,16300,16600,9948,0.0030211480362538623
2022-11-24,16600,16650,16450,16650,4635,0.003012048192771122
2022-11-25,16650,16650,16550,16600,4867,-0.0030030030030030463
2022-11-28,16600,16600,16150,16200,6942,-0.02409638554216864
2022-11-29,16200,16250,16000,16250,9284,0.0030864197530864335
2022-11-30,16300,16350,16100,16350,5444,0.006153846153846176
2022-12-01,16600,16650,16350,16600,14601,0.015290519877675823
2022-12-02,16400,16700,16400,16600,6911,0.0
2022-12-05,16550,16700,16450,16450,8151,-0.009036144578313254
2022-12-06,16350,16350,15500,16250,12075,-0.012158054711246202
2022-12-07,16000,16200,15950,16100,3825,-0.009230769230769265
2022-12-08,16000,16200,15950,16100,7446,0.0
2022-12-09,15950,16250,15950,16200,7255,0.006211180124223503
2022-12-12,16150,16350,16150,16300,6709,0.006172839506172867
2022-12-13,16200,16750,16200,16600,28643,0.018404907975460016
2022-12-14,16750,16850,16600,16750,22407,0.009036144578313143
2022-12-15,16800,17000,16600,16850,32413,0.005970149253731405
2022-12-16,16800,17100,16600,17050,32672,0.011869436201780381
2022-12-19,17050,17100,16650,16800,16244,-0.014662756598240456
2022-12-20,16700,16700,16000,16150,21929,-0.038690476190476164
2022-12-21,16100,16450,16000,16350,22772,0.01238390092879249
2022-12-22,16350,17650,16300,17200,58975,0.051987767584097844
2022-12-23,17100,17650,16750,17000,23456,-0.011627906976744207
2022-12-26,16850,17100,16750,16950,13159,-0.002941176470588225
2022-12-27,16850,17200,16800,17050,20140,0.005899705014749346
2022-12-28,16900,17200,16700,17050,11321,0.0
2022-12-29,17100,17100,16300,16750,23658,-0.017595307917888547
2023-01-02,16850,17000,16700,16850,15044,0.005970149253731405
2023-01-03,16600,16750,16050,16400,19448,-0.02670623145400597
2023-01-04,16450,16500,16000,16250,18009,-0.009146341463414642
2023-01-05,16250,16600,16250,16600,13849,0.021538461538461506
2023-01-06,16450,17150,16450,17100,29228,0.030120481927710774
2023-01-09,17150,17450,17000,17100,21027,0.0
2023-01-10,17000,17100,16800,16950,11151,-0.00877192982456143
2023-01-11,17150,17150,16850,16950,11695,0.0
2023-01-12,16950,17450,16950,17200,29790,0.014749262536873253
2023-01-13,17300,17300,16900,16900,14398,-0.01744186046511631
2023-01-16,17050,17050,16800,16900,12311,0.0
2023-01-17,16950,18050,16900,17550,195952,0.03846153846153855
2023-01-18,17650,18400,17400,17850,110582,0.017094017094017033
2023-01-19,17750,17750,17350,17550,34066,-0.01680672268907568
2023-01-20,17700,17700,16950,16950,49168,-0.03418803418803418
2023-01-25,17200,17300,17080,17100,32943,0.008849557522123908
2023-01-26,17200,17350,17170,17190,18216,0.0052631578947368585
2023-01-27,17210,17210,17110,17180,17986,-0.0005817335660267542
2023-01-30,17180,17230,17040,17100,13913,-0.00465657741559955
2023-01-31,17090,17090,16850,16890,27318,-0.012280701754386003
2023-02-01,16850,16970,16830,16950,15610,0.003552397868561208
2023-02-02,16960,17070,16920,17050,18821,0.005899705014749346
2023-02-03,17120,17120,16940,16950,14578,-0.0058651026392961825
2023-02-06,16950,16990,16840,16940,13984,-0.0005899705014749124
2023-02-07,16940,17060,16820,16900,13389,-0.0023612750885477762
2023-02-08,16900,16980,16830,16980,9506,0.004733727810650956
2023-02-09,16980,17050,16850,17050,8469,0.0041224970553592755
2023-02-10,17060,17190,16840,17180,17210,0.007624633431084993
2023-02-13,17180,17180,16900,16940,14120,-0.01396973224679865
2023-02-14,16970,17080,16810,17000,37733,0.0035419126328217754
2023-02-15,17000,17000,16670,16720,10480,-0.016470588235294126
2023-02-16,16800,16880,16710,16800,9176,0.004784688995215225
2023-02-17,16600,16780,16540,16620,12202,-0.010714285714285676
2023-02-20,16620,16830,16500,16830,13524,0.012635379061371799
2023-02-21,16830,16860,16720,16810,8596,-0.0011883541295305555
2023-02-22,16710,16750,16530,16530,11528,-0.016656751933373015
2023-02-23,16530,16690,16530,16640,12532,0.006654567453115545
2023-02-24,16650,16650,16410,16550,19658,-0.005408653846153855
2023-02-27,16500,16500,16200,16300,17416,-0.015105740181268867
2023-02-28,16250,16380,16250,16290,6970,-0.0006134969325153339
2023-03-02,16280,16280,16000,16080,31804,-0.012891344383057057
2023-03-03,16090,16150,16030,16140,11321,0.003731343283582156
2023-03-06,16140,16170,16000,16070,18101,-0.004337050805452325
2023-03-07,16010,16530,16000,16520,22225,0.028002489110143136
2023-03-08,16520,16630,16330,16510,10703,-0.000605326876513268
2023-03-09,16490,16510,16270,16500,9074,-0.0006056935190793533
2023-03-10,16490,16500,16100,16100,15252,-0.024242424242424288
2023-03-13,15650,15950,15490,15690,25318,-0.02546583850931672
2023-03-14,15700,15700,15090,15100,28328,-0.03760356915232632
2023-03-15,15150,15390,14890,14930,25192,-0.011258278145695355
2023-03-16,15000,15060,14660,15000,22310,0.0046885465505692725
2023-03-17,15020,15260,14980,15050,15692,0.0033333333333334103
2023-03-20,15050,15190,15010,15100,6181,0.0033222591362125353
2023-03-21,15040,15320,15040,15260,9529,0.01059602649006619
2023-03-22,15220,15350,14810,15000,57322,-0.017038007863695914
2023-03-23,15000,15000,14770,14900,22408,-0.00666666666666671
2023-03-24,14940,15080,14650,14900,11961,0.0
2023-03-27,14800,14850,14600,14760,14643,-0.00939597315436247
2023-03-28,14760,14910,14670,14810,11371,0.003387533875338855
2023-03-29,14750,14860,14630,14740,19619,-0.004726536124240344
2023-03-30,14770,14900,14650,14890,17287,0.010176390773405597
2023-03-31,14890,15150,14880,15050,15104,0.01074546675621213
2023-04-03,15050,15160,14980,15050,10557,0.0
2023-04-04,15020,15250,14960,15210,22426,0.010631229235880335
2023-04-05,15250,15710,15150,15670,28389,0.030243261012491862
2023-04-06,15670,15670,15280,15360,20880,-0.01978302488832162
2023-04-07,15560,15560,15210,15260,8861,-0.00651041666666663
2023-04-10,15140,15150,14930,14990,15907,-0.017693315858453462
2023-04-11,15120,15380,14900,15320,9140,0.02201467645096722
2023-04-12,15410,15550,15260,15540,12712,0.01436031331592691
2023-04-13,15350,15900,15350,15800,23795,0.016731016731016624
2023-04-14,15900,16240,15680,16000,19860,0.012658227848101333
2023-04-17,16000,16000,15770,15790,8007,-0.013125000000000053
2023-04-18,15790,15790,15460,15640,9024,-0.00949968334388851
2023-04-19,15640,16300,15480,15720,33459,0.005115089514066584
2023-04-20,15720,15870,15440,15490,22033,-0.014631043256997489
2023-04-21,15410,15600,15340,15370,10307,-0.007746933505487386
2023-04-24,15220,15410,15100,15280,13779,-0.005855562784645385
2023-04-25,15280,15400,14970,15130,16157,-0.00981675392670156
2023-04-26,15130,15280,15010,15090,20567,-0.0026437541308658163
2023-04-27,15280,15280,14930,15180,11185,0.005964214711729587
2023-04-28,15230,15300,15000,15280,8498,0.006587615283267567
2023-05-02,15360,15360,15140,15270,6471,-0.0006544502617801262
2023-05-03,15160,15350,15140,15210,9752,-0.003929273084479323
2023-05-04,15290,15350,15120,15300,27514,0.00591715976331364
2023-05-08,15300,15530,15260,15470,11393,0.011111111111111072
2023-05-09,15430,15600,15240,15490,12995,0.0012928248222365823
2023-05-10,15510,15510,15310,15400,5863,-0.005810200129115595
2023-05-11,15400,15490,15260,15400,11209,0.0
2023-05-12,15360,15380,15150,15150,7543,-0.016233766233766267
2023-05-15,15150,15150,14950,15000,10037,-0.00990099009900991
2023-05-16,15100,15100,14850,14900,14675,-0.00666666666666671
2023-05-17,14880,15130,14870,15100,4894,0.01342281879194629
2023-05-18,15220,15220,15010,15030,5438,-0.004635761589403931
2023-05-19,15130,15150,14990,15140,3618,0.007318695941450404
2023-05-22,15180,15420,15100,15350,18755,0.013870541611624931
2023-05-23,15300,15460,15200,15370,9603,0.0013029315960912946
2023-05-24,15310,15430,15250,15310,5786,-0.0039037085230969604
2023-05-25,15390,15390,15230,15320,3909,0.0006531678641410466
2023-05-26,15370,15370,15150,15160,7088,-0.010443864229765065
2023-05-30,15380,15380,15050,15160,8029,0.0
2023-05-31,15130,15200,15070,15160,4634,0.0
2023-06-01,15290,15290,15160,15260,5669,0.006596306068601621
2023-06-02,15200,15360,15200,15320,5744,0.003931847968545288
2023-06-05,15430,15430,15260,15350,5680,0.001958224543080922
2023-06-07,15340,15450,15250,15350,11010,0.0
2023-06-08,15430,15430,15270,15300,7968,-0.0032573289902280145
2023-06-09,15320,15340,15240,15290,14784,-0.0006535947712418277
2023-06-12,15400,15400,15030,15040,18411,-0.01635055591890122
2023-06-13,15190,15190,14930,15030,16589,-0.0006648936170212671
2023-06-14,14960,14980,14800,14900,19364,-0.008649367930805063
2023-06-15,14900,14900,14400,14620,24838,-0.018791946308724827
2023-06-16,14740,14740,14460,14550,18645,-0.004787961696306464
2023-06-19,14550,14700,14420,14500,12916,-0.0034364261168384758
2023-06-20,14390,14560,14350,14400,16884,-0.006896551724137945
2023-06-21,14310,14520,14250,14390,17244,-0.000694444444444442
2023-06-22,14400,14400,14270,14340,10772,-0.0034746351633078154
2023-06-23,14400,14400,14250,14300,7657,-0.002789400278940035
2023-06-26,14300,14360,14210,14290,9584,-0.0006993006993006867
2023-06-27,14180,14500,14180,14270,8106,-0.0013995801259621965
2023-06-28,14270,14480,14240,14310,17099,0.002803083391730965
2023-06-29,14300,14470,14110,14180,15561,-0.009084556254367548
2023-06-30,14280,14280,14100,14270,5327,0.006346967559943684
2023-07-03,14270,14450,14180,14400,10319,0.009110021023125414
2023-07-04,14400,14450,14160,14290,7032,-0.007638888888888862
2023-07-05,14290,14320,14210,14240,8423,-0.0034989503149055468
2023-07-06,14220,14320,13820,14010,32934,-0.016151685393258397
2023-07-07,14010,14010,13710,13900,24263,-0.00785153461812993
2023-07-10,14140,14140,13720,13770,9651,-0.009352517985611541
2023-07-11,13770,13900,13690,13760,18173,-0.000726216412490932
2023-07-12,13760,13900,13600,13740,10949,-0.0014534883720930258
2023-07-13,13740,14080,13740,13920,15624,0.013100436681222627
2023-07-14,13920,13920,13400,13830,15752,-0.006465517241379337
2023-07-17,13830,13900,13720,13790,8687,-0.002892263195950817
2023-07-18,13780,13830,13500,13540,16984,-0.0181290790427846
2023-07-19,13570,13580,13300,13430,12031,-0.008124076809453484
2023-07-20,13470,13470,13220,13340,20419,-0.006701414743112477
2023-07-21,13350,13800,13310,13720,24785,0.028485757121439192
2023-07-24,13720,13720,12990,13150,57114,-0.04154518950437314
2023-07-25,13200,13230,12930,13050,20568,-0.0076045627376425395
2023-07-26,13100,13100,12490,12610,38124,-0.03371647509578546
2023-07-27,12610,13000,12600,12850,19564,0.019032513877874635
2023-07-28,12900,13030,12750,13010,11506,0.012451361867704236
2023-07-31,13100,13160,12800,13160,8422,0.011529592621060791
2023-08-01,13200,13400,13000,13280,19996,0.00911854103343468
2023-08-02,13280,13380,13000,13200,6905,-0.0060240963855421326
2023-08-03,13200,13450,13170,13440,14921,0.018181818181818077
2023-08-04,13520,13550,13330,13450,6916,0.0007440476190476719
2023-08-07,13450,13520,13160,13250,12987,-0.014869888475836479
2023-08-08,13160,13420,12970,12990,12931,-0.019622641509433936
2023-08-09,13070,13550,13010,13550,16485,0.043110084680523464
2023-08-10,13530,14000,13510,14000,27197,0.03321033210332103
2023-08-11,13990,14120,13800,14000,19019,0.0
2023-08-14,14000,14090,13100,13810,10415,-0.013571428571428568
2023-08-16,13810,13810,13350,13610,16776,-0.014482259232440287
2023-08-17,13510,13590,13100,13490,8036,-0.00881704628949298
2023-08-18,13490,13490,13220,13290,12876,-0.014825796886582698
2023-08-21,13430,13460,13130,13140,10121,-0.011286681715575675
2023-08-22,13140,13440,13020,13270,11990,0.009893455098934467
2023-08-23,13200,13480,13130,13370,11514,0.007535795026375247
2023-08-24,13490,13490,13270,13410,4160,0.0029917726252803867
2023-08-25,13410,13450,13300,13370,7960,-0.002982848620432521
2023-08-28,13510,13510,13250,13380,5208,0.0007479431563202077
2023-08-29,13250,13490,13250,13320,9148,-0.004484304932735439
2023-08-30,13340,14040,13270,13430,43955,0.008258258258258211
2023-08-31,13430,13490,13300,13350,10084,-0.005956813104988856
2023-09-01,13360,13360,13170,13190,15407,-0.011985018726591745
2023-09-04,13150,13210,13010,13160,15646,-0.0022744503411675776
2023-09-05,13160,13190,12930,13090,21171,-0.005319148936170248
2023-09-06,12980,13090,12930,13050,15527,-0.0030557677616500634
2023-09-07,13000,13080,12760,12900,20274,-0.011494252873563204
2023-09-08,12900,13200,12790,13200,24020,0.023255813953488413
2023-09-11,13200,13750,13120,13720,42422,0.039393939393939315
2023-09-12,13620,13860,13420,13540,20269,-0.013119533527696792
2023-09-13,13600,13600,13210,13500,15921,-0.002954209748892156
2023-09-14,13450,13510,13350,13480,11633,-0.001481481481481528
2023-09-15,13590,13590,13360,13470,16098,-0.0007418397626113293
2023-09-18,13440,13470,13300,13390,5950,-0.005939123979213035
2023-09-19,13380,13380,13100,13200,12970,-0.014189693801344272
2023-09-20,13250,13250,12950,13100,18415,-0.007575757575757569
2023-09-21,13080,13080,12730,12840,21597,-0.01984732824427482
2023-09-22,12830,12950,12600,12710,13696,-0.010124610591900285
2023-09-25,12710,12850,12520,12580,10233,-0.010228166797797034
2023-09-26,12500,12700,12400,12510,20401,-0.00556438791732905
2023-09-27,12570,13100,12510,13010,33809,0.03996802557953627
2023-10-04,12900,12900,12140,12330,34388,-0.05226748654880864
2023-10-05,12300,12490,12150,12440,13573,0.008921330089213253
2023-10-06,12150,12550,12150,12550,10142,0.008842443729903504
2023-10-10,12550,12650,12100,12500,10310,-0.003984063745019917
2023-10-11,12380,12590,12380,12450,12900,-0.0040000000000000036
2023-10-12,12430,12600,12410,12550,11123,0.008032128514056325
2023-10-13,12550,12550,12400,12540,6262,-0.0007968127490040056
2023-10-16,12530,12530,12250,12410,6376,-0.010366826156299802
2023-10-17,12450,12450,12310,12400,6196,-0.0008058017727639033
2023-10-18,12380,12390,12160,12300,8481,-0.008064516129032251
2023-10-19,12160,12290,11930,12000,23200,-0.024390243902439046
2023-10-20,11930,12000,11620,11890,35024,-0.009166666666666656
2023-10-23,11650,11850,11650,11790,15215,-0.008410428931875491
2023-10-24,11790,11900,11540,11900,14726,0.00932994062765058
2023-10-25,11940,11940,11780,11900,10400,0.0
2023-10-26,11880,11880,11550,11600,9829,-0.025210084033613467
2023-10-27,11500,11800,11500,11660,17067,0.005172413793103514
2023-10-30,11660,11700,11550,11650,8795,-0.0008576329331045907
2023-10-31,11650,11730,11480,11590,13731,-0.0051502145922747156
2023-11-01,11590,11800,11590,11800,14313,0.018119068162208762
2023-11-02,11800,12020,11800,11980,6707,0.015254237288135686
2023-11-03,11980,12110,11940,12110,12330,0.01085141903171949
2023-11-06,12110,12380,12110,12360,12673,0.02064409578860449
2023-11-07,12270,12360,12070,12200,9727,-0.012944983818770184
2023-11-08,12200,12280,12030,12200,14305,0.0
2023-11-09,12100,14730,12100,12420,223471,0.0180327868852459
2023-11-10,12470,12490,12130,12420,30501,0.0
2023-11-13,12420,12420,12130,12250,23636,-0.013687600644122333
2023-11-14,12070,12300,12070,12300,9567,0.004081632653061273
2023-11-15,12300,12500,12300,12450,12108,0.012195121951219523
2023-11-16,12450,12490,12400,12410,10779,-0.003212851405622441
2023-11-17,12470,13400,12410,13020,72030,0.04915390813859788
2023-11-20,13000,13000,12580,12980,18067,-0.003072196620583667
2023-11-21,12990,13040,12780,12980,10920,0.0
2023-11-22,12980,13040,12890,13040,6407,0.0046224961479199855
2023-11-23,12990,13750,12930,13320,58348,0.021472392638036908
2023-11-24,13270,13270,12900,12980,33608,-0.02552552552552556
2023-11-27,12870,13050,12790,12930,19867,-0.0038520801232665436
2023-11-28,12930,13160,12890,12950,19637,0.0015467904098993568
2023-11-29,12980,12980,12790,12910,7373,-0.003088803088803105
2023-11-30,12900,12900,12770,12870,18510,-0.0030983733539891034
2023-12-01,12810,13010,12810,12900,16350,0.002331002331002363
2023-12-04,12900,12900,12740,12800,16709,-0.007751937984496138
2023-12-05,12700,12800,12670,12760,21061,-0.0031250000000000444
2023-12-06,12700,12930,12700,12930,11049,0.013322884012539227
2023-12-07,12920,13050,12810,12980,17555,0.003866976024748725
2023-12-08,12840,13000,12840,12970,12992,-0.0007704160246533309
2023-12-11,13050,13070,12750,12850,25311,-0.009252120277563614
2023-12-12,12850,12910,12820,12870,14158,0.0015564202334630295
2023-12-13,12870,12940,12800,12870,19346,0.0
2023-12-14,12870,13150,12870,13030,30329,0.01243201243201253
2023-12-15,13000,13090,12940,13030,13111,0.0
2023-12-18,12940,13050,12940,12990,6859,-0.003069838833461236
2023-12-19,13070,13070,12930,13000,8677,0.0007698229407235857
2023-12-20,13000,13140,12980,13130,16444,0.010000000000000009
2023-12-21,13180,13180,12990,13050,15328,-0.006092916984006047
2023-12-22,13100,13720,13030,13650,46213,0.04597701149425282
2023-12-26,13940,14010,13670,13830,34975,0.01318681318681314
2023-12-27,13820,13820,13650,13730,10108,-0.007230657989877098
2023-12-28,13880,14330,13710,14300,30688,0.04151493080844859
2024-01-02,14250,14950,13980,14770,50521,0.03286713286713283
2024-01-03,14700,14900,14450,14770,22220,0.0
2024-01-04,14700,14700,14280,14280,36906,-0.033175355450236976
2024-01-05,14250,14310,13700,13950,21737,-0.02310924369747902
2024-01-08,13880,13880,13590,13850,19020,-0.007168458781361964
2024-01-09,13780,14160,13750,14070,12404,0.015884476534296033
2024-01-10,14070,14170,13960,14150,8474,0.005685856432125158
2024-01-11,14240,14240,13950,14140,10719,-0.0007067137809186885
2024-01-12,13960,14110,13740,14110,17500,-0.0021216407355021394
2024-01-15,14110,14110,13800,13950,10084,-0.01133947554925585
2024-01-16,13940,14220,13810,14160,12385,0.01505376344086029
2024-01-17,14010,14020,13590,13640,18458,-0.03672316384180796
2024-01-18,13730,13730,13260,13500,11463,-0.01026392961876832
2024-01-19,13550,13550,13200,13320,11015,-0.013333333333333308
2024-01-22,13330,13330,13060,13240,11111,-0.006006006006005982
2024-01-23,13130,13370,13130,13300,8356,0.004531722054380571
2024-01-24,13300,14410,13100,13190,45175,-0.008270676691729317
2024-01-25,13190,13240,13050,13150,10306,-0.0030326004548900665
2024-01-26,13150,13400,13100,13400,5895,0.019011406844106515
2024-01-29,13800,14250,13600,14080,55425,0.05074626865671639
2024-01-30,14000,14200,13850,14000,16687,-0.005681818181818232
2024-01-31,13940,13940,13420,13710,17021,-0.020714285714285685
2024-02-01,13670,13850,13410,13850,25678,0.010211524434719177
2024-02-02,14180,14180,13850,14000,21329,0.010830324909747224
2024-02-05,14200,14400,14010,14140,18694,0.010000000000000009
2024-02-06,14130,14130,13880,14010,17304,-0.009193776520509234
2024-02-07,13830,14030,13800,14030,16708,0.001427551748750977
2024-02-08,13960,14030,13790,13920,14543,-0.007840342124019961
2024-02-13,13920,13970,13790,13900,16597,-0.001436781609195359
2024-02-14,13800,13900,13770,13830,8538,-0.005035971223021574
2024-02-15,13750,13850,13640,13740,17167,-0.006507592190889366
2024-02-16,13740,13780,13650,13740,6622,0.0
2024-02-19,13740,13880,13740,13850,11888,0.008005822416302655
2024-02-20,13860,13860,13770,13840,8728,-0.0007220216606498298
2024-02-21,13830,13850,13760,13850,9473,0.0007225433526012459
2024-02-22,13850,13850,13650,13800,11994,-0.0036101083032491488
2024-02-23,13840,14360,13770,14270,57625,0.034057971014492816
2024-02-26,14330,14330,13900,14100,14741,-0.01191310441485638
2024-02-27,13970,14080,13710,13850,20120,-0.01773049645390068
2024-02-28,13830,13830,13690,13800,9832,-0.0036101083032491488
2024-02-29,13790,13790,13650,13700,12537,-0.007246376811594235
2024-03-04,13700,13700,13550,13660,21729,-0.0029197080291970545
2024-03-05,13780,13780,13540,13610,10174,-0.0036603221083455484
2024-03-06,13620,13660,13530,13630,9269,0.0014695077149156077
2024-03-07,13630,13910,13490,13800,28847,0.01247248716067495
2024-03-08,13760,14550,13740,14510,80702,0.0514492753623188
2024-03-11,14520,14660,14190,14470,25439,-0.002756719503790528
2024-03-12,14460,14460,14120,14230,18843,-0.016586040082930187
2024-03-13,14230,14360,14070,14220,18123,-0.0007027406886859211
2024-03-14,14200,14320,14100,14270,33086,0.0035161744022502717
2024-03-15,14280,14280,13820,13960,28643,-0.021723896285914535
2024-03-18,14100,15000,14100,14650,118099,0.04942693409742116
2024-03-19,14450,14730,14250,14300,47431,-0.023890784982935176
2024-03-20,14300,14480,14140,14240,32422,-0.004195804195804231
2024-03-21,14200,14270,14080,14240,24159,0.0
2024-03-22,14240,14240,14090,14230,12961,-0.000702247191011196
2024-03-25,14230,14490,14230,14450,20585,0.015460295151089154
2024-03-26,14450,14500,14290,14390,14205,-0.0041522491349480495
2024-03-27,14390,14420,14210,14270,10844,-0.008339124391938846
2024-03-28,14300,14300,14060,14200,13974,-0.004905395935529078
2024-03-29,14120,14200,13930,14170,33393,-0.0021126760563380254
2024-04-01,14160,14160,13900,14060,18073,-0.007762879322512295
2024-04-02,14060,14060,13740,13800,23963,-0.01849217638691325
2024-04-03,13800,13800,13540,13700,16446,-0.007246376811594235
2024-04-04,13630,13770,13500,13640,13833,-0.004379562043795637
2024-04-05,13660,13660,13500,13630,18406,-0.0007331378299120228
2024-04-08,13730,13730,13350,13610,7364,-0.0014673514306676738
2024-04-09,13610,13800,13520,13800,12640,0.013960323291697385
2024-04-11,13790,13790,13380,13600,18632,-0.01449275362318836
2024-04-12,13600,13600,13270,13450,19698,-0.011029411764705843
2024-04-15,13440,13440,13030,13250,17670,-0.014869888475836479
2024-04-16,13120,13240,12790,12990,28497,-0.019622641509433936
2024-04-17,12990,13160,12820,12980,17453,-0.0007698229407235857
2024-04-18,12990,13250,12990,13250,14528,0.02080123266563949
2024-04-19,13200,13300,12980,13200,9688,-0.0037735849056603765
2024-04-22,13200,13340,12920,13340,17597,0.010606060606060508
2024-04-23,13170,13420,13170,13390,10190,0.0037481259370315545
2024-04-24,13390,13480,13230,13430,9596,0.0029873039581778116
2024-04-25,13430,13520,13240,13420,10742,-0.0007446016381236209
2024-04-26,13420,13430,13270,13380,7929,-0.0029806259314456574
2024-04-29,13480,13830,13400,13830,30082,0.03363228699551568
2024-04-30,13830,13950,13770,13830,13950,0.0
2024-05-02,13550,13930,13550,13720,12674,-0.00795372378886483
2024-05-03,13600,13670,13440,13590,24812,-0.009475218658892115
2024-05-07,13590,13700,13500,13690,23395,0.00735835172921262
2024-05-08,13750,13800,13540,13740,15964,0.0036523009495983416
2024-05-09,13740,13830,13590,13780,12433,0.0029112081513829047
2024-05-10,13780,13810,13640,13750,3724,-0.002177068214804012
2024-05-13,13850,13850,13540,13650,9491,-0.0072727272727273196
2024-05-14,13650,13660,13550,13650,8196,0.0
2024-05-16,13780,13840,13620,13770,11788,0.00879120879120876
2024-05-17,13780,13790,13660,13710,9755,-0.004357298474945481
2024-05-20,13710,13780,13400,13560,24126,-0.01094091903719907
2024-05-21,13550,13650,13390,13520,25915,-0.002949852507374673
2024-05-22,13520,14990,13430,14700,243941,0.08727810650887569
2024-05-23,14270,14270,13730,13800,67839,-0.061224489795918324
2024-05-24,13700,17940,13700,17390,4273087,0.260144927536232
2024-05-27,17040,17180,16520,16670,733850,-0.04140310523289248
2024-05-28,16450,20300,16290,17000,4973857,0.019796040791841607
2024-05-29,16830,18070,16360,16410,1570774,-0.03470588235294114
2024-05-30,16070,16330,15560,15640,255197,-0.046922608165752555
2024-05-31,15460,15920,15450,15580,177348,-0.0038363171355498826
2024-06-03,15510,16100,15120,15800,191867,0.01412066752246477
2024-06-04,15800,15890,15320,15650,115039,-0.009493670886076
2024-06-05,15660,15920,15200,15390,143992,-0.016613418530351476
2024-06-07,15390,15610,15190,15500,111790,0.007147498375568606
2024-06-10,15400,15730,15200,15250,145244,-0.016129032258064502
2024-06-11,15200,15370,14810,15040,119055,-0.013770491803278717
2024-06-12,15260,15260,14870,15220,62127,0.01196808510638303
2024-06-13,15270,15300,14890,14960,81907,-0.01708278580814715
2024-06-14,14960,14960,14660,14870,68791,-0.006016042780748632
2024-06-17,14870,15000,14750,14750,36236,-0.00806993947545398
2024-06-18,14760,14890,14500,14750,54778,0.0
2024-06-19,14820,14850,14470,14530,48280,-0.014915254237288122
2024-06-20,14520,14770,14450,14700,35034,0.011699931176875511
2024-06-21,14650,14700,14450,14560,21183,-0.00952380952380949
2024-06-24,14560,14590,14260,14460,28606,-0.006868131868131844
2024-06-25,14340,14620,14340,14590,19420,0.008990318118948792
2024-06-26,14590,14890,14500,14890,46964,0.020562028786840214
2024-06-27,14950,14950,14510,14580,30644,-0.02081934184016121
2024-06-28,14550,14720,14230,14270,35764,-0.02126200274348422
2024-07-01,14260,17290,14200,16030,4611863,0.1233356692361598
2024-07-02,15790,18350,15500,16460,4192171,0.02682470368059886
2024-07-03,16370,16900,15850,16450,723446,-0.0006075334143378353
2024-07-04,16130,16660,15910,15980,393608,-0.02857142857142858
2024-07-05,16000,17590,15620,17050,1852168,0.0669586983729662
2024-07-08,18720,18960,17600,17680,2256123,0.036950146627565905
2024-07-09,17440,18490,17210,17540,626248,-0.007918552036199067
2024-07-10,17540,18130,17100,17220,607132,-0.018244013683010207
2024-07-11,17220,17240,16500,16580,279376,-0.03716608594657378
2024-07-12,16400,16790,16260,16610,181935,0.001809408926417344
2024-07-15,16560,16890,16110,16400,146348,-0.012642986152919922
2024-07-16,16490,16490,15900,16260,222476,-0.008536585365853666
2024-07-17,16120,16550,16120,16140,117007,-0.0073800738007380184
2024-07-18,16080,16270,15690,16090,118321,-0.0030978934324659146
2024-07-19,16060,16480,15710,15800,255041,-0.01802361715351153
2024-07-22,15790,15840,15300,15380,82631,-0.02658227848101269
2024-07-23,15340,16800,15340,16010,368834,0.0409622886866059
2024-07-24,16040,16400,15980,16180,125087,0.010618363522798324
2024-07-25,15940,16030,15730,15890,99528,-0.01792336217552537
2024-07-26,16180,16180,15800,16040,71582,0.009439899307740696
2024-07-29,16050,16350,15960,16140,66567,0.006234413965087171
2024-07-30,16200,16400,16080,16100,61088,-0.0024783147459727095
2024-07-31,16200,16300,15600,15800,77350,-0.018633540372670843
2024-08-01,15930,16020,15710,15770,59439,-0.0018987341772152
2024-08-02,15770,15770,15210,15330,116039,-0.027901077996195345
2024-08-05,14950,14950,13210,13720,140763,-0.10502283105022836
2024-08-06,13700,14500,13700,14240,91640,0.03790087463556846
2024-08-07,14500,15250,14360,15080,86036,0.0589887640449438
2024-08-08,15100,15200,14750,15070,60069,-0.0006631299734748408
2024-08-09,15290,16100,15120,15670,204663,0.0398142003981421
2024-08-12,15650,15920,15610,15740,60149,0.00446713465220161
2024-08-13,15510,15720,15110,15190,40056,-0.03494282083862765
2024-08-14,15250,15390,15120,15310,45571,0.007899934167215239
2024-08-16,15310,15450,15180,15430,27874,0.007838014369693003
2024-08-19,15410,15440,15190,15420,38688,-0.0006480881399870686
2024-08-20,15500,15980,15150,15240,60709,-0.011673151750972721
2024-08-21,15150,15320,14500,14900,70985,-0.022309711286089273
2024-08-22,14800,14900,14560,14610,26968,-0.01946308724832213
2024-08-23,14580,14720,14340,14700,43565,0.006160164271047153
2024-08-26,14700,14800,14410,14440,28168,-0.017687074829931926
2024-08-27,14400,14560,14370,14550,21397,0.0076177285318559385
2024-08-28,14460,14610,14330,14400,39568,-0.010309278350515427
2024-08-29,14390,14460,14070,14220,34556,-0.012499999999999956
2024-08-30,14300,14870,14300,14780,65817,0.039381153305203975
2024-09-02,14620,14740,14420,14620,31825,-0.010825439783491153
2024-09-03,14690,14960,14550,14650,39697,0.0020519835841312783
2024-09-04,14140,14390,14000,14150,44460,-0.03412969283276446
2024-09-05,14200,14270,13820,14050,47073,-0.007067137809187329
2024-09-06,13910,14080,13600,13800,48298,-0.017793594306049876
2024-09-09,13700,14090,13420,13980,62740,0.01304347826086949
2024-09-10,14000,15840,13800,14080,349718,0.007153075822603716
2024-09-11,13940,14390,13770,13780,74416,-0.021306818181818232
2024-09-12,13970,14030,13830,13970,47490,0.013788098693759077
2024-09-13,13980,14110,13810,13940,33715,-0.0021474588403722628
2024-09-19,13970,14270,13970,14080,44529,0.010043041606886627
2024-09-20,14110,14490,14000,14480,56659,0.02840909090909083
2024-09-23,14520,14590,14310,14400,42369,-0.0055248618784530246
2024-09-24,14450,14500,14130,14250,39106,-0.01041666666666663
2024-09-25,14250,14300,13810,13810,47658,-0.03087719298245617
2024-09-26,13870,14040,13760,13980,30029,0.012309920347574277
2024-09-27,13980,13980,13810,13850,25315,-0.009298998569384875
2024-09-30,13930,13930,13650,13750,34323,-0.0072202166064981865
2024-10-02,13620,13740,13460,13520,35119,-0.016727272727272702
2024-10-04,13400,13640,13400,13620,14289,0.007396449704142105
2024-10-07,13530,13600,13370,13500,32454,-0.008810572687224627
2024-10-08,13410,13510,13250,13250,23690,-0.01851851851851849
2024-10-10,13260,13420,13260,13360,21070,0.008301886792452917
2024-10-11,13290,13420,13270,13360,16034,0.0
2024-10-14,13250,13440,13250,13340,23082,-0.0014970059880239361
2024-10-15,13340,14670,13290,14160,234571,0.06146926536731634
2024-10-16,14110,16830,13220,14680,2143678,0.03672316384180796
2024-10-17,14340,18170,14050,16420,6718528,0.11852861035422335
2024-10-18,16140,16520,15700,15880,882804,-0.032886723507917215
2024-10-21,15650,16170,15390,15520,667102,-0.02267002518891692
2024-10-22,15750,16300,14900,15160,812040,-0.023195876288659822
2024-10-23,16290,16730,15230,15290,1103572,0.008575197889182151
2024-10-24,14900,15510,14680,14730,246470,-0.03662524525833877
2024-10-25,14460,15500,14460,14510,433822,-0.014935505770536373
2024-10-28,14490,15080,14460,14900,157415,0.026878015161957203
2024-10-29,14890,14980,14570,14800,84584,-0.006711409395973145
2024-10-30,14800,14820,14020,14050,183877,-0.05067567567567566
2024-10-31,14100,14150,13700,13870,133845,-0.012811387900355853
2024-11-01,13590,13960,13470,13650,92315,-0.015861571737563085
2024-11-04,13650,13840,13480,13720,57207,0.00512820512820511
2024-11-05,13720,14400,13720,13780,82686,0.004373177842565523
2024-11-06,13820,14030,13660,13880,65551,0.007256894049346929
2024-11-07,13870,13980,13420,13560,74452,-0.023054755043227626
2024-11-08,13550,13640,13430,13440,39011,-0.008849557522123908
2024-11-11,13430,13630,13280,13630,45086,0.014136904761904656
2024-11-12,13730,15700,13230,13290,931226,-0.02494497432135001
2024-11-13,13370,13390,12950,12950,80168,-0.02558314522197136
2024-11-14,12790,13200,12730,12730,64966,-0.01698841698841702
2024-11-15,12650,12750,12410,12550,63957,-0.014139827179890041
2024-11-18,12550,12870,12510,12800,39200,0.019920318725099584
2024-11-19,12800,12900,12600,12800,21762,0.0
2024-11-20,12690,12770,12550,12700,27260,-0.0078125
2024-11-21,12510,12690,12390,12500,41545,-0.015748031496062964
2024-11-22,12430,12610,12430,12530,25789,0.0023999999999999577
2024-11-25,12640,12740,12550,12690,29851,0.012769353551476348
2024-11-26,12660,12970,12610,12850,35716,0.012608353033884967
2024-11-27,13100,13100,12850,12940,29987,0.007003891050583633
2024-11-28,12910,13060,12850,12860,20395,-0.0061823802163832875
2024-11-29,12850,12900,12600,12720,25350,-0.010886469673405896
2024-12-02,12720,12790,12460,12570,34722,-0.011792452830188704
2024-12-03,12600,12870,12550,12870,30183,0.023866348448687402
2024-12-04,12520,12790,12360,12460,55333,-0.031857031857031815
2024-12-05,12420,12520,12350,12420,30075,-0.0032102728731941976
2024-12-06,12350,12740,11970,12220,58736,-0.01610305958132041
2024-12-09,12010,12140,11230,11230,88767,-0.0810147299509002
2024-12-10,11100,11900,11100,11900,43115,0.05966162065894931
2024-12-11,11900,12170,11710,12170,29460,0.02268907563025202
2024-12-12,12060,12400,11920,12090,35781,-0.006573541495480728
2024-12-13,12090,12380,12010,12350,35334,0.021505376344086002
2024-12-16,12400,12400,12170,12340,18227,-0.0008097165991902688
2024-12-17,12340,13350,12170,12500,189415,0.01296596434359798
2024-12-18,12510,12590,12020,12590,34735,0.007200000000000095
2024-12-19,12290,12500,12200,12250,28072,-0.02700555996822873
2024-12-20,12160,12350,12020,12090,31313,-0.013061224489795964
2024-12-23,12100,12260,12100,12190,20204,0.008271298593879317
2024-12-24,12190,12300,12080,12180,15707,-0.0008203445447088065
2024-12-26,12180,12230,11990,12000,23771,-0.014778325123152691
2024-12-27,12000,12020,11600,11700,25255,-0.025000000000000022
2024-12-30,11550,12050,11550,12050,13011,0.029914529914529808
2025-01-02,11900,12120,11890,11990,9997,-0.004979253112033177
2025-01-03,11990,12270,11990,12260,16409,0.02251876563803168
2025-01-06,12270,12700,12210,12700,29523,0.03588907014681886
2025-01-07,12710,12850,12560,12600,26708,-0.007874015748031482
2025-01-08,12700,13100,12400,12750,56592,0.011904761904761862
2025-01-09,12750,12860,12640,12700,11504,-0.0039215686274509665
2025-01-10,12620,12700,12510,12620,12732,-0.006299212598425252
2025-01-13,12630,12650,12350,12480,17477,-0.011093502377179099
2025-01-14,12480,12610,12320,12400,15424,-0.0064102564102563875
2025-01-15,12400,12480,12210,12240,10932,-0.012903225806451646
2025-01-16,12180,12330,12180,12290,9079,0.004084967320261423
2025-01-17,12250,12300,12110,12180,11312,-0.008950366151342593
2025-01-20,12120,12170,12060,12170,14577,-0.0008210180623974273
2025-01-21,12090,12260,12040,12160,16576,-0.0008216926869351049
2025-01-22,12120,12240,12100,12150,18417,-0.000822368421052655
2025-01-23,12120,12200,11840,11920,23410,-0.018930041152263377
2025-01-24,11930,12000,11850,11910,15484,-0.000838926174496657
2025-01-31,11920,11930,11750,11790,10848,-0.010075566750629705
2025-02-03,11710,11760,11380,11560,21734,-0.019508057675996615
2025-02-04,11560,11890,11500,11760,14684,0.01730103806228378
2025-02-05,11850,11900,11750,11770,10898,0.0008503401360544505
2025-02-06,11770,12210,11680,12210,31071,0.03738317757009346
2025-02-07,12200,12200,11580,11740,50091,-0.038493038493038534
2025-02-10,11650,11730,11530,11720,19748,-0.0017035775127768327
2025-02-11,11600,11720,11550,11560,20037,-0.013651877133105783
2025-02-12,11510,11620,11390,11540,20156,-0.0017301038062284002
2025-02-13,11460,11580,11100,11330,30252,-0.01819757365684571
2025-02-14,11330,11460,11300,11460,13895,0.011473962930273585
2025-02-17,11460,11540,11390,11510,13418,0.0043630017452007674
2025-02-18,11570,11700,11450,11640,25526,0.011294526498696777
2025-02-19,11640,11830,11590,11750,27661,0.009450171821305808
2025-02-20,11800,11840,11680,11800,16598,0.004255319148936065
2025-02-21,11650,11880,11650,11770,23626,-0.0025423728813559476
2025-02-24,11770,11940,11740,11830,9115,0.005097706032285432
2025-02-25,11830,11910,11780,11890,11659,0.00507185122569731
2025-02-26,11800,11970,11800,11950,13275,0.005046257359125228
2025-02-27,11910,11990,11180,11700,22634,-0.02092050209205021
2025-02-28,11630,11700,11410,11450,14949,-0.021367521367521403
2025-03-04,11440,11520,11250,11430,9592,-0.0017467248908297206
2025-03-05,11430,11500,11300,11470,14095,0.0034995625546807574
2025-03-06,11420,11550,11340,11410,10090,-0.005231037489102031
2025-03-07,11400,11400,11190,11260,23631,-0.013146362839614345
2025-03-10,11310,11310,11210,11300,9417,0.003552397868561208
2025-03-11,11200,11250,11060,11250,19187,-0.004424778761061954
2025-03-12,11160,11300,11150,11250,14147,0.0
2025-03-13,11180,11320,11130,11220,10675,-0.002666666666666706
2025-03-14,11250,11540,11250,11430,22769,0.018716577540107027
2025-03-17,11400,11420,11250,11350,15670,-0.006999125109361293
2025-03-18,11350,11370,11260,11320,10144,-0.002643171806167355
2025-03-19,11300,11350,11240,11260,11416,-0.005300353356890497
2025-03-20,11260,11300,11210,11250,12006,-0.000888099467140302
2025-03-21,11240,11310,11090,11290,18652,0.003555555555555534
2025-03-24,11230,11470,11210,11420,14959,0.011514614703277193
2025-03-25,11360,11800,11310,11440,42628,0.0017513134851139256
2025-03-26,11450,11450,11290,11380,11813,-0.005244755244755206
2025-03-27,11260,11380,11250,11280,6222,-0.008787346221441172
2025-03-28,11220,11290,11120,11200,17480,-0.007092198581560294
2025-03-31,11100,11190,10960,11050,14647,-0.013392857142857095
2025-04-01,10970,11490,10970,11490,15499,0.03981900452488696
2025-04-02,11320,11480,11050,11260,13800,-0.020017406440382968
2025-04-03,11250,11250,11070,11190,12867,-0.006216696269982225
2025-04-04,11040,11290,11040,11260,8309,0.006255585344057124
2025-04-07,11190,11190,10500,11000,18931,-0.023090586145648295
2025-04-08,10990,11140,10870,11110,12438,0.010000000000000009
2025-04-09,10900,11020,10500,10800,9359,-0.027902790279027867
2025-04-10,11010,11250,10900,11050,5095,0.02314814814814814
2025-04-11,11050,11180,10960,11100,7598,0.004524886877828038
2025-04-14,11100,11150,11020,11140,7928,0.003603603603603567
2025-04-15,11140,11270,11070,11270,11714,0.011669658886894085
2025-04-16,11320,11340,11200,11270,7613,0.0
2025-04-17,11290,11370,11250,11370,10295,0.008873114463176623
2025-04-18,11400,11480,11260,11480,5281,0.009674582233949014
2025-04-21,11490,11490,11360,11480,8251,0.0
2025-04-22,11380,11570,11370,11470,12000,-0.0008710801393728707
2025-04-23,11480,11550,11450,11530,6233,0.005231037489102031
2025-04-24,11750,12280,11470,11960,78010,0.037294015611448295
2025-04-25,12120,12250,11860,11940,16657,-0.0016722408026755842
2025-04-28,11990,12000,11600,11850,15608,-0.007537688442211032
2025-04-29,11750,11900,11570,11780,10437,-0.005907172995780585
2025-04-30,11660,11780,11600,11700,9306,-0.006791171477079749
2025-05-02,11660,11800,11560,11610,7916,-0.007692307692307665
2025-05-07,13920,14250,12360,12400,1060005,0.06804478897502153
2025-05-08,12500,12520,12000,12050,108732,-0.028225806451612878
2025-05-09,12000,12080,11780,11780,43388,-0.02240663900414941
2025-05-12,11890,11890,11610,11720,25995,-0.005093378607809895
2025-05-13,11630,11790,11560,11640,25853,-0.0068259385665528916
2025-05-14,11650,11700,11450,11700,37870,0.005154639175257714
2025-05-15,11630,11680,11450,11590,21110,-0.009401709401709368
2025-05-16,11590,11620,11310,11370,20486,-0.018981880931837836
2025-05-19,11270,11410,11140,11270,16313,-0.008795074758135457
2025-05-20,11350,11410,11100,11390,15967,0.010647737355811815
2025-05-21,11290,11550,11290,11490,14519,0.008779631255487308
2025-05-22,11420,11650,11380,11510,6306,0.0017406440382941035
2025-05-23,11500,11510,11380,11480,9465,-0.0026064291920069316
2025-05-26,11380,11490,11380,11400,9525,-0.006968641114982632
2025-05-27,11430,11480,11380,11470,6174,0.0061403508771928905
2025-05-28,11500,11560,11430,11470,8013,0.0
2025-05-29,11520,11570,11390,11510,10120,0.0034873583260679464
2025-05-30,11570,11630,11490,11550,11070,0.0034752389226759828
2025-06-02,11510,11620,11500,11580,7687,0.0025974025974024872
2025-06-04,11510,11640,11510,11620,12164,0.003454231433505983
2025-06-05,11630,11660,11530,11590,12991,-0.002581755593803803
2025-06-09,11560,11790,11560,11790,12135,0.01725625539257991
2025-06-10,11790,11830,11700,11830,9006,0.003392705682782049
2025-06-11,11930,11930,11770,11860,12950,0.002535925612848766
2025-06-12,11870,11900,11740,11790,11252,-0.00590219224283306
2025-06-13,11780,11780,11510,11670,16764,-0.010178117048346036
2025-06-16,11660,12320,11580,11670,20600,0.0
2025-06-17,11650,11740,11520,11560,9571,-0.009425878320479808
2025-06-18,11560,11650,11430,11500,10266,-0.00519031141868509
2025-06-19,11500,11520,11430,11500,3725,0.0
2025-06-20,11540,11590,11430,11550,6828,0.004347826086956497
2025-06-23,11420,11670,11420,11570,27404,0.0017316017316018062
2025-06-24,11730,11840,11670,11840,13610,0.023336214347450257
2025-06-25,11750,11990,11680,11720,10426,-0.010135135135135087
2025-06-26,11720,11720,11570,11700,10093,-0.0017064846416382506
2025-06-27,11580,11690,11520,11520,7431,-0.01538461538461533
2025-06-30,11520,11640,11500,11630,9822,0.00954861111111116
2025-07-01,11620,11690,11580,11670,9851,0.0034393809114359186
2025-07-02,11600,11700,11550,11700,6290,0.0025706940874035134
2025-07-03,11700,11860,11650,11820,8358,0.01025641025641022
2025-07-04,11820,11830,11700,11750,7662,-0.005922165820642977
2025-07-07,11660,11740,11580,11700,3356,-0.004255319148936176
2025-07-08,11690,11720,11610,11660,4811,-0.0034188034188034067
2025-07-09,11680,11770,11630,11750,5267,0.007718696397941649
2025-07-10,11770,11850,11730,11840,8120,0.007659574468085184
2025-07-11,11850,11850,11680,11790,7187,-0.004222972972973027
2025-07-14,11770,11920,11740,11910,9341,0.010178117048346147
2025-07-15,11900,11910,11800,11900,6995,-0.0008396305625524292
2025-07-16,11960,11990,11800,11900,7359,0.0
2025-07-17,11900,13080,11820,12370,170891,0.03949579831932781
2025-07-18,12240,12420,11850,12200,21631,-0.013742926434923253
2025-07-21,12200,12380,11990,12050,15835,-0.012295081967213073
2025-07-22,12060,12150,11800,12040,16275,-0.0008298755186721962
2025-07-23,12040,12350,11870,12200,14741,0.013289036544850585
2025-07-24,12190,12230,11980,12140,12893,-0.004918032786885296
2025-07-25,12050,12080,11920,12050,10399,-0.007413509060955503
2025-07-28,12050,12070,11600,11770,11086,-0.023236514522821605
2025-07-29,11750,11950,11600,11770,11276,0.0
2025-07-30,11850,13460,11610,11870,283444,0.008496176720475868
2025-07-31,11820,11910,11770,11850,7760,-0.0016849199663016012
2025-08-01,11770,11850,11550,11600,17078,-0.021097046413502074
2025-08-04,11600,11720,11520,11600,5942,0.0
2025-08-05,11770,11840,11720,11750,3798,0.012931034482758674
2025-08-06,11770,11860,11610,11800,4033,0.004255319148936065
2025-08-07,11910,11910,11760,11800,1841,0.0
2025-08-08,11720,12030,11720,11970,15024,0.014406779661017
2025-08-11,11920,12110,11855,12020,8890,0.00417710944026739
2025-08-12,11940,12070,11920,12030,5868,0.0008319467554076532
2025-08-13,12120,12400,12000,12310,23421,0.023275145469659142
2025-08-14,12200,12540,12200,12360,14671,0.004061738424045558
2025-08-18,12360,12460,12030,12120,8558,-0.01941747572815533
2025-08-19,12100,12190,12010,12120,14028,0.0
2025-08-20,12150,12180,11880,12120,15793,0.0
2025-08-21,12080,12160,12010,12010,5400,-0.009075907590759047
2025-08-22,12010,12170,11930,11990,7587,-0.0016652789342215257
2025-08-25,12060,12130,11970,12070,7587,0.006672226855713115
2025-08-26,12100,12100,11930,11950,5441,-0.009942004971002505
2025-08-27,11970,12010,11840,11950,3814,0.0
2025-08-28,11950,11950,11770,11850,7200,-0.008368200836820106
2025-08-29,11800,11900,11710,11760,9108,-0.0075949367088608
2025-09-01,11790,11990,11510,11670,20159,-0.007653061224489832
2025-09-02,11760,11760,11500,11680,11424,0.0008568980291345785
2025-09-03,11840,12500,11690,11770,22804,0.0077054794520547976
2025-09-04,11780,11870,11700,11830,10910,0.005097706032285432
2025-09-05,11840,12900,11690,11790,77427,-0.0033812341504648735
2025-09-08,11810,11950,11780,11800,15136,0.0008481764206955678
2025-09-09,11920,12050,11730,11780,11649,-0.0016949152542372614
2025-09-10,11880,11910,11750,11850,10740,0.005942275042444711
2025-09-11,11900,12490,11550,11740,59494,-0.009282700421940904
2025-09-12,11740,11790,11690,11770,27110,0.0025553662691653045
2025-09-15,11770,11770,11600,11700,24598,-0.005947323704333041
2025-09-16,11700,11700,11490,11620,31306,-0.006837606837606813
2025-09-17,11610,11610,11530,11550,4792,-0.0060240963855421326
2025-09-18,11550,11720,11540,11650,15743,0.008658008658008587
2025-09-19,11680,11690,11610,11670,5560,0.0017167381974247942
2025-09-22,11660,11790,11620,11760,8820,0.007712082262210762
2025-09-23,11760,11820,11650,11690,14290,-0.005952380952380931
2025-09-24,11640,11830,11590,11690,16176,0.0
2025-09-25,11670,11680,11580,11600,6761,-0.007698887938408894
2025-09-26,11800,11970,11650,11830,22040,0.01982758620689662
2025-09-29,11910,11950,11710,11830,25056,0.0
2025-09-30,11820,11820,11710,11730,9189,-0.008453085376162295
2025-10-01,11740,11820,11650,11770,10924,0.0034100596760442414
2025-10-02,11820,11910,11720,11850,13557,0.00679694137638065
2025-10-10,11860,11880,11740,11870,12316,0.0016877637130801038
2025-10-13,11750,11800,11660,11750,11022,-0.010109519797809607
2025-10-14,11740,11800,11580,11650,25487,-0.008510638297872353
2025-10-15,11620,11780,11620,11760,11981,0.009442060085836923
2025-10-16,11710,11840,11690,11740,19516,-0.00170068027210879
2025-10-17,11660,11760,11600,11620,17713,-0.010221465076660996
2025-10-20,11620,11640,11500,11600,10072,-0.0017211703958691649
2025-10-21,11570,11700,11520,11600,15627,0.0
2025-10-22,11620,11660,11510,11660,10617,0.005172413793103514
2025-10-23,11690,11770,11560,11600,10890,-0.005145797598627766
2025-10-24,11600,11680,11540,11550,11782,-0.004310344827586188
2025-10-27,11550,11600,11530,11590,9532,0.0034632034632033903
2025-10-28,11640,11640,11530,11570,8930,-0.0017256255392580355
2025-10-29,11620,11620,11450,11550,17852,-0.0017286084701815252
2025-10-30,11510,11550,11360,11370,14780,-0.01558441558441559
2025-10-31,11370,11520,11340,11400,11345,0.0026385224274405594
2025-11-03,11400,11400,11210,11250,21334,-0.013157894736842146
2025-11-04,11250,11400,11210,11250,12145,0.0
2025-11-05,11340,11340,11090,11130,17830,-0.010666666666666713
2025-11-06,11260,11430,11160,11420,13873,0.02605570530098822
2025-11-07,11340,11430,11290,11420,33675,0.0
2025-11-10,11370,11570,11370,11480,9542,0.005253940455341555
2025-11-11,11480,11580,11350,11390,17289,-0.007839721254355392
2025-11-12,11380,11730,11380,11710,11912,0.028094820017559252
2025-11-13,11710,12020,11650,11800,29564,0.0076857386848847575
2025-11-14,11900,11900,11690,11790,9979,-0.0008474576271186862
2025-11-17,11710,11920,11710,11850,18510,0.0050890585241729624
2025-11-18,11840,11850,11530,11560,7489,-0.024472573839662393
2025-11-19,11510,11740,11300,11550,7188,-0.0008650519031141446
2025-11-20,11740,11800,11510,11740,6629,0.016450216450216493
2025-11-21,11670,11850,11500,11700,11782,-0.0034071550255536653
2025-11-24,11650,11860,11650,11730,13773,0.002564102564102555
2025-11-25,11640,11860,11590,11590,7117,-0.011935208866155178
2025-11-26,11600,11840,11600,11660,14910,0.006039689387402847
2025-11-27,11750,11820,11700,11720,9620,0.005145797598627766
2025-11-28,11840,12150,11700,11900,27580,0.015358361774743923
2025-12-01,11900,11980,11800,11850,9710,-0.004201680672268893
2025-12-02,11930,11930,11730,11840,5582,-0.0008438818565400519
2025-12-03,11930,11930,11760,11820,10219,-0.0016891891891891442
2025-12-04,11810,11900,11780,11890,7670,0.005922165820642977
2025-12-05,11900,11920,11800,11860,4279,-0.002523128679562614
2025-12-08,11900,12050,11810,11990,19397,0.010961214165261302
