Date,Open,High,Low,Close,Volume,Change
2022-01-03,13240,13280,12980,13120,32855,-0.013533834586466176
2022-01-04,13120,13240,12960,13080,36465,-0.0030487804878048808
2022-01-05,13140,13140,12940,12980,26780,-0.007645259938837912
2022-01-06,13080,13080,12800,12880,36765,-0.007704160246533087
2022-01-07,12940,13200,12940,13100,15470,0.017080745341614856
2022-01-10,12920,13159,12800,12900,40715,-0.01526717557251911
2022-01-11,12859,12980,12680,12760,32665,-0.010852713178294615
2022-01-12,12840,13040,12800,13000,37040,0.018808777429467183
2022-01-13,13000,13200,12880,13160,22820,0.012307692307692353
2022-01-14,12940,13360,12940,13300,35555,0.010638297872340496
2022-01-17,13260,13320,12640,13300,30425,0.0
2022-01-18,13300,13380,13100,13300,33815,0.0
2022-01-19,12960,13320,12960,13320,31170,0.0015037593984963404
2022-01-20,13240,13400,13160,13340,34485,0.0015015015015014122
2022-01-21,13340,13360,13180,13320,31610,-0.0014992503748125774
2022-01-24,13060,13360,12880,13240,50990,-0.006006006006005982
2022-01-25,13280,13280,12940,13040,45985,-0.015105740181268867
2022-01-26,12960,13200,12940,13000,27280,-0.0030674846625766694
2022-01-27,12839,13100,12560,12580,105325,-0.03230769230769226
2022-01-28,12420,12720,12420,12720,20720,0.0111287758346581
2022-02-03,12720,12820,12000,12240,116035,-0.037735849056603765
2022-02-04,12020,12700,12020,12580,69725,0.02777777777777768
2022-02-07,12460,12599,12300,12460,37810,-0.009538950715421324
2022-02-08,12320,12599,12279,12460,23465,0.0
2022-02-09,12460,12600,12400,12400,18690,-0.0048154093097912964
2022-02-10,12400,12599,12300,12380,26360,-0.001612903225806428
2022-02-11,12439,12460,12260,12460,9040,0.00646203554119551
2022-02-14,12260,12260,11800,12120,158725,-0.027287319422150902
2022-02-15,11860,12060,11460,11860,110800,-0.021452145214521434
2022-02-16,11799,11880,11580,11740,46550,-0.010118043844856706
2022-02-17,11740,11760,11560,11720,31810,-0.0017035775127768327
2022-02-18,11680,12320,11520,12000,42805,0.023890784982935065
2022-02-21,12060,12160,11800,12000,42205,0.0
2022-02-22,11800,11940,11700,11760,28340,-0.020000000000000018
2022-02-23,11800,12100,11780,12100,31785,0.028911564625850428
2022-02-24,12080,12080,11720,11720,40405,-0.031404958677686
2022-02-25,11840,12020,11700,11860,27250,0.011945392491467643
2022-02-28,11740,11900,11420,11760,55280,-0.00843170320404718
2022-03-02,11580,11780,11540,11600,17105,-0.013605442176870763
2022-03-03,11680,11779,11600,11720,28695,0.010344827586206806
2022-03-04,11720,11720,11580,11720,13130,0.0
2022-03-07,11720,11740,11400,11500,24675,-0.018771331058020424
2022-03-08,11280,11339,11000,11160,94460,-0.029565217391304355
2022-03-10,11239,11360,11060,11060,37100,-0.008960573476702538
2022-03-11,11060,11180,10500,10580,131905,-0.04339963833634719
2022-03-14,10640,10660,10080,10400,143915,-0.017013232514177745
2022-03-15,10360,13000,10160,13000,413735,0.25
2022-03-16,11760,11900,11000,11080,443960,-0.14769230769230768
2022-03-17,11080,11280,10920,10940,67315,-0.012635379061371799
2022-03-18,10840,10900,10580,10800,128060,-0.012797074954296161
2022-03-21,10800,10820,10520,10660,94250,-0.012962962962962954
2022-03-22,10660,12699,10600,11800,953355,0.10694183864915563
2022-03-23,11920,14000,11820,13920,1153450,0.1796610169491526
2022-03-24,13780,15600,13480,15400,1215140,0.10632183908045967
2022-03-25,15240,15740,14300,15000,647245,-0.025974025974025983
2022-03-28,14860,15960,14700,15760,800105,0.05066666666666664
2022-03-29,15979,20360,15780,19440,3746750,0.23350253807106602
2022-03-30,18800,20660,18600,19100,1277390,-0.017489711934156382
2022-03-31,19060,20460,18860,20080,884760,0.0513089005235603
2022-04-01,20100,20360,19400,19580,478230,-0.02490039840637448
2022-04-04,19700,20420,17840,20280,894020,0.035750766087844665
2022-04-05,20400,20400,19480,19780,314055,-0.024654832347140054
2022-04-06,19040,21220,19040,20160,1357085,0.01921132457027297
2022-04-07,20160,20160,18940,19200,441680,-0.04761904761904767
2022-04-08,19599,22940,19460,22600,1792560,0.17708333333333326
2022-04-11,22100,23680,21900,22580,651770,-0.0008849557522123686
2022-04-12,22200,23240,21680,22980,472010,0.017714791851195733
2022-04-13,23200,25500,22640,25200,873865,0.0966057441253263
2022-04-14,25180,25180,23540,23800,415055,-0.05555555555555558
2022-04-15,23900,23940,21800,22940,627620,-0.03613445378151259
2022-04-18,22460,23640,21800,22940,283105,0.0
2022-04-19,22920,23600,21940,22460,297700,-0.02092414995640801
2022-04-20,22040,22960,21940,22600,144535,0.006233303650934996
2022-04-21,22420,24560,22380,23460,403425,0.038053097345132736
2022-04-22,23220,23620,22680,22860,171495,-0.025575447570332477
2022-04-25,22960,23840,22480,23200,203040,0.014873140857392775
2022-04-26,24300,25580,23700,25180,474415,0.08534482758620698
2022-04-27,24320,25940,23519,25340,415205,0.006354249404289192
2022-04-28,25100,26000,24600,25340,236215,0.0
2022-04-29,26119,26599,25220,26000,330080,0.026045777426992878
2022-05-02,25520,25900,23199,23940,534905,-0.07923076923076922
2022-05-03,24159,24520,23000,23180,211175,-0.031746031746031744
2022-05-04,23060,23460,21600,22260,337925,-0.039689387402933596
2022-05-06,21500,22140,19600,20800,664440,-0.06558849955076373
2022-05-09,20820,21680,19980,20880,525380,0.0038461538461538325
2022-05-10,20300,21200,19680,21040,320945,0.00766283524904221
2022-05-11,20700,21540,20500,21240,173675,0.009505703422053147
2022-05-12,20580,20920,17980,18180,1030790,-0.14406779661016944
2022-05-13,18400,20080,18340,19740,604260,0.08580858085808574
2022-05-16,19740,20160,19220,19220,171565,-0.02634245187436679
2022-05-17,19240,22180,19180,20800,854960,0.08220603537981264
2022-05-18,20680,20920,20000,20200,371425,-0.028846153846153855
2022-05-19,19440,23760,19440,21520,1352800,0.0653465346534654
2022-05-20,21260,21500,20120,20460,526620,-0.0492565055762082
2022-05-23,20400,20900,19860,20660,248320,0.009775171065493637
2022-05-24,20600,21200,20220,20260,175250,-0.019361084220716362
2022-05-25,20300,20980,20000,20660,271770,0.019743336623889496
2022-05-26,20620,22260,20620,21480,358070,0.039690222652468465
2022-05-27,21480,21620,20500,20780,247260,-0.03258845437616387
2022-05-30,20960,21720,20580,20900,179305,0.005774783445620768
2022-05-31,20900,20939,20280,20900,221300,0.0
2022-06-02,20440,20859,20360,20820,111245,-0.003827751196172291
2022-06-03,20840,21639,20300,20560,227195,-0.012487992315081686
2022-06-07,21380,21900,20420,20700,325850,0.006809338521400754
2022-06-08,20880,20880,20080,20460,120225,-0.011594202898550732
2022-06-09,20240,21020,20020,21000,130485,0.02639296187683282
2022-06-10,20760,22080,20659,21340,364830,0.01619047619047609
2022-06-13,20660,20780,18800,19140,635275,-0.1030927835051546
2022-06-14,18800,19820,18480,19060,390260,-0.004179728317659337
2022-06-15,19060,19600,18320,18660,271210,-0.02098635886673661
2022-06-16,18960,20260,18960,19300,372715,0.03429796355841375
2022-06-17,18800,19160,18340,18720,263685,-0.030051813471502542
2022-06-20,19380,19380,17740,18100,317125,-0.03311965811965811
2022-06-21,18560,18920,17800,18600,239475,0.027624309392265234
2022-06-22,18640,19300,18100,18200,214205,-0.021505376344086002
2022-06-23,18440,19740,18020,18640,537805,0.02417582417582409
2022-06-24,19180,20080,18640,19860,367435,0.06545064377682408
2022-06-27,20520,20520,19220,19580,293595,-0.014098690835850913
2022-06-28,19540,20100,18800,19720,290260,0.007150153217568844
2022-06-29,19240,19460,18880,19080,212675,-0.032454361054766734
2022-06-30,19100,20320,18680,19300,305070,0.011530398322851187
2022-07-01,19280,19300,18420,18500,215150,-0.041450777202072575
2022-07-04,18780,19120,18380,18780,140425,0.015135135135135203
2022-07-05,18800,20380,18600,20380,486695,0.08519701810436642
2022-07-06,20380,20740,19740,19760,286545,-0.03042198233562321
2022-07-07,19820,20200,19660,19740,128050,-0.0010121457489878916
2022-07-08,19940,20200,19600,19920,153650,0.00911854103343468
2022-07-11,19960,20020,19420,19520,124940,-0.02008032128514059
2022-07-12,19440,19440,18860,18860,189030,-0.03381147540983609
2022-07-13,19000,19440,18620,19440,109610,0.030752916224814353
2022-07-14,19420,19420,18700,18980,135600,-0.02366255144032925
2022-07-15,19180,20280,18780,19500,269330,0.027397260273972712
2022-07-18,19100,19480,18920,19020,203555,-0.024615384615384595
2022-07-19,18920,19960,18800,19800,200730,0.04100946372239744
2022-07-20,20020,22880,19520,22100,1415500,0.11616161616161613
2022-07-21,22380,23620,21860,23040,649590,0.04253393665158378
2022-07-22,23200,23500,22500,22780,344235,-0.01128472222222221
2022-07-25,22740,23800,22580,23100,321845,0.014047410008779737
2022-07-26,23080,25660,22740,25300,1033150,0.09523809523809534
2022-07-27,25800,27900,25040,27480,1581170,0.08616600790513829
2022-07-28,27800,28780,26960,28300,581470,0.029839883551673996
2022-07-29,28020,29900,27860,28300,529680,0.0
2022-08-01,28000,28520,27260,28300,336995,0.0
2022-08-02,28140,29300,27200,28740,456340,0.015547703180212036
2022-08-03,28520,30000,27860,28320,433665,-0.014613778705636737
2022-08-04,28540,28580,27800,28200,270170,-0.004237288135593209
2022-08-05,28040,29400,28040,28700,325575,0.01773049645390068
2022-08-08,28320,30620,28300,29260,423150,0.019512195121951237
2022-08-09,29480,29680,27140,28580,738910,-0.02323991797676006
2022-08-10,28180,28880,27700,28080,242810,-0.017494751574527623
2022-08-11,27960,29540,27960,28700,330690,0.022079772079772075
2022-08-12,28980,30060,27680,27900,514910,-0.027874564459930307
2022-08-16,28160,28420,27000,27380,289125,-0.018637992831541217
2022-08-17,27560,27900,26940,27560,252155,0.006574141709276837
2022-08-18,27360,27800,26400,26480,360810,-0.03918722786647311
2022-08-19,26440,26580,25460,25660,441315,-0.0309667673716012
2022-08-22,25340,26060,24960,25280,284390,-0.014809041309431059
2022-08-23,25140,25860,24600,24960,246605,-0.012658227848101222
2022-08-24,24980,25960,24700,25280,257450,0.012820512820512775
2022-08-25,25160,25560,23680,24920,516200,-0.014240506329113889
2022-08-26,24960,26260,24480,25200,480225,0.011235955056179803
2022-08-29,24320,25000,23580,23700,426685,-0.059523809523809534
2022-08-30,23940,24820,23700,24780,224405,0.04556962025316458
2022-08-31,24740,25820,24420,25480,277865,0.02824858757062154
2022-09-01,25260,25660,24760,25000,242720,-0.01883830455259028
2022-09-02,25320,26740,24880,26360,527840,0.054400000000000004
2022-09-05,26500,26660,25620,26040,297670,-0.012139605462822445
2022-09-06,26400,29140,25820,28880,928015,0.1090629800307219
2022-09-07,28720,29780,28020,28520,473635,-0.012465373961218829
2022-09-08,28260,30499,28100,30380,580325,0.0652173913043479
2022-09-13,30539,31280,29959,30660,266230,0.009216589861751112
2022-09-14,29440,32580,29260,31980,873660,0.04305283757338563
2022-09-15,31700,31760,30700,31140,362205,-0.026266416510318913
2022-09-16,30800,30800,28520,29720,572270,-0.0456005138086063
2022-09-19,29400,30100,28540,29000,309235,-0.024226110363391617
2022-09-20,29320,29580,28300,28980,187450,-0.0006896551724138167
2022-09-21,29420,29420,27900,28100,274555,-0.030365769496204287
2022-09-22,28040,28040,26720,27480,472400,-0.022064056939501753
2022-09-23,27480,27860,26200,26800,341105,-0.024745269286754024
2022-09-26,26300,26580,24760,25300,599995,-0.05597014925373134
2022-09-27,25340,25760,24680,25480,316855,0.007114624505928813
2022-09-28,25480,25480,23500,23880,451180,-0.06279434850863419
2022-09-29,24580,25300,23740,23880,309620,0.0
2022-09-30,23420,23940,22760,23000,324305,-0.0368509212730318
2022-10-04,23959,25420,23639,25200,461150,0.09565217391304337
2022-10-05,25780,25880,23400,23620,497640,-0.0626984126984127
2022-10-06,23500,24060,23400,24000,182320,0.01608806096528359
2022-10-07,23580,23760,21120,22080,833870,-0.07999999999999996
2022-10-11,21220,21680,20200,21000,636910,-0.048913043478260865
2022-10-12,21000,22240,20800,21880,340705,0.04190476190476189
2022-10-13,21800,21800,20760,20980,191035,-0.0411334552102377
2022-10-14,21919,22980,21400,22980,345865,0.09532888465204947
2022-10-17,22020,22400,20740,21540,461645,-0.06266318537859006
2022-10-18,21900,22680,21300,21940,286510,0.01857010213556176
2022-10-19,21740,21800,19620,19680,804000,-0.1030082041932543
2022-10-20,19680,20100,19280,19560,355630,-0.0060975609756097615
2022-10-21,19580,19580,19040,19120,227840,-0.02249488752556239
2022-10-24,19540,20040,19200,19340,207040,0.011506276150627714
2022-10-25,19360,19800,18900,19100,128080,-0.012409513960703222
2022-10-26,19100,19360,18240,18680,360785,-0.021989528795811508
2022-10-27,18900,19020,18560,18840,165955,0.008565310492505418
2022-10-28,18460,19000,18280,18760,137230,-0.00424628450106157
2022-10-31,18900,19060,18620,19060,84155,0.015991471215351716
2022-11-01,19060,19060,18280,18420,128985,-0.03357817418677855
2022-11-02,18500,19820,17800,19600,385575,0.06406080347448428
2022-11-03,19200,20300,18840,20020,231070,0.021428571428571352
2022-11-04,20060,20700,19600,20360,203215,0.016983016983016963
2022-11-07,20180,23740,19740,23380,998285,0.14833005893909634
2022-11-08,23380,23840,21440,21580,611150,-0.07698887938408894
2022-11-09,21640,21860,20220,20320,459265,-0.0583873957367933
2022-11-10,20320,20340,19600,19800,255430,-0.025590551181102317
2022-11-11,20320,21340,20300,20840,376540,0.05252525252525242
2022-11-14,20900,21900,20340,21380,290785,0.025911708253358867
2022-11-15,21420,22180,21040,21980,247675,0.028063610851262855
2022-11-16,21800,22720,21600,22280,268210,0.01364877161055511
2022-11-17,22180,22500,21380,21760,170885,-0.02333931777378817
2022-11-18,21460,22900,21460,22380,362005,0.028492647058823595
2022-11-21,22460,22580,21940,22260,207005,-0.00536193029490617
2022-11-22,22140,22860,22000,22000,210345,-0.011680143755615435
2022-11-23,22300,24180,22200,23120,789775,0.050909090909091015
2022-11-24,22940,23720,22100,23420,384175,0.012975778546712835
2022-11-25,23059,23400,22700,23200,149775,-0.009393680614859123
2022-11-28,23160,23420,21480,21560,336860,-0.07068965517241377
2022-11-29,21560,22480,21319,22160,190295,0.027829313543599188
2022-11-30,22120,22340,21680,22020,113025,-0.006317689530685899
2022-12-01,22400,22780,22120,22600,206555,0.026339691189827485
2022-12-02,23860,24780,22940,23960,842195,0.060176991150442394
2022-12-05,24740,25960,24060,25620,700575,0.06928213689482465
2022-12-06,25780,28700,25220,28120,1110630,0.0975800156128026
2022-12-07,28220,28900,27080,28100,486785,-0.0007112375533427917
2022-12-08,27820,28620,27780,28160,291205,0.002135231316725994
2022-12-09,28400,29540,28200,28900,378595,0.02627840909090917
2022-12-12,28740,28980,27200,27480,334305,-0.04913494809688579
2022-12-13,27580,27700,26200,27000,392845,-0.017467248908296984
2022-12-14,27000,28000,26420,27880,249515,0.032592592592592506
2022-12-15,27820,28040,27180,27440,130775,-0.015781922525107572
2022-12-16,26860,27320,26160,26460,270655,-0.0357142857142857
2022-12-19,26400,26580,25500,25660,304525,-0.03023431594860171
2022-12-20,25519,25519,24380,24600,487120,-0.04130943102104445
2022-12-21,24619,25440,24240,25440,431585,0.034146341463414664
2022-12-22,25500,27800,25300,27280,560625,0.07232704402515733
2022-12-23,25980,26880,25140,26400,920945,-0.032258064516129004
2022-12-26,26400,28280,26400,27800,731430,0.05303030303030298
2022-12-27,28020,29120,27560,29000,744850,0.043165467625899234
2022-12-28,28800,29900,27560,28000,959300,-0.03448275862068961
2022-12-29,27620,28480,27220,27420,328740,-0.020714285714285685
2023-01-02,27620,29000,27080,27320,406725,-0.00364697301239969
2023-01-03,27480,27880,26540,27280,221285,-0.0014641288433382416
2023-01-04,27520,27520,26280,26840,216700,-0.016129032258064502
2023-01-05,26600,26780,25760,25900,394485,-0.03502235469448589
2023-01-06,25840,26740,25480,26300,223360,0.015444015444015413
2023-01-09,26400,26800,25500,25800,243965,-0.019011406844106515
2023-01-10,25820,25820,24300,24880,505805,-0.03565891472868221
2023-01-11,25060,25820,25000,25280,239410,0.016077170418006492
2023-01-12,25200,25740,25000,25500,218250,0.008702531645569556
2023-01-13,25600,26880,25460,26380,350475,0.03450980392156855
2023-01-16,26400,26860,25820,26040,206960,-0.012888551933282755
2023-01-17,26120,27320,25980,27100,374795,0.04070660522273428
2023-01-18,26960,28280,26780,28120,457620,0.03763837638376377
2023-01-19,27820,28240,27420,27940,272300,-0.006401137980085347
2023-01-20,27820,29140,27600,28800,372345,0.03078024337866858
2023-01-25,28860,28980,27360,28200,451570,-0.02083333333333337
2023-01-26,28200,28460,27520,28120,260430,-0.0028368794326241176
2023-01-27,27960,28080,27140,27360,340515,-0.027027027027026973
2023-01-30,27000,27560,26460,26720,274805,-0.023391812865497075
2023-01-31,26600,29240,26600,28800,746010,0.07784431137724557
2023-02-01,28800,37300,28320,36000,2632540,0.25
2023-02-02,35720,36440,35140,35520,586605,-0.013333333333333308
2023-02-03,35760,38100,35300,37500,742915,0.0557432432432432
2023-02-06,36740,37780,35680,37200,284830,-0.008000000000000007
2023-02-07,37200,37620,36000,36600,454385,-0.016129032258064502
2023-02-08,36760,37560,35480,36700,371610,0.002732240437158362
2023-02-09,36740,39240,36380,38920,521650,0.06049046321525875
2023-02-10,39220,39980,37060,37140,360205,-0.04573484069886946
2023-02-13,37000,37700,36240,36780,293730,-0.009693053311793265
2023-02-14,36920,36920,35700,36300,257215,-0.013050570962479635
2023-02-15,36320,36380,34340,34600,486480,-0.04683195592286504
2023-02-16,34600,35920,34580,35220,336375,0.017919075144508634
2023-02-17,34600,35400,33700,34940,231150,-0.007950028392958552
2023-02-20,34440,36120,34420,35360,260445,0.01202060675443617
2023-02-21,35380,36600,34800,36220,280900,0.024321266968325705
2023-02-22,35900,37800,35200,36380,283380,0.004417448923246914
2023-02-23,36880,39800,36620,38960,681550,0.0709180868609125
2023-02-24,38680,38800,36760,36940,318945,-0.051848049281314146
2023-02-27,36420,36940,36080,36840,182750,-0.002707092582566295
2023-02-28,36480,36600,34500,35340,735165,-0.04071661237785018
2023-03-02,35300,35900,34660,35000,407390,-0.009620826259196358
2023-03-03,36040,36980,34840,35360,464695,0.010285714285714231
2023-03-06,35980,37040,34760,35320,411010,-0.0011312217194570096
2023-03-07,35340,35480,34460,34700,221150,-0.017553793884484747
2023-03-08,35700,38340,35100,37680,728850,0.085878962536023
2023-03-09,38160,41100,37340,37700,710750,0.0005307855626326408
2023-03-10,37900,37980,35720,37160,499740,-0.01432360742705574
2023-03-13,36820,36980,35000,35480,529905,-0.0452099031216362
2023-03-14,35940,35940,33760,33960,449810,-0.04284103720405863
2023-03-15,35080,37020,34300,36160,443100,0.06478209658421674
2023-03-16,36440,36740,35200,35980,232750,-0.004977876106194712
2023-03-17,36240,36600,35160,35780,239175,-0.005558643690939391
2023-03-20,35760,38880,35600,38340,561285,0.07154835103409729
2023-03-21,38800,40600,38120,40300,566480,0.05112154407929048
2023-03-22,40700,41700,39840,40700,453315,0.00992555831265518
2023-03-23,40600,40600,37400,38040,681695,-0.06535626535626538
2023-03-24,38040,38300,36100,36700,471350,-0.035226077812828605
2023-03-27,36620,37880,35760,36780,260620,0.0021798365122616126
2023-03-28,36800,37420,36160,37420,202920,0.017400761283306254
2023-03-29,37400,38600,36640,36940,287175,-0.01282736504543025
2023-03-30,36580,39900,36440,39880,532560,0.07958852192744992
2023-03-31,39640,41900,37760,39000,626980,-0.0220661985957874
2023-04-03,39820,42600,39640,42600,795890,0.0923076923076922
2023-04-04,42700,43400,40800,43000,440265,0.009389671361502261
2023-04-05,43500,44200,42100,42700,483735,-0.006976744186046546
2023-04-06,42400,42900,41200,41800,274835,-0.021077283372365363
2023-04-07,42100,42600,40200,42400,309980,0.014354066985645897
2023-04-10,42500,43100,41100,42800,263895,0.009433962264151052
2023-04-11,42900,43200,41400,42100,269235,-0.016355140186915862
2023-04-12,43300,46300,42300,45500,1090100,0.08076009501187653
2023-04-13,46100,48900,45800,47800,732200,0.05054945054945059
2023-04-14,47600,48100,44600,44800,610725,-0.06276150627615062
2023-04-17,45100,46500,43600,45200,491385,0.008928571428571397
2023-04-18,45200,45200,43099,44200,409070,-0.02212389380530977
2023-04-19,44100,44400,43100,43900,217385,-0.006787330316742057
2023-04-20,43800,44000,41999,42400,381415,-0.034168564920273314
2023-04-21,42500,42900,40900,42000,293510,-0.009433962264150941
2023-04-24,42000,42200,40600,40900,181745,-0.02619047619047621
2023-04-25,40300,41700,39820,40900,215440,0.0
2023-04-26,40800,41600,40300,40800,148020,-0.0024449877750610804
2023-04-27,40800,41800,38820,41400,267710,0.014705882352941124
2023-04-28,41699,43400,40600,42500,275750,0.02657004830917864
2023-05-02,42000,42000,39760,41400,320135,-0.025882352941176467
2023-05-03,41000,42700,40600,41700,202105,0.007246376811594235
2023-05-04,41800,43400,40800,41600,356685,-0.0023980815347721673
2023-05-08,42800,43999,42000,42800,371285,0.028846153846153744
2023-05-09,42599,43300,41600,42300,190490,-0.011682242990654235
2023-05-10,42100,42100,40500,40700,184725,-0.0378250591016549
2023-05-11,41000,42400,40900,41500,135195,0.019656019656019597
2023-05-12,41400,42400,40900,41100,109955,-0.009638554216867434
2023-05-15,40700,40900,39780,40500,189220,-0.014598540145985384
2023-05-16,40900,41000,39420,40000,186620,-0.012345679012345734
2023-05-17,40100,40800,39620,40800,129385,0.020000000000000018
2023-05-18,40800,40800,38180,39020,411875,-0.04362745098039211
2023-05-19,39240,39560,38240,39360,201350,0.008713480266530071
2023-05-22,39400,40100,38740,39140,193440,-0.0055894308943089666
2023-05-23,39480,39980,38540,38600,214900,-0.0137966274910577
2023-05-24,38540,38860,37960,38840,123505,0.006217616580310947
2023-05-25,38940,38940,37060,37700,319920,-0.02935118434603501
2023-05-26,37880,38360,36560,37120,217915,-0.01538461538461533
2023-05-30,37200,37560,36580,37060,117405,-0.001616379310344862
2023-05-31,36840,37320,36380,36880,165700,-0.004856988667026441
2023-06-01,36900,40500,36860,38380,551145,0.04067245119305851
2023-06-02,38820,40200,38620,39100,291330,0.01875977071391355
2023-06-05,39100,39160,38200,38700,154455,-0.010230179028132946
2023-06-07,38940,39760,38440,38720,143445,0.0005167958656331351
2023-06-08,38700,38960,38400,38780,111565,0.0015495867768595684
2023-06-09,38780,39300,38300,38500,137715,-0.0072202166064981865
2023-06-12,38680,39460,38160,38660,147240,0.004155844155844246
2023-06-13,38900,40700,38700,40400,265075,0.04500775995861361
2023-06-14,40400,40500,38460,39000,243330,-0.034653465346534684
2023-06-15,39140,40400,39120,39300,255530,0.007692307692307665
2023-06-16,42000,47800,41200,45500,1655390,0.15776081424936383
2023-06-19,45000,46900,43400,46300,327170,0.01758241758241752
2023-06-20,46100,47300,45500,46200,218490,-0.002159827213822907
2023-06-21,45700,46400,44400,45200,277790,-0.02164502164502169
2023-06-22,44700,47100,44500,45900,216170,0.015486725663716783
2023-06-23,46000,46800,45300,46000,131180,0.002178649237472685
2023-06-26,46400,49500,45300,48900,364145,0.06304347826086953
2023-06-27,48500,49700,47500,49000,197445,0.002044989775051187
2023-06-28,48800,49500,47600,49200,190365,0.004081632653061273
2023-06-29,49200,50400,48300,50000,226730,0.016260162601626105
2023-06-30,50100,53000,49200,51900,311830,0.038000000000000034
2023-07-03,52000,52800,46900,47300,600400,-0.08863198458574184
2023-07-04,47099,48500,46299,48000,353105,0.014799154334038
2023-07-05,47500,49300,47000,48200,231705,0.004166666666666652
2023-07-06,48100,50000,47700,48500,250695,0.006224066390041472
2023-07-07,48400,48700,47000,47800,182980,-0.014432989690721598
2023-07-10,47500,47500,44600,45900,273595,-0.03974895397489542
2023-07-11,45900,46500,45000,45800,174750,-0.002178649237472796
2023-07-12,45600,47000,45000,46300,195675,0.01091703056768556
2023-07-13,46300,47400,45400,46600,193520,0.00647948164146861
2023-07-14,46200,47100,45200,45400,214920,-0.025751072961373356
2023-07-17,45000,46300,44900,45500,140515,0.0022026431718060735
2023-07-18,45600,48500,45300,48100,257280,0.05714285714285716
2023-07-19,48600,50600,48100,50300,288400,0.04573804573804563
2023-07-20,51000,51500,49800,51200,210985,0.017892644135188762
2023-07-21,51600,53400,50300,51700,338380,0.009765625
2023-07-24,50700,50800,45500,46000,549935,-0.11025145067698261
2023-07-25,47700,47700,43000,44400,465840,-0.034782608695652195
2023-07-26,44600,44700,42600,44200,330290,-0.0045045045045044585
2023-07-27,44200,45700,43500,45700,232165,0.03393665158371051
2023-07-28,45900,46100,43200,44900,262800,-0.017505470459518557
2023-07-31,44900,44900,41100,43700,422510,-0.026726057906458767
2023-08-01,44000,44900,42500,43200,229805,-0.011441647597253968
2023-08-02,43499,43499,40400,40700,411435,-0.05787037037037035
2023-08-03,40700,41300,39800,40600,174930,-0.002457002457002422
2023-08-04,40800,40900,39400,39800,244940,-0.019704433497536922
2023-08-07,39800,40800,39180,39460,218540,-0.0085427135678392
2023-08-08,39840,40200,39020,39280,222170,-0.004561581348200727
2023-08-09,40800,44800,38200,40600,1268170,0.033604887983706755
2023-08-10,0,0,0,40600,0,0.0
2023-08-11,0,0,0,40600,0,0.0
2023-08-14,0,0,0,40600,0,0.0
2023-08-16,0,0,0,40600,0,0.0
2023-08-17,0,0,0,40600,0,0.0
2023-08-18,0,0,0,40600,0,0.0
2023-08-21,0,0,0,40600,0,0.0
2023-08-22,0,0,0,40600,0,0.0
2023-08-23,0,0,0,40600,0,0.0
2023-08-24,0,0,0,40600,0,0.0
2023-08-25,42000,44000,38150,39250,1066228,-0.03325123152709364
2023-08-28,39000,39000,34800,34800,716575,-0.11337579617834392
2023-08-29,35850,38650,35700,38350,814209,0.10201149425287359
2023-08-30,38450,38750,36250,37750,437695,-0.01564537157757495
2023-08-31,38400,42950,38200,41550,905669,0.10066225165562903
2023-09-01,41800,41900,39800,40450,341559,-0.026474127557160054
2023-09-04,40000,41900,38250,41350,362272,0.02224969097651419
2023-09-05,41000,41450,40150,40650,179333,-0.016928657799274438
2023-09-06,40150,42950,39300,42300,403110,0.040590405904058935
2023-09-07,41800,42600,40600,40950,271881,-0.03191489361702127
2023-09-08,41700,43700,41600,43200,413786,0.05494505494505497
2023-09-11,43200,44100,42500,43300,268148,0.0023148148148148806
2023-09-12,43700,44000,41450,41700,263262,-0.036951501154734445
2023-09-13,41300,42500,40600,41050,171667,-0.015587529976019199
2023-09-14,41500,42300,40650,41600,157878,0.013398294762484664
2023-09-15,41900,44250,41700,42450,886191,0.02043269230769229
2023-09-18,41650,41650,39050,39650,340626,-0.06595995288574796
2023-09-19,39650,40100,38900,39250,162263,-0.010088272383354302
2023-09-20,38900,39450,37850,39000,240757,-0.006369426751592355
2023-09-21,38500,38800,37600,38000,213996,-0.02564102564102566
2023-09-22,37050,38050,36750,38050,147404,0.001315789473684159
2023-09-25,38050,38400,36950,37250,82921,-0.021024967148488782
2023-09-26,37450,37600,36350,37100,106999,-0.004026845637583931
2023-09-27,37000,38600,36250,38600,160487,0.040431266846361114
2023-10-04,37950,37950,35500,36100,291731,-0.06476683937823835
2023-10-05,36300,37300,36000,36150,148300,0.0013850415512466352
2023-10-06,36150,37800,36150,36850,115479,0.019363762102351245
2023-10-10,37000,37500,30350,31400,949188,-0.14789687924016282
2023-10-11,32500,33600,32000,32150,319239,0.023885350318471277
2023-10-12,32350,32700,31400,32300,220984,0.004665629860031162
2023-10-13,31950,32200,30300,30700,356007,-0.049535603715170295
2023-10-16,30600,30900,29950,30500,230758,-0.006514657980456029
2023-10-17,30550,31650,30550,31450,168182,0.031147540983606614
2023-10-18,30850,31200,29850,30500,180185,-0.030206677265500748
2023-10-19,29950,29950,28900,29200,261493,-0.042622950819672156
2023-10-20,29000,29250,28350,28500,254157,-0.023972602739726012
2023-10-23,28500,29600,28350,28850,150967,0.012280701754386003
2023-10-24,28900,29550,28200,29550,136630,0.024263431542461023
2023-10-25,29650,29650,27750,28000,197902,-0.05245346869712353
2023-10-26,27200,28000,26900,27000,188276,-0.0357142857142857
2023-10-27,27500,28150,27000,27700,171168,0.025925925925925908
2023-10-30,27700,27950,27300,27450,67185,-0.009025270758122761
2023-10-31,27700,28150,26750,26800,110408,-0.023679417122040025
2023-11-01,26550,27350,26250,26450,167649,-0.013059701492537323
2023-11-02,27000,27750,26800,27600,186953,0.04347826086956519
2023-11-03,28250,28250,26900,27200,171491,-0.01449275362318836
2023-11-06,28350,29800,27600,29800,288811,0.09558823529411775
2023-11-07,29750,29750,27100,27600,188492,-0.0738255033557047
2023-11-08,28150,28750,27650,27850,144441,0.009057971014492683
2023-11-09,27850,28150,26950,27350,79542,-0.01795332136445238
2023-11-10,26850,29400,26700,27450,335661,0.003656307129798808
2023-11-13,28150,28150,23000,24000,553923,-0.12568306010928965
2023-11-14,24250,25700,24150,25100,281063,0.04583333333333339
2023-11-15,25300,27300,25300,27000,229417,0.07569721115537842
2023-11-16,27100,27250,26350,27000,92082,0.0
2023-11-17,26950,27300,26100,26600,91754,-0.014814814814814836
2023-11-20,26400,27400,26300,27000,77574,0.015037593984962516
2023-11-21,27150,27500,26400,27250,104981,0.0092592592592593
2023-11-22,26900,27350,26800,27000,81004,-0.00917431192660545
2023-11-23,27000,27600,26650,27600,87207,0.022222222222222143
2023-11-24,27700,27700,27200,27500,74095,-0.0036231884057971175
2023-11-27,27300,27800,27300,27750,113282,0.009090909090909038
2023-11-28,27600,27800,27200,27500,61678,-0.009009009009009028
2023-11-29,27300,28400,27250,27650,138155,0.005454545454545379
2023-11-30,27400,28250,27200,28250,150496,0.02169981916817365
2023-12-01,28150,29700,27600,29150,275204,0.031858407079645934
2023-12-04,29400,29450,27400,27800,192858,-0.046312178387650116
2023-12-05,27800,28150,27200,27600,93815,-0.007194244604316502
2023-12-06,27950,28600,27750,27900,78143,0.010869565217391353
2023-12-07,27600,28450,27400,27550,87974,-0.012544802867383464
2023-12-08,27600,29050,27600,28950,125800,0.05081669691470059
2023-12-11,28350,28850,27900,28550,106045,-0.013816925734024155
2023-12-12,28550,28800,28000,28500,61308,-0.0017513134851138146
2023-12-13,28500,28600,27400,28000,86673,-0.01754385964912286
2023-12-14,28000,30450,27750,30250,473254,0.0803571428571428
2023-12-15,29950,30650,28850,30000,247554,-0.008264462809917328
2023-12-18,30000,30300,29350,29700,99198,-0.010000000000000009
2023-12-19,29400,29600,28800,29050,86352,-0.02188552188552184
2023-12-20,28800,29300,28500,29050,101952,0.0
2023-12-21,28800,28900,27400,27650,240402,-0.048192771084337394
2023-12-22,27700,27750,26850,26950,103336,-0.025316455696202556
2023-12-26,27150,28150,26850,27500,162686,0.020408163265306145
2023-12-27,27200,28100,26950,27800,128780,0.01090909090909098
2023-12-28,27700,27750,27100,27500,87684,-0.010791366906474864
2024-01-02,27500,28050,27400,27850,69743,0.012727272727272698
2024-01-03,27550,27900,26550,26800,138511,-0.037701974865350096
2024-01-04,26750,26750,24700,25250,263133,-0.057835820895522416
2024-01-05,25200,25650,24900,25100,132868,-0.005940594059405946
2024-01-08,25150,25500,24800,24950,122277,-0.005976095617529875
2024-01-09,25300,25550,25000,25300,115079,0.014028056112224352
2024-01-10,25100,25450,24500,24900,82374,-0.015810276679841917
2024-01-11,24700,25050,24050,24850,162296,-0.002008032128514081
2024-01-12,24850,24950,23800,24100,122431,-0.030181086519114664
2024-01-15,24500,24500,23800,24100,92932,0.0
2024-01-16,24150,24450,23350,23500,133690,-0.024896265560165998
2024-01-17,23500,23900,23100,23400,105977,-0.004255319148936176
2024-01-18,23700,23700,22650,23350,109553,-0.002136752136752129
2024-01-19,23550,23900,22100,22650,179516,-0.02997858672376874
2024-01-22,22900,22900,22100,22550,108586,-0.004415011037527616
2024-01-23,22550,22750,21900,22250,132072,-0.013303769401330379
2024-01-24,22200,22200,21200,21400,208956,-0.038202247191011285
2024-01-25,21300,21350,20400,20750,148430,-0.030373831775700966
2024-01-26,20750,21300,20350,20850,103585,0.004819277108433662
2024-01-29,21150,21750,20850,21650,166063,0.0383693045563549
2024-01-30,21700,22550,21150,21900,152524,0.011547344110854452
2024-01-31,21700,21950,21150,21450,69898,-0.020547945205479423
2024-02-01,21200,21800,21000,21600,96686,0.006993006993007089
2024-02-02,21800,22800,21600,22550,118177,0.0439814814814814
2024-02-05,22550,23650,22250,22700,142129,0.006651884700665134
2024-02-06,22400,22650,21600,21850,155564,-0.037444933920704804
2024-02-07,22050,23400,22050,22700,166721,0.0389016018306636
2024-02-08,22650,22850,22100,22300,74915,-0.017621145374449365
2024-02-13,22750,25400,22750,25350,530645,0.13677130044843056
2024-02-14,24950,25650,24700,25150,221585,-0.007889546351084853
2024-02-15,25150,26250,25000,25950,221875,0.031809145129224614
2024-02-16,26100,26150,25150,25250,118010,-0.026974951830443183
2024-02-19,25000,26950,24900,25300,187135,0.001980198019801982
2024-02-20,25600,25600,24650,25400,87709,0.0039525691699604515
2024-02-21,25000,25700,24950,25150,76514,-0.009842519685039353
2024-02-22,25350,25500,24150,24300,130653,-0.03379721669980118
2024-02-23,24350,24850,24050,24500,108118,0.008230452674897082
2024-02-26,24350,24650,23850,24450,87911,-0.0020408163265306367
2024-02-27,24400,24450,23650,23850,130133,-0.024539877300613466
2024-02-28,23700,24150,23500,23850,101668,0.0
2024-02-29,23750,24100,22900,23250,213105,-0.02515723270440251
2024-03-04,23400,23800,22450,22550,151204,-0.03010752688172047
2024-03-05,22250,23400,22250,22500,153799,-0.0022172949002217113
2024-03-06,22300,22550,21600,21650,167592,-0.0377777777777778
2024-03-07,21500,21850,20850,21100,147373,-0.025404157043879882
2024-03-08,21300,21800,21150,21600,81113,0.023696682464454888
2024-03-11,21600,22500,21600,21850,83348,0.011574074074074181
2024-03-12,22000,26600,21600,26200,1116584,0.1990846681922196
2024-03-13,25900,26400,25000,25300,367246,-0.03435114503816794
2024-03-14,25350,25600,22750,23700,707920,-0.06324110671936756
2024-03-15,23450,24350,23300,23950,227067,0.010548523206751037
2024-03-18,23650,24700,23650,24600,246951,0.02713987473903967
2024-03-19,24550,25200,24350,24450,214204,-0.0060975609756097615
2024-03-20,24550,24700,22750,22850,307631,-0.06543967280163598
2024-03-21,23150,23400,22350,22600,184803,-0.01094091903719907
2024-03-22,22850,23050,22300,22700,108327,0.004424778761061843
2024-03-25,22650,23900,22400,23300,178162,0.026431718061673992
2024-03-26,23200,24450,22850,23500,237897,0.008583690987124415
2024-03-27,23550,23800,22550,23050,177186,-0.019148936170212738
2024-03-28,23050,23300,22700,22800,159147,-0.010845986984815648
2024-03-29,23050,23400,22650,22800,115779,0.0
2024-04-01,23000,24300,22850,23950,218722,0.05043859649122817
2024-04-02,24000,24050,22850,23000,201608,-0.039665970772442605
2024-04-03,22900,22950,22000,22150,163191,-0.036956521739130443
2024-04-04,22450,22450,21650,21800,163869,-0.015801354401805856
2024-04-05,21500,22200,21400,21550,91405,-0.011467889908256867
2024-04-08,21600,21600,20850,21000,102561,-0.025522041763341052
2024-04-09,21000,21750,20900,21600,92844,0.02857142857142847
2024-04-11,21250,22000,20950,21650,96817,0.0023148148148148806
2024-04-12,21950,23100,21550,22700,195547,0.04849884526558901
2024-04-15,22600,22700,20150,20300,478072,-0.10572687224669608
2024-04-16,20350,21100,20100,20250,165558,-0.0024630541871921707
2024-04-17,20350,20750,20050,20050,91732,-0.00987654320987652
2024-04-18,20000,20550,19860,20450,69493,0.01995012468827939
2024-04-19,20250,20350,19260,20250,187892,-0.009779951100244544
2024-04-22,20500,21600,20400,21300,139573,0.051851851851851816
2024-04-23,21150,21450,20700,20850,54899,-0.021126760563380254
2024-04-24,21350,21450,20900,21250,56693,0.01918465227817756
2024-04-25,21050,21600,20950,21250,58323,0.0
2024-04-26,21250,21500,21050,21400,39297,0.007058823529411784
2024-04-29,21650,22150,21300,22150,68669,0.035046728971962704
2024-04-30,22150,22150,21750,22000,54588,-0.006772009029345383
2024-05-02,22000,22450,21950,22200,37064,0.009090909090909038
2024-05-03,22400,22450,21650,22200,47255,0.0
2024-05-07,22550,22550,21850,21850,50528,-0.015765765765765716
2024-05-08,22050,22150,21300,21600,68962,-0.011441647597253968
2024-05-09,21450,21850,21100,21350,98342,-0.01157407407407407
2024-05-10,21400,21650,20800,21400,109845,0.0023419203747072626
2024-05-13,21500,21500,20600,21350,89696,-0.002336448598130869
2024-05-14,21350,21600,20850,20950,79249,-0.0187353629976581
2024-05-16,21350,22100,21200,22000,96917,0.05011933174224348
2024-05-17,22200,23500,21700,22400,314827,0.018181818181818077
2024-05-20,22400,22650,21800,22300,92022,-0.004464285714285698
2024-05-21,22550,23050,22150,22950,131694,0.029147982062780242
2024-05-22,22800,23350,22450,22650,93829,-0.013071895424836555
2024-05-23,22700,23000,22350,22700,72959,0.002207505518763808
2024-05-24,22400,22700,21200,21550,160998,-0.0506607929515418
2024-05-27,21500,21850,20800,21800,85804,0.011600928074245953
2024-05-28,21550,21800,21150,21150,64485,-0.029816513761467878
2024-05-29,21050,21550,20950,21150,67371,0.0
2024-05-30,20900,21200,20650,21200,51422,0.0023640661938533203
2024-05-31,21000,21550,21000,21400,53679,0.009433962264151052
2024-06-03,21700,24500,21500,22250,674793,0.03971962616822422
2024-06-04,22800,24350,22500,23900,449698,0.07415730337078652
2024-06-05,24250,24450,23200,24000,226947,0.004184100418409997
2024-06-07,24000,24050,23000,23300,143893,-0.029166666666666674
2024-06-10,23050,23300,22300,22600,169979,-0.030042918454935674
2024-06-11,22600,26100,22450,24200,1979757,0.07079646017699126
2024-06-12,23850,24500,23200,23900,335427,-0.012396694214875992
2024-06-13,24250,24300,23500,23550,203060,-0.014644351464435101
2024-06-14,23500,23650,22900,23200,154085,-0.014861995753715496
2024-06-17,23200,23550,22650,23550,110689,0.015086206896551824
2024-06-18,23550,23650,22700,22850,114150,-0.02972399150743099
2024-06-19,23000,23300,22600,22950,89231,0.004376367614879584
2024-06-20,23200,24500,22900,24500,270627,0.06753812636165568
2024-06-21,24550,24750,23750,23900,184534,-0.024489795918367308
2024-06-24,24000,24500,23550,24250,114052,0.014644351464435212
2024-06-25,23650,23850,22500,22650,303828,-0.06597938144329896
2024-06-26,23000,23400,22700,23300,81001,0.028697571743929284
2024-06-27,23100,23250,22200,22300,113829,-0.0429184549356223
2024-06-28,22100,23000,21700,21850,114897,-0.020179372197309364
2024-07-01,21850,23500,21500,23300,140735,0.06636155606407312
2024-07-02,23250,23250,22000,22450,105058,-0.03648068669527893
2024-07-03,22250,22500,21700,22100,121374,-0.015590200445434244
2024-07-04,22100,22300,21650,21850,90394,-0.011312217194570096
2024-07-05,21650,22050,21600,21950,72200,0.004576659038901587
2024-07-08,21700,22400,21700,22350,71405,0.018223234624145768
2024-07-09,22050,23700,22050,23000,247815,0.029082774049216997
2024-07-10,22800,23350,22400,23100,121148,0.004347826086956497
2024-07-11,23150,23400,22850,23100,80821,0.0
2024-07-12,23100,24150,22900,23700,185764,0.025974025974025983
2024-07-15,23500,24050,23300,23650,147957,-0.002109704641350185
2024-07-16,24000,24000,22850,23400,112298,-0.010570824524312905
2024-07-17,23350,24650,23250,24200,330255,0.03418803418803429
2024-07-18,24100,24600,23400,24550,226132,0.01446280991735538
2024-07-19,24300,24600,23650,24200,112852,-0.014256619144602856
2024-07-22,24050,24600,23700,23800,139100,-0.016528925619834656
2024-07-23,23800,24200,23400,23850,119173,0.0021008403361344463
2024-07-24,23450,24250,23450,24000,90520,0.0062893081761006275
2024-07-25,23600,23950,23450,23650,80395,-0.014583333333333282
2024-07-26,23750,24150,23550,24100,88315,0.019027484143763207
2024-07-29,24100,24900,22300,22500,253389,-0.06639004149377592
2024-07-30,22500,23050,21900,22900,94613,0.01777777777777767
2024-07-31,22900,22900,21800,22600,146280,-0.013100436681222738
2024-08-01,22450,24450,22300,24450,270642,0.08185840707964598
2024-08-02,23950,24450,19600,20500,1111048,-0.16155419222903888
2024-08-05,20000,20100,15210,16240,914495,-0.20780487804878045
2024-08-06,16300,17500,16300,16880,411657,0.039408866995073843
2024-08-07,16700,16720,15520,15880,414048,-0.05924170616113744
2024-08-08,15810,15860,14850,15400,186116,-0.030226700251889116
2024-08-09,15550,16530,15540,16400,129076,0.06493506493506485
2024-08-12,16120,16720,16120,16150,72442,-0.015243902439024404
2024-08-13,16190,16260,15750,15790,77898,-0.022291021671826616
2024-08-14,16100,16270,15780,16170,83344,0.024065864471184195
2024-08-16,16320,17190,16320,17050,106381,0.054421768707483054
2024-08-19,17050,17300,16820,16850,69365,-0.011730205278592365
2024-08-20,16870,17640,16870,17210,75330,0.02136498516320473
2024-08-21,17050,17380,16930,16980,66379,-0.013364323067983741
2024-08-22,16990,17310,16760,16910,72174,-0.0041224970553592755
2024-08-23,16810,16950,16740,16870,37406,-0.0023654642223536193
2024-08-26,16970,17170,16500,16560,39253,-0.018375815056313027
2024-08-27,16560,16660,16250,16420,41658,-0.008454106280193274
2024-08-28,16480,17100,16440,16700,77210,0.01705237515225333
2024-08-29,16400,16930,16400,16860,48790,0.009580838323353325
2024-08-30,16800,17300,16760,17200,72024,0.02016607354685651
2024-09-02,17050,17150,16740,17010,59186,-0.01104651162790693
2024-09-03,16850,18100,16850,18000,131007,0.05820105820105814
2024-09-04,17850,17850,16830,16890,110732,-0.06166666666666665
2024-09-05,16890,17150,16230,16460,74679,-0.02545885139135584
2024-09-06,16620,16620,15760,15850,98412,-0.037059538274605064
2024-09-09,15620,17100,15600,17020,84615,0.07381703470031553
2024-09-10,17020,17300,16340,17300,75048,0.016451233842538215
2024-09-11,17610,18360,17280,18350,149897,0.06069364161849711
2024-09-12,18350,18940,18200,18550,133481,0.01089918256130784
2024-09-13,18900,19080,18100,18920,110843,0.01994609164420491
2024-09-19,18930,19470,18670,19030,83225,0.005813953488372103
2024-09-20,19050,19300,18670,18670,94604,-0.018917498686284784
2024-09-23,18500,19330,18430,19150,91513,0.025709694697375385
2024-09-24,18970,19380,18820,19010,60102,-0.0073107049608355235
2024-09-25,19420,19510,19050,19140,84582,0.006838506049447579
2024-09-26,19210,19460,19070,19350,70439,0.01097178683385569
2024-09-27,19350,19570,18910,19240,68594,-0.00568475452196382
2024-09-30,19430,19430,19060,19350,55472,0.005717255717255787
2024-10-02,19350,19520,18830,19290,69375,-0.0031007751937984773
2024-10-04,19480,19870,19170,19640,89404,0.018144116122343235
2024-10-07,19560,19630,18180,18300,172674,-0.06822810590631367
2024-10-08,18300,18770,18210,18300,65300,0.0
2024-10-10,18300,18660,18000,18530,59380,0.012568306010928953
2024-10-11,18710,18710,17300,17300,118290,-0.0663788451160281
2024-10-14,17300,17790,16750,17560,102647,0.015028901734104094
2024-10-15,17730,18280,17370,18130,76165,0.03246013667425962
2024-10-16,18140,18150,17440,17500,49879,-0.03474903474903479
2024-10-17,17650,17740,17270,17420,25646,-0.00457142857142856
2024-10-18,17520,17520,16820,17150,58084,-0.015499425947187118
2024-10-21,17230,17240,16860,16860,50405,-0.016909620991253593
2024-10-22,16660,16850,16340,16400,77477,-0.027283511269276417
2024-10-23,16560,16800,16120,16800,69840,0.024390243902439046
2024-10-24,16840,16840,16400,16690,39776,-0.006547619047619024
2024-10-25,16850,16850,16170,16540,39800,-0.0089874176153385
2024-10-28,16700,16760,16490,16600,38987,0.0036275695284160303
2024-10-29,16440,16750,16150,16540,34163,-0.0036144578313253017
2024-10-30,16540,16730,16380,16450,28226,-0.0054413542926239344
2024-10-31,16260,16990,16130,16990,62245,0.03282674772036476
2024-11-01,16910,16910,16350,16350,42687,-0.03766921718658034
2024-11-04,16550,17490,16310,17490,96564,0.06972477064220173
2024-11-05,17250,17680,17210,17290,22700,-0.011435105774728394
2024-11-06,17400,17760,17210,17220,43581,-0.004048582995951455
2024-11-07,17030,17360,16590,16900,41096,-0.018583042973286834
2024-11-08,17170,17310,16550,16850,55929,-0.00295857988165682
2024-11-11,16650,19000,16280,18700,317581,0.10979228486646875
2024-11-12,18500,18650,17680,18280,122092,-0.022459893048128343
2024-11-13,18280,18910,17950,18700,116720,0.02297592997811826
2024-11-14,18900,19400,18260,18750,96983,0.002673796791443861
2024-11-15,18630,18750,17910,18060,81693,-0.036800000000000055
2024-11-18,18060,18240,17330,17700,70335,-0.019933554817275767
2024-11-19,17500,18610,17500,18600,63533,0.05084745762711873
2024-11-20,19200,21500,18680,20950,687155,0.1263440860215055
2024-11-21,20850,23400,20050,23000,503791,0.09785202863961806
2024-11-22,22700,23200,21850,22200,256590,-0.034782608695652195
2024-11-25,22250,23500,21950,23100,304097,0.04054054054054057
2024-11-26,23950,24650,23050,24150,296478,0.045454545454545414
2024-11-27,24400,24550,23350,23650,113937,-0.020703933747411973
2024-11-28,23650,24550,23150,24300,129911,0.02748414376321362
2024-11-29,24000,24600,23500,23800,81801,-0.020576131687242816
2024-12-02,23800,24200,22650,23900,103631,0.004201680672268893
2024-12-03,24000,25300,23500,24650,146486,0.03138075313807542
2024-12-04,23950,24850,23500,24500,107495,-0.006085192697768749
2024-12-05,24250,24500,23050,23750,114395,-0.030612244897959218
2024-12-06,23400,23700,22300,23300,142968,-0.0189473684210526
2024-12-09,22850,23200,22000,22350,107556,-0.04077253218884125
2024-12-10,22850,24400,22550,24100,128099,0.07829977628635354
2024-12-11,23900,25050,23600,24650,100650,0.022821576763485396
2024-12-12,24500,25250,23750,24050,173356,-0.024340770791075106
2024-12-13,24250,24850,23900,24300,95933,0.01039501039501034
2024-12-16,24150,25550,23600,25050,190146,0.030864197530864113
2024-12-17,25450,25450,24450,25100,116569,0.001996007984031989
2024-12-18,25500,26000,25100,25550,114134,0.017928286852589626
2024-12-19,24950,25100,23800,24400,184741,-0.045009784735812186
2024-12-20,24450,27600,24400,26950,449457,0.10450819672131151
2024-12-23,26950,28000,26600,27700,247062,0.027829313543599188
2024-12-24,27700,28900,27300,28450,285315,0.02707581227436817
2024-12-26,28700,29500,28300,28500,187389,0.0017574692442883233
2024-12-27,28050,28650,27000,27600,160567,-0.03157894736842104
2024-12-30,27200,29500,27000,28800,174518,0.04347826086956519
2025-01-02,28900,30350,28100,29750,339888,0.03298611111111116
2025-01-03,29800,33250,29150,31750,631026,0.0672268907563025
2025-01-06,31300,33750,31150,33300,312535,0.04881889763779523
2025-01-07,32800,33800,31500,31850,283760,-0.043543543543543506
2025-01-08,31850,32150,29900,30350,258226,-0.04709576138147564
2025-01-09,30050,31550,29150,31000,185606,0.021416803953871577
2025-01-10,30600,31950,30000,30000,144717,-0.032258064516129004
2025-01-13,29600,31300,29550,30500,84857,0.016666666666666607
2025-01-14,30500,30850,29900,30350,51183,-0.004918032786885296
2025-01-15,30400,30450,29250,30000,116863,-0.011532125205930832
2025-01-16,30200,30850,29450,30600,76391,0.020000000000000018
2025-01-17,29850,30400,28250,28750,204876,-0.06045751633986929
2025-01-20,28500,28800,27300,28100,137859,-0.022608695652173938
2025-01-21,28750,29350,28250,28800,115509,0.02491103202846978
2025-01-22,28850,29300,28050,29150,111777,0.012152777777777679
2025-01-23,29500,29600,28000,28950,93355,-0.006861063464837058
2025-01-24,29600,29850,27500,28200,186908,-0.025906735751295318
2025-01-31,28200,30500,27900,30050,179987,0.06560283687943258
2025-02-03,29800,29900,28250,29450,139678,-0.019966722129783676
2025-02-04,30000,31000,29700,30300,133054,0.028862478777589073
2025-02-05,30450,31200,29600,30700,136763,0.013201320132013139
2025-02-06,30800,35400,30750,33950,948596,0.10586319218241047
2025-02-07,34100,34850,33150,34000,227023,0.0014727540500736325
2025-02-10,33800,34550,30250,31000,607679,-0.08823529411764708
2025-02-11,31400,32150,30800,31000,172473,0.0
2025-02-12,30500,30700,29050,29300,214772,-0.05483870967741933
2025-02-13,29600,30300,29100,29900,87793,0.020477815699658786
2025-02-14,30150,30150,28400,28800,165738,-0.03678929765886285
2025-02-17,28800,29300,28200,28500,90402,-0.01041666666666663
2025-02-18,28250,28400,27450,28050,170531,-0.015789473684210575
2025-02-19,28250,28450,27500,27700,98029,-0.012477718360071277
2025-02-20,27500,27700,26400,26800,159632,-0.032490974729241895
2025-02-21,26800,27450,26650,27350,60657,0.020522388059701413
2025-02-24,27100,27400,26500,27250,39553,-0.003656307129798919
2025-02-25,27000,28000,26750,27850,53289,0.022018348623853212
2025-02-26,27550,28200,27400,27450,57282,-0.014362657091561926
2025-02-27,27300,27700,27100,27350,69908,-0.0036429872495445936
2025-02-28,26950,27300,26500,27000,67804,-0.012797074954296161
2025-03-04,26100,27250,26050,26700,43469,-0.011111111111111072
2025-03-05,26600,27450,26500,27300,45329,0.022471910112359605
2025-03-06,27400,28850,27000,27850,140662,0.020146520146520075
2025-03-07,27750,27750,24850,25050,273457,-0.10053859964093359
2025-03-10,25050,26100,24800,25450,92963,0.015968063872255467
2025-03-11,24500,26200,24400,25500,87581,0.0019646365422396617
2025-03-12,25100,25850,25050,25700,51327,0.007843137254901933
2025-03-13,25700,26100,25000,25050,80043,-0.02529182879377434
2025-03-14,25300,27050,25100,26650,95880,0.06387225548902187
2025-03-17,26650,27100,26500,26850,40005,0.007504690431519689
2025-03-18,26600,27100,26600,26900,26361,0.0018621973929235924
2025-03-19,27200,27200,26500,27000,23415,0.0037174721189590088
2025-03-20,27250,27250,26400,26450,31013,-0.020370370370370372
2025-03-21,26800,27200,26150,26700,52120,0.00945179584120992
2025-03-24,26300,26700,25700,25900,37769,-0.029962546816479363
2025-03-25,25350,26000,24500,24700,104978,-0.04633204633204635
2025-03-26,24950,25150,23900,24450,66032,-0.010121457489878583
2025-03-27,23800,24650,23650,24550,51854,0.004089979550102152
2025-03-28,24800,25050,24250,24700,60776,0.006109979633401208
2025-03-31,23700,26000,23650,25050,66320,0.014170040485830038
2025-04-01,25050,25850,25000,25600,51119,0.02195608782435121
2025-04-02,25300,26300,24700,26250,57055,0.025390625
2025-04-03,25700,26450,25550,26150,45511,-0.003809523809523818
2025-04-04,26200,26650,25500,26000,51709,-0.005736137667303964
2025-04-07,24600,25650,24250,24250,59262,-0.06730769230769229
2025-04-08,24300,25400,24300,24650,49219,0.016494845360824684
2025-04-09,24250,24600,23200,23750,52190,-0.0365111561866126
2025-04-10,24150,26400,24000,26100,68357,0.09894736842105267
2025-04-11,26300,27350,25050,26800,64484,0.026819923371647514
2025-04-14,26400,26850,25500,26700,66339,-0.003731343283582045
2025-04-15,26400,27150,26400,26700,25541,0.0
2025-04-16,26450,26950,25200,25500,67911,-0.0449438202247191
2025-04-17,25950,26250,25550,25950,25834,0.01764705882352935
2025-04-18,25700,25900,25350,25550,27272,-0.015414258188824692
2025-04-21,25300,25500,24950,25200,30918,-0.013698630136986356
2025-04-22,25250,25600,25050,25450,19274,0.009920634920634885
2025-04-23,25400,25750,25000,25300,34573,-0.005893909626719096
2025-04-24,25000,25450,25000,25300,28559,0.0
2025-04-25,25300,25500,24900,24900,30857,-0.015810276679841917
2025-04-28,25100,25150,23850,24000,50822,-0.03614457831325302
2025-04-29,24100,24950,24100,24600,39297,0.02499999999999991
2025-04-30,24300,24550,23700,23850,46457,-0.030487804878048808
2025-05-02,23850,24050,23450,23700,32727,-0.0062893081761006275
2025-05-07,24700,24700,22750,23400,81584,-0.012658227848101222
2025-05-08,23300,23650,23050,23400,29583,0.0
2025-05-09,23250,23700,23050,23500,20656,0.004273504273504258
2025-05-12,28100,30550,28000,30550,600459,0.30000000000000004
2025-05-13,31500,32650,29900,31250,528705,0.022913256955810146
2025-05-14,30700,33500,30650,32750,298358,0.04800000000000004
2025-05-15,32750,34450,32450,34300,200596,0.047328244274809084
2025-05-16,34000,34800,32950,33700,140258,-0.017492711370262426
2025-05-19,33100,33875,31600,32400,131165,-0.03857566765578635
2025-05-20,32150,34050,32150,34000,107468,0.04938271604938271
2025-05-21,34050,34550,33500,33950,86142,-0.0014705882352941124
2025-05-22,33000,34200,32150,33350,61035,-0.0176730486008837
2025-05-23,33400,34000,33050,33450,38921,0.0029985007496251548
2025-05-26,34400,36500,33950,36350,231120,0.086696562032885
2025-05-27,35250,35900,32450,32750,232544,-0.09903713892709765
2025-05-28,33100,33300,32000,32300,111892,-0.013740458015267132
2025-05-29,32550,33800,32400,33500,53249,0.037151702786377694
2025-05-30,33200,33450,32400,32400,52940,-0.032835820895522394
2025-06-02,32050,32800,32000,32200,44626,-0.006172839506172867
2025-06-04,33000,36250,32500,34700,182555,0.07763975155279512
2025-06-05,34400,34950,33350,33500,78056,-0.03458213256484155
2025-06-09,33650,35650,33500,33650,110311,0.004477611940298498
2025-06-10,34550,34850,33800,34800,52463,0.034175334323922835
2025-06-11,34800,36000,34250,34700,77892,-0.002873563218390829
2025-06-12,35100,35150,33900,34150,90769,-0.015850144092218965
2025-06-13,33850,34500,31800,33000,154974,-0.03367496339677889
2025-06-16,33100,33100,30550,32000,117012,-0.030303030303030276
2025-06-17,31900,32200,30050,31150,115997,-0.026562500000000044
2025-06-18,30700,31750,30500,31000,60482,-0.0048154093097912964
2025-06-19,31350,31350,29800,30250,78038,-0.024193548387096753
2025-06-20,30300,32950,29900,31800,121490,0.05123966942148761
2025-06-23,31400,33100,30500,32200,83283,0.012578616352201255
2025-06-24,33100,34200,32450,32600,89921,0.012422360248447228
2025-06-25,32500,33600,32150,32950,52300,0.010736196319018454
2025-06-26,32950,34800,31300,32950,175942,0.0
2025-06-27,32300,33100,31950,32600,51095,-0.01062215477996964
2025-06-30,32950,35150,32850,34250,157330,0.05061349693251538
2025-07-01,34400,36400,34400,35750,134979,0.04379562043795615
2025-07-02,35100,37250,34850,36500,111953,0.020979020979021046
2025-07-03,37000,37750,35850,37250,102023,0.020547945205479534
2025-07-04,37050,37250,36000,36350,70507,-0.024161073825503365
2025-07-07,36600,38200,36450,37500,97535,0.031636863823933936
2025-07-08,37700,37700,36650,37550,53373,0.0013333333333334085
2025-07-09,37000,37250,35050,36500,115925,-0.0279627163781625
2025-07-10,35650,38500,35450,38400,111093,0.05205479452054784
2025-07-11,38450,38500,36500,36800,67954,-0.04166666666666663
2025-07-14,38700,43700,37250,43000,715750,0.1684782608695652
2025-07-15,50300,52400,45800,48200,1018912,0.12093023255813962
2025-07-16,46200,48500,45200,47500,321756,-0.014522821576763434
2025-07-17,47250,51800,47100,50400,484216,0.06105263157894747
2025-07-18,49350,50800,48200,50200,214509,-0.003968253968253954
2025-07-21,50600,54000,50500,51500,246011,0.02589641434262946
2025-07-22,53900,61000,53400,59000,834277,0.14563106796116498
2025-07-23,61300,63800,55800,61500,638591,0.04237288135593231
2025-07-24,60200,60900,57700,59700,312883,-0.029268292682926855
2025-07-25,59600,60600,56800,57000,229805,-0.045226130653266305
2025-07-28,57500,60700,57000,57600,229814,0.010526315789473717
2025-07-29,57600,59700,48550,51100,1048954,-0.11284722222222221
2025-07-30,51100,51800,47400,50400,728873,-0.013698630136986356
2025-07-31,49550,52100,49000,49750,228461,-0.012896825396825351
2025-08-01,48250,49150,46450,46600,204794,-0.06331658291457287
2025-08-04,48000,48750,47000,47500,130560,0.0193133047210301
2025-08-05,48400,49400,47700,48300,149293,0.01684210526315799
2025-08-06,48250,49500,47150,48750,90799,0.009316770186335477
2025-08-07,48650,49150,47800,48400,67443,-0.007179487179487132
2025-08-08,49700,50500,47550,47850,131812,-0.011363636363636354
2025-08-11,48000,48000,45950,45950,101315,-0.03970741901776387
2025-08-12,45700,49150,44400,47850,257509,0.041349292709466745
2025-08-13,47900,49650,47350,49450,167269,0.03343782654127492
2025-08-14,49350,49450,47800,49050,81822,-0.008088978766430777
2025-08-18,48600,49000,46200,46700,82331,-0.04791029561671767
2025-08-19,46350,47450,46250,46700,53399,0.0
2025-08-20,46400,46550,45000,46550,79366,-0.0032119914346895317
2025-08-21,46350,48900,46350,48450,89676,0.04081632653061229
2025-08-22,48450,50000,48150,49800,85102,0.02786377708978338
2025-08-25,49900,51100,49400,50400,109969,0.012048192771084265
2025-08-26,49750,50800,49500,50400,68785,0.0
2025-08-27,52600,52900,49600,51000,193853,0.011904761904761862
2025-08-28,50700,54000,50200,53500,145595,0.0490196078431373
2025-08-29,53500,56000,53000,55600,150106,0.03925233644859816
2025-09-01,56300,56300,52000,52300,168710,-0.059352517985611475
2025-09-02,52800,53800,50900,53000,92756,0.013384321223709472
2025-09-03,52600,53300,51800,52800,56195,-0.0037735849056603765
2025-09-04,52400,54500,52100,53500,65925,0.01325757575757569
2025-09-05,53500,54800,53200,54500,76835,0.01869158878504673
2025-09-08,54800,55500,51500,52500,147451,-0.03669724770642202
2025-09-09,53000,56900,52300,54800,158346,0.04380952380952374
2025-09-10,54300,55400,53800,54500,74521,-0.005474452554744547
2025-09-11,54300,54500,53100,54200,101239,-0.0055045871559632475
2025-09-12,54000,63400,53000,62200,458155,0.14760147601476015
2025-09-15,63900,69900,62200,68800,483559,0.1061093247588425
2025-09-16,67200,69900,66400,68500,200825,-0.0043604651162790775
2025-09-17,68500,70700,62800,65200,382351,-0.04817518248175179
2025-09-18,65800,66200,64000,64400,88953,-0.012269938650306789
2025-09-19,64100,68500,64000,68000,223925,0.05590062111801242
2025-09-22,69500,71000,67900,68600,211784,0.008823529411764675
2025-09-23,68000,71300,65500,70200,230431,0.023323615160349753
2025-09-24,68400,68500,60900,61700,392058,-0.12108262108262113
2025-09-25,60900,62700,59300,60800,199857,-0.014586709886547866
2025-09-26,60300,61400,59200,59900,81372,-0.014802631578947345
2025-09-29,60100,61100,59500,60400,83370,0.008347245409014992
2025-09-30,59900,62700,59900,62500,101341,0.0347682119205297
2025-10-01,62500,63100,61300,62600,66124,0.0016000000000000458
2025-10-02,62900,65000,62500,63200,104145,0.009584664536741228
2025-10-10,62900,64000,60800,63000,73171,-0.0031645569620253333
2025-10-13,62400,65200,61100,62100,172761,-0.014285714285714235
2025-10-14,62600,64300,61700,62500,102363,0.006441223832528209
2025-10-15,63100,63800,61600,62500,62098,0.0
2025-10-16,62400,62400,59900,61000,113412,-0.02400000000000002
2025-10-17,59900,61700,58900,59700,92618,-0.021311475409836023
2025-10-20,59400,63700,59400,62600,105204,0.048576214405360085
2025-10-21,62300,63100,61400,62400,68876,-0.0031948881789137795
2025-10-22,62400,63700,60300,63300,89756,0.014423076923076872
2025-10-23,61400,67000,60600,62800,279422,-0.00789889415481837
2025-10-24,61900,62400,57800,59400,170210,-0.05414012738853502
2025-10-27,58000,65300,57800,64100,190199,0.07912457912457915
2025-10-28,63600,68800,63300,67200,252702,0.04836193447737913
2025-10-29,68200,68900,65400,66100,157629,-0.016369047619047672
2025-10-30,66000,66000,62400,62500,116441,-0.0544629349470499
2025-10-31,62600,65600,62600,64900,86542,0.03839999999999999
2025-11-03,64900,64950,61900,62200,144598,-0.04160246533127887
2025-11-04,61600,63500,60000,62500,100631,0.004823151125401992
2025-11-05,63400,63500,59800,62500,117652,0.0
2025-11-06,62500,64800,61900,63800,87876,0.02079999999999993
2025-11-07,64300,65500,62900,64800,126766,0.01567398119122254
2025-11-10,65000,67100,63800,66000,172952,0.0185185185185186
2025-11-11,66000,67200,63400,63400,96616,-0.039393939393939426
2025-11-12,64800,64900,61700,63300,102434,-0.001577287066246047
2025-11-13,62600,65300,60000,60700,125101,-0.041074249605055346
2025-11-14,60000,64400,59100,60800,132948,0.0016474464579900872
2025-11-17,61500,63800,59500,63700,99007,0.047697368421052655
2025-11-18,63700,70000,63600,66200,322902,0.03924646781789631
2025-11-19,65500,67600,63300,64900,113356,-0.01963746223564955
2025-11-20,66500,69500,65200,68200,131213,0.05084745762711873
2025-11-21,67300,78700,65200,78200,718337,0.14662756598240478
2025-11-24,77700,80600,76600,79000,292849,0.010230179028132946
2025-11-25,78400,84500,78200,83200,401071,0.05316455696202538
2025-11-26,81400,81400,71300,73800,482158,-0.11298076923076927
2025-11-27,73800,74500,70600,70900,165213,-0.03929539295392959
2025-11-28,71500,89300,70300,87300,654297,0.2313117066290551
2025-12-01,87300,92000,78600,81900,716826,-0.061855670103092786
2025-12-02,74700,78500,70200,77000,456467,-0.05982905982905984
2025-12-03,77200,78200,74900,76200,175234,-0.010389610389610393
2025-12-04,75200,78000,72600,73700,163462,-0.03280839895013121
2025-12-05,75000,75600,72100,72900,127983,-0.01085481682496603
2025-12-08,74100,74700,72000,73200,92831,0.004115226337448652
