Date,Open,High,Low,Close,Volume,Change
2022-01-03,3666,3675,3602,3649,64928,-0.004908644668666473
2022-01-04,3639,3892,3639,3862,557621,0.05837215675527552
2022-01-05,4302,4937,4048,4693,15317152,0.21517348524080782
2022-01-06,4992,5674,4693,4848,24934320,0.03302791391434057
2022-01-07,4783,4929,4356,4366,4144161,-0.09942244224422447
2022-01-10,4488,5355,4488,4848,20119288,0.11039853412734768
2022-01-11,4756,4829,4334,4353,3530601,-0.10210396039603964
2022-01-12,4565,5047,4420,4430,5913590,0.017688950149322258
2022-01-13,4397,5273,4361,4811,20289866,0.08600451467268622
2022-01-14,4728,5163,4583,4720,14286536,-0.01891498648929535
2022-01-17,4628,4655,4337,4393,1958601,-0.06927966101694916
2022-01-18,4393,4747,4125,4181,2238621,-0.04825859321648074
2022-01-19,4102,4193,3929,3962,1694370,-0.05237981344176035
2022-01-20,3903,4016,3812,3967,1312538,0.0012619888944978008
2022-01-21,3898,4719,3885,4253,16551256,0.07209478195109664
2022-01-24,4237,4237,3843,3853,1821035,-0.0940512579355749
2022-01-25,3911,4011,3617,3640,1582742,-0.055281598754217454
2022-01-26,3593,3856,3593,3631,1140205,-0.0024725274725274637
2022-01-27,3612,3630,3363,3363,986239,-0.07380886808041864
2022-01-28,3362,3611,3362,3567,1094927,0.06066012488849237
2022-02-03,3571,4080,3571,3849,4244942,0.0790580319596299
2022-02-04,3794,4062,3748,3885,2019409,0.009353078721745955
2022-02-07,3852,3948,3848,3921,489624,0.009266409266409203
2022-02-08,3907,3926,3812,3867,499629,-0.01377199693955622
2022-02-09,3902,4029,3902,3989,755999,0.03154900439617281
2022-02-10,3985,4047,3911,3926,453405,-0.015793431937829006
2022-02-11,3893,3948,3779,3817,369024,-0.027763627101375477
2022-02-14,3694,3798,3612,3640,474958,-0.0463714959392193
2022-02-15,3640,3762,3409,3409,499257,-0.06346153846153846
2022-02-16,3476,3790,3471,3713,833828,0.08917571135230262
2022-02-17,3670,3820,3629,3708,424762,-0.001346619983840558
2022-02-18,3630,3794,3626,3790,185977,0.022114347357065745
2022-02-21,3794,3993,3756,3876,1855768,0.022691292875989477
2022-02-22,3797,3920,3730,3776,454336,-0.02579979360165119
2022-02-23,3780,3872,3780,3813,287611,0.009798728813559254
2022-02-24,3811,3856,3607,3649,476361,-0.043010752688172005
2022-02-25,3738,3774,3657,3744,356832,0.026034530008221424
2022-02-28,3748,3948,3743,3912,627436,0.044871794871794934
2022-03-02,3902,3997,3815,3994,442642,0.020961145194273945
2022-03-03,4039,4039,3844,3885,742684,-0.02729093640460689
2022-03-04,3885,3962,3839,3872,308638,-0.0033462033462033913
2022-03-07,3849,3949,3721,3813,362201,-0.015237603305785163
2022-03-08,3767,3862,3726,3808,312719,-0.00131130343561503
2022-03-10,3721,3767,3590,3713,726069,-0.02494747899159666
2022-03-11,3694,3975,3694,3890,681827,0.04767034742795584
2022-03-14,3856,3915,3784,3785,306119,-0.02699228791773778
2022-03-15,3738,4265,3738,3953,4843403,0.044385733157199514
2022-03-16,4700,4700,4074,4084,9794177,0.03313938780672898
2022-03-17,4106,4219,4051,4112,1676788,0.006856023506366382
2022-03-18,4133,4138,3961,4012,1088225,-0.024319066147859947
2022-03-21,3998,4044,3925,3985,724805,-0.006729810568295136
2022-03-22,3994,4121,3994,4058,909544,0.01831869510664985
2022-03-23,4107,4175,4044,4094,1038556,0.008871365204534243
2022-03-24,4071,4099,3985,4040,552062,-0.013190034196384981
2022-03-25,4052,4106,4021,4062,479926,0.00544554455445545
2022-03-28,4070,4075,3949,3949,503779,-0.027818808468734635
2022-03-29,3966,3984,3889,3921,327052,-0.0070904026335780745
2022-03-30,3911,3970,3889,3894,239094,-0.00688599846977811
2022-03-31,3902,3948,3884,3912,188718,0.0046224961479199855
2022-04-01,3907,3907,3833,3853,321965,-0.015081799591002087
2022-04-04,3871,3875,3812,3831,294252,-0.00570983649104595
2022-04-05,3853,4629,3831,4176,14319375,0.09005481597494125
2022-04-06,4124,5237,4102,4938,33367224,0.18247126436781613
2022-04-07,4801,4865,4610,4711,4976312,-0.04597002835155939
2022-04-08,5073,5155,4610,4711,6028396,0.0
2022-04-11,4538,4619,4433,4498,1682815,-0.04521333050307785
2022-04-12,4492,4497,4224,4280,1406094,-0.0484659848821698
2022-04-13,4269,4391,4215,4284,1120042,0.0009345794392523477
2022-04-14,4293,4492,4238,4239,1533041,-0.010504201680672232
2022-04-15,4206,4279,4157,4262,518338,0.005425807973578722
2022-04-18,4237,4251,4065,4066,799762,-0.04598779915532614
2022-04-19,4066,4212,4066,4153,537379,0.02139695031972444
2022-04-20,4156,4233,4106,4207,523626,0.01300264868769574
2022-04-21,4220,4252,4171,4171,354329,-0.008557166627050194
2022-04-22,4133,4142,4038,4071,383098,-0.023975065931431283
2022-04-25,3993,4025,3920,3958,421772,-0.027757307786784535
2022-04-26,3980,4184,3976,4081,569566,0.031076301162203057
2022-04-27,3971,4103,3935,4058,288111,-0.0056358735604018495
2022-04-28,4074,4156,4038,4125,342502,0.0165105963528831
2022-04-29,4189,4212,4103,4140,341085,0.0036363636363636598
2022-05-02,4083,4102,4020,4089,217460,-0.01231884057971011
2022-05-03,4097,4219,4092,4148,307453,0.014428955734898441
2022-05-04,4157,4157,3980,4021,356314,-0.03061716489874633
2022-05-06,3966,3984,3861,3876,335498,-0.036060681422531715
2022-05-09,3866,3874,3702,3708,359304,-0.04334365325077394
2022-05-10,3654,3813,3558,3695,318682,-0.003505933117583626
2022-05-11,3726,3772,3662,3695,166246,0.0
2022-05-12,3694,3694,3530,3563,295168,-0.03572395128552097
2022-05-13,3583,3665,3583,3644,215986,0.022733651417344847
2022-05-16,3679,3783,3679,3680,181737,0.009879253567508295
2022-05-17,3698,3754,3676,3736,153256,0.01521739130434785
2022-05-18,3766,4106,3720,4071,1473610,0.08966809421841537
2022-05-19,3920,4047,3902,3958,407223,-0.027757307786784535
2022-05-20,3971,4243,3971,4017,756774,0.014906518443658312
2022-05-23,4038,4138,3974,4066,321538,0.012198157829225842
2022-05-24,4043,4093,3933,3953,242839,-0.027791441219872093
2022-05-25,4029,4066,3911,3967,188242,0.0035416139640778166
2022-05-26,3966,4057,3957,3962,161125,-0.001260398285858333
2022-05-27,4274,4274,3993,3994,1062358,0.008076728924785392
2022-05-30,4043,4187,4020,4084,771143,0.0225338007010516
2022-05-31,4084,4094,4017,4040,258405,-0.010773751224289918
2022-06-02,4048,4103,4012,4081,218056,0.010148514851485047
2022-06-03,4084,4139,4012,4076,247316,-0.0012251899044352088
2022-06-07,4058,4066,3917,3940,237820,-0.03336604514229635
2022-06-08,3943,3952,3857,3858,204662,-0.020812182741116736
2022-06-09,3856,3874,3756,3803,201965,-0.01425609123898397
2022-06-10,3802,3925,3738,3858,255330,0.014462266631606546
2022-06-13,3826,3831,3613,3677,425565,-0.04691550025920166
2022-06-14,3529,3684,3452,3685,624465,0.0021756867011151204
2022-06-15,3621,3661,3530,3581,215053,-0.028222523744911854
2022-06-16,3620,3702,3529,3544,202510,-0.010332309410779117
2022-06-17,3467,3525,3394,3522,186615,-0.006207674943566555
2022-06-20,3558,3558,3258,3332,341843,-0.053946621237933035
2022-06-21,3340,3821,3290,3422,1259217,0.027010804321728754
2022-06-22,3466,3729,3447,3476,790445,0.015780245470485177
2022-06-23,3485,3529,3144,3145,584481,-0.09522439585730724
2022-06-24,3122,3358,3122,3314,264432,0.05373608903020677
2022-06-27,3362,3494,3326,3458,213920,0.043452021726010814
2022-06-28,3457,3493,3411,3472,155715,0.004048582995951344
2022-06-29,3417,3489,3403,3458,138399,-0.0040322580645161255
2022-06-30,3471,3517,3439,3458,170640,0.0
2022-07-01,3466,3516,3312,3358,235114,-0.028918449971081506
2022-07-04,3375,3384,3253,3263,158285,-0.028290649195949924
2022-07-05,3280,3426,3280,3413,146912,0.04596996628869143
2022-07-06,3412,3512,3381,3445,160684,0.009375915616759434
2022-07-07,3448,3517,3440,3468,117709,0.006676342525399059
2022-07-08,3493,3575,3475,3490,183534,0.006343713956170616
2022-07-11,3463,3653,3463,3613,468888,0.03524355300859594
2022-07-12,3606,3856,3524,3603,1309259,-0.0027677830058123742
2022-07-13,3631,3939,3603,3695,2232375,0.025534276991395988
2022-07-14,3693,3856,3647,3698,1061578,0.0008119079837618504
2022-07-15,3706,3734,3593,3698,326110,0.0
2022-07-18,3697,3856,3697,3776,409645,0.02109248242293127
2022-07-19,3775,3830,3753,3817,176089,0.010858050847457612
2022-07-20,3826,3875,3757,3867,300042,0.013099292638197646
2022-07-21,3865,3865,3784,3785,154077,-0.021205068528575177
2022-07-22,3767,3808,3708,3736,201697,-0.012945838837516543
2022-07-25,3724,3734,3670,3680,100681,-0.01498929336188437
2022-07-26,3680,3703,3621,3636,150611,-0.011956521739130421
2022-07-27,3626,3780,3626,3677,176359,0.01127612761276131
2022-07-28,3729,3729,3643,3649,93497,-0.007614903453902588
2022-07-29,3676,3702,3630,3640,104435,-0.0024664291586735665
2022-08-01,3639,3657,3580,3590,154885,-0.013736263736263687
2022-08-02,3588,3602,3521,3544,132074,-0.012813370473537589
2022-08-03,3562,3602,3543,3581,64731,0.010440180586907433
2022-08-04,3598,3653,3598,3617,94374,0.010053057805082366
2022-08-05,3617,3789,3617,3767,420209,0.04147083218136571
2022-08-08,3783,3833,3738,3780,270482,0.00345102203344827
2022-08-09,3780,3816,3757,3790,163347,0.002645502645502562
2022-08-10,3803,3803,3726,3731,117421,-0.015567282321899745
2022-08-11,3788,3797,3707,3708,130683,-0.00616456714017688
2022-08-12,3729,3738,3670,3703,111228,-0.0013484358144552067
2022-08-16,3708,3739,3694,3713,75239,0.0027005130974884217
2022-08-17,3734,3738,3634,3649,120369,-0.017236735793159208
2022-08-18,3648,3652,3580,3608,78280,-0.011235955056179803
2022-08-19,3611,4246,3583,3739,9244130,0.03630820399113088
2022-08-22,3739,4012,3694,3772,3196578,0.008825889275207333
2022-08-23,3711,3833,3675,3708,563985,-0.016967126193001114
2022-08-24,3712,3885,3671,3790,948878,0.022114347357065745
2022-08-25,3766,3838,3756,3817,318902,0.0071240105540897325
2022-08-26,3821,3857,3744,3772,260951,-0.011789363374377748
2022-08-29,3667,3676,3595,3595,377133,-0.04692470837751861
2022-08-30,3588,3675,3584,3649,243745,0.015020862308762206
2022-08-31,3671,3779,3620,3758,202613,0.029871197588380305
2022-09-01,3752,3938,3702,3853,1770881,0.02527940393826511
2022-09-02,3852,3880,3653,3690,909281,-0.04230469763820399
2022-09-05,3661,3684,3552,3572,541649,-0.03197831978319787
2022-09-06,3530,3634,3507,3531,327233,-0.01147816349384101
2022-09-07,3529,3529,3320,3376,644552,-0.043896913055791575
2022-09-08,3390,3467,3385,3422,243709,0.013625592417061627
2022-09-13,3467,3512,3458,3486,181924,0.018702513150204547
2022-09-14,3363,3458,3345,3427,162112,-0.016924842226047065
2022-09-15,3443,3466,3389,3399,148698,-0.008170411438575997
2022-09-16,3384,3421,3321,3322,176038,-0.02265372168284785
2022-09-19,3304,3340,3245,3250,175585,-0.021673690547862723
2022-09-20,3266,3298,3230,3240,129829,-0.003076923076923088
2022-09-21,3212,3253,3172,3172,159409,-0.020987654320987703
2022-09-22,3121,3158,3062,3113,246762,-0.01860025220680961
2022-09-23,3113,3131,2949,3000,214813,-0.0362993896562801
2022-09-26,2930,2966,2839,2872,376160,-0.04266666666666663
2022-09-27,2803,2903,2757,2872,367175,0.0
2022-09-28,2831,2936,2709,2787,413896,-0.02959610027855153
2022-09-29,2821,3338,2821,3031,7793476,0.08754933620380334
2022-09-30,3041,3195,2936,2941,1389952,-0.0296931705707687
2022-10-04,2967,3162,2967,3154,1011132,0.07242434546072762
2022-10-05,3226,3231,3062,3113,1003483,-0.012999365884590941
2022-10-06,3143,3207,3125,3163,303900,0.01606167683906201
2022-10-07,3126,3158,3040,3050,250195,-0.03572557698387602
2022-10-11,3131,3236,2859,2905,526876,-0.04754098360655734
2022-10-12,2872,3000,2872,2905,198164,0.0
2022-10-13,2876,2921,2758,2759,385241,-0.05025817555938039
2022-10-14,2809,2918,2804,2905,221630,0.05291772381297566
2022-10-17,2854,2941,2827,2941,164082,0.012392426850258209
2022-10-18,2990,3031,2954,3000,233619,0.020061203672220307
2022-10-19,3000,3085,2964,2964,163161,-0.01200000000000001
2022-10-20,2967,3005,2913,2946,97829,-0.006072874493927127
2022-10-21,2903,2939,2885,2890,100302,-0.01900882552613714
2022-10-24,2931,3018,2931,2946,119436,0.01937716262975786
2022-10-25,2945,3031,2945,2977,161295,0.010522742701968735
2022-10-26,2981,3022,2931,2941,126343,-0.01209271078266716
2022-10-27,2944,3030,2939,3013,144669,0.024481468888133184
2022-10-28,2945,3030,2945,2986,80651,-0.00896116827082638
2022-10-31,3008,3177,3004,3041,283839,0.01841929002009368
2022-11-01,3058,3099,3008,3091,124607,0.016441959881617896
2022-11-02,3090,3113,3062,3082,119086,-0.002911679068262729
2022-11-03,3026,3062,3008,3041,95107,-0.013303049967553493
2022-11-04,3040,3044,2994,3045,73442,0.0013153567905295205
2022-11-07,3044,3072,3022,3041,59858,-0.0013136288998357726
2022-11-08,3040,3094,3040,3072,116801,0.010194015126603118
2022-11-09,3062,3108,3062,3082,96148,0.0032552083333332593
2022-11-10,3030,3126,3022,3086,102751,0.0012978585334197934
2022-11-11,3158,3162,3099,3113,169545,0.008749189889825093
2022-11-14,3112,3185,3085,3172,217078,0.01895277867009315
2022-11-15,3168,3291,3168,3273,263736,0.031841109709962234
2022-11-16,3257,3262,3189,3222,145223,-0.015582034830430747
2022-11-17,3221,3225,3121,3145,118581,-0.02389819987585351
2022-11-18,3158,3172,3113,3113,75295,-0.010174880763116012
2022-11-21,3159,3159,3000,3005,170898,-0.0346932219723739
2022-11-22,2977,3036,2967,2982,77013,-0.007653910149750365
2022-11-23,2985,3063,2985,3023,94675,0.01374916163648554
2022-11-24,3040,3076,3022,3072,64115,0.01620906384386367
2022-11-25,3081,3094,3058,3072,67900,0.0
2022-11-28,3076,3099,2981,2986,118748,-0.02799479166666663
2022-11-29,2948,3044,2940,3027,59376,0.013730743469524409
2022-11-30,3077,3707,3072,3363,16683470,0.11100099108027761
2022-12-01,3375,3480,3331,3372,2212477,0.00267618198037467
2022-12-02,3371,3408,3331,3368,657290,-0.0011862396204033177
2022-12-05,3372,3472,3309,3332,1347566,-0.0106888361045131
2022-12-06,3284,3307,3189,3204,481964,-0.038415366146458574
2022-12-07,3176,3213,3121,3154,389977,-0.01560549313358306
2022-12-08,3139,3208,3099,3113,224164,-0.012999365884590941
2022-12-09,3135,3143,3084,3122,282631,0.00289110183103114
2022-12-12,3148,3284,3130,3204,590147,0.026265214606021825
2022-12-13,3243,3398,3225,3281,1551515,0.024032459425717745
2022-12-14,3284,3352,3284,3294,407704,0.00396220664431568
2022-12-15,3284,3348,3275,3317,376361,0.006982392228293888
2022-12-16,3358,3785,3353,3404,11186479,0.026228519746759105
2022-12-19,3386,3427,3350,3350,651426,-0.015863689776733247
2022-12-20,3308,3353,3239,3254,567663,-0.028656716417910455
2022-12-21,3285,3617,3272,3427,3853856,0.05316533497234177
2022-12-22,3427,3667,3399,3536,5548423,0.03180624452874237
2022-12-23,3499,3563,3427,3468,840834,-0.019230769230769273
2022-12-26,3448,3517,3358,3381,630393,-0.025086505190311414
2022-12-27,3390,3468,3386,3468,372818,0.025732031943212164
2022-12-28,3439,3748,3434,3582,1577598,0.03287197231833905
2022-12-29,3591,3610,3438,3458,389551,-0.03461753210496932
2023-01-02,3477,3515,3343,3377,354724,-0.02342394447657603
2023-01-03,3348,3410,3229,3253,427936,-0.03671898134438856
2023-01-04,3239,3277,3205,3263,214666,0.0030740854595758815
2023-01-05,3262,3314,3243,3253,210032,-0.0030646644192461325
2023-01-06,3272,3296,3215,3296,166129,0.01321856747617578
2023-01-09,3329,3348,3291,3320,212945,0.00728155339805836
2023-01-10,3315,3319,3248,3258,141649,-0.01867469879518069
2023-01-11,3258,3315,3258,3306,141569,0.014732965009208066
2023-01-12,3329,3391,3282,3325,167232,0.005747126436781658
2023-01-13,3362,3386,3305,3315,161366,-0.003007518796992459
2023-01-16,3291,3357,3291,3315,102811,0.0
2023-01-17,3305,3343,3243,3253,148900,-0.018702865761689336
2023-01-18,3258,3287,3220,3230,93591,-0.007070396557024239
2023-01-19,3200,3262,3115,3239,192379,0.0027863777089782715
2023-01-20,3220,3263,3210,3225,116682,-0.004322321704229748
2023-01-25,3253,3282,3225,3249,157151,0.007441860465116301
2023-01-26,3229,3272,3229,3258,123917,0.0027700831024930483
2023-01-27,3253,3306,3248,3268,167210,0.0030693677102517913
2023-01-30,3267,3315,3257,3277,147849,0.0027539779681762244
2023-01-31,3272,3319,3238,3315,261538,0.011595971925541626
2023-02-01,3339,3368,3311,3311,244367,-0.0012066365007541435
2023-02-02,3334,3382,3320,3373,236328,0.018725460585925724
2023-02-03,3372,3377,3320,3330,181959,-0.012748295286095446
2023-02-06,3329,3334,3248,3306,179248,-0.007207207207207245
2023-02-07,3282,3329,3272,3282,130758,-0.007259528130671544
2023-02-08,3295,3348,3291,3315,145550,0.010054844606947055
2023-02-09,3282,3334,3272,3325,149939,0.003016591251885359
2023-02-10,3310,3330,3225,3230,286296,-0.02857142857142858
2023-02-13,3229,3243,3162,3201,142951,-0.008978328173374628
2023-02-14,3220,3225,3177,3187,104409,-0.004373633239612595
2023-02-15,3186,3210,3124,3134,224519,-0.01663005961719488
2023-02-16,3153,3186,3138,3153,136182,0.006062539885130835
2023-02-17,3201,3420,3192,3192,1988034,0.012369172216936342
2023-02-20,3219,3267,3186,3253,223819,0.019110275689222966
2023-02-21,3258,3281,3215,3220,171107,-0.01014448201660001
2023-02-22,3195,3195,3143,3153,183766,-0.02080745341614909
2023-02-23,3158,3182,3139,3144,130378,-0.0028544243577545148
2023-02-24,3144,3163,3058,3068,242566,-0.024173027989821905
2023-02-27,3053,3100,3015,3058,133450,-0.0032594524119947677
2023-02-28,3067,3091,3038,3058,108461,0.0
2023-03-02,3091,3115,3068,3068,106392,0.0032701111837802888
2023-03-03,3101,3191,3082,3106,254008,0.012385919165580184
2023-03-06,3143,3143,3086,3115,113673,0.0028976175144881378
2023-03-07,3115,3143,3081,3115,173429,0.0
2023-03-08,3091,3120,3058,3068,143958,-0.01508828250401284
2023-03-09,3086,3086,3010,3020,177920,-0.01564537157757495
2023-03-10,3001,3010,2925,2949,178326,-0.023509933774834457
2023-03-13,2901,2939,2858,2930,174429,-0.006442861987114301
2023-03-14,2934,2948,2820,2820,259122,-0.03754266211604096
2023-03-15,2858,2929,2858,2920,176239,0.03546099290780136
2023-03-16,2886,2919,2819,2858,126536,-0.021232876712328763
2023-03-17,2895,2962,2881,2953,121338,0.03324002799160253
2023-03-20,2948,2991,2939,2944,65464,-0.0030477480528275924
2023-03-21,2953,2972,2924,2934,91120,-0.0033967391304348116
2023-03-22,2948,2996,2901,2906,112541,-0.009543285616905206
2023-03-23,2868,2901,2858,2868,99693,-0.013076393668272512
2023-03-24,2863,2887,2839,2868,123171,0.0
2023-03-27,2872,2915,2819,2877,163101,0.003138075313807498
2023-03-28,2862,3010,2862,2958,277687,0.028154327424400494
2023-03-29,2929,2953,2915,2915,108605,-0.014536849222447579
2023-03-30,2948,2972,2891,2953,156042,0.013036020583190311
2023-03-31,2972,2972,2915,2930,105886,-0.007788689468337329
2023-04-03,2939,2958,2924,2939,80266,0.0030716723549488734
2023-04-04,2934,3010,2924,3001,136960,0.02109561075195643
2023-04-05,3010,3110,2987,3068,248321,0.022325891369543438
2023-04-06,3039,3077,3001,3006,136358,-0.020208604954367715
2023-04-07,3057,3067,2995,3015,68627,0.0029940119760478723
2023-04-10,3014,3029,2924,2953,167219,-0.02056384742951911
2023-04-11,2944,3034,2939,3011,127435,0.019641043007111447
2023-04-12,3034,3096,3001,3063,204199,0.01727000996346728
2023-04-13,3058,3120,3029,3101,213241,0.012406137773424808
2023-04-14,3115,3172,3105,3125,226699,0.007739438890680406
2023-04-17,3124,3129,3048,3091,139828,-0.01088
2023-04-18,3096,3096,3029,3039,130130,-0.01682303461662893
2023-04-19,3057,3062,3034,3034,104703,-0.0016452780519907728
2023-04-20,3034,3048,2953,2963,232600,-0.02340145023071849
2023-04-21,2934,3010,2905,2963,152843,0.0
2023-04-24,3029,3067,2939,2944,320940,-0.006412419844751938
2023-04-25,2944,2963,2867,2906,136642,-0.012907608695652217
2023-04-26,2877,2972,2853,2939,133289,0.011355815554026094
2023-04-27,2957,2957,2876,2953,127480,0.0047635250085062975
2023-04-28,2972,2991,2933,2953,113928,0.0
2023-05-02,2972,2991,2939,2968,91587,0.005079580088046098
2023-05-03,2948,3048,2948,3020,229937,0.017520215633423097
2023-05-04,3019,3095,2995,3053,213092,0.010927152317880884
2023-05-08,3086,3115,3034,3039,199542,-0.0045856534556174555
2023-05-09,3024,3167,3014,3091,356269,0.017110891740704126
2023-05-10,3091,3115,3067,3106,117473,0.004852798447104512
2023-05-11,3110,3120,3001,3063,86498,-0.01384417256922088
2023-05-12,3072,3072,3010,3034,88487,-0.009467841984982073
2023-05-15,3006,3058,2977,3006,87714,-0.009228740936057966
2023-05-16,3015,3063,2982,2987,81252,-0.006320691949434409
2023-05-17,2977,3053,2972,3020,76004,0.011047874121191903
2023-05-18,3038,3048,3005,3015,44663,-0.0016556291390728006
2023-05-19,3020,3034,3001,3001,84381,-0.004643449419568846
2023-05-22,3020,3067,2991,3063,106263,0.02065978007330882
2023-05-23,3067,3096,3029,3082,79475,0.006203068886712293
2023-05-24,3072,3091,3019,3072,69859,-0.0032446463335495945
2023-05-25,3048,3100,2986,3020,142419,-0.01692708333333337
2023-05-26,3014,3052,2986,2991,82434,-0.009602649006622554
2023-05-30,3000,3043,2962,2991,159926,0.0
2023-05-31,2991,3044,2982,3011,81798,0.006686726847208391
2023-06-01,3029,3043,2972,3039,65711,0.009299236134174604
2023-06-02,3058,3063,3001,3025,63841,-0.0046067785455742305
2023-06-05,3024,3038,2995,3015,48417,-0.0033057851239669533
2023-06-07,3015,3044,3015,3025,68574,0.0033167495854062867
2023-06-08,3024,3043,3000,3020,98154,-0.0016528925619834212
2023-06-09,3006,3053,2996,3011,92096,-0.00298013245033113
2023-06-12,3001,3020,2987,2987,89112,-0.007970773829292566
2023-06-13,3010,3024,2972,2977,75665,-0.0033478406427853713
2023-06-14,2991,2991,2867,2906,236976,-0.023849512932482386
2023-06-15,2906,2915,2844,2868,183627,-0.013076393668272512
2023-06-16,2867,2915,2862,2896,90182,0.009762900976290068
2023-06-19,2915,2915,2834,2868,102430,-0.00966850828729282
2023-06-20,2872,2905,2843,2877,100403,0.003138075313807498
2023-06-21,2891,2891,2810,2820,212257,-0.019812304483837306
2023-06-22,2800,2815,2696,2720,471996,-0.03546099290780147
2023-06-23,2700,2772,2691,2715,278038,-0.0018382352941176405
2023-06-26,2715,2734,2667,2725,125644,0.0036832412523020164
2023-06-27,2705,2739,2705,2739,77549,0.005137614678899061
2023-06-28,2748,2786,2743,2758,108609,0.006936838262139533
2023-06-29,2772,2782,2710,2744,124550,-0.005076142131979711
2023-06-30,2762,2762,2700,2715,98154,-0.010568513119533551
2023-07-03,2738,2771,2714,2729,100268,0.0051565377532227785
2023-07-04,2714,2729,2690,2710,104814,-0.006962257237083214
2023-07-05,2709,2738,2652,2667,137538,-0.015867158671586723
2023-07-06,2662,2667,2548,2553,338742,-0.042744656917885315
2023-07-07,2553,2591,2510,2534,161728,-0.007442224833529187
2023-07-10,2534,2639,2534,2606,195127,0.0284135753749013
2023-07-11,2648,2682,2605,2625,101254,0.007290867229470477
2023-07-12,2634,2658,2601,2644,75246,0.007238095238095266
2023-07-13,2662,2777,2657,2758,210574,0.0431164901664145
2023-07-14,2767,2810,2753,2787,262394,0.010514865844815091
2023-07-17,2791,2862,2772,2858,245967,0.02547542160028704
2023-07-18,2843,2867,2781,2810,144211,-0.01679496151154658
2023-07-19,2819,2848,2767,2815,95207,0.001779359430605032
2023-07-20,2776,2900,2776,2829,128761,0.00497335701598578
2023-07-21,2829,2925,2810,2887,234914,0.020501944149876383
2023-07-24,2896,2896,2781,2820,217333,-0.02320748181503296
2023-07-25,2796,2805,2725,2725,189833,-0.03368794326241131
2023-07-26,2724,2724,2501,2582,398104,-0.0524770642201835
2023-07-27,2548,2701,2548,2663,214224,0.031371030209140116
2023-07-28,2639,2848,2639,2801,222465,0.051821254224558855
2023-07-31,2790,2838,2762,2829,180383,0.009996429846483412
2023-08-01,2858,2891,2796,2825,240408,-0.0014139271827501299
2023-08-02,2844,2867,2734,2744,177675,-0.028672566371681363
2023-08-03,2719,2838,2714,2810,153783,0.02405247813411071
2023-08-04,2829,2896,2781,2796,199150,-0.004982206405693912
2023-08-07,2796,2925,2796,2825,359155,0.0103719599427754
2023-08-08,2857,2862,2762,2791,127318,-0.012035398230088479
2023-08-09,2815,3129,2791,2963,2890681,0.06162665711214621
2023-08-10,2943,3000,2924,2991,476896,0.009449881876476551
2023-08-11,2948,3000,2853,2939,588638,-0.01738548980274157
2023-08-14,2934,2968,2877,2949,210717,0.003402517863218879
2023-08-16,2953,3010,2901,3006,496881,0.019328585961342792
2023-08-17,2953,2976,2862,2915,339062,-0.03027278775781772
2023-08-18,2915,3029,2891,2968,333910,0.018181818181818077
2023-08-21,3039,3134,2967,3068,847857,0.03369272237196763
2023-08-22,3100,3100,2991,3015,214102,-0.01727509778357239
2023-08-23,2996,3087,2967,2987,231132,-0.009286898839137692
2023-08-24,2982,3015,2972,2982,102093,-0.0016739203213926857
2023-08-25,2972,3010,2906,2930,159267,-0.017437961099932897
2023-08-28,2905,2953,2886,2953,125323,0.007849829351535886
2023-08-29,2943,2981,2905,2958,122370,0.0016931933626820328
2023-08-30,2972,3025,2939,3011,135985,0.017917511832319155
2023-08-31,3010,3024,2957,2991,111629,-0.006642311524410527
2023-09-01,2991,3025,2925,2949,172825,-0.014042126379137376
2023-09-04,2948,2948,2853,2882,134721,-0.022719565954560816
2023-09-05,2905,2914,2857,2891,57712,0.003122831367106116
2023-09-06,2862,2934,2858,2882,95150,-0.0031131096506399336
2023-09-07,2886,2910,2844,2844,162224,-0.013185287994448291
2023-09-08,2867,2895,2833,2891,81324,0.016526019690576543
2023-09-11,2877,2929,2791,2925,151653,0.011760636457972984
2023-09-12,2924,2976,2881,2910,178585,-0.00512820512820511
2023-09-13,2881,2900,2815,2815,186758,-0.03264604810996563
2023-09-14,2844,2844,2796,2806,72336,-0.003197158081705176
2023-09-15,2839,2848,2805,2820,71013,0.0049893086243764095
2023-09-18,2791,2834,2787,2787,81010,-0.011702127659574457
2023-09-19,2801,2839,2720,2744,135096,-0.015428776462145688
2023-09-20,2743,2748,2652,2691,144614,-0.01931486880466471
2023-09-21,2662,2686,2620,2620,115950,-0.026384243775548155
2023-09-22,2581,2634,2553,2601,71172,-0.00725190839694656
2023-09-25,2576,2624,2562,2567,82874,-0.013071895424836555
2023-09-26,2562,2591,2486,2496,270662,-0.027658745617452296
2023-09-27,2443,2557,2443,2529,81402,0.013221153846153744
2023-10-04,2543,2543,2434,2439,112379,-0.03558718861209964
2023-10-05,2443,2515,2439,2439,105018,0.0
2023-10-06,2438,2514,2438,2505,71783,0.027060270602706105
2023-10-10,2505,2534,2463,2463,97406,-0.016766467065868262
2023-10-11,2481,2519,2481,2515,48073,0.02111246447421844
2023-10-12,2500,2586,2500,2572,65410,0.022664015904572565
2023-10-13,2553,2577,2520,2544,70427,-0.010886469673405896
2023-10-16,2524,2548,2448,2491,75590,-0.02083333333333337
2023-10-17,2490,2567,2490,2529,43830,0.01525491770373355
2023-10-18,2538,2538,2428,2448,135021,-0.03202846975088969
2023-10-19,2495,2495,2334,2334,228670,-0.04656862745098034
2023-10-20,2334,2348,2191,2220,281261,-0.04884318766066842
2023-10-23,2105,2214,2105,2172,261420,-0.021621621621621623
2023-10-24,2171,2243,2076,2229,253003,0.026243093922651894
2023-10-25,2234,2234,2182,2182,87457,-0.021085688649618683
2023-10-26,2148,2148,2095,2110,138824,-0.03299725022914757
2023-10-27,2124,2505,2124,2229,2265934,0.056398104265402926
2023-10-30,2191,2239,2172,2201,189583,-0.012561686855091958
2023-10-31,2224,2233,2124,2129,166131,-0.03271240345297588
2023-11-01,2138,2190,2138,2167,58139,0.01784875528417107
2023-11-02,2205,2248,2190,2210,83444,0.0198431010613751
2023-11-03,2238,2267,2200,2248,108722,0.017194570135746545
2023-11-06,2281,2315,2238,2296,189945,0.021352313167259718
2023-11-07,2296,2615,2239,2282,3216693,-0.0060975609756097615
2023-11-08,2252,2328,2252,2305,244799,0.010078878177037787
2023-11-09,2286,2315,2224,2239,253685,-0.028633405639913234
2023-11-10,2238,2248,2186,2196,131698,-0.019205002233139812
2023-11-13,2200,2238,2162,2167,129503,-0.013205828779599305
2023-11-14,2157,2247,2157,2243,67033,0.035071527457314344
2023-11-15,2243,2295,2243,2286,99836,0.019170753455193923
2023-11-16,2286,2357,2267,2353,163952,0.029308836395450566
2023-11-17,2348,2371,2305,2329,113855,-0.010199745006374883
2023-11-20,2329,2377,2305,2344,100853,0.006440532417346434
2023-11-21,2334,2391,2324,2382,101565,0.016211604095563104
2023-11-22,2353,2381,2324,2353,69400,-0.01217464315701089
2023-11-23,2339,2382,2339,2363,59048,0.004249893752656275
2023-11-24,2376,2386,2348,2372,76007,0.003808717731696998
2023-11-27,2357,2381,2310,2310,107652,-0.02613827993254636
2023-11-28,2300,2362,2285,2305,58773,-0.0021645021645021467
2023-11-29,2324,2348,2277,2320,59824,0.006507592190889477
2023-11-30,2305,2395,2305,2353,46661,0.014224137931034386
2023-12-01,2344,2372,2324,2344,63566,-0.003824904377390581
2023-12-04,2339,2353,2296,2301,98879,-0.018344709897610945
2023-12-05,2281,2410,2281,2410,248122,0.047370708387657556
2023-12-06,2463,2463,2353,2363,200332,-0.019502074688796722
2023-12-07,2400,2543,2353,2415,507288,0.022005924672027
2023-12-08,2410,2443,2381,2434,147212,0.007867494824016497
2023-12-11,2433,2447,2376,2405,165838,-0.011914543960558799
2023-12-12,2405,2433,2376,2391,112496,-0.0058212058212058215
2023-12-13,2390,2400,2309,2324,132893,-0.02802174822250103
2023-12-14,2343,2362,2314,2334,69188,0.004302925989672968
2023-12-15,2334,2348,2310,2339,57714,0.002142245072836335
2023-12-18,2347,2414,2343,2386,156177,0.020094057289439915
2023-12-19,2390,2414,2371,2410,122570,0.010058675607711676
2023-12-20,2429,2453,2410,2439,133050,0.012033195020746845
2023-12-21,2438,2448,2376,2391,123853,-0.019680196801967975
2023-12-22,2439,2482,2329,2463,276929,0.03011292346298622
2023-12-26,2472,2510,2415,2425,176320,-0.01542833942346733
2023-12-27,2415,2490,2405,2480,105081,0.02268041237113394
2023-12-28,2495,2495,2460,2480,64885,0.0
2024-01-02,2460,2495,2440,2475,68503,-0.0020161290322581182
2024-01-03,2470,2500,2465,2485,69842,0.004040404040404066
2024-01-04,2450,2500,2400,2450,139347,-0.014084507042253502
2024-01-05,2440,2480,2400,2400,87559,-0.020408163265306145
2024-01-08,2430,2450,2360,2365,63686,-0.014583333333333282
2024-01-09,2365,2450,2365,2425,91315,0.025369978858351017
2024-01-10,2425,2450,2405,2415,55254,-0.004123711340206171
2024-01-11,2420,2430,2390,2415,49105,0.0
2024-01-12,2395,2430,2345,2345,79380,-0.02898550724637683
2024-01-15,2335,2355,2280,2335,89223,-0.004264392324093813
2024-01-16,2315,2345,2290,2300,65522,-0.01498929336188437
2024-01-17,2300,2305,2220,2225,79249,-0.03260869565217395
2024-01-18,2225,2275,2220,2255,51018,0.01348314606741563
2024-01-19,2240,2295,2235,2250,92888,-0.0022172949002217113
2024-01-22,2250,2265,2190,2200,154626,-0.022222222222222254
2024-01-23,2180,2230,2175,2185,88472,-0.006818181818181834
2024-01-24,2200,2300,2170,2180,172845,-0.0022883295194507935
2024-01-25,2205,2205,2115,2135,126998,-0.020642201834862428
2024-01-26,2135,2195,2135,2160,68282,0.011709601873536313
2024-01-29,2185,2185,2135,2140,84235,-0.0092592592592593
2024-01-30,2140,2170,2110,2110,73681,-0.014018691588784993
2024-01-31,2125,2135,2055,2065,141557,-0.021327014218009532
2024-02-01,2070,2080,2005,2055,154589,-0.004842615012106588
2024-02-02,2060,2130,2060,2100,116490,0.021897810218978186
2024-02-05,2110,2140,2080,2110,79362,0.004761904761904745
2024-02-06,2110,2110,2055,2075,82443,-0.016587677725118488
2024-02-07,2095,2095,2000,2065,84635,-0.004819277108433773
2024-02-08,2065,2100,2030,2100,73402,0.016949152542372836
2024-02-13,2100,2135,2080,2095,93676,-0.0023809523809523725
2024-02-14,2060,2120,2060,2115,50985,0.009546539379474916
2024-02-15,2130,2145,2100,2115,91426,0.0
2024-02-16,2120,2160,2110,2150,107212,0.016548463356973908
2024-02-19,2150,2175,2120,2155,130585,0.0023255813953488857
2024-02-20,2155,2185,2140,2165,88006,0.004640371229698292
2024-02-21,2145,2175,2120,2125,80872,-0.018475750577367167
2024-02-22,2120,2135,2080,2105,91352,-0.009411764705882342
2024-02-23,2105,2145,2095,2115,60699,0.004750593824228044
2024-02-26,2115,2155,2100,2130,127900,0.007092198581560183
2024-02-27,2130,2210,2070,2090,126210,-0.018779342723004744
2024-02-28,2100,2100,2050,2080,116958,-0.004784688995215336
2024-02-29,2080,2095,2005,2040,209789,-0.019230769230769273
2024-03-04,2055,2060,1996,2010,147105,-0.014705882352941124
2024-03-05,1998,2025,1991,1994,149629,-0.007960199004975133
2024-03-06,1994,2185,1989,2050,777419,0.028084252758274753
2024-03-07,2050,2080,1998,2005,180359,-0.02195121951219514
2024-03-08,2020,2050,1990,2030,163968,0.012468827930174564
2024-03-11,2030,2075,2020,2065,157523,0.01724137931034475
2024-03-12,2055,2070,2025,2050,104876,-0.007263922518159771
2024-03-13,2045,2055,2000,2020,117072,-0.014634146341463428
2024-03-14,2030,2040,2000,2010,114689,-0.004950495049504955
2024-03-15,2010,2030,1999,2010,122367,0.0
2024-03-18,2020,2040,1998,2015,115247,0.0024875621890547706
2024-03-19,2015,2030,1987,1997,188213,-0.008933002481389618
2024-03-20,1998,2145,1993,2125,979222,0.06409614421632459
2024-03-21,2080,2120,2000,2070,443100,-0.025882352941176467
2024-03-22,2075,2160,2030,2100,461337,0.01449275362318847
2024-03-25,2120,2195,2080,2145,387648,0.021428571428571352
2024-03-26,2145,2160,2100,2115,152777,-0.013986013986013957
2024-03-27,2125,2125,2080,2085,146337,-0.014184397163120588
2024-03-28,2090,2120,2080,2090,220397,0.0023980815347721673
2024-03-29,2090,2090,2000,2005,340938,-0.04066985645933019
2024-04-01,1996,2060,1996,2040,145150,0.0174563591022443
2024-04-02,2025,2040,1992,1999,217001,-0.020098039215686314
2024-04-03,1999,2035,1986,1998,288099,-0.0005002501250624958
2024-04-04,1998,2005,1982,1984,189282,-0.00700700700700696
2024-04-05,1984,1992,1959,1959,177352,-0.012600806451612878
2024-04-08,1961,1965,1861,1891,246570,-0.034711587544665634
2024-04-09,1892,1920,1881,1892,106017,0.0005288207297726721
2024-04-11,1889,1889,1868,1872,55764,-0.010570824524312905
2024-04-12,1872,1881,1858,1859,65823,-0.00694444444444442
2024-04-15,1859,1859,1786,1799,196979,-0.03227541689080149
2024-04-16,1794,1794,1731,1740,174832,-0.03279599777654252
2024-04-17,1730,1772,1716,1720,112390,-0.011494252873563204
2024-04-18,1705,1880,1705,1815,416159,0.05523255813953498
2024-04-19,1798,1820,1760,1776,108593,-0.02148760330578514
2024-04-22,1773,1812,1773,1779,47224,0.0016891891891892552
2024-04-23,1803,1803,1779,1788,66336,0.005059021922428242
2024-04-24,1788,1817,1787,1808,69957,0.01118568232662187
2024-04-25,1814,1814,1777,1781,77613,-0.014933628318584025
2024-04-26,1800,1800,1778,1799,23790,0.010106681639528325
2024-04-29,1798,1825,1793,1822,47803,0.0127848804891606
2024-04-30,1823,1842,1820,1823,50495,0.0005488474204171645
2024-05-02,1825,1833,1815,1831,52975,0.004388370817334009
2024-05-03,1831,1844,1826,1832,42686,0.0005461496450027692
2024-05-07,1832,1866,1819,1822,73582,-0.00545851528384278
2024-05-08,1834,1848,1818,1848,109139,0.014270032930845167
