Date,Open,High,Low,Close,Volume,Change
2022-01-03,9370,9490,9300,9390,14166,0.0010660980810235365
2022-01-04,9350,9400,9270,9310,34688,-0.008519701810436597
2022-01-05,9310,9480,9300,9390,20719,0.00859291084854985
2022-01-06,9270,9420,9270,9360,23237,-0.0031948881789137795
2022-01-07,9350,9430,9280,9390,11890,0.0032051282051281937
2022-01-10,9390,9570,9320,9550,32493,0.017039403620873195
2022-01-11,9480,9570,9360,9450,26221,-0.010471204188481686
2022-01-12,9410,9540,9410,9540,10727,0.00952380952380949
2022-01-13,9540,9630,9370,9400,25338,-0.014675052410901501
2022-01-14,9300,9460,9300,9420,7100,0.0021276595744681437
2022-01-17,9400,9440,9320,9410,6918,-0.0010615711252653925
2022-01-18,9410,9450,9190,9240,30273,-0.018065887353878818
2022-01-19,9300,9300,9140,9150,18768,-0.009740259740259716
2022-01-20,9230,9290,9140,9230,11769,0.008743169398907069
2022-01-21,9230,9380,9160,9180,13265,-0.005417118093174467
2022-01-24,8860,9220,8860,9160,22933,-0.002178649237472796
2022-01-25,9050,9260,8890,8950,28487,-0.022925764192139764
2022-01-26,8940,9080,8880,8880,18720,-0.007821229050279377
2022-01-27,8980,8990,8550,8590,34051,-0.03265765765765771
2022-01-28,8800,9670,8700,8970,86426,0.0442374854481955
2022-02-03,9100,9140,8980,9050,15285,0.008918617614269708
2022-02-04,8960,9150,8960,9120,12269,0.007734806629834168
2022-02-07,9360,9360,9140,9230,17509,0.012061403508771829
2022-02-08,9210,9320,9080,9190,12108,-0.004333694474539573
2022-02-09,9190,9370,9190,9340,16620,0.016322089227421177
2022-02-10,9440,9440,9240,9310,20014,-0.0032119914346895317
2022-02-11,9260,9350,9170,9170,8374,-0.015037593984962405
2022-02-14,9060,9110,8710,8860,21362,-0.03380588876772084
2022-02-15,8860,9050,8800,8860,19002,0.0
2022-02-16,9200,9200,9030,9130,6931,0.030474040632054278
2022-02-17,9130,9190,8930,9130,18136,0.0
2022-02-18,9100,9120,8890,9100,3485,-0.003285870755750264
2022-02-21,8920,9080,8910,9060,3909,-0.00439560439560438
2022-02-22,8820,9080,8820,9070,17179,0.001103752759381793
2022-02-23,8950,9140,8950,9140,13803,0.007717750826901959
2022-02-24,9140,9150,8910,9080,15148,-0.006564551422319487
2022-02-25,9040,9150,9000,9000,14474,-0.008810572687224627
2022-02-28,9000,10400,8910,9370,320463,0.0411111111111111
2022-03-02,9420,9490,9270,9480,34886,0.011739594450373536
2022-03-03,9520,9580,9420,9480,29832,0.0
2022-03-04,9550,9550,9300,9490,14271,0.001054852320675037
2022-03-07,9490,9490,9330,9380,14886,-0.011591148577449917
2022-03-08,9330,9440,9250,9340,17196,-0.004264392324093813
2022-03-10,9400,9750,9400,9640,65340,0.032119914346895095
2022-03-11,9650,10150,9650,9830,104121,0.01970954356846466
2022-03-14,9830,9920,9620,9830,33455,0.0
2022-03-15,9710,9870,9660,9800,18567,-0.003051881993896277
2022-03-16,9840,10300,9730,10100,116905,0.030612244897959107
2022-03-17,10150,10200,9950,9960,47484,-0.013861386138613874
2022-03-18,9960,9990,9740,9740,35361,-0.02208835341365467
2022-03-21,9860,9990,9700,9760,27220,0.002053388090349051
2022-03-22,9760,9940,9760,9900,30606,0.014344262295082011
2022-03-23,10000,10100,9790,9870,25293,-0.00303030303030305
2022-03-24,9870,10100,9740,10000,39649,0.01317122593718345
2022-03-25,10150,10150,9930,9990,27677,-0.0010000000000000009
2022-03-28,10000,10050,9830,9830,19206,-0.016016016016015988
2022-03-29,9850,9960,9790,9820,12048,-0.0010172939979654627
2022-03-30,9950,9950,9740,9800,20242,-0.0020366598778004397
2022-03-31,9780,9840,9750,9790,10946,-0.0010204081632653184
2022-04-01,9790,10000,9710,9920,40336,0.013278855975485282
2022-04-04,10100,10300,9980,10200,77995,0.02822580645161299
2022-04-05,10200,10350,10150,10250,38020,0.004901960784313708
2022-04-06,10200,10300,10000,10300,27630,0.004878048780487809
2022-04-07,10250,10250,9850,9850,54730,-0.043689320388349495
2022-04-08,9860,10200,9850,10200,50336,0.035532994923857864
2022-04-11,10250,10350,10050,10100,29458,-0.009803921568627416
2022-04-12,10000,10150,9850,10050,27363,-0.004950495049504955
2022-04-13,10050,10100,9960,10100,14122,0.004975124378109541
2022-04-14,10150,10450,10100,10200,40776,0.00990099009900991
2022-04-15,10050,10250,10000,10250,15260,0.004901960784313708
2022-04-18,10250,10250,10100,10100,14639,-0.014634146341463428
2022-04-19,10100,10150,9980,10100,20267,0.0
2022-04-20,10150,10350,9980,10350,40397,0.024752475247524774
2022-04-21,10300,10400,10200,10250,20157,-0.009661835748792313
2022-04-22,10100,10350,10000,10250,26561,0.0
2022-04-25,10200,10300,9990,9990,27869,-0.025365853658536608
2022-04-26,10150,10150,9970,10000,13226,0.0010010010010010895
2022-04-27,9910,9990,9720,9860,23022,-0.014000000000000012
2022-04-28,9950,10050,9850,10050,14670,0.01926977687626774
2022-04-29,10050,10200,9980,10150,22179,0.00995024875621886
2022-05-02,10050,10200,9970,10150,21010,0.0
2022-05-03,10150,10550,10100,10400,73655,0.024630541871921263
2022-05-04,10400,10500,10300,10400,43236,0.0
2022-05-06,10300,10600,10300,10550,210573,0.014423076923076872
2022-05-09,10500,10600,10000,10200,69243,-0.033175355450236976
2022-05-10,10100,10100,9860,10000,43191,-0.019607843137254943
2022-05-11,10000,10100,9900,9980,17269,-0.0020000000000000018
2022-05-12,9930,9970,9550,9630,40131,-0.0350701402805611
2022-05-13,9630,9860,9630,9750,14578,0.012461059190031154
2022-05-16,9840,10100,9840,9920,18471,0.017435897435897463
2022-05-17,9950,9960,9800,9890,31058,-0.003024193548387122
2022-05-18,9890,9930,9710,9720,36801,-0.01718907987866536
2022-05-19,9580,9650,9380,9420,38613,-0.030864197530864224
2022-05-20,9420,9590,9400,9510,17290,0.009554140127388644
2022-05-23,9520,9570,9450,9500,15864,-0.001051524710830698
2022-05-24,9510,9570,9400,9400,11390,-0.010526315789473717
2022-05-25,9350,9490,9350,9400,11290,0.0
2022-05-26,9410,9470,9350,9400,15878,0.0
2022-05-27,9410,9470,9360,9410,14521,0.0010638297872340718
2022-05-30,9450,9520,9440,9500,16219,0.009564293304994642
2022-05-31,9500,9620,9420,9430,13770,-0.00736842105263158
2022-06-02,9440,9650,9440,9510,13911,0.008483563096500557
2022-06-03,9520,9640,9510,9550,22369,0.004206098843322792
2022-06-07,9560,9750,9480,9520,8138,-0.003141361256544517
2022-06-08,9480,9670,9460,9480,7718,-0.004201680672268893
2022-06-09,9490,9500,9220,9390,15885,-0.009493670886076
2022-06-10,9390,9390,9190,9240,13439,-0.015974440894568676
2022-06-13,9180,9180,8790,8830,37582,-0.044372294372294396
2022-06-14,8520,8850,8510,8850,24893,0.0022650056625141968
2022-06-15,8670,8810,8540,8800,27353,-0.005649717514124242
2022-06-16,8810,9090,8600,9050,23691,0.02840909090909083
2022-06-17,8620,9050,8620,9050,10457,0.0
2022-06-20,8980,9060,8530,8960,32789,-0.009944751381215422
2022-06-21,8960,9080,8840,9040,12761,0.008928571428571397
2022-06-22,9030,9130,8680,8810,8580,-0.025442477876106206
2022-06-23,8810,9100,7930,8650,45335,-0.018161180476730987
2022-06-24,9000,9010,8720,9000,14790,0.040462427745664664
2022-06-27,9100,9120,8910,9120,13977,0.01333333333333342
2022-06-28,9140,9180,9020,9110,4518,-0.0010964912280702066
2022-06-29,9010,9090,8900,8980,3967,-0.014270032930845278
2022-06-30,8980,9130,8790,8790,13868,-0.021158129175946505
2022-07-01,8790,9080,8550,8980,23796,0.021615472127417545
2022-07-04,8980,8980,8710,8760,4443,-0.024498886414253906
2022-07-05,8660,8990,8660,8930,3046,0.019406392694063967
2022-07-06,9000,9110,8750,8940,4363,0.0011198208286673506
2022-07-07,8900,8940,8830,8880,9786,-0.006711409395973145
2022-07-08,8950,8950,8780,8840,7371,-0.0045045045045044585
2022-07-11,8840,8840,8630,8650,7509,-0.021493212669683293
2022-07-12,8640,8640,8510,8570,13173,-0.009248554913294793
2022-07-13,8500,8660,8500,8600,1331,0.003500583430571691
2022-07-14,8600,8620,8520,8610,4253,0.0011627906976743319
2022-07-15,8590,8650,8450,8580,4139,-0.0034843205574912606
2022-07-18,8500,8750,8500,8750,5512,0.019813519813519864
2022-07-19,8580,8850,8580,8750,2547,0.0
2022-07-20,8840,8890,8570,8570,20328,-0.020571428571428574
2022-07-21,8610,8900,8390,8580,42404,0.001166861143523823
2022-07-22,8600,8900,8410,8620,26120,0.004662004662004726
2022-07-25,8550,8680,8450,8620,11208,0.0
2022-07-26,8620,8710,8570,8640,8209,0.002320185614849146
2022-07-27,8610,8750,8550,8750,7929,0.0127314814814814
2022-07-28,8760,8970,8760,8960,14776,0.02400000000000002
2022-07-29,8900,8990,8880,8990,7496,0.0033482142857141906
2022-08-01,8990,8990,8830,8900,2979,-0.010011123470522798
2022-08-02,8850,8990,8850,8940,4329,0.004494382022471877
2022-08-03,8750,8940,8500,8760,41019,-0.020134228187919434
2022-08-04,8750,8850,8550,8770,46138,0.0011415525114155667
2022-08-05,8820,8940,8820,8920,16080,0.01710376282782211
2022-08-08,9000,9000,8850,8850,7882,-0.007847533632286963
2022-08-09,8970,8970,8820,8890,9615,0.004519774011299438
2022-08-10,8890,8950,8800,8820,5025,-0.007874015748031482
2022-08-11,8820,8950,8820,8950,14886,0.01473922902494329
2022-08-12,8950,9030,8910,8960,7072,0.0011173184357542443
2022-08-16,9040,9040,8800,8840,17427,-0.013392857142857095
2022-08-17,8840,8900,8730,8760,9087,-0.009049773755656076
2022-08-18,8650,8760,8600,8760,16239,0.0
2022-08-19,8610,8870,8610,8730,17596,-0.003424657534246589
2022-08-22,8590,8680,8510,8510,17166,-0.025200458190148933
2022-08-23,8410,8500,8340,8440,14775,-0.008225616921269108
2022-08-24,8370,8490,8290,8450,30118,0.0011848341232227888
2022-08-25,8470,8570,8460,8460,6685,0.0011834319526626835
2022-08-26,8480,8550,8380,8410,11484,-0.005910165484633523
2022-08-29,8340,8500,8170,8500,23603,0.010701545778834642
2022-08-30,8370,8550,8370,8500,5028,0.0
2022-08-31,8480,8480,8320,8450,9405,-0.00588235294117645
2022-09-01,8590,8590,8230,8410,25848,-0.004733727810650845
2022-09-02,8410,8420,8350,8400,4984,-0.0011890606420927874
2022-09-05,8390,8390,8200,8230,11340,-0.020238095238095277
2022-09-06,8230,8270,8190,8270,4504,0.004860267314702238
2022-09-07,8220,8520,8130,8420,24842,0.018137847642079707
2022-09-08,8360,8480,8270,8480,7507,0.0071258907363420665
2022-09-13,8480,8520,8440,8500,6093,0.002358490566037652
2022-09-14,8420,8570,8230,8540,10061,0.004705882352941115
2022-09-15,8540,8540,8460,8510,6619,-0.003512880562060894
2022-09-16,8510,8510,8360,8410,6482,-0.011750881316098694
2022-09-19,8350,8380,8210,8240,9990,-0.02021403091557672
2022-09-20,8280,8320,8240,8250,1357,0.0012135922330096527
2022-09-21,8250,8300,8100,8130,10544,-0.014545454545454528
2022-09-22,8100,8120,7940,8080,31138,-0.006150061500615034
2022-09-23,8010,8120,7890,7890,6743,-0.023514851485148536
2022-09-26,7890,7990,7230,7230,37834,-0.08365019011406849
2022-09-27,7020,7410,7020,7370,37967,0.019363762102351245
2022-09-28,7370,7480,7030,7030,25609,-0.046132971506105847
2022-09-29,7050,7490,7050,7060,9007,0.004267425320056972
2022-09-30,7030,7120,6980,7000,9040,-0.008498583569405138
2022-10-04,7030,7200,7030,7160,16655,0.02285714285714291
2022-10-05,7230,7680,7160,7390,72721,0.032122905027933024
2022-10-06,7430,8170,7430,7670,81138,0.03788903924221931
2022-10-07,7700,7890,7640,7840,28987,0.022164276401564598
2022-10-11,7690,7690,7310,7460,11032,-0.04846938775510201
2022-10-12,7350,7780,7220,7710,20605,0.03351206434316345
2022-10-13,7710,7710,7330,7340,9898,-0.0479896238651103
2022-10-14,7590,7590,7340,7480,5830,0.019073569482288777
2022-10-17,7310,7480,7310,7450,3839,-0.004010695187165791
2022-10-18,7490,7550,7370,7440,4388,-0.0013422818791946067
2022-10-19,7410,7540,7360,7370,4446,-0.009408602150537626
2022-10-20,7520,7520,7220,7330,5898,-0.005427408412483015
2022-10-21,7350,7350,7120,7170,10652,-0.021828103683492528
2022-10-24,7240,7300,7170,7190,4537,0.002789400278939924
2022-10-25,7220,7280,7120,7250,9267,0.008344923504867818
2022-10-26,7260,7340,7130,7260,5499,0.0013793103448276334
2022-10-27,7220,7250,7170,7230,6564,-0.004132231404958664
2022-10-28,7200,7210,7060,7120,17239,-0.015214384508990264
2022-10-31,7190,7190,7040,7120,12645,0.0
2022-11-01,7120,7180,7050,7180,12579,0.008426966292134797
2022-11-02,7180,7220,7110,7210,3683,0.00417827298050133
2022-11-03,7170,7180,7060,7120,7712,-0.012482662968099856
2022-11-04,7100,7120,6980,7120,10315,0.0
2022-11-07,7120,7190,7100,7100,2403,-0.002808988764044895
2022-11-08,7100,7350,7100,7330,23077,0.032394366197183055
2022-11-09,7330,7420,7270,7330,9212,0.0
2022-11-10,7300,7490,7280,7340,2680,0.0013642564802183177
2022-11-11,7500,7500,7380,7460,15623,0.016348773841961872
2022-11-14,7410,7600,7400,7450,3892,-0.0013404825737265424
2022-11-15,7460,7600,7290,7370,19967,-0.010738255033557076
2022-11-16,7320,7420,7320,7420,6449,0.006784260515603879
2022-11-17,7460,7460,7350,7350,3598,-0.009433962264150941
2022-11-18,7350,7460,7350,7360,5399,0.0013605442176871652
2022-11-21,7360,7440,7300,7300,10092,-0.008152173913043459
2022-11-22,7300,7340,7210,7310,3239,0.00136986301369868
2022-11-23,7280,7380,7210,7360,4051,0.0068399452804377425
2022-11-24,7470,7470,7340,7380,2738,0.0027173913043478937
2022-11-25,7400,7410,7230,7400,18369,0.0027100271002709064
2022-11-28,7390,7390,7280,7300,5501,-0.013513513513513487
2022-11-29,7230,7350,7220,7330,5080,0.004109589041095818
2022-11-30,7400,7430,7330,7390,11451,0.008185538881309684
2022-12-01,7500,8140,7420,7950,91071,0.0757780784844384
2022-12-02,7820,7970,7650,7690,28297,-0.03270440251572326
2022-12-05,7690,7700,7590,7680,12113,-0.0013003901170350884
2022-12-06,7650,7650,7450,7580,41547,-0.01302083333333337
2022-12-07,7540,7550,7450,7520,5559,-0.0079155672823219
2022-12-08,7500,7570,7460,7520,10068,0.0
2022-12-09,7640,7640,7470,7600,3151,0.010638297872340496
2022-12-12,7600,7600,7500,7600,4771,0.0
2022-12-13,7540,7620,7540,7590,2868,-0.001315789473684159
2022-12-14,7590,7630,7590,7610,4822,0.0026350461133068936
2022-12-15,7610,7800,7550,7560,9019,-0.006570302233902758
2022-12-16,7560,7700,7500,7500,9529,-0.007936507936507908
2022-12-19,7490,7550,7450,7530,6186,0.0040000000000000036
2022-12-20,7510,7580,7460,7490,12557,-0.005312084993359889
2022-12-21,7480,7720,7400,7490,14432,0.0
2022-12-22,7670,7670,7430,7540,11712,0.006675567423231055
2022-12-23,7540,7540,7400,7510,7361,-0.003978779840848823
2022-12-26,7470,7600,7430,7520,13136,0.0013315579227697327
2022-12-27,7690,7700,7500,7610,3739,0.01196808510638303
2022-12-28,7500,7500,7230,7330,21142,-0.036793692509855425
2022-12-29,7320,7320,7020,7020,18434,-0.04229195088676674
2023-01-02,7020,7110,6610,6800,19115,-0.031339031339031376
2023-01-03,6500,7050,6500,7040,22899,0.03529411764705892
2023-01-04,6990,7080,6820,7060,7273,0.0028409090909091717
2023-01-05,7090,7090,6940,6990,3934,-0.009915014164305958
2023-01-06,6990,7130,6930,7130,7162,0.02002861230329045
2023-01-09,7140,7160,7030,7090,14292,-0.005610098176718092
2023-01-10,7090,7090,6960,7060,15652,-0.004231311706629048
2023-01-11,7030,7070,7000,7000,4710,-0.008498583569405138
2023-01-12,7060,7060,6950,7040,13477,0.005714285714285783
2023-01-13,7140,7230,6990,7030,15288,-0.0014204545454545858
2023-01-16,7040,7150,6970,7010,6658,-0.002844950213371278
2023-01-17,7030,7060,6900,6970,13334,-0.005706134094151216
2023-01-18,6980,6980,6920,6960,4100,-0.0014347202295552641
2023-01-19,6950,7010,6940,6990,3504,0.004310344827586299
2023-01-20,6990,7050,6960,7040,6096,0.007153075822603716
2023-01-25,7080,7080,7000,7020,9290,-0.0028409090909090606
2023-01-26,7020,7060,6980,7020,20215,0.0
2023-01-27,7020,7070,6980,7070,28228,0.007122507122507171
2023-01-30,7080,7090,7030,7070,8478,0.0
2023-01-31,7070,7090,7000,7070,10305,0.0
2023-02-01,7060,7140,7060,7140,15207,0.00990099009900991
2023-02-02,7200,7200,7110,7150,7536,0.0014005602240896309
2023-02-03,7150,7210,7120,7200,9419,0.006993006993007089
2023-02-06,7170,7200,7090,7190,7884,-0.001388888888888884
2023-02-07,7150,7200,7120,7200,5671,0.0013908205841446364
2023-02-08,7190,7240,7180,7230,10508,0.004166666666666652
2023-02-09,7230,7240,7090,7210,6455,-0.0027662517289073207
2023-02-10,7210,7210,7050,7210,16816,0.0
2023-02-13,7160,7210,7080,7130,10016,-0.01109570041608876
2023-02-14,7140,7140,7080,7130,4953,0.0
2023-02-15,7110,7180,7050,7140,9468,0.0014025245441795509
2023-02-16,7120,7170,7070,7120,4866,-0.0028011204481792618
2023-02-17,7120,8910,7070,7350,4240033,0.032303370786516794
2023-02-20,7430,7930,7430,7540,632101,0.02585034013605436
2023-02-21,7500,7800,7300,7800,248142,0.034482758620689724
2023-02-22,7600,7730,7490,7560,109487,-0.03076923076923077
2023-02-23,7550,7560,7400,7470,63567,-0.011904761904761862
2023-02-24,7470,7550,7300,7460,46764,-0.0013386880856760541
2023-02-27,7320,7440,7280,7330,40422,-0.017426273458445052
2023-02-28,7280,7630,7280,7490,38148,0.021828103683492417
2023-03-02,7400,7540,7400,7520,28192,0.004005340453938633
2023-03-03,7450,7550,7390,7510,30360,-0.0013297872340425343
2023-03-06,7520,7560,7420,7490,32529,-0.0026631158455392434
2023-03-07,7510,7510,7400,7460,29282,-0.004005340453938633
2023-03-08,7450,7450,7290,7390,24059,-0.009383378016085797
2023-03-09,7380,7460,7160,7390,29634,0.0
2023-03-10,7310,7310,7160,7160,31466,-0.03112313937753719
2023-03-13,7150,7160,6930,7160,58241,0.0
2023-03-14,6980,7050,6790,6940,54842,-0.030726256983240274
2023-03-15,6960,7210,6920,7140,32556,0.028818443804034644
2023-03-16,7090,7200,6950,7140,12603,0.0
2023-03-17,7140,7160,7050,7120,25173,-0.0028011204481792618
2023-03-20,7120,7240,7080,7120,8037,0.0
2023-03-21,7120,7200,7040,7120,13610,0.0
2023-03-22,7250,7250,7030,7150,11115,0.004213483146067398
2023-03-23,7140,7140,6960,7100,16632,-0.006993006993006978
2023-03-24,7070,7070,6880,6880,19015,-0.030985915492957705
2023-03-27,6880,7140,6800,6960,17923,0.011627906976744207
2023-03-28,7080,7290,6980,7170,21824,0.030172413793103425
2023-03-29,7170,7170,7030,7150,16152,-0.002789400278940035
2023-03-30,7150,7300,7140,7250,16801,0.013986013986013957
2023-03-31,7230,7310,7130,7210,35366,-0.0055172413793103114
2023-04-03,7220,7290,7130,7260,15789,0.006934812760055475
2023-04-04,7260,7300,7200,7220,15187,-0.0055096418732781816
2023-04-05,7220,7330,7130,7250,24153,0.0041551246537396835
2023-04-06,7220,7250,7110,7250,17080,0.0
2023-04-07,7160,7230,7100,7210,14282,-0.0055172413793103114
2023-04-10,7180,7180,6970,7010,23975,-0.0277392510402219
2023-04-11,6940,7210,6940,7070,18392,0.008559201141226769
2023-04-12,7100,7100,7000,7080,14005,0.0014144271570013522
2023-04-13,7060,7170,7000,7120,7797,0.005649717514124353
2023-04-14,7120,7210,7100,7170,19703,0.0070224719101124045
2023-04-17,7210,7220,7110,7130,9027,-0.00557880055788007
2023-04-18,7110,7200,7070,7120,12982,-0.0014025245441795509
2023-04-19,7080,7210,7080,7180,12313,0.008426966292134797
2023-04-20,7180,7210,7040,7070,14691,-0.01532033426183843
2023-04-21,6960,7120,6950,7120,13380,0.007072135785006983
2023-04-24,7050,7050,6880,6970,21239,-0.021067415730337102
2023-04-25,7040,7040,6810,6870,21282,-0.01434720229555242
2023-04-26,6800,7010,6800,6980,11541,0.01601164483260553
2023-04-27,6860,6940,6830,6940,9694,-0.005730659025787954
2023-04-28,7060,7070,6810,6920,15478,-0.0028818443804035088
2023-05-02,6920,6950,6830,6950,10200,0.004335260115607031
2023-05-03,6940,6950,6850,6950,6255,0.0
2023-05-04,6920,6960,6840,6880,5586,-0.010071942446043147
2023-05-08,6880,6910,6770,6850,32348,-0.0043604651162790775
2023-05-09,6990,6990,6790,6900,7571,0.007299270072992803
2023-05-10,6840,6970,6830,6890,6794,-0.0014492753623188692
2023-05-11,6890,6970,6870,6920,7130,0.004354136429608024
2023-05-12,6970,6970,6830,6830,5985,-0.013005780346820761
2023-05-15,6840,6940,6770,6870,13039,0.005856515373352744
2023-05-16,6870,6890,6770,6820,15948,-0.00727802037845704
2023-05-17,6890,6950,6770,6870,9934,0.007331378299120228
2023-05-18,6830,6940,6800,6860,6192,-0.0014556040756914523
2023-05-19,6860,6960,6840,6910,10396,0.007288629737609353
2023-05-22,6950,7000,6850,6950,22022,0.005788712011577379
2023-05-23,6920,7070,6920,7030,18792,0.011510791366906581
2023-05-24,7000,7100,6950,7060,10563,0.004267425320056972
2023-05-25,7040,7080,7000,7060,5133,0.0
2023-05-26,7050,7060,6900,7000,12997,-0.008498583569405138
2023-05-30,6910,7000,6870,6880,10788,-0.017142857142857126
2023-05-31,6910,7000,6900,7000,3926,0.01744186046511631
2023-06-01,6970,7000,6920,7000,3050,0.0
2023-06-02,6850,6990,6850,6980,6204,-0.0028571428571428914
2023-06-05,6950,7000,6930,6960,2659,-0.002865329512893977
2023-06-07,6950,7040,6940,6970,3098,0.001436781609195359
2023-06-08,6970,7030,6950,7000,8683,0.004304160688665792
2023-06-09,7000,7020,6690,6920,22550,-0.011428571428571455
2023-06-12,6880,6960,6830,6870,16755,-0.007225433526011571
2023-06-13,6800,6990,6800,6900,20569,0.004366812227074135
2023-06-14,6880,6940,6780,6900,12148,0.0
2023-06-15,6860,6860,6710,6780,21483,-0.017391304347826098
2023-06-16,6780,6900,6760,6790,12154,0.001474926253687281
2023-06-19,6800,6890,6740,6800,23105,0.0014727540500736325
2023-06-20,6800,6870,6780,6860,8203,0.008823529411764675
2023-06-21,6850,6930,6810,6890,7143,0.004373177842565523
2023-06-22,6830,6980,6830,6920,12265,0.004354136429608024
2023-06-23,6870,6940,6850,6850,7357,-0.010115606936416222
2023-06-26,6850,6880,6800,6870,11799,0.0029197080291971655
2023-06-27,6930,6930,6820,6900,3844,0.004366812227074135
2023-06-28,6900,7000,6840,7000,9723,0.01449275362318847
2023-06-29,7000,7000,6910,6930,6836,-0.010000000000000009
2023-06-30,7000,7000,6820,6890,3617,-0.005772005772005762
2023-07-03,6900,6960,6800,6800,10298,-0.013062409288824406
2023-07-04,7050,7050,6800,6860,8219,0.008823529411764675
2023-07-05,6930,6930,6810,6850,4710,-0.001457725947521915
2023-07-06,6840,6840,6700,6810,17398,-0.005839416058394109
2023-07-07,7110,7110,6650,6840,14786,0.004405286343612369
2023-07-10,6830,6830,6650,6740,12591,-0.014619883040935644
2023-07-11,6740,7000,6660,6730,10466,-0.0014836795252225476
2023-07-12,6860,6860,6680,6800,4444,0.010401188707280795
2023-07-13,6860,6860,6750,6800,9603,0.0
2023-07-14,6820,6820,6650,6760,13253,-0.00588235294117645
2023-07-17,6800,6800,6630,6650,12045,-0.016272189349112454
2023-07-18,6650,6790,6350,6390,42474,-0.0390977443609023
2023-07-19,6390,6560,6340,6350,20407,-0.006259780907668211
2023-07-20,6330,6440,6330,6370,10710,0.0031496062992126816
2023-07-21,6490,6490,6230,6350,8424,-0.0031397174254317317
2023-07-24,6230,6450,6220,6350,18336,0.0
2023-07-25,6340,6340,6190,6290,14023,-0.009448818897637823
2023-07-26,6290,6290,5810,5860,40659,-0.06836248012718604
2023-07-27,5870,6080,5810,6020,16161,0.027303754266211566
2023-07-28,5920,6480,5920,5940,20743,-0.013289036544850474
2023-07-31,6110,6720,5940,6040,115969,0.01683501683501687
2023-08-01,6300,6300,6020,6130,14368,0.01490066225165565
2023-08-02,6280,6280,6040,6080,9488,-0.00815660685154973
2023-08-03,6030,6170,6010,6160,7581,0.013157894736842035
2023-08-04,6280,6410,6160,6290,4935,0.02110389610389607
2023-08-07,6400,6400,6170,6320,4638,0.004769475357710551
2023-08-08,6180,6500,6180,6350,4290,0.004746835443038
2023-08-09,6500,6500,6280,6360,1941,0.0015748031496063408
2023-08-10,6360,6510,6270,6370,1470,0.0015723270440251014
2023-08-11,6510,6510,6240,6320,5491,-0.00784929356357933
2023-08-14,6320,6450,6240,6330,4459,0.0015822784810126667
2023-08-16,6250,6250,6070,6150,11059,-0.028436018957345932
2023-08-17,6030,6160,6010,6060,4317,-0.014634146341463428
2023-08-18,6010,6310,6010,6040,2161,-0.0033003300330033403
2023-08-21,6000,6400,6000,6040,6725,0.0
2023-08-22,6330,6970,5900,5950,307454,-0.01490066225165565
2023-08-23,5920,6040,5890,5990,16728,0.006722689075630228
2023-08-24,5990,6020,5900,5970,11685,-0.0033388981636059967
2023-08-25,6090,6090,5910,5940,5799,-0.005025125628140725
2023-08-28,5940,6090,5940,6000,3923,0.010101010101010166
2023-08-29,6010,6050,5960,6030,5565,0.004999999999999893
2023-08-30,6140,6140,5990,5990,6769,-0.0066334991708125735
2023-08-31,6000,6050,5950,6000,2743,0.0016694490818029983
2023-09-01,5950,6080,5950,6000,2148,0.0
2023-09-04,6000,6070,5950,6060,3998,0.010000000000000009
2023-09-05,6060,6070,5940,5990,2026,-0.011551155115511524
2023-09-06,6100,6100,5950,5960,4075,-0.005008347245408995
2023-09-07,6120,6120,5870,5880,3442,-0.01342281879194629
2023-09-08,5880,5990,5880,5930,2772,0.008503401360544283
2023-09-11,5830,6000,5830,5900,5030,-0.005059021922428353
2023-09-12,5820,6080,5820,5840,8391,-0.01016949152542368
2023-09-13,5830,5890,5800,5830,5327,-0.001712328767123239
2023-09-14,5730,5980,5700,5720,14880,-0.018867924528301883
2023-09-15,5870,5870,5670,5800,7008,0.013986013986013957
2023-09-18,5800,5860,5760,5810,2987,0.0017241379310344307
2023-09-19,5760,5940,5750,5840,3169,0.005163511187607606
2023-09-20,5810,5900,5780,5850,1985,0.001712328767123239
2023-09-21,5850,5890,5720,5720,3829,-0.022222222222222254
2023-09-22,5700,5770,5680,5680,5996,-0.006993006993006978
2023-09-25,5680,5990,5590,5590,4110,-0.015845070422535246
2023-09-26,5700,5700,5600,5600,3772,0.0017889087656528524
2023-09-27,5540,5640,5540,5600,2853,0.0
2023-10-04,5590,5590,5500,5520,3421,-0.014285714285714235
2023-10-05,5450,5900,5450,5530,3666,0.0018115942028984477
2023-10-06,5580,5830,5500,5510,5748,-0.003616636528028905
2023-10-10,5750,5750,5420,5530,4617,0.003629764065335772
2023-10-11,5680,5680,5450,5570,1656,0.00723327305605781
2023-10-12,5680,5680,5520,5580,815,0.0017953321364452268
2023-10-13,5690,5690,5490,5580,1253,0.0
2023-10-16,5580,5660,5420,5420,5369,-0.028673835125448077
2023-10-17,5470,5580,5350,5430,10183,0.0018450184501845879
2023-10-18,5680,5680,5400,5440,7893,0.0018416206261511192
2023-10-19,5350,5540,5310,5310,8120,-0.023897058823529438
2023-10-20,5310,5310,5200,5300,7382,-0.0018832391713747842
2023-10-23,5210,5380,5130,5130,6436,-0.0320754716981132
2023-10-24,5150,5270,5130,5180,6006,0.00974658869395717
2023-10-25,5390,5390,5180,5260,2700,0.015444015444015413
2023-10-26,5200,5810,5120,5120,50490,-0.026615969581749055
2023-10-27,5200,5200,5050,5130,6825,0.001953125
2023-10-30,5130,5170,5050,5140,4402,0.0019493177387914784
2023-10-31,5120,5240,5010,5100,6599,-0.0077821011673151474
2023-11-01,5030,5130,4970,4970,21909,-0.025490196078431393
2023-11-02,4905,5050,4905,5020,13817,0.010060362173038184
2023-11-03,5020,5060,4970,5010,6390,-0.0019920318725099584
2023-11-06,5110,5110,4975,5060,20222,0.009980039920159722
2023-11-07,5090,5170,5020,5130,6818,0.01383399209486158
2023-11-08,5100,5290,5100,5230,5434,0.01949317738791434
2023-11-09,5230,5230,5070,5180,3478,-0.009560229445506718
2023-11-10,5150,5280,5140,5280,2868,0.019305019305019266
2023-11-13,5280,5420,5100,5200,2640,-0.015151515151515138
2023-11-14,5200,5200,5040,5080,4788,-0.023076923076923106
2023-11-15,5080,5250,5080,5210,4161,0.025590551181102317
2023-11-16,5180,5280,5150,5250,4780,0.007677543186180413
2023-11-17,5240,5300,5150,5260,5965,0.0019047619047618536
2023-11-20,5180,5320,5180,5300,4616,0.0076045627376426506
2023-11-21,5230,5310,5230,5280,5404,-0.0037735849056603765
2023-11-22,5280,5280,5220,5280,1815,0.0
2023-11-23,5280,5280,5210,5270,3983,-0.0018939393939394478
2023-11-24,5270,5300,5200,5290,2833,0.00379506641366234
2023-11-27,5290,5320,5200,5200,1708,-0.017013232514177745
2023-11-28,5220,5280,5150,5250,5940,0.009615384615384581
2023-11-29,5350,5390,5250,5300,12500,0.00952380952380949
2023-11-30,5280,5390,5230,5390,4144,0.016981132075471805
2023-12-01,5310,5450,5310,5400,7695,0.0018552875695732052
2023-12-04,5380,5440,5330,5420,5952,0.0037037037037037646
2023-12-05,5420,5480,5360,5410,4142,-0.0018450184501844769
2023-12-06,5410,5510,5350,5510,5367,0.01848428835489835
2023-12-07,5520,5530,5460,5480,2559,-0.005444646098003658
2023-12-08,5480,5500,5430,5440,3298,-0.007299270072992692
2023-12-11,5380,5440,5350,5420,3867,-0.003676470588235281
2023-12-12,5400,5470,5400,5420,1308,0.0
2023-12-13,5480,5480,5310,5310,2507,-0.020295202952029467
2023-12-14,5330,5530,5320,5320,2650,0.0018832391713747842
2023-12-15,5300,5500,5220,5310,6593,-0.001879699248120259
2023-12-18,5310,5360,5270,5300,1544,-0.0018832391713747842
2023-12-19,5290,5300,5220,5290,2758,-0.0018867924528301883
2023-12-20,5290,5340,5230,5340,3770,0.00945179584120992
2023-12-21,5340,5400,5220,5340,4834,0.0
2023-12-22,5290,5460,5260,5390,2846,0.009363295880149725
2023-12-26,5340,5500,5260,5390,8892,0.0
2023-12-27,5230,5390,5010,5320,8185,-0.012987012987012991
2023-12-28,5270,5270,5110,5220,5796,-0.018796992481203034
2024-01-02,5420,5420,5000,5180,13979,-0.007662835249042099
2024-01-03,4940,5180,4940,5110,5833,-0.013513513513513487
2024-01-04,5110,5170,4970,5170,8430,0.011741682974559797
2024-01-05,5170,5170,5000,5150,1221,-0.003868471953578312
2024-01-08,5340,5420,5100,5110,1149,-0.007766990291262155
2024-01-09,5110,5200,5110,5160,953,0.009784735812133016
2024-01-10,5160,5160,5090,5090,1318,-0.013565891472868241
2024-01-11,5350,5350,4960,5000,12337,-0.017681728880157177
2024-01-12,5050,5100,5000,5090,4309,0.018000000000000016
2024-01-15,5090,5290,5000,5000,2073,-0.017681728880157177
2024-01-16,4915,5280,4915,4960,5187,-0.008000000000000007
2024-01-17,4980,5090,4945,4965,3655,0.0010080645161290036
2024-01-18,5170,5170,4925,5100,3141,0.027190332326284095
2024-01-19,5080,5150,5050,5110,1467,0.0019607843137254832
2024-01-22,5090,5110,4950,5010,2117,-0.019569471624266144
2024-01-23,5090,5090,4895,4895,7100,-0.022954091816367317
2024-01-24,4895,5090,4895,4985,3546,0.018386108273748647
2024-01-25,4980,4980,4900,4980,6391,-0.0010030090270812808
2024-01-26,4980,4980,4905,4965,7036,-0.003012048192771122
2024-01-29,4965,4980,4885,4960,5717,-0.001007049345417954
2024-01-30,4990,4990,4960,4975,1793,0.003024193548387011
2024-01-31,4900,5200,4900,5030,5188,0.011055276381909618
2024-02-01,5090,5090,4955,5080,7644,0.00994035785288272
2024-02-02,5080,5120,5040,5090,3783,0.0019685039370078705
2024-02-05,5140,5140,5070,5100,3407,0.0019646365422396617
2024-02-06,4985,5140,4975,4975,5076,-0.02450980392156865
2024-02-07,4975,5130,4975,5050,1713,0.015075376884422065
2024-02-08,5060,5190,4935,5130,16325,0.015841584158415856
2024-02-13,5130,5170,5000,5100,6732,-0.005847953216374324
2024-02-14,5090,5090,4915,4990,3376,-0.021568627450980427
2024-02-15,4950,5110,4950,5020,2483,0.006012024048096087
2024-02-16,4980,5080,4960,4980,1430,-0.007968127490039834
2024-02-19,4985,5280,4985,5170,18782,0.0381526104417671
2024-02-20,5180,5220,5170,5170,2860,0.0
2024-02-21,5220,5220,5070,5090,2408,-0.015473887814313358
2024-02-22,5090,5190,5060,5180,2513,0.017681728880157177
2024-02-23,5180,5180,5120,5170,2267,-0.0019305019305019266
2024-02-26,5120,5210,5000,5030,7431,-0.027079303675048405
2024-02-27,5030,5190,5000,5000,3791,-0.005964214711729587
2024-02-28,5170,5190,5010,5060,6274,0.01200000000000001
2024-02-29,5200,5200,5020,5170,1588,0.021739130434782705
2024-03-04,5210,5210,5040,5050,3484,-0.023210831721469982
2024-03-05,5010,5200,4980,5190,3407,0.027722772277227747
2024-03-06,5190,5240,4885,5180,2574,-0.0019267822736031004
2024-03-07,5130,5220,4895,5000,8196,-0.03474903474903479
2024-03-08,5300,5300,5010,5230,10278,0.04600000000000004
2024-03-11,5240,5260,4950,5100,3880,-0.0248565965583174
2024-03-12,5100,5160,5010,5150,3886,0.009803921568627416
2024-03-13,5210,5210,5000,5010,3239,-0.027184466019417486
2024-03-14,5050,5090,4990,5040,2222,0.0059880239520957446
2024-03-15,5040,5150,4965,4990,2897,-0.009920634920634885
2024-03-18,4990,5190,4960,4995,2232,0.0010020040080160886
2024-03-19,5000,5000,4945,5000,2432,0.0010010010010010895
2024-03-20,4985,5000,4910,4985,6682,-0.0030000000000000027
2024-03-21,5000,5000,4920,4950,6830,-0.007021063189568744
2024-03-22,4950,4950,4895,4895,6823,-0.011111111111111072
2024-03-25,4950,4950,4870,4895,3048,0.0
2024-03-26,4900,4940,4820,4875,10023,-0.0040858018386108474
2024-03-27,4880,4930,4805,4910,4467,0.007179487179487243
2024-03-28,4910,4935,4755,4935,10405,0.005091649694501044
2024-03-29,4935,4960,4855,4860,7781,-0.015197568389057725
2024-04-01,4860,4860,4650,4770,12717,-0.01851851851851849
2024-04-02,4770,4860,4700,4825,3038,0.011530398322851187
2024-04-03,4825,4825,4680,4795,1603,-0.006217616580310836
2024-04-04,4770,4800,4700,4800,4261,0.0010427528675704956
2024-04-05,4795,4795,4650,4780,6951,-0.004166666666666652
2024-04-08,4685,4795,4565,4620,13092,-0.03347280334728031
2024-04-09,4620,4710,4395,4460,21818,-0.03463203463203468
2024-04-11,4790,4795,4400,4455,3694,-0.0011210762331838042
2024-04-12,4455,4500,4415,4415,5988,-0.008978675645342271
2024-04-15,4330,4420,4315,4390,5958,-0.005662514156285381
2024-04-16,4390,4525,4345,4400,3874,0.002277904328018332
2024-04-17,4455,4750,4390,4440,3729,0.009090909090909038
2024-04-18,4405,4700,4395,4550,1542,0.024774774774774855
2024-04-19,4550,4685,4375,4405,8075,-0.031868131868131866
2024-04-22,4405,4535,4370,4385,3925,-0.004540295119182747
2024-04-23,4385,4475,4200,4370,1669,-0.0034207525655644
2024-04-24,4370,4650,4265,4405,13679,0.008009153318077722
2024-04-25,4405,4500,4340,4420,2394,0.0034052213393871433
2024-04-26,4420,4595,4330,4345,3451,-0.016968325791855254
2024-04-29,4380,4550,4285,4470,5923,0.028768699654775576
2024-04-30,4435,4560,4410,4455,2557,-0.003355704697986628
2024-05-02,4455,4500,4250,4415,2642,-0.008978675645342271
2024-05-03,4440,4440,4380,4415,2196,0.0
2024-05-07,4415,4500,4345,4500,2668,0.01925254813137034
2024-05-08,4500,4550,4465,4505,4158,0.0011111111111110628
2024-05-09,4505,4505,4460,4470,2600,-0.007769145394006638
2024-05-10,4465,4495,4420,4420,6848,-0.01118568232662187
2024-05-13,4420,4500,4360,4465,1193,0.010180995475113086
2024-05-14,4460,4500,4415,4490,6852,0.005599104143336975
2024-05-16,4455,4695,4430,4455,18338,-0.007795100222717122
2024-05-17,4455,4600,4430,4455,13270,0.0
2024-05-20,4525,4530,4435,4460,10015,0.001122334455667895
2024-05-21,4495,4800,4450,4630,18557,0.03811659192825112
2024-05-22,4600,4660,4535,4660,5224,0.00647948164146861
2024-05-23,4625,4805,4605,4620,7178,-0.008583690987124415
2024-05-24,4580,4695,4540,4560,3378,-0.012987012987012991
2024-05-27,4560,4700,4500,4580,11018,0.004385964912280604
2024-05-28,4550,4750,4535,4685,8747,0.022925764192139653
2024-05-29,4645,4770,4570,4650,8188,-0.007470651013874119
2024-05-30,4640,4655,4590,4590,4556,-0.012903225806451646
2024-05-31,4590,4890,4550,4690,15379,0.02178649237472774
2024-06-03,4650,4680,4600,4630,2494,-0.01279317697228144
2024-06-04,4630,4700,4595,4680,5548,0.010799136069114423
2024-06-05,4675,4750,4640,4720,4106,0.008547008547008517
2024-06-07,4725,4725,4600,4670,6661,-0.010593220338983023
2024-06-10,4650,4880,4610,4680,5596,0.0021413276231263545
2024-06-11,4615,4730,4595,4680,8491,0.0
2024-06-12,4680,4680,4550,4630,11511,-0.010683760683760646
2024-06-13,4605,4840,4520,4535,9816,-0.02051835853131745
2024-06-14,4535,4560,4460,4475,5173,-0.013230429988974612
2024-06-17,4475,4600,4440,4440,7028,-0.007821229050279377
2024-06-18,4440,4600,4400,4420,3966,-0.0045045045045044585
2024-06-19,4470,4600,4400,4425,11154,0.0011312217194570096
2024-06-20,4425,4470,4400,4415,3294,-0.002259887005649719
2024-06-21,4415,4545,4375,4420,8468,0.0011325028312569874
2024-06-24,4415,4420,4315,4335,5046,-0.019230769230769273
2024-06-25,4305,4445,4245,4280,10166,-0.012687427912341454
2024-06-26,4280,4425,4185,4210,12339,-0.016355140186915862
2024-06-27,4215,4300,4165,4300,7027,0.0213776722090262
2024-06-28,4260,4335,4210,4240,2183,-0.013953488372092981
2024-07-01,4240,4305,4180,4200,6017,-0.009433962264150941
2024-07-02,4205,4295,4170,4200,2068,0.0
2024-07-03,4165,4210,4160,4180,2270,-0.004761904761904745
2024-07-04,4180,4215,4095,4110,5212,-0.01674641148325362
2024-07-05,4075,4265,4075,4110,3327,0.0
2024-07-08,4035,4200,3950,4015,8176,-0.02311435523114358
2024-07-09,3985,4200,3975,4020,7947,0.001245330012453305
2024-07-10,4020,4170,3990,4120,4869,0.02487562189054726
2024-07-11,4085,4240,3935,3960,12358,-0.03883495145631066
2024-07-12,3960,4020,3935,4015,4589,0.01388888888888884
2024-07-15,4010,4055,3975,4000,2449,-0.0037359900373599153
2024-07-16,4000,4190,3980,4130,7291,0.03249999999999997
2024-07-17,4100,4220,4065,4110,6375,-0.004842615012106588
2024-07-18,4110,4245,4090,4245,6156,0.03284671532846706
2024-07-19,4245,5200,4210,4490,542068,0.05771495877502941
2024-07-22,4580,4590,4210,4540,42856,0.011135857461024523
2024-07-23,4450,4700,4375,4545,14960,0.0011013215859030367
2024-07-24,4540,4665,4370,4610,15608,0.014301430143014215
2024-07-25,4515,4620,4445,4580,7171,-0.006507592190889366
2024-07-26,4535,4590,4435,4580,2161,0.0
2024-07-29,4535,4890,4430,4700,10365,0.026200873362445476
2024-07-30,4700,4800,4560,4650,7537,-0.010638297872340385
2024-07-31,4650,4680,4485,4545,11761,-0.022580645161290325
2024-08-01,4545,4640,4425,4570,9545,0.005500550055005604
2024-08-02,4515,4900,4430,4495,15414,-0.01641137855579866
2024-08-05,4490,4490,4030,4035,17731,-0.1023359288097887
2024-08-06,4010,4340,4010,4215,8408,0.044609665427509215
2024-08-07,4175,4305,4150,4220,2110,0.0011862396204034287
2024-08-08,4220,4880,4220,4400,71566,0.042654028436019065
2024-08-09,4365,4560,4335,4390,17584,-0.002272727272727315
2024-08-12,4400,4600,4340,4495,11126,0.023917995444191265
2024-08-13,4450,4450,4355,4365,4590,-0.028921023359288145
2024-08-14,4365,4470,4345,4370,3806,0.001145475372279492
2024-08-16,4370,4495,4345,4400,4355,0.006864988558352492
2024-08-19,4365,4520,4365,4475,5492,0.017045454545454586
2024-08-20,4475,4600,4400,4400,7676,-0.016759776536312887
2024-08-21,4360,4430,4335,4355,5177,-0.010227272727272751
2024-08-22,4330,4460,4295,4345,11516,-0.0022962112514350874
2024-08-23,4345,4365,4275,4335,4500,-0.0023014959723820505
2024-08-26,4335,4390,4230,4305,7623,-0.00692041522491349
2024-08-27,4245,4305,4230,4280,1697,-0.005807200929152101
2024-08-28,4280,4600,4245,4275,5166,-0.001168224299065379
2024-08-29,4320,4325,4210,4220,2503,-0.012865497076023358
2024-08-30,4285,4500,4205,4280,4245,0.014218009478673022
2024-09-02,4400,4400,4260,4315,1198,0.008177570093457875
2024-09-03,4330,4400,4285,4380,844,0.015063731170336103
2024-09-04,4350,4350,4185,4195,5752,-0.04223744292237441
2024-09-05,4245,4310,4200,4235,3300,0.009535160905840279
2024-09-06,4195,4265,4115,4125,7547,-0.025974025974025983
2024-09-09,4100,4385,4085,4115,5188,-0.00242424242424244
2024-09-10,4090,4360,4060,4360,1255,0.05953827460510319
2024-09-11,4320,4320,4215,4265,3037,-0.02178899082568808
2024-09-12,4260,4270,4225,4225,788,-0.009378663540445475
2024-09-13,4225,4600,4160,4450,16370,0.053254437869822535
2024-09-19,4365,4380,4230,4320,4738,-0.02921348314606742
2024-09-20,4315,4450,4235,4450,11689,0.03009259259259256
2024-09-23,4385,4385,4275,4295,4234,-0.03483146067415732
2024-09-24,4295,4350,4210,4250,6500,-0.010477299185098987
2024-09-25,4315,4345,4225,4320,11135,0.016470588235294015
2024-09-26,4285,4450,4240,4260,10732,-0.01388888888888884
2024-09-27,4260,4500,4240,4265,11791,0.0011737089201877549
2024-09-30,4280,4525,4230,4460,24879,0.04572098475967179
2024-10-02,4425,4505,4380,4460,5989,0.0
2024-10-04,4465,4465,4375,4450,3187,-0.0022421524663677195
2024-10-07,4415,4550,4400,4550,4565,0.022471910112359605
2024-10-08,4520,4540,4375,4385,8693,-0.036263736263736246
2024-10-10,4350,4485,4290,4365,10941,-0.004561003420752607
2024-10-11,4325,4390,4305,4345,1762,-0.004581901489117968
2024-10-14,4315,4385,4295,4315,2544,-0.0069044879171461515
2024-10-15,4310,4450,4180,4400,11321,0.01969872537659323
2024-10-16,4320,4325,4215,4240,10810,-0.036363636363636376
2024-10-17,4245,4245,4150,4150,7730,-0.021226415094339646
2024-10-18,4150,4400,4100,4235,12523,0.02048192771084345
2024-10-21,4200,4245,4110,4230,3024,-0.0011806375442738881
2024-10-22,4195,4400,4085,4225,16330,-0.0011820330969266601
2024-10-23,4225,4520,4120,4220,11076,-0.0011834319526626835
2024-10-24,4215,4300,4155,4240,2963,0.004739336492890933
2024-10-25,4240,4240,4150,4190,1128,-0.011792452830188704
2024-10-28,4150,4345,4150,4305,2018,0.027446300715990413
2024-10-29,4270,4355,4155,4330,4917,0.005807200929152101
2024-10-30,4385,4395,4250,4375,2891,0.010392609699769073
2024-10-31,4340,4425,4290,4370,3637,-0.0011428571428571122
2024-11-01,4335,4550,4280,4435,1840,0.014874141876430214
2024-11-04,4460,4545,4360,4490,5027,0.012401352874858995
2024-11-05,4535,4535,4400,4510,5995,0.00445434298440972
2024-11-06,4470,4540,4400,4520,2193,0.0022172949002217113
2024-11-07,4480,4540,4440,4525,3397,0.0011061946902655162
2024-11-08,4525,4550,4400,4510,2302,-0.0033149171270717703
2024-11-11,4510,4515,4355,4505,3825,-0.0011086474501108556
2024-11-12,4460,4515,4140,4510,15558,0.0011098779134295356
2024-11-13,4470,4535,4225,4490,18616,-0.0044345898004434225
2024-11-14,4445,4585,4320,4400,5834,-0.020044543429844075
2024-11-15,4400,4520,4260,4520,17001,0.027272727272727337
2024-11-18,4595,4595,4465,4525,3264,0.0011061946902655162
2024-11-19,4600,4600,4435,4500,1969,-0.0055248618784530246
2024-11-20,4500,4545,4365,4505,4598,0.0011111111111110628
2024-11-21,4650,4650,4400,4400,1959,-0.023307436182020025
2024-11-22,4395,4415,4345,4350,1668,-0.011363636363636354
2024-11-25,4375,4390,4275,4275,925,-0.017241379310344862
2024-11-26,4280,4570,4245,4485,7894,0.04912280701754379
2024-11-27,4455,4525,4310,4340,3564,-0.032329988851728
2024-11-28,4340,4945,4310,4645,93206,0.07027649769585254
2024-11-29,4575,4585,4390,4395,8466,-0.05382131324004302
2024-12-02,4395,4525,4280,4355,9631,-0.009101251422070522
2024-12-03,4310,4385,4275,4385,4332,0.006888633754305484
2024-12-04,4340,4525,4275,4320,9753,-0.014823261117445807
2024-12-05,4305,4525,4285,4375,11044,0.0127314814814814
2024-12-06,4325,4370,4280,4295,3570,-0.01828571428571424
2024-12-09,4240,4275,4055,4055,13423,-0.055878928987194376
2024-12-10,4050,4260,4050,4175,4037,0.0295930949445129
2024-12-11,4175,4250,4070,4185,8385,0.0023952095808383866
2024-12-12,4240,4240,4150,4170,2498,-0.0035842293906810374
2024-12-13,4170,4250,4155,4245,3118,0.017985611510791477
2024-12-16,4250,4370,4210,4220,1893,-0.005889281507656108
2024-12-17,4220,4270,4195,4225,1097,0.0011848341232227888
2024-12-18,4280,4340,4215,4325,1115,0.023668639053254337
2024-12-19,4325,4375,4200,4235,4822,-0.020809248554913284
2024-12-20,4250,4375,4200,4210,1822,-0.005903187721369552
2024-12-23,4230,4400,4135,4150,5793,-0.014251781472684133
2024-12-24,4200,4215,4155,4180,613,0.0072289156626506035
2024-12-26,4180,4230,4180,4200,2588,0.004784688995215225
2024-12-27,4200,4200,4120,4155,3455,-0.010714285714285676
2024-12-30,4120,4240,4055,4055,12941,-0.024067388688327362
2025-01-02,4075,4235,4075,4105,3302,0.012330456226880449
2025-01-03,4105,4200,4050,4105,4685,0.0
2025-01-06,4105,4200,4105,4125,771,0.004872107186357999
2025-01-07,4125,4280,4120,4190,2368,0.01575757575757586
2025-01-08,4190,4245,4110,4205,1999,0.0035799522673030104
2025-01-09,4210,4280,4125,4280,1268,0.017835909631391145
2025-01-10,4280,4355,4255,4350,1355,0.016355140186915973
2025-01-13,4350,4350,4230,4305,2413,-0.010344827586206917
2025-01-14,4250,4380,4215,4350,2064,0.010452961672473782
2025-01-15,4275,4360,4230,4350,3554,0.0
2025-01-16,4285,4460,4270,4290,3603,-0.01379310344827589
2025-01-17,4295,4400,4225,4260,4083,-0.006993006993006978
2025-01-20,4225,4320,4155,4155,7400,-0.02464788732394363
2025-01-21,4170,4205,4135,4200,2432,0.010830324909747224
2025-01-22,4200,4280,4150,4205,2258,0.0011904761904761862
2025-01-23,4195,4215,4140,4170,921,-0.008323424494649179
2025-01-24,4160,4200,4125,4175,1320,0.0011990407673860837
2025-01-31,4200,4200,4130,4170,1236,-0.0011976047904191933
2025-02-03,4125,4300,4035,4060,7947,-0.026378896882493952
2025-02-04,4060,4200,4050,4055,5816,-0.0012315270935960854
2025-02-05,4060,4185,4010,4040,4492,-0.0036991368680641123
2025-02-06,4070,4180,4040,4050,2678,0.0024752475247524774
2025-02-07,4090,4180,4015,4100,6032,0.012345679012345734
2025-02-10,4060,4080,4015,4025,2605,-0.018292682926829285
2025-02-11,4010,4180,4010,4045,2917,0.00496894409937898
2025-02-12,4040,4090,4020,4040,1757,-0.0012360939431397266
2025-02-13,4035,4185,4020,4145,7895,0.025990099009900902
2025-02-14,4115,4160,4045,4070,4108,-0.018094089264173663
2025-02-17,4070,4350,4045,4270,9904,0.0491400491400491
2025-02-18,4220,4230,4150,4175,6708,-0.022248243559718994
2025-02-19,4150,4190,4090,4150,6177,-0.005988023952095856
2025-02-20,4140,4220,4030,4030,17717,-0.028915662650602414
2025-02-21,4020,4085,4015,4065,844,0.008684863523573227
2025-02-24,4050,4220,4045,4145,5964,0.019680196801967975
2025-02-25,4100,4170,4005,4060,8670,-0.020506634499396825
2025-02-26,4060,4115,4030,4075,6940,0.003694581280788256
2025-02-27,4075,4150,4015,4080,11993,0.0012269938650306678
2025-02-28,4150,4150,4040,4040,4952,-0.009803921568627416
2025-03-04,4045,4115,4020,4060,2403,0.004950495049504955
2025-03-05,4060,4120,4040,4070,2937,0.0024630541871921707
2025-03-06,4120,4140,4055,4055,6424,-0.0036855036855036882
2025-03-07,4065,4115,4050,4060,1891,0.0012330456226881115
2025-03-10,4055,4100,4045,4055,3216,-0.0012315270935960854
2025-03-11,4050,4085,4050,4070,2446,0.0036991368680641123
2025-03-12,4070,4160,4070,4150,4830,0.019656019656019597
2025-03-13,4110,4135,4070,4070,1771,-0.01927710843373498
2025-03-14,4050,4070,4025,4035,4005,-0.008599508599508643
2025-03-17,4095,4100,4025,4025,888,-0.0024783147459727095
2025-03-18,4010,4040,4010,4020,2389,-0.001242236024844745
2025-03-19,4070,4070,4010,4025,3230,0.0012437810945273853
2025-03-20,4010,4055,4010,4015,410,-0.00248447204968949
2025-03-21,4015,4030,4005,4015,1575,0.0
2025-03-24,4015,4090,4010,4090,3040,0.018679950186799577
2025-03-25,4090,4165,4035,4115,2720,0.006112469437652868
2025-03-26,4090,4150,4030,4050,1856,-0.015795868772782495
2025-03-27,4035,4070,4015,4015,1975,-0.00864197530864197
2025-03-28,4010,4185,4005,4010,2841,-0.001245330012453305
2025-03-31,4005,4100,3935,3935,6059,-0.018703241895261846
2025-04-01,3855,4130,3855,3945,9219,0.0025412960609911828
2025-04-02,3945,4100,3910,3915,10889,-0.0076045627376425395
2025-04-03,3950,4020,3865,3895,1102,-0.005108556832694733
2025-04-04,3885,3935,3855,3865,3007,-0.007702182284980763
2025-04-07,3855,3990,3655,3725,42530,-0.036222509702457995
2025-04-08,3835,4040,3750,3980,33500,0.06845637583892628
2025-04-09,4080,4385,3900,4360,23947,0.09547738693467345
2025-04-10,4415,4415,4075,4320,15084,-0.00917431192660545
2025-04-11,4295,4370,4100,4230,7099,-0.02083333333333337
2025-04-14,4215,4350,4100,4240,10104,0.0023640661938533203
2025-04-15,4210,4335,4050,4335,28349,0.022405660377358583
2025-04-16,4245,4350,4235,4350,13807,0.0034602076124568004
2025-04-17,4315,4390,4315,4375,9342,0.005747126436781658
2025-04-18,4335,4675,4335,4630,36876,0.058285714285714274
2025-04-21,4640,6010,4640,6010,698823,0.2980561555075594
2025-04-22,7020,7150,5400,5500,954980,-0.08485856905158073
2025-04-23,5450,5450,4970,5060,183425,-0.07999999999999996
2025-04-24,5060,5120,4885,4940,96377,-0.02371541501976282
2025-04-25,4940,5040,4845,4930,38682,-0.002024291497975672
2025-04-28,4940,4980,4765,4810,72402,-0.024340770791075106
2025-04-29,4860,4940,4750,4830,28189,0.004158004158004047
2025-04-30,4840,4890,4650,4670,62268,-0.0331262939958592
2025-05-02,4670,4715,4570,4570,40166,-0.021413276231263434
2025-05-07,4620,4620,4500,4530,17783,-0.008752735229759279
2025-05-08,4530,4630,4500,4610,17885,0.017660044150110465
2025-05-09,4620,4630,4515,4575,14308,-0.007592190889370909
2025-05-12,4575,4670,4505,4650,14350,0.016393442622950838
2025-05-13,4705,4705,4590,4650,9987,0.0
2025-05-14,4650,4690,4510,4550,22337,-0.021505376344086002
2025-05-15,4680,4680,4500,4545,6586,-0.001098901098901095
2025-05-16,4680,4680,4485,4545,9219,0.0
2025-05-19,4650,4650,4460,4560,10527,0.0033003300330032292
2025-05-20,4605,4605,4500,4590,12786,0.006578947368421018
2025-05-21,4575,4635,4540,4595,3818,0.0010893246187364536
2025-05-22,4600,4600,4525,4535,4961,-0.01305767138193692
2025-05-23,4550,4550,4505,4535,4724,0.0
2025-05-26,4515,4520,4435,4460,17689,-0.016538037486218293
2025-05-27,4450,4500,4430,4460,2609,0.0
2025-05-28,4500,4500,4415,4440,4259,-0.004484304932735439
2025-05-29,4440,4500,4395,4470,13484,0.006756756756756799
2025-05-30,4480,4580,4480,4490,4871,0.004474272930648837
2025-06-02,4490,4490,4395,4450,4764,-0.008908685968819552
2025-06-04,4520,4555,4410,4540,5315,0.020224719101123556
2025-06-05,4535,4715,4495,4710,18681,0.037444933920704804
2025-06-09,4710,4760,4605,4680,21668,-0.006369426751592355
2025-06-10,4685,4750,4635,4730,5297,0.010683760683760646
2025-06-11,4730,4730,4550,4730,6815,0.0
