Date,Open,High,Low,Close,Volume,Change
2022-01-03,15500,15500,15100,15450,14821,0.006514657980456029
2022-01-04,15500,15500,15250,15450,11531,0.0
2022-01-05,15350,15750,15350,15550,15997,0.006472491909385036
2022-01-06,15500,15800,15300,15600,15788,0.003215434083601254
2022-01-07,15600,15850,15550,15650,14122,0.0032051282051281937
2022-01-10,15700,15750,15350,15450,11963,-0.012779552715655007
2022-01-11,15450,15550,15250,15300,8744,-0.009708737864077666
2022-01-12,15400,15450,15200,15250,15753,-0.0032679738562091387
2022-01-13,15150,15400,15150,15250,11365,0.0
2022-01-14,15250,15350,15050,15200,19804,-0.003278688524590123
2022-01-17,15250,15250,15000,15100,13932,-0.006578947368421018
2022-01-18,15000,15150,14950,15000,11431,-0.0066225165562914245
2022-01-19,14650,15000,14650,14900,13698,-0.00666666666666671
2022-01-20,14700,15250,14700,15250,12440,0.02348993288590595
2022-01-21,15250,15400,15000,15150,7160,-0.006557377049180357
2022-01-24,15200,15200,14750,14850,12380,-0.01980198019801982
2022-01-25,14800,14850,14050,14500,36192,-0.023569023569023573
2022-01-26,14500,15200,14450,14700,32895,0.01379310344827589
2022-01-27,14800,15550,14750,14800,61569,0.006802721088435382
2022-01-28,14800,14950,14300,14850,22581,0.0033783783783782884
2022-02-03,14950,15300,14950,15050,18901,0.013468013468013407
2022-02-04,15200,15700,15000,15450,44031,0.02657807308970095
2022-02-07,15650,18700,15300,16500,1462574,0.06796116504854366
2022-02-08,16500,16650,16200,16250,168378,-0.015151515151515138
2022-02-09,16250,16700,16000,16150,103214,-0.006153846153846176
2022-02-10,16200,19000,16200,17300,3148102,0.07120743034055721
2022-02-11,16550,16950,16200,16250,377730,-0.06069364161849711
2022-02-14,16050,16150,15350,15450,132483,-0.04923076923076919
2022-02-15,15250,16900,15250,16150,697208,0.0453074433656957
2022-02-16,16250,16800,16150,16700,143340,0.034055727554179516
2022-02-17,16750,17000,15800,16350,202919,-0.020958083832335328
2022-02-18,16350,17550,16250,17200,440910,0.051987767584097844
2022-02-21,17250,17650,16850,17250,169101,0.0029069767441860517
2022-02-22,16650,17350,16600,17350,101501,0.005797101449275255
2022-02-23,17400,17400,16950,17150,58395,-0.011527377521613813
2022-02-24,17100,17350,16750,16850,60831,-0.017492711370262426
2022-02-25,17050,17400,16800,16850,62246,0.0
2022-02-28,16850,17100,16800,17100,41573,0.014836795252225476
2022-03-02,17200,17200,16750,17000,47609,-0.005847953216374324
2022-03-03,17400,17400,17000,17150,33944,0.008823529411764675
2022-03-04,17150,17150,16900,17000,37466,-0.008746355685131157
2022-03-07,17050,17700,16700,16850,108011,-0.008823529411764675
2022-03-08,16850,16850,16550,16600,27923,-0.014836795252225476
2022-03-10,16950,16950,16600,16850,23843,0.015060240963855387
2022-03-11,16650,16950,16650,16850,20579,0.0
2022-03-14,16850,16950,16450,16500,18639,-0.020771513353115778
2022-03-15,16250,16500,16250,16350,15632,-0.009090909090909038
2022-03-16,16350,16650,16300,16550,12512,0.012232415902140747
2022-03-17,16550,16750,16350,16550,23351,0.0
2022-03-18,16500,16700,16450,16650,12880,0.0060422960725075026
2022-03-21,16650,16850,16650,16800,11602,0.009009009009008917
2022-03-22,16800,16850,16650,16850,9506,0.0029761904761904656
2022-03-23,17000,17000,16700,16700,17915,-0.008902077151335286
2022-03-24,16600,16850,16500,16650,15398,-0.0029940119760478723
2022-03-25,16550,16800,16550,16650,13693,0.0
2022-03-28,16550,16800,16550,16700,14247,0.0030030030030030463
2022-03-29,16900,17200,16750,17100,31873,0.0239520958083832
2022-03-30,17100,18300,16900,18300,187839,0.07017543859649122
2022-03-31,17750,17850,17350,17650,97648,-0.03551912568306015
2022-04-01,17500,17750,17350,17550,43905,-0.005665722379603388
2022-04-04,17800,18150,17600,17600,90194,0.002849002849002913
2022-04-05,17700,17950,17450,17650,50701,0.0028409090909091717
2022-04-06,17500,17650,17250,17600,29993,-0.0028328611898017497
2022-04-07,17400,17500,17100,17200,24648,-0.022727272727272707
2022-04-08,17300,17650,17300,17550,27798,0.02034883720930236
2022-04-11,17600,17800,17500,17650,34182,0.005698005698005604
2022-04-12,17550,17750,17300,17750,28714,0.0056657223796034994
2022-04-13,17950,20150,17350,17350,1871203,-0.022535211267605604
2022-04-14,17450,17650,17250,17400,82953,0.0028818443804035088
2022-04-15,17600,18100,17500,17700,143875,0.01724137931034475
2022-04-18,18000,18150,17800,17850,64458,0.008474576271186418
2022-04-19,18100,18450,17800,17900,97492,0.0028011204481792618
2022-04-20,18050,18600,17850,18250,157950,0.019553072625698276
2022-04-21,18450,18450,17800,17850,63608,-0.021917808219178103
2022-04-22,17750,17950,17550,17700,58015,-0.008403361344537785
2022-04-25,18350,18350,17700,17950,71532,0.01412429378531077
2022-04-26,18050,18500,17700,18000,69423,0.0027855153203342198
2022-04-27,17400,18000,17400,17700,39110,-0.01666666666666672
2022-04-28,17950,17950,17550,17700,25320,0.0
2022-04-29,17750,17900,17600,17700,15640,0.0
2022-05-02,17700,17800,17450,17650,16453,-0.0028248587570621764
2022-05-03,17600,17750,17550,17650,15385,0.0
2022-05-04,17650,17750,17350,17350,24002,-0.016997167138810165
2022-05-06,17350,18700,17250,17600,343765,0.014409221902017322
2022-05-09,17700,17950,16400,16500,87807,-0.0625
2022-05-10,16050,16300,15500,16250,53485,-0.015151515151515138
2022-05-11,16450,16550,16100,16150,24137,-0.006153846153846176
2022-05-12,15800,19200,15750,17300,1794331,0.07120743034055721
2022-05-13,16650,16850,16350,16650,156643,-0.037572254335260125
2022-05-16,16950,18800,16600,17100,1006421,0.027027027027026973
2022-05-17,17100,18350,17000,17750,629547,0.03801169590643272
2022-05-18,17900,17950,17300,17750,114043,0.0
2022-05-19,17350,17450,17150,17300,92593,-0.025352112676056304
2022-05-20,17400,17400,17050,17050,50867,-0.014450867052023142
2022-05-23,17100,17150,16900,16950,39234,-0.0058651026392961825
2022-05-24,17200,17550,16700,16700,90759,-0.014749262536873142
2022-05-25,16950,16950,16500,16600,31317,-0.005988023952095856
2022-05-26,16700,16850,16550,16650,23642,0.003012048192771122
2022-05-27,16700,16850,16500,16600,22024,-0.0030030030030030463
2022-05-30,16600,16950,16600,16800,24781,0.012048192771084265
2022-05-31,16900,17000,16800,16900,20855,0.005952380952380931
2022-06-02,17000,17200,16800,16900,19334,0.0
2022-06-03,17000,17800,16850,17200,85350,0.01775147928994092
2022-06-07,17200,17750,16850,17200,59768,0.0
2022-06-08,17300,17300,17100,17150,30078,-0.0029069767441860517
2022-06-09,17000,17100,16650,16800,28978,-0.020408163265306145
2022-06-10,16550,16750,16100,16350,59525,-0.0267857142857143
2022-06-13,15950,16300,15600,15600,36892,-0.04587155963302747
2022-06-14,15050,15550,14850,15200,43916,-0.02564102564102566
2022-06-15,14900,15200,14300,14400,46902,-0.052631578947368474
2022-06-16,14550,15350,14100,14350,37557,-0.00347222222222221
2022-06-17,13900,15150,13800,15150,39135,0.05574912891986061
2022-06-20,15500,16000,15050,15350,81432,0.013201320132013139
2022-06-21,15150,15650,15050,15300,25800,-0.0032573289902280145
2022-06-22,15300,15400,14750,14900,37280,-0.02614379084967322
2022-06-23,14600,15650,14350,14900,72735,0.0
2022-06-24,14900,15500,14800,15300,24808,0.02684563758389258
2022-06-27,15700,16500,15500,15850,65094,0.03594771241830075
2022-06-28,16100,16500,15750,16400,26723,0.034700315457413256
2022-06-29,16000,16400,15850,15850,14925,-0.03353658536585369
2022-06-30,15650,15800,15250,15250,10875,-0.03785488958990535
2022-07-01,15200,15400,14500,14750,15580,-0.032786885245901676
2022-07-04,14700,14950,14400,14700,14692,-0.003389830508474523
2022-07-05,14850,15150,14700,15150,7847,0.030612244897959107
2022-07-06,15150,15200,14600,14950,13496,-0.01320132013201325
2022-07-07,15100,15200,14900,15050,7181,0.006688963210702337
2022-07-08,15150,15700,15050,15100,17267,0.0033222591362125353
2022-07-11,15000,15500,15000,15500,25034,0.026490066225165476
2022-07-12,15150,15400,14600,14700,19630,-0.05161290322580647
2022-07-13,14850,14850,14500,14600,8071,-0.006802721088435382
2022-07-14,14400,15000,14250,14600,23337,0.0
2022-07-15,14600,14900,14300,14600,7752,0.0
2022-07-18,14750,15300,14700,15200,25645,0.041095890410958846
2022-07-19,15200,15600,15000,15250,24406,0.00328947368421062
2022-07-20,15400,15650,15100,15300,28474,0.003278688524590123
2022-07-21,15300,15600,15050,15550,39022,0.016339869281045694
2022-07-22,15600,15650,15150,15150,24122,-0.025723472668810254
2022-07-25,15150,15400,15100,15150,9725,0.0
2022-07-26,15250,15400,15000,15200,17187,0.0033003300330032292
2022-07-27,15200,15250,15000,15100,5740,-0.006578947368421018
2022-07-28,15250,15300,15100,15100,6372,0.0
2022-07-29,15300,15350,15150,15250,5170,0.009933774834437026
2022-08-01,15350,15350,15100,15250,2866,0.0
2022-08-02,15100,15200,14900,15000,7314,-0.016393442622950838
2022-08-03,14950,15450,14900,15300,35265,0.020000000000000018
2022-08-04,15250,15550,15200,15450,22443,0.009803921568627416
2022-08-05,15450,15550,15200,15300,7956,-0.009708737864077666
2022-08-08,15250,15700,15150,15500,16948,0.013071895424836555
2022-08-09,15500,15600,15250,15500,7071,0.0
2022-08-10,15500,15500,15150,15200,6216,-0.01935483870967747
2022-08-11,15400,15600,15250,15600,15638,0.026315789473684292
2022-08-12,15700,15750,15500,15550,12262,-0.0032051282051281937
2022-08-16,15550,15750,15450,15600,8306,0.003215434083601254
2022-08-17,15400,15500,15150,15150,15343,-0.028846153846153855
2022-08-18,15150,15150,14850,14950,15492,-0.01320132013201325
2022-08-19,14950,14950,14400,14400,27518,-0.03678929765886285
2022-08-22,14450,14750,14300,14650,18208,0.01736111111111116
2022-08-23,14450,14750,14450,14550,7749,-0.0068259385665528916
2022-08-24,14600,14900,14550,14900,9611,0.02405498281786933
2022-08-25,14950,16900,14800,15250,588998,0.02348993288590595
2022-08-26,15350,15450,15200,15350,44456,0.006557377049180246
2022-08-29,14950,15100,14700,14700,23409,-0.04234527687296419
2022-08-30,14700,15200,14700,15200,16857,0.03401360544217691
2022-08-31,15200,15200,14900,15100,11294,-0.006578947368421018
2022-09-01,15250,15450,14900,15000,40300,-0.0066225165562914245
2022-09-02,15000,15100,14750,14900,11564,-0.00666666666666671
2022-09-05,14800,14800,14200,14500,19838,-0.02684563758389258
2022-09-06,14600,14800,14500,14700,7549,0.01379310344827589
2022-09-07,14550,14650,14050,14350,16208,-0.023809523809523836
2022-09-08,14450,14600,14150,14300,8616,-0.0034843205574912606
2022-09-13,14350,14500,14300,14400,10093,0.006993006993007089
2022-09-14,14250,14300,14000,14150,8127,-0.01736111111111116
2022-09-15,14200,14300,14050,14200,7130,0.0035335689045936647
2022-09-16,14050,14850,14050,14850,31692,0.045774647887323994
2022-09-19,14550,14650,14300,14500,6397,-0.023569023569023573
2022-09-20,14350,14650,14350,14500,5267,0.0
2022-09-21,14450,14750,14400,14750,13071,0.01724137931034475
2022-09-22,14750,14750,14300,14450,6246,-0.02033898305084747
2022-09-23,14450,14600,14000,14050,10200,-0.02768166089965396
2022-09-26,13750,13850,12950,13100,20230,-0.06761565836298933
2022-09-27,12650,13100,12450,12600,28592,-0.03816793893129766
2022-09-28,12400,12500,11500,11500,29733,-0.08730158730158732
2022-09-29,11650,12400,11650,11850,15308,0.0304347826086957
2022-09-30,11500,11850,11350,11700,14604,-0.012658227848101222
2022-10-04,11750,13500,11750,12100,100774,0.03418803418803429
2022-10-05,12350,12350,11700,11850,11971,-0.02066115702479343
2022-10-06,11850,12050,11850,11950,7461,0.00843881856540074
2022-10-07,11950,12200,11900,12100,12381,0.012552301255230214
2022-10-11,12000,12000,11500,11500,17839,-0.04958677685950408
2022-10-12,11350,11500,11150,11400,13896,-0.008695652173912993
2022-10-13,11300,11500,10950,11000,19371,-0.03508771929824561
2022-10-14,11200,11450,11000,11400,14473,0.036363636363636376
2022-10-17,11000,11400,11000,11400,3118,0.0
2022-10-18,11550,11650,11350,11500,11447,0.00877192982456143
2022-10-19,11800,12000,11600,11600,15715,0.008695652173912993
2022-10-20,11800,11800,11400,11750,3565,0.012931034482758674
2022-10-21,11600,11650,11300,11300,6413,-0.03829787234042559
2022-10-24,11400,12100,11300,11450,49797,0.01327433628318575
2022-10-25,11450,11500,11300,11350,4090,-0.008733624454148492
2022-10-26,11350,11400,11200,11200,4763,-0.013215859030836996
2022-10-27,11200,14550,11200,13200,1437956,0.1785714285714286
2022-10-28,13050,13250,12700,12950,319852,-0.018939393939393923
2022-10-31,14600,14800,13150,13150,570133,0.015444015444015413
2022-11-01,13150,13200,12650,13100,135033,-0.0038022813688213253
2022-11-02,12850,13050,12650,13050,126201,-0.003816793893129722
2022-11-03,13400,13400,13000,13250,137752,0.015325670498084198
2022-11-04,13150,13150,12750,12900,43119,-0.026415094339622636
2022-11-07,12900,13150,12850,13100,32112,0.015503875968992276
2022-11-08,13100,13150,12950,13050,35830,-0.003816793893129722
2022-11-09,13100,13800,13050,13750,168769,0.05363984674329503
2022-11-10,14150,14200,13150,13150,167826,-0.043636363636363584
2022-11-11,13400,13750,13200,13400,66241,0.019011406844106515
2022-11-14,13550,13600,13250,13250,33603,-0.011194029850746245
2022-11-15,13200,13450,13000,13450,32064,0.015094339622641506
2022-11-16,13600,13650,13200,13450,24501,0.0
2022-11-17,13650,17450,13200,17450,3410622,0.2973977695167287
2022-11-18,17000,17250,16200,16900,1633128,-0.03151862464183386
2022-11-21,16850,18350,15900,16400,1679372,-0.029585798816568087
2022-11-22,16250,16650,16000,16350,286485,-0.0030487804878048808
2022-11-23,16050,16250,15750,16200,205073,-0.00917431192660545
2022-11-24,16100,16800,15900,16200,332622,0.0
2022-11-25,16150,16500,16150,16400,144980,0.012345679012345734
2022-11-28,16400,16400,15400,15400,173177,-0.060975609756097615
2022-11-29,15300,15800,15300,15600,76488,0.01298701298701288
2022-11-30,15700,16100,15600,16050,109986,0.028846153846153744
2022-12-01,16050,16150,15750,16050,66587,0.0
2022-12-02,16100,16100,15550,15750,54060,-0.01869158878504673
2022-12-05,15900,16650,15300,15650,163936,-0.006349206349206327
2022-12-06,15500,16150,15450,15650,77221,0.0
2022-12-07,15700,16250,15400,16050,92967,0.025559105431310014
2022-12-08,16200,16200,14600,14800,194598,-0.07788161993769471
2022-12-09,14800,15100,14550,14950,67675,0.010135135135135087
2022-12-12,14750,14900,14600,14700,33178,-0.01672240802675584
2022-12-13,14600,15100,14600,14800,36449,0.006802721088435382
2022-12-14,14900,15250,14650,15100,40008,0.020270270270270174
2022-12-15,14950,15250,14800,15200,48690,0.0066225165562914245
2022-12-16,14900,14950,13700,14200,159013,-0.06578947368421051
2022-12-19,14200,14200,13850,13900,30466,-0.021126760563380254
2022-12-20,13750,13900,12750,12750,185861,-0.08273381294964033
2022-12-21,13000,13100,12850,13000,45694,0.019607843137254832
2022-12-22,13050,13400,13000,13100,35221,0.007692307692307665
2022-12-23,12950,12950,12400,12800,43985,-0.022900763358778664
2022-12-26,12650,12850,12250,12350,44041,-0.03515625
2022-12-27,12200,12550,12200,12400,26927,0.004048582995951344
2022-12-28,12400,12650,12350,12550,16455,0.012096774193548487
2022-12-29,12550,12600,12000,12050,20342,-0.03984063745019917
2023-01-02,12050,12200,11650,11650,22273,-0.03319502074688796
2023-01-03,11550,11900,11100,11900,31544,0.02145922746781115
2023-01-04,11650,12150,11650,12050,12751,0.012605042016806678
2023-01-05,12100,12250,11900,11900,15200,-0.012448132780082943
2023-01-06,11750,12400,11750,12300,23074,0.03361344537815136
2023-01-09,12400,12600,12300,12600,27158,0.024390243902439046
2023-01-10,12650,12650,12400,12450,21270,-0.011904761904761862
2023-01-11,12450,12750,12450,12750,25729,0.024096385542168752
2023-01-12,12700,13000,12650,12850,33862,0.007843137254901933
2023-01-13,12950,12950,12650,12650,24358,-0.015564202334630295
2023-01-16,13450,13500,12650,12650,67916,0.0
2023-01-17,12650,12950,12600,12750,26989,0.007905138339920903
2023-01-18,12650,12700,12450,12500,22695,-0.019607843137254943
2023-01-19,12350,13000,12350,12500,45343,0.0
2023-01-20,12700,12700,12400,12450,15117,-0.0040000000000000036
2023-01-25,12470,12580,12470,12540,12197,0.0072289156626506035
2023-01-26,12450,15800,12450,13270,1674246,0.05821371610845305
2023-01-27,13320,13430,13130,13310,157102,0.0030143180105501877
2023-01-30,13470,13980,13310,13710,298129,0.03005259203606303
2023-01-31,13550,14400,13520,14210,324930,0.036469730123997124
2023-02-01,14220,14220,13860,14010,87248,-0.014074595355383579
2023-02-02,14130,14130,13930,14020,42410,0.0007137758743753775
2023-02-03,14080,14430,13990,14050,119921,0.0021398002853068032
2023-02-06,14110,14110,13670,13820,47328,-0.016370106761565806
2023-02-07,13760,14020,13750,13770,30717,-0.00361794500723589
2023-02-08,13890,13890,13710,13800,31703,0.002178649237472685
2023-02-09,13810,14350,13710,14320,93756,0.037681159420289934
2023-02-10,14320,14320,13710,13730,54290,-0.04120111731843579
2023-02-13,13850,13850,13240,13380,47743,-0.025491624180626338
2023-02-14,13390,13470,13310,13330,25088,-0.0037369207772794955
2023-02-15,13340,13480,12860,12860,43202,-0.03525881470367587
2023-02-16,12870,13280,12870,13190,18992,0.025660964230171057
2023-02-17,13170,13450,12950,13450,26899,0.019711902956785377
2023-02-20,13840,14180,13610,13900,144742,0.03345724907063197
2023-02-21,13890,13900,13580,13740,22997,-0.01151079136690647
2023-02-22,13560,13700,13430,13430,26195,-0.022561863173216845
2023-02-23,13440,13600,13420,13420,12052,-0.0007446016381236209
2023-02-24,13500,13500,13030,13070,25753,-0.02608047690014903
2023-02-27,13060,13640,13010,13550,36422,0.03672532517214999
2023-02-28,13570,13860,13510,13860,30987,0.022878228782287735
2023-03-02,13840,14300,13590,14040,129110,0.01298701298701288
2023-03-03,14030,14220,13650,14220,76223,0.012820512820512775
2023-03-06,14250,14410,13980,14200,91187,-0.0014064697609000865
2023-03-07,14150,14520,13900,14510,138530,0.02183098591549304
2023-03-08,14460,14720,14250,14720,100322,0.01447277739490005
2023-03-09,14840,14920,14400,14590,148493,-0.008831521739130488
2023-03-10,13970,14090,13450,13600,109750,-0.06785469499657304
2023-03-13,13450,13530,13010,13280,42010,-0.02352941176470591
2023-03-14,13070,13290,12530,12600,58855,-0.051204819277108404
2023-03-15,12660,13090,12660,12810,16379,0.016666666666666607
2023-03-16,12990,12990,12500,12630,15624,-0.014051522248243575
2023-03-17,12700,13190,12700,13190,17424,0.04433887569279493
2023-03-20,13000,13270,13000,13110,13410,-0.006065200909780133
2023-03-21,13110,13580,13080,13440,26384,0.02517162471395884
2023-03-22,13440,13440,13080,13150,22130,-0.02157738095238093
2023-03-23,13100,13290,13010,13050,17761,-0.0076045627376425395
2023-03-24,13050,13160,12940,13050,12436,0.0
2023-03-27,13150,13150,12810,12900,14427,-0.011494252873563204
2023-03-28,12900,13100,12900,13020,14096,0.009302325581395321
2023-03-29,13180,13180,12900,13070,18117,0.0038402457757296116
2023-03-30,13070,13500,13020,13500,33670,0.03289977046671777
2023-03-31,13500,13500,13100,13130,25682,-0.027407407407407436
2023-04-03,13150,13270,13110,13160,21149,0.0022848438690021844
2023-04-04,13160,13480,13160,13380,37745,0.016717325227963542
2023-04-05,13410,13480,13260,13360,20347,-0.001494768310911776
2023-04-06,13370,13470,13030,13150,30452,-0.01571856287425155
2023-04-07,13080,13250,13080,13150,14911,0.0
2023-04-10,13160,13250,13010,13100,21591,-0.0038022813688213253
2023-04-11,13000,13360,12960,13330,24133,0.017557251908396854
2023-04-12,13470,13630,13330,13630,50672,0.022505626406601698
2023-04-13,13610,13990,13550,13950,62242,0.023477622890682337
2023-04-14,14030,14300,13810,14030,63433,0.005734767025089571
2023-04-17,14250,14250,13860,13980,60447,-0.0035637918745545782
2023-04-18,14190,14210,13860,13990,43814,0.0007153075822603494
2023-04-19,14220,14450,14050,14060,97683,0.005003573981415377
2023-04-20,14220,14350,13800,13870,42020,-0.013513513513513487
2023-04-21,13740,13740,13460,13580,22882,-0.020908435472242304
2023-04-24,13900,14290,13680,14030,103130,0.03313696612665695
2023-04-25,14200,14200,13700,14050,61625,0.0014255167498218313
2023-04-26,14030,14200,13780,13920,44306,-0.0092526690391459
2023-04-27,13820,13990,13650,13980,35975,0.004310344827586299
2023-04-28,13940,14000,13500,13620,31967,-0.025751072961373356
2023-05-02,13620,13830,12900,13520,61165,-0.007342143906020504
2023-05-03,13350,13600,13310,13480,10299,-0.00295857988165682
2023-05-04,13330,13410,13100,13290,28985,-0.014094955489614258
2023-05-08,13270,13440,13270,13410,13800,0.009029345372460584
2023-05-09,13460,13460,13150,13290,14171,-0.008948545861297563
2023-05-10,13290,13450,13190,13210,12691,-0.0060195635816403525
2023-05-11,13210,13390,12710,13340,17015,0.009841029523088629
2023-05-12,13300,13310,13000,13020,19816,-0.02398800599700146
2023-05-15,13020,13020,12670,12990,21894,-0.0023041474654378336
2023-05-16,12820,13000,12820,12890,13431,-0.007698229407236301
2023-05-17,12970,13160,12840,12980,7105,0.006982156710628296
2023-05-18,12980,13070,12960,13000,7687,0.0015408320493066618
2023-05-19,13110,13110,12960,13020,6653,0.0015384615384614886
2023-05-22,13140,13300,12900,13240,15493,0.016897081413210335
2023-05-23,13160,13390,13120,13390,11822,0.011329305135951762
2023-05-24,13290,13600,13170,13480,41616,0.006721433905899854
2023-05-25,13450,13450,13150,13340,22496,-0.010385756676557834
2023-05-26,13400,13400,13100,13250,14909,-0.006746626686656709
2023-05-30,13310,13310,13130,13280,7617,0.0022641509433962703
2023-05-31,13340,13430,13100,13280,20726,0.0
2023-06-01,13230,13480,13160,13250,15593,-0.0022590361445783413
2023-06-02,13300,13310,13200,13260,6025,0.0007547169811321641
2023-06-05,13220,13800,13210,13650,31858,0.02941176470588225
2023-06-07,13610,13780,13560,13720,34080,0.00512820512820511
2023-06-08,13710,13760,13300,13630,23082,-0.006559766763848396
2023-06-09,13870,13870,13510,13620,19717,-0.0007336757153337814
2023-06-12,13510,13670,13370,13600,38863,-0.001468428781204123
2023-06-13,13480,13650,13480,13610,17889,0.0007352941176470562
2023-06-14,13620,13750,13340,13720,45046,0.008082292432035176
2023-06-15,13570,13660,13450,13490,23960,-0.01676384839650147
2023-06-16,13490,13940,13470,13940,62061,0.033358042994811044
2023-06-19,13990,14150,13840,13880,46889,-0.004304160688665681
2023-06-20,13800,14000,13770,13930,31729,0.0036023054755043304
2023-06-21,14100,14100,13800,13900,19185,-0.002153625269203152
2023-06-22,13860,13990,13810,13880,14913,-0.0014388489208633226
2023-06-23,13880,14150,13790,13950,31372,0.005043227665705974
2023-06-26,13960,14050,13870,13970,26799,0.0014336917562725038
2023-06-27,14120,14120,13900,13990,13881,0.0014316392269149159
2023-06-28,13980,14000,13910,13980,14480,-0.0007147962830593713
2023-06-29,13950,13970,13340,13340,30751,-0.045779685264663805
2023-06-30,13500,13520,13170,13430,12534,0.006746626686656709
2023-07-03,13620,13900,13550,13570,22212,0.01042442293373047
2023-07-04,13730,13920,13620,13690,10417,0.008843036109064117
2023-07-05,13720,13720,13410,13470,17926,-0.01607012417823228
2023-07-06,13400,17510,13150,16360,6756204,0.2145508537490719
2023-07-07,16320,17150,15200,15470,2425706,-0.05440097799511001
2023-07-10,15500,15750,14910,15100,599460,-0.023917259211376884
2023-07-11,14920,15160,14610,15110,359489,0.0006622516556291647
2023-07-12,15600,15610,14730,14730,395388,-0.025148908007941784
2023-07-13,14730,15070,14470,14510,186003,-0.014935505770536373
2023-07-14,14630,14650,14290,14370,119541,-0.009648518263266737
2023-07-17,14450,14460,14120,14360,98413,-0.0006958942240778976
2023-07-18,14390,14400,13810,14010,141331,-0.024373259052924756
2023-07-19,14030,14250,13850,14040,84851,0.0021413276231263545
2023-07-20,14040,14250,14010,14130,54086,0.0064102564102563875
2023-07-21,14050,14230,14050,14050,53579,-0.005661712668082131
2023-07-24,13910,14110,13390,13470,117956,-0.04128113879003559
2023-07-25,13560,13590,13150,13160,67883,-0.023014105419450592
2023-07-26,13050,13140,12060,12200,159830,-0.07294832826747721
2023-07-27,12060,12600,12060,12450,36715,0.020491803278688492
2023-07-28,12500,13410,12500,13380,74424,0.07469879518072298
2023-07-31,13330,13640,13230,13540,53626,0.01195814648729443
2023-08-01,13700,13940,13500,13760,63836,0.01624815361890697
2023-08-02,13790,14170,13500,13640,87345,-0.008720930232558155
2023-08-03,13770,13850,13300,13430,41183,-0.015395894428152479
2023-08-04,13390,13740,13390,13500,12660,0.005212211466865124
2023-08-07,13610,13610,13150,13400,21013,-0.007407407407407418
2023-08-08,13490,13490,13190,13200,23446,-0.014925373134328401
2023-08-09,13340,13340,13030,13250,10463,0.0037878787878788955
2023-08-10,13240,13290,13040,13280,23029,0.0022641509433962703
2023-08-11,13280,13490,13230,13450,15660,0.012801204819277157
2023-08-14,13580,13580,13160,13180,15795,-0.02007434944237918
2023-08-16,13180,13220,12810,12840,33812,-0.025796661608497695
2023-08-17,13000,13100,12500,12650,21932,-0.014797507788162023
2023-08-18,12650,12650,12480,12550,26067,-0.007905138339920903
2023-08-21,12430,12800,12430,12620,24133,0.005577689243027928
2023-08-22,12570,12860,12410,12600,22122,-0.0015847860538826808
2023-08-23,12550,12730,12430,12580,12294,-0.0015873015873015817
2023-08-24,12510,12690,12510,12600,11203,0.0015898251192367763
2023-08-25,12460,12700,12460,12590,12011,-0.0007936507936507908
2023-08-28,12540,12840,12540,12830,15698,0.019062748212867353
2023-08-29,12880,12970,12760,12940,14841,0.00857365549493383
2023-08-30,12980,13040,12860,12920,18349,-0.0015455950540957941
2023-08-31,12870,13090,12720,12790,19685,-0.010061919504643968
2023-09-01,12690,12780,12660,12700,19826,-0.0070367474589523304
2023-09-04,12600,12690,12530,12630,7999,-0.005511811023622082
2023-09-05,12540,12690,12540,12600,9886,-0.002375296912114022
2023-09-06,12540,12740,12350,12510,25658,-0.0071428571428571175
2023-09-07,12510,12510,12290,12350,26950,-0.012789768185451633
2023-09-08,12490,12600,12320,12400,14790,0.004048582995951344
2023-09-11,12430,12520,12360,12430,7566,0.0024193548387096975
2023-09-12,12600,13250,12330,12350,92612,-0.006436041834271933
2023-09-13,12320,12440,12190,12190,30248,-0.012955465587044523
2023-09-14,12260,12260,12150,12210,10365,0.001640689089417613
2023-09-15,12350,12350,12060,12060,65496,-0.012285012285012331
2023-09-18,12100,12200,11890,12000,15931,-0.00497512437810943
2023-09-19,12000,12010,11780,11800,46258,-0.01666666666666672
2023-09-20,11700,11900,11660,11670,62572,-0.011016949152542366
2023-09-21,11570,11640,11280,11300,63537,-0.03170522707797774
2023-09-22,11300,11300,11000,11220,25569,-0.0070796460176991705
2023-09-25,11070,11260,11070,11170,13245,-0.004456327985739805
2023-09-26,11400,11400,11000,11000,16089,-0.015219337511190645
2023-09-27,10980,11550,10950,11120,10114,0.01090909090909098
2023-10-04,11120,11120,10600,10620,40338,-0.04496402877697847
2023-10-05,10700,10800,10580,10580,22640,-0.0037664783427495685
2023-10-06,10500,10810,10500,10810,12987,0.021739130434782705
2023-10-10,10810,10990,10620,10720,10898,-0.008325624421831601
2023-10-11,10720,11370,10720,11250,31174,0.04944029850746268
2023-10-12,11140,11350,11140,11350,4627,0.008888888888888946
2023-10-13,11250,11380,11090,11110,10031,-0.02114537444933917
2023-10-16,11110,11250,11030,11050,8770,-0.005400540054005365
2023-10-17,11000,11320,11000,11170,7646,0.010859728506787292
2023-10-18,11120,11250,10920,11040,12053,-0.011638316920322245
2023-10-19,11040,11040,10610,10650,14582,-0.03532608695652173
2023-10-20,10530,10750,10330,10690,24661,0.00375586854460086
2023-10-23,10840,10850,10530,10610,11500,-0.007483629560336769
2023-10-24,10570,11080,10420,10890,22168,0.02639019792648445
2023-10-25,11090,11220,10890,11000,7822,0.010101010101010166
2023-10-26,10720,10840,10560,10610,11746,-0.035454545454545405
2023-10-27,10610,10830,10460,10570,14109,-0.0037700282752121117
2023-10-30,10470,10700,10470,10700,11834,0.012298959318826963
2023-10-31,10730,10750,10460,10460,15702,-0.02242990654205612
2023-11-01,10840,12990,10840,11050,1106708,0.05640535372848943
2023-11-02,11200,11240,10790,11050,102853,0.0
2023-11-03,11050,11170,10920,11150,74446,0.009049773755656076
2023-11-06,11300,11550,11060,11200,100323,0.004484304932735439
2023-11-07,11210,11320,11060,11210,35736,0.0008928571428572507
2023-11-08,11330,11540,11080,11250,38784,0.003568242640499486
2023-11-09,11170,11270,10950,10970,28416,-0.02488888888888885
2023-11-10,10810,11250,10790,10820,26177,-0.013673655423883324
2023-11-13,10820,10870,10720,10730,12841,-0.008317929759704246
2023-11-14,10720,11210,10720,11020,26708,0.027027027027026973
2023-11-15,11050,11340,11030,11280,36791,0.023593466424682408
2023-11-16,11280,12150,11280,11710,208250,0.03812056737588643
2023-11-17,11530,11680,11370,11380,35549,-0.02818104184457726
2023-11-20,11410,11520,11020,11440,39603,0.005272407732864748
2023-11-21,11550,11670,11430,11570,21462,0.011363636363636465
2023-11-22,11540,11580,11430,11570,13430,0.0
2023-11-23,11660,11660,11460,11470,7057,-0.008643042350907515
2023-11-24,11620,11620,11440,11440,8616,-0.0026155187445510153
2023-11-27,11460,11550,11270,11390,15607,-0.004370629370629375
2023-11-28,11260,11460,11260,11290,17576,-0.008779631255487308
2023-11-29,11290,11360,11200,11260,21629,-0.0026572187776793266
2023-11-30,11250,11380,11250,11370,9739,0.009769094138543544
2023-12-01,11370,11660,11320,11620,27859,0.021987686895338587
2023-12-04,11670,11820,11500,11780,26855,0.013769363166953541
2023-12-05,11560,11760,11380,11500,27041,-0.02376910016977929
2023-12-06,11500,11650,11400,11650,12418,0.01304347826086949
2023-12-07,11700,11730,11600,11640,9369,-0.0008583690987123971
2023-12-08,11640,11730,11510,11650,9982,0.0008591065292096189
2023-12-11,11750,11750,11540,11620,7813,-0.0025751072961373023
2023-12-12,11650,14470,11570,12660,4860121,0.0895008605851979
2023-12-13,12580,13220,12190,12250,743111,-0.03238546603475512
2023-12-14,12500,12720,12260,12360,238651,0.008979591836734802
2023-12-15,12250,12520,12190,12230,91592,-0.010517799352750767
2023-12-18,12240,12640,12150,12190,73352,-0.003270645952575646
2023-12-19,12160,12310,12150,12190,40800,0.0
2023-12-20,12190,12290,12170,12270,32636,0.00656275635767023
2023-12-21,12190,12190,11890,11920,57742,-0.028524857375713086
2023-12-22,12000,12040,11900,12040,26934,0.010067114093959662
2023-12-26,12010,12050,11900,11930,24289,-0.00913621262458475
2023-12-27,11930,12010,11900,11970,29420,0.003352891869237151
2023-12-28,12030,12330,11940,12250,39438,0.023391812865497075
2024-01-02,12270,12420,12180,12340,27372,0.007346938775510292
2024-01-03,12280,12540,12170,12410,46628,0.005672609400324102
2024-01-04,12470,12480,12080,12120,43243,-0.023368251410153085
2024-01-05,12100,12390,12100,12190,37604,0.005775577557755707
2024-01-08,12190,12240,12070,12220,23843,0.0024610336341264194
2024-01-09,12220,12330,12150,12320,22292,0.008183306055646433
2024-01-10,12210,12400,12210,12400,34891,0.006493506493506551
2024-01-11,12470,12470,12270,12380,27088,-0.001612903225806428
2024-01-12,12280,12360,11950,12000,46244,-0.030694668820678506
2024-01-15,12000,12120,11760,12060,30234,0.004999999999999893
2024-01-16,11950,12130,11800,11840,25042,-0.018242122719734688
2024-01-17,11790,11870,11340,11370,60841,-0.03969594594594594
2024-01-18,11270,11580,11270,11440,23175,0.006156552330694787
2024-01-19,11450,11750,11450,11650,20001,0.018356643356643332
2024-01-22,11730,11730,11430,11450,21486,-0.01716738197424894
2024-01-23,11400,11610,11350,11530,10319,0.006986899563318882
2024-01-24,11640,11640,11460,11490,17602,-0.003469210754553309
2024-01-25,11570,12740,11350,11620,583776,0.011314186248912117
2024-01-26,11550,11790,11520,11720,34793,0.008605851979345935
2024-01-29,11670,11780,11530,11580,40564,-0.011945392491467532
2024-01-30,11580,11680,11510,11630,27658,0.0043177892918826455
2024-01-31,11540,11650,11440,11460,24361,-0.014617368873602765
2024-02-01,11470,11600,11360,11440,20716,-0.0017452006980802626
2024-02-02,11430,11600,11430,11540,11052,0.00874125874125875
2024-02-05,11600,11810,11510,11770,22880,0.019930675909878737
2024-02-06,11780,12290,11600,11980,72782,0.017841971112999122
2024-02-07,11800,12050,11790,11940,30713,-0.0033388981636059967
2024-02-08,12000,12020,11800,11820,23639,-0.01005025125628145
2024-02-13,11820,13300,11820,12250,947392,0.03637901861252124
2024-02-14,12140,12340,12000,12240,115833,-0.0008163265306122547
2024-02-15,12240,12300,12100,12100,53016,-0.011437908496731986
2024-02-16,12100,12180,12000,12080,40945,-0.0016528925619834212
2024-02-19,12080,12220,12010,12060,26511,-0.0016556291390728006
2024-02-20,12060,12130,11910,11980,33079,-0.0066334991708125735
2024-02-21,11900,11960,11830,11870,29260,-0.00918196994991649
2024-02-22,11890,11970,11820,11880,17918,0.0008424599831506896
2024-02-23,11900,12410,11780,11870,72788,-0.0008417508417508657
2024-02-26,12220,12390,12070,12330,111299,0.03875315922493683
2024-02-27,12360,12370,11970,11970,54361,-0.029197080291970767
2024-02-28,11980,12200,11980,12120,27095,0.012531328320801949
2024-02-29,12110,12180,11930,12000,29908,-0.00990099009900991
2024-03-04,12080,12080,11800,11870,37493,-0.010833333333333361
2024-03-05,11870,11870,11700,11740,19632,-0.010951979780960408
2024-03-06,11690,11830,11650,11790,13818,0.004258943781942026
2024-03-07,11860,11860,11690,11740,23728,-0.004240882103477506
2024-03-08,12110,12740,11920,11930,133488,0.016183986371379966
2024-03-11,11870,12460,11860,12020,70185,0.007544006705783701
2024-03-12,12050,12050,11860,11970,24610,-0.004159733777038266
2024-03-13,12020,12060,11890,11990,23367,0.001670843776107045
2024-03-14,11910,12020,11900,11920,17635,-0.005838198498749003
2024-03-15,11990,12020,11900,11970,14198,0.004194630872483174
2024-03-18,11930,12050,11930,12000,10945,0.0025062656641603454
2024-03-19,12000,12010,11860,11900,21886,-0.008333333333333304
2024-03-20,11910,14160,11810,12410,2265891,0.04285714285714293
2024-03-21,12400,12440,12180,12240,159235,-0.013698630136986356
2024-03-22,12310,12490,12150,12340,100346,0.008169934640522847
2024-03-25,12410,12560,12310,12560,102391,0.017828200972447306
2024-03-26,12530,12590,12270,12310,63068,-0.019904458598726138
2024-03-27,12390,12390,12150,12240,32697,-0.005686433793663737
2024-03-28,12240,12320,12160,12220,29145,-0.0016339869281045694
2024-03-29,12250,12330,12080,12100,44158,-0.009819967266775809
2024-04-01,12040,12280,12030,12230,37311,0.01074380165289246
2024-04-02,12230,12280,12020,12070,34237,-0.013082583810302584
2024-04-03,12010,12120,11940,12080,27546,0.0008285004142503105
2024-04-04,12050,12100,11950,11980,22825,-0.008278145695364225
2024-04-05,11990,12200,11900,12100,34357,0.01001669449081799
2024-04-08,12040,12090,11810,11830,39880,-0.022314049586776852
2024-04-09,11830,11990,11710,11740,35975,-0.0076077768385460764
2024-04-11,11740,11740,11350,11560,40105,-0.015332197614991494
2024-04-12,11520,11740,11460,11500,28551,-0.00519031141868509
2024-04-15,11450,11560,11270,11500,41883,0.0
2024-04-16,11580,11580,11150,11160,33467,-0.029565217391304355
2024-04-17,11160,11370,11140,11140,14506,-0.0017921146953404632
2024-04-18,11200,11410,11140,11400,14851,0.02333931777378817
2024-04-19,11390,11390,10960,11110,41380,-0.025438596491228038
2024-04-22,11350,11650,11230,11420,35092,0.027902790279027867
2024-04-23,11500,11700,11460,11650,19812,0.020140105078809034
2024-04-24,11650,11950,11650,11780,33146,0.011158798283261717
2024-04-25,11780,11830,11700,11730,10575,-0.004244482173174857
2024-04-26,11730,12000,11670,12000,59441,0.023017902813299296
2024-04-29,12060,12060,11900,11960,29503,-0.0033333333333332993
2024-04-30,11960,13150,11830,11920,502855,-0.0033444816053511683
2024-05-02,11840,12400,11780,12090,95063,0.014261744966443057
2024-05-03,12090,12260,12070,12090,32251,0.0
2024-05-07,12170,12170,12000,12080,27846,-0.0008271298593879317
2024-05-08,12040,12200,12040,12170,27241,0.007450331125827825
2024-05-09,12140,12250,12030,12070,22414,-0.008216926869350827
2024-05-10,12190,12370,12070,12240,75949,0.014084507042253502
2024-05-13,12340,12340,12120,12180,23573,-0.004901960784313708
2024-05-14,12180,12240,12130,12180,15186,0.0
2024-05-16,12200,12340,12130,12220,32043,0.003284072249589487
2024-05-17,12190,12310,12060,12110,20355,-0.009001636661211121
2024-05-20,12110,12200,11950,11950,25912,-0.013212221304706895
2024-05-21,11950,12050,11890,11970,20017,0.0016736401673640433
2024-05-22,11970,12440,11970,12210,81602,0.020050125313283207
2024-05-23,12210,12880,12170,12730,265446,0.042588042588042496
2024-05-24,12680,12840,12200,12630,104939,-0.00785545954438338
2024-05-27,12910,13990,12500,12630,1096610,0.0
2024-05-28,12700,12950,12610,12830,133775,0.015835312747426666
2024-05-29,13010,13010,12470,12470,90245,-0.028059236165237755
2024-05-30,12460,12560,12300,12360,59166,-0.008821170809943824
2024-05-31,12320,12700,12210,12540,49327,0.014563106796116498
2024-06-03,12650,12830,12550,12800,56174,0.020733652312599604
2024-06-04,12820,12820,12410,12470,45041,-0.025781249999999978
2024-06-05,12550,12550,12190,12300,55074,-0.013632718524458687
2024-06-07,12220,12400,12210,12220,21612,-0.006504065040650375
2024-06-10,12230,12680,12160,12580,41864,0.029459901800327426
2024-06-11,12670,14420,12420,12600,2148210,0.0015898251192367763
2024-06-12,12590,12820,12540,12580,136563,-0.0015873015873015817
2024-06-13,12590,13050,12590,12820,156610,0.019077901430842648
2024-06-14,12940,13270,12800,13130,173389,0.024180967238689455
2024-06-17,13200,13500,13100,13210,164643,0.006092916984006047
2024-06-18,13110,13350,13000,13080,91914,-0.009841029523088518
2024-06-19,13270,13430,13100,13320,110537,0.0183486238532109
2024-06-20,13320,13320,13110,13150,51214,-0.01276276276276278
2024-06-21,13110,13390,13060,13150,49006,0.0
2024-06-24,13110,13110,12650,12650,64174,-0.03802281368821292
2024-06-25,12600,12920,12600,12870,31905,0.017391304347825987
2024-06-26,12910,12940,12620,12630,27291,-0.018648018648018683
2024-06-27,12650,12770,12450,12530,39486,-0.007917656373713333
2024-06-28,12550,12670,12440,12560,19234,0.002394253790901857
2024-07-01,12560,12690,12390,12440,24657,-0.009554140127388533
2024-07-02,12560,12690,12250,12460,30991,0.001607717041800738
2024-07-03,12460,12460,12230,12340,30485,-0.009630818619582704
2024-07-04,12340,12460,12260,12310,12612,-0.002431118314424663
2024-07-05,12280,12420,12260,12280,11229,-0.002437043054427268
2024-07-08,12280,12590,12280,12510,29519,0.018729641693810972
2024-07-09,12570,12570,12330,12340,16499,-0.013589128697042319
2024-07-10,12360,12390,12100,12100,40794,-0.01944894651539708
2024-07-11,12100,12200,12090,12130,15946,0.0024793388429751317
2024-07-12,12090,12180,11950,12000,28714,-0.010717230008243983
2024-07-15,12000,12110,11950,12020,19682,0.0016666666666667052
2024-07-16,11960,12100,11890,12080,23926,0.004991680532445919
2024-07-17,12020,12550,12020,12320,53351,0.019867549668874274
2024-07-18,12200,12250,12020,12020,25708,-0.024350649350649345
2024-07-19,12000,12100,11860,11950,24276,-0.005823627287853572
2024-07-22,11950,12000,11460,11730,30820,-0.018410041841004143
2024-07-23,11850,11850,11630,11790,16716,0.005115089514066584
2024-07-24,11650,11840,11650,11740,12082,-0.004240882103477506
2024-07-25,11620,11730,11450,11680,32691,-0.005110732538330498
2024-07-26,11570,11720,11570,11670,13080,-0.0008561643835616195
2024-07-29,11680,11990,11630,11970,19153,0.02570694087403602
2024-07-30,11870,12010,11870,11960,15804,-0.0008354218880535225
2024-07-31,11850,12040,11850,11940,11607,-0.0016722408026755842
2024-08-01,12000,12050,11940,12020,6959,0.00670016750418756
2024-08-02,11810,12010,11620,11670,25508,-0.02911813643926786
2024-08-05,11610,11610,9930,10440,101119,-0.1053984575835476
2024-08-06,10150,11030,10150,10770,42001,0.031609195402298784
2024-08-07,10650,11100,10650,10900,17758,0.0120705663881151
2024-08-08,10740,11010,10680,10870,18120,-0.0027522935779816793
2024-08-09,10910,11150,10910,10980,15664,0.010119595216191435
2024-08-12,11000,11370,10920,11310,18617,0.030054644808743092
2024-08-13,11230,11320,11020,11150,15514,-0.014146772767462457
2024-08-14,11240,11350,11150,11290,9205,0.01255605381165914
2024-08-16,11400,11400,11250,11350,10166,0.005314437555358653
2024-08-19,11350,11460,11210,11320,19480,-0.002643171806167355
2024-08-20,11320,11390,11300,11350,12634,0.0026501766784452485
2024-08-21,11390,11410,11270,11340,7468,-0.0008810572687224516
2024-08-22,11360,11500,11110,11200,19974,-0.012345679012345734
2024-08-23,11030,11210,11030,11140,7314,-0.005357142857142838
2024-08-26,11060,11140,10930,10950,14374,-0.017055655296229766
2024-08-27,10860,11000,10820,11000,6083,0.004566210045662045
2024-08-28,10900,11050,10900,10950,6475,-0.004545454545454519
2024-08-29,10950,10970,10730,10730,15583,-0.020091324200913196
2024-08-30,10730,10840,10730,10840,9068,0.010251630941286116
2024-09-02,10860,10900,10600,10690,11621,-0.013837638376383743
2024-09-03,10680,11320,10630,10800,11832,0.010289990645462987
2024-09-04,10460,10790,10270,10360,26103,-0.040740740740740744
2024-09-05,10340,10550,10050,10270,29451,-0.008687258687258725
2024-09-06,10100,10350,10000,10080,15956,-0.01850048685491723
2024-09-09,9860,10190,9860,10190,8715,0.010912698412698374
2024-09-10,10100,10180,10000,10000,8564,-0.018645731108930308
2024-09-11,9930,10090,9860,9880,26255,-0.01200000000000001
2024-09-12,9880,10150,9880,10010,19299,0.013157894736842035
2024-09-13,10010,10210,10010,10190,5432,0.01798201798201804
2024-09-19,10130,10190,10070,10150,5741,-0.003925417075564264
2024-09-20,10160,10430,10160,10340,24595,0.01871921182266001
2024-09-23,10450,10450,10220,10310,14417,-0.0029013539651837617
2024-09-24,10250,10420,10250,10410,4467,0.009699321047526688
2024-09-25,10460,10460,10330,10370,8644,-0.003842459173871271
2024-09-26,10450,10570,10370,10520,10392,0.014464802314368308
2024-09-27,10520,10570,10480,10540,4529,0.0019011406844107182
2024-09-30,10570,10570,10350,10370,9233,-0.016129032258064502
2024-10-02,10350,10400,10070,10150,18455,-0.02121504339440694
2024-10-04,10340,10340,10100,10230,3355,0.007881773399014858
2024-10-07,10370,10370,10140,10340,5949,0.010752688172043001
2024-10-08,10230,10540,10190,10310,13000,-0.0029013539651837617
2024-10-10,10220,10400,10190,10190,4959,-0.011639185257032003
2024-10-11,10110,10360,10110,10290,13663,0.00981354268891077
2024-10-14,10310,10310,10160,10290,6008,0.0
2024-10-15,10340,10440,10240,10340,6559,0.004859086491739495
2024-10-16,10240,10400,10220,10300,6905,-0.003868471953578312
2024-10-17,10300,10450,10240,10280,14890,-0.001941747572815511
2024-10-18,10280,10280,10120,10250,5488,-0.0029182879377431803
2024-10-21,10360,10360,10170,10270,11073,0.0019512195121951237
2024-10-22,10270,10290,10050,10140,11596,-0.012658227848101222
2024-10-23,10150,10170,10060,10130,5443,-0.0009861932938856066
2024-10-24,10010,10150,9970,10150,8516,0.001974333662388972
2024-10-25,10150,10150,10000,10060,18932,-0.00886699507389166
2024-10-28,10060,10140,9980,10080,14191,0.001988071570576455
2024-10-29,10070,10120,10010,10110,6031,0.0029761904761904656
2024-10-30,10130,10200,10040,10100,5463,-0.0009891196834816984
2024-10-31,10010,10230,9990,10100,11603,0.0
2024-11-01,10020,10170,10020,10070,5540,-0.002970297029702973
2024-11-04,10190,10190,10060,10140,3488,0.006951340615690249
2024-11-05,10140,10270,10120,10240,4588,0.009861932938856066
2024-11-06,10170,10290,10100,10140,7687,-0.009765625
2024-11-07,10040,10250,10040,10140,8891,0.0
2024-11-08,10210,10210,9920,10150,3866,0.0009861932938854956
2024-11-11,10050,10140,9990,10100,14397,-0.0049261083743842304
2024-11-12,10140,10140,9910,10020,31431,-0.007920792079207928
2024-11-13,9930,10070,9860,9860,35371,-0.015968063872255467
2024-11-14,9850,10000,9670,9900,10176,0.0040567951318457585
2024-11-15,9810,9980,9660,9890,14277,-0.0010101010101010166
2024-11-18,9950,9950,9800,9910,10836,0.002022244691607611
2024-11-19,9900,9970,9860,9880,7552,-0.003027245206861706
2024-11-20,9830,9930,9820,9900,8492,0.002024291497975783
2024-11-21,9830,9940,9770,9850,14738,-0.005050505050505083
2024-11-22,9900,9900,9760,9800,13894,-0.005076142131979711
2024-11-25,9800,9850,9770,9840,12833,0.004081632653061273
2024-11-26,9760,9820,9700,9770,17355,-0.007113821138211351
2024-11-27,9720,9800,9690,9750,13556,-0.0020470829068577334
2024-11-28,9760,9870,9720,9870,13336,0.012307692307692353
2024-11-29,9790,9880,9670,9870,12976,0.0
2024-12-02,9810,9840,9680,9740,16162,-0.01317122593718334
2024-12-03,9650,9790,9640,9740,10604,0.0
2024-12-04,9680,9740,9570,9690,15128,-0.005133470225872738
2024-12-05,9690,9750,9510,9510,12481,-0.018575851393188847
2024-12-06,9500,9600,8610,9210,40103,-0.03154574132492116
2024-12-09,8920,9150,8580,8850,45835,-0.039087947882736174
2024-12-10,8720,9200,8720,9160,11756,0.03502824858757059
2024-12-11,9160,9360,9160,9350,13151,0.020742358078602585
2024-12-12,9350,9480,9200,9470,29266,0.012834224598930577
2024-12-13,9310,9630,9310,9550,15769,0.008447729672650395
2024-12-16,9540,9660,9520,9600,17460,0.005235602094240788
2024-12-17,9600,9600,9420,9420,6986,-0.018750000000000044
2024-12-18,9420,9550,9400,9500,8836,0.00849256900212314
2024-12-19,9500,9510,9390,9450,2514,-0.0052631578947368585
2024-12-20,9450,9480,9300,9480,12603,0.0031746031746031633
2024-12-23,9400,9610,9390,9530,19524,0.0052742616033756295
2024-12-24,9450,9520,9390,9440,6493,-0.009443861490031513
2024-12-26,9450,9450,9230,9340,24422,-0.010593220338983023
2024-12-27,9340,9340,9110,9330,6585,-0.0010706638115631772
2024-12-30,9320,9320,9200,9260,3196,-0.007502679528403
2025-01-02,9160,9300,9160,9300,6720,0.004319654427645814
2025-01-03,9230,9350,9200,9340,6295,0.004301075268817289
2025-01-06,9350,9380,9200,9380,10969,0.004282655246252709
2025-01-07,9380,9440,9310,9360,10094,-0.002132196162046962
2025-01-08,9300,9400,9280,9380,3876,0.002136752136752129
2025-01-09,9350,9450,9330,9360,2520,-0.002132196162046962
2025-01-10,9480,9480,9270,9300,5410,-0.0064102564102563875
2025-01-13,9330,9330,9150,9150,5241,-0.016129032258064502
2025-01-14,9200,9250,9120,9190,3892,0.004371584699453646
2025-01-15,9200,9290,9130,9190,6413,0.0
2025-01-16,9300,9300,9180,9230,8574,0.0043525571273121955
2025-01-17,9160,9450,9160,9390,17943,0.01733477789815807
2025-01-20,9370,9400,9230,9300,4616,-0.009584664536741228
2025-01-21,9220,9360,9200,9290,9731,-0.0010752688172043223
2025-01-22,9290,9340,9200,9220,6526,-0.00753498385360607
2025-01-23,9180,9400,9050,9180,13160,-0.004338394793926281
2025-01-24,9210,9210,9090,9130,4720,-0.005446623093681935
2025-01-31,9350,9350,9040,9080,5725,-0.005476451259583737
2025-02-03,9050,9190,8900,8910,6847,-0.018722466960352402
2025-02-04,8910,9050,8910,9000,6472,0.010101010101010166
2025-02-05,9000,9190,9000,9060,6352,0.006666666666666599
2025-02-06,9100,9100,9020,9090,3200,0.0033112582781456013
2025-02-07,9090,9120,8980,9020,5513,-0.007700770077007646
2025-02-10,8980,9090,8930,9080,3887,0.006651884700665134
2025-02-11,9230,9230,8980,9080,6682,0.0
2025-02-12,9000,9160,8910,9060,5723,-0.0022026431718061845
2025-02-13,9050,9050,9000,9040,2566,-0.002207505518763808
2025-02-14,9130,9230,9040,9130,11273,0.009955752212389424
2025-02-17,9250,9250,9000,9060,15220,-0.00766703176341732
2025-02-18,9100,9110,9000,9110,6241,0.0055187637969094094
2025-02-19,9200,9420,9110,9300,15295,0.020856201975850697
2025-02-20,9220,9300,9210,9270,4109,-0.003225806451612856
2025-02-21,9290,9380,9210,9220,5183,-0.005393743257820938
2025-02-24,9280,9370,9170,9260,5524,0.00433839479392617
2025-02-25,9280,9290,9090,9120,14116,-0.015118790496760237
2025-02-26,9170,9220,9090,9120,6650,0.0
2025-02-27,9110,9200,9100,9120,4589,0.0
2025-02-28,9030,9100,8980,9050,8015,-0.007675438596491224
2025-03-04,8970,9070,8960,9040,3968,-0.0011049723756906271
2025-03-05,8950,9130,8950,9100,6424,0.006637168141592875
2025-03-06,9100,9130,9080,9090,2218,-0.001098901098901095
2025-03-07,9050,9160,9010,9090,3452,0.0
2025-03-10,9120,9120,9020,9040,2157,-0.005500550055005493
2025-03-11,9010,9030,8930,9030,7125,-0.0011061946902655162
2025-03-12,9030,9060,8990,9040,2818,0.001107419712070845
2025-03-13,9070,9100,9000,9040,2110,0.0
2025-03-14,9230,9280,9070,9070,7062,0.0033185840707965486
2025-03-17,9070,9080,9010,9030,3602,-0.004410143329658167
2025-03-18,9060,9060,8970,9000,12524,-0.0033222591362126463
2025-03-19,9020,9060,8940,8940,18761,-0.00666666666666671
2025-03-20,9000,9010,8920,8920,6772,-0.0022371364653244186
2025-03-21,8910,9010,8790,8790,21166,-0.014573991031390121
2025-03-24,8810,8940,8800,8900,4140,0.012514220705347023
2025-03-25,8870,8920,8840,8880,3861,-0.0022471910112359383
2025-03-26,8910,8910,8830,8910,3802,0.0033783783783782884
2025-03-27,8930,8930,8810,8850,9488,-0.006734006734006703
2025-03-28,8920,8920,8700,8770,8297,-0.009039548022598876
2025-03-31,8770,8790,8550,8640,9894,-0.014823261117445807
2025-04-01,8640,8710,8590,8710,6190,0.00810185185185186
2025-04-02,8710,8710,8560,8610,3723,-0.01148105625717566
2025-04-03,8610,8610,8480,8480,8371,-0.015098722415795574
2025-04-04,8440,8630,8380,8630,12580,0.017688679245283057
2025-04-07,8600,8600,8270,8340,8392,-0.03360370799536505
2025-04-08,8420,8500,8280,8410,5567,0.008393285371702586
2025-04-09,8350,8440,8150,8250,11256,-0.019024970273483932
2025-04-10,8380,8530,8380,8500,4368,0.030303030303030276
2025-04-11,8480,8650,8380,8650,4635,0.01764705882352935
2025-04-14,8650,8750,8640,8730,7164,0.009248554913294793
2025-04-15,8790,8860,8730,8850,4592,0.013745704467353903
2025-04-16,8850,8870,8770,8840,6391,-0.001129943502824804
2025-04-17,8830,8930,8790,8910,7015,0.007918552036199067
2025-04-18,8910,8910,8800,8840,10422,-0.007856341189674487
2025-04-21,8840,8890,8800,8890,5380,0.005656108597285048
2025-04-22,8830,8920,8820,8920,5937,0.003374578177727683
2025-04-23,8920,9280,8920,9010,51606,0.010089686098654793
2025-04-24,9140,9180,8890,9000,20337,-0.0011098779134295356
2025-04-25,9000,9110,8980,9060,10169,0.006666666666666599
2025-04-28,9130,9140,8950,8990,5132,-0.007726269315673329
2025-04-29,9110,9110,8950,9000,4286,0.0011123470522802492
2025-04-30,9100,9100,8830,8910,7194,-0.010000000000000009
2025-05-02,8900,9030,8850,8980,7522,0.007856341189674598
2025-05-07,8980,8980,8800,8950,6917,-0.0033407572383074013
2025-05-08,8910,9030,8880,9000,4177,0.005586592178770999
2025-05-09,9020,9040,8970,8980,3168,-0.0022222222222222365
2025-05-12,8980,9040,8980,9000,5307,0.00222717149220486
2025-05-13,9090,9110,8950,9110,16744,0.012222222222222134
2025-05-14,9150,9150,9060,9090,7269,-0.002195389681668547
2025-05-15,9140,9140,9010,9050,6151,-0.004400440044004417
2025-05-16,9060,9110,9030,9040,3553,-0.0011049723756906271
2025-05-19,9090,9090,8830,8910,11445,-0.014380530973451378
2025-05-20,8910,8910,8820,8870,4275,-0.004489337822671136
2025-05-21,8870,8900,8840,8890,5009,0.0022547914317925244
2025-05-22,8940,8940,8870,8900,4195,0.0011248593925758943
2025-05-23,8900,8900,8810,8860,4690,-0.004494382022471877
2025-05-26,8860,8860,8790,8830,5558,-0.003386004514672636
2025-05-27,8850,8870,8800,8860,5258,0.003397508493771184
2025-05-28,8880,8930,8850,8890,3909,0.003386004514672747
2025-05-29,8920,9050,8910,9040,8107,0.01687289088863886
2025-05-30,9070,9070,9000,9050,6184,0.0011061946902655162
2025-06-02,9080,9100,9030,9060,4171,0.0011049723756906271
2025-06-04,9090,9130,9060,9130,11710,0.007726269315673218
2025-06-05,9110,9170,9100,9150,10764,0.0021905805038335835
2025-06-09,9160,9310,9160,9280,18913,0.014207650273224015
2025-06-10,9300,9490,9270,9280,28066,0.0
2025-06-11,9290,9390,9280,9350,9973,0.007543103448275801
