Date,Open,High,Low,Close,Volume,Change
2022-01-03,6433,6433,6325,6424,117059,0.004691898654989091
2022-01-04,6423,6433,6334,6433,93229,0.0014009962640100238
2022-01-05,6433,6502,6374,6473,88179,0.0062179387533032315
2022-01-06,6472,6541,6443,6522,93294,0.007569905762397688
2022-01-07,6522,6522,6413,6473,77203,-0.00751303281202087
2022-01-10,6492,6502,6443,6463,61191,-0.001544878727019916
2022-01-11,6482,6492,6423,6473,46752,0.001547269070091284
2022-01-12,6433,6492,6433,6493,43769,0.003089757454039832
2022-01-13,6492,6512,6462,6502,48211,0.001386108116433027
2022-01-14,6502,6502,6453,6493,55418,-0.0013841894801599475
2022-01-17,6522,6522,6403,6502,113391,0.001386108116433027
2022-01-18,6502,6502,6433,6473,42132,-0.004460166102737584
2022-01-19,6443,6443,6315,6404,115303,-0.01065966321643752
2022-01-20,6413,6413,6305,6364,48963,-0.006246096189881367
2022-01-21,6403,6433,6305,6364,83694,0.0
2022-01-24,6423,6423,6246,6276,96031,-0.013827781269641681
2022-01-25,6344,6344,6177,6236,99701,-0.006373486297004516
2022-01-26,6236,6285,6177,6217,67570,-0.003046824887748545
2022-01-27,6256,6256,6137,6158,121001,-0.009490107769020373
2022-01-28,6187,6187,6059,6138,174605,-0.0032478077297823926
2022-02-03,6147,6177,6078,6138,185641,0.0
2022-02-04,6177,6551,6098,6335,279361,0.03209514499837085
2022-02-07,6295,6354,6216,6355,154684,0.0031570639305444903
2022-02-08,6393,6433,6334,6345,118014,-0.0015735641227380137
2022-02-09,6364,6433,6315,6433,135317,0.013869188337273464
2022-02-10,6453,6472,6393,6473,99334,0.0062179387533032315
2022-02-11,6482,6482,6108,6483,169131,0.001544878727020027
2022-02-14,6472,6472,6393,6473,68892,-0.0015424957581366971
2022-02-15,6492,6492,6403,6414,113389,-0.009114784489417604
2022-02-16,6413,6453,6393,6433,61000,0.002962270034299941
2022-02-17,6423,6462,6403,6404,113746,-0.004508005596144837
2022-02-18,6403,6443,6334,6443,97368,0.0060899437851342775
2022-02-21,6433,6453,6364,6443,87093,0.0
2022-02-22,6443,6462,6413,6443,62652,0.0
2022-02-23,6443,6443,6393,6443,121420,0.0
2022-02-24,6462,6462,6403,6443,120840,0.0
2022-02-25,6305,6453,6305,6443,80749,0.0
2022-02-28,6472,6512,6423,6493,68027,0.0077603600807076845
2022-03-02,6482,6502,6384,6424,248990,-0.01062682889265365
2022-03-03,6472,6512,6423,6512,79348,0.013698630136986356
2022-03-04,6522,6699,6492,6680,215030,0.025798525798525818
2022-03-07,6689,6699,6581,6640,77418,-0.005988023952095856
2022-03-08,6640,6640,6541,6552,78535,-0.013253012048192736
2022-03-10,6650,6660,6551,6581,106501,0.00442612942612941
2022-03-11,6482,6679,6482,6660,194508,0.01200425467254207
2022-03-14,6680,6680,6580,6640,99517,-0.0030030030030030463
2022-03-15,6650,6650,6380,6440,208877,-0.030120481927710885
2022-03-16,6450,6460,6400,6410,94456,-0.004658385093167738
2022-03-17,6410,6440,6380,6440,103375,0.004680187207488196
2022-03-18,6420,6530,6410,6530,123980,0.013975155279503104
2022-03-21,6550,6550,6450,6520,80909,-0.0015313935681470214
2022-03-22,6510,6530,6450,6500,130116,-0.0030674846625766694
2022-03-23,6500,6530,6460,6510,68962,0.0015384615384614886
2022-03-24,6530,6530,6420,6460,133510,-0.007680491551459334
2022-03-25,6460,6480,6440,6460,43564,0.0
2022-03-28,6470,6470,6400,6440,114996,-0.003095975232198178
2022-03-29,6450,6460,6410,6460,82280,0.0031055900621117516
2022-03-30,6450,6480,6410,6480,107097,0.003095975232198178
2022-03-31,6480,6540,6460,6530,101463,0.007716049382715973
2022-04-01,6530,6530,6400,6440,185379,-0.013782542113323082
2022-04-04,6460,6490,6440,6490,90230,0.007763975155279601
2022-04-05,6490,6550,6460,6550,207275,0.009244992295839749
2022-04-06,6540,6610,6510,6610,305302,0.009160305343511421
2022-04-07,6610,7270,6570,6740,462908,0.01966717095310133
2022-04-08,6770,6840,6630,6800,197303,0.008902077151335286
2022-04-11,6810,6820,6400,6800,140395,0.0
2022-04-12,6790,6960,6770,6900,163961,0.014705882352941124
2022-04-13,6890,6950,6870,6930,159119,0.004347826086956497
2022-04-14,6950,6970,6810,6900,175894,-0.0043290043290042934
2022-04-15,6900,7050,6880,7000,273030,0.01449275362318847
2022-04-18,7010,7020,6880,6950,186264,-0.0071428571428571175
2022-04-19,6910,7000,6810,6950,183874,0.0
2022-04-20,6950,7090,6920,7090,142675,0.020143884892086295
2022-04-21,7090,7250,7080,7150,190704,0.008462623413258097
2022-04-22,7230,7280,7150,7270,192777,0.016783216783216703
2022-04-25,7340,7370,7240,7300,277819,0.004126547455295837
2022-04-26,7290,7330,7250,7300,189244,0.0
2022-04-27,7300,7340,7180,7260,186954,-0.005479452054794498
2022-04-28,7260,7270,7000,7080,144717,-0.024793388429752095
2022-04-29,7120,7290,7110,7200,147339,0.016949152542372836
2022-05-02,7200,7240,7100,7180,102441,-0.002777777777777768
2022-05-03,7180,7180,6880,7010,187932,-0.0236768802228412
2022-05-04,6880,6910,6780,6860,380477,-0.021398002853067033
2022-05-06,6860,6880,6700,6880,195546,0.00291545189504383
2022-05-09,6820,6860,6750,6760,5039648,-0.01744186046511631
2022-05-10,6690,6690,6480,6540,859366,-0.03254437869822491
2022-05-11,6560,6610,6530,6600,247580,0.00917431192660545
2022-05-12,6580,6610,6520,6570,161600,-0.004545454545454519
2022-05-13,6570,6630,6530,6630,199482,0.009132420091324311
2022-05-16,6640,6650,6540,6590,205183,-0.006033182503770718
2022-05-17,6590,6630,6560,6600,184516,0.0015174506828528056
2022-05-18,6580,6590,6540,6570,113859,-0.004545454545454519
2022-05-19,6540,6540,6460,6510,209879,-0.0091324200913242
2022-05-20,6470,6540,6470,6510,166007,0.0
2022-05-23,6530,6560,6510,6550,169624,0.006144393241167334
2022-05-24,6550,6650,6530,6640,236500,0.013740458015267132
2022-05-25,6610,6750,6570,6730,1270532,0.013554216867469826
2022-05-26,6740,6830,6720,6820,370180,0.013372956909361022
2022-05-27,6830,6870,6670,6730,436112,-0.01319648093841641
2022-05-30,6650,6650,6540,6580,237030,-0.022288261515601815
2022-05-31,6580,6600,6540,6590,118709,0.001519756838905817
2022-06-02,6600,6610,6550,6610,90481,0.003034901365705611
2022-06-03,6620,6620,6550,6600,102509,-0.001512859304084735
2022-06-07,6600,6600,6550,6590,90546,-0.0015151515151514694
2022-06-08,6600,6600,6520,6580,93934,-0.0015174506828528056
2022-06-09,6590,6590,6560,6580,49234,0.0
2022-06-10,6580,6580,6470,6470,135180,-0.016717325227963542
2022-06-13,6490,6490,6380,6390,108250,-0.012364760432766575
2022-06-14,6350,6350,6180,6280,189683,-0.017214397496087663
2022-06-15,6370,6370,6130,6180,137883,-0.015923566878980888
2022-06-16,6190,6270,6170,6200,121596,0.003236245954692629
2022-06-17,6110,6170,6000,6000,113210,-0.032258064516129004
2022-06-20,6110,6110,5800,5990,272231,-0.0016666666666667052
2022-06-21,6000,6050,5830,5980,143721,-0.0016694490818029983
2022-06-22,5950,6030,5700,5710,158130,-0.04515050167224077
2022-06-23,5710,5750,5570,5680,357107,-0.005253940455341555
2022-06-24,5680,5890,5680,5890,278788,0.0369718309859155
2022-06-27,5930,5980,5810,5960,117087,0.011884550084889645
2022-06-28,5960,5990,5850,5940,104398,-0.003355704697986628
2022-06-29,5940,5960,5760,5870,121006,-0.011784511784511786
2022-06-30,5860,5860,5630,5810,188180,-0.010221465076660996
2022-07-01,5810,5870,5720,5800,113285,-0.0017211703958691649
2022-07-04,5800,5820,5560,5720,124874,-0.01379310344827589
2022-07-05,5720,5840,5610,5840,93218,0.020979020979021046
2022-07-06,5710,5830,5710,5790,65755,-0.008561643835616417
2022-07-07,5750,5830,5700,5800,55248,0.0017271157167531026
2022-07-08,5810,5840,5760,5800,153574,0.0
2022-07-11,5810,5830,5660,5770,87654,-0.005172413793103403
2022-07-12,5770,5770,5600,5600,61100,-0.029462738301559765
2022-07-13,5690,5700,5590,5600,168651,0.0
2022-07-14,5600,5610,5420,5500,96700,-0.017857142857142905
2022-07-15,5610,5610,5400,5470,207303,-0.00545454545454549
2022-07-18,5510,5510,5420,5500,113748,0.005484460694698434
2022-07-19,5530,5530,5430,5470,66136,-0.00545454545454549
2022-07-20,5470,5570,5410,5450,143730,-0.003656307129798919
2022-07-21,5450,5520,5380,5420,74156,-0.0055045871559632475
2022-07-22,5430,5460,5340,5380,179507,-0.0073800738007380184
2022-07-25,5340,5380,5300,5360,317564,-0.0037174721189591198
2022-07-26,5360,5430,5360,5420,64313,0.011194029850746245
2022-07-27,5420,5450,5400,5440,51334,0.0036900369003689537
2022-07-28,5520,5530,5460,5500,71091,0.011029411764705843
2022-07-29,5560,5720,5520,5650,159678,0.027272727272727337
2022-08-01,5750,5750,5570,5680,121313,0.005309734513274433
2022-08-02,5760,5760,5570,5680,79772,0.0
2022-08-03,5600,5680,5550,5610,89720,-0.01232394366197187
2022-08-04,5610,5630,5530,5600,189910,-0.0017825311942959443
2022-08-05,5620,5630,5570,5610,79505,0.0017857142857142794
2022-08-08,5610,5610,5550,5590,35505,-0.0035650623885917776
2022-08-09,5600,5600,5550,5580,26363,-0.0017889087656529634
2022-08-10,5590,5590,5490,5550,69642,-0.005376344086021501
2022-08-11,5570,5620,5540,5560,96486,0.0018018018018017834
2022-08-12,5530,5620,5530,5620,82027,0.010791366906474753
2022-08-16,5630,5670,5550,5630,130926,0.001779359430605032
2022-08-17,5670,5670,5610,5630,71811,0.0
2022-08-18,5600,5640,5560,5580,109210,-0.008880994671403242
2022-08-19,5580,5630,5580,5610,64846,0.005376344086021501
2022-08-22,5600,5600,5480,5520,86012,-0.016042780748663055
2022-08-23,5500,5520,5430,5520,103767,0.0
2022-08-24,5530,5530,5390,5430,103411,-0.016304347826086918
2022-08-25,5460,5490,5420,5490,78933,0.011049723756906049
2022-08-26,5490,5490,5460,5490,68908,0.0
2022-08-29,5420,5430,5330,5360,255113,-0.023679417122040025
2022-08-30,5350,5380,5270,5340,222411,-0.003731343283582045
2022-08-31,5340,5410,5270,5340,63013,0.0
2022-09-01,5340,5340,5260,5290,84974,-0.009363295880149836
2022-09-02,5320,5320,5240,5270,82765,-0.003780718336483968
2022-09-05,5250,5270,5200,5230,68831,-0.007590132827324458
2022-09-06,5250,5330,5210,5280,73674,0.009560229445506607
2022-09-07,5270,5270,5130,5180,110929,-0.018939393939393923
2022-09-08,5200,5200,5140,5160,109631,-0.0038610038610038533
2022-09-13,5160,5230,5160,5220,138877,0.011627906976744207
2022-09-14,5160,5240,5120,5230,64015,0.0019157088122605526
2022-09-15,5190,5210,5120,5160,71604,-0.013384321223709361
2022-09-16,5150,5170,5080,5080,98508,-0.015503875968992276
2022-09-19,5080,5120,5010,5020,130956,-0.011811023622047223
2022-09-20,5030,5120,5000,5110,64639,0.017928286852589626
2022-09-21,5110,5190,5100,5180,64623,0.013698630136986356
2022-09-22,5200,5200,5090,5160,50924,-0.0038610038610038533
2022-09-23,5170,5170,5060,5060,58632,-0.019379844961240345
2022-09-26,5070,5070,4950,4985,105869,-0.014822134387351804
2022-09-27,4870,5000,4870,4915,71615,-0.014042126379137376
2022-09-28,4915,4935,4805,4830,107710,-0.017293997965411978
2022-09-29,4895,4950,4815,4820,122231,-0.0020703933747412417
2022-09-30,4820,4825,4755,4775,122336,-0.009336099585062207
2022-10-04,4890,4890,4725,4800,131462,0.005235602094240788
2022-10-05,4805,4845,4760,4775,56227,-0.00520833333333337
2022-10-06,4820,4820,4510,4740,102640,-0.007329842931937169
2022-10-07,4740,4755,4505,4750,131130,0.0021097046413502962
2022-10-11,4690,4785,4630,4630,45591,-0.025263157894736876
2022-10-12,4730,4730,4540,4555,72594,-0.016198704103671746
2022-10-13,4600,4620,4450,4525,164391,-0.00658616904500553
2022-10-14,4550,4555,4375,4480,163009,-0.009944751381215422
2022-10-17,4450,4450,4255,4410,229703,-0.015625
2022-10-18,4415,4550,4315,4450,203746,0.009070294784580435
2022-10-19,4525,4540,4330,4400,175061,-0.011235955056179803
2022-10-20,4360,4420,4245,4285,146478,-0.026136363636363624
2022-10-21,4225,4320,4100,4315,259941,0.007001166861143604
2022-10-24,4335,4420,4275,4370,134477,0.012746234067207318
2022-10-25,4370,4395,4290,4390,72537,0.004576659038901587
2022-10-26,4410,4420,4360,4420,58480,0.006833712984054774
2022-10-27,4430,4550,4390,4525,164566,0.0237556561085972
2022-10-28,4510,4600,4450,4450,108794,-0.016574585635359074
2022-10-31,4545,4545,4380,4430,94253,-0.004494382022471877
2022-11-01,4430,4730,4430,4540,139986,0.02483069977426644
2022-11-02,4540,4640,4500,4595,114288,0.012114537444933848
2022-11-03,4510,4650,4505,4600,43460,0.0010881392818280489
2022-11-04,4720,4720,4500,4520,39703,-0.017391304347826098
2022-11-07,4480,4570,4455,4565,84623,0.009955752212389424
2022-11-08,4565,4630,4520,4600,56376,0.00766703176341732
2022-11-09,4740,4740,4610,4685,57870,0.018478260869565277
2022-11-10,4670,4700,4605,4695,47576,0.002134471718249653
2022-11-11,4750,4895,4745,4865,122075,0.03620873269435565
2022-11-14,4900,4910,4815,4865,79652,0.0
2022-11-15,4900,4900,4820,4890,58306,0.005138746145940454
2022-11-16,4890,5030,4880,4965,121315,0.015337423312883347
2022-11-17,4965,5000,4860,4950,55283,-0.0030211480362537513
2022-11-18,4940,4975,4895,4900,45051,-0.010101010101010055
2022-11-21,4990,4990,4880,4895,53916,-0.0010204081632653184
2022-11-22,4930,4930,4825,4885,39257,-0.002042900919305368
2022-11-23,4930,4960,4875,4945,33591,0.0122824974411464
2022-11-24,4945,5010,4935,4995,56976,0.010111223458038499
2022-11-25,5030,5060,4975,5050,73118,0.011011011011011096
2022-11-28,5070,5110,4995,5010,65638,-0.007920792079207928
2022-11-29,4890,4975,4815,4950,51029,-0.0119760479041916
2022-11-30,4990,4990,4845,4955,110433,0.0010101010101009056
2022-12-01,4955,5030,4750,5020,84828,0.013118062563067578
2022-12-02,5020,5020,4910,5010,71937,-0.0019920318725099584
2022-12-05,5010,5040,4950,5040,64404,0.0059880239520957446
2022-12-06,5050,5050,4980,4980,43040,-0.011904761904761862
2022-12-07,5010,5010,4905,4990,52399,0.002008032128514081
2022-12-08,5010,5010,4960,4985,37981,-0.0010020040080159776
2022-12-09,5010,5010,4905,4965,55824,-0.004012036108325012
2022-12-12,4995,5000,4905,4920,53875,-0.009063444108761365
2022-12-13,5000,5000,4870,4930,71137,0.00203252032520318
2022-12-14,4930,5050,4900,4990,96395,0.012170385395537497
2022-12-15,4915,5030,4915,5020,81694,0.006012024048096087
2022-12-16,5010,5090,4905,5070,194664,0.009960159362549792
2022-12-19,5070,5180,4925,5130,120324,0.01183431952662728
2022-12-20,5180,5180,5040,5130,147113,0.0
2022-12-21,5130,5300,5100,5230,160668,0.01949317738791434
2022-12-22,5250,5250,5170,5200,76722,-0.005736137667303964
2022-12-23,5250,5320,5100,5290,197384,0.017307692307692246
2022-12-26,5340,5500,5260,5420,127897,0.02457466918714557
2022-12-27,5430,5430,5250,5390,59899,-0.005535055350553542
2022-12-28,5440,5440,5300,5350,49846,-0.007421150278293154
2022-12-29,5380,5380,5260,5370,69672,0.0037383177570093906
2023-01-02,5410,5420,5260,5400,52905,0.005586592178770999
2023-01-03,5430,5430,5290,5360,70918,-0.007407407407407418
2023-01-04,5400,5400,5290,5290,43262,-0.013059701492537323
2023-01-05,5400,5400,5290,5350,47381,0.011342155009451904
2023-01-06,5400,5400,5300,5380,57486,0.005607476635514086
2023-01-09,5410,5410,5360,5400,53206,0.0037174721189590088
2023-01-10,5410,5420,5340,5400,25974,0.0
2023-01-11,5420,5420,5330,5370,25144,-0.005555555555555536
2023-01-12,5400,5400,5290,5360,65526,-0.0018621973929237035
2023-01-13,5380,5420,5350,5400,35647,0.00746268656716409
2023-01-16,5420,5420,5350,5400,64779,0.0
2023-01-17,5430,5490,5360,5480,100156,0.014814814814814836
2023-01-18,5500,5500,5430,5440,73796,-0.007299270072992692
2023-01-19,5500,5500,5420,5480,29456,0.007352941176470562
2023-01-20,5480,5490,5340,5350,129845,-0.02372262773722633
2023-01-25,5440,5480,5360,5360,37534,0.0018691588785046953
2023-01-26,5400,5420,5340,5390,59496,0.005597014925373234
2023-01-27,5410,5420,5350,5360,53685,-0.005565862708719838
2023-01-30,5430,5430,5290,5290,39894,-0.013059701492537323
2023-01-31,5340,5340,5210,5230,43068,-0.011342155009451793
2023-02-01,5210,5290,5210,5250,43832,0.003824091778202643
2023-02-02,5300,5320,5170,5320,53586,0.01333333333333342
2023-02-03,5350,5350,5290,5320,10931,0.0
2023-02-06,5320,5320,5210,5270,34832,-0.009398496240601517
2023-02-07,5270,5270,5210,5260,30080,-0.00189753320683117
2023-02-08,5280,5280,5150,5240,46811,-0.0038022813688213253
2023-02-09,5240,5240,5140,5160,69136,-0.01526717557251911
2023-02-10,5160,5250,5100,5240,46047,0.015503875968992276
2023-02-13,5220,5290,5170,5250,35170,0.001908396946564972
2023-02-14,5250,5260,5150,5240,42227,-0.0019047619047618536
2023-02-15,5240,5280,5160,5240,22593,0.0
2023-02-16,5230,5240,5100,5180,62758,-0.011450381679389277
2023-02-17,5180,5180,5090,5120,32484,-0.01158301158301156
2023-02-20,5150,5150,5000,5120,70057,0.0
2023-02-21,5070,5130,5040,5110,41476,-0.001953125
2023-02-22,5020,5100,5020,5080,30902,-0.005870841487279899
2023-02-23,5100,5130,5030,5130,40902,0.009842519685039353
2023-02-24,5130,5180,5090,5180,39577,0.00974658869395717
2023-02-27,5200,5200,5120,5180,25667,0.0
2023-02-28,5180,5210,5130,5210,28151,0.005791505791505891
2023-03-02,5210,5290,5110,5160,51816,-0.009596928982725572
2023-03-03,5200,5200,5100,5170,24137,0.0019379844961240345
2023-03-06,5170,5190,5110,5110,22591,-0.011605415860735047
2023-03-07,5240,5240,5070,5140,35539,0.005870841487279899
2023-03-08,5060,5140,5050,5140,19580,0.0
2023-03-09,5130,5150,5040,5100,40753,-0.0077821011673151474
2023-03-10,5120,5130,5030,5130,34366,0.00588235294117645
2023-03-13,5120,5120,5000,5070,56693,-0.011695906432748537
2023-03-14,5070,5070,4950,4975,64206,-0.018737672583826415
2023-03-15,5000,5110,4990,5050,48113,0.015075376884422065
2023-03-16,5080,5080,4990,5010,46896,-0.007920792079207928
2023-03-17,5040,5070,5000,5010,28846,0.0
2023-03-20,5010,5040,4995,5040,31101,0.0059880239520957446
2023-03-21,5030,5080,5000,5080,29014,0.007936507936507908
2023-03-22,5080,5080,5000,5070,38164,-0.0019685039370078705
2023-03-23,5070,5070,5000,5050,54089,-0.0039447731755424265
2023-03-24,5050,5070,5000,5030,18603,-0.003960396039603964
2023-03-27,5040,5040,4900,4975,80129,-0.010934393638170947
2023-03-28,4985,5030,4970,4975,33423,0.0
2023-03-29,4985,5090,4920,4960,96428,-0.0030150753768843908
2023-03-30,5000,5000,4930,4930,40104,-0.006048387096774244
2023-03-31,4950,5000,4945,4995,34998,0.013184584178498993
2023-04-03,4925,5010,4925,4960,29969,-0.00700700700700696
2023-04-04,4960,5020,4940,5020,65762,0.012096774193548487
2023-04-05,5020,5050,4990,5040,49054,0.003984063745019917
2023-04-06,5040,5060,5000,5040,32454,0.0
2023-04-07,5040,5040,5000,5030,67208,-0.001984126984126977
2023-04-10,5030,5030,4980,4985,39360,-0.008946322067594381
2023-04-11,4985,4995,4935,4990,59483,0.0010030090270811698
2023-04-12,4990,5020,4935,5000,74541,0.002004008016031955
2023-04-13,5000,5030,4940,5030,85070,0.006000000000000005
2023-04-14,5030,5230,4995,5110,137334,0.015904572564612307
2023-04-17,5150,5150,5030,5130,78548,0.00391389432485334
2023-04-18,5130,5160,5050,5110,83992,-0.003898635477582846
2023-04-19,5110,5120,5020,5060,71970,-0.009784735812133127
2023-04-20,5060,5100,5000,5080,101194,0.0039525691699604515
2023-04-21,5080,5100,5000,5090,70865,0.0019685039370078705
2023-04-24,5100,5140,4980,4985,123819,-0.02062868369351667
2023-04-25,4985,5100,4970,5050,108068,0.013039117352056095
2023-04-26,5050,5150,5040,5100,95815,0.00990099009900991
2023-04-27,5090,5140,5000,5110,73445,0.0019607843137254832
2023-04-28,5110,5170,5050,5170,69887,0.011741682974559797
2023-05-02,5170,5270,5120,5260,82263,0.01740812379110257
2023-05-03,5180,5290,5180,5290,51989,0.005703422053231932
2023-05-04,5290,5310,5210,5290,100870,0.0
2023-05-08,5290,5360,5250,5280,41913,-0.001890359168241984
2023-05-09,5280,5390,5260,5390,71004,0.02083333333333326
2023-05-10,5380,5410,5190,5380,122336,-0.0018552875695733162
2023-05-11,5400,5410,5110,5400,67573,0.0037174721189590088
2023-05-12,5400,5420,5320,5360,63037,-0.007407407407407418
2023-05-15,5350,5500,5350,5390,104938,0.005597014925373234
2023-05-16,5410,5600,5390,5460,102505,0.01298701298701288
2023-05-17,5470,5560,5430,5460,67567,0.0
2023-05-18,5490,5490,5440,5460,43598,0.0
2023-05-19,5480,5490,5420,5490,61699,0.005494505494505475
2023-05-22,5480,5520,5450,5520,110269,0.005464480874316946
2023-05-23,5510,5560,5500,5550,80312,0.005434782608695565
2023-05-24,5540,5550,5480,5520,56380,-0.00540540540540535
2023-05-25,5530,5530,5470,5500,66396,-0.0036231884057971175
2023-05-26,5520,5590,5460,5560,279539,0.01090909090909098
2023-05-30,5450,5490,5410,5460,75209,-0.017985611510791366
2023-05-31,5460,5520,5410,5520,73993,0.01098901098901095
2023-06-01,5550,5590,5520,5580,72495,0.010869565217391353
2023-06-02,5600,5600,5530,5570,39097,-0.0017921146953404632
2023-06-05,5570,5600,5550,5590,29265,0.0035906642728904536
2023-06-07,5600,5600,5550,5590,31920,0.0
2023-06-08,5590,5600,5550,5550,38371,-0.007155635062611854
2023-06-09,5550,5570,5510,5560,46075,0.0018018018018017834
2023-06-12,5590,5590,5550,5580,80348,0.003597122302158251
2023-06-13,5600,5600,5530,5550,49090,-0.005376344086021501
2023-06-14,5530,5610,5490,5570,55931,0.003603603603603567
2023-06-15,5510,5550,5440,5510,66863,-0.010771992818671472
2023-06-16,5560,5590,5460,5490,52713,-0.003629764065335772
2023-06-19,5490,5530,5270,5510,259059,0.0036429872495447047
2023-06-20,5510,5510,5430,5430,43168,-0.014519056261342977
2023-06-21,5430,5480,5340,5440,55817,0.0018416206261511192
2023-06-22,5480,5480,5410,5430,48914,-0.0018382352941176405
2023-06-23,5430,5450,5340,5400,35625,-0.0055248618784530246
2023-06-26,5490,5490,5370,5480,174132,0.014814814814814836
2023-06-27,5480,5500,5420,5480,49464,0.0
2023-06-28,5490,5510,5440,5510,56949,0.005474452554744547
2023-06-29,5520,5530,5400,5530,67769,0.003629764065335772
2023-06-30,5530,5610,5460,5570,57220,0.00723327305605781
2023-07-03,5570,5620,5550,5620,49076,0.008976660682226134
2023-07-04,5640,5650,5580,5640,23568,0.003558718861210064
2023-07-05,5640,5660,5590,5650,43650,0.0017730496453900457
2023-07-06,5630,5650,5560,5640,35743,-0.001769911504424737
2023-07-07,5630,5640,5530,5620,69089,-0.0035460992907800915
2023-07-10,5620,5640,5520,5590,29668,-0.005338078291814985
2023-07-11,5590,5610,5540,5580,19536,-0.0017889087656529634
2023-07-12,5580,5600,5540,5590,26603,0.0017921146953405742
2023-07-13,5630,5640,5550,5640,41970,0.008944543828264706
2023-07-14,5640,5640,5520,5540,44582,-0.01773049645390068
2023-07-17,5540,5640,5490,5630,34066,0.016245487364620947
2023-07-18,5650,5650,5560,5620,29050,-0.001776198934280604
2023-07-19,5630,5630,5550,5580,40918,-0.007117437722419906
2023-07-20,5580,5590,5500,5570,31337,-0.0017921146953404632
2023-07-21,5560,5630,5550,5630,67024,0.010771992818671361
2023-07-24,5630,5640,5350,5590,57592,-0.007104795737122527
2023-07-25,5530,5630,5470,5590,56011,0.0
2023-07-26,5640,5640,5450,5580,42864,-0.0017889087656529634
2023-07-27,5580,5580,5460,5470,25503,-0.01971326164874554
2023-07-28,5420,5510,5380,5420,30748,-0.009140767824497242
2023-07-31,5460,5530,5400,5490,30437,0.012915129151291449
2023-08-01,5440,5520,5440,5500,27126,0.0018214936247722413
2023-08-02,5510,5550,5390,5500,25903,0.0
2023-08-03,5530,5530,5440,5500,19217,0.0
2023-08-04,5440,5500,5440,5480,19380,-0.0036363636363636598
2023-08-07,5480,5480,5360,5420,32748,-0.010948905109489093
2023-08-08,5420,5490,5370,5490,20905,0.012915129151291449
2023-08-09,5500,5510,5370,5450,49017,-0.007285974499089298
2023-08-10,5490,5490,5220,5300,133496,-0.02752293577981646
2023-08-11,5320,5420,5210,5300,35344,0.0
2023-08-14,5320,5450,5200,5450,52914,0.028301886792452935
2023-08-16,5440,5440,5320,5420,13079,-0.0055045871559632475
2023-08-17,5380,5380,5210,5320,2037660,-0.01845018450184499
2023-08-18,5350,5350,5200,5310,24739,-0.001879699248120259
2023-08-21,5310,5320,5200,5220,43313,-0.016949152542372836
2023-08-22,5220,5220,5120,5190,24321,-0.005747126436781658
2023-08-23,5190,5200,5140,5200,17370,0.0019267822736031004
2023-08-24,5210,5300,5160,5290,19264,0.017307692307692246
2023-08-25,5300,5350,5250,5320,14531,0.005671077504725952
2023-08-28,5320,5400,5200,5400,31450,0.015037593984962516
2023-08-29,5450,5450,5360,5410,30521,0.0018518518518517713
2023-08-30,5430,5480,5420,5470,35221,0.01109057301293892
2023-08-31,5480,5550,5480,5530,24512,0.010968921389396646
2023-09-01,5530,5600,5480,5530,26228,0.0
2023-09-04,5600,5600,5450,5540,20648,0.001808318264014508
2023-09-05,5590,5590,5430,5550,22740,0.0018050541516245744
2023-09-06,5550,5560,5490,5560,45231,0.0018018018018017834
2023-09-07,5580,5600,5530,5600,109716,0.007194244604316502
2023-09-08,5600,5600,5560,5600,35349,0.0
2023-09-11,5600,5640,5560,5620,128742,0.0035714285714285587
2023-09-12,5610,5620,5500,5550,37291,-0.01245551601423489
2023-09-13,5550,5550,5470,5540,91096,-0.0018018018018017834
2023-09-14,5550,5550,5500,5550,43139,0.0018050541516245744
2023-09-15,5560,5660,5520,5660,157223,0.01981981981981984
2023-09-18,5650,5690,5560,5640,62669,-0.0035335689045936647
2023-09-19,5630,5640,5560,5590,28624,-0.00886524822695034
2023-09-20,5640,5640,5520,5590,43474,0.0
2023-09-21,5630,5630,5540,5570,26433,-0.003577817531305927
2023-09-22,5600,5600,5480,5550,27387,-0.0035906642728904536
2023-09-25,5510,5550,5470,5510,22185,-0.007207207207207245
2023-09-26,5510,5540,5460,5520,31853,0.001814882032667775
2023-09-27,5520,5610,5470,5500,52248,-0.0036231884057971175
2023-10-04,5580,5590,5360,5500,64345,0.0
2023-10-05,5560,5560,5400,5400,47200,-0.018181818181818188
2023-10-06,5450,5450,5370,5400,16934,0.0
2023-10-10,5460,5490,5370,5400,18541,0.0
2023-10-11,5330,5490,5330,5490,36248,0.016666666666666607
2023-10-12,5490,5500,5420,5430,16670,-0.010928961748633892
2023-10-13,5500,5500,5340,5390,42630,-0.007366482504604033
2023-10-16,5330,5400,5320,5400,30449,0.0018552875695732052
2023-10-17,5400,5430,5350,5400,48942,0.0
2023-10-18,5400,5410,5360,5410,13482,0.0018518518518517713
2023-10-19,5410,5410,5290,5310,45720,-0.01848428835489835
2023-10-20,5400,5400,5240,5250,22838,-0.011299435028248594
2023-10-23,5340,5500,5100,5170,68952,-0.015238095238095273
2023-10-24,5280,5410,5110,5260,19028,0.01740812379110257
2023-10-25,5310,5340,5240,5340,8132,0.015209125475285079
2023-10-26,5340,5340,5220,5310,18082,-0.005617977528089901
2023-10-27,5300,5370,5270,5360,20818,0.009416195856873921
2023-10-30,5370,5380,5290,5320,17851,-0.007462686567164201
2023-10-31,5320,5370,5320,5330,14174,0.001879699248120259
2023-11-01,5350,5390,5330,5390,14301,0.011257035647279645
2023-11-02,5390,5420,5380,5400,41234,0.0018552875695732052
2023-11-03,5400,5680,5390,5430,51215,0.005555555555555536
2023-11-06,5450,5540,5350,5350,42911,-0.014732965009208066
2023-11-07,5430,5470,5370,5400,63538,0.009345794392523255
2023-11-08,5440,5500,5410,5410,40461,0.0018518518518517713
2023-11-09,5400,5510,5400,5430,30581,0.003696857670979714
2023-11-10,5430,5500,5430,5470,18600,0.007366482504604033
2023-11-13,5520,5520,5440,5500,27320,0.005484460694698434
2023-11-14,5530,5530,5460,5500,17325,0.0
2023-11-15,5470,5520,5470,5520,31863,0.0036363636363636598
2023-11-16,5450,5550,5450,5550,21911,0.005434782608695565
2023-11-17,5600,5600,5510,5550,26973,0.0
2023-11-20,5540,5540,5480,5530,52181,-0.003603603603603567
2023-11-21,5500,5500,5400,5480,31706,-0.009041591320072317
2023-11-22,5480,5480,5420,5450,35074,-0.005474452554744547
2023-11-23,5420,5490,5400,5490,34690,0.007339449541284404
2023-11-24,5480,5500,5450,5460,32702,-0.005464480874316946
2023-11-27,5460,5460,5400,5430,54350,-0.005494505494505475
2023-11-28,5410,5420,5370,5410,48547,-0.0036832412523020164
2023-11-29,5350,5390,5230,5250,71718,-0.02957486136783738
2023-11-30,5260,5310,5220,5310,41382,0.011428571428571344
2023-12-01,5300,5300,5220,5250,43330,-0.011299435028248594
2023-12-04,5250,5280,5140,5170,110024,-0.015238095238095273
2023-12-05,5170,5250,5170,5250,33715,0.015473887814313247
2023-12-06,5250,5340,5200,5240,42584,-0.0019047619047618536
2023-12-07,5250,5250,5130,5180,84362,-0.011450381679389277
2023-12-08,5220,5290,5170,5290,34193,0.021235521235521304
2023-12-11,5290,5380,5230,5260,44058,-0.005671077504725952
2023-12-12,5300,5360,5270,5320,21665,0.011406844106463865
2023-12-13,5360,5360,5310,5340,17594,0.003759398496240518
2023-12-14,5350,5410,5310,5340,65919,0.0
2023-12-15,5370,5370,5190,5190,144447,-0.028089887640449396
2023-12-18,5190,5240,5070,5140,76191,-0.009633911368015391
2023-12-19,5140,5160,5040,5050,116491,-0.017509727626459193
2023-12-20,5110,5110,4970,5040,155772,-0.001980198019801982
2023-12-21,5060,5170,5000,5100,36860,0.011904761904761862
2023-12-22,5100,5150,5070,5110,26673,0.0019607843137254832
2023-12-26,5150,5150,5050,5110,47863,0.0
2023-12-27,5110,5170,5050,5170,30145,0.011741682974559797
2023-12-28,5190,5190,5140,5160,23399,-0.0019342359767892114
2024-01-02,5160,5250,5150,5220,42973,0.011627906976744207
2024-01-03,5220,5270,5200,5200,48502,-0.003831417624521105
2024-01-04,5200,5280,5150,5210,50976,0.0019230769230769162
2024-01-05,5210,5210,5080,5130,71940,-0.015355086372360827
2024-01-08,5130,5200,5090,5170,35713,0.007797270955165692
2024-01-09,5210,5210,5150,5160,30918,-0.0019342359767892114
2024-01-10,5160,5190,5100,5130,71283,-0.005813953488372103
2024-01-11,5100,5160,5070,5090,36174,-0.007797270955165692
2024-01-12,5090,5110,5010,5030,49362,-0.011787819253438081
2024-01-15,5030,5050,5000,5020,37818,-0.001988071570576566
2024-01-16,5010,5020,4995,5010,40331,-0.0019920318725099584
2024-01-17,5040,5110,4980,4990,44043,-0.003992015968063867
2024-01-18,5060,5060,4985,5000,34298,0.002004008016031955
2024-01-19,5030,5050,4985,4995,32809,-0.0010000000000000009
2024-01-22,5030,5060,4975,5050,36564,0.011011011011011096
2024-01-23,5040,5090,4980,5010,23196,-0.007920792079207928
2024-01-24,5080,5080,4975,5070,43590,0.011976047904191711
2024-01-25,5070,5070,4980,5030,56409,-0.007889546351084853
2024-01-26,5020,5050,4960,5000,60443,-0.005964214711729587
2024-01-29,5000,5020,4920,4955,125433,-0.009000000000000008
2024-01-30,4955,4970,4900,4925,70379,-0.006054490413723523
2024-01-31,4940,4950,4895,4935,55271,0.0020304568527917954
2024-02-01,4945,4945,4845,4900,95698,-0.007092198581560294
2024-02-02,4940,4940,4840,4880,87251,-0.004081632653061273
2024-02-05,4890,4910,4830,4905,83253,0.0051229508196721785
2024-02-06,4905,4950,4870,4905,54042,0.0
2024-02-07,4880,4970,4880,4960,56554,0.011213047910295648
2024-02-08,4980,5050,4965,5040,37070,0.016129032258064502
2024-02-13,5090,5090,4985,5000,72696,-0.007936507936507908
2024-02-14,5000,5000,4905,4915,82076,-0.017000000000000015
2024-02-15,4920,4960,4835,4860,82465,-0.011190233977619535
2024-02-16,4895,4895,4850,4850,50321,-0.002057613168724326
2024-02-19,4885,4890,4855,4885,33744,0.007216494845360799
2024-02-20,4900,4935,4840,4860,80262,-0.0051177072671443335
2024-02-21,4880,4880,4850,4860,19829,0.0
2024-02-22,4890,4890,4845,4860,26459,0.0
2024-02-23,4885,4885,4850,4860,30463,0.0
2024-02-26,4885,4890,4855,4890,33257,0.006172839506172867
2024-02-27,4890,4925,4870,4915,48497,0.005112474437627856
2024-02-28,4925,4960,4890,4895,29263,-0.004069175991861629
2024-02-29,4910,4930,4890,4915,37220,0.004085801838610736
2024-03-04,4920,4965,4915,4960,74389,0.00915564598168861
2024-03-05,4960,5010,4935,4990,133704,0.006048387096774244
2024-03-06,4990,5120,4990,5090,246777,0.02004008016032066
2024-03-07,5100,5130,5010,5070,143202,-0.003929273084479323
2024-03-08,5070,5080,4995,5040,85278,-0.00591715976331364
2024-03-11,5070,5070,5000,5040,82849,0.0
2024-03-12,5040,5080,5030,5070,59123,0.005952380952380931
2024-03-13,5090,5090,5010,5040,87816,-0.00591715976331364
2024-03-14,5040,5070,4970,5070,109711,0.005952380952380931
2024-03-15,5060,5090,4950,5010,100634,-0.011834319526627168
2024-03-18,5010,5040,5000,5040,45054,0.0059880239520957446
2024-03-19,4995,5010,4975,4975,87524,-0.012896825396825351
2024-03-20,4995,5030,4975,5020,58525,0.009045226130653283
2024-03-21,5040,5060,5010,5060,72090,0.007968127490039834
2024-03-22,5060,5100,5040,5090,138426,0.005928853754940677
2024-03-25,5090,5100,5050,5100,92019,0.0019646365422396617
2024-03-26,5110,5120,5050,5100,101336,0.0
2024-03-27,5120,5130,5030,5040,82839,-0.0117647058823529
2024-03-28,5040,5090,5000,5060,125571,0.003968253968253954
2024-03-29,5080,5090,5050,5070,74082,0.0019762845849802257
