Date,Open,High,Low,Close,Volume,Change
2022-01-03,765,770,757,767,129523,0.002614379084967311
2022-01-04,767,775,756,769,98283,0.0026075619295957697
2022-01-05,768,780,762,780,100922,0.014304291287386306
2022-01-06,775,785,768,774,103713,-0.007692307692307665
2022-01-07,774,775,762,774,88767,0.0
2022-01-10,774,774,764,770,81090,-0.0051679586563307955
2022-01-11,769,769,752,755,119411,-0.01948051948051943
2022-01-12,754,765,753,762,72234,0.009271523178807861
2022-01-13,768,769,762,765,28972,0.003937007874015741
2022-01-14,765,769,757,757,99254,-0.010457516339869244
2022-01-17,756,757,729,737,160090,-0.026420079260237816
2022-01-18,737,741,722,730,78809,-0.009497964721845276
2022-01-19,729,730,719,728,50196,-0.002739726027397249
2022-01-20,727,727,718,722,64556,-0.008241758241758212
2022-01-21,723,743,722,737,129737,0.020775623268697974
2022-01-24,734,734,709,709,122705,-0.037991858887381325
2022-01-25,709,717,671,674,174663,-0.049365303244005676
2022-01-26,674,683,671,671,136157,-0.004451038575667643
2022-01-27,675,679,642,643,291796,-0.041728763040238426
2022-01-28,643,671,635,669,103494,0.04043545878693622
2022-02-03,693,700,678,691,157355,0.03288490284005974
2022-02-04,707,707,688,694,93805,0.004341534008682979
2022-02-07,696,704,688,698,24691,0.0057636887608070175
2022-02-08,702,710,657,689,144201,-0.012893982808022897
2022-02-09,689,698,686,695,39247,0.00870827285921627
2022-02-10,700,701,690,698,72882,0.004316546762589857
2022-02-11,692,695,672,681,65437,-0.024355300859598805
2022-02-14,671,671,647,648,178985,-0.048458149779735726
2022-02-15,648,655,638,645,91553,-0.00462962962962965
2022-02-16,647,665,645,659,75507,0.02170542635658923
2022-02-17,665,670,650,655,135897,-0.006069802731411222
2022-02-18,655,669,649,669,19387,0.021374045801526798
2022-02-21,669,672,660,670,41507,0.001494768310911887
2022-02-22,660,669,651,658,78776,-0.017910447761193993
2022-02-23,655,665,653,665,64447,0.010638297872340496
2022-02-24,665,665,644,649,297439,-0.024060150375939893
2022-02-25,649,662,648,657,79242,0.012326656394453073
2022-02-28,663,665,640,665,75737,0.0121765601217656
2022-03-02,672,678,658,669,66159,0.006015037593984918
2022-03-03,670,675,660,668,64110,-0.001494768310911776
2022-03-04,668,674,660,670,31970,0.0029940119760478723
2022-03-07,666,666,652,656,37029,-0.020895522388059695
2022-03-08,650,650,641,646,65724,-0.015243902439024404
2022-03-10,647,664,641,648,86725,0.003095975232198178
2022-03-11,648,652,642,649,41948,0.0015432098765431057
2022-03-14,649,654,646,653,59965,0.006163328197226425
2022-03-15,651,737,647,673,1119224,0.030627871362940207
2022-03-16,674,718,673,703,351142,0.04457652303120363
2022-03-17,718,718,695,706,174877,0.004267425320056972
2022-03-18,710,730,684,684,225661,-0.031161473087818692
2022-03-21,684,688,660,666,477133,-0.02631578947368418
2022-03-22,671,678,665,678,127590,0.018018018018018056
2022-03-23,675,678,667,678,290732,0.0
2022-03-24,691,720,691,707,366851,0.04277286135693226
2022-03-25,707,714,698,707,114355,0.0
2022-03-28,709,710,700,708,121554,0.0014144271570013522
2022-03-29,708,736,703,736,197613,0.039548022598870025
2022-03-30,738,744,726,744,148207,0.010869565217391353
2022-03-31,744,768,738,760,276339,0.021505376344086002
2022-04-01,760,767,753,765,154231,0.006578947368421018
2022-04-04,765,779,762,779,200619,0.018300653594771177
2022-04-05,783,851,771,794,2669496,0.019255455712451797
2022-04-06,794,798,767,767,393974,-0.03400503778337527
2022-04-07,767,767,732,740,267965,-0.03520208604954367
2022-04-08,734,757,733,757,157627,0.02297297297297307
2022-04-11,757,757,738,740,98642,-0.022457067371202122
2022-04-12,731,794,729,773,639463,0.044594594594594694
2022-04-13,767,808,767,803,544691,0.03880983182406217
2022-04-14,806,826,799,813,480742,0.012453300124533051
2022-04-15,813,845,805,840,424989,0.03321033210332103
2022-04-18,843,854,819,842,302732,0.0023809523809523725
2022-04-19,873,920,829,840,2149067,-0.002375296912114022
2022-04-20,846,846,833,842,159466,0.0023809523809523725
2022-04-21,847,851,836,840,119880,-0.002375296912114022
2022-04-22,843,883,830,860,342110,0.023809523809523725
2022-04-25,857,880,843,861,176623,0.0011627906976743319
2022-04-26,861,872,844,867,128498,0.006968641114982521
2022-04-27,854,879,848,863,131551,-0.0046136101499423265
2022-04-28,863,873,856,856,127465,-0.008111239860950192
2022-04-29,850,866,850,854,73321,-0.002336448598130869
2022-05-02,854,854,847,849,84673,-0.005854800936768156
2022-05-03,849,875,846,851,137085,0.002355712603062443
2022-05-04,866,866,844,845,124312,-0.007050528789659172
2022-05-06,840,848,835,848,113174,0.0035502958579882726
2022-05-09,836,843,805,810,130388,-0.04481132075471694
2022-05-10,800,810,775,806,150856,-0.004938271604938316
2022-05-11,806,820,801,806,82570,0.0
2022-05-12,806,815,792,800,220220,-0.007444168734491274
2022-05-13,796,812,796,808,75026,0.010000000000000009
2022-05-16,813,828,808,820,46655,0.014851485148514865
2022-05-17,820,820,799,805,125160,-0.018292682926829285
2022-05-18,801,819,793,805,145741,0.0
2022-05-19,803,803,789,800,36384,-0.006211180124223614
2022-05-20,794,818,789,807,83384,0.008750000000000036
2022-05-23,816,816,801,801,30488,-0.0074349442379182396
2022-05-24,801,812,787,795,116118,-0.0074906367041198685
2022-05-25,787,802,784,795,34086,0.0
2022-05-26,791,816,785,785,45386,-0.012578616352201255
2022-05-27,785,792,778,785,71395,0.0
2022-05-30,800,800,780,788,47185,0.003821656050955413
2022-05-31,788,800,780,800,142341,0.015228426395939021
2022-06-02,800,808,795,804,46261,0.004999999999999893
2022-06-03,804,807,797,805,57436,0.0012437810945273853
2022-06-07,812,812,791,793,43801,-0.014906832298136607
2022-06-08,784,796,784,794,42514,0.0012610340479193294
2022-06-09,791,792,780,792,46203,-0.0025188916876573986
2022-06-10,780,792,776,788,80163,-0.005050505050505083
2022-06-13,786,786,751,766,102797,-0.027918781725888353
2022-06-14,751,760,740,752,69143,-0.018276762402088753
2022-06-15,755,770,716,740,306184,-0.015957446808510634
2022-06-16,740,751,716,716,127569,-0.032432432432432434
2022-06-17,716,723,698,719,176323,0.0041899441340782495
2022-06-20,719,729,670,690,219761,-0.04033379694019468
2022-06-21,673,698,670,689,124569,-0.0014492753623188692
2022-06-22,694,694,663,672,75769,-0.02467343976777936
2022-06-23,679,683,633,645,356369,-0.0401785714285714
2022-06-24,645,675,640,670,73734,0.03875968992248069
2022-06-27,677,700,650,692,139245,0.032835820895522394
2022-06-28,692,699,683,692,22440,0.0
2022-06-29,686,709,678,696,71721,0.005780346820809301
2022-06-30,685,702,679,684,20581,-0.017241379310344862
2022-07-01,693,693,663,669,90794,-0.021929824561403466
2022-07-04,667,699,667,669,38061,0.0
2022-07-05,679,690,673,683,6049,0.020926756352765308
2022-07-06,690,695,674,682,24711,-0.0014641288433382416
2022-07-07,682,688,679,687,8438,0.007331378299120228
2022-07-08,687,698,684,692,30110,0.00727802037845704
2022-07-11,699,699,663,663,172486,-0.041907514450867045
2022-07-12,663,663,630,633,238598,-0.04524886877828049
2022-07-13,633,650,626,650,159323,0.026856240126382325
2022-07-14,641,647,635,640,167621,-0.01538461538461533
2022-07-15,639,647,631,646,46169,0.009374999999999911
2022-07-18,654,665,649,658,38088,0.018575851393188847
2022-07-19,661,681,653,678,85967,0.03039513677811545
2022-07-20,690,692,680,680,19051,0.002949852507374562
2022-07-21,678,704,675,701,110357,0.03088235294117636
2022-07-22,701,710,691,699,57684,-0.0028530670470755526
2022-07-25,696,699,688,690,19186,-0.012875536480686733
2022-07-26,690,698,680,684,15489,-0.008695652173912993
2022-07-27,688,697,674,685,27822,0.0014619883040936088
2022-07-28,685,694,666,675,99618,-0.014598540145985384
2022-07-29,684,684,663,667,230459,-0.011851851851851891
2022-08-01,674,686,659,662,70081,-0.007496251874062998
2022-08-02,670,674,653,671,155239,0.013595166163141936
2022-08-03,671,688,665,680,75122,0.013412816691505292
2022-08-04,678,698,675,690,62336,0.014705882352941124
2022-08-05,688,701,688,701,46686,0.01594202898550723
2022-08-08,701,708,691,701,11566,0.0
2022-08-09,690,696,681,693,61507,-0.011412268188302432
2022-08-10,690,696,682,693,8949,0.0
2022-08-11,698,706,692,702,41766,0.01298701298701288
2022-08-12,701,709,695,709,67110,0.009971509971509862
2022-08-16,710,720,708,714,58145,0.007052186177715081
2022-08-17,710,714,698,709,106696,-0.007002801120448154
2022-08-18,705,707,675,703,64256,-0.008462623413258097
2022-08-19,702,702,688,693,27261,-0.014224751066856278
2022-08-22,692,692,653,670,93362,-0.03318903318903321
2022-08-23,673,673,657,673,36422,0.004477611940298498
2022-08-24,674,674,666,670,17466,-0.004457652303120341
2022-08-25,670,680,665,670,32787,0.0
2022-08-26,673,676,667,674,21504,0.005970149253731405
2022-08-29,667,674,654,660,39514,-0.020771513353115778
2022-08-30,653,669,653,667,10642,0.010606060606060508
2022-08-31,670,673,657,670,22099,0.004497751124437732
2022-09-01,668,671,655,655,42406,-0.02238805970149249
2022-09-02,656,663,650,656,32122,0.0015267175572519776
2022-09-05,654,656,638,639,67310,-0.02591463414634143
2022-09-06,633,650,630,639,59517,0.0
2022-09-07,646,649,631,641,53349,0.003129890453834161
2022-09-08,641,647,632,642,32111,0.0015600624024960652
2022-09-13,647,794,636,698,6716261,0.08722741433021808
2022-09-14,698,698,673,673,672074,-0.035816618911174825
2022-09-15,676,774,661,696,4277385,0.034175334323922835
2022-09-16,700,707,666,673,304496,-0.033045977011494254
2022-09-19,675,675,642,654,309525,-0.02823179791976227
2022-09-20,654,654,631,642,121796,-0.01834862385321101
2022-09-21,647,647,625,634,234537,-0.012461059190031154
2022-09-22,631,631,612,626,122557,-0.012618296529968487
2022-09-23,687,687,615,624,684456,-0.0031948881789137795
2022-09-26,625,625,583,587,756622,-0.059294871794871806
2022-09-27,675,760,630,705,22292095,0.20102214650766603
2022-09-28,715,763,595,611,5598638,-0.1333333333333333
2022-09-29,614,630,601,601,825180,-0.016366612111292977
2022-09-30,600,603,581,600,703110,-0.0016638935108153063
2022-10-04,610,618,594,601,315739,0.0016666666666667052
2022-10-05,612,612,593,601,213276,0.0
2022-10-06,601,607,593,607,185595,0.009983361064891838
2022-10-07,607,608,599,604,157726,-0.0049423393739703725
2022-10-11,606,606,582,582,185377,-0.03642384105960261
2022-10-12,581,599,581,596,94611,0.02405498281786933
2022-10-13,600,600,564,580,254254,-0.02684563758389258
2022-10-14,585,590,567,590,111257,0.01724137931034475
2022-10-17,590,600,579,599,126419,0.015254237288135686
2022-10-18,599,610,590,601,122411,0.0033388981636059967
2022-10-19,597,602,586,587,104442,-0.02329450915141429
2022-10-20,592,594,579,579,136909,-0.013628620102214661
2022-10-21,579,610,578,586,142562,0.012089810017271052
2022-10-24,586,605,586,591,63753,0.008532423208191142
2022-10-25,598,598,580,585,125732,-0.010152284263959421
2022-10-26,591,593,580,581,116210,-0.006837606837606813
2022-10-27,588,594,580,585,53116,0.0068846815834766595
2022-10-28,585,590,584,585,110523,0.0
2022-10-31,580,590,579,585,61243,0.0
2022-11-01,587,589,571,585,50219,0.0
2022-11-02,587,589,575,580,36001,-0.008547008547008517
2022-11-03,575,584,575,584,38650,0.006896551724137945
2022-11-04,584,597,581,594,82639,0.017123287671232834
2022-11-07,597,597,586,593,23105,-0.0016835016835017313
2022-11-08,600,600,590,593,19016,0.0
2022-11-09,598,630,594,618,194173,0.042158516020236014
2022-11-10,612,618,602,612,17669,-0.009708737864077666
2022-11-11,619,627,605,615,43539,0.004901960784313708
2022-11-14,616,617,605,615,50479,0.0
2022-11-15,615,620,610,617,23114,0.003252032520325132
2022-11-16,615,620,610,620,40712,0.004862236628849326
2022-11-17,625,625,605,618,69467,-0.003225806451612856
2022-11-18,618,618,608,614,21011,-0.006472491909385147
2022-11-21,614,620,601,609,53916,-0.008143322475570036
2022-11-22,605,619,596,607,137874,-0.003284072249589487
2022-11-23,613,613,602,609,26478,0.0032948929159801743
2022-11-24,616,620,607,613,77309,0.006568144499178974
2022-11-25,613,619,607,615,23776,0.0032626427406199365
2022-11-28,620,620,604,611,16790,-0.006504065040650375
2022-11-29,604,625,602,618,111003,0.011456628477905184
2022-11-30,618,621,609,618,32795,0.0
2022-12-01,618,640,614,621,57457,0.004854368932038833
2022-12-02,629,629,612,620,89560,-0.0016103059581320522
2022-12-05,620,649,617,629,41465,0.014516129032257963
2022-12-06,638,638,617,628,22647,-0.0015898251192368873
2022-12-07,627,627,611,625,18052,-0.004777070063694322
2022-12-08,625,626,607,624,119899,-0.0016000000000000458
2022-12-09,624,624,614,619,38238,-0.008012820512820484
2022-12-12,619,622,614,622,58852,0.004846526655896577
2022-12-13,629,629,612,619,35040,-0.004823151125401881
2022-12-14,619,630,613,620,51961,0.001615508885298933
2022-12-15,620,620,614,618,28240,-0.003225806451612856
2022-12-16,610,618,610,614,20616,-0.006472491909385147
2022-12-19,612,634,612,615,53287,0.0016286644951140072
2022-12-20,615,629,605,606,37391,-0.014634146341463428
2022-12-21,605,614,604,604,30570,-0.0033003300330033403
2022-12-22,604,628,603,608,20554,0.0066225165562914245
2022-12-23,602,639,595,606,95203,-0.003289473684210509
2022-12-26,606,613,598,606,60200,0.0
2022-12-27,605,605,597,601,63719,-0.008250825082508295
2022-12-28,600,625,596,602,29167,0.0016638935108153063
2022-12-29,607,607,593,599,121130,-0.004983388704318914
2023-01-02,600,600,586,595,40315,-0.006677796327211993
2023-01-03,586,590,571,577,52307,-0.030252100840336138
2023-01-04,574,595,574,588,19653,0.01906412478336228
2023-01-05,592,593,585,588,12278,0.0
2023-01-06,586,594,560,590,54684,0.00340136054421758
2023-01-09,590,593,586,593,33089,0.005084745762711895
2023-01-10,594,607,588,588,13553,-0.00843170320404718
2023-01-11,588,609,588,590,24142,0.00340136054421758
2023-01-12,604,604,591,597,35733,0.011864406779660941
2023-01-13,604,604,592,600,25111,0.005025125628140614
2023-01-16,600,605,595,602,67603,0.0033333333333334103
2023-01-17,602,605,594,601,52750,-0.0016611295681062677
2023-01-18,601,609,596,605,73843,0.006655574043261225
2023-01-19,604,605,594,605,34902,0.0
2023-01-20,607,609,591,605,68662,0.0
2023-01-25,601,610,597,605,15589,0.0
2023-01-26,605,609,600,605,65233,0.0
2023-01-27,605,609,600,603,33769,-0.0033057851239669533
2023-01-30,610,614,600,606,57282,0.004975124378109541
2023-01-31,606,607,597,607,110516,0.0016501650165017256
2023-02-01,607,612,598,598,68331,-0.014827018121911006
2023-02-02,605,606,598,602,32110,0.006688963210702337
2023-02-03,602,649,598,606,266837,0.006644518272425293
2023-02-06,608,610,599,605,156460,-0.0016501650165016146
2023-02-07,605,607,600,605,51248,0.0
2023-02-08,605,612,602,606,56769,0.0016528925619834212
2023-02-09,610,612,603,606,80602,0.0
2023-02-10,610,610,598,603,59061,-0.004950495049504955
2023-02-13,597,609,591,608,46215,0.008291873963515828
2023-02-14,600,612,599,604,64039,-0.006578947368421018
2023-02-15,606,607,596,603,48234,-0.0016556291390728006
2023-02-16,610,613,602,608,48444,0.008291873963515828
2023-02-17,610,614,598,602,16737,-0.009868421052631526
2023-02-20,602,602,598,600,17762,-0.0033222591362126463
2023-02-21,600,665,598,609,1302009,0.014999999999999902
2023-02-22,607,608,599,603,159030,-0.009852216748768461
2023-02-23,603,644,600,616,198593,0.021558872305140975
2023-02-24,628,645,611,626,492165,0.016233766233766156
2023-02-27,644,644,626,631,194693,0.007987220447284393
2023-02-28,631,635,624,635,97690,0.006339144215530945
2023-03-02,640,640,619,630,80158,-0.007874015748031482
2023-03-03,630,630,615,622,66121,-0.012698412698412653
2023-03-06,622,630,617,625,55200,0.004823151125401992
2023-03-07,632,644,622,630,42262,0.008000000000000007
2023-03-08,630,644,614,614,120275,-0.025396825396825418
2023-03-09,629,629,608,614,58917,0.0
2023-03-10,607,619,602,615,80412,0.0016286644951140072
2023-03-13,607,610,600,609,60887,-0.009756097560975618
2023-03-14,606,609,593,607,72624,-0.003284072249589487
2023-03-15,607,620,602,620,85154,0.021416803953871577
2023-03-16,606,618,604,605,80744,-0.024193548387096753
2023-03-17,605,625,605,610,84742,0.008264462809917328
2023-03-20,616,616,603,612,40424,0.003278688524590123
2023-03-21,612,614,605,613,30622,0.0016339869281045694
2023-03-22,619,655,610,612,246452,-0.0016313213703099683
2023-03-23,612,618,608,611,59393,-0.0016339869281045694
2023-03-24,640,640,610,618,94293,0.011456628477905184
2023-03-27,620,620,613,616,46586,-0.003236245954692518
2023-03-28,620,620,606,610,122083,-0.009740259740259716
2023-03-29,616,616,600,607,72279,-0.004918032786885296
2023-03-30,604,607,599,601,124239,-0.009884678747940745
2023-03-31,605,606,600,606,37471,0.008319467554076532
2023-04-03,611,611,588,593,163861,-0.021452145214521434
2023-04-04,593,604,593,597,62612,0.006745362563237878
2023-04-05,597,612,597,611,116637,0.02345058626465657
2023-04-06,606,619,606,619,119720,0.013093289689034338
2023-04-07,629,629,613,615,75237,-0.00646203554119551
2023-04-10,620,620,609,613,43278,-0.003252032520325243
2023-04-11,618,618,600,610,113871,-0.004893964110929905
2023-04-12,610,610,588,600,180342,-0.016393442622950838
2023-04-13,599,600,589,592,177310,-0.013333333333333308
2023-04-14,592,597,592,597,66657,0.008445945945946054
2023-04-17,602,602,596,599,14439,0.003350083752093891
2023-04-18,600,602,585,598,140645,-0.0016694490818029983
2023-04-19,598,618,587,597,154469,-0.0016722408026755842
2023-04-20,588,597,588,590,81846,-0.011725293132328285
2023-04-21,588,591,583,586,95375,-0.006779661016949157
2023-04-24,586,586,579,583,88343,-0.005119453924914641
2023-04-25,579,598,579,588,50687,0.00857632933104635
2023-04-26,579,600,579,588,62436,0.0
2023-04-27,585,594,581,581,91791,-0.011904761904761862
2023-04-28,581,587,580,583,54821,0.0034423407917383297
2023-05-02,583,589,581,582,31867,-0.0017152658662092923
2023-05-03,582,585,572,583,61495,0.0017182130584192379
2023-05-04,580,588,575,582,35799,-0.0017152658662092923
2023-05-08,581,609,580,593,166980,0.018900343642611617
2023-05-09,586,600,584,589,63037,-0.006745362563237767
2023-05-10,586,601,586,595,99974,0.01018675721561979
2023-05-11,595,605,594,596,21767,0.001680672268907557
2023-05-12,608,608,597,606,74850,0.016778523489932917
2023-05-15,589,603,588,603,35008,-0.004950495049504955
2023-05-16,596,603,567,580,190191,-0.03814262023217252
2023-05-17,585,600,580,580,76821,0.0
2023-05-18,581,600,581,593,70161,0.022413793103448265
2023-05-19,580,593,579,587,302681,-0.010118043844856706
2023-05-22,593,600,587,597,63050,0.017035775127768327
2023-05-23,597,597,587,596,40515,-0.0016750418760469454
2023-05-24,593,599,580,587,117543,-0.015100671140939603
2023-05-25,595,595,582,582,79559,-0.008517887563884163
2023-05-26,608,608,580,584,137536,0.0034364261168384758
2023-05-30,583,589,575,586,87352,0.003424657534246478
2023-05-31,582,599,581,586,59853,0.0
2023-06-01,586,586,577,583,113370,-0.005119453924914641
2023-06-02,583,591,582,586,23153,0.005145797598627766
2023-06-05,585,592,582,584,27791,-0.0034129692832765013
2023-06-07,584,598,580,581,70400,-0.005136986301369828
2023-06-08,581,589,581,583,28079,0.0034423407917383297
2023-06-09,581,594,581,588,29070,0.00857632933104635
2023-06-12,583,590,577,585,95524,-0.005102040816326481
2023-06-13,582,589,580,589,63771,0.006837606837606813
2023-06-14,587,587,581,586,73051,-0.005093378607809895
2023-06-15,586,586,576,580,42758,-0.010238907849829393
2023-06-16,580,580,575,580,23534,0.0
2023-06-19,580,585,574,583,72574,0.005172413793103514
2023-06-20,575,583,575,581,20276,-0.0034305317324184736
2023-06-21,579,580,567,575,76039,-0.0103270223752151
2023-06-22,575,575,560,570,145309,-0.008695652173912993
2023-06-23,566,569,560,567,52856,-0.0052631578947368585
2023-06-26,561,571,561,570,38288,0.005291005291005346
2023-06-27,570,576,565,566,30160,-0.007017543859649145
2023-06-28,566,566,559,560,46346,-0.010600706713780883
2023-06-29,560,565,554,562,36651,0.0035714285714285587
2023-06-30,554,565,553,564,45460,0.003558718861210064
2023-07-03,561,570,557,567,50420,0.005319148936170137
2023-07-04,567,570,553,568,68836,0.0017636684303350414
2023-07-05,568,573,556,563,42940,-0.008802816901408494
2023-07-06,563,563,550,555,123631,-0.014209591474245165
2023-07-07,541,555,541,555,49802,0.0
2023-07-10,555,555,542,553,36855,-0.003603603603603567
2023-07-11,552,552,537,544,89238,-0.016274864376130238
2023-07-12,543,577,543,567,146499,0.04227941176470584
2023-07-13,562,593,562,573,94480,0.010582010582010692
2023-07-14,567,570,560,560,34152,-0.022687609075043635
2023-07-17,558,577,525,560,88017,0.0
2023-07-18,560,560,527,539,75557,-0.03749999999999998
2023-07-19,539,587,525,541,228591,0.0037105751391466324
2023-07-20,547,551,539,543,33930,0.003696857670979714
2023-07-21,537,554,537,539,15988,-0.007366482504604033
2023-07-24,539,539,520,523,117032,-0.029684601113172504
2023-07-25,525,526,496,506,265008,-0.0325047801147228
2023-07-26,506,506,470,470,168527,-0.07114624505928857
2023-07-27,454,490,454,485,148857,0.03191489361702127
2023-07-28,484,490,477,489,48781,0.008247422680412342
2023-07-31,497,539,494,498,146571,0.018404907975460016
2023-08-01,511,532,503,503,51072,0.010040160642570184
2023-08-02,505,518,504,509,22367,0.011928429423459175
2023-08-03,504,519,503,519,54828,0.01964636542239684
2023-08-04,515,519,511,517,62045,-0.003853564547206201
2023-08-07,517,522,507,517,31484,0.0
2023-08-08,517,517,509,510,20876,-0.013539651837524147
2023-08-09,501,509,498,505,84322,-0.009803921568627416
2023-08-10,518,518,505,513,62266,0.015841584158415856
2023-08-11,518,535,502,520,116064,0.013645224171539905
2023-08-14,535,535,515,520,46080,0.0
2023-08-16,520,520,505,510,12476,-0.019230769230769273
2023-08-17,495,510,495,510,34361,0.0
2023-08-18,495,505,495,504,44001,-0.0117647058823529
2023-08-21,501,501,488,500,32200,-0.007936507936507908
2023-08-22,498,506,472,486,89143,-0.028000000000000025
2023-08-23,486,509,485,493,101783,0.014403292181069949
2023-08-24,493,506,487,500,30287,0.014198782961460488
2023-08-25,500,505,485,500,28696,0.0
2023-08-28,504,504,499,502,7665,0.0040000000000000036
2023-08-29,498,506,496,503,32271,0.0019920318725099584
2023-08-30,507,507,498,503,18332,0.0
2023-08-31,503,503,496,500,15685,-0.005964214711729587
2023-09-01,500,500,494,499,51356,-0.0020000000000000018
2023-09-04,500,500,494,499,55515,0.0
2023-09-05,500,500,484,500,43495,0.002004008016031955
2023-09-06,500,505,494,501,51419,0.0020000000000000018
2023-09-07,495,505,495,499,17810,-0.003992015968063867
2023-09-08,495,499,488,499,64008,0.0
2023-09-11,499,510,495,498,44328,-0.002004008016032066
2023-09-12,506,506,493,499,33077,0.002008032128514081
2023-09-13,492,496,487,488,54106,-0.022044088176352727
2023-09-14,488,488,481,488,40700,0.0
2023-09-15,489,528,486,491,92739,0.006147540983606481
2023-09-18,495,495,487,491,32793,0.0
2023-09-19,491,491,484,490,41503,-0.0020366598778004397
2023-09-20,487,487,482,486,5305,-0.008163265306122436
2023-09-21,485,485,470,470,83128,-0.03292181069958844
2023-09-22,470,484,460,470,87610,0.0
2023-09-25,465,470,393,442,368268,-0.05957446808510636
2023-09-26,442,442,412,414,273950,-0.06334841628959276
2023-09-27,412,429,411,413,56178,-0.0024154589371980784
2023-10-04,420,421,408,413,119195,0.0
2023-10-05,413,417,406,413,41601,0.0
2023-10-06,413,417,413,415,31569,0.004842615012106588
2023-10-10,415,430,415,415,61240,0.0
2023-10-11,415,440,415,424,42069,0.02168674698795181
2023-10-12,431,439,421,425,45946,0.002358490566037652
2023-10-13,441,441,414,414,111953,-0.025882352941176467
2023-10-16,414,423,414,420,51548,0.01449275362318847
2023-10-17,420,432,416,420,42634,0.0
2023-10-18,425,438,410,410,44503,-0.023809523809523836
2023-10-19,411,411,399,399,58597,-0.02682926829268295
2023-10-20,399,399,391,395,82455,-0.010025062656641603
2023-10-23,392,392,376,389,28381,-0.015189873417721489
2023-10-24,389,389,370,379,84638,-0.02570694087403602
2023-10-25,382,409,382,389,116342,0.02638522427440626
2023-10-26,389,398,384,389,56990,0.0
2023-10-27,389,390,378,384,71296,-0.01285347043701801
2023-10-30,384,384,377,380,16200,-0.01041666666666663
2023-10-31,383,389,372,372,82350,-0.021052631578947323
2023-11-01,372,387,366,377,117473,0.013440860215053752
2023-11-02,380,401,377,380,45933,0.007957559681697646
2023-11-03,386,390,380,383,132597,0.007894736842105177
2023-11-06,386,405,383,390,39500,0.018276762402088753
2023-11-07,392,405,389,398,114815,0.02051282051282044
2023-11-08,398,410,398,405,61596,0.017587939698492372
2023-11-09,443,516,406,406,4988221,0.0024691358024691024
2023-11-10,407,424,395,420,325351,0.034482758620689724
2023-11-13,420,420,397,399,206411,-0.050000000000000044
2023-11-14,399,420,385,416,164127,0.04260651629072676
2023-11-15,419,419,405,416,79962,0.0
2023-11-16,416,419,400,419,165752,0.007211538461538547
2023-11-17,419,421,405,410,44752,-0.021479713603818618
2023-11-20,415,415,403,410,38826,0.0
2023-11-21,410,417,405,414,153233,0.009756097560975618
2023-11-22,426,426,404,415,71973,0.0024154589371980784
2023-11-23,415,429,402,415,38115,0.0
2023-11-24,415,419,413,415,44108,0.0
2023-11-27,415,424,411,415,38236,0.0
2023-11-28,415,419,411,419,56162,0.009638554216867545
2023-11-29,416,445,416,430,143602,0.026252983293556076
2023-11-30,428,441,414,430,98392,0.0
2023-12-01,428,444,405,438,120023,0.018604651162790642
2023-12-04,439,447,434,440,56952,0.004566210045662045
2023-12-05,440,443,430,437,22177,-0.006818181818181834
2023-12-06,439,440,429,433,57148,-0.009153318077803174
2023-12-07,433,433,420,430,63167,-0.006928406466512715
2023-12-08,425,429,419,429,37510,-0.0023255813953488857
2023-12-11,429,432,424,429,64620,0.0
2023-12-12,433,438,429,434,57699,0.011655011655011593
2023-12-13,434,440,434,435,43187,0.0023041474654377225
2023-12-14,435,435,424,433,35995,-0.0045977011494252595
2023-12-15,432,433,422,430,46213,-0.006928406466512715
2023-12-18,430,430,419,426,26998,-0.009302325581395321
2023-12-19,426,429,420,428,39196,0.0046948356807512415
2023-12-20,431,440,424,437,43784,0.02102803738317749
2023-12-21,437,439,381,434,559012,-0.006864988558352381
2023-12-22,430,446,421,439,36520,0.011520737327188835
2023-12-26,439,439,405,426,154914,-0.029612756264236872
2023-12-27,426,426,407,420,48755,-0.014084507042253502
2023-12-28,445,445,410,427,36806,0.016666666666666607
2024-01-02,437,437,415,431,65634,0.00936768149882905
2024-01-03,432,435,425,434,25787,0.006960556844547661
2024-01-04,434,434,405,432,39227,-0.004608294930875556
2024-01-05,432,434,416,433,12348,0.0023148148148148806
2024-01-08,433,440,420,433,81631,0.0
2024-01-09,430,433,423,432,18365,-0.002309468822170868
2024-01-10,432,432,410,415,77559,-0.03935185185185186
2024-01-11,415,420,408,420,76099,0.012048192771084265
2024-01-12,420,432,409,424,29001,0.00952380952380949
2024-01-15,424,424,405,410,94991,-0.03301886792452835
2024-01-16,410,422,406,415,70741,0.012195121951219523
2024-01-17,411,415,399,411,88654,-0.009638554216867434
2024-01-18,405,414,392,413,71780,0.0048661800486617945
2024-01-19,399,409,398,408,54194,-0.01210653753026636
2024-01-22,408,437,402,417,78598,0.022058823529411686
2024-01-23,417,418,408,418,33730,0.0023980815347721673
2024-01-24,418,418,412,417,9225,-0.0023923444976076125
2024-01-25,417,417,400,417,60959,0.0
2024-01-26,415,416,399,399,139261,-0.043165467625899234
2024-01-29,405,420,401,420,35072,0.05263157894736836
2024-01-30,420,420,406,413,22375,-0.01666666666666672
2024-01-31,413,413,401,412,21449,-0.002421307506053294
2024-02-01,404,412,400,412,46169,0.0
2024-02-02,409,430,408,429,154488,0.04126213592233019
2024-02-05,429,434,421,429,48791,0.0
2024-02-06,428,429,417,429,105036,0.0
2024-02-07,429,429,406,406,65675,-0.053613053613053574
2024-02-08,406,420,406,417,37382,0.027093596059113212
2024-02-13,418,430,418,424,29517,0.01678657074340517
2024-02-14,424,426,416,422,64327,-0.004716981132075526
2024-02-15,422,422,410,421,31319,-0.0023696682464454666
2024-02-16,421,435,414,428,21115,0.016627078384798155
2024-02-19,428,438,416,429,63392,0.002336448598130758
2024-02-20,429,430,420,422,16544,-0.01631701631701632
2024-02-21,422,422,406,416,72478,-0.014218009478673022
2024-02-22,416,416,408,416,16193,0.0
2024-02-23,416,416,400,416,51054,0.0
2024-02-26,415,418,406,418,23867,0.004807692307692291
2024-02-27,412,418,404,410,51101,-0.019138755980861233
2024-02-28,410,410,400,409,41509,-0.0024390243902439046
2024-02-29,409,409,399,406,80519,-0.007334963325183352
2024-03-04,414,414,403,406,34698,0.0
2024-03-05,408,410,402,410,37298,0.009852216748768461
2024-03-06,400,410,400,410,72032,0.0
2024-03-07,406,410,402,407,16210,-0.007317073170731714
2024-03-08,406,407,400,406,50594,-0.002457002457002422
2024-03-11,445,527,438,516,28827628,0.270935960591133
2024-03-12,500,500,421,421,10000036,-0.18410852713178294
2024-03-13,430,430,402,404,2290030,-0.040380047505938266
2024-03-14,404,428,390,395,1865061,-0.022277227722772297
2024-03-15,399,400,390,395,413680,0.0
2024-03-18,401,405,390,395,417179,0.0
2024-03-19,395,401,388,392,487944,-0.0075949367088608
2024-03-20,392,405,388,392,187222,0.0
2024-03-21,394,399,388,389,342542,-0.007653061224489832
2024-03-22,394,406,386,389,427281,0.0
2024-03-25,396,396,389,393,160798,0.010282776349614497
2024-03-26,393,395,388,392,206383,-0.0025445292620864812
2024-03-27,393,397,390,395,146433,0.007653061224489832
2024-03-28,392,400,384,393,307490,-0.005063291139240533
2024-03-29,392,397,386,394,251412,0.0025445292620864812
2024-04-01,389,393,389,392,67783,-0.005076142131979711
2024-04-02,392,393,387,392,86281,0.0
2024-04-03,390,392,385,388,259023,-0.010204081632653073
2024-04-04,388,392,387,391,147610,0.0077319587628865705
2024-04-05,391,391,385,389,76744,-0.005115089514066473
2024-04-08,382,387,376,378,242191,-0.028277634961439535
2024-04-09,378,380,368,377,164389,-0.002645502645502673
2024-04-11,378,379,366,379,152986,0.0053050397877985045
2024-04-12,379,387,370,387,179660,0.02110817941952514
2024-04-15,373,385,371,381,96195,-0.015503875968992276
2024-04-16,379,380,365,376,137095,-0.013123359580052507
2024-04-17,376,380,366,377,128257,0.0026595744680850686
2024-04-18,373,377,371,377,43567,0.0
2024-04-19,379,381,365,377,97266,0.0
2024-04-22,374,377,366,376,164625,-0.0026525198938992522
2024-04-23,376,378,372,378,58853,0.005319148936170137
2024-04-24,378,381,372,377,23347,-0.002645502645502673
2024-04-25,376,377,370,374,17073,-0.007957559681697646
2024-04-26,371,374,366,372,33736,-0.005347593582887722
2024-04-29,370,374,366,372,104044,0.0
2024-04-30,374,374,367,370,87082,-0.005376344086021501
2024-05-02,371,375,366,371,66978,0.002702702702702675
2024-05-03,371,373,368,371,46201,0.0
2024-05-07,376,377,367,372,79641,0.0026954177897573484
2024-05-08,370,372,367,370,42129,-0.005376344086021501
2024-05-09,373,373,365,370,63091,0.0
2024-05-10,369,370,366,370,65581,0.0
2024-05-13,371,371,366,368,118610,-0.00540540540540535
2024-05-14,370,372,364,370,87977,0.005434782608695565
2024-05-16,372,372,366,370,53047,0.0
2024-05-17,369,370,365,370,75061,0.0
2024-05-20,370,372,363,369,150051,-0.002702702702702675
2024-05-21,369,369,359,366,99927,-0.008130081300813052
2024-05-22,368,368,357,363,68734,-0.008196721311475419
2024-05-23,360,361,355,360,72740,-0.008264462809917328
2024-05-24,354,360,347,348,137917,-0.033333333333333326
2024-05-27,352,355,338,341,154196,-0.02011494252873558
2024-05-28,341,352,336,343,147203,0.0058651026392961825
2024-05-29,347,349,340,346,44282,0.008746355685131268
2024-05-30,346,346,338,345,64629,-0.0028901734104046506
2024-05-31,341,349,335,347,88329,0.005797101449275255
2024-06-03,347,347,340,346,86891,-0.0028818443804035088
2024-06-04,350,350,327,343,62580,-0.00867052023121384
2024-06-05,343,343,337,340,112971,-0.008746355685131157
2024-06-07,346,348,333,342,38024,0.00588235294117645
2024-06-10,342,345,340,342,64674,0.0
2024-06-11,342,345,340,341,36185,-0.0029239766081871066
2024-06-12,341,344,335,342,51055,0.0029325513196480912
2024-06-13,340,345,339,342,43658,0.0
2024-06-14,342,346,336,336,46501,-0.01754385964912286
2024-06-17,336,340,334,339,37646,0.008928571428571397
2024-06-18,339,342,327,342,88943,0.008849557522123908
2024-06-19,342,345,333,342,60938,0.0
2024-06-20,338,347,331,342,67510,0.0
2024-06-21,342,348,333,338,87384,-0.011695906432748537
2024-06-24,336,359,333,338,54937,0.0
2024-06-25,336,338,331,338,32126,0.0
2024-06-26,336,347,336,341,61741,0.008875739644970349
2024-06-27,341,347,334,334,36735,-0.02052785923753664
2024-06-28,334,340,328,332,37487,-0.005988023952095856
2024-07-01,330,345,329,333,39650,0.003012048192771122
2024-07-02,331,339,330,334,86664,0.0030030030030030463
2024-07-03,327,336,327,332,36038,-0.005988023952095856
2024-07-04,332,334,325,331,104565,-0.003012048192771122
2024-07-05,331,342,331,335,100781,0.012084592145015005
2024-07-08,335,337,333,335,22816,0.0
2024-07-09,338,338,321,335,109373,0.0
2024-07-10,331,335,330,330,11490,-0.014925373134328401
2024-07-11,330,335,329,333,57224,0.009090909090909038
2024-07-12,334,334,329,333,41778,0.0
2024-07-15,349,351,328,332,83297,-0.0030030030030030463
2024-07-16,339,339,328,334,59948,0.006024096385542244
2024-07-17,330,344,330,334,53540,0.0
2024-07-18,330,350,329,335,30917,0.0029940119760478723
2024-07-19,335,336,322,335,71522,0.0
2024-07-22,331,336,328,336,60635,0.0029850746268655914
2024-07-23,336,336,324,333,71426,-0.008928571428571397
2024-07-24,333,333,328,331,57467,-0.006006006006005982
2024-07-25,334,334,320,320,87770,-0.033232628398791486
2024-07-26,320,320,300,311,189382,-0.028124999999999956
2024-07-29,311,319,311,315,52466,0.012861736334405238
2024-07-30,316,347,313,331,447306,0.050793650793650835
2024-07-31,331,346,331,336,113127,0.015105740181268867
2024-08-01,342,342,326,327,104974,-0.0267857142857143
2024-08-02,327,332,319,320,81804,-0.021406727828746197
2024-08-05,318,318,263,290,219127,-0.09375
2024-08-06,288,299,280,296,256967,0.020689655172413834
2024-08-07,296,296,286,291,118040,-0.016891891891891886
2024-08-08,293,295,286,295,94539,0.013745704467353903
2024-08-09,295,296,291,295,29586,0.0
2024-08-12,296,297,289,294,93470,-0.003389830508474523
2024-08-13,294,296,293,295,26226,0.00340136054421758
2024-08-14,295,299,294,297,30118,0.006779661016949046
2024-08-16,296,299,294,298,44829,0.0033670033670034627
2024-08-19,298,302,294,298,62519,0.0
2024-08-20,298,304,292,297,96842,-0.003355704697986628
2024-08-21,299,299,296,298,68664,0.0033670033670034627
2024-08-22,298,299,287,298,46511,0.0
2024-08-23,298,298,285,285,90792,-0.043624161073825496
2024-08-26,285,298,281,287,194698,0.007017543859649145
2024-08-27,287,298,278,298,170689,0.03832752613240409
2024-08-28,298,299,293,299,58697,0.003355704697986628
2024-08-29,299,388,299,375,21851196,0.254180602006689
2024-08-30,344,344,309,309,5934522,-0.17600000000000005
2024-09-02,314,330,302,302,2214436,-0.02265372168284785
2024-09-03,302,304,284,290,1371614,-0.039735099337748325
2024-09-04,289,289,274,287,914642,-0.010344827586206917
2024-09-05,287,292,279,287,439194,0.0
2024-09-06,288,298,278,279,469866,-0.027874564459930307
