Date,Open,High,Low,Close,Volume,Change
2022-01-03,5440,5600,5440,5570,2050064,0.02957486136783727
2022-01-04,5560,5640,5520,5580,1872407,0.0017953321364452268
2022-01-05,5580,5680,5560,5610,3196338,0.005376344086021501
2022-01-06,5530,5760,5480,5670,3831521,0.010695187165775444
2022-01-07,5720,5720,5570,5640,2356699,-0.005291005291005346
2022-01-10,5640,5830,5630,5800,4533942,0.028368794326241176
2022-01-11,5790,5810,5550,5560,3674627,-0.04137931034482756
2022-01-12,5610,5720,5590,5680,2291430,0.021582733812949728
2022-01-13,5710,5750,5630,5660,2151479,-0.0035211267605633756
2022-01-14,5600,5620,5360,5390,4047505,-0.04770318021201414
2022-01-17,5340,5420,5220,5260,2282273,-0.024118738404452666
2022-01-18,5240,5310,5130,5140,1831598,-0.02281368821292773
2022-01-19,5070,5260,5050,5170,1966764,0.005836575875486361
2022-01-20,5120,5280,5120,5280,1540527,0.02127659574468077
2022-01-21,5210,5270,5160,5220,1275357,-0.011363636363636354
2022-01-24,5200,5250,5070,5120,1779633,-0.019157088122605415
2022-01-25,5120,5130,4880,4900,3344356,-0.04296875
2022-01-26,4875,4975,4820,4900,1809835,0.0
2022-01-27,4940,4950,4710,4760,2648989,-0.02857142857142858
2022-01-28,4780,4915,4720,4915,2351852,0.03256302521008414
2022-02-03,4985,5060,4965,4985,2192567,0.014242115971515812
2022-02-04,4985,5100,4970,5080,1608857,0.01905717151454356
2022-02-07,5070,5100,4960,5080,1223796,0.0
2022-02-08,5120,5280,5110,5260,2818136,0.03543307086614167
2022-02-09,5340,5340,5240,5310,2489038,0.009505703422053147
2022-02-10,5430,6000,5330,5990,22466596,0.128060263653484
2022-02-11,5990,6100,5850,5960,13457539,-0.005008347245408995
2022-02-14,5880,6240,5850,6080,17552152,0.020134228187919545
2022-02-15,6070,6460,5930,5970,18024774,-0.018092105263157854
2022-02-16,6130,6160,6030,6100,5460682,0.021775544388609624
2022-02-17,6100,6330,5960,6090,12663896,-0.0016393442622950616
2022-02-18,6030,6380,6010,6290,10492853,0.03284072249589487
2022-02-21,6220,6370,6210,6290,4818901,0.0
2022-02-22,6160,6640,6160,6440,14560915,0.0238473767885532
2022-02-23,6540,6690,6450,6500,9713528,0.009316770186335477
2022-02-24,6560,6710,6390,6540,10059177,0.006153846153846176
2022-02-25,6540,6590,6200,6330,8218230,-0.032110091743119296
2022-02-28,6270,6630,6200,6570,7798766,0.03791469194312791
2022-03-02,6550,6700,6500,6600,4938031,0.004566210045662045
2022-03-03,6650,7070,6570,6990,10909984,0.05909090909090908
2022-03-04,6990,7330,6920,7100,15698649,0.01573676680972813
2022-03-07,7100,7270,6950,7110,6224182,0.0014084507042253502
2022-03-08,7110,7190,6970,7040,4529437,-0.009845288326300938
2022-03-10,7250,7270,6940,7180,5947461,0.019886363636363535
2022-03-11,7190,7690,7180,7490,11951277,0.04317548746518107
2022-03-14,7470,7710,7410,7580,5197160,0.012016021361815676
2022-03-15,7440,7490,7100,7210,7771305,-0.04881266490765168
2022-03-16,7300,7330,7030,7260,5548424,0.006934812760055475
2022-03-17,7250,7290,6970,7090,7267183,-0.023415977961432466
2022-03-18,7060,7180,7030,7060,3337981,-0.004231311706629048
2022-03-21,7050,7090,6950,6970,2638912,-0.012747875354107596
2022-03-22,6970,7230,6960,7080,3243366,0.015781922525107683
2022-03-23,7120,7170,6910,6940,3476865,-0.019774011299435013
2022-03-24,6980,7080,6940,7080,2910316,0.020172910662824117
2022-03-25,7060,7060,6730,6780,4629693,-0.0423728813559322
2022-03-28,6790,6860,6690,6810,2548693,0.004424778761061843
2022-03-29,6770,6830,6710,6720,2061320,-0.013215859030836996
2022-03-30,6840,6850,6680,6810,3082124,0.013392857142857206
2022-03-31,6820,7040,6800,6990,3266189,0.026431718061673992
2022-04-01,6910,6930,6670,6710,3326293,-0.04005722460658079
2022-04-04,6690,6730,6600,6650,2650366,-0.008941877794336861
2022-04-05,6610,6640,6460,6620,4364869,-0.004511278195488688
2022-04-06,6590,6710,6550,6600,2444279,-0.0030211480362537513
2022-04-07,6530,6540,6270,6330,4049927,-0.040909090909090895
2022-04-08,6340,6420,6230,6400,2412010,0.011058451816745585
2022-04-11,6400,6620,6320,6460,2489480,0.009374999999999911
2022-04-12,6320,6460,6250,6390,1779120,-0.010835913312693513
2022-04-13,6430,6440,6330,6370,1682077,-0.003129890453834161
2022-04-14,6440,6640,6370,6610,4252433,0.03767660910518056
2022-04-15,6700,6780,6570,6610,3779903,0.0
2022-04-18,6610,6670,6500,6520,1901232,-0.013615733736762503
2022-04-19,6580,6820,6510,6770,3432279,0.03834355828220848
2022-04-20,6820,6900,6660,6720,2209237,-0.00738552437223039
2022-04-21,6760,6830,6670,6730,1895209,0.0014880952380953438
2022-04-22,6740,6760,6540,6650,1876638,-0.011887072808320909
2022-04-25,6520,6570,6410,6440,1701996,-0.03157894736842104
2022-04-26,6400,6500,6350,6410,1673400,-0.004658385093167738
2022-04-27,6280,6500,6240,6490,1496175,0.012480499219968744
2022-04-28,6520,6650,6440,6620,2342106,0.02003081664098616
2022-04-29,6630,6690,6540,6660,1357451,0.0060422960725075026
2022-05-02,6580,6930,6450,6910,4122467,0.037537537537537524
2022-05-03,7050,7080,6800,6820,3128902,-0.013024602026049159
2022-05-04,6850,6930,6770,6840,1673552,0.0029325513196480912
2022-05-06,6780,7200,6770,7110,8527349,0.03947368421052633
2022-05-09,7120,7140,6850,7030,4563092,-0.011251758087201136
2022-05-10,6920,6990,6750,6780,3482160,-0.03556187766714081
2022-05-11,6860,7310,6840,7260,11894742,0.07079646017699126
2022-05-12,7350,7920,7230,7690,24592099,0.059228650137741035
2022-05-13,7690,7980,7610,7860,12521331,0.022106631989596837
2022-05-16,7890,7940,7710,7920,5026859,0.007633587786259444
2022-05-17,7900,8000,7770,7920,4260239,0.0
2022-05-18,7990,8040,7760,7970,5126125,0.0063131313131312705
2022-05-19,7860,8000,7760,7930,3993560,-0.005018820577164407
2022-05-20,8000,8170,7880,7930,4116405,0.0
2022-05-23,7920,8100,7830,7960,2434922,0.003783102143757988
2022-05-24,8040,8390,7970,8090,6484687,0.01633165829145722
2022-05-25,8070,8140,7920,7980,3979667,-0.013597033374536438
2022-05-26,7900,8150,7790,8000,3741534,0.0025062656641603454
2022-05-27,8030,8140,7960,8080,2975340,0.010000000000000009
2022-05-30,8070,8120,7510,7510,9909623,-0.0705445544554455
2022-05-31,7520,7620,7440,7600,5115553,0.011984021304926706
2022-06-02,7600,7700,7540,7540,3354008,-0.007894736842105288
2022-06-03,7570,7640,7500,7620,1930996,0.010610079575596787
2022-06-07,7600,7640,7510,7540,1785055,-0.01049868766404205
2022-06-08,7600,7630,7320,7370,2908360,-0.022546419098143256
2022-06-09,7220,7280,6910,7180,5839925,-0.02578018995929443
2022-06-10,6880,7110,6880,6980,3398772,-0.027855153203342642
2022-06-13,6900,6970,6710,6710,3287441,-0.0386819484240688
2022-06-14,6660,6800,6500,6650,3517937,-0.008941877794336861
2022-06-15,6650,6760,6510,6510,2429604,-0.021052631578947323
2022-06-16,6650,6730,6540,6580,2894335,0.010752688172043001
2022-06-17,6510,6720,6390,6650,3296594,0.010638297872340496
2022-06-20,6660,6770,6560,6610,4461417,-0.006015037593984918
2022-06-21,6690,6910,6640,6780,3370806,0.02571860816944027
2022-06-22,6820,6920,6630,6640,4137707,-0.020648967551622377
2022-06-23,6610,6670,5830,5830,10291200,-0.12198795180722888
2022-06-24,5890,6110,5750,5950,3456402,0.020583190394511064
2022-06-27,5920,6210,5800,6080,3984805,0.02184873949579824
2022-06-28,6160,6350,6090,6180,2669075,0.016447368421052655
2022-06-29,6080,6210,6030,6100,1674171,-0.012944983818770184
2022-06-30,6110,6110,5920,5940,2172083,-0.02622950819672132
2022-07-01,5950,6090,5780,5820,2347114,-0.02020202020202022
2022-07-04,5850,5900,5620,5710,2105854,-0.018900343642611728
2022-07-05,5720,5860,5720,5810,1072912,0.017513134851138368
2022-07-06,5740,5750,5450,5480,3760443,-0.05679862306368333
2022-07-07,5480,5570,5420,5480,2168091,0.0
2022-07-08,5600,5780,5550,5590,3156938,0.02007299270072993
2022-07-11,5600,5620,5400,5450,2734535,-0.025044722719141377
2022-07-12,5450,5450,5180,5280,3143528,-0.031192660550458662
2022-07-13,5250,5300,5180,5230,2897781,-0.009469696969697017
2022-07-14,5240,5360,5210,5280,2233253,0.009560229445506607
2022-07-15,5310,5350,5070,5170,2816025,-0.02083333333333337
2022-07-18,5270,5350,5180,5330,2019400,0.030947775628626717
2022-07-19,5330,5520,5310,5410,3042833,0.015009380863039379
2022-07-20,5500,5520,5430,5490,1885069,0.014787430683918634
2022-07-21,5490,5590,5460,5520,1724618,0.005464480874316946
2022-07-22,5550,5560,5470,5500,1437505,-0.0036231884057971175
2022-07-25,5480,5550,5450,5500,1059310,0.0
2022-07-26,5510,5720,5490,5660,2826268,0.029090909090909056
2022-07-27,5680,5700,5550,5620,1458948,-0.007067137809187329
2022-07-28,5690,5750,5530,5580,2437826,-0.007117437722419906
2022-07-29,5580,5700,5580,5650,1834137,0.012544802867383575
2022-08-01,5660,5810,5590,5660,3108627,0.001769911504424737
2022-08-02,5710,5820,5640,5680,3334469,0.0035335689045936647
2022-08-03,5610,5670,5510,5590,2372834,-0.015845070422535246
2022-08-04,5590,5690,5510,5670,2278714,0.014311270125223707
2022-08-05,5660,5690,5600,5620,1969518,-0.00881834215167554
2022-08-08,5620,5620,5440,5490,2445008,-0.02313167259786475
2022-08-09,5470,5660,5460,5630,2411445,0.02550091074681249
2022-08-10,5650,5660,5550,5600,1617943,-0.005328596802841923
2022-08-11,5660,5930,5640,5900,5118950,0.0535714285714286
2022-08-12,5860,5930,5760,5780,2932787,-0.02033898305084747
2022-08-16,5770,5790,5610,5610,3927066,-0.02941176470588236
2022-08-17,5620,5690,5540,5580,2057570,-0.005347593582887722
2022-08-18,5540,5580,5450,5520,2046928,-0.010752688172043001
2022-08-19,5490,5550,5460,5520,1078097,0.0
2022-08-22,5450,5450,5280,5360,1763461,-0.02898550724637683
2022-08-23,5320,5450,5320,5330,1754930,-0.005597014925373123
2022-08-24,5340,5370,5250,5290,1914459,-0.007504690431519689
2022-08-25,5290,5580,5290,5510,3220735,0.041587901701323204
2022-08-26,5500,5530,5410,5470,1712694,-0.007259528130671544
2022-08-29,5270,5280,5100,5130,3828148,-0.0621572212065814
2022-08-30,5150,5230,5110,5160,2210388,0.005847953216374213
2022-08-31,5050,5170,5010,5150,2816993,-0.0019379844961240345
2022-09-01,5090,5100,5000,5000,3098656,-0.029126213592232997
2022-09-02,5080,5110,5000,5030,2506369,0.006000000000000005
2022-09-05,5040,5070,4880,4940,3028617,-0.017892644135188873
2022-09-06,4905,5010,4905,4935,2035140,-0.0010121457489878916
2022-09-07,4900,4980,4855,4920,2963175,-0.003039513677811523
2022-09-08,4955,4960,4695,4830,6336882,-0.018292682926829285
2022-09-13,4910,5200,4910,5180,5768926,0.07246376811594213
2022-09-14,5010,5490,4985,5410,9272099,0.044401544401544424
2022-09-15,5500,5600,5430,5440,4855057,0.005545286506469571
2022-09-16,5370,5560,5370,5470,4193427,0.005514705882353033
2022-09-19,5420,5510,5280,5320,3305749,-0.027422303473491727
2022-09-20,5350,5450,5300,5330,2109383,0.001879699248120259
2022-09-21,5520,5600,5390,5480,4936712,0.02814258911819878
2022-09-22,5390,5500,5360,5420,2118588,-0.010948905109489093
2022-09-23,5340,5400,5150,5170,3075115,-0.04612546125461259
2022-09-26,5090,5140,4875,4890,2984777,-0.0541586073500967
2022-09-27,4875,5090,4865,5060,3444078,0.03476482617586907
2022-09-28,5040,5120,4800,4880,3680440,-0.035573122529644285
2022-09-29,4985,5060,4800,4800,3092819,-0.016393442622950838
2022-09-30,4750,4815,4475,4500,5187499,-0.0625
2022-10-04,4595,4845,4570,4815,2862248,0.07000000000000006
2022-10-05,4935,4935,4630,4635,2664306,-0.03738317757009346
2022-10-06,4700,4855,4685,4800,1589200,0.03559870550161803
2022-10-07,4735,4850,4720,4775,1901629,-0.00520833333333337
2022-10-11,4585,4650,4525,4570,1742670,-0.04293193717277488
2022-10-12,4540,4540,4335,4475,2602575,-0.020787746170678356
2022-10-13,4415,4525,4415,4415,1808566,-0.013407821229050265
2022-10-14,4500,4635,4445,4585,1744901,0.03850509626274068
2022-10-17,4515,4690,4475,4680,1503248,0.02071973827699014
2022-10-18,4705,4765,4650,4675,1467027,-0.0010683760683760646
2022-10-19,4700,4760,4630,4630,1643263,-0.009625668449197877
2022-10-20,4585,4690,4565,4690,1982971,0.012958963282937441
2022-10-21,4680,4680,4530,4545,1650162,-0.030916844349680117
2022-10-24,4630,4700,4530,4560,1571508,0.0033003300330032292
2022-10-25,4565,4580,4375,4415,2241038,-0.0317982456140351
2022-10-26,4420,4455,4320,4330,1737038,-0.01925254813137034
2022-10-27,4335,4395,4285,4340,2204158,0.002309468822170979
2022-10-28,4300,4355,4285,4330,1413334,-0.0023041474654378336
2022-10-31,4365,4370,4205,4300,2158367,-0.006928406466512715
2022-11-01,4270,4340,4255,4320,1742578,0.0046511627906977715
2022-11-02,4325,4425,4300,4420,2217892,0.02314814814814814
2022-11-03,4350,4355,4180,4180,3986851,-0.05429864253393668
2022-11-04,4195,4250,4140,4250,2264252,0.01674641148325362
2022-11-07,4265,4780,4250,4780,10011913,0.12470588235294122
2022-11-08,4790,4805,4690,4710,3072712,-0.014644351464435101
2022-11-09,4720,4840,4705,4750,2602573,0.00849256900212314
2022-11-10,4705,4945,4675,4790,3877556,0.008421052631578885
2022-11-11,4975,5190,4920,5120,5427249,0.06889352818371597
2022-11-14,5140,5430,5100,5250,4898336,0.025390625
2022-11-15,5300,5530,5250,5530,4781361,0.05333333333333323
2022-11-16,5540,5540,5190,5370,3775003,-0.02893309222423146
2022-11-17,5300,5350,5210,5250,2248438,-0.022346368715083775
2022-11-18,5250,5350,5180,5220,1726605,-0.005714285714285672
2022-11-21,5200,5220,5030,5120,2319914,-0.019157088122605415
2022-11-22,5100,5170,5050,5110,2007962,-0.001953125
2022-11-23,5130,5330,5120,5240,2530139,0.02544031311154593
2022-11-24,5280,5340,5120,5190,1465984,-0.009541984732824416
2022-11-25,5230,5280,5180,5190,747821,0.0
2022-11-28,5230,5320,5170,5220,2291657,0.005780346820809301
2022-11-29,5200,5410,5190,5350,1981522,0.02490421455938696
2022-11-30,5350,5400,5320,5390,1520726,0.007476635514018781
2022-12-01,5470,5480,5260,5420,2655580,0.005565862708719838
2022-12-02,5370,5450,5310,5450,1801215,0.005535055350553542
2022-12-05,5450,5730,5360,5670,4212153,0.04036697247706411
2022-12-06,5680,5750,5490,5520,2538317,-0.02645502645502651
2022-12-07,5510,5580,5360,5480,1634590,-0.007246376811594235
2022-12-08,5430,5700,5390,5680,3348384,0.03649635036496357
2022-12-09,5720,5980,5680,5950,6280793,0.04753521126760574
2022-12-12,5890,5970,5710,5730,3107280,-0.036974789915966366
2022-12-13,5720,5770,5510,5650,3483658,-0.013961605584642212
2022-12-14,5650,5710,5600,5640,1954809,-0.001769911504424737
2022-12-15,5640,5800,5590,5590,2768722,-0.00886524822695034
2022-12-16,5590,5900,5490,5880,4390088,0.051878354203935606
2022-12-19,5810,5980,5790,5880,2948409,0.0
2022-12-20,5840,5870,5610,5690,2945356,-0.03231292517006801
2022-12-21,5750,5860,5720,5800,2226069,0.019332161687170446
2022-12-22,5920,6200,5870,6170,8874533,0.06379310344827593
2022-12-23,6100,6170,6020,6030,3529549,-0.02269043760129663
2022-12-26,5980,6030,5850,5890,2533807,-0.023217247097844118
2022-12-27,5900,6020,5880,5970,2363742,0.013582342954159499
2022-12-28,5880,5910,5730,5890,2299003,-0.01340033500837523
2022-12-29,5880,5880,5710,5730,2155042,-0.02716468590831922
2023-01-02,5680,5730,5420,5500,3188278,-0.04013961605584637
2023-01-03,5500,5530,5350,5470,1988465,-0.00545454545454549
2023-01-04,5390,5390,5210,5230,3952317,-0.04387568555758681
2023-01-05,5260,5300,5140,5190,3386105,-0.007648183556405397
2023-01-06,5150,5500,5030,5440,3519076,0.048169556840077066
2023-01-09,5510,5540,5380,5440,2515377,0.0
2023-01-10,5450,5790,5440,5540,3732451,0.018382352941176405
2023-01-11,5620,5670,5470,5480,1975312,-0.010830324909747335
2023-01-12,5530,5580,5410,5410,2256423,-0.012773722627737238
2023-01-13,5460,5960,5450,5900,6191708,0.09057301293900188
2023-01-16,5900,5950,5720,5850,3581769,-0.008474576271186418
2023-01-17,5860,6150,5830,6030,4648203,0.03076923076923066
2023-01-18,6000,6160,5870,6100,3708888,0.011608623548922115
2023-01-19,6000,6180,5970,5990,3121816,-0.0180327868852459
2023-01-20,5990,6020,5840,5950,2529404,-0.006677796327211993
2023-01-25,5940,6020,5840,5900,2408359,-0.008403361344537785
2023-01-26,5930,6040,5840,5950,3131221,0.008474576271186418
2023-01-27,5900,6330,5900,6120,7042156,0.02857142857142847
2023-01-30,6120,6140,5850,5870,3776192,-0.040849673202614345
2023-01-31,5870,6080,5870,6030,3444666,0.027257240204429323
2023-02-01,6040,6360,6000,6340,5849971,0.05140961857379778
2023-02-02,6350,6420,6220,6230,2992306,-0.017350157728706628
2023-02-03,6230,6260,6040,6130,2680449,-0.0160513643659711
2023-02-06,6100,6120,5960,5990,1943840,-0.022838499184339334
2023-02-07,5950,6020,5890,5890,1950707,-0.016694490818030094
2023-02-08,5950,6010,5910,5950,1899297,0.01018675721561979
2023-02-09,5970,6150,5890,6000,3278215,0.008403361344537785
2023-02-10,6000,6060,5890,5940,2258106,-0.010000000000000009
2023-02-13,5950,6190,5770,6130,3349126,0.03198653198653201
2023-02-14,6230,6280,6010,6030,2594705,-0.01631321370309946
2023-02-15,6030,6210,5980,6040,2439453,0.0016583747927032544
2023-02-16,6120,6120,5910,5930,2614662,-0.018211920529801362
2023-02-17,5880,6150,5860,6070,2454063,0.02360876897133224
2023-02-20,6030,6130,5980,6020,1368233,-0.008237232289950547
2023-02-21,6040,6300,6000,6300,3785828,0.04651162790697683
2023-02-22,6260,6670,6180,6400,7066428,0.015873015873015817
2023-02-23,6470,6730,6400,6570,5219155,0.026562500000000044
2023-02-24,6680,6860,6590,6620,5188966,0.007610350076103556
2023-02-27,6680,6680,6480,6550,2887220,-0.010574018126888185
2023-02-28,6560,6610,6300,6330,3968143,-0.03358778625954195
2023-03-02,6460,6870,6440,6760,5781094,0.06793048973143767
2023-03-03,6770,6790,6520,6580,3246459,-0.026627218934911268
2023-03-06,6640,6640,6330,6370,3249658,-0.03191489361702127
2023-03-07,6400,6400,6210,6250,2898108,-0.01883830455259028
2023-03-08,6200,6210,6040,6080,3385131,-0.027200000000000002
2023-03-09,6140,6260,6130,6170,2895396,0.014802631578947345
2023-03-10,6050,6160,5950,6000,2378919,-0.027552674230145846
2023-03-13,6020,6090,5830,6000,1833158,0.0
2023-03-14,5970,5980,5810,5900,2106422,-0.01666666666666672
2023-03-15,6050,6080,5860,5900,1860038,0.0
2023-03-16,5750,5840,5590,5730,3157900,-0.028813559322033888
2023-03-17,5780,5790,5700,5710,1949375,-0.003490401396160525
2023-03-20,5710,5820,5660,5670,1461645,-0.007005253940455369
2023-03-21,5740,5740,5610,5640,1530060,-0.005291005291005346
2023-03-22,5700,5750,5580,5620,1645818,-0.0035460992907800915
2023-03-23,5550,5620,5490,5570,2164976,-0.008896797153024938
2023-03-24,5580,5600,5480,5540,1578461,-0.0053859964093356805
2023-03-27,5550,5560,5380,5480,2187596,-0.010830324909747335
2023-03-28,5580,5830,5570,5810,3803586,0.06021897810218979
2023-03-29,5820,5820,5690,5750,2153507,-0.0103270223752151
2023-03-30,5760,5920,5720,5830,2208183,0.013913043478260834
2023-03-31,5830,5890,5730,5810,1870177,-0.0034305317324184736
2023-04-03,5810,5950,5770,5890,2086253,0.013769363166953541
2023-04-04,5960,5960,5760,5830,2492650,-0.01018675721561968
2023-04-05,5880,6050,5790,5800,2147003,-0.005145797598627766
2023-04-06,5780,5800,5640,5660,1824628,-0.024137931034482807
2023-04-07,5660,5700,5500,5530,2697342,-0.02296819787985871
2023-04-10,5530,5640,5450,5560,1847848,0.005424954792043302
2023-04-11,5570,5780,5570,5740,2205660,0.03237410071942448
2023-04-12,5750,5890,5740,5860,2143771,0.020905923344947785
2023-04-13,5910,5990,5770,5860,2584704,0.0
2023-04-14,5900,6030,5870,6010,2483373,0.025597269624573427
2023-04-17,6020,6170,5960,6100,2803327,0.014975041597337757
2023-04-18,6120,6480,6090,6260,6373663,0.026229508196721207
2023-04-19,6260,6350,6160,6230,2886714,-0.004792332268370614
2023-04-20,6160,6260,6110,6130,2212084,-0.0160513643659711
2023-04-21,6100,6120,5890,5980,2318775,-0.024469820554649302
2023-04-24,5910,6000,5820,5840,1653815,-0.02341137123745818
2023-04-25,5850,5960,5750,5790,2298453,-0.008561643835616417
2023-04-26,5720,5770,5370,5390,3900617,-0.06908462867012088
2023-04-27,5420,5420,5200,5330,3972842,-0.011131725417439675
2023-04-28,5360,5560,5360,5440,2885827,0.02063789868667909
2023-05-02,5400,5400,5150,5300,2904847,-0.02573529411764708
2023-05-03,5180,5270,5080,5120,4119797,-0.03396226415094339
2023-05-04,5100,5180,5070,5150,1818607,0.005859375
2023-05-08,5180,5270,5150,5210,2054459,0.011650485436893288
2023-05-09,5240,5250,5090,5130,1533172,-0.015355086372360827
2023-05-10,5150,5160,5030,5040,1406387,-0.01754385964912286
2023-05-11,5090,5340,5090,5220,3028835,0.03571428571428581
2023-05-12,5270,5270,5070,5230,2426904,0.0019157088122605526
2023-05-15,5170,5250,5050,5110,2131727,-0.02294455066921608
2023-05-16,5100,5160,5060,5100,1296967,-0.00195694716242667
2023-05-17,5070,5140,5060,5100,1305225,0.0
2023-05-18,5140,5260,5120,5240,2133144,0.027450980392156765
2023-05-19,5220,5240,5140,5210,1694523,-0.005725190839694694
2023-05-22,5190,5320,5180,5280,1848543,0.013435700575815668
2023-05-23,5290,5340,5220,5240,1128865,-0.007575757575757569
2023-05-24,5240,5280,5140,5190,1602890,-0.009541984732824416
2023-05-25,5120,5190,5100,5120,1378929,-0.013487475915221592
2023-05-26,5100,5110,4675,4710,7986951,-0.080078125
2023-05-30,4750,4875,4720,4810,3241349,0.02123142250530785
2023-05-31,4740,4805,4710,4710,3378307,-0.02079002079002079
2023-06-01,4675,4745,4675,4725,2173368,0.0031847133757962887
2023-06-02,4750,4755,4700,4720,2349204,-0.0010582010582010914
2023-06-05,4800,4930,4795,4920,3957450,0.04237288135593231
2023-06-07,4985,5320,4960,5220,7464349,0.060975609756097615
2023-06-08,5230,5380,5220,5310,4542309,0.01724137931034475
2023-06-09,5330,5340,5160,5250,2298725,-0.011299435028248594
2023-06-12,5250,5290,5180,5220,1492267,-0.005714285714285672
2023-06-13,5240,5240,5160,5180,1779889,-0.007662835249042099
2023-06-14,5200,5360,5140,5320,2770548,0.027027027027026973
2023-06-15,5340,5350,5140,5180,2790975,-0.02631578947368418
2023-06-16,5230,5360,5220,5340,4523290,0.030888030888030826
2023-06-19,5380,5420,5250,5290,1509177,-0.009363295880149836
2023-06-20,5320,5720,5290,5470,8917256,0.03402646502835549
2023-06-21,5460,5500,5160,5170,4610731,-0.054844606946983565
2023-06-22,5170,5370,5170,5260,2208140,0.01740812379110257
2023-06-23,5310,5320,5080,5110,2086275,-0.028517110266159662
2023-06-26,5050,5160,5050,5110,1844175,0.0
2023-06-27,5120,5300,5110,5230,2465984,0.023483365949119372
2023-06-28,5250,5300,5140,5180,1873098,-0.009560229445506718
2023-06-29,5180,5210,5080,5090,1424243,-0.01737451737451734
2023-06-30,5150,5210,5100,5180,1395264,0.017681728880157177
2023-07-03,5190,5200,5070,5090,2642870,-0.01737451737451734
2023-07-04,5100,5170,5050,5080,1823392,-0.0019646365422396617
2023-07-05,5080,5130,5000,5030,1458264,-0.009842519685039353
2023-07-06,5030,5040,4915,4960,2143140,-0.013916500994035741
2023-07-07,4900,4940,4810,4855,2191478,-0.02116935483870963
2023-07-10,4805,4860,4730,4760,2700494,-0.019567456230690006
2023-07-11,4765,4790,4695,4770,2315498,0.0021008403361344463
2023-07-12,4785,5050,4785,5040,4118122,0.05660377358490565
2023-07-13,5090,5220,5070,5150,3730153,0.021825396825396748
2023-07-14,5170,5190,5060,5160,2469392,0.001941747572815622
2023-07-17,5090,5160,5010,5160,2231641,0.0
2023-07-18,5160,5170,4985,5020,2434678,-0.027131782945736482
2023-07-19,5010,5050,4920,4960,1676491,-0.01195219123505975
2023-07-20,4950,5060,4860,4985,2442252,0.00504032258064524
2023-07-21,5000,5040,4880,4910,1581762,-0.015045135406218657
2023-07-24,4885,4890,4745,4805,2294037,-0.021384928716904228
2023-07-25,4805,4860,4660,4680,2658038,-0.026014568158168605
2023-07-26,4685,4700,4475,4560,3373526,-0.02564102564102566
2023-07-27,4560,4755,4560,4740,2760982,0.03947368421052633
2023-07-28,4695,4870,4655,4810,1670054,0.014767932489451407
2023-07-31,4850,4890,4750,4780,1880210,-0.006237006237006182
2023-08-01,4790,4940,4780,4905,2211288,0.026150627615062705
2023-08-02,4890,4900,4750,4750,1526209,-0.031600407747196746
2023-08-03,4705,4740,4645,4690,1359709,-0.012631578947368438
2023-08-04,4685,4840,4680,4815,1706302,0.026652452025586415
2023-08-07,4870,4875,4755,4810,1291442,-0.0010384215991692258
2023-08-08,4835,4930,4775,4785,1176166,-0.00519750519750517
2023-08-09,4750,4800,4735,4775,1036524,-0.002089864158829724
2023-08-10,4775,4855,4715,4785,1743959,0.0020942408376962707
2023-08-11,4830,4920,4785,4805,2194701,0.004179728317659448
2023-08-14,4800,4805,4505,4570,3386030,-0.048907388137356955
2023-08-16,4565,4565,4330,4375,3999256,-0.04266958424507661
2023-08-17,4330,4575,4330,4545,2497326,0.03885714285714292
2023-08-18,4500,4540,4370,4400,2468547,-0.03190319031903188
2023-08-21,4425,4510,4425,4450,1183960,0.011363636363636465
2023-08-22,4420,4465,4365,4370,1620419,-0.017977528089887618
2023-08-23,4370,4380,4260,4310,2443271,-0.013729977116704761
2023-08-24,4355,4365,4315,4320,1125577,0.002320185614849146
2023-08-25,4280,4370,4275,4335,1202773,0.003472222222222321
2023-08-28,4335,4400,4335,4385,1250523,0.011534025374855927
2023-08-29,4415,4525,4410,4450,1563612,0.014823261117445918
2023-08-30,4530,4560,4465,4475,1517681,0.00561797752808979
2023-08-31,4480,4505,4425,4460,1673721,-0.003351955307262622
2023-09-01,4460,4480,4380,4440,1655346,-0.004484304932735439
2023-09-04,4405,4640,4405,4540,2679899,0.022522522522522515
2023-09-05,4505,4595,4425,4435,1653192,-0.02312775330396477
2023-09-06,4435,4535,4315,4335,2455867,-0.022547914317925577
2023-09-07,4320,4340,4220,4240,1946973,-0.021914648212226107
2023-09-08,4240,4315,4240,4285,1733973,0.010613207547169878
2023-09-11,4305,4335,4270,4310,1938378,0.005834305717619559
2023-09-12,4315,4350,4225,4255,2191689,-0.012761020881670526
2023-09-13,4255,4335,4240,4315,2017978,0.014101057579318343
2023-09-14,4325,4350,4250,4320,2427831,0.0011587485515642815
2023-09-15,4355,4930,4355,4820,17973408,0.1157407407407407
2023-09-18,4770,4790,4500,4610,5590348,-0.04356846473029041
2023-09-19,4615,4725,4535,4655,3855237,0.009761388286334105
2023-09-20,4720,5250,4715,5080,21471571,0.09129967776584325
2023-09-21,4960,5160,4905,5120,8765538,0.007874015748031482
2023-09-22,5050,5050,4800,4950,5802115,-0.033203125
2023-09-25,4955,5080,4810,4825,3622668,-0.025252525252525304
2023-09-26,4865,5050,4780,4815,4816671,-0.002072538860103612
2023-09-27,4840,4980,4795,4960,4045630,0.03011422637590866
2023-10-04,4930,5040,4800,4860,4485419,-0.020161290322580627
2023-10-05,4880,4885,4625,4695,3237878,-0.03395061728395066
2023-10-06,4745,4820,4660,4725,2127263,0.006389776357827559
2023-10-10,4795,4880,4680,4690,2715496,-0.007407407407407418
2023-10-11,4725,4740,4465,4490,4938314,-0.04264392324093813
2023-10-12,4480,4505,4330,4360,5977650,-0.028953229398663738
2023-10-13,4335,4360,4105,4120,6825201,-0.05504587155963303
2023-10-16,4150,4185,4050,4125,5367529,0.0012135922330096527
2023-10-17,4140,4300,4140,4260,5291973,0.032727272727272716
2023-10-18,4260,4470,4260,4300,8122535,0.009389671361502261
2023-10-19,4260,4485,4175,4450,9253218,0.03488372093023262
2023-10-20,4415,4415,4200,4205,4871677,-0.05505617977528088
2023-10-23,4205,4235,4145,4190,1937852,-0.003567181926278251
2023-10-24,4195,4340,4165,4295,2703052,0.02505966587112174
2023-10-25,4305,4480,4290,4440,3849600,0.033760186263096514
2023-10-26,4355,4360,4215,4235,2801561,-0.0461711711711712
2023-10-27,4275,4330,4220,4255,1702651,0.0047225501770955525
2023-10-30,4230,4345,4210,4320,1849165,0.01527614571092828
2023-10-31,4370,4385,4270,4300,1812497,-0.00462962962962965
2023-11-01,4335,4400,4290,4340,1527778,0.009302325581395321
2023-11-02,4365,4400,4160,4195,4414404,-0.033410138248847976
2023-11-03,4215,4285,4155,4275,2608089,0.019070321811680557
2023-11-06,4420,4640,4415,4600,6566291,0.07602339181286544
2023-11-07,4575,4600,4430,4540,1876354,-0.013043478260869601
2023-11-08,4575,4590,4490,4560,1243785,0.004405286343612369
2023-11-09,4570,4645,4565,4600,1806100,0.00877192982456143
2023-11-10,4520,4595,4505,4525,1132793,-0.016304347826086918
2023-11-13,4525,4570,4435,4460,1805217,-0.01436464088397793
2023-11-14,4510,4515,4205,4215,4381378,-0.05493273542600896
2023-11-15,4255,4285,4195,4215,3783228,0.0
2023-11-16,4230,4235,4120,4130,4223993,-0.02016607354685651
2023-11-17,4185,4185,4090,4110,2058039,-0.004842615012106588
2023-11-20,4110,4250,4105,4205,2426540,0.02311435523114347
2023-11-21,4245,4300,4215,4300,2608578,0.022592152199762294
2023-11-22,4270,4390,4255,4340,3926412,0.009302325581395321
2023-11-23,4360,4365,4250,4280,1759577,-0.01382488479262678
2023-11-24,4285,4310,4165,4220,2943423,-0.014018691588784993
2023-11-27,4250,4360,4210,4260,4030249,0.009478672985782088
2023-11-28,4290,4455,4270,4430,6139442,0.039906103286385
2023-11-29,4460,4470,4365,4370,3170285,-0.013544018058690765
2023-11-30,4420,4795,4380,4525,39663902,0.035469107551487467
2023-12-01,4700,4970,4605,4845,16239929,0.0707182320441988
2023-12-04,4985,5150,4695,4720,11071898,-0.02579979360165119
2023-12-05,4735,4795,4580,4625,4335800,-0.0201271186440678
2023-12-06,4530,4530,4340,4370,6949792,-0.05513513513513513
2023-12-07,4345,4405,4260,4365,3274817,-0.0011441647597254523
2023-12-08,4365,4385,4300,4315,3082995,-0.01145475372279492
2023-12-11,4320,4405,4320,4360,2040825,0.010428736964078755
2023-12-12,4405,4455,4370,4385,2718521,0.005733944954128489
2023-12-13,4435,4435,4290,4295,2411099,-0.02052451539338651
2023-12-14,4330,4400,4260,4400,3940291,0.024447031431897637
2023-12-15,4405,4430,4325,4375,2681135,-0.005681818181818232
2023-12-18,4510,4590,4380,4555,6768331,0.04114285714285715
2023-12-19,4650,4750,4065,4095,35044786,-0.10098792535675083
2023-12-20,3855,4325,3845,4000,49721009,-0.023199023199023228
2023-12-21,4145,4190,3850,3860,19755319,-0.03500000000000003
2023-12-22,3850,3895,3685,3730,14611883,-0.033678756476683946
2023-12-26,3695,3800,3675,3700,7771962,-0.008042895442359255
2023-12-27,3745,3770,3600,3625,6019799,-0.020270270270270285
2023-12-28,3640,3760,3610,3735,5266164,0.030344827586206824
2024-01-02,3715,3785,3705,3735,3215670,0.0
2024-01-03,3760,3785,3680,3695,3218399,-0.010709504685408322
2024-01-04,3720,3805,3670,3675,6877944,-0.005412719891745632
2024-01-05,3710,3710,3615,3645,2932408,-0.008163265306122436
2024-01-08,3630,3730,3630,3705,2928428,0.016460905349794164
2024-01-09,3700,3810,3700,3740,4501235,0.009446693657219951
2024-01-10,3730,3770,3550,3555,6143078,-0.049465240641711206
2024-01-11,3575,3615,3520,3545,4839564,-0.002812939521800284
2024-01-12,3580,3655,3525,3595,7666992,0.014104372355430161
2024-01-15,3625,3670,3575,3610,4615115,0.004172461752433909
2024-01-16,3610,3720,3500,3510,4362745,-0.027700831024930705
2024-01-17,3510,3845,3510,3620,22132099,0.031339031339031376
2024-01-18,3600,3785,3540,3685,8619506,0.017955801104972302
2024-01-19,3695,3800,3590,3625,7186102,-0.016282225237449155
2024-01-22,3655,3745,3620,3710,5023321,0.02344827586206888
2024-01-23,3730,3835,3715,3750,9633078,0.010781671159029615
2024-01-24,3760,3795,3560,3595,5159520,-0.04133333333333333
2024-01-25,3595,3635,3540,3625,3064359,0.008344923504867818
2024-01-26,3610,3665,3605,3620,2016251,-0.0013793103448276334
2024-01-29,3625,3660,3570,3615,2755421,-0.0013812154696132284
2024-01-30,3655,3780,3640,3710,7215506,0.026279391424619547
2024-01-31,3720,3725,3610,3655,3143305,-0.014824797843665749
2024-02-01,3625,3745,3625,3725,3866771,0.019151846785225635
2024-02-02,3730,3840,3705,3825,4718054,0.02684563758389258
2024-02-05,3800,3800,3570,3600,7502230,-0.05882352941176472
2024-02-06,3590,3630,3550,3580,3259023,-0.005555555555555536
2024-02-07,4275,4600,4145,4335,109140490,0.21089385474860345
2024-02-08,4400,4650,4260,4490,52559611,0.035755478662053086
2024-02-13,4505,4545,4395,4405,10644943,-0.018930957683741645
2024-02-14,4370,4370,4275,4325,6715348,-0.018161180476730987
2024-02-15,4325,4360,4210,4240,6487063,-0.01965317919075149
2024-02-16,4275,4480,4275,4445,10796293,0.048349056603773644
2024-02-19,4440,4620,4410,4580,8442109,0.030371203599550034
2024-02-20,4605,4605,4470,4570,5754455,-0.0021834061135370675
2024-02-21,4570,4600,4470,4490,3883652,-0.017505470459518557
2024-02-22,4510,4525,4450,4520,3027158,0.006681514476614803
2024-02-23,4540,4565,4450,4485,4142729,-0.007743362831858391
2024-02-26,4530,4635,4510,4580,5136099,0.021181716833890807
2024-02-27,4615,4675,4520,4520,5893480,-0.013100436681222738
2024-02-28,4535,4625,4485,4600,3437819,0.017699115044247815
2024-02-29,4650,5060,4635,4865,24265858,0.05760869565217397
2024-03-04,4875,4960,4805,4890,5273606,0.005138746145940454
2024-03-05,4890,4915,4700,4745,5388953,-0.029652351738241323
2024-03-06,4745,4780,4665,4665,3353254,-0.01685985247629085
2024-03-07,4690,4735,4540,4550,3368016,-0.024651661307609873
2024-03-08,4595,4650,4570,4580,2120932,0.00659340659340657
2024-03-11,4575,4685,4570,4610,2883258,0.0065502183406114245
2024-03-12,4635,4635,4470,4485,3706264,-0.027114967462039008
2024-03-13,4495,4535,4270,4280,6761338,-0.04570791527313267
2024-03-14,4310,4475,4240,4420,5866493,0.032710280373831724
2024-03-15,4450,4490,4335,4450,4051964,0.006787330316742057
2024-03-18,4495,4495,4355,4380,2805528,-0.01573033707865168
2024-03-19,4365,4385,4310,4345,1673509,-0.007990867579908634
2024-03-20,4350,4400,4310,4360,1563916,0.0034522439585731313
2024-03-21,4400,4455,4385,4400,2926956,0.00917431192660545
2024-03-22,4390,4480,4370,4435,2881291,0.007954545454545547
2024-03-25,4460,4460,4210,4210,4548022,-0.050732807215332576
2024-03-26,4210,4280,4190,4280,2134503,0.016627078384798155
2024-03-27,4235,4320,4230,4265,2446902,-0.003504672897196248
2024-03-28,4245,4270,4200,4260,2133689,-0.0011723329425556983
2024-03-29,4235,4255,4100,4135,2877402,-0.02934272300469487
2024-04-01,4125,4165,4115,4140,1309946,0.0012091898428052694
2024-04-02,4115,4130,4055,4080,2141354,-0.01449275362318836
2024-04-03,4045,4160,4040,4115,2759373,0.008578431372548989
2024-04-04,4135,4155,4030,4060,1756135,-0.013365735115431376
2024-04-05,4020,4060,3995,4020,2226473,-0.009852216748768461
2024-04-08,4030,4090,3950,4090,1761421,0.017412935323383172
2024-04-09,4090,4130,4045,4120,1372906,0.007334963325183352
2024-04-11,4075,4180,4065,4130,1974489,0.0024271844660195274
2024-04-12,4125,4145,4025,4050,1689441,-0.01937046004842613
2024-04-15,4045,4160,4045,4120,1742110,0.01728395061728394
2024-04-16,4120,4125,3920,3945,2913946,-0.04247572815533984
2024-04-17,3950,3955,3875,3920,1908448,-0.006337135614702172
2024-04-18,3900,4015,3875,3955,2579632,0.008928571428571397
2024-04-19,3950,4065,3850,4015,4453177,0.015170670037926604
2024-04-22,4050,4160,4050,4125,2059754,0.027397260273972712
2024-04-23,4125,4170,4075,4160,1793995,0.00848484848484854
2024-04-24,4160,4160,4085,4115,1661268,-0.01081730769230771
2024-04-25,4085,4185,4080,4145,1627090,0.007290400972053357
2024-04-26,4135,4145,4035,4070,1441436,-0.018094089264173663
2024-04-29,4100,4220,4100,4200,3101457,0.03194103194103204
2024-04-30,4195,4215,4110,4110,1848410,-0.021428571428571463
2024-05-02,4100,4180,4095,4135,1316823,0.006082725060827299
2024-05-03,4170,4195,4120,4175,994214,0.0096735187424426
2024-05-07,4215,4245,4170,4225,1509864,0.011976047904191711
2024-05-08,4290,4630,4280,4535,18318118,0.07337278106508882
2024-05-09,4550,4720,4515,4645,10283293,0.024255788313120252
2024-05-10,4680,4880,4675,4815,10567400,0.03659849300322926
2024-05-13,4885,4895,4600,4625,4836154,-0.039460020768432025
2024-05-14,4745,4745,4530,4610,4360662,-0.00324324324324321
2024-05-16,4625,4630,4380,4440,4434645,-0.03687635574837311
2024-05-17,4445,4530,4300,4340,3147183,-0.022522522522522515
2024-05-20,4390,4535,4385,4440,3097130,0.02304147465437789
2024-05-21,4440,4445,4330,4335,2367620,-0.023648648648648685
2024-05-22,4355,4405,4305,4355,1933343,0.0046136101499423265
2024-05-23,4335,4340,4255,4265,1888728,-0.02066590126291623
2024-05-24,4225,4280,4215,4255,1206454,-0.0023446658851113966
2024-05-27,4310,4400,4275,4285,1530148,0.007050528789659172
2024-05-28,4305,4365,4275,4340,1441999,0.012835472578763163
2024-05-29,4370,4375,4295,4350,1446564,0.0023041474654377225
2024-05-30,4310,4335,4200,4210,1580716,-0.03218390804597704
2024-05-31,4250,4450,4230,4305,4750803,0.0225653206650831
2024-06-03,4430,4530,4425,4460,4991390,0.03600464576074325
2024-06-04,4455,4475,4335,4380,2349884,-0.017937219730941756
2024-06-05,4405,4440,4265,4275,1894913,-0.023972602739726012
2024-06-07,4280,4345,4255,4280,1469131,0.0011695906432749315
2024-06-10,4295,4310,4190,4205,1639243,-0.017523364485981352
2024-06-11,4205,4245,4110,4110,1792987,-0.022592152199762183
2024-06-12,4105,4125,4060,4080,1610105,-0.007299270072992692
2024-06-13,4070,4150,4040,4040,3062018,-0.009803921568627416
2024-06-14,4070,4145,4065,4080,1880601,0.00990099009900991
2024-06-17,4110,4115,4000,4020,1981170,-0.014705882352941124
2024-06-18,4030,4050,4000,4000,1680431,-0.00497512437810943
2024-06-19,4030,4075,3995,4065,1943243,0.016250000000000098
2024-06-20,4085,4265,4065,4230,4058535,0.040590405904058935
2024-06-21,4250,4265,4065,4080,2767668,-0.03546099290780147
2024-06-24,4100,4130,4035,4035,1857649,-0.011029411764705843
2024-06-25,4150,4250,4115,4155,4361475,0.029739776951672958
2024-06-26,4180,4190,4140,4175,1596038,0.004813477737665384
2024-06-27,4145,4160,4100,4100,1293006,-0.017964071856287456
2024-06-28,4135,4345,4130,4285,6075304,0.045121951219512235
2024-07-01,4305,4320,4200,4220,2161732,-0.01516919486581092
2024-07-02,4305,4435,4160,4180,5636475,-0.009478672985781977
2024-07-03,4215,4275,4155,4175,2238557,-0.0011961722488038617
2024-07-04,4175,4210,4095,4115,2232114,-0.014371257485029987
2024-07-05,4130,4140,4050,4060,2325633,-0.013365735115431376
2024-07-08,4060,4060,3960,3995,2630803,-0.016009852216748777
2024-07-09,3995,4020,3945,3960,2543206,-0.008760951188986232
2024-07-10,3960,3975,3910,3915,2446786,-0.011363636363636354
2024-07-11,3970,3970,3900,3905,1774981,-0.0025542784163473664
2024-07-12,3920,3930,3885,3905,1574496,0.0
2024-07-15,3930,3930,3875,3885,1624914,-0.005121638924455829
2024-07-16,3895,3915,3870,3880,1738905,-0.0012870012870013214
2024-07-17,3905,3915,3845,3850,2174524,-0.0077319587628865705
2024-07-18,3810,3850,3755,3835,2384137,-0.003896103896103842
2024-07-19,3825,3825,3755,3765,1916800,-0.018252933507170832
2024-07-22,3750,3780,3635,3695,2717985,-0.01859229747675961
2024-07-23,3715,3775,3675,3675,1997479,-0.005412719891745632
2024-07-24,3620,3845,3620,3840,3411375,0.044897959183673564
2024-07-25,3785,3790,3670,3680,2531051,-0.04166666666666663
2024-07-26,3675,3800,3655,3800,2360794,0.032608695652173836
2024-07-29,3825,3875,3765,3780,2006351,-0.0052631578947368585
2024-07-30,3775,3835,3765,3810,1636058,0.007936507936507908
2024-07-31,3810,3890,3765,3875,2095811,0.017060367454068137
2024-08-01,3895,3995,3855,3960,4100392,0.021935483870967776
2024-08-02,3885,3935,3690,3715,5388347,-0.06186868686868685
2024-08-05,3705,3720,3345,3410,5222229,-0.08209959623149399
2024-08-06,3440,3685,3440,3650,3286748,0.07038123167155419
2024-08-07,3635,3700,3580,3645,2277439,-0.00136986301369868
2024-08-08,3575,3690,3575,3690,2047777,0.012345679012345734
2024-08-09,3695,3715,3645,3660,1690917,-0.008130081300813052
2024-08-12,3680,3715,3640,3690,1237669,0.008196721311475308
2024-08-13,3725,3795,3655,3695,2472470,0.0013550135501354532
2024-08-14,3715,3750,3690,3750,1868510,0.014884979702300516
2024-08-16,3785,3825,3750,3800,2972078,0.01333333333333342
2024-08-19,3805,3810,3690,3725,1551447,-0.019736842105263164
2024-08-20,3725,3785,3715,3780,1504670,0.014765100671140896
2024-08-21,3750,3775,3725,3760,1054750,-0.005291005291005346
2024-08-22,3765,3815,3750,3815,1391921,0.0146276595744681
2024-08-23,3785,3795,3705,3730,1338197,-0.022280471821756187
2024-08-26,3745,3765,3720,3730,804626,0.0
2024-08-27,3765,3830,3715,3780,1971203,0.013404825737265424
2024-08-28,3765,3850,3710,3730,1667569,-0.013227513227513255
2024-08-29,3720,3725,3630,3630,1609054,-0.02680965147453085
2024-08-30,3635,3705,3630,3705,1698957,0.02066115702479343
2024-09-02,3680,3695,3575,3575,2017440,-0.03508771929824561
2024-09-03,3585,3630,3580,3610,986409,0.009790209790209836
2024-09-04,3500,3530,3455,3465,2287679,-0.040166204986149534
2024-09-05,3475,3540,3465,3540,1809563,0.02164502164502169
2024-09-06,3490,3505,3365,3380,2684738,-0.04519774011299438
