Date,Open,High,Low,Close,Volume,Change
2022-01-03,10550,10800,10500,10700,126494,0.01904761904761898
2022-01-04,10650,10800,10550,10600,103220,-0.009345794392523366
2022-01-05,10600,10650,10050,10250,270101,-0.03301886792452835
2022-01-06,10100,10300,10050,10150,104294,-0.009756097560975618
2022-01-07,10250,10450,10200,10300,101220,0.014778325123152802
2022-01-10,10100,10400,10100,10100,133444,-0.01941747572815533
2022-01-11,10100,10350,10100,10250,130363,0.014851485148514865
2022-01-12,10250,10400,10200,10300,100773,0.004878048780487809
2022-01-13,10300,10400,10050,10150,146395,-0.014563106796116498
2022-01-14,10100,10150,9950,10050,114556,-0.009852216748768461
2022-01-17,9900,9990,9760,9760,191494,-0.028855721393034828
2022-01-18,9660,9950,9550,9580,97644,-0.018442622950819665
2022-01-19,9520,9690,9350,9400,106089,-0.018789144050104345
2022-01-20,9360,9780,9360,9710,72494,0.03297872340425534
2022-01-21,9710,9940,9620,9700,73674,-0.001029866117404743
2022-01-24,9610,9750,9440,9700,127467,0.0
2022-01-25,9780,9950,9220,9460,404233,-0.024742268041237137
2022-01-26,9320,9650,9320,9400,120517,-0.006342494714587699
2022-01-27,9400,9540,9000,9000,223947,-0.04255319148936165
2022-01-28,8820,9700,8820,9630,553663,0.07000000000000006
2022-02-03,9850,10550,9780,10400,646206,0.07995846313603328
2022-02-04,10350,10400,9900,10000,310107,-0.038461538461538436
2022-02-07,10150,10400,10050,10350,153025,0.03499999999999992
2022-02-08,10300,10300,9920,10100,170033,-0.024154589371980673
2022-02-09,10250,10250,10000,10150,71786,0.004950495049504955
2022-02-10,10150,10700,10050,10650,356268,0.049261083743842304
2022-02-11,10300,11600,9860,9860,1539455,-0.0741784037558686
2022-02-14,9750,9910,9050,9290,283507,-0.057809330628803224
2022-02-15,9250,9350,9030,9170,165031,-0.012917115177610294
2022-02-16,9250,9750,9250,9750,152009,0.06324972737186485
2022-02-17,9750,9840,9300,9730,176380,-0.002051282051282022
2022-02-18,9850,10100,9720,9720,187591,-0.0010277492291880241
2022-02-21,9720,9740,9530,9720,70072,0.0
2022-02-22,9570,9640,9270,9270,145479,-0.04629629629629628
2022-02-23,9550,9570,9300,9320,62632,0.005393743257820827
2022-02-24,9300,9320,8940,8970,167071,-0.037553648068669565
2022-02-25,9000,9200,8950,9000,109505,0.0033444816053511683
2022-02-28,8990,9190,8940,9100,101899,0.011111111111111072
2022-03-02,9090,9330,9020,9310,83158,0.023076923076922995
2022-03-03,9310,9460,9190,9450,73817,0.015037593984962516
2022-03-04,9460,9460,9220,9260,48493,-0.02010582010582007
2022-03-07,9210,9290,9040,9100,80810,-0.017278617710583144
2022-03-08,8990,9200,8860,9050,63959,-0.005494505494505475
2022-03-10,9050,9170,8900,9060,81268,0.0011049723756906271
2022-03-11,9010,9150,8960,9030,56610,-0.0033112582781457123
2022-03-14,9030,9080,8760,8950,73405,-0.008859357696566983
2022-03-15,8850,8990,8820,8950,44919,0.0
2022-03-16,9030,9250,8990,9040,99782,0.010055865921787754
2022-03-17,9080,9260,9070,9220,92782,0.019911504424778848
2022-03-18,9220,9280,9120,9270,66372,0.005422993492407713
2022-03-21,9350,9350,9120,9130,56390,-0.015102481121898603
2022-03-22,9110,9230,9070,9200,62406,0.00766703176341732
2022-03-23,9230,9240,9150,9220,61109,0.0021739130434783593
2022-03-24,9140,9370,9080,9290,94348,0.00759219088937102
2022-03-25,9320,9580,9310,9500,162066,0.022604951560817987
2022-03-28,9410,9490,9330,9400,79285,-0.010526315789473717
2022-03-29,9340,9680,9310,9500,102055,0.010638297872340496
2022-03-30,9520,9670,9420,9500,56868,0.0
2022-03-31,9410,9500,9380,9490,57153,-0.001052631578947416
2022-04-01,9410,9430,9220,9420,89918,-0.00737618545837726
2022-04-04,9390,9470,8850,9420,153931,0.0
2022-04-05,9420,9450,9150,9440,42258,0.002123142250530785
2022-04-06,9340,9530,9310,9410,51640,-0.0031779661016949623
2022-04-07,9400,9400,9070,9150,75772,-0.02763018065887357
2022-04-08,9070,9200,9020,9110,30793,-0.0043715846994535346
2022-04-11,9200,9200,8840,8860,112902,-0.027442371020856227
2022-04-12,8730,8900,8720,8720,68553,-0.015801354401805856
2022-04-13,8720,8980,8720,8910,41522,0.02178899082568808
2022-04-14,8990,8990,8840,8880,29364,-0.0033670033670033517
2022-04-15,8730,8880,8700,8770,67017,-0.012387387387387427
2022-04-18,8720,8720,8310,8470,119626,-0.03420752565564422
2022-04-19,8430,8590,8430,8490,37686,0.0023612750885477762
2022-04-20,8590,8600,8440,8560,32344,0.008244994110718551
2022-04-21,8510,8560,8420,8480,66000,-0.009345794392523366
2022-04-22,8340,8450,8330,8410,65660,-0.008254716981132115
2022-04-25,8330,8360,8160,8160,105272,-0.029726516052318686
2022-04-26,8040,8260,8040,8140,68162,-0.002450980392156854
2022-04-27,8020,8110,7960,8010,60934,-0.01597051597051602
2022-04-28,8060,8100,7840,7950,102756,-0.0074906367041198685
2022-04-29,7950,8050,7860,8050,57176,0.012578616352201255
2022-05-02,7990,8000,7860,7990,59993,-0.007453416149068359
2022-05-03,7990,8110,7970,8040,63817,0.006257822277847325
2022-05-04,8010,8040,7880,7970,65547,-0.008706467661691586
2022-05-06,7820,7940,7640,7810,156981,-0.020075282308657516
2022-05-09,7660,7760,7640,7650,70393,-0.020486555697823317
2022-05-10,7560,7600,7310,7540,77344,-0.01437908496732021
2022-05-11,7420,7740,7420,7690,37845,0.019893899204244114
2022-05-12,7650,7910,7580,7760,102462,0.00910273081924573
2022-05-13,7750,8200,7750,8080,126441,0.04123711340206193
2022-05-16,8210,8310,8100,8160,106551,0.00990099009900991
2022-05-17,8380,8380,8210,8300,78846,0.017156862745097978
2022-05-18,8490,9400,8250,8270,2228781,-0.0036144578313253017
2022-05-19,8250,8350,8030,8270,116245,0.0
2022-05-20,8270,8350,8140,8200,110630,-0.008464328899637219
2022-05-23,8200,8490,8190,8320,150189,0.014634146341463428
2022-05-24,8330,8330,8050,8070,75444,-0.030048076923076872
2022-05-25,8080,8120,8020,8070,52727,0.0
2022-05-26,8080,8230,8050,8090,72568,0.0024783147459728205
2022-05-27,8140,8310,8100,8150,61835,0.007416563658838138
2022-05-30,8180,8340,8160,8250,53368,0.012269938650306678
2022-05-31,8320,8350,8160,8300,63869,0.0060606060606061
2022-06-02,8300,8530,8260,8450,79839,0.01807228915662651
2022-06-03,8490,8540,8390,8390,47087,-0.007100591715976323
2022-06-07,8320,8500,8200,8200,50754,-0.022646007151370662
2022-06-08,8180,8420,8180,8240,55070,0.004878048780487809
2022-06-09,8180,8230,8030,8070,98786,-0.020631067961165095
2022-06-10,8040,8420,7860,8290,175258,0.027261462205700138
2022-06-13,8100,8100,7360,7360,203711,-0.112183353437877
2022-06-14,7160,7360,7100,7110,136475,-0.03396739130434778
2022-06-15,7010,7140,6800,6940,106508,-0.023909985935302358
2022-06-16,7000,7240,6800,6840,79166,-0.014409221902017322
2022-06-17,6550,6970,6490,6940,100071,0.014619883040935644
2022-06-20,6950,7050,6430,6430,92842,-0.07348703170028814
2022-06-21,6440,6650,6390,6630,72837,0.031104199066874116
2022-06-22,6620,6880,6320,6400,85383,-0.03469079939668174
2022-06-23,6350,6420,5940,6000,105852,-0.0625
2022-06-24,5870,6430,5870,6360,159746,0.06000000000000005
2022-06-27,6450,6610,6280,6460,65642,0.01572327044025168
2022-06-28,6490,6600,6390,6550,68456,0.01393188854489158
2022-06-29,6330,6700,6330,6680,45059,0.01984732824427482
2022-06-30,6610,6940,6610,6810,81905,0.019461077844311392
2022-07-01,6940,8250,6900,7200,3215718,0.05726872246696035
2022-07-04,7240,7670,7180,7530,578210,0.04583333333333339
2022-07-05,7630,7680,7320,7460,284219,-0.009296148738379806
2022-07-06,7420,7620,7240,7250,172162,-0.02815013404825739
2022-07-07,7280,7720,7270,7520,184063,0.03724137931034477
2022-07-08,7670,7830,7420,7640,170471,0.015957446808510634
2022-07-11,7830,8430,7820,8260,721938,0.08115183246073299
2022-07-12,8450,8830,8120,8680,1184943,0.05084745762711873
2022-07-13,8870,8910,8300,8400,393726,-0.032258064516129004
2022-07-14,8400,8850,8220,8790,335254,0.046428571428571486
2022-07-15,8810,9020,8640,8650,359408,-0.015927189988623414
2022-07-18,8660,8760,8500,8680,205388,0.003468208092485492
2022-07-19,8700,8900,8600,8700,159621,0.0023041474654377225
2022-07-20,8800,8800,8540,8570,150342,-0.014942528735632177
2022-07-21,8620,8620,8280,8280,146690,-0.03383897316219375
2022-07-22,8300,8390,8060,8210,102636,-0.008454106280193274
2022-07-25,8250,8350,8140,8170,58726,-0.00487210718635811
2022-07-26,8220,8340,8040,8080,91213,-0.011015911872705009
2022-07-27,8100,8190,7870,7890,73436,-0.023514851485148536
2022-07-28,7890,7900,7650,7790,169172,-0.012674271229404344
2022-07-29,7770,7830,7550,7590,83583,-0.025673940949935803
2022-08-01,7600,7670,7450,7660,68277,0.00922266139657446
2022-08-02,7750,7970,7620,7960,135103,0.039164490861618884
2022-08-03,7960,8000,7750,7790,65268,-0.021356783919597944
2022-08-04,7830,7880,7710,7710,57603,-0.010269576379974277
2022-08-05,7720,8070,7720,7970,86268,0.033722438391699194
2022-08-08,7980,8160,7850,8040,99088,0.008782936010037545
2022-08-09,8040,8100,7900,7960,67664,-0.00995024875621886
2022-08-10,7900,7960,7640,7680,95256,-0.035175879396984966
2022-08-11,7710,7820,7710,7810,42657,0.01692708333333326
2022-08-12,7820,7950,7760,7850,70472,0.005121638924455718
2022-08-16,7850,7900,7750,7840,43722,-0.001273885350318471
2022-08-17,7770,8150,7740,7820,111028,-0.0025510204081632404
2022-08-18,7800,7810,7510,7660,84900,-0.020460358056266004
2022-08-19,7560,7820,7560,7650,65386,-0.0013054830287205776
2022-08-22,7550,7650,7320,7340,78773,-0.04052287581699343
2022-08-23,7240,8600,7120,7120,1958620,-0.02997275204359673
2022-08-24,7200,7210,7080,7150,99442,0.004213483146067398
2022-08-25,7150,8320,7150,7930,2629926,0.10909090909090913
2022-08-26,7940,8050,7680,7740,351514,-0.023959646910466592
2022-08-29,7400,7670,7400,7470,137975,-0.03488372093023251
2022-08-30,7450,7550,7370,7510,106274,0.0053547523427042165
2022-08-31,7450,7640,7410,7580,64642,0.009320905459387463
2022-09-01,7530,7570,7330,7390,71240,-0.02506596306068598
2022-09-02,7430,7440,7190,7200,69410,-0.025710419485791558
2022-09-05,7160,7240,6950,7060,64379,-0.019444444444444486
2022-09-06,6980,7150,6980,7130,36202,0.009915014164305846
2022-09-07,7110,7160,6940,7120,56531,-0.0014025245441795509
2022-09-08,7130,7250,7060,7100,36931,-0.002808988764044895
2022-09-13,7130,7220,7120,7190,26602,0.012676056338028152
2022-09-14,7010,7330,6940,7230,61796,0.0055632823365785455
2022-09-15,7230,7270,7040,7130,41080,-0.013831258644536604
2022-09-16,7100,7100,6890,6950,62679,-0.02524544179523147
2022-09-19,6940,6970,6600,6640,62231,-0.04460431654676256
2022-09-20,6670,7390,6610,6780,303864,0.02108433734939763
2022-09-21,6760,6910,6700,6760,42541,-0.002949852507374673
2022-09-22,6760,6780,6580,6670,37850,-0.013313609467455634
2022-09-23,6600,6670,6480,6560,43731,-0.016491754122938573
2022-09-26,6400,6560,6000,6100,107902,-0.07012195121951215
2022-09-27,6030,6190,5870,6040,74347,-0.00983606557377048
2022-09-28,5960,6100,5660,5780,78770,-0.04304635761589404
2022-09-29,5890,6080,5850,5950,91195,0.02941176470588225
2022-09-30,5800,6030,5780,5970,35213,0.003361344537815114
2022-10-04,6010,6200,6010,6200,38523,0.038525963149078635
2022-10-05,6200,6310,6020,6090,42442,-0.01774193548387093
2022-10-06,6100,6240,6100,6220,36195,0.021346469622331776
2022-10-07,6130,6250,6120,6200,23150,-0.003215434083601254
2022-10-11,6180,6180,5910,6000,53525,-0.032258064516129004
2022-10-12,5930,6120,5930,6030,31945,0.004999999999999893
2022-10-13,5950,6050,5720,5760,69097,-0.04477611940298509
2022-10-14,5840,6250,5840,6170,93817,0.07118055555555558
2022-10-17,6110,6270,6050,6190,31433,0.0032414910858995505
2022-10-18,6330,6670,6250,6510,157921,0.05169628432956386
2022-10-19,6610,6710,6450,6600,96042,0.01382488479262678
2022-10-20,6530,6640,6310,6490,49643,-0.01666666666666672
2022-10-21,6470,6470,6210,6330,44560,-0.024653312788906034
2022-10-24,6340,6490,6290,6360,62817,0.004739336492890933
2022-10-25,6370,8060,6370,7600,9802217,0.19496855345911945
2022-10-26,7640,7710,7470,7710,1604218,0.014473684210526416
2022-10-27,8260,8290,7610,7680,2723550,-0.0038910505836575737
2022-10-28,7610,7850,7560,7850,636030,0.02213541666666674
2022-10-31,7740,7760,7410,7540,446863,-0.0394904458598726
2022-11-01,7470,7520,7240,7350,392431,-0.025198938992042397
2022-11-02,7400,7490,7220,7270,361550,-0.010884353741496544
2022-11-03,7060,7630,7030,7460,507341,0.026134800550206227
2022-11-04,7380,7420,7250,7300,144371,-0.02144772117962468
2022-11-07,7300,7450,7250,7340,144746,0.005479452054794498
2022-11-08,7340,7500,7300,7400,142543,0.008174386920980936
2022-11-09,7340,7440,7250,7250,143182,-0.020270270270270285
2022-11-10,7240,7390,7070,7200,213691,-0.006896551724137945
2022-11-11,7350,7450,7200,7370,169317,0.023611111111111027
2022-11-14,7370,7530,7290,7520,230751,0.020352781546811416
2022-11-15,7450,7640,7360,7600,215385,0.010638297872340496
2022-11-16,7700,7700,7260,7270,320414,-0.043421052631578916
2022-11-17,7260,7310,7150,7150,104511,-0.016506189821182904
2022-11-18,7150,7210,7040,7090,101743,-0.008391608391608352
2022-11-21,7090,7690,7040,7090,176051,0.0
2022-11-22,7080,7210,7070,7090,47335,0.0
2022-11-23,7130,7330,7130,7250,111766,0.02256699576868826
2022-11-24,7290,7300,7210,7260,45660,0.0013793103448276334
2022-11-25,7230,7290,7190,7250,50330,-0.0013774104683195176
2022-11-28,7230,7240,6880,6920,155226,-0.04551724137931035
2022-11-29,6850,7060,6820,7000,42817,0.011560693641618602
2022-11-30,7010,7140,7000,7020,37275,0.0028571428571428914
2022-12-01,7080,7210,7080,7180,59280,0.02279202279202286
2022-12-02,7150,7210,7100,7140,26157,-0.005571030640668551
2022-12-05,7140,7260,7130,7180,59679,0.0056022408963585235
2022-12-06,7060,7180,7010,7010,49742,-0.0236768802228412
2022-12-07,6940,7040,6880,6960,57422,-0.007132667617689048
2022-12-08,6940,7000,6750,6870,48587,-0.012931034482758674
2022-12-09,6870,7010,6870,6950,51790,0.011644832605531397
2022-12-12,6950,7100,6950,7030,36546,0.011510791366906581
2022-12-13,7070,7290,7040,7220,142250,0.027027027027026973
2022-12-14,7300,7530,7200,7200,417195,-0.0027700831024930483
2022-12-15,7190,7980,7150,7500,2079309,0.04166666666666674
2022-12-16,7310,7540,7220,7400,449259,-0.013333333333333308
2022-12-19,7440,7440,7170,7180,152956,-0.02972972972972976
2022-12-20,7110,7170,6920,6930,157971,-0.0348189415041783
2022-12-21,6940,7190,6940,7150,80392,0.031746031746031855
2022-12-22,7180,7280,7120,7150,61758,0.0
2022-12-23,7080,7110,6810,6810,132325,-0.047552447552447585
2022-12-26,6810,6970,6790,6830,91030,0.002936857562408246
2022-12-27,6830,7350,6830,7030,394553,0.029282576866764165
2022-12-28,7020,7070,6880,7040,95768,0.0014224751066855834
2022-12-29,6970,7040,6510,6680,166510,-0.051136363636363646
2023-01-02,6720,6900,6630,6720,116558,0.0059880239520957446
2023-01-03,6690,6810,6560,6690,88747,-0.004464285714285698
2023-01-04,6620,6840,6620,6830,75980,0.020926756352765308
2023-01-05,6870,6910,6760,6820,71464,-0.0014641288433382416
2023-01-06,6770,6880,6710,6850,57539,0.004398826979472137
2023-01-09,7000,7000,6880,6920,54147,0.010218978102189746
2023-01-10,6920,6920,6820,6870,51324,-0.007225433526011571
2023-01-11,6870,7000,6840,6930,75859,0.008733624454148492
2023-01-12,6940,6970,6890,6920,45629,-0.0014430014430014682
2023-01-13,6930,6980,6900,6910,43783,-0.0014450867052022698
2023-01-16,6910,6940,6840,6870,79716,-0.005788712011577379
2023-01-17,6900,6920,6720,6760,76432,-0.01601164483260553
2023-01-18,6760,6800,6670,6680,49739,-0.011834319526627168
2023-01-19,6610,6750,6610,6700,26962,0.0029940119760478723
2023-01-20,6720,6780,6650,6700,40467,0.0
2023-01-25,6720,6770,6680,6700,38570,0.0
2023-01-26,6730,6770,6670,6770,50671,0.010447761194029903
2023-01-27,6800,6900,6760,6900,97579,0.019202363367799125
2023-01-30,6890,6950,6780,6800,50202,-0.01449275362318836
2023-01-31,6760,6850,6740,6810,46766,0.0014705882352941124
2023-02-01,6810,6950,6790,6820,87740,0.001468428781204123
2023-02-02,6850,6960,6850,6940,102911,0.017595307917888547
2023-02-03,6920,7000,6910,6950,85136,0.0014409221902016434
2023-02-06,6990,7000,6900,6950,35610,0.0
2023-02-07,6950,6990,6500,6820,78621,-0.018705035971222972
2023-02-08,6830,6930,6730,6850,151252,0.004398826979472137
2023-02-09,6850,6860,6720,6720,62106,-0.01897810218978102
2023-02-10,6730,6740,6540,6600,153728,-0.017857142857142905
2023-02-13,6600,6690,6570,6600,65164,0.0
2023-02-14,6570,6690,6550,6550,57853,-0.007575757575757569
2023-02-15,6610,6630,6380,6410,80610,-0.021374045801526687
2023-02-16,6410,7120,6410,6680,713067,0.04212168486739465
2023-02-17,6650,6670,6520,6570,62681,-0.01646706586826352
2023-02-20,6570,6670,6480,6630,74099,0.009132420091324311
2023-02-21,6700,6700,6570,6620,62476,-0.0015082956259426794
2023-02-22,6560,6610,6480,6550,77714,-0.010574018126888185
2023-02-23,6550,6670,6480,6530,78474,-0.003053435114503844
2023-02-24,6570,6570,6340,6410,113361,-0.018376722817764146
2023-02-27,6410,6420,6240,6270,66013,-0.021840873634945357
2023-02-28,6270,6370,6250,6290,36086,0.0031897926634769647
2023-03-02,6300,6350,6200,6290,79888,0.0
2023-03-03,6290,6390,6260,6330,66121,0.006359300476947549
2023-03-06,6330,6380,6270,6310,85384,-0.003159557661927326
2023-03-07,6310,6450,6300,6430,107495,0.019017432646592614
2023-03-08,6400,6420,6320,6410,62096,-0.0031104199066873672
2023-03-09,6400,6450,6260,6290,61125,-0.018720748829953227
2023-03-10,6270,6270,6120,6130,76288,-0.025437201907790197
2023-03-13,6060,6150,6000,6080,71202,-0.00815660685154973
2023-03-14,6060,6140,5820,5850,113459,-0.03782894736842102
2023-03-15,5880,6000,5850,5900,48529,0.008547008547008517
2023-03-16,5920,5960,5810,5900,72304,0.0
2023-03-17,5920,6110,5850,6060,65561,0.027118644067796627
2023-03-20,6050,6160,6040,6150,54081,0.014851485148514865
2023-03-21,6140,6210,6020,6070,54975,-0.013008130081300862
2023-03-22,6080,6090,6010,6050,67035,-0.0032948929159802853
2023-03-23,5980,6050,5880,5950,74832,-0.016528925619834656
2023-03-24,5930,6010,5920,6000,26446,0.008403361344537785
2023-03-27,6010,6140,5950,6120,68351,0.020000000000000018
2023-03-28,6130,6130,6040,6090,48236,-0.004901960784313708
2023-03-29,6060,6120,6010,6080,68345,-0.0016420361247947435
2023-03-30,6080,6150,6030,6100,50371,0.00328947368421062
2023-03-31,6100,6150,6030,6090,41144,-0.0016393442622950616
2023-04-03,6090,6110,6010,6040,28131,-0.008210180623973717
2023-04-04,6020,6350,6010,6300,148218,0.04304635761589415
2023-04-05,6300,6580,6280,6500,179049,0.031746031746031855
2023-04-06,6500,6550,6390,6500,108291,0.0
2023-04-07,6520,6630,6410,6530,104246,0.004615384615384688
2023-04-10,6510,6580,6230,6380,109088,-0.02297090352220521
2023-04-11,6380,6510,6230,6410,81156,0.004702194357366851
2023-04-12,6400,6630,6390,6610,114848,0.03120124804992197
2023-04-13,6620,6670,6500,6640,92199,0.004538577912254205
2023-04-14,6640,7450,6640,6960,2940680,0.04819277108433728
2023-04-17,6960,7010,6770,6930,260434,-0.004310344827586188
2023-04-18,6900,6900,6680,6810,174312,-0.017316017316017285
2023-04-19,6800,6880,6730,6810,121567,0.0
2023-04-20,6880,6880,6600,6680,132956,-0.019089574155653488
2023-04-21,6580,6700,6520,6660,102523,-0.0029940119760478723
2023-04-24,6610,6640,6450,6470,78056,-0.028528528528528496
2023-04-25,6490,6530,6200,6320,95695,-0.023183925811437356
2023-04-26,6300,6480,6230,6340,42299,0.0031645569620253333
2023-04-27,6370,6460,6180,6450,59098,0.017350157728706517
2023-04-28,6450,6470,6290,6400,48332,-0.007751937984496138
2023-05-02,6330,6460,6330,6430,63040,0.004687499999999956
2023-05-03,6430,6430,6300,6380,31220,-0.007776049766718529
2023-05-04,6350,6510,6270,6480,63883,0.01567398119122254
2023-05-08,6500,6610,6490,6540,64225,0.0092592592592593
2023-05-09,6480,6550,6350,6430,85340,-0.016819571865443472
2023-05-10,6420,6440,6320,6400,50710,-0.004665629860031051
2023-05-11,6400,6450,6300,6370,75604,-0.004687499999999956
2023-05-12,6370,6390,6000,6170,139462,-0.031397174254317095
2023-05-15,6250,6250,6070,6120,54032,-0.008103727714748765
2023-05-16,6180,6230,6110,6190,76563,0.011437908496731986
2023-05-17,6170,6200,6040,6170,79975,-0.003231017770597755
2023-05-18,6170,6210,6070,6110,68154,-0.00972447325769854
2023-05-19,6100,6120,6080,6100,31909,-0.0016366612111292644
2023-05-22,6090,6200,6050,6190,83713,0.014754098360655776
2023-05-23,6130,6420,6130,6300,106186,0.017770597738287597
2023-05-24,6280,6370,6210,6280,33082,-0.0031746031746031633
2023-05-25,6280,6320,6170,6270,50770,-0.0015923566878981443
2023-05-26,6290,6290,6150,6200,44950,-0.011164274322169043
2023-05-30,6200,6200,6060,6080,110247,-0.01935483870967747
2023-05-31,6070,6110,6010,6090,53655,0.00164473684210531
2023-06-01,6100,6170,6070,6170,32290,0.013136288998357948
2023-06-02,6150,6230,6100,6180,53165,0.0016207455429497752
2023-06-05,6180,6220,6120,6150,32979,-0.004854368932038833
2023-06-07,6150,6180,6120,6140,31571,-0.001626016260162566
2023-06-08,6120,6140,6020,6070,55798,-0.01140065146579805
2023-06-09,6050,6120,6050,6110,29780,0.006589785831960571
2023-06-12,6150,6170,6030,6070,34906,-0.006546644844517169
2023-06-13,6040,6150,6040,6060,39579,-0.0016474464579900872
2023-06-14,6080,6080,5900,5980,92573,-0.01320132013201325
2023-06-15,5960,5990,5820,5880,92820,-0.01672240802675584
2023-06-16,5900,5970,5860,5910,35862,0.005102040816326481
2023-06-19,5890,5930,5850,5920,43571,0.0016920473773265332
2023-06-20,5910,5920,5820,5900,33695,-0.0033783783783783994
2023-06-21,5880,5930,5820,5880,44236,-0.003389830508474523
2023-06-22,5880,5940,5810,5890,56504,0.001700680272108901
2023-06-23,5970,5970,5800,5870,32599,-0.00339558573853993
2023-06-26,5830,5880,5780,5840,50373,-0.005110732538330498
2023-06-27,5840,5990,5830,5890,73646,0.008561643835616417
2023-06-28,5860,6040,5860,5860,73869,-0.005093378607809895
2023-06-29,5850,5890,5770,5770,64340,-0.015358361774744034
2023-06-30,5800,5860,5740,5850,22848,0.013864818024263537
2023-07-03,5850,5990,5850,5940,51842,0.01538461538461533
2023-07-04,5940,6000,5830,5890,43869,-0.008417508417508435
2023-07-05,5900,5900,5670,5750,40640,-0.02376910016977929
2023-07-06,5700,5750,5570,5640,55617,-0.019130434782608674
2023-07-07,5640,5640,5490,5620,52111,-0.0035460992907800915
2023-07-10,5550,5600,5490,5520,62038,-0.017793594306049876
2023-07-11,5500,5620,5490,5620,65640,0.018115942028985588
2023-07-12,5640,5650,5500,5620,48692,0.0
2023-07-13,5620,6840,5610,5890,4491571,0.04804270462633453
2023-07-14,5890,5890,5710,5890,229246,0.0
2023-07-17,5900,6020,5800,5830,214408,-0.01018675721561968
2023-07-18,5460,5780,5460,5600,387180,-0.03945111492281306
2023-07-19,5630,6000,5630,5860,300092,0.046428571428571486
2023-07-20,5820,6090,5820,5940,226153,0.013651877133105783
2023-07-21,5980,6330,5850,6130,380365,0.03198653198653201
2023-07-24,6130,6210,5910,5960,148791,-0.027732463295269127
2023-07-25,5900,5990,5730,5760,143911,-0.03355704697986572
2023-07-26,5740,5770,5280,5480,231992,-0.04861111111111116
2023-07-27,5350,5760,5350,5690,122625,0.038321167883211604
2023-07-28,5600,5800,5600,5630,68940,-0.010544815465729385
2023-07-31,5670,5930,5660,5910,118433,0.0497335701598578
2023-08-01,5910,6060,5900,5970,124976,0.010152284263959421
2023-08-02,5980,6010,5850,5930,88563,-0.00670016750418756
2023-08-03,5860,6340,5860,6240,401048,0.05227655986509272
2023-08-04,6500,7080,6080,6190,2097604,-0.008012820512820484
2023-08-07,6240,6430,6030,6120,244324,-0.011308562197092087
2023-08-08,6120,6160,5800,5810,227722,-0.05065359477124187
2023-08-09,5780,6250,5780,6190,261010,0.06540447504302915
2023-08-10,6170,6350,6070,6300,219958,0.017770597738287597
2023-08-11,6310,6330,6200,6290,95623,-0.0015873015873015817
2023-08-14,6280,6310,6110,6210,97416,-0.012718600953895098
2023-08-16,6160,6190,6010,6120,97656,-0.01449275362318836
2023-08-17,6070,6150,5950,6060,107734,-0.009803921568627416
2023-08-18,6020,6090,5860,5890,114954,-0.028052805280528004
2023-08-21,5970,6240,5950,6140,149896,0.042444821731748794
2023-08-22,6140,6280,6140,6190,125617,0.008143322475570036
2023-08-23,6200,6250,5990,5990,154648,-0.03231017770597733
2023-08-24,6000,6170,6000,6110,128235,0.02003338898163598
2023-08-25,6100,6250,6070,6230,128190,0.019639934533551617
2023-08-28,6250,6270,6100,6170,107900,-0.009630818619582704
2023-08-29,6140,6290,6140,6240,104543,0.011345218800648205
2023-08-30,6270,6290,6160,6200,82396,-0.0064102564102563875
2023-08-31,6170,6270,6070,6120,66198,-0.012903225806451646
2023-09-01,6170,6180,6030,6090,80910,-0.004901960784313708
2023-09-04,6100,6140,5950,6070,48207,-0.003284072249589487
2023-09-05,6070,6140,6020,6110,45847,0.006589785831960571
2023-09-06,6130,6800,6100,6600,1019491,0.08019639934533562
2023-09-07,6470,6550,6290,6320,305443,-0.042424242424242475
2023-09-08,6310,6600,6310,6570,303040,0.039556962025316444
2023-09-11,6550,6830,6550,6730,512245,0.0243531202435312
2023-09-12,6670,7440,6630,6840,2779252,0.01634472511144125
2023-09-13,6790,7250,6580,6840,1191028,0.0
2023-09-14,6900,7040,6750,6840,223679,0.0
2023-09-15,6840,6950,6650,6710,156394,-0.01900584795321636
2023-09-18,6700,6790,6550,6650,105275,-0.008941877794336861
2023-09-19,6650,6920,6650,6760,219121,0.016541353383458635
2023-09-20,6710,6740,6490,6490,105960,-0.0399408284023669
2023-09-21,6460,6630,6360,6470,215459,-0.0030816640986132127
2023-09-22,6320,6920,6310,6580,275110,0.01700154559505407
2023-09-25,6580,6680,6270,6300,125233,-0.04255319148936165
2023-09-26,6180,6550,6100,6480,283246,0.02857142857142847
2023-09-27,6370,6810,6370,6660,324218,0.02777777777777768
2023-10-04,6670,6800,6510,6530,144266,-0.019519519519519468
2023-10-05,6600,7030,6550,6570,601097,0.006125574272588086
2023-10-06,6560,6840,6410,6780,169093,0.03196347031963476
2023-10-10,6780,7020,6570,6580,301298,-0.029498525073746285
2023-10-11,6660,6890,6650,6800,137282,0.033434650455927084
2023-10-12,6850,6850,6700,6750,131995,-0.007352941176470562
2023-10-13,6590,6630,6210,6330,333482,-0.06222222222222218
2023-10-16,6300,6300,5970,6050,196081,-0.04423380726698267
2023-10-17,6060,6130,5950,5960,101276,-0.014876033057851235
2023-10-18,5940,5990,5760,5780,122056,-0.030201342281879207
2023-10-19,5750,5750,5470,5560,130232,-0.03806228373702425
2023-10-20,5460,5510,5320,5460,89209,-0.017985611510791366
2023-10-23,5570,6080,5510,5520,258570,0.01098901098901095
2023-10-24,5550,5720,5370,5700,100669,0.032608695652173836
2023-10-25,5710,6110,5590,5970,278049,0.047368421052631504
2023-10-26,5800,5900,5570,5600,152824,-0.061976549413735316
2023-10-27,5560,5680,5440,5490,127912,-0.019642857142857184
2023-10-30,5430,5590,5400,5530,48261,0.007285974499089187
2023-10-31,5570,5620,5410,5420,59899,-0.019891500904159143
2023-11-01,5420,5540,5420,5520,43512,0.01845018450184499
2023-11-02,5530,5670,5520,5650,54529,0.023550724637681153
2023-11-03,5670,5710,5590,5620,46215,-0.005309734513274322
2023-11-06,5700,5770,5620,5760,66883,0.02491103202846978
2023-11-07,5760,5930,5700,5900,96218,0.02430555555555558
2023-11-08,5920,6020,5860,5900,76764,0.0
2023-11-09,5900,5900,5770,5840,39806,-0.01016949152542368
2023-11-10,5780,6500,5720,6140,1902859,0.051369863013698724
2023-11-13,6530,7130,6010,6090,8231957,-0.008143322475570036
2023-11-14,6350,6380,6090,6130,848344,0.006568144499178974
2023-11-15,6200,6210,6060,6120,464173,-0.0016313213703099683
2023-11-16,6070,6140,5910,6100,321736,-0.0032679738562091387
2023-11-17,6020,6110,5890,5890,195602,-0.03442622950819674
2023-11-20,5910,6100,5860,6050,147671,0.02716468590831922
2023-11-21,6030,6110,6020,6060,110486,0.0016528925619834212
2023-11-22,6000,6070,5830,5840,176262,-0.0363036303630363
2023-11-23,5860,6000,5850,5970,104001,0.022260273972602773
2023-11-24,5950,6030,5900,5910,89081,-0.01005025125628145
2023-11-27,5950,6070,5840,5990,138733,0.013536379018612488
2023-11-28,5960,6090,5910,6000,133726,0.0016694490818029983
2023-11-29,5980,6080,5930,6060,134760,0.010000000000000009
2023-11-30,6060,6110,5980,6060,138178,0.0
2023-12-01,6070,6230,6000,6180,348726,0.01980198019801982
2023-12-04,6200,6310,6010,6160,253975,-0.003236245954692518
2023-12-05,6120,6700,6100,6550,1120257,0.06331168831168821
2023-12-06,6410,6470,6270,6400,314782,-0.022900763358778664
2023-12-07,6480,6550,6300,6300,261104,-0.015625
2023-12-08,6390,6390,6210,6320,112512,0.0031746031746031633
2023-12-11,6320,6340,6150,6170,112675,-0.02373417721518989
2023-12-12,6170,6270,6130,6160,68917,-0.0016207455429497752
2023-12-13,6140,6200,6030,6050,99290,-0.017857142857142905
2023-12-14,6050,6190,6050,6050,56446,0.0
2023-12-15,6050,6130,6010,6080,69479,0.0049586776859504855
2023-12-18,6060,6100,5710,5980,94304,-0.016447368421052655
2023-12-19,5980,6070,5930,6020,49969,0.006688963210702337
2023-12-20,6020,6160,6000,6000,50761,-0.0033222591362126463
2023-12-21,6000,6150,5890,5960,70730,-0.00666666666666671
2023-12-22,5970,6060,5910,5990,56597,0.005033557046979942
2023-12-26,5970,6850,5970,6150,10123041,0.026711185308847973
2023-12-27,6260,6260,6000,6130,598896,-0.003252032520325243
2023-12-28,6120,6240,6090,6200,242914,0.011419249592169667
2024-01-02,6160,6350,6150,6320,279817,0.019354838709677358
2024-01-03,6320,6390,6270,6360,191573,0.006329113924050667
2024-01-04,6340,6360,6190,6270,169118,-0.014150943396226467
2024-01-05,6270,6390,6200,6290,125095,0.0031897926634769647
2024-01-08,6340,6360,6190,6190,105023,-0.015898251192368873
2024-01-09,6220,6350,6200,6320,146555,0.02100161550888524
2024-01-10,6350,6350,6210,6300,123544,-0.0031645569620253333
2024-01-11,6310,6370,6250,6290,147707,-0.0015873015873015817
2024-01-12,6320,6390,6100,6130,156885,-0.025437201907790197
2024-01-15,6090,6430,6090,6090,324247,-0.006525285481239762
2024-01-16,6100,6250,6100,6200,106834,0.01806239737274229
2024-01-17,6210,6210,5900,5950,226313,-0.040322580645161255
2024-01-18,5870,6040,5800,5940,70342,-0.001680672268907557
2024-01-19,5940,6040,5930,6000,40000,0.010101010101010166
2024-01-22,6000,6050,5930,5940,51349,-0.010000000000000009
2024-01-23,5940,6050,5850,6050,59432,0.0185185185185186
2024-01-24,6040,6090,5960,5960,64410,-0.014876033057851235
2024-01-25,6000,6000,5860,5870,93538,-0.015100671140939603
2024-01-26,5860,6000,5830,5950,42487,0.013628620102214661
2024-01-29,5980,6100,5910,6020,89183,0.0117647058823529
2024-01-30,5990,6060,5960,5990,63897,-0.004983388704318914
2024-01-31,5920,5990,5850,5850,73045,-0.023372287145242088
2024-02-01,5870,5970,5790,5820,57817,-0.00512820512820511
2024-02-02,5810,5940,5800,5800,113029,-0.0034364261168384758
2024-02-05,5870,5880,5810,5850,38792,0.008620689655172376
2024-02-06,5850,5880,5740,5760,63260,-0.01538461538461533
2024-02-07,5780,5810,5700,5780,46986,0.003472222222222321
2024-02-08,5780,5830,5760,5810,40371,0.00519031141868509
2024-02-13,5820,5900,5760,5880,89827,0.012048192771084265
2024-02-14,5820,5890,5800,5860,55292,-0.003401360544217691
2024-02-15,5890,5960,5830,5860,63386,0.0
2024-02-16,5850,5890,5820,5890,39525,0.005119453924914641
