Date,Open,High,Low,Close,Volume,Change
2022-01-03,47841,48619,47141,48309,19345,0.0016172171425017368
2022-01-04,48308,49164,48152,48620,16781,0.006437723819578078
2022-01-05,49319,49319,48464,48775,6780,0.0031879884821062188
2022-01-06,48775,49164,47686,48542,16164,-0.004777037416709429
2022-01-07,48541,49008,48075,48775,7374,0.0047999670388529925
2022-01-10,48775,49008,47997,48931,10991,0.0031983598154792237
2022-01-11,48775,49008,47219,48231,11407,-0.014305859271218635
2022-01-12,48308,48386,47452,47764,5650,-0.009682569301901256
2022-01-13,47841,48152,47141,47219,6748,-0.011410267146805153
2022-01-14,47452,47530,46674,47375,11197,0.0033037548444481146
2022-01-17,47375,47375,46208,46597,8257,-0.016422163588390548
2022-01-18,46052,46830,45430,45664,9588,-0.020022748245595245
2022-01-19,45196,45585,44807,45275,8506,-0.008518745620182178
2022-01-20,45508,46674,44418,45897,6502,0.013738266151297696
2022-01-21,45741,45819,44730,45041,4944,-0.01865045645684904
2022-01-24,44963,44963,43563,43952,8521,-0.024177971181812086
2022-01-25,43952,44418,42007,43330,31586,-0.014151801965780808
2022-01-26,42863,43718,42785,42785,8194,-0.012577890606969788
2022-01-27,43485,43485,41696,42007,7994,-0.018183942970667277
2022-01-28,41540,43174,41073,42708,17444,0.01668769490799149
2022-02-03,43485,43485,42707,43097,5272,0.009108363772595274
2022-02-04,43096,44730,43096,44419,6082,0.03067498897835108
2022-02-07,44418,46052,43641,45975,10851,0.03503005470631937
2022-02-08,45974,46363,45430,46130,5380,0.0033713974986404605
2022-02-09,46285,46752,45508,45897,5300,-0.005050942987210094
2022-02-10,45897,45897,45196,45586,2518,-0.0067760420071029115
2022-02-11,45585,45974,44885,45586,3169,0.0
2022-02-14,45585,45585,43952,44030,5276,-0.03413328653533976
2022-02-15,44030,44107,42863,43408,4795,-0.014126731773790646
2022-02-16,43563,44574,42785,44108,5947,0.016126059712495477
2022-02-17,44418,44418,43174,43641,3986,-0.010587648499138513
2022-02-18,42396,43952,42396,43641,7097,0.0
2022-02-21,43563,44885,43018,44497,8068,0.019614582617263565
2022-02-22,43796,44341,43563,43563,2863,-0.02099017911319867
2022-02-23,43641,44263,43485,43952,4368,0.00892959621697309
2022-02-24,43407,43952,42940,43563,3858,-0.00885056425191122
2022-02-25,43563,44263,43563,44030,2845,0.010720106512407401
2022-02-28,44030,44730,44030,44497,4552,0.010606404724051721
2022-03-02,44496,45897,44107,45508,7222,0.022720632851652933
2022-03-03,45508,45974,45196,45741,4952,0.005119978904807976
2022-03-04,45897,46441,45196,45819,4103,0.0017052534924903995
2022-03-07,44730,45819,44730,44886,4930,-0.02036273161788782
2022-03-08,44807,44807,43718,44030,7446,-0.01907053424230276
2022-03-10,44341,45430,44263,45119,5900,0.02473313649784248
2022-03-11,45974,47063,45352,46286,22856,0.025864934949799467
2022-03-14,46597,47297,44963,45664,13310,-0.013438188653156491
2022-03-15,45585,45585,44574,45352,3845,-0.006832515767344116
2022-03-16,45196,49553,44730,47142,39701,0.039469042159110845
2022-03-17,47141,47375,46519,47142,7417,0.0
2022-03-18,47141,47219,46285,47064,6897,-0.0016545755377370686
2022-03-21,46908,47063,46052,46364,6462,-0.014873363929967742
2022-03-22,46363,46674,45819,46364,2063,0.0
2022-03-23,46363,46441,45663,46364,4975,0.0
2022-03-24,46208,47141,45663,46753,5997,0.008390130273488117
2022-03-25,46986,46986,45897,46364,8716,-0.008320321690586718
2022-03-28,46519,46597,46130,46442,3025,0.0016823397463550105
2022-03-29,46441,46519,45741,45819,8498,-0.01341458162869813
2022-03-30,45819,46285,45585,46130,5537,0.0067875772059626804
2022-03-31,45897,46285,45508,46053,4806,-0.0016691957511381084
2022-04-01,46052,46052,45196,45897,5832,-0.0033874014722168333
2022-04-04,45897,46208,45819,45975,3835,0.0016994574808810725
2022-04-05,46052,46052,45352,45664,4534,-0.006764545948885314
2022-04-06,45430,45663,44963,45275,10113,-0.008518745620182178
2022-04-07,44963,45196,44030,44419,9761,-0.018906681391496427
2022-04-08,44263,44263,42785,44186,43505,-0.005245503050496425
2022-04-11,43874,44030,43252,43563,10553,-0.01409948852577736
2022-04-12,43563,43563,42629,43019,10739,-0.012487661547643691
2022-04-13,42707,43485,42707,43485,9317,0.010832422882912196
2022-04-14,43485,43952,43174,43563,8563,0.0017937219730941312
2022-04-15,43407,43952,43252,43408,10784,-0.00355806533067049
2022-04-18,43174,43407,42863,43174,5197,-0.0053907113896055625
2022-04-19,43174,43485,42863,43252,10329,0.0018066428869227824
2022-04-20,43329,43952,42940,43719,7969,0.010797188569314775
2022-04-21,43718,44030,43563,43719,5286,0.0
2022-04-22,43718,43796,43018,43641,4581,-0.001784121320249743
2022-04-25,43252,43407,42863,43252,7269,-0.008913636259480717
2022-04-26,43252,46597,43096,44419,23680,0.026981411264219046
2022-04-27,43718,44263,43174,43952,10930,-0.010513518989621606
2022-04-28,43952,45508,43407,43874,11503,-0.0017746632690207598
2022-04-29,44030,44107,43563,43874,4918,0.0
2022-05-02,43796,44030,43563,43719,6469,-0.0035328440534256877
2022-05-03,43952,44107,43329,43719,9366,0.0
2022-05-04,44107,44107,43485,43563,4986,-0.003568242640499597
2022-05-06,42940,43252,42551,43019,9172,-0.012487661547643691
2022-05-09,42396,42785,41229,41696,8584,-0.030753852948697036
2022-05-10,40607,41618,40140,41463,5945,-0.0055880660015349415
2022-05-11,40996,41618,40996,41385,2058,-0.0018811952825410483
2022-05-12,41851,41851,40684,40841,6511,-0.013144859248520047
2022-05-13,40840,41229,40140,40841,6900,0.0
2022-05-16,40996,41229,40451,40529,7453,-0.007639381993584826
2022-05-17,42629,42629,40762,40763,6777,0.005773643563867781
2022-05-18,41073,41307,40762,40763,3599,0.0
2022-05-19,39907,40529,39751,40063,9352,-0.017172435787356166
2022-05-20,39751,40918,39751,40685,4990,0.015525547263060657
2022-05-23,40684,40762,39984,40529,5696,-0.0038343369792306348
2022-05-24,40451,40762,38895,39596,14337,-0.023020553184139758
2022-05-25,39595,39907,38895,39751,7834,0.003914536821901127
2022-05-26,39440,40062,39129,39440,7883,-0.00782370254836351
2022-05-27,39595,40218,39440,39751,4782,0.00788539553752532
2022-05-30,39751,40062,39206,39674,6575,-0.0019370581872154569
2022-05-31,40062,40062,39284,39596,10321,-0.0019660230881686225
2022-06-02,39829,39829,39051,39207,4621,-0.009824224669158554
2022-06-03,39206,39673,38895,39207,10171,0.0
2022-06-07,39206,39206,38117,38235,15059,-0.02479149131532632
2022-06-08,38234,38467,37573,37768,7726,-0.012213940107231647
2022-06-09,37767,37767,37184,37496,4477,-0.007201864011861847
2022-06-10,37690,37690,36717,36912,6214,-0.015574994666097686
2022-06-13,36017,36639,34772,35162,8280,-0.04741005635023843
2022-06-14,34461,34811,33917,34773,11961,-0.011063079460781555
2022-06-15,34617,34772,33644,33800,9054,-0.02798147988381794
2022-06-16,33878,34733,33683,33956,5004,0.004615384615384688
2022-06-17,32711,33878,32711,33839,5172,-0.0034456355283307705
2022-06-20,33878,33878,31777,32595,15446,-0.036762315671266865
2022-06-21,32594,32711,32166,32361,7584,-0.0071790151863783125
2022-06-22,32166,32672,30455,30455,32473,-0.05889805630233924
2022-06-23,30377,30999,29949,29950,18839,-0.016581842062058816
2022-06-24,29949,31544,29949,31467,21608,0.050651085141903085
2022-06-27,31466,32516,31427,32245,9936,0.024724314361076694
2022-06-28,31933,32439,31700,32439,9439,0.006016436656846036
2022-06-29,31777,33411,31738,33217,5821,0.02398347667930567
2022-06-30,32789,37728,32555,34890,61888,0.05036577656019503
2022-07-01,35083,37028,33605,34423,39808,-0.013384924047004865
2022-07-04,34539,36095,33450,33917,28943,-0.014699474188769157
2022-07-05,33994,34695,32944,33373,20309,-0.016039154406344847
2022-07-06,33683,33917,32244,32672,8286,-0.021005004045186237
2022-07-07,32439,33294,32439,32906,7309,0.007162095984329042
2022-07-08,33333,34578,33333,33839,5238,0.028353491764419925
2022-07-11,34150,35006,34150,34306,6935,0.013800644227075276
2022-07-12,34228,34656,33917,34306,7124,0.0
2022-07-13,33994,34850,33994,34501,5488,0.005684136885675928
2022-07-14,34811,36406,34461,35862,19242,0.039448131938204734
2022-07-15,35861,36173,35045,35901,7942,0.0010875020913501121
2022-07-18,35900,36173,35356,35590,3892,-0.008662711345087892
2022-07-19,35356,35823,35122,35473,2800,-0.0032874402922169477
2022-07-20,35356,35667,34928,35240,8029,-0.006568375947904048
2022-07-21,35278,36056,35006,35940,3782,0.01986379114642456
2022-07-22,35939,36173,35395,35745,4016,-0.005425709515859745
2022-07-25,35745,35745,33216,35123,9216,-0.017401035109805618
2022-07-26,35122,35472,35006,35278,1264,0.0044130626654899086
2022-07-27,35278,35317,34850,34928,4371,-0.009921197346788313
2022-07-28,35006,35784,34733,34967,4949,0.001116582684379308
2022-07-29,35006,35589,34967,35162,4139,0.005576686590213598
2022-08-01,35161,36134,35161,36134,4206,0.027643478755474682
2022-08-02,36173,36328,35861,36173,2626,0.0010793158797808289
2022-08-03,36134,37962,35823,36951,10747,0.021507754402454893
2022-08-04,37184,37495,36406,37223,4526,0.007361099834916507
2022-08-05,37223,37962,37106,37884,4832,0.017757837895924666
2022-08-08,37884,38506,37728,38118,5327,0.006176750079189164
2022-08-09,38584,38584,37962,38507,4850,0.010205152421428165
2022-08-10,38506,39751,38312,38857,15318,0.00908925649881831
2022-08-11,39051,39518,38584,39207,3243,0.00900738605656648
2022-08-12,39206,39673,39051,39596,7083,0.009921697656030792
2022-08-16,39829,39829,38312,38429,5340,-0.029472674007475552
2022-08-17,38312,38895,38273,38585,2800,0.004059434281401986
2022-08-18,38506,38506,38078,38079,2901,-0.01311390436698201
2022-08-19,37728,38078,37417,37690,1517,-0.010215604401376033
2022-08-22,37262,37262,36639,36757,4633,-0.024754576810825157
2022-08-23,36756,36756,36056,36562,2117,-0.005305111951464991
2022-08-24,36484,36717,36173,36368,1504,-0.005306055467425241
2022-08-25,36562,36950,36445,36445,1319,0.002117245930488343
2022-08-26,36484,37767,36484,37496,6974,0.02883797503086849
2022-08-29,36600,37339,36600,36951,4599,-0.014534883720930258
2022-08-30,36873,40529,36873,38585,25489,0.0442207247435793
2022-08-31,38584,39362,38117,39207,8286,0.016120253984709176
2022-09-01,38895,39984,38234,38896,19618,-0.007932256994924392
2022-09-02,39440,40451,38429,38429,28345,-0.01200637597696419
2022-09-05,38429,38584,36639,37340,13134,-0.028337973925941395
2022-09-06,36717,37651,36717,36834,7848,-0.013551151580075027
2022-09-07,36834,37067,36095,37068,7024,0.006352826193191108
2022-09-08,36756,37145,36717,37145,5096,0.002077263407791019
2022-09-13,37145,37339,36562,37068,8140,-0.002072957329384839
2022-09-14,36795,36795,36211,36484,4233,-0.015754828962986966
2022-09-15,36484,36717,35939,35979,7217,-0.013841684025874379
2022-09-16,35861,35978,34578,34851,10382,-0.03135162177937134
2022-09-19,34656,35978,32944,33606,12711,-0.03572350865111473
2022-09-20,33411,34500,33217,33917,14917,0.009254299827411883
2022-09-21,33333,34111,33255,34112,5888,0.005749329244921331
2022-09-22,33411,35550,32944,34851,6256,0.021663930581613533
2022-09-23,34733,34733,32905,33023,12401,-0.05245186651746003
2022-09-26,31933,32633,30883,31039,20439,-0.06007933864276416
2022-09-27,31038,31350,30260,30844,13032,-0.006282418892361252
2022-09-28,30844,31272,29405,30300,13414,-0.017637141745558305
2022-09-29,30416,30883,29949,30300,7348,0.0
2022-09-30,30027,30494,29638,30222,2921,-0.0025742574257425765
2022-10-04,29949,30610,29949,30494,5754,0.009000066176957144
2022-10-05,30688,30844,29521,29872,10357,-0.020397455237095796
2022-10-06,30299,31116,29677,30533,3248,0.022127745045527503
2022-10-07,30727,31388,29949,30417,8727,-0.003799168113189033
2022-10-11,30338,30338,29055,29172,9718,-0.04093105828977217
2022-10-12,29171,29405,28782,29172,5049,0.0
2022-10-13,28860,29055,28355,28355,7132,-0.028006307418072085
2022-10-14,28627,29327,28510,29172,9763,0.028813260447892786
2022-10-17,29171,29521,28588,29522,4090,0.011997806115453091
2022-10-18,29599,30260,29094,29755,6902,0.007892419212790491
2022-10-19,29949,29949,29249,29522,5327,-0.007830616703075166
2022-10-20,29521,30066,29094,29094,1824,-0.01449766275997566
2022-10-21,28938,29132,27227,27227,19244,-0.06417130679865268
2022-10-24,25826,28004,25787,25943,45452,-0.04715907004076836
2022-10-25,25982,26293,24932,25282,16851,-0.02547893458736461
2022-10-26,25360,25554,24932,25088,5624,-0.007673443556680648
2022-10-27,24698,25554,24698,25438,13500,0.013950892857142794
2022-10-28,25826,25865,25282,25866,4945,0.016825222108656446
2022-10-31,25904,26137,25515,26138,4970,0.010515734941622279
2022-11-01,25710,32672,25632,27888,126218,0.06695232994108191
2022-11-02,28004,28004,27032,27383,16251,-0.018108146873207165
2022-11-03,27227,29483,26526,28861,30181,0.05397509403644607
2022-11-04,28432,30222,28393,28822,43045,-0.0013513045286026593
2022-11-07,29405,29444,28355,28627,15224,-0.006765665116924557
2022-11-08,28627,29327,28471,28783,5828,0.0054494009152199485
2022-11-09,28782,28938,28393,28900,9547,0.004064899419796486
2022-11-10,28860,35706,28782,32128,481871,0.11169550173010379
2022-11-11,32594,33528,32127,32128,143550,0.0
2022-11-14,32127,32244,30805,31389,44779,-0.023001743027888488
2022-11-15,30999,31894,30805,31311,32114,-0.002484946955939926
2022-11-16,31038,31816,30455,30883,29323,-0.013669317492255084
2022-11-17,31038,32361,30377,31700,113880,0.02645468380662508
2022-11-18,31233,31388,30338,30650,43329,-0.03312302839116721
2022-11-21,30610,30610,29249,29289,23891,-0.04440456769983692
2022-11-22,29288,30260,28977,29989,11656,0.023899757588172976
2022-11-23,29755,30805,29755,30611,7497,0.020740938344059545
2022-11-24,30649,30844,30144,30455,10627,-0.0050962072457613194
2022-11-25,30727,33411,30183,31972,150962,0.049811196847808326
2022-11-28,31777,31816,30377,30494,37405,-0.0462279494557738
2022-11-29,30455,31738,30338,31661,24704,0.03826982357185016
2022-11-30,31544,32516,31311,32283,20696,0.01964562079530019
2022-12-01,32283,36950,32283,33450,397152,0.036149056779109845
2022-12-02,33139,33605,31272,31739,97296,-0.05115097159940207
2022-12-05,31700,32127,31388,31778,20057,0.0012287721730364076
2022-12-06,31505,31738,30961,31233,13865,-0.017150229718673304
2022-12-07,30727,31661,30727,31506,7749,0.008740754970704145
2022-12-08,31116,31466,30377,30378,19681,-0.03580270424681009
2022-12-09,30455,31350,30455,31233,9527,0.028145368358680534
2022-12-12,31388,31505,30922,31233,8284,0.0
2022-12-13,31233,31661,30922,31000,9110,-0.007460058271699821
2022-12-14,31194,31350,31038,31272,4482,0.008774193548387155
2022-12-15,31272,31427,30961,31272,9176,0.0
2022-12-16,30961,31194,30338,30611,11094,-0.02113711946789465
2022-12-19,30610,30961,30105,30494,6317,-0.003822155434320962
2022-12-20,30494,30688,29171,29872,19489,-0.020397455237095796
2022-12-21,29949,30455,29599,30300,8492,0.014327798607391529
2022-12-22,31272,31661,30727,31583,24634,0.04234323432343223
2022-12-23,31505,31661,31194,31389,11380,-0.006142545040053182
2022-12-26,31272,31816,31116,31272,23272,-0.003727420433909945
2022-12-27,31661,31661,30883,31350,13444,0.0024942440521873444
2022-12-28,31300,31300,29500,29800,18537,-0.04944178628389151
2022-12-29,29800,29800,28300,28500,12970,-0.043624161073825496
2023-01-02,28600,28900,28250,28400,3956,-0.0035087719298245723
2023-01-03,27900,29100,27900,28600,7390,0.007042253521126751
2023-01-04,27900,28950,27750,28550,3765,-0.0017482517482517723
2023-01-05,28800,31650,28400,29500,27634,0.03327495621716281
2023-01-06,29150,30100,28100,29400,13081,-0.003389830508474523
2023-01-09,29500,29950,29400,29800,7806,0.013605442176870763
2023-01-10,29950,30550,29800,30150,4762,0.011744966442952975
2023-01-11,30550,30550,29800,30150,4300,0.0
2023-01-12,30500,30500,29850,30100,2825,-0.0016583747927031434
2023-01-13,30150,30250,29850,30000,4218,-0.0033222591362126463
2023-01-16,30000,30050,29600,30050,2111,0.0016666666666667052
2023-01-17,29750,30100,29500,29600,6040,-0.014975041597337757
2023-01-18,29400,29450,29150,29400,5143,-0.006756756756756799
2023-01-19,29350,29600,29000,29450,2362,0.001700680272108901
2023-01-20,29150,30100,29150,30100,3224,0.022071307300509435
2023-01-25,30200,30200,29850,30100,4509,0.0
2023-01-26,30200,30300,30000,30050,3010,-0.0016611295681062677
2023-01-27,30100,30650,30050,30650,5643,0.019966722129783676
2023-01-30,30650,30900,30450,30600,3577,-0.0016313213703099683
2023-01-31,30600,30900,30500,30900,3916,0.009803921568627416
2023-02-01,30800,31050,30500,31000,4170,0.003236245954692629
2023-02-02,31050,31050,30700,30800,5673,-0.006451612903225823
2023-02-03,30800,30800,30500,30800,2486,0.0
2023-02-06,30800,30800,30150,30550,1490,-0.008116883116883078
2023-02-07,30200,30500,30200,30400,1909,-0.004909983633387904
2023-02-08,30350,30600,30100,30600,2594,0.006578947368421018
2023-02-09,30600,30800,30200,30250,2645,-0.011437908496731986
2023-02-10,30450,30450,29850,30350,3423,0.0033057851239668423
2023-02-13,29950,30100,29600,30000,4118,-0.011532125205930832
2023-02-14,29650,29850,29550,29800,2458,-0.00666666666666671
2023-02-15,29500,29700,28800,28950,7973,-0.028523489932885893
2023-02-16,28700,29150,28700,29150,2243,0.006908462867012188
2023-02-17,29150,30000,29000,29450,2369,0.010291595197255532
2023-02-20,29450,29500,28900,29200,2284,-0.008488964346349714
2023-02-21,29350,29950,29050,29700,3398,0.017123287671232834
2023-02-22,29550,29700,29150,29700,2203,0.0
2023-02-23,29450,29600,29000,29250,3137,-0.015151515151515138
2023-02-24,29250,29650,28900,29150,2071,-0.0034188034188034067
2023-02-27,29100,29250,28600,29250,4282,0.0034305317324185847
2023-02-28,29100,29850,29000,29550,3320,0.01025641025641022
2023-03-02,29600,29650,29250,29550,4102,0.0
2023-03-03,29650,30000,29400,29550,3186,0.0
2023-03-06,29600,30000,29300,29500,3723,-0.0016920473773265332
2023-03-07,28750,29550,28750,29000,8369,-0.016949152542372836
2023-03-08,28950,29300,28750,28950,3936,-0.0017241379310344307
2023-03-09,28950,29300,28750,29300,1747,0.012089810017271052
2023-03-10,29000,29300,28300,28550,7276,-0.025597269624573427
2023-03-13,27650,28050,27300,27700,6624,-0.02977232924693518
2023-03-14,27700,27700,26350,27000,7935,-0.02527075812274371
2023-03-15,26800,27150,26700,26700,3961,-0.011111111111111072
2023-03-16,26750,26750,26000,26450,5978,-0.009363295880149836
2023-03-17,26700,27850,26700,27450,4948,0.037807183364839236
2023-03-20,27300,27900,26750,27100,4186,-0.012750455373406244
2023-03-21,27100,27300,26900,27000,2057,-0.0036900369003689537
2023-03-22,27150,27250,26700,27000,1431,0.0
2023-03-23,27000,27000,26150,26250,6108,-0.02777777777777779
2023-03-24,26250,26500,25750,25750,5958,-0.01904761904761909
2023-03-27,25750,26000,24800,24900,8819,-0.03300970873786413
2023-03-28,24900,25350,24750,25350,3796,0.01807228915662651
2023-03-29,25350,26250,25100,26000,5135,0.02564102564102555
2023-03-30,26100,26350,25650,26000,4056,0.0
2023-03-31,26000,26250,25500,25750,5070,-0.009615384615384581
2023-04-03,25750,27300,25150,26350,7768,0.023300970873786353
2023-04-04,26350,26450,25950,26000,5245,-0.013282732447817858
2023-04-05,26000,26650,25700,26050,8454,0.0019230769230769162
2023-04-06,26150,26200,25300,25300,4773,-0.028790786948176605
2023-04-07,24800,25300,24700,24850,22748,-0.017786561264822143
2023-04-10,24850,24850,23900,23900,14391,-0.0382293762575453
2023-04-11,23900,24850,23650,23900,12879,0.0
2023-04-12,23700,24100,23700,23800,10634,-0.004184100418409997
2023-04-13,23800,23950,23650,23900,4487,0.004201680672268893
2023-04-14,24100,26500,23900,24950,44062,0.043933054393305415
2023-04-17,24950,25050,24600,24900,6053,-0.002004008016032066
2023-04-18,24850,25500,24600,25000,8707,0.004016064257028162
2023-04-19,25400,25400,24900,25050,5629,0.0020000000000000018
2023-04-20,25050,25050,24550,24650,6160,-0.015968063872255467
2023-04-21,24700,25900,24300,25150,12129,0.020283975659229236
2023-04-24,25150,25150,24550,24600,4706,-0.021868787276341894
2023-04-25,24600,24600,24150,24250,3933,-0.014227642276422814
2023-04-26,24050,24350,23900,23900,5137,-0.014432989690721598
2023-04-27,24100,24100,23650,23800,5680,-0.004184100418409997
2023-04-28,23850,24100,23550,23600,5682,-0.008403361344537785
2023-05-02,23600,23750,23550,23650,4753,0.0021186440677967155
2023-05-03,23650,23750,23500,23750,3083,0.0042283298097252064
2023-05-04,23550,24000,23400,23600,7209,-0.0063157894736841635
2023-05-08,24000,24200,23800,24200,5213,0.025423728813559254
2023-05-09,24100,24500,24100,24250,2905,0.0020661157024792765
2023-05-10,24250,24300,23850,24050,3765,-0.008247422680412342
2023-05-11,24050,24350,23900,24250,2530,0.008316008316008316
2023-05-12,24250,24250,23800,24000,1896,-0.010309278350515427
2023-05-15,24000,24050,23800,23950,2217,-0.002083333333333326
2023-05-16,23950,24050,23650,24000,2719,0.0020876826722338038
2023-05-17,24000,24950,24000,24500,6037,0.02083333333333326
2023-05-18,24550,24850,24500,24650,2919,0.00612244897959191
2023-05-19,24750,24950,24500,24650,2309,0.0
2023-05-22,24700,25150,24650,24700,3179,0.0020283975659229903
2023-05-23,25100,25650,24700,25650,7465,0.03846153846153855
2023-05-24,25550,26250,25500,25850,8503,0.007797270955165692
2023-05-25,25900,26300,25200,25700,5729,-0.005802707930367523
2023-05-26,25700,25700,24900,25000,5187,-0.027237354085603127
2023-05-30,25050,25100,24900,24900,2843,-0.0040000000000000036
2023-05-31,24900,25050,24850,24950,1964,0.002008032128514081
2023-06-01,25200,25200,24650,25000,1912,0.002004008016031955
2023-06-02,24750,25700,24750,25050,3342,0.0020000000000000018
2023-06-05,25050,25300,24900,25050,2694,0.0
2023-06-07,25200,25200,25000,25050,2558,0.0
2023-06-08,25300,25300,24950,25200,1060,0.0059880239520957446
2023-06-09,25200,25400,25200,25300,1601,0.003968253968253954
2023-06-12,25300,25700,25300,25500,3949,0.007905138339920903
2023-06-13,25700,25700,25350,25400,2272,-0.0039215686274509665
2023-06-14,25350,25700,24850,24850,4414,-0.021653543307086576
2023-06-15,24800,24900,24500,24550,2328,-0.012072434607645843
2023-06-16,24550,25100,24500,24800,3386,0.010183299389002087
2023-06-19,24900,26350,24700,25500,5121,0.02822580645161299
2023-06-20,25500,25900,25200,25400,2249,-0.0039215686274509665
2023-06-21,25150,25700,24950,24950,1812,-0.017716535433070835
2023-06-22,24950,25350,24600,25000,2769,0.002004008016031955
2023-06-23,25000,25400,24750,24750,2236,-0.010000000000000009
2023-06-26,24750,25500,24500,24500,3301,-0.010101010101010055
2023-06-27,24500,25250,24300,24500,3429,0.0
2023-06-28,24550,24700,24400,24550,985,0.0020408163265306367
2023-06-29,24550,24550,23500,23900,12032,-0.02647657841140527
2023-06-30,23900,24250,23350,23700,8146,-0.008368200836820106
2023-07-03,23750,24500,23700,24250,1921,0.02320675105485237
2023-07-04,24500,24500,23650,23900,5828,-0.014432989690721598
2023-07-05,24100,24100,23650,23900,1346,0.0
2023-07-06,24100,24100,23000,23100,7168,-0.03347280334728031
2023-07-07,23050,23050,22400,22800,5206,-0.012987012987012991
2023-07-10,22550,23100,22350,22700,1990,-0.004385964912280715
2023-07-11,23150,23150,22600,23000,1518,0.013215859030837107
2023-07-12,23100,23150,22800,23000,802,0.0
2023-07-13,23850,23850,22750,22850,3219,-0.006521739130434745
2023-07-14,22850,22850,22050,22700,7130,-0.006564551422319487
2023-07-17,22400,22450,22100,22200,8932,-0.022026431718061623
2023-07-18,22500,22500,21950,22150,4133,-0.0022522522522522292
2023-07-19,22150,22400,22000,22150,1422,0.0
2023-07-20,22400,22450,21900,22300,2803,0.006772009029345272
2023-07-21,22500,22500,21950,22400,1769,0.004484304932735439
2023-07-24,22150,22200,21450,21800,6153,-0.0267857142857143
2023-07-25,21600,21950,21250,21600,9749,-0.00917431192660545
2023-07-26,21600,22000,20300,20900,20352,-0.03240740740740744
2023-07-27,20900,21400,20400,21000,5265,0.004784688995215225
2023-07-28,21000,21800,20650,21300,6312,0.014285714285714235
2023-07-31,21500,21850,21300,21750,3760,0.021126760563380254
2023-08-01,21900,21900,21500,21800,3450,0.0022988505747125743
2023-08-02,21800,21950,21500,21550,2569,-0.011467889908256867
2023-08-03,21450,22000,21350,22000,1955,0.02088167053364276
2023-08-04,22000,22100,21600,21750,2774,-0.011363636363636354
2023-08-07,21750,21750,21500,21700,1051,-0.0022988505747126853
2023-08-08,21650,21950,21400,21700,968,0.0
2023-08-09,21650,22600,21650,22400,9766,0.032258064516129004
2023-08-10,22400,22600,22150,22400,1862,0.0
2023-08-11,22400,22450,22050,22050,817,-0.015625
2023-08-14,22050,22200,21800,22100,911,0.0022675736961450532
2023-08-16,21650,21900,21300,21800,2979,-0.013574660633484115
2023-08-17,21600,21800,20950,21150,5473,-0.029816513761467878
2023-08-18,20850,21600,20850,21250,2143,0.004728132387706863
2023-08-21,21250,21800,20850,21800,2500,0.025882352941176467
2023-08-22,21500,21800,21100,21350,4686,-0.020642201834862428
2023-08-23,21350,21350,21000,21300,1412,-0.0023419203747072626
2023-08-24,21300,21400,20800,20850,3145,-0.021126760563380254
2023-08-25,20950,21500,20900,21150,491,0.014388489208633004
2023-08-28,21000,21350,20850,21200,1652,0.0023640661938533203
2023-08-29,21200,21400,21100,21300,696,0.004716981132075526
2023-08-30,21300,21500,21100,21250,2874,-0.0023474178403756207
2023-08-31,21150,21350,21150,21300,1384,0.0023529411764706687
2023-09-01,21300,21400,21150,21400,907,0.0046948356807512415
2023-09-04,21350,21350,21100,21300,2523,-0.004672897196261627
2023-09-05,21200,24850,21150,21350,27191,0.0023474178403755097
2023-09-06,21350,21600,21150,21200,4228,-0.007025761124121788
2023-09-07,21500,21500,21000,21300,1652,0.004716981132075526
2023-09-08,21050,21400,21000,21300,3884,0.0
2023-09-11,21300,21300,20950,21200,3004,-0.0046948356807511304
2023-09-12,21050,21450,20950,21100,5039,-0.004716981132075526
2023-09-13,20850,21100,20850,21000,2702,-0.004739336492891044
2023-09-14,21000,21200,20950,21100,2132,0.004761904761904745
2023-09-15,21100,21250,20950,21200,1755,0.004739336492890933
2023-09-18,21200,21350,20900,20950,2218,-0.011792452830188704
2023-09-19,21100,21100,20850,20900,2594,-0.0023866348448687846
2023-09-20,20800,21050,20800,20900,2231,0.0
2023-09-21,20750,20900,20600,20750,3250,-0.0071770334928229484
2023-09-22,20550,21000,20500,20850,2064,0.004819277108433662
2023-09-25,20600,20650,20100,20200,5732,-0.031175059952038398
2023-09-26,20200,20200,19950,20150,2998,-0.0024752475247524774
2023-09-27,19650,20150,19650,20150,3576,0.0
2023-10-04,20000,20000,19450,19690,3870,-0.022828784119106715
2023-10-05,19680,19680,18880,18910,4635,-0.03961401726764857
2023-10-06,18350,19180,18350,18790,3436,-0.0063458487572712885
2023-10-10,18500,19390,18500,19170,1169,0.020223523150612044
2023-10-11,18900,19300,18850,18850,5265,-0.016692749087115266
2023-10-12,18660,19040,18660,18990,4021,0.007427055702917684
2023-10-13,18810,19060,18810,18840,1177,-0.00789889415481837
2023-10-16,18860,19090,18310,18490,2340,-0.018577494692144425
2023-10-17,18500,18790,18390,18500,1971,0.0005408328826392861
2023-10-18,18510,18550,18210,18210,4585,-0.015675675675675627
2023-10-19,18320,18330,17830,17830,2455,-0.020867655134541474
2023-10-20,17660,23150,17660,17710,189598,-0.006730229949523325
2023-10-23,17700,18000,17310,17770,10174,0.0033879164313947996
2023-10-24,18000,21400,17300,17710,183804,-0.003376477208778872
2023-10-25,17710,18210,17640,17730,13848,0.0011293054771315258
2023-10-26,17770,19500,17510,17820,33599,0.0050761421319796
2023-10-27,17820,18210,17620,17810,7733,-0.0005611672278339475
2023-10-30,18100,18430,17690,18380,9297,0.03200449185850651
2023-10-31,18300,18410,17910,18360,6020,-0.0010881392818280489
2023-11-01,18180,18700,17980,18150,8620,-0.011437908496731986
2023-11-02,18150,18350,18100,18150,5165,0.0
2023-11-03,18230,18750,18200,18290,4976,0.007713498622589521
2023-11-06,18320,18780,18320,18760,4272,0.025697102241662106
2023-11-07,18880,18880,18290,18840,8266,0.004264392324093924
2023-11-08,18800,18860,18480,18480,3407,-0.019108280254777066
2023-11-09,18480,18870,18370,18850,3726,0.02002164502164505
2023-11-10,18450,18970,18300,18870,2213,0.001061007957559701
2023-11-13,18870,18870,18400,18830,2460,-0.002119766825649183
2023-11-14,18500,19000,18500,18710,3253,-0.006372809346787078
2023-11-15,18890,19920,18830,19400,4594,0.036878674505612
2023-11-16,19080,19500,19080,19460,2921,0.003092783505154628
2023-11-17,19260,19900,18880,19590,5449,0.0066803699897224345
2023-11-20,19680,19680,19300,19300,3274,-0.014803471158754467
2023-11-21,19110,19500,19030,19370,857,0.0036269430051814044
2023-11-22,19370,19500,19040,19310,1183,-0.0030975735673722804
2023-11-23,19310,19680,19310,19480,1193,0.008803728638011377
2023-11-24,19180,19670,19180,19500,1678,0.0010266940451746365
2023-11-27,19750,19750,19200,19350,1300,-0.007692307692307665
2023-11-28,19080,19430,19080,19360,3183,0.0005167958656331351
2023-11-29,19640,19640,19180,19200,1150,-0.008264462809917328
2023-11-30,19640,19640,19060,19330,1774,0.0067708333333333925
2023-12-01,19500,19690,19060,19450,1399,0.006207966890843242
2023-12-04,19400,19650,19050,19500,1301,0.0025706940874035134
2023-12-05,19500,19890,19400,19640,1324,0.007179487179487243
2023-12-06,19310,19650,19310,19650,1374,0.0005091649694501932
2023-12-07,19480,19980,19480,19720,1605,0.003562340966921207
2023-12-08,19750,19980,19750,19760,6051,0.0020283975659229903
2023-12-11,20000,20200,19830,19940,7871,0.009109311740890691
2023-12-12,19950,20250,19950,19990,2408,0.0025075225677031465
2023-12-13,19990,20500,19960,19990,1529,0.0
2023-12-14,19990,20500,19970,20200,5142,0.010505252626313188
2023-12-15,19990,20500,19700,19860,10875,-0.016831683168316847
2023-12-18,19880,19990,19650,19710,8231,-0.007552870090634434
2023-12-19,19600,19990,19600,19810,3519,0.005073566717402445
2023-12-20,19990,19990,19710,19960,6974,0.007571933366986361
2023-12-21,19880,20500,19880,19940,3268,-0.0010020040080159776
2023-12-22,20200,23600,20150,20600,92159,0.033099297893681046
2023-12-26,20500,20500,19750,19930,26668,-0.032524271844660224
2023-12-27,19900,19900,19100,19260,11372,-0.03361766181635728
2023-12-28,19260,19460,19120,19280,4112,0.0010384215991692258
2024-01-02,19280,19280,18900,19090,6025,-0.00985477178423233
2024-01-03,19090,19090,18600,18840,5588,-0.013095861707700385
2024-01-04,18840,18850,18660,18770,2004,-0.0037154989384289294
2024-01-05,18950,18950,18490,18590,10616,-0.009589770911028195
2024-01-08,18590,18650,18290,18480,4333,-0.00591715976331364
2024-01-09,18390,18500,18130,18320,4151,-0.008658008658008698
2024-01-10,18500,18910,18260,18830,2822,0.027838427947598277
2024-01-11,18830,19250,18640,18830,4826,0.0
2024-01-12,18400,19290,18400,18660,4363,-0.009028146574614926
2024-01-15,18790,18790,18400,18560,981,-0.005359056806002127
2024-01-16,18470,18650,18380,18480,1917,-0.004310344827586188
2024-01-17,18300,18890,18050,18080,5328,-0.02164502164502169
2024-01-18,18080,18890,18040,18100,2279,0.0011061946902655162
2024-01-19,18100,18370,18000,18180,2442,0.0044198895027625085
2024-01-22,18350,18450,18220,18310,1538,0.007150715071507108
2024-01-23,18310,18910,18310,18800,2405,0.026761332605133914
2024-01-24,18800,18900,18600,18770,1255,-0.0015957446808511078
2024-01-25,18430,18770,18430,18730,868,-0.0021310602024506853
2024-01-26,18580,18710,18570,18600,1517,-0.006940736785905011
2024-01-29,18600,18600,18100,18490,2927,-0.005913978494623606
2024-01-30,18500,19000,18470,18470,1786,-0.0010816657652785722
2024-01-31,18800,18800,18480,18730,1622,0.014076881429344823
2024-02-01,18470,19100,18460,18790,4263,0.0032034169781098853
2024-02-02,18790,19110,18370,18590,8580,-0.010643959552953719
2024-02-05,18690,18880,18310,18420,5422,-0.009144701452393766
2024-02-06,18420,18710,17980,18170,4920,-0.01357220412595006
2024-02-07,18170,18350,17970,17980,5760,-0.010456796917996725
2024-02-08,18230,18250,17980,17990,5570,0.0005561735261401246
2024-02-13,18000,18250,17950,18000,3039,0.0005558643690939391
2024-02-14,18100,18100,17930,17990,1514,-0.0005555555555555314
2024-02-15,18480,18480,17950,17950,1667,-0.0022234574763757564
2024-02-16,18000,18100,17930,18030,4286,0.004456824512534929
2024-02-19,18380,18940,18000,18710,4692,0.03771491957848028
2024-02-20,18710,18710,18010,18140,6254,-0.030464991982896872
2024-02-21,18140,18280,18020,18200,7736,0.00330760749724357
2024-02-22,18300,18300,18020,18030,2157,-0.009340659340659307
2024-02-23,18030,18120,17960,18070,1483,0.002218524681087075
2024-02-26,18050,18130,17440,18000,4719,-0.00387382401770886
2024-02-27,17860,18120,17500,17680,6832,-0.01777777777777778
2024-02-28,17680,17770,17390,17450,4363,-0.01300904977375561
2024-02-29,17460,17700,17450,17660,2357,0.012034383954154793
2024-03-04,17580,17840,17310,17310,3180,-0.019818799546998833
2024-03-05,17590,17600,16300,17410,12087,0.005777007510109788
2024-03-06,17220,17400,17150,17180,1913,-0.013210798391728895
2024-03-07,17180,17240,16840,17180,3603,0.0
2024-03-08,17090,17180,16950,17030,1580,-0.008731082654249156
2024-03-11,16860,17000,16860,16960,1025,-0.004110393423370495
2024-03-12,16960,17330,16750,16900,2439,-0.003537735849056589
2024-03-13,16900,17000,16720,17000,2343,0.00591715976331364
2024-03-14,17040,17060,16650,16990,5092,-0.0005882352941176672
2024-03-15,16990,17100,16870,16880,1071,-0.0064743967039434525
2024-03-18,16940,16940,16600,16650,2923,-0.013625592417061627
2024-03-19,16960,16960,16610,16640,2015,-0.0006006006006006315
2024-03-20,16640,16740,16560,16560,3116,-0.004807692307692291
2024-03-21,16680,16810,16570,16610,4965,0.003019323671497487
2024-03-22,16600,16780,16590,16700,4364,0.005418422636965792
2024-03-25,16700,16940,16140,16610,8410,-0.005389221556886259
2024-03-26,16700,16790,16450,16560,2873,-0.003010234798314304
2024-03-27,16560,16600,16010,16030,8478,-0.03200483091787443
2024-03-28,16030,16350,15920,16000,4276,-0.0018714909544603753
2024-03-29,16000,16180,15900,16040,2232,0.0024999999999999467
2024-04-01,16690,16690,16050,16160,2383,0.007481296758104827
2024-04-02,16160,16390,15960,15970,3828,-0.011757425742574212
2024-04-03,16100,16100,15730,15730,4438,-0.015028177833437684
2024-04-04,15730,15840,15390,15500,5901,-0.014621741894469187
2024-04-05,15580,15580,15370,15410,1411,-0.005806451612903274
2024-04-08,15410,15460,15280,15360,4889,-0.0032446463335495945
2024-04-09,15340,15350,15200,15340,2169,-0.0013020833333333703
2024-04-11,15250,15400,15150,15350,2207,0.0006518904823988869
2024-04-12,15350,15350,15200,15240,5716,-0.007166123778501676
2024-04-15,15240,15240,14980,15140,2245,-0.006561679790026198
2024-04-16,15070,15160,14980,15160,1891,0.0013210039630118242
2024-04-17,15070,15070,15010,15010,1559,-0.00989445910290232
2024-04-18,15010,15300,15000,15300,911,0.019320453031312468
2024-04-19,15310,15310,15070,15300,2145,0.0
2024-04-22,15170,15400,15070,15170,2694,-0.00849673202614376
2024-04-23,15300,15580,15200,15450,4538,0.018457481872115933
2024-04-24,15460,15650,15360,15550,4142,0.006472491909385036
2024-04-25,15620,16400,15600,16140,7621,0.037942122186495286
2024-04-26,16490,16500,16010,16220,4089,0.004956629491945419
2024-04-29,16180,16500,16180,16250,1981,0.0018495684340320562
2024-04-30,16200,16330,16130,16320,2473,0.004307692307692346
2024-05-02,16230,16500,16190,16490,1136,0.01041666666666674
2024-05-03,16350,16490,16220,16440,2702,-0.003032140691328067
2024-05-07,16130,16500,16130,16410,2126,-0.0018248175182481452
2024-05-08,16240,16400,16230,16360,614,-0.0030469226081657474
2024-05-09,16320,16360,16150,16240,1967,-0.007334963325183352
2024-05-10,16470,16470,16240,16360,713,0.00738916256157629
2024-05-13,16250,16390,15710,16000,4558,-0.022004889975550168
2024-05-14,16000,16400,15910,16280,3299,0.01750000000000007
2024-05-16,16280,16480,16150,16290,2222,0.0006142506142505777
2024-05-17,16250,16480,16150,16240,2857,-0.0030693677102516803
2024-05-20,16170,16410,16170,16270,3899,0.001847290640394128
2024-05-21,16260,16480,16140,16140,2444,-0.007990165949600447
2024-05-22,16100,16400,16080,16400,1833,0.01610904584882289
2024-05-23,16390,16400,16100,16400,1186,0.0
2024-05-24,16400,16490,16270,16490,2009,0.005487804878048674
2024-05-27,16450,16600,16290,16310,3739,-0.01091570648878104
2024-05-28,16650,16700,16200,16490,1684,0.011036174126302978
2024-05-29,16800,16800,16320,16530,496,0.0024257125530624535
2024-05-30,16500,16520,16100,16160,4234,-0.02238354506957052
2024-05-31,16160,16490,16100,16260,1468,0.006188118811881083
2024-06-03,16260,16500,16250,16450,800,0.011685116851168464
2024-06-04,16310,16450,16310,16330,1042,-0.007294832826747699
2024-06-05,16360,16580,16200,16400,1180,0.004286589099816274
2024-06-07,16320,16690,15890,16110,5047,-0.01768292682926831
2024-06-10,16740,16740,15880,15940,1324,-0.01055245189323406
2024-06-11,15940,16100,15830,15860,2515,-0.005018820577164407
2024-06-12,15850,16070,15850,15860,849,0.0
2024-06-13,15900,16050,15900,15990,891,0.008196721311475308
2024-06-14,15990,16040,15880,15990,778,0.0
2024-06-17,15930,15990,15790,15830,1389,-0.01000625390869292
2024-06-18,15700,15830,15660,15810,1345,-0.0012634238787112562
2024-06-19,15700,15800,15610,15610,3009,-0.012650221378874171
2024-06-20,15740,15800,15000,15610,4327,0.0
2024-06-21,15500,15710,15480,15640,1308,0.0019218449711724261
2024-06-24,15640,15860,15470,15630,1191,-0.0006393861892582953
2024-06-25,15250,16100,15250,15300,4383,-0.021113243761996192
2024-06-26,15300,15300,15190,15200,1584,-0.006535947712418277
2024-06-27,15200,15500,15190,15200,2566,0.0
2024-06-28,15480,15500,15310,15500,319,0.019736842105263053
2024-07-01,15390,15390,14900,14900,6535,-0.03870967741935483
2024-07-02,15060,15130,14750,14840,2901,-0.004026845637583931
2024-07-03,14750,14900,14660,14660,3201,-0.0121293800539084
2024-07-04,14810,15550,14710,14900,2688,0.016371077762619368
2024-07-05,14900,15200,14900,15040,866,0.00939597315436247
2024-07-08,15040,15090,14830,14830,3252,-0.013962765957446832
2024-07-09,14960,15080,14760,14950,2520,0.008091706001348564
2024-07-10,14950,15000,14760,14870,738,-0.005351170568561825
2024-07-11,14750,15000,14750,14880,517,0.0006724949562877391
2024-07-12,14880,15060,14880,14940,490,0.0040322580645162365
2024-07-15,15070,15080,14650,14650,6033,-0.019410977242302563
2024-07-16,14720,14790,14500,14780,2479,0.00887372013651877
2024-07-17,14690,15110,14690,14890,2954,0.007442489851150258
2024-07-18,14890,15080,14610,15000,2824,0.007387508394895992
2024-07-19,15000,15000,14760,14760,7097,-0.016000000000000014
2024-07-22,15000,15000,14000,14610,4519,-0.010162601626016232
2024-07-23,14610,14990,14510,14890,2310,0.019164955509924697
2024-07-24,14900,14990,14600,14900,14711,0.000671591672263272
2024-07-25,14780,14900,14660,14810,1760,-0.006040268456375841
2024-07-26,14810,15070,14690,15070,1829,0.017555705604321403
2024-07-29,15070,15150,14870,14930,6620,-0.00928998009289983
2024-07-30,14930,15020,14600,15000,2249,0.0046885465505692725
2024-07-31,14880,15000,14600,14610,7403,-0.026000000000000023
2024-08-01,14610,15040,14600,15000,956,0.026694045174537884
2024-08-02,15000,15050,14730,14740,1254,-0.01733333333333331
2024-08-05,15800,18740,15640,17400,539763,0.18046132971506101
2024-08-06,17300,17890,16220,17010,129930,-0.022413793103448265
2024-08-07,17300,17300,16160,16680,53509,-0.01940035273368612
2024-08-08,16680,17330,15820,16320,51566,-0.021582733812949617
2024-08-09,16730,16750,16020,16170,31629,-0.009191176470588203
2024-08-12,16190,17180,15790,15970,21528,-0.01236858379715522
2024-08-13,15940,16120,15490,15770,19744,-0.012523481527864755
2024-08-14,15770,15870,15540,15860,16017,0.005707038681040055
2024-08-16,16000,16000,15750,15830,12368,-0.001891551071878994
2024-08-19,15600,16530,15600,15860,20271,0.0018951358180669953
2024-08-20,15860,16310,15830,16250,14801,0.024590163934426146
2024-08-21,16430,16750,16110,16750,25083,0.03076923076923066
2024-08-22,16750,16900,16450,16550,11416,-0.011940298507462699
2024-08-23,16990,16990,16450,16930,20157,0.0229607250755286
2024-08-26,16970,16980,16260,16670,6588,-0.015357353809805074
2024-08-27,16650,16650,15510,16210,9256,-0.027594481103779267
2024-08-28,16690,17950,16350,16450,35491,0.014805675508945182
2024-08-29,16760,16760,16250,16600,13285,0.00911854103343468
2024-08-30,16620,16840,16210,16400,10653,-0.012048192771084376
2024-09-02,16550,16700,16350,16500,12237,0.0060975609756097615
2024-09-03,16500,16700,16340,16450,4597,-0.00303030303030305
2024-09-04,16150,16450,15800,15810,16843,-0.0389057750759878
2024-09-05,16010,16130,15720,15720,5157,-0.005692599620493399
2024-09-06,16140,16140,15240,15260,8405,-0.029262086513994867
2024-09-09,15250,15600,15150,15600,2758,0.022280471821756187
2024-09-10,15440,16150,15200,15530,5741,-0.004487179487179471
2024-09-11,15530,15850,15300,15520,2382,-0.0006439150032195862
2024-09-12,15590,15940,15220,15900,5647,0.02448453608247414
2024-09-13,15900,15900,15440,15740,3825,-0.010062893081761004
2024-09-19,15440,16000,15400,15910,3033,0.010800508259212194
2024-09-20,15900,15900,15520,15880,3096,-0.0018856065367692798
2024-09-23,15620,15870,15400,15690,1422,-0.011964735516372782
2024-09-24,15670,15800,15540,15690,2229,0.0
2024-09-25,15950,15950,15500,15550,1434,-0.008922880815806278
2024-09-26,15810,15960,15540,15880,4029,0.021221864951768588
2024-09-27,15880,16060,15750,16000,4502,0.007556675062972307
2024-09-30,16000,16000,15450,15530,3817,-0.02937500000000004
2024-10-02,15530,15630,15430,15510,2420,-0.0012878300064391723
2024-10-04,15530,15650,15430,15480,4478,-0.0019342359767892114
2024-10-07,15330,15910,15330,15820,2878,0.021963824289405576
2024-10-08,15790,15930,15770,15820,2707,0.0
2024-10-10,15820,15890,15350,15890,3267,0.004424778761061843
2024-10-11,15890,16020,15770,15990,2868,0.006293266205160464
2024-10-14,16000,16070,15500,15900,3119,-0.0056285178236398226
2024-10-15,15900,16050,15680,15920,2634,0.0012578616352201255
2024-10-16,15920,15990,15600,15930,1181,0.0006281407035175768
2024-10-17,15840,16030,15650,15980,1790,0.003138731952291307
2024-10-18,15900,16060,15610,15800,5300,-0.01126408010012514
2024-10-21,15920,15950,15400,15420,2780,-0.024050632911392422
2024-10-22,15500,15580,15300,15400,2149,-0.0012970168612191912
2024-10-23,15610,15730,15240,15440,1726,0.0025974025974024872
2024-10-24,15700,15710,15460,15500,748,0.0038860103626943143
2024-10-25,15530,15730,15360,15520,759,0.001290322580645098
2024-10-28,15630,15690,15150,15260,1937,-0.01675257731958768
2024-10-29,15510,15520,15080,15170,1762,-0.005897771952817821
2024-10-30,15050,15200,14990,15140,6524,-0.0019775873434410007
2024-10-31,15110,15210,14920,15200,933,0.003963011889035695
2024-11-01,15200,15200,14880,15180,1547,-0.001315789473684159
2024-11-04,15280,15280,14600,15170,2377,-0.0006587615283267789
2024-11-05,15170,15290,15020,15020,1639,-0.009887936717205004
2024-11-06,15180,15230,14900,14900,2520,-0.007989347536617841
2024-11-07,15000,15050,14650,14950,1436,0.003355704697986628
2024-11-08,15000,15010,14700,14970,1485,0.0013377926421405117
2024-11-11,14970,15010,14660,14800,2846,-0.011356045424181671
2024-11-12,14800,14950,14400,14930,5267,0.00878378378378386
2024-11-13,14810,14900,14420,14730,3537,-0.01339584728734089
2024-11-14,14590,14730,13900,14000,10406,-0.04955872369314329
2024-11-15,14000,14090,13830,13900,1637,-0.0071428571428571175
2024-11-18,13900,14150,13500,13800,7099,-0.007194244604316502
2024-11-19,13800,14000,13510,13950,2285,0.010869565217391353
2024-11-20,13950,14200,13950,13980,3535,0.0021505376344086446
2024-11-21,13860,14200,13860,14100,1054,0.008583690987124415
2024-11-22,13820,14260,13820,14080,3441,-0.0014184397163120588
2024-11-25,13940,14250,13800,14100,2088,0.0014204545454545858
2024-11-26,14100,14240,13820,13900,2174,-0.014184397163120588
2024-11-27,14010,14230,13900,14030,2783,0.009352517985611541
2024-11-28,14110,14130,13990,14100,1466,0.0049893086243764095
2024-11-29,14100,14220,13700,14090,527,-0.0007092198581559739
2024-12-02,14150,14200,13700,14060,2406,-0.002129169623846683
2024-12-03,14060,14270,13910,13910,2599,-0.010668563300142209
2024-12-04,13800,13910,13660,13660,2548,-0.017972681524083378
2024-12-05,13500,13800,13330,13650,1609,-0.0007320644216690653
2024-12-06,13770,13800,13290,13400,2052,-0.01831501831501836
2024-12-09,13000,13390,11770,11800,23874,-0.11940298507462688
2024-12-10,11810,12360,11800,12250,4588,0.03813559322033888
2024-12-11,12250,12470,12170,12340,4028,0.007346938775510292
2024-12-12,12230,12570,12230,12370,4089,0.002431118314424552
2024-12-13,12570,12690,12370,12650,3546,0.022635408245755828
2024-12-16,12900,12900,12660,12700,4051,0.0039525691699604515
2024-12-17,12730,12910,12620,12900,3279,0.015748031496062964
2024-12-18,12900,13520,12900,13220,4701,0.024806201550387597
2024-12-19,13220,13240,12900,13030,1706,-0.01437216338880487
2024-12-20,12900,13060,12800,13060,1581,0.00230237912509601
2024-12-23,13060,13400,12930,13370,1826,0.023736600306278666
2024-12-24,13370,13600,13260,13520,1498,0.011219147344801783
2024-12-26,13610,13750,13410,13710,3935,0.014053254437869755
2024-12-27,13600,13720,13310,13310,2533,-0.029175784099197632
2024-12-30,13200,13280,12330,12700,4015,-0.04583020285499628
2025-01-02,12700,12990,12700,12970,1685,0.021259842519685046
2025-01-03,12980,13450,12980,13280,3818,0.02390131071703938
2025-01-06,13280,13500,13200,13450,1492,0.012801204819277157
2025-01-07,13410,13510,13110,13450,2743,0.0
2025-01-08,13450,13560,13120,13130,7361,-0.0237918215613383
2025-01-09,13130,13890,13110,13150,5593,0.0015232292460014563
2025-01-10,13150,13500,13140,13380,1163,0.017490494296577896
2025-01-13,13300,13360,13130,13130,771,-0.01868460388639759
2025-01-14,13130,13450,13130,13230,1262,0.007616146230007725
2025-01-15,13350,13450,12640,13130,2187,-0.0075585789871503994
2025-01-16,13130,13390,12730,13040,2341,-0.006854531607006886
2025-01-17,13040,13250,13040,13060,951,0.0015337423312884457
2025-01-20,13000,13060,12260,13060,4213,0.0
2025-01-21,13060,13200,12970,13160,1575,0.007656967840734996
2025-01-22,13210,13270,13140,13150,1057,-0.0007598784194529085
2025-01-23,13150,13150,12880,12910,1981,-0.018250950570342206
2025-01-24,12910,13000,12750,12990,2988,0.006196746707978207
2025-01-31,13010,13200,12930,13150,1678,0.012317167051578037
2025-02-03,13150,13230,12690,12870,5297,-0.02129277566539922
2025-02-04,12870,13170,12750,13170,5381,0.02331002331002341
2025-02-05,13190,13490,13190,13340,5801,0.012908124525436548
2025-02-06,13340,13700,13340,13620,6001,0.020989505247376306
2025-02-07,13700,13800,13600,13610,2511,-0.0007342143906020615
2025-02-10,13600,13610,13400,13400,3839,-0.01542983100661277
2025-02-11,13400,13650,13400,13600,7164,0.014925373134328401
2025-02-12,13530,13680,13450,13680,5586,0.00588235294117645
2025-02-13,13640,14100,13640,13970,5724,0.02119883040935666
2025-02-14,13970,14200,13750,13920,9843,-0.0035790980672870676
2025-02-17,13840,14150,13840,14070,3045,0.010775862068965525
2025-02-18,14070,14250,13920,14090,6869,0.001421464108031234
2025-02-19,14150,14150,13870,14130,3087,0.002838892831795503
2025-02-20,14000,14200,13970,14190,2455,0.00424628450106157
2025-02-21,14180,14250,14080,14230,1190,0.0028188865398168783
2025-02-24,14250,14250,14100,14100,1429,-0.00913562895291642
2025-02-25,14100,14260,14100,14160,2282,0.004255319148936065
2025-02-26,13880,14040,13880,13920,1309,-0.016949152542372836
2025-02-27,14110,14170,13910,13980,3488,0.004310344827586299
2025-02-28,13980,14170,13960,14070,1997,0.006437768240343367
2025-03-04,14050,14070,13580,13610,3163,-0.03269367448471927
2025-03-05,13610,13750,13520,13740,779,0.009551800146950784
2025-03-06,13750,14450,13700,14400,4069,0.048034934497816595
2025-03-07,14200,14490,13920,14310,2696,-0.006249999999999978
2025-03-10,14310,14500,14290,14490,1928,0.012578616352201255
2025-03-11,14390,14500,14010,14250,3336,-0.0165631469979296
2025-03-12,14140,14250,14100,14220,1601,-0.002105263157894721
2025-03-13,14190,14190,14050,14170,731,-0.0035161744022503827
2025-03-14,14140,14140,14060,14130,938,-0.0028228652081863093
2025-03-17,14060,14060,13790,13870,1450,-0.01840056617126684
2025-03-18,13870,14160,13500,14030,2024,0.011535688536409516
2025-03-19,14100,14250,14030,14220,3320,0.013542409123307175
2025-03-20,14180,14400,14180,14260,3107,0.002812939521800173
2025-03-21,14150,14350,13950,14300,1131,0.0028050490883591017
2025-03-24,14300,14390,14160,14330,2781,0.002097902097902171
2025-03-25,14600,14650,14040,14600,2991,0.018841591067690233
2025-03-26,14590,14800,14530,14800,4295,0.013698630136986356
2025-03-27,14630,14850,14500,14810,2509,0.0006756756756756133
2025-03-28,14700,14720,13900,14710,2354,-0.006752194463200523
2025-03-31,14450,14600,14300,14350,1982,-0.024473147518694782
2025-04-01,14310,14590,14310,14560,1065,0.014634146341463428
2025-04-02,14590,14630,14440,14480,2277,-0.005494505494505475
2025-04-03,14480,14670,14300,14470,1651,-0.0006906077348066697
2025-04-04,14360,14490,14180,14350,2160,-0.008293020041465149
2025-04-07,13230,14290,13230,13910,3873,-0.030662020905923293
2025-04-08,13990,14100,13890,14000,1240,0.006470165348670065
2025-04-09,14000,14250,13920,14000,2482,0.0
2025-04-10,14250,14450,14000,14090,3530,0.00642857142857145
2025-04-11,14130,14400,14100,14130,1083,0.002838892831795503
2025-04-14,14290,14400,14290,14390,482,0.01840056617126673
2025-04-15,14390,14500,14340,14500,1774,0.007644197359277349
2025-04-16,14550,14600,13700,13960,2289,-0.03724137931034488
2025-04-17,14110,14800,14110,14800,13017,0.06017191977077374
2025-04-18,14800,15200,14750,15120,6811,0.021621621621621623
2025-04-21,15120,15350,15050,15100,2319,-0.001322751322751281
2025-04-22,15130,15800,15110,15590,19880,0.032450331125827736
2025-04-23,16150,16200,15800,15970,6897,0.02437459910198836
2025-04-24,15930,16180,15880,16000,4859,0.0018785222291797243
2025-04-25,16000,16240,15550,15600,5956,-0.025000000000000022
2025-04-28,15790,15940,15600,15650,3084,0.0032051282051281937
2025-04-29,15800,16000,15640,15710,3231,0.00383386581469658
2025-04-30,15710,15710,15250,15700,3159,-0.0006365372374284028
2025-05-02,15400,15900,15400,15830,4910,0.008280254777070173
2025-05-07,15910,15910,15780,15840,1718,0.0006317119393557391
2025-05-08,15890,16020,15360,15840,2275,0.0
2025-05-09,15680,16010,15680,15840,1258,0.0
2025-05-12,15840,15990,15520,15930,8385,0.005681818181818121
2025-05-13,15930,16190,15930,16080,6566,0.009416195856873921
2025-05-14,16210,16390,16080,16200,5078,0.00746268656716409
2025-05-15,16220,16490,16100,16360,7944,0.009876543209876631
2025-05-16,16950,16950,16600,16780,4815,0.025672371638141733
2025-05-19,16920,16920,16350,16630,4487,-0.008939213349225317
2025-05-20,16640,17100,16640,16910,2374,0.016837041491280846
2025-05-21,16910,17130,16900,17090,4121,0.010644589000591287
2025-05-22,17090,17200,17010,17130,3149,0.002340550029256816
2025-05-23,17450,17450,16160,16760,5375,-0.021599532983070602
2025-05-26,16550,16660,15450,15620,28144,-0.06801909307875897
2025-05-27,15870,16000,15330,15520,10350,-0.006402048655569814
2025-05-28,15520,16150,15500,16130,9967,0.03930412371134029
2025-05-29,16250,16370,16130,16280,2330,0.00929944203347799
2025-05-30,16390,16390,16110,16310,5989,0.001842751842751733
2025-06-02,16350,16390,15760,16380,6665,0.0042918454935623185
2025-06-04,16390,16410,16000,16390,4428,0.0006105006105006083
2025-06-05,16270,16830,16160,16690,10590,0.018303843807199405
2025-06-09,16940,16940,16730,16900,7803,0.012582384661473878
2025-06-10,16950,17350,16940,17350,8965,0.026627218934911268
2025-06-11,17340,17540,17300,17460,2987,0.006340057636887497
2025-06-12,17690,17690,17140,17300,5970,-0.009163802978235935
2025-06-13,17340,17350,16800,16800,9242,-0.028901734104046284
2025-06-16,16790,17400,16410,16870,8852,0.004166666666666652
2025-06-17,16870,17000,15800,16470,11446,-0.023710729104920003
2025-06-18,16430,16600,16260,16470,4244,0.0
2025-06-19,16650,17000,16230,16550,5229,0.004857316332726125
2025-06-20,16550,16790,16230,16790,5772,0.01450151057401805
2025-06-23,16790,16850,16450,16600,2716,-0.011316259678380014
2025-06-24,16600,16930,16590,16590,4316,-0.00060240963855418
2025-06-25,16990,17000,16340,16740,3657,0.009041591320072317
2025-06-26,16790,16840,16430,16550,3431,-0.011350059737156526
2025-06-27,16750,17000,16570,16600,2483,0.0030211480362538623
2025-06-30,16600,16840,16430,16480,2746,-0.0072289156626506035
2025-07-01,16750,16950,16090,16490,4252,0.0006067961165048263
2025-07-02,16810,16930,16170,16510,7589,0.0012128562765312267
2025-07-03,16650,16850,16560,16720,2690,0.012719563900666309
2025-07-04,16720,16720,16210,16380,3713,-0.020334928229665095
2025-07-07,16380,16740,16230,16740,3927,0.0219780219780219
2025-07-08,16740,16750,16610,16680,1631,-0.0035842293906810374
2025-07-09,16850,16930,16620,16740,2786,0.003597122302158251
2025-07-10,16940,16950,16390,16840,5898,0.005973715651135025
2025-07-11,16730,16950,16730,16820,2681,-0.001187648456057011
2025-07-14,16950,16990,16600,16850,2723,0.001783590963139181
2025-07-15,16960,16960,16620,16860,1878,0.0005934718100890635
2025-07-16,16600,16850,16370,16610,6436,-0.014827995255041526
2025-07-17,16480,16610,16480,16580,971,-0.0018061408789885602
2025-07-18,16620,16710,16350,16570,3719,-0.0006031363088058184
2025-07-21,16440,16620,16270,16350,11254,-0.013277006638503286
2025-07-22,16350,16350,16000,16120,9684,-0.014067278287461793
2025-07-23,16120,16120,15900,16000,5645,-0.007444168734491274
2025-07-24,16000,16000,15900,15940,1844,-0.003750000000000031
2025-07-25,15940,15970,15740,15910,3550,-0.0018820577164366803
2025-07-28,16000,16000,15380,15400,3832,-0.032055311125078534
2025-07-29,15590,15590,15120,15180,4788,-0.014285714285714235
2025-07-30,15160,15750,15150,15430,9176,0.016469038208168696
2025-07-31,16650,17390,15230,15550,76425,0.007777057679844379
2025-08-01,15400,15520,15100,15280,4157,-0.017363344051446905
2025-08-04,15020,15450,14990,15090,5161,-0.012434554973821954
2025-08-05,15200,15650,15200,15490,9551,0.026507620941020438
2025-08-06,15490,15700,15250,15530,3637,0.002582311168495721
2025-08-07,15500,15550,15210,15530,3971,0.0
2025-08-08,15530,15550,15420,15530,1635,0.0
2025-08-11,15520,15960,15210,15900,6371,0.023824855119124244
2025-08-12,15900,16400,15580,15910,1747,0.0006289308176101738
2025-08-13,16000,16250,15680,15950,4708,0.0025141420490257804
2025-08-14,16020,16240,15830,15900,2994,-0.0031347962382445305
2025-08-18,15970,16000,15570,15570,6525,-0.02075471698113207
2025-08-19,15570,15740,15550,15560,817,-0.0006422607578676631
2025-08-20,15560,15560,15260,15260,3179,-0.019280205655527016
2025-08-21,15260,15740,15260,15560,3007,0.019659239842725995
2025-08-22,15560,15650,15470,15600,3734,0.0025706940874035134
2025-08-25,15850,15850,15680,15680,789,0.00512820512820511
2025-08-26,15800,15800,14810,15270,7209,-0.02614795918367352
2025-08-27,15270,15300,15160,15300,2159,0.0019646365422396617
2025-08-28,15300,15800,15290,15800,507,0.03267973856209161
2025-08-29,15630,15780,15480,15540,1467,-0.016455696202531622
2025-09-01,15900,15900,15250,15310,1749,-0.014800514800514808
2025-09-02,15010,15230,14950,15180,2609,-0.00849118223383405
2025-09-03,15120,15150,15040,15110,1414,-0.00461133069828723
2025-09-04,15200,15200,15040,15110,885,0.0
2025-09-05,15250,15250,14900,15070,4988,-0.002647253474520217
2025-09-08,15250,15340,14970,15010,2310,-0.003981420039814165
2025-09-09,15150,15160,14880,14940,1734,-0.004663557628247883
2025-09-10,14950,15140,14750,14760,5112,-0.012048192771084376
2025-09-11,15000,15000,14460,14470,7125,-0.019647696476964738
2025-09-12,14580,14690,14300,14500,10529,0.0020732550103663705
2025-09-15,14700,14700,14480,14540,4087,0.0027586206896552667
2025-09-16,14540,14540,14480,14520,3691,-0.0013755158184318717
2025-09-17,14510,14700,14490,14570,6862,0.003443526170798794
2025-09-18,14410,14630,14410,14610,1686,0.0027453671928621137
2025-09-19,14640,14950,14620,14850,1381,0.01642710472279263
2025-09-22,14850,15000,14780,14790,966,-0.004040404040404066
2025-09-23,14880,14880,14000,14500,7030,-0.019607843137254943
2025-09-24,14470,14700,14010,14490,7261,-0.0006896551724138167
2025-09-25,14490,14490,14340,14390,4196,-0.0069013112491372874
2025-09-26,14260,14480,14250,14330,849,-0.004169562195969423
2025-09-29,14550,14550,14110,14280,1365,-0.0034891835310537633
2025-09-30,14510,14530,14200,14340,2127,0.004201680672268893
2025-10-01,14350,14350,14150,14210,1419,-0.009065550906555142
2025-10-02,14700,14700,14200,14360,687,0.010555946516537684
2025-10-10,14360,14360,13900,14000,6401,-0.02506963788300831
2025-10-13,14000,14000,13560,13560,5653,-0.03142857142857147
2025-10-14,13560,13770,13450,13770,1869,0.015486725663716783
2025-10-15,13770,13770,13630,13750,1939,-0.001452432824981864
2025-10-16,13780,13780,13620,13730,2990,-0.0014545454545454861
2025-10-17,13650,13700,13440,13450,4895,-0.02039329934450107
2025-10-20,13400,13780,13400,13480,585,0.0022304832713755385
2025-10-21,13400,13550,13340,13410,3893,-0.005192878338278972
2025-10-22,13750,13750,13390,13540,1613,0.009694258016405666
2025-10-23,13520,13520,13310,13420,1994,-0.008862629246676468
2025-10-24,13420,13800,13380,13460,1705,0.0029806259314455463
2025-10-27,13460,13580,13450,13490,2600,0.0022288261515601704
2025-10-28,13620,13620,13520,13580,1977,0.006671608598962209
2025-10-29,13730,13730,13400,13460,4744,-0.008836524300441795
2025-10-30,13340,13380,13250,13340,4080,-0.008915304606240682
2025-10-31,13800,13800,12930,13010,5738,-0.02473763118440775
2025-11-03,13010,13010,12710,12710,4895,-0.02305918524212147
2025-11-04,12710,12710,12470,12520,4384,-0.014948859166010964
2025-11-05,12450,12450,12060,12350,2493,-0.013578274760383424
2025-11-06,12520,12520,12230,12400,2245,0.004048582995951344
2025-11-07,12500,12590,12250,12310,1112,-0.007258064516128981
2025-11-10,12310,12900,12300,12590,3490,0.022745735174654724
2025-11-11,12700,12830,12470,12670,3936,0.006354249404289192
2025-11-12,12660,13200,12550,13140,4147,0.03709550118389893
2025-11-13,13200,14110,13200,13940,12133,0.060882800608828
2025-11-14,13900,14090,13650,13950,6775,0.0007173601147776321
2025-11-17,13900,13900,13610,13700,1329,-0.017921146953404965
2025-11-18,13740,13740,13290,13300,3705,-0.029197080291970767
2025-11-19,13500,13500,13200,13300,1264,0.0
2025-11-20,13450,13550,13290,13550,2271,0.018796992481203034
2025-11-21,13550,13560,13210,13210,4165,-0.02509225092250922
2025-11-24,13130,13690,13110,13620,3771,0.031037093111279335
2025-11-25,13800,13800,13380,13500,1050,-0.008810572687224627
2025-11-26,13800,13800,13180,13600,2858,0.007407407407407307
2025-11-27,13530,14100,13530,13800,2072,0.014705882352941124
2025-11-28,13790,13810,13590,13700,5351,-0.007246376811594235
2025-12-01,14260,14390,13700,14000,9650,0.021897810218978186
2025-12-02,14000,14290,13950,14270,3534,0.01928571428571435
