Date,Open,High,Low,Close,Volume,Change
2022-01-03,1683,1743,1650,1743,781656,0.03997613365155139
2022-01-04,1755,1852,1704,1764,2999695,0.012048192771084265
2022-01-05,1785,1831,1671,1705,1083895,-0.033446712018140534
2022-01-06,1662,1684,1625,1625,464384,-0.04692082111436946
2022-01-07,1624,1937,1561,1857,7819372,0.14276923076923076
2022-01-10,2102,2304,1941,2039,24566138,0.09800753904146475
2022-01-11,2165,2194,1950,2026,6817560,-0.006375674350171612
2022-01-12,2110,2110,1874,1980,3346724,-0.022704837117472843
2022-01-13,1967,2005,1878,1946,1915740,-0.01717171717171717
2022-01-14,1891,1941,1870,1904,983790,-0.021582733812949617
2022-01-17,1886,1886,1789,1806,1137782,-0.05147058823529416
2022-01-18,1805,1869,1721,1730,1352397,-0.042081949058693224
2022-01-19,1704,1742,1654,1688,986610,-0.024277456647398887
2022-01-20,1679,1713,1645,1709,651308,0.012440758293838838
2022-01-21,1709,1709,1646,1663,479910,-0.02691632533645405
2022-01-24,1616,1650,1565,1587,628445,-0.04570054119061939
2022-01-25,1587,1612,1490,1545,741193,-0.026465028355387554
2022-01-26,1523,1578,1515,1549,407240,0.0025889967637540146
2022-01-27,1570,1570,1418,1431,790475,-0.07617817947062622
2022-01-28,1435,1502,1393,1486,526135,0.03843466107617055
2022-02-03,1510,1548,1502,1532,437972,0.030955585464333746
2022-02-04,1531,1603,1506,1595,632560,0.041122715404699806
2022-02-07,1595,1616,1553,1587,374257,-0.005015673981191182
2022-02-08,1595,1667,1553,1604,594883,0.010712035286704502
2022-02-09,1612,1628,1569,1612,249768,0.004987531172069737
2022-02-10,1624,1628,1578,1591,207493,-0.013027295285359841
2022-02-11,1582,1582,1544,1549,193775,-0.026398491514770583
2022-02-14,1502,1519,1452,1490,275703,-0.03808908973531311
2022-02-15,1489,1502,1421,1443,328392,-0.03154362416107381
2022-02-16,1456,1553,1456,1532,369433,0.06167706167706166
2022-02-17,1544,1557,1455,1515,212108,-0.011096605744125299
2022-02-18,1515,1549,1485,1549,128945,0.022442244224422536
2022-02-21,1544,1565,1494,1549,126572,0.0
2022-02-22,1548,1548,1493,1502,274524,-0.030342156229825723
2022-02-23,1502,1569,1497,1540,269461,0.025299600532623145
2022-02-24,1536,1540,1434,1439,439071,-0.06558441558441563
2022-02-25,1455,1586,1455,1540,656025,0.07018763029881869
2022-02-28,1553,1574,1519,1545,335996,0.0032467532467532756
2022-03-02,1544,1574,1527,1570,210591,0.016181229773462702
2022-03-03,1569,1569,1535,1540,221006,-0.019108280254777066
2022-03-04,1548,1557,1519,1532,190338,-0.0051948051948051965
2022-03-07,1523,1553,1464,1532,255477,0.0
2022-03-08,1480,1501,1459,1464,228793,-0.044386422976501305
2022-03-10,1477,1519,1477,1490,178676,0.01775956284153013
2022-03-11,1511,1511,1477,1507,132127,0.011409395973154268
2022-03-14,1506,1556,1493,1502,200643,-0.0033178500331785266
2022-03-15,1494,1511,1452,1486,246206,-0.010652463382157085
2022-03-16,1497,1510,1468,1502,162603,0.010767160161507361
2022-03-17,1561,1624,1519,1536,1520697,0.022636484687083902
2022-03-18,1548,1671,1531,1671,2008973,0.087890625
2022-03-21,1701,1705,1604,1604,932368,-0.04009575104727703
2022-03-22,1604,1625,1578,1600,326246,-0.0024937655860348684
2022-03-23,1599,1599,1565,1587,476918,-0.008125000000000049
2022-03-24,1565,1608,1553,1608,355906,0.013232514177693666
2022-03-25,1625,1739,1595,1680,2264784,0.04477611940298498
2022-03-28,1679,1772,1641,1684,1501463,0.0023809523809523725
2022-03-29,1683,1704,1624,1654,562729,-0.017814726840855055
2022-03-30,1658,1667,1620,1646,301607,-0.0048367593712213
2022-03-31,1641,1700,1641,1671,282088,0.015188335358444771
2022-04-01,1670,1675,1632,1654,174014,-0.010173548773189656
2022-04-04,1654,1671,1624,1650,272994,-0.00241837968561065
2022-04-05,1666,1708,1658,1692,371711,0.025454545454545396
2022-04-06,1688,1688,1633,1638,302867,-0.03191489361702127
2022-04-07,1611,1615,1565,1578,351389,-0.03663003663003661
2022-04-08,1565,1591,1523,1570,325978,-0.005069708491761693
2022-04-11,1557,1679,1557,1650,588811,0.05095541401273884
2022-04-12,1594,1603,1510,1540,488890,-0.06666666666666665
2022-04-13,1548,1565,1519,1557,167856,0.01103896103896096
2022-04-14,1565,1582,1532,1549,173221,-0.005138086062941527
2022-04-15,1531,1548,1527,1536,105566,-0.008392511297611316
2022-04-18,1536,1549,1524,1524,88659,-0.0078125
2022-04-19,1527,1548,1527,1536,107010,0.007874015748031482
2022-04-20,1540,1582,1540,1574,124642,0.02473958333333326
2022-04-21,1577,1582,1540,1540,154004,-0.021601016518424387
2022-04-22,1557,1632,1548,1557,547243,0.01103896103896096
2022-04-25,1511,1629,1502,1587,689718,0.019267822736030782
2022-04-26,1599,1658,1582,1616,647128,0.018273471959672438
2022-04-27,1561,1616,1556,1616,251679,0.0
2022-04-28,1616,1616,1574,1583,181923,-0.020420792079207883
2022-04-29,1574,1853,1574,1680,7391713,0.06127605811749848
2022-05-02,1671,1806,1662,1760,3164901,0.04761904761904767
2022-05-03,1759,1856,1738,1781,2751361,0.01193181818181821
2022-05-04,1793,1835,1743,1781,1526135,0.0
2022-05-06,1755,1810,1709,1764,580832,-0.009545199326221221
2022-05-09,1772,1886,1680,1832,2754311,0.038548752834467015
2022-05-10,1772,1777,1684,1735,955283,-0.05294759825327511
2022-05-11,1730,1751,1680,1680,501713,-0.03170028818443804
2022-05-12,1659,1705,1604,1638,571558,-0.025000000000000022
2022-05-13,1671,1680,1633,1659,209408,0.012820512820512775
2022-05-16,1683,1738,1645,1726,587635,0.04038577456298986
2022-05-17,1742,1772,1721,1730,320783,0.002317497103128563
2022-05-18,1760,1798,1734,1739,636883,0.005202312138728349
2022-05-19,1692,1810,1688,1798,743286,0.03392754456584246
2022-05-20,1781,1793,1743,1756,464348,-0.023359288097886566
2022-05-23,1764,1802,1717,1777,575035,0.011958997722095743
2022-05-24,1768,1856,1705,1705,1117783,-0.04051772650534613
2022-05-25,1709,1756,1654,1735,366758,0.017595307917888547
2022-05-26,1735,1756,1701,1714,208220,-0.012103746397694515
2022-05-27,1709,1974,1709,1823,14169508,0.06359393232205357
2022-05-30,1823,1895,1819,1866,1440651,0.023587493143170546
2022-05-31,1878,1886,1836,1836,532621,-0.01607717041800638
2022-06-02,1848,1950,1798,1929,2263498,0.05065359477124187
2022-06-03,1945,2051,1891,2043,4075511,0.059097978227060644
2022-06-07,2093,2237,2042,2140,6566422,0.047479197258933015
2022-06-08,2173,2219,2084,2127,3417065,-0.006074766355140149
2022-06-09,2144,2165,2056,2094,1383433,-0.015514809590973178
2022-06-10,2093,2663,2000,2507,24629535,0.19723018147086924
2022-06-13,2616,3017,2456,2752,24760422,0.09772636617471075
2022-06-14,2676,2803,2562,2685,5533094,-0.024345930232558155
2022-06-15,2566,2642,2372,2457,5064429,-0.08491620111731846
2022-06-16,2498,2549,2380,2423,2985767,-0.013838013838013863
2022-06-17,2342,2511,2236,2511,4831913,0.03631861328931074
2022-06-20,2452,2566,2321,2562,3757751,0.020310633213858953
2022-06-21,2524,2617,2452,2558,3254391,-0.0015612802498048417
2022-06-22,2595,2667,2405,2511,4047547,-0.018373729476153233
2022-06-23,2473,2532,2266,2309,2784554,-0.08044603743528478
2022-06-24,2355,2448,2313,2364,1710788,0.023819835426591496
2022-06-27,2422,2616,2405,2604,4089915,0.10152284263959399
2022-06-28,2633,2675,2549,2642,4306948,0.014592933947772613
2022-06-29,2566,2583,2460,2524,2106508,-0.044663133989401915
2022-06-30,2532,2633,2477,2490,2587128,-0.01347068145800312
2022-07-01,2477,2617,2380,2499,3746455,0.0036144578313253017
2022-07-04,2558,2600,2123,2233,3883075,-0.10644257703081228
2022-07-05,2232,2313,2156,2254,2772392,0.00940438871473348
2022-07-06,2262,2262,2093,2144,2258298,-0.04880212954747121
2022-07-07,2152,2203,2114,2195,1180669,0.02378731343283591
2022-07-08,2207,2254,2186,2191,1176620,-0.0018223234624146212
2022-07-11,2190,2270,2161,2195,990758,0.0018256503879507946
2022-07-12,2161,2165,2026,2094,1476481,-0.04601366742596813
2022-07-13,2072,2106,2000,2064,1187034,-0.014326647564469885
2022-07-14,2043,2072,1963,1980,1043716,-0.04069767441860461
2022-07-15,1996,2013,1890,1971,1204650,-0.004545454545454519
2022-07-18,1975,2051,1953,2051,952601,0.04058853373921867
2022-07-19,1979,2034,1970,1992,677466,-0.028766455387615797
2022-07-20,2017,2122,1996,2068,1890738,0.0381526104417671
2022-07-21,2080,2152,2051,2089,1159511,0.01015473887814311
2022-07-22,2097,2106,2026,2026,674763,-0.030157970320727645
2022-07-25,2026,2026,1967,1984,654615,-0.02073050345508387
2022-07-26,1958,2017,1954,1984,474107,0.0
2022-07-27,1979,2000,1958,1984,481160,0.0
2022-07-28,2001,2072,1996,2056,819454,0.03629032258064524
2022-07-29,2067,2110,2025,2110,922760,0.026264591439688623
2022-08-01,2140,2190,2102,2136,1261165,0.012322274881516604
2022-08-02,2169,2317,2144,2229,6313714,0.0435393258426966
2022-08-03,2233,2271,2195,2229,1447101,0.0
2022-08-04,2257,2266,2177,2203,730776,-0.01166442350829966
2022-08-05,2207,2211,2131,2161,967405,-0.01906491148433953
2022-08-08,2174,2237,2169,2191,797645,0.013882461823230052
2022-08-09,2203,2397,2144,2313,4997807,0.05568233683249657
2022-08-10,2312,2333,2245,2258,1501738,-0.023778642455685284
2022-08-11,2287,2317,2233,2271,1209525,0.005757307351638596
2022-08-12,2267,2397,2250,2343,2781662,0.031704095112285335
2022-08-16,2389,2439,2317,2326,1814605,-0.0072556551429791005
2022-08-17,2203,2270,2161,2195,2092895,-0.0563198624247635
2022-08-18,2228,2279,2169,2212,2627714,0.0077448747152619735
2022-08-19,2211,2211,2063,2072,1387903,-0.06329113924050633
2022-08-22,2009,2047,1971,2022,731224,-0.02413127413127414
2022-08-23,1954,2008,1941,1992,1111335,-0.014836795252225476
2022-08-24,2034,2034,1929,1942,948156,-0.025100401606425682
2022-08-25,1971,1992,1941,1950,652448,0.004119464469618972
2022-08-26,1966,1975,1907,1950,816411,0.0
2022-08-29,1839,1865,1814,1823,897132,-0.06512820512820516
2022-08-30,1818,1852,1810,1844,725234,0.011519473395501967
2022-08-31,1844,1870,1789,1870,831191,0.014099783080260275
2022-09-01,1844,1848,1772,1785,772526,-0.045454545454545414
2022-09-02,1781,1806,1730,1760,770542,-0.014005602240896309
2022-09-05,1755,1768,1705,1722,593809,-0.021590909090909105
2022-09-06,1721,1772,1721,1768,460966,0.026713124274099886
2022-09-07,1751,1768,1684,1684,540087,-0.04751131221719462
2022-09-08,1692,1738,1692,1722,421417,0.0225653206650831
2022-09-13,1768,1823,1730,1794,764585,0.04181184668989557
2022-09-14,1709,1810,1709,1798,520856,0.0022296544035673715
2022-09-15,1815,1815,1768,1773,376873,-0.013904338153503892
2022-09-16,1747,1806,1718,1735,499075,-0.021432600112803124
2022-09-19,1742,1742,1654,1671,557108,-0.036887608069164246
2022-09-20,1675,1865,1675,1857,1862596,0.11131059245960495
2022-09-21,1832,1853,1777,1790,738617,-0.03607969843834136
2022-09-22,1739,1747,1671,1735,624362,-0.030726256983240274
2022-09-23,1734,1734,1662,1684,459059,-0.029394812680115234
2022-09-26,1662,1662,1523,1549,741957,-0.08016627078384797
2022-09-27,1523,1573,1464,1536,692383,-0.008392511297611316
2022-09-28,1535,1561,1405,1460,781987,-0.04947916666666663
2022-09-29,1489,1539,1464,1464,521583,0.00273972602739736
2022-09-30,1426,1476,1409,1464,428075,0.0
2022-10-04,1481,1519,1481,1515,224477,0.0348360655737705
2022-10-05,1548,1552,1459,1464,311847,-0.03366336633663369
2022-10-06,1476,1569,1476,1519,426476,0.037568306010928865
2022-10-07,1536,1565,1514,1536,306612,0.011191573403555033
2022-10-11,1489,1489,1404,1426,505056,-0.07161458333333337
2022-10-12,1426,1447,1393,1431,247893,0.003506311360448766
2022-10-13,1409,1426,1321,1321,431558,-0.07686932215234099
2022-10-14,1359,1409,1359,1393,234527,0.054504163512490544
2022-10-17,1350,1430,1346,1414,208974,0.015075376884422065
2022-10-18,1434,1468,1426,1460,190099,0.032531824611032434
2022-10-19,1460,1485,1422,1431,213684,-0.019863013698630083
2022-10-20,1426,1456,1405,1414,154443,-0.01187980433263447
2022-10-21,1396,1447,1367,1384,239204,-0.021216407355021172
2022-10-24,1426,1443,1405,1418,186194,0.024566473988439252
2022-10-25,1438,1447,1392,1401,174635,-0.011988716502115637
2022-10-26,1405,1414,1359,1372,286671,-0.020699500356887945
2022-10-27,1362,1396,1362,1384,207737,0.008746355685131268
2022-10-28,1359,1392,1350,1355,168572,-0.020953757225433578
2022-10-31,1380,1380,1350,1359,111023,0.002952029520295163
2022-11-01,1354,1434,1350,1422,271056,0.04635761589403975
2022-11-02,1418,1418,1375,1397,196018,-0.017580872011251802
2022-11-03,1354,1418,1346,1418,172102,0.015032211882605617
2022-11-04,1417,1417,1375,1405,149239,-0.009167842031029605
2022-11-07,1409,1472,1388,1443,320650,0.027046263345195776
2022-11-08,1447,1459,1434,1443,184648,0.0
2022-11-09,1455,1463,1421,1426,190552,-0.011781011781011763
2022-11-10,1413,1438,1379,1426,155059,0.0
2022-11-11,1460,1473,1447,1452,271896,0.018232819074333717
2022-11-14,1451,1527,1451,1498,868333,0.031680440771349794
2022-11-15,1717,1721,1556,1578,3781376,0.05340453938584777
2022-11-16,1595,1633,1561,1604,846295,0.016476552598225558
2022-11-17,1591,1642,1574,1583,580817,-0.013092269326683281
2022-11-18,1604,1680,1583,1600,1282389,0.01073910296904601
2022-11-21,1620,1620,1569,1595,337013,-0.0031250000000000444
2022-11-22,1566,1608,1561,1583,266946,-0.007523510971786829
2022-11-23,1587,1616,1578,1587,219700,0.0025268477574225123
2022-11-24,1599,1620,1561,1616,430006,0.018273471959672438
2022-11-25,1612,1616,1582,1591,239153,-0.015470297029702929
2022-11-28,1590,1590,1527,1540,352893,-0.032055311125078534
2022-11-29,1515,1570,1515,1570,138893,0.01948051948051943
2022-11-30,1565,1586,1544,1578,181705,0.005095541401273884
2022-12-01,1616,1624,1582,1616,386306,0.02408111533586821
2022-12-02,1591,1637,1591,1604,277073,-0.007425742574257432
2022-12-05,1607,1624,1586,1612,224892,0.004987531172069737
2022-12-06,1582,1603,1548,1557,246405,-0.03411910669975182
2022-12-07,1553,1553,1511,1528,253459,-0.01862556197816312
2022-12-08,1515,1527,1435,1511,302082,-0.011125654450261813
2022-12-09,1515,1527,1485,1490,134421,-0.013898080741231
2022-12-12,1502,1515,1481,1507,110807,0.011409395973154268
2022-12-13,1498,1531,1481,1498,170138,-0.005972130059721303
2022-12-14,1507,1549,1498,1545,183027,0.03137516688918551
2022-12-15,1549,1557,1519,1524,124703,-0.013592233009708687
2022-12-16,1489,1531,1485,1502,143106,-0.014435695538057791
2022-12-19,1485,1514,1464,1498,205023,-0.0026631158455392434
2022-12-20,1494,1498,1447,1469,158022,-0.019359145527369837
2022-12-21,1464,1477,1434,1456,173799,-0.008849557522123908
2022-12-22,1456,1489,1452,1452,224612,-0.0027472527472527375
2022-12-23,1443,1443,1363,1401,474206,-0.03512396694214881
2022-12-26,1393,1414,1359,1410,276691,0.0064239828693790635
2022-12-27,1405,1519,1388,1439,1250574,0.020567375886524797
2022-12-28,1515,1557,1447,1511,1795839,0.050034746351633075
2022-12-29,1506,1506,1435,1469,497604,-0.027796161482462
2023-01-02,1468,1472,1371,1401,382750,-0.04628999319264804
2023-01-03,1393,1443,1363,1410,263396,0.0064239828693790635
2023-01-04,1397,1519,1392,1511,704938,0.07163120567375891
2023-01-05,1497,1510,1460,1460,258582,-0.03375248180013235
2023-01-06,1464,1507,1439,1486,216732,0.017808219178082174
2023-01-09,1515,1608,1502,1587,1249608,0.06796769851951545
2023-01-10,1586,1654,1565,1629,1507921,0.026465028355387554
2023-01-11,1658,1662,1595,1612,712075,-0.010435850214855713
2023-01-12,1611,1611,1561,1574,481296,-0.023573200992555776
2023-01-13,1583,1612,1553,1583,312542,0.00571791613723005
2023-01-16,1620,1624,1582,1591,428628,0.005053695514845247
2023-01-17,1595,1717,1574,1688,3121222,0.0609679446888749
2023-01-18,1713,1785,1663,1756,3512388,0.04028436018957349
2023-01-19,1725,1755,1679,1688,1169439,-0.038724373576309756
2023-01-20,1696,1814,1649,1785,2380053,0.05746445497630326
2023-01-25,1806,1810,1747,1785,1222400,0.0
2023-01-26,1805,1814,1672,1687,1605500,-0.05490196078431375
2023-01-27,1692,1722,1676,1714,497367,0.016004742145820927
2023-01-30,1721,1726,1653,1667,706835,-0.02742123687281217
2023-01-31,1667,1705,1645,1676,729922,0.005398920215956782
2023-02-01,1688,1705,1653,1660,633869,-0.009546539379474916
2023-02-02,1671,1685,1654,1658,378633,-0.001204819277108471
2023-02-03,1659,1664,1603,1612,553755,-0.027744270205066313
2023-02-06,1611,1627,1580,1604,373878,-0.00496277915632759
2023-02-07,1604,1612,1571,1584,713414,-0.012468827930174564
2023-02-08,1588,1625,1585,1625,530393,0.025883838383838453
2023-02-09,1615,1726,1592,1697,1160263,0.04430769230769238
2023-02-10,1730,2043,1705,2043,16134254,0.20388921626399537
2023-02-13,2131,2131,1819,1891,5204695,-0.07440039158100831
2023-02-14,1886,1899,1831,1840,1614618,-0.02696985721840295
2023-02-15,1861,1895,1747,1756,1782307,-0.04565217391304344
2023-02-16,1760,1853,1735,1828,2795746,0.04100227790432798
2023-02-17,1810,1882,1743,1777,1522502,-0.02789934354485779
2023-02-20,1793,1886,1793,1878,1662118,0.05683736634777725
2023-02-21,1877,1877,1810,1823,863337,-0.029286474973375887
2023-02-22,1747,1789,1685,1705,1844582,-0.06472846955567746
2023-02-23,1704,1814,1687,1785,2467331,0.04692082111436946
2023-02-24,1801,1814,1725,1785,1258183,0.0
2023-02-27,1768,1894,1746,1844,2621962,0.03305322128851551
2023-02-28,1899,1912,1840,1853,1506836,0.0048806941431669415
2023-03-02,1877,1890,1793,1861,2237043,0.004317323259579009
2023-03-03,1899,2000,1861,1984,6253140,0.06609349811929066
2023-03-06,2093,2097,1958,1958,5446093,-0.01310483870967738
2023-03-07,1928,1953,1860,1882,1867553,-0.038815117466802884
2023-03-08,1860,1924,1860,1882,901099,0.0
2023-03-09,1890,1962,1869,1920,1499494,0.020191285866099973
2023-03-10,1877,2055,1860,1958,4817756,0.019791666666666652
2023-03-13,1920,1933,1789,1887,1676984,-0.03626149131767109
2023-03-14,1878,1878,1722,1752,1373062,-0.07154213036565982
2023-03-15,1785,1819,1760,1794,1014009,0.023972602739726012
2023-03-16,1793,1971,1743,1971,5716843,0.09866220735785958
2023-03-17,1983,2169,1945,2051,8456506,0.04058853373921867
2023-03-20,2043,2068,1971,2018,1987705,-0.016089712335446094
2023-03-21,2042,2046,1949,1958,1577772,-0.02973240832507429
2023-03-22,1984,2094,1967,2094,3425283,0.06945863125638407
2023-03-23,2051,2081,1937,1980,5196767,-0.054441260744985676
2023-03-24,2013,2030,1878,1988,3861144,0.004040404040404066
2023-03-27,2000,2017,1924,1954,843566,-0.017102615694164935
2023-03-28,1924,1924,1844,1882,1980154,-0.03684749232343909
2023-03-29,1874,1942,1840,1942,1417375,0.03188097768331555
2023-03-30,1941,2013,1912,2005,1680396,0.032440782698249127
2023-03-31,2005,2017,1908,1942,1435765,-0.031421446384039875
2023-04-03,1992,2157,1937,2157,9205017,0.11071060762100937
2023-04-04,2135,2346,2093,2241,9479140,0.03894297635605004
2023-04-05,2203,2253,2118,2178,2624400,-0.028112449799196804
2023-04-06,2123,2148,2034,2060,2344896,-0.05417814508723595
2023-04-07,2063,2131,2025,2106,1595222,0.022330097087378542
2023-04-10,2101,2152,2004,2030,1724202,-0.036087369420702786
2023-04-11,2042,2118,1996,2089,1441049,0.029064039408867037
2023-04-12,2089,2257,2063,2182,4073112,0.04451890856869323
2023-04-13,2136,2203,2085,2153,1471788,-0.013290559120073375
2023-04-14,2173,2173,2063,2068,2182124,-0.03947979563399906
2023-04-17,2068,2089,2013,2077,1401158,0.004352030947775587
2023-04-18,2089,2224,2022,2208,3278796,0.06307173808377464
2023-04-19,2194,2249,2156,2199,2064119,-0.0040760869565217295
2023-04-20,2194,2207,2097,2127,1363830,-0.032742155525238736
2023-04-21,2127,2164,2059,2127,1161924,0.0
2023-04-24,2110,2118,2009,2043,1037323,-0.03949224259520456
2023-04-25,2043,2055,1916,1980,1361998,-0.03083700440528636
2023-04-26,1983,2004,1907,1912,852754,-0.03434343434343434
2023-04-27,1912,2017,1882,2005,845589,0.04864016736401666
2023-04-28,2021,2030,1937,1950,644728,-0.027431421446383997
2023-05-02,1941,2009,1908,1984,509549,0.017435897435897463
2023-05-03,1979,1996,1937,1937,464398,-0.02368951612903225
2023-05-04,1933,1954,1861,1908,688721,-0.014971605575632374
2023-05-08,1933,1954,1857,1887,532838,-0.011006289308176154
2023-05-09,1891,1899,1815,1828,781245,-0.03126656067832534
2023-05-10,1819,1954,1810,1933,820506,0.057439824945295426
2023-05-11,1936,2008,1894,1958,1270175,0.012933264355923457
2023-05-12,1958,2063,1932,2051,1016462,0.04749744637385089
2023-05-15,2077,2119,2005,2077,1195033,0.012676743052169703
2023-05-16,2085,2136,2030,2115,1216252,0.01829561868078966
2023-05-17,2119,2131,2085,2115,790427,0.0
2023-05-18,2132,2203,2123,2170,1367419,0.026004728132387633
2023-05-19,2169,2211,2131,2174,919252,0.0018433179723502668
2023-05-22,2177,2194,2131,2144,460084,-0.013799448022079108
2023-05-23,2152,2169,2093,2110,633569,-0.01585820895522383
2023-05-24,2110,2118,2055,2064,521777,-0.02180094786729858
2023-05-25,2084,2122,2042,2072,468927,0.003875968992248069
2023-05-26,2077,2085,2034,2056,392481,-0.007722007722007707
2023-05-30,2068,2144,2055,2123,540092,0.0325875486381324
2023-05-31,2123,2148,2080,2102,488209,-0.009891662741403628
2023-06-01,2089,2119,2068,2098,322096,-0.0019029495718363432
2023-06-02,2089,2169,2080,2106,646354,0.0038131553860820677
2023-06-05,2114,2127,1962,2026,1851156,-0.037986704653371284
2023-06-07,2026,2042,1988,2026,435879,0.0
2023-06-08,2009,2009,1971,1988,442756,-0.01875616979269501
2023-06-09,1992,2034,1988,1988,364851,0.0
2023-06-12,2017,2123,1988,2102,1469525,0.057344064386317894
2023-06-13,2097,2102,2038,2060,682604,-0.019980970504281603
2023-06-14,2067,2072,1970,1992,771994,-0.03300970873786413
2023-06-15,1992,2017,1920,1971,1155532,-0.010542168674698815
2023-06-16,1971,1992,1933,1942,457246,-0.014713343480466823
2023-06-19,1941,1996,1916,1971,449051,0.014933058702368607
2023-06-20,1954,1975,1908,1925,467751,-0.023338406900050734
2023-06-21,1911,1945,1911,1920,286925,-0.0025974025974025983
2023-06-22,1912,1971,1899,1942,534805,0.011458333333333348
2023-06-23,1929,1941,1908,1925,273032,-0.00875386199794026
2023-06-26,1924,1949,1882,1937,309759,0.006233766233766147
2023-06-27,1936,1949,1911,1920,186899,-0.008776458440887924
2023-06-28,1928,1933,1869,1891,450437,-0.015104166666666696
2023-06-29,1890,1911,1831,1874,482766,-0.008989952406134316
2023-06-30,1895,1971,1861,1967,603472,0.04962646744930632
2023-07-03,1979,2025,1941,1992,842537,0.012709710218607118
2023-07-04,1971,1992,1928,1971,392945,-0.010542168674698815
2023-07-05,1970,1970,1924,1937,303847,-0.017250126839167934
2023-07-06,1954,1954,1865,1870,492308,-0.034589571502323224
2023-07-07,1844,1882,1840,1878,269395,0.004278074866310266
2023-07-10,1869,1886,1827,1857,364389,-0.011182108626198062
2023-07-11,1861,1966,1861,1891,422595,0.01830910070005376
2023-07-12,1890,1903,1840,1853,435406,-0.0200951877313591
2023-07-13,1857,1899,1831,1874,451930,0.011332973556394954
2023-07-14,1874,1886,1811,1811,542289,-0.03361792956243326
2023-07-17,1810,1853,1785,1832,368919,0.011595803423522844
2023-07-18,1839,1839,1747,1747,852926,-0.046397379912663794
2023-07-19,1756,1781,1718,1773,545225,0.014882655981682813
2023-07-20,1772,1772,1717,1764,467408,-0.005076142131979711
2023-07-21,1751,1773,1714,1714,419009,-0.028344671201814053
2023-07-24,1730,1734,1671,1671,575210,-0.025087514585764303
2023-07-25,1688,1705,1628,1649,461222,-0.013165769000598404
2023-07-26,1660,1660,1546,1607,1019427,-0.025469981807155873
2023-07-27,1591,1687,1591,1632,401319,0.01555693839452399
2023-07-28,1633,1700,1623,1688,310523,0.03431372549019618
2023-07-31,1692,1730,1664,1688,347841,0.0
2023-08-01,1692,1743,1683,1743,424333,0.03258293838862558
2023-08-02,1743,1764,1701,1756,407865,0.007458405048766492
2023-08-03,1721,1772,1687,1730,609126,-0.014806378132118492
2023-08-04,1726,1983,1696,1950,4026210,0.12716763005780352
2023-08-07,1983,2085,1945,2005,3239992,0.028205128205128105
2023-08-08,2008,2063,1928,1975,1495276,-0.014962593516209433
2023-08-09,1983,2241,1966,2220,9030887,0.1240506329113924
2023-08-10,2228,2346,2135,2262,9175858,0.018918918918918948
2023-08-11,2439,2515,2300,2406,11483379,0.06366047745358094
2023-08-14,2465,2503,2363,2368,4084398,-0.015793848711554426
2023-08-16,2346,2473,2236,2473,4265074,0.04434121621621623
2023-08-17,2444,2456,2292,2305,3830163,-0.06793368378487663
2023-08-18,2241,2343,2208,2322,1880923,0.007375271149674623
2023-08-21,2291,2422,2257,2338,2095103,0.006890611541774394
2023-08-22,2359,2456,2300,2376,2296743,0.016253207869974418
2023-08-23,2376,2418,2317,2355,1563127,-0.008838383838383868
2023-08-24,2355,2460,2355,2448,2117081,0.0394904458598726
2023-08-25,2414,2435,2274,2296,2253756,-0.06209150326797386
2023-08-28,2321,2371,2287,2338,1045830,0.018292682926829285
2023-08-29,2359,2798,2313,2727,15337490,0.1663815226689478
2023-08-30,2705,2722,2625,2630,3521351,-0.03557022368903562
2023-08-31,2676,2811,2575,2761,6074256,0.049809885931558995
2023-09-01,2895,3440,2756,3208,37689378,0.1618978630930823
2023-09-04,3225,3955,3225,3584,35616512,0.11720698254364081
2023-09-05,3579,3921,3495,3909,12133902,0.0906808035714286
2023-09-06,3909,4677,3887,4289,27821915,0.09721156305960599
2023-09-07,4297,4483,4145,4365,10006792,0.017719748193052
2023-09-08,4288,4550,4098,4500,7331716,0.030927835051546282
2023-09-11,4668,5673,4643,5209,29183074,0.15755555555555545
2023-09-12,5209,5319,4762,4838,6994937,-0.07122288347091577
2023-09-13,4694,5403,4567,5311,11212519,0.09776767259198005
2023-09-14,5022,5225,4803,4947,5081928,-0.06853699868198082
2023-09-15,4955,4964,4339,4466,7219147,-0.09723064483525368
2023-09-18,4306,4576,4297,4382,3300497,-0.018808777429467072
2023-09-19,4339,4575,4255,4500,3168691,0.026928343222272888
2023-09-20,4686,4702,4331,4686,5153033,0.041333333333333444
2023-09-21,4719,4879,4271,4390,3486104,-0.06316688006828852
2023-09-22,4187,4702,4136,4466,4229227,0.017312072892938568
2023-09-25,4575,4584,4119,4221,2589347,-0.054858934169279006
2023-09-26,4339,4449,4115,4162,2120167,-0.013977730395640875
2023-09-27,4043,4330,3967,4280,2096827,0.02835175396444023
2023-10-04,4246,4246,3719,3829,3235284,-0.10537383177570092
2023-10-05,3921,3938,3638,3736,2441155,-0.024288325933664145
2023-10-06,3739,3841,3697,3744,1376287,0.0021413276231263545
2023-10-10,3714,3942,3638,3879,4263376,0.03605769230769229
2023-10-11,3816,3997,3643,3719,3322974,-0.041247744263985586
2023-10-12,3693,4060,3672,3879,4260247,0.04302231782737298
2023-10-13,3849,3853,3511,3533,2605930,-0.08919824697086876
2023-10-16,3385,3469,3296,3377,2413207,-0.0441551089725446
2023-10-17,3423,3575,3385,3504,2172166,0.037607343796268955
2023-10-18,3503,3714,3435,3630,2615192,0.03595890410958913
2023-10-19,3520,3525,3368,3428,1302461,-0.05564738292011018
2023-10-20,3309,3415,3237,3356,1589559,-0.02100350058343059
2023-10-23,3292,3343,3267,3280,802095,-0.022646007151370662
2023-10-24,3313,3449,3166,3449,1627488,0.05152439024390243
2023-10-25,3448,3456,3249,3271,1008454,-0.051609162075964
2023-10-26,3115,3191,3039,3094,1523344,-0.05411189238764902
2023-10-27,3114,3203,2971,3060,1104379,-0.01098901098901095
2023-10-30,3059,3182,2979,3119,1173137,0.01928104575163392
2023-10-31,3148,3165,2984,2997,1070092,-0.03911510099390836
2023-11-01,3039,3233,3039,3166,1752286,0.05638972305638967
2023-11-02,3233,3410,3169,3343,1946516,0.05590650663297536
2023-11-03,3494,3499,3305,3419,1942783,0.022734071193538652
2023-11-06,3490,3524,3313,3377,2482813,-0.012284293653114897
2023-11-07,3351,3351,3068,3132,2262586,-0.0725496002368966
2023-11-08,3157,3279,3098,3229,1776584,0.03097062579821208
2023-11-09,3187,3377,3124,3217,1413341,-0.003716320842366061
2023-11-10,3207,3228,3106,3174,619561,-0.013366490519117202
2023-11-13,3173,3207,2979,3098,1188317,-0.02394454946439828
2023-11-14,3128,3744,3128,3732,10709953,0.20464816010329234
2023-11-15,3913,3921,3689,3884,6498316,0.040728831725616255
2023-11-16,3980,4005,3689,3841,3515627,-0.01107106076210096
2023-11-17,3799,3909,3634,3660,2320244,-0.047123145014319134
2023-11-20,3613,3722,3549,3571,1966875,-0.024316939890710376
2023-11-21,3587,3655,3477,3499,1609541,-0.020162419490338812
2023-11-22,3499,3782,3453,3546,4043310,0.013432409259788614
2023-11-23,3558,3837,3545,3664,3700743,0.03327693175408908
2023-11-24,3664,3698,3588,3601,1548900,-0.01719432314410485
2023-11-27,3629,3638,3254,3271,5167457,-0.09164121077478482
2023-11-28,3275,3473,3136,3436,2404343,0.050443289513910194
2023-11-29,3406,3474,3317,3377,1579516,-0.017171129220023285
2023-11-30,3394,3516,3381,3483,1352109,0.03138880663310628
2023-12-01,3482,3482,3182,3242,2052733,-0.06919322423198393
2023-12-04,3224,3224,3097,3119,1198769,-0.037939543491671834
2023-12-05,3118,3203,3021,3043,1069569,-0.024366784225713367
2023-12-06,3043,3166,2997,3141,812771,0.03220506079526775
2023-12-07,3123,3149,3018,3031,704949,-0.035020694046482004
2023-12-08,3048,3136,3043,3124,601594,0.030682942923127676
2023-12-11,3178,3237,3132,3170,765391,0.01472471190781044
2023-12-12,3165,3165,3102,3132,485562,-0.011987381703470024
2023-12-13,3161,3161,3055,3060,565612,-0.02298850574712641
2023-12-14,3089,3148,3013,3119,768324,0.01928104575163392
2023-12-15,3149,3968,3090,3736,27938303,0.19781981404296256
2023-12-18,3651,3853,3545,3778,7372262,0.01124197002141325
2023-12-19,3744,3761,3605,3656,3279153,-0.032292218104817416
2023-12-20,3714,3968,3647,3909,8284006,0.06920131291028442
2023-12-21,3820,3875,3727,3816,2443669,-0.02379125095932466
2023-12-22,3820,3870,3681,3681,1967205,-0.035377358490566
2023-12-26,3638,3647,3427,3449,2196676,-0.06302635153490899
2023-12-27,3490,3549,3368,3533,2166406,0.024354885474050514
2023-12-28,3546,3592,3478,3546,1368739,0.003679592414378652
2024-01-02,3566,3609,3512,3588,851566,0.011844331641285955
2024-01-03,3545,3604,3503,3571,922989,-0.004738015607580803
2024-01-04,3592,3613,3469,3529,1039684,-0.011761411369364372
2024-01-05,3528,3714,3448,3685,1506271,0.04420515726834795
2024-01-08,3761,3913,3659,3913,4797617,0.06187245590230672
2024-01-09,3875,3900,3757,3770,2673402,-0.03654485049833889
2024-01-10,3803,4124,3702,3968,8324253,0.052519893899204195
2024-01-11,3955,4073,3870,3972,3029511,0.0010080645161290036
2024-01-12,4023,4424,3727,3753,15724578,-0.05513595166163143
2024-01-15,3799,3820,3681,3732,2060083,-0.005595523581135131
2024-01-16,3752,3993,3731,3892,3457653,0.04287245444801724
2024-01-17,3836,3840,3583,3613,2245993,-0.07168550873586843
2024-01-18,3630,3710,3487,3601,1418412,-0.0033213396069747825
2024-01-19,3634,3714,3609,3639,1144486,0.01055262427103587
2024-01-22,3646,3689,3499,3689,1432298,0.013740038472107807
2024-01-23,3689,3697,3558,3567,1237942,-0.03307129303334233
2024-01-24,3567,3600,3491,3567,987490,0.0
2024-01-25,3554,3554,3410,3457,1174644,-0.03083823941687691
2024-01-26,3456,3634,3414,3554,1094158,0.028059010702921716
2024-01-29,3558,3571,3372,3398,1218053,-0.04389420371412489
2024-01-30,3398,3415,3132,3217,2061907,-0.05326662742789878
2024-01-31,3183,3242,3086,3124,808767,-0.028908921355299988
2024-02-01,3098,3174,3081,3145,777677,0.006722151088348172
2024-02-02,3174,3262,3136,3229,793013,0.026709062003179573
2024-02-05,3220,3347,3169,3267,621493,0.011768349334159156
2024-02-06,3245,3296,3169,3233,519422,-0.010407101316192269
2024-02-07,3238,3343,3208,3238,914746,0.0015465511908443474
2024-02-08,3326,3368,3229,3242,756676,0.001235330450895633
2024-02-13,3245,3359,3245,3343,716077,0.031153608883405237
2024-02-14,3292,3427,3263,3411,958816,0.02034101106790298
2024-02-15,3452,3452,3334,3385,867334,-0.007622398123717344
2024-02-16,3397,3583,3342,3537,3071784,0.04490398818316099
2024-02-19,3524,3528,3435,3461,845482,-0.021487135990952755
2024-02-20,3435,3490,3381,3398,777306,-0.01820283155157465
2024-02-21,3364,3419,3343,3352,755488,-0.01353737492642726
2024-02-22,3368,3414,3342,3347,576235,-0.001491646778042921
2024-02-23,3356,3373,3255,3293,720200,-0.016133851210038852
2024-02-26,3259,3318,3250,3276,563787,-0.005162465836623165
2024-02-27,3301,3355,3229,3242,759817,-0.010378510378510342
2024-02-28,3237,3444,3224,3419,1324664,0.054595928439235
2024-02-29,3486,3532,3342,3347,1420055,-0.021058789119625665
2024-03-04,3364,3419,3335,3390,594413,0.012847325963549538
2024-03-05,3377,3423,3288,3293,709701,-0.028613569321533916
2024-03-06,3267,3326,3250,3305,393997,0.003644093531733894
2024-03-07,3296,3300,3178,3191,854120,-0.03449319213313162
2024-03-08,3208,3246,3162,3200,677452,0.0028204324663114733
2024-03-11,3199,3258,3148,3233,525936,0.010312499999999947
2024-03-12,3271,3271,3207,3212,419913,-0.006495515001546548
2024-03-13,3225,3263,3166,3242,801061,0.009339975093399788
2024-03-14,3233,3246,3136,3166,988983,-0.02344231955582976
2024-03-15,3165,3195,3127,3132,493880,-0.010739102969046121
2024-03-18,3144,3224,3123,3187,890269,0.017560664112388213
2024-03-19,3208,3364,3170,3301,1932102,0.0357703169124568
2024-03-20,3330,3338,3237,3250,755084,-0.015449863677673425
2024-03-21,3276,3347,3267,3314,918689,0.019692307692307676
2024-03-22,3364,3596,3276,3521,4670148,0.062462281231140615
2024-03-25,3533,3562,3427,3436,1478828,-0.02414086907128654
2024-03-26,3461,3465,3389,3457,1078249,0.006111757857974354
2024-03-27,3440,3444,3296,3343,1169362,-0.032976569279722256
2024-03-28,3342,3342,3262,3267,827369,-0.022734071193538763
2024-03-29,3254,3326,3225,3242,833136,-0.0076522803795531225
2024-04-01,3271,3389,3242,3352,679421,0.03392967304133254
2024-04-02,3368,3368,3233,3284,625123,-0.02028639618138428
2024-04-03,3241,3275,3178,3187,646440,-0.029537149817295938
2024-04-04,3250,3284,3161,3187,493255,0.0
2024-04-05,3165,3233,3144,3212,401893,0.007844367743959912
2024-04-08,3228,3245,3173,3195,362502,-0.005292652552926547
2024-04-09,3195,3224,3152,3195,349662,0.0
2024-04-11,3161,3161,3081,3107,564652,-0.027543035993740195
2024-04-12,3115,3182,3073,3145,379370,0.01223044737689083
2024-04-15,3098,3128,3039,3048,514012,-0.030842607313195547
2024-04-16,2997,3047,2828,2934,812260,-0.03740157480314965
2024-04-17,2933,3022,2916,2980,277796,0.015678254942058656
2024-04-18,2980,3022,2959,2976,297770,-0.0013422818791946067
2024-04-19,2942,2976,2828,2879,845758,-0.032594086021505375
2024-04-22,2882,2941,2865,2887,405691,0.0027787426189649356
2024-04-23,2903,2988,2903,2925,465285,0.013162452372705191
2024-04-24,2934,3048,2934,3027,414152,0.034871794871794926
2024-04-25,3005,3060,2946,2955,369772,-0.02378592666005952
2024-04-26,2979,3000,2946,2963,229154,0.002707275803722542
2024-04-29,2979,3043,2962,3022,241541,0.019912251096861233
2024-04-30,3030,3528,3005,3491,7493106,0.15519523494374576
2024-05-02,3491,3571,3427,3525,3246756,0.009739329704955502
2024-05-03,3503,3562,3401,3423,1857517,-0.028936170212765955
2024-05-07,3453,3466,3322,3369,1254875,-0.015775635407537236
2024-05-08,3342,3368,3292,3305,890725,-0.018996734936182813
2024-05-09,3279,3321,3228,3271,895610,-0.010287443267776086
2024-05-10,3359,3418,3229,3229,1625852,-0.012840110058086163
2024-05-13,3220,3275,3186,3246,657700,0.005264787860018494
2024-05-14,3250,3335,3233,3276,952622,0.009242144177449063
2024-05-16,3300,3309,3266,3288,533063,0.00366300366300365
2024-05-17,3275,3288,3220,3242,470494,-0.013990267639902632
2024-05-20,3233,3317,3216,3263,725675,0.006477483035163489
2024-05-21,3283,3287,3152,3157,740894,-0.03248544284400856
2024-05-22,3170,3571,3140,3322,10660176,0.05226480836236935
2024-05-23,3292,3346,3228,3309,1127801,-0.003913305237808529
2024-05-24,3288,3380,3262,3267,1427567,-0.012692656391659063
2024-05-27,3262,3283,3169,3250,1063606,-0.005203550658096079
2024-05-28,3250,3436,3246,3436,2432792,0.057230769230769196
2024-05-29,3431,3439,3347,3364,1083404,-0.020954598370197863
2024-05-30,3364,3398,3225,3225,731238,-0.04131985731272292
2024-05-31,3233,3271,3191,3225,440490,0.0
2024-06-03,3220,3262,3211,3233,404019,0.002480620155038693
2024-06-04,3233,3276,3212,3217,531796,-0.0049489638107020895
2024-06-05,3233,3233,3169,3191,439783,-0.00808206403481504
2024-06-07,3191,3229,3170,3170,396820,-0.006581009088060141
2024-06-10,3183,3191,3132,3183,315037,0.004100946372239678
2024-06-11,3174,3245,3165,3170,471055,-0.004084197298146353
2024-06-12,3178,3304,3169,3212,793628,0.013249211356466839
2024-06-13,3220,3258,3191,3191,511745,-0.006537982565379852
2024-06-14,3203,3216,3081,3090,1023129,-0.03165151989971793
2024-06-17,3081,3115,3069,3086,357229,-0.0012944983818770073
2024-06-18,3081,3119,3072,3077,307368,-0.0029163966299416977
2024-06-19,3081,3085,3031,3048,374535,-0.00942476438089046
2024-06-20,3064,3077,3010,3010,370837,-0.01246719160104992
2024-06-21,3013,3026,2967,2967,365833,-0.014285714285714235
2024-06-24,2958,2979,2920,2929,295034,-0.012807549713515387
2024-06-25,2929,2984,2916,2984,207240,0.018777739842949837
2024-06-26,2988,3000,2962,2967,190623,-0.005697050938337833
2024-06-27,2941,3000,2941,2967,185844,0.0
2024-06-28,2963,3005,2954,2959,179697,-0.0026963262554768885
2024-07-01,2959,3013,2950,2997,264984,0.012842176410949646
2024-07-02,2975,3005,2920,2942,362087,-0.018351685018351716
2024-07-03,2937,2971,2802,2870,423680,-0.024473147518694782
2024-07-04,2874,2891,2836,2849,229486,-0.007317073170731714
2024-07-05,2849,2979,2849,2925,749781,0.026676026676026643
2024-07-08,2937,3089,2924,3022,547939,0.03316239316239322
2024-07-09,3047,3131,3026,3043,1087470,0.006949040370615389
2024-07-10,3055,3060,2984,3039,224290,-0.0013144922773579149
2024-07-11,3056,3140,3043,3073,508885,0.011187890753537433
2024-07-12,3140,3165,3068,3081,650326,0.002603319232020729
2024-07-15,3107,3111,3035,3065,324980,-0.005193119117169798
2024-07-16,3076,3080,3013,3043,310126,-0.007177814029363794
2024-07-17,3051,3102,2996,3001,321406,-0.013802168912257606
2024-07-18,2946,2997,2912,2955,351550,-0.015328223925358264
2024-07-19,2924,2937,2878,2929,253578,-0.00879864636209815
2024-07-22,2916,2924,2853,2887,427618,-0.014339364970979873
2024-07-23,2887,3009,2887,2934,414237,0.016279875303082836
2024-07-24,2917,2959,2887,2896,241715,-0.012951601908657073
2024-07-25,2845,2878,2790,2845,465194,-0.017610497237569023
2024-07-26,2845,2870,2815,2841,229420,-0.0014059753954305254
2024-07-29,2853,2879,2836,2858,114428,0.005983808518127409
2024-07-30,2849,2857,2676,2744,427977,-0.03988803358992299
2024-07-31,2718,2739,2659,2735,450973,-0.003279883381924198
2024-08-01,2755,2836,2755,2777,189454,0.015356489945155483
2024-08-02,2706,2752,2583,2609,625448,-0.06049693914296006
2024-08-05,2494,2532,2177,2258,1278948,-0.13453430433116131
2024-08-06,2267,2461,2267,2457,644223,0.08813108945969894
2024-08-07,2406,2549,2406,2482,374180,0.010175010175010213
2024-08-08,2443,2519,2418,2486,204977,0.0016116035455278066
2024-08-09,2523,2587,2523,2545,231378,0.02373290426387764
2024-08-12,2553,2786,2553,2651,1398864,0.041650294695481316
2024-08-13,2676,2781,2604,2731,784599,0.030177291588080024
2024-08-14,2735,2773,2667,2689,435262,-0.015378982057854262
2024-08-16,2701,2793,2701,2777,508896,0.03272592041651179
2024-08-19,2781,2794,2705,2735,372148,-0.015124234785739987
2024-08-20,2739,2810,2739,2794,413885,0.0215722120658135
2024-08-21,2769,2819,2731,2782,310338,-0.0042949176807444145
2024-08-22,2794,2840,2735,2748,344515,-0.012221423436376666
2024-08-23,2709,2751,2684,2714,235927,-0.012372634643377012
2024-08-26,2705,2735,2655,2668,204366,-0.016949152542372836
2024-08-27,2663,2692,2616,2680,131266,0.004497751124437732
2024-08-28,2680,2688,2625,2651,321897,-0.010820895522388074
2024-08-29,2604,2642,2570,2596,267003,-0.020746887966805017
2024-08-30,2591,2642,2591,2621,183683,0.009630200308166303
2024-09-02,2621,2630,2592,2609,133701,-0.004578405188859214
2024-09-03,2587,2625,2566,2571,180857,-0.014564967420467645
2024-09-04,2477,2498,2397,2448,547959,-0.04784130688448074
2024-09-05,2456,2527,2422,2452,231788,0.0016339869281045694
2024-09-06,2413,2451,2354,2376,370811,-0.030995106035889064
2024-09-09,2321,2452,2292,2444,253810,0.028619528619528545
2024-09-10,2456,2481,2393,2393,184931,-0.020867430441898538
2024-09-11,2385,2452,2372,2402,279420,0.003760969494358557
2024-09-12,2435,2557,2431,2541,327299,0.057868442964196465
2024-09-13,2553,2557,2486,2503,202457,-0.014954742227469509
2024-09-19,2528,2561,2490,2528,197045,0.009988014382740662
2024-09-20,2562,2617,2554,2554,260143,0.010284810126582222
2024-09-23,2553,2591,2536,2562,133023,0.003132341425215346
2024-09-24,2570,2596,2545,2596,144596,0.013270882123341154
2024-09-25,2587,2629,2561,2566,230262,-0.011556240369799742
2024-09-26,2562,2693,2562,2689,354284,0.047934528448947855
2024-09-27,2743,2743,2676,2706,311021,0.0063220528077352345
2024-09-30,2714,2853,2676,2748,858217,0.015521064301552201
2024-10-02,2727,2849,2701,2723,762826,-0.0090975254730713
2024-10-04,2705,2718,2646,2655,245558,-0.024972456849063573
2024-10-07,2654,2718,2633,2714,289302,0.022222222222222143
2024-10-08,2710,2710,2604,2613,335607,-0.037214443625644855
2024-10-10,2600,2642,2558,2609,520112,-0.001530807500956799
2024-10-11,2971,3283,2933,3043,27297093,0.16634725948639328
2024-10-14,2980,3216,2955,2955,5168521,-0.028918830101873128
2024-10-15,2996,3009,2827,2870,1732428,-0.02876480541455162
2024-10-16,2857,2992,2807,2862,1996374,-0.0027874564459929863
2024-10-17,2882,2929,2831,2929,757860,0.023410202655485657
2024-10-18,2928,2941,2815,2853,1011334,-0.025947422328439718
2024-10-21,2870,2988,2794,2883,1342408,0.01051524710830698
2024-10-22,2870,2929,2764,2786,1198409,-0.03364550815123135
2024-10-23,2764,2836,2671,2739,1019579,-0.016870064608758062
2024-10-24,2731,2731,2541,2630,878031,-0.039795545819642175
2024-10-25,2676,2676,2558,2571,553310,-0.02243346007604563
2024-10-28,2570,2621,2541,2592,380502,0.008168028004667427
2024-10-29,2608,2646,2574,2634,433774,0.01620370370370372
2024-10-30,2629,2646,2532,2545,877471,-0.033788914198936926
2024-10-31,2532,2562,2465,2537,496903,-0.003143418467583481
2024-11-01,2490,2553,2465,2503,400551,-0.01340165549862038
2024-11-04,2519,2566,2507,2562,391603,0.02357171394326807
2024-11-05,2536,2587,2528,2579,280209,0.006635441061670466
2024-11-06,2578,2599,2515,2524,430001,-0.02132609538580843
2024-11-07,2540,2612,2511,2583,516145,0.023375594294770208
2024-11-08,2578,2633,2528,2562,427701,-0.008130081300813052
2024-11-11,2566,2570,2448,2465,642723,-0.03786104605776741
2024-11-12,2447,2477,2414,2431,493928,-0.01379310344827589
2024-11-13,2410,2866,2389,2634,8214632,0.08350473056355412
2024-11-14,2612,2642,2507,2520,1458544,-0.0432801822323462
2024-11-15,2503,2638,2473,2634,1222210,0.0452380952380953
2024-11-18,2654,2743,2612,2697,963283,0.023917995444191265
2024-11-19,2709,2815,2667,2693,1155280,-0.0014831294030404063
2024-11-20,2684,2731,2655,2706,464622,0.00482733011511316
2024-11-21,2718,2748,2650,2748,600938,0.015521064301552201
2024-11-22,2772,2798,2675,2680,740407,-0.024745269286754024
2024-11-25,2680,2760,2672,2727,515240,0.01753731343283582
2024-11-26,2731,2861,2714,2845,1136507,0.043270993766043375
2024-11-27,2806,2903,2806,2849,698997,0.0014059753954305254
2024-11-28,2866,2904,2802,2845,453487,-0.0014040014040014315
2024-11-29,2844,2848,2768,2794,630921,-0.01792618629173992
2024-12-02,2823,2823,2684,2701,539048,-0.03328561202576952
2024-12-03,2701,2908,2697,2879,860594,0.0659015179563125
2024-12-04,2819,2836,2655,2744,1074508,-0.04689128169503298
2024-12-05,2751,2768,2684,2756,438595,0.004373177842565523
2024-12-06,2735,2819,2600,2786,837770,0.010885341074020394
2024-12-09,2714,2743,2448,2461,1312987,-0.11665470208183781
2024-12-10,2460,2760,2460,2714,852171,0.10280373831775691
2024-12-11,2777,2921,2743,2879,1172528,0.060795873249815724
2024-12-12,2862,2870,2803,2858,590880,-0.007294199374782928
2024-12-13,2858,2891,2824,2858,460459,0.0
2024-12-16,2848,2899,2832,2870,470458,0.0041987403778867005
2024-12-17,2887,2916,2849,2883,425051,0.0045296167247386165
2024-12-18,2887,2908,2828,2862,508316,-0.007284079084287187
2024-12-19,2785,2836,2764,2828,232519,-0.01187980433263447
2024-12-20,2828,2836,2718,2744,392693,-0.02970297029702973
2024-12-23,2760,2883,2760,2841,388597,0.03534985422740533
2024-12-24,2845,2912,2828,2845,530309,0.0014079549454417695
2024-12-26,2879,2984,2858,2858,810979,0.004569420035149374
2024-12-27,2861,2886,2735,2773,508162,-0.02974107767669698
2024-12-30,2739,2963,2714,2913,1111379,0.05048683736025961
2025-01-02,3153,3233,3035,3124,3796983,0.07243391692413326
2025-01-03,3106,3106,3005,3077,960271,-0.015044814340589019
2025-01-06,3123,3140,3060,3077,977689,0.0
2025-01-07,3106,3127,2997,2997,1137843,-0.025999350016249645
2025-01-08,2984,3001,2950,2980,638200,-0.005672339005672322
2025-01-09,2958,3072,2887,3056,1005234,0.025503355704697972
2025-01-10,3081,3135,3038,3060,947664,0.0013089005235602524
2025-01-13,3081,3081,2980,3027,558631,-0.010784313725490158
2025-01-14,2997,3060,2955,3027,707580,0.0
2025-01-15,2988,3051,2975,2984,594121,-0.014205483977535516
2025-01-16,3018,3069,3001,3010,467422,0.008713136729222581
2025-01-17,2984,3119,2967,3052,849128,0.013953488372093092
2025-01-20,3102,3107,3005,3027,521500,-0.008191349934469239
2025-01-21,3060,3094,2980,3065,812258,0.012553683515031278
2025-01-22,3107,3377,3086,3200,5707895,0.04404567699836859
2025-01-23,3191,3195,3106,3132,1116026,-0.02124999999999999
2025-01-24,3132,3170,3090,3090,792420,-0.013409961685823757
2025-01-31,3102,3170,3085,3166,779598,0.02459546925566336
2025-02-03,3115,3136,3010,3027,941144,-0.043903979785217984
2025-02-04,3056,3149,3056,3107,739783,0.026428807400066034
2025-02-05,3123,3334,3123,3271,2284015,0.052784036047634375
2025-02-06,3279,3305,3195,3263,1237287,-0.0024457352491592532
2025-02-07,3267,3271,3208,3238,1032236,-0.007661661048115276
2025-02-10,3250,3440,3208,3280,3413397,0.012970969734404036
2025-02-11,3267,3267,3187,3187,1382014,-0.028353658536585336
2025-02-12,3216,3216,3141,3141,800233,-0.014433636648886083
2025-02-13,3123,3199,3119,3187,558439,0.01464501751034697
2025-02-14,3187,3267,3157,3225,679363,0.011923438970818934
2025-02-17,3267,3288,3225,3259,587647,0.010542635658914667
2025-02-18,3259,3356,3225,3293,1063953,0.010432648051549531
2025-02-19,3300,3305,3199,3225,830955,-0.020649863346492547
2025-02-20,3225,3229,3145,3145,652168,-0.024806201550387597
2025-02-21,3145,3195,3077,3086,643020,-0.018759936406995248
2025-02-24,3052,3052,2946,2993,838562,-0.030136098509397247
2025-02-25,3009,3009,2954,2976,347324,-0.005679919812896728
2025-02-26,2996,3039,2958,3018,580189,0.014112903225806495
2025-02-27,3031,3047,2925,2934,672925,-0.027833001988071593
2025-02-28,2874,2903,2777,2811,922323,-0.04192229038854811
2025-03-04,2777,2921,2705,2900,637357,0.031661330487370964
2025-03-05,2903,2941,2886,2908,358990,0.0027586206896552667
2025-03-06,2938,2938,2794,2841,425536,-0.023039889958734516
2025-03-07,2789,2861,2789,2853,236456,0.004223864836325308
2025-03-10,2849,2891,2811,2837,406415,-0.005608131791097093
2025-03-11,2836,2971,2828,2866,975515,0.010222065562213611
2025-03-12,2875,2925,2862,2875,394059,0.003140265177948409
2025-03-13,2883,2908,2722,2727,1963338,-0.051478260869565196
2025-03-14,2748,2794,2727,2761,487157,0.01246791345801257
2025-03-17,2769,2794,2744,2782,428545,0.007605939876856205
2025-03-18,2802,2823,2769,2786,440076,0.0014378145219267058
2025-03-19,2802,3005,2798,2832,1740527,0.016511127063890907
2025-03-20,2832,2836,2722,2735,736505,-0.03425141242937857
2025-03-21,2735,2747,2642,2676,591944,-0.0215722120658135
2025-03-24,2688,2730,2650,2697,285884,0.007847533632286963
2025-03-25,2701,2730,2642,2655,354575,-0.015572858731924377
2025-03-26,2646,2675,2621,2659,235175,0.0015065913370997386
2025-03-27,2625,2701,2612,2655,210133,-0.00150432493418573
2025-03-28,2638,2659,2515,2537,539631,-0.0444444444444444
2025-03-31,2507,2523,2473,2486,171122,-0.020102483247930625
2025-04-01,2486,2545,2486,2541,201960,0.022123893805309658
2025-04-02,2557,2566,2482,2482,179110,-0.023219205037386836
2025-04-03,2051,2220,2051,2170,1447208,-0.12570507655116836
2025-04-04,2110,2237,2068,2229,560045,0.02718894009216588
2025-04-07,2127,2203,2072,2157,592018,-0.032301480484522194
2025-04-08,2157,2212,2115,2191,537289,0.015762633286972694
2025-04-09,2190,2249,2148,2220,293021,0.013235965312642595
2025-04-10,2287,2409,2245,2372,475647,0.06846846846846844
2025-04-11,2338,2481,2329,2452,322257,0.033726812816188945
2025-04-14,2511,2540,2414,2524,340933,0.029363784665579207
2025-04-15,2499,2680,2494,2613,629390,0.03526148969889076
2025-04-16,2616,2633,2502,2524,181994,-0.03406046689628783
2025-04-17,2515,2578,2456,2545,214826,0.008320126782884296
2025-04-18,2524,2549,2490,2533,92066,-0.004715127701375277
2025-04-21,2545,2545,2469,2486,321927,-0.01855507303592574
2025-04-22,2447,2472,2397,2397,170548,-0.035800482703137515
2025-04-23,2456,2456,2389,2402,146648,0.0020859407592823676
2025-04-24,2405,2414,2330,2368,180494,-0.014154870940882636
2025-04-25,2381,2418,2372,2381,202329,0.005489864864864913
2025-04-28,2367,2397,2329,2338,178765,-0.018059638807223832
2025-04-29,2359,2363,2334,2347,101382,0.0038494439692045024
2025-04-30,2338,2351,2279,2284,242468,-0.026842778014486535
2025-05-02,2308,2329,2249,2296,92547,0.005253940455341555
2025-05-07,2283,2321,2258,2313,116172,0.007404181184669012
2025-05-08,2321,2338,2279,2309,100075,-0.0017293558149589217
2025-05-09,2313,2329,2279,2292,208389,-0.007362494586401036
2025-05-12,2292,2414,2292,2360,473907,0.029668411867364686
2025-05-13,2525,2660,2385,2390,1155576,0.012711864406779627
2025-05-14,2415,2500,2415,2500,225519,0.046025104602510414
2025-05-15,2555,2555,2410,2415,204004,-0.03400000000000003
2025-05-16,2435,2445,2335,2360,156970,-0.022774327122153215
2025-05-19,2360,2360,2270,2325,145153,-0.014830508474576232
2025-05-20,2340,2355,2260,2340,190699,0.006451612903225712
2025-05-21,2340,2390,2320,2345,102751,0.002136752136752129
2025-05-22,2340,2340,2275,2290,96700,-0.023454157782516027
2025-05-23,2315,2315,2245,2250,105766,-0.017467248908296984
2025-05-26,2245,2285,2200,2205,143006,-0.020000000000000018
2025-05-27,2190,2220,2145,2160,173145,-0.020408163265306145
2025-05-28,2185,2250,2175,2215,181918,0.02546296296296302
2025-05-29,2265,2265,2215,2220,90774,0.0022573363431150906
2025-05-30,2240,2240,2160,2170,91259,-0.022522522522522515
2025-06-02,2170,2190,2125,2135,161030,-0.016129032258064502
2025-06-04,2170,2205,2120,2200,231529,0.030444964871194413
2025-06-05,2210,2260,2165,2235,227905,0.015909090909090873
2025-06-09,2270,2270,2100,2240,273723,0.0022371364653244186
2025-06-10,2250,2290,2225,2275,308630,0.015625
2025-06-11,2260,2265,2240,2245,180595,-0.01318681318681314
2025-06-12,2250,2275,2220,2225,189991,-0.008908685968819552
2025-06-13,2225,2225,2115,2130,316454,-0.04269662921348316
2025-06-16,2150,2155,2070,2070,326354,-0.028169014084507005
2025-06-17,2090,2100,2025,2035,510174,-0.016908212560386437
2025-06-18,2020,2150,1993,2110,1653886,0.03685503685503688
2025-06-19,2150,2270,2110,2250,877495,0.06635071090047395
2025-06-20,2250,2340,2210,2310,995641,0.026666666666666616
2025-06-23,2275,2560,2230,2445,1260256,0.05844155844155852
2025-06-24,2545,2590,2410,2580,1063135,0.05521472392638027
2025-06-25,3350,3350,3350,3350,854374,0.29844961240310086
2025-06-26,3950,4130,3350,3775,14553236,0.12686567164179108
2025-06-27,3505,3800,3385,3450,2481416,-0.08609271523178808
2025-06-30,3380,3380,3180,3195,1107493,-0.07391304347826089
2025-07-01,3170,3235,3040,3040,1906037,-0.04851330203442883
2025-07-02,3010,3070,2920,2970,1154926,-0.023026315789473673
2025-07-03,2985,3190,2950,3035,1913161,0.02188552188552184
2025-07-04,3010,3160,2975,3045,1134045,0.0032948929159801743
2025-07-07,3120,3780,3100,3390,16113125,0.11330049261083741
2025-07-08,3370,3450,3195,3255,2033823,-0.03982300884955747
2025-07-09,3000,3340,2970,3180,7705088,-0.02304147465437789
2025-07-10,3150,3270,3100,3175,2065688,-0.0015723270440252124
2025-07-11,3115,3470,3050,3380,13467115,0.0645669291338582
2025-07-14,3415,4070,3320,3945,37688048,0.1671597633136095
2025-07-15,4290,4375,3815,3910,25830477,-0.008871989860583018
2025-07-16,4115,4690,4015,4645,51581536,0.1879795396419437
2025-07-17,4575,4930,4400,4405,22440567,-0.05166846071044129
2025-07-18,4380,4530,4265,4380,6870360,-0.005675368898978461
2025-07-21,4355,4360,4100,4155,4362413,-0.05136986301369861
2025-07-22,4080,4140,3880,3920,4698009,-0.056558363417569146
2025-07-23,3910,4040,3835,3915,3646219,-0.0012755102040816757
2025-07-24,3860,3955,3705,3705,3169487,-0.05363984674329503
2025-07-25,3730,3785,3680,3770,1790318,0.01754385964912286
2025-07-28,3770,4045,3735,3780,4905985,0.0026525198938991412
2025-07-29,3780,3900,3735,3740,1428461,-0.010582010582010581
2025-07-30,3700,3820,3690,3740,1306796,0.0
2025-07-31,3735,3835,3615,3665,1830750,-0.020053475935828846
2025-08-01,3665,3670,3470,3505,2116002,-0.043656207366984945
2025-08-04,3490,3620,3470,3540,1048381,0.009985734664764712
2025-08-05,3570,3635,3550,3565,951371,0.007062146892655274
2025-08-06,3545,3620,3520,3580,507340,0.004207573632538653
2025-08-07,3600,3600,3510,3560,801879,-0.005586592178770999
2025-08-08,3560,3600,3490,3505,872147,-0.015449438202247201
2025-08-11,3515,3550,3440,3505,930904,0.0
2025-08-12,3505,3565,3415,3445,1159560,-0.01711840228245365
2025-08-13,3450,3485,3375,3390,962757,-0.01596516690856309
2025-08-14,3395,3420,3375,3385,610102,-0.001474926253687281
2025-08-18,3320,3335,3215,3290,1020838,-0.028064992614475592
2025-08-19,3265,3305,3230,3285,596193,-0.001519756838905817
2025-08-20,3220,3250,3150,3200,1108712,-0.025875190258751957
2025-08-21,3200,3355,3190,3310,663074,0.034375000000000044
2025-08-22,3305,3415,3295,3330,655732,0.0060422960725075026
2025-08-25,3370,3535,3350,3480,1745307,0.04504504504504503
2025-08-26,3520,4060,3485,3680,18465379,0.05747126436781613
2025-08-27,3680,3730,3600,3630,2595007,-0.013586956521739135
2025-08-28,3670,3770,3525,3540,2828962,-0.024793388429752095
2025-08-29,3540,3600,3540,3570,1243389,0.008474576271186418
2025-09-01,3575,3825,3520,3750,4900355,0.050420168067226934
2025-09-02,3760,4065,3715,3925,12110787,0.046666666666666634
2025-09-03,4000,4240,3860,3935,8022112,0.002547770700636942
2025-09-04,3920,3940,3830,3900,2320144,-0.008894536213468918
2025-09-05,3910,4165,3845,3990,4687704,0.023076923076922995
2025-09-08,4040,4470,3980,4270,14193480,0.07017543859649122
2025-09-09,4290,4480,4195,4380,7129411,0.025761124121779888
2025-09-10,4425,4560,4345,4400,3940234,0.004566210045662045
2025-09-11,4400,4835,4370,4625,14247052,0.051136363636363535
2025-09-12,4690,5070,4540,4560,12047162,-0.014054054054054022
2025-09-15,4620,4775,4510,4665,4072388,0.023026315789473673
2025-09-16,4695,4700,4270,4280,4220504,-0.082529474812433
2025-09-17,4300,4410,4155,4215,2460703,-0.015186915887850483
2025-09-18,4280,4320,4150,4250,2160534,0.008303677342823335
2025-09-19,4235,4255,4130,4180,1732554,-0.016470588235294126
2025-09-22,4205,4980,4205,4520,27985889,0.08133971291866038
2025-09-23,4530,4695,4415,4505,4420760,-0.0033185840707964376
2025-09-24,4500,4545,4320,4335,2746433,-0.037735849056603765
2025-09-25,4330,4520,4265,4340,2570197,0.0011534025374855261
2025-09-26,4280,4425,4060,4190,2518059,-0.03456221198156684
2025-09-29,4200,4350,4200,4235,1192624,0.010739856801909253
2025-09-30,4235,4280,4135,4195,1033737,-0.009445100354191216
2025-10-01,4195,4235,4075,4075,1294039,-0.028605482717520836
2025-10-02,4095,4150,4060,4110,847813,0.008588957055214674
2025-10-10,4040,4320,4020,4300,2224897,0.04622871046228716
2025-10-13,4160,4320,4155,4275,1463752,-0.005813953488372103
2025-10-14,4315,4650,4025,4175,6122181,-0.023391812865497075
2025-10-15,4215,4580,4185,4550,5492677,0.08982035928143706
2025-10-16,4710,4710,4150,4220,5337087,-0.07252747252747249
2025-10-17,4215,4330,4040,4065,2382133,-0.03672985781990523
2025-10-20,4100,4300,4100,4260,2055933,0.047970479704797064
2025-10-21,4270,4495,4090,4250,3580831,-0.0023474178403756207
2025-10-22,4270,4270,4090,4155,999700,-0.022352941176470575
2025-10-23,4100,4160,4015,4035,1478455,-0.028880866425992746
2025-10-24,4080,4115,4005,4035,1076309,0.0
2025-10-27,4040,4125,3955,4040,1653989,0.0012391573729864103
2025-10-28,4045,4055,3960,3990,886763,-0.012376237623762387
2025-10-29,4020,4105,3965,4020,1159867,0.007518796992481258
2025-10-30,4020,4020,3850,3955,1519187,-0.016169154228855676
2025-10-31,4005,4175,3935,4105,2084826,0.03792667509481662
2025-11-03,4105,4310,4055,4080,4374312,-0.006090133982947665
2025-11-04,4100,4100,3935,4010,1771453,-0.01715686274509809
2025-11-05,3935,3940,3675,3815,1985151,-0.04862842892768082
2025-11-06,3870,3945,3735,3825,940563,0.002621231979030192
2025-11-07,3695,3835,3610,3695,1026937,-0.033986928104575154
2025-11-10,3700,4185,3700,4005,5321094,0.08389715832205691
2025-11-11,4010,4140,3905,3975,1369580,-0.0074906367041198685
2025-11-12,3965,3990,3865,3940,918419,-0.008805031446540879
2025-11-13,3930,3940,3850,3910,683074,-0.0076142131979695105
2025-11-14,3865,3865,3740,3740,816492,-0.04347826086956519
2025-11-17,3745,3880,3710,3780,717454,0.010695187165775444
2025-11-18,3725,3840,3585,3650,1075531,-0.03439153439153442
2025-11-19,3710,3795,3550,3630,1003034,-0.005479452054794498
2025-11-20,3635,3760,3635,3690,553309,0.016528925619834656
2025-11-21,3590,3620,3500,3520,605214,-0.046070460704607075
2025-11-24,3560,4575,3430,4575,20405720,0.29971590909090917
2025-11-25,4790,5160,4625,4870,32154933,0.06448087431693983
2025-11-26,4880,4920,4395,4610,8532851,-0.05338809034907599
2025-11-27,4615,5460,4545,5040,23299491,0.09327548806941421
2025-11-28,5110,5360,5040,5280,7726386,0.04761904761904767
2025-12-01,5330,5340,5150,5240,3347275,-0.007575757575757569
2025-12-02,5280,5840,5140,5660,13016073,0.08015267175572527
