Date,Open,High,Low,Close,Volume,Change
2022-01-03,4095,4100,4095,4100,6,0.032745591939546514
2022-01-04,4200,4200,4200,4200,1,0.024390243902439046
2022-01-05,4200,4700,3860,4485,166,0.06785714285714284
2022-01-06,4390,4390,4350,4350,12,-0.030100334448160515
2022-01-07,4315,4315,4315,4315,10,-0.008045977011494232
2022-01-10,4200,4200,3875,4070,431,-0.056778679026651235
2022-01-11,4495,4495,4495,4495,1,0.10442260442260443
2022-01-12,4565,4565,4565,4565,1,0.015572858731924377
2022-01-13,3980,3980,3980,3980,1,-0.12814895947426064
2022-01-14,4300,4300,3835,4290,4,0.07788944723618085
2022-01-17,4540,4540,4540,4540,1,0.05827505827505819
2022-01-18,4550,4550,4000,4390,285,-0.033039647577092546
2022-01-19,4330,4330,4330,4330,0,-0.013667425968109326
2022-01-20,4375,4375,4375,4375,2,0.010392609699769073
2022-01-21,4275,4275,4275,4275,0,-0.02285714285714291
2022-01-24,4560,4560,3900,4400,103,0.029239766081871288
2022-01-25,4560,4560,4440,4440,2,0.009090909090909038
2022-01-26,4560,4560,4560,4560,1,0.027027027027026973
2022-01-27,4565,4565,4565,4565,1,0.0010964912280702066
2022-01-28,4565,4565,4495,4495,401,-0.01533406352683464
2022-02-03,4400,4400,4380,4380,301,-0.025583982202447175
2022-02-04,4300,4300,4300,4300,0,-0.0182648401826484
2022-02-07,4100,4100,4100,4100,0,-0.046511627906976716
2022-02-08,4455,4455,4455,4455,1,0.08658536585365861
2022-02-09,4395,4395,3890,4395,18,-0.013468013468013518
2022-02-10,4395,4395,4395,4395,0,0.0
2022-02-11,4390,4390,4390,4390,0,-0.0011376564277588708
2022-02-14,4390,4390,4385,4385,110,-0.001138952164009166
2022-02-15,4345,4345,4345,4345,20,-0.009122006841505104
2022-02-16,4000,4390,4000,4325,3293,-0.004602991944764101
2022-02-17,4000,4295,4000,4225,606,-0.023121387283236983
2022-02-18,4095,4095,4085,4085,53,-0.03313609467455625
2022-02-21,4265,4265,4265,4265,1,0.044063647490820035
2022-02-22,4295,4295,4295,4295,1,0.00703399765533419
2022-02-23,4365,4365,4365,4365,1,0.016298020954598424
2022-02-24,4155,4155,4155,4155,0,-0.04810996563573888
2022-02-25,4255,4255,4255,4255,1,0.024067388688327362
2022-02-28,4255,4255,4255,4255,30,0.0
2022-03-02,4195,4195,4195,4195,10,-0.014101057579318454
2022-03-03,4150,4150,4150,4150,0,-0.010727056019070313
2022-03-04,4020,4020,4020,4020,0,-0.031325301204819245
2022-03-07,4020,4020,4020,4020,20,0.0
2022-03-08,4000,4000,4000,4000,0,-0.00497512437810943
2022-03-10,4095,4095,4095,4095,1,0.023749999999999938
2022-03-11,4145,4145,3810,4120,26,0.006105006105006083
2022-03-14,4075,4075,4075,4075,0,-0.01092233009708743
2022-03-15,4175,4175,4175,4175,1,0.024539877300613577
2022-03-16,4095,4095,4095,4095,0,-0.019161676646706538
2022-03-17,4175,4175,4175,4175,1,0.019536019536019467
2022-03-18,4120,4120,4120,4120,0,-0.013173652694610793
2022-03-21,3995,3995,3995,3995,0,-0.03033980582524276
2022-03-22,4180,4180,4180,4180,1,0.04630788485607007
2022-03-23,4130,4130,4130,4130,0,-0.011961722488038284
2022-03-24,4130,4130,4130,4130,0,0.0
2022-03-25,4130,4130,4130,4130,0,0.0
2022-03-28,4000,4000,3900,3990,706,-0.03389830508474578
2022-03-29,4120,4120,4120,4120,1,0.032581453634085156
2022-03-30,4080,4080,4080,4080,80,-0.009708737864077666
2022-03-31,4115,4115,4115,4115,1,0.008578431372548989
2022-04-01,4095,4095,4095,4095,0,-0.004860267314702349
2022-04-04,4105,4105,3750,4000,2149,-0.023199023199023228
2022-04-05,4090,4090,4090,4090,1,0.022499999999999964
2022-04-06,3760,3985,3750,3760,3802,-0.0806845965770171
2022-04-07,3865,3865,3865,3865,100,0.027925531914893664
2022-04-08,3945,3960,3675,3675,16,-0.04915912031047864
2022-04-11,4085,4085,4025,4030,111,0.09659863945578229
2022-04-12,4085,4085,4060,4060,2,0.007444168734491274
2022-04-13,4090,4090,4090,4090,2,0.00738916256157629
2022-04-14,4080,4080,4080,4080,6,-0.0024449877750610804
2022-04-15,4085,4085,3700,3940,2004,-0.03431372549019607
2022-04-18,4080,4080,4080,4080,1,0.035532994923857864
2022-04-19,4060,4060,4060,4060,1,-0.004901960784313708
2022-04-20,4070,4070,3800,3800,192,-0.0640394088669951
2022-04-21,4095,4095,4095,4095,1,0.0776315789473685
2022-04-22,4550,4580,3550,3980,6,-0.028083028083028094
2022-04-25,4435,4435,4405,4405,2,0.10678391959799005
2022-04-26,4380,4380,3745,3805,2515,-0.1362088535754824
2022-04-27,4235,4235,3800,3805,101,0.0
2022-04-28,4180,4180,4180,4180,1,0.09855453350854138
2022-04-29,4295,4295,4000,4100,34,-0.019138755980861233
2022-05-02,3850,3945,3850,3945,101,-0.03780487804878052
2022-05-03,3935,3935,3685,3890,6,-0.013941698352344711
2022-05-04,4390,4390,3880,3880,3,-0.0025706940874036244
2022-05-06,4295,4295,4295,4295,1,0.106958762886598
2022-05-09,4480,4480,4355,4355,2,0.01396973224679865
2022-05-10,4440,4440,4435,4435,30,0.018369690011481143
2022-05-11,4540,4540,3770,4255,2349,-0.040586245772266105
2022-05-12,3930,3930,3675,3855,113,-0.09400705052878966
2022-05-13,4375,4375,3770,4000,351,0.03761348897535677
2022-05-16,3865,3865,3865,3865,1,-0.03374999999999995
2022-05-17,3850,3850,3850,3850,1,-0.0038809831824062613
2022-05-18,3750,3775,3500,3775,2003,-0.01948051948051943
2022-05-19,4275,4275,3405,4205,4,0.11390728476821188
2022-05-20,3580,4190,3580,4190,259,-0.003567181926278251
2022-05-23,4165,4165,4165,4165,1,-0.005966587112171795
2022-05-24,4155,4155,4155,4155,1,-0.0024009603841537164
2022-05-25,4100,4100,4100,4100,1,-0.013237063778580027
2022-05-26,4050,4050,3505,4030,203,-0.017073170731707332
2022-05-27,3995,3995,3995,3995,1,-0.008684863523573227
2022-05-30,4200,4200,3800,3910,222,-0.021276595744680882
2022-05-31,4080,4080,4080,4080,1,0.04347826086956519
2022-06-02,4075,4075,3910,3995,12,-0.02083333333333337
2022-06-03,3985,3985,3955,3985,3761,-0.0025031289111389077
2022-06-07,3885,3885,3875,3875,151,-0.027603513174404015
2022-06-08,3865,3865,3845,3850,11,-0.006451612903225823
2022-06-09,3795,3795,3790,3790,2501,-0.01558441558441559
2022-06-10,4080,4080,3550,3700,356,-0.0237467018469657
2022-06-13,4075,4075,4075,4075,1,0.10135135135135132
2022-06-14,3885,3885,3875,3880,101,-0.047852760736196265
2022-06-15,3890,3890,3550,3885,1652,0.0012886597938144284
2022-06-16,3825,3825,3690,3745,102,-0.036036036036036
2022-06-17,3730,3730,3565,3690,199,-0.014686248331108098
2022-06-20,3685,3685,3685,3685,59,-0.0013550135501354532
2022-06-21,4035,4035,4035,4035,1,0.0949796472184532
2022-06-22,4030,4030,4030,4030,1,-0.0012391573729864103
2022-06-23,4030,4345,3515,3700,247,-0.08188585607940446
2022-06-24,3700,3700,3700,3700,8,0.0
2022-06-27,3845,3845,3405,3815,109,0.031081081081081097
2022-06-28,3795,3795,3795,3795,1,-0.005242463958060273
2022-06-29,4345,4345,3430,3900,8,0.027667984189723382
2022-06-30,3995,3995,3600,3880,872,-0.00512820512820511
2022-07-01,3790,3790,3790,3790,1,-0.023195876288659822
2022-07-04,3735,3735,3735,3735,1,-0.014511873350923521
2022-07-05,3990,3990,3985,3985,3,0.06693440428380182
2022-07-06,3880,3880,3880,3880,1,-0.02634880803011297
2022-07-07,4100,4100,4100,4100,2,0.05670103092783507
2022-07-08,4200,4200,4200,4200,1,0.024390243902439046
2022-07-11,3985,3985,3985,3985,1,-0.05119047619047623
2022-07-12,3785,3785,3500,3780,1102,-0.05144291091593478
2022-07-13,4100,4100,3530,3995,1002,0.05687830687830697
2022-07-14,3410,3980,3400,3400,5974,-0.14893617021276595
2022-07-15,3690,3690,3560,3585,21,0.05441176470588238
2022-07-18,3980,3980,3845,3880,3,0.08228730822873076
2022-07-19,4000,4300,3340,4055,4,0.045103092783505216
2022-07-20,4100,4100,3455,3455,289,-0.14796547472256472
2022-07-21,3785,3785,3785,3785,1,0.09551374819102754
2022-07-22,3740,3740,3740,3740,1,-0.011889035667106973
2022-07-25,3690,3690,3630,3630,39,-0.02941176470588236
2022-07-26,3935,3935,3935,3935,1,0.08402203856749302
2022-07-27,3920,3920,3920,3920,1,-0.003811944091486663
2022-07-28,4385,4385,3350,4300,220,0.09693877551020402
2022-07-29,3655,3800,3655,3800,5308,-0.11627906976744184
2022-08-01,4300,4300,4300,4300,1,0.13157894736842102
2022-08-02,3660,4000,3655,3665,4022,-0.14767441860465114
2022-08-03,3990,3990,3990,3990,1,0.08867667121418821
2022-08-04,3830,3830,3830,3830,1,-0.040100250626566414
2022-08-05,4185,4185,4080,4080,2,0.06527415143603132
2022-08-08,4400,4400,3470,3475,7176,-0.14828431372549022
2022-08-09,3470,3585,3245,3335,71,-0.0402877697841727
2022-08-10,3820,3820,3215,3400,16,0.019490254872563728
2022-08-11,3405,3840,3405,3655,15,0.07499999999999996
2022-08-12,4185,4185,3405,3950,153,0.08071135430916554
2022-08-16,4490,4490,3410,4205,5,0.06455696202531636
2022-08-17,3575,4450,3575,3670,5896,-0.12722948870392392
2022-08-18,3665,3900,3635,3895,1159,0.06130790190735702
2022-08-19,4470,4470,3500,3955,116,0.015404364569961526
2022-08-22,4390,4390,3600,4000,52,0.011378002528444897
2022-08-23,3795,3795,3780,3780,2,-0.05500000000000005
2022-08-24,4340,4340,3310,4260,117,0.12698412698412698
2022-08-25,4260,4260,3635,3900,33,-0.08450704225352113
2022-08-26,4450,4450,3495,3500,864,-0.10256410256410253
2022-08-29,3900,3900,3595,3595,53,0.027142857142857135
2022-08-30,4125,4125,3745,3745,3,0.041724617524339314
2022-08-31,3895,3895,3895,3895,1,0.040053404539385884
2022-09-01,4380,4380,3425,3800,4,-0.024390243902439046
2022-09-02,4100,4100,3410,3700,10,-0.02631578947368418
2022-09-05,3800,3800,3685,3685,2,-0.004054054054054013
2022-09-06,3985,3985,3795,3795,4,0.029850746268656803
2022-09-07,3740,3740,3375,3695,10,-0.026350461133069825
2022-09-08,3995,3995,3995,3995,1,0.08119079837618393
2022-09-13,4190,4190,3425,3900,30,-0.02377972465581979
2022-09-14,4195,4195,3600,3600,24,-0.07692307692307687
2022-09-15,3795,3795,3640,3640,2,0.011111111111111072
2022-09-16,3795,3795,3795,3795,1,0.04258241758241765
2022-09-19,3745,3745,3745,3745,1,-0.013175230566534912
2022-09-20,3700,3985,3315,3590,2010,-0.041388518024032095
2022-09-21,3545,3545,3365,3545,527,-0.012534818941504211
2022-09-22,3795,3795,3795,3795,1,0.07052186177715081
2022-09-23,3995,3995,3375,3550,143,-0.06455862977602111
2022-09-26,3610,3610,3475,3560,150,0.0028169014084507005
2022-09-27,3545,3545,3450,3535,24,-0.0070224719101124045
2022-09-28,4060,4060,3800,3880,83,0.09759547383309752
2022-09-29,4070,4455,3360,3900,1320,0.005154639175257714
2022-09-30,3895,3895,3895,3895,1,-0.0012820512820512775
2022-10-04,3330,3870,3330,3465,1031,-0.11039794608472397
2022-10-05,3795,3795,3680,3790,45,0.09379509379509376
2022-10-06,3950,3950,3865,3865,103,0.01978891820580464
2022-10-07,4000,4000,4000,4000,1,0.03492884864165591
2022-10-11,4085,4085,3970,3970,4,-0.007499999999999951
2022-10-12,3970,3970,3890,3890,2,-0.02015113350125941
2022-10-13,3885,3885,3825,3825,4,-0.016709511568123392
2022-10-14,3595,3595,3400,3595,10,-0.060130718954248374
2022-10-17,3945,3945,3880,3880,2,0.07927677329624472
2022-10-18,3845,3845,3400,3815,3,-0.01675257731958768
2022-10-19,3850,3850,3850,3850,1,0.00917431192660545
2022-10-20,3700,3700,3695,3695,2,-0.04025974025974022
2022-10-21,3635,3650,3635,3645,7,-0.013531799729364025
2022-10-24,3595,3595,3595,3595,104,-0.013717421124828544
2022-10-25,3840,3840,3840,3840,1,0.06815020862308763
2022-10-26,3835,3835,3835,3835,1,-0.0013020833333333703
2022-10-27,3825,3825,3815,3815,7,-0.0052151238591916504
2022-10-28,3695,3695,3695,3695,2,-0.03145478374836175
2022-10-31,3890,3890,3890,3890,1,0.05277401894451961
2022-11-01,4400,4400,4050,4050,2,0.041131105398457546
2022-11-02,4150,4345,3480,4205,808,0.03827160493827164
2022-11-03,3575,4575,3575,4145,2993,-0.014268727705113005
2022-11-04,4145,4145,3545,3685,104,-0.11097708082026536
2022-11-07,3750,3750,3750,3750,1,0.01763907734056991
2022-11-08,3785,3785,3400,3700,1002,-0.013333333333333308
2022-11-09,3600,4255,3535,4255,1054,0.1499999999999999
2022-11-10,4100,4100,4100,4100,1,-0.03642773207990602
2022-11-11,4385,4385,4385,4385,1,0.06951219512195128
2022-11-14,4095,4100,4095,4100,11,-0.06499429874572404
2022-11-15,4000,4000,4000,4000,1,-0.024390243902439046
2022-11-16,3900,3900,3900,3900,1,-0.025000000000000022
2022-11-17,3850,3850,3850,3850,1,-0.012820512820512775
2022-11-18,3900,3900,3850,3850,2,0.0
2022-11-21,3850,4000,3850,4000,2,0.03896103896103886
2022-11-22,3500,3700,3500,3640,2502,-0.08999999999999997
2022-11-23,3810,3810,3810,3810,1,0.04670329670329676
2022-11-24,3810,3860,3410,3860,16,0.013123359580052396
2022-11-25,3860,3860,3860,3860,1,0.0
2022-11-28,3460,4295,3420,3425,910,-0.11269430051813467
2022-11-29,3665,3665,3345,3580,15,0.045255474452554845
2022-11-30,3845,3845,3455,3665,111,0.023743016759776525
2022-12-01,3850,3850,3850,3850,1,0.05047748976807642
2022-12-02,4095,4095,3405,3930,106,0.020779220779220786
2022-12-05,4050,4050,4050,4050,1,0.03053435114503822
2022-12-06,4050,4050,3445,3945,6,-0.025925925925925908
2022-12-07,3945,4290,3400,3900,128,-0.011406844106463865
2022-12-08,4180,4180,3335,3865,415,-0.008974358974358942
2022-12-09,3595,3595,3400,3545,273,-0.08279430789133246
2022-12-12,3900,3900,3500,3855,8,0.08744710860366722
2022-12-13,3795,3795,3780,3780,30,-0.01945525291828798
2022-12-14,3920,3920,3885,3885,5,0.02777777777777768
2022-12-15,3365,4190,3365,4000,3,0.029601029601029616
2022-12-16,4000,4000,3850,3865,78,-0.03374999999999995
2022-12-19,4085,4085,3400,3590,1024,-0.07115135834411379
2022-12-20,3550,3550,3515,3515,41,-0.02089136490250698
2022-12-21,3500,3500,3350,3495,104,-0.005689900426742556
2022-12-22,3495,3495,2975,3270,6125,-0.06437768240343344
2022-12-23,3260,3260,2900,3090,1321,-0.05504587155963303
2022-12-26,3290,3290,2630,2875,4227,-0.06957928802588997
2022-12-27,2795,3045,2795,3045,253,0.05913043478260871
2022-12-28,3490,3490,2755,2755,34,-0.09523809523809523
2022-12-29,3155,3155,2650,3075,211,0.11615245009074404
2023-01-02,3390,3390,3070,3085,8,0.003252032520325132
2023-01-03,3395,3395,3000,3080,122,-0.0016207455429497752
2023-01-04,3295,3295,3075,3075,4,-0.0016233766233766378
2023-01-05,3270,3270,2735,3095,6,0.006504065040650486
2023-01-06,3295,3295,2730,3080,13,-0.004846526655896577
2023-01-09,3290,3290,3085,3085,13,0.0016233766233766378
2023-01-10,3300,3300,2715,3095,5,0.0032414910858995505
2023-01-11,3300,3300,3300,3300,1,0.06623586429725359
2023-01-12,3195,3195,2880,2880,2,-0.12727272727272732
2023-01-13,3285,3285,3020,3090,20,0.07291666666666674
2023-01-16,3545,3545,2740,3140,12,0.016181229773462702
2023-01-17,3400,3400,2750,2750,4,-0.12420382165605093
2023-01-18,3135,3135,2800,2800,45,0.018181818181818077
2023-01-19,3095,3095,3095,3095,1,0.10535714285714293
2023-01-20,3255,3255,2760,3095,103,0.0
2023-01-25,3545,3545,2810,2850,13,-0.07915993537964461
2023-01-26,3265,3265,3250,3250,2,0.14035087719298245
2023-01-27,3095,3100,3085,3085,264,-0.05076923076923079
2023-01-30,3500,3500,3275,3275,17,0.06158833063209079
2023-01-31,3140,3140,2800,3090,10,-0.056488549618320616
2023-02-01,3540,3540,3025,3245,20,0.05016181229773453
2023-02-02,3095,3095,2760,2880,1790,-0.11248073959938365
2023-02-03,3185,3185,2500,2540,4677,-0.11805555555555558
2023-02-06,2900,2900,2850,2850,2,0.1220472440944882
2023-02-07,3185,3185,3185,3185,1,0.11754385964912273
2023-02-08,3485,3485,2710,2710,938,-0.14913657770800626
2023-02-09,3085,3085,3085,3085,1,0.13837638376383765
2023-02-10,2625,2995,2625,2995,3102,-0.02917341977309562
2023-02-13,3095,3095,3095,3095,1,0.03338898163606019
2023-02-14,3495,3495,3095,3095,3,0.0
2023-02-15,3490,3490,2655,3235,4,0.04523424878836835
2023-02-16,2750,3585,2750,3000,2807,-0.07264296754250388
2023-02-17,3295,3295,2575,2995,202,-0.0016666666666667052
2023-02-20,3285,3285,2555,2555,3904,-0.1469115191986644
2023-02-21,2885,2885,2525,2845,1341,0.11350293542074374
2023-02-22,3215,3215,2950,2950,26,0.03690685413005279
2023-02-23,3265,3265,2555,3200,6,0.0847457627118644
2023-02-24,2720,2995,2720,2720,667,-0.15000000000000002
2023-02-27,2500,3075,2500,3020,5755,0.11029411764705888
2023-02-28,3195,3195,2820,2995,45,-0.008278145695364225
2023-03-02,3290,3290,2855,3040,27,0.015025041736226985
2023-03-03,2990,3000,2950,3000,879,-0.013157894736842146
2023-03-06,3295,3295,2890,2890,68,-0.036666666666666625
2023-03-07,3000,3000,2520,2710,183,-0.06228373702422141
2023-03-08,2995,2995,2995,2995,2,0.10516605166051662
2023-03-09,2975,2980,2975,2980,202,-0.005008347245408995
2023-03-10,3400,3400,3400,3400,2,0.14093959731543615
2023-03-13,3145,3145,3145,3145,1,-0.07499999999999996
2023-03-14,2730,2730,2730,2730,1,-0.1319554848966613
2023-03-15,3040,3040,2425,3025,4,0.10805860805860812
2023-03-16,2995,3295,2995,3190,1443,0.05454545454545445
2023-03-17,3660,3660,3380,3380,4,0.059561128526645746
2023-03-20,3695,3695,3295,3295,28,-0.025147928994082802
2023-03-21,3775,3775,3775,3775,1,0.14567526555386956
2023-03-22,3210,4300,3210,4300,2218,0.13907284768211925
2023-03-23,3900,4880,3655,4290,169,-0.0023255813953488857
2023-03-24,3895,4925,3650,4760,1230,0.10955710955710951
2023-03-27,4060,4060,4060,4060,30,-0.1470588235294118
2023-03-28,3455,3455,3455,3455,88,-0.1490147783251231
2023-03-29,3595,3595,3000,3395,611,-0.01736613603473225
2023-03-30,3480,3480,3480,3480,1,0.025036818851251752
2023-03-31,3295,3295,3295,3295,0,-0.053160919540229834
2023-04-03,3690,3690,3395,3395,3,0.030349013657056112
2023-04-04,3685,3685,2955,2955,2,-0.1296023564064801
2023-04-05,3385,3385,2620,3280,1514,0.10998307952622666
2023-04-06,3490,3490,2955,3470,31,0.05792682926829262
2023-04-07,3010,3770,3000,3425,4418,-0.012968299711815567
2023-04-10,3800,3800,3000,3660,15,0.06861313868613128
2023-04-11,3115,3115,3115,3115,143,-0.1489071038251366
2023-04-12,3185,3185,2910,3175,57,0.019261637239165408
2023-04-13,3345,3345,3270,3270,7,0.029921259842519587
2023-04-14,3720,3720,2835,3690,3,0.12844036697247696
2023-04-17,3140,3140,3140,3140,3,-0.14905149051490518
2023-04-18,3485,3485,3485,3485,1,0.10987261146496818
2023-04-19,2965,3840,2965,2965,570,-0.14921090387374458
2023-04-20,3350,3350,3350,3350,1,0.1298482293423271
2023-04-21,3600,3600,3600,3600,1,0.07462686567164178
2023-04-24,3885,3885,3060,3060,553,-0.15000000000000002
2023-04-25,3485,3485,3485,3485,1,0.13888888888888884
2023-04-26,3485,3485,3195,3195,2,-0.08321377331420376
2023-04-27,3190,3190,3190,3190,1,-0.0015649452269170805
2023-04-28,3485,3485,3485,3485,1,0.09247648902821326
2023-05-02,3980,3980,2965,3780,20,0.08464849354375903
2023-05-03,3215,3215,3215,3215,20,-0.14947089947089942
2023-05-04,3685,3685,3685,3685,1,0.14618973561430804
2023-05-08,3135,3135,3135,3135,1,-0.14925373134328357
2023-05-09,3595,3595,3595,3595,1,0.14673046251993616
2023-05-10,3985,3985,3060,3060,2,-0.1488178025034771
2023-05-11,2775,3505,2775,3155,9,0.031045751633986818
2023-05-12,3585,3585,3585,3585,1,0.13629160063391432
2023-05-15,3050,3050,3050,3050,1,-0.1492329149232915
2023-05-16,3490,3490,2745,3320,5,0.08852459016393444
2023-05-17,3490,3490,2860,3450,4,0.03915662650602414
2023-05-18,3685,3685,3685,3685,1,0.06811594202898541
2023-05-19,3135,3135,3135,3135,3,-0.14925373134328357
2023-05-22,3090,3090,2820,3080,104,-0.01754385964912286
2023-05-23,2710,3045,2710,3045,3,-0.011363636363636354
2023-05-24,3000,3000,3000,3000,0,-0.014778325123152691
2023-05-25,2995,2995,2995,2995,54,-0.0016666666666667052
2023-05-26,2990,2990,2990,2990,0,-0.0016694490818029983
2023-05-30,2755,2755,2755,2755,138,-0.07859531772575246
2023-05-31,2990,2990,2900,2990,12,0.08529945553539009
2023-06-01,3390,3390,2855,3290,8,0.10033444816053505
2023-06-02,3285,3285,2845,3275,3,-0.00455927051671734
2023-06-05,3030,3030,3030,3030,2,-0.07480916030534346
2023-06-07,2805,2985,2805,2970,552,-0.01980198019801982
2023-06-08,2970,2970,2970,2970,0,0.0
2023-06-09,2945,2945,2940,2945,290,-0.008417508417508435
2023-06-12,2865,3100,2860,3100,51,0.05263157894736836
2023-06-13,3480,3480,2755,3480,3,0.1225806451612903
2023-06-14,2960,3855,2960,2960,1068,-0.14942528735632188
2023-06-15,3385,3385,2575,3275,9,0.10641891891891886
2023-06-16,3245,3245,3040,3040,7,-0.07175572519083973
2023-06-19,2805,2900,2710,2800,1664,-0.07894736842105265
2023-06-20,3190,3190,2810,3050,31,0.08928571428571419
2023-06-21,3500,3500,2665,3400,5,0.11475409836065564
2023-06-22,2890,2895,2890,2890,786,-0.15000000000000002
2023-06-23,3285,3285,2700,2700,3,-0.06574394463667821
2023-06-26,3095,3095,2725,2725,2,0.0092592592592593
2023-06-27,2895,2895,2740,2895,13,0.062385321100917324
2023-06-28,2895,2895,2895,2895,5,0.0
2023-06-29,3305,3305,2515,3000,2733,0.03626943005181338
2023-06-30,2885,2885,2800,2800,1504,-0.06666666666666665
2023-07-03,2800,2800,2700,2700,1010,-0.0357142857142857
2023-07-04,2710,3015,2710,2950,3,0.09259259259259256
2023-07-05,2740,2880,2740,2860,6,-0.03050847457627115
2023-07-06,3205,3205,2995,2995,2,0.0472027972027973
2023-07-07,2655,2800,2655,2800,138,-0.06510851419031716
2023-07-10,2800,2800,2800,2800,20,0.0
2023-07-11,2800,2800,2800,2800,1810,0.0
2023-07-12,2795,2795,2795,2795,11,-0.0017857142857142794
2023-07-13,2795,2795,2795,2795,0,0.0
2023-07-14,2895,2895,2895,2895,1,0.035778175313059046
2023-07-17,2600,3240,2600,2790,10,-0.03626943005181349
2023-07-18,2790,2790,2790,2790,810,0.0
2023-07-19,3030,3030,3030,3030,1,0.08602150537634401
2023-07-20,3025,3025,3025,3025,0,-0.0016501650165016146
2023-07-21,3020,3020,3020,3020,0,-0.0016528925619834212
2023-07-24,2975,2975,2615,2795,2140,-0.07450331125827814
2023-07-25,2630,2630,2630,2630,900,-0.05903398926654746
2023-07-26,2780,2780,2505,2690,1469,0.02281368821292773
2023-07-27,2600,2650,2500,2650,1747,-0.014869888475836479
2023-07-28,3035,3035,2855,2855,39,0.07735849056603783
2023-07-31,2855,2855,2605,2605,51,-0.08756567425569173
2023-08-01,2615,2615,2615,2615,0,0.0038387715930903177
2023-08-02,2620,2620,2620,2620,51,0.0019120458891013214
2023-08-03,2835,2835,2835,2835,1,0.08206106870229002
2023-08-04,2980,2980,2950,2950,51,0.040564373897707284
2023-08-07,2845,2845,2845,2845,0,-0.035593220338983045
2023-08-08,3230,3230,2845,2845,11,0.0
2023-08-09,2845,2845,2845,2845,20,0.0
2023-08-10,2845,2845,2845,2845,0,0.0
2023-08-11,3160,3160,2505,2995,4,0.05272407732864681
2023-08-14,2905,2905,2905,2905,0,-0.03005008347245408
2023-08-16,2905,2905,2905,2905,20,0.0
2023-08-17,3085,3085,2550,2905,4,0.0
2023-08-18,3095,3095,3095,3095,1,0.06540447504302915
2023-08-21,2635,2635,2635,2635,284,-0.14862681744749595
2023-08-22,2635,2635,2635,2635,3,0.0
2023-08-23,2635,2635,2635,2635,0,0.0
2023-08-24,2600,2950,2600,2950,2,0.11954459203036061
2023-08-25,2850,2850,2850,2850,0,-0.03389830508474578
2023-08-28,2775,2775,2775,2775,11,-0.02631578947368418
2023-08-29,2755,2755,2755,2755,11,-0.007207207207207245
2023-08-30,3000,3000,3000,3000,1,0.08892921960072586
2023-08-31,2900,2975,2555,2975,5,-0.008333333333333304
2023-09-01,2970,2970,2960,2960,69,-0.005042016806722671
2023-09-04,2845,2845,2845,2845,0,-0.038851351351351315
2023-09-05,2830,2840,2745,2745,707,-0.03514938488576447
2023-09-06,2695,2745,2695,2745,150,0.0
2023-09-07,2695,2695,2695,2695,0,-0.01821493624772308
2023-09-08,2690,2690,2690,2690,0,-0.0018552875695733162
2023-09-11,2690,2690,2690,2690,0,0.0
2023-09-12,2870,2870,2410,2795,8,0.0390334572490707
2023-09-13,2795,2795,2795,2795,0,0.0
2023-09-14,2970,2970,2665,2665,38,-0.046511627906976716
2023-09-15,2800,2800,2800,2800,1,0.05065666041275807
2023-09-18,2855,2855,2855,2855,17,0.019642857142857073
2023-09-19,2850,2850,2510,2850,4,-0.0017513134851138146
2023-09-20,2525,2840,2500,2840,2103,-0.0035087719298245723
2023-09-21,2600,2600,2600,2600,2151,-0.08450704225352113
2023-09-22,2615,2795,2615,2795,2,0.07499999999999996
2023-09-25,2795,2795,2795,2795,0,0.0
2023-09-26,2795,2795,2795,2795,0,0.0
2023-09-27,3210,3210,2555,3020,10,0.0805008944543828
2023-10-04,2995,2995,2885,2885,48,-0.04470198675496684
2023-10-05,3295,3295,3295,3295,1,0.14211438474870008
2023-10-06,2805,2805,2805,2805,1033,-0.14871016691957506
2023-10-10,2605,2605,2605,2605,1,-0.071301247771836
2023-10-11,2355,2355,2355,2355,1,-0.09596928982725528
2023-10-12,2705,2705,2705,2705,1,0.14861995753715496
2023-10-13,2705,2705,2705,2705,0,0.0
2023-10-16,3090,3090,2450,2450,239,-0.09426987060998149
2023-10-17,2765,2765,2765,2765,1,0.12857142857142856
2023-10-18,2765,2765,2765,2765,5,0.0
2023-10-19,2505,2700,2505,2700,1994,-0.023508137432188048
2023-10-20,2840,2840,2605,2835,5,0.050000000000000044
2023-10-23,2820,2820,2820,2820,0,-0.005291005291005346
2023-10-24,2505,2840,2505,2760,1054,-0.021276595744680882
2023-10-25,3070,3070,2650,3020,205,0.09420289855072461
2023-10-26,2695,2865,2695,2865,301,-0.05132450331125826
2023-10-27,2795,2795,2795,2795,0,-0.024432809773123898
2023-10-30,2690,2695,2690,2695,200,-0.035778175313059046
2023-10-31,2695,2695,2695,2695,0,0.0
2023-11-01,2695,2695,2695,2695,0,0.0
2023-11-02,2695,2845,2630,2845,803,0.0556586270871986
2023-11-03,2795,2800,2795,2800,5,-0.01581722319859402
2023-11-06,2605,2790,2605,2790,34,-0.0035714285714285587
2023-11-07,2775,2775,2775,2775,0,-0.005376344086021501
2023-11-08,2725,2725,2725,2725,11,-0.018018018018018056
2023-11-09,2725,2725,2725,2725,0,0.0
2023-11-10,2725,2725,2725,2725,0,0.0
2023-11-13,2780,2780,2780,2780,2,0.020183486238532167
2023-11-14,2780,2780,2780,2780,0,0.0
2023-11-15,2790,2790,2455,2780,5,0.0
2023-11-16,2830,2830,2830,2830,2,0.017985611510791477
2023-11-17,2790,2790,2790,2790,0,-0.014134275618374548
2023-11-20,2755,2755,2755,2755,0,-0.012544802867383464
2023-11-21,2785,2785,2785,2785,1,0.010889292196007316
2023-11-22,2755,2755,2755,2755,0,-0.010771992818671472
2023-11-23,2695,2695,2695,2695,12,-0.02177858439201452
2023-11-24,2505,2690,2505,2690,3,-0.0018552875695733162
2023-11-27,2675,2675,2675,2675,0,-0.005576208178438624
2023-11-28,2670,2670,2670,2670,0,-0.0018691588785046953
2023-11-29,2670,2670,2670,2670,0,0.0
2023-11-30,2665,2665,2665,2665,10,-0.0018726591760299671
2023-12-01,2800,2800,2425,2795,4,0.04878048780487809
2023-12-04,2795,2795,2425,2425,6,-0.1323792486583184
2023-12-05,2455,2695,2425,2695,1202,0.11134020618556706
2023-12-06,2775,2775,2465,2465,2,-0.0853432282003711
2023-12-07,2470,2470,2470,2470,15,0.0020283975659229903
2023-12-08,2475,2840,2475,2775,5,0.12348178137651833
2023-12-11,2470,2770,2470,2770,1002,-0.0018018018018017834
2023-12-12,2880,2880,2880,2880,1,0.03971119133573997
2023-12-13,2785,2785,2785,2785,0,-0.03298611111111116
2023-12-14,2775,2775,2775,2775,0,-0.0035906642728904536
2023-12-15,2775,2775,2775,2775,0,0.0
2023-12-18,2775,2775,2775,2775,0,0.0
2023-12-19,3140,3140,2995,2995,2,0.07927927927927936
2023-12-20,2550,2660,2550,2660,1475,-0.11185308848080133
2023-12-21,2800,2800,2515,2725,90,0.02443609022556381
2023-12-22,2650,2650,2650,2650,26,-0.02752293577981646
2023-12-26,2795,2795,2325,2325,14,-0.12264150943396224
2023-12-27,2655,2655,2655,2655,3,0.14193548387096766
2023-12-28,2840,2840,2840,2840,1,0.06967984934086635
2024-01-02,2700,2700,2700,2700,400,-0.04929577464788737
2024-01-03,2695,2695,2695,2695,0,-0.0018518518518518823
2024-01-04,2895,2895,2800,2800,36,0.03896103896103886
2024-01-05,3170,3170,2785,2785,501,-0.005357142857142838
2024-01-08,2745,2745,2745,2745,1,-0.014362657091561926
2024-01-09,2795,2795,2795,2795,1,0.01821493624772308
2024-01-10,2790,2790,2790,2790,0,-0.0017889087656529634
2024-01-11,2845,2845,2845,2845,1,0.019713261648745428
2024-01-12,3100,3100,2535,2945,165,0.03514938488576447
2024-01-15,2890,2890,2890,2890,0,-0.018675721561969394
2024-01-16,2890,2890,2890,2890,3,0.0
2024-01-17,2850,2850,2850,2850,0,-0.01384083044982698
2024-01-18,3195,3195,2800,2800,6,-0.01754385964912286
2024-01-19,3195,3195,2795,2795,167,-0.0017857142857142794
2024-01-22,2990,2990,2990,2990,1,0.06976744186046502
2024-01-23,2795,2795,2795,2795,0,-0.06521739130434778
2024-01-24,3045,3045,3045,3045,1,0.0894454382826475
2024-01-25,2940,2940,2940,2940,3,-0.03448275862068961
2024-01-26,2795,2795,2795,2795,0,-0.04931972789115646
2024-01-29,2785,2785,2785,2785,0,-0.003577817531305927
2024-01-30,2780,2780,2780,2780,0,-0.0017953321364452268
2024-01-31,2775,2780,2645,2645,501,-0.04856115107913672
2024-02-01,2640,2640,2640,2640,0,-0.001890359168241984
2024-02-02,2635,2685,2590,2685,13,0.017045454545454586
2024-02-05,2685,2685,2685,2685,0,0.0
2024-02-06,2995,2995,2475,2695,505,0.003724394785847407
2024-02-07,2815,2815,2805,2805,6,0.04081632653061229
2024-02-08,2775,2775,2775,2775,0,-0.010695187165775444
2024-02-13,2935,2935,2665,2660,14,-0.04144144144144146
2024-02-14,2640,2660,2640,2660,1794,0.0
2024-02-15,2655,2795,2655,2795,4261,0.050751879699248104
2024-02-16,2790,2790,2790,2790,9,-0.0017889087656529634
2024-02-19,2785,2790,2750,2750,903,-0.014336917562724039
2024-02-20,2750,2750,2750,2750,1,0.0
2024-02-21,2740,2740,2740,2740,0,-0.0036363636363636598
2024-02-22,2795,2795,2795,2795,1,0.02007299270072993
2024-02-23,2780,2780,2780,2780,2,-0.00536672629695889
2024-02-26,2775,2775,2775,2775,0,-0.0017985611510791255
2024-02-27,3145,3145,3000,3000,3,0.08108108108108114
2024-02-28,2615,2900,2615,2900,4,-0.033333333333333326
2024-02-29,2780,2780,2780,2780,0,-0.04137931034482756
2024-03-04,2760,2760,2760,2760,0,-0.007194244604316502
2024-03-05,2740,2740,2740,2740,0,-0.007246376811594235
2024-03-06,2730,2730,2730,2730,0,-0.0036496350364964014
2024-03-07,2720,2720,2720,2720,3,-0.00366300366300365
2024-03-08,2620,2620,2620,2620,15,-0.03676470588235292
2024-03-11,2620,2845,2620,2845,18,0.08587786259541974
2024-03-12,2790,2790,2790,2790,0,-0.019332161687170446
2024-03-13,3200,3200,3200,3200,1,0.1469534050179211
2024-03-14,2720,2720,2720,2720,26,-0.15000000000000002
2024-03-15,2900,2900,2425,2840,4,0.044117647058823595
2024-03-18,2835,2835,2835,2835,0,-0.0017605633802817433
2024-03-19,2745,2745,2745,2745,0,-0.031746031746031744
2024-03-20,2740,2740,2740,2740,0,-0.0018214936247723523
2024-03-21,2505,2745,2505,2715,146,-0.009124087591240837
2024-03-22,2835,2835,2515,2835,4,0.04419889502762442
2024-03-25,2750,2750,2750,2750,0,-0.029982363315696703
2024-03-26,2700,2700,2700,2700,0,-0.018181818181818188
2024-03-27,2665,2665,2665,2665,0,-0.012962962962962954
2024-03-28,2840,2840,2765,2765,153,0.03752345215759845
2024-03-29,2765,2765,2765,2765,0,0.0
2024-04-01,2750,2750,2750,2750,1,-0.005424954792043413
2024-04-02,2750,2750,2750,2750,0,0.0
2024-04-03,2710,2710,2710,2710,0,-0.014545454545454528
2024-04-04,2710,2710,2710,2710,0,0.0
2024-04-05,2795,2795,2795,2795,1,0.03136531365313644
2024-04-08,2795,2795,2770,2770,9,-0.008944543828264706
2024-04-09,2425,2700,2425,2700,76,-0.02527075812274371
2024-04-11,2785,2785,2610,2610,61,-0.033333333333333326
2024-04-12,2610,2610,2610,2610,61,0.0
2024-04-15,2605,2605,2605,2605,0,-0.0019157088122605526
2024-04-16,2780,2780,2750,2750,2,0.05566218809980805
2024-04-17,2725,2725,2725,2725,0,-0.009090909090909038
2024-04-18,2725,2725,2725,2725,90,0.0
2024-04-19,2710,2710,2710,2710,0,-0.0055045871559632475
2024-04-22,3110,3110,2470,2975,4,0.0977859778597785
2024-04-23,2770,2770,2770,2770,0,-0.06890756302521006
2024-04-24,2615,2615,2615,2615,0,-0.05595667870036103
2024-04-25,2615,2615,2615,2615,0,0.0
2024-04-26,2620,2620,2620,2620,2,0.0019120458891013214
2024-04-29,2790,2790,2790,2790,1,0.06488549618320616
2024-04-30,2835,2835,2500,2755,4,-0.012544802867383464
2024-05-02,2655,2655,2655,2655,0,-0.0362976406533575
2024-05-03,2655,2655,2655,2655,0,0.0
2024-05-07,2795,2795,2795,2795,1,0.052730696798493515
2024-05-08,2780,2780,2780,2780,0,-0.00536672629695889
2024-05-09,2980,2980,2980,2980,1,0.07194244604316546
2024-05-10,2825,2825,2825,2825,19,-0.052013422818791955
2024-05-13,2810,2810,2810,2810,0,-0.005309734513274322
2024-05-14,2810,2810,2810,2810,35,0.0
2024-05-16,2830,2830,2520,2520,16,-0.10320284697508897
2024-05-17,2840,2840,2510,2645,1885,0.04960317460317465
2024-05-20,2795,2795,2795,2795,1,0.05671077504725908
2024-05-21,2795,2795,2795,2795,0,0.0
2024-05-22,2985,2985,2505,2895,607,0.035778175313059046
2024-05-23,2895,3295,2685,2845,445,-0.01727115716753025
2024-05-24,3195,3195,2795,2795,2,-0.017574692442882234
2024-05-27,2845,2845,2775,2775,2,-0.007155635062611854
2024-05-28,2835,2835,2835,2835,1,0.021621621621621623
2024-05-29,2840,2840,2800,2800,32,-0.012345679012345734
2024-05-30,3190,3190,2915,2915,82,0.04107142857142865
2024-05-31,2890,2890,2890,2890,1,-0.00857632933104635
2024-06-03,3290,3290,2540,3095,4,0.07093425605536341
2024-06-04,2995,2995,2635,2985,7,-0.03554119547657508
2024-06-05,3380,3415,2645,3285,5,0.10050251256281406
2024-06-07,2795,2795,2795,2795,8,-0.1491628614916286
2024-06-10,2995,2995,2995,2995,1,0.07155635062611809
2024-06-11,2895,2895,2555,2775,166,-0.07345575959933226
2024-06-12,2870,2870,2785,2785,2,0.003603603603603567
2024-06-13,3090,3090,2415,2760,33,-0.008976660682226245
2024-06-14,2945,2945,2800,2800,3,0.01449275362318847
2024-06-17,3210,3210,2420,3100,10,0.1071428571428572
2024-06-18,2865,2865,2635,2745,2342,-0.11451612903225805
2024-06-19,3100,3100,2950,2950,2,0.07468123861566478
2024-06-20,3390,3390,2575,3270,4,0.1084745762711865
2024-06-21,2780,2780,2780,2780,11,-0.14984709480122327
2024-06-24,3190,3190,2420,3085,16,0.10971223021582732
2024-06-25,3500,3500,3200,3200,3,0.037277147487844386
2024-06-26,3500,3500,2745,2745,289,-0.14218750000000002
2024-06-27,2740,2740,2740,2740,1,-0.0018214936247723523
2024-06-28,2735,2735,2565,2565,7,-0.06386861313868608
2024-07-01,2800,2800,2800,2800,1,0.09161793372319682
2024-07-02,3000,3000,2700,2700,51,-0.0357142857142857
2024-07-03,2995,2995,2550,2880,51,0.06666666666666665
2024-07-04,3200,3200,3200,3200,1,0.11111111111111116
2024-07-05,3580,3580,2800,2800,4,-0.125
2024-07-08,2790,2790,2600,2785,601,-0.005357142857142838
2024-07-09,3180,3180,2620,2895,6,0.039497307001795434
2024-07-10,3320,3320,2995,2995,2,0.0345423143350605
2024-07-11,2995,3430,2620,2885,13,-0.036727879799666074
2024-07-12,2885,2885,2510,2795,18,-0.03119584055459268
2024-07-15,2795,2795,2795,2795,1,0.0
2024-07-16,2795,2795,2795,2795,0,0.0
2024-07-17,2885,2885,2885,2885,1,0.03220035778175312
2024-07-18,2885,2885,2885,2885,1,0.0
2024-07-19,2885,2885,2885,2885,1,0.0
2024-07-22,2880,2880,2505,2745,543,-0.048526863084922045
2024-07-23,2870,2870,2785,2785,2,0.014571948998178597
2024-07-24,2880,2880,2880,2880,1,0.03411131059245953
2024-07-25,2875,2875,2875,2875,1,-0.0017361111111111605
2024-07-26,2885,2885,2500,2520,119,-0.12347826086956526
2024-07-29,2780,2780,2780,2780,1,0.10317460317460325
2024-07-30,2885,2885,2885,2885,1,0.03776978417266186
2024-07-31,2885,2890,2530,2830,6,-0.01906412478336217
2024-08-01,3235,3235,2525,2885,61,0.019434628975264934
2024-08-02,3295,3295,3295,3295,1,0.14211438474870008
2024-08-05,2805,2805,2805,2805,1,-0.14871016691957506
2024-08-06,2615,2615,2615,2615,0,-0.06773618538324422
2024-08-07,3000,3000,3000,3000,1,0.14722753346080308
2024-08-08,3350,3350,2600,3295,49,0.09833333333333338
2024-08-09,2805,2805,2805,2805,1,-0.14871016691957506
2024-08-12,3190,3190,3190,3190,1,0.13725490196078427
2024-08-13,3190,3640,2715,2715,330,-0.14890282131661448
2024-08-14,3090,3090,2535,2685,273,-0.011049723756906049
2024-08-16,3040,3040,3040,3040,1,0.13221601489757906
2024-08-19,3040,3040,2600,2980,204,-0.019736842105263164
2024-08-20,3380,3380,3085,3085,2,0.03523489932885915
2024-08-21,2625,3000,2625,2795,1384,-0.09400324149108585
2024-08-22,2785,2785,2630,2630,7,-0.05903398926654746
2024-08-23,2990,2990,2640,2640,3,0.0038022813688212143
2024-08-26,2985,2985,2375,2880,4,0.09090909090909083
2024-08-27,3280,3280,2710,2985,4,0.03645833333333326
2024-08-28,3415,3415,3415,3415,1,0.14405360134003353
2024-08-29,2905,2905,2905,2905,0,-0.14934114202049775
2024-08-30,3280,3280,2535,3100,3,0.06712564543889843
2024-09-02,3540,3540,2635,2635,72,-0.15000000000000002
2024-09-03,2990,2990,2990,2990,1,0.13472485768500952
2024-09-04,3390,3390,2550,2550,4094,-0.14715719063545152
2024-09-05,2850,2850,2455,2685,312,0.05294117647058827
2024-09-06,3000,3000,2525,2800,3,0.04283054003724396
2024-09-09,3190,3190,2555,2800,8,0.0
2024-09-10,3070,3070,2505,2800,5,0.0
2024-09-11,2645,2650,2525,2645,80,-0.05535714285714288
2024-09-12,2900,2900,2425,2595,4,-0.018903591682419618
2024-09-13,2900,2900,2585,2585,2872,-0.003853564547206201
2024-09-19,2890,2890,2600,2600,19,0.005802707930367523
2024-09-20,2890,2985,2250,2600,341,0.0
2024-09-23,2800,2800,2450,2595,5,-0.0019230769230769162
2024-09-24,2600,2600,2600,2600,2,0.0019267822736031004
2024-09-25,2790,2790,2595,2595,3,-0.0019230769230769162
2024-09-26,2700,2700,2400,2500,905,-0.036608863198458574
2024-09-27,2500,2500,2495,2500,665,0.0
2024-09-30,2800,2800,2590,2590,2,0.03600000000000003
2024-10-02,2590,2590,2590,2590,1,0.0
2024-10-04,2800,2800,2800,2800,2,0.08108108108108114
2024-10-07,3200,3200,2400,2600,4,-0.0714285714285714
2024-10-08,2895,2895,2320,2585,53,-0.005769230769230749
2024-10-10,2880,2880,2880,2880,1,0.11411992263056092
2024-10-11,2880,2880,2880,2880,1,0.0
2024-10-14,2880,2990,2800,2800,3,-0.02777777777777779
2024-10-15,2990,2990,2455,2795,3,-0.0017857142857142794
2024-10-16,3000,3000,3000,3000,1,0.07334525939177095
2024-10-17,2995,3445,2550,2975,8,-0.008333333333333304
2024-10-18,3100,3395,2530,2980,177,0.001680672268907557
2024-10-21,3100,3100,2540,3000,24,0.006711409395973256
2024-10-22,2990,2990,2555,2970,102,-0.010000000000000009
2024-10-23,3200,3200,2795,2795,2,-0.05892255892255893
2024-10-24,2800,3200,2700,2745,33,-0.017889087656529523
2024-10-25,3100,3100,2400,2980,3,0.08561020036429867
2024-10-28,3095,3095,3075,3075,2,0.03187919463087252
2024-10-29,2615,2980,2615,2960,222,-0.0373983739837398
2024-10-30,3100,3100,2540,2955,5,-0.0016891891891891442
2024-10-31,3180,3385,2535,3295,60,0.11505922165820648
2024-11-01,3495,3495,2805,3400,35,0.03186646433990892
2024-11-04,3395,3395,2890,2890,2,-0.15000000000000002
2024-11-05,2890,3320,2505,2890,7,0.0
2024-11-06,2890,3310,2475,3285,50,0.1366782006920415
2024-11-07,2795,3275,2795,3275,53,-0.0030441400304414
2024-11-08,3265,3265,3265,3265,0,-0.003053435114503844
2024-11-11,2780,3250,2780,3250,32,-0.004594180704441064
2024-11-12,2765,2765,2765,2765,1,-0.14923076923076928
2024-11-13,3175,3175,2415,2895,5,0.047016274864376095
2024-11-14,2650,2890,2500,2890,230,-0.0017271157167529916
2024-11-15,3150,3150,2645,3145,33,0.08823529411764697
2024-11-18,3145,3145,2675,3115,7,-0.009538950715421324
2024-11-19,2790,2790,2790,2790,1,-0.1043338683788122
2024-11-20,3200,3200,2410,2410,8,-0.1362007168458781
2024-11-21,2765,2765,2695,2695,2,0.1182572614107884
2024-11-22,3090,3090,2305,3000,3,0.1131725417439704
2024-11-25,3190,3190,2550,2690,1770,-0.10333333333333339
2024-11-26,3000,3000,2405,2895,3,0.07620817843866168
2024-11-27,3315,3315,2500,3000,4,0.03626943005181338
2024-11-28,3400,3400,3100,3100,5,0.03333333333333344
2024-11-29,3195,3195,2700,2995,5,-0.03387096774193543
2024-12-02,3290,3290,2550,2700,77,-0.09849749582637735
2024-12-03,2900,2900,2325,2890,22,0.07037037037037042
2024-12-04,3315,3315,2460,3095,8,0.07093425605536341
2024-12-05,3555,3555,3495,3495,2,0.12924071082390953
2024-12-06,2975,2975,2975,2975,1,-0.14878397711015734
2024-12-09,3190,3190,2530,2895,104,-0.026890756302521024
2024-12-10,3310,3310,3065,3065,2,0.058721934369602824
2024-12-11,2610,2610,2610,2610,1,-0.14845024469820556
2024-12-12,2995,2995,2255,2800,5,0.07279693486590033
2024-12-13,3190,3190,2410,2900,7,0.03571428571428581
2024-12-16,3125,3125,2945,2945,2,0.01551724137931032
2024-12-17,3190,3190,2505,2505,1156,-0.14940577249575548
2024-12-18,2800,2800,2500,2600,3,0.03792415169660668
2024-12-19,2595,2595,2505,2505,220,-0.03653846153846152
2024-12-20,2880,2880,2505,2505,2000,0.0
2024-12-23,2555,2555,2555,2555,1,0.019960079840319445
2024-12-24,2555,2555,2555,2555,1,0.0
2024-12-26,2925,2925,2925,2925,1,0.14481409001956957
2024-12-27,2800,2800,2800,2800,0,-0.042735042735042694
2024-12-30,2790,2790,2790,2790,0,-0.0035714285714285587
2025-01-02,2410,2570,2405,2570,1809,-0.07885304659498205
2025-01-03,2900,2900,2585,2585,2,0.005836575875486361
2025-01-06,2950,2950,2410,2700,7,0.044487427466150864
2025-01-07,2980,2980,2370,2740,4,0.014814814814814836
2025-01-08,2695,2695,2695,2695,1,-0.01642335766423353
2025-01-09,2415,2645,2415,2645,2,-0.01855287569573283
2025-01-10,2595,2595,2300,2495,2031,-0.056710775047258966
2025-01-13,2155,2695,2155,2695,8,0.08016032064128265
2025-01-14,2655,2655,2320,2655,4,-0.014842300556586308
2025-01-15,2635,2635,2635,2635,0,-0.007532956685499026
2025-01-16,2900,2900,2400,2560,2103,-0.028462998102466774
2025-01-17,2900,2900,2400,2695,289,0.052734375
2025-01-20,2990,2990,2415,2875,6,0.06679035250463827
2025-01-21,3250,3250,2445,2895,2504,0.006956521739130528
2025-01-22,2465,2900,2465,2500,962,-0.13644214162348878
2025-01-23,2870,2870,2305,2785,4,0.1140000000000001
2025-01-24,3090,3090,2780,2780,2,-0.0017953321364452268
2025-01-31,2890,2890,2785,2785,2,0.0017985611510791255
2025-02-03,2895,2895,2775,2775,2,-0.0035906642728904536
2025-02-04,3180,3180,3180,3180,1,0.145945945945946
2025-02-05,2985,2985,2985,2985,1,-0.061320754716981174
2025-02-06,3415,3415,2550,2995,4,0.003350083752093891
2025-02-07,2600,2985,2550,2975,152,-0.006677796327211993
2025-02-10,2965,2965,2965,2965,0,-0.003361344537815114
2025-02-11,3395,3395,2525,2940,6,-0.00843170320404718
2025-02-12,3320,3320,2500,3035,5,0.03231292517006801
2025-02-13,3300,3300,2895,2895,2,-0.04612850082372322
2025-02-14,3270,3270,2465,2865,14,-0.010362694300518172
2025-02-17,3190,3190,2440,2695,4,-0.05933682373472948
2025-02-18,3000,3000,2320,2845,3,0.0556586270871986
2025-02-19,2890,2890,2420,2790,105,-0.019332161687170446
2025-02-20,3200,3200,2430,2840,30,0.017921146953405076
2025-02-21,3160,3160,2475,2895,6,0.01936619718309851
2025-02-24,3320,3320,2875,2875,2,-0.006908462867012077
2025-02-25,3295,3295,2445,2875,3,0.0
2025-02-26,3290,3290,2445,2850,10,-0.008695652173912993
2025-02-27,3215,3215,2800,2800,3,-0.01754385964912286
2025-02-28,3090,3090,2380,2800,8,0.0
2025-03-04,2895,2895,2865,2865,2,0.023214285714285632
2025-03-05,3280,3280,2455,2995,8,0.04537521815008727
2025-03-06,2985,2985,2550,2550,139,-0.1485809682804674
2025-03-07,2910,2910,2210,2700,34,0.05882352941176472
2025-03-10,3100,3100,2875,2875,6,0.06481481481481488
2025-03-11,2900,2900,2450,2785,9,-0.03130434782608693
2025-03-12,2770,2770,2770,2770,9,-0.0053859964093356805
2025-03-13,2990,2990,2885,2885,4,0.041516245487364545
2025-03-14,3040,3040,2460,2870,25,-0.005199306759098743
2025-03-17,2990,2990,2855,2855,2,-0.005226480836236891
2025-03-18,3230,3230,2880,2880,2,0.008756567425569184
2025-03-19,2460,2870,2460,2860,5,-0.00694444444444442
2025-03-20,3180,3180,2440,2860,5,0.0
2025-03-21,3190,3190,2440,2920,3,0.020979020979021046
2025-03-24,2795,2795,2795,2795,0,-0.042808219178082196
2025-03-25,2755,2755,2755,2755,0,-0.014311270125223596
2025-03-26,2735,2735,2735,2735,2,-0.007259528130671544
2025-03-27,3090,3090,2355,2615,129,-0.04387568555758681
2025-03-28,2900,2900,2300,2850,138,0.089866156787763
2025-03-31,3190,3190,2430,2500,408,-0.1228070175438597
2025-04-01,2490,2490,2150,2445,3257,-0.02200000000000002
2025-04-02,2750,2750,2750,2750,1,0.12474437627811863
2025-04-03,2340,2340,2340,2340,62,-0.14909090909090905
2025-04-04,2640,2640,2510,2510,5,0.07264957264957261
2025-04-07,2740,2740,2250,2455,2048,-0.021912350597609542
2025-04-08,2735,2735,2140,2445,178,-0.004073319755600768
2025-04-09,2385,2385,2260,2350,106,-0.03885480572597133
2025-04-10,2680,2680,2455,2455,2,0.044680851063829685
2025-04-11,2690,2690,2260,2575,3,0.048879837067209886
2025-04-14,2710,2710,2710,2710,1,0.05242718446601935
2025-04-15,2710,2710,2305,2395,426,-0.1162361623616236
2025-04-16,2390,2390,2150,2295,1902,-0.04175365344467641
2025-04-17,2590,2590,2535,2535,2,0.10457516339869288
2025-04-18,2735,2735,2735,2735,1,0.07889546351084809
2025-04-21,2685,2685,2325,2325,14,-0.14990859232175502
2025-04-22,2290,2290,2220,2245,291,-0.03440860215053765
2025-04-23,2245,2245,2115,2245,15,0.0
2025-04-24,2550,2550,2120,2240,3,-0.00222717149220486
2025-04-25,2490,2490,2140,2380,5,0.0625
2025-04-28,2550,2550,2150,2250,170,-0.054621848739495826
2025-04-29,2570,2570,2100,2470,28,0.09777777777777774
2025-04-30,2735,2735,2165,2230,3,-0.09716599190283404
2025-05-02,2460,2460,2460,2460,1,0.10313901345291487
2025-05-07,2790,2790,2165,2625,4,0.06707317073170738
2025-05-08,2980,2980,2235,2235,642,-0.14857142857142858
2025-05-09,2565,2565,2070,2400,103,0.0738255033557047
2025-05-12,2670,2670,2670,2670,1,0.11250000000000004
2025-05-13,2270,2270,2270,2270,524,-0.14981273408239704
2025-05-14,2600,2600,2600,2600,1,0.14537444933920707
2025-05-15,2975,2975,2210,2835,497,0.09038461538461529
2025-05-16,2410,2410,2410,2410,0,-0.1499118165784833
2025-05-19,2700,2700,2700,2700,1,0.1203319502074689
2025-05-20,2690,2690,2690,2690,1,-0.0037037037037036535
2025-05-21,2685,2685,2685,2685,1,-0.0018587360594795044
2025-05-22,2285,2480,2285,2285,212,-0.14897579143389195
2025-05-23,2495,2495,2200,2280,102,-0.002188183807439792
2025-05-26,2265,2265,2265,2265,0,-0.006578947368421018
2025-05-27,2265,2265,2020,2255,13,-0.004415011037527616
2025-05-28,2570,2570,1999,2245,135,-0.0044345898004434225
2025-05-29,2570,2570,2000,2250,3,0.00222717149220486
2025-05-30,2540,2540,2280,2285,152,0.015555555555555545
2025-06-02,2615,2615,2245,2245,2,-0.017505470459518557
2025-06-04,1999,2230,1999,2230,2,-0.006681514476614692
2025-06-05,2015,2550,2015,2200,555,-0.013452914798206317
2025-06-09,2200,2500,2200,2500,6,0.13636363636363646
2025-06-10,2125,2125,2125,2125,410,-0.15000000000000002
2025-06-11,2125,2125,2125,2125,13,0.0
2025-06-12,1902,2125,1902,2120,81,-0.0023529411764705577
2025-06-13,2120,2120,1920,2110,37,-0.004716981132075526
2025-06-16,2420,2420,2110,2110,11,0.0
2025-06-17,2410,2410,2110,2110,12,0.0
2025-06-18,2110,2110,2110,2110,11,0.0
2025-06-19,2110,2110,1888,2100,34,-0.004739336492891044
2025-06-20,2100,2100,2095,2095,11,-0.0023809523809523725
2025-06-23,2100,2100,2100,2100,1,0.0023866348448686736
2025-06-24,2100,2100,2090,2100,85,0.0
2025-06-25,2410,2410,1890,2090,605,-0.004761904761904745
2025-06-26,2400,2400,2090,2090,2,0.0
2025-06-27,2300,2300,2000,2100,184,0.004784688995215225
2025-06-30,2415,2415,1954,2095,6,-0.0023809523809523725
2025-07-01,2300,2300,1888,2095,4,0.0
2025-07-02,2400,2400,2000,2100,134,0.0023866348448686736
2025-07-03,2010,2085,2005,2080,591,-0.00952380952380949
2025-07-04,2385,2385,2075,2075,12,-0.0024038461538461453
2025-07-07,2370,2370,2060,2095,982,0.009638554216867545
2025-07-08,2090,2090,2000,2090,3,-0.0023866348448687846
2025-07-09,2090,2090,2085,2085,11,-0.0023923444976076125
2025-07-10,2390,2390,2005,2095,23,0.004796163069544335
2025-07-11,2395,2395,2395,2395,1,0.1431980906921242
2025-07-14,2300,2300,2040,2195,4,-0.08350730688935282
2025-07-15,2510,2510,2195,2195,2,0.0
2025-07-16,2195,2195,2195,2195,1,0.0
2025-07-17,2510,2510,1887,2185,5,-0.004555808656036442
2025-07-18,2185,2185,2180,2180,2,-0.0022883295194507935
2025-07-21,2390,2390,2000,2075,1340,-0.04816513761467889
2025-07-22,2065,2065,1801,2045,1239,-0.014457831325301207
2025-07-23,2295,2295,1910,2005,110,-0.019559902200488977
2025-07-24,2100,2100,2100,2100,1,0.04738154613466339
2025-07-25,2400,2400,1904,2395,4,0.14047619047619042
2025-07-28,2395,2690,2040,2040,69,-0.1482254697286013
2025-07-29,2040,2040,2000,2040,22,0.0
2025-07-30,2335,2335,2090,2090,2,0.02450980392156854
2025-07-31,2050,2050,1825,2045,3,-0.021531100478468845
2025-08-01,2045,2045,1802,2040,3,-0.0024449877750610804
2025-08-04,2000,2035,2000,2000,59,-0.019607843137254943
2025-08-05,2295,2295,2000,2030,17,0.014999999999999902
2025-08-06,2100,2100,2000,2080,6,0.024630541871921263
2025-08-07,2080,2080,2050,2050,21,-0.014423076923076872
2025-08-08,1970,2040,1970,2040,12,-0.004878048780487809
2025-08-11,2035,2035,2035,2035,10,-0.002450980392156854
2025-08-12,2035,2035,2030,2030,11,-0.002457002457002422
2025-08-13,2325,2325,2325,2325,1,0.14532019704433496
2025-08-14,2300,2300,2300,2300,1,-0.010752688172043001
2025-08-18,2300,2300,2300,2300,1,0.0
2025-08-19,2300,2300,2190,2190,3,-0.047826086956521685
2025-08-20,2100,2100,2100,2100,0,-0.04109589041095896
2025-08-21,1801,2050,1801,2020,79,-0.03809523809523807
2025-08-22,2020,2020,2020,2020,1,0.0
2025-08-25,2000,2000,1832,2000,52,-0.00990099009900991
2025-08-26,2100,2100,2040,2040,22,0.020000000000000018
2025-08-27,2345,2345,1761,2290,5,0.12254901960784315
2025-08-28,2500,2500,1957,2490,111,0.0873362445414847
2025-08-29,2120,2120,2120,2120,1,-0.14859437751004012
2025-09-01,2430,2430,1808,2370,5,0.11792452830188682
2025-09-02,2015,2015,2015,2015,104,-0.14978902953586493
2025-09-03,2190,2190,1733,2050,3,0.017369727047146455
2025-09-04,1999,1999,1999,1999,0,-0.024878048780487827
2025-09-05,2275,2275,1721,1721,2,-0.1390695347673837
2025-09-08,1979,1979,1979,1979,64,0.1499128413712958
2025-09-09,1999,1999,1999,1999,45,0.010106114199090355
2025-09-10,1998,1999,1998,1999,28,0.0
2025-09-11,2195,2195,1999,1999,3,0.0
2025-09-12,2100,2100,1769,2000,6,0.0005002501250626068
2025-09-15,2295,2295,2295,2295,1,0.14749999999999996
2025-09-16,2245,2245,2245,2245,1,-0.02178649237472763
2025-09-17,2245,2245,2230,2230,15,-0.006681514476614692
2025-09-18,2220,2220,2220,2220,21,-0.004484304932735439
2025-09-19,2240,2240,1951,2210,27,-0.0045045045045044585
2025-09-22,2240,2240,1911,2225,52,0.006787330316742057
2025-09-23,2245,2245,2245,2245,1,0.008988764044943753
2025-09-24,2245,2245,2245,2245,1,0.0
2025-09-25,1950,1950,1950,1950,1,-0.13140311804008908
2025-09-26,1951,2235,1951,2195,4,0.12564102564102564
2025-09-29,2195,2195,2195,2195,0,0.0
2025-09-30,2190,2190,2190,2190,0,-0.002277904328018221
2025-10-01,2000,2000,2000,2000,101,-0.08675799086757996
2025-10-02,2000,2000,2000,2000,0,0.0
2025-10-10,2000,2000,2000,2000,0,0.0
2025-10-13,2000,2000,2000,2000,0,0.0
2025-10-14,2000,2000,2000,2000,0,0.0
2025-10-15,2150,2150,1741,2150,5,0.07499999999999996
2025-10-16,1851,2130,1851,2130,42,-0.009302325581395321
2025-10-17,2180,2180,2180,2180,1,0.023474178403755763
2025-10-20,2000,2000,2000,2000,1,-0.08256880733944949
2025-10-21,1721,1721,1721,1721,1,-0.13949999999999996
2025-10-22,1979,1979,1731,1979,6,0.1499128413712958
2025-10-23,2095,2095,2095,2095,1,0.05861546235472459
2025-10-24,2185,2185,2185,2185,1,0.042959427207637235
2025-10-27,2185,2185,1871,1999,16,-0.08512585812356976
2025-10-28,1998,1999,1900,1999,256,0.0
2025-10-29,1999,1999,1900,1995,7,-0.002001000500250094
2025-10-30,1900,1995,1900,1995,11,0.0
2025-10-31,2290,2290,1900,1995,13,0.0
2025-11-03,1995,1995,1900,1995,13,0.0
2025-11-04,2200,2200,1800,1990,12,-0.0025062656641604564
2025-11-05,2280,2280,2275,2275,3,0.14321608040200995
2025-11-06,2610,2610,1939,2195,9,-0.03516483516483515
2025-11-07,2195,2195,2100,2100,12,-0.0432801822323462
2025-11-10,2410,2410,1801,1804,5,-0.14095238095238094
2025-11-11,2065,2065,2065,2065,2,0.14467849223946794
2025-11-12,2300,2300,2295,2295,2,0.11138014527845042
2025-11-13,2395,2395,1956,2380,942,0.03703703703703698
2025-11-14,2690,2690,2025,2350,154,-0.012605042016806678
2025-11-17,2690,2690,2000,2200,183,-0.06382978723404253
2025-11-18,2190,2190,1881,2100,3,-0.045454545454545414
2025-11-19,2390,2390,2170,2170,2,0.03333333333333344
2025-11-20,2490,2490,1848,2400,3,0.10599078341013835
2025-11-21,2755,2755,2485,2485,3,0.03541666666666665
2025-11-24,2840,2840,2115,2495,4,0.004024144869215318
2025-11-25,2390,2390,2390,2390,0,-0.04208416833667339
2025-11-26,2590,2590,2035,2395,254,0.0020920502092049986
2025-11-27,2695,2695,2045,2395,32,0.0
2025-11-28,2590,2590,2280,2280,3,-0.04801670146137782
2025-12-01,2590,2590,1943,2470,10,0.08333333333333326
2025-12-02,2820,2820,2595,2595,2,0.0506072874493928
