Date,Open,High,Low,Close,Volume,Change
2022-01-03,5000,5000,4810,4915,36000,0.003061224489795844
2022-01-04,4900,4990,4900,4970,34639,0.011190233977619535
2022-01-05,4955,5040,4915,4915,29834,-0.01106639839034207
2022-01-06,4805,4915,4755,4860,33862,-0.011190233977619535
2022-01-07,4830,4895,4800,4855,29206,-0.0010288065843621075
2022-01-10,4880,4890,4720,4750,31205,-0.02162718846549949
2022-01-11,4700,4735,4465,4550,78324,-0.04210526315789476
2022-01-12,4550,4945,4550,4860,141006,0.06813186813186811
2022-01-13,4920,4920,4810,4850,43000,-0.002057613168724326
2022-01-14,4835,4835,4725,4790,16763,-0.012371134020618513
2022-01-17,4720,4745,4570,4635,37361,-0.03235908141962418
2022-01-18,4605,4615,4475,4475,20359,-0.034519956850053934
2022-01-19,4340,4440,4235,4385,26211,-0.020111731843575398
2022-01-20,4340,4520,4315,4520,29427,0.03078677309007971
2022-01-21,4520,4525,4410,4450,19781,-0.015486725663716783
2022-01-24,4370,4390,4240,4275,21105,-0.0393258426966292
2022-01-25,4210,4235,4050,4125,31495,-0.03508771929824561
2022-01-26,4100,4145,4080,4100,15307,-0.0060606060606061
2022-01-27,4110,4125,3950,4090,38523,-0.0024390243902439046
2022-01-28,4055,4165,3965,4150,21673,0.014669926650366705
2022-02-03,4200,4335,4185,4320,33337,0.04096385542168668
2022-02-04,4330,4385,4320,4345,20116,0.0057870370370369795
2022-02-07,4350,4430,4205,4330,38861,-0.0034522439585730202
2022-02-08,4370,4370,4240,4245,29429,-0.019630484988452657
2022-02-09,4245,4365,4245,4355,8489,0.025912838633686652
2022-02-10,4420,4480,4330,4355,17014,0.0
2022-02-11,4330,4335,4205,4210,14371,-0.033295063145809434
2022-02-14,4160,4160,4000,4070,21572,-0.0332541567695962
2022-02-15,4030,4055,3990,4005,20940,-0.01597051597051602
2022-02-16,4020,4200,4015,4185,28282,0.04494382022471921
2022-02-17,4185,4200,4100,4185,28229,0.0
2022-02-18,4140,4280,4100,4260,18954,0.017921146953405076
2022-02-21,4255,4440,4215,4345,28697,0.0199530516431925
2022-02-22,4320,4320,4215,4215,13505,-0.029919447640966657
2022-02-23,4215,4300,4195,4300,23432,0.02016607354685651
2022-02-24,4310,4325,4150,4150,20801,-0.03488372093023251
2022-02-25,4150,5350,4150,4260,1088642,0.026506024096385472
2022-02-28,4270,4320,4215,4270,90361,0.0023474178403755097
2022-03-02,4270,4300,4205,4250,59848,-0.004683840749414525
2022-03-03,4285,4315,4210,4270,49426,0.004705882352941115
2022-03-04,4230,4315,4230,4295,50647,0.005854800936768045
2022-03-07,4295,4310,4200,4290,38488,-0.0011641443538998875
2022-03-08,4225,4280,4185,4205,39012,-0.019813519813519864
2022-03-10,4205,4350,4205,4305,23276,0.02378121284185486
2022-03-11,4345,4465,4305,4425,58839,0.027874564459930307
2022-03-14,4425,4525,4395,4435,36539,0.002259887005649608
2022-03-15,4390,4495,4390,4455,24092,0.004509582863585049
2022-03-16,4455,4465,4425,4455,12035,0.0
2022-03-17,4500,4510,4440,4470,30647,0.0033670033670034627
2022-03-18,4480,4585,4445,4450,34382,-0.004474272930648726
2022-03-21,4490,4520,4450,4460,23319,0.0022471910112360494
2022-03-22,4505,4505,4445,4470,15323,0.0022421524663676085
2022-03-23,4475,4495,4435,4475,27801,0.0011185682326622093
2022-03-24,4475,4510,4460,4480,11575,0.0011173184357542443
2022-03-25,4505,4520,4460,4470,9996,-0.0022321428571429047
2022-03-28,4515,4525,4470,4495,12169,0.005592841163311046
2022-03-29,4495,4545,4475,4540,31300,0.010011123470522909
2022-03-30,4580,4625,4515,4600,42411,0.013215859030837107
2022-03-31,4650,5100,4600,4715,447892,0.02499999999999991
2022-04-01,4715,4850,4715,4765,60040,0.010604453870625585
2022-04-04,4715,4725,4610,4625,79509,-0.029380902413431276
2022-04-05,4625,4685,4600,4685,45703,0.012972972972973063
2022-04-06,4675,4675,4560,4585,31614,-0.021344717182497308
2022-04-07,4535,4570,4455,4455,37895,-0.028353326063249695
2022-04-08,4430,4470,4390,4470,19637,0.0033670033670034627
2022-04-11,4445,4515,4410,4505,34658,0.007829977628635243
2022-04-12,4460,4480,4345,4445,22225,-0.013318534961154316
2022-04-13,4445,4525,4445,4520,20620,0.01687289088863886
2022-04-14,4540,4550,4485,4525,16578,0.0011061946902655162
2022-04-15,4525,4525,4455,4485,14731,-0.008839779005524906
2022-04-18,4485,4595,4485,4570,26032,0.018952062430323213
2022-04-19,4525,4630,4525,4570,16759,0.0
2022-04-20,4580,4645,4570,4600,19689,0.006564551422319376
2022-04-21,4600,4655,4600,4610,29619,0.0021739130434783593
2022-04-22,4585,4630,4530,4630,18755,0.00433839479392617
2022-04-25,4590,4595,4380,4405,48447,-0.04859611231101513
2022-04-26,4405,4530,4405,4500,35678,0.02156640181611813
2022-04-27,4445,4480,4380,4420,19914,-0.01777777777777778
2022-04-28,4385,4420,4305,4390,25662,-0.006787330316742057
2022-04-29,4350,4430,4340,4370,30198,-0.004555808656036442
2022-05-02,4350,4410,4335,4380,22535,0.0022883295194509046
2022-05-03,4420,4490,4400,4465,23668,0.019406392694063967
2022-05-04,4465,4625,4420,4440,69204,-0.005599104143337086
2022-05-06,4395,4425,4315,4400,20053,-0.009009009009009028
2022-05-09,4360,4360,4225,4250,24111,-0.03409090909090906
2022-05-10,4200,4225,4040,4200,30127,-0.0117647058823529
2022-05-11,4155,4245,4150,4200,17996,0.0
2022-05-12,4200,4240,4025,4085,24977,-0.027380952380952395
2022-05-13,4085,4150,4065,4100,17472,0.003671970624234966
2022-05-16,4180,4680,4125,4130,227668,0.007317073170731714
2022-05-17,4140,4315,4140,4220,34036,0.021791767554479424
2022-05-18,4230,4300,4175,4200,36306,-0.004739336492891044
2022-05-19,4185,4185,4100,4165,15634,-0.008333333333333304
2022-05-20,4150,4205,4150,4200,13301,0.008403361344537785
2022-05-23,4215,4220,4150,4205,13243,0.0011904761904761862
2022-05-24,4205,4205,4135,4135,9494,-0.01664684898929847
2022-05-25,4120,4160,4045,4120,8931,-0.0036275695284159193
2022-05-26,4085,4185,4085,4170,5195,0.012135922330097193
2022-05-27,4185,4185,4150,4165,6845,-0.0011990407673860837
2022-05-30,4165,4230,4165,4225,20135,0.014405762304922076
2022-05-31,4220,4225,4170,4225,10350,0.0
2022-06-02,4165,4200,4145,4200,14479,-0.00591715976331364
2022-06-03,4200,4215,4180,4200,11308,0.0
2022-06-07,4200,4220,4150,4155,9001,-0.010714285714285676
2022-06-08,4155,4175,4145,4175,8393,0.004813477737665384
2022-06-09,4160,4195,4095,4150,12674,-0.005988023952095856
2022-06-10,4150,4150,4095,4140,10399,-0.002409638554216831
2022-06-13,4030,4120,3725,3960,65104,-0.04347826086956519
2022-06-14,3880,3895,3750,3895,31576,-0.016414141414141437
2022-06-15,3850,3850,3710,3790,14323,-0.02695763799743256
2022-06-16,3785,3900,3735,3735,13274,-0.014511873350923521
2022-06-17,3530,3725,3455,3600,38621,-0.03614457831325302
2022-06-20,3600,3670,3340,3445,14645,-0.043055555555555514
2022-06-21,3420,3640,3365,3640,21274,0.05660377358490565
2022-06-22,3660,3665,3420,3420,15898,-0.06043956043956045
2022-06-23,3420,3440,3165,3165,26634,-0.07456140350877194
2022-06-24,3165,3400,3165,3400,20960,0.07424960505529232
2022-06-27,3450,3530,3385,3530,16582,0.038235294117647145
2022-06-28,3565,3580,3440,3535,8426,0.0014164305949009304
2022-06-29,3535,3580,3445,3540,3454,0.0014144271570013522
2022-06-30,3540,3580,3335,3335,9902,-0.057909604519774005
2022-07-01,3335,3395,3235,3300,8541,-0.010494752623688153
2022-07-04,3300,3380,3240,3380,14751,0.024242424242424176
2022-07-05,3380,3450,3330,3450,7543,0.020710059171597628
2022-07-06,3500,3830,3375,3380,40352,-0.020289855072463725
2022-07-07,3400,3495,3360,3425,3767,0.013313609467455523
2022-07-08,3460,3530,3455,3500,2169,0.021897810218978186
2022-07-11,3495,3535,3470,3495,2425,-0.0014285714285714457
2022-07-12,3495,3505,3460,3490,1751,-0.0014306151645206988
2022-07-13,3490,3505,3460,3500,2906,0.002865329512893977
2022-07-14,3500,3550,3465,3540,4025,0.011428571428571344
2022-07-15,3540,3565,3505,3560,5279,0.005649717514124353
2022-07-18,3535,3600,3535,3585,4826,0.0070224719101124045
2022-07-19,3585,3750,3550,3620,8962,0.009762900976290068
2022-07-20,3680,3680,3555,3625,14142,0.0013812154696133394
2022-07-21,3675,3675,3585,3640,7933,0.004137931034482678
2022-07-22,3675,3675,3580,3630,2882,-0.0027472527472527375
2022-07-25,3630,3630,3515,3580,10067,-0.01377410468319562
2022-07-26,3580,3580,3540,3570,6819,-0.0027932960893854997
2022-07-27,3570,3615,3550,3595,9016,0.007002801120448154
2022-07-28,3600,3630,3570,3620,9065,0.006954102920723182
2022-07-29,3630,3690,3600,3660,14669,0.011049723756906049
2022-08-01,3660,3680,3610,3660,6838,0.0
2022-08-02,3660,3675,3610,3620,5169,-0.010928961748633892
2022-08-03,3610,3680,3600,3610,16005,-0.002762430939226568
2022-08-04,3665,3665,3575,3625,7282,0.0041551246537396835
2022-08-05,3655,3655,3610,3645,4839,0.0055172413793103114
2022-08-08,3645,3660,3610,3630,9921,-0.004115226337448541
2022-08-09,3630,3630,3595,3620,9957,-0.0027548209366391463
2022-08-10,3600,3655,3600,3645,10923,0.006906077348066253
2022-08-11,3645,3695,3625,3680,18129,0.009602194787379892
2022-08-12,3680,3695,3625,3690,14030,0.0027173913043478937
2022-08-16,3690,3700,3650,3670,8488,-0.005420054200542035
2022-08-17,3670,3685,3540,3625,15106,-0.012261580381471404
2022-08-18,3580,3580,3500,3545,25758,-0.022068965517241357
2022-08-19,3525,3630,3505,3545,15289,0.0
2022-08-22,3465,3540,3400,3460,15742,-0.023977433004231274
2022-08-23,3435,3455,3360,3360,15774,-0.028901734104046284
2022-08-24,3355,3445,3325,3445,12727,0.02529761904761907
2022-08-25,3460,3530,3445,3485,9276,0.011611030478954953
2022-08-26,3545,3545,3485,3520,15429,0.010043041606886627
2022-08-29,3500,3500,3365,3370,11497,-0.042613636363636354
2022-08-30,3350,3390,3350,3370,22125,0.0
2022-08-31,3370,3440,3350,3405,11242,0.010385756676557945
2022-09-01,3410,3440,3335,3340,17429,-0.019089574155653488
2022-09-02,3310,3360,3290,3340,15179,0.0
2022-09-05,3320,3460,3310,3460,38467,0.03592814371257491
2022-09-06,3500,4070,3500,3780,1002750,0.09248554913294793
2022-09-07,3780,3835,3510,3715,91463,-0.01719576719576721
2022-09-08,3650,3690,3630,3675,32476,-0.010767160161507361
2022-09-13,3675,3725,3670,3680,26555,0.0013605442176871652
2022-09-14,3630,3640,3565,3600,19484,-0.021739130434782594
2022-09-15,3600,3690,3585,3650,14029,0.01388888888888884
2022-09-16,3610,3655,3585,3655,18119,0.00136986301369868
2022-09-19,3605,4200,3500,3510,945065,-0.03967168262653897
2022-09-20,3535,4200,3535,3855,2296512,0.09829059829059839
2022-09-21,3855,4590,3725,4060,3053538,0.05317769130998706
2022-09-22,4105,4300,3845,3870,717857,-0.046798029556650245
2022-09-23,3850,3980,3615,3700,204127,-0.043927648578811374
2022-09-26,3650,3650,3260,3310,124170,-0.10540540540540544
2022-09-27,3305,4085,3265,3545,2191401,0.07099697885196377
2022-09-28,3665,3895,3300,3480,730417,-0.01833568406205921
2022-09-29,3520,3715,3460,3460,180036,-0.005747126436781658
2022-09-30,3460,3720,3425,3460,155193,0.0
2022-10-04,3510,3640,3500,3510,34520,0.014450867052023142
2022-10-05,3590,3670,3450,3515,173303,0.0014245014245013454
2022-10-06,3530,3585,3505,3565,70899,0.014224751066856278
2022-10-07,3565,3655,3545,3550,45395,-0.0042075736325385416
2022-10-11,3575,3575,3430,3455,38076,-0.026760563380281654
2022-10-12,3410,3490,3300,3380,49883,-0.02170767004341534
2022-10-13,3375,3375,3170,3245,32463,-0.0399408284023669
2022-10-14,3255,3470,3200,3395,72962,0.046224961479198745
2022-10-17,3395,3460,3360,3440,16076,0.013254786450662692
2022-10-18,3440,3680,3440,3515,77864,0.021802325581395277
2022-10-19,3520,3575,3495,3560,23662,0.012802275960170695
2022-10-20,3625,3625,3440,3480,11971,-0.022471910112359605
2022-10-21,3445,3465,3330,3350,15639,-0.03735632183908044
2022-10-24,3440,3500,3395,3450,23634,0.029850746268656803
2022-10-25,3465,3490,3425,3490,11627,0.011594202898550732
2022-10-26,3490,3490,3340,3400,23450,-0.025787965616045794
2022-10-27,3430,3435,3310,3395,27273,-0.0014705882352941124
2022-10-28,3385,3515,3295,3370,54001,-0.007363770250368162
2022-10-31,3370,3485,3340,3400,50844,0.008902077151335286
2022-11-01,3370,3430,3350,3420,25271,0.00588235294117645
2022-11-02,3450,3450,3370,3370,15833,-0.014619883040935644
2022-11-03,3365,3370,3285,3365,14340,-0.0014836795252225476
2022-11-04,3315,3860,3290,3495,739807,0.038632986627043175
2022-11-07,3525,3700,3495,3610,60400,0.03290414878397718
2022-11-08,3615,3680,3570,3655,18235,0.012465373961218829
2022-11-09,3635,3690,3615,3635,11348,-0.005471956224350261
2022-11-10,3655,3665,3570,3645,10102,0.0027510316368637433
2022-11-11,3680,3715,3645,3650,48290,0.00137174211248281
2022-11-14,3650,3795,3650,3775,36526,0.03424657534246567
2022-11-15,3780,3995,3780,3975,73581,0.052980132450331174
2022-11-16,4080,4340,4060,4340,233022,0.09182389937106916
2022-11-17,4340,4340,4145,4265,64556,-0.017281105990783363
2022-11-18,4290,4300,4130,4225,28247,-0.009378663540445475
2022-11-21,4220,4290,4100,4175,25372,-0.011834319526627168
2022-11-22,4105,4620,4070,4125,235646,-0.0119760479041916
2022-11-23,4220,4340,4130,4220,55372,0.023030303030302957
2022-11-24,4240,4365,4175,4225,51603,0.0011848341232227888
2022-11-25,4285,4440,4180,4435,37660,0.04970414201183426
2022-11-28,4435,4440,4255,4270,50942,-0.03720405862457721
2022-11-29,4170,4450,4155,4360,47936,0.021077283372365363
2022-11-30,4425,4600,4360,4550,87735,0.04357798165137616
2022-12-01,4595,4820,4570,4800,148905,0.05494505494505497
2022-12-02,4770,4860,4740,4835,87075,0.007291666666666696
2022-12-05,4810,4855,4745,4805,39818,-0.006204756980351611
2022-12-06,4800,4800,4350,4450,79555,-0.07388137356919877
2022-12-07,4425,5150,4265,4525,1099360,0.016853932584269593
2022-12-08,4525,4540,4150,4375,89217,-0.03314917127071826
2022-12-09,4375,4690,4375,4585,55942,0.04800000000000004
2022-12-12,4650,4770,4590,4665,30223,0.017448200654307522
2022-12-13,4665,4770,4595,4605,29524,-0.012861736334405127
2022-12-14,4605,4770,4495,4710,21726,0.0228013029315961
2022-12-15,4710,4725,4620,4655,28198,-0.011677282377919318
2022-12-16,4610,4940,4515,4585,51927,-0.015037593984962405
2022-12-19,4575,4575,4400,4400,21931,-0.040348964013086186
2022-12-20,4390,4395,4180,4180,39833,-0.050000000000000044
2022-12-21,4180,4310,4165,4285,23920,0.02511961722488043
2022-12-22,4295,4470,4295,4460,29681,0.040840140023337135
2022-12-23,4470,4485,4270,4300,31366,-0.0358744394618834
2022-12-26,4220,4355,4155,4345,23854,0.010465116279069875
2022-12-27,4285,4435,4180,4370,29616,0.005753739930955071
2022-12-28,4370,4465,4320,4385,32572,0.003432494279176135
2022-12-29,4385,4385,4170,4200,61074,-0.04218928164196123
2023-01-02,4200,4380,4200,4370,22934,0.040476190476190554
2023-01-03,4295,4295,3855,3970,86991,-0.09153318077803207
2023-01-04,3965,4025,3825,4025,30382,0.01385390428211597
2023-01-05,4035,4145,4025,4080,14808,0.013664596273291973
2023-01-06,4120,4210,4095,4195,17395,0.02818627450980382
2023-01-09,4195,4365,4195,4350,40137,0.03694874851013119
2023-01-10,4350,4495,4325,4430,21808,0.01839080459770126
2023-01-11,4595,4595,4435,4580,16401,0.0338600451467268
2023-01-12,4580,4600,4455,4475,12971,-0.022925764192139764
2023-01-13,4475,4510,4435,4450,11202,-0.005586592178770999
2023-01-16,4465,4465,4380,4385,21278,-0.014606741573033655
2023-01-17,4385,4385,4220,4245,15873,-0.03192702394526792
2023-01-18,4245,4300,4220,4300,16484,0.012956419316843437
2023-01-19,4290,4290,4225,4280,13532,-0.0046511627906976605
2023-01-20,4265,4325,4260,4285,8982,0.001168224299065379
2023-01-25,4305,4355,4255,4255,24212,-0.007001166861143493
2023-01-26,4295,4500,4205,4330,123935,0.01762632197414815
2023-01-27,4330,4465,4315,4445,24330,0.02655889145496526
2023-01-30,4495,4530,4445,4495,18523,0.011248593925759387
2023-01-31,4495,4550,4315,4500,39383,0.0011123470522802492
2023-02-01,4485,4520,4435,4510,21663,0.0022222222222221255
2023-02-02,4510,4610,4490,4510,26024,0.0
2023-02-03,4535,4595,4430,4545,22326,0.0077605321507761005
2023-02-06,4540,4595,4445,4595,16262,0.011001100110010986
2023-02-07,4595,4640,4520,4630,17610,0.007616974972796564
2023-02-08,4630,4650,4550,4555,13882,-0.016198704103671746
2023-02-09,4555,4580,4480,4500,10282,-0.01207464324917673
2023-02-10,4500,4510,4435,4455,13315,-0.010000000000000009
2023-02-13,4455,4470,4420,4430,9857,-0.0056116722783389195
2023-02-14,4405,4600,4390,4520,15353,0.020316027088036037
2023-02-15,4520,4630,4375,4375,24107,-0.03207964601769908
2023-02-16,4375,4450,4330,4400,13178,0.005714285714285783
2023-02-17,4400,4510,4400,4420,13798,0.00454545454545463
2023-02-20,4445,4500,4395,4445,7898,0.005656108597285048
2023-02-21,4445,4470,4390,4395,12644,-0.011248593925759276
2023-02-22,4350,4355,4215,4265,21356,-0.029579067121729197
2023-02-23,4210,4255,4205,4250,19256,-0.003516998827667095
2023-02-24,4250,4900,4250,4500,732478,0.05882352941176472
2023-02-27,4500,4500,4325,4415,44319,-0.018888888888888844
2023-02-28,4415,4740,4350,4425,153295,0.0022650056625141968
2023-03-02,4505,4590,4380,4570,47813,0.03276836158192098
2023-03-03,4570,4650,4560,4600,25986,0.006564551422319376
2023-03-06,4605,4650,4520,4530,20572,-0.01521739130434785
2023-03-07,4530,4600,4460,4600,22625,0.015452538631346657
2023-03-08,4620,4745,4570,4735,34280,0.02934782608695663
2023-03-09,4775,4810,4645,4805,34448,0.014783526927138357
2023-03-10,4755,4755,4515,4515,40700,-0.060353798126951075
2023-03-13,4445,4445,4305,4360,39981,-0.034330011074197087
2023-03-14,4360,4360,4010,4040,45800,-0.07339449541284404
2023-03-15,4060,4680,4060,4235,155939,0.0482673267326732
2023-03-16,4235,4250,4090,4175,24315,-0.01416765053128688
2023-03-17,4215,4295,4175,4265,17108,0.021556886227544814
2023-03-20,4265,4290,4115,4130,18382,-0.03165298944900352
2023-03-21,4170,4175,4010,4040,27581,-0.021791767554479424
2023-03-22,4080,4100,3830,3900,67817,-0.034653465346534684
2023-03-23,3860,3900,3780,3835,34257,-0.01666666666666672
2023-03-24,3840,3850,3720,3785,49982,-0.013037809647979182
2023-03-27,3785,3880,3665,3795,38470,0.0026420079260238705
2023-03-28,3830,4755,3830,4100,774313,0.08036890645586303
2023-03-29,4100,4440,4015,4090,217817,-0.0024390243902439046
2023-03-30,4130,4155,4010,4100,49842,0.0024449877750611915
2023-03-31,4100,4110,3875,3875,133202,-0.054878048780487854
2023-04-03,3875,3875,3715,3725,170205,-0.03870967741935483
2023-04-04,3760,3785,3715,3735,49668,0.0026845637583892135
2023-04-05,3745,3800,3735,3780,35252,0.012048192771084265
2023-04-06,3780,3780,3680,3710,55969,-0.01851851851851849
2023-04-07,3710,3720,3640,3670,46246,-0.010781671159029615
2023-04-10,3655,3665,3550,3595,57718,-0.02043596730245234
2023-04-11,3590,3700,3520,3700,50345,0.029207232267037586
2023-04-12,3700,3835,3700,3805,66376,0.02837837837837842
2023-04-13,3800,3890,3735,3850,56416,0.01182654402102501
2023-04-14,3835,3880,3790,3800,77553,-0.012987012987012991
2023-04-17,3805,3900,3750,3870,51848,0.018421052631578894
2023-04-18,3855,3870,3750,3800,65909,-0.018087855297157618
2023-04-19,3760,3850,3700,3785,54149,-0.003947368421052588
2023-04-20,3755,3800,3690,3700,83262,-0.022457067371202122
2023-04-21,3650,3690,3460,3495,163075,-0.055405405405405395
2023-04-24,3455,3535,3375,3400,73971,-0.027181688125894166
2023-04-25,3400,3550,3330,3425,72908,0.007352941176470562
2023-04-26,3435,3485,3360,3435,39474,0.0029197080291971655
2023-04-27,3430,3505,3375,3495,42757,0.017467248908296984
2023-04-28,3505,3550,3410,3435,47511,-0.01716738197424894
2023-05-02,3435,3530,3370,3475,41485,0.011644832605531397
2023-05-03,3430,3540,3430,3490,33743,0.004316546762589857
2023-05-04,3470,3555,3455,3500,27493,0.002865329512893977
2023-05-08,3515,3555,3510,3540,19064,0.011428571428571344
2023-05-09,3540,3595,3495,3510,25637,-0.008474576271186418
2023-05-10,3510,4560,3500,4560,1673866,0.2991452991452992
2023-05-11,4900,5380,4310,4425,10851800,-0.02960526315789469
2023-05-12,4310,5380,4220,4505,8630368,0.01807909604519775
2023-05-15,4560,4735,4020,4150,1383922,-0.07880133185349614
2023-05-16,4430,5390,4410,5390,5269893,0.29879518072289146
2023-05-17,5700,6460,5030,5590,27823972,0.03710575139146566
2023-05-18,5560,5660,5330,5340,1955436,-0.04472271914132375
2023-05-19,5340,5930,5260,5390,4778577,0.009363295880149725
2023-05-22,5330,5380,5140,5290,756670,-0.01855287569573283
2023-05-23,5500,6150,5240,5260,6273242,-0.005671077504725952
2023-05-24,5250,5340,5110,5230,554122,-0.005703422053231932
2023-05-25,5150,5240,4950,4995,552822,-0.0449330783938815
2023-05-26,4955,5060,4920,4965,364195,-0.006006006006005982
2023-05-30,5010,5500,4975,5240,1964195,0.05538771399798592
2023-05-31,5240,5620,5100,5320,1817338,0.01526717557251911
2023-06-01,5210,5730,5070,5100,3000445,-0.041353383458646586
2023-06-02,5250,6150,5060,5840,12685586,0.1450980392156862
2023-06-05,5700,5890,5440,5550,1787679,-0.049657534246575374
2023-06-07,5630,5680,5350,5350,726678,-0.036036036036036
2023-06-08,5330,5390,5180,5220,464687,-0.024299065420560706
2023-06-09,5220,5420,5220,5410,561267,0.03639846743295028
2023-06-12,5300,5400,5070,5210,477141,-0.0369685767097967
2023-06-13,5170,5410,5160,5250,457747,0.007677543186180413
2023-06-14,5270,5310,5010,5080,380805,-0.0323809523809524
2023-06-15,5050,5200,5010,5120,197901,0.007874015748031482
2023-06-16,5130,5240,5040,5100,190419,-0.00390625
2023-06-19,5040,5100,4930,5070,216603,-0.00588235294117645
2023-06-20,5070,5110,4860,4930,252132,-0.027613412228796874
2023-06-21,4945,5050,4750,4850,196324,-0.016227180527383367
2023-06-22,4840,4900,4745,4790,161867,-0.012371134020618513
2023-06-23,4790,4830,4655,4760,186629,-0.006263048016701411
2023-06-26,4760,5080,4695,4835,327600,0.015756302521008347
2023-06-27,4845,4915,4800,4875,127422,0.008273009307135482
2023-06-28,4865,5000,4800,4845,181022,-0.006153846153846176
2023-06-29,4845,4885,4725,4780,97603,-0.013415892672858587
2023-06-30,4725,4970,4725,4935,259099,0.03242677824267792
2023-07-03,4935,4980,4880,4910,138577,-0.005065856129685908
2023-07-04,4910,4985,4860,4950,181855,0.008146639511201537
2023-07-05,4950,4980,4740,4800,172611,-0.030303030303030276
2023-07-06,4850,5040,4700,4795,419856,-0.0010416666666667185
2023-07-07,4750,4790,4565,4790,156972,-0.0010427528675703845
2023-07-10,4715,4800,4625,4735,82341,-0.011482254697286032
2023-07-11,4740,4810,4625,4690,120400,-0.009503695881731833
2023-07-12,4710,4710,4485,4570,260325,-0.02558635394456288
2023-07-13,4590,4620,4545,4575,97117,0.001094091903719896
2023-07-14,4575,4575,4420,4495,155262,-0.01748633879781425
2023-07-17,4515,4620,4440,4555,112345,0.013348164627363657
2023-07-18,4510,4565,4305,4330,135138,-0.04939626783754114
2023-07-19,4330,4355,4235,4260,98363,-0.0161662817551963
2023-07-20,4265,4330,4210,4310,75583,0.011737089201877993
2023-07-21,4310,4380,4200,4215,39007,-0.022041763341067333
2023-07-24,4215,4235,4035,4160,88330,-0.013048635824436494
2023-07-25,4145,4185,4020,4050,101374,-0.02644230769230771
2023-07-26,4000,4050,3775,3850,161342,-0.04938271604938271
2023-07-27,3780,4035,3780,4030,115153,0.04675324675324677
2023-07-28,4000,4120,3860,4105,50156,0.018610421836228186
2023-07-31,4140,4205,4065,4205,76374,0.02436053593179044
2023-08-01,4205,4285,4135,4225,56812,0.0047562425683709275
2023-08-02,4240,4245,4050,4080,45950,-0.03431952662721893
2023-08-03,4010,4120,3900,4005,55782,-0.018382352941176516
2023-08-04,4000,4115,3965,4110,32555,0.02621722846441954
2023-08-07,4110,4135,3980,4075,44034,-0.008515815085158196
2023-08-08,4045,4115,3985,4000,62499,-0.018404907975460127
2023-08-09,3965,4070,3965,4020,14593,0.004999999999999893
2023-08-10,4000,4095,3985,4060,34326,0.00995024875621886
2023-08-11,4060,4185,4060,4090,53492,0.00738916256157629
2023-08-14,4075,4115,3980,4000,54896,-0.022004889975550168
2023-08-16,4000,4000,3755,3870,186514,-0.03249999999999997
2023-08-17,3850,3980,3780,3850,101027,-0.0051679586563307955
2023-08-18,3785,4040,3785,4040,38264,0.049350649350649256
2023-08-21,3995,4000,3870,3920,46203,-0.02970297029702973
2023-08-22,3920,3955,3870,3920,58409,0.0
2023-08-23,3920,4465,3835,4090,751827,0.04336734693877542
2023-08-24,4090,4180,4030,4070,99211,-0.004889975550122272
2023-08-25,4070,4135,4015,4025,66986,-0.011056511056511065
2023-08-28,4025,4140,3980,4120,61450,0.023602484472049712
2023-08-29,4120,4165,4070,4125,97504,0.0012135922330096527
2023-08-30,4130,4165,4115,4150,63918,0.0060606060606061
2023-08-31,4140,4185,4060,4060,90883,-0.02168674698795181
2023-09-01,4060,4135,4030,4055,75825,-0.0012315270935960854
2023-09-04,4030,4085,4000,4040,38462,-0.0036991368680641123
2023-09-05,4000,4075,3995,4040,41484,0.0
2023-09-06,3995,4025,3950,3955,44984,-0.02103960396039606
2023-09-07,3955,3995,3865,3895,38796,-0.015170670037926715
2023-09-08,3870,3920,3850,3920,43221,0.006418485237484006
2023-09-11,3920,3985,3905,3975,38368,0.014030612244897878
2023-09-12,3955,4705,3955,4190,6794458,0.0540880503144654
2023-09-13,4170,4425,4120,4425,765459,0.056085918854415384
2023-09-14,4480,4495,4310,4335,504933,-0.02033898305084747
2023-09-15,4335,4395,4290,4290,152864,-0.01038062283737029
2023-09-18,4280,4290,4145,4145,227216,-0.03379953379953382
2023-09-19,4145,4220,4025,4030,138002,-0.027744270205066313
2023-09-20,4030,4040,3870,3900,257592,-0.032258064516129004
2023-09-21,3900,3900,3725,3745,171645,-0.03974358974358971
2023-09-22,3715,3765,3670,3670,99162,-0.020026702269692942
2023-09-25,3675,3710,3585,3595,93534,-0.02043596730245234
2023-09-26,3600,3665,3545,3575,82358,-0.0055632823365785455
2023-09-27,3530,3700,3530,3695,84100,0.03356643356643363
2023-10-04,3690,3695,3540,3640,100345,-0.014884979702300405
2023-10-05,3625,3640,3530,3590,69234,-0.013736263736263687
2023-10-06,3580,3720,3550,3685,44946,0.026462395543175532
2023-10-10,3720,3720,3550,3610,50010,-0.020352781546811416
2023-10-11,3620,3700,3620,3690,27817,0.02216066481994461
2023-10-12,3690,3770,3680,3740,36381,0.013550135501354976
2023-10-13,3745,3775,3650,3765,56714,0.006684491978609541
2023-10-16,3750,3750,3600,3690,56669,-0.019920318725099584
2023-10-17,3640,3720,3630,3685,40003,-0.0013550135501354532
2023-10-18,3695,3695,3625,3625,31411,-0.016282225237449155
2023-10-19,3600,3620,3490,3500,88663,-0.03448275862068961
2023-10-20,3485,3520,3390,3425,112227,-0.021428571428571463
2023-10-23,3350,3660,3350,3475,80740,0.014598540145985384
2023-10-24,3470,3895,3430,3575,970573,0.02877697841726623
2023-10-25,3575,3625,3565,3600,85598,0.006993006993007089
2023-10-26,3530,3570,3455,3490,55506,-0.030555555555555558
2023-10-27,3475,3530,3425,3500,47638,0.002865329512893977
2023-10-30,3500,3670,3480,3645,75368,0.04142857142857137
2023-10-31,3645,3705,3590,3610,83606,-0.009602194787380003
2023-11-01,3615,3700,3615,3685,74517,0.020775623268697974
2023-11-02,3705,3780,3705,3735,63154,0.013568521031207537
2023-11-03,3755,3810,3720,3805,65694,0.018741633199464536
2023-11-06,3835,3835,3770,3810,60957,0.0013140604467805073
2023-11-07,3810,3810,3680,3790,53576,-0.005249343832021025
2023-11-08,3760,3810,3705,3720,34562,-0.01846965699208447
2023-11-09,3725,3800,3685,3695,55610,-0.006720430107526876
2023-11-10,3670,3700,3590,3600,64142,-0.025710419485791558
2023-11-13,3630,3650,3570,3600,43562,0.0
2023-11-14,3565,3690,3565,3660,35781,0.016666666666666607
2023-11-15,3670,3795,3665,3760,94814,0.02732240437158473
2023-11-16,3730,3800,3650,3760,73050,0.0
2023-11-17,3765,3770,3650,3660,35553,-0.02659574468085102
2023-11-20,3665,3750,3630,3745,41248,0.023224043715847076
2023-11-21,3745,3800,3680,3750,32425,0.001335113484646211
2023-11-22,3730,4025,3610,3620,3170686,-0.03466666666666662
2023-11-23,3645,3660,3590,3590,145372,-0.008287292817679592
2023-11-24,3600,3660,3600,3600,79710,0.0027855153203342198
2023-11-27,3645,3655,3600,3635,68902,0.009722222222222188
2023-11-28,3640,3640,3550,3570,86382,-0.017881705639614887
2023-11-29,3570,3580,3535,3570,53490,0.0
2023-11-30,3570,3625,3560,3610,47230,0.011204481792717047
2023-12-01,3590,3590,3515,3540,103175,-0.01939058171745156
2023-12-04,3540,3550,3490,3515,70156,-0.007062146892655385
2023-12-05,3495,3535,3490,3490,70991,-0.007112375533428139
2023-12-06,3485,3570,3485,3535,49606,0.012893982808023008
2023-12-07,3535,3590,3515,3560,78928,0.007072135785006983
2023-12-08,3555,3690,3545,3590,53893,0.008426966292134797
2023-12-11,3590,3605,3565,3600,54262,0.0027855153203342198
2023-12-12,3585,3620,3580,3585,29436,-0.004166666666666652
2023-12-13,3585,3610,3565,3575,43739,-0.002789400278940035
2023-12-14,3580,3605,3560,3575,50904,0.0
2023-12-15,3580,3635,3560,3590,73946,0.00419580419580412
2023-12-18,3590,3635,3590,3630,63643,0.011142061281337101
2023-12-19,3630,3645,3610,3625,47333,-0.0013774104683195176
2023-12-20,3625,3705,3625,3670,104549,0.012413793103448256
2023-12-21,3670,3730,3630,3670,129279,0.0
2023-12-22,3700,3710,3645,3680,135940,0.0027247956403269047
2023-12-26,3685,3715,3660,3670,120376,-0.0027173913043477826
2023-12-27,3590,3630,3585,3615,97961,-0.01498637602179842
2023-12-28,3615,3640,3580,3635,87439,0.0055325034578146415
2024-01-02,3630,3655,3615,3645,107649,0.0027510316368637433
2024-01-03,3645,3685,3625,3655,125739,0.00274348422496562
2024-01-04,3650,3650,3575,3600,248652,-0.015047879616963078
2024-01-05,3620,3625,3590,3590,44692,-0.002777777777777768
2024-01-08,3590,3630,3580,3630,33415,0.011142061281337101
2024-01-09,3645,3660,3620,3655,41730,0.00688705234159781
2024-01-10,3640,3675,3630,3640,34717,-0.004103967168262668
2024-01-11,3660,3680,3625,3665,43800,0.006868131868131844
2024-01-12,3665,3675,3565,3565,88551,-0.027285129604365577
2024-01-15,3560,3605,3550,3560,51815,-0.0014025245441795509
2024-01-16,3560,3600,3490,3520,48779,-0.011235955056179803
2024-01-17,3520,3530,3445,3520,65048,0.0
2024-01-18,3480,3585,3470,3530,35135,0.0028409090909091717
2024-01-19,3520,3545,3470,3490,34790,-0.011331444759206777
2024-01-22,3515,3520,3460,3465,44440,-0.007163323782234943
2024-01-23,3480,3490,3420,3465,36670,0.0
2024-01-24,3470,3485,3415,3440,34171,-0.00721500721500723
2024-01-25,3440,3475,3425,3440,24557,0.0
2024-01-26,3440,3480,3440,3455,37281,0.0043604651162789665
2024-01-29,3460,3485,3430,3460,44988,0.0014471780028944004
2024-01-30,3450,3480,3420,3475,66871,0.004335260115607031
2024-01-31,3470,3485,3420,3465,32179,-0.0028776978417266452
2024-02-01,3465,3575,3430,3565,154071,0.02886002886002892
2024-02-02,3595,3645,3540,3645,261065,0.02244039270687237
2024-02-05,3665,3700,3620,3660,213435,0.004115226337448652
2024-02-06,3660,3660,3590,3650,95855,-0.002732240437158473
2024-02-07,3660,4145,3630,4065,4991301,0.11369863013698622
2024-02-08,4400,4550,4080,4130,2534987,0.01599015990159902
2024-02-13,4130,4270,4055,4270,1266923,0.03389830508474567
2024-02-14,4125,4190,4005,4085,795557,-0.04332552693208436
2024-02-15,4190,4370,4005,4015,715445,-0.017135862913096656
2024-02-16,4055,4125,3965,4030,380304,0.0037359900373599153
2024-02-19,4015,4130,4015,4080,266563,0.012406947890818865
2024-02-20,4080,4080,3920,3960,222029,-0.02941176470588236
2024-02-21,3990,4025,3865,3915,181572,-0.011363636363636354
2024-02-22,3900,3915,3825,3880,129426,-0.008939974457215838
2024-02-23,3880,3880,3800,3805,148291,-0.019329896907216537
2024-02-26,3760,3845,3760,3795,154862,-0.0026281208935611255
2024-02-27,3795,3800,3705,3730,113497,-0.017127799736495364
2024-02-28,3720,3765,3720,3745,64254,0.004021447721179516
2024-02-29,3730,3850,3695,3810,150835,0.01735647530040052
2024-03-04,3820,3855,3785,3800,106744,-0.002624671916010457
2024-03-05,3800,3810,3680,3680,108687,-0.03157894736842104
2024-03-06,3685,3775,3680,3715,77375,0.009510869565217295
2024-03-07,3710,3760,3620,3675,91684,-0.010767160161507361
2024-03-08,3675,3685,3595,3645,96757,-0.008163265306122436
2024-03-11,3645,3700,3600,3640,66271,-0.00137174211248281
2024-03-12,3625,3690,3610,3655,50322,0.004120879120879106
2024-03-13,3655,3700,3630,3660,51848,0.001367989056087593
2024-03-14,3665,3700,3630,3700,42485,0.010928961748633892
2024-03-15,3705,3705,3625,3645,95576,-0.014864864864864824
2024-03-18,3645,3670,3610,3645,46357,0.0
2024-03-19,3645,3775,3615,3725,139318,0.021947873799725626
2024-03-20,3735,3750,3665,3690,70582,-0.00939597315436247
2024-03-21,3690,3750,3690,3735,70356,0.012195121951219523
2024-03-22,3735,3750,3685,3710,52621,-0.00669344042838016
2024-03-25,3710,3775,3710,3750,45789,0.010781671159029615
2024-03-26,3735,3835,3720,3760,111869,0.002666666666666595
2024-03-27,3770,3770,3685,3690,56067,-0.018617021276595702
2024-03-28,3690,3710,3635,3650,53245,-0.010840108401083959
2024-03-29,3640,3650,3600,3600,67019,-0.013698630136986356
2024-04-01,3600,3645,3550,3635,79681,0.009722222222222188
2024-04-02,3645,3645,3580,3610,66365,-0.00687757909215958
2024-04-03,3610,3610,3490,3570,136958,-0.011080332409972304
2024-04-04,3560,3590,3535,3550,38739,-0.0056022408963585235
2024-04-05,3510,3565,3505,3520,39321,-0.008450704225352101
2024-04-08,3530,3585,3475,3505,53431,-0.0042613636363636465
2024-04-09,3505,3525,3450,3450,63534,-0.015691868758915817
2024-04-11,3435,3470,3420,3470,25430,0.005797101449275255
2024-04-12,3450,3500,3445,3455,21047,-0.004322766570605152
2024-04-15,3440,3440,3400,3430,53087,-0.00723589001447178
2024-04-16,3430,3430,3365,3395,37942,-0.010204081632653073
2024-04-17,3400,3735,3380,3400,449876,0.0014727540500736325
2024-04-18,3400,3520,3400,3520,52535,0.03529411764705892
2024-04-19,3480,3520,3405,3470,53242,-0.014204545454545414
2024-04-22,3440,3515,3440,3490,36139,0.0057636887608070175
2024-04-23,3510,3510,3475,3475,29618,-0.004297994269340966
2024-04-24,3475,3525,3470,3500,46032,0.007194244604316502
2024-04-25,3480,3530,3465,3490,61342,-0.0028571428571428914
2024-04-26,3485,3520,3460,3490,45290,0.0
2024-04-29,3500,3535,3490,3525,72297,0.01002865329512903
2024-04-30,3525,3570,3520,3535,53304,0.0028368794326241176
2024-05-02,3535,3605,3515,3575,51451,0.011315417256011262
2024-05-03,3550,3600,3550,3590,32999,0.00419580419580412
2024-05-07,3580,3600,3565,3580,35111,-0.0027855153203342198
2024-05-08,3565,3645,3565,3600,36718,0.005586592178770999
2024-05-09,3600,3625,3580,3585,28764,-0.004166666666666652
2024-05-10,3585,3620,3570,3580,27218,-0.001394700139469962
2024-05-13,3595,3595,3520,3550,28281,-0.008379888268156388
2024-05-14,3535,3600,3520,3600,53182,0.014084507042253502
2024-05-16,3600,3670,3590,3630,70852,0.008333333333333304
2024-05-17,3600,3650,3590,3610,76453,-0.0055096418732781816
2024-05-20,3655,3655,3580,3610,44210,0.0
2024-05-21,3580,3640,3570,3605,32700,-0.0013850415512465242
2024-05-22,3605,3620,3580,3600,31979,-0.001386962552011095
2024-05-23,3575,3595,3565,3575,24584,-0.00694444444444442
2024-05-24,3550,3580,3550,3570,20022,-0.0013986013986013734
2024-05-27,3560,3560,3505,3510,44167,-0.01680672268907568
2024-05-28,3495,3530,3450,3525,46017,0.004273504273504258
2024-05-29,3490,3525,3480,3515,37489,-0.0028368794326241176
2024-05-30,3475,3555,3440,3515,41656,0.0
2024-05-31,3480,3570,3475,3540,44467,0.007112375533428139
2024-06-03,3540,3615,3540,3600,61824,0.016949152542372836
2024-06-04,3595,3615,3570,3570,31272,-0.008333333333333304
2024-06-05,3570,3620,3525,3605,58953,0.009803921568627416
2024-06-07,3615,3620,3580,3580,43909,-0.006934812760055475
2024-06-10,3575,3580,3530,3530,22783,-0.013966480446927387
2024-06-11,3535,3550,3510,3520,32365,-0.0028328611898017497
2024-06-12,3550,3550,3495,3530,14834,0.0028409090909091717
2024-06-13,3550,3555,3515,3540,28351,0.0028328611898016387
2024-06-14,3515,3545,3515,3540,15769,0.0
2024-06-17,3540,3620,3525,3610,70557,0.019774011299435124
2024-06-18,3575,3690,3575,3655,94628,0.012465373961218829
2024-06-19,3625,3675,3610,3625,47702,-0.008207934336525335
2024-06-20,3620,3675,3615,3640,51628,0.004137931034482678
2024-06-21,3625,3635,3570,3605,34558,-0.009615384615384581
2024-06-24,3580,3605,3545,3560,39626,-0.012482662968099856
2024-06-25,3540,3585,3540,3575,13885,0.004213483146067398
2024-06-26,3595,3605,3550,3575,20782,0.0
2024-06-27,3575,3610,3555,3570,26569,-0.0013986013986013734
2024-06-28,3575,3605,3540,3560,40128,-0.0028011204481792618
2024-07-01,3540,3610,3535,3545,40383,-0.004213483146067398
2024-07-02,3585,3585,3470,3470,38229,-0.021156558533145242
2024-07-03,3495,3500,3435,3435,36536,-0.010086455331412059
2024-07-04,3485,3490,3440,3465,46220,0.008733624454148492
2024-07-05,3505,3505,3405,3445,54461,-0.005772005772005762
2024-07-08,3455,3460,3435,3460,22405,0.004354136429608024
2024-07-09,3460,3475,3400,3415,47061,-0.013005780346820761
2024-07-10,3415,3445,3410,3435,33890,0.005856515373352744
2024-07-11,3440,3475,3435,3475,20484,0.011644832605531397
2024-07-12,3475,3640,3420,3455,74433,-0.0057553956834532904
2024-07-15,3445,3495,3440,3475,20995,0.005788712011577379
2024-07-16,3475,3495,3455,3485,10883,0.0028776978417266452
2024-07-17,3460,3480,3455,3470,15073,-0.004304160688665681
2024-07-18,3470,3470,3410,3445,38267,-0.007204610951008661
2024-07-19,3440,3445,3415,3440,12012,-0.0014513788098693414
2024-07-22,3440,3475,3410,3430,16269,-0.0029069767441860517
2024-07-23,3415,3460,3400,3415,31314,-0.004373177842565634
2024-07-24,3435,3435,3395,3410,17980,-0.0014641288433382416
2024-07-25,3410,3410,3300,3395,89209,-0.004398826979472137
2024-07-26,3360,3435,3350,3395,12497,0.0
2024-07-29,3400,3445,3360,3385,20172,-0.002945508100147265
2024-07-30,3415,3415,3345,3380,13364,-0.001477104874446078
2024-07-31,3380,3400,3350,3365,29874,-0.004437869822485174
2024-08-01,3395,3430,3330,3330,34001,-0.010401188707280795
2024-08-02,3330,3345,3275,3310,27340,-0.006006006006005982
2024-08-05,3260,3265,2920,3045,137713,-0.08006042296072513
2024-08-06,3045,3300,3045,3105,117260,0.019704433497536922
2024-08-07,3070,3230,3070,3170,26536,0.02093397745571668
2024-08-08,3170,3170,3100,3150,17872,-0.006309148264984188
2024-08-09,3185,3250,3160,3230,30230,0.025396825396825307
2024-08-12,3250,3340,3220,3325,42299,0.02941176470588225
2024-08-13,3320,3320,3230,3275,32787,-0.015037593984962405
2024-08-14,3290,3430,3245,3375,37584,0.03053435114503822
2024-08-16,3405,3455,3375,3400,44850,0.007407407407407307
2024-08-19,3400,3470,3350,3390,41364,-0.002941176470588225
2024-08-20,3415,3690,3385,3600,839494,0.06194690265486735
2024-08-21,3790,3790,3490,3505,677877,-0.026388888888888906
2024-08-22,3465,3520,3390,3420,130447,-0.024251069900142697
2024-08-23,3400,3445,3370,3410,78799,-0.0029239766081871066
2024-08-26,3410,3430,3330,3350,66034,-0.017595307917888547
2024-08-27,3350,3400,3340,3390,18918,0.011940298507462588
2024-08-28,3395,3405,3365,3365,21652,-0.007374631268436627
2024-08-29,3365,3380,3310,3365,23832,0.0
2024-08-30,3365,3400,3340,3370,12468,0.0014858841010401136
2024-09-02,3370,3390,3320,3390,29981,0.005934718100890191
2024-09-03,3380,3385,3355,3365,14483,-0.007374631268436627
2024-09-04,3325,3325,3245,3280,35066,-0.025260029717682042
2024-09-05,3280,3370,3225,3265,27183,-0.004573170731707266
2024-09-06,3265,3270,3180,3195,34379,-0.02143950995405819
2024-09-09,3160,3225,3150,3190,16792,-0.0015649452269170805
2024-09-10,3190,3240,3170,3190,18915,0.0
2024-09-11,3190,3230,3165,3230,13761,0.012539184952978122
2024-09-12,3230,3275,3215,3275,24660,0.01393188854489158
2024-09-13,3275,3305,3260,3305,5940,0.009160305343511421
2024-09-19,3295,3330,3285,3325,31519,0.00605143721633894
2024-09-20,3330,3385,3305,3360,29768,0.010526315789473717
2024-09-23,3360,3410,3345,3375,36171,0.0044642857142858094
2024-09-24,3370,3430,3370,3405,17394,0.008888888888888946
2024-09-25,3405,3425,3380,3400,18241,-0.001468428781204123
2024-09-26,3385,3415,3375,3405,21041,0.0014705882352941124
2024-09-27,3405,3410,3385,3405,20263,0.0
2024-09-30,3405,3420,3370,3375,21998,-0.008810572687224627
2024-10-02,3360,3375,3270,3350,33873,-0.007407407407407418
2024-10-04,3350,3420,3335,3385,13033,0.010447761194029903
2024-10-07,3385,3420,3370,3410,21564,0.007385524372230501
2024-10-08,3405,3430,3365,3410,32096,0.0
2024-10-10,3420,3450,3410,3430,35132,0.0058651026392961825
2024-10-11,3440,3450,3420,3445,14674,0.004373177842565523
2024-10-14,3445,3445,3400,3405,18503,-0.011611030478954953
2024-10-15,3405,3430,3375,3400,13954,-0.001468428781204123
2024-10-16,3400,3410,3380,3395,23090,-0.0014705882352941124
2024-10-17,3385,3395,3355,3375,20269,-0.00589101620029453
2024-10-18,3375,3385,3345,3365,28421,-0.002962962962962945
2024-10-21,3350,3365,3340,3350,14559,-0.004457652303120341
2024-10-22,3360,3365,3270,3270,50801,-0.023880597014925398
2024-10-23,3270,3300,3245,3270,23400,0.0
2024-10-24,3270,3290,3250,3290,15306,0.006116207951070374
2024-10-25,3290,3300,3260,3265,18021,-0.0075987841945288626
2024-10-28,3250,3285,3250,3270,3000,0.0015313935681469104
2024-10-29,3280,3290,3255,3260,27255,-0.003058103975535187
2024-10-30,3260,3280,3250,3280,24674,0.006134969325153339
2024-10-31,3305,3305,3255,3275,15518,-0.0015243902439023849
2024-11-01,3280,3280,3240,3270,28973,-0.0015267175572518665
2024-11-04,3275,3300,3240,3285,33721,0.004587155963302836
2024-11-05,3305,3350,3285,3350,25284,0.019786910197869156
2024-11-06,3350,3355,3300,3300,9976,-0.014925373134328401
2024-11-07,3300,3315,3270,3300,10226,0.0
2024-11-08,3305,3315,3250,3300,34834,0.0
2024-11-11,3295,3315,3245,3250,43518,-0.015151515151515138
2024-11-12,3235,3250,3145,3145,61702,-0.03230769230769226
2024-11-13,3140,3165,3065,3100,41686,-0.014308426073131986
2024-11-14,3100,3120,3055,3090,20842,-0.003225806451612856
2024-11-15,3055,3105,3000,3090,44360,0.0
2024-11-18,3085,3120,3045,3115,40474,0.008090614886731462
2024-11-19,3110,3150,3050,3115,12738,0.0
2024-11-20,3105,3110,3060,3105,15376,-0.0032102728731941976
2024-11-21,3085,3105,3065,3095,14735,-0.0032206119162641045
2024-11-22,3085,3100,3055,3090,30118,-0.001615508885298822
2024-11-25,3100,3175,3070,3175,31237,0.027508090614886793
2024-11-26,3160,3160,3130,3150,7176,-0.007874015748031482
2024-11-27,3135,3165,3130,3150,12902,0.0
2024-11-28,3135,3170,3095,3125,33314,-0.007936507936507908
2024-11-29,3125,3125,3070,3090,16364,-0.011199999999999988
2024-12-02,3075,3090,2930,3000,68248,-0.029126213592232997
2024-12-03,2965,3010,2960,2985,24617,-0.0050000000000000044
2024-12-04,2930,2965,2905,2935,46996,-0.01675041876046901
2024-12-05,2935,2940,2900,2920,33046,-0.005110732538330498
2024-12-06,2920,2930,2825,2920,62433,0.0
2024-12-09,2875,2920,2770,2825,83574,-0.03253424657534243
2024-12-10,2825,2875,2825,2855,50116,0.010619469026548645
2024-12-11,2845,2930,2845,2920,19288,0.022767075306479923
2024-12-12,2935,2950,2885,2915,19204,-0.001712328767123239
2024-12-13,2925,2995,2915,2980,22624,0.022298456260720467
2024-12-16,2990,3030,2980,3030,54895,0.016778523489932917
2024-12-17,3030,3030,2950,2980,70455,-0.01650165016501648
2024-12-18,2980,3050,2980,3045,42315,0.02181208053691286
2024-12-19,3010,3040,2995,3010,33230,-0.011494252873563204
2024-12-20,3010,3065,2975,3010,66939,0.0
2024-12-23,2975,3060,2975,3040,53677,0.009966777408637828
2024-12-24,3060,3060,3030,3050,33497,0.00328947368421062
2024-12-26,3060,3095,3025,3050,48244,0.0
2024-12-27,2975,2985,2850,2895,45668,-0.050819672131147575
2024-12-30,2885,2915,2860,2880,9859,-0.005181347150259086
2025-01-02,2880,2895,2850,2865,19878,-0.00520833333333337
2025-01-03,2870,2915,2855,2880,23244,0.005235602094240788
2025-01-06,2900,2935,2900,2935,13876,0.01909722222222232
2025-01-07,2935,2935,2915,2930,12454,-0.0017035775127768327
2025-01-08,2945,2945,2910,2935,9674,0.0017064846416381396
2025-01-09,2940,2950,2910,2950,8837,0.005110732538330387
2025-01-10,2950,2975,2930,2970,7714,0.006779661016949046
2025-01-13,2970,2980,2915,2920,4934,-0.01683501683501687
2025-01-14,2920,2960,2890,2915,21729,-0.001712328767123239
2025-01-15,2915,2930,2915,2915,3384,0.0
2025-01-16,2930,2930,2910,2920,5162,0.0017152658662091813
2025-01-17,2930,2930,2910,2915,8041,-0.001712328767123239
2025-01-20,2910,2920,2855,2870,18818,-0.015437392795883409
2025-01-21,2885,2900,2850,2900,16164,0.010452961672473782
2025-01-22,2900,2905,2835,2875,12937,-0.008620689655172376
2025-01-23,2860,2880,2845,2860,3695,-0.00521739130434784
2025-01-24,2865,2875,2850,2860,4004,0.0
2025-01-31,2860,2860,2815,2835,12293,-0.00874125874125875
2025-02-03,2800,2830,2775,2785,16965,-0.01763668430335097
2025-02-04,2760,2855,2750,2830,17004,0.016157989228007263
2025-02-05,2830,2865,2825,2845,6123,0.005300353356890497
2025-02-06,2825,2855,2825,2845,6222,0.0
2025-02-07,2815,2860,2800,2820,20616,-0.008787346221441172
2025-02-10,2795,3070,2780,2825,81542,0.0017730496453900457
2025-02-11,2825,2890,2825,2860,17827,0.012389380530973382
2025-02-12,2850,2885,2825,2840,19546,-0.006993006993006978
2025-02-13,2830,2890,2825,2860,20011,0.007042253521126751
2025-02-14,2870,2915,2870,2890,25852,0.010489510489510412
2025-02-17,2905,2905,2860,2885,16909,-0.0017301038062284002
2025-02-18,2885,2895,2865,2885,12847,0.0
2025-02-19,2885,2935,2875,2920,30211,0.0121317157712304
2025-02-20,2910,2980,2895,2930,13259,0.003424657534246478
2025-02-21,2920,2940,2875,2905,32183,-0.008532423208191142
2025-02-24,2905,2925,2890,2925,8338,0.0068846815834766595
2025-02-25,2915,2950,2885,2935,15100,0.0034188034188034067
2025-02-26,2925,2975,2920,2960,16245,0.008517887563884052
2025-02-27,2950,2980,2920,2950,6058,-0.0033783783783783994
2025-02-28,2920,2945,2885,2905,26269,-0.015254237288135575
2025-03-04,2905,2905,2855,2875,19508,-0.0103270223752151
2025-03-05,2850,2930,2850,2930,28273,0.019130434782608674
2025-03-06,2950,2950,2900,2905,17515,-0.008532423208191142
2025-03-07,2890,2930,2890,2905,8967,0.0
2025-03-10,2910,2920,2900,2920,22826,0.005163511187607606
2025-03-11,2900,2945,2885,2920,11406,0.0
2025-03-12,2910,2950,2910,2930,8302,0.003424657534246478
2025-03-13,2920,2955,2920,2940,9880,0.0034129692832765013
2025-03-14,2930,2960,2920,2950,11824,0.00340136054421758
2025-03-17,2970,2980,2950,2970,12586,0.006779661016949046
2025-03-18,2955,2985,2945,2950,12718,-0.006734006734006703
2025-03-19,2960,2990,2950,2985,12119,0.011864406779660941
2025-03-20,2985,3005,2965,2965,12187,-0.00670016750418756
2025-03-21,2965,3010,2950,2985,24884,0.006745362563237878
2025-03-24,2975,3005,2975,3000,21747,0.005025125628140614
2025-03-25,3010,3050,2990,3015,40244,0.004999999999999893
2025-03-26,3025,3030,2985,3025,19826,0.0033167495854062867
2025-03-27,3025,3025,2995,3010,15391,-0.0049586776859503745
2025-03-28,2995,3005,2950,2970,12709,-0.013289036544850474
2025-03-31,2970,2970,2900,2920,9450,-0.01683501683501687
2025-04-01,2920,2980,2920,2955,29105,0.011986301369863117
2025-04-02,2955,3005,2885,2930,79063,-0.008460236886632777
2025-04-03,2920,2925,2905,2925,8248,-0.0017064846416382506
2025-04-04,2925,2925,2855,2920,13065,-0.0017094017094017033
2025-04-07,2920,2925,2840,2865,26511,-0.018835616438356184
2025-04-08,2860,2930,2860,2925,16359,0.020942408376963373
2025-04-09,2925,3045,2845,2970,35006,0.01538461538461533
2025-04-10,2970,3015,2940,3010,22177,0.013468013468013407
2025-04-11,3000,3020,2982,3010,23830,0.0
2025-04-14,3010,3025,2995,3020,24583,0.0033222591362125353
2025-04-15,3025,3040,3010,3035,33083,0.004966887417218624
2025-04-16,3040,3045,3015,3025,20817,-0.0032948929159802853
2025-04-17,3025,3050,2990,2995,20516,-0.00991735537190086
2025-04-18,3020,3025,2970,3025,25117,0.01001669449081799
2025-04-21,3025,3040,3005,3030,26240,0.0016528925619834212
2025-04-22,3010,3035,3005,3035,10472,0.0016501650165017256
2025-04-23,3035,3055,3020,3055,30536,0.006589785831960571
2025-04-24,3060,3080,3035,3060,28474,0.0016366612111293755
2025-04-25,3070,3085,3055,3085,23484,0.008169934640522847
2025-04-28,3085,3090,3050,3065,31284,-0.00648298217179899
2025-04-29,3065,3085,3035,3075,23500,0.0032626427406199365
2025-04-30,3075,3110,3050,3055,30715,-0.006504065040650375
2025-05-02,3055,3080,3050,3055,15106,0.0
2025-05-07,3050,3150,3045,3135,100035,0.026186579378068675
2025-05-08,3140,3145,3120,3145,8537,0.0031897926634769647
2025-05-09,3145,3165,3140,3160,31884,0.004769475357710551
2025-05-12,3150,3170,3150,3165,35978,0.0015822784810126667
2025-05-13,3170,3180,3160,3165,16563,0.0
2025-05-14,3165,3180,3165,3175,16014,0.003159557661927437
2025-05-15,3175,3190,3170,3170,17716,-0.0015748031496063408
2025-05-16,3170,3185,3100,3100,46154,-0.02208201892744477
2025-05-19,3100,3115,3075,3085,23232,-0.004838709677419395
2025-05-20,3085,3120,3085,3120,26392,0.011345218800648205
2025-05-21,3120,3135,3110,3125,10021,0.0016025641025640969
2025-05-22,3125,3140,3090,3130,14311,0.0016000000000000458
2025-05-23,3125,3130,3095,3110,22518,-0.006389776357827448
2025-05-26,3110,3160,3095,3145,45514,0.0112540192926045
2025-05-27,3145,3185,3140,3175,26710,0.009538950715421324
2025-05-28,3175,3205,3160,3200,38002,0.007874015748031482
2025-05-29,3200,3260,3195,3250,79999,0.015625
2025-05-30,3225,3335,3220,3325,72214,0.023076923076922995
2025-06-02,3325,3350,3300,3350,57081,0.007518796992481258
2025-06-04,3350,3395,3340,3380,45286,0.008955223880596996
2025-06-05,3385,3395,3330,3355,37495,-0.007396449704141994
2025-06-09,3355,3400,3340,3400,80498,0.013412816691505292
2025-06-10,3400,3470,3365,3450,61884,0.014705882352941124
2025-06-11,3450,3600,3400,3550,244597,0.02898550724637672
2025-06-12,3550,3580,3510,3545,79283,-0.0014084507042253502
2025-06-13,3560,3560,3330,3415,114816,-0.03667136812411853
2025-06-16,3390,3440,3365,3430,67791,0.004392386530014614
2025-06-17,3495,3515,3365,3405,61116,-0.007288629737609353
2025-06-18,3405,3440,3390,3440,44062,0.010279001468428861
2025-06-19,3440,3460,3405,3450,13081,0.0029069767441860517
2025-06-20,3450,3480,3405,3460,39732,0.0028985507246377384
2025-06-23,3460,3460,3400,3420,29532,-0.011560693641618491
2025-06-24,3475,3475,3405,3475,38072,0.016081871345029253
