Date,Open,High,Low,Close,Volume,Change
2022-01-03,2425,2495,2425,2495,18308,0.010121457489878471
2022-01-04,2530,2530,2480,2480,16768,-0.006012024048096198
2022-01-05,2550,2550,2475,2480,1291,0.0
2022-01-06,2525,2525,2415,2420,11756,-0.024193548387096753
2022-01-07,2520,2520,2430,2430,5870,0.004132231404958775
2022-01-10,2480,2480,2390,2390,10786,-0.016460905349794275
2022-01-11,2440,2440,2375,2380,11885,-0.004184100418409997
2022-01-12,2370,2435,2370,2435,13995,0.02310924369747891
2022-01-13,2520,2520,2390,2405,7135,-0.012320328542094416
2022-01-14,2350,2410,2350,2395,6032,-0.004158004158004158
2022-01-17,2415,2425,2355,2405,10376,0.0041753653444676075
2022-01-18,2445,2445,2340,2360,24331,-0.018711018711018657
2022-01-19,2280,2360,2280,2345,16665,-0.006355932203389814
2022-01-20,2365,2370,2335,2370,15442,0.010660980810234477
2022-01-21,2385,2400,2340,2395,46451,0.010548523206751037
2022-01-24,2385,2385,2330,2345,8108,-0.02087682672233826
2022-01-25,2370,2370,2240,2250,9949,-0.04051172707889128
2022-01-26,2290,2365,2250,2310,34241,0.026666666666666616
2022-01-27,2350,2350,2190,2245,16678,-0.02813852813852813
2022-01-28,2220,2300,2220,2275,15312,0.013363028953229383
2022-02-03,2300,2370,2295,2320,7983,0.01978021978021971
2022-02-04,2380,2380,2290,2335,10372,0.006465517241379226
2022-02-07,2355,2355,2310,2330,4882,-0.0021413276231263545
2022-02-08,2380,2380,2335,2365,1567,0.015021459227467782
2022-02-09,2400,2400,2345,2360,9145,-0.0021141649048626032
2022-02-10,2390,2395,2360,2370,73143,0.004237288135593209
2022-02-11,3000,3080,3000,3080,666931,0.29957805907172985
2022-02-14,2925,2925,2510,2510,699515,-0.18506493506493504
2022-02-15,2420,2420,2295,2335,226204,-0.06972111553784865
2022-02-16,2350,2355,2315,2355,111290,0.008565310492505418
2022-02-17,2335,2400,2310,2345,142211,-0.00424628450106157
2022-02-18,2325,2385,2325,2385,82235,0.017057569296375252
2022-02-21,2330,2370,2330,2345,44449,-0.016771488469601636
2022-02-22,2290,2310,2290,2295,40091,-0.021321961620469065
2022-02-23,2295,2335,2295,2300,25017,0.002178649237472685
2022-02-24,2295,2295,2200,2240,52898,-0.02608695652173909
2022-02-25,2260,2275,2240,2240,18232,0.0
2022-02-28,2250,2275,2245,2255,23995,0.006696428571428603
2022-03-02,2250,2265,2250,2260,17458,0.0022172949002217113
2022-03-03,2320,2320,2280,2285,24337,0.01106194690265494
2022-03-04,2290,2290,2265,2275,23347,-0.004376367614879695
2022-03-07,2265,2275,2225,2230,21040,-0.01978021978021982
2022-03-08,2225,2240,2220,2220,23708,-0.004484304932735439
2022-03-10,2250,2270,2235,2265,14597,0.020270270270270174
2022-03-11,2225,2290,2225,2290,8031,0.011037527593819041
2022-03-14,2290,2290,2250,2270,9471,-0.008733624454148492
2022-03-15,2260,2300,2260,2275,4805,0.0022026431718060735
2022-03-16,2295,2320,2295,2300,24928,0.01098901098901095
2022-03-17,2300,2330,2300,2325,13153,0.010869565217391353
2022-03-18,2350,2360,2335,2335,34356,0.004301075268817289
2022-03-21,2350,2350,2310,2330,20494,-0.0021413276231263545
2022-03-22,2335,2335,2300,2310,9082,-0.008583690987124415
2022-03-23,2335,2335,2315,2315,16517,0.0021645021645022577
2022-03-24,2330,2330,2290,2305,12925,-0.004319654427645814
2022-03-25,2300,2325,2300,2320,2465,0.006507592190889477
2022-03-28,2345,2345,2315,2330,7030,0.004310344827586299
2022-03-29,2345,2385,2345,2370,19315,0.01716738197424883
2022-03-30,2420,2420,2350,2360,9576,-0.00421940928270037
2022-03-31,2330,2420,2330,2415,25884,0.02330508474576276
2022-04-01,2410,2410,2365,2390,15999,-0.010351966873705987
2022-04-04,2420,2420,2400,2410,18250,0.008368200836819994
2022-04-05,2430,2430,2375,2410,5303,0.0
2022-04-06,2410,2410,2375,2410,5598,0.0
2022-04-07,2400,2425,2365,2380,13560,-0.012448132780082943
2022-04-08,2380,2450,2370,2440,12760,0.025210084033613356
2022-04-11,2480,2480,2415,2450,24156,0.004098360655737654
2022-04-12,2470,2470,2415,2415,10097,-0.014285714285714235
2022-04-13,2465,2465,2430,2465,14029,0.020703933747411973
2022-04-14,2480,2480,2440,2460,7361,-0.0020283975659228792
2022-04-15,2430,2470,2430,2455,4833,-0.002032520325203291
2022-04-18,2480,2485,2445,2485,10933,0.012219959266802416
2022-04-19,2545,2545,2460,2525,13245,0.016096579476861272
2022-04-20,2570,2650,2570,2635,57553,0.0435643564356436
2022-04-21,2600,2620,2595,2615,16532,-0.007590132827324458
2022-04-22,2615,2615,2550,2600,18246,-0.005736137667303964
2022-04-25,2595,2595,2570,2585,14134,-0.005769230769230749
2022-04-26,2700,2700,2600,2670,39162,0.03288201160541582
2022-04-27,2650,2660,2600,2660,19741,-0.0037453183520599342
2022-04-28,2740,2740,2650,2660,9965,0.0
2022-04-29,2680,2680,2615,2625,10954,-0.013157894736842146
2022-05-02,2570,2610,2570,2595,4725,-0.011428571428571455
2022-05-03,2600,2600,2555,2570,9884,-0.009633911368015391
2022-05-04,2660,2660,2550,2615,13364,0.017509727626459082
2022-05-06,2575,2650,2575,2610,15606,-0.0019120458891013214
2022-05-09,2570,2570,2440,2440,33045,-0.06513409961685823
2022-05-10,2400,2400,2365,2380,16673,-0.024590163934426257
2022-05-11,2380,2485,2380,2425,18515,0.018907563025210017
2022-05-12,2455,2455,2350,2365,17717,-0.024742268041237137
2022-05-13,2430,2430,2370,2425,9927,0.025369978858351017
2022-05-16,2555,2555,2405,2495,10820,0.028865979381443196
2022-05-17,2480,2480,2415,2445,10474,-0.02004008016032066
2022-05-18,2440,2475,2420,2445,3647,0.0
2022-05-19,2390,2465,2390,2465,15965,0.008179959100204526
2022-05-20,2500,2500,2415,2435,3105,-0.012170385395537497
2022-05-23,2425,2475,2405,2475,18510,0.01642710472279263
2022-05-24,2440,2495,2400,2400,8472,-0.030303030303030276
2022-05-25,2435,2435,2375,2375,3554,-0.01041666666666663
2022-05-26,2390,2400,2375,2395,3968,0.008421052631578885
2022-05-27,2460,2460,2375,2375,4430,-0.008350730688935326
2022-05-30,2425,2475,2425,2475,22221,0.042105263157894646
2022-05-31,2500,2500,2465,2465,10711,-0.004040404040404066
2022-06-02,2500,2500,2435,2465,4638,0.0
2022-06-03,2450,2505,2450,2480,2649,0.006085192697768749
2022-06-07,2550,2550,2490,2500,32840,0.008064516129032251
2022-06-08,2455,2545,2455,2490,15746,-0.0040000000000000036
2022-06-09,2500,2550,2455,2520,9263,0.012048192771084265
2022-06-10,2565,2680,2455,2680,119297,0.06349206349206349
2022-06-13,2555,2670,2555,2635,50164,-0.016791044776119368
2022-06-14,2540,2755,2540,2755,90790,0.04554079696394697
2022-06-15,2900,2900,2650,2690,42099,-0.023593466424682408
2022-06-16,2750,2865,2690,2750,42588,0.02230483271375472
2022-06-17,2700,2785,2700,2745,28616,-0.0018181818181818299
2022-06-20,2880,3100,2700,2845,227311,0.03642987249544616
2022-06-21,2765,2920,2765,2885,34202,0.014059753954305698
2022-06-22,2920,3195,2920,2920,122664,0.0121317157712304
2022-06-23,2920,2920,2390,2460,103782,-0.15753424657534243
2022-06-24,2465,2610,2465,2610,32999,0.060975609756097615
2022-06-27,2620,2850,2620,2805,55972,0.07471264367816088
2022-06-28,2900,2900,2695,2750,19443,-0.019607843137254943
2022-06-29,2685,2800,2655,2800,8876,0.018181818181818077
2022-06-30,2750,2750,2605,2610,22259,-0.06785714285714284
2022-07-01,2700,2780,2600,2620,25863,0.003831417624521105
2022-07-04,2850,2850,2550,2600,47148,-0.007633587786259555
2022-07-05,2630,2670,2625,2640,20427,0.01538461538461533
2022-07-06,2580,2630,2550,2555,45685,-0.032196969696969724
2022-07-07,2525,2585,2525,2560,10216,0.001956947162426559
2022-07-08,2550,2550,2525,2525,13883,-0.013671875
2022-07-11,2520,2520,2480,2480,13253,-0.017821782178217838
2022-07-12,2480,2480,2450,2480,19485,0.0
2022-07-13,2505,2580,2490,2540,2396,0.024193548387096753
2022-07-14,2675,2675,2465,2500,8120,-0.015748031496062964
2022-07-15,2475,2530,2475,2510,17502,0.0040000000000000036
2022-07-18,2575,2575,2520,2520,1776,0.003984063745019917
2022-07-19,2570,2570,2480,2480,2415,-0.015873015873015928
2022-07-20,2485,2495,2465,2465,12519,-0.006048387096774244
2022-07-21,2420,2460,2420,2450,7286,-0.006085192697768749
2022-07-22,2540,2540,2445,2450,6291,0.0
2022-07-25,2410,2450,2410,2430,10093,-0.008163265306122436
2022-07-26,2500,2500,2430,2450,1639,0.008230452674897082
2022-07-27,2450,2525,2450,2520,1697,0.02857142857142847
2022-07-28,2540,2540,2520,2520,425,0.0
2022-07-29,2550,2550,2475,2510,2531,-0.003968253968253954
2022-08-01,2445,2490,2445,2490,3720,-0.007968127490039834
2022-08-02,2505,2530,2500,2500,14927,0.004016064257028162
2022-08-03,2535,2535,2460,2515,2479,0.006000000000000005
2022-08-04,2540,2540,2475,2490,1969,-0.00994035785288272
2022-08-05,2545,2545,2505,2510,1329,0.008032128514056325
2022-08-08,2525,2525,2490,2515,8408,0.0019920318725099584
2022-08-09,2515,2515,2465,2515,1128,0.0
2022-08-10,2530,2530,2470,2500,3631,-0.005964214711729587
2022-08-11,2520,2520,2485,2510,3309,0.0040000000000000036
2022-08-12,2530,2530,2485,2520,2472,0.003984063745019917
2022-08-16,2525,2525,2490,2520,1693,0.0
2022-08-17,2485,2485,2420,2450,50854,-0.02777777777777779
2022-08-18,2450,2450,2435,2445,2516,-0.0020408163265306367
2022-08-19,2455,2460,2445,2445,6558,0.0
2022-08-22,2445,2445,2425,2440,1577,-0.002044989775051076
2022-08-23,2400,2440,2400,2430,2279,-0.004098360655737654
2022-08-24,2470,2470,2400,2445,13428,0.006172839506172867
2022-08-25,2480,2480,2435,2445,841,0.0
2022-08-26,2480,2480,2455,2470,1479,0.010224948875255713
2022-08-29,2450,2460,2415,2440,2254,-0.012145748987854255
2022-08-30,2440,2440,2400,2430,2439,-0.004098360655737654
2022-08-31,2470,2470,2400,2430,5358,0.0
2022-09-01,2430,2430,2305,2385,14617,-0.01851851851851849
2022-09-02,2400,2400,2335,2400,7682,0.0062893081761006275
2022-09-05,2400,2400,2355,2390,694,-0.004166666666666652
2022-09-06,2390,2435,2380,2425,8924,0.014644351464435212
2022-09-07,2420,2420,2350,2370,3232,-0.02268041237113405
2022-09-08,2390,2390,2340,2385,2194,0.006329113924050667
2022-09-13,2445,2445,2335,2335,2076,-0.02096436058700213
2022-09-14,2335,2335,2275,2320,6324,-0.0064239828693790635
2022-09-15,2340,2340,2305,2305,842,-0.006465517241379337
2022-09-16,2340,2340,2300,2305,2143,0.0
2022-09-19,2300,2300,2205,2300,13734,-0.002169197396963085
2022-09-20,2295,2295,2220,2220,16189,-0.034782608695652195
2022-09-21,2245,2255,2210,2225,16316,0.0022522522522523403
2022-09-22,2215,2245,2130,2245,28746,0.008988764044943753
2022-09-23,2240,2240,2155,2180,6058,-0.028953229398663738
2022-09-26,2055,2080,1950,1980,18559,-0.09174311926605505
2022-09-27,1980,1995,1935,1970,5096,-0.005050505050505083
2022-09-28,1945,1945,1825,1930,17598,-0.02030456852791873
2022-09-29,1930,1930,1865,1900,13729,-0.015544041450777257
2022-09-30,1850,1905,1850,1900,7750,0.0
2022-10-04,1945,1945,1900,1905,10918,0.002631578947368318
2022-10-05,1935,1935,1890,1910,1511,0.002624671916010568
2022-10-06,1930,2030,1930,2000,12864,0.04712041884816753
2022-10-07,2000,2020,1955,1985,10302,-0.007499999999999951
2022-10-11,1965,1965,1925,1940,2920,-0.02267002518891692
2022-10-12,2050,2050,1920,1945,3383,0.002577319587628857
2022-10-13,1900,1900,1870,1885,4737,-0.03084832904884316
2022-10-14,1920,1925,1890,1925,11329,0.021220159151193574
2022-10-17,1850,1975,1850,1925,3823,0.0
2022-10-18,1940,1960,1920,1940,3092,0.007792207792207684
2022-10-19,1965,1965,1900,1900,5802,-0.020618556701030966
2022-10-20,1915,2115,1910,2115,41170,0.11315789473684212
2022-10-21,2110,2115,2025,2025,7671,-0.04255319148936165
2022-10-24,2010,2060,2010,2050,10791,0.012345679012345734
2022-10-25,2080,2220,2040,2195,21731,0.07073170731707323
2022-10-26,2195,2260,2125,2260,14602,0.029612756264236983
2022-10-27,2270,2575,2270,2575,69278,0.13938053097345127
2022-10-28,2470,2635,2445,2595,52654,0.007766990291262044
2022-10-31,2590,2725,2590,2725,70082,0.050096339113680166
2022-11-01,2830,2830,2560,2560,25682,-0.06055045871559628
2022-11-02,2650,2650,2505,2520,3624,-0.015625
2022-11-03,2415,2520,2415,2480,6333,-0.015873015873015928
2022-11-04,2480,2540,2445,2530,4843,0.02016129032258074
2022-11-07,2565,2590,2495,2565,1055,0.01383399209486158
2022-11-08,2500,2650,2450,2635,9560,0.02729044834308003
2022-11-09,2670,2670,2560,2660,5681,0.009487666034155628
2022-11-10,2605,2660,2605,2650,5946,-0.003759398496240629
2022-11-11,2650,2735,2585,2645,11130,-0.0018867924528301883
2022-11-14,2645,2650,2645,2645,6191,0.0
2022-11-15,2650,2650,2540,2650,7357,0.001890359168241984
2022-11-16,2650,2650,2600,2600,4144,-0.018867924528301883
2022-11-17,2645,2645,2560,2610,215,0.0038461538461538325
2022-11-18,2665,2665,2540,2615,2007,0.0019157088122605526
2022-11-21,2615,2635,2570,2630,12033,0.005736137667303964
2022-11-22,2630,2670,2625,2630,22115,0.0
2022-11-23,2630,2630,2590,2610,3613,-0.0076045627376425395
2022-11-24,2675,2675,2645,2675,5951,0.02490421455938696
2022-11-25,2700,2700,2615,2615,8066,-0.02242990654205612
2022-11-28,2675,2675,2550,2565,3365,-0.019120458891013437
2022-11-29,2600,2680,2530,2630,6039,0.025341130604288553
2022-11-30,2630,2700,2630,2700,14040,0.026615969581748944
2022-12-01,2740,2780,2725,2780,33168,0.029629629629629672
2022-12-02,2845,2930,2780,2860,97307,0.02877697841726623
2022-12-05,2900,3020,2900,2995,121733,0.0472027972027973
2022-12-06,2950,2950,2810,2810,38208,-0.06176961602671116
2022-12-07,2850,2850,2520,2525,58784,-0.10142348754448394
2022-12-08,2570,2575,2465,2575,19628,0.01980198019801982
2022-12-09,2410,2600,2410,2600,19689,0.009708737864077666
2022-12-12,2550,2600,2520,2540,15574,-0.023076923076923106
2022-12-13,2505,2505,2460,2460,20568,-0.03149606299212604
2022-12-14,2490,2490,2445,2465,8090,0.00203252032520318
2022-12-15,2455,2490,2445,2460,14318,-0.0020283975659228792
2022-12-16,2430,2590,2395,2400,19878,-0.024390243902439046
2022-12-19,2400,2450,2310,2310,9742,-0.03749999999999998
2022-12-20,2380,2380,2305,2320,7736,0.0043290043290042934
2022-12-21,2320,2380,2285,2330,3851,0.004310344827586299
2022-12-22,2400,2450,2335,2430,7993,0.0429184549356223
2022-12-23,2460,2460,2370,2400,9421,-0.012345679012345734
2022-12-26,2560,2560,2425,2450,3537,0.02083333333333326
2022-12-27,2500,2500,2400,2400,10038,-0.020408163265306145
2022-12-28,2425,2430,2230,2230,16105,-0.0708333333333333
2022-12-29,2230,2365,2230,2325,11488,0.04260089686098656
2023-01-02,2325,2325,2280,2325,7158,0.0
2023-01-03,2305,2305,2200,2295,4798,-0.012903225806451646
2023-01-04,2295,2295,2215,2265,17468,-0.013071895424836555
2023-01-05,2240,2320,2240,2290,4607,0.011037527593819041
2023-01-06,2320,2320,2290,2315,4023,0.01091703056768556
2023-01-09,2270,2360,2270,2360,18178,0.01943844492440605
2023-01-10,2370,2430,2325,2430,23329,0.029661016949152463
2023-01-11,2460,2460,2390,2405,12942,-0.010288065843621408
2023-01-12,2405,2405,2380,2405,7766,0.0
2023-01-13,2405,2450,2405,2440,5107,0.01455301455301461
2023-01-16,2450,2450,2410,2435,7480,-0.002049180327868827
2023-01-17,2570,3165,2470,3165,3106221,0.299794661190965
2023-01-18,3120,4110,3020,3895,5215885,0.23064770932069512
2023-01-19,3775,4580,3535,3650,3976379,-0.06290115532734275
2023-01-20,3550,3700,3305,3330,274588,-0.0876712328767123
2023-01-25,3325,3325,3175,3230,243281,-0.03003003003003002
2023-01-26,3250,3380,3170,3290,191734,0.018575851393188847
2023-01-27,3190,3190,3130,3135,120828,-0.04711246200607899
2023-01-30,3100,3100,2975,2975,143701,-0.05103668261562999
2023-01-31,2780,2890,2780,2885,218353,-0.030252100840336138
2023-02-01,2845,2940,2830,2940,93805,0.01906412478336228
2023-02-02,2940,2940,2890,2890,48126,-0.017006802721088454
2023-02-03,2890,2910,2835,2910,89295,0.006920415224913601
2023-02-06,2900,2900,2815,2830,90466,-0.027491408934707917
2023-02-07,2830,2840,2805,2840,37864,0.0035335689045936647
2023-02-08,2835,2860,2820,2820,43223,-0.007042253521126751
2023-02-09,2790,2790,2760,2760,49384,-0.021276595744680882
2023-02-10,2760,3585,2735,3585,341293,0.298913043478261
2023-02-13,3430,3540,3210,3240,217476,-0.09623430962343094
2023-02-14,3240,3240,3140,3200,104709,-0.012345679012345734
2023-02-15,3180,3755,3080,3450,303776,0.078125
2023-02-16,3455,3530,3285,3495,180355,0.01304347826086949
2023-02-17,3365,3700,3365,3480,112056,-0.0042918454935622075
2023-02-20,3440,3480,3415,3445,87784,-0.010057471264367845
2023-02-21,3480,3650,3480,3490,60349,0.013062409288824295
2023-02-22,3490,3590,3350,3350,64314,-0.04011461318051579
2023-02-23,3355,3390,3355,3390,64801,0.011940298507462588
2023-02-24,3390,3390,3230,3255,45557,-0.03982300884955747
2023-02-27,3260,3260,3190,3190,47217,-0.019969278033794113
2023-02-28,3280,3695,3280,3490,120989,0.09404388714733547
2023-03-02,3450,3755,3450,3705,121014,0.06160458452722062
2023-03-03,3675,3695,3565,3695,50209,-0.0026990553306343035
2023-03-06,3600,3690,3600,3650,67927,-0.012178619756427644
2023-03-07,3605,3605,3500,3515,52366,-0.03698630136986303
2023-03-08,3510,3515,3440,3510,35446,-0.0014224751066855834
2023-03-09,3455,3640,3455,3640,64213,0.03703703703703698
2023-03-10,3600,3610,3515,3520,47453,-0.03296703296703296
2023-03-13,3465,3465,3300,3315,83046,-0.058238636363636354
2023-03-14,3350,3350,3100,3100,88599,-0.06485671191553544
2023-03-15,3150,3350,3150,3245,38557,0.04677419354838719
2023-03-16,3170,3200,3155,3200,30693,-0.013867488443759624
2023-03-17,3310,3340,3275,3315,27782,0.035937499999999956
2023-03-20,3295,3510,3295,3445,83062,0.03921568627450989
2023-03-21,3580,3580,3350,3350,27195,-0.027576197387518153
2023-03-22,3350,3350,3240,3245,27565,-0.0313432835820896
2023-03-23,3180,3200,3165,3195,27116,-0.015408320493066285
2023-03-24,3300,3355,3230,3275,29988,0.025039123630672844
2023-03-27,3250,3330,3220,3330,31472,0.016793893129771087
2023-03-28,3330,3475,3305,3430,34178,0.03003003003003002
2023-03-29,3405,3405,3320,3350,34708,-0.023323615160349864
2023-03-30,3380,3440,3330,3400,16556,0.014925373134328401
2023-03-31,3435,3435,3250,3300,44897,-0.02941176470588236
2023-04-03,3295,3480,3290,3480,32429,0.05454545454545445
2023-04-04,3480,3500,3450,3485,20974,0.001436781609195359
2023-04-05,3485,3580,3485,3525,36051,0.011477761836441891
2023-04-06,3525,3525,3455,3470,30232,-0.015602836879432647
2023-04-07,3465,3465,3420,3425,13082,-0.012968299711815567
2023-04-10,3400,3425,3365,3365,13913,-0.017518248175182438
2023-04-11,3355,3480,3355,3460,41578,0.028231797919762158
2023-04-12,3455,3485,3410,3465,42313,0.0014450867052022698
2023-04-13,3455,4310,3390,4050,253615,0.16883116883116878
2023-04-14,3900,3950,3855,3855,103269,-0.04814814814814816
2023-04-17,3930,3940,3895,3900,50957,0.011673151750972721
2023-04-18,3905,3905,3800,3810,39154,-0.023076923076923106
2023-04-19,3810,3835,3805,3815,68927,0.001312335958005173
2023-04-20,3810,4100,3810,3870,57293,0.014416775884665833
2023-04-21,3860,4015,3800,3960,31155,0.023255813953488413
2023-04-24,3960,3960,3870,3900,14712,-0.015151515151515138
2023-04-25,3890,3970,3825,3860,39812,-0.01025641025641022
2023-04-26,3885,3910,3800,3800,19714,-0.015544041450777257
2023-04-27,3830,3830,3675,3710,25298,-0.023684210526315752
2023-04-28,3740,3825,3700,3740,18079,0.008086253369272267
2023-05-02,3750,3850,3700,3700,28252,-0.010695187165775444
2023-05-03,3600,3660,3600,3600,30267,-0.027027027027026973
2023-05-04,3600,3715,3600,3660,17798,0.016666666666666607
2023-05-08,3660,3765,3660,3720,9280,0.016393442622950838
2023-05-09,3720,3765,3695,3695,10215,-0.006720430107526876
2023-05-10,3695,3765,3695,3765,21089,0.018944519621109546
2023-05-11,3800,3860,3705,3705,26569,-0.015936254980079667
2023-05-12,3700,3780,3700,3710,19492,0.0013495276653170407
2023-05-15,3650,3710,3505,3560,15298,-0.040431266846361225
2023-05-16,3560,3615,3460,3460,9397,-0.028089887640449396
2023-05-17,3500,3540,3470,3470,19161,0.0028901734104045396
2023-05-18,3500,3580,3400,3530,11100,0.01729106628242083
2023-05-19,3560,3560,3450,3485,6053,-0.012747875354107596
2023-05-22,3485,3500,3440,3445,14580,-0.011477761836441891
2023-05-23,3400,3435,3375,3375,12242,-0.020319303338171224
2023-05-24,3330,3360,3315,3325,19443,-0.014814814814814836
2023-05-25,3330,3410,3330,3350,13832,0.007518796992481258
2023-05-26,3350,3400,3325,3350,7216,0.0
2023-05-30,3350,3350,3300,3300,20740,-0.014925373134328401
2023-05-31,3300,3300,3280,3285,3394,-0.004545454545454519
2023-06-01,3395,3395,3280,3280,9333,-0.0015220700152207556
2023-06-02,3325,3325,3305,3320,10930,0.012195121951219523
2023-06-05,3320,3320,3280,3290,5216,-0.009036144578313254
2023-06-07,3290,3370,3290,3300,10778,0.003039513677811634
2023-06-08,3270,3340,3270,3315,1832,0.00454545454545463
2023-06-09,3345,3400,3345,3390,3622,0.02262443438914019
2023-06-12,3380,3445,3330,3445,4057,0.016224188790560534
2023-06-13,3435,3480,3365,3390,9357,-0.01596516690856309
2023-06-14,3390,3390,3345,3345,5187,-0.013274336283185861
2023-06-15,3360,3380,3355,3365,1477,0.005979073243647326
2023-06-16,3435,3435,3290,3305,13733,-0.017830609212481474
2023-06-19,3305,3305,3180,3225,34581,-0.024205748865355536
2023-06-20,3180,3195,3175,3190,4006,-0.010852713178294615
2023-06-21,3140,3230,3140,3195,4903,0.0015673981191222097
2023-06-22,3195,3195,3140,3140,3853,-0.017214397496087663
2023-06-23,3140,3160,3095,3095,6422,-0.014331210191082855
2023-06-26,3135,3145,3110,3115,15825,0.00646203554119551
2023-06-27,3145,3165,3110,3130,10742,0.0048154093097914075
2023-06-28,3130,3190,3130,3160,4414,0.009584664536741228
2023-06-29,3195,3195,3135,3135,3870,-0.007911392405063333
2023-06-30,3220,3220,2990,3175,3998,0.012759170653907415
2023-07-03,3165,3165,3060,3060,13163,-0.03622047244094484
2023-07-04,3105,3120,3055,3100,7312,0.013071895424836555
2023-07-05,3050,3085,3020,3030,18363,-0.022580645161290325
2023-07-06,2980,3020,2845,2845,10558,-0.06105610561056107
2023-07-07,2900,2935,2895,2905,6591,0.02108963093145877
2023-07-10,2905,2945,2890,2920,5538,0.005163511187607606
2023-07-11,3040,3040,2940,2940,7389,0.006849315068493178
2023-07-12,2940,2940,2890,2930,5619,-0.003401360544217691
2023-07-13,2930,2965,2830,2855,16296,-0.025597269624573427
2023-07-14,2855,2855,2850,2855,1914,0.0
2023-07-17,2890,3000,2850,3000,16148,0.05078809106830118
2023-07-18,3060,3060,2970,2990,44121,-0.0033333333333332993
2023-07-19,2990,3030,2980,2985,364,-0.0016722408026755842
2023-07-20,3000,3000,2970,3000,4026,0.005025125628140614
2023-07-21,3065,3065,2900,3030,5912,0.010000000000000009
2023-07-24,3020,3020,2855,2860,11055,-0.05610561056105612
2023-07-25,2960,2960,2710,2720,16928,-0.04895104895104896
2023-07-26,2720,2720,2270,2380,112074,-0.125
2023-07-27,2480,2510,2430,2460,13695,0.03361344537815136
2023-07-28,2485,2700,2485,2605,19360,0.05894308943089421
2023-07-31,2630,2720,2630,2700,6262,0.03646833013435691
2023-08-01,2700,2705,2685,2700,3898,0.0
2023-08-02,2700,2735,2680,2690,9910,-0.0037037037037036535
2023-08-03,2690,2790,2690,2760,4435,0.026022304832713727
2023-08-04,2765,3100,2765,2960,36129,0.07246376811594213
2023-08-07,3000,3125,2960,3125,23498,0.0557432432432432
2023-08-08,3130,3130,3060,3100,16701,-0.008000000000000007
2023-08-09,3050,3200,3050,3090,13153,-0.003225806451612856
2023-08-10,3060,3130,3010,3030,4676,-0.01941747572815533
2023-08-11,3000,3185,3000,3185,44962,0.05115511551155105
2023-08-14,3150,3380,3150,3230,46253,0.014128728414442682
2023-08-16,3230,3510,3230,3370,67925,0.04334365325077405
2023-08-17,3370,3370,3200,3365,29493,-0.0014836795252225476
2023-08-18,3355,3475,3300,3475,40597,0.03268945022288272
2023-08-21,3510,3700,3510,3625,51047,0.043165467625899234
2023-08-22,3680,3680,3490,3490,71649,-0.03724137931034488
2023-08-23,3480,4500,3480,4230,249809,0.21203438395415475
2023-08-24,4060,4380,4015,4300,175919,0.016548463356973908
2023-08-25,4775,5590,4545,5590,1790660,0.30000000000000004
2023-08-28,6210,7000,6010,6660,1789676,0.19141323792486586
2023-08-29,7140,7170,5610,6120,947035,-0.08108108108108103
2023-08-30,6050,6410,5930,6200,324290,0.013071895424836555
2023-08-31,6050,6140,5630,5780,288691,-0.06774193548387097
2023-09-01,5820,6300,5690,6000,554254,0.03806228373702414
2023-09-04,5770,6330,5770,6230,214998,0.03833333333333333
2023-09-05,6540,6640,6050,6200,1066488,-0.0048154093097912964
2023-09-06,6290,6620,5800,6500,351001,0.048387096774193505
2023-09-07,6400,6530,5580,5650,301455,-0.13076923076923075
2023-09-08,5640,6200,5270,6000,327576,0.06194690265486735
2023-09-11,6000,6590,5890,6240,310189,0.040000000000000036
2023-09-12,6110,6450,6060,6240,193880,0.0
2023-09-13,6310,6660,6040,6660,351249,0.06730769230769229
2023-09-14,6400,6500,5920,6370,238055,-0.043543543543543506
2023-09-15,5990,6050,5860,5980,62790,-0.061224489795918324
2023-09-18,5850,6020,5850,5910,65266,-0.01170568561872909
2023-09-19,6030,6030,5320,5320,84698,-0.09983079526226735
2023-09-20,5270,5270,4955,4990,96754,-0.06203007518796988
2023-09-21,4930,4930,4645,4795,111154,-0.039078156312625234
2023-09-22,5170,5170,4330,4785,141643,-0.002085505735140769
2023-09-25,4995,5480,4800,5100,243065,0.0658307210031348
2023-09-26,4940,5080,4680,4935,120772,-0.032352941176470584
2023-09-27,4360,4780,4360,4500,149450,-0.08814589665653494
2023-10-04,4465,4645,4210,4460,134160,-0.008888888888888835
2023-10-05,4600,5340,4450,5100,207194,0.1434977578475336
2023-10-06,5000,6070,4925,5510,356352,0.08039215686274503
2023-10-10,5500,5580,4995,5440,168414,-0.012704174228675091
2023-10-11,5400,5500,5330,5490,51062,0.009191176470588314
2023-10-12,5400,6000,5400,5940,63902,0.08196721311475419
2023-10-13,5880,5880,5650,5800,26254,-0.023569023569023573
2023-10-16,5760,5800,5600,5740,25909,-0.010344827586206917
2023-10-17,5800,6000,5800,5900,44978,0.027874564459930307
2023-10-18,5850,5970,5850,5970,38151,0.011864406779660941
2023-10-19,5900,6480,5690,5990,181459,0.003350083752093891
2023-10-20,6100,6290,5800,6110,92482,0.02003338898163598
2023-10-23,6310,6550,4900,5120,312755,-0.1620294599018003
2023-10-24,5160,5490,5160,5470,26930,0.068359375
2023-10-25,5510,5510,5340,5340,13025,-0.02376599634369292
2023-10-26,5230,5230,4940,5160,27801,-0.0337078651685393
2023-10-27,5260,5260,4960,4965,17418,-0.03779069767441856
2023-10-30,5000,5250,5000,5240,8790,0.05538771399798592
2023-10-31,5370,5370,5000,5010,11824,-0.043893129770992356
2023-11-01,5110,5280,5060,5100,10095,0.017964071856287456
2023-11-02,5170,5170,4910,4935,23027,-0.032352941176470584
2023-11-03,4950,4950,4800,4830,26458,-0.021276595744680882
2023-11-06,4810,4810,4525,4525,26253,-0.06314699792960665
2023-11-07,4500,4910,4500,4910,37213,0.08508287292817673
2023-11-08,4850,4870,4680,4680,15798,-0.046843177189409335
2023-11-09,4590,4800,4590,4730,8125,0.010683760683760646
2023-11-10,4655,4810,4655,4780,8085,0.010570824524312794
2023-11-13,4815,5080,4815,5030,40743,0.05230125523012563
2023-11-14,5060,5380,5030,5350,34272,0.06361829025844923
2023-11-15,5250,5650,5250,5650,22734,0.05607476635514019
2023-11-16,5840,5840,5670,5800,52825,0.026548672566371723
2023-11-17,5800,5800,5530,5600,31567,-0.03448275862068961
2023-11-20,6050,6050,5700,5810,85294,0.03750000000000009
2023-11-21,5760,5760,5400,5500,82162,-0.05335628227194489
2023-11-22,5450,5600,5450,5490,64481,-0.0018181818181818299
2023-11-23,5420,5480,5270,5280,44176,-0.03825136612021862
2023-11-24,5200,5200,4960,5020,68494,-0.0492424242424242
2023-11-27,4965,4965,4000,4480,236012,-0.10756972111553786
2023-11-28,4545,4930,4525,4795,106494,0.0703125
2023-11-29,4795,5100,4605,4770,123113,-0.005213764337851923
2023-11-30,6200,6200,6200,6200,163451,0.29979035639413
2023-12-01,8060,8060,7900,8060,843954,0.30000000000000004
2023-12-04,10470,10470,9770,10470,1216896,0.2990074441687345
2023-12-05,9000,12930,7560,11400,12463500,0.08882521489971351
2023-12-06,11600,14650,11400,14090,9377323,0.2359649122807017
2023-12-07,14990,17240,12800,13320,6012869,-0.05464868701206527
2023-12-08,13560,14170,11020,11190,4546721,-0.15990990990990994
2023-12-11,10590,13200,10310,11050,5452738,-0.01251117068811436
2023-12-12,10700,11090,9750,9960,1584319,-0.09864253393665157
2023-12-13,10100,10550,9760,9890,1158484,-0.007028112449799173
2023-12-14,10440,10440,9040,9830,849845,-0.006066734074823055
2023-12-15,9830,10800,9750,10550,1384699,0.07324516785350976
2023-12-18,13490,13710,11350,12370,2600978,0.17251184834123223
2023-12-19,12300,12300,11150,11430,1257882,-0.07599029911075184
2023-12-20,12050,12360,11020,11550,837963,0.01049868766404205
2023-12-21,11200,12870,9530,9580,3519068,-0.17056277056277058
2023-12-22,8910,9950,8500,9400,1209810,-0.018789144050104345
2023-12-26,9180,9700,7970,7970,697842,-0.15212765957446805
2023-12-27,7450,7580,6710,7010,974649,-0.12045169385194476
2023-12-28,7250,8930,7250,8180,584442,0.16690442225392288
2024-01-02,7900,8370,7880,8180,250206,0.0
2024-01-03,8300,8300,7950,8090,107033,-0.011002444987775029
2024-01-04,7800,7800,7400,7400,124321,-0.08529048207663781
2024-01-05,7540,8000,7200,8000,94563,0.08108108108108114
2024-01-08,7600,7710,7600,7640,75560,-0.04500000000000004
2024-01-09,7510,7650,7400,7550,84729,-0.011780104712041939
2024-01-10,7700,7700,7240,7250,91513,-0.039735099337748325
2024-01-11,7250,7250,6890,7030,105107,-0.030344827586206935
2024-01-12,6760,6760,6330,6650,102810,-0.05405405405405406
2024-01-15,6800,6800,6430,6430,61611,-0.03308270676691727
2024-01-16,6260,6260,5890,5920,133275,-0.07931570762052875
2024-01-17,5860,5860,5500,5500,114035,-0.07094594594594594
2024-01-18,5670,5670,5470,5550,51333,0.009090909090909038
2024-01-19,5500,5930,5500,5850,51523,0.054054054054053946
2024-01-22,5400,5400,5060,5250,163827,-0.10256410256410253
2024-01-23,5250,6520,5250,6490,230084,0.23619047619047628
2024-01-24,5920,5920,5500,5500,117918,-0.15254237288135597
2024-01-25,5400,5550,5400,5400,65117,-0.018181818181818188
2024-01-26,5430,5650,5430,5650,30577,0.04629629629629628
2024-01-29,5650,5650,5380,5430,29777,-0.038938053097345104
2024-01-30,5410,5410,5290,5400,44502,-0.0055248618784530246
2024-01-31,5340,5530,5340,5400,23707,0.0
2024-02-01,5390,5390,5240,5340,36671,-0.011111111111111072
2024-02-02,5340,5440,5340,5420,28773,0.014981273408239737
2024-02-05,5410,5410,5350,5410,24948,-0.0018450184501844769
2024-02-06,5370,5390,5270,5270,21213,-0.025878003696857665
2024-02-07,5250,5760,5250,5400,44854,0.024667931688804545
2024-02-08,5620,5620,5470,5620,40133,0.040740740740740744
2024-02-13,5670,5900,5670,5810,54152,0.03380782918149472
2024-02-14,5660,6100,5660,6050,40764,0.04130808950086062
2024-02-15,6100,6420,6100,6150,45486,0.016528925619834656
2024-02-16,6180,6290,6080,6250,28018,0.016260162601626105
2024-02-19,6490,6500,6360,6380,51292,0.02079999999999993
2024-02-20,6410,6410,6180,6180,27095,-0.031347962382445194
2024-02-21,6200,6200,5900,5900,48002,-0.04530744336569581
2024-02-22,5820,5820,5700,5700,40455,-0.03389830508474578
2024-02-23,5800,5840,5730,5840,31699,0.024561403508772006
2024-02-26,5750,5750,5710,5720,27518,-0.020547945205479423
2024-02-27,5700,5700,5480,5510,41100,-0.036713286713286664
2024-02-28,5500,5630,5500,5560,37799,0.00907441016333932
2024-02-29,5570,5570,5470,5510,28275,-0.008992805755395739
2024-03-04,5500,6160,5500,6160,44018,0.11796733212341204
2024-03-05,6000,6050,5850,5850,26838,-0.05032467532467533
2024-03-06,5870,6040,5840,5940,19113,0.01538461538461533
2024-03-07,5940,5940,5660,5700,27837,-0.04040404040404044
2024-03-08,5710,5710,5480,5520,42821,-0.03157894736842104
2024-03-11,5520,5520,5400,5430,29866,-0.016304347826086918
2024-03-12,5470,5470,5160,5180,42790,-0.046040515653775316
2024-03-13,6600,6600,5450,5520,95360,0.06563706563706573
2024-03-14,5510,5510,5210,5390,43578,-0.023550724637681153
2024-03-15,5490,5620,5360,5470,29976,0.014842300556586308
2024-03-18,5400,5400,5260,5310,41352,-0.029250457038391242
2024-03-19,5270,5270,5180,5200,44189,-0.020715630885122405
2024-03-20,5200,5230,5080,5080,34625,-0.023076923076923106
2024-03-21,5080,5200,5000,5000,35451,-0.015748031496062964
2024-03-22,4920,4920,4775,4850,71857,-0.030000000000000027
2024-03-25,4930,4930,4725,4745,26115,-0.02164948453608251
2024-03-26,4795,4795,4465,4500,65698,-0.05163329820864071
2024-03-27,4455,4455,4255,4285,73088,-0.04777777777777781
2024-03-28,4240,4240,4105,4105,55288,-0.04200700116686118
2024-03-29,4155,4400,4155,4375,59483,0.06577344701583443
2024-04-01,4335,4350,4205,4250,30051,-0.02857142857142858
2024-04-02,4235,4235,4110,4130,28673,-0.028235294117647025
2024-04-03,4130,4145,4055,4130,29078,0.0
2024-04-04,4120,4130,4080,4080,24417,-0.01210653753026636
2024-04-05,4005,4005,3915,3950,23963,-0.031862745098039214
2024-04-08,3850,3850,3745,3745,27192,-0.051898734177215244
2024-04-09,3715,4245,3715,3990,94897,0.06542056074766345
2024-04-11,3420,3475,3180,3435,132353,-0.13909774436090228
2024-04-12,3385,3510,3385,3500,43470,0.018922852983988436
2024-04-15,3415,3460,3360,3460,26378,-0.011428571428571455
2024-04-16,3430,3900,3430,3900,50185,0.12716763005780352
2024-04-17,3860,3950,3860,3930,44142,0.007692307692307665
2024-04-18,3930,4260,3930,4170,55987,0.06106870229007644
2024-04-19,4210,4210,3920,4090,36787,-0.01918465227817745
2024-04-22,3950,4090,3950,4005,21354,-0.020782396088019572
2024-04-23,4245,4245,3980,4000,15774,-0.0012484394506866447
2024-04-24,4060,4060,3970,3970,24589,-0.007499999999999951
2024-04-25,3960,4010,3950,3990,12152,0.005037783375314797
2024-04-26,3910,3995,3910,3995,18636,0.0012531328320801727
2024-04-29,4050,4095,4015,4060,18721,0.016270337922402955
2024-04-30,4060,4150,4060,4075,18447,0.003694581280788256
2024-05-02,4100,4410,4100,4380,62009,0.07484662576687118
2024-05-03,4380,4440,4325,4400,13938,0.004566210045662045
2024-05-07,4495,4695,4475,4510,47833,0.02499999999999991
2024-05-08,4510,4620,4510,4620,21966,0.024390243902439046
2024-05-09,4680,4680,4600,4600,14072,-0.0043290043290042934
2024-05-10,4605,4650,4585,4590,8651,-0.0021739130434782483
2024-05-13,4650,4760,4590,4760,26156,0.03703703703703698
2024-05-14,4830,4915,4830,4915,54031,0.03256302521008414
2024-05-16,5000,5070,4990,5050,76307,0.02746693794506605
2024-05-17,5020,5200,5020,5200,34674,0.02970297029702973
2024-05-20,5450,5740,5450,5550,76154,0.06730769230769229
2024-05-21,5450,5470,5230,5350,37000,-0.036036036036036
2024-05-22,5300,5300,5100,5130,32979,-0.04112149532710285
2024-05-23,5130,5300,4965,5300,46499,0.033138401559454245
2024-05-24,5200,5280,5160,5160,30279,-0.026415094339622636
2024-05-27,5160,5210,5000,5000,41471,-0.03100775193798455
2024-05-28,5000,5000,4775,4890,32780,-0.02200000000000002
2024-05-29,4890,5100,4865,4920,25045,0.006134969325153339
2024-05-30,4880,4900,4825,4865,15039,-0.011178861788617933
2024-05-31,4905,5250,4860,5160,37499,0.060637204522096644
2024-06-03,5160,5230,5010,5050,48156,-0.02131782945736438
2024-06-04,5000,5080,5000,5080,20636,0.005940594059405946
2024-06-05,5120,5180,5080,5100,10857,0.003937007874015741
2024-06-07,5180,5180,4950,4960,15532,-0.027450980392156876
2024-06-10,5010,5350,5010,5200,35738,0.048387096774193505
2024-06-11,5170,5270,5160,5200,27901,0.0
2024-06-12,5330,5360,5210,5360,22557,0.03076923076923066
2024-06-13,5580,5600,5450,5560,54259,0.03731343283582089
2024-06-14,5630,5650,5520,5580,53358,0.003597122302158251
2024-06-17,5690,5690,5240,5240,35671,-0.06093189964157708
2024-06-18,5110,5110,4995,5080,30261,-0.03053435114503822
2024-06-19,5080,5090,4975,5090,16568,0.0019685039370078705
2024-06-20,5030,5260,5030,5260,36866,0.03339882121807469
2024-06-21,5170,5170,4925,4930,34082,-0.06273764258555137
2024-06-24,4800,4800,4425,4470,53394,-0.09330628803245433
2024-06-25,4440,4595,4440,4585,10185,0.02572706935123037
2024-06-26,4585,4750,4580,4585,22192,0.0
2024-06-27,4585,4585,4490,4490,8550,-0.02071973827699014
2024-06-28,4580,4640,4575,4600,19444,0.024498886414253906
2024-07-01,4600,4600,4425,4430,10507,-0.036956521739130443
2024-07-02,4450,4495,4360,4360,12484,-0.015801354401805856
2024-07-03,4375,4375,4155,4155,12920,-0.047018348623853234
2024-07-04,4155,4160,4150,4155,12441,0.0
2024-07-05,4195,4195,4015,4055,15476,-0.024067388688327362
2024-07-08,4055,4220,4055,4150,19737,0.023427866831072786
2024-07-09,4105,4195,4100,4195,20589,0.010843373493975905
2024-07-10,4285,5450,4285,5450,343935,0.2991656734207391
2024-07-11,5130,5340,4955,5300,224527,-0.02752293577981646
2024-07-12,5150,5430,5070,5300,120199,0.0
2024-07-15,5300,5370,5300,5340,62396,0.007547169811320753
2024-07-16,5220,5220,4885,4915,98501,-0.07958801498127344
2024-07-17,4915,5340,4915,5260,137210,0.07019328585961349
2024-07-18,5140,5330,4680,4880,247421,-0.07224334600760451
2024-07-19,4800,5120,3755,4800,445734,-0.016393442622950838
2024-07-22,4500,4845,4400,4690,187946,-0.022916666666666696
2024-07-23,4680,4845,4490,4845,204465,0.03304904051172697
2024-07-24,4655,4710,4400,4475,154266,-0.07636738906088747
2024-07-25,4360,4740,4330,4505,143794,0.006703910614525244
2024-07-26,4505,4510,4445,4470,45175,-0.007769145394006638
2024-07-29,4425,4650,4425,4585,27593,0.02572706935123037
2024-07-30,4585,4590,4495,4520,16115,-0.014176663031624903
2024-07-31,4535,4535,4455,4470,29053,-0.011061946902654829
2024-08-01,4510,4645,4510,4640,21786,0.03803131991051445
2024-08-02,4640,4640,4495,4525,33606,-0.024784482758620663
2024-08-05,4330,4605,4105,4275,95543,-0.05524861878453036
2024-08-06,4290,4505,4290,4500,54326,0.05263157894736836
2024-08-07,4395,4820,4385,4640,56337,0.03111111111111109
2024-08-08,4600,4800,4330,4640,47353,0.0
2024-08-09,4650,4850,4425,4810,118816,0.03663793103448265
2024-08-12,4890,5090,4780,4805,64068,-0.0010395010395010118
2024-08-13,4800,4900,4720,4880,34876,0.015608740894901052
2024-08-14,4820,4985,4710,4760,27059,-0.024590163934426257
2024-08-16,4770,4770,4675,4695,13780,-0.013655462184873901
2024-08-19,4690,4690,4575,4650,12503,-0.009584664536741228
