Date,Open,High,Low,Close,Volume,Change
2022-01-03,12250,13000,12200,12400,144785,0.020576131687242816
2022-01-04,12550,12550,11750,12250,95212,-0.012096774193548376
2022-01-05,12200,12200,11300,11400,143247,-0.06938775510204087
2022-01-06,11050,11900,11050,11550,74635,0.013157894736842035
2022-01-07,11700,12050,11400,11800,47485,0.02164502164502169
2022-01-10,12150,13750,12150,12350,388062,0.04661016949152552
2022-01-11,12200,12800,11750,12000,114332,-0.028340080971659964
2022-01-12,12250,13400,12100,12600,416773,0.050000000000000044
2022-01-13,12800,13400,12600,12700,177120,0.007936507936507908
2022-01-14,12500,12900,12200,12600,91871,-0.007874015748031482
2022-01-17,12500,12550,11900,11950,92729,-0.051587301587301626
2022-01-18,11950,12500,11900,11950,74214,0.0
2022-01-19,11800,12250,11450,12250,73727,0.025104602510460206
2022-01-20,12250,12500,12050,12450,46572,0.01632653061224487
2022-01-21,12350,12350,11500,11750,98145,-0.05622489959839361
2022-01-24,11550,11700,10800,10950,92649,-0.06808510638297871
2022-01-25,10950,11150,10200,10300,82350,-0.05936073059360736
2022-01-26,10150,10750,10150,10450,25657,0.014563106796116498
2022-01-27,10450,10600,9880,10150,44792,-0.028708133971291905
2022-01-28,10250,10850,10100,10800,39852,0.0640394088669951
2022-02-03,11000,11300,10850,10950,38097,0.01388888888888884
2022-02-04,10700,11250,10700,11200,25303,0.022831050228310446
2022-02-07,11250,11400,10850,10900,14719,-0.0267857142857143
2022-02-08,10900,11150,10500,10650,33230,-0.022935779816513735
2022-02-09,10650,10900,10500,10600,26394,-0.0046948356807511304
2022-02-10,10600,10850,10450,10500,19902,-0.009433962264150941
2022-02-11,10300,10800,10300,10450,32032,-0.004761904761904745
2022-02-14,10350,10450,9850,9970,46558,-0.04593301435406694
2022-02-15,10150,10450,10000,10050,34074,0.008024072216650024
2022-02-16,10300,11000,10300,10800,15842,0.07462686567164178
2022-02-17,11000,11200,10650,10900,45850,0.0092592592592593
2022-02-18,10850,11050,10650,10900,7006,0.0
2022-02-21,10750,10950,10600,10900,9539,0.0
2022-02-22,10600,11000,10550,10550,18013,-0.032110091743119296
2022-02-23,10550,10700,10250,10350,61829,-0.018957345971563955
2022-02-24,10300,10350,9830,9960,53009,-0.03768115942028982
2022-02-25,10050,10400,10050,10200,17794,0.024096385542168752
2022-02-28,10050,10300,10050,10300,11414,0.009803921568627416
2022-03-02,10300,10650,10250,10650,26889,0.03398058252427183
2022-03-03,10600,10700,10550,10650,10643,0.0
2022-03-04,10550,10550,10250,10300,16671,-0.032863849765258246
2022-03-07,10250,10250,9710,9940,103788,-0.03495145631067964
2022-03-08,9890,10300,9780,10050,36515,0.01106639839034207
2022-03-10,10200,10500,10100,10350,19521,0.029850746268656803
2022-03-11,10350,10400,10150,10400,9232,0.004830917874396157
2022-03-14,10250,10450,9920,9920,22882,-0.0461538461538461
2022-03-15,9900,9900,9610,9800,19814,-0.012096774193548376
2022-03-16,9910,10100,9830,9950,28094,0.015306122448979664
2022-03-17,10050,10500,10050,10200,11424,0.025125628140703515
2022-03-18,10200,10500,10200,10350,10798,0.014705882352941124
2022-03-21,10500,10500,10300,10350,11029,0.0
2022-03-22,10350,10600,10350,10450,7234,0.009661835748792313
2022-03-23,10600,10800,10400,10500,33043,0.004784688995215225
2022-03-24,10450,10700,10450,10500,18481,0.0
2022-03-25,10550,10650,10450,10500,13502,0.0
2022-03-28,10500,10950,10500,10900,49358,0.03809523809523818
2022-03-29,10950,11250,10600,10700,49000,-0.01834862385321101
2022-03-30,10700,10800,10300,10350,51344,-0.032710280373831724
2022-03-31,10350,10700,10300,10600,18728,0.024154589371980784
2022-04-01,10600,11050,10500,10750,51872,0.014150943396226356
2022-04-04,10750,10800,10450,10800,38162,0.0046511627906977715
2022-04-05,10850,10850,10600,10650,15087,-0.01388888888888884
2022-04-06,10550,10600,10050,10450,42071,-0.018779342723004744
2022-04-07,10450,10450,10050,10100,27738,-0.03349282296650713
2022-04-08,10050,10300,9970,10300,24238,0.01980198019801982
2022-04-11,10250,10300,10000,10000,27472,-0.029126213592232997
2022-04-12,9950,10050,9910,10050,18040,0.004999999999999893
2022-04-13,10050,10200,9990,10150,12560,0.00995024875621886
2022-04-14,10200,10350,10150,10200,13012,0.0049261083743843415
2022-04-15,10200,10350,10050,10250,9575,0.004901960784313708
2022-04-18,10250,10300,10150,10250,12031,0.0
2022-04-19,10200,10300,10150,10300,19715,0.004878048780487809
2022-04-20,10400,10450,10100,10250,15959,-0.004854368932038833
2022-04-21,10250,10300,10050,10050,18006,-0.019512195121951237
2022-04-22,10050,10150,9950,10100,20448,0.004975124378109541
2022-04-25,10000,10000,9780,9780,34954,-0.03168316831683171
2022-04-26,9810,9880,9800,9800,10136,0.002044989775051187
2022-04-27,9750,9750,9490,9590,28192,-0.021428571428571463
2022-04-28,9590,9600,9400,9530,32512,-0.006256517205422307
2022-04-29,9530,9830,9490,9590,8002,0.006295907660021083
2022-05-02,9540,9630,9500,9570,9088,-0.002085505735140769
2022-05-03,9570,9760,9570,9660,10143,0.00940438871473348
2022-05-04,9660,9700,9500,9550,21289,-0.011387163561076608
2022-05-06,9420,9500,9370,9480,19662,-0.007329842931937169
2022-05-09,9400,9410,9120,9220,40233,-0.02742616033755274
2022-05-10,9100,9220,8800,9170,37044,-0.005422993492407824
2022-05-11,9050,9220,9050,9110,9090,-0.0065430752453653485
2022-05-12,9210,9520,8810,9160,25024,0.005488474204171201
2022-05-13,9080,9800,9080,9270,15732,0.012008733624454093
2022-05-16,9300,9470,9220,9310,21094,0.004314994606256839
2022-05-17,9310,10200,9310,9850,149182,0.058002148227712214
2022-05-18,9900,9900,9620,9720,33291,-0.013197969543147225
2022-05-19,9450,9560,9310,9380,22918,-0.034979423868312765
2022-05-20,9290,9480,9290,9390,8890,0.0010660980810235365
2022-05-23,9400,9500,9350,9370,10398,-0.0021299254526091493
2022-05-24,9460,9460,9170,9180,17868,-0.02027748132337248
2022-05-25,9160,9500,9090,9180,8784,0.0
2022-05-26,9200,9360,9150,9220,10499,0.004357298474945592
2022-05-27,9350,9370,9190,9320,13938,0.010845986984815648
2022-05-30,9280,9560,9280,9530,12843,0.022532188841201783
2022-05-31,9520,9620,9430,9610,15030,0.008394543546694555
2022-06-02,9610,9610,9500,9560,7985,-0.005202913631633721
2022-06-03,9560,9590,9450,9510,9536,-0.005230125523012608
2022-06-07,9510,9510,9320,9320,19055,-0.019978969505783373
2022-06-08,9280,9460,9240,9330,10688,0.0010729613733906351
2022-06-09,9330,9330,9130,9230,14246,-0.010718113612004254
2022-06-10,9230,9290,9100,9260,20010,0.003250270855904569
2022-06-13,9160,9160,8750,8890,23296,-0.0399568034557235
2022-06-14,8800,8880,8540,8820,15898,-0.007874015748031482
2022-06-15,8720,8750,8250,8480,14591,-0.038548752834467126
2022-06-16,8480,10000,8430,8600,98194,0.014150943396226356
2022-06-17,8460,8510,8210,8450,15394,-0.01744186046511631
2022-06-20,8390,8390,7790,7930,38571,-0.06153846153846154
2022-06-21,7940,8410,7800,7890,15385,-0.0050441361916772065
2022-06-22,8050,8050,7400,7400,21020,-0.06210392902408113
2022-06-23,7220,8080,7060,7070,55363,-0.04459459459459458
2022-06-24,7070,7550,7070,7520,14446,0.06364922206506374
2022-06-27,7780,7780,7530,7740,10534,0.0292553191489362
2022-06-28,7740,7770,7620,7750,5057,0.0012919896640826156
2022-06-29,7740,7980,7610,7940,5832,0.02451612903225797
2022-06-30,8500,8500,7600,7610,9618,-0.041561712846347576
2022-07-01,7830,8000,7500,7750,9193,0.018396846254927768
2022-07-04,7750,7830,7520,7620,5633,-0.01677419354838705
2022-07-05,7660,7900,7300,7780,6291,0.0209973753280841
2022-07-06,7820,7890,7700,7700,4995,-0.010282776349614386
2022-07-07,7890,7890,7710,7800,3139,0.01298701298701288
2022-07-08,7740,7970,7740,7860,3597,0.007692307692307665
2022-07-11,7930,7970,7800,7920,6409,0.007633587786259444
2022-07-12,7970,7970,7600,7850,3624,-0.008838383838383868
2022-07-13,7850,7880,7620,7780,5993,-0.008917197452229297
2022-07-14,7750,8000,7740,7900,7780,0.015424164524421524
2022-07-15,7870,7940,7820,7920,8652,0.0025316455696202667
2022-07-18,8100,8240,7910,8090,8419,0.02146464646464641
2022-07-19,8010,8120,8010,8100,3093,0.0012360939431397266
2022-07-20,8250,8250,8090,8190,6294,0.011111111111111072
2022-07-21,8240,8240,8090,8120,3706,-0.008547008547008517
2022-07-22,8120,8120,8030,8030,3901,-0.011083743842364546
2022-07-25,8060,8070,7950,8040,2709,0.001245330012453305
2022-07-26,7960,8130,7960,8090,2138,0.006218905472636926
2022-07-27,8010,8140,8010,8050,1802,-0.0049443757725586845
2022-07-28,8100,8180,8050,8110,3978,0.007453416149068248
2022-07-29,8160,8160,8050,8100,10668,-0.0012330456226880004
2022-08-01,8010,8150,7930,8020,6549,-0.00987654320987652
2022-08-02,8020,8070,7940,7990,2616,-0.0037406483790524137
2022-08-03,7950,8060,7900,8000,4142,0.0012515644555695093
2022-08-04,8010,8360,8010,8290,20216,0.03624999999999989
2022-08-05,8220,8340,8200,8290,4905,0.0
2022-08-08,8290,8290,8160,8250,3698,-0.004825090470446325
2022-08-09,8200,8250,8150,8230,6376,-0.00242424242424244
2022-08-10,8230,8230,8030,8050,6981,-0.021871202916160404
2022-08-11,8120,8260,8010,8100,7173,0.006211180124223503
2022-08-12,8120,8240,8060,8100,9619,0.0
2022-08-16,8180,8180,8000,8030,16501,-0.00864197530864197
2022-08-17,8140,8140,8010,8040,8045,0.001245330012453305
2022-08-18,8040,8250,8010,8040,12136,0.0
2022-08-19,8040,8200,8040,8200,12944,0.01990049751243772
2022-08-22,8170,8170,8000,8010,22964,-0.023170731707317094
2022-08-23,7930,8080,7770,8010,7492,0.0
2022-08-24,8060,8120,8040,8100,3362,0.011235955056179803
2022-08-25,8150,8250,8060,8240,4908,0.01728395061728394
2022-08-26,8290,8290,8100,8100,8771,-0.016990291262135915
2022-08-29,8050,8050,7750,7960,7108,-0.01728395061728394
2022-08-30,7860,8100,7860,8040,10782,0.01005025125628145
2022-08-31,7970,8060,7940,8050,4450,0.0012437810945273853
2022-09-01,7990,8050,7920,7970,5015,-0.009937888198757738
2022-09-02,7920,7940,7840,7870,11640,-0.012547051442910906
2022-09-05,7870,7870,7710,7710,15557,-0.020330368487928796
2022-09-06,7710,7790,7710,7770,8225,0.0077821011673151474
2022-09-07,7840,7840,7650,7760,4743,-0.0012870012870013214
2022-09-08,8380,8480,7980,8240,83951,0.061855670103092786
2022-09-13,8390,9770,8390,9150,437062,0.1104368932038835
2022-09-14,8910,9150,8800,9040,80604,-0.012021857923497303
2022-09-15,9000,9260,8920,9120,72606,0.008849557522123908
2022-09-16,9090,9580,9030,9450,149963,0.03618421052631571
2022-09-19,9450,9900,9260,9320,152846,-0.013756613756613745
2022-09-20,9500,9550,9250,9340,41877,0.0021459227467810482
2022-09-21,9500,9500,9100,9100,36342,-0.025695931477516032
2022-09-22,9100,9470,8960,9400,35212,0.03296703296703307
2022-09-23,9320,9680,9250,9400,44126,0.0
2022-09-26,9050,9370,8950,9290,57797,-0.011702127659574457
2022-09-27,9290,9290,8930,9100,32529,-0.020452099031216364
2022-09-28,9100,9200,8700,8800,32933,-0.03296703296703296
2022-09-29,9040,9090,8300,8300,35389,-0.05681818181818177
2022-09-30,8230,8580,8100,8530,20826,0.027710843373494054
2022-10-04,8660,9000,8500,8960,26177,0.05041031652989458
2022-10-05,9050,9790,9040,9450,115607,0.0546875
2022-10-06,9800,9800,9290,9320,36137,-0.013756613756613745
2022-10-07,9290,9450,9170,9280,18173,-0.0042918454935622075
2022-10-11,9090,9120,8650,8740,28530,-0.05818965517241381
2022-10-12,8700,8810,8570,8670,23030,-0.008009153318077833
2022-10-13,8660,8660,8150,8180,21011,-0.056516724336793556
2022-10-14,8280,8500,8260,8420,7304,0.02933985330073341
2022-10-17,8380,8580,8240,8580,6430,0.019002375296912177
2022-10-18,8600,8660,8400,8590,21707,0.0011655011655011815
2022-10-19,8590,8780,8500,8610,13444,0.002328288707799775
2022-10-20,8660,8780,8630,8650,9759,0.004645760743321681
2022-10-21,8640,10900,8500,9160,1282577,0.05895953757225425
2022-10-24,9330,9620,9080,9160,178853,0.0
2022-10-25,9280,9580,9170,9580,80702,0.04585152838427953
2022-10-26,9530,9550,9200,9360,53933,-0.022964509394572064
2022-10-27,9370,9790,9360,9520,91303,0.017094017094017033
2022-10-28,9480,9580,9020,9020,45215,-0.05252100840336138
2022-10-31,9170,9240,9060,9130,25836,0.012195121951219523
2022-11-01,9290,9290,9060,9150,22494,0.0021905805038335835
2022-11-02,9120,9190,9030,9110,17421,-0.0043715846994535346
2022-11-03,9020,9100,8710,9050,23322,-0.00658616904500553
2022-11-04,9050,9050,8780,8890,16693,-0.0176795580110497
2022-11-07,9060,9250,8920,9230,39728,0.038245219347581516
2022-11-08,9280,9280,9040,9180,24203,-0.005417118093174467
2022-11-09,9120,9250,9120,9160,19379,-0.002178649237472796
2022-11-10,9070,9070,8910,8970,16212,-0.020742358078602585
2022-11-11,9200,9200,8940,9070,24372,0.011148272017837302
2022-11-14,9220,9300,9070,9080,46071,0.0011025358324145973
2022-11-15,9080,9440,9080,9380,39160,0.033039647577092435
2022-11-16,9400,9400,9200,9340,30299,-0.004264392324093813
2022-11-17,9340,9760,9200,9700,83491,0.03854389721627416
2022-11-18,9630,9700,9410,9410,43267,-0.02989690721649485
2022-11-21,9410,9570,8930,8930,56786,-0.05100956429330494
2022-11-22,8910,8970,8700,8970,22218,0.004479283314669624
2022-11-23,9000,9180,8960,9040,15439,0.0078037904124861335
2022-11-24,9100,9150,9020,9120,10001,0.008849557522123908
2022-11-25,9130,9190,9020,9120,7676,0.0
2022-11-28,9140,9140,8730,8730,19264,-0.042763157894736836
2022-11-29,8720,8820,8610,8760,15266,0.0034364261168384758
2022-11-30,8730,8840,8710,8760,10308,0.0
2022-12-01,8800,8850,8690,8730,15051,-0.003424657534246589
2022-12-02,8780,8780,8580,8580,13270,-0.01718213058419249
2022-12-05,8680,8680,8510,8550,11852,-0.0034965034965035446
2022-12-06,8550,8550,8360,8440,14379,-0.012865497076023358
2022-12-07,8440,8450,8300,8370,8469,-0.008293838862559189
2022-12-08,8480,8480,8160,8160,15646,-0.02508960573476704
2022-12-09,8170,8200,8030,8140,11020,-0.002450980392156854
2022-12-12,8210,8210,8080,8200,11226,0.0073710073710073765
2022-12-13,8170,8240,8150,8200,6424,0.0
2022-12-14,8200,8400,8200,8280,8290,0.009756097560975618
2022-12-15,8360,8360,8270,8270,3461,-0.0012077294685990392
2022-12-16,8230,8230,8090,8130,7044,-0.016928657799274438
2022-12-19,8000,8180,7980,8150,6124,0.002460024600245969
2022-12-20,8060,8140,7900,7900,12307,-0.030674846625766916
2022-12-21,7860,7990,7860,7940,5476,0.005063291139240533
2022-12-22,7960,8080,7950,8020,7427,0.010075566750629816
2022-12-23,8020,8020,7800,7900,22396,-0.014962593516209433
2022-12-26,7940,7940,7700,7730,14937,-0.021518987341772156
2022-12-27,7610,7760,7610,7710,6340,-0.002587322121604174
2022-12-28,7650,7840,7590,7820,3897,0.014267185473411104
2022-12-29,7770,7890,7300,7690,15417,-0.01662404092071612
2023-01-02,7640,7760,7610,7640,2602,-0.006501950585175553
2023-01-03,7670,7680,7350,7600,15628,-0.005235602094240788
2023-01-04,7570,7920,7570,7920,8948,0.042105263157894646
2023-01-05,7880,7910,7800,7840,4319,-0.010101010101010055
2023-01-06,7810,7960,7810,7950,4814,0.014030612244897878
2023-01-09,7970,8160,7970,8130,3539,0.02264150943396226
2023-01-10,8070,8180,8030,8130,4230,0.0
2023-01-11,8180,8190,8130,8140,2928,0.0012300123001229846
2023-01-12,8140,8170,8050,8090,3038,-0.00614250614250611
2023-01-13,8200,8200,8070,8100,5496,0.0012360939431397266
2023-01-16,8110,8150,7950,8100,4839,0.0
2023-01-17,8030,8170,8000,8090,8980,-0.0012345679012345512
2023-01-18,8050,8140,7960,8020,7915,-0.008652657601977753
2023-01-19,8050,8100,7970,8040,2589,0.0024937655860348684
2023-01-20,8000,8060,7840,7840,5791,-0.02487562189054726
2023-01-25,7940,8190,7910,8190,13956,0.044642857142857206
2023-01-26,8130,8230,8130,8200,8665,0.0012210012210012167
2023-01-27,8240,8300,8190,8240,9268,0.004878048780487809
2023-01-30,8250,8250,8130,8230,9608,-0.0012135922330097637
2023-01-31,8170,8350,8170,8300,13136,0.008505467800729027
2023-02-01,8300,8300,8240,8250,12213,-0.0060240963855421326
2023-02-02,8320,8330,8240,8260,11139,0.00121212121212122
2023-02-03,8250,9910,8230,8980,1595382,0.0871670702179177
2023-02-06,8990,9230,8900,9140,221223,0.017817371937639104
2023-02-07,9150,9170,8970,9000,110577,-0.015317286652078765
2023-02-08,9090,9380,9010,9130,146569,0.014444444444444482
2023-02-09,9130,9400,9100,9200,99053,0.00766703176341732
2023-02-10,9250,9250,8910,9120,55462,-0.008695652173912993
2023-02-13,9060,9060,8710,8880,69548,-0.02631578947368418
2023-02-14,8960,9200,8880,9140,74883,0.029279279279279313
2023-02-15,9140,9250,8760,8840,57995,-0.03282275711159732
2023-02-16,8850,9000,8840,8980,21141,0.015837104072398134
2023-02-17,8920,9130,8750,9010,35508,0.0033407572383072903
2023-02-20,9070,9100,8870,9000,28598,-0.0011098779134295356
2023-02-21,8910,9080,8880,8890,32229,-0.012222222222222245
2023-02-22,8860,8860,8470,8530,63264,-0.040494938132733416
2023-02-23,8620,8710,8400,8660,24755,0.015240328253223856
2023-02-24,8660,8710,8400,8470,33096,-0.021939953810623525
2023-02-27,8350,8540,8320,8400,18948,-0.008264462809917328
2023-02-28,8410,8530,8340,8400,14232,0.0
2023-03-02,8450,8480,8340,8430,13677,0.0035714285714285587
2023-03-03,8430,8600,8380,8560,14956,0.01542111506524324
2023-03-06,8650,8660,8450,8540,14682,-0.002336448598130869
2023-03-07,8460,8850,8460,8810,46599,0.03161592505854793
2023-03-08,8710,8810,8420,8420,23509,-0.04426787741203175
2023-03-09,8590,8590,8260,8460,15358,0.004750593824228044
2023-03-10,8400,8400,8110,8120,21372,-0.04018912529550822
2023-03-13,8100,8190,7850,8190,21275,0.008620689655172376
2023-03-14,8050,8150,7720,7750,26083,-0.053724053724053755
2023-03-15,7790,8180,7790,8000,9733,0.032258064516129004
2023-03-16,7860,8100,7740,8010,9653,0.0012499999999999734
2023-03-17,8020,8270,8020,8270,16899,0.03245942571785276
2023-03-20,8210,8400,8120,8220,9082,-0.006045949214026569
2023-03-21,8170,8300,7990,8000,16731,-0.02676399026763987
2023-03-22,8040,8160,7700,7930,12953,-0.008750000000000036
2023-03-23,7850,7960,7800,7820,8045,-0.013871374527112179
2023-03-24,7820,8190,7810,8160,16808,0.04347826086956519
2023-03-27,8170,8190,7910,8130,8231,-0.003676470588235281
2023-03-28,8130,8590,8130,8350,26084,0.027060270602706105
2023-03-29,8400,8400,8250,8360,12713,0.0011976047904191933
2023-03-30,8360,8520,8300,8430,12174,0.00837320574162681
2023-03-31,8520,8520,8170,8240,10622,-0.022538552787663146
2023-04-03,8370,8370,8160,8210,19932,-0.00364077669902918
2023-04-04,8210,8230,8000,8220,14805,0.0012180267965895553
2023-04-05,8190,8230,8070,8100,10058,-0.014598540145985384
2023-04-06,8090,8140,7900,7900,18863,-0.024691358024691357
2023-04-07,7940,8060,7840,7990,18933,0.0113924050632912
2023-04-10,7990,8020,7710,7820,18719,-0.021276595744680882
2023-04-11,7820,8690,7810,8310,260510,0.06265984654731449
2023-04-12,8360,8460,8180,8340,29476,0.0036101083032491488
2023-04-13,8260,8350,8100,8350,13804,0.0011990407673860837
2023-04-14,8310,8670,8280,8350,31691,0.0
2023-04-17,8600,8600,8410,8410,27786,0.007185628742514938
2023-04-18,8490,8490,8190,8190,29863,-0.026159334126040434
2023-04-19,8190,8240,8000,8120,48183,-0.008547008547008517
2023-04-20,8160,8160,7820,7940,30348,-0.022167487684729092
2023-04-21,7880,7960,7760,7870,21884,-0.008816120906801062
2023-04-24,7810,7910,7650,7680,26432,-0.02414231257941546
2023-04-25,7600,7750,7420,7530,20359,-0.01953125
2023-04-26,7430,7600,7420,7440,8618,-0.01195219123505975
2023-04-27,7440,7580,7290,7580,13728,0.018817204301075252
2023-04-28,7600,7620,7400,7480,7956,-0.01319261213720313
2023-05-02,7530,7540,7310,7480,13863,0.0
2023-05-03,7480,7650,7440,7570,5184,0.012032085561497263
2023-05-04,7500,7600,7460,7580,3551,0.0013210039630118242
2023-05-08,7620,7680,7450,7550,15344,-0.00395778364116095
2023-05-09,7590,7670,7430,7560,17897,0.0013245033112583293
2023-05-10,7600,7850,7600,7790,13914,0.030423280423280463
2023-05-11,7760,7880,7640,7680,16133,-0.014120667522464658
2023-05-12,7620,7800,7610,7750,4899,0.00911458333333326
2023-05-15,7950,7950,7740,7800,27630,0.006451612903225712
2023-05-16,7800,7800,7300,7310,45821,-0.06282051282051282
2023-05-17,7220,7430,7110,7430,15987,0.01641586867305067
2023-05-18,7430,7500,7380,7440,6772,0.0013458950201883368
2023-05-19,7480,7910,7470,7730,47631,0.03897849462365599
2023-05-22,7680,7840,7650,7650,9114,-0.010349288486416586
2023-05-23,7660,7720,7580,7650,9537,0.0
2023-05-24,7550,7650,7490,7490,6294,-0.0209150326797386
2023-05-25,7490,7720,7460,7490,5453,0.0
2023-05-26,7490,7550,7330,7490,10596,0.0
2023-05-30,7600,7610,7450,7540,14269,0.006675567423231055
2023-05-31,7470,7600,7440,7470,11751,-0.009283819628647216
2023-06-01,7500,7500,7300,7500,9814,0.004016064257028162
2023-06-02,7500,7540,7450,7500,6390,0.0
2023-06-05,7550,8700,7380,8150,392517,0.08666666666666667
2023-06-07,8150,9140,7910,7930,1363837,-0.026993865030674802
2023-06-08,7850,7900,7670,7850,100664,-0.010088272383354302
2023-06-09,7810,8300,7810,7930,91544,0.010191082802547768
2023-06-12,7980,8290,7940,8100,62743,0.021437578814627933
2023-06-13,8090,8200,7940,7940,27456,-0.01975308641975304
2023-06-14,7940,8050,7640,7660,35491,-0.035264483627204024
2023-06-15,7670,7800,7600,7670,22385,0.0013054830287206887
2023-06-16,7660,7770,7630,7760,12654,0.011734028683181297
2023-06-19,7770,7840,7670,7800,19816,0.005154639175257714
2023-06-20,7750,7840,7680,7730,10571,-0.008974358974358942
2023-06-21,7760,7790,7670,7690,12012,-0.005174644243208237
2023-06-22,7720,7770,7620,7670,10500,-0.002600780234070177
2023-06-23,7620,7790,7510,7520,19172,-0.019556714471968717
2023-06-26,7520,7650,7400,7630,5994,0.0146276595744681
2023-06-27,7630,7670,7540,7590,8266,-0.005242463958060273
2023-06-28,7510,7700,7510,7640,8208,0.006587615283267567
2023-06-29,7610,7790,7610,7770,29559,0.017015706806282616
2023-06-30,7740,7770,7650,7700,10923,-0.009009009009009028
2023-07-03,7720,7850,7650,7770,16084,0.009090909090909038
2023-07-04,7770,7910,7760,7810,12944,0.005148005148005064
2023-07-05,7800,7850,7600,7650,12838,-0.020486555697823317
2023-07-06,7650,7690,7450,7470,21054,-0.02352941176470591
2023-07-07,7420,7500,7340,7360,14379,-0.014725568942436373
2023-07-10,7400,7480,7270,7330,9924,-0.0040760869565217295
2023-07-11,7290,7370,7260,7340,5017,0.0013642564802183177
2023-07-12,7280,7410,7250,7280,15546,-0.008174386920980936
2023-07-13,7320,7520,7320,7400,11736,0.016483516483516425
2023-07-14,7380,7480,7370,7430,6765,0.004054054054054124
2023-07-17,7500,7630,7380,7570,9102,0.018842530282638048
2023-07-18,7500,7520,7350,7350,11372,-0.029062087186261576
2023-07-19,7360,7380,7220,7300,9974,-0.006802721088435382
2023-07-20,7300,7300,7180,7290,9360,-0.00136986301369868
2023-07-21,7240,7240,7070,7160,23168,-0.017832647462277085
2023-07-24,7090,7100,6540,6590,63773,-0.07960893854748607
2023-07-25,6580,6860,6490,6690,28328,0.015174506828528056
2023-07-26,6500,6680,6010,6260,45339,-0.06427503736920781
2023-07-27,6110,6500,6110,6440,8810,0.028753993610223683
2023-07-28,6450,6690,6380,6690,6462,0.03881987577639756
2023-07-31,6610,6710,6470,6540,10873,-0.022421524663677084
2023-08-01,6550,6640,6500,6630,11236,0.013761467889908285
2023-08-02,6630,6670,6500,6530,7154,-0.015082956259426794
2023-08-03,6530,6620,6100,6360,15987,-0.026033690658499253
2023-08-04,6360,6400,6160,6340,14777,-0.0031446540880503138
2023-08-07,6340,6500,6230,6320,13847,-0.003154574132492094
2023-08-08,6250,6770,6230,6350,11272,0.004746835443038
2023-08-09,6330,6410,6300,6390,10679,0.006299212598425141
2023-08-10,6410,6450,6280,6390,2463,0.0
2023-08-11,6390,6580,6390,6500,8311,0.017214397496087663
2023-08-14,6430,6540,6310,6340,4790,-0.024615384615384595
2023-08-16,6280,6390,6160,6170,9982,-0.02681388012618302
2023-08-17,6110,6210,6010,6120,15197,-0.008103727714748765
2023-08-18,6010,6150,6010,6130,3969,0.0016339869281045694
2023-08-21,6120,6170,6020,6100,5804,-0.004893964110929905
2023-08-22,6140,6160,6070,6100,2771,0.0
2023-08-23,6080,6130,6020,6100,7036,0.0
2023-08-24,6120,6160,6030,6090,12278,-0.0016393442622950616
2023-08-25,6080,6400,6030,6070,9137,-0.003284072249589487
2023-08-28,6050,6160,6050,6100,7760,0.0049423393739702615
2023-08-29,6120,7930,6120,7930,3275574,0.30000000000000004
2023-08-30,8330,9770,8320,8760,7846561,0.10466582597730145
2023-08-31,8700,8940,8020,8020,552677,-0.08447488584474883
2023-09-01,8180,9220,7600,7630,2473496,-0.04862842892768082
2023-09-04,7540,7780,7300,7320,239147,-0.0406290956749672
2023-09-05,7330,8270,7220,7550,1797493,0.031420765027322384
2023-09-06,7550,7580,7170,7170,179848,-0.050331125827814516
2023-09-07,7170,7250,6960,7160,126260,-0.001394700139469962
2023-09-08,7090,7130,6880,6910,94770,-0.03491620111731841
2023-09-11,6980,8150,6850,7360,2544837,0.06512301013024602
2023-09-12,7450,7950,7060,7510,476338,0.020380434782608647
2023-09-13,7510,7760,7260,7380,124780,-0.017310252996005304
2023-09-14,7250,7350,7100,7230,98504,-0.020325203252032575
2023-09-15,7200,7580,7160,7230,67672,0.0
2023-09-18,7210,7250,6890,6910,82142,-0.04426002766251724
2023-09-19,6910,7020,6740,6750,39767,-0.02315484804630974
2023-09-20,6710,6890,6540,6550,66859,-0.029629629629629672
2023-09-21,6520,6620,6290,6330,61449,-0.03358778625954195
2023-09-22,6310,6450,6220,6340,30888,0.0015797788309637184
2023-09-25,6270,6480,6250,6370,42982,0.004731861198738141
2023-09-26,6510,6510,6170,6210,39146,-0.025117739403453743
2023-09-27,6120,6210,6080,6190,43411,-0.0032206119162641045
2023-10-04,6190,6210,5900,5950,49808,-0.03877221324717284
2023-10-05,5920,6170,5900,6050,24165,0.01680672268907557
2023-10-06,5920,6210,5920,6210,16121,0.026446280991735627
2023-10-10,6210,6280,5970,6000,36105,-0.033816425120772986
2023-10-11,5940,6160,5940,6100,22721,0.016666666666666607
2023-10-12,6070,6200,5800,6120,26438,0.003278688524590123
2023-10-13,6170,6170,5960,6050,14603,-0.011437908496731986
2023-10-16,5920,5970,5890,5890,17834,-0.026446280991735516
2023-10-17,5900,6180,5900,6100,18457,0.035653650254668934
2023-10-18,6160,6190,6030,6060,17443,-0.006557377049180357
2023-10-19,6100,6100,5840,5840,42485,-0.0363036303630363
2023-10-20,5800,5840,5590,5690,20952,-0.025684931506849362
2023-10-23,5680,5780,5600,5680,8903,-0.0017574692442882123
2023-10-24,5610,5770,5370,5750,69684,0.012323943661971759
2023-10-25,5720,5910,5720,5870,16525,0.02086956521739136
2023-10-26,5810,5810,5530,5600,32458,-0.04599659284497448
2023-10-27,5540,5800,5500,5550,15176,-0.008928571428571397
2023-10-30,5450,5690,5450,5640,7115,0.016216216216216273
2023-10-31,5670,5700,5490,5490,15598,-0.02659574468085102
2023-11-01,5490,6640,5490,5700,831821,0.03825136612021862
2023-11-02,5780,6140,5720,5890,65684,0.03333333333333344
2023-11-03,5900,6020,5830,5940,21277,0.008488964346349714
2023-11-06,6000,6100,5930,6070,27034,0.02188552188552184
2023-11-07,6090,6090,5850,5900,13966,-0.028006589785831926
2023-11-08,6000,6240,5880,5970,15016,0.011864406779660941
2023-11-09,5990,6040,5900,5980,8727,0.0016750418760469454
2023-11-10,5950,6030,5830,5990,5963,0.0016722408026756952
2023-11-13,5940,5990,5700,5880,13907,-0.018363939899833093
2023-11-14,5830,6000,5770,5990,9869,0.018707482993197244
2023-11-15,6050,6110,5800,5920,33631,-0.011686143572620988
2023-11-16,5980,6640,5800,6080,207884,0.027027027027026973
2023-11-17,6140,6140,5850,5980,11878,-0.016447368421052655
2023-11-20,5970,6100,5930,6010,10341,0.0050167224080268635
2023-11-21,5910,6190,5910,6160,23440,0.024958402662229595
2023-11-22,6090,6160,6010,6040,12536,-0.01948051948051943
2023-11-23,6080,6110,6000,6020,8183,-0.0033112582781457123
2023-11-24,6020,6140,5970,6030,10607,0.0016611295681063787
2023-11-27,6040,6160,6020,6150,12938,0.01990049751243772
2023-11-28,6200,6200,6060,6190,16147,0.006504065040650486
2023-11-29,6190,6200,6120,6150,7517,-0.00646203554119551
2023-11-30,6070,6150,5820,5940,83863,-0.034146341463414664
2023-12-01,6000,6030,5800,5890,23879,-0.008417508417508435
2023-12-04,5890,5980,5830,5840,11384,-0.008488964346349714
2023-12-05,5840,5870,5770,5850,9456,0.001712328767123239
2023-12-06,5810,6070,5800,6020,26964,0.029059829059828957
2023-12-07,6020,6090,5870,6000,6664,-0.0033222591362126463
2023-12-08,5950,6300,5950,6250,48114,0.04166666666666674
2023-12-11,6250,6290,6160,6230,10414,-0.0031999999999999806
2023-12-12,6170,6510,6170,6400,50218,0.02728731942215079
2023-12-13,6400,6450,6230,6380,28709,-0.0031250000000000444
2023-12-14,6340,6970,6250,6310,220784,-0.010971786833855801
2023-12-15,6320,6430,6210,6300,31769,-0.0015847860538826808
2023-12-18,6300,6340,6120,6250,17870,-0.007936507936507908
2023-12-19,6170,7690,6170,6550,1047335,0.04800000000000004
2023-12-20,6600,6750,6550,6560,101353,0.0015267175572519776
2023-12-21,6570,6620,6420,6450,60305,-0.01676829268292679
2023-12-22,6450,6870,6440,6800,124663,0.054263565891472965
2023-12-26,6800,6800,6550,6680,43657,-0.01764705882352946
2023-12-27,6630,6960,6630,6880,42178,0.029940119760478945
2023-12-28,7020,7050,6860,6940,39973,0.008720930232558155
2024-01-02,6940,9020,6870,9020,6584145,0.2997118155619596
2024-01-03,8980,9700,8760,8760,2890407,-0.02882483370288247
2024-01-04,8620,11190,8430,10320,8480904,0.17808219178082196
2024-01-05,10200,10560,9580,9710,1443055,-0.05910852713178294
2024-01-08,9780,9960,9300,9830,1332411,0.012358393408856916
2024-01-09,9700,10180,9300,9390,750408,-0.04476093591047814
2024-01-10,9290,9440,9170,9340,252683,-0.005324813631522929
2024-01-11,9270,9310,9000,9020,199507,-0.03426124197002145
2024-01-12,8960,9030,8510,8650,223551,-0.04101995565410199
2024-01-15,8660,8780,8440,8530,148744,-0.01387283236994219
2024-01-16,8590,8730,8450,8520,98614,-0.0011723329425556983
2024-01-17,8500,8850,8230,8850,230536,0.03873239436619724
2024-01-18,8700,8900,8530,8560,137272,-0.03276836158192087
2024-01-19,8600,9000,8590,9000,175324,0.051401869158878455
2024-01-22,9230,11700,8980,11700,4463287,0.30000000000000004
2024-01-23,12060,13940,11500,12700,6593243,0.08547008547008539
2024-01-24,12610,13450,12510,12800,1344467,0.007874015748031482
2024-01-25,12850,16470,12080,14470,5415709,0.1304687499999999
2024-01-26,13900,14780,13100,14200,1024120,-0.018659295093296446
2024-01-29,14050,14050,12220,12760,553024,-0.10140845070422533
2024-01-30,12820,13490,12370,12920,424954,0.012539184952978122
2024-01-31,12790,13780,12280,12330,509778,-0.04566563467492257
2024-02-01,12140,12800,11840,11840,284153,-0.03974047039740469
2024-02-02,12010,13400,11900,12270,442525,0.036317567567567544
