Date,Open,High,Low,Close,Volume,Change
2022-01-03,3830,4160,3830,3980,909314,0.03780964797913944
2022-01-04,3970,4010,3930,3995,210191,0.0037688442211054607
2022-01-05,3995,4005,3930,3955,168927,-0.010012515644555742
2022-01-06,3910,4010,3855,3895,188038,-0.015170670037926715
2022-01-07,4000,4120,3905,3970,326183,0.019255455712451797
2022-01-10,3980,4020,3895,3985,159267,0.0037783375314861534
2022-01-11,3970,4015,3860,3890,130606,-0.023839397741530766
2022-01-12,3900,3965,3890,3935,88217,0.011568123393316254
2022-01-13,3940,3940,3875,3900,84794,-0.008894536213468918
2022-01-14,3855,3920,3765,3790,150860,-0.028205128205128216
2022-01-17,3755,3760,3620,3625,200439,-0.04353562005277045
2022-01-18,3600,3675,3490,3555,192810,-0.0193103448275862
2022-01-19,3480,3575,3470,3530,115181,-0.007032348804500654
2022-01-20,3500,3615,3500,3605,89263,0.021246458923512845
2022-01-21,3605,3650,3550,3610,97427,0.001386962552011095
2022-01-24,3580,3585,3390,3480,131719,-0.03601108033240996
2022-01-25,3480,3500,3200,3245,275515,-0.06752873563218387
2022-01-26,3225,3330,3225,3255,154841,0.0030816640986133237
2022-01-27,3245,3295,3130,3160,173853,-0.029185867895545337
2022-01-28,3135,3375,3100,3250,308129,0.028481012658227778
2022-02-03,3325,3375,3295,3335,131605,0.026153846153846194
2022-02-04,3315,3425,3315,3405,118569,0.020989505247376306
2022-02-07,3410,4000,3370,3665,3432956,0.07635829662261373
2022-02-08,3700,3735,3560,3605,535196,-0.016371077762619368
2022-02-09,3630,3660,3560,3570,183551,-0.009708737864077666
2022-02-10,3575,3640,3565,3620,167736,0.014005602240896309
2022-02-11,3585,3590,3475,3475,193061,-0.04005524861878451
2022-02-14,3350,3425,3300,3380,185367,-0.027338129496402908
2022-02-15,3365,3415,3260,3260,183586,-0.035502958579881616
2022-02-16,3305,3470,3305,3450,172284,0.05828220858895716
2022-02-17,3460,3685,3385,3460,423499,0.0028985507246377384
2022-02-18,3445,3490,3390,3475,68953,0.004335260115607031
2022-02-21,3450,3455,3370,3420,47798,-0.015827338129496438
2022-02-22,3350,3430,3280,3355,111261,-0.01900584795321636
2022-02-23,3335,3390,3330,3380,62314,0.007451564828613977
2022-02-24,3380,3380,3225,3250,132336,-0.038461538461538436
2022-02-25,3280,3350,3280,3290,62943,0.012307692307692353
2022-02-28,3290,3360,3280,3315,70397,0.0075987841945288626
2022-03-02,3315,3425,3315,3415,68505,0.030165912518853588
2022-03-03,3440,3475,3405,3465,61894,0.014641288433382194
2022-03-04,3465,3480,3400,3445,64007,-0.005772005772005762
2022-03-07,3445,3445,3320,3365,58400,-0.023222060957910018
2022-03-08,3355,3355,3285,3300,92799,-0.019316493313521588
2022-03-10,3330,3430,3305,3325,86937,0.007575757575757569
2022-03-11,3350,3380,3325,3380,67883,0.016541353383458635
2022-03-14,3380,3560,3365,3445,364878,0.019230769230769162
2022-03-15,3415,3460,3400,3450,85762,0.0014513788098693414
2022-03-16,3470,3485,3400,3465,116250,0.004347826086956497
2022-03-17,3490,3550,3480,3525,146932,0.017316017316017396
2022-03-18,3530,3575,3520,3545,99324,0.005673758865248235
2022-03-21,3550,3610,3520,3585,190722,0.01128349788434413
2022-03-22,3590,3600,3545,3580,80127,-0.001394700139469962
2022-03-23,3575,3620,3570,3595,171820,0.0041899441340782495
2022-03-24,3595,3605,3545,3600,69113,0.0013908205841446364
2022-03-25,3605,3645,3550,3560,94767,-0.011111111111111072
2022-03-28,3585,3940,3575,3740,3615786,0.050561797752809
2022-03-29,3720,3790,3665,3750,494371,0.002673796791443861
2022-03-30,3750,3955,3710,3740,1967483,-0.002666666666666706
2022-03-31,3740,3780,3675,3710,279909,-0.008021390374331583
2022-04-01,3715,3715,3660,3675,130532,-0.009433962264150941
2022-04-04,3675,3720,3640,3710,118306,0.00952380952380949
2022-04-05,3695,3805,3695,3750,226869,0.010781671159029615
2022-04-06,3765,4150,3705,3770,6457174,0.005333333333333412
2022-04-07,3750,3770,3655,3660,440418,-0.02917771883289122
2022-04-08,3695,3695,3560,3560,324804,-0.02732240437158473
2022-04-11,3535,3730,3530,3695,336055,0.037921348314606806
2022-04-12,3645,3665,3555,3560,222074,-0.03653585926928282
2022-04-13,3550,3645,3550,3590,126194,0.008426966292134797
2022-04-14,3620,3840,3595,3840,604737,0.0696378830083566
2022-04-15,3700,3755,3675,3705,401411,-0.03515625
2022-04-18,3680,3720,3670,3690,153941,-0.004048582995951455
2022-04-19,3695,3835,3695,3830,476670,0.03794037940379402
2022-04-20,3835,3905,3820,3845,672107,0.003916449086161844
2022-04-21,3860,3860,3790,3805,187501,-0.01040312093628093
2022-04-22,3780,3850,3700,3730,254265,-0.019710906701708275
2022-04-25,3600,3690,3565,3630,285467,-0.02680965147453085
2022-04-26,3630,3810,3610,3680,838843,0.01377410468319562
2022-04-27,3610,3615,3555,3595,172320,-0.02309782608695654
2022-04-28,3615,3635,3590,3595,136075,0.0
2022-04-29,3615,3655,3600,3620,135211,0.006954102920723182
2022-05-02,3585,3785,3585,3775,545228,0.04281767955801108
2022-05-03,3730,3840,3670,3695,582689,-0.021192052980132492
2022-05-04,3700,3865,3670,3705,545073,0.0027063599458727605
2022-05-06,3675,3760,3635,3760,491264,0.014844804318488558
2022-05-09,3665,3680,3580,3580,235194,-0.0478723404255319
2022-05-10,3520,3540,3455,3500,170242,-0.022346368715083775
2022-05-11,3480,3630,3480,3580,205410,0.02285714285714291
2022-05-12,3550,3610,3445,3460,150982,-0.03351955307262566
2022-05-13,3470,3545,3465,3495,82244,0.01011560693641611
2022-05-16,3500,3575,3500,3520,73016,0.007153075822603716
2022-05-17,3530,3570,3520,3535,53802,0.0042613636363635354
2022-05-18,3540,3560,3500,3530,72063,-0.0014144271570014633
2022-05-19,3450,3515,3435,3485,60592,-0.012747875354107596
2022-05-20,3475,3535,3445,3520,51704,0.010043041606886627
2022-05-23,3530,3530,3475,3500,37251,-0.005681818181818232
2022-05-24,3485,3525,3450,3465,68748,-0.010000000000000009
2022-05-25,3455,3490,3420,3420,83203,-0.012987012987012991
2022-05-26,3420,3460,3375,3385,109863,-0.010233918128654929
2022-05-27,3395,3435,3370,3370,69192,-0.004431314623338234
2022-05-30,3410,3475,3410,3450,44222,0.023738872403560762
2022-05-31,3470,3715,3410,3530,963508,0.023188405797101463
2022-06-02,3515,3610,3510,3550,141072,0.0056657223796034994
2022-06-03,3555,3575,3530,3535,87734,-0.004225352112676051
2022-06-07,3535,3565,3500,3510,80828,-0.007072135785007094
2022-06-08,3525,3580,3485,3580,140466,0.019943019943019946
2022-06-09,3535,3545,3490,3490,66026,-0.025139664804469275
2022-06-10,3490,3515,3435,3440,63004,-0.014326647564469885
2022-06-13,3440,3440,3250,3290,252139,-0.043604651162790664
2022-06-14,3145,3240,3110,3190,290589,-0.03039513677811545
2022-06-15,3145,3180,3005,3095,180878,-0.029780564263322873
2022-06-16,3100,3205,3095,3095,82186,0.0
2022-06-17,2955,3075,2920,3045,135710,-0.016155088852988664
2022-06-20,3045,3050,2825,2950,220882,-0.031198686371100126
2022-06-21,2930,2980,2895,2970,99305,0.006779661016949046
2022-06-22,2980,2990,2795,2800,129076,-0.0572390572390572
2022-06-23,2800,2840,2590,2660,294167,-0.050000000000000044
2022-06-24,2590,2745,2590,2720,228198,0.022556390977443552
2022-06-27,2735,2865,2730,2815,155485,0.03492647058823528
2022-06-28,2820,2865,2795,2810,81321,-0.001776198934280604
2022-06-29,2750,2845,2750,2810,44316,0.0
2022-06-30,2805,2845,2700,2700,68664,-0.039145907473309594
2022-07-01,2700,2765,2510,2650,194082,-0.01851851851851849
2022-07-04,2630,2665,2510,2575,110419,-0.028301886792452824
2022-07-05,2565,2730,2565,2725,111161,0.058252427184465994
2022-07-06,2725,2780,2675,2740,61172,0.005504587155963359
2022-07-07,2720,2830,2720,2800,80181,0.021897810218978186
2022-07-08,2825,2855,2790,2830,57920,0.010714285714285676
2022-07-11,2825,2880,2775,2810,57539,-0.007067137809187329
2022-07-12,2760,2790,2710,2720,66560,-0.03202846975088969
2022-07-13,2695,2790,2695,2760,44911,0.014705882352941124
2022-07-14,2785,2800,2730,2795,30490,0.0126811594202898
2022-07-15,2770,2815,2715,2800,43528,0.0017889087656528524
2022-07-18,2790,2880,2790,2860,47334,0.021428571428571352
2022-07-19,2860,2890,2825,2880,43807,0.006993006993007089
2022-07-20,2900,2920,2865,2905,55748,0.00868055555555558
2022-07-21,2905,2930,2875,2895,52267,-0.0034423407917383297
2022-07-22,2895,2920,2865,2900,57532,0.0017271157167531026
2022-07-25,2870,2910,2860,2885,26031,-0.005172413793103403
2022-07-26,2850,2890,2850,2890,28512,0.0017331022530329143
2022-07-27,2890,2905,2865,2905,19609,0.00519031141868509
2022-07-28,3000,3295,2960,2960,3919323,0.018932874354561147
2022-07-29,3000,3020,2945,2960,187288,0.0
2022-08-01,2965,3005,2940,2965,123619,0.0016891891891892552
2022-08-02,2970,2990,2885,2950,152291,-0.005059021922428353
2022-08-03,2920,3000,2920,2980,67340,0.01016949152542379
2022-08-04,3015,3030,2980,3005,92791,0.008389261744966348
2022-08-05,2995,3025,2995,3000,59939,-0.0016638935108153063
2022-08-08,3000,3045,2980,3020,64077,0.006666666666666599
2022-08-09,2990,3045,2970,3020,92243,0.0
2022-08-10,3010,3010,2960,2960,45604,-0.019867549668874163
2022-08-11,2985,3025,2975,2995,63095,0.011824324324324342
2022-08-12,3020,3295,3015,3105,3252066,0.036727879799666185
2022-08-16,3130,3150,3060,3060,216177,-0.01449275362318836
2022-08-17,3090,3150,3075,3115,242316,0.017973856209150263
2022-08-18,3125,3150,3030,3105,204467,-0.0032102728731941976
2022-08-19,3110,3140,3080,3125,121416,0.006441223832528209
2022-08-22,3105,3105,3035,3085,154622,-0.012800000000000034
2022-08-23,3080,3080,3000,3020,74294,-0.021069692058346856
2022-08-24,3045,3050,3000,3015,64790,-0.0016556291390728006
2022-08-25,3070,3090,3020,3085,84033,0.023217247097844007
2022-08-26,3110,3110,3035,3040,87570,-0.014586709886547866
2022-08-29,2970,2975,2915,2960,90488,-0.02631578947368418
2022-08-30,2940,2990,2940,2985,62603,0.008445945945946054
2022-08-31,2980,3175,2945,3125,448515,0.04690117252931314
2022-09-01,3070,3090,2980,2980,156350,-0.0464
2022-09-02,2990,3020,2950,2965,57410,-0.005033557046979831
2022-09-05,2950,2960,2885,2895,87134,-0.02360876897133224
2022-09-06,2885,2960,2880,2935,44729,0.013816925734024155
2022-09-07,2935,2940,2865,2880,40427,-0.01873935264054516
2022-09-08,2885,2965,2850,2875,50408,-0.0017361111111111605
2022-09-13,2915,2955,2905,2930,77607,0.019130434782608674
2022-09-14,2880,2895,2800,2890,48355,-0.013651877133105783
2022-09-15,2890,2915,2865,2890,41914,0.0
2022-09-16,2865,2875,2800,2830,59634,-0.02076124567474047
2022-09-19,2790,2810,2695,2725,117538,-0.03710247349823326
2022-09-20,2730,2780,2725,2780,66729,0.020183486238532167
2022-09-21,2775,2795,2705,2765,38317,-0.0053956834532373765
2022-09-22,2740,2765,2670,2730,78847,-0.012658227848101222
2022-09-23,2695,2815,2645,2700,88893,-0.01098901098901095
2022-09-26,2640,2650,2495,2540,134969,-0.059259259259259234
2022-09-27,2505,2560,2410,2485,119569,-0.021653543307086576
2022-09-28,2425,2495,2335,2345,133288,-0.05633802816901412
2022-09-29,2355,2470,2355,2390,90097,0.019189765458422103
2022-09-30,2370,2435,2315,2410,62604,0.008368200836819994
2022-10-04,2450,2530,2440,2495,61676,0.03526970954356856
2022-10-05,2525,2535,2450,2490,45561,-0.002004008016032066
2022-10-06,2480,2580,2480,2560,38082,0.028112449799196693
2022-10-07,2555,2590,2445,2555,38162,-0.001953125
2022-10-11,2500,2500,2400,2495,67320,-0.023483365949119372
2022-10-12,2470,2480,2410,2460,54910,-0.014028056112224463
2022-10-13,2410,2445,2315,2350,78750,-0.04471544715447151
2022-10-14,2370,2480,2370,2440,48007,0.038297872340425476
2022-10-17,2425,2520,2400,2505,38284,0.026639344262294973
2022-10-18,2510,2560,2500,2545,70657,0.015968063872255467
2022-10-19,2565,2565,2480,2500,48647,-0.017681728880157177
2022-10-20,2515,2550,2410,2490,51253,-0.0040000000000000036
2022-10-21,2460,2460,2420,2455,33965,-0.014056224899598346
2022-10-24,2480,2520,2470,2470,50637,0.006109979633401208
2022-10-25,2495,2550,2490,2520,31404,0.020242914979757165
2022-10-26,2520,2925,2495,2565,7131628,0.017857142857142794
2022-10-27,2575,2625,2525,2595,344119,0.011695906432748648
2022-10-28,2595,2605,2520,2555,215730,-0.015414258188824692
2022-10-31,2575,2585,2530,2570,79548,0.005870841487279899
2022-11-01,2550,2695,2535,2585,236907,0.005836575875486361
2022-11-02,2585,2920,2545,2630,1934659,0.01740812379110257
2022-11-03,2600,2655,2570,2615,170358,-0.005703422053231932
2022-11-04,2615,2660,2595,2615,100475,0.0
2022-11-07,2620,2690,2615,2665,109526,0.019120458891013437
2022-11-08,2665,2710,2665,2680,126713,0.0056285178236397115
2022-11-09,2685,2740,2685,2695,107750,0.005597014925373234
2022-11-10,2670,2745,2645,2690,155895,-0.0018552875695733162
2022-11-11,2750,2770,2690,2725,168744,0.013011152416356975
2022-11-14,2730,2755,2700,2730,102445,0.0018348623853210455
2022-11-15,2715,2750,2705,2735,137311,0.001831501831501825
2022-11-16,2720,2735,2680,2715,161802,-0.007312614259597838
2022-11-17,2715,2715,2665,2700,57780,-0.0055248618784530246
2022-11-18,2680,2705,2650,2665,74223,-0.012962962962962954
2022-11-21,2660,2685,2570,2570,104247,-0.03564727954971858
2022-11-22,2555,2600,2545,2570,55237,0.0
2022-11-23,2575,2605,2570,2590,76038,0.0077821011673151474
2022-11-24,2620,2665,2600,2660,86889,0.027027027027026973
2022-11-25,2660,2680,2615,2615,71303,-0.016917293233082664
2022-11-28,2645,2645,2550,2570,77704,-0.017208413001912004
2022-11-29,2535,2610,2530,2605,65722,0.013618677042801508
2022-11-30,2610,2640,2595,2610,45338,0.0019193857965451588
2022-12-01,2630,2670,2620,2660,109058,0.019157088122605304
2022-12-02,2660,2690,2630,2665,66066,0.001879699248120259
2022-12-05,2665,2705,2655,2680,60574,0.0056285178236397115
2022-12-06,2650,2680,2620,2620,63591,-0.02238805970149249
2022-12-07,2600,2630,2570,2595,44560,-0.009541984732824416
2022-12-08,2580,2615,2545,2550,55644,-0.017341040462427793
2022-12-09,2550,2615,2540,2570,47333,0.007843137254901933
2022-12-12,2540,2625,2540,2595,24732,0.009727626459143934
2022-12-13,2595,2645,2595,2615,46575,0.007707129094412402
2022-12-14,2635,2665,2615,2655,75133,0.015296367112810794
2022-12-15,2655,2760,2630,2715,174395,0.02259887005649719
2022-12-16,2650,2755,2630,2700,379097,-0.0055248618784530246
2022-12-19,2670,2705,2655,2675,56191,-0.0092592592592593
2022-12-20,2675,2700,2570,2575,120008,-0.03738317757009346
2022-12-21,2590,2635,2545,2565,89252,-0.003883495145631022
2022-12-22,2565,2610,2565,2585,32246,0.007797270955165692
2022-12-23,2585,2585,2530,2545,96090,-0.015473887814313358
2022-12-26,2545,2575,2545,2565,71556,0.007858546168958647
2022-12-27,2560,2610,2560,2610,53620,0.01754385964912286
2022-12-28,2600,2630,2575,2620,54968,0.003831417624521105
2022-12-29,2600,2645,2465,2470,133035,-0.057251908396946605
2023-01-02,2470,2495,2345,2365,101287,-0.04251012145748989
2023-01-03,2325,2380,2250,2320,171963,-0.019027484143763207
2023-01-04,2290,2425,2290,2385,64452,0.028017241379310276
2023-01-05,2425,2800,2415,2465,2593855,0.03354297693920327
2023-01-06,2440,2545,2435,2500,231673,0.014198782961460488
2023-01-09,2530,2585,2515,2555,189491,0.02200000000000002
2023-01-10,2555,2615,2555,2590,104875,0.013698630136986356
2023-01-11,2595,2645,2595,2615,128513,0.009652509652509744
2023-01-12,2640,2640,2605,2620,65712,0.0019120458891013214
2023-01-13,2605,2650,2590,2630,69818,0.003816793893129722
2023-01-16,2650,2655,2610,2645,59768,0.005703422053231932
2023-01-17,2650,2835,2640,2775,969757,0.04914933837429114
2023-01-18,2795,2815,2700,2715,576914,-0.021621621621621623
2023-01-19,2710,2880,2640,2685,1592728,-0.011049723756906049
2023-01-20,2680,2730,2670,2680,171803,-0.0018621973929237035
2023-01-25,2725,2780,2700,2750,222275,0.026119402985074647
2023-01-26,2775,2810,2745,2785,203906,0.012727272727272698
2023-01-27,2785,2820,2765,2815,183034,0.010771992818671361
2023-01-30,2835,2835,2795,2805,180055,-0.003552397868561319
2023-01-31,2800,2845,2770,2835,123634,0.010695187165775444
2023-02-01,2850,2850,2785,2810,147118,-0.00881834215167554
2023-02-02,2805,2840,2805,2825,97403,0.005338078291814874
2023-02-03,2840,2840,2800,2820,50111,-0.001769911504424737
2023-02-06,2800,2825,2780,2820,56751,0.0
2023-02-07,2795,2830,2780,2825,80745,0.0017730496453900457
2023-02-08,2830,2910,2830,2900,265442,0.026548672566371723
2023-02-09,2900,2950,2870,2920,162138,0.006896551724137945
2023-02-10,2925,2965,2810,2925,244621,0.001712328767123239
2023-02-13,2925,2930,2825,2845,96502,-0.027350427350427364
2023-02-14,2845,2870,2830,2845,64477,0.0
2023-02-15,2850,2855,2580,2700,195789,-0.05096660808435849
2023-02-16,2725,2775,2720,2740,68382,0.014814814814814836
2023-02-17,2735,2755,2710,2735,44338,-0.0018248175182481452
2023-02-20,2735,2770,2685,2755,64050,0.007312614259597838
2023-02-21,2755,2785,2730,2770,89865,0.005444646098003547
2023-02-22,2700,2740,2680,2715,83000,-0.019855595667869985
2023-02-23,2715,2880,2695,2815,649947,0.036832412523020164
2023-02-24,2810,2810,2695,2715,173947,-0.035523978685612745
2023-02-27,2690,2710,2660,2700,99187,-0.0055248618784530246
2023-02-28,2700,2780,2695,2735,128934,0.012962962962963065
2023-03-02,2735,2770,2710,2770,85058,0.01279707495429605
2023-03-03,2775,2780,2745,2760,51670,-0.0036101083032491488
2023-03-06,2770,2770,2720,2755,57536,-0.0018115942028985588
2023-03-07,2730,2755,2720,2745,74593,-0.003629764065335772
2023-03-08,2730,2735,2690,2690,58048,-0.02003642987249543
2023-03-09,2690,2700,2600,2640,142982,-0.018587360594795488
2023-03-10,2630,2630,2555,2570,82669,-0.02651515151515149
2023-03-13,2520,2610,2475,2585,115638,0.005836575875486361
2023-03-14,2595,2595,2440,2440,152414,-0.05609284332688591
2023-03-15,2460,2725,2460,2725,1012335,0.11680327868852469
2023-03-16,3060,3100,2600,2620,5155754,-0.038532110091743066
2023-03-17,2630,2685,2605,2645,499907,0.009541984732824416
2023-03-20,2650,2675,2560,2635,361598,-0.003780718336483968
2023-03-21,2635,2650,2580,2580,213332,-0.020872865275142316
2023-03-22,2600,2610,2545,2570,193633,-0.003875968992248069
2023-03-23,2560,2560,2485,2500,208703,-0.027237354085603127
2023-03-24,2515,2560,2470,2550,262389,0.020000000000000018
2023-03-27,2540,2550,2475,2545,97274,-0.0019607843137254832
2023-03-28,2545,2575,2510,2565,137443,0.007858546168958647
2023-03-29,2565,2570,2540,2555,117852,-0.003898635477582846
2023-03-30,2555,2565,2550,2560,109217,0.001956947162426559
2023-03-31,2560,2575,2515,2530,129717,-0.01171875
2023-04-03,2530,2555,2525,2540,78612,0.0039525691699604515
2023-04-04,2540,2580,2535,2565,93206,0.009842519685039353
2023-04-05,2545,2570,2535,2565,80939,0.0
2023-04-06,2550,2565,2495,2515,145950,-0.01949317738791423
2023-04-07,2525,2525,2495,2520,73289,0.001988071570576455
2023-04-10,2510,2520,2455,2470,139864,-0.019841269841269882
2023-04-11,2465,2505,2450,2505,92721,0.014170040485830038
2023-04-12,2505,2565,2490,2560,116282,0.02195608782435121
2023-04-13,2560,2575,2510,2565,71230,0.001953125
2023-04-14,2595,2595,2550,2570,58294,0.0019493177387914784
2023-04-17,2570,2595,2545,2595,104840,0.009727626459143934
2023-04-18,2575,2595,2540,2590,114266,-0.0019267822736031004
2023-04-19,2590,2625,2580,2620,148797,0.01158301158301156
2023-04-20,2605,2615,2560,2575,111945,-0.01717557251908397
2023-04-21,2555,2605,2510,2565,137467,-0.003883495145631022
2023-04-24,2545,2585,2510,2510,91897,-0.021442495126705707
2023-04-25,2670,2780,2480,2495,1177682,-0.005976095617529875
2023-04-26,2480,2505,2455,2480,166640,-0.006012024048096198
2023-04-27,2455,2525,2445,2505,137023,0.010080645161290258
2023-04-28,2500,2630,2500,2585,335335,0.031936127744510934
2023-05-02,2675,2805,2590,2750,1427489,0.06382978723404253
2023-05-03,2725,2920,2705,2885,1232442,0.049090909090909074
2023-05-04,2860,2990,2790,2965,1177939,0.02772963604852685
2023-05-08,2875,2920,2680,2730,1049431,-0.0792580101180439
2023-05-09,2735,2865,2685,2825,707710,0.0347985347985349
2023-05-10,2770,2850,2630,2695,1046264,-0.046017699115044275
2023-05-11,2685,2725,2670,2680,264065,-0.005565862708719838
2023-05-12,2680,2690,2635,2660,167255,-0.007462686567164201
2023-05-15,2660,2665,2610,2645,155952,-0.005639097744360888
2023-05-16,2635,2695,2635,2685,132413,0.01512287334593565
2023-05-17,2670,2745,2670,2720,138557,0.013035381750465591
2023-05-18,2725,2755,2700,2720,122652,0.0
2023-05-19,2735,2735,2700,2725,76909,0.0018382352941177516
2023-05-22,2730,2785,2730,2745,141562,0.007339449541284404
2023-05-23,2750,2775,2735,2760,58172,0.005464480874316946
2023-05-24,2750,2765,2700,2700,111133,-0.021739130434782594
2023-05-25,2705,2730,2680,2705,156724,0.0018518518518517713
2023-05-26,2695,2725,2665,2670,67699,-0.012939001848428888
2023-05-30,2695,2730,2675,2705,61712,0.013108614232209659
2023-05-31,2705,2770,2705,2730,58453,0.009242144177449063
2023-06-01,2700,2720,2670,2700,138178,-0.01098901098901095
2023-06-02,2700,2735,2680,2705,119804,0.0018518518518517713
2023-06-05,2700,2720,2685,2715,69933,0.003696857670979714
2023-06-07,2715,2740,2690,2725,70898,0.0036832412523020164
2023-06-08,2740,2755,2710,2735,67334,0.003669724770642091
2023-06-09,2735,2740,2700,2720,123006,-0.005484460694698323
2023-06-12,2725,2730,2700,2730,61728,0.003676470588235281
2023-06-13,2730,2760,2725,2750,86566,0.0073260073260073
2023-06-14,2745,2755,2685,2690,106705,-0.021818181818181848
2023-06-15,2690,2705,2665,2690,54133,0.0
2023-06-16,2695,2715,2660,2665,67753,-0.009293680297397744
2023-06-19,2675,2940,2650,2795,2128891,0.04878048780487809
2023-06-20,2770,2815,2750,2805,304917,0.003577817531305927
2023-06-21,2780,2825,2760,2790,287196,-0.005347593582887722
2023-06-22,2800,2850,2775,2780,233598,-0.0035842293906810374
2023-06-23,2785,2850,2760,2825,194095,0.01618705035971213
2023-06-26,2800,2845,2770,2820,157442,-0.001769911504424737
2023-06-27,2820,2845,2795,2805,127523,-0.005319148936170248
2023-06-28,2805,2830,2780,2785,128965,-0.007130124777183555
2023-06-29,2795,2800,2750,2770,112792,-0.0053859964093356805
2023-06-30,2770,2775,2720,2750,80377,-0.0072202166064981865
2023-07-03,2755,2835,2755,2835,199789,0.030909090909090997
2023-07-04,2835,2835,2785,2795,87686,-0.014109347442680775
2023-07-05,2795,2805,2720,2730,117907,-0.023255813953488413
2023-07-06,2730,2735,2650,2665,139505,-0.023809523809523836
2023-07-07,2665,2685,2620,2630,96949,-0.013133208255159512
2023-07-10,2630,2675,2610,2665,49956,0.013307984790874583
2023-07-11,2645,2685,2635,2645,42841,-0.007504690431519689
2023-07-12,2655,2690,2635,2665,51347,0.007561436672967936
2023-07-13,2670,2720,2665,2695,59276,0.011257035647279645
2023-07-14,2695,2710,2600,2650,132811,-0.016697588126159513
2023-07-17,2670,2680,2630,2675,57433,0.009433962264151052
2023-07-18,2640,2685,2615,2620,85581,-0.020560747663551426
2023-07-19,2635,2640,2590,2610,67504,-0.003816793893129722
2023-07-20,2580,2620,2555,2585,33660,-0.009578544061302652
2023-07-21,2600,2630,2555,2595,63420,0.003868471953578423
2023-07-24,2570,2595,2500,2515,130049,-0.030828516377649273
2023-07-25,2525,2525,2430,2450,147741,-0.025844930417495027
2023-07-26,2440,2450,2330,2380,214761,-0.02857142857142858
2023-07-27,2340,2475,2340,2475,69429,0.0399159663865547
2023-07-28,2470,2505,2450,2495,28684,0.008080808080808133
2023-07-31,2485,2505,2460,2500,45549,0.002004008016031955
2023-08-01,2505,2525,2485,2520,47557,0.008000000000000007
2023-08-02,2500,2535,2435,2480,95366,-0.015873015873015928
2023-08-03,2465,2480,2425,2480,35662,0.0
2023-08-04,2470,2490,2435,2470,61611,-0.0040322580645161255
2023-08-07,2470,2515,2445,2500,71246,0.012145748987854255
2023-08-08,2490,2510,2440,2450,64546,-0.020000000000000018
2023-08-09,2430,2490,2425,2485,25441,0.014285714285714235
2023-08-10,2465,2505,2460,2500,20768,0.006036217303822866
2023-08-11,2510,2530,2480,2515,33739,0.006000000000000005
2023-08-14,2545,2545,2465,2475,54797,-0.015904572564612307
2023-08-16,2475,2540,2475,2485,83517,0.004040404040404066
2023-08-17,2510,2510,2425,2495,62020,0.004024144869215318
2023-08-18,2485,2495,2440,2475,49300,-0.008016032064128265
2023-08-21,2475,2500,2440,2475,46509,0.0
2023-08-22,2490,2490,2445,2460,27313,-0.0060606060606061
2023-08-23,2470,2490,2450,2460,22950,0.0
2023-08-24,2460,2495,2460,2475,26528,0.0060975609756097615
2023-08-25,2480,2480,2455,2470,19556,-0.002020202020202033
2023-08-28,2470,2485,2435,2480,29240,0.004048582995951344
2023-08-29,2490,2515,2470,2510,76708,0.012096774193548487
2023-08-30,2525,2540,2495,2510,57832,0.0
2023-08-31,2500,2570,2500,2530,26737,0.007968127490039834
2023-09-01,2545,2545,2495,2515,48196,-0.005928853754940677
2023-09-04,2505,2560,2500,2545,88333,0.011928429423459175
2023-09-05,2535,2565,2535,2550,43252,0.0019646365422396617
2023-09-06,2535,2540,2510,2520,25329,-0.0117647058823529
2023-09-07,2520,2520,2490,2500,44294,-0.007936507936507908
2023-09-08,2490,2520,2480,2505,10696,0.0020000000000000018
2023-09-11,2515,2540,2490,2505,57099,0.0
2023-09-12,2505,2520,2495,2500,28502,-0.001996007984031989
2023-09-13,2500,2520,2495,2500,75711,0.0
2023-09-14,2595,2775,2505,2660,3465361,0.06400000000000006
2023-09-15,2620,2640,2580,2605,350474,-0.020676691729323293
2023-09-18,2595,2610,2550,2555,255455,-0.019193857965451033
2023-09-19,2545,2615,2525,2545,212581,-0.003913894324853229
2023-09-20,2520,2605,2520,2530,268969,-0.005893909626719096
2023-09-21,2515,2535,2450,2470,215745,-0.02371541501976282
2023-09-22,2480,2510,2435,2435,114238,-0.014170040485829927
2023-09-25,2390,2510,2390,2400,207553,-0.014373716632443578
2023-09-26,2405,2415,2385,2415,66098,0.006250000000000089
2023-09-27,2395,2430,2390,2400,65065,-0.006211180124223614
2023-10-04,2375,2400,2325,2325,96524,-0.03125
2023-10-05,2315,2420,2315,2320,159149,-0.0021505376344086446
2023-10-06,2315,2390,2315,2360,40309,0.01724137931034475
2023-10-10,2380,2420,2340,2385,60780,0.010593220338983134
2023-10-11,2330,2440,2330,2425,67798,0.016771488469601747
2023-10-12,2435,2485,2420,2475,56420,0.020618556701030855
2023-10-13,2475,2475,2405,2455,30339,-0.008080808080808133
2023-10-16,2450,2450,2400,2430,36270,-0.010183299389002087
2023-10-17,2435,2510,2435,2495,73658,0.026748971193415683
2023-10-18,2490,2520,2480,2500,25095,0.002004008016031955
2023-10-19,2435,2510,2415,2485,91302,-0.006000000000000005
2023-10-20,2440,2485,2400,2485,74366,0.0
2023-10-23,2475,2490,2445,2470,67412,-0.006036217303822977
2023-10-24,2460,2540,2450,2490,100668,0.00809716599190291
2023-10-25,2490,2570,2490,2495,107362,0.002008032128514081
2023-10-26,2470,2510,2430,2500,92459,0.002004008016031955
2023-10-27,2500,2505,2440,2450,46375,-0.020000000000000018
2023-10-30,2450,2480,2440,2480,21735,0.012244897959183598
2023-10-31,2490,2515,2445,2460,63543,-0.008064516129032251
2023-11-01,2455,2475,2455,2470,14646,0.004065040650406582
2023-11-02,2470,2505,2455,2490,32372,0.00809716599190291
2023-11-03,2510,2530,2490,2525,42010,0.014056224899598346
2023-11-06,2530,2545,2505,2520,49635,-0.001980198019801982
2023-11-07,2520,2520,2480,2515,36855,-0.001984126984126977
2023-11-08,2525,2540,2515,2520,39556,0.001988071570576455
2023-11-09,2525,2525,2495,2520,22081,0.0
2023-11-10,2515,2525,2490,2525,19476,0.001984126984126977
2023-11-13,2520,2540,2500,2500,58464,-0.00990099009900991
2023-11-14,2500,2640,2500,2550,205415,0.020000000000000018
2023-11-15,2560,2595,2550,2585,79902,0.013725490196078383
2023-11-16,2565,2645,2565,2635,111019,0.01934235976789167
2023-11-17,2635,2640,2610,2640,48457,0.00189753320683117
2023-11-20,2640,2675,2630,2665,91450,0.009469696969697017
2023-11-21,2670,2680,2655,2670,64608,0.0018761726078799779
2023-11-22,2670,2715,2665,2690,160447,0.0074906367041198685
2023-11-23,2690,2695,2635,2640,75368,-0.018587360594795488
2023-11-24,2645,2675,2630,2665,43871,0.009469696969697017
2023-11-27,2670,2720,2655,2685,153156,0.007504690431519689
2023-11-28,2685,2725,2665,2675,223554,-0.003724394785847296
2023-11-29,2570,2590,2520,2565,232444,-0.04112149532710285
2023-11-30,2565,2605,2565,2590,47942,0.00974658869395717
2023-12-01,2605,2610,2575,2590,28268,0.0
2023-12-04,2585,2640,2585,2630,107722,0.015444015444015413
2023-12-05,2630,2645,2600,2615,43047,-0.005703422053231932
2023-12-06,2595,2660,2590,2615,175361,0.0
2023-12-07,2600,2615,2580,2585,39618,-0.01147227533460804
2023-12-08,2560,2620,2560,2615,37925,0.011605415860735047
2023-12-11,2615,2630,2615,2630,33259,0.005736137667303964
2023-12-12,2630,2645,2595,2625,68097,-0.0019011406844106071
2023-12-13,2625,2625,2595,2615,32453,-0.003809523809523818
2023-12-14,2610,2625,2580,2615,52729,0.0
2023-12-15,2605,2645,2605,2640,49383,0.009560229445506607
2023-12-18,2645,2665,2625,2655,93428,0.005681818181818121
2023-12-19,2650,2715,2650,2690,106140,0.013182674199623268
2023-12-20,2690,2705,2670,2690,73190,0.0
2023-12-21,2690,2705,2675,2685,41796,-0.0018587360594795044
2023-12-22,2685,2695,2665,2675,70299,-0.003724394785847296
2023-12-26,2675,2695,2655,2680,39250,0.0018691588785046953
2023-12-27,2630,2680,2610,2645,53023,-0.013059701492537323
2023-12-28,2645,2655,2620,2655,26742,0.003780718336483968
2024-01-02,2655,2665,2625,2660,49344,0.0018832391713747842
2024-01-03,2660,2660,2575,2600,42721,-0.022556390977443663
2024-01-04,2600,2615,2575,2600,23347,0.0
2024-01-05,2595,2615,2590,2610,20146,0.0038461538461538325
2024-01-08,2600,2620,2595,2595,24991,-0.005747126436781658
2024-01-09,2605,2650,2605,2645,49357,0.019267822736030782
2024-01-10,2650,2650,2585,2625,24907,-0.007561436672967825
2024-01-11,2615,2650,2610,2650,44590,0.00952380952380949
2024-01-12,2645,2730,2595,2625,141041,-0.009433962264150941
2024-01-15,2600,3055,2600,2805,7632504,0.0685714285714285
2024-01-16,2805,2810,2730,2800,690666,-0.0017825311942959443
2024-01-17,2900,3065,2655,2715,6288224,-0.03035714285714286
2024-01-18,2715,2775,2660,2775,537871,0.022099447513812098
2024-01-19,2755,2785,2690,2710,384183,-0.023423423423423406
2024-01-22,2730,2780,2710,2750,269298,0.014760147601476037
2024-01-23,2765,2830,2705,2750,195220,0.0
2024-01-24,2760,2830,2720,2800,187301,0.018181818181818077
2024-01-25,2800,2845,2660,2775,403713,-0.008928571428571397
2024-01-26,2720,2780,2705,2765,153477,-0.003603603603603567
2024-01-29,2760,2800,2720,2725,116429,-0.01446654611211573
2024-01-30,2715,2750,2715,2745,92380,0.007339449541284404
2024-01-31,2740,2745,2680,2745,88490,0.0
2024-02-01,2710,2760,2690,2745,104527,0.0
2024-02-02,2730,2765,2720,2750,115900,0.0018214936247722413
2024-02-05,2755,2795,2755,2785,95644,0.012727272727272698
2024-02-06,2770,2825,2765,2805,184903,0.007181328545780907
2024-02-07,2800,2840,2760,2825,142997,0.007130124777183555
2024-02-08,2845,2845,2745,2760,152211,-0.023008849557522137
2024-02-13,2740,2920,2730,2860,464788,0.03623188405797095
2024-02-14,2800,2800,2755,2790,177044,-0.02447552447552448
2024-02-15,2770,2800,2760,2775,132481,-0.005376344086021501
2024-02-16,2775,2810,2765,2810,59431,0.012612612612612706
2024-02-19,2810,2845,2785,2820,63930,0.003558718861210064
2024-02-20,2820,2850,2805,2810,69493,-0.0035460992907800915
2024-02-21,2800,2850,2795,2840,81376,0.01067615658362997
2024-02-22,2855,2870,2825,2870,93790,0.010563380281690238
2024-02-23,2870,2870,2805,2805,79008,-0.022648083623693416
2024-02-26,2775,2820,2745,2775,94936,-0.010695187165775444
2024-02-27,2775,2775,2730,2770,41891,-0.0018018018018017834
2024-02-28,2770,2780,2740,2770,60159,0.0
2024-02-29,2770,2775,2715,2770,96708,0.0
2024-03-04,2760,2790,2760,2780,46569,0.0036101083032491488
2024-03-05,2780,2780,2740,2745,45863,-0.01258992805755399
2024-03-06,2735,2795,2730,2770,60314,0.00910746812386165
2024-03-07,2770,2795,2685,2730,90647,-0.014440433212996373
2024-03-08,2730,2760,2700,2745,46030,0.005494505494505475
2024-03-11,2745,2790,2715,2730,49659,-0.005464480874316946
2024-03-12,2740,2740,2645,2645,123738,-0.031135531135531136
2024-03-13,2650,2910,2650,2670,1379918,0.00945179584120992
2024-03-14,2670,2700,2610,2645,166017,-0.009363295880149836
2024-03-15,2645,2650,2615,2640,84802,-0.001890359168241984
2024-03-18,2640,2655,2615,2645,89704,0.0018939393939394478
2024-03-19,2640,2665,2625,2640,62207,-0.001890359168241984
2024-03-20,2625,2660,2625,2650,39129,0.0037878787878788955
2024-03-21,2660,2675,2640,2660,66385,0.0037735849056603765
2024-03-22,2660,2685,2645,2675,73782,0.005639097744360999
2024-03-25,2690,2695,2660,2675,48231,0.0
2024-03-26,2665,2695,2665,2690,70657,0.005607476635514086
2024-03-27,2700,2710,2680,2700,34086,0.0037174721189590088
2024-03-28,2680,2705,2665,2685,58287,-0.005555555555555536
2024-03-29,2685,2690,2655,2685,49053,0.0
2024-04-01,2680,2705,2675,2700,49294,0.005586592178770999
2024-04-02,2695,2705,2680,2690,64129,-0.0037037037037036535
2024-04-03,2700,2700,2665,2685,59919,-0.0018587360594795044
2024-04-04,2685,2730,2680,2720,94049,0.013035381750465591
2024-04-05,2715,2715,2675,2705,102408,-0.005514705882352922
2024-04-08,2705,2705,2665,2690,66409,-0.00554528650646946
2024-04-09,2690,2695,2645,2650,97817,-0.014869888475836479
2024-04-11,2630,2660,2620,2660,42187,0.0037735849056603765
2024-04-12,2660,2675,2645,2660,51446,0.0
2024-04-15,2660,2665,2610,2630,73697,-0.011278195488721776
2024-04-16,2595,2630,2540,2545,131117,-0.03231939163498099
2024-04-17,2530,2580,2530,2530,145420,-0.005893909626719096
2024-04-18,2530,2580,2530,2580,40623,0.01976284584980248
2024-04-19,2580,2580,2500,2535,60487,-0.01744186046511631
2024-04-22,2540,2560,2540,2560,23410,0.009861932938856066
2024-04-23,2560,2585,2560,2580,26492,0.0078125
2024-04-24,2580,2615,2580,2610,19244,0.011627906976744207
2024-04-25,2610,2610,2565,2595,16477,-0.005747126436781658
2024-04-26,2595,2595,2555,2580,44593,-0.005780346820809301
2024-04-29,2580,2625,2570,2595,30285,0.005813953488372103
2024-04-30,2590,2625,2590,2615,24120,0.007707129094412402
2024-05-02,2615,2625,2600,2615,17536,0.0
2024-05-03,2595,2625,2590,2610,28039,-0.0019120458891013214
2024-05-07,2610,2670,2610,2655,36254,0.01724137931034475
2024-05-08,2655,2670,2635,2655,33619,0.0
2024-05-09,2655,2660,2625,2640,39977,-0.005649717514124242
2024-05-10,2620,2640,2610,2630,28248,-0.0037878787878787845
2024-05-13,2630,2665,2615,2640,43853,0.0038022813688212143
2024-05-14,2615,2660,2615,2655,54897,0.005681818181818121
2024-05-16,2710,2750,2690,2740,214205,0.03201506591337089
2024-05-17,2745,2745,2705,2740,68543,0.0
2024-05-20,2740,2740,2700,2730,52381,-0.0036496350364964014
2024-05-21,2730,2755,2720,2740,75371,0.00366300366300365
2024-05-22,2740,2755,2695,2720,76621,-0.007299270072992692
2024-05-23,2700,2730,2700,2705,27972,-0.005514705882352922
2024-05-24,2690,2735,2690,2710,56281,0.001848428835489857
2024-05-27,2725,2725,2695,2710,54077,0.0
2024-05-28,2710,2770,2710,2760,75720,0.01845018450184499
2024-05-29,2775,2775,2700,2705,65945,-0.019927536231884035
2024-05-30,2705,2730,2700,2715,29063,0.003696857670979714
2024-05-31,2715,2715,2680,2695,29898,-0.007366482504604033
2024-06-03,2695,2725,2690,2705,32983,0.0037105751391466324
2024-06-04,2715,2730,2695,2710,28183,0.001848428835489857
2024-06-05,2710,2735,2685,2715,29081,0.0018450184501845879
2024-06-07,2715,2765,2710,2715,58148,0.0
2024-06-10,2730,2740,2710,2720,49797,0.0018416206261511192
2024-06-11,2715,2745,2715,2730,47482,0.003676470588235281
2024-06-12,2720,2765,2720,2735,47735,0.001831501831501825
2024-06-13,2720,2735,2720,2725,34312,-0.003656307129798919
2024-06-14,2725,2750,2725,2750,58003,0.00917431192660545
2024-06-17,2750,2755,2710,2715,57622,-0.012727272727272698
2024-06-18,2735,2735,2690,2720,53894,0.0018416206261511192
2024-06-19,2705,2715,2675,2705,46432,-0.005514705882352922
2024-06-20,2705,2705,2680,2700,33414,-0.001848428835489857
2024-06-21,2695,2700,2680,2680,23264,-0.007407407407407418
2024-06-24,2680,2685,2610,2650,66680,-0.011194029850746245
2024-06-25,2620,2665,2620,2655,16337,0.0018867924528302993
2024-06-26,2655,2680,2620,2650,22516,-0.0018832391713747842
2024-06-27,2650,2650,2610,2635,23153,-0.005660377358490565
2024-06-28,2640,2645,2615,2630,22068,-0.00189753320683117
2024-07-01,2620,2645,2600,2625,21065,-0.0019011406844106071
2024-07-02,2630,2630,2590,2590,41629,-0.013333333333333308
2024-07-03,2605,2605,2570,2570,58290,-0.007722007722007707
2024-07-04,2565,2580,2560,2560,42698,-0.0038910505836575737
2024-07-05,2550,2595,2550,2550,32637,-0.00390625
2024-07-08,2550,2575,2550,2555,38460,0.0019607843137254832
2024-07-09,2550,2585,2550,2580,20225,0.009784735812133016
2024-07-10,2580,2590,2560,2590,36657,0.003875968992248069
2024-07-11,2580,2600,2565,2600,25522,0.0038610038610038533
2024-07-12,2605,2605,2575,2595,32500,-0.0019230769230769162
2024-07-15,2600,2605,2580,2600,18805,0.0019267822736031004
2024-07-16,2585,2630,2580,2630,52399,0.011538461538461497
2024-07-17,2630,2635,2600,2625,49954,-0.0019011406844106071
2024-07-18,2615,2615,2570,2580,34195,-0.017142857142857126
2024-07-19,2580,2610,2565,2595,13956,0.005813953488372103
2024-07-22,2585,2605,2575,2580,19528,-0.005780346820809301
2024-07-23,2580,2590,2560,2570,26680,-0.003875968992248069
2024-07-24,2570,2600,2560,2580,26042,0.0038910505836575737
2024-07-25,2580,2580,2565,2575,25050,-0.0019379844961240345
2024-07-26,2560,2640,2560,2575,53734,0.0
2024-07-29,2630,2655,2585,2620,49774,0.01747572815533971
2024-07-30,2615,2625,2585,2625,31211,0.001908396946564972
2024-07-31,2625,2625,2600,2620,17130,-0.0019047619047618536
2024-08-01,2620,2625,2610,2610,14512,-0.003816793893129722
2024-08-02,2600,2615,2570,2590,64804,-0.007662835249042099
2024-08-05,2570,2585,2355,2425,210052,-0.06370656370656369
2024-08-06,2400,2535,2400,2505,72031,0.03298969072164959
2024-08-07,2465,2545,2465,2545,39420,0.015968063872255467
2024-08-08,2520,2525,2490,2510,17137,-0.013752455795677854
2024-08-09,2515,2560,2515,2550,10230,0.015936254980079667
2024-08-12,2535,2555,2525,2545,26792,-0.0019607843137254832
2024-08-13,2545,2545,2500,2515,39421,-0.011787819253438081
2024-08-14,2515,2535,2515,2535,17923,0.007952286282306265
2024-08-16,2535,2580,2530,2565,18827,0.01183431952662728
2024-08-19,2580,2580,2545,2550,68504,-0.005847953216374324
2024-08-20,2540,2575,2540,2575,25660,0.009803921568627416
2024-08-21,2570,2585,2560,2575,21770,0.0
2024-08-22,2580,2585,2560,2565,43189,-0.003883495145631022
2024-08-23,2570,2605,2540,2600,37941,0.013645224171539905
2024-08-26,2580,2640,2555,2605,74327,0.0019230769230769162
2024-08-27,2605,2650,2600,2620,58910,0.0057581573896352545
2024-08-28,2625,2665,2615,2650,40825,0.011450381679389388
2024-08-29,2650,2675,2610,2660,56990,0.0037735849056603765
2024-08-30,2655,2670,2645,2655,22917,-0.001879699248120259
2024-09-02,2655,2665,2625,2650,52590,-0.0018832391713747842
2024-09-03,2655,2680,2635,2655,41204,0.0018867924528302993
2024-09-04,2600,2660,2600,2650,74036,-0.0018832391713747842
2024-09-05,2640,2650,2625,2625,28158,-0.009433962264150941
2024-09-06,2625,2645,2555,2595,35335,-0.011428571428571455
2024-09-09,2530,2600,2530,2580,19918,-0.005780346820809301
2024-09-10,2565,2605,2550,2550,25568,-0.011627906976744207
2024-09-11,2555,2600,2520,2560,16752,0.0039215686274509665
2024-09-12,2535,2600,2535,2595,15036,0.013671875
2024-09-13,2600,2600,2575,2600,7966,0.0019267822736031004
2024-09-19,2600,2605,2535,2605,13645,0.0019230769230769162
2024-09-20,2585,2615,2580,2615,20853,0.0038387715930903177
2024-09-23,2615,2630,2595,2605,17075,-0.003824091778202643
2024-09-24,2595,2610,2590,2605,11431,0.0
2024-09-25,2600,2620,2595,2610,14204,0.0019193857965451588
2024-09-26,2610,2620,2600,2615,21293,0.0019157088122605526
2024-09-27,2615,2625,2600,2605,14136,-0.003824091778202643
2024-09-30,2620,2620,2590,2605,21273,0.0
2024-10-02,2605,2625,2570,2595,23715,-0.0038387715930902067
2024-10-04,2595,2620,2575,2600,14297,0.0019267822736031004
2024-10-07,2600,2600,2575,2585,20219,-0.005769230769230749
2024-10-08,2595,2645,2575,2605,35274,0.007736943907156624
2024-10-10,2605,2625,2600,2615,26932,0.0038387715930903177
2024-10-11,2615,2620,2605,2610,5769,-0.0019120458891013214
2024-10-14,2625,2625,2580,2585,13375,-0.009578544061302652
2024-10-15,2585,2600,2560,2600,15506,0.005802707930367523
2024-10-16,2600,2610,2585,2610,8616,0.0038461538461538325
2024-10-17,2610,2610,2585,2595,14947,-0.005747126436781658
2024-10-18,2600,2680,2535,2650,120911,0.021194605009633882
2024-10-21,2650,2650,2595,2605,54096,-0.016981132075471694
2024-10-22,2650,2650,2575,2595,30023,-0.0038387715930902067
2024-10-23,2600,2625,2585,2625,29190,0.011560693641618602
2024-10-24,2600,2625,2580,2585,18552,-0.015238095238095273
2024-10-25,2580,2625,2580,2605,25130,0.007736943907156624
2024-10-28,2610,2625,2600,2610,21748,0.0019193857965451588
2024-10-29,2610,2635,2600,2605,41388,-0.0019157088122605526
2024-10-30,2615,2620,2595,2610,17351,0.0019193857965451588
2024-10-31,2610,2645,2595,2595,52293,-0.005747126436781658
2024-11-01,2590,2630,2580,2620,45336,0.009633911368015502
2024-11-04,2620,2635,2600,2625,14756,0.001908396946564972
2024-11-05,2620,2635,2600,2630,31800,0.0019047619047618536
2024-11-06,2630,2650,2605,2625,36769,-0.0019011406844106071
2024-11-07,2625,2635,2600,2615,26967,-0.003809523809523818
2024-11-08,2600,2620,2600,2620,28429,0.0019120458891013214
2024-11-11,2620,2625,2590,2590,26351,-0.011450381679389277
2024-11-12,2585,2600,2550,2560,72156,-0.01158301158301156
2024-11-13,2535,2570,2470,2485,57341,-0.029296875
2024-11-14,2485,2555,2485,2490,47782,0.002012072434607548
2024-11-15,2485,2500,2475,2475,32801,-0.0060240963855421326
2024-11-18,2460,2490,2450,2455,49581,-0.008080808080808133
2024-11-19,2465,2505,2450,2500,47103,0.018329938900203624
2024-11-20,2490,2525,2490,2500,23684,0.0
2024-11-21,2500,2625,2495,2570,50980,0.028000000000000025
2024-11-22,2565,2640,2540,2570,69243,0.0
2024-11-25,2570,2585,2550,2580,36168,0.0038910505836575737
2024-11-26,2580,2580,2550,2565,11042,-0.005813953488372103
2024-11-27,2555,2570,2545,2570,23179,0.0019493177387914784
2024-11-28,2565,2590,2555,2575,6753,0.0019455252918287869
2024-11-29,2575,2575,2545,2545,19028,-0.011650485436893177
2024-12-02,2545,2650,2520,2535,101761,-0.003929273084479323
2024-12-03,2485,2570,2485,2565,24581,0.01183431952662728
2024-12-04,2540,2540,2485,2500,44453,-0.025341130604288553
2024-12-05,2500,2510,2485,2495,27949,-0.0020000000000000018
2024-12-06,2495,2530,2470,2495,83185,0.0
2024-12-09,2465,2465,2360,2385,91290,-0.044088176352705455
2024-12-10,2350,2495,2350,2495,28479,0.04612159329140453
2024-12-11,2490,2610,2485,2575,127678,0.03206412825651306
2024-12-12,2575,2575,2410,2550,36895,-0.009708737864077666
2024-12-13,2545,2710,2535,2650,173696,0.03921568627450989
2024-12-16,2645,2650,2620,2640,40114,-0.0037735849056603765
2024-12-17,2640,2660,2620,2645,10216,0.0018939393939394478
2024-12-18,2645,2650,2600,2630,65259,-0.005671077504725952
2024-12-19,2630,2685,2575,2640,124109,0.0038022813688212143
2024-12-20,2630,2680,2600,2620,29404,-0.007575757575757569
2024-12-23,2610,2635,2595,2630,82387,0.003816793893129722
2024-12-24,2600,2940,2515,2575,1948622,-0.020912547528517123
2024-12-26,2590,2655,2590,2605,138912,0.011650485436893288
2024-12-27,2650,2650,2520,2530,109659,-0.028790786948176605
2024-12-30,2530,2570,2505,2570,25347,0.015810276679841806
2025-01-02,2570,2600,2555,2600,40465,0.011673151750972721
2025-01-03,2620,2635,2600,2635,47311,0.013461538461538414
2025-01-06,2635,2665,2590,2635,105391,0.0
2025-01-07,2635,2650,2605,2620,39172,-0.005692599620493399
2025-01-08,2595,2625,2595,2620,11201,0.0
2025-01-09,2620,2625,2595,2620,28606,0.0
2025-01-10,2620,2635,2605,2630,24576,0.003816793893129722
2025-01-13,2625,2640,2590,2605,44292,-0.009505703422053258
2025-01-14,2610,2640,2600,2630,18719,0.009596928982725572
2025-01-15,2630,2635,2615,2615,26253,-0.005703422053231932
2025-01-16,2625,2630,2610,2615,22298,0.0
2025-01-17,2600,2615,2590,2615,13176,0.0
2025-01-20,2615,2615,2585,2590,30749,-0.009560229445506718
2025-01-21,2590,2590,2540,2560,21711,-0.01158301158301156
2025-01-22,2565,2595,2550,2575,36814,0.005859375
2025-01-23,2575,2580,2550,2560,54383,-0.005825242718446644
2025-01-24,2570,2570,2545,2560,11274,0.0
2025-01-31,2555,2560,2525,2540,48335,-0.0078125
2025-02-03,2475,2550,2475,2490,70609,-0.019685039370078705
2025-02-04,2495,2575,2490,2560,47717,0.028112449799196693
2025-02-05,2535,2565,2535,2550,14334,-0.00390625
2025-02-06,2535,2590,2535,2570,19377,0.007843137254901933
2025-02-07,2565,2585,2550,2560,41376,-0.0038910505836575737
2025-02-10,2560,2590,2525,2545,40110,-0.005859375
2025-02-11,2555,2565,2535,2565,10713,0.007858546168958647
2025-02-12,2570,2585,2550,2570,22758,0.0019493177387914784
2025-02-13,2560,2570,2540,2565,15807,-0.0019455252918287869
2025-02-14,2555,2570,2530,2570,16365,0.0019493177387914784
2025-02-17,2560,2580,2545,2580,11674,0.0038910505836575737
2025-02-18,2580,2580,2555,2560,13299,-0.007751937984496138
2025-02-19,2550,2560,2530,2560,27132,0.0
2025-02-20,2560,2560,2530,2550,16124,-0.00390625
2025-02-21,2550,2575,2530,2555,21114,0.0019607843137254832
2025-02-24,2550,2560,2540,2545,16528,-0.003913894324853229
2025-02-25,2530,2545,2530,2535,12652,-0.003929273084479323
2025-02-26,2550,2595,2535,2595,15281,0.023668639053254337
2025-02-27,2595,2595,2490,2545,37118,-0.019267822736030782
2025-02-28,2545,2545,2520,2520,16350,-0.00982318271119842
2025-03-04,2520,2525,2485,2525,58754,0.001984126984126977
2025-03-05,2525,2580,2520,2580,30634,0.0217821782178218
2025-03-06,2580,2585,2545,2580,42247,0.0
2025-03-07,2560,2575,2540,2575,48471,-0.0019379844961240345
2025-03-10,2535,2565,2535,2540,10730,-0.013592233009708687
2025-03-11,2540,2540,2500,2515,56948,-0.009842519685039353
2025-03-12,2525,2545,2505,2535,13271,0.007952286282306265
2025-03-13,2535,2550,2515,2530,12603,-0.0019723865877712132
2025-03-14,2535,2555,2525,2540,9080,0.0039525691699604515
2025-03-17,2540,2545,2515,2520,22283,-0.007874015748031482
2025-03-18,2520,2540,2515,2535,13787,0.005952380952380931
2025-03-19,2535,2540,2490,2520,54247,-0.00591715976331364
2025-03-20,2505,2535,2490,2495,54040,-0.009920634920634885
2025-03-21,2495,2500,2485,2500,11875,0.002004008016031955
2025-03-24,2500,2507,2480,2505,7532,0.0020000000000000018
2025-03-25,2485,2515,2480,2500,25225,-0.001996007984031989
2025-03-26,2500,2510,2480,2485,46215,-0.006000000000000005
2025-03-27,2490,2495,2465,2480,26109,-0.002012072434607659
2025-03-28,2480,2480,2435,2460,39079,-0.008064516129032251
2025-03-31,2460,2465,2430,2455,28858,-0.002032520325203291
2025-04-01,2450,2485,2450,2485,21067,0.012219959266802416
2025-04-02,2490,2490,2450,2460,43069,-0.010060362173038184
2025-04-03,2365,2470,2365,2430,54167,-0.012195121951219523
2025-04-04,2405,2485,2405,2475,18401,0.0185185185185186
2025-04-07,2450,2460,2385,2420,44386,-0.022222222222222254
2025-04-08,2405,2480,2400,2480,51695,0.024793388429751984
2025-04-09,2455,2465,2415,2415,33145,-0.02620967741935487
2025-04-10,2440,2490,2440,2475,16999,0.024844720496894457
2025-04-11,2455,2500,2435,2475,14843,0.0
2025-04-14,2465,2510,2460,2505,11879,0.0121212121212122
2025-04-15,2510,2625,2500,2530,147433,0.009980039920159722
2025-04-16,2530,2535,2500,2525,30774,-0.0019762845849802257
2025-04-17,2530,2535,2495,2510,21089,-0.005940594059405946
2025-04-18,2510,2685,2510,2660,306479,0.05976095617529875
2025-04-21,2660,2695,2595,2625,193833,-0.013157894736842146
2025-04-22,2605,2635,2580,2595,47025,-0.011428571428571455
2025-04-23,2595,2615,2590,2610,21191,0.005780346820809301
2025-04-24,2590,2615,2585,2590,28657,-0.007662835249042099
2025-04-25,2590,2630,2590,2630,32684,0.015444015444015413
2025-04-28,2630,2635,2570,2585,76940,-0.017110266159695797
2025-04-29,2595,2620,2580,2590,75011,0.0019342359767891004
2025-04-30,2590,2605,2585,2590,17390,0.0
2025-05-02,2585,2600,2565,2570,15152,-0.007722007722007707
2025-05-07,2585,2590,2550,2585,25434,0.005836575875486361
2025-05-08,2575,2605,2575,2605,12856,0.007736943907156624
2025-05-09,2605,2605,2575,2580,20506,-0.009596928982725572
2025-05-12,2560,2620,2560,2615,33834,0.013565891472868241
2025-05-13,2600,2640,2600,2600,30502,-0.005736137667303964
2025-05-14,2585,2900,2585,2590,1559209,-0.0038461538461538325
2025-05-15,2585,2610,2545,2570,203805,-0.007722007722007707
