Date,Open,High,Low,Close,Volume,Change
2022-01-03,39200,39200,38450,38600,35105,-0.015306122448979553
2022-01-04,38650,39350,38250,38900,48078,0.007772020725388629
2022-01-05,39300,39900,38900,39450,57126,0.014138817480719768
2022-01-06,39400,39600,39050,39100,39211,-0.008871989860583018
2022-01-07,39100,39700,39000,39450,32732,0.008951406649616356
2022-01-10,39400,39950,39200,39400,49251,-0.0012674271229404788
2022-01-11,39900,40500,38400,38550,52552,-0.021573604060913687
2022-01-12,38650,39150,38600,38700,30653,0.0038910505836575737
2022-01-13,38750,39200,38350,38450,39905,-0.006459948320413411
2022-01-14,38400,38400,37850,37900,43385,-0.014304291287386195
2022-01-17,38100,38350,37200,37500,27891,-0.01055408970976257
2022-01-18,37700,38100,37150,37700,26436,0.005333333333333412
2022-01-19,37350,37950,37050,37500,34824,-0.0053050397877983935
2022-01-20,37500,37950,37150,37600,24424,0.002666666666666595
2022-01-21,37200,37700,36750,37000,35827,-0.015957446808510634
2022-01-24,37450,37750,36200,36400,37459,-0.01621621621621616
2022-01-25,36400,36600,35250,35350,35931,-0.028846153846153855
2022-01-26,35250,35850,35100,35150,19923,-0.005657708628005631
2022-01-27,35100,35500,33050,33050,105029,-0.05974395448079661
2022-01-28,33050,34600,33050,34600,29821,0.04689863842662634
2022-02-03,35500,36400,35200,35900,24755,0.037572254335260125
2022-02-04,35350,37000,35350,36700,30134,0.022284122562674202
2022-02-07,36700,37200,35500,37050,22736,0.0095367847411445
2022-02-08,37100,38200,36300,37100,33055,0.0013495276653170407
2022-02-09,37200,37650,36750,37100,17963,0.0
2022-02-10,37150,37750,36950,37400,18054,0.008086253369272267
2022-02-11,37000,37500,36700,36850,26902,-0.014705882352941124
2022-02-14,36550,37000,36000,36450,18571,-0.01085481682496603
2022-02-15,36150,36750,35850,36450,13139,0.0
2022-02-16,36500,36950,36200,36700,15464,0.006858710562414272
2022-02-17,36950,37600,36350,37050,24971,0.0095367847411445
2022-02-18,36950,37550,36500,37000,10853,-0.0013495276653171517
2022-02-21,37800,38750,37250,38350,52174,0.03648648648648645
2022-02-22,38100,38300,37700,37850,23410,-0.013037809647979182
2022-02-23,38550,38650,37350,38200,21922,0.009247027741083214
2022-02-24,37500,37800,36850,37050,32655,-0.030104712041884807
2022-02-25,37150,38200,37150,37800,23260,0.020242914979757165
2022-02-28,38400,39200,37950,38700,38641,0.023809523809523725
2022-03-02,38750,38950,38100,38450,23478,-0.006459948320413411
2022-03-03,38550,38750,37950,38350,30296,-0.002600780234070177
2022-03-04,38000,38200,37700,37950,22946,-0.010430247718383301
2022-03-07,37550,38250,37150,37700,23763,-0.006587615283267456
2022-03-08,37000,37600,36700,36750,19116,-0.025198938992042397
2022-03-10,37050,38650,37050,38250,23106,0.04081632653061229
2022-03-11,38200,38200,37500,37950,16550,-0.007843137254901933
2022-03-14,37850,37900,37250,37300,21082,-0.017127799736495364
2022-03-15,37250,37900,37000,37400,16009,0.002680965147453085
2022-03-16,36250,37100,35050,35350,136132,-0.05481283422459893
2022-03-17,35350,35550,34800,35050,99589,-0.008486562942008447
2022-03-18,35100,35250,34600,34950,73235,-0.0028530670470755526
2022-03-21,35100,35150,34400,34550,64594,-0.011444921316165924
2022-03-22,34500,34900,34400,34800,51025,0.00723589001447178
2022-03-23,35250,35300,34750,34850,52351,0.001436781609195359
2022-03-24,34750,35150,34600,35000,39313,0.004304160688665792
2022-03-25,35250,35250,34900,35050,36011,0.0014285714285713347
2022-03-28,35200,35250,34650,35050,33896,0.0
2022-03-29,35200,35400,34950,35050,41174,0.0
2022-03-30,35250,35350,34950,35150,46514,0.0028530670470756636
2022-03-31,35200,35500,35050,35350,39033,0.005689900426742556
2022-04-01,35650,35650,34850,35000,39328,-0.00990099009900991
2022-04-04,35050,35200,34850,35150,34233,0.004285714285714226
2022-04-05,35150,35300,34950,35300,34946,0.004267425320056972
2022-04-06,35050,35250,34700,34800,56322,-0.014164305949008527
2022-04-07,34700,34900,34250,34400,45522,-0.011494252873563204
2022-04-08,34700,34700,34050,34350,36567,-0.0014534883720930258
2022-04-11,34350,34900,34000,34800,24188,0.013100436681222627
2022-04-12,34600,34750,34400,34650,19536,-0.004310344827586188
2022-04-13,34650,34650,34100,34500,64827,-0.0043290043290042934
2022-04-14,34550,34700,34250,34500,42566,0.0
2022-04-15,34350,34400,34000,34350,60828,-0.004347826086956497
2022-04-18,34250,34350,34000,34300,33616,-0.0014556040756914523
2022-04-19,34300,34550,34200,34550,34128,0.007288629737609353
2022-04-20,34550,35450,34500,34900,70649,0.01013024602026058
2022-04-21,35100,35300,35000,35200,48184,0.008595988538681931
2022-04-22,35200,35200,34650,34900,49772,-0.008522727272727293
2022-04-25,34500,34800,34300,34450,42844,-0.012893982808022897
2022-04-26,34850,34850,34300,34600,29657,0.004354136429608024
2022-04-27,34150,34450,33900,34200,33410,-0.011560693641618491
2022-04-28,34250,34850,33900,34800,44174,0.01754385964912286
2022-04-29,35000,35100,34450,35100,26894,0.008620689655172376
2022-05-02,34900,35150,34750,35150,22802,0.0014245014245013454
2022-05-03,35050,35150,34600,34700,47387,-0.012802275960170695
2022-05-04,34750,34800,34550,34600,25196,-0.0028818443804035088
2022-05-06,34400,34500,33800,34200,45127,-0.011560693641618491
2022-05-09,34050,34050,33050,33450,52986,-0.021929824561403466
2022-05-10,33400,33400,32400,32900,54568,-0.01644245142002987
2022-05-11,32650,33100,32550,32700,30578,-0.006079027355623046
2022-05-12,32300,32500,31600,31950,60875,-0.022935779816513735
2022-05-13,32350,32850,31950,32850,29909,0.028169014084507005
2022-05-16,33150,33300,32500,33200,27389,0.010654490106544845
2022-05-17,32200,32950,31550,31600,92258,-0.048192771084337394
2022-05-18,31700,31850,31200,31450,53847,-0.004746835443038
2022-05-19,30900,31000,30100,30250,61717,-0.038155802861685184
2022-05-20,30700,30900,30300,30800,27008,0.018181818181818077
2022-05-23,30950,31200,30700,31150,26294,0.011363636363636465
2022-05-24,31150,31150,30350,30450,20354,-0.022471910112359605
2022-05-25,30950,31400,30700,31300,28732,0.02791461412151075
2022-05-26,31300,31700,31000,31500,27964,0.006389776357827559
2022-05-27,31600,31850,31600,31650,17879,0.004761904761904745
2022-05-30,31950,32150,31800,32100,13908,0.014218009478673022
2022-05-31,32200,32450,31300,32100,30762,0.0
2022-06-02,32100,32100,31600,31800,20041,-0.009345794392523366
2022-06-03,31800,32200,31600,32150,18188,0.011006289308176154
2022-06-07,32300,32400,31400,32200,23347,0.0015552099533437946
2022-06-08,32200,32200,31500,31500,19871,-0.021739130434782594
2022-06-09,31500,31550,30850,31550,29653,0.0015873015873015817
2022-06-10,31300,31800,31000,31300,27292,-0.007923930269413626
2022-06-13,30900,31250,30100,30100,34749,-0.03833865814696491
2022-06-14,29300,30450,29250,29350,30424,-0.02491694352159468
2022-06-15,29450,29650,28800,28800,29813,-0.01873935264054516
2022-06-16,28850,29300,28550,28550,20429,-0.00868055555555558
2022-06-17,28400,28400,27600,27650,44430,-0.031523642732048995
2022-06-20,27950,28150,26550,27300,49470,-0.012658227848101222
2022-06-21,27050,27800,27050,27700,17067,0.0146520146520146
2022-06-22,27700,27700,26600,26700,25371,-0.03610108303249093
2022-06-23,26950,27400,26550,27000,46482,0.011235955056179803
2022-06-24,27250,28450,26900,28300,25350,0.04814814814814805
2022-06-27,28350,30200,27900,29550,41426,0.044169611307420586
2022-06-28,29550,29800,29100,29150,14485,-0.013536379018612488
2022-06-29,28700,29100,28350,28550,12867,-0.020583190394511175
2022-06-30,28550,28550,27750,28300,19230,-0.008756567425569184
2022-07-01,28300,28800,28000,28800,19161,0.0176678445229681
2022-07-04,28650,29050,28050,28650,24979,-0.00520833333333337
2022-07-05,28800,29150,28250,28600,10202,-0.0017452006980802626
2022-07-06,28500,28500,27550,27550,15711,-0.036713286713286664
2022-07-07,27550,28050,27400,27950,10557,0.014519056261343088
2022-07-08,27900,30650,27850,28150,75360,0.007155635062611854
2022-07-11,28150,28650,27900,27900,9296,-0.008880994671403242
2022-07-12,27900,28400,27650,27800,15634,-0.0035842293906810374
2022-07-13,27400,29550,27400,29450,29202,0.059352517985611586
2022-07-14,29150,29450,28500,28500,11785,-0.032258064516129004
2022-07-15,28250,28800,27750,27950,29325,-0.019298245614035037
2022-07-18,28200,28550,28100,28150,11967,0.007155635062611854
2022-07-19,28150,29700,28000,29300,22940,0.04085257548845478
2022-07-20,29350,30300,29000,30300,30789,0.03412969283276457
2022-07-21,30350,30550,29950,30350,20257,0.0016501650165017256
2022-07-22,30050,30450,29550,29600,15903,-0.02471169686985175
2022-07-25,29600,30400,29450,30150,10598,0.01858108108108114
2022-07-26,29900,30400,29100,30150,7105,0.0
2022-07-27,30400,30650,29800,30350,8988,0.0066334991708125735
2022-07-28,30350,31100,30350,30800,16225,0.014827018121911006
2022-07-29,31000,31500,30850,31500,15456,0.022727272727272707
2022-08-01,31400,31400,30700,30800,12060,-0.022222222222222254
2022-08-02,30500,30850,30150,30700,12156,-0.0032467532467532756
2022-08-03,30650,30850,30400,30750,6678,0.0016286644951140072
2022-08-04,30700,31100,30200,30550,22921,-0.006504065040650375
2022-08-05,30550,30900,30100,30150,20806,-0.013093289689034338
2022-08-08,30050,31400,29850,31300,23242,0.03814262023217241
2022-08-09,31300,31300,30600,30900,16271,-0.012779552715655007
2022-08-10,31350,31400,30450,31100,10994,0.006472491909385036
2022-08-11,31000,31450,31000,31400,16632,0.009646302250803762
2022-08-12,31400,31550,31000,31500,14728,0.0031847133757962887
2022-08-16,31600,31750,30600,31500,15870,0.0
2022-08-17,31600,31850,30850,31300,16099,-0.006349206349206327
2022-08-18,31300,31300,30400,30450,15500,-0.027156549520766737
2022-08-19,30150,30650,30100,30400,6417,-0.0016420361247947435
2022-08-22,30400,31250,29800,31000,21164,0.019736842105263053
2022-08-23,30500,30850,30000,30000,13836,-0.032258064516129004
2022-08-24,29900,30100,29450,29500,13873,-0.01666666666666672
2022-08-25,29550,33550,29550,33250,182441,0.12711864406779672
2022-08-26,33300,33300,31500,31900,60243,-0.04060150375939853
2022-08-29,31050,31850,30600,31000,30361,-0.028213166144200663
2022-08-30,30850,32450,30750,31850,37582,0.02741935483870961
2022-08-31,31850,32350,31300,31750,20613,-0.0031397174254317317
2022-09-01,31450,32800,31300,32450,41801,0.022047244094488105
2022-09-02,32450,32900,31900,31950,20782,-0.015408320493066285
2022-09-05,31450,33050,31450,32350,31300,0.012519561815336422
2022-09-06,32350,32400,31700,31950,17642,-0.012364760432766575
2022-09-07,31850,32200,31200,31400,17312,-0.017214397496087663
2022-09-08,31200,32300,29300,29500,95085,-0.060509554140127375
2022-09-13,29500,30200,28600,28900,85148,-0.02033898305084747
2022-09-14,28700,28750,28050,28250,25310,-0.02249134948096887
2022-09-15,28300,28350,28100,28200,30261,-0.001769911504424737
2022-09-16,28000,28600,27900,28250,22905,0.0017730496453900457
2022-09-19,28250,28900,28150,28250,17714,0.0
2022-09-20,28300,29000,28300,28550,9948,0.010619469026548645
2022-09-21,28300,28900,27900,28250,21879,-0.010507880910682998
2022-09-22,28250,28250,27650,27900,15788,-0.012389380530973493
2022-09-23,27850,27900,27050,27300,23391,-0.021505376344086002
2022-09-26,26900,27650,26700,27400,36661,0.00366300366300365
2022-09-27,27400,28100,27250,28000,37643,0.021897810218978186
2022-09-28,27600,28500,26950,28050,32064,0.0017857142857142794
2022-09-29,28250,28700,27700,28500,23739,0.016042780748663166
2022-09-30,28450,28850,28100,28100,19612,-0.01403508771929829
2022-10-04,28050,29500,28050,29200,29596,0.039145907473309594
2022-10-05,29100,29100,28250,28250,23051,-0.03253424657534243
2022-10-06,28250,29250,28250,28550,15655,0.010619469026548645
2022-10-07,28350,30000,28250,29900,41570,0.04728546409807355
2022-10-11,29450,29900,28700,29050,20116,-0.02842809364548493
2022-10-12,28700,28900,28050,28650,17008,-0.013769363166953541
2022-10-13,28650,28650,27700,27700,25180,-0.03315881326352532
2022-10-14,27700,28900,27700,28900,11515,0.04332129963898912
2022-10-17,28600,28950,28000,28900,11535,0.0
2022-10-18,28900,29150,28150,28400,30760,-0.01730103806228378
2022-10-19,28350,28850,28200,28300,12120,-0.0035211267605633756
2022-10-20,28450,28650,27800,28300,23151,0.0
2022-10-21,28050,29700,27900,29050,42024,0.026501766784452263
2022-10-24,29500,30000,28750,29150,19804,0.0034423407917383297
2022-10-25,29350,29350,28600,28800,6338,-0.012006861063464824
2022-10-26,28450,28950,28150,28500,14850,-0.01041666666666663
2022-10-27,29000,29000,28400,28900,11995,0.01403508771929829
2022-10-28,28900,29300,28700,28950,7500,0.0017301038062282892
2022-10-31,28950,29050,28500,28700,9962,-0.008635578583765069
2022-11-01,28750,29450,28450,29100,9727,0.013937282229965264
2022-11-02,28650,29300,28650,29250,13534,0.005154639175257714
2022-11-03,29200,29200,28400,28550,16569,-0.023931623931623958
2022-11-04,28300,28700,28050,28700,19176,0.005253940455341555
2022-11-07,28250,28750,28200,28500,13571,-0.006968641114982632
2022-11-08,28650,29400,28550,29000,26716,0.01754385964912286
2022-11-09,29400,30450,29150,29750,26888,0.02586206896551735
2022-11-10,30200,30450,29750,29900,15710,0.005042016806722671
2022-11-11,30450,31000,29850,30650,23863,0.025083612040133874
2022-11-14,30650,30650,29950,30350,11393,-0.009787928221859699
2022-11-15,29950,30200,29400,29550,30401,-0.02635914332784184
2022-11-16,29700,29900,29350,29500,13110,-0.0016920473773265332
2022-11-17,29750,30300,29700,30300,16048,0.027118644067796627
2022-11-18,30050,31000,30000,30850,23538,0.018151815181518094
2022-11-21,30850,30850,30200,30600,13914,-0.008103727714748765
2022-11-22,30600,31400,30350,31250,30231,0.0212418300653594
2022-11-23,30950,31350,30600,30750,17152,-0.016000000000000014
2022-11-24,31000,31000,30750,30900,7956,0.004878048780487809
2022-11-25,31000,31000,30700,30800,6505,-0.003236245954692518
2022-11-28,30750,31600,30400,31550,26826,0.024350649350649345
2022-11-29,31300,31600,31100,31250,5881,-0.009508716323296307
2022-11-30,31150,32600,30900,32200,47278,0.030399999999999983
2022-12-01,32200,33000,32100,32700,19815,0.01552795031055898
2022-12-02,32900,33100,32050,32200,28846,-0.015290519877675823
2022-12-05,32700,32750,32100,32600,11877,0.012422360248447228
2022-12-06,32500,32800,31750,32100,20542,-0.015337423312883458
2022-12-07,31950,32500,31700,32500,23535,0.012461059190031154
2022-12-08,32600,32600,31850,32050,18749,-0.013846153846153841
2022-12-09,32250,32350,31650,32350,13856,0.009360374414976613
2022-12-12,32350,32400,31750,31850,8259,-0.015455950540958274
2022-12-13,31600,32250,31550,32250,11108,0.012558869701726927
2022-12-14,32400,32450,31800,31950,8812,-0.009302325581395321
2022-12-15,32050,32400,31800,31850,13540,-0.003129890453834161
2022-12-16,32050,32050,31550,31550,20744,-0.009419152276295084
2022-12-19,31450,32200,31300,32000,9305,0.014263074484944571
2022-12-20,32000,32100,31200,31900,19361,-0.0031250000000000444
2022-12-21,32050,32050,31300,31700,12428,-0.006269592476489061
2022-12-22,31300,32200,31300,32200,18271,0.01577287066246047
2022-12-23,32300,32400,31200,31750,16974,-0.013975155279503104
2022-12-26,31250,31600,30600,31200,20652,-0.017322834645669305
2022-12-27,31250,32100,30800,32100,16920,0.028846153846153744
2022-12-28,30950,31400,30200,30250,21987,-0.05763239875389403
2022-12-29,30000,30200,29050,29400,13557,-0.028099173553719048
2023-01-02,29800,29800,28500,29250,21842,-0.005102040816326481
2023-01-03,29250,29250,27600,28400,31782,-0.029059829059829068
2023-01-04,28250,28500,27750,28500,21278,0.0035211267605634866
2023-01-05,28150,28900,28150,28700,12109,0.007017543859649145
2023-01-06,28100,29100,27950,28200,37437,-0.017421602787456414
2023-01-09,28300,29500,28300,29450,24929,0.04432624113475181
2023-01-10,29400,29900,29000,29650,13552,0.00679117147707986
2023-01-11,29700,29950,29300,29900,13021,0.008431703204047292
2023-01-12,29900,30100,29550,29650,11806,-0.00836120401337792
2023-01-13,30100,30300,29600,29950,15500,0.010118043844856706
2023-01-16,29750,30250,29000,29300,25117,-0.02170283806343909
2023-01-17,29050,29550,29050,29250,15613,-0.0017064846416382506
2023-01-18,29550,29550,28600,29200,26787,-0.0017094017094017033
2023-01-19,29050,29750,28750,29450,18473,0.008561643835616417
2023-01-20,29300,29550,28600,28900,36616,-0.018675721561969394
2023-01-25,29000,29050,28750,28900,22828,0.0
2023-01-26,28800,29400,28800,29350,16840,0.015570934256055269
2023-01-27,29300,29600,29100,29350,25520,0.0
2023-01-30,29350,29550,29200,29200,21630,-0.005110732538330498
2023-01-31,29350,29850,29250,29850,28529,0.022260273972602773
2023-02-01,29600,30050,29350,29900,20601,0.0016750418760469454
2023-02-02,30050,30400,29750,30000,34355,0.0033444816053511683
2023-02-03,29900,30750,29700,30550,27898,0.018333333333333313
2023-02-06,30550,30700,29700,30500,16695,-0.0016366612111292644
2023-02-07,30100,30500,29650,30000,36518,-0.016393442622950838
2023-02-08,29900,30400,29750,30250,16496,0.008333333333333304
2023-02-09,30100,30550,30050,30450,17122,0.006611570247933907
2023-02-10,30050,30250,29700,30150,17890,-0.009852216748768461
2023-02-13,29800,29800,29200,29350,18338,-0.026533996683250405
2023-02-14,29400,29850,29350,29600,19322,0.008517887563884052
2023-02-15,29600,29650,28800,28800,26626,-0.027027027027026973
2023-02-16,29100,29300,28700,29300,15461,0.01736111111111116
2023-02-17,29300,29300,28700,29100,12122,-0.0068259385665528916
2023-02-20,29200,30200,29200,30100,25821,0.03436426116838498
2023-02-21,30100,30300,29700,30200,14036,0.0033222591362125353
2023-02-22,29850,29950,29150,29300,21299,-0.0298013245033113
2023-02-23,29250,29650,29150,29450,23181,0.005119453924914641
2023-02-24,29450,29750,29200,29550,14042,0.00339558573853993
2023-02-27,29550,30000,28800,29200,40320,-0.011844331641285955
2023-02-28,29250,30000,29250,29950,18753,0.02568493150684925
2023-03-02,29950,30000,29500,29500,18949,-0.015025041736227096
2023-03-03,29500,30000,29500,29950,11609,0.015254237288135686
2023-03-06,30000,30200,29500,29650,18774,-0.01001669449081799
2023-03-07,29650,29750,29300,29300,18477,-0.01180438448566612
2023-03-08,29300,29450,28700,28850,24278,-0.015358361774744034
2023-03-09,29000,29800,28900,29800,18506,0.032928942807625594
2023-03-10,29700,29700,28850,29000,20818,-0.02684563758389258
2023-03-13,28800,29000,27500,27550,84002,-0.050000000000000044
2023-03-14,27400,27500,26600,26850,36202,-0.025408348457350294
2023-03-15,27450,27450,26750,27300,28865,0.016759776536312776
2023-03-16,27250,27300,26700,26750,18304,-0.020146520146520186
2023-03-17,27000,27350,26850,26850,19828,0.0037383177570093906
2023-03-20,26850,27350,26500,26600,23311,-0.009310986964618295
2023-03-21,26600,26900,26550,26850,18853,0.009398496240601517
2023-03-22,26850,27050,26650,27000,18482,0.005586592178770999
2023-03-23,27000,27000,26600,26600,23176,-0.014814814814814836
2023-03-24,26600,26700,26250,26350,24486,-0.009398496240601517
2023-03-27,26350,26500,25800,26000,22168,-0.013282732447817858
2023-03-28,25900,26400,25800,26250,22771,0.009615384615384581
2023-03-29,26250,26550,26100,26200,18529,-0.0019047619047618536
2023-03-30,26200,26250,25800,26000,28712,-0.007633587786259555
2023-03-31,26050,26700,26050,26500,25948,0.019230769230769162
2023-04-03,26550,26800,26200,26250,21909,-0.009433962264150941
2023-04-04,26500,26800,26150,26800,22860,0.020952380952381056
2023-04-05,26850,26950,26550,26600,12614,-0.007462686567164201
2023-04-06,26600,26600,26050,26100,27141,-0.018796992481203034
2023-04-07,26100,26200,26000,26200,19104,0.003831417624521105
2023-04-10,26200,26200,25850,25950,14326,-0.009541984732824416
2023-04-11,25950,26300,25750,26300,18472,0.01348747591522148
2023-04-12,26300,26550,26100,26300,21008,0.0
2023-04-13,26300,26550,26050,26550,19538,0.009505703422053147
2023-04-14,26550,27250,26350,26650,35814,0.0037664783427495685
2023-04-17,27200,27200,26200,26300,26583,-0.013133208255159512
2023-04-18,26150,26300,26000,26200,34366,-0.0038022813688213253
2023-04-19,26200,26700,26200,26300,18811,0.003816793893129722
2023-04-20,26300,26500,25900,26050,31144,-0.009505703422053258
2023-04-21,25900,26050,25650,25750,35385,-0.01151631477927062
2023-04-24,25750,26000,25400,25600,20828,-0.005825242718446644
2023-04-25,25450,25750,25150,25250,25487,-0.013671875
2023-04-26,25250,25500,25050,25150,24785,-0.003960396039603964
2023-04-27,25100,25150,24700,24800,23013,-0.013916500994035741
2023-04-28,25000,25550,24650,25500,24464,0.02822580645161299
2023-05-02,25500,25600,25150,25250,19340,-0.009803921568627416
2023-05-03,25200,25500,24850,25000,15374,-0.00990099009900991
2023-05-04,24800,25150,24750,25100,16986,0.0040000000000000036
2023-05-08,24850,25300,24800,25250,19053,0.005976095617529875
2023-05-09,25250,25350,25150,25150,10819,-0.003960396039603964
2023-05-10,25100,25350,24850,25000,16171,-0.005964214711729587
2023-05-11,25050,25300,25000,25250,14850,0.010000000000000009
2023-05-12,25150,25300,24950,25300,14210,0.001980198019801982
2023-05-15,25100,25300,24750,25050,14562,-0.00988142292490124
2023-05-16,24750,24950,24000,24100,35653,-0.03792415169660679
2023-05-17,23950,24350,23950,24150,11475,0.0020746887966804906
2023-05-18,24150,24350,23900,24300,13245,0.006211180124223503
2023-05-19,24150,24650,24150,24550,21915,0.010288065843621297
2023-05-22,24600,24850,24450,24800,14297,0.010183299389002087
2023-05-23,24950,25100,24800,25050,14736,0.010080645161290258
2023-05-24,24900,25050,24750,24800,6403,-0.009980039920159722
2023-05-25,25050,25050,24750,24900,14112,0.0040322580645162365
2023-05-26,24750,25250,24650,25050,14837,0.006024096385542244
2023-05-30,25100,25350,24900,25200,11570,0.0059880239520957446
2023-05-31,24900,25200,24900,24900,14612,-0.011904761904761862
2023-06-01,24900,25150,24850,24850,7825,-0.002008032128514081
2023-06-02,24850,25150,24750,25100,10501,0.010060362173038184
2023-06-05,25100,25400,25000,25150,9358,0.0019920318725099584
2023-06-07,25150,25500,24900,24900,17142,-0.00994035785288272
2023-06-08,24850,25800,24800,25800,34143,0.03614457831325302
2023-06-09,25600,25850,25300,25750,24246,-0.0019379844961240345
2023-06-12,25900,25900,24850,25150,21443,-0.023300970873786353
2023-06-13,25150,25250,24850,24950,26658,-0.007952286282306154
2023-06-14,25250,25250,24300,24600,23220,-0.014028056112224463
2023-06-15,24850,24850,24250,24300,19546,-0.012195121951219523
2023-06-16,24750,24750,24150,24150,23183,-0.006172839506172867
2023-06-19,24300,24500,23800,23850,38348,-0.012422360248447228
2023-06-20,23950,24050,23750,23850,15416,0.0
2023-06-21,24000,24050,23200,23200,29451,-0.027253668763102756
2023-06-22,23150,23550,22750,23000,22449,-0.008620689655172376
2023-06-23,23000,23050,22550,22650,25236,-0.01521739130434785
2023-06-26,22650,23050,22350,22750,21161,0.004415011037527616
2023-06-27,22750,23100,22700,23100,15876,0.01538461538461533
2023-06-28,23000,23100,22900,22900,10363,-0.008658008658008698
2023-06-29,22950,24350,22900,23800,50185,0.0393013100436681
2023-06-30,23850,24100,23350,23500,16319,-0.012605042016806678
2023-07-03,23550,23950,23400,23950,18017,0.01914893617021285
2023-07-04,23700,23950,23450,23750,12638,-0.008350730688935326
2023-07-05,23450,23600,22650,22700,47179,-0.04421052631578948
2023-07-06,22700,23350,22250,23000,40385,0.013215859030837107
2023-07-07,22700,22900,22300,22600,28571,-0.017391304347826098
2023-07-10,22600,22750,22350,22350,12686,-0.011061946902654829
2023-07-11,22350,22650,22000,22350,32559,0.0
2023-07-12,22300,23300,22250,22950,21080,0.02684563758389258
2023-07-13,23100,23350,22900,23000,14744,0.002178649237472685
2023-07-14,23000,23600,23000,23400,16978,0.017391304347825987
2023-07-17,23200,23600,22900,23000,21183,-0.017094017094017144
2023-07-18,23200,23300,22850,23100,9789,0.004347826086956497
2023-07-19,22950,23000,22500,22500,14413,-0.025974025974025983
2023-07-20,22400,22950,22200,22300,12687,-0.008888888888888835
2023-07-21,22100,22600,22100,22550,11998,0.011210762331838486
2023-07-24,22350,22350,21900,22050,23162,-0.022172949002217335
2023-07-25,22050,22050,21250,21450,33089,-0.027210884353741527
2023-07-26,21200,21350,20150,20650,69303,-0.037296037296037254
2023-07-27,20200,22050,20200,22050,26893,0.06779661016949157
2023-07-28,21650,22050,21600,21800,11545,-0.0113378684807256
2023-07-31,22000,22000,21250,21550,18100,-0.011467889908256867
2023-08-01,21350,22100,21350,22050,10534,0.023201856148491906
2023-08-02,22100,22200,21700,21700,16462,-0.015873015873015928
2023-08-03,22050,22050,21400,21750,18902,0.0023041474654377225
2023-08-04,21800,22400,21800,22250,11241,0.02298850574712641
2023-08-07,22250,22850,22250,22450,21521,0.008988764044943753
2023-08-08,22550,22800,21750,22300,10776,-0.006681514476614692
2023-08-09,22550,22550,22000,22350,12071,0.0022421524663676085
2023-08-10,22200,22600,21950,22300,48167,-0.0022371364653244186
2023-08-11,22450,22900,22050,22500,43586,0.008968609865470878
2023-08-14,22500,23000,22300,22950,28743,0.020000000000000018
2023-08-16,22950,22950,21750,22000,24664,-0.04139433551198257
2023-08-17,22200,22200,21200,21450,21241,-0.025000000000000022
2023-08-18,21000,21500,20950,21200,16950,-0.011655011655011704
2023-08-21,21200,21550,21100,21300,20969,0.004716981132075526
2023-08-22,21300,21300,20850,21150,21699,-0.007042253521126751
2023-08-23,20850,21250,20700,21150,18733,0.0
2023-08-24,21150,21350,20950,21300,12558,0.007092198581560183
2023-08-25,21100,22050,20900,21950,48221,0.030516431924882736
2023-08-28,23500,27900,22650,22650,1206767,0.03189066059225509
2023-08-29,22600,22900,21950,22050,182704,-0.026490066225165587
2023-08-30,22050,23150,21850,22050,244786,0.0
2023-08-31,22300,22900,22200,22700,96198,0.02947845804988658
2023-09-01,22500,22950,22000,22000,72026,-0.03083700440528636
2023-09-04,22050,22350,21450,22200,47640,0.009090909090909038
2023-09-05,22250,22400,21550,21950,54904,-0.011261261261261257
2023-09-06,21750,22100,21500,21650,43692,-0.013667425968109326
2023-09-07,21350,21600,21050,21350,51253,-0.01385681293302543
2023-09-08,21300,21700,21200,21700,26935,0.016393442622950838
2023-09-11,21500,21950,21450,21650,25538,-0.0023041474654378336
2023-09-12,21550,22050,21550,21800,24795,0.006928406466512715
2023-09-13,21550,22050,21350,21550,33387,-0.011467889908256867
2023-09-14,21550,22050,21550,21900,27404,0.016241299303944245
2023-09-15,22050,22300,22000,22200,30684,0.013698630136986356
2023-09-18,22200,22450,22000,22450,35100,0.011261261261261257
2023-09-19,22250,22400,22000,22050,20638,-0.017817371937639215
2023-09-20,21950,22250,21750,22100,22879,0.0022675736961450532
2023-09-21,22000,22100,21350,21350,23826,-0.0339366515837104
2023-09-22,21300,21450,20950,21300,28698,-0.0023419203747072626
2023-09-25,21450,21500,21200,21350,18961,0.0023474178403755097
2023-09-26,21150,21250,20750,20850,29116,-0.023419203747072626
2023-09-27,20650,20950,20650,20800,14344,-0.0023980815347721673
2023-10-04,20800,20800,20100,20400,46435,-0.019230769230769273
2023-10-05,20300,20450,19750,19860,62352,-0.026470588235294135
2023-10-06,19780,19980,19710,19880,14378,0.001007049345417954
2023-10-10,19950,20300,19840,19950,30707,0.0035211267605634866
2023-10-11,19950,20350,19950,20100,22264,0.007518796992481258
2023-10-12,20300,20500,20150,20500,33216,0.01990049751243772
2023-10-13,20150,20850,20100,20550,25908,0.0024390243902439046
2023-10-16,20400,20700,20100,20500,36659,-0.0024330900243308973
2023-10-17,20600,20800,20400,20450,14090,-0.0024390243902439046
2023-10-18,20400,21300,20400,21300,53042,0.041564792176039145
2023-10-19,21000,21000,20200,20550,31864,-0.035211267605633756
2023-10-20,20200,20400,19970,20200,50408,-0.01703163017031628
2023-10-23,20200,20750,20100,20650,19859,0.022277227722772297
2023-10-24,20400,20700,20100,20450,26476,-0.009685230024213065
2023-10-25,20450,20700,20250,20650,15972,0.009779951100244544
2023-10-26,20450,21200,20150,20650,37667,0.0
2023-10-27,20700,20800,20050,20200,29798,-0.021791767554479424
2023-10-30,20150,20550,20050,20500,12852,0.014851485148514865
2023-10-31,20500,20650,20200,20350,18265,-0.007317073170731714
2023-11-01,20350,20700,20250,20650,19927,0.014742014742014753
2023-11-02,20800,20900,20450,20600,21433,-0.002421307506053294
2023-11-03,20800,20800,20400,20600,18185,0.0
2023-11-06,20600,21500,20600,21500,42975,0.043689320388349495
2023-11-07,21450,21850,21050,21350,29474,-0.006976744186046546
2023-11-08,21500,21950,21300,21950,26798,0.02810304449648715
2023-11-09,22000,22950,21850,22900,61395,0.04328018223234631
2023-11-10,22550,22800,22050,22700,37111,-0.008733624454148492
2023-11-13,22800,23200,22550,22950,45397,0.011013215859030812
2023-11-14,22700,24900,22650,23500,102533,0.023965141612200425
2023-11-15,22650,22900,21700,22050,114731,-0.0617021276595745
2023-11-16,22100,22950,21900,22100,49743,0.0022675736961450532
2023-11-17,22300,22400,21650,21750,25017,-0.015837104072398245
2023-11-20,21900,22550,21800,22100,36515,0.016091954022988464
2023-11-21,22550,22700,22250,22650,24747,0.02488687782805421
2023-11-22,22500,22900,22450,22650,21494,0.0
2023-11-23,22500,22750,22300,22600,28892,-0.002207505518763808
2023-11-24,22600,22750,22300,22550,18873,-0.0022123893805309214
2023-11-27,22700,22950,22400,22950,24617,0.017738359201773912
2023-11-28,23050,23050,22350,22450,22367,-0.02178649237472763
2023-11-29,22200,22550,22150,22300,27062,-0.006681514476614692
2023-11-30,22300,22950,22150,22950,34018,0.029147982062780242
2023-12-01,22750,22800,22450,22750,17530,-0.008714596949891074
2023-12-04,22950,23050,22350,22850,14964,0.00439560439560438
2023-12-05,22500,22950,22500,22700,22306,-0.006564551422319487
2023-12-06,22700,23500,22600,23300,49023,0.026431718061673992
2023-12-07,23050,23350,22650,23200,26006,-0.0042918454935622075
2023-12-08,23200,23300,22700,23000,18839,-0.008620689655172376
2023-12-11,23250,23250,22700,23050,17682,0.0021739130434783593
2023-12-12,23200,23400,22850,23050,22327,0.0
2023-12-13,22850,23150,22350,22550,38053,-0.021691973969631184
2023-12-14,22550,22700,21850,22300,186059,-0.011086474501108667
2023-12-15,22250,22250,21200,21900,100412,-0.017937219730941756
2023-12-18,21900,21950,21450,21600,36507,-0.013698630136986356
2023-12-19,21400,21700,21400,21400,24407,-0.0092592592592593
2023-12-20,21500,21900,21450,21800,33633,0.01869158878504673
2023-12-21,21800,21850,21550,21600,17252,-0.00917431192660545
2023-12-22,21650,22000,21450,21650,17881,0.0023148148148148806
2023-12-26,21700,21850,21600,21850,19474,0.009237875288683695
2023-12-27,21450,21600,21300,21600,13451,-0.011441647597253968
2023-12-28,21600,21650,21350,21450,20107,-0.00694444444444442
2024-01-02,21450,21900,21450,21750,23793,0.013986013986013957
2024-01-03,21750,21950,21500,21500,13093,-0.011494252873563204
2024-01-04,21500,21550,21150,21250,14443,-0.011627906976744207
2024-01-05,21250,21300,20950,21000,15824,-0.0117647058823529
2024-01-08,20950,21100,20750,20950,18231,-0.0023809523809523725
2024-01-09,20950,21050,20800,20850,20034,-0.004773269689737458
2024-01-10,21000,21300,20850,21150,10113,0.014388489208633004
2024-01-11,21250,21500,21050,21400,30737,0.011820330969267046
2024-01-12,21400,21450,20800,20850,41456,-0.025700934579439227
2024-01-15,20850,21200,20700,21150,13389,0.014388489208633004
2024-01-16,21150,21250,20800,20800,7152,-0.01654846335697402
2024-01-17,20900,21000,20300,20500,20803,-0.014423076923076872
2024-01-18,20500,20600,20150,20300,12766,-0.009756097560975618
2024-01-19,20300,20600,19990,20100,26595,-0.009852216748768461
2024-01-22,20050,20300,20000,20200,10796,0.004975124378109541
2024-01-23,20150,20350,20100,20200,6510,0.0
2024-01-24,20350,20350,20000,20000,15983,-0.00990099009900991
2024-01-25,20000,20100,19920,20000,12754,0.0
2024-01-26,19990,20200,19920,20000,13081,0.0
2024-01-29,20050,20450,20000,20450,11596,0.022499999999999964
2024-01-30,20450,20900,20450,20500,16822,0.0024449877750611915
2024-01-31,20500,20800,20000,20050,30150,-0.02195121951219514
2024-02-01,20000,20700,20000,20550,21418,0.02493765586034913
2024-02-02,20550,21100,20450,21000,16288,0.021897810218978186
2024-02-05,21000,21200,20700,21000,19146,0.0
2024-02-06,21050,21150,20800,21000,9388,0.0
2024-02-07,20800,21350,20750,21200,17398,0.00952380952380949
2024-02-08,21150,21250,20900,20900,11473,-0.014150943396226467
2024-02-13,20900,21250,20850,20950,9254,0.0023923444976077235
2024-02-14,20950,21400,20900,21150,12279,0.009546539379474916
2024-02-15,21150,21400,20900,21000,9567,-0.007092198581560294
2024-02-16,21050,21200,20900,21150,12172,0.0071428571428571175
2024-02-19,21150,21600,21000,21450,34986,0.014184397163120588
2024-02-20,21650,21650,20950,21050,17940,-0.018648018648018683
2024-02-21,21050,21050,20800,20850,12505,-0.009501187648456089
2024-02-22,20950,21000,20800,20800,6024,-0.0023980815347721673
2024-02-23,20850,21000,20700,21000,11016,0.009615384615384581
2024-02-26,21000,21100,20650,20700,12388,-0.014285714285714235
2024-02-27,20800,20800,20200,20300,16586,-0.019323671497584516
2024-02-28,20100,20450,20100,20350,8054,0.0024630541871921707
2024-02-29,20450,20600,20000,20050,30184,-0.014742014742014753
2024-03-04,20100,20750,19950,20100,37681,0.0024937655860348684
2024-03-05,19960,19980,19750,19820,34625,-0.013930348258706426
2024-03-06,19800,19960,19800,19940,15722,0.006054490413723412
2024-03-07,19960,19960,19780,19870,14875,-0.0035105315947843163
2024-03-08,19870,19920,19800,19900,17846,0.0015098137896325525
2024-03-11,19870,19960,19810,19900,11017,0.0
2024-03-12,20000,21100,19900,21000,53620,0.055276381909547645
2024-03-13,20800,21000,20550,20950,15297,-0.0023809523809523725
2024-03-14,21400,23100,21300,21300,269051,0.01670644391408116
2024-03-15,21150,22100,20950,21600,53978,0.014084507042253502
2024-03-18,22050,22050,21200,21650,34031,0.0023148148148148806
2024-03-19,21350,22100,21150,21600,33553,-0.002309468822170868
2024-03-20,21500,22050,21450,21900,20574,0.01388888888888884
2024-03-21,21900,21950,21450,21850,55188,-0.0022831050228310223
2024-03-22,21700,22000,21200,21900,59465,0.0022883295194509046
2024-03-25,21900,21950,21550,21800,39706,-0.004566210045662156
2024-03-26,21800,21850,21450,21800,19309,0.0
2024-03-27,21700,22700,21650,22450,53531,0.029816513761467878
2024-03-28,22450,23000,22300,22650,53805,0.008908685968819663
2024-03-29,22700,22800,22400,22700,29803,0.002207505518763808
2024-04-01,22700,22700,21700,22150,48607,-0.024229074889867808
2024-04-02,22200,22600,21750,22450,22641,0.013544018058690765
2024-04-03,22450,22550,22100,22550,23190,0.00445434298440972
2024-04-04,22300,22550,22000,22450,21415,-0.0044345898004434225
2024-04-05,22300,22450,21850,22100,14233,-0.015590200445434244
2024-04-08,22100,22200,21750,22150,17358,0.002262443438914019
2024-04-09,21900,22150,21550,21600,25911,-0.02483069977426633
2024-04-11,21450,22100,21200,21750,26104,0.00694444444444442
2024-04-12,21700,22000,21550,21600,15679,-0.006896551724137945
2024-04-15,21600,21800,21200,21700,17686,0.004629629629629539
2024-04-16,21500,21500,21050,21200,28119,-0.02304147465437789
2024-04-17,21200,21850,21100,21700,14501,0.02358490566037741
2024-04-18,21500,22000,21500,21900,13685,0.009216589861751112
2024-04-19,21800,21950,21550,21800,25938,-0.004566210045662156
2024-04-22,21800,22450,21800,22400,19580,0.02752293577981657
2024-04-23,22400,22450,22100,22400,12485,0.0
2024-04-24,22400,22500,22200,22450,17585,0.0022321428571427937
2024-04-25,22500,23250,22300,23000,51903,0.024498886414253906
2024-04-26,22900,23150,22750,23150,21179,0.006521739130434856
2024-04-29,23150,23200,22750,22900,15020,-0.010799136069114423
2024-04-30,22800,23150,22650,23100,16115,0.008733624454148492
2024-05-02,23000,23500,22750,23500,26222,0.017316017316017396
2024-05-03,23300,23450,22900,23150,21853,-0.014893617021276562
2024-05-07,23150,23500,23000,23400,19157,0.010799136069114423
2024-05-08,23500,23500,23100,23400,21287,0.0
2024-05-09,23350,23650,23000,23600,22246,0.008547008547008517
2024-05-10,23650,23700,23350,23350,30741,-0.010593220338983023
2024-05-13,23350,24150,23350,24000,57938,0.027837259100642386
2024-05-14,23750,24100,23600,24000,33204,0.0
2024-05-16,24000,24350,23800,24050,36803,0.002083333333333437
2024-05-17,24000,24000,23300,23500,40336,-0.022869022869022815
2024-05-20,23450,23500,23050,23350,34223,-0.006382978723404209
2024-05-21,23350,23550,23050,23400,19414,0.0021413276231263545
2024-05-22,23500,23600,23100,23250,21546,-0.0064102564102563875
2024-05-23,23100,23600,23050,23300,20587,0.0021505376344086446
2024-05-24,23050,23500,22950,23000,30585,-0.012875536480686733
2024-05-27,23000,23050,22300,22400,43686,-0.02608695652173909
2024-05-28,22400,22400,21850,22050,45733,-0.015625
2024-05-29,22050,22800,21950,22350,35493,0.013605442176870763
2024-05-30,22500,22550,21750,21900,19545,-0.020134228187919434
2024-05-31,21900,22250,21050,21050,138646,-0.038812785388127824
2024-06-03,21150,21850,21050,21800,44178,0.03562945368171011
2024-06-04,21800,21900,21550,21550,38656,-0.011467889908256867
2024-06-05,21550,21800,21500,21650,18445,0.004640371229698292
2024-06-07,21650,21700,21250,21700,31959,0.002309468822170979
2024-06-10,21500,21950,21450,21850,30873,0.00691244239631339
2024-06-11,22000,22050,21600,21600,38045,-0.011441647597253968
2024-06-12,21550,22650,21550,22500,64435,0.04166666666666674
2024-06-13,22800,22800,22250,22300,49757,-0.008888888888888835
2024-06-14,22300,23250,22200,23250,76501,0.04260089686098656
2024-06-17,23150,23700,22800,23400,43618,0.006451612903225712
2024-06-18,23150,23800,23150,23500,42148,0.004273504273504258
2024-06-19,23500,23500,22800,22800,26872,-0.029787234042553234
2024-06-20,22700,23050,22550,22900,13157,0.004385964912280604
2024-06-21,22900,23850,22650,23150,54018,0.01091703056768556
2024-06-24,23000,23800,22850,23550,43675,0.017278617710583255
2024-06-25,23450,23750,22800,23300,44537,-0.010615711252653925
2024-06-26,23200,23600,22000,23400,31230,0.0042918454935623185
2024-06-27,23200,24400,22900,24300,72312,0.03846153846153855
2024-06-28,24350,24350,23550,23700,63183,-0.024691358024691357
2024-07-01,23800,23950,23300,23800,29271,0.00421940928270037
2024-07-02,23500,24000,23500,23600,26059,-0.008403361344537785
2024-07-03,23650,23900,23050,23700,27261,0.004237288135593209
2024-07-04,23450,23800,23050,23300,34137,-0.016877637130801704
2024-07-05,23150,23300,22600,22600,22822,-0.030042918454935674
2024-07-08,22550,23000,22400,22950,24720,0.015486725663716783
2024-07-09,22950,23150,22550,22950,24823,0.0
2024-07-10,22950,22950,22350,22400,19312,-0.023965141612200425
2024-07-11,22500,22650,22150,22300,29518,-0.004464285714285698
2024-07-12,22200,22700,22200,22550,13893,0.011210762331838486
2024-07-15,22500,23150,22400,22750,31353,0.008869179600886845
2024-07-16,22700,23350,22600,23300,30360,0.02417582417582409
2024-07-17,22900,23600,22800,23350,44589,0.0021459227467810482
2024-07-18,23100,23250,22600,22700,23353,-0.027837259100642386
2024-07-19,22500,22650,22150,22500,34677,-0.008810572687224627
2024-07-22,22400,22700,22050,22100,34339,-0.01777777777777778
2024-07-23,22050,22400,22050,22100,12653,0.0
2024-07-24,22200,23050,22050,22850,24830,0.03393665158371051
2024-07-25,22500,22850,21950,22100,45530,-0.03282275711159732
2024-07-26,22050,22650,22050,22400,15698,0.013574660633484115
2024-07-29,22550,22600,22100,22400,17064,0.0
2024-07-30,22400,22500,21750,21850,37690,-0.024553571428571397
2024-07-31,21850,22350,21850,22300,16257,0.020594965675057253
2024-08-01,22250,22600,22050,22150,27169,-0.006726457399103158
2024-08-02,22100,22150,21400,21500,25158,-0.02934537246049662
2024-08-05,21400,21400,19730,19990,73713,-0.07023255813953488
2024-08-06,19770,20750,19770,20550,36699,0.028014007003501762
2024-08-07,20250,20850,20250,20600,23362,0.0024330900243310083
2024-08-08,20500,21000,20250,20850,21940,0.012135922330097193
2024-08-09,20750,21200,20600,20700,16389,-0.007194244604316502
2024-08-12,20800,21300,20800,21250,13893,0.02657004830917864
2024-08-13,21250,21300,20700,20900,13907,-0.016470588235294126
2024-08-14,21050,21100,20750,20950,10246,0.0023923444976077235
2024-08-16,20950,21000,20700,20900,40687,-0.0023866348448687846
2024-08-19,21000,21050,20600,20650,19039,-0.011961722488038284
2024-08-20,20700,21150,20600,21150,22436,0.02421307506053272
2024-08-21,21000,21700,20900,21350,30202,0.009456264775413725
2024-08-22,21250,21700,21050,21700,28853,0.016393442622950838
2024-08-23,21300,21800,21250,21650,19463,-0.0023041474654378336
2024-08-26,21500,21700,21200,21700,26346,0.002309468822170979
2024-08-27,21500,21900,21350,21900,21137,0.009216589861751112
2024-08-28,21600,22250,21500,22200,31929,0.013698630136986356
2024-08-29,21750,22350,21750,22000,27012,-0.009009009009009028
2024-08-30,21800,22500,21700,22200,16853,0.009090909090909038
2024-09-02,22150,22250,21800,22100,11196,-0.0045045045045044585
2024-09-03,21900,22250,21850,22150,9465,0.002262443438914019
2024-09-04,21850,21850,21400,21600,18566,-0.02483069977426633
2024-09-05,21550,22150,21550,22000,16274,0.0185185185185186
2024-09-06,21950,22100,21100,21350,22462,-0.02954545454545454
2024-09-09,21000,21400,20500,21350,26815,0.0
2024-09-10,21350,21450,21100,21300,10448,-0.0023419203747072626
2024-09-11,21300,21450,20950,21350,9121,0.0023474178403755097
2024-09-12,21350,21600,21150,21600,11489,0.011709601873536313
2024-09-13,21600,21650,21250,21450,4775,-0.00694444444444442
2024-09-19,21500,21500,21150,21350,13811,-0.004662004662004615
2024-09-20,21400,21950,21150,21850,20413,0.023419203747072626
2024-09-23,21950,21950,21350,21800,26891,-0.0022883295194507935
2024-09-24,21950,22150,21700,22100,22401,0.013761467889908285
2024-09-25,22200,23250,22200,22700,86521,0.02714932126696823
2024-09-26,22600,23100,22600,22950,20612,0.011013215859030812
2024-09-27,22950,23100,22600,22950,23316,0.0
2024-09-30,22950,23400,22900,23150,32111,0.008714596949890963
2024-10-02,23050,23250,22700,22950,19998,-0.008639308855291628
2024-10-04,23100,23200,22750,22850,15258,-0.004357298474945481
2024-10-07,22850,23100,22550,23100,18756,0.010940919037199182
2024-10-08,23000,23100,22650,22650,22392,-0.01948051948051943
2024-10-10,22600,22800,22150,22400,18829,-0.01103752759381893
2024-10-11,22400,22900,22350,22700,12811,0.013392857142857206
2024-10-14,22700,23550,22400,23500,45927,0.03524229074889873
2024-10-15,23500,23500,23100,23500,15645,0.0
2024-10-16,23450,23600,22850,22850,24401,-0.02765957446808509
2024-10-17,22850,23700,22850,23500,30591,0.02844638949671774
2024-10-18,23500,23750,22550,23300,25733,-0.008510638297872353
2024-10-21,23300,23500,23100,23350,14645,0.0021459227467810482
2024-10-22,23350,23500,23250,23450,24368,0.004282655246252709
2024-10-23,23450,23900,23200,23550,32599,0.004264392324093924
2024-10-24,23350,23700,23300,23550,24784,0.0
2024-10-25,23700,23800,22250,22400,61614,-0.04883227176220806
2024-10-28,22500,22850,22400,22600,18782,0.008928571428571397
2024-10-29,22550,22850,22000,22750,25526,0.006637168141592875
2024-10-30,22700,22700,22250,22500,10431,-0.01098901098901095
2024-10-31,22600,22600,22150,22250,25904,-0.011111111111111072
2024-11-01,22300,22300,22000,22150,16020,-0.004494382022471877
2024-11-04,22000,22600,22000,22600,22995,0.020316027088036037
2024-11-05,22550,22650,22000,22500,25159,-0.004424778761061954
2024-11-06,22400,22900,22400,22600,22959,0.004444444444444473
2024-11-07,22350,22750,22150,22300,17346,-0.013274336283185861
2024-11-08,22300,22500,21900,22350,18098,0.0022421524663676085
2024-11-11,22300,22300,21550,21600,14932,-0.03355704697986572
2024-11-12,21550,21550,20950,21150,21400,-0.02083333333333337
2024-11-13,21150,21200,20750,20800,29795,-0.01654846335697402
2024-11-14,20900,20900,20250,20500,21724,-0.014423076923076872
2024-11-15,20350,21200,20150,21200,30952,0.034146341463414664
2024-11-18,21200,21400,20950,21150,15374,-0.002358490566037763
2024-11-19,21100,21300,20750,20850,14244,-0.014184397163120588
2024-11-20,20800,21200,20750,21150,10954,0.014388489208633004
2024-11-21,21100,21150,20750,20950,13476,-0.009456264775413725
2024-11-22,20900,20950,20550,20600,19523,-0.01670644391408116
2024-11-25,20650,20850,20350,20600,35853,0.0
2024-11-26,20600,21100,20550,21050,20576,0.02184466019417486
2024-11-27,21000,21100,20800,20950,15141,-0.004750593824228044
2024-11-28,20950,21250,20700,21150,14569,0.009546539379474916
2024-11-29,20950,21150,20550,20750,16384,-0.01891252955082745
2024-12-02,20750,20800,20400,20450,16553,-0.014457831325301207
2024-12-03,20450,21100,20450,20900,19608,0.022004889975550057
2024-12-04,20400,20850,20350,20450,21694,-0.021531100478468845
2024-12-05,20450,20500,20050,20200,25729,-0.012224938875305624
2024-12-06,20150,20300,19600,19860,36610,-0.016831683168316847
2024-12-09,19790,19840,18940,18940,50224,-0.046324269889224556
2024-12-10,19260,19690,19250,19580,19341,0.0337909186906018
2024-12-11,19440,20250,19440,20100,13108,0.026557711950970342
2024-12-12,20100,20500,19980,20350,13312,0.01243781094527363
2024-12-13,20500,20550,20100,20150,30519,-0.009828009828009798
2024-12-16,20150,20400,20100,20150,5929,0.0
2024-12-17,20200,20850,20150,20800,19389,0.032258064516129004
2024-12-18,20750,20850,20500,20750,5377,-0.0024038461538461453
2024-12-19,20450,20900,20450,20600,16780,-0.0072289156626506035
2024-12-20,20900,20900,20200,20400,10803,-0.009708737864077666
2024-12-23,20450,20850,20400,20850,9088,0.022058823529411686
2024-12-24,20600,21450,20600,21450,23560,0.02877697841726623
2024-12-26,21300,21400,20950,21300,12190,-0.006993006993006978
2024-12-27,20800,21000,20400,20800,22237,-0.023474178403755874
2024-12-30,20750,20800,20450,20650,11363,-0.007211538461538436
2025-01-02,20650,20650,20100,20400,12571,-0.01210653753026636
2025-01-03,20400,20400,19990,20050,31255,-0.01715686274509809
2025-01-06,20100,20300,20000,20100,10086,0.0024937655860348684
2025-01-07,20150,20550,20150,20400,15810,0.014925373134328401
2025-01-08,20300,20750,20300,20350,19655,-0.002450980392156854
2025-01-09,20350,20550,20100,20300,17435,-0.002457002457002422
2025-01-10,20350,20400,20100,20100,11518,-0.009852216748768461
2025-01-13,20150,20250,20000,20050,12449,-0.0024875621890547706
2025-01-14,20050,20250,20050,20250,4089,0.009975062344139696
2025-01-15,20450,20450,19810,19950,30874,-0.014814814814814836
2025-01-16,20050,20150,19750,19940,24983,-0.0005012531328321135
2025-01-17,19900,20050,19720,19820,17984,-0.006018054162487463
2025-01-20,19910,19990,19540,19610,30716,-0.010595358224016138
2025-01-21,19670,19910,19620,19760,20178,0.007649158592554883
2025-01-22,19780,19790,19600,19720,13032,-0.002024291497975672
2025-01-23,19750,19750,19450,19550,16748,-0.008620689655172376
2025-01-24,19560,19560,19300,19320,19062,-0.0117647058823529
2025-01-31,19320,19430,19150,19310,40235,-0.0005175983436852549
2025-02-03,19110,19310,18900,19190,28196,-0.006214396685655155
2025-02-04,19270,19400,19120,19400,12688,0.010943199583116181
2025-02-05,19400,19740,19400,19720,15772,0.016494845360824684
2025-02-06,19720,20100,19720,20050,18548,0.016734279918864114
2025-02-07,19850,20150,19590,19850,12979,-0.009975062344139696
2025-02-10,19840,19840,19340,19520,25928,-0.016624685138539097
2025-02-11,19590,19790,19420,19750,23824,0.01178278688524581
2025-02-12,19750,19830,19310,19540,23638,-0.010632911392405076
2025-02-13,19470,19540,19330,19390,22390,-0.007676560900716445
2025-02-14,19440,19730,19380,19700,15339,0.015987622485817532
2025-02-17,19800,19800,19640,19710,22932,0.0005076142131978933
2025-02-18,19730,20200,19670,20150,23148,0.022323693556570268
2025-02-19,20100,20500,19970,20300,34591,0.007444168734491274
2025-02-20,20300,20850,20300,20700,35078,0.019704433497536922
2025-02-21,20700,20750,20350,20600,16668,-0.004830917874396157
2025-02-24,20450,20900,20350,20700,21231,0.004854368932038833
2025-02-25,20600,20800,20350,20650,12962,-0.0024154589371980784
2025-02-26,20650,20650,20200,20500,21916,-0.007263922518159771
2025-02-27,20300,20750,20300,20750,13260,0.012195121951219523
2025-02-28,21400,23000,21100,22100,371984,0.06506024096385543
2025-03-04,21700,22300,21500,22150,75075,0.002262443438914019
2025-03-05,22250,22350,21750,22050,42351,-0.004514672686230292
2025-03-06,22300,22300,21750,22050,49850,0.0
2025-03-07,22000,22200,21450,21700,32274,-0.015873015873015928
2025-03-10,21700,21800,21400,21450,20452,-0.011520737327188946
2025-03-11,20800,22100,20800,21150,25594,-0.013986013986013957
2025-03-12,21550,21550,20950,21050,21674,-0.004728132387706863
2025-03-13,21300,21450,20950,21350,15465,0.014251781472684133
2025-03-14,21350,21550,21100,21500,19287,0.007025761124121788
2025-03-17,21600,21650,21250,21600,14228,0.0046511627906977715
2025-03-18,21550,21700,21100,21400,23274,-0.0092592592592593
2025-03-19,21500,21500,21100,21250,14894,-0.007009345794392496
2025-03-20,21600,21700,21150,21350,34866,0.004705882352941115
2025-03-21,21350,21700,21150,21350,63214,0.0
2025-03-24,21350,21650,21000,21100,21937,-0.011709601873536313
2025-03-25,21050,21450,21050,21250,25815,0.007109004739336511
2025-03-26,21300,21600,21250,21500,15739,0.0117647058823529
2025-03-27,21300,21600,21100,21300,13863,-0.009302325581395321
2025-03-28,21350,21350,20750,21200,29826,-0.0046948356807511304
2025-03-31,21100,21100,20350,20700,20821,-0.02358490566037741
2025-04-01,20800,21050,20600,21000,12904,0.01449275362318847
2025-04-02,21100,21150,20750,21150,11800,0.0071428571428571175
2025-04-03,20750,21050,20550,20800,14050,-0.01654846335697402
2025-04-04,20750,20850,20350,20550,26264,-0.012019230769230727
2025-04-07,20350,20600,19620,19740,44645,-0.039416058394160625
2025-04-08,20000,20400,19780,19880,15548,0.007092198581560183
2025-04-09,19700,20150,19510,19850,18358,-0.0015090543259557165
2025-04-10,20200,20400,19990,20250,39789,0.02015113350125941
2025-04-11,20150,20900,20050,20900,16849,0.032098765432098775
2025-04-14,20900,21100,20700,21000,11373,0.004784688995215225
2025-04-15,21000,21250,20900,21150,12211,0.0071428571428571175
2025-04-16,21150,21200,20750,21100,19619,-0.0023640661938534313
2025-04-17,21100,21600,20900,21050,35804,-0.0023696682464454666
2025-04-18,21200,22150,21150,21950,46925,0.04275534441805218
2025-04-21,22200,22450,22000,22250,20556,0.013667425968109326
2025-04-22,22200,22500,21900,22250,16988,0.0
2025-04-23,22450,22450,21650,21700,24411,-0.024719101123595544
2025-04-24,21750,22100,21650,21900,17884,0.009216589861751112
2025-04-25,22150,22200,21750,22150,15465,0.011415525114155223
2025-04-28,22100,22450,22000,22250,12995,0.004514672686230181
2025-04-29,22050,22450,21600,22300,37451,0.0022471910112360494
2025-04-30,22300,22850,22100,22800,36497,0.022421524663677195
2025-05-02,22850,22900,22400,22400,11835,-0.01754385964912286
2025-05-07,22450,22500,22250,22400,14485,0.0
2025-05-08,22400,22600,22250,22500,22089,0.0044642857142858094
2025-05-09,22600,22600,22250,22400,12800,-0.004444444444444473
2025-05-12,22300,23250,22300,23000,39094,0.02678571428571419
2025-05-13,23400,25200,22850,25050,160446,0.08913043478260874
2025-05-14,25050,26000,24600,25650,106209,0.0239520958083832
2025-05-15,25650,26200,25150,25500,66335,-0.005847953216374324
