Date,Open,High,Low,Close,Volume,Change
2022-01-03,315000,315500,309000,309000,27243,-0.01904761904761909
2022-01-04,332500,389000,330500,387500,548781,0.25404530744336573
2022-01-05,385000,398500,380500,389000,212383,0.003870967741935516
2022-01-06,378000,414500,378000,387500,244987,-0.003856041131105381
2022-01-07,392500,396500,373500,379000,122196,-0.021935483870967776
2022-01-10,382000,389000,365000,368500,90862,-0.02770448548812665
2022-01-11,368000,377000,358000,370000,105903,0.004070556309362372
2022-01-12,373500,385500,367500,375500,72126,0.014864864864864824
2022-01-13,378000,383500,372500,374000,66364,-0.003994673768308976
2022-01-14,367500,379000,363500,374500,60015,0.0013368983957218195
2022-01-17,377000,406500,375000,376000,207933,0.004005340453938633
2022-01-18,376500,386500,371500,383500,101363,0.019946808510638236
2022-01-19,378500,395500,377000,391500,118274,0.020860495436766602
2022-01-20,394000,395500,384000,387500,67991,-0.010217113665389577
2022-01-21,383500,386500,361500,365000,91777,-0.058064516129032295
2022-01-24,359500,362500,352000,356500,57927,-0.023287671232876672
2022-01-25,357500,362500,342000,344000,76205,-0.035063113604488105
2022-01-26,350000,374000,350000,355500,127683,0.03343023255813948
2022-01-27,358000,363000,342000,356500,95805,0.002812939521800173
2022-01-28,361000,384500,360000,381000,144616,0.06872370266479666
2022-02-03,388500,399500,381500,392000,112190,0.028871391076115582
2022-02-04,389500,410000,385500,406000,88205,0.03571428571428581
2022-02-07,405500,409500,393500,400500,77399,-0.013546798029556606
2022-02-08,397500,403000,373000,380000,116721,-0.051186017478152324
2022-02-09,380000,386500,366500,375000,98456,-0.013157894736842146
2022-02-10,378500,394000,378000,383500,109281,0.022666666666666613
2022-02-11,377000,385500,368500,373500,85417,-0.026075619295958252
2022-02-14,368000,378000,365000,375500,78395,0.0053547523427042165
2022-02-15,323000,330500,296000,296500,557002,-0.21038615179760323
2022-02-16,305000,310500,297000,306500,177864,0.033726812816188945
2022-02-17,310500,324000,305000,312500,169469,0.019575856443719397
2022-02-18,308000,317500,306000,313500,61391,0.0032000000000000917
2022-02-21,313500,327500,309000,323000,84472,0.030303030303030276
2022-02-22,315500,322000,312500,313000,67194,-0.03095975232198145
2022-02-23,317000,323500,315000,323000,68319,0.03194888178913735
2022-02-24,317500,321500,310000,312000,66174,-0.034055727554179516
2022-02-25,323000,334000,323000,331500,118272,0.0625
2022-02-28,330500,340500,326500,331500,58305,0.0
2022-03-02,332000,335500,327000,329500,61461,-0.006033182503770718
2022-03-03,332000,337000,330000,332000,57538,0.007587253414264028
2022-03-04,332500,335000,327000,330000,51012,-0.0060240963855421326
2022-03-07,326500,329500,315000,316000,94419,-0.042424242424242475
2022-03-08,309500,312500,303500,304000,98741,-0.03797468354430378
2022-03-10,314000,318000,311000,314000,88594,0.03289473684210531
2022-03-11,317000,324500,315000,323500,96838,0.030254777070063632
2022-03-14,326000,333000,321000,329500,71665,0.018547140649149974
2022-03-15,329500,329500,318000,318500,60289,-0.03338391502276172
2022-03-16,321500,326000,318500,326000,38329,0.023547880690737877
2022-03-17,331000,332000,326000,327000,45076,0.0030674846625766694
2022-03-18,327000,328500,321000,325000,54454,-0.006116207951070374
2022-03-21,327500,329000,325000,328000,48424,0.009230769230769154
2022-03-22,328000,328500,322500,327000,53299,-0.0030487804878048808
2022-03-23,328500,335000,327500,333500,49953,0.01987767584097866
2022-03-24,332000,334500,328000,333000,45280,-0.0014992503748125774
2022-03-25,333000,338000,330500,336000,35491,0.009009009009008917
2022-03-28,338000,338500,333000,336000,41191,0.0
2022-03-29,338000,345000,335000,341000,58541,0.014880952380952328
2022-03-30,344500,344500,339000,339500,32743,-0.004398826979472137
2022-03-31,339500,342500,339000,342000,24704,0.007363770250368162
2022-04-01,340000,342500,336500,337500,41912,-0.013157894736842146
2022-04-04,338500,344500,336000,343500,24895,0.01777777777777767
2022-04-05,343500,343500,338000,341500,31701,-0.005822416302765698
2022-04-06,340000,340500,330500,332000,55153,-0.027818448023426035
2022-04-07,332000,334500,318500,323000,51160,-0.027108433734939763
2022-04-08,323000,325000,317000,319000,35265,-0.012383900928792602
2022-04-11,317000,321500,315000,318000,18929,-0.0031347962382445305
2022-04-12,315000,317500,312000,313500,22479,-0.014150943396226467
2022-04-13,315000,321000,313500,318500,24227,0.01594896331738438
2022-04-14,319500,330000,319000,321000,34702,0.007849293563579218
2022-04-15,319000,338000,315500,336500,71689,0.04828660436137078
2022-04-18,332500,335000,330000,331500,18954,-0.014858841010401136
2022-04-19,332500,336000,329500,333000,18387,0.004524886877828038
2022-04-20,331000,331500,324500,328500,32424,-0.013513513513513487
2022-04-21,330500,350500,329000,345000,99222,0.05022831050228316
2022-04-22,341000,346500,337500,340000,32280,-0.01449275362318836
2022-04-25,342000,361000,341000,344000,95825,0.0117647058823529
2022-04-26,351500,354000,337500,340000,44668,-0.011627906976744207
2022-04-27,331500,334000,325000,329500,45117,-0.030882352941176472
2022-04-28,331500,347000,327000,342500,50067,0.039453717754172946
2022-04-29,344000,346000,340500,342500,28237,0.0
2022-05-02,340500,352500,338000,349500,36666,0.020437956204379493
2022-05-03,347000,359500,344000,355000,42642,0.01573676680972813
2022-05-04,359000,382500,356500,370000,169604,0.04225352112676051
2022-05-06,365000,373000,362500,370500,50614,0.0013513513513514486
2022-05-09,368500,374500,358000,361500,46405,-0.02429149797570851
2022-05-10,351000,354500,342000,345000,66258,-0.0456431535269709
2022-05-11,346500,347000,335500,340000,37120,-0.01449275362318836
2022-05-12,335000,345000,331500,336000,39253,-0.0117647058823529
2022-05-13,344000,344000,336000,340000,27598,0.011904761904761862
2022-05-16,342000,343000,332000,333500,38695,-0.019117647058823573
2022-05-17,333500,345000,333000,343500,38472,0.02998500749625177
2022-05-18,346000,356000,342500,342500,46228,-0.0029112081513827937
2022-05-19,334000,341500,333500,338000,25808,-0.013138686131386912
2022-05-20,340500,344500,336500,341500,26019,0.010355029585798814
2022-05-23,344000,351000,341500,342000,30173,0.0014641288433381305
2022-05-24,342500,343000,336000,337500,23308,-0.013157894736842146
2022-05-25,338500,354000,336000,347500,46871,0.029629629629629672
2022-05-26,348000,350000,342500,344000,25271,-0.010071942446043147
2022-05-27,348500,353500,345000,352000,30185,0.023255813953488413
2022-05-30,354500,359000,351500,355000,32597,0.008522727272727293
2022-05-31,357000,357500,347000,349000,44950,-0.016901408450704203
2022-06-02,346500,350000,344500,348500,23960,-0.0014326647564469885
2022-06-03,351000,362000,350500,359500,39408,0.031563845050215145
2022-06-07,359500,359500,339500,341500,58657,-0.05006954102920724
2022-06-08,343500,346000,342000,343000,22989,0.004392386530014614
2022-06-09,342500,345000,336500,340500,39512,-0.007288629737609353
2022-06-10,339000,340500,334000,337500,23053,-0.008810572687224627
2022-06-13,327500,332500,317500,317500,58822,-0.059259259259259234
2022-06-14,309500,314000,305000,309000,63194,-0.026771653543307128
2022-06-15,309000,311000,300500,304000,45485,-0.016181229773462813
2022-06-16,307500,313000,304000,305500,42378,0.004934210526315708
2022-06-17,297000,308500,297000,305000,32858,-0.0016366612111292644
2022-06-20,308500,309000,292000,295000,32737,-0.032786885245901676
2022-06-21,297000,300500,291500,293000,26993,-0.006779661016949157
2022-06-22,296000,297000,277500,277500,49281,-0.05290102389078499
2022-06-23,277500,284500,268000,270000,57250,-0.027027027027026973
2022-06-24,272000,281000,268500,275000,41227,0.0185185185185186
2022-06-27,280000,290000,279000,286500,37809,0.041818181818181754
2022-06-28,286500,293500,286500,292500,23597,0.020942408376963373
2022-06-29,288000,290500,286000,288000,17456,-0.01538461538461533
2022-06-30,289000,291500,283500,287500,26800,-0.0017361111111111605
2022-07-01,288000,298500,288000,293500,32830,0.02086956521739136
2022-07-04,295500,298000,286000,290500,23874,-0.010221465076660996
2022-07-05,291000,302000,288500,300500,24385,0.03442340791738374
2022-07-06,295500,300000,285000,285500,37248,-0.04991680532445919
2022-07-07,290500,292000,285000,289000,16326,0.012259194395796813
2022-07-08,291000,297000,285000,287500,17113,-0.00519031141868509
2022-07-11,288500,291000,278000,281500,25504,-0.02086956521739125
2022-07-12,281000,283000,276500,280000,18240,-0.005328596802841923
2022-07-13,277000,281500,276000,277000,19391,-0.010714285714285676
2022-07-14,275500,279000,272500,275500,19244,-0.005415162454873612
2022-07-15,278000,279000,261500,265000,57997,-0.038112522686025385
2022-07-18,267500,279500,266500,279000,38523,0.05283018867924527
2022-07-19,277500,278500,274000,275000,18209,-0.014336917562724039
2022-07-20,278500,294500,277500,284000,41625,0.032727272727272716
2022-07-21,284500,288500,283000,284500,15899,0.0017605633802817433
2022-07-22,284000,287500,282500,284500,10247,0.0
2022-07-25,284500,290500,283000,288000,17714,0.012302284710017597
2022-07-26,284000,289000,284000,288000,15051,0.0
2022-07-27,288000,288000,281500,283000,23813,-0.01736111111111116
2022-07-28,286500,290500,285000,289000,27663,0.021201413427561766
2022-07-29,292000,295000,289500,291500,29380,0.00865051903114189
2022-08-01,301500,308000,298000,302000,60889,0.036020583190394584
2022-08-02,301000,302000,294500,297500,27722,-0.01490066225165565
2022-08-03,297500,315500,296500,310500,82395,0.043697478991596705
2022-08-04,313000,313000,291000,301000,90136,-0.03059581320450888
2022-08-05,301000,307000,300000,300500,32793,-0.0016611295681062677
2022-08-08,298500,304000,297500,301500,29277,0.0033277870216306127
2022-08-09,301500,303500,297500,300000,21544,-0.00497512437810943
2022-08-10,299500,307500,298500,304500,41535,0.014999999999999902
2022-08-11,308500,311500,304500,307000,26083,0.008210180623973828
2022-08-12,306000,309000,305500,307500,19355,0.0016286644951140072
2022-08-16,314000,319500,308000,315500,44674,0.026016260162601723
2022-08-17,317000,319000,310000,311000,19384,-0.014263074484944571
2022-08-18,311000,311000,303000,306000,17306,-0.01607717041800638
2022-08-19,307500,308500,300500,300500,19037,-0.017973856209150374
2022-08-22,298000,307000,294000,302000,31994,0.004991680532445919
2022-08-23,296500,303500,296500,298000,18492,-0.013245033112582738
2022-08-24,298000,304500,298000,303500,19816,0.01845637583892623
2022-08-25,305000,308000,300000,303500,19420,0.0
2022-08-26,303500,308500,300500,305000,33547,0.0049423393739702615
2022-08-29,294000,297000,286500,287500,56719,-0.05737704918032782
2022-08-30,288000,292000,286500,291500,29179,0.013913043478260834
2022-08-31,289000,295000,286000,294500,28252,0.010291595197255532
2022-09-01,290500,293500,287500,287500,34633,-0.02376910016977929
2022-09-02,289000,290500,284000,284000,27528,-0.012173913043478257
2022-09-05,284000,288000,283000,284000,14505,0.0
2022-09-06,284000,293000,282500,292000,27965,0.028169014084507005
2022-09-07,288500,292000,281000,282500,38046,-0.03253424657534243
2022-09-08,285000,290500,282500,284000,40452,0.005309734513274433
2022-09-13,288500,293000,287000,291500,30432,0.02640845070422526
2022-09-14,283000,284500,280500,282000,35752,-0.032590051457976
2022-09-15,283000,285500,281000,284500,29754,0.00886524822695045
2022-09-16,282000,283000,269000,269000,59651,-0.054481546572935025
2022-09-19,270500,272000,261500,262000,31182,-0.026022304832713727
2022-09-20,266500,268500,264500,267500,20641,0.020992366412213803
2022-09-21,263000,270000,262000,269500,35802,0.007476635514018781
2022-09-22,265000,265000,252500,257000,84481,-0.04638218923933213
2022-09-23,255000,255000,245000,247500,54651,-0.03696498054474706
2022-09-26,241000,243000,231000,235000,47880,-0.0505050505050505
2022-09-27,231000,244500,229000,244000,51550,0.038297872340425476
2022-09-28,243000,243000,228000,234000,48602,-0.040983606557377095
2022-09-29,238500,242000,234500,235000,31090,0.004273504273504258
2022-09-30,232500,233000,227500,231500,35781,-0.014893617021276562
2022-10-04,235000,243500,232000,241000,22885,0.0410367170626349
2022-10-05,243000,247500,240500,244000,28762,0.012448132780082943
2022-10-06,243000,245500,239000,241500,20863,-0.010245901639344246
2022-10-07,238000,246500,237500,246500,23456,0.020703933747411973
2022-10-11,241000,241500,236000,237000,20570,-0.03853955375253548
2022-10-12,234500,245500,234500,245000,21614,0.03375527426160341
2022-10-13,242500,243500,238000,238500,20404,-0.026530612244897944
2022-10-14,242500,246000,241500,245500,17279,0.029350104821803003
2022-10-17,237000,244000,237000,242000,9215,-0.014256619144602856
2022-10-18,246500,247000,241000,245000,15868,0.012396694214876103
2022-10-19,246500,248500,243500,246500,21834,0.00612244897959191
2022-10-20,245500,245500,239000,241000,18583,-0.022312373225152116
2022-10-21,241500,241500,231500,233000,29224,-0.03319502074688796
2022-10-24,235500,241500,233500,236000,24632,0.012875536480686733
2022-10-25,236500,238000,233000,235500,21096,-0.0021186440677966045
2022-10-26,234500,236500,233000,234000,15479,-0.006369426751592355
2022-10-27,234500,242500,234500,242000,21847,0.03418803418803429
2022-10-28,242500,244500,238500,239500,14824,-0.010330578512396715
2022-10-31,243000,244000,239000,244000,14459,0.018789144050104456
2022-11-01,244000,247500,242500,246000,10912,0.008196721311475308
2022-11-02,243000,253500,243000,249500,20369,0.014227642276422703
2022-11-03,245500,251500,232000,240500,41426,-0.03607214428857719
2022-11-04,237500,238500,229000,235500,36591,-0.02079002079002079
2022-11-07,236500,245500,236000,244500,22881,0.03821656050955413
2022-11-08,242500,252000,242500,246000,17192,0.006134969325153339
2022-11-09,250000,258000,247500,256000,37200,0.04065040650406515
2022-11-10,254000,261000,249000,250000,36179,-0.0234375
2022-11-11,258500,259000,251000,253000,33412,0.01200000000000001
2022-11-14,255000,264500,253500,255000,37220,0.007905138339920903
2022-11-15,255000,258000,252500,255000,29012,0.0
2022-11-16,257000,264500,252000,262500,42589,0.02941176470588225
2022-11-17,262000,266000,259000,262000,20057,-0.0019047619047618536
2022-11-18,261500,263000,256500,257500,19896,-0.01717557251908397
2022-11-21,259000,259000,250500,252500,15270,-0.01941747572815533
2022-11-22,252500,252500,245000,246000,263584,-0.025742574257425765
2022-11-23,248500,249000,239000,241500,40173,-0.018292682926829285
2022-11-24,243000,244000,239000,240000,29588,-0.006211180124223614
2022-11-25,242500,243000,237500,238500,29327,-0.006249999999999978
2022-11-28,239500,240000,235000,237500,22959,-0.004192872117400381
2022-11-29,236500,239500,235000,238500,25637,0.004210526315789442
2022-11-30,239000,240500,236000,238500,39302,0.0
2022-12-01,241000,242000,239000,241000,70221,0.01048218029350112
2022-12-02,241000,241000,235000,236000,42293,-0.020746887966805017
2022-12-05,236000,239500,232500,234000,31929,-0.008474576271186418
2022-12-06,232000,233500,230000,231000,23131,-0.012820512820512775
2022-12-07,230500,233000,228000,231000,18423,0.0
2022-12-08,231500,233500,230000,231500,24706,0.0021645021645022577
2022-12-09,233500,233500,230000,232000,20727,0.002159827213822796
2022-12-12,231500,232500,229000,229000,9585,-0.012931034482758674
2022-12-13,229500,235000,229000,234000,17268,0.02183406113537112
2022-12-14,235000,239000,233000,238000,23457,0.017094017094017033
2022-12-15,237500,238000,234500,235000,11628,-0.012605042016806678
2022-12-16,232000,233500,230500,231000,19669,-0.017021276595744705
2022-12-19,230000,232000,229000,230000,7733,-0.0043290043290042934
2022-12-20,230000,230500,225500,226500,21864,-0.01521739130434785
2022-12-21,227000,227500,220000,221500,35751,-0.02207505518763797
2022-12-22,220500,226000,220500,226000,25335,0.020316027088036037
2022-12-23,220500,223000,217000,220000,30972,-0.026548672566371723
2022-12-26,219500,221000,217500,220500,16426,0.002272727272727204
2022-12-27,221000,224500,220000,224000,29804,0.015873015873015817
2022-12-28,219500,220500,218000,219000,21468,-0.022321428571428603
2022-12-29,217000,218000,203500,204500,60542,-0.06621004566210043
2023-01-02,205500,206500,198500,199500,22120,-0.02444987775061125
2023-01-03,198500,199500,191500,199000,44973,-0.0025062656641604564
2023-01-04,194000,202500,193500,202000,32745,0.015075376884422065
2023-01-05,202000,209000,200500,207500,39278,0.027227722772277252
2023-01-06,205000,212000,202500,207500,28429,0.0
2023-01-09,209500,215500,208500,214500,24725,0.033734939759036076
2023-01-10,214000,221000,213000,219500,33550,0.02331002331002341
2023-01-11,222000,222500,219000,221500,20560,0.009111617312072884
2023-01-12,221500,222500,219500,220000,24448,-0.006772009029345383
2023-01-13,220000,222000,219500,219500,15159,-0.002272727272727315
2023-01-16,222000,227500,220000,225000,41990,0.02505694760820054
2023-01-17,225000,226000,221500,224500,30318,-0.0022222222222222365
2023-01-18,225000,225000,221500,223000,14930,-0.006681514476614692
2023-01-19,220500,225500,219500,222000,21495,-0.004484304932735439
2023-01-20,221500,228500,221500,227500,33566,0.024774774774774855
2023-01-25,230000,231500,226000,228500,26154,0.00439560439560438
2023-01-26,228500,232500,226500,231500,24266,0.013129102844638973
2023-01-27,231500,235000,230000,232500,28657,0.004319654427645814
2023-01-30,233000,236000,231000,233000,25005,0.0021505376344086446
2023-01-31,235000,235500,230000,235500,25218,0.010729613733905685
2023-02-01,235500,238000,232000,232500,23066,-0.01273885350318471
2023-02-02,234000,240000,233000,237000,37824,0.019354838709677358
2023-02-03,236500,240500,235000,237500,23433,0.0021097046413502962
2023-02-06,237500,242500,234000,239000,34702,0.006315789473684275
2023-02-07,240000,242000,236500,240000,27094,0.004184100418409997
2023-02-08,239500,242000,236500,239500,26040,-0.002083333333333326
2023-02-09,237500,241000,236500,240000,29367,0.0020876826722338038
2023-02-10,238000,240000,236500,237000,19667,-0.012499999999999956
2023-02-13,237000,238000,234000,237000,25015,0.0
2023-02-14,237500,243000,236000,242000,42107,0.021097046413502074
2023-02-15,244000,244500,231000,232000,42440,-0.04132231404958675
2023-02-16,235500,242500,234500,239000,44754,0.030172413793103425
2023-02-17,236500,242000,235500,238500,25302,-0.0020920502092049986
2023-02-20,237500,241000,236000,240000,16934,0.0062893081761006275
2023-02-21,240000,253000,238500,252500,72919,0.05208333333333326
2023-02-22,248500,254500,247000,247500,53695,-0.01980198019801982
2023-02-23,252000,259500,247500,258000,68479,0.042424242424242475
2023-02-24,257000,260000,250000,251000,43786,-0.027131782945736482
2023-02-27,249500,251000,245000,248500,26957,-0.009960159362549792
2023-02-28,248000,253500,243500,245500,46812,-0.012072434607645843
2023-03-02,249000,261500,246500,256000,59952,0.042769857433808456
2023-03-03,255500,258500,252000,255000,23742,-0.00390625
2023-03-06,257500,257500,245000,250000,33966,-0.019607843137254943
2023-03-07,251000,253000,245500,250000,22779,0.0
2023-03-08,247000,247000,237500,237500,40099,-0.050000000000000044
2023-03-09,239500,244500,238000,240500,30443,0.012631578947368327
2023-03-10,235500,238500,234000,236500,20218,-0.016632016632016633
2023-03-13,233000,236500,229000,233500,27445,-0.012684989429175508
2023-03-14,231000,231500,223000,223000,31491,-0.04496788008565311
2023-03-15,225500,227000,214500,217000,51952,-0.026905829596412523
2023-03-16,213000,218000,211000,214000,24616,-0.01382488479262678
2023-03-17,218500,218500,215000,216500,21623,0.011682242990654235
2023-03-20,216000,221000,214500,217500,16146,0.004618937644341736
2023-03-21,219500,224500,217000,223500,22360,0.02758620689655178
2023-03-22,223500,225000,219500,220500,14087,-0.01342281879194629
2023-03-23,220500,220500,216000,216500,20248,-0.01814058956916098
2023-03-24,217500,219500,215500,218500,16149,0.009237875288683695
2023-03-27,218500,219500,212000,216000,20704,-0.011441647597253968
2023-03-28,217000,219500,216000,219500,15992,0.01620370370370372
2023-03-29,220500,223500,217500,220000,22648,0.002277904328018332
2023-03-30,220000,226000,216500,223500,25289,0.015909090909090873
2023-03-31,224500,228500,222000,222000,25303,-0.006711409395973145
2023-04-03,223500,225000,222000,223500,17267,0.006756756756756799
2023-04-04,224500,229000,224000,227500,22002,0.017897091722595126
2023-04-05,227500,230500,222000,222500,28126,-0.02197802197802201
2023-04-06,223000,224000,216500,217000,34166,-0.024719101123595544
2023-04-07,218000,221000,216500,219500,16209,0.011520737327188835
2023-04-10,219500,220000,215500,217500,35524,-0.009111617312072884
2023-04-11,218000,224500,217000,223500,34107,0.02758620689655178
2023-04-12,223000,227000,222000,222500,22113,-0.004474272930648726
2023-04-13,222500,224000,220000,224000,24748,0.006741573033707926
2023-04-14,223500,229000,222500,226500,26180,0.01116071428571419
2023-04-17,226000,226000,221500,223000,15254,-0.015452538631346546
2023-04-18,223000,224000,220000,220000,20812,-0.013452914798206317
2023-04-19,220000,223500,220000,222500,16244,0.011363636363636465
2023-04-20,223500,228000,222000,224500,27167,0.008988764044943753
2023-04-21,223000,224000,213500,214000,58568,-0.04677060133630284
2023-04-24,224500,244500,223000,234000,234372,0.09345794392523366
2023-04-25,234500,234500,225500,227500,51943,-0.02777777777777779
2023-04-26,225000,226500,219000,219500,34321,-0.03516483516483515
2023-04-27,219000,222000,214500,220500,29064,0.004555808656036442
2023-04-28,222000,226500,219000,222000,27265,0.006802721088435382
2023-05-02,222500,227500,222500,225000,15625,0.013513513513513598
2023-05-03,223000,225000,219500,222000,15417,-0.013333333333333308
2023-05-04,220500,226500,219500,223500,23597,0.006756756756756799
2023-05-08,221500,229500,220500,223000,23901,-0.0022371364653244186
2023-05-09,223500,223500,218000,219500,23843,-0.015695067264574036
2023-05-10,218500,220500,215500,216500,23636,-0.013667425968109326
2023-05-11,218000,221500,217500,219000,20055,0.011547344110854452
2023-05-12,221500,222500,215000,216000,20253,-0.013698630136986356
2023-05-15,216000,218000,213500,215500,17919,-0.0023148148148147696
2023-05-16,215500,217000,212500,212500,19365,-0.0139211136890951
2023-05-17,212500,214000,211500,213000,17176,0.0023529411764706687
2023-05-18,213500,215000,211500,212500,21299,-0.0023474178403756207
2023-05-19,212500,214500,211500,213000,22407,0.0023529411764706687
2023-05-22,214000,216500,213000,215500,21766,0.011737089201877993
2023-05-23,217000,218000,215000,216500,17460,0.004640371229698292
2023-05-24,216000,216000,214000,215500,11064,-0.004618937644341847
2023-05-25,214000,215000,211000,211500,30832,-0.018561484918793503
2023-05-26,211500,211500,208000,209000,29196,-0.011820330969267157
2023-05-30,210000,213000,209000,211000,21519,0.009569377990430672
2023-05-31,211000,213000,208500,208500,24438,-0.011848341232227444
2023-06-01,208500,210000,207000,208500,13654,0.0
2023-06-02,209000,210500,207500,209000,21689,0.0023980815347721673
2023-06-05,210000,213500,210000,212500,19641,0.01674641148325362
2023-06-07,213500,216000,212000,215000,27415,0.0117647058823529
2023-06-08,215000,216000,213000,215500,31498,0.0023255813953488857
2023-06-09,216500,217000,213000,214000,18776,-0.00696055684454755
2023-06-12,215000,215500,212000,213000,13228,-0.004672897196261627
2023-06-13,213500,215000,212500,213000,12057,0.0
2023-06-14,213500,214500,209500,210500,24340,-0.011737089201877882
2023-06-15,210500,212000,204500,205500,43698,-0.02375296912114011
2023-06-16,204000,206500,201000,202000,44123,-0.01703163017031628
2023-06-19,202000,206500,202000,206500,19583,0.022277227722772297
2023-06-20,206500,213500,204500,212500,37114,0.029055690072639306
2023-06-21,213500,213500,205000,206000,25661,-0.030588235294117694
2023-06-22,206000,208000,204500,207000,14406,0.004854368932038833
2023-06-23,206000,206500,201000,201500,26209,-0.02657004830917875
2023-06-26,202500,204000,201500,202500,14818,0.00496277915632759
2023-06-27,202000,204000,201000,202500,19062,0.0
2023-06-28,201500,202500,200000,201000,27615,-0.007407407407407418
2023-06-29,200500,200500,195100,195100,44814,-0.02935323383084576
2023-06-30,196500,197600,192000,196400,28934,0.0066632496155818455
2023-07-03,196600,202000,196600,200000,12619,0.018329938900203624
2023-07-04,199000,200500,197800,198000,16287,-0.010000000000000009
2023-07-05,197100,199700,197000,197000,12826,-0.005050505050505083
2023-07-06,197000,197000,192000,192400,32100,-0.023350253807106647
2023-07-07,191500,192200,186700,189500,44460,-0.015072765072765115
2023-07-10,189400,193300,188100,191300,16113,0.009498680738786236
2023-07-11,193000,193000,190900,191700,12775,0.002090956612650352
2023-07-12,192000,193700,191300,193400,15841,0.008868022952529975
2023-07-13,193400,213500,193400,210000,104214,0.0858324715615304
2023-07-14,213000,217500,211000,216000,56207,0.02857142857142847
2023-07-17,216000,226500,216000,224000,73370,0.03703703703703698
2023-07-18,227000,227500,217500,218500,45746,-0.024553571428571397
2023-07-19,216000,218500,205500,206500,51436,-0.05491990846681927
2023-07-20,206000,210000,205000,208000,19138,0.007263922518159882
2023-07-21,206500,210000,205500,206500,17577,-0.007211538461538436
2023-07-24,205000,207000,202000,204000,27299,-0.01210653753026636
2023-07-25,204500,205500,200000,203500,29225,-0.002450980392156854
2023-07-26,203500,203500,198200,198200,34922,-0.02604422604422607
2023-07-27,198600,201000,197100,197300,22754,-0.004540867810292615
2023-07-28,196100,213000,194100,210000,55114,0.06436898124683221
2023-07-31,210500,214500,208000,212000,28585,0.00952380952380949
2023-08-01,210500,218000,210000,215000,32381,0.014150943396226356
2023-08-02,215000,217000,212000,212000,24124,-0.013953488372092981
2023-08-03,213000,217000,209500,213000,28373,0.004716981132075526
2023-08-04,212500,213000,207500,210000,22330,-0.014084507042253502
2023-08-07,208500,218500,207000,215500,29556,0.026190476190476097
2023-08-08,213500,218000,212000,215000,32543,-0.002320185614849146
2023-08-09,215500,215500,209000,209500,28034,-0.025581395348837188
2023-08-10,210500,215000,210500,212500,20350,0.014319809069212486
2023-08-11,213000,217000,212500,215500,27871,0.014117647058823568
2023-08-14,214500,215000,203500,204000,44391,-0.05336426914153136
2023-08-16,203500,203500,199000,200500,30147,-0.01715686274509809
2023-08-17,199500,200000,196900,198400,36664,-0.010473815461346625
2023-08-18,198400,198500,195500,196500,27013,-0.009576612903225756
2023-08-21,196500,197700,195000,195000,17926,-0.007633587786259555
2023-08-22,195400,198900,194900,197000,17014,0.01025641025641022
2023-08-23,195900,198400,195200,197900,18137,0.004568527918781706
2023-08-24,198000,198600,197000,198000,9645,0.00050530570995444
2023-08-25,196100,198300,196100,197900,6245,-0.0005050505050504528
2023-08-28,199400,209000,198100,208500,32594,0.0535624052551793
2023-08-29,208500,221000,207500,218500,69774,0.04796163069544357
2023-08-30,218500,220500,216500,217000,23166,-0.006864988558352381
2023-08-31,217000,221000,216500,218500,20547,0.00691244239631339
2023-09-01,217500,220000,216000,216500,14270,-0.009153318077803174
2023-09-04,215500,233000,215500,230000,75063,0.06235565819861422
2023-09-05,234000,235500,227000,227500,34819,-0.010869565217391353
2023-09-06,226500,230500,221000,221500,21702,-0.02637362637362639
2023-09-07,220000,225500,218000,221000,20331,-0.0022573363431150906
2023-09-08,220000,226000,218000,224500,20169,0.015837104072398134
2023-09-11,224500,231000,224500,225500,21190,0.00445434298440972
2023-09-12,225000,228000,222500,226000,17490,0.0022172949002217113
2023-09-13,224500,234000,222500,231000,34991,0.022123893805309658
2023-09-14,237000,251000,234000,246500,112433,0.0670995670995671
2023-09-15,248500,251000,244000,247500,47552,0.0040567951318457585
2023-09-18,247500,267000,247000,265500,105052,0.07272727272727275
2023-09-19,265500,271500,257500,266000,50148,0.0018832391713747842
2023-09-20,263500,267000,259500,262000,25992,-0.015037593984962405
2023-09-21,260500,262500,255000,257000,36815,-0.01908396946564883
2023-09-22,253000,255500,249000,252500,20593,-0.017509727626459193
2023-09-25,252000,255500,251500,253000,14272,0.001980198019801982
2023-09-26,251000,254500,244500,247500,31373,-0.021739130434782594
2023-09-27,243500,248500,240500,246500,32637,-0.004040404040404066
2023-10-04,243000,247500,240000,244000,25088,-0.010141987829614618
2023-10-05,246500,247500,239000,240500,19723,-0.014344262295082011
2023-10-06,243000,247500,241500,245500,19694,0.02079002079002068
2023-10-10,250000,250500,238000,238500,19907,-0.02851323828920571
2023-10-11,240000,247000,240000,242000,20509,0.01467505241090139
2023-10-12,243500,245000,233500,237000,40616,-0.02066115702479343
2023-10-13,235000,237000,233000,233500,10593,-0.014767932489451518
2023-10-16,232500,237000,231000,235000,16364,0.0064239828693790635
2023-10-17,236500,236500,230500,233500,11271,-0.006382978723404209
2023-10-18,233500,236500,232500,232500,10014,-0.004282655246252709
2023-10-19,230500,232000,227500,228500,14652,-0.017204301075268824
2023-10-20,226500,228000,222500,225500,13519,-0.013129102844638973
2023-10-23,228500,228500,220500,224000,11288,-0.006651884700665134
2023-10-24,228000,228000,219500,224000,10393,0.0
2023-10-25,224000,233000,224000,230000,14483,0.02678571428571419
2023-10-26,224500,230500,221500,222500,12677,-0.03260869565217395
2023-10-27,226500,229000,221000,224500,12846,0.008988764044943753
2023-10-30,224500,235000,223000,232500,18066,0.03563474387527843
2023-10-31,234500,241000,232500,237500,24092,0.021505376344086002
2023-11-01,239500,242500,236000,238500,14916,0.004210526315789442
2023-11-02,242500,243000,237500,242000,21664,0.01467505241090139
2023-11-03,241000,246000,238500,240500,12825,-0.006198347107438051
2023-11-06,244500,250500,241500,250000,21089,0.03950103950103956
2023-11-07,245000,247000,238500,241000,21275,-0.03600000000000003
2023-11-08,243000,250000,241500,242000,14638,0.004149377593360981
2023-11-09,240000,248500,240000,244500,16604,0.010330578512396604
2023-11-10,242500,246000,239000,239500,15138,-0.020449897750511203
2023-11-13,241500,243500,237000,240500,9342,0.0041753653444676075
2023-11-14,245000,245000,238500,238500,11739,-0.008316008316008316
2023-11-15,244000,245000,239500,244000,11884,0.023060796645702375
2023-11-16,243000,244000,235000,236500,18955,-0.030737704918032738
2023-11-17,237000,239000,233500,236500,12873,0.0
2023-11-20,236500,243500,236000,243000,17227,0.02748414376321362
2023-11-21,244500,245000,233500,233500,38235,-0.039094650205761305
2023-11-22,233500,233500,227000,229000,38354,-0.01927194860813708
2023-11-23,229500,229500,223000,225000,32836,-0.017467248908296984
2023-11-24,225000,228000,222000,227500,31560,0.011111111111111072
2023-11-27,229000,231500,226000,228500,19347,0.00439560439560438
2023-11-28,228500,230000,226500,228000,16835,-0.002188183807439792
2023-11-29,225500,227000,207000,211500,127220,-0.07236842105263153
2023-11-30,209500,214500,208500,208500,44991,-0.014184397163120588
2023-12-01,210000,212500,208500,210000,24433,0.007194244604316502
2023-12-04,213000,215000,209000,210000,28975,0.0
2023-12-05,210000,216500,208500,214000,33847,0.01904761904761898
2023-12-06,215000,217000,211000,214500,20117,0.002336448598130758
2023-12-07,213000,217500,211500,217500,16529,0.013986013986013957
2023-12-08,216500,218500,215500,217000,17180,-0.0022988505747126853
2023-12-11,216000,219000,213500,216000,15152,-0.004608294930875556
2023-12-12,217000,217500,214000,214000,26669,-0.0092592592592593
2023-12-13,215000,216500,212500,214000,19237,0.0
2023-12-14,216500,226000,213000,225500,55057,0.053738317757009435
2023-12-15,222000,226000,220500,222500,23426,-0.013303769401330379
2023-12-18,220500,225000,218500,224000,18261,0.006741573033707926
2023-12-19,223000,225500,221000,222000,12390,-0.008928571428571397
2023-12-20,223500,228000,223500,227500,25558,0.024774774774774855
2023-12-21,226500,227000,223000,226500,14325,-0.00439560439560438
2023-12-22,228500,228500,225000,226500,10101,0.0
2023-12-26,228500,229000,223500,227500,13531,0.004415011037527616
2023-12-27,226500,228000,222500,224500,11661,-0.01318681318681314
2023-12-28,225000,229500,223500,228500,18491,0.017817371937639104
2024-01-02,226000,230000,226000,228500,11627,0.0
2024-01-03,225000,230500,225000,228000,21434,-0.002188183807439792
2024-01-04,226000,230000,225500,225500,12260,-0.010964912280701733
2024-01-05,225000,229000,223500,226500,12873,0.0044345898004434225
2024-01-08,225500,226500,221500,222000,8476,-0.019867549668874163
2024-01-09,224500,227000,222000,222500,9303,0.0022522522522523403
2024-01-10,223000,225500,219500,221000,17212,-0.006741573033707815
2024-01-11,222000,224000,216000,216000,30167,-0.022624434389140302
2024-01-12,217000,218000,214500,215000,10574,-0.00462962962962965
2024-01-15,215500,218500,214500,215000,8235,0.0
2024-01-16,213500,215000,210500,212500,11261,-0.011627906976744207
2024-01-17,211500,211500,201500,203500,25206,-0.04235294117647059
2024-01-18,205000,205000,199900,201000,15236,-0.012285012285012331
2024-01-19,201000,204500,200000,202000,11174,0.004975124378109541
2024-01-22,205000,205000,201500,203500,9851,0.007425742574257432
2024-01-23,204000,219500,203000,215000,26270,0.05651105651105648
2024-01-24,215000,218000,210000,215500,21510,0.0023255813953488857
2024-01-25,215500,221000,213000,219500,19862,0.018561484918793614
2024-01-26,218500,220500,215000,217500,8752,-0.009111617312072884
2024-01-29,217500,238500,215000,233500,56668,0.0735632183908046
2024-01-30,239000,257500,238000,244000,154467,0.044967880085653
2024-01-31,244000,248000,234500,246500,47667,0.010245901639344357
2024-02-01,244000,269500,242000,266000,161553,0.07910750507099396
2024-02-02,266500,268000,253000,263500,80064,-0.009398496240601517
2024-02-05,263000,280000,255500,271500,90069,0.030360531309297834
2024-02-06,270500,275000,261000,267000,57103,-0.016574585635359074
2024-02-07,269000,276500,259500,269000,44835,0.0074906367041198685
2024-02-08,273000,287000,269000,271000,98057,0.0074349442379182396
2024-02-13,274000,274000,262000,264500,84482,-0.023985239852398532
2024-02-14,259500,262500,251000,255000,62832,-0.03591682419659736
2024-02-15,256000,260000,251500,254500,51199,-0.0019607843137254832
2024-02-16,257500,267500,253500,266000,76035,0.04518664047151266
2024-02-19,269000,285000,268000,283500,76877,0.06578947368421062
2024-02-20,283500,283500,272000,276000,44847,-0.02645502645502651
2024-02-21,276000,283000,268500,271000,32486,-0.018115942028985477
2024-02-22,271000,276500,267000,273000,33258,0.007380073800737907
2024-02-23,273000,280000,270500,275000,35329,0.0073260073260073
2024-02-26,269500,269500,255000,260500,75670,-0.052727272727272734
2024-02-27,258000,265000,256500,261500,38354,0.0038387715930903177
2024-02-28,256000,268000,256000,264000,32197,0.009560229445506607
2024-02-29,264000,275000,262500,265500,47305,0.005681818181818121
2024-03-04,268500,283000,267000,280500,54243,0.05649717514124286
2024-03-05,277000,288000,276000,279000,28641,-0.005347593582887722
2024-03-06,279000,290000,279000,286500,50668,0.026881720430107503
2024-03-07,285500,292000,282000,285000,31387,-0.005235602094240788
2024-03-08,290500,293000,281000,291500,44343,0.02280701754385972
2024-03-11,291500,291500,276500,278000,31061,-0.046312178387650116
2024-03-12,277500,278000,269000,274500,38174,-0.01258992805755399
2024-03-13,275000,281000,268000,278500,36385,0.014571948998178597
2024-03-14,280500,285500,274500,281500,32698,0.010771992818671361
2024-03-15,283000,286000,268500,276500,44067,-0.017761989342806372
2024-03-18,280500,280500,270500,274500,17476,-0.007233273056057921
2024-03-19,274000,287000,273500,280500,52992,0.021857923497267784
2024-03-20,282000,294000,282000,290000,45582,0.033868092691622165
2024-03-21,293500,293500,282500,289000,35623,-0.0034482758620689724
2024-03-22,287500,291000,283000,286000,24331,-0.01038062283737029
2024-03-25,284000,285500,274000,278500,37022,-0.02622377622377625
2024-03-26,279000,282000,272500,274500,26556,-0.014362657091561926
2024-03-27,273500,276000,268000,270000,47796,-0.016393442622950838
2024-03-28,270000,270500,262500,265000,43088,-0.01851851851851849
2024-03-29,265000,266500,256000,259500,35270,-0.02075471698113207
2024-04-01,261500,267500,255500,257500,37193,-0.0077071290944122905
2024-04-02,256500,260500,253000,255000,27421,-0.009708737864077666
2024-04-03,253500,261500,251500,259500,26640,0.01764705882352935
2024-04-04,262000,263500,256000,257000,17754,-0.009633911368015391
2024-04-05,255500,258500,252000,258500,14607,0.005836575875486361
2024-04-08,256000,257000,246000,249000,28892,-0.03675048355899424
2024-04-09,249500,250000,246000,249000,19914,0.0
2024-04-11,244000,244500,234500,242000,52110,-0.028112449799196804
2024-04-12,241000,242000,232500,233000,28139,-0.037190082644628086
2024-04-15,230500,236000,229500,236000,15323,0.012875536480686733
2024-04-16,234000,236000,229000,231000,22338,-0.021186440677966156
2024-04-17,231500,232000,225000,229500,29635,-0.00649350649350644
2024-04-18,228500,239000,228500,235500,24065,0.02614379084967311
2024-04-19,231000,235000,229500,230000,17604,-0.023354564755838636
2024-04-22,233500,243500,233500,241500,20316,0.050000000000000044
2024-04-23,240000,246500,239500,246000,18538,0.01863354037267073
2024-04-24,248000,248000,243000,246000,14277,0.0
2024-04-25,243500,248000,242500,248000,12236,0.008130081300812941
2024-04-26,249000,249500,244500,246000,10102,-0.008064516129032251
2024-04-29,247000,258000,247000,255000,25238,0.03658536585365857
2024-04-30,253500,257500,250000,252000,21667,-0.0117647058823529
2024-05-02,250500,252000,245000,247500,19129,-0.017857142857142905
2024-05-03,251000,284500,247000,280500,140571,0.1333333333333333
2024-05-07,280000,290000,276500,283500,52377,0.010695187165775444
2024-05-08,284000,292000,283500,288500,35041,0.01763668430335108
2024-05-09,288000,289000,277500,285000,42722,-0.012131715771230511
2024-05-10,286000,296000,282500,292000,43181,0.024561403508772006
2024-05-13,293000,298000,288000,298000,30918,0.020547945205479534
2024-05-14,298000,301000,293500,300500,33560,0.008389261744966348
2024-05-16,303000,303500,293000,295000,20103,-0.01830282861896837
2024-05-17,293000,315000,293000,314000,77292,0.06440677966101704
2024-05-20,322000,324000,311000,312000,32194,-0.006369426751592355
2024-05-21,310000,327500,309000,322000,68671,0.03205128205128216
2024-05-22,317500,326500,317000,320500,25136,-0.004658385093167738
2024-05-23,318000,320500,304000,311000,38908,-0.029641185647425905
2024-05-24,306500,308500,293000,305500,43189,-0.01768488745980712
2024-05-27,302500,306500,298000,301000,29161,-0.014729950900163713
2024-05-28,301500,307500,298500,299500,22171,-0.004983388704318914
2024-05-29,297000,309000,295500,307500,27613,0.026711185308847973
2024-05-30,302000,307500,300000,302500,17049,-0.016260162601625994
2024-05-31,307000,307000,288000,294000,51490,-0.028099173553719048
2024-06-03,294500,304500,290500,301000,22171,0.023809523809523725
2024-06-04,296500,303500,294500,297000,25630,-0.013289036544850474
2024-06-05,297000,308500,292500,301500,42098,0.015151515151515138
2024-06-07,298000,306500,292000,296000,29634,-0.018242122719734688
2024-06-10,291500,294000,284000,285500,36969,-0.03547297297297303
2024-06-11,288000,289500,280000,280000,34490,-0.019264448336252182
2024-06-12,281000,289500,277000,288000,28030,0.02857142857142847
2024-06-13,288000,292500,280000,280000,31277,-0.02777777777777779
2024-06-14,280000,285500,277000,279000,17535,-0.0035714285714285587
2024-06-17,279500,287000,277500,279500,13586,0.0017921146953405742
2024-06-18,281000,281500,277000,277000,11502,-0.008944543828264706
2024-06-19,279000,282500,277500,280000,11365,0.010830324909747224
2024-06-20,278000,283500,278000,281500,10583,0.005357142857142838
2024-06-21,282500,286500,278000,283500,23975,0.007104795737122638
2024-06-24,283500,286000,274500,277000,14912,-0.022927689594356315
2024-06-25,284000,312000,282500,307000,85476,0.10830324909747291
2024-06-26,307000,309000,301000,301000,25468,-0.019543973941368087
2024-06-27,298000,306000,291000,301500,30854,0.0016611295681063787
2024-06-28,301500,320500,301500,308500,46644,0.023217247097844007
2024-07-01,309000,311000,303500,305500,13994,-0.00972447325769854
2024-07-02,302500,308000,298500,298500,20707,-0.022913256955810146
2024-07-03,300500,310500,300500,307000,28340,0.028475711892797406
2024-07-04,309000,323500,306000,319500,42548,0.04071661237785018
2024-07-05,320500,331000,313500,315000,39947,-0.014084507042253502
2024-07-08,315500,326000,314000,318000,15262,0.00952380952380949
2024-07-09,320500,321000,304000,305500,28880,-0.03930817610062898
2024-07-10,304000,310500,299500,308500,19468,0.009819967266775809
2024-07-11,309000,311500,306500,308000,24358,-0.0016207455429497752
2024-07-12,314000,327500,305000,314000,41315,0.01948051948051943
2024-07-15,326500,342500,325000,335000,81865,0.06687898089171984
2024-07-16,336000,338500,324500,325000,35649,-0.02985074626865669
2024-07-17,328000,345000,318500,337500,68502,0.03846153846153855
2024-07-18,337500,338000,325000,330500,41029,-0.020740740740740726
2024-07-19,330000,330000,319000,326500,25898,-0.012102874432677768
2024-07-22,327000,327000,310500,316500,24655,-0.030627871362940318
2024-07-23,318500,325500,313500,315500,16461,-0.003159557661927326
2024-07-24,312000,334500,307500,331500,42889,0.05071315372424712
2024-07-25,325500,339500,321500,328000,34580,-0.010558069381598756
2024-07-26,327000,344500,325500,329500,44955,0.004573170731707377
2024-07-29,334500,343000,325000,326000,39958,-0.01062215477996964
2024-07-30,323000,340000,321500,332000,42776,0.018404907975460016
2024-07-31,331000,338000,323500,328500,33642,-0.010542168674698815
2024-08-01,326000,339500,320000,330000,37145,0.004566210045662045
2024-08-02,325500,325500,303500,304500,38434,-0.07727272727272727
2024-08-05,297000,300500,270500,278000,66915,-0.08702791461412152
2024-08-06,289000,302000,277500,297000,58599,0.06834532374100721
2024-08-07,291500,300000,284000,285000,52401,-0.04040404040404044
2024-08-08,282000,294000,274500,294000,40799,0.03157894736842115
2024-08-09,295500,305000,290500,292500,40411,-0.005102040816326481
2024-08-12,297500,310000,293500,307000,30368,0.04957264957264962
2024-08-13,303500,309000,298000,304000,31820,-0.009771986970684043
2024-08-14,305000,306500,294000,297000,31438,-0.023026315789473673
2024-08-16,301500,308000,299500,302500,32342,0.0185185185185186
2024-08-19,307500,307500,300000,303500,17421,0.0033057851239668423
2024-08-20,306000,311500,301500,305500,25477,0.006589785831960571
2024-08-21,306500,308500,297500,300000,24940,-0.018003273322422242
2024-08-22,303500,307500,297500,297500,30818,-0.008333333333333304
2024-08-23,297500,306000,296000,300000,19560,0.008403361344537785
2024-08-26,302000,306000,292500,298000,30205,-0.00666666666666671
2024-08-27,298000,299000,292500,294000,20085,-0.01342281879194629
2024-08-28,296500,306500,291500,292000,44259,-0.006802721088435382
2024-08-29,291000,293000,286500,288000,20010,-0.013698630136986356
2024-08-30,290500,291000,284500,286500,20583,-0.00520833333333337
2024-09-02,286500,288000,281500,286500,16220,0.0
2024-09-03,287500,309000,286500,300000,54416,0.04712041884816753
2024-09-04,295000,308500,292000,303500,49305,0.011666666666666714
2024-09-05,303500,305000,295000,300000,29760,-0.011532125205930832
2024-09-06,301500,308500,297500,298500,33606,-0.0050000000000000044
2024-09-09,296000,298500,287500,295000,20210,-0.011725293132328285
2024-09-10,297000,298000,286000,286000,20197,-0.03050847457627115
2024-09-11,287500,288500,280000,281000,23009,-0.0174825174825175
2024-09-12,283500,284000,280000,281500,25601,0.001779359430605032
2024-09-13,282000,295000,282000,289000,26946,0.026642984014209503
2024-09-19,293000,293500,284500,289500,14979,0.0017301038062282892
2024-09-20,291500,312500,285000,310500,67208,0.07253886010362698
2024-09-23,309500,310500,301000,305000,23707,-0.017713365539452464
2024-09-24,305500,319500,297500,314500,54003,0.031147540983606614
2024-09-25,318500,322000,302000,302000,60979,-0.03974562798092207
2024-09-26,304000,309000,302500,307500,23918,0.01821192052980125
2024-09-27,306500,319500,304000,308500,39635,0.003252032520325132
2024-09-30,311500,314000,301500,301500,22747,-0.02269043760129663
2024-10-02,298000,305000,294500,298000,25883,-0.011608623548922004
2024-10-04,302000,306500,294500,295500,33329,-0.008389261744966459
2024-10-07,298000,298000,284500,291000,54542,-0.015228426395939132
2024-10-08,291000,291000,283000,284000,38343,-0.02405498281786944
2024-10-10,287000,292500,285000,285000,35468,0.0035211267605634866
2024-10-11,288000,291500,283000,284000,24070,-0.0035087719298245723
