Date,Open,High,Low,Close,Volume,Change
2022-01-03,34600,34900,34250,34350,29944,-0.007225433526011571
2022-01-04,34400,34950,34350,34900,51037,0.01601164483260553
2022-01-05,34800,34850,33800,33850,91180,-0.03008595988538687
2022-01-06,33600,33800,32650,32700,117376,-0.033973412112260015
2022-01-07,32650,33550,32650,33450,29207,0.022935779816513735
2022-01-10,33500,33500,32650,32750,41764,-0.020926756352765308
2022-01-11,32550,32950,32050,32300,46434,-0.013740458015267132
2022-01-12,32300,33700,32300,33550,52861,0.03869969040247678
2022-01-13,33500,33550,33100,33250,34716,-0.008941877794336861
2022-01-14,33200,33200,32250,32600,45353,-0.019548872180451093
2022-01-17,32300,32600,32150,32400,38436,-0.006134969325153339
2022-01-18,32000,32950,31050,31250,70371,-0.035493827160493874
2022-01-19,30600,31200,30350,30850,58917,-0.012800000000000034
2022-01-20,30750,31600,30600,31600,26027,0.024311183144246407
2022-01-21,31150,31650,30450,30850,45794,-0.02373417721518989
2022-01-24,30550,31400,30250,30400,38551,-0.014586709886547866
2022-01-25,30250,30650,29400,29500,65421,-0.02960526315789469
2022-01-26,29200,29900,29100,29500,34454,0.0
2022-01-27,29200,29400,27900,27950,73205,-0.05254237288135588
2022-01-28,28000,29250,27700,29100,52863,0.041144901610017826
2022-02-03,29300,29850,29150,29550,31297,0.015463917525773141
2022-02-04,29150,29900,29150,29900,20859,0.011844331641285955
2022-02-07,30000,30000,29200,29450,25326,-0.015050167224080258
2022-02-08,29500,30250,28750,29000,32411,-0.015280135823429575
2022-02-09,29150,30200,29150,30200,36464,0.04137931034482767
2022-02-10,30050,30350,29400,29650,27933,-0.018211920529801362
2022-02-11,29150,29700,29000,29050,27650,-0.0202360876897133
2022-02-14,28550,29050,28250,28800,34812,-0.008605851979345935
2022-02-15,28800,29200,28200,28200,26101,-0.02083333333333337
2022-02-16,28700,29700,28500,29700,20606,0.05319148936170204
2022-02-17,29750,30100,29000,29200,31772,-0.01683501683501687
2022-02-18,28900,29450,28650,29300,75749,0.003424657534246478
2022-02-21,28550,28800,28350,28550,46126,-0.025597269624573427
2022-02-22,28550,28550,28050,28200,39585,-0.012259194395796813
2022-02-23,28300,28700,27950,28600,64395,0.014184397163120588
2022-02-24,28000,28350,27750,27850,46450,-0.02622377622377625
2022-02-25,27950,28600,27950,28550,25127,0.025134649910233398
2022-02-28,28450,29750,28250,28700,16123,0.005253940455341555
2022-03-02,28700,29300,28600,29200,23881,0.017421602787456525
2022-03-03,29200,30200,29100,30050,40606,0.02910958904109595
2022-03-04,29600,29950,28950,29050,34424,-0.03327787021630613
2022-03-07,28900,28900,27800,28050,54907,-0.03442340791738385
2022-03-08,27500,27950,27350,27650,28292,-0.014260249554367221
2022-03-10,27950,28900,27850,27900,36022,0.009041591320072317
2022-03-11,27700,28300,27700,27900,22609,0.0
2022-03-14,27900,28500,27300,27400,34216,-0.017921146953404965
2022-03-15,27400,27450,27200,27400,21472,0.0
2022-03-16,27550,28300,27550,28050,40629,0.02372262773722622
2022-03-17,28900,29000,28400,28700,47121,0.02317290552584672
2022-03-18,29000,29150,28250,28650,48859,-0.0017421602787456303
2022-03-21,28700,29250,28650,29000,34104,0.01221640488656206
2022-03-22,29000,29000,28600,28900,14830,-0.0034482758620689724
2022-03-23,29000,29550,28800,29100,27441,0.006920415224913601
2022-03-24,29000,29200,28250,29000,52406,-0.0034364261168384758
2022-03-25,29400,29400,28750,29200,28471,0.006896551724137945
2022-03-28,29400,29400,29000,29000,30178,-0.006849315068493178
2022-03-29,29300,29550,29100,29350,24288,0.012068965517241459
2022-03-30,29400,29700,29350,29400,35082,0.0017035775127767216
2022-03-31,29400,30100,29250,30050,50195,0.022108843537415046
2022-04-01,30000,30150,29550,29550,34233,-0.016638935108153063
2022-04-04,29550,30100,29200,30000,37795,0.015228426395939021
2022-04-05,29650,30400,29500,29550,33829,-0.015000000000000013
2022-04-06,29100,29350,28800,28950,37940,-0.02030456852791873
2022-04-07,28950,28950,28350,28400,38265,-0.01899827288428324
2022-04-08,28450,28750,28200,28700,25186,0.010563380281690238
2022-04-11,28400,28700,28050,28200,22812,-0.017421602787456414
2022-04-12,27750,28200,27500,27800,29699,-0.014184397163120588
2022-04-13,28150,28550,27700,28550,14392,0.026978417266187105
2022-04-14,28550,28600,28200,28500,13240,-0.0017513134851138146
2022-04-15,28150,28300,27800,28000,29670,-0.01754385964912286
2022-04-18,28000,28250,27600,27900,28345,-0.0035714285714285587
2022-04-19,27700,28600,27700,28550,38873,0.023297491039426577
2022-04-20,28550,28700,28000,28400,26284,-0.005253940455341555
2022-04-21,28450,28650,28250,28400,15068,0.0
2022-04-22,28000,28250,27750,28050,22015,-0.01232394366197187
2022-04-25,27650,28000,27550,27750,16052,-0.010695187165775444
2022-04-26,27750,28100,27650,27950,14916,0.007207207207207134
2022-04-27,27400,27750,27200,27500,25407,-0.01610017889087656
2022-04-28,27600,27800,27250,27500,17314,0.0
2022-04-29,27500,28400,27500,28400,24377,0.032727272727272716
2022-05-02,27750,28250,27550,28000,19551,-0.014084507042253502
2022-05-03,27750,28150,27750,28000,14515,0.0
2022-05-04,28000,28050,27500,27500,20315,-0.017857142857142905
2022-05-06,27300,27400,27000,27100,26117,-0.014545454545454528
2022-05-09,26900,27050,26200,26250,35264,-0.03136531365313655
2022-05-10,25550,25900,25100,25650,34913,-0.02285714285714291
2022-05-11,25650,25950,25150,25950,37849,0.011695906432748648
2022-05-12,25350,25750,24200,24200,65385,-0.06743737957610785
2022-05-13,24200,25100,24200,25100,26382,0.037190082644628086
2022-05-16,25300,25500,24600,24600,21834,-0.019920318725099584
2022-05-17,24550,26350,24550,26300,64624,0.06910569105691056
2022-05-18,26500,28550,26450,27000,173540,0.026615969581748944
2022-05-19,26400,26600,25850,26250,44616,-0.02777777777777779
2022-05-20,26200,27050,26050,26350,29811,0.003809523809523707
2022-05-23,26950,28000,26750,27400,106167,0.03984819734345346
2022-05-24,27200,27700,26250,26250,44445,-0.041970802919708006
2022-05-25,26300,26900,26100,26200,37352,-0.0019047619047618536
2022-05-26,26400,27250,26300,26500,42323,0.011450381679389388
2022-05-27,27100,27100,26400,26550,19621,0.0018867924528302993
2022-05-30,26800,27100,26700,27000,18736,0.016949152542372836
2022-05-31,27000,27150,26500,26800,127411,-0.007407407407407418
2022-06-02,26700,27000,26400,26450,14041,-0.013059701492537323
2022-06-03,26950,26950,26150,26400,20661,-0.001890359168241984
2022-06-07,26400,26400,25250,25500,39072,-0.03409090909090906
2022-06-08,25600,25900,25000,25350,29351,-0.00588235294117645
2022-06-09,25450,25450,24650,25250,30179,-0.0039447731755424265
2022-06-10,25000,25150,24750,24950,16774,-0.011881188118811892
2022-06-13,24200,24600,22900,23300,117936,-0.06613226452905807
2022-06-14,22800,23250,22050,22350,89173,-0.04077253218884125
2022-06-15,22150,22700,21000,21400,64187,-0.04250559284116329
2022-06-16,21750,22150,21400,21400,39066,0.0
2022-06-17,21000,21400,20700,21100,21005,-0.014018691588784993
2022-06-20,21000,21450,19800,19950,53005,-0.0545023696682464
2022-06-21,19950,20650,19850,20550,38981,0.03007518796992481
2022-06-22,20500,20700,19500,19500,37517,-0.051094890510948954
2022-06-23,19550,20050,18500,18500,53287,-0.05128205128205132
2022-06-24,18250,19850,18250,19850,32477,0.0729729729729729
2022-06-27,20100,20700,19600,20450,26547,0.030226700251889227
2022-06-28,20150,20700,20050,20450,15743,0.0
2022-06-29,20150,20250,19650,19950,21516,-0.02444987775061125
2022-06-30,20050,20050,19100,19250,22558,-0.03508771929824561
2022-07-01,19500,19650,17900,18700,37779,-0.02857142857142858
2022-07-04,18750,19200,18400,18750,22840,0.002673796791443861
2022-07-05,18800,19800,18800,19800,21701,0.05600000000000005
2022-07-06,19550,19800,19150,19250,19913,-0.02777777777777779
2022-07-07,19400,19600,19350,19400,9170,0.007792207792207684
2022-07-08,19500,19850,19400,19550,12092,0.0077319587628865705
2022-07-11,19650,19700,19200,19350,16371,-0.010230179028132946
2022-07-12,19050,19050,18250,18250,28573,-0.056847545219638196
2022-07-13,18650,19100,18250,19100,16323,0.046575342465753344
2022-07-14,18950,19200,18500,18800,16685,-0.015706806282722474
2022-07-15,19150,19250,18000,19200,19464,0.02127659574468077
2022-07-18,19300,20000,19300,19900,27494,0.03645833333333326
2022-07-19,19700,20000,19550,19750,8676,-0.007537688442211032
2022-07-20,20100,20550,20100,20500,28863,0.03797468354430378
2022-07-21,20500,20550,20100,20550,12063,0.0024390243902439046
2022-07-22,20300,20900,20050,20150,27083,-0.019464720194647178
2022-07-25,19950,20300,19950,20150,17070,0.0
2022-07-26,19900,20350,19900,20200,14329,0.002481389578163684
2022-07-27,20400,20400,20050,20300,13636,0.004950495049504955
2022-07-28,20700,20800,20250,20450,20795,0.00738916256157629
2022-07-29,20700,21500,20450,21200,50983,0.03667481662591676
2022-08-01,21350,21550,20900,20900,21026,-0.014150943396226467
2022-08-02,20650,20900,20400,20500,12109,-0.019138755980861233
2022-08-03,20300,20750,20200,20500,10538,0.0
2022-08-04,20500,20950,20400,20900,12198,0.019512195121951237
2022-08-05,20950,21600,20750,21250,18457,0.01674641148325362
2022-08-08,21050,21550,20950,21450,13101,0.009411764705882453
2022-08-09,21450,21450,21000,21350,9333,-0.004662004662004615
2022-08-10,21250,21600,20950,21550,20339,0.00936768149882905
2022-08-11,21750,22250,21650,21800,26796,0.011600928074245953
2022-08-12,21650,22250,21550,22000,25031,0.00917431192660545
2022-08-16,22050,22800,22050,22600,42197,0.027272727272727337
2022-08-17,23300,25450,23150,25400,295132,0.12389380530973448
2022-08-18,25200,25650,24450,25050,102705,-0.013779527559055094
2022-08-19,24700,24800,23600,23850,85163,-0.04790419161676651
2022-08-22,23450,23800,22900,23050,55011,-0.033542976939203384
2022-08-23,22800,23250,22450,23050,45071,0.0
2022-08-24,22950,23200,22050,22650,54551,-0.017353579175705014
2022-08-25,22300,23350,22300,23250,40143,0.026490066225165476
2022-08-26,23250,23500,22400,22500,29422,-0.032258064516129004
2022-08-29,21950,22000,21250,21400,29822,-0.04888888888888887
2022-08-30,21700,22000,21450,22000,15442,0.028037383177569986
2022-08-31,21600,22750,21350,22650,27805,0.02954545454545454
2022-09-01,22450,22450,21700,21700,18982,-0.04194260485651213
2022-09-02,21650,21800,21300,21700,22360,0.0
2022-09-05,21300,21700,20950,21000,16442,-0.032258064516129004
2022-09-06,21000,21900,21000,21650,13262,0.030952380952380842
2022-09-07,21300,21650,21150,21200,9436,-0.020785219399538146
2022-09-08,21200,23000,21150,22600,59915,0.0660377358490567
2022-09-13,22850,23800,22750,23800,35443,0.053097345132743445
2022-09-14,23050,23500,22400,22850,45043,-0.03991596638655459
2022-09-15,23000,23700,22350,23350,41363,0.02188183807439814
2022-09-16,23050,23100,22550,22550,16750,-0.03426124197002145
2022-09-19,22650,22750,21750,22000,31915,-0.024390243902439046
2022-09-20,22250,23100,22050,22800,33892,0.036363636363636376
2022-09-21,22800,23900,22300,23800,62480,0.04385964912280693
2022-09-22,23500,24200,23100,23800,42470,0.0
2022-09-23,23800,25100,23050,24650,124703,0.03571428571428581
2022-09-26,24450,24750,22850,23300,89210,-0.05476673427991885
2022-09-27,23200,23750,22550,23200,36565,-0.0042918454935622075
2022-09-28,23200,23450,22100,22750,29175,-0.0193965517241379
2022-09-29,22850,23350,21650,21900,26252,-0.03736263736263734
2022-09-30,21900,22150,21300,21700,23616,-0.0091324200913242
2022-10-04,22050,22700,21800,22550,24331,0.03917050691244239
2022-10-05,22600,23000,22300,22300,31947,-0.011086474501108667
2022-10-06,22300,23050,22300,22850,39077,0.024663677130044803
2022-10-07,22550,23250,22200,22700,30090,-0.006564551422319487
2022-10-11,22350,22600,20900,21050,50224,-0.07268722466960353
2022-10-12,21050,21800,20700,21600,20689,0.026128266033254244
2022-10-13,21650,21750,20500,20550,36123,-0.04861111111111116
2022-10-14,21150,22300,20600,22300,63972,0.08515815085158152
2022-10-17,22050,24500,21800,23700,127155,0.06278026905829592
2022-10-18,24200,24500,23700,23900,49260,0.00843881856540074
2022-10-19,23800,24500,23500,23900,34362,0.0
2022-10-20,23900,23900,22850,23450,37445,-0.01882845188284521
2022-10-21,22950,24150,22700,23550,35795,0.004264392324093924
2022-10-24,23600,24400,23000,23200,46369,-0.014861995753715496
2022-10-25,23050,23750,22850,23050,36549,-0.006465517241379337
2022-10-26,23050,23100,22500,22600,18546,-0.0195227765726681
2022-10-27,22650,23450,22650,23300,21391,0.030973451327433565
2022-10-28,23300,23500,22400,22400,34811,-0.03862660944206009
2022-10-31,22850,23150,22350,23150,29770,0.033482142857142794
2022-11-01,23500,23500,22900,23500,17042,0.015118790496760237
2022-11-02,23000,23700,23000,23300,19507,-0.008510638297872353
2022-11-03,22650,24000,22600,23750,36824,0.0193133047210301
2022-11-04,23750,23950,22800,23250,46845,-0.021052631578947323
2022-11-07,23300,23700,23000,23400,14578,0.006451612903225712
2022-11-08,23400,24100,23050,24050,61780,0.02777777777777768
2022-11-09,24300,24650,24000,24100,51723,0.0020790020790020236
2022-11-10,23850,23850,23150,23200,28945,-0.03734439834024894
2022-11-11,24050,24850,23900,24750,67565,0.0668103448275863
2022-11-14,24900,25450,24750,25450,48973,0.028282828282828243
2022-11-15,25600,27450,25400,27050,179830,0.06286836935166984
2022-11-16,27450,27450,26100,27000,55150,-0.001848428835489857
2022-11-17,26800,27600,25850,25850,87910,-0.042592592592592626
2022-11-18,26100,26450,25200,25450,33895,-0.015473887814313358
2022-11-21,25050,25650,24500,24650,56167,-0.03143418467583492
2022-11-22,24650,26150,24550,25450,49695,0.032454361054766734
2022-11-23,25550,27700,25450,27600,90240,0.08447937131630656
2022-11-24,27600,28500,27300,28100,91480,0.018115942028985588
2022-11-25,28100,28250,27300,27450,23745,-0.02313167259786475
2022-11-28,27250,27250,26250,26650,29561,-0.02914389799635697
2022-11-29,26650,27850,26200,27300,34802,0.024390243902439046
2022-11-30,27100,27900,26500,27300,43915,0.0
2022-12-01,27800,28300,27000,27450,48208,0.005494505494505475
2022-12-02,27300,27500,26450,26950,46169,-0.01821493624772308
2022-12-05,26950,27000,25800,26350,94992,-0.02226345083487946
2022-12-06,25500,26500,25100,26350,91813,0.0
2022-12-07,25600,26200,25350,26000,60333,-0.013282732447817858
2022-12-08,25650,26500,25400,25950,77367,-0.0019230769230769162
2022-12-09,26000,26550,25500,25950,33402,0.0
2022-12-12,25950,26150,25200,25900,31457,-0.0019267822736031004
2022-12-13,25900,26400,25350,25600,20958,-0.01158301158301156
2022-12-14,26300,28000,25600,27550,92601,0.076171875
2022-12-15,27000,27650,26600,27300,47780,-0.00907441016333943
2022-12-16,26600,27050,25850,25850,55726,-0.05311355311355315
2022-12-19,25950,25950,25250,25600,39387,-0.009671179883945835
2022-12-20,25500,25700,24600,25000,31189,-0.0234375
2022-12-21,25250,25750,24850,25300,23144,0.01200000000000001
2022-12-22,25350,26450,25350,26300,38170,0.03952569169960474
2022-12-23,25800,25800,25150,25200,36918,-0.041825095057034245
2022-12-26,25050,25900,24900,25650,28219,0.017857142857142794
2022-12-27,25700,26300,25650,26100,60925,0.01754385964912286
2022-12-28,25850,25850,24550,24850,67723,-0.04789272030651337
2022-12-29,24500,24800,23300,23800,37880,-0.04225352112676062
2023-01-02,24000,24950,23800,24450,41979,0.027310924369747802
2023-01-03,24900,24900,23950,24350,16298,-0.004089979550102263
2023-01-04,24050,24850,23950,24750,10627,0.01642710472279263
2023-01-05,24700,25250,24300,24850,31514,0.004040404040404066
2023-01-06,24600,25650,24600,25400,20321,0.02213279678068414
2023-01-09,25400,26050,25400,25700,17900,0.011811023622047223
2023-01-10,25450,25850,25250,25350,15470,-0.013618677042801508
2023-01-11,25500,26200,25500,26050,19059,0.027613412228796763
2023-01-12,26050,26100,25500,25650,14801,-0.015355086372360827
2023-01-13,25650,25900,25100,25400,21226,-0.00974658869395717
2023-01-16,25800,25800,25100,25200,9801,-0.007874015748031482
2023-01-17,25200,25300,24650,24650,18502,-0.02182539682539686
2023-01-18,24750,24950,24400,24650,14373,0.0
2023-01-19,24200,24800,24100,24800,16222,0.006085192697768749
2023-01-20,24500,24850,24100,24800,18287,0.0
2023-01-25,24950,25500,24950,25500,22159,0.02822580645161299
2023-01-26,25500,25750,25050,25650,20247,0.00588235294117645
2023-01-27,25650,25750,25250,25450,18240,-0.007797270955165692
2023-01-30,25300,25700,24900,25150,14640,-0.011787819253438081
2023-01-31,25250,25350,24550,24900,43296,-0.00994035785288272
2023-02-01,24700,25600,24700,25550,25799,0.026104417670682833
2023-02-02,25850,26200,25600,25700,29465,0.005870841487279899
2023-02-03,26300,26300,25350,25800,21423,0.0038910505836575737
2023-02-06,25600,25700,24900,25500,22384,-0.011627906976744207
2023-02-07,25500,27550,25350,26800,105147,0.050980392156862786
2023-02-08,26800,27400,26200,26450,28571,-0.013059701492537323
2023-02-09,26450,27200,26000,26850,36441,0.01512287334593565
2023-02-10,26850,26850,25800,25950,39547,-0.03351955307262566
2023-02-13,25800,26150,25450,26000,17406,0.0019267822736031004
2023-02-14,26000,26750,25900,26550,23266,0.02115384615384608
2023-02-15,26350,26950,25800,25800,34834,-0.02824858757062143
2023-02-16,25750,26900,25750,26850,32672,0.04069767441860472
2023-02-17,26550,26900,26200,26500,18371,-0.013035381750465591
2023-02-20,26250,26800,25900,26400,32981,-0.0037735849056603765
2023-02-21,25950,26550,25950,26250,18926,-0.005681818181818232
2023-02-22,26050,26050,25350,25450,34554,-0.030476190476190435
2023-02-23,25700,25800,25300,25550,18026,0.003929273084479323
2023-02-24,25500,25700,24600,25100,41975,-0.017612524461839585
2023-02-27,24750,24750,23850,23900,66953,-0.047808764940239
2023-02-28,23950,24350,23700,24100,29298,0.008368200836819994
2023-03-02,24100,24400,23800,24300,37987,0.008298755186721962
2023-03-03,24350,25050,24050,24850,52661,0.02263374485596703
2023-03-06,25450,28200,25200,28150,377714,0.1327967806841046
2023-03-07,28800,30000,28050,29400,510604,0.04440497335701599
2023-03-08,29350,29700,28500,28600,165132,-0.027210884353741527
2023-03-09,28650,29050,26850,27300,134349,-0.045454545454545414
2023-03-10,26650,27100,26350,26600,49022,-0.02564102564102566
2023-03-13,26150,26850,25800,26500,43211,-0.003759398496240629
2023-03-14,26300,26300,25050,25100,63470,-0.05283018867924527
2023-03-15,25650,26100,25450,25600,50391,0.019920318725099584
2023-03-16,25250,25650,24700,25500,41418,-0.00390625
2023-03-17,25850,25900,25150,25700,28845,0.007843137254901933
2023-03-20,25500,25850,25150,25350,26524,-0.013618677042801508
2023-03-21,25850,26000,24950,25300,35609,-0.0019723865877712132
2023-03-22,25650,26100,24850,25450,93461,0.005928853754940677
2023-03-23,25400,25550,24800,25400,73276,-0.0019646365422396617
2023-03-24,25600,26850,25400,26400,122061,0.03937007874015741
2023-03-27,26850,27200,26100,26500,93400,0.0037878787878788955
2023-03-28,26800,26800,25900,26150,64933,-0.013207547169811318
2023-03-29,26200,28400,26050,27950,196229,0.06883365200764824
2023-03-30,28850,29100,28000,28300,182315,0.012522361359570633
2023-03-31,28650,29000,27750,28000,79086,-0.010600706713780883
2023-04-03,28000,28200,26700,27650,123920,-0.012499999999999956
2023-04-04,27800,30250,27800,29900,384748,0.08137432188065108
2023-04-05,30150,34000,29500,34000,643764,0.1371237458193979
2023-04-06,34350,34550,32500,32700,287703,-0.038235294117647034
2023-04-07,32650,34400,31900,33850,238848,0.03516819571865448
2023-04-10,34500,35000,32550,33100,292706,-0.02215657311669128
2023-04-11,33600,34500,31050,32100,292070,-0.030211480362537735
2023-04-12,32050,32400,30700,30950,170545,-0.03582554517133951
2023-04-13,30700,31150,30100,30600,100282,-0.011308562197092087
2023-04-14,30800,30800,29950,30500,127189,-0.0032679738562091387
2023-04-17,30800,31250,30050,31250,111451,0.024590163934426146
2023-04-18,31200,31200,29450,29900,204680,-0.043200000000000016
2023-04-19,29700,31000,29700,30550,87388,0.021739130434782705
2023-04-20,30150,30400,28250,28650,162536,-0.06219312602291327
2023-04-21,28400,29150,27900,28000,68798,-0.022687609075043635
2023-04-24,27950,28400,27650,28100,35223,0.0035714285714285587
2023-04-25,28100,28400,26500,27050,127907,-0.03736654804270467
2023-04-26,26650,27200,26300,26450,45673,-0.02218114602587795
2023-04-27,26500,27100,25800,26900,62006,0.017013232514177634
2023-04-28,27400,27400,26300,26600,54023,-0.01115241635687736
2023-05-02,27100,31200,26800,30950,392303,0.1635338345864661
2023-05-03,30450,31000,29100,29200,101258,-0.056542810985460434
2023-05-04,28850,29800,28650,29100,47858,-0.003424657534246589
2023-05-08,28900,29900,28250,28550,68963,-0.018900343642611728
2023-05-09,28550,28600,27750,28050,36210,-0.017513134851138368
2023-05-10,28200,28200,27400,27500,21426,-0.019607843137254943
2023-05-11,27650,28200,27150,27400,33320,-0.0036363636363636598
2023-05-12,27400,27600,26900,27200,28818,-0.007299270072992692
2023-05-15,27050,27350,26700,27000,31187,-0.007352941176470562
2023-05-16,28500,29900,28250,28950,226128,0.07222222222222219
2023-05-17,28500,29600,28000,29300,65473,0.012089810017271052
2023-05-18,29400,29850,28100,28200,98701,-0.03754266211604096
2023-05-19,28650,30200,28300,30000,144476,0.06382978723404253
2023-05-22,29650,30200,29150,30000,91155,0.0
2023-05-23,29750,31000,29650,30300,53684,0.010000000000000009
2023-05-24,29550,30800,29550,30250,71247,-0.0016501650165016146
2023-05-25,30450,30850,29450,29600,40985,-0.02148760330578514
2023-05-26,29600,30450,29350,29500,26178,-0.0033783783783783994
2023-05-30,29650,30150,29400,29800,48549,0.01016949152542379
2023-05-31,29800,30050,29100,29100,27525,-0.023489932885906062
2023-06-01,29100,29650,28800,29400,63062,0.010309278350515427
2023-06-02,29350,29800,28950,29600,45564,0.006802721088435382
2023-06-05,30000,31500,29850,31000,121483,0.04729729729729737
2023-06-07,31100,31200,30250,30450,46223,-0.01774193548387093
2023-06-08,30650,30650,29650,30050,60449,-0.013136288998357948
2023-06-09,30100,30400,29750,30100,54300,0.0016638935108153063
2023-06-12,30500,30850,30050,30350,47263,0.008305647840531671
2023-06-13,30800,31100,30400,30650,59674,0.009884678747940745
2023-06-14,30850,31250,29450,29700,68898,-0.030995106035889064
2023-06-15,29750,30250,29100,29650,101478,-0.0016835016835017313
2023-06-16,29800,30200,28450,28750,105139,-0.030354131534570006
2023-06-19,28750,28750,27600,28050,122905,-0.024347826086956514
2023-06-20,28200,28200,27250,27800,80264,-0.0089126559714795
2023-06-21,27850,28050,27500,27550,48168,-0.008992805755395739
2023-06-22,27500,28550,27200,28100,69311,0.019963702359346636
2023-06-23,28300,28300,27200,27400,60894,-0.02491103202846978
2023-06-26,27200,28250,26800,28100,52743,0.025547445255474477
2023-06-27,27950,28200,27600,27900,45208,-0.007117437722419906
2023-06-28,27950,28200,27200,27350,48825,-0.01971326164874554
2023-06-29,27650,27650,27050,27200,28671,-0.005484460694698323
2023-06-30,27450,27950,26550,27850,36027,0.023897058823529438
2023-07-03,28150,28500,27750,28200,56024,0.012567324955116588
2023-07-04,28100,28200,27700,28000,26372,-0.007092198581560294
2023-07-05,28100,28400,27700,27900,38557,-0.0035714285714285587
2023-07-06,27800,27800,26300,26300,70258,-0.05734767025089604
2023-07-07,26250,26250,25500,26000,53745,-0.011406844106463865
2023-07-10,26050,26750,25350,26200,67641,0.007692307692307665
2023-07-11,26150,26900,26050,26350,34492,0.005725190839694694
2023-07-12,26500,27600,26450,27250,60729,0.034155597722960174
2023-07-13,27750,27850,26800,27300,42555,0.0018348623853210455
2023-07-14,27300,27500,27050,27350,30340,0.001831501831501825
2023-07-17,27500,28250,27050,27800,83731,0.01645338208409508
2023-07-18,28200,28200,27150,27300,39923,-0.017985611510791366
2023-07-19,27150,27500,26900,27300,24619,0.0
2023-07-20,27050,27600,26550,27250,25113,-0.001831501831501825
2023-07-21,26850,26950,26450,26700,74351,-0.020183486238532056
2023-07-24,26950,27050,26300,26950,30813,0.009363295880149725
2023-07-25,26950,27500,26350,27300,58568,0.01298701298701288
2023-07-26,27300,27300,25650,25900,94041,-0.05128205128205132
2023-07-27,26200,26550,25800,26100,56848,0.007722007722007707
2023-07-28,26350,27150,26050,26900,32803,0.03065134099616862
2023-07-31,27050,27500,26800,27050,37768,0.005576208178438735
2023-08-01,26950,27250,26800,27100,25843,0.001848428835489857
2023-08-02,27150,27200,26300,26700,36305,-0.014760147601476037
2023-08-03,26650,26650,25850,26450,32957,-0.009363295880149836
2023-08-04,26200,26500,26000,26200,25257,-0.009451795841209809
2023-08-07,25900,26250,25550,25600,38534,-0.022900763358778664
2023-08-08,26000,26050,24900,24900,53198,-0.02734375
2023-08-09,24750,25500,24750,25150,22878,0.010040160642570184
2023-08-10,25450,26200,25150,25850,29611,0.027833001988071482
2023-08-11,25600,25900,25350,25450,18230,-0.015473887814313358
2023-08-14,25450,25500,24850,25000,23786,-0.017681728880157177
2023-08-16,26450,32500,26300,32500,983233,0.30000000000000004
2023-08-17,34700,34800,28300,29000,1075132,-0.10769230769230764
2023-08-18,28800,32850,28500,29950,710766,0.03275862068965507
2023-08-21,30150,32550,30150,31700,402124,0.058430717863105164
2023-08-22,32150,33000,31400,32300,216643,0.018927444794952786
2023-08-23,32800,39350,32750,36700,1529515,0.13622291021671828
2023-08-24,36700,39950,36400,39050,583954,0.06403269754768393
2023-08-25,38300,38300,36050,36600,285971,-0.06274007682458382
2023-08-28,37000,37300,34750,36400,192186,-0.005464480874316946
2023-08-29,36150,38300,35650,38200,241314,0.0494505494505495
2023-08-30,38300,38800,36950,37950,225520,-0.00654450261780104
2023-08-31,37900,40750,37550,39100,330655,0.030303030303030276
2023-09-01,38700,41000,38700,40900,196646,0.04603580562659837
2023-09-04,40600,40700,37700,39700,261974,-0.02933985330073352
2023-09-05,39400,40450,38300,39650,107009,-0.0012594458438287548
2023-09-06,39500,40100,35900,36450,276782,-0.08070617906683486
2023-09-07,36450,36750,35050,35350,173100,-0.03017832647462282
2023-09-08,35400,35500,34250,35050,122348,-0.008486562942008447
2023-09-11,35050,35250,32650,33050,266943,-0.05706134094151216
2023-09-12,33300,33800,32500,32950,94514,-0.00302571860816947
2023-09-13,32700,33200,31250,31800,129875,-0.03490136570561453
2023-09-14,31900,32550,31650,31850,98257,0.0015723270440251014
2023-09-15,32000,33350,31850,33250,116417,0.04395604395604402
2023-09-18,33200,35000,32000,34850,189770,0.048120300751879785
2023-09-19,34750,34750,32500,33450,134937,-0.04017216642754662
2023-09-20,33450,34400,32300,32950,116332,-0.014947683109118093
2023-09-21,32400,32800,31450,31850,77463,-0.03338391502276172
2023-09-22,31050,31700,30800,31500,95831,-0.01098901098901095
2023-09-25,31500,31500,30300,30550,83400,-0.030158730158730163
2023-09-26,30450,31000,29600,29900,81425,-0.021276595744680882
2023-09-27,29600,29850,28800,29150,89002,-0.025083612040133763
2023-10-04,29100,29100,27200,27600,141785,-0.053173241852487174
2023-10-05,28150,28450,27450,27550,95561,-0.0018115942028985588
2023-10-06,27550,28250,26500,27450,56492,-0.003629764065335772
2023-10-10,27900,28200,26800,26950,88429,-0.01821493624772308
2023-10-11,27800,29500,27750,28750,125139,0.06679035250463827
2023-10-12,29250,29500,28200,29150,72408,0.013913043478260834
2023-10-13,29000,29800,28500,29300,80028,0.005145797598627766
2023-10-16,29500,31150,28950,30450,193606,0.03924914675767921
2023-10-17,30550,31750,30500,31100,109204,0.021346469622331776
2023-10-18,35100,37200,32300,33300,879357,0.07073954983922826
2023-10-19,32300,36800,32000,35300,525533,0.06006006006006004
2023-10-20,34500,37300,32450,36500,461851,0.03399433427762033
2023-10-23,36200,37000,34800,35150,201245,-0.03698630136986303
2023-10-24,36100,36250,33250,35700,261850,0.01564722617354186
2023-10-25,35750,36250,32900,33250,266022,-0.06862745098039214
2023-10-26,32350,33350,30300,31200,335390,-0.06165413533834585
2023-10-27,31250,34550,31250,34100,309640,0.09294871794871784
2023-10-30,34000,34700,33550,34050,110718,-0.0014662756598240456
2023-10-31,34100,34100,32100,32600,154683,-0.042584434654919234
2023-11-01,33200,34050,32350,32400,127682,-0.006134969325153339
2023-11-02,32750,34450,32750,33950,135764,0.04783950617283961
2023-11-03,34800,34850,32600,34000,154334,0.0014727540500736325
2023-11-06,35900,36450,33650,35850,298115,0.05441176470588238
2023-11-07,35700,35750,33200,33950,179507,-0.05299860529986056
2023-11-08,34250,35150,33600,33700,84200,-0.007363770250368162
2023-11-09,34000,34900,33200,33550,92677,-0.004451038575667643
2023-11-10,33050,33050,31350,32100,143807,-0.0432190760059612
2023-11-13,32300,33050,31050,32600,100164,0.015576323987538832
2023-11-14,32250,33200,32200,32550,83741,-0.0015337423312883347
2023-11-15,34200,40500,33550,39450,1136358,0.21198156682027647
2023-11-16,39100,39950,37200,37300,289584,-0.05449936628643848
2023-11-17,37300,37950,36300,36600,194071,-0.018766756032171594
2023-11-20,36050,36900,35900,36500,115632,-0.002732240437158473
2023-11-21,36450,36900,35300,36300,145094,-0.005479452054794498
2023-11-22,35800,36500,35750,36100,54240,-0.0055096418732781816
2023-11-23,36050,37000,35400,36800,110159,0.01939058171745156
2023-11-24,36950,37250,36200,36300,60333,-0.013586956521739135
2023-11-27,36650,36650,35200,35350,99822,-0.026170798898071612
2023-11-28,35400,36700,35150,36500,67512,0.032531824611032434
2023-11-29,36650,36700,35450,35800,62536,-0.019178082191780854
2023-11-30,35800,36800,35200,35650,92648,-0.0041899441340782495
2023-12-01,35300,37000,35200,36500,110076,0.02384291725105192
2023-12-04,40900,43800,39750,42300,1153173,0.1589041095890411
2023-12-05,42000,43400,39900,40200,377740,-0.049645390070921946
2023-12-06,40200,41600,39500,40800,158341,0.014925373134328401
2023-12-07,40650,42700,39700,42000,172268,0.02941176470588225
2023-12-08,42500,44350,41400,43600,263356,0.03809523809523818
2023-12-11,43950,44300,42950,43900,143234,0.006880733944954143
2023-12-12,43550,44800,42200,44300,158511,0.009111617312072884
2023-12-13,43600,44500,41150,41200,193765,-0.0699774266365688
2023-12-14,41900,42900,41000,42650,128837,0.03519417475728148
2023-12-15,43500,46300,42850,45950,458720,0.0773739742086752
2023-12-18,45950,49500,44850,47550,403586,0.03482045701849845
2023-12-19,47250,48900,45800,45950,262397,-0.03364879074658256
2023-12-20,46400,48350,44600,45300,174513,-0.014145810663764968
2023-12-21,44450,46500,44000,46300,182850,0.02207505518763786
2023-12-22,46800,47300,45650,46000,113357,-0.006479481641468721
2023-12-26,45450,45450,43050,43500,234238,-0.05434782608695654
2023-12-27,43550,45150,43400,44050,115315,0.012643678160919603
2023-12-28,44050,44850,43800,44350,80405,0.006810442678774065
2024-01-02,44050,45050,43200,44350,158232,0.0
2024-01-03,43300,43850,41000,42000,213627,-0.0529875986471251
2024-01-04,41200,42400,41200,41800,98042,-0.004761904761904745
2024-01-05,41850,42550,41400,42300,94495,0.011961722488038173
2024-01-08,42600,42700,41450,42100,70541,-0.004728132387706863
2024-01-09,42500,43600,42100,43350,81016,0.029691211401425166
2024-01-10,43350,43650,41400,42450,126382,-0.02076124567474047
2024-01-11,42050,42600,40750,40750,118324,-0.0400471142520612
2024-01-12,40500,41150,39900,40550,71823,-0.004907975460122671
2024-01-15,40200,42700,40050,42100,120817,0.038224414303329235
2024-01-16,41500,43650,41450,41950,106491,-0.0035629453681710332
2024-01-17,41700,42000,39950,40300,110653,-0.03933253873659115
2024-01-18,40700,44200,39900,43200,201789,0.07196029776674928
2024-01-19,43650,47700,42650,44000,554613,0.0185185185185186
2024-01-22,44200,44300,40150,40450,274393,-0.08068181818181819
2024-01-23,40100,42150,40100,41050,151149,0.014833127317676054
2024-01-24,41700,43050,40350,40750,163103,-0.0073081607795371095
2024-01-25,40200,40450,38900,39650,161464,-0.026993865030674802
2024-01-26,38500,39650,37300,38250,294168,-0.035308953341740223
2024-01-29,38850,41650,38300,39550,279611,0.033986928104575265
2024-01-30,39600,41950,39200,40400,165944,0.02149178255372952
2024-01-31,40000,42500,39300,41300,188882,0.022277227722772297
2024-02-01,40700,43650,39850,42900,267244,0.03874092009685226
2024-02-02,43900,46400,43100,45950,291090,0.07109557109557119
2024-02-05,46800,48150,44150,45000,259711,-0.020674646354733373
2024-02-06,44450,55000,44350,53700,2396298,0.19333333333333336
2024-02-07,53100,54500,49500,49600,859424,-0.07635009310986962
2024-02-08,49900,51900,47300,49350,623975,-0.005040322580645129
2024-02-13,50300,56700,50200,55000,924470,0.11448834853090162
2024-02-14,55700,67700,54600,64500,2927323,0.17272727272727262
2024-02-15,66000,69900,64200,66700,1000980,0.03410852713178292
2024-02-16,68900,74100,64600,65600,1011549,-0.016491754122938573
2024-02-19,63200,69700,63100,65700,895276,0.0015243902439023849
2024-02-20,73200,85400,72200,85400,4390533,0.29984779299847797
2024-02-21,82800,87800,74600,79000,1658925,-0.07494145199063229
2024-02-22,79000,79800,72000,75000,920151,-0.05063291139240511
2024-02-23,73500,77200,69400,70800,723263,-0.05600000000000005
2024-02-26,69700,72000,66900,70900,493016,0.0014124293785311437
2024-02-27,71000,74400,68000,71300,521191,0.005641748942172065
2024-02-28,69400,71500,66600,69000,408706,-0.032258064516129004
2024-02-29,69900,72900,67700,69700,465457,0.010144927536231974
2024-03-04,69700,74000,69100,71100,488555,0.020086083213773254
2024-03-05,70600,71500,68300,68900,272504,-0.030942334739803123
2024-03-06,69500,72400,67500,69400,338744,0.007256894049346929
2024-03-07,69300,69400,63100,64000,569531,-0.0778097982708934
2024-03-08,64000,64800,60300,61300,423946,-0.042187500000000044
2024-03-11,60100,62000,59500,61200,343107,-0.0016313213703099683
2024-03-12,61900,62000,58500,60400,211949,-0.013071895424836555
2024-03-13,60700,60700,58500,59100,192306,-0.021523178807947074
2024-03-14,59100,59600,57700,58100,131756,-0.016920473773265665
2024-03-15,57500,58700,57000,58200,148261,0.001721170395869276
2024-03-18,59000,60400,58600,59400,186494,0.020618556701030855
2024-03-19,60200,60200,57600,58500,113691,-0.015151515151515138
2024-03-20,59000,62200,58700,60800,292655,0.0393162393162394
2024-03-21,61100,61800,58800,58800,238802,-0.03289473684210531
2024-03-22,58600,59400,57300,58100,131540,-0.011904761904761862
2024-03-25,58300,60100,57300,58500,135752,0.0068846815834766595
2024-03-26,58300,61400,57800,59300,205940,0.013675213675213627
2024-03-27,60500,61100,58500,59900,133227,0.010118043844856706
2024-03-28,59900,61700,58800,59700,156609,-0.0033388981636059967
2024-03-29,60000,60200,57200,57400,153620,-0.038525963149078746
2024-04-01,57400,60500,56900,59700,166522,0.04006968641114983
2024-04-02,59700,60400,57600,58000,106362,-0.028475711892797295
2024-04-03,56800,65300,56700,62800,1046101,0.08275862068965512
2024-04-04,62900,67900,62000,64600,624295,0.02866242038216571
2024-04-05,64200,65400,60600,64300,301353,-0.004643962848297267
2024-04-08,64000,66900,53200,53600,778271,-0.16640746500777603
2024-04-09,53600,55900,50700,53000,532642,-0.011194029850746245
2024-04-11,51500,54900,51300,54900,210139,0.03584905660377369
2024-04-12,53800,58300,53800,56200,276040,0.023679417122040025
2024-04-15,54800,55400,51100,51600,218680,-0.08185053380782914
2024-04-16,51100,51900,49250,49750,185487,-0.035852713178294526
2024-04-17,49900,51100,48450,48700,168193,-0.021105527638190957
2024-04-18,49050,50100,48000,49100,121616,0.008213552361396204
2024-04-19,48500,48500,46400,47050,187204,-0.0417515274949084
2024-04-22,46650,47550,45550,46600,173027,-0.009564293304994642
2024-04-23,47100,48400,46200,46400,121821,-0.0042918454935622075
2024-04-24,47550,51900,47550,50700,238979,0.09267241379310343
2024-04-25,49950,51600,49550,50800,95269,0.0019723865877712132
2024-04-26,51000,53200,50000,50600,157334,-0.003937007874015741
2024-04-29,49800,57700,49600,57100,334683,0.12845849802371534
2024-04-30,58200,59900,55700,57500,196653,0.007005253940455258
2024-05-02,56900,62400,56600,61000,298890,0.0608695652173914
2024-05-03,61200,69900,61200,67400,935588,0.10491803278688527
2024-05-07,68800,72800,63100,71600,743844,0.06231454005934722
2024-05-08,71300,73900,67700,68300,314434,-0.0460893854748603
2024-05-09,67600,74000,65700,73300,633152,0.07320644216691075
2024-05-10,73300,74500,67300,69900,368386,-0.04638472032742158
2024-05-13,69500,72500,68000,69300,226632,-0.008583690987124415
2024-05-14,69500,84900,69500,80600,1303532,0.16305916305916313
2024-05-16,82500,88700,80300,85200,777845,0.05707196029776673
2024-05-17,82500,83000,66900,67300,885268,-0.210093896713615
2024-05-20,68000,69200,64300,66400,441011,-0.013372956909361022
2024-05-21,66000,67100,63900,64600,290721,-0.027108433734939763
2024-05-22,64300,68200,63700,66700,285339,0.03250773993808043
2024-05-23,66200,67700,64500,64700,152553,-0.02998500749625188
2024-05-24,63900,64300,60400,61300,311553,-0.05255023183925811
2024-05-27,60800,61100,58900,60400,286772,-0.014681892332789603
2024-05-28,60900,67000,60400,64200,487407,0.0629139072847682
2024-05-29,64500,66900,62700,63200,226347,-0.015576323987538943
2024-05-30,64700,67400,63300,64000,225714,0.012658227848101333
2024-05-31,64900,69900,64300,69900,301139,0.09218750000000009
2024-06-03,70000,70500,65800,67500,221861,-0.03433476394849788
2024-06-04,71400,82800,70000,79000,1363801,0.17037037037037028
2024-06-05,78000,80500,74900,78100,461166,-0.011392405063291089
2024-06-07,78600,83800,76900,79900,487916,0.023047375160051287
2024-06-10,79900,93200,79600,89500,1030279,0.12015018773466823
2024-06-11,90600,91900,87800,88800,360545,-0.007821229050279377
2024-06-12,90000,91200,76100,77000,976727,-0.13288288288288286
2024-06-13,77500,82200,77300,79600,494705,0.033766233766233666
2024-06-14,79100,81000,76700,77100,252023,-0.031407035175879394
2024-06-17,76300,77800,73000,73700,231862,-0.04409857328145261
2024-06-18,74500,74600,72100,72500,174251,-0.016282225237449155
2024-06-19,73400,80900,72800,78600,461502,0.08413793103448275
2024-06-20,80800,80800,76900,78400,190564,-0.0025445292620864812
2024-06-21,77600,78300,72500,73300,258447,-0.06505102040816324
2024-06-24,73400,76400,71300,71600,229285,-0.023192360163710735
2024-06-25,71200,73800,69100,69800,220747,-0.025139664804469275
2024-06-26,70700,71000,67500,68400,186372,-0.02005730659025784
2024-06-27,67600,70500,67600,68900,128479,0.007309941520467822
2024-06-28,69400,69600,66400,67000,179844,-0.027576197387518153
2024-07-01,66400,70800,65400,70200,198588,0.047761194029850795
2024-07-02,70800,73300,68300,68900,219700,-0.01851851851851849
2024-07-03,70000,71000,66900,68700,156000,-0.002902757619738794
2024-07-04,72600,80500,72400,79000,1188710,0.14992721979621537
2024-07-05,78200,84000,76100,81400,597639,0.030379746835442978
2024-07-08,87800,87800,75500,76400,579963,-0.061425061425061434
2024-07-09,76800,81500,76700,79000,348412,0.03403141361256545
2024-07-10,78900,78900,73300,74400,357735,-0.0582278481012658
2024-07-11,75500,75500,71400,72400,240420,-0.026881720430107503
2024-07-12,71000,73200,69700,70700,210880,-0.023480662983425438
2024-07-15,69700,70400,68300,69100,191483,-0.022630834512022635
2024-07-16,68300,68700,65200,65400,255481,-0.05354558610709115
2024-07-17,65900,68200,63700,64300,253938,-0.016819571865443472
2024-07-18,63000,63400,61000,62200,272125,-0.03265940902021769
2024-07-19,62300,62800,59500,61400,167921,-0.012861736334405127
2024-07-22,61400,61700,56200,57200,272271,-0.0684039087947883
2024-07-23,58600,59100,56600,57500,143351,0.005244755244755206
2024-07-24,56300,60600,56300,57200,152466,-0.00521739130434784
2024-07-25,55600,57700,55400,56200,126967,-0.0174825174825175
2024-07-26,56200,57900,54500,56300,110813,0.001779359430605032
2024-07-29,56500,57000,54500,55500,107486,-0.014209591474245165
2024-07-30,55300,55700,53500,54100,162304,-0.02522522522522519
2024-07-31,53700,54900,52200,54700,160788,0.01109057301293892
2024-08-01,55900,56400,53600,54400,135753,-0.005484460694698323
2024-08-02,52300,53100,50400,50900,123263,-0.06433823529411764
2024-08-05,48600,49200,42350,44350,290941,-0.1286836935166994
2024-08-06,44350,49400,44350,48900,235263,0.10259301014656153
2024-08-07,48100,49850,48100,48200,90223,-0.014314928425357865
2024-08-08,47000,48050,46050,47050,69931,-0.023858921161825752
2024-08-09,49000,50600,48200,50000,108726,0.06269925611052063
2024-08-12,50100,52200,49700,50400,71966,0.008000000000000007
2024-08-13,50400,51100,49100,50300,59110,-0.001984126984126977
2024-08-14,51300,55300,50800,52600,195929,0.045725646123260466
2024-08-16,55600,60300,55100,56600,327713,0.07604562737642584
2024-08-19,57200,57700,53300,53600,132634,-0.05300353356890464
2024-08-20,54600,55700,53300,55000,96411,0.026119402985074647
2024-08-21,53800,55100,53400,53500,72606,-0.027272727272727226
2024-08-22,54100,56300,53200,53300,119010,-0.0037383177570093906
2024-08-23,52200,53400,51600,52600,62983,-0.013133208255159512
2024-08-26,53700,54400,51900,52100,69165,-0.009505703422053258
2024-08-27,51600,52400,50300,51600,48411,-0.009596928982725572
2024-08-28,52300,52500,50500,50800,57012,-0.015503875968992276
2024-08-29,49700,53500,49650,52100,75159,0.025590551181102317
2024-08-30,52300,55200,52300,55100,111532,0.05758157389635321
2024-09-02,56200,57300,54800,56000,143216,0.016333938294010864
2024-09-03,56700,56700,53900,54000,61845,-0.0357142857142857
2024-09-04,51900,52800,50500,51100,95651,-0.0537037037037037
2024-09-05,51200,51900,48200,48900,102800,-0.043052837573385516
2024-09-06,48500,48850,46050,46700,134228,-0.04498977505112478
2024-09-09,45000,47350,45000,46750,71298,0.0010706638115631772
2024-09-10,47450,48550,45800,46100,56225,-0.013903743315508033
2024-09-11,46050,47500,46000,46850,71124,0.01626898047722336
2024-09-12,48150,51600,48150,51100,100966,0.09071504802561359
2024-09-13,51100,51600,49350,50600,66221,-0.009784735812133127
2024-09-19,51400,52300,50300,51000,67042,0.007905138339920903
2024-09-20,52200,53200,50600,51200,64912,0.0039215686274509665
2024-09-23,50600,53500,50400,53000,68422,0.03515625
2024-09-24,53400,57800,52900,57300,183016,0.0811320754716982
2024-09-25,57500,58500,56100,56300,116005,-0.017452006980802848
2024-09-26,57100,59400,56300,58400,105086,0.03730017761989335
2024-09-27,58500,58600,57100,58600,68800,0.003424657534246478
2024-09-30,59900,59900,55600,56000,107116,-0.04436860068259385
2024-10-02,54100,60500,54100,58800,133468,0.050000000000000044
2024-10-04,58800,59800,56200,58100,107299,-0.011904761904761862
2024-10-07,58500,60600,57500,59200,121273,0.018932874354561147
2024-10-08,58600,60300,58100,59300,78853,0.0016891891891892552
2024-10-10,60400,60400,57500,58000,119647,-0.021922428330522714
2024-10-11,58000,58700,55500,57300,95236,-0.012068965517241348
2024-10-14,56400,57800,55100,55900,72792,-0.024432809773123898
2024-10-15,56700,57400,53700,54300,113779,-0.028622540250447193
2024-10-16,54500,54800,52700,53700,72319,-0.011049723756906049
2024-10-17,53700,54500,52800,53200,55586,-0.009310986964618295
2024-10-18,52700,53000,50500,51500,96357,-0.03195488721804507
2024-10-21,51300,51800,50700,50700,90423,-0.01553398058252431
2024-10-22,50800,51000,48550,48600,95881,-0.041420118343195256
2024-10-23,49100,49700,47900,49400,85271,0.016460905349794164
2024-10-24,49850,50300,47600,47750,54263,-0.0334008097165992
2024-10-25,48350,49150,47150,47500,45127,-0.005235602094240788
2024-10-28,47500,51000,47400,50800,83195,0.06947368421052635
2024-10-29,50800,50800,49150,50100,39214,-0.013779527559055094
2024-10-30,50000,50900,49200,49200,38852,-0.017964071856287456
2024-10-31,48450,49300,47950,49150,54011,-0.00101626016260159
2024-11-01,48100,51500,47900,49100,64001,-0.0010172939979654627
2024-11-04,50000,51500,48700,51000,73120,0.0386965376782078
2024-11-05,50800,50800,49600,50000,28591,-0.019607843137254943
2024-11-06,50900,50900,46300,47350,128409,-0.05300000000000005
2024-11-07,46850,47250,44000,45000,148601,-0.0496304118268216
2024-11-08,45350,46750,44750,45000,64851,0.0
2024-11-11,44600,45800,42550,43200,87303,-0.040000000000000036
2024-11-12,43200,43200,40000,41800,123102,-0.03240740740740744
2024-11-13,41650,41900,39650,39850,88119,-0.046650717703349276
2024-11-14,39650,40600,38150,38150,88221,-0.042659974905897124
2024-11-15,36000,37400,34600,36500,200697,-0.04325032765399739
2024-11-18,36500,38000,36250,36850,79232,0.009589041095890316
2024-11-19,36900,37550,36300,36850,61096,0.0
2024-11-20,37000,38000,36600,37100,61853,0.006784260515603879
2024-11-21,37100,37700,36550,37250,43018,0.0040431266846361336
2024-11-22,37350,38700,37200,37600,48970,0.00939597315436247
2024-11-25,38000,40200,37800,40100,72365,0.0664893617021276
2024-11-26,40100,41400,38700,39500,70610,-0.014962593516209433
2024-11-27,39500,39900,38800,39100,67480,-0.010126582278481067
2024-11-28,39550,39550,37800,37950,43486,-0.02941176470588236
2024-11-29,37850,37850,35400,35800,72768,-0.0566534914361001
2024-12-02,35900,37150,34000,35050,95546,-0.020949720670391025
2024-12-03,35000,37250,35000,36850,75739,0.051355206847360835
2024-12-04,35500,36800,35250,35250,58602,-0.04341926729986434
2024-12-05,35200,37150,35000,35950,82776,0.019858156028368823
2024-12-06,36250,37550,34850,35550,113309,-0.011126564673157202
2024-12-09,34600,36000,34000,34000,114561,-0.043600562587904346
2024-12-10,34300,37450,34300,36800,87288,0.08235294117647052
2024-12-11,36500,38200,36500,37350,68028,0.014945652173913082
2024-12-12,38100,40200,37200,39200,110656,0.04953145917001334
2024-12-13,39200,39650,38200,39000,71889,-0.005102040816326481
2024-12-16,39050,39950,38650,39900,52962,0.023076923076922995
2024-12-17,40000,40000,38800,39700,63241,-0.005012531328320802
2024-12-18,39400,40400,39200,40100,56814,0.010075566750629816
2024-12-19,39200,39550,38500,39000,43881,-0.027431421446383997
2024-12-20,38750,39000,36900,37050,73963,-0.050000000000000044
2024-12-23,37100,41350,37000,41000,88214,0.10661268556005399
2024-12-24,41500,41500,38400,38500,72031,-0.060975609756097615
2024-12-26,38750,39000,37450,37850,38679,-0.016883116883116833
2024-12-27,37350,38100,36350,36650,43678,-0.031704095112285335
2024-12-30,36350,36600,35600,36100,46940,-0.01500682128240105
2025-01-02,35750,35850,34650,35450,49363,-0.018005540166205036
2025-01-03,35100,37950,35100,37350,57720,0.05359661495063461
2025-01-06,37350,39400,37250,38700,55893,0.03614457831325302
2025-01-07,39000,39200,37850,38000,44521,-0.018087855297157618
2025-01-08,37000,39200,37000,39100,47709,0.02894736842105261
2025-01-09,38700,40050,38200,38550,40537,-0.014066496163682829
2025-01-10,38550,39000,37900,38700,31618,0.0038910505836575737
2025-01-13,38100,38750,37400,37450,29051,-0.03229974160206717
2025-01-14,37400,38850,37400,38600,32753,0.030707610146862407
2025-01-15,38650,39250,37700,37700,38602,-0.023316062176165775
2025-01-16,38500,39100,38250,38300,32425,0.01591511936339529
2025-01-17,37800,38650,37800,38500,23156,0.005221932114882533
2025-01-20,38200,39700,38200,39450,44324,0.024675324675324628
2025-01-21,39450,39450,36100,36800,103267,-0.06717363751584282
2025-01-22,37000,37450,36200,37050,45519,0.006793478260869623
2025-01-23,37050,37050,35800,35900,41842,-0.031039136302294157
2025-01-24,35950,36650,35400,35450,48114,-0.012534818941504211
2025-01-31,35400,35700,34600,34750,42942,-0.019746121297602226
2025-02-03,33950,34300,31750,32050,90168,-0.07769784172661875
2025-02-04,32700,33300,32200,32300,47785,0.007800312012480548
2025-02-05,32300,33450,32300,33200,36315,0.02786377708978338
2025-02-06,33250,33500,32600,33150,41739,-0.001506024096385561
2025-02-07,33000,34050,32500,33300,58517,0.004524886877828038
2025-02-10,32750,33900,30500,33900,81481,0.018018018018018056
2025-02-11,33850,34300,33200,33650,63049,-0.007374631268436627
2025-02-12,33600,34100,33150,33950,27705,0.008915304606240682
2025-02-13,34000,35400,34000,35350,68916,0.04123711340206193
2025-02-14,35550,35700,34300,34900,46566,-0.012729844413012725
2025-02-17,35000,36350,34400,35500,71948,0.017191977077363862
2025-02-18,35600,35600,34500,34600,58008,-0.025352112676056304
2025-02-19,34300,36600,34050,36050,162021,0.041907514450867156
2025-02-20,35700,39700,35500,37800,324403,0.04854368932038833
2025-02-21,37450,38550,36600,37950,104032,0.003968253968253954
2025-02-24,37100,38600,37100,38100,74108,0.0039525691699604515
2025-02-25,37500,37900,36300,36650,76844,-0.03805774278215224
2025-02-26,36300,37450,36150,37200,42561,0.01500682128240105
2025-02-27,37200,37400,35200,35400,88366,-0.048387096774193505
2025-02-28,34650,35000,32700,32700,207844,-0.07627118644067798
2025-03-04,32000,32300,31100,31800,84484,-0.02752293577981646
2025-03-05,31550,32350,31100,31500,100276,-0.009433962264150941
2025-03-06,31850,32150,30800,30900,83084,-0.01904761904761909
2025-03-07,30750,31850,30550,31300,49995,0.012944983818770295
2025-03-10,31250,31600,30900,31300,38706,0.0
2025-03-11,30600,31000,30000,30850,56642,-0.014376996805111841
2025-03-12,31000,31900,30750,31650,39490,0.025931928687196182
2025-03-13,31950,32100,30700,30700,55865,-0.03001579778830965
2025-03-14,31000,32100,30650,31750,50228,0.03420195439739415
2025-03-17,32150,32600,31850,32400,51985,0.020472440944881987
2025-03-18,32200,33150,31450,31650,66029,-0.02314814814814814
2025-03-19,31950,32600,31600,32550,41077,0.028436018957346043
2025-03-20,32700,33200,32350,32450,42931,-0.003072196620583667
2025-03-21,32450,33350,31850,32600,54739,0.0046224961479199855
2025-03-24,32400,32450,31850,32050,27238,-0.016871165644171793
2025-03-25,32250,32400,31050,31200,34959,-0.026521060842433664
2025-03-26,31300,31900,31050,31750,23178,0.017628205128205066
2025-03-27,31300,31450,30500,30900,28341,-0.026771653543307128
2025-03-28,30750,31300,29650,29700,60412,-0.03883495145631066
2025-03-31,28800,29500,27600,27750,75783,-0.06565656565656564
2025-04-01,27850,29400,27850,29400,35047,0.05945945945945952
2025-04-02,29050,29700,28150,28550,27798,-0.028911564625850317
2025-04-03,27500,28300,27450,27550,69032,-0.035026269702276736
2025-04-04,26700,28500,26700,28000,120152,0.016333938294010864
2025-04-07,26500,26950,25250,25400,87537,-0.09285714285714286
2025-04-08,26250,26350,25750,25900,37883,0.019685039370078705
2025-04-09,25300,25900,25050,25350,35973,-0.021235521235521193
2025-04-10,26700,27700,26450,27550,91053,0.08678500986193294
2025-04-11,26950,27950,26550,27950,66339,0.014519056261343088
2025-04-14,28800,28800,27650,28150,33112,0.007155635062611854
2025-04-15,28250,29450,28000,29200,46116,0.03730017761989335
2025-04-16,30000,30650,29450,30250,79490,0.03595890410958913
2025-04-17,30000,30850,29850,30700,37785,0.014876033057851235
2025-04-18,30600,30850,30050,30500,37384,-0.006514657980456029
2025-04-21,30350,30900,30100,30600,30419,0.003278688524590123
2025-04-22,30500,30900,30450,30650,21183,0.0016339869281045694
2025-04-23,31150,32000,31000,31900,38878,0.040783034257748874
2025-04-24,32050,32050,31250,31500,29269,-0.01253918495297801
2025-04-25,31550,32350,31550,31950,24741,0.014285714285714235
2025-04-28,31950,32250,31450,31500,45019,-0.014084507042253502
2025-04-29,31900,32050,31450,31700,36297,0.006349206349206327
2025-04-30,31500,32000,31000,31250,36411,-0.014195583596214534
2025-05-02,30750,32150,30550,31600,36009,0.011200000000000099
2025-05-07,32000,32000,31050,31650,34212,0.0015822784810126667
2025-05-08,31400,32600,31400,32300,31062,0.020537124802527673
2025-05-09,32050,32350,31400,31650,33068,-0.020123839009287936
2025-05-12,31650,31950,31050,31650,49488,0.0
2025-05-13,32200,33300,31800,32650,53235,0.03159557661927326
2025-05-14,32600,33100,32500,32700,40433,0.0015313935681469104
2025-05-15,32250,33000,31550,31800,47669,-0.02752293577981646
2025-05-16,32600,32600,31550,32400,45196,0.018867924528301883
2025-05-19,31600,32400,30500,30550,53081,-0.0570987654320988
2025-05-20,30550,31250,29300,29300,44242,-0.04091653027823239
2025-05-21,29000,29900,28700,28850,30472,-0.015358361774744034
2025-05-22,28500,28850,28000,28450,19673,-0.013864818024263426
2025-05-23,28800,28800,27650,27950,20685,-0.017574692442882234
2025-05-26,28050,28950,27850,28200,16744,0.008944543828264706
2025-05-27,27850,28400,27000,27250,26287,-0.03368794326241131
2025-05-28,27650,28950,27400,28750,32969,0.05504587155963292
2025-05-29,29250,29500,28350,29300,24269,0.019130434782608674
2025-05-30,28850,29800,28650,29250,13362,-0.0017064846416382506
2025-06-02,29250,29850,29150,29550,17786,0.01025641025641022
2025-06-04,30950,36900,30750,35950,262868,0.21658206429780025
2025-06-05,35700,36750,35050,36000,82405,0.0013908205841446364
2025-06-09,36300,36650,35150,36000,50543,0.0
2025-06-10,36000,36050,34450,34800,40029,-0.033333333333333326
2025-06-11,35100,35950,34100,35450,38032,0.018678160919540332
2025-06-12,35900,36800,35350,35850,55057,0.01128349788434413
2025-06-13,35700,35800,33750,33750,52777,-0.05857740585774063
2025-06-16,33750,34300,33000,33550,33399,-0.00592592592592589
2025-06-17,34100,39650,34100,39050,335415,0.16393442622950816
2025-06-18,39300,41600,38500,41150,183152,0.05377720870678626
2025-06-19,41250,41500,39650,40050,109265,-0.026731470230862753
