Date,Open,High,Low,Close,Volume,Change
2022-01-03,5440,5980,5430,5810,243891,0.06998158379373853
2022-01-04,5820,6070,5760,6000,140607,0.03270223752151469
2022-01-05,6020,6080,5760,6020,125974,0.0033333333333334103
2022-01-06,5980,5980,5700,5730,100619,-0.048172757475083094
2022-01-07,5760,5820,5500,5680,119219,-0.008726003490401424
2022-01-10,5730,5750,5550,5600,35668,-0.014084507042253502
2022-01-11,5590,5670,5400,5620,83899,0.0035714285714285587
2022-01-12,5640,5640,5340,5450,85683,-0.030249110320284656
2022-01-13,5450,5540,5370,5470,101345,0.003669724770642091
2022-01-14,5380,5560,5360,5520,60194,0.009140767824497242
2022-01-17,5570,5660,5510,5550,56910,0.005434782608695565
2022-01-18,5550,5650,5370,5630,108061,0.01441441441441449
2022-01-19,5550,5680,5500,5600,52232,-0.005328596802841923
2022-01-20,5520,5630,5520,5610,27821,0.0017857142857142794
2022-01-21,5610,5630,5440,5570,51407,-0.007130124777183555
2022-01-24,5470,5480,4995,5160,99711,-0.07360861759425497
2022-01-25,5180,5380,4980,4995,151097,-0.03197674418604646
2022-01-26,5230,5230,4995,5060,68058,0.013013013013013053
2022-01-27,5130,5190,4995,5060,72446,0.0
2022-01-28,4995,5170,4995,5140,45834,0.015810276679841806
2022-02-03,5150,5250,5150,5240,40105,0.01945525291828787
2022-02-04,5320,5320,5070,5200,38114,-0.007633587786259555
2022-02-07,5170,5180,5020,5050,35373,-0.028846153846153855
2022-02-08,5080,5080,4990,5050,44034,0.0
2022-02-09,5040,5100,4990,5030,34001,-0.003960396039603964
2022-02-10,4995,5080,4935,4975,43321,-0.010934393638170947
2022-02-11,5010,5010,4840,4870,42066,-0.021105527638190957
2022-02-14,4820,4820,4500,4545,119803,-0.06673511293634493
2022-02-15,4685,4695,4090,4325,114668,-0.04840484048404836
2022-02-16,4335,4590,4335,4530,30467,0.04739884393063587
2022-02-17,4500,4705,4485,4600,40901,0.015452538631346657
2022-02-18,4385,4585,4350,4540,15089,-0.013043478260869601
2022-02-21,4500,4780,4305,4735,66480,0.04295154185022021
2022-02-22,4640,4680,4500,4680,49094,-0.011615628299894376
2022-02-23,4655,4680,4520,4625,28951,-0.01175213675213671
2022-02-24,4595,4595,4200,4490,59454,-0.029189189189189224
2022-02-25,4535,4695,4500,4575,42437,0.018930957683741756
2022-02-28,4575,4735,4495,4650,24785,0.016393442622950838
2022-03-02,4735,4735,4565,4660,15477,0.0021505376344086446
2022-03-03,4750,4750,4590,4730,61687,0.015021459227467782
2022-03-04,4745,4745,4600,4705,29458,-0.005285412262156397
2022-03-07,4650,4745,4590,4650,11051,-0.011689691817215686
2022-03-08,4600,4650,4550,4600,3722,-0.010752688172043001
2022-03-10,4600,4650,4565,4600,9753,0.0
2022-03-11,4735,4735,4450,4520,30336,-0.017391304347826098
2022-03-14,4520,4525,4315,4455,42387,-0.014380530973451378
2022-03-15,4340,4450,4340,4390,11465,-0.014590347923681302
2022-03-16,4395,4500,4300,4355,34823,-0.007972665148063829
2022-03-17,4360,4555,4320,4540,61574,0.042479908151549894
2022-03-18,4630,4630,4460,4530,18793,-0.0022026431718061845
2022-03-21,4460,4570,4305,4385,56126,-0.03200883002207511
2022-03-22,4510,4510,4340,4400,33869,0.003420752565564511
2022-03-23,4505,4505,4310,4370,34194,-0.006818181818181834
2022-03-24,4350,4380,4300,4350,18572,-0.004576659038901587
2022-03-25,4445,4445,4300,4340,19594,-0.0022988505747126853
2022-03-28,4360,4360,4195,4245,49058,-0.02188940092165903
2022-03-29,4240,4395,4220,4290,37442,0.010600706713780994
2022-03-30,4290,4340,4070,4280,86493,-0.002331002331002363
2022-03-31,4275,4295,4205,4280,17510,0.0
2022-04-01,4390,5500,4325,4630,1665953,0.08177570093457942
2022-04-04,4685,4695,4495,4510,118756,-0.02591792656587477
2022-04-05,4525,4635,4510,4570,71401,0.013303769401330268
2022-04-06,4570,4620,4480,4505,25357,-0.01422319474835887
2022-04-07,4505,4505,4300,4400,70526,-0.023307436182020025
2022-04-08,4400,4400,4270,4335,23557,-0.01477272727272727
2022-04-11,4335,4615,4300,4505,64832,0.03921568627450989
2022-04-12,4590,4590,4410,4460,16272,-0.009988901220865709
2022-04-13,4545,4545,4400,4470,31426,0.0022421524663676085
2022-04-14,4650,4650,4400,4510,87790,0.008948545861297452
2022-04-15,4295,4500,4290,4450,107512,-0.013303769401330379
2022-04-18,4440,4440,4285,4345,37935,-0.02359550561797752
2022-04-19,4360,4360,4255,4325,34615,-0.004602991944764101
2022-04-20,4350,4350,4250,4285,18356,-0.009248554913294793
2022-04-21,4310,4310,4265,4295,14857,0.002333722287047868
2022-04-22,4405,4405,4200,4295,20763,0.0
2022-04-25,4295,4295,4105,4125,60231,-0.03958090803259606
2022-04-26,4200,4275,4120,4200,28926,0.018181818181818077
2022-04-27,4175,4190,3985,4060,102009,-0.033333333333333326
2022-04-28,4070,4130,3850,3900,98412,-0.039408866995073843
2022-04-29,3955,4060,3865,3905,32991,0.0012820512820512775
2022-05-02,3865,3990,3850,3965,17929,0.015364916773367376
2022-05-03,3970,4025,3960,3985,17306,0.0050441361916770955
2022-05-04,4020,4020,3950,3985,11505,0.0
2022-05-06,3945,3955,3870,3945,7203,-0.010037641154328703
2022-05-09,3915,3915,3585,3800,52599,-0.03675538656527255
2022-05-10,3760,3770,3515,3765,42043,-0.009210526315789447
2022-05-11,3685,3875,3685,3810,15450,0.01195219123505975
2022-05-12,3855,3855,3650,3650,10954,-0.04199475065616798
2022-05-13,3680,3695,3430,3600,61837,-0.013698630136986356
2022-05-16,3505,3555,3415,3525,28683,-0.02083333333333337
2022-05-17,3525,3595,3500,3500,15305,-0.007092198581560294
2022-05-18,3465,3550,3350,3350,66565,-0.042857142857142816
2022-05-19,3285,3285,3075,3225,89287,-0.03731343283582089
2022-05-20,3225,3300,3155,3230,30535,0.0015503875968991832
2022-05-23,3250,3395,3195,3195,14918,-0.010835913312693513
2022-05-24,3225,3495,3150,3150,34922,-0.014084507042253502
2022-05-25,3155,3340,3125,3215,13169,0.02063492063492056
2022-05-26,3460,4175,3415,3495,1979689,0.08709175738724717
2022-05-27,3460,3460,3260,3260,215996,-0.06723891273247495
2022-05-30,3275,3315,3225,3270,64580,0.0030674846625766694
2022-05-31,3270,3310,3255,3270,54885,0.0
2022-06-02,3270,4015,3270,3680,2199950,0.12538226299694188
2022-06-03,3640,3685,3530,3590,152691,-0.024456521739130488
2022-06-07,3600,3650,3460,3495,98090,-0.026462395543175532
2022-06-08,3450,4200,3450,3805,2574096,0.08869814020028621
2022-06-09,3800,4250,3680,3880,1044167,0.019710906701708275
2022-06-10,3855,3890,3700,3705,146189,-0.045103092783505105
2022-06-13,3690,3695,3455,3485,112582,-0.05937921727395412
2022-06-14,3485,3485,3310,3445,79148,-0.011477761836441891
2022-06-15,3380,3450,3210,3215,118164,-0.06676342525399126
2022-06-16,3310,3475,3195,3195,84359,-0.0062208398133748455
2022-06-17,3180,3575,3130,3265,201436,0.021909233176838905
2022-06-20,3265,4035,3235,3625,3530271,0.1102603369065851
2022-06-21,3625,3950,3545,3755,795411,0.035862068965517135
2022-06-22,3770,3770,3535,3700,175343,-0.01464713715046606
2022-06-23,3700,3970,3505,3505,337877,-0.05270270270270272
2022-06-24,3530,3660,3455,3660,83175,0.04422253922967179
2022-06-27,3625,3720,3620,3675,81291,0.004098360655737654
2022-06-28,3695,3695,3485,3605,140519,-0.01904761904761909
2022-06-29,3605,3605,3470,3560,83954,-0.012482662968099856
2022-06-30,3510,3535,3355,3395,75798,-0.0463483146067416
2022-07-01,3365,3475,3350,3350,46899,-0.013254786450662692
2022-07-04,3340,3340,3180,3245,71806,-0.0313432835820896
2022-07-05,3235,3800,3230,3435,506155,0.05855161787365182
2022-07-06,3435,3455,3320,3400,40323,-0.010189228529839833
2022-07-07,3385,3600,3350,3505,86147,0.03088235294117636
2022-07-08,3510,3620,3510,3570,38775,0.01854493580599148
2022-07-11,3530,3590,3470,3520,34494,-0.014005602240896309
2022-07-12,3520,3520,3390,3430,21605,-0.025568181818181768
2022-07-13,3430,3520,3430,3455,21305,0.007288629737609353
2022-07-14,3455,3490,3395,3480,13568,0.00723589001447178
2022-07-15,3460,3825,3395,3440,396182,-0.011494252873563204
2022-07-18,3485,3670,3450,3605,56068,0.04796511627906974
2022-07-19,3680,3790,3615,3705,69158,0.0277392510402219
2022-07-20,3835,3835,3635,3640,56317,-0.01754385964912286
2022-07-21,3615,3700,3605,3685,29166,0.012362637362637319
2022-07-22,3685,3685,3525,3525,65895,-0.04341926729986434
2022-07-25,3525,3590,3475,3500,21111,-0.007092198581560294
2022-07-26,3590,3590,3435,3485,32669,-0.004285714285714337
2022-07-27,3485,3495,3405,3405,34151,-0.022955523672883782
2022-07-28,3435,3540,3390,3405,28057,0.0
2022-07-29,3450,3940,3450,3535,903059,0.038179148311306976
2022-08-01,3545,3605,3510,3580,67859,0.012729844413012836
2022-08-02,3595,3675,3565,3575,72150,-0.0013966480446927498
2022-08-03,3565,3630,3555,3630,26155,0.01538461538461533
2022-08-04,3630,3660,3610,3645,33563,0.004132231404958775
2022-08-05,3635,3660,3595,3645,19660,0.0
2022-08-08,3610,3650,3600,3600,27581,-0.012345679012345734
2022-08-09,3600,3630,3540,3595,26055,-0.001388888888888884
2022-08-10,3555,3640,3555,3630,30263,0.009735744089012455
2022-08-11,3650,3670,3600,3600,71723,-0.008264462809917328
2022-08-12,3575,3800,3575,3675,101491,0.02083333333333326
2022-08-16,3685,3770,3670,3680,53371,0.0013605442176871652
2022-08-17,3700,3700,3585,3650,35496,-0.008152173913043459
2022-08-18,3645,3645,3505,3560,31958,-0.024657534246575352
2022-08-19,3560,3560,3455,3495,32217,-0.018258426966292096
2022-08-22,3425,3480,3390,3395,56923,-0.028612303290414864
2022-08-23,3395,3395,3240,3305,56431,-0.026509572901325495
2022-08-24,3345,3360,3255,3305,25473,0.0
2022-08-25,3385,3385,3265,3320,59165,0.004538577912254205
2022-08-26,3370,3370,3295,3300,24016,-0.0060240963855421326
2022-08-29,3210,3295,3090,3190,37971,-0.033333333333333326
2022-08-30,3190,3215,3150,3160,38593,-0.009404388714733591
2022-08-31,3180,3230,3110,3200,12877,0.012658227848101333
2022-09-01,3140,3185,3085,3105,39233,-0.029687499999999978
2022-09-02,3115,3115,2990,3095,79269,-0.0032206119162641045
2022-09-05,3135,3135,2880,2890,66584,-0.06623586429725359
2022-09-06,2930,2990,2905,2945,46336,0.01903114186851207
2022-09-07,2995,2995,2755,2865,71281,-0.02716468590831922
2022-09-08,2865,3100,2840,2850,29298,-0.005235602094240788
2022-09-13,2850,2920,2820,2885,38607,0.012280701754386003
2022-09-14,2805,3030,2800,3030,46184,0.05025996533795496
2022-09-15,3045,3200,3000,3050,55016,0.0066006600660066805
2022-09-16,3020,3140,2990,3000,26440,-0.016393442622950838
2022-09-19,3335,3500,3020,3030,321156,0.010000000000000009
2022-09-20,3140,3200,2965,2970,63390,-0.01980198019801982
2022-09-21,2910,3030,2895,2975,34837,0.0016835016835017313
2022-09-22,2900,3030,2835,3005,26350,0.010084033613445342
2022-09-23,3005,3100,2940,3020,32928,0.004991680532445919
2022-09-26,3020,3020,2900,2950,35477,-0.023178807947019875
2022-09-27,2950,3030,2875,2960,24997,0.003389830508474523
2022-09-28,2880,2935,2845,2850,32554,-0.03716216216216217
2022-09-29,2825,2980,2825,2875,16423,0.00877192982456143
2022-09-30,3050,3050,2800,2870,15005,-0.0017391304347825765
2022-10-04,2820,2930,2810,2900,11725,0.010452961672473782
2022-10-05,2945,2945,2865,2935,14156,0.012068965517241459
2022-10-06,2935,2950,2900,2940,13003,0.0017035775127767216
2022-10-07,2990,2990,2885,2925,10616,-0.005102040816326481
2022-10-11,2905,2905,2805,2890,18017,-0.011965811965811923
2022-10-12,2885,2885,2775,2835,24185,-0.01903114186851207
2022-10-13,2845,2880,2785,2835,9275,0.0
2022-10-14,2805,2830,2695,2730,64505,-0.03703703703703709
2022-10-17,2635,2730,2635,2690,19520,-0.0146520146520146
2022-10-18,2685,2730,2615,2720,30666,0.011152416356877248
2022-10-19,2710,3535,2650,3060,6128957,0.125
2022-10-20,3180,3495,2900,2975,3083629,-0.02777777777777779
2022-10-21,2950,3140,2860,2925,710423,-0.01680672268907568
2022-10-24,3150,3250,2930,2930,1440511,0.0017094017094017033
2022-10-25,2930,2970,2820,2925,222236,-0.0017064846416382506
2022-10-26,2905,2905,2770,2820,235629,-0.03589743589743588
2022-10-27,2860,2910,2775,2865,130295,0.015957446808510634
2022-10-28,2840,2890,2780,2780,81253,-0.029668411867364797
2022-10-31,2780,2810,2710,2760,76617,-0.007194244604316502
2022-11-01,2790,2790,2700,2710,58156,-0.018115942028985477
2022-11-02,2725,2750,2625,2625,90030,-0.03136531365313655
2022-11-03,2625,2680,2515,2600,112299,-0.00952380952380949
2022-11-04,2600,2640,2480,2540,134289,-0.023076923076923106
2022-11-07,2550,2625,2490,2505,49044,-0.013779527559055094
2022-11-08,2540,2560,2495,2525,50121,0.007984031936127733
2022-11-09,2525,2570,2515,2540,32457,0.005940594059405946
2022-11-10,2505,2545,2495,2500,33375,-0.015748031496062964
2022-11-11,2555,2555,2480,2520,80084,0.008000000000000007
2022-11-14,2530,2595,2520,2585,52768,0.025793650793650702
2022-11-15,2640,2730,2600,2695,125733,0.042553191489361764
2022-11-16,2700,2720,2585,2625,65526,-0.025974025974025983
2022-11-17,2630,2630,2530,2530,37421,-0.03619047619047622
2022-11-18,2535,2615,2500,2570,58544,0.015810276679841806
2022-11-21,2590,2650,2540,2575,59806,0.0019455252918287869
2022-11-22,2555,2640,2555,2605,42617,0.011650485436893288
2022-11-23,2650,2650,2555,2555,36204,-0.019193857965451033
2022-11-24,2555,2600,2555,2575,26517,0.007827788649706457
2022-11-25,2635,2635,2580,2600,15158,0.009708737864077666
2022-11-28,2535,2660,2535,2630,62455,0.011538461538461497
2022-11-29,2665,2665,2585,2660,29099,0.011406844106463865
2022-11-30,2660,3455,2645,3455,10618427,0.29887218045112784
2022-12-01,3470,3780,3355,3425,3316852,-0.00868306801736618
2022-12-02,3425,3445,3290,3415,1410220,-0.0029197080291970545
2022-12-05,3535,4230,3415,3770,14058018,0.10395314787701326
2022-12-06,3800,3805,3530,3580,1191932,-0.050397877984084904
2022-12-07,3515,3585,3440,3450,713805,-0.03631284916201116
2022-12-08,3435,3465,3290,3320,663558,-0.03768115942028982
2022-12-09,3325,3335,3165,3275,403246,-0.013554216867469826
2022-12-12,3250,3250,3150,3175,320747,-0.03053435114503822
2022-12-13,3180,3225,3075,3130,467346,-0.014173228346456734
2022-12-14,3170,3225,3085,3145,404324,0.004792332268370503
2022-12-15,3170,3220,3125,3150,235227,0.0015898251192367763
2022-12-16,3080,3130,3060,3115,190582,-0.011111111111111072
2022-12-19,3070,3090,2940,2940,366259,-0.0561797752808989
2022-12-20,2990,3070,2930,2955,275175,0.005102040816326481
2022-12-21,2950,2985,2895,2915,206932,-0.013536379018612488
2022-12-22,2940,3040,2930,2975,168593,0.020583190394511064
2022-12-23,2950,2950,2810,2840,170665,-0.04537815126050415
2022-12-26,2730,2850,2730,2825,73208,-0.005281690140845119
2022-12-27,2835,2865,2770,2770,115356,-0.019469026548672552
2022-12-28,2750,2825,2745,2810,48875,0.014440433212996373
2022-12-29,2785,2805,2730,2760,141103,-0.017793594306049876
2023-01-02,2765,2880,2715,2785,101953,0.009057971014492683
2023-01-03,2785,2870,2730,2870,148082,0.030520646319569078
2023-01-04,2870,2940,2820,2940,104548,0.024390243902439046
2023-01-05,2960,2970,2875,2940,159246,0.0
2023-01-06,2925,2980,2890,2890,88753,-0.017006802721088454
2023-01-09,2930,2960,2885,2945,59778,0.01903114186851207
2023-01-10,2970,2975,2915,2940,60730,-0.001697792869269965
2023-01-11,2940,3820,2930,3820,7245431,0.2993197278911566
2023-01-12,4050,4165,3685,3820,7574138,0.0
2023-01-13,3820,3890,3585,3660,1210085,-0.041884816753926746
2023-01-16,3675,3755,3515,3640,918565,-0.005464480874316946
2023-01-17,3575,3665,3450,3455,742983,-0.050824175824175866
2023-01-18,3475,3515,3395,3430,396936,-0.00723589001447178
2023-01-19,3410,3500,3340,3380,410233,-0.014577259475218707
2023-01-20,3340,3405,3325,3325,158885,-0.016272189349112454
2023-01-25,3350,3385,3315,3375,147386,0.015037593984962516
2023-01-26,3405,3445,3350,3415,241716,0.01185185185185178
2023-01-27,3440,3440,3290,3330,252589,-0.024890190336749662
2023-01-30,3350,3440,3310,3420,152489,0.027027027027026973
2023-01-31,3415,3490,3290,3420,363534,0.0
2023-02-01,3470,3480,3375,3375,260276,-0.013157894736842146
2023-02-02,3380,3535,3375,3500,472495,0.03703703703703698
2023-02-03,3490,3550,3425,3550,243218,0.014285714285714235
2023-02-06,3530,3580,3460,3515,257077,-0.009859154929577452
2023-02-07,3515,3530,3350,3360,283360,-0.04409672830725464
2023-02-08,3380,3385,3125,3275,209346,-0.02529761904761907
2023-02-09,3300,3325,3220,3220,83974,-0.016793893129770976
2023-02-10,3215,3240,3110,3210,149508,-0.0031055900621117516
2023-02-13,3180,3235,3145,3225,61931,0.004672897196261738
2023-02-14,3225,3450,3225,3260,283902,0.010852713178294504
2023-02-15,3550,4080,3300,3375,9349380,0.03527607361963181
2023-02-16,3335,3535,3330,3445,661665,0.020740740740740726
2023-02-17,3435,3435,3180,3285,322623,-0.046444121915820036
2023-02-20,3290,3420,3230,3410,242373,0.03805175038051756
2023-02-21,3370,3490,3350,3390,236008,-0.0058651026392961825
2023-02-22,3340,3455,3290,3405,156357,0.004424778761061843
2023-02-23,3385,3465,3380,3405,149599,0.0
2023-02-24,3425,3510,3360,3380,170635,-0.007342143906020504
2023-02-27,3315,3395,3300,3310,125853,-0.020710059171597628
2023-02-28,3310,3590,3310,3555,519441,0.07401812688821763
2023-03-02,3560,3560,3455,3510,193394,-0.012658227848101222
2023-03-03,3510,3670,3475,3560,360535,0.014245014245014342
2023-03-06,3620,3735,3540,3605,380851,0.012640449438202195
2023-03-07,3580,3825,3475,3705,769797,0.0277392510402219
2023-03-08,3690,4065,3585,3640,1831752,-0.01754385964912286
2023-03-09,3640,3675,3420,3425,381215,-0.05906593406593408
2023-03-10,3345,4450,3315,4450,4328044,0.2992700729927007
2023-03-13,4890,5370,4425,4425,11706386,-0.005617977528089901
2023-03-14,4355,4835,4155,4360,5294653,-0.014689265536723117
2023-03-15,4295,4755,4280,4575,4689452,0.04931192660550465
2023-03-16,4480,4560,4200,4210,974341,-0.07978142076502737
2023-03-17,4230,4400,4175,4230,664804,0.004750593824228044
2023-03-20,4180,4345,4090,4295,397398,0.015366430260047359
2023-03-21,4245,4245,3980,4025,652437,-0.0628637951105937
2023-03-22,4045,4145,3985,4120,362597,0.023602484472049712
2023-03-23,4045,4225,4015,4085,580049,-0.008495145631068013
2023-03-24,4170,4290,4025,4055,327178,-0.007343941248470043
2023-03-27,4045,4255,3980,4230,793200,0.04315659679408146
2023-03-28,4240,4365,4020,4365,829353,0.03191489361702127
2023-03-29,4350,5360,4245,4705,15136786,0.07789232531500567
2023-03-30,4670,4700,4355,4355,1380477,-0.07438894792773643
2023-03-31,4350,4425,4225,4400,686818,0.010332950631458004
2023-04-03,4365,4545,4280,4520,718663,0.027272727272727337
2023-04-04,4490,4900,4450,4760,1518653,0.053097345132743445
2023-04-05,4805,4900,4580,4725,456542,-0.007352941176470562
2023-04-06,4860,4995,4540,4545,1043956,-0.03809523809523807
2023-04-07,4550,4710,4490,4600,379114,0.012101210121012063
2023-04-10,4500,4600,4460,4490,274577,-0.023913043478260843
2023-04-11,4460,4600,4305,4500,350765,0.00222717149220486
2023-04-12,4555,4555,4250,4315,338416,-0.0411111111111111
2023-04-13,4245,4410,4020,4395,300194,0.018539976825028948
2023-04-14,4405,4455,4250,4270,187272,-0.028441410693970437
2023-04-17,4255,4380,4155,4380,144501,0.025761124121779888
2023-04-18,4450,4650,4295,4635,520328,0.05821917808219168
2023-04-19,4625,4795,4535,4595,500994,-0.008629989212513456
2023-04-20,4630,4710,4400,4495,375695,-0.021762785636561532
2023-04-21,4485,4485,4275,4280,251561,-0.04783092324805338
2023-04-24,4205,4345,4110,4110,176067,-0.03971962616822433
2023-04-25,4090,4170,3905,4110,290767,0.0
2023-04-26,4020,4165,3995,4155,171222,0.010948905109489093
2023-04-27,4100,4375,4060,4345,248545,0.04572803850782181
2023-04-28,4345,4365,4105,4115,205714,-0.05293440736478716
2023-05-02,4110,4520,4110,4240,762206,0.03037667071688932
2023-05-03,4220,4315,4190,4280,131269,0.009433962264151052
2023-05-04,4245,4255,4125,4255,165103,-0.005841121495327117
2023-05-08,4240,4265,4115,4115,157758,-0.03290246768507643
2023-05-09,4065,4180,4025,4120,180993,0.0012150668286756705
2023-05-10,4090,4210,4090,4200,61112,0.01941747572815533
2023-05-11,4215,4330,4115,4175,190370,-0.005952380952380931
2023-05-12,4175,4295,4095,4170,165501,-0.0011976047904191933
2023-05-15,4180,4470,4075,4415,286558,0.058752997601918544
2023-05-16,4310,4440,4250,4410,277724,-0.0011325028312570984
2023-05-17,4355,4495,4305,4445,157870,0.007936507936507908
2023-05-18,4445,4475,4165,4225,231211,-0.04949381327334079
2023-05-19,4225,4270,4080,4085,167906,-0.03313609467455625
2023-05-22,4075,4155,4070,4100,54990,0.003671970624234966
2023-05-23,4065,4160,4055,4110,73712,0.0024390243902439046
2023-05-24,4070,4115,4045,4060,79026,-0.012165450121654486
2023-05-25,4025,4110,4025,4060,46359,0.0
2023-05-26,4060,4095,3950,3955,88947,-0.025862068965517238
2023-05-30,3955,3995,3785,3920,144745,-0.008849557522123908
2023-05-31,3920,4000,3865,3925,56021,0.0012755102040815647
2023-06-01,3925,4060,3885,4000,74746,0.019108280254777066
2023-06-02,4055,4055,3925,3970,22045,-0.007499999999999951
2023-06-05,4035,4035,3915,3920,34956,-0.012594458438287104
2023-06-07,3920,3965,3860,3880,91043,-0.010204081632653073
2023-06-08,3845,3915,3785,3845,47556,-0.009020618556700999
2023-06-09,3920,3920,3795,3820,39766,-0.006501950585175553
2023-06-12,3820,3880,3755,3780,52067,-0.010471204188481686
2023-06-13,3765,3910,3750,3845,46054,0.01719576719576721
2023-06-14,3970,4360,3780,4060,724704,0.0559167750325098
2023-06-15,4090,4150,3940,3945,66917,-0.02832512315270941
2023-06-16,3985,4120,3985,4060,110570,0.0291508238276299
2023-06-19,4040,4800,3980,4120,1784112,0.014778325123152802
2023-06-20,4070,4190,4055,4065,165780,-0.013349514563106846
2023-06-21,4055,4105,3955,3965,104437,-0.024600246002460024
2023-06-22,3935,4410,3920,4085,828888,0.030264817150063017
2023-06-23,4090,4105,4020,4020,97274,-0.01591187270501837
2023-06-26,4060,4060,3950,3990,46418,-0.007462686567164201
2023-06-27,3960,4010,3955,3960,48701,-0.007518796992481258
2023-06-28,3980,3985,3880,3880,69369,-0.02020202020202022
2023-06-29,3845,3895,3785,3795,73450,-0.021907216494845394
2023-06-30,3750,3870,3750,3840,56480,0.011857707509881354
2023-07-03,3845,3930,3800,3820,61363,-0.00520833333333337
2023-07-04,3800,3880,3800,3840,35214,0.005235602094240788
2023-07-05,3800,3885,3775,3800,37200,-0.01041666666666663
2023-07-06,3790,3800,3495,3595,144057,-0.05394736842105263
2023-07-07,3560,3675,3515,3570,49342,-0.006954102920723182
2023-07-10,3575,3655,3535,3570,42001,0.0
2023-07-11,3545,3635,3545,3575,28662,0.0014005602240896309
2023-07-12,3550,3675,3545,3580,16765,0.0013986013986013734
2023-07-13,3620,3690,3585,3625,41483,0.012569832402234526
2023-07-14,3625,3640,3555,3580,30409,-0.012413793103448256
2023-07-17,3580,3580,3450,3470,67300,-0.030726256983240274
2023-07-18,3455,3500,3390,3420,69408,-0.014409221902017322
2023-07-19,3365,3510,3365,3400,36769,-0.005847953216374324
2023-07-20,3365,3420,3340,3410,25654,0.002941176470588225
2023-07-21,3320,3430,3300,3310,95589,-0.029325513196480912
2023-07-24,3270,3310,3200,3225,93049,-0.025679758308157052
2023-07-25,3170,3300,3170,3290,76715,0.020155038759689825
2023-07-26,3320,3320,2950,3055,231882,-0.0714285714285714
2023-07-27,2940,3165,2940,3085,109911,0.009819967266775809
2023-07-28,3045,3210,3045,3160,30981,0.024311183144246407
2023-07-31,3160,3205,3100,3180,31239,0.006329113924050667
2023-08-01,3120,3195,3085,3130,48425,-0.01572327044025157
2023-08-02,3085,3180,3020,3065,73762,-0.02076677316293929
2023-08-03,3065,3140,3005,3095,30945,0.00978792822185981
2023-08-04,3065,3140,2950,3035,84530,-0.01938610662358642
2023-08-07,3055,3055,2960,3035,16806,0.0
2023-08-08,3035,3050,2975,3015,25497,-0.00658978583196046
2023-08-09,2895,3425,2890,3160,278891,0.04809286898839127
2023-08-10,3145,3180,3090,3170,19605,0.0031645569620253333
2023-08-11,3120,3340,3105,3330,41769,0.050473186119873725
2023-08-14,3515,3515,3200,3230,49607,-0.03003003003003002
2023-08-16,3190,3190,3040,3080,61451,-0.04643962848297212
2023-08-17,2950,3090,2950,3085,62870,0.0016233766233766378
2023-08-18,3080,3140,2980,3055,41209,-0.00972447325769854
2023-08-21,2985,3135,2985,3095,24266,0.013093289689034338
2023-08-22,3070,3115,2990,2995,49847,-0.03231017770597733
2023-08-23,2990,3025,2940,2950,38529,-0.015025041736227096
2023-08-24,2950,3135,2950,3090,59224,0.047457627118643986
2023-08-25,3010,3095,3005,3040,16293,-0.016181229773462813
2023-08-28,3000,3025,2960,2965,37495,-0.024671052631578982
2023-08-29,2960,3055,2960,3040,34451,0.025295109612141653
2023-08-30,3040,3120,3000,3120,36186,0.026315789473684292
2023-08-31,3090,3110,3030,3030,31020,-0.028846153846153855
2023-09-01,3050,3105,3030,3105,16136,0.024752475247524774
2023-09-04,3075,3200,3075,3135,41109,0.009661835748792313
2023-09-05,3105,3200,3105,3150,17630,0.004784688995215225
2023-09-06,3115,3200,3115,3120,28027,-0.00952380952380949
2023-09-07,3120,3120,3005,3015,32731,-0.033653846153846145
2023-09-08,3030,3030,2950,2985,28000,-0.00995024875621886
2023-09-11,3000,3040,2975,3000,38708,0.005025125628140614
2023-09-12,3000,3015,2975,3000,24583,0.0
2023-09-13,2955,3010,2910,2985,37370,-0.0050000000000000044
2023-09-14,2985,2985,2905,2915,35098,-0.02345058626465657
2023-09-15,2910,2945,2860,2880,69336,-0.012006861063464824
2023-09-18,2880,2885,2805,2870,21027,-0.00347222222222221
2023-09-19,2815,2850,2745,2750,60854,-0.04181184668989546
2023-09-20,2745,2780,2715,2740,44423,-0.0036363636363636598
2023-09-21,2720,2740,2670,2670,42986,-0.025547445255474477
2023-09-22,2620,2690,2605,2625,36622,-0.016853932584269704
2023-09-25,2640,2640,2540,2540,36278,-0.0323809523809524
2023-09-26,2500,2565,2475,2480,47836,-0.023622047244094446
2023-09-27,2475,2975,2470,2630,386415,0.06048387096774199
2023-10-04,2640,2640,2510,2510,58227,-0.04562737642585546
2023-10-05,2495,2620,2495,2590,40242,0.031872509960159334
2023-10-06,2495,2620,2485,2610,19983,0.007722007722007707
2023-10-10,2595,2620,2475,2490,22545,-0.04597701149425293
2023-10-11,2500,2565,2480,2565,16413,0.030120481927710774
2023-10-12,2560,2600,2510,2595,16108,0.011695906432748648
2023-10-13,2580,2635,2580,2605,9904,0.003853564547206201
2023-10-16,2550,2590,2525,2530,17183,-0.028790786948176605
2023-10-17,2500,2545,2500,2505,16587,-0.00988142292490124
2023-10-18,2520,2750,2520,2590,63683,0.03393213572854292
2023-10-19,2585,2605,2480,2565,29343,-0.009652509652509633
2023-10-20,2550,2550,2360,2405,36801,-0.06237816764132553
2023-10-23,2300,2420,2300,2335,30485,-0.029106029106029108
2023-10-24,2350,2385,2335,2385,9758,0.021413276231263323
2023-10-25,2385,2410,2360,2405,8921,0.008385744234800763
2023-10-26,2325,2380,2295,2340,19214,-0.027027027027026973
2023-10-27,2340,2340,2205,2275,44878,-0.02777777777777779
2023-10-30,2275,2350,2195,2330,33077,0.02417582417582409
2023-10-31,2355,2355,2260,2310,11476,-0.008583690987124415
2023-11-01,2290,2500,2250,2280,40283,-0.012987012987012991
2023-11-02,2305,2345,2305,2340,15300,0.026315789473684292
2023-11-03,2355,2505,2340,2505,22645,0.07051282051282048
2023-11-06,2505,2730,2490,2625,39796,0.0479041916167664
2023-11-07,2640,2805,2550,2720,28783,0.036190476190476106
2023-11-08,2695,2795,2535,2790,41851,0.025735294117646967
2023-11-09,2790,2800,2615,2780,36762,-0.0035842293906810374
2023-11-10,2725,2755,2615,2615,15563,-0.059352517985611475
2023-11-13,2665,2685,2600,2620,43966,0.0019120458891013214
2023-11-14,2565,2730,2560,2660,8568,0.01526717557251911
2023-11-15,2630,2720,2630,2680,4769,0.007518796992481258
2023-11-16,2740,2740,2520,2635,42489,-0.016791044776119368
2023-11-17,2610,2700,2590,2690,10121,0.020872865275142205
2023-11-20,2690,2705,2670,2680,8065,-0.0037174721189591198
2023-11-21,2680,2685,2665,2665,15394,-0.005597014925373123
2023-11-22,2615,2935,2615,2690,78603,0.009380863039399667
2023-11-23,2690,2745,2600,2600,16487,-0.03345724907063197
2023-11-24,2615,2665,2590,2640,7060,0.01538461538461533
2023-11-27,2655,2670,2550,2650,11610,0.0037878787878788955
2023-11-28,2650,2695,2600,2680,4345,0.01132075471698113
2023-11-29,2680,2750,2660,2735,9794,0.020522388059701413
2023-11-30,2745,2940,2710,2710,112431,-0.009140767824497242
2023-12-01,2710,2870,2710,2800,39013,0.03321033210332103
2023-12-04,2800,2860,2615,2665,31140,-0.048214285714285765
2023-12-05,2615,2695,2600,2690,26084,0.009380863039399667
2023-12-06,2685,2945,2610,2770,113919,0.029739776951672958
2023-12-07,2765,2975,2735,2830,112955,0.02166064981949467
2023-12-08,2880,2965,2800,2835,93341,0.0017667844522968323
2023-12-11,2835,2950,2725,2855,93416,0.007054673721340388
2023-12-12,2830,2855,2710,2775,48978,-0.028021015761821366
2023-12-13,2805,2805,2705,2705,45647,-0.02522522522522519
2023-12-14,2705,2765,2670,2705,22138,0.0
2023-12-15,2700,2740,2620,2720,26569,0.005545286506469571
2023-12-18,2725,2900,2665,2845,28392,0.045955882352941124
2023-12-19,2845,2980,2845,2855,120182,0.0035149384885764245
2023-12-20,2850,2870,2750,2775,64360,-0.028021015761821366
2023-12-21,2740,2775,2710,2730,16378,-0.01621621621621616
2023-12-22,2730,2840,2665,2735,19326,0.001831501831501825
2023-12-26,2740,2740,2625,2660,18378,-0.027422303473491727
2023-12-27,2675,2700,2645,2670,33503,0.003759398496240518
2023-12-28,2650,2720,2650,2720,25880,0.01872659176029967
2024-01-02,2655,2720,2635,2670,36224,-0.018382352941176516
2024-01-03,2690,2760,2650,2700,20778,0.011235955056179803
2024-01-04,2695,2695,2650,2670,9792,-0.011111111111111072
2024-01-05,2695,2950,2670,2690,66475,0.0074906367041198685
2024-01-08,2690,2945,2635,2945,223166,0.09479553903345717
2024-01-09,3075,3290,2985,3025,320215,0.02716468590831922
2024-01-10,3080,3085,2895,2960,77153,-0.02148760330578514
2024-01-11,3045,3045,2960,3015,36228,0.01858108108108114
2024-01-12,3015,3170,2950,2980,63812,-0.011608623548922004
2024-01-15,2930,2980,2910,2945,19630,-0.011744966442952975
2024-01-16,2945,3630,2890,3220,4980213,0.0933786078098473
2024-01-17,3225,3225,2970,3005,371186,-0.06677018633540377
2024-01-18,3030,3090,2910,2925,133407,-0.0266222961730449
2024-01-19,2925,2980,2900,2925,57284,0.0
2024-01-22,2935,3000,2890,2895,46284,-0.01025641025641022
2024-01-23,2895,2950,2720,2950,73885,0.01899827288428324
2024-01-24,2940,2950,2870,2890,18504,-0.02033898305084747
2024-01-25,2890,2920,2760,2820,55319,-0.02422145328719727
2024-01-26,2835,2880,2755,2860,12840,0.014184397163120588
2024-01-29,2830,2900,2760,2860,41697,0.0
2024-01-30,2875,2875,2775,2820,25851,-0.013986013986013957
2024-01-31,2780,2810,2735,2740,24880,-0.028368794326241176
2024-02-01,2705,2880,2620,2780,31058,0.014598540145985384
2024-02-02,2795,2820,2775,2800,6296,0.007194244604316502
2024-02-05,2800,2800,2720,2740,13216,-0.021428571428571463
2024-02-06,2675,2805,2675,2775,29031,0.012773722627737127
2024-02-07,2775,2775,2705,2705,12095,-0.02522522522522519
2024-02-08,2705,2745,2645,2670,16921,-0.012939001848428888
2024-02-13,2680,2685,2525,2545,110545,-0.04681647940074907
2024-02-14,2545,2595,2535,2595,9831,0.01964636542239684
2024-02-15,2600,2700,2570,2670,28430,0.028901734104046284
2024-02-16,2670,2685,2605,2620,28266,-0.01872659176029967
2024-02-19,2635,2640,2570,2615,15641,-0.001908396946564861
2024-02-20,2580,3110,2555,2655,1203147,0.015296367112810794
2024-02-21,2610,2690,2590,2685,56012,0.011299435028248483
2024-02-22,2670,2680,2600,2620,42867,-0.02420856610800748
2024-02-23,2595,2630,2565,2600,58304,-0.007633587786259555
2024-02-26,2600,2600,2485,2530,48386,-0.02692307692307694
2024-02-27,2535,2535,2445,2480,28601,-0.01976284584980237
2024-02-28,2480,2540,2460,2505,29673,0.010080645161290258
2024-02-29,2520,2520,2415,2460,13750,-0.017964071856287456
2024-03-04,2460,2485,2425,2430,16855,-0.012195121951219523
2024-03-05,2445,2445,2340,2390,49138,-0.016460905349794275
2024-03-06,2390,2400,2335,2385,5642,-0.0020920502092049986
2024-03-07,2400,2400,2320,2360,15438,-0.010482180293501009
2024-03-08,2360,2450,2335,2445,11428,0.03601694915254239
2024-03-11,2445,2490,2400,2475,6075,0.012269938650306678
2024-03-12,2385,2490,2385,2470,11617,-0.002020202020202033
2024-03-13,2460,2555,2425,2525,36928,0.022267206477732726
2024-03-14,2565,2590,2500,2550,16250,0.00990099009900991
2024-03-15,2520,2550,2480,2495,6060,-0.021568627450980427
2024-03-18,2490,2510,2465,2495,7609,0.0
2024-03-19,2495,2495,2460,2495,6197,0.0
2024-03-20,2495,2520,2460,2460,11206,-0.014028056112224463
2024-03-21,2460,2485,2420,2420,9776,-0.016260162601625994
2024-03-22,2420,2430,2370,2400,16527,-0.008264462809917328
2024-03-25,2370,2380,2320,2320,30792,-0.033333333333333326
2024-03-26,2335,2335,2255,2325,39682,0.0021551724137931494
2024-03-27,2320,2395,2280,2325,11727,0.0
2024-03-28,2335,2355,2300,2355,10194,0.012903225806451646
2024-03-29,2355,2380,2315,2380,5843,0.010615711252653925
2024-04-01,2325,2400,2325,2385,7016,0.0021008403361344463
2024-04-02,2385,2395,2325,2380,10077,-0.002096436058700246
2024-04-03,2355,2355,2240,2255,50009,-0.05252100840336138
2024-04-04,2255,2275,2230,2235,22371,-0.008869179600886956
2024-04-05,2235,2235,2175,2200,14696,-0.015659955257270708
2024-04-08,2205,2205,2165,2175,32944,-0.011363636363636354
2024-04-09,2160,2185,2135,2165,14184,-0.0045977011494252595
2024-04-11,2125,2180,2120,2160,14641,-0.002309468822170868
2024-04-12,2175,2780,2170,2460,4943271,0.13888888888888884
2024-04-15,2390,2725,2340,2385,900580,-0.030487804878048808
2024-04-16,2385,2445,2250,2250,179018,-0.05660377358490565
2024-04-17,2215,2230,2150,2160,152963,-0.040000000000000036
2024-04-18,2160,2220,2160,2210,46364,0.02314814814814814
2024-04-19,2190,2210,2150,2160,48558,-0.022624434389140302
2024-04-22,2120,2140,2075,2080,67267,-0.03703703703703709
2024-04-23,2105,2125,2080,2085,12483,0.0024038461538462563
2024-04-24,2090,2140,2090,2105,22933,0.00959232613908867
2024-04-25,2110,2125,2090,2125,15899,0.009501187648456089
2024-04-26,2110,2140,2105,2135,20187,0.004705882352941115
2024-04-29,2135,2170,2120,2150,12958,0.007025761124121788
2024-04-30,2165,2165,2100,2150,14152,0.0
2024-05-02,2150,2150,2070,2090,34925,-0.027906976744186074
2024-05-03,2090,2140,2070,2075,22010,-0.0071770334928229484
2024-05-07,2080,2105,2050,2070,35397,-0.002409638554216831
2024-05-08,2080,2080,2005,2040,67180,-0.01449275362318836
2024-05-09,2050,2050,1900,1983,65569,-0.027941176470588247
2024-05-10,1983,1990,1900,1938,83487,-0.0226928895612708
2024-05-13,1939,1950,1890,1907,39120,-0.015995872033023772
2024-05-14,1907,1918,1890,1915,30374,0.004195070791819688
2024-05-16,1915,1927,1894,1914,37635,-0.0005221932114882755
2024-05-17,1928,1928,1866,1914,35730,0.0
2024-05-20,1914,1969,1870,1890,45161,-0.01253918495297801
2024-05-21,1899,1899,1828,1843,43766,-0.024867724867724816
2024-05-22,1843,1865,1812,1848,21883,0.0027129679869777323
2024-05-23,1860,1976,1838,1962,67414,0.06168831168831179
2024-05-24,1998,1998,1952,1980,16266,0.00917431192660545
2024-05-27,1989,1989,1963,1963,33775,-0.008585858585858586
2024-05-28,1963,1963,1864,1870,84854,-0.04737646459500766
2024-05-29,1870,1890,1819,1819,36444,-0.027272727272727226
2024-05-30,1830,1852,1751,1803,22912,-0.008796041781198416
2024-05-31,1810,1832,1755,1832,18852,0.016084303937881295
2024-06-03,1840,1888,1840,1888,23484,0.03056768558951961
2024-06-04,1890,1890,1821,1848,21909,-0.021186440677966156
2024-06-05,1831,1869,1810,1819,7799,-0.015692640692640647
2024-06-07,1805,1829,1779,1779,19662,-0.021990104452996206
2024-06-10,1790,1799,1752,1784,13998,0.0028105677346823565
2024-06-11,1784,1784,1754,1754,12893,-0.01681614349775784
2024-06-12,1754,1777,1754,1764,13334,0.005701254275940704
2024-06-13,1778,1783,1748,1753,12791,-0.006235827664399118
2024-06-14,1760,1760,1740,1759,8698,0.003422703936109439
2024-06-17,1740,1740,1664,1678,28952,-0.046048891415577
2024-06-18,1678,1690,1662,1662,19337,-0.009535160905840279
2024-06-19,1662,1674,1530,1534,93102,-0.07701564380264736
2024-06-20,1540,1930,1536,1651,1305301,0.07627118644067798
2024-06-21,1655,1767,1560,1574,110464,-0.04663840096910965
2024-06-24,1585,1600,1534,1566,29937,-0.0050825921219822545
2024-06-25,1513,1562,1513,1545,10573,-0.013409961685823757
2024-06-26,1545,1593,1545,1593,14340,0.03106796116504862
2024-06-27,1590,1604,1577,1599,5357,0.0037664783427495685
2024-06-28,1571,1609,1571,1599,12641,0.0
2024-07-01,1599,1685,1580,1673,19376,0.04627892432770486
2024-07-02,1658,2115,1657,1809,2437771,0.08129109384339506
2024-07-03,1805,1874,1740,1749,157989,-0.03316749585406298
2024-07-04,1744,1779,1673,1675,90912,-0.0423098913664951
2024-07-05,1692,2050,1692,1799,2059722,0.07402985074626867
2024-07-08,1928,1947,1784,1937,231795,0.07670928293496382
2024-07-09,1974,1974,1856,1864,92612,-0.037687145069695394
2024-07-10,1849,1939,1820,1921,54327,0.030579399141630992
2024-07-11,1921,1934,1845,1867,47236,-0.02811035918792293
2024-07-12,1845,1930,1845,1878,27793,0.005891805034815123
2024-07-15,1938,1938,1835,1876,39512,-0.0010649627263046302
2024-07-16,1876,1935,1839,1850,16768,-0.013859275053304865
2024-07-17,1860,1860,1761,1761,47404,-0.04810810810810806
2024-07-18,1700,1751,1695,1695,40143,-0.03747870528109032
2024-07-19,1686,1716,1670,1714,14071,0.011209439528023557
2024-07-22,1691,1740,1629,1629,17569,-0.049591598599766584
2024-07-23,1629,1649,1613,1626,17245,-0.0018416206261510082
2024-07-24,1626,1788,1622,1715,45935,0.05473554735547359
2024-07-25,1696,1714,1601,1686,11133,-0.016909620991253593
2024-07-26,1686,1714,1665,1702,3731,0.009489916963226541
2024-07-29,1684,1715,1610,1694,13893,-0.004700352526439522
2024-07-30,1677,1693,1654,1679,4452,-0.008854781582054327
2024-07-31,1679,1679,1611,1647,13394,-0.019058963668850515
2024-08-01,1635,1680,1635,1673,2680,0.015786278081360017
2024-08-02,1657,1657,1600,1603,14238,-0.04184100418410042
2024-08-05,1504,1550,1333,1479,30474,-0.07735495945102933
2024-08-06,1463,1572,1387,1387,51400,-0.062204192021636295
2024-08-07,1388,1395,1351,1389,24057,0.0014419610670513006
2024-08-08,1389,1410,1376,1405,17900,0.011519078473722022
2024-08-09,1405,1478,1391,1406,16437,0.000711743772241924
2024-08-12,1406,1532,1406,1500,36213,0.06685633001422464
2024-08-13,1500,1551,1500,1518,15948,0.01200000000000001
2024-08-14,1518,1549,1518,1535,11220,0.011198945981554687
2024-08-16,1545,1559,1517,1545,7940,0.006514657980456029
2024-08-19,1545,1547,1522,1540,9158,-0.003236245954692518
2024-08-20,1550,1558,1520,1556,6030,0.010389610389610393
2024-08-21,1556,1590,1536,1536,11102,-0.01285347043701801
2024-08-22,1535,1545,1521,1529,3692,-0.00455729166666663
2024-08-23,1529,1540,1510,1533,4349,0.002616088947024142
2024-08-26,1533,1543,1502,1530,10121,-0.00195694716242667
2024-08-27,1495,1526,1491,1505,6768,-0.016339869281045805
2024-08-28,1507,1507,1453,1484,2911,-0.013953488372092981
2024-08-29,1481,1630,1480,1512,65758,0.018867924528301883
2024-08-30,1502,1512,1491,1510,6500,-0.001322751322751281
2024-09-02,1494,1510,1400,1470,27921,-0.026490066225165587
2024-09-03,1480,1496,1480,1492,4774,0.014965986394557929
2024-09-04,1490,1492,1426,1457,17831,-0.023458445040214437
2024-09-05,1442,1820,1442,1531,935309,0.05078929306794788
2024-09-06,1565,1565,1469,1497,51958,-0.022207707380796915
2024-09-09,1425,1570,1425,1549,31620,0.03473613894455574
2024-09-10,1598,1598,1549,1550,25089,0.0006455777921239303
2024-09-11,1549,1687,1540,1683,80344,0.08580645161290312
2024-09-12,1713,1884,1700,1860,138639,0.10516934046345816
2024-09-13,1860,1978,1745,1757,108022,-0.055376344086021545
2024-09-19,1757,1800,1700,1735,53625,-0.012521343198634072
2024-09-20,1735,1945,1735,1829,132104,0.05417867435158508
2024-09-23,1896,1900,1829,1857,43441,0.015308911973756167
2024-09-24,1855,1893,1802,1824,31941,-0.017770597738287597
2024-09-25,1824,1850,1807,1816,10552,-0.004385964912280715
2024-09-26,1798,1816,1782,1814,10989,-0.0011013215859030367
2024-09-27,1800,1845,1711,1711,21815,-0.05678059536934954
2024-09-30,1712,1793,1712,1761,17335,0.02922267679719459
2024-10-02,1769,1800,1727,1734,14199,-0.015332197614991494
2024-10-04,1712,1800,1712,1715,10834,-0.010957324106113053
2024-10-07,1720,1735,1699,1719,12590,0.0023323615160348865
2024-10-08,1707,1710,1603,1620,30683,-0.05759162303664922
2024-10-10,1624,1665,1591,1629,13373,0.005555555555555536
2024-10-11,1608,1655,1602,1602,5082,-0.016574585635359074
2024-10-14,1584,1645,1584,1602,11406,0.0
2024-10-15,1615,1640,1584,1611,2315,0.00561797752808979
2024-10-16,1595,1624,1592,1619,2190,0.004965859714463061
2024-10-17,1619,1660,1598,1619,7261,0.0
2024-10-18,1619,1650,1578,1578,6574,-0.025324274243360145
2024-10-21,1539,1584,1502,1550,15540,-0.017743979721166037
2024-10-22,1550,1600,1505,1585,9839,0.022580645161290214
2024-10-23,1585,1635,1585,1623,6971,0.023974763406940047
2024-10-24,1623,1632,1623,1623,7641,0.0
2024-10-25,1623,1635,1601,1610,4187,-0.00800985828712264
2024-10-28,1610,1610,1529,1538,10517,-0.044720496894409933
2024-10-29,1538,1542,1485,1542,7356,0.002600780234070177
2024-10-30,1542,1610,1531,1543,6501,0.0006485084306095956
2024-10-31,1524,1543,1503,1505,3185,-0.024627349319507497
2024-11-01,1505,1520,1470,1485,8613,-0.013289036544850474
2024-11-04,1493,1493,1446,1447,14805,-0.025589225589225606
2024-11-05,1448,1500,1401,1430,6765,-0.011748445058742174
2024-11-06,1430,1445,1377,1421,9337,-0.0062937062937062915
2024-11-07,1406,1421,1343,1416,19633,-0.0035186488388458947
2024-11-08,1415,1445,1385,1433,10467,0.012005649717514055
2024-11-11,1445,1445,1361,1369,4256,-0.04466154919748777
2024-11-12,1386,1455,1280,1369,26645,0.0
2024-11-13,1369,1395,1351,1395,8601,0.018991964937910888
2024-11-14,1381,1597,1315,1411,61769,0.011469534050179142
2024-11-15,1388,1427,1369,1420,10180,0.006378454996456506
2024-11-18,1420,1467,1399,1458,8278,0.026760563380281654
2024-11-19,1475,1480,1415,1421,7908,-0.02537722908093276
2024-11-20,1430,1465,1419,1444,9634,0.016185784658691027
2024-11-21,1429,1489,1401,1465,9819,0.01454293628808867
2024-11-22,1450,1539,1450,1481,19461,0.010921501706484538
2024-11-25,1481,1515,1458,1514,10224,0.022282241728561747
2024-11-26,1514,1589,1480,1502,37676,-0.00792602377807139
2024-11-27,1510,1540,1481,1500,19899,-0.0013315579227696217
2024-11-28,1500,1580,1496,1565,25290,0.043333333333333224
2024-11-29,1580,1580,1507,1542,24264,-0.014696485623003186
2024-12-02,1526,1534,1465,1526,15438,-0.01037613488975353
2024-12-03,1515,1515,1471,1485,9783,-0.026867627785059023
2024-12-04,1482,1482,1401,1448,18085,-0.02491582491582489
2024-12-05,1430,1476,1408,1440,18915,-0.0055248618784530246
2024-12-06,1401,1455,1385,1455,26802,0.01041666666666674
2024-12-09,1434,1443,1313,1314,45458,-0.09690721649484535
2024-12-10,1300,1448,1300,1448,18935,0.10197869101978685
2024-12-11,1465,1469,1425,1450,22520,0.0013812154696133394
2024-12-12,1451,1465,1414,1414,14294,-0.024827586206896513
2024-12-13,1400,1482,1400,1482,13715,0.0480905233380482
2024-12-16,1483,1483,1431,1434,20393,-0.03238866396761131
2024-12-17,1434,1465,1398,1422,27187,-0.008368200836820106
2024-12-18,1422,1460,1398,1445,12764,0.016174402250351605
2024-12-19,1445,1490,1427,1450,9524,0.0034602076124568004
2024-12-20,1435,1460,1395,1443,3045,-0.004827586206896606
2024-12-23,1425,1436,1400,1400,12146,-0.02979902979902982
2024-12-24,1400,1400,1363,1376,6613,-0.017142857142857126
2024-12-26,1365,1390,1361,1375,5408,-0.0007267441860464574
2024-12-27,1375,1375,1300,1308,8148,-0.04872727272727273
2024-12-30,1308,1314,1291,1312,15572,0.003058103975535076
2025-01-02,1320,1330,1301,1309,15801,-0.0022865853658536883
2025-01-03,1320,1320,1301,1315,4404,0.004583651642475095
2025-01-06,1315,1326,1301,1326,10556,0.008365019011406849
2025-01-07,1335,1387,1326,1385,6726,0.044494720965309265
2025-01-08,1371,1371,1355,1355,5044,-0.02166064981949456
2025-01-09,1365,1365,1308,1308,15989,-0.03468634686346861
2025-01-10,1308,1350,1308,1347,11419,0.029816513761467878
2025-01-13,1347,1353,1275,1308,12180,-0.028953229398663738
2025-01-14,1312,1312,1299,1299,12268,-0.006880733944954143
2025-01-15,1303,1310,1299,1300,10119,0.0007698229407235857
2025-01-16,1300,1310,1282,1309,5563,0.006923076923077032
2025-01-17,1317,1339,1309,1339,23749,0.02291825821237592
2025-01-20,1340,1430,1340,1430,27057,0.06796116504854366
2025-01-21,1430,1858,1330,1330,996196,-0.0699300699300699
2025-01-22,1350,1485,1330,1400,267405,0.05263157894736836
2025-01-23,1400,1526,1378,1421,112690,0.014999999999999902
2025-01-24,1440,1510,1381,1498,55731,0.054187192118226646
2025-01-31,1499,1801,1499,1616,566300,0.07877169559412556
2025-02-03,2100,2100,2100,2100,197538,0.29950495049504955
2025-02-04,2730,2730,2500,2730,4826726,0.30000000000000004
2025-02-05,2605,3185,2500,3015,6757951,0.10439560439560447
2025-02-06,2980,2980,2640,2790,1446667,-0.07462686567164178
2025-02-07,2695,2700,2310,2510,1042809,-0.10035842293906805
2025-02-10,2490,2735,2410,2690,632383,0.0717131474103585
2025-02-11,2655,2690,2555,2560,151093,-0.048327137546468446
2025-02-12,2555,2675,2375,2575,198133,0.005859375
2025-02-13,2580,2730,2510,2630,183540,0.021359223300970953
2025-02-14,2600,2615,2470,2510,277173,-0.04562737642585546
2025-02-17,2485,2545,2325,2435,175438,-0.029880478087649376
2025-02-18,2435,2515,2420,2445,56666,0.004106776180698102
2025-02-19,2425,2615,2400,2555,201560,0.04498977505112478
2025-02-20,2480,2625,2455,2485,102624,-0.0273972602739726
2025-02-21,2585,2585,2400,2400,116723,-0.03420523138832998
2025-02-24,2450,2450,2265,2300,173879,-0.04166666666666663
2025-02-25,2300,2320,2190,2275,86651,-0.010869565217391353
2025-02-26,2260,2290,2170,2240,154133,-0.01538461538461533
2025-02-27,2240,2460,2220,2340,467043,0.044642857142857206
2025-02-28,2320,2320,2230,2250,110177,-0.038461538461538436
2025-03-04,2185,2285,2140,2155,45212,-0.04222222222222227
2025-03-05,2155,2510,2155,2390,388286,0.10904872389791187
2025-03-06,2400,2515,2395,2485,88604,0.03974895397489542
2025-03-07,2490,2520,2250,2330,177321,-0.06237424547283699
2025-03-10,2445,2450,2185,2210,193617,-0.05150214592274682
2025-03-11,2200,2275,2130,2240,41148,0.013574660633484115
2025-03-12,2235,2350,2185,2285,88726,0.02008928571428581
2025-03-13,2330,2330,2205,2220,45587,-0.02844638949671774
2025-03-14,2215,2595,2215,2360,405069,0.06306306306306309
2025-03-17,2360,2470,2290,2370,92640,0.004237288135593209
2025-03-18,2370,2545,2370,2545,134865,0.07383966244725748
2025-03-19,2530,2620,2435,2595,115519,0.01964636542239684
2025-03-20,2575,2695,2540,2575,108548,-0.0077071290944122905
2025-03-21,2520,2580,2425,2550,62409,-0.009708737864077666
2025-03-24,2550,2605,2260,2305,197613,-0.09607843137254901
2025-03-25,2305,2480,2270,2480,57315,0.07592190889370931
2025-03-26,2480,2505,2415,2445,55622,-0.014112903225806495
2025-03-27,2435,2455,2300,2395,122695,-0.020449897750511203
2025-03-28,2395,2460,2345,2420,20625,0.010438413361169019
2025-03-31,2390,2450,2320,2445,31246,0.010330578512396604
2025-04-01,2425,2560,2375,2495,150323,0.020449897750511203
2025-04-02,2490,2600,2435,2585,144339,0.03607214428857719
2025-04-03,2540,2605,2490,2555,154258,-0.011605415860735047
2025-04-04,2555,2565,2480,2550,71408,-0.00195694716242667
2025-04-07,2590,2610,2480,2565,63130,0.00588235294117645
2025-04-08,2600,2665,2560,2625,95386,0.023391812865497075
2025-04-09,2625,2700,2580,2580,117705,-0.017142857142857126
2025-04-10,2585,2655,2580,2625,33237,0.01744186046511631
2025-04-11,2625,2650,2590,2635,51788,0.003809523809523707
2025-04-14,2640,2640,2575,2625,37761,-0.003795066413662229
2025-04-15,2595,2620,2550,2595,75445,-0.011428571428571455
2025-04-16,2580,2600,2540,2580,49156,-0.005780346820809301
2025-04-17,2535,2545,2410,2490,58636,-0.03488372093023251
2025-04-18,2490,2515,2470,2510,43903,0.008032128514056325
2025-04-21,2535,2535,2300,2300,195179,-0.08366533864541836
2025-04-22,2300,2650,2300,2610,247902,0.13478260869565228
2025-04-23,2570,2720,2570,2670,155718,0.02298850574712641
2025-04-24,2670,2840,2635,2800,210407,0.04868913857677892
2025-04-25,2775,2850,2765,2820,131425,0.0071428571428571175
2025-04-28,2830,3110,2690,2735,367549,-0.03014184397163122
2025-04-29,2735,2950,2640,2925,339742,0.06946983546617913
2025-04-30,2915,2915,2540,2590,287486,-0.11452991452991457
2025-05-02,2590,2685,2435,2510,252712,-0.030888030888030937
2025-05-07,2510,2760,2510,2565,245796,0.021912350597609542
2025-05-08,2565,2615,2550,2575,48614,0.003898635477582957
2025-05-09,2580,2625,2530,2575,88599,0.0
2025-05-12,2575,2620,2445,2480,68152,-0.03689320388349515
2025-05-13,2555,2555,2410,2435,40765,-0.01814516129032262
2025-05-14,2385,2540,2385,2475,79904,0.01642710472279263
2025-05-15,2475,2600,2475,2480,72516,0.002020202020202033
2025-05-16,2480,2480,2360,2415,86553,-0.02620967741935487
2025-05-19,2480,2480,2360,2395,41674,-0.008281573498964856
2025-05-20,2395,2410,2310,2385,79348,-0.0041753653444676075
2025-05-21,2380,2380,2300,2365,47284,-0.008385744234800874
2025-05-22,2365,2420,2320,2345,11790,-0.008456659619450302
2025-05-23,2355,2485,2300,2450,41878,0.04477611940298498
2025-05-26,2450,2460,2355,2405,59921,-0.01836734693877551
2025-05-27,2400,2880,2395,2570,541769,0.06860706860706856
2025-05-28,2575,2795,2535,2680,341910,0.04280155642023353
2025-05-29,2660,2730,2160,2510,822443,-0.06343283582089554
2025-05-30,2470,2550,2400,2520,165183,0.003984063745019917
2025-06-02,2495,2695,2485,2525,193183,0.001984126984126977
2025-06-04,2540,2540,2400,2460,96272,-0.025742574257425765
2025-06-05,2460,2540,2415,2490,84333,0.012195121951219523
2025-06-09,2545,2545,2360,2400,86218,-0.03614457831325302
2025-06-10,2495,2500,2375,2405,47914,0.002083333333333437
2025-06-11,2405,2415,2290,2325,195988,-0.033264033264033266
2025-06-12,2330,2500,2330,2480,108422,0.06666666666666665
2025-06-13,2480,2540,2345,2525,107450,0.01814516129032251
2025-06-16,2525,2575,2410,2450,59702,-0.02970297029702973
2025-06-17,2495,2495,2340,2405,91911,-0.01836734693877551
2025-06-18,2395,2425,2335,2400,43035,-0.0020790020790020236
2025-06-19,2405,2450,2295,2365,110462,-0.014583333333333282
