Date,Open,High,Low,Close,Volume,Change
2022-01-03,34600,34900,34450,34750,5594,0.0014409221902016434
2022-01-04,34550,35100,34300,34950,13063,0.0057553956834532904
2022-01-05,35600,35800,35000,35450,13186,0.014306151645207432
2022-01-06,35450,36500,34800,35600,20993,0.004231311706629048
2022-01-07,35500,37800,35400,37750,35349,0.06039325842696619
2022-01-10,37750,40400,37350,39200,65738,0.038410596026489996
2022-01-11,38250,40400,36700,36700,47075,-0.06377551020408168
2022-01-12,36800,37700,36600,37100,15035,0.01089918256130784
2022-01-13,37100,38000,36650,37550,6954,0.0121293800539084
2022-01-14,37500,37550,35450,35800,24947,-0.046604527296937426
2022-01-17,35650,35850,34500,34700,20516,-0.030726256983240274
2022-01-18,34250,34600,33250,33450,26883,-0.03602305475504319
2022-01-19,32800,33700,32600,33000,9902,-0.013452914798206317
2022-01-20,33100,35800,32750,34900,17492,0.05757575757575761
2022-01-21,34900,35400,33750,33850,7713,-0.03008595988538687
2022-01-24,33100,33850,32700,32950,9128,-0.026587887740029514
2022-01-25,32850,33200,31500,31550,15888,-0.04248861911987856
2022-01-26,31200,32100,31200,31600,11025,0.0015847860538826808
2022-01-27,32500,32500,29900,30000,41823,-0.05063291139240511
2022-01-28,29950,31250,29450,30850,29240,0.02833333333333332
2022-02-03,31450,32100,31100,31700,9751,0.027552674230145957
2022-02-04,31850,32800,31600,32750,8692,0.03312302839116721
2022-02-07,32950,33350,32200,33000,11376,0.007633587786259444
2022-02-08,32550,33450,32200,32850,6331,-0.004545454545454519
2022-02-09,33050,33200,32300,33000,6962,0.004566210045662045
2022-02-10,33000,33400,32400,33000,7604,0.0
2022-02-11,32900,32900,32050,32300,10810,-0.021212121212121238
2022-02-14,32000,32000,30750,31250,20625,-0.03250773993808054
2022-02-15,30900,31450,30200,30700,14441,-0.01759999999999995
2022-02-16,31050,31800,31050,31400,8322,0.0228013029315961
2022-02-17,31900,32400,30750,31450,16508,0.0015923566878981443
2022-02-18,30900,32200,30900,32200,9674,0.0238473767885532
2022-02-21,31850,32450,31550,32350,9740,0.004658385093167627
2022-02-22,32000,32000,31000,31300,15950,-0.03245749613601234
2022-02-23,31350,31700,31000,31350,6859,0.0015974440894568342
2022-02-24,31550,31550,30450,30900,10941,-0.014354066985645897
2022-02-25,31000,31750,31000,31350,9292,0.014563106796116498
2022-02-28,31350,32600,30800,32400,14383,0.03349282296650724
2022-03-02,32400,32750,31950,32500,7109,0.0030864197530864335
2022-03-03,32500,33500,32500,33250,21327,0.023076923076922995
2022-03-04,33300,35200,32650,35100,38851,0.05563909774436082
2022-03-07,34150,35400,34150,34650,14824,-0.012820512820512775
2022-03-08,34400,35100,32800,34950,16783,0.008658008658008587
2022-03-10,36100,36850,35300,36200,28363,0.03576537911301858
2022-03-11,36700,37950,36100,36900,53732,0.01933701657458564
2022-03-14,36950,38350,36200,36600,21046,-0.008130081300813052
2022-03-15,36700,36700,35250,36200,26307,-0.010928961748633892
2022-03-16,36200,40750,35300,38200,154312,0.05524861878453047
2022-03-17,38500,38850,36850,37550,33195,-0.017015706806282727
2022-03-18,37550,37750,36800,37200,14753,-0.009320905459387463
2022-03-21,37200,37550,36500,36700,15843,-0.013440860215053752
2022-03-22,36700,37250,36500,36700,11965,0.0
2022-03-23,37100,37150,36500,36600,16204,-0.0027247956403270157
2022-03-24,36750,37100,35850,36900,18240,0.008196721311475308
2022-03-25,37050,37200,36250,36300,15210,-0.016260162601625994
2022-03-28,36300,37550,36150,36850,19230,0.015151515151515138
2022-03-29,37250,37250,36300,36350,10823,-0.013568521031207648
2022-03-30,36450,36750,36150,36600,11517,0.00687757909215958
2022-03-31,36750,36800,36250,36650,10902,0.001366120218579292
2022-04-01,36650,36850,36000,36050,10524,-0.016371077762619368
2022-04-04,36400,36900,36150,36750,20578,0.01941747572815533
2022-04-05,36900,36950,36200,36600,8072,-0.004081632653061273
2022-04-06,36050,36450,35900,36150,11798,-0.012295081967213073
2022-04-07,35700,35950,34650,35000,18160,-0.0318118948824343
2022-04-08,35000,35350,34500,35100,7757,0.0028571428571428914
2022-04-11,35050,35200,34200,34950,8318,-0.004273504273504258
2022-04-12,34750,35000,34350,34350,5562,-0.01716738197424894
2022-04-13,34350,35250,34350,34850,10746,0.01455604075691408
2022-04-14,35300,35300,34400,34800,7094,-0.0014347202295552641
2022-04-15,34600,35150,34200,35000,10322,0.005747126436781658
2022-04-18,34550,35600,34500,35000,10442,0.0
2022-04-19,34700,35750,34700,35400,5658,0.011428571428571344
2022-04-20,35500,35500,35100,35150,3698,-0.007062146892655385
2022-04-21,35150,35400,34800,35350,5372,0.005689900426742556
2022-04-22,35050,35200,34550,35200,5782,-0.004243281471004279
2022-04-25,34900,34900,34300,34700,5443,-0.014204545454545414
2022-04-26,34700,35000,34300,34450,11685,-0.007204610951008661
2022-04-27,34050,34150,33350,33450,10446,-0.029027576197387495
2022-04-28,33300,34150,33300,34150,7773,0.020926756352765308
2022-04-29,33900,34700,33850,34700,14876,0.016105417276720324
2022-05-02,34700,35950,34700,35400,17404,0.020172910662824117
2022-05-03,35700,35800,35100,35500,8402,0.0028248587570620654
2022-05-04,35650,35750,35050,35300,4432,-0.005633802816901401
2022-05-06,35000,35300,34400,34650,3606,-0.018413597733711096
2022-05-09,34650,34650,33550,33600,6840,-0.030303030303030276
2022-05-10,33200,33950,32300,33500,7122,-0.0029761904761904656
2022-05-11,33500,33800,33100,33300,3056,-0.005970149253731294
2022-05-12,33200,34000,32100,32100,11321,-0.036036036036036
2022-05-13,32050,32650,32000,32500,4707,0.012461059190031154
2022-05-16,32700,32900,32200,32350,1866,-0.004615384615384577
2022-05-17,32150,32500,31700,31850,10963,-0.015455950540958274
2022-05-18,31850,32300,31600,31600,10123,-0.00784929356357933
2022-05-19,31400,31400,30700,30750,9357,-0.026898734177215222
2022-05-20,30750,31100,30750,30750,5634,0.0
2022-05-23,30800,31350,30650,30900,4665,0.004878048780487809
2022-05-24,30600,31150,30500,30700,7923,-0.006472491909385147
2022-05-25,30550,31550,30450,31050,9299,0.01140065146579805
2022-05-26,31100,31550,30850,31100,6093,0.0016103059581320522
2022-05-27,31400,31800,30950,31250,9044,0.004823151125401992
2022-05-30,31300,31500,30950,31100,13052,-0.0048000000000000265
2022-05-31,30950,31250,30800,31200,10075,0.003215434083601254
2022-06-02,31200,31350,30600,30850,7020,-0.011217948717948678
2022-06-03,31000,31100,30650,30850,12733,0.0
2022-06-07,30850,30900,30000,30300,17420,-0.017828200972447306
2022-06-08,30300,30500,29950,29950,11379,-0.011551155115511524
2022-06-09,29750,30000,29200,29950,10329,0.0
2022-06-10,29900,29900,29450,29500,4527,-0.015025041736227096
2022-06-13,29000,29000,27950,28100,18625,-0.0474576271186441
2022-06-14,27500,27800,26900,27300,18764,-0.028469750889679735
2022-06-15,27250,27350,26300,26350,13321,-0.034798534798534786
2022-06-16,26500,27550,26450,26650,12710,0.011385199240986799
2022-06-17,26250,27450,25150,26850,11924,0.007504690431519689
2022-06-20,26850,27700,25000,25100,31593,-0.06517690875232773
2022-06-21,24900,25700,24850,25650,11888,0.021912350597609542
2022-06-22,25950,25950,24250,24400,11699,-0.04873294346978563
2022-06-23,24250,24900,23100,23200,18927,-0.049180327868852514
2022-06-24,23000,24700,22750,24650,8811,0.0625
2022-06-27,24700,25350,24500,24750,8892,0.0040567951318457585
2022-06-28,24950,25500,24750,25300,5971,0.022222222222222143
2022-06-29,24550,26050,24550,25400,3783,0.0039525691699604515
2022-06-30,25400,26550,24900,25150,13298,-0.009842519685039353
2022-07-01,24900,26250,24900,25700,8946,0.021868787276341894
2022-07-04,25750,25950,24100,24600,11863,-0.04280155642023342
2022-07-05,24600,25850,24500,25800,7450,0.04878048780487809
2022-07-06,25850,25950,24900,24900,5263,-0.03488372093023251
2022-07-07,24900,25650,24900,25400,4876,0.02008032128514059
2022-07-08,25550,26150,25300,25400,4186,0.0
2022-07-11,25500,25700,25000,25000,2172,-0.015748031496062964
2022-07-12,24750,24950,24150,24450,4738,-0.02200000000000002
2022-07-13,24200,24650,24100,24600,3079,0.006134969325153339
2022-07-14,24500,25000,24300,25000,2889,0.016260162601626105
2022-07-15,24750,25050,23950,24550,4284,-0.018000000000000016
2022-07-18,24550,25050,24400,25000,8088,0.018329938900203624
2022-07-19,24750,25200,24650,25200,4805,0.008000000000000007
2022-07-20,25500,25650,24900,25100,4232,-0.003968253968253954
2022-07-21,25100,25250,24700,24950,4436,-0.005976095617529875
2022-07-22,25050,25450,24950,25250,9896,0.012024048096192397
2022-07-25,25250,25250,24550,25200,8925,-0.001980198019801982
2022-07-26,25200,25450,25050,25400,3644,0.007936507936507908
2022-07-27,25300,25700,25000,25450,4644,0.0019685039370078705
2022-07-28,25650,26050,25550,26000,8418,0.0216110019646365
2022-07-29,26100,26100,25700,26100,3699,0.0038461538461538325
2022-08-01,26200,26200,25800,26150,4662,0.0019157088122605526
2022-08-02,26050,26050,25300,25600,13283,-0.021032504780114758
2022-08-03,25650,25700,25000,25400,3346,-0.0078125
2022-08-04,25400,25700,25350,25500,5029,0.003937007874015741
2022-08-05,25800,26300,25550,26100,5714,0.0235294117647058
2022-08-08,26100,26400,25700,26100,7351,0.0
2022-08-09,25900,26250,25650,25850,4045,-0.009578544061302652
2022-08-10,25850,26500,25700,26350,12200,0.01934235976789167
2022-08-11,26350,27400,26350,27400,16124,0.03984819734345346
2022-08-12,27400,27800,27100,27500,7388,0.0036496350364962904
2022-08-16,27500,27700,26950,27000,7339,-0.018181818181818188
2022-08-17,27000,27100,26100,26150,10860,-0.031481481481481444
2022-08-18,25900,26350,25850,26150,5175,0.0
2022-08-19,26050,26200,25750,25750,8864,-0.015296367112810683
2022-08-22,25550,25850,24850,24850,9507,-0.03495145631067964
2022-08-23,24500,25200,24400,24500,5126,-0.014084507042253502
2022-08-24,24700,25150,24500,25050,3712,0.022448979591836782
2022-08-25,25400,28400,25250,25900,56568,0.03393213572854292
2022-08-26,26100,26800,26000,26350,9267,0.01737451737451745
2022-08-29,25600,25750,25050,25600,7526,-0.028462998102466774
2022-08-30,25350,25900,25300,25600,4812,0.0
2022-08-31,25600,25700,25200,25600,2215,0.0
2022-09-01,25500,25500,25050,25150,4920,-0.017578125
2022-09-02,25000,25200,24900,25100,2728,-0.001988071570576566
2022-09-05,24500,25050,24500,24900,3065,-0.007968127490039834
2022-09-06,24650,25000,24650,24900,2114,0.0
2022-09-07,24900,24900,24100,24200,4990,-0.028112449799196804
2022-09-08,24200,24400,24050,24250,1477,0.0020661157024792765
2022-09-13,24400,24900,24250,24600,2698,0.014432989690721598
2022-09-14,24000,24350,23700,24300,4947,-0.012195121951219523
2022-09-15,24300,24450,24050,24200,4150,-0.004115226337448541
2022-09-16,24000,24150,23700,23700,3862,-0.02066115702479343
2022-09-19,23850,23850,22950,23200,6107,-0.021097046413502074
2022-09-20,23000,23400,22950,23200,4799,0.0
2022-09-21,23100,23200,22550,22700,6064,-0.02155172413793105
2022-09-22,22550,22850,21500,22150,20075,-0.024229074889867808
2022-09-23,21700,22000,21250,21450,14866,-0.03160270880361171
2022-09-26,21000,21000,19600,19700,18299,-0.0815850815850816
2022-09-27,19750,20200,19200,19700,8271,0.0
2022-09-28,19400,20050,18500,18900,13306,-0.040609137055837574
2022-09-29,19000,19900,18500,18850,8606,-0.002645502645502673
2022-09-30,18200,19150,18200,19100,4598,0.013262599469495928
2022-10-04,19100,19650,19050,19450,9336,0.018324607329842868
2022-10-05,19600,19900,19000,19350,6765,-0.005141388174807249
2022-10-06,19200,19900,19200,19550,3116,0.010335917312661591
2022-10-07,19400,19700,19100,19500,7944,-0.002557544757033292
2022-10-11,18900,19250,18250,18500,10826,-0.05128205128205132
2022-10-12,18450,18850,18350,18850,4151,0.018918918918918948
2022-10-13,18550,18850,17800,17850,17801,-0.053050397877984046
2022-10-14,18400,18500,18050,18350,9175,0.028011204481792618
2022-10-17,18050,18700,18050,18650,3548,0.016348773841961872
2022-10-18,18750,19050,18500,18650,13692,0.0
2022-10-19,18950,19050,18600,18850,6888,0.01072386058981234
2022-10-20,19000,19050,18000,18200,9766,-0.03448275862068961
2022-10-21,18050,18350,16700,16950,47835,-0.06868131868131866
2022-10-24,17200,17700,16950,17050,22090,0.005899705014749346
2022-10-25,17200,17250,16750,16900,10584,-0.008797653958944274
2022-10-26,16800,16900,16150,16300,10979,-0.035502958579881616
2022-10-27,16300,17000,16300,16750,13710,0.027607361963190247
2022-10-28,16750,16800,16000,16350,13490,-0.023880597014925398
2022-10-31,16750,16750,16050,16300,6092,-0.003058103975535187
2022-11-01,16550,16750,16200,16400,36759,0.006134969325153339
2022-11-02,16350,16700,16250,16550,13084,0.009146341463414531
2022-11-03,16300,17100,16150,17000,8429,0.027190332326284095
2022-11-04,16950,17150,16500,16900,10823,-0.00588235294117645
2022-11-07,16800,17100,16700,16900,7138,0.0
2022-11-08,16950,17750,16950,17600,21651,0.041420118343195256
2022-11-09,17600,18050,17500,17700,15104,0.005681818181818121
2022-11-10,17650,17700,17200,17350,18814,-0.019774011299435013
2022-11-11,17750,18750,17600,18150,32142,0.04610951008645525
2022-11-14,18400,18450,17800,18350,15465,0.011019283746556363
2022-11-15,18350,18550,18050,18200,13188,-0.008174386920980936
2022-11-16,18400,18400,17650,18000,11544,-0.01098901098901095
2022-11-17,18000,18000,17300,17450,12671,-0.030555555555555558
2022-11-18,17700,17850,17450,17650,8069,0.011461318051575908
2022-11-21,18100,18250,17450,17550,9771,-0.005665722379603388
2022-11-22,17500,17700,17300,17700,7721,0.008547008547008517
2022-11-23,17550,18200,17550,18050,10088,0.019774011299435124
2022-11-24,18300,18300,17900,18150,9441,0.005540166204986097
2022-11-25,18250,18250,17950,18150,5305,0.0
2022-11-28,18250,18250,17300,17450,10086,-0.038567493112947604
2022-11-29,17200,17900,17200,17900,4463,0.025787965616045794
2022-11-30,17900,18200,17650,18050,7531,0.008379888268156499
2022-12-01,18400,21600,18200,19700,175295,0.09141274238227148
2022-12-02,20000,20000,19000,19050,21813,-0.032994923857868064
2022-12-05,19050,20100,18700,19450,28286,0.0209973753280841
2022-12-06,19250,19700,19050,19600,13580,0.007712082262210762
2022-12-07,19450,19650,18900,19150,15603,-0.022959183673469385
2022-12-08,19000,19000,18300,18550,16832,-0.031331592689295085
2022-12-09,18700,18900,18300,18750,7801,0.010781671159029615
2022-12-12,18750,18750,17900,18000,14968,-0.040000000000000036
2022-12-13,18000,18150,17800,18000,8095,0.0
2022-12-14,18000,18400,18000,18150,5808,0.008333333333333304
2022-12-15,18150,18250,18000,18250,3866,0.005509641873278293
2022-12-16,17750,18050,17750,17950,3470,-0.016438356164383605
2022-12-19,17950,18350,17750,17950,5044,0.0
2022-12-20,17950,18150,17150,17250,18053,-0.03899721448467963
2022-12-21,17450,17700,17250,17600,2459,0.020289855072463725
2022-12-22,17700,17750,17300,17750,4207,0.008522727272727293
2022-12-23,17650,17650,17200,17600,3660,-0.008450704225352101
2022-12-26,17300,17500,17250,17350,3507,-0.014204545454545414
2022-12-27,17100,17700,17100,17400,5747,0.0028818443804035088
2022-12-28,17200,17400,16850,17050,5318,-0.02011494252873558
2022-12-29,17050,17100,16200,16550,9436,-0.029325513196480912
2023-01-02,16550,16850,16350,16550,7513,0.0
2023-01-03,16350,17050,16050,16500,12276,-0.0030211480362537513
2023-01-04,16900,17500,16400,16850,58611,0.021212121212121238
2023-01-05,16900,17700,16800,17500,31122,0.03857566765578646
2023-01-06,17150,18500,17050,18000,34557,0.02857142857142847
2023-01-09,18050,18200,17800,17950,18959,-0.002777777777777768
2023-01-10,18050,18250,17850,18000,13409,0.0027855153203342198
2023-01-11,17950,18250,17900,18100,8683,0.005555555555555536
2023-01-12,18100,18150,17900,17950,4631,-0.008287292817679592
2023-01-13,17950,18150,17950,18100,6167,0.008356545961002881
2023-01-16,18200,18250,18100,18100,5318,0.0
2023-01-17,18000,18150,17750,17800,7430,-0.016574585635359074
2023-01-18,17800,17800,17600,17600,3377,-0.011235955056179803
2023-01-19,17500,17650,17450,17550,2909,-0.0028409090909090606
2023-01-20,17500,17900,17500,17850,4464,0.017094017094017033
2023-01-25,18500,18500,18110,18200,15416,0.019607843137254832
2023-01-26,18320,18320,18080,18100,13257,-0.005494505494505475
2023-01-27,18100,18330,18100,18230,12849,0.007182320441988965
2023-01-30,18230,18520,18230,18450,13066,0.012068019747668579
2023-01-31,18430,23900,18370,22250,591208,0.20596205962059622
2023-02-01,21400,26300,21050,23550,1068209,0.05842696629213484
2023-02-02,23600,26450,23300,24200,480011,0.027600849256900206
2023-02-03,24150,24750,23500,23500,117173,-0.02892561983471076
2023-02-06,23000,25700,23000,23900,309558,0.017021276595744705
2023-02-07,23800,24650,23350,23400,51497,-0.02092050209205021
2023-02-08,23450,23950,22600,23300,56955,-0.004273504273504258
2023-02-09,23200,23900,22900,22950,38863,-0.015021459227467782
2023-02-10,23200,23200,22250,22300,29385,-0.028322440087146017
2023-02-13,22300,22400,21800,22050,19272,-0.011210762331838597
2023-02-14,22100,22200,21100,21500,38620,-0.024943310657596363
2023-02-15,21500,24500,21150,22650,386764,0.05348837209302326
2023-02-16,22850,23450,22500,22500,57878,-0.0066225165562914245
2023-02-17,22350,24300,22350,23800,160688,0.057777777777777706
2023-02-20,23550,24500,23400,23800,57834,0.0
2023-02-21,23850,24200,23400,23600,33361,-0.008403361344537785
2023-02-22,23950,23950,22700,22700,30880,-0.03813559322033899
2023-02-23,23000,23200,22450,22900,17380,0.008810572687224738
2023-02-24,22600,22900,21850,22200,37870,-0.03056768558951961
2023-02-27,22200,22200,20900,21100,51011,-0.0495495495495496
2023-02-28,21400,21800,21250,21250,19825,0.007109004739336511
2023-03-02,21250,22200,21100,21850,26187,0.028235294117647136
2023-03-03,22350,22350,21600,21800,13572,-0.0022883295194507935
2023-03-06,22050,22050,21200,21600,15944,-0.00917431192660545
2023-03-07,21600,21600,20900,21200,13937,-0.01851851851851849
2023-03-08,21200,21450,20400,21250,19035,0.002358490566037652
2023-03-09,20950,22450,20900,21350,42844,0.004705882352941115
2023-03-10,21300,21300,20300,20400,35601,-0.04449648711943799
2023-03-13,20000,22400,19700,21400,86616,0.0490196078431373
2023-03-14,21450,21450,20300,20450,22471,-0.04439252336448596
2023-03-15,21050,21250,20700,20700,16055,0.012224938875305513
2023-03-16,20550,20750,20100,20500,14952,-0.009661835748792313
2023-03-17,21050,21400,20750,21150,18786,0.03170731707317076
2023-03-20,21450,22050,21250,21600,24527,0.02127659574468077
2023-03-21,21600,21750,21050,21100,10495,-0.02314814814814814
2023-03-22,21100,21350,20400,20650,22187,-0.021327014218009532
2023-03-23,20550,20550,19660,19720,37532,-0.0450363196125908
2023-03-24,19500,19770,19120,19470,31751,-0.012677484787018245
2023-03-27,19450,19470,18800,19340,19758,-0.00667693888032872
2023-03-28,19340,19570,19090,19470,15675,0.006721820062047579
2023-03-29,19460,19460,18650,18670,53845,-0.04108885464817669
2023-03-30,18690,18830,18100,18730,42632,0.0032137118371720064
2023-03-31,18600,18910,18570,18640,13840,-0.004805125467164939
2023-04-03,18650,19200,18650,19090,21468,0.024141630901287625
2023-04-04,19100,19500,18920,19130,20114,0.002095337873232017
2023-04-05,19160,19420,19030,19160,15889,0.001568217459487764
2023-04-06,19160,19190,18610,18890,16071,-0.014091858037578286
2023-04-07,18730,19050,18650,18890,8543,0.0
2023-04-10,18890,18890,18250,18250,18408,-0.03388035997882477
2023-04-11,18020,18460,17950,18380,22802,0.007123287671232825
2023-04-12,18380,18810,18380,18660,12144,0.015233949945593128
2023-04-13,18660,19520,18250,19300,45997,0.03429796355841375
2023-04-14,19340,19390,18500,19190,36708,-0.0056994818652850165
2023-04-17,19090,19370,18880,19210,14319,0.0010422094841062712
2023-04-18,19300,19300,18710,18790,18584,-0.021863612701717883
2023-04-19,18700,19200,18700,18930,13920,0.007450771687067537
2023-04-20,18930,19180,18740,18950,19255,0.0010565240359217132
2023-04-21,18660,18860,18420,18570,14849,-0.020052770448548807
2023-04-24,18570,18570,17910,17970,24598,-0.03231017770597733
2023-04-25,17880,18080,17520,17540,15103,-0.023928770172509717
2023-04-26,17370,17900,17310,17770,10267,0.013112884834663552
2023-04-27,18040,18040,17480,17740,10907,-0.0016882386043893804
2023-04-28,17490,17780,17450,17630,11407,-0.006200676437429498
2023-05-02,17750,17980,17630,17820,9417,0.010777084515031232
2023-05-03,17820,18290,17710,18000,11940,0.010101010101010166
2023-05-04,18000,18460,18000,18000,13892,0.0
2023-05-08,17920,18250,17850,18080,6990,0.004444444444444473
2023-05-09,18000,18140,17740,17970,11384,-0.006084070796460228
2023-05-10,17970,18350,17850,17940,13021,-0.0016694490818029983
2023-05-11,18260,18540,18130,18520,11181,0.03232998885172789
2023-05-12,18300,18540,18270,18270,6789,-0.013498920086393085
2023-05-15,18150,18270,17910,17920,9909,-0.019157088122605415
2023-05-16,17830,18160,17830,17860,7172,-0.0033482142857143016
2023-05-17,17650,18010,17620,17990,8499,0.007278835386338223
2023-05-18,18000,18380,18000,18150,6366,0.008893829905503026
2023-05-19,18310,18550,18150,18450,7149,0.016528925619834656
2023-05-22,18450,18770,18350,18580,8967,0.007046070460704712
2023-05-23,18410,18610,18370,18500,20024,-0.0043057050592034685
2023-05-24,18370,19470,18370,19010,30476,0.027567567567567508
2023-05-25,19050,19250,18400,18490,16119,-0.02735402419779065
2023-05-26,18510,18540,18050,18400,13459,-0.004867495943753353
2023-05-30,18220,18330,18010,18100,7360,-0.016304347826086918
2023-05-31,17910,18220,17860,17900,11022,-0.011049723756906049
2023-06-01,18090,18090,17780,17830,6325,-0.003910614525139633
2023-06-02,17830,18100,17780,17880,5387,0.0028042624789679227
2023-06-05,18120,18120,17870,18090,5674,0.011744966442952975
2023-06-07,17920,18160,17920,18150,10254,0.0033167495854062867
2023-06-08,18150,18400,18030,18240,6587,0.0049586776859504855
2023-06-09,18530,18530,18100,18280,9961,0.002192982456140413
2023-06-12,18280,18310,17900,17940,10786,-0.018599562363238564
2023-06-13,17940,18070,17900,17940,12027,0.0
2023-06-14,18040,18070,17600,17810,9221,-0.007246376811594235
2023-06-15,17910,17910,17500,17670,8364,-0.007860752386299796
2023-06-16,17790,17930,17610,17910,5182,0.013582342954159499
2023-06-19,17960,18660,17930,18580,18786,0.03740926856504756
2023-06-20,18580,18640,18320,18390,9603,-0.010226049515608127
2023-06-21,18500,18500,17970,17970,11992,-0.022838499184339334
2023-06-22,18150,18150,17850,17930,7864,-0.0022259321090706274
2023-06-23,17790,17900,17610,17640,9204,-0.01617401003904073
2023-06-26,17530,17800,17380,17740,7316,0.005668934240362855
2023-06-27,17710,17730,17620,17670,2603,-0.003945885005636973
2023-06-28,17710,17950,17570,17680,7594,0.0005659309564232107
2023-06-29,17920,17920,17410,17490,9701,-0.01074660633484159
2023-06-30,17280,17570,17070,17400,13652,-0.005145797598627766
2023-07-03,17400,17680,17290,17320,5675,-0.0045977011494252595
2023-07-04,17230,17550,17040,17200,11327,-0.006928406466512715
2023-07-05,17210,17280,16980,17060,5576,-0.008139534883720878
2023-07-06,17060,17060,15980,16600,25044,-0.026963657678780728
2023-07-07,16400,16540,15960,16200,13084,-0.02409638554216864
2023-07-10,15950,17500,15830,16950,17910,0.04629629629629628
2023-07-11,17350,17350,16460,16630,12214,-0.01887905604719764
2023-07-12,17000,17000,16740,16770,4630,0.008418520745640423
2023-07-13,16770,17000,16640,16790,7613,0.0011926058437685683
2023-07-14,16930,16990,16400,16530,7579,-0.015485407980941002
2023-07-17,16530,16800,16400,16580,7992,0.003024803387779773
2023-07-18,16630,16630,16270,16290,5350,-0.017490952955367955
2023-07-19,16240,16280,15950,15950,21309,-0.020871700429711426
2023-07-20,15910,16170,15800,15900,6106,-0.0031347962382445305
2023-07-21,15860,15920,15620,15840,6839,-0.0037735849056603765
2023-07-24,15780,15830,14970,15300,10128,-0.03409090909090906
2023-07-25,15110,15330,14760,14760,20192,-0.03529411764705881
2023-07-26,14510,14750,13830,13900,34412,-0.0582655826558266
2023-07-27,13980,14460,13980,14380,5923,0.03453237410071952
2023-07-28,14850,14850,14110,14600,8739,0.015299026425591
2023-07-31,14300,14870,14220,14820,7892,0.015068493150685036
2023-08-01,14830,15700,14830,15470,15277,0.04385964912280693
2023-08-02,15310,15630,14850,14870,13867,-0.03878474466709758
2023-08-03,14850,14850,14300,14740,14511,-0.008742434431741719
2023-08-04,14740,15160,14520,14900,18207,0.01085481682496603
2023-08-07,14910,14920,14520,14850,7396,-0.003355704697986628
2023-08-08,15100,15100,14550,14700,11281,-0.010101010101010055
2023-08-09,14700,14800,14580,14750,6459,0.00340136054421758
2023-08-10,14750,14950,14580,14800,11086,0.003389830508474523
2023-08-11,14800,15170,14800,14950,8161,0.010135135135135087
2023-08-14,14950,15080,14800,14880,5142,-0.00468227424749168
2023-08-16,14880,14880,14230,14500,12010,-0.025537634408602128
2023-08-17,14310,14650,13860,14650,11874,0.010344827586206806
2023-08-18,14700,14700,14100,14390,10244,-0.01774744027303754
2023-08-21,14410,14410,14130,14230,7735,-0.011118832522585165
2023-08-22,14270,14270,14020,14180,4520,-0.0035137034434293835
2023-08-23,14000,14240,13970,14050,9505,-0.009167842031029605
2023-08-24,13950,14280,13950,14190,6344,0.009964412811387824
2023-08-25,14280,14800,14100,14500,8309,0.021846370683580085
2023-08-28,14800,14800,14210,14530,11349,0.00206896551724145
2023-08-29,14530,14660,13800,14540,13964,0.0006882312456986117
2023-08-30,14790,14990,14390,14530,11732,-0.0006877579092159358
2023-08-31,14520,17500,14370,14740,145690,0.014452856159669736
2023-09-01,14740,15200,14740,14740,17819,0.0
2023-09-04,14700,15440,14590,15440,20908,0.04748982360922649
2023-09-05,15440,18500,14890,16010,357574,0.036917098445595764
2023-09-06,15810,16390,15800,15820,30127,-0.011867582760774487
2023-09-07,15820,16210,15200,15290,36632,-0.03350189633375478
2023-09-08,15280,17390,15210,15970,122588,0.044473512099411305
2023-09-11,15970,16250,15800,15980,18866,0.0006261740763933155
2023-09-12,15860,17100,15860,16160,36487,0.01126408010012514
2023-09-13,16000,16330,15910,16050,10460,-0.0068069306930692575
2023-09-14,16050,16400,15980,16230,11049,0.01121495327102795
2023-09-15,16300,16300,15940,16000,16769,-0.014171287738755423
2023-09-18,15800,16700,15800,16340,16562,0.02124999999999999
2023-09-19,16280,16500,16000,16250,6654,-0.00550795593635256
2023-09-20,16250,16250,15860,15920,7132,-0.02030769230769236
2023-09-21,15910,15920,15030,15610,10105,-0.019472361809045213
2023-09-22,15150,15610,14950,15560,8340,-0.0032030749519538215
2023-09-25,15560,15670,14940,14940,15179,-0.03984575835475579
2023-09-26,14750,14980,14550,14550,4517,-0.026104417670682722
2023-09-27,14410,15270,14400,15270,5652,0.04948453608247427
2023-10-04,15110,15270,14290,14600,10180,-0.04387688277668633
2023-10-05,14390,14500,14050,14180,7158,-0.02876712328767128
2023-10-06,14180,14280,13950,14100,5110,-0.005641748942172065
2023-10-10,14100,14350,13750,13860,4596,-0.017021276595744705
2023-10-11,13860,14290,13860,14090,6327,0.016594516594516495
2023-10-12,13960,14440,13960,14300,6144,0.014904187366926891
2023-10-13,14400,14400,13930,14250,2688,-0.0034965034965035446
2023-10-16,14250,14250,13590,13920,10074,-0.023157894736842155
2023-10-17,13920,13980,13810,13890,2802,-0.0021551724137931494
2023-10-18,13890,13900,13590,13660,6433,-0.016558675305975545
2023-10-19,13660,13660,12950,12960,12969,-0.051244509516837455
2023-10-20,12900,12950,12390,12800,12826,-0.012345679012345734
2023-10-23,12700,13030,12610,12800,3511,0.0
2023-10-24,12700,13000,12400,12790,4599,-0.0007812499999999556
2023-10-25,12790,13100,12790,13080,2240,0.022673964034401806
2023-10-26,13020,13020,12540,12720,6335,-0.02752293577981646
2023-10-27,12720,12800,12330,12700,3506,-0.0015723270440252124
2023-10-30,12690,13000,12590,12900,2295,0.015748031496062964
2023-10-31,12900,13300,12510,12680,7012,-0.01705426356589146
2023-11-01,12680,12830,12560,12670,2245,-0.0007886435331230235
2023-11-02,12690,12950,12220,12690,6077,0.0015785319652723562
2023-11-03,12720,12910,12560,12900,11871,0.016548463356973908
2023-11-06,13030,13360,12830,13280,14425,0.029457364341085368
2023-11-07,13200,13300,12830,12970,5453,-0.02334337349397586
2023-11-08,12990,13260,12900,12930,2704,-0.0030840400925211675
2023-11-09,12930,13300,12930,13090,2250,0.012374323279195742
2023-11-10,12960,13080,12930,13000,528,-0.006875477463712754
2023-11-13,13000,13100,12810,12840,2888,-0.012307692307692353
2023-11-14,12830,13030,12810,12950,3449,0.008566978193146335
2023-11-15,13320,13500,12950,13480,27176,0.04092664092664089
2023-11-16,13440,13620,13340,13400,3218,-0.005934718100890191
2023-11-17,13400,13500,13200,13200,3034,-0.014925373134328401
2023-11-20,13230,14500,13210,13620,20047,0.031818181818181746
2023-11-21,14000,14000,13650,13890,4124,0.01982378854625555
2023-11-22,13890,14360,13540,14100,4533,0.015118790496760237
2023-11-23,14100,14280,13910,13950,4179,-0.010638297872340385
2023-11-24,13950,14390,13810,13940,2064,-0.0007168458781362519
2023-11-27,13750,13930,13500,13880,9426,-0.004304160688665681
2023-11-28,13740,13940,13740,13880,1020,0.0
2023-11-29,13860,13860,13320,13350,8914,-0.03818443804034577
2023-11-30,13360,13780,13290,13440,3883,0.006741573033707926
2023-12-01,13440,13440,13220,13330,2748,-0.008184523809523836
2023-12-04,13090,13330,12890,13310,6640,-0.0015003750937734317
2023-12-05,13050,13310,12980,13200,5964,-0.008264462809917328
2023-12-06,13170,13300,12910,13300,4263,0.007575757575757569
2023-12-07,13350,13350,13260,13260,3333,-0.003007518796992459
2023-12-08,13260,13420,13220,13300,4179,0.003016591251885359
2023-12-11,13420,13500,13310,13440,3633,0.010526315789473717
2023-12-12,13300,13530,13300,13440,3713,0.0
2023-12-13,13490,13490,13110,13370,5458,-0.00520833333333337
2023-12-14,13370,13370,13030,13090,5560,-0.020942408376963373
2023-12-15,13090,13150,12950,12960,6337,-0.009931245225362817
2023-12-18,12970,12980,12570,12620,19443,-0.026234567901234573
2023-12-19,12580,12700,12390,12400,10516,-0.017432646592709933
2023-12-20,12400,12630,12340,12520,12165,0.00967741935483879
2023-12-21,12520,12520,12350,12430,4492,-0.007188498402555865
2023-12-22,12420,12580,12400,12430,4141,0.0
2023-12-26,12690,12690,12210,12430,9415,0.0
2023-12-27,12430,12430,12220,12330,2523,-0.008045052292839916
2023-12-28,12330,12330,12030,12160,10898,-0.013787510137875048
2024-01-02,12160,12160,11620,11650,41837,-0.04194078947368418
2024-01-03,11600,11780,11600,11620,13822,-0.0025751072961373023
2024-01-04,11510,11700,11030,11100,23978,-0.04475043029259895
2024-01-05,11100,11150,10960,11100,6030,0.0
2024-01-08,11380,11390,11000,11390,13901,0.02612612612612608
2024-01-09,11370,11690,11270,11590,13336,0.017559262510974616
2024-01-10,11410,11860,11410,11670,13976,0.00690250215703192
2024-01-11,11680,11880,11680,11800,14926,0.011139674378748854
2024-01-12,11990,11990,11410,11470,12198,-0.027966101694915202
2024-01-15,11340,11340,10770,11110,8982,-0.03138622493461207
2024-01-16,11060,11380,11060,11190,2312,0.007200720072007227
2024-01-17,10960,11190,10700,10710,12433,-0.04289544235924936
2024-01-18,11190,13920,10730,12600,831111,0.17647058823529416
2024-01-19,12120,12290,11450,11450,178698,-0.09126984126984128
2024-01-22,11450,11550,10700,11430,44717,-0.0017467248908297206
2024-01-23,11430,11510,10570,10660,61686,-0.0673665791776028
2024-01-24,10670,11220,10400,10770,20941,0.010318949343339545
2024-01-25,10770,10770,10200,10420,29280,-0.03249767873723308
2024-01-26,10420,10620,10350,10590,9151,0.016314779270633295
2024-01-29,10240,10870,10100,10680,15579,0.008498583569405138
2024-01-30,10690,10870,10280,10690,5976,0.000936329588014928
2024-01-31,10690,11210,10650,11170,11823,0.04490177736202061
2024-02-01,11150,11210,10890,11130,11467,-0.0035810205908684
2024-02-02,10990,11390,10990,11380,16224,0.022461814914645162
2024-02-05,11380,12100,11270,11880,23954,0.04393673110720564
2024-02-06,11870,11870,11310,11310,15264,-0.04797979797979801
2024-02-07,11310,11550,11200,11460,5307,0.013262599469495928
2024-02-08,11470,11690,11360,11470,9332,0.0008726003490402423
2024-02-13,11500,11900,11490,11500,6996,0.0026155187445509043
2024-02-14,11500,12350,11080,11420,16393,-0.006956521739130417
2024-02-15,12000,12340,11820,12040,31736,0.05429071803852881
2024-02-16,12270,12750,11980,12670,29814,0.05232558139534893
2024-02-19,12740,12780,12200,12290,10270,-0.029992107340173657
2024-02-20,12130,12410,12130,12220,9267,-0.005695687550854367
2024-02-21,12350,12410,12110,12110,9609,-0.009001636661211121
2024-02-22,12050,12160,11740,11850,5486,-0.02146985962014869
2024-02-23,11920,11990,11230,11530,9411,-0.02700421940928266
2024-02-26,11530,11550,11360,11370,5506,-0.013876843018213347
2024-02-27,11370,11510,11040,11260,4170,-0.009674582233949014
2024-02-28,11280,11410,11150,11170,2878,-0.007992895204262829
2024-02-29,11170,11280,11000,11170,7746,0.0
2024-03-04,11150,11300,10800,10820,9942,-0.031333930170098445
2024-03-05,10650,11450,10600,10730,9507,-0.008317929759704246
2024-03-06,10730,11350,10600,10810,8582,0.007455731593662529
2024-03-07,10810,10970,10470,10500,8698,-0.028677150786308947
2024-03-08,10410,11000,10410,10690,6801,0.018095238095238164
2024-03-11,10970,11100,10620,10670,4653,-0.00187090739008422
2024-03-12,10610,10670,10520,10660,5142,-0.0009372071227741197
2024-03-13,10530,10880,10530,10630,5413,-0.0028142589118198558
2024-03-14,10670,11200,10670,10980,8935,0.03292568203198498
2024-03-15,10980,11070,10770,10830,5755,-0.013661202185792365
2024-03-18,10800,10890,10670,10830,4680,0.0
2024-03-19,10830,11260,10700,10800,3492,-0.0027700831024930483
2024-03-20,10800,10960,10710,10920,2492,0.011111111111111072
2024-03-21,10900,11190,10830,10890,2875,-0.0027472527472527375
2024-03-22,10920,11200,10830,10900,4684,0.0009182736455464191
2024-03-25,10900,10900,10410,10570,7537,-0.03027522935779814
2024-03-26,10570,10680,10500,10580,7642,0.0009460737937558861
2024-03-27,10580,11560,10500,10630,13637,0.004725897920604849
2024-03-28,10620,10850,10530,10800,2907,0.015992474129821188
2024-03-29,10800,10880,10680,10770,2712,-0.002777777777777768
2024-04-01,10960,10960,10720,10720,6196,-0.00464252553389044
2024-04-02,10950,10960,10730,10880,10239,0.014925373134328401
2024-04-03,10880,10950,10720,10760,3562,-0.011029411764705843
2024-04-04,10760,10890,10660,10750,4529,-0.0009293680297397522
2024-04-05,10750,10790,10630,10670,2816,-0.007441860465116301
2024-04-08,10700,10700,10480,10500,2185,-0.015932521087160256
